3984
0.048745 -0.006355 0.365696
0.017048 -0.001849 0.228403
-0.028385 0.043724 0.361855
0.045227 -0.001836 0.362575
-0.060436 -0.019186 0.268718
0.016062 0.018037 0.005424
-0.027777 0.032075 0.300823
0.000432 0.063653 0.272719
-0.034363 -0.03544 0.300567
-0.024437 -0.019731 0.177142
0.042161 -0.016718 0.398461
-0.03331 -0.034255 0.395263
0.054566 -0.039446 0.278915
-0.024006 -0.034807 0.187965
-0.046916 0.000353 0.397391
-0.017563 -0.060689 0.002709
-0.039238 0.028581 0.394039
0.006366 0.040913 0.305834
-0.049121 0.015141 0.363644
-0.05652 0.024933 0.274454
0.053305 0.032643 -0.000171
-0.012419 -0.043176 0.364268
-0.062753 0.00915 0.270773
0.048939 6.1e-05 0.394039
-0.024669 0.059084 0.00149
0.036675 -0.025338 0.296115
0.047773 0.038344 -0.000254
-0.06021 -0.019113 0.270773
0.021411 -0.045347 0.36505
-0.005502 0.040913 0.305834
0.026268 -0.032868 0.300823
-0.015163 -0.002388 0.153792
0.047037 -0.041734 0.000438
0.047118 -0.011049 0.305326
0.013271 0.043264 0.296115
0.000432 -0.021863 -0.001566
0.033818 0.051052 -0.000187
-0.05969 0.007207 -0.000187
-0.054936 0.025101 -0.000254
0.02458 0.040148 0.398095
-0.048674 -0.019249 0.29629
0.038463 -0.028845 0.396417
-0.023511 0.063724 -0.00487
-0.007933 -0.068302 -0.002715
0.043677 0.021683 0.305326
0.018351 -0.012941 -0.001566
0.05327 -0.04622 -0.000117
-0.032141 0.033559 0.398095
0.019512 -0.056875 -0.000254
0.013957 0.047173 0.395263
-0.029562 -0.053449 -0.000102
0.051244 0.010696 0.361855
0.041923 -0.046899 0.272719
-0.008759 -0.045603 0.315534
-0.012406 0.043264 0.296115
-0.016561 -0.043839 0.291829
0.041785 0.047269 -0.007195
0.063097 -0.005454 0.000438
0.046562 -0.008587 0.315534
-0.066353 0.009143 0.278915
0.01181 -0.060277 0.274454
-0.025065 0.041395 0.305326
0.004393 -0.061111 -0.000171
0.067217 0.009143 0.278915
0.007011 0.004889 0.006974
-0.039389 -0.009172 0.329858
0.015649 0.004444 0.006372
-0.007679 0.021529 -0.001566
-0.043547 0.021159 0.394039
0.046566 -0.043262 0.00149
-0.023892 -0.029054 0.194205
0.044457 0.010726 0.398461
-0.061732 -0.013598 0.270773
0.071368 -0.002422 0.268718
0.012676 -0.038538 0.329858
0.006898 -0.062998 0.002709
0.028342 -0.017667 0.168957
0.011618 -0.020078 0.005424
-0.021552 0.035002 0.192048
0.013356 0.020125 0.005424
-0.034041 0.030462 0.364268
0.027965 0.026522 0.200072
0.054534 0.027528 -0.000254
0.043958 -0.017436 0.315534
-0.003031 0.049018 0.394039
-0.024477 -0.031668 0.305834
-0.045159 0.043928 0.000493
-0.024551 -0.039765 0.291829
0.033136 0.055328 0.270773
0.004466 -0.062236 0.000438
0.021575 0.044277 0.394039
-0.007707 0.067619 -0.00487
-0.012709 -0.007995 0.006372
0.030719 0.036686 0.310382
0.063617 0.00915 0.270773
-0.015085 -0.024825 0.400387
0.009003 -0.047157 0.394039
-0.046428 -0.004334 0.310382
-0.02445 -0.010366 0.186881
-0.010977 0.000523 -0.00031
-0.067333 0.021343 0.002712
0.005501 0.048415 0.396417
0.031702 0.051091 -0.007175
0.01186 -0.062381 0.268718
-0.018741 0.043654 0.315534
-0.050958 -0.012222 0.29629
-0.009673 -0.050221 0.361855
0.024744 -0.037239 0.362575
0.033504 0.038758 0.36505
-0.033298 -0.051227 -0.000171
0.024805 0.057388 -0.000102
0.042279 0.048886 0.002709
0.041445 0.01802 0.296115
-0.032998 -0.023145 0.329858
-0.047991 0.039207 0.274454
-0.023472 0.022207 0.205223
-0.046173 -0.041734 0.000438
-0.040472 0.019271 0.362575
0.050975 -0.043893 0.278915
-0.024114 -0.022881 0.195
0.017723 -0.015326 0.005424
0.063649 -0.014991 -0.006405
-0.040877 -0.047933 0.001461
-0.067088 0.000591 -0.00487
-0.044342 0.051131 -0.00487
-0.015401 0.017959 0.005355
-0.047906 -0.003943 0.394039
0.000432 -0.05997 -0.000187
0.03805 -0.051186 0.268718
0.005645 -0.044284 0.398461
0.043988 -0.053352 0.275831
0.034725 0.02152 0.316255
-0.006034 0.06418 0.002709
0.040031 0.026549 0.397391
0.040691 -0.046305 -0.000102
0.012666 -0.062229 0.002712
-0.046814 -0.003785 0.291829
-0.006264 0.048238 0.305326
-0.062074 0.033396 -0.000117
0.014867 0.019137 0.005424
0.000432 -0.063171 0.270773
-0.018248 0.041495 0.362575
0.039982 0.028671 0.394039
0.000432 -0.049911 0.36505
0.046566 0.044444 0.00149
0.027935 -0.010743 0.162756
0.025238 0.058395 0.000493
-0.008058 -0.021324 0.005355
0.053062 0.035332 0.272719
0.061975 -0.005346 -0.000171
-0.040068 -0.033388 0.29629
-0.014167 0.051502 0.29629
-0.024375 -0.023751 0.175661
0.025853 -0.038965 0.36541
0.009371 0.046066 0.398095
0.000432 0.071182 -0.000117
0.037599 0.025787 0.362575
-0.010894 -0.011037 0.401422
-0.057219 -0.029667 -0.006405
-0.062966 0.032555 0.135715
0.022005 0.047829 0.361855
-0.049556 -0.006596 0.36505
0.010182 -0.046503 0.396417
0.060891 0.037817 0.268718
-0.039647 -0.046489 -0.000171
-0.052782 0.035717 0.270773
-0.047654 0.00227 0.305326
0.008543 -0.020347 -0.001566
0.005529 -0.014256 0.006372
0.033106 -0.022785 0.316255
-0.021178 0.009776 0.005424
-0.037186 -0.051186 0.268718
0.062827 0.014832 0.268718
0.027586 0.003773 0.222606
0.046555 0.015608 0.395263
-0.065816 -0.011091 0.278915
0.042167 -0.032016 0.29629
0.000432 0.062527 0.274454
-0.024707 -0.006861 0.400718
-0.032242 -0.022785 0.316255
0.060531 0.037595 0.272371
0.056068 -0.020509 -0.007175
-0.040293 -0.044087 -0.000254
-0.046254 -0.011049 0.305326
0.037582 0.029947 0.397391
-0.029016 -0.033394 0.362575
-0.046589 0.000591 0.36541
-0.036258 -0.031137 0.395263
0.069369 0.017582 0.002712
-0.024577 0.010249 0.217333
-0.063503 0.003462 0.268718
-0.042339 0.020124 0.36541
0.025729 0.04203 0.394039
-0.039639 -0.001579 0.316255
0.003926 -0.049376 0.300567
-0.040186 0.006173 0.329858
0.022531 0.033994 0.311021
0.041302 -0.025617 0.394039
-0.015155 -0.04539 0.394039
0.008263 0.00124 0.006974
-0.052255 0.028243 -0.007175
0.04017 0.059382 0.002712
0.034113 0.032426 0.398095
0.004751 0.023693 0.005355
-0.029855 0.036686 0.310382
0.000432 -0.068742 0.275831
0.055964 0.030474 0.272719
0.047816 0.008946 0.305326
-0.038999 0.0109 0.305834
0.046162 0.01548 0.396417
0.000432 -0.064518 -0.006405
0.049736 0.039909 0.272719
0.028139 -0.037545 0.315534
0.069831 0.000591 -0.002715
-0.057526 0.022056 -0.000102
0.058864 -0.039742 0.002712
0.009605 0.046715 0.315534
-0.009982 -0.048404 0.300567
-0.063377 -0.002276 0.002712
0.01236 -0.068971 0.272371
0.037701 0.015443 0.316255
-0.044096 -0.054554 0.002712
-0.040303 0.04527 -0.000254
-0.037186 0.052368 0.268718
-0.065387 0.014776 0.278915
0.038788 -0.054977 -0.00487
-0.014492 0.06114 -0.007195
-0.048696 -0.050668 0.268718
-0.016594 0.062285 0.268718
-0.041676 0.048788 0.135715
-0.048538 0.034393 -0.007175
0.048587 -0.005593 0.394039
-0.007717 0.063794 0.001461
0.043579 -0.012078 0.362575
-0.005932 0.06317 0.000493
-0.022351 -0.005178 0.005424
-0.045827 -0.043637 0.135715
-0.007225 0.04807 0.396417
-0.023999 0.006748 0.163812
0.000432 0.008449 0.006974
-0.007085 -0.061316 -0.007195
-0.047905 0.004635 0.395263
0.018323 0.0693 0.268718
0.021948 0.044064 0.395263
-0.036292 -0.031166 0.394039
0.00485 -0.059746 -0.000187
-0.057136 0.026075 0.000438
0.028183 -0.009279 0.161385
0.04767 0.022164 0.361855
0.011321 0.012452 0.401429
-0.008303 -0.038623 0.316255
-0.037735 0.033663 0.36505
0.043389 0.014577 0.398461
-0.038667 -0.025534 0.315534
-0.012434 -0.062017 0.002709
0.057223 0.021624 -0.000187
0.000432 0.064591 0.002712
-0.043998 -0.007587 0.398461
0.040765 -0.057841 0.002712
0.000432 -0.070409 0.268718
-0.034927 0.030552 0.398095
0.002984 -0.006841 0.006974
-0.067344 -0.014016 0.275831
0.041877 -0.017325 0.398461
-0.059839 -0.005223 -0.000254
0.04254 0.048788 0.135715
-0.024118 -0.022316 0.182734
0.009294 -0.03919 0.305834
-0.027301 -0.060763 0.278915
0.010537 0.051403 0.361855
-0.042053 -0.026713 0.36505
0.060952 0.002532 -0.000254
-0.032715 -0.023123 0.305834
-0.017458 -0.068118 0.268718
0.035438 -0.033007 0.394039
-0.022173 -0.005841 0.005355
0.018045 -0.04336 0.397391
-0.050112 0.039715 0.002709
0.057516 0.04281 0.135715
-0.022029 0.06043 0.002712
-0.057526 -0.020874 -0.000102
-0.041744 -0.013798 0.296115
0.044326 0.042316 -0.000187
-0.039623 -0.04335 -0.007175
0.05327 0.047402 -0.000117
0.060982 -0.014333 -0.007195
-0.058 0.040924 0.002712
0.034619 0.021455 0.311021
0.054202 -0.033965 0.196053
-0.008203 -0.038638 0.316255
0.029302 0.022049 0.399709
-0.044399 0.015157 0.315534
0.036051 -0.017722 0.311021
-0.016699 -0.046477 0.300567
0.029292 0.039633 0.394039
-0.038647 0.02695 0.315534
0.056249 -0.028529 0.000438
0.012121 -0.065704 0.278915
0.016909 0.060295 0.274454
-0.030462 0.055446 0.000438
-0.024522 -0.026122 0.182839
-0.064677 0.000591 -0.006405
0.016554 -0.043704 0.315534
0.063648 0.0236 0.278915
0.027953 0.026771 0.199824
0.035346 -0.053047 0.002712
-0.067052 0.021258 0.272371
0.037418 -0.052993 -0.006405
0.025609 0.066977 0.002712
-0.044235 -0.005876 0.398461
-0.027263 -0.037529 0.310382
0.040253 0.010354 0.329858
-0.011394 -0.019663 0.005355
0.051551 0.007941 0.363644
0.031515 -0.033786 0.398095
0.043988 0.054534 0.275831
-0.023118 -0.012352 0.164152
0.024744 0.03842 0.362575
0.039181 0.010721 0.311021
0.055651 -0.02839 -0.007195
0.036794 0.052833 0.00149
0.000432 0.063493 0.000493
0.000432 0.041347 0.305834
0.061221 0.020339 0.002712
-0.012815 -0.044525 0.36541
0.031563 -0.042257 0.29629
-0.010996 -0.062381 0.268718
0.033212 0.055461 0.002712
-0.035973 -0.049516 0.274454
-0.032862 -0.032707 0.315534
-0.060117 0.015515 -0.007195
-0.021775 0.039932 0.398461
0.029354 -0.027294 0.316255
0.007903 -0.013214 0.006372
0.041493 0.026979 0.365696
0.058528 0.040691 -0.000117
0.011618 0.02126 0.005424
-0.030496 0.037449 0.305326
-0.006007 -0.062733 0.00149
-0.024592 -0.011962 0.190041
-0.069993 -0.008427 0.268718
0.070509 -0.007918 -0.000117
0.022242 -0.03827 0.296115
0.053413 0.04722 0.272371
-0.03084 0.056117 0.001461
0.009564 0.047051 0.397391
-0.045894 0.044627 0.002709
0.05373 -0.046317 0.135715
-0.01515 0.063808 -0.006405
-0.024229 -0.037782 0.364268
-0.023208 0.042472 0.396417
0.047395 -0.00544 0.397391
-0.021053 0.056054 -0.007175
-0.024203 -0.002722 0.154282
0.06599 -0.015568 -0.00487
0.040441 -0.013058 0.300823
0.06832 0.021381 0.268718
-0.04152 -0.047427 0.270773
0.000432 0.064353 0.270773
-0.033755 0.021455 0.311021
0.058704 0.026386 0.001461
-0.052866 -0.046317 0.135715
-0.018211 0.041741 0.398461
-0.002829 -0.002595 0.15409
0.063565 -0.023352 -0.00487
-0.015487 -0.041031 0.296115
0.034948 -0.053115 0.002709
-0.016531 -0.060874 0.270773
-0.028401 -0.027208 0.311021
-0.036359 -0.037507 0.29629
-0.023056 0.0278 0.199519
-0.042366 -0.022333 0.394039
-0.045827 0.044819 0.268718
-0.026004 0.046373 0.29629
-0.044335 0.043393 0.274454
-0.023947 -0.038167 0.190924
-0.035104 -0.030201 0.36541
0.045206 0.051131 -0.00487
0.06746 0.00873 -0.00487
-0.027644 -0.043096 0.361855
0.025533 -0.057902 0.00149
0.017458 0.062285 0.268718
0.000432 0.012516 0.006671
-0.06695 0.017199 -0.002715
-0.024547 0.01377 0.213838
-0.037474 -0.012341 0.311021
-0.039124 -0.02483 0.36541
-0.02612 0.058732 0.196053
0.059501 -0.006581 -0.007175
-0.045711 -0.003737 0.398095
-0.017575 -0.060737 0.196053
0.00805 -0.001338 0.006974
-0.050687 -0.006759 0.363644
-0.068974 0.015549 0.268718
0.062308 -0.01543 0.002709
0.050283 0.040346 0.270773
-0.017047 -0.001526 0.227208
-0.062043 -0.024514 0.278915
0.062339 -0.006926 -0.007195
0.041182 -0.046051 0.274454
-0.037591 -0.012381 0.316255
0.044907 -0.007085 0.398461
-0.011387 -0.060098 -0.000171
0.011491 -0.06035 0.274454
0.051972 0.04384 0.278915
0.017871 0.04541 0.396417
0.058573 -0.025961 0.196053
0.028508 0.044278 0.361855
-0.044063 0.01678 0.397391
-0.05394 0.027262 -0.000187
0.014238 0.04874 0.300567
-0.023887 -0.011275 0.177018
0.053119 0.028243 -0.007175
-0.006486 -0.045235 0.398095
0.022546 0.0589 -0.007195
-0.00512 -0.061096 0.274454
-0.003111 0.039395 0.399335
-0.01923 -0.034444 0.316255
-0.00606 0.045741 0.364268
-0.022056 -0.059328 0.268718
-0.045742 0.009772 0.315534
0.046192 0.015459 0.305326
0.03989 -0.043948 -0.007175
-0.033575 0.039838 0.361855
0.048478 0.007252 0.395263
-0.007474 0.061912 -0.000171
-0.023947 -0.000965 0.228405
-0.018702 0.061576 0.002709
0.047678 -0.003785 0.291829
0.045348 -0.003873 0.398461
-0.049419 0.040346 0.270773
0.000432 -0.063326 0.002709
0.017564 -0.046477 0.300567
-0.023063 -0.009267 0.161401
0.064368 -0.00228 0.268718
0.060408 0.020078 0.272719
-0.033691 0.035128 0.394039
-0.060896 -0.017416 0.196053
-0.056953 0.02874 0.002709
0.048945 -0.001313 0.394039
0.047562 0.012145 0.394039
0.000432 0.053554 0.29629
-0.014785 0.004444 0.006372
-0.068108 0.017485 -0.000117
0.00805 0.00252 0.006974
-0.067456 0.021381 0.135715
-0.044172 0.055831 0.268718
0.028234 -0.016485 0.167784
-0.065861 -0.019711 0.275831
-0.045506 0.02157 0.36505
0.000432 0.064508 0.002709
-0.062807 0.009685 0.002709
-0.029281 0.05335 -0.000254
0.028355 -0.036399 0.398095
0.043877 0.018588 0.315534
-0.062784 0.0236 0.278915
-0.043898 -0.016045 0.397391
0.045455 0.01525 0.397391
-0.049395 -0.01404 0.361855
0.043684 0.052138 0.278915
-0.019668 -0.009418 -0.001566
0.062339 0.008108 -0.007195
-0.032954 0.051052 -0.000187
0.028713 -0.038335 0.305326
0.044168 -0.017551 0.397391
-0.035289 -0.032227 0.394039
-0.066596 -0.007548 -0.00487
-0.017575 0.061919 0.196053
-0.0392 -0.019785 0.296115
-0.037271 0.056375 0.278915
0.049167 -0.042584 -0.006405
-0.053585 -0.033078 0.00149
-0.021141 -0.046647 0.361855
0.050766 -0.03837 0.00149
0.011346 -0.057793 -0.007175
0.046338 0.006956 0.398095
-0.037223 0.051045 0.000438
-0.046545 -0.020863 0.363644
0.050111 0.018669 0.29629
0.035857 0.051914 -0.007195
0.016547 -0.043686 0.310382
0.011841 0.019887 -0.001566
-0.061963 -0.01365 0.135715
-0.045588 0.052537 -0.002715
0.066436 0.025623 -0.000117
-0.061477 -0.030623 0.275831
-0.009176 -0.046952 0.394039
0.030426 0.05463 -0.000102
-0.006539 0.050192 0.300567
0.038711 0.051881 0.002712
0.018443 0.015583 0.005424
0.034245 0.061119 0.275831
0.02259 0.059632 0.272719
0.013679 -0.044525 0.36541
0.064765 -0.02526 0.275831
0.000432 -0.052372 0.29629
0.046072 -0.012397 0.291829
-0.003262 -0.052243 0.29629
0.013245 0.062939 0.00149
0.044667 0.019463 0.396417
0.060915 -0.001621 -0.000187
0.067702 0.000591 0.278915
-0.022157 -0.041892 0.305326
0.064399 0.002642 0.002712
0.032199 0.05376 0.274454
-0.04322 0.012225 0.398461
0.06176 0.018598 0.196053
0.011817 0.063329 0.270773
0.003788 -0.047407 0.305326
-0.044981 -0.016451 0.395263
0.006085 -0.062217 0.272719
0.028166 -0.060763 0.278915
-0.037111 -0.051085 0.002712
-0.061178 0.0063 0.274454
0.028201 -0.057071 0.135715
-0.052712 0.047673 0.002712
-0.041028 0.048887 0.00149
-0.027849 -0.038335 0.305326
-0.044744 0.000364 0.398461
-0.019213 0.034781 0.191608
-0.038141 -0.012568 0.305834
0.000432 0.023045 -0.001566
-0.037472 -0.028028 0.291829
-0.047808 -0.035835 -0.000254
-0.068339 -0.008216 0.275831
-0.02424 -0.02067 0.194524
0.05906 0.015771 -0.000187
0.021886 0.047568 0.363644
0.043565 0.029407 0.361855
-0.029868 0.036701 0.315534
-0.023886 -0.030623 0.196732
-0.038955 -0.027796 0.394039
-0.060896 0.018598 0.196053
-0.012015 0.034824 0.191201
0.016962 0.034283 0.19251
-0.038919 -0.02777 0.395263
-0.003343 -0.001799 0.228569
0.042451 0.005214 0.300823
-0.019844 -0.043808 0.365696
-0.019414 0.044397 0.396417
0.056581 -0.029624 0.270773
0.064241 -0.002276 0.002712
-0.052241 -0.004945 0.29629
0.014672 -0.057183 -0.007175
-0.00674 0.05966 -0.007175
-0.030099 -0.037101 0.395263
0.054202 0.035147 0.196053
-0.017563 0.061871 0.002709
0.030064 -0.05221 -0.000187
0.006158 -0.063068 0.002712
-0.033388 0.039621 0.363644
0.025093 -0.037782 0.364268
0.035058 -0.061393 0.268718
-0.01058 -0.051215 0.29629
-0.018832 0.01195 -0.001566
-0.062785 -0.014991 -0.006405
-0.060027 -0.036635 0.268718
-0.020697 -0.04307 0.394039
-0.010922 -0.046142 0.396417
0.056 -0.037765 -0.00487
0.054675 -0.033219 0.002709
0.061692 0.018577 0.002709
-0.023905 -0.010308 0.178237
0.017484 -0.036695 0.329858
0.000432 -0.04643 0.36541
0.045228 -0.041991 -0.000102
-0.030898 -0.036452 0.394039
-0.018747 -0.010905 -0.001566
-0.020668 -0.055045 -0.007175
0.045574 -0.00118 0.398461
-0.013943 -0.005715 0.006372
-0.046246 -0.040762 -0.007195
0.053813 -0.032682 0.000493
0.06592 -0.025724 0.272371
-0.023947 -0.033025 0.196104
0.049267 -0.050363 0.272371
0.032458 0.035725 0.291829
0.022777 0.034967 0.329858
0.023854 0.002532 0.005424
0.028127 -0.037529 0.310382
0.017602 0.044717 0.397391
-0.039166 0.01122 0.329858
-0.022985 -0.041888 0.395263
-0.045339 -0.040977 -0.000171
-0.045702 -0.043262 0.00149
-0.000839 -0.001811 0.2288
0.013802 -0.043784 0.398095
0.057578 0.028622 0.00149
-0.030149 0.024911 0.399321
-0.061294 -0.002539 -0.000102
0.016888 -0.044622 0.305326
0.070509 0.0091 -0.000117
-0.037163 -0.018738 0.300823
-0.019243 -0.012263 0.005424
-0.057342 0.014831 -0.007175
-0.009572 -0.046473 0.305326
-0.03264 0.038758 0.36505
0.027159 0.03042 0.311021
0.067702 0.003449 0.278915
-0.01194 0.020573 0.005355
-0.024159 -0.009579 0.182545
-0.006939 0.053038 0.29629
-0.010674 0.044381 0.398461
-0.040629 -0.025798 0.365696
0.034777 -0.052172 0.000438
-0.06695 -0.016017 -0.002715
-0.019051 -0.058088 -0.000171
-0.003142 -0.047805 0.394039
-0.045183 0.000591 0.364268
0.000432 -0.05996 -0.000254
-0.061697 -0.01359 0.001461
0.027206 -0.036107 0.189085
-0.033861 0.02152 0.316255
-0.018166 0.034682 0.191411
0.027794 0.057408 0.272719
0.032994 -0.035422 0.394039
0.034988 0.054361 0.196053
0.022195 0.058577 0.274454
0.033177 -0.033317 0.315534
-0.043255 -0.01706 0.310382
-0.055311 -0.040636 0.275831
0.027736 0.043076 0.36505
0.017236 -0.041344 0.398461
-0.006761 0.045191 0.398461
0.047332 0.007094 0.397391
-0.017487 -0.012941 -0.001566
0.006872 0.063915 0.00149
-0.011504 0.047652 0.394039
0.029822 0.053542 -0.000187
-0.050963 0.032626 -0.000187
-0.026765 0.030945 0.305834
0.060782 -0.036569 0.002712
-0.004394 -0.00561 0.006974
-0.021378 -0.03827 0.296115
-0.002856 -0.046432 0.315534
-0.024031 0.002224 0.225273
-0.038255 -0.027087 0.291829
0.068208 0.015198 0.275831
0.05679 0.030919 0.268718
-0.016859 0.016508 0.005424
-0.052019 -0.032102 -0.000102
-0.00843 -0.03919 0.305834
0.013694 0.046842 0.305326
-0.042743 0.049326 -0.006405
-0.052406 -0.04622 -0.000117
0.040999 0.027183 0.395263
0.009609 0.052655 0.29629
0.019187 0.014754 0.005355
0.02027 0.048476 0.361855
0.043546 0.011862 0.296115
0.000432 0.061142 -0.000254
0.064811 0.020307 0.278915
0.037562 -0.028418 0.310382
0.032249 0.051981 -0.000254
-0.041935 0.021255 0.315534
-0.018268 -0.041814 0.398095
0.05042 -0.006596 0.36505
0.049033 -0.011527 0.300567
-0.026871 0.043076 0.36505
0.04319 0.023494 0.395263
-0.049556 0.007778 0.36505
0.02988 -0.033394 0.362575
-0.020606 -0.009885 0.005355
-0.043906 -0.054321 0.272371
-0.023896 -0.031447 0.196298
0.00372 -0.046432 0.315534
0.024928 0.035303 0.191128
-0.035502 -0.051037 0.000493
0.047021 0.049201 0.278915
-0.024569 0.040962 0.291829
-0.011285 0.068926 0.275831
-0.017458 0.0693 0.268718
-0.037924 0.056159 -0.00487
-0.00606 -0.044559 0.364268
-0.034124 0.054361 0.196053
-0.041835 0.024432 0.394039
-0.05652 -0.023751 0.274454
-0.036456 0.032554 0.365696
0.025297 -0.046173 0.29629
-0.063535 0.002642 0.002712
0.039256 -0.056852 0.275831
-0.015802 0.062498 0.002712
-0.03818 -0.010131 0.316255
0.000432 0.049401 0.365696
0.005259 -0.00561 0.006974
0.008797 -0.068302 -0.002715
0.034245 -0.059937 0.275831
0.021968 0.044104 0.394039
0.027039 -0.038832 0.191381
-0.059847 -0.013167 -0.000171
0.030864 -0.02875 0.300823
0.038135 0.056375 0.278915
-0.055057 -0.026628 -0.000102
0.028219 0.02116 0.205429
0.015559 0.017185 -0.001566
-0.030458 -0.055062 0.00149
0.058419 0.025376 0.272719
0.019566 -0.060395 0.002709
-0.02388 -0.037239 0.362575
0.065066 -0.007257 -0.006405
0.041036 0.027208 0.394039
0.025464 0.066595 -0.000117
-0.022665 0.065963 0.275831
0.018562 0.058375 -0.000187
0.037223 -0.037507 0.29629
-0.039143 -0.027509 0.394039
-0.020257 -0.036273 0.300823
0.059471 -0.035761 0.275831
-0.006126 0.047251 0.310382
0.010031 -0.045775 0.397391
-0.027337 -0.057071 0.268718
-0.063272 -0.005555 0.002712
-0.041059 0.048081 0.272719
-0.022292 0.006531 0.005424
-0.023952 -0.026007 0.195298
0.009828 -0.044792 0.398095
-0.059737 0.006166 -0.000254
0.01186 0.063562 0.135715
0.004312 -0.059836 -0.000254
-0.026395 -0.055115 -0.000171
-0.059922 0.018504 0.000438
0.057435 0.042747 0.002712
0.044138 -0.017067 0.315534
0.062051 -0.015363 0.00149
0.047745 0.004978 0.291829
-0.005968 0.045101 0.362575
0.020573 0.012516 0.005355
-0.047822 0.037034 -0.000254
0.060711 -0.013167 -0.000171
0.050259 -0.01404 0.361855
0.063853 0.009182 0.135715
0.004751 -0.022511 0.005355
-0.056953 -0.027558 0.002709
0.007604 -0.058478 -0.007175
0.04229 0.017505 0.398461
-0.045913 0.000358 0.398095
-0.023032 -0.011596 0.163487
0.012007 -0.058843 -0.000254
-0.038256 0.027888 0.397391
-0.062748 0.01027 0.002709
-0.062588 -0.031183 0.272371
-0.048896 0.009289 0.300567
0.04711 -0.040762 -0.007195
0.063671 0.009685 0.002709
-0.003886 0.023693 0.005355
0.052478 0.046397 0.275831
0.03181 -0.059195 -0.00487
-0.021735 -0.006971 0.005424
-0.004678 -0.044252 0.398461
0.032925 0.027632 0.300823
-0.041415 -0.047704 0.002709
0.006148 0.064097 0.270773
0.020573 -0.011334 0.005355
-0.024529 -0.011249 0.18863
0.042066 -0.047906 0.002709
0.013573 -0.007995 0.006372
-0.04923 -0.034051 -0.000254
-0.053151 -0.036395 -0.006405
-0.012369 0.038594 0.316255
-0.036554 0.054175 -0.006405
-0.039016 -0.04536 -0.000187
0.000432 -0.063409 0.002712
0.033579 -0.023123 0.305834
-0.056682 0.040014 -0.002715
0.060786 0.018504 0.000438
0.003016 0.016074 0.006372
-0.019709 -0.011334 0.005355
-0.032348 0.055461 0.002712
-0.029826 0.058242 -0.006405
0.062827 -0.01365 0.135715
0.035029 -0.049115 -0.000187
0.000432 0.042864 0.300823
-0.057342 -0.013649 -0.007175
-0.048169 -0.011527 0.300567
0.044831 0.020867 0.365696
0.01236 0.070153 0.272371
-0.022056 0.06051 0.135715
-0.019941 0.04635 0.300567
0.063342 0.010762 0.001461
0.066312 -0.025882 0.135715
0.017458 -0.061103 0.135715
-0.048696 0.05185 0.268718
0.046124 0.013588 0.291829
-0.009368 -0.045517 0.315534
-0.007707 -0.066437 -0.00487
-0.033368 0.034802 0.396417
0.035227 -0.03544 0.300567
0.062609 -0.008934 0.000493
-0.020606 0.011067 0.005355
0.070438 0.009556 0.272371
0.041242 -0.047347 0.000438
0.009004 -0.003117 0.15484
0.017398 -0.064567 0.278915
0.006312 0.069674 0.275831
-0.045192 0.017191 0.394039
-0.017008 0.058553 -0.000187
0.001738 -0.047484 0.396417
0.059603 -0.004895 -0.007175
0.048518 0.00227 0.305326
-0.046064 0.039284 -0.000187
-0.029838 -0.03678 0.396417
-0.041059 -0.046899 0.272719
-0.048442 0.038423 -0.000102
0.02375 0.003154 0.005424
-0.045894 -0.043446 0.002709
-0.024158 -0.016031 0.176045
0.051244 -0.009514 0.361855
0.021532 -0.055045 -0.007175
-0.024093 0.004561 0.222978
0.059706 0.018183 -0.000171
-0.070504 -0.002422 0.135715
0.044199 0.013442 0.364268
0.006924 0.045741 0.364268
0.04273 0.052976 0.278915
-0.019158 -0.043832 0.394039
0.046746 -0.013975 0.394039
-0.03581 -0.025338 0.296115
-0.064202 0.008439 -0.006405
0.025638 -0.058146 0.002709
0.052699 -0.035868 0.001461
0.003539 -0.037982 0.399369
0.03073 -0.032919 0.398461
-0.015072 -0.045414 0.394039
-0.061444 0.016612 0.002709
-0.035187 -0.017722 0.311021
-0.003447 -0.059836 -0.000254
0.060531 -0.036413 0.272371
-0.008741 0.046715 0.315534
-0.010996 0.063562 0.268718
-0.062989 0.009182 0.135715
-0.042925 -0.020219 0.396417
-0.059081 -0.016343 0.274454
-0.069993 0.009609 0.135715
0.042737 -0.021159 0.291829
0.032683 0.062041 -0.002715
-0.005284 0.064097 0.270773
-0.006918 0.05171 0.363644
-0.070504 0.003604 0.268718
-0.032272 0.055328 0.270773
-0.034149 -0.061318 0.002712
0.048675 -0.041213 0.002709
0.058206 -0.013649 -0.007175
-0.061178 -0.005118 0.274454
-0.061187 -0.015363 0.00149
-0.023941 -0.056206 -0.000102
-0.036791 0.034107 0.300567
-0.07005 0.009149 0.002712
-0.042021 0.016037 0.398461
0.021267 -0.010119 0.005424
-0.02109 -0.00885 0.005424
-0.063503 -0.00228 0.135715
0.050173 -0.037912 0.000493
0.062938 -0.032215 -0.000117
-0.044335 -0.042211 0.274454
-0.023221 -0.066353 0.268718
0.045453 -0.014768 0.291829
0.02902 0.039264 0.396417
-0.010627 0.061532 0.274454
-0.059057 -0.010396 -0.000187
0.053639 0.027088 -0.007175
-0.038598 -0.033229 0.363644
-0.024108 -0.028629 0.189418
0.007782 -0.050528 0.363644
-0.022427 -0.040875 0.397391
-0.060436 0.020368 0.135715
0.0613 -0.019186 0.268718
-0.052198 0.035332 0.272719
0.02622 -0.031283 0.329858
0.047852 -0.009825 0.394039
-0.052406 0.047402 -0.000117
0.040533 0.058687 -0.000117
0.046834 0.008773 0.310382
0.039192 0.025999 0.398095
0.065321 0.0252 -0.002715
0.048523 0.007259 0.394039
0.047453 0.000591 0.36541
-0.011759 -0.05873 -0.000187
0.016401 0.061488 0.000438
-0.062905 0.009174 0.002712
-0.02388 0.03842 0.362575
-0.038409 -0.022481 0.398461
-0.036082 -0.05187 0.002709
-0.010947 -0.065771 0.278915
-0.043297 -0.020398 0.395263
-0.029739 0.037082 0.397391
0.035857 -0.050732 -0.007195
0.044728 0.005465 0.296115
0.068972 0.017485 -0.000117
0.034988 -0.053179 0.196053
0.046023 -0.042746 0.000493
-0.052949 0.033864 0.000493
0.061787 0.018801 0.002712
-0.059071 0.000591 -0.007175
0.00175 -0.047942 0.394039
-0.045655 -0.043473 0.270773
0.041161 -0.000898 0.305834
0.057766 -0.034711 0.278915
-0.052255 -0.027062 -0.007175
-0.065056 -0.025724 0.272371
-0.011493 0.047608 0.395263
-0.04532 0.012784 0.397391
0.046013 0.044171 0.272719
-0.034624 -0.029724 0.398095
-0.035652 0.022613 0.300823
0.056 0.038947 -0.00487
0.049653 0.039843 0.000438
0.024315 0.056244 -0.000187
0.052067 -0.035427 0.000438
0.060207 0.010255 -0.000254
-0.010996 0.063562 0.135715
-0.038927 0.03603 0.29629
0.062923 -0.007874 0.272719
-0.004394 0.006792 0.006974
0.02027 -0.059158 0.000438
-0.056829 -0.018945 -0.000187
-0.068505 0.017582 0.002712
0.006685 -0.060898 -0.000102
0.052883 0.033284 -0.000102
0.011919 -0.019881 0.005424
-0.023501 -0.015735 0.167125
0.03408 0.058872 0.278915
-0.041549 0.020224 0.398095
0.023944 0.067137 0.272371
0.061913 -0.013442 0.272719
-0.034124 -0.053179 0.196053
0.020034 -0.034336 0.311021
0.004533 -0.063278 0.002712
0.049402 0.034393 -0.007175
-0.026095 -0.057498 0.002709
0.018562 -0.057193 -0.000187
0.021886 -0.046387 0.363644
-0.027489 0.044037 0.363644
0.048737 0.042448 0.196053
-0.059431 -0.00858 -0.000187
-0.01345 -0.001716 0.227242
0.018475 -0.044434 0.395263
0.033427 -0.062276 0.002712
0.000432 0.046206 0.364268
-0.036543 0.016304 0.316255
-0.026111 0.043069 0.300567
-0.045698 -0.008587 0.315534
-0.059918 -0.036569 0.002712
0.039903 -0.030247 0.300567
-0.068108 -0.016303 -0.000117
0.034162 -0.051227 -0.000171
0.02491 -0.031109 0.311021
-0.032405 0.059371 0.278915
-0.015601 0.04637 0.395263
0.028752 -0.002039 0.153446
0.007358 0.047652 0.291829
0.070857 0.009609 0.268718
0.05839 -0.020874 -0.000102
0.03988 -0.04536 -0.000187
0.022863 -0.062893 0.278915
-0.053714 -0.026374 -0.000254
-0.056652 -0.041628 0.268718
-0.026002 -0.038692 0.397391
-0.002824 0.035096 0.192001
-0.048952 0.037885 0.274454
0.00578 -0.045445 0.398095
-0.022056 0.034582 0.305834
0.042066 0.049088 0.002709
-0.034566 0.034183 0.394039
0.069702 -0.002352 0.275831
0.012467 -0.061204 0.000438
-0.033817 -0.028503 0.362575
0.022894 0.06043 0.002712
-0.055311 0.041818 0.275831
0.023329 -0.002397 0.153806
-0.0464 -0.01316 0.365696
-0.013808 0.058365 -0.007175
0.039005 -0.012568 0.305834
0.024976 -0.038722 0.398095
-0.015211 0.001887 0.006372
-0.051614 0.046397 0.275831
-0.036534 -0.047282 -0.000187
0.051822 -0.012222 0.29629
-0.006073 -0.020037 0.401083
-0.021165 -0.005554 -0.001566
0.03408 -0.05769 0.278915
-0.040743 0.01912 0.398461
0.054973 0.02994 0.274454
-0.045752 0.004455 0.398095
0.015559 -0.016003 -0.001566
0.029874 -0.039932 0.300567
0.000432 -0.061771 -0.007195
-0.022603 -0.003665 0.005424
0.037398 -0.047282 -0.000187
-0.062588 0.032365 0.272371
-0.042701 -0.028226 0.361855
0.036574 0.01995 0.329858
0.069325 0.008956 -0.002715
0.056906 0.028293 0.000493
-0.032299 -0.033303 0.310382
-0.057649 0.027117 0.002709
-0.014003 -0.017955 0.005424
-0.046681 -0.01096 0.394039
0.057516 -0.041628 0.268718
0.012611 0.041072 0.300823
0.06037 0.02279 0.002709
-0.042458 0.020649 0.397391
0.060121 0.022697 0.00149
0.029624 0.06517 0.002712
0.01704 0.067973 -0.002715
0.007628 -0.002566 0.006974
0.006142 -0.066497 0.278915
0.046758 0.044627 0.002709
-0.051108 -0.042658 0.278915
-0.031912 0.054726 0.272719
-0.011567 -0.069388 0.268718
0.000432 -0.048219 0.365696
0.059935 0.000591 -0.007175
0.029677 0.065288 0.135715
0.03444 -0.038656 0.361855
0.057578 -0.015666 -0.007175
-0.018517 0.042083 0.364268
-0.018398 -0.059426 0.000493
-0.022886 0.003154 0.005424
-0.039668 -0.057505 -0.000117
-0.009257 -0.042906 0.296115
0.053845 0.035848 0.268718
-0.023888 -0.031443 0.197686
-0.059401 0.016083 -0.000102
-0.059257 0.022697 0.00149
0.063356 0.002609 0.000438
-0.029016 0.034576 0.362575
0.038788 0.056159 -0.00487
0.014982 0.050144 0.363644
0.028098 0.058039 0.270773
-0.006709 0.002801 0.401765
-0.015137 -0.001626 0.227226
-0.023197 -0.066277 0.002712
-0.019243 0.013445 0.005424
0.023944 -0.065955 0.272371
0.055161 0.033768 0.002712
0.005288 0.045212 0.362575
0.03732 0.032554 0.365696
-0.061365 0.002573 -0.000171
0.029503 0.064903 0.272371
-0.02416 0.017653 0.209984
-0.050891 0.036016 -0.007195
0.051834 -0.0068 0.361855
0.057546 -0.038832 -0.002715
-0.025356 0.032465 0.329858
0.025779 -0.01454 0.400412
-0.018634 -0.013046 0.005424
-0.019649 -0.059889 0.001461
0.004558 0.022663 -0.001566
0.050976 -0.038533 0.002709
0.006213 0.005913 0.006974
0.032175 0.036019 0.291829
-0.054297 0.033768 0.002712
0.062051 0.016545 0.00149
0.069838 -0.014367 0.135715
0.059063 -0.024469 0.270773
-0.019844 0.04499 0.365696
0.024061 -0.066277 0.002712
-0.068461 0.008956 -0.002715
-0.064457 -0.024018 -0.002715
-0.046438 0.013082 0.395263
-0.040921 -0.046087 -0.007195
-0.0291 0.036309 0.398095
0.040321 0.027496 0.305326
0.041182 0.047233 0.274454
-0.024046 -0.031109 0.311021
0.043878 -0.02733 0.363644
-0.003668 -0.063278 0.002712
-0.055717 0.030806 0.270773
0.014991 -0.037476 0.305834
-0.007752 0.064066 0.002712
-0.025956 0.041652 0.365696
0.048466 0.00296 0.396417
0.023156 0.006531 0.005424
0.025401 0.040549 0.310382
0.061692 -0.017395 0.002709
-0.060357 0.020339 0.002712
0.064267 0.000591 0.002709
0.033258 0.055532 0.135715
-0.005968 -0.043919 0.362575
-0.062485 -0.009048 0.00149
-0.033553 -0.028857 0.362575
0.026574 0.039721 0.315534
-0.02722 -0.052096 -0.007175
-0.002654 -0.041569 0.300823
-0.037941 0.025252 0.364268
0.04434 0.030207 0.29629
-0.066838 0.003449 0.278915
-0.028813 0.065288 0.268718
0.039954 0.059065 0.272371
-0.047205 0.016069 0.300567
0.028581 0.015656 0.210944
0.044942 0.006991 0.362575
0.00692 0.044679 0.296115
-0.032141 -0.022713 0.311021
-0.062701 0.024534 -0.00487
-0.020403 -0.010119 0.005424
-0.019406 -0.047294 0.361855
-0.04665 -0.052553 0.002712
-0.046157 -0.048019 0.278915
-0.005294 -0.063068 0.002712
0.033258 -0.05435 0.268718
-0.056714 -0.027441 0.00149
-0.044547 -0.003628 0.398461
-0.024537 0.040549 0.310382
-0.037683 0.051662 0.001461
0.036837 0.050698 0.274454
-0.020538 0.006968 0.401062
0.04019 -0.058233 0.268718
0.018502 0.050239 0.29629
0.037975 -0.051085 0.002712
-0.02297 -0.001578 0.005355
-0.06021 0.020295 0.270773
-0.030353 0.026211 0.311021
-0.041263 -0.045148 0.274454
-0.037078 0.016531 0.305834
-0.048403 0.051545 0.272371
-0.03661 0.031977 0.394039
0.039679 -0.033417 0.361855
-0.03036 0.036127 0.36541
0.045698 -0.009352 0.398095
0.057693 -0.018945 -0.000187
-0.024093 0.035242 0.192526
-0.013454 -0.037966 0.190774
0.061882 -0.03166 -0.002715
-0.006034 -0.062998 0.002709
-0.040541 -0.047136 0.000493
-0.058601 -0.012883 -0.000254
-0.062566 -0.002238 0.272719
-0.056682 -0.038832 -0.002715
-0.012024 -0.001731 0.227419
-0.017214 -0.001517 0.227207
-0.065448 0.027064 0.268718
-0.030127 -0.037136 0.394039
-0.007973 -0.001763 0.227955
0.000432 0.064242 0.00149
0.029503 -0.063721 0.272371
0.000432 -0.070409 0.002712
0.027377 -0.033312 0.186731
0.039536 -0.01861 0.398701
0.006954 0.034668 0.192924
0.016351 -0.041031 0.296115
-0.050112 -0.038533 0.002709
-0.043365 0.045815 0.000438
-0.040581 0.01802 0.296115
0.038027 -0.018738 0.300823
-0.006312 -0.044079 0.398461
-0.008664 -0.062675 0.196053
0.035899 -0.01821 0.316255
0.041255 -0.022978 0.315534
0.035448 0.032119 0.310382
0.061525 0.00995 -0.000102
-0.015683 -0.043686 0.310382
0.00048 0.011951 -0.000307
-0.058607 0.036942 0.275831
0.018216 -0.067709 0.272371
-0.046952 0.008946 0.305326
-0.054786 0.029572 -0.007195
-0.006146 -0.003707 0.006974
0.062341 0.031805 0.275831
-0.049605 0.040494 0.135715
0.047838 0.036388 -0.007175
0.000432 -0.022911 0.005355
-0.052198 -0.03415 0.272719
0.046203 -0.040977 -0.000171
0.039301 0.010753 0.316255
0.001935 -0.001817 0.228944
-0.016534 -0.064567 0.278915
0.046574 0.011213 0.397391
0.027372 -0.033397 0.186802
-0.010881 0.019934 -0.001566
-0.040172 0.025371 0.291829
-0.070082 0.003586 0.272371
-0.052775 0.027088 -0.007175
-0.0246 0.066595 -0.000117
0.041985 0.018319 0.398461
-0.056902 0.035893 0.278915
-0.010233 -0.043308 0.398461
0.062158 0.003721 -0.000102
0.060295 0.009762 -0.000187
-0.014785 -0.003262 0.006372
-0.018517 -0.040902 0.364268
0.064267 0.003828 0.002709
-0.060462 0.016357 0.000493
-0.026013 -0.040092 0.394039
-0.051514 -0.045429 -0.002715
0.048737 -0.041266 0.196053
0.02292 -0.059328 0.268718
0.047715 0.005794 0.291829
-0.052712 -0.046491 0.002712
0.046452 -0.051355 -0.002715
0.022289 0.057004 -0.000254
-0.027233 0.058039 0.270773
-0.034993 -0.050732 -0.007195
-0.070159 0.000591 -0.000117
0.028578 0.038666 0.397391
0.066725 0.020893 0.275831
0.048035 0.023808 0.29629
-0.002137 0.035117 0.192078
0.063453 0.032365 0.272371
0.044326 -0.041134 -0.000187
-0.048762 -0.034606 -0.000187
0.023037 0.007023 0.005355
-0.002946 0.047819 0.397391
-0.061049 -0.013442 0.272719
0.0326 0.036895 0.395263
-0.021682 -0.057718 -0.007195
0.062923 0.009056 0.272719
-0.028909 -0.027697 0.305834
0.025464 -0.065413 -0.000117
0.026869 0.041263 0.394039
-0.005695 0.060841 -0.000187
0.015063 0.050418 0.361855
-0.003886 -0.022511 0.005355
-0.021698 -0.04103 0.315534
0.053062 -0.03415 0.272719
0.012253 -0.0185 -0.001566
-0.002491 -0.039353 0.311021
-0.015616 0.046413 0.394039
0.017047 -0.038642 0.191268
-0.018733 0.043636 0.310382
0.006213 -0.004731 0.006974
-0.043014 -0.02733 0.363644
-0.013214 0.034797 0.191242
0.054449 0.03426 0.00149
-0.030449 0.02629 0.316255
-0.042581 0.045006 -0.000171
0.019965 0.043362 0.36541
0.018686 0.041867 0.398461
-0.060828 -0.017395 0.002709
0.044942 -0.005809 0.362575
0.023834 0.002759 0.005355
-0.028872 -0.020635 0.399683
0.012149 0.068926 0.275831
0.032777 0.054726 0.272719
-0.041594 0.048691 0.002712
-0.049395 0.015222 0.361855
0.008999 0.03455 0.192964
0.010233 -0.045517 0.315534
0.044971 -0.038867 -0.007175
-0.013808 -0.057183 -0.007175
-0.05007 0.000591 0.36505
0.024347 0.05966 0.001461
0.060553 0.030903 0.278915
0.025103 0.041005 0.397391
-0.034165 0.050297 -0.000187
-0.035324 0.032786 0.305326
0.019566 0.061576 0.002709
-0.005695 -0.059659 -0.000187
-0.022173 0.007023 0.005355
0.041493 -0.025798 0.365696
0.060265 0.016083 -0.000102
0.012258 -0.019663 0.005355
-0.058153 0.015907 -0.000187
-0.047542 0.050646 0.275831
0.022837 0.060287 0.270773
0.062609 0.010116 0.000493
0.002949 -0.047856 0.394039
0.040487 0.044532 -0.007175
0.044965 -0.001037 0.296115
-0.018483 0.04094 0.296115
-0.002821 -0.043853 0.296115
0.008571 -0.066437 -0.00487
-0.037047 -0.050994 0.270773
0.025853 0.040147 0.36541
0.017256 -0.035775 0.316255
0.06383 -0.031374 0.268718
-0.039306 0.059382 0.002712
0.028353 0.044037 0.363644
0.046047 0.000591 0.364268
-0.021158 0.035446 0.329858
0.04381 -0.024454 0.300567
-0.012725 -0.05848 -0.000187
0.040765 0.059023 0.002712
0.046703 -0.013962 0.395263
-0.034876 -0.050137 -0.000102
0.018216 0.068891 0.272371
-0.007416 0.065225 -0.006405
0.042127 0.04633 0.274454
0.00914 -0.038502 0.311021
-0.039901 0.059023 0.002712
-0.034084 0.054297 0.002709
-0.045911 -0.012261 0.396417
0.053105 -0.004945 0.29629
-0.021726 -0.05845 0.272719
-0.013349 -0.001721 0.227243
0.048772 0.039141 -0.000171
0.040064 -0.020419 0.362575
-0.013796 -0.047866 0.36505
0.041286 0.022474 0.398095
-0.058637 0.007763 -0.007175
0.063649 0.016173 -0.006405
0.033163 -0.033303 0.310382
0.033427 0.063458 0.002712
0.004406 -0.002992 0.154663
-0.028958 -0.05236 -0.000187
0.013425 0.045903 0.315534
0.046721 0.002874 0.398095
0.046519 -0.043473 0.270773
-0.052981 -0.034666 0.135715
0.038461 -0.023795 0.398461
-0.002501 -0.039477 0.316255
0.041923 0.048081 0.272719
0.01181 0.061459 0.274454
0.028642 0.032075 0.300823
0.070438 -0.008374 0.272371
0.02352 0.061469 -0.006405
0.0078 0.045122 0.398461
-0.008267 -0.002333 0.153737
0.036648 0.049117 -0.000254
0.0043 -0.02259 0.005424
-0.058841 0.018183 -0.000171
-0.005278 0.067679 0.278915
0.045036 0.055831 0.268718
0.049402 -0.033211 -0.007175
0.020095 -0.034444 0.316255
0.039954 -0.057883 0.272371
-0.040277 -0.02359 0.397391
-0.027051 0.040559 0.395263
-0.046909 0.038344 -0.000254
-0.010452 0.03486 0.191147
-0.01194 -0.019391 0.005355
-0.00626 0.047133 0.36541
-0.006918 -0.050528 0.363644
0.008175 0.060645 -0.000254
0.055964 -0.029292 0.272719
-0.065954 -0.024586 0.002712
0.042279 -0.047704 0.002709
0.050976 0.039715 0.002709
0.040255 0.021922 0.398461
-0.019585 0.044774 0.395263
0.017209 0.06138 0.272719
0.018447 0.044075 0.315534
0.033263 0.031623 0.398461
0.018351 0.014123 -0.001566
-0.048872 0.039909 0.272719
0.013094 0.062205 0.000493
0.023834 -0.001578 0.005355
0.038165 0.030408 0.396417
0.012251 -0.060098 -0.000171
0.023155 0.056717 -0.000254
0.046679 -0.009567 0.397391
0.041167 0.04527 -0.000254
0.048888 0.014819 0.36505
0.028523 -0.021723 0.173277
0.058632 0.017153 -0.000254
-0.021176 -0.055904 -0.000187
-0.034876 0.051319 -0.000102
-0.025351 0.015953 0.400364
0.017423 -0.068346 0.002712
0.066436 -0.024441 -0.000117
0.035382 0.033626 0.396417
0.058556 -0.015945 -0.000254
-0.043462 0.042316 -0.000187
-0.010947 0.066953 0.278915
-0.062435 -0.032404 0.002712
0.019263 0.060608 0.000493
0.066818 -0.024586 0.002712
0.048924 0.002982 0.394039
0.000432 0.051093 0.36505
0.003719 -0.046413 0.310382
-0.030699 -0.042257 0.29629
-0.028639 -0.063721 0.272371
-0.020547 0.046529 0.36505
0.058083 0.030849 -0.006405
-0.034318 0.011082 0.399669
-0.006636 -0.046227 0.397391
0.015031 0.051502 0.29629
-0.015732 0.062233 0.001461
0.042917 -0.026713 0.36505
-0.046135 -0.00798 0.397391
0.03017 0.03378 0.296115
0.060891 -0.036635 0.135715
0.042976 -0.020596 0.291829
-0.023739 0.032935 0.194682
0.030303 0.035064 0.364268
0.004582 -0.039139 0.191619
0.000432 -0.063326 0.196053
-0.032373 -0.061915 -0.000117
-0.008139 0.048348 0.394039
0.058864 0.040924 0.002712
-0.04106 -0.018358 0.364268
0.020708 0.04499 0.365696
0.049816 0.037885 0.274454
0.028752 0.035503 0.191271
0.060815 0.014373 0.274454
0.009787 0.048186 0.395263
0.040511 -0.046489 -0.000171
0.011811 -0.065771 0.278915
0.039256 0.058034 0.275831
0.048856 -0.038025 0.274454
0.060408 -0.018896 0.272719
-0.024229 0.038964 0.364268
-0.039646 -0.006812 0.305834
0.005422 0.047676 0.397391
-0.0239 -0.027679 0.195232
-0.014127 -0.037476 0.305834
0.001254 0.048676 0.396417
-0.048303 -0.042584 -0.006405
0.011981 0.011222 0.006372
-0.010946 -0.060277 0.274454
-0.048088 0.001119 0.394039
0.036837 -0.049516 0.274454
-0.002544 -0.047868 0.394039
0.038338 -0.012341 0.311021
-0.011459 0.012516 0.006218
0.034098 0.013094 0.399716
-0.017352 -0.067709 0.272371
0.007823 0.051993 0.361855
0.022005 -0.046647 0.361855
-0.039326 0.059415 0.135715
-0.062966 0.032555 0.268718
-0.023869 -0.031375 0.316255
0.038262 -0.023721 0.362575
-0.005495 -0.042728 0.398677
0.004006 0.048966 0.394039
0.058 0.026075 0.000438
0.000432 0.052522 0.361855
0.013714 -0.038821 0.191395
0.021586 -0.028362 0.399722
0.044119 0.028667 0.361855
-0.037437 0.027309 0.398095
0.003851 0.02381 0.005424
-0.063947 -0.019125 0.278915
-0.027337 0.058253 0.268718
-0.021331 0.058577 0.274454
-0.025165 0.037816 0.398461
0.060218 0.031969 -0.00487
-0.033216 0.058872 0.278915
-0.059257 -0.021515 0.00149
-0.034333 -0.052818 0.001461
0.008616 0.064066 0.002712
0.028656 0.014502 0.212101
-0.006056 0.044679 0.296115
0.034681 -0.028503 0.362575
0.051755 -0.034834 -0.007195
-0.002087 0.049044 0.394039
0.024375 0.063724 -0.00487
-0.016568 0.036855 0.311021
0.050491 0.002339 0.300567
0.061525 0.018723 0.001461
-0.024118 -0.020079 0.171351
0.042289 -0.047714 0.196053
0.047265 -0.01316 0.365696
0.025041 -0.064298 -0.002715
0.003685 -0.043853 0.296115
0.014982 -0.048962 0.363644
0.032273 -0.050827 -0.000254
0.006992 0.04727 0.315534
-0.041518 0.024942 0.395263
-0.039826 0.047486 -0.000102
-0.039016 0.046542 -0.000187
0.022599 -0.006971 0.005424
0.049306 0.038423 -0.000102
-0.038392 -0.056852 0.275831
0.031326 0.055446 0.000438
-0.033381 -0.059937 0.275831
0.009145 0.044919 0.398461
0.04306 0.018778 0.398095
-0.011208 0.046487 0.397391
0.048317 -0.019247 0.361855
-0.036554 -0.052993 -0.006405
-0.018693 0.042806 0.398095
-0.04611 -0.006101 0.36541
-0.019107 0.04372 0.397391
-0.047621 0.007195 0.394039
-0.047458 -0.036479 -0.000187
-0.053151 0.037577 -0.006405
-0.059343 0.010255 -0.000254
0.01466 -0.047866 0.36505
0.051755 0.036016 -0.007195
0.041785 -0.046087 -0.007195
-0.053585 0.03426 0.00149
0.010711 0.035204 0.399693
-0.019759 0.043662 0.291829
-0.017638 0.050239 0.29629
-0.014118 -0.048962 0.363644
-0.018648 -0.056875 -0.000254
-0.044718 -0.005901 0.364268
-0.026714 -0.035117 0.362575
-0.020601 -0.001239 0.22781
-0.068339 0.009397 0.275831
0.03937 -0.028354 0.394039
-0.055136 0.038947 -0.00487
-0.041028 -0.047705 0.00149
-0.041676 0.048788 0.268718
0.046691 -0.043637 0.135715
-0.057593 -0.020763 -0.000171
0.019611 -0.010905 -0.001566
0.039981 0.007073 0.316255
-0.045827 -0.043637 0.268718
0.006453 0.071335 0.268718
-0.060604 0.010459 -0.000171
-0.021913 -0.033785 0.329858
0.028077 -0.013466 0.165141
-0.033216 -0.05769 0.278915
0.033863 0.024327 0.329858
-0.063262 0.002633 0.001461
0.006312 -0.068492 0.275831
0.040691 0.047486 -0.000102
-0.048403 -0.050363 0.272371
0.004172 0.007502 0.006974
0.067815 0.017199 -0.002715
0.053845 -0.034666 0.135715
0.000432 0.040642 0.311021
-0.041303 -0.032016 0.29629
0.04807 0.016069 0.300567
0.009528 0.063857 0.196053
0.031702 -0.04991 -0.007175
-0.030994 -0.031863 0.398461
-0.011759 0.059912 -0.000187
-0.013272 0.046142 0.291829
0.012253 0.019682 -0.001566
-0.061441 -0.002188 0.274454
0.027305 -0.055211 0.274454
-0.005589 -0.070153 0.268718
0.045199 0.043393 0.274454
0.037407 0.016304 0.316255
0.066251 0.014776 0.278915
0.032395 -0.034469 0.291829
0.04133 0.011283 0.300823
0.051972 -0.042658 0.278915
0.033005 -0.022713 0.311021
0.055801 0.025101 -0.000254
-0.028739 -0.035422 0.398095
-0.042112 -0.020596 0.291829
0.046299 -0.025891 0.29629
-0.035383 -0.03038 0.397391
0.053363 0.002439 0.29629
0.04254 0.048788 0.268718
-0.027077 0.040596 0.394039
0.031313 0.02629 0.316255
0.030579 -0.0235 0.399383
0.029505 -0.037059 0.291829
-0.042813 0.021683 0.305326
0.000432 0.060094 -0.007175
-0.042819 -0.050956 0.278915
0.013355 0.045098 0.398095
0.037293 0.016255 0.311021
0.022404 -0.042704 0.394039
0.036366 0.052219 0.000493
-0.013875 -0.036818 0.311021
-0.045023 -0.016467 0.394039
0.06832 -0.020199 0.268718
-0.02876 0.06517 0.002712
-0.049626 0.002339 0.300567
0.021954 -0.00885 0.005424
-0.04106 0.01954 0.364268
0.028752 -0.005921 0.15824
0.057516 0.04281 0.268718
0.011903 0.011951 -0.000747
-0.045159 -0.042746 0.000493
0.005529 0.015438 0.006372
-0.032061 0.027632 0.300823
0.018292 0.037496 0.329858
0.061326 -0.015176 0.000493
0.007628 0.003747 0.006974
-0.031819 -0.060859 -0.002715
-0.006514 0.048904 0.365696
0.007675 -0.039764 0.329858
0.060703 -0.005223 -0.000254
0.008483 0.06303 0.000438
0.051551 -0.006759 0.363644
0.030958 0.055589 0.000493
-0.05124 0.032127 -0.000187
-0.026295 0.03042 0.311021
-0.063485 0.000591 0.196053
-0.017682 -0.049178 0.29629
0.016076 0.001887 0.006372
0.020623 0.043662 0.291829
-0.038461 -0.002733 0.399326
0.026868 0.046373 0.29629
0.031287 0.033168 0.362575
0.03849 0.030665 0.395263
0.007011 -0.003707 0.006974
-0.048024 -0.013637 0.36505
0.020805 0.04635 0.300567
0.000432 0.05068 0.300567
-0.041557 0.024965 0.394039
-0.044107 -0.038867 -0.007175
0.013298 0.063199 0.002709
-0.008745 0.052655 0.29629
-0.007039 -0.013214 0.006372
0.063453 -0.031183 0.272371
-0.021158 0.029774 0.399669
-0.014054 0.046883 0.394039
-0.016859 -0.015326 0.005424
-0.01821 -0.04054 0.398461
0.023037 -0.005841 0.005355
0.029266 0.039596 0.395263
0.010378 0.021804 0.005424
-0.02864 -0.037059 0.291829
0.027059 -0.001931 0.22821
-0.027337 -0.057071 0.002712
0.054566 0.040628 0.278915
-0.046881 0.004978 0.291829
0.02705 -0.038642 0.191221
0.060494 -0.021512 0.002712
-0.007619 0.06303 0.000438
-0.025998 -0.045194 0.29629
0.04105 -0.004991 0.329858
-0.023887 -0.028895 0.194594
0.037418 0.054175 -0.006405
0.012804 -0.019391 0.005355
-0.024251 0.006087 0.221464
-0.052019 0.033284 -0.000102
0.014091 -0.044745 0.397391
-0.031335 0.05376 0.274454
0.006453 0.071335 0.135715
-0.023892 -0.029062 0.194185
-0.005932 -0.061988 0.000493
-0.041676 -0.047606 0.268718
0.008922 -0.021324 0.005355
-0.010671 0.05999 -0.000254
-0.030838 0.051091 -0.007175
0.032686 -0.035082 0.396417
0.030971 -0.025351 0.316255
-0.065384 -0.025853 0.002712
-0.039117 0.007073 0.316255
-0.01921 -0.002537 0.154011
0.02612 -0.038873 0.191433
-0.011391 0.047207 0.396417
-0.024433 -0.046173 0.29629
0.014792 -0.018005 0.005424
0.05373 -0.046317 0.268718
0.000432 -0.062311 0.000493
-0.036837 0.015443 0.316255
0.063648 -0.022418 0.278915
-0.046481 0.013094 0.394039
-0.053338 -0.033965 0.196053
-0.011747 0.041072 0.300823
0.012007 0.039063 0.316255
-0.019101 -0.042181 0.36541
-0.013374 0.04874 0.300567
-0.031594 0.035725 0.291829
-0.066838 -0.002267 0.278915
-0.007337 0.025636 0.400718
0.038599 -0.032481 0.36505
0.001261 0.04909 0.395263
-0.007186 0.00252 0.006974
-0.043901 0.046369 0.001461
0.032513 -0.030339 0.296115
0.038302 0.029193 0.291829
-0.052866 -0.046317 0.268718
0.002307 0.00763 0.40177
-0.040064 0.034575 0.29629
-0.03036 -0.034945 0.36541
0.000432 -0.05134 0.361855
-0.002519 0.016641 0.401417
-0.065056 0.026906 0.272371
0.048322 -0.036479 -0.000187
-0.023896 -0.020337 0.185268
0.046691 0.044819 0.268718
-0.05963 -0.021512 0.002712
0.002946 -0.015226 0.401433
0.008339 0.061912 -0.000171
-0.035279 0.020733 0.329858
-0.011019 -0.046544 0.395263
0.018492 -0.044476 0.394039
0.026959 -0.057498 0.002709
0.011902 -0.010905 -0.000758
0.010775 -0.045839 0.291829
-0.046974 -0.035207 -0.007175
0.007124 -0.045951 0.36541
-0.005583 0.071227 0.002712
0.052378 0.046611 -0.002715
0.016814 0.042692 0.398461
-0.030946 0.060377 -0.00487
-0.024115 -0.032165 0.185544
-0.048073 0.000347 0.395263
0.060815 -0.013191 0.274454
-0.068974 -0.014367 0.135715
0.022546 -0.057718 -0.007195
0.043677 -0.00479 0.398698
0.009796 0.04823 0.394039
0.042002 -0.007087 0.300823
-0.023997 -0.013781 0.175992
-0.068967 0.000591 -0.002715
0.025706 0.041992 0.395263
-0.044594 -0.016306 0.396417
0.063349 -0.009048 0.00149
0.024508 0.030998 0.399358
0.028302 0.028686 0.197973
0.047405 -0.009726 0.396417
-0.051258 -0.033529 0.274454
0.028013 0.029712 0.316255
-0.023553 0.021677 0.20578
0.032777 -0.053545 0.272719
0.020532 -0.009418 -0.001566
0.031833 0.03603 0.397391
0.024085 -0.066353 0.135715
0.023215 0.00636 0.005424
-0.062834 0.009687 0.196053
-0.034194 -0.061393 0.135715
0.03988 0.046542 -0.000187
0.028498 0.045506 0.29629
0.044754 0.007854 0.362575
0.017395 0.062055 0.270773
-0.049391 0.040324 0.001461
-0.029439 -0.033882 0.364268
-0.029439 0.035064 0.364268
-0.012815 0.045707 0.36541
0.01379 -0.001816 0.228624
0.010436 -0.046473 0.305326
-0.044468 0.018937 0.394039
0.061913 0.014624 0.272719
-0.037397 0.024902 0.362575
0.034905 0.030462 0.364268
0.041405 -0.047136 0.000493
0.011444 -0.051215 0.29629
0.057223 -0.020442 -0.000187
0.05848 0.017819 -0.000254
0.059471 0.036942 0.275831
0.036366 -0.051037 0.000493
0.018934 -0.05838 -0.000102
0.012323 -0.011334 0.006218
0.003518 -0.041569 0.300823
0.037655 0.034107 0.300567
0.018934 0.059562 -0.000102
0.054016 -0.036395 -0.006405
0.018321 -0.04405 0.396417
-0.047811 0.042395 0.002709
-0.050111 -0.043893 0.278915
-0.010627 -0.06035 0.274454
-0.018248 -0.040313 0.362575
0.026984 0.058732 0.196053
-0.024989 -0.038965 0.36541
-0.026884 -0.056131 0.000438
0.059945 -0.016343 0.274454
0.03444 0.039838 0.361855
0.063612 -0.009088 0.002709
0.045452 0.022549 0.300567
-0.036713 -0.02843 0.315534
0.041504 -0.02088 0.398095
0.016265 -0.016777 0.005355
-0.014072 -0.042194 0.398461
0.059418 -0.021255 0.000493
-0.005221 -0.062217 0.272719
-0.023903 -0.029117 0.193695
0.013635 0.046062 0.397391
-0.021667 0.033994 0.311021
0.053646 0.035717 0.270773
-0.04008 0.005049 0.305834
0.022029 0.006736 -0.001566
-0.067456 0.021381 0.268718
-0.030458 0.056244 0.00149
0.000432 -0.022911 0.005424
0.000432 0.000591 0.007124
0.059922 -0.010396 -0.000187
0.045582 -0.005901 0.364268
0.069369 -0.0164 0.002712
-0.034598 0.032132 0.315534
0.063299 0.033586 0.002712
0.04976 0.009289 0.300567
0.018375 0.038867 0.300823
-0.038819 -0.045515 -0.000254
-0.045323 0.027008 0.29629
-0.033988 0.062206 0.272371
0.012409 -0.069265 0.002712
-0.062785 0.016173 -0.006405
-0.024035 0.005802 0.16286
0.000432 -0.045024 0.364268
-0.014492 -0.059959 -0.007195
0.033238 0.063097 -0.000117
-0.040518 0.024362 0.397391
0.063253 0.003777 0.000493
-0.002152 0.016074 0.006372
0.050469 0.040494 0.135715
0.067815 -0.016017 -0.002715
-0.046752 0.004539 0.397391
-0.036218 -0.025823 0.398461
0.059514 -0.021152 0.000438
0.02763 0.030945 0.305834
-0.007416 -0.064043 -0.006405
-0.02155 -0.001162 0.227978
-0.061745 -0.008934 0.000493
-0.034993 0.051914 -0.007195
-0.067344 0.015198 0.275831
-0.061963 -0.01365 0.268718
0.017238 0.043782 0.398095
-0.014927 0.059162 -0.000254
0.011963 -0.010397 0.401438
0.061807 0.008905 0.274454
0.045548 -0.012656 0.36541
0.019487 -0.060141 0.00149
0.014784 -0.036933 0.316255
-0.023128 -0.007058 0.15938
-0.039039 -0.030247 0.300567
0.00048 -0.010905 -0.000317
-0.032393 -0.05435 0.268718
0.004625 -0.001822 0.229084
0.03136 0.037449 0.305326
0.059282 -0.024563 0.135715
0.021406 -0.040737 0.398095
-0.009364 -0.045498 0.310382
0.05425 -0.027077 -0.000187
-0.062753 -0.007968 0.270773
0.042289 0.048896 0.196053
-0.061717 0.010639 0.000438
-0.027634 0.045506 0.29629
-0.002471 -0.046669 0.397391
0.056175 -0.040636 0.275831
0.022863 0.064075 0.278915
0.050803 0.016957 0.29629
-0.011603 -0.061204 0.000438
-0.00188 -0.006215 0.401772
0.012623 -0.05873 -0.000187
-0.005553 -0.069732 0.272371
-0.031335 -0.052578 0.274454
-0.053811 -0.033219 0.002709
0.064001 0.003815 0.00149
-0.019709 0.012516 0.005355
-0.054063 0.033626 0.001461
0.050972 0.045365 -0.00487
0.0126 0.034429 0.192759
-0.052775 -0.025906 -0.007175
0.000432 0.000591 0.007228
-0.041425 -0.047714 0.196053
-0.02308 0.067137 0.272371
-0.050891 -0.034834 -0.007195
0.070914 -0.007967 0.002712
-0.023748 -0.004558 0.15644
0.028201 -0.057071 0.268718
0.030303 -0.033882 0.364268
0.064349 0.000591 0.196053
0.039614 0.026772 0.315534
-0.042701 0.029407 0.361855
0.041036 0.025371 0.291829
0.060218 -0.030787 -0.00487
0.069203 0.009397 0.275831
-0.021926 0.000523 -0.001566
-0.058554 -0.021255 0.000493
-0.006602 -0.002388 0.153792
0.027242 0.030512 0.316255
-0.00626 -0.045951 0.36541
-0.04671 -0.003831 0.397391
0.003407 -0.040057 0.305834
0.025093 0.038964 0.364268
-0.003602 -0.062236 0.000438
0.058695 -0.033048 0.278915
-0.039457 0.027496 0.305326
0.050972 -0.044183 -0.00487
0.027305 0.056393 0.274454
-0.027218 -0.056825 0.001461
0.039855 0.057705 -0.002715
0.064267 -0.002646 0.002709
-0.003308 -0.00632 0.006974
-0.044889 -0.016783 0.394039
0.005544 0.048827 0.395263
-0.032825 0.033845 0.315534
0.018427 0.061871 0.002709
0.048317 0.020429 0.361855
0.0456 -0.013614 0.397391
-0.02452 -0.02151 0.178292
0.012804 0.020573 0.005355
-0.059506 -0.021608 0.002709
-0.019895 -0.015845 0.400725
-0.000861 0.008342 0.006974
-0.055204 0.021691 -0.007175
0.047484 0.000594 0.315534
0.023854 -0.00135 0.005424
-0.023924 0.004935 0.163716
0.069838 0.015549 0.268718
-0.025243 0.055365 -0.000187
0.063617 -0.007968 0.270773
0.070946 0.003586 0.272371
0.025929 0.041395 0.305326
-0.035297 -0.017779 0.316255
0.013679 0.045707 0.36541
-0.00921 -0.043214 0.362575
-0.002409 -0.045667 0.398095
0.045088 0.019643 0.394039
-0.057709 -0.025961 0.196053
-0.036635 0.051609 0.272719
0.02363 -0.002036 0.22819
-0.059689 0.030903 0.278915
-0.058739 0.006076 -0.007175
-0.029517 0.002119 0.400366
0.062341 -0.030623 0.275831
0.000432 0.0657 -0.006405
-0.023954 -0.036076 0.189128
0.025638 0.059328 0.002709
-0.033948 -0.024006 0.300823
0.0464 -0.005312 0.398095
0.006898 0.06418 0.002709
-0.067456 -0.020199 0.268718
0.043445 0.045006 -0.000171
0.000432 0.062953 -0.007195
-0.050963 -0.031444 -0.000187
-0.040541 0.048318 0.000493
0.049242 0.000591 0.365696
0.029265 -0.027208 0.311021
0.063769 0.009174 0.002712
0.021764 0.043693 0.396417
0.020989 0.042128 0.398095
0.049816 -0.036703 0.274454
0.06599 0.01675 -0.00487
-0.025442 -0.03786 0.398095
-0.057768 0.017153 -0.000254
0.039683 -0.045515 -0.000254
0.039511 0.02695 0.315534
-0.053338 0.035147 0.196053
0.051834 0.007981 0.361855
-0.048789 0.039843 0.000438
0.036678 -0.018045 0.305834
-0.007599 -0.043826 0.398461
-0.002987 0.02381 0.005424
0.041158 -0.044087 -0.000254
-0.059431 0.009762 -0.000187
-0.016176 0.067973 -0.002715
-0.017579 0.015583 0.005424
0.00699 0.047251 0.310382
0.010537 -0.050221 0.361855
0.071023 0.000591 -0.000117
-0.009209 0.012978 0.006372
-0.04662 0.000594 0.315534
-0.045208 -0.012397 0.291829
-0.050111 0.045074 0.278915
0.000432 0.071168 0.272371
-0.062834 -0.008505 0.196053
0.02988 0.034576 0.362575
-0.031408 -0.050827 -0.000254
-0.062478 0.010762 0.001461
0.022796 0.058321 0.274454
-0.067052 -0.020076 0.272371
0.002001 -0.038978 0.191507
0.022196 -0.042295 0.396417
-0.021998 0.064075 0.278915
-0.030094 -0.054407 0.000493
-0.012709 0.009176 0.006372
0.006796 0.06317 0.000493
-0.008711 -0.038313 0.191031
-0.024221 -0.030964 0.184133
-0.006958 -0.050811 0.361855
0.029656 -0.038123 0.395263
0.03263 0.036929 0.394039
0.038805 0.025252 0.364268
-0.006494 0.047652 0.291829
0.036946 0.053051 0.002709
0.056068 0.021691 -0.007175
-0.036082 0.053051 0.002709
-0.02571 0.039721 0.315534
-0.06291 0.032531 0.002712
0.013029 0.043975 0.398461
0.059063 0.025651 0.270773
-0.033821 0.029097 0.296115
0.00828 0.065225 -0.006405
-0.045287 -0.010808 0.310382
0.021411 0.046529 0.36505
0.016591 -0.064967 -0.00487
0.046974 -0.006101 0.36541
-0.055926 0.030919 0.135715
-0.051213 0.000591 0.363644
0.060982 0.015515 -0.007195
-0.047908 0.039141 -0.000171
0.022041 -0.055904 -0.000187
0.001658 -0.044569 0.398461
0.003356 -0.039353 0.311021
-0.007679 -0.020347 -0.001566
-0.045435 -0.025891 0.29629
0.047209 -0.008049 0.291829
-0.033813 -0.032425 0.291829
-0.006947 0.046345 0.398095
-0.039946 0.045658 -0.000187
-0.038953 -0.006684 0.311021
0.039338 0.017124 0.300823
0.06413 0.003452 0.270773
0.009623 -0.045603 0.315534
-0.011285 -0.067744 0.275831
-0.016462 -0.067949 -0.000117
0.019696 0.01195 -0.001566
0.033608 0.023082 0.316255
0.03989 0.04513 -0.007175
0.027736 -0.041894 0.36505
-0.023007 -0.041927 0.394039
0.038456 -0.012381 0.316255
0.032396 0.037479 0.365696
0.052122 0.034711 0.274454
0.024826 -0.03882 0.191395
0.041958 0.0286 0.300567
0.04637 -0.020388 0.36505
0.039791 0.03603 0.29629
-0.021932 -0.057139 0.274454
0.022562 -0.04103 0.315534
-0.045328 0.015459 0.305326
0.031838 0.056355 0.002712
0.011936 0.000523 -0.000318
0.005924 0.044142 0.398652
-0.044137 0.007863 0.398461
-0.02849 -0.027294 0.316255
-0.031531 0.037479 0.365696
-0.006755 0.050579 0.36505
-0.024559 -0.02715 0.179651
-0.024122 -0.031208 0.316255
0.041741 -0.047933 0.001461
0.034234 -0.048379 -0.007175
0.037577 -0.02843 0.315534
-0.060051 -0.001621 -0.000187
-0.008652 -0.062597 0.002709
0.01186 0.063562 0.268718
0.016781 -0.019392 0.400753
-0.07005 -0.007967 0.002712
-0.057664 0.040691 -0.000117
0.009159 -0.046077 0.291829
-0.015401 -0.016777 0.005355
-0.029306 0.03378 0.296115
0.040366 0.004985 0.316255
-0.010944 0.011951 -0.00074
-0.040921 0.047269 -0.007195
-0.037924 -0.054977 -0.00487
-0.022351 0.00636 0.005424
0.022029 -0.005554 -0.001566
0.062158 -0.002539 -0.000102
0.004621 -0.039138 0.191619
0.063853 0.009182 0.268718
0.014758 0.043119 0.362575
-0.039577 -0.013058 0.300823
0.00959 -0.043647 0.398461
0.042917 0.027894 0.36505
-0.039901 -0.057841 0.002712
-0.021331 -0.057396 0.274454
-0.031311 0.036019 0.291829
0.028959 -0.037199 0.397391
0.057817 0.02874 0.002709
0.000432 0.045154 0.296115
-0.006514 -0.047722 0.365696
0.029822 -0.05236 -0.000187
0.021101 0.034938 0.316255
0.024315 -0.055062 -0.000187
0.055651 0.029572 -0.007195
0.048133 -0.005535 0.396417
-0.006247 0.045251 0.398461
-0.011812 0.03972 0.329858
-0.022349 0.040951 0.398095
0.06181 -0.013418 0.000438
0.06383 0.032555 0.135715
-0.002999 0.048561 0.396417
0.042682 -0.023239 0.394039
-0.032563 0.063458 0.002712
0.038892 0.004145 0.399379
-0.053811 0.034401 0.002709
0.035968 -0.030201 0.36541
0.022766 -0.001978 0.228102
-0.022587 -0.062657 0.278915
0.007604 0.05966 -0.007175
-0.042959 -0.015692 0.398095
-0.04116 0.024735 0.396417
0.016076 -0.000705 0.006372
-0.052499 0.002439 0.29629
0.000432 0.067921 0.278915
-0.013796 0.049047 0.36505
-0.060446 0.023679 -0.006405
0.023429 -0.002388 0.153792
-0.023886 -0.011037 0.177239
0.031168 0.035279 0.398095
0.054804 -0.02608 -0.000187
0.057384 -0.023751 0.274454
0.006814 -0.044095 0.398461
-0.032506 -0.033424 0.397391
-0.058418 -0.024563 0.135715
-0.045306 -0.010813 0.315534
0.0065 0.021452 0.401076
-0.039502 0.004985 0.316255
-0.016392 -0.035775 0.316255
-0.02976 -0.027148 0.329858
0.062827 -0.01365 0.268718
-0.038598 0.034411 0.363644
0.047541 0.002236 0.315534
-0.016045 -0.059113 0.274454
0.007803 0.053038 0.29629
-0.017511 0.038867 0.300823
-0.065126 -0.015568 -0.00487
0.030732 0.036701 0.315534
0.047514 -0.052553 0.002712
0.057384 0.024933 0.274454
-0.045588 -0.051355 -0.002715
-0.022056 0.06051 0.268718
0.054973 -0.028759 0.274454
0.028563 -0.020079 0.171351
-0.023903 -0.027586 0.195236
0.017458 -0.061103 0.268718
0.066312 -0.025882 0.268718
-0.035973 0.050698 0.274454
-0.026441 -0.055211 0.274454
-0.039026 -0.043948 -0.007175
0.025609 -0.065795 0.002712
-0.046951 0.00882 0.396417
0.045047 0.019625 0.395263
-0.007291 0.048478 0.395263
-0.03626 0.031681 0.396417
-0.022849 -0.040891 0.291829
-0.020595 -0.038051 0.190838
0.011971 0.038944 0.311021
0.043719 -0.01143 0.362575
0.058513 0.027117 0.002709
0.024057 0.058946 0.000438
0.056969 0.025618 -0.000171
0.018427 -0.060689 0.002709
-0.007311 0.060645 -0.000254
-0.030838 -0.04991 -0.007175
-0.024745 0.066977 0.002712
-0.01223 0.062205 0.000493
0.044501 0.014939 0.398095
-0.010962 0.045514 0.398095
0.028085 0.053278 -0.007175
-0.02693 0.057408 0.272719
0.008263 -5.8e-05 0.006974
0.061074 0.020295 0.270773
0.04711 0.041944 -0.007195
-0.070504 -0.002422 0.268718
0.020054 -0.038623 0.191255
-0.022843 0.041824 0.397391
-0.033388 -0.038439 0.363644
0.03069 -0.05706 -0.006405
-0.022656 0.061469 -0.006405
-0.04389 0.007854 0.362575
-0.057649 -0.025935 0.002709
0.035167 -0.031586 0.397391
0.046597 0.015622 0.394039
-0.041425 0.048896 0.196053
-0.019668 0.0106 -0.001566
-0.005349 0.005913 0.006974
0.014807 -0.005715 0.006372
-0.021165 0.006736 -0.001566
-0.008374 0.060431 -0.000187
-0.045195 -0.012062 0.397391
-0.024114 -0.009625 0.181846
0.048627 0.006147 0.394039
0.000432 0.047729 0.315534
-0.024168 -0.009571 0.182672
0.005984 -0.061096 0.274454
0.042109 0.017199 0.362575
-0.062989 0.009182 0.268718
0.000432 0.06999 -0.002715
0.020604 -0.043519 0.394039
-0.055136 -0.037765 -0.00487
-0.018623 0.061323 0.00149
0.000432 0.016288 0.006372
-0.003906 0.040449 0.316255
0.069745 -0.01435 0.002712
-0.044362 -0.001836 0.362575
-0.047991 -0.038025 0.274454
-0.048378 0.000591 0.365696
-0.012009 -0.059949 -0.000102
0.000432 -0.051054 0.363644
-0.069993 0.009609 0.268718
0.000432 0.064318 0.001461
-0.018973 -0.043413 0.396417
0.066818 0.025768 0.002712
-0.010482 0.058974 -0.007175
-0.044587 0.004357 0.398461
-0.019756 0.044737 0.394039
-0.023941 0.057388 -0.000102
-0.011802 -0.062229 0.002712
-0.062485 0.010229 0.00149
0.04273 -0.051795 0.278915
0.028166 0.061944 0.278915
-0.066353 -0.007961 0.278915
0.011817 -0.062147 0.270773
-0.024388 -0.023926 0.175867
-0.063503 -0.00228 0.268718
0.000432 0.047709 0.310382
0.026108 0.055365 -0.000187
0.030773 0.054464 -0.000171
0.040243 0.004971 0.311021
-0.03875 0.026772 0.315534
0.000432 -0.06306 0.00149
0.04524 -0.005163 0.398461
0.049167 0.043766 -0.006405
-0.000619 -0.038823 0.191395
-0.060436 0.020368 0.268718
-0.042339 -0.018942 0.36541
-0.019735 -0.060149 0.002712
-0.059354 0.031969 -0.00487
-0.022587 0.063839 0.278915
-0.017698 -0.057193 -0.000187
-0.010881 -0.018752 -0.001566
-0.055234 0.024246 -0.000187
0.000432 -0.062471 0.272719
-0.023947 -0.030006 0.199146
-0.018442 -0.040208 0.362575
0.024449 0.059914 0.002712
-0.0246 -0.0232 0.179385
-0.063 -0.005528 0.001461
0.046188 0.027008 0.29629
0.041919 -0.048142 0.002712
0.049985 -0.013959 0.363644
0.04477 -0.054321 0.272371
0.04477 0.055503 0.272371
0.034252 0.039621 0.363644
-0.060943 -0.007723 0.274454
-0.01914 -0.043791 0.395263
0.046452 0.052537 -0.002715
-0.024484 -0.028006 0.180657
0.034234 0.049561 -0.007175
-0.016706 0.044829 0.291829
-0.021689 -0.041012 0.310382
0.055823 0.028173 0.274454
0.028752 -0.004524 0.156482
0.043204 0.020124 0.36541
-0.070568 0.000591 0.002712
-0.024168 -0.028458 0.188263
0.06131 0.023679 -0.006405
0.047808 -0.009815 0.395263
0.028085 -0.052096 -0.007175
-0.040378 -0.047347 0.000438
-0.005305 -0.063151 0.135715
0.028508 -0.043096 0.361855
-0.006816 -0.047416 0.394039
0.044854 -0.017836 0.396417
0.02279 0.000523 -0.001566
0.006832 -0.043919 0.362575
0.008797 0.069484 -0.002715
-0.038474 0.017124 0.300823
0.042127 -0.045148 0.274454
0.012258 0.020845 0.005355
0.008063 0.022819 0.005424
-0.011257 0.066886 0.278915
-0.032744 0.023082 0.316255
0.048856 0.039207 0.274454
-0.011117 0.011222 0.006372
0.044199 -0.01226 0.364268
0.057578 -0.027441 0.00149
-0.038991 0.057705 -0.002715
-0.017567 -0.042869 0.315534
-0.032272 -0.054146 0.270773
-0.02299 0.002532 0.005424
-0.038392 0.058034 0.275831
0.020107 -0.012263 0.005424
-0.01807 0.059562 -0.000102
0.023579 0.039056 0.362575
-0.016867 0.037494 0.305834
-0.026417 -0.039309 0.396417
-0.003436 -0.02259 0.005424
0.047021 -0.048019 0.278915
-0.024138 -0.020362 0.171683
0.027237 -0.035597 0.188656
0.058457 -0.020763 -0.000171
0.012623 0.059912 -0.000187
0.033504 -0.037576 0.36505
-0.041245 0.017199 0.362575
0.000432 0.064591 0.135715
-0.039826 -0.046305 -0.000102
-0.026045 -0.030713 0.329858
-0.062966 -0.031374 0.268718
0.000432 -0.046547 0.315534
0.036795 0.029325 0.398095
0.052363 0.000591 0.361855
-0.014695 0.017185 -0.001566
-0.051258 0.034711 0.274454
-0.04204 0.021738 0.291829
0.017902 0.067686 0.275831
0.009619 -0.039033 0.191546
-0.015727 0.066149 -0.00487
-0.044078 0.008321 0.398461
0.030958 -0.054407 0.000493
-0.011493 0.000591 0.006671
-0.05784 0.026386 0.001461
-0.043506 0.02114 0.395263
-0.01704 -0.037929 0.190747
0.023834 0.000591 0.005355
-0.040466 0.011283 0.300823
0.050109 -0.017494 0.29629
0.035058 0.062575 0.268718
0.049479 0.05177 0.002712
0.006559 0.060841 -0.000187
0.006264 0.040215 0.311021
-0.005349 -0.004731 0.006974
-0.069574 -0.008374 0.272371
-0.033381 0.061119 0.275831
0.036946 -0.05187 0.002709
-0.064457 0.0252 -0.002715
-0.010509 -0.044444 0.398095
-0.025404 -0.032868 0.300823
-0.006007 0.063915 0.00149
-0.057692 -0.015945 -0.000254
-0.031384 0.051981 -0.000254
-0.01131 0.039619 0.305834
0.003365 -0.039477 0.316255
0.000432 -0.044377 0.362575
-0.042743 -0.048144 -0.006405
0.001262 0.049135 0.394039
0.050934 0.000591 0.36505
0.07125 -0.002415 0.002712
-0.056652 0.04281 0.268718
0.060601 0.006166 -0.000254
-0.002791 0.045652 0.398461
-0.056714 0.028622 0.00149
-0.046946 -0.042436 0.002712
0.056098 0.024246 -0.000187
0.023021 -0.041892 0.305326
-0.058196 0.015771 -0.000187
-0.000861 -0.00716 0.006974
0.039495 0.026939 0.310382
0.032683 -0.060859 -0.002715
0.039044 -0.010131 0.316255
0.052212 0.03198 -0.000254
-0.04795 0.004639 0.394039
-0.008276 -0.038502 0.311021
-0.033988 -0.061024 0.272371
-0.044392 -0.040117 -0.000254
0.025415 -0.039765 0.291829
-0.039202 0.028555 0.395263
-0.053386 -0.027077 -0.000187
-0.047317 -0.008197 0.394039
0.060237 -0.021418 0.001461
0.029677 0.065288 0.268718
-0.036131 0.031019 0.291829
-0.029909 0.054464 -0.000171
0.063299 -0.032404 0.002712
0.028473 -0.023755 0.175657
-0.03 -0.02875 0.300823
-0.041237 -0.023467 0.305326
0.051827 -0.031444 -0.000187
0.001688 0.030437 0.400377
0.067916 -0.020076 0.272371
-0.016559 0.069528 0.002712
-0.028385 -0.042542 0.361855
-0.01495 -0.037857 0.190693
-0.016562 -0.060981 0.002712
0.004127 -0.052243 0.29629
0.048543 -0.005587 0.395263
-0.061441 0.00337 0.274454
-0.050278 -0.034782 -0.000171
-0.016024 -0.044622 0.305326
-0.049245 -0.017494 0.29629
-0.04435 0.012526 0.398095
0.045206 -0.049949 -0.00487
-0.047403 0.008899 0.394039
-0.026441 0.056393 0.274454
0.049267 0.051545 0.272371
0.007903 0.014396 0.006372
0.005259 0.006792 0.006974
-0.054386 -0.028007 -0.000171
0.034852 0.062206 0.272371
0.020532 0.0106 -0.001566
-0.006128 0.04727 0.315534
-0.015138 0.034752 0.191308
-0.046157 0.049201 0.278915
-0.050687 0.007941 0.363644
-0.023917 -0.02918 0.193126
0.009167 -0.038623 0.316255
-0.003694 0.022663 -0.001566
0.000432 -0.015106 0.006372
-0.055385 -0.028529 0.000438
-0.044078 0.006991 0.362575
-0.056393 -0.020321 -0.000254
0.042101 -0.023467 0.305326
0.054449 -0.033078 0.00149
-0.021926 0.002663 -0.001566
0.061074 -0.019113 0.270773
-0.012381 -0.061757 0.00149
0.01474 -0.036818 0.311021
-0.012381 0.062939 0.00149
0.069838 -0.014367 0.268718
-0.044228 -0.011794 0.398095
-0.032991 -0.03402 0.305326
-0.023261 -0.006523 0.158751
0.061326 0.016357 0.000493
-0.047873 0.042448 0.196053
0.027028 -0.002264 0.228536
0.06746 -0.007548 -0.00487
0.019605 0.043654 0.315534
0.055921 0.02781 -0.000102
0.039462 -0.033229 0.363644
-0.056652 0.04281 0.135715
0.013526 0.039444 0.329858
0.001749 -0.047897 0.395263
-0.022893 0.035846 0.300823
0.033258 0.055532 0.268718
0.00828 -0.064043 -0.006405
-0.037522 0.016099 0.329858
-0.030476 0.037974 0.395263
0.010073 0.012978 0.006372
-0.008652 0.063779 0.002709
0.05906 -0.014589 -0.000187
-0.031649 -0.030339 0.296115
-0.05097 -0.0068 0.361855
0.026679 0.040263 0.291829
0.003452 0.04148 0.329858
0.002984 0.008023 0.006974
-0.062566 0.00342 0.272719
-0.023451 -0.055062 -0.000187
-0.043347 0.019195 0.291829
0.013283 0.044358 0.364268
0.02027 -0.047294 0.361855
0.046309 -0.013837 0.396417
-0.024374 -0.057213 0.000493
-0.042855 -0.01143 0.362575
0.000432 -0.069987 0.272371
0.014672 0.058365 -0.007175
-0.040916 -0.02397 0.396417
0.060121 -0.021515 0.00149
-0.048952 -0.036703 0.274454
-0.02109 0.010032 0.005424
0.013283 -0.043176 0.364268
-0.015211 -0.000705 0.006372
0.003016 -0.014892 0.006372
0.045722 0.017954 0.394039
-0.046455 0.013176 0.394039
-0.002119 -0.006841 0.006974
-0.052441 0.032643 -0.000171
0.039119 -0.027087 0.291829
-0.032563 -0.062276 0.002712
0.041405 0.048318 0.000493
-0.031912 -0.053545 0.272719
0.054171 0.035125 0.002709
0.000432 0.024093 0.005355
-0.006958 0.051993 0.361855
0.010046 0.048169 0.394039
0.019498 -0.013046 0.005424
-0.038639 0.023271 0.398461
-0.057616 0.017819 -0.000254
0.020507 0.034737 0.191895
0.058206 0.014831 -0.007175
-0.043863 0.005465 0.296115
0.026144 -0.040592 0.394039
-0.047862 -0.003939 0.395263
-0.060462 -0.015176 0.000493
-0.049902 -0.03837 0.00149
-0.036635 -0.050427 0.272719
0.047723 0.002923 0.397391
0.012873 -0.059949 -0.000102
-0.012492 0.020125 0.005424
0.014867 -0.017955 0.005424
0.02045 0.012811 0.005424
-0.011459 -0.011334 0.006218
-0.014769 -0.044251 0.397391
-0.037735 -0.032481 0.36505
-0.061111 -0.005346 -0.000171
0.000432 -0.007267 0.006974
0.028092 0.023851 0.20274
-0.044588 0.022549 0.300567
-0.039668 0.058687 -0.000117
-0.05038 -0.009514 0.361855
-0.00674 -0.058478 -0.007175
-0.04515 0.017176 0.395263
-0.006325 0.023041 0.005424
-0.041692 0.044088 -0.000254
0.000432 0.062397 -0.000102
-0.01175 -0.06196 0.001461
0.046758 -0.043446 0.002709
-0.065816 0.012273 0.278915
-0.034584 0.032119 0.310382
-0.00083 -0.03881 0.191386
0.016134 0.034311 0.192557
0.050975 0.045074 0.278915
0.029413 0.055809 -0.007195
-0.046851 0.005794 0.291829
0.023529 -0.064781 0.275831
-0.062059 -0.007874 0.272719
-0.068505 -0.0164 0.002712
-0.037847 0.051881 0.002712
0.062907 0.025696 0.278915
0.02186 -0.041632 0.397391
-0.035945 -0.030866 0.396417
-0.05038 0.010696 0.361855
0.03574 -0.050137 -0.000102
-0.049605 0.040494 0.268718
0.033017 -0.052038 0.274454
-0.001277 -0.022769 0.005424
0.000432 0.069923 0.275831
-0.038317 0.010721 0.311021
0.014183 0.047423 0.365696
-0.04131 -0.024204 0.394039
-0.056902 -0.034711 0.278915
0.001717 -0.04674 0.397391
-0.0464 0.014342 0.365696
0.008543 0.021529 -0.001566
-0.023451 0.056244 -0.000187
-0.053404 0.033227 0.000438
0.053119 -0.027062 -0.007175
0.004409 0.034794 0.192687
-0.044364 0.043173 -0.000102
-0.047272 -0.008189 0.395263
-0.044078 -0.005809 0.362575
-0.047453 -0.019247 0.361855
-0.028958 0.053542 -0.000187
0.023304 0.035095 0.19141
0.057257 -0.020321 -0.000254
-0.059543 0.020078 0.272719
-0.030107 -0.025351 0.316255
0.020471 0.04108 0.398461
0.065066 0.008439 -0.006405
-0.024774 0.059328 0.002709
0.059166 -0.024512 0.002712
-0.055717 -0.029624 0.270773
0.043684 -0.050956 0.278915
-0.005589 0.071335 0.135715
0.015063 -0.049236 0.361855
0.065321 -0.024018 -0.002715
-0.028549 0.055809 -0.007195
-0.04559 0.012623 0.291829
-0.065954 0.025768 0.002712
-0.048024 0.014819 0.36505
0.016014 -0.062626 -0.006405
0.017872 0.058553 -0.000187
-0.065572 0.025623 -0.000117
0.011841 -0.018705 -0.001566
-0.059354 -0.030787 -0.00487
-0.060051 -0.002476 -0.000187
0.000432 -0.07 -0.000117
0.030012 -0.0278 0.329858
0.019263 -0.059426 0.000493
-0.014447 -0.043301 0.398095
0.025125 -0.002039 0.153446
-0.002516 -0.047411 0.396417
0.060915 0.003658 -0.000187
0.019965 -0.042181 0.36541
-0.057555 -0.024194 0.272719
0.037875 -0.02839 0.397391
-0.006811 0.040946 0.329858
-0.003651 -0.063005 0.001461
0.012431 0.07057 0.268718
0.062561 -0.01359 0.001461
-0.028126 -0.062587 0.275831
-0.016462 0.069131 -0.000117
0.04956 -0.050668 0.268718
-0.022291 0.056717 -0.000254
-0.039026 0.04513 -0.007175
0.043241 -0.017166 0.398095
0.034476 0.041163 0.29629
-0.062701 -0.023352 -0.00487
0.025041 0.06548 -0.002715
0.021917 -0.054872 -0.007175
-0.02111 0.048975 0.29629
-0.002855 -0.046413 0.310382
-0.002338 -0.0445 0.398461
-0.021378 -0.038972 0.398461
-0.062389 0.003777 0.000493
0.059945 0.017524 0.274454
-0.045506 -0.020388 0.36505
0.043565 -0.028226 0.361855
-0.00334 0.03508 0.191944
0.006587 0.042413 0.300823
0.061525 -0.008768 -0.000102
0.001242 0.047933 0.397391
-0.024566 -0.014562 0.192336
0.038262 0.024902 0.362575
0.02818 -0.02803 0.180638
0.045051 0.007496 0.398461
0.019915 -0.058088 -0.000171
0.018038 0.045837 0.394039
0.026704 -0.053964 -0.000254
-0.014887 0.044331 0.398095
0.005549 0.048871 0.394039
-0.002924 -0.047407 0.305326
-0.018673 -0.042733 0.397391
0.02549 0.041639 0.396417
0.000432 -0.011334 0.006671
0.018308 0.069252 0.002712
0.036162 -0.017779 0.316255
-0.021735 0.034097 0.316255
0.054804 0.027262 -0.000187
0.013573 0.009176 0.006372
-0.04766 0.000349 0.396417
0.055823 -0.026992 0.274454
0.021917 0.056054 -0.007175
-0.005821 0.062079 -0.000102
-0.030423 0.033168 0.362575
0.040503 -0.001579 0.316255
-0.019294 -0.038517 0.398666
0.015356 0.06114 -0.007195
-0.070386 -0.002415 0.002712
0.006169 0.064333 0.268718
0.041925 0.01954 0.364268
0.058573 0.027143 0.196053
0.002141 -0.022769 0.005424
-0.058199 0.025651 0.270773
0.051143 -0.034782 -0.000171
0.048888 -0.013637 0.36505
0.017432 0.036855 0.311021
-0.009911 -0.045839 0.291829
0.030145 0.05335 -0.000254
-0.016361 0.042482 0.398461
-0.048615 0.05177 0.002712
-0.036481 0.026635 0.398461
-0.013319 -0.046242 0.365696
-0.069645 -0.007918 -0.000117
0.040457 -0.000872 0.311021
0.053813 0.033864 0.000493
0.006148 -0.062915 0.270773
0.052883 -0.032102 -0.000102
0.047298 0.01138 0.396417
0.020379 -0.034951 0.305834
0.048745 0.007537 0.365696
0.025411 0.040566 0.315534
-0.023058 -0.009676 0.161767
0.063853 -0.008 0.268718
-0.023193 0.058946 0.000438
-0.052981 -0.034666 0.268718
0.045263 0.015157 0.315534
0.050094 -0.034051 -0.000254
0.042782 0.021246 0.310382
-0.018311 0.034696 0.191439
0.043052 -0.02169 0.396417
0.013094 -0.061023 0.000493
-0.02693 -0.056226 0.272719
-0.049902 0.039552 0.00149
0.001725 0.008342 0.006974
-0.024069 0.001698 0.159537
-0.065572 -0.024441 -0.000117
0.013101 0.043737 0.362575
-0.052866 0.047499 0.268718
0.000432 0.048706 0.305326
0.030426 -0.053449 -0.000102
-0.019406 -0.059158 0.000438
-0.002085 -0.001809 0.228735
0.046023 0.043928 0.000493
0.071432 0.000591 0.002712
-0.062233 -0.005454 0.000438
0.037942 0.016531 0.305834
0.047277 -0.011983 0.394039
0.04781 -0.042436 0.002712
-0.036429 0.016255 0.311021
0.012431 -0.069388 0.135715
-0.043101 -0.011481 0.398461
0.018439 -0.060737 0.196053
-0.065387 -0.013594 0.278915
-0.03337 -0.048379 -0.007175
0.045236 -0.017994 0.395263
-0.026817 0.040219 0.396417
0.046854 0.008776 0.315534
0.010228 -0.045498 0.310382
0.069426 -0.014278 0.272371
0.000432 0.06242 -0.000171
-0.021053 -0.054872 -0.007175
0.053413 -0.046038 0.272371
-0.021397 -0.055762 -0.000254
-0.05809 0.026497 0.002712
-0.010482 -0.057793 -0.007175
0.027748 -0.056131 0.000438
-0.061963 -0.01365 0.002712
-0.063947 0.020307 0.278915
-0.024062 -0.033461 0.186732
0.023452 -0.062657 0.278915
-0.017444 0.069252 0.002712
-0.04599 0.008776 0.315534
0.027762 0.005682 0.220731
0.060891 -0.036635 0.268718
-0.02398 -0.009757 0.179801
-0.061732 0.014779 0.270773
-0.023559 -0.016245 0.167573
-0.016594 -0.061103 0.268718
-0.051514 0.046611 -0.002715
-0.05394 -0.02608 -0.000187
-0.041202 -0.047906 0.002709
-0.065861 0.020893 0.275831
-0.026648 -0.039652 0.395263
0.011535 0.05999 -0.000254
-0.013319 0.047423 0.365696
0.027578 -0.035117 0.362575
-0.051108 0.04384 0.278915
0.045596 0.010988 0.398095
-0.038437 0.010753 0.316255
0.007765 -0.024222 0.400748
0.048069 0.007196 0.396417
0.039445 -0.024426 0.398095
0.034677 -0.032425 0.291829
0.0043 0.023772 0.005424
-0.040318 -0.046051 0.274454
0.062306 -0.002188 0.274454
0.059418 0.022437 0.000493
-0.026378 0.030512 0.316255
-0.032405 -0.05819 0.278915
0.007189 0.023041 0.005424
0.028092 -0.028611 0.181309
0.028201 -0.057071 0.002712
-0.017038 0.067686 0.275831
0.046742 -0.001226 0.398095
0.038336 -0.028028 0.291829
0.009067 -0.038638 0.316255
0.063349 0.010229 0.00149
-0.056042 0.028293 0.000493
0.04081 0.045658 -0.000187
0.031322 0.056244 0.00149
-0.052434 0.000594 0.29629
-0.049309 0.039094 0.000493
-0.023899 -0.030202 0.197667
0.037911 -0.050994 0.270773
-0.043389 -0.007503 0.296115
-0.01392 -0.036933 0.316255
0.03732 -0.031373 0.365696
0.017426 -0.060981 0.002712
0.043527 -0.012963 0.398461
0.016119 -0.003109 0.154824
0.042799 0.021255 0.315534
0.062229 0.002573 -0.000171
-0.032393 0.055532 0.135715
-0.062989 -0.008 0.268718
-0.02389 0.003268 0.162262
0.02292 0.06051 0.135715
-0.042819 0.052138 0.278915
-0.039326 0.059415 0.268718
-0.061018 -0.03166 -0.002715
0.047745 0.011483 0.394039
-0.023925 0.004997 0.163771
0.043878 0.028512 0.363644
-0.009209 -0.011796 0.006372
-0.036456 -0.031373 0.365696
-0.011107 0.038944 0.311021
-0.012434 0.063199 0.002709
0.048675 0.042395 0.002709
-0.037397 -0.023721 0.362575
-0.017038 -0.066504 0.275831
0.011346 0.058974 -0.007175
-0.063403 0.000591 0.002709
-0.022665 -0.064781 0.275831
-0.062784 -0.022418 0.278915
-0.011388 0.019682 -0.001566
-0.059667 0.037595 0.272371
-0.026673 -0.039689 0.394039
0.044016 -0.041428 -0.000187
0.019597 0.043636 0.310382
0.029683 -0.038159 0.394039
0.067916 0.021258 0.272371
-0.062748 -0.009088 0.002709
0.052122 -0.033529 0.274454
-0.036195 -0.036036 0.361855
0.027482 -0.032619 0.185931
-0.007963 0.034937 0.191426
0.047522 0.002235 0.310382
-0.008664 0.063857 0.196053
0.035197 -0.052818 0.001461
0.01342 0.045884 0.310382
0.006282 0.040338 0.316255
-0.065448 -0.025882 0.135715
0.054269 0.033227 0.000438
0.01761 -0.043752 0.291829
-0.063137 -0.002633 0.00149
-0.016594 -0.061103 0.135715
0.046606 0.009772 0.315534
-0.016619 0.037877 0.329858
0.050283 -0.039164 0.270773
0.043204 -0.018942 0.36541
0.022796 -0.057139 0.274454
0.013233 0.038594 0.316255
0.031224 0.036127 0.36541
0.035877 0.0286 0.398461
-0.051203 -0.035427 0.000438
-0.00827 0.034928 0.191392
-0.031319 0.032728 0.398461
0.043983 0.019171 0.397391
0.057176 -0.041377 0.272371
-0.03798 -0.027093 0.397391
0.029413 -0.054628 -0.007195
0.028306 0.019842 0.20675
0.059501 0.007763 -0.007175
-0.047358 0.008891 0.395263
0.058741 0.022705 -0.007195
-0.024669 -0.057902 0.00149
0.027794 -0.056226 0.272719
0.029407 -0.037793 0.396417
0.006169 -0.063151 0.135715
-0.0551 0.030474 0.272719
0.033856 -0.03402 0.305326
0.000432 0.064508 0.196053
0.046691 -0.043637 0.268718
-0.010754 0.02126 0.005424
-0.058302 -0.024512 0.002712
-0.043245 0.006199 0.398631
-0.063137 0.003815 0.00149
-0.041138 -0.007087 0.300823
-0.054959 0.028173 0.274454
0.053845 -0.034666 0.268718
0.000432 0.000591 0.329858
-0.057831 -0.033048 0.278915
-0.021022 0.047568 0.363644
0.014306 -0.045457 0.396417
0.050173 0.039094 0.000493
0.022042 0.009776 0.005424
-0.049419 -0.039164 0.270773
0.0613 0.020368 0.135715
0.000432 -0.061215 -0.000102
-0.041813 -0.000953 0.300823
0.001935 0.034916 0.192457
-0.021022 -0.046387 0.363644
0.019648 0.034627 0.192044
0.033465 -0.050156 -0.000254
0.038548 0.051662 0.001461
-0.03909 -0.057883 0.272371
-0.056359 -0.020442 -0.000187
-0.028549 -0.054628 -0.007195
0.017731 0.037494 0.305834
0.025136 0.008274 0.400748
0.033689 0.033845 0.315534
0.057766 0.035893 0.278915
0.028327 -0.008425 0.160585
0.043579 0.01326 0.362575
0.024357 -0.03773 0.398461
-0.022656 -0.060287 -0.006405
-0.060828 0.018577 0.002709
-0.023482 0.05966 0.001461
-0.043255 0.028667 0.361855
-0.063403 0.003828 0.002709
-0.008077 0.070668 -0.000117
-0.069645 0.0091 -0.000117
-0.03323 0.030664 0.398461
-0.041872 -0.021159 0.291829
0.056678 0.03086 0.002712
0.017485 0.036968 0.316255
-0.039716 -0.000876 0.316255
0.069203 -0.008216 0.275831
-0.033913 -0.052172 0.000438
-0.053306 0.035125 0.002709
0.015649 -0.003262 0.006372
-0.063266 -0.00227 0.270773
0.000432 0.052235 0.363644
-0.042714 0.01326 0.362575
-0.03337 0.049561 -0.007175
0.031451 -0.055294 0.002709
0.042904 0.021738 0.291829
-0.010971 0.063439 0.002712
-0.038583 -0.027528 0.396417
-0.038864 0.028316 0.396417
-0.024007 -0.024934 0.195196
-0.037941 -0.02407 0.364268
0.031762 0.037632 0.394039
-0.011117 -0.01004 0.006372
0.054578 -0.026374 -0.000254
-0.003529 -0.061111 -0.000171
-0.052909 -0.034623 0.002712
-0.012009 0.061131 -0.000102
-0.057877 0.022705 -0.007195
0.042458 0.048691 0.002712
-0.046379 0.053429 -0.000117
0.053298 0.000594 0.29629
0.026984 -0.05755 0.196053
0.013298 -0.062017 0.002709
-0.023696 -0.00477 0.15669
-0.039623 0.044532 -0.007175
0.025238 -0.057213 0.000493
-0.012141 0.034604 0.399674
0.025901 -0.040203 0.396417
-0.053306 -0.033943 0.002709
-0.045148 -0.007798 0.398095
-0.02308 -0.065955 0.272371
0.005727 -0.003064 0.154767
-0.041055 -0.048142 0.002712
0.000432 0.068111 -0.00487
0.004558 -0.021481 -0.001566
-0.040297 -0.000898 0.305834
0.02502 0.037756 0.296115
0.028011 0.008139 0.218327
-0.006755 -0.049397 0.36505
0.021177 0.04069 0.398461
0.04003 -0.010038 0.329858
-0.019138 0.044546 0.305326
0.038471 0.023806 0.296115
-0.020668 0.056227 -0.007175
-0.030587 0.056476 0.002709
-0.040472 -0.018089 0.362575
-0.037851 -0.014086 0.329858
-0.011143 -0.058843 -0.000254
0.02899 -0.062587 0.275831
-0.060661 0.018723 0.001461
0.047838 -0.035207 -0.007175
0.068208 -0.014016 0.275831
-0.048872 -0.038728 0.272719
-0.041202 0.049088 0.002709
0.006685 0.062079 -0.000102
-0.042053 0.027894 0.36505
-0.042946 -0.024454 0.300567
-0.034084 -0.053115 0.002709
0.017326 0.069131 -0.000117
-0.031819 0.062041 -0.002715
-0.060946 -0.013418 0.000438
-0.049309 -0.037912 0.000493
0.023627 -0.03877 0.19136
0.008443 0.034569 0.192996
-0.04665 0.053735 0.002712
-0.056312 -0.041377 0.272371
0.066248 -0.025853 0.002712
0.062938 0.033396 -0.000117
0.00048 0.000523 0.000124
0.008553 0.040779 0.329858
-0.062807 -0.008503 0.002709
-0.017352 0.068891 0.272371
0.048686 0.037034 -0.000254
0.025995 -0.040677 0.394039
0.000432 0.045559 0.362575
-0.010953 -0.062147 0.270773
-0.017583 0.044075 0.315534
0.033574 -0.03011 0.398461
0.04143 0.000144 0.329858
-0.068974 -0.014367 0.268718
-0.062435 0.033586 0.002712
0.022022 -0.034264 0.329858
0.061469 0.010459 -0.000171
-0.032846 0.034273 0.397391
-0.016345 0.06138 0.272719
0.040653 0.026957 0.396417
-0.034165 -0.049115 -0.000187
0.025125 0.035328 0.191094
0.062827 -0.01365 0.002712
-0.052782 -0.034536 0.270773
0.012149 -0.067744 0.275831
0.02259 -0.05845 0.272719
0.011811 0.066953 0.278915
-0.007933 0.069484 -0.002715
-0.007186 -0.001338 0.006974
0.022837 -0.059106 0.270773
-0.035104 0.031383 0.36541
-0.043013 0.018588 0.315534
-0.044589 -0.014768 0.291829
0.024085 -0.066353 0.268718
-0.025827 0.038779 0.398095
0.057176 0.042559 0.272371
0.034812 -0.024006 0.300823
-0.023243 0.025295 0.202074
0.031704 0.056117 0.001461
-0.043335 0.013442 0.364268
-0.026396 0.039606 0.397391
0.000432 0.024093 0.005424
-0.051614 -0.045215 0.275831
-0.034194 -0.061393 0.268718
0.034417 0.030039 0.362575
-0.045655 0.044655 0.270773
0.071368 -0.002422 0.135715
0.03181 0.060377 -0.00487
0.038826 -0.029126 0.394039
0.012174 0.039619 0.305834
-0.059373 -0.021418 0.001461
0.015533 -0.038893 0.300823
0.044119 -0.027485 0.361855
0.059017 0.015907 -0.000187
0.03805 0.052368 0.268718
-0.068561 -0.014278 0.272371
0.005188 0.045516 0.398461
-0.026095 0.05868 0.002709
0.007136 -0.001386 0.401777
0.046632 -0.043577 0.002712
-0.011394 0.020845 0.005355
-0.043967 0.020867 0.365696
-0.041866 0.052976 0.278915
-0.00721 -0.038423 0.191112
0.020513 -0.059889 0.001461
0.060553 -0.029722 0.278915
-0.043967 -0.019685 0.365696
0.036995 0.031019 0.291829
0.042608 -0.013798 0.296115
-0.044536 0.000591 0.362575
-0.014501 0.043228 0.398461
-0.068561 0.01546 0.272371
-0.043335 -0.01226 0.364268
0.039939 -0.006706 0.316255
0.009616 -0.001822 0.228963
-0.052059 -0.036025 0.002712
0.026862 -0.045194 0.29629
0.045548 0.013838 0.36541
0.020708 -0.043808 0.365696
-0.007942 -0.021312 0.005424
0.023713 -0.040891 0.291829
0.005317 0.046678 0.398095
0.000432 0.040766 0.316255
0.024805 -0.056206 -0.000102
-0.05097 0.007981 0.361855
-0.0292 -0.05221 -0.000187
0.071368 0.003604 0.268718
0.04254 -0.047606 0.268718
-0.024115 0.003666 0.160713
-0.033553 0.030039 0.362575
0.047243 -0.052247 -0.000117
0.017395 -0.060874 0.270773
-0.047453 0.020429 0.361855
-0.038503 0.029531 0.394039
-0.035693 0.0312 0.397391
0.063698 0.009687 0.196053
0.03805 -0.051186 0.135715
0.031322 -0.055062 0.00149
0.050469 0.040494 0.268718
0.042384 0.048609 0.270773
-0.032473 0.02505 0.329858
0.05679 -0.029737 0.268718
0.012357 0.000591 0.006671
-0.052949 -0.032682 0.000493
0.046974 0.007283 0.36541
0.018021 0.045795 0.395263
0.030624 0.02833 0.329858
-0.046038 0.012976 0.396417
-0.047881 -0.006355 0.365696
0.062042 -0.005118 0.274454
0.010846 -0.048404 0.300567
0.057817 -0.027558 0.002709
0.015513 0.02624 0.400389
0.044956 0.046565 0.002712
0.059282 -0.024563 0.268718
-0.02297 0.002759 0.005355
-0.042714 -0.012078 0.362575
0.026821 -0.04047 0.365696
0.018323 -0.068118 0.268718
-0.010746 -0.045419 0.397391
-0.005278 -0.066497 0.278915
0.040581 -0.000876 0.316255
-0.021425 0.057004 -0.000254
-0.005399 0.040215 0.311021
-0.0392 -0.020419 0.362575
-0.009673 0.051403 0.361855
0.04956 0.05185 0.268718
-0.048538 -0.033211 -0.007175
-0.043462 -0.041134 -0.000187
-0.037186 -0.051186 0.135715
-0.04597 0.008773 0.310382
-0.033668 -0.011681 0.399676
0.034417 -0.028857 0.362575
-0.068838 -0.002352 0.275831
0.028098 -0.056857 0.270773
0.024375 -0.062542 -0.00487
-0.007106 0.047336 0.397391
-0.011536 0.011811 0.401412
-0.021972 0.060287 0.270773
0.006796 -0.061988 0.000493
-0.02424 -0.027979 0.187151
-0.032373 0.063097 -0.000117
-0.046345 -0.008049 0.291829
0.019347 0.04094 0.296115
-0.058637 -0.006581 -0.007175
-0.047171 0.023808 0.29629
-0.050108 0.045365 -0.00487
-0.039105 0.02002 0.398629
-0.012237 0.043737 0.362575
0.021954 0.010032 0.005424
-0.058472 0.01973 0.274454
-0.0246 -0.065413 -0.000117
-0.024203 0.001306 0.15834
-0.023888 -0.03041 0.197044
-0.056312 0.042559 0.272371
0.037466 0.026397 0.398461
0.052104 0.032127 -0.000187
-0.048303 0.043766 -0.006405
0.038386 -0.014917 0.329858
0.023971 0.03915 0.398461
0.000432 0.071591 0.268718
-0.030505 0.038009 0.394039
0.062596 -0.013598 0.270773
-0.007399 0.00124 0.006974
-0.070082 -0.002404 0.272371
-0.012555 0.045884 0.310382
-0.037438 0.029193 0.291829
-0.004661 -0.02228 0.005424
0.041238 -0.022968 0.310382
-0.023586 -0.016485 0.167784
0.066681 -0.011091 0.278915
0.02292 0.034582 0.305834
-0.004424 0.045212 0.362575
-0.050108 -0.044183 -0.00487
-0.009514 0.021804 0.005424
-0.051348 0.03198 -0.000254
-0.013894 0.043119 0.362575
-0.049383 -0.004645 0.300567
-0.068838 0.003533 0.275831
0.018323 0.0693 0.135715
0.006029 -0.047591 0.395263
0.00899 0.071073 0.002712
0.007949 0.062498 -0.007195
0.011981 -0.01004 0.006372
0.039679 0.034598 0.361855
0.052923 -0.036025 0.002712
-0.022987 0.028731 0.198569
-0.068881 -0.01435 0.002712
0.033337 -0.023868 0.329858
0.049736 -0.038728 0.272719
-0.037606 0.023806 0.296115
-0.016559 -0.068346 0.002712
0.016115 0.060398 -0.000171
-0.030587 -0.055294 0.002709
0.058513 -0.025935 0.002709
-0.024156 0.037756 0.296115
0.006953 -0.001826 0.229179
-0.046545 0.022045 0.363644
-0.044434 0.005547 0.398461
0.000432 -0.070409 0.135715
0.014183 -0.046242 0.365696
-0.044762 0.017034 0.396417
-0.00512 0.062278 0.274454
-0.021926 -0.001481 -0.001566
-0.019603 0.044815 0.394039
-0.031765 0.038961 0.300567
0.066725 -0.019711 0.275831
0.041336 -0.018089 0.362575
-0.044179 -0.017433 0.305326
0.054116 -0.027416 -0.000254
0.04956 0.05185 0.135715
0.046454 0.012623 0.291829
0.040944 0.005049 0.305834
-0.043132 0.020964 0.396417
-0.058739 -0.004895 -0.007175
0.045257 -0.040117 -0.000254
-0.016461 -0.015693 0.005424
-0.059506 0.02279 0.002709
-0.058607 -0.035761 0.275831
0.012873 0.061131 -0.000102
-0.048442 -0.037241 -0.000102
-0.027275 -0.037545 0.315534
-0.047105 -0.001146 0.291829
-0.039729 0.021185 0.398461
-0.04135 -0.019464 0.398095
-0.013217 -0.002328 0.153733
-0.047542 -0.049464 0.275831
-0.05865 -0.021152 0.000438
-0.020237 0.034938 0.316255
-0.032313 -0.033317 0.315534
-0.064202 -0.007257 -0.006405
0.052378 -0.045429 -0.002715
-0.002119 0.008023 0.006974
-0.059689 -0.029722 0.278915
0.044961 -0.054554 0.002712
0.006832 0.045101 0.362575
0.046929 0.039284 -0.000187
0.006924 -0.044559 0.364268
0.024986 -0.031208 0.316255
0.009616 -0.051472 0.29629
-0.051835 -0.035868 0.001461
-0.021942 -0.039996 0.398095
0.063431 0.00342 0.272719
-0.018323 0.014754 0.005355
0.023529 0.065963 0.275831
0.022195 -0.057396 0.274454
-0.016531 0.062055 0.270773
-0.061477 0.031805 0.275831
0.003904 -0.046851 0.291829
0.034393 -0.039882 0.29629
-0.008751 -0.051472 0.29629
-0.041271 -0.024181 0.395263
0.038525 0.030692 0.394039
-0.055926 0.030919 0.268718
0.038599 0.033663 0.36505
-0.054108 -0.028759 0.274454
0.051827 0.032626 -0.000187
-0.060051 0.003658 -0.000187
0.015485 -0.001814 0.228486
-0.038815 0.034598 0.361855
0.042393 -0.021345 0.397391
0.016666 0.062498 0.002712
-0.012419 0.044358 0.364268
0.043607 -0.048144 -0.006405
0.007378 -0.047722 0.365696
-0.062074 -0.032215 -0.000117
0.010073 -0.011796 0.006372
0.012121 0.066886 0.278915
0.045036 -0.05465 0.268718
-0.063266 0.003452 0.270773
-0.044718 0.007083 0.364268
-0.019586 0.012811 0.005424
-0.010283 -0.033789 0.399704
-0.005448 -0.068492 0.275831
0.036165 0.033422 0.394039
-0.031531 -0.036297 0.365696
-0.021932 0.058321 0.274454
-0.027233 -0.056857 0.270773
0.009238 0.060431 -0.000187
0.045278 -0.018011 0.394039
0.063698 -0.008505 0.196053
0.050259 0.015222 0.361855
0.047701 0.011473 0.395263
-0.016745 -0.043752 0.291829
0.038347 -0.029032 0.305326
-0.010828 -0.061458 0.272719
-0.024989 0.040147 0.36541
0.06832 0.021381 0.135715
0.033269 -0.05819 0.278915
-0.047765 -0.004964 0.394039
-0.008713 -0.001757 0.227857
-0.023411 0.042832 0.395263
-0.046379 -0.052247 -0.000117
0.060295 -0.00858 -0.000187
-0.038815 -0.033417 0.361855
-0.030974 0.056355 0.002712
0.035029 0.050297 -0.000187
0.061882 0.032842 -0.002715
0.041893 -0.047705 0.00149
0.027028 -0.039001 0.191523
-0.034482 -0.053047 0.002712
0.006034 -0.047635 0.394039
0.062907 -0.024514 0.278915
0.023634 0.057901 -0.000171
-0.024597 -0.013712 0.191839
0.019306 -0.040208 0.362575
-0.046866 -0.008114 0.396417
0.031224 -0.034945 0.36541
-0.016176 -0.066792 -0.002715
0.006872 -0.062733 0.00149
0.05042 0.007778 0.36505
0.040928 0.034575 0.29629
-0.023886 -0.030566 0.196816
0.033136 -0.054146 0.270773
0.04423 0.045815 0.000438
-0.015219 0.045278 0.397391
0.026821 0.041652 0.365696
0.00477 0.040449 0.316255
0.040064 -0.019785 0.296115
-0.024151 -0.015927 0.176014
0.06383 0.032555 0.268718
-0.037483 -0.029032 0.305326
0.022599 0.034097 0.316255
0.008806 -0.021312 0.005424
-0.034194 0.062575 0.268718
-0.02901 -0.039932 0.300567
-0.053252 -0.027416 -0.000254
0.056581 0.030806 0.270773
-0.017487 0.014123 -0.001566
0.056175 0.041818 0.275831
0.017326 -0.067949 -0.000117
-0.048118 0.000347 0.394039
-0.046806 -0.020982 0.361855
-0.035502 0.052219 0.000493
0.06413 -0.00227 0.270773
-0.058418 -0.024563 0.268718
-0.002543 -0.040057 0.305834
-0.036837 -0.024878 0.398461
-0.039124 0.026012 0.36541
0.062308 0.016612 0.002709
0.048901 -0.001311 0.395263
0.045036 -0.05465 0.135715
0.067217 -0.007961 0.278915
-0.024093 0.018142 0.209498
0.044211 0.019195 0.291829
-0.003308 0.007502 0.006974
0.056906 -0.027111 0.000493
0.049538 -0.019249 0.29629
0.029677 -0.064106 0.268718
0.040468 -0.020339 0.398461
-0.042682 0.011862 0.296115
0.000432 -0.039584 0.316255
-0.06193 0.000591 -0.007195
0.064368 -0.00228 0.135715
0.028201 0.058253 0.268718
0.034948 0.054297 0.002709
0.014807 0.006896 0.006372
0.007124 0.047133 0.36541
0.010275 -0.046952 0.394039
0.027668 -0.03468 0.296115
0.066312 0.027064 0.268718
-0.053701 -0.039446 0.278915
-0.014695 -0.016003 -0.001566
-0.011496 -0.068971 0.272371
0.026909 0.031895 0.329858
-0.01223 -0.061023 0.000493
0.034748 -0.009671 0.399727
-0.066838 0.000591 0.278915
0.017902 -0.066504 0.275831
0.070857 -0.008427 0.268718
-0.026871 -0.041894 0.36505
0.013789 0.034389 0.192691
0.047292 -0.004334 0.310382
0.063775 0.032531 0.002712
-0.029562 0.05463 -0.000102
-0.060943 0.008905 0.274454
-0.005305 0.064333 0.268718
-0.025815 0.040263 0.291829
-0.023886 -0.031509 0.197619
0.013589 -0.05848 -0.000187
0.062794 0.000591 -0.007195
0.014136 0.046142 0.291829
-0.021141 0.047829 0.361855
0.020499 -0.001927 0.228222
-0.049605 0.040494 0.002712
-0.023978 -0.035473 0.188576
0.058419 -0.024194 0.272719
0.016014 0.063808 -0.006405
-0.024177 -0.064298 -0.002715
0.033908 -0.029716 0.398461
-0.052549 -0.046038 0.272371
-0.061187 0.016545 0.00149
-0.03264 -0.037576 0.36505
0.041336 0.019271 0.362575
0.007782 0.05171 0.363644
0.04029 -0.024968 0.397391
0.007465 0.034643 0.192971
-0.040318 0.047233 0.274454
-0.059667 -0.036413 0.272371
-0.040374 -0.022968 0.310382
0.006447 0.071227 0.002712
0.01257 -0.033192 0.399718
-0.013928 -0.018005 0.005424
-0.033529 -0.039882 0.29629
-0.029371 -0.036202 0.397391
-0.021972 -0.059106 0.270773
0.014924 -0.045725 0.394039
0.061807 -0.007723 0.274454
0.038214 0.025358 0.398461
-0.059401 -0.014901 -0.000102
0.041925 -0.018358 0.364268
0.046519 0.044655 0.270773
0.0454 0.000591 0.362575
0.058528 -0.03951 -0.000117
0.048879 0.00298 0.395263
-0.002152 -0.014892 0.006372
-0.028126 0.063769 0.275831
-0.060027 0.037817 0.268718
-0.031808 -0.032703 0.398095
-0.015198 0.018037 0.005424
0.016909 -0.059113 0.274454
-0.046353 -0.012383 0.394039
0.008571 0.067619 -0.00487
0.039863 0.0109 0.305834
0.044119 -0.01706 0.310382
0.010121 -0.042906 0.296115
0.039817 -0.006684 0.311021
-0.03374 -0.028959 0.398461
0.052463 -0.008584 0.29629
0.03069 0.058242 -0.006405
0.042826 0.023299 0.396417
0.025508 -0.039573 0.397391
0.054171 -0.033943 0.002709
0.059465 -0.012883 -0.000254
0.004172 -0.00632 0.006974
0.04741 0.022045 0.363644
-0.049247 0.018669 0.29629
-0.028639 0.064903 0.272371
0.023854 -0.000267 0.005424
0.047312 -0.004336 0.315534
-0.014199 0.050418 0.361855
-0.039414 -0.023078 0.398095
0.008922 0.022506 0.005355
0.068972 -0.016303 -0.000117
0.000479 0.023041 -0.001566
0.007949 -0.061316 -0.007195
0.037499 0.051609 0.272719
0.006759 -0.001826 0.229195
0.064368 0.003462 0.268718
-0.061475 -0.006926 -0.007195
-0.006764 0.003747 0.006974
0.059282 0.025745 0.268718
-0.00126 -0.029022 0.400398
-0.012662 -0.038262 0.329858
-0.006146 0.004889 0.006974
-0.059951 0.014373 0.274454
-0.023886 -0.019561 0.18605
0.035058 -0.061393 0.135715
0.016591 0.066149 -0.00487
0.069325 -0.007774 -0.002715
-0.060027 -0.036635 0.135715
-0.041864 -0.015282 0.398461
0.017209 -0.060198 0.272719
0.064136 -0.005555 0.002712
-0.010953 0.063329 0.270773
0.000432 0.061152 -0.000187
0.06592 0.026906 0.272371
-0.046448 -0.004336 0.315534
0.009867 -0.039028 0.191542
-0.049939 0.016957 0.29629
0.02352 -0.060287 -0.006405
0.048487 -0.001295 0.396417
0.006417 -0.069732 0.272371
0.032326 0.036586 0.396417
-0.010946 0.061459 0.274454
0.029773 -0.027697 0.305834
-0.063403 -0.002646 0.002709
0.045582 0.007083 0.364268
-0.044342 -0.049949 -0.00487
0.039988 0.026012 0.36541
0.052077 0.000591 0.363644
-0.046218 0.008693 0.397391
-0.011257 -0.065704 0.278915
-0.059543 -0.018896 0.272719
0.012607 -0.003175 0.154921
-0.024014 0.00158 0.225906
-0.055926 -0.029737 0.268718
0.011692 0.06264 0.272719
0.042677 -0.000953 0.300823
-0.038631 0.026939 0.310382
0.057578 0.016848 -0.007175
-0.007199 0.022819 0.005424
-0.044364 -0.041991 -0.000102
0.065541 0.000591 -0.006405
0.037082 -0.027776 0.398095
-0.024774 -0.058146 0.002709
0.068197 0.021343 0.002712
0.04217 0.022948 0.397391
0.006142 0.067679 0.278915
0.020323 0.01726 0.400741
-0.005305 -0.063151 0.268718
-0.04152 0.048609 0.270773
0.009708 0.04778 0.396417
-0.044092 0.046565 0.002712
0.053576 0.047673 0.002712
-0.023914 -0.01224 0.176409
0.062306 0.00337 0.274454
-0.02299 -0.00135 0.005424
-0.033023 -0.033958 0.396417
0.043458 -0.021902 0.394039
0.000432 0.000591 0.196053
0.049306 -0.037241 -0.000102
0.039855 -0.056523 -0.002715
0.031217 0.026211 0.311021
-0.034357 0.021823 0.305834
0.04617 -0.010813 0.315534
0.025999 -0.036601 0.398461
-0.061475 0.008108 -0.007195
0.025433 0.040962 0.291829
-0.023221 0.067535 0.268718
0.019187 -0.013572 0.005355
0.053639 -0.025906 -0.007175
0.064765 0.026442 0.275831
0.048283 -0.004438 0.305326
0.067952 0.000591 -0.00487
0.045553 0.002816 0.398461
-0.003062 -0.049376 0.300567
-0.055204 -0.020509 -0.007175
-0.010754 -0.020078 0.005424
-0.068461 -0.007774 -0.002715
-0.024221 -0.030966 0.184135
-0.024548 -0.02514 0.181678
-0.043476 0.030207 0.29629
-0.049605 -0.039312 0.268718
0.001204 0.045761 0.398461
0.000432 0.064591 0.268718
-0.007298 0.048522 0.394039
-0.019406 0.048476 0.361855
0.015046 -0.003215 0.154975
0.04019 0.059415 0.268718
0.044971 0.040049 -0.007175
-0.041094 0.0286 0.300567
-0.016045 0.060295 0.274454
-0.039326 -0.058233 0.268718
0.05679 0.030919 0.135715
0.059337 -0.018548 0.274454
-0.043124 -0.053352 0.275831
0.036157 -0.027061 0.398461
-0.024789 -0.036889 0.398461
-0.054108 0.02994 0.274454
0.021532 0.056227 -0.007175
-0.02459 -0.026807 0.179248
-0.012561 0.045903 0.315534
-0.042254 -0.019898 0.397391
-0.005221 0.063399 0.272719
0.009151 0.047253 0.291829
0.019112 0.041495 0.362575
0.039462 0.034411 0.363644
0.017571 0.044829 0.291829
-0.01103 -0.046587 0.394039
-0.02584 -0.053964 -0.000254
0.058741 -0.021523 -0.007195
-0.039379 0.004971 0.311021
0.056932 -0.028885 0.001461
0.04741 -0.020863 0.363644
0.02279 -0.001481 -0.001566
-0.017458 0.0693 0.135715
0.013101 -0.042556 0.362575
-0.041866 -0.051795 0.278915
0.066251 -0.013594 0.278915
-0.044101 -0.001037 0.296115
-0.004665 -0.014256 0.006372
0.050247 -0.004645 0.300567
-0.019101 0.043362 0.36541
0.007403 0.050192 0.300567
-0.023888 -0.02839 0.19504
0.024085 0.067535 0.268718
0.06131 -0.022497 -0.006405
-0.005553 0.070914 0.272371
-0.030094 0.055589 0.000493
0.014425 -0.045853 0.395263
0.054927 0.033626 0.001461
-0.065126 0.01675 -0.00487
0.070946 -0.002404 0.272371
0.044831 -0.019685 0.365696
0.047969 -0.001146 0.291829
0.024927 -0.002123 0.228322
0.035716 0.033941 0.394039
0.054675 0.034401 0.002709
0.055921 -0.026628 -0.000102
-0.02612 -0.05755 0.196053
0.020599 -0.060149 0.002712
0.01466 0.049047 0.36505
-0.011544 -0.069265 0.002712
-0.017428 -0.036314 0.329858
0.058954 0.026497 0.002712
-0.027337 -0.057071 0.135715
0.05373 0.047499 0.268718
-0.003436 0.023772 0.005424
-0.049121 -0.013959 0.363644
-0.008058 0.022506 0.005355
-0.037047 0.052176 0.270773
0.02147 -0.009885 0.005355
-0.01807 -0.05838 -0.000102
-0.030946 -0.059195 -0.00487
-0.007689 -0.039597 0.329858
0.036516 0.022613 0.300823
-0.043255 -0.027485 0.361855
-0.035034 -0.01821 0.316255
0.029249 0.043724 0.361855
-0.022786 -0.041526 0.396417
-0.029148 0.028982 0.329858
0.040465 -0.020344 0.398461
0.053773 -0.034623 0.002712
-0.010691 -0.058902 -0.000254
-0.029826 -0.05706 -0.006405
0.015922 0.046554 0.394039
0.046013 -0.042989 0.272719
-0.047881 0.007537 0.365696
0.043607 0.049326 -0.006405
0.009516 -0.062597 0.002709
0.017671 -0.042429 0.398095
-0.059846 -0.004996 -0.000254
0.04019 0.059415 0.135715
-0.060088 0.002532 -0.000254
-0.023083 -0.043635 0.300567
-0.056359 0.021624 -0.000187
0.017398 0.065749 0.278915
-0.018323 -0.013572 0.005355
0.06176 -0.017416 0.196053
0.047265 0.014342 0.365696
0.035968 0.031383 0.36541
0.060265 -0.014901 -0.000102
-0.005418 0.040338 0.316255
0.05259 0.009788 0.29629
-0.024079 -0.029583 0.399346
0.009516 0.063779 0.002709
-0.018623 -0.060141 0.00149
-0.008759 -0.040671 0.300823
0.028443 -0.024969 0.177079
-0.02277 0.057901 -0.000171
0.05525 -0.028007 -0.000171
0.032396 -0.036297 0.365696
0.000432 -0.058912 -0.007175
-0.030213 0.037655 0.396417
-0.057709 0.027143 0.196053
-0.062389 -0.002595 0.000493
-0.061745 0.010116 0.000493
0.069426 0.01546 0.272371
-0.023898 -0.037422 0.190362
-0.036549 0.050142 -0.000171
-0.034041 -0.02928 0.364268
-0.055057 0.02781 -0.000102
-0.04523 0.008521 0.398095
-0.056105 0.025618 -0.000171
0.037911 0.052176 0.270773
-0.047493 0.0046 0.396417
-0.056042 -0.027111 0.000493
0.033269 0.059371 0.278915
-0.01515 -0.062626 -0.006405
0.000432 -0.061345 0.274454
-0.046806 0.022164 0.361855
0.040533 -0.057505 -0.000117
-0.030094 0.038319 0.394039
0.019487 0.061323 0.00149
0.015791 0.059162 -0.000254
-0.024177 0.06548 -0.002715
0.020877 -0.039694 0.398461
0.030941 -0.037119 0.394039
-0.016345 -0.060198 0.272719
-0.020547 -0.045347 0.36505
-0.054786 -0.02839 -0.007195
-0.03965 0.023858 0.398095
-0.03593 -0.051651 0.00149
0.045199 -0.042211 0.274454
-0.048696 0.05185 0.135715
0.030392 0.034403 0.398461
0.064126 0.002633 0.001461
0.018546 -0.049178 0.29629
-0.008295 -0.046077 0.291829
0.062042 0.0063 0.274454
0.020063 -0.001917 0.228245
-0.01283 0.046842 0.305326
0.045244 0.015151 0.310382
0.052478 -0.045215 0.275831
-0.041415 0.048886 0.002709
0.006559 -0.059659 -0.000187
0.062596 0.014779 0.270773
-0.023895 -0.011558 0.176839
0.038805 -0.02407 0.364268
0.005525 -0.02228 0.005424
-0.025707 -0.038524 0.315534
0.018439 0.061919 0.196053
-0.023585 0.059914 0.002712
-0.022715 0.039056 0.362575
0.034431 -0.030904 0.398095
-0.033659 0.035096 0.395263
0.004515 -0.063005 0.001461
-0.024001 -0.009736 0.180126
0.038715 0.015268 0.329858
0.033017 0.05322 0.274454
-0.059951 -0.013191 0.274454
0.026959 0.05868 0.002709
0.006085 0.063399 0.272719
0.05839 0.022056 -0.000102
0.012323 0.012516 0.006218
-0.02299 -0.000267 0.005424
-0.034035 0.029796 0.398461
0.034685 0.029097 0.296115
0.013245 -0.061757 0.00149
0.037059 0.037218 0.361855
0.049626 -0.034606 -0.000187
-0.066596 0.00873 -0.00487
-0.044172 -0.05465 0.268718
0.032964 -0.035388 0.395263
-0.043124 0.054534 0.275831
-0.007085 0.062498 -0.007195
-0.028354 0.035408 0.398461
-0.033342 -0.034287 0.394039
-0.002588 -0.040298 0.329858
0.018431 -0.042869 0.315534
-0.056713 -0.015666 -0.007175
0.02147 0.011067 0.005355
0.034252 -0.038439 0.363644
-0.036698 -0.028418 0.310382
-0.020755 -0.03928 0.398461
-0.027644 0.044278 0.361855
0.027725 -0.031021 0.184089
-0.014199 -0.049236 0.361855
0.019112 -0.040313 0.362575
-0.062059 0.009056 0.272719
0.03879 -0.029099 0.395263
-0.003028 0.048973 0.395263
-0.039592 -0.000872 0.311021
-0.015537 0.061488 0.000438
0.037413 0.050142 -0.000171
-0.035784 0.049117 -0.000254
0.058083 -0.029667 -0.006405
0.011491 0.061532 0.274454
-0.04049 0.019729 0.398461
0.00169 -0.045737 0.398095
0.022384 -0.042663 0.395263
-0.041263 0.04633 0.274454
0.027287 0.036919 0.398461
0.028195 -0.015734 0.167127
0.017423 0.069528 0.002712
0.045228 0.043173 -0.000102
-0.047458 0.037661 -0.000187
-0.006809 -0.047371 0.395263
0.009528 -0.062675 0.196053
0.000432 -0.066929 -0.00487
0.007378 0.048904 0.365696
0.059337 0.01973 0.274454
0.023757 0.035846 0.300823
-0.008126 -0.069891 0.002712
-0.023221 -0.066353 0.135715
-0.062043 0.025696 0.278915
-0.055814 0.03086 0.002712
-0.016354 0.020806 0.400713
0.007619 -0.049397 0.36505
-0.028003 -0.034514 0.398461
-0.023275 0.030338 0.197084
-0.024151 -0.022167 0.194932
-0.025109 0.041825 0.394039
0.02899 0.063769 0.275831
-0.005589 0.071335 0.268718
-0.051499 0.000591 0.361855
-0.040391 -0.022978 0.315534
0.023452 0.063839 0.278915
0.01704 -0.066792 -0.002715
-0.010828 0.06264 0.272719
0.000432 -0.046977 0.291829
-0.02722 0.053278 -0.007175
-0.046657 0.002235 0.310382
-0.037271 -0.055193 0.278915
0.048406 -0.049464 0.275831
-0.021726 0.059632 0.272719
0.016597 0.062233 0.001461
-0.005821 -0.060898 -0.000102
0.033726 -0.032707 0.315534
-0.017796 -0.040745 0.398461
-0.04526 0.013588 0.291829
-0.006747 -0.046962 0.396417
-0.026804 -0.03468 0.296115
-0.047873 -0.041266 0.196053
-0.060446 -0.022497 -0.006405
-0.044172 -0.05465 0.135715
-0.015251 0.060398 -0.000171
-0.011567 0.07057 0.268718
-0.015465 0.04598 0.396417
0.044766 0.046369 0.001461
-0.015717 -0.002032 0.401415
-0.059081 0.017524 0.274454
0.02279 0.002663 -0.001566
0.063253 -0.002595 0.000493
0.00899 -0.069891 0.002712
-0.011388 -0.0185 -0.001566
-0.007039 0.014396 0.006372
0.047607 -0.042252 0.001461
0.005194 0.045516 0.398461
0.033238 -0.061915 -0.000117
-0.040298 -0.004104 0.329858
0.054016 0.037577 -0.006405
-0.044684 -0.012656 0.36541
-0.024745 -0.065795 0.002712
-0.036735 0.025787 0.362575
0.036016 -0.032372 0.395263
0.025533 0.059084 0.00149
-0.023433 0.042871 0.394039
-0.013943 0.006896 0.006372
0.069702 0.003533 0.275831
-0.032153 -0.052038 0.274454
-0.060117 -0.014333 -0.007195
0.026975 0.043069 0.300567
-0.040629 0.026979 0.365696
-0.058472 -0.018548 0.274454
0.022553 -0.041012 0.310382
-0.024091 -0.015095 0.176005
0.028082 -0.056825 0.001461
0.053646 -0.034536 0.270773
0.035683 0.03391 0.395263
0.040932 -0.033388 0.29629
-0.023925 0.002799 0.161565
-0.015727 -0.064967 -0.00487
0.012614 -0.06196 0.001461
0.06037 -0.021608 0.002709
0.063612 0.01027 0.002709
0.021121 -0.036273 0.300823
-0.044107 0.040049 -0.007175
-0.05367 0.027528 -0.000254
0.070857 0.009609 0.135715
-0.024374 0.058395 0.000493
-0.069574 0.009556 0.272371
0.047514 0.053735 0.002712
0.023947 -0.043635 0.300567
0.039531 -0.025534 0.315534
-0.025956 -0.04047 0.365696
-0.043906 0.055503 0.272371
-0.053701 0.040628 0.278915
-0.052549 0.04722 0.272371
0.006417 0.070914 0.272371
0.04518 0.006795 0.398461
-0.014003 0.019137 0.005424
0.028404 -0.026557 0.17894
-0.030028 -0.03272 0.398461
0.063864 -0.005528 0.001461
0.050766 0.039552 0.00149
0.032188 -0.03453 0.397391
-0.063901 0.026442 0.275831
-0.014118 0.050144 0.363644
0.034905 -0.02928 0.364268
0.037059 -0.036036 0.361855
-0.058199 -0.024469 0.270773
-0.041918 0.021246 0.310382
0.027982 0.037859 0.398095
-0.043338 -0.020418 0.394039
-0.051599 -0.008584 0.29629
0.008063 -0.021638 0.005424
-0.030895 0.026662 0.305834
0.01855 -0.038561 0.191211
-0.011496 0.070153 0.272371
0.070914 0.009149 0.002712
0.02765 -0.035465 0.398461
-0.005284 -0.062915 0.270773
-0.045149 0.044171 0.272719
-0.038991 -0.056523 -0.002715
0.032629 0.038961 0.300567
0.02732 0.000896 0.225433
0.026571 -0.038524 0.315534
0.029249 -0.042542 0.361855
-0.043094 -0.017436 0.315534
0.045043 -0.017433 0.305326
0.028655 -0.006492 0.158775
-0.021998 -0.062893 0.278915
0.011692 -0.061458 0.272719
0.046151 -0.010808 0.310382
0.048322 0.037661 -0.000187
0.048514 -0.006016 0.394039
0.03574 0.051319 -0.000102
0.013464 -0.042665 0.398461
0.000432 0.063547 0.000438
-0.040566 0.001038 0.329858
-0.033575 -0.038656 0.361855
0.012431 -0.069388 0.268718
0.023467 -0.003665 0.005424
-0.04601 -0.018173 0.300567
0.035462 0.032132 0.315534
-0.056068 -0.028885 0.001461
-0.010943 -0.010905 -0.00075
0.019381 -0.040902 0.364268
-0.014669 -0.038893 0.300823
0.028752 0.031151 0.195591
-0.046677 0.002236 0.315534
-0.011567 -0.069388 0.135715
0.020966 -0.005555 0.401097
-0.032601 -0.050156 -0.000254
-0.0551 -0.029292 0.272719
0.014438 -0.045896 0.394039
0.000432 0.047612 0.36541
-0.003985 -0.059746 -0.000187
0.016145 0.003446 0.401436
0.067702 -0.002267 0.278915
-0.023899 0.002995 0.161925
0.050469 0.040494 0.002712
-0.024505 -0.016238 0.193316
0.007823 -0.050811 0.361855
0.040487 -0.04335 -0.007175
-0.043014 0.028512 0.363644
0.000432 0.048159 0.291829
0.005981 -0.04718 0.396417
-0.046743 -0.042252 0.001461
0.000432 -0.068808 -0.002715
-0.001696 0.041536 0.329858
0.036143 -0.019552 0.329858
0.046874 -0.018173 0.300567
-0.03909 0.059065 0.272371
0.008941 -0.069486 -0.000117
-0.036195 0.037218 0.361855
-0.006764 -0.002566 0.006974
-0.046246 0.041944 -0.007195
0.020002 0.044546 0.305326
-0.002874 0.046818 0.398095
-0.01569 -0.043704 0.315534
-0.005723 0.042413 0.300823
0.034852 -0.061024 0.272371
-0.061294 0.003721 -0.000102
0.063612 0.010805 0.002712
0.001224 0.04693 0.398095
0.010265 -0.046908 0.395263
0.04323 0.023515 0.394039
0.063671 -0.008503 0.002709
0.021434 0.043027 0.397391
-0.04611 0.007283 0.36541
-0.060661 -0.008768 -0.000102
-0.004665 0.015438 0.006372
0.063431 -0.002238 0.272719
-0.008287 0.047253 0.291829
-0.00304 -0.046851 0.291829
-0.060661 0.00995 -0.000102
-0.041581 -0.015944 0.398461
-0.024203 0.008312 0.165399
0.031451 0.056476 0.002709
-0.04312 0.016437 0.398095
-0.05631 -0.029011 0.002712
-0.037166 -0.026507 0.398095
0.044254 -0.007503 0.296115
-0.032153 0.05322 0.274454
0.038135 -0.055193 0.278915
-0.039075 -0.006706 0.316255
-0.057555 0.025376 0.272719
0.000432 -0.06674 0.278915
-0.047419 -0.004438 0.305326
-0.028813 0.065288 0.135715
0.060555 0.007207 -0.000187
-0.047811 -0.041213 0.002709
-0.008077 -0.069486 -0.000117
-0.032393 0.055532 0.268718
0.02292 0.06051 0.268718
0.037499 -0.050427 0.272719
-0.057219 0.030849 -0.006405
-0.018298 -0.001428 0.2274
0.047243 0.053429 -0.000117
0.027259 -0.055115 -0.000171
0.064811 -0.019125 0.278915
-0.056713 0.016848 -0.007175
-0.018702 -0.060395 0.002709
-0.031531 -0.034469 0.291829
0.066681 0.012273 0.278915
-0.04438 0.015151 0.310382
0.000432 0.071591 0.002712
0.019723 0.039931 0.398664
-0.015008 -0.044955 0.396417
-0.043152 -0.041428 -0.000187
-0.007399 -5.8e-05 0.006974
0.000432 -0.063409 0.268718
0.007619 0.050579 0.36505
-0.060923 0.018801 0.002712
-0.016534 0.065749 0.278915
-0.012237 -0.042556 0.362575
0.040916 -0.025369 0.396417
-0.057877 -0.021523 -0.007195
0.017325 -0.015693 0.005424
0.036794 -0.051651 0.00149
0.04051 -0.006812 0.305834
0.048406 0.050646 0.275831
-0.062748 0.010805 0.002712
0.02612 -0.040554 0.395263
0.001725 -0.00716 0.006974
-0.027301 0.061944 0.278915
0.016265 0.017959 0.005355
0.00256 -0.040354 0.329858
-0.002542 -0.047824 0.395263
-0.052981 0.035848 0.268718
0.011836 0.063439 0.002712
-0.045149 -0.042989 0.272719
0.021974 0.048975 0.29629
-0.065448 -0.025882 0.268718
0.039988 -0.02483 0.36541
0.038087 0.051045 0.000438
-0.008126 0.071073 0.002712
-0.017698 0.058375 -0.000187
0.028353 -0.042855 0.363644
0.028415 0.012119 0.214433
0.04637 0.02157 0.36505
0.019649 -0.002761 0.154325
0.006453 -0.070153 0.268718
0.020107 0.013445 0.005424
-0.063901 -0.02526 0.275831
-0.058 -0.039742 0.002712
0.041162 0.005286 0.329858
0.029946 -0.000706 0.40041
-0.02297 0.000591 0.005355
-0.011142 0.039063 0.316255
-0.043274 -0.017067 0.315534
-0.045702 0.044444 0.00149
-0.024093 0.034912 0.192853
0.059603 0.006076 -0.007175
-0.062492 0.002609 0.000438
-0.056571 0.042747 0.002712
0.057546 0.040014 -0.002715
0.006169 -0.063151 0.268718
0.062581 0.010639 0.000438
0.022261 -0.055762 -0.000254
-0.061018 0.032842 -0.002715
-0.061963 0.014832 0.268718
-0.057664 -0.03951 -0.000117
-0.024203 0.035239 0.192529
-0.018398 0.060608 0.000493
0.005984 0.062278 0.274454
-0.036575 0.031948 0.395263
0.010075 -0.043214 0.362575
0.04767 -0.020982 0.361855
-0.03571 -0.018768 0.329858
0.045366 -0.017769 0.394039
-0.007199 -0.021638 0.005424
0.042384 -0.047427 0.270773
0.032199 -0.052578 0.274454
-0.040296 -0.018958 0.398461
0.050469 -0.039312 0.268718
0.048672 -0.035835 -0.000254
0.036049 -0.032403 0.394039
0.063565 0.024534 -0.00487
0.036188 0.032786 0.305326
0.015356 -0.059959 -0.007195
-0.01514 -0.045347 0.395263
-0.01917 -0.034336 0.311021
-0.023511 -0.062542 -0.00487
-0.035814 -0.018045 0.305834
0.028752 -0.002388 0.153792
0.0613 0.020368 0.268718
0.024733 -0.031375 0.316255
-0.044684 0.013838 0.36541
0.007128 0.048238 0.305326
-0.04631 -0.012371 0.395263
0.064001 -0.002633 0.00149
0.035221 0.021823 0.305834
0.031759 0.026662 0.305834
-0.027149 0.029712 0.316255
0.023215 -0.005178 0.005424
-0.033612 0.041163 0.29629
-0.058418 0.025745 0.268718
0.041893 0.048887 0.00149
0.047745 -0.001266 0.397391
-0.061444 -0.01543 0.002709
0.050255 0.040324 0.001461
-0.045768 -0.043577 0.002712
0.027954 -0.010627 0.162647
0.06071 -0.004996 -0.000254
-0.027489 -0.042855 0.363644
-0.046974 0.036388 -0.007175
0.017723 0.016508 0.005424
0.058695 0.03423 0.278915
-0.061049 0.014624 0.272719
-0.024547 0.040566 0.315534
0.035013 -0.061318 0.002712
-0.016621 0.036968 0.316255
0.044643 -0.013313 0.398095
0.034842 0.033116 0.397391
-0.03593 0.052833 0.00149
-0.005448 0.069674 0.275831
-0.019515 -0.034951 0.305834
0.005896 -0.046442 0.397391
0.017425 -0.043839 0.291829
-0.024309 -0.017026 0.19186
0.008581 0.063794 0.001461
0.042556 0.044088 -0.000254
-0.051726 0.009788 0.29629
0.013842 0.046776 0.396417
0.041264 -0.025592 0.395263
-0.057831 0.03423 0.278915
-0.054959 -0.026992 0.274454
0.009623 -0.040671 0.300823
-0.028813 -0.064106 0.268718
-0.023091 -0.007208 0.159556
-0.011055 -0.019881 0.005424
-0.021682 0.0589 -0.007195
0.025341 -0.031668 0.305834
-0.058554 0.022437 0.000493
0.057174 -0.029011 0.002712
0.060915 -0.002476 -0.000187
0.049985 0.015141 0.363644
0.044556 -0.009101 0.398461
0.035713 -0.032091 0.396417
-0.041587 0.005214 0.300823
0.019381 0.042083 0.364268
0.011555 -0.058902 -0.000254
-0.04745 -0.0039 0.396417
0.01397 0.047216 0.394039
-0.058196 -0.014589 -0.000187
-0.003694 -0.021481 -0.001566
0.053576 -0.046491 0.002712
0.043418 -0.021881 0.395263
0.008941 0.070668 -0.000117
