29664
-0.034084 0.066095 -0.001798
0.053266 -0.035179 0.038223
-0.005904 0.091933 0.047292
0.055849 -0.032256 0.084946
0.00723 0.094799 -0.007075
0.033321 0.088551 -0.004903
-0.024976 -0.057072 -0.006875
-0.082746 0.002418 0.088061
-0.076198 0.033957 0.103626
-0.026018 0.084983 -0.00044
0.070431 0.014292 0.148991
-0.040773 -0.056611 0.118189
0.062674 0.060621 0.117573
0.003797 -0.060097 0.008144
0.055326 -0.010385 -0.001396
0.024145 0.091768 -0.006875
0.057058 0.068589 0.117573
-0.075496 -0.017673 0.094008
0.041405 0.083125 -0.006577
-0.000135 0.098243 -0.004903
0.026352 -0.054146 0.115556
0.005733 -0.059858 0.10736
-0.071003 -0.066315 0.070665
-0.056282 0.071444 0.015454
0.043126 0.082176 -0.003028
-0.025237 -0.057955 -0.001864
0.043062 -0.04421 0.1402
0.07421 0.012106 0.124375
0.051725 0.033868 -0.007284
-0.061488 -0.049617 0.109072
0.055655 -0.018468 0.001421
0.05582 0.070097 0.081724
0.02794 0.086541 -0.007196
-0.052839 -0.044558 0.017434
0.073495 0.006298 0.004258
0.024507 0.092716 0.115556
-0.002054 -0.060203 -0.006577
-0.069394 -0.027679 -0.004903
0.046207 -0.041903 0.02618
-0.065822 0.070062 0.039826
0.019836 0.08567 0.001421
-0.038858 -0.053409 0.043548
0.04177 -0.029151 -0.001396
0.039963 0.084461 0.115556
-0.069421 0.065448 0.008144
0.009487 0.087117 -0.00044
0.034267 0.082648 0.146215
-0.069411 -0.056834 0.125131
0.038379 -0.047713 0.028403
0.038341 0.085544 0.096418
0.06881 0.048439 0.115556
-0.050025 0.067359 -0.007284
0.029174 0.08479 0.141789
-0.011784 -0.060293 0.051429
0.067271 0.052025 0.010248
-0.073218 -0.053359 0.032756
0.017174 -0.057433 0.023909
0.007618 0.097385 0.028403
-0.054455 -0.040054 0.150607
0.02273 -0.055596 0.008144
-0.049928 0.051368 -0.001798
-0.07267 0.060582 0.039826
-0.023441 -0.057991 0.142678
-0.084179 0.012061 0.078432
0.003797 -0.060097 0.126871
-0.065395 -0.029732 0.149955
-0.045031 0.087567 0.045843
0.007618 0.097385 0.002512
-0.041968 -0.058409 0.120793
0.074425 0.021851 0.134879
-0.063227 -0.03341 0.106987
-0.065135 -0.038392 0.118455
-0.005939 -0.060579 0.093833
-0.023331 -0.058439 0.07856
-0.00754 -0.050958 -0.00044
-0.004034 0.098385 0.096418
-0.084468 0.019856 0.11972
-0.082318 0.000515 0.049364
-0.030866 0.09406 0.096418
0.016975 0.094715 0.144956
0.005733 -0.059858 0.034619
-0.05287 -0.044418 0.140523
-0.053135 0.082148 -0.000551
0.011886 -0.052056 0.1162
-0.07599 -0.061313 0.122501
0.060554 -0.026035 0.134879
-0.055978 -0.033385 0.047292
0.07435 0.0238 0.004258
0.072782 0.002463 -0.003028
0.06808 -0.012393 0.105881
0.055849 -0.032256 0.038223
-0.063079 -0.036867 0.120718
-0.044977 -0.049764 0.092803
0.058935 0.060515 0.15037
-0.046495 0.079368 0.023954
-0.077237 -0.014207 0.047479
-0.005933 -0.06002 0.144956
0.068062 -0.012385 0.134879
0.051921 -0.036593 0.126871
-0.076835 -0.07114 0.11571
0.070165 -0.006927 0.134879
-0.078054 0.0502 0.056371
-0.040843 -0.052317 0.107389
0.058259 0.067052 0.02618
0.020893 -0.056253 0.05144
0.019041 -0.056866 0.032639
0.052926 0.062992 0.075459
-0.036325 0.091952 0.129469
-0.079501 0.046577 0.021605
-0.056515 -0.07295 0.09892
0.017174 -0.057433 0.059171
-0.056158 -0.024663 -0.007281
-0.061894 0.074399 0.014682
-0.055711 -0.05122 0.023223
0.073027 0.023719 0.14867
0.032403 -0.045207 0.141789
-0.042182 -0.05156 0.1064
0.074206 0.025746 -0.003028
-0.00766 -0.054241 0.034718
-0.013 -0.053546 0.061074
0.045999 -0.041656 0.142678
-0.078519 0.04829 -0.006577
-0.037197 -0.053981 0.10648
0.073781 0.008228 0.084946
0.069196 0.00885 0.146215
-0.075139 0.000392 0.004489
-0.070544 0.063853 0.002512
-0.038488 -0.045713 0.103626
0.054545 0.071574 0.075105
-0.023375 0.096234 0.036486
0.020995 0.020507 -0.007284
-0.057657 0.078435 0.036486
-0.043334 0.088529 0.081724
0.040001 -0.046628 0.071777
0.07017 0.044783 0.021605
-0.079259 -0.073098 0.110117
-0.063675 -0.034325 0.114329
-0.066285 -0.031331 0.012437
-0.084326 0.023755 0.059171
-0.083127 0.004331 0.081724
0.009585 -0.059237 -0.000551
-0.017596 -0.059575 0.042706
0.031722 0.08193 0.1162
0.074495 0.01795 0.004258
0.037857 -0.031735 -0.001396
0.06881 0.048439 0.000909
0.067271 0.052025 0.047516
0.053394 -0.025489 0.023954
-0.084419 0.015955 0.05144
-0.072717 0.045967 0.1162
0.005688 0.09767 0.041335
0.05665 -0.030398 0.144956
-0.062646 -0.083264 0.089694
-0.03636 -0.045479 0.001421
-0.07458 -0.019468 0.004258
-0.037726 -0.053966 0.11593
0.072355 0.000559 0.093833
0.071362 -0.003214 0.004258
0.074446 0.021852 0.078432
0.047684 -0.040629 0.129469
-0.061713 -0.037293 0.027187
-0.065022 -0.020149 0.001421
-0.083164 -0.071233 0.059935
-0.046721 -0.048746 0.10393
-0.075477 -0.017761 0.030555
0.064348 0.050685 0.15037
0.064735 -0.00705 -0.007196
-0.0614 -0.037394 0.125313
0.001856 -0.060289 0.000909
-0.049684 0.080706 0.15037
-0.042607 0.065107 -0.007284
0.045425 -0.00417 -0.001798
-0.083748 0.008183 0.02618
-0.083992 0.027642 0.023909
-0.059353 0.066948 0.004489
0.062198 0.060328 0.144956
0.074014 0.027687 0.117573
-0.070782 -0.013233 0.126964
0.059421 0.065485 0.004258
0.053266 -0.035179 0.105881
-0.017636 0.097378 0.105881
-0.007933 0.098295 -0.006162
-0.061643 -0.05931 0.024343
-0.061304 0.071226 -0.007075
-0.032703 0.093402 0.117573
-0.059616 -0.0517 0.12634
-0.054629 0.080893 0.137581
-0.03408 -0.044663 -0.00044
-0.064548 0.07154 0.049364
0.049096 0.077155 0.104335
-0.028328 0.086613 0.001421
-0.072252 -0.013952 0.146215
-0.067553 0.066479 0.146973
0.028135 -0.053355 0.000909
0.066877 0.030487 0.004489
-0.056269 -0.078426 0.066094
0.043162 -0.044342 0.096418
-0.084421 0.021806 0.078432
-0.011784 -0.060293 -0.004903
0.015308 0.08896 0.1162
-0.07643 0.053747 0.004258
-0.056181 0.07971 0.075105
-0.01613 0.082238 -0.007284
-0.070518 -0.026084 -0.005609
0.01525 0.095772 0.056371
0.073154 0.033475 0.124375
-0.06706 0.068554 0.108826
0.015294 -0.057953 0.032639
0.003701 -0.059087 -0.006875
0.062697 -0.022776 0.102668
0.04731 -0.034662 0.146215
-0.084468 0.017905 0.126871
0.069512 0.046619 0.016973
-0.01147 -0.041851 -0.001748
0.063562 0.011373 -0.00044
-0.055418 0.070734 -0.007258
0.073322 0.025669 0.146973
0.059448 -0.027642 0.071777
0.049129 -0.039318 0.105881
-0.083987 0.010119 0.117573
0.070796 -0.005081 0.023909
0.019137 0.089089 0.141789
0.035058 -0.04976 0.045843
0.072773 0.035388 0.117573
-0.051568 0.083311 0.117573
-0.079501 0.046577 0.010248
0.013358 0.096245 0.010248
0.029858 0.090347 0.038223
0.007574 -0.05902 0.144956
0.022899 -0.008788 -0.001798
-0.071627 0.062231 0.084946
-0.07143 -0.02422 0.088826
0.073488 0.031553 0.010248
0.044664 0.080976 0.006141
0.051889 0.074432 0.028403
0.072345 0.037291 0.056371
-0.044129 -0.040983 -0.007258
0.040502 0.078818 -0.007196
0.065938 0.000231 0.023954
0.01713 0.095252 0.056371
0.051889 0.074432 0.002512
-0.035746 -0.052292 0.149955
-0.083992 0.027642 0.059171
-0.078194 0.010763 0.135456
-0.06496 -0.032906 0.012432
0.041595 -0.045505 0.019287
0.058089 0.059897 -0.007196
-0.03808 -0.053401 0.056606
0.009541 0.097052 0.032639
-0.084145 0.019852 0.142678
-0.011829 0.098096 0.088061
-0.022267 -0.053934 0.146215
-0.043396 -0.043465 0.009066
-0.039883 0.049742 -0.001799
-0.070743 -0.079241 0.047627
0.050509 0.075811 0.129469
0.07187 0.039184 0.126871
-0.025267 0.09576 0.110332
0.07277 0.035388 0.132156
0.057058 0.068589 0.11972
-0.023375 0.096234 0.065263
-0.048352 0.085519 0.006141
-0.057657 0.078435 0.065263
-0.065574 -0.032311 0.120101
-0.07942 -0.008789 0.137581
0.06729 -0.014177 0.019287
0.057086 -0.030748 0.041335
0.046207 -0.041903 0.045843
0.041559 0.083338 0.113674
-0.004071 -0.053983 0.061074
0.010068 0.090115 0.075459
0.011498 -0.058856 0.041335
-0.034523 0.092699 0.091035
0.03601 0.078477 -0.007258
0.009925 0.055263 -0.001798
0.070796 -0.005081 0.059171
-0.083461 0.006253 0.049364
-0.061627 -0.034083 0.149955
0.05582 0.070097 0.10736
0.0447 -0.043141 0.096418
0.055849 -0.032256 0.105881
0.038379 -0.047713 0.102668
0.051208 -0.028352 0.015454
-0.078783 -0.010633 0.004258
-0.011224 -0.053767 0.1162
-0.062346 -0.036025 0.02664
0.033023 0.074136 -0.001396
-0.056115 -0.054346 0.126415
-0.000375 -0.055816 0.146215
0.007618 0.097385 0.102668
-0.025481 -0.057779 0.117635
0.069528 -0.00877 0.000909
0.044664 0.080976 0.014682
-0.063239 0.072986 0.023909
0.020893 -0.056253 -0.000551
0.062697 -0.022776 -0.004903
-0.080501 0.036814 0.149955
0.017174 -0.057433 0.05144
-0.080143 -0.006976 0.053782
0.003074 -0.053588 0.1162
-0.068904 -0.043822 0.039946
-0.080143 -0.006976 0.091035
-0.043178 0.088246 0.142678
0.070782 0.042931 0.049364
-0.079501 0.046577 0.047516
0.013358 0.096245 0.047516
0.04323 -0.035579 0.004489
0.054935 0.060022 0.004489
-0.060515 0.075779 0.014682
-0.027147 0.095239 0.023909
0.073488 0.031553 0.047516
-0.019558 0.097044 0.12199
-0.06759 -0.029713 0.012436
-0.018289 -0.052656 0.103626
-0.083135 0.03343 0.036486
0.041498 -0.04537 0.1402
-0.015707 0.097665 0.111934
0.054286 0.012834 -0.007284
-0.049948 0.020546 -0.001798
-0.044337 0.079577 -0.007258
-0.043503 0.011101 -0.001798
0.0617 0.051475 0.141789
-0.048352 0.085519 0.014682
-0.081257 0.02924 0.150607
0.026352 -0.054146 0.117573
-0.052337 -0.065219 0.027282
0.054575 -0.033733 0.126871
-0.064099 -0.015889 -0.007281
0.00659 -0.052912 0.089844
-0.01377 0.097904 0.030561
-0.08182 -0.075738 0.094999
-0.077082 -0.014158 0.1402
0.02085 0.094074 0.059171
0.031641 -0.051642 0.096418
0.052097 0.035978 -0.007284
-0.078033 -0.012432 0.093844
-0.07553 -0.017726 -0.001864
0.024507 0.092716 0.117573
-0.056472 -0.044635 0.127479
-0.032184 0.086856 0.034718
0.058259 0.067052 0.081724
0.058259 0.067052 0.045843
-0.011786 -0.060291 0.008144
-0.078034 -0.012433 0.071775
0.02631 0.09197 0.006141
-0.043847 -0.0508 0.04572
-0.076189 0.003808 0.103626
0.039963 0.084461 0.117573
-0.02144 -0.058857 0.107634
-0.005911 0.092556 0.135456
-0.074554 -0.019366 0.045572
0.022638 -0.055349 -0.006577
-0.052394 -0.037472 0.135456
0.036692 0.086587 0.036486
-0.015663 -0.059863 -0.001864
-0.041614 0.089449 0.023909
0.06881 0.048439 0.117573
-0.04556 -0.050137 0.045713
-0.063239 0.072986 0.059171
0.074353 0.014052 0.062147
-0.013729 -0.060099 0.004258
-0.038857 -0.054209 0.037175
-0.080769 0.042887 0.104335
0.001856 -0.060289 0.039826
-0.082318 0.000515 0.002512
-0.055514 0.073264 0.141789
0.061622 -0.024404 -0.006162
-0.067031 -0.030783 -0.004903
-0.067653 -0.082113 0.103807
-0.027147 0.095239 0.059171
0.041595 -0.045505 0.088061
-0.056774 -0.041819 0.131711
-0.084183 0.0257 0.113674
0.038379 -0.047713 -0.004903
0.003779 -0.059933 0.1402
0.053235 0.073019 0.068485
-0.061894 0.074399 0.084946
0.057086 -0.030747 0.023909
-0.053845 -0.067201 0.047704
0.074011 0.027687 0.132156
-0.07205 0.057963 0.149955
0.007618 0.097385 -0.004903
-0.043334 0.088529 0.10736
-0.084113 0.025694 0.137581
-0.083127 0.004331 0.10736
-0.070929 -0.024306 0.144956
0.005733 -0.059858 0.019287
0.003519 -0.057593 0.150607
0.028135 -0.053355 0.039826
0.0316 0.08947 0.098756
0.061596 -0.024386 0.137581
-0.037186 -0.053764 0.120449
-0.066448 -0.031158 0.122121
0.067788 0.043962 0.150607
-0.078891 -0.006545 0.14867
0.047671 -0.040613 0.134879
-0.045046 0.080442 0.015454
-0.00789 -0.060531 0.071777
0.06729 -0.014177 0.088061
-0.083748 0.008183 0.081724
-0.083748 0.008183 0.045843
-0.040185 -0.045091 0.047292
-0.080077 -0.006954 0.137581
0.073781 0.008228 0.105881
0.058286 -0.029209 0.12199
0.054545 0.071574 0.124375
-0.080223 -0.004955 0.144956
0.02631 0.09197 0.014682
-0.038782 0.083994 0.023954
0.033321 0.088551 0.036486
-0.076696 0.032233 0.1162
0.074014 0.027687 0.11972
-0.041614 0.089449 0.059171
0.013402 -0.058428 0.021605
0.001087 0.09007 0.001421
-0.081335 0.04102 0.129469
-0.032703 0.093402 0.11972
-0.039027 0.057315 -0.001799
-0.081843 -0.001377 0.115556
-0.083992 0.027642 0.05144
-0.027941 -0.04258 -0.001396
0.041595 -0.045505 0.042806
-0.033713 -0.055364 0.042177
-0.023374 0.096232 0.132156
0.068062 0.050242 0.075105
0.024071 0.06121 -0.001799
0.068394 0.016222 0.015454
-0.065079 -0.032791 0.12442
0.064661 -0.019404 0.004258
0.07119 0.041018 0.1402
0.03278 0.087589 -0.006875
-0.069002 -0.081716 0.103474
-0.056181 -0.07803 0.097468
-0.032663 -0.055618 0.0605
-0.08104 0.036942 0.14867
-9e-05 -0.060433 0.115556
0.064639 0.057251 0.113674
0.073495 0.006298 0.124375
-0.083135 0.03343 0.065263
-0.083127 0.004331 0.034619
-0.072455 -0.020511 0.14867
0.061515 -0.024334 0.1402
0.06729 -0.014177 0.042806
0.055592 0.067416 0.149955
0.074353 0.014052 0.04429
-0.028906 -0.056911 0.108458
0.067835 0.027004 0.009066
-0.003383 -0.007078 -0.007284
-0.065199 -0.022432 0.047292
-0.056093 -0.04417 0.022523
0.033008 0.067607 -0.007284
-0.048236 -0.047617 0.050824
0.051889 0.074432 0.102668
0.0316 0.08947 0.028403
-0.052149 0.039149 -0.001799
0.005413 -0.009051 -0.001798
0.07017 0.044783 0.053782
0.07414 0.012112 0.137581
-0.058112 -0.038955 0.146976
-0.081322 -0.003257 0.071777
-0.069255 -0.046648 0.0417
0.070796 -0.005081 0.05144
0.05453 0.07156 0.134879
0.005436 0.09581 0.149955
-0.011681 -0.059283 -0.006875
-0.061667 -0.059703 0.105188
0.069512 0.046619 0.032639
-0.080756 -0.005124 0.115556
-0.038089 -0.053422 0.09727
-0.00205 -0.060206 0.142678
0.068437 0.018023 0.015454
0.056957 -0.030644 0.1402
0.038945 0.038172 -0.001799
-0.021472 0.096662 0.129469
-0.025267 0.09576 -0.003028
-0.025223 -0.057966 0.050469
-0.067506 0.057402 0.015454
-0.059263 -0.07891 0.04804
0.036692 0.086587 0.065263
0.062697 -0.022776 0.129469
0.047205 0.065149 -0.00044
-0.060889 -0.074218 0.03278
-0.067505 -0.02976 0.026176
0.030211 0.082897 0.047292
0.069528 -0.00877 0.039826
0.06849 -0.008397 -0.006875
-0.058241 -0.038509 0.104194
0.029898 -0.05252 0.113674
-0.070314 -0.051283 0.114137
0.024107 0.08247 -0.00044
0.041559 0.083338 0.093833
-0.068184 -0.08416 0.077665
-0.047629 -0.048486 0.133763
-0.023515 -0.058306 0.117615
-0.009838 -0.060436 0.105882
0.07435 0.0238 0.124375
-0.060062 -0.059692 0.126098
-0.071627 0.062231 0.105881
-0.045031 0.087567 0.053782
0.01149 -0.058819 -0.006162
-0.045031 0.087567 0.091035
0.031851 0.082151 0.034718
-0.047731 -0.065243 0.035886
-0.046704 0.086563 0.04429
-0.000477 -0.054151 0.034718
-0.055625 -0.02394 -0.001396
-0.064493 -0.033745 -0.006162
-0.081855 0.03914 0.126871
-0.079486 -0.008813 0.108826
0.028094 0.09118 0.081724
-0.02841 -0.01642 -0.007284
-0.083754 0.029578 -0.005609
-0.025125 0.095219 0.144956
0.013402 -0.058428 0.010248
0.005733 -0.059858 0.088061
0.041595 -0.045505 0.100827
-0.07723 -0.014229 0.124376
-0.06582 -0.031004 0.043013
-0.063939 -0.033607 0.040213
-0.025222 -0.057966 0.101781
-0.059526 0.067101 0.103626
0.044191 -0.036681 0.141789
-0.081805 -0.062248 0.05815
0.022687 0.093418 -0.000551
-0.080143 -0.006976 0.078432
-9e-05 -0.060433 0.000909
0.061075 0.059635 0.149955
-0.072391 -0.018239 0.150607
-0.019514 -0.059246 0.094097
0.04765 0.078465 0.002512
-0.067906 -0.02851 0.105096
0.070782 0.04293 0.108826
0.074019 0.010165 0.02618
0.072345 0.037291 0.111934
-0.061883 -0.02666 0.061074
0.009585 -0.059237 0.098756
-0.062561 -0.034284 0.097686
0.033321 0.088551 0.065263
-0.067948 -0.067929 0.028494
-0.059148 -0.072028 0.065228
-0.000124 -0.059875 0.144956
-0.009524 0.092422 0.135456
0.015294 -0.057953 0.014682
-0.076354 -0.076513 0.107755
-0.063239 0.072986 0.05144
-0.015706 0.097665 0.11972
0.00839 0.090864 0.034718
0.051889 0.074432 -0.004903
-0.004034 0.098385 0.075105
0.06729 -0.014177 0.100827
-0.041576 -0.051671 0.060335
-0.072632 -0.04993 0.124135
-0.076755 0.051751 0.144956
-0.030866 0.09406 0.075105
-0.009011 0.084099 -0.007281
-0.013492 0.0954 0.150607
-0.080756 -0.005124 0.000909
-0.033825 -0.055314 0.04333
-0.053135 0.082148 0.028403
0.068826 -0.010591 -0.005609
0.044664 0.080976 0.104335
-0.053135 0.082148 0.002512
0.043025 -0.035177 -0.007258
0.045981 0.076577 0.150607
0.074495 0.019901 0.115556
-0.054673 0.080948 0.006141
-0.072316 -0.08227 0.066401
-0.060515 0.075779 0.084946
-0.060856 -0.037196 0.140258
0.009541 0.097052 0.014682
-0.002084 0.098338 0.004258
0.005733 -0.059858 0.042806
0.046207 -0.041903 0.034619
0.071362 -0.003214 0.124375
-0.023331 -0.058439 0.101497
0.06808 -0.012393 0.02618
-0.073542 -0.020989 0.050921
-0.048314 0.085461 0.137581
0.011454 0.096672 0.041335
-0.06775 -0.026667 0.149955
0.001811 0.0981 0.010248
-0.009883 0.09824 0.115556
-0.034523 0.092699 0.088061
0.038341 0.085544 0.016973
-0.08344 0.023701 0.146973
-0.056368 -0.078418 0.073809
-0.048352 0.085519 0.084946
0.058288 -0.01795 0.126964
-0.061208 -0.082434 0.072344
0.047199 -0.02958 0.001421
0.047092 -0.031883 0.089844
-0.070036 -0.026433 0.014683
-0.076443 -0.009697 0.150607
0.058259 0.067052 0.10736
-0.007746 -0.056605 0.148991
0.059421 0.065485 0.124375
-0.065012 -0.057042 0.024461
-0.041578 -0.05166 -0.004042
-0.036007 -0.054207 0.12025
-0.075955 0.035736 0.1162
-0.047641 0.07788 0.103626
-0.041614 0.089449 0.05144
-0.071135 -0.046841 0.039061
0.049616 -0.037025 0.14867
-0.064026 -0.034169 0.03719
-0.002038 -0.06053 -0.005609
-0.043768 -0.050031 0.142761
0.036731 -0.048757 0.038223
-0.070486 0.063814 0.137581
-0.066892 -0.047571 0.125191
0.009585 -0.059237 0.028403
-0.004038 -0.056649 0.148991
0.013402 -0.058428 0.047516
-0.016529 -0.052962 0.075459
0.053235 0.073019 0.056371
-0.083992 0.027642 -0.000551
0.073154 0.033475 -0.004042
0.057086 -0.030747 0.05144
0.007663 -0.059572 0.004258
-0.070544 0.063853 0.129469
-0.059103 0.077125 0.056371
-0.020125 -0.052707 0.034718
-0.073565 -0.075855 0.113906
0.063227 0.00443 -0.00044
-0.015707 0.097665 0.110332
-0.063046 0.063051 0.1162
0.061629 0.062269 0.004258
-0.058411 -0.030754 0.1162
0.061654 -0.024424 0.056371
-0.011541 -0.057899 -0.007075
0.025532 -0.047683 0.009066
-0.023375 0.096234 0.030561
-0.054673 0.080948 0.014682
-0.057657 0.078435 0.030561
0.055977 0.058589 0.089844
0.006555 0.090767 0.103626
-0.036202 0.091678 -0.006577
-0.015187 0.093435 -0.007196
-0.025625 -0.057675 0.016973
-0.061129 -0.035641 0.100805
-0.076627 0.034048 0.126964
-0.03979 -0.055549 0.03995
0.067528 0.025169 0.103626
0.058259 0.067052 0.034619
0.070796 -0.005081 -0.000551
-0.063544 -0.080631 0.111534
0.051182 0.066193 0.015454
0.074495 0.019901 0.000909
-0.061894 0.074399 0.105881
-0.027348 -0.057264 0.115712
0.053266 -0.035179 0.02618
0.050495 0.075796 0.134879
-0.017636 0.097378 0.02618
-0.082675 0.027496 0.14867
0.035058 -0.04976 0.053782
-0.033817 -0.048406 0.126964
0.073154 0.033475 0.012434
0.035058 -0.04976 0.091035
0.040001 -0.046628 0.11972
-0.01867 -0.054696 0.146215
0.001811 0.0981 0.047516
-0.056436 -0.074736 0.093885
-0.059952 -0.04747 0.108968
0.02631 0.09197 0.084946
-0.009883 0.09824 0.000909
-0.079501 0.046577 0.078432
-0.007935 0.098336 0.093833
0.005733 -0.059858 0.100827
-0.015685 -0.059847 0.117579
-0.06005 -0.05409 0.107178
-0.013741 -0.060088 0.132156
0.067203 0.014612 -0.007258
0.050493 -0.037923 0.137581
-0.0526 -0.072137 0.049188
0.073778 0.008229 0.132156
0.065559 0.05553 0.093833
-0.063063 0.00559 -0.007284
0.052449 -0.034437 -0.006875
0.060571 -0.026047 -0.000551
-0.080158 0.04474 0.068485
0.07017 0.044783 0.078432
-0.015707 0.097665 -0.001864
-0.002641 0.083089 -0.001748
0.0316 0.08947 0.102668
-0.07853 0.02887 0.141789
-0.027141 0.095219 0.134879
-0.07113 0.049176 0.089844
-0.084326 0.023755 0.049364
0.050172 -0.034939 -0.007075
0.046207 -0.041903 0.091035
-0.056948 -0.039874 0.103364
-0.055061 -0.032196 -0.007258
-0.07617 0.016285 0.001421
0.07421 0.012106 0.126871
-0.083748 0.008183 0.034619
0.036438 -0.041439 0.034718
0.031026 0.059654 -0.001798
-0.031567 0.073324 -0.001748
-0.046704 0.086563 0.108826
-0.076338 0.003777 0.1162
-0.041816 -0.057686 0.040919
0.071349 0.041064 0.113674
-0.075509 -0.017692 0.068416
0.061766 0.057864 -0.007075
-9e-05 -0.060433 0.039826
-0.039831 -0.05254 0.071278
-0.076643 0.005541 0.061074
-0.013624 0.096587 0.14867
-0.081843 -0.001377 0.117573
-0.069328 -0.063566 0.027452
0.051889 0.074432 0.129469
0.043162 -0.044342 0.016973
0.066966 0.032321 0.034718
0.070782 0.042931 -0.004042
0.072844 0.004435 0.142678
0.038472 0.079065 0.141789
0.063883 -0.018977 0.146973
-0.040216 -0.026256 -0.001799
0.035019 0.08759 0.049364
0.049374 0.06943 0.141789
-0.056874 -0.042389 0.128932
-0.024869 0.087304 0.001421
0.022687 0.093418 0.11972
-0.061564 -0.049623 0.126109
-0.004072 0.09517 0.15037
-0.058992 -0.039748 0.129342
-0.058296 0.066015 0.001421
-0.011753 0.097211 0.146973
-0.01377 0.097904 0.12199
-0.083127 0.004331 0.019287
-0.05211 -0.053057 0.0456
-0.080756 -0.005124 0.039826
0.059448 -0.027642 0.11972
0.011811 0.089724 0.103626
0.0447 -0.043141 0.075105
0.063833 0.042601 0.103626
0.020617 -0.049918 0.015454
-0.053287 0.073495 0.061074
-0.014509 0.086831 -0.007281
0.033309 0.081093 0.047292
0.070185 -0.006933 0.075105
0.031383 -0.051146 0.144956
0.071492 0.000764 -0.006875
0.055849 -0.032256 0.02618
-0.058125 -0.049586 0.126488
0.074019 0.010165 0.081724
-0.023517 -0.051484 0.075459
-0.081322 -0.003257 0.117573
0.074019 0.010165 0.045843
0.034572 0.086823 0.146973
0.001657 -0.057681 -0.007075
-0.041574 -0.051665 0.08638
0.048636 0.066379 0.001421
0.071862 -0.001328 0.134879
0.019035 -0.056846 0.134879
-0.046643 -0.048748 0.067829
-0.0628 0.033495 -0.001798
-0.02335 -0.058425 -0.000551
0.028094 0.09118 0.10736
0.008619 -0.054056 0.141789
0.020893 -0.056253 0.028403
-0.082261 0.037231 0.137581
0.033361 -0.050722 -0.004042
-0.07701 -0.003936 0.148991
0.0316 0.08947 -0.004903
0.020893 -0.056253 0.002512
0.028135 -0.053355 0.010248
0.073775 0.029623 -0.004042
0.031771 0.085733 0.15037
0.038379 -0.047713 0.036486
-0.084179 0.012061 0.062147
-0.053135 0.082148 0.102668
-0.041614 0.089449 -0.000551
0.047322 -0.017271 -0.001748
0.003797 -0.060097 0.113674
-0.078054 0.0502 -0.001864
0.067271 0.052025 0.041335
0.059159 0.065296 0.142678
0.031646 0.081799 0.075459
-0.007934 0.098315 0.134879
0.058286 -0.029209 0.023909
0.01587 0.006756 -0.001798
-0.031409 -0.055826 0.028379
0.015294 -0.057953 0.084946
-0.026988 0.088283 0.103626
-0.055833 -0.042159 0.008103
-0.077742 0.028763 0.015454
0.019041 -0.056866 0.038223
0.06808 -0.012393 0.045843
0.031641 -0.051642 0.075105
-0.06966 -0.055189 0.109753
0.056052 -0.02992 0.14867
-0.084419 0.015955 0.002512
0.041401 -0.045242 -0.006577
0.014896 -0.049498 0.001421
-0.045031 0.087567 0.088061
0.043126 0.082176 -0.000551
0.042469 -0.043432 -0.006875
-0.080235 -0.072261 0.110128
-0.073907 -0.004829 0.061074
0.049096 0.077155 -0.005609
-0.051993 -0.036994 0.047292
-0.072458 -0.061703 0.028648
-0.083135 0.03343 0.030561
-0.069421 0.065448 0.113674
-0.059277 -0.041411 0.126609
-0.003214 0.067394 -0.007284
0.0637 -0.021102 0.093833
0.033361 -0.050722 0.012434
0.009541 0.097052 0.084946
-0.004034 0.098385 0.124375
-0.075553 0.05549 0.038223
0.05582 0.070097 0.042806
0.028094 0.09118 0.034619
-0.028569 -0.049711 0.004489
0.073775 0.029623 0.012434
-0.064632 -0.03348 0.120264
0.038341 0.085544 0.032639
-0.025267 0.09576 0.023909
0.074495 0.017951 0.081724
0.02273 -0.055596 0.113674
0.053738 0.029236 -0.001798
-0.049224 0.083343 0.14867
0.009585 -0.059237 0.102668
-0.0804 0.002954 -0.007075
-0.009641 0.094318 0.148991
-0.009838 -0.060436 0.115556
-0.073673 0.058908 0.049364
0.066067 0.051473 0.14867
0.068215 0.023422 0.023954
-0.020132 -0.052738 0.126964
0.073154 0.033475 0.008144
0.013419 -0.044092 -0.001396
0.074495 0.019901 0.039826
0.034584 0.021346 -0.007284
0.072345 0.037291 0.110332
-0.077264 0.051983 0.126871
-0.052826 -0.038071 -0.007196
-0.060515 0.075779 0.105881
-0.01489 0.091661 0.015454
-0.017134 -0.001953 -0.001798
-0.04202 -0.053687 0.123855
-0.070515 0.063834 -0.006162
0.01713 0.095252 0.110332
-0.015707 0.097665 -0.003028
0.018452 0.059146 -0.001799
0.058286 -0.029209 0.059171
-0.027675 0.09019 -0.007196
-0.049112 -0.055086 0.044727
-0.06368 0.055107 -0.00044
-0.082318 0.000515 0.129469
-0.063549 -0.034091 0.14267
0.040001 -0.046628 0.098756
-0.020041 -0.052309 0.075459
0.036692 0.086587 0.030561
-0.051569 0.083311 0.111934
-0.025181 -0.025219 -0.007284
-0.009883 0.09824 0.039826
0.031641 -0.051642 0.016973
0.067504 0.026963 0.1162
0.051166 -0.02166 -0.007281
-0.048352 0.085519 0.105881
0.028135 -0.053355 0.047516
-0.056191 -0.028691 -0.00044
-0.084323 0.014006 0.021605
0.074495 0.019901 0.117573
-0.08005 -0.002888 0.14867
-0.068481 0.022531 -0.001748
-0.005929 -0.059691 0.146973
-0.073807 -0.004794 0.075459
-0.03945 -0.05457 0.041332
-0.074368 -0.003098 0.075459
0.046207 -0.041903 0.019287
0.069528 -0.00877 0.010248
-0.007227 -0.042395 -0.001798
-0.068512 -0.04403 0.123345
-0.084179 0.012061 0.04429
-0.06826 0.067016 -0.001864
-0.053135 0.082148 -0.004903
-0.019514 -0.059246 0.068379
0.072782 0.002463 -0.000551
0.074446 0.021852 0.062147
0.053266 -0.035179 0.045843
-0.017636 0.097378 0.045843
0.01525 0.095772 -0.001864
-0.082746 0.002418 0.006141
-0.059604 -0.027125 0.001421
-0.025267 0.09576 0.059171
0.059611 0.052442 0.075459
-0.082329 0.037247 0.049364
0.060571 -0.026047 0.11972
0.073495 0.006298 0.012434
-0.005985 0.098384 -0.001864
0.015294 -0.057953 0.038223
0.067333 0.007285 0.009066
0.02085 0.094074 0.049364
-0.054673 0.080948 0.104335
-0.008482 -0.006892 -0.007284
0.035048 -0.049743 0.134879
-0.054525 -0.043073 0.046358
0.07435 0.0238 -0.004042
0.068545 -0.010484 -0.006577
0.074206 0.025746 -0.000551
0.038379 -0.047713 0.065263
-0.056334 -0.015435 -0.007284
0.01713 0.095252 -0.001864
-0.027088 -0.057455 0.044756
0.015664 0.090189 0.141789
-0.083105 0.010217 0.146973
-0.027131 -0.057421 0.040719
0.033321 0.088551 0.030561
-0.080158 0.04474 0.056371
-0.046635 -0.048739 0.089309
0.053235 0.073019 0.111934
-0.03087 -0.056195 0.036143
-0.038018 0.00277 -0.001798
-0.084421 0.021806 0.062147
0.013357 0.083556 -0.007281
-0.016869 0.063932 -0.001799
-0.004005 -0.059253 0.14867
0.042324 0.081122 0.14867
-0.00789 -0.060531 0.11972
0.009585 -0.059237 -0.004903
0.03322 -0.050457 -0.006577
0.05582 0.070097 0.100827
-0.032664 -0.055608 -0.004042
0.065975 0.028587 0.001421
0.050507 0.075809 0.132156
0.022687 0.093418 0.098756
0.060513 -0.026007 0.137581
-0.083127 0.004331 0.042806
-0.084468 0.017905 0.113674
0.003092 -0.052183 -0.007258
-0.071377 -0.024573 0.034503
-0.084468 0.019856 0.068485
0.003043 0.091496 0.047292
0.02455 -0.054893 0.056371
-0.019527 -0.059236 0.000909
-0.048625 -0.049308 0.128196
0.065955 -0.015696 0.144956
0.02631 0.09197 0.105881
-0.069073 -0.066814 0.088071
-0.004964 -0.038372 -0.001799
-0.068702 0.064929 -0.006875
-0.01473 -0.052993 0.004489
0.058259 0.067052 0.019287
-0.080786 -0.003102 0.144956
-0.07043 0.059233 -0.007075
-0.078034 -0.012433 0.075105
0.013358 0.096245 0.041335
0.07435 0.0238 0.012434
0.042733 0.023819 -0.001799
-0.069527 0.054402 0.135456
-0.077261 0.051982 0.132156
-0.044463 -0.038579 -0.00044
0.04094 -0.044617 -0.006875
0.073488 0.031553 0.041335
0.054587 -0.022093 -0.007258
0.069528 -0.00877 0.047516
-0.005939 -0.060579 0.004258
0.017174 -0.057433 0.002512
0.035058 -0.04976 0.088061
0.013402 -0.058428 0.078432
-0.067764 -0.042593 0.036714
0.071362 -0.003214 -0.004042
0.001332 0.093446 -0.007196
0.074446 0.021852 0.04429
-0.070524 -0.013107 0.1162
-0.023196 -0.050363 0.001421
-0.015616 -0.059528 -0.006577
0.043162 -0.044342 0.032639
-0.083754 0.029578 0.021605
-0.078175 0.01978 0.034718
-0.002084 0.098338 0.124375
-0.071186 -0.06651 0.082677
-0.082583 -0.062735 0.104502
-0.071627 0.062231 0.02618
-0.078034 -0.012432 0.062138
-0.084326 0.023755 0.002512
0.031925 0.082278 0.023954
-0.027678 -0.05703 0.132151
0.055849 -0.032256 0.045843
-0.080769 0.042887 -0.005609
-0.054287 -0.074927 0.109134
0.004382 -0.031559 -0.001799
-0.071452 -0.024339 0.040816
0.008341 -0.05262 0.004489
-0.03546 -0.047679 0.126964
0.059421 0.065485 -0.004042
-0.081322 -0.003257 0.11972
-0.036325 0.091952 0.093833
-0.068043 0.066847 -0.006577
-0.073411 -0.021006 -0.006577
0.022687 0.093418 0.028403
-0.074785 -0.003231 0.126964
0.066763 0.051792 0.144956
0.073454 0.02958 0.142678
0.066457 -0.015941 0.041335
-0.075307 -0.001511 0.126964
0.020893 -0.056253 0.102668
-0.011784 -0.060293 0.091044
0.026224 -0.053849 0.142678
0.001976 -0.031947 -0.001799
0.069869 0.018006 0.146215
0.033361 -0.050722 0.008144
0.046207 -0.041903 0.088061
-0.083992 0.027642 0.098756
0.044698 -0.043139 0.132156
0.074019 0.010165 0.10736
-0.071739 -0.020057 -0.007075
-0.084421 0.021806 0.04429
0.073775 0.029623 0.008144
-0.083748 0.008183 0.019287
0.055574 -0.022621 0.015454
-0.07186 0.047558 0.004489
-0.03807 -0.054133 0.040249
0.059534 0.054439 0.135456
-0.07643 0.053747 -0.004042
-0.071731 -0.011691 0.015454
-0.075226 -0.063047 0.096298
0.068826 -0.010591 0.021605
0.01198 -0.052449 0.023954
-0.06706 0.068554 0.115556
0.04629 0.060292 -0.007281
0.043126 0.082176 0.11972
0.011678 -0.044249 -0.001396
0.071362 -0.003214 0.012434
0.04765 0.078465 0.129469
0.063834 0.042601 0.075459
0.044154 0.074509 -0.007196
0.007663 -0.059572 0.124375
0.056698 -0.004276 -0.007281
0.071882 -0.001333 -0.001864
-0.083127 0.004331 0.100827
0.050246 -0.019106 -0.001396
-0.038844 -0.050577 -0.007075
0.070185 -0.006933 0.124375
0.061629 0.062269 0.124375
0.058286 -0.029209 0.05144
0.059421 0.065485 0.012434
0.062686 0.045988 0.061074
0.047684 -0.040629 0.093833
0.06558 -0.017684 0.041335
0.063194 0.058666 0.144956
0.003752 0.097909 0.056371
0.017625 -0.031503 -0.001799
-0.023375 0.096234 0.12199
0.054575 -0.033733 0.113674
-0.057657 0.078435 0.12199
-0.005968 0.09706 0.14867
-0.083392 0.006265 0.137581
-0.053135 0.082148 0.129469
0.069512 0.046619 0.084946
0.013283 0.09593 0.142678
-0.02661 0.086977 0.001421
-0.074504 -0.01952 0.121994
0.011468 -0.050402 0.001421
-0.002038 -0.06053 0.021605
-0.07643 0.053747 0.012434
-0.017591 -0.059578 0.056219
-0.041708 0.081869 0.061074
-0.078595 0.016171 0.135456
-0.029014 0.094672 -0.001864
0.074019 0.010165 0.034619
0.072345 0.037291 -0.003028
0.067311 0.007292 0.126964
-0.050726 -0.047091 0.130539
-0.064297 -0.053736 0.045896
-0.054891 -0.072515 0.105449
0.01713 0.095252 -0.003028
-0.025267 0.09576 0.05144
0.073495 0.006298 0.008144
-0.083992 0.027642 0.028403
0.015294 -0.057953 0.105881
-0.038108 0.091161 0.093833
-0.05956 -0.037995 0.144971
0.005161 0.093777 0.148991
-0.038808 -0.05372 0.042369
-0.005984 0.098364 0.134879
0.021187 0.05224 -0.007284
-0.083754 0.029578 0.010248
0.058259 0.067052 0.088061
0.060571 -0.026047 0.098756
-0.021479 -0.058828 0.004258
-0.014224 -0.049261 -0.00044
0.020893 -0.056253 -0.004903
-0.039723 0.090022 -0.006577
-0.015508 -0.058731 -0.006875
-0.033843 0.086168 0.034718
0.072782 0.002463 0.11972
0.054545 0.071574 0.126871
0.037723 0.078028 0.1162
-0.009426 -0.053704 0.089844
-0.057096 -0.072671 0.123084
-0.078783 -0.010633 -0.004042
-0.062338 -0.016458 -0.001396
-0.050268 -0.067494 0.115999
0.017372 0.083955 -0.00044
0.01014 -0.052449 0.1162
0.011562 0.088675 0.001421
0.038303 0.085485 0.137581
0.030142 0.082771 0.061074
-0.039871 0.090326 0.108826
0.033389 -0.028641 -0.001748
-0.037913 -0.048735 -0.007196
0.033052 0.088061 0.144956
0.009541 0.097052 0.105881
-0.06706 0.068554 0.000909
-0.080773 -0.062779 0.072552
0.029858 0.090347 0.081724
0.029858 0.090347 0.045843
-0.048913 -0.048525 0.046171
0.06808 -0.012393 0.034619
0.057058 0.068589 0.068485
0.018997 0.094686 0.004258
-0.051532 -0.045532 -0.005609
-0.011759 -0.059969 0.142678
-0.060153 -0.029906 0.135456
-0.019473 -0.058652 0.144956
-0.060783 -0.028072 0.1162
-0.084493 -0.068861 0.097764
0.035505 0.072343 -0.001396
-0.015327 -0.057364 0.150607
-0.016988 0.093359 -0.007196
-0.069965 -0.026293 0.140199
0.033655 0.085248 -0.007075
0.074206 0.025746 0.11972
-0.0788 0.048397 0.004258
0.073003 0.02759 -0.006875
0.019772 0.085218 -0.007258
-0.00789 -0.060531 0.098756
0.070796 -0.005081 0.028403
-0.011829 0.098096 0.006141
0.073495 0.006298 0.126871
0.070796 -0.005081 0.002512
0.068459 0.007051 -0.007196
-0.068553 0.047997 -0.00044
-0.061894 0.074399 0.02618
0.028094 0.09118 0.019287
-0.069369 0.050276 0.001421
-0.01377 0.097904 0.023909
-0.064191 0.06167 0.047292
0.066974 0.005527 0.034718
-0.069211 -0.027811 0.004258
0.058259 0.067052 0.042806
0.07435 0.0238 0.008144
0.055405 -0.022505 0.126964
-0.070326 -0.025825 0.108282
-0.063234 -0.076983 0.037081
0.05582 0.070097 0.016973
-0.009838 -0.060436 0.117573
-0.074634 0.057211 0.049364
-0.041232 -0.052343 0.044392
0.035073 -0.042635 0.015454
-0.083748 0.008183 0.088061
0.035019 0.08759 -0.004042
0.012479 0.043081 -0.001798
-0.084183 0.0257 0.096418
0.069512 0.046619 0.038223
0.060571 -0.026047 0.028403
-0.037113 -0.046976 0.009066
0.020288 0.077264 -0.001748
-0.065822 0.070062 0.041335
-0.056583 -0.052703 0.045908
-0.077436 0.026917 0.061074
-0.067411 -0.029849 0.126859
-0.015706 0.097662 0.132156
0.033438 -0.046983 0.15037
0.07187 0.039184 0.081724
-0.069956 -0.02349 0.149955
-0.056181 0.07971 0.126871
-0.002038 -0.06053 0.010248
-0.079197 0.017971 0.141789
-0.016605 -0.053416 0.009066
-0.051534 -0.04553 0.012088
-0.011327 0.092288 0.135456
-0.083754 0.029578 0.047516
0.074446 0.021852 0.108826
-0.084468 0.019856 0.056371
-0.073964 0.042611 0.1162
0.072355 0.000559 0.075105
0.018507 -0.044245 -0.001396
-0.045165 -0.04976 0.047166
-0.037595 -0.0535 0.028504
0.02085 0.094074 0.002512
0.0316 0.08947 0.036486
-0.038451 -0.053467 0.032494
0.044664 0.080976 -0.005609
-0.072939 -0.055235 0.046917
0.030172 0.042574 -0.007284
0.068005 0.009011 0.135456
0.017174 -0.057433 0.102668
0.006595 0.091014 0.047292
-0.01377 0.097904 0.059171
0.04591 0.050285 -0.007284
0.022729 -0.055593 0.132156
0.053266 -0.035179 0.034619
-0.084323 0.014006 0.053782
-0.084323 0.014006 0.091035
-0.083748 0.008183 0.042806
0.035019 0.08759 0.012434
0.066437 0.053788 0.010248
-0.015675 -0.059854 0.113688
-0.084186 -0.071166 0.069704
0.071362 -0.003214 0.008144
-0.030451 -0.055187 -0.006875
-0.063239 0.072986 0.002512
0.039258 0.080153 0.148991
-0.071627 0.062231 0.045843
0.054441 0.061883 0.023954
0.068086 0.012632 0.023954
-0.084421 0.021806 0.108826
0.018675 -0.038157 -0.007284
0.022345 0.087304 0.135456
-0.026833 -0.001403 -0.001798
0.043126 0.082176 0.098756
-0.074716 -0.015162 0.149955
-0.027147 0.095239 0.002512
-0.064675 -0.033172 0.129354
0.017111 0.095185 0.137581
-0.065355 -0.022539 0.126964
-0.07018 -0.012938 0.004489
0.064639 0.057251 0.096418
-0.047443 -0.04823 0.017516
-0.082746 0.002418 0.104335
-0.051569 0.083311 -0.001864
-0.075081 -0.011168 0.15037
0.059421 0.065485 0.008144
-0.078541 -0.058349 0.11188
0.003769 -0.059798 -0.006577
0.053235 0.073019 0.110332
-0.048246 -0.035296 -0.00044
-0.080158 0.04474 0.111934
-0.057296 -0.072016 0.059446
0.050152 -0.037573 0.144956
-0.052098 -0.034407 0.001421
0.051689 -0.036367 0.142678
0.068681 0.04631 0.146973
-0.067183 -0.021588 0.141789
0.058259 0.067052 0.100827
-0.083135 0.03343 0.12199
-0.066076 -0.027604 -0.007075
-0.002328 0.091641 0.075459
-0.049016 -0.039001 0.089844
0.01903 -0.05683 -0.006162
0.064661 -0.019404 -0.004042
-0.043334 0.088529 0.016973
0.056403 -0.02101 0.126964
-0.080143 -0.006976 0.062147
-0.07643 0.053747 0.008144
-0.028994 -0.056863 -0.001864
-0.03558 0.085648 0.015454
0.041595 -0.045505 0.006141
-0.040758 -0.046123 0.141789
0.02455 -0.054893 0.111934
-0.061563 -0.036842 0.004258
-0.041614 0.089449 0.028403
-0.002038 -0.06053 0.047516
0.064979 0.000611 -0.007258
0.074125 0.016012 0.142678
-0.034598 -0.054732 0.120088
-0.084311 -0.073014 0.08745
-0.041614 0.089449 0.002512
-0.025267 0.09576 -0.000551
-0.050792 0.082238 0.14867
0.054094 0.059252 -0.007258
-0.02543 -0.057816 0.008144
-0.005859 -0.053878 0.075459
0.020893 -0.056253 0.129469
0.074014 0.027687 0.068485
0.029898 -0.05252 0.096418
0.036692 0.086587 0.12199
-0.078782 -0.010634 0.126871
0.051921 -0.036593 0.10736
-0.078031 -0.012439 0.021605
-0.023621 0.089521 0.047292
-0.039371 -0.053976 0.119703
0.022574 0.093114 0.142678
0.049096 0.077155 0.021605
0.06729 -0.014177 0.006141
-0.032703 0.093402 0.068485
-0.071301 0.045438 0.001421
0.017174 -0.057433 -0.004903
-0.067214 -0.028933 0.146972
-0.021441 0.088208 0.001421
-0.033349 0.07302 -0.001748
-0.004066 -0.054432 0.023954
0.043126 0.082176 0.028403
-0.071892 -0.022349 -0.006875
0.038379 -0.047713 0.030561
0.072782 0.002463 0.098756
-0.050143 -0.046505 0.014007
-0.063991 0.0661 0.148991
0.066437 0.053788 0.047516
-0.021995 -0.041043 -0.001748
-0.054423 -0.043324 0.008101
0.064661 -0.019404 0.012434
-0.038469 -0.045675 0.089844
-0.055291 -0.066416 0.107866
0.055849 -0.032256 0.034619
-0.046992 -0.062937 0.117589
-0.083748 0.008183 0.100827
-0.059103 0.077125 -0.001864
-0.06706 0.068554 0.039826
0.011454 0.096672 0.108826
-0.084419 0.015955 0.129469
-0.002325 0.091746 0.061074
0.060819 0.051044 0.009066
-0.011784 -0.060293 0.045834
0.061654 -0.024424 -0.001864
-0.065422 -0.031143 0.045869
-0.083992 0.027642 0.102668
0.031119 0.088576 -0.006875
0.074206 0.025746 0.098756
0.071329 0.041058 0.134879
-0.082329 0.037247 -0.004042
0.0316 0.08947 0.065263
-0.004036 0.098219 0.1402
-0.031045 -0.056108 0.004258
-0.064769 -0.039958 0.032462
-0.048482 -0.051364 0.126789
-0.071542 0.059888 0.14867
0.008517 -0.053508 0.135456
0.028094 0.09118 0.042806
0.022687 0.093418 -0.004903
-0.084399 0.019855 0.137581
-0.034373 -0.054629 -0.006577
-0.066758 0.018879 -0.007284
0.041595 -0.045505 0.014682
-0.05591 -0.033315 0.1162
-0.06706 0.068554 0.117573
-0.038592 -0.054345 0.040146
-0.060515 0.075779 0.02618
-0.019558 0.097044 0.049364
-0.051118 -0.07121 0.045134
-0.017636 0.097378 0.053782
-0.010288 0.070369 -0.007284
-0.017636 0.097378 0.091035
-0.079486 -0.008813 0.115556
-0.078783 -0.010633 0.008144
-0.077943 0.025165 0.126964
-0.068615 0.009581 -0.007284
0.043643 0.076732 0.148991
0.033321 0.088551 0.12199
-0.059948 -0.037247 0.09378
0.009585 -0.059237 0.036486
0.069512 0.046619 0.105881
0.065272 0.055381 0.142678
-0.040162 -0.048759 0.15037
0.060434 -0.025953 0.1402
-0.077397 0.0054 0.135456
-0.080143 -0.006976 0.04429
-0.072566 -0.0227 0.075107
-0.077124 -0.007935 0.150607
0.062674 0.060621 0.056371
0.006506 0.07305 -0.007284
0.052892 0.062966 0.089844
0.057058 0.068589 0.056371
0.06729 -0.014177 0.014682
0.068826 -0.010591 0.053782
0.068826 -0.010591 0.091035
-0.049974 0.084435 0.108826
-0.000135 0.098243 0.12199
0.070796 -0.005081 0.102668
0.072782 0.002463 0.028403
0.06678 0.047598 -0.007075
-0.072598 -0.065264 0.089
0.029858 0.090347 0.10736
-0.061894 0.074399 0.045843
0.049129 -0.039318 0.053782
-0.052945 -0.044153 0.064485
0.049129 -0.039318 0.091035
0.01127 0.095804 0.146973
-0.077234 0.05197 -0.006162
-0.043277 -0.059613 0.119231
-0.075138 0.039225 0.047292
-0.059803 -0.032075 0.146215
0.042823 -0.043897 0.144956
-0.070235 -0.025684 0.055013
-0.066122 -0.039666 0.039452
0.074019 0.010165 0.019287
-0.045074 -0.049732 0.102996
-0.063079 -0.035306 0.000909
0.03885 0.079588 0.146215
-0.01377 0.097904 0.05144
-0.0832 0.029503 0.144956
0.074206 0.025746 0.028403
-0.049838 -0.046516 0.092136
0.060084 0.063574 0.144956
-0.078036 -0.012435 -0.003028
-0.002084 0.098338 -0.004042
0.035019 0.08759 0.008144
0.031564 -0.051495 0.1402
0.049096 0.077155 0.010248
-0.06562 -0.027337 0.15037
0.017021 0.088441 0.1162
0.068062 0.050242 0.126871
-0.067155 -0.019428 0.047292
-0.002038 -0.06053 0.053782
-0.053656 -0.069514 0.124661
-0.042847 -0.039195 -0.00044
0.05582 0.070097 0.032639
0.053923 -0.023651 -0.007258
-0.075504 -0.017694 0.042693
0.063842 -0.006659 0.015454
-0.083992 0.027642 -0.004903
-0.044935 0.08027 0.126964
-0.037875 0.090653 0.144956
0.005733 -0.059858 0.006141
-0.037142 -0.053373 0.14018
0.044566 -0.034409 0.103626
-0.015706 0.097665 0.068485
0.07017 0.044783 0.062147
-0.075361 -0.054075 0.038766
0.017447 -0.051841 0.141789
0.06808 -0.012393 0.019287
-0.025267 0.088761 0.089844
-0.007686 0.091639 0.075459
0.07187 0.039184 0.10736
-0.000189 0.097357 0.146973
-0.079486 -0.008813 0.000909
0.028094 0.09118 0.100827
-0.059185 0.062162 -0.00044
0.029858 0.090347 0.034619
-0.061291 -0.03704 0.008131
0.067533 0.012679 0.075459
-0.084323 0.014006 0.078432
-0.078054 0.0502 0.071777
0.02631 0.09197 0.02618
0.022791 0.08842 0.146215
0.001279 -0.053613 0.075459
-0.060653 -0.037627 0.135088
0.055849 -0.032256 0.091035
-0.075901 0.002041 0.061074
-0.056731 -0.042514 0.022292
0.072345 0.037291 0.023909
-0.066052 0.016872 -0.001748
0.007663 -0.059572 -0.004042
-0.063239 0.072986 0.102668
0.070782 0.04293 0.000909
-0.002084 0.098338 0.012434
-0.082755 0.035344 0.115556
-0.023375 0.096234 0.023909
0.071914 0.02937 0.149955
0.041023 0.076424 0.135456
0.061629 0.062269 -0.004042
0.070796 -0.005081 -0.004903
-0.044642 0.083219 0.148991
-0.029211 -0.05669 0.115796
-0.050013 -0.013108 -0.001799
-0.076391 -0.015956 0.102758
0.046172 0.079739 0.071777
0.069266 0.046528 -0.006577
-0.009838 -0.060436 0.049363
0.039567 0.074881 -0.007258
-0.059862 -0.042608 0.023544
-0.080769 0.042887 0.021605
0.001811 0.098099 0.02618
-0.05455 -0.043099 0.105738
-0.045031 0.087567 0.062147
0.053235 0.073019 -0.003028
0.001001 -0.049798 -0.00044
0.074448 0.016 0.115556
-0.072502 -0.022919 0.008144
0.061186 -0.02412 0.144956
-0.028787 -0.050345 0.126964
0.072355 0.000559 0.124375
0.019041 -0.056866 0.02618
0.017174 -0.057433 0.129469
-0.011829 0.098096 0.104335
0.022617 -0.055293 0.142678
0.074448 0.016 0.071777
-0.034523 0.092699 0.006141
0.009585 -0.059237 0.065263
-0.06994 -0.06208 0.124264
-0.065211 -0.031362 0.050381
0.005733 -0.059858 0.014682
0.049096 0.077155 0.047516
0.060571 -0.026047 -0.004903
0.064661 -0.019404 0.008144
-0.084326 0.023755 0.129469
0.040641 -0.012436 -0.007284
-0.060125 0.075379 0.144956
-0.068912 -0.044874 0.118851
-0.079501 0.046577 0.04429
-0.061392 0.071271 0.150607
0.007663 -0.059572 0.012434
0.055865 0.024397 -0.001748
0.038709 -0.024759 -0.007284
-0.035174 -0.054415 0.010247
0.073162 0.004376 0.071777
0.001856 -0.060289 0.041335
-0.078927 0.012514 0.141789
-0.084468 0.019856 0.111934
0.03196 0.049502 -0.001798
-0.058967 0.06902 0.135456
0.072345 0.037291 0.059171
-0.041614 0.089449 0.102668
0.036731 -0.048757 0.081724
-0.080574 0.038803 0.14867
0.061629 0.062269 0.012434
0.01016 -0.052544 0.047292
-0.071359 0.045611 -0.007258
-0.0774 0.030533 0.023954
-0.023375 0.096234 0.059171
-0.057657 0.078435 0.059171
0.053266 -0.035179 0.019287
0.071349 0.041064 0.096418
-0.043334 0.088529 0.032639
0.07017 0.044783 0.04429
0.011383 -0.058309 0.144956
-0.082585 0.006395 0.146973
-0.070832 -0.023947 -0.006875
-0.050702 -0.060005 0.111463
-0.083127 0.004331 0.032639
-0.075556 0.051202 0.149955
-0.038103 -0.053453 0.050152
-0.065743 -0.030138 0.14867
0.074014 0.027687 0.056371
-0.06826 0.067016 0.071777
-0.077025 0.051874 -0.006577
-0.029165 0.036369 -0.001798
0.074019 0.010165 0.088061
-0.004034 0.098385 0.126871
0.028135 -0.053355 0.041335
-0.030866 0.09406 0.126871
0.012872 0.0942 -0.007075
-0.032703 0.093402 0.056371
0.067271 0.052025 0.108826
0.041559 0.083338 0.075105
-0.076073 0.010825 -0.007258
-0.059869 -0.065671 0.025771
0.01525 0.095772 0.071777
0.038341 0.085544 0.038223
-0.063548 -0.035099 0.116143
0.060063 -0.014818 0.009066
-0.063239 0.072986 -0.004903
0.040001 -0.046628 0.068485
-0.0426 -0.051094 0.022672
-0.011667 0.096225 0.149955
-0.046704 0.086563 0.115556
-0.015135 -0.05597 0.148991
-0.054673 0.080948 -0.005609
-0.005985 0.098384 0.071777
0.036456 -0.041465 0.126964
-0.00389 0.087486 -0.007281
-0.035975 0.091137 0.146973
-0.071725 -0.053364 0.124965
-0.083754 0.029578 0.078432
-0.083095 0.016004 0.14867
0.039942 0.060664 -0.001798
-0.080158 0.04474 0.110332
-0.078033 -0.012436 0.115557
0.01713 0.095252 0.071777
0.059365 0.065444 0.137581
-0.082984 -0.075441 0.076926
0.067986 0.04811 0.146973
-0.083987 0.010119 0.056371
0.060545 0.063891 -0.001864
-0.061485 -0.062796 0.103645
0.06808 -0.012393 0.088061
-0.051568 0.083311 0.056371
0.073781 0.008228 0.053782
0.072773 0.035388 0.056371
-0.082007 -0.073578 0.058393
0.066465 0.051655 0.146973
0.057349 0.066359 -0.006875
-0.060515 0.075779 0.045843
-0.037545 -0.053308 0.016937
-0.017636 0.097378 0.078432
0.073781 0.008228 0.091035
0.063677 0.058948 0.004258
-0.080769 0.042887 0.010248
-0.077181 -0.06117 0.059085
0.026395 -0.031993 -0.007284
-0.059351 -0.037368 0.045414
0.015294 -0.057953 0.02618
-0.062181 0.040395 -0.001748
-0.049962 0.084418 0.134879
0.074019 0.010165 0.042806
-0.065017 0.060063 0.075459
-0.052836 -0.044 0.097636
-0.043904 -0.04429 0.141789
0.02455 -0.054893 0.110332
-0.049472 0.083703 0.146973
0.043612 -0.036026 0.023954
0.01526 0.066066 -0.001799
-0.049658 0.083974 0.144956
0.003015 0.091248 0.075459
-0.025239 -0.051008 0.103626
-0.055575 -0.042574 0.135879
0.065559 0.05553 0.004258
0.003797 -0.060097 0.096418
-0.07515 -0.0072 0.146215
0.068826 -0.010591 0.078432
0.065424 0.032008 0.001421
-0.041614 0.089449 -0.004903
-0.019641 -0.059151 0.132156
-0.058426 -0.055163 0.106921
-0.04609 -0.063724 0.041033
-0.076372 -0.053946 0.120271
-0.082037 -0.076503 0.085958
0.009541 0.097052 0.02618
-0.063009 0.063023 0.061074
0.049129 -0.039318 0.078432
-0.052658 -0.04401 0.144996
0.041595 -0.045505 0.104335
-0.076665 -0.062543 0.033889
0.062198 0.045661 -0.007258
0.066461 0.03405 0.047292
0.025307 0.085092 0.004489
-0.076218 0.037656 0.135456
0.057086 -0.030747 -0.004903
-0.08225 0.000531 0.137581
-0.075602 0.053331 -0.006875
0.055849 -0.032256 0.019287
0.06808 -0.012393 0.042806
-0.05561 -0.041249 0.102645
-0.039482 0.085343 0.146215
-0.061728 -0.045352 0.125774
0.055478 0.060412 0.023954
-0.002323 0.091792 0.1162
0.030159 -0.048789 0.15037
-0.069421 0.065448 0.096418
-0.083668 0.027603 -0.006577
0.043126 0.082176 -0.004903
-0.070442 -0.045907 0.123007
0.035058 -0.04976 0.062147
0.049096 0.077155 0.053782
0.069528 -0.00877 0.041335
-0.019558 0.097044 0.002512
-0.045349 -0.055182 0.043679
-0.079486 -0.008813 0.039826
0.059448 -0.027642 0.068485
-0.083468 0.031508 0.004258
-0.066771 -0.044613 0.041908
-0.046704 0.086563 0.000909
-0.066671 0.042083 -0.007281
0.051921 -0.036593 0.096418
0.06729 -0.014177 0.104335
-0.072466 0.045882 0.004489
0.006625 0.091201 0.126964
0.02273 -0.055596 0.096418
-0.039961 -0.044706 0.004489
-0.002084 0.098338 0.008144
0.011147 0.086924 -0.00044
-0.071497 0.001353 -0.00044
0.073154 0.033475 0.113674
-0.067157 0.032306 -0.001748
-0.073673 0.058908 0.129469
-0.002038 -0.06053 0.078432
-0.079974 0.032843 0.15037
0.070796 -0.005081 0.129469
-0.081672 0.025485 0.150607
-0.080738 -0.001086 -0.006875
-0.084183 0.0257 0.075105
0.02455 -0.054893 -0.001864
-0.075266 0.055341 0.142678
-0.073853 -0.016868 0.149955
-0.083135 0.03343 0.023909
0.011464 -0.058694 0.1402
-0.011786 -0.060269 0.134879
-0.064305 0.013293 -0.007284
0.07421 0.012106 0.081724
-0.072595 -0.050531 0.124435
0.028094 0.09118 0.016973
0.053266 -0.035179 0.088061
-0.017636 0.097378 0.088061
-0.017661 -0.059528 0.026179
-0.015707 0.097665 -0.000551
0.048798 0.068895 0.015454
0.03046 0.087351 -0.007075
-0.080769 0.042887 0.047516
-0.013735 -0.060095 0.032637
0.042957 0.08196 -0.006577
-0.065148 0.062362 0.141789
0.044664 0.080976 0.021605
-0.011265 0.09157 0.1162
0.066684 0.007382 0.004489
-0.076443 0.034009 0.047292
0.055012 -0.031537 -0.006875
-0.071627 0.062231 0.053782
-0.062517 -0.034155 0.108499
-0.009838 -0.060436 0.091036
0.050542 -0.037973 0.093833
-0.071627 0.062231 0.091035
0.040001 -0.046628 0.036486
0.062674 0.060621 0.111934
0.026352 -0.054146 0.056371
-0.063711 0.00857 -0.001798
0.065191 -0.005217 -0.007196
0.065108 0.048974 0.15037
0.057058 0.068589 0.111934
0.074019 0.010165 0.100827
0.036692 0.086587 0.023909
-0.0618 -0.026594 0.075459
-0.015706 0.097665 0.065263
0.071882 -0.001333 0.071777
0.007663 -0.059572 0.008144
0.024507 0.092716 0.056371
-0.038427 -0.052442 0.144956
-0.002084 0.098338 0.126871
0.043162 -0.044342 0.038223
-0.025267 0.09576 0.098756
-0.061894 0.074399 0.034619
-0.067833 -0.05263 0.11098
-0.04056 -0.05321 0.029033
-0.04227 -0.051166 0.010176
-0.030986 -0.056113 0.034403
0.061629 0.062269 0.008144
0.072345 0.037291 0.05144
0.072782 0.002463 -0.004903
-0.022391 -0.054478 -0.007196
0.047826 -0.025442 -0.00044
0.02085 0.094074 0.129469
0.039963 0.084461 0.056371
-0.022305 0.091734 0.146215
-0.084737 -0.070525 0.079643
-0.084183 0.0257 0.016973
-0.079501 0.046577 0.108826
0.013358 0.096245 0.108826
0.062646 0.060604 -0.006162
-0.074713 0.019791 -0.00044
-0.035441 -0.054707 0.044177
0.021721 0.085275 -0.007258
-0.070484 -0.046852 0.123952
-0.083135 0.03343 0.059171
-0.066413 0.058846 0.009066
0.053266 -0.035179 0.042806
0.005688 0.09767 0.115556
0.073488 0.031553 0.108826
0.06881 0.048439 0.056371
0.019041 -0.056866 0.081724
-0.007645 -0.05384 0.004489
0.019041 -0.056866 0.045843
-0.007935 0.098336 0.075105
0.02528 0.056122 -0.001799
0.011273 0.095763 -0.006875
0.0316 0.08947 0.030561
-0.007741 -0.056463 -0.007196
0.064639 0.057251 0.075105
0.022021 0.086493 0.075459
0.024262 0.04117 -0.001799
-0.045031 0.087567 0.006141
0.07017 0.044783 0.108826
-0.077751 0.012616 0.047292
0.06808 -0.012393 0.100827
0.074206 0.025746 -0.004903
-0.025426 -0.057818 0.034517
-0.025836 0.074944 -0.007284
-0.063239 0.072986 0.129469
0.069447 0.046595 0.137581
0.038379 -0.047713 0.12199
0.056618 0.01437 -0.007284
-0.029014 0.094672 0.071777
0.058286 -0.029209 0.002512
-0.056125 -0.041947 -0.001864
-0.069048 -0.027929 0.008144
-0.028059 -0.031509 -0.001798
0.007618 0.097385 0.12199
-0.009838 -0.060436 0.09642
-0.02698 -0.050591 0.061074
-0.084635 -0.071785 0.088075
-0.027147 0.095239 0.129469
-0.075553 0.05549 0.081724
0.0447 -0.043141 0.126871
0.0637 -0.021102 0.004258
-0.038777 -0.052839 0.024204
-0.084468 0.017905 0.096418
-0.07704 0.00547 0.009066
0.036692 0.086587 0.059171
-0.003988 -0.060578 0.004258
0.033321 0.088551 0.023909
0.026236 -0.045023 0.001421
0.029858 0.090347 0.019287
-0.068741 -0.016211 0.103626
0.070185 -0.006933 0.126871
-0.049148 -0.042231 -0.007196
0.053707 -0.0173 -0.00044
-0.072969 -0.065849 0.076953
0.022687 0.093418 0.036486
0.003752 0.097909 -0.001864
0.005733 -0.059858 0.084946
0.05582 0.070097 0.014682
-0.065926 -0.069151 0.076545
-0.076382 -0.016002 0.012434
0.001213 0.091311 0.004489
-0.036197 0.091655 0.142678
0.055849 -0.032256 0.088061
0.031524 0.089323 0.1402
0.026855 -0.04629 0.004489
-0.025267 0.09576 0.028403
-0.082755 0.035344 0.117573
0.036731 -0.048757 0.10736
0.059448 -0.027642 0.036486
0.067663 0.014461 0.103626
-0.071573 -0.011615 0.009066
0.067812 0.023397 0.1162
0.020604 -0.055414 0.146973
0.029898 -0.05252 0.075105
0.046172 0.079739 0.117573
0.063596 0.017807 -0.007281
-0.073599 -0.021179 0.004258
0.067291 -0.014177 0.034619
0.064639 0.057251 0.016973
0.016701 0.029496 -0.001798
0.069416 0.027176 0.146215
-0.03987 0.090324 0.132156
-0.074554 -0.019366 0.104609
-0.025485 -0.057776 0.010248
-0.060219 0.056912 -0.001396
0.027984 0.090941 -0.006577
0.07187 0.039184 0.096418
-0.041614 0.089449 0.129469
-0.077432 0.010848 0.061074
0.074448 0.016 0.117573
-0.080158 0.04474 -0.003028
-0.077264 0.051983 0.081724
-0.034829 -0.0463 0.001421
-0.039835 -0.052537 -0.004042
0.039194 -0.03913 0.1162
0.073781 0.008228 0.078432
0.011896 -0.008478 -0.007284
-0.005939 -0.060579 -0.004042
0.073741 0.029619 -0.006162
0.061491 0.062178 0.1402
0.033321 0.088551 0.059171
0.013402 -0.058428 0.04429
0.040001 -0.046628 0.065263
-0.05998 -0.029753 0.015454
0.064749 0.052964 0.149955
-0.069431 -0.044847 0.119918
0.053266 -0.035179 0.100827
0.033361 -0.050722 0.113674
0.066197 0.021521 0.001421
0.015294 -0.057953 0.045843
0.073162 0.004376 0.117573
0.073775 0.029623 0.113674
-0.00789 -0.060531 0.068485
0.02455 -0.054893 -0.003028
-0.062997 0.072766 -0.006577
-0.078415 -0.05711 0.048061
-0.078911 0.034531 0.148991
-0.017543 -0.059255 -0.006577
-0.084468 0.019856 0.110332
-0.034523 0.092699 0.104335
0.057086 -0.030748 0.115556
0.041559 0.083338 0.124375
0.024362 0.065709 -0.001799
0.036731 -0.048757 0.034619
0.031641 -0.051642 0.038223
0.005341 -0.027944 -0.001799
-0.078029 -0.062148 0.098613
-0.034815 -0.054002 0.144952
-0.061894 0.074399 0.091035
-0.075513 0.039333 0.015454
-0.035192 -0.054385 0.124418
-0.046704 0.086563 0.039826
-0.083992 0.027642 0.036486
-0.06826 0.067016 0.117573
0.004824 -0.053175 0.089844
0.053235 0.073019 0.023909
0.009541 0.097052 0.045843
0.063177 0.009665 -0.00044
0.069512 0.046619 0.02618
0.011498 -0.058856 0.071777
-0.000517 0.091991 0.126964
-0.043052 0.084173 0.148991
0.028532 -0.041804 -0.00044
0.013327 -0.058113 0.142678
-0.060761 0.044431 -0.001798
0.074014 0.027687 0.111934
-0.05963 -0.050331 0.045445
-0.077547 0.028737 0.126964
0.023613 -0.052554 0.150607
-0.080836 -0.062743 0.094473
-0.069018 -0.027107 0.100772
-0.005939 -0.060579 0.012434
-0.005985 0.098384 0.117573
-0.032703 0.093402 0.111934
0.058795 0.044136 -0.007281
-0.080143 -0.006976 0.104335
0.065841 -0.009398 0.15037
0.054575 -0.033733 0.096418
0.049096 0.077155 0.078432
-0.083127 0.004331 0.014682
0.039676 0.080731 0.15037
0.038226 -0.047485 -0.006577
-0.075328 -0.00152 0.009066
0.009585 -0.059237 0.030561
-0.07353 0.058825 0.1402
-0.055103 -0.035078 0.135456
0.058155 -0.029109 0.1402
-9e-05 -0.060433 0.041335
0.0637 -0.021102 0.075105
0.059448 -0.027642 0.056371
0.043162 -0.044342 0.105881
0.05649 -0.016903 0.001421
-0.058878 0.026207 -0.001799
-0.082746 0.002418 -0.005609
-0.064548 0.07154 0.093833
-0.034481 -0.054911 0.067548
0.073495 0.006298 0.113674
0.022687 0.093418 0.065263
-0.081322 -0.003257 0.068485
-0.023382 -0.058401 0.110575
-0.07841 0.019784 0.015454
-0.083987 0.010119 0.111934
0.063104 0.046156 0.023954
0.072345 0.037291 -0.000551
-0.066285 0.021143 -0.001798
-0.075768 0.037537 0.034718
-0.013742 0.097604 -0.006577
0.059448 -0.027642 0.065263
0.019846 -0.053213 0.15037
0.053235 0.073019 0.059171
-0.083135 0.03343 0.05144
-0.016306 -0.051423 0.001421
-0.080756 -0.005124 0.041335
0.04497 0.07271 0.015454
0.035497 0.059419 -0.001799
-0.009838 -0.060436 0.078433
0.067139 0.009128 0.103626
0.010364 0.091515 0.141789
-0.075072 -0.07791 0.106177
-0.063555 -0.035003 0.11712
-0.068507 -0.027023 -0.006875
-0.068699 -0.028165 0.134866
-0.073572 -0.02114 0.038093
0.07421 0.012106 0.10736
-0.053105 -0.041314 -0.007075
-0.068694 -0.027807 0.142676
-0.059762 -0.018505 -0.001396
-0.064079 -0.032902 0.109669
0.066226 0.003849 0.075459
0.052048 -0.026717 0.047292
0.060571 -0.026047 0.036486
0.074079 0.014072 -0.006577
0.071144 0.014248 0.15037
-0.036325 0.091952 0.004258
0.028094 0.09118 0.032639
0.020892 -0.056251 0.132156
-0.065472 -0.055345 0.125825
0.057366 0.003166 -0.007284
-0.076359 0.041491 0.146215
-0.07547 -0.017768 0.121992
0.046207 -0.041903 0.006141
-0.054036 -0.039501 0.15037
0.010091 0.089631 -0.007258
-0.081121 -0.060803 0.109566
0.040782 -0.041216 0.148991
-0.072065 0.053681 0.148991
0.037158 -0.045886 -0.007075
-0.005901 0.091682 0.103626
0.044498 -0.042889 0.142678
0.026771 0.024022 -0.007284
0.029858 0.090347 0.042806
-0.054879 -0.032209 0.001421
0.066457 -0.015941 -0.001864
-0.073419 -0.018829 0.14867
-0.034488 -0.05493 0.056867
0.07435 0.0238 0.113674
-0.039871 0.090326 0.115556
-0.077001 0.030469 0.1162
-0.047942 -0.04836 0.021645
-0.00789 -0.060531 0.036486
0.06057 -0.01307 0.1162
-0.063667 -0.08338 0.0707
0.018997 0.094686 -0.004042
0.023692 -0.047947 0.089844
-0.054118 0.080255 0.146973
0.05661 -0.012951 -0.00044
0.058286 -0.029209 0.102668
-0.016203 0.049052 -0.007284
0.020892 -0.050655 0.141789
-0.0788 0.048397 -0.004042
-0.059103 0.077125 0.071777
-0.044948 0.087424 0.1402
0.047684 -0.040629 0.004258
-0.083992 0.027642 0.065263
0.066437 0.053788 0.041335
0.019041 -0.056866 0.10736
-0.083461 0.006253 0.093833
-0.077238 -0.014218 0.111944
0.061654 -0.024424 0.071777
-0.024212 -0.047724 -0.00044
-0.058381 -0.058443 0.106541
0.044571 -0.034414 0.004489
0.062295 -0.009915 0.034718
-0.035275 -0.054681 0.035962
0.043255 -0.038275 -0.007196
0.037857 0.0848 0.146973
-0.060857 -0.028135 0.047292
-0.000547 0.09151 0.089844
-0.069211 0.022174 -0.007284
0.0458 0.070982 0.089844
0.06558 -0.017684 -0.001864
0.031217 0.077597 -0.00044
-0.078054 0.0502 0.11972
-0.067881 0.055535 0.103626
0.049859 -0.029565 0.034718
-0.071627 0.062231 0.088061
0.074495 0.01795 0.113674
-0.064718 -0.047831 0.024555
0.069819 0.019764 -0.007196
0.062674 0.060621 0.110332
0.071882 -0.001333 0.117573
-0.075553 0.05549 0.10736
-0.048386 -0.047794 0.047149
-0.064933 0.035912 -0.001748
0.071349 0.041064 0.075105
-0.025267 0.09576 0.102668
0.057058 0.068589 0.110332
-0.079245 -0.063551 0.040362
0.020446 -0.049457 0.1162
-0.046847 -0.048879 0.10519
0.024673 -0.04586 0.001421
-0.007935 0.098336 0.124375
-0.03568 -0.054118 0.129354
-0.038108 0.091161 0.004258
0.058259 0.067052 0.006141
-0.062831 -0.035576 0.028622
-0.073789 -0.019049 0.146973
-0.024673 -0.038373 -0.001748
-0.072466 0.006599 -0.007281
0.032455 -0.049078 0.149955
-0.004838 -0.02348 -0.007284
0.018997 0.094686 0.012434
0.044664 0.080976 0.053782
0.044664 0.080976 0.091035
0.065559 0.05553 0.124375
0.013402 -0.058428 0.108826
-0.049736 -0.046121 0.144996
0.071362 -0.003214 0.113674
-0.0788 0.048397 0.012434
-0.043053 -0.059435 0.040762
0.054984 0.060073 0.089844
-0.053809 -0.064341 0.109755
0.05582 0.070097 0.084946
-0.054673 0.080948 0.021605
0.005688 0.09767 0.117573
-0.072487 -0.018316 -0.007075
-0.021434 -0.058861 0.106211
-0.05701 -0.03988 0.049709
-0.060515 0.075779 0.091035
0.019041 -0.056866 0.034619
-0.06991 -0.005251 -0.007281
0.067616 0.034295 0.141789
0.059421 0.065485 0.113674
0.049886 -0.037317 -0.006875
0.068082 0.025217 0.023954
-0.015662 -0.059864 -0.003028
-0.039871 0.090326 0.000909
-0.029014 0.094672 0.117573
-0.083468 0.031508 0.049364
-0.050072 -0.048619 0.022482
-0.057352 -0.040277 0.067644
0.057086 -0.030747 0.036486
-0.048352 0.085519 0.053782
0.029858 0.090347 0.100827
-0.048352 0.085519 0.091035
-0.005939 -0.060579 0.008144
-0.029679 -0.05637 0.023911
0.060571 -0.026047 0.065263
-0.039612 -0.05245 0.13211
-0.063347 0.044177 -0.001748
0.043126 0.082176 0.036486
0.033361 -0.050722 0.093833
-0.077264 0.051983 0.10736
0.017968 0.080386 -0.001396
0.073162 0.004376 0.11972
-0.032455 -0.054185 0.14867
-0.040662 -0.056685 0.039048
-0.072171 -0.007854 -0.007258
0.034697 -0.042076 0.004489
-0.084468 0.019856 -0.003028
0.062674 0.060621 -0.001864
-0.081855 0.03914 0.096418
0.007318 -0.048576 -0.007281
-0.058819 -0.039529 0.004258
-0.075553 0.05549 0.034619
0.050528 -0.037958 0.134879
-0.070198 -0.047762 0.11765
-0.032394 0.092571 -0.006875
-0.045031 0.087567 0.104335
-0.083534 0.021774 0.146973
-0.083748 0.008183 0.006141
0.001811 0.0981 0.108826
0.058259 0.067052 0.014682
0.003797 -0.060097 0.075105
0.069512 0.046619 0.045843
-0.063115 0.060893 0.001421
-0.015706 0.097665 0.030561
-0.06826 0.067016 0.11972
-0.072347 -0.023031 0.126871
-0.044285 0.018765 -0.001798
-0.01377 0.097904 0.002512
0.042058 0.062631 -0.001748
-0.015707 0.097665 0.098756
-0.00789 -0.060531 0.065263
-0.028936 -0.056907 0.102573
0.074329 0.019899 0.1402
-0.020754 0.039615 -0.007284
-0.005908 0.092323 0.015454
0.01525 0.095772 0.11972
-0.038022 0.054445 -0.007284
-0.081843 -0.001377 0.056371
0.053235 0.073019 0.05144
-0.025267 0.09576 -0.004903
0.015168 0.095459 0.142678
-0.0588 -0.038971 0.075113
0.022205 0.086942 0.009066
-0.063694 -0.03452 0.038285
-0.005985 0.098384 0.11972
-0.007884 -0.060366 0.1402
-0.057657 0.078435 0.049364
0.042734 -0.030367 -0.007281
-0.050714 -0.054197 0.108773
-0.033815 -0.044084 -0.007281
0.040001 -0.046628 0.111934
-0.069421 0.065448 0.075105
-0.081163 -0.003211 0.1402
0.074446 0.021852 0.000909
-0.048487 -0.067413 0.1218
-0.070179 -0.026285 0.11768
0.028846 -0.04626 0.015454
0.01713 0.095252 0.11972
0.018878 0.088337 0.015454
-0.05678 0.077443 0.14867
-0.038187 -0.054084 0.113541
0.061401 0.062116 -0.006577
0.072782 0.002463 0.036486
0.067765 0.050114 0.142678
0.046773 0.077472 0.14867
0.02273 -0.055596 0.075105
0.05582 0.070097 0.038223
-0.011829 0.098096 -0.005609
-0.043334 0.088529 0.084946
-0.056181 0.07971 0.081724
0.038379 -0.047713 0.023909
-0.081322 -0.003257 0.056371
-0.083127 0.004331 0.084946
-0.06313 -0.035524 0.032464
-0.07267 0.060582 -0.001864
0.02631 0.09197 0.053782
0.015294 -0.057953 0.034619
0.02631 0.09197 0.091035
-0.011248 0.091375 0.089844
0.003797 -0.060097 0.016973
0.04411 0.080283 0.146973
-0.04775 0.081196 0.148991
-0.083748 0.008183 0.014682
-0.019558 0.097044 0.129469
-0.077901 0.050135 0.1402
0.036731 -0.048757 0.019287
-0.074504 0.046681 0.146215
-0.078783 -0.010633 0.113674
0.056765 0.065914 0.149955
-0.076096 -0.015856 0.142678
-0.061894 0.074399 0.088061
0.0316 0.08947 0.12199
0.074206 0.025746 0.036486
-0.059499 -0.029326 0.103626
-0.07983 -0.062938 0.072192
-0.084421 0.021806 0.000909
0.011454 0.096672 0.115556
-0.003988 -0.060578 0.049364
0.011498 -0.058856 0.117573
-0.040165 -0.051625 0.144963
0.008822 0.093189 0.148991
-0.043399 -0.058095 0.032372
0.005619 -0.058938 -0.006875
-0.048823 -0.041781 0.146215
0.0637 -0.021102 0.124375
-0.040522 0.083423 0.135456
0.074014 0.027687 0.110332
-0.038068 -0.053373 -0.004903
0.074353 0.014052 0.010248
-0.063195 -0.035821 0.034176
-0.041974 -0.057811 0.118339
-0.046139 -0.064386 0.039849
-0.076411 0.053738 0.134879
-0.032703 0.093402 0.110332
-0.078244 -0.008351 0.14867
0.051921 -0.036593 0.016973
-0.004029 -0.057363 0.15037
0.043126 0.082176 0.065263
0.04997 -0.029663 0.023954
-0.084323 0.014006 0.062147
-0.065675 -0.032376 0.000909
0.072355 0.000559 0.126871
0.018409 -0.040236 -0.001748
-0.063838 0.068359 -0.007075
-0.078034 -0.012432 0.091045
0.038379 -0.047713 0.059171
-0.078054 0.0502 0.098756
-0.013741 -0.060091 0.019287
-0.044462 -0.062036 0.039528
-0.057096 0.06972 0.075459
-0.079693 -0.058782 0.114027
-0.030364 -0.049428 0.061074
-0.052863 -0.044038 0.055391
0.071815 0.012349 -0.007075
0.049582 -0.005131 -0.001798
-0.066042 -0.08043 0.110749
0.059448 -0.027642 0.111934
0.018997 0.094686 0.008144
0.040001 -0.046628 0.030561
-0.049974 0.084435 0.115556
-0.071097 0.021319 -0.007284
-0.077238 -0.014218 0.038213
-0.0788 0.048397 0.008144
-0.028973 -0.056877 -0.004042
-0.083987 0.010119 0.110332
-0.045204 -0.04963 0.004258
0.072773 0.035388 0.110332
-0.069229 -0.027383 0.040439
0.002523 -0.035939 -0.007284
-0.034481 -0.05491 -0.005609
-0.074085 0.02476 -0.00044
0.035297 0.03208 -0.007284
-0.056451 -0.076301 0.080344
0.057871 -0.017707 0.089844
-0.055833 0.070983 0.103626
0.038341 0.085544 0.02618
0.060545 0.063891 0.071777
-0.051569 0.083311 -0.000551
-0.078252 0.017987 0.009066
-0.059799 -0.06372 0.104275
-0.037219 -0.053995 0.035878
-0.078056 0.01259 0.023954
-0.050706 -0.038255 0.034718
0.025469 0.08994 -0.007075
-0.043334 0.088529 0.038223
0.035058 -0.04976 0.104335
-0.071088 0.024415 -0.001396
-0.060068 -0.040429 0.1261
0.062674 0.060621 -0.003028
-0.081335 0.04102 0.004258
-0.059832 0.067372 0.034718
0.074495 0.01795 0.093833
-0.068501 -0.047067 0.042211
-0.041933 -0.011696 -0.001799
0.008955 0.081681 -0.007284
0.057058 0.068589 -0.003028
-0.047053 -0.049502 0.022287
-0.052178 -0.010194 -0.001798
0.055673 0.062774 0.146215
0.010832 -0.055711 0.15037
-0.039871 0.090326 0.039826
0.071882 -0.001333 0.11972
-0.051579 -0.070401 0.115352
0.058286 -0.029209 0.129469
-0.078032 -0.012437 0.030561
-0.060747 -0.028043 0.061074
0.011454 0.096672 0.000909
0.044664 0.080976 0.078432
-0.074756 -0.079217 0.101535
-0.051533 -0.045531 0.006135
-0.0086 0.077445 -0.007284
-0.036828 0.084096 0.004489
0.072782 0.002463 0.065263
-0.005939 -0.060558 0.134879
-0.0634 -0.035595 0.117936
-0.05739 -0.040331 0.075112
0.041595 -0.045505 -0.005609
-0.061107 -0.037842 0.025611
0.074353 0.014052 0.047516
0.028094 0.09118 0.014682
-0.053928 0.062154 -0.001396
-0.083987 0.010119 -0.001864
0.015294 -0.057953 0.091035
0.046207 -0.041903 0.104335
0.072773 0.035388 -0.001864
-0.078268 0.01438 0.015454
-0.0215 -0.058813 0.006141
0.028126 -0.053336 0.134879
-0.048352 0.085519 0.078432
0.022687 0.093418 0.030561
-0.056036 -0.042012 0.002512
0.032365 0.031121 -0.001798
-0.084323 0.014006 0.04429
-0.076208 0.00011 0.135456
0.074206 0.025746 0.065263
-0.029014 0.094672 0.11972
-0.070421 -0.026154 0.002512
-0.028377 0.007479 -0.007284
-0.065001 -0.083673 0.069821
0.06729 -0.014177 -0.005609
0.053235 0.073019 -0.000551
-0.084468 0.017905 0.016973
-0.043298 -0.050741 -0.004042
-0.021472 0.096662 0.004258
-0.051472 0.083177 0.1402
-0.079356 -0.062497 0.041613
0.059448 -0.027642 0.030561
0.01525 0.095772 0.098756
-0.036105 0.091439 0.144956
-0.04466 -0.050081 0.133357
0.064661 -0.019404 0.113674
-0.049974 0.084435 0.000909
0.068778 0.048426 -0.006162
0.021743 0.077305 -0.001748
0.034112 -0.048138 0.149955
0.009541 0.097052 0.091035
-0.07643 0.053747 0.093833
-0.076396 -0.015976 0.039791
0.009585 -0.059237 0.12199
-0.017594 -0.059577 -0.001864
0.054545 0.071574 0.10736
-0.065574 0.069849 -0.006577
-0.039654 0.081487 -0.007258
0.072345 0.037291 0.098756
0.074446 0.021852 0.039826
0.05582 0.070097 0.105881
-0.04498 -0.049767 0.08249
-0.01377 0.097904 0.102668
0.01713 0.095252 0.098756
-0.059604 0.058357 -0.001396
0.070825 -0.003058 0.144956
-0.017636 0.097378 0.062147
-0.072497 -0.022604 0.09455
-0.067749 0.059709 0.146215
-0.063846 -0.036385 0.038112
0.052185 0.064691 0.009066
0.07187 0.039184 0.016973
-0.048047 0.085051 0.144956
0.07289 0.012219 0.14867
0.024507 0.092716 0.110332
-0.021953 0.090255 0.023954
-0.079011 -0.063598 0.08583
-0.080769 0.042887 0.041335
0.036731 -0.048757 0.042806
-0.049521 -0.052556 0.023071
-0.071249 -0.01147 0.061074
0.068826 -0.010591 0.062147
-0.013739 -0.060093 0.12199
0.058259 0.067052 0.084946
-0.071295 -0.054177 0.125005
0.025576 -0.032295 -0.001798
0.019041 -0.056866 0.019287
-0.060515 0.075779 0.088061
-0.084421 0.021806 0.039826
-0.061006 -0.040582 0.043345
0.049129 -0.039318 0.062147
-0.052786 0.075677 0.141789
0.068062 0.050242 0.081724
-0.082746 0.002418 0.021605
-0.024929 0.094479 0.14867
0.033928 0.082099 0.141789
-0.083992 0.027642 0.030561
-0.007251 0.055594 -0.001798
0.066523 0.032238 0.089844
-0.054673 0.080948 0.053782
0.02631 0.09197 0.078432
-0.043443 -0.043547 0.023954
0.020547 0.087656 0.023954
-0.054673 0.080948 0.091035
0.042852 0.075878 -0.007196
-0.05193 -0.03692 0.1162
0.039979 -0.046598 -0.006162
-0.035379 0.085207 0.1162
0.043162 -0.044342 0.02618
-0.075553 0.05549 0.019287
0.067271 0.052025 0.115556
-0.041688 -0.054212 0.042776
0.072161 0.004546 -0.006875
0.071879 -0.001333 0.132156
0.026756 0.088257 0.15037
0.072345 0.037291 0.028403
-0.015298 -0.057179 -0.007075
0.026352 -0.054146 -0.001864
0.069528 -0.00877 0.108826
0.052943 0.065295 0.141789
-0.00789 -0.060531 0.111934
0.043344 -0.035723 0.1162
-0.058327 0.068425 0.103626
-0.035316 0.085069 0.075459
-0.064064 0.063825 0.141789
0.006895 -0.026126 -0.001799
-0.065482 -0.031853 0.078978
-0.056181 0.07971 0.10736
-0.076747 -3.3e-05 0.141789
0.067939 0.012644 0.034718
-0.002038 -0.06053 0.062147
-0.049628 -0.048181 0.129269
-0.065395 0.069703 0.144956
0.024507 0.092716 -0.001864
0.072513 0.002516 -0.006577
-0.023375 0.096234 0.002512
0.011498 -0.058856 0.11972
-0.083754 0.029578 0.04429
-0.057657 0.078435 0.002512
-0.009879 0.09817 0.137581
-0.000475 -0.054193 0.009066
0.069512 0.046619 0.034619
0.074014 0.027687 -0.003028
-0.054454 -0.070025 0.108063
-0.045911 -0.050582 0.045334
-0.01377 0.097904 -0.004903
0.039963 0.084461 -0.001864
0.054575 -0.033733 0.016973
0.003752 0.097909 0.071777
-0.032703 0.093402 -0.003028
-0.000135 0.098243 0.049364
0.034977 0.049327 -0.007284
0.063752 0.044476 0.023954
-0.013075 0.091648 0.034718
0.06881 0.048439 -0.001864
-0.017636 0.097378 0.04429
0.063677 0.058948 -0.004042
0.053624 0.036163 -0.001748
-0.043334 0.088529 0.105881
-0.080158 0.04474 0.05144
-0.022115 -0.053309 0.141789
-0.083748 0.008183 0.104335
-0.083127 0.004331 0.105881
-0.057172 0.067387 0.001421
0.066977 0.05189 0.142678
-0.068139 -0.029312 0.000909
-0.07086 -0.019531 0.15037
-0.067459 -0.029614 0.140189
0.063847 -0.004755 0.075459
-0.051365 -0.045297 0.094954
-0.038422 -0.053949 0.11271
-0.084468 0.019856 0.023909
0.040001 -0.046628 0.110332
-0.028648 0.075963 -0.007284
-0.038108 0.091161 0.124375
0.065559 0.05553 -0.004042
-0.078783 -0.010633 0.045842
-0.046635 -0.048739 0.060992
0.068826 -0.010591 0.04429
-0.024973 0.07508 -0.001798
-0.009834 -0.060366 0.137581
0.036731 -0.048757 0.100827
-0.033665 -0.052484 0.150607
0.060571 -0.026047 0.030561
0.035019 0.08759 0.093833
-0.002084 0.098338 0.113674
-0.070544 0.063853 0.004258
0.071066 0.000865 0.14867
-0.083987 0.010119 -0.003028
0.011454 0.096672 0.039826
0.074019 0.010165 0.006141
0.051921 -0.036593 0.032639
0.072773 0.035388 -0.003028
0.069061 -0.002509 -0.007075
0.015294 -0.057953 0.019287
0.050394 0.075692 0.1402
-0.043187 0.080859 0.075459
-0.071755 0.049463 0.015454
0.073154 0.033475 0.096418
0.02631 0.09197 0.088061
-0.017427 -0.058487 -0.006875
0.049129 -0.039318 0.04429
0.072305 0.037282 -0.006162
-0.081322 -0.003257 0.111934
-0.019951 0.075615 -0.007284
0.02377 0.086039 0.047292
-0.06856 -0.072075 0.032169
-0.041931 -0.051593 0.047086
0.038341 0.085544 0.081724
-0.069019 -0.027883 0.032524
0.038341 0.085544 0.045843
0.064232 -0.004888 0.034718
-0.071038 -0.066108 0.122868
-0.042623 0.052163 -0.007284
-0.05919 -0.056086 0.126307
-0.016563 0.090719 0.089844
0.050509 0.075811 0.049364
-0.034776 0.088341 0.148991
0.059238 0.015633 -0.007284
-0.027104 -0.057446 0.092108
0.067271 0.052025 0.000909
0.011454 0.096672 0.117573
0.063677 0.058948 0.012434
0.04316 -0.04434 0.132156
-0.00789 -0.060531 0.030561
-0.034523 0.092699 -0.005609
-0.083468 0.031508 -0.004042
-0.047518 0.077729 0.004489
-0.06803 -0.073209 0.033364
-0.057107 -0.078361 0.112621
-0.064295 0.071316 -0.006577
-0.004034 0.098385 0.081724
-0.045334 -0.062523 0.036761
0.065559 0.05553 0.012434
-0.002038 -0.06053 0.04429
-0.017591 -0.059578 0.051273
0.06808 -0.012393 0.006141
-0.015707 0.097665 -0.004903
-0.030866 0.09406 0.081724
-0.058296 0.068396 0.089844
0.039375 -0.039368 0.009066
0.06768 0.019801 0.004489
-0.063116 -0.041971 0.026288
0.019041 -0.056866 0.088061
-0.009818 -0.060162 -0.006577
0.05391 -0.033146 0.146973
-0.084468 0.019856 0.059171
-0.075978 0.00017 0.015454
0.022116 -0.048812 0.1162
-0.067694 -0.058658 0.125299
-0.04955 -0.047952 0.022102
0.007663 -0.059572 0.113674
-0.074192 -0.004927 0.034718
-0.049974 0.084435 0.039826
0.060545 0.06389 -0.004042
-0.029119 -0.056756 0.114029
0.061629 0.062269 0.113674
-0.053359 -0.058046 0.04547
-0.041078 -0.046681 0.146215
0.04036 -0.040661 0.146215
0.071481 0.037086 0.146973
0.06667 0.032266 0.061074
-0.078735 0.048371 0.137581
-0.080143 -0.006976 -0.005609
-0.029077 0.017416 -0.001798
-0.015706 0.097665 0.12199
0.053284 0.063265 0.009066
0.031115 -0.042951 0.001421
-0.063961 -0.032971 0.056349
-0.017665 -0.059525 0.126871
-0.068416 -0.027346 0.146973
0.009581 -0.059217 0.134879
0.074019 0.010165 0.014682
-0.025267 0.09576 0.036486
-0.021819 -0.052066 0.1162
-0.059103 0.077125 0.11972
0.059448 -0.027642 0.110332
0.055804 0.070084 0.134879
0.07388 0.025721 -0.006577
-0.062706 -0.034501 0.090503
-0.078022 0.050187 -0.006162
-0.081068 0.029214 -0.007075
0.061654 -0.024424 0.11972
-0.083468 0.031508 0.012434
-0.039833 -0.052545 0.086487
0.028094 0.09118 0.084946
0.056365 0.068035 0.146973
-0.022386 0.054527 -0.007284
-0.079184 -0.060075 0.120389
0.064661 -0.019404 0.093833
-0.066962 -0.04511 0.02924
0.048242 0.068379 -0.007258
-0.003343 0.063865 -0.001798
-0.053476 -0.035965 0.126964
0.041559 0.083338 0.126871
0.03044 0.087233 0.150607
0.019041 -0.056866 0.042806
0.062933 -0.020655 0.146973
-0.019644 -0.059151 0.129469
-0.079501 0.046577 0.115556
0.013358 0.096245 0.115556
-0.053409 -0.061174 0.045619
-0.039333 -0.05393 0.034208
0.073562 0.016033 -0.006875
-0.06995 -0.026497 0.019288
0.056954 -0.019239 0.089844
0.073488 0.031553 0.115556
0.073781 0.008228 0.062147
-0.032586 -0.039181 -0.007284
-0.013411 -0.057506 -0.007075
-0.080642 -0.060351 0.116203
0.06808 -0.012393 0.014682
-0.02738 -0.057246 0.008144
-0.06353 -0.033813 0.144953
0.024507 0.092716 -0.003028
-0.075553 0.05549 0.042806
-0.083115 0.033426 0.134879
0.053266 -0.035179 0.006141
0.015295 0.088916 0.061074
-0.077462 -0.058666 0.038918
0.043126 0.082176 0.030561
-0.058482 -0.080883 0.082359
-0.074483 -0.019538 0.129469
0.026183 0.091673 0.142678
-0.06616 -0.031429 0.014687
-0.064214 -0.037047 0.117398
-0.046535 0.086288 0.142678
0.015294 -0.057953 0.088061
-0.003988 -0.060578 -0.004042
-0.055988 0.076548 0.150607
-0.083135 0.03343 0.002512
0.07187 0.039184 0.032639
-0.01377 0.097904 0.129469
-0.049772 -0.065548 0.03142
-0.080364 0.040723 -0.006875
-0.052245 -0.046511 0.129344
0.050542 -0.037973 0.004258
-0.057527 -0.032392 0.015454
0.066457 -0.015941 0.071777
-0.054673 0.080948 0.078432
0.049619 -0.034348 0.15037
-0.083754 0.029578 0.108826
-0.073806 -0.004794 0.103626
0.043888 -0.019751 -0.001748
-0.011829 0.098096 0.021605
-0.063022 -0.027644 -0.007196
-0.081855 0.03914 0.016973
0.033487 -0.043495 0.009066
0.057058 0.068589 0.023909
-0.082329 0.037247 0.093833
0.043162 -0.044342 0.081724
0.043162 -0.044342 0.045843
-0.055851 0.040739 -0.007284
-0.049723 -0.029115 -0.001396
-0.050301 -0.043827 -0.007075
0.031639 -0.05164 0.132156
-0.069974 -0.074232 0.11854
-0.080158 0.04474 -0.000551
-0.084179 0.012061 0.010248
0.008101 0.08912 0.001421
0.010933 0.094207 0.150607
0.068062 0.050242 0.10736
0.009541 0.097052 0.088061
0.028668 -0.045916 0.047292
0.053036 -0.025217 0.061074
-0.062491 -0.035709 0.024204
-0.073601 0.038744 0.001421
0.067052 -0.014068 -0.006577
0.072345 0.037291 0.102668
-0.073553 -0.021212 0.008144
-0.077264 0.051983 0.042806
-0.077511 0.009032 0.034718
0.072617 0.019878 0.149955
0.073775 0.029623 0.096418
-0.077594 0.023343 0.089844
0.036692 0.086587 0.002512
-0.057537 -0.040737 0.021432
0.058259 0.067052 0.105881
0.049128 -0.039316 0.132156
0.0637 -0.021102 0.012434
0.02455 -0.054893 -0.000551
-0.079501 0.046577 0.000909
0.013358 0.096245 0.000909
-0.049322 0.07714 0.034718
-0.003988 -0.060578 0.012434
-0.067445 -0.029434 0.142673
0.053266 -0.035179 0.014682
0.073488 0.031553 0.000909
-0.051569 0.083311 0.098756
0.019041 -0.056866 0.100827
-0.031721 -0.055631 0.021613
0.06558 -0.017684 0.071777
-0.045431 -0.062914 0.123243
0.057182 0.057235 0.047292
-0.047165 -0.048422 0.01211
0.026229 -0.053871 -0.006577
-0.017594 -0.059577 0.106001
-0.051864 0.074582 0.103626
-0.084183 0.0257 0.126871
0.073781 0.008228 0.04429
0.072782 0.002463 0.030561
-0.031562 -0.055664 0.137559
-0.020045 -0.052276 0.004489
-0.025267 0.09576 0.065263
0.052585 0.072415 0.146973
-0.069678 -0.014685 0.061074
-0.013725 -0.060102 -0.003028
0.072323 0.000567 -0.006162
0.07017 0.044783 0.000909
-0.071627 0.062231 0.062147
0.008474 -0.053281 0.015454
0.063677 0.058948 0.008144
0.054545 0.071574 0.096418
0.044284 0.066623 -0.007281
-0.06183 0.011882 -0.001799
0.040001 -0.046628 -0.003028
-0.052863 -0.044038 0.095069
0.067271 0.052025 0.039826
0.057058 0.068589 0.059171
0.055768 0.01242 -0.001748
0.020478 0.092993 -0.006875
-0.076626 0.009028 -0.007258
-0.072668 0.060581 0.132156
-0.048258 -0.014039 -0.001798
-0.075553 0.05549 0.100827
-0.080736 -0.005118 0.134879
0.054575 -0.033733 0.032639
-0.078782 -0.010633 0.117573
0.038264 0.067844 -0.001396
0.065559 0.05553 0.008144
0.074206 0.025746 0.030561
-0.080173 -0.061779 0.100913
-0.035382 -0.047507 0.047292
0.067769 0.009043 0.015454
0.063656 -0.00659 0.126964
0.055849 -0.032256 0.006141
-0.049784 -0.046426 -0.006577
-0.045024 -0.049744 0.050029
-0.084183 0.0257 0.038223
-0.084468 0.019856 0.05144
-0.076428 -0.005697 0.148991
-0.055803 -0.033206 0.103626
-0.082318 0.000515 0.004258
-0.037128 0.084709 0.009066
0.033321 0.088551 0.002512
-0.002038 -0.06053 0.108826
0.067247 0.049892 0.146973
0.072612 0.031412 -0.006875
0.073495 0.006298 0.096418
0.0447 -0.043141 0.081724
-0.072898 0.052025 0.148991
-0.022434 -0.054609 0.148991
0.036259 0.079058 0.1162
-0.074046 -0.080339 0.097834
0.074027 0.02378 0.142678
-0.076223 -0.064549 0.077783
-0.082746 0.002418 0.053782
-0.00789 -0.060531 0.110332
-0.084179 0.012061 0.047516
-0.082429 0.002485 0.142678
0.062697 -0.022776 0.049364
0.039944 0.084432 -0.006162
0.053235 0.073019 0.098756
-0.078016 0.017986 0.047292
-0.080493 0.016101 0.148991
0.049096 0.077155 0.04429
0.022687 0.093418 0.12199
-0.054613 -0.034549 0.1162
-0.039317 0.084904 -0.007196
-0.004262 -0.052637 -0.007258
-0.06706 0.068554 0.056371
0.069512 0.046619 0.019287
0.072345 0.037291 -0.004903
-0.011829 0.098096 0.010248
-0.007935 0.098336 0.126871
0.074446 0.021852 0.010248
0.038341 0.085544 0.10736
-0.045031 0.087567 -0.005609
-0.083468 0.031508 0.008144
-0.059103 0.077125 0.098756
-0.025482 -0.051847 0.135456
-0.069066 0.046406 -0.00044
-0.076536 -0.078164 0.10149
0.066437 0.053788 0.108826
-0.077264 0.051983 0.100827
-0.055539 0.078923 -0.006875
0.061654 -0.024424 0.098756
0.067731 -0.004111 0.15037
-0.019546 -0.059222 0.038151
-0.046708 -0.060588 0.124943
0.052171 -0.026816 0.034718
0.067794 0.019817 0.075459
0.041595 -0.045505 0.021605
0.060545 0.06389 0.008144
-0.004034 0.098385 0.10736
-0.08098 0.031108 0.150607
-0.060309 -0.035071 -0.007075
-0.030866 0.09406 0.10736
-0.057704 -0.035217 0.148991
0.031641 -0.051642 0.081724
-0.05085 -0.038436 0.015454
0.010751 0.081255 -0.007284
0.064639 0.057251 0.038223
0.059448 -0.027642 -0.003028
-0.044879 -0.049723 0.020541
-0.005858 -0.053834 0.089844
-0.084421 0.021806 0.010248
-0.056833 0.072007 0.141789
0.07435 0.0238 0.096418
-0.07589 -0.015749 0.144956
0.013153 0.095382 0.146973
-0.014761 -0.053222 0.103626
-0.041856 -0.051459 0.004258
-0.036325 0.091952 -0.004042
-0.065822 0.070062 0.071777
0.06729 -0.014177 0.021605
-0.057824 0.075749 0.149955
0.023852 -0.05315 0.149955
0.055571 0.028665 -0.001798
-0.025416 -0.051623 0.015454
0.069227 0.001301 0.15037
-0.044602 -0.051078 0.127249
0.029898 -0.05252 0.126871
-0.072982 -0.069699 0.033449
-0.081322 -0.003257 0.110332
-0.076396 -0.015976 0.110367
-0.006713 0.078461 -0.007284
0.060545 0.063891 0.11972
0.05733 -0.023825 0.148991
0.053235 0.073019 0.028403
-0.013188 0.092665 0.141789
-0.07886 -0.058093 0.04699
0.038341 0.085544 0.034619
0.074019 0.010165 0.084946
-0.030261 -0.039457 -0.001748
-0.032703 0.093402 0.023909
-0.075506 -0.017703 0.108916
-0.077239 -0.014214 0.041316
-0.084323 0.014006 0.104335
0.007618 0.097385 0.049364
-0.040332 -0.045359 0.023954
-0.073572 -0.02114 0.112065
-0.07267 0.060582 0.071777
-0.020133 0.090351 0.047292
-0.058231 -0.019465 -0.001396
0.014866 -0.049043 -0.007258
-0.083992 0.027642 0.12199
-0.081843 -0.001377 -0.001864
-0.079486 -0.008813 0.041335
0.067708 0.016247 0.089844
0.067945 0.019819 0.1162
-0.064548 0.07154 0.004258
0.029858 0.090347 0.006141
-0.077112 0.028678 0.103626
0.07421 0.012106 0.016973
0.074446 0.021852 0.047516
-0.049043 -0.039035 0.075459
0.05582 0.070097 0.02618
0.038579 -0.032268 -0.007281
-0.077634 0.014419 0.075459
0.03818 -0.040782 0.135456
0.047684 -0.040629 -0.004042
-0.036325 0.091952 0.012434
-0.040741 -0.054048 0.030796
-0.048264 -0.048919 0.129144
0.037003 0.077031 0.001421
-0.017592 -0.059578 0.047363
-0.061895 -0.035202 0.042512
0.017166 -0.050939 0.009066
0.028094 0.09118 0.105881
-0.004044 0.097498 0.146973
-0.083135 0.03343 0.102668
0.003546 0.096042 0.149955
0.0637 -0.021102 0.008144
0.071362 -0.003214 0.096418
0.063402 0.029927 -0.007281
-0.003988 -0.060578 0.008144
-0.061493 -0.036105 0.082888
0.067382 0.028753 0.047292
0.06808 -0.012393 0.104335
-0.040756 -0.051889 0.012329
0.041859 0.07461 0.075459
-0.063959 -0.03261 0.103639
-0.079501 0.046577 0.039826
0.013358 0.096245 0.039826
-0.0576 -0.074579 0.079154
0.061864 0.047582 0.089844
-0.012957 -0.053249 0.004489
-0.083713 -0.066698 0.105682
-0.032703 0.093402 0.059171
0.060278 0.063707 0.142678
-0.045319 -0.049879 0.0463
0.027098 0.084689 0.034718
-0.084421 0.021806 0.047516
0.059421 0.065485 0.096418
-0.038108 0.091161 -0.004042
0.058165 0.035567 -0.001396
-0.005939 -0.060579 0.113674
-0.039012 -0.05271 0.012383
0.052166 -0.031604 0.15037
-0.027679 -0.057032 0.019288
0.069512 0.046619 0.088061
0.02455 -0.054893 0.11972
0.07017 0.044783 0.039826
-0.069066 -0.027215 0.092621
0.013402 -0.058428 0.115556
0.013766 0.090135 0.135456
-0.07428 -0.064584 0.089733
-0.047828 -0.065774 0.124136
-0.079506 0.042487 0.14867
0.013358 0.096245 0.117573
-0.038495 -0.049597 0.15037
0.057058 0.068589 0.05144
-0.035419 0.085296 0.047292
0.047684 -0.040629 0.012434
0.04765 0.078465 0.004258
0.060198 0.006623 -0.001396
0.073488 0.031553 0.117573
-0.02334 -0.058432 0.043799
-0.074634 0.057211 0.093833
-0.081855 0.03914 0.032639
-0.074549 -0.019356 0.056072
0.060571 -0.026047 0.12199
0.063479 0.056612 0.14867
-0.072511 -0.022855 0.113805
0.029858 0.090347 0.014682
-0.084468 0.019856 -0.000551
0.0637 -0.021102 0.126871
0.035058 -0.04976 -0.005609
-0.048333 0.085491 -0.006162
-0.065561 -0.040203 0.117655
-0.067403 -0.029856 0.016978
0.024057 -0.053663 0.14867
-0.078054 0.0502 0.068485
-0.066989 -0.004164 -0.007284
-0.063625 -0.06601 0.055491
-0.043949 -0.04096 0.001421
-0.046679 -0.054405 0.110865
0.057979 0.055625 0.061074
0.033974 -0.047849 -0.007075
-0.035022 -0.054521 0.008144
-0.070373 -0.026189 0.004258
-0.078783 -0.010633 0.053781
-0.068855 0.054032 0.061074
0.005733 -0.059858 0.021605
-0.083461 0.006253 0.004258
-0.065941 -0.031906 0.034286
0.06817 0.012625 0.015454
0.050509 0.075811 -0.004042
-0.038108 0.091161 0.012434
0.00224 -0.042989 -0.001748
0.046172 0.079739 0.068485
-0.023375 0.096234 0.129469
-0.00789 -0.060531 0.12199
0.069512 0.046619 0.042806
-0.070255 -0.082789 0.095232
-0.057657 0.078435 0.129469
-0.015707 0.097665 0.036486
-0.071627 0.062231 0.006141
0.066457 -0.015941 0.117573
0.011912 0.090151 0.126964
0.048517 -0.033383 -0.007196
-0.044139 -0.051045 0.108012
-0.043334 0.088529 0.02618
0.065825 0.047245 0.15037
-0.061677 -0.078369 0.116768
0.049096 0.077155 0.108826
-0.078782 -0.010633 0.11972
0.054015 -0.023717 0.103626
-0.055386 -0.042492 0.017516
-0.083127 0.004331 0.02618
-0.014862 0.091458 0.126964
0.053266 -0.035179 0.104335
-0.017636 0.097378 0.104335
0.046207 -0.041903 -0.005609
0.070782 0.042931 0.004258
0.036731 -0.048757 0.032639
-0.029574 -0.052532 0.148991
0.030835 0.056235 -0.007284
-0.055907 0.071059 0.061074
-0.056883 -0.04124 0.13808
0.072773 0.035388 0.071777
-0.051568 0.083311 0.071777
-0.052814 -0.056796 0.023409
0.043162 -0.044342 0.034619
-0.067412 0.053211 0.001421
-0.081055 -0.062797 0.116909
0.074353 0.014052 0.041335
-0.082746 0.002418 0.078432
-0.032089 0.086619 0.1162
-0.025223 -0.057965 0.06813
0.073154 0.033475 0.075105
-0.073536 0.026433 -0.00044
-0.021449 -0.05885 0.041119
-0.017547 0.096826 0.144956
0.068826 -0.010591 0.104335
-0.049812 -0.046479 0.097552
-0.071494 -0.024541 0.004258
-0.011829 0.098096 0.053782
-0.077761 -0.012312 -0.006577
0.074495 0.019901 -0.001864
-0.039729 0.090036 0.142678
0.073162 0.004376 0.068485
-0.077264 0.051983 0.016973
0.013402 -0.058428 0.000909
-0.071314 0.018231 -0.001396
-0.034523 0.092699 0.021605
0.0447 -0.043141 0.10736
0.06558 -0.017684 0.117573
0.049129 -0.039318 0.104335
0.067066 0.047742 0.149955
0.051889 0.074432 0.049364
0.040884 -0.030447 -0.001396
-0.009883 0.09824 -0.001864
-0.041619 -0.043992 0.075459
-0.073559 -0.021013 0.091464
0.003752 0.097909 0.11972
0.06676 0.034114 0.023954
0.066514 -0.007651 0.15037
0.060209 0.022927 -0.007281
-0.025481 -0.057779 0.03258
-0.015706 0.097665 0.059171
-0.06826 0.067016 0.068485
-0.025457 0.089414 0.015454
-0.000487 -0.053993 0.047292
0.064394 0.040905 0.103626
-0.048947 -0.064438 0.043308
-0.078034 -0.012436 0.004258
-0.07362 -0.021125 -0.006162
-0.012832 -0.003922 -0.001798
-0.075268 -0.053394 0.039893
-0.050755 0.079022 0.148991
-0.04329 -0.050738 0.078867
-0.063847 -0.037111 0.119728
-0.05278 -0.009022 -0.007284
0.01525 0.095772 0.068485
-0.080143 -0.006976 0.021605
-0.058458 -0.039794 0.010148
-0.030568 0.048736 -0.001798
-0.013373 -0.056906 0.15037
-0.066463 0.054709 0.001421
-0.055001 0.070166 0.001421
-0.005985 0.098384 0.068485
-0.023644 -0.051978 0.009066
0.068062 0.050242 0.019287
0.044664 0.080976 0.062147
0.069103 -0.006562 -0.006875
-0.04048 -0.055062 0.115377
-0.02097 0.000817 -0.001798
-0.075911 0.037575 0.023954
-0.046704 0.086563 0.041335
-0.036325 0.091952 0.008144
0.067972 0.032509 0.141789
0.007607 0.097316 0.137581
-0.014756 -0.05318 0.089844
0.071349 0.041064 0.126871
0.018997 0.094686 0.113674
-0.011306 -0.05564 -0.007196
-0.048176 0.085248 0.142678
0.001811 0.0981 0.000909
0.043126 0.082176 0.12199
0.031641 -0.051642 0.10736
-0.081322 -0.003257 -0.003028
0.01713 0.095252 0.068485
-0.006309 -0.040709 -0.001798
-0.0788 0.048397 0.113674
0.069512 0.046619 0.100827
-0.060202 -0.038207 0.004258
-0.065986 -0.020806 0.103626
0.053235 0.073019 0.102668
-0.078054 0.0502 0.036486
0.073122 0.021802 0.14867
-0.014366 0.054447 -0.001798
-0.056176 -0.026753 -0.007281
0.050542 -0.037973 0.124375
0.055849 -0.032256 0.104335
-0.048352 0.085519 0.062147
0.054333 -0.033519 0.142678
-0.013091 0.091795 0.023954
0.074014 0.027687 0.05144
-0.050588 -0.063121 0.125526
-0.080158 0.04474 0.098756
0.055847 -0.032254 0.132156
0.040001 -0.046628 0.023909
-0.032703 0.093402 0.05144
-0.078036 -0.012435 -0.004903
-0.083952 0.027637 -0.006162
0.026352 -0.054146 0.071777
-0.023126 -0.057576 -0.006875
-0.013146 -0.054863 0.141789
0.056304 -0.030101 -0.006875
-0.011211 -0.053615 0.103626
-0.025267 0.09576 0.030561
0.026901 0.084284 0.089844
0.05582 0.070097 0.045843
-0.06617 -0.023102 0.141789
-0.051569 0.083311 -0.004903
-0.019591 -0.059189 0.032621
-0.057259 -0.040146 0.060602
-0.079574 0.025305 0.146215
-0.011784 -0.060293 0.078434
0.062674 0.060621 -0.000551
0.024507 0.092716 0.071777
0.047684 -0.040629 0.008144
-0.076372 -0.016009 0.126871
0.047719 0.07036 0.135456
0.02455 -0.054893 0.098756
0.057058 0.068589 -0.000551
0.051921 -0.036593 0.084946
0.011851 -0.051908 0.075459
-0.077501 0.012638 0.103626
-0.056181 0.07971 0.100827
0.067037 0.041743 0.148991
-0.068742 -0.016211 0.075459
0.039963 0.084461 0.071777
-0.061894 0.074399 0.006141
-0.034523 0.092699 0.010248
-0.055571 -0.042749 0.133763
0.015452 -0.022943 -0.001799
-0.083748 0.008183 -0.005609
-0.053032 -0.035463 0.004489
0.019614 -0.052538 0.148991
-0.021427 -0.058866 0.058798
0.07421 0.012106 0.032639
0.041369 0.083076 0.142678
0.031641 -0.051642 0.034619
0.06881 0.048439 0.071777
-0.065822 0.070062 0.117573
0.074019 0.010165 0.105881
0.038379 -0.047713 0.002512
0.010071 0.090082 0.004489
0.060607 -0.017175 0.146215
-0.017604 -0.059569 0.039766
-0.081335 0.04102 -0.004042
-0.067112 -0.030068 0.040024
-0.05873 -0.042779 0.044606
-0.023382 -0.058401 0.039584
-0.02702 0.088385 0.061074
0.041595 -0.045505 0.053782
0.072782 0.002463 0.12199
0.06268 -0.022765 0.134879
-0.067827 -0.083759 0.068183
0.041595 -0.045505 0.091035
-0.075783 0.043236 0.146215
-0.050057 -0.043489 0.150607
-0.021467 0.096642 0.134879
0.056932 0.057081 0.089844
-0.080769 0.042887 0.108826
-0.038108 0.091161 0.008144
0.044664 0.080976 0.04429
-0.023477 -0.058333 0.115628
-0.072596 -0.022852 0.002512
-0.002483 -0.051839 -0.007258
0.038341 0.085544 0.019287
0.00185 -0.06022 0.137581
0.040001 -0.046628 0.059171
-0.080143 -0.006976 0.010248
0.001856 -0.060289 0.115556
0.057025 -0.023683 -0.007196
-0.070854 -0.015295 0.141789
-0.07267 0.060582 0.117573
0.031952 0.039686 -0.007284
0.001856 -0.060289 0.071777
-0.080158 0.04474 0.028403
-0.083135 0.03343 0.129469
0.06729 -0.014177 0.053782
0.064261 -0.004897 0.126964
0.074206 0.025746 0.12199
-0.056861 -0.079096 0.065954
0.06729 -0.014177 0.091035
-0.009813 0.097098 -0.006875
-0.069232 -0.027481 0.039156
0.053235 0.073019 -0.004903
0.033361 -0.050722 0.075105
0.022687 0.093418 0.023909
0.003797 -0.060097 0.038223
-0.079263 -0.006685 -0.006875
0.073775 0.029623 0.075105
-0.069421 0.065448 0.126871
0.02631 0.09197 0.062147
-0.021928 0.090163 0.009066
-0.073479 -0.021262 0.121997
0.0549 -0.02024 -0.007258
-0.079034 0.040315 -0.007075
0.01525 0.095772 0.036486
-0.020425 0.092103 -0.007196
0.043836 0.044757 -0.001799
-0.030646 -0.056378 0.044084
-0.048352 0.085519 0.04429
-0.030866 0.09406 0.019287
0.028135 -0.053355 0.115556
0.059448 -0.027642 0.023909
0.012564 -0.047607 -0.00044
0.02273 -0.055596 0.126871
0.02455 -0.054893 0.028403
-0.081335 0.04102 0.012434
-0.027085 -0.05093 0.009066
-0.040138 -0.045005 0.1162
0.071882 -0.001333 0.068485
-0.021472 0.096662 -0.004042
0.072345 0.037291 0.036486
0.072355 0.000559 0.081724
-0.03074 -0.056333 0.103097
0.036692 0.086587 0.129469
-0.074555 -0.019363 0.091305
0.029858 0.090347 0.084946
0.01713 0.095252 0.036486
-0.082755 0.035344 0.056371
0.05502 0.060098 0.075459
0.065564 0.051242 0.149955
-0.037629 -0.021237 -0.007284
0.074495 0.017951 0.105881
-0.043334 0.088529 0.045843
-0.069421 0.065448 0.038223
0.013402 -0.058428 0.039826
-0.05218 0.074951 0.009066
0.046172 0.079739 0.056371
-0.078054 0.0502 0.065263
-0.084419 0.015955 0.004258
0.066457 -0.015941 0.11972
-0.070039 0.050493 -0.007258
-0.051832 -0.036803 0.103626
0.073781 0.008228 0.104335
-0.083127 0.004331 0.045843
-0.056072 -0.07689 0.07325
-0.021584 -0.058673 0.137581
-0.059494 0.067073 0.089844
-0.034523 0.092699 0.047516
0.051065 0.061575 -0.007258
-0.07697 0.051849 0.142678
-0.027104 -0.057445 -0.004903
-0.075553 0.05549 0.032639
-0.072296 0.047734 0.126964
0.051921 -0.036593 0.038223
-0.048231 -0.047119 0.144995
-0.041599 -0.051686 0.053851
0.003752 0.097909 0.098756
-0.075596 -0.057086 0.049529
0.074448 0.016 0.056371
-0.056146 -0.041933 -0.005609
0.061823 0.0557 0.15037
-0.011145 0.04224 -0.001798
-0.049168 0.076937 0.1162
-0.04329 -0.050738 0.075107
0.016402 -0.038586 -0.001798
-0.064114 -0.034159 0.032435
0.022687 0.093418 0.059171
-0.025246 -0.057948 0.107944
-0.029014 0.094672 0.068485
-0.011829 0.098096 0.078432
0.022113 0.086725 0.047292
0.073495 0.006298 0.075105
0.012658 -0.0553 0.15037
-0.03937 0.089299 -0.006875
-0.043557 0.026435 -0.001798
0.059448 -0.027642 0.059171
-0.021472 0.096662 0.012434
-0.080143 -0.006976 0.047516
0.068062 0.050242 0.042806
0.064875 0.01635 -0.00044
-0.048314 -0.047738 -0.005609
0.073162 0.004376 0.056371
-0.031422 -0.055647 0.140189
-0.045031 0.087567 0.021605
-0.065046 -0.066046 0.026744
-0.070488 -0.026062 -0.006162
0.06558 -0.017684 0.11972
0.064643 -0.019394 0.134879
0.0316 0.08947 0.049364
-0.057325 -0.040874 0.006136
0.033321 0.088551 0.129469
0.07187 0.039184 0.084946
-0.0542 -0.069947 0.050168
0.054545 0.071574 0.016973
0.063226 0.054349 -0.007075
-0.073856 0.056783 0.146973
-0.069325 0.058522 0.148991
0.001811 0.0981 0.039826
-0.040531 0.009524 -0.001798
-0.057191 -0.077977 0.050246
0.02631 0.09197 0.04429
-0.043243 0.080949 0.061074
-0.077264 0.051983 0.032639
-0.004034 0.098351 -0.006162
-0.06826 0.067016 0.056371
-0.055395 -0.058129 0.126197
-0.032518 -0.04125 -0.007284
-0.066568 -0.030124 0.056894
-0.000135 0.098243 0.129469
0.023678 -0.039784 -0.001396
0.009156 -0.057082 -0.007075
-0.083918 0.010127 0.137581
0.074014 0.027687 -0.000551
0.069528 -0.00877 0.115556
-0.058143 -0.072613 0.122914
-0.030631 -0.050147 0.135456
-0.064548 0.07154 0.124375
-0.032703 0.093402 -0.000551
0.001811 0.0981 0.117573
-0.063494 -0.038463 0.041613
-0.009838 -0.060436 -0.001864
0.005733 -0.059858 0.053782
-0.005985 0.098384 0.056371
-0.061205 -0.059248 0.047889
0.005733 -0.059858 0.091035
-0.069249 0.054249 0.023954
0.073495 0.006298 0.016973
0.06291 0.058501 0.146973
-0.073688 0.012915 -0.00044
-0.026881 -0.056067 0.14867
-0.042376 0.083014 0.141789
-0.082308 0.012222 0.149955
-0.000468 -0.054299 0.023954
0.018997 0.094686 0.093833
0.07435 0.0238 0.075105
0.043162 -0.044342 0.019287
-0.0788 0.048397 0.093833
0.01525 0.095772 0.065263
-0.002084 0.098338 0.096418
-0.009838 -0.060436 0.104336
-0.071627 0.062231 0.104335
-0.009839 -0.060436 0.021605
-0.025568 -0.057636 0.13758
-0.062162 -0.070284 0.089137
0.07017 0.044783 0.010248
-0.050538 -0.032641 -0.00044
0.043313 0.073557 0.1162
-0.06792 -0.029471 0.006141
-0.083987 0.010119 -0.000551
0.017128 -0.057274 0.1402
-0.060515 0.075779 0.006141
-0.077288 0.0269 0.089844
-0.071333 -0.024627 0.117643
-0.084468 0.017905 0.038223
0.062674 0.060621 0.11972
0.072345 0.037291 0.065263
0.036731 -0.048757 0.014682
0.055791 0.070073 -0.006162
0.04765 0.078465 0.049364
0.067567 -0.012173 0.144956
0.015208 -0.057626 -0.006577
-0.053553 -0.036053 0.023954
0.060571 -0.026047 0.023909
0.01713 0.095252 0.065263
-0.077569 0.047906 0.14867
-0.062715 -0.025045 0.004489
0.009541 0.097052 0.062147
-0.056181 0.07971 0.016973
-0.070544 0.063853 -0.004042
0.038341 0.085544 0.042806
-0.024154 -0.018899 -0.007284
-0.046286 -0.060021 0.029132
0.040001 -0.046628 0.05144
0.011498 -0.058856 0.068485
0.068062 0.050242 0.100827
-0.053185 0.037712 -0.007284
0.072613 0.004478 0.144956
0.074495 0.01795 0.075105
0.063205 -0.006422 0.089844
-0.034523 0.092699 0.053782
-0.084468 0.019856 0.098756
-0.055829 -0.038628 -0.007075
-0.058338 -0.039204 0.044715
-0.053135 0.082148 0.049364
-0.078041 0.014394 0.034718
0.007663 -0.059572 0.096418
0.07187 0.039184 0.038223
-0.01761 -0.059565 0.111975
-0.045031 0.087567 0.010248
-0.00789 -0.060531 0.023909
0.070185 -0.006933 0.096418
-0.069119 0.054177 0.034718
0.061629 0.062269 0.096418
0.041595 -0.045505 0.078432
0.071362 -0.003214 0.075105
-0.030866 0.09406 0.042806
0.028094 0.09118 0.02618
-0.081335 0.04102 0.008144
-0.011788 -0.06029 0.021605
-0.071175 0.049197 0.004489
-0.083461 0.006253 0.124375
-0.017646 -0.059539 0.030556
-0.043363 -0.050814 0.130949
0.050693 0.06578 0.103626
0.024054 -0.048789 0.135456
-0.074481 0.040897 0.061074
0.0447 -0.043141 0.019287
0.067751 0.018031 0.089844
-0.016138 -0.037276 -0.001799
0.018921 -0.050525 0.015454
-0.084326 0.023755 0.004258
0.058736 0.058193 0.146215
0.059421 0.065485 0.075105
0.060571 -0.026047 0.059171
-0.070544 0.063853 0.012434
0.06729 -0.014177 0.078432
-0.080158 0.04474 0.102668
-0.07267 0.060582 0.11972
0.055422 0.060369 0.009066
-0.06394 -0.033608 0.112517
-0.041673 0.067092 -0.001748
-0.075496 -0.017706 -0.006162
-0.054673 0.080948 0.062147
-0.07024 -0.026211 0.115732
0.051921 -0.036593 0.105881
0.07017 0.044783 0.047516
-0.048245 -0.04764 0.055307
-0.080658 0.03297 0.150607
-0.077233 -0.014226 0.03056
-0.080539 0.017954 0.148991
-0.062844 -0.078345 0.116439
0.009585 -0.059237 0.049364
-0.002038 -0.060527 0.132156
0.035058 -0.04976 0.021605
-0.07643 0.053747 0.075105
-0.046566 0.08634 -0.006577
0.035019 0.08759 0.004258
0.022687 0.093418 0.05144
0.05582 0.070097 0.034619
-0.084468 0.019856 0.028403
0.069469 0.030905 -0.007196
-0.00789 -0.060531 0.059171
0.042775 0.014415 -0.001799
-0.027498 -0.057157 0.119772
-0.084179 0.012061 0.041335
-0.021472 0.096662 0.008144
0.060104 0.052698 0.023954
0.071882 -0.001333 0.056371
0.065165 -0.001418 0.047292
0.013949 -0.052857 0.141789
0.059448 -0.027642 0.05144
-0.081322 -0.003257 0.023909
-0.063547 0.003451 -0.001748
-0.071474 -0.08038 0.10401
0.031641 -0.051642 0.019287
0.011224 -0.05756 0.14867
0.054575 -0.033733 0.038223
0.043162 -0.044342 0.088061
0.001831 -0.059963 -0.006577
0.061719 -0.01363 0.141789
0.038341 0.085544 0.100827
-0.020724 -0.043449 -0.007284
-0.073579 -0.021041 0.064985
-0.06239 -0.037668 0.122749
0.025088 -0.010961 -0.007284
0.068163 0.025224 0.015454
-0.023331 -0.058439 0.075105
0.046125 -0.030989 0.001421
-0.045031 0.087567 0.047516
0.072355 0.000559 0.10736
0.037907 -0.040404 0.034718
0.046207 -0.041903 0.021605
0.033361 -0.050722 0.124375
0.067998 0.050214 0.137581
0.005688 0.09767 0.056371
0.019041 -0.056866 0.006141
-0.059367 -0.038964 0.135349
-0.053112 -0.044399 0.046673
-0.039871 0.090326 0.041335
0.073775 0.029623 0.124375
-0.009838 -0.060436 -0.003028
-0.069035 -0.027167 0.095634
-0.027739 0.084819 -0.00044
-0.056995 -0.049819 0.107317
0.043126 0.082176 0.023909
-0.05632 -0.07289 0.059361
0.001856 -0.060289 0.117573
0.003011 0.091205 0.089844
-0.068182 0.057818 0.141789
-0.061894 0.074399 0.104335
-0.059103 0.077125 0.068485
-0.061969 -0.066982 0.05538
-0.009598 -0.056514 0.148991
-0.030866 0.09406 0.100827
-0.06706 0.068554 -0.001864
-0.075357 0.026564 -0.007258
-0.029014 0.094672 0.056371
-0.06462 -0.033266 0.03845
-0.078257 0.007092 0.141789
0.061654 -0.024424 0.068485
-0.069584 -0.014636 0.103626
-0.056368 -0.070732 0.05445
-0.071344 -0.02465 0.010248
0.059833 0.052557 0.047292
-0.080158 0.04474 -0.004903
0.029858 0.090347 0.105881
-0.084323 0.014006 -0.005609
-0.032658 -0.055637 0.054037
0.043162 -0.044342 0.042806
-0.034027 0.086596 0.135456
-0.081322 -0.003257 0.059171
-0.031722 -0.055633 0.019294
0.028135 -0.053355 0.117573
0.050542 -0.037973 -0.004042
-0.078783 -0.010633 0.075105
-0.054673 0.080948 0.04429
-0.083754 0.029578 0.115556
-0.041914 0.082216 0.009066
-0.041726 -0.054227 0.113332
-0.038994 -0.043179 -0.007258
0.025939 -0.048563 0.141789
-0.05973 -0.038658 0.043697
-0.078054 0.0502 0.111934
-0.081843 -0.001377 0.071777
0.025369 -0.051949 -0.007075
-0.041236 -0.05531 0.12208
-0.03997 0.070469 -0.001748
-0.045158 -0.05306 0.02414
0.067408 -0.000156 0.146215
0.063677 0.058948 0.113674
-0.007935 0.098336 0.113674
0.035058 -0.04976 0.010248
0.054545 0.071574 0.032639
0.005733 -0.059858 0.078432
0.062674 0.060621 0.098756
0.043126 0.082176 0.059171
-0.043334 0.088529 0.034619
-0.030366 0.087121 0.075459
-0.074568 -0.057526 0.049889
0.046172 0.079739 0.111934
-9e-05 -0.060433 0.071777
0.051871 -0.036544 0.137581
0.057058 0.068589 0.098756
0.019041 -0.056866 0.014682
-0.025267 0.09576 0.12199
0.065559 0.05553 0.113674
-0.037276 -0.047301 0.135456
0.073209 0.02373 -0.006875
0.005129 -0.019431 -0.007284
-0.06687 -0.029827 0.107153
-0.073673 0.058908 0.004258
0.059936 0.032502 -0.001396
-0.025586 -0.057703 0.014682
0.074446 0.021852 0.041335
-0.083987 0.010119 0.11972
0.072782 0.002463 0.023909
0.030819 0.08038 0.001421
-0.036359 -0.053983 0.028428
0.06808 -0.012393 -0.005609
0.072773 0.035388 0.11972
0.040001 -0.046628 -0.000551
-0.063525 -0.034903 0.032445
-0.035547 0.085574 0.023954
-0.023331 -0.058439 0.068234
0.074448 0.016 0.111934
0.050542 -0.037973 0.012434
0.0316 0.08947 0.002512
0.07187 0.039184 0.105881
0.035019 0.08759 0.075105
-0.049308 -0.039384 0.126964
-0.080756 -0.005124 0.071777
0.018721 0.08788 0.1162
-0.075553 0.05549 0.014682
0.05582 0.070097 0.091035
0.015294 -0.057953 0.006141
0.074206 0.025746 0.023909
0.057841 -0.028871 0.144956
-0.019641 -0.059153 0.023908
0.032422 -0.035873 -0.001396
0.068062 0.050242 0.016973
0.073162 0.004376 0.111934
-0.084421 0.021806 0.041335
0.043718 -0.019092 -0.007284
-0.077808 0.010802 0.009066
-0.084388 0.021805 -0.006162
0.057086 -0.030748 0.056371
0.068602 0.003289 -0.007196
-0.076827 0.034091 0.015454
0.0447 -0.043141 0.042806
-0.005939 -0.060304 -0.006577
0.020893 -0.056253 0.049364
0.022378 0.092586 0.146973
-0.043134 -0.05046 -0.006577
-0.045097 -0.062693 0.12257
-0.070544 0.063853 0.008144
-0.067534 -0.015585 0.001421
0.060571 -0.026047 0.05144
-0.034523 0.092699 0.078432
-0.042858 0.087632 -0.006875
-0.071915 0.060117 0.146973
-0.042982 -0.029801 -0.007284
-0.041883 -0.056759 0.122249
-0.082318 0.000515 -0.004042
-0.082329 0.037247 0.004258
0.011498 -0.058856 0.056371
0.009541 0.097052 0.006141
0.053235 0.073019 0.036486
0.074474 0.019901 0.134879
-0.083754 0.029578 0.000909
0.036731 -0.048757 0.084946
0.048983 0.077034 0.1402
-0.013126 0.092111 0.135456
0.062674 0.060621 0.028403
-0.075477 -0.017761 0.119726
0.02085 0.094074 0.004258
0.069528 -0.00877 0.117573
-0.06826 0.067016 0.111934
-0.005983 0.098219 0.1402
0.072782 0.002463 0.059171
0.043162 -0.044342 0.100827
-0.078054 0.0502 0.030561
-0.030823 -0.056268 0.078802
-0.044945 -0.062393 0.037857
0.057058 0.068589 0.028403
-0.083748 0.008183 0.021605
-0.059103 0.077125 0.036486
0.007041 0.079493 -0.007284
-0.056181 0.07971 0.032639
-0.030549 -0.049926 0.015454
0.028094 0.09118 0.045843
0.049383 -0.005981 -0.007284
0.01525 0.095772 0.111934
0.061654 -0.024424 0.036486
-0.075332 0.037423 0.089844
-0.063274 0.063225 0.126964
-0.077264 0.051983 0.014682
-0.025328 -0.057889 0.037981
0.039102 -0.039009 0.103626
0.035058 -0.04976 0.047516
-0.070903 -0.003849 -0.00044
-0.084419 0.015955 0.049364
-0.034553 -0.053796 0.146972
-0.005985 0.098384 0.111934
0.060389 0.024665 -0.001396
-0.034418 0.092446 -0.006577
-0.00789 -0.060531 0.05144
0.065186 0.043067 0.141789
0.066437 0.053788 0.115556
0.050117 -0.034833 0.150607
0.01863 0.075982 -0.007284
0.074206 0.025746 0.059171
-0.067494 -0.043984 0.032414
0.053266 -0.035179 -0.005609
-0.038506 0.083463 0.089844
-0.069776 -0.023242 -0.007075
-0.017636 0.097378 -0.005609
0.050518 -0.037948 -0.006162
0.00117 -0.052062 0.001421
-0.051905 -0.055986 0.045221
0.067734 0.030625 0.135456
0.059448 -0.027642 -0.000551
0.032366 0.083035 0.141789
-0.037642 -0.05332 0.129262
0.01713 0.095252 0.111934
-0.027147 0.095239 0.004258
-0.011211 -0.053616 0.075459
-0.074212 0.021433 -0.007281
0.031641 -0.051642 0.042806
0.022038 -0.048646 0.004489
0.004981 0.092447 0.141789
0.074495 0.01795 0.124375
-0.082318 0.000515 0.012434
-0.055848 -0.077734 0.066116
-0.081855 0.03914 0.038223
0.038379 -0.047713 0.129469
-0.075731 -0.003531 0.141789
-0.035466 -0.054548 0.034293
-0.027121 0.088702 0.126964
0.069209 0.046507 0.142678
-0.043776 -0.050397 0.008114
-0.074781 -0.051975 0.042159
-0.056911 -0.041038 0.140454
-0.046452 0.079312 0.009066
0.026352 -0.054146 0.11972
0.007618 0.097385 0.129469
0.064661 -0.019404 0.075105
-0.027059 0.094924 -0.006577
-0.084183 0.0257 0.081724
-0.080972 0.00476 -0.007075
-0.043084 -0.050858 0.132998
0.060433 -0.013003 0.103626
-0.051569 0.083311 0.065263
0.074495 0.019901 0.071777
0.057597 0.05357 -0.007258
0.024507 0.092716 0.11972
0.069879 -0.006828 0.142678
-0.002283 -0.053938 0.061074
-0.000647 -0.05141 -0.007258
0.022718 -0.055565 -0.006162
-0.084468 0.019856 0.102668
-0.066236 0.063148 0.148991
0.049129 -0.039318 -0.005609
0.038884 -0.041756 0.146215
-0.015702 0.09763 -0.006162
-0.015697 0.097595 0.137581
-0.083127 0.004331 0.053782
-0.019809 -0.043591 -0.001748
-0.060515 0.075779 0.104335
-0.083127 0.004331 0.091035
0.029538 -0.029658 -0.007284
0.046844 0.069334 -0.007258
0.067776 -0.000195 -0.007196
0.039963 0.084461 0.11972
-0.072443 -0.079471 0.10542
-0.045324 -0.049881 0.105967
-0.009883 0.09824 0.071777
-0.082263 0.033268 0.146973
-0.046711 0.076636 0.001421
-0.041573 -0.051663 0.06755
-0.002038 -0.06053 0.000909
-0.021437 0.0965 0.1402
0.06881 0.048439 0.11972
-0.048352 0.085519 0.104335
-0.066136 0.05866 0.1162
0.0447 -0.043141 0.100827
0.0637 -0.021102 0.113674
-0.081322 -0.003257 0.05144
-0.068664 -0.028212 0.021609
-0.004034 0.098385 0.016973
0.073467 0.014106 0.146973
0.068399 0.025244 0.135456
0.074014 0.027687 0.098756
-0.030866 0.09406 0.016973
-0.048661 -0.038736 -0.007258
0.01525 0.095772 0.030561
-0.019514 -0.059246 0.065109
-0.064548 0.07154 -0.004042
0.009585 -0.059237 0.002512
-0.032703 0.093402 0.098756
0.060859 0.061754 -0.006875
-0.045582 -0.049221 0.140454
-0.07643 0.053747 0.124375
-0.012496 0.073745 -0.007284
-0.018447 0.091087 0.015454
0.066437 0.053788 0.000909
-0.076367 0.053717 0.137581
-0.049974 0.084435 0.041335
0.072345 0.037291 0.030561
0.043126 0.082176 0.05144
-0.00221 -0.055906 0.146215
0.027033 -0.031397 -0.001798
0.053235 0.073019 0.065263
-0.07034 -0.025896 0.10956
-0.082329 0.037247 0.075105
0.01713 0.095252 0.030561
0.060545 0.063891 0.068485
0.064639 0.057251 0.081724
0.055849 -0.032256 -0.005609
0.028451 0.083426 0.004489
0.018193 0.080588 -0.007281
0.05455 0.002439 -0.007284
0.05582 0.070097 0.019287
-0.059103 0.077125 0.065263
-7.1e-05 -0.028816 -0.001799
-0.083987 0.010119 0.098756
0.031641 -0.051642 0.100827
-0.082746 0.002418 0.062147
0.07421 0.012106 0.084946
0.050542 -0.037973 0.008144
0.072773 0.035388 0.098756
0.074353 0.014052 0.108826
0.046986 0.05847 -0.007281
0.061654 -0.024424 0.065263
-0.025265 -0.057934 0.109289
0.066234 0.037697 0.135456
-0.036861 -0.053749 0.008142
0.005729 -0.059824 -0.006162
-0.054462 0.072132 -0.007258
-0.084468 0.019856 -0.004903
0.013136 -0.057357 -0.006875
-0.064548 0.07154 0.012434
0.071882 -0.001333 0.111934
0.063677 0.058948 0.093833
-0.080076 0.023439 -0.007196
-0.06281 -0.035846 0.03064
-0.05592 -0.041615 0.067758
0.059573 0.052422 0.089844
0.04765 0.078465 -0.004042
0.074014 0.027687 0.028403
-0.032661 -0.055611 -0.004903
0.02631 0.09197 0.104335
-0.061976 -0.036781 0.123906
-0.032703 0.093402 0.028403
-0.077228 -0.01423 0.129469
-0.007707 0.092194 0.023954
-0.0639 -0.057779 0.02439
-0.044043 -0.044416 -0.007196
0.017174 -0.057433 0.049364
0.029898 -0.05252 0.081724
-0.019591 -0.059189 0.117591
0.037346 -0.02856 -0.001748
-0.032145 -0.049065 0.034718
0.058458 -0.018049 0.015454
0.050542 -0.037973 0.126871
0.039827 -0.046383 -0.006577
0.072782 0.002463 0.05144
-0.083754 0.029578 0.039826
-0.083461 0.006253 -0.004042
0.005736 -0.047615 -0.001396
-0.079486 -0.008813 -0.001864
-0.002084 0.098338 0.075105
0.019041 -0.056866 0.084946
0.046207 -0.041903 0.053782
-0.029014 0.094672 0.111934
-0.037043 -0.054121 0.037312
0.02455 -0.054893 0.068485
0.072355 0.000559 0.096418
0.063217 -0.020821 0.144956
-0.083987 0.010119 0.028403
0.013533 0.089249 0.089844
-0.063169 -0.035908 0.0409
0.051839 0.074383 0.137581
-0.064941 -0.07166 0.030597
-0.00789 -0.060531 -0.000551
0.04765 0.078465 0.012434
0.074206 0.025746 0.05144
-0.059653 -0.037082 0.102886
-0.083468 0.031508 0.093833
-0.063754 -0.033541 0.111676
-0.065498 -0.075974 0.03589
-0.004987 0.018903 -0.001798
-0.014308 0.082532 -0.007284
-0.075553 0.05549 0.084946
-0.078034 -0.012432 0.104345
-0.078054 0.0502 0.110332
0.069512 0.046619 0.006141
-0.045031 0.087567 0.078432
-0.082318 0.000515 0.008144
0.053583 -0.032856 0.14867
-0.011274 0.091667 0.047292
-0.003989 -0.060508 0.137581
0.068062 0.050242 0.032639
-0.082746 0.002418 0.04429
0.03181 -0.047906 0.15037
0.068606 0.032627 0.146215
-0.041876 0.082156 0.126964
-0.043334 0.088529 0.019287
0.057058 0.068589 0.102668
-9e-05 -0.060433 0.117573
0.07421 0.012106 0.038223
0.055687 0.058253 -0.007258
0.065764 -0.001592 0.135456
-0.082755 0.035344 0.110332
-0.083461 0.006253 0.012434
0.035019 0.08759 0.124375
0.048994 -0.031214 0.135456
0.007663 -0.059572 0.075105
0.058001 0.066856 0.142678
-0.074634 0.057211 0.004258
-0.065275 -0.031551 0.093778
0.046172 0.079739 0.110332
0.026352 -0.054146 0.098756
-0.028971 -0.056879 0.078739
0.06798 0.00534 0.141789
-0.002084 0.098338 0.016973
0.061629 0.062269 0.075105
-0.069905 -0.026152 0.142678
0.073781 0.008228 -0.005609
-0.083622 0.012109 0.144956
0.060545 0.063891 0.036486
0.072466 0.00253 0.142678
0.051788 0.066702 0.141789
0.024507 0.092716 0.098756
-0.036325 0.091952 0.113674
-0.045828 0.081642 0.146215
-0.067544 -0.064621 0.097631
-0.081858 -0.061784 0.111054
-0.028679 -0.05003 0.061074
0.074448 0.016 0.110332
0.025387 -0.047359 0.061074
0.02783 0.086188 0.146215
0.069091 0.014373 0.141789
0.025955 0.091114 -0.006875
-0.013725 -0.060102 0.065244
-0.080756 -0.005124 0.117573
-0.070172 -0.026335 0.010248
-0.058525 -0.05267 0.126402
-0.025227 -0.050967 0.089844
0.03907 0.076842 0.075459
-0.017585 -0.059227 0.142678
0.039963 0.084461 0.098756
-0.048241 -0.047614 0.049222
0.070782 0.042931 0.012434
0.05582 0.070097 0.088061
-0.025402 -0.057464 0.142678
0.041406 -0.045242 0.142678
0.058259 0.067052 0.053782
-0.05952 0.06473 0.001421
-0.079144 -0.06031 0.10638
-0.077264 0.051983 0.084946
-0.002038 -0.06053 0.039826
0.058259 0.067052 0.091035
-0.028851 -0.050531 0.015454
0.06881 0.048439 0.098756
-0.030232 0.074543 -0.001748
0.074281 0.021846 0.1402
-0.081322 -0.003257 -0.000551
-0.013036 -0.0539 0.009066
0.036731 -0.048757 0.105881
-0.057478 0.078227 -0.006577
-0.013725 -0.060102 0.062122
0.050007 0.067559 0.015454
-0.053501 0.002154 -0.001799
-0.069444 -0.049954 0.125154
-0.060774 0.065817 0.061074
0.073162 0.004376 0.110332
-0.04094 -0.05639 0.117337
-0.027081 -0.050908 0.126964
-0.039092 -0.053513 0.120106
-0.037586 -0.054064 0.114955
-0.077749 0.038001 -0.007196
0.069512 0.046619 0.014682
0.051921 -0.036593 0.02618
-0.083992 0.027642 0.049364
0.049096 0.077155 0.000909
-0.007493 0.087819 -0.00044
-0.082755 0.035344 -0.001864
-0.015706 0.097665 0.028403
-0.071692 0.051437 0.141789
0.0447 -0.043141 0.016973
-0.074612 -0.019444 -0.004903
0.015294 -0.057953 0.104335
0.071282 0.041044 0.137581
0.046172 0.079739 -0.001864
-0.027104 -0.057445 0.071537
0.066437 0.053788 0.039826
0.047684 -0.040629 0.113674
-0.015706 0.097665 0.002512
0.036294 -0.041229 0.1162
0.003752 0.097909 0.068485
0.011498 -0.058856 0.111934
0.070185 -0.006933 0.016973
-0.007914 0.097777 0.144956
-0.080158 0.04474 0.036486
0.000939 -0.046726 -0.007281
-0.084183 0.0257 0.10736
-0.06826 0.067016 0.110332
-0.023506 -0.051442 0.089844
0.00623 -0.011246 -0.007284
0.022483 -0.020425 -0.001799
-0.070359 -0.015038 0.135456
-0.020675 0.061071 -0.001798
0.028533 -0.045656 0.089844
-0.05964 0.067202 0.1162
-0.030419 0.087263 0.1162
0.04367 -0.036091 0.015454
-0.066475 0.05888 0.023954
0.063627 -0.006579 0.034718
-0.016672 0.091397 0.015454
0.01525 0.095772 0.110332
0.074448 0.016 -0.001864
-0.078783 -0.010633 0.062146
-0.003988 -0.060578 0.093833
-0.043267 0.080988 0.1162
-0.075521 0.037472 0.1162
0.057058 0.068589 -0.004903
0.066437 0.053788 0.117573
-0.005985 0.098384 0.110332
-0.019514 -0.059245 0.102934
0.009541 0.097052 0.104335
0.02455 -0.054893 0.036486
-0.07365 -0.021141 -0.005609
0.063438 0.058812 -0.006577
-0.050576 -0.065527 0.02992
-0.053585 0.073832 0.023954
0.064661 -0.019404 0.124375
-0.073691 0.050348 0.148991
-0.033683 0.085794 0.075459
-0.083748 0.008183 0.053782
-0.039923 -0.052499 0.125889
-0.072508 -0.022628 0.104985
-0.075491 0.055458 0.137581
-0.054569 0.080818 0.1402
-0.066261 -0.039884 0.038742
0.070796 -0.005081 0.049364
-0.083748 0.008183 0.091035
-0.009838 -0.060436 0.071777
-0.064548 0.07154 0.008144
-0.015661 -0.059864 0.053699
-0.054549 -0.0372 0.146215
-0.062712 -0.037298 0.041737
-0.038108 0.091161 0.113674
0.073162 0.004376 -0.001864
-0.06614 -0.031553 0.03743
-0.064095 -0.03317 0.063564
-0.031716 -0.039499 -0.001748
-0.02904 -0.056813 0.112436
-0.004034 0.098385 0.032639
-0.048237 -0.061542 0.043176
-0.030866 0.09406 0.032639
-0.033978 -0.05514 0.036018
-0.071627 0.062231 -0.005609
-0.052651 -0.050435 0.107005
-0.083861 0.015975 0.144956
0.028808 -0.046188 0.023954
-0.039862 0.090308 0.134879
-0.067962 -0.02904 -0.006577
-0.018376 0.090701 0.047292
-0.084183 0.0257 0.034619
-0.043334 0.088529 0.088061
-0.058623 -0.052748 0.023421
-0.077264 0.051983 0.038223
-0.052523 -0.072759 0.048883
-0.038526 0.083501 0.075459
-0.011829 0.098096 0.062147
-0.009883 0.09824 0.117573
0.029858 0.090347 0.02618
-0.083127 0.004331 0.088061
-0.027131 -0.057421 0.109471
-0.034612 0.061319 -0.007284
-0.080769 0.042887 0.115556
0.064639 0.057251 0.10736
-0.057041 0.053156 -0.001748
0.035058 -0.04976 0.078432
-0.053157 -0.035605 0.089844
-0.056167 0.079694 0.134879
0.005541 -0.046408 -0.007284
-0.015689 -0.059844 0.012434
0.060545 0.063891 0.065263
-0.04417 0.021909 -0.001798
0.073154 0.033475 0.126871
-0.009327 0.089216 -0.007258
0.074492 0.019901 0.132156
-0.081776 -0.00136 0.137581
-0.04503 0.087565 0.132156
-0.077713 0.030584 0.135456
0.053168 -0.03249 0.149955
0.064912 0.039195 0.103626
0.04765 0.078465 0.008144
-0.032394 -0.05579 0.105423
0.074014 0.027687 0.102668
-0.07719 0.001734 0.141789
-0.057052 0.056513 -0.001748
0.003059 -0.053323 0.004489
0.071349 0.041064 0.081724
-0.082329 0.037247 0.124375
-0.032703 0.093402 0.102668
-0.020999 -0.05671 -0.007075
-0.072525 -0.022643 0.088601
0.06808 -0.012393 0.021605
0.067508 0.030589 0.015454
0.062966 0.0461 0.034718
0.02991 -0.011936 -0.001799
0.004474 0.088712 -0.007258
0.051889 -0.033902 0.149955
-0.078783 -0.010633 0.044289
0.017507 0.005802 -0.007284
0.040001 -0.046628 0.028403
0.028203 0.079352 -0.00044
-0.063239 0.072986 0.049364
-0.062882 -0.037499 0.114895
0.07421 0.012106 0.105881
-0.07355 -0.021001 0.094313
-0.016479 -0.035244 -0.007284
-0.078054 0.0502 0.12199
0.036265 -0.048002 0.146973
-0.036019 -0.021977 -0.001799
0.046207 -0.041903 0.078432
-0.068726 -0.028085 0.137572
-0.060172 -0.037567 0.071249
-0.043334 0.088529 0.042806
0.058751 -0.016154 0.089844
-0.022608 -0.055297 0.15037
0.040001 -0.046628 0.002512
-0.083461 0.006253 0.008144
-0.019558 0.097044 0.004258
-0.059103 0.077125 0.111934
-0.078367 0.042127 0.150607
-0.070595 -0.059582 0.051127
0.029898 -0.05252 0.10736
-0.082746 0.002418 0.108826
-0.061707 -0.043336 0.024297
0.027154 -0.03912 -0.001396
-0.027147 0.095239 0.049364
-0.06009 0.07264 0.150607
0.07187 0.039184 0.02618
0.038415 -0.006375 -0.007284
0.061654 -0.024424 0.111934
-0.080158 0.04474 0.065263
0.068696 -0.008461 0.146973
0.003752 0.097909 0.036486
-0.065741 0.025386 -0.001748
0.035041 -0.049731 -0.006162
0.059448 -0.027642 0.098756
0.003057 -0.053436 0.103626
0.064639 0.057251 0.034619
-0.084419 0.015955 -0.004042
-0.051569 0.083311 0.030561
-0.082809 0.004391 0.142678
-0.068865 -0.028063 0.012435
-0.063192 -0.035224 -0.003028
-0.048342 -0.047717 -0.000551
-0.079501 0.046577 0.041335
0.053233 0.073017 0.132156
-0.033863 -0.048514 0.023954
-0.078054 0.0502 -0.003028
0.0316 0.08947 0.129469
-0.081843 -0.001377 0.11972
-0.050898 0.05688 -0.007284
-0.03501 -0.054872 0.112587
0.039293 -0.042321 0.148991
-0.049802 -0.046463 0.05102
0.070782 0.042931 0.008144
0.072572 0.016069 0.149955
-0.058836 0.006559 -0.001799
0.028094 0.09118 0.091035
0.02455 -0.054893 0.065263
-0.081852 0.039139 0.132156
0.03833 0.085527 0.134879
-0.046668 0.086504 0.137581
-0.056798 -0.075282 0.08698
0.071882 -0.001333 0.110332
0.07017 0.044783 0.041335
-0.082755 0.035344 -0.003028
-0.080769 0.042887 0.000909
-0.011829 0.098096 0.04429
-0.084323 0.014006 0.010248
-0.025185 0.095447 0.142678
0.006685 -0.053504 0.023954
0.05678 -0.002326 -0.001396
0.046172 0.079739 -0.003028
-0.051756 -0.045829 0.021586
-0.041614 0.089449 0.049364
0.003797 -0.060097 0.081724
-0.042137 -0.057382 0.041442
-0.051135 0.041365 -0.001799
0.019041 -0.056866 0.105881
-0.077327 0.01086 0.075459
-0.074555 -0.019461 0.113729
-0.029713 -0.056348 0.021609
-0.068261 0.055756 0.126964
-0.051962 0.074699 0.1162
-0.058086 -0.032946 0.141789
0.025852 0.0538 -0.001799
0.074014 0.027687 -0.004903
0.046479 0.024205 -0.007284
0.066457 -0.015941 0.068485
0.074448 0.016 -0.003028
0.055231 -0.029216 -0.007075
-0.084419 0.015955 0.012434
0.005688 0.09767 0.110332
0.049096 0.077155 0.039826
0.053266 -0.035179 0.021605
0.041861 0.029231 -0.001799
-0.017636 0.097378 0.021605
0.057086 -0.030747 0.049364
0.020541 0.074678 -0.001798
-0.032703 0.093402 -0.004903
-0.047846 -0.040429 0.034718
0.022687 0.093418 0.002512
0.058259 0.067052 0.078432
-0.054901 -0.057015 0.045855
0.067816 0.010854 0.009066
0.057183 0.0055 -0.001748
-0.040528 -0.014132 -0.007284
0.053235 0.073019 0.030561
0.064469 -0.010846 0.148991
0.020886 -0.056234 0.134879
-0.051781 0.077337 0.146215
0.070782 0.042931 0.126871
-0.075553 0.05549 0.105881
-0.061894 0.074399 -0.005609
0.041595 -0.045505 0.062147
0.059448 -0.027642 0.028403
-0.029014 0.094672 0.110332
0.022226 0.092176 0.14867
-0.069421 0.065448 0.081724
-0.014748 0.079461 -0.001798
0.059448 -0.027642 0.002512
0.073162 0.004376 -0.003028
-0.059103 0.077125 0.030561
-0.063405 -0.025571 0.015454
-0.06706 0.068554 0.071777
-0.002276 0.09307 0.141789
-0.072268 0.047721 0.034718
0.01525 0.095772 0.12199
0.032122 -0.044726 0.135456
0.051921 -0.036593 0.081724
0.051921 -0.036593 0.045843
0.051054 0.039752 -0.007284
-0.063961 -0.032971 0.094047
0.02273 -0.055596 0.081724
-0.043334 0.088529 0.100827
0.061654 -0.024424 0.030561
0.065162 0.046979 0.148991
-0.074308 -0.072388 0.037854
-0.03695 -0.05424 0.111292
0.049129 -0.039318 0.021605
0.03299 0.064815 -0.007284
0.06729 -0.014177 0.062147
-0.015706 0.097665 0.102668
-0.031694 -0.047469 -0.007258
0.06558 -0.017684 0.068485
-0.077209 -0.056178 0.042501
0.005067 0.093086 0.146215
0.072345 0.037291 0.12199
-0.06826 0.067016 -0.003028
-0.052147 0.074918 0.126964
0.009555 -0.059075 0.1402
0.041559 0.083338 0.096418
0.01713 0.095252 0.12199
-0.040043 -0.044834 0.089844
-0.069582 -0.02573 0.146973
-0.014875 0.091528 0.009066
-0.074573 0.057177 0.137581
-0.05293 0.081879 -0.006577
0.065412 0.055454 0.1402
-0.01733 0.072752 -0.001799
0.01525 0.095772 -0.003028
-0.007856 0.065385 -0.001799
0.066674 0.035943 0.135456
0.005688 0.09767 -0.001864
-0.070991 0.031549 -0.007281
0.033361 -0.050722 0.126871
-0.084323 0.014006 0.047516
-0.005985 0.098384 -0.003028
0.0447 -0.043141 0.032639
-0.077264 0.051983 0.105881
0.073775 0.029623 0.126871
-0.041115 0.088465 -0.006875
0.069512 0.046619 0.104335
-0.081335 0.04102 0.113674
0.021245 0.067524 -0.001799
-0.083748 0.008183 0.078432
0.070185 -0.006933 0.032639
0.068062 0.050242 0.014682
-0.084468 0.019856 0.036486
0.003752 0.097909 0.065263
0.045048 0.075521 0.148991
0.052287 -0.008747 -0.001748
-0.079843 0.0198 0.146215
-0.063587 -0.038987 0.030813
-0.050831 0.07615 0.023954
-0.06137 -0.035927 0.090433
-0.084179 0.012061 0.108826
0.066394 -0.01591 0.137581
-0.030809 -0.056292 0.098614
-0.000135 0.098243 0.093833
-0.04309 -0.051159 0.023276
0.029264 0.038173 -0.001798
-0.046675 0.07963 0.135456
-0.083992 0.027642 0.002512
0.038763 0.063275 -0.001748
-0.068397 0.008682 -0.001748
-0.063476 -0.034781 0.028498
-0.005939 -0.060579 0.075105
0.038341 0.085544 0.006141
-0.039325 0.070251 -0.007284
0.055849 -0.032256 0.021605
-0.079011 -0.058488 0.119958
0.074495 0.019901 0.11972
-0.06508 -0.022351 0.061074
-0.062865 -0.02516 0.089844
-0.05222 0.027289 -0.001799
-0.059828 0.011394 -0.007284
0.041595 -0.045505 0.04429
0.07025 0.042762 0.144956
-0.024084 -0.053859 -0.007196
-0.017636 0.097378 0.010248
-0.056181 0.07971 0.084946
0.009585 -0.059237 0.129469
0.062674 0.060621 0.068485
-0.0736 0.042486 0.004489
-0.038445 0.083323 0.004489
0.027959 0.090886 0.142678
-0.050955 0.032623 -0.001799
-0.046989 -0.04559 0.150607
-0.014797 0.090981 0.089844
0.031641 -0.051642 0.032639
0.020788 -0.055948 0.142678
-0.07336 -0.021165 0.1402
-0.009883 0.09824 0.11972
0.072339 0.012267 0.149955
-9.4e-05 -0.060363 0.137581
0.05297 -0.027455 0.141789
-0.084326 0.023755 -0.004042
-0.029819 0.09102 0.15037
0.011498 -0.058856 0.110332
0.060528 0.063879 0.134879
-0.021472 0.096662 0.113674
-0.052804 -0.044601 0.019981
0.068826 -0.010591 0.010248
0.054545 0.071574 0.038223
-0.061155 -0.028387 0.015454
-0.011745 0.096995 -0.006875
0.06729 -0.014177 0.04429
0.050509 0.075811 0.093833
-0.006759 -0.029588 -0.007284
-0.084468 0.017905 0.081724
-0.061313 -0.069238 0.05974
-0.075534 -0.053376 0.118319
-0.058425 -0.01558 -0.001748
0.004889 -0.053652 0.126964
0.032416 0.086905 0.149955
0.041041 -0.035714 0.001421
0.054303 0.07136 0.142678
-0.038081 -0.054144 0.114336
0.067988 0.025212 0.009066
-0.063227 -0.033106 0.14867
0.049129 -0.039318 0.010248
-0.06368 -0.009764 -0.007281
-0.073983 -0.063947 0.122269
-0.048475 -0.047621 0.006135
-0.070288 -0.02576 0.061134
0.010667 -0.006485 -0.001798
-0.081843 -0.001377 0.098756
-0.046252 -0.048944 0.020241
0.072161 0.014212 -0.007075
0.028622 -0.045829 0.1162
-0.061203 -0.038555 0.042847
0.040001 -0.046628 0.102668
-0.042814 -0.051851 0.109069
0.022313 0.09238 -0.006875
0.066127 0.032039 -0.007258
-0.074374 -0.019432 0.1402
0.071349 0.041064 0.10736
0.073495 0.006298 0.038223
0.005733 -0.059858 0.062147
0.060571 -0.026047 0.002512
-0.074634 0.057211 0.124375
-0.030835 -0.05626 -0.003028
-0.081774 0.000644 0.144956
0.038341 0.085544 0.014682
-0.080769 0.042887 0.039826
-0.062588 0.072382 0.146973
0.07187 0.039184 0.045843
0.041808 -0.03953 0.146215
0.057086 -0.030748 -0.001864
-0.084326 0.023755 0.012434
-0.053204 0.073386 0.004489
-0.011829 0.098096 0.108826
0.057775 -0.021903 0.146215
0.008384 -0.052798 0.1162
-0.07267 0.060582 0.068485
-0.084419 0.015955 0.008144
-0.084183 0.0257 0.019287
0.060545 0.063891 0.111934
0.011498 -0.058856 -0.001864
-0.07365 -0.021142 -0.004903
-0.054544 0.07222 0.004489
-0.049469 -0.060831 0.113018
0.073488 0.031553 0.056371
-0.00789 -0.060531 0.028403
-0.081322 -0.003257 0.098756
0.07435 0.0238 0.126871
-0.042471 -0.058537 0.122068
-0.065092 0.06698 0.150607
-0.017636 0.097378 0.047516
-0.030866 0.09406 0.014682
-0.000695 0.091093 -0.007258
0.015397 0.089282 0.009066
-0.00789 -0.060531 0.002512
-0.051544 -0.04554 0.019983
-0.060323 -0.036622 0.043871
-0.076372 -0.015963 -0.006162
-0.084468 0.019856 0.065263
0.071882 -0.001333 -0.003028
0.053707 0.04757 -0.007281
-0.076234 -0.015929 0.1402
0.02808 0.09115 -0.006162
0.074019 0.010165 0.053782
-0.056181 0.07971 0.038223
0.011484 -0.058788 0.137581
-0.073655 0.058898 0.134879
-0.060515 0.075779 -0.005609
-0.0519 -0.036884 0.061074
0.074019 0.010165 0.091035
-0.044696 -0.049805 0.019366
0.049294 0.022254 -0.001798
0.067291 -0.014177 0.02618
-0.081855 0.03914 0.02618
-0.042183 -0.058495 0.12146
-0.015707 0.097665 0.023909
0.068826 -0.010591 0.047516
-0.045167 0.056819 -0.001799
-0.011446 0.093018 -0.007196
-0.048352 0.085519 -0.005609
-0.034523 0.092699 0.062147
-0.007935 0.098336 0.096418
-0.011248 -0.0541 0.009066
-0.070768 -0.05503 0.125039
-0.013686 -0.059778 -0.006577
0.073781 0.008228 0.021605
-0.037448 -0.053841 0.117637
0.005688 0.09767 -0.003028
-0.075623 -0.072244 0.03962
0.008357 -0.052649 0.075459
0.049129 -0.039318 0.047516
0.065559 0.05553 0.096418
0.022687 0.093418 0.102668
0.066457 -0.015941 0.056371
0.003797 -0.060097 0.10736
-0.014031 -0.032038 -0.007284
0.074495 0.01795 0.126871
0.044785 -0.005321 -0.007284
-0.02961 -0.056415 0.026175
0.072355 0.000559 0.016973
-0.053991 -0.042387 -0.006875
0.062674 0.060621 0.036486
0.019177 -0.051269 0.141789
-0.013728 -0.0601 0.110345
-0.029014 0.094672 -0.003028
-0.079407 -0.000735 0.150607
0.067574 0.009069 0.126964
-0.076378 -0.016004 0.028401
-0.059103 0.077125 0.110332
0.057058 0.068589 0.036486
0.059448 -0.027642 0.102668
0.06808 -0.012393 0.053782
0.018997 0.094686 0.075105
0.043162 -0.044342 0.006141
0.06808 -0.012393 0.091035
0.054575 -0.033733 0.081724
0.040001 -0.046628 -0.004903
-0.000457 0.092981 0.141789
-0.074099 -0.081742 0.086393
-0.018389 -0.043267 -0.001748
0.064639 0.057251 0.019287
-0.081946 -0.063242 0.088113
-0.0788 0.048397 0.075105
0.061654 -0.024424 0.110332
-9.2e-05 -0.060391 -0.006162
0.005733 -0.059858 0.04429
0.013402 -0.058428 0.041335
-0.045216 -0.060642 0.041779
-0.076338 0.001937 0.023954
-0.081322 -0.003257 0.028403
0.071362 -0.003214 0.126871
-0.073673 0.058908 -0.004042
-0.082209 0.035228 0.144956
-0.081315 0.038998 0.144956
0.036731 -0.048757 0.02618
-0.069421 0.065448 0.10736
0.063803 0.037055 0.001421
0.028094 0.09118 0.088061
0.060545 0.063891 0.030561
-0.067985 -0.049287 0.026749
0.024878 0.048978 -0.007284
-0.084448 0.019856 0.134879
0.06558 -0.017684 0.056371
0.054507 0.06193 0.015454
0.059421 0.065485 0.126871
0.02273 -0.055596 0.10736
-0.056307 0.01956 -0.001799
-0.028916 0.094364 0.142678
0.057086 -0.030747 0.002512
-0.039836 -0.052553 0.06017
-0.064318 -0.033913 0.002512
-0.039871 0.090326 -0.001864
-0.082271 0.019856 -0.007075
0.060587 0.055019 0.146215
0.073936 0.019894 0.144956
0.008763 0.092439 -0.007196
0.071362 -0.003214 0.038223
0.043126 0.082176 0.002512
0.003797 -0.060097 0.034619
-0.076387 -0.015998 0.010248
-0.04329 -0.050739 0.086234
-0.07643 0.053747 0.126871
-0.081335 0.04102 0.093833
-0.057065 0.06969 0.089844
-0.066553 0.034849 -0.001748
-0.062144 0.064622 0.034718
0.02631 0.09197 -0.005609
-0.038708 -0.046147 0.009066
-0.02494 -0.015356 -0.007284
0.070764 0.038892 -0.006875
-0.015706 0.097665 0.129469
-0.063947 0.049292 -0.001396
-0.03523 -0.047176 -0.007258
0.054545 0.071574 0.105881
0.059421 0.065485 0.038223
-0.078034 -0.012434 0.108831
-0.034523 0.092699 0.04429
-0.033781 0.086023 0.047292
-0.059493 -0.07567 0.120545
0.043162 -0.044342 0.014682
-0.073673 0.058908 0.012434
-0.083987 0.010119 0.068485
-0.076399 0.053732 -0.006162
-0.016568 -0.053208 0.047292
-0.06318 -0.011438 -0.001396
-0.078054 0.0502 0.023909
0.072773 0.035388 0.068485
-0.051568 0.083311 0.068485
-0.080158 0.04474 0.030561
-0.037556 0.089957 0.14867
0.02085 0.094074 -0.004042
-0.011784 -0.060293 0.108831
-0.068861 0.003831 -0.001396
-0.002108 -0.058653 0.149955
-0.071627 0.062231 0.021605
-0.074043 -0.004876 0.047292
0.068062 0.050242 0.084946
0.053266 -0.035179 0.053782
-0.049575 -0.036896 0.001421
0.056834 -0.030545 0.142678
-0.069421 0.065448 0.034619
0.053266 -0.035179 0.091035
0.073781 0.008228 0.010248
0.001811 0.098099 -0.005609
-0.067005 0.06851 0.137581
0.005555 -0.058546 0.14867
-0.051211 -0.045085 0.144996
0.035256 -0.004535 -0.001799
-0.002287 -0.053832 0.103626
-0.064038 -0.078179 0.116126
0.059448 -0.027642 -0.004903
-0.064977 -0.039567 0.03407
-0.079486 -0.008813 0.071777
-0.011552 0.094892 0.15037
0.051921 -0.036593 0.034619
-0.038641 0.083723 0.047292
0.02455 -0.054893 0.030561
-0.083194 0.008259 0.144956
0.015808 -0.052527 -0.007196
0.05827 -0.029197 0.134879
-0.084302 0.017907 0.1402
0.011498 -0.058856 -0.003028
-0.073808 -0.006701 0.015454
0.037873 0.078235 0.034718
0.003752 0.097906 0.132156
-0.042198 -0.058233 0.03684
-0.084326 0.023755 0.008144
0.01621 0.074588 -0.007284
-0.021472 0.096662 0.093833
0.026309 0.091968 0.132156
-0.027147 0.095239 -0.004042
-0.048764 0.029286 -0.001798
0.056822 0.049092 -0.00044
0.003752 0.097909 0.111934
0.072782 0.002463 0.002512
0.07218 0.031342 0.14867
0.062697 -0.022776 0.093833
-0.051569 0.083311 0.12199
-0.082329 0.037247 0.012434
0.062674 0.060621 0.065263
0.001237 0.091421 0.103626
0.044664 0.080976 0.039826
-0.084183 0.0257 0.042806
0.060216 -0.010939 0.001421
0.07031 0.001044 -0.007075
0.057058 0.068589 0.065263
0.02085 0.094074 0.012434
-0.078054 0.0502 0.059171
-0.065142 0.060149 0.1162
-0.005939 -0.060579 0.124375
-0.011784 -0.060293 0.100837
0.04246 0.059298 -0.001748
0.0637 -0.021102 0.096418
-0.060387 -0.038499 0.024284
-0.084468 0.017905 0.10736
0.059802 0.061048 -0.007075
0.067358 0.010901 0.075459
-0.073528 -0.02123 0.010248
-0.081614 0.03121 0.149955
-0.061178 -0.080261 0.112287
0.060571 -0.026047 0.102668
-0.056181 0.07971 0.105881
0.074206 0.025746 0.002512
-0.065822 0.070062 0.056371
-0.072427 -0.022974 0.012434
0.0447 -0.043141 0.014682
0.013272 -0.057884 0.144956
0.068942 -0.002513 0.150607
-0.06826 0.067016 0.023909
0.068552 0.028912 0.141789
-0.020178 0.090582 0.009066
0.074014 0.027687 0.036486
0.07421 0.012106 0.02618
-0.073434 0.05435 -0.007075
-0.027147 0.095239 0.012434
0.065814 0.037586 0.126964
-0.032703 0.093402 0.036486
-0.032658 -0.055637 0.096292
0.001735 0.097215 0.146973
-0.018163 0.059187 -0.007284
0.01525 0.095772 0.023909
-0.07267 0.060582 0.056371
-0.055225 -0.050777 0.045894
0.073781 0.008228 0.047516
-0.084653 -0.068167 0.080966
-0.065737 0.060557 0.135456
-0.00789 -0.060531 0.102668
-0.038091 0.091124 -0.006162
-0.005985 0.098384 0.023909
0.026352 -0.054146 0.068485
0.050542 -0.037973 0.113674
0.058286 -0.029209 0.049364
0.038341 0.085544 0.084946
0.068062 0.050242 0.038223
0.053235 0.073019 0.12199
-0.025223 -0.057966 0.094723
-0.079027 -0.058778 0.04621
0.055849 -0.032256 0.053782
0.074019 0.010165 0.078432
-0.071627 0.062231 0.010248
-0.064006 -0.036792 0.040261
-0.049936 -0.046654 -0.005609
0.024507 0.092716 0.068485
-0.066751 -0.030388 0.071302
-0.018432 0.091002 0.023954
0.035019 0.08759 0.126871
0.064639 0.057251 0.042806
-0.058169 -0.035752 0.15037
0.01713 0.095252 0.023909
0.038036 0.085075 0.144956
0.015294 -0.057953 -0.005609
0.062278 0.04776 0.034718
-0.081855 0.03914 0.081724
-0.081855 0.03914 0.045843
-0.059103 0.077125 0.12199
-0.046629 -0.048727 0.095463
-0.082755 0.035344 0.071777
-0.009486 0.0918 0.047292
-0.044201 0.034985 -0.007284
-0.084468 0.017905 0.034619
-0.083987 0.010119 0.036486
0.039963 0.084461 0.068485
0.072773 0.035388 0.036486
-0.051568 0.083311 0.036486
-0.036064 -0.052728 0.14867
0.031641 -0.051642 0.014682
0.061654 -0.024424 0.12199
-0.004034 0.098385 0.084946
-0.049825 -0.046497 0.094993
0.003752 0.097909 0.030561
-0.030866 0.09406 0.084946
0.059537 -0.014534 0.004489
0.059173 -0.016386 0.126964
0.009137 0.094679 -0.007075
0.06881 0.048439 0.068485
-0.055943 -0.041648 0.078817
-0.015707 0.097665 0.05144
-0.06614 -0.031553 0.113405
-0.03786 -0.053953 0.111491
-0.06826 0.067016 0.059171
-0.025267 0.09576 0.049364
0.074353 0.014052 0.115556
-0.068535 -0.079555 0.110385
-0.023658 -0.052022 0.023954
0.009541 0.097052 -0.005609
-0.084183 0.0257 0.100827
-0.011784 -0.060293 0.056361
-0.059103 0.077125 -0.003028
0.06808 -0.012393 0.078432
0.01525 0.095772 0.059171
-0.058843 0.044493 -0.001798
-0.061894 0.074399 0.021605
0.061654 -0.024424 -0.003028
-0.053099 -0.04437 -0.005609
0.057096 -0.015104 -0.007258
-0.020197 0.09065 0.023954
-0.005985 0.098384 0.059171
0.07187 0.039184 0.034619
0.067202 0.005484 0.015454
-0.067311 0.057282 0.034718
0.015217 -0.044276 -0.001396
0.062871 0.058491 -0.006875
0.011454 0.096672 -0.001864
-0.068362 0.055815 0.023954
0.034031 0.023599 -0.001798
0.029898 -0.05252 0.042806
-0.081322 -0.003257 0.102668
-0.075553 0.05549 0.02618
0.060545 0.063891 0.110332
-0.009724 -0.058562 0.149955
-0.037326 0.089454 0.149955
0.072355 0.000559 0.032639
0.073456 0.031548 -0.006162
-0.011388 -0.055684 0.146215
0.036731 -0.048757 0.045843
0.01713 0.095252 0.059171
-0.073673 0.058908 0.008144
-0.053284 -0.064904 0.02627
-0.044696 -0.05087 0.023009
0.052308 -0.029278 0.146215
0.054575 -0.033733 0.10736
-0.076434 0.035849 0.015454
0.029441 0.089518 -0.006875
-0.068002 0.06682 0.142678
-0.059242 0.064369 -0.007258
0.022687 0.093418 0.129469
-0.080322 -0.068378 0.043752
0.02983 -0.048155 0.148991
0.032232 -0.011364 -0.001799
-0.070544 0.063853 0.093833
-0.082318 0.000515 0.113674
-0.062037 -0.03169 0.15037
0.024263 0.005516 -0.007284
-0.00789 -0.060531 -0.004903
-0.034523 0.092699 0.108826
-0.007798 -0.058013 0.150607
-0.046454 -0.05106 0.127005
-0.068085 -0.062065 0.101656
-0.04329 -0.050741 0.089764
0.049377 0.04329 -0.007284
-0.041236 -0.052345 0.108892
0.043126 0.082176 0.102668
-0.071627 0.062231 0.047516
-0.072531 -0.022692 0.042343
0.015108 0.095231 0.144956
0.044536 0.072244 0.075459
0.064645 -0.003134 0.047292
-0.083127 0.004331 0.062147
-0.080568 0.029146 0.15037
-0.082123 -0.07332 0.103464
0.018997 0.094686 0.124375
0.056792 -0.028073 0.149955
0.064661 -0.019404 0.126871
-0.046704 0.086563 0.071777
-0.0788 0.048397 0.124375
0.074014 0.027687 0.065263
0.063659 0.058937 0.134879
0.068349 0.019824 0.023954
0.064639 0.057251 0.100827
-0.048239 -0.047628 0.052865
-0.066292 0.011331 -0.007284
0.065835 0.002106 0.075459
-0.032703 0.093402 0.065263
-0.077264 0.051983 0.02618
-0.080143 -0.006976 0.108826
0.066457 -0.015941 0.111934
-0.029171 -0.026834 -0.007284
0.003475 0.043521 -0.007284
-0.064342 -0.038495 0.116793
-0.012516 -0.049646 -0.00044
-0.028722 0.0937 -0.006875
-0.045031 0.087567 0.04429
-0.004034 0.098385 0.038223
-0.036325 0.091952 0.096418
-0.082329 0.037247 0.008144
0.051266 0.055386 -0.001396
-0.030866 0.09406 0.038223
0.074353 0.014052 0.000909
0.026352 -0.054146 0.036486
-0.068291 -0.05965 0.025871
-0.075463 -0.017773 0.026179
0.029858 0.090347 0.053782
0.053266 -0.035179 0.078432
-0.065088 -0.032034 0.10978
0.029858 0.090347 0.091035
0.046645 -0.00075 -0.001799
0.02085 0.094074 0.008144
0.071882 -0.001333 0.023909
0.054575 -0.033733 0.034619
-0.018562 0.084723 -0.007281
-0.074555 -0.019461 0.036431
-0.06706 0.068554 0.11972
-0.040534 -0.055563 0.120656
-0.06219 -0.046094 0.02383
-0.078054 0.0502 0.05144
-0.063993 0.061527 0.004489
0.024507 0.092716 0.036486
-0.012793 -0.0519 0.001421
-0.081283 -0.003246 -0.006162
-0.057614 -0.040524 0.020541
-0.074634 0.057211 -0.004042
-0.015661 -0.059864 0.093911
0.043162 -0.044342 0.084946
-0.083987 0.010119 0.065263
-0.055747 -0.041374 0.095681
-0.076372 -0.016009 0.019287
0.072773 0.035388 0.065263
0.039963 0.084461 0.036486
-0.069165 -0.016449 0.009066
-0.076816 0.003676 0.015454
0.041559 0.083338 0.016973
-0.0543 -0.043414 0.012094
-0.019514 -0.059246 0.071724
-0.084468 0.019856 0.030561
-0.081322 -0.003257 -0.004903
-0.083992 0.027642 0.129469
0.06881 0.048439 0.036486
0.04467 -0.034521 0.1162
0.074495 0.017951 0.088061
0.056801 0.068388 -0.006577
-0.061858 -0.036629 -0.004042
0.029898 -0.05252 0.100827
0.072782 0.002463 0.102668
-0.071015 -0.083335 0.086123
-0.072906 0.040373 0.001421
0.06558 -0.017684 0.111934
-9e-05 -0.060431 0.132156
0.066166 -0.015799 0.142678
-0.042903 -0.021277 -0.001799
-0.027147 0.095239 0.008144
-0.067379 0.063973 0.150607
-0.050409 -0.059791 0.125718
0.003797 -0.060097 0.019287
0.047684 -0.040629 0.096418
-0.029014 0.094672 0.023909
-0.082329 0.037247 0.126871
-0.033627 -0.047964 0.089844
-0.034774 -0.050525 0.148991
-0.083728 0.008186 0.134879
-0.048462 -0.057307 0.125606
0.001759 0.068674 -0.007284
-0.066984 -0.029869 0.108366
-0.06908 -0.027123 0.104539
0.068062 0.050242 0.105881
-0.046644 -0.048746 -0.006162
0.051889 0.074432 0.093833
0.053647 -0.025681 0.135456
0.056783 -0.010918 -0.007281
0.074206 0.025746 0.102668
0.071882 -0.001333 0.059171
0.0245 0.092697 0.134879
-0.074634 0.057211 0.012434
0.065979 0.025059 0.001421
0.0243 0.092197 0.144956
-0.077691 -0.004152 0.15037
-0.064548 0.07154 0.113674
0.067049 0.005508 0.009066
-0.068344 -0.003034 -0.001396
-0.080562 -0.001039 0.14867
-0.069421 0.065448 0.019287
-0.038108 0.091161 0.096418
0.07421 0.012106 0.045843
0.044651 0.08096 0.134879
-0.02163 -0.058719 0.126871
-0.079486 -0.008813 0.117573
-0.009189 -0.038218 -0.001799
0.026957 -0.046498 0.103626
0.059145 -0.018449 0.141789
-0.068012 -0.029404 0.004258
0.051921 -0.036593 0.019287
0.061327 -0.007631 0.001421
-0.077381 0.037962 0.146215
0.01229 0.091744 0.146215
-0.019129 0.094889 -0.007075
-0.029942 -0.053705 -0.007075
-0.06826 0.067016 0.05144
-0.023235 -0.057496 0.146973
-0.056331 0.074143 -0.007196
0.070782 0.04293 0.117573
-0.063233 -0.03523 0.120704
0.046207 -0.041903 0.062147
0.0447 -0.043141 0.084946
0.048118 0.070749 0.141789
0.014072 0.091298 0.146215
-0.029014 0.094672 0.059171
0.055849 -0.032256 0.078432
0.060571 -0.026047 0.129469
-0.067051 -0.064614 0.026773
0.01525 0.095772 0.05144
-0.025223 -0.057965 0.071597
-0.048278 -0.047687 0.071479
-0.063789 -0.034302 0.01024
0.05582 0.070097 0.006141
-0.069585 -0.014636 0.075459
-0.005985 0.098384 0.05144
-0.04576 -0.049238 0.014111
0.054697 0.004747 -0.001798
-0.060515 0.075779 0.021605
-0.054859 -0.043554 0.045976
0.031608 -0.05158 0.137581
-0.027423 -0.05721 0.117668
-0.06193 -0.035742 0.042149
0.003752 0.097909 0.110332
-0.023375 0.096234 0.004258
-0.057657 0.078435 0.004258
-0.011784 -0.060293 0.071775
-0.064294 -0.02399 0.034718
-5e-05 0.055331 -0.001798
0.026352 -0.054146 0.065263
0.044137 -0.039444 0.15037
-0.077237 -0.01422 0.11368
-0.048352 0.085519 0.021605
-0.038596 0.083636 0.1162
0.01713 0.095252 0.05144
-0.07143 -0.02422 0.061392
0.063677 0.058948 0.075105
0.048492 0.076505 0.146973
0.00951 0.096889 0.1402
-0.081855 0.03914 0.10736
0.0679 0.01803 0.061074
-0.00789 -0.060531 0.129469
0.024507 0.092716 0.065263
0.005688 0.09767 0.071777
-0.021599 -0.058742 0.028397
0.041663 0.071691 -0.007258
0.069512 0.046619 -0.005609
0.06335 0.042564 -0.007258
-0.011773 -0.060126 0.1402
-0.077236 -0.014207 0.053742
-0.015664 -0.059862 0.042755
0.051061 0.066097 0.009066
-0.037513 -0.05413 0.113229
0.065559 0.05553 0.075105
0.018943 -0.056558 0.142678
0.035408 -0.028543 -0.001748
0.067271 0.052025 -0.001864
-0.065822 0.070062 0.111934
0.035058 -0.04976 0.04429
-0.002084 0.098338 0.038223
0.039963 0.084461 0.065263
-0.078072 0.014392 0.126964
0.038341 0.085544 0.105881
-0.061714 -0.036466 0.021694
0.031641 -0.051642 0.084946
-0.017591 -0.059578 0.065174
-0.083461 0.006253 0.113674
-0.0188 -0.05538 0.148991
0.06881 0.048439 0.065263
-0.084323 0.014006 0.041335
-0.068412 0.051749 0.001421
-0.056136 0.079656 0.137581
-0.055939 0.071092 0.1162
0.001856 -0.060289 0.056371
0.060545 0.063891 -0.003028
-0.075553 0.05549 0.045843
0.007663 -0.059572 0.126871
0.064452 0.048692 0.148991
-0.051636 -0.033884 -0.007258
-0.058033 -0.040128 0.016132
-0.049384 -0.047917 0.130485
0.028871 0.088383 -0.007075
-0.02344 -0.05836 0.006141
-0.054323 0.080511 0.144956
-0.018322 0.090413 0.089844
0.061629 0.062269 0.126871
-0.07267 0.060582 0.111934
-0.055107 -0.055255 0.023364
-0.004034 0.098385 0.105881
0.058259 0.067052 0.062147
-0.062831 -0.034682 0.067327
-0.081785 0.037118 0.144956
0.015208 0.063025 -0.007284
-0.069407 -0.014555 0.004489
-0.042059 -0.044746 0.135456
-0.030866 0.09406 0.105881
-0.002087 -0.059206 0.14867
0.070782 0.042931 0.113674
-0.080158 0.04474 0.12199
0.043633 0.073919 0.015454
-0.082318 0.000515 0.093833
0.005733 -0.059858 0.104335
-0.044661 -0.042119 0.075459
0.028135 -0.053355 0.056371
-0.083468 0.031508 0.075105
0.074353 0.014052 0.039826
0.046207 -0.041903 0.04429
0.062674 0.060621 0.030561
-0.025267 0.09576 0.002512
-0.084468 0.017905 0.019287
-0.045031 0.087567 0.108826
-0.058175 -0.040012 0.014215
-0.013725 -0.060102 0.100862
-0.007935 0.098336 0.016973
-0.078054 0.0502 -0.000551
-0.019558 0.097044 -0.004042
-0.061438 -0.036026 0.086703
-0.081855 0.03914 0.034619
0.057058 0.068589 0.030561
0.007663 -0.059572 0.038223
-0.078032 -0.012438 0.014682
0.0447 -0.043141 0.038223
-0.051569 0.083311 0.023909
-0.06706 0.068554 0.098756
-0.051544 0.083278 -0.006162
0.027201 0.084901 0.015454
0.044664 0.080976 0.010248
0.070185 -0.006933 0.038223
0.046185 0.062469 -0.007281
-0.080028 -0.000898 0.149955
0.044411 0.072094 0.004489
-0.01377 0.097904 0.049364
-0.056239 -0.039354 0.149955
-0.017591 -0.059578 -0.004903
0.02455 -0.054893 0.12199
-0.043334 0.088529 0.006141
0.074353 0.014052 0.117573
0.02631 0.09197 0.021605
-0.074444 -0.019488 0.137581
-0.077264 0.051983 0.045843
-0.083127 0.004331 0.006141
0.046172 0.079739 -0.000551
0.056278 -0.009137 -0.001396
-0.060515 0.075779 0.010248
0.001708 0.097089 -0.006875
-0.081012 -0.003167 0.142678
-0.035342 0.089756 -0.007075
0.051921 -0.036593 0.088061
0.029858 0.090347 0.078432
0.015754 0.090781 -0.007196
0.057086 -0.030747 0.129469
-0.069131 -0.027485 -0.006577
-0.043492 -0.050695 0.047786
0.07187 0.039184 0.019287
0.003797 -0.060097 0.042806
-0.080796 0.027288 0.15037
0.074448 0.016 -0.000551
0.043126 0.082176 0.129469
0.029352 -0.032445 -0.007284
-0.048352 0.085519 0.010248
0.054545 0.071574 0.02618
-0.007857 -0.059645 -0.006875
0.001811 0.098099 0.021605
-0.083748 0.008183 0.062147
-0.038318 -0.053991 0.116853
-0.082753 0.035343 0.132156
0.070145 -0.00692 -0.006162
0.064441 0.04281 0.015454
-0.019824 -0.051163 0.001421
-0.074924 -0.058337 0.031983
0.002317 0.072794 -0.001799
-0.019558 0.097044 0.012434
-0.025624 -0.057676 0.124379
-0.074634 0.057211 0.008144
0.029898 -0.05252 0.016973
0.071882 -0.001333 0.05144
-0.061894 0.074399 0.053782
-0.078372 0.012562 0.135456
-0.002796 -0.046957 -0.007281
-0.07234 -0.023036 0.129469
-0.076851 0.007319 0.004489
0.073162 0.004376 -0.000551
-0.080105 -0.067742 0.115981
-0.056907 -0.040807 0.142785
-0.076194 0.001971 0.034718
0.073154 0.033475 0.081724
-0.04557 -0.050142 0.107034
-0.03266 -0.055611 -0.005609
-0.069421 0.065448 0.042806
-0.069355 0.044702 -0.00044
-0.081843 -0.001377 0.068485
0.058259 0.067052 0.04429
-0.083754 0.029578 0.041335
-0.032236 -0.055862 0.042481
-0.063069 -0.033765 0.042731
0.071486 0.002737 0.14867
-0.058175 -0.040027 0.137967
-0.066113 -0.020889 0.1162
-0.059103 0.077125 0.023909
-0.016594 0.090911 0.1162
-0.045134 -0.04968 0.002512
0.051921 -0.036593 0.042806
-0.037505 -0.054118 0.039481
-0.046879 -0.049605 0.128933
0.041559 0.083338 0.032639
-0.046704 0.086563 0.117573
-0.07363 0.044396 0.126964
-0.043334 0.088529 0.014682
-0.06826 0.067016 -0.000551
0.061654 -0.024424 0.023909
-0.074632 -0.005079 0.135456
-0.071252 -0.049521 0.033124
-0.082746 0.002418 0.000909
0.069528 -0.00877 0.056371
-9e-05 -0.060433 0.068485
0.005023 -0.054635 0.141789
0.062116 0.034806 -0.00044
-0.029014 0.094672 0.05144
0.058286 -0.029209 -0.004042
0.044664 0.080976 0.047516
0.062726 -0.016204 0.15037
-0.062346 -0.067079 0.124566
0.018997 0.094683 0.132156
0.04532 0.078725 0.14867
0.006679 -0.053469 0.009066
-0.073151 0.031648 -0.00044
-0.003988 -0.060578 0.075105
0.066457 -0.015941 0.110332
-0.005985 0.098384 -0.000551
0.000776 -0.046472 -0.001396
-0.000171 -0.059111 0.14867
0.012616 0.093117 0.15037
-0.064042 -0.033752 0.039345
0.072782 0.002463 0.129469
0.058771 0.046176 -0.00044
-0.081062 -0.065046 0.047004
0.063742 0.056775 -0.006875
0.029858 0.090347 0.088061
0.054575 -0.033733 0.019287
-0.060515 0.075779 0.047516
0.068826 -0.010591 0.041335
0.072773 0.035388 0.111934
-0.056181 0.07971 0.02618
-0.067879 -0.028747 0.089684
-0.060592 0.068044 -0.007196
-0.083823 0.010138 0.1402
0.013358 0.096245 -0.001864
-0.072538 -0.022771 0.039551
-0.063361 -0.034092 0.040806
-0.079486 -0.008813 0.11972
-0.04184 -0.044371 0.126964
-0.077171 0.005443 0.015454
0.01713 0.095252 -0.000551
0.073488 0.031553 -0.001864
-0.061593 -0.024191 0.001421
0.02631 0.09197 0.010248
-0.048352 0.085519 0.047516
0.054548 0.06658 0.15037
0.072762 0.002467 0.134879
0.049129 -0.039318 0.041335
0.066531 0.005609 0.089844
-0.071627 0.062231 0.078432
-0.015083 0.093081 0.146215
-0.079529 0.025222 -0.007196
0.074206 0.025746 0.129469
0.029074 -0.050833 0.149955
-0.038113 -0.053432 0.120687
0.003797 -0.060097 0.100827
-0.083748 0.008183 0.04429
-0.059103 0.077125 0.059171
-0.077721 0.016203 0.103626
0.070595 0.00866 0.15037
0.056572 -0.02112 0.015454
0.07052 0.021706 0.148991
-0.084179 0.012061 0.115556
-0.015661 -0.059864 0.075105
-0.060404 -0.079265 0.046852
0.058242 0.067039 0.134879
-0.066753 0.040133 -0.001396
0.007759 0.087068 -0.00044
0.035017 0.087587 0.132156
0.066615 0.034083 0.034718
0.058286 -0.029209 0.012434
0.061654 -0.024424 0.059171
-0.056976 -0.040115 0.045937
0.043183 0.073411 0.089844
-0.049802 -0.046463 0.09976
-0.035442 -0.052134 -0.007075
0.036692 0.086587 0.004258
0.003752 0.097909 -0.003028
0.06558 -0.017684 0.110332
-0.0752 -0.003362 0.135456
0.048227 -0.038348 0.14867
-0.049328 -0.060059 0.125554
0.015294 -0.057953 0.021605
0.035058 -0.04976 0.108826
-0.041677 0.078409 -0.00044
0.002808 -0.047848 -0.007281
0.063719 0.044464 0.009066
0.0637 -0.021102 0.016973
0.070426 0.034853 -0.007075
-0.002038 -0.06053 0.041335
-0.046646 -0.048753 0.075107
0.028496 0.083482 0.089844
0.04765 0.078465 0.093833
0.074014 0.027687 0.030561
-0.055843 -0.041506 0.089463
-0.063224 -0.025433 0.034718
0.068303 0.018022 0.009066
-0.016411 -0.021912 -0.007284
-0.075373 0.037433 0.103626
0.038272 0.073102 -0.00044
-0.023363 -0.058415 0.041012
-0.058914 -0.043445 0.023138
-0.069421 0.065448 0.100827
-0.032703 0.093402 0.030561
0.07187 0.039184 0.088061
0.031187 0.071212 -0.001748
-0.063458 -0.061965 0.125691
-0.039871 0.090326 0.071777
0.020827 0.094008 0.137581
-0.073067 0.02989 -0.00044
0.009541 0.097052 0.021605
0.071034 0.040976 -0.006577
0.073936 0.017957 0.144956
0.051921 -0.036593 0.100827
0.02273 -0.055596 0.100827
-0.084468 0.017905 0.042806
0.0447 -0.043141 0.105881
0.036731 -0.048757 0.053782
-0.074194 -0.053347 0.11584
-0.061355 -0.035336 0.043837
0.036731 -0.048757 0.091035
-0.084183 0.0257 0.032639
-0.063984 0.01026 -0.001798
0.033041 0.084194 0.148991
-0.047261 -0.04995 0.127989
-0.053135 0.082148 0.093833
0.07421 0.012106 0.034619
-0.036411 -0.054072 0.000909
0.060881 0.053101 0.141789
-0.067066 -0.029952 0.041132
0.067966 0.025207 0.126964
-0.083987 0.010119 0.030561
-0.062208 0.064667 0.009066
-0.081843 -0.001377 0.036486
0.067239 0.026948 0.004489
0.072773 0.035388 0.030561
-0.023288 -0.044853 -0.001396
0.033321 0.088551 0.004258
-0.044979 -0.049766 0.086073
-0.004104 0.091652 0.004489
-0.007686 0.091638 0.103626
0.073171 0.017966 0.14867
-0.083107 0.004335 0.134879
0.02631 0.09197 0.047516
-0.024827 -0.049712 0.001421
0.074495 0.019901 0.068485
0.063677 0.058948 0.124375
-0.043254 0.088384 0.1402
0.026352 -0.054146 0.111934
0.07187 0.039184 0.042806
-0.059568 -0.072585 0.071482
0.06879 0.048432 0.134879
-0.000135 0.098243 0.004258
-0.055678 -0.04613 0.02277
-0.082755 0.035344 0.11972
-0.084179 0.012061 0.000909
-0.034315 0.092181 0.144956
-0.009883 0.09824 0.068485
0.046172 0.079739 0.11972
0.024507 0.092716 0.111934
-0.019558 0.097044 0.008144
-0.031671 -0.055668 0.016978
0.07015 0.044776 0.134879
0.073775 0.029623 0.081724
0.031641 -0.051642 0.105881
-0.051966 -0.069307 0.124625
-0.046417 -0.048964 0.02113
-0.081322 -0.003257 0.036486
0.074446 0.021852 0.115556
0.071882 -0.001333 -0.000551
0.039963 0.084461 0.111934
-0.041004 -0.054697 0.114406
0.022576 0.09311 -0.006577
0.067789 0.026995 0.126964
-0.028971 -0.05688 0.06438
-0.084468 0.019856 0.12199
-0.060345 -0.038121 0.13026
-0.060515 0.075779 0.053782
0.074448 0.016 0.11972
-0.051569 0.083311 0.05144
0.05582 0.070097 0.104335
0.06881 0.048439 0.111934
-0.002117 -0.027579 -0.001799
-0.038376 -0.053151 0.004258
-0.007935 0.098336 0.032639
-0.015709 0.085421 -0.001396
-0.042933 0.083858 -0.007196
-0.045107 -0.049715 0.021432
0.051075 -0.028237 0.009066
-0.077113 0.051915 0.1402
-0.067929 0.046162 -0.007281
0.064639 0.057251 0.032639
-0.049649 -0.042925 0.15037
-0.065822 0.070062 0.110332
-0.056143 -0.022208 -0.001396
-0.083742 -0.07425 0.077507
-0.037571 -0.053924 0.043193
0.042025 -0.042848 0.149955
-0.071849 -0.047779 0.12101
0.054545 0.071574 0.081724
-0.060292 -0.032565 0.148991
0.054545 0.071574 0.045843
-0.036325 0.091952 0.075105
-0.076504 0.032197 0.089844
0.050509 0.075811 0.004258
-0.037558 0.08559 0.141789
-0.034485 -0.05492 0.089986
0.003286 -0.0555 0.146215
-0.020082 0.090107 0.075459
-0.083468 0.031508 0.124375
-0.084421 0.021806 0.115556
0.071349 0.041064 0.016973
-0.07643 0.053747 0.113674
-0.061894 0.074399 0.078432
0.001856 -0.060289 0.111934
-0.029014 0.094672 -0.000551
-0.082746 0.002418 0.039826
0.020339 0.087095 0.089844
-0.084468 0.017905 0.100827
-0.011801 0.097773 0.142678
-0.038463 -0.053484 0.119572
-0.011232 -0.053865 0.047292
0.009541 0.097052 0.010248
-0.074886 -0.001389 0.103626
-0.064166 -0.023898 0.047292
-0.07267 0.060582 0.110332
-0.065206 -0.038563 0.03797
0.047122 -0.031913 0.103626
-0.075535 -0.013438 0.149955
-0.01363 0.0779 -0.001798
0.026795 -0.050432 0.15037
-0.009684 -0.057921 0.150607
-0.078033 -0.012432 0.10268
0.034895 -0.049481 0.142678
0.060886 0.061785 0.146973
-0.007604 0.090087 0.001421
0.023651 -0.047889 0.004489
0.063806 -0.004741 0.089844
0.054575 -0.033733 0.042806
0.073495 0.006298 0.081724
-0.081855 0.03914 0.019287
0.06584 0.002104 0.004489
-0.037969 0.090865 -0.006577
-0.077239 -0.014223 0.006141
-0.036284 -0.054165 0.067483
-0.049791 0.084168 0.142678
0.029898 -0.05252 0.032639
0.026352 -0.054146 0.030561
-0.076348 0.035829 0.023954
-0.019535 -0.05923 0.002512
-0.043307 -0.050735 -0.003028
0.072345 0.037291 0.049364
-0.061321 -0.046352 0.110198
-0.025348 0.089043 0.047292
-0.005939 -0.060579 0.126871
0.073154 0.033475 0.10736
-0.048911 0.082887 0.149955
0.073781 0.008228 0.041335
-0.023375 0.096234 0.049364
0.047684 -0.040629 0.075105
0.024507 0.092716 0.030561
0.07187 0.039184 0.100827
-0.065822 0.070062 -0.001864
-0.050035 -0.069401 0.119741
-0.019463 -0.058949 -0.006577
-0.059103 0.077125 0.05144
-0.079721 0.042544 -0.006875
0.058332 -0.020153 -0.007196
-0.035441 -0.054707 0.106993
0.053264 -0.035178 0.132156
0.026002 -0.05333 0.146973
0.06791 0.023403 0.047292
0.060545 0.063891 0.023909
-0.011829 0.098096 0.000909
-9e-05 -0.060433 0.056371
-0.019629 -0.059139 0.134879
0.058286 -0.029209 0.008144
0.058642 0.028225 -0.007284
-0.081843 -0.001377 0.065263
0.066457 -0.015941 -0.003028
-0.077264 0.051983 0.034619
0.061654 -0.024424 0.05144
0.039963 0.084461 0.030561
0.072355 0.000559 0.084946
-0.074545 -0.01935 0.10115
-0.040842 -0.052317 0.045149
-0.053698 -0.042216 0.14867
0.053464 -0.025542 0.015454
0.062537 -0.002339 -0.007258
0.068062 0.050242 0.02618
0.06881 0.048439 0.030561
0.037939 0.078327 0.009066
-0.073158 -0.008381 0.015454
-0.059439 -0.06343 0.049378
-0.075813 0.035702 0.004489
-0.056181 0.07971 0.045843
0.074495 0.019901 0.036486
-0.056417 0.03658 -0.001799
0.010959 0.08047 -0.001748
-0.054673 0.080948 0.010248
-0.063901 -0.032866 0.053005
-0.074524 -0.072022 0.117293
-0.043334 0.088529 0.104335
0.069493 0.046612 0.134879
-0.038108 0.091161 0.075105
-0.080756 -0.005124 0.056371
-0.051932 0.074664 0.061074
-0.083127 0.004331 0.104335
0.009836 0.081398 -0.001748
-0.063085 0.056764 -0.00044
0.07435 0.0238 0.081724
-0.042299 -0.052006 0.125883
-0.067505 -0.044166 0.041388
0.073887 0.012134 0.142678
-0.081322 -0.003257 0.065263
0.048437 0.06856 0.1162
0.011454 0.096672 0.071777
-0.071406 0.009748 -0.001396
-0.045329 -0.0515 0.023315
0.038289 -0.047574 0.1402
0.009541 0.097052 0.047516
0.049096 0.077155 0.041335
0.06558 -0.017684 -0.003028
-0.078034 -0.012432 0.059161
-0.06062 -0.055525 0.023763
0.048353 0.076339 -0.006875
-0.080158 0.04474 0.023909
0.068929 0.040361 0.150607
-0.032508 0.092878 0.144956
-0.04008 0.082621 0.089844
-0.043463 -0.050622 0.002512
-0.057144 -0.073863 0.092846
0.019041 -0.056866 0.053782
-0.069941 -0.019043 -0.007196
0.060545 0.063891 0.059171
-0.069421 0.065448 0.016973
-0.032357 0.087288 0.135456
-0.003988 -0.060578 0.124375
0.019041 -0.056866 0.091035
-0.041677 0.016638 -0.001798
-0.023553 -0.058278 0.119742
0.011498 -0.058856 -0.000551
0.02273 -0.055596 0.016973
-0.028971 -0.05688 0.067884
0.029277 0.089156 0.14867
0.054575 -0.033733 0.100827
-0.07455 -0.065107 0.031766
-0.081242 -0.074316 0.103187
0.02455 -0.054893 0.023909
-0.069167 0.0542 0.009066
0.074019 0.010165 0.062147
0.028094 0.09118 0.006141
0.06714 0.009128 0.075459
0.020893 -0.056253 0.093833
0.069512 0.046619 0.021605
-0.073503 -0.021248 0.012434
0.040819 -0.044431 0.14867
-0.075553 0.05549 0.091035
0.06878 0.010744 0.141789
0.035019 0.08759 0.113674
0.062674 0.060621 0.12199
-0.078034 -0.012434 0.110337
-0.057246 -0.032118 0.047292
0.018069 -0.053801 0.15037
-0.069229 -0.027383 0.109825
0.057058 0.068589 0.12199
0.051819 -0.026534 0.089844
-0.03275 -0.036278 -0.007284
-0.049974 0.084435 0.071777
-0.082755 0.035344 0.098756
0.054016 -0.023718 0.075459
-0.068058 -0.028593 0.042587
-0.084179 0.012061 0.039826
-0.044764 -0.061102 0.041264
-0.068262 -0.04506 0.117652
-0.051568 0.083311 0.110332
0.046172 0.079739 0.098756
-0.05471 0.072399 0.047292
-0.019343 -0.058245 -0.006875
0.071362 -0.003214 0.081724
0.072355 0.000559 0.038223
-0.002095 0.098015 0.142678
-0.077726 -0.008158 0.149955
0.053214 -0.035132 0.137581
-0.080158 0.04474 0.059171
-0.054673 0.080948 0.047516
0.052287 -0.026908 0.023954
0.054451 -0.033624 0.1402
-0.014908 -0.041385 -0.001748
-0.084419 0.015955 0.093833
0.007567 0.097065 0.142678
-0.081855 0.03914 0.088061
-0.052984 -0.044208 0.075108
0.070685 0.004837 0.150607
0.074448 0.016 0.098756
-0.006003 -0.044687 -0.001748
-0.071373 0.062071 -0.006577
0.06808 -0.012393 0.062147
-0.084179 0.012061 0.117573
0.045554 -0.038221 0.15037
-0.072955 0.046062 0.034718
-0.063481 -0.035883 0.040362
-0.07961 0.034679 0.15037
-0.067745 -0.042212 0.037774
-0.01657 0.090761 0.103626
0.039907 -0.046492 0.1402
0.059421 0.065485 0.081724
0.016914 -0.004658 -0.007284
0.061275 0.049276 0.061074
0.074495 0.019901 0.056371
-0.062197 -0.036415 0.041903
0.050542 -0.037973 0.096418
0.039375 0.077249 0.009066
-0.004034 0.098385 0.02618
-0.065329 -0.022522 0.034718
0.043162 -0.044342 -0.005609
0.02455 -0.054893 0.059171
-0.030866 0.09406 0.02618
0.018997 0.094686 0.126871
-0.014809 0.090991 0.004489
-0.077264 0.051983 0.091035
0.05769 -0.02194 -0.007196
-0.009883 0.09824 0.056371
0.073162 0.004376 0.098756
-0.080753 -0.005123 0.132156
-0.0788 0.048397 0.126871
-0.044743 -0.052714 0.125766
-0.078054 0.0502 0.028403
-0.039871 0.090326 0.117573
0.028723 -0.035768 -0.001748
-0.060515 0.075779 0.078432
-0.013727 -0.060101 0.041318
0.001811 0.0981 -0.001864
-0.040037 0.036675 -0.001798
0.074495 0.019901 0.065263
-0.063946 -0.036827 0.118973
0.072089 0.019834 -0.007075
-0.065397 -0.031732 0.063679
0.005688 0.09767 0.11972
-0.078054 0.0502 0.002512
0.005214 -0.055629 -0.007196
-0.06533 -0.03241 0.112747
0.015294 -0.057953 0.053782
-0.023109 0.095164 -0.006875
0.049434 0.045483 -0.001748
0.073775 0.029623 0.10736
-0.065822 0.070062 -0.003028
-0.025267 0.09576 0.129469
-0.06826 0.067016 0.098756
-0.081855 0.03914 0.042806
0.046172 0.079739 0.028403
0.036731 -0.048757 0.088061
-0.065838 0.013409 -0.001748
-0.039067 -0.053482 0.03251
-0.036639 -0.031577 -0.007284
0.059137 -0.018445 -0.007196
0.068807 -0.010583 0.134879
0.074019 0.010165 0.04429
0.07421 0.012106 0.019287
-0.084434 0.019856 -0.006162
0.026938 -0.046459 0.089844
-0.032818 -0.050537 -0.007196
-0.03994 -0.055521 0.117073
-0.083135 0.03343 0.049364
0.062697 -0.022776 0.004258
0.003752 0.097909 0.023909
0.009541 0.097052 0.053782
-0.076393 -0.015958 0.091115
-0.005985 0.098384 0.098756
0.074448 0.016 0.028403
-0.059103 0.077125 -0.000551
-0.07267 0.060582 -0.003028
-0.033 -0.05531 0.03049
-0.053431 -0.071284 0.035886
0.061654 -0.024424 -0.000551
-0.011829 0.098096 0.039826
-0.014847 -0.053853 0.015454
-0.084183 0.0257 0.014682
-0.020149 -0.052806 0.009066
-0.073673 0.058908 0.113674
-0.077147 -0.076778 0.053625
0.053266 -0.035179 0.062147
-0.074829 -0.003249 0.009066
0.07376 0.008231 0.134879
-0.072195 0.060289 0.144956
-0.052524 -0.046915 0.106167
0.041231 0.082885 0.144956
-0.02725 -0.05734 0.004258
0.026352 -0.054146 0.110332
0.071349 0.041064 0.032639
-0.06332 -0.034689 0.016937
-0.037177 -0.053752 0.030531
0.073162 0.004376 0.028403
-0.068696 -0.028188 0.126866
0.059667 0.000559 -0.007281
-0.064517 0.071512 -0.006162
0.06808 -0.012393 0.04429
-0.084266 -0.066718 0.098358
0.070677 0.033013 0.150607
0.036692 0.086587 0.049364
0.049942 0.067501 0.023954
-0.007935 0.098333 0.132156
0.074446 0.021852 0.117573
0.037545 -0.039922 0.004489
-0.042963 -0.027008 -0.007284
-0.059635 -0.038789 0.022673
-0.043822 -0.050429 0.021925
0.073495 0.006298 0.10736
-0.036325 0.091952 0.124375
0.058225 0.067026 -0.006162
0.039963 0.084461 0.110332
0.057887 0.055571 0.103626
0.043377 0.07363 0.047292
-0.080412 -0.076986 0.066399
-0.06826 0.067016 0.028403
0.058259 0.067052 0.104335
0.06881 0.048439 0.110332
-0.080979 0.025425 0.15037
-0.054072 -0.043583 0.018859
-0.050883 -0.056597 0.12601
0.003752 0.097909 0.059171
0.068062 0.050242 0.045843
-0.074378 -0.059243 0.10639
-0.046097 -0.047836 -0.006875
-0.081948 0.017937 0.150607
0.01525 0.095772 0.028403
0.066461 0.001957 0.015454
0.060545 0.063891 0.05144
0.051109 -0.03067 0.146215
-0.067685 -0.019756 0.135456
-0.072395 0.060413 0.142678
-0.081335 0.04102 0.075105
0.056163 -0.020854 0.1162
0.015549 -0.051835 0.135456
-0.082329 0.037247 0.113674
0.01525 0.095772 0.002512
-0.06457 -0.03736 0.118728
0.073426 0.00631 0.137581
-0.005985 0.098384 0.028403
0.038379 -0.047713 0.004258
0.014651 -0.055517 0.150607
0.054545 0.071574 0.034619
0.074014 0.027687 0.12199
-0.084421 0.021806 0.117573
0.02085 0.094074 0.113674
-0.081466 0.037043 -0.006875
0.007618 0.097385 0.004258
0.067271 0.052025 0.071777
0.042512 0.002578 -0.007284
-0.053228 0.076081 -0.007196
-0.032703 0.093402 0.12199
0.056148 -0.025258 -0.007196
-0.055579 -0.073726 0.059302
0.001856 -0.060289 0.110332
0.057086 -0.030748 0.11972
-0.081855 0.03914 0.100827
0.064639 0.057251 0.014682
-0.06935 -0.027711 -0.000551
0.01713 0.095252 0.028403
0.072345 0.037291 0.002512
0.047336 0.036968 -0.007284
0.017174 -0.057433 0.093833
-0.013731 -0.060098 0.11368
0.01713 0.095252 0.002512
-0.013733 -0.060097 0.115559
0.049403 -0.031593 0.141789
0.047684 -0.040629 0.124375
-0.009883 0.098237 0.132156
0.033321 0.088551 0.049364
-0.001954 0.078453 -0.001798
-0.063519 -0.035062 0.038224
-0.06902 -0.027884 0.117741
-0.064836 -0.032804 0.140174
0.003797 -0.060097 0.032639
-0.080143 -0.006976 0.115556
-0.062895 -0.034679 0.113175
0.019041 -0.056866 0.078432
-0.044248 -0.044835 0.146215
0.064785 0.002355 0.001421
0.073495 0.006298 0.034619
0.07435 0.0238 0.10736
0.072355 0.000559 0.105881
-0.084326 0.023755 0.093833
-0.04983 -0.046501 0.048231
-0.083987 0.010119 0.12199
0.053266 -0.035179 0.04429
-0.081843 -0.001377 0.111934
0.005733 -0.059858 -0.005609
0.072773 0.035388 0.12199
-0.009838 -0.060436 0.036486
0.065153 0.039265 0.047292
0.064516 -0.019325 0.1402
-0.0559 -0.07724 0.096705
-0.021472 0.096662 0.075105
0.055849 -0.032256 0.062147
0.036402 -0.032374 -0.007281
0.004863 -0.053465 0.047292
-0.060667 -0.027975 0.075459
-0.061545 -0.036179 0.075114
0.07421 0.012106 0.088061
-0.077264 0.051983 0.019287
-0.055669 0.048423 -0.007284
-0.068021 -0.065471 0.059802
-0.059806 -0.038745 0.110577
0.041555 -0.045448 0.137581
-0.060886 -0.077268 0.038978
-0.063811 -0.036654 0.037006
-0.069421 0.065448 0.032639
-9e-05 -0.060433 0.111934
-0.027122 -0.057432 -0.001864
-0.046755 -0.059443 0.042915
0.071882 -0.001333 0.098756
-0.018406 -0.053285 0.015454
0.02455 -0.054893 0.05144
0.001856 -0.060289 -0.001864
-0.051568 0.083311 -0.003028
0.02273 -0.055596 0.032639
-0.056181 0.07971 0.034619
-0.064548 0.07154 0.096418
0.067507 0.00726 0.015454
0.02389 0.08632 0.023954
-0.056097 -0.072633 0.123231
-0.000111 -0.060095 -0.006577
0.0447 -0.043141 0.02618
-0.034523 0.092699 0.000909
-0.017643 -0.059464 0.137581
0.047314 -0.04021 0.144956
-0.041695 -0.044123 0.1162
-0.080756 -0.005124 0.111934
-0.064865 -0.040902 0.123279
-0.013725 -0.060102 0.056338
0.070185 -0.006933 0.02618
0.005688 0.09767 0.098756
-0.060803 -0.036313 0.146974
-0.020819 0.071832 -0.001799
-0.033844 -0.055236 0.113304
-0.054636 -0.043171 -0.004042
-0.019607 -0.059178 0.030552
-0.082746 0.002418 0.010248
-0.06706 0.068554 0.068485
0.028135 -0.053355 -0.001864
-0.063477 -0.035306 0.037094
-0.0705 -0.026097 -0.001864
-0.055477 -0.041737 0.144992
0.071362 -0.003214 0.10736
-0.030812 0.093903 0.1402
-0.03528 -0.047285 0.004489
0.07421 0.012106 0.042806
-0.054679 -0.034621 0.047292
0.050509 0.075811 0.124375
0.031704 0.021168 -0.001799
-0.004034 0.098385 0.045843
-0.029014 0.094672 0.098756
-0.007869 -0.059973 0.144956
-0.031978 -0.048646 0.089844
0.066457 -0.015941 0.023909
-0.084323 0.014006 0.108826
-0.030866 0.09406 0.045843
0.053235 0.073019 0.049364
0.06002 -0.014801 0.126964
-0.080143 -0.006976 0.000909
0.060019 0.052657 0.009066
0.017642 -0.052456 0.146215
0.059421 0.065485 0.10736
-0.0691 -0.027786 0.03442
-0.074987 0.041057 0.015454
-0.078054 0.0502 0.102668
-0.015668 -0.059859 0.039795
-0.074475 -0.01952 0.134879
0.015294 -0.057953 0.078432
-0.039871 0.090326 0.11972
-0.081843 -0.001377 0.030561
-0.06964 0.037247 -0.007281
0.040173 -0.016326 -0.001799
-0.051535 -0.04553 0.015806
0.067432 0.005441 0.135456
-0.011624 -0.058422 0.149955
-0.03647 -0.049773 0.148991
0.071882 -0.001333 0.028403
0.053042 0.07284 -0.006577
0.031641 -0.051642 0.02618
-0.065625 -0.031046 0.044296
-0.075553 0.05549 0.088061
0.065392 -0.00148 0.009066
-0.049974 0.084435 0.117573
-0.060083 -0.037441 0.063695
0.055849 -0.032256 0.04429
-0.032232 -0.04928 0.015454
0.043124 0.082174 0.132156
0.039962 0.084458 0.132156
-0.047131 0.083692 -0.007075
0.026352 -0.054146 0.12199
-0.06893 -0.027976 0.030503
0.036703 0.071615 -0.007281
0.009541 0.097052 0.078432
0.030128 -0.044852 0.075459
-0.069463 -0.067421 0.076494
0.069512 0.046619 0.053782
0.024507 0.092716 0.12199
-0.023375 0.096234 -0.004042
0.007663 -0.059569 0.132156
-0.057657 0.078435 -0.004042
0.069512 0.046619 0.091035
-0.065435 0.060354 0.009066
-0.011252 0.091419 0.075459
0.028094 0.09118 0.104335
0.071362 -0.003214 0.034619
-0.049289 -0.039359 0.034718
-0.083461 0.006253 0.096418
0.044664 0.080976 0.041335
-0.081322 -0.003257 0.030561
0.066457 -0.015941 0.059171
-0.051703 -0.049111 0.106699
-0.05454 0.072216 0.075459
-0.036294 -0.05419 0.056666
0.039963 0.084461 0.12199
-0.068243 0.067003 0.134879
0.013358 0.096245 0.071777
-0.079501 0.046577 0.071777
0.051889 0.074432 0.004258
0.003752 0.097909 0.05144
0.029858 0.090347 0.062147
-0.084468 0.017905 0.032639
-0.029014 0.094672 0.028403
0.033382 -0.034341 -0.001396
-0.073673 0.058908 0.093833
0.073488 0.031553 0.071777
0.026352 -0.054146 -0.003028
0.070796 -0.005081 0.093833
0.060545 0.063891 -0.000551
-0.082746 0.002418 0.047516
0.07017 0.044783 0.115556
-0.00765 -0.053986 0.1162
-0.072488 -0.022591 0.097185
0.074495 0.019901 0.111934
-0.003989 -0.06054 -0.006162
0.073162 0.004376 0.102668
-0.061819 -0.039765 0.124557
-0.05293 -0.044153 -0.006577
-0.077264 0.051983 0.088061
-0.077139 0.0457 0.150607
-0.074566 -0.019426 0.03971
-0.069784 -0.025966 0.144955
0.041559 0.083338 0.038223
0.070782 0.042931 0.096418
0.069528 -0.00877 -0.001864
-0.045383 0.077808 0.001421
-0.057594 -0.044175 0.108321
-0.070544 0.063853 0.075105
-0.07355 -0.021002 0.103151
-0.009883 0.09824 0.111934
-0.084183 0.0257 0.084946
0.035369 -0.027863 -0.007284
-0.033993 -0.055232 0.044651
0.039963 0.084461 -0.003028
0.061179 0.049232 0.075459
-0.071853 0.047544 0.089844
0.020849 0.094072 0.132156
0.057086 -0.030748 0.098756
0.07421 0.012106 0.100827
-0.028726 -0.050166 0.047292
0.066829 0.030479 0.089844
-0.076382 -0.016001 0.119723
0.06881 0.048439 -0.003028
-0.023375 0.096234 0.012434
-0.06826 0.067016 0.102668
-0.057657 0.078435 0.012434
-0.015687 -0.046119 -0.007281
-0.036297 0.091888 0.137581
-0.078054 0.0502 -0.004903
0.011498 -0.058856 0.098756
0.01525 0.095772 0.102668
0.062674 0.060621 0.023909
0.046309 -0.033638 0.015454
-0.06706 0.068554 0.036486
-0.027885 -0.047718 -0.007258
-0.074425 -0.010886 0.148991
0.05572 0.052422 -0.00044
-0.049405 0.011743 -0.001798
-0.00405 0.09706 0.14867
-0.08065 0.004793 0.150607
-0.005985 0.098384 0.102668
-0.060163 -0.02544 -0.007258
-0.045031 0.087567 0.115556
-0.076905 -0.066511 0.119521
-0.045792 -0.047102 0.149955
-0.084093 0.01597 -0.006577
0.046172 0.079739 -0.004903
-0.064392 -0.033859 0.000909
0.02085 0.094074 0.093833
0.001856 -0.060289 -0.003028
-0.08391 0.019849 0.144956
-0.039101 -0.05312 0.106652
-0.064763 -0.070049 0.122992
-0.017636 0.097378 0.108826
0.033361 -0.050722 0.096418
-0.06474 0.021087 -0.007284
0.01713 0.095252 0.102668
-0.084398 0.017906 0.137581
-0.013726 -0.060102 0.042784
-0.074634 0.057211 0.113674
0.045314 0.050922 -0.001798
-0.05757 0.005028 -0.001798
-0.069232 -0.027481 0.1111
0.043215 -0.035577 0.089844
0.040001 -0.046628 0.12199
-9.1e-05 -0.060413 0.134879
-0.073008 0.035037 -0.00044
-0.082161 -0.06288 0.073221
-0.063239 0.072986 0.093833
-0.002084 0.098338 0.081724
0.068826 -0.010591 0.108826
0.028135 -0.053355 -0.003028
-0.041414 0.02384 -0.001798
0.029858 0.090347 0.04429
-0.060238 -0.037972 0.020503
0.017407 0.08966 0.141789
0.064639 0.057251 0.084946
0.049846 0.06987 0.146215
-0.056413 -0.033832 0.135456
0.055463 -0.014286 -0.00044
-0.027147 0.095239 0.093833
-0.029414 -0.05656 0.010248
0.067935 0.025204 0.034718
0.074495 0.019901 0.030561
-0.079842 0.017963 0.146215
-0.081335 0.04102 0.124375
0.073162 0.004376 -0.004903
0.045476 0.028271 -0.001799
0.049129 -0.039318 0.108826
-0.034523 0.092699 0.039826
0.010996 0.036989 -0.001798
0.001273 -0.053417 0.004489
0.014654 0.081804 -0.007281
-0.019633 -0.059159 0.016973
0.062674 0.060621 0.059171
0.063663 -0.021081 -0.006162
0.043314 -0.035689 0.061074
0.011498 -0.058856 0.028403
0.067239 0.028734 0.061074
-0.000604 -0.052106 0.001421
-0.047085 -0.05221 0.044957
0.073154 0.033475 0.042806
-0.036844 -0.054286 0.040506
-0.078277 0.016183 0.023954
-0.072345 -0.07541 0.040113
-0.07267 0.060582 0.023909
-0.052482 -0.043722 0.146978
-0.013016 -0.053689 0.047292
0.068062 0.050242 0.034619
0.05582 0.070097 -0.005609
-0.06826 0.067016 -0.004903
0.007038 -0.055692 0.148991
0.054545 0.071574 0.019287
0.043409 -0.035796 0.047292
-0.075498 -0.001567 0.015454
-0.059606 0.067172 0.061074
-0.057005 -0.07382 0.06545
-0.078281 0.04819 0.144956
0.059255 0.054285 0.023954
0.067271 0.052025 0.117573
-0.07626 -0.079517 0.094614
-0.080143 -0.006976 0.039826
0.049496 0.06712 0.004489
-0.039707 -0.052295 -0.006577
0.007663 -0.059572 0.081724
0.056354 0.058835 0.034718
0.0447 -0.043141 0.045843
0.01525 0.095772 -0.004903
-0.072966 -0.072293 0.035848
-0.059489 -0.034432 0.15037
-0.077213 0.009073 0.061074
-0.043478 0.081332 0.023954
-0.041614 0.089449 0.093833
-0.048314 -0.047737 -0.004903
0.070185 -0.006933 0.081724
0.070185 -0.006933 0.045843
0.061629 0.062269 0.081724
-0.005985 0.098384 -0.004903
-0.074599 -0.019454 0.000909
0.029898 -0.05252 0.084946
-0.045031 0.087567 0.000909
-0.053443 -0.04487 0.046293
-0.015579 0.040591 -0.001798
0.011454 0.096672 0.11972
0.063677 0.058948 0.126871
-0.02296 0.087018 -0.007258
-0.076851 0.030445 0.103626
0.027956 -0.024368 -0.001798
-0.063114 -0.081385 0.052685
0.06995 -0.004813 0.146973
0.027312 0.089473 0.149955
-0.021472 0.096662 0.124375
-0.062719 -0.022821 0.001421
0.01713 0.095252 -0.004903
0.051921 -0.036593 0.006141
0.073495 0.006298 0.019287
-0.023072 0.034886 -0.001798
0.062697 -0.022776 0.124375
0.059448 -0.027642 0.12199
0.065559 0.05553 0.126871
0.043162 -0.044342 0.021605
-0.045502 0.059387 -0.001799
-0.068755 -0.077482 0.040737
0.016243 0.08067 -0.001396
-0.031218 -0.029718 -0.001799
-0.083135 0.03343 -0.004042
0.050542 -0.037973 0.075105
-0.040624 -0.052732 0.123775
0.06713 0.043736 0.15037
-0.030824 -0.05627 0.06419
-0.081843 -0.001377 0.110332
-0.07267 0.060582 0.059171
-0.06706 0.068554 0.065263
-0.030823 -0.056268 0.075106
0.066457 -0.015941 0.05144
-0.027448 -0.027245 -0.001799
-0.028971 -0.05688 0.08233
0.003797 -0.060097 0.014682
-0.041642 -0.051614 -0.000551
0.003752 0.097909 -0.000551
0.03012 0.086615 0.15037
-0.047864 -0.040454 0.126964
-0.007935 0.098336 0.038223
-0.077611 0.025136 0.061074
0.031641 -0.051642 0.045843
-0.078783 -0.010633 0.047515
-0.049239 -0.02106 -0.001798
0.071882 -0.001333 0.102668
-0.071627 0.062231 0.04429
-9e-05 -0.060433 0.110332
-0.015673 0.097392 -0.006577
0.051234 0.073776 -0.006875
-0.047377 -0.062218 0.042589
-0.033902 0.086304 0.023954
-0.065593 0.067381 0.149955
-0.064877 -0.033224 0.118423
-0.049974 0.084435 0.11972
0.023808 -0.048216 0.047292
-0.074545 -0.01935 0.053463
-0.056181 0.07971 0.019287
-0.063488 -0.036267 0.118813
-0.047846 -0.056029 0.111306
0.036692 0.086587 -0.004042
-0.083468 0.031508 0.126871
0.069512 0.046619 0.078432
-0.005944 0.095169 0.15037
0.035058 -0.04976 0.115556
0.073154 0.033475 0.100827
-0.073776 0.000751 0.001421
-0.005935 -0.060255 0.142678
-0.083909 0.017912 0.144956
-0.04329 -0.050739 0.064024
0.074014 0.027687 0.023909
-0.023375 0.096234 0.008144
-0.078054 0.0502 0.129469
0.038379 -0.047713 0.049364
-0.069421 0.065448 0.014682
-0.057657 0.078435 0.008144
-0.072785 -0.057002 0.109292
-0.053281 -0.045331 0.022105
-0.080756 -0.005124 0.110332
0.053235 0.073019 0.002512
-0.083135 0.03343 0.012434
0.06558 -0.017684 0.05144
-0.043334 0.088529 -0.005609
-0.081007 -0.00317 -0.006577
0.051921 -0.036593 0.014682
-0.079486 -0.008813 0.068485
-0.059103 0.077125 0.028403
0.050542 -0.037973 0.016973
0.0316 0.08947 0.004258
-0.083127 0.004331 -0.005609
0.01118 0.095376 0.14867
0.074019 0.010165 0.104335
-0.029014 0.094672 0.102668
-0.059103 0.077125 0.002512
-0.021946 -0.045964 -0.001396
0.061654 -0.024424 0.028403
0.048754 0.04936 -0.007284
0.036702 -0.041823 0.135456
0.074495 0.01795 0.096418
-0.011829 0.098096 0.047516
-0.004034 0.098385 0.034619
0.071347 0.041063 0.132156
0.029898 -0.05252 0.038223
-0.067202 -0.060303 0.02564
0.061654 -0.024424 0.002512
0.070782 0.04293 0.068485
-0.065268 -0.031259 0.047865
-0.030866 0.09406 0.034619
-0.07129 -0.011489 0.1162
-0.061894 0.074399 0.062147
-0.080283 0.036762 -0.007075
-0.083987 0.010119 0.023909
0.018773 -0.05602 0.146973
-0.019558 0.097044 0.113674
-9e-05 -0.060433 -0.001864
-0.04921 -0.057927 0.11155
0.072773 0.035388 0.023909
0.068062 0.050242 0.091035
0.065972 0.035776 0.1162
0.036692 0.086587 0.012434
-0.082318 0.000515 0.075105
-0.078764 0.048384 -0.006162
0.055224 -0.018317 -0.007258
0.054371 -0.023974 0.126964
0.024488 -0.054739 0.1402
-0.063692 0.070783 -0.006875
0.054545 0.071574 0.088061
-0.050592 -0.057046 0.110143
-0.084468 0.017905 0.006141
-0.008078 -0.032328 -0.001799
-0.073596 -0.021065 0.075106
-0.048615 -0.067458 0.03912
-0.069507 -0.016632 0.135456
0.033321 0.088551 -0.004042
0.061014 0.053233 -0.007196
-0.038424 -0.04562 0.004489
0.074014 0.027687 0.059171
0.054877 -0.020059 0.001421
0.049494 0.067105 0.089844
-0.058901 -0.045794 0.023095
-0.053098 -0.04437 -0.004042
0.071882 -0.001333 -0.004903
0.02692 0.084323 0.075459
-0.080756 -0.005124 -0.001864
-0.043318 0.081071 0.047292
-0.071153 -0.011426 0.075459
0.041595 -0.045505 0.010248
-0.000135 0.098243 -0.004042
-0.009838 -0.060436 0.111934
0.051419 -0.033465 0.150607
0.040478 0.075743 0.075459
-0.033603 -0.054952 0.126844
-0.034671 -0.054773 0.002512
-0.057067 -0.031944 0.075459
0.073781 0.008228 0.108826
0.071362 -0.003214 0.019287
0.062674 0.060621 0.05144
-0.044978 -0.049764 0.089526
-0.07144 -0.024457 0.112215
0.013402 -0.058428 0.071777
-0.079501 0.046577 0.117573
-0.03124 -0.010805 -0.007284
-0.081303 -0.001235 0.144956
0.042739 0.062004 -0.007284
0.035058 -0.04976 0.000909
0.004803 0.091134 0.061074
-0.053502 -0.055633 0.126282
0.064192 -0.014836 0.150607
0.07187 0.039184 0.006141
0.048909 -0.039081 0.142678
-0.042207 -0.041308 -0.007258
-0.035878 -0.048577 0.141789
-0.063903 -0.046558 0.125508
-0.055466 0.050556 -0.007284
-0.016528 -0.052961 0.103626
-0.070544 0.063853 0.124375
0.0057 -0.059586 -0.006577
-0.056266 -0.076084 0.072891
-0.084183 0.0257 0.105881
-0.029705 -0.056354 0.132141
-0.07643 0.053747 0.096418
-0.044832 0.080112 0.047292
-0.078782 -0.010634 0.019287
0.059421 0.065485 0.019287
-0.037664 -0.053246 0.019276
-0.083987 0.010119 0.059171
0.06729 -0.014177 0.010248
0.072773 0.035388 0.059171
-0.077263 0.028699 0.1162
-0.051568 0.083311 0.059171
0.054545 0.071574 0.042806
0.07017 0.044783 0.117573
-0.062674 -0.036516 0.121329
0.01525 0.095772 0.129469
-0.003988 -0.060578 0.126871
-0.077237 -0.014207 0.056334
0.033321 0.088551 0.012434
0.074495 0.019901 0.110332
0.054604 -0.026409 0.146215
-0.029014 0.094672 -0.004903
-0.084145 0.025697 -0.006162
0.025375 -0.035512 -0.001748
-0.005939 -0.060576 0.132156
-0.019398 -0.05834 0.146973
-0.053135 0.082148 0.004258
-0.054673 0.080948 0.041335
-0.051135 0.025157 -0.001799
-0.084468 0.017905 0.014682
-0.020949 0.094198 0.150607
-0.009883 0.09824 0.110332
-0.057741 -0.06728 0.051336
0.072345 0.037291 0.129469
-0.082755 0.035344 0.068485
-0.000135 0.098243 0.012434
-0.002084 0.098338 0.10736
0.073849 0.027669 0.1402
0.034312 0.019041 -0.001798
-0.045031 0.087567 0.039826
0.072355 0.000559 0.02618
0.01713 0.095252 0.129469
-0.056181 0.07971 0.088061
0.011498 -0.058856 0.102668
-0.061894 0.074399 0.04429
0.027029 0.084547 0.047292
0.046207 -0.041903 0.000909
-0.076096 -0.005642 -0.007196
0.066437 0.053788 -0.001864
0.0637 -0.021102 0.038223
0.073495 0.006298 0.042806
-0.077613 -0.065619 0.119665
0.038341 0.085544 0.053782
-0.083004 0.023674 0.14867
0.038341 0.085544 0.091035
-0.017337 0.095524 0.149955
0.001811 0.0981 0.071777
-0.062595 -0.070954 0.077103
0.074448 0.016 0.068485
-0.011569 -0.057782 0.150607
0.026352 -0.054146 0.023909
-0.07267 0.060582 0.05144
0.067271 0.052025 0.11972
0.066457 -0.015941 -0.000551
-0.068913 -0.01232 0.001421
0.071349 0.041064 0.084946
0.07187 0.039184 0.014682
0.024507 0.092716 0.023909
-0.064548 0.07154 0.075105
0.066684 0.001904 0.135456
0.041595 -0.045505 0.047516
0.06775 0.016245 0.103626
0.064639 0.057251 0.105881
-0.021599 -0.058742 0.014682
0.054575 -0.033733 0.006141
-0.030866 0.09406 0.091035
0.009585 -0.059237 0.004258
0.036731 -0.048757 0.062147
0.06092 0.026393 -0.001396
-0.023392 0.081898 -0.001396
0.04647 -0.033802 0.135456
0.039963 0.084461 0.023909
0.050509 0.075811 0.012434
0.035371 0.084442 0.150607
0.044945 -0.034817 0.023954
0.007663 -0.059572 0.10736
-0.035148 0.065318 -0.007284
0.046975 0.038235 -0.001798
-0.041694 -0.056533 0.034067
-0.055804 -0.033206 0.075459
-0.071627 0.062231 0.108826
-0.056181 0.07971 0.042806
-0.073052 -0.049572 0.03996
0.06881 0.048439 0.023909
0.063094 0.007917 -0.00044
0.070185 -0.006933 0.10736
-0.054471 0.08069 -0.006577
-0.036294 -0.05419 0.093704
0.018991 -0.056708 0.1402
-0.042395 0.073679 -0.001396
0.061629 0.062269 0.10736
0.004058 0.069845 -0.007284
0.06729 -0.014177 0.047516
-0.002084 0.098338 0.034619
-0.080749 0.042881 0.134879
-0.07552 0.055472 -0.006162
-0.015693 -0.059841 0.121991
0.056501 -0.021074 0.023954
-0.081843 -0.001377 -0.003028
-0.073134 -0.078418 0.107839
-0.083135 0.03343 0.008144
-0.05461 -0.04319 -0.000551
0.060545 0.063891 0.098756
0.07435 0.0238 0.042806
0.051889 0.074432 0.124375
-0.081322 -0.003257 0.12199
0.06558 -0.017684 -0.000551
0.054545 0.071574 0.100827
-0.077967 -0.01241 0.137581
-0.019591 -0.059189 0.010248
-0.083097 0.021758 0.14867
-0.073774 -0.004794 0.004489
-0.069173 -0.027219 0.042917
0.026352 -0.054146 0.059171
0.049779 -0.022396 -0.007281
-9e-05 -0.060433 -0.003028
-0.004113 0.09179 0.061074
0.063714 0.024891 -0.00044
-0.046704 0.086563 0.068485
0.029898 -0.05252 0.105881
0.053301 -0.025418 0.126964
0.073154 0.033475 0.016973
0.024507 0.092716 0.059171
0.04765 0.078465 0.075105
0.011498 -0.058856 -0.004903
0.058259 0.067052 -0.005609
-0.058074 -0.044497 0.126775
0.03773 -0.04016 0.061074
0.043482 0.073749 0.034718
0.005733 -0.059858 0.010248
-0.059407 -0.007677 -0.001748
-0.079154 0.021614 0.141789
0.057909 -0.017729 0.075459
0.067004 0.005521 0.126964
-0.0768 -0.058492 0.109279
0.003797 -0.060097 0.084946
-0.049759 -0.06798 0.036868
0.036692 0.086587 0.008144
0.039963 0.084461 0.059171
0.035019 0.08759 0.096418
-0.060515 0.075779 0.062147
0.011109 -0.057019 0.149955
0.073463 0.010226 0.144956
0.007663 -0.059572 0.034619
0.073495 0.006298 0.100827
0.054575 -0.033733 0.014682
0.0447 -0.043141 0.034619
0.025525 -0.047661 0.126964
-0.041431 -0.051399 -0.006577
-0.080756 -0.005124 -0.003028
-0.005974 0.097497 0.146973
-0.039779 0.078016 -0.007281
0.06881 0.048439 0.059171
-0.074197 0.040796 0.004489
0.070185 -0.006933 0.034619
-0.03863 -0.054379 0.116244
-0.083461 0.006253 0.075105
-0.060172 -0.037567 0.07898
-0.059103 0.077125 0.102668
0.04642 0.03943 -0.007284
0.066426 -0.015925 -0.006162
-0.068097 0.055661 0.047292
-0.038505 0.07961 -0.00044
-0.082755 0.035344 0.036486
-0.079486 -0.008813 0.056371
-0.06706 0.068554 0.111934
0.071349 0.041064 0.038223
0.057996 0.027732 -0.001748
-0.011784 -0.060293 -0.004042
-0.074004 0.007778 -0.00044
0.061654 -0.024424 0.102668
-0.067568 -0.058358 0.048886
0.046172 0.079739 0.036486
0.067783 -0.012266 0.142678
-0.028934 -0.05689 0.109711
0.026498 -0.049783 0.148991
-0.052939 0.081891 0.142678
0.030127 -0.044851 0.103626
-0.069421 0.065448 0.084946
0.060545 0.063891 0.028403
0.067245 0.009114 0.061074
0.000871 0.088001 -0.00044
0.071362 -0.003214 0.042806
-0.005939 -0.060579 0.081724
0.063628 -0.000938 0.001421
0.041972 0.069406 -0.00044
-0.036325 0.091952 0.126871
0.060545 0.063891 0.002512
0.074448 0.016 0.036486
-0.019558 0.097044 0.093833
0.02273 -0.055596 0.084946
0.070782 0.042931 0.075105
-0.037363 -0.053355 0.13754
-0.064027 -0.03417 0.115229
0.035058 -0.04976 0.039826
-0.070705 -0.024089 0.146973
-0.075512 -0.017695 0.078468
0.059421 0.065485 0.042806
0.051921 -0.036593 0.104335
0.043162 -0.044342 0.053782
0.021594 -0.035517 -0.001748
-0.083987 0.010119 0.05144
-0.079165 -0.060588 0.059001
0.043162 -0.044342 0.091035
0.072773 0.035388 0.05144
0.033321 0.088551 0.008144
-0.052713 -0.024198 -0.007284
-0.062476 -0.002485 -0.001798
-0.084468 0.019856 0.049364
0.07435 0.0238 0.100827
0.066225 0.003849 0.103626
0.073162 0.004376 0.036486
-0.075757 0.000229 0.034718
0.033287 0.088489 0.137581
-0.000135 0.098243 0.008144
-0.029572 -0.056368 0.137572
0.067543 0.009074 0.034718
-0.005923 -0.059254 0.14867
0.005733 -0.059858 0.047516
-0.067702 -0.02963 0.010249
-0.065822 0.070062 -0.000551
-0.024638 -0.055847 -0.007075
-0.081206 0.016074 0.15037
0.013358 0.096245 0.11972
0.005731 -0.059838 0.134879
0.047684 -0.040629 0.126871
0.056787 -0.002328 -0.007281
0.064661 -0.019404 0.096418
-0.060515 0.075779 0.04429
-0.080158 0.04474 0.002512
-0.06826 0.067016 0.036486
0.046207 -0.041903 0.039826
0.073488 0.031553 0.11972
0.06155 0.049402 0.034718
-0.040053 -0.052552 0.048012
-0.019514 -0.059246 -0.005609
-0.061894 0.074399 0.108826
-0.082318 0.000515 0.124375
-0.058964 -0.039425 0.000909
0.020893 -0.056253 0.004258
0.074495 0.019901 -0.003028
-0.004034 0.098385 0.019287
-0.084138 0.012064 -0.006162
-0.041841 -0.058076 0.119243
-0.059103 0.077125 -0.004903
-0.07267 0.060582 -0.000551
-0.066795 -0.011286 -0.00044
0.071308 0.033131 0.149955
-0.01601 0.087291 -0.007281
-0.005985 0.098384 0.036486
-0.065571 -0.032307 0.030476
0.070103 0.014368 -0.007196
-0.040533 -0.049341 0.150607
-0.06706 0.068554 0.030561
0.028135 -0.053355 0.071777
-0.071425 -0.015593 0.146215
-0.078033 -0.012436 0.034618
-0.00771 0.092275 0.015454
0.061654 -0.024424 -0.004903
-0.073479 -0.021262 0.028396
0.02455 -0.054893 0.002512
-0.009883 0.09824 -0.003028
-0.036654 -0.054257 0.043689
-0.073278 -0.050536 0.038198
0.068062 0.050242 0.088061
0.043282 0.073523 0.061074
-0.005874 -0.050823 -0.00044
-0.059879 -0.029667 0.009066
0.072355 0.000559 0.045843
0.062697 -0.022776 -0.004042
-0.038108 0.091161 0.126871
-0.048153 0.078588 0.135456
0.050509 0.075811 0.008144
-0.028382 0.078042 -0.001748
0.044706 0.072427 0.047292
-0.081855 0.03914 0.006141
-0.084292 0.023752 -0.006162
-0.048245 -0.04764 0.095171
0.038341 0.085544 0.078432
-0.055648 -0.041269 0.050241
0.071362 -0.003214 0.100827
0.019041 -0.056866 0.062147
0.029858 0.090347 0.104335
-0.07125 -0.047234 0.03824
0.0447 -0.043141 0.091035
0.058286 -0.029209 0.093833
0.005688 0.09767 0.068485
0.069421 0.010673 0.146215
0.02273 -0.055596 0.038223
0.05582 0.070097 0.021605
-0.079866 0.001098 0.150607
-0.084468 0.017905 0.084946
-0.084308 -0.071203 0.096805
-0.078522 0.032653 -0.007196
-0.082755 0.035344 0.065263
-0.019514 -0.059246 0.058936
0.072287 0.000575 0.137581
0.033361 -0.050722 0.016973
0.059421 0.065485 0.100827
0.013402 -0.058428 0.117573
0.073775 0.029623 0.016973
0.046172 0.079739 0.065263
-0.076657 0.030424 0.004489
-0.038108 0.091161 0.038223
0.074283 0.016006 0.1402
-0.075 0.039185 0.061074
-0.075512 -0.017695 0.071742
-0.082329 0.037247 0.096418
-0.0657 0.06507 0.15037
-0.075553 0.05549 0.062147
0.026352 -0.054146 0.05144
-0.059173 -0.040543 0.044125
-0.082062 0.017972 -0.007075
-0.062752 -0.029786 0.148991
-0.008257 -0.045321 -0.007284
0.001853 -0.060248 -0.006162
-0.078782 -0.010633 0.028403
-0.078136 0.012582 0.015454
-0.082545 0.021738 0.149955
0.074448 0.016 0.065263
0.028094 0.09118 -0.005609
-0.07024 -0.026211 0.034463
0.024507 0.092716 0.05144
0.050509 0.075811 0.126871
0.062697 -0.022776 0.012434
0.035154 -0.01374 -0.007284
0.058731 0.053997 0.089844
-0.015684 -0.059772 0.137581
-0.000498 0.066665 -0.001799
-0.054257 -0.028817 -0.007281
-0.056452 0.013602 -0.007284
-0.042041 -0.009306 -0.001799
0.036731 -0.048757 0.006141
0.029733 -0.037408 -0.007284
0.039963 0.084461 0.05144
-0.062021 0.064524 0.047292
0.045904 0.071088 0.061074
0.011498 -0.058854 0.132156
-0.058931 0.031698 -0.001798
0.031641 -0.051642 0.091035
0.06881 0.048439 0.05144
0.07187 0.039184 0.104335
0.038379 -0.047713 -0.004042
0.073162 0.004376 0.065263
-0.081855 0.03914 0.014682
-0.064485 -0.033686 0.115746
-0.070176 0.014879 -0.001396
-0.070299 -0.081133 0.103458
0.007618 0.097385 -0.004042
-0.063389 0.045633 -0.001748
0.019573 0.090358 0.148991
-0.048005 -0.04869 0.130367
-0.052929 -0.044493 0.012089
-0.080092 0.044717 0.137581
0.071349 0.041064 0.105881
0.069528 -0.00877 0.071777
-0.077722 0.016203 0.075459
-0.082746 0.002418 0.041335
-0.051569 0.083311 0.129469
0.057712 0.057562 0.135456
-0.04737 0.018754 -0.007284
-0.047933 -0.040549 0.023954
0.027868 -0.048363 0.146215
-0.063674 -0.009761 -0.001396
0.003752 0.097909 0.028403
0.038341 0.085544 0.088061
0.071007 0.006698 0.150607
-0.046704 0.086563 0.056371
-0.02914 0.083827 -0.007281
-0.06826 0.067016 0.065263
-0.057095 0.06972 0.103626
0.003752 0.097909 0.002512
-0.028684 0.087723 0.103626
-0.038168 -0.054087 0.115954
0.019041 -0.056866 0.04429
0.030311 0.083084 0.009066
-0.051654 -0.039566 -0.007196
0.015294 -0.057953 0.062147
-0.025624 -0.057676 0.026176
-0.082126 0.027435 0.149955
-0.017495 0.096502 -0.006875
-0.04739 -0.049596 0.045808
0.041559 0.083338 0.02618
0.057058 0.068589 0.049364
-0.005985 0.098384 0.065263
-0.004034 0.098385 0.088061
0.073154 0.033475 0.032639
0.043528 0.035653 -0.001799
-0.030866 0.09406 0.088061
-0.0522 0.030102 -0.007284
0.056312 0.016663 -0.001798
-0.043334 0.088529 0.021605
0.072773 0.035388 -0.000551
0.054077 0.06162 0.061074
0.038379 -0.047713 0.012434
0.071882 -0.001333 0.036486
-0.083127 0.004331 0.021605
-0.076953 -0.074251 0.111462
0.007618 0.097385 0.012434
-0.053638 -0.061294 0.109451
-0.041582 -0.051679 0.056968
-0.063719 -0.033064 0.043253
-0.0598 -0.042371 0.126176
-0.080769 0.042887 -0.001864
-0.002084 0.098338 0.019287
-0.078797 0.048396 0.132156
0.017084 0.095093 0.1402
-0.061909 0.064434 0.061074
0.054575 -0.033733 0.084946
-0.027789 0.061109 -0.001799
-0.013729 -0.060099 0.111943
0.042227 0.007705 -0.007284
-0.084419 0.015955 0.075105
-0.060845 -0.039985 0.024886
-0.039868 -0.052513 -0.001864
-0.070527 0.063841 0.134879
-0.076696 0.034066 0.009066
-0.08291 0.006342 0.144956
0.04765 0.078465 0.124375
0.005688 0.09767 0.036486
0.038321 0.085512 -0.006162
0.072183 0.037253 0.1402
0.053235 0.073019 0.129469
0.044664 0.080976 0.108826
-0.046976 -0.039225 0.001421
0.003797 -0.060097 0.105881
0.043162 -0.044342 0.078432
0.064314 0.04277 0.009066
0.055833 -0.032243 0.134879
-0.072123 0.047659 0.047292
0.07435 0.0238 0.016973
-0.03067 0.087939 0.135456
-0.059103 0.077125 0.129469
0.073488 0.031553 0.098756
-0.005939 -0.060579 0.10736
-0.029014 0.094672 0.036486
-0.072646 -0.022815 -0.004042
-0.051784 -0.072147 0.044028
-0.064218 -0.070046 0.076769
-0.004034 0.098385 0.042806
-0.060515 0.075779 0.108826
0.017174 -0.057433 0.004258
0.035164 0.080657 0.135456
-0.065822 0.070062 0.11972
-0.007919 0.098009 -0.006577
-0.080882 0.031119 -0.007075
-0.049937 -0.046654 -0.004903
0.061654 -0.024424 0.129469
0.07171 0.039142 0.1402
-0.063227 -0.035863 0.118993
0.044785 0.012158 -0.007284
-0.053135 0.082148 0.124375
-0.061641 -0.02648 0.004489
0.039254 -0.039208 0.047292
-0.029656 -0.056367 0.134866
-0.011261 0.091524 0.061074
0.034157 0.065817 -0.001748
-0.048352 0.085519 0.108826
-0.084323 0.014006 0.115556
0.007663 -0.059572 0.019287
-0.001744 0.061163 -0.007284
-0.037571 -0.053924 0.109223
0.067532 0.012679 0.103626
0.042624 0.050742 -0.001799
-0.069421 0.065448 0.105881
0.070185 -0.006933 0.019287
-0.081843 -0.001377 0.023909
-0.055186 -0.075486 0.102436
0.020658 0.087954 0.135456
0.07421 0.012106 0.006141
-0.065576 0.030931 -0.007284
-0.034819 -0.006678 -0.001798
0.015294 -0.057953 0.04429
0.073464 0.023745 0.146973
0.02273 -0.055596 0.105881
0.074495 0.01795 0.016973
-0.03403 0.091469 0.14867
0.066457 -0.015941 0.098756
-0.075044 0.039198 0.1162
-0.077953 0.032467 0.141789
0.003795 -0.060077 0.134879
-0.06706 0.068554 0.110332
-0.079486 -0.008813 0.111934
-0.071442 -0.024285 0.108028
-0.055609 -0.041248 0.048604
-0.058325 -0.057173 0.023746
-0.041003 0.088273 0.14867
-0.071427 -0.024237 0.0435
-0.084183 0.0257 0.02618
0.02455 -0.054893 0.102668
-0.046957 -0.042306 0.141789
-0.081335 0.04102 0.126871
-0.046777 -0.048701 0.002512
-0.083295 0.012137 0.146973
-0.059605 -0.027307 -0.007258
0.008344 0.090612 0.1162
-0.084468 0.019856 0.002512
0.041547 0.083321 0.134879
-0.078034 -0.012433 0.065257
0.071362 -0.003214 0.016973
0.026352 -0.054146 -0.000551
-0.055609 0.079031 0.146973
0.009541 0.097052 0.04429
-0.051191 -0.018717 -0.007284
0.060545 0.063891 -0.004903
-0.077658 0.009012 0.023954
-0.083127 0.004331 0.010248
0.050236 0.020504 -0.001799
0.062697 -0.022776 0.008144
-0.074887 -0.001389 0.075459
0.024507 0.092716 -0.000551
0.035362 -0.040178 -0.007258
0.062003 0.013525 -0.007281
0.059421 0.065485 0.016973
0.051889 0.074432 -0.004042
-0.066025 0.067726 0.14867
0.016927 -0.05658 0.146973
-0.039871 0.090326 0.068485
0.039963 0.084461 -0.000551
0.06558 -0.017684 0.098756
-0.081843 -0.001377 0.059171
0.071882 -0.001333 0.065263
-0.043295 -0.050744 -0.004903
0.041583 -0.045488 0.134879
-0.068254 -0.044998 0.12412
-0.05258 -0.046973 0.128403
0.06881 0.048439 -0.000551
-0.023584 0.089382 0.061074
-0.044529 -0.049901 0.017876
-0.063989 0.061524 0.075459
-0.004034 0.098385 0.100827
0.07421 0.012106 0.014682
0.02631 0.09197 0.108826
-0.07643 0.053747 0.016973
0.009528 0.096983 0.137581
-0.076247 0.001962 0.009066
-0.084323 0.014006 0.000909
0.057956 -0.008355 -0.007281
-0.027107 -0.057439 0.108169
-0.063149 -0.038138 0.122196
0.066457 -0.015941 0.028403
0.011498 -0.058856 0.036486
0.074014 0.027687 0.049364
0.015772 0.084666 -0.00044
0.005688 0.09767 0.065263
-0.021472 0.096662 0.126871
-0.074566 -0.019426 0.110449
0.034923 -0.049522 -0.006577
-0.032703 0.093402 0.049364
0.033361 -0.050722 0.032639
-0.075553 0.05549 0.006141
-0.055581 -0.042212 0.140493
-0.084351 0.021804 0.137581
0.001856 -0.060289 -0.000551
0.073775 0.029623 0.032639
0.064639 0.057251 0.02618
-0.083992 0.027642 0.004258
-0.040115 -0.044965 0.061074
-0.056754 -0.041303 0.015968
-0.074634 0.057211 0.096418
0.074019 0.010165 -0.005609
-0.029014 0.094672 0.065263
0.065548 0.000334 0.1162
0.051889 0.074432 0.012434
-0.076844 0.00732 0.103626
-0.083754 0.029578 0.071777
0.072187 0.006509 0.14867
-0.021525 -0.058795 0.115604
-0.084468 0.017905 0.105881
-0.053133 0.082146 0.132156
0.038379 -0.047713 0.008144
0.02455 -0.054893 -0.004903
0.072355 0.000559 0.034619
0.057342 0.057334 0.126964
0.007618 0.097385 0.008144
-0.017636 0.097378 0.115556
0.069864 0.044677 0.142678
-0.084326 0.023755 0.075105
-0.082755 0.035344 0.111934
0.06558 -0.017684 0.028403
-0.083127 0.004331 0.047516
0.0447 -0.043141 0.088061
-0.002084 0.098338 0.042806
0.001811 0.0981 0.11972
-0.066025 -0.031548 0.129408
0.003752 0.097909 0.102668
-0.035331 0.089637 0.150607
-0.027111 0.088672 0.034718
-0.011829 0.098096 0.041335
-0.015675 -0.059854 0.036472
-0.074421 0.042768 0.015454
0.070185 -0.006933 0.088061
0.070796 -0.005081 0.004258
0.058259 0.067052 0.021605
-0.081855 0.03914 0.084946
-0.071205 -0.024748 0.12438
-0.047898 0.078236 0.126964
0.015249 0.095769 0.132156
0.068826 -0.010591 0.115556
-0.077264 0.051983 0.006141
-0.053606 -0.036113 0.015454
0.029898 -0.05252 0.02618
0.050972 -0.035668 0.14867
0.074495 0.019901 0.023909
0.041559 0.083338 0.081724
0.041559 0.083338 0.045843
-0.07478 -0.054517 0.124111
-0.068714 -0.028175 0.016975
-0.01663 -0.05359 0.015454
0.029546 -0.035346 -0.007284
0.074184 0.02379 0.1402
0.049129 -0.039318 0.115556
-0.077663 0.028753 0.023954
0.05582 0.070097 0.053782
0.073495 0.006298 0.032639
-0.009883 0.09824 0.023909
-0.027098 -0.057451 0.100092
-0.01377 0.097904 0.093833
-0.075947 -0.054245 0.045393
-0.041633 0.08174 0.089844
-0.064112 0.061613 0.1162
-0.039831 -0.052542 0.082741
-0.039868 -0.053573 0.04267
-0.071893 0.047561 0.075459
-0.019499 0.096726 0.142678
0.046207 -0.041903 0.010248
-0.061709 -0.056413 0.106564
-0.065822 0.070062 0.098756
0.044462 0.080724 0.142678
-0.075911 0.035725 0.061074
-0.03894 -0.054153 0.113934
0.069512 0.046619 0.062147
-0.039663 -0.053734 0.032518
0.037583 -0.016309 -0.001799
-0.083468 0.031508 0.113674
-0.053424 -0.072042 0.123283
-0.063768 -0.044387 0.113073
0.007663 -0.059572 0.042806
-0.066152 -0.041296 0.034014
0.031641 -0.051642 0.088061
-0.039068 -0.054087 0.03578
-0.025234 0.088613 0.004489
0.070185 -0.006933 0.042806
0.052615 -0.034575 0.146973
-0.002038 -0.06053 0.115556
0.061629 0.062269 0.042806
-0.0555 -0.076909 0.051881
-0.004034 0.096188 -0.007075
-0.002038 -0.06053 0.071777
0.040083 0.081295 0.150607
-0.07267 0.060582 0.098756
-0.043652 -0.050486 0.006137
-0.034212 -0.049315 0.141789
0.057086 -0.030748 0.065263
0.020893 -0.056253 0.124375
-0.052222 0.075008 0.023954
0.062674 0.060621 0.002512
0.069825 0.016169 0.146215
0.036731 -0.048757 0.104335
-0.071073 -0.024473 0.142678
0.074495 0.019901 0.059171
-0.064319 -0.024008 0.126964
0.065752 0.039439 0.135456
0.057058 0.068589 0.002512
0.040573 0.075861 0.1162
0.015294 -0.057953 0.108826
-0.017636 0.097378 0.000909
-0.082977 0.010216 -0.006875
0.011498 -0.058856 0.065263
0.035019 0.08759 0.016973
0.045493 -0.012749 -0.007284
-0.06423 -0.040912 0.115387
-0.013725 -0.060102 0.093866
-0.082755 0.035344 0.030561
-0.046704 0.086563 0.111934
0.046172 0.079739 0.030561
-0.014795 -0.05347 0.047292
-0.009883 0.09824 0.059171
-0.063239 0.072986 0.004258
0.052265 0.072117 0.14867
0.018437 0.054227 -0.007284
-0.039901 -0.052589 0.050505
0.003752 0.097909 -0.004903
0.07435 0.0238 0.032639
0.066437 0.053788 0.071777
0.011905 0.090121 0.034718
0.02087 -0.056187 0.137581
-0.036486 -0.054018 0.002512
-0.06321 -0.035183 0.040478
0.059777 0.048562 0.001421
-0.063481 -0.035345 0.115808
-0.026705 -0.013849 -0.001798
-0.042908 -0.049402 0.14867
0.054575 -0.033733 0.105881
-0.076154 0.024977 0.001421
-0.002084 0.098338 0.100827
-0.038106 -0.053346 -0.001864
0.068826 -0.010591 0.000909
-0.084419 0.015955 0.124375
-0.041641 -0.051684 0.051077
-0.074897 0.039155 0.103626
-0.070544 0.063853 0.126871
-0.068704 -0.01619 0.089844
0.020073 -0.053871 0.150607
0.074448 0.016 0.030561
0.009541 0.097052 0.108826
0.069004 -0.008576 0.144956
-0.064168 -0.031217 0.149955
-0.076442 0.043463 0.148991
-0.065822 0.070062 0.028403
0.018948 0.094528 0.1402
-0.007816 0.095123 0.15037
-0.017592 -0.059578 0.102822
-0.077575 0.010832 0.047292
-0.06706 0.068554 -0.003028
0.058259 0.067052 0.010248
0.049129 -0.039318 0.000909
0.047716 0.044644 -0.007284
-0.083428 0.031502 -0.006162
-0.081843 -0.001377 0.05144
0.022257 -0.040803 -0.001396
-0.022155 0.091106 0.141789
-0.062986 -0.036164 0.120131
-0.018317 -0.052806 0.1162
-0.052894 -0.071466 0.049485
0.048609 -0.033363 0.146215
0.02714 0.084782 0.009066
-0.075414 -0.064329 0.032299
-0.084183 0.0257 0.045843
-0.021427 -0.058866 0.050982
0.046207 -0.041903 0.047516
-0.004114 0.091683 0.103626
0.011454 0.096672 0.068485
0.073154 0.033475 0.014682
-0.043334 0.088529 0.053782
-0.004035 0.098315 0.137581
0.073162 0.004376 0.030561
-0.043334 0.088529 0.091035
0.007108 0.09421 0.15037
0.041595 -0.045505 0.041335
-0.07267 0.060582 0.028403
-0.073673 0.058908 0.075105
-0.002227 0.094411 0.148991
0.069512 0.046619 0.04429
0.074495 0.01795 0.032639
0.073792 0.023766 0.144956
-0.080158 0.04474 0.129469
-0.084323 0.014006 0.039826
-0.007703 0.092077 0.126964
-0.056667 -0.065535 0.106456
-0.05436 -0.04278 0.057972
-0.019609 -0.059099 0.137581
-0.041614 0.089449 0.004258
-0.048857 -0.063355 0.125304
-0.028971 -0.056879 0.075106
0.007663 -0.059572 0.100827
0.021548 0.085217 0.001421
0.032874 0.077002 -0.00044
0.052917 -0.025127 0.089844
0.042125 0.072213 0.001421
-0.079483 -0.008812 0.132156
0.02202 0.086492 0.103626
-0.032032 0.086478 0.075459
-0.009463 -0.054302 0.023954
-0.06826 0.067016 0.030561
0.060873 0.021094 -0.007281
-0.038068 -0.053376 0.082765
-0.055589 -0.04294 0.131901
-0.003988 -0.060578 0.113674
0.070185 -0.006933 0.100827
0.0316 0.08947 -0.004042
0.014699 0.076179 -0.001748
0.061629 0.062269 0.100827
0.006438 -0.004487 -0.007284
0.051889 0.074432 0.008144
0.06729 -0.014177 0.041335
0.071362 -0.003214 0.032639
-0.072488 -0.022591 0.101594
-0.039871 0.090326 0.056371
0.057086 -0.030747 0.004258
-0.057191 -0.057995 0.023714
-0.061493 -0.036105 0.067356
0.02455 -0.054893 0.129469
0.032933 -0.049945 0.146973
-0.070051 -0.026411 0.028384
-0.055821 0.079282 0.144956
-0.03259 0.093099 0.142678
-0.083039 -0.075394 0.086342
-0.076474 0.02325 0.001421
-0.054673 0.080948 0.108826
0.055211 0.041299 -0.001748
-0.005985 0.098384 0.030561
0.064661 -0.019404 0.016973
0.001856 -0.060289 0.11972
-0.049974 0.084435 0.068485
-0.078032 -0.012437 0.119721
-0.083748 0.008183 0.010248
0.059421 0.065485 0.032639
-0.073692 -0.006658 0.009066
-0.050798 -0.03837 0.023954
-0.005939 -0.060579 0.096418
0.055849 -0.032256 0.000909
-0.053556 0.073795 0.009066
0.066457 -0.015941 0.102668
0.035468 0.081125 0.141789
0.065389 0.037474 0.103626
-0.041935 0.082258 0.023954
0.066231 0.002012 0.034718
-0.007935 0.098336 0.081724
0.028094 0.09118 0.021605
-0.007935 0.098336 0.045843
-0.072347 -0.023031 0.019287
0.03632 0.070802 -0.001396
0.064639 0.057251 0.045843
-0.058476 -0.08038 0.065204
0.02085 0.094074 0.075105
0.069748 -0.004737 -0.006875
0.039498 -0.045897 0.146973
-0.063601 -0.036031 0.116279
0.065559 0.05553 0.081724
-0.079486 -0.008813 0.110332
-0.015662 -0.059864 -0.004903
-0.028865 0.088248 0.023954
-0.047806 -0.048562 0.131901
-0.075509 -0.017692 0.081795
-0.05865 -0.038757 0.089999
-0.078938 -0.077941 0.06546
-0.044541 -0.057777 0.029124
-0.075504 -0.017694 0.107474
-0.07643 0.053747 0.032639
0.028135 -0.053355 0.11972
0.058259 0.067052 0.047516
0.040001 -0.046628 0.049364
-0.0498 0.08419 -0.006577
-0.055525 -0.07483 0.121061
-0.073445 -0.02129 0.021605
0.0316 0.08947 0.012434
-0.058021 -0.040429 0.133357
0.003713 0.097584 -0.006577
-0.04629 -0.006564 -0.007284
0.07421 0.012106 0.104335
-0.075504 -0.017724 0.111981
0.050417 0.016878 -0.001798
-0.044982 -0.049769 0.075107
0.073781 0.008228 0.115556
-0.009804 -0.059878 0.144956
0.009324 -0.04895 -0.00044
0.036656 0.086528 0.137581
-0.075524 -0.01773 0.000909
0.058789 -0.016175 0.075459
-0.058634 -0.045629 0.108685
0.040858 -0.038344 0.023954
-0.001255 -0.041547 -0.001748
0.06558 -0.017684 0.102668
-0.040649 -0.053127 0.111203
-0.027147 0.095239 0.075105
-0.056532 -0.041485 0.019089
-0.070358 -0.025859 0.071507
-0.054863 -0.075794 0.1169
-0.062501 -0.034188 0.101114
-0.048281 -0.047658 0.048018
0.074446 0.021852 0.056371
0.051921 -0.036593 -0.005609
-0.073521 -0.021221 0.117605
0.074014 0.027687 0.002512
0.071349 0.041064 0.02618
0.013392 -0.058388 -0.006162
0.027858 -0.044304 0.001421
0.029898 -0.05252 0.045843
-0.082329 0.037247 0.016973
-0.032703 0.093402 0.002512
0.005688 0.09767 0.111934
0.070945 0.002851 0.149955
0.05582 0.070097 0.078432
-0.063051 -0.073239 0.031603
-0.065793 -0.032291 -0.004903
-0.067685 -0.068273 0.076449
-0.053135 0.082148 -0.004042
-0.027689 -0.057025 0.129466
0.02043 -0.049414 0.061074
0.017174 -0.057433 0.124375
0.054545 0.071574 0.006141
0.060545 0.06389 0.081724
0.074495 0.019901 0.05144
-0.083748 0.008183 0.047516
0.060056 0.061244 0.149955
0.041559 0.083338 0.10736
0.019041 -0.056866 0.104335
-0.05762 -0.040661 -0.004042
-0.053297 -0.04793 0.0228
-0.084421 0.021806 0.056371
0.072773 0.035388 0.028403
0.066457 -0.015941 -0.004903
-0.051568 0.083311 0.028403
0.049096 0.077155 0.115556
-0.017636 0.097378 0.039826
0.072468 0.008406 0.14867
-0.035912 0.086369 0.141789
-0.009883 0.09824 0.05144
-0.083987 0.010119 0.002512
-0.084326 0.023755 0.124375
-0.030646 -0.056378 0.106295
-0.083754 0.029578 0.117573
0.049096 0.077155 0.071777
-0.037492 -0.051517 0.149955
0.022687 0.093418 0.049364
0.072773 0.035388 0.002512
-0.039904 -0.052487 -0.000551
-0.051568 0.083311 0.002512
-0.007763 0.093713 0.146215
0.005733 -0.059858 0.041335
0.050542 -0.037973 0.038223
-0.070812 0.047124 0.001421
0.04583 -0.033146 0.089844
0.055141 0.069526 0.146973
0.073888 0.021831 0.144956
-0.081855 0.03914 0.105881
-0.021427 -0.058866 0.096867
0.059448 -0.027642 0.049364
-0.051479 -0.069483 0.04634
0.072355 0.000559 0.019287
-0.071409 -0.024196 0.105261
-0.025226 -0.057963 0.045039
0.068826 -0.010591 0.039826
0.062674 0.060621 0.102668
-0.075553 0.05549 0.104335
0.069528 -0.00877 0.11972
0.073781 0.008228 0.000909
-0.0215 -0.058813 0.11375
-0.081843 -0.001377 -0.000551
-0.053135 0.082148 0.012434
-0.033554 -0.054982 0.014687
0.009585 -0.059237 -0.004042
0.049129 -0.039318 0.039826
0.071882 -0.001333 0.030561
0.05658 0.002958 -0.001748
-0.034168 0.091843 -0.006875
-0.053217 0.073416 0.075459
0.003797 -0.060097 0.02618
-0.005981 0.098061 0.142678
-0.061824 -0.063987 0.025402
-0.071627 0.062231 0.115556
0.068535 0.014407 0.135456
0.06558 -0.017684 -0.004903
0.029858 0.090347 -0.005609
-0.037698 -0.052567 -0.006875
-0.027101 0.09508 0.1402
-9e-05 -0.060433 -0.000551
-0.052832 -0.068028 0.047213
-0.078949 0.005167 -0.007196
-0.062186 -0.082666 0.098297
-0.026543 0.07949 -0.007284
0.041559 0.083338 0.034619
0.054545 0.071574 0.014682
0.067542 0.045886 -0.007075
-0.083751 0.029578 0.132156
0.069373 -0.008713 0.1402
0.018997 0.094686 0.096418
-0.015387 0.046858 -0.001798
0.047079 0.069721 0.004489
0.047942 0.034735 -0.001799
-0.077243 -0.01422 0.000909
0.005688 0.09767 0.030561
-0.07933 -0.008755 0.1402
-0.0788 0.048397 0.096418
-0.023375 0.096234 0.093833
-0.056181 0.07971 0.006141
-0.057657 0.078435 0.093833
-0.062083 -0.036013 0.137591
-0.082318 0.000515 0.126871
-0.044124 -0.050847 0.128136
-0.034523 0.092699 0.041335
0.067271 0.052025 0.068485
0.019104 0.02039 -0.001798
-0.054894 0.072597 0.009066
-0.077612 0.009015 0.009066
0.0637 -0.021102 0.081724
-0.003995 -0.060019 0.144956
0.043502 0.073772 0.126964
-0.017591 -0.059578 0.049201
-0.061979 -0.041793 0.125105
-0.069421 0.065448 0.02618
-0.053796 -0.046031 0.128385
-0.077264 0.051983 0.104335
-0.029014 0.094672 0.030561
-0.080756 -0.005124 -0.000551
-0.043334 0.088529 0.078432
-0.009429 -0.053746 0.103626
0.009585 -0.059237 0.012434
0.014754 0.08767 -0.007258
-0.083127 0.004331 0.078432
0.057086 -0.030748 0.111934
0.02273 -0.055596 0.02618
0.029312 0.070278 -0.007284
0.011454 0.096672 0.056371
-0.002038 -0.06053 0.117573
0.073495 0.006298 0.014682
0.007663 -0.059572 0.016973
0.008376 -0.052753 0.061074
-0.07267 0.060582 0.102668
-0.035485 0.085439 0.034718
0.001856 -0.060289 0.098756
-0.072225 -0.073805 0.036958
-0.080143 -0.006976 0.041335
0.061629 0.062269 0.016973
0.055849 -0.032256 0.039826
0.07187 0.039184 -0.005609
0.026352 -0.054146 0.028403
0.067618 0.023385 0.089844
-0.072497 -0.022606 0.046805
0.019346 0.089699 0.146215
0.026352 -0.054146 0.002512
0.062674 0.060621 -0.004903
0.073154 0.033475 0.084946
0.072456 0.035321 0.142678
0.024507 0.092716 0.028403
0.074353 0.014052 -0.001864
0.0316 0.08947 0.008144
-0.034522 0.092697 0.132156
0.016961 -0.013696 -0.001798
-0.046704 0.086563 0.110332
-0.076892 0.039733 0.146215
-0.034481 -0.054911 0.082673
0.024507 0.092716 0.002512
-0.052965 -0.044182 0.082295
0.028135 -0.053355 0.098756
-0.056552 -0.01608 -0.001748
-0.084468 0.019856 0.129469
-0.044234 -0.05357 0.025017
0.074185 0.01601 -0.006577
0.039963 0.084461 0.028403
-0.08168 -0.070663 0.05084
0.064606 0.057233 -0.006162
-0.067906 -0.02851 0.045289
-0.071627 0.062231 0.000909
-0.056181 0.07971 0.014682
-0.000135 0.098243 0.113674
0.039963 0.084461 0.002512
-0.076398 -0.015965 0.08176
0.06881 0.048439 0.028403
0.013319 0.096084 0.1402
-0.049974 0.084435 0.056371
0.038341 0.085544 0.062147
-0.053581 -0.058197 0.108766
0.06881 0.048439 0.002512
-0.074591 -0.01946 0.002512
-0.073673 0.058908 0.124375
-0.073819 0.042561 0.103626
0.070796 -0.005081 0.124375
0.04586 -0.033177 0.103626
-0.015661 -0.059864 0.091105
0.039711 -0.042899 0.15037
0.025287 0.085047 0.089844
0.07435 0.0238 0.014682
-0.079486 -0.008813 -0.003028
-0.075493 -0.017668 0.098948
-0.084483 -0.067102 0.081469
0.072355 0.000559 0.088061
0.064661 -0.019404 0.032639
-0.004849 -0.020396 -0.001798
-0.065822 0.070062 -0.004903
-0.023331 -0.058439 0.064897
-0.047556 0.054116 -0.001799
0.074019 0.010165 0.021605
0.060571 -0.026047 0.049364
-0.045879 -0.024431 -0.007284
0.001856 -0.060289 0.028403
-0.049995 -0.046612 0.004258
-0.023544 -0.051587 0.061074
-0.074634 0.057211 0.075105
-0.007935 0.098336 0.10736
0.070782 0.04293 -0.003028
-0.041728 -0.058164 0.03891
-0.035176 -0.054838 0.042952
-0.080769 0.042887 0.071777
0.057086 -0.030748 0.030561
0.065559 0.05553 0.10736
0.074495 0.019901 -0.000551
-0.037722 -0.053961 0.037265
-0.05659 -0.078539 0.105739
-0.005901 0.091683 0.075459
-0.033682 0.085793 0.103626
-0.064548 0.07154 0.126871
-0.082073 0.037187 -0.006577
-0.038691 -0.054279 0.040855
-0.046704 0.086563 -0.001864
0.051254 0.073812 0.146973
0.050509 0.075811 0.113674
-0.028964 -0.055845 0.146973
-0.07267 0.060582 -0.004903
0.017183 -0.051007 0.023954
-0.062481 -0.02714 0.135456
-0.045686 -0.053807 0.125585
0.011498 -0.058856 0.030561
-0.057509 -0.029916 0.001421
-0.084468 0.017905 0.02618
-0.067256 0.044183 -0.007281
-0.009883 0.09824 -0.000551
-0.009827 -0.032608 -0.007284
-0.066623 0.068205 0.144956
0.071349 0.041064 0.045843
-0.00789 -0.060531 0.049364
-0.071557 -0.024495 0.000909
0.028771 0.084013 0.023954
0.020893 -0.056253 -0.004042
-0.058709 -0.038841 0.06386
-0.077307 0.012644 0.004489
-0.06706 0.068554 0.023909
0.074221 0.01795 -0.006577
-0.030773 -0.056265 0.112646
-0.039871 0.090326 0.111934
0.02085 0.094074 0.124375
0.072355 0.000559 0.042806
0.006694 0.09163 0.135456
0.055175 -0.024555 0.141789
0.073154 0.033475 0.038223
0.072298 0.01795 -0.007075
-0.064548 0.07154 0.038223
0.034595 -0.045292 -0.007196
-0.057029 -0.050578 0.126555
0.067071 0.034179 0.135456
-0.053135 0.082148 0.008144
-0.070326 -0.026054 0.112332
0.071362 -0.003214 0.014682
0.069528 -0.00877 0.098756
-0.036195 -0.05441 0.037369
-0.05515 -0.07251 0.12333
-0.074634 0.057211 0.016973
0.056552 0.058963 0.015454
0.011454 0.096669 0.132156
0.073781 0.008228 0.039826
0.031129 -0.04667 0.146215
0.06631 0.012958 -0.007258
-0.007935 0.098336 0.034619
-0.058931 -0.045779 0.126434
-0.030508 0.087503 0.034718
-0.063239 0.072986 0.124375
-0.082755 0.035344 0.12199
-0.083987 0.010119 0.102668
-0.037582 -0.054059 0.038464
-0.078902 0.003233 0.148991
0.038341 0.085544 0.04429
0.072773 0.035388 0.102668
-0.051568 0.083311 0.102668
0.046172 0.079739 0.12199
-0.081789 0.025458 -0.007075
-0.079501 0.046577 0.068485
0.013358 0.096245 0.068485
0.028703 0.083882 0.034718
0.04765 0.078465 0.126871
0.073488 0.031553 0.068485
0.059421 0.065485 0.014682
-0.027147 0.095239 0.124375
-0.076784 0.005514 0.047292
-0.048105 -0.053024 0.126232
-0.066008 0.058577 0.103626
0.024684 0.088032 -0.007196
-0.039943 -0.052947 0.028919
-0.00051 0.092108 0.023954
-0.036325 0.091952 0.081724
-0.039836 -0.052553 0.090149
0.015283 -0.057912 -0.006162
0.028094 0.09118 0.053782
-0.080155 0.044739 0.132156
0.055043 -0.022256 0.103626
0.020893 -0.056253 0.012434
-0.019546 -0.059222 0.004258
0.074448 0.016 0.12199
-0.049421 -0.045884 -0.006875
-0.083135 0.03343 0.093833
0.064621 0.057241 0.134879
0.052933 -0.025126 0.004489
0.036691 0.086585 0.132156
-0.034273 -0.053475 0.14867
-0.06706 0.068554 0.059171
-0.068199 0.000288 -0.007281
0.066759 0.030468 -0.007258
0.006782 0.09218 0.141789
-9e-05 -0.060433 0.11972
-0.081322 -0.003257 0.049364
-0.083461 0.006253 0.126871
0.074019 0.010165 0.010248
0.010068 0.090114 0.103626
-0.059716 -0.044181 0.044503
0.003797 -0.060097 0.045843
0.009585 -0.059237 0.008144
-0.081253 0.017945 0.15037
-0.055193 0.029559 -0.001799
0.063062 0.046135 0.009066
0.042656 0.078465 0.15037
0.073162 0.004376 0.12199
0.025574 -0.047768 0.023954
-0.048988 -0.066164 0.124865
0.042812 -0.037871 0.141789
-0.084399 0.015956 0.134879
-0.0789 0.030774 0.146215
-0.061894 0.074399 0.000909
0.029898 -0.05252 0.034619
0.073775 0.029623 0.084946
-0.028045 -0.053782 0.15037
-0.078984 -0.075891 0.103827
-0.041614 0.089449 0.124375
0.043162 -0.044342 0.062147
0.068062 0.050242 0.006141
0.003085 0.091881 0.015454
-0.069278 0.020329 -0.007284
-0.064957 -0.029285 0.150607
-0.01761 -0.059565 0.038181
0.036692 0.086587 0.093833
-0.080756 -0.005124 0.11972
0.062674 0.060621 0.129469
0.047684 -0.040629 0.081724
-0.060672 0.0401 -0.007284
0.043126 0.082176 0.049364
-0.065197 -0.016272 -0.00044
-0.047909 0.078256 0.009066
-0.084183 0.0257 0.091035
-0.002084 0.098338 0.032639
0.057058 0.068589 0.129469
-0.06826 0.067016 0.12199
0.013908 0.090674 0.141789
0.065239 -0.003322 0.135456
-0.042943 -0.05238 0.125464
0.064847 -0.003195 0.009066
-0.069421 0.065448 0.045843
0.074332 0.014053 0.134879
-0.080909 0.002808 0.149955
-0.065378 0.060311 0.126964
0.004979 0.092438 -0.007196
-0.045031 0.087567 0.041335
0.054575 -0.033733 0.02618
0.067271 0.052025 0.056371
0.049096 0.077155 0.117573
0.072355 0.000559 0.100827
0.06808 -0.012393 0.010248
-0.077022 0.032298 0.009066
-0.017667 -0.059524 0.021605
-0.044797 -0.061716 0.11987
-0.040576 -0.052009 0.010204
0.058286 -0.029209 0.004258
0.054545 0.071574 0.084946
0.02273 -0.055596 0.045843
0.047801 -0.027747 -0.007258
-0.005985 0.098384 0.12199
-0.083987 0.010119 -0.004903
0.072773 0.035388 -0.004903
0.054545 0.071574 0.104335
0.0637 -0.021102 0.10736
-0.071627 0.062231 0.039826
-0.038108 0.091161 0.081724
0.070782 0.042931 0.038223
0.062415 0.002917 -0.007281
-0.027104 -0.057445 0.078675
0.066459 0.005607 0.004489
-0.00204 -0.060489 -0.006162
-0.017665 -0.059525 0.019287
0.026352 -0.054146 0.102668
0.027478 0.063845 -0.001798
-0.065566 -0.039542 0.04055
0.057711 -0.011618 -0.00044
-0.041597 -0.043955 0.089844
-0.011431 0.093486 0.146215
0.007663 -0.059572 0.032639
-0.052796 0.081704 0.144956
-0.07697 -0.055577 0.122142
0.073495 0.006298 0.084946
0.024507 0.092716 0.102668
0.061011 -0.013285 0.015454
-0.019558 0.097044 0.075105
-0.046704 0.086563 -0.003028
-0.005976 0.098084 -0.006577
0.033321 0.088551 0.093833
0.04156 -0.039132 -0.007196
-0.077767 0.026953 0.126964
-0.025267 0.09576 0.004258
-0.066627 -0.03098 0.03048
0.074019 0.010165 0.047516
0.066437 0.053788 0.11972
-0.045866 0.049936 -0.001799
0.061629 0.062269 0.032639
-0.042611 -0.050941 0.014343
-0.077238 -0.014212 0.107385
-0.028965 -0.05689 0.052111
-0.038698 -0.052542 0.142681
0.041559 0.083338 0.019287
0.039963 0.084461 0.102668
0.04152 -0.042186 -0.007075
0.064639 0.057251 0.053782
0.072782 0.002463 0.049364
0.013358 0.096245 0.036486
0.064639 0.057251 0.091035
-0.046435 -0.057834 0.125076
0.06881 0.048439 0.102668
0.073488 0.031553 0.036486
0.045601 0.07906 0.146973
0.044664 0.080976 0.115556
0.059419 0.065484 0.132156
-0.030859 0.09404 0.134879
-0.064579 -0.067336 0.059855
-0.029416 -0.056546 0.03051
-0.026052 0.091466 0.148991
0.043162 -0.044342 0.04429
0.033361 -0.050722 0.038223
0.073775 0.029623 0.038223
-0.01871 0.092496 0.146215
0.0637 -0.021102 0.034619
-0.041925 -0.001879 -0.007284
-0.075504 -0.017724 0.038176
0.017853 -0.05312 0.148991
0.074206 0.025746 0.049364
0.017174 -0.057433 -0.004042
0.053266 -0.035179 0.010248
-0.053005 0.063639 -0.001396
-0.0567 -0.078535 0.05822
-0.015661 -0.059864 0.071761
0.06808 -0.012393 0.047516
0.073154 0.033475 0.105881
-0.02364 -0.058216 0.021605
-0.048352 0.085519 0.115556
-0.056181 0.07971 0.104335
0.011454 0.096672 0.111934
-0.081117 0.023558 0.15037
-0.004034 0.098385 0.006141
-0.070215 -0.025645 0.049948
0.07435 0.0238 0.084946
-0.039711 -0.052943 0.108425
0.066457 -0.015941 0.036486
-0.030866 0.09406 0.006141
-0.083532 0.015988 0.146973
-0.054331 -0.042786 0.046956
-0.067311 -0.080077 0.110452
0.062697 -0.022776 0.113674
0.066365 0.03587 0.023954
-0.084468 0.017905 0.045843
-0.081908 -0.06323 0.080513
0.066499 0.045498 0.15037
0.051921 -0.036593 0.021605
0.026352 -0.054146 -0.004903
0.034576 -0.033064 -0.001396
0.022687 0.093418 -0.004042
-0.029008 0.094652 0.134879
0.036731 -0.048757 -0.005609
-0.063747 -0.030754 0.150607
0.011909 -0.052151 0.047292
-0.078035 -0.012435 0.000909
0.020893 -0.056253 0.008144
-0.050476 -0.049241 0.127609
0.063647 0.058931 -0.006162
-0.005939 -0.060579 0.016973
0.05644 -0.021039 0.009066
0.024507 0.092716 -0.004903
-0.065822 0.070062 0.068485
-0.011186 -0.053504 0.004489
-0.082157 0.000553 0.1402
0.028552 -0.045694 0.103626
0.017174 -0.057433 0.012434
-0.064496 0.071494 0.137581
-0.023699 0.089817 0.023954
0.058286 -0.029209 0.075105
-0.042637 -0.056989 0.041952
-0.06706 0.068554 0.05144
-0.050203 -0.046462 0.017434
0.059937 0.043057 -0.007281
0.039963 0.084461 -0.004903
0.063191 0.044268 0.089844
-0.049974 0.084435 0.111934
-0.064581 -0.033473 0.114499
-0.009838 -0.060436 -0.000551
0.071882 -0.001333 0.12199
-0.055833 0.070984 0.075459
0.06558 -0.017684 0.036486
0.018804 0.088122 0.034718
-9e-05 -0.060433 0.098756
0.06881 0.048439 -0.004903
0.035058 -0.04976 0.041335
0.044664 0.080976 0.000909
0.074014 0.027687 0.129469
-0.065512 -0.032494 0.004258
-0.052462 0.072526 0.001421
-0.013033 -0.053846 0.034718
-0.067985 -0.028538 0.106543
-0.060482 -0.038005 -0.004903
-0.082722 0.035337 -0.006162
-0.032703 0.093402 0.129469
0.068927 0.007032 0.146215
-0.079501 0.046577 0.056371
0.013358 0.096245 0.056371
0.028094 0.09118 0.078432
-0.080769 0.042887 0.117573
-0.061894 0.074399 0.039826
-0.004034 0.098385 0.014682
-0.060515 0.075779 0.000909
0.05066 0.065753 0.089844
-0.045162 -0.050115 0.129835
-0.035617 0.051858 -0.001798
-0.053067 -0.047646 0.127692
-0.069652 -0.078874 0.110719
0.053266 -0.035179 0.047516
0.022687 0.093418 0.012434
0.071362 -0.003214 0.084946
-0.03591 0.091026 -0.006875
-0.066445 -0.031153 0.028375
0.005688 0.09767 0.12199
0.053865 -0.030552 -0.007075
0.008119 -0.051507 0.001421
-0.076314 0.035821 0.009066
-0.080756 -0.005124 0.098756
0.031682 -0.043972 0.075459
0.07017 0.044783 0.056371
-0.064549 0.066546 0.15037
0.02631 0.09197 0.115556
0.065384 0.011242 -0.007258
-0.048352 0.085519 0.000909
0.013358 0.096245 0.065263
0.055849 -0.032256 0.010248
-0.036325 0.091952 0.10736
-0.029014 0.094672 0.12199
0.007618 0.097385 0.113674
0.041559 0.083338 0.088061
0.072277 0.037275 0.137581
-0.021651 0.082055 -0.001396
0.05503 0.01077 -0.001748
0.059421 0.065485 0.084946
0.073488 0.031553 0.065263
-0.083987 0.010119 0.129469
-0.078154 -0.073777 0.110504
0.066906 0.039774 0.146215
0.072773 0.035388 0.129469
0.003153 -0.054305 0.135456
0.063677 0.058948 0.096418
0.046207 -0.041903 0.041335
-0.051553 -0.071094 0.116596
0.073325 0.031527 0.1402
-0.081843 -0.001377 0.028403
0.071349 0.041064 0.034619
0.023671 0.08581 0.075459
-0.00433 0.070224 -0.001799
-0.083992 0.027642 -0.004042
0.001272 0.091828 0.034718
0.029858 0.090347 0.021605
0.07435 0.0238 0.038223
0.045878 -0.002932 -0.007284
-0.081843 -0.001377 0.002512
-0.063988 0.061524 0.103626
0.001811 0.098099 0.115556
-0.025268 -0.05111 0.061074
-0.039871 0.090326 0.110332
-0.036789 -0.028732 -0.001799
-0.084419 0.015955 0.126871
0.001856 -0.060287 0.132156
-0.047659 0.074955 -0.007258
-0.060359 0.070312 0.148991
-0.048378 -0.065991 0.124558
-0.066062 -0.031727 0.114809
-0.013725 -0.060102 -0.004903
-0.063873 -0.03276 0.100774
-9e-05 -0.060433 0.028403
0.07303 0.014132 0.14867
-0.063546 -0.034991 0.035762
-0.054023 -0.074893 0.046935
0.024015 0.086612 0.135456
-0.036284 -0.054165 0.082741
-0.061993 -0.07017 0.06508
-0.007935 0.098336 0.019287
0.054575 -0.033733 0.045843
0.050884 0.065942 0.047292
0.013402 -0.058428 0.068485
-0.054756 -0.075373 0.046107
-0.028958 -0.056841 -0.006162
0.028118 -0.053318 -0.006162
-0.055796 -0.04144 0.057704
-0.077762 0.010811 0.126964
-0.050449 -0.047376 0.046392
0.066457 -0.015941 0.065263
-0.003664 0.078515 -0.001798
0.065559 0.05553 0.019287
-0.057432 -0.079849 0.073974
-0.057611 0.078383 0.137581
-0.067276 -0.026258 0.150607
0.047684 -0.040629 0.10736
-0.084179 0.012061 -0.001864
0.072704 0.035374 0.137581
-0.065228 -0.083977 0.088416
0.041559 0.083338 0.042806
-0.081322 -0.003257 0.002512
0.070796 -0.005081 -0.004042
0.057421 0.055442 -0.007258
-0.080756 -0.005124 0.028403
-0.075057 0.055233 0.144956
-0.017302 0.095302 -0.007075
0.074495 0.01795 0.038223
-0.07173 -0.069822 0.032225
-0.070544 0.063853 0.113674
0.061627 0.062267 0.132156
-0.083992 0.027642 0.012434
-0.083468 0.031508 0.096418
-0.000417 0.093625 0.146215
0.033361 -0.050722 0.105881
0.073775 0.029623 0.105881
-0.070282 -0.047953 0.124589
0.065547 -0.017666 -0.006162
0.07187 0.039184 0.021605
-0.065822 0.070062 0.036486
0.07421 0.012106 -0.005609
-0.058715 -0.039605 0.006137
0.061599 0.049421 0.009066
-0.043356 -0.0507 -0.000551
-0.02368 -0.052106 0.015454
0.02631 0.09197 0.000909
-0.067717 0.064217 -0.007075
0.058259 0.067052 0.041335
-0.038108 0.091161 0.10736
0.001275 -0.053569 0.089844
0.055849 -0.032256 0.047516
0.04833 0.06846 0.004489
0.074495 0.019901 0.098756
-0.026216 -0.042864 -0.001396
-0.023557 0.089279 0.103626
0.06558 -0.017684 0.065263
0.060571 -0.026047 -0.004042
0.070782 0.04293 0.059171
-0.053085 -0.04438 -0.000551
0.029898 -0.05252 0.019287
0.018997 0.094686 0.016973
-0.015528 0.096352 0.14867
0.020259 -0.036737 -0.001748
0.067815 0.014452 0.1162
-0.046706 -0.048751 -0.000551
0.041595 -0.045505 0.108826
-0.051556 0.083294 0.134879
0.063158 0.040695 -0.007258
0.001811 0.0981 0.068485
-0.0788 0.048397 0.016973
0.057086 -0.030748 0.12199
-0.083679 0.008193 0.137581
-0.07267 0.060582 0.036486
-0.009883 0.09824 0.098756
0.036036 -0.047629 0.14867
-0.077238 -0.01421 0.044261
0.070796 -0.005081 0.012434
-0.044637 -0.042083 0.089844
-0.084183 0.0257 0.088061
0.011498 -0.058856 0.12199
0.026352 -0.054146 0.129469
0.0447 -0.043141 0.006141
0.06729 -0.014177 0.108826
0.029858 0.090347 0.010248
0.024507 0.092716 0.129469
-0.082755 0.035344 0.023909
0.067271 0.052025 0.111934
-0.07643 0.053747 0.038223
0.070185 -0.006933 0.006141
0.017438 0.061312 -0.001799
0.064825 -0.003191 0.126964
-0.053669 -0.051945 0.045836
-0.077761 -0.006156 0.150607
0.057086 -0.030748 -0.003028
0.046172 0.079739 0.023909
-0.023614 -0.058234 0.016973
0.066261 0.002005 0.126964
0.068062 0.050242 0.104335
0.017174 -0.057433 0.008144
-0.005849 0.090324 0.001421
-0.065789 -0.032294 -0.004042
-0.015671 -0.059857 0.004258
-0.07257 -0.02287 0.004258
0.019041 -0.056866 -0.005609
0.02273 -0.055596 0.034619
-0.060572 -0.025642 0.001421
0.015725 0.034671 -0.007284
0.073495 0.006298 0.105881
0.039963 0.084461 0.129469
0.00658 0.090918 0.1162
-0.019558 0.097044 0.124375
-0.002084 0.098338 0.014682
0.056745 0.059089 0.135456
-0.063239 0.072986 -0.004042
-0.06706 0.068554 -0.000551
0.060571 -0.026047 0.012434
0.001772 -0.059189 -0.006875
0.004843 0.091433 0.034718
-0.013725 -0.060102 0.096454
-0.018736 -0.054633 -0.007196
0.074448 0.016 0.023909
-0.038108 0.091161 0.034619
-0.077039 -0.009935 0.149955
-0.077598 0.034254 0.141789
-0.055054 0.075492 0.148991
-0.083748 0.008183 0.041335
-0.030823 -0.056268 -0.005609
0.067315 0.010906 0.089844
-0.05463 0.03193 -0.001799
0.074446 0.021852 -0.001864
0.041559 0.083338 0.100827
-0.054952 -0.045097 0.022487
0.074495 0.019901 0.028403
-0.036178 -0.05391 -0.006577
-0.075553 0.05549 -0.005609
-0.01377 0.097904 0.004258
0.074495 0.019901 0.002512
0.037643 -0.040039 0.089844
-0.036368 0.069799 -0.007284
-0.082585 -0.067109 0.111668
-0.025535 -0.05774 0.030531
0.037166 0.069205 -0.001396
0.022687 0.093418 0.008144
-0.078034 -0.012433 0.044282
0.051889 0.074432 0.113674
-0.066277 0.067908 -0.006875
0.073162 0.004376 0.023909
-0.009883 0.09824 0.028403
0.031641 -0.051642 0.006141
-0.073316 0.05433 0.150607
-0.003988 -0.060578 0.096418
-0.039601 0.052117 -0.001799
-0.060515 0.075779 0.039826
-0.079519 0.008702 -0.007196
0.064639 0.057251 0.088061
0.032623 0.070968 -0.001748
0.017174 -0.057433 0.126871
-0.052824 -0.043986 0.103158
0.044664 0.080976 0.117573
-0.056947 -0.039873 0.048044
-0.082755 0.035344 0.059171
0.050922 0.059275 -0.00044
0.009422 -0.058365 0.146973
-0.007888 -0.060499 -0.006162
0.061973 0.049596 0.135456
-0.075867 0.03756 0.009066
0.007663 -0.059572 0.014682
0.046172 0.079739 0.059171
-0.044661 -0.042118 0.103626
-0.084421 0.021806 -0.001864
-0.063239 0.072986 0.012434
-0.04501 -0.042655 0.015454
-0.048352 0.085519 0.039826
-0.064311 -0.033588 -0.006577
0.067844 0.036221 0.146215
-0.011804 0.09777 -0.006577
-0.041806 -0.047883 0.15037
0.016805 -0.049242 -0.007258
0.033348 0.029019 -0.007284
0.070185 -0.006933 0.014682
0.058508 0.015275 -0.001748
-0.041614 0.089449 -0.004042
0.061629 0.062269 0.014682
0.032727 -0.045764 0.146215
-0.078782 -0.010633 0.030561
0.0637 -0.021102 0.019287
-0.043938 0.082077 0.141789
-0.036299 -0.054152 -0.003028
-0.084326 0.023755 0.126871
0.07435 0.0238 0.105881
-0.005939 -0.060579 0.032639
0.046169 0.060015 -0.001396
0.067878 -0.010229 -0.006875
-0.065822 0.070062 0.065263
0.074448 0.016 0.059171
-0.002093 0.098075 -0.006577
-0.078783 -0.010633 0.038223
-0.04664 -0.064868 0.122095
0.064173 0.052682 0.150607
0.029858 0.090347 0.047516
-0.021652 0.082061 -0.007281
-0.071837 -0.009776 0.089844
-0.042405 0.062266 -0.001799
-0.077264 0.051983 -0.005609
0.05582 0.070097 0.062147
0.056785 0.018927 -0.007284
-0.00749 0.089645 -0.007258
0.015294 -0.057953 0.000909
-0.080769 0.042887 0.11972
-0.077681 0.02156 0.089844
-0.063309 -0.06786 0.027368
0.040001 -0.046628 0.129469
0.011454 0.096672 0.110332
-0.054673 0.080948 0.115556
0.003797 -0.060097 0.091035
0.035503 -0.043295 0.141789
0.043126 0.082176 -0.004042
-0.056047 -0.043957 0.128194
-0.074517 -0.019508 0.030551
-0.057947 -0.040651 0.13141
0.023376 -0.035214 -0.001748
-0.007935 0.098336 0.042806
-0.05081 -0.047115 0.022104
0.038341 0.085544 0.104335
0.038379 -0.047713 0.093833
0.073162 0.004376 0.059171
-0.07267 0.060582 0.065263
0.029898 -0.05252 0.088061
-0.051493 0.079992 -0.007075
0.062432 0.056035 0.150607
0.058286 -0.029209 0.124375
0.065559 0.05553 0.042806
0.007618 0.097385 0.093833
-0.014858 0.091428 0.034718
-0.029003 0.094636 -0.006162
-0.026925 0.07181 -0.001799
0.026207 -0.049149 0.146215
0.009541 0.097052 0.000909
-0.081843 -0.001377 0.102668
-0.041614 0.089449 0.012434
-0.076423 -0.068312 0.036047
0.005733 -0.059858 0.108826
-0.039871 0.090326 -0.003028
-0.013049 -0.053994 0.023954
-0.083992 0.027642 0.008144
-0.074608 -0.019447 -0.001864
-0.004034 0.098385 0.104335
-0.030866 0.09406 0.104335
0.064572 0.044781 0.141789
-0.069421 0.065448 0.091035
0.06883 0.04036 -0.007075
0.011801 0.089682 0.089844
0.074353 0.014052 0.071777
-0.008019 -0.040646 -0.001798
-0.082616 -0.063066 0.065751
-0.038891 -0.054247 0.117844
0.035019 0.08759 0.038223
0.051921 -0.036593 0.053782
-0.079486 -0.008813 0.05144
0.054218 -0.023864 0.047292
0.051921 -0.036593 0.091035
0.071362 -0.003214 0.105881
0.068681 0.04631 -0.006875
-0.049974 0.084435 0.110332
-0.078083 -0.062409 0.065162
0.000216 -0.036097 -0.001799
0.051988 -0.028936 -0.007196
0.043126 0.082176 0.012434
0.001856 -0.060289 0.068485
0.02975 -0.052216 -0.006577
-0.005869 -0.052711 0.001421
0.02631 0.09197 0.039826
0.013402 -0.058428 0.056371
0.027112 0.084717 0.126964
-0.072531 -0.022692 0.107828
0.018955 0.088562 0.135456
-0.03678 -0.05374 0.02626
-0.070379 0.052807 0.135456
0.059421 0.065485 0.105881
-0.019558 0.097041 0.132156
-0.073578 -0.021194 0.006141
-0.079501 0.046577 0.111934
-0.07354 0.052338 0.15037
0.013358 0.096245 0.111934
0.070796 -0.005081 0.008144
0.072782 0.002463 -0.004042
-0.037941 -0.011728 -0.001798
0.073488 0.031553 0.111934
-0.049799 -0.046458 0.101585
0.028135 -0.053355 0.068485
-0.045622 -0.060159 0.030709
-0.083466 0.031508 0.132156
-0.002059 -0.059971 0.144956
-0.077962 0.010789 0.015454
0.05582 0.070097 0.04429
0.059448 -0.027642 0.129469
-0.077234 -0.014225 0.117576
0.065004 0.041099 0.015454
-0.068548 -0.043599 0.122877
-0.054673 0.080948 0.000909
0.022384 0.065897 -0.001799
-0.043334 0.088529 0.062147
-0.070483 -0.02611 -0.000551
0.074206 0.025746 -0.004042
0.071349 0.041064 0.019287
0.048951 -0.039126 -0.006577
0.047123 -0.031914 0.075459
-0.080116 -0.061894 0.065455
-0.007935 0.098336 0.100827
0.060571 -0.026047 0.008144
0.034935 0.087446 0.1402
0.074415 0.016001 -0.006162
-0.049974 0.084435 -0.001864
0.067269 0.052024 0.132156
-0.050972 -0.051442 0.045699
-0.081843 -0.001377 -0.004903
0.065559 0.05553 0.100827
0.001579 -0.057086 0.15037
0.066578 -0.009732 -0.007075
-0.066698 -0.042014 0.122992
-0.039165 -0.05482 0.039246
0.060831 0.04695 -0.007258
0.068964 0.01078 -0.007196
-0.073673 0.058908 0.126871
0.060415 0.050847 0.075459
-0.042831 0.029496 -0.001798
-0.011949 0.069753 -0.001799
0.014345 -0.033058 -0.001798
0.062513 0.056122 -0.007075
-0.063948 -0.034182 0.008142
-0.05459 -0.043204 0.000909
-0.067814 -0.029547 0.008144
0.022227 0.087009 0.023954
0.0603 0.063716 -0.006577
0.018997 0.094686 0.032639
0.064661 -0.019404 0.038223
-9e-05 -0.060433 -0.004903
-0.033226 0.068733 -0.001799
-0.0788 0.048397 0.032639
0.059199 0.016558 -0.001748
0.044964 0.078302 0.149955
0.003118 -0.053989 0.023954
-0.021472 0.096662 0.10736
-0.082278 0.000525 -0.006162
-0.084468 0.017905 0.053782
0.074206 0.025746 0.012434
-0.068457 -0.048574 0.028032
0.02339 0.07438 -0.001748
-0.005869 -0.054751 0.135456
-0.084468 0.017905 0.091035
-0.082755 0.035344 0.05144
-0.078579 0.00518 0.146215
-0.041766 -0.055699 0.115363
-0.077559 0.028738 0.009066
-0.063239 0.072986 0.008144
-0.061894 0.074399 0.010248
0.043162 -0.044342 0.104335
0.046172 0.079739 0.05144
0.005688 0.09767 0.023909
-0.083133 0.03343 0.132156
-0.047292 -0.04839 0.138154
0.046066 0.079612 0.1402
0.013358 0.096245 0.030561
-0.036001 -0.054556 0.039693
0.073154 0.033475 0.02618
-0.080756 -0.005124 -0.004903
-0.057142 -0.039989 0.096127
-0.048237 -0.030038 -0.001396
0.073488 0.031553 0.030561
0.0637 -0.021102 0.042806
-0.073648 -0.021143 -0.003028
-0.051362 -0.045293 0.142815
0.023882 -0.04839 0.126964
0.074495 0.019901 0.102668
-0.013726 -0.060102 0.105907
0.062431 -0.009973 0.023954
0.074448 0.016 0.05144
0.043505 0.017131 -0.007284
-0.002084 0.098338 0.084946
0.001568 0.095705 -0.007075
-0.080611 0.042837 0.1402
-0.069891 -0.021141 0.15037
0.069528 -0.00877 0.068485
-0.07365 0.044407 0.009066
0.036731 -0.048757 0.021605
0.02085 0.094074 0.126871
-0.064094 -0.034075 0.00614
-0.043683 -0.058449 0.123604
0.044507 0.072212 0.089844
0.0316 0.08947 0.113674
-0.009883 0.09824 0.102668
-0.070101 -0.026386 0.012434
0.001856 -0.060289 0.036486
0.07187 0.039184 0.053782
-0.028734 0.087867 0.1162
-0.043334 0.088529 0.04429
0.07187 0.039184 0.091035
-0.042093 -0.052969 0.111228
0.015294 -0.057953 0.039826
0.050542 -0.037973 0.081724
-0.083127 0.004331 0.04429
0.073162 0.004376 0.05144
-0.051013 -0.044813 -0.006875
0.055008 -0.022232 0.089844
-0.065883 -0.045249 0.042501
-0.025223 -0.057966 0.046625
0.073772 0.029623 0.132156
-0.063239 0.072986 0.126871
-0.050019 -0.069703 0.04155
0.056102 0.05867 0.061074
-0.082329 0.037247 0.038223
0.066457 -0.015941 0.030561
-0.033825 0.090956 0.149955
-0.000135 0.098243 0.096418
-0.051321 -0.045235 0.049472
-0.046493 -0.056804 0.043549
-0.062505 -0.032189 0.150607
0.02547 -0.034838 -0.007284
-0.041614 0.089449 0.008144
0.068791 -0.010577 -0.006162
-0.0582 -0.080532 0.07384
0.028135 -0.053355 0.036486
-0.045021 0.087549 0.134879
-0.062158 -0.026884 0.009066
0.005688 0.09767 0.059171
0.04278 0.075705 0.141789
0.067271 0.052025 0.110332
0.04513 0.072884 0.135456
-0.027147 0.095239 0.126871
0.064378 -0.019249 0.142678
-0.036326 -0.026724 -0.007284
0.02273 -0.055596 0.019287
0.009541 0.097052 0.039826
0.062656 0.06061 0.134879
0.058336 0.060125 0.148991
-0.009838 -0.060436 0.002512
-0.037109 0.084671 0.034718
-0.055873 -0.041743 0.045906
-0.007878 -0.060208 0.142678
0.007663 -0.059572 0.084946
-0.066254 0.065491 0.150607
0.011454 0.096672 -0.003028
-0.075926 -0.061659 0.059186
-0.039853 0.090288 -0.006162
0.024542 -0.054874 0.134879
-0.000475 -0.054182 0.126964
-0.038108 0.091161 0.019287
-0.077237 -0.014208 0.104369
-0.058486 -0.079705 0.056829
-0.079486 -0.008813 -0.000551
0.070185 -0.006933 0.084946
-0.015436 0.095484 -0.007075
0.071349 0.041064 0.088061
0.061629 0.062269 0.084946
0.058374 -0.026866 0.14867
0.068556 0.048334 -0.006577
-0.005901 -0.057364 0.15037
0.0447 -0.043141 0.104335
0.043126 0.082176 0.008144
0.072345 0.037291 0.004258
0.057056 0.068588 0.132156
-0.050424 -0.037903 0.089844
0.054545 0.071574 -0.005609
-0.061894 0.074399 0.047516
0.018672 0.087737 0.075459
0.03732 -0.010155 -0.001799
0.031343 0.088974 0.144956
-0.057433 -0.074383 0.07215
-0.038714 -0.054299 0.11473
0.067606 0.010874 0.047292
-0.055883 -0.012478 -0.007284
-0.063926 -0.034397 0.116383
0.06558 -0.017684 0.030561
-0.060771 -0.037808 0.11176
0.04765 0.078465 0.113674
-0.083579 -0.070007 0.104701
0.062306 0.047772 0.126964
0.050509 0.075811 0.096418
-0.062851 -0.036203 0.114759
0.074495 0.019901 -0.004903
0.062638 -0.022739 0.137581
0.060545 0.063891 0.12199
0.051286 -0.035973 0.146973
0.054575 -0.033733 0.053782
-0.043363 -0.052607 0.02487
0.0637 -0.021102 0.100827
-0.02898 -0.056872 -0.003028
0.054575 -0.033733 0.091035
-0.017633 0.097357 0.134879
-0.069565 0.052385 0.089844
-0.060501 0.075764 0.134879
-0.083584 0.008205 0.1402
-0.079929 -0.075589 0.057126
0.051921 -0.036593 0.078432
-0.079319 0.044451 0.146973
-0.009883 0.09824 -0.004903
-0.072971 -0.08132 0.095863
-0.049974 0.084435 -0.003028
-0.053135 0.082148 0.113674
-0.054673 0.080948 0.039826
0.011498 -0.058856 0.023909
0.020183 0.025545 -0.007284
-0.048074 -0.022314 -0.001798
0.038566 -0.041411 -0.007196
0.051029 0.066063 0.126964
-0.075535 0.055481 0.134879
0.071349 0.041064 0.042806
0.036731 -0.048757 0.010248
-0.042675 -0.045777 0.146215
-0.061776 -0.037967 0.027386
-0.052663 0.078438 0.15037
-0.082313 -0.063221 0.111897
0.007426 0.046024 -0.001798
0.031641 -0.051642 0.104335
-0.083828 0.027624 0.1402
0.074019 0.010165 0.041335
0.070988 -0.001087 -0.006875
-0.082377 0.031344 -0.006875
-0.034944 -0.054925 0.111512
0.047678 -0.018001 -0.007284
-0.080143 -0.006976 -0.001864
-0.071761 -0.056658 0.027752
-0.077098 0.030485 0.047292
-0.054673 0.080948 0.117573
-0.070956 -0.046546 0.039732
-0.018892 0.078399 -0.001748
0.003797 -0.060097 0.088061
0.040909 -0.038407 0.015454
0.069528 -0.00877 0.036486
-0.013336 0.093999 0.148991
0.018351 0.025061 -0.001798
0.001856 -0.060289 0.065263
-0.063037 -0.035192 0.026395
0.058995 -0.027315 0.144956
0.071594 0.029353 -0.007075
-0.051567 0.083309 0.132156
0.064661 -0.019404 0.105881
0.063677 0.058948 0.016973
-0.028827 0.088138 0.126964
-0.056181 0.07971 -0.005609
0.07421 0.012106 0.021605
-0.077959 -0.010303 0.146973
0.01525 0.095771 0.014682
0.045934 -0.033253 0.061074
-0.082746 0.002418 0.115556
-0.0323 -0.055835 0.106856
0.069823 0.02168 0.146215
0.065998 0.02683 0.001421
0.057086 -0.030748 0.059171
0.033361 -0.050722 0.02618
0.042807 0.046828 -0.007284
-0.045358 0.074812 -0.00044
0.072355 0.000559 0.006141
-0.074851 -0.053795 0.123956
0.073775 0.029623 0.02618
0.06808 -0.012393 0.041335
0.065559 0.05553 0.016973
0.036561 -0.048482 0.142678
0.074206 0.025746 0.008144
-0.081322 -0.003257 0.129469
0.009585 -0.059237 0.113674
0.061629 0.062269 0.038223
-0.049913 -0.068809 0.118622
0.069357 0.046562 0.1402
-0.082755 0.035344 -0.000551
-0.052217 0.077881 0.148991
-0.073057 0.050058 0.146215
-0.017591 -0.059578 0.078464
0.011498 -0.058856 0.059171
0.028135 -0.053355 0.065263
-0.069421 0.065448 0.088061
-0.015631 0.097111 0.144956
-0.06394 -0.036313 0.117612
-0.056636 -0.068306 0.105106
-0.021427 -0.058866 0.101276
-0.055833 -0.076427 0.095839
-0.015041 -0.055279 0.146215
0.02273 -0.055596 0.088061
-0.01377 0.097904 0.124375
-0.042129 -0.05089 0.142731
-0.054459 -0.042919 0.082372
0.058439 -0.013942 0.001421
-0.060478 -0.038007 -0.004042
-0.027584 -0.052462 0.146215
0.067794 0.018031 0.075459
-0.065822 0.070062 0.030561
-0.031521 -0.047411 0.001421
0.004939 0.077653 -0.007284
0.071002 0.025469 0.15037
0.07435 0.014052 0.132156
-0.049812 -0.046479 0.053043
-0.06226 0.046553 -0.001748
0.013402 -0.058428 0.111934
-0.071974 -0.009835 0.061074
-0.067508 -0.029763 0.1244
0.036731 -0.048757 0.047516
-0.083468 0.031508 0.016973
0.019041 -0.056866 0.021605
-0.023375 0.096234 0.075105
-0.057657 0.078435 0.075105
-0.076742 0.034072 0.023954
-0.079501 0.046577 0.110332
0.013358 0.096245 0.110332
-0.058961 0.074225 -0.007075
0.06925 0.038492 -0.007075
0.001694 -0.058418 0.149955
-0.034236 -0.003364 -0.001798
0.073488 0.031553 0.110332
0.071349 0.041064 0.100827
0.050812 -0.025685 0.001421
-0.070323 -0.045508 0.122397
-0.039871 0.090326 0.023909
0.073154 0.033475 0.045843
-0.064548 0.07154 0.081724
-0.07267 0.060582 0.030561
-0.083127 0.004331 0.108826
-0.083754 0.029578 0.068485
-0.036001 -0.0542 0.030499
-0.078782 -0.010633 0.12199
-0.06706 0.068554 0.028403
-0.021535 -0.050869 0.001421
0.073495 0.006298 0.02618
-0.074848 0.021456 -0.00044
0.072355 0.000559 0.014682
-0.055802 -0.073815 0.100148
-0.06706 0.068554 0.002512
0.005688 0.09767 0.05144
-0.047319 0.066366 -0.001748
-0.075553 0.05549 0.021605
-0.064068 -0.033948 0.038358
0.02273 -0.055596 0.042806
-0.054613 -0.043141 -0.006162
-0.071487 -0.007686 0.001421
-0.051166 -0.050148 0.127092
0.07187 0.039184 0.078432
-0.068412 -0.082617 0.058354
-0.015707 0.097665 0.049364
-0.062647 -0.034322 0.042259
0.053266 -0.035179 0.041335
0.0316 0.08947 0.093833
-0.076148 0.003817 0.089844
-0.017636 0.097378 0.041335
0.024721 -0.007351 -0.007284
-0.049882 -0.046578 0.075107
0.061196 -0.011388 0.103626
-0.038108 0.091161 0.042806
-0.021933 -0.052545 0.015454
0.06728 0.007297 0.034718
-0.057873 -0.064426 0.049062
-0.009482 -0.054618 0.135456
-0.074634 0.057211 0.126871
0.024398 -0.045496 -0.007258
-0.073499 -0.021243 0.119737
-0.081335 0.04102 0.096418
-0.059545 -0.039274 0.023279
0.001811 0.0981 0.111934
-0.046704 0.086563 -0.000551
-0.076409 -0.015983 -0.001864
-0.022631 0.093106 0.15037
0.025318 0.089654 0.150607
-0.083135 0.03343 0.004258
0.069528 -0.00877 0.065263
-0.000544 0.091554 0.075459
-0.026924 0.08226 -0.001396
-0.079501 0.046577 -0.001864
-0.044443 -0.053901 0.043809
0.050542 -0.037973 0.10736
0.067271 0.052025 -0.003028
0.003752 0.097909 0.12199
-0.080756 -0.005124 0.068485
-0.021769 0.089527 0.004489
-0.039871 0.090326 0.059171
0.020796 0.093918 0.1402
-0.056817 -0.031528 -0.007258
0.003173 0.09267 0.141789
0.066132 0.053639 -0.006577
0.035037 0.080461 0.015454
-0.049203 -0.047755 0.132007
-0.082363 -0.064921 0.05592
-0.083459 0.006254 0.132156
-0.081855 0.03914 0.053782
-0.077264 0.051983 0.021605
-0.025267 0.09576 -0.004042
-0.084468 0.017905 0.088061
-0.074634 0.057211 0.038223
0.07017 0.044783 -0.001864
-0.081855 0.03914 0.091035
0.07435 0.0238 0.02618
-0.067437 0.057359 0.023954
-0.002084 0.098338 0.105881
0.009526 -0.058919 0.142678
-0.084096 0.015967 0.142678
0.051865 0.074407 -0.006162
-0.069152 -0.04398 0.039371
-0.084179 0.012061 0.071777
-0.014952 -0.054632 -0.007196
0.008613 -0.046019 -0.001396
-0.046991 0.080089 0.141789
-0.07147 -0.024276 0.082134
0.047669 0.046787 -0.007284
-0.083768 0.023721 0.144956
-0.035135 0.007687 -0.007284
-0.051321 -0.045235 0.101512
0.067913 0.014446 0.047292
-0.083461 0.006253 0.081724
0.069357 0.027248 -0.007196
0.011973 0.08377 -0.001396
-0.044097 -0.056129 0.124378
0.071645 0.023633 -0.007075
-0.007696 0.091888 0.047292
0.045696 -0.010616 -0.007284
0.025521 0.08556 0.009066
-0.021472 0.096662 0.096418
-0.07639 -0.015953 0.098854
-0.003988 -0.060578 0.016973
0.019041 -0.056866 0.010248
-0.030879 0.063218 -0.001799
0.028094 0.09118 0.062147
-0.05824 -0.038508 0.04738
0.054575 -0.033733 0.078432
0.062697 -0.022776 0.096418
-0.065311 -0.032239 0.111727
-0.055129 -0.041037 0.14867
0.020893 -0.056253 0.113674
0.018711 -0.049884 0.004489
0.065723 0.002132 -0.007258
-0.062239 -0.029322 0.146215
0.050542 -0.037973 0.034619
0.074495 0.01795 0.02618
-0.01377 0.097901 0.132156
-0.046461 -0.041585 0.023954
0.070782 0.042931 0.081724
-0.025267 0.09576 0.012434
0.066437 0.053788 0.068485
0.007663 -0.059572 0.105881
-0.077229 -0.01423 0.126871
-0.050117 -0.00314 -0.007284
0.044609 -0.029564 -0.00044
-0.075553 0.05549 0.010248
0.070185 -0.006933 0.105881
0.054058 0.063854 -0.007196
0.061629 0.062269 0.105881
0.052323 0.064798 0.015454
-0.078054 0.0502 0.049364
0.055849 -0.032256 0.041335
0.046207 -0.041903 0.108826
-0.038108 0.091161 0.100827
-0.022744 0.093696 -0.007075
0.071641 0.006596 0.149955
-0.012988 -0.053441 0.103626
0.071362 -0.003214 0.02618
0.039103 -0.03901 0.075459
0.011498 -0.058856 0.05144
-0.084419 0.015955 0.113674
0.064885 0.007558 -0.007258
-0.053455 -0.035942 0.034718
-0.009838 -0.060436 -0.004903
-0.062469 0.058379 -0.00044
-0.007889 -0.060529 0.132156
0.068062 0.050242 -0.005609
-0.072811 -0.020747 0.146973
-0.075376 -0.063426 0.064994
-9e-05 -0.060433 0.036486
0.059421 0.065485 0.02618
-0.024576 0.093139 -0.007075
-0.062869 -0.034736 0.071203
-0.041632 -0.058066 0.039689
0.058729 -0.027123 -0.006875
-0.041172 -0.051699 0.135088
0.013726 -0.052011 0.023954
-0.017661 -0.059528 0.016973
-0.023051 0.071226 -0.007284
0.033361 -0.050722 0.081724
0.027885 0.075342 -0.001396
0.033361 -0.050722 0.045843
0.074376 0.021849 0.137581
-0.005695 -0.036446 -0.007284
-0.045423 -0.055204 0.112247
-0.070561 0.032882 -0.001396
0.047079 -0.018707 -0.001748
-0.077082 -0.057025 0.122672
-0.03494 -0.054941 0.110489
0.073775 0.029623 0.045843
-0.074102 -0.051642 0.043079
-0.051569 0.083311 0.004258
0.061157 -0.01137 0.089844
-0.062508 0.064913 0.135456
-0.011829 0.098096 0.115556
-0.0325 -0.055651 0.114428
0.067585 0.009068 0.009066
-0.083135 0.03343 0.075105
-0.011829 0.098096 0.071777
0.009585 -0.059237 0.093833
0.049632 0.065114 -0.007258
0.074446 0.021852 0.071777
0.026336 -0.054112 -0.006162
0.019041 -0.056866 0.047516
-0.005939 -0.060579 0.084946
0.054575 -0.033733 0.088061
-0.080756 -0.005124 0.036486
0.063677 0.058948 0.032639
0.074353 0.014052 0.11972
0.028094 0.09118 0.04429
-0.015661 -0.059864 0.08812
-0.072906 0.058462 0.146973
0.015294 -0.057953 0.010248
-0.05495 -0.045019 0.128321
-0.00227 -0.054271 0.126964
0.011454 0.096672 0.023909
0.065559 0.05553 0.032639
-0.01372 -0.060062 -0.006162
-0.057283 0.072469 0.146215
0.005688 0.09767 -0.000551
-0.053061 -0.044397 0.002512
0.058259 0.067052 0.108826
-0.075553 0.05549 0.047516
-0.05052 -0.06886 0.124231
0.036692 0.086587 0.075105
0.064639 0.057251 0.062147
0.023427 0.058238 -0.007284
0.060409 0.063797 0.1402
-0.06826 0.067016 0.049364
-0.032808 -0.055438 0.117955
-0.084421 0.021806 0.071777
-0.019558 0.097044 0.126871
-0.079501 0.046577 -0.003028
0.013358 0.096245 -0.003028
0.050266 0.015569 -0.007284
-0.0322 -0.049202 0.023954
0.073488 0.031553 -0.003028
-0.039682 -0.054598 0.035735
-0.084447 0.017905 0.134879
0.01525 0.095772 0.049364
-0.04542 -0.060728 0.124359
-0.074377 0.05488 0.14867
0.053235 0.073019 0.004258
-0.005985 0.098384 0.049364
-0.06582 0.070061 0.132156
0.066457 -0.015941 0.12199
0.073495 0.006298 0.045843
0.07017 0.044783 -0.003028
-0.074326 -0.003085 0.089844
0.062072 0.05372 0.148991
-0.083754 0.029578 0.056371
-0.069017 -0.027129 0.098369
-0.06706 0.068554 0.102668
-0.082746 0.002418 0.117573
-0.066942 -0.019297 0.103626
-0.070544 0.063853 0.096418
-0.077021 -0.060708 0.103797
-0.083468 0.031508 0.032639
0.028135 -0.053355 0.111934
-0.043214 -0.058514 0.123137
0.003836 -0.035831 -0.001798
-0.039871 0.090326 0.05144
-0.074142 -0.014879 0.150607
-0.00659 0.044885 -0.007284
-0.033742 -0.055311 0.038834
0.038341 0.085544 -0.005609
0.066437 0.053788 0.036486
-0.079486 -0.008813 0.098756
0.01713 0.095252 0.049364
-0.046704 0.086563 0.11972
-0.064548 0.07154 0.10736
0.011454 0.096672 0.059171
-0.072434 0.036606 -0.00044
-0.059714 0.067267 0.047292
-0.020156 -0.052852 0.023954
-0.01761 -0.059565 0.004258
-0.035278 -0.04728 0.075459
0.053211 0.072997 -0.006162
0.07421 0.012106 0.053782
-0.036325 0.091952 0.016973
-0.028657 0.054061 -0.007284
-0.029362 0.084424 -0.00044
0.07421 0.012106 0.091035
-0.068802 -0.054222 0.045999
0.038506 -0.041233 0.141789
-0.046598 0.082825 0.15037
0.025512 -0.047633 0.034718
-0.023331 -0.058439 0.085313
-0.083748 0.008183 0.108826
-0.06664 -0.040308 0.120171
-0.023375 0.096234 0.124375
-0.057657 0.078435 0.124375
-0.004034 0.098385 -0.005609
0.033321 0.088551 0.075105
-0.021613 -0.058708 0.134879
0.015024 0.094913 0.146973
-0.030866 0.09406 -0.005609
0.047437 -0.03222 0.126964
-0.03501 -0.054872 0.038715
0.072355 0.000559 0.104335
0.011955 -0.052357 0.009066
0.015294 -0.057953 0.047516
0.06558 -0.017684 0.12199
-0.005939 -0.060579 0.038223
0.041559 0.083338 0.006141
0.072836 0.033416 0.142678
-0.032357 -0.028091 -0.001798
-9e-05 -0.060433 0.065263
0.073137 0.010262 0.146973
0.013611 -0.051576 0.061074
-0.000135 0.098243 0.075105
-0.059777 -0.037085 0.050679
0.013402 -0.058428 0.110332
-0.081855 0.03914 0.078432
-0.071374 -0.02431 -0.006577
-0.009883 0.09824 0.036486
0.07435 0.0238 0.045843
-0.073449 -0.021286 0.126871
0.017174 -0.057433 0.113674
-0.025267 0.09576 0.008144
0.023304 0.071341 -0.007284
-0.052811 -0.043966 0.099852
0.037017 -0.042283 0.141789
0.041595 -0.045505 0.115556
0.001856 -0.060289 0.030561
-0.078034 -0.012436 0.036484
0.004822 0.091277 0.047292
-0.067093 0.057148 0.1162
0.068295 0.023426 0.015454
0.047684 -0.040629 0.016973
0.045516 -0.028055 -0.00044
-0.064518 -0.033768 -0.004903
-0.082874 0.029459 0.146973
-0.080756 -0.005124 0.065263
0.073154 0.033475 0.034619
0.058286 -0.029209 0.126871
-0.054558 0.077782 0.150607
0.057086 -0.030748 -0.000551
0.052281 0.067118 0.146215
-0.07724 -0.014221 0.004258
0.054545 0.071574 0.021605
-0.079486 -0.008813 0.028403
-0.084326 0.023755 0.113674
-0.039276 -0.054765 0.115914
0.060256 0.011801 -0.001396
-0.06759 0.038597 -0.001396
-0.074379 -0.064823 0.071001
0.01144 0.096604 0.137581
-0.002038 -0.06053 0.056371
-0.007654 -0.054084 0.047292
-0.056076 -0.045287 0.045616
0.030086 -0.044746 0.004489
0.056968 0.057103 0.103626
-0.062723 0.042343 -0.001748
-0.06737 -0.029209 0.144954
0.06729 -0.014177 0.115556
-0.030435 0.092807 0.14867
-0.06706 0.068554 -0.004903
-0.055725 -0.028257 -0.007281
0.028135 -0.053355 0.030561
0.070782 0.04293 0.028403
0.003607 0.096592 0.14867
0.068187 0.021619 0.126964
0.070287 0.040767 -0.006875
-0.084 0.014026 0.142678
-0.069041 -0.027105 0.047465
0.050509 0.075811 0.075105
0.069528 -0.00877 0.111934
-0.083461 0.006253 0.10736
-0.064593 -0.032145 0.107424
-0.035492 -0.054205 0.014679
0.074495 0.01795 0.045843
-0.078783 -0.010633 0.051438
-0.074083 -0.056903 0.12419
-0.075553 0.05549 0.053782
-0.038108 0.091161 0.016973
0.0637 -0.021102 0.032639
0.036731 -0.048757 0.078432
0.051889 0.074432 0.096418
0.068202 0.018026 0.034718
-0.000216 0.09692 0.14867
0.001811 0.0981 0.110332
0.041559 0.083338 0.014682
-0.003988 -0.060578 0.032639
-0.055813 -0.075489 0.065758
0.013402 -0.058428 -0.001864
-0.066218 0.058714 0.047292
-0.071627 0.062231 0.041335
0.030091 0.082679 0.075459
0.066437 0.053788 0.056371
0.059421 -0.027623 -0.006162
0.034975 -0.049617 0.1402
-0.066798 -0.040556 0.120834
-0.039901 -0.052589 0.100343
-0.030547 0.087609 0.009066
0.071617 -0.00126 -0.006577
0.071362 -0.003214 0.045843
-0.023363 -0.058415 0.000909
0.067622 -0.006052 -0.007075
0.070782 0.042931 0.10736
0.0 0.081016 -0.001748
0.00306 0.091653 0.034718
-0.01377 0.097904 -0.004042
0.071882 -0.001333 0.049364
-0.054484 -0.042954 0.075109
0.066437 0.053788 0.065263
-0.064626 -0.05097 0.110151
-0.061334 -0.028537 0.135456
0.059421 0.065485 0.045843
0.047597 0.032779 -0.001798
-0.044821 -0.04949 -0.006577
-0.084003 0.023735 0.142678
-0.057205 0.069826 0.1162
0.028094 0.09118 0.108826
-0.084183 0.0257 0.006141
-0.072628 -0.022828 -0.000551
0.041595 -0.045505 0.000909
-0.056181 0.07971 0.021605
-0.065822 0.070062 0.12199
-0.049542 -0.052563 0.108454
0.050509 0.075811 0.016973
0.054835 -0.031403 0.14867
0.058259 -0.029188 -0.006162
-0.077264 0.051983 0.053782
-0.028971 -0.056879 -0.005609
-0.074578 -0.019396 0.075106
-0.078783 -0.010633 0.039825
-0.066923 -0.030657 0.034329
0.064661 -0.019404 0.02618
-0.07643 0.053747 0.081724
-0.07643 0.053747 0.045843
0.048264 0.073509 0.15037
-0.029014 0.094672 0.049364
-0.070228 -0.065108 0.093676
0.067271 0.052025 0.023909
-0.077956 -0.078009 0.097742
-0.030843 0.093994 0.137581
0.06729 -0.014177 0.000909
0.013648 0.089685 0.034718
-0.043217 -0.052274 0.044182
0.050542 -0.037973 0.019287
0.033361 -0.050722 0.10736
-0.083992 0.027642 0.113674
0.039749 0.066922 -0.001396
-0.07267 0.060582 0.12199
-0.01377 0.097904 0.012434
-0.062339 -0.042394 0.112628
-0.082755 0.035344 0.028403
-0.009883 0.09824 0.065263
-0.013725 -0.060102 0.102702
-0.061711 -0.082076 0.062824
0.069528 -0.00877 0.030561
0.058468 0.062464 0.150607
-0.082755 0.035344 0.002512
-0.063065 -0.035232 0.124305
0.018997 0.094686 0.038223
-0.063257 -0.025458 0.009066
-0.039871 0.090326 -0.000551
-0.082543 -0.063373 0.081005
0.046172 0.079739 0.002512
-0.054632 -0.073761 0.040034
-0.063691 -0.035972 0.039746
-0.0788 0.048397 0.038223
-0.060629 -0.050676 0.126242
0.011454 0.096672 0.05144
-0.078783 -0.010633 0.093834
-0.036797 -0.053763 0.124396
-0.015707 0.097665 -0.004042
-0.067861 -0.017765 0.075459
-0.046704 0.086563 0.098756
0.073154 0.033475 0.091035
-0.079077 0.044368 -0.006875
0.069512 0.046619 0.010248
0.074448 0.016 0.002512
0.005733 -0.059858 0.115556
-0.041845 -0.044381 0.009066
-0.007935 0.098336 0.006141
0.064639 0.057251 0.006141
-0.021428 -0.058865 0.10309
-0.083135 0.03343 0.124375
0.070796 -0.005081 0.113674
0.027547 0.085609 0.141789
0.028228 0.053518 -0.001798
0.067763 0.010857 0.034718
-0.005939 -0.060579 0.105881
0.037397 0.019052 -0.007284
0.067387 0.009095 0.047292
-0.083666 0.010155 0.142678
0.067271 0.052025 0.059171
-0.080769 0.042887 0.068485
-0.011784 -0.060293 0.075105
-0.073518 -0.014572 0.15037
-0.065448 -0.031804 0.067426
0.073162 0.004376 0.002512
0.0447 -0.043141 -0.005609
-0.011829 0.098096 0.117573
0.053892 0.068474 0.150607
-0.082318 0.000515 0.096418
0.033361 -0.050722 0.034619
0.073775 0.029623 0.034619
0.033178 0.080881 0.075459
0.07421 0.012106 0.078432
-0.071576 -0.024482 -0.000551
0.037668 -0.040074 0.075459
-0.072675 0.04595 0.061074
-0.078264 -0.010426 0.144956
0.036692 0.086587 0.124375
-0.051447 -0.045412 0.071509
-0.015707 0.097665 0.012434
0.040001 -0.046628 0.093833
-0.06826 0.067016 0.002512
-0.069139 -0.027319 0.085964
0.049882 -0.029586 0.126964
0.046178 -0.006839 -0.001799
0.010152 0.090514 0.034718
-0.061894 0.074399 0.041335
-0.009863 0.097901 -0.006577
-0.079455 -0.008802 -0.006162
-0.058299 -0.03065 0.103626
0.029898 -0.05252 0.006141
-0.042265 -0.054931 0.123442
-0.034523 0.092699 0.115556
0.001312 0.092292 0.135456
-0.015662 -0.059864 0.100911
-0.046704 0.086563 0.028403
-0.034523 0.092699 0.071777
-0.036325 0.091952 0.032639
-0.005985 0.098384 0.002512
0.013402 -0.058428 -0.003028
-0.056618 0.038557 -0.001799
-0.007935 0.098336 0.014682
-0.06198 -0.035802 0.112728
-0.067143 -0.053406 0.125616
0.031641 -0.051642 -0.005609
0.065559 0.05553 0.014682
0.050348 -0.037778 -0.006577
0.04747 -0.040387 0.142678
0.026779 0.000402 -0.001799
0.069512 0.046619 0.047516
-0.066815 0.063566 0.15037
0.049096 0.077155 0.056371
0.005733 -0.059858 0.000909
0.016037 0.091478 0.148991
0.035019 0.08759 0.081724
-0.063239 0.072986 0.113674
-0.052991 -0.044448 0.008101
-0.055439 -0.069175 0.10656
-0.080158 0.04474 0.004258
-0.07521 -0.015407 0.14867
-0.080143 -0.006976 0.071777
-0.051533 -0.045531 0.008101
-0.079486 -0.008813 0.102668
-0.078322 0.017982 0.023954
-0.000375 0.094321 0.148991
-0.002084 0.098338 0.02618
-0.049952 0.084404 -0.006162
-0.083754 0.029578 0.111934
0.028135 -0.053355 0.110332
0.06301 -0.008267 0.126964
-0.021288 0.095794 0.146973
0.00379 -0.060028 0.137581
-0.027147 0.095239 0.113674
0.033321 0.088551 0.124375
-0.056535 -0.039818 0.14867
-0.059489 -0.037176 0.046625
0.067091 0.028714 0.089844
-0.076398 -0.015965 0.068449
-0.059126 -0.039427 0.130949
0.047684 -0.040629 0.032639
-0.081335 0.04102 0.016973
0.025607 -0.047841 0.015454
0.059022 -0.024985 0.149955
-0.042335 -0.045221 -0.007196
0.022687 0.093418 0.093833
-0.067685 0.049424 -0.00044
-0.075553 0.05549 0.078432
-0.040193 -0.052935 0.043704
-0.000135 0.098243 0.124375
0.062697 -0.022776 0.075105
-0.077239 -0.014216 0.039811
0.001811 0.0981 -0.003028
-0.063195 0.03183 -0.001798
0.029898 -0.05252 0.014682
0.013358 0.096245 0.023909
0.062723 0.042244 0.001421
-0.065067 -0.032998 0.034249
0.073488 0.031553 0.023909
0.001334 -0.054247 0.015454
-0.039391 -0.05339 0.043032
0.041595 -0.045505 0.039826
-0.036294 -0.054211 0.053374
-0.075496 -0.017673 0.047342
-0.08358 0.017916 0.146973
0.074495 0.01795 0.10736
-0.084561 -0.067178 0.090122
-0.021736 0.067418 -0.001799
0.007663 -0.059572 0.02618
-0.041614 0.089449 0.113674
-0.05614 0.071297 0.126964
-0.059177 -0.048609 0.023181
-0.038108 0.091161 0.032639
-0.020059 0.082778 -0.001396
-0.049427 -0.068423 0.043268
-0.01377 0.097904 0.008144
0.050542 -0.037973 0.042806
-0.02537 -0.051475 0.009066
0.051921 -0.036593 0.062147
0.061629 0.062269 0.02618
0.041595 -0.045505 0.117573
0.041559 0.083338 0.084946
0.07435 0.0238 0.034619
0.035893 -0.01213 -0.001799
0.06729 -0.014177 0.039826
-0.070083 0.063537 0.144956
-0.084179 0.012061 0.11972
0.068062 0.050242 0.021605
0.073154 0.033475 0.019287
-0.074144 0.056941 0.144956
-0.064548 0.07154 0.019287
-0.067491 -0.019635 0.015454
-0.038744 -0.046207 0.023954
-0.070362 0.013141 -0.001396
-0.0788 0.048397 0.105881
-0.071178 -0.024769 0.019287
-0.021472 0.096662 0.016973
-0.077264 0.051983 0.078432
-0.064219 -0.033984 0.004258
-0.023621 -0.051878 0.034718
0.031485 -0.007442 -0.001798
0.011454 0.096672 -0.000551
-0.063064 -0.034132 0.041525
0.074019 0.010165 0.108826
-0.0806 0.034915 -0.007075
0.005511 0.096358 0.14867
-0.009516 -0.055175 0.141789
0.06729 -0.014177 0.117573
0.064661 -0.019404 0.081724
-0.060921 -0.071666 0.071198
0.064661 -0.019404 0.045843
0.016911 0.071827 -0.001799
0.013358 0.096245 0.059171
-0.002038 -0.06053 0.111934
-0.079486 -0.008813 -0.004903
-0.07639 -0.015954 0.096514
0.073488 0.031553 0.059171
-0.059103 0.077125 0.049364
0.007454 0.096294 -0.006875
0.038379 -0.047713 0.075105
0.054545 0.071574 0.053782
0.054545 0.071574 0.091035
0.069528 -0.00877 0.110332
0.061654 -0.024424 0.049364
0.04765 0.078465 0.096418
0.063675 0.058947 0.132156
-0.005976 -0.053407 -0.007258
-0.060364 -0.03809 0.000909
0.007618 0.097385 0.075105
-0.083992 0.027642 0.093833
-0.01377 0.097904 0.126871
-0.073673 0.058908 0.081724
0.074495 0.01795 0.034619
-0.082755 0.035344 0.102668
-0.039751 0.030852 -0.001798
-0.043813 -0.047541 0.150607
0.071882 -0.001333 0.002512
0.067271 0.052025 0.05144
-0.07643 0.053747 0.10736
0.046172 0.079739 0.102668
0.064219 0.042733 0.034718
-9e-05 -0.060433 0.030561
-0.064045 -0.072518 0.031133
0.072345 0.037291 -0.004042
0.057382 -0.019506 0.009066
-0.075499 -0.017734 0.113706
0.066437 0.053788 0.111934
-0.077059 -0.059133 0.053688
-0.069411 -0.044601 0.037836
0.06558 -0.017684 0.023909
-0.057408 -0.075425 0.120956
0.06808 -0.012393 0.108826
0.034611 -0.048994 0.146973
-0.055048 -0.076653 0.059116
0.005688 0.09767 0.028403
-0.073077 -0.008349 0.023954
0.074448 0.016 0.102668
-0.053135 0.082148 0.096418
0.073495 0.006298 0.053782
-0.015707 0.097665 0.008144
0.031703 -0.040603 -0.00044
-0.049974 0.084435 -0.000551
0.0637 -0.021102 0.014682
-0.075839 -0.011452 -0.007075
0.005688 0.09767 0.002512
0.073495 0.006298 0.091035
-0.013541 0.095508 -0.007075
-0.058613 0.057641 -0.007284
-0.051743 0.066957 -0.001396
0.066374 0.053757 0.137581
-0.080756 -0.005124 0.030561
-0.083058 0.004344 0.137581
0.06881 0.048439 0.12199
-0.077048 -0.061579 0.034997
-0.058788 -0.038954 0.071296
-0.029014 0.094672 0.002512
0.059421 0.065485 0.034619
-0.054876 0.075207 -0.007196
-0.060515 0.075779 0.041335
-0.074493 -0.01953 0.124377
0.051921 -0.036593 0.04429
0.039964 -0.040141 -0.007196
0.001285 0.091976 0.023954
0.07017 0.044783 0.071777
0.050542 -0.037973 0.100827
0.054928 -0.026586 -0.007196
-0.082329 0.037247 0.081724
0.031591 0.089451 0.134879
-0.06207 0.001828 -0.007284
-0.063227 -0.03341 0.044566
-0.081396 0.027328 -0.007075
-0.015232 -0.056676 0.15037
-0.080769 0.042887 0.056371
-0.084468 0.017905 0.062147
0.066574 0.005601 0.075459
0.038341 0.085544 0.021605
-0.048352 0.085519 0.041335
-0.060445 -0.037138 0.110701
-0.019535 -0.05923 0.039724
0.074446 0.021852 0.11972
-0.060378 -0.039623 0.111396
-0.049786 -0.063733 0.043875
0.03816 -0.034893 -0.00044
0.072345 0.037291 0.012434
-0.07643 0.053747 0.034619
0.001856 -0.060289 0.12199
0.066211 -0.015818 -0.006577
-0.056181 0.07971 0.053782
-0.083453 0.017933 -0.006875
-0.056181 0.07971 0.091035
-0.084183 0.0257 0.104335
0.033241 0.088406 0.1402
-0.048783 -0.047401 0.015821
-0.037026 -0.053635 0.01024
0.060571 -0.026047 0.093833
0.06558 -0.017684 0.059171
-0.030098 -0.053818 0.150607
-0.011509 -0.05709 0.15037
-0.06448 -0.024124 0.015454
0.071349 0.041064 0.006141
0.070782 0.042931 0.019287
-0.031245 -0.055964 0.008144
-0.077755 -0.079291 0.088682
-0.004034 0.098385 0.021605
0.005733 -0.059858 0.039826
-0.072426 0.055996 0.150607
0.030781 0.083932 0.141789
-0.030866 0.09406 0.021605
-0.013737 -0.060094 0.03056
-0.034488 -0.05493 0.093461
0.07435 0.0238 0.091035
-0.071496 0.05764 0.150607
-0.078091 -0.056819 0.048422
-0.082755 0.035344 -0.004903
-0.082297 0.03724 -0.006162
0.07187 0.039184 0.062147
-0.073613 0.058873 0.137581
0.028135 -0.053355 0.12199
-0.045031 0.087567 0.071777
-0.084421 0.021806 0.11972
0.073154 0.033475 0.088061
0.054519 0.055593 -0.00044
0.053266 -0.035179 0.108826
0.066437 0.053788 0.030561
-0.053133 -0.044421 0.105223
0.055933 -0.020722 0.004489
-0.00789 -0.060531 0.093833
-0.044995 -0.049781 -0.004042
0.074194 0.019893 -0.006577
0.074448 0.016 -0.004903
0.031965 0.082347 0.015454
0.062706 0.047944 0.135456
-0.070544 0.063853 0.016973
-0.056365 -0.036492 0.148991
0.018596 0.087517 0.004489
0.02835 -0.007271 -0.007284
-0.054341 -0.042797 0.104798
-0.079198 0.019793 0.141789
-0.070316 -0.0258 0.064476
-0.002084 0.098338 0.045843
-0.025223 -0.057966 0.097371
-0.059782 -0.074457 0.033676
-0.007935 0.098336 0.084946
-0.065822 0.070062 0.023909
0.033361 -0.050722 0.019287
-0.063884 -0.048603 0.023998
-0.038559 -0.045849 0.1162
-0.069118 0.056255 0.141789
-0.0519 0.058047 -0.001748
0.073775 0.029623 0.019287
-0.038891 -0.046489 0.135456
0.057086 -0.030748 0.028403
0.065559 0.05553 0.084946
0.019898 0.073272 -0.007284
0.035019 0.08759 0.10736
0.064639 0.057251 0.104335
-0.069996 -0.026459 0.124383
0.071284 0.008567 0.150607
-0.023332 -0.058438 0.046889
0.02631 0.09197 0.041335
-0.028272 0.078847 -0.007284
-0.056642 -0.069259 0.124424
-0.029002 0.050448 -0.007284
0.034348 -0.009511 -0.007284
0.068221 0.027043 0.135456
0.05582 0.070097 0.000909
-0.078783 -0.010633 0.034619
-0.007841 0.095818 0.150607
0.071349 0.041064 0.014682
-0.057077 -0.039923 0.098912
-0.058432 -0.038513 0.099535
-0.084468 0.019856 0.004258
-0.009883 0.09824 0.030561
-0.064548 0.07154 0.042806
-0.019515 -0.059244 -0.003028
0.049547 -0.026924 0.001421
0.003797 -0.060097 0.006141
0.011498 -0.058856 0.002512
-0.050642 0.070093 -0.007281
0.027902 -0.052847 0.144956
0.053047 0.063084 0.1162
0.05229 -0.000783 -0.001748
-0.084323 0.014006 -0.001864
-0.082743 0.002419 0.132156
0.071362 -0.003214 0.091035
-0.063928 -0.030769 -0.007075
-0.005892 -0.05665 0.148991
-0.031254 -0.055578 0.142673
-0.034523 0.092699 0.117573
-0.083127 0.004331 0.115556
0.038341 0.085544 0.010248
0.051889 0.074432 0.075105
0.010159 0.090544 0.126964
-0.072528 0.058242 0.14867
0.022551 0.087821 0.141789
-0.081335 0.04102 0.032639
0.066646 0.034089 0.126964
0.001811 0.098099 0.041335
0.013358 0.096245 0.05144
-0.073164 -0.006461 0.089844
0.054575 -0.033733 0.062147
0.007663 -0.059572 0.045843
-0.046156 0.078874 0.089844
0.073488 0.031553 0.05144
-0.037858 -0.053951 0.041954
0.059421 0.065485 0.091035
0.019041 -0.056866 0.041335
-0.051609 0.080144 0.150607
-0.04248 0.03179 -0.007284
0.061629 0.062269 0.045843
-0.046704 0.086563 -0.004903
-0.063405 -0.034722 0.114665
-0.072653 0.060571 0.134879
-0.036283 -0.054164 0.075107
-0.039871 0.090326 0.098756
0.044456 0.034143 -0.007284
-0.056106 -0.041962 -0.000551
0.07187 0.039184 0.04429
-0.069421 0.065448 0.006141
-0.065822 0.070062 0.059171
-0.015319 0.077628 -0.001798
-0.065301 -0.024649 -0.007196
0.074172 0.01211 -0.006162
-0.047482 -0.060456 0.125174
-0.048278 -0.047687 0.078736
0.004863 0.09158 0.023954
0.029898 -0.05252 0.104335
-0.049067 -0.057871 0.044151
0.067271 0.052025 -0.000551
-0.075995 0.01452 0.001421
-0.080143 -0.006976 0.117573
-0.058593 -0.039694 0.008114
-0.07552 -0.017733 0.002512
-0.046175 -0.052484 0.023522
-0.040597 -0.056623 0.039833
-0.084323 0.023755 0.132156
-0.03197 0.091432 -0.007075
-0.067985 -0.028538 0.043854
-0.081488 0.027365 0.150607
0.02273 -0.055596 0.006141
0.049096 0.077155 0.111934
0.017047 -0.050578 0.061074
0.020587 -0.049835 0.023954
0.035019 0.08759 0.034619
0.053024 -0.034959 -0.006577
0.055849 -0.032256 0.108826
0.043126 0.082176 0.093833
-0.073739 0.044437 0.023954
-0.074528 -0.062261 0.059313
-0.083754 0.029578 0.110332
-0.060776 -0.039554 0.12545
0.002941 -0.052081 0.001421
-0.05986 0.075124 -0.006875
0.054545 0.071574 0.078432
0.063677 0.058948 0.038223
-0.030519 0.087532 0.126964
0.069528 -0.00877 -0.003028
-0.021472 0.096662 0.032639
-0.04946 0.077322 0.015454
0.064661 -0.019404 0.10736
0.065559 0.05553 0.038223
0.011338 0.096125 0.144956
0.060545 0.063891 0.049364
0.041559 0.083338 0.105881
0.049094 0.077154 0.132156
0.043844 -0.015315 -0.001798
-0.083461 0.006253 0.042806
0.056842 -0.025759 0.15037
-0.000135 0.09824 0.132156
-0.079264 0.005052 0.148991
-0.047641 0.077881 0.075459
0.049905 0.067473 0.009066
0.020893 -0.056253 0.096418
0.046277 0.068918 0.001421
0.048733 0.068835 0.023954
0.072345 0.037291 0.008144
-0.066049 -0.031502 0.134822
-0.064548 0.07154 0.100827
-0.037085 -0.046911 0.126964
-0.073673 0.058908 0.10736
0.035058 -0.04976 0.071777
0.038341 0.085544 0.047516
-0.083127 0.004331 0.000909
-0.039871 0.090326 0.028403
0.005688 0.09767 0.102668
0.072355 0.000559 -0.005609
0.074446 0.021852 0.098756
0.044664 0.080976 0.056371
-0.061031 -0.082155 0.098694
-0.023198 -0.039419 -0.001748
0.07435 0.0238 0.019287
0.054575 -0.033733 0.04429
-0.062124 -0.034923 0.146973
0.033361 -0.050722 0.088061
0.02273 -0.055596 0.014682
-0.083754 0.029578 -0.001864
0.057781 0.051629 -0.007258
0.067509 0.010885 0.1162
0.073775 0.029623 0.088061
-0.082755 0.035344 0.129469
0.038379 -0.047713 0.124375
-0.037043 -0.054121 0.115097
0.046422 0.074276 0.148991
-0.084419 0.015955 0.096418
0.072782 0.002463 0.093833
0.071802 0.039166 0.137581
0.046172 0.079739 0.129469
0.015294 -0.057953 0.041335
0.006555 0.090768 0.075459
-0.083468 0.031508 0.038223
0.007618 0.097385 0.124375
-0.004073 -0.053834 0.089844
0.034962 -0.042464 0.126964
-0.038108 0.091161 0.014682
0.001811 0.0981 0.023909
0.054723 -0.024229 0.135456
-0.075418 -0.054837 0.037482
0.0637 -0.021102 0.084946
-0.067621 -0.068154 0.082328
-0.017636 0.097378 -0.001864
0.0447 -0.043141 0.021605
-0.080158 0.04474 0.049364
-0.048316 -0.047736 -0.004042
-0.005939 -0.060579 0.02618
0.068062 0.050242 0.053782
-0.061139 0.059466 -0.007281
0.046207 -0.041903 0.115556
-0.074249 -0.061652 0.101164
-0.084421 0.021806 0.098756
-0.002038 -0.06053 0.110332
0.005658 -0.059304 0.144956
0.074448 0.016 0.129469
0.064661 -0.019404 0.034619
-0.056181 0.07971 0.078432
-0.077238 -0.014209 0.062119
0.074206 0.025746 0.093833
-0.057178 -0.027342 -0.00044
-0.07047 -0.021515 0.150607
-0.082329 0.037247 0.10736
0.009541 0.097052 0.041335
-0.023375 0.096234 0.126871
-0.074634 0.057211 0.081724
0.074495 0.01795 0.019287
-0.057657 0.078435 0.126871
-0.071643 0.049411 0.009066
0.068826 -0.010591 -0.001864
-0.025352 -0.0514 0.034718
-0.051576 -0.045588 0.138214
-0.016756 -0.054374 0.141789
0.043162 -0.044342 0.010248
0.02455 -0.054893 0.049364
-0.043306 -0.050747 0.054282
0.034028 0.075319 -0.007281
0.033361 -0.050722 0.042806
-0.061867 0.074373 -0.006162
0.073162 0.004376 0.129469
-0.021312 -0.028596 -0.007284
0.073775 0.029623 0.042806
-0.07364 -0.063655 0.09526
0.049129 -0.039318 -0.001864
-0.002234 -0.055262 0.141789
0.057058 0.068589 0.004258
-0.075737 0.039398 0.135456
0.066437 0.053788 0.110332
-0.078036 -0.012435 -0.004042
0.029858 0.090347 0.108826
0.073495 0.006298 0.088061
-0.083461 0.006253 0.100827
-0.048935 0.076631 0.004489
-0.076399 -0.015967 0.078451
0.031641 -0.051642 0.021605
0.066782 -0.013945 0.144956
0.05582 0.070097 0.039826
0.001811 0.0981 0.059171
-0.06826 0.067016 0.129469
-0.070349 -0.013021 0.089844
0.005688 0.09767 -0.004903
-0.002273 -0.054293 0.009066
-0.043947 0.085656 -0.007075
-0.047608 -0.040099 0.075459
0.068433 0.019825 0.015454
0.06114 0.049214 0.089844
-0.076375 -0.016007 0.026179
-0.057309 -0.037414 -0.007075
0.069525 -0.00877 0.132156
-0.002038 -0.06053 -0.001864
-0.082318 0.000515 0.016973
-0.079501 0.046577 -0.000551
0.013358 0.096245 -0.000551
0.061637 -0.024413 0.134879
-0.084466 -0.070019 0.097312
-0.005985 0.098384 0.129469
-0.07986 0.02905 0.148991
0.073488 0.031553 -0.000551
-0.081855 0.03914 0.062147
-0.082329 0.037247 0.034619
0.063414 -0.008428 0.135456
0.057086 -0.030748 0.102668
-0.057143 -0.032017 0.061074
0.070782 0.042931 0.100827
0.058259 0.067052 0.115556
0.024763 0.088358 0.148991
-0.080769 0.042887 0.111934
-0.07643 0.053747 0.019287
-0.038815 -0.053724 0.111831
0.052585 0.072415 -0.006875
-0.070544 0.063853 0.032639
-0.065822 0.070062 0.05144
-0.026456 -0.049016 0.001421
-0.021774 -0.051876 0.089844
-0.048392 -0.047799 0.104592
0.011454 0.096672 0.098756
-0.076457 0.051614 0.146973
-0.072808 0.046003 0.047292
-0.051569 0.083311 0.012434
0.058286 -0.029209 0.113674
-0.003988 -0.060578 0.038223
0.049812 0.075073 -0.006875
0.018985 0.094647 -0.006162
-0.061118 0.066107 0.023954
-0.020214 0.090732 0.015454
-0.017124 0.094203 0.15037
-0.071779 -0.009735 0.004489
0.018976 0.094619 0.137581
-0.079486 -0.008813 0.036486
0.07435 0.0238 0.088061
0.053235 0.073019 -0.004042
0.0316 0.08947 0.075105
-0.045031 0.087567 0.117573
0.074353 0.014052 0.068485
0.070494 0.042844 -0.006577
0.043162 -0.044342 0.047516
-0.021885 -0.052345 0.126964
-0.027139 -0.05742 -0.000551
-0.073557 -0.021017 0.104771
0.064795 -0.003182 0.034718
-0.007661 -0.054272 0.126964
0.022134 0.00649 -0.001798
-0.068961 -0.016331 0.047292
-0.007935 0.098336 0.105881
-0.039999 -0.029567 -0.007284
0.0615 0.057679 0.150607
-0.081843 -0.001377 0.12199
-0.004034 0.098385 0.053782
-0.06347 -0.033578 0.04184
0.033091 -0.050233 0.144956
-0.004034 0.098385 0.091035
-0.030866 0.09406 0.053782
0.033361 -0.050722 0.100827
0.071349 0.041064 0.104335
-0.005869 -0.053846 0.004489
0.020711 -0.055725 0.144956
0.003752 0.097909 0.049364
-0.048119 -0.040807 0.135456
-0.072492 -0.051176 0.124652
0.065559 0.05553 0.105881
-0.063035 -0.04532 0.024407
0.073775 0.029623 0.100827
0.046248 -0.033575 0.023954
-0.069386 -0.010482 -0.007258
-0.02392 0.090655 -0.007196
-0.025267 0.09576 0.113674
-0.080143 -0.006976 0.11972
-0.055159 -0.057223 0.10778
-9e-05 -0.060433 0.12199
-0.083748 0.008183 0.115556
0.060514 0.063869 -0.006162
-0.049974 0.084435 0.098756
0.017174 -0.057433 0.096418
0.037382 -0.042814 0.146215
-0.083754 0.029578 -0.003028
0.030375 -0.038448 -0.001396
-0.029331 -0.051885 0.146215
-0.052961 -0.04447 0.010102
0.039602 0.074702 0.001421
0.018997 0.094686 0.02618
-0.055479 -0.035489 0.141789
-0.026988 0.088284 0.075459
-0.069647 -0.080121 0.048677
-0.039859 -0.052579 0.097111
-0.083127 0.004331 0.039826
-0.0788 0.048397 0.02618
0.031641 -0.051642 0.010248
0.053235 0.073019 0.012434
0.000624 -0.040415 -0.007284
-0.084326 0.023755 0.096418
0.011454 0.096672 0.028403
0.03048 -0.049406 0.150607
-0.032532 0.043246 -0.001798
-0.036325 0.091952 0.084946
-0.009784 -0.05955 0.146973
-0.081855 0.03914 0.04429
-0.080756 -0.005124 0.12199
0.058259 0.067052 0.000909
0.001856 -0.060289 0.023909
-0.061049 -0.037499 0.127496
-0.043041 -0.046369 0.148991
0.071362 -0.003214 0.088061
-0.057065 -0.07945 0.082154
-0.064548 0.07154 0.016973
-0.082449 0.014122 0.149955
-0.034008 0.025787 -0.001798
-0.032911 0.066697 -0.007284
0.013153 0.095382 -0.006875
0.03353 0.026705 -0.001798
0.025305 0.085087 0.075459
-0.043187 0.080858 0.103626
0.067288 -0.014176 0.132156
-0.062943 0.065261 0.141789
0.061684 0.049464 0.023954
0.025252 -0.04709 0.004489
0.059421 0.065485 0.088061
-0.039871 0.090326 0.102668
0.012453 0.063593 -0.001799
0.074014 0.027687 0.004258
0.028135 -0.053355 0.023909
-0.044634 -0.058204 0.115663
-0.028746 0.093826 0.146973
0.003797 -0.060097 0.104335
-0.042468 -0.051626 0.045074
-0.032703 0.093402 0.004258
0.074495 0.01795 0.042806
0.066354 -0.011654 0.149955
-0.083135 0.03343 0.126871
0.061629 0.062269 0.034619
-0.036911 -0.054217 0.038531
-0.053135 0.082148 0.075105
0.071882 -0.001333 0.129469
-0.033058 -0.051235 0.148991
0.048404 0.068529 0.061074
-0.049974 0.084435 0.028403
-0.064413 -0.043923 0.02635
0.047684 -0.040629 0.084946
0.035019 0.08759 0.019287
-0.027111 -0.05744 -0.003028
-0.024191 0.004283 -0.001798
0.049096 0.077155 0.110332
-0.024995 -0.056605 0.14867
0.073781 0.008228 -0.001864
0.036731 -0.048757 0.04429
0.065334 0.039318 0.126964
-0.035936 0.086555 -0.007196
0.001856 -0.060289 0.059171
0.068062 0.050242 0.078432
-0.005939 -0.060579 0.045843
-0.083748 0.008183 0.000909
-0.002038 -0.06053 -0.003028
-0.068743 0.037205 -0.001396
-0.055614 -0.041295 0.104226
0.050542 -0.037973 0.032639
0.068395 0.044172 0.149955
0.005688 0.09767 0.129469
-0.032549 -0.055304 -0.006577
-0.069421 0.065448 0.104335
-0.064618 -0.03762 0.119359
-0.079486 -0.008813 0.065263
0.04765 0.078465 0.016973
0.01525 0.095771 0.045843
0.001811 0.0981 0.05144
-0.072488 -0.022591 0.053025
0.036692 0.086587 0.126871
0.05456 -0.03372 0.134879
0.031641 -0.051642 0.047516
0.069512 0.046619 0.041335
0.02273 -0.055596 0.104335
-0.029014 0.094672 0.129469
0.062933 -0.002566 0.001421
-0.038108 0.091161 0.084946
-0.025328 -0.057889 0.11218
0.057325 0.019343 -0.001748
-0.066158 -0.031228 0.039823
0.028135 -0.053355 0.059171
0.056377 -0.020993 0.034718
0.010563 0.084461 -0.001396
-0.017306 -0.057715 0.149955
0.009585 -0.059237 0.075105
0.007612 -0.059252 0.142678
-0.030713 -0.055948 -0.006577
0.066437 0.053788 -0.003028
0.035058 -0.04976 0.117573
-0.083461 0.006253 0.016973
-0.036325 0.091952 0.038223
0.058768 0.054017 0.103626
0.074495 0.019901 0.12199
-0.037741 -0.053653 0.119106
-0.074634 0.057211 0.10736
-0.057088 -0.042865 0.127986
0.061641 -0.000322 -0.00044
-0.07643 0.053747 0.042806
-0.057259 -0.040146 0.089724
0.07421 0.012106 0.062147
-0.052579 -0.071032 0.037286
0.027612 0.040851 -0.001798
-0.018232 -0.051404 -0.007258
0.0637 -0.021102 0.105881
-0.054322 -0.042727 0.095319
-0.009883 0.09824 0.12199
0.049096 0.077155 -0.001864
-0.079501 0.046577 0.11972
-0.002084 0.098338 0.091035
-0.065275 -0.031551 0.056574
-0.036158 -0.049155 0.146215
-0.055745 -0.042223 0.010111
-0.039871 0.090326 -0.004903
0.003244 0.09331 0.146215
-0.02361 -0.058214 0.134879
-0.073784 -0.010611 0.146215
0.069528 -0.00877 0.023909
0.014114 -0.05348 0.146215
-0.033898 -0.048594 0.015454
0.07017 0.044783 0.11972
-0.078629 -0.010572 0.1402
-0.07542 -0.001544 0.023954
0.033321 0.088551 0.126871
-0.073673 0.058908 0.096418
0.054322 -0.033509 -0.006577
0.074495 0.01795 0.100827
-0.046704 0.086563 0.036486
0.070796 -0.005081 0.096418
0.015681 -0.045045 -0.007281
0.046207 -0.041903 0.117573
-0.06512 -0.024592 0.141789
0.064661 -0.019404 0.019287
-0.054673 0.080948 0.056371
0.067271 0.052025 0.098756
0.05275 -0.004536 -0.001748
0.066457 -0.015941 0.049364
-0.06838 -0.024702 0.150607
0.007618 0.097382 0.132156
-0.046009 0.085436 0.14867
-0.061766 -0.026567 0.089844
-0.061957 -0.036181 0.016826
-0.072112 -0.074897 0.116816
0.047684 -0.040629 0.038223
0.018753 0.087973 0.047292
-0.060482 -0.038004 -0.005609
-0.000135 0.098243 0.126871
-0.025292 -0.057915 0.039483
-0.082318 0.000515 0.032639
-0.040958 -0.054672 0.042241
-0.063262 -0.036969 0.041258
0.066715 0.032274 0.1162
0.043125 -0.041175 0.150607
0.063465 0.04437 0.047292
-0.074634 0.057211 0.034619
0.0447 -0.043141 0.053782
0.048296 -0.035672 0.15037
-0.015706 0.097665 0.004258
0.007663 -0.059572 0.091035
0.008733 0.064871 -0.001799
-0.007665 -0.054389 0.023954
0.070185 -0.006933 0.053782
0.070185 -0.006933 0.091035
-0.042996 -0.03633 -0.001396
0.061629 0.062269 0.091035
0.003785 0.083625 -0.001396
-0.051659 -0.045707 0.105003
0.06323 0.044282 0.103626
0.053235 0.073019 0.008144
-0.049873 -0.046565 0.067957
0.074353 0.014052 0.056371
-0.067092 -0.030354 0.113018
-0.069281 -0.025439 0.14867
-0.027104 -0.057446 0.088961
-0.084468 0.017905 0.104335
-0.004034 0.098385 0.078432
0.028094 0.09118 0.000909
0.069528 -0.00877 0.059171
0.04598 -0.03593 0.146215
-0.030866 0.09406 0.078432
0.055727 -0.027263 0.15037
-0.079783 -0.004832 -0.006875
0.039975 0.01726 -0.001798
-0.027167 -0.057395 0.039364
0.072281 0.033312 0.146973
0.011498 -0.058856 0.129469
-0.043762 0.08539 0.150607
0.02085 0.094074 0.096418
0.07421 0.012106 0.04429
0.058259 0.067052 0.039826
0.05692 0.045059 -0.007281
-0.059862 -0.039103 0.127464
0.046218 0.07141 0.023954
0.047032 -0.031845 0.004489
-0.023629 -0.051908 0.126964
-0.07643 0.053747 0.100827
-0.066015 0.006316 -0.001748
-0.025267 0.09576 0.093833
0.013402 -0.058428 -0.000551
0.037219 0.041706 -0.001799
-0.019518 -0.059243 0.106089
0.067271 0.052025 0.028403
0.018997 0.094686 0.081724
0.018997 0.094686 0.045843
-0.082329 0.037247 0.019287
-0.057897 -0.040916 0.129835
0.031641 -0.051642 0.053782
0.018697 -0.049876 0.089844
-0.082644 -0.074822 0.067476
0.010011 -0.045264 -0.007281
-0.077258 0.009067 0.1162
-0.06366 -0.034763 0.116064
0.061805 0.047541 0.004489
-0.0788 0.048397 0.081724
-0.064593 -0.032145 0.043778
-0.0788 0.048397 0.045843
0.028955 -0.04647 0.135456
-0.063239 0.072986 0.096418
-0.025193 -0.050904 0.004489
-0.067135 -0.068712 0.028706
-0.000535 0.091705 0.1162
-0.080769 0.042887 0.110332
0.0316 0.08947 0.124375
-0.070303 -0.025762 0.043225
0.013229 0.095701 0.144956
0.011454 0.096672 0.102668
-0.027147 0.095239 0.096418
-0.041458 0.045249 -0.001798
0.050509 0.075811 0.038223
-0.055886 -0.041566 0.064221
0.023925 0.0864 0.015454
-0.077359 0.007237 0.009066
-0.009839 -0.060436 0.11972
0.035019 0.08759 0.042806
-0.02519 0.082082 -0.001396
0.035746 -0.047159 0.149955
-0.077264 0.051983 0.062147
-0.054479 -0.044236 0.130485
-0.047616 0.077846 0.089844
0.056237 0.063182 0.148991
-0.069419 0.065447 0.132156
-0.030824 -0.056268 -0.004903
0.008475 0.091321 0.135456
-0.084183 0.0257 -0.005609
-0.063317 -0.03655 0.119739
-0.050047 -0.046574 0.008101
0.001856 -0.060289 0.05144
-0.039829 -0.055584 0.039158
-0.02163 -0.058719 0.019287
-0.051833 -0.036804 0.075459
-0.078034 -0.012434 0.04133
0.068549 0.005154 -0.007196
-0.080158 0.04474 -0.004042
-0.081281 0.004676 0.149955
0.036731 -0.048757 0.108826
0.048782 -0.03617 0.150607
-0.013742 -0.060091 0.129469
0.062674 0.060621 0.049364
-0.083748 0.008183 0.039826
0.020893 -0.056253 0.075105
-0.021246 0.095673 -0.006875
0.001811 0.0981 -0.000551
0.072355 0.000559 0.021605
-0.068694 -0.028186 0.02391
0.069191 0.028999 0.146215
-0.059451 -0.078053 0.117346
-0.011784 -0.060293 0.04133
-0.046704 0.086563 0.065263
-0.064548 0.07154 0.032639
0.002503 -0.047004 -0.001396
0.067661 0.023387 0.075459
-0.068145 0.002237 -0.007281
0.038376 0.056322 -0.001799
-0.042205 0.04917 -0.001799
-0.01377 0.097904 0.113674
0.021997 -0.053625 -0.007075
0.028135 -0.053355 0.05144
-0.041614 0.089449 0.096418
-0.068935 -0.001764 -0.007281
0.022152 -0.048903 0.047292
0.05582 0.070097 0.010248
-0.049974 0.084435 0.102668
0.064661 -0.019404 0.088061
-0.075553 0.05549 0.04429
-0.083748 0.008183 0.117573
0.049096 0.077155 -0.003028
0.040001 -0.046628 0.004258
-0.036325 0.091952 0.105881
-0.077244 -0.014218 -0.003028
-0.05742 -0.077344 0.117614
0.056553 -0.027858 -0.007075
0.03978 0.084194 0.142678
0.062398 0.060451 0.142678
-0.066195 -0.020942 0.047292
-0.075364 0.000332 0.075459
-0.075506 -0.017687 0.065162
0.033281 -0.050577 0.1402
0.054575 -0.033733 0.104335
0.054519 0.071552 -0.006162
-0.066622 -0.030205 0.089984
0.057724 0.047592 -0.00044
-0.015177 0.093771 0.148991
0.035006 0.083849 0.15037
-0.044981 -0.049768 0.07882
-0.074535 -0.0195 0.010248
-0.072939 -0.008294 0.034718
-0.080158 0.04474 0.012434
0.023844 0.086213 0.126964
-0.079501 0.046577 0.098756
-0.078748 0.010702 0.141789
0.013358 0.096245 0.098756
0.06762 0.014463 0.089844
-0.018013 -0.030741 -0.001799
0.064639 0.057251 -0.005609
-0.041781 0.081993 0.047292
0.011454 0.096672 -0.004903
0.022672 -0.055441 0.1402
0.062835 -0.008197 0.047292
-0.067524 -0.076786 0.115938
0.07017 0.044783 0.098756
-0.07267 0.060582 0.049364
0.064661 -0.019404 0.042806
0.047684 -0.040629 0.105881
-0.0583 -0.03065 0.075459
0.035058 -0.04976 0.11972
-0.02143 -0.058864 -0.003028
-0.077264 0.051983 0.04429
-0.084323 0.014006 0.071777
0.031887 -0.044323 0.034718
0.035019 0.08759 0.100827
-0.03266 -0.055611 0.078859
0.074019 0.010165 0.115556
0.061629 0.062269 0.019287
-0.073821 -0.081306 0.065449
-0.034461 0.092546 0.1402
0.055224 0.054078 -0.00044
-0.077211 -0.01422 0.134879
-0.084419 0.015955 0.016973
0.053701 0.051649 -0.007281
0.038074 -0.047244 0.144956
-0.083437 0.02758 0.144956
-0.083461 0.006253 0.032639
-0.080689 -0.005103 0.137581
0.022687 0.093418 0.004258
0.051683 -0.022033 -0.00044
-0.049233 0.064587 -0.001748
-9e-05 -0.060433 0.023909
-0.002044 -0.060364 0.1402
0.05582 0.070097 0.047516
-0.067487 -0.029792 0.014686
0.029898 -0.05252 -0.005609
-0.038108 0.091161 0.105881
-0.049974 0.084435 -0.004903
0.074123 0.02184 0.142678
0.059448 -0.027642 0.004258
-0.084179 0.012061 0.068485
-0.061905 -0.036683 0.02693
0.069528 -0.00877 0.05144
0.060519 0.061546 0.14867
-0.005939 -0.060579 0.034619
0.009585 -0.059237 0.124375
-0.053576 -0.064251 0.046279
-0.044883 -0.042461 0.034718
-0.079501 0.046577 0.028403
0.013358 0.096245 0.028403
0.028094 0.09118 0.039826
-0.043334 0.088529 0.010248
0.06808 -0.012393 0.115556
-0.058439 0.068529 0.1162
0.049875 -0.032032 0.146215
0.046908 0.074799 0.15037
0.073488 0.031553 0.028403
-0.083305 0.031482 0.1402
-0.011784 -0.060293 0.049354
-0.077961 0.012595 0.009066
0.013358 0.096245 0.002512
0.070782 0.042931 0.032639
-0.068522 -0.043197 0.122348
0.050599 0.063448 0.001421
0.073488 0.031553 0.002512
-0.02688 -0.050307 0.004489
0.029378 0.085354 -0.007196
0.0447 -0.043141 0.078432
-0.046207 -0.041214 0.061074
0.050426 -0.037854 0.1402
0.050837 -0.015605 -0.001396
-0.080756 -0.005124 0.023909
0.027766 -0.002815 -0.001798
0.034156 0.07879 -0.007258
0.070185 -0.006933 0.078432
-0.059066 -0.029108 -0.007258
-0.035585 0.090227 0.149955
-0.082329 0.037247 0.042806
-0.078033 -0.012437 0.010248
0.030064 0.001131 -0.001798
0.050542 -0.037973 0.014682
-0.013593 -0.059007 -0.006875
0.025175 -0.027511 -0.007284
-0.081335 0.04102 0.038223
0.027656 0.059044 -0.007284
-0.066943 -0.019297 0.075459
-0.061127 0.055845 -0.007281
-0.064439 -0.03716 0.118082
-0.039707 0.075214 -0.007284
0.058348 0.064709 0.14867
0.017167 0.088903 0.015454
0.01873 0.09384 0.146973
0.045566 -0.041117 -0.006875
0.016429 0.092831 0.150607
-0.077393 -0.063658 0.071529
0.067998 0.021612 0.047292
0.013402 -0.058428 0.11972
-0.058649 0.068724 0.126964
-0.02112 -0.049118 -0.00044
-0.002084 0.098338 0.088061
-9e-05 -0.060433 0.059171
0.004216 0.073377 -0.001799
0.074019 0.010165 0.000909
0.029266 0.070957 -0.001748
0.063677 0.058948 0.02618
0.066457 -0.015941 0.002512
0.064661 -0.019404 0.100827
-0.007935 0.098336 0.02618
0.062697 -0.022776 0.126871
-0.02703 0.064034 -0.007284
-0.070248 -0.025673 0.046148
-0.079877 0.036666 0.150607
-0.01241 -0.012396 -0.007284
0.031641 -0.051642 0.078432
0.065559 0.05553 0.02618
0.024533 0.069586 -0.007284
-0.070078 -0.048569 0.124819
0.067271 0.052025 0.102668
-0.027165 -0.057401 0.000909
-0.068556 -0.043788 0.040448
0.017174 -0.057433 0.075105
-0.080756 -0.005124 0.059171
-0.079486 -0.008813 0.030561
-0.080769 0.042887 -0.003028
0.019041 -0.056866 0.108826
-0.052821 -0.043984 0.048136
0.066437 0.053788 0.023909
0.063567 -0.014531 0.15037
-0.076391 -0.015955 0.056283
-0.039498 -0.053289 0.121321
-0.013816 0.081886 -0.001748
-0.061156 0.073702 -0.006875
0.034945 -0.042438 0.034718
-0.021472 0.096662 0.038223
-0.05946 0.028106 -0.001799
-0.06778 -0.028565 0.051412
0.053266 -0.035179 0.115556
-0.083987 0.010119 0.049364
0.028135 -0.053355 -0.000551
0.018997 0.094686 0.10736
-0.034851 -0.011172 -0.007284
-0.043334 0.088529 0.047516
0.0652 -0.00522 0.141789
-0.074634 0.057211 0.019287
0.072773 0.035388 0.049364
-0.051568 0.083311 0.049364
0.06808 -0.012393 0.000909
0.062697 -0.022776 0.038223
-0.017636 0.097378 0.071777
-0.082746 0.002418 0.056371
0.067357 0.010901 0.103626
-0.077549 -0.002162 0.148991
0.003363 -0.056192 0.148991
0.030512 0.083444 0.135456
-0.049975 -0.046626 0.002512
-0.054398 -0.042833 0.061059
-0.055253 -0.054068 0.107334
0.007663 -0.059572 0.088061
-0.0788 0.048397 0.10736
0.074446 0.021852 0.068485
0.065796 0.043277 0.146215
0.050086 0.072671 0.150607
0.06558 -0.017684 0.002512
-0.069734 -0.06458 0.059708
-0.002332 0.091526 -0.007258
0.061629 0.062269 0.088061
-0.068178 -0.029284 -0.000551
-0.075553 0.05549 0.108826
0.059813 0.063388 0.146973
-0.082859 0.012175 0.14867
0.044664 0.080976 -0.001864
-0.047541 -0.040006 -0.007258
0.054846 -0.011701 -0.007281
0.022687 0.093418 0.075105
0.068826 -0.010591 0.071777
0.054545 0.071574 0.062147
-0.0732 0.033377 -0.00044
-0.080158 0.04474 0.008144
-0.081855 0.03914 0.104335
-0.00399 -0.060412 0.1402
0.074353 0.014052 0.111934
-0.023331 -0.058439 0.091594
0.045028 -0.03236 0.001421
0.062556 -0.022689 0.1402
-0.060181 0.06768 0.135456
-0.03971 -0.052942 0.044362
-0.084179 0.012061 0.036486
-0.064875 -0.033221 0.032437
-0.082329 0.037247 0.100827
-0.037006 0.069203 -0.001798
-0.072485 -0.022895 0.115638
0.049129 -0.039318 0.071777
0.017174 -0.057433 0.016973
0.038379 -0.047713 0.126871
0.060545 0.06389 0.02618
-0.039482 0.089529 0.146973
-0.084421 0.021806 0.068485
-0.084468 0.019856 -0.004042
0.060544 -0.023702 0.14867
0.007618 0.097385 0.126871
0.060571 -0.026047 0.004258
-0.038259 -0.053737 0.110528
0.066437 0.053788 0.059171
-0.048352 0.085519 -0.001864
0.07038 0.016149 -0.007196
-0.004105 0.092193 0.009066
0.01525 0.095771 0.091035
0.068201 0.019822 0.034718
0.050481 -0.000161 -0.007284
-0.015973 -0.049177 -0.00044
0.073495 0.006298 0.062147
-0.084326 0.023755 0.016973
-0.032215 -0.055865 0.109273
0.018997 0.094686 0.034619
0.011387 0.096355 0.142678
0.025612 -0.018043 -0.001799
-0.004124 -0.052517 0.001421
-0.039871 0.090326 0.036486
-0.0788 0.048397 0.034619
0.073154 0.033475 0.006141
-0.083454 -0.066485 0.06366
-0.077264 0.051983 0.108826
0.067271 0.052025 -0.004903
-0.066732 -0.084211 0.078376
-0.044626 -0.04542 0.148991
-0.079198 0.046464 0.142678
-0.064041 0.059424 0.001421
0.050014 0.024105 -0.001799
0.022384 -0.049482 0.135456
-0.00789 -0.060531 0.004258
-0.033208 -0.046922 0.001421
0.053266 -0.035179 0.000909
-0.083401 0.023687 -0.006875
-0.061931 -0.034532 0.14867
0.014603 -0.055333 -0.007075
-0.06706 0.068554 0.12199
-0.002955 -0.042162 -0.001748
0.069528 -0.00877 -0.000551
0.034771 0.080053 0.1162
0.004836 -0.053185 0.004489
0.060545 0.063891 0.129469
-0.056922 -0.039939 0.046811
-0.084468 0.019856 0.012434
-0.058788 -0.038954 0.078931
0.055849 -0.032256 0.115556
-0.056181 0.07971 0.062147
-0.083992 0.027642 0.075105
-0.017591 -0.059578 0.081786
-0.067279 -0.041514 0.039921
-0.061361 -0.035343 0.10899
-0.071072 0.059597 0.149955
0.072345 0.037291 0.113674
0.026352 -0.054146 0.049364
-0.015706 0.097665 0.124375
-0.076064 -0.067343 0.119474
-0.021374 -0.058596 -0.006577
-0.023375 0.096234 0.113674
-0.074758 0.035452 0.001421
-0.033848 -0.04847 0.009066
-0.057657 0.078435 0.113674
0.054545 0.071574 0.04429
0.074353 0.014052 0.030561
-0.015707 0.097665 0.093833
0.024507 0.092716 0.049364
-0.022062 0.075987 -0.007284
-0.065822 0.070062 0.002512
0.04596 0.079491 -0.006577
0.071349 0.041064 -0.005609
0.0637 -0.021102 0.02618
0.072355 0.000559 0.053782
-0.039223 -0.054879 0.117392
0.043162 -0.044342 0.041335
0.072355 0.000559 0.091035
0.039963 0.084461 0.049364
-0.032779 -0.050603 0.146215
-0.067354 -0.074278 0.034469
-0.009558 0.09297 -0.007196
-0.064548 0.07154 0.014682
-0.043427 -0.05653 0.114994
0.02631 0.09197 -0.001864
0.074446 0.021852 0.036486
0.061202 -0.01139 0.004489
-0.032156 -0.049094 0.126964
0.06881 0.048439 0.049364
-0.041248 -0.053774 0.029104
0.056036 -0.020771 0.075459
-0.084179 0.012061 0.056371
-0.070544 0.063853 0.038223
0.073132 0.027589 0.146973
0.013358 0.096245 0.102668
-0.020041 -0.052308 0.103626
-9e-05 -0.060433 0.05144
0.013402 -0.058428 0.098756
0.070796 -0.005081 0.075105
0.073488 0.031553 0.102668
-0.07267 0.060582 0.002512
0.014289 -0.047309 -0.00044
-0.065712 -0.042216 0.030799
-0.081322 -0.003257 0.004258
-0.072576 0.04591 0.103626
-0.052597 -0.012936 -0.001799
-0.073403 -0.079337 0.053581
-0.013725 -0.060102 0.053747
0.074019 0.010165 0.039826
-0.019558 0.097044 0.096418
-0.067205 0.066214 0.14867
0.06774 0.007223 0.135456
0.015428 -0.051418 0.126964
-0.084179 0.012061 0.065263
-0.076821 -0.080244 0.075769
-0.009802 0.096917 0.14867
0.061006 0.049142 0.004489
-0.026887 0.042465 -0.007284
-0.046233 -0.041252 0.1162
-0.080756 -0.005124 0.05144
-0.084323 0.014006 0.117573
-0.056866 -0.052981 0.107127
-0.084421 0.021806 0.036486
-0.078034 -0.012433 0.042799
-0.057179 -0.040477 0.107421
-0.053818 0.053121 -0.001798
-0.021472 0.096662 0.105881
0.060571 -0.026047 0.075105
0.043126 0.082176 0.004258
-0.046704 0.086563 0.030561
-0.061792 0.064341 0.089844
-0.059676 -0.039883 0.023693
0.040801 -0.038268 0.009066
-0.074634 0.057211 0.042806
-0.064504 -0.032943 0.111576
-0.021576 -0.058758 0.012434
-0.071657 -0.011657 0.023954
0.063677 0.058948 0.081724
0.063677 0.058948 0.045843
-0.061295 -0.03582 0.094047
-0.039871 0.090326 0.065263
-0.056181 0.07971 0.04429
0.050542 -0.037973 0.084946
0.06808 -0.012393 0.039826
0.003797 -0.060097 -0.005609
-0.060167 0.046666 -0.007284
-0.073673 0.058908 0.016973
-0.063175 -0.034613 0.040625
0.001811 0.0981 0.098756
-0.021205 -0.057532 0.14867
-0.068955 -0.067415 0.028735
-0.066033 -0.040107 0.118597
0.065559 0.05553 0.045843
0.030179 -0.044945 0.061074
-0.005939 -0.058381 -0.007075
-0.009768 0.096365 0.149955
-0.074634 -0.055279 0.124189
-0.02142 -0.058832 -0.006162
0.0614 -0.024264 -0.006577
0.013402 -0.058428 0.028403
-0.005939 -0.060579 0.019287
0.051889 0.074432 0.126871
-0.066874 -0.040871 0.121434
0.06808 -0.012393 0.117573
-0.039205 -0.029928 -0.001798
0.057058 0.068589 -0.004042
-0.078054 0.0502 0.093833
-0.054039 -0.043626 0.019999
0.029858 0.090347 0.115556
-0.083461 0.006253 0.014682
0.054126 0.053695 -0.007281
-0.015605 -0.059297 0.144956
0.073781 0.008228 0.071777
-0.063239 0.072986 0.075105
0.063908 0.03516 -0.007258
-0.023331 -0.058439 0.07165
0.040001 -0.046628 0.124375
-0.072365 -0.023017 0.124379
0.071801 0.037162 0.144956
-0.073938 -0.054754 0.046463
-0.033675 0.081614 -0.00044
-0.018074 -0.051313 0.001421
-0.077973 0.021571 0.047292
0.033361 -0.050722 0.006141
-0.069421 0.065448 -0.005609
-0.079501 0.046577 -0.004903
0.013358 0.096245 -0.004903
0.048325 0.068456 0.103626
0.066437 0.053788 0.05144
0.073775 0.029623 0.006141
-0.012518 -0.019667 -0.001798
0.073488 0.031553 -0.004903
-0.011829 0.098096 0.056371
-0.050008 -0.029216 -0.007281
-0.045225 -0.057526 0.027617
-0.073615 -0.006629 0.126964
-0.084183 0.0257 0.021605
0.02273 -0.055596 -0.005609
0.072782 0.002463 0.004258
-0.083468 0.031508 0.081724
-0.083468 0.031508 0.045843
-0.081669 0.012278 0.150607
-0.032239 0.086993 0.023954
0.070782 0.042931 0.014682
-0.033742 0.085933 0.1162
0.058286 -0.029209 0.096418
0.016472 -0.055013 0.150607
0.02085 0.094074 0.016973
0.008356 -0.052648 0.103626
-0.044611 -0.042016 0.004489
-0.047342 -0.065516 0.123586
0.061124 0.016487 -0.007284
0.011454 0.096672 0.036486
0.074446 0.021852 0.065263
-0.015699 -0.059837 0.126871
-0.084302 0.014008 0.134879
0.001811 0.0981 0.028403
0.057058 0.068589 0.012434
-0.035803 0.090735 0.14867
-0.055095 -0.074516 0.059274
0.074206 0.025746 0.004258
-0.055587 -0.069428 0.124513
-0.023102 -0.057094 0.14867
0.003752 0.097909 0.129469
-0.05471 0.054821 -0.001798
0.053266 -0.035179 0.039826
-0.057103 -0.045582 0.126962
-0.084468 0.019856 0.008144
-0.041614 0.089449 0.075105
-0.063239 0.072986 0.016973
-0.078783 -0.010633 0.098758
0.012786 0.053954 -0.001798
-0.074634 0.057211 0.100827
-0.052811 -0.043966 0.050934
0.067756 0.016245 0.004489
0.074283 0.014056 0.137581
0.022272 0.081846 -0.007281
-0.027147 0.095239 0.016973
-0.036325 0.091952 0.02618
-0.083135 0.03343 0.113674
0.033361 -0.050722 0.014682
0.057086 -0.030747 0.075105
-0.084421 0.021806 0.065263
0.053266 -0.035179 0.117573
0.073495 0.006298 0.006141
-0.049951 -0.046644 -0.000551
0.028094 0.09118 0.010248
-0.017636 0.097378 0.117573
0.022687 0.093418 0.124375
-0.071315 -0.047711 0.037228
0.073775 0.029623 0.014682
0.026302 0.091951 0.134879
-0.076356 -0.015998 0.134879
-0.083754 0.029578 -0.000551
-0.002328 0.091646 0.004489
-0.027071 -0.050879 0.034718
0.043126 0.082176 0.075105
0.029858 0.090347 0.000909
0.021517 0.08049 -0.001396
-0.049974 0.084435 0.036486
0.02242 -0.054765 -0.006875
-0.065636 -0.024975 0.146215
0.064639 0.057251 0.021605
-0.074023 -0.006781 0.135456
-0.084326 0.023755 0.032639
-0.035546 -0.047866 0.015454
0.01525 0.095772 0.093833
-0.070407 0.05081 0.075459
0.068062 0.050242 0.062147
-0.071414 -0.024516 0.113863
0.057989 0.066847 -0.006577
0.068826 -0.010591 0.117573
0.034745 0.080014 0.061074
-0.011241 -0.027245 -0.001799
-0.071627 0.062231 0.071777
-0.065433 -0.046711 0.113298
0.069331 0.044494 0.146973
0.040397 -0.037752 0.004489
-0.077919 0.019777 0.1162
0.032145 -0.048515 0.150607
-0.082255 0.004494 0.146973
0.064872 0.039183 0.089844
0.074353 0.014052 0.110332
0.044608 0.072322 0.061074
0.036692 0.086587 0.113674
0.072345 0.037291 0.093833
-0.024265 0.091961 0.148991
0.068532 0.023441 0.135456
0.049129 -0.039318 0.117573
-0.065395 -0.022562 0.009066
-0.082153 0.006464 0.14867
0.01713 0.095252 0.093833
0.069512 0.046619 0.108826
0.064924 0.041073 0.023954
0.035019 0.08759 0.032639
-0.066719 -0.030344 0.067533
-0.080769 0.042887 0.023909
0.047684 -0.040629 0.02618
-0.075971 0.010976 0.001421
-0.084468 0.017905 -0.005609
-0.065822 0.070062 0.102668
0.04864 -0.019835 -0.007284
-0.005939 -0.060579 0.088061
-0.084183 0.0257 0.010248
-0.015697 -0.059838 0.026179
-0.058735 0.068804 0.023954
0.072355 0.000559 0.078432
-0.027812 0.026748 -0.001798
0.041959 -0.036858 0.061074
0.0637 -0.021102 0.045843
-0.080825 -0.061084 0.116605
-0.055648 -0.041269 0.100702
-0.003988 -0.060578 0.081724
-0.003988 -0.060578 0.045843
-0.078191 0.02338 0.023954
-0.054673 0.080948 -0.001864
0.07435 0.0238 0.006141
0.018997 0.094686 0.019287
0.029898 -0.05252 0.021605
-0.079418 0.038498 0.150607
-0.026822 -0.031962 -0.007284
-0.075513 -0.017696 0.075105
-0.0788 0.048397 0.019287
0.041595 -0.045505 0.056371
-0.063471 -0.033579 0.110766
-0.069299 -0.083497 0.067516
-0.080143 -0.006976 0.068485
-0.038067 -0.053374 -0.005609
-0.004071 -0.054029 0.1162
-0.068232 0.066995 -0.006162
0.072335 0.025584 0.149955
-0.052035 -0.06879 0.046752
0.058008 0.037309 -0.001396
-0.082318 0.000515 0.038223
0.023769 -0.048127 0.1162
-0.038108 0.091161 0.02618
0.074014 0.027687 -0.004042
0.065266 -0.01536 0.14867
-0.04037 -0.053989 0.042419
-0.060661 -0.080724 0.054852
-0.046023 -0.060679 0.124674
-0.083992 0.027642 0.124375
-0.032703 0.093402 -0.004042
0.062671 0.06062 0.132156
0.018299 -0.04104 -0.007284
0.001292 -0.053764 0.1162
-0.062846 -0.014973 -0.001396
0.028094 0.09118 0.047516
0.011454 0.096672 0.065263
-0.002038 -0.06053 -0.000551
-0.011715 0.096776 0.14867
-0.043316 0.088496 -0.006162
-0.064548 0.07154 0.084946
-0.058938 -0.031245 0.135456
-0.017625 0.097309 0.137581
0.033321 0.088551 0.113674
0.004849 0.091475 0.009066
-0.005939 -0.060579 0.042806
-0.072033 0.047621 0.1162
-0.079486 -0.008813 0.12199
0.073154 0.033475 0.104335
-0.080769 0.042887 0.059171
0.074206 0.025746 0.075105
0.055849 -0.032256 0.117573
-0.084323 0.014006 0.11972
-0.066879 0.011676 -0.001748
0.074495 0.01795 0.006141
-0.064523 -0.041417 0.123797
0.021267 0.048611 -0.007284
-0.015689 -0.059844 0.030559
0.068062 0.050242 0.04429
-0.051753 -0.021453 -0.007284
0.015245 0.095751 0.134879
-0.075185 -0.074732 0.043299
0.064639 0.057251 0.010248
0.066437 0.053788 -0.000551
-0.041655 0.081777 0.103626
-0.061207 -0.03597 -0.006875
-0.029255 -0.012007 -0.001798
-0.033642 -0.047971 0.004489
0.046913 -0.022404 -0.001396
-0.000288 -0.057224 0.15037
0.074014 0.027687 0.012434
0.071362 -0.003214 0.006141
-0.056954 -0.02066 -0.001396
-0.071286 -0.024675 0.030527
0.001327 -0.054166 0.023954
0.024235 0.087125 0.141789
-0.032703 0.093402 0.012434
-0.077236 -0.014223 0.034615
0.019401 -0.03546 -0.007284
-0.049974 0.084435 0.065263
0.063677 0.058948 0.10736
-0.004034 0.098385 0.062147
-0.057671 0.075585 -0.007075
-0.064485 -0.033686 0.035838
-0.027571 -0.057028 0.137578
0.032816 -0.000264 -0.007284
-0.030866 0.09406 0.062147
0.0316 0.08947 0.126871
-0.06057 -0.027913 0.004489
0.069128 0.025363 -0.007196
0.059421 0.065485 0.006141
-0.074512 -0.003144 0.1162
0.001856 -0.060289 0.002512
0.072943 0.006387 0.144956
0.01299 -0.035478 -0.001799
0.057058 0.068589 0.008144
-0.073673 0.058908 0.032639
-0.084179 0.012061 0.111934
0.066457 -0.015941 0.129469
-0.059088 0.07711 0.134879
0.060571 -0.026047 0.124375
0.054575 -0.033733 -0.005609
0.063461 -0.016543 -0.007075
0.041559 0.083338 0.053782
0.068478 0.042239 -0.007075
0.03778 0.078108 0.047292
0.041559 0.083338 0.091035
-0.066561 -0.045731 0.027763
0.028135 -0.053355 0.028403
-0.061894 0.074399 0.115556
-0.07643 0.053747 0.006141
-0.052023 -0.046205 0.130552
-0.068882 -0.022727 0.15037
0.050542 -0.037973 0.105881
0.074495 0.01795 0.014682
0.028135 -0.053355 0.002512
0.067271 0.052025 0.036486
-0.075159 -0.00526 0.141789
0.036125 -0.032253 -0.001396
-0.083461 0.006253 0.084946
0.067969 0.012642 0.126964
0.069546 0.04054 0.149955
0.053235 0.073019 0.113674
0.01009 0.090219 0.061074
-0.07639 -0.015954 0.053688
-0.072167 -0.048046 0.121872
-0.00789 -0.060531 0.124375
-0.077591 0.014422 0.089844
-0.051082 -0.051532 0.107572
0.030396 -0.045339 0.023954
0.069597 0.025347 0.146215
-0.083468 0.031508 0.10736
-0.005939 -0.060579 0.100827
0.063677 0.058948 0.034619
0.029858 0.090347 0.039826
0.06558 -0.017684 0.129469
-0.071662 -0.082146 0.095208
-0.049832 -0.046503 0.103056
0.051317 0.068793 -0.007196
-0.0788 0.048397 0.088061
-0.081843 -0.001377 0.049364
-0.082329 0.037247 0.032639
0.064639 0.057251 0.047516
0.02085 0.094074 0.032639
0.065559 0.05553 0.034619
-0.083754 0.029578 0.11972
-0.065982 -0.031024 0.041904
-0.081807 0.016078 -0.007075
-0.036325 0.091952 0.045843
0.073781 0.008228 0.117573
0.012716 0.086351 -0.00044
0.071849 -0.001324 -0.006162
0.07017 0.044783 0.068485
0.013402 -0.058428 -0.004903
0.025644 -0.014051 -0.001798
-0.063457 -0.066412 0.124745
-0.004034 0.098385 0.04429
-0.02186 0.089862 0.1162
-0.002116 0.097451 0.146973
-0.06362 0.063488 0.135456
-0.017636 0.097378 0.11972
-0.0346 -0.054823 0.000909
-0.030866 0.09406 0.04429
0.062493 -0.008076 0.004489
0.041371 0.07686 0.141789
-0.053216 0.073415 0.103626
0.04178 0.059259 -0.007284
-0.04329 -0.050738 0.071348
-0.07643 0.053747 0.014682
0.07428 0.023796 0.137581
-0.041939 -0.044541 0.015454
-0.084179 0.012061 0.030561
0.004536 -0.049024 -0.007281
0.064883 -0.001337 0.089844
-0.011784 -0.060293 0.096429
-0.030366 0.08712 0.103626
-0.053135 0.082148 0.126871
-0.083853 0.012086 -0.006577
-0.034236 0.03229 -0.007284
-0.013032 0.091129 0.004489
0.05582 0.070097 0.041335
-0.027147 0.095239 0.032639
0.04765 0.078465 0.038223
0.018997 0.094686 0.042806
-0.011829 0.098096 0.111934
-0.078783 -0.010633 0.006141
0.074446 0.021852 0.111934
-0.0788 0.048397 0.042806
0.068826 -0.010591 0.11972
-0.021073 -0.057003 0.149955
-0.064256 -0.082774 0.060867
0.033361 -0.050722 0.084946
-0.033651 0.07759 -0.001396
-0.083468 0.031508 0.034619
-0.04994 -0.046652 -0.003028
-0.071242 -0.024716 0.028388
0.074353 0.014052 -0.003028
-0.084256 0.0218 0.1402
0.065026 -0.001378 0.061074
-0.047754 -0.040301 0.047292
0.069528 -0.00877 0.028403
-0.070235 -0.025684 0.095215
-0.079893 -0.060512 0.058999
-0.039871 0.090326 0.030561
0.049129 -0.039318 0.11972
0.073775 0.029623 0.104335
0.047684 -0.040629 0.045843
0.040857 0.033034 -0.001798
-0.084183 0.0257 0.053782
-0.007403 -0.047207 -0.007284
0.069528 -0.00877 0.002512
-0.034523 0.092699 0.056371
0.032205 -0.03873 -0.007281
-0.083461 0.006253 0.038223
0.05322 0.073005 0.134879
-0.078783 -0.010633 0.10267
-0.036283 -0.054164 0.071277
-0.055803 0.070953 0.089844
0.071349 0.041064 0.021605
-0.016395 0.08147 -0.001748
0.011478 0.07844 -0.007284
-0.026884 -0.034021 -0.001799
-0.080769 0.042887 0.05144
-0.077234 -0.014225 0.032636
0.001811 0.0981 -0.004903
0.043126 0.082176 0.124375
-0.084421 0.021806 0.111934
-0.01377 0.097904 0.096418
-0.038952 -0.052571 0.140207
0.009585 -0.059237 0.126871
-0.055342 -0.041422 0.146977
-0.064481 -0.033795 -0.001864
-0.046704 0.086563 0.12199
-0.081335 0.04102 0.02618
-0.002038 -0.06053 0.11972
-0.040515 0.065571 -0.007284
-0.032702 0.0934 0.132156
0.036731 -0.048757 0.115556
-0.021427 -0.058866 -0.005609
0.067271 0.052025 0.065263
0.046334 0.018247 -0.001799
-0.003988 -0.060578 0.10736
-0.038108 0.091161 0.045843
0.035019 0.08759 0.006141
-0.000135 0.098243 0.081724
-0.080143 -0.006976 0.056371
0.049096 0.077155 -0.000551
0.068062 0.050242 0.108826
0.044852 0.07258 0.009066
-0.066999 -0.030758 -0.006162
0.074014 0.027687 0.008144
-0.065822 0.070062 0.129469
0.026666 0.069383 -0.007284
0.045541 -0.035457 0.141789
0.063128 0.036877 -0.007258
0.005688 0.097668 0.132156
-0.068929 -0.062851 0.124456
0.006699 -0.053591 0.015454
-0.032703 0.093402 0.008144
-0.019527 -0.059236 0.041199
-0.013725 -0.060102 -0.004042
0.064353 0.040892 0.089844
-0.082746 0.002418 0.110332
0.049631 0.064931 0.001421
0.074425 0.017951 0.137581
-0.071627 0.062231 0.117573
-0.072538 -0.02273 0.040969
0.040001 -0.046628 -0.004042
-0.058794 0.068859 0.015454
-0.076372 -0.016009 0.021605
0.073495 0.006298 0.104335
-0.007935 0.098336 0.053782
-0.036939 -0.046612 0.061074
-0.007935 0.098336 0.091035
-0.07267 0.060582 0.129469
0.074446 0.021852 0.030561
-0.079501 0.046577 0.036486
-0.024318 0.070865 -0.001798
0.0447 -0.043141 0.062147
-0.077939 0.0126 0.126964
-0.004046 -0.055952 0.146215
0.016608 0.093448 0.149955
-0.043334 0.088529 0.041335
0.018997 0.094686 0.100827
0.065559 0.05553 0.091035
-0.027216 -0.05736 0.037897
0.074495 0.019901 0.049364
-0.013448 -0.005714 -0.007284
-0.010975 0.087604 -0.00044
0.031451 0.089183 0.142678
-0.083127 0.004331 0.041335
0.044664 0.080976 0.071777
0.070185 -0.006933 0.062147
-0.081855 0.03914 -0.005609
-0.03069 -0.056358 0.104819
0.056281 -0.027684 0.150607
-0.0788 0.048397 0.100827
-0.021472 0.096662 0.02618
0.050509 0.075811 0.081724
-0.034497 0.092635 0.137581
-0.063719 -0.033064 0.108486
-0.076394 -0.015962 0.044221
0.07017 0.044783 0.036486
0.003797 -0.060097 0.021605
-0.040417 -0.055428 0.035676
0.072782 0.002463 0.124375
-0.081466 -0.061941 0.065767
-0.01568 -0.059851 0.03461
-0.054859 -0.075265 0.059254
-0.038274 -0.053224 0.002512
-0.009883 0.09824 0.049364
-0.060515 0.075779 0.115556
0.058769 0.000601 -0.001396
-0.003988 -0.060578 0.034619
0.002586 -0.042402 -0.007284
-0.060515 0.075779 0.071777
0.060601 0.021224 -0.001396
-0.062262 0.018881 -0.001799
-0.064548 0.07154 0.105881
-0.055943 -0.041648 0.071406
0.001856 -0.060289 0.102668
-0.080767 0.042886 0.132156
0.035019 0.08759 0.014682
-0.064941 -0.043306 0.027692
-0.063361 -0.058728 0.105424
-0.084421 0.021806 0.030561
0.040001 -0.046628 0.012434
-0.082746 0.002418 -0.001864
-0.048352 0.085519 0.071777
-0.019558 0.097044 0.016973
0.074206 0.025746 0.124375
-0.061971 -0.039686 0.042713
-0.072334 -0.022961 0.137581
-0.039488 -0.054601 0.115123
0.018403 0.030327 -0.007284
-0.06456 0.0599 -0.007258
0.065503 0.000346 0.061074
0.041559 0.083338 0.078432
-0.021427 -0.058866 0.068317
0.048653 -0.030897 0.034718
0.029898 -0.05252 0.053782
0.036731 -0.048757 0.000909
-0.066861 -0.030906 0.002512
0.070757 -0.005068 -0.006162
-0.069421 0.065448 0.021605
0.052535 -0.027107 0.135456
0.06091 -0.023941 0.146973
0.029898 -0.05252 0.091035
-0.03085 0.083662 -0.00044
0.07435 0.0238 0.104335
-0.067054 0.057124 0.061074
0.031641 -0.051642 0.062147
0.064661 -0.019404 0.006141
0.028135 -0.053355 0.102668
-0.059658 -0.014806 -0.001748
-0.068198 -0.02922 -0.006162
0.02273 -0.055596 0.021605
-0.072637 -0.022821 -0.001864
-0.07045 -0.063026 0.027859
0.045153 0.063416 -0.001396
-0.080268 0.025364 0.148991
-0.008718 0.079353 -0.001748
0.038341 0.085544 0.108826
0.066287 0.039594 0.141789
-0.083754 0.029578 0.098756
-0.08132 -0.003257 0.132156
-0.063505 -0.034329 0.14018
0.059448 -0.027642 -0.004042
0.053235 0.073019 0.093833
-0.025425 0.060749 -0.001799
-0.062984 -0.02525 0.061074
-0.048268 -0.047673 0.0858
-0.076051 0.035758 0.047292
0.025603 -0.039463 -0.007281
-0.053075 -0.044387 0.000909
0.069616 0.006922 0.148991
0.035058 -0.04976 0.068485
0.052295 -0.034278 0.14867
-0.059103 0.077125 0.093833
0.074495 0.01795 0.084946
-0.03205 -0.048827 0.1162
-0.012709 0.066808 -0.007284
-0.067428 -0.055116 0.046559
-0.06436 -0.037614 0.036952
-0.030866 0.09406 0.108826
0.0447 -0.043141 0.04429
-0.084158 0.014016 0.1402
-0.050774 0.076074 0.009066
0.061654 -0.024424 0.093833
0.061758 0.049497 0.015454
-0.053442 -0.026135 -0.007284
0.070185 -0.006933 0.04429
0.032037 0.086272 -0.007075
0.007621 -0.059312 -0.006577
-0.050578 0.075835 0.1162
-0.074634 0.057211 0.032639
0.045762 0.070922 0.004489
0.073781 0.008228 0.11972
-0.025267 0.09576 0.075105
-0.083461 0.006253 0.105881
0.020893 -0.056253 0.126871
-0.084179 0.012061 0.110332
0.001856 -0.060289 -0.004903
-0.066789 -0.030815 0.032472
0.003797 -0.060097 0.010248
0.07433 0.017953 0.1402
0.038379 -0.047713 0.113674
0.071362 -0.003214 0.104335
0.064661 -0.019404 0.014682
-0.042074 -0.052963 0.043568
0.059448 -0.027642 0.012434
0.02631 0.09197 0.071777
0.011454 0.096672 0.030561
-0.079501 0.046577 0.065263
-0.073438 -0.006563 0.047292
-0.077933 -0.058879 0.053512
-0.036289 -0.054177 0.090152
-0.004314 -0.047424 -0.001396
-0.05777 0.072968 0.148991
-0.061894 0.074399 0.117573
-0.080769 0.042887 -0.000551
0.058389 -0.018009 0.023954
-0.083754 0.029578 0.028403
0.058286 -0.029209 0.016973
-0.060626 -0.006342 -0.001748
-0.059156 -0.039038 0.01822
-0.033727 -0.054879 0.132087
0.059421 0.065485 0.104335
-0.073768 -0.010519 -0.007196
-0.070631 0.050919 0.047292
0.07017 0.044783 0.065263
0.069556 0.012584 -0.007196
-0.068744 -0.00837 -0.00044
-0.070518 -0.026084 -0.004903
0.008326 -0.039173 -0.007284
0.070782 0.042931 0.105881
-0.074338 0.040852 0.089844
-0.079486 -0.008813 0.023909
0.031641 -0.051642 0.04429
-0.054581 -0.034515 0.061074
0.028135 -0.053355 -0.004903
-0.080207 0.019861 -0.007196
0.020893 -0.056253 0.038223
0.015884 -0.05299 0.146215
0.0637 -0.021102 0.053782
-0.002038 -0.06053 0.098756
0.025406 -0.047401 0.1162
0.0637 -0.021102 0.091035
0.069528 -0.00877 0.102668
-0.084183 0.0257 0.078432
-0.07643 0.053747 0.084946
0.058922 -0.016248 0.1162
0.019041 -0.056866 0.115556
-0.069421 0.065448 0.010248
-0.046322 0.079116 0.047292
-0.074332 -0.004975 0.023954
0.05918 0.0339 -0.007281
0.063677 0.058948 0.019287
-0.062297 -0.062697 0.125673
-0.051945 -0.0316 -0.00044
0.039969 -0.040148 0.141789
-0.084468 0.017905 0.021605
-0.082298 0.00052 0.134879
-9e-05 -0.060433 0.002512
-0.061029 0.066031 0.126964
-0.045031 0.087567 0.056371
0.051921 -0.036593 0.010248
-0.078278 0.023384 0.015454
-0.034883 -0.054619 0.006141
0.023061 -0.046914 -0.007258
0.033213 -0.043052 0.103626
-0.030822 -0.056282 0.054437
-0.056278 -0.054434 0.023408
0.049096 0.077155 0.11972
-0.049974 0.084435 0.030561
-0.036286 0.026327 -0.007284
0.04875 0.074007 0.150607
-0.052602 -0.040679 0.15037
0.066086 -0.013626 0.14867
-0.069355 0.03417 -0.007284
0.06807 0.014436 0.034718
-0.026674 0.00831 -0.001798
-0.081335 0.04102 0.081724
-0.084419 0.015955 0.038223
-0.081335 0.04102 0.045843
0.066437 0.053788 0.098756
0.01902 -0.056799 0.137581
0.026324 -0.054082 0.137581
0.068557 0.008936 0.141789
0.037273 0.015661 -0.007284
-0.036325 0.091952 0.034619
-0.081903 0.021714 0.150607
-0.077056 0.0477 0.149955
-0.080756 -0.005124 0.002512
-0.082329 0.037247 0.014682
-0.077654 0.018005 0.004489
-0.070303 -0.025762 0.106986
-0.002084 0.098338 0.006141
-0.034808 -0.042867 -0.007281
0.05399 0.061557 0.103626
-0.079486 -0.008813 0.059171
-0.019622 -0.059168 0.028399
-0.082746 0.002418 -0.003028
-0.063352 -0.041563 0.114046
0.003797 -0.060097 0.047516
-0.075494 -0.01767 0.049179
0.043162 -0.044342 0.108826
-0.070036 0.052625 0.009066
-0.000135 0.098243 0.10736
0.004847 0.091464 0.126964
-0.011829 0.098096 0.110332
-0.079589 0.030885 0.148991
0.074446 0.021852 0.110332
-0.083468 0.031508 0.019287
0.067136 0.049827 -0.006875
-0.007935 0.098336 0.078432
-0.072553 -0.022683 0.082013
-0.002038 -0.06053 0.028403
0.007321 0.095531 0.149955
-0.043394 -0.050723 0.049458
0.040001 -0.046628 0.008144
0.064639 0.057251 0.078432
-0.067517 -0.041652 0.039337
-0.06707 -0.081241 0.049972
-0.068213 -0.017971 0.034718
0.056755 -0.023431 0.146215
-0.008321 -0.03635 -0.007284
-0.025266 0.095757 0.132156
-0.056715 -0.075249 0.072516
-0.081255 -0.003238 0.137581
-0.021472 0.096662 0.081724
0.047684 -0.040629 0.034619
-0.021472 0.096662 0.045843
0.008437 -0.05308 0.126964
0.001279 -0.053612 0.103626
0.036731 -0.048757 0.039826
-0.069973 -0.014838 0.126964
-0.080969 -0.062909 0.049305
0.069528 -0.00877 -0.004903
-0.034523 0.092699 0.111934
0.062697 -0.022776 0.081724
0.007663 -0.059572 0.006141
0.019041 -0.056866 0.000909
-0.068341 -0.018045 0.023954
-0.000517 -0.053513 0.004489
-0.014502 0.077934 -0.007284
-0.046735 -0.04873 0.000909
0.066437 0.053788 0.028403
-0.023375 0.096234 0.096418
-0.00789 -0.060531 -0.004042
-0.057657 0.078435 0.096418
-0.05868 -0.031004 0.009066
0.04459 0.004106 -0.007284
0.015294 -0.057953 0.115556
0.051921 -0.036593 0.047516
0.061629 0.062269 0.006141
-0.053251 -0.073877 0.114569
-0.084421 0.021806 0.110332
-0.006413 -0.045389 -0.007284
0.066437 0.053788 0.002512
0.03541 -0.040002 0.001421
-0.072914 0.009381 -0.007281
-0.03081 -0.021526 -0.001799
0.050509 0.075811 0.10736
-0.050369 0.059009 -0.001748
-0.009819 -0.060113 0.142678
0.026559 0.042918 -0.007284
0.059705 0.052491 0.061074
0.067166 -0.007893 0.150607
-0.084468 0.017905 0.010248
0.06881 0.048439 0.129469
0.071349 0.041064 0.053782
-0.075553 0.05549 0.000909
-0.061437 -0.054288 0.126224
-0.039351 -0.047547 -0.007196
-0.051014 -0.044812 0.146978
0.029898 -0.05252 0.078432
0.071349 0.041064 0.091035
-0.011829 0.098096 -0.001864
-0.080143 -0.006976 0.111934
0.074353 0.014052 0.023909
-0.019514 -0.059246 0.096701
0.004917 -0.053855 0.015454
0.054575 -0.033733 0.021605
0.003027 0.091353 0.061074
0.009541 0.097052 0.115556
-0.069201 -0.027406 0.07511
-0.056651 -0.078794 0.098105
0.009541 0.097052 0.071777
0.062925 -0.014218 0.148991
0.035019 0.08759 0.084946
0.068306 0.016225 0.023954
0.0447 -0.043141 0.108826
-0.019558 0.097044 0.032639
0.063677 0.058948 0.088061
-0.06373 -0.082209 0.105219
0.013402 -0.058428 0.036486
-0.055837 0.01194 -0.001799
0.001856 -0.060289 0.129469
-0.007935 0.098336 0.088061
-0.00789 -0.060531 0.012434
-0.009883 0.09824 0.002512
0.07187 0.039184 0.010248
0.059448 -0.027642 0.008144
0.050542 -0.037973 0.02618
0.009063 0.072444 -0.007284
0.065559 0.05553 0.088061
-0.05699 -0.04112 0.012143
-0.02334 -0.058432 0.106374
-0.045074 -0.049732 0.048384
-0.082591 0.019833 0.149955
0.024549 -0.054891 0.132156
-0.004987 0.018903 -0.007284
0.064102 0.028359 -0.00044
-0.043284 -0.00471 -0.001798
-0.063302 -0.034784 0.129262
-0.081322 -0.003257 -0.004042
0.035058 -0.04976 0.056371
0.050509 0.075811 0.034619
-0.080483 0.040773 0.146973
0.007618 0.097385 0.081724
-0.077264 0.051983 0.000909
-0.060515 0.075779 0.117573
-0.018707 -0.027065 -0.001799
0.028135 -0.053355 0.129469
-0.003988 -0.060578 0.019287
-0.050175 -0.046483 0.015807
-0.015663 -0.059863 0.044229
-0.070533 -0.074015 0.035803
0.017148 -0.050896 0.126964
0.074353 0.014052 0.059171
0.058161 0.042396 -0.001396
0.063718 -0.012542 0.148991
-0.048352 0.085519 0.117573
0.017174 -0.057433 0.038223
0.067271 0.052025 0.030561
0.055226 0.060239 0.047292
-0.046704 0.086563 0.023909
0.027201 -0.046997 0.023954
-0.039871 0.090326 0.12199
0.003797 -0.060097 0.053782
0.022687 0.093418 0.126871
-0.084179 0.012061 -0.003028
0.031641 -0.051642 0.108826
0.039684 -0.046168 0.144956
0.063677 0.058948 0.042806
-0.074544 -0.019348 0.099087
-0.054673 0.080948 0.071777
-0.067974 0.047732 -0.007281
-0.022224 -0.000602 -0.007284
0.059778 0.041494 -0.007281
-0.065858 -0.051547 0.024372
0.001811 0.0981 0.036486
-0.029611 -0.056416 0.124388
-0.084326 0.023755 0.038223
-0.084468 0.017905 0.047516
-0.064499 -0.031641 0.14867
0.019389 -0.046617 -0.00044
0.046207 -0.041903 0.056371
-0.009475 -0.028859 -0.001799
0.049096 0.077155 0.098756
-0.081322 -0.003257 0.012434
-0.062745 -0.036076 0.041402
-0.059948 -0.037247 0.056669
0.063534 0.058864 0.1402
0.068622 0.021635 0.135456
-0.076246 -0.013749 -0.006875
-0.069421 0.065448 0.053782
0.064661 -0.019404 0.084946
-0.078646 0.048336 0.1402
-0.058683 -0.074543 0.034775
-0.070544 0.063853 0.081724
0.073154 0.033475 -0.005609
-0.019096 0.094567 0.150607
-0.070544 0.063853 0.045843
0.054575 -0.033733 0.010248
0.015461 -0.05153 0.023954
-0.080158 0.04474 0.093833
-0.083853 -0.064699 0.090153
-9e-05 -0.060433 0.102668
0.02273 -0.055596 0.053782
-0.013727 -0.060101 0.108843
0.02273 -0.055596 0.091035
0.028094 0.09118 0.041335
-0.082318 0.000515 0.02618
0.07187 0.039184 0.047516
-0.031775 -0.053151 -0.007075
-0.063003 -0.035361 0.002512
0.066434 0.053787 0.132156
-0.025267 0.09576 0.124375
0.013323 -0.058111 -0.006577
-0.073673 0.058908 0.084946
-0.046704 0.086563 0.059171
0.031529 0.081598 0.004489
-0.06778 -0.028565 0.098906
0.060776 -0.001855 -0.00044
-0.04346 0.081302 0.009066
-0.083468 0.031508 0.042806
0.041595 -0.045505 -0.001864
0.044813 0.072543 0.034718
-0.033421 -0.055071 0.012437
0.051971 -0.026656 0.1162
0.002035 -0.03794 -0.001799
-0.038108 0.091161 0.091035
-0.030414 -0.049563 0.047292
-0.065514 -0.038745 0.119811
-0.084468 0.019856 0.113674
0.02455 -0.054893 0.093833
0.074446 0.021852 0.12199
-0.074468 -0.00313 0.061074
0.071477 0.035113 0.14867
-0.080756 -0.005124 0.102668
-0.01377 0.097904 0.075105
-0.051535 -0.045529 0.018838
0.049496 -0.031756 -0.007196
0.062662 -0.022755 -0.006162
-0.021576 -0.058758 0.030547
-0.047745 -0.066483 0.041287
0.069528 -0.00877 0.129469
-0.083992 0.027642 0.126871
0.02631 0.09197 0.117573
0.013402 -0.058428 0.065263
-0.08259 0.017929 0.149955
-0.071596 -0.078153 0.045881
0.06729 -0.014177 -0.001864
0.072355 0.000559 0.062147
-0.081335 0.04102 0.10736
0.07017 0.044783 0.111934
0.069869 0.019843 0.146215
0.025931 -0.044397 -0.007258
-0.07643 0.053747 0.105881
0.049096 0.077155 0.028403
0.046136 0.071326 0.126964
-0.049824 -0.050794 0.126972
-0.035444 0.072644 -0.007284
0.019041 -0.056866 0.039826
-0.046669 -0.049127 0.021798
0.040483 -0.037876 0.089844
-0.083135 0.03343 0.096418
0.013099 0.00292 -0.001798
-0.028322 0.092367 -0.007075
-0.038127 -0.053504 0.104208
-0.011829 0.098096 -0.003028
-0.046639 -0.048744 0.064328
-0.072318 0.021364 -0.001396
0.074446 0.021852 -0.003028
-0.049603 0.060647 -0.001748
-0.053933 0.062158 -0.007281
-0.074634 0.057211 0.014682
0.063677 0.058948 0.100827
-0.072983 0.046073 0.126964
0.073172 0.006347 -0.006577
-0.065941 -0.031906 0.116402
-0.028791 -0.050356 0.009066
0.066845 0.049719 0.14867
-0.082329 0.037247 0.084946
-0.084421 0.021806 0.12199
-0.080236 0.042719 0.144956
-0.028645 -0.04993 0.075459
-0.04041 0.083219 0.015454
-0.083754 0.029578 -0.004903
-0.046662 -0.048705 0.048868
0.0637 -0.021102 0.088061
-0.06706 0.068554 0.049364
-0.004188 -0.050438 -0.00044
-0.075553 0.05549 0.039826
0.070796 -0.005081 0.126871
-0.078054 0.0502 0.004258
-0.038154 -0.053676 0.118251
0.072782 0.002463 0.012434
0.039558 -0.036682 0.001421
-0.081855 0.03914 0.021605
0.030638 0.036303 -0.007284
0.054575 -0.033733 0.047516
-0.01377 0.097904 0.016973
0.036692 0.086587 0.096418
-0.045031 0.087567 0.111934
-0.079333 -0.078537 0.086306
-0.012914 0.089888 0.001421
0.066437 0.053788 0.102668
-0.084421 0.021806 -0.003028
0.001811 0.0981 0.065263
-0.039246 0.038857 -0.007284
-0.00789 -0.060531 0.008144
0.066434 0.019766 0.001421
0.045454 0.078902 -0.006875
0.06775 0.019817 0.089844
0.051889 0.074432 0.081724
-0.073453 0.04433 0.047292
-0.036325 0.091952 0.019287
-0.081335 0.04102 0.034619
-0.039396 -0.053393 0.110899
0.062697 -0.022776 0.10736
0.071349 0.041064 0.078432
-0.073673 0.058908 0.038223
-0.058075 -0.041767 0.127679
-0.042338 0.006686 -0.001798
-0.002252 0.093715 0.146215
0.060571 -0.026047 0.126871
0.030288 0.083036 0.034718
0.006636 -0.053202 0.047292
-0.083468 0.031508 0.100827
-0.079501 0.046577 0.030561
-0.064548 0.07154 0.02618
-0.05841 -0.042462 0.126997
-0.046839 -0.056803 0.025171
0.069512 0.046619 0.115556
-0.030046 0.091677 0.150607
-0.003988 -0.060578 0.042806
0.003752 0.097909 0.093833
0.056549 -0.005858 -0.001396
-0.077264 0.051983 0.039826
-0.054267 -0.064468 0.025527
-0.070051 -0.026411 0.122016
0.074353 0.014052 0.05144
0.07017 0.044783 0.030561
0.072355 0.000559 0.04429
0.061386 -0.007804 -0.007258
-0.052127 -0.037158 0.009066
0.073162 0.004376 0.004258
0.06835 0.018024 0.023954
-0.044982 -0.049762 0.095846
-0.002084 0.098338 0.104335
0.033321 0.088551 0.096418
0.050542 -0.037973 0.045843
-0.080769 0.042887 0.098756
-0.075528 -0.017727 -0.000551
-0.066267 -0.04089 0.035493
-0.068431 0.055855 0.015454
0.047684 -0.040629 0.019287
-0.05344 -0.054944 0.045608
0.065928 0.035766 0.061074
0.018711 -0.049916 0.103626
0.011454 0.096672 0.12199
0.044664 0.080976 0.11972
-0.074282 -0.051011 0.121458
-0.082165 -0.062295 0.103777
0.017163 -0.057393 -0.006162
-0.071243 -0.024722 0.014682
0.004335 -0.044725 -0.007284
-0.058961 -0.080921 0.099034
-0.021472 0.096662 0.034619
-0.004034 0.097458 -0.006875
0.062382 -0.018121 -0.007075
0.03365 -0.020735 -0.007284
0.06167 -0.011605 0.009066
-0.062775 -0.034601 0.08675
-0.034523 0.092699 0.110332
-0.081322 -0.003257 0.008144
-0.06826 0.067016 0.004258
0.022246 -0.049145 0.009066
-0.06478 -0.080611 0.111129
0.073775 0.029623 -0.005609
0.005733 -0.059858 -0.001864
0.062697 -0.022776 0.034619
-0.057109 -0.041032 0.010126
0.052742 0.062852 0.004489
0.02085 0.094074 0.038223
0.015294 -0.057953 0.117573
0.06583 0.045249 0.148991
0.053764 0.008978 -0.007284
-0.0786 -0.076346 0.055955
0.06605 -0.011553 -0.007075
0.067991 0.010832 0.015454
0.01525 0.095772 0.004258
0.035019 0.08759 0.105881
0.003797 -0.060097 0.078432
0.045219 0.008247 -0.001799
0.066437 0.053788 -0.004903
-0.055126 -0.02561 -0.001396
-0.043282 -0.043287 0.047292
-0.005985 0.098384 0.004258
-0.048352 0.085519 0.11972
0.007618 0.097385 0.10736
-0.081855 0.03914 0.010248
-0.072355 0.055927 -0.007075
0.065492 0.037501 0.061074
0.068043 0.050233 0.134879
0.007663 -0.059572 0.104335
-0.063239 0.072986 0.038223
-0.078033 -0.012432 0.098769
0.057058 0.068589 0.113674
-0.080143 -0.006976 0.110332
-0.053059 -0.044863 0.133886
0.009541 0.097052 0.117573
-0.046704 0.086563 0.05144
0.070185 -0.006933 0.104335
0.01713 0.095252 0.004258
-0.041846 -0.058272 0.120058
-0.005939 -0.060579 0.006141
0.061629 0.062269 0.104335
-0.049974 0.084435 0.12199
-0.049938 -0.067316 0.044166
-0.027147 0.095239 0.038223
-0.083461 0.006253 0.02618
0.069512 0.046619 0.000909
-0.036809 0.080083 -0.00044
-0.016839 -0.054542 -0.007196
-0.011784 -0.060293 0.065257
-0.081835 0.039135 0.134879
-0.066077 -0.060945 0.025454
-0.06133 -0.042678 0.125544
-0.074292 0.002449 0.001421
0.030226 0.061473 -0.001799
-0.045478 -0.034536 -0.001396
-0.080769 0.042887 0.028403
-0.041614 0.089449 0.126871
-0.069421 0.065448 0.078432
0.00908 0.094575 0.150607
-0.033147 -0.055261 0.008144
-0.064696 0.062035 0.135456
-0.015661 -0.059864 0.068454
0.024803 -0.050535 0.148991
-0.003988 -0.060578 0.100827
-0.034523 0.092699 -0.001864
-0.014816 -0.053627 0.034718
-0.077978 0.028795 0.135456
0.02273 -0.055596 0.078432
-0.05427 -0.04351 0.138194
-0.011333 -0.055041 0.141789
0.073495 0.006298 -0.005609
0.054412 -0.031047 0.149955
-0.082318 0.000515 0.081724
0.054563 0.015871 -0.001798
-0.082318 0.000515 0.045843
-0.084323 0.014006 0.068485
0.004809 0.09118 0.1162
0.057086 -0.030747 0.126871
0.070782 0.042931 0.02618
-0.065982 -0.031024 0.109017
0.050509 0.075811 0.019287
-0.030829 -0.050667 0.141789
-0.036325 0.091952 0.088061
0.05582 0.070097 0.108826
0.043126 0.082176 0.126871
0.073344 0.0218 -0.006875
-0.060019 -0.037349 0.09025
0.035058 -0.04976 0.111934
-0.070544 0.063853 0.10736
-0.041614 0.089449 0.038223
-0.072533 -0.048861 0.123233
-0.081843 -0.001377 0.129469
-0.039862 -0.055451 0.040617
-0.035315 0.085068 0.103626
-0.084468 0.019856 0.093833
-0.031666 -0.055652 0.134848
-0.021197 0.095367 0.14867
-0.056181 0.07971 0.000909
-0.059081 0.071656 0.148991
-0.052994 -0.044715 0.135969
0.072782 0.002463 0.008144
0.043212 0.073443 0.075459
-0.079966 0.004921 0.15037
-0.039495 -0.03692 -0.001396
0.066769 0.003734 0.023954
-0.077515 -0.00808 -0.007075
-0.005939 -0.060579 0.014682
0.02631 0.09197 0.11972
-0.073975 -0.014792 -0.007075
-9e-05 -0.060433 0.129469
-0.051208 -0.066375 0.125281
0.0609 -0.015257 0.141789
-0.081855 0.03914 0.047516
0.061524 0.036454 -0.00044
-0.000145 0.098077 0.1402
-0.050329 -0.046508 0.020883
0.031735 -0.044063 0.061074
-0.03069 -0.056358 0.045545
-0.051864 0.074583 0.075459
-0.040133 -0.052322 0.004258
-0.082746 0.002418 0.071777
-0.061862 -0.036625 -0.005609
-0.063963 -0.023751 0.103626
0.047684 -0.040629 0.088061
0.06618 0.01283 0.001421
-0.036325 0.091952 0.042806
-0.073673 0.058908 0.105881
0.07435 0.0238 -0.005609
-0.038765 0.088062 0.150607
-0.067066 -0.029952 0.109484
0.02443 -0.054593 0.142678
-0.080756 -0.005124 0.129469
-0.030453 0.060207 -0.007284
-0.067962 -0.028865 0.082564
-0.013699 -0.059774 0.142678
-0.024975 0.094654 -0.006875
0.031304 0.074426 -0.001396
0.007161 0.03976 -0.001798
-0.07355 -0.021002 0.04704
-0.070544 0.063853 0.034619
0.059314 -0.027545 0.1402
-0.073393 0.058746 0.142678
0.072782 0.002463 0.126871
-0.074634 0.057211 0.084946
-0.084179 0.012061 0.023909
0.057084 -0.030746 0.132156
0.020517 0.087566 0.009066
-0.041092 -0.05077 -0.006875
0.024035 0.01202 -0.001798
0.059396 -0.01247 0.001421
0.072027 0.037213 -0.006577
-0.06606 -0.031508 0.016981
0.074353 0.014052 -0.000551
0.071882 -0.001333 0.004258
-0.013725 -0.060102 0.071771
-0.078575 0.034517 -0.007196
-0.056494 -0.076879 0.117554
-0.038108 0.091161 0.088061
0.068304 0.021624 0.023954
0.061358 -0.019738 -0.007075
0.072345 0.037291 0.075105
-0.074632 0.05721 0.132156
-0.064808 0.06921 0.14867
-0.084468 0.017905 0.078432
-0.021784 -0.051918 0.075459
0.010497 0.092146 0.146215
-0.032236 -0.055862 0.108111
0.074206 0.025746 0.126871
-0.081057 -0.063951 0.048177
0.047684 -0.040629 0.042806
-0.069719 -0.014706 0.1162
0.038575 -0.044551 0.150607
-0.043334 0.088529 0.108826
-0.082329 0.037247 0.105881
0.073945 0.027679 0.137581
-0.020621 -0.055017 0.148991
-0.064548 0.07154 0.045843
-0.051379 0.083049 0.142678
0.044664 0.080976 0.098756
-0.019214 0.095198 0.149955
0.018997 0.094686 0.006141
0.051889 0.074432 0.10736
0.07017 0.044783 0.110332
-0.045885 -0.049154 0.015968
-0.009496 0.091957 0.034718
-0.0788 0.048397 0.006141
-0.067025 -0.030504 0.036024
-0.029014 0.094672 0.004258
0.043084 0.08212 0.137581
0.071362 -0.003214 -0.005609
-0.058756 -0.038909 0.067529
-0.032703 0.093402 0.113674
0.039461 0.083729 0.146973
-0.056113 -0.077667 0.073565
0.070566 0.017998 0.148991
-0.037071 -0.046883 0.034718
-0.017636 0.097378 0.068485
0.049096 0.077155 -0.004903
-0.049908 -0.040175 0.141789
-0.068755 -0.071154 0.12183
0.067271 0.052025 0.12199
-0.053886 -0.073976 0.120633
-0.055953 0.073736 0.146215
-0.084179 0.012061 0.059171
-0.062198 -0.020284 -0.00044
0.02716 0.017728 -0.007284
-0.005862 -0.054127 0.047292
-0.021617 -0.058728 0.124377
-0.06054 -0.03794 0.023753
0.073332 0.006325 0.1402
-0.065004 -0.082342 0.104733
-0.059798 -0.038505 0.010176
0.059421 0.065485 -0.005609
-0.072485 -0.022586 0.050665
0.041559 0.083338 0.062147
0.07421 0.012106 0.010248
-0.057473 -0.043548 0.127281
0.074172 0.017954 0.142678
-0.063437 0.063348 0.015454
0.068826 -0.010591 0.068485
-0.002041 -0.06046 0.137581
-0.012863 -0.039218 -0.007284
-0.023375 0.096234 0.016973
-0.036325 0.091952 0.100827
-0.057657 0.078435 0.016973
-0.0434 -0.050667 0.000909
-0.060688 -0.037712 0.04305
-0.034523 0.092699 -0.003028
-0.081949 0.019826 0.150607
0.044159 0.074515 0.141789
0.074495 0.019901 0.129469
-0.060606 -0.043657 0.125908
-0.045031 0.087567 0.110332
0.049129 -0.039318 0.068485
-0.053813 -0.07455 0.053402
0.069512 0.046619 0.039826
0.04765 0.078465 0.081724
-0.062028 -0.037821 0.042257
-0.000295 0.096051 -0.007075
-0.081335 0.04102 0.019287
-0.009883 0.09824 0.129469
-0.015694 -0.059818 0.134879
-0.054933 -0.063327 0.0468
0.074446 0.021852 0.023909
0.028134 -0.053352 0.132156
-0.054817 0.072514 0.034718
-0.083317 0.016007 -0.006875
0.013402 -0.058428 0.030561
-0.08026 -0.002961 -0.006875
0.018997 0.094686 0.014682
-0.06693 0.06845 0.1402
0.003655 0.097027 0.146973
0.062674 0.060621 0.093833
-0.080143 -0.006976 -0.003028
-0.048132 -0.043992 0.15037
0.050509 0.075811 0.042806
-0.0788 0.048397 0.014682
-0.072553 -0.022683 0.068201
0.069512 0.046619 0.117573
-0.015662 -0.059864 0.102747
0.051603 0.06897 0.148991
0.057058 0.068589 0.093833
0.006438 0.059718 -0.007284
-0.002038 -0.06053 0.068485
-0.080538 -0.066747 0.116248
-0.053135 0.082148 0.081724
-0.083461 0.006253 0.045843
-0.025769 0.055842 -0.007284
0.065795 0.000269 0.034718
0.047684 -0.040629 0.100827
-0.036516 -0.038656 -0.001396
-0.016971 -0.055697 0.148991
-0.066095 -0.031103 0.040867
0.056319 0.026476 -0.007284
-0.02464 -0.032729 -0.001799
-0.080769 0.042887 0.102668
-0.056393 -0.001624 -0.007284
0.029628 -0.014311 -0.001799
-0.054165 0.074487 0.141789
0.045936 0.071121 0.1162
-0.084421 0.021806 0.023909
-0.056181 0.07971 0.039826
0.022864 0.062506 -0.007284
-0.057287 -0.079532 0.098593
-0.065713 -0.022785 0.135456
0.073154 0.033475 0.021605
-0.045031 0.087567 -0.001864
-0.070365 -0.025868 0.075109
0.070782 0.042931 0.045843
-0.021472 0.096662 0.019287
-0.021484 -0.05846 0.142678
-0.076395 -0.015981 0.111958
0.060795 -0.023884 -0.006875
0.048554 0.004854 -0.007284
0.065379 -0.013302 -0.007075
0.059592 -0.014579 0.089844
0.07421 0.012106 0.047516
0.042389 -0.027522 -0.001396
-0.084323 0.014006 0.056371
0.062697 -0.022776 0.019287
0.011498 -0.058856 0.004258
0.074446 0.021852 0.059171
0.001811 0.0981 0.030561
0.069904 0.00114 0.150607
0.041559 0.083338 0.04429
-0.083754 0.029578 0.036486
-0.054943 -0.034904 0.015454
-0.036004 -0.054569 0.040673
0.068062 0.050242 0.000909
-0.082318 0.000515 0.10736
-0.078783 -0.010633 -0.005609
-0.002254 -0.054705 0.135456
-0.057642 -0.00898 -0.007284
-0.084183 0.0257 0.062147
0.038341 0.085544 0.115556
-0.082755 0.035344 0.049364
-0.078054 0.0502 0.124375
0.046172 0.079739 0.049364
-0.054673 0.080948 0.11972
-0.06317 -0.035241 -0.001864
-0.028993 0.094606 0.137581
0.030339 -0.045236 0.126964
-0.050146 0.054133 -0.001799
-0.007865 0.096459 0.149955
0.031631 -0.051624 0.134879
0.033351 -0.050704 0.134879
-0.052892 -0.044078 0.058158
-0.084421 0.021806 0.059171
-0.021551 -0.058776 0.117601
0.074448 0.016 0.049364
-0.060566 -0.030278 0.141789
-0.015685 -0.059847 0.010248
0.051921 -0.036593 0.041335
0.033327 -0.050661 0.137581
0.06808 -0.012393 0.056371
0.038379 -0.047713 0.096418
-0.077264 0.051983 0.010248
-0.084266 -0.073016 0.078182
0.050509 0.075811 0.100827
0.007618 0.097385 0.096418
-0.07643 0.053747 0.02618
0.059126 0.054214 0.034718
-0.033597 -0.054944 0.023922
-0.079501 0.046577 0.12199
0.013358 0.096245 0.12199
0.066484 -0.013808 -0.006875
-0.025661 -0.057649 0.021606
-0.073129 -0.058628 0.124106
0.073162 0.004376 0.049364
-0.077817 0.001585 0.146215
-0.080769 0.042887 -0.004903
-0.005939 -0.060579 0.104335
0.073488 0.031553 0.12199
-0.060003 0.067523 0.015454
-0.063545 -0.037234 0.034141
-0.081335 0.04102 0.088061
-0.082318 0.000515 0.034619
-0.060669 -0.068142 0.09905
-0.071781 -0.055856 0.047419
-0.065071 -0.044853 0.124946
0.07017 0.044783 0.12199
-0.06129 -0.030986 -0.007196
-0.007935 0.098336 0.062147
0.035058 -0.04976 0.110332
0.065125 -0.011127 0.15037
-0.084179 0.012061 0.05144
-0.046596 -0.04942 0.13016
-0.077964 0.026975 0.015454
-0.002038 -0.06053 0.036486
0.020419 0.092821 0.14867
0.071515 0.010442 0.150607
0.066005 0.037636 0.015454
0.06011 -0.025731 0.144956
0.068381 0.042169 0.150607
0.056805 0.068387 0.142678
0.062959 0.038755 -0.007258
-0.040297 0.083016 0.034718
-0.083135 0.03343 0.016973
-0.078034 -0.012434 0.039821
0.038341 0.085544 0.000909
-0.084183 0.0257 0.04429
-0.03921 -0.050706 0.149955
-0.06245 -0.036286 0.122441
0.055033 0.069455 -0.006875
-0.005939 -0.060544 -0.006162
-0.072497 -0.022604 0.055663
0.074014 0.027687 0.093833
0.01525 0.095772 0.124375
0.073781 0.008228 0.068485
-0.048737 -0.025468 -0.001748
0.043212 9.5e-05 -0.007284
-0.059103 0.077125 0.004258
-0.049974 0.084435 0.023909
-0.077724 0.019775 0.089844
0.050542 -0.037973 0.091035
-0.029151 -0.056094 0.144955
-0.078639 -0.058771 0.053366
0.069345 -0.006645 0.146973
-0.019558 0.097044 0.038223
-0.081335 0.04102 0.042806
-0.040318 -0.054274 0.032509
-0.074634 0.057211 0.105881
-0.032703 0.093402 0.093833
0.029858 0.090347 0.041335
0.053483 -0.027765 -0.007196
-0.043827 -0.025047 -0.007284
-0.081078 -0.074645 0.057815
0.061654 -0.024424 0.004258
0.063642 0.044436 0.126964
-0.021472 0.096662 0.088061
-0.017636 0.097378 0.056371
-0.007739 0.093068 0.141789
0.074427 0.016001 0.134879
-0.083754 0.029578 0.065263
-0.030866 0.09406 0.000909
0.014665 0.093653 -0.007075
-0.077264 0.051983 0.047516
-0.066158 -0.031228 0.1111
0.072345 0.037291 0.124375
0.040001 -0.046628 0.113674
0.029898 -0.05252 0.062147
-0.063246 -0.036456 0.034162
-0.070544 0.063853 0.019287
0.057734 -0.019719 0.135456
0.01713 0.095252 0.124375
-0.002368 0.090563 0.001421
-0.061398 -0.038809 0.124652
0.036692 0.086587 0.016973
0.035058 -0.04976 -0.001864
-0.065574 -0.039029 0.120421
-0.046625 -0.063508 0.118903
0.033269 -0.043143 0.061074
0.068826 -0.010591 0.056371
0.033361 -0.050722 0.021605
-0.035897 0.043172 -0.001798
-0.045031 0.087567 -0.003028
0.053839 0.061435 0.004489
-0.083987 0.010119 0.093833
0.073775 0.029623 0.021605
-0.077053 0.034138 0.135456
0.072773 0.035388 0.093833
-0.051568 0.083311 0.093833
-0.058582 0.071169 0.146215
-0.063202 -0.047538 0.125741
-0.047968 -0.058742 0.113064
0.043162 -0.044342 0.115556
0.028273 0.056539 -0.007284
0.051894 -0.036567 -0.006162
0.049129 -0.039318 0.056371
0.069764 -0.000749 -0.007075
0.04462 0.080922 0.137581
0.060587 0.004924 -0.001396
-0.05451 -0.034438 0.075459
-0.075769 -0.00547 0.146215
0.070488 -0.004983 0.142678
0.064905 0.050911 -0.007075
-0.023375 0.096234 0.032639
0.042198 0.066758 -0.007281
-0.057657 0.078435 0.032639
-0.007935 0.098336 0.04429
-0.051569 0.083311 0.075105
0.049096 0.077155 0.068485
-0.049974 0.084435 0.059171
0.020893 -0.056253 0.081724
0.064639 0.057251 0.04429
-0.048154 0.081784 0.15037
0.041595 -0.045505 0.071777
-0.021472 0.096662 0.042806
-0.004115 0.09164 0.089844
0.04765 0.078465 0.10736
0.07187 0.039184 0.041335
0.009793 -0.050977 0.001421
-0.05744 0.070062 0.009066
0.046207 -0.041903 -0.001864
-0.064548 0.07154 0.034619
0.071976 0.017981 0.150607
0.062697 -0.022776 0.042806
0.035019 0.08759 0.02618
0.074446 0.021852 0.05144
0.060342 -0.025894 -0.006577
-0.077231 -0.014228 0.014682
-0.02335 -0.058425 0.042398
-0.057142 -0.039989 0.054436
-0.009333 -0.052584 0.001421
-0.048649 -0.024793 -0.007284
-0.057554 0.070167 0.015454
-0.025513 0.07031 -0.007284
-0.079486 -0.008813 0.002512
0.026966 0.084418 0.061074
-0.028969 0.088549 0.135456
-0.049864 -0.046552 0.085723
-0.011202 0.089416 -0.007258
0.033321 0.088551 0.016973
0.068062 0.050242 0.039826
0.053956 0.061532 0.089844
0.067684 0.012666 0.1162
0.06729 -0.014177 0.071777
0.018997 0.094686 0.084946
-0.017599 -0.059573 0.000909
-0.063964 -0.023751 0.075459
-0.084419 0.015955 0.081724
0.067119 0.005499 0.023954
0.022687 0.093418 0.113674
-0.0788 0.048397 0.084946
-0.030362 -0.054385 0.149955
-0.051222 -0.068384 0.034035
-0.053135 0.082148 0.10736
-0.042791 -0.05083 0.016355
-0.069208 -0.027294 0.04167
-0.054673 0.080948 0.098756
-0.081878 0.002602 0.146973
-0.002038 -0.06053 0.065263
0.058286 -0.029209 0.038223
-0.071627 0.062231 0.068485
-0.000135 0.098243 0.016973
0.039406 0.077284 0.023954
0.073495 0.006298 0.021605
-0.081335 0.04102 0.100827
0.059448 -0.027642 0.113674
-0.025267 0.09576 0.126871
-0.084421 0.021806 0.05144
-0.03087 -0.056195 0.114195
0.050386 -0.032506 0.148991
-0.026994 -0.050635 0.1162
0.029898 -0.05252 0.04429
-0.06514 0.046435 -0.007284
0.055849 -0.032256 0.056371
-0.066167 -0.012919 -0.00044
0.017015 -0.050478 0.075459
0.053235 0.073019 0.075105
0.0637 -0.021102 0.062147
-0.040811 0.055656 -0.001799
0.04765 0.078465 0.034619
0.058267 0.055792 0.126964
-0.068968 0.065121 0.144956
-0.072391 -0.022995 0.122
-0.046639 -0.048744 0.085923
0.043162 -0.044342 0.000909
0.046005 0.071191 0.047292
0.074353 0.014052 0.098756
0.066572 0.005601 0.103626
-0.032011 0.086452 0.004489
-0.072681 -0.062286 0.099975
-0.075498 -0.017678 0.045686
-0.042789 -0.053395 0.124588
-0.055427 -0.041095 -0.006875
0.022043 -0.048631 0.089844
0.058259 0.067052 -0.001864
-0.063407 -0.027901 0.146215
0.026352 -0.054146 0.093833
0.005688 0.09767 0.049364
-0.083461 0.006253 0.034619
0.024507 0.092716 0.093833
-0.084179 0.012061 -0.000551
-0.02144 -0.058857 0.042533
0.053977 0.055259 -0.007281
-0.021472 0.096662 0.100827
0.019238 0.068674 -0.007284
-0.073187 -0.050006 0.039172
0.07435 0.0238 0.021605
0.029034 0.088659 0.149955
0.062697 -0.022776 0.100827
0.039963 0.084461 0.093833
-0.003919 -0.032824 -0.007284
-0.077478 0.010843 0.1162
-0.056185 -0.011659 -0.001798
-0.068095 -0.043897 0.040915
-0.07025 -0.019167 0.148991
0.054545 0.071574 0.010248
0.008308 0.09042 0.089844
0.06881 0.048439 0.093833
0.054571 0.02063 -0.007284
-0.040939 -0.051743 0.137696
-0.073673 0.058908 0.02618
0.038341 0.085544 0.039826
-0.06815 -0.028898 0.111379
-0.002084 0.098338 -0.005609
0.074136 0.02574 0.137581
0.018349 -0.054561 -0.007075
0.049096 0.077155 0.036486
-0.084183 0.0257 0.108826
0.035058 -0.04976 -0.003028
-0.080143 -0.006976 0.023909
0.066217 0.033998 0.075459
-0.084323 0.014006 0.111934
0.073154 0.033475 0.053782
0.073795 0.014086 0.144956
-0.064548 0.07154 0.091035
0.074353 0.014052 0.028403
0.063677 0.058948 0.006141
0.06282 0.046042 0.047292
-0.077872 0.017988 0.061074
-0.067834 -0.028681 0.057258
-0.083748 0.008183 -0.001864
0.038688 0.076543 -0.007258
-0.070544 0.063853 0.042806
-0.030866 0.09406 0.039826
0.074353 0.014052 0.002512
-0.06647 0.041858 -0.001396
0.073495 0.006298 0.010248
0.005733 -0.059858 0.071777
0.068305 0.014422 0.015454
-0.040064 -0.044872 0.103626
0.0447 -0.043141 0.000909
0.030557 0.028282 -0.001799
0.065559 0.05553 0.006141
-0.019192 -0.057384 0.149955
-0.069408 -0.067313 0.082408
-0.059732 -0.07278 0.078023
0.020246 -0.044879 -0.007281
-0.035802 -0.054524 0.045687
0.025368 0.085224 0.1162
-0.050497 -0.046711 0.021579
-0.036892 -0.046516 0.103626
-0.062858 -0.035613 0.12237
-0.044864 -0.062423 0.121785
0.046206 -0.041901 0.132156
0.039328 0.044796 -0.001799
-0.082746 0.002418 0.11972
0.007663 -0.059572 -0.005609
0.065059 0.039238 0.1162
-0.058405 -0.061777 0.024396
-0.082329 0.037247 0.02618
0.071362 -0.003214 0.021605
0.073781 0.008228 0.056371
-0.043748 -0.052945 0.043959
0.070185 -0.006933 -0.005609
-0.07121 -0.083395 0.076564
0.061629 0.062269 -0.005609
0.02085 0.094074 0.02618
-0.014142 0.085323 -0.001396
0.071349 0.041064 0.062147
0.013402 -0.058428 0.12199
-0.049974 0.084435 0.05144
0.011946 -0.052305 0.034718
0.017174 -0.057433 0.081724
0.060571 -0.026047 0.113674
-0.021427 -0.058866 0.061832
-0.080143 -0.006976 0.059171
0.060545 0.063891 0.004258
-0.078782 -0.010634 0.021605
0.059421 0.065485 0.021605
-0.060454 0.037968 -0.007284
-0.056181 0.07971 0.010248
-0.011829 0.098096 -0.000551
-0.046407 -0.051259 0.045102
0.074446 0.021852 -0.000551
-0.057454 -0.053595 0.023436
-0.082318 0.000515 0.019287
0.064639 0.057251 0.108826
-0.083468 0.031508 0.006141
0.064495 0.040937 0.061074
-0.06706 0.068554 0.129469
0.054545 0.071574 0.047516
-0.070492 -0.04636 0.123523
-0.084326 0.023755 0.081724
-0.084326 0.023755 0.045843
0.031641 -0.051642 0.000909
0.063677 0.058948 0.014682
0.031962 -0.044451 0.023954
-0.046704 0.086563 0.002512
0.020602 -0.055373 -0.006875
0.011498 -0.058856 0.049364
-0.054121 -0.043546 0.017453
0.004844 -0.053323 0.061074
0.036692 0.086587 0.032639
-0.033001 -0.055313 0.119962
-0.084466 0.019856 0.132156
0.026836 -0.042277 -0.00044
-0.00789 -0.060531 0.113674
0.071557 0.039101 0.142678
-0.064071 -0.079585 0.043589
-0.050525 -0.059936 0.044404
-0.083461 0.006253 0.091035
-0.079852 0.044635 0.142678
-0.077237 -0.014208 0.091069
-0.084421 0.021806 -0.000551
-0.072155 -0.052239 0.044328
0.073495 0.006298 0.047516
0.035019 0.08759 0.045843
0.056872 0.057044 -0.007258
0.008259 0.08921 -0.007258
0.051859 0.071741 0.149955
-0.078054 0.0502 -0.004042
0.033975 0.078766 0.001421
-0.08019 -0.072769 0.049468
0.050542 -0.037973 0.088061
-0.070544 0.063853 0.100827
0.040564 0.070447 -0.00044
0.020893 -0.056253 0.10736
0.051889 0.074432 0.042806
0.003797 -0.060097 0.062147
0.049096 0.077155 0.065263
-0.070384 -0.023818 0.14867
0.070782 0.042931 0.091035
0.067285 0.02874 0.1162
-0.017636 0.097378 0.111934
0.02455 -0.054893 0.004258
0.046172 0.079739 -0.004042
0.043162 -0.044342 0.039826
-0.083468 0.031508 0.014682
-0.067588 -0.047667 0.042795
-0.079501 0.046577 0.023909
0.058604 0.017887 -0.001748
0.06936 0.021607 -0.007196
0.0316 0.08947 0.096418
0.071349 0.041064 0.04429
-0.081855 0.03914 0.041335
-0.071627 0.062231 0.056371
-0.032691 0.093371 -0.006162
0.059448 -0.027642 0.093833
-0.019514 -0.059246 0.10111
0.033321 0.088551 0.032639
-0.060434 -0.036252 0.10794
-0.080294 0.030998 0.15037
-0.056181 0.07971 0.047516
-0.084419 0.015955 0.10736
-0.070612 -0.01315 0.047292
0.068826 -0.010591 0.111934
0.058443 0.055896 0.015454
-0.03808 -0.053401 0.093798
0.057232 -0.028407 0.14867
-0.076472 -0.007692 0.15037
-0.059055 0.077074 0.137581
-0.01163 0.095488 -0.007075
0.07017 0.044783 0.023909
-0.069421 0.065448 0.062147
-0.032294 -0.055799 0.111612
-0.081322 -0.003257 0.113674
0.058729 -0.027122 0.146973
-0.078054 0.0502 0.012434
-0.000135 0.098243 0.032639
-0.080769 0.042887 0.036486
0.049129 -0.039318 0.111934
-0.047155 0.003215 -0.001798
0.02273 -0.055596 0.062147
0.047536 0.067722 0.001421
0.046361 0.053242 -0.007284
0.033361 -0.050722 0.053782
0.036233 0.079021 0.061074
0.0637 -0.021102 0.006141
0.033361 -0.050722 0.091035
0.073162 0.004376 -0.004042
0.073775 0.029623 0.053782
0.018997 0.094686 0.105881
-0.059573 -0.060308 0.04783
0.024111 -0.028289 -0.001798
-0.003988 -0.060578 0.006141
0.073775 0.029623 0.091035
0.020893 -0.056253 0.034619
-0.071406 -0.063737 0.059587
-0.013725 -0.060102 0.081738
0.041559 0.083338 0.104335
0.044473 0.080744 -0.006577
-0.076418 0.001918 0.015454
-0.07724 -0.014212 0.07844
0.02268 0.093398 0.134879
0.067748 0.021603 0.103626
0.043126 0.082176 0.113674
-0.03109 0.089066 0.146215
-0.05219 -0.037229 0.023954
-0.039871 0.090326 0.049364
0.069225 -0.008658 0.142678
0.062697 -0.022776 0.016973
-0.060778 -0.033078 0.15037
-0.067109 -0.04236 0.118384
0.036731 -0.048757 0.041335
-0.079501 0.046577 0.059171
-0.06826 0.067016 -0.004042
0.014283 -0.015347 -0.001798
0.038011 0.078427 0.015454
-0.083754 0.029578 0.030561
0.020354 0.087135 0.075459
-0.082318 0.000515 0.088061
-0.063959 -0.03261 0.047251
-0.039843 -0.052564 0.056722
-0.025041 0.094902 0.146973
-0.047703 0.077966 0.061074
0.053235 0.073019 0.124375
0.06188 -0.009738 0.089844
-0.015453 0.095804 0.149955
-0.078783 -0.010633 0.05637
0.01525 0.095772 -0.004042
-0.084419 0.015955 0.034619
0.050509 0.075811 0.032639
-0.058021 -0.078938 0.112768
0.07017 0.044783 0.059171
0.003797 -0.060097 0.04429
-0.073673 0.058908 0.045843
-0.069993 0.052607 0.126964
0.049854 0.067424 0.126964
0.070796 -0.005081 0.081724
-0.005985 0.098384 -0.004042
0.0447 -0.043141 0.039826
-0.059103 0.077125 0.124375
0.051889 0.074432 0.100827
-0.047877 -0.050276 0.045576
-0.027128 0.095172 0.137581
0.073162 0.004376 0.012434
-0.062533 -0.035768 0.126459
0.061654 -0.024424 0.124375
-0.082746 0.002418 0.098756
0.073154 0.033475 0.078432
0.025618 0.078735 -0.007281
0.01713 0.095252 -0.004042
0.067769 0.014454 0.061074
0.044664 0.080976 0.068485
0.04765 0.078465 0.019287
0.003752 0.097909 0.004258
-0.080158 0.04474 0.075105
-0.049231 -0.042346 0.148991
0.074353 0.014052 0.102668
-0.080143 -0.006976 0.05144
-0.023331 -0.058439 0.081976
-0.003988 -0.060578 0.014682
-0.01377 0.097904 0.038223
0.074445 0.016 0.132156
-0.06826 0.067016 0.012434
-0.077237 -0.014221 0.036479
-0.069421 0.065448 0.04429
-0.082318 0.000515 0.042806
-0.004114 0.091684 0.075459
-0.059479 -0.038755 0.014343
-0.065126 -0.039682 0.04102
0.072782 0.002463 0.113674
0.058663 -0.018169 0.135456
-0.066075 -0.020864 0.061074
0.01525 0.095772 0.012434
0.066692 0.034095 0.009066
0.02273 -0.055596 0.04429
0.038379 -0.047713 0.016973
-0.009839 -0.060436 0.023909
-0.048352 0.085519 0.068485
-0.083461 0.006253 0.019287
-0.005985 0.098384 0.012434
-0.082329 0.037247 0.045843
0.007618 0.097385 0.016973
0.031641 -0.051642 0.039826
0.049713 0.067299 0.047292
-0.067023 -0.064083 0.055436
0.05582 0.070097 0.115556
-0.046585 0.027026 -0.007284
-0.011829 0.098096 0.11972
0.02085 0.094074 0.081724
0.02085 0.094074 0.045843
0.029806 -0.04021 -0.007281
-0.052933 -0.068545 0.031099
0.057081 -0.019317 0.061074
-0.07251 -0.022622 0.058539
-0.045595 -0.018842 -0.001798
-0.066549 -0.031132 0.008144
0.019821 -0.043386 -0.001396
0.06768 0.025182 0.1162
0.074206 0.025746 0.113674
0.068062 0.050242 0.010248
-0.005938 -0.060509 0.137581
0.01713 0.095252 0.012434
0.002173 -0.025515 -0.001798
-0.081683 -0.001335 0.1402
-0.0398 -0.052424 0.129075
-0.002038 -0.06053 0.030561
-0.005009 0.076179 -0.001799
-0.015707 0.097665 0.126871
0.009585 -0.059237 0.096418
0.04938 -0.029142 0.004489
-0.074634 0.057211 0.02618
-0.080769 0.042887 0.065263
-0.025781 0.090333 -0.007196
-0.061894 0.074399 0.056371
0.071359 -0.003213 0.132156
-0.082199 0.002534 0.144956
-0.054539 0.072215 0.103626
0.05018 0.067712 0.135456
-0.063239 0.072986 0.081724
-0.066969 -0.030828 -0.000551
0.054152 0.042299 -0.001748
0.022395 0.035786 -0.007284
-0.023669 0.089704 0.126964
0.07435 0.0238 0.053782
0.051183 -0.035895 -0.006875
-0.046704 0.086563 0.102668
0.017174 -0.057433 0.10736
0.033444 -0.043426 0.126964
-0.084323 0.014006 0.110332
-0.052965 -0.044182 0.067932
0.064661 -0.019404 0.021605
-0.08129 -0.061133 0.058787
-0.027147 0.095239 0.081724
-0.027147 0.095239 0.045843
-0.020082 0.090106 0.103626
-0.046687 0.086536 -0.006162
-0.050481 -0.047405 0.105802
-0.064548 0.07154 0.088061
0.037619 0.084433 0.14867
-0.008965 -0.048026 -0.001396
0.005733 -0.059858 0.117573
-0.011788 -0.06029 0.023909
-0.076949 0.007303 0.061074
-0.024051 -0.036565 -0.007284
-0.084326 0.023755 0.10736
-0.06656 -0.078932 0.042154
-0.065972 0.058554 0.089844
0.074353 0.014052 -0.004903
-0.017591 -0.059578 0.098924
0.023961 -0.048575 0.015454
0.062417 -0.022607 -0.006577
0.035998 0.085459 0.14867
-0.057148 -0.040442 0.045347
0.07421 0.012106 0.041335
0.063677 0.058948 0.084946
0.069224 0.019835 0.141789
-0.061826 0.064368 0.075459
-0.036325 0.091952 0.006141
0.01686 0.039209 -0.001798
-0.078054 0.0502 0.008144
0.074495 0.01795 0.053782
-0.047992 -0.046878 0.146978
-0.03626 0.0918 0.1402
-0.070099 -0.052478 0.027449
-0.063859 -0.040478 0.042009
0.074495 0.01795 0.091035
-0.059101 0.077123 0.132156
0.02631 0.09197 0.068485
-0.007935 0.098336 0.104335
-0.082318 0.000515 0.100827
-0.081843 -0.001377 0.093833
0.071882 -0.001333 -0.004042
-0.041614 0.089449 0.081724
0.073781 0.008228 0.111934
-0.074529 -0.051422 0.122218
0.065559 0.05553 0.104335
0.051695 0.074237 -0.006577
-0.084468 0.017905 0.04429
0.044664 0.080976 0.036486
-0.011784 -0.060293 0.062139
0.017174 -0.057433 0.034619
-0.062545 0.050433 -0.001396
-0.084179 0.012061 0.098756
0.068062 0.050242 0.047516
0.071362 -0.003214 0.053782
-0.057275 0.069894 0.047292
-0.067986 -0.029276 0.115954
-0.043334 0.088529 0.115556
0.00362 0.096813 -0.006875
-0.062336 -0.039129 0.123822
0.074185 0.025744 0.134879
0.074019 0.010165 -0.001864
0.019607 -0.026616 -0.007284
-0.052924 -0.044128 0.104323
-0.060136 -0.037516 0.067428
-0.079486 -0.008813 0.129469
-0.083127 0.004331 0.071777
-0.005939 -0.060579 -0.005609
0.065784 0.037578 0.034718
-0.079501 0.046577 0.05144
-0.084326 0.023755 0.034619
0.011454 0.096672 0.049364
-0.017627 -0.059553 0.008144
0.059421 0.065485 0.053782
-0.021904 -0.052424 0.009066
-0.072251 -0.009954 0.034718
-0.081322 -0.003257 0.093833
0.047684 -0.040629 0.006141
-0.04413 -0.02801 -0.001748
-0.046147 -0.041127 0.075459
-0.029014 0.094672 -0.004042
-0.083468 0.031508 0.084946
-0.079182 -0.058498 0.113016
-0.013735 0.097582 0.142678
0.033361 -0.050722 0.078432
-0.070804 -0.009144 -0.007258
-0.034523 0.092699 -0.000551
-0.068145 -0.02878 0.110162
-0.023498 0.089055 0.004489
0.073775 0.029623 0.078432
0.07017 0.044783 0.05144
-0.083461 0.006253 0.088061
0.041595 -0.045505 0.11972
-0.004034 0.098385 0.010248
0.071882 -0.001333 0.012434
-0.078751 -0.01062 -0.006162
-0.033277 -0.033535 -0.007284
-0.030866 0.09406 0.010248
0.069528 -0.00877 0.12199
-0.021409 -0.058248 0.144956
0.073162 0.004376 0.008144
-0.081147 -0.06322 0.087385
-0.069825 0.05252 0.047292
-0.036325 0.091952 0.014682
-0.07643 0.053747 0.053782
-0.071446 0.053361 0.146215
0.003797 -0.060097 0.108826
-0.07643 0.053747 0.091035
0.06808 -0.012393 -0.001864
0.037993 -0.040524 0.023954
-0.05184 -0.061442 0.024797
-0.064577 0.064216 0.146215
0.066457 -0.015941 0.004258
0.042269 0.075097 0.015454
-0.071392 -0.024165 0.046506
-0.075553 0.05549 0.041335
-0.038728 -0.054334 0.117018
0.04765 0.078465 0.042806
-0.038108 0.091161 0.006141
0.06729 -0.014177 0.11972
0.070782 0.042931 0.088061
0.031373 0.003992 -0.001798
0.074329 0.023799 0.134879
-0.06826 0.067016 0.008144
-0.080143 -0.006976 -0.000551
-0.063666 -0.034314 0.039241
0.051889 0.074432 0.016973
-0.078654 -0.008504 0.146973
-0.084179 0.012061 0.028403
-0.034483 -0.054914 0.063862
-0.062107 -0.03881 0.027521
0.013402 -0.058428 0.023909
-0.031333 0.08972 0.148991
-0.028934 -0.05689 0.040545
-0.017636 0.097378 0.110332
0.073694 0.010204 -0.006577
-0.077912 0.025162 0.034718
0.071412 0.031218 -0.007075
-0.072203 -0.073992 0.117992
0.01525 0.095772 0.008144
-0.084179 0.012061 0.002512
-0.035505 0.085489 0.009066
-0.029014 0.094672 0.012434
-0.073296 -0.05357 0.114413
-0.053093 0.082093 0.137581
0.062697 -0.022776 0.032639
-0.054063 -0.043731 0.020896
-0.071728 -0.060396 0.124086
0.067135 0.028719 0.075459
-0.069421 0.065448 0.108826
0.07391 0.012136 -0.006577
-0.084271 -0.066146 0.081809
-0.005985 0.098384 0.008144
-0.002084 0.098338 0.021605
-0.049331 -0.03391 -0.00044
-0.042621 0.079941 0.001421
-0.053135 0.082148 0.042806
0.048647 0.068755 0.126964
-0.005919 0.093114 0.141789
-0.071627 0.062231 0.111934
-0.072453 -0.012022 0.141789
0.051921 -0.036593 0.108826
0.060543 0.063889 0.132156
0.047684 -0.040629 0.014682
0.064454 -0.008928 -0.007196
0.068826 -0.010591 0.110332
-0.075632 0.053358 0.146973
-0.043334 0.088529 0.000909
0.06558 -0.017684 0.004258
-0.040697 -0.051759 0.140258
0.073495 0.006298 0.078432
0.018675 -0.049433 -0.007258
0.01713 0.095252 0.008144
-0.011829 0.098096 0.098756
0.070796 -0.005081 0.10736
-0.027089 -0.057455 0.103901
-0.048445 -0.041259 0.141789
-0.039871 0.090326 0.002512
-0.077264 0.051983 0.041335
-0.019558 0.097044 0.02618
0.049129 -0.039318 0.110332
0.040778 0.076124 0.009066
-0.071179 -0.024768 0.126871
0.020893 -0.056253 0.019287
-0.082677 0.002433 0.137581
0.026815 0.066538 -0.001799
-0.062952 -0.082487 0.06185
-0.060515 0.075779 0.056371
-0.002665 -0.046684 -0.001396
-0.004034 0.098385 0.047516
0.0334 0.084811 0.15037
0.044664 0.080976 0.065263
-0.065992 -0.059336 0.049257
-0.04968 -0.063264 0.125429
-0.030866 0.09406 0.047516
-0.062836 -0.035882 0.120989
-0.084468 0.019856 0.075105
0.001854 -0.060269 0.134879
-0.036744 0.013784 -0.007284
0.073568 0.01795 -0.006875
0.013402 -0.058428 0.059171
0.053266 -0.035179 -0.001864
-0.05347 -0.033282 0.001421
0.007663 -0.059572 0.021605
-0.048352 0.085519 0.056371
0.06206 -0.009814 0.1162
0.049096 0.077155 0.030561
0.017173 -0.05743 0.132156
-0.003988 -0.060578 0.084946
0.011498 -0.058856 -0.004042
-0.022537 0.085414 -0.00044
-0.05672 -0.042979 0.045295
0.056263 -0.025341 0.148991
0.070185 -0.006933 0.021605
-0.059356 0.043787 -0.007284
-0.074718 -0.017334 0.146973
-0.030575 0.09318 -0.006875
-0.056498 0.023744 -0.007284
0.061629 0.062269 0.021605
0.046207 -0.041903 0.071777
0.0637 -0.021102 0.104335
0.031599 0.089468 0.132156
-0.009838 -0.060436 0.042805
0.072345 0.037291 0.126871
-0.013725 -0.060102 0.059142
-0.084419 0.015955 0.019287
0.01028 0.083272 -0.007284
0.038379 -0.047713 0.032639
0.008335 0.090567 0.061074
-0.074634 0.057211 0.045843
-0.080158 0.04474 0.124375
-0.023587 -0.058254 0.121999
-0.043294 -0.050745 0.093137
-0.047739 -0.055988 0.044159
0.04765 0.078465 0.100827
-0.020657 0.092819 0.148991
0.007618 0.097385 0.032639
-0.077295 -0.060597 0.036243
0.02085 0.094074 0.10736
-0.073673 0.058908 0.034619
0.07435 0.0238 0.078432
-0.044895 -0.05008 0.13141
0.037634 0.077905 0.103626
0.062674 0.060621 0.004258
0.061199 0.05123 0.135456
-0.044493 -0.053916 0.111635
-0.079463 0.046563 -0.006162
-0.084323 0.014006 -0.003028
0.074446 0.021852 0.028403
0.074446 0.021852 0.002512
-0.066294 -0.066395 0.059853
0.02455 -0.054893 0.124375
0.050509 0.075811 0.014682
0.036317 0.04437 -0.007284
-0.071502 -0.062405 0.02824
0.035019 0.08759 0.053782
-0.028845 0.094139 0.144956
0.053139 0.07033 0.149955
-0.063239 0.072986 0.10736
0.035019 0.08759 0.091035
0.069806 0.036661 -0.007075
0.008417 0.091009 0.023954
-0.023375 0.096234 0.038223
-0.053135 0.082148 0.100827
-0.057657 0.078435 0.038223
0.023253 -0.030926 -0.001799
0.005733 -0.059858 0.11972
0.011498 -0.058856 0.012434
-0.080447 -0.005026 0.142678
-0.002084 0.098338 0.010248
-0.053895 -0.060258 0.023949
0.004905 -0.053768 0.023954
-0.027147 0.095239 0.10736
-0.084468 0.017905 0.108826
-0.022246 0.077514 -0.001748
-0.071242 -0.024716 0.122005
0.042207 -0.037145 0.009066
0.074495 0.01795 0.078432
-0.084421 0.021806 0.028403
0.022663 0.093352 0.137581
-0.054673 0.080948 0.068485
-0.046704 0.086563 0.129469
0.067906 0.027008 0.023954
0.05582 0.070097 0.117573
-0.046676 -0.033809 -0.007281
0.020967 0.088625 -0.007196
-0.084421 0.021806 0.002512
-0.037192 -0.051462 -0.007075
0.036695 -0.048698 0.137581
0.058259 0.067052 0.071777
0.02085 0.094074 0.034619
0.02631 0.09197 0.056371
0.071882 -0.001333 0.008144
-0.08395 0.010123 -0.006162
-0.043934 -0.057964 0.030731
0.07017 0.044783 -0.000551
-0.041375 -0.053947 0.123058
-0.071488 -0.024301 0.075108
0.071362 -0.003214 0.078432
0.019198 0.064641 -0.007284
0.041595 -0.045505 0.098756
0.07187 0.039184 0.108826
0.067271 0.052025 0.049364
0.055849 -0.032256 -0.001864
-0.07267 0.060582 0.004258
-0.041614 0.089449 0.10736
-0.011787 -0.060291 0.010248
-0.057654 -0.080075 0.090668
0.0447 -0.043141 0.010248
0.001234 0.091379 0.089844
0.015254 0.088773 0.089844
0.040001 -0.046628 0.096418
-0.063239 0.072986 0.034619
-0.034523 0.092699 0.11972
-0.034275 -0.041409 -0.001396
0.001811 0.098099 0.056371
-0.075787 0.000221 0.126964
0.070185 -0.006933 0.010248
0.059421 0.065485 0.078432
-0.0385 -0.053846 0.035815
0.063677 0.058948 0.105881
-0.054442 -0.039948 -0.007075
-0.081607 0.006552 0.149955
-0.083754 0.029578 0.12199
-0.027147 0.095239 0.034619
-0.059103 0.077125 -0.004042
-0.03048 -0.04974 0.126964
-0.038819 0.084066 0.015454
-0.029014 0.094672 0.008144
0.071056 0.036985 0.14867
0.011953 -0.052335 0.126964
-0.044996 -0.049756 0.052149
0.061654 -0.024424 -0.004042
-0.081029 0.000821 0.14867
0.011851 -0.051907 0.103626
-0.045031 0.087567 -0.000551
-0.057069 0.07777 0.146973
-0.07643 0.053747 0.078432
-0.049245 -0.04552 0.14867
0.064661 -0.019404 0.053782
0.047426 0.078211 -0.006577
-0.044999 0.080368 0.023954
-0.071409 -0.024196 0.044931
0.064661 -0.019404 0.091035
-0.041604 0.08943 0.134879
-0.077239 -0.014214 0.108845
-0.002084 0.098338 0.047516
0.072648 0.008382 -0.006875
-0.081335 0.04102 0.006141
-0.021434 -0.058861 -0.001864
-0.083748 0.008183 0.071777
-0.076185 0.053624 -0.006577
0.059937 0.058933 0.15037
-0.043334 0.088529 0.039826
0.027251 0.070806 -0.001748
0.052038 -0.024427 0.001421
0.036231 -0.024184 -0.001798
0.067793 0.018031 0.103626
0.073781 0.008228 0.110332
-0.062643 -0.071316 0.122547
0.057058 0.068589 0.075105
-0.017636 0.097378 -0.003028
-0.063332 0.063265 0.009066
0.0316 0.08947 0.016973
0.020893 -0.056253 0.042806
-0.084179 0.012061 0.102668
0.033505 -0.043525 0.023954
0.011454 0.096672 0.002512
0.017174 -0.057433 0.019287
-0.073566 -0.021036 0.043917
-0.080769 0.042887 0.030561
-0.059103 0.077125 0.012434
-0.069451 0.063104 0.14867
-0.073461 -0.021277 0.026178
-0.083468 0.031508 0.105881
-0.043334 0.088529 0.117573
0.054575 -0.033733 0.108826
-0.074566 -0.019409 0.108982
-0.036325 0.091952 0.104335
-0.083127 0.004331 0.117573
0.061654 -0.024424 0.012434
-0.075532 -0.017724 -0.005609
0.022687 0.093418 0.096418
-0.079798 0.021637 0.146215
-0.071783 -0.022427 0.146973
0.013402 -0.058428 0.05144
-0.05419 -0.075192 0.116289
0.043534 -0.035938 0.126964
0.068826 -0.010591 -0.003028
-0.063935 -0.053118 0.023845
-0.084305 0.023753 0.134879
0.044585 -0.039976 0.150607
-0.068024 -0.04555 0.124439
-0.084326 0.023755 0.019287
0.013052 0.094956 0.14867
0.051889 0.074432 0.032639
-0.080001 0.044686 0.1402
0.024524 -0.054828 0.137581
0.015232 0.095704 0.137581
0.0447 -0.043141 0.047516
-0.023488 -0.012862 -0.001798
-0.04773 0.078004 0.1162
0.072749 0.002469 -0.006162
-0.019558 0.097044 0.081724
-0.084419 0.015955 0.042806
-0.019558 0.097044 0.045843
0.070185 -0.006933 0.047516
0.049129 -0.039318 -0.003028
-0.021472 0.096662 0.006141
-0.002038 -0.06053 0.12199
0.027302 0.085108 0.135456
-0.054673 0.080948 0.036486
-0.082329 0.037247 0.053782
-0.080967 -0.061904 0.116834
0.06758 0.047947 0.14867
-0.082329 0.037247 0.091035
-0.07515 -0.05281 0.040817
-0.065088 -0.032034 0.041578
-0.081335 0.04102 0.014682
-0.052427 0.075251 0.135456
0.013656 0.089715 0.126964
0.015294 -0.057953 0.056371
0.054545 0.071574 0.041335
-0.060599 0.068049 0.141789
-0.049974 0.084435 0.002512
-0.07643 0.053747 0.088061
0.055601 0.040459 -0.007284
0.029858 0.090347 -0.001864
-0.035591 -0.040929 -0.007281
0.066418 0.053779 0.134879
-0.070684 -0.072717 0.033972
0.047684 -0.040629 0.104335
0.06 0.052644 0.126964
-0.063184 -0.035191 -0.006162
0.066437 0.053788 0.12199
-0.083987 0.010119 0.004258
0.011498 -0.058856 0.008144
0.044019 -0.042273 -0.006875
-0.083135 0.03343 0.038223
0.072773 0.035388 0.004258
-0.044971 0.080331 0.009066
0.074353 0.014052 0.036486
-0.039047 0.088639 0.149955
-0.02685 0.094176 -0.006875
0.013397 -0.058408 0.134879
0.040669 -0.032286 -0.007281
-0.000505 -0.053701 0.089844
0.009541 0.097052 0.056371
-0.000135 0.098243 0.084946
-0.051302 -0.047829 0.128386
-0.084179 0.012061 -0.004903
-0.025321 0.088949 0.1162
-0.083775 -0.064628 0.081922
0.028094 0.09118 0.115556
-0.038108 0.091161 0.104335
-0.083145 0.031459 -0.006577
-0.009838 -0.060436 0.110333
-0.083992 0.027642 0.096418
-0.071627 0.062231 0.110332
0.013358 0.096245 0.049364
-0.053135 0.082148 0.016973
0.053144 -0.035067 0.1402
0.020893 -0.056253 0.100827
0.074446 0.021852 0.102668
0.049212 -0.024356 -0.00044
0.073488 0.031553 0.049364
-0.057387 0.075279 0.150607
-0.021472 0.096662 0.014682
0.001354 -0.054482 0.135456
0.036692 0.086587 0.038223
-0.084468 0.019856 0.124375
-0.042807 -0.056509 0.123381
0.062697 -0.022776 0.014682
-0.002084 0.098338 0.053782
0.028487 -0.049631 0.15037
0.044664 0.080976 0.111934
-0.003988 -0.060578 0.105881
0.058104 0.055697 0.047292
0.066221 0.035835 0.034718
-0.021427 -0.058866 0.085192
0.035058 -0.04976 -0.000551
-0.038525 0.0835 0.103626
0.074457 0.0199 -0.006162
0.058286 -0.029209 0.081724
0.038101 0.06012 -0.001798
-0.074525 0.040911 0.1162
0.050597 0.065719 0.004489
-0.056181 0.07971 0.041335
-0.065275 0.028824 -0.001748
-0.060515 0.075779 0.111934
-0.084419 0.015955 0.100827
0.054573 -0.033732 0.132156
-0.070877 -0.061258 0.124142
0.050509 0.075811 0.084946
-0.056151 0.044646 -0.001799
-0.015666 -0.059861 0.108866
0.059542 -0.023051 0.150607
-0.061847 -0.036637 -0.003028
-0.034523 0.092699 0.098756
-0.084421 0.021806 0.102668
0.00136 0.092848 0.141789
-0.06024 0.022237 -0.007284
0.041559 0.083338 -0.005609
-0.002309 0.09216 0.009066
-0.067732 -0.043017 0.035431
0.072479 0.035321 -0.006577
-0.049937 -0.046654 -0.004042
0.02609 0.091456 0.144956
-0.062518 0.069745 -0.007075
-0.048352 0.085519 0.111934
0.064822 0.009442 -0.007258
0.009585 -0.059237 0.016973
-0.009838 -0.060436 0.045842
-0.055786 -0.043488 0.129144
0.067901 0.021609 0.1162
-0.034478 -0.0499 0.146215
-0.071627 0.062231 -0.001864
-0.046932 -0.062744 0.032451
0.074014 0.027687 0.075105
-0.033934 0.086381 0.015454
0.007663 -0.059572 0.053782
-0.073673 0.058908 0.019287
0.050577 -0.035282 0.149955
0.066975 0.051885 -0.006577
-0.051699 -0.036661 0.004489
0.048863 0.031247 -0.001799
-0.054673 0.080948 0.065263
-0.032703 0.093402 0.075105
0.011494 -0.058836 0.134879
0.033321 0.088551 0.038223
-0.080143 -0.006976 0.098756
-0.035013 -0.054914 0.109449
-0.073801 0.048378 0.146215
0.061433 0.028059 -0.001396
0.005614 -0.058979 0.146973
0.061629 0.062269 0.053782
0.060571 -0.026047 0.096418
0.070521 0.016144 0.148991
-0.005939 -0.060579 0.021605
0.026352 -0.054146 0.004258
-0.076432 -0.013853 0.146973
-0.045031 0.087567 0.11972
-0.059848 0.069838 0.146215
0.065958 -0.003491 -0.007196
-0.070544 0.063853 0.006141
-0.000135 0.098243 0.038223
0.035019 0.08759 0.088061
0.024507 0.092716 0.004258
0.064925 -0.001349 0.075459
0.020407 0.087278 0.1162
-0.059103 0.077125 0.008144
-0.060509 0.055194 -0.001396
0.017174 -0.057433 0.042806
0.06558 -0.017684 0.049364
0.074446 0.021852 -0.004903
0.059992 -0.014786 0.034718
-0.008899 -0.049577 -0.007281
-0.000516 0.092062 0.009066
-0.05865 -0.038757 0.060337
0.064661 -0.019404 0.078432
0.061654 -0.024424 0.008144
-0.078173 -0.060434 0.105122
-0.083579 -0.065698 0.105794
0.039963 0.084461 0.004258
-0.027104 -0.057445 0.082202
0.074353 0.014052 0.065263
-0.081855 0.03914 0.108826
0.044664 0.080976 0.030561
-0.015663 -0.059863 0.105943
-0.034523 0.092699 0.028403
-0.00789 -0.060531 0.096418
-0.083001 0.014088 0.14867
-0.084326 0.023755 0.042806
0.067272 -0.014169 0.134879
0.06881 0.048439 0.004258
0.068189 0.016229 0.126964
0.054346 -0.023956 0.034718
0.064639 0.057251 0.115556
-0.066172 -0.031383 0.038701
-0.011785 -0.060293 0.039822
0.047766 0.072998 0.148991
-0.040161 0.079114 -0.00044
-0.03249 -0.045176 -0.00044
-0.03099 0.079925 -0.001396
-0.081642 -0.062775 0.095375
0.067271 0.052025 0.002512
0.065541 0.055521 0.134879
0.058259 0.067052 0.117573
-0.023587 -0.058254 0.014682
0.02085 0.094074 0.019287
0.022831 -0.050598 0.146215
0.073781 0.008228 -0.003028
0.038203 -0.047442 0.142678
0.053235 0.073019 0.126871
-0.068231 -0.029246 -0.004903
-0.084323 0.014006 0.023909
-0.051533 -0.04553 0.010102
-0.055381 -0.071594 0.054191
-0.067481 -0.068016 0.070575
-0.071994 -0.02022 0.149955
-0.062819 -0.063135 0.025299
-0.084421 0.021806 -0.004903
-0.075611 0.00212 0.004489
0.032648 -0.042135 0.001421
-0.082001 0.000594 -0.006577
-0.082746 0.002418 0.068485
0.02631 0.09197 0.111934
-0.084183 0.0257 0.000909
-0.081046 -0.071759 0.05008
0.068043 0.01982 0.047292
-0.034944 -0.054925 0.039836
0.049048 0.077104 0.137581
-0.080143 -0.006976 0.028403
0.025668 0.08588 0.135456
-0.051925 -0.042902 0.149955
-0.063239 0.072986 0.019287
-0.060399 0.075661 0.1402
-0.061894 0.074399 0.110332
0.027163 0.084822 0.023954
-0.070358 -0.025859 0.078712
-0.074486 -0.019536 0.126871
-0.070544 0.063853 0.014682
0.049096 0.077155 0.12199
-0.053185 -0.035636 0.103626
-0.044508 -0.058153 0.042342
0.060545 0.063891 0.012434
-0.082726 0.002423 0.134879
-0.082593 0.035309 0.1402
0.0316 0.08947 0.032639
-0.027147 0.095239 0.019287
-0.036844 -0.053971 0.118714
-0.083688 0.010148 -0.006577
-0.053485 -0.044914 0.105904
-0.056262 -0.042299 0.107266
-0.076204 0.035795 0.034718
-0.023922 0.090663 0.141789
-0.075499 -0.017677 0.091192
0.062674 0.060621 0.124375
-0.080473 -0.060577 0.058985
-0.036317 0.091933 0.134879
0.02455 -0.054893 -0.004042
0.064272 -0.004901 0.009066
0.021089 6.7e-05 -0.007284
0.057058 0.068589 0.124375
-0.056098 0.068795 0.001421
0.04888 0.071415 -0.007196
-0.072511 -0.022855 0.036356
-0.019558 0.097044 0.10736
0.001697 0.09678 0.14867
0.050303 0.075592 -0.006577
-0.084323 0.014006 0.059171
0.06922 -0.00866 -0.006577
-0.076395 -0.015966 0.042748
-0.06706 0.068554 0.093833
0.073154 0.033475 0.062147
-0.067176 0.057199 0.047292
0.017174 -0.057433 0.100827
-0.082858 0.004385 -0.006577
0.015276 -0.057886 0.137581
-0.0575 -0.065042 0.125363
-0.015706 0.097665 0.075105
0.057086 -0.030747 0.096418
-0.074634 0.057211 0.091035
0.022268 -0.054354 0.14867
-0.073673 0.058908 0.088061
-0.039871 0.090326 0.129469
0.064639 0.057251 0.000909
-0.06908 -0.027123 0.04574
-0.041614 0.089449 0.019287
-0.054477 -0.042945 0.078765
0.001807 0.098062 -0.006162
-0.065822 0.070062 0.049364
0.029522 0.074727 -0.001396
0.043126 0.082176 0.096418
-0.002277 -0.054082 0.047292
-0.013563 0.096038 0.149955
-0.020063 -0.052412 0.061074
-0.081335 0.04102 0.084946
-0.065778 -0.032099 0.11817
-0.047755 -0.066071 0.041817
-0.061894 0.074399 -0.001864
-0.084326 0.023755 0.100827
-0.064067 -0.021445 -0.007258
-0.071387 0.036101 -0.007281
-0.062831 -0.034682 0.082916
-0.027629 -0.057066 0.124383
-0.007935 0.098336 -0.005609
-0.047611 -0.040103 0.004489
0.020893 -0.056253 0.016973
-0.057894 -0.003036 -0.001799
-0.040453 0.087213 0.150607
-0.069396 -0.046041 0.034112
0.072324 0.037287 0.134879
0.048821 -0.031053 0.015454
0.065559 0.05553 -0.005609
0.009534 0.097015 -0.006162
0.016732 0.051655 -0.001798
-0.071627 0.062231 -0.003028
-0.060217 -0.081065 0.106334
0.04765 0.078465 0.032639
-0.036571 -0.054145 0.034268
-0.063954 0.061499 0.089844
-0.070525 0.059261 0.150607
0.02455 -0.054893 0.012434
-0.040066 -0.055281 0.041198
-0.070245 -0.058224 0.026504
-0.08399 0.027642 0.132156
-0.0788 0.048397 0.021605
0.050542 -0.037973 0.006141
-0.002084 0.098338 0.078432
-0.083754 0.029578 0.023909
-0.073347 -0.006529 0.1162
-0.057537 -0.079127 0.057619
0.074019 0.010165 0.071777
0.062867 0.033214 -0.00044
-0.009973 -0.04321 -0.001748
-0.019558 0.097044 0.034619
0.025611 -0.05242 0.149955
-0.020073 0.090064 0.089844
-0.022782 -0.055964 0.150607
-0.015707 0.097665 0.113674
-0.073673 0.058908 0.042806
-0.08359 0.029556 0.1402
-0.082329 0.037247 0.088061
0.068062 0.050242 0.041335
-0.073444 -0.021267 0.134879
0.070796 -0.005081 0.042806
0.029898 -0.05252 0.000909
-0.068069 -0.02915 0.036097
-0.024087 0.091287 0.146215
-0.053135 0.082148 0.032639
0.051889 0.074432 0.014682
-0.019532 -0.058871 0.142678
-0.082746 0.002418 0.036486
-0.021472 0.096662 0.084946
0.058623 -0.016072 0.004489
-0.000135 0.098243 0.105881
-0.029705 -0.056355 0.01929
-0.018299 0.07698 -0.007284
0.062697 -0.022776 0.084946
0.072355 0.000559 0.010248
0.074446 0.021852 0.129469
-0.068232 -0.029245 -0.005609
-0.045031 0.087567 0.098756
-0.055952 -0.04166 0.07511
0.072782 0.002463 0.096418
-0.064995 -0.008324 -0.007281
0.064248 0.042744 0.126964
0.046207 -0.041903 0.11972
-0.067346 -0.046829 0.124969
-0.021449 -0.05885 0.000909
0.067706 0.021601 0.089844
-0.038176 -0.041546 -0.00044
0.073977 0.027683 -0.006162
0.058286 -0.029209 0.10736
0.068826 -0.010591 0.023909
0.073154 0.033475 0.04429
-0.055928 0.027947 -0.007284
-0.051318 -0.047787 0.022494
0.001402 -0.055038 0.141789
-0.069637 -0.070469 0.122044
0.06808 -0.012393 0.071777
-0.079501 0.046577 0.002512
0.003752 0.097909 -0.004042
-0.07355 -0.021001 0.055897
0.007663 -0.059572 0.078432
-0.078782 -0.010633 0.012434
0.059973 0.05263 0.034718
0.009541 0.097052 0.111934
0.07017 0.044783 0.028403
0.049129 -0.039318 0.023909
0.07421 0.012106 0.108826
0.054807 0.069244 0.14867
-0.043207 -0.043164 0.061074
0.061629 0.062269 0.078432
-0.083754 0.029578 0.059171
-0.067064 -0.051764 0.04476
0.074206 0.025746 0.096418
0.012182 -0.0533 0.141789
0.028094 0.09118 0.117573
0.07017 0.044783 0.002512
0.070782 0.042931 0.062147
0.007329 -0.057496 -0.007075
0.073754 0.02962 0.134879
0.009585 -0.059237 0.032639
-0.035508 -0.043795 -0.00044
-0.084421 0.021806 0.129469
0.033156 0.080844 0.089844
0.02085 0.094074 0.042806
-0.027139 0.088745 0.009066
0.074495 0.017951 0.115556
-0.050607 -0.038131 0.047292
0.040001 -0.046628 0.075105
0.038743 0.082633 -0.007075
0.031493 -0.051351 -0.006577
-0.078783 -0.010633 0.068484
0.050509 0.075811 0.105881
-0.082318 0.000515 0.006141
-0.080769 0.042887 0.12199
0.064031 0.030028 -0.00044
0.044664 0.080976 0.110332
-0.002038 -0.06053 0.023909
-0.084183 0.0257 0.039826
-0.076977 0.032286 0.126964
-0.049662 -0.066288 0.125077
-0.02915 0.089076 0.141789
0.05325 0.063239 0.034718
0.007151 -0.056397 0.15037
-0.063239 0.072986 0.042806
-0.018308 -0.052761 0.061074
-0.070665 -0.069981 0.121788
-0.046703 0.086561 0.132156
0.003752 0.097909 0.012434
-0.076391 -0.015955 0.093922
0.068826 -0.010591 0.059171
-0.051029 0.076398 0.135456
0.058286 -0.029209 0.034619
-0.045031 0.087567 0.028403
-0.060515 0.075779 0.110332
-0.081887 0.008436 0.149955
0.074014 0.027687 0.124375
-0.027147 0.095239 0.042806
0.007618 0.097385 0.084946
0.038341 0.085544 0.041335
-0.073673 0.058908 0.100827
-0.032703 0.093402 0.124375
0.053112 -0.018957 -0.00044
0.070796 -0.005081 0.100827
-0.066418 -0.03123 0.010249
0.04004 0.050914 -0.001799
0.049129 -0.039318 0.059171
0.058259 0.067052 0.11972
-0.01311 -0.055047 -0.007196
-0.078054 0.0502 0.113674
-0.069102 -0.027267 0.08938
0.033361 -0.050722 0.062147
-0.029211 -0.05669 0.034443
-0.025222 -0.057966 0.048415
-0.048352 0.085519 0.110332
-0.025223 -0.057965 0.075106
0.001811 0.0981 0.049364
0.072355 0.000559 0.047516
-0.054673 0.080948 0.111934
0.073775 0.029623 0.062147
-0.078035 -0.012435 -0.001864
0.042649 -0.012899 -0.001799
-0.079175 -0.060952 0.120415
-0.063416 -0.035265 0.039835
-0.062436 -0.064343 0.052087
0.053266 -0.035179 0.071777
-0.080143 -0.006976 0.102668
-0.01377 0.097904 0.081724
-0.06289 0.062933 0.089844
-0.011829 0.098096 0.068485
0.07278 0.002463 0.132156
0.0637 -0.021102 -0.005609
-0.060693 0.065749 0.075459
0.073706 0.029614 0.137581
0.059434 0.052362 0.004489
-0.004034 0.098385 0.041335
-0.084323 0.014006 0.05144
-0.061894 0.074399 -0.003028
0.006139 -0.050114 -0.00044
-0.030866 0.09406 0.041335
-0.079531 0.040498 0.149955
-0.083987 0.010119 0.124375
-0.002038 -0.06053 0.059171
0.072773 0.035388 0.124375
-0.051568 0.083311 0.124375
-0.048081 0.07551 0.001421
-0.083468 0.031508 0.02618
-0.082318 0.000515 0.014682
-0.041614 0.089449 0.042806
-0.082746 0.002418 0.065263
-0.081333 0.041019 0.132156
-0.062142 -0.026868 0.126964
-0.014355 0.069366 -0.001799
-0.043335 -0.050742 0.099156
-0.015662 -0.059864 -0.004042
0.05336 0.068026 0.15037
0.064639 0.057251 0.039826
-0.04425 -0.05589 0.04307
0.011454 0.096672 0.129469
0.005733 -0.059856 0.132156
-0.041235 -0.056878 0.121016
0.059448 -0.027642 0.075105
-0.009839 -0.060436 0.028403
-0.071595 0.062211 -0.006162
-0.060515 0.075779 -0.001864
0.033672 -0.043796 0.135456
-0.064519 -0.033768 -0.005609
-0.020166 0.090505 0.034718
-0.017014 -0.041686 -0.007284
-0.083173 0.025598 -0.006875
-0.032456 0.058232 -0.001799
-0.005939 -0.060579 0.053782
0.02085 0.094074 0.100827
-0.070544 0.063853 0.084946
-0.005939 -0.060579 0.091035
-0.077873 0.019777 0.061074
-0.015661 -0.059864 -0.005609
-0.053242 -0.071654 0.110965
0.001783 0.097777 0.142678
-0.055398 0.041976 -0.001798
-0.013042 0.091348 0.061074
-0.08159 0.039067 -0.006577
0.02455 -0.054893 0.008144
0.012493 -0.054605 0.148991
0.025706 -0.048056 0.135456
-0.076372 -0.016009 0.023908
-0.083748 0.008183 0.11972
-0.064319 0.061763 0.034718
-0.070502 0.050856 0.061074
0.072404 0.006462 -0.006875
-0.068761 0.053981 0.103626
-0.049447 -0.052499 0.045325
0.002437 0.050203 -0.007284
-0.04914 0.0769 0.061074
0.029856 0.090344 0.132156
-0.017591 -0.059578 0.059035
0.035058 -0.04976 0.098756
-0.073559 -0.021168 0.036399
-0.06442 -0.057117 0.047477
-0.048154 -0.047483 -0.006577
-0.045414 -0.046585 0.150607
-0.064548 0.07154 0.006141
-0.063239 0.072986 0.100827
0.030366 -0.045275 0.009066
-0.044001 -0.037512 -0.007281
-0.076346 -0.003726 0.146215
0.066374 0.003817 0.1162
0.05019 0.063246 -0.007258
-0.080158 0.04474 0.126871
0.038379 -0.047713 0.038223
-0.062792 -0.054814 0.046336
-0.06826 0.067016 0.113674
0.02631 0.09197 0.110332
-0.067923 -0.028811 0.064049
0.022687 0.093418 0.016973
-0.027147 0.095239 0.100827
-0.054673 0.080948 0.030561
0.029898 -0.05252 0.039826
0.058888 0.033975 -0.001396
0.033361 -0.050722 0.04429
0.007618 0.097385 0.038223
-0.049974 0.084435 0.129469
-0.065207 -0.032795 0.115224
-0.066118 -0.031464 0.126845
-0.042789 0.038071 -0.007284
0.073775 0.029623 0.04429
-0.067103 -0.072788 0.120652
-0.077229 -0.01423 0.019287
-0.020227 0.068346 -0.007284
-0.071186 -0.052761 0.044848
-0.022689 -0.048544 -0.00044
0.01525 0.095772 0.113674
0.064578 0.057217 0.137581
-0.061257 -0.046906 0.023463
0.001237 0.091422 0.075459
-0.011788 -0.06029 0.028403
-0.019575 -0.059201 0.115586
-0.080143 -0.006976 -0.004903
-0.005985 0.098384 0.113674
0.013671 0.089784 0.009066
0.060538 0.011911 -0.007281
0.070627 0.002891 -0.007075
0.02455 -0.054893 0.126871
-0.048536 -0.044558 0.150607
-0.053078 -0.044343 -0.006162
0.066457 -0.015941 -0.004042
-0.076386 -0.015996 0.117579
0.055849 -0.032256 0.071777
0.065178 -0.009133 0.148991
0.046207 -0.041903 0.098756
0.020893 -0.056253 0.032639
-0.021634 -0.058716 0.021605
0.05049 -0.009473 -0.001748
0.01713 0.095252 0.113674
0.071349 0.041064 0.000909
-0.051532 -0.045532 -0.003028
-0.025374 -0.057856 0.036324
-0.081843 -0.001377 0.004258
0.015843 0.090808 0.146215
0.073154 0.033475 0.108826
0.073781 0.008228 0.023909
-0.054258 -0.07231 0.123355
-0.018404 0.090856 0.034718
0.07435 0.0238 0.062147
-0.083754 0.029578 0.05144
-0.043641 -0.029971 -0.001748
-0.081335 0.04102 0.105881
-0.070543 0.050876 0.1162
-0.041614 0.089449 0.100827
0.026352 -0.054146 0.124375
0.04765 0.078465 0.006141
-0.056737 -0.04021 0.146977
0.018027 0.09162 0.15037
-0.061295 -0.03582 0.056401
-0.003988 -0.060578 0.02618
0.035058 -0.04976 0.028403
-0.06883 -0.067264 0.123582
-0.05218 -0.056151 0.126163
0.06051 0.050893 0.061074
-0.011829 0.098096 0.036486
0.041595 -0.045505 0.068485
0.024507 0.092716 0.124375
-0.074634 0.057211 0.088061
0.041559 0.083338 0.021605
0.050552 -0.023263 -0.00044
-0.084419 0.015955 0.032639
-0.042472 -0.051627 0.107863
-0.017636 0.097378 0.05144
0.051921 -0.036593 0.115556
-0.079501 0.046577 0.102668
-0.055645 -0.035579 -0.007196
0.06558 -0.017684 -0.004042
0.039963 0.084461 0.124375
0.03963 -0.02284 -0.001748
0.073495 0.006298 0.04429
0.051889 0.074432 0.084946
-0.011781 0.097539 0.144956
-0.017618 -0.059559 0.036458
0.066457 -0.015941 0.012434
0.027581 -0.047776 -0.007196
0.003752 0.097909 0.008144
-0.083461 0.006253 0.006141
-0.039321 -0.053918 0.113088
0.058997 0.062828 0.149955
-0.036471 0.087589 0.148991
-0.083992 0.027642 0.016973
0.06729 -0.014177 0.068485
0.068826 -0.010591 0.05144
0.07017 0.044783 0.102668
0.00485 -0.053368 0.1162
0.074495 0.01795 0.062147
0.001856 -0.060289 0.049364
-0.002039 -0.060509 0.134879
-0.050758 0.076059 0.126964
-0.066893 -0.007252 -0.007281
0.019041 -0.056866 -0.001864
-0.078031 -0.012439 0.023909
0.031142 -0.050658 -0.006875
0.049129 -0.039318 0.05144
-0.036325 0.091952 -0.005609
-0.077239 -0.01421 0.065241
0.073781 0.008228 0.059171
0.049096 0.077155 0.023909
0.074019 0.010165 0.117573
-0.083967 0.010122 0.134879
-0.065353 0.060294 0.034718
-0.035498 0.085467 0.126964
-0.028817 0.088109 0.034718
-0.019558 0.097044 0.019287
0.047662 -0.040603 -0.006162
0.070782 0.042931 0.006141
0.003797 -0.060097 0.000909
0.028792 -0.050256 0.150607
0.062697 -0.022776 0.105881
0.020282 -0.054478 0.149955
0.044664 0.080976 -0.003028
-0.023279 -0.051062 -0.007258
0.005683 0.097628 -0.006162
0.071362 -0.003214 0.062147
0.038339 0.085542 0.132156
-0.070062 -0.05343 0.045417
0.051081 0.068508 0.146215
0.018997 0.094686 0.053782
-0.061038 -0.030714 0.146215
0.028135 -0.053355 0.049364
-0.025538 -0.057738 0.012434
0.018997 0.094686 0.091035
0.04765 0.078465 0.014682
-0.071738 0.011109 -0.007281
-0.084323 0.014006 -0.000551
-0.077243 -0.014219 -0.000551
-0.002803 0.078656 -0.007284
0.06558 -0.017684 0.012434
-0.0788 0.048397 0.053782
0.060914 0.051091 0.023954
-0.0788 0.048397 0.091035
-0.013752 0.097739 0.1402
0.070796 -0.005081 0.016973
-0.060515 0.075779 -0.003028
0.050542 -0.037973 0.104335
-0.046589 -0.045022 0.15037
-0.002038 -0.06053 0.05144
0.059421 0.065485 0.062147
-0.055044 -0.06632 0.048195
0.07186 0.004618 0.14867
0.046171 0.079737 0.132156
0.07435 0.0238 0.04429
0.0447 -0.043141 0.041335
-0.00789 -0.060531 0.075105
0.062674 0.060621 -0.004042
-0.06687 -0.029827 0.043438
-0.048352 0.085519 -0.003028
0.045161 -0.035049 0.135456
-0.009757 -0.059114 0.14867
0.063119 -0.00831 0.023954
0.013402 -0.058428 0.002512
-0.069421 0.065448 0.000909
-0.072484 0.047815 0.015454
-0.014817 0.091129 0.061074
-0.053135 0.082148 0.014682
0.047684 -0.040629 -0.005609
-0.038456 -0.025186 -0.007284
-0.054284 -0.042677 0.052711
0.029858 0.090347 0.071777
0.051921 -0.036593 0.000909
-0.053317 0.07353 0.1162
-0.07643 0.053747 0.062147
0.02273 -0.055596 0.000909
0.071882 -0.001333 0.113674
-0.039202 -0.052591 0.014585
0.058261 -0.017934 0.034718
-0.053478 0.020675 -0.007284
0.049096 0.077155 0.059171
-0.039831 -0.05254 -0.005609
-0.078034 -0.012436 0.006141
-0.064486 -0.040388 0.030811
0.060571 -0.026047 0.016973
-0.055913 -0.042101 0.006136
0.009541 0.097052 0.110332
-0.023672 0.089715 0.009066
-0.082755 0.035344 0.093833
0.073468 0.03155 0.134879
0.046172 0.079739 0.093833
-0.084468 0.017905 0.115556
0.041559 0.083338 0.010248
0.067271 0.052025 0.129469
0.051889 0.074432 0.038223
0.009578 -0.059204 -0.006162
0.07017 0.044783 -0.004903
0.022298 -0.049268 0.015454
0.065267 0.055383 -0.006577
-0.005984 0.098347 -0.006162
-0.040838 -0.054176 0.122221
-0.029507 -0.056494 0.012435
-0.066452 -0.021109 0.023954
-0.01377 0.097904 0.10736
-0.021427 -0.058866 0.088377
0.074495 0.01795 0.04429
-0.053454 -0.030693 -0.00044
0.074495 0.019901 0.004258
-0.065822 0.070062 -0.004042
-0.038108 0.091161 -0.005609
0.074448 0.016 0.093833
-0.038537 -0.045808 0.061074
-0.011829 0.098096 0.065263
-0.053002 -0.072989 0.042375
0.041595 -0.045505 0.036486
0.007618 0.097385 0.105881
0.046806 -0.029349 -0.007258
0.031641 -0.051642 0.041335
0.062674 0.060621 0.012434
-0.005939 -0.060579 0.078432
0.015294 -0.057953 -0.001864
-0.0433 0.088468 0.137581
-0.009883 0.09824 0.004258
-0.029014 0.094672 0.113674
0.006824 -0.054367 0.141789
0.008316 0.090463 0.075459
0.067208 0.051996 0.137581
0.001811 0.0981 0.002512
-0.061879 0.074385 0.134879
-0.071817 0.055661 0.15037
-0.073594 -0.021062 0.071682
0.010452 -0.054297 -0.007196
0.058286 -0.029209 0.019287
-0.077424 -0.05776 0.040229
-0.019522 -0.05924 -0.000551
0.071362 -0.003214 0.04429
-0.042695 0.087368 0.14867
-0.081322 -0.003257 0.075105
-0.082318 0.000515 0.084946
0.07187 0.039184 0.115556
-0.052367 -0.001878 -0.007284
0.001536 0.094896 0.15037
0.061571 0.062231 0.137581
0.005733 -0.059858 0.068485
0.073162 0.004376 0.093833
-0.04153 -0.056835 0.121643
-0.07267 0.060582 -0.004042
-0.053861 0.057558 -0.001748
0.06729 -0.014177 0.036486
0.069528 -0.00877 0.049364
-0.048548 0.082358 0.150607
-0.025267 0.09576 0.096418
0.061341 0.019575 -0.001396
-0.044797 -0.042328 0.047292
0.017174 -0.057433 0.032639
-0.045031 0.087567 -0.004903
0.009541 0.097052 -0.001864
-0.07153 -0.024515 0.002512
0.059421 0.065485 0.04429
-0.036004 -0.054569 0.111279
-0.054673 0.080948 0.110332
0.061424 -0.011492 0.047292
-0.035176 -0.054838 0.108319
0.02631 0.09197 -0.003028
-0.062502 -0.081938 0.105672
0.067118 0.030526 0.047292
0.053701 0.047567 -0.001396
-0.035055 -0.054116 0.142667
0.071349 0.041064 0.039826
-0.037858 -0.037535 -0.001396
-0.023375 0.096234 0.081724
-0.06826 0.067016 0.093833
-0.057657 0.078435 0.081724
-0.057657 0.078435 0.045843
-0.007935 0.098336 0.021605
-0.037612 -0.053523 0.122309
0.03706 0.083506 -0.007075
0.065525 0.039373 0.015454
-0.01377 0.097904 0.034619
0.054545 0.071574 0.108826
-0.082746 0.002418 0.111934
-0.063208 -0.035213 -0.005609
0.059448 -0.027642 0.124375
-0.076393 -0.015958 0.104416
0.065559 0.05553 0.021605
-0.019558 0.097044 0.088061
-0.070879 -0.047618 0.118902
-0.07643 0.053747 0.04429
0.063479 -0.006524 0.047292
-0.070544 0.063853 0.105881
0.064448 -0.004961 0.015454
-0.034193 -0.055131 0.046248
-0.017636 0.097378 -0.000551
-0.005985 0.098384 0.093833
0.06144 -0.009683 -0.007258
-0.075466 0.000305 0.061074
0.042247 0.010517 -0.001799
-0.084468 0.019856 0.126871
0.030628 -0.030742 -0.001748
0.041559 0.083338 0.047516
0.048195 0.076185 0.14867
-0.084468 0.017905 0.000909
-0.057785 -0.041591 0.022564
-0.029044 -0.045726 -0.00044
0.066457 -0.015941 0.008144
-0.07267 0.060582 0.012434
-0.074519 -0.019511 0.012434
-0.041614 0.089449 0.016973
0.074045 0.01212 0.1402
-0.047669 -0.040185 0.061074
-0.034523 0.092699 0.068485
-0.049978 -0.048604 0.128323
0.051963 0.001387 -0.007284
-0.059402 -0.011459 -0.001748
0.068826 -0.010591 -0.000551
0.066174 0.033989 0.089844
0.073495 0.006298 0.108826
0.026852 -0.028707 -0.001799
0.044315 0.08054 0.144956
-0.035471 -0.054208 0.023942
0.057086 -0.030747 0.016973
0.054575 -0.033733 0.115556
-0.042597 -0.033162 -0.001748
-0.069589 -0.076475 0.039521
-0.045635 -0.049323 0.012143
0.035058 -0.04976 0.102668
0.049129 -0.039318 -0.000551
0.073781 0.008228 0.05144
-0.05731 -0.040218 0.064043
0.035019 0.08759 0.062147
-0.041648 0.081745 0.004489
-0.020072 -0.052457 0.1162
-0.005935 0.094455 0.148991
-0.078033 -0.012432 0.09643
0.043126 0.082176 0.016973
0.07187 0.039184 0.000909
-0.019558 0.097044 0.042806
-0.07641 -0.015982 -0.005609
-0.021427 -0.058866 0.09141
-0.007883 0.097234 -0.006875
0.003797 -0.060097 0.039826
-0.054637 -0.04317 -0.004903
0.072782 0.002463 0.075105
0.06558 -0.017684 0.008144
-0.000135 0.098243 0.02618
-0.001653 0.074156 -0.007284
-0.000962 -0.046293 -0.007281
-0.067815 0.066677 0.144956
0.006597 -0.052955 0.075459
-0.023331 -0.058439 0.088532
-0.045704 -0.053103 0.044404
0.047067 -0.01535 -0.001748
-0.068822 -0.08323 0.095604
0.041595 -0.045505 0.065263
-0.056181 0.07971 0.108826
-0.082167 0.037209 0.1402
0.06729 -0.014177 0.056371
-0.025651 -0.057657 0.126871
-0.084419 0.015955 0.006141
0.066976 0.030503 0.061074
-0.064548 0.07154 0.104335
-0.082746 0.002418 0.030561
0.064365 -0.003046 0.089844
0.03718 0.074442 -0.00044
-0.066905 -0.019275 0.089844
0.067685 0.028794 0.023954
-0.063703 -0.034531 0.115147
0.059793 0.008384 -0.001396
-0.011287 0.091825 0.034718
0.07435 0.0238 0.108826
-0.069421 0.065448 0.039826
0.074019 0.010165 0.11972
-0.079501 0.046577 0.129469
0.013358 0.096245 0.129469
-0.083992 0.027642 0.032639
0.067429 0.023373 0.004489
-0.007935 0.098336 0.010248
0.06729 -0.014177 0.065263
-0.05639 -0.06821 0.050959
0.073488 0.031553 0.129469
0.031682 -0.043971 0.103626
0.018997 0.094686 0.078432
0.063237 0.044285 0.004489
-0.059319 -0.038891 0.016355
-0.083987 0.010119 -0.004042
-0.031261 -0.055925 0.11987
0.049096 0.077155 0.05144
0.009978 -0.037808 -0.007284
0.051921 -0.036593 0.039826
0.072773 0.035388 -0.004042
-0.051568 0.083311 -0.004042
0.02273 -0.055596 0.039826
-0.0788 0.048397 0.078432
-0.051569 0.083311 0.113674
-0.055698 -0.041455 0.105492
-0.04082 -0.056699 0.038102
0.07017 0.044783 0.129469
0.050509 0.075811 0.02618
0.051889 0.074432 0.105881
-0.049379 -0.039477 0.023954
-0.081811 0.023601 0.150607
-0.017538 -0.059001 0.144956
0.072782 0.002463 0.016973
-0.084183 0.0257 0.047516
-0.052595 -0.065189 0.111322
0.020893 -0.056253 0.014682
-0.068295 -0.059154 0.105205
0.04379 0.074098 0.135456
-0.034482 -0.054948 0.053663
-0.05901 -0.079458 0.112739
0.013402 -0.058428 0.102668
0.051921 -0.036593 0.117573
0.062674 0.060621 0.008144
0.054575 -0.033733 0.000909
0.04765 0.078465 0.084946
0.035058 -0.04976 -0.004903
0.06808 -0.012393 0.11972
-0.02089 0.086006 -0.00044
0.070497 0.040816 0.146973
-0.070275 -0.025711 0.105606
0.070796 -0.005081 0.032639
0.064661 -0.019404 0.062147
-0.044754 0.079991 0.061074
0.023223 -0.018151 -0.001799
-0.069096 -0.018486 0.141789
0.074206 0.025746 0.016973
0.071882 -0.001333 0.093833
0.009541 0.097052 -0.003028
-0.017591 -0.059578 0.075105
0.058286 -0.029209 0.042806
0.0637 -0.021102 0.021605
-0.079946 -0.060335 0.10755
0.062603 -0.008104 0.075459
-0.019558 0.097044 0.100827
-0.012008 0.075747 -0.001799
0.057306 0.061667 0.148991
-0.083987 0.010119 0.012434
-0.017657 -0.059508 0.134879
0.030542 -0.027765 -0.007284
0.029898 -0.05252 0.010248
-0.084419 0.015955 0.014682
-0.034523 0.092699 0.036486
0.072773 0.035388 0.012434
-0.046414 -0.017809 -0.007284
-0.080467 -0.005038 -0.006577
-0.061894 0.074399 0.071777
-0.077788 0.023355 0.1162
-0.041672 -0.044084 0.061074
0.071362 -0.003214 0.108826
-0.04475 0.087084 0.144956
0.0316 0.08947 0.038223
-0.051742 -0.039561 0.146215
-0.053135 0.082148 0.084946
-0.048716 -0.044827 -0.007075
-0.069831 -0.044957 0.120859
-0.056119 -0.041902 -0.006162
0.020378 -0.049274 0.089844
-0.080974 0.006655 0.150607
0.005688 0.09767 0.093833
0.032683 0.08739 0.14867
-0.083461 0.006253 0.104335
0.058902 0.054091 0.1162
0.047938 -0.002994 -0.001799
-0.049825 -0.046497 0.055461
-0.064908 -0.022215 0.004489
-0.023365 0.096195 -0.006162
0.052874 -0.012632 -0.007281
-0.058104 -0.072976 0.091811
-0.083135 0.03343 0.081724
0.062674 0.060621 0.126871
0.059421 0.065485 0.108826
0.018997 0.094686 0.088061
-0.059103 0.077125 0.113674
-0.080143 -0.006976 0.036486
0.057058 0.068589 0.126871
-0.007935 0.098336 0.047516
-0.029014 0.094672 0.093833
-0.054085 -0.067274 0.109394
-0.074493 -0.01953 0.026178
-0.083671 0.027606 0.142678
0.034737 0.087107 0.144956
0.062994 0.056345 0.149955
0.061654 -0.024424 0.113674
-0.068768 -0.006329 -0.007281
-0.027591 -0.057095 0.014683
-0.07267 0.060582 0.008144
0.005733 -0.059858 0.056371
-0.062297 -0.026992 0.015454
-0.048714 0.065948 -0.001748
-0.069779 -0.061244 0.102542
-0.074545 -0.01935 0.096742
-0.081843 -0.001377 0.124375
0.013707 0.089912 0.015454
0.064494 -0.014954 -0.007075
-0.084468 0.017905 0.039826
0.069512 0.046619 -0.001864
-9e-05 -0.060433 0.049364
0.029858 0.090347 0.117573
-0.082329 0.037247 0.062147
-0.054673 0.080948 -0.003028
0.026352 -0.054146 -0.004042
-0.045908 -0.05054 0.127682
0.036692 0.086587 0.081724
0.036692 0.086587 0.045843
-0.040409 -0.052125 0.008131
0.009634 -0.000301 -0.001798
0.003734 0.097744 0.1402
-0.009838 -0.060436 0.004258
0.074353 0.014052 0.12199
0.059194 -0.016394 0.009066
-0.060226 -0.032441 -0.007196
-0.021472 0.096662 -0.005609
0.053266 -0.035179 0.11972
0.074405 0.02185 -0.006162
0.058348 0.030047 -0.007284
0.057888 0.055572 0.075459
-0.063239 0.072986 0.032639
0.01018 -0.017351 -0.001798
0.024507 0.092716 -0.004042
0.005713 0.083925 -0.007281
0.047279 0.072499 0.146215
-0.078368 -0.006365 0.149955
0.044664 0.080976 0.023909
-0.009685 0.09503 0.15037
-0.063901 -0.032866 0.097512
0.063245 -0.006437 0.103626
0.06705 -0.003895 0.148991
-0.044558 0.016461 -0.007284
0.064661 -0.019404 0.04429
-0.067018 -0.030793 -0.003028
-0.071505 0.008181 -0.001396
0.073781 0.008228 -0.000551
-0.081855 0.03914 0.115556
0.039963 0.084461 -0.004042
0.042589 0.08147 0.146973
-0.080756 -0.005124 0.049364
0.068084 0.044092 -0.007075
-0.005864 -0.054316 0.126964
-0.023375 0.096234 0.10736
0.029898 -0.05252 0.047516
-0.057657 0.078435 0.10736
0.06881 0.048439 -0.004042
-0.084465 0.017905 0.132156
-0.077989 0.050172 0.137581
-0.039799 0.090178 0.1402
0.05402 -0.023721 0.004489
-0.082318 0.000515 0.105881
-0.081322 -0.003257 0.124375
0.066288 0.053715 0.1402
0.07187 0.039184 0.039826
0.002543 0.087452 -0.00044
-0.005917 -0.058701 0.149955
0.058286 -0.029209 0.100827
-0.07228 -0.009966 0.126964
-0.084144 0.017909 0.142678
-0.049131 -0.049914 0.127484
0.033361 -0.050722 0.104335
-0.002104 0.097779 0.144956
0.0637 -0.021102 0.010248
0.033428 -0.043399 0.034718
-0.048352 0.085519 0.023909
-0.045031 0.087567 0.068485
-0.058664 -0.071184 0.096509
0.026352 -0.054146 0.012434
-0.084326 0.023755 0.006141
-0.053135 0.082148 0.038223
0.016952 -0.034004 -0.001799
0.045964 0.079491 0.142678
-0.072043 -0.015915 0.148991
0.07187 0.039184 0.117573
0.013363 -0.058267 0.1402
-0.016398 0.089697 0.001421
0.006165 0.075082 -0.001799
0.024507 0.092716 0.012434
0.033321 0.088551 0.081724
0.033321 0.088551 0.045843
0.06821 0.021617 0.009066
-0.041614 0.089449 0.032639
-0.071425 -0.04763 0.120021
-0.002084 0.098338 0.062147
-0.034523 0.092699 0.065263
-0.084323 0.014006 0.098756
0.039963 0.084461 0.012434
0.057086 -0.030748 0.093833
0.044664 0.080976 0.059171
-0.011785 -0.060292 0.004258
0.047521 -0.032302 0.023954
0.036731 -0.048757 0.071777
0.06228 0.051758 0.146215
-0.000135 0.098243 0.045843
0.06881 0.048439 0.012434
-0.046666 -0.048781 -0.004903
-0.005984 0.098315 0.137581
0.011498 -0.058856 0.093833
0.049487 0.0097 -0.001799
0.004169 -0.047516 -0.001396
0.044561 0.080847 0.1402
-0.01377 0.097904 0.019287
0.066437 0.053788 0.049364
-0.023375 0.096234 0.034619
-0.043186 -0.059932 0.120191
-0.075501 -0.017686 0.106019
-0.057657 0.078435 0.034619
0.044639 0.072355 0.1162
-0.048242 -0.030043 -0.007281
-0.03886 -0.05341 0.109489
-0.031603 -0.052552 0.15037
-0.049852 -0.046535 0.089029
0.070291 0.025407 0.148991
0.017174 -0.057433 0.014682
0.009585 -0.059237 0.038223
0.048716 0.076746 0.144956
-0.080143 -0.006976 0.065263
0.069481 0.046608 -0.006162
-0.048352 0.085519 0.059171
0.063677 0.058948 0.053782
-0.046617 0.086423 0.1402
0.063677 0.058948 0.091035
-0.036325 0.091952 0.021605
0.055849 -0.032256 0.11972
0.006535 0.090574 0.004489
-0.081855 0.03914 0.000909
0.040041 -0.043401 -0.007075
-0.07626 -0.001788 0.141789
0.072355 0.000559 0.041335
0.054575 -0.033733 0.039826
-0.011829 0.098096 0.030561
-0.054431 -0.04288 0.064374
0.068394 -0.004321 0.150607
0.007663 -0.059572 0.062147
-0.084326 0.023755 0.014682
-0.083127 0.004331 0.068485
0.065559 0.05553 0.053782
-0.025281 -0.051154 0.1162
-0.077459 0.012641 0.089844
-0.071627 0.062231 -0.000551
0.071039 0.040974 0.142678
-0.083987 0.010119 0.008144
-0.018448 -0.053515 0.135456
0.061629 0.062269 0.062147
0.072773 0.035388 0.008144
-0.051568 0.083311 0.008144
0.050509 0.075811 0.045843
-0.062162 -0.040479 0.026209
0.0637 -0.021102 0.047516
-0.070275 -0.025711 0.044611
0.062697 -0.022776 0.02618
0.074014 0.027687 0.126871
-0.080562 0.008617 0.15037
0.057032 -0.030704 0.137581
-0.084323 0.014006 0.028403
-0.015707 0.097665 0.096418
-0.067797 -0.028619 0.054186
-0.032703 0.093402 0.126871
-0.066635 -0.060024 0.104257
0.053359 -0.025459 0.009066
-0.027102 -0.057448 0.052497
-0.007721 -0.055908 0.146215
-0.067992 -0.017842 0.1162
-0.070749 0.039662 -0.00044
-0.066697 -0.023471 0.146215
0.021801 0.090957 -0.007075
0.056245 -0.020907 0.047292
0.041595 -0.045505 0.111934
-0.064385 0.068854 0.149955
-0.068427 -0.042844 0.121746
0.047684 -0.040629 0.021605
-0.046632 -0.048719 0.098123
-0.041929 -0.037238 -0.007281
-0.002084 0.098338 0.04429
0.056012 0.058612 0.103626
-0.073304 -0.006513 0.061074
-0.083468 0.031508 0.053782
-0.083468 0.031508 0.091035
0.071349 0.041064 0.010248
-0.057656 0.078433 0.132156
-0.063894 0.068441 0.150607
0.020893 -0.056253 0.084946
-0.083882 -0.072412 0.068877
-0.037128 0.076927 -0.001396
-0.032032 0.086477 0.103626
-0.052836 -0.044 0.052965
-0.080792 0.010475 0.15037
-0.083987 0.010119 0.126871
0.027724 0.090373 0.146973
-0.045031 0.087567 0.036486
0.06729 -0.014177 0.111934
-0.041525 0.081311 -0.007258
0.05785 0.05555 0.089844
0.013402 -0.058428 0.129469
-0.06706 0.068554 0.004258
-0.032674 -0.055602 -0.003028
-0.057077 -0.039923 0.051856
-0.075319 0.039277 0.126964
0.059352 -0.020715 0.148991
-0.073673 0.058908 0.006141
-0.038108 0.091161 0.021605
0.041056 -0.038592 0.135456
0.06769 0.009054 0.023954
-0.057605 -0.074495 0.036017
-0.068709 -0.063154 0.055273
-0.084419 0.015955 0.084946
-0.052133 -0.053681 0.023154
0.070391 -0.002916 -0.006875
-0.017636 0.097378 0.098756
-0.00769 0.091745 0.061074
0.04765 0.078465 0.105881
0.070474 0.042833 0.142678
0.008431 -0.05305 0.034718
0.068772 -0.000515 0.15037
-0.004034 0.098385 0.108826
-0.005884 -0.055953 0.146215
0.043583 -0.035989 0.009066
0.007663 -0.059572 0.04429
0.049831 0.067403 0.034718
0.028601 -0.045789 0.061074
0.007618 0.097385 0.02618
0.050809 0.065879 0.1162
0.074495 0.01795 0.104335
0.07421 0.012106 0.115556
-0.060066 -0.038575 0.128611
-0.083135 0.03343 0.10736
0.061629 0.062269 0.04429
0.02242 -0.054764 0.146973
-0.027063 -0.056444 0.146973
0.060545 0.063891 0.113674
-0.005977 0.066865 -0.001799
-0.03846 0.087437 0.15037
-0.071414 0.04749 -0.007258
0.068826 -0.010591 0.098756
-0.004112 0.091836 0.1162
-0.078597 0.021593 0.135456
-0.042805 -0.051848 0.044533
-0.048114 -0.063394 0.125138
-0.082486 0.03529 -0.006577
0.029858 0.090347 0.11972
-0.066793 0.056975 0.004489
0.026352 -0.054146 0.008144
-0.053135 0.082148 0.105881
0.037181 0.034591 -0.001798
-0.016411 0.042293 -0.007284
0.049129 -0.039318 0.098756
-0.077352 -0.06349 0.091535
0.041595 -0.045505 0.030561
-0.082329 0.037247 0.006141
0.033154 -0.042955 -0.007258
-0.043074 -0.06004 0.038764
0.024507 0.092716 0.008144
-0.078054 0.0502 0.096418
-0.069192 -0.027394 0.078786
-0.043338 -0.056494 0.042487
0.001275 0.091906 0.009066
0.046207 -0.041903 0.068485
0.03836 -0.047684 -0.006162
0.05582 0.070097 0.056371
0.02085 0.094074 0.006141
-0.076487 0.045457 0.15037
0.071349 0.041064 0.047516
-0.070558 -0.017214 0.146215
0.036692 0.086587 0.10736
-0.072521 -0.008127 0.089844
0.039963 0.084461 0.008144
-0.083754 0.029578 0.002512
-0.051374 0.083048 -0.006577
-0.073673 0.058908 0.014682
0.070796 -0.005081 0.014682
0.044664 0.080976 0.05144
-0.062769 -0.05853 0.024357
0.06881 0.048439 0.008144
-0.020104 0.09021 0.061074
-0.064201 -0.033321 0.075114
0.06729 -0.014177 0.030561
-0.059645 -0.053671 0.046019
-0.024628 -0.043998 -0.007281
-0.017636 0.097378 0.028403
-0.080158 0.04474 0.113674
-0.003988 -0.060578 0.053782
-0.003988 -0.060578 0.091035
-0.070544 0.063853 0.02618
-0.076434 0.003756 0.047292
-0.01377 0.097904 0.042806
0.071904 0.035204 0.146973
0.019041 -0.056866 0.071777
0.071812 0.000688 0.144956
0.018658 0.087696 0.089844
-0.083135 0.03343 0.034619
-0.059469 -0.029314 0.004489
-0.07643 0.053747 0.104335
-0.036283 -0.054164 0.078938
-0.025246 -0.057948 0.042227
0.02273 -0.055596 0.010248
-0.027147 0.095239 0.006141
-0.064694 -0.08336 0.097245
-0.014447 -0.050905 -0.007258
-0.025267 0.09576 0.016973
0.068826 -0.010591 0.028403
-0.048352 0.085519 0.05144
-0.082746 0.002418 0.12199
0.033294 -0.043182 0.1162
-0.046643 -0.048748 0.082395
-0.05425 -0.042636 0.050656
0.02455 -0.054893 0.113674
-0.060974 -0.035673 0.103749
0.026286 -0.053994 0.1402
0.049161 0.007411 -0.007284
-0.038108 0.091161 0.010248
-0.075553 0.05549 0.115556
-0.067315 -0.019527 0.126964
0.055849 -0.032256 0.098756
0.005733 -0.059858 0.111934
-0.081855 0.03914 0.039826
0.050542 -0.037973 -0.005609
-0.075553 0.05549 0.071777
0.07421 0.012106 0.000909
-0.045031 0.087567 0.065263
0.049129 -0.039318 0.028403
-0.038145 -0.053239 0.124303
0.065783 0.035731 0.089844
0.033321 0.088551 0.10736
0.036692 0.086587 0.034619
-0.078235 -0.002361 0.15037
-0.051445 -0.045411 0.047411
-0.07651 0.005576 0.004489
0.02085 0.094074 0.014682
0.058259 0.067052 0.068485
0.073649 0.025698 0.144956
-0.034485 -0.05492 0.060287
-0.03975 -0.054677 0.119683
0.063677 0.058948 0.078432
-0.071409 -0.02419 0.058275
0.035058 -0.04976 0.036486
0.066871 0.030486 0.103626
-0.071627 0.062231 0.11972
0.060809 0.051039 0.126964
-0.064902 0.064392 -0.007196
0.005346 -0.039822 -0.001798
-0.034885 -0.05456 0.122179
-0.061775 -0.03655 0.129075
0.068666 0.019828 0.135456
-0.014921 0.091889 0.135456
-0.080281 0.002941 0.150607
-0.03637 -0.053997 0.122247
0.01525 0.095772 0.096418
-0.063239 0.072986 0.014682
-0.002038 -0.06053 0.002512
-0.074545 -0.01935 0.049044
0.061531 0.029626 -0.001396
-0.014996 0.092442 0.141789
0.065559 0.05553 0.078432
-0.067755 -0.067881 0.123731
0.03512 0.064286 -0.001748
-0.073587 -0.021053 0.081918
0.07257 0.021782 0.149955
-0.043334 0.088529 0.056371
-0.077264 0.051983 0.115556
-0.083127 0.004331 0.056371
-0.027147 0.095239 0.014682
-0.058426 0.059395 -0.001396
-0.023883 -0.052867 0.141789
0.017174 -0.057433 0.084946
-0.054673 0.080948 0.023909
-0.004064 0.095865 0.150607
-0.069421 0.065448 0.047516
0.072345 0.037291 0.096418
-0.002084 0.098338 0.108826
-0.045081 -0.049718 0.000909
-0.029457 -0.056337 0.140195
0.062697 -0.022776 0.045843
-0.043334 -0.054598 0.043206
-0.018586 0.083825 -0.001396
0.038341 0.085544 -0.001864
0.01713 0.095252 0.096418
-0.084323 0.014006 0.102668
0.02273 -0.055596 0.047516
-0.078451 -0.004432 -0.007075
0.015294 -0.057953 0.071777
0.033321 0.088551 0.034619
0.043481 0.068499 -0.00044
0.046207 -0.041903 0.036486
-0.084326 0.023755 0.084946
-0.01377 0.097904 0.100827
-0.068062 -0.022091 -0.007196
-0.010106 0.050661 -0.007284
0.02631 0.09197 0.05144
0.051889 0.074432 0.02618
0.036731 -0.048757 0.117573
-0.0671 0.02389 -0.001748
-0.077284 0.010865 0.089844
0.034848 0.087297 -0.006577
-0.083748 0.008183 0.068485
-0.054908 -0.043605 0.106457
-0.027057 0.094928 0.142678
0.040001 -0.046628 0.126871
-0.019552 0.09701 -0.006162
-0.081247 0.000781 -0.006875
0.064508 -0.003091 0.061074
-0.083468 0.031508 0.078432
-0.011672 -0.058972 0.14867
-0.000135 0.098243 0.034619
-0.07029 -0.026134 0.036239
-0.023375 0.096234 0.019287
-0.044634 -0.054134 0.125153
-0.057657 0.078435 0.019287
-0.043525 0.081407 0.015454
-0.041614 0.089449 0.014682
-0.081843 -0.001377 -0.004042
-0.078804 -0.002554 -0.007075
0.003752 0.097909 0.113674
0.004874 0.091659 0.015454
-0.060276 -0.037786 -0.006577
0.058 -0.017782 0.061074
-0.051412 -0.028473 -0.001396
0.020353 0.087134 0.103626
0.007663 -0.059572 0.108826
-0.064424 0.07143 0.1402
-0.070313 -0.026232 0.006141
0.003651 -0.058781 0.14867
-0.054673 0.080948 0.059171
0.035019 0.08759 0.104335
0.039251 -0.045536 0.14867
0.070185 -0.006933 0.108826
-0.077117 0.043695 0.15037
-9e-05 -0.060433 -0.004042
0.061629 0.062269 0.108826
-0.008081 0.069034 -0.007284
-0.078035 -0.012435 -0.000551
0.073781 0.008228 0.098756
-0.007669 0.091444 0.004489
-0.071788 -0.017899 0.15037
0.044945 0.06758 -0.00044
-0.084179 0.012061 0.12199
0.059617 -0.023144 -0.007075
0.038379 -0.047713 0.081724
-0.081268 0.041001 0.137581
-0.074567 -0.019381 0.065088
-0.059933 -0.034956 0.150607
0.063059 -0.006379 0.004489
0.070314 0.031041 0.15037
-0.036325 0.091952 0.053782
-0.039152 -0.046981 0.141789
-0.06055 0.073088 0.149955
-0.036325 0.091952 0.091035
0.007618 0.097385 0.045843
0.054065 0.063859 0.141789
-0.080769 0.042887 0.049364
-0.080756 -0.005124 -0.004042
-0.036997 0.084441 0.1162
-0.038515 -0.053864 0.117853
0.020893 -0.056253 0.105881
-0.081843 -0.001377 0.012434
0.044664 0.080976 -0.000551
-0.034523 0.092699 0.030561
0.041559 0.083338 0.041335
0.060545 0.063891 0.093833
0.01554 -0.032504 -0.007284
0.052353 -0.02696 0.015454
-0.084323 0.014006 -0.004903
0.035058 -0.04976 0.065263
-0.052751 -0.0379 0.141789
0.041595 -0.045505 0.110332
-0.005939 -0.060579 0.062147
-0.060032 -0.070291 0.095426
0.060386 0.052845 0.135456
0.018711 -0.049917 0.075459
-0.060515 0.075779 -0.000551
0.0646 -0.019371 0.137581
0.059329 0.054327 0.015454
-0.021472 0.096662 0.021605
-9e-05 -0.060433 0.012434
-0.015693 -0.059841 0.014682
-0.083468 0.031508 0.088061
-0.059639 -0.038627 0.012263
-0.074935 -0.053287 0.117143
-0.04361 -0.043817 0.135456
-0.07348 -0.021264 0.014682
0.0663 0.041591 -0.007196
0.059448 -0.027642 0.126871
-0.048352 0.085519 -0.000551
-0.080143 -0.006976 0.030561
-0.084419 0.015955 0.105881
0.053574 0.034356 -0.001748
-0.077723 0.021561 0.103626
0.006549 0.090725 0.089844
-0.020338 -0.053708 0.141789
-0.061894 0.074399 0.11972
-0.083754 0.029578 0.102668
0.057617 -0.000791 -0.001396
0.067771 0.028807 0.015454
-0.075551 0.055489 0.132156
0.047684 -0.040629 0.053782
0.073154 0.033475 0.000909
0.06729 -0.014177 0.110332
0.047684 -0.040629 0.091035
-0.067973 0.055589 0.061074
0.058608 -0.013873 -0.007258
-0.074634 0.057211 0.006141
0.0637 -0.021102 0.078432
0.022687 0.093418 0.038223
-0.046849 -0.06333 0.124633
-0.060946 0.073474 0.14867
-0.079486 -0.008813 0.004258
0.073781 0.008228 0.028403
-0.003988 -0.060578 0.078432
0.07421 0.012106 0.039826
-0.058101 -0.040227 0.135583
0.025355 -0.03929 -0.001396
-0.073461 -0.021277 0.124378
-0.017636 0.097378 0.102668
-0.064548 0.07154 -0.005609
0.046207 -0.041903 0.065263
-0.011375 0.092844 0.141789
0.058286 -0.029209 0.032639
0.064661 -0.019404 0.104335
-0.015699 -0.059834 0.132156
0.071835 0.023645 0.150607
0.043162 -0.044342 -0.001864
-0.027103 -0.057447 0.055173
0.013315 0.082659 -0.001396
-0.08418 0.0257 0.132156
-0.065993 -0.050056 0.111609
0.070796 -0.005081 0.084946
0.07421 0.012106 0.117573
-0.063226 -0.034781 0.019276
-0.038108 0.091161 0.053782
0.068826 -0.010591 0.102668
0.014046 -0.028762 -0.001799
-0.073673 0.058908 0.104335
-0.071627 0.062231 0.098756
-0.011829 0.098096 0.12199
0.012169 -0.053487 -0.007196
-0.065754 -0.069316 0.123338
0.012089 -0.03818 -0.007284
0.049129 -0.039318 0.102668
-0.056221 0.076772 -0.007075
-0.07767 -0.056668 0.048714
-0.063384 -0.035258 0.118306
-0.007685 0.091595 0.089844
0.074495 0.019901 -0.004042
-0.025267 0.09576 0.032639
0.062055 0.058002 0.149955
-0.021599 -0.058742 0.121996
0.025923 -0.005366 -0.001798
-0.050517 -0.038019 0.061074
-0.072194 -0.0061 0.001421
-0.066807 0.068352 0.142678
0.067854 0.001627 0.146215
-0.058491 0.07119 -0.007196
0.042173 -0.037112 0.126964
-0.082435 0.008362 0.14867
-0.005939 -0.060579 0.04429
-0.072106 -0.009891 0.047292
0.003063 0.091706 0.009066
-0.009883 0.09824 -0.004042
-0.046238 0.085808 0.146973
-0.084183 0.0257 0.041335
0.058259 0.067052 0.056371
0.049096 0.077155 0.002512
-0.072497 -0.022606 0.103388
-0.056397 -0.065392 0.048658
-0.063331 -0.043889 0.043128
-0.054238 -0.04346 0.014017
0.02631 0.09197 -0.000551
-0.082134 0.03326 -0.006875
-0.073587 -0.021053 0.068295
-0.002038 -0.06053 0.102668
0.0721 0.00062 -0.006577
0.00483 -0.053218 0.075459
0.050509 0.075811 0.053782
0.050509 0.075811 0.091035
-0.083992 0.027642 0.038223
0.02085 0.094074 0.084946
0.019041 -0.056866 0.117573
-0.065515 -0.068515 0.088117
0.042476 0.061235 -0.001748
-0.082329 0.037247 0.104335
-0.003988 -0.060578 0.088061
-0.023375 0.096234 0.042806
-0.057657 0.078435 0.042806
-0.083135 0.03343 0.019287
0.037891 0.078261 0.126964
0.066457 -0.015941 0.113674
-0.064323 -0.033762 0.028423
-0.024237 -0.054156 0.148991
-0.05641 -0.041745 0.021131
-0.065628 0.056274 0.001421
0.052508 0.064946 0.135456
-0.083461 0.006253 -0.005609
-0.023331 -0.058439 0.055747
0.070114 0.010597 0.148991
-0.017636 0.097378 -0.004903
0.074495 0.019901 0.012434
0.017475 0.065052 -0.001799
0.00165 0.096229 0.149955
-0.071627 0.062231 0.028403
-0.074973 0.050935 0.150607
0.058209 -0.020012 0.141789
0.054545 0.071574 0.115556
0.068101 0.014434 0.126964
0.050316 -0.037741 0.142678
-0.019515 -0.059244 0.045604
-0.063239 0.072986 0.084946
-0.062168 0.064642 0.126964
-0.082755 0.035344 0.004258
-0.03287 0.071559 -0.007284
-0.054673 0.080948 0.05144
-0.05312 -0.050198 0.023005
-0.002571 0.085013 -0.007284
-0.075553 0.05549 0.117573
0.046172 0.079739 0.004258
-0.009883 0.09824 0.012434
-0.03807 -0.05338 0.086529
-0.041654 -0.05791 0.040347
0.051889 0.074432 0.045843
0.065513 0.009349 0.001421
0.066872 0.030486 0.075459
-0.027147 0.095239 0.084946
0.068826 -0.010591 -0.004903
0.018997 0.094686 0.062147
0.005733 -0.059858 0.110332
-0.06788 -0.029401 0.032498
0.0316 0.08947 0.02618
-0.004017 -0.059563 -0.006875
0.052289 0.018926 -0.001799
0.070796 -0.005081 0.038223
-0.05611 -0.03352 0.126964
0.036692 0.086587 0.019287
-0.077244 -0.014219 -0.001864
-0.0788 0.048397 0.062147
0.070782 0.042931 -0.005609
-0.083857 0.012089 0.142678
-0.083748 0.008183 0.056371
0.074448 0.016 0.004258
-0.074536 -0.081704 0.075934
0.064639 0.057251 0.041335
0.049129 -0.039318 -0.004903
-0.066525 -0.021156 0.015454
-0.02897 -0.056885 0.095414
-0.075464 -0.017774 0.016973
0.063231 0.044283 0.075459
0.069512 0.046619 0.071777
0.050788 -0.006624 -0.001798
-0.081843 -0.001377 0.008144
0.073495 0.006298 0.115556
-0.029745 -0.047412 -0.007258
0.060394 -0.012984 0.089844
0.003786 0.083631 -0.007281
0.066654 0.003758 0.126964
0.017174 -0.057433 0.105881
-0.078071 -0.066614 0.037269
-0.075506 -0.017713 0.1104
-0.077233 -0.014226 0.119721
-0.007993 -0.020281 -0.001798
-0.028042 0.091607 0.15037
-0.063237 0.072984 0.132156
-0.046008 -0.049074 0.017649
0.039356 -0.036273 -0.007258
-0.074062 -0.019219 0.144956
-0.007813 -0.058431 -0.007075
0.060571 -0.026047 0.038223
-0.00789 -0.060531 0.126871
-0.059177 -0.080503 0.10647
-0.06266 0.069871 0.150607
-0.038713 0.083863 0.034718
-0.041614 0.089449 0.084946
-0.052069 -0.072365 0.118683
-0.084326 0.023755 0.105881
-0.077264 0.051983 0.117573
-0.063462 -0.034564 0.01465
-0.002038 -0.06053 -0.004903
0.0635 -0.018766 0.14867
-0.046668 -0.048779 -0.004042
0.073561 0.016033 0.146973
-0.056779 0.067155 -0.007258
-0.036325 0.091952 0.078432
-0.07449 -0.051742 0.042653
-0.015707 0.097665 0.016973
-0.083127 0.004331 0.111934
0.033361 -0.050722 -0.005609
-0.03084 0.067726 -0.001799
0.033079 -0.046366 0.148991
0.06908 0.023475 -0.007196
-0.063627 -0.04269 0.124727
0.053553 0.070696 0.14867
0.022979 -0.024133 -0.001799
0.044596 -0.043012 0.1402
0.022704 0.046789 -0.001798
-0.019558 0.097044 0.006141
0.012251 0.038409 -0.007284
-0.060515 0.075779 0.11972
-0.061894 0.074399 0.098756
-0.056181 0.07971 0.115556
0.033321 0.088551 0.019287
0.029898 -0.05252 0.041335
-0.052646 -0.073339 0.048537
-0.023375 0.096234 0.100827
0.073154 0.033475 0.039826
-0.057657 0.078435 0.100827
-0.076395 -0.01596 0.06208
-0.082746 0.002418 0.023909
0.04765 0.078465 0.02618
0.038379 -0.047713 0.10736
-0.011628 0.044072 -0.007284
-0.069073 -0.057439 0.048435
-0.045031 0.087567 0.030561
-0.021427 -0.058866 0.078518
-0.005712 0.090444 -0.007258
-0.018786 -0.039276 -0.007284
0.054545 0.071574 0.000909
-0.042659 -0.053645 0.112153
0.041595 -0.045505 -0.003028
-0.000135 0.098243 0.019287
0.062674 0.060621 0.113674
-0.062268 0.072084 0.14867
-0.033978 -0.05514 0.114741
-0.017203 -0.056992 -0.007075
0.052647 0.056094 -0.007281
0.048526 -0.038669 -0.006875
0.071834 0.021728 -0.007075
0.018997 0.094686 0.04429
-0.065769 0.070017 0.137581
-0.024149 0.078196 -0.001748
0.068667 0.01802 0.135456
0.053719 -0.032976 -0.006875
-0.080182 -0.075192 0.103224
-0.0788 0.048397 0.04429
-0.053135 0.082148 0.02618
-0.05425 -0.042636 0.100197
0.047684 -0.040629 0.078432
-0.004104 0.090517 0.001421
-0.060248 -0.047747 0.023262
0.028045 0.035036 -0.001799
-0.078054 0.0502 0.075105
0.06729 -0.014177 -0.003028
0.025324 -0.047223 0.089844
-0.077502 0.012638 0.075459
0.022259 0.087087 0.015454
-0.081322 -0.003257 0.126871
-0.048344 -0.065392 0.034466
0.073495 0.006298 0.000909
-0.066324 -0.040175 0.03787
0.073781 0.008228 0.102668
0.009541 0.097052 -0.000551
-0.081176 0.040974 0.1402
-0.080769 0.042887 0.002512
-0.081454 0.00072 0.146973
-0.077608 0.012628 0.061074
-0.026445 0.092819 0.150607
-0.057623 -0.040659 -0.005609
0.024253 0.072552 -0.001748
-0.00788 -0.060269 -0.006577
-0.058585 -0.038666 0.093425
0.041831 0.074577 0.089844
-0.073577 -0.021112 0.110518
-0.061656 0.059839 -0.00044
-0.082746 0.002418 0.059171
0.028094 0.09118 0.056371
0.031758 -0.044102 0.1162
-0.081335 0.04102 0.053782
-0.000155 0.09792 0.142678
0.053235 0.073019 0.096418
0.066891 -0.001837 -0.007196
-0.081335 0.04102 0.091035
-0.019558 0.097044 0.014682
0.003068 -0.053542 0.061074
-0.009839 -0.060436 0.030561
0.038379 -0.047713 0.034619
-0.047837 0.084748 -0.006875
-0.034506 -0.03178 -0.007284
0.074019 0.010165 0.068485
-0.038108 0.091161 0.078432
-0.083754 0.029578 0.129469
0.007618 0.097385 0.034619
-0.076273 -0.003785 -0.007196
-0.066923 -0.030657 0.116144
-0.077679 0.016205 0.089844
-0.059103 0.077125 0.096418
-0.059869 -0.037153 0.097118
-0.0157 -0.059836 0.021605
0.00511 -0.055274 0.146215
0.009585 -0.059237 0.02618
0.061654 -0.024424 0.096418
0.050542 -0.037973 0.021605
-0.07267 0.060582 0.113674
0.03007 0.082641 0.089844
-0.062301 -0.06725 0.098214
-0.083135 0.03343 0.042806
-0.035124 -0.054789 0.113781
0.058286 -0.029209 0.006141
0.016951 -0.044454 -0.001396
0.073488 0.031553 0.093833
0.057086 -0.030747 0.038223
0.017042 0.094964 -0.006577
0.072999 0.004406 0.1402
0.074495 0.019901 0.008144
0.073162 0.004376 0.075105
-0.011732 -0.030868 -0.007284
-0.07394 -0.050704 0.120566
0.043126 0.082176 0.038223
0.049096 0.077155 0.102668
0.07435 0.0238 0.000909
-0.077054 -0.056273 0.122472
-0.067646 -0.043481 0.033976
0.06808 -0.012393 0.068485
-0.054673 0.080948 -0.000551
-0.009883 0.09824 0.008144
-0.007643 -0.053791 0.089844
0.046207 -0.041903 0.111934
-0.068762 0.053981 0.075459
-0.021472 0.096662 0.053782
0.070796 -0.005081 0.105881
-0.021472 0.096662 0.091035
-0.06826 0.067016 0.075105
0.036692 0.086587 0.042806
-0.065574 -0.002653 -0.007284
-0.060684 -0.035916 0.106093
0.062697 -0.022776 0.091035
0.019041 -0.056866 0.11972
-0.073638 -0.021151 -0.000551
-0.071291 -0.024688 0.012434
-0.055848 -0.048925 0.126794
0.01525 0.095772 0.075105
-0.041699 0.060331 -0.007284
0.066457 -0.015941 0.093833
0.073781 0.008228 -0.004903
-0.005135 0.061287 -0.007284
-0.082592 0.031367 0.146973
-0.06911 0.056251 -0.007196
-0.009838 -0.060436 -0.004042
-0.005985 0.098384 0.075105
-0.07507 -0.08007 0.062767
-0.06566 -0.020447 -0.007258
0.066566 0.032246 0.075459
-0.074634 0.057211 0.104335
-0.000135 0.098243 0.088061
0.054538 -0.024095 0.015454
-0.052815 0.054509 -0.001798
-0.030591 0.087725 0.015454
0.055145 0.060183 0.1162
0.01713 0.095252 0.075105
-0.002038 -0.06053 0.129469
0.048675 -0.030918 0.126964
0.005733 -0.059858 -0.003028
0.0316 0.08947 0.081724
0.058286 -0.029209 0.014682
0.072355 0.000559 0.108826
0.029897 -0.052518 0.132156
0.0316 0.08947 0.045843
0.035058 -0.04976 0.030561
0.052092 -0.004714 -0.007284
0.074495 0.01795 -0.005609
-0.078029 -0.012437 0.132156
-0.01377 0.097904 0.032639
-0.075766 0.035691 0.089844
0.031872 0.082187 0.009066
-0.053019 -0.044428 0.006135
-0.03366 -0.054899 0.134821
-0.064873 0.058046 -0.007258
0.073775 0.029623 0.039826
0.072782 0.002463 0.038223
-0.033743 -0.048233 0.047292
0.005688 0.09767 0.004258
0.026604 0.083955 -0.007258
0.071362 -0.003214 0.000909
-0.05549 0.065862 -0.00044
0.062422 -0.022606 0.142678
0.02085 0.094074 0.105881
-0.005861 -0.054029 0.1162
-0.03988 -0.055636 0.11783
0.0189 0.094377 0.142678
0.06558 -0.017684 0.093833
0.074014 0.027687 0.113674
0.033321 0.088551 0.042806
0.067252 0.052016 0.134879
-0.065451 -0.022606 0.023954
0.071699 0.012322 0.150607
-0.034523 0.092699 0.12199
-0.083135 0.03343 0.100827
0.066437 0.053788 0.129469
0.046407 0.077058 0.149955
-0.084323 0.014006 0.036486
0.063617 0.058913 0.137581
-0.060515 0.075779 0.098756
0.053266 -0.035179 0.068485
0.059421 0.065485 0.000909
0.058259 0.067052 0.111934
0.050542 -0.037973 0.010248
-0.066186 0.030629 -0.001748
-0.057774 0.065553 -0.007258
-0.067121 -0.030206 0.111737
0.074206 0.025746 0.038223
0.032085 0.082553 0.135456
-0.060499 -0.071103 0.065146
-0.028904 0.022145 -0.001798
0.050509 0.075811 0.088061
-0.063239 0.072986 0.105881
0.054545 0.071574 0.039826
-0.000135 0.098243 0.042806
0.046207 -0.041903 0.030561
-0.049665 -0.069315 0.042217
-0.048352 0.085519 0.098756
-0.074489 0.057131 0.1402
-0.04646 -0.064018 0.120093
0.072345 0.037291 0.016973
-0.041116 -0.053537 0.042974
-0.073467 0.022816 -0.007281
-0.079486 -0.008813 0.049364
-0.027147 0.095239 0.105881
-0.043394 -0.050723 0.101662
0.042957 -0.044072 -0.006577
-0.022452 -0.005275 -0.001798
0.06523 0.005816 0.001421
0.070234 0.017946 -0.007196
-0.072208 -0.048963 0.0416
0.072153 0.010371 0.149955
0.020934 0.077755 -0.007284
0.068062 0.050242 0.115556
0.065756 0.021407 -0.007258
-0.080143 -0.006976 0.12199
-0.044906 -0.055891 0.124814
-0.083987 0.010119 0.113674
-0.015661 -0.059864 0.065217
0.071349 0.041064 0.041335
-0.023587 -0.058254 0.028394
0.072773 0.035388 0.113674
-0.067888 0.038544 -0.007281
-0.067339 0.03464 -0.007284
0.054545 0.071574 0.117573
0.036692 0.086587 0.100827
-0.066388 -0.04015 0.11943
-0.062645 -0.051394 0.045249
-0.043324 0.088511 0.134879
0.015294 -0.057953 0.11972
-0.051585 -0.062921 0.12561
-0.07643 0.053747 -0.005609
-0.074561 -0.019372 0.088289
0.04765 0.078465 0.045843
0.073169 0.031501 0.142678
0.015863 -0.037137 -0.007284
0.059765 -0.014669 0.1162
-0.043851 -0.050802 0.106873
-0.078012 -0.01243 0.134879
-0.004099 0.08863 -0.00044
0.073495 0.006298 0.039826
0.06808 -0.012393 0.036486
-0.071627 0.062231 -0.004903
-0.011829 0.098096 0.023909
0.051889 0.074432 0.034619
0.044664 0.080976 0.028403
0.0236 0.08533 -0.007258
-0.082746 0.002418 0.05144
0.065792 0.002116 0.089844
-0.072189 -0.022777 0.142678
0.020893 -0.056253 0.02618
0.044664 0.080976 0.002512
0.05582 0.070097 -0.001864
-0.07336 -0.051834 0.035674
-0.083748 0.008183 0.111934
-0.0629 -0.025186 0.075459
0.009541 0.097052 0.11972
-0.041614 0.089449 0.105881
-0.060515 0.075779 0.028403
-0.055735 -0.033115 0.004489
-0.053135 0.082148 0.045843
0.052074 0.042564 -0.007284
0.06691 0.00916 0.004489
0.023709 -0.047986 0.103626
0.008813 0.077082 -0.007284
-0.067844 0.055514 0.089844
-0.023331 -0.058439 -0.005609
-0.070544 0.063853 0.053782
0.052658 0.069904 0.150607
-0.058655 -0.039755 0.044348
-0.079582 0.006879 0.148991
-0.070544 0.063853 0.091035
0.018746 -0.050017 0.061074
-0.05194 -0.071337 0.122743
0.005394 -0.057362 0.150607
-0.048352 0.085519 0.028403
-0.052892 0.011181 -0.007284
0.068078 -0.012392 0.132156
-0.03807 -0.05338 0.063726
0.071882 -0.001333 0.075105
-0.084419 0.015955 0.02618
0.050542 -0.037973 0.047516
-0.064695 -0.033123 0.016974
0.033321 0.088551 0.100827
-0.064548 0.07154 0.021605
-0.004088 -0.053764 0.004489
-0.063932 -0.02835 0.148991
-0.081335 0.04102 0.078432
0.039069 0.076841 0.103626
0.02631 0.09197 0.098756
-0.065822 0.070062 0.093833
0.055849 -0.032256 0.068485
0.003797 -0.060097 0.041335
-0.083127 0.004331 0.110332
-0.011829 0.098096 0.059171
0.07435 0.0238 0.039826
-0.054215 -0.049278 0.106827
-0.000135 0.098243 0.100827
-0.056181 0.07971 0.117573
0.074019 0.010165 0.056371
-0.038146 -0.048981 0.148991
-0.060927 -0.043056 0.043881
0.063016 -0.018499 0.149955
-0.074612 -0.019445 -0.004042
0.009585 -0.059237 0.081724
0.009585 -0.059237 0.045843
-0.070919 0.006724 -0.001396
0.006657 0.091396 0.015454
-0.055773 -0.033175 0.089844
-0.029014 0.094672 0.075105
-0.084323 0.014006 0.065263
-0.07267 0.060582 0.093833
0.038341 0.085544 0.071777
0.034824 0.080135 0.047292
-0.07724 -0.014212 0.07177
0.053266 -0.035179 0.036486
-0.06706 0.068554 -0.004042
-0.074252 0.037113 0.001421
-0.017636 0.097378 0.036486
-0.019558 0.097044 0.084946
-0.025857 0.090796 0.146215
0.035385 -0.037006 -0.00044
-0.06403 -0.033075 0.090433
0.026352 -0.054146 0.113674
-0.069421 0.065448 0.041335
0.019029 -0.012642 -0.007284
-0.046138 -0.041095 0.004489
0.063846 -0.004755 0.103626
-0.066998 0.06149 -0.007196
-0.082755 0.035344 0.124375
0.046172 0.079739 0.124375
0.000392 0.085893 -0.007281
-0.004034 0.098385 0.115556
0.024507 0.092716 0.113674
0.074353 0.014052 0.049364
0.02273 -0.055596 0.041335
0.068826 -0.010591 0.036486
-0.083748 0.008183 0.030561
-0.068135 -0.00459 -0.001396
-0.030866 0.09406 0.115556
0.018995 -0.050742 0.135456
0.067588 -0.00212 0.148991
-0.021472 0.096662 0.078432
-0.037913 -0.053836 0.117031
-0.033363 -0.036573 -0.001748
-0.009863 0.097917 0.142678
0.036123 0.085642 -0.006875
-0.052979 -0.044201 0.071492
0.069642 0.044601 0.144956
-0.067697 -0.009785 -0.00044
0.059518 0.060894 0.150607
-0.043334 0.088529 -0.001864
-0.066314 -0.082317 0.10425
0.039963 0.084461 0.113674
-0.021427 -0.058866 0.071692
0.015483 -0.051608 0.015454
0.057744 -0.026411 -0.007075
0.074448 0.016 0.124375
-0.083127 0.004331 -0.001864
0.049129 -0.039318 0.036486
0.02631 0.09197 0.028403
0.06881 0.048439 0.113674
-0.067571 -0.015764 -0.007258
0.037609 0.07787 0.089844
-0.068058 -0.028593 0.107817
0.035019 0.08759 -0.005609
0.06808 -0.012393 0.065263
0.071362 -0.003214 0.039826
-0.057005 0.069651 0.004489
0.041595 -0.045505 0.023909
0.038379 -0.047713 0.019287
-0.078031 -0.012439 0.129469
-0.06706 0.068554 0.012434
-0.083461 0.006253 0.021605
0.051889 0.074432 0.091035
0.049096 0.077155 0.129469
-0.009838 -0.060436 0.008144
0.063677 0.058948 0.062147
-0.080158 0.04474 0.096418
0.007618 0.097385 0.019287
-0.060683 -0.035915 0.045788
0.073162 0.004376 0.124375
-0.069154 0.003906 -0.007281
0.044686 -0.040039 -0.007075
-0.076619 0.003717 0.126964
-0.039101 -0.05312 0.045347
0.059421 0.065485 0.039826
-0.074577 -0.019394 0.071717
-0.06124 -0.036302 0.042732
0.065559 0.05553 0.062147
0.059287 0.065388 0.1402
-0.077741 0.045923 0.149955
-0.075463 -0.017773 0.124376
0.073154 0.033475 0.010248
0.06729 -0.014177 0.023909
-0.054323 -0.07578 0.052855
0.063682 -0.021092 0.134879
0.02455 -0.054893 0.096418
0.070782 0.042931 0.021605
-0.061402 0.057917 -0.007281
-0.039871 0.090326 0.004258
-0.06826 0.067016 0.124375
-0.066719 -0.030344 0.082699
-0.023068 0.094945 0.14867
-0.079239 -0.008721 -0.006577
-0.046704 0.086563 0.049364
-0.025239 -0.051008 0.075459
-0.025223 -0.057965 -0.005609
-0.016125 0.069428 -0.007284
0.028085 0.091161 0.134879
0.0316 0.08947 0.10736
-0.031724 -0.055635 0.13212
0.050542 -0.037973 0.053782
0.029858 0.090347 0.068485
-0.031744 0.086088 -0.007258
0.058286 -0.029209 0.084946
-0.056076 -0.041983 0.000909
-0.068249 -0.04256 0.12106
0.068509 0.048319 0.142678
-0.045513 -0.049409 0.010125
-0.005985 0.098384 0.124375
-0.045031 0.087567 0.12199
0.055849 -0.032256 0.036486
0.015294 -0.057953 0.098756
0.046207 -0.041903 0.110332
0.017002 -0.050436 0.089844
0.041595 -0.045505 0.059171
0.053266 -0.035179 0.056371
0.011498 -0.058856 0.075105
-0.004034 0.098385 0.000909
-0.06556 -0.032101 -0.006577
-0.067415 -0.019589 0.023954
-0.083468 0.031508 0.062147
0.062697 -0.022776 0.088061
-0.082746 0.002418 -0.000551
0.050991 -0.015865 -0.007281
0.017174 -0.057433 0.02618
0.050687 -0.027915 0.089844
-0.069967 -0.02646 0.134876
-0.032384 -0.055734 0.037615
-0.084468 0.017905 0.041335
0.031465 -0.047281 0.148991
-0.032941 0.008503 -0.001798
-0.074765 0.055082 0.146973
0.053266 -0.035179 0.065263
-0.017636 0.097378 0.065263
0.009541 0.097052 0.098756
0.06729 -0.014177 0.059171
-0.03074 -0.056333 0.047247
-0.084326 0.023755 0.02618
0.064661 -0.019404 -0.005609
0.008695 0.092503 0.146215
-0.077589 0.003511 0.141789
0.066308 -0.015868 0.1402
-0.065132 0.064637 0.148991
0.049553 -0.029295 0.103626
-0.040432 0.087116 -0.007075
0.000525 0.085005 -0.001396
-0.058302 -0.061621 0.106063
0.072345 0.037291 0.032639
-0.078367 0.036308 -0.007196
0.043162 -0.044342 0.071777
0.063677 0.058948 0.04429
-0.083448 0.031505 0.134879
-0.074561 -0.019372 0.061922
-0.067553 0.007494 -0.001748
0.068826 -0.010591 0.065263
-0.06822 -0.029254 -0.003028
0.0316 0.08947 0.034619
0.044664 0.080976 0.102668
-0.073673 0.058908 -0.005609
0.020893 -0.056253 0.045843
-0.017661 -0.059528 0.124376
0.015241 0.095738 -0.006162
0.073154 0.033475 0.047516
-0.035509 -0.047785 0.023954
0.065559 0.05553 0.04429
-0.009839 -0.060436 0.12199
0.051874 0.074417 0.134879
-0.011829 0.098096 0.05144
-0.061916 -0.035227 0.111454
-0.028953 -0.056897 0.049723
0.049129 -0.039318 0.065263
0.069512 0.046619 0.11972
-0.03266 -0.055611 0.071355
0.069627 0.034721 0.15037
-0.075294 0.032149 -0.007258
-0.051532 -0.045532 -0.004903
-0.070544 0.063853 0.078432
-0.03993 -0.055688 0.11855
-0.045755 -0.053123 0.110334
0.040034 0.067022 -0.007281
-0.044696 0.079903 0.075459
-0.040649 -0.053331 0.122762
-0.070906 0.051053 0.023954
-0.057347 -0.079229 0.10618
0.003215 -0.054859 0.141789
-0.02515 -0.0577 -0.006577
-0.057973 -0.072936 0.065328
-0.01377 0.097904 0.014682
0.041559 0.083338 0.108826
0.058259 0.067052 0.110332
-0.082318 0.000515 0.053782
-0.048352 0.085519 0.102668
-0.082318 0.000515 0.091035
0.067639 0.028791 0.009066
0.003752 0.097909 0.096418
-0.084419 0.015955 0.045843
-0.059916 -0.064003 0.125513
0.040925 -0.019074 -0.007284
-0.015706 0.097665 0.081724
0.057442 0.057395 0.023954
-0.004109 0.092122 0.126964
0.007618 0.097385 0.088061
0.018997 0.094686 0.104335
0.034601 -0.048954 -0.006875
0.037567 0.077813 -0.007258
0.005733 -0.059858 0.023909
-0.015662 -0.059864 0.045772
-0.0788 0.048397 0.104335
0.009541 0.097052 0.028403
-0.064819 0.049508 -0.007281
-0.063599 -0.069234 0.065029
-0.004104 0.092557 0.135456
-0.083127 0.004331 -0.003028
0.068062 0.050242 0.117573
-0.07878 -0.010633 0.132156
-0.03989 -0.052594 0.02693
-0.083468 0.031508 0.04429
-0.082329 0.037247 -0.005609
-0.030326 0.087014 -0.007258
-0.057482 -0.040761 0.002512
-0.061438 -0.036932 0.006139
-0.04664 -0.048709 0.050489
-0.082817 0.033371 0.142678
-0.011788 -0.06029 0.12199
0.013629 -0.044309 -0.007281
-0.003988 -0.060578 0.062147
-0.058129 -0.051522 0.045765
-0.080769 0.042887 0.129469
0.051889 0.074432 0.019287
-0.046665 -0.048781 -0.005609
0.0447 -0.043141 0.115556
0.031866 0.082177 0.126964
0.073781 0.008228 0.036486
-0.059103 0.077125 0.075105
0.018081 -0.043099 -0.007284
0.070185 -0.006933 0.115556
0.055849 -0.032256 0.065263
-0.020253 -0.0363 -0.001799
0.028065 0.091117 0.137581
-0.060767 -0.03742 0.137696
-0.06706 0.068554 0.008144
-0.025267 0.09576 0.038223
-0.013671 -0.059541 0.144956
0.038379 -0.047713 0.042806
0.061654 -0.024424 0.075105
-0.083992 0.027642 0.02618
0.033361 -0.050722 0.010248
0.071882 -0.001333 0.124375
0.054575 -0.033733 0.041335
0.009585 -0.059237 0.10736
0.073775 0.029623 0.010248
-0.041344 -0.051547 0.01868
0.007618 0.097385 0.042806
0.044664 0.080976 -0.004903
-0.083748 0.008183 0.110332
-0.073569 0.02 -0.007281
0.063557 -0.021019 0.1402
-0.048268 -0.047673 0.064447
-0.053135 0.082148 0.034619
-0.070544 0.063853 0.088061
-0.078783 -0.010633 0.081725
0.069462 -0.008746 0.137581
-0.049972 0.084433 0.132156
-0.034523 0.092699 0.023909
0.005733 -0.059858 0.059171
-0.079125 -0.05925 0.120245
0.035058 -0.04976 0.12199
0.066455 -0.01594 0.132156
-0.002084 0.098338 0.000909
-0.054673 0.080948 0.028403
0.019265 -0.038497 -0.001748
0.005688 0.09767 0.124375
-0.027629 -0.057065 0.026175
-0.077976 0.048068 0.146973
-0.040994 -0.056885 0.120369
0.047851 -0.037943 0.149955
-0.035062 0.048768 -0.007284
-0.054673 0.080948 0.002512
0.02631 0.09197 0.102668
0.053235 0.073019 0.016973
0.063185 0.046188 0.015454
-0.070546 -0.069899 0.031195
-0.067354 -0.029893 0.019294
-0.048352 0.085519 -0.004903
-0.015699 -0.059837 0.019287
0.031641 -0.051642 0.115556
0.058642 0.056011 0.135456
0.070796 -0.005081 0.02618
-0.029014 0.094672 0.124375
0.031641 -0.051642 0.071777
0.011454 0.096672 0.004258
-0.070097 0.052661 0.023954
0.061635 -0.003995 -0.007258
-0.019558 0.097044 0.105881
-0.078035 -0.012436 0.002512
0.034777 -0.049278 0.144956
-0.071194 -0.072607 0.119938
-0.063307 -0.037559 0.032497
0.055328 0.062456 -0.007196
-0.084223 -0.067576 0.072137
0.041595 -0.045505 0.05144
-0.064548 0.07154 0.053782
0.074019 0.010165 0.111934
0.038341 0.085544 0.117573
0.054011 0.027547 -0.001798
0.001856 -0.060289 0.093833
0.046207 -0.041903 0.12199
-0.004034 0.098385 0.039826
0.009585 -0.059237 0.034619
0.053991 0.066133 0.148991
0.074495 0.01795 0.021605
-0.063652 -0.034752 0.037138
0.040001 -0.046628 0.081724
0.0637 -0.021102 0.04429
-0.079486 -0.008813 -0.004042
0.007663 -0.059572 0.000909
-0.084468 0.019856 0.096418
-0.003988 -0.060578 0.04429
-0.027498 -0.057157 0.030521
-0.034523 0.092699 0.059171
-0.075458 -0.017778 0.021605
-0.041636 -0.052549 0.110151
0.06729 -0.014177 0.05144
-0.04954 -0.037075 -0.007258
0.070185 -0.006933 0.000909
-0.064331 -0.03391 0.03422
0.072991 0.033445 0.1402
0.061629 0.062269 0.000909
0.050542 -0.037973 0.078432
-0.079223 -0.000686 -0.007075
-0.004034 0.098385 0.117573
-0.075459 -0.017777 0.126871
-0.048781 -0.055754 0.023777
0.033361 -0.050722 0.047516
-0.071627 0.062231 0.036486
-0.06824 -0.017986 0.126964
-0.073594 -0.021062 0.078531
-0.030866 0.09406 0.117573
0.028135 -0.053355 0.093833
0.073775 0.029623 0.047516
-0.049974 0.084435 0.004258
0.046207 -0.041903 -0.003028
-0.067791 -0.028526 0.101347
-0.021479 -0.058828 0.038109
-0.067112 -0.030068 0.110583
0.029858 0.090347 0.056371
-0.048193 -0.067168 0.039973
-0.038155 -0.054072 0.038406
-0.004067 -0.054315 0.126964
0.038379 -0.047713 0.100827
-0.072647 -0.022815 -0.005609
-0.02064 0.044292 -0.001798
0.06808 -0.012393 0.111934
-0.001716 0.083127 -0.007284
-0.021824 0.089714 0.103626
-0.021462 -0.058841 0.110495
-0.000463 -0.054378 0.015454
0.06333 0.04432 0.061074
-0.079105 -0.078809 0.075899
-0.083135 0.03343 0.032639
-0.029587 0.090345 0.148991
-0.071414 -0.024516 0.036302
-0.015664 -0.059862 -0.000551
0.007618 0.097385 0.100827
-0.049971 -0.06224 0.026614
0.017174 -0.057433 0.045843
-0.025288 -0.057275 0.144956
-0.061894 0.074399 0.068485
-0.037738 0.090354 0.146973
0.026297 0.091938 -0.006162
0.028 -0.053061 0.142678
-0.011448 -0.056378 0.148991
-0.007935 0.098336 0.108826
-0.046285 -0.035862 -0.007281
0.029988 0.082513 0.004489
-0.069452 -0.045027 0.036796
0.04765 0.078465 0.053782
-0.06679 -0.030816 0.117977
0.073781 0.008228 0.065263
0.04765 0.078465 0.091035
-0.036804 -0.050396 0.15037
0.051889 0.074432 0.088061
0.02631 0.09197 -0.004903
-0.063239 0.072986 0.02618
-0.079486 -0.008813 0.012434
0.065559 0.05553 0.108826
-0.009278 -0.053286 -0.007258
0.028094 0.09118 0.110332
-0.081802 -0.001367 -0.006162
-0.068498 -0.076039 0.116474
-0.032393 0.09257 0.146973
-0.020124 -0.025138 -0.001799
-0.042342 -0.045226 0.141789
-0.071105 -0.05022 0.031598
-0.03266 -0.055611 0.075107
0.07435 0.0238 0.010248
-0.050974 -0.054427 0.023225
-0.018838 0.093181 0.148991
-0.07643 0.053747 0.021605
-0.027147 0.095239 0.02618
-0.079737 0.038555 -0.007075
0.067802 -0.006114 0.150607
-0.079987 -0.006922 0.1402
0.061522 -0.019834 0.150607
0.042153 0.074965 0.009066
0.057086 -0.030748 0.124375
-0.084323 0.014006 0.030561
0.058286 -0.029209 0.105881
-0.083461 0.006253 0.053782
0.022687 0.093418 0.081724
-0.053135 0.082148 0.091035
-0.023546 0.089238 0.089844
-0.013725 -0.060102 0.088086
-0.029809 -0.047864 0.001421
-0.077306 0.030521 0.009066
-0.036325 0.091952 0.062147
0.011498 -0.058856 0.124375
0.061453 0.053399 0.146215
0.059448 -0.027642 0.081724
-0.033722 -0.054873 0.019299
0.063699 0.050388 0.148991
-0.028252 0.09227 0.150607
0.029898 -0.05252 0.108826
0.060569 -0.026045 0.132156
0.058259 0.067052 -0.003028
-0.082318 0.000515 0.078432
-0.081843 -0.001377 0.113674
-0.077879 0.010798 0.023954
0.070782 0.042931 0.053782
0.074495 0.01795 0.010248
-0.005909 -0.058059 0.150607
-0.044274 0.024228 -0.007284
-0.023375 0.096234 0.006141
-0.041614 0.089449 0.02618
-0.057657 0.078435 0.006141
-0.082755 0.035344 -0.004042
-0.081114 0.014204 0.15037
0.053266 -0.035179 0.111934
0.040751 -0.005282 -0.007284
0.028094 0.09118 -0.001864
-0.067025 -0.030504 0.114487
0.06808 -0.012393 0.030561
0.069528 -0.00877 0.093833
-0.083356 -0.064076 0.073667
-0.058536 -0.033405 0.146215
-0.060615 -0.035916 0.14867
-0.057779 -0.069921 0.101342
0.047684 -0.040629 0.062147
0.071362 -0.003214 0.010248
-0.01377 0.097904 0.084946
0.074448 0.016 -0.004042
-0.015706 0.097665 0.10736
0.062299 -0.013913 0.146215
0.005733 -0.059858 0.05144
-0.05064 0.075911 0.047292
-0.055818 -0.068048 0.027574
0.043162 -0.044342 0.117573
0.016877 -0.05637 -0.006875
-0.084179 0.012061 0.049364
-0.07919 0.001259 0.15037
-0.078358 0.01618 0.015454
0.064142 -0.010767 -0.007196
0.0316 0.08947 0.019287
-0.071627 0.062231 0.065263
0.07435 0.0238 0.047516
0.059421 0.065485 0.010248
-0.065111 -0.032789 0.010247
-0.002084 0.098338 0.039826
-0.074634 0.057211 -0.005609
-0.068228 -0.029248 -0.004042
-0.071331 0.057545 -0.007075
-0.083992 0.027642 0.081724
-0.083992 0.027642 0.045843
-0.051569 0.083311 0.032639
0.049082 0.07714 0.134879
0.025402 0.077864 -0.001396
-0.078074 0.023372 0.126964
-0.082755 0.035344 0.012434
-0.007902 0.097449 0.146973
-0.083748 0.008183 -0.003028
0.047302 -0.032088 0.047292
-0.038108 0.091161 0.062147
0.046172 0.079739 0.012434
-0.054446 -0.042938 -0.006577
-0.072878 -0.014258 0.148991
0.060545 0.063891 0.075105
-0.061894 0.074399 0.036486
0.067549 0.050021 0.144956
0.036731 -0.048757 0.068485
-0.07643 0.053747 0.010248
0.048988 -0.036419 -0.007075
0.065816 0.011097 0.001421
-0.05997 -0.06067 0.105417
0.048856 0.074062 -0.007075
0.062674 0.060621 0.096418
-0.036325 0.091952 0.04429
-0.059555 0.042938 -0.001798
-0.041574 -0.051665 0.063879
0.041595 -0.045505 -0.000551
0.047436 0.078223 0.142678
-0.023375 0.096234 0.014682
-0.057657 0.078435 0.014682
0.055159 -0.026831 0.148991
0.057058 0.068589 0.096418
0.074448 0.016 0.012434
-0.056896 -0.050354 0.023207
-0.032368 0.00202 -0.007284
-0.045031 0.087567 0.023909
-0.065722 -0.070688 0.02993
-0.054673 0.080948 0.102668
0.067271 0.052025 0.004258
-0.081543 -0.062759 0.072905
-0.03536 0.085165 0.061074
0.074495 0.01795 0.047516
-0.025583 -0.057705 0.02839
-0.034523 0.092699 0.05144
-0.064913 -0.054408 0.108245
0.00954 0.097049 0.132156
-0.079837 -0.006871 0.142678
-0.063637 -0.000484 -0.007284
0.007663 -0.059572 0.039826
-0.078783 -0.010633 0.107361
0.035019 0.08759 0.021605
0.070796 -0.005081 0.045843
0.06729 -0.014177 -0.000551
-0.046704 0.086563 -0.004042
0.053266 -0.035179 0.030561
-0.047823 -0.059526 0.026346
-0.017636 0.097378 0.030561
-0.076597 0.034042 0.034718
0.0637 -0.021102 0.108826
-0.070574 0.016582 -0.001396
-0.032696 0.093383 0.134879
0.043526 -0.041676 0.149955
-0.005906 0.092091 0.034718
-0.051365 -0.045297 0.055493
0.070185 -0.006933 0.039826
0.061629 0.062269 0.039826
-0.009468 -0.054389 0.015454
-0.070114 -0.026352 0.119778
-0.054838 0.072537 0.126964
0.009541 0.097052 -0.004903
-0.056948 -0.000428 -0.001798
-0.064548 0.07154 0.078432
-0.074756 -0.003222 0.034718
0.050509 0.075811 0.062147
0.055849 -0.032256 0.111934
-0.007692 0.09179 0.1162
0.071362 -0.003214 0.047516
-0.042626 -0.053635 0.043356
0.053235 0.073019 0.032639
0.0637 -0.018863 -0.006875
0.047684 -0.040629 0.04429
0.0447 -0.043141 0.117573
-0.059069 -0.039349 -0.005609
0.068826 -0.010591 0.030561
-0.072347 -0.023031 0.023908
0.026459 0.087607 0.148991
-0.053099 -0.04437 -0.004903
0.038341 0.085544 0.11972
-0.052333 -0.072576 0.043286
-0.066629 -0.030983 0.119973
-0.083733 0.029575 0.134879
0.060571 -0.026047 0.081724
-0.060515 0.075779 0.068485
0.028066 -0.053204 0.1402
0.059421 0.065485 0.047516
-0.056073 -0.058794 0.023711
-0.079486 -0.008813 0.008144
0.049129 -0.039318 0.030561
-0.06405 -0.038146 0.041141
-0.058605 -0.036286 0.150607
0.068614 0.005222 0.146215
0.074446 0.021852 0.049364
-0.045031 0.087567 0.059171
0.02455 -0.054893 0.075105
0.074495 0.019901 0.113674
-0.053135 0.082148 0.019287
0.03269 0.083592 0.146215
-0.058216 -0.030573 -0.007258
0.041405 -0.039027 0.141789
-0.078783 -0.010633 0.010248
0.040001 -0.046628 0.10736
-0.054245 -0.042651 0.103591
-0.038108 0.091161 0.04429
-0.053273 -0.045251 0.130539
-0.002232 0.094269 -0.007196
0.05582 0.070097 0.071777
-0.07643 0.053747 0.047516
-0.009883 0.09824 0.113674
0.04754 0.078341 0.1402
-0.00789 -0.060531 0.081724
-0.06493 -0.004383 -0.007284
-0.063207 -0.061865 0.103416
0.046829 0.072037 0.141789
0.041636 -0.042337 0.150607
0.031641 -0.051642 0.117573
-0.080158 0.04474 0.016973
-0.054673 0.080948 -0.004903
-0.084421 0.021806 0.049364
-0.082746 0.002418 0.028403
-0.063239 0.072986 0.045843
0.028094 0.09118 -0.003028
0.055766 0.070052 0.137581
0.0316 0.08947 0.088061
-0.009498 0.091988 0.126964
-0.082746 0.002418 0.002512
-0.043401 0.081206 0.034718
-0.061741 -0.034848 0.107201
-0.063889 -0.038595 0.032485
-0.058192 -0.038837 0.045288
-0.010844 -0.050195 -0.00044
0.06245 0.060483 -0.006577
0.020893 -0.056253 0.091035
-0.083135 0.03343 0.006141
-0.033365 -0.054918 0.140179
-0.061894 0.074399 0.065263
0.009585 -0.059237 0.019287
0.074019 0.010165 0.110332
-0.081251 0.008523 0.150607
-0.083461 0.006253 0.078432
0.02455 -0.054893 0.016973
-0.000203 0.097318 -0.006875
0.055849 -0.032256 0.030561
0.04583 0.071012 0.103626
-0.007447 -0.048428 -0.001396
-0.015707 0.097665 0.038223
0.035019 0.08759 0.010248
-0.053763 -0.036291 0.135456
-0.061531 -0.036159 0.079015
-0.028895 -0.056922 0.107187
0.056035 -0.020771 0.103626
-0.073673 0.058908 0.021605
-0.081653 -0.075938 0.066953
-0.017781 -0.035041 -0.001798
-0.053159 -0.038398 0.146215
-0.042114 -0.051275 0.008122
0.071349 0.041064 0.108826
-0.084419 0.015955 0.053782
0.005733 -0.059858 -0.000551
0.001322 -0.054071 0.009066
-0.084419 0.015955 0.091035
-0.049358 0.062653 -0.001748
0.022687 0.093418 0.10736
-0.062464 -0.042619 0.025152
0.063677 0.058948 0.104335
-0.045317 -0.04654 -0.007075
0.070782 0.042931 0.078432
-0.078717 -0.010607 0.137581
0.036692 0.086587 0.006141
0.046277 0.07147 0.015454
0.054193 0.061704 0.047292
0.0316 0.08947 0.042806
0.031369 -0.040061 -0.007281
-0.041614 0.089449 0.045843
0.06808 -0.012393 0.110332
0.029858 0.090347 0.111934
-0.056439 -0.075165 0.121061
0.035058 -0.04976 0.023909
0.045966 -0.033286 0.1162
0.074014 0.027687 0.096418
0.059448 -0.027642 0.10736
0.046212 0.049466 -0.001798
-0.005125 0.058202 -0.001798
-0.019514 -0.059246 0.053501
0.023572 0.090376 0.150607
-0.082755 0.035344 0.008144
0.015261 -0.050807 0.004489
0.009144 -0.026941 -0.001799
-0.030825 -0.056275 0.057479
-0.032703 0.093402 0.096418
0.047818 0.075779 0.149955
0.072355 0.000559 0.115556
-0.076738 -3e-05 -0.007196
0.046172 0.079739 0.008144
0.003752 0.097909 0.075105
0.010183 0.090659 0.023954
-0.025843 0.031051 -0.001798
-0.047388 -0.057589 0.125357
-0.063002 0.072766 0.142678
-0.076002 -0.059533 0.053918
-9e-05 -0.060433 0.093833
0.013358 0.096245 0.004258
0.04765 0.078465 0.088061
-0.053499 0.079482 0.149955
-0.062913 -0.027491 0.141789
0.073488 0.031553 0.004258
-0.043334 0.088529 0.071777
-0.047897 -0.066846 0.040684
0.005688 0.09767 -0.004042
-0.063447 0.065664 0.146215
0.051658 0.074206 0.142678
-0.082329 0.037247 0.021605
-0.060515 0.075779 0.036486
0.043126 0.082176 0.081724
-0.083135 0.03343 0.014682
-0.020932 -0.042664 -0.001748
0.074448 0.016 0.008144
-0.047153 -0.036636 -0.00044
0.029681 -0.043681 -0.007258
0.019041 -0.056866 0.068485
0.031441 0.013966 -0.001799
-0.077237 -0.014207 0.102706
-0.055686 -0.041442 0.046503
0.043162 -0.044342 0.11972
-0.076596 -0.074684 0.045956
-0.078054 0.0502 0.126871
0.030459 -0.049309 -0.007075
-0.048352 0.085519 0.036486
-0.083987 0.010119 0.096418
-0.052846 -0.04469 0.020883
0.072773 0.035388 0.096418
-0.051568 0.083311 0.096418
-0.080756 -0.005124 0.093833
0.046207 -0.041903 0.023909
-0.053135 0.082148 0.088061
0.018896 0.094375 -0.006577
-0.060491 0.075755 -0.006162
-0.081335 0.04102 0.062147
-0.083468 0.031508 0.104335
0.022687 0.093418 0.034619
-0.076396 -0.015963 0.084998
0.066399 0.05377 -0.006162
0.033321 0.088551 0.006141
0.072041 0.000634 0.142678
0.035019 0.08759 0.047516
0.058193 0.039107 -0.001396
-0.054337 -0.026968 -0.001396
-0.062416 -0.022481 -0.007258
0.035058 -0.04976 0.059171
-0.059718 -0.022764 -0.00044
0.046172 0.079739 0.126871
-0.05014 -0.04693 0.105118
0.064661 -0.019404 0.010248
0.036692 0.086587 0.014682
-0.05946 -0.080995 0.06455
-0.042039 -0.052734 0.124668
0.057059 0.057159 0.061074
-0.075756 0.002075 0.089844
0.032068 0.047113 -0.001798
0.036731 -0.048757 0.056371
-0.083992 0.027642 0.10736
0.036174 0.078933 0.075459
-0.000135 0.098243 0.006141
0.005688 0.09767 0.012434
-0.01377 0.097904 0.105881
0.029469 0.089549 0.146973
-0.070149 -0.01493 0.015454
0.067097 0.009134 0.089844
0.074448 0.016 0.126871
-0.049974 0.084435 0.049364
-0.034481 -0.05491 0.075107
0.062055 0.017986 -0.001396
-0.060551 -0.041394 0.125742
-0.03687 -0.046493 0.004489
0.053266 -0.035179 0.110332
-0.075946 0.00203 0.1162
-0.047303 -0.053882 0.023664
0.073781 0.008228 0.030561
-0.079796 0.016126 0.146215
0.052951 -0.025152 0.103626
-0.045031 0.087567 0.05144
0.036644 -0.048616 0.1402
0.074495 0.017951 -0.001864
-0.06932 0.054287 0.015454
0.072782 0.002463 0.081724
0.0316 0.08947 0.100827
-0.023375 0.096234 0.084946
-0.030265 -0.024498 -0.007284
0.072355 0.000559 0.000909
-0.057657 0.078435 0.084946
-0.02378 0.090124 0.135456
0.040783 0.082264 0.14867
0.073162 0.004376 0.126871
0.046207 -0.041903 0.059171
-0.021472 0.096662 0.062147
0.02273 -0.055596 0.108826
0.067749 0.021603 0.075459
-0.045549 -0.03725 -0.007281
-0.025152 -0.056995 0.146973
0.066437 0.053788 0.093833
-0.077724 0.021561 0.075459
-0.054127 -0.036702 -0.007196
0.060545 0.063891 0.124375
0.043577 0.031718 -0.007284
0.010099 0.090264 0.1162
-0.067836 -0.028507 0.046975
-0.038108 0.091161 0.108826
0.074206 0.025746 0.081724
0.050509 0.075811 0.006141
-0.082586 0.033328 0.144956
0.058259 0.067052 0.023909
0.033321 0.088551 0.014682
-0.07619 0.003808 0.075459
0.02631 0.09197 0.036486
-0.06826 0.067016 0.126871
-0.026935 -0.050449 0.089844
0.062723 -0.010098 0.135456
0.015294 -0.057953 0.068485
0.012987 -0.049212 -0.007258
-0.083992 0.027642 0.034619
-0.082329 0.037247 0.010248
0.029471 0.085363 0.146215
0.057086 -0.030748 -0.004042
0.01525 0.095772 0.126871
-0.081335 0.04102 0.04429
-0.073288 -0.016569 0.150607
-0.000135 0.098243 0.014682
0.074495 0.019901 0.093833
-0.066328 -0.021028 0.034718
-0.06893 -0.027976 0.119816
-0.058229 -0.039813 0.140395
-0.005985 0.098384 0.126871
0.017174 -0.057433 0.091035
0.060571 -0.026047 0.10736
-0.077785 0.01441 0.1162
-0.066083 -0.056304 0.02459
0.009585 -0.059237 0.042806
0.046146 0.079708 -0.006162
0.064661 -0.019404 0.047516
0.026352 -0.054146 0.096418
-0.078051 0.050199 0.132156
-0.084323 0.014006 0.12199
0.060176 0.052736 0.015454
-0.081516 -0.001291 -0.006577
-0.060515 0.075779 0.065263
0.074353 0.014052 0.129469
-0.009883 0.09824 0.093833
0.039175 0.080038 -0.007196
0.009541 0.097052 0.068485
-0.044992 -0.049783 -0.005609
-0.07639 -0.015954 0.100923
-0.003988 -0.060578 0.104335
0.040697 0.063149 -0.001748
-0.054757 -0.046691 0.10679
0.061612 0.062258 0.134879
0.024507 0.092716 0.096418
0.01713 0.095252 0.126871
-0.084326 0.023755 0.053782
-0.050437 -0.056964 0.044724
0.073154 0.033475 0.041335
-0.084326 0.023755 0.091035
-0.007886 0.097012 0.14867
0.065373 0.000391 0.004489
-0.056413 0.077029 0.149955
-0.048352 0.085519 0.065263
-0.071234 -0.066609 0.076668
-0.082111 -0.069512 0.051755
-0.000782 0.088508 -0.00044
0.039963 0.084461 0.096418
0.070796 -0.005081 0.034619
-0.079304 -0.006688 0.146973
-0.082746 0.002418 0.102668
0.043959 -0.024352 -0.007281
0.018997 0.094686 -0.005609
-0.069126 -0.016423 0.126964
-0.00789 -0.060531 0.10736
-0.011829 0.098096 0.028403
0.058259 0.067052 0.059171
0.06881 0.048439 0.096418
0.006613 -0.05306 0.061074
-0.0788 0.048397 -0.005609
-0.041619 -0.043991 0.103626
-0.083748 0.008183 0.023909
-0.009838 -0.060436 0.113674
-0.011829 0.098096 0.002512
0.057086 -0.030748 0.012434
0.055849 -0.032256 0.110332
-0.010597 0.078221 -0.007284
-0.062624 -0.035637 0.008137
0.074019 0.010165 -0.003028
-0.042701 0.083571 0.146215
0.028709 -0.050085 -0.007075
0.072345 0.037291 0.038223
-0.056601 -0.078699 0.081837
-0.071627 0.062231 0.030561
0.048354 -0.03062 0.075459
0.066457 -0.015941 0.075105
0.01713 0.095252 0.038223
-0.080158 0.04474 0.032639
0.015796 -0.018036 -0.007284
0.066123 0.043448 -0.007196
-0.084468 0.019856 0.016973
-0.021472 0.096662 0.04429
-0.035124 -0.054789 0.03744
-0.000245 -0.057918 0.150607
-0.01956 -0.059212 0.036438
-0.055653 -0.042291 0.01211
0.033345 -0.043265 0.047292
-0.059368 0.000927 -0.001799
-0.017633 -0.047101 -0.007281
0.02309 -0.051245 0.148991
0.060571 -0.026047 0.034619
0.07421 0.012106 0.056371
0.039266 0.058867 -0.001798
0.058286 -0.029209 0.02618
-0.044295 -0.052086 0.023961
-0.082329 0.037247 0.047516
0.063034 0.00277 -0.00044
-0.072089 0.003 -0.00044
0.008115 0.041397 -0.007284
-0.065822 0.070062 0.004258
-0.049838 -0.046516 0.058218
-0.031411 -0.055829 0.122066
-0.056855 -0.040536 0.144987
0.024528 -0.049894 0.146215
-0.057203 -0.040066 0.093044
0.06808 -0.012393 -0.003028
-0.061091 -0.028332 0.023954
0.004568 0.089402 0.001421
-0.06226 0.064715 0.023954
0.033178 0.08088 0.103626
-0.057689 -0.006838 -0.007284
0.038938 -0.04508 0.149955
0.004393 -0.016641 -0.001798
0.06558 -0.017684 0.075105
-0.065485 -0.039688 0.121595
-0.027644 -0.057057 0.016974
-0.083748 0.008183 0.059171
-0.068382 -0.048583 0.114744
0.053474 -0.027858 0.146215
-0.027024 -0.050728 0.047292
-0.078782 -0.010633 0.124375
0.035058 -0.04976 0.05144
0.009585 -0.059237 0.100827
-0.06884 -0.028062 0.122036
-0.061894 0.074399 0.111934
-0.070544 0.063853 0.062147
0.007663 -0.059572 0.010248
-0.023614 -0.058234 0.026177
-0.025267 0.09576 0.02618
-0.039871 0.090326 -0.004042
0.02631 0.09197 0.065263
-0.059469 0.069562 -0.007196
0.068 0.016236 0.047292
-0.063337 -0.055395 0.107234
-0.012722 0.087816 -0.00044
0.005688 0.09767 0.008144
0.015294 -0.057953 0.036486
-0.013725 -0.060102 0.051404
-0.075874 -0.063987 0.090592
0.061629 0.062269 0.010248
0.020893 -0.056253 0.088061
0.064359 0.042782 0.023954
-0.082746 0.002418 -0.004903
0.034467 0.07352 -0.001396
0.019041 -0.056866 0.056371
0.06729 -0.014177 0.098756
-0.080143 -0.006976 0.049364
0.030091 0.082678 0.103626
-0.027671 -0.057037 0.12687
-0.078031 -0.012438 0.124375
0.022938 -0.02889 -0.007284
-0.074634 0.057211 0.021605
0.043126 0.082176 0.10736
0.049633 -0.029366 0.061074
-0.0556 -0.076268 0.065919
0.064515 0.04672 0.146215
0.071882 -0.001333 0.126871
-0.070039 0.041262 -0.00044
-0.017636 0.097378 0.12199
-0.076024 0.049359 -0.007075
0.025437 -0.02106 -0.007284
-0.083135 0.03343 0.084946
0.009541 0.097052 0.036486
0.051921 -0.036593 -0.001864
0.020836 0.059332 -0.001799
0.02048 -0.049549 0.047292
0.046207 -0.041903 0.05144
0.068172 0.014433 0.009066
-0.061526 -0.039356 0.026086
0.072355 0.000559 0.039826
-0.068234 0.055741 0.034718
0.045444 -0.032928 -0.007258
0.003752 0.097909 0.124375
-0.075553 0.05549 0.056371
-0.084419 0.015955 0.088061
-0.060204 -0.014059 -0.007284
-0.072625 0.051829 -0.007196
0.027859 0.082329 0.001421
-0.081571 0.012259 -0.007075
-0.080985 -0.001151 0.146973
0.016907 0.088114 0.004489
0.066192 0.003845 0.004489
-0.046982 -0.048552 0.008103
-0.073673 0.058908 0.053782
0.068826 -0.010591 0.12199
-0.017665 -0.059525 0.023908
0.067151 0.045741 0.150607
-0.039871 0.090326 0.012434
-0.073673 0.058908 0.091035
-0.054942 -0.047654 0.127154
-0.062295 -0.036532 0.113873
0.062674 0.060621 0.075105
0.070796 -0.005081 0.091035
0.029858 0.090347 0.110332
0.041595 -0.045505 0.028403
0.053266 -0.035179 -0.003028
-0.041614 0.089449 0.034619
0.061358 0.062092 0.142678
-0.067986 -0.029276 0.034374
0.072355 0.000559 0.117573
0.065315 -0.017541 -0.006577
0.051802 -0.036477 0.1402
-0.07788 -0.012372 0.1402
0.041595 -0.045505 0.002512
0.049129 -0.039318 0.12199
-0.039859 -0.052579 0.053477
0.036692 0.086587 0.084946
-0.029014 0.094672 0.126871
0.049631 -0.02055 -0.001396
-0.075605 0.000269 0.047292
-0.04321 -0.050602 0.019813
0.046035 -0.033356 0.047292
0.057086 -0.030747 0.034619
0.033361 -0.050722 0.041335
0.023702 -0.043808 -0.00044
-0.076551 0.047539 -0.007075
0.073775 0.029623 0.041335
-0.057222 -0.040949 0.008107
0.06729 -0.014177 0.028403
0.043126 0.082176 0.034619
0.007663 -0.059572 0.047516
-0.061894 0.074399 0.030561
0.06729 -0.014177 0.002512
0.059448 -0.027642 0.096418
-0.062902 -0.035214 0.041055
-0.070544 0.063853 0.04429
-0.028894 0.088331 0.015454
-0.077264 0.051983 0.056371
0.072782 0.002463 0.10736
0.027154 -0.046903 0.009066
0.061629 0.062269 0.047516
0.041559 0.083338 0.115556
0.064637 0.057249 0.132156
-0.083127 0.004331 -0.000551
0.022687 0.093418 0.019287
0.062697 -0.022776 0.006141
-0.028765 0.087959 0.047292
0.070818 0.027332 0.15037
-0.050814 -0.03563 0.001421
0.010109 -0.0523 0.075459
-0.051329 -0.045246 0.05106
0.02085 0.094074 0.053782
0.062674 0.060621 0.016973
0.044687 -0.043125 0.134879
0.02085 0.094074 0.091035
-0.004034 0.098382 0.132156
-0.06706 0.068554 0.113674
-0.046375 0.07018 -0.007281
0.050698 -0.002293 -0.007284
0.058259 0.067052 0.05144
-0.044441 -0.050094 0.135583
0.057058 0.068589 0.016973
0.057086 -0.030748 0.008144
0.015002 -0.056848 -0.006875
0.074206 0.025746 0.10736
0.057126 0.013917 -0.001748
-0.00326 -0.040654 -0.007284
-0.039968 -0.054456 0.034177
-0.017591 -0.059578 0.071746
-0.055804 0.070968 0.004489
-0.07267 0.060582 0.075105
-0.023375 0.096234 0.105881
-0.057657 0.078435 0.105881
0.060534 0.043279 -0.00044
0.033321 0.088551 0.084946
-0.063812 -0.023629 0.004489
-0.064993 -0.022291 0.103626
0.036731 -0.048757 0.111934
0.020546 -0.049726 0.126964
-0.074634 0.057211 0.010248
0.055849 -0.032256 0.12199
0.069512 0.046619 0.068485
0.015294 -0.057953 0.065263
0.01425 0.091972 0.148991
-0.084326 0.023755 0.078432
-0.063239 0.072986 0.091035
-0.038928 0.084276 0.135456
-0.032583 -0.055691 0.048782
-0.082654 -0.063139 0.073472
0.005733 -0.059858 0.098756
-0.038127 -0.053504 0.047033
0.018431 0.092896 0.149955
-0.067355 0.057312 0.009066
-0.021815 0.089672 0.089844
-0.002176 0.09582 0.150607
0.021169 -0.043003 -0.007281
-0.027147 0.095239 0.053782
0.073495 0.006298 0.041335
-0.027147 0.095239 0.091035
0.050542 -0.037973 0.062147
0.061919 0.060155 -0.006875
0.046358 -0.036336 -0.007196
0.072782 0.002463 0.034619
-0.000135 0.098243 0.104335
-0.011829 0.098096 0.102668
-0.079501 0.046577 0.049364
0.028094 0.09118 0.071777
0.055849 -0.032256 -0.003028
0.009541 0.097052 0.065263
0.035019 0.08759 0.078432
-0.017596 -0.059575 -0.000551
-0.019607 0.038107 -0.001798
0.036207 -0.041103 0.103626
-0.033686 -0.048101 0.061074
0.038379 -0.047713 0.006141
-0.043362 0.066447 -0.001748
0.07187 0.039184 -0.001864
0.07017 0.044783 0.049364
-0.083748 0.008183 0.05144
0.011498 -0.058856 0.126871
0.074206 0.025746 0.034619
-0.002526 0.086235 -0.001396
0.007618 0.097385 0.006141
-0.083992 0.027642 0.019287
-0.066706 -0.023372 -0.007196
-0.084109 0.012067 0.137581
-0.051153 -0.070112 0.045955
-0.019522 -0.05924 0.042634
0.041559 0.083338 0.000909
-0.05155 -0.042381 0.150607
-0.074563 -0.019444 0.112016
-0.007641 -0.05372 -0.007258
0.052842 -0.029727 0.148991
0.007408 0.096077 0.14867
-0.044847 -0.048799 0.146977
0.058286 -0.029209 0.045843
-0.082746 0.002418 0.129469
-0.053106 0.063924 -0.007281
-0.041614 0.089449 0.091035
-0.062139 0.069411 0.15037
-0.065436 0.015172 -0.001748
-0.073753 0.038643 -0.007258
-0.021986 -0.052767 0.135456
0.065537 0.037513 0.1162
-0.013259 0.093306 0.146215
-0.084468 0.019856 0.032639
0.017174 -0.057433 0.088061
0.011454 0.096672 -0.004042
-0.060384 -0.067949 0.055202
-0.000505 0.092195 0.015454
0.056768 -0.021247 0.135456
-0.084183 0.0257 0.115556
0.05582 0.070097 0.11972
0.050509 0.075811 0.104335
0.050362 0.018195 -0.007284
0.068016 0.012642 0.009066
-0.084183 0.0257 0.071777
0.005733 -0.059858 0.028403
0.053037 0.051044 -0.001396
0.07435 0.0238 0.041335
-0.037713 0.08167 -0.007258
0.043497 0.071089 0.001421
-0.076396 -0.015971 0.108872
-0.067092 -0.030354 0.037534
-0.084326 0.023755 0.088061
-0.055141 -0.060377 0.108186
-0.075365 0.039286 0.009066
-0.032665 -0.055625 0.093131
-0.064253 -0.051263 0.1259
0.066457 -0.015941 0.124375
0.070796 -0.005081 0.019287
0.046207 -0.041903 -0.000551
-0.064482 0.004998 -0.001748
-0.038489 -0.045714 0.075459
-0.025267 0.09576 0.081724
-0.025267 0.09576 0.045843
-0.045018 -0.049764 -0.001864
-0.076457 0.051614 -0.006875
0.063811 0.048418 0.146215
-0.029592 -0.056434 0.014684
-0.039871 0.090326 0.008144
-0.055584 -0.0424 0.138154
-0.082318 0.000515 0.062147
0.035576 0.075056 -0.007281
-0.031725 -0.055636 0.129439
0.030818 0.084116 -0.007196
0.050542 -0.037973 0.04429
0.038379 -0.047713 0.014682
-0.058455 -0.051859 0.107388
-0.049974 0.084435 -0.004042
-0.011829 0.098096 -0.004903
0.007618 0.097385 0.014682
0.011454 0.096672 0.012434
-0.043335 -0.050742 0.051644
-0.066512 -0.029971 0.099508
0.074495 0.01795 0.041335
0.054575 -0.033733 -0.001864
0.073781 0.008228 0.12199
-0.043779 -0.052955 0.110922
-0.077242 -0.01422 0.002512
-0.027578 0.083668 -0.007281
-0.051569 0.083311 0.038223
0.060571 -0.026047 0.019287
-0.070341 -0.025835 0.067948
-0.083987 0.010119 0.075105
-0.066526 0.065665 -0.007075
-0.078783 -0.010633 0.100828
-0.061069 -0.049159 0.044985
0.072773 0.035388 0.075105
0.069512 0.046619 0.036486
-0.053713 -0.070853 0.10955
0.052882 0.070138 -0.007075
-0.075382 -0.01548 -0.006875
0.06918 0.016193 0.141789
-0.007935 0.098336 0.115556
0.06558 -0.017684 0.124375
-0.052748 0.023391 -0.001799
0.055012 -0.022248 0.004489
-0.034523 0.092699 0.002512
-0.015689 -0.059844 0.119723
-0.03946 -0.053238 0.030721
-0.010749 0.084278 -0.001396
-0.073673 0.058908 0.078432
0.071362 -0.003214 0.041335
0.064639 0.057251 0.071777
-0.019522 -0.05924 0.107533
0.074014 0.027687 0.016973
-0.013759 -0.045825 -0.007281
-0.060515 0.075779 0.030561
-0.018334 -0.052902 0.047292
0.029858 0.090347 -0.003028
-0.068145 -0.02878 0.040232
-0.032703 0.093402 0.016973
-0.038863 0.076763 -0.001396
0.037656 -0.046603 0.14867
0.022687 0.093418 0.042806
0.057379 0.064009 0.150607
-0.050521 -0.066659 0.044641
0.041595 -0.045505 0.102668
-0.065734 -0.068911 0.070637
-0.00789 -0.060531 0.019287
0.074019 0.010165 0.023909
-0.048352 0.085519 0.030561
0.059421 0.065485 0.041335
-0.081843 -0.001377 0.096418
0.001856 -0.060289 0.004258
0.061093 -0.01134 -0.007258
-0.076375 -0.016007 0.016973
-0.059103 0.077125 0.126871
-0.049974 0.084435 0.012434
-0.01377 0.097904 0.02618
-0.077128 -0.056659 0.048972
0.026919 0.084322 0.103626
0.003137 0.092854 -0.007196
0.058259 0.067052 -0.000551
-0.080143 -0.006976 0.002512
0.009537 0.097032 0.134879
0.066245 0.00015 0.135456
-0.043334 0.088529 0.11972
0.046184 -0.041874 -0.006162
-0.054562 -0.043224 0.002512
0.037777 -0.043389 0.148991
-0.072529 0.060495 0.1402
0.061654 -0.024424 0.126871
-0.083127 0.004331 0.11972
-0.064903 -0.06763 0.093271
-0.068832 -0.054028 0.025666
-0.054227 -0.042613 0.049042
-0.031576 0.085404 0.001421
-0.048857 0.079562 0.146215
0.06729 -0.014177 0.102668
0.040001 -0.046628 0.100827
-0.083135 0.03343 0.105881
-0.077463 0.025123 0.089844
-0.042087 -0.05469 0.029136
-0.017618 -0.059559 0.006141
-0.083987 0.010119 0.016973
-0.083992 0.027642 0.088061
0.053235 0.073019 0.038223
0.009404 -0.058328 -0.006875
-0.078432 0.030756 -0.007196
0.029898 -0.05252 0.115556
0.028135 -0.053355 0.004258
0.019041 -0.056866 0.111934
-0.082318 0.000515 0.04429
-0.014776 -0.053328 0.061074
-0.078043 0.02337 0.034718
-0.082329 0.037247 0.078432
-0.084179 0.012061 0.129469
-0.051836 0.07455 0.089844
-0.027216 -0.05736 0.112285
-0.05278 -0.069444 0.124677
0.06808 -0.012393 0.023909
-0.081322 -0.003257 0.096418
0.02085 0.094074 0.078432
0.006422 -0.043664 -0.001748
0.004697 -0.052059 0.001421
-0.025639 -0.052381 0.141789
-0.011252 0.091418 0.103626
-0.005939 -0.060579 0.010248
0.064372 -0.004936 0.023954
-0.0113 0.091972 0.023954
0.053447 0.065697 0.146215
-0.064548 0.07154 0.062147
0.051889 0.074432 0.006141
0.019282 0.049813 -0.001798
0.036692 0.086587 0.105881
-0.061115 -0.063379 0.125605
0.074019 0.010165 0.059171
-0.074634 0.057211 0.053782
-0.071627 0.062231 0.12199
-0.075553 0.05549 0.111934
-0.030327 -0.049328 0.103626
-0.007935 0.098336 0.000909
-0.011246 0.091224 0.004489
-0.064187 -0.033302 0.079015
-0.07917 0.028957 0.146215
0.070796 -0.005081 0.088061
-0.081674 -0.070305 0.110685
-0.081841 -0.001377 0.132156
-0.021617 -0.058728 0.026178
-0.047607 -0.040098 0.103626
-0.083748 0.008183 -0.000551
-0.032646 -0.055573 -0.006162
0.065559 0.05553 0.000909
0.063677 0.058948 -0.005609
-0.062452 -0.053301 0.12614
0.026352 -0.054146 0.075105
-0.071392 -0.024165 0.103693
-0.083992 0.027642 0.042806
0.069512 0.046619 0.056371
0.057058 0.068589 0.032639
-0.027147 0.095239 0.078432
-0.038069 -0.054129 0.039399
-0.081335 0.04102 0.104335
0.001779 -0.059405 0.146973
0.024507 0.092716 0.075105
0.041559 0.083338 0.039826
0.041595 -0.045505 -0.004903
0.02631 0.09197 0.030561
-0.065822 0.070062 0.124375
-0.009444 -0.053996 0.047292
0.057086 -0.030747 0.019287
0.018997 0.094686 0.021605
-0.044005 -0.050088 0.140395
0.022687 0.093418 0.100827
-0.026183 -0.036782 -0.007284
0.043126 0.082176 0.019287
0.008409 0.090939 0.009066
0.039963 0.084461 0.075105
-0.029604 0.027364 -0.007284
-0.061759 -0.054715 0.023749
0.069512 0.046619 0.065263
0.06808 -0.012393 0.059171
-0.05851 0.068596 0.047292
-0.033805 -0.048378 0.034718
-0.058386 -0.071196 0.029677
0.023649 0.090468 -0.007075
0.025495 0.071238 -0.001748
-0.076858 -0.071834 0.040858
-0.032294 -0.055799 0.038964
0.011812 0.08973 0.004489
0.05582 0.070097 0.098756
-0.035549 0.070102 -0.001798
0.06881 0.048439 0.075105
-0.078783 -0.010633 0.041335
0.015 -0.037274 -0.001798
0.064002 0.052599 -0.007075
0.06729 -0.014177 -0.004903
0.04765 0.078465 0.062147
-0.07267 0.060582 0.124375
-0.00769 0.093249 -0.007196
0.036982 0.080113 0.141789
0.006152 -0.031622 -0.007284
0.033321 0.088551 0.105881
-0.05657 0.057304 -0.007284
-0.076399 -0.015967 0.071759
0.067271 0.052025 -0.004042
0.053266 -0.035179 0.023909
-0.072538 -0.022771 0.11061
0.02085 0.094074 0.088061
-0.017636 0.097378 0.023909
-0.056181 0.07971 0.056371
0.069528 -0.00877 0.004258
0.015294 -0.057953 0.111934
-0.083468 0.031508 -0.005609
-0.067837 -0.028507 0.103391
0.060781 0.051026 0.034718
-0.037508 -0.054122 0.114071
-0.07567 -0.007394 -0.007196
0.0637 -0.021102 0.115556
0.051702 -0.036386 -0.006577
-0.011829 0.098096 0.129469
-0.005939 -0.060579 0.047516
-0.021472 0.096662 0.104335
0.011454 0.096672 0.008144
-0.083461 0.006253 0.062147
-0.063873 -0.03276 0.049914
0.005733 -0.059858 0.102668
-0.060468 -0.038015 -0.003028
0.062697 -0.022776 0.104335
0.036731 -0.048757 0.110332
-0.064548 0.07154 0.04429
0.050542 -0.037973 0.108826
-0.063239 0.072986 0.088061
-0.020928 -0.056385 0.150607
-0.030972 -0.056161 0.002512
0.060571 -0.026047 0.042806
-0.081855 0.03914 -0.001864
0.060283 0.056968 0.148991
-0.058405 0.068498 0.061074
-0.077245 -0.014218 -0.005609
-0.0398 -0.04815 0.148991
-0.060321 0.075585 -0.006577
-0.048552 0.070075 -0.007281
-0.027147 0.095239 0.088061
-0.023515 -0.058306 0.010248
-0.047447 -0.063385 0.124919
-0.053098 0.078981 0.150607
0.072782 0.002463 0.019287
0.013402 -0.058428 0.049364
-0.032888 0.088764 -0.007196
-0.013725 -0.060102 0.075105
-0.0629 -0.048558 0.110334
0.067271 0.052025 0.012434
-0.083992 0.027642 0.100827
-0.075807 0.035701 0.103626
-0.033115 0.084557 0.001421
0.053266 -0.035179 0.059171
-0.017636 0.097378 0.059171
-0.026778 0.093967 0.14867
-0.025267 0.09576 0.10736
-0.064344 0.061781 0.126964
-0.00789 -0.060531 0.042806
-0.023331 -0.058439 0.053115
-0.049974 0.084435 0.008144
-0.036147 -0.054341 0.103169
0.074206 0.025746 0.019287
0.0244 0.092435 -0.006577
-0.048317 -0.038122 0.001421
-0.079855 0.008713 0.148991
0.02881 0.084088 0.015454
-0.04185 -0.052471 0.025886
-0.065448 -0.031804 0.082811
0.018997 0.094686 0.010248
-0.049915 -0.022857 -0.001798
-0.034523 0.092699 0.102668
-0.069404 0.065436 0.134879
-0.037554 0.085582 -0.007196
-0.041614 0.089449 0.088061
-0.067208 0.059357 0.141789
-0.043334 0.088529 0.098756
0.036731 -0.048757 -0.001864
-0.0788 0.048397 0.010248
0.038379 -0.047713 0.084946
0.038341 0.085544 0.068485
-0.069173 -0.027219 0.107361
0.018706 0.087837 0.061074
-0.083127 0.004331 0.098756
-0.061894 0.074399 0.12199
-0.073544 -0.020992 0.053275
-0.045031 0.087567 0.002512
-0.071391 -0.024164 0.094851
-0.038103 -0.053453 0.100644
-0.084183 0.0257 0.117573
-0.046741 -0.062802 0.042053
-0.04599 -0.057204 0.026278
-0.004089 0.093759 0.146215
0.047094 0.06975 0.075459
0.051452 -0.013968 -0.001396
0.033301 0.088515 -0.006162
-0.038072 -0.05337 -0.004042
0.03922 0.07704 0.047292
0.015294 -0.057953 0.030561
0.044567 -0.03441 0.075459
0.0637 -0.021102 0.000909
-0.074577 -0.019394 0.078495
-0.074245 0.042708 0.009066
-0.071379 -0.024145 0.048288
0.007618 0.097385 0.104335
0.037004 -0.045601 0.150607
0.055849 -0.032256 0.023909
-0.049439 0.065373 -0.007284
-0.041703 -0.055136 0.122774
-0.083461 0.006253 0.04429
-0.01377 0.097904 0.045843
0.005733 -0.059858 -0.004903
0.040001 -0.046628 0.016973
-0.082755 0.035344 0.113674
-0.044085 0.085945 0.149955
0.029509 -0.051723 0.146973
0.064394 0.040905 0.075459
0.074014 0.027687 0.032639
-0.003988 -0.060578 -0.005609
0.046172 0.079739 0.113674
-0.019558 0.097044 0.053782
-0.019558 0.097044 0.091035
-0.025267 0.09576 0.034619
0.07312 0.033468 -0.006162
-0.059806 -0.044701 0.126203
0.074019 0.010165 0.05144
-0.032703 0.093402 0.032639
-0.075803 -0.007443 0.148991
0.009541 0.097052 0.030561
-0.08305 -0.063654 0.081421
-0.051349 -0.045275 0.048275
0.034074 0.085967 0.149955
0.060571 -0.026047 0.100827
0.064661 -0.019404 0.041335
0.053664 0.038291 -0.007284
-0.023557 0.08928 0.075459
0.030469 0.079777 -0.007258
0.060545 0.063891 0.126871
0.071349 0.041064 0.115556
-0.007935 0.098336 0.039826
-0.041572 -0.051662 0.078908
0.074448 0.016 0.113674
-0.075278 -0.001503 0.034718
0.020017 -0.048304 0.001421
0.070782 0.042931 0.04429
-0.067962 -0.028865 0.067663
-0.072511 0.040145 -0.007258
0.065559 0.05553 0.039826
-0.043274 -0.050709 -0.006162
-0.065791 0.070036 -0.006162
0.067633 0.014473 0.004489
-0.03052 -0.04985 0.023954
-0.017585 -0.059538 -0.006162
-0.083127 0.004331 0.028403
-0.065986 -0.020806 0.075459
-0.028755 -0.055483 0.14867
-0.046317 -0.063231 0.124267
-0.048133 0.072699 -0.00044
0.043126 0.082176 0.042806
0.073162 0.004376 0.113674
0.064639 0.057251 0.117573
-0.069166 -0.027686 0.036169
0.055849 -0.032256 0.059171
-0.00789 -0.060531 0.100827
0.06808 -0.012393 0.05144
-0.063202 -0.039425 0.029163
-0.070544 0.063853 0.104335
-0.074634 0.057211 0.078432
-0.050738 0.076035 0.034718
0.0316 0.08947 0.006141
0.061383 -0.024248 0.142678
-0.079501 0.046577 -0.004042
0.013358 0.096245 -0.004042
-0.069603 0.052405 0.103626
0.018997 0.094686 0.047516
-0.071379 -0.024145 0.101919
0.073488 0.031553 -0.004042
-0.06174 -0.034847 0.044837
-0.041595 0.089412 -0.006162
0.033191 -0.043016 0.089844
-0.034523 0.092699 -0.004903
-0.083765 0.014041 0.144956
-0.017086 -0.0564 0.15037
-0.0788 0.048397 0.047516
-0.076643 -0.054401 0.12104
0.021603 -0.047598 0.001421
-0.075498 -0.017678 0.104494
0.068291 0.007134 0.141789
-0.019644 -0.059151 0.021605
0.068775 0.027105 0.141789
-0.076883 0.028647 0.004489
0.067022 0.030511 0.1162
-0.047246 0.022145 -0.007284
0.072345 0.037291 0.02618
-0.007668 -0.054478 0.015454
-0.056145 -0.033551 0.009066
0.036464 0.079352 0.009066
0.029895 -0.023938 -0.001799
-0.023375 0.096234 0.02618
0.00757 0.097061 -0.006577
-0.057657 0.078435 0.02618
-0.007605 -0.052757 0.001421
-0.063779 -0.044594 0.025238
0.020296 0.086949 0.004489
-0.060791 -0.037433 0.014475
0.059448 -0.027642 0.016973
-0.075203 0.031991 0.001421
0.003797 -0.060097 0.115556
0.05398 -0.023692 0.089844
-0.065104 0.060123 0.061074
-0.057494 0.070108 0.023954
-0.081618 0.014173 -0.007075
0.003797 -0.060097 0.071777
0.059735 0.010132 -0.001396
-0.061438 -0.036026 0.063575
0.029898 -0.05252 0.117573
-0.036071 -0.054501 0.113251
-0.079501 0.046577 0.012434
0.013358 0.096245 0.012434
0.058286 -0.029209 0.053782
-0.080158 0.04474 0.038223
0.067857 0.016241 0.061074
0.062511 -0.010008 0.015454
0.058286 -0.029209 0.091035
0.073488 0.031553 0.012434
0.019041 -0.056866 0.110332
-0.077528 0.016221 0.004489
0.033425 0.052943 -0.001799
0.065015 0.039225 0.061074
0.07421 0.012106 -0.001864
0.068062 0.050242 0.056371
0.059007 -0.016295 0.047292
-0.064548 0.07154 0.108826
-0.009435 -0.053853 0.061074
0.007612 0.097344 -0.006162
-0.06519 -0.038873 0.036883
0.024446 0.092562 0.1402
-0.064031 -0.026047 -0.007196
0.072782 0.002463 0.042806
0.043162 -0.044342 0.068485
0.0316 0.08947 0.014682
0.067271 0.052025 0.008144
-0.009224 0.08756 -0.00044
-0.032529 -0.050012 0.141789
-0.023408 -0.058383 0.004258
-0.069421 0.065448 0.115556
-0.009838 -0.060436 0.053781
0.02455 -0.054893 0.038223
0.036859 0.039342 -0.001798
-0.079486 -0.008813 0.093833
-9e-05 -0.060433 0.004258
-0.079882 -0.00689 -0.006577
-0.069421 0.065448 0.071777
-0.078033 -0.012432 0.053771
0.055044 -0.022257 0.075459
0.035058 -0.04976 0.002512
0.053266 -0.035179 0.05144
-0.040592 -0.028926 -0.001798
-0.075553 0.05549 0.110332
-0.071393 -0.057621 0.107794
-0.002272 -0.05424 0.034718
0.036731 -0.048757 -0.003028
-0.015706 0.097665 0.032639
0.02273 -0.055596 0.115556
0.051921 -0.036593 0.071777
-0.083972 0.02764 0.134879
0.048509 0.068626 0.047292
0.074206 0.025746 0.042806
-0.067829 -0.017758 0.004489
0.06405 0.044587 0.135456
-0.070053 0.061207 0.149955
-0.051437 -0.045399 0.082257
-0.061808 -0.03669 0.125889
0.070782 0.04293 0.093833
-0.06403 -0.033075 0.059884
-0.027826 0.090927 0.148991
-0.04151 -0.051686 0.023752
0.043126 0.082176 0.100827
0.01335 0.096213 -0.006162
-0.074742 0.052924 0.149955
-0.053135 0.082148 0.006141
0.06881 0.048439 0.124375
0.044664 0.080976 0.12199
0.069512 0.046619 0.111934
-0.032637 -0.03837 -0.001748
-0.084419 0.015955 0.062147
-0.080756 -0.005124 0.004258
0.051889 0.074432 0.104335
0.066022 0.023286 0.001421
-0.055327 0.078696 0.14867
-0.002084 0.098338 0.041335
-0.064039 -0.050318 0.044693
0.069735 0.014334 0.146215
-0.034364 -0.055038 0.102356
-0.07684 -0.055957 0.115026
-0.021427 -0.058866 0.065018
-0.076546 0.032205 0.103626
-0.05947 -0.056345 0.023771
0.028094 0.09118 0.11972
0.004935 0.079191 -0.001748
-0.061431 0.051778 -0.007281
0.046207 -0.041903 0.028403
-0.060515 0.075779 0.12199
-0.069139 -0.027319 0.064263
-0.061297 -0.015817 -0.007284
-0.053096 -0.044372 -0.003028
0.046207 -0.041903 0.002512
-0.050451 -0.037936 0.103626
-0.07058 0.054981 0.146215
0.060406 -0.015001 0.135456
0.058259 0.067052 0.098756
-0.078054 0.0502 0.081724
0.0637 -0.021102 0.039826
0.001856 -0.060289 0.124375
0.069887 0.008756 0.148991
-0.048352 0.085519 0.12199
-0.080918 0.034955 0.149955
-0.024492 0.036141 -0.007284
-0.005902 0.092168 0.009066
0.040396 0.075663 0.004489
0.0661 0.026982 -0.007258
0.061595 -0.01157 0.126964
0.018954 -0.056578 -0.006577
0.057752 0.059745 0.146215
-0.04444 -0.035714 -0.001396
0.051945 0.064495 0.1162
-0.003992 -0.060255 0.142678
0.047683 -0.040627 0.132156
-0.074442 0.048653 0.148991
-0.075553 0.05549 -0.001864
-0.031475 -0.055802 0.012436
-0.071452 -0.024397 0.039437
-0.083461 0.006253 0.108826
0.074019 0.010165 -0.000551
0.007658 -0.059539 -0.006162
0.003752 0.097909 0.126871
-0.027423 -0.05721 0.032559
0.056051 0.056538 0.001421
0.009585 -0.059237 0.006141
-0.045031 0.087567 0.102668
-0.066819 -0.041607 0.122506
-0.078783 -0.010633 0.065262
0.015294 -0.057953 0.110332
0.007663 -0.059572 0.041335
0.028135 -0.053355 0.124375
0.067794 0.010853 0.126964
0.038341 0.085544 0.056371
-0.059914 -0.044935 0.023313
-0.027382 0.079101 -0.001748
-0.060978 -0.028237 0.034718
-0.083441 0.006257 0.134879
0.070185 -0.006933 0.041335
-0.071627 0.062231 0.023909
-0.032916 -0.055426 0.004258
0.061629 0.062269 0.041335
0.072782 0.002463 0.100827
-0.076925 -0.058664 0.122773
-0.049414 -0.052549 0.126457
-0.034453 -0.054979 0.050751
0.066437 0.053788 0.004258
-0.035625 -0.054122 0.016974
-0.058663 0.068742 0.009066
-0.05812 0.070719 0.141789
-0.049349 -0.039442 0.009066
0.044914 0.072651 0.023954
-0.060085 -0.038291 0.006138
-0.007887 -0.060462 0.137581
-0.039305 -0.052938 0.028776
-0.004034 0.098385 0.056371
-0.019558 0.097044 0.078432
-0.028648 0.08724 -0.007258
-0.030866 0.09406 0.056371
-0.02144 -0.058857 -0.000551
0.055849 -0.032256 0.05144
-0.034523 0.092699 0.129469
0.06808 -0.012393 -0.000551
0.061844 -0.017855 0.15037
-0.081843 -0.001377 0.075105
-0.050015 0.081207 -0.007075
-0.038108 0.091161 0.000909
-0.083748 0.008183 0.098756
-0.026679 -0.055571 0.149955
0.069512 0.046619 0.030561
0.074206 0.025746 0.100827
0.050253 0.070247 -0.007196
-0.013084 -0.054309 0.135456
-0.084468 0.017905 0.071777
0.057026 0.068564 -0.006162
0.070518 0.036857 0.149955
0.058259 0.067052 0.028403
-0.077264 0.051983 -0.001864
0.005688 0.09767 0.113674
0.038379 -0.047713 0.105881
-0.007932 0.098266 0.137581
-0.01568 -0.059851 0.115565
0.040001 -0.046628 0.032639
-0.000135 0.098243 -0.005609
-0.078186 0.003465 -0.007196
-9e-05 -0.060433 0.075105
-0.081567 0.008453 -0.007075
-0.057635 0.078409 -0.006162
-0.063518 -0.034883 0.115385
-0.069956 -0.02649 0.023909
-0.083135 0.03343 0.02618
0.007592 0.097221 0.1402
-0.00789 -0.060531 0.016973
-0.064831 -0.032319 0.144952
-0.031138 -0.056041 0.006141
-0.080143 -0.006976 0.129469
-0.030615 -0.054855 0.14867
0.02631 0.09197 0.12199
-0.07737 -0.000197 0.146215
0.009585 -0.059237 0.014682
-0.062287 -0.036935 0.122559
0.063613 0.044425 0.034718
-0.071488 0.06214 0.1402
-0.069394 -0.027679 -0.005609
-0.071627 0.062231 0.059171
0.033361 -0.050722 0.108826
-0.071187 -0.024739 0.134879
0.01525 0.095772 0.081724
0.067121 0.051956 0.1402
0.012418 0.092284 -0.007196
0.073775 0.029623 0.108826
0.07187 0.039184 0.071777
-0.064853 -0.04605 0.043143
0.01145 0.096652 0.134879
-0.079501 0.046577 0.008144
0.013358 0.096245 0.008144
0.052137 0.069444 0.15037
-0.082318 0.000515 0.104335
0.063218 0.048163 0.141789
0.054157 -0.033363 0.144956
-0.044978 -0.049764 0.060784
0.073488 0.031553 0.008144
-0.060543 -0.060126 0.024335
0.07133 0.039041 0.144956
-0.047985 -0.040621 0.015454
0.001811 0.098099 0.12199
0.072345 0.037291 0.081724
-0.038658 -0.052949 0.008137
0.072345 0.037291 0.045843
-0.077103 -0.00593 0.15037
-0.038303 -0.053975 0.037221
0.063677 0.058948 0.021605
0.036692 0.086587 0.02618
-0.065728 -0.052711 0.045359
0.01713 0.095252 0.081724
0.03673 -0.048755 0.132156
-0.073061 -0.00272 0.001421
0.030164 0.082811 0.1162
0.001828 -0.059967 0.142678
0.054421 0.071464 0.1402
-0.023375 0.096234 0.045843
0.069528 -0.00877 0.124375
0.050509 0.075811 -0.005609
-0.065822 0.070062 0.012434
-0.036098 -0.054532 0.041616
-0.07748 0.030547 0.015454
-0.013739 -0.060093 0.014682
-0.083748 0.008183 0.028403
0.003736 -0.059542 0.144956
-0.025267 0.09576 0.019287
0.067576 0.039968 0.148991
0.004469 -0.050185 -0.00044
-0.083748 0.008183 0.002512
-0.052333 0.081094 0.14867
-0.048341 0.085502 0.134879
0.053266 -0.035179 -0.000551
0.011679 -0.044255 -0.007281
-0.052529 -0.043639 -0.006875
0.071349 0.041064 0.117573
-0.083626 0.025653 0.144956
-0.046704 0.086563 0.093833
-0.033682 0.090669 -0.007075
-0.077113 0.028678 0.075459
0.022687 0.093418 0.032639
-0.084326 0.023755 0.062147
-0.064639 -0.033198 0.132043
-0.081322 -0.003257 0.016973
0.019041 -0.056866 -0.003028
0.029756 -0.052229 0.142678
0.072895 0.029504 0.146973
-0.071379 -0.01153 0.047292
-0.041641 -0.051684 0.099763
0.017119 0.095216 -0.006162
0.059448 -0.027642 0.032639
-0.04147 0.075156 -0.001396
-0.036325 0.091952 0.039826
0.05538 -0.022487 0.034718
-0.062884 -0.034756 0.075114
-0.076309 -0.011695 0.149955
0.013402 -0.058428 -0.004042
-0.077075 0.009081 0.004489
0.043162 -0.044342 0.056371
-0.036641 -0.053236 0.144953
0.017108 0.088714 0.126964
-0.083468 0.031508 0.021605
0.063929 0.02141 -0.00044
0.029858 0.090347 0.05144
-0.084468 0.019856 0.038223
0.054575 -0.033733 0.071777
0.028094 0.09118 0.098756
0.033321 0.088551 0.02618
-0.075553 0.05549 -0.003028
-0.083127 0.004331 -0.004903
-0.061894 0.074399 0.023909
-0.028854 0.06777 -0.001799
0.057086 -0.030748 0.113674
0.020893 -0.056253 0.006141
0.064936 -0.003226 0.023954
0.007615 0.097364 0.134879
-0.06706 0.068554 0.096418
-0.011784 -0.060293 0.059162
0.056969 0.057104 0.075459
-0.08311 0.027544 0.146973
0.0316 0.08947 0.084946
-0.0334 -0.020431 -0.007284
0.011498 -0.058856 0.113674
0.066457 -0.015941 0.126871
-0.023332 -0.058438 0.103298
0.074495 0.019901 0.075105
-0.050936 -0.048066 0.046165
-0.084323 0.014006 0.049364
-0.015707 0.097665 0.034619
-0.062626 0.062577 -0.007258
-0.077168 -0.014199 0.137581
0.06714 -0.014108 0.1402
0.008589 -0.046917 -0.007281
-0.071666 -0.013664 -0.007196
-0.056814 -0.043083 0.107862
0.025962 -0.048749 -0.007196
-0.084401 0.021805 0.134879
0.003797 -0.060097 0.117573
-0.009883 0.09824 0.075105
0.047684 -0.040629 0.039826
-0.06507 -0.032778 0.026202
-0.004034 0.09811 -0.006577
0.046207 -0.041903 0.102668
0.015294 -0.057953 0.12199
-0.041089 0.080758 0.001421
-0.01568 -0.059851 0.008144
-0.063759 -0.034635 0.034201
0.015177 0.095507 -0.006577
-0.072199 -0.064828 0.064929
0.063677 0.058948 0.010248
0.005733 -0.059858 0.036486
-0.058215 -0.039289 0.14498
0.058286 -0.029209 0.088061
0.037094 0.023968 -0.007284
0.073653 0.012154 0.144956
-0.073577 -0.021112 0.039642
-0.021479 -0.058828 0.112048
-0.077231 -0.014228 0.028402
0.009532 -0.058968 -0.006577
0.065559 0.05553 0.010248
-0.061894 0.074399 0.059171
-0.084326 0.023755 0.04429
0.042788 0.081731 0.144956
-0.048892 -0.047325 0.018859
0.055849 -0.032256 -0.000551
0.038608 -0.044666 -0.007075
0.06558 -0.017684 0.126871
0.035708 0.084988 0.149955
-0.074544 -0.019478 0.11559
0.009541 0.097052 0.12199
-0.078054 0.0502 0.10736
-0.069421 0.065448 0.117573
0.015294 -0.057953 -0.003028
-0.038108 0.091161 0.039826
-0.03892 -0.054137 0.041493
0.0447 -0.043141 0.056371
-0.06342 -0.034532 0.13754
-0.011784 -0.060293 -0.005609
-0.071378 -0.024146 0.097508
0.02273 -0.055596 0.117573
-0.01377 0.097904 0.091035
0.020391 0.087234 0.061074
-0.073387 0.046234 0.135456
-0.025267 0.09576 0.088061
0.027759 -0.039784 -0.007281
0.053235 0.073019 0.02618
0.074495 0.01795 0.108826
-0.007789 0.094409 0.148991
0.038963 -0.019937 -0.007284
0.035019 0.08759 0.04429
0.049395 0.036879 -0.001799
-0.075944 -0.064192 0.071245
0.04765 0.078465 0.104335
0.067763 0.018021 0.004489
0.001811 0.0981 0.012434
-0.071627 0.062231 0.05144
-0.065118 -0.022377 0.1162
0.069512 0.046619 0.110332
0.034687 0.079925 0.103626
-0.083468 0.031508 0.010248
-0.003988 -0.060578 0.021605
0.022059 -0.048671 0.075459
-0.073673 0.058908 0.062147
-0.045031 0.087567 0.129469
-0.019622 -0.059168 0.121994
0.048966 0.069051 0.135456
-0.06554 -0.044142 0.124619
-0.081335 0.04102 -0.005609
-0.071574 -0.024443 -0.006162
-0.046319 -0.0633 0.041547
0.065764 -0.011401 0.150607
0.058259 0.067052 0.102668
-0.041107 -0.055148 0.032482
-0.070692 -0.071694 0.032759
0.074495 0.017951 0.11972
0.035529 -0.021581 -0.001799
-0.039871 0.090326 0.113674
-0.023408 -0.058383 0.112105
0.060571 -0.026047 0.032639
-0.053135 0.082148 0.104335
-0.069992 -0.014851 0.009066
-0.065822 0.070062 0.008144
0.031641 -0.051642 0.056371
0.046207 -0.041903 -0.004903
0.023235 0.084728 0.001421
-0.083135 0.03343 0.045843
-0.057505 -0.074406 0.086155
-0.054673 0.080948 0.12199
0.034303 -0.044819 0.146215
0.054545 0.071574 -0.001864
0.063677 0.058948 0.047516
0.0608 -0.013182 0.034718
-0.013109 -0.022695 -0.007284
-0.083754 0.029578 0.049364
-0.073204 -0.006476 0.103626
0.018473 -0.055076 0.149955
-0.06251 -0.070802 0.083252
-0.025267 0.09576 0.042806
-0.063598 -0.035516 0.116489
-0.060666 -0.027974 0.103626
-0.035276 -0.054157 0.140174
0.065559 0.05553 0.047516
0.056733 0.061179 -0.007196
-0.037313 0.085089 0.135456
-0.057238 -0.034703 0.146215
-0.040059 0.082552 0.004489
-0.05731 0.000839 -0.007284
0.009481 0.096734 0.142678
0.012141 0.091116 0.141789
0.041214 -0.041784 0.15037
-0.064332 -0.033911 0.117166
-0.078277 0.019785 0.009066
-0.07643 0.053747 0.108826
-0.064504 -0.032943 0.040397
-0.00789 -0.060531 0.032639
0.022535 -0.055072 0.144956
0.038341 0.085544 0.111934
0.046893 0.077608 -0.006875
-0.001895 0.070135 -0.001799
0.018453 0.076639 -0.001748
0.062674 0.060621 0.038223
0.009585 -0.059237 0.084946
0.006632 0.091222 0.009066
0.068002 -0.010261 0.146973
0.01525 0.095772 0.10736
0.046145 -0.033469 0.034718
0.02085 0.094074 0.062147
-0.009839 -0.060436 0.129469
0.057058 0.068589 0.038223
0.024489 0.087718 0.146215
-0.044918 0.080244 0.034718
0.05517 -0.031685 0.146973
0.005733 -0.059858 0.065263
0.068826 -0.010591 0.049364
0.05582 0.070097 0.068485
-0.065822 0.070062 0.126871
0.062697 -0.022776 -0.005609
0.057203 -0.019392 0.047292
-0.083748 0.008183 0.102668
-9e-05 -0.060433 0.124375
-0.079346 0.046519 0.1402
0.023842 0.08189 -0.007281
-0.013741 -0.060091 0.023909
-0.084468 0.017905 0.117573
-0.019984 0.08307 -0.007281
-0.034495 -0.054899 -0.003028
-0.065916 -0.041911 0.041374
0.029858 0.090347 -0.000551
0.072345 0.037291 0.10736
-0.042922 -0.059698 0.040191
-0.081855 0.03914 0.071777
-0.061213 -0.040818 0.112069
0.003358 -0.05544 -0.007196
-0.005939 -0.060579 0.041335
0.01713 0.095252 0.10736
-0.056821 -0.037037 0.15037
-0.083468 0.031508 0.047516
0.049129 -0.039318 0.049364
0.017174 -0.057433 0.006141
-0.060515 0.075779 0.023909
-0.042206 0.086403 -0.007075
-0.037908 -0.053831 0.035846
-0.073569 -0.021027 0.088423
-0.073673 0.058908 0.04429
0.067855 0.021607 0.061074
-0.017591 -0.059578 0.093986
-0.083284 -0.065444 0.064441
-0.078199 0.027001 0.135456
-0.07267 0.060582 0.126871
-0.05488 -0.0602 0.046101
-0.027147 0.095239 0.062147
0.057057 -0.030724 -0.006162
-0.080756 -0.005124 0.124375
0.058259 0.067052 -0.004903
-0.048241 -0.047614 0.101879
0.027136 -0.046864 0.034718
-0.056181 0.07971 -0.001864
-0.003988 -0.060578 0.010248
-0.080769 0.042887 0.004258
0.051521 -0.036202 0.144956
-0.013058 0.091491 0.047292
-0.077107 0.009087 0.103626
0.001856 -0.060289 -0.004042
-0.066158 -0.031229 0.140179
-0.002038 -0.06053 0.049364
-0.069445 -0.023121 0.150607
0.036399 0.086111 0.144956
-0.035467 -0.054549 0.116691
0.050774 0.065849 0.061074
-0.081322 -0.003257 0.032639
-0.011788 -0.06029 0.129469
-0.035348 0.073319 -0.001748
0.043105 0.082149 -0.006162
-0.05701 -0.03988 0.101339
0.042359 -0.043288 0.14867
0.054101 -0.02378 0.061074
-0.078915 0.040319 0.150607
-0.005848 0.093708 -0.007196
0.013341 0.096177 0.137581
-0.075503 -0.017682 0.088193
-0.078783 -0.010633 0.108826
0.002859 0.041729 -0.001798
-0.025267 0.09576 0.100827
0.049972 0.013276 -0.001799
0.074019 0.010165 0.098756
0.013685 0.089828 0.023954
-0.078323 0.019782 0.023954
0.072345 0.037291 0.034619
-0.061736 -0.036717 0.000909
-0.067261 -0.023873 0.148991
0.059124 0.056292 0.141789
-0.061894 0.074399 0.05144
-0.062422 -0.068748 0.027749
0.028135 -0.053355 -0.004042
-0.035057 0.088997 0.15037
-0.06301 -0.013238 -0.001396
0.01713 0.095252 0.034619
0.063916 0.046481 0.141789
-0.082329 0.037247 0.04429
-0.027525 -0.057141 0.012434
-0.060515 0.075779 0.059171
0.007618 0.097385 -0.005609
-0.04319 0.080864 0.004489
0.043126 0.082176 0.032639
0.065355 0.039327 0.009066
0.02085 0.094074 0.04429
0.035058 -0.04976 0.129469
-0.025698 0.003135 -0.007284
-0.083748 0.008183 -0.004903
-0.066527 -0.030045 0.053741
0.065638 0.035686 0.004489
-0.077093 0.032307 0.023954
0.001856 -0.060289 0.012434
0.015795 -0.028478 -0.007284
-0.071169 -0.024776 0.021606
-0.043334 0.088529 0.068485
0.062555 -0.020435 0.14867
0.06808 -0.012393 0.098756
0.067424 0.032406 0.135456
-0.051232 0.071095 -0.00044
-0.033844 -0.055236 0.037524
-0.063456 0.065571 -0.007196
-0.06405 -0.023813 0.061074
-0.04783 0.069542 -0.001396
-0.072043 -0.058792 0.050715
0.035019 0.08759 0.108826
-0.043978 -0.058755 0.116973
0.02631 0.09197 0.023909
0.0316 0.08947 0.105881
-0.027147 0.095239 0.04429
0.069089 0.023475 0.141789
-0.009838 -0.060436 0.075105
0.054575 -0.033733 0.117573
-0.071675 -0.072013 0.033991
0.022059 -0.04867 0.103626
-0.003988 -0.060578 0.047516
0.028135 -0.053355 0.012434
0.022687 0.093418 0.014682
0.041162 -0.003558 -0.001799
-0.025727 -0.052975 -0.007196
0.074495 0.019901 0.124375
0.041594 -0.045503 0.132156
0.043162 -0.044342 0.111934
0.05582 0.070097 0.036486
0.046207 -0.041903 0.129469
-0.084323 0.014006 0.002512
0.071634 0.031254 0.149955
0.074019 0.010165 0.028403
-0.037553 -0.053312 0.134798
0.045652 0.061746 -0.001396
-0.061038 -0.023769 -0.007258
-0.063391 -0.052285 0.126031
-0.078033 -0.012432 0.100839
0.051921 -0.036593 0.11972
-0.083992 0.027642 0.006141
-0.06534 -0.04932 0.044074
-0.06066 0.065721 0.089844
-0.017591 -0.059578 0.10099
-0.056697 -0.047569 0.022988
0.062217 0.019377 -0.007281
0.053235 0.073019 0.081724
-0.070544 0.063853 -0.005609
-0.009883 0.09824 0.124375
0.053235 0.073019 0.045843
0.011454 0.096672 0.113674
-0.039852 -0.052401 0.024694
0.072782 0.002463 0.032639
-0.015697 -0.059838 0.016973
-0.061233 -0.033591 0.150607
0.069512 0.046619 -0.003028
-0.059103 0.077125 0.081724
0.013223 0.088169 0.001421
-0.039125 -0.052806 0.026642
0.019041 -0.056866 0.023909
0.074014 0.027687 0.038223
-0.075493 -0.017668 0.051251
0.013746 -0.052088 0.015454
-0.074566 -0.019477 0.006141
-0.036294 -0.054211 0.097113
0.061654 -0.024424 0.081724
-0.032703 0.093402 0.038223
0.072773 0.035388 0.126871
-0.051568 0.083311 0.126871
0.020893 -0.056253 0.104335
-0.02731 -0.057296 0.006141
0.069528 -0.00877 -0.004042
-0.0788 0.048397 0.041335
0.058987 0.054138 0.047292
-0.070641 -0.009225 0.001421
0.064659 0.042885 0.135456
0.06808 -0.012393 0.028403
0.074206 0.025746 0.032639
-0.057981 -0.046862 0.126607
-0.039871 0.090326 0.093833
0.02631 0.09197 0.059171
0.06808 -0.012393 0.002512
0.070796 -0.005081 0.006141
0.055132 0.064672 0.148991
-0.000135 0.098243 0.021605
0.017408 0.089848 -0.007196
0.067788 0.050119 -0.006577
-0.07307 -0.02093 0.144956
-0.079194 -0.062082 0.065293
0.063087 0.040526 0.001421
0.005324 0.094985 -0.007075
-0.074059 -0.068709 0.119931
-0.017913 -0.039305 -0.001798
0.053266 -0.035179 0.098756
-0.015706 0.097665 0.084946
-0.000496 -0.05385 0.061074
-0.062118 -0.026849 0.034718
0.038379 -0.047713 0.02618
0.036667 0.079653 0.135456
-0.083987 0.010119 0.038223
-0.042717 0.074517 -0.007281
0.072773 0.035388 0.038223
-0.084419 0.015955 0.104335
-0.042186 -0.04846 0.150607
-0.066062 -0.031727 0.035955
-0.035183 -0.054372 0.026204
-0.036325 0.091952 0.010248
0.073781 0.008228 0.049364
-0.078342 -0.056718 0.118143
0.059959 -0.02109 0.15037
-0.019507 -0.059208 -0.006162
-0.083992 0.027642 0.014682
-0.035334 -0.054307 0.012432
0.064661 -0.019404 0.108826
0.07421 0.012106 0.071777
-0.023375 0.096234 0.053782
-0.057657 0.078435 0.053782
-0.048586 -0.048068 0.046554
-0.023375 0.096234 0.091035
-0.057657 0.078435 0.091035
-0.01377 0.097904 0.088061
0.019041 -0.056866 0.059171
0.060571 -0.026047 0.006141
-0.051329 -0.045246 0.0997
0.004947 -0.054083 0.135456
0.069528 -0.00877 0.012434
-0.072726 -0.055004 0.029948
0.050509 0.075811 0.021605
-0.063968 -0.034094 0.026258
-0.043334 0.088529 0.036486
-0.052005 -0.04619 0.105671
-0.002116 0.097451 -0.006875
-0.083127 0.004331 0.036486
-0.040793 -0.042573 0.001421
-0.074634 0.057211 0.062147
-0.036572 -0.054147 0.117114
-0.064037 -0.069822 0.070767
-0.05411 0.07725 0.15037
-0.017594 0.097118 -0.006577
-0.081808 0.014162 0.150607
-0.025651 -0.057654 0.132155
-0.084468 0.017905 0.11972
-0.072615 -0.022838 0.000909
0.051889 0.074432 -0.005609
-0.082755 0.035344 0.096418
0.074446 0.021852 0.093833
0.047684 -0.040629 0.010248
0.029509 -0.047537 0.146215
0.046172 0.079739 0.096418
0.015294 -0.057953 0.023909
0.011811 0.089724 0.075459
-0.06277 -0.037234 0.12173
0.068062 0.050242 -0.001864
-0.043193 0.088263 -0.006577
-0.078783 -0.010633 0.084947
-0.013065 0.08999 -0.007258
0.053266 -0.035179 0.028403
-0.07342 -0.021229 0.137581
0.05582 0.070097 0.065263
-0.075996 0.037597 0.015454
-0.04832 -0.047733 -0.003028
-0.061894 0.074399 -0.000551
0.036523 0.086312 0.142678
0.049096 0.077155 0.049364
-0.063239 0.072986 0.006141
-0.072722 -0.065535 0.070806
0.053266 -0.035179 0.002512
0.044905 0.070015 0.001421
-0.083861 0.025673 0.142678
0.014239 0.085531 -0.00044
-0.017636 0.097378 0.002512
0.031641 -0.051642 0.111934
-0.060515 0.075779 0.05144
-0.083379 -0.07364 0.068119
-0.030773 -0.056265 0.037711
-0.058585 -0.038666 0.057014
-0.049412 0.077258 0.023954
0.026352 -0.054146 0.126871
0.074448 0.016 0.096418
0.009585 -0.059237 0.105881
-0.065965 -0.02078 0.004489
0.050542 -0.037973 0.000909
-0.082329 0.037247 0.108826
0.07187 0.039184 0.11972
-0.014837 0.091271 0.047292
0.001856 -0.060289 0.008144
-0.027689 -0.057024 0.021606
0.024507 0.092716 0.126871
0.009541 0.097052 0.023909
0.060571 -0.026047 0.014682
-0.066924 -0.03086 0.000909
-0.070866 0.05103 0.009066
-0.04044 -0.051726 0.142703
-0.020222 -0.053163 0.135456
0.068826 -0.010591 0.002512
-0.084421 0.021806 0.093833
0.067953 0.048085 -0.006875
-0.013725 -0.060102 0.068472
-0.066998 -0.082866 0.05907
-0.036325 0.091952 0.047516
0.036488 0.079392 0.023954
0.038341 0.085544 0.110332
0.039963 0.084461 0.126871
-0.054271 -0.046709 0.127672
0.073162 0.004376 0.096418
-0.070114 -0.026352 0.030515
-0.084417 0.015955 0.132156
-0.06412 -0.040861 0.029186
-0.044538 -0.055372 0.02624
-0.067467 -0.045426 0.116312
0.049129 -0.039318 0.002512
-0.028631 -0.049889 0.089844
0.058493 -0.024622 0.150607
0.06881 0.048439 0.126871
-0.06706 0.068554 0.075105
0.068921 0.030817 0.146215
0.028135 -0.053355 0.008144
0.036671 0.086552 -0.006162
0.040001 -0.046628 0.084946
0.012924 0.094418 0.149955
-0.05553 -0.048461 0.023012
0.060304 -0.019124 0.148991
0.015294 -0.057953 0.059171
-0.07978 0.001146 -0.007075
-0.055583 0.06112 -0.007281
0.024507 0.092716 0.038223
-0.081855 0.03914 0.117573
-0.032259 0.082661 -0.00044
-0.065894 -0.039544 0.040041
-0.00789 -0.060531 0.014682
-0.041614 0.089449 0.006141
0.073715 0.027658 -0.006577
-0.06826 0.067016 0.096418
-0.051962 -0.053598 0.126405
0.039999 -0.046626 0.132156
-0.016712 -0.042296 -0.001748
0.043483 -0.01611 -0.007284
-0.083581 0.019845 0.146973
0.001856 -0.060289 0.126871
-0.074634 0.057211 0.04429
-0.051569 0.083311 0.10736
0.063793 0.042587 0.089844
-0.058269 0.073478 0.15037
-0.041572 -0.051662 0.075107
-0.060965 0.063457 -0.007258
0.066216 0.033998 0.103626
-0.076225 0.001964 0.126964
-0.046105 0.078825 0.004489
0.050509 0.075811 0.010248
0.057086 -0.030747 0.006141
-0.005985 0.098384 0.096418
-0.049042 -0.039034 0.103626
0.014967 0.053162 -0.007284
-0.002746 0.080201 -0.001798
0.047684 -0.040629 0.047516
0.009541 0.097052 0.059171
-0.015707 0.097665 0.042806
-0.046901 -0.048611 0.006136
0.063589 -0.012483 -0.007196
-0.069677 -0.083895 0.07705
-0.077264 0.051983 0.071777
0.043126 0.082176 0.006141
-0.066828 0.068362 -0.006577
-0.027146 0.095236 0.132156
-0.065232 -0.032107 0.110762
0.052926 0.062992 0.103626
0.068929 0.034573 0.148991
-0.02714 -0.051097 0.015454
0.017174 -0.057433 0.104335
-0.072366 -0.023018 0.016973
0.054575 -0.033733 0.11972
-0.075126 -0.001459 0.047292
0.067271 0.052025 0.113674
0.055849 -0.032256 0.028403
-0.063309 0.037114 -0.001748
-0.043334 0.088529 0.065263
-0.069395 0.065429 -0.006162
-0.083127 0.004331 0.065263
-0.025583 -0.057705 0.122003
0.074019 0.010165 0.102668
0.023751 -0.048084 0.061074
0.055849 -0.032256 0.002512
0.016995 -0.050365 0.004489
-0.04186 0.08213 0.034718
-0.059638 -0.072612 0.084564
-0.041161 -0.033405 -0.001748
-0.063374 -0.035244 0.034187
0.03103 -0.050467 0.14867
-0.015416 -0.057999 0.149955
-0.072464 -0.022947 0.010248
0.072345 0.037291 0.019287
-0.084326 0.023755 0.104335
-0.038108 0.091161 0.047516
0.073698 0.0102 0.142678
-0.038176 -0.053606 0.044247
0.011454 0.096672 0.093833
-0.004034 0.098385 -0.001864
-0.082318 0.000515 -0.005609
-0.027363 -0.056883 0.142678
0.01713 0.095252 0.019287
0.005733 -0.059858 0.030561
-0.030866 0.09406 -0.001864
-0.061676 0.074192 -0.006577
-0.034045 -0.023403 -0.001799
0.070589 0.038846 0.14867
-0.083754 0.029578 -0.004042
-0.080246 -0.059765 0.052397
0.022687 0.093418 0.084946
-0.051534 -0.04553 0.014007
-0.009454 -0.054154 0.034718
0.073154 0.033475 0.115556
-0.051579 -0.065999 0.112933
-0.025401 0.089224 0.126964
-0.061048 0.066043 0.009066
-0.026245 -0.054331 0.15037
0.036731 -0.048757 -0.000551
0.053235 0.073019 0.10736
0.038341 -0.047654 0.137581
-0.045417 -0.060751 0.117479
-0.055556 -0.077089 0.111731
-0.078034 -0.012432 0.045833
0.064619 0.014699 -0.00044
0.067596 -0.010099 0.14867
0.059448 -0.027642 0.084946
-0.083135 0.03343 0.053782
0.014181 0.056705 -0.007284
-0.083135 0.03343 0.091035
-0.081335 0.04102 0.021605
0.019041 -0.056866 0.05144
-0.062282 0.067085 0.146215
0.069528 -0.00877 0.008144
0.06808 -0.012393 0.102668
-0.059103 0.077125 0.10736
0.040001 -0.046628 0.038223
0.031918 0.071568 -0.007284
-0.069127 -0.027161 0.044249
-0.035585 0.05585 -0.001799
-0.021457 0.096594 0.137581
0.043126 0.082176 0.014682
-0.064087 -0.02384 0.1162
-0.042813 -0.058543 0.122626
0.061654 -0.024424 0.10736
0.029858 0.090347 0.098756
-0.063733 -0.070729 0.122698
-0.038554 -0.053137 0.028628
-0.019558 0.097044 0.062147
0.020595 -0.01093 -0.001798
0.038379 -0.047713 0.045843
0.023731 0.085949 0.1162
-0.074909 0.041033 0.023954
-0.04247 -0.055209 0.114213
0.050509 0.075811 0.047516
-0.032178 -0.053727 0.149955
-0.049974 0.084435 0.093833
0.002735 -0.029002 -0.007284
0.050911 -0.028103 0.047292
-0.051513 -0.045505 -0.006162
0.036692 0.086587 0.053782
-0.023375 0.096234 0.078432
0.036692 0.086587 0.091035
-0.057657 0.078435 0.078432
-0.041556 -0.05163 -0.006162
-0.049518 -0.045864 0.146978
0.067718 0.041959 0.15037
0.043162 -0.044342 0.110332
0.02048 -0.0224 -0.007284
0.074206 0.025746 0.006141
-0.015707 0.097665 0.100827
0.058259 0.067052 0.036486
-0.02958 0.064422 -0.007284
-0.011784 -0.060293 0.081728
-0.078054 0.0502 0.042806
-0.017267 -0.046281 -0.001396
-0.063069 -0.043475 0.125127
-0.074404 -0.074479 0.114979
0.033205 -0.050439 0.142678
0.053235 0.073019 0.034619
-0.080158 0.04474 0.081724
-0.080158 0.04474 0.045843
0.074019 0.010165 -0.004903
0.064769 -0.015118 0.149955
-0.02867 0.087682 0.089844
0.072148 0.02748 0.149955
0.062697 -0.022776 0.021605
0.019559 -0.052207 -0.007196
-0.083992 0.027642 0.084946
0.062345 0.016443 -0.001396
-0.071191 0.055317 0.148991
-0.00948 0.091702 0.1162
-0.058513 -0.038579 0.05397
-0.057322 0.049385 -0.001748
-0.073902 0.016397 -0.00044
-0.070542 0.063852 0.132156
-0.064936 -0.052328 0.024033
0.050542 -0.037973 0.039826
-0.037862 -0.037541 -0.007281
0.001288 -0.053718 0.061074
0.040634 0.075938 0.047292
-0.076166 0.033961 0.004489
-0.015706 0.097665 0.105881
0.067634 0.025178 0.061074
0.071882 -0.001333 0.096418
-0.040161 -0.055514 0.03705
-0.034453 -0.054979 0.099751
-0.064548 0.07154 0.000909
-0.072685 0.058333 -0.006875
0.02455 -0.054893 0.081724
-0.075001 -0.017492 0.144956
0.029858 0.090347 0.028403
0.072782 0.002463 0.014682
-0.07901 -0.063637 0.078837
-0.084468 0.019856 0.02618
-0.080976 0.012337 0.15037
-0.080756 -0.005124 0.012434
-0.077238 -0.014209 0.08809
0.025961 0.091154 0.146973
0.073781 0.008228 0.002512
0.053266 -0.035179 0.102668
-0.063831 -0.034444 0.030517
0.028094 0.09118 0.068485
-0.083685 0.029569 0.137581
-0.032219 0.086952 0.009066
0.033321 0.088551 0.053782
0.06808 -0.012393 -0.004903
0.059448 -0.027642 0.038223
0.033321 0.088551 0.091035
0.066437 0.053788 -0.004042
0.023654 0.08577 0.089844
0.015294 -0.057953 0.05144
-0.030453 0.087355 0.047292
0.005688 0.09767 0.096418
0.058968 0.065158 0.144956
-0.059804 -0.029597 0.034718
-0.05738 -0.040316 0.078874
-0.083748 0.008183 0.036486
-0.025226 -0.057963 0.105145
-0.019546 -0.059222 0.112006
-0.081335 0.04102 0.010248
0.074206 0.025746 0.014682
-0.063762 -0.034639 0.117692
-0.074328 0.018105 -0.00044
0.069512 0.046619 0.023909
-0.000135 0.098243 0.053782
-0.019558 0.097044 0.04429
-0.000135 0.098243 0.091035
-0.029014 0.094672 0.096418
0.058286 -0.029209 0.062147
-0.074696 -0.001345 0.004489
0.070796 -0.005081 0.104335
-0.061232 -0.05592 0.046642
-0.023375 0.096234 0.088061
-0.013763 0.097834 0.137581
-0.057657 0.078435 0.088061
-0.019514 -0.059246 0.056108
0.038341 0.085544 -0.003028
-0.025223 -0.057965 0.078614
0.013358 0.096245 0.113674
0.065982 0.002071 0.1162
0.009541 0.097052 0.05144
0.047505 -0.040421 -0.006577
0.051388 -0.028504 0.135456
-0.004513 -0.0483 -0.007281
0.073488 0.031553 0.113674
-0.074634 0.057211 0.108826
-0.064368 -0.060351 0.049516
-0.068636 0.055975 0.135456
-0.063069 -0.033766 0.109721
-0.078783 -0.010633 0.105882
-0.009838 -0.060436 0.062146
-0.037197 -0.053981 0.045035
-0.051139 -0.04182 0.15037
-0.02344 -0.05836 0.113788
-0.051346 -0.04527 0.097502
0.060571 -0.026047 0.084946
-0.062714 -0.083357 0.080646
-0.050296 -0.040689 0.146215
0.007618 0.097385 0.021605
0.01525 0.095772 0.042806
-0.078054 0.0502 0.100827
-0.077218 -0.012086 0.146973
0.043243 -0.035609 0.103626
-0.030866 0.09406 -0.003028
-0.035472 -0.054148 0.13753
-0.055309 -0.042553 0.018932
-0.081855 0.03914 0.11972
0.066437 0.053788 0.012434
0.04765 0.078465 -0.005609
0.05582 0.070097 0.111934
0.064319 0.035358 0.001421
-0.080491 0.000949 0.149955
0.020496 0.087517 0.034718
-0.06307 0.046502 -0.007284
0.033361 -0.050722 0.115556
0.073775 0.029623 0.115556
0.072345 0.037291 0.042806
0.014956 -0.056673 0.14867
0.02774 -0.043864 -0.007258
-0.021472 0.096662 0.010248
-0.083461 0.006253 0.000909
-0.065521 -0.022653 0.015454
0.035857 0.08158 -0.007196
0.01713 0.095252 0.042806
0.058259 0.067052 0.065263
0.069512 0.046619 0.059171
-0.047113 -0.048329 0.140493
0.040119 -0.043463 0.150607
-0.061154 -0.065628 0.1017
-0.041693 -0.051578 0.000909
-0.00789 -0.060531 0.084946
0.031641 -0.051642 0.110332
0.02085 0.094074 0.104335
-0.068305 0.05796 -0.007196
-0.053135 0.082148 -0.005609
0.053266 -0.035179 -0.004903
0.071233 0.021732 0.15037
-0.038082 -0.054142 0.115128
-0.054363 -0.043368 0.010104
0.0447 -0.043141 -0.001864
0.045752 0.066064 -0.007281
-0.073886 0.054626 0.149955
0.003752 0.097909 0.081724
-0.06706 0.068554 0.124375
-0.052051 -0.068503 0.032549
0.022968 0.029303 -0.001798
-0.046186 -0.044433 0.148991
0.070185 -0.006933 -0.001864
0.019041 -0.056866 -0.000551
-0.078505 0.036341 0.148991
-0.071627 0.062231 0.002512
-0.056714 0.017835 -0.007284
-0.029113 -0.051281 0.141789
0.040001 -0.046628 0.105881
0.055849 -0.032256 0.102668
0.054545 0.071574 0.071777
0.067271 0.052025 0.093833
-0.077707 0.007181 0.135456
-0.081335 0.04102 0.047516
-0.054825 -0.034773 0.009066
-0.063239 0.072986 0.104335
-0.044833 -0.014098 -0.007284
-0.03987 -0.051434 0.146974
-0.050484 0.075717 0.075459
0.036731 -0.048757 0.11972
-0.064985 0.060054 0.004489
-0.077236 -0.014207 0.100867
0.040451 0.075709 0.089844
-0.070544 0.063853 0.021605
0.063677 0.058948 0.041335
-0.013758 -0.045819 -0.001396
-0.075098 0.048934 0.15037
-0.077239 -0.014216 0.110347
-0.027147 0.095239 0.104335
-0.046938 -0.065216 0.122905
-0.004034 0.098364 0.134879
-0.007935 0.098336 0.041335
-0.079486 -0.008813 0.075105
0.066274 0.035845 0.009066
-0.074255 -0.003078 0.004489
0.074353 0.014052 0.004258
0.028515 0.08352 0.103626
-0.007841 -0.059208 0.14867
0.06558 -0.017684 0.113674
-0.075553 0.05549 -0.000551
-0.069135 -0.027866 0.006141
-0.072488 -0.022591 0.048606
0.042176 -0.001343 -0.001799
-0.070601 -0.078044 0.111625
0.065559 0.05553 0.041335
0.028094 0.09118 0.036486
0.022777 0.074084 -0.007284
0.011498 -0.058856 0.096418
-0.05935 -0.005484 -0.007284
-0.064826 -0.033002 0.023942
0.073495 0.006298 0.071777
0.028917 0.084295 0.135456
-0.069773 0.063338 -0.006875
-0.084323 0.014006 0.129469
-0.060699 -0.038161 0.126534
-0.076041 0.002007 0.047292
0.062562 0.045928 0.004489
-0.016653 0.091275 0.009066
-0.009838 -0.060436 0.044289
-0.083748 0.008183 0.065263
0.044664 0.080976 0.049364
0.040748 0.079048 0.148991
0.031641 -0.051642 -0.001864
-0.058432 -0.038513 0.051293
0.05582 0.070097 0.030561
-9e-05 -0.060433 0.008144
0.061903 0.047599 0.103626
-0.051616 -0.049032 0.046031
0.044662 0.080974 0.132156
-0.071391 -0.024164 0.055366
0.033361 -0.050722 0.000909
0.01525 0.095772 0.100827
0.056024 0.067761 0.14867
-0.062234 -0.026941 0.023954
-0.03223 0.07861 -0.001396
0.073775 0.029623 0.000909
0.041595 -0.045505 0.12199
-0.043334 0.088529 0.111934
-0.021472 0.096662 0.047516
-0.041743 -0.051655 0.048786
0.06407 0.042682 0.047292
0.067538 0.028774 0.034718
-0.073889 -0.008674 0.141789
-0.08384 -0.065567 0.073264
0.060545 0.063891 0.10736
-0.041614 0.089449 0.104335
0.063862 0.056823 0.146973
0.057058 0.068589 0.02618
-0.075669 -0.058796 0.107847
-0.065143 0.069491 0.146973
0.036692 0.086587 0.078432
-0.01129 0.091855 0.126964
0.072345 0.037291 0.100827
0.029827 0.090284 0.137581
-0.048352 0.085519 0.049364
0.050619 -0.030237 -0.007196
0.057086 -0.030747 0.084946
-0.077228 -0.01423 0.021605
0.022687 0.093418 0.105881
-0.072538 -0.022893 0.006141
0.01713 0.095252 0.100827
0.043162 -0.044342 -0.003028
-0.063249 0.063206 0.034718
-0.080756 -0.005124 0.008144
-0.056181 0.07971 0.071777
-0.064548 0.07154 0.039826
-0.081843 -0.001377 0.126871
0.043126 0.082176 0.084946
-0.00789 -0.060531 0.038223
0.06729 -0.014177 0.12199
-0.031063 -0.051265 0.146215
-0.075808 0.035701 0.075459
-0.04226 -0.051436 0.128611
-0.021919 0.090111 0.034718
-0.05265 -0.071715 0.123087
0.059448 -0.027642 0.105881
-0.044549 0.070871 -0.001396
-0.046704 0.086563 0.004258
0.055849 -0.032256 -0.004903
0.015375 -0.051236 0.047292
-0.021869 0.046285 -0.007284
0.049096 0.077155 -0.004042
0.062587 0.045949 0.103626
0.07435 0.0238 0.115556
-0.069806 -0.014751 0.047292
-0.029021 -0.035665 -0.001798
0.060545 0.06389 0.041335
0.015294 -0.057953 -0.000551
-0.077244 -0.014218 -0.004042
-0.071409 -0.02419 0.091943
-0.061292 -0.037244 0.02521
0.054307 0.038066 -0.001748
-9e-05 -0.060433 0.126871
0.073154 0.033475 0.117573
-0.076281 0.053675 0.1402
-0.043826 -0.058674 0.041801
0.009605 0.076717 -0.001798
0.053135 0.011026 -0.007284
-0.013731 -0.060023 0.137581
-0.028929 -0.050756 0.135456
-0.080158 0.04474 0.10736
-0.066683 -0.050777 0.024909
-0.083135 0.03343 0.088061
-0.0772 0.051955 0.137581
0.051889 0.074432 0.021605
0.039358 0.071716 -0.00044
-0.045983 -0.040671 -0.007258
-0.070544 0.063853 0.010248
-0.084468 0.019856 0.081724
-0.063455 -0.019097 -0.00044
-0.084468 0.019856 0.045843
0.029858 0.090347 0.102668
-0.050016 0.007021 -0.001799
-0.080756 -0.005124 0.126871
-0.051405 -0.045353 0.089006
-0.069854 0.035862 -0.001396
-0.082755 0.035344 0.075105
0.046388 -0.015395 -0.007284
0.033321 0.088551 0.078432
-0.084159 0.021797 -0.006577
-0.002304 -0.053638 0.004489
-0.026975 0.088243 0.089844
0.046172 0.079739 0.075105
0.063766 -0.006631 0.023954
0.049068 0.077125 -0.006162
-0.083112 -0.0637 0.089355
-0.065822 0.070062 0.113674
0.018598 0.093423 0.14867
0.02455 -0.054893 0.10736
0.066437 0.053788 0.008144
-0.049026 -0.065498 0.032956
-0.068577 0.01992 -0.001748
-0.061894 0.074399 0.028403
0.014854 0.087518 0.001421
0.057708 -0.017612 0.004489
-0.080798 0.040865 0.144956
-0.000135 0.098243 0.078432
-0.043334 0.088529 0.030561
-0.061894 0.074399 0.002512
-0.073035 -0.008329 0.009066
0.072782 0.002463 0.084946
-0.081322 -0.003257 0.038223
0.074448 0.016 0.075105
0.036692 0.086587 0.088061
0.07421 0.012106 0.11972
-0.005939 -0.060579 0.108826
-0.038073 -0.053388 0.090214
-0.034364 -0.055038 0.048251
-0.083127 0.004331 0.030561
-0.082822 -0.063254 0.096923
-0.083992 0.027642 0.105881
-0.069212 -0.027583 0.112496
0.045144 0.021997 -0.007284
0.032345 -0.016918 -0.007284
0.028094 0.09118 0.065263
0.048557 0.057314 -0.007281
0.007294 0.084087 -0.001396
0.071362 -0.003214 0.115556
0.069512 0.046619 0.05144
0.053235 0.073019 0.019287
-0.079501 0.046577 0.093833
0.013358 0.096245 0.093833
-0.083461 0.006253 0.039826
0.057508 0.004081 -0.001748
0.064625 -0.019384 -0.006162
-0.017636 0.097378 0.129469
0.036173 0.078933 0.103626
-0.057918 -0.038559 0.14867
-0.064599 0.020226 -0.001798
-0.078054 0.0502 0.016973
-0.078033 -0.012432 0.051428
-0.009837 -0.060415 0.134879
0.042217 0.075035 0.023954
-0.080158 0.04474 0.034619
0.014401 -0.039747 -0.007284
0.074206 0.025746 0.084946
-0.062466 -0.034119 0.046554
-0.059103 0.077125 0.019287
0.0637 -0.021102 0.041335
0.059421 0.065485 0.115556
0.04644 0.071638 0.135456
0.07017 0.044783 0.093833
-0.062593 -0.038337 0.029117
0.017086 -0.057118 -0.006577
-0.084183 0.0257 0.056371
0.007828 -0.029661 -0.007284
0.068826 -0.010591 0.129469
-0.03751 -0.054127 0.040367
-0.074486 -0.019536 0.019287
0.046172 0.079739 0.016973
-0.06019 0.034169 -0.001799
0.066918 -0.001927 0.146215
0.050509 0.075811 0.078432
0.070782 0.042931 0.039826
0.060203 0.022927 -0.001396
-0.076391 -0.015956 0.047427
0.02455 -0.054893 0.034619
-0.059532 -0.080246 0.05589
0.057316 0.057317 0.034718
0.062697 -0.022776 0.053782
-0.07643 0.053747 0.115556
0.020893 -0.056253 -0.005609
0.049129 -0.039318 0.129469
-0.064597 -0.033081 0.039476
-0.058249 -0.039571 0.142761
0.036731 -0.048757 0.098756
0.01647 -0.054914 -0.007075
-0.025267 0.09576 0.006141
0.005733 -0.059858 0.12199
-0.070544 0.063853 0.047516
-0.051532 -0.045531 0.000909
0.074448 0.016 0.016973
0.061918 0.060155 0.146973
-0.065969 -0.041737 0.032427
0.031641 -0.051642 -0.003028
0.025446 -0.047489 0.047292
0.068082 -0.000333 0.148991
-0.056191 -0.033604 0.023954
0.033321 0.088551 0.088061
-0.045014 0.087537 -0.006162
0.029858 0.090347 -0.004903
-0.058882 0.076888 0.142678
-0.011784 -0.060293 0.102678
-0.046704 0.086563 0.075105
-0.071627 0.062231 0.102668
0.074495 0.019901 0.126871
-0.050424 -0.046767 0.133886
0.074495 0.01795 0.000909
0.016637 -0.049171 0.001421
-0.044189 -0.048058 0.149955
0.002984 0.091055 0.004489
0.060571 -0.026047 0.105881
-0.015661 -0.059864 0.062088
0.073162 0.004376 0.016973
-0.077886 0.023361 0.047292
-0.045839 -0.055622 0.125203
-0.032703 0.093402 0.02618
-0.065772 -0.065485 0.097455
-0.084419 0.015955 -0.005609
-0.075553 0.05549 0.11972
-0.072955 -0.051882 0.043879
-0.009883 0.09824 0.126871
0.006572 0.090872 0.061074
-0.030645 -0.056359 0.040362
0.003752 0.097909 0.10736
0.033361 -0.050722 0.039826
0.073134 0.033471 0.134879
0.003064 0.091683 0.126964
-0.052433 -0.021491 -0.001748
-0.082318 0.000515 0.021605
-0.006076 -0.010903 -0.001798
0.066438 -0.015932 0.134879
0.064639 0.057251 0.056371
-0.06826 0.067016 0.016973
-0.017631 0.097345 -0.006162
0.04358 0.07386 0.023954
0.060884 0.059518 -0.007075
-0.080769 0.042887 -0.004042
-0.067043 0.068541 0.134879
-0.070327 -0.025825 0.041922
-0.078495 0.001424 0.148991
-0.04073 -0.055307 0.034131
-0.01377 0.097904 0.062147
-0.00789 -0.060531 0.105881
0.01525 0.095772 0.016973
0.05582 0.070097 0.110332
0.055849 -0.032256 0.129469
0.073775 0.029623 0.117573
-0.030851 -0.056248 -0.001864
-0.081386 0.006588 -0.007075
0.038379 -0.047713 0.053782
0.036731 -0.048757 0.028403
0.074019 0.010165 0.036486
-0.005985 0.098384 0.016973
-0.025267 0.09576 0.014682
0.038379 -0.047713 0.091035
0.071975 0.01987 0.150607
0.058124 -0.017855 0.047292
-0.084281 0.014009 -0.006162
0.007618 0.097385 0.053782
0.007618 0.097385 0.091035
-0.078783 -0.010633 0.115556
-0.047582 -0.040064 0.089844
0.062674 0.060621 0.081724
0.038341 0.085544 0.023909
-0.077264 0.051983 0.11972
-0.077176 0.023194 -0.007258
0.01713 0.095252 0.016973
0.001811 0.0981 0.113674
-0.07643 0.053747 0.000909
0.057058 0.068589 0.081724
-0.076947 0.03228 0.034718
0.057058 0.068589 0.045843
0.051936 -0.026627 0.061074
-0.062449 -0.034834 0.041882
0.025937 -0.053219 -0.006875
0.068062 0.050242 0.071777
0.018997 0.094686 0.108826
0.053235 0.073019 0.088061
0.070566 0.019852 0.148991
-0.079486 -0.008813 0.124375
0.029898 -0.05252 0.056371
-0.083394 -0.064788 0.105743
-0.0788 0.048397 0.108826
0.006157 -0.044431 -0.007284
-0.076547 0.032205 0.075459
-0.074761 -0.054431 0.046076
-0.080769 0.042887 0.012434
-0.061819 -0.037441 0.123769
0.070782 0.04293 0.124375
-0.078783 -0.010633 0.05917
-0.055279 -0.063922 0.02502
0.047096 -0.039964 0.146973
0.05758 -0.028672 0.146973
0.049745 0.06057 -0.00044
-0.071191 0.051192 0.135456
0.061904 0.047599 0.075459
0.036682 0.086569 0.134879
0.00662 0.09117 0.034718
-0.069831 -0.082138 0.057767
0.046524 0.014062 -0.007284
-0.07032 -0.049643 0.042964
-0.081322 -0.003257 0.105881
-0.082422 -0.068181 0.111366
0.073495 0.006298 0.117573
0.035019 0.08759 0.115556
0.067759 0.026992 0.034718
-0.060515 0.075779 0.002512
-0.077767 0.017989 0.075459
0.038341 0.085544 0.059171
0.07421 0.012106 0.098756
-0.0001 -0.060268 0.1402
0.020877 -0.045855 -0.00044
-0.036325 0.091952 0.041335
-0.020113 0.090255 0.1162
-0.012213 0.080795 -0.001748
0.053235 0.073019 0.042806
-0.075901 0.000191 0.023954
0.069512 0.046619 -0.000551
0.001742 -0.058969 0.14867
-0.002152 0.096461 0.149955
-0.048352 0.085519 0.002512
-0.048274 -0.047682 0.067907
-0.082318 0.000515 0.010248
0.058259 0.067052 0.030561
0.073889 0.016021 0.144956
0.044921 -0.034791 0.009066
-0.015706 0.097665 0.02618
0.043126 0.082176 0.105881
-0.053086 -0.068106 0.110969
-0.059103 0.077125 0.042806
0.01137 -0.020197 -0.007284
-0.01171 -0.059408 0.146973
-0.043334 0.088529 0.110332
-0.084468 0.019856 0.10736
-0.078783 -0.010633 0.000909
-0.061894 0.074399 0.102668
0.054576 -0.028739 0.15037
0.061654 -0.024424 0.042806
-0.064221 -0.047579 0.11177
-0.067276 -0.005904 -0.001396
-0.058463 -0.073514 0.085339
-0.011784 -0.060293 0.042799
0.043871 -0.042107 0.14867
0.057303 0.043711 -0.001396
0.005688 0.09767 0.075105
-0.054673 0.080948 0.049364
-0.069946 -0.014824 0.034718
0.025044 0.089015 0.15037
0.058663 0.053976 0.004489
0.040144 0.040946 -0.007284
-0.051569 0.083311 0.100827
-0.061747 0.064286 0.004489
0.073781 0.008228 0.129469
0.017174 -0.057433 -0.005609
0.07435 0.0238 0.117573
0.071316 0.004719 0.149955
0.047684 -0.040629 0.041335
-0.009678 -0.058245 -0.007075
-0.036324 0.09195 0.132156
0.060545 0.063891 0.096418
0.074019 0.010165 0.065263
0.019041 -0.056866 0.098756
-0.013726 -0.060102 -0.001864
-0.057752 -0.069 0.124353
0.042489 -0.03472 0.001421
-0.027252 0.089116 0.135456
-0.069812 0.063351 0.146973
-0.01833 0.090456 0.075459
-0.019558 0.097044 0.104335
-0.023517 -0.051484 0.103626
0.051921 -0.036593 0.068485
0.071882 -0.001333 0.016973
-0.084326 0.023755 -0.005609
-0.055251 -0.042619 0.020074
0.061098 -0.021791 0.149955
-0.037525 -0.047799 0.141789
-0.039755 -0.037074 -0.007281
0.054544 -0.033705 -0.006162
0.074495 0.01795 0.039826
0.072355 0.000559 -0.001864
0.04765 0.078465 0.021605
-0.004034 0.098385 0.071777
0.05619 0.067908 -0.006875
-0.074043 -0.056509 0.110827
0.060986 0.051126 0.015454
-0.069546 -0.014616 0.089844
-0.007645 -0.053834 0.075459
-0.030866 0.09406 0.071777
-0.078054 0.0502 0.032639
0.040765 -0.038228 0.034718
0.035019 0.08759 0.000909
-0.054525 -0.043251 0.004258
0.062697 -0.022776 0.078432
0.064924 -0.001349 0.103626
-0.078382 0.044129 0.149955
-0.051796 -0.048488 0.127674
0.064661 -0.019404 0.115556
-0.075553 0.05549 0.098756
-0.064014 -0.066363 0.097663
0.072782 0.002463 0.105881
-0.084468 0.019856 0.034619
0.066819 0.005555 0.047292
-0.038108 0.091161 0.041335
0.013583 0.089437 0.1162
0.043162 -0.044342 0.023909
0.042842 -0.016702 -0.001798
0.02631 0.09197 0.002512
-0.082318 0.000515 0.047516
0.055764 -0.022751 0.135456
0.051889 0.074432 0.053782
-0.053135 0.082148 0.021605
-0.041695 -0.05566 0.042098
0.028094 0.09118 0.111934
-0.084179 0.012061 0.004258
-0.029014 0.094672 0.016973
-0.073013 -0.062959 0.059451
0.053235 0.073019 0.100827
0.074014 0.027687 0.081724
-0.062561 -0.034284 0.052901
0.074014 0.027687 0.045843
-0.043384 -0.051567 0.126659
-0.073597 -0.051686 0.043475
0.074206 0.025746 0.105881
-0.06595 -0.020783 0.089844
-0.064589 -0.061192 0.125642
0.060042 -0.016864 0.141789
0.011939 0.090265 0.023954
-0.032703 0.093402 0.081724
-0.032703 0.093402 0.045843
0.064111 0.013046 -0.00044
-0.061894 0.074399 -0.004903
-0.04702 -0.059813 0.027655
0.05582 0.070097 0.12199
0.001856 -0.060289 0.113674
0.071362 -0.003214 0.117573
-0.059103 0.077125 0.100827
0.013402 -0.058428 0.093833
-0.062422 -0.048568 0.125942
-0.064548 0.07154 0.010248
0.019041 -0.056866 0.028403
0.073459 0.027625 0.144956
-0.073151 0.028141 -0.00044
0.073993 0.027685 0.134879
-0.057644 0.07842 0.134879
-0.032635 -0.055657 0.09916
0.061654 -0.024424 0.100827
0.046214 -0.033544 0.009066
-0.029311 -0.056619 0.032537
0.019631 0.010442 -0.007284
-0.080158 0.04474 0.019287
0.040001 -0.046628 0.02618
-0.061182 -0.038509 0.025895
0.010176 0.090613 0.009066
-0.077264 0.051983 0.098756
0.059421 0.065485 0.117573
0.032361 0.083027 -0.007196
-0.038107 0.091159 0.132156
-0.07643 0.053747 0.039826
-0.051187 0.07959 0.15037
-0.076845 0.00732 0.075459
-0.082365 -0.068336 0.052771
0.043162 -0.044342 0.059171
-0.083987 0.010119 0.081724
0.028135 -0.053355 0.113674
-0.071627 0.062231 0.129469
0.05582 0.070097 -0.003028
-0.080769 0.042887 0.008144
-0.051568 0.083311 0.081724
0.072773 0.035388 0.081724
-0.084183 0.0257 0.111934
-0.075553 0.05549 0.028403
0.014282 -0.025029 -0.001799
-0.042118 0.086322 0.150607
-0.065778 -0.032302 -0.003028
0.038379 -0.047713 0.078432
-0.046704 0.086563 0.124375
-0.082329 0.037247 0.115556
0.02455 -0.054893 0.019287
0.054626 0.017581 -0.001798
0.058286 -0.029209 0.104335
0.009169 0.078587 -0.001798
-0.054978 0.072688 0.015454
0.007618 0.097385 0.078432
-0.079101 0.012444 -0.007196
-0.01377 0.097904 0.006141
0.020852 0.088476 0.141789
0.011763 -0.029611 -0.001799
-0.074414 -0.005004 0.015454
-0.06826 0.067016 0.032639
0.063414 0.038786 0.001421
-0.084468 0.017905 0.068485
-0.054663 -0.049847 0.126817
-0.02163 -0.058719 0.023908
0.037686 -0.037149 -0.007258
-0.078206 0.019781 0.126964
0.064661 -0.019404 0.000909
-0.077756 0.050072 0.142678
0.01525 0.095772 0.032639
0.001811 0.0981 0.093833
-0.037219 -0.053996 0.116295
-0.004278 0.074252 -0.007284
0.050231 0.051865 -0.007284
-0.077394 0.007232 0.023954
0.065825 0.000261 0.126964
-0.013725 -0.060102 0.045813
0.04765 0.078465 0.010248
0.071349 0.041064 0.056371
-0.005985 0.098384 0.032639
0.064064 -0.006741 0.135456
0.038538 0.082383 0.150607
-0.050369 -0.037857 0.004489
0.038341 0.085544 0.05144
-0.025267 0.09576 0.084946
-0.009838 -0.060436 0.038223
0.065639 0.053399 0.146973
0.054545 0.071574 0.11972
0.062674 0.060621 0.10736
0.028094 0.09118 0.030561
0.057016 0.04197 -0.007284
0.055999 -0.020748 0.089844
-0.072317 -0.051863 0.124803
0.059611 0.052442 0.103626
-0.023823 -0.007173 -0.007284
0.057058 0.068589 0.10736
0.01713 0.095252 0.032639
-0.066743 -0.029825 0.105753
-0.067289 -0.019511 0.034718
-0.063697 -0.046989 0.043796
0.074475 0.017951 0.134879
0.001497 0.079657 -0.001748
-0.051401 -0.011258 -0.007284
-0.018289 -0.052657 0.075459
0.074446 0.021852 0.004258
0.026957 -0.046498 0.075459
0.07187 0.039184 0.068485
0.064875 0.046804 -0.007196
-0.06422 -0.036889 0.039661
-0.03882 -0.052899 0.126459
0.022687 0.093418 0.02618
0.070796 -0.005081 -0.005609
0.049685 0.052612 -0.001748
0.045005 -0.034881 0.015454
-0.06938 -0.050205 0.043526
-0.081756 0.002644 -0.006875
-0.064548 0.07154 0.047516
-0.083461 0.006253 0.010248
-0.019518 -0.059243 -0.001864
0.011498 -0.058856 0.016973
0.010279 0.074107 -0.001799
-0.061035 -0.02829 0.009066
-0.045844 -0.063092 0.123808
0.059448 -0.027642 0.02618
-0.064334 -0.033776 0.122253
0.05046 0.075761 0.137581
0.064639 0.057251 0.111934
-0.08308 -0.064515 0.065065
-0.060515 0.075779 0.102668
-0.023375 0.096234 0.062147
0.015294 -0.057953 0.028403
-0.057657 0.078435 0.062147
-0.083127 0.004331 0.12199
-0.002084 0.098338 0.115556
-0.019518 -0.059243 0.044083
-0.027104 -0.057445 0.075106
0.015294 -0.057953 0.002512
-0.002084 0.098338 0.071777
-0.060457 -0.037977 -0.006162
-0.002722 -0.017788 -0.001798
-0.018281 -0.052614 0.089844
0.02863 0.083742 0.047292
0.042678 0.037936 -0.001799
0.038379 -0.047713 0.088061
-0.063367 0.063296 0.023954
-0.015707 0.097665 0.006141
-0.048914 -0.045078 0.149955
-0.015706 0.097665 0.045843
-0.070077 -0.014892 0.023954
-0.084421 0.021806 0.004258
0.069528 -0.00877 0.113674
-0.082329 0.037247 0.000909
-0.066008 -0.0071 -0.001396
-0.021471 0.09666 0.132156
-0.067389 -0.029847 0.134848
0.036731 -0.048757 -0.004903
-0.043334 0.088529 -0.003028
-0.047204 -0.031694 -0.007281
-0.072521 -0.022657 0.106445
0.062674 0.060621 0.034619
-0.07293 -0.065762 0.083106
0.026352 -0.054146 0.081724
0.051631 -0.031132 0.148991
0.003797 -0.060097 0.056371
0.009541 0.097052 0.002512
0.057058 0.068589 0.034619
0.030026 0.067373 -0.007284
-0.039871 0.090326 0.075105
-0.073499 -0.021243 0.030545
0.02085 0.094074 -0.005609
0.024507 0.092716 0.081724
0.041217 0.056524 -0.007284
-0.056181 0.07971 0.11972
0.04765 0.078465 0.047516
-0.069651 -0.018813 0.146215
-0.049348 0.077174 0.009066
-0.08073 0.042874 -0.006162
-0.074898 0.039155 0.075459
-0.057891 -0.040249 0.017876
-0.075628 -0.078542 0.056685
0.035019 0.08759 0.039826
0.007663 -0.059572 0.115556
0.014609 0.093335 0.150607
0.029858 0.090347 0.036486
-0.028603 -0.038175 -0.007284
0.039963 0.084461 0.081724
0.0447 -0.043141 0.071777
0.003052 -0.053394 0.089844
-0.049266 0.080127 0.148991
0.061629 0.062269 0.115556
0.054575 -0.033733 0.068485
0.015266 0.088815 0.075459
0.00753 0.096833 0.144956
-0.048419 -0.061598 0.114607
0.070185 -0.006933 0.071777
0.06881 0.048439 0.081724
-0.017204 0.056255 -0.001798
-0.063239 0.072986 -0.005609
-0.069421 0.065448 0.056371
-0.043164 0.080822 0.089844
-0.037622 -0.054078 0.112384
-0.073205 -0.006476 0.075459
-0.061894 0.074399 0.129469
-0.031332 -0.017568 -0.001798
-0.078264 0.030672 0.141789
0.034806 -0.042224 0.1162
-0.083461 0.006253 0.047516
-0.074549 -0.019356 0.094135
0.064149 0.056981 0.144956
0.051921 -0.036593 0.056371
-0.027147 0.095239 -0.005609
0.02273 -0.055596 0.056371
-0.059236 -0.072452 0.122746
-0.015707 0.097665 0.014682
-0.070511 0.025895 -0.007281
-0.081335 0.04102 0.041335
0.010916 -0.0482 -0.00044
-0.071185 -0.024684 0.13758
-0.030729 -0.032261 -0.001799
0.012332 -0.053927 0.146215
-0.060515 0.075779 -0.004903
0.007522 -0.058695 0.146973
-0.068257 0.067014 0.132156
-0.052597 0.081442 0.146973
-0.023375 0.096234 0.04429
0.026543 0.076462 -0.001396
0.066068 0.035799 0.047292
-0.057657 0.078435 0.04429
-0.069287 0.065351 0.1402
-0.013768 0.097883 0.134879
-0.063523 -0.035912 0.037052
-0.054816 -0.009337 -0.001799
-0.080158 0.04474 0.042806
0.020893 -0.056253 0.021605
0.071882 -0.001333 0.032639
-0.066592 0.023436 -0.007284
-0.076036 -0.013669 0.14867
-0.074379 0.040865 0.103626
-0.046902 -0.055319 0.125542
-0.071725 0.060013 -0.006875
0.051889 0.074432 0.078432
0.055131 -0.022317 0.061074
-0.053175 -0.07348 0.120157
0.033217 -0.043057 0.004489
-0.044977 -0.049764 0.057599
0.043162 -0.044342 0.05144
0.0316 0.08947 0.053782
-0.081638 -0.061986 0.102925
-0.06706 0.068554 0.126871
-0.059103 0.077125 0.016973
0.07187 0.039184 0.036486
-0.082621 0.029425 -0.006875
0.0316 0.08947 0.091035
-0.066625 -0.029854 0.104072
-0.06951 0.05234 0.004489
-0.061514 -0.036955 0.042444
-0.032245 -0.04404 -0.007281
0.064356 0.057095 0.142678
0.061654 -0.024424 0.016973
0.02455 -0.054893 0.042806
-0.041614 0.089449 -0.005609
0.001811 0.098099 0.102668
-0.059895 0.075144 0.146973
0.067067 -0.007885 -0.007075
-0.056889 0.05114 -0.001748
-0.05915 -0.069033 0.100112
-0.084419 0.015955 0.021605
-0.046371 0.076332 -0.007258
0.00569 -0.059538 0.142678
0.063235 -0.010318 0.141789
-0.040101 0.082658 0.103626
0.019041 -0.056866 0.102668
-0.052147 0.069641 -0.007281
0.020697 -0.050133 0.135456
0.074014 0.027687 0.10736
-0.082746 0.002418 0.049364
0.040001 -0.046628 0.045843
-0.029014 0.094672 0.032639
-0.078368 0.021585 0.015454
-0.021472 0.096662 0.041335
0.060571 -0.026047 0.02618
0.003115 -0.053918 0.009066
0.070936 0.034999 0.149955
-0.032703 0.093402 0.10736
0.035409 -0.046612 0.150607
0.064661 -0.019404 0.039826
0.035628 -0.046968 -0.007075
-0.057893 -0.04432 0.022902
-0.054995 -0.037733 0.148991
-0.014912 -0.039847 -0.007284
-0.049676 0.036343 -0.001799
0.038341 0.085544 -0.000551
-0.035642 -0.048074 0.135456
0.073488 0.031553 0.096418
0.066501 0.014556 0.001421
-0.053924 -0.042593 0.146978
0.014218 0.033523 -0.001798
-0.074349 0.05705 -0.006577
-0.044416 -0.048795 -0.006875
-0.066029 -0.083496 0.096667
0.013305 0.088868 -0.007258
-0.042558 -0.048977 0.149955
-0.084468 0.019856 0.019287
-0.061217 -0.035716 0.097519
-0.054515 -0.052069 0.023197
-0.030824 -0.05627 0.086031
0.044145 -0.042449 0.146973
-0.060809 0.065847 0.1162
-0.073573 -0.021059 0.042496
-0.00789 -0.060531 0.02618
-0.083987 0.010119 0.10736
-0.079615 -0.006795 0.144956
0.063677 0.058948 0.108826
0.072773 0.035388 0.10736
-0.052945 -0.044153 0.085763
-0.027104 -0.057446 0.061253
0.00359 -0.058231 0.149955
-0.084468 0.017905 0.056371
0.066723 0.00374 0.009066
-0.063052 -0.04037 0.12401
0.029858 0.090347 0.065263
-0.076199 0.033958 0.075459
-0.072388 0.03489 -0.007281
-0.079389 0.010631 0.146215
-0.083135 0.03343 0.062147
-0.078054 0.0502 0.014682
0.069512 0.046619 0.098756
0.041559 0.083338 -0.001864
0.07229 0.004538 0.146973
0.033965 -0.04427 0.141789
0.037925 -0.040429 0.126964
-0.07281 -0.082667 0.076198
0.066457 -0.015941 0.096418
-0.080158 0.04474 0.100827
-0.061181 0.066158 0.015454
0.074014 0.027687 0.034619
0.059192 0.054255 0.009066
0.002749 -0.05001 -0.00044
0.029842 0.090316 -0.006162
0.05707 -0.030735 0.134879
-0.032703 0.093402 0.034619
-0.068296 -0.022329 0.148991
0.058259 0.067052 0.12199
-0.053135 0.082148 0.053782
0.022687 0.093418 0.045843
0.074019 0.010165 0.030561
-0.082329 0.037247 0.039826
-0.059056 -0.039359 -0.003028
-0.072508 -0.022628 0.045201
0.07187 0.039184 0.056371
0.02455 -0.054893 0.100827
-0.079179 -0.059584 0.045235
0.019041 -0.056866 -0.004903
0.036692 0.086587 0.062147
-0.041383 -0.052393 0.124904
0.059448 -0.027642 0.045843
-0.002288 -0.053789 0.089844
-0.072536 -0.008121 0.004489
-0.066719 -0.059536 0.125419
-0.083428 0.008227 0.142678
0.015294 -0.057953 0.102668
-0.083468 0.031508 0.108826
-0.007697 -0.055264 0.141789
-0.05592 -0.041615 0.082476
-0.083987 0.010119 0.034619
-0.084419 0.015955 0.010248
-0.014822 -0.053669 0.009066
0.072345 0.037291 0.006141
-0.084183 0.0257 0.110332
0.072773 0.035388 0.034619
0.074203 0.025746 0.132156
-0.056181 0.07971 0.098756
-0.064981 0.060039 0.089844
0.011454 0.096672 0.075105
0.06558 -0.017684 0.096418
0.07187 0.039184 0.065263
-0.073519 -0.077217 0.110841
0.033751 0.085412 0.150607
-0.069515 0.060857 0.150607
-0.081322 -0.003257 0.02618
-0.080679 -0.077681 0.076135
0.000315 -0.032562 -0.007284
-0.025267 0.09576 0.105881
0.011498 -0.058856 0.032639
-0.035928 -0.053307 -0.006875
-0.076658 -0.054631 0.044586
-0.078057 -0.006286 -0.007075
0.044664 0.080976 0.129469
-0.081855 0.03914 0.068485
0.069512 0.046619 0.028403
-9e-05 -0.060433 0.113674
-0.079053 0.014332 -0.007196
0.009541 0.097052 0.102668
-0.056361 0.053202 -0.007284
-0.043231 -0.043203 0.1162
0.068385 0.021626 0.015454
0.009585 -0.059237 0.053782
0.063052 -0.008288 0.009066
0.006333 0.08923 0.001421
0.069512 0.046619 0.002512
0.009585 -0.059237 0.091035
0.068062 0.050242 0.11972
-0.07144 -0.024457 0.037948
-0.052949 -0.073883 0.048118
0.06811 0.023415 0.009066
-0.060515 0.075779 0.129469
-0.083748 0.008183 0.12199
0.074353 0.014052 -0.004042
0.000959 0.0902 -0.007258
-0.025678 0.090177 0.141789
0.043126 0.082176 0.02618
-0.058853 -0.033609 -0.007196
-0.074634 0.057211 0.000909
-0.069861 -0.0464 0.041236
-0.075506 -0.017743 0.006141
-0.067337 0.057298 0.126964
-0.029871 -0.035466 -0.007284
-0.01377 0.097904 0.104335
-0.056562 -0.074334 0.037347
-0.048352 0.085519 0.129469
0.041829 -0.036681 0.004489
0.026352 -0.054146 0.10736
0.033321 0.088551 0.062147
-0.080756 -0.005124 0.113674
0.05582 0.070097 0.023909
0.013525 -0.051249 0.004489
0.017174 -0.057433 0.021605
-0.049974 0.084435 0.075105
-0.032635 -0.055657 0.051221
-0.051665 -0.04571 0.135974
0.071543 0.039097 -0.006577
-0.077736 0.02695 0.034718
0.024507 0.092716 0.10736
-0.046693 -0.048083 0.144992
-0.043639 -0.050702 0.04657
0.054575 -0.033733 0.056371
-0.084183 0.0257 -0.001864
0.056213 0.007178 -0.001748
0.043162 -0.044342 -0.000551
0.01542 0.089348 0.023954
0.065825 0.037589 0.009066
0.032006 -0.044526 0.015454
0.018991 0.094666 0.134879
0.010108 -0.052299 0.103626
0.054346 0.061815 0.126964
-0.000135 0.098243 0.062147
0.052572 -0.012626 -0.001396
-0.076817 -0.011914 0.14867
0.00819 -0.02138 -0.007284
-0.071452 -0.019888 0.150607
-0.018088 -0.00359 -0.007284
0.029021 0.080986 -0.007258
-0.084326 0.023755 0.021605
0.072345 0.037291 0.014682
0.039963 0.084461 0.10736
-0.064439 0.061849 0.023954
0.064639 0.057251 0.110332
-0.002084 0.098338 0.117573
-0.026968 0.088172 0.004489
-0.071946 -0.01179 0.135456
0.030619 0.066732 -0.001798
0.072885 0.033421 -0.006577
0.01713 0.095252 0.014682
0.074041 0.025731 0.1402
0.027765 -0.052548 0.146973
-0.073715 -0.018968 -0.006875
0.05562 -0.029575 0.149955
-0.053403 -0.050663 0.126799
0.06881 0.048439 0.10736
-0.035175 0.080712 -0.00044
0.036692 0.086587 0.04429
0.037355 -0.046139 0.149955
-0.060463 0.04728 -0.001748
0.063084 -0.012252 0.146215
-0.005953 0.095865 0.150607
0.074353 0.014052 0.012434
0.015294 -0.057953 -0.004903
0.041863 -0.036744 0.089844
-0.033666 0.085754 0.089844
-0.039871 0.090326 0.124375
-0.084419 0.015955 0.047516
0.051193 0.007751 -0.001799
0.067427 0.007273 0.023954
0.062221 0.043907 0.001421
0.055573 0.069889 0.142678
0.062674 0.060621 0.019287
-0.065329 -0.032538 0.028387
-0.014879 -0.054088 0.135456
0.0316 0.08947 0.078432
-0.066095 -0.031103 0.110068
0.057058 0.068589 0.019287
0.065934 0.053543 0.144956
-0.058849 -0.039107 -0.006577
0.072782 0.002463 0.02618
-0.003988 -0.060578 0.108826
-0.07639 -0.015954 0.049269
0.05582 0.070097 0.059171
-0.073672 -0.012582 0.148991
0.020882 -0.056221 -0.006162
0.003797 -0.060097 0.111934
-0.083399 0.031497 0.137581
-0.080143 -0.006976 0.004258
0.066437 0.053788 0.113674
-0.002544 -0.020668 -0.007284
0.034066 -0.041132 0.001421
-0.07572 -0.011442 0.150607
-0.066622 -0.030205 0.060285
-0.078145 0.023374 0.009066
-0.046411 0.079246 0.034718
-0.065822 0.070062 0.096418
-0.084468 0.019856 0.042806
-0.056365 -0.076138 0.087786
-0.053036 -0.073167 0.113489
0.052998 0.072799 0.142678
0.024507 0.092716 0.034619
0.007663 -0.059572 0.117573
0.060545 0.063891 0.016973
-0.050506 -0.00569 -0.007284
-0.007935 0.098336 -0.001864
0.068071 0.038181 0.148991
0.070185 -0.006933 0.117573
-0.011295 0.091878 0.009066
-0.075949 0.00922 0.001421
0.061629 0.062269 0.117573
0.074206 0.025746 0.02618
0.064639 0.057251 -0.001864
-0.080161 -0.063363 0.079404
-0.059103 0.077125 0.032639
0.02631 0.09197 0.129469
0.048294 0.068427 0.089844
0.060571 -0.026047 0.045843
0.026351 -0.054143 0.132156
0.016975 0.088296 0.103626
-0.075145 -0.056163 0.112328
-0.051528 0.083254 0.137581
-0.011829 0.098096 0.049364
-0.035411 0.058867 -0.007284
0.061654 -0.024424 0.032639
0.033321 0.088551 0.04429
-0.066573 0.045407 -0.001396
-0.07267 0.060582 0.096418
-0.069421 0.065448 0.111934
-0.052706 0.013987 -0.001799
0.032885 -0.049826 -0.006875
-0.082463 -0.066013 0.054905
-0.046704 0.086563 0.012434
-0.043334 0.088529 0.023909
-0.004034 0.098385 0.11972
0.005257 0.094484 0.15037
0.028094 0.09118 0.12199
0.06378 -0.000837 -0.007258
0.019071 0.083532 -0.00044
0.063947 -0.004789 0.061074
-0.030866 0.09406 0.11972
-0.083127 0.004331 0.023909
0.066677 0.005582 0.061074
0.051921 -0.036593 0.111934
0.001811 0.098099 0.129469
-0.000135 0.098243 0.04429
0.028482 0.062992 -0.007284
-0.005876 -0.055308 0.141789
0.017174 -0.057433 0.010248
0.074446 0.021852 0.124375
-0.066943 -0.041497 0.040429
-0.005939 -0.060579 0.115556
-0.068615 -0.018205 0.135456
-0.00789 -0.060531 0.045843
-0.073199 -0.016542 -0.007075
0.049589 0.072186 0.15037
0.04765 0.078465 0.078432
-0.029107 -0.051275 -0.007196
-0.084326 0.023755 0.010248
0.058019 0.055648 0.1162
-0.075173 0.043026 0.141789
-0.011738 -0.059735 0.144956
-0.031994 -0.048687 0.075459
-0.082839 0.03338 -0.006577
0.061161 0.061964 0.144956
0.029898 -0.05252 -0.001864
0.042919 0.026625 -0.007284
-0.079486 -0.008813 0.126871
-0.052782 -0.044236 0.142814
-0.019514 -0.059245 -0.004042
0.065807 0.030315 0.001421
0.020893 -0.056253 0.053782
-0.0482 0.085291 -0.006577
-0.069965 0.052593 0.034718
-0.084421 0.021806 0.124375
-0.081843 -0.001377 0.081724
-0.071427 -0.024237 0.106684
0.056042 0.03149 -0.001748
0.066673 0.016284 0.001421
0.031641 -0.051642 -0.000551
0.036731 -0.048757 0.036486
-0.053135 0.082148 0.078432
0.055587 0.069907 -0.006577
0.050542 -0.037973 0.041335
0.068976 0.032639 -0.007196
-0.030761 0.093754 0.142678
-0.051433 -0.065422 0.02852
0.050509 0.075811 0.04429
-0.030375 0.003249 -0.001798
0.053276 -0.0254 0.034718
-0.043334 0.088529 0.059171
-0.078054 0.0502 0.084946
-0.056531 0.064454 -0.00044
0.07421 0.012106 0.068485
0.070796 -0.005081 0.021605
-0.083127 0.004331 0.059171
0.040001 -0.046628 0.034619
0.003032 0.091398 0.1162
-0.084468 0.019856 0.100827
0.048525 -0.038668 0.146973
-0.076403 -0.015986 0.002512
0.020292 0.062304 -0.007284
-0.069616 0.042961 -0.00044
0.067271 0.052025 0.075105
0.068062 0.050242 0.098756
-0.061496 -0.041113 0.025045
-0.03738 -0.053405 0.01465
-0.059466 -0.060957 0.024346
0.048258 0.057272 -0.001396
0.043026 0.082044 0.1402
-0.015706 0.097665 0.091035
-0.084183 0.0257 -0.003028
-0.007429 0.058474 -0.007284
-0.083754 0.029578 0.093833
0.067946 0.018029 0.1162
-0.074634 0.057211 0.039826
-0.019558 0.097044 -0.005609
-0.081322 -0.003257 0.081724
0.048876 0.076914 -0.006577
-0.081322 -0.003257 0.045843
0.039458 0.077353 0.015454
0.031808 -0.044187 0.047292
-0.047168 -0.051869 0.126533
0.051361 0.066343 0.135456
0.051921 -0.036593 0.030561
-0.030156 0.012262 -0.007284
0.017174 -0.057433 0.047516
0.003794 -0.06006 -0.006162
-0.074856 0.039143 0.089844
-0.049341 0.077165 0.126964
-0.005939 -0.060579 0.000909
0.072355 0.000559 0.071777
-0.033625 0.085695 0.004489
-0.070341 -0.025835 0.082272
0.009585 -0.059237 0.078432
-0.048294 -0.047706 -0.006162
-0.050795 -0.066769 0.114513
0.069512 0.046619 0.102668
-0.081855 0.03914 0.056371
-0.079501 0.046577 0.004258
-0.078896 -0.062803 0.120217
0.013571 0.089393 0.061074
0.045955 0.009859 -0.007284
-0.041432 -0.047279 0.148991
-0.084468 0.017905 0.111934
-0.078782 -0.010633 0.016973
0.066469 0.003797 0.047292
-0.055363 -0.074661 0.101328
-0.04894 -0.048547 0.106256
-0.084326 0.023755 0.047516
-0.073521 -0.021221 0.032607
0.043126 0.082176 0.045843
0.074014 0.027687 0.019287
0.015294 -0.057953 0.129469
-0.04549 -0.050246 0.128609
-0.079493 -0.004724 0.14867
0.041595 -0.045505 0.049364
0.074353 0.014052 0.008144
0.071051 -0.003124 0.142678
-0.061825 -0.036652 -0.001864
0.02085 0.094074 0.021605
0.06474 0.018016 -0.00044
0.047575 -0.040505 0.1402
0.07017 0.044783 0.004258
-0.035328 0.077097 -0.001396
-0.032703 0.093402 0.019287
-0.036325 0.091952 0.108826
-0.021882 0.089957 0.047292
-0.028971 -0.056879 0.071473
-0.079705 0.014291 0.146215
-0.062215 -0.036834 0.028916
0.073611 0.029601 0.1402
-0.074777 -0.060063 0.05419
-0.079639 -0.058987 0.053026
-0.077175 0.032323 0.015454
-0.078031 -0.012438 0.016973
0.062674 0.060621 0.042806
0.011454 0.096672 0.124375
-0.078034 -0.012435 0.03822
-0.055514 -0.077067 0.104354
-0.028111 -0.048378 0.001421
-0.051725 -0.071749 0.11771
0.057058 0.068589 0.042806
-0.057624 -0.038094 0.149955
-0.061668 -0.033782 -0.007075
-0.017592 -0.059578 -0.003028
0.009541 0.097052 0.129469
-0.082755 0.035344 0.126871
-0.063239 0.072986 0.021605
0.06729 -0.014177 0.049364
0.05582 0.070097 0.05144
-0.075553 0.05549 0.068485
-0.019633 -0.059159 0.124377
0.07187 0.039184 0.111934
0.064639 0.057251 -0.003028
-0.07382 0.042561 0.075459
0.059448 -0.027642 0.034619
-0.083987 0.010119 0.019287
0.052496 -0.020573 -0.00044
-0.027147 0.095239 0.021605
0.027968 0.049534 -0.001799
0.003752 0.097909 0.016973
0.072773 0.035388 0.019287
-0.027411 -0.023505 -0.001799
-0.013709 0.097348 0.144956
0.015379 0.089206 0.034718
0.01525 0.095772 0.084946
-0.078054 0.0502 0.038223
0.068532 0.001466 0.148991
0.018997 0.094686 0.115556
0.018684 -0.016255 -0.007284
0.027025 -0.026123 -0.001799
-0.005978 0.097826 0.144956
-0.057067 -0.031943 0.103626
-0.002038 -0.06053 0.093833
-0.073673 0.058908 0.010248
-0.0788 0.048397 0.115556
-0.043623 0.058542 -0.007284
-0.041824 -0.044344 0.034718
0.038341 0.085544 0.098756
0.047684 -0.040629 0.108826
-0.051569 0.083311 0.006141
-0.072576 0.045911 0.075459
-0.070387 -0.01304 0.103626
0.061702 -0.011619 0.023954
-0.082755 0.035344 0.038223
0.029858 0.090347 0.030561
0.072345 0.037291 0.084946
-0.025249 0.095692 0.137581
0.058286 -0.029209 -0.005609
0.036731 -0.048757 0.065263
-0.062406 -0.036225 0.02877
-0.077233 -0.014227 0.012434
0.046172 0.079739 0.038223
0.01713 0.095252 0.084946
-0.077989 0.025164 0.009066
0.072782 0.002463 0.045843
-0.046704 0.086563 0.008144
0.009585 -0.059237 0.088061
-0.049974 0.084435 0.124375
0.065583 -0.013396 0.149955
-0.017477 -0.058683 0.146973
-0.062088 -0.034705 0.043036
-0.05365 0.076704 0.148991
0.07421 0.012106 0.036486
0.074495 0.019901 0.081724
0.069512 0.046619 -0.004903
-0.024374 0.077553 -0.007284
-0.023375 0.096234 0.104335
-0.004034 0.098385 0.098756
-0.060466 0.075729 0.137581
-0.057657 0.078435 0.104335
-0.077264 0.051983 0.068485
-0.053201 0.076171 0.146215
0.062697 -0.022776 0.062147
-0.030866 0.09406 0.098756
0.074448 0.016 0.038223
-0.041614 0.089449 0.021605
-0.032271 0.087075 0.015454
-0.067121 -0.030206 0.038848
-0.062227 -0.035546 0.142681
-0.050699 -0.051812 0.022983
-0.066356 -0.048391 0.125393
0.0447 -0.043141 0.11972
-0.054673 0.080948 0.129469
0.074206 0.025746 0.045843
0.036421 0.079295 0.126964
-0.050401 -0.06636 0.125209
0.001172 -0.004434 -0.001798
0.070185 -0.006933 0.11972
0.036738 -0.03883 0.001421
-0.082862 -0.06372 0.065496
0.053881 0.070986 0.146973
-0.040898 -0.04986 0.149955
0.073162 0.004376 0.038223
0.028768 -0.046102 0.009066
0.054575 -0.033733 0.111934
0.056013 0.058613 0.075459
-0.031994 -0.048686 0.103626
0.063388 -0.00649 0.1162
0.02085 0.094074 0.010248
-0.020378 0.091506 0.141789
-0.063498 -0.057233 0.126009
0.060545 0.063891 0.032639
-0.055117 0.015809 -0.007284
0.017174 -0.057433 0.053782
-0.045405 -0.057529 0.042932
-0.046704 0.086563 0.126871
0.053235 0.073019 0.006141
-0.056194 -0.076972 0.088549
-0.079501 0.046577 0.075105
0.013358 0.096245 0.075105
0.062674 0.060621 0.100827
0.07187 0.039184 0.030561
-0.037819 -0.048371 0.146215
-0.009556 -0.055818 0.146215
0.073488 0.031553 0.075105
0.038341 0.085544 0.028403
-0.049076 0.076816 0.075459
0.057058 0.068589 0.100827
-0.051569 0.083311 0.014682
0.055356 0.060328 0.034718
0.064673 -0.005039 0.135456
-0.071601 -0.024464 -0.004042
-0.043334 0.088529 0.05144
0.074019 0.010165 0.12199
-0.06826 0.067016 0.038223
0.019041 -0.056866 0.036486
-0.075201 -0.017607 0.142678
-0.015706 0.097665 0.019287
-0.064627 -0.033472 0.030486
-0.076734 0.003693 0.023954
-0.07234 -0.023036 0.021605
-0.032872 0.046594 -0.001798
-0.083127 0.004331 0.05144
0.018997 0.094686 0.000909
-0.040197 -0.052937 0.109916
-0.063239 0.072986 0.010248
-0.064548 0.07154 0.041335
0.009298 0.095749 0.14867
-0.073673 0.058908 0.047516
-0.0788 0.048397 0.000909
0.050509 0.075811 0.108826
0.071349 0.041064 -0.001864
0.044364 0.064774 -0.001396
0.020574 -0.049802 0.009066
0.01525 0.095772 0.038223
0.031641 -0.051642 0.11972
0.061601 0.06225 -0.006162
-0.052368 -0.06512 0.045725
-0.027147 0.095239 0.010248
-0.065268 -0.031259 0.102773
0.058368 0.055852 0.023954
-0.005985 0.098384 0.038223
0.027665 -0.052356 -0.006875
-0.068764 -0.066494 0.064936
0.020893 -0.056253 0.078432
-0.05464 -0.046571 0.045935
-0.071011 -0.054512 0.111298
0.005733 -0.059858 0.049364
0.022687 0.093418 0.053782
0.038379 -0.047713 0.062147
0.003797 -0.060097 0.110332
-0.072348 -0.023007 0.134879
-0.041566 -0.050587 0.146975
0.022687 0.093418 0.091035
0.024507 0.092716 0.019287
-0.066188 -0.025393 0.148991
-0.027136 0.0952 -0.006162
-0.075553 0.05549 0.036486
0.007618 0.097385 0.062147
-0.035277 -0.047279 0.103626
-0.028895 -0.056922 0.043078
-0.061863 0.071708 0.149955
-0.019456 0.096494 0.144956
0.06808 -0.012393 0.12199
-0.071152 -0.024598 0.1402
0.021771 -0.048281 -0.007258
-0.037445 -0.053838 0.034252
-0.055054 -0.061954 0.125849
0.062697 -0.022776 0.04429
0.067124 0.007322 0.047292
-0.048349 -0.018516 -0.001799
-0.072917 -0.050465 0.118384
0.047452 -0.009387 -0.007284
-0.005939 -0.060579 0.039826
-0.084256 0.02375 0.137581
-0.044276 0.082626 0.146215
0.001856 -0.060289 0.096418
-0.081843 -0.001377 0.10736
-0.084419 0.015955 0.078432
0.074014 0.027687 0.042806
-0.03038 -0.049471 0.1162
0.053235 0.073019 0.014682
-0.025661 -0.057649 0.129469
-0.069421 0.065448 0.110332
-0.030865 0.088462 0.141789
-0.073661 -0.057756 0.124149
0.02455 -0.054893 0.032639
-0.06676 0.040135 -0.007281
-0.039739 -0.052339 0.021694
-0.032703 0.093402 0.042806
0.005679 0.097601 0.137581
-0.082312 0.02554 0.149955
-0.025378 -0.057853 0.006141
-0.084179 0.012061 -0.004042
-0.066006 -0.031552 0.019299
-0.009498 0.092 0.009066
-0.027102 -0.057448 0.097719
0.069656 -0.006752 0.144956
0.02085 0.094074 0.047516
0.051921 -0.036593 0.110332
-0.059103 0.077125 0.014682
-0.005939 -0.060579 0.117573
0.026046 0.059783 -0.001799
-0.080769 0.042887 0.113674
0.043162 -0.044342 0.098756
0.07421 0.012106 0.065263
0.045509 0.073292 0.141789
-0.083093 0.004338 -0.006162
-0.027104 -0.057446 0.064568
0.035058 -0.04976 0.004258
-0.05377 -0.046017 0.022496
0.028135 -0.053355 0.096418
0.061654 -0.024424 0.014682
-0.030825 -0.056275 0.092771
-0.067765 0.032845 -0.007284
-0.034523 0.092699 0.049364
-0.077264 0.051983 0.036486
-0.00789 -0.060531 0.034619
0.003797 -0.060097 -0.001864
0.05582 0.070097 -0.000551
-0.081322 -0.003257 0.10736
-0.015587 0.096785 0.146973
0.066457 -0.015941 0.016973
-0.063239 0.072986 0.047516
-0.083461 0.006253 0.041335
-0.083987 0.010119 0.042806
-0.078054 0.0502 0.105881
0.068049 -0.01238 -0.006162
0.072773 0.035388 0.042806
0.051032 -0.028205 0.034718
-0.051568 0.083311 0.042806
-0.076729 -0.013991 0.144956
-0.015675 -0.059854 0.006141
-0.030825 -0.056271 0.089484
-0.047629 0.084409 0.14867
0.073607 0.01989 0.146973
-0.083992 0.027642 0.053782
-0.027147 0.095239 0.047516
-0.054065 -0.04913 0.045984
-0.078034 -0.012433 0.068481
-0.083992 0.027642 0.091035
0.067271 0.052025 0.124375
-0.072387 -0.010012 0.023954
-0.034483 -0.054914 0.086377
-0.045415 -0.049855 0.022088
-0.009456 -0.054185 0.126964
0.050719 -0.027942 0.103626
-0.051447 -0.045412 0.078707
0.038379 -0.047713 0.04429
-0.084179 0.012061 0.012434
-0.065694 -0.014615 -0.00044
-0.069421 0.065448 -0.001864
-0.078782 -0.010633 0.032639
-0.05754 -0.076664 0.042691
0.040001 -0.046628 0.019287
0.070782 0.042931 0.041335
-0.067069 0.05291 -0.007258
0.053266 -0.035179 0.12199
0.007618 0.097385 0.04429
0.051919 -0.036591 0.132156
-0.051378 -0.045318 -0.006577
0.02273 -0.055596 -0.001864
0.058534 0.06483 -0.006875
0.019041 -0.056866 0.065263
0.050578 -0.027809 0.004489
-0.024628 -0.055495 0.150607
-0.036577 -0.046149 -0.007258
0.049096 0.077155 0.093833
0.073125 0.004382 -0.006162
-0.064544 0.017176 -0.007284
-0.078499 0.048277 0.142678
0.06558 -0.017684 0.016973
-0.083135 0.03343 0.104335
-0.015706 0.097665 0.088061
0.043162 -0.044342 0.028403
-0.064254 -0.032358 0.045259
-0.078279 0.021582 0.023954
0.041462 0.083204 0.1402
-0.070507 -0.005473 -0.00044
0.028094 0.09118 0.023909
-0.031824 0.091041 0.150607
-0.041633 -0.051412 0.020503
-0.015493 -0.058544 0.14867
0.070796 -0.005081 0.053782
0.005688 0.09767 0.126871
-0.041979 0.082333 0.015454
-0.081322 -0.003257 0.034619
-0.074056 0.042642 0.047292
0.0447 -0.043141 0.098756
0.074014 0.027687 0.100827
0.071882 -0.001333 0.038223
0.020906 -0.025411 -0.001799
-0.062216 -0.035258 0.144956
0.050217 0.003637 -0.001799
-0.046631 -0.048733 0.057877
0.022033 0.091657 0.149955
-0.075553 0.05549 0.065263
0.013402 -0.058428 0.004258
0.039055 0.003766 -0.001799
-0.074563 -0.019392 0.107558
-0.078654 -0.008504 -0.006875
-0.032703 0.093402 0.100827
-0.044369 -0.049998 0.016132
-0.062815 0.067533 0.148991
0.003752 0.097909 0.032639
-0.071176 -0.024768 0.132155
0.074446 0.021852 -0.004042
0.029502 -0.043644 0.001421
-0.077207 -0.014201 -0.006162
-0.081855 0.03914 0.111934
-0.084468 0.017905 0.110332
0.036692 0.086587 0.104335
-0.040611 0.001503 -0.007284
0.039818 -0.046362 0.142678
0.069528 -0.00877 0.096418
0.006598 -0.052961 0.004489
-0.083863 0.021786 0.144956
0.060571 -0.026047 0.053782
-0.081335 0.04102 0.108826
0.005688 0.09767 0.038223
0.060571 -0.026047 0.091035
-0.06826 0.067016 0.105881
-0.078034 -0.012433 0.081729
-0.078044 -0.000375 0.148991
-0.072562 -0.022696 0.071634
-0.084014 0.012075 0.1402
-0.063369 -0.034101 0.11278
-0.030823 -0.056268 0.067758
-0.043334 0.088529 -0.000551
-0.065822 0.070062 0.075105
-0.054592 -0.069511 0.1246
-0.083987 0.010119 0.100827
0.041559 0.083338 0.071777
0.01525 0.095772 0.105881
-0.05189 -0.059023 0.044974
0.074495 0.019901 0.10736
-0.029014 0.094672 0.038223
0.018997 0.094686 0.039826
-0.039869 0.061744 -0.001799
-0.015661 -0.059864 0.084992
0.051889 0.074432 0.062147
-0.073557 -0.065779 0.031273
0.072773 0.035388 0.100827
-0.081846 0.035163 -0.006875
-0.032318 -0.049497 0.135456
0.054545 0.071574 0.068485
-0.053456 0.053916 -0.007284
0.028094 0.09118 0.059171
-0.0788 0.048397 0.039826
-0.041655 0.081778 0.075459
0.026352 -0.054146 0.042806
-0.078783 -0.010633 0.088062
-0.084421 0.021806 -0.004042
0.037801 0.084684 -0.006875
0.031641 -0.051642 0.098756
0.059448 -0.027642 0.019287
0.07187 0.039184 0.110332
-0.077264 0.051983 0.065263
0.017174 -0.057433 0.078432
-0.002085 0.098305 -0.006162
-0.04329 -0.050738 0.067638
0.072345 0.037291 0.105881
-0.079152 0.01615 0.141789
0.024507 0.092716 0.042806
-0.00789 -0.060531 0.091035
0.074446 0.021852 0.012434
0.01713 0.095252 0.105881
-0.059824 -0.070181 0.059646
-0.00011 -0.06011 0.142678
0.02024 0.092299 0.149955
0.038341 0.085544 0.102668
0.003136 0.060501 -0.007284
0.039963 0.084461 0.042806
0.043822 -0.036263 0.135456
-0.081542 0.039057 0.142678
-0.071203 -0.081432 0.057073
-0.063239 0.072986 0.053782
-0.06446 -0.028818 0.15037
-0.07773 0.021562 0.004489
-0.084468 0.017905 -0.001864
-0.041899 -0.044472 0.023954
0.073495 0.006298 0.068485
0.033321 0.088551 0.104335
0.073154 0.033475 0.056371
0.065014 -0.00325 0.015454
-0.021472 0.096662 0.108826
-0.000257 -0.057728 -0.007075
-0.00937 0.089912 0.001421
0.062697 -0.022776 0.108826
0.024435 -0.049878 -0.007196
-0.065822 0.070062 0.016973
0.003797 -0.060097 -0.003028
-0.07239 0.060413 -0.006577
-0.046377 -0.041463 0.034718
-0.05501 -0.053847 0.045848
-0.084421 0.021806 0.012434
-0.024447 0.092651 0.15037
-0.046902 -0.059488 0.114606
0.040001 -0.046628 0.088061
-0.076445 -0.056797 0.049232
-0.019304 -0.05792 0.14867
0.041681 0.054431 -0.007284
-0.063108 0.02678 -0.007284
-0.011823 0.098026 0.137581
-0.054178 -0.043138 0.142811
0.048625 0.068734 0.034718
-0.045182 -0.051548 0.126619
-0.079501 0.046577 0.124375
0.013358 0.096245 0.124375
-0.041599 -0.051686 0.096738
0.02387 -0.048361 0.034718
-0.01377 0.097904 -0.005609
0.031641 -0.051642 0.028403
0.036593 -0.048533 -0.006577
0.073488 0.031553 0.124375
-0.07267 0.060582 0.016973
-0.062391 -0.036087 0.124114
-0.056181 0.07971 0.068485
-0.060961 -0.037293 0.012329
-0.041614 0.089449 0.053782
-0.069421 0.065448 -0.003028
0.034977 -0.025349 -0.001798
-0.072619 -0.022797 -0.006162
0.042394 0.039685 -0.007284
0.07017 0.044783 0.124375
0.054575 -0.033733 0.110332
0.013402 -0.058428 0.075105
-0.03494 -0.054941 0.040871
-0.06006 -0.040705 0.023975
0.051889 0.074432 0.04429
0.036569 -0.041631 0.015454
0.051921 -0.036593 -0.003028
-0.041588 -0.051653 -0.003028
0.037854 0.053785 -0.001799
-0.044779 0.08003 0.1162
-0.019558 0.097044 0.021605
-0.084179 0.012061 0.008144
-0.080158 0.04474 0.006141
-0.069272 -0.027767 0.002512
-0.045137 -0.042851 0.135456
0.057086 -0.030747 0.053782
0.026352 -0.054146 0.100827
-0.080769 0.042887 0.093833
0.055169 -0.022343 0.1162
0.011498 -0.058856 0.038223
0.005733 -0.059858 0.002512
0.019356 0.046449 -0.001798
0.040001 -0.046628 0.042806
-0.076808 0.030438 0.089844
0.043126 0.082176 0.053782
-0.080997 0.038914 0.146973
-0.074634 0.057211 0.047516
0.036731 -0.048757 0.030561
0.043126 0.082176 0.091035
0.024507 0.092716 0.100827
0.053235 0.073019 0.084946
0.065305 0.039309 0.034718
0.038341 0.085544 -0.004903
-0.045031 0.087567 0.049364
-0.068731 -0.027967 0.140195
-0.084724 -0.068234 0.089757
-0.067251 -0.049251 0.113167
-0.063052 -0.039262 0.114673
-0.070406 0.050809 0.103626
-0.058505 -0.048636 0.107981
0.039963 0.084461 0.100827
-0.062272 -0.037504 0.029037
-0.059103 0.077125 0.084946
-0.017654 -0.059533 0.014682
-0.032832 -0.055488 0.002512
0.009468 0.085954 -0.007281
0.021851 -0.053234 0.150607
-0.083992 0.027642 0.078432
-0.070857 -0.021711 -0.007075
0.022687 0.093418 0.088061
-0.056811 -0.04522 0.022794
-0.034516 -0.054884 -0.001864
0.061654 -0.024424 0.084946
-0.077553 -0.010141 0.14867
-0.032692 -0.055588 -0.001864
-0.064581 -0.033473 0.037254
-0.080458 0.042785 -0.006577
-0.038201 -0.015711 -0.001799
0.059448 -0.027642 0.088061
-0.078035 0.050192 0.134879
0.001811 0.0981 0.075105
-0.038147 -0.053668 0.03424
0.066457 -0.015941 0.032639
0.029858 0.090347 0.12199
-0.048351 0.085517 0.132156
-0.003988 -0.060575 0.132156
0.063677 0.058948 0.115556
0.054509 0.032809 -0.001748
0.07421 0.012106 0.111934
-0.007935 0.098336 0.071777
-0.080158 0.04474 0.014682
-0.061826 0.064367 0.103626
-0.002132 0.097014 0.14867
0.043162 -0.044342 0.102668
-0.076851 0.030445 0.075459
0.065559 0.05553 0.115556
0.070796 -0.005081 0.078432
0.041518 0.083281 0.137581
0.067216 0.036072 0.141789
-0.034118 -0.053961 -0.006875
-0.032576 0.051078 -0.007284
-0.039871 0.090326 0.126871
-0.029014 0.094672 0.105881
-0.077331 0.026905 0.075459
0.072782 0.002463 0.053782
0.029782 0.074881 -0.007281
-0.083564 -0.068797 0.06182
0.072782 0.002463 0.091035
-0.070544 0.063853 0.108826
0.065497 0.055498 0.137581
0.072355 0.000559 0.11972
0.028094 0.09118 0.05144
-0.071675 0.049426 0.023954
-0.032768 -0.055533 0.000909
-0.056251 -0.033664 0.015454
0.06558 -0.017684 0.032639
-0.052892 -0.044078 0.092201
0.02455 -0.054893 0.014682
0.058286 -0.029209 0.021605
0.059448 -0.027642 0.042806
-0.077236 -0.014207 0.049324
-0.072454 -0.022933 0.032591
-0.084468 0.017905 -0.003028
-0.010912 0.084533 -0.007281
0.074446 0.021852 0.008144
-0.073643 0.014665 -0.00044
0.008401 0.048153 -0.007284
-0.06706 0.068554 0.081724
0.073775 0.029623 0.056371
0.074206 0.025746 0.053782
0.050536 -0.017388 -0.001396
-0.056181 0.07971 0.036486
0.066624 0.003765 0.034718
-0.019558 0.097044 0.010248
0.074206 0.025746 0.091035
-0.075689 -0.074482 0.113062
-9e-05 -0.060433 0.096418
-0.070172 0.052699 0.015454
-0.07643 0.053747 0.041335
0.072773 0.035388 0.016973
-0.051568 0.083311 0.016973
-0.059579 -0.029397 0.061074
-0.083468 0.031508 0.115556
-0.080095 -0.059191 0.114903
0.038378 -0.047711 0.132156
-0.015514 0.084214 -0.007284
-0.076396 -0.015991 0.006141
-0.06186 -0.081113 0.053767
0.029898 -0.05252 0.071777
0.052022 0.064556 0.047292
-0.019515 -0.059244 0.104575
-0.011207 -0.053573 0.089844
0.011432 -0.058563 -0.006577
-0.059103 0.077125 0.038223
-0.030327 -0.049329 0.075459
0.056497 -0.004051 -0.001396
-0.011785 -0.060292 0.036484
0.010963 -0.05651 -0.007075
0.052653 -0.024771 -0.007258
0.0316 0.08947 0.062147
-0.077377 0.001747 -0.007196
0.061654 -0.024424 0.038223
0.054545 0.071574 0.056371
-0.063532 -0.034912 0.119138
0.060545 0.06389 0.115556
0.07187 0.039184 -0.003028
-0.076328 0.04946 0.149955
-0.080756 -0.005124 0.096418
-0.084421 0.021806 0.008144
0.047062 0.0778 0.146973
-0.053648 -0.055112 0.107957
0.026205 0.091716 -0.006577
-0.017636 -0.059546 0.010248
-0.077918 0.017987 0.1162
0.018814 0.088151 0.126964
0.063677 0.058948 0.000909
0.065409 0.053286 -0.006875
-0.074504 -0.01952 0.028398
-0.027254 0.048152 -0.001798
0.07421 0.012106 0.030561
0.067459 0.026958 0.061074
-0.040638 -0.053123 0.043266
-0.063239 0.072986 0.078432
-0.081322 -0.003257 0.019287
-0.06815 -0.028898 0.039002
0.062674 0.060621 0.032639
-0.016508 -0.052767 0.004489
0.043162 -0.044342 -0.004903
0.053141 -0.023086 0.001421
-0.015662 -0.059864 0.04928
0.038181 0.085289 -0.006577
-0.025223 -0.057965 0.082081
-0.046292 -0.054452 0.024257
0.073495 0.006298 0.056371
-0.067667 -0.041892 0.038635
0.022286 -0.044854 -0.00044
0.031956 0.075044 -0.007281
0.035058 -0.04976 0.049364
0.007637 -0.059408 0.1402
-0.063896 0.061457 -0.007258
0.022723 -0.055576 0.134879
-0.081855 0.03914 0.110332
-0.025333 -0.057886 0.004258
-0.040442 -0.041971 -0.007258
-0.028901 -0.056922 0.044435
-0.027064 0.088522 0.047292
0.060571 -0.026047 0.088061
0.051889 0.074432 0.108826
-0.039459 -0.047546 0.146215
-0.028971 -0.056881 0.061005
-0.019558 0.097044 0.047516
0.059448 -0.027642 0.100827
0.041559 0.083338 0.117573
-0.073315 -0.072215 0.118458
0.068062 0.050242 0.068485
-0.082769 -0.074683 0.095322
-0.030269 -0.049142 0.004489
-0.077264 0.051983 0.111934
0.070746 0.04292 -0.006162
0.058286 -0.029209 0.010248
-0.040199 -0.023666 -0.001799
0.068271 0.046158 0.14867
-0.038089 -0.053422 0.053286
-0.015671 -0.059857 0.111955
-0.083468 0.031508 0.000909
0.044664 0.080976 0.093833
-0.017636 -0.059546 0.032629
0.015293 -0.057951 0.132156
-0.057851 -0.067079 0.026362
-0.054822 -0.055035 0.126366
0.019041 -0.056866 0.030561
-0.041614 0.089449 0.078432
0.066537 0.03223 0.004489
0.037895 -0.046969 0.146973
-0.058328 0.068426 0.075459
-0.061995 -0.02675 0.047292
0.032634 -0.027301 -0.007284
0.046207 -0.041903 0.049364
0.054575 -0.033733 -0.003028
-0.051105 -0.070405 0.039767
-0.079486 -0.008813 0.113674
0.026352 -0.054146 0.016973
0.001856 -0.060289 0.075105
-0.00789 -0.060531 0.088061
0.0316 0.08947 0.04429
-0.076496 0.005568 0.089844
0.013699 -0.051909 0.009066
-0.052277 0.075072 0.015454
-0.023359 0.096166 0.137581
-0.003988 -0.060578 0.115556
0.0637 -0.021102 0.071777
0.020843 0.094055 0.134879
0.062043 0.047659 0.1162
-0.053135 0.082148 0.062147
0.024507 0.092716 0.016973
-0.058722 0.076715 0.144956
-0.07267 0.060582 0.032639
0.07435 0.0238 0.056371
-0.076375 -0.016007 0.124376
-0.068198 -0.055973 0.108316
-0.080143 -0.006976 -0.004042
-0.009838 -0.060436 0.034619
-0.051569 0.083311 0.105881
-0.056181 0.07971 0.065263
0.074495 0.019901 0.096418
-0.066024 -0.018731 0.001421
0.060827 -0.013195 0.126964
0.057406 -0.026167 0.150607
-0.075553 0.05549 0.030561
-0.066391 -0.083809 0.068967
0.039963 0.084461 0.016973
0.036612 0.01078 -0.007284
0.039042 0.076823 0.004489
-0.02748 0.032004 -0.007284
0.035019 0.08759 0.041335
0.028135 -0.053355 0.075105
-0.009883 0.09824 0.096418
0.06881 0.048439 0.016973
-0.065154 -0.038295 0.038851
-0.04502 -0.046014 0.15037
-0.060295 -0.03814 0.002512
-0.067759 -0.029526 0.03049
0.039432 0.026063 -0.001798
-0.084468 0.019856 0.006141
0.05582 0.070097 0.028403
0.037347 0.080645 0.146215
-0.041102 0.084477 0.146215
-0.003996 -0.029059 -0.001799
0.01385 0.044979 -0.007284
0.034443 0.086601 -0.006875
-0.044227 -0.050103 0.137967
0.05582 0.070097 0.002512
-0.063124 0.06311 0.047292
0.058231 -0.029167 0.137581
0.035194 -0.019013 -0.001799
0.013402 -0.058428 0.124375
-0.053294 -0.052989 0.126506
-0.078054 0.0502 0.02618
0.060545 0.063891 0.084946
-0.055877 -0.033282 0.061074
0.011454 0.096672 0.126871
-0.023375 0.096234 -0.005609
0.001856 -0.060289 0.016973
0.028094 0.09118 -0.000551
-0.057657 0.078435 -0.005609
-0.078032 -0.012438 0.028403
-0.082439 0.035277 0.142678
0.009585 -0.059237 0.062147
-0.04119 -0.039791 -0.00044
-0.080143 -0.006976 0.012434
-0.025223 -0.057965 0.091829
0.027021 -0.050988 -0.007075
-0.077264 0.051983 0.030561
0.058286 -0.029209 0.047516
-0.081322 -0.003257 0.088061
0.058259 0.067052 0.049364
0.04765 0.078465 0.04429
-0.036532 -0.005112 -0.007284
-0.068069 -0.02915 0.114245
0.053235 0.073019 0.105881
-0.067834 -0.028681 0.09301
0.071362 -0.003214 0.056371
-0.000139 0.098173 0.137581
-0.073725 -0.00667 0.023954
-0.060884 0.06591 0.047292
0.020812 0.083272 -0.00044
-0.054384 -0.034288 0.004489
-0.054191 -0.043965 0.021586
0.038379 -0.047713 0.104335
-0.040741 -0.056761 0.118969
0.005711 -0.059694 0.1402
-0.059103 0.077125 0.105881
-0.06241 -0.058117 0.126073
0.001805 0.09803 0.137581
-0.04241 -0.055185 0.042628
-0.003988 -0.060578 0.000909
0.065359 0.000384 0.089844
0.027861 0.090672 0.144956
-0.009838 -0.060436 0.047515
-0.084323 0.014006 0.004258
0.061654 -0.024424 0.105881
0.030555 0.051939 -0.007284
-0.078033 -0.012432 0.047505
0.059421 0.065485 0.056371
-0.063929 -0.023726 0.089844
-0.017591 -0.059578 0.088176
-0.004034 0.098385 0.068485
0.043126 0.082176 0.088061
-0.082318 0.000515 0.108826
-0.066718 -0.021283 0.135456
-0.053135 0.082148 0.04429
-0.030866 0.09406 0.068485
-0.055745 -0.048071 0.107086
-0.084183 0.0257 -0.000551
-0.084468 0.019856 0.014682
0.067899 0.019819 0.061074
-0.049974 0.084435 0.126871
-0.080158 0.04474 0.084946
0.068062 0.050242 0.036486
0.001811 0.0981 0.124375
-0.062422 -0.070743 0.070957
-0.029013 0.09467 0.132156
-0.046209 0.082226 0.148991
0.060551 0.050914 0.1162
-0.07957 0.012459 0.146215
-0.056303 -0.061498 0.125926
0.063677 0.058948 0.039826
-0.081322 -0.003257 0.042806
-0.066265 -0.031318 0.026181
0.069528 -0.00877 0.075105
-0.041137 -0.051656 0.016611
0.071349 0.041064 0.071777
-0.076949 -0.014079 -0.006577
-0.036363 -0.053039 0.146972
0.074165 0.025743 -0.006162
-0.076407 0.018041 0.001421
0.074353 0.014052 0.113674
-0.04798 -0.053479 0.04484
-0.023382 -0.058401 0.002512
0.02455 -0.054893 0.084946
-0.043365 -0.043421 0.034718
0.041595 -0.045505 0.129469
0.030201 -0.044985 0.1162
0.065079 0.004066 0.001421
-0.06706 0.068554 0.10736
-0.083748 0.008183 0.049364
0.051921 -0.036593 0.023909
-0.073673 0.058908 0.041335
-0.021462 -0.058841 0.002512
-0.043334 0.088529 0.028403
-0.06826 0.067016 0.02618
-0.030917 -0.0562 0.000909
-0.051197 0.073521 -0.007258
-0.083987 0.010119 0.032639
-0.010932 -0.052393 -0.007258
-0.043334 0.088529 0.002512
-0.007935 0.098336 0.117573
0.072773 0.035388 0.032639
-0.083127 0.004331 0.002512
0.009585 -0.059237 0.04429
0.07421 0.012106 0.110332
0.01525 0.095772 0.02618
0.060545 0.063891 0.038223
-0.021069 -0.020311 -0.007284
0.065559 0.05553 0.117573
0.06729 -0.014177 0.129469
0.000133 -0.012855 -0.007284
0.051154 -0.018039 -0.007281
-0.064125 -0.004493 -0.001748
-0.005985 0.098384 0.02618
0.031726 -0.022524 -0.007284
0.061546 0.059926 0.14867
0.072782 0.002463 0.088061
0.015443 0.089429 0.015454
-0.036325 0.091952 0.115556
-0.005927 0.093758 0.146215
0.07017 0.044783 -0.004042
0.023142 -0.046751 0.001421
-0.028288 -0.054421 0.150607
0.064639 0.057251 -0.000551
-0.044929 -0.042523 0.009066
0.01713 0.095252 0.02618
-0.083468 0.031508 0.039826
-0.081843 -0.001377 0.100827
-0.056405 -0.062356 0.047253
0.034856 0.08731 0.142678
-0.081855 0.03914 -0.003028
-0.082329 0.037247 0.041335
0.051921 -0.036593 0.059171
0.074206 0.025746 0.088061
-0.046704 0.086563 0.113674
-0.017591 -0.059578 0.068424
-0.072639 -0.012046 -0.007196
0.036132 -0.041018 0.004489
0.068917 0.044351 0.14867
-0.063632 -0.035744 0.117194
-0.002071 -0.059643 0.146973
-0.04828 -0.047689 0.075107
-0.060597 -0.075632 0.120295
-0.074483 -0.019538 0.021605
0.038341 0.085544 0.036486
0.073124 0.016049 0.14867
-0.073025 0.046094 0.009066
-0.083754 0.029578 0.004258
-0.036994 0.088795 -0.007075
0.041559 0.083338 0.11972
-0.06348 -0.039809 0.123381
0.057058 0.068589 0.006141
-0.073375 0.007879 -0.007281
0.036731 -0.048757 0.12199
-0.081825 0.004574 0.14867
-0.01377 0.097904 0.021605
0.029858 0.090347 0.023909
-0.045031 0.087567 -0.004042
0.047684 -0.040629 0.115556
0.008865 -0.055375 0.148991
-0.081322 -0.003257 0.100827
0.07017 0.044783 0.012434
0.059772 0.044766 -0.00044
-0.05176 -0.045841 0.133894
0.031624 0.081761 0.089844
0.020893 -0.056253 0.062147
-0.017636 0.097378 0.004258
0.020867 -0.02992 -0.001799
0.054545 0.071574 0.111934
-0.004034 0.098385 0.036486
-0.02904 -0.056813 0.037806
-0.03526 -0.047241 0.089844
-0.071266 0.049239 0.061074
-0.030866 0.09406 0.036486
-0.074347 -0.019303 -0.006577
0.040052 -0.029552 -0.007284
0.068062 0.050242 0.065263
0.003752 0.097909 0.084946
-0.057566 -0.06097 0.125999
-0.076395 -0.015966 0.107418
0.034997 0.087553 -0.006162
-0.053949 -0.056046 0.02335
-0.025267 0.09576 0.053782
0.02273 -0.055596 0.071777
0.032722 -0.049562 0.14867
-0.025267 0.09576 0.091035
-0.083135 0.03343 -0.005609
-0.048362 -0.047703 0.000909
0.068826 -0.010591 0.004258
-0.080143 -0.006976 0.008144
-0.072206 -0.050566 0.117096
-0.022184 -0.047498 -0.007281
-0.023553 -0.058278 0.012434
-0.070226 -0.02565 0.047905
-0.073411 -0.060708 0.054483
0.026352 -0.054146 0.032639
-0.027348 -0.057264 0.034482
-0.038108 0.091161 0.115556
0.045521 0.076056 0.15037
0.056479 0.058916 0.023954
-0.050451 -0.037937 0.075459
-0.06994 -0.026504 0.129466
-0.036325 0.091952 0.000909
-0.009417 -0.053716 0.004489
0.049129 -0.039318 0.004258
0.073495 0.006298 0.111934
0.024507 0.092716 0.032639
-0.064526 -0.045657 0.125243
0.070109 0.027253 0.148991
-0.021462 -0.058841 0.039664
0.067625 0.003553 0.141789
-0.077732 0.010815 0.034718
0.05582 0.070097 0.102668
0.04765 0.078465 0.108826
0.067271 0.052025 0.126871
0.066878 0.007361 0.075459
0.062674 0.060621 0.014682
0.029858 0.090347 0.059171
0.07187 0.039184 0.023909
0.039963 0.084461 0.032639
0.057058 0.068589 0.014682
0.013607 0.089532 0.047292
0.06539 0.037474 0.075459
0.036692 0.086587 -0.005609
0.005733 -0.059858 0.129469
-0.078054 0.0502 0.045843
0.06881 0.048439 0.032639
-0.066745 -0.025827 0.15037
0.042608 -0.032302 -0.00044
0.010254 -0.030539 -0.007284
0.062077 -0.020157 0.149955
-0.003988 -0.060578 0.039826
-0.028901 -0.056922 0.10583
0.068762 -0.010565 0.137581
-0.071341 -0.050835 0.115675
-0.077264 0.051983 0.110332
-0.002038 -0.06053 0.004258
0.066983 0.007344 0.061074
0.071882 -0.001333 0.02618
-0.082755 0.035344 0.081724
-0.040748 0.087782 0.149955
-0.0323 -0.055835 0.043712
-0.052936 -0.044572 0.138211
-0.027345 -0.046149 -0.00044
0.051827 0.0644 0.075459
-0.077766 0.017989 0.103626
0.046172 0.079739 0.081724
0.0447 -0.043141 0.068485
0.050509 0.075811 0.115556
0.0637 -0.021102 0.117573
-0.056181 0.07971 0.111934
-0.050323 -0.069949 0.120722
0.047684 -0.040629 0.000909
-0.00233 0.091597 0.089844
-0.065787 -0.062351 0.052029
0.049017 -0.039197 0.1402
0.070185 -0.006933 0.068485
-0.083202 0.006295 -0.006577
-0.058598 -0.030928 0.034718
-0.084183 0.0257 0.11972
-0.017627 -0.059553 0.115573
0.020893 -0.056253 0.04429
0.064376 -0.019244 -0.006577
-0.045719 0.084965 0.149955
-0.054623 -0.04318 -0.001864
0.074448 0.016 0.081724
-0.062176 -0.035795 0.140207
-0.01377 0.097904 0.010248
0.028889 -0.038957 -0.001396
-0.054673 0.080948 0.093833
-0.000491 0.092425 0.135456
-0.009839 -0.060436 0.012434
-0.084167 0.017913 -0.006577
0.06367 0.023141 -0.00044
-0.06427 -0.037918 0.035623
0.038341 0.085544 0.065263
0.07187 0.039184 0.059171
0.062652 -0.014023 -0.007196
0.015335 0.089054 0.047292
-0.064503 -0.033779 -0.003028
0.003752 0.097909 0.038223
0.070601 -0.000996 0.14867
0.060545 0.063891 0.105881
-0.083754 0.029578 0.075105
-0.029014 0.094672 0.02618
0.041819 -0.010446 -0.001799
0.033321 0.088551 -0.005609
-0.061538 -0.031191 0.148991
-0.060543 -0.08157 0.063741
0.073162 0.004376 0.081724
-0.060888 -0.051056 0.023389
-0.052842 0.066088 -0.007281
0.074188 0.014062 0.1402
0.024445 -0.054639 -0.006577
0.05574 0.060592 0.135456
-0.084419 0.015955 0.04429
-0.084811 -0.069371 0.089268
-0.076941 -0.014091 0.142678
0.043162 -0.044342 0.036486
0.059404 0.065473 0.134879
0.058259 0.067052 0.002512
0.029344 -0.047098 -0.007196
-0.071204 -0.024751 0.016973
0.073221 0.029548 0.144956
-0.082003 0.00059 0.142678
0.031641 -0.051642 0.068485
-0.004034 0.098385 0.065263
-0.041466 0.089157 -0.006577
-0.030866 0.09406 0.065263
0.05582 0.070097 -0.004903
-0.004108 0.092239 0.023954
-0.056157 0.079681 -0.006162
0.074353 0.014052 0.093833
0.010248 0.090969 0.135456
-0.084468 0.019856 0.084946
-0.028684 0.087723 0.075459
-0.059921 -0.041624 0.043989
-0.026229 -0.048621 -0.007258
-0.04495 0.063155 -0.001798
-0.043306 -0.050747 0.09629
0.066444 0.035888 0.015454
-0.06826 0.067016 0.081724
-0.050073 -0.050168 0.045804
-0.06826 0.067016 0.045843
-0.048236 -0.047617 0.100015
-0.064095 -0.03317 0.086703
-0.046437 -0.041545 0.009066
-0.061494 0.074009 0.144956
-0.033666 -0.055379 0.109824
0.074014 0.027687 0.006141
-0.043334 0.088529 0.102668
-0.081822 0.039131 -0.006162
0.035058 -0.04976 -0.004042
-0.019117 0.064747 -0.001799
-0.076802 0.007327 0.089844
0.026283 0.091906 0.137581
-0.056953 -0.04792 0.126725
-0.083127 0.004331 0.102668
-0.062387 -0.005348 -0.001748
-0.062198 -0.039949 0.11341
0.025349 0.085183 0.061074
0.031941 -0.04441 0.009066
0.033234 0.080971 0.061074
-0.032703 0.093402 0.006141
0.051921 -0.036593 0.05144
0.07421 0.012106 -0.003028
-0.013078 0.091679 0.126964
-0.007935 0.098336 0.11972
-0.061328 -0.08155 0.106056
-0.042731 0.059511 -0.001798
0.064639 0.057251 0.11972
0.027353 -0.051648 0.149955
-0.078664 -0.057536 0.047595
-0.080158 0.04474 0.105881
-0.005985 0.098384 0.081724
-0.005985 0.098384 0.045843
-0.080756 -0.005124 0.075105
0.057439 -0.015404 0.001421
-0.04726 -0.048355 0.014048
-0.073191 -0.010357 0.141789
0.050509 0.075811 0.000909
-0.019898 -0.017457 -0.001798
-0.07334 -0.05115 0.037016
0.060552 -0.021455 0.150607
-0.056181 0.07971 0.030561
0.073154 0.033475 -0.001864
-0.059038 -0.039372 -0.001864
-0.081843 -0.001377 0.016973
-0.023138 0.087692 0.001421
-0.020936 0.094316 -0.007075
-0.002457 0.088128 -0.007281
-0.015664 -0.059862 0.107411
-0.011056 -0.04037 -0.007284
0.01713 0.095252 0.045843
0.060921 -0.019484 0.15037
0.07017 0.044783 0.008144
-0.059283 -0.07208 0.090821
0.019041 -0.056866 0.12199
0.05758 0.030312 -0.001748
-0.01377 0.097904 0.047516
-0.045897 0.037627 -0.001798
-0.075798 0.037545 0.126964
0.067134 0.028719 0.103626
0.02455 -0.054893 0.105881
0.017174 -0.057433 0.062147
-0.055439 -0.050986 0.107055
-0.07319 0.058627 0.144956
-0.078162 0.021577 0.126964
-9e-05 -0.060433 0.016973
-0.060647 -0.071182 0.089916
0.035058 -0.04976 0.012434
0.068274 -0.002319 0.15037
-0.053249 -0.047928 0.106537
-0.074549 -0.019356 0.047216
-0.049852 -0.046535 0.061258
-0.021971 0.090334 0.015454
0.058286 -0.029209 0.078432
0.0447 -0.043141 0.036486
-0.065495 -0.031872 0.075113
-0.075553 0.05549 0.12199
0.029898 -0.05252 0.11972
0.07128 0.019861 0.15037
-0.063924 -0.034396 0.035796
0.046113 -0.031171 -0.007258
0.074461 0.01795 -0.006162
-0.079501 0.046577 0.126871
0.013358 0.096245 0.126871
0.074014 0.027687 0.014682
0.071598 0.025547 -0.007075
-0.074634 0.057211 0.041335
0.073488 0.031553 0.126871
-0.063117 0.072873 0.1402
-0.080756 -0.005124 0.016973
0.050119 0.075411 0.144956
-0.032703 0.093402 0.014682
0.073781 0.008228 0.004258
0.040825 0.076177 0.023954
0.066437 0.053788 0.075105
0.022687 0.093418 0.062147
0.07193 0.016092 0.150607
-0.043643 -0.06021 0.03672
-0.020044 0.089999 0.004489
-0.043334 0.088529 -0.004903
-0.069302 -0.01652 0.015454
-0.08145 0.002693 0.14867
-0.035679 0.085863 0.135456
0.042421 0.075278 0.135456
-0.025267 0.09576 0.078432
-0.041344 -0.05662 0.035597
-0.065372 -0.042738 0.029198
-0.051828 -0.069672 0.11399
-0.081335 0.04102 0.115556
0.001229 -0.05161 -0.007258
-0.036325 0.091952 0.117573
-0.062871 -0.03465 0.041262
-0.083987 0.010119 0.014682
-0.027104 -0.057445 -0.005609
0.043162 -0.044342 0.065263
-0.068595 -0.027602 0.144955
-0.051451 -0.045417 0.075108
0.072773 0.035388 0.014682
-0.075928 0.053502 0.144956
-0.016658 0.09131 0.023954
0.012776 0.093793 0.150607
-0.078688 -0.063107 0.092523
0.074319 0.014054 -0.006162
-0.069449 -0.04551 0.035538
0.031641 -0.051642 0.036486
0.050546 0.07312 0.149955
-0.077264 0.051983 0.12199
0.07009 -0.002845 0.14867
-0.047787 0.078083 0.047292
-0.07456 0.044742 0.141789
-0.002084 0.098338 0.056371
-0.058074 -0.054817 0.046159
0.0316 0.08947 0.104335
0.063835 0.044507 0.015454
-0.033989 -0.048806 0.135456
-0.037614 -0.053281 0.021653
0.059852 -0.014714 0.047292
0.074019 0.010165 0.049364
-0.000556 0.091523 0.004489
-0.068416 -0.018089 0.015454
-0.060525 0.06107 -0.00044
-0.028971 -0.056881 0.089215
-0.042109 -0.056406 0.032436
-0.021906 0.064381 -0.007284
0.043132 -0.026118 -0.007281
0.013573 -0.051432 0.089844
-0.030577 -0.034953 -0.001798
0.043244 -0.03561 0.075459
0.013402 -0.058428 0.012434
0.017174 -0.057433 0.04429
0.049096 0.077155 0.004258
0.007262 -0.057084 0.150607
-0.084183 0.0257 0.098756
0.026245 0.091818 0.1402
-0.07029 -0.026134 0.113946
-0.077264 0.051983 -0.003028
0.066457 -0.015941 0.038223
0.020893 -0.056253 0.108826
0.003752 0.097909 0.105881
-0.043239 -0.060188 0.121047
-0.023375 0.096234 0.021605
0.07187 0.039184 0.05144
-0.057657 0.078435 0.021605
0.055548 0.060459 0.015454
0.003797 -0.060097 -0.000551
0.047684 -0.040629 0.117573
-0.004069 0.085944 -0.001396
0.071882 -0.001333 0.081724
-0.040069 -0.053496 0.030772
-0.036959 -0.046653 0.1162
0.071882 -0.001333 0.045843
0.068062 0.050242 0.111934
-0.050111 -0.046528 0.012089
0.028094 0.09118 0.028403
0.062674 0.060621 0.084946
-0.021472 0.096662 0.115556
-0.072679 -0.010137 0.135456
0.055019 0.060097 0.103626
-0.083992 0.027642 0.062147
-0.004069 -0.054127 0.047292
0.06808 -0.012393 0.049364
-0.074338 -0.017127 0.14867
-0.049301 -0.006989 -0.001799
0.033789 -0.047584 0.150607
0.057058 0.068589 0.084946
0.028094 0.09118 0.002512
0.054545 0.071574 0.110332
0.020745 0.093768 0.142678
-0.000135 0.098243 0.039826
-0.075459 -0.017777 0.019287
0.007663 -0.059572 0.056371
0.04084 0.073436 0.001421
0.05582 0.070097 0.129469
-0.017604 -0.059569 0.110392
-0.075488 -0.017756 0.010248
-0.030266 -0.043366 -0.007281
-0.031891 -0.053171 0.150607
0.074495 0.019901 0.016973
0.067083 -0.009894 0.149955
-0.055843 -0.041506 0.060851
-0.057748 -0.040377 0.019366
-0.01377 0.097904 0.053782
-0.081855 0.03914 0.023909
-0.049329 0.07408 -0.007258
0.070185 -0.006933 0.056371
0.062323 -0.009927 0.126964
0.061629 0.062269 0.056371
0.053844 0.070968 -0.006875
-0.084419 0.015955 0.108826
0.005688 0.09767 0.081724
-0.082755 0.035344 0.10736
0.068218 0.014427 0.023954
0.05963 -0.014598 0.103626
-0.009559 0.092978 0.141789
0.046172 0.079739 0.10736
0.004529 -0.040128 -0.007284
-0.084179 0.012061 0.113674
-0.069421 0.065448 -0.000551
-0.009883 0.09824 0.016973
-0.057036 -0.031913 0.089844
-0.038108 0.091161 0.117573
-0.033027 -0.042361 -0.001396
0.0447 -0.043141 0.065263
0.06558 -0.017684 0.038223
0.033361 -0.050722 -0.001864
-0.081335 0.04102 0.000909
-0.05861 -0.028572 0.001421
-0.029014 0.094672 0.081724
-0.072026 -0.022626 0.144956
0.06708 0.003668 0.135456
-0.029014 0.094672 0.045843
0.073775 0.029623 -0.001864
0.051921 -0.036593 -0.000551
-0.059103 0.077125 0.02618
-0.066521 -0.045983 0.114838
0.073495 0.006298 0.110332
0.074448 0.016 0.10736
0.029054 -0.019509 -0.001799
-0.074878 -0.013105 -0.007075
-0.02374 -0.052329 0.135456
0.061654 -0.024424 0.02618
0.070796 -0.005081 0.062147
-0.084183 0.0257 0.028403
0.064639 0.057251 0.098756
-0.078229 0.034387 0.146215
0.036183 -0.041068 0.089844
0.050509 0.075811 0.039826
0.026352 -0.054146 0.014682
0.048323 -0.028208 0.001421
-0.04115 -0.05287 0.027379
0.04694 -0.036963 0.15037
-0.015661 -0.059864 0.051354
-0.065605 -0.032427 0.002512
-0.078054 0.0502 0.034619
0.062614 0.060584 0.137581
0.051184 0.030099 -0.001799
-0.075478 -0.017763 0.012434
-0.067824 -0.017743 0.089844
0.073162 0.004376 0.10736
0.055888 -0.016552 -0.007258
0.024507 0.092716 0.014682
0.054575 -0.033733 0.05144
0.036731 -0.048757 0.023909
0.013165 -0.049886 0.001421
-0.056004 -0.075592 0.094891
0.054068 -0.021618 0.001421
-0.065299 0.048191 -0.001396
-0.020173 0.090535 0.126964
-0.081855 0.03914 0.059171
-0.076082 0.003846 0.004489
0.035058 -0.04976 0.008144
0.059724 -0.014648 0.061074
0.028753 0.088082 0.150607
0.039963 0.084461 0.014682
0.060124 -0.014855 0.023954
0.060571 -0.026047 0.062147
-0.043401 -0.056335 0.123899
-0.04988 -0.046574 0.078712
-0.082755 0.035344 0.034619
0.031641 -0.051642 0.065263
-0.074321 -0.012879 0.15037
0.068062 0.050242 0.030561
-0.056181 0.07971 0.110332
0.046172 0.079739 0.034619
0.053266 -0.035179 0.049364
-0.083754 0.029578 0.124375
-0.057444 -0.044011 0.045161
-0.044964 -0.042585 0.023954
-0.021472 0.096662 0.000909
-0.017636 0.097378 0.049364
-0.06826 0.067016 0.10736
-0.015707 0.097665 0.053782
-0.004062 -0.05475 0.135456
0.072619 0.006439 0.146973
0.065346 -0.001471 0.126964
0.040001 -0.046628 0.006141
-0.01956 -0.059212 0.113722
-0.083992 0.027642 0.04429
0.062697 -0.022776 0.000909
-0.023375 0.096234 0.010248
-0.057657 0.078435 0.010248
0.029868 -0.052457 0.137581
0.029898 -0.05252 0.098756
0.073495 0.006298 -0.001864
0.011933 -0.026575 -0.007284
0.074448 0.016 0.034619
0.028717 0.083909 0.126964
-0.002157 -0.057316 0.15037
-0.005985 0.098384 0.10736
0.009585 -0.059237 0.104335
-0.075165 0.043024 -0.007196
-0.029094 -0.05679 0.002512
-0.056137 -0.041939 -0.003028
-0.061698 0.003938 -0.007284
-0.056311 -0.063281 0.024697
-0.084468 0.019856 0.105881
-0.037245 -0.053482 0.023999
-0.06081 0.053412 -0.001396
-0.060693 0.065748 0.103626
-0.083127 0.004331 0.129469
0.048761 -0.030998 0.023954
0.064639 0.057251 0.028403
-0.004034 0.098385 0.111934
-0.054655 -0.044552 0.129269
0.052856 -0.034799 0.144956
-0.082746 0.002418 0.093833
-0.062632 -0.034392 0.056279
-0.030866 0.09406 0.111934
-0.05626 -0.077783 0.089242
-0.081843 -0.001377 0.032639
0.044551 0.07781 0.150607
-0.000415 -0.055163 -0.007196
0.074446 0.021852 0.113674
0.073162 0.004376 0.034619
0.036731 -0.048757 0.059171
-0.016635 0.091164 0.034718
-0.063239 0.072986 0.062147
0.071349 0.041064 0.11972
0.057086 -0.030748 0.081724
-0.016859 -0.05501 0.146215
0.070796 -0.005081 0.04429
-0.084468 0.017905 -0.000551
-0.065822 0.070062 0.038223
0.011498 -0.058856 0.081724
-0.053845 0.079914 0.14867
-0.070544 0.063853 0.115556
-0.050476 -0.041012 -0.007196
-0.065807 0.070049 0.134879
-0.06415 -0.033249 0.082888
-0.06826 0.067016 0.034619
0.064373 0.05711 -0.006577
-0.056785 -0.04206 0.130159
-0.03094 -0.050818 -0.007196
-0.053414 -0.074398 0.047594
0.032744 -0.036711 -0.007281
0.003568 -0.057702 -0.007075
0.013402 -0.058428 0.008144
-0.060525 -0.037837 0.132531
0.040001 -0.046628 0.014682
0.01525 0.095772 0.034619
0.07435 0.0238 -0.001864
-0.082593 -0.065044 0.11204
-0.084421 0.021806 0.113674
-0.014836 -0.053774 0.023954
0.03296 -0.046052 -0.007196
0.056731 0.061272 0.146215
0.022687 0.093418 0.006141
0.06952 0.04253 0.14867
0.074014 0.027687 0.084946
-0.054247 -0.074148 0.108003
-0.081964 -0.076576 0.076472
-0.005985 0.098384 0.034619
-0.07267 0.060582 0.038223
-0.064445 -0.033821 -0.000551
0.071362 -0.003214 0.110332
-0.002038 -0.06053 0.124375
-0.032703 0.093402 0.084946
-0.072365 -0.023017 0.026177
-0.067031 -0.030783 -0.005609
0.033408 0.081254 0.126964
0.017174 -0.057433 0.108826
0.072335 0.000564 0.134879
-0.083135 0.03343 0.021605
0.07187 0.039184 -0.000551
-0.032107 0.031316 -0.001798
0.059448 -0.027642 0.006141
0.038341 0.085544 0.030561
0.038379 -0.047713 -0.005609
0.033636 0.081624 0.135456
0.068256 0.003419 0.146215
-0.023375 0.096234 0.047516
-0.041614 0.089449 0.062147
-0.057657 0.078435 0.047516
-0.053424 -0.070737 0.049804
-0.051532 -0.045531 -0.001864
0.059421 0.065485 0.110332
-0.051569 0.083311 0.045843
0.055849 -0.032256 0.049364
-0.066163 -0.030102 -0.006875
0.014432 0.092662 0.15037
0.066723 0.005573 0.1162
-0.084326 0.023755 0.108826
0.067999 0.028837 0.135456
0.028014 -0.020943 -0.007284
-0.078054 0.0502 0.091035
-0.05834 -0.038483 0.102075
0.003797 -0.060097 0.11972
0.07317 0.019885 0.14867
0.072355 0.000559 0.068485
0.064855 0.041056 0.009066
0.066437 0.053788 0.124375
-0.021525 -0.058795 0.008144
-0.056427 0.074247 0.148991
-0.004034 0.098385 0.030561
-0.083987 0.010119 0.084946
0.022183 0.0869 0.126964
0.013402 -0.058428 0.126871
-0.063321 -0.034698 0.134798
0.07421 0.012106 0.023909
0.072773 0.035388 0.084946
-0.051568 0.083311 0.084946
-0.030866 0.09406 0.030561
-0.032583 -0.055691 0.101653
0.043126 0.082176 0.062147
0.036692 0.086587 0.021605
-0.063581 -0.034458 0.023999
0.058959 -0.022672 0.15037
-0.063239 0.072986 0.04429
-0.073178 0.044228 0.089844
-0.067981 0.000498 -0.001396
-0.003812 0.051049 -0.007284
-0.081335 0.04102 0.039826
-0.067298 0.018464 -0.001748
0.072618 0.017973 0.149955
0.071362 -0.003214 -0.001864
0.028094 0.09118 0.102668
-0.064875 -0.03204 0.042596
0.069512 0.046619 0.12199
0.054545 0.071574 -0.003028
-0.015273 0.094479 0.15037
-0.018966 -0.046671 -0.001396
-0.070544 0.063853 0.000909
-0.069421 0.065448 0.11972
0.071203 -0.003168 0.1402
0.065697 0.0452 -0.007196
-0.077505 0.025127 0.103626
-0.01377 0.097904 0.078432
0.062533 0.05828 0.14867
-0.057249 -0.037579 0.150607
0.071882 -0.001333 0.10736
-0.019514 -0.059246 -0.004903
-0.069017 -0.027129 0.051892
0.045792 -0.019389 -0.001748
-0.076393 -0.015987 0.11369
0.059448 -0.027642 0.014682
0.02273 -0.055596 0.11972
-0.032808 -0.055437 0.032492
0.059421 0.065485 -0.001864
0.074019 0.010165 0.002512
-0.079486 -0.008813 0.096418
-0.080824 -0.061946 0.050333
0.033853 0.062853 -0.007284
0.057098 0.057183 0.1162
0.062701 -0.008143 0.061074
0.054575 -0.033733 -0.000551
-0.084179 0.012061 0.093833
-0.081855 0.03914 0.05144
0.027585 -0.047784 0.141789
-0.054058 -0.066035 0.125306
0.001811 0.0981 0.126871
-0.059103 0.077125 0.045843
0.07421 0.012106 0.059171
0.073495 0.006298 -0.003028
0.074495 0.019901 0.032639
0.005688 0.09767 0.10736
-0.037161 -0.008686 -0.007284
-0.002084 0.098338 0.111934
-0.07643 0.053747 -0.001864
0.061654 -0.024424 0.045843
-0.060601 -0.018827 -0.007281
0.033321 0.088551 0.021605
0.018997 0.094686 0.041335
0.003717 0.097587 0.142678
-0.063988 -0.083782 0.079911
-0.041614 0.089449 0.04429
0.063932 -0.008635 0.141789
-0.080769 0.042887 0.075105
0.056819 -0.019168 0.004489
0.072782 0.002463 0.062147
-0.016709 0.091624 0.135456
0.062674 0.060621 0.105881
-0.009883 0.09824 0.032639
-0.021472 0.096662 0.039826
-0.083135 0.03343 0.010248
0.068958 0.012557 0.141789
0.043469 0.063942 -0.007284
0.001763 0.097543 0.144956
-0.029014 0.094672 0.10736
-0.061596 -0.079513 0.045679
0.057058 0.068589 0.105881
0.062697 -0.022776 0.039826
-0.051535 -0.045529 0.017434
-0.043127 0.080762 -0.007258
-0.062902 -0.035434 0.004258
-0.075553 0.05549 0.023909
0.063345 -0.006474 0.061074
0.041268 -0.045052 0.144956
-0.068839 -0.028061 0.028379
0.050542 -0.037973 0.115556
-0.065475 0.060377 0.023954
0.050542 -0.037973 0.071777
-0.049974 0.084435 0.113674
-0.009457 -0.054256 0.009066
0.074206 0.025746 0.062147
0.068062 0.050242 0.110332
0.071882 -0.001333 0.034619
-0.084253 0.014011 0.137581
0.009342 -0.057935 0.14867
-0.015706 0.097665 0.104335
-0.056181 0.07971 -0.003028
-0.036522 -0.038958 -0.007281
0.072345 0.037291 0.053782
-0.077239 -0.01421 0.084968
0.036731 -0.048757 0.05144
0.026352 -0.054146 0.084946
0.072345 0.037291 0.091035
0.010119 0.090359 0.047292
0.042966 -0.044085 0.142678
-0.071603 -0.024462 -0.005609
-0.077236 -0.014207 0.096459
0.01713 0.095252 0.091035
0.058259 0.067052 0.129469
-0.055471 -0.042427 0.015869
-0.061961 0.066742 -0.007196
0.036692 0.086587 0.010248
0.028094 0.09118 -0.004903
-0.025256 0.095719 -0.006162
-0.078131 0.021576 0.034718
0.0447 -0.043141 0.111934
0.057926 -0.026542 0.149955
0.071349 0.041064 0.098756
0.024507 0.092716 0.084946
-0.034764 -0.054705 0.004258
0.057792 0.004962 -0.007284
0.007808 0.072848 -0.001798
0.071829 0.039173 -0.006162
-0.049942 0.077954 0.141789
0.043162 -0.044342 0.030561
0.070185 -0.006933 0.111934
0.066329 0.003827 0.061074
-0.049444 -0.049248 0.106807
-0.061817 -0.036323 0.019117
0.005688 0.09767 0.034619
-0.021404 0.096346 0.142678
0.072355 0.000559 0.036486
-0.009733 0.048349 -0.001798
-0.040791 0.083912 0.141789
-0.027599 0.06931 -0.001799
-0.073673 0.058908 0.108826
-0.080158 0.04474 0.02618
0.066337 0.049501 0.149955
0.039963 0.084461 0.084946
0.070796 -0.005081 0.108826
-0.036098 -0.054532 0.110305
0.051889 0.074432 0.000909
-0.077264 0.051983 0.023909
0.06881 0.048439 0.084946
-0.029014 0.094672 0.034619
0.044664 0.080976 0.004258
-0.019514 -0.059246 0.049082
-0.075729 0.0164 -0.007258
0.063934 0.042635 0.061074
0.05472 0.046147 -0.001396
-0.05841 -0.045385 0.04506
0.04869 -0.030935 0.009066
-0.075553 0.05549 0.059171
-0.07267 0.060582 0.105881
0.036554 0.027318 -0.007284
-0.078783 -0.010633 -0.001864
-0.059967 -0.04446 0.10987
-0.073579 -0.021041 0.085228
-0.011829 0.098096 0.093833
-0.017574 0.079931 -0.001748
-0.059467 -0.038756 0.137831
-0.00789 -0.060531 0.006141
0.048451 0.053387 -0.001748
-0.032394 -0.05579 0.045109
-0.054827 -0.040575 0.149955
0.02455 -0.054893 0.02618
0.050992 -0.02565 -0.007258
-0.049635 -0.056979 0.125824
0.07078 0.04293 0.132156
0.059746 0.052512 0.1162
0.006736 -0.053817 0.135456
-0.078054 0.0502 0.019287
-0.048329 -0.062645 0.029331
0.053275 0.063258 0.126964
-0.060001 -0.050728 0.108063
0.057003 0.068546 0.137581
-0.083135 0.03343 0.047516
-0.074573 -0.019389 0.081846
0.001268 0.065052 -0.001799
-0.078783 -0.010633 0.104336
-0.015367 0.095168 0.150607
-0.033212 -0.055176 0.028379
-0.02294 0.094408 0.149955
-0.048352 0.085519 0.004258
-0.084323 0.014006 -0.004042
0.033321 0.088551 0.010248
0.008316 0.090462 0.103626
-0.083748 0.008183 0.129469
0.057086 -0.030748 0.10736
0.053125 0.063143 0.047292
-0.082755 0.035344 0.019287
-0.082318 0.000515 0.115556
-0.07147 -0.024276 0.068083
-0.06917 -0.027363 0.067805
-0.051533 0.076938 -0.007196
-0.078463 0.046203 -0.006875
0.046172 0.079739 0.019287
0.049096 0.077155 0.124375
-0.068596 0.053878 0.004489
-0.054826 -0.068334 0.028549
-0.044527 -0.051485 0.108943
0.004788 0.09103 0.075459
0.057919 -0.024228 0.15037
0.03458 -0.03307 -0.007281
0.02085 0.094074 0.108826
0.011498 -0.058856 0.10736
-0.06727 -0.044527 0.030813
0.003797 -0.060097 0.098756
-0.06763 -0.029652 0.12207
0.071362 -0.003214 -0.003028
0.028755 -0.046084 0.126964
-0.000135 0.098243 0.010248
-0.065854 -0.06902 0.082456
0.047636 0.07845 0.134879
-0.015697 -0.059838 0.124376
0.059382 0.003636 -0.007284
-0.077264 0.051983 0.059171
0.074448 0.016 0.019287
-0.053837 -0.062341 0.125771
-0.059429 -0.038071 0.044045
0.036692 0.086587 0.047516
0.026986 0.084459 0.1162
-0.050652 -0.058124 0.023924
0.0447 -0.043141 0.030561
0.026352 -0.054146 0.038223
-0.0172 -0.057085 0.150607
-0.071627 0.062231 0.049364
0.059421 0.065485 -0.003028
-0.082134 0.023594 -0.007075
-0.04423 -0.058349 0.124029
-0.078782 -0.010633 0.02618
-0.063239 0.072986 0.108826
-0.03627 -0.054132 -0.006162
-0.081322 -0.003257 0.006141
-0.066097 0.058635 0.061074
-0.062552 -0.041027 0.12459
-0.004034 0.098385 0.110332
-0.032665 -0.055625 0.057154
-0.02333 -0.04575 -0.007281
-0.068895 0.054054 0.1162
0.011869 0.089967 0.047292
0.053222 0.005977 -0.001798
0.040001 -0.046628 0.104335
-0.070544 0.063853 0.039826
-0.084323 0.014006 0.012434
0.073162 0.004376 0.019287
-0.030866 0.09406 0.110332
-0.027147 0.095239 0.108826
-0.069421 0.065448 0.098756
0.036397 -0.038526 -0.007258
-0.073131 -0.002888 -0.007258
0.039963 0.084461 0.038223
-0.065223 0.060204 0.047292
-0.050614 0.050242 -0.007284
0.064639 0.057251 -0.004903
0.072355 0.000559 0.056371
-0.039345 -0.052993 0.122436
0.051921 -0.036593 0.098756
-0.033679 -0.055359 0.110909
0.02273 -0.055596 0.098756
0.06881 0.048439 0.038223
-0.078031 -0.012438 0.02618
-0.077355 0.009053 0.047292
-0.044982 -0.049762 0.054697
0.061569 -0.022081 0.14867
-0.081855 0.03914 -0.000551
-0.025522 0.089642 0.135456
-0.015661 -0.059864 0.056293
-0.046704 0.086563 0.096418
0.074014 0.027687 0.105881
0.011931 0.09023 0.009066
-0.074484 -0.019534 0.132156
-0.023348 -0.05779 0.144956
-0.06826 0.067016 0.019287
0.051815 -0.028863 0.141789
0.07421 0.012106 0.05144
-0.038067 -0.053374 0.075107
-0.023408 -0.058383 0.038052
-0.067882 0.055536 0.075459
-0.032703 0.093402 0.105881
0.011498 -0.058856 0.034619
0.072714 0.002477 0.137581
-0.079164 0.008807 0.146215
-0.077065 0.009093 0.089844
-0.045797 -0.062631 0.03546
0.072355 0.000559 0.065263
0.050941 0.073506 0.14867
-0.031117 -0.056021 0.032514
0.033311 0.042516 -0.001798
0.031641 -0.051642 0.030561
0.02631 0.09197 0.004258
0.003797 -0.060097 0.028403
0.01525 0.095772 0.019287
0.003752 0.097909 0.02618
0.028135 -0.053355 0.126871
-0.073248 -0.021067 0.142678
0.033321 0.088551 0.047516
-0.06706 0.068554 0.016973
-0.066541 -0.029906 0.102013
0.072462 0.029445 0.14867
0.049605 0.067203 0.061074
0.062387 -0.009958 0.009066
0.001856 -0.060289 0.038223
-0.005985 0.098384 0.019287
-0.082318 0.000515 0.000909
-0.041614 0.089449 0.108826
-0.023499 -0.051457 0.004489
0.04586 -0.033177 0.075459
-0.000331 0.095033 0.15037
-0.05731 -0.040218 0.086224
-0.074768 0.040988 0.034718
-0.07482 0.041001 0.009066
0.070999 0.033046 -0.007075
0.025571 0.090244 0.149955
-0.000135 0.098243 0.047516
-0.077426 -0.059619 0.03757
0.041595 -0.045505 0.093833
-0.054472 -0.044398 0.022104
-0.083987 0.010119 0.105881
-0.060083 -0.037441 0.086582
-0.068873 -0.025092 0.149955
0.072773 0.035388 0.105881
0.007452 -0.058264 0.14867
-0.080143 -0.006976 0.113674
-0.028869 -0.056569 -0.006577
-0.081322 -0.003257 0.014682
0.025829 -0.052928 0.14867
-0.064548 0.07154 0.115556
-0.052257 -0.062174 0.110909
-0.08432 0.014006 0.132156
0.073154 0.033475 0.071777
0.064661 -0.019404 -0.001864
-0.076105 -0.015833 -0.006577
0.028094 0.09118 0.129469
0.068062 0.050242 0.12199
-0.031662 -0.055673 0.126859
-0.078054 0.0502 0.088061
-0.073218 0.044243 0.103626
0.001475 0.094185 0.148991
0.022687 0.093418 0.104335
0.0638 0.0426 0.004489
-0.023323 -0.058407 -0.006162
-0.082584 0.002452 0.1402
-0.061936 0.03642 -0.007284
0.051191 0.03889 -0.001798
0.051921 -0.036593 0.028403
0.064771 0.055121 0.146973
-0.017636 0.097378 -0.004042
0.06248 0.049828 0.141789
0.06729 -0.014177 0.093833
0.028049 -0.016638 -0.007284
0.060545 0.063891 0.045843
-0.024255 0.062835 -0.001799
-0.042984 -0.05072 0.01822
0.005532 0.083683 -0.001396
0.051921 -0.036593 0.002512
0.059448 -0.027642 0.104335
0.034781 -0.042185 0.061074
-0.061775 0.074284 0.1402
0.073085 0.033462 0.137581
0.069533 -0.004681 0.14867
0.043837 0.079942 0.14867
0.043491 0.07951 0.149955
0.005686 0.09765 0.134879
-0.04958 -0.067901 0.043719
0.070119 -0.006911 0.137581
0.072782 0.002463 0.006141
0.068826 -0.010591 -0.004042
0.068062 0.050242 -0.003028
0.051889 0.074432 0.039826
-0.08054 0.019809 0.148991
0.072345 0.037291 0.078432
-0.075553 0.05549 0.05144
-0.023331 -0.058439 0.058614
-0.009838 -0.060436 0.098758
-0.083754 0.029578 0.012434
-0.017591 -0.059578 0.091172
0.041559 0.083338 0.068485
-0.009838 -0.060436 0.032639
-0.084468 0.017905 0.098756
0.022705 -0.05553 0.137581
0.049129 -0.039318 -0.004042
0.074495 0.017951 0.102668
-0.059376 0.069399 0.141789
-0.059291 -0.040676 0.11013
-0.053806 0.071426 0.001421
0.04765 0.078465 0.115556
0.047415 -0.032198 0.034718
-0.059104 -0.009459 -0.001748
-0.052797 -0.043948 0.049338
-0.041763 -0.051527 0.002512
-0.079182 -0.0087 0.142678
-0.080769 0.042887 0.124375
-0.017636 0.097378 0.012434
0.069528 -0.00877 0.126871
-0.071625 0.062229 0.132156
-0.061894 0.074399 0.049364
0.05836 -0.022282 0.148991
-0.033855 0.086196 0.126964
-0.077657 0.02514 0.1162
0.021017 -0.042118 -0.001396
-0.082755 0.035344 0.042806
-0.030684 0.093531 0.144956
-0.059653 -0.037082 0.048352
0.046172 0.079739 0.042806
-0.059103 0.077125 0.034619
-0.002038 -0.06053 -0.004042
-0.007649 -0.05394 0.061074
-0.069208 -0.027294 0.108602
0.059478 -0.025298 0.14867
-0.002084 0.098338 0.110332
0.064355 0.019701 -0.00044
0.029826 -0.052371 0.1402
0.068826 -0.010591 0.012434
-0.067923 -0.028811 0.086186
0.07187 0.039184 0.098756
-0.083992 0.027642 0.104335
0.061654 -0.024424 0.034619
-0.083461 0.006253 0.115556
0.063124 0.044243 -0.007258
0.069545 0.029104 -0.007196
0.0316 0.08947 -0.005609
0.02455 -0.054893 0.045843
-0.06826 0.067016 0.088061
-0.077264 0.051983 0.05144
-0.05631 -0.071576 0.031763
0.049268 -0.026562 -0.007258
0.054545 0.071574 0.023909
0.074448 0.016 0.042806
-0.074659 0.055009 -0.006875
0.026352 -0.054146 0.105881
0.049129 -0.039318 0.012434
0.029858 0.090347 0.002512
0.038341 0.085544 0.12199
0.01525 0.095772 0.088061
0.042975 0.019893 -0.001799
0.050542 -0.037973 0.117573
0.057205 0.066249 0.14867
-0.061838 -0.036601 -0.006162
0.024507 0.092716 0.105881
0.050628 0.056634 -0.007281
-0.062108 0.023106 -0.001799
0.071882 -0.001333 0.019287
-0.005902 0.091789 0.061074
-0.084323 0.014006 0.008144
0.070782 0.042931 0.115556
-0.082671 0.010266 0.14867
-0.084468 0.017905 0.028403
0.073162 0.004376 0.042806
0.070782 0.042931 0.071777
-0.013217 -0.055504 0.146215
-0.046653 0.073635 -0.00044
0.039963 0.084461 0.105881
-0.06384 -0.034456 0.120464
0.064981 0.050975 0.150607
0.072345 0.037291 0.088061
-0.074612 -0.019444 -0.005609
-0.053992 0.08008 -0.006875
-0.024818 -0.056096 0.149955
0.01713 0.095252 0.088061
-0.05037 0.075558 0.004489
0.059968 0.05685 -0.007196
0.06881 0.048439 0.105881
-0.030866 0.09406 0.12199
-0.002038 -0.06053 0.012434
0.007663 -0.059572 0.110332
0.02181 0.091056 0.150607
0.0447 -0.043141 0.110332
-0.059855 0.067392 0.126964
0.056079 0.020934 -0.001748
-0.051569 0.083311 0.053782
-0.033063 0.089052 0.148991
0.065927 0.037616 0.023954
0.037696 0.077991 0.061074
-0.079501 0.046577 0.113674
0.005688 0.09767 0.019287
-0.051569 0.083311 0.091035
-0.059467 -0.029298 0.089844
0.070185 -0.006933 0.110332
-0.048321 0.059796 -0.007284
-0.068466 0.062428 0.150607
-0.017801 0.067467 -0.007284
-0.06826 0.067016 0.042806
-0.002084 0.098338 -0.001864
0.07421 0.012106 -0.000551
-0.036304 -0.054433 0.109249
0.025487 0.085485 0.126964
0.04765 0.078465 0.000909
0.038379 -0.047713 0.021605
0.055992 0.058587 0.004489
0.066457 -0.015941 0.02618
-0.074641 -0.065158 0.077331
-0.054509 -0.034437 0.103626
-0.084183 0.0257 0.068485
0.036757 0.063519 -0.001748
-0.029014 0.094672 0.019287
0.07187 0.039184 0.028403
0.054545 0.071574 0.059171
0.07017 0.044783 0.113674
-0.078247 0.040125 0.15037
-0.004034 0.098385 -0.003028
0.041774 0.077363 0.146215
0.07187 0.039184 0.002512
-0.016112 0.08792 -0.00044
-0.069708 0.027675 -0.001396
0.068213 0.034341 -0.007196
-0.033662 -0.054912 0.016981
-0.05908 0.077101 -0.006162
-0.005985 0.098384 0.042806
0.060571 -0.026047 0.104335
0.054575 -0.033733 0.098756
-0.025267 0.09576 0.062147
-0.07547 -0.017769 0.014682
-0.052115 -0.037139 0.126964
-0.059349 -0.081477 0.090828
-0.082318 0.000515 0.039826
0.033361 -0.050722 0.071777
0.038348 -0.021989 -0.007284
0.059702 -0.018774 0.146215
-0.036286 -0.054169 0.086488
-0.074994 -0.052335 0.04156
-0.082755 0.035344 0.100827
0.073775 0.029623 0.071777
-0.056181 0.07971 0.023909
0.031645 0.081798 0.103626
-0.053135 0.082148 0.000909
0.001808 -0.059732 0.144956
0.025342 -0.047262 0.103626
0.047648 0.078463 0.132156
0.046172 0.079739 0.100827
-0.062118 -0.036037 0.014585
0.035924 0.000179 -0.001798
0.06399 -0.004804 0.1162
0.062697 -0.022776 0.010248
0.027045 0.088889 0.150607
-0.036654 -0.054257 0.108015
-0.044574 0.08676 -0.006875
-0.054673 0.080948 0.004258
0.007663 -0.059572 -0.001864
-0.064139 -0.069905 0.082774
0.074448 0.016 0.100827
-0.01178 -0.060256 -0.006162
-0.00789 -0.060531 0.104335
-0.016935 -0.015861 -0.001798
0.003752 0.097909 0.045843
0.053235 0.073019 0.053782
-0.034523 0.092699 0.093833
-0.03941 -0.052503 0.134882
-0.069317 -0.027735 0.000909
0.053235 0.073019 0.091035
0.071783 0.035162 -0.006875
-0.021405 0.096369 -0.006577
0.060643 0.024829 -0.007281
0.011454 0.096672 0.10736
0.061629 0.062269 -0.001864
-0.056187 0.07135 0.009066
-0.082315 0.000515 0.132156
-0.064259 0.024973 -0.007284
0.00289 0.077025 -0.007284
-0.032384 -0.055734 0.11293
-0.059103 0.077125 0.091035
0.050597 0.068081 0.141789
0.004775 -0.041654 -0.001798
-0.081843 -0.001377 0.084946
-0.007935 0.098336 0.068485
-0.06413 0.07117 0.144956
0.073162 0.004376 0.100827
0.058286 -0.029209 0.04429
0.061654 -0.024424 0.091035
0.064639 0.057251 0.068485
-0.032178 -0.049135 0.009066
0.053388 -0.030186 0.15037
-0.01229 -0.034988 -0.001798
-0.015666 -0.059861 0.000909
-0.06706 0.068554 0.032639
-0.083754 0.029578 0.008144
-0.080143 -0.006976 0.093833
-0.073544 -0.020992 0.096932
-0.056181 0.07971 0.059171
0.051489 0.074041 0.144956
0.054575 -0.033733 0.028403
-0.077462 -0.05608 0.116197
0.030818 -0.046105 0.141789
-0.083135 0.03343 0.078432
0.073781 0.008228 -0.004042
-0.041931 -0.051593 0.104612
0.009585 -0.059237 -0.005609
-0.037732 0.077591 -0.007281
-0.048432 -0.047289 0.142811
-0.048902 -0.047565 0.135942
-0.06826 0.067016 0.100827
0.051921 -0.036593 0.102668
-0.039833 -0.052545 0.063771
0.074019 0.010165 0.129469
-0.017636 0.097378 0.008144
0.071882 -0.001333 0.088061
-0.078852 -0.057805 0.11951
0.043162 -0.044342 0.12199
-0.083712 0.029572 -0.006162
0.008996 -0.056077 0.15037
-0.037929 0.062174 -0.001799
-0.022027 0.090564 0.135456
0.018355 -0.048806 0.001421
0.038379 -0.047713 0.010248
0.072355 0.000559 0.111934
-0.081322 -0.003257 0.084946
0.018892 -0.050442 0.023954
-0.025267 0.09576 0.04429
-0.078034 -0.012436 0.113676
-0.060515 0.075779 0.049364
0.001259 0.091671 0.047292
0.007618 0.097385 0.010248
-0.005985 0.098384 0.100827
-0.055561 -0.042359 0.014048
0.011498 -0.058856 0.019287
0.062674 0.060621 0.02618
-0.065575 0.069854 0.142678
-0.046204 0.06199 -0.001798
-0.051601 -0.045618 0.020887
-0.071199 -0.000372 -0.00044
-0.062924 0.062959 0.103626
0.068826 -0.010591 0.008144
-0.066878 -0.041227 0.121987
0.055796 -0.032211 0.137581
-0.011784 -0.060293 0.105889
-0.02112 0.051934 -0.001798
-0.066984 -0.029869 0.042245
0.062697 -0.022776 0.047516
-0.078055 0.038139 0.148991
-0.030219 0.082685 -0.007281
0.052545 -0.031939 -0.007075
0.029898 -0.05252 0.068485
0.071342 -0.003208 0.134879
-0.083468 0.031508 0.041335
-0.083754 0.029578 0.126871
-0.039552 -0.051131 0.14867
-0.077264 0.051983 -0.000551
0.041559 0.083338 0.056371
-0.084183 0.0257 0.036486
-0.079486 -0.008813 0.016973
0.049129 -0.039318 0.008144
0.057086 -0.030747 0.104335
0.06808 -0.012393 0.129469
-0.057199 -0.01329 -0.001798
-0.074646 0.042845 0.135456
0.073781 0.008228 0.012434
-0.029014 0.094672 0.088061
-0.051641 -0.045689 0.046819
-0.077238 0.04985 0.146973
0.043126 0.082176 0.104335
-0.062479 -0.03539 0.041601
0.063548 0.052377 0.15037
0.071873 0.002643 -0.006875
-0.048656 -0.047491 0.012094
0.053235 -0.035152 -0.006162
0.070782 0.04293 0.016973
0.061887 -0.009752 0.004489
0.071882 -0.001333 0.042806
0.07435 0.0238 0.071777
-0.077292 -0.078584 0.062781
-0.062775 -0.034601 0.063525
-0.023633 -0.058221 0.019287
-0.064548 0.07154 0.117573
-0.080866 -0.061847 0.065623
0.068549 0.008937 -0.007196
-0.002084 0.098338 -0.003028
-0.002038 -0.06053 0.008144
-0.081843 -0.001377 0.038223
-0.070883 0.061747 0.146973
-0.070335 -0.046311 0.04078
0.005117 -0.03552 -0.007284
-0.019558 0.097044 0.108826
0.005688 0.09767 0.042806
0.060545 0.063891 0.034619
-0.039189 -0.052551 0.137591
-0.04124 -0.052193 0.025607
0.0447 -0.043141 0.12199
0.013358 0.096245 0.081724
-0.075212 0.041128 0.135456
0.040982 0.005183 -0.001799
-0.062897 -0.075183 0.119852
-0.069362 -0.027655 -0.006162
0.051921 -0.036593 -0.004903
-0.07267 0.060582 0.02618
0.021992 0.086382 0.004489
0.017061 -0.050622 0.1162
0.022673 0.093379 -0.006162
-9e-05 -0.060433 0.038223
-0.084419 0.015955 0.115556
0.073488 0.031553 0.081724
-0.071627 0.062231 -0.004042
-0.029014 0.094672 0.042806
0.04765 0.078465 0.039826
0.054545 0.071574 0.05144
-0.017594 -0.059577 0.044171
0.038379 -0.047713 0.047516
-0.039871 0.090326 0.096418
-0.021542 -0.058596 0.1402
0.072355 0.000559 0.030561
-0.059849 -0.039696 0.126654
-0.052979 -0.044201 0.078727
0.074495 0.01795 0.071777
0.049096 0.077155 0.012434
-0.084468 0.017905 0.102668
0.060667 0.047031 0.001421
-0.077237 -0.014208 0.059138
0.064632 0.04098 0.047292
-0.077326 0.01086 0.103626
0.007618 0.097385 0.047516
0.053918 0.059299 0.001421
0.013807 -0.052318 0.135456
0.067227 -0.014148 0.137581
0.064639 0.057251 0.036486
-0.064951 -0.06161 0.025325
-0.079193 -0.06189 0.099788
-0.061082 0.068476 0.146215
-0.081855 0.03914 0.098756
-0.030728 0.071606 -0.007284
0.074353 0.014052 0.075105
-0.009828 -0.060271 0.1402
0.007663 -0.059572 -0.003028
0.02631 0.09197 0.049364
0.0447 -0.043141 -0.003028
-0.051569 0.083311 0.078432
0.074495 0.019901 0.084946
-0.046331 -0.062708 0.034002
0.015252 -0.057793 0.1402
0.052225 0.058091 -0.00044
-0.080756 -0.005124 0.038223
-0.019641 -0.059153 0.126871
-0.002038 -0.06053 0.126871
0.072782 0.002463 0.104335
-0.076589 0.003724 0.034718
-0.02897 -0.056885 0.054821
0.070185 -0.006933 -0.003028
0.071362 -0.003214 0.071777
-0.05246 -0.046852 0.046213
-0.053135 0.082148 0.039826
0.011339 0.066402 -0.007284
-0.066121 0.063065 -0.007196
0.053266 -0.035179 0.129469
-0.036195 -0.05441 0.114376
-0.047526 -0.048175 0.018932
0.0637 -0.021102 0.068485
-0.040133 -0.055334 0.116261
-0.048589 0.046753 -0.007284
0.066457 -0.015941 0.081724
0.066457 -0.015941 0.045843
-0.04664 -0.048709 0.100435
0.031641 -0.051642 0.12199
-0.023335 -0.058436 0.104903
0.07187 0.039184 0.102668
0.054437 -0.024022 0.009066
-0.003988 -0.060578 0.041335
-0.072793 -0.008236 0.047292
0.059421 0.065485 0.071777
-0.082755 0.035344 0.016973
0.074206 0.025746 0.104335
0.07316 0.004377 0.132156
0.006927 -0.055004 0.146215
0.061654 -0.024424 0.019287
0.025535 0.081601 -0.00044
-0.057399 -0.040405 -0.006577
-0.083461 0.006253 0.117573
-0.041974 -0.051374 0.006138
0.020893 -0.056253 0.000909
-0.057721 0.07033 0.135456
0.068062 0.050242 0.023909
-0.064865 -0.032583 0.142667
0.066437 0.053788 0.126871
-0.001892 -0.031228 -0.007284
0.019041 -0.056866 0.049364
-0.068555 -0.024692 -0.007075
-0.017667 -0.059524 0.129469
-0.047323 -0.042836 0.146215
0.065642 0.000309 0.047292
0.041989 -0.036893 0.1162
0.071882 -0.001333 0.100827
0.029898 -0.05252 0.036486
-0.083613 -0.064752 0.073554
-0.073323 -0.004758 -0.007258
-0.060513 0.075777 0.132156
-0.084183 0.0257 0.065263
-0.07643 0.053747 0.071777
0.058423 0.029124 -0.001748
-0.06411 -0.063344 0.052127
-0.063674 -0.013843 -0.007281
-0.020512 0.092137 0.146215
-0.027093 -0.057453 0.048076
0.074446 0.021852 0.096418
-0.052127 0.074895 0.034718
-0.04329 -0.050738 0.082588
0.01888 -0.050397 0.009066
-0.071789 -0.069598 0.121208
-0.056181 0.07971 0.05144
0.05309 0.032216 -0.007284
-0.046832 -0.001535 -0.001799
0.058286 -0.029209 0.108826
-0.077481 0.007217 0.015454
0.06558 -0.017684 0.081724
0.053235 0.073019 0.078432
-0.081855 0.03914 0.028403
0.06558 -0.017684 0.045843
0.005688 0.09767 0.100827
-0.084419 0.015955 0.000909
0.051889 0.074432 0.010248
-0.083841 -0.064961 0.098301
0.074014 0.027687 0.02618
-0.021434 -0.058861 0.043962
-0.045031 0.087567 0.093833
-0.064427 0.053523 -0.00044
-0.017873 -0.01859 -0.007284
0.013402 -0.058428 0.113674
0.057086 -0.030748 0.042806
-0.084468 0.017905 -0.004903
-0.077042 -0.057825 0.122765
-0.029014 0.094672 0.100827
-0.015706 0.097665 -0.005609
-0.051569 0.083311 0.088061
0.029785 0.090198 0.1402
-0.05444 -0.073343 0.106769
0.067928 -0.012328 0.1402
0.011498 -0.058856 0.042806
-0.084421 0.021806 0.096418
-0.061217 -0.035716 0.053099
0.068062 0.050242 0.059171
0.059382 -0.006895 -0.00044
-0.007935 0.098336 0.056371
-0.07639 -0.015992 0.115566
-0.076717 -0.059531 0.122717
0.074495 0.019901 0.038223
0.005666 0.097506 0.1402
-0.018369 -0.053088 0.126964
0.065559 0.05553 0.056371
0.054575 -0.033733 0.102668
0.053432 0.063377 0.015454
-0.083987 0.010119 0.02618
-0.048328 -0.047727 -0.001864
0.033361 -0.050722 0.117573
0.073781 0.008228 0.008144
0.072773 0.035388 0.02618
-0.051568 0.083311 0.02618
0.061197 -0.011388 0.075459
-0.009883 0.09824 0.038223
-0.068271 0.055762 0.009066
0.07187 0.039184 -0.004903
-0.068932 0.060478 0.15037
-0.046704 0.086563 0.016973
0.064639 0.057251 0.065263
-0.002281 -0.053984 0.1162
-0.02364 -0.058216 0.129469
-0.058179 -0.038622 0.105928
0.036731 -0.048757 0.002512
0.022845 0.088344 -0.007196
0.058962 0.03957 -0.007281
0.052169 0.064674 0.126964
-0.04672 -0.048745 0.047655
-0.082578 0.004434 0.144956
-0.071023 -0.063004 0.09895
-0.078783 -0.010633 0.071777
0.062674 0.060621 0.045843
-0.00209 -0.059427 -0.006875
0.015294 -0.057953 0.049364
-0.067988 -0.028903 0.078858
0.071349 0.041064 0.068485
-0.009923 -0.017524 -0.001798
-0.081843 -0.001377 0.105881
0.040043 0.030785 -0.001798
-0.017599 -0.059573 0.108905
-0.067754 -0.013823 -0.007258
-0.07637 -0.016008 0.132156
-0.084748 -0.069317 0.080343
-0.049109 0.039097 -0.007284
-0.021428 -0.058865 -0.004042
-0.054648 0.080916 -0.006162
0.020506 0.087546 0.126964
0.003752 0.097909 0.034619
-0.080158 0.04474 0.053782
-0.084326 0.023755 0.115556
-0.080158 0.04474 0.091035
0.061406 0.049336 0.047292
-0.082746 0.002418 0.004258
-0.004034 0.098385 0.023909
-0.084419 0.021806 0.132156
0.051889 0.074432 0.047516
-0.081942 -0.062176 0.065857
-0.030866 0.09406 0.023909
-0.059103 0.077125 0.088061
0.055091 0.067014 0.150607
0.067226 0.001776 0.141789
0.009541 0.097052 0.049364
0.064575 0.055032 -0.006875
0.047203 0.069856 0.1162
0.060545 0.06389 0.056371
0.061654 -0.024424 0.088061
0.054545 0.071574 -0.000551
-0.041924 -0.058217 0.037972
0.049096 0.077155 0.008144
-0.063594 -0.025715 0.135456
0.029898 -0.05252 0.065263
0.043954 -0.024347 -0.001396
0.051056 -0.028225 0.126964
-0.017166 0.084835 -0.001396
-0.037841 0.086169 0.146215
0.050801 -0.028011 0.061074
-0.065822 0.070062 0.081724
-0.079708 0.023472 0.146215
0.02455 -0.054893 0.091035
0.057086 -0.030748 0.100827
-0.079486 -0.008813 0.032639
-0.010189 0.073904 -0.001799
0.073154 0.033475 0.11972
-0.005939 -0.060579 -0.001864
-0.017654 -0.059533 0.028401
0.011454 0.096672 0.096418
0.005535 0.096537 -0.006875
-0.049644 -0.058681 0.02447
0.035019 0.08759 0.071777
-0.065294 -0.0326 0.113894
0.022075 -0.053836 0.149955
-0.059686 -0.029492 0.047292
-0.062706 -0.034501 0.05983
-0.030697 -0.05632 0.039099
0.011498 -0.058856 0.100827
-0.035091 -0.051155 0.15037
0.073485 0.031552 0.132156
-0.013025 0.0912 0.089844
-0.078903 -0.002555 0.150607
0.054575 -0.033733 -0.004903
0.0316 0.08947 0.021605
-0.059864 0.0674 0.009066
-0.053548 -0.015621 -0.007284
-0.072536 0.045894 0.089844
-0.01377 0.097904 0.04429
0.040001 -0.046628 -0.005609
-0.07267 0.060582 0.081724
-0.02334 -0.058432 -0.001864
-0.07267 0.060582 0.045843
0.073495 0.006298 -0.000551
0.072355 0.000559 0.110332
-0.005867 -0.05452 0.015454
0.044639 -0.034487 0.061074
0.003797 -0.060097 0.068485
-0.062326 0.064767 0.015454
-0.073557 -0.021017 0.045413
-0.05436 -0.04278 0.092405
0.014291 -0.054154 0.148991
-0.063681 -0.037413 0.120528
-0.004034 0.098385 0.059171
-0.037058 0.088871 0.150607
0.060929 0.041656 -0.00044
-0.078031 -0.012439 0.126871
-0.030866 0.09406 0.059171
-0.026778 0.087048 -0.007258
0.026352 -0.054146 0.02618
0.049096 0.077155 0.126871
-0.075011 0.004235 -0.007258
0.043228 -0.038364 0.146215
-0.03266 -0.055612 0.067643
0.017174 -0.057433 0.000909
0.013358 0.096245 0.10736
-0.064034 -0.026055 0.141789
0.020893 -0.056253 0.039826
-0.049227 0.077015 0.047292
0.073488 0.031553 0.10736
0.035058 -0.04976 0.093833
-0.081315 0.041014 0.134879
0.024507 0.092716 0.02618
-0.052085 -0.066329 0.125309
-0.049974 0.084435 0.096418
-0.051532 -0.045532 -0.004042
0.045315 -0.023249 -0.001396
0.010151 0.062945 -0.001799
0.041559 0.083338 0.111934
-0.079394 0.027133 0.146215
-0.075798 0.000218 0.009066
0.029858 0.090347 0.129469
0.043635 -0.007328 -0.001799
-0.071614 0.038128 -0.00044
0.039961 -0.046571 0.137581
0.01596 -0.041147 -0.001748
-0.084326 0.023755 0.000909
0.04269 -0.040632 0.15037
0.039963 0.084461 0.02618
-0.052989 -0.044911 0.021579
-0.028906 -0.056911 0.041804
-0.071964 0.049558 0.135456
-0.069421 0.065448 0.068485
0.055601 -0.032043 -0.006577
-0.056181 0.07971 -0.000551
0.058001 -0.009925 -0.007281
0.06881 0.048439 0.02618
-0.073542 -0.021195 0.034564
0.0637 -0.021102 0.056371
-0.033825 -0.055314 0.107527
-0.072635 0.060561 -0.006162
-0.025229 -0.057961 -0.003028
0.02273 -0.055596 0.068485
-0.061425 0.051775 -0.001396
0.07421 0.012106 0.028403
-0.084419 0.015955 0.039826
0.070001 0.004964 0.15037
0.07421 0.012106 0.002512
-0.080404 0.023515 0.148991
-0.076688 0.005532 0.1162
0.071349 0.041064 0.036486
-0.070179 -0.026285 0.032549
-0.027034 0.088429 0.1162
0.066457 -0.015941 0.10736
0.060545 0.063891 0.019287
0.046207 -0.041903 0.093833
-0.021451 -0.040634 -0.007284
0.060376 0.050828 0.089844
0.022687 0.093418 -0.005609
-0.000135 0.098243 0.041335
0.064661 -0.019404 0.071777
0.017056 -0.026228 -0.007284
-0.009838 -0.060436 0.084946
0.074353 0.014052 0.124375
0.068062 0.050242 0.05144
0.005688 0.09767 0.016973
-0.017636 -0.059546 0.117584
0.074495 0.019901 0.105881
-0.0215 -0.058813 0.036409
-0.06243 -0.048035 0.044422
-0.07317 0.046148 0.015454
-0.077972 0.016194 0.047292
-0.082755 0.035344 0.032639
-0.066431 -0.069675 0.029245
-0.083453 -0.064073 0.081736
0.074495 0.01795 0.117573
-0.071452 -0.024397 0.110729
-0.05654 -0.078572 0.089843
0.059448 -0.027642 -0.005609
0.046172 0.079739 0.032639
-0.021551 -0.058776 0.010248
0.020402 0.034557 -0.001798
-0.073673 0.058908 0.115556
-0.076074 -0.055981 0.113734
-0.050714 -0.041247 0.148991
-0.081855 0.03914 0.102668
-0.028978 -0.056857 0.111015
-0.070383 0.050786 0.004489
-0.028054 0.080906 -0.007284
-0.07547 -0.017768 0.0284
-0.009883 0.09824 0.105881
-0.075424 -0.054263 0.045732
-0.061737 -0.036591 0.024694
-0.072471 0.04979 0.141789
-0.044315 -0.008566 -0.001799
-0.023795 -0.029295 -0.007284
0.0316 0.08947 0.010248
-0.0568 -0.041616 0.133606
-0.054787 -0.034736 0.034718
-0.014803 0.091023 0.103626
0.044664 0.080976 -0.004042
0.074448 0.016 0.032639
0.064404 -0.017074 0.14867
-0.076382 -0.016001 0.030558
-0.020601 -0.054685 -0.007196
-0.017604 -0.059569 0.002512
0.036441 0.055616 -0.007284
0.06558 -0.017684 0.10736
-0.070189 0.048746 0.001421
-0.064334 -0.032875 0.110666
-0.03704 0.084529 0.047292
-0.050559 -0.046903 0.132053
-0.04527 0.005726 -0.007284
-0.082964 0.004362 0.1402
-0.069247 -0.067146 0.070585
0.038108 -0.037703 0.001421
0.019041 -0.056866 0.002512
-0.002319 0.09189 0.047292
0.050509 0.075811 0.041335
-0.078032 -0.012438 0.12199
0.018997 0.094686 -0.001864
-0.076647 0.001863 0.135456
0.066457 -0.015941 0.034619
0.055063 0.03985 -0.001748
0.006644 0.091316 0.023954
0.073162 0.004376 0.032639
0.011147 -0.014128 -0.001799
0.042304 -0.037266 0.015454
-0.0788 0.048397 -0.001864
-0.021427 -0.058866 -0.004903
-0.048352 0.085519 -0.004042
-0.083987 0.010119 0.045843
-0.050465 0.001984 -0.007284
-0.061988 -0.07381 0.032116
-0.075352 -0.056533 0.034682
0.003797 -0.060097 0.036486
-0.054967 -0.0764 0.111016
0.030736 0.087803 0.149955
0.034301 0.013579 -0.007284
0.072773 0.035388 0.045843
-0.074563 -0.019444 0.038141
-0.058973 -0.039215 0.019813
-0.039519 -0.054781 0.118882
0.009585 -0.059237 0.021605
0.033361 -0.050722 0.11972
0.034998 -0.042525 0.009066
0.017015 -0.050477 0.103626
0.073775 0.029623 0.11972
-0.082329 0.037247 0.071777
-0.075553 0.05549 0.002512
0.036731 -0.048757 0.102668
0.060066 -0.012687 -0.007258
-0.081573 -0.061621 0.05854
-0.07643 0.053747 0.117573
0.02085 0.094074 0.115556
-0.069138 -0.051889 0.112545
0.052235 -0.026861 0.009066
-0.083992 0.027642 -0.005609
0.044664 0.080976 0.012434
-0.059436 -0.070784 0.028989
0.067102 0.028726 0.004489
-0.033533 -0.054921 0.137542
0.0447 -0.043141 0.023909
0.018761 -0.05006 0.1162
-0.063248 -0.034813 0.132007
0.024481 0.092651 0.137581
-0.076753 -0.009792 -0.007075
-0.028971 -0.056882 0.092425
0.070185 -0.006933 0.023909
-0.032241 0.092161 0.14867
0.011255 0.071708 -0.001799
0.00937 0.096051 -0.006875
0.073154 0.033475 0.098756
-0.01467 0.089865 0.001421
0.065071 -0.001391 0.1162
-0.069421 0.065448 0.036486
-0.054671 0.080946 0.132156
0.06558 -0.017684 0.034619
-0.069939 -0.026504 0.021606
-0.080158 0.04474 0.078432
-0.039822 -0.054329 0.041883
0.056222 0.058749 0.047292
-0.073673 0.058908 0.000909
0.011785 0.089613 -0.007258
0.070796 -0.005081 0.000909
0.051921 -0.036593 0.036486
0.014519 0.001666 -0.007284
-0.081855 0.03914 -0.004903
-0.075501 -0.017686 0.044154
0.02273 -0.055596 0.036486
-0.025267 0.09576 0.104335
-0.048352 0.085519 0.012434
-0.027147 0.095239 0.115556
0.0316 0.08947 0.047516
-0.027156 0.088814 0.023954
-0.080769 0.042887 0.126871
0.069512 0.046619 0.049364
-0.011829 0.098096 0.004258
-0.077264 0.051983 0.028403
0.071349 0.041064 0.065263
-0.078033 -0.012432 0.049352
0.067271 0.052025 0.096418
-0.017646 -0.059539 0.012434
0.033552 -0.043601 0.015454
-0.01377 0.097904 0.108826
-0.053135 0.082148 0.010248
-0.077264 0.051983 0.002512
-0.004034 0.098385 0.05144
-0.082709 0.002427 -0.006162
-0.030866 0.09406 0.05144
-0.054631 -0.043174 -0.003028
0.072345 0.037291 0.062147
-0.064964 -0.040463 0.11659
-0.007935 0.098336 0.111934
0.060545 0.063891 0.088061
-0.084468 0.019856 0.053782
-0.009471 0.09155 0.103626
-0.066958 -0.028602 0.14867
-0.084468 0.019856 0.091035
-0.043334 0.088529 0.12199
0.046579 0.053887 -0.001748
0.031641 -0.051642 0.023909
0.073495 0.006298 0.11972
0.052952 -0.025153 0.075459
0.017174 -0.057433 0.039826
-0.041465 0.089162 0.142678
-0.037123 0.084699 0.126964
-0.07646 0.047462 0.150607
0.068745 0.048413 0.137581
0.0447 -0.043141 0.059171
-0.045229 0.042342 -0.001799
-0.068724 0.05396 0.089844
-0.036325 0.091952 0.056371
0.02631 0.09197 -0.004042
0.035819 0.081665 0.146215
-0.019297 0.086756 -0.00044
-0.084179 0.012061 0.075105
0.070185 -0.006933 0.059171
0.070909 0.006687 -0.007075
-0.065822 0.070062 0.10736
0.065758 0.041337 0.141789
0.017279 -0.05131 0.135456
-0.084183 0.0257 0.030561
0.072355 0.000559 -0.003028
-0.004109 0.092091 0.034718
-0.032804 0.088404 0.146215
0.060571 -0.026047 -0.005609
-0.084326 0.023755 0.039826
-0.027093 -0.057453 0.102137
-0.048834 -0.04941 0.022516
-0.074028 -0.076305 0.044873
0.02085 0.094074 0.000909
0.06791 0.01084 0.023954
-0.083067 0.033417 0.137581
0.026352 -0.054146 0.045843
-0.016571 0.090767 0.004489
-0.077876 0.021567 0.1162
0.001811 0.098099 -0.004042
0.039487 -0.039515 0.015454
0.009585 -0.059237 0.010248
0.003752 0.097909 0.019287
-0.082913 -0.0633 0.105083
-0.07267 0.060582 0.10736
-0.039815 -0.05251 -0.006162
0.065557 0.055529 0.132156
-0.03049 -0.04976 0.009066
0.024507 0.092716 0.045843
-0.077236 -0.014206 0.051399
0.060545 0.063891 0.042806
-0.080158 0.04474 0.088061
-0.042934 -0.058179 0.033982
-0.06706 0.068554 0.084946
0.031767 0.054728 -0.001799
0.029898 -0.05252 0.111934
-0.070273 -0.02591 -0.006577
-0.044996 0.087506 0.137581
-0.025265 -0.057934 0.040877
-0.063239 0.072986 0.000909
-0.00789 -0.060531 -0.005609
0.003797 -0.060097 0.065263
-0.044695 0.079902 0.103626
0.068062 0.050242 -0.000551
0.007663 -0.059572 0.071777
-0.073102 0.000929 -0.007258
0.039963 0.084461 0.045843
0.041681 0.077373 -0.007196
0.047684 -0.040629 0.056371
0.046203 0.064559 -0.007281
0.031641 -0.051642 0.059171
-0.050913 0.082424 -0.006875
0.02631 0.09197 0.012434
0.073455 0.006305 -0.006162
0.07435 0.0238 0.11972
-0.067663 0.059747 -0.007196
0.06881 0.048439 0.045843
-0.027147 0.095239 0.000909
0.061629 0.062269 0.071777
-0.073671 0.058907 0.132156
-0.050256 -0.046441 0.019981
0.047078 -0.039927 -0.006875
0.0732 0.012208 -0.006875
0.02455 -0.054893 0.088061
-0.074488 -0.008914 0.146215
-0.064838 -0.03302 0.126809
0.035019 0.08759 0.117573
-0.081787 0.039122 0.137581
-0.053135 0.082148 0.047516
-0.084468 0.017905 0.036486
-0.030645 -0.056359 0.110022
-0.065822 0.070062 0.034619
0.07421 0.012106 0.102668
-0.009598 0.093622 0.146215
0.072736 0.03538 -0.006162
0.04118 0.079617 0.15037
-0.071451 -0.02425 0.064675
-0.075931 0.041298 -0.007196
0.072345 0.037291 0.04429
0.064639 0.057251 0.030561
-0.053389 -0.041758 0.149955
-0.045044 -0.049746 -0.000551
-0.069421 0.065448 0.065263
0.047382 0.075309 0.150607
0.001856 -0.060289 0.081724
-0.038108 0.091161 0.056371
-0.058923 -0.040162 0.128134
0.045948 0.073765 0.146215
-0.039871 0.090326 0.016973
-0.065758 -0.032316 -0.001864
0.051921 -0.036593 0.065263
-0.07267 0.060582 0.034619
0.02273 -0.055596 0.065263
-0.055366 -0.044276 0.045748
-0.059785 -0.037267 -0.006875
-0.041342 0.077867 -0.007281
0.018086 0.069315 -0.001798
-0.041614 0.089449 0.000909
0.041595 -0.045505 0.004258
0.071867 0.039183 0.132156
0.074446 0.021852 0.075105
0.063407 -0.020932 -0.006577
0.014078 0.074371 -0.007284
0.060035 0.008203 -0.007281
0.006578 -0.052842 -0.007258
0.028135 -0.053355 0.081724
-0.064387 -0.037326 0.038049
-0.019766 0.088783 0.001421
-0.078054 0.0502 0.006141
-0.084323 0.014006 0.113674
0.005688 0.09767 0.032639
0.062414 0.047818 0.023954
0.009585 -0.059237 0.047516
0.044664 0.080976 0.008144
-0.019575 -0.059201 0.008144
0.073775 0.029623 0.098756
0.071362 -0.003214 0.11972
0.041559 0.083338 0.110332
0.010241 -0.052926 0.015454
-0.015706 0.097665 0.021605
0.064238 0.016373 -0.007281
0.010193 -0.052699 0.034718
0.06729 -0.014177 0.004258
0.029898 -0.05252 0.030561
-0.073815 0.044466 0.015454
0.032893 0.087773 0.146973
-0.030312 -0.049288 0.089844
-0.057443 0.078193 0.142678
0.057086 -0.030747 -0.005609
-0.072133 -0.076867 0.043247
0.060545 0.063891 0.100827
-0.06706 0.068554 0.038223
-0.013725 -0.060102 0.084965
-0.063201 -0.034645 0.113941
0.062697 -0.022776 0.041335
0.071814 -0.001316 0.137581
-0.079501 0.046577 0.096418
0.013358 0.096245 0.096418
0.059421 0.065485 0.11972
-0.084421 0.021806 0.075105
0.043126 0.082176 -0.005609
0.052873 0.052779 -0.001396
-0.02541 0.089245 0.009066
-0.0035 -0.005187 -0.001798
0.0637 -0.021102 0.111934
-0.037638 0.090163 -0.006875
-0.082746 0.002418 0.124375
-0.053255 -0.035716 0.061074
-0.048352 0.085519 0.008144
0.016805 -0.05616 0.14867
-0.054918 -0.029773 -0.00044
-0.05738 -0.040316 0.071351
-0.04351 -0.049912 0.14498
0.054545 0.071574 0.098756
-0.075553 0.05549 0.102668
-0.073673 0.058908 0.039826
-0.06296 -0.035285 0.114388
0.062674 0.060621 0.091035
0.070796 -0.005081 0.039826
-0.074598 0.057191 -0.006162
0.07017 0.044783 0.096418
0.064661 -0.019404 0.117573
0.07421 0.012106 -0.004903
0.057058 0.068589 0.053782
-0.059315 -0.037656 0.044588
-0.015684 0.0975 0.1402
-0.05664 -0.041394 0.017649
0.001811 0.0981 0.10736
-0.025933 0.078953 -0.001748
0.057058 0.068589 0.091035
-0.074563 -0.019392 0.042611
0.009541 0.097052 -0.004042
-0.07643 0.053747 0.11972
-0.011307 0.092053 0.015454
-0.061663 0.074173 0.142678
0.003752 0.097909 0.088061
-0.036712 -0.053855 0.00614
-0.004034 0.098385 -0.000551
-0.078753 0.027062 0.141789
-0.080721 -0.067286 0.044737
0.036522 -0.041561 0.023954
-0.025308 0.088905 0.061074
-0.030866 0.09406 -0.000551
0.073162 0.004376 0.006141
0.036774 -0.026025 -0.001798
-0.074634 0.057211 0.115556
-0.073673 0.058908 0.117573
-0.038099 0.091142 0.134879
-0.074634 0.057211 0.071777
0.031582 0.089437 -0.006162
0.054575 -0.033733 0.036486
-0.030809 -0.056292 0.051682
-0.084194 0.019856 -0.006577
0.012819 -0.055977 0.150607
0.0447 -0.043141 0.05144
0.073495 0.006298 0.098756
0.074347 0.0238 0.132156
0.070185 -0.006933 0.05144
0.073142 0.00438 0.134879
0.038268 0.067849 -0.007281
-0.084468 0.017905 0.065263
0.020893 -0.056253 0.010248
-0.081843 -0.001377 0.02618
-0.082755 0.035344 0.014682
-0.077213 0.010858 0.004489
0.036731 -0.048757 0.129469
0.034652 0.05754 -0.007284
-0.06826 0.067016 0.006141
-0.070872 -0.050952 0.0301
0.050194 -0.00886 -0.007284
0.046172 0.079739 0.014682
-0.050147 -0.050227 0.107231
-0.077264 0.051983 0.102668
0.052442 0.060287 -0.007258
0.063795 0.048325 -0.007196
-0.03387 0.086241 0.009066
0.069528 -0.00877 0.081724
0.01525 0.095772 0.006141
-0.041609 -0.051638 -0.001864
0.072782 0.002463 -0.005609
-0.084468 0.019856 0.078432
-0.074567 -0.019381 0.085123
-0.061473 -0.069545 0.028105
0.066457 -0.015941 0.019287
-0.062058 -0.07721 0.037935
0.02085 0.094074 0.039826
-0.066963 0.057068 0.103626
-0.005985 0.098384 0.006141
0.007618 0.097385 0.041335
0.003752 0.097909 0.042806
0.074448 0.016 0.014682
-0.066348 -0.054373 0.125722
0.054545 0.071574 0.028403
-0.064689 -0.033123 0.134797
0.068158 0.01623 0.034718
-0.066184 -0.073557 0.120109
-0.022663 -0.032527 -0.001799
-0.083754 0.029578 0.113674
-0.054673 0.080948 -0.004042
-0.072521 -0.022657 0.043734
0.057086 -0.030748 0.032639
-0.082329 0.037247 0.117573
-0.063353 -0.011686 -0.007281
-0.051568 0.083311 0.034619
0.01713 0.095252 0.006141
0.063493 0.01499 -0.007281
-0.063141 0.070296 0.149955
0.02631 0.09197 0.008144
-0.005659 0.085231 -0.001396
0.074206 0.025746 -0.005609
0.031641 -0.051642 0.05144
-0.063239 0.072986 0.039826
0.015437 -0.051439 0.009066
0.066863 -0.011872 0.14867
-0.005961 0.096507 0.149955
-0.060904 -0.036943 0.142703
0.040001 -0.046628 0.021605
-0.043914 -0.0503 0.010148
0.073162 0.004376 0.014682
-0.075553 0.05549 -0.004903
0.005613 0.097117 0.144956
-0.050092 0.081269 0.150607
-0.049982 -0.068174 0.117371
0.025358 -0.05183 0.150607
-0.074977 -0.003292 0.015454
-0.031283 0.089586 -0.007196
0.07435 0.0238 0.098756
-0.027147 0.095239 0.039826
0.010071 -0.052193 0.004489
0.005733 -0.059858 0.004258
0.073495 0.006298 0.028403
-0.001745 0.042821 -0.001798
0.071928 0.021758 0.150607
0.06558 -0.017684 0.019287
-0.044028 -0.06064 0.123054
-0.013088 0.091725 0.009066
-0.076234 0.035802 0.126964
0.001811 0.098099 0.008144
-0.076156 0.033949 0.089844
0.068826 -0.010591 0.113674
-0.061262 -0.038057 0.124898
0.071349 0.041064 0.111934
0.018237 0.092283 0.150607
-0.06826 0.067016 0.014682
0.04202 0.074801 0.047292
-0.001636 -0.035377 -0.001799
0.028735 0.083953 0.009066
0.008402 -0.052895 0.047292
-0.083135 0.03343 0.04429
-0.044892 -0.060737 0.123989
0.074171 0.019897 0.142678
-0.056059 -0.046644 0.127085
-0.054673 0.080948 0.012434
-0.029714 -0.05635 0.129456
-0.070544 0.063853 0.041335
0.049129 -0.039318 0.113674
-0.013739 -0.060093 0.028402
-0.051834 0.008575 -0.001799
0.057318 0.063931 -0.007075
-0.015643 -0.031303 -0.001799
0.020893 -0.056253 0.047516
-0.023375 0.096234 0.108826
-0.035447 -0.047651 0.034718
-0.057657 0.078435 0.108826
-0.054344 -0.071471 0.034459
0.068232 0.019823 0.126964
-0.005985 0.098384 0.014682
-0.084179 0.012061 0.124375
0.018818 0.088162 0.009066
0.057412 0.057377 0.009066
0.011454 0.096672 0.016973
-0.049873 -0.046565 0.082267
-0.055449 -0.044365 0.107
-0.041614 0.089449 0.039826
0.017084 -0.057122 0.142678
-0.049604 0.077511 0.135456
-0.084468 0.019856 0.088061
-0.077264 0.051983 -0.004903
-0.007935 0.098336 0.110332
-0.017591 -0.059578 -0.005609
-0.011827 0.098075 0.134879
0.013544 0.089291 0.075459
-0.056181 0.07971 0.028403
-0.004073 -0.053876 0.103626
0.040328 0.081634 -0.007075
-0.081074 -0.063745 0.116861
-0.05055 0.075799 0.061074
-0.056181 0.07971 0.002512
-0.041347 0.033815 -0.001798
-0.051569 0.083311 0.062147
-0.034523 0.092699 0.004258
-0.002038 -0.06053 0.113674
-0.019528 0.096881 0.1402
-0.058065 -0.080241 0.09891
0.054575 -0.033733 0.065263
-0.039285 -0.032471 -0.007284
-0.078783 -0.010633 0.049363
0.022687 0.093418 0.021605
-0.069018 -0.027107 0.049498
0.071362 -0.003214 0.098756
0.003752 0.097909 0.100827
-0.075514 -0.017738 0.004258
-0.06706 0.068554 0.105881
0.074014 0.027687 0.053782
-0.037763 -0.044691 -0.007258
0.074014 0.027687 0.091035
-0.002084 0.098338 -0.000551
-0.067357 -0.029897 0.129439
-0.032703 0.093402 0.053782
-0.083433 0.029535 0.142678
0.059448 -0.027642 0.021605
-0.032703 0.093402 0.091035
0.051826 0.0644 0.103626
-0.057355 -0.06256 0.024505
-0.049618 -0.05041 0.022783
0.001856 -0.060289 0.10736
0.059421 0.065485 0.098756
0.026352 -0.054146 0.034619
-0.049974 0.084435 0.016973
0.038341 0.085544 0.049364
-0.081833 0.033188 0.14867
-0.013047 0.091394 0.1162
-0.013728 -0.0601 0.002512
0.074495 0.019901 0.02618
0.052365 0.054264 -0.001396
-0.021356 0.096116 0.144956
-0.040132 0.086595 0.15037
0.004885 -0.053622 0.034718
-0.039871 0.090326 0.032639
-0.084323 0.014006 0.093833
-0.062869 -0.034736 0.079028
-0.057963 -0.061347 0.047607
-0.068757 -0.028134 0.026175
-0.080138 0.044733 0.134879
0.029898 -0.05252 0.110332
0.041559 0.083338 -0.003028
0.063677 0.058948 -0.001864
-0.011491 0.094181 0.148991
0.06742 0.030575 0.023954
0.046017 -0.04167 -0.006577
-0.05292 -0.044117 0.061209
0.071349 0.041064 0.030561
0.071882 -0.001333 0.006141
-0.009883 0.09824 0.02618
-0.08324 -0.063694 0.097529
-0.030782 -0.056309 0.101047
-0.019558 0.097044 0.115556
-0.017646 -0.059539 0.119725
0.039963 0.084461 0.034619
-0.083987 0.010119 0.091035
0.028135 -0.053355 0.10736
-0.076538 0.00556 0.103626
0.072773 0.035388 0.091035
0.065559 0.05553 -0.001864
0.05699 -0.019261 0.103626
0.053235 0.073019 0.062147
0.06881 0.048439 0.034619
0.015151 -0.057413 0.144956
0.054045 0.028419 -0.007284
0.072355 0.000559 0.023909
0.042249 -0.037202 0.023954
-0.058513 -0.038579 0.096626
-0.065822 0.070062 0.019287
0.0447 -0.043141 -0.000551
-0.01833 0.090455 0.103626
-0.076272 0.039554 0.141789
-0.081855 0.03914 0.036486
0.00282 0.089706 0.001421
0.070185 -0.006933 -0.000551
0.048147 -0.032913 0.141789
-0.002084 0.098317 0.134879
0.044489 -0.034326 -0.007258
-0.053596 -0.03894 0.148991
-0.011829 0.098096 0.124375
0.02273 -0.055596 0.111934
0.051889 0.074432 0.041335
0.057058 0.068589 0.078432
-0.051048 0.082592 0.146973
0.057283 -0.006377 -0.007281
-0.033573 -0.047524 -0.007258
-0.044328 -0.055914 0.113648
0.06808 -0.012393 0.093833
0.064661 -0.019404 0.11972
-0.005939 -0.060579 0.071777
-0.029014 0.094672 0.006141
0.019041 -0.056866 0.129469
0.001856 -0.060289 0.034619
-0.07267 0.060582 0.019287
-0.083992 0.027642 0.021605
-0.051569 0.083311 0.04429
-0.011753 -0.059994 -0.006577
-0.042932 -0.054695 0.124069
0.066457 -0.015941 0.042806
-0.010498 -0.047198 -0.001396
0.019191 0.001438 -0.001798
0.063828 -0.010572 0.146215
0.036438 -0.048281 0.144956
-0.026398 -0.055145 -0.007075
-0.083468 0.031508 -0.001864
-0.068013 0.055612 0.1162
0.036625 -0.045018 0.15037
-0.07395 -0.004844 0.1162
0.007601 -0.042125 -0.001748
-0.073449 -0.021286 0.023908
0.042052 -0.036968 0.047292
0.061197 0.055355 0.148991
-0.034482 -0.054948 0.096742
-0.033654 0.077596 -0.007281
0.029232 0.067734 -0.001798
0.036967 0.083431 0.150607
0.071882 -0.001333 0.014682
-0.075553 0.05549 0.129469
-0.065671 0.062739 0.146215
0.022687 0.093418 0.010248
-0.081843 -0.001377 0.045843
0.003797 -0.060097 0.030561
-0.084183 0.0257 0.12199
0.072355 0.000559 0.059171
0.069732 0.023515 0.146215
0.041428 0.049065 -0.007284
0.016245 0.080676 -0.007281
0.043265 0.070696 -0.007258
0.04674 0.019971 -0.007284
-0.023246 0.095691 0.144956
-0.054382 -0.044013 0.132007
-0.036838 -0.054275 0.039576
-0.080063 0.040652 0.14867
-0.023331 -0.058439 0.050757
0.013402 -0.058428 0.096418
0.012273 -0.039707 -0.001748
-0.06975 -0.010756 0.001421
-9e-05 -0.060433 0.081724
-0.071159 0.061926 0.144956
0.06558 -0.017684 0.042806
-0.019558 0.097044 0.000909
-0.07774 0.014413 0.061074
-0.079486 -0.008813 0.038223
0.005688 0.09767 0.014682
-0.078054 0.0502 0.104335
-0.002369 -0.052281 0.001421
0.054545 0.071574 0.102668
0.058286 -0.029209 0.115556
0.0637 -0.021102 0.110332
-0.082755 0.035344 0.084946
0.069528 -0.00877 0.10736
0.053235 0.073019 0.04429
0.046172 0.079739 0.084946
-0.054673 0.080948 0.008144
-0.069421 0.065448 0.030561
0.071341 -0.001191 0.144956
0.062674 0.060621 0.088061
0.016569 -0.041684 -0.007284
-0.029014 0.094672 0.014682
-0.002086 0.098268 0.137581
-0.03621 0.082829 0.001421
-0.04819 -0.066416 0.119732
-0.027615 0.090262 0.146215
-0.074517 -0.019508 0.119731
0.057058 0.068589 0.088061
0.073781 0.008228 0.113674
-0.07704 0.045691 -0.007075
-0.074988 -0.001418 0.061074
0.026352 -0.054146 0.091035
0.06766 0.023387 0.103626
-0.080143 -0.006976 0.075105
-0.080756 -0.005124 0.081724
-0.083135 0.03343 0.108826
0.02273 -0.055596 0.030561
0.060571 -0.026047 0.021605
-0.077264 0.051983 0.129469
0.053266 -0.035179 0.093833
0.05807 -0.02904 -0.006577
-0.017636 0.097378 0.093833
0.074448 0.016 0.084946
-0.065737 -0.049293 0.125579
-0.064533 0.071526 0.134879
-0.068594 -0.057752 0.125203
0.01196 0.090351 0.015454
-0.074634 0.057211 0.117573
0.024507 0.092716 0.091035
-0.075713 -0.071675 0.116297
-0.011784 -0.060293 0.044283
-0.060429 -0.036246 0.044637
0.043162 -0.044342 0.049364
-0.037149 -0.050989 0.150607
-0.070408 0.06376 0.1402
-0.03455 -0.05486 -0.000551
-0.016797 0.092174 0.141789
-0.024262 0.085116 -0.00044
-0.07639 -0.015953 0.051343
0.039963 0.084461 0.091035
0.053184 0.072972 0.137581
0.064639 0.057251 0.12199
0.068826 -0.010591 0.093833
0.001811 0.0981 0.096418
-0.072485 -0.022895 0.034537
0.066457 -0.015941 0.100827
-0.068396 -0.080789 0.049361
0.073162 0.004376 0.084946
0.066109 0.033961 0.004489
-0.064069 -0.033949 0.114233
-0.081855 0.03914 0.065263
-0.072393 -0.022998 0.014682
0.067271 0.052025 0.016973
-0.083992 0.027642 0.010248
-0.07783 0.021565 0.061074
0.011498 -0.058856 0.006141
-0.045694 0.062699 -0.007284
-0.00789 -0.060531 0.021605
-0.066112 -0.031455 0.023922
0.036692 0.086587 0.108826
-0.070316 0.063701 -0.006577
0.022687 0.093418 0.047516
-0.055155 -0.065779 0.125309
-0.065344 -0.040051 0.122172
0.049129 -0.039318 0.093833
0.0637 -0.021102 -0.001864
0.064587 -0.006935 0.141789
0.073492 0.006299 0.132156
0.039385 -0.024847 -0.001748
-0.082318 0.000515 0.041335
-0.003988 -0.060578 -0.001864
0.022559 -0.00544 -0.001799
0.046115 0.071304 0.034718
0.068062 0.050242 0.028403
-0.011815 0.09793 0.1402
-0.007935 0.098336 -0.003028
-0.06826 0.067016 0.084946
-0.053042 -0.044411 0.004258
0.049096 0.077155 0.113674
0.068062 0.050242 0.002512
-0.056181 0.07971 0.102668
-0.014861 0.090543 -0.007258
0.070308 0.034866 0.150607
-0.07267 0.060582 0.088061
-0.011829 0.098093 0.132156
-0.002084 0.098338 0.11972
0.016278 -0.054345 0.15037
-0.051568 0.083311 0.019287
-0.064815 -0.033023 0.014679
0.066437 0.053788 0.081724
-0.036977 0.0844 0.061074
0.058286 -0.029209 0.000909
0.018997 0.094686 0.071777
0.054545 0.071574 -0.004903
0.011454 0.096672 0.032639
-0.005985 0.098384 0.084946
-0.045031 0.087567 0.004258
0.06558 -0.017684 0.100827
0.074353 0.014052 0.126871
0.074014 0.027687 0.078432
-0.081893 0.029326 0.149955
0.070796 -0.005081 0.010248
0.01525 0.095772 0.104335
-0.0788 0.048397 0.071777
-0.01537 -0.024874 -0.001798
-0.070248 -0.025673 0.104074
-0.023632 -0.058218 0.132156
-0.082746 0.002418 -0.004042
-0.032703 0.093402 0.078432
-0.074555 -0.019363 0.058904
-0.070542 -0.051707 0.028696
0.043513 -0.035915 0.034718
-0.076409 -0.015982 -0.003028
0.011 0.086304 -0.007281
-0.013731 -0.060098 0.03648
-0.065822 0.070062 0.042806
0.057086 -0.030748 0.014682
-0.028953 -0.056897 0.100529
-0.015641 -0.059527 0.142678
-0.034433 0.014157 -0.001798
-0.075239 0.053167 0.14867
0.067144 -0.005888 0.15037
0.051331 -0.033419 -0.007075
0.072345 0.037291 0.104335
-0.051802 0.074487 0.004489
-0.075493 -0.017744 0.034599
-0.039237 -0.000367 -0.001798
-0.053748 -0.048585 0.127176
0.033321 0.088551 0.108826
0.074495 0.019901 0.045843
0.01713 0.095252 0.104335
0.055381 0.060346 0.126964
0.020441 0.087369 0.047292
0.040001 -0.046628 0.053782
0.011498 -0.058856 0.014682
-0.030618 -0.056382 0.108821
0.071349 0.041064 0.110332
0.040001 -0.046628 0.091035
-0.084468 0.017905 0.030561
-0.081322 -0.003257 0.021605
0.073495 0.006298 -0.004903
0.029898 -0.05252 -0.003028
-0.046294 -0.032996 -0.001396
0.055849 -0.032256 0.093833
-0.069738 0.052475 0.1162
0.03332 0.088548 0.132156
0.060571 -0.026047 0.010248
0.062706 0.054049 0.15037
-0.078508 0.023399 0.135456
-0.00016 -0.059292 -0.006875
0.007663 -0.059572 0.11972
0.068673 -0.010529 0.1402
0.025084 -0.051191 0.15037
-0.009883 0.09824 0.081724
-0.078783 -0.010633 0.09642
-0.009883 0.09824 0.045843
-0.07267 0.060582 0.042806
-0.000135 0.098243 0.108826
0.043113 0.08216 0.134879
-0.076351 -0.05437 0.045023
-0.076956 0.030462 0.061074
0.068824 -0.01059 0.132156
0.061629 0.062269 0.11972
-0.030986 -0.056113 0.115923
-0.083992 0.027642 0.047516
-0.049974 0.084435 0.032639
-0.066927 0.057045 0.089844
-0.025267 0.09576 -0.005609
0.051887 0.07443 0.132156
0.057086 -0.030747 0.021605
0.067638 0.01267 0.061074
-0.058225 -0.048337 0.045427
0.070763 0.042924 0.134879
-0.082746 0.002418 0.012434
-0.044364 0.086423 0.14867
0.043126 0.082176 0.021605
0.037289 -0.042817 -0.007196
0.040492 0.035823 -0.007284
-0.048581 0.082472 -0.007075
-0.054612 0.072293 0.061074
0.016079 -0.053659 0.148991
-0.0589 -0.06865 0.124316
-0.074804 -0.052491 0.12334
0.003111 0.092115 0.135456
0.072355 0.000559 0.05144
0.0316 0.08947 0.041335
-0.038067 -0.053374 0.078949
-0.018314 0.090427 0.004489
-0.056181 0.07971 -0.004903
0.073154 0.033475 0.068485
0.038341 0.085544 0.002512
-0.059103 0.077125 0.006141
-0.00951 0.092185 0.015454
0.074014 0.027687 0.088061
0.07017 0.044783 0.075105
-0.027808 -0.053117 0.148991
-0.023661 0.089674 0.034718
0.061654 -0.024424 0.006141
0.070796 -0.005081 0.047516
-0.050001 -0.063799 0.114097
0.062744 -0.00816 0.1162
-0.032703 0.093402 0.088061
-0.01911 -0.056873 -0.007075
-0.011785 -0.060292 0.113675
0.068761 0.038363 0.15037
-0.056309 -0.065449 0.125326
0.026352 -0.054146 0.019287
-0.019558 0.097044 0.039826
-0.071719 -0.049031 0.042033
0.068016 -0.012366 0.137581
0.062533 0.060534 0.1402
-0.004034 0.098385 0.028403
-0.050333 0.078467 0.146215
-0.046704 0.086563 0.038223
-0.030866 0.09406 0.028403
-0.015556 -0.058975 0.146973
-0.067353 -0.029892 0.021613
-0.004034 0.098385 0.002512
-0.066741 0.059054 0.135456
-0.026029 -0.053658 0.148991
-0.030866 0.09406 0.002512
0.061514 0.045493 0.001421
-0.073325 -0.052575 0.034233
0.053955 0.068576 -0.007075
0.070028 -0.00688 0.1402
-0.041572 -0.051662 0.071307
0.052195 -0.026835 0.126964
-0.065822 0.070062 0.100827
0.009197 0.095206 0.149955
0.050542 -0.037973 0.056371
0.059448 -0.027642 0.053782
-0.064168 -0.066937 0.027009
-0.070959 -0.013319 0.015454
-0.023331 -0.058439 0.061677
0.059448 -0.027642 0.091035
0.039963 0.084461 0.019287
-0.083987 0.010119 0.088061
0.060571 -0.026047 0.047516
-0.049075 0.076815 0.103626
0.013358 0.096245 0.016973
-0.079501 0.046577 0.016973
-0.057339 -0.071456 0.030614
0.027996 -0.053059 -0.006577
0.072773 0.035388 0.088061
0.06881 0.048439 0.019287
0.073488 0.031553 0.016973
0.072782 0.002463 0.021605
-0.07117 0.049195 0.075459
-0.0683 -0.018025 0.009066
-0.080158 0.04474 0.062147
0.0637 -0.021102 -0.003028
0.071882 -0.001333 0.084946
0.072235 0.002578 0.144956
-0.00024 -0.010543 -0.001798
-0.050019 -0.046595 0.006135
-0.066493 -0.041623 0.040899
-0.05485 -0.075975 0.059211
-0.036325 0.091952 -0.001864
0.065316 -0.001462 0.034718
-0.07267 0.060582 0.100827
-0.041614 0.089449 0.010248
0.066811 0.032292 0.047292
0.04765 0.078465 0.041335
0.067224 -0.012039 -0.006875
-0.083573 -0.064264 0.097995
-0.080124 -0.00697 0.134879
0.054575 -0.033733 0.030561
-0.042824 -0.051405 0.127466
0.02273 -0.055596 0.110332
0.044843 0.047143 -0.001799
-9e-05 -0.060433 0.10736
-0.011979 -0.046621 -0.007281
0.060434 -0.013003 0.075459
-0.018722 0.092865 -0.007196
0.001856 -0.060289 0.019287
0.074206 0.025746 0.021605
0.073781 0.008228 0.093833
-0.054659 0.077845 -0.007075
0.02455 -0.054893 0.062147
0.005688 0.09767 0.084946
-0.051405 -0.045353 0.061279
-0.038108 0.091161 0.110332
0.001842 -0.060124 0.1402
-0.033425 -0.055055 0.124412
0.067793 0.019817 0.103626
0.041559 0.083338 0.023909
-0.070368 0.05079 0.089844
0.043126 0.082176 0.010248
-0.077827 0.03618 0.146215
-0.053135 0.082148 0.041335
0.039952 0.084444 0.134879
-0.028927 0.094384 -0.006577
0.064406 -0.003058 0.103626
-0.029014 0.094672 0.084946
0.03486 0.051904 -0.007284
-0.034523 0.092699 0.124375
-0.080756 -0.005124 0.10736
0.035057 -0.049758 0.132156
-0.040791 -0.046309 -0.007196
-0.075193 -0.05743 0.03329
0.01525 0.095771 -0.000551
0.028135 -0.053355 0.019287
-0.078033 -0.012437 0.117574
-0.002084 0.098338 0.098756
0.033392 0.081227 0.034718
-0.042095 0.082532 0.135456
0.047684 -0.040629 -0.001864
-0.038177 -0.053607 0.107963
0.058286 -0.029209 0.039826
-0.081843 -0.001377 0.034619
-0.082755 0.035344 0.105881
-0.04053 -0.052601 0.027184
-0.038117 -0.0532 0.026397
0.046172 0.079739 0.105881
-0.015685 -0.059847 0.032634
0.046207 -0.041903 0.004258
-0.044648 -0.062234 0.038768
-0.078783 -0.010633 0.078433
0.047748 -0.032523 0.135456
-0.06234 -0.080509 0.111932
-0.05561 -0.041291 0.04738
0.069512 0.046619 0.129469
-0.059542 -0.038534 0.140325
0.068062 0.050242 0.102668
0.073154 0.033475 0.036486
-0.050505 -0.070063 0.040745
-0.057552 -0.069832 0.054717
-0.080143 -0.006976 0.124375
-0.075432 0.03931 0.023954
-0.080793 -0.077555 0.085841
0.062294 -0.004221 0.001421
-9e-05 -0.060433 0.034619
0.064792 -0.017275 0.146973
0.074448 0.016 0.105881
0.047199 -0.031988 0.061074
-0.062925 0.062959 0.075459
-0.009838 -0.060436 0.039825
0.067271 0.052025 0.032639
-0.02335 -0.058425 0.107769
-0.063166 0.032702 -0.007284
-0.061892 0.074397 0.132156
-0.023331 -0.058439 0.099442
-0.023596 0.089427 0.1162
0.061178 0.049232 0.103626
0.041559 0.083338 0.059171
-0.038108 0.091161 -0.001864
0.043162 -0.044342 0.002512
0.003762 -0.059776 0.142678
-0.041614 0.089449 0.047516
-0.080158 0.04474 0.04429
-0.052622 0.050705 -0.001799
0.026352 -0.054146 0.088061
-0.02143 -0.058864 0.104716
0.007663 -0.059572 0.098756
0.048453 -0.021589 -0.001396
-0.054971 0.078273 0.149955
-0.061512 -0.071802 0.122528
0.072782 0.002463 0.010248
0.035622 0.056648 -0.001798
-0.053487 0.073721 0.034718
0.073162 0.004376 0.105881
-0.080756 -0.005124 0.034619
-0.0286 0.0572 -0.001798
-0.082746 0.002418 0.008144
0.070185 -0.006933 0.098756
0.061629 0.062269 0.098756
-0.013726 -0.060102 -0.000551
0.024507 0.092716 0.088061
0.066437 0.053788 0.10736
0.008737 -0.05469 0.146215
-0.077247 0.007255 0.034718
-0.011829 0.098096 -0.004042
0.033361 -0.050722 0.068485
0.005235 -0.044507 -0.001748
0.057086 -0.030747 0.047516
-0.033724 0.085891 0.061074
0.073775 0.029623 0.068485
-0.065226 -0.031456 0.097107
-0.002084 0.098338 0.028403
0.042007 -0.008468 -0.001798
-0.06706 0.068554 0.02618
0.040001 -0.046628 0.078432
0.039963 0.084461 0.088061
0.043126 0.082176 0.047516
-0.009838 -0.060436 0.093834
0.071349 0.041064 -0.003028
-0.071627 0.062231 0.093833
0.072355 0.000559 -0.000551
-0.019527 -0.059236 0.108962
0.036199 0.08225 0.148991
-0.078376 0.025202 0.135456
0.074206 0.025746 0.010248
0.06881 0.048439 0.088061
-0.03718 -0.054126 0.11032
-0.047774 -0.046878 -0.006875
-0.077238 -0.014212 0.042781
-0.084183 0.0257 0.023909
0.058702 0.064965 0.146973
0.051852 -0.026561 0.103626
0.058259 0.067052 0.004258
0.030838 -0.01785 -0.001799
-0.064661 -0.033152 0.021632
-0.070754 -0.013219 0.034718
-0.005985 0.098384 0.105881
-0.073318 0.04428 0.061074
-0.076393 -0.015958 0.059092
-0.046267 0.079035 0.1162
0.024835 0.080673 -0.007281
-0.05834 -0.038483 0.049075
-0.043151 -0.043074 0.103626
0.035058 -0.04976 0.075105
0.011498 -0.058856 0.084946
-0.055765 0.057195 -0.001748
-0.009883 0.09824 0.10736
0.056868 0.055005 0.001421
-0.078001 -0.01242 -0.006162
-0.00789 -0.060531 0.053782
-0.011829 0.098096 0.012434
-0.04443 -0.060707 0.123557
-0.065562 -0.03935 0.121011
0.068062 0.050242 -0.004903
-0.034403 0.092399 0.142678
0.018997 0.094686 0.117573
0.003797 -0.060097 0.12199
-0.04839 -0.047683 0.002512
-0.000289 0.095728 0.150607
-0.063188 0.072938 0.137581
0.0447 -0.043141 0.028403
-0.071308 0.049258 0.1162
-0.0788 0.048397 0.117573
0.068409 -0.006323 0.149955
0.065084 -0.017426 0.144956
0.0447 -0.043141 0.002512
0.070185 -0.006933 0.028403
-0.070226 -0.02565 0.102322
-0.063951 -0.017453 -0.007281
-0.066134 -0.027786 0.150607
-0.043333 0.088527 0.132156
-0.068125 -0.029024 0.037642
0.034859 -0.042305 0.047292
0.06881 0.048439 0.042806
-0.064548 0.07154 0.056371
-0.029016 -0.056847 -0.000551
-0.039304 -0.053907 0.042088
-0.020473 -0.054337 0.146215
0.022591 -0.049999 0.141789
0.072782 0.002463 0.047516
-0.004034 0.098385 0.102668
0.060545 0.063891 0.006141
0.022687 0.093418 0.078432
0.072752 0.035384 0.134879
0.039703 0.001464 -0.001799
-0.084183 0.0257 0.059171
-0.025233 -0.028259 -0.001799
-0.030866 0.09406 0.102668
0.061567 -0.011558 0.034718
0.052413 0.043154 -0.001748
-0.069421 0.065448 0.12199
-0.02143 -0.058864 0.045464
0.073154 0.033475 0.065263
0.074495 0.019901 0.034619
-0.01377 0.097904 0.000909
-0.081855 0.03914 0.030561
-0.083748 0.008183 0.004258
-0.032611 0.093156 -0.006577
-0.062991 -0.037923 0.0308
0.060022 0.054708 0.141789
0.064639 0.057251 0.023909
-0.06635 -0.062932 0.10108
-0.069385 -0.027686 -0.003028
0.059448 -0.027642 0.078432
0.001856 -0.060289 0.042806
0.051921 -0.036593 0.12199
0.017601 0.090275 0.146215
0.051005 0.066043 0.034718
-0.054632 -0.016712 -0.001748
0.074206 0.025746 0.047516
-0.009883 0.09824 0.034619
-0.042936 -0.059896 0.039537
0.044664 0.080976 0.113674
-0.068717 0.062632 -0.007075
-0.064875 -0.03204 0.108704
0.005606 0.056747 -0.001798
-0.079466 -0.008806 0.134879
0.031641 -0.051642 0.002512
0.05582 0.070097 0.049364
-0.066625 -0.029854 0.046441
-0.081322 -0.003257 0.053782
-0.065204 0.067022 -0.007075
-0.081322 -0.003257 0.091035
-0.067865 -0.063582 0.124671
0.028135 -0.053355 0.042806
0.055818 0.070095 0.132156
-0.059945 0.024531 -0.001799
0.012451 0.092422 0.148991
-0.069303 -0.063788 0.098148
0.028093 0.091178 0.132156
0.041595 -0.045505 -0.004042
0.07435 0.0238 0.068485
0.02273 -0.055596 -0.003028
0.038791 0.00852 -0.001798
0.073775 0.029623 0.036486
0.013358 0.096245 0.032639
-0.073387 -0.000979 0.001421
-0.048352 0.085519 0.113674
-0.005939 -0.060579 0.11972
-0.067528 0.066446 -0.006875
0.045636 -0.041224 0.146973
0.073488 0.031553 0.032639
0.017111 0.088737 0.009066
0.020893 -0.056253 0.041335
-0.03149 -0.042684 -0.001396
-0.038108 0.091161 -0.003028
0.029898 -0.05252 0.023909
-0.084468 0.019856 0.062147
-0.049107 -0.039119 0.061074
0.038379 -0.047713 0.108826
-0.029794 0.081192 -0.001396
0.060545 0.063891 0.014682
0.062133 0.047698 0.047292
0.06729 -0.014177 -0.004042
0.064639 0.057251 0.059171
0.011314 -0.057988 0.146973
-0.06917 -0.027363 0.082418
-0.083461 0.006253 0.056371
0.007618 0.097385 0.108826
-0.011784 -0.060293 0.088069
-0.063605 -0.034491 0.126721
0.053235 0.073019 0.104335
-0.044213 -0.050098 0.014215
0.02455 -0.054893 0.006141
-0.062803 -0.038972 0.042127
-0.076757 0.037798 0.141789
-0.046241 0.078997 0.061074
-0.061894 0.074399 0.093833
0.054545 0.071574 0.036486
0.041559 0.083338 0.05144
-0.053148 -0.047829 0.046082
-0.045031 0.087567 0.124375
0.06881 0.048439 0.100827
-0.057791 0.035145 -0.001799
0.002006 0.084427 -0.007281
0.00981 0.06848 -0.007284
-0.032953 -0.054737 0.144953
-0.07546 -0.080678 0.088728
-0.059103 0.077125 0.104335
0.071882 -0.001333 0.105881
-0.004034 0.098385 -0.004903
0.033512 0.081423 0.015454
0.074495 0.01795 0.068485
-0.084419 0.015955 0.041335
-0.030866 0.09406 -0.004903
-0.040152 0.082751 0.061074
-0.029519 -0.056476 0.028382
0.037814 -0.040277 0.047292
0.041595 -0.045505 0.012434
-0.015693 -0.059841 0.028402
0.061654 -0.024424 0.104335
0.013402 -0.058428 0.016973
-0.045381 0.06635 -0.001748
0.034956 0.08033 0.009066
0.050542 -0.037973 0.111934
-0.084179 0.012061 0.126871
0.068954 0.025292 0.141789
0.070782 0.042931 0.056371
-0.037586 -0.003045 -0.001798
0.036164 0.078902 0.004489
-0.07864 0.017978 0.135456
0.065063 0.055273 0.144956
-0.075714 0.033981 -0.007258
-0.067089 -0.055556 0.024801
-0.039958 -0.052448 0.000909
0.063677 0.058948 0.071777
0.001856 -0.060289 0.100827
0.008993 0.084477 -0.001396
0.060199 -0.014893 0.015454
0.073495 0.006298 0.036486
0.005688 0.09767 0.105881
0.071362 -0.003214 0.068485
-0.081335 0.04102 -0.001864
0.043574 0.053427 -0.007284
-0.075151 0.046939 0.148991
-0.049532 0.074488 0.001421
0.001639 -0.057779 0.150607
0.06729 -0.014177 0.012434
0.05804 -0.017806 0.1162
-0.002287 -0.053833 0.075459
-0.084468 0.017905 0.12199
-0.070179 -0.0753 0.037781
0.029898 -0.05252 0.059171
0.069558 -0.002691 0.149955
-0.000144 -0.059547 0.146973
0.065559 0.05553 0.071777
-0.071877 -0.009793 0.075459
-0.027277 -0.057315 0.113914
-0.075494 -0.017669 0.053597
-0.009838 -0.060436 0.05637
-0.043334 0.088529 0.049364
0.059421 0.065485 0.068485
-0.078033 -0.012432 0.05636
-0.083754 0.029578 0.096418
-0.083127 0.004331 0.049364
0.047385 0.070035 0.034718
0.069528 -0.00877 0.042806
-0.077606 0.023333 0.004489
0.056816 0.063601 0.15037
-0.048253 -0.047651 0.05809
0.028135 -0.053355 0.100827
0.059631 -0.014599 0.075459
-0.075506 -0.017687 0.085049
0.04221 0.077908 0.148991
-0.059732 -0.077181 0.040156
-0.009839 -0.060436 0.124375
-0.070987 -0.015427 -0.007196
0.068062 0.050242 0.129469
-0.078034 -0.012433 0.10589
-0.011829 0.098096 0.008144
-0.073542 -0.021195 0.115611
0.033361 -0.050722 0.056371
-0.005011 0.080675 -0.007284
0.027206 -0.033309 -0.001798
0.064279 0.000693 0.001421
0.001811 0.0981 0.016973
-0.06706 0.068554 0.045843
0.015509 0.089653 0.135456
-0.084468 0.019856 0.04429
-0.07643 0.053747 0.068485
-0.004547 -0.043408 -0.001748
0.060571 -0.026047 0.078432
0.07187 0.039184 0.12199
0.040666 -0.038105 0.047292
0.064913 0.039195 0.075459
-0.036357 -0.054111 -0.000551
-0.053146 -0.045034 0.132053
-0.039871 0.090326 0.038223
0.000641 0.073862 -0.001799
-0.077517 0.028733 0.034718
0.035344 0.084346 -0.007075
-0.032236 -0.055843 0.110416
-0.081843 -0.001377 0.019287
-0.03917 -0.052868 0.124112
-0.083468 0.031508 0.071777
0.07131 0.041053 -0.006162
-0.021472 0.096662 -0.001864
-0.08047 -0.00301 0.146973
-0.057612 -0.040667 -0.003028
-0.082441 0.0294 0.14867
0.07435 0.0238 0.036486
-0.072702 -0.008199 0.1162
-0.071523 -0.011596 0.034718
0.073775 0.029623 0.065263
0.04293 0.081919 0.142678
0.073326 0.012182 0.146973
0.003752 0.097909 0.006141
0.063639 -0.021067 0.137581
-0.075496 -0.017673 0.056198
0.065741 0.003825 -0.007258
-0.043418 -0.054008 0.026178
0.008458 -0.053195 0.023954
-0.048937 0.057743 -0.007284
-0.025267 0.09576 0.021605
0.012771 -0.05589 -0.007075
0.041891 -0.036777 0.075459
0.020836 0.094034 -0.006162
-9e-05 -0.060433 0.019287
0.061093 0.039934 -0.00044
-0.084183 0.0257 0.05144
0.032758 -0.021705 -0.001798
-0.033705 -0.05488 0.02162
-0.077284 0.030515 0.126964
-0.00789 -0.060531 0.078432
0.011796 -0.051721 0.004489
0.017239 0.089129 0.135456
-0.074616 0.057201 0.134879
0.005733 -0.059858 -0.004042
-0.056866 -0.039802 -0.006875
-0.050452 -0.035352 -0.007258
0.015305 -0.050996 0.103626
-0.079009 -0.064605 0.039183
-0.047354 -0.04829 0.015869
0.074446 0.021852 0.126871
-0.011788 -0.06029 0.124375
-0.073294 -0.060933 0.029166
-0.078782 -0.010633 0.014682
-0.01377 0.097904 0.039826
0.054337 0.071395 -0.006577
0.060487 0.063851 0.137581
-0.078054 0.0502 -0.005609
0.018997 0.094686 0.11972
0.0447 -0.043141 0.102668
-0.055993 -0.077928 0.05865
0.054545 0.071574 0.065263
-0.010051 0.060983 -0.007284
-0.032564 0.087806 0.141789
0.056974 0.057107 0.004489
0.031771 0.082014 0.047292
0.068989 0.046425 0.144956
-0.0788 0.048397 0.11972
-0.034193 0.091876 0.146973
0.070185 -0.006933 0.102668
-0.026218 -0.04287 -0.007281
0.067602 0.026974 0.047292
-0.080756 -0.005124 0.019287
-0.028971 -0.056879 -0.004903
-0.036752 0.037404 -0.001798
0.034352 0.086445 0.14867
-0.07246 -0.066321 0.030712
-0.025225 0.0956 0.1402
-0.002038 -0.06053 0.096418
0.051853 -0.026561 0.075459
-0.059953 -0.081565 0.098953
-0.023375 0.096234 0.115556
-0.057657 0.078435 0.115556
-0.053318 -0.052893 0.023159
0.057086 -0.030748 0.105881
0.054493 0.071528 0.137581
-0.075789 0.02671 0.001421
0.061782 -0.011656 0.015454
0.046101 -0.041777 0.1402
-0.07254 -0.022664 0.085367
0.054575 -0.033733 0.12199
-0.013733 -0.060097 0.008144
0.057058 0.068589 0.062147
0.069528 -0.00877 0.100827
0.038344 0.075928 0.001421
-0.084421 0.021806 0.126871
-0.071608 0.041801 -0.007258
0.035058 -0.04976 0.124375
0.011498 -0.058856 0.105881
0.064224 -0.00299 0.004489
-0.080353 0.021657 -0.007196
0.073495 0.006298 0.065263
0.013947 -0.052848 -0.007196
0.071362 -0.003214 0.036486
0.038341 0.085544 0.129469
0.005733 -0.059858 0.012434
0.03407 0.082222 -0.007196
0.003752 0.097909 0.014682
0.017174 -0.057433 0.041335
-0.077926 -0.074299 0.047718
-0.021427 -0.058866 0.099216
-0.034523 0.092699 -0.004042
0.053921 -0.030634 0.150607
0.066437 0.053788 0.096418
0.013515 0.050669 -0.001798
-0.007935 0.098336 0.05144
-0.065822 0.070062 0.032639
0.031641 -0.051642 0.102668
0.064639 0.057251 0.05144
-0.081322 -0.003257 0.078432
-0.063666 -0.041387 0.027656
0.059421 0.065485 0.036486
-0.069745 -0.00696 -0.00044
0.047232 -0.03202 0.1162
0.006962 0.053668 -0.001798
-0.069316 -0.044246 0.03868
0.054466 -0.024043 0.023954
0.013584 -0.051474 0.075459
-0.072552 -0.082639 0.085966
-0.084326 0.023755 0.041335
0.041559 0.083338 -0.000551
-0.030782 -0.056309 0.049274
-0.025496 -0.057578 0.1402
-0.030866 0.09406 0.129469
-0.070773 0.050988 0.034718
-0.020805 0.093517 0.15037
-0.053853 -0.004964 -0.001798
-0.060515 0.075779 0.093833
-0.064306 0.071326 0.142678
-0.003988 -0.060578 0.071777
0.041595 -0.045505 0.008144
-0.074566 -0.019409 0.041181
-0.07154 0.049364 0.034718
-0.075737 0.049208 0.150607
0.046207 -0.041903 0.124375
-0.02337 0.096214 0.134879
-0.048352 0.085519 0.093833
0.071349 0.041064 0.023909
0.043126 0.082176 0.078432
0.020807 -0.055993 -0.006577
0.04923 -0.036629 0.149955
0.035019 0.08759 0.068485
-0.025267 0.09576 0.010248
-0.079367 -0.061468 0.04288
-0.054118 -0.073169 0.053768
0.0447 -0.043141 -0.004903
-0.046444 -0.050855 0.022889
0.073154 0.033475 0.111934
-0.056589 -0.0708 0.102681
-0.057352 -0.040277 0.082593
0.070185 -0.006933 -0.004903
-0.032953 0.061939 -0.001799
-0.045443 -0.043317 0.141789
0.01525 0.095772 -0.005609
-0.081843 -0.001377 0.088061
-0.034523 0.092699 0.012434
-0.080959 -0.066167 0.045839
0.06729 -0.014177 0.008144
0.07435 0.0238 0.065263
-0.048072 -0.054976 0.125829
0.062729 0.046006 0.1162
-0.069984 -0.026472 0.016974
0.029898 -0.05252 0.05144
0.070729 -0.00506 0.137581
0.074495 0.019901 0.019287
-0.023375 0.096234 0.000909
-0.057657 0.078435 0.000909
0.008349 -0.052607 0.089844
0.034391 -0.048616 0.14867
-0.068113 -0.028676 0.041404
-0.03266 -0.055612 0.082575
-0.070544 0.063853 -0.001864
0.053974 -0.011485 -0.001396
0.072345 0.037291 -0.005609
-0.083149 0.031457 0.142678
-0.033034 0.08472 -0.007258
-0.073577 -0.021085 0.109074
-0.009883 0.09824 0.019287
-0.057381 -0.03225 0.126964
0.01713 0.095252 -0.005609
0.074495 0.01795 0.056371
0.057058 0.068589 0.04429
0.068279 0.019819 0.009066
-0.04988 -0.046574 0.071504
0.072355 0.000559 0.098756
-0.034193 -0.055131 0.104459
0.060545 0.063891 0.104335
0.006866 0.092348 -0.007196
-0.065211 -0.031362 0.100151
0.003842 -0.044079 -0.001748
-0.037202 -0.053518 0.012416
-0.082755 0.035344 0.02618
-0.013415 0.094708 0.15037
-0.040433 -0.049544 -0.007075
-0.030697 -0.05632 0.111273
0.071349 0.041064 0.059171
0.031641 -0.051642 -0.004903
0.046172 0.079739 0.02618
-0.06287 -0.053913 0.023763
-0.013726 -0.060102 0.044265
-0.081843 -0.001377 0.042806
-0.012647 -0.051468 -0.007258
0.028135 -0.053355 0.016973
-0.078034 -0.012435 0.111937
0.072782 0.002463 0.078432
-0.058025 -0.058119 0.046713
0.003797 -0.060097 0.023909
0.011454 0.096672 0.038223
0.066457 -0.015941 0.006141
0.074448 0.016 0.02618
-0.054673 0.080948 0.113674
-0.078783 -0.010633 0.036486
-0.083992 0.027642 0.041335
-0.060567 -0.002688 -0.001798
-0.034335 -0.027902 -0.001799
0.05338 0.049493 -0.007281
-0.073566 -0.021036 0.106259
-0.051339 -0.065926 0.045168
0.02631 0.09197 0.093833
0.071362 -0.003214 0.065263
0.074019 0.010165 0.004258
-9e-05 -0.060433 0.042806
-0.025267 0.09576 0.047516
0.073884 0.025718 0.142678
-0.063272 -0.035259 0.115119
0.074206 0.025746 0.078432
0.0579 0.064385 0.149955
0.064661 -0.019404 0.068485
0.073154 0.033475 0.030561
-0.080158 0.04474 0.104335
0.073162 0.004376 0.02618
-0.073644 -0.021146 -0.001864
-0.073833 -0.064087 0.064951
0.059421 0.065485 0.065263
0.043162 -0.044342 0.129469
-0.01122 -0.053721 0.061074
-0.07643 0.053747 0.056371
-0.028548 -0.002997 -0.007284
0.068226 0.010805 0.135456
-0.069421 0.065448 0.023909
0.069291 0.032755 0.148991
0.051695 0.071588 -0.007075
0.074014 0.027687 0.062147
-0.080756 -0.005124 0.042806
0.072355 0.000559 0.028403
-0.032703 0.093402 0.062147
0.02273 -0.055596 0.023909
0.06558 -0.017684 0.006141
-0.077742 0.023352 0.061074
0.072355 0.000559 0.002512
0.050542 -0.037973 0.110332
0.001811 0.0981 0.032639
-0.056886 0.06021 -0.001396
-0.056088 -0.033498 0.034718
-0.049974 0.084435 0.038223
0.070796 -0.005081 0.041335
0.06808 -0.012393 0.004258
0.02455 -0.054893 0.104335
-0.083135 0.03343 0.115556
0.063677 0.058948 0.117573
-0.039143 -0.054803 0.04005
0.070782 0.042931 0.111934
-0.062534 -0.035455 0.113597
0.017702 -0.052383 -0.007196
0.003797 -0.060097 0.059171
-0.070979 -0.011335 0.004489
0.04887 -0.006687 -0.001798
0.040752 0.076085 0.126964
-0.034351 -0.054887 0.118145
-0.081855 0.03914 0.12199
0.005733 -0.059858 0.008144
-0.071333 -0.024627 0.032572
0.066457 -0.015941 0.014682
-0.013674 0.096893 -0.006875
-0.083987 0.010119 0.062147
0.003442 -0.056902 0.15037
0.03668 -0.035828 -0.00044
0.049096 0.077155 0.096418
-0.007935 0.098336 -0.000551
-0.068981 0.054101 0.047292
0.046162 -0.04185 0.137581
-0.067481 0.033726 -0.001748
-0.036325 0.091952 0.071777
-0.083985 0.014027 -0.006577
0.074495 0.019901 0.088061
0.036692 0.086587 0.115556
0.066997 0.032327 0.126964
0.069528 -0.00877 0.016973
-0.069421 0.065448 0.059171
-0.082329 0.037247 0.068485
-0.072404 0.04778 0.023954
-0.069309 -0.075171 0.117421
-0.057965 -0.056855 0.1263
-0.064018 0.009388 -0.007284
0.013584 -0.051473 0.103626
-0.009883 0.09824 0.088061
0.04435 -0.042705 0.144956
-0.038067 -0.053374 0.071266
-0.079486 -0.008813 0.081724
0.04051 -0.03791 0.103626
-0.046842 -0.048876 0.046785
0.033361 -0.050722 0.111934
0.02273 -0.055596 0.059171
-0.06706 0.068554 0.034619
0.016483 0.086822 0.001421
0.06008 -0.023401 0.149955
-0.03078 0.093799 -0.006577
0.032858 0.00831 -0.001798
-0.06262 -0.018288 -0.007281
0.073775 0.029623 0.111934
-0.074531 -0.019494 0.032619
0.02085 0.094074 0.041335
0.050542 -0.037973 -0.001864
-0.064115 -0.038242 0.034111
-0.083468 0.031508 0.117573
-0.055571 -0.047892 0.045838
0.0316 0.08947 0.108826
-0.050725 -0.038279 0.126964
-9e-05 -0.060433 0.100827
0.0447 -0.043141 0.129469
0.062674 0.060621 0.006141
0.044865 -0.034731 0.126964
0.06558 -0.017684 0.014682
-0.03858 -0.053173 0.122363
-0.034523 0.092699 0.008144
0.030188 -0.041307 -0.00044
0.074014 0.027687 0.04429
-0.058829 -0.036256 -0.007075
-0.063239 0.072986 0.041335
0.047684 -0.040629 0.071777
0.053266 -0.035179 0.004258
-0.084323 0.014006 0.075105
0.041259 -0.033288 -0.00044
0.05003 -0.029716 0.015454
0.029898 -0.05252 -0.000551
-0.065284 -0.068305 0.064989
-0.064524 0.035368 -0.007284
-0.032703 0.093402 0.04429
-0.082453 0.002485 -0.006577
0.029613 0.089844 0.144956
0.074495 0.019901 0.042806
-0.064597 -0.033081 0.112474
-0.080756 -0.005124 0.100827
-0.007889 -0.060511 0.134879
-0.083135 0.03343 0.000909
-0.073577 -0.021085 0.04109
-0.027147 0.095239 0.041335
-0.023711 -0.022007 -0.001798
-0.074345 0.042742 0.023954
0.015294 -0.057953 0.093833
-0.023375 0.096234 0.039826
-0.057657 0.078435 0.039826
-0.005956 0.09737 -0.006875
-0.084468 0.017905 0.023909
-0.027224 -0.056709 0.144955
0.033321 0.088551 0.115556
-0.070341 -0.025974 0.039303
-0.047585 -0.062301 0.116152
-0.068705 -0.020389 0.146215
-0.009883 0.09824 0.042806
-0.04673 -0.025713 -0.001748
0.003752 0.097909 0.104335
-0.070516 -0.026086 -0.004042
0.010201 0.090744 0.015454
-0.05083 0.004772 -0.001799
0.028094 0.09118 0.049364
-0.000529 0.091802 0.047292
-0.002084 0.098338 0.068485
0.066628 0.01802 0.001421
-0.069066 -0.027215 0.057621
-0.048783 -0.021805 -0.007284
0.031641 -0.051642 0.129469
-0.000135 0.098243 0.115556
0.035019 0.08759 0.056371
-0.035802 -0.054524 0.105344
-0.07641 -0.060417 0.122619
0.040544 0.075825 0.061074
0.048904 0.0116 -0.001798
-0.038108 0.091161 0.071777
-0.015706 0.097665 0.062147
-0.061002 -0.028257 0.126964
0.009541 0.097052 0.093833
0.071349 0.041064 0.05144
0.059446 -0.027641 0.132156
-0.002266 -0.054388 0.023954
-0.044538 -0.048485 0.14867
-0.034523 0.092699 0.126871
-0.05959 0.074831 0.14867
0.036692 0.086587 0.000909
-0.045031 0.087567 0.012434
-0.07724 -0.014211 0.08174
0.041483 0.063356 -0.007284
-0.041576 -0.051671 0.089986
0.011454 0.096672 0.105881
-0.026464 -0.054981 0.150607
-0.017592 -0.059578 0.104474
-0.003897 0.04871 -0.001798
0.064539 0.040951 0.1162
-0.07267 0.060582 0.006141
-0.041614 0.089449 0.041335
-0.019036 -0.034638 -0.007284
-0.025824 -0.052996 0.146215
-0.040929 -0.052031 0.127496
-0.082318 0.000515 -0.001864
0.073775 0.029623 0.030561
0.013696 -0.051897 0.126964
0.059717 0.063303 -0.006875
-0.083127 0.004331 -0.004042
-0.070199 0.054708 -0.007196
-0.028916 -0.056916 0.104316
-0.018592 0.091862 0.141789
-0.060786 0.063491 0.001421
-0.084468 0.017905 0.059171
-0.075744 0.041297 0.141789
-0.080143 -0.006976 0.126871
0.040511 -0.03791 0.075459
-0.082755 0.035344 0.045843
-0.067791 -0.028526 0.048996
-0.059008 -0.039393 -0.000551
-0.053135 0.082148 0.108826
0.007663 -0.059572 0.068485
0.072697 0.027541 0.14867
0.046172 0.079739 0.045843
0.067271 0.052025 0.038223
0.050509 0.075811 0.071777
-0.003988 -0.060578 0.117573
-0.068333 0.060089 0.148991
0.061629 0.062269 0.068485
0.001856 -0.060289 0.032639
0.047226 0.051096 -0.001798
0.06731 0.026942 0.089844
0.046218 0.066497 -0.00044
0.054545 0.071574 0.030561
-0.076732 0.007338 -0.007258
-0.029311 -0.056619 0.117726
-0.065822 0.070062 0.014682
-0.009836 -0.060402 -0.006162
0.074448 0.016 0.045843
0.005688 0.09767 0.02618
-0.035013 -0.054914 0.041885
0.07435 0.0238 0.111934
0.036315 0.079139 0.047292
0.055849 -0.032256 0.004258
0.033321 0.088551 0.000909
0.074495 0.019901 0.100827
-0.039414 -0.051712 -0.006875
0.0637 -0.021102 -0.000551
-0.0778 0.050095 -0.006577
-0.041613 0.089447 0.132156
-0.01106 -0.052264 0.001421
0.065539 -0.001527 0.015454
0.003797 -0.060097 0.05144
0.061942 -0.02231 0.146973
-0.072659 -0.008182 0.061074
0.073154 0.033475 0.110332
-0.080769 0.042887 0.096418
-0.059527 0.067102 0.075459
-0.064548 0.07154 0.110332
-0.083127 0.004331 0.012434
0.028135 -0.053355 0.032639
-0.009883 0.09824 0.100827
-0.043387 -0.03268 -0.007284
-0.080495 0.021663 0.148991
0.071852 0.033232 0.14867
-0.066964 0.057068 0.075459
-0.07267 0.060582 0.014682
-0.000135 0.098243 0.000909
-0.048616 -0.051272 0.108061
0.073162 0.004376 0.045843
-0.075289 0.039269 0.034718
-0.08072 -0.005113 -0.006162
-0.045597 -0.058042 0.124763
-0.077542 0.009028 0.126964
0.065866 0.049259 -0.007075
0.064661 -0.019404 0.056371
0.025536 0.085592 0.023954
0.073495 0.006298 0.030561
-0.035275 -0.054682 0.115149
0.07421 0.012106 0.12199
0.009585 -0.059237 0.108826
-0.055393 -0.003709 -0.001799
-0.015706 0.097665 0.04429
-0.025393 -0.051542 0.023954
0.054575 -0.033733 0.023909
0.056035 0.044907 -0.001396
-0.076315 -0.015974 0.137581
-0.017636 0.097378 0.075105
0.031568 0.089408 0.137581
-0.061918 -0.026689 0.1162
0.013822 0.067101 -0.007284
0.037422 -0.003521 -0.001799
-0.078036 -0.012435 -0.005609
0.072355 0.000559 0.102668
0.050542 -0.037973 -0.003028
-0.038751 -0.053683 0.034227
-0.068956 -0.027996 0.010248
0.049554 -0.029296 0.075459
-0.069421 0.065448 0.05144
0.074495 0.01795 0.111934
-0.051569 0.083311 -0.005609
0.013358 0.096245 0.084946
-0.084468 0.019856 0.104335
0.006597 -0.052954 0.103626
0.073488 0.031553 0.084946
0.068826 -0.010591 0.075105
0.063677 0.058948 0.11972
0.040001 -0.046628 0.062147
0.02273 -0.055596 0.05144
-0.060893 -0.036652 0.144963
0.023049 0.089067 0.148991
-0.017591 -0.059578 0.096582
-0.002084 0.098338 0.036486
-0.065567 0.006828 -0.007284
-0.044499 -0.060266 0.033906
-0.049704 0.071905 -0.00044
-0.046704 0.086563 0.081724
0.065559 0.05553 0.11972
0.024387 0.092416 0.142678
0.049129 -0.039318 0.075105
-0.064804 -0.037986 0.040159
0.071362 -0.003214 0.111934
-0.058984 -0.036795 0.149955
-0.083754 0.029578 0.016973
-0.03996 -0.055569 0.038203
-0.059255 -0.039177 0.132998
-0.078054 0.0502 0.021605
-0.047827 -0.015979 -0.001799
-0.064548 0.07154 -0.001864
-0.015707 0.097665 0.010248
-0.026577 0.074484 -0.001798
-0.053123 0.082132 0.134879
-0.07253 -0.022813 0.11213
-0.021912 -0.052459 0.023954
0.041559 0.083338 0.098756
0.014815 -0.056138 0.149955
0.031427 0.085108 0.148991
-0.071205 -0.024748 0.026175
-0.083987 0.010119 0.006141
0.059421 0.065485 0.111934
0.07262 0.002497 0.1402
0.054575 -0.033733 0.059171
0.07435 0.0238 0.030561
0.072773 0.035388 0.006141
-0.011143 0.089868 0.001421
0.046207 -0.041903 -0.004042
-0.082746 0.002418 0.113674
0.066457 -0.015941 0.084946
-0.082329 0.037247 0.056371
0.026399 0.087478 -0.007196
-0.002038 -0.06053 0.075105
-0.055188 -0.063461 0.108307
-0.083135 0.03343 0.039826
-0.040369 0.083145 0.023954
-0.032215 -0.055865 0.041328
-0.069208 0.065295 -0.006577
0.021319 0.089734 0.148991
-0.061799 -0.026593 0.103626
0.053235 0.073019 -0.005609
0.007663 -0.059572 0.036486
-0.083468 0.031508 0.11972
-0.07643 0.053747 0.111934
0.057086 -0.030748 0.02618
0.069528 -0.00877 0.032639
0.022545 0.079056 -0.007284
-0.040425 -0.055025 0.041727
0.070185 -0.006933 0.036486
0.061629 0.062269 0.036486
-0.004081 0.094456 0.148991
-0.064536 0.021936 -0.001798
-0.079486 -0.008813 0.10736
-0.063012 -0.041171 0.042598
-0.059103 0.077125 -0.005609
0.011498 -0.058856 0.02618
0.071349 0.041064 -0.000551
0.029858 0.090347 0.004258
-0.045031 0.087567 0.008144
-0.077883 0.014404 0.047292
-0.044868 0.087287 0.142678
0.072355 0.000559 -0.004903
0.070782 0.042931 0.110332
0.061654 -0.024424 -0.005609
0.07017 0.044783 0.126871
-0.057184 -0.043252 0.022647
-0.04085 -0.055452 0.121371
-0.080598 -0.005074 0.1402
0.036692 0.086587 0.039826
-0.017619 -0.059376 0.1402
0.06558 -0.017684 0.084946
0.023832 0.086184 0.034718
-0.063493 -0.034805 0.122316
0.014913 0.094491 0.14867
0.046207 -0.041903 0.012434
0.059448 -0.027642 0.062147
0.062001 0.047641 0.061074
0.013738 0.059814 -0.001798
0.013358 0.096245 0.038223
-0.079501 0.046577 0.038223
0.040001 -0.046628 0.04429
0.041559 0.083338 0.028403
0.04464 0.080947 -0.006162
-0.0233 0.09592 0.142678
0.026352 0.064531 -0.007284
-0.064815 -0.043604 0.114559
0.033258 0.08101 0.1162
0.073488 0.031553 0.038223
-0.081335 0.04102 0.071777
-0.002038 -0.06053 0.016973
0.071362 -0.003214 0.030561
-0.06826 0.067016 0.021605
-0.078083 0.014391 0.009066
-0.084468 0.017905 0.05144
-0.083461 0.006253 -0.001864
0.041162 0.012649 -0.001798
-0.015707 0.097665 0.047516
0.07017 0.044783 0.038223
-0.071066 0.049147 -0.007258
0.067766 0.023394 0.061074
-0.076539 0.00556 0.075459
-0.074075 0.009447 -0.00044
-0.037987 0.05875 -0.007284
-0.002328 0.09164 0.103626
0.058259 0.067052 -0.004042
0.01525 0.095772 0.021605
-0.078174 -0.064693 0.11985
0.05515 0.062396 0.141789
-0.04637 -0.049334 0.131711
-0.071916 0.022882 -0.001396
-0.045343 0.06567 -0.007284
-0.06706 0.068554 0.019287
-0.002162 -0.057917 -0.007075
0.072924 0.010297 -0.006875
0.059421 0.065485 0.030561
-0.045031 0.087567 0.126871
0.033361 -0.050722 0.110332
0.042453 -0.037445 0.135456
-0.079486 -0.008813 0.034619
0.073775 0.029623 0.110332
-0.084323 0.014006 0.124375
-0.084122 -0.065397 0.090328
0.066437 0.053788 0.016973
-0.056441 -0.041584 0.020241
-0.002084 0.098338 0.065263
0.072345 0.037291 0.021605
0.070782 0.042931 -0.001864
-0.078783 -0.010633 0.111934
0.068232 0.018026 0.126964
0.01713 0.095252 0.021605
0.007192 -0.047029 -0.001396
0.026352 -0.054146 0.006141
0.070782 0.04293 0.034619
0.033321 0.088551 0.039826
-0.061064 -0.062413 0.049577
-0.071443 -0.022175 0.14867
-0.083127 0.004331 0.008144
0.060892 -0.013224 0.009066
-0.072311 -0.055836 0.028742
-0.011784 -0.060293 0.000909
0.056906 0.02613 -0.001748
0.039133 0.076926 0.061074
-0.066323 -0.040516 0.036795
0.065578 -0.017682 0.132156
0.024507 0.092716 0.006141
-0.064493 -0.017787 -0.00044
0.018792 -0.050153 0.047292
-0.051423 -0.045378 0.085707
0.073154 0.033475 0.12199
-0.021472 0.096662 0.071777
-0.015579 -0.018941 -0.001798
0.044664 0.080976 0.096418
-0.047367 -0.046108 0.149955
0.062697 -0.022776 0.115556
0.0637 -0.021102 0.11972
0.026131 -0.053632 0.144956
0.062674 0.060621 0.104335
0.039963 0.084461 0.006141
-0.003988 -0.060578 0.11972
0.058259 0.067052 0.012434
0.022687 0.093418 0.04429
0.057058 0.068589 0.104335
-0.035341 -0.047418 0.1162
0.06881 0.048439 0.006141
0.005688 0.09767 0.045843
-0.045382 0.084419 0.150607
-0.071627 0.062231 0.004258
-0.070997 -0.021866 0.149955
-0.013737 -0.060094 0.119721
-0.039871 0.090326 0.02618
-0.083748 0.008183 -0.004042
-0.012147 0.063322 -0.001798
-0.000169 0.097685 0.144956
0.034632 0.083241 0.148991
-0.078017 0.019778 0.047292
0.059448 -0.027642 0.04429
-0.019442 -0.048148 -0.007281
-0.009839 -0.060436 0.126871
-0.000135 0.098243 0.117573
0.007663 -0.059572 0.065263
0.056193 0.050726 -0.00044
0.073154 0.033475 -0.003028
0.071569 -0.001251 0.142678
-0.064548 0.07154 -0.003028
-0.070244 -0.026282 0.008144
-0.068665 -0.028214 0.129456
-0.083143 0.017922 0.14867
-0.056207 -0.042239 0.045523
0.070185 -0.006933 0.065263
0.02273 -0.055596 -0.000551
-0.009728 0.095725 0.150607
0.035019 0.08759 0.111934
0.061629 0.062269 0.065263
-0.076698 -0.062539 0.097433
0.074353 0.014052 0.10736
-0.007935 0.098336 0.098756
-0.065822 0.070062 0.084946
0.017168 -0.057413 0.134879
0.011096 0.058118 -0.007284
-0.03693 0.084305 0.075459
-0.046411 0.086088 0.144956
0.034699 -0.04206 0.089844
0.073781 0.008228 0.075105
-0.005917 0.095979 -0.007075
0.038041 -0.04059 0.015454
0.028135 0.086815 0.148991
0.069636 0.003128 0.15037
-0.084183 0.0257 0.002512
0.065559 0.05553 0.098756
-0.079137 -0.073637 0.048778
-0.007811 0.095723 -0.007075
-0.013037 -0.053877 0.126964
0.014708 0.081507 -0.001396
0.047698 -0.037778 -0.007075
-0.036289 -0.054177 0.060142
-0.035253 -0.018316 -0.001799
-0.044087 0.002546 -0.007284
0.071326 -0.003203 -0.006162
0.003102 -0.053842 0.034718
-0.034409 0.087685 -0.007196
-0.055901 -0.041774 0.10649
-0.07267 0.060582 0.084946
-0.023363 -0.058415 0.10915
-0.083748 0.008183 0.012434
-0.025223 -0.057966 0.103565
-0.020775 -0.055711 0.15037
0.050509 0.075811 0.117573
-0.00402 -0.058059 0.150607
0.038379 -0.047713 0.115556
-0.082308 0.037243 0.134879
-0.076428 0.053746 0.132156
-0.019505 0.096774 -0.006577
-0.042181 -0.051559 0.04589
0.04964 0.067234 0.1162
0.007618 0.097385 0.115556
-0.011788 -0.06029 0.126871
-0.063838 -0.039329 0.122717
0.06881 0.048439 0.014682
0.043203 0.05559 -0.001748
0.072345 0.037291 0.010248
-0.071068 -0.057456 0.02702
0.001595 0.095589 0.150607
0.049131 0.047266 -0.001748
-0.038136 -0.052251 0.146973
0.065825 0.035741 0.075459
-0.019558 0.097044 0.041335
0.01713 0.095252 0.010248
-0.066583 0.050757 -0.00044
-0.013735 -0.060095 0.117576
0.063178 0.006158 -0.00044
0.023054 0.080168 -0.001396
-0.066541 -0.029906 0.048449
0.07435 0.0238 0.110332
-0.06706 0.068554 0.088061
0.029653 -0.052018 0.144956
0.055463 0.022635 -0.001748
0.049096 0.077155 0.075105
0.06791 0.050176 0.1402
-0.017636 0.097378 0.124375
-0.068179 -0.064074 0.027066
-0.040339 0.083081 0.009066
-0.046704 0.086563 0.10736
0.065191 -0.00716 0.146215
-0.043334 0.088529 0.129469
-0.069957 -0.026491 0.12687
0.070823 0.010518 0.15037
-0.007935 0.098336 0.028403
-0.00789 -0.060531 0.062147
-0.037209 0.084875 0.015454
0.001856 -0.060289 0.014682
-0.005939 -0.060579 0.068485
-0.049386 0.083607 -0.006875
0.046207 -0.041903 0.008144
-0.067953 -0.017819 0.061074
0.013358 0.096245 0.105881
0.064639 0.057251 0.002512
-0.028446 0.092882 0.149955
-0.059342 -0.031628 0.141789
-0.011829 0.098096 0.113674
0.035058 -0.04976 0.126871
0.047797 -0.035161 0.148991
-0.067291 -0.026125 -0.007075
0.054523 -0.033687 0.137581
0.073488 0.031553 0.105881
-0.000146 0.070414 -0.007284
0.068826 -0.010591 0.124375
0.048958 0.006109 -0.001798
0.011431 -0.05854 0.142678
0.064661 -0.019404 0.111934
-0.060484 -0.039145 0.024644
0.057086 -0.030748 0.045843
-0.075532 -0.017724 -0.004903
-0.075352 0.051109 -0.007075
-0.051748 -0.042637 -0.007075
-0.074634 0.057211 0.056371
-9e-05 -0.060433 0.032639
0.028135 -0.053355 0.014682
0.049129 -0.039318 0.124375
0.074308 0.023798 -0.006162
-0.062065 0.04252 -0.007284
0.011498 -0.058856 0.045843
-0.052095 -0.037115 0.034718
0.074495 0.01795 0.110332
-0.029014 0.094672 0.021605
-0.071344 -0.048257 0.036004
-0.071627 0.062231 0.075105
-0.061174 -0.052521 0.045703
-0.045601 0.084774 -0.007075
-0.070544 0.063853 0.071777
-0.017591 -0.059578 0.053619
-0.058783 -0.024244 -0.00044
-0.06706 0.068554 0.042806
0.065176 0.045006 0.146215
-0.081047 0.040932 -0.006577
-0.075497 -0.01775 0.008144
0.049429 0.049265 -0.001748
-0.06786 -0.017765 0.103626
-0.011826 0.098055 -0.006162
-0.028425 -0.021339 -0.001799
0.060545 0.063891 -0.005609
0.049096 0.077155 0.016973
-0.000502 -0.053743 0.103626
0.038379 -0.047713 0.000909
0.029898 -0.05252 0.028403
0.066457 -0.015941 0.105881
-0.061894 0.074399 0.004258
-0.080756 -0.005124 0.032639
-0.046704 0.086563 0.034619
-0.06441 0.061829 0.009066
0.057212 0.059393 0.141789
0.060571 -0.026047 0.04429
0.041559 0.083338 0.102668
0.029898 -0.05252 0.002512
0.007618 0.097385 0.000909
-0.066765 0.065879 0.149955
-0.077851 0.048035 -0.006875
0.072345 0.037291 0.047516
0.074014 0.027687 0.104335
-0.036325 0.091952 0.11972
0.067463 0.01089 0.061074
-0.004 -0.059691 0.146973
-0.081322 -0.003257 0.062147
-0.032703 0.093402 0.104335
0.058286 -0.029209 0.041335
-0.074795 0.028364 -0.007258
-0.043724 -0.034723 -0.007284
-0.078054 0.0502 0.053782
0.058259 0.067052 0.008144
-0.06467 0.033059 -0.001798
-0.028825 -0.050456 0.023954
0.001811 0.0981 0.084946
0.033361 -0.050722 -0.003028
-0.057548 0.078311 0.1402
-0.070483 -0.013087 0.061074
-0.082329 0.037247 0.111934
-0.071965 -0.064348 0.094369
0.073775 0.029623 -0.003028
0.0637 -0.021102 0.098756
0.054545 0.071574 0.12199
-0.00789 -0.060531 0.04429
-0.01841 0.090887 0.126964
-0.059777 -0.037085 0.100192
0.055849 -0.032256 0.124375
-0.07399 -0.060105 0.029872
-0.060336 0.019611 -0.007284
0.035764 -0.01711 -0.001799
-0.07643 0.053747 0.110332
-0.082755 0.035344 0.091035
0.06558 -0.017684 0.105881
-0.074545 -0.006975 0.141789
-0.080158 0.04474 -0.005609
-0.060998 -0.071707 0.083858
0.022687 0.093418 0.108826
-0.016545 -0.053066 0.061074
-0.083987 0.010119 0.104335
0.067752 0.045965 0.149955
-0.071377 -0.024573 0.115675
0.046172 0.079739 0.053782
0.046172 0.079739 0.091035
0.072773 0.035388 0.104335
-0.051568 0.083311 0.104335
-0.084179 0.012061 0.081724
0.011454 0.096672 0.02618
-0.030823 -0.056268 0.071411
0.069993 0.032885 0.15037
-0.041279 -0.05305 0.123753
-0.083884 0.02567 -0.006577
-0.073649 -0.021142 -0.004042
-0.01303 0.091243 0.075459
-0.025267 0.09576 0.041335
0.047684 -0.040629 0.11972
0.051921 -0.036593 0.049364
-0.081253 0.019817 0.15037
0.010199 -0.052729 0.126964
0.034688 0.079925 0.075459
-0.010614 -0.036055 -0.001799
0.066437 0.053788 0.032639
0.074448 0.016 0.091035
0.073495 0.006298 0.12199
0.02455 -0.054893 -0.005609
0.013402 -0.058428 0.038223
-0.064767 -0.032986 0.13753
-0.05625 -0.031111 0.001421
0.025788 0.090752 0.14867
-0.005939 -0.060579 0.036486
0.033343 -0.050689 -0.006162
-0.081335 0.04102 0.117573
-0.039871 0.090326 0.081724
-0.039871 0.090326 0.045843
0.051889 0.074432 0.115556
0.031492 -0.051355 0.142678
-0.06706 0.068554 0.100827
0.041595 -0.045505 0.113674
-0.0059 0.09164 0.089844
0.073162 0.004376 0.053782
-0.083748 0.008183 0.008144
-0.062948 -0.036113 0.032483
-0.008337 0.073183 -0.001799
0.073162 0.004376 0.091035
-0.040261 -0.045229 0.034718
0.041559 0.083338 -0.004903
-0.038108 0.091161 0.11972
-0.002084 0.098335 0.132156
0.018997 0.094686 0.068485
-0.0495 0.069043 -0.001396
0.065518 -0.017651 0.137581
-0.057699 -0.080178 0.082337
0.0637 -0.021102 0.028403
-0.056989 -0.04013 0.106355
-0.0788 0.048397 0.068485
0.038284 0.051845 -0.001798
-0.060726 -0.041826 0.024165
-0.081322 -0.003257 0.04429
-0.040648 -0.0565 0.040494
0.017143 0.088826 0.023954
-0.077789 0.026953 0.009066
0.06929 0.044492 -0.006875
-0.079486 -0.008813 0.019287
0.012012 0.090574 0.135456
-0.084183 0.0257 0.102668
0.06729 -0.014177 0.113674
-0.054758 0.043128 -0.007284
0.072612 0.031412 0.146973
-0.075109 -0.068086 0.119589
-0.073092 0.046117 0.023954
-0.016587 0.090866 0.061074
-0.064503 -0.03822 0.120662
-0.04783 -0.0587 0.043536
-0.056181 0.07971 0.12199
-0.06826 0.067016 0.053782
-0.015699 -0.059837 0.023908
-0.06826 0.067016 0.091035
-0.067394 -0.017635 -0.007258
0.070137 0.044772 -0.006162
-0.075032 -0.001431 0.1162
-0.036911 -0.054217 0.114047
0.003015 0.091247 0.103626
0.01525 0.095772 0.053782
-0.083992 0.027642 0.108826
0.001811 0.0981 0.038223
-0.081005 -0.064731 0.116716
0.07435 0.0238 0.12199
-0.047868 0.084776 0.146973
-0.005985 0.098384 0.053782
-0.065006 -0.031649 -0.006875
-0.04413 -0.051042 0.04515
-0.053035 0.082017 0.1402
-0.051569 0.083311 0.021605
-0.005985 0.098384 0.091035
0.043126 0.082176 0.04429
-0.072699 0.05401 0.15037
0.037757 -0.040197 0.1162
-0.021472 0.096662 0.117573
0.033165 0.088267 0.142678
0.064686 -0.017202 -0.006875
-0.058558 -0.073686 0.078571
-0.013725 -0.060102 0.078439
0.062697 -0.022776 0.117573
0.029858 0.090347 0.049364
-0.059772 -0.0519 0.023391
-0.039831 -0.05254 0.075107
-0.015707 0.097665 0.078432
0.01713 0.095252 0.053782
-0.054838 -0.076354 0.052437
-0.011285 -0.054486 0.135456
-0.071452 -0.024339 0.109355
0.074446 0.021852 0.081724
0.007663 -0.059572 0.111934
-0.038099 -0.053413 0.030587
-0.013742 -0.060091 0.021605
-0.040905 -0.03082 -0.001798
0.026352 -0.054146 0.104335
-0.068671 -0.028207 0.132141
-0.067284 -0.067652 0.087957
-0.013726 -0.060102 0.107381
-0.065822 0.070062 0.105881
0.031699 0.08189 0.061074
0.07435 0.0238 -0.003028
0.016236 0.092163 0.15037
0.015419 -0.051388 0.034718
0.061629 0.062269 0.111934
0.073781 0.008228 0.124375
-0.035494 -0.047753 0.009066
0.045538 0.030042 -0.007284
0.073854 0.010183 0.1402
-0.080769 0.042887 0.016973
-0.024256 0.053153 -0.001798
-0.04495 -0.011521 -0.007284
0.024507 0.092716 0.104335
0.047414 -0.037473 0.150607
0.058257 0.06705 0.132156
-0.040312 0.083043 0.126964
-0.057691 -0.032554 0.135456
-0.071892 0.047561 0.103626
-0.07733 0.026905 0.103626
-0.007935 0.098336 0.102668
0.003752 0.097909 -0.005609
-0.064339 -0.024019 0.009066
-0.056118 0.071275 0.034718
-0.051039 -0.070685 0.045564
0.039963 0.084461 0.104335
-0.054673 0.080948 0.096418
0.064639 0.057251 0.102668
0.035019 0.08759 0.110332
-0.063753 -0.033539 0.041024
-0.080039 0.038662 0.149955
-0.082297 -0.062946 0.096198
-0.077736 -0.01231 0.142678
-0.011265 -0.054253 0.015454
-0.005939 -0.060579 0.056371
-0.034146 -0.055023 0.116359
0.043677 -0.038898 0.148991
0.06881 0.048439 0.104335
0.003691 0.097353 0.144956
-0.084421 0.021806 0.081724
-0.050546 -0.038055 0.1162
0.038379 -0.047713 0.039826
-0.002084 0.098338 0.030561
-0.075376 -0.068961 0.03542
0.03336 -0.05072 0.132156
-0.065068 -0.032999 0.116739
-0.060515 0.075779 0.004258
-0.035298 0.08503 0.089844
0.053235 0.073019 0.021605
0.037231 0.0695 -0.007281
0.007618 0.097385 0.039826
0.071362 -0.003214 0.12199
-0.084183 0.0257 -0.004903
0.054698 0.062069 0.135456
0.060571 -0.026047 0.108826
0.050836 -0.02804 0.1162
0.07187 0.039184 0.049364
0.072782 0.002463 0.04429
-0.036325 0.091952 0.098756
0.001856 -0.060289 0.084946
0.074495 0.01795 -0.003028
-0.005939 -0.060579 0.065263
-0.057172 0.069794 0.061074
0.072479 0.014166 0.149955
-0.084323 -0.069927 0.070553
-0.075531 -0.017725 -0.003028
-0.059103 0.077125 0.021605
-0.084326 0.023755 -0.001864
0.039316 0.077166 0.034718
-0.05899 0.077003 0.1402
0.074353 0.014052 0.096418
-0.045335 0.077984 -0.007258
0.061654 -0.024424 0.021605
0.059421 0.065485 0.12199
0.074019 0.010165 -0.004042
-0.081843 -0.001377 0.006141
-0.082318 0.000515 0.071777
0.00483 -0.053217 0.103626
0.007618 0.097385 0.117573
0.06981 0.042639 -0.006875
0.073154 0.033475 0.023909
0.071349 0.041064 0.028403
-0.084162 0.025699 0.134879
-0.070695 -0.046365 0.040292
0.074206 0.025746 0.04429
-0.075494 -0.017669 0.096605
0.071349 0.041064 0.002512
0.029898 -0.05252 0.102668
0.028135 -0.053355 0.084946
-0.047413 -0.049612 0.106971
0.073617 0.008251 0.1402
0.005733 -0.059858 0.113674
-0.00789 -0.060531 0.108826
-0.05158 -0.05947 0.125866
0.035019 0.08759 -0.001864
-0.076393 -0.015987 0.03647
-0.011787 -0.060291 0.030561
0.007663 -0.059572 0.030561
-0.047912 -0.040521 0.009066
-0.054887 -0.034845 0.023954
0.058861 0.054069 0.061074
-0.070278 0.056931 0.148991
0.052687 -0.032065 0.150607
0.070185 -0.006933 0.030561
0.061629 0.062269 0.030561
-0.078905 0.044309 0.14867
0.050693 0.065781 0.075459
-0.078054 0.0502 0.078432
-0.078034 -0.012432 0.08807
0.047684 -0.040629 0.098756
0.028472 -0.045517 0.004489
0.002815 -0.019614 -0.001798
0.06808 -0.012393 -0.004042
-0.006474 0.042993 -0.001798
-0.043152 -0.043074 0.075459
-0.019607 -0.059178 0.012434
-0.064043 -0.033753 0.113349
0.067353 0.026946 0.103626
0.032107 0.086343 0.150607
-0.071627 0.062231 0.124375
-0.076417 -0.001891 -0.007196
-0.007935 0.098336 -0.004903
0.067271 0.052025 0.02618
-0.062899 -0.025185 0.103626
0.074019 0.010165 0.012434
0.071882 -0.001333 0.053782
-0.069996 -0.026458 0.026175
0.016256 0.086427 -0.007258
-0.072267 0.042028 0.001421
-0.017665 -0.059523 0.132156
0.071882 -0.001333 0.091035
-0.07643 0.053747 -0.003028
0.064661 -0.019404 0.110332
-0.030255 0.092284 0.149955
-0.041146 0.084394 -0.007196
0.011454 0.096672 0.081724
0.011454 0.096672 0.045843
0.073154 0.033475 0.059171
-0.070544 0.063853 0.117573
-0.074634 0.057211 0.111934
-0.01374 -0.060092 0.016973
-0.022503 -0.038047 -0.007284
-0.081843 -0.001377 0.014682
-0.038108 0.091161 0.098756
-0.034523 0.092699 0.113674
0.005688 0.09767 0.091035
-0.040221 0.082877 0.047292
-0.079486 -0.008813 0.042806
-0.071754 0.043726 0.001421
0.003797 -0.060097 0.002512
0.053235 0.073019 0.010248
-0.084468 0.019856 -0.005609
-0.059332 -0.037674 0.108382
-0.084179 0.012061 0.10736
-0.046704 0.086563 0.019287
-0.06203 -0.042042 0.043234
-0.077653 0.012625 0.1162
-9e-05 -0.060433 0.014682
0.06808 -0.012393 0.012434
0.044664 0.080976 0.075105
0.046166 -0.033491 0.126964
-0.068166 -0.0013 -0.001396
-0.029014 0.094672 0.053782
-0.082317 -0.062551 0.065861
-0.029014 0.094672 0.091035
0.025342 -0.047263 0.075459
0.001811 0.0981 0.105881
0.070782 0.04293 0.042806
-0.039275 -0.054784 0.038283
0.047581 -0.032361 0.015454
-0.081335 0.04102 0.11972
-0.076392 -0.015995 0.008144
0.0316 0.08947 0.115556
0.013648 -0.051715 0.047292
0.001811 0.098099 0.004258
0.029898 -0.05252 -0.004903
-0.055527 0.076027 0.15037
-0.047262 0.080623 -0.007196
0.058203 0.067009 0.137581
-0.049974 0.084435 0.081724
0.069528 -0.00877 0.084946
0.066443 0.039698 -0.007196
0.019041 -0.056866 0.004258
-0.069421 0.065448 0.028403
0.028135 -0.053355 0.038223
-0.039871 0.090326 0.10736
0.003399 0.094713 0.15037
-0.064548 0.07154 0.071777
-0.07752 -0.012216 0.144956
0.043126 0.082176 0.108826
0.018997 0.094686 0.056371
-0.080756 -0.005124 0.014682
0.035949 0.075572 -0.00044
-0.069421 0.065448 0.002512
0.010086 -0.044971 -0.001396
-0.048352 0.085519 0.075105
-0.06826 0.067016 0.078432
-0.0788 0.048397 0.056371
0.053266 -0.035179 -0.004042
-0.082329 0.037247 0.110332
0.02273 -0.055596 0.028403
-0.069948 -0.026496 0.132151
-0.023553 -0.058278 0.03054
0.009438 0.096502 0.144956
0.02273 -0.055596 0.002512
-0.075499 -0.017734 0.036454
-0.067797 -0.028619 0.096105
-0.073673 0.058908 -0.001864
-0.073445 -0.02129 0.129469
-0.070457 -0.026128 0.000909
0.01525 0.095772 0.078432
-0.082755 0.035344 0.088061
-0.070298 0.008375 -0.007284
-0.078783 -0.010633 -0.003028
-0.017591 -0.059578 0.062032
0.046172 0.079739 0.088061
-0.005985 0.098384 0.078432
-0.078143 0.025181 0.015454
0.070528 0.000992 0.149955
-0.01377 0.097904 0.041335
-0.04872 -0.047445 0.014017
0.074495 0.019901 0.006141
-0.055624 -0.043455 0.022153
-0.078129 0.016188 0.034718
-0.077744 0.009 0.015454
-0.065725 -0.042996 0.115973
-0.065258 -0.032679 0.008144
-0.021472 0.096662 0.11972
-0.066197 0.060872 0.141789
0.056199 0.060907 0.141789
0.069936 0.042662 0.146973
-0.08404 -0.065319 0.081955
-0.061934 -0.038187 0.123737
0.074448 0.016 0.088061
0.01713 0.095252 0.078432
0.059413 0.048288 -0.007258
0.014667 0.070535 -0.001799
-0.062856 -0.064725 0.101101
-0.01312 -0.041113 -0.001748
-0.009883 0.09824 0.006141
-0.047706 -0.046545 0.14867
-0.084183 0.0257 0.129469
-0.083923 0.027634 0.137581
-0.070219 -0.025657 0.097903
-0.040069 -0.055686 0.119249
-0.04209 -0.051714 0.024281
0.05824 0.055777 0.034718
0.04369 -0.031029 -0.00044
-0.072611 0.060546 0.137581
0.051889 0.074432 0.117573
0.033361 -0.050722 0.023909
0.053235 0.073019 0.047516
0.04765 0.078465 0.071777
0.053266 -0.035179 0.012434
0.051145 -0.0283 0.023954
-0.028645 -0.049929 0.103626
-0.013737 -0.060094 0.012434
-0.066751 -0.030388 0.078924
0.073775 0.029623 0.023909
-0.039871 0.090326 0.034619
-0.030823 -0.056268 0.082457
-0.079486 -0.008813 0.100827
0.073162 0.004376 0.088061
-0.077297 0.019893 -0.007258
0.026344 -0.054127 0.134879
-0.048384 -0.053248 0.023283
-0.01946 -0.04931 -0.00044
-0.082329 0.037247 -0.001864
-0.049853 -0.055121 0.023418
0.074446 0.021852 0.10736
0.072782 0.002463 0.108826
-0.074351 0.057055 0.142678
0.0316 0.08947 0.000909
-0.048388 0.044182 -0.007284
0.051771 0.074316 0.1402
0.035019 0.08759 -0.003028
0.05088 0.07083 0.15037
0.057086 -0.030748 0.091035
-0.038769 -0.053704 0.118944
-0.066777 -0.030966 0.004258
0.02085 0.094074 -0.001864
-0.044038 -0.060254 0.035394
0.053991 0.061558 0.075459
-0.071551 -0.011609 0.126964
-0.061894 0.074399 0.124375
-0.053135 0.082148 0.115556
0.069299 0.005094 0.148991
-0.078977 0.046382 0.144956
-0.083079 0.012145 -0.006875
0.011498 -0.058856 0.053782
-0.083461 0.006253 0.071777
-0.080769 0.042887 0.032639
-0.072038 0.033358 -0.007281
0.011498 -0.058856 0.091035
0.0637 -0.021102 -0.004903
0.02631 0.09197 0.075105
-0.077695 -0.07635 0.105286
-0.055697 -0.041315 0.098368
0.069528 -0.00877 0.038223
0.015294 -0.057953 0.004258
-0.048851 -0.067841 0.122628
0.074206 0.025746 0.108826
0.074495 0.019901 0.014682
0.013358 0.096245 0.02618
-0.029374 0.073266 -0.007284
0.038675 0.062599 -0.007284
-0.084587 -0.071766 0.078908
0.03672 -0.048739 0.134879
0.073488 0.031553 0.02618
-0.076203 -0.064484 0.084326
0.007364 -0.057718 0.149955
-0.074952 0.037195 -0.007258
-0.005985 0.098384 0.088061
-0.084421 0.021806 0.10736
0.055849 -0.032256 -0.004042
-0.009683 0.057921 -0.001798
-0.069016 -0.070989 0.031167
0.067569 0.028778 0.126964
-0.062729 -0.039919 0.027605
-0.027147 0.095239 -0.001864
-0.009883 0.09824 0.014682
0.033361 -0.050722 0.059171
0.064639 0.057251 0.129469
0.073775 0.029623 0.059171
-0.084468 0.017905 0.002512
0.074019 0.010165 0.008144
-0.027104 -0.057446 0.085644
0.06647 0.047503 0.150607
0.071349 0.041064 0.102668
-0.004034 0.098385 0.12199
-0.013522 -0.058234 0.149955
0.009541 0.097052 0.004258
0.060545 0.063891 0.021605
0.050542 -0.037973 -0.000551
0.073495 0.006298 0.023909
-0.049121 -0.062487 0.02789
0.046248 -0.038966 -0.007075
-0.030368 0.087126 0.004489
0.017007 0.088397 0.061074
-0.015661 -0.059864 0.078448
0.015003 0.094878 -0.006875
0.009585 -0.059237 0.115556
-0.0793 -0.060489 0.044106
0.005733 -0.059858 0.093833
0.073154 0.033475 0.05144
0.046454 -0.03644 0.148991
-0.033328 0.089714 0.15037
-0.058428 -0.075597 0.120775
-0.055886 -0.041566 0.08604
0.062674 0.060621 -0.005609
-0.040039 -0.054542 0.120517
0.061629 0.062269 0.110332
0.061991 -0.011751 0.135456
-0.075952 0.012747 0.001421
-0.081855 0.03914 0.049364
0.057058 0.068589 -0.005609
-0.068454 -0.065919 0.09323
0.02422 -0.054069 0.146973
-0.05958 -0.038284 0.142731
0.073093 0.004389 0.137581
-0.037831 0.082111 0.001421
0.001856 -0.060289 0.105881
0.059329 0.058559 0.148991
0.057552 0.066514 0.146973
-0.005906 0.092122 0.126964
-0.052915 -0.044118 0.047268
0.06808 -0.012393 0.008144
-0.046704 0.086563 0.042806
-0.077636 0.023346 0.103626
0.055849 -0.032256 0.012434
0.050336 0.072878 -0.007075
-0.084323 0.014006 0.126871
-0.045093 -0.02648 -0.001748
0.071882 -0.001333 0.078432
0.067271 0.052025 0.081724
-0.017654 -0.059533 0.121992
0.067271 0.052025 0.045843
-0.056871 -0.041211 0.014111
-0.039626 0.089824 0.144956
-0.005939 -0.060579 0.111934
0.064661 -0.019404 -0.003028
0.029898 -0.05252 0.129469
-0.066376 0.058817 0.126964
0.023314 0.08973 0.15037
-0.052652 -0.00013 -0.001799
-0.082746 0.002418 0.096418
0.041559 0.083338 0.036486
0.02074 0.093754 -0.006577
0.058172 0.035569 -0.007281
0.059742 0.010131 -0.007281
-0.080158 0.04474 0.021605
-0.006054 0.07063 -0.007284
-0.043321 0.008788 -0.007284
-0.044553 0.070876 -0.007281
0.028135 -0.053355 0.105881
-0.060941 -0.037349 0.02298
-0.073779 0.042547 0.089844
-0.063098 -0.025337 0.047292
0.073495 0.006298 0.059171
-0.033023 -0.055349 0.006141
-0.071356 0.062054 0.142678
-0.070544 0.063853 0.11972
0.068394 0.001499 -0.007196
0.07435 0.0238 0.023909
-0.082318 0.000515 0.117573
-0.077278 0.00725 0.126964
-0.014761 -0.053223 0.075459
0.063698 -0.021101 0.132156
0.043833 -0.03362 0.001421
0.06558 -0.017684 0.02618
-0.045367 -0.05495 0.025107
-0.078962 -0.008618 0.144956
-0.044568 0.083098 -0.007196
0.003797 -0.060097 0.102668
0.036731 -0.048757 0.049364
-0.045031 0.087567 0.113674
-0.035703 -0.054076 0.0193
-0.079629 0.044558 0.144956
-0.056786 -0.056211 0.107139
0.02455 -0.054893 0.021605
0.005643 0.097335 -0.006577
-0.029014 0.094672 0.078432
-0.0518 -0.070732 0.0386
-0.038083 -0.053362 -0.003028
-0.053188 0.073383 0.089844
-0.059103 0.077125 0.053782
0.049115 -0.039303 0.134879
0.063677 0.058948 0.068485
-0.014878 0.091575 0.023954
-0.033196 0.055958 -0.001799
0.071349 0.041064 -0.004903
0.061654 -0.024424 0.053782
-0.05096 -0.047382 0.129329
-0.054583 0.067371 -0.00044
0.07395 0.010172 0.137581
-0.025223 -0.057965 0.058381
0.068044 0.018028 0.047292
-0.053691 0.056898 -0.007284
0.011066 0.094835 0.149955
-0.04618 0.078909 0.103626
-0.075457 -0.017776 0.132156
0.009585 -0.059237 0.000909
0.065559 0.05553 0.068485
-0.081843 -0.001377 0.104335
-0.066418 -0.053478 0.109521
-0.071397 0.049298 0.047292
-0.053644 -0.074552 0.115507
-0.052998 0.072983 -0.007258
0.008361 0.090708 0.047292
-0.024051 -0.053487 0.146215
-0.069421 0.065448 0.102668
-0.077595 0.043859 -0.007075
0.074495 0.01795 0.023909
-9e-05 -0.060433 0.084946
-0.043411 0.084789 0.15037
-0.009849 0.097682 0.144956
-0.082973 0.0334 0.1402
0.054575 -0.033733 0.002512
0.029858 0.090347 -0.004042
-0.082329 0.037247 -0.003028
0.0259 0.086387 0.141789
0.02273 -0.055596 0.102668
0.053266 -0.035179 0.008144
0.07435 0.0238 0.059171
-0.009522 -0.056187 -0.007196
-0.049974 0.084435 0.10736
-0.020254 -0.045465 -0.007284
-0.031161 -0.014433 -0.007284
0.071235 0.016118 0.15037
-0.005939 -0.060579 0.030561
0.048326 0.068457 0.075459
0.035906 0.062238 -0.007284
-0.06485 0.057865 0.001421
-0.071066 -0.002128 -0.00044
-0.071288 -0.066729 0.030018
0.071362 -0.003214 0.023909
-0.072561 -0.008143 0.075459
-0.065016 0.060063 0.103626
0.044664 0.080976 0.124375
0.011454 0.096672 0.034619
-0.046704 0.086563 0.100827
-0.016593 -0.053364 0.034718
-0.080756 -0.005124 0.084946
-0.050483 0.075716 0.103626
-0.079272 0.032712 0.148991
-0.081322 -0.003257 0.104335
-0.074634 0.057211 0.110332
0.032234 0.079114 -0.007258
-0.048841 -0.04736 0.017453
0.064083 -0.004836 0.047292
-0.065138 -0.040451 0.122736
0.0316 0.08947 0.039826
-0.083468 0.031508 0.068485
-0.07551 0.000294 0.1162
0.05409 -0.026019 0.141789
-0.0691 -0.027786 0.115821
0.005688 0.09767 0.088061
0.047525 -0.034963 -0.007196
-0.036838 -0.054275 0.1131
-0.078782 -0.010634 0.023909
0.059421 0.065485 0.023909
-0.060515 0.075779 0.124375
0.047336 0.075221 -0.007075
0.069528 -0.00877 0.105881
-0.002084 0.098338 0.12199
0.033414 0.070487 -0.007284
-0.074845 -0.001377 0.089844
-0.025297 -0.057912 0.002512
-0.080158 0.04474 0.010248
-0.036001 -0.054556 0.11224
0.029858 0.090347 0.012434
0.003797 -0.060097 -0.004903
-0.050724 0.043088 -0.007284
-0.063446 -0.037189 0.115826
-0.048352 0.085519 0.124375
0.003744 0.097839 0.137581
0.065348 0.037463 0.089844
0.074495 0.01795 0.059171
-0.015656 -0.059822 -0.006162
-0.017636 0.097378 0.126871
-0.065036 -0.050258 0.125749
-0.048258 -0.066939 0.120833
0.039043 0.076807 0.089844
0.008889 -0.033681 -0.001798
0.020893 -0.056253 0.115556
0.041559 0.083338 0.065263
-0.077226 -0.014229 0.132156
-0.063887 -0.037048 0.116653
-0.000137 0.098208 -0.006162
0.033361 -0.050722 0.05144
-0.019315 0.095741 0.14867
-0.065822 0.070062 0.02618
0.074014 0.027687 -0.005609
0.003752 0.097909 0.021605
0.073775 0.029623 0.05144
-0.083754 0.029578 0.038223
0.02455 -0.054893 0.010248
-0.009838 -0.060436 0.006141
-0.049974 0.084435 0.034619
-0.042705 -0.05438 0.027574
-0.084179 0.012061 0.096418
-0.032703 0.093402 -0.005609
0.011498 -0.058856 0.078432
0.071362 -0.003214 0.059171
0.068826 -0.010591 0.126871
0.018997 0.094686 0.111934
-0.023335 -0.058436 0.045277
-0.054673 0.080948 0.075105
-0.073219 0.044244 0.075459
-0.075704 -0.061121 0.102458
-0.069421 0.065448 -0.004903
-0.039831 -0.05254 -0.004903
-0.049935 -0.046645 0.104218
-0.0788 0.048397 0.111934
-0.036274 -0.05425 0.10033
0.067486 0.025165 0.089844
-0.062717 -0.061383 0.04963
-0.074634 0.057211 -0.001864
-0.055359 -0.043003 0.021646
-0.021878 -0.052314 0.034718
0.073154 0.033475 -0.000551
0.066437 0.053788 0.084946
-0.021784 -0.051917 0.103626
0.007663 -0.059572 0.12199
-0.016552 0.090649 -0.007258
-0.079501 0.046577 0.081724
0.013358 0.096245 0.045843
0.049129 -0.039318 0.126871
0.057908 -0.017729 0.103626
-0.070316 -0.0258 0.085746
0.02273 -0.055596 -0.004903
-0.023375 0.096234 0.041335
0.059421 0.065485 0.059171
-0.057657 0.078435 0.041335
0.073488 0.031553 0.045843
-0.032645 0.093247 0.1402
0.070185 -0.006933 0.12199
0.07421 0.012106 0.049364
0.050542 -0.037973 0.11972
0.061629 0.062269 0.12199
-0.084419 0.015955 0.071777
0.065938 0.002081 0.061074
-0.009838 -0.060436 0.10267
0.067265 -0.012044 0.146973
-0.025262 0.09574 0.134879
-0.040053 -0.052552 0.103243
-0.076139 0.053605 0.142678
-0.007935 0.098336 0.036486
-0.083987 0.010119 -0.005609
0.029848 0.090328 0.134879
0.07017 0.044783 0.081724
0.055849 -0.032256 0.008144
0.072773 0.035388 -0.005609
0.008953 0.093891 0.15037
-0.079194 0.046466 -0.006577
-0.063016 -0.035034 -0.006577
-0.030855 0.094027 -0.006162
0.035058 -0.04976 0.113674
0.069512 0.046619 0.004258
0.065559 0.05553 0.036486
0.067165 0.010933 0.004489
-0.065028 -0.057766 0.106075
-0.011788 -0.060287 0.132156
-0.011258 -0.05417 0.023954
-0.013332 0.093246 -0.007196
-0.054015 -0.045654 0.106411
0.025257 0.084983 -0.007258
0.04765 0.078465 0.117573
0.010684 -0.055012 0.148991
0.067234 0.052007 -0.006162
-0.039871 0.090326 0.019287
0.068156 0.021618 0.034718
0.061629 0.062269 -0.003028
0.04583 0.071013 0.075459
-0.076792 0.032251 0.047292
-0.046736 -0.064867 0.038221
-0.057572 -0.040696 -0.000551
0.074495 0.019901 0.104335
0.009241 -0.057391 0.149955
0.005397 0.06268 -0.001798
-0.080158 0.04474 0.047516
0.073495 0.006298 0.05144
-0.059 -0.040697 0.127244
-0.047573 -0.043109 -0.007196
-0.009883 0.09824 0.084946
0.02631 0.09197 0.124375
-0.003988 -0.060578 0.068485
-0.011785 -0.060292 0.006141
0.074378 0.016003 0.137581
0.068807 0.048438 0.132156
-0.06302 -0.025278 0.1162
-0.042753 -0.049783 -0.006875
-0.032033 -0.048785 0.061074
-0.075485 -0.017753 0.117585
0.057086 -0.030748 0.088061
0.018654 0.093637 -0.006875
-0.071627 0.062231 0.012434
-0.053135 0.082148 0.117573
-0.022792 0.093783 0.150607
-0.072423 -0.022677 -0.006577
-0.002038 -0.06053 0.038223
0.046207 -0.041903 0.113674
0.05582 0.070097 0.093833
0.011498 -0.058856 0.088061
0.02455 -0.054893 0.047516
-0.065544 0.009142 -0.001798
-0.064593 -0.037913 0.119998
-0.062958 -0.049402 0.023649
0.034991 0.080391 0.023954
-0.030827 -0.056265 -0.004042
-0.070984 0.051091 0.015454
0.058758 -0.02035 0.146215
-0.011829 0.098096 0.096418
0.021568 0.090403 0.15037
0.015335 -0.051098 0.061074
-0.049047 -0.047646 0.133849
0.074353 0.014052 0.016973
0.030302 0.083063 0.126964
0.067271 0.052025 0.10736
0.010781 -0.001809 -0.007284
0.009585 -0.059237 0.039826
0.008416 0.081073 -0.001748
-0.064693 -0.00834 -0.001396
0.053114 0.072906 0.1402
-0.037224 -0.032999 -0.001748
-0.075553 0.05549 0.049364
-0.021427 -0.058866 0.081893
-0.066258 -0.042957 0.123868
-0.082318 0.000515 0.11972
0.066437 0.053788 0.038223
-0.074975 -0.076357 0.110803
-0.040284 -0.045278 0.009066
-0.081855 0.03914 0.002512
-0.05599 0.079477 -0.006577
0.019134 0.089081 -0.007196
0.072245 0.033294 -0.006875
-0.06398 -0.036555 0.118275
-0.059103 0.077125 0.078432
-0.084468 0.019856 0.021605
0.07435 0.0238 0.05144
-0.076527 0.018178 -0.007258
0.048465 -0.030723 0.1162
0.061654 -0.024424 0.078432
-0.076372 -0.016009 0.129469
0.070782 0.042931 -0.000551
-0.072581 -0.049039 0.041135
-0.076059 0.051432 0.14867
0.063677 0.058948 0.056371
0.020203 -0.054167 -0.007075
-0.000493 -0.053896 0.1162
0.063398 0.046274 0.135456
-0.065777 -0.032097 0.032451
0.026352 -0.054146 -0.005609
-0.057295 0.055077 -0.001748
-0.025267 0.09576 0.108826
0.060545 0.063891 0.053782
-0.053795 0.07407 0.135456
-0.04773 -0.048179 0.020966
0.060545 0.063891 0.091035
-0.07641 -0.015982 -0.004903
0.058744 -0.024826 -0.007075
-0.049928 -0.046639 0.047366
0.056929 0.068486 0.1402
0.024507 0.092716 -0.005609
-0.021463 0.096626 -0.006162
0.003797 -0.060097 0.129469
0.029858 0.090347 0.008144
0.023669 0.085777 0.004489
0.063066 0.050097 0.146215
-0.069003 -0.05073 0.125282
-0.041667 -0.051903 0.126536
-0.044896 0.087328 -0.006577
0.058259 0.067052 0.113674
-0.077723 0.01799 0.089844
-0.007935 0.098336 0.065263
-0.077264 0.051983 0.049364
-0.084421 0.021806 0.019287
0.067271 0.052025 0.034619
-0.005939 -0.060579 0.110332
0.039963 0.084461 -0.005609
-0.059528 -0.066528 0.102611
0.074495 0.01795 0.05144
-0.004111 0.091933 0.047292
-0.079837 0.04463 -0.006577
0.03926 -0.026781 -0.001748
0.067421 0.012703 0.004489
0.065559 0.05553 0.065263
0.06881 0.048439 -0.005609
-0.061894 0.074399 -0.004042
-0.049571 -0.03973 0.135456
-0.036309 0.091918 -0.006162
-0.007677 -0.054707 0.135456
-0.074634 0.057211 -0.003028
-0.06706 0.068554 0.006141
0.017174 -0.057433 0.115556
0.033361 -0.050722 -0.000551
-0.006588 0.074126 -0.001799
0.049584 0.074862 0.14867
-0.033679 -0.055359 0.04
0.070182 -0.006933 0.132156
0.017174 -0.057433 0.071777
0.073775 0.029623 -0.000551
-0.058055 -0.049481 0.023178
-0.043334 0.088529 0.093833
-0.013672 0.097022 0.146973
-0.038247 -0.018733 -0.007284
-0.066647 -0.05684 0.107064
-0.069421 0.065448 0.129469
-0.083127 0.004331 0.093833
-0.047608 -0.04814 0.020074
-0.039871 0.090326 0.088061
0.071362 -0.003214 0.05144
0.0637 -0.021102 0.036486
-0.083468 0.031508 0.056371
-0.007664 -0.054354 0.009066
-0.019558 0.097044 -0.001864
0.003657 -0.040094 -0.001798
0.030437 -0.045412 0.015454
-0.063883 0.070952 0.146973
-0.044039 0.078939 0.001421
0.015294 -0.057953 0.124375
-0.078189 0.014385 0.023954
0.051921 -0.036593 0.129469
-0.084326 0.023755 0.071777
-0.080082 0.010553 0.148991
-0.058201 0.076154 0.14867
-9e-05 -0.060433 0.105881
0.073781 0.008228 0.126871
-0.084378 0.015957 -0.006162
0.006661 -0.053358 0.034718
0.059421 0.065485 0.05144
-0.083135 0.03343 0.041335
-0.042986 0.077372 -0.00044
-0.046436 -0.047856 0.146977
0.064661 -0.019404 0.023909
0.022687 0.093418 0.115556
-0.040371 -0.04543 0.015454
-0.071169 -0.024776 0.129469
0.050542 -0.037973 0.098756
0.02455 -0.054893 0.053782
-0.065822 0.070062 0.045843
-0.083748 0.008183 0.113674
-0.061894 0.074399 0.012434
-0.011245 -0.054022 0.034718
0.009541 0.097052 0.124375
-0.064548 0.07154 0.11972
0.041595 -0.045505 0.096418
-0.051351 -0.045277 0.10297
-0.073544 -0.020992 0.101341
-0.084468 0.019856 0.010248
-0.080756 -0.005124 0.105881
-0.036325 0.091952 0.068485
-0.025745 -0.04686 -0.00044
0.040001 -0.046628 0.000909
-0.07643 0.053747 0.05144
-0.059466 -0.037656 0.146975
0.07032 0.006808 0.15037
-0.049328 -0.068223 0.123311
-0.074287 -0.004963 0.009066
-0.028324 0.012745 -0.001798
-0.054503 -0.047038 0.022786
-0.013725 -0.060102 -0.005609
-0.043129 -0.043037 0.089844
0.041927 0.074691 0.061074
0.068098 0.023414 0.126964
0.020393 -0.049315 0.075459
-0.043158 -0.056007 0.029139
-0.039871 0.090326 0.042806
-0.078406 0.017982 0.015454
0.036692 0.086587 0.041335
-0.057476 -0.040961 0.044969
-0.06706 0.068554 0.014682
-0.004056 -0.058172 -0.007075
0.040533 0.043496 -0.007284
-0.059613 -0.029427 0.1162
0.017812 0.09094 0.148991
0.011454 0.096672 0.019287
-0.013727 -0.060101 0.000909
0.026168 0.086974 0.146215
0.0654 0.000373 0.103626
-0.071627 0.062231 0.008144
-0.023331 -0.058439 0.048696
-0.06428 -0.000259 -0.001748
-0.073569 -0.021027 0.06179
-0.061361 0.066311 0.135456
-0.058619 -0.039741 0.021926
0.068307 -0.010383 0.144956
-0.079501 0.046577 0.10736
0.037317 0.08397 0.149955
0.018931 0.015662 -0.001798
-0.045172 0.080634 0.135456
0.064661 -0.019404 0.059171
0.047684 -0.040629 0.068485
0.04765 0.078465 0.11972
-0.083443 -0.070013 0.060859
-0.064334 -0.032875 0.041281
0.07017 0.044783 0.10736
0.050542 -0.037973 0.028403
-0.011785 -0.060292 0.111936
-0.054673 0.080948 0.124375
0.062674 0.060621 0.021605
0.020893 -0.056253 0.117573
0.057058 0.068589 0.021605
0.066437 0.053788 0.105881
-0.083992 0.027642 0.115556
0.049096 0.077155 0.038223
0.02482 0.017814 -0.001798
-0.003988 -0.060578 0.056371
-0.026806 -0.056475 -0.006875
-0.049974 0.084435 0.019287
-0.084468 0.017905 0.129469
0.022687 0.093418 0.000909
-0.006161 -0.013243 -0.007284
0.033321 0.088551 0.041335
0.036731 -0.048757 -0.004042
-0.042675 -0.052006 0.024636
-0.071627 0.062231 0.126871
0.07435 0.0238 -0.000551
-0.060318 -0.035458 0.149955
-0.083461 0.006253 0.11972
0.074446 0.021852 0.042806
0.013196 -0.057565 0.146973
0.018997 0.094686 0.110332
-0.077926 -0.010278 -0.006875
-0.038108 0.091161 0.068485
-0.084468 0.019856 0.047516
-0.046831 -0.048661 0.004258
0.013402 -0.058428 0.081724
-0.025279 0.088803 0.075459
0.0637 -0.021102 0.065263
-0.0788 0.048397 0.110332
-0.04714 -0.05224 0.109119
0.001856 -0.060289 0.02618
0.020353 -0.049208 -0.007258
0.003752 0.097909 0.053782
-0.084419 0.015955 0.117573
-0.041246 -0.050283 0.14867
0.003752 0.097909 0.091035
-0.079501 0.046577 0.034619
0.013358 0.096245 0.034619
-0.082746 0.002418 0.075105
-0.046168 -0.049295 0.133606
0.053555 0.022517 -0.007284
0.012967 -0.056601 0.149955
-0.078054 0.0502 0.062147
0.073488 0.031553 0.034619
-0.062047 -0.004758 -0.007284
0.065458 -0.001504 0.023954
-0.051532 -0.045531 -0.000551
-0.040033 -0.052394 0.002512
-0.073629 -0.021157 0.000909
0.07187 0.039184 0.129469
0.070796 -0.005081 0.115556
-0.039871 0.090326 0.100827
0.070782 0.042931 0.11972
-0.005944 -0.056318 -0.007196
-0.073673 0.058908 0.071777
-0.065422 -0.031143 0.104868
-0.070183 0.014879 -0.007281
-0.041502 -0.043792 0.004489
-0.076802 -0.062862 0.065063
0.028135 -0.053355 0.02618
-0.084421 0.021806 0.042806
-0.067707 0.057526 0.135456
-0.055853 -0.051486 0.12658
-0.073473 0.056572 0.14867
0.059453 0.063141 0.14867
0.050594 0.040494 -0.001798
0.046172 0.079739 0.062147
0.074495 0.01795 -0.000551
0.074353 0.014052 0.032639
-0.002084 0.098338 0.023909
-0.021576 -0.058758 0.119734
0.03347 0.081354 0.023954
-0.07267 0.060582 0.021605
-0.036325 0.091952 0.036486
-0.066671 -0.031043 0.006141
-0.075599 -0.015602 0.146973
0.050509 0.075811 0.068485
-0.068347 0.064673 0.14867
-0.060515 0.075779 -0.004042
0.041559 0.083338 0.030561
-0.062466 -0.034119 0.104724
0.060545 0.063891 0.078432
-0.07284 0.004593 -0.00044
-0.073559 -0.021013 0.058748
0.060571 -0.026047 0.115556
0.001811 0.0981 0.045843
0.039076 -0.038975 0.089844
-0.038832 -0.053226 0.030655
-0.074467 0.05276 -0.007075
-0.023477 -0.058333 0.034547
0.071362 -0.003214 -0.000551
-0.047722 -0.043408 0.148991
-0.055971 -0.077818 0.105124
-0.040944 -0.05177 0.014475
-0.083992 0.027642 0.000909
0.011454 0.096672 0.088061
-0.081289 0.033087 0.149955
0.051118 0.066139 0.023954
-0.072856 -0.049246 0.040602
-0.005939 -0.060579 -0.003028
-0.021427 -0.058866 0.055953
-0.057603 -0.079746 0.065667
0.058259 0.067052 0.093833
0.073162 0.004376 0.062147
0.062674 0.060621 0.010248
0.053235 0.073019 0.041335
0.059421 0.065485 -0.000551
-0.07723 -0.014229 0.016973
0.067637 0.016249 -0.007258
0.02085 0.094074 0.071777
0.05614 0.058695 0.1162
-0.044174 0.076115 -0.00044
0.057058 0.068589 0.010248
0.007663 -0.059572 0.023909
0.022603 -0.013272 -0.007284
-0.061894 0.074399 0.008144
0.054545 0.071574 0.049364
-0.051437 -0.045399 0.067968
0.047684 -0.040629 0.036486
0.038341 0.085544 0.004258
-0.068758 -0.028135 0.124389
0.074446 0.021852 0.100827
-0.038604 -0.045936 0.047292
-0.027107 -0.057439 0.042026
-0.050752 -0.052004 0.126623
-0.070544 0.034452 -0.001396
0.061629 0.062269 0.023909
0.042121 0.074922 0.034718
-0.002084 0.098338 0.059171
0.039935 0.07798 0.141789
-0.0764 -0.015967 0.075105
-0.049222 -0.047554 0.021585
0.054575 -0.033733 0.129469
-0.060515 0.075779 0.012434
-0.064548 0.07154 0.098756
-0.046704 0.086563 0.032639
0.003475 0.095404 0.150607
-0.06826 0.067016 0.062147
-0.07643 0.053747 -0.000551
-0.063239 0.072986 0.115556
0.040001 -0.046628 0.039826
-0.02525 -0.057946 -0.000551
-0.063239 0.072986 0.071777
-0.078054 0.0502 0.04429
-0.022466 0.092412 0.148991
0.01525 0.095772 0.062147
0.020393 -0.049314 0.103626
-0.034523 0.092699 0.096418
0.061317 0.049295 0.1162
-0.027147 0.095239 0.071777
-0.083144 0.01984 0.14867
0.011454 0.096672 0.042806
-0.005985 0.098384 0.062147
-0.039847 -0.052529 -0.003028
0.048707 0.068811 0.009066
-0.038108 0.091161 0.036486
0.069528 -0.00877 0.02618
0.02455 -0.054893 0.078432
0.072355 0.000559 0.12199
-0.083487 -0.073559 0.095773
0.063677 0.058948 0.111934
0.068261 0.040168 0.15037
-0.084421 0.021806 0.100827
-0.071173 -0.013424 0.135456
-0.056841 -0.041427 0.135763
-0.078205 0.017984 0.126964
-0.069604 0.052405 0.075459
-0.077138 0.026873 0.004489
-0.036844 -0.054286 0.1122
0.008396 0.090894 0.126964
-0.000454 0.080508 -0.007284
-0.06246 -0.035761 0.010226
-0.045876 -0.060092 0.042321
0.01713 0.095252 0.062147
-0.083748 0.008183 0.093833
0.074014 0.027687 0.021605
-0.074952 -0.01317 0.150607
0.064661 -0.019404 0.05144
-0.052091 -0.051379 0.126736
0.065559 0.05553 0.111934
0.007663 -0.059572 0.059171
0.060571 -0.026047 0.000909
-0.032703 0.093402 0.021605
-0.059948 -0.038392 0.008122
-0.063839 0.044824 -0.007284
-0.080143 -0.006976 0.096418
-0.0698 -0.049235 0.125004
-0.083142 0.006305 0.142678
-0.080769 0.042887 0.038223
0.067271 0.052025 0.019287
-0.070259 -0.025719 0.057964
-0.020093 -0.052553 0.047292
-0.037269 -0.053515 0.126721
-0.02968 -0.056372 0.126866
0.061629 0.062269 0.059171
-0.01482 -0.053658 0.126964
-0.041614 0.089449 0.115556
-0.083098 0.033424 -0.006162
-0.018358 0.090605 0.1162
0.017174 -0.057433 0.117573
0.062674 0.060621 0.047516
-0.011785 -0.060293 0.110336
0.073154 0.033475 0.028403
-0.056181 0.07971 0.049364
-0.049974 0.084435 0.042806
-0.079486 -0.008813 0.006141
-0.036325 0.091952 0.065263
-0.043489 -0.05048 0.021034
0.057058 0.068589 0.047516
0.073154 0.033475 0.002512
-0.058499 0.076475 -0.006875
-0.013731 -0.060098 0.006141
-0.075476 0.037461 0.061074
-0.083987 0.010119 0.021605
-0.00789 -0.060531 0.000909
-0.052815 -0.044576 0.018838
0.072773 0.035388 0.021605
0.022687 0.093418 0.039826
0.055593 0.030978 -0.007284
-0.078783 -0.010633 -0.000551
-0.084326 0.023755 0.117573
-0.038855 -0.053257 0.120975
0.019041 -0.056866 -0.004042
-0.073673 0.056669 -0.006875
0.043126 0.082176 0.115556
-0.021427 -0.058866 0.053335
0.043195 0.076198 0.146215
-0.083468 0.031508 0.111934
0.061226 0.038179 -0.00044
-0.083461 0.006253 0.098756
-0.057024 -0.046632 0.045518
0.066457 -0.015941 0.053782
0.004906 0.091895 0.135456
0.06178 -0.005919 0.001421
-0.0652 -0.042383 0.041894
0.018852 0.088262 0.023954
-0.039231 -0.054724 0.040732
0.066457 -0.015941 0.091035
-0.052867 -0.044538 0.015807
-0.06826 0.067016 0.04429
-0.042358 -0.041738 0.001421
-0.06706 0.068554 0.104335
-0.035904 0.082203 -0.007258
0.066365 0.03403 0.1162
-0.07724 -0.014211 0.06847
-0.015707 0.097665 0.108826
0.01525 0.095772 0.04429
0.067751 0.016245 0.075459
0.030243 0.064062 -0.001799
0.041439 0.066279 -0.001396
-0.084179 0.012061 0.016973
-0.075506 -0.017703 0.041246
-0.041413 -0.051642 0.132531
-0.039841 0.090264 0.137581
-0.005985 0.098384 0.04429
-0.036874 -0.046478 0.089844
0.033668 0.067778 -0.001748
0.070782 0.042931 0.098756
-0.081335 0.04102 0.068485
0.067555 0.021586 0.004489
-0.06804 -0.084067 0.08711
0.047684 -0.040629 0.065263
0.011454 0.096672 0.100827
0.071492 0.000764 0.146973
0.060639 0.050956 0.047292
-0.015671 -0.059857 0.038202
-0.007935 0.098336 0.030561
0.018997 0.094686 -0.003028
-0.065184 -0.003492 -0.001748
-0.081843 -0.001377 -0.005609
0.06806 0.05024 0.132156
0.062221 -0.022483 0.144956
-0.0788 0.048397 -0.003028
-0.024788 0.093944 0.149955
-0.040131 -0.053578 0.121734
0.01713 0.095252 0.04429
0.00375 0.097888 0.134879
-0.050468 0.081789 0.149955
0.065559 0.05553 0.030561
-0.059915 -0.029695 0.023954
0.001856 -0.060289 0.045843
0.073711 0.008238 0.137581
0.068656 0.048378 0.1402
-0.041859 -0.050782 0.144971
0.003752 0.097909 0.078432
-0.075164 0.044966 0.146215
-0.000135 0.098243 0.056371
0.06558 -0.017684 0.053782
0.019041 -0.056866 0.012434
-0.082635 -0.066056 0.111903
0.06558 -0.017684 0.091035
0.035019 0.08759 -0.000551
0.043162 -0.044342 0.004258
-0.079486 -0.008813 0.014682
-0.084419 0.015955 0.11972
-0.03317 -0.054864 0.14267
-0.077044 0.003627 0.135456
-0.012476 0.08481 -0.001396
0.070716 0.04291 0.137581
0.074014 0.027687 0.010248
-0.030809 -0.056228 -0.006162
0.034664 0.079889 0.089844
-0.074165 0.052643 0.150607
-0.011829 0.098096 0.075105
0.013402 -0.058428 0.10736
-0.068194 -0.013942 0.001421
-0.074252 -0.019344 0.142678
-0.032703 0.093402 0.010248
0.024342 -0.054374 0.144956
-0.007516 -0.050322 -0.007281
-0.038108 0.091161 0.065263
0.072782 0.002463 0.115556
0.028094 0.09118 0.093833
-0.054333 -0.049342 0.023027
0.071882 -0.001333 0.062147
0.028135 -0.053355 0.045843
-0.081322 -0.003257 -0.005609
-0.083992 0.027642 0.039826
-0.066522 0.043665 -0.001396
-0.052449 -0.023429 -0.001748
-0.056814 -0.079145 0.073954
0.033361 -0.050722 0.098756
0.057086 -0.030747 0.000909
0.074019 0.010165 0.113674
-0.065371 -0.038524 0.119162
-0.049974 0.084435 0.100827
-0.019575 -0.059201 0.034589
0.029778 0.006955 -0.001799
-0.014442 0.087991 -0.00044
0.011835 0.089827 0.061074
-0.021472 0.096662 0.068485
0.00181 0.098097 0.132156
0.043126 0.082176 0.000909
-0.082755 0.035344 0.006141
0.012413 -0.016721 -0.007284
0.056254 0.065525 0.150607
0.046172 0.079739 0.006141
0.074206 0.025746 0.115556
-0.071991 0.047603 0.061074
0.015294 -0.057953 -0.004042
0.050509 0.075811 0.056371
-0.002084 0.098338 0.05144
-0.060515 0.075779 0.008144
-0.083987 0.010119 0.010248
0.026352 -0.054146 0.021605
0.067271 0.052025 0.088061
-0.004071 -0.054362 0.009066
-0.00404 0.097826 0.144956
-0.036284 -0.054163 -0.004903
0.070013 0.044729 0.1402
-0.081855 0.03914 0.129469
-0.073601 0.044385 0.034718
-0.023335 -0.058436 -0.003028
-0.056798 -0.034234 0.141789
-0.003988 -0.060578 0.111934
0.024507 0.092716 0.021605
-0.029014 0.094672 0.062147
0.074448 0.016 0.006141
0.046981 0.058466 -0.001396
0.062674 0.060621 0.053782
0.02988 -0.052482 -0.006162
0.06808 -0.012393 0.113674
-0.011829 0.098096 0.016973
-0.078054 0.0502 0.108826
-0.05629 -0.07745 0.051156
0.039963 0.084461 0.021605
0.074446 0.021852 0.016973
0.019775 0.080439 -0.001396
0.013402 -0.058428 0.034619
-0.077828 0.016199 0.061074
-0.021758 -0.051807 -0.007258
-0.063 -0.036762 0.032496
-0.079501 0.046577 0.019287
0.013358 0.096245 0.019287
0.044664 0.080976 0.126871
0.06881 0.048439 0.021605
-0.017591 -0.059578 0.085036
0.073488 0.031553 0.019287
0.061919 -0.009754 0.103626
-0.060974 -0.035673 0.047543
0.033311 0.088533 0.134879
0.070796 -0.005081 0.117573
-0.013738 -0.060071 0.134879
-0.072454 -0.022933 0.117621
0.064661 -0.019404 -0.000551
0.07017 0.044783 0.019287
0.007663 -0.059572 0.05144
0.015294 -0.057953 0.012434
0.074014 0.027687 0.047516
0.061652 -0.024423 0.132156
-0.060515 0.075779 0.126871
-0.082473 -0.06716 0.053839
-0.038829 -0.052831 0.010226
0.033361 -0.050722 0.028403
-0.06582 -0.031004 0.10787
0.067271 0.052025 0.042806
0.013401 -0.058425 0.132156
0.007231 -0.018448 -0.001798
0.073775 0.029623 0.028403
0.060571 -0.026047 0.039826
0.056102 0.06541 -0.007075
0.045081 -0.037686 0.148991
-0.078669 0.046268 0.146973
-0.032703 0.093402 0.047516
0.061629 0.062269 0.05144
-0.037958 -0.053135 -0.006577
-0.01345 -0.057597 0.150607
0.053029 -0.034959 0.142678
0.073775 0.029623 0.002512
0.072782 0.002463 0.000909
-0.065822 0.070062 0.053782
-0.084421 0.021806 0.016973
-0.074405 -0.056076 0.124209
0.033423 0.081271 0.009066
-0.048352 0.085519 0.126871
-0.065822 0.070062 0.091035
-0.025223 -0.057965 0.08873
-0.046146 -0.041126 0.103626
0.071882 -0.001333 0.04429
0.044998 -0.040467 0.149955
-0.045031 0.087567 0.096418
-0.056831 -0.067626 0.026858
0.052746 0.060627 0.001421
0.069528 -0.00877 0.045843
-0.041573 -0.051663 0.082677
-0.074858 0.030249 -0.007258
0.038379 -0.047713 0.041335
0.016962 0.088255 0.089844
0.009541 0.097052 0.012434
0.067781 0.012658 0.047292
0.024846 0.044485 -0.001798
-0.033993 -0.055232 0.106141
-9e-05 -0.060433 0.02618
0.074495 0.019901 -0.005609
-0.032286 -0.054573 -0.006875
0.001811 0.0981 0.034619
-0.048592 -0.047537 0.010104
0.041859 0.074609 0.103626
0.051857 0.025925 -0.001799
0.074206 0.025746 0.000909
-0.064118 -0.034164 0.118744
-0.045293 -0.049565 0.006136
-0.083987 0.010119 0.047516
-0.00789 -0.060531 0.039826
-0.07267 0.060582 0.053782
0.006739 0.080103 -0.001748
-0.043386 -0.054614 0.112952
-0.077957 -0.056337 0.117238
-0.07267 0.060582 0.091035
0.054545 0.071574 0.002512
-0.056926 -0.039943 0.105019
-0.032072 0.086576 0.061074
0.041595 -0.045505 0.075105
0.0637 -0.021102 0.030561
-0.053551 0.006088 -0.007284
0.065321 0.005657 -0.007258
-0.080141 -0.006976 0.132156
0.02085 0.094074 0.117573
0.042243 -0.040074 0.148991
-0.059636 -0.057029 0.046776
-0.057222 -0.046844 0.107731
0.029321 0.081329 0.001421
-0.076397 -0.015963 0.065211
-0.056264 -0.022485 -0.007281
0.068062 0.050242 0.049364
-0.015662 -0.059864 0.047438
0.053266 -0.035179 0.113674
0.045847 -0.041476 0.144956
-0.029014 0.094672 0.04429
-0.080756 -0.005124 0.02618
-0.017636 0.097378 0.113674
0.006359 0.088775 -0.007258
0.045354 -0.04089 0.14867
-0.074856 -0.053118 0.123705
-0.019514 -0.059246 0.078486
0.073154 0.033475 0.102668
-0.002263 -0.054469 0.015454
-0.048758 -0.047492 0.138194
-0.082329 0.037247 -0.000551
-0.06772 -0.021943 0.146215
-0.053059 0.07889 -0.007075
-0.038728 0.08389 0.126964
-0.070874 0.053064 0.141789
-0.084418 -0.067753 0.098125
-0.048014 0.078397 0.015454
-0.079436 0.046552 0.137581
0.06729 -0.014177 0.075105
-0.06667 -0.066764 0.093084
0.01525 0.095772 0.108826
0.020604 0.072759 -0.001798
-0.073586 -0.006618 0.034718
-0.053861 -0.068494 0.029745
-0.031965 -0.048576 0.004489
-0.063239 0.072986 0.117573
0.011498 -0.058856 0.062147
0.073495 0.006298 0.002512
0.010701 -0.023265 -0.001798
-0.063489 -0.034847 0.039155
0.070077 0.040695 0.14867
-0.068702 0.064929 0.146973
-0.011787 -0.060291 0.117574
0.066457 -0.015941 0.078432
-0.058303 -0.030654 0.004489
-0.084326 0.023755 0.11972
0.019041 -0.056866 0.008144
-0.059267 0.015553 -0.001799
-0.027147 0.095239 0.117573
-0.070544 0.063853 0.068485
0.010641 0.092828 0.148991
0.055462 -0.022547 0.009066
0.072345 0.037291 0.108826
-0.058902 -0.03947 0.002512
-0.058327 -0.038533 -0.006875
0.065834 0.002106 0.103626
0.01713 0.095252 0.108826
-0.005939 -0.060579 0.023909
-0.032048 0.091642 0.149955
0.013357 0.096243 0.132156
0.02631 0.09197 0.126871
0.048537 -0.030789 0.047292
-0.046704 0.086563 0.014682
0.067271 0.052025 0.100827
0.063677 0.058948 0.110332
-0.046288 -0.041333 0.047292
-0.046122 -0.041091 0.089844
0.074495 0.01795 0.098756
0.06534 0.007583 0.001421
0.038251 0.085405 0.1402
-0.037133 0.020078 -0.007284
0.035019 0.08759 0.11972
-0.052169 -0.040112 0.148991
0.066877 0.007361 0.103626
-0.00586 -0.053983 0.061074
0.013358 0.096245 0.088061
0.065559 0.05553 0.110332
-0.081335 0.04102 0.056371
0.073488 0.031553 0.088061
0.048322 -0.03059 0.089844
0.066437 0.053788 0.02618
-0.077218 0.028692 0.061074
0.06558 -0.017684 0.078432
0.057086 -0.030747 0.039826
-0.054227 -0.042613 0.102073
-0.036325 0.091952 0.111934
-0.084179 0.012061 0.032639
-0.041614 0.089449 0.117573
-0.037948 0.074121 -0.007284
0.07435 0.0238 0.028403
-0.077908 0.012603 0.034718
-0.047193 -0.065064 0.037153
0.042869 -0.028282 -0.007281
0.041559 0.083338 0.12199
0.043126 0.082176 0.039826
0.07435 0.0238 0.002512
-0.062847 0.050438 -0.007281
-0.001491 0.044698 -0.007284
0.072855 0.029509 -0.006875
-0.08153 -0.001295 0.142678
0.07421 0.012106 0.129469
0.035855 -0.043836 0.146215
0.044619 -0.037164 0.146215
0.073154 0.033475 -0.004903
-0.005939 -0.060579 0.059171
0.06215 -0.009853 0.047292
-0.009505 0.092105 0.023954
0.055849 -0.032256 0.113674
0.064383 0.05492 0.14867
-0.019514 -0.059246 0.08826
-0.060185 -0.037585 0.075113
-0.083468 0.031508 0.110332
-0.079486 -0.008813 0.084946
0.066457 -0.015941 0.088061
0.040001 -0.046628 0.010248
-0.007719 0.092511 0.135456
-0.0665 -0.075207 0.035284
-0.068286 -0.012014 -0.007258
0.074019 0.010165 0.093833
0.011498 -0.058856 0.04429
-0.079501 0.046577 0.042806
0.013358 0.096245 0.042806
0.062563 -0.008088 0.089844
-0.059014 -0.033908 0.148991
0.073488 0.031553 0.042806
-0.083987 0.010119 0.053782
-0.07643 0.053747 0.098756
0.035058 -0.04976 0.096418
-0.063597 0.001643 -0.001748
0.062906 0.052064 0.148991
-0.013733 -0.060097 0.034615
0.039631 -0.039704 0.135456
-0.019558 0.097044 0.071777
-0.021472 0.096662 0.056371
0.072773 0.035388 0.053782
0.074495 0.01795 0.028403
-0.004034 0.098385 0.049364
0.047684 -0.040629 0.111934
-0.030469 -0.049711 0.034718
0.070782 0.04293 0.084946
-0.030866 0.09406 0.049364
0.015294 -0.057953 0.008144
0.062697 -0.022776 0.056371
-0.061224 -0.040517 0.125203
0.07017 0.044783 0.042806
0.007663 -0.059572 -0.000551
-0.022846 -0.056393 -0.007075
-0.082687 0.035329 0.137581
-0.0764 -0.015989 0.004258
0.001415 0.09349 0.146215
0.006425 -0.051891 0.001421
0.005688 0.09767 0.006141
0.062674 0.060621 0.078432
-0.059103 0.077125 0.062147
0.061629 0.062269 -0.000551
-0.013294 -0.056197 0.148991
0.005733 -0.059858 0.075105
-0.027098 -0.057451 0.050123
-0.000519 0.09196 0.034718
-0.0269 0.094387 0.146973
0.07185 0.039179 0.134879
0.071362 -0.003214 0.028403
-0.06533 -0.03241 0.038566
-0.0486 -0.048079 0.105532
0.061654 -0.024424 0.062147
0.072782 0.002463 0.039826
-0.013633 -0.059216 0.146973
-0.080703 0.042866 0.137581
0.071362 -0.003214 0.002512
0.069512 0.046619 -0.004042
-0.073573 -0.021059 0.107674
0.06558 -0.017684 0.088061
0.009541 0.097052 0.008144
-0.068204 0.066973 0.137581
-0.038108 0.091161 0.111934
-0.027638 -0.057037 0.134876
-0.064511 0.061901 0.015454
-0.055449 0.009535 -0.001799
0.046207 -0.041903 0.096418
-0.036325 0.091952 0.030561
-0.014823 0.091174 0.1162
-0.042906 0.087751 0.146973
0.069893 0.036709 0.150607
-0.065335 -0.032546 0.122184
0.059421 0.065485 0.028403
0.07079 0.004779 -0.007075
0.049823 0.051162 -0.001748
-0.049937 0.077947 -0.007196
-0.056074 0.079583 0.1402
0.039349 -0.039334 0.034718
0.059421 0.065485 0.002512
0.01253 0.075853 -0.007284
-0.073673 0.058908 0.11972
-0.041438 0.085087 0.148991
0.072353 0.00056 0.132156
-0.055405 -0.045697 0.127606
-0.071398 -0.024611 0.008144
-0.060471 -0.070229 0.028491
0.074206 0.025746 0.039826
0.074446 0.021852 0.032639
-0.070894 0.011413 -0.001396
0.033361 -0.050722 0.102668
-0.065207 -0.032795 0.035892
-0.083754 0.029578 0.081724
0.051458 -0.013972 -0.007281
0.073775 0.029623 0.102668
-0.06155 -0.069398 0.094492
-0.012789 0.05742 -0.001798
0.028135 -0.053355 0.034619
0.050542 -0.037973 0.068485
0.057555 -0.028639 -0.006875
-0.075697 0.035674 -0.007258
-0.07643 0.053747 0.028403
-0.070288 -0.02576 0.08909
0.04561 -0.023314 -0.007281
-0.031549 -0.055737 0.026177
0.011841 -0.051866 0.089844
0.018997 0.094686 0.023909
-0.072286 -0.022887 0.1402
0.059448 -0.027642 0.010248
0.040001 -0.046628 0.047516
-0.002283 -0.055443 -0.007196
-0.021228 -0.033901 -0.001799
0.027542 0.089976 0.14867
-0.067408 -0.083461 0.096108
-0.0788 0.048397 0.023909
-0.034523 0.092699 0.075105
0.009585 -0.059235 0.132156
-0.044004 0.014207 -0.001798
0.069512 0.046619 0.012434
-0.071449 -0.024573 0.006141
-0.053942 -0.045579 0.046067
0.019048 0.073471 -0.001798
-9e-05 -0.060433 0.045843
0.027149 -0.046892 0.126964
0.009541 0.097052 0.126871
0.050509 0.075811 0.111934
-0.027093 -0.05745 0.106851
-0.07267 0.060582 0.078432
0.047684 -0.040629 0.030561
0.022172 0.086871 0.034718
-0.019607 -0.059178 0.119729
0.066835 0.007368 0.089844
-0.079501 0.046577 0.100827
0.013358 0.096245 0.100827
-0.084421 0.021806 0.032639
-0.037451 -0.026039 -0.001798
-0.078966 -0.004557 0.149955
-0.003988 -0.060578 0.110332
0.058286 -0.029209 0.071777
0.073488 0.031553 0.100827
-0.048428 -0.047655 0.004258
0.070782 0.042931 -0.004903
0.029997 -0.032663 -0.001748
-0.05862 -0.030949 0.126964
-0.047967 0.078331 0.023954
0.048579 0.0712 0.146215
-0.082329 0.037247 0.11972
0.065845 -0.007402 0.148991
-0.082755 0.035344 0.104335
-0.056277 -0.074673 0.065594
-0.078034 -0.012433 0.084952
0.013402 -0.058428 0.019287
0.026352 -0.054146 0.053782
-0.057657 0.078435 -0.001864
-0.049462 -0.068892 0.042778
0.046172 0.079739 0.104335
0.07017 0.044783 0.100827
0.02085 0.094074 0.11972
-0.080756 -0.005124 0.045843
-0.059103 0.077125 0.04429
0.058326 0.055831 0.009066
-0.063218 -0.035211 0.030572
-0.062423 0.072243 -0.006875
-0.084158 0.012062 0.134879
-0.047917 -0.050303 0.107581
-0.042379 -0.050932 0.140325
0.024507 0.092716 0.053782
-0.009881 0.098197 -0.006162
0.074353 0.014052 0.084946
0.061654 -0.024424 0.04429
-0.059592 0.072154 0.15037
-0.071373 -0.024138 0.099872
0.073495 0.006298 0.102668
-0.038108 0.091161 0.030561
0.074448 0.016 0.104335
-0.06113 -0.037161 0.010204
0.033013 -0.039565 -0.00044
-0.069054 -0.060451 0.051502
0.066251 0.035843 0.126964
0.072226 0.035272 0.144956
0.039963 0.084461 0.053782
-0.025267 0.09576 0.115556
0.018997 0.094686 0.059171
-0.007935 0.098336 0.12199
-0.040276 -0.045256 0.126964
0.035019 0.08759 0.098756
-0.069979 -0.026394 0.137578
0.041989 0.080681 0.149955
0.039439 -0.039452 0.023954
-0.034523 0.092699 0.016973
-0.009838 -0.060436 -0.005609
-0.0788 0.048397 0.059171
-0.065979 -0.030488 0.146972
0.06881 0.048439 0.053782
-0.073636 0.058887 -0.006162
0.06881 0.048439 0.091035
-0.041783 0.085712 0.15037
0.065559 0.05553 0.12199
-0.074634 0.057211 -0.000551
-0.002038 -0.06053 0.081724
-0.027147 0.095239 0.11972
-0.065822 0.070062 0.088061
0.073998 0.010167 0.134879
0.033361 -0.050722 -0.004903
-0.070544 0.063853 0.056371
-0.082318 0.000515 0.068485
-0.054673 0.080948 0.126871
0.05582 0.070097 0.004258
0.073162 0.004376 0.104335
0.073775 0.029623 -0.004903
-0.062011 0.062234 0.001421
-0.077108 0.009087 0.075459
0.053865 -0.007018 -0.007284
0.041595 -0.045505 0.124375
-0.078783 -0.010633 0.002512
0.063573 0.031636 -0.00044
0.042205 0.048 -0.001798
-0.046603 -0.054376 0.04428
0.007478 0.096509 0.146973
0.063677 0.058948 -0.003028
-0.056914 0.07477 0.15037
-0.080462 -0.060359 0.051889
0.034669 -0.045413 0.148991
0.069528 -0.00877 0.034619
0.073154 0.033475 0.129469
0.053072 -0.025245 0.1162
0.059391 -0.027601 0.137581
0.001811 0.0981 0.019287
0.059448 -0.027642 0.047516
0.022222 -0.049078 0.126964
-0.080143 -0.006976 0.016973
0.001856 -0.060289 0.091035
-0.028971 -0.05688 0.085836
-0.005939 -0.060579 0.05144
0.039448 0.08369 -0.006875
-0.069099 -0.016408 0.034718
-0.052242 -0.037291 0.015454
0.065559 0.05553 -0.003028
-0.043294 -0.050744 -0.005609
0.05988 0.001944 -0.001396
-0.06826 0.067016 0.104335
-0.045846 -0.050212 0.022558
0.066437 0.053788 0.045843
-0.081843 -0.001377 0.021605
0.06729 -0.014177 0.124375
0.059305 0.017477 -0.007284
-0.063209 0.072958 -0.006162
-0.076665 0.003712 0.009066
-0.080118 0.044726 -0.006162
-0.046704 0.086563 0.084946
0.029898 -0.05252 0.12199
0.07435 0.0238 0.102668
-0.056272 -0.077125 0.080906
-0.028613 0.093409 0.14867
0.050542 -0.037973 0.036486
-0.005985 0.098384 0.104335
-0.000963 -0.046286 -0.001396
0.050283 0.075579 0.142678
0.028135 -0.053355 0.091035
0.069509 -0.008763 0.134879
-0.048683 0.062565 -0.007284
0.035019 0.08759 0.028403
-0.069172 0.021249 -0.001748
-0.043235 -0.05228 0.110077
-0.048944 -0.047307 0.019999
-0.03957 -0.052393 0.019117
-0.044981 -0.049768 0.071395
0.0447 -0.043141 0.049364
-0.069767 0.029422 -0.001396
-0.071627 0.062231 0.113674
-0.040348 0.076254 -0.001396
0.05315 -0.025304 0.047292
0.049667 -0.029396 0.1162
-0.057623 -0.040659 -0.004903
0.070185 -0.006933 0.049364
-0.083468 0.031508 -0.003028
0.074353 0.014052 0.038223
0.031091 0.084497 0.146215
0.024506 0.092714 0.132156
-0.025267 0.09576 0.000909
0.010224 -0.052844 0.023954
0.068284 0.030714 0.141789
-0.045515 -0.057563 0.114238
-0.083987 0.010119 0.078432
0.064661 -0.019404 0.098756
-0.077754 -0.058344 0.110631
0.072773 0.035388 0.078432
-0.037735 -0.053645 0.032475
-0.029155 -0.056746 0.004258
-0.070853 -0.066013 0.088432
-0.042615 -0.050929 0.137831
-0.07694 0.005485 0.034718
-0.039519 0.073152 -0.007284
0.067198 0.032364 0.015454
0.049526 0.067133 0.075459
0.047604 0.078413 0.137581
0.003057 -0.053437 0.075459
0.045864 0.025866 -0.001799
-0.03056 0.087642 0.023954
-0.045398 -0.049491 0.008107
-0.039871 0.090326 0.006141
-0.040064 -0.044872 0.075459
-0.002184 -0.056603 0.148991
-0.067832 -0.02429 0.15037
-0.043334 0.088529 0.004258
-0.064539 -0.026451 0.146215
0.068938 0.003275 0.148991
-0.066845 -0.019237 -0.007258
-0.00789 -0.060531 0.010248
0.051889 0.074432 0.056371
-0.083127 0.004331 0.004258
0.071362 -0.003214 0.102668
-0.039882 -0.053581 0.112182
0.018575 0.040803 -0.007284
-0.0739 0.011168 -0.00044
-0.081335 0.04102 0.111934
0.031641 -0.051642 0.049364
-0.070501 -0.065636 0.064925
-0.064548 0.07154 0.068485
-0.036325 0.091952 0.110332
0.069512 0.046619 0.008144
0.031622 -0.051606 -0.006162
-0.066527 -0.030045 0.096613
-0.07878 0.048389 0.134879
0.060545 0.063891 0.062147
-0.028627 -0.055831 -0.006875
-0.079486 -0.008813 0.105881
0.069445 -0.000692 0.150607
0.059421 0.065485 0.102668
-0.017585 0.097059 0.142678
0.062995 0.046112 0.126964
0.07435 0.0238 -0.004903
-0.081901 0.016048 0.150607
-0.077085 0.005458 0.023954
0.053482 0.056903 -0.00044
-0.073447 -0.021285 0.132156
-0.072696 -0.004438 0.001421
-0.054918 0.072623 0.023954
-0.083429 0.006259 -0.006162
-0.073361 0.044296 0.1162
0.0637 -0.021102 0.12199
0.013402 -0.058428 0.042806
-0.043326 -0.050722 -0.001864
0.064661 -0.019404 0.028403
-0.074235 0.042704 0.126964
-0.077637 0.023346 0.075459
-0.082329 0.037247 0.098756
-0.047067 0.013839 -0.007284
0.053235 0.073019 0.108826
-0.07643 0.053747 0.102668
0.001811 0.0981 0.088061
-0.019558 0.097044 0.117573
-0.080769 0.042887 0.02618
0.005733 -0.059858 0.124375
0.036479 -0.041506 0.009066
-0.077633 0.014419 0.103626
0.059642 -0.005154 -0.00044
-0.063429 -0.033487 0.146972
-0.083754 0.029578 0.10736
-0.059103 0.077125 0.108826
0.047684 -0.040629 0.110332
-0.084254 0.015961 0.1402
7.8e-05 -0.023177 -0.007284
-0.021472 0.096662 0.111934
-0.045031 0.087567 0.075105
-0.062094 -0.034713 0.110041
0.039526 -0.031236 -0.001396
-0.06706 0.068554 -0.005609
0.052814 0.067566 0.148991
-0.039871 0.090326 0.014682
0.018997 0.094686 0.05144
-0.071832 -0.076009 0.115046
0.061654 -0.024424 0.108826
-0.077561 0.039927 0.148991
0.04765 0.078465 0.068485
0.050542 -0.037973 0.065263
0.074495 0.019901 0.021605
-0.081322 -0.003257 0.010248
0.074495 0.01795 -0.004903
-0.003988 -0.060578 -0.003028
-0.021551 -0.058776 0.032611
-0.0788 0.048397 0.05144
0.073693 0.027651 0.142678
0.063323 0.054369 0.150607
0.07017 0.044783 0.016973
0.018749 -0.055894 -0.006875
-0.05689 -0.075452 0.079751
-0.076386 -0.015996 0.032633
-0.009873 0.098074 0.1402
0.071882 -0.001333 0.104335
0.036692 0.086587 -0.001864
0.026352 -0.054146 0.078432
0.018829 0.094153 0.144956
-0.053034 -0.066217 0.125312
0.051906 -0.036578 0.134879
0.035026 -0.042562 0.023954
-0.051385 -0.045325 0.092105
0.017018 -0.056896 0.144956
0.020668 0.093546 0.144956
0.029858 0.090347 0.093833
-0.00789 -0.060531 0.047516
-0.065159 -0.07422 0.119815
0.073608 0.017961 0.146973
0.024507 0.092716 0.078432
0.071362 -0.003214 -0.004903
-0.059905 -0.038353 0.021797
0.041891 -0.036776 0.103626
-0.083461 0.006253 0.068485
0.068826 -0.010591 0.10736
0.001811 0.0981 0.042806
0.067067 0.032337 0.009066
-0.074634 0.057211 0.11972
-0.06627 -0.031325 0.124414
-0.078763 -0.010626 0.134879
0.005688 0.09767 0.104335
0.039963 0.084461 0.078432
-0.005939 -0.060579 -0.000551
-0.061894 0.074399 0.113674
-0.050059 -0.046449 0.140523
0.060545 0.063891 0.04429
0.049096 0.077155 0.081724
0.038962 -0.038825 0.004489
-0.060065 -0.079905 0.112568
0.054545 0.071574 0.129469
-0.060108 -0.041836 0.110725
0.06881 0.048439 0.078432
-0.074775 -0.063094 0.122298
0.059421 0.065485 -0.004903
-0.082329 0.037247 0.028403
0.057338 -0.019475 0.034718
-0.071169 0.049194 0.103626
0.064812 0.041037 0.126964
0.021609 -0.052582 0.15037
-0.015661 -0.059864 0.096502
-0.029014 0.094672 0.104335
-0.083754 0.029578 0.034619
-0.045031 0.087567 0.016973
0.054957 0.042189 -0.007284
-0.046645 -0.048752 0.078774
-0.049961 -0.046637 0.000909
0.035044 -0.04602 0.15037
-0.083299 0.025624 0.146973
-0.078525 0.008894 0.141789
-0.027421 0.089648 0.141789
-0.083127 0.004331 0.075105
-0.082318 0.000515 0.056371
-0.038696 -0.054299 0.038347
-0.066675 -0.03028 0.086398
0.065894 0.000246 0.009066
-0.07643 0.053747 -0.004903
0.074446 0.021852 0.014682
-0.046597 -0.056836 0.11276
0.033321 0.088551 -0.001864
-0.064548 0.07154 0.036486
0.013402 -0.058428 0.100827
0.032507 0.006017 -0.007284
-0.002038 -0.06053 0.10736
0.073495 0.006298 0.129469
-0.029532 0.090013 -0.007196
0.050509 0.075811 0.110332
0.058286 -0.029209 0.117573
0.07187 0.039184 0.093833
-0.052172 -0.028952 -0.007281
0.038341 0.085544 -0.004042
-0.063283 -0.036046 0.115554
0.074353 0.014052 0.105881
-0.053238 -0.03289 -0.007258
0.048015 0.063621 -0.00044
0.009585 -0.059237 0.041335
-0.000135 0.098243 -0.001864
0.048876 0.076918 0.142678
-0.075406 0.055414 0.1402
0.01142 0.09651 0.1402
-0.081322 -0.003257 0.047516
0.071349 0.041064 0.12199
0.062017 -0.009796 0.061074
0.043058 0.073269 0.004489
-0.025267 0.09576 0.039826
0.018872 -0.056333 0.144956
0.069881 0.029093 0.148991
-0.080143 -0.006976 0.032639
-0.061954 -0.050221 0.023461
-0.023331 -0.058439 -0.004903
-0.084421 0.021806 0.014682
-0.04988 0.084298 0.1402
-0.009839 -0.060436 0.016973
-0.01377 0.097904 0.115556
-0.06462 -0.033266 0.113426
0.02455 -0.054893 0.04429
-0.01377 0.097904 0.071777
0.0317 -0.029286 -0.001748
-0.056181 0.07971 0.129469
-0.007701 0.092099 0.009066
-0.076008 -0.0536 0.119363
-0.002084 0.098338 0.002512
-0.020439 0.077464 -0.001748
-0.079601 0.003085 0.15037
-0.032677 -0.008983 -0.001798
0.011454 0.096672 0.006141
-0.033974 -0.053029 0.149955
0.003752 0.097909 0.062147
0.038341 0.085544 0.012434
0.001811 0.0981 0.100827
-0.055796 -0.04144 0.092694
-0.002038 -0.06053 0.034619
0.050509 0.075811 -0.001864
0.07435 0.0238 0.129469
-0.070326 -0.026054 0.037854
-0.074611 -0.065081 0.083665
0.017816 -0.023303 -0.001799
-0.070544 0.063853 0.111934
0.069528 -0.00877 0.019287
-0.068084 -0.029352 0.002512
-0.066172 -0.031383 0.112189
-0.046704 0.086563 0.105881
-0.078783 -0.010633 -0.004903
-0.019514 -0.059246 0.099046
-0.060414 -0.038054 -0.000551
-0.074221 -0.004937 0.126964
0.060325 0.029431 -0.007284
-0.082746 0.002418 0.126871
0.034342 0.046373 -0.001799
0.001856 -0.060289 0.088061
0.06192 -0.009755 0.075459
0.024537 -0.054861 -0.006162
-0.048294 -0.048748 0.022149
0.013544 0.08929 0.103626
-0.083461 0.006253 0.036486
0.011498 -0.058856 0.104335
0.057364 -0.019491 0.126964
0.007663 -0.059572 0.028403
-0.028426 -0.038833 -0.001748
0.014474 -0.054845 0.15037
0.066437 0.053788 0.034619
-0.015505 -0.045877 -0.001396
-0.011788 -0.06029 0.016973
-0.036325 0.091952 -0.003028
0.007663 -0.059572 0.002512
-0.065724 -0.03234 -0.000551
-0.082695 -0.07243 0.059097
-0.060061 -0.068211 0.124331
0.061629 0.062269 0.028403
-0.060624 -0.03758 0.016611
-0.025535 -0.05774 0.119752
0.0114 0.096403 -0.006577
0.060504 0.055063 -0.007196
-0.020174 -0.052938 0.015454
-0.049974 0.084435 0.006141
0.070185 -0.006933 0.002512
0.061629 0.062269 0.002512
-0.053483 -0.035974 0.009066
-0.039294 -0.043523 0.001421
0.028135 -0.053355 0.088061
-0.048262 0.08538 0.1402
0.018997 0.094686 -0.000551
-0.082746 0.002418 0.038223
-0.081843 -0.001377 0.053782
0.070782 0.042931 0.036486
-0.058528 0.032952 -0.007284
-0.015707 0.097665 0.115556
-0.081843 -0.001377 0.091035
0.024178 0.091892 0.146973
-0.0788 0.048397 -0.000551
0.046207 -0.041903 0.075105
-0.062829 0.072605 0.144956
-0.065935 -0.043514 0.124259
-0.005643 -0.032417 -0.001799
0.063677 0.058948 0.023909
0.011454 0.096672 0.014682
-0.063817 -0.036129 0.116956
-0.019535 -0.05923 0.110435
-0.064548 0.07154 0.065263
-0.007935 0.098336 0.023909
-0.028853 0.088204 0.009066
0.035019 0.08759 -0.004903
0.065226 0.041169 0.135456
0.064661 -0.019404 0.102668
0.071362 -0.003214 0.129469
-0.0169 0.092811 0.146215
0.035058 -0.04976 0.016973
-9e-05 -0.060433 0.053782
0.026313 0.011479 -0.007284
-9e-05 -0.060433 0.091035
-0.080769 0.042887 0.081724
0.02273 -0.055596 0.12199
-0.080769 0.042887 0.045843
0.065559 0.05553 0.023909
-0.019558 0.097044 0.11972
-0.084323 0.014006 0.096418
-0.07697 0.00548 0.126964
-0.081302 -0.003252 0.134879
0.047684 -0.040629 -0.003028
0.003752 0.097909 0.04429
-0.078782 -0.010634 0.129469
0.059421 0.065485 0.129469
-0.038108 0.091161 0.12199
0.043162 -0.044342 -0.004042
-0.053016 -0.041236 0.150607
-0.084179 0.012061 0.084946
-0.030403 0.08722 0.061074
-0.074634 0.057211 0.098756
-0.028964 0.094514 0.1402
0.025409 0.085313 0.047292
-0.0325 -0.055651 0.036079
0.054138 -0.023807 0.1162
-0.063361 0.067993 0.15037
-0.060515 0.075779 0.113674
-0.080756 -0.005124 0.053782
0.04765 0.078465 0.056371
-0.080756 -0.005124 0.091035
0.062461 0.0012 -0.00044
0.033361 -0.050722 0.036486
-0.042305 -0.056651 0.12283
0.057042 0.068577 0.134879
-0.061844 0.07435 0.137581
-0.06951 -0.083814 0.086549
0.05582 0.070097 0.124375
-0.015668 -0.059859 0.002512
-0.061462 -0.082738 0.090217
-0.077237 -0.014207 0.093871
-0.079501 0.046577 0.032639
-0.069532 -0.053254 0.026424
-0.02327 -0.058183 -0.006577
-0.049974 0.084435 0.014682
-0.035576 0.077269 -0.007281
0.020395 -0.04932 0.004489
-0.081335 0.04102 0.110332
-0.029329 -0.008642 -0.001798
-0.043694 -0.053071 0.125231
-0.073544 -0.020992 0.048856
0.063677 0.058948 0.059171
-0.02344 -0.05836 0.036372
-0.039871 0.090326 0.084946
-0.0761 0.005767 -0.007258
-0.007935 0.098336 0.059171
0.07017 0.044783 0.032639
-0.052363 0.065328 -0.001396
-0.049297 -0.060779 0.043793
-0.031117 -0.056022 0.117819
-0.053135 0.082148 0.056371
0.023811 0.090972 0.149955
0.065559 0.05553 0.059171
-0.061531 -0.036159 0.071215
0.058259 0.067052 0.075105
-0.011784 -0.060293 -0.001864
-0.077945 0.005298 0.141789
-0.066018 -0.031539 0.02162
0.043162 -0.044342 0.012434
-0.015707 0.097665 0.000909
-0.084419 0.015955 0.068485
0.069528 -0.00877 0.088061
-0.039239 -0.033151 -0.001748
0.065433 -0.017607 0.1402
0.005204 -0.055965 0.148991
-0.080931 -0.060784 0.058925
-0.083461 0.006253 0.065263
-0.074604 -0.01945 -0.000551
-0.070171 0.031184 -0.001396
0.049096 0.077155 0.10736
-0.080158 0.04474 0.108826
0.060833 0.032479 -0.007281
-0.071589 -0.024472 -0.001864
0.071295 -0.003194 0.137581
0.064661 -0.019404 -0.004903
-0.074634 0.057211 0.028403
-0.079517 -0.068705 0.11573
0.019387 -0.051879 0.146215
-0.0792 0.036505 0.15037
-0.058924 0.076932 -0.006577
-0.062598 -0.045314 0.111593
0.061943 0.014925 -0.001396
-0.00209 0.098172 0.1402
-0.069102 -0.027267 0.060853
0.050509 0.075811 -0.003028
-0.021472 0.096662 0.110332
0.062697 -0.022776 0.110332
0.066457 -0.015941 0.062147
-0.057988 -0.025815 -0.00044
0.038341 0.085544 0.008144
0.061218 -0.013386 0.135456
-0.038147 0.086796 0.148991
0.02455 -0.054893 0.108826
0.072355 0.000559 0.049364
0.070782 0.042931 0.065263
-0.065397 -0.031732 0.086578
0.058881 -0.016226 0.061074
-0.034467 -0.054875 -0.006162
0.028094 0.09118 0.004258
0.013095 -0.057139 0.14867
-0.00356 0.083195 -0.007284
-0.062774 -0.035527 0.00614
-0.084179 0.012061 0.038223
0.074446 0.021852 0.084946
0.071278 0.029283 0.150607
0.074495 0.019901 0.053782
0.02631 0.09197 0.113674
-0.083748 0.008183 0.075105
0.035829 0.007479 -0.007284
0.074495 0.019901 0.091035
-0.06341 -0.083075 0.097801
-0.040145 -0.004768 -0.007284
-0.013725 -0.060102 0.049329
0.067271 0.052025 0.006141
-0.061756 -0.028899 0.141789
-0.009883 0.09824 0.053782
-0.002084 0.098338 0.102668
-0.083127 0.004331 0.124375
-0.009883 0.09824 0.091035
-0.017636 0.097378 0.096418
-0.053773 -0.073389 0.041277
-0.008614 -0.044592 -0.001748
0.052145 0.064655 0.034718
0.049096 0.077155 0.034619
-0.045981 0.081979 -0.007196
0.036208 -0.041104 0.075459
-0.083754 0.029578 0.019287
-0.057922 -0.041271 0.128608
-0.071179 -0.024768 0.023908
-0.068138 -0.027035 0.14867
0.038114 -0.028823 -0.007284
0.0696 0.012502 0.146215
0.06558 -0.017684 0.062147
-0.082593 -0.063402 0.088778
0.057855 0.055565 0.004489
0.0637 -0.021102 0.023909
-0.064051 -0.074764 0.119751
0.01522 0.08871 0.004489
-0.071451 -0.02425 0.085543
-0.014803 0.091024 0.075459
0.010627 0.092492 -0.007196
-0.084421 0.021806 0.084946
-0.052083 -0.056106 0.108919
0.033361 -0.050722 0.065263
0.07203 0.037217 0.142678
-0.082329 0.037247 -0.004903
0.019041 -0.056866 0.113674
-0.076406 -0.015985 0.000909
-0.056697 -0.062553 0.107051
0.068826 -0.010591 0.096418
0.062697 -0.022776 -0.001864
-0.029048 -0.056823 0.000909
0.02131 -0.05178 -0.007196
-0.082318 0.000515 0.111934
-0.032641 -0.055551 0.116107
-0.065696 0.069956 0.1402
0.049891 -0.029593 0.009066
0.050542 -0.037973 0.030561
-0.044584 0.0868 0.146973
-0.078054 0.0502 0.000909
-0.082828 0.008297 -0.006875
0.049129 -0.039318 0.096418
0.06041 -0.01298 0.004489
-0.011829 0.098096 0.126871
0.047818 0.002662 -0.001799
0.039466 -0.027566 -0.007284
-0.062501 -0.034188 0.049718
0.007663 -0.059572 0.102668
-0.079519 -0.002734 0.149955
-0.070792 -0.013238 0.009066
0.067989 0.027018 0.015454
-0.074531 -0.019494 0.117593
-0.043224 -0.049709 0.146976
0.001247 0.091528 0.061074
-0.023571 -0.058186 0.137581
0.013526 0.089263 0.004489
0.036731 -0.048757 0.093833
0.066457 -0.015941 0.04429
-0.044971 -0.049747 -0.006162
0.061629 0.062269 0.102668
0.040001 -0.046628 0.041335
0.072345 0.037291 0.115556
0.044664 0.080976 0.081724
0.067271 0.052025 0.014682
0.074495 0.01795 0.036486
-0.082755 0.035344 -0.005609
-0.081843 -0.001377 0.078432
0.050483 0.075783 -0.006162
-0.050996 -0.038618 0.135456
-0.009477 0.091656 0.061074
0.0637 -0.021102 0.059171
-0.01377 0.097904 0.117573
0.046172 0.079739 -0.005609
0.020755 -0.033799 -0.007284
-0.057824 -0.046675 0.023002
-0.023375 0.096234 0.071777
-0.06532 -0.06504 0.055513
-0.057657 0.078435 0.071777
-0.007857 -0.059645 0.146973
0.062674 0.060621 0.062147
-0.011829 0.098096 0.038223
0.001809 0.098079 0.134879
0.074446 0.021852 0.038223
-0.079486 -0.008813 0.02618
0.068247 0.034429 0.146215
-0.069909 0.005304 -0.001396
-0.073024 -0.054173 0.031307
0.005569 0.096791 0.146973
0.074448 0.016 -0.005609
-0.082125 -0.069253 0.111028
0.058769 0.054018 0.075459
0.063927 0.026639 -0.00044
-0.002084 0.098338 -0.004903
0.017605 -0.045861 -0.007281
0.009681 -0.051121 -0.007258
-0.064628 -0.033182 0.0193
-0.063146 -0.035546 0.119602
-0.019641 -0.059153 0.019287
-0.002038 -0.06053 0.019287
0.037634 0.077905 0.075459
-0.058709 -0.06456 0.125426
0.063677 0.058948 0.05144
0.054321 0.061796 0.034718
-0.005939 -0.060579 0.098756
0.038379 -0.047713 -0.001864
-0.025223 -0.057965 0.085467
-0.060289 0.075548 0.142678
-0.013729 -0.060099 0.038214
0.06558 -0.017684 0.04429
0.007618 0.097385 -0.001864
0.055849 -0.032256 0.096418
-0.075313 0.030223 0.001421
-0.049398 -0.04921 0.045941
-0.043348 -0.059097 0.041287
-0.070544 0.063853 0.110332
-0.084326 0.023755 0.068485
0.011454 0.096672 0.084946
-0.013735 -0.060095 0.010248
0.065559 0.05553 0.05144
-0.057993 -0.041723 0.044742
-0.05198 0.046274 -0.001799
0.016044 -0.047177 -0.00044
-0.06706 0.068554 0.021605
0.073162 0.004376 -0.005609
-0.06566 -0.064997 0.124937
0.043162 -0.044342 0.008144
-0.080769 0.042887 0.10736
-0.004034 0.098385 0.129469
-0.032236 -0.055843 0.040178
-0.067629 -0.029649 0.028376
-0.009471 0.091551 0.075459
-0.084421 0.021806 0.038223
0.011454 0.096672 0.104335
0.015294 -0.057953 0.113674
0.067529 0.025169 0.075459
0.055249 -0.022398 0.047292
-0.026479 -0.038291 -0.001748
-0.065822 0.070062 0.062147
0.006037 -0.049485 -0.007281
-0.015707 0.097665 0.039826
0.066437 0.053788 0.019287
-0.062472 -0.034862 0.112349
-0.081335 0.04102 -0.003028
0.060542 -0.026028 -0.006162
-0.079855 -0.062854 0.093515
-0.07643 0.053747 0.036486
-0.075408 -0.017737 0.137581
-0.078033 -0.012437 0.032638
0.022687 0.093418 0.041335
-0.054972 -0.059554 0.023777
0.01525 0.095772 0.000909
0.020893 -0.056253 0.056371
-0.06826 0.067016 -0.005609
0.007663 -0.059572 -0.004903
0.003399 0.066137 -0.001799
0.054114 0.061647 0.1162
-0.027569 -0.057107 0.122013
-0.073542 -0.020989 0.099282
-0.064548 0.07154 0.111934
-0.035715 -0.054091 0.132043
0.009541 0.097052 0.113674
0.059448 -0.027642 0.041335
0.035023 -0.0497 0.137581
-0.072647 -0.022815 -0.004903
-0.07267 0.060582 0.062147
0.061629 0.062269 -0.004903
-0.066166 -0.031029 0.14267
-0.010365 -0.048086 -0.007281
-0.077482 0.026922 0.1162
0.072345 0.037291 0.000909
-0.083468 0.031508 0.05144
-0.067725 -0.078304 0.041544
-0.005985 0.098384 -0.005609
0.036266 -0.048002 -0.006875
-0.049974 0.084435 0.084946
0.01713 0.095252 0.000909
-0.048337 -0.065057 0.042793
-0.03126 -0.055924 0.030499
-0.084179 0.012061 0.105881
0.013358 0.096245 0.006141
-0.005939 -0.060579 0.028403
-0.021243 0.087798 -0.007258
-0.009438 -0.053899 0.1162
0.073488 0.031553 0.006141
0.054453 -0.015717 -0.00044
-0.084419 0.015955 0.056371
0.064659 -0.019403 0.132156
-9e-05 -0.060433 0.088061
0.062674 0.060621 0.04429
-0.005939 -0.060579 0.002512
-0.038505 -0.053058 0.00614
-0.052798 -0.043948 0.101683
-0.00663 -0.026059 -0.001798
0.041595 -0.045505 0.126871
-0.025223 -0.057966 0.055485
-0.080769 0.042887 0.034619
-0.047461 -0.048436 0.135879
0.039335 0.07719 0.126964
0.059146 -0.016371 0.034718
-0.005908 0.092239 0.023954
-0.045166 -0.049761 0.104637
0.073176 0.00635 0.142678
-0.02952 -0.056477 0.122033
-0.081534 -0.061233 0.110383
0.022517 0.082982 -0.00044
-0.036325 0.091952 0.023909
-0.021472 0.096662 -0.003028
-0.083991 -0.072391 0.09628
0.04746 0.070104 0.009066
-0.060848 -0.064847 0.025565
-0.082869 0.008303 0.146973
0.062697 -0.022776 -0.003028
-0.039871 0.090326 0.105881
-0.070477 -0.017256 -0.007196
-0.019514 -0.059246 0.085101
0.074495 0.01795 0.065263
-0.043064 0.088039 0.144956
-0.083754 0.029578 0.042806
-0.080756 -0.005124 0.088061
0.07421 0.012106 0.093833
0.013402 -0.058428 0.032639
0.067397 0.038003 0.146215
0.06729 -0.014177 0.126871
0.040877 0.076243 0.015454
-0.084468 0.019856 0.108826
0.04765 0.078465 0.111934
0.062351 0.047787 0.009066
-0.038696 0.073575 -0.001748
0.058259 0.067052 0.124375
-0.027116 -0.05102 0.023954
-0.075798 0.002065 0.075459
-0.08029 0.034823 0.150607
-0.064394 -0.076569 0.036438
-0.043492 -0.050695 0.103755
-0.017618 -0.059559 0.113702
-0.061166 0.030055 -0.001799
0.074495 0.019901 0.078432
0.074353 0.014052 0.02618
0.071141 0.023602 0.15037
0.038146 0.078613 0.135456
0.033214 -0.043053 0.075459
-0.062437 -0.04437 0.125476
-0.054079 -0.042895 0.144995
-0.009883 0.09824 0.078432
0.073781 0.008228 0.096418
-0.029232 -0.056691 0.006141
-0.071483 -0.024294 0.078642
0.068526 -0.010471 0.142678
-0.058482 -0.03082 0.047292
-0.078054 0.0502 0.039826
-0.079501 0.046577 0.014682
0.013358 0.096245 0.014682
-0.016553 -0.053111 0.1162
0.047684 -0.040629 0.023909
0.071423 0.010478 -0.007075
-0.083461 0.006253 0.111934
-0.074559 -0.019378 0.044056
-0.064548 0.07154 0.030561
0.073488 0.031553 0.014682
0.032384 0.079545 0.001421
0.072886 0.025632 0.14867
-0.036325 0.091952 0.059171
-0.07267 0.060582 0.04429
-0.040822 -0.056849 0.119691
-0.058728 -0.011554 -0.007284
-0.065447 -0.047093 0.025362
-0.07724 -0.014212 0.075105
-0.032496 -0.055738 0.10372
0.018997 0.094686 0.098756
-0.01664 0.091194 0.126964
0.07017 0.044783 0.014682
-0.073673 0.058908 0.068485
-0.073372 -0.008467 0.135456
-0.066113 -0.030783 0.144953
-0.0788 0.048397 0.098756
0.019041 -0.056866 0.093833
-0.038039 0.091011 0.1402
0.0637 -0.021102 0.05144
-0.065764 -0.032267 -0.006162
-0.07643 0.053747 0.065263
0.066437 0.053788 0.088061
-0.068636 -0.016169 0.004489
-0.003988 -0.060578 0.05144
0.074446 0.021852 0.105881
-0.083135 0.03343 0.071777
-0.053025 -0.072426 0.112282
-0.038108 0.091161 0.023909
0.035019 0.08759 0.036486
-0.083748 0.008183 0.124375
0.051889 0.074432 -0.001864
-0.002084 0.098338 0.129469
-0.069127 -0.027161 0.106031
-0.046693 0.086546 0.134879
-0.062855 -0.032332 -0.007075
-0.064671 -0.024263 0.135456
-0.046704 0.086563 0.02618
-0.002038 -0.06053 0.042806
-0.075553 0.05549 0.093833
-0.01839 -0.053203 0.023954
0.063677 0.058948 -0.000551
0.003747 0.097868 -0.006162
0.069217 0.036548 0.15037
0.072773 0.035388 0.062147
0.061335 -0.011451 0.1162
-0.073616 -0.021166 0.002512
0.06729 0.009108 0.1162
0.047684 -0.040629 0.059171
-0.047772 -0.056317 0.024347
0.060571 -0.026047 0.041335
0.044659 0.054518 -0.001748
0.074016 0.010165 0.132156
0.071882 -0.001333 -0.005609
-0.083754 0.029578 0.100827
-0.05801 -0.067423 0.103768
0.065559 0.05553 -0.000551
0.036692 0.086587 0.071777
0.05582 0.070097 -0.004042
-0.084421 0.021806 0.105881
-0.000414 -0.055172 0.141789
-0.044061 -0.050199 0.012197
-0.069166 -0.027686 0.114069
-0.078031 -0.012439 0.019287
0.02085 0.094074 0.068485
-0.067853 -0.052464 0.125507
0.015068 -0.057095 0.146973
0.049096 0.077155 0.019287
0.004757 0.090799 0.004489
0.008433 0.091092 0.015454
0.041559 0.083338 0.049364
-0.079486 -0.008813 0.045843
0.04717 0.069824 0.061074
-0.069369 -0.04808 0.11626
0.061464 -0.015461 -0.007196
0.066437 0.053788 0.042806
0.018997 0.094686 0.028403
0.044664 0.080976 0.10736
-0.02999 0.08611 0.001421
0.005688 0.09767 -0.005609
0.038901 0.082912 0.149955
0.007663 -0.059572 0.129469
-0.0788 0.048397 0.028403
-0.016522 -0.052919 0.089844
-0.075447 -0.062209 0.122386
-0.083461 0.006253 0.030561
-0.012089 -0.04634 -0.001396
-0.069146 0.054192 0.126964
-0.015666 -0.059861 0.041295
0.067271 0.052025 0.084946
-0.072611 -0.049372 0.123739
-0.00789 -0.060531 0.041335
0.005733 -0.059858 0.126871
-0.038108 0.091161 0.059171
0.017174 -0.057433 0.056371
0.070185 -0.006933 0.129469
-0.071627 0.062231 0.096418
-0.073208 0.048124 0.141789
0.01525 0.095772 0.039826
-0.066423 -0.077395 0.115774
0.061629 0.062269 0.129469
0.034228 0.002821 -0.007284
-0.070544 0.063853 -0.003028
-0.029014 0.094672 -0.005609
-0.077264 0.051983 0.093833
-0.067681 0.055419 0.004489
-0.033586 0.09036 0.150607
-0.057651 0.055808 -0.007284
-0.036373 -0.049672 -0.007196
-0.083468 0.031508 -0.000551
-0.082318 0.000515 0.110332
-0.084326 0.023755 0.056371
-0.027147 0.095239 0.068485
0.072345 0.037291 0.039826
0.074019 0.010165 0.075105
0.070782 0.042931 0.030561
0.05582 0.070097 0.012434
-0.083044 -0.063538 0.07363
0.01713 0.095252 0.039826
0.037668 -0.040074 0.103626
-0.005902 0.091835 0.1162
0.000507 -0.041949 -0.001748
-0.07392 0.042596 0.061074
0.044469 0.077754 -0.007075
-0.05466 0.080932 0.134879
0.064661 -0.019404 0.036486
0.033321 0.088551 0.071777
-0.065115 -0.039208 0.035566
-0.011784 -0.060293 0.053772
-0.020536 -0.046655 -0.001396
-0.084176 0.012061 0.132156
-0.065822 0.070062 0.006141
0.062674 0.060621 0.108826
-0.078032 -0.012438 0.012434
0.032929 0.059084 -0.001799
-0.016609 0.091008 0.047292
0.057058 0.068589 0.108826
-0.083987 0.010119 0.04429
-0.023375 0.096234 0.117573
-0.032661 -0.055614 0.064011
0.069512 0.046619 0.113674
-0.000135 0.098243 0.071777
-0.057657 0.078435 0.117573
-0.073673 0.058908 0.036486
0.072773 0.035388 0.04429
-0.002038 -0.06053 0.100827
-0.019514 -0.059246 0.091271
0.03166 -0.043934 0.089844
0.051774 -0.026479 0.004489
0.047725 -0.022786 -0.007281
0.028094 0.09118 0.124375
0.06808 -0.012393 0.075105
0.023897 -0.048434 0.009066
-0.059143 -0.048539 0.126378
-0.036288 -0.054161 -0.004042
0.026352 -0.054146 0.062147
-0.081322 -0.003257 0.041335
-0.005939 -0.060579 0.102668
0.020562 0.093235 0.146973
0.035019 0.08759 0.065263
-0.079736 -0.069417 0.042938
-0.046632 -0.048719 0.052562
-0.084323 0.014006 0.016973
0.033361 -0.050722 0.030561
-0.043334 0.088529 -0.004042
0.070589 0.02919 0.15037
0.024507 0.092716 0.062147
-0.051712 -0.057492 0.023585
-0.028684 0.08769 0.004489
0.00766 -0.059551 0.134879
-0.076378 -0.016005 0.014682
-0.061129 -0.035641 0.050077
-0.054673 0.080948 0.081724
0.066437 0.053788 0.100827
-0.059869 -0.037153 0.0535
-0.018349 0.09056 0.061074
0.039963 0.084461 0.062147
-0.078937 0.027027 -0.007196
-0.049028 0.03404 -0.001799
-0.034523 0.092699 0.038223
0.048662 -0.010336 -0.001748
-0.084183 0.0257 0.049364
-0.061945 0.064463 0.1162
-0.004963 -0.042868 -0.007284
-0.0445 -0.06148 0.040741
-0.055443 -0.038287 0.15037
-0.076601 0.019786 0.001421
0.050653 0.044148 -0.001748
0.043126 0.082176 0.041335
-0.042178 0.076537 -0.007281
-0.035419 -0.051756 0.150607
0.06881 0.048439 0.062147
0.017281 -0.010346 -0.001799
-0.027093 -0.05745 0.04335
-0.066354 -0.021045 0.126964
-0.071302 0.043662 -0.007258
-0.076889 -0.055024 0.044044
-0.036325 0.091952 0.05144
0.058297 -0.017956 0.009066
-0.082329 0.037247 0.036486
-0.061662 -0.03677 0.002512
-0.049974 0.084435 0.105881
-0.070098 -0.067063 0.029305
0.001292 0.09206 0.015454
0.074353 0.014052 0.081724
0.074353 0.014052 0.045843
-0.06706 0.068554 0.053782
0.011498 -0.058856 -0.005609
-0.001008 0.085832 -0.001396
0.014772 0.093956 0.149955
-0.06706 0.068554 0.091035
-0.002962 0.074307 -0.001798
0.053235 0.073019 0.115556
-0.080143 -0.006976 0.038223
0.067274 0.030551 0.034718
-0.003988 -0.060578 -0.000551
-0.074486 -0.019536 0.023908
-0.043334 0.088529 0.012434
0.050542 -0.037973 0.12199
-0.050751 -0.038318 0.009066
-0.057698 0.060592 -0.007281
0.024195 -0.054037 -0.006875
-0.070124 -0.045184 0.121683
-0.072538 -0.02273 0.109196
-0.016617 -0.05351 0.023954
-0.043533 -0.059223 0.11816
-0.080405 -0.059717 0.115632
-0.07822 0.003378 0.146215
0.053266 -0.035179 0.075105
-0.065078 -0.026885 0.148991
-0.054623 -0.072408 0.05396
-0.061894 0.074399 0.096418
0.047684 -0.040629 0.05144
-0.080769 0.042887 0.019287
0.060528 -0.013049 0.061074
0.035442 -0.00692 -0.001799
-0.084419 0.015955 0.111934
0.074189 0.012108 0.134879
0.0598 -0.025532 -0.006875
-0.056008 0.071162 0.047292
0.026352 -0.054146 0.04429
-0.073673 0.058908 0.056371
0.051921 -0.036593 0.004258
-0.005939 -0.060579 -0.004903
0.049855 0.026413 -0.007284
0.064639 0.057251 0.049364
0.044656 -0.043087 0.137581
0.070796 -0.005081 0.056371
-0.081335 0.04102 0.023909
-0.071095 -0.049254 0.042475
0.064661 -0.019404 0.065263
-0.079501 0.046577 0.084946
-0.011782 -0.060221 0.137581
0.072782 0.002463 0.041335
-0.081024 0.04093 0.142678
0.0376 0.080915 -0.007196
0.024507 0.092716 0.04429
-0.047293 0.047961 -0.001799
0.049096 0.077155 0.042806
0.013358 0.096245 0.104335
0.0316 0.08947 -0.001864
-0.034793 0.019992 -0.001798
-0.007011 -0.036501 -0.001798
0.073488 0.031553 0.104335
-0.067385 -0.01957 0.009066
0.07017 0.044783 0.084946
-0.073673 0.058908 0.065263
0.039963 0.084461 0.04429
0.003076 0.0918 0.023954
-0.046704 0.086563 0.045843
0.04542 0.041515 -0.001799
-0.073547 0.006171 -0.00044
-0.0174 -0.058257 0.14867
-0.053109 0.082115 -0.006162
-0.024839 0.086849 -0.007258
-0.038108 0.091161 0.05144
0.04765 0.078465 0.110332
-0.045009 -0.061268 0.118736
0.06881 0.048439 0.04429
-0.064414 -0.024077 0.023954
0.074206 0.025746 0.041335
0.067902 0.016239 0.1162
-0.074205 0.042694 0.034718
0.046159 0.079723 0.134879
0.001811 0.0981 0.006141
-0.073032 0.044185 0.004489
0.001796 0.097934 0.1402
-0.082755 0.035344 0.021605
-0.017636 0.097378 0.016973
-0.029119 -0.056756 0.036207
0.013402 -0.058428 0.014682
0.05582 0.070097 0.008144
0.046172 0.079739 0.021605
0.053235 0.073019 0.000909
0.074014 0.027687 0.108826
0.046245 0.015812 -0.001799
0.029898 -0.05252 0.049364
-0.061027 -0.001946 -0.007284
0.008919 -0.040593 -0.001748
-0.071928 -0.061449 0.054775
-0.083461 0.006253 0.110332
0.02734 -0.047283 0.135456
-0.032703 0.093402 0.108826
-0.021472 0.096662 0.023909
0.02085 0.094074 0.056371
0.018997 0.094686 0.102668
-0.081335 0.04102 0.059171
0.066457 -0.015941 0.104335
-0.074544 -0.019478 0.034585
0.055693 0.06999 0.1402
-0.059103 0.077125 0.000909
0.068826 -0.010591 0.016973
-0.0788 0.048397 0.102668
-0.072525 -0.022643 0.061614
0.074448 0.016 0.021605
-0.074634 0.057211 0.068485
0.001458 -0.05568 0.146215
-0.063891 -0.021493 0.001421
-0.06659 -0.028214 0.149955
-0.011786 -0.060291 0.115557
0.061654 -0.024424 0.000909
0.062492 0.031208 -0.007281
-0.082329 0.037247 0.065263
-0.083135 0.03343 0.117573
-0.035225 0.084896 0.004489
0.049129 -0.039318 0.016973
0.054366 0.061825 0.009066
-0.063239 0.072986 0.056371
-0.046686 -0.048766 -0.001864
-0.082318 0.000515 -0.003028
0.066469 -0.005656 0.148991
-0.033644 -0.048003 0.103626
-0.027106 -0.057444 -0.004042
0.04765 0.078465 -0.001864
0.069179 0.021656 0.141789
0.055849 -0.032256 0.075105
0.074495 0.01795 0.030561
-0.083987 0.010119 0.108826
-0.080461 0.04279 0.142678
0.073162 0.004376 0.021605
0.072773 0.035388 0.108826
-0.051568 0.083311 0.108826
0.065632 0.037538 0.047292
-0.027147 0.095239 0.056371
-0.001359 0.082398 -0.001748
0.005724 -0.059789 0.137581
0.063343 -0.016524 0.150607
-0.084468 0.017905 0.004258
0.001811 0.0981 0.014682
0.030337 -0.00452 -0.007284
0.06558 -0.017684 0.104335
-0.083541 0.019856 -0.006875
-0.081208 0.021689 0.15037
-0.049891 -0.068563 0.123846
0.041559 0.083338 0.002512
0.070509 -0.002967 0.146973
0.049096 0.077155 0.100827
-0.050185 -0.046559 0.138211
0.027975 -0.036314 -0.007284
0.036692 0.086587 0.117573
-0.053135 0.082148 -0.001864
-0.021472 0.096662 0.059171
-0.065024 -0.038094 0.039566
0.062065 0.004448 -0.007281
0.067271 0.052025 0.105881
0.00548 -0.057998 0.149955
-0.043718 -0.054429 0.124644
-0.002296 0.092513 0.135456
0.069512 0.046619 0.093833
-0.056143 -0.041934 -0.004042
-0.023375 0.096234 0.11972
-0.052674 -0.062662 0.125691
-0.057657 0.078435 0.11972
-0.066947 -0.0193 0.004489
-0.052025 0.074774 0.047292
-0.054672 -0.07443 0.120927
-0.080769 0.042887 0.088061
-0.053608 0.045134 -0.001799
-0.036325 0.091952 -0.000551
-0.005985 0.098384 0.021605
-0.000502 -0.053744 0.075459
-0.078054 0.0502 0.010248
-0.041614 0.089449 0.056371
0.07187 0.039184 0.004258
0.002545 0.057474 -0.001798
-0.048633 -0.065217 0.117147
0.059681 0.056617 0.146215
0.074019 0.010165 0.124375
-0.025768 0.066284 -0.007284
-0.043334 0.088529 0.008144
0.046015 -0.038742 0.150607
0.018997 0.094686 -0.004903
-0.059042 -0.039319 -0.006162
-0.026443 0.09272 -0.007075
0.017174 -0.057433 0.111934
0.061752 -0.022207 -0.006875
-0.07643 0.053747 0.030561
-0.0788 0.048397 -0.004903
-0.084179 0.012061 0.02618
0.046172 0.079739 0.010248
0.059554 -0.016595 0.135456
-0.065608 -0.08291 0.059924
-0.045031 0.087567 0.038223
-0.064548 0.07154 0.12199
0.009585 -0.059237 -0.001864
-0.084323 0.014006 0.032639
0.016849 0.069768 -0.007284
0.027188 0.046493 -0.007284
-0.054673 0.080948 0.10736
-0.084326 0.023755 0.111934
-0.078033 -0.012437 0.008144
-0.056181 0.07971 0.093833
0.074448 0.016 0.010248
0.062697 -0.022776 0.071777
-0.082735 0.035339 0.134879
0.033321 0.088551 0.117573
0.030398 0.083237 0.015454
-0.032723 -0.055566 -0.000551
-0.068138 0.002239 -0.001396
-0.036283 -0.054164 -0.005609
0.047684 -0.040629 -0.000551
0.053097 -0.008696 -0.007284
-0.080769 0.042887 0.042806
-0.05853 -0.019508 -0.007281
-0.051569 0.083311 0.039826
-0.047055 -0.049144 0.046191
-0.06706 0.068554 0.078432
0.06808 -0.012393 0.124375
-0.060515 0.075779 0.096418
0.049198 0.074466 0.149955
-0.074549 -0.019356 0.102972
-0.060082 -0.047465 0.126223
-0.039803 0.085962 0.148991
-0.071976 0.024281 -0.007281
0.009483 -0.058688 0.144956
-0.032496 -0.055738 0.046767
-0.075485 -0.017753 0.032627
-0.074634 0.057211 0.036486
0.073162 0.004376 0.010248
0.026352 -0.054146 0.108826
-0.07345 -0.021286 0.019287
-0.002305 0.092284 0.015454
0.001083 0.078176 -0.007284
-0.048352 0.085519 0.096418
-0.074618 0.04094 0.047292
-0.05083 -0.062949 0.044472
0.031903 -0.04435 0.126964
0.063677 0.058948 0.098756
-0.021317 -0.057944 0.146973
-0.083127 0.004331 0.126871
-0.070544 0.063853 0.023909
-0.064348 -0.038549 0.121345
-0.070219 -0.025657 0.052326
-0.058216 -0.079886 0.106428
0.007219 0.094897 0.150607
-0.084068 -0.065781 0.098425
0.024507 0.092716 0.108826
0.001856 -0.060289 0.006141
-0.066841 -0.017199 0.001421
0.029858 0.090347 0.075105
-0.034481 -0.054909 -0.004903
-0.038108 0.091161 -0.000551
-0.051212 -0.069111 0.124483
-0.030351 0.08708 0.089844
-0.065822 0.070062 0.104335
0.054575 -0.033733 0.004258
0.073419 0.031542 0.137581
-0.06826 0.067016 0.010248
0.055818 -0.032229 -0.006162
-0.078054 0.0502 0.047516
-0.025392 0.089194 0.034718
-0.054471 0.080695 0.142678
-0.062908 -0.068287 0.059813
0.049922 -0.037338 0.146973
-0.074218 -0.06943 0.034581
0.071024 -0.001108 0.146973
0.01525 0.095772 0.010248
0.031173 -0.046587 -0.007196
0.028135 -0.053355 0.006141
-0.005985 0.098384 0.010248
-0.041053 -0.056674 0.036958
0.053235 0.073019 0.039826
0.046172 0.079739 0.047516
0.054018 -0.028293 0.148991
-0.082746 0.002418 0.081724
-0.07267 0.060582 0.104335
0.038379 -0.047713 0.071777
-0.035627 -0.054116 0.134797
-0.081335 0.04102 0.05144
-0.019558 0.097044 0.068485
-0.078259 0.046116 0.14867
0.007618 0.097385 0.071777
-0.083461 0.006253 0.12199
0.04765 0.078465 -0.003028
-0.062906 0.062932 0.004489
-0.072157 -0.072333 0.119472
0.074446 0.021852 0.02618
-0.059103 0.077125 0.039826
-0.027277 -0.057315 0.036268
-0.064344 -0.037076 0.038937
0.038341 0.085544 0.113674
-0.083468 0.031508 0.098756
0.074448 0.016 0.047516
0.029317 -0.05133 0.14867
0.011454 0.096672 -0.005609
0.038809 0.059611 -0.007284
0.033751 0.072529 -0.007284
-0.041582 -0.051679 0.093456
0.050509 0.075811 -0.000551
0.072355 0.000559 0.129469
0.061654 -0.024424 0.039826
-0.06969 -0.025497 -0.006875
-0.077874 0.016198 0.1162
-0.062779 -0.038592 0.123026
-0.079486 -0.008813 0.053782
0.074353 0.014052 0.034619
0.053266 -0.035179 0.124375
0.073781 0.008228 0.016973
-0.078947 -0.07037 0.042303
0.071882 -0.001333 0.021605
-0.079486 -0.008813 0.091035
0.063677 0.058948 0.028403
0.020893 -0.056253 0.110332
-0.080158 0.04474 0.115556
-0.030577 0.093221 0.146973
0.071349 0.041064 0.049364
0.07348 0.019873 -0.006875
-0.000155 0.097969 -0.006577
-0.070846 0.016713 -0.007281
-0.043683 -0.060534 0.122472
0.040577 -0.037993 0.061074
-0.082218 0.004512 -0.006875
-0.080769 0.042887 0.100827
-0.083754 0.029578 0.032639
-0.007935 0.098336 0.002512
-0.062399 -0.082958 0.071556
0.070782 0.042931 0.12199
0.016425 0.092951 -0.007075
-0.083461 0.006253 -0.003028
0.073162 0.004376 0.047516
0.065559 0.05553 0.028403
0.02631 0.09197 0.096418
-0.063566 -0.034172 0.113557
-0.079501 0.046577 0.105881
0.055392 0.069737 0.144956
-0.071409 -0.060486 0.103671
0.035019 0.08759 0.030561
0.072194 0.000597 0.1402
0.065559 0.05553 0.002512
-0.084421 0.021806 0.02618
0.005688 0.09767 0.021605
0.060838 -0.009318 0.001421
-0.041205 0.088661 0.146973
-0.017636 0.097378 0.032639
0.07017 0.044783 0.105881
-0.028156 -0.054394 -0.007075
0.040001 -0.046628 0.108826
-0.021472 0.096662 0.05144
0.013402 -0.058428 0.084946
-0.084419 0.015955 0.110332
0.028094 0.09118 -0.004042
-0.081843 -0.001377 0.062147
-0.061604 -0.037061 0.112876
-0.023515 -0.058306 0.032597
-0.06826 0.067016 0.047516
-0.073673 0.058908 0.111934
-0.048274 -0.047682 0.082317
-0.059987 0.013701 -0.001799
0.027236 -0.047069 0.015454
0.006995 0.093505 0.148991
0.01525 0.095772 0.047516
0.035058 -0.04976 0.038223
0.068826 -0.010591 0.032639
-0.040601 0.068549 -0.001748
0.01709 -0.050716 0.047292
-0.074634 0.057211 0.065263
-0.072324 -0.00998 0.009066
-9e-05 -0.060433 0.062147
-0.005985 0.098384 0.047516
-0.04788 0.078211 0.034718
-0.083468 0.031508 0.028403
0.046207 -0.041903 0.126871
-0.050882 0.076213 0.015454
0.033361 -0.050722 0.12199
-0.077333 -0.056924 0.041443
0.020893 -0.056253 -0.001864
0.069528 -0.00877 0.006141
0.073775 0.029623 0.12199
0.049129 -0.039318 0.032639
-0.077237 -0.014208 0.045809
-0.076395 -0.01596 0.088129
-0.039831 -0.052542 0.067486
0.066854 0.003716 0.015454
0.022629 0.093262 0.1402
-0.075299 0.014563 -0.007258
0.01713 0.095252 0.047516
-0.052071 -0.048793 0.022782
0.058286 -0.029209 0.068485
-0.056329 -0.077924 0.081413
0.003797 -0.060097 0.049364
0.036692 0.086587 0.11972
-0.070415 -0.047382 0.124303
-0.060341 -0.036642 0.109448
-0.052555 -0.046918 0.022507
-0.080756 -0.005124 0.062147
0.066843 0.03413 0.015454
0.050542 -0.037973 0.023909
-0.0586 -0.040142 0.022566
0.028094 0.09118 0.012434
0.039811 0.084232 -0.006577
-0.080158 0.04474 0.000909
-0.023331 -0.058439 0.094459
-0.054431 -0.04288 0.085881
-0.084419 0.015955 -0.001864
-0.002038 -0.06053 0.032639
-0.009838 -0.060436 0.068484
-0.001373 -0.039638 -0.007284
-0.003988 -0.060578 0.098756
-0.019514 -0.059245 0.047252
-0.071627 0.062231 0.016973
0.001811 0.0981 0.104335
0.02085 0.094074 0.111934
-0.018551 -0.054063 0.141789
-0.074698 -0.051921 0.122846
-0.019396 0.096171 0.146973
0.036349 -0.041309 0.047292
-0.082755 0.035344 0.053782
-0.074611 -0.019446 -0.003028
-0.074548 -0.017226 -0.006875
-0.025233 -0.057958 0.106583
0.071882 -0.001333 0.010248
-0.058723 -0.039832 0.10939
-0.061207 -0.043371 0.11121
0.064661 -0.019404 0.030561
-0.059499 -0.029327 0.075459
-0.069421 0.065448 0.049364
-0.084179 0.012061 0.045843
-0.048261 -0.047663 0.061156
-0.064521 -0.056304 0.125923
0.009851 0.088969 0.001421
-0.050228 -0.046444 0.018838
-0.056221 0.071381 0.023954
0.02455 -0.054893 0.000909
0.017209 -0.051087 0.015454
-0.039195 -0.054854 0.116663
-0.060104 -0.081838 0.073016
0.059448 -0.027642 0.108826
0.033306 0.069682 -0.001748
-0.046645 -0.048752 0.07144
-0.031063 0.03774 -0.007284
0.068062 0.050242 0.093833
0.02273 -0.055596 0.049364
-0.063239 0.072986 0.111934
0.074448 0.016 0.053782
-0.021449 -0.05885 0.109043
-0.081843 -0.001377 0.04429
-0.045024 -0.049744 0.100993
-0.073673 0.058908 0.030561
0.069528 -0.00877 0.014682
0.005688 0.09767 0.010248
0.071618 0.027458 -0.007075
0.043162 -0.044342 0.113674
0.058259 0.067052 0.126871
-0.027147 0.095239 0.111934
-0.070511 -0.02609 -0.003028
-0.048604 -0.047406 0.140514
0.033321 0.088551 0.11972
-0.081855 0.03914 0.004258
-0.049015 -0.039016 0.004489
-0.059796 -0.013356 -0.001748
-0.072391 -0.022995 0.028393
0.050542 -0.037973 0.059171
-0.032661 -0.055614 0.086218
-0.017592 -0.059578 -0.004042
-0.029014 0.094672 0.010248
0.015294 -0.057953 0.096418
0.051889 0.074432 0.071777
-0.061788 0.06667 0.141789
0.011498 -0.058856 0.021605
0.064639 0.057251 -0.004042
0.065526 0.025118 -0.007258
0.040396 -0.021203 -0.001748
-0.000135 0.098243 0.11972
-0.051346 -0.04527 0.053079
0.042624 -0.043636 0.146973
-0.049974 0.084435 0.02618
-0.084018 0.025686 0.1402
-0.039185 0.084771 0.141789
-0.081335 0.04102 -0.000551
0.003797 -0.060095 0.132156
-0.052031 -0.024824 -0.001748
-0.003988 -0.060578 0.028403
-0.070341 -0.025974 0.110888
0.0637 -0.021102 0.002512
0.04312 -0.044286 0.137581
-0.082318 0.000515 0.023909
-0.034481 -0.05491 0.071308
0.044737 -0.034592 0.047292
-0.076124 -0.063467 0.032979
0.009541 0.097052 0.096418
-0.070544 0.063853 0.05144
0.074495 0.019901 0.062147
0.021117 -0.05126 0.146215
-0.057481 -0.072072 0.09769
-0.082796 -0.072252 0.103849
-0.01419 -0.035571 -0.001799
-0.082329 0.037247 0.030561
-0.044 -0.051986 0.126112
0.072604 0.033372 0.144956
-0.071602 -0.024463 -0.004903
-0.027104 -0.057446 0.058106
-0.083557 -0.067612 0.06277
-0.038676 -0.046076 0.034718
-0.051343 -0.039055 0.141789
-0.078529 -0.010528 -0.006577
-0.035708 -0.054391 0.118395
-0.062912 -0.032668 0.149955
0.017174 -0.057433 0.110332
-0.061894 0.074399 0.075105
-0.011785 -0.060292 0.03822
-0.075486 0.028458 0.001421
0.036731 -0.048757 0.004258
-0.046704 0.086563 0.053782
-0.009883 0.09824 0.062147
0.071882 -0.001333 0.047516
-0.050455 -0.068204 0.035495
-0.046704 0.086563 0.091035
-0.083748 0.008183 0.126871
-0.025223 -0.057966 0.052834
-0.069229 -0.016479 0.023954
0.050509 0.075811 0.11972
-0.057357 -0.053559 0.126427
-0.084326 0.023755 0.110332
-0.04923 -0.055148 0.109951
-0.025181 0.095432 -0.006577
-0.072272 0.051719 0.146215
-0.011829 0.098096 0.081724
0.060304 -0.025864 0.142678
0.003438 0.095312 -0.007075
-0.037002 -0.046741 0.047292
0.074446 0.021852 0.045843
0.060206 0.050745 0.004489
-0.017011 0.093499 0.148991
-0.019558 0.097044 0.056371
-0.07688 -0.001968 0.146215
-0.083432 0.010181 0.144956
0.038341 0.085544 0.093833
-0.021472 0.096662 -0.000551
0.001473 -0.055211 -0.007196
0.065246 0.053207 0.14867
0.016506 0.076097 -0.001748
0.029858 0.090347 0.124375
-0.079486 -0.008813 0.078432
-0.082746 0.002418 0.10736
-0.037174 -0.047095 0.015454
-0.084468 0.017905 0.049364
0.020893 -0.056253 -0.003028
-0.038142 -0.053319 -0.000551
-0.082318 0.000515 0.059171
-0.033704 -0.048143 0.1162
-0.069192 -0.027394 0.071435
0.063677 0.058948 0.102668
-0.071876 -0.009793 0.103626
-0.029014 0.094672 0.047516
0.027024 -0.046635 0.1162
-0.057434 -0.032297 0.009066
0.067323 0.017913 -0.007258
-0.05922 -0.06632 0.051666
0.074495 0.01795 0.12199
0.066565 0.032246 0.103626
0.054384 0.068888 0.149955
0.012211 0.085304 -0.007281
-0.067303 0.061631 0.148991
-0.004034 0.098385 0.093833
0.005463 -0.057678 -0.007075
0.065559 0.05553 0.102668
-0.049194 -0.039234 0.047292
-0.063904 -0.083685 0.089079
-0.030866 0.09406 0.093833
-0.029211 -0.030868 -0.007284
-0.084421 0.021806 0.045843
0.017174 -0.057433 -0.001864
0.073781 0.008228 0.032639
-0.078931 0.02525 0.141789
-0.046662 -0.048705 0.10236
0.011498 -0.058856 0.010248
-0.084468 0.019856 0.115556
-0.082916 0.031419 0.144956
-0.084419 0.015955 -0.003028
-0.066774 -0.030581 -0.006577
0.028094 0.09118 0.008144
-0.004072 -0.053877 0.075459
0.074495 0.019901 0.04429
0.004251 0.087067 -0.00044
-0.080264 0.012399 0.148991
-0.067979 -0.04237 0.120278
0.038379 -0.047713 0.117573
0.001856 -0.060289 0.104335
0.027219 0.089269 -0.007075
-0.066529 -0.048427 0.043429
-0.057465 -0.032332 0.023954
-0.034247 0.087108 0.141789
-0.011784 -0.060293 0.068481
-0.069365 0.065408 0.137581
-0.064548 0.07154 0.023909
-0.080158 0.04474 0.039826
-0.082746 0.002418 0.034619
-0.009883 0.09824 0.04429
0.020293 0.081172 -0.007281
0.018997 0.094686 0.036486
-0.083468 0.031508 0.102668
-0.027453 -0.057193 0.010248
-0.068077 -0.017891 0.047292
-0.058181 -0.064635 0.105235
-0.0788 0.048397 0.036486
0.073227 0.008303 0.144956
-0.077065 -0.055542 0.043362
-9e-05 -0.060433 0.006141
-0.07338 0.058738 -0.006577
0.074353 0.014052 0.019287
-0.082586 0.006395 -0.006875
-0.07643 0.053747 0.12199
0.028135 -0.053355 0.104335
-0.078244 0.02158 0.009066
-0.021634 -0.058716 0.129469
-0.075346 0.037416 0.004489
-0.079486 -0.008813 0.088061
-0.011612 0.095585 0.150607
0.066784 9e-06 0.141789
-0.025651 -0.057657 0.023908
0.060545 0.06389 0.102668
-0.066415 -0.021081 0.009066
0.058286 -0.029209 0.056371
0.02455 -0.054893 0.039826
0.049096 0.077155 0.032639
-0.078482 -0.010513 0.142678
-0.075506 -0.017713 0.039759
0.061329 -0.005856 -0.007258
0.013402 -0.058428 0.105881
-0.072949 -0.059813 0.104975
0.056854 -0.030556 -0.006577
-0.017636 0.097375 0.132156
-0.052084 -0.059126 0.110019
0.063677 0.058948 -0.004903
0.055022 0.046131 -0.007281
-0.054535 -0.075678 0.110145
-0.059943 0.06747 0.023954
0.003147 0.078919 -0.001748
0.036731 -0.048757 0.075105
-0.059721 0.01008 -0.001798
-0.072938 -0.069198 0.120522
-0.057052 0.077734 -0.006875
0.007652 -0.059503 0.137581
-0.032125 0.086709 0.047292
0.022897 -0.033752 -0.007284
-0.080756 -0.005124 0.006141
-0.082755 0.035344 0.078432
0.016651 -0.055629 0.149955
0.050542 -0.037973 0.05144
0.06951 0.046619 0.132156
-0.036325 0.091952 0.028403
0.066773 0.037839 0.141789
0.07421 0.012106 0.004258
0.041559 0.083338 0.129469
0.046172 0.079739 0.078432
-0.051453 -0.045419 0.104118
0.065559 0.05553 -0.004903
0.048204 -0.030495 0.004489
-0.033215 -0.055181 0.122117
-0.023614 -0.058234 0.124378
-0.035826 -0.015993 -0.001799
0.020756 0.070068 -0.001799
-0.036325 0.091952 0.002512
-0.049913 -0.046309 0.142814
0.041595 -0.045505 0.081724
0.022613 0.076987 -0.007284
0.054575 -0.033733 0.049364
-0.064548 0.07154 0.059171
-0.083754 0.029578 0.014682
0.011498 -0.058856 0.047516
-0.015704 0.097644 0.134879
-0.043804 -0.055722 0.027606
0.059186 -0.027453 0.142678
-0.084468 0.019856 0.000909
-0.012559 0.080209 -0.007284
-0.000135 0.098243 0.098756
-0.073673 0.058908 0.110332
0.074495 0.017951 -0.004042
0.016883 0.094399 0.146973
0.074448 0.016 0.078432
-0.080143 -0.006976 0.02618
-0.038414 -0.053943 0.041699
0.005688 0.09767 0.053782
0.065629 -0.015525 -0.006875
-0.0755 0.012688 -0.007258
0.06949 -0.008757 -0.006162
-0.04512 -0.049013 0.144987
-0.023296 0.095917 -0.006577
0.071012 0.038957 0.146973
-0.007923 0.098013 0.142678
-0.072482 -0.059514 0.12408
-0.03684 -0.053966 0.032463
-0.081322 -0.003257 0.108826
-0.043279 -0.031875 -0.001748
0.06729 -0.014177 0.081724
0.0079 0.056397 -0.007284
-0.078697 -0.063236 0.071847
-0.051241 0.082858 0.144956
0.043162 -0.044342 0.093833
-0.070544 0.063853 -0.000551
-0.036147 -0.054341 0.047686
0.001518 -0.056375 0.148991
-0.005904 -0.048138 -0.001396
-0.083992 0.027642 -0.001864
-0.071597 -0.024467 -0.003028
-0.083461 0.006253 0.023909
0.013358 0.096245 -0.005609
0.073162 0.004376 0.078432
0.073488 0.031553 -0.005609
-0.059103 0.077125 0.010248
-0.083468 0.031508 -0.004903
0.0316 0.08947 0.071777
0.047684 -0.040629 0.028403
0.061654 -0.024424 0.010248
-0.060515 0.075779 0.075105
0.047684 -0.040629 0.002512
0.038616 -0.008947 -0.007284
-0.049974 0.084435 0.045843
-0.03939 -0.052482 0.016826
0.066437 0.053788 0.006141
-0.032641 -0.055551 0.034363
-0.064558 -0.06571 0.124888
0.071914 0.002646 0.146973
0.0637 -0.021102 0.102668
-0.049864 -0.046552 0.064523
-0.027383 -0.051852 0.141789
0.068028 0.050226 -0.006162
-0.003988 -0.060578 0.102668
-0.042428 0.086884 0.149955
0.050509 0.075811 0.098756
0.036312 0.073668 -0.007281
0.069528 -0.00877 0.104335
-0.065793 -0.032291 -0.005609
0.070782 0.042931 0.023909
0.031496 -0.037349 -0.001396
0.074495 0.017951 0.012434
0.052191 0.067145 -0.007196
-0.070388 -0.01304 0.075459
0.02085 0.094074 0.110332
-0.06959 0.06095 -0.007075
0.070796 -0.005081 -0.001864
0.064893 0.033683 0.001421
-0.082121 0.010327 0.149955
0.003752 0.097909 0.039826
-0.082318 0.000515 0.05144
-0.038108 0.091161 0.028403
0.018997 0.094686 0.065263
0.066457 -0.015941 -0.005609
-0.075553 0.05549 0.004258
0.017174 -0.057433 -0.003028
0.06632 0.03402 0.061074
-0.0788 0.048397 0.065263
-0.038108 0.091161 0.002512
-0.025223 -0.057965 0.061481
-0.084179 0.012061 0.034619
-0.017291 0.086382 -0.007281
0.044664 0.080976 0.016973
0.061293 -0.011432 0.061074
0.064783 0.041028 0.034718
-0.002038 -0.06053 0.014682
-0.050754 -0.070454 0.121554
-0.083461 0.006253 0.059171
0.058313 0.04982 -0.007258
-0.055615 -0.071666 0.104069
0.057058 0.068589 0.115556
-0.074634 0.057211 0.030561
-0.063239 0.072986 0.110332
-0.013058 -0.054074 0.015454
-0.078506 0.014365 0.135456
-0.084326 0.023755 -0.003028
0.035019 0.08759 0.12199
0.074353 0.014052 0.088061
0.062697 -0.022776 0.11972
-0.084324 -0.068722 0.071379
-0.034595 -0.054727 0.030488
-0.053351 -0.035824 0.047292
0.070812 0.040908 0.144956
0.047093 0.069749 0.103626
-0.083177 -0.063986 0.105503
-0.007018 0.079969 -0.001748
0.062497 -0.011983 0.141789
-0.060515 0.075779 0.016973
-0.082543 0.016024 0.149955
0.068522 0.036382 0.148991
0.018138 0.086184 0.001421
-0.018382 -0.053133 0.009066
-0.027147 0.095239 0.110332
-0.019554 0.097023 0.134879
-0.030877 -0.056229 -0.000551
-0.07023 0.026006 -0.001396
0.0447 -0.043141 0.093833
-0.040101 0.082659 0.075459
0.011454 0.096672 0.021605
-0.013101 0.091879 0.015454
-0.048352 0.085519 0.016973
0.066437 0.053788 0.014682
0.067664 0.014461 0.075459
-0.011829 0.098096 0.10736
0.06558 -0.017684 -0.005609
-0.013719 -0.059929 0.1402
-0.059103 0.077125 0.047516
-0.040424 -0.052419 0.105558
-0.080174 -0.06334 0.086616
0.050509 0.075811 0.028403
-0.033282 -0.055166 0.010249
-0.038053 -0.053344 -0.006162
-0.077264 0.051983 0.004258
0.061654 -0.024424 0.047516
0.039989 -0.046611 0.134879
-0.059134 0.030396 -0.007284
-0.053135 0.082148 0.071777
-0.03693 0.084304 0.103626
-0.013725 -0.060102 0.104365
-0.073462 -0.021278 0.016973
0.0566 -0.0076 -0.001396
-0.003988 -0.060578 -0.004903
0.074353 0.014052 0.042806
-0.021343 0.058004 -0.007284
-0.041614 0.089449 0.110332
-0.025292 -0.057915 0.11068
-0.0772 0.036031 0.141789
0.031268 0.034069 -0.001798
-0.079501 0.046577 0.02618
-0.063239 0.072986 -0.001864
-0.079333 0.016199 -0.007196
-0.015707 0.097665 0.041335
0.047063 0.06972 0.089844
0.059093 -0.0086 -0.00044
-0.046704 0.086563 0.088061
0.031641 -0.051642 0.093833
0.073978 0.010169 -0.006162
-0.075725 -0.001633 0.135456
-0.009902 0.066623 -0.001799
-0.060402 -0.037089 0.043372
-0.007935 0.098336 0.129469
-0.078979 0.042321 0.149955
0.037935 -0.04045 0.009066
-0.074798 0.040997 0.126964
0.038379 -0.047713 0.11972
0.07017 0.044783 0.02618
-0.063764 -0.038783 0.115799
-0.07223 -0.053964 0.112877
-0.054459 -0.042919 0.067858
0.065559 0.05553 0.129469
0.062674 0.060621 0.000909
-0.084349 0.015957 0.137581
0.007618 0.097385 0.11972
0.023681 -0.03979 -0.007281
0.019041 -0.056866 0.075105
0.057058 0.068589 0.000909
-0.011829 0.098096 0.034619
0.072476 0.023684 0.149955
0.05858 -0.01019 -0.00044
0.074446 0.021852 0.034619
-0.019558 0.097044 0.111934
0.064661 -0.019404 0.12199
-0.064548 0.07154 0.05144
-0.057799 0.063248 -0.00044
0.018183 0.0922 -0.007075
0.043136 -0.044308 -0.006162
0.009585 -0.059237 0.071777
-0.055251 -0.042747 0.020966
0.060658 -0.013113 0.047292
-0.060633 -0.027947 0.089844
-0.033713 -0.055364 0.108722
-0.053092 -0.044375 -0.001864
-0.06197 -0.036206 0.134882
-0.055551 -0.041996 0.142802
-0.084468 0.019856 0.039826
0.02631 0.09197 0.016973
0.062712 -0.020527 -0.006875
0.051921 -0.036593 -0.004042
-0.034523 0.092699 0.081724
0.015289 -0.057933 0.134879
-0.079354 -0.077482 0.095724
-0.041614 0.089449 -0.001864
-0.025269 -0.057932 0.000909
-0.055639 -0.076358 0.117324
0.067112 0.032348 0.023954
0.05582 0.070097 0.113674
-0.048307 -0.065843 0.118502
0.071 0.031152 0.150607
0.074019 0.010165 0.126871
-0.077689 -0.064037 0.078291
-0.084421 0.021806 0.034619
-0.036325 0.091952 0.102668
-0.076651 0.032225 0.061074
0.034197 0.015897 -0.001798
0.008309 0.090349 0.004489
0.041075 -0.044785 0.146973
-0.081335 0.04102 0.098756
0.067778 0.02519 0.047292
-0.075818 0.045209 0.148991
-0.065822 0.070062 -0.005609
-0.073673 0.058908 -0.003028
-0.080143 -0.006976 0.081724
-0.074848 -0.008998 -0.007196
0.005688 0.09767 0.078432
-0.080143 -0.006976 0.045843
-0.021785 -0.051924 0.004489
0.05325 -0.035165 0.134879
0.062453 -0.01819 0.150607
-0.039871 0.090326 0.053782
0.074495 0.017951 0.008144
-0.039871 0.090326 0.091035
0.068311 -0.004267 -0.007075
0.074353 0.014052 0.100827
-0.084323 0.014006 0.038223
-0.082746 0.002418 0.019287
-0.000538 0.091659 0.061074
0.041595 -0.045505 0.10736
0.074014 0.027687 0.115556
0.044537 -0.034378 0.089844
0.051921 -0.036593 0.012434
-0.030514 -0.036872 -0.001798
0.067385 0.030569 0.009066
-0.048479 0.07904 0.141789
-0.082329 0.037247 0.12199
-0.004056 0.096507 0.149955
-0.078054 0.0502 0.041335
0.06808 -0.012393 0.126871
-0.083754 0.029578 0.084946
-0.032703 0.093402 0.115556
-0.07267 0.060582 -0.005609
-0.082318 0.000515 -0.000551
0.036731 -0.048757 0.124375
0.073559 0.021819 0.146973
0.073502 0.02959 -0.006577
0.035534 0.077958 0.001421
-0.075499 -0.017677 0.059017
0.047684 -0.040629 0.102668
-0.025214 -0.057932 -0.006162
0.051668 0.064286 0.004489
0.009123 -0.05676 0.150607
0.06729 -0.014177 0.10736
-0.083461 0.006253 0.05144
-0.064561 -0.039986 0.041493
-0.027212 -0.051322 0.135456
0.015294 -0.057953 0.075105
-0.03947 0.072341 -0.001748
0.058286 -0.029209 0.111934
0.060545 0.063891 0.010248
-0.078522 0.028869 -0.007196
-0.045911 -0.052316 0.126196
-0.021472 0.096662 0.098756
0.039102 -0.014566 -0.007284
-0.070887 -0.013284 0.023954
-0.045052 -0.052163 0.109706
-0.066762 -0.030405 0.075113
0.062697 -0.022776 0.098756
0.063913 -0.016819 0.149955
-0.054129 -0.036711 0.141789
-0.007929 0.09817 0.1402
-9e-05 -0.060433 0.104335
0.02085 0.094074 -0.003028
-0.06706 0.068554 0.062147
-0.081335 0.04102 0.028403
0.008749 -0.055059 -0.007196
-0.020153 0.055158 -0.001798
0.057235 -0.021551 0.141789
0.049096 0.077155 0.014682
-0.083182 0.014077 -0.006875
-0.070259 -0.025719 0.092262
0.070782 0.042931 0.05144
0.009541 0.097052 0.075105
-0.073905 0.046441 0.141789
-0.036274 -0.05425 0.050326
-0.084468 0.017905 -0.004042
-0.038108 0.091161 0.102668
-0.055436 -0.077303 0.058939
-0.01377 0.097904 0.056371
-0.063203 -0.035216 -0.004042
-0.036325 0.091952 -0.004903
-0.043334 0.088529 0.113674
-0.045738 0.054916 -0.001799
-0.065037 -0.002043 -0.001748
-0.02562 -0.057655 0.134879
0.049078 0.071687 0.148991
0.074446 0.021852 0.091035
-0.047269 -0.051846 0.023119
-0.083127 0.004331 0.113674
0.069909 0.044697 -0.006577
-0.063239 0.072986 -0.003028
-0.062263 0.038589 -0.001748
0.007746 -0.049657 -0.00044
-0.080756 -0.005124 0.104335
0.0637 -0.021102 0.129469
-0.058175 -0.038617 0.046147
-0.038257 -0.053736 0.042738
-0.064514 -0.033771 -0.004042
-0.060944 -0.046393 0.126023
0.050208 -0.029874 0.135456
-0.071167 -0.017552 0.148991
0.028553 -0.045695 0.075459
-0.027147 0.095239 -0.003028
0.023929 -0.048498 0.023954
0.045855 0.076434 -0.007075
-0.072674 -0.016246 0.15037
0.036605 0.086446 0.1402
-0.043398 0.072447 -0.007281
0.044664 0.080976 0.032639
-0.018092 0.089314 0.001421
-0.040613 -0.052182 0.025209
0.0316 0.08947 0.117573
0.074014 0.027687 0.000909
0.051889 0.074432 0.11972
-0.067602 -0.042296 0.11939
0.053266 -0.035179 0.126871
0.07187 0.039184 -0.004042
-0.002038 -0.06053 0.084946
-0.06826 0.067016 0.041335
-0.077766 0.019776 0.103626
0.016975 0.088297 0.075459
0.017125 0.095232 0.134879
-0.032703 0.093402 0.000909
-0.07643 0.053747 0.023909
0.057086 -0.030748 0.078432
-0.021472 0.096662 0.028403
-0.084421 0.021806 0.091035
-0.069212 -0.027583 0.03775
0.020893 -0.056253 0.071777
-0.084468 0.017905 0.012434
0.01525 0.095772 0.041335
-0.071569 0.062192 0.137581
-0.051804 -0.03677 0.089844
0.049093 0.066915 -0.007258
0.047638 -0.040576 0.137581
-0.083475 0.008217 -0.006577
-0.040396 -0.054003 0.113348
0.009541 0.097052 0.016973
0.047684 -0.040629 -0.004903
-0.030618 -0.056382 0.041568
-0.036768 0.088238 0.15037
-0.080832 -0.065737 0.116502
-0.032195 0.086885 0.126964
-0.028936 -0.056907 0.047685
0.062674 0.060621 0.039826
0.060529 0.059299 0.150607
-0.048352 0.085519 0.032639
0.060545 0.063891 0.047516
0.001655 -0.006266 -0.007284
-0.074494 -0.01953 0.016973
-0.070215 -0.025645 0.100281
0.057058 0.068589 0.039826
-0.041614 0.089449 -0.003028
0.015306 -0.050997 0.075459
0.072345 0.037291 0.041335
0.054545 0.071574 0.004258
-0.023375 0.096234 0.068485
-0.064548 0.07154 -0.000551
-0.057657 0.078435 0.068485
-0.017636 0.097378 0.038223
-0.079501 0.046577 0.045843
-0.083987 0.010119 0.000909
0.01713 0.095252 0.041335
0.051909 0.064466 0.061074
-0.022759 -0.016147 -0.001798
0.072773 0.035388 0.000909
-0.051568 0.083311 0.000909
-0.05653 -0.076279 0.043936
-0.060966 -0.045957 0.044406
-0.03762 -0.054075 0.041175
0.066437 0.053788 0.104335
-0.084179 0.012061 0.019287
-0.045127 0.051546 -0.007284
-0.06706 0.068554 0.04429
0.063677 0.058948 0.036486
0.004888 -0.052736 -0.007258
-0.013728 -0.0601 0.039813
0.07187 0.039184 0.012434
0.0053 -0.056672 0.15037
0.059158 0.065291 -0.006577
0.07017 0.044783 0.045843
-0.038108 0.091161 -0.004903
0.007088 -0.041677 -0.007284
0.068826 -0.010591 0.038223
0.018279 -0.054464 0.150607
-0.07253 -0.022813 0.038029
-0.080769 0.042887 0.006141
-0.051874 -0.045998 0.132063
0.013297 0.095989 -0.006577
-0.074505 -0.019522 0.014682
-0.009838 -0.060436 0.108826
-0.07643 0.053747 0.059171
-0.046043 -0.060159 0.116099
-0.039607 -0.040537 -0.00044
-0.041557 -0.054944 0.030794
0.047622 0.078433 -0.006162
-0.026948 -0.050489 0.103626
0.049129 -0.039318 0.038223
-0.079499 0.046576 0.132156
-0.060248 -0.039475 0.043481
-0.07219 0.018429 -0.007281
0.061765 0.026697 -0.007281
0.054575 -0.033733 -0.004042
-0.054398 -0.042833 0.089241
-0.054673 0.080948 0.016973
-0.071568 0.049377 0.126964
0.031192 0.088682 0.146973
-0.084323 0.014006 0.105881
-0.05451 0.072184 0.089844
-0.070544 0.063853 0.098756
-0.057915 0.003071 -0.001799
-0.009883 0.09824 0.104335
0.04765 0.078465 -0.000551
0.044498 -0.042884 -0.006577
-0.082746 0.002418 0.042806
-0.055308 -0.071575 0.033065
0.051921 -0.036593 0.008144
-0.072345 -0.02303 0.132156
0.017766 -0.047013 -0.00044
-0.040259 -0.052231 0.006139
0.011454 0.096672 0.053782
-0.045031 0.087567 0.081724
0.071349 0.041064 0.129469
-0.009829 0.097354 0.146973
0.011454 0.096672 0.091035
0.024494 0.092681 -0.006162
0.055849 -0.032256 0.126871
-0.046631 -0.048733 0.092506
-0.034657 -0.050225 -0.007196
0.050509 0.075811 -0.004903
-0.083468 0.031508 0.036486
-0.065197 0.056124 -0.007258
0.013402 -0.058428 0.02618
-0.055747 -0.041374 0.054845
-0.058626 0.068703 0.034718
0.029272 -0.00105 -0.007284
-0.056181 0.07971 0.004258
-0.063208 -0.035213 -0.004903
-0.084326 0.023755 0.023909
0.018997 0.094686 0.030561
-0.037246 0.073713 -0.001748
-0.069041 -0.027105 0.102811
0.02631 0.09197 0.032639
-0.034523 0.092699 0.10736
-0.0788 0.048397 0.030561
0.019041 -0.056866 0.124375
-0.083461 0.006253 -0.000551
0.003752 0.097909 0.010248
-0.017425 0.09607 0.14867
-0.061668 -0.036431 -0.006577
-0.039871 0.090326 0.078432
-0.043355 0.072147 -0.001396
-0.080769 0.042887 0.014682
0.054575 -0.033733 0.012434
-0.051456 -0.02555 -0.007284
0.053621 0.063521 0.135456
-0.034145 -0.055023 0.034326
0.047349 -0.011579 -0.001748
0.022266 -0.049187 0.023954
0.064999 -0.013128 0.150607
0.035019 0.08759 0.023909
0.049525 0.067133 0.103626
-0.011829 0.098096 0.019287
-0.063341 -0.025522 0.023954
-0.045931 -0.050593 0.107888
0.020535 -0.049697 0.034718
0.074446 0.021852 0.019287
0.03743 0.048529 -0.007284
0.026352 -0.054146 0.000909
-0.075553 0.05549 0.124375
-0.080143 -0.006976 0.10736
0.009585 -0.059237 0.117573
-0.049974 0.084435 0.053782
-0.031659 -0.055669 0.023914
0.013358 0.096245 0.021605
-0.049974 0.084435 0.091035
-0.083535 0.021774 -0.006875
-0.019558 0.097044 0.110332
-0.046853 -0.05344 0.125943
0.073488 0.031553 0.021605
-0.059392 -0.081565 0.082196
-0.070544 0.063853 0.028403
0.024507 0.092716 0.000909
-0.002308 0.092196 0.023954
0.011447 0.096638 -0.006162
0.071882 -0.001333 0.041335
0.041775 0.080443 -0.007075
-0.018374 -0.010347 -0.007284
-0.075363 0.000333 0.103626
0.040001 -0.046628 0.115556
-0.039103 -0.054127 0.118743
-0.048552 -0.051229 0.045435
-0.030618 -0.056388 0.042785
-0.060551 0.065616 0.004489
-0.076395 -0.015981 0.038199
-0.074634 0.057211 0.12199
0.039963 0.084461 0.000909
-0.082014 0.037173 0.142678
0.063677 0.058948 0.065263
-0.034523 0.092699 0.034619
-0.063185 -0.06851 0.093757
-0.047403 -0.010723 -0.007284
-0.084179 0.012061 0.088061
0.00332 0.094003 0.148991
0.04792 0.040842 -0.001799
0.046557 -0.026648 -0.00044
0.041039 0.082618 0.146973
-0.081335 0.04102 0.102668
-0.038177 -0.054075 0.041001
-0.053286 -0.035751 0.1162
0.025474 0.085457 0.034718
-0.082746 0.002418 0.100827
0.069512 0.046619 0.075105
0.074014 0.027687 0.039826
0.051889 0.074432 0.098756
0.053374 -0.006371 -0.001748
0.06342 -0.020939 0.142678
0.022211 -0.04905 0.034718
-0.005866 -0.054433 0.023954
-0.045798 -0.043855 0.146215
0.066457 -0.015941 0.021605
-0.084468 0.017905 0.008144
-0.034371 0.083302 -0.007258
-0.077264 0.051983 0.124375
-0.083754 0.029578 0.105881
0.071006 0.012381 0.15037
-0.029014 0.094672 0.041335
0.035019 0.08759 0.059171
0.05226 0.064748 0.023954
-0.053186 -0.035637 0.075459
-0.032703 0.093402 0.039826
-0.045027 -0.060238 0.032323
0.048749 -0.038909 0.144956
-0.061164 -0.001084 -0.001798
-0.080143 -0.006976 0.034619
0.003752 0.097909 0.047516
-0.07991 -0.004856 0.146973
-0.003988 -0.060578 0.036486
-0.065324 -0.079359 0.042779
0.049096 0.077155 0.084946
0.046597 -0.019497 -0.007284
0.02273 -0.055596 0.129469
0.001856 -0.060289 -0.005609
-0.083135 0.03343 0.068485
-0.031063 -0.055436 0.144954
-0.045017 0.083827 0.15037
-0.007645 -0.053833 0.103626
0.029858 0.090347 0.126871
0.073154 0.033475 0.049364
-0.05941 0.0088 -0.007284
-0.063556 0.070662 0.14867
0.017051 0.088534 0.047292
0.029497 -0.034535 -0.001748
-0.083987 0.010119 0.039826
-0.084179 0.012061 0.042806
0.0316 0.08947 0.11972
-0.03451 0.092668 -0.006162
0.056622 0.06824 0.144956
-0.083468 0.031508 0.065263
-0.038108 0.091161 0.129469
0.072773 0.035388 0.039826
0.07187 0.039184 0.008144
-0.052483 -0.049415 0.127157
0.068826 -0.010591 0.105881
0.022687 0.093418 0.071777
-0.021472 0.096662 0.102668
0.06558 -0.017684 0.021605
0.026868 0.0805 -0.00044
0.06482 -0.001304 0.004489
-0.062203 -0.044868 0.04378
-0.07578 0.007492 0.001421
0.03796 0.078356 0.023954
-0.056692 -0.057535 0.126262
0.028135 -0.053355 -0.005609
0.058286 -0.029209 0.110332
-0.07816 0.016187 0.126964
0.059448 -0.027642 0.115556
-0.017596 -0.059575 0.10746
-0.044212 -0.050535 0.022563
-0.073673 0.058908 0.023909
0.011998 -0.052528 0.015454
-0.08098 -0.061813 0.101964
0.053192 0.005104 -0.007284
-0.064079 -0.032902 0.0422
-0.05949 -0.037177 0.105109
0.035058 -0.04976 0.081724
0.030324 -0.045209 0.034718
0.073475 0.006302 0.134879
-0.032678 0.093337 0.137581
0.072347 0.016077 -0.007075
-0.018969 0.093883 0.15037
0.041726 0.074467 0.004489
-0.051792 0.048252 -0.001799
0.036692 0.086587 0.068485
0.073781 0.008228 0.038223
0.02779 0.082498 -0.007258
-0.054563 0.0337 -0.007284
-0.016598 -0.053394 0.126964
-0.060882 0.070798 0.15037
-0.079486 -0.008813 0.062147
0.061115 0.013391 -0.001396
0.070776 -0.005075 0.134879
-0.055972 0.079462 0.142678
0.001251 0.091574 0.1162
-0.023375 0.096234 0.056371
-0.057657 0.078435 0.056371
-0.081855 0.03914 -0.004042
0.06729 -0.014177 0.096418
-0.081335 0.04102 -0.004903
-0.055982 -0.042051 0.004258
-0.021082 0.094826 0.149955
-0.01377 0.097904 0.111934
0.074446 0.021852 0.088061
-0.080111 -0.006966 -0.006162
-0.071483 -0.024294 0.071575
-0.002038 -0.06053 0.105881
0.042153 -0.037088 0.034718
0.029716 0.090056 0.142678
-0.051654 -0.016625 -0.007284
0.005606 -0.002784 -0.001798
0.046207 -0.041903 0.081724
-0.062632 -0.034392 0.094152
-0.024019 0.066568 -0.001799
-0.019142 -0.04078 -0.001798
0.070104 0.04476 0.137581
-0.077405 0.032365 0.135456
0.066457 -0.015941 0.010248
-0.076347 0.033989 0.1162
-0.082329 0.037247 0.023909
0.019167 -0.04602 -0.007281
-0.057287 0.078017 0.144956
0.007357 -0.034946 -0.001799
-0.055287 -0.013116 -0.001798
0.058286 -0.029209 -0.001864
-0.063563 -0.035657 0.038169
-0.073673 0.058908 0.059171
0.004788 0.091029 0.103626
0.02085 0.094074 0.023909
-0.077754 0.025149 0.047292
0.050542 -0.037973 0.002512
0.054575 -0.033733 0.008144
0.067271 0.052025 0.053782
-0.045802 0.030327 -0.007284
0.034201 -0.038309 -0.00044
0.053415 -0.007827 -0.001748
-0.079084 -0.061865 0.12035
0.067271 0.052025 0.091035
-0.084421 0.021806 0.088061
0.033321 0.088551 0.068485
-0.057013 -0.079336 0.090326
-0.083992 0.027642 0.071777
-0.081855 0.03914 0.012434
0.009378 0.096179 0.146973
0.064171 -0.019135 0.144956
0.011454 0.096672 0.078432
-0.082318 0.000515 0.098756
0.031458 0.089205 -0.006577
-0.011829 0.098096 0.042806
-0.084179 0.012061 0.100827
-0.053135 0.082148 0.11972
-0.021472 0.096662 -0.004903
-0.03342 -0.055049 0.026183
0.068062 0.050242 0.004258
-0.023602 0.082115 -0.007281
0.041224 -0.035715 -0.007258
-0.064795 -0.038373 0.117672
-0.000135 0.098243 0.068485
0.013402 -0.058428 0.045843
0.059448 -0.027642 0.000909
-0.054673 0.080948 0.032639
0.056991 -0.019262 0.075459
0.026352 -0.054146 0.039826
0.072611 0.035354 0.1402
0.069434 0.038541 0.150607
-0.003988 -0.060578 0.065263
-0.034501 0.087701 0.146215
-0.055288 0.061056 -0.001396
0.069528 -0.00877 -0.005609
-0.07236 0.047764 0.009066
-0.025267 0.09576 -0.001864
-0.061636 -0.053015 0.107855
-0.011784 -0.060293 0.104344
0.06558 -0.017684 0.010248
-0.07254 -0.022664 0.064848
-0.063378 -0.034688 0.039938
0.024507 0.092716 0.039826
-0.045031 0.087567 0.10736
-0.065245 -0.077862 0.115873
-0.065822 0.070062 0.021605
-0.014782 -0.053373 0.1162
-0.017235 0.09489 0.150607
0.062981 -0.008255 0.034718
-0.079486 -0.008813 0.04429
-0.084326 0.023755 0.05144
-0.005785 0.088244 -0.00044
-0.071627 0.062231 0.038223
0.028094 0.09118 0.113674
-0.076293 0.003786 0.061074
0.039963 0.084461 0.039826
-0.082329 0.037247 0.059171
0.024302 0.079215 -0.001396
0.070796 -0.005081 0.071777
-0.05649 -0.042034 0.0218
-0.043412 -0.060386 0.121805
0.07017 0.044783 0.034619
-0.000749 -0.049753 -0.00044
-0.084419 0.015955 -0.000551
0.054331 0.024514 -0.007284
-0.073039 -0.012291 0.146215
-0.082755 0.035344 0.062147
-0.022949 -0.056574 0.149955
0.06881 0.048439 0.039826
-0.059097 -0.081196 0.073526
0.035721 -0.024893 -0.007284
0.065523 0.055512 -0.006162
0.039647 0.084 0.144956
-0.049974 0.084435 0.078432
-0.077736 0.019786 0.004489
0.036731 -0.048757 0.012434
-0.065003 0.027037 -0.001748
0.027273 -0.035906 -0.001748
0.061414 0.001706 -0.007281
0.062092 -0.015875 0.148991
-0.066609 -0.084113 0.087746
-0.019558 0.097044 -0.003028
-0.005939 -0.060579 0.12199
0.009585 -0.059237 0.11972
-0.01842 0.090957 0.009066
0.019969 0.091511 -0.007075
0.035019 0.08759 0.05144
-0.080769 0.042887 0.084946
-0.070544 0.063853 0.102668
0.066457 -0.015941 0.047516
0.074448 0.016 0.062147
0.037864 -0.046942 -0.006875
0.036588 0.082848 0.15037
-0.030908 -0.039949 -0.007284
0.033361 -0.050722 0.049364
-0.082318 0.000515 0.028403
0.005733 -0.059858 0.096418
0.073775 0.029623 0.049364
-0.078626 -0.065634 0.038133
0.060571 -0.026047 0.071777
-0.027093 -0.057409 -0.006162
-0.046629 -0.048727 0.055046
0.017155 -0.057365 0.137581
-0.057359 -0.032228 0.034718
-0.082746 0.002418 0.016973
-0.057597 -0.040678 -0.001864
-0.045031 0.087567 0.034619
-0.046395 -0.041489 0.126964
-0.072016 -0.009853 0.1162
-0.039843 -0.052564 0.093699
0.062548 0.045933 0.089844
-0.07256 -0.008142 0.103626
-0.071442 -0.024285 0.042149
-0.058187 -0.078473 0.049189
-0.00789 -0.060531 0.115556
0.067489 0.012683 0.089844
-0.011829 0.098096 0.100827
0.018881 -0.029963 -0.001799
-0.059103 0.077125 0.041335
0.057561 0.053391 0.001421
0.024639 -0.023513 -0.007284
-0.048087 0.066629 -0.007284
0.06558 -0.017684 0.047516
-0.051373 -0.071694 0.044633
0.054543 0.071572 0.132156
0.061654 -0.024424 0.041335
-0.037739 0.040622 -0.001798
-0.048919 -0.000366 -0.001799
-0.027088 -0.057455 0.10545
-0.073086 -0.064747 0.122335
0.07346 0.008272 0.142678
-0.060366 -0.072182 0.122606
-0.059278 -0.037258 0.14867
-0.053041 -0.027853 -0.001396
-0.004034 0.098385 0.004258
-0.030866 0.09406 0.004258
-0.049974 0.084435 0.088061
0.021359 0.055375 -0.001798
-0.083135 0.03343 0.056371
-0.055697 -0.041315 0.052335
-0.046704 0.086563 0.062147
-0.013372 -0.02833 -0.001799
-0.065822 0.070062 0.010248
-0.082755 0.035344 0.04429
0.073495 0.006298 0.049364
-0.055618 -0.077016 0.066048
0.065447 0.03935 0.023954
0.07421 0.012106 -0.004042
-0.000135 0.098243 0.036486
0.063893 0.054665 0.149955
0.046172 0.079739 0.04429
0.040001 -0.046628 0.117573
0.067403 0.036059 -0.007196
-0.044719 -0.042208 0.061074
0.069512 0.046619 0.124375
0.058286 -0.029209 -0.003028
-0.061894 0.074399 0.126871
-0.070544 0.063853 -0.004903
-0.04502 -0.052151 0.044552
-0.034523 0.092699 0.019287
0.013358 0.096245 0.053782
-0.079501 0.046577 0.053782
-0.079501 0.046577 0.091035
0.013358 0.096245 0.091035
-0.031551 -0.055741 0.124399
0.074448 0.016 0.04429
0.073488 0.031553 0.053782
0.052826 0.072639 0.144956
0.073488 0.031553 0.091035
-0.07267 0.060582 0.010248
0.061692 0.051471 -0.007196
0.033584 0.011372 -0.001798
-0.036901 -0.05334 0.14267
-0.019514 -0.059246 0.061949
-0.013725 -0.060102 0.091065
0.036692 0.086587 0.056371
-0.081322 -0.003257 0.115556
-0.075623 -0.076765 0.049683
0.04765 0.078465 0.098756
-0.059236 -0.01563 -0.007284
-0.070008 0.029603 -0.007281
-0.073673 0.058908 0.05144
0.07017 0.044783 0.091035
0.037638 0.07791 0.004489
0.049096 0.077155 0.105881
-0.041614 0.089449 0.071777
-0.046747 0.063832 -0.001798
0.04644 -0.039222 0.149955
-0.058898 -0.042966 0.109451
-0.057425 0.047193 -0.007284
0.031675 -0.043939 0.004489
-0.081855 0.03914 0.008144
0.035058 -0.04976 0.10736
-0.064548 0.07154 0.028403
0.073162 0.004376 0.04429
-0.047599 -0.062727 0.030873
-0.061894 0.074399 0.038223
-0.068113 -0.028676 0.108999
-0.080143 -0.006976 0.019287
-0.064548 0.07154 0.002512
0.019805 0.091034 0.15037
0.057533 -0.019596 0.015454
0.050509 0.075811 0.036486
-0.050078 -0.046552 0.010102
0.07421 0.012106 0.012434
0.062492 0.047851 0.015454
-0.054592 0.07497 0.146215
0.036227 0.085831 0.146973
0.031552 -0.043504 -0.007258
-0.047782 -0.050517 0.127288
0.057086 -0.030747 0.071777
-0.056181 0.07971 0.124375
0.07435 0.0238 0.049364
0.068402 0.012604 0.135456
-0.049142 -0.067727 0.038091
-0.053135 0.082148 0.098756
-0.041138 -0.053545 0.112334
0.017174 -0.057433 -0.000551
-0.030822 -0.056282 0.095834
-0.023556 -0.051631 0.1162
0.043126 0.082176 0.071777
-0.021246 -0.057956 -0.006875
-0.030865 0.094057 0.132156
0.018997 0.094686 0.12199
-0.032663 -0.055618 0.089751
0.059448 -0.027642 0.039826
-0.07933 0.010558 -0.007196
-0.053507 0.073744 0.126964
-0.066568 -0.030124 0.093412
-0.0788 0.048397 0.12199
-0.063593 -0.036001 0.117961
-0.034485 -0.054907 -0.004042
0.050542 -0.037973 0.102668
-0.036359 -0.054292 0.035915
-0.055244 -0.076289 0.103452
0.067271 0.052025 0.078432
0.022687 0.093418 0.117573
0.011025 0.094517 -0.007075
-0.076646 0.021522 0.001421
0.006212 0.066117 -0.007284
-0.019545 0.096975 0.137581
-0.084326 0.023755 -0.000551
-0.078354 -0.004363 0.150607
-0.081843 -0.001377 0.000909
-0.038068 -0.053376 0.067461
0.020893 -0.056253 0.11972
-0.065822 0.070062 0.047516
0.046207 -0.041903 0.10736
-0.063817 -0.033162 -0.006875
-0.082329 0.037247 0.05144
-0.075553 0.05549 -0.004042
-0.046511 -0.041657 0.015454
-0.011784 -0.060293 0.093843
0.073445 0.008274 -0.006577
-0.078587 0.032585 0.146215
0.059448 -0.027642 0.117573
0.014111 0.091665 -0.007196
0.033321 0.088551 0.056371
0.063677 0.058948 0.030561
-0.074634 0.057211 0.023909
-0.073559 -0.021168 0.113762
-0.06606 -0.046393 0.026448
0.02085 0.094074 0.05144
0.027725 0.090374 -0.006875
0.036731 -0.048757 0.008144
0.038341 0.085544 0.075105
-0.079199 -0.058808 0.053215
-0.031324 -0.051905 0.148991
0.04765 0.078465 0.028403
0.033085 0.080709 0.004489
-0.084323 0.014006 0.02618
0.035058 -0.04976 0.034619
0.012053 -0.052758 0.135456
0.070295 0.012442 0.148991
0.074495 0.01795 0.049364
-0.011784 -0.060293 0.107366
-0.038854 -0.050183 0.150607
0.003105 -0.053873 0.126964
-0.07267 0.060582 0.047516
0.073151 0.033475 0.132156
-0.074592 0.023108 -0.00044
-9e-05 -0.060433 -0.005609
-0.037686 -0.053277 0.132007
-0.023375 0.096234 0.111934
-0.057657 0.078435 0.111934
-0.081322 -0.003257 0.000909
-0.083524 -0.064133 0.089821
-0.01377 0.097904 0.110332
0.044664 0.080976 0.084946
0.039598 0.077536 0.135456
0.071362 -0.003214 0.049364
-0.027147 0.095239 0.05144
-0.083461 0.006253 0.028403
-0.000135 0.098243 0.065263
-0.060019 -0.037349 0.060092
-0.05741 0.070026 0.126964
0.072782 0.002463 0.071777
-0.083461 0.006253 0.002512
-0.075553 0.05549 0.012434
-0.06601 -0.031559 0.132087
-0.046137 -0.047533 0.14867
-0.080599 -0.060502 0.108617
-0.077264 0.051983 -0.004042
-0.01761 0.097214 0.1402
0.015388 0.089236 0.126964
-0.080756 -0.005124 -0.005609
0.036731 -0.048757 0.126871
0.059421 0.065485 0.049364
-0.021629 -0.058717 0.132156
-0.083468 0.031508 0.030561
-0.074634 0.057211 0.059171
-0.065625 -0.031046 0.106524
0.062697 -0.022776 0.068485
0.063627 -0.00468 0.004489
0.005688 0.09767 0.062147
-0.047193 -0.0039 -0.001799
-0.058771 -0.039442 0.021034
-0.083992 0.027642 0.117573
0.074206 0.025746 0.071777
-0.046429 0.079271 0.126964
-0.080961 0.038893 -0.006875
-0.076302 0.033979 0.061074
0.072773 0.035388 0.010248
-0.051568 0.083311 0.010248
-0.082318 0.000515 0.102668
-0.062516 -0.034155 0.043751
-0.028166 -0.042782 -0.007281
0.050542 -0.037973 -0.004903
0.070782 0.042931 0.002512
-0.043426 -0.046967 0.15037
-0.021926 0.090141 0.126964
-0.073881 0.002647 -0.007258
-0.011786 -0.060291 0.034618
-0.07643 0.053747 0.049364
-0.004038 0.098062 0.142678
-0.037174 0.084804 0.023954
-0.060795 -0.065338 0.051925
-0.069371 -0.027695 -0.001864
-0.047071 -0.048488 0.010111
-0.036893 -0.046517 0.075459
0.065809 -0.00543 0.146215
0.074353 0.014052 0.006141
-0.077229 -0.01423 0.023909
0.017138 -0.050866 0.034718
0.025202 -0.042905 -0.00044
-0.076393 -0.015958 0.045763
-0.084183 0.0257 0.093833
-0.029416 -0.056546 0.119809
0.050509 0.075811 0.065263
-0.080143 -0.006976 0.088061
-0.01377 0.097904 -0.001864
-0.07736 0.028712 0.047292
0.0473 0.072407 -0.007196
0.013078 -0.03342 -0.007284
0.070317 0.002984 0.150607
0.059431 -0.02763 0.134879
-0.077973 0.008969 0.135456
-0.077264 0.051983 0.012434
-0.056179 0.079708 0.132156
0.05582 0.070097 0.096418
0.011876 -0.052011 0.061074
-0.013741 -0.060091 0.126871
0.0447 -0.043141 0.004258
-0.082755 0.035344 0.108826
-0.082746 0.002418 0.032639
-0.083298 0.00628 0.1402
0.070185 -0.006933 0.004258
0.046172 0.079739 0.108826
-0.034523 0.092699 0.042806
-0.043486 -0.043616 0.015454
-0.080769 0.042887 0.105881
-0.081465 0.037042 0.146973
0.066437 0.053788 -0.005609
0.070625 0.042881 0.1402
-0.065395 -0.032579 0.006141
-0.077236 -0.014223 0.11556
0.040784 -0.038252 0.126964
0.07151 0.027409 0.150607
0.066385 -0.003685 0.146215
-0.083754 0.029578 0.02618
0.033361 -0.050722 0.002512
-0.076283 0.024848 -0.007258
-0.038079 0.091098 0.137581
0.055107 0.060157 0.061074
0.001856 -0.060289 0.021605
0.058127 0.066951 0.1402
0.074448 0.016 0.108826
-0.081335 0.04102 0.036486
-0.027015 -0.057158 -0.006577
-0.073673 0.058908 -0.000551
0.044664 0.080976 0.038223
-0.083748 0.008183 0.10736
0.038379 -0.047713 0.068485
0.007618 0.097385 0.068485
-0.047619 -0.050156 0.022638
0.060571 -0.026047 0.117573
-0.080143 -0.006976 0.042806
-0.033712 -0.05489 0.129408
0.07421 0.012106 0.008144
-0.071378 -0.024146 0.052707
-0.050757 -0.044457 0.14867
0.002674 0.089274 -0.007258
-0.0546 -0.052289 0.126564
-0.060515 0.075779 0.038223
-0.046704 0.086563 0.006141
-0.05058 -0.054107 0.045219
-0.025654 0.082852 -0.007281
0.043162 -0.044342 0.075105
0.013358 0.096245 0.078432
-0.035375 -0.040057 -0.001396
-0.031142 0.08081 -0.007281
0.074353 0.014052 0.014682
0.073162 0.004376 0.108826
-0.015663 0.097344 0.142678
0.068286 -0.008309 0.14867
0.028135 -0.053355 0.021605
0.073488 0.031553 0.078432
0.029212 -0.046964 0.141789
0.031641 -0.051642 0.004258
0.064639 0.057251 0.093833
0.072773 0.035388 0.047516
-0.051568 0.083311 0.047516
0.005688 0.09767 0.04429
0.029633 0.078343 -0.00044
-0.045031 0.087567 0.019287
-0.082318 0.000515 -0.004903
-0.05675 -0.049565 0.045749
0.068826 -0.010591 0.02618
-0.074867 0.004124 0.001421
-0.048352 0.085519 0.038223
-0.009883 0.09824 -0.005609
0.036537 0.079463 0.015454
-0.003988 -0.060578 0.030561
-0.060607 -0.038805 0.125877
0.012022 0.07885 -0.001748
-0.005939 -0.059652 -0.006875
-0.079482 0.04657 0.134879
-0.037825 -0.051946 0.14867
-0.06533 -0.084076 0.07914
-0.055933 -0.041685 -0.006577
-0.080158 0.04474 0.041335
0.044903 -0.037401 -0.007196
0.026352 -0.054146 0.010248
-0.00789 -0.060531 0.117573
-0.06826 0.067016 0.108826
0.049129 -0.039318 0.02618
0.017409 -0.041294 -0.001748
0.057086 -0.030748 0.062147
0.067261 -0.014163 -0.006162
0.017174 -0.057433 0.11972
-0.064548 0.07154 0.102668
-0.019558 0.097044 0.023909
-0.081843 -0.001377 0.039826
-0.021472 0.096662 0.036486
0.049521 -0.029267 0.089844
0.024507 0.092716 0.010248
-0.075288 0.055348 -0.006577
-0.0708 0.051002 0.126964
0.020893 -0.056253 0.098756
0.071722 -0.001291 0.1402
-0.070138 -0.055921 0.125078
0.068062 0.050242 0.124375
0.02085 0.094074 -0.000551
-0.069933 0.058896 0.15037
0.062697 -0.022776 0.036486
-0.08232 0.021729 -0.007075
0.049789 0.056312 -0.001396
-0.005985 0.098384 0.108826
-0.052442 0.081239 -0.006875
-0.06369 -0.03681 0.040779
0.039963 0.084461 0.010248
0.02455 -0.054893 0.041335
-0.043334 0.088529 0.096418
0.018671 0.087736 0.103626
-0.03929 0.089136 0.14867
0.026897 0.084299 0.004489
-0.083127 0.004331 0.096418
-0.083437 0.014061 0.146973
0.06881 0.048439 0.010248
0.029898 -0.05252 0.093833
0.016833 0.094281 -0.006875
-0.002038 -0.06053 0.02618
-0.041582 0.089387 0.137581
-0.034523 0.092699 0.100827
-0.057273 -0.034601 -0.007196
-0.013005 -0.053592 0.1162
-0.014541 -0.051596 0.001421
-0.063239 0.072986 -0.000551
-0.083135 0.03343 0.111934
0.04351 0.07378 0.009066
-0.077231 -0.014228 0.12199
-0.084419 0.015955 0.098756
0.041595 -0.045505 0.016973
-0.009839 -0.060436 0.019287
-0.081322 -0.003257 0.039826
0.043068 0.06566 -0.001396
-0.021427 -0.058866 0.094252
0.013402 -0.058428 0.053782
0.020576 0.087732 0.015454
-0.027147 0.095239 -0.000551
0.013402 -0.058428 0.091035
0.059276 -0.016442 0.023954
-0.062828 -0.058177 0.047763
0.007015 -0.055552 -0.007196
0.070066 -0.000855 0.149955
-0.075553 0.05549 0.008144
0.00949 0.096755 -0.006577
-0.01187 -0.010118 -0.001798
-0.075797 0.002065 0.103626
-0.079501 0.046577 0.088061
0.001856 -0.060289 0.010248
-0.084323 0.014006 0.081724
-0.017399 -0.008218 -0.001798
-0.084323 0.014006 0.045843
-0.077704 0.041917 0.15037
0.04765 0.078465 0.102668
0.034927 0.080293 0.126964
-0.019558 0.097044 0.059171
-0.080143 -0.006976 0.100827
-0.063711 -0.036935 0.035666
0.06729 -0.014177 0.016973
0.054578 0.064249 0.146215
-0.074634 0.057211 0.05144
-0.0157 -0.059836 0.129469
0.02631 0.09197 0.038223
-0.046129 -0.049 0.019089
0.07017 0.044783 0.088061
-0.046473 -0.06447 0.121157
0.019041 -0.056866 0.126871
0.069528 -0.00877 0.021605
-0.077402 0.014433 0.004489
-0.044625 -0.019734 -0.007284
0.036692 0.086587 0.111934
0.050542 -0.037973 0.129469
0.017098 0.088685 0.034718
-0.081335 0.04102 0.065263
-0.01377 0.097904 -0.003028
-0.075493 -0.017744 0.115576
0.026352 -0.054146 0.047516
0.046916 -0.013334 -0.001748
0.057086 -0.030747 0.117573
0.035008 0.087572 0.134879
-0.077237 -0.014224 0.008144
-0.083461 0.006253 0.102668
-0.053477 -0.045564 0.129329
0.057086 -0.030748 0.04429
0.007618 0.097385 0.036486
-0.064548 0.07154 -0.004903
0.024507 0.092716 0.047516
0.043126 0.082176 0.117573
-0.011788 -0.06029 0.019287
-0.066743 -0.029825 0.044804
-0.075553 0.05549 0.126871
-0.044979 -0.049766 0.064181
-0.051532 -0.045531 0.002512
0.039924 0.084403 0.137581
0.038368 -0.047696 0.134879
0.04309 0.079009 0.150607
0.063676 -0.0066 0.009066
-0.077264 0.051983 0.008144
-0.056086 0.068977 -0.007258
-0.069312 -0.058957 0.026142
0.001811 0.0981 0.053782
-0.054095 -0.058646 0.126107
0.06808 -0.012393 0.081724
0.001811 0.0981 0.091035
-0.082863 0.025587 0.14867
0.039963 0.084461 0.047516
-0.084791 -0.070562 0.088694
0.038341 0.085544 0.124375
-0.084419 0.015955 0.028403
-0.079486 -0.008813 0.104335
-0.005426 0.081214 -0.001748
0.073739 0.008234 -0.006162
-0.049037 -0.047361 0.020896
-0.009468 0.091507 0.089844
0.06881 0.048439 0.047516
0.054545 0.071574 -0.004042
-0.039871 0.090326 0.062147
0.020839 -0.056097 0.1402
0.055722 -0.032149 0.1402
-0.040822 -0.051882 0.02298
0.074495 0.01795 0.002512
0.03987 0.084324 0.1402
0.070782 0.042931 0.102668
0.059153 0.054229 0.126964
-0.083992 0.027642 0.11972
-0.06119 -0.03579 0.043171
0.003752 0.097909 0.041335
0.05496 0.001895 -0.001748
0.070782 0.04293 0.104335
-0.052581 0.070108 -0.00044
0.064661 -0.019404 0.049364
0.04728 0.078046 0.144956
0.056223 -0.023066 0.141789
-0.066729 0.061237 0.146215
0.051889 0.074432 0.068485
0.073229 0.031511 -0.006577
0.033321 0.088551 0.111934
-0.030866 0.09406 0.124375
-0.021472 0.096662 0.065263
0.044664 0.080976 0.105881
-0.064716 -0.032007 0.146972
0.035058 -0.04976 0.019287
0.051921 -0.036593 0.113674
-0.046497 -0.048501 -0.006577
-0.040174 0.082792 0.1162
-0.080667 -0.076689 0.095023
0.062697 -0.022776 0.065263
0.001856 -0.060289 0.047516
-0.037973 0.090867 0.142678
-0.025279 0.088802 0.103626
-0.052325 -0.068906 0.112522
0.073495 0.006298 -0.004042
0.070168 0.044782 0.132156
-0.000135 0.098243 0.111934
-0.065436 0.052093 -0.00044
0.04765 0.078465 -0.004903
-0.078183 0.016189 0.009066
0.071882 -0.001333 0.108826
-0.070544 0.063853 0.036486
-0.023375 0.096234 0.110332
-0.057657 0.078435 0.110332
-0.036911 0.084266 0.089844
-0.015593 0.096745 -0.006875
-0.068415 -0.044494 0.123757
-0.03695 -0.05424 0.041379
-0.054477 -0.042945 0.071455
-0.07864 0.019786 0.135456
0.070796 -0.005081 0.11972
0.072782 0.002463 0.117573
-0.072562 -0.022696 0.07858
-0.011829 0.098096 0.032639
0.054545 0.071574 0.012434
-0.068159 -0.020049 0.141789
0.069225 0.018014 0.141789
-0.045031 0.087567 0.042806
0.015294 -0.057953 0.126871
-0.025225 -0.057964 -0.004042
-0.052897 -0.044516 0.014007
-0.083754 0.029578 0.045843
0.064494 0.057171 0.1402
0.01029 -0.053154 0.135456
-0.065822 0.070062 0.078432
-0.068782 -0.028125 0.014684
0.005688 0.09767 0.108826
-0.058207 -0.038854 0.107335
-0.083461 0.006253 -0.004903
-0.009838 -0.060436 0.05917
-0.084098 0.021794 0.142678
-0.07643 0.053747 0.002512
0.073781 0.008228 0.02618
-0.057911 0.040801 -0.001799
-0.068474 -0.051566 0.125397
-0.042745 -0.057047 0.116225
0.053266 -0.035179 0.081724
-0.078783 -0.010633 0.091037
0.074206 0.025746 0.117573
-0.017636 0.097378 0.081724
0.005733 -0.059858 0.016973
-0.073721 -0.07444 0.040138
0.038379 -0.047713 0.056371
-0.056181 0.07971 -0.004042
-0.082478 -0.064093 0.112048
-0.029014 0.094672 0.108826
0.045672 0.073386 -0.007196
-0.074427 0.046735 -0.007196
-0.054673 0.080948 0.084946
-0.000449 -0.054616 0.135456
0.017174 -0.057433 0.098756
0.007618 0.097385 0.056371
0.018854 -0.050331 0.126964
-0.079923 0.042619 0.146973
-0.056733 -0.059425 0.10719
-0.052531 -0.019472 -0.001748
-0.060145 0.072746 -0.007075
-0.072447 -0.0805 0.055902
-0.039871 0.090326 0.04429
0.0609 0.057328 0.15037
-0.009429 -0.053747 0.075459
0.068826 -0.010591 0.081724
0.072345 0.037291 -0.001864
0.068826 -0.010591 0.045843
-0.084326 0.023755 0.098756
-0.023375 0.096234 -0.001864
-0.038682 0.087891 -0.007075
0.029858 0.090347 0.113674
-0.06441 -0.081515 0.051657
0.024856 0.084106 0.001421
0.049082 -0.039267 0.137581
0.007618 0.097385 0.065263
-0.062164 -0.029338 -0.007196
0.049129 -0.039318 0.081724
0.049129 -0.039318 0.045843
-0.002313 0.092048 0.034718
0.009541 0.097052 0.038223
0.058259 0.067052 0.096418
0.044834 0.072565 0.126964
0.071074 -0.003126 -0.006577
0.036714 -0.048729 -0.006162
-0.009838 -0.060436 0.000909
0.010059 0.090073 0.089844
0.063677 0.058948 0.12199
-0.000135 0.098243 0.030561
0.041496 0.021772 -0.001799
-0.061157 0.007707 -0.001799
0.036149 0.078898 0.089844
0.074353 0.014052 0.104335
-0.076864 0.039643 -0.007196
-0.056181 0.07971 0.012434
-0.009642 -0.057227 0.15037
0.049096 0.077155 0.02618
-0.063239 0.072986 0.11972
-0.025267 0.09576 0.071777
-0.077245 0.051975 0.134879
-0.019558 0.097044 0.05144
-0.011787 -0.060291 0.119721
-0.084468 0.019856 0.041335
0.071349 0.041064 0.093833
0.041539 0.083311 -0.006162
0.043162 -0.044342 0.124375
0.022664 0.076176 -0.001748
-0.076378 -0.016004 0.121991
0.022099 -0.048769 0.061074
-0.002038 -0.06053 0.045843
-0.058635 0.048143 -0.001748
-0.06776 -0.029528 0.119879
-0.07733 -0.067518 0.036613
-0.062185 -0.038004 0.11384
0.027085 -0.051064 0.150607
0.051889 0.074432 0.036486
0.017911 0.085524 -0.007258
-0.062823 -0.079628 0.044573
0.001317 -0.054049 0.126964
-0.082746 0.002418 0.014682
0.017174 -0.057433 0.028403
-0.045031 0.087567 0.100827
-0.002084 0.098338 0.049364
-0.08443 0.017906 -0.006162
0.055602 -0.032048 0.142678
-0.079065 0.023433 0.141789
-0.064548 0.07154 0.129469
-0.065226 -0.031456 0.053325
-0.038691 -0.046103 0.126964
0.07187 0.039184 0.113674
0.001856 -0.060289 0.053782
-0.070544 0.063853 0.065263
-0.082452 0.02364 0.149955
-0.084326 0.023755 0.028403
-0.044508 -0.051478 0.044782
-0.033622 -0.052662 -0.007075
0.032432 -0.024459 -0.001799
0.050509 0.075811 0.030561
-0.060391 0.020928 -0.001798
-0.053176 -0.017783 -0.001748
-0.076836 0.049678 0.14867
0.055849 -0.032256 0.081724
0.057086 -0.030748 0.108826
-0.067879 -0.028747 0.060565
-0.083748 0.008183 0.096418
-0.055866 -0.038835 0.150607
-0.054673 0.080948 0.038223
0.041595 -0.045505 0.032639
-0.063224 0.072972 0.134879
-0.083468 0.031508 0.12199
-0.072844 -0.020684 -0.006875
0.054767 0.016719 -0.007284
-0.04467 0.079882 0.004489
0.048354 -0.030619 0.103626
0.030775 -0.049976 0.149955
-0.041614 0.089449 0.11972
0.011498 -0.058856 0.108826
0.028025 0.09103 0.1402
0.006 0.086984 -0.00044
0.029792 0.085982 0.148991
0.028135 -0.053355 0.053782
-0.057052 -0.031914 0.004489
-0.046704 0.086563 0.104335
-0.062677 -0.037107 0.030766
-0.031583 -0.055728 0.014686
-0.069182 -0.020678 -0.007196
-9e-05 -0.060433 0.021605
-0.084323 0.014006 0.10736
-0.064957 -0.022267 0.089844
0.064723 0.039151 0.004489
0.011454 0.096672 0.062147
0.055049 0.057956 0.001421
0.007663 -0.059572 0.049364
-0.051998 0.080654 0.149955
0.035019 0.08759 0.002512
-0.041241 0.003737 -0.001798
0.06729 -0.014177 0.032639
-0.077394 0.025103 0.004489
0.022241 -0.041105 -0.007281
-0.068128 0.066916 0.1402
0.035058 -0.04976 0.042806
0.027888 0.075347 -0.007281
0.003797 -0.060097 0.093833
-0.016667 -0.053824 0.135456
0.061629 0.062269 0.049364
-0.041743 -0.051655 0.102418
-0.049049 0.076782 0.089844
0.001811 0.0981 0.078432
0.018627 -0.019394 -0.001798
-0.058901 -0.068902 0.054975
-0.084179 0.012061 0.006141
0.066023 0.000209 0.015454
-0.0421 -0.051215 0.021797
-0.074551 -0.019488 0.008144
-0.076394 -0.015962 0.105952
-0.039831 -0.05254 0.078938
-0.080756 -0.005124 0.021605
-0.07321 -0.006478 0.004489
0.0447 -0.043141 0.124375
-0.084419 0.015955 0.102668
-0.004029 0.094124 -0.007196
-0.023332 -0.058438 -0.004042
-0.075459 -0.017777 0.023908
-0.025434 0.089337 0.023954
-0.083135 0.03343 0.110332
-0.011785 -0.060293 0.002512
-0.016182 0.075074 -0.001799
0.044657 0.005877 -0.001799
-0.046442 -0.051277 0.10857
0.054545 0.071574 0.008144
-0.068823 -0.047889 0.029476
0.044736 -0.017015 -0.001798
-0.081823 -0.001372 0.134879
-0.077506 0.025127 0.075459
0.072355 0.000559 0.004258
-0.019577 -0.059015 0.1402
0.013402 -0.058428 0.088061
-0.007821 -0.058655 0.149955
0.06808 -0.012393 0.10736
-0.008228 -0.005014 -0.001798
-0.073673 0.058908 0.098756
0.070796 -0.005081 0.098756
-0.069421 0.065448 0.093833
-0.083461 0.006253 0.129469
-0.074579 -0.019427 -0.006162
0.0316 0.08947 0.068485
-0.049974 0.084435 0.062147
0.046207 -0.041903 0.042806
-0.078284 0.042073 -0.007075
-0.009838 -0.060436 0.051439
0.051921 -0.036593 0.093833
-0.054758 0.025648 -0.007284
-0.084323 0.014006 0.034619
-0.004126 -0.055902 -0.007196
0.02273 -0.055596 0.093833
0.006666 -0.053388 0.126964
-0.049192 -0.064536 0.115673
-0.020263 0.090961 0.135456
0.072866 0.004427 -0.006577
-0.071152 -0.011425 0.103626
-0.028978 -0.056857 0.039235
-0.028719 0.087823 0.061074
-0.044672 0.079866 0.089844
0.036692 0.086587 0.110332
-0.061216 -0.067685 0.124413
-0.043294 -0.050745 0.05728
-0.023375 0.096234 -0.003028
-0.078734 -0.000557 0.15037
0.034638 0.079823 0.004489
-0.057657 0.078435 -0.003028
-0.070277 0.06367 0.142678
0.051889 0.074432 0.065263
0.031641 -0.051642 0.124375
0.070782 0.042931 0.129469
0.042557 0.057279 -0.001748
-0.082318 0.000515 0.036486
-0.017732 -0.049261 -0.00044
0.005645 0.09735 0.142678
0.05582 0.070097 0.075105
0.022492 0.092894 0.144956
-0.038073 -0.053388 0.060096
-0.067722 -0.046158 0.12472
0.056441 0.058888 0.009066
-0.081843 -0.001377 0.010248
0.066437 0.053788 0.021605
-0.084179 0.012061 0.014682
-0.040003 -0.05303 0.12256
0.069528 -0.00877 0.053782
-0.071673 -0.013668 0.141789
0.069528 -0.00877 0.091035
0.055603 0.006876 -0.007284
-0.003988 -0.060578 0.12199
-0.057499 0.072769 -0.007196
0.067354 0.026947 0.075459
-0.083135 0.03343 -0.001864
0.011454 0.096672 0.04429
0.015705 -0.05237 0.141789
0.052503 0.040291 -0.001798
0.025573 0.085672 0.015454
-0.060349 -0.055224 0.126281
0.028094 0.09118 0.096418
0.064661 -0.019404 0.002512
0.044103 0.077278 0.15037
0.060571 0.003354 -0.001396
0.073781 0.008228 0.081724
0.068062 0.050242 -0.004042
0.073781 0.008228 0.045843
-9e-05 -0.060433 0.010248
0.02085 0.094074 0.098756
-0.057176 -0.03205 0.1162
0.062674 0.060621 0.041335
0.058582 0.062498 -0.007075
-0.002132 -0.058012 0.150607
0.035058 -0.04976 0.100827
-0.073673 0.058908 0.028403
-0.026934 0.051502 -0.001798
0.057058 0.068589 0.041335
-0.056181 0.07971 0.008144
0.069512 0.046619 0.126871
-0.00198 0.058087 -0.001798
-0.084419 0.015955 -0.004903
-0.068581 0.05168 -0.007258
-0.073673 0.058908 0.002512
-0.076837 -0.054949 0.121665
0.074446 0.021852 0.006141
0.062697 -0.022776 0.111934
0.057894 0.062071 0.15037
-0.019558 0.097044 -0.000551
-0.080401 0.014248 0.148991
0.033361 -0.050722 0.129469
0.053266 -0.035179 0.10736
-0.063239 0.072986 0.098756
-0.017636 0.097378 0.10736
0.068271 0.016226 0.009066
0.030991 0.088294 0.14867
0.073775 0.029623 0.129469
0.033321 0.088551 0.110332
-0.080756 -0.005124 0.010248
0.005733 -0.059858 0.032639
-0.009883 0.09824 0.021605
-0.011787 -0.060291 0.032638
-0.075241 -0.017576 -0.006577
-0.013767 0.097866 -0.006162
-0.027147 0.095239 0.098756
-0.067988 -0.028903 0.071365
-0.066545 0.058927 0.015454
0.030549 -0.045617 0.135456
-0.049974 0.084435 0.04429
-0.081335 0.04102 0.030561
0.015265 0.088814 0.103626
-0.075321 0.000344 0.089844
-0.045922 -0.037766 -0.00044
-0.000135 0.098243 0.110332
-0.053135 0.082148 0.068485
0.068062 0.050242 0.012434
0.013623 -0.05162 0.1162
0.046207 -0.041903 0.100827
0.055167 -0.008628 -0.007284
-0.069597 -0.070189 0.030731
-0.042437 -0.051053 0.012263
-0.084421 0.021806 0.006141
-0.068012 -0.054796 0.025143
0.024016 0.091486 0.14867
0.049096 0.077155 0.045843
-0.002433 0.088765 -0.00044
-0.084468 0.017905 0.093833
0.035199 -0.042828 0.135456
0.073428 0.014119 -0.006875
-0.052241 -0.043356 0.14867
0.049129 -0.039318 0.10736
0.040477 0.075742 0.103626
-0.054673 0.080948 0.105881
-0.043417 0.081232 0.126964
-0.076995 0.007296 0.1162
-0.077977 -0.071192 0.041681
0.010976 -0.056391 0.150607
0.07412 0.021836 -0.006577
-0.082329 0.037247 0.002512
-0.00025 0.096368 0.149955
-0.081843 -0.001377 0.047516
0.02085 0.094074 0.028403
-0.07267 0.060582 0.041335
0.041601 0.08017 0.150607
-0.067016 -0.067389 0.064958
-0.043334 0.088529 0.075105
-0.041614 0.089449 0.098756
-0.036321 -0.054137 -0.001864
0.054127 0.071204 0.144956
-0.011829 0.098096 0.014682
0.040605 -0.038029 0.1162
-0.017636 0.097378 0.034619
-0.028971 -0.056882 0.057802
0.059388 0.065461 -0.006162
-9e-05 -0.060433 0.047516
-0.034523 0.092699 0.032639
0.001856 -0.060289 0.078432
0.038379 -0.047713 0.111934
-0.078597 -0.06375 0.120042
-0.063239 0.072986 0.028403
0.057814 0.066713 0.144956
0.007618 0.097385 0.111934
-0.045783 -0.049258 0.13808
0.009585 -0.059237 0.068485
-0.009838 -0.060436 0.081725
-0.021472 0.096662 0.030561
-0.084326 0.023755 0.102668
-0.071627 0.062231 0.081724
-0.068835 -0.016262 0.061074
-0.024727 -0.049864 -0.007258
0.05162 0.061998 0.001421
0.010131 -0.052404 0.061074
-0.082318 0.000515 0.065263
-0.082746 0.002418 0.084946
-0.027147 0.095239 0.028403
-0.004067 -0.054284 0.034718
0.062697 -0.022776 0.030561
0.068826 -0.010591 0.034619
0.0557 0.065104 0.15037
-0.019377 0.096134 -0.006875
0.005669 0.069109 -0.001799
-0.080756 -0.005124 0.047516
0.067271 0.052025 0.062147
0.028135 -0.053355 0.078432
0.058286 -0.029209 -0.000551
0.070054 0.038705 0.149955
-0.077679 -0.063985 0.085057
-0.075332 -0.017686 0.1402
-0.004034 0.098385 -0.004042
-0.01374 -0.060092 0.02618
-0.040999 -0.021848 -0.001799
-0.001074 0.087383 -0.007281
-0.068731 0.058156 0.146215
0.049129 -0.039318 0.034619
-0.030866 0.09406 -0.004042
0.074495 0.019901 0.010248
-0.058377 -0.030722 0.061074
-0.077767 0.019776 0.075459
-0.067396 -0.050023 0.025692
0.055849 -0.032256 0.10736
-0.021525 -0.058795 0.034571
-0.035468 -0.033432 -0.001748
-0.047946 -0.065598 0.042307
0.035019 0.08759 0.102668
-0.025267 0.09576 0.117573
-0.081855 0.03914 0.113674
-0.055511 0.007764 -0.007284
0.074425 0.019901 0.137581
-0.083127 0.004331 0.016973
-0.009883 0.09824 0.010248
0.07128 0.017989 0.15037
0.043212 0.073443 0.103626
-0.077579 0.026932 0.047292
0.028448 0.087457 0.15037
0.048432 -0.030692 0.061074
0.04765 0.078465 0.036486
-0.049944 -0.046649 -0.001864
-0.02848 0.082051 -0.001396
-0.036826 0.066513 -0.001799
-0.036325 0.091952 0.12199
-0.070895 0.05729 0.15037
0.065824 0.035741 0.103626
-0.083135 0.03343 -0.003028
-0.058475 -0.07111 0.059545
-0.058217 -0.042356 0.0229
-0.051533 -0.045531 0.004258
0.01127 -0.049991 -0.007258
-0.004034 0.098385 0.012434
0.074014 0.027687 0.041335
0.068992 0.042363 0.149955
0.00178 0.0978 -0.006577
-0.030866 0.09406 0.012434
0.054575 -0.033733 0.093833
-0.053135 0.082148 0.036486
-0.019067 -0.056758 0.150607
-0.032703 0.093402 0.041335
0.053235 0.073019 -0.001864
-0.072989 0.056306 0.149955
0.0316 0.08947 0.056371
-0.005859 -0.053877 0.103626
0.007618 0.097385 0.030561
-0.029748 -0.042633 -0.001396
0.036731 -0.048757 0.113674
-0.060448 -0.03803 -0.001864
-0.069675 0.05658 0.146215
-0.084326 0.023755 -0.004903
0.030248 -0.045071 0.047292
0.049437 0.029007 -0.007284
0.05638 0.058852 0.126964
0.036692 0.086587 -0.003028
0.038181 -0.043978 0.15037
-0.063809 -0.036148 0.039011
0.074495 0.01795 0.129469
-0.083754 0.029578 0.053782
0.044664 0.080976 0.02618
-0.081592 0.010348 -0.007075
-0.083754 0.029578 0.091035
-0.083775 -0.067764 0.10544
0.047684 -0.040629 0.12199
-0.071437 0.053267 -0.007196
0.067271 0.052025 0.04429
-0.075458 -0.017778 0.129469
-0.015707 0.097665 0.071777
-0.083987 0.010119 0.041335
-0.077197 0.049845 -0.006875
-0.065337 -0.031645 0.090247
0.072773 0.035388 0.041335
-0.051568 0.083311 0.041335
0.074495 0.019901 0.047516
0.02136 -0.051913 0.148991
0.069528 -0.00877 0.078432
0.043149 -0.044325 0.134879
-0.072465 -0.010045 0.015454
-0.066999 -0.030806 -0.001864
-0.058709 -0.038841 0.086414
0.055302 0.008982 -0.001748
-0.01381 0.073638 -0.001798
-0.008229 -0.023356 -0.007284
-0.028965 -0.05689 0.098132
-0.009883 0.09824 0.047516
-0.059065 -0.039352 -0.004042
-0.048352 0.085519 0.02618
0.068062 0.050242 0.008144
-0.048422 -0.051153 0.022887
0.065562 -0.017674 0.134879
-0.025361 -0.051429 0.126964
0.047408 0.070056 0.126964
-0.084052 0.023735 -0.006577
0.074493 0.017951 0.132156
0.074019 0.010165 0.096418
-0.073673 0.058908 0.102668
0.016604 -0.036677 -0.001798
0.011846 0.089872 0.1162
0.049108 -0.033849 0.148991
-0.050839 -0.049621 0.022762
0.072901 0.008348 0.146973
-0.070544 0.063853 0.030561
-0.048353 -0.06028 0.125375
-0.015661 -0.059864 0.081756
-0.005939 -0.060579 0.049364
0.073781 0.008228 0.10736
-0.061894 0.074399 0.081724
-0.084179 0.012061 0.104335
-0.005985 0.098382 0.132156
0.033321 0.088551 -0.003028
0.060545 0.063891 0.108826
-0.052486 0.035229 -0.007284
-0.084323 0.014006 0.019287
0.034984 0.087529 0.137581
-0.002201 0.095125 0.15037
0.02371 -0.047987 0.075459
0.020893 -0.056253 0.068485
-0.025223 -0.057965 -0.004903
-0.033357 -0.051874 0.15037
0.051889 0.074432 0.111934
-0.07643 0.053747 0.129469
0.046207 -0.041903 0.016973
0.001897 0.047924 -0.001798
0.048809 0.06205 -0.00044
0.001275 0.091859 0.126964
-0.083468 0.031508 0.023909
-0.000135 0.098243 -0.003028
0.04765 0.078465 0.065263
0.067827 -0.012288 -0.006577
-0.025308 -0.051248 0.047292
-0.063275 -0.034745 0.021653
-0.077091 0.00728 0.047292
0.041559 0.083338 0.004258
-0.037179 -0.054126 0.042253
0.06808 -0.012393 0.096418
0.063246 -0.006437 0.075459
-0.079501 0.046577 0.062147
0.013358 0.096245 0.062147
-0.039871 0.090326 0.104335
-0.047067 -0.049152 0.106189
-0.082326 0.037247 0.132156
-0.066109 -0.031389 0.137542
-0.019514 -0.059246 0.081831
0.073488 0.031553 0.062147
-0.002038 -0.06053 0.091035
-0.07034 -0.025896 0.040637
0.003084 -0.053685 0.047292
0.050509 0.075811 0.12199
-0.082329 0.037247 0.102668
-0.058756 -0.038909 0.082711
-0.007772 -0.057318 0.15037
-0.010481 0.079755 -0.001748
0.02085 0.094074 0.102668
-0.070352 -0.06227 0.055045
0.011273 -0.057866 -0.006875
0.024274 -0.049302 0.141789
-0.040486 -0.045637 0.135456
-0.043058 -0.042903 0.004489
-0.053135 0.082148 0.065263
-0.04371 -0.050786 0.129342
-0.039854 -0.054351 0.114273
-0.078054 0.0502 0.115556
-0.066756 0.048724 -0.007281
0.073781 0.008228 0.034619
-0.047328 0.083946 0.149955
-0.041574 -0.051663 -0.004903
0.066437 0.053788 0.053782
0.064407 -0.003059 0.075459
-0.073161 -0.074272 0.116789
0.066437 0.053788 0.091035
0.026352 -0.054146 0.041335
0.05712 -0.019341 0.1162
-0.059203 0.074435 0.149955
-0.074634 0.057211 0.002512
-0.042595 -0.056233 0.030771
-0.052049 -0.062093 0.045065
-0.045031 0.087567 0.032639
-0.079486 -0.008813 -0.005609
-0.06345 -0.037751 0.121357
0.0447 -0.043141 -0.004042
-0.004106 0.092327 0.015454
0.043032 -0.025833 -0.001396
0.07421 0.012106 0.113674
-0.066512 -0.029971 0.050899
-0.068672 -0.028207 0.01929
-0.041176 -0.05603 0.04159
0.058286 -0.029209 0.11972
0.024507 0.092716 0.041335
-0.083468 0.031508 0.059171
0.045831 -0.033162 0.004489
-0.063071 -0.034141 0.111952
-0.057657 0.078435 0.023909
0.065659 -0.015552 0.146973
-0.073673 0.058908 -0.004903
0.046172 0.079739 0.115556
0.070185 -0.006933 -0.004042
0.009585 -0.059237 0.056371
-0.08201 -0.063013 0.057587
-0.027147 0.095239 0.102668
-0.015662 -0.059864 0.104406
-0.073562 0.050289 -0.007196
0.039963 0.084461 0.041335
-0.011829 0.098096 0.084946
0.058259 0.067052 0.016973
-0.045507 -0.040151 0.001421
0.041957 0.074726 0.1162
0.06881 0.048439 0.041335
-0.083273 -0.071141 0.104273
-0.009838 -0.060436 0.107361
-0.027569 -0.057107 0.028386
0.064367 -0.012839 0.15037
-0.071627 0.062231 0.10736
0.051889 0.074432 0.030561
-0.04174 -0.016922 -0.001799
-0.063168 -0.051966 0.108873
-0.004034 0.098385 0.008144
0.074446 0.021852 0.104335
-0.030618 -0.056388 0.107603
0.015348 -0.051142 0.1162
-0.064973 -0.029169 -0.007075
0.00794 0.077112 -0.001798
-0.030866 0.09406 0.008144
-0.067027 -0.030786 -0.004042
-0.043334 0.088529 0.124375
-0.058771 -0.031089 0.015454
-0.036359 -0.054292 0.115664
0.041571 -0.045472 -0.006162
0.053266 -0.035179 0.096418
0.047491 0.070138 0.023954
-0.081855 0.03914 0.093833
-0.025267 0.09576 0.11972
-0.046641 -0.041847 0.135456
-0.01849 0.091314 0.135456
0.06453 -0.008874 0.146215
0.047272 0.069924 0.047292
-0.005885 0.09157 0.004489
-0.067443 -0.06138 0.051812
0.073162 0.004376 0.115556
0.013358 0.096245 0.04429
-0.011787 -0.060291 0.012434
0.0447 -0.043141 0.012434
-0.01657 0.090762 0.075459
0.031641 -0.051642 -0.004042
0.073488 0.031553 0.04429
-0.003988 -0.060578 0.023909
-0.082202 -0.063912 0.056831
0.038341 0.085544 0.126871
0.022686 0.093415 0.132156
0.070185 -0.006933 0.012434
0.055421 -0.031896 0.144956
0.062695 -0.022774 0.132156
-0.080143 -0.006976 0.006141
-0.064547 0.071538 0.132156
-0.084183 0.0257 0.004258
-0.082746 0.002418 0.105881
-0.065337 -0.031645 0.060047
0.074444 0.021851 0.132156
-0.009456 0.091319 0.004489
-0.017636 0.097378 0.019287
-0.063624 -0.034431 0.012416
0.02085 0.094074 -0.004903
-0.084421 0.021806 0.104335
-0.019514 -0.059246 0.075105
0.020893 -0.056253 0.036486
0.066373 0.041532 0.146215
-0.084323 0.014006 0.088061
-0.046527 0.010489 -0.007284
-0.06826 0.067016 0.115556
0.018997 0.094686 0.049364
0.038379 -0.047713 0.110332
0.035019 0.08759 0.129469
-0.035706 -0.054388 0.032463
0.027583 -0.05215 0.14867
-0.009838 -0.060436 0.010248
-0.0788 0.048397 0.049364
-0.040424 -0.052419 0.046284
0.007618 0.097385 0.110332
-0.083748 0.008183 0.016973
0.066273 0.051555 -0.006875
-0.024624 0.093324 0.150607
0.01525 0.095772 0.115556
0.068826 -0.010591 0.019287
-0.075553 0.05549 0.113674
-0.071627 0.062231 0.034619
0.051429 -0.020111 -0.007281
-0.037136 -0.047016 0.023954
-0.046916 -0.048233 0.142802
0.028585 0.083655 0.1162
-0.082755 0.035344 0.000909
-0.005985 0.098384 0.115556
0.053207 0.049245 -0.001396
-0.073376 -0.0581 0.050293
-0.072643 -0.022817 -0.003028
-0.052522 -0.050317 0.045931
0.046172 0.079739 0.000909
-0.027103 -0.057447 0.095042
-0.034523 0.092699 0.014682
-0.076396 -0.015971 0.04129
-0.084419 0.015955 0.036486
-0.046181 0.07891 0.075459
-0.050991 -0.048116 0.106313
0.049129 -0.039318 0.019287
-0.027147 0.095239 -0.004903
-0.019558 0.097044 0.098756
-0.015102 0.057237 -0.007284
0.044664 0.080976 0.045843
0.031641 -0.051642 0.012434
-0.069282 -0.046618 0.032582
0.072345 0.037291 0.071777
0.067334 0.025162 0.004489
0.01713 0.095252 0.115556
-0.021825 0.089715 0.075459
-0.064127 -0.038913 0.122034
-0.072946 -0.018554 0.149955
-0.026624 0.093436 0.149955
-0.046542 0.079437 0.015454
-0.063418 -0.036176 0.035701
0.020462 -0.055001 0.14867
-0.016332 -0.050968 -0.007258
0.044586 0.074998 0.146215
-0.003988 -0.060578 0.059171
0.074448 0.016 0.000909
0.003752 0.097909 0.108826
-0.060407 -0.082221 0.081833
-0.052266 -0.053183 0.107846
-0.00397 0.082493 -0.001748
0.044844 -0.034708 0.034718
-0.060515 0.075779 0.081724
-0.077775 0.043921 0.150607
-0.045363 -0.049147 0.142785
0.020031 0.091691 0.150607
-0.084323 0.014006 0.042806
-0.000136 0.098222 0.134879
-9e-05 -0.060433 0.078432
-0.007308 0.084491 -0.001396
-0.007935 0.098336 0.004258
-0.045476 0.081102 0.141789
-0.050124 -0.046915 0.046772
-0.005868 -0.054387 0.009066
0.017174 -0.057433 0.068485
0.062666 0.049852 -0.007196
-0.080143 -0.006976 0.014682
-0.045003 -0.049775 -0.003028
-0.071113 -0.011408 0.089844
0.064639 0.057251 0.004258
-0.011784 -0.060293 -0.003028
0.039135 -0.001291 -0.007284
-0.000451 0.093993 -0.007196
0.074353 0.014052 -0.005609
-0.009717 0.095535 -0.007075
-0.048352 0.085519 0.081724
-0.01377 0.097904 -0.000551
-0.048352 0.085519 0.045843
-0.018282 -0.052543 0.004489
-0.066367 0.068 0.146973
-0.057413 -0.040811 0.004258
-0.027201 -0.057375 0.002512
-0.081335 0.04102 0.12199
0.073162 0.004376 0.000909
-0.066009 0.058578 0.075459
-0.061517 -0.082827 0.081302
-0.077264 0.051983 0.113674
-0.012781 0.085655 -0.007281
0.065038 0.033571 -0.007258
0.028094 0.09118 0.075105
0.062602 -0.008104 0.103626
-0.01509 0.073327 -0.007284
0.015211 -0.057641 0.142678
0.041595 -0.045505 0.084946
0.0101 -0.052258 0.089844
-0.056429 -0.059179 0.046477
-0.058373 -0.039243 0.108471
-0.067072 -0.019377 0.1162
-0.060543 -0.078267 0.11708
0.045087 0.070003 -0.007258
-0.080756 -0.005124 0.078432
0.035058 -0.04976 0.032639
0.055119 -0.029174 0.150607
-0.037179 0.071115 -0.001798
-0.00248 -0.050013 -0.00044
0.068068 0.023412 0.034718
-0.082318 0.000515 0.030561
-0.06826 0.067016 0.000909
-0.056959 -0.020664 -0.007281
-0.041732 0.081909 0.1162
0.022687 0.093418 0.068485
-0.059828 -0.029617 0.126964
-0.080158 0.04474 -0.001864
0.064661 -0.019404 0.129469
0.034364 -0.04177 -0.007258
-0.05918 -0.041501 0.023328
-0.075503 -0.017682 0.062017
-0.019558 0.097044 0.028403
0.0316 0.08947 0.111934
0.06729 -0.014177 0.084946
-0.038783 -0.046282 0.015454
-0.052058 -0.04624 0.022114
-0.027182 0.088894 0.015454
-0.061894 0.074399 0.10736
0.049096 0.077155 0.091035
0.059208 0.058484 -0.007196
-0.056443 0.071609 0.135456
-0.005985 0.098384 0.000909
-0.048063 -0.053523 0.109576
0.029898 -0.05252 0.004258
0.064282 0.040884 0.004489
-0.083754 0.029578 0.088061
-0.000291 -0.020114 -0.001798
-0.055566 -0.074083 0.038705
-0.083789 -0.074225 0.086859
-0.015707 0.097665 0.117573
0.061018 0.006257 -0.007281
0.023709 -0.052863 -0.007075
0.046806 -0.039637 0.14867
0.067305 0.030556 0.126964
-0.021472 0.096662 0.12199
-0.071373 -0.024138 0.050339
-0.046704 0.086563 -0.005609
0.020893 -0.056253 0.065263
-0.056145 -0.041933 -0.004903
0.033425 -0.03464 -0.007281
0.053048 0.06545 -0.007196
0.046207 -0.041903 0.032639
-0.00952 -0.042702 -0.007284
0.058286 -0.029209 0.098756
0.062697 -0.022776 0.12199
-0.079501 0.046577 0.006141
0.043162 -0.044342 0.126871
-0.049974 0.084435 0.104335
-0.075445 -0.017764 0.134879
0.07192 0.00848 0.149955
-0.015706 0.097665 0.056371
0.018844 -0.050302 0.034718
-0.078034 -0.012433 0.078434
-0.050433 -0.044009 0.149955
-0.054673 0.080948 0.02618
-0.041891 -0.033761 -0.007284
0.066437 0.053788 0.078432
0.07017 0.044783 0.006141
0.055502 -0.022571 0.023954
0.02631 0.09197 0.081724
-0.061005 0.066011 0.034718
0.02631 0.09197 0.045843
-0.074634 0.057211 0.102668
-0.081887 0.03516 0.146973
-0.058178 0.068301 0.004489
-0.084323 0.014006 0.100827
0.068826 -0.010591 0.088061
-0.060964 0.053671 -0.007281
0.046172 0.071357 0.009066
0.009572 -0.059169 0.137581
-0.07393 -0.077937 0.049658
0.05301 0.063056 0.061074
0.071882 -0.001333 0.115556
-0.084419 0.015955 0.065263
-0.018934 -0.056079 0.15037
-0.077235 -0.014225 0.010248
0.0447 -0.043141 0.008144
-0.061262 -0.058941 0.126105
0.049129 -0.039318 0.088061
-0.082329 0.037247 0.129469
0.055698 -0.024933 0.146215
0.070185 -0.006933 0.008144
0.008447 -0.053151 0.009066
0.00815 -0.052211 -0.007258
0.001811 0.098099 0.081724
-0.058318 -0.039901 0.012197
0.041595 -0.045505 0.038223
-0.045471 -0.021612 -0.001799
-0.083992 0.027642 0.068485
0.051889 0.074432 0.110332
-0.044406 -0.061788 0.040174
-0.078266 -0.060808 0.059021
0.038164 0.085273 0.142678
-0.007177 0.084763 -0.007281
-0.023375 0.096234 0.05144
-0.027104 -0.057445 0.06801
-0.057657 0.078435 0.05144
-0.018363 -0.053057 0.034718
0.052134 0.0147 -0.001799
-0.065822 0.070062 0.04429
-0.017636 0.097378 0.042806
-0.051904 -0.051024 0.022976
0.017839 0.011058 -0.001798
-0.009882 0.098219 0.134879
0.013402 -0.058428 0.062147
0.017174 -0.057433 0.036486
-0.06706 0.068554 0.010248
-0.007702 0.092046 0.034718
0.065326 0.023243 -0.007258
-0.000784 0.076024 -0.001799
-0.003989 -0.060557 0.134879
-0.069995 -0.016902 0.141789
0.029858 0.090347 0.096418
-0.046978 0.083408 0.150607
-0.035665 -0.054098 0.021632
-0.011784 -0.060293 0.047506
0.058286 -0.029209 0.028403
-0.029014 0.094672 0.115556
-0.002038 -0.06053 0.088061
-0.053135 0.082148 0.111934
0.06729 -0.014177 0.038223
-0.050303 -0.046659 0.135969
0.068826 -0.010591 0.042806
0.058259 0.067052 0.032639
-0.084326 0.023755 0.036486
0.010466 -0.039657 -0.001748
-0.071286 -0.024675 0.119756
-0.061347 -0.038721 0.112656
0.040733 0.076061 0.034718
-0.054284 -0.042677 0.097934
0.008577 0.091869 0.141789
-0.082755 0.035344 0.039826
0.061578 0.049415 0.126964
0.031641 -0.051642 0.008144
-0.074573 -0.019389 0.068365
0.049129 -0.039318 0.042806
0.070796 -0.005081 0.068485
0.046172 0.079739 0.039826
0.073781 0.008228 0.019287
-0.078054 0.0502 0.117573
0.013688 -0.051868 0.034718
-0.067899 0.064349 0.149955
-0.078894 0.00699 0.146215
0.066375 0.001978 0.023954
-0.084354 -0.066225 0.090322
0.066457 -0.015941 0.108826
-0.067881 -0.029402 0.117837
-0.011829 0.098096 0.105881
0.058221 0.051748 0.001421
-0.05844 -0.080789 0.090843
0.038379 -0.047713 -0.003028
-0.033742 -0.055311 0.112045
-0.0552 -0.069102 0.050562
0.030359 0.083165 0.023954
-0.039338 -0.054852 0.118124
0.074448 0.016 0.039826
-0.000135 0.098243 0.023909
-0.020064 -0.051824 -0.007258
-0.043631 -0.05147 0.023686
0.000338 0.05819 -0.007284
0.007618 0.097385 -0.003028
-0.074634 0.057211 -0.004903
-0.067942 -0.071963 0.121293
0.001811 0.0981 0.062147
-0.036998 0.06393 -0.001799
-0.07786 -0.070441 0.115492
0.071882 -0.001333 0.000909
-0.054236 -0.043338 0.140514
0.009585 -0.059237 0.111934
0.045813 0.079311 0.144956
0.060571 -0.026047 0.068485
0.040001 -0.046628 0.056371
0.02206 0.086591 0.061074
0.050357 0.070344 0.148991
0.04765 0.078465 0.030561
0.073162 0.004376 0.039826
-0.045031 0.087567 0.014682
0.039368 -0.039359 0.126964
0.003428 -0.022637 -0.007284
-0.053854 -0.073881 0.053592
0.031641 -0.051642 0.126871
-0.083748 0.008183 0.032639
0.001301 -0.053861 0.047292
-0.070544 0.063853 0.12199
0.06558 -0.017684 0.108826
-0.064993 -0.022291 0.075459
-0.063265 -0.03027 0.15037
-0.034646 0.083667 0.001421
0.005688 0.09767 0.000909
-0.042845 -0.050899 0.135349
-0.057388 0.070005 0.034718
-0.069293 -0.020759 0.148991
-0.01377 0.097904 0.11972
-0.070806 0.005328 -0.007281
-0.080769 0.042887 0.053782
-0.06706 0.068554 0.047516
-0.066675 -0.03028 0.063847
-0.080769 0.042887 0.091035
-0.021617 -0.058728 0.016973
0.02874 -0.046056 0.034718
0.015294 -0.057953 0.081724
-0.017636 0.097378 0.100827
-0.063985 -0.034117 0.124398
-0.06826 0.067016 0.039826
0.055849 -0.032256 0.042806
0.050509 0.075811 0.023909
-0.034523 0.092699 0.084946
0.016762 0.093979 0.14867
0.069609 0.030928 0.148991
-0.031359 -0.055883 0.010249
-0.029014 0.094672 0.000909
0.018997 0.094686 0.002512
0.041557 0.083336 0.132156
0.074012 0.023779 -0.006577
0.034723 -0.042096 0.075459
-0.053135 0.082148 0.030561
0.006885 0.092817 0.146215
0.058187 0.057854 0.141789
-0.077883 0.026966 0.023954
-0.039453 -0.054707 0.03712
-0.05292 -0.044117 0.089082
-0.03435 -0.054885 0.032474
-0.0788 0.048397 0.002512
-0.000135 0.098243 0.059171
-0.075397 0.005798 0.001421
-0.05448 -0.034406 0.089844
0.028106 -0.053291 0.137581
-0.060515 0.075779 0.10736
-0.063239 0.072986 0.068485
0.067271 0.052025 0.104335
0.068826 -0.010591 0.100827
-0.005985 0.098384 0.039826
0.021076 0.089081 0.146215
-0.064599 -0.063824 0.10088
-0.076657 0.035902 0.135456
-0.043628 -0.047441 -0.007075
0.011498 -0.058856 0.115556
0.009541 0.097052 0.081724
-0.068288 -0.05092 0.044137
-0.059069 -0.039349 -0.004903
-0.043398 -0.015137 -0.001799
-0.044744 -0.042246 0.1162
-0.048352 0.085519 0.10736
0.017174 -0.057433 0.065263
-0.080143 -0.006976 0.084946
0.054545 0.071574 0.113674
-0.083418 0.029533 -0.006577
0.049129 -0.039318 0.100827
0.01525 0.095772 0.117573
-0.071627 0.062231 0.019287
-0.083714 0.008187 -0.006162
-0.06596 -0.056089 0.047064
-0.009839 -0.060436 0.014682
0.068623 0.016213 0.135456
-0.081843 -0.001377 0.041335
0.010205 -0.052776 0.009066
0.005733 -0.059858 0.038223
-0.023633 -0.058221 0.023908
-0.011248 -0.054053 0.126964
0.022687 0.093418 0.056371
-0.019558 0.097044 0.102668
-0.084326 0.023755 0.065263
-0.025652 -0.057656 0.019287
0.071349 0.041064 0.004258
-0.030849 -0.055201 0.146972
0.001811 0.0981 0.04429
0.072345 0.037291 0.117573
0.01713 0.095252 0.117573
-0.042318 0.054725 -0.007284
0.050509 0.075811 0.059171
-0.051015 0.07352 0.001421
0.044664 0.080976 0.034619
-0.068995 0.062791 0.149955
0.073154 0.033475 0.093833
0.070796 -0.005081 0.036486
0.043086 -0.041084 -0.007075
0.035058 -0.04976 0.006141
-0.075615 0.037497 0.047292
0.071695 0.025529 0.150607
-0.067408 -0.029845 0.023914
-0.08211 -0.062449 0.111563
-0.084468 0.019856 -0.001864
-0.069159 0.065259 0.142678
0.073781 0.008228 0.088061
-0.02936 0.089686 0.146215
-0.041614 0.089449 0.068485
0.002116 0.084146 -0.001396
0.041595 -0.045505 0.105881
-0.083985 0.01012 0.132156
-0.067433 -0.029752 0.137559
0.072355 0.000559 -0.004042
0.067028 0.007337 0.1162
-0.075374 0.037434 0.075459
-0.060515 0.075779 0.034619
0.02446 0.02365 -0.001798
-0.054429 0.003663 -0.007284
-0.052561 -0.072943 0.119503
-0.021849 0.089817 0.061074
-0.023375 0.096234 -0.000551
-0.057657 0.078435 -0.000551
-0.003385 -0.036319 -0.001799
-0.052707 0.068174 -0.007281
-0.063796 -0.069394 0.088524
0.036524 0.086307 -0.006577
-0.051423 -0.045378 0.064539
0.074019 0.010165 0.016973
-0.054673 0.080948 0.045843
-0.048352 0.085519 0.034619
0.057086 -0.030747 0.068485
-0.028777 -0.050316 0.034718
0.051889 0.074432 0.12199
-0.051479 -0.045454 0.140525
0.03491 0.080267 0.034718
-0.011788 -0.06029 0.014682
-0.072968 -0.008306 0.126964
-0.027167 -0.057395 0.110821
-0.065822 0.070062 0.108826
0.06729 -0.014177 0.105881
0.036268 -0.041191 0.061074
0.043126 0.082176 0.068485
0.055849 -0.032256 0.100827
0.065401 0.000373 0.075459
-0.041264 -0.056089 0.116399
-0.039511 0.067464 -0.007284
-0.034515 0.09268 0.134879
0.058788 -0.016174 0.103626
-0.046239 0.085809 -0.006875
-0.079486 -0.008813 0.021605
-0.077023 0.041702 0.148991
-0.056181 0.07971 0.113674
0.058226 0.037518 -0.007281
-0.054322 -0.042727 0.055169
0.011498 -0.058856 0.000909
0.02631 0.09197 0.10736
-0.045415 0.044726 -0.001799
0.061473 -0.015554 0.146215
-0.084183 0.0257 0.124375
0.036692 0.086587 0.05144
0.051889 0.074432 -0.003028
0.02085 0.094074 0.036486
-0.078059 0.025175 0.023954
0.073781 0.008228 0.042806
-0.027089 -0.057455 0.046309
-0.081695 0.039098 0.1402
0.003797 -0.060097 0.004258
-0.074037 0.044547 0.135456
-0.07267 0.060582 0.108826
-0.060136 -0.037516 0.082814
0.003128 -0.054073 0.015454
0.072355 0.000559 0.012434
0.0316 0.08947 0.110332
-0.032837 -0.0247 -0.007284
-0.083992 0.027642 0.056371
0.064551 -0.003104 0.1162
-0.019514 -0.059246 0.051152
0.051389 0.071304 0.150607
0.06808 -0.012393 0.016973
-0.056209 -0.045428 0.10741
0.049096 0.077155 0.088061
-0.062623 -0.036446 0.030709
-0.042548 -0.053059 0.026069
-0.048531 -0.047581 0.008101
0.020893 -0.056253 0.111934
0.035058 -0.04976 0.014682
0.053235 0.073019 0.071777
0.001856 -0.060289 0.062147
-0.074634 0.057211 0.129469
-0.063248 -0.025451 0.126964
-0.011784 -0.060293 0.098767
-0.019558 0.097044 -0.004903
-0.064932 -0.060935 0.103637
-0.005937 -0.060413 0.1402
-0.075494 -0.01767 0.101014
0.039955 -0.013561 -0.001798
-0.059103 0.077125 0.115556
-0.036841 -0.042694 -0.00044
-0.063239 0.072986 0.036486
0.013402 -0.058428 0.006141
0.01864 -0.055603 0.14867
0.061654 -0.024424 0.115556
-0.044321 0.047317 -0.007284
-0.07998 -0.059307 0.052764
-0.019655 0.088928 -0.007258
0.071882 -0.001333 0.039826
0.047554 0.070199 0.015454
-0.027147 0.095239 0.036486
-0.069421 0.065448 0.004258
-0.054327 -0.043832 0.133849
-0.066487 -0.042586 0.117249
0.059347 -0.016481 0.015454
0.067768 -0.008117 0.149955
0.063677 0.058948 0.049364
-0.057534 -0.040723 0.000909
0.028135 -0.053355 0.062147
0.072936 0.031464 0.144956
0.052208 -0.002589 -0.001748
0.063398 0.058785 0.142678
-0.015661 -0.059864 0.098842
-0.007935 0.098336 0.049364
0.010539 -0.05433 0.146215
0.072782 0.002463 0.068485
-0.072696 0.047905 0.135456
-0.051034 -0.06301 0.112484
0.066996 -0.014043 0.142678
-0.017719 0.087463 -0.00044
0.02273 -0.055596 0.004258
-0.047034 -0.0457 -0.007075
0.042556 0.081445 -0.006875
-0.079062 0.014331 0.141789
-0.009838 -0.060436 0.088062
-0.053975 -0.075181 0.053167
0.043132 0.07912 -0.007075
-0.069888 -0.058346 0.106408
0.065559 0.05553 0.049364
0.046207 -0.041903 0.014682
0.02631 0.09197 0.034619
-0.052849 -0.060892 0.024273
-0.069391 -0.027681 -0.004042
-0.069751 -0.003688 -0.007281
0.033321 0.088551 0.05144
-0.06137 -0.035927 0.059909
0.005688 0.09767 0.039826
0.010405 -0.0537 0.141789
-0.028916 -0.056916 0.045947
-0.079501 0.046577 0.104335
0.074495 0.019901 0.041335
-0.01377 0.097904 0.098756
-0.082746 0.002418 0.02618
-0.061894 0.074399 0.019287
-0.013584 -0.058783 0.14867
0.064639 0.057251 0.124375
-0.072422 -0.022967 0.030537
0.062941 0.028425 -0.007281
0.070796 -0.005081 0.065263
-0.072098 -0.065471 0.122531
0.074206 0.025746 0.068485
-0.003997 0.091213 -0.007258
-0.029014 0.094672 0.039826
-0.07723 -0.014229 0.02618
-0.000135 0.098243 0.05144
-0.009883 0.09824 0.041335
-0.049324 -0.054582 0.126068
0.07017 0.044783 0.104335
-0.041614 0.089449 0.036486
0.025304 0.085086 0.103626
-0.084179 0.012061 -0.005609
-0.070015 0.05467 0.141789
0.060571 -0.026047 0.056371
-0.015661 -0.059864 0.059101
-0.075135 -0.009173 0.148991
0.039413 -0.0458 -0.006875
-0.055134 0.072856 0.135456
0.053266 -0.035179 0.016973
-0.079486 -0.008813 0.010248
-0.080769 0.042887 0.078432
-0.048253 -0.047651 0.092277
-0.015667 -0.05968 0.1402
-0.034481 -0.05491 0.078906
-0.061286 -0.036357 0.111764
0.020893 -0.056253 0.030561
0.073781 0.008228 0.100827
0.041039 0.082619 -0.006875
-0.082318 0.000515 0.12199
-0.071627 0.062231 0.042806
-0.040717 -0.052327 0.125314
0.005733 -0.059858 0.105881
-0.039475 0.081451 0.001421
-0.053135 0.082148 0.110332
-0.064111 -0.042008 0.124282
0.001856 -0.060289 0.04429
0.068291 0.048232 0.144956
0.046444 0.001226 -0.001799
0.070782 0.04293 0.010248
0.01704 0.094941 0.142678
-0.033644 -0.048004 0.075459
-0.07453 -0.059234 0.030824
-0.039871 0.090326 -0.005609
0.058286 -0.029209 -0.004903
0.073775 0.029623 0.093833
0.062697 -0.022776 0.023909
0.057464 -0.019553 0.023954
-0.045031 0.087567 0.084946
-0.00789 -0.060531 0.056371
0.074353 0.014052 0.021605
0.029898 -0.05252 0.124375
-0.074793 0.03911 0.004489
-0.084161 0.023745 0.1402
-0.063857 -0.062333 0.02527
0.057915 -0.000738 -0.007281
0.057058 0.068589 -0.001864
0.049262 0.053436 -0.007284
-0.074559 -0.019378 0.106119
-0.073097 -0.006436 -0.007258
0.050509 0.075811 0.05144
0.066299 -0.001747 0.141789
-0.04031 0.042327 -0.007284
-0.021427 -0.058866 0.048916
0.015294 -0.057953 0.10736
-0.064187 -0.033302 0.071215
-0.032214 0.078911 -0.007281
0.02085 0.094074 0.065263
0.072342 0.037291 0.132156
-0.01377 0.097904 0.028403
-0.084419 0.015955 0.030561
0.032649 -0.014357 -0.007284
0.028135 -0.053355 0.04429
0.069512 0.046619 0.081724
0.069528 -0.00877 0.062147
0.04989 0.075175 0.146973
-0.06415 -0.033249 0.067353
0.054545 0.071574 0.093833
0.05582 0.070097 0.126871
-0.058772 -0.040706 0.023015
-0.012988 -0.053442 0.075459
-0.023633 -0.05822 0.126871
-0.067032 -0.019353 0.061074
-0.083135 0.03343 -0.000551
-0.065906 0.058528 0.004489
-0.061089 -0.071868 0.077527
0.070794 -0.00508 0.132156
0.023671 0.085809 0.103626
-0.063239 0.072986 0.065263
0.056124 -0.020829 0.061074
0.009541 0.097052 0.10736
0.009585 -0.059237 0.110332
0.027067 -0.046723 0.047292
-0.078034 -0.012433 0.107367
-0.075052 0.03374 0.001421
-0.077254 0.03051 0.034718
-0.067999 -0.028917 0.075112
-0.04498 -0.049767 0.067736
-0.034523 0.092699 0.105881
-0.048261 -0.047663 0.089136
-0.034879 -0.054552 0.028392
-0.078746 0.038321 0.15037
-0.027147 0.095239 0.065263
0.072345 0.037291 0.11972
-0.068875 -0.016284 0.1162
0.020808 0.015407 -0.007284
-0.078783 -0.010633 0.042805
0.050909 -0.032992 0.15037
-0.068321 0.007759 -0.007284
-0.064074 0.061586 0.061074
-0.075532 -0.017724 -0.004042
0.062697 -0.022776 0.059171
0.036731 -0.048757 0.096418
0.051921 -0.036593 0.075105
0.073495 0.006298 0.093833
-0.044992 -0.049783 -0.004903
0.007522 -0.058696 -0.006875
-0.079486 -0.008813 0.047516
-0.067031 0.06853 -0.006162
-0.030785 -0.045465 -0.00044
-0.046704 0.086563 0.021605
0.074446 0.021852 -0.005609
0.011498 -0.058856 0.039826
0.036692 0.086587 -0.000551
0.072355 0.000559 0.008144
0.007618 0.097385 0.023909
-0.080143 -0.006976 0.105881
0.055849 -0.032256 0.016973
0.037741 0.08122 0.148991
0.070782 0.04293 0.047516
-0.082755 0.035344 0.010248
-0.009838 -0.060436 0.100828
-0.071627 0.062231 0.100827
0.0637 -0.021102 0.049364
-0.074708 0.044856 -0.007196
-0.035484 -0.054225 0.126809
-0.070768 0.06169 -0.006875
-0.084303 0.019854 0.1402
-0.041614 0.089449 0.065263
-0.004012 -0.0587 0.149955
-0.031582 0.090389 0.15037
0.068062 0.050242 0.113674
0.065747 0.049248 0.150607
0.034489 0.076386 -0.00044
-0.027479 -0.056983 0.140199
-0.075421 -0.055662 0.0361
-0.076407 -0.015983 -0.000551
0.043126 0.082176 0.056371
-0.068204 -0.029265 -0.001864
0.009541 0.097052 0.034619
-0.069715 0.027675 -0.007281
-0.084421 0.021806 -0.005609
0.074019 0.010165 0.032639
0.034722 -0.042096 0.103626
-0.065861 0.054358 -0.007258
-0.030825 -0.056271 0.060749
-0.005939 -0.060579 0.129469
0.027003 -0.046593 0.061074
0.069528 -0.00877 0.04429
0.00804 0.068547 -0.001799
0.0316 0.08947 -0.003028
0.060065 -0.003455 -0.00044
-0.029662 -0.056386 0.016975
0.066455 0.043504 0.148991
-0.066512 -0.042461 0.123446
-0.066251 0.046943 -0.001396
0.022687 0.093418 0.111934
0.07435 0.0238 0.093833
-0.030968 0.0173 -0.007284
0.044664 0.080976 0.019287
-0.071327 -0.048864 0.034614
-0.046674 -0.048774 -0.003028
-0.043334 0.088529 0.126871
0.033321 0.088551 -0.000551
0.007618 0.097385 0.059171
-0.058408 -0.07774 0.117534
-0.061894 0.074399 0.042806
-0.046098 0.070059 -0.001396
-0.013401 0.060443 -0.007284
-0.054478 -0.043285 0.006135
-0.070796 -0.083 0.066972
-0.060515 0.075779 0.019287
0.06808 -0.012393 0.032639
-0.000135 0.098243 -0.000551
0.01269 0.070334 -0.001799
-0.084051 -0.066515 0.072781
-0.026251 0.092151 0.15037
-0.07438 0.040865 0.075459
-0.034695 0.045157 -0.007284
0.039963 0.084461 0.108826
0.035058 -0.04976 0.084946
-0.023515 -0.058117 0.1402
0.04765 0.078465 0.12199
-0.048352 0.085519 0.019287
0.004783 0.090986 0.089844
-0.060457 -0.037741 0.01868
-0.055648 -0.043169 0.130367
0.06881 0.048439 0.108826
-0.033666 -0.055379 0.041092
0.053368 0.063329 0.023954
-0.054673 0.080948 0.034619
-0.084468 0.017905 0.075105
0.074014 0.027687 -0.001864
0.072782 0.002463 0.056371
-0.083127 0.004331 0.038223
-0.082755 0.035344 0.047516
-0.032703 0.093402 -0.001864
0.017174 -0.057433 0.030561
-0.046704 0.086563 0.010248
-0.061239 -0.01758 -0.001396
0.01532 -0.002943 -0.001798
-0.082746 0.002418 0.045843
0.041559 0.083338 -0.004042
0.063374 0.044336 0.1162
-0.002312 0.092079 0.126964
-0.069035 -0.027167 0.054617
-0.049799 -0.046458 0.049429
-0.053135 0.082148 0.12199
-0.065733 -0.081476 0.050736
-0.011829 0.098096 0.02618
0.001856 -0.060289 0.108826
-0.084326 0.023755 0.030561
0.071362 -0.003214 0.093833
0.074206 0.025746 0.056371
-0.070544 0.063853 0.059171
0.07421 0.012106 0.096418
0.063977 0.04265 0.1162
0.046207 -0.041903 0.084946
0.053235 0.073019 0.117573
0.04388 0.042771 -0.001798
-0.024431 -0.054837 0.15037
-0.041741 -0.05156 0.13026
0.029858 0.090347 0.016973
-0.055597 -0.075841 0.045094
0.07187 0.039184 0.075105
-0.03618 0.086956 0.146215
-0.083992 0.027642 0.111934
-0.030176 0.091974 -0.007075
-0.047355 0.080621 0.146215
0.063677 0.058948 0.002512
-0.080158 0.04474 0.071777
0.059421 0.065485 0.093833
-0.059103 0.077125 0.117573
0.023875 0.086277 0.009066
-0.004034 0.098385 0.113674
-0.053135 0.082148 -0.003028
-0.047696 -0.040222 0.1162
-0.057575 -0.041072 0.02209
-0.051301 -0.070917 0.122231
0.028135 -0.053355 0.108826
-0.030866 0.09406 0.113674
0.061654 -0.024424 0.117573
-0.011784 -0.060293 0.084952
0.066077 0.002048 0.047292
-0.009838 -0.060436 0.041335
-0.067969 0.010074 -0.001748
0.055 0.066975 -0.007075
0.071349 0.041064 0.124375
-0.06337 -0.035556 0.035732
0.041559 0.083338 0.012434
-0.064335 -0.04305 0.042487
-0.034226 -0.034745 -0.001748
0.053266 -0.035179 0.032639
0.02455 -0.054893 0.115556
0.060457 -0.021427 -0.007075
-0.054177 -0.043504 0.015821
-0.083754 0.029578 0.062147
0.02455 -0.054893 0.071777
-0.038618 -0.054371 0.115491
-0.061894 0.074399 0.100827
0.039214 0.083368 0.14867
-0.029238 0.076303 -0.001748
-0.019633 -0.059159 0.026179
0.062697 -0.022776 0.05144
0.051889 0.074432 0.023909
0.02631 0.09197 0.019287
-0.049974 0.084435 -0.005609
0.060545 0.063891 0.000909
0.036008 -0.044172 -0.007196
-0.083135 0.03343 0.11972
-0.065232 -0.032107 0.040618
0.070796 -0.005081 0.111934
-0.06036 -0.082134 0.090609
0.013402 -0.058428 0.104335
-0.007332 -0.045282 -0.001748
-0.074897 -0.003266 0.023954
-0.023375 0.096234 0.098756
-0.057657 0.078435 0.098756
0.019041 -0.056866 0.096418
-0.081047 -0.071316 0.110366
-0.043381 -0.043447 0.126964
-0.036325 0.091952 0.049364
0.066487 -0.009656 0.150607
-0.051469 0.016034 -0.001799
0.018997 0.094686 0.129469
-0.046704 0.086563 0.047516
-0.050879 -0.061895 0.025568
0.044664 0.080976 0.088061
0.009585 -0.059237 -0.003028
-0.046037 -0.064083 0.040479
-0.083468 0.031508 0.002512
-0.0788 0.048397 0.129469
0.060226 -0.016901 -0.007196
0.069512 0.046619 0.10736
0.069006 -0.004514 0.149955
-0.023337 0.096073 0.1402
-0.058755 0.073976 0.150607
-0.075814 0.047204 0.15037
-0.010311 -0.020384 -0.007284
-0.045031 0.087567 0.105881
-0.075553 0.05549 0.096418
0.060571 -0.026047 0.111934
0.054575 -0.033733 0.075105
-0.018862 0.071487 -0.001799
0.013225 0.077225 -0.001748
-0.084183 0.0257 -0.004042
-0.058825 -0.060368 0.126059
-0.07754 0.04998 0.144956
-0.014954 -0.054641 0.141789
0.073106 0.025662 -0.006875
-0.024681 -0.043701 -0.001396
-0.048352 0.085519 0.088061
-0.038323 0.045077 -0.007284
-0.039957 -0.052686 0.123906
-0.039709 -0.053793 0.120707
0.046207 -0.041903 0.038223
-0.006083 -0.04968 -0.007281
-0.025233 -0.057958 0.043594
-0.044865 -0.058213 0.124415
0.003797 -0.060097 0.124375
0.039167 -0.039094 0.061074
0.051889 0.074432 0.059171
-0.069094 -0.047236 0.031015
-0.032016 0.086437 0.089844
0.007659 0.084908 -0.007281
-0.058974 -0.043416 0.126517
-0.078783 -0.010633 0.110333
0.047684 -0.040629 0.049364
-0.004097 0.093114 0.141789
-0.036304 -0.054433 0.04259
-0.054242 -0.042648 0.04783
-0.019558 0.097044 0.036486
0.014176 -0.04039 -0.001748
0.044664 0.080976 0.042806
0.038379 -0.047713 0.05144
-0.072932 -0.000949 -0.007258
-0.025267 0.09576 0.068485
0.041595 -0.045505 0.02618
-0.040276 -0.055642 0.119947
-0.06568 -0.060382 0.125543
-0.023375 0.096234 0.028403
-0.057657 0.078435 0.028403
-0.004055 -0.055307 0.141789
0.007618 0.097385 0.05144
0.060946 0.031082 -0.001396
-0.050457 0.075683 0.089844
-0.02358 -0.051726 0.047292
-0.083125 0.004332 0.132156
0.049748 0.027726 -0.001798
0.070263 -0.004912 0.144956
-0.020032 -0.052266 0.089844
-0.060515 0.075779 0.042806
-0.011784 -0.060293 -0.000551
0.074353 0.014052 0.053782
0.04974 -0.029461 0.047292
-0.077264 0.051983 0.096418
-0.069421 0.065448 0.124375
0.055849 -0.032256 0.032639
0.074353 0.014052 0.091035
0.070796 -0.005081 0.030561
-0.017061 0.079483 -0.007284
-0.012984 -0.053398 0.089844
-0.084183 0.0257 0.012434
0.003752 0.097909 0.115556
-0.083748 0.008183 0.084946
-0.042011 -0.048466 -0.007075
0.044536 0.072243 0.103626
-0.036585 -0.053946 0.004258
-0.0386 -0.054348 0.039324
-0.059356 -0.037373 0.106913
-0.0449 -0.042487 0.126964
0.038741 -0.028141 -0.001748
-0.063531 -0.035432 0.039081
-0.038108 0.091161 0.049364
-0.051385 -0.045325 0.058245
0.051921 -0.036593 0.124375
-0.048352 0.085519 0.042806
-0.054643 0.072327 0.1162
0.02273 -0.055596 0.124375
-0.028528 -0.055 0.149955
-0.041744 -0.044208 0.047292
0.066437 0.053788 0.062147
-9e-05 -0.060433 0.04429
-0.007935 0.098336 -0.004042
0.069864 -0.006823 -0.006577
-0.009839 -0.060433 0.132156
0.031232 -0.050855 0.146973
-0.063528 0.01529 -0.007284
0.040459 0.081816 0.149955
-0.041277 -0.03662 -0.001396
-0.070616 0.012978 -0.007281
-0.07639 -0.015992 0.034609
-0.084323 0.014006 0.006141
-0.000205 -0.058559 0.149955
-0.042268 -0.057471 0.117337
-0.037832 -0.044522 0.001421
-0.051569 0.083311 0.11972
0.066653 0.028778 -0.007258
-0.048283 -0.04766 0.103389
-0.058498 0.076475 0.146973
0.058259 0.067052 0.038223
-0.072028 0.019821 -0.001396
-0.061862 -0.036626 -0.004903
-0.003988 -0.060578 0.002512
0.05054 -0.037971 0.132156
-0.070517 0.061509 0.14867
-0.080756 -0.005124 0.04429
0.028174 -0.048989 0.148991
-0.041614 0.089449 0.111934
0.036235 -0.04442 0.148991
-0.058867 -0.066422 0.02602
0.02085 0.094074 0.030561
-0.060853 -0.044112 0.023699
0.028564 0.083614 0.061074
0.050625 -0.030243 0.141789
-0.022426 -0.025787 -0.001799
-0.058612 -0.076972 0.041412
-0.067892 0.062035 0.15037
-0.044756 -0.062099 0.120886
-0.007935 0.098336 0.012434
0.020893 -0.056253 0.12199
-0.081483 0.010398 0.150607
0.009541 0.097052 0.019287
-0.06706 0.068554 0.041335
0.064639 0.057251 0.012434
-0.038574 0.083595 0.061074
0.029898 -0.05252 -0.004042
0.058286 -0.029209 0.036486
0.067271 0.052025 -0.005609
-0.003997 -0.060277 -0.006577
0.043126 0.082176 0.111934
0.040479 0.073158 -0.007258
-0.056277 -0.077743 0.112272
0.041559 0.083338 0.008144
0.044664 0.080976 0.100827
0.022915 -0.050958 -0.007196
-0.011829 0.098096 0.045843
-0.049076 0.052372 -0.007284
-0.063239 0.072986 0.030561
0.040001 -0.046628 -0.001864
-0.062289 -0.035896 0.012383
0.0447 -0.043141 0.113674
-0.065311 -0.032239 0.039637
0.005688 0.09767 0.047516
-0.021427 -0.058866 0.075105
0.003752 0.097909 0.000909
0.070185 -0.006933 0.113674
-0.064985 0.069344 -0.006875
-0.080087 0.02721 0.148991
-0.027147 0.095239 0.030561
-0.084179 0.012061 0.021605
-0.021428 -0.058865 0.047096
0.051793 0.064373 0.089844
-0.060515 0.075779 0.100827
0.02631 0.09197 0.042806
0.062697 -0.022776 -0.000551
0.033161 0.088266 -0.006577
0.053235 0.073019 0.11972
-0.075496 -0.017673 0.102844
0.022687 0.093418 0.110332
0.029734 0.090101 -0.006577
-0.032086 -0.048918 0.047292
-0.084323 0.014006 0.014682
-0.084419 0.015955 0.12199
0.035058 -0.04976 0.105881
-0.083748 0.008183 0.038223
0.066183 0.003858 0.089844
0.060545 0.063891 0.039826
-0.019558 0.097044 0.065263
-0.083135 0.03343 0.098756
-0.041356 0.088953 0.144956
0.066437 0.053788 0.04429
-0.020973 -0.048498 -0.007281
-0.043316 -0.060141 0.037838
-0.048352 0.085519 0.100827
-0.081459 0.03507 0.14867
0.057086 -0.030748 0.010248
-0.084468 0.017905 0.124375
-0.061858 -0.036381 0.13211
-0.061894 0.074399 0.016973
-0.074605 -0.003174 0.047292
0.058371 0.04084 -0.001396
0.065166 0.037415 0.004489
-0.063737 0.028829 -0.007284
0.029898 -0.05252 0.012434
-0.057537 -0.041029 0.108265
0.029858 0.090347 0.032639
-0.023331 -0.058439 0.097088
-0.039871 0.090326 0.021605
0.060545 0.063891 0.117573
0.059235 -0.027488 -0.006577
0.066765 0.037837 -0.007196
0.005733 -0.059858 0.02618
0.070485 -0.004979 -0.006577
0.066341 0.001986 0.009066
-0.084468 0.019856 0.071777
0.026548 0.076764 -0.007281
-0.07349 -0.050516 0.119541
-0.054673 0.080948 0.019287
-0.052949 0.017913 -0.001799
-0.077238 -0.01421 0.105911
-0.041614 0.089449 0.030561
0.031641 -0.051642 0.113674
-0.081855 0.03914 0.075105
0.0316 0.08947 0.023909
0.036692 0.086587 0.098756
-0.083754 0.029578 0.006141
0.046207 -0.041903 0.105881
-0.04583 -0.043773 -0.007196
0.072782 0.002463 0.111934
-0.035322 -0.047376 0.061074
-0.074115 0.048573 -0.007196
0.040495 -0.043983 0.149955
0.07187 0.039184 0.124375
-0.053852 -0.052111 0.107248
-0.040808 -0.018428 -0.007284
-0.045976 -0.049276 0.135763
0.051889 0.074432 0.05144
-0.025223 -0.057966 0.099732
-0.067058 0.068552 0.132156
-0.08216 0.031298 0.14867
0.057517 0.057442 0.015454
-0.065294 -0.0326 0.037335
-0.065995 -0.065255 0.026649
0.022687 0.093418 -0.001864
0.065771 -0.00349 0.141789
-0.017636 0.097378 0.006141
-0.046379 -0.064644 0.039108
-0.070542 -0.073307 0.119511
0.042141 0.074945 0.126964
0.038379 -0.047713 -0.000551
0.038145 0.081809 0.15037
0.059448 -0.027642 -0.001864
0.074206 0.025746 0.111934
0.039161 0.076962 0.1162
0.01713 0.095249 0.132156
-0.083135 0.03343 0.028403
0.063197 -0.008342 0.015454
0.0637 -0.021102 -0.004042
0.007618 0.097385 -0.000551
-0.052816 -0.059091 0.125996
-0.080158 0.04474 0.117573
-0.071331 -0.077079 0.113175
-0.029832 -0.053188 0.15037
-0.083992 0.027642 0.110332
-0.017592 -0.059578 0.045705
-0.048539 0.079218 -0.007196
0.066457 -0.015941 0.115556
0.068826 -0.010591 0.006141
-0.044996 -0.049756 0.098596
-0.084183 0.0257 0.008144
-0.066739 -0.068576 0.123623
0.028094 0.09118 0.126871
-0.064254 -0.032358 0.105806
-0.034523 0.092699 0.02618
-0.021842 -0.052161 0.047292
-0.074367 -0.003098 0.103626
0.074446 0.021852 0.021605
0.02631 0.09197 0.100827
-0.081843 -0.001377 0.108826
-0.018123 0.090017 -0.007258
-0.023477 -0.058333 0.008144
0.049129 -0.039318 0.006141
0.0316 0.08947 0.059171
0.072702 0.01031 0.14867
0.058286 -0.029209 0.065263
0.049096 0.077155 0.062147
0.068932 -0.006503 0.14867
0.02455 -0.054893 0.117573
0.033321 0.088551 0.098756
0.070428 0.023558 0.148991
0.070638 -0.005031 0.1402
-0.063133 -0.035267 -0.000551
-0.041573 -0.051663 -0.005609
0.036692 0.086587 0.028403
0.041595 -0.045505 0.045843
0.04765 0.078465 0.023909
-0.072422 -0.022967 0.119745
-9e-05 -0.060433 0.108826
-0.023375 0.096234 0.102668
-0.025267 0.09576 0.056371
-0.049917 -0.046626 -0.006162
-0.057657 0.078435 0.102668
0.028094 0.09118 0.038223
-0.049135 -0.039156 0.1162
0.070796 -0.005081 0.110332
-0.071627 0.062231 0.032639
0.022005 0.086453 0.089844
0.074353 0.014052 0.078432
-0.009838 -0.060436 0.065262
-0.063506 -0.035343 0.116983
-0.081335 0.04102 0.049364
0.071838 0.014206 0.150607
0.071095 0.008592 -0.007075
0.015294 -0.057953 0.042806
0.054575 -0.033733 0.124375
-0.002038 -0.06053 0.006141
0.06558 -0.017684 0.115556
-0.039871 0.090326 0.010248
-0.017636 0.097378 0.014682
0.059839 -0.025545 0.146973
-0.084421 0.021806 0.021605
-0.040397 -0.054375 0.121368
-0.048023 -0.009063 -0.001799
0.06729 -0.014177 0.045843
-0.072063 -0.052593 0.124903
-0.000332 -0.056511 0.148991
-0.053135 0.082148 0.023909
-0.079501 0.046577 -0.005609
0.066146 0.053646 0.142678
-0.063558 -0.034162 0.040062
-0.080756 -0.005124 0.108826
-0.038741 0.083909 0.009066
-0.057203 -0.040066 0.057376
-0.041537 0.089302 0.1402
0.025162 0.03012 -0.007284
-0.07251 -0.022622 0.091675
0.036731 -0.048757 0.016973
-0.026375 0.076393 -0.001798
-0.007935 0.098336 0.008144
0.068826 -0.010591 0.014682
-0.036071 -0.054501 0.038613
0.064639 0.057251 0.008144
-0.077236 -0.014206 0.098798
-0.059468 -0.038116 0.109584
0.060571 -0.026047 0.110332
0.009541 0.097052 0.042806
-0.059635 -0.047124 0.044967
0.07017 0.044783 -0.005609
0.017174 -0.057433 0.12199
-0.040834 -0.056306 0.041068
-0.073766 -0.00478 0.089844
0.049129 -0.039318 0.014682
-0.002084 0.098338 0.093833
0.04765 0.078465 0.059171
0.033321 0.088551 0.028403
-0.054673 0.080948 0.088061
-0.022963 0.073285 -0.001799
-0.077245 -0.014218 -0.004903
0.066457 -0.015941 0.000909
-0.07707 0.028672 0.089844
0.069512 0.046619 0.096418
0.056393 -0.030193 0.146973
-0.084326 0.023755 0.12199
0.074207 0.012106 0.132156
-0.00546 0.086107 -0.007281
-0.058268 -0.030621 0.089844
-0.066768 -0.064291 0.124851
-0.019622 -0.059168 0.014682
-0.01377 0.097904 0.068485
-0.083748 0.008183 0.105881
-0.021472 0.096662 0.049364
-0.058706 -0.031029 0.023954
-0.000135 0.098243 0.028403
-0.082746 0.002418 0.091035
-0.046704 0.086563 0.078432
-0.074544 -0.019348 0.051113
0.010789 0.093526 0.15037
0.009585 -0.059237 0.023909
-0.013725 -0.060102 0.047483
-0.000135 0.098243 0.002512
-0.078174 0.017984 0.034718
0.071349 0.041064 -0.004042
0.062674 0.060621 0.115556
0.060933 -0.013247 0.023954
-0.053135 0.082148 0.059171
-0.026991 0.094702 0.144956
0.062674 0.060621 0.071777
0.064639 0.057251 0.126871
0.029898 -0.05252 0.008144
0.057058 0.068589 0.071777
-0.016185 -0.028311 -0.007284
0.003752 0.097909 0.117573
-0.023375 0.096234 -0.004903
-0.057657 0.078435 -0.004903
-0.056218 0.021994 -0.001799
0.034114 0.03526 -0.007284
-0.067322 -0.028553 -0.006875
0.022077 0.086634 0.1162
0.038049 0.046869 -0.001799
0.060571 -0.026047 -0.001864
0.049107 -0.039294 -0.006162
0.007663 -0.059572 0.093833
0.06558 -0.017684 0.000909
-0.039871 0.090326 0.047516
-0.07434 0.050645 0.15037
-0.064483 -0.037995 0.04067
-0.030782 0.022399 -0.007284
-0.054673 0.080948 0.042806
-0.048239 -0.047628 0.097767
0.004901 -0.053722 0.009066
-0.056181 0.07971 0.096418
0.029889 -0.052501 0.134879
-0.054808 -0.034759 0.126964
-0.080649 -0.061088 0.051208
0.070185 -0.006933 0.093833
0.022687 0.093418 -0.003028
0.061629 0.062269 0.093833
-0.056483 -0.055936 0.046097
0.015294 -0.057953 0.100827
0.055849 -0.032256 0.014682
0.07421 0.012106 0.075105
-0.00717 -0.04085 -0.007284
-0.079792 0.018042 -0.007196
-0.021808 -0.052021 0.061074
0.044018 0.080193 -0.006875
0.047467 -0.032256 0.009066
0.074495 0.019901 0.108826
-0.065822 0.070062 0.115556
0.050509 0.075811 0.002512
0.051889 0.074432 -0.000551
-0.038197 -0.05328 0.000909
0.071349 0.041064 0.012434
-0.079442 0.006901 -0.007196
-0.000544 0.091553 0.103626
0.058029 -0.029014 0.142678
-0.00789 -0.060531 -0.001864
0.065293 -0.017535 0.142678
0.009585 -0.059237 0.059171
0.053335 0.000692 -0.001748
-0.047139 -0.031399 -0.001396
-0.009883 0.09824 0.108826
-0.022143 0.091293 -0.007196
0.009541 0.097052 0.100827
0.023355 -0.051908 0.15037
-0.060896 -0.021468 -0.00044
-0.07161 0.062219 0.134879
-0.01374 -0.060092 0.124376
-0.084323 0.014006 0.084946
-0.076433 0.032199 0.004489
-0.062558 -0.034609 -0.006875
0.005733 -0.059858 0.081724
-0.04329 -0.050741 0.060553
0.023713 0.085907 0.061074
0.051324 0.053623 -0.007284
0.005733 -0.059858 0.045843
-0.043645 0.081602 0.135456
0.07403 0.014071 0.142678
0.015294 -0.050955 0.089844
-0.053663 0.068835 -0.00044
-0.07267 0.060582 0.115556
0.003797 -0.060097 -0.004042
0.006209 -0.037267 -0.001799
0.063677 0.058948 0.129469
-0.080769 0.042887 0.062147
-0.049974 0.084435 0.021605
-0.041627 -0.052546 0.043895
-0.061894 0.074399 0.032639
-0.027381 -0.052042 -0.007196
-0.07761 0.021557 -0.007258
-0.00216 0.096237 -0.007075
0.057086 -0.030747 0.110332
-0.025293 0.04075 -0.001798
-0.004065 -0.054516 0.015454
0.041927 -0.020241 -0.001748
-0.054637 -0.04317 -0.005609
0.073154 0.033475 0.004258
0.0316 0.08947 0.05144
0.043126 0.082176 0.110332
0.073781 0.008228 0.006141
0.042174 -0.031835 -0.007281
-0.041847 -0.053446 0.027504
-0.053643 0.073897 0.015454
-0.062654 -0.03433 0.111042
-0.06005 -0.057437 0.106315
0.003699 -0.059215 0.146973
-0.069421 0.065448 -0.004042
0.06808 -0.012393 0.084946
-0.083992 0.027642 -0.003028
-0.082897 0.02751 -0.006875
-0.080158 0.04474 0.11972
-0.01377 0.097904 0.036486
-0.058099 -0.041841 0.108929
0.02273 -0.055596 -0.004042
-0.073673 0.058908 0.12199
-0.075553 0.05549 0.075105
-0.081322 -0.003257 -0.001864
0.006621 -0.053105 0.1162
-0.034523 0.092699 0.045843
0.003797 -0.060097 0.012434
0.070796 -0.005081 0.12199
-0.049431 -0.039547 0.015454
-0.054673 0.080948 0.100827
-0.019578 -0.038911 -0.001798
-0.081855 0.03914 0.124375
0.073488 0.031553 0.039826
-0.084179 0.012061 0.053782
-0.045031 0.087567 0.02618
-0.084179 0.012061 0.091035
-0.01956 -0.059212 0.006141
-0.07239 -0.048413 0.122612
-0.083468 0.031508 0.129469
-0.057595 -0.040627 -0.006162
-0.026948 -0.05049 0.075459
0.011454 0.096672 0.010248
-0.065822 0.070062 0.000909
-0.070544 0.063853 0.049364
-0.084468 0.019856 0.117573
0.061218 -0.017511 0.148991
-0.023719 0.089894 0.015454
-0.043546 -0.050562 0.004258
0.010846 -0.034025 -0.001799
-0.069937 -0.06669 0.123256
0.036692 0.086587 0.102668
-0.065482 -0.031853 0.07125
0.049096 0.077155 0.006141
0.043126 0.082176 -0.001864
0.019041 -0.056866 0.016973
0.070796 -0.005081 -0.003028
0.043162 -0.044342 0.10736
-0.015208 0.082313 -0.001748
-0.069421 0.065448 0.012434
-0.054295 -0.043669 0.135942
0.073781 0.008228 0.014682
-0.019784 -0.030674 -0.007284
0.072782 0.002463 0.110332
-0.07267 0.060582 0.000909
0.04765 0.078465 0.05144
0.020893 -0.056253 0.023909
-0.070484 -0.056598 0.047935
-0.055908 -0.035968 0.146215
0.044674 -0.043109 -0.006162
-0.061209 -0.035813 0.110485
-0.080769 0.042887 0.04429
-0.050629 -0.054126 0.12626
0.04686 -0.034201 0.141789
0.074019 0.010165 0.038223
0.02273 -0.055596 0.012434
0.066457 -0.015941 0.039826
0.074014 0.027687 0.071777
-0.077264 0.051983 0.075105
0.015208 0.095611 0.1402
-0.032703 0.093402 0.071777
-0.075553 0.05549 0.016973
0.046194 -0.041887 0.134879
0.026386 0.083286 0.001421
-0.036286 -0.054169 0.06376
0.066554 0.019628 -0.007258
0.02085 0.094074 0.12199
0.028516 0.08352 0.075459
-0.051969 -0.046154 0.046439
-0.049974 0.084435 0.010248
0.032233 -0.048597 -0.007075
-0.025223 -0.057965 0.064744
-0.083754 0.029578 0.104335
0.074206 0.025746 0.110332
-0.080763 0.033027 -0.007075
0.060571 -0.026047 -0.003028
-0.019558 0.097044 0.030561
-0.009839 -0.060436 0.02618
-0.053135 0.082148 0.05144
-0.082755 0.035344 0.041335
-0.075798 -0.009438 0.15037
-0.025426 -0.057818 0.11566
-0.083745 0.008183 0.132156
0.053266 -0.035179 0.084946
0.001314 -0.054018 0.034718
0.01904 -0.056863 0.132156
-0.02317 0.095371 0.146973
-0.015315 0.06575 -0.001799
-0.084419 0.015955 0.023909
-0.017636 0.097378 0.084946
0.052827 0.004312 -0.001798
-0.028694 -0.050074 0.1162
0.046172 0.079739 0.041335
-0.017599 -0.059573 0.041256
-0.027671 -0.057036 0.023909
-0.083135 0.03343 -0.004903
-0.061604 0.068938 0.148991
-0.068125 -0.029024 0.11272
0.029397 -0.051493 -0.006875
-0.018928 -0.043875 -0.007284
-0.059752 0.060202 -0.007281
-0.063239 0.072986 0.12199
-0.053382 0.073603 0.047292
0.033321 0.088551 0.102668
-0.005864 -0.054285 0.034718
-0.083987 0.010119 0.115556
0.06808 -0.012393 0.038223
0.072773 0.035388 0.115556
-0.051568 0.083311 0.115556
-0.083987 0.010119 0.071777
0.036404 0.079269 0.034718
0.074448 0.016 0.041335
0.071274 0.037025 -0.006875
-0.060209 0.017302 -0.001799
-0.061789 -0.036678 -0.000551
-0.061735 -0.075473 0.120052
0.068826 -0.010591 0.084946
-0.051378 0.076833 0.141789
0.06558 -0.017684 0.039826
-0.081335 0.04102 0.002512
-0.027147 0.095239 0.12199
0.020893 -0.056253 0.059171
-0.05067 -0.025343 -0.001748
0.072355 0.000559 0.113674
-0.083738 -0.068874 0.105102
0.072782 0.002463 -0.001864
-0.00789 -0.060531 -0.003028
0.046127 0.079686 0.137581
0.011454 0.096672 0.047516
0.060414 0.050846 0.103626
-0.000135 0.098243 0.102668
0.05894 0.050126 0.001421
0.041595 -0.045505 0.034619
-0.072485 -0.022586 0.099541
-0.00901 0.084092 -0.001396
-0.043641 -0.050702 0.105473
-0.011829 0.098096 0.091035
0.049129 -0.039318 0.084946
0.074446 0.021852 0.053782
-0.06635 0.0588 0.034718
-0.053809 -0.006951 -0.001799
0.039731 -0.034098 -0.00044
-0.01303 0.091242 0.103626
-0.025374 -0.057856 0.113839
0.071349 0.041064 0.008144
-0.025267 0.09576 0.111934
-0.065547 0.060427 0.015454
0.040326 0.078493 0.146215
0.030107 -0.044814 0.089844
0.036692 0.086587 -0.004903
-0.078634 -0.057211 0.118902
0.073162 0.004376 0.041335
-0.00977 -0.059512 -0.006875
-0.017627 -0.059553 0.034602
-0.003988 -0.060578 0.129469
0.009585 -0.059237 0.05144
-0.050857 0.068254 -0.001396
-0.047395 0.041327 -0.001799
0.067271 0.052025 0.021605
-0.081122 -0.063227 0.07997
-0.080287 0.006765 0.15037
-0.07641 -0.015982 -0.004042
-0.01377 0.097904 0.065263
0.074206 0.025746 -0.001864
0.013402 -0.058428 -0.005609
-0.067355 -0.029896 0.13212
-0.011788 -0.06029 0.02618
0.05072 -0.027943 0.075459
0.015294 -0.057953 0.016973
0.068062 0.050242 0.096418
0.062588 0.045949 0.075459
-0.042535 -0.058222 0.035493
-0.00064 0.090391 0.001421
-0.084419 0.015955 0.059171
0.058284 -0.029208 0.132156
-0.081299 0.041009 -0.006162
-0.015668 -0.059859 0.110363
0.033361 -0.050722 0.004258
0.073775 0.029623 0.004258
-0.041614 0.089449 0.12199
-0.071627 0.062231 0.014682
-0.058394 -0.073493 0.071802
0.013353 0.096225 0.134879
0.013386 -0.05836 0.137581
0.00535 0.095174 0.150607
-0.084421 0.021806 0.053782
0.066483 -0.013808 0.146973
-0.077109 -0.012021 -0.006875
-0.002038 -0.06053 0.104335
-0.049974 0.084435 0.047516
-0.009191 -0.050702 -0.00044
-0.060515 0.075779 0.032639
0.050509 0.075811 0.102668
-0.078762 -0.069617 0.115535
-0.021472 0.096662 0.002512
0.062697 -0.022776 0.028403
-0.049934 0.084377 0.137581
-0.061259 0.07378 0.146973
0.038379 -0.047713 0.098756
0.0316 0.08947 -0.000551
0.062697 -0.022776 0.002512
-0.005985 0.098384 0.041335
-0.069698 0.052454 0.061074
0.030931 0.068626 -0.001798
0.072345 0.037291 0.068485
0.007618 0.097385 0.098756
-0.029316 -0.056252 0.142676
-0.048698 -0.059151 0.025268
0.058286 -0.029209 0.030561
0.035058 -0.04976 0.02618
0.050542 -0.037973 0.049364
-0.017495 0.096502 0.146973
-0.013725 -0.060102 0.098793
-0.032714 -0.054517 0.146972
-0.02932 -0.056627 0.008144
