7533
0.192 -0.061 0.136
0.216 0.019 0.227
-0.199 0.024 0.063
0.211 0.022 0.176
-0.233 -0.007 0.263
0.187 -0.063 0.11
-0.232 0.024 0.262
0.204 -0.055 0.128
0.193 -0.06 0.112
-0.23 0.014 0.262
-0.158 0.067 0.244
-0.2 -0.027 0.073
-0.158 0.067 0.119
0.03 0.053 0.126
0.174 -0.066 0.11
0.195 -0.06 0.118
0.212 0.031 0.078
0.139 0.043 0.06
0.213 0.022 0.216
-0.122 0.031 0.134
0.117 0.032 0.131
-0.107 -0.001 0.126
0.157 0.026 0.265
-0.174 0.082 0.041
0.182 -0.044 0.143
0.207 -0.053 0.121
-0.174 0.013 0.063
-0.192 0.024 0.065
0.219 -0.034 0.269
0.197 -0.055 0.141
0.241 0.013 0.225
-0.074 -0.068 0.063
-0.103 -0.029 0.056
0.182 -0.063 0.21
-0.216 0.042 0.085
0.065 0.06 0.263
-0.083 0.112 0.269
0.17 -0.069 0.127
0.118 0.035 0.055
0.201 -0.056 0.132
-0.105 0.066 0.06
0.158 0.1 0.063
0.201 -0.054 0.269
0.175 -0.057 0.078
-0.19 0.013 0.273
-0.179 -0.027 0.063
0.133 0.001 0.126
-0.167 0.043 0.119
0.21 0.012 0.066
-0.12 0.111 0.269
0.198 -0.058 0.109
0.199 -0.058 0.119
0.152 -0.025 0.263
0.178 -0.067 0.117
-0.003 0.025 0.266
0.222 0.074 0.26
0.031 0.014 0.263
0.186 -0.062 0.219
0.187 -0.062 0.104
0.161 0.101 0.141
-0.085 0.038 0.125
0.169 -0.068 0.121
0.113 0.012 0.117
0.075 0.012 0.119
0.075 0.012 0.244
0.183 -0.065 0.139
0.188 -0.063 0.123
0.2 0.091 0.263
-0.198 0.055 0.068
-0.041 0.059 0.107
0.194 -0.056 0.142
0.18 -0.063 0.141
0.194 -0.053 0.165
-0.16 0.035 0.06
0.025 0.006 0.134
0.185 -0.064 0.111
0.191 -0.061 0.113
-0.085 0.035 0.127
0.198 -0.055 0.105
0.184 -0.063 0.141
0.152 0.005 0.108
0.098 0.006 0.263
0.015 -0.023 0.263
0.181 -0.057 0.162
-0.117 0.031 0.117
0.183 -0.065 0.109
-0.191 0.058 0.039
-0.101 0.066 0.055
-0.133 -0.001 0.126
0.196 -0.059 0.135
0.136 0.061 0.107
0.17 -0.068 0.121
-0.213 0.059 0.084
0.175 -0.068 0.121
0.156 0.056 0.06
0.222 -0.018 0.263
-0.002 -0.069 0.06
0.215 0.086 0.26
-0.182 -0.045 0.034
0.146 0.1 0.05
0.186 -0.059 0.182
-0.161 -0.07 0.263
-0.101 0.014 0.263
0.191 -0.061 0.126
-0.123 0.004 0.056
0.187 0.086 0.06
0.193 -0.058 0.213
0.049 0.031 0.261
-0.097 0.052 0.056
-0.144 0.012 0.06
0.162 -0.011 0.243
0.201 0.019 0.271
0.195 -0.058 0.216
0.099 -0.027 0.055
-0.143 0.043 0.06
0.182 -0.065 0.112
0.183 -0.061 0.193
-0.163 0.049 0.273
0.202 -0.056 0.263
0.117 -0.016 0.126
0.195 -0.059 0.138
0.03 0.001 0.125
-0.158 -0.029 0.244
-0.158 -0.029 0.119
-0.198 -0.021 0.073
-0.117 -0.02 0.127
0.177 -0.068 0.128
-0.199 0.042 0.063
-0.194 0.089 0.102
-0.19 -0.047 0.039
0.098 0.067 0.055
0.171 -0.047 0.041
0.185 -0.063 0.105
-0.149 0.057 0.05
-0.148 -0.023 0.117
-0.229 0.068 0.259
-0.149 -0.025 0.263
-0.117 -0.023 0.263
0.163 -0.052 0.114
0.193 -0.059 0.105
0.187 -0.064 0.131
0.083 0.029 0.263
-0.166 0.046 0.125
0.186 -0.064 0.124
-0.179 0.058 0.273
0.118 -0.023 0.261
0.195 -0.059 0.108
0.075 0.022 0.274
0.206 -0.042 0.176
0.18 -0.064 0.133
0.24 0.008 0.225
-0.182 0.084 0.041
-0.117 0.034 0.126
0.22 -0.005 0.227
-0.003 0.061 0.134
-0.201 -0.005 0.063
-0.143 0.012 0.06
-0.131 -0.064 0.063
0.184 -0.065 0.122
0.009 0.039 0.126
-0.191 0.086 0.067
0.176 -0.068 0.131
0.152 0.025 0.265
0.099 0.06 0.262
0.038 -0.076 0.269
0.171 0.094 0.066
0.145 -0.02 0.127
0.178 -0.066 0.14
0.065 0.053 0.125
-0.052 -0.018 0.125
-0.075 -0.07 0.063
0.035 0.032 0.108
-0.181 -0.048 0.041
0.194 -0.06 0.136
0.098 0.06 0.13
0.22 -0.008 0.259
0.173 -0.069 0.122
0.188 -0.059 0.205
0.182 -0.064 0.106
0.183 -0.06 0.187
0.202 -0.055 0.132
0.197 -0.059 0.115
0.03 0.061 0.134
-0.152 -0.027 0.039
-0.139 0.006 0.13
0.078 0.112 0.262
0.197 -0.059 0.118
0.178 0.085 0.034
0.225 -0.019 0.226
0.109 0.052 0.059
-0.041 0.06 0.13
0.189 -0.062 0.127
-0.18 -0.031 0.272
-0.074 0.056 0.125
-0.191 -0.064 0.263
0.149 0.025 0.265
0.11 -0.014 0.055
-0.198 0.027 0.078
0.204 -0.053 0.112
-0.019 0.031 0.261
0.181 -0.066 0.123
0.182 -0.059 0.193
0.199 -0.037 0.066
-0.036 0.012 0.055
-0.149 0.066 0.05
-0.155 -0.026 0.065
0.151 0.031 0.262
-0.051 -0.018 0.125
-0.18 -0.048 0.041
0.219 0.072 0.269
0.222 0.061 0.269
0.093 0.059 0.128
0.17 0.085 0.034
-0.04 0.025 0.266
0.212 0.024 0.262
0.214 0.083 0.263
0.158 0.005 0.108
-0.101 0.06 0.134
0.025 0.055 0.126
0.096 0.068 0.056
0.203 -0.056 0.121
0.229 -0.016 0.225
-0.215 0.049 0.063
0.135 0.025 0.243
0.157 0.011 0.117
-0.003 0.069 0.263
0.137 -0.05 0.271
-0.231 0.014 0.263
-0.08 0.025 0.266
-0.157 0.015 0.274
0.194 -0.054 0.189
0.128 0.003 0.126
0.014 -0.024 0.134
-0.003 0.066 0.056
0.194 -0.06 0.119
0.212 0.014 0.101
0.178 -0.046 0.034
0.18 -0.066 0.117
0.152 -0.029 0.265
-0.226 0.045 0.217
0.025 0.046 0.125
-0.117 0.03 0.263
0.032 0.057 0.06
-0.008 0.006 0.13
-0.085 -0.023 0.13
0.043 -0.008 0.126
0.188 -0.061 0.262
0.158 -0.005 0.243
-0.163 0.005 0.119
0.187 0.057 0.039
-0.16 -0.027 0.063
0.192 -0.056 0.196
-0.003 0.113 0.263
-0.051 -0.023 0.134
0.19 -0.062 0.123
-0.213 0.043 0.067
0.216 0.002 0.263
0.145 -0.016 0.126
0.24 0.013 0.226
0.232 -0.012 0.212
-0.119 0.061 0.107
-0.175 0.094 0.05
-0.14 0.032 0.108
-0.158 0.067 0.117
0.211 0.022 0.177
-0.09 -0.008 0.125
-0.003 0.112 0.176
-0.003 0.032 0.108
0.18 -0.066 0.13
-0.081 0.059 0.107
0.195 -0.06 0.116
0.065 0.006 0.13
-0.003 0.059 0.131
0.197 -0.058 0.11
-0.199 0.027 0.063
-0.003 -0.009 0.108
0.178 0.083 0.041
-0.133 0.007 0.134
-0.174 -0.046 0.041
0.185 -0.062 0.22
0.214 0.029 0.263
-0.175 0.094 0.04
0.133 0.062 0.263
0.158 0.049 0.265
0.179 -0.067 0.124
-0.179 0.062 0.063
-0.09 0.036 0.125
-0.133 0.006 0.117
-0.148 -0.024 0.263
0.119 0.012 0.06
0.099 0.061 0.117
-0.151 0.065 0.063
0.117 0.046 0.126
0.152 0.067 0.265
-0.081 0.033 0.108
0.174 -0.068 0.109
0.212 0.016 0.13
0.221 0.047 0.208
-0.192 0.021 0.074
0.014 0.031 0.261
0.195 0.079 0.271
-0.036 -0.069 0.06
0.03 0.059 0.131
0.189 -0.058 0.194
0.201 -0.057 0.122
-0.133 -0.009 0.125
-0.167 0.043 0.117
0.035 0.067 0.243
0.197 -0.055 0.106
0.032 0.066 0.06
0.193 -0.054 0.163
-0.163 0.1 0.102
0.152 0.046 0.108
0.206 0.058 0.06
0.198 -0.058 0.11
0.199 -0.058 0.12
0.192 -0.061 0.12
-0.107 -0.009 0.126
0.162 -0.053 0.124
0.191 -0.062 0.133
-0.083 -0.079 0.26
0.213 0.041 0.176
-0.051 0.032 0.261
-0.209 0.063 0.083
-0.182 -0.043 0.041
0.226 0.06 0.259
-0.199 0.051 0.067
0.173 -0.068 0.112
0.014 0.032 0.117
-0.179 -0.024 0.063
0.119 0.019 0.055
0.075 0.012 0.117
-0.107 0.053 0.125
-0.208 0.065 0.079
-0.199 -0.004 0.085
0.098 0.069 0.263
0.125 0.027 0.06
0.18 -0.063 0.142
-0.175 0.026 0.063
0.149 0.046 0.108
-0.193 -0.016 0.272
0.135 0.012 0.245
-0.19 0.085 0.039
-0.165 0.063 0.251
-0.129 0.057 0.06
0.217 0.012 0.206
0.162 0.043 0.117
0.198 -0.058 0.123
0.178 -0.067 0.131
0.162 0.043 0.245
-0.018 -0.023 0.262
0.109 -0.019 0.06
0.209 0.004 0.06
0.182 -0.043 0.102
-0.211 0.065 0.079
0.171 -0.069 0.118
0.014 0.032 0.13
0.151 0.032 0.13
0.128 -0.009 0.126
0.043 0.036 0.125
-0.109 0.052 0.056
0.075 0.005 0.108
0.043 -0.021 0.128
0.235 -0.007 0.213
0.175 -0.066 0.134
0.185 -0.058 0.195
0.181 -0.058 0.164
0.158 -0.011 0.244
0.158 -0.011 0.119
-0.159 -0.026 0.067
0.185 -0.064 0.125
-0.191 -0.048 0.06
-0.165 -0.023 0.126
0.145 0.057 0.05
0.204 -0.028 0.063
0.025 0.005 0.131
-0.228 0.067 0.26
-0.15 -0.025 0.063
0.03 0.057 0.127
0.151 -0.016 0.126
-0.207 0.067 0.063
0.125 0.103 0.06
-0.198 0.012 0.085
0.182 -0.065 0.113
-0.041 0.001 0.125
-0.158 -0.029 0.117
-0.233 -0.008 0.259
0.195 -0.059 0.139
-0.129 -0.011 0.06
0.077 -0.023 0.13
0.156 -0.059 0.066
0.21 0.014 0.063
0.187 -0.004 0.06
0.211 0.007 0.063
0.193 -0.056 0.193
-0.156 0.099 0.039
0.104 -0.068 0.063
0.195 0.025 0.272
0.126 0.105 0.102
0.172 -0.069 0.123
0.187 -0.059 0.206
0.138 0.057 0.06
0.118 -0.023 0.262
0.196 -0.059 0.119
0.195 -0.058 0.105
0.145 0.046 0.126
-0.035 0.006 0.261
0.218 -0.001 0.227
0.185 -0.055 0.158
-0.198 -0.021 0.084
-0.04 0.032 0.108
0.184 -0.057 0.205
0.208 0.05 0.06
0.176 -0.068 0.132
-0.149 -0.018 0.125
0.059 0.06 0.134
0.21 0.05 0.063
0.192 -0.06 0.14
0.049 0.031 0.117
-0.002 0.106 0.06
-0.123 0.004 0.06
0.099 0.06 0.263
-0.052 -0.018 0.126
-0.041 0.07 0.273
0.181 -0.06 0.191
0.178 -0.044 0.041
0.162 -0.005 0.243
0.156 0.109 0.262
0.135 0.101 0.067
0.184 -0.06 0.207
0.145 0.066 0.05
-0.159 -0.022 0.066
-0.151 -0.027 0.07
0.207 -0.052 0.125
0.184 -0.065 0.133
0.065 0.014 0.263
-0.139 0.004 0.128
0.16 0.032 0.126
0.207 0.057 0.06
-0.003 -0.023 0.107
0.199 -0.057 0.11
0.189 -0.06 0.14
-0.002 0.057 0.06
-0.129 0.103 0.066
-0.19 -0.061 0.263
-0.039 0.112 0.176
-0.117 0.046 0.125
-0.084 0.039 0.126
0.17 -0.044 0.041
-0.149 -0.023 0.134
0.217 0.023 0.263
0.181 -0.066 0.124
-0.068 0.057 0.127
0.199 -0.037 0.067
-0.221 -0.046 0.259
0.151 0.031 0.263
-0.132 0.062 0.263
-0.024 -0.023 0.134
-0.139 0.06 0.134
0.222 0.066 0.262
0.197 -0.059 0.129
0.191 -0.057 0.194
0.228 0.054 0.211
0.185 -0.057 0.172
0.214 -0.045 0.263
0.049 -0.023 0.263
-0.198 0.059 0.073
-0.223 0.066 0.263
-0.218 0.064 0.176
-0.217 0.027 0.085
-0.154 0.065 0.065
0.18 -0.061 0.189
0.224 -0.023 0.263
0.214 0.023 0.263
-0.002 0.063 0.064
0.213 0.032 0.128
0.049 0.034 0.126
0.216 0.026 0.208
-0.117 -0.021 0.128
0.202 -0.055 0.113
0.148 0.099 0.04
-0.132 0.06 0.261
0.175 -0.067 0.112
-0.163 0.005 0.117
-0.23 -0.007 0.263
-0.18 -0.058 0.141
-0.216 -0.011 0.073
0.118 0.03 0.262
-0.008 0.004 0.128
-0.152 -0.059 0.039
0.143 -0.064 0.063
0.225 -0.019 0.21
0.184 0.019 0.273
0.178 -0.067 0.13
0.212 -0.027 0.27
0.11 -0.014 0.059
0.234 -0.007 0.226
-0.191 -0.012 0.06
-0.149 -0.022 0.128
0.2 -0.057 0.123
-0.002 0.066 0.06
0.217 0.008 0.208
0.174 -0.069 0.129
0.18 -0.066 0.131
-0.157 0.064 0.066
-0.019 0.039 0.126
-0.035 0.003 0.126
0.135 0.005 0.108
0.197 -0.058 0.111
0.203 -0.055 0.113
0.231 0.049 0.227
0.158 0.046 0.115
0.171 -0.018 0.06
-0.174 -0.044 0.034
0.152 0.023 0.263
0.152 -0.023 0.261
-0.155 0.036 0.125
0.118 -0.004 0.055
-0.118 0.016 0.274
-0.22 0.019 0.141
-0.151 0.065 0.064
-0.202 -0.037 0.039
-0.176 0.013 0.273
0.19 -0.056 0.171
-0.018 0.031 0.117
0.221 0.047 0.209
-0.214 0.055 0.068
0.033 0.111 0.141
0.138 -0.012 0.06
0.179 -0.066 0.134
-0.176 0.026 0.064
0.014 0.031 0.262
0.205 -0.054 0.119
0.206 -0.051 0.118
0.197 0.052 0.271
0.195 -0.06 0.13
0.049 -0.02 0.126
-0.101 0.008 0.263
-0.113 0.109 0.176
0.009 0.034 0.126
0.075 0.067 0.265
0.211 0.051 0.101
-0.003 0.067 0.117
0.226 -0.02 0.211
0.216 0.012 0.207
-0.213 0.063 0.084
-0.117 -0.008 0.126
-0.156 0.064 0.066
0.035 0.067 0.244
0.035 0.067 0.119
0.177 -0.067 0.132
-0.131 0.105 0.063
-0.019 -0.023 0.263
0.206 0.08 0.176
0.133 -0.001 0.125
-0.084 -0.02 0.126
0.226 0.06 0.26
0.182 -0.061 0.191
0.156 0.098 0.066
-0.107 0.053 0.126
0.174 -0.066 0.135
-0.156 -0.06 0.06
0.158 0.061 0.264
-0.084 -0.023 0.262
0.188 0.055 0.272
-0.003 0.062 0.263
0.125 0.004 0.06
0.139 -0.012 0.06
0.138 -0.075 0.259
-0.209 0.057 0.06
0.113 -0.029 0.265
0.194 -0.056 0.187
0.205 -0.019 0.06
0.199 -0.058 0.131
0.192 -0.061 0.131
0.198 -0.058 0.124
0.194 -0.058 0.218
0.193 -0.052 0.192
0.193 -0.06 0.107
0.175 0.08 0.041
0.117 -0.025 0.263
-0.018 -0.023 0.263
-0.141 -0.029 0.244
-0.141 -0.029 0.119
-0.212 -0.012 0.066
0.204 -0.054 0.134
-0.222 0.014 0.27
0.098 0.061 0.134
-0.216 0.043 0.063
-0.175 0.057 0.039
-0.051 -0.031 0.263
0.014 0.032 0.131
-0.118 0.025 0.274
0.211 0.031 0.063
0.19 -0.061 0.22
-0.052 -0.022 0.128
0.188 -0.063 0.135
0.202 -0.054 0.136
0.03 0.062 0.263
-0.154 -0.026 0.063
0.216 0.022 0.227
-0.158 -0.029 0.273
0.137 -0.07 0.263
0.009 -0.02 0.126
0.158 -0.011 0.117
-0.041 0.061 0.134
0.219 0.017 0.215
0.128 0.053 0.126
0.191 -0.062 0.114
0.112 0.032 0.131
0.025 0.059 0.128
0.049 -0.022 0.131
-0.051 0.032 0.117
0.172 0.08 0.041
-0.201 0.003 0.085
0.191 -0.059 0.14
0.152 0.032 0.108
0.182 -0.06 0.185
-0.154 -0.027 0.064
-0.08 0.026 0.108
0.119 0.019 0.059
0.176 0.08 0.041
-0.019 -0.02 0.126
-0.084 -0.022 0.131
0.175 -0.068 0.133
-0.003 -0.032 0.273
0.135 0.047 0.108
0.217 0.004 0.227
0.147 -0.019 0.039
0.156 -0.059 0.067
-0.036 0.057 0.06
-0.198 0.043 0.068
-0.199 0.062 0.083
0.133 0.06 0.261
0.178 0.086 0.034
-0.193 0.024 0.063
-0.035 -0.009 0.126
0.214 0.014 0.263
0.186 -0.059 0.194
0.185 -0.064 0.136
0.187 -0.056 0.172
0.191 -0.061 0.138
-0.141 0.067 0.244
-0.141 0.067 0.119
-0.175 0.012 0.063
0.149 0.032 0.108
0.049 0.03 0.262
0.145 -0.018 0.125
0.174 0.088 0.041
0.196 -0.059 0.117
-0.035 0.053 0.125
0.217 0.05 0.263
0.209 0.041 0.063
-0.16 -0.022 0.067
0.156 0.111 0.259
0.188 -0.063 0.118
0.187 0.05 0.06
0.182 -0.065 0.127
0.149 -0.009 0.108
-0.178 -0.041 0.034
-0.175 0.066 0.039
-0.001 -0.029 0.055
0.17 0.086 0.034
-0.039 -0.074 0.176
0.031 0.06 0.261
-0.175 0.013 0.065
0.191 -0.061 0.108
0.03 0.046 0.125
-0.1 0.061 0.263
-0.211 -0.019 0.089
0.159 0.1 0.101
0.035 -0.029 0.244
0.035 -0.029 0.119
-0.2 -0.026 0.078
0.221 -0.02 0.262
0.188 -0.062 0.221
0.186 -0.064 0.136
-0.152 0.098 0.039
-0.175 -0.055 0.066
0.196 -0.059 0.13
0.181 -0.063 0.212
-0.133 0.106 0.141
0.224 0.056 0.259
0.19 -0.057 0.195
-0.174 0.086 0.041
0.083 0.023 0.263
0.228 -0.016 0.227
0.083 -0.023 0.261
-0.143 -0.012 0.06
0.175 0.088 0.041
-0.192 -0.066 0.263
0.149 0.067 0.244
0.149 0.067 0.119
-0.201 0.042 0.085
-0.168 -0.008 0.273
-0.209 -0.019 0.05
0.223 0.065 0.263
-0.019 -0.022 0.131
-0.123 0.035 0.059
-0.129 0.103 0.067
-0.179 0.063 0.067
-0.161 -0.069 0.269
0.187 -0.018 0.06
-0.036 0.066 0.06
-0.019 -0.016 0.125
-0.21 0.063 0.087
0.0 0.068 0.056
0.188 -0.06 0.206
-0.221 -0.046 0.26
0.014 -0.016 0.126
-0.19 0.006 0.272
0.035 0.026 0.108
-0.035 0.006 0.117
-0.068 0.06 0.261
0.117 0.031 0.134
0.214 0.016 0.216
-0.001 0.065 0.063
0.183 -0.063 0.219
-0.162 0.011 0.265
0.152 -0.027 0.039
0.176 -0.068 0.113
0.128 0.107 0.141
0.177 -0.068 0.123
-0.233 0.045 0.26
0.162 -0.008 0.115
0.189 -0.062 0.139
0.112 -0.016 0.126
-0.203 -0.037 0.05
0.183 -0.063 0.143
-0.215 0.063 0.141
0.077 0.036 0.125
0.128 0.001 0.125
-0.101 0.003 0.126
0.181 -0.066 0.135
0.204 -0.053 0.127
0.186 -0.064 0.119
-0.068 0.061 0.117
0.188 0.099 0.269
0.202 -0.055 0.114
0.239 0.008 0.213
-0.132 0.06 0.262
0.192 -0.054 0.161
-0.207 -0.028 0.067
-0.105 0.067 0.055
-0.211 -0.027 0.079
-0.191 0.086 0.039
0.117 0.048 0.055
-0.213 -0.005 0.06
0.189 -0.062 0.109
0.184 -0.062 0.14
0.189 0.103 0.263
-0.22 0.056 0.27
0.032 -0.014 0.055
0.178 -0.066 0.135
0.194 -0.06 0.131
-0.04 -0.009 0.108
0.188 -0.058 0.196
0.177 0.081 0.041
-0.018 0.03 0.262
0.216 -0.006 0.269
0.171 -0.067 0.133
-0.157 0.064 0.067
0.205 0.058 0.039
0.241 0.019 0.215
0.203 0.079 0.141
0.093 0.004 0.128
-0.084 0.031 0.117
-0.081 -0.029 0.107
-0.003 0.067 0.273
0.173 -0.041 0.034
0.049 0.046 0.125
-0.003 0.012 0.108
-0.199 0.017 0.074
0.082 0.039 0.126
0.117 -0.018 0.126
-0.163 -0.008 0.108
0.232 -0.012 0.224
0.234 0.045 0.212
-0.198 0.027 0.073
-0.199 -0.023 0.063
0.098 0.057 0.127
0.193 -0.061 0.114
0.014 -0.022 0.131
0.186 -0.061 0.207
-0.024 0.038 0.125
0.186 -0.063 0.11
0.2 -0.057 0.134
-0.156 0.057 0.039
-0.14 0.026 0.108
0.211 0.059 0.141
-0.176 0.026 0.065
-0.084 0.046 0.125
0.212 0.022 0.245
-0.123 0.039 0.126
-0.041 0.057 0.127
0.171 0.087 0.034
0.043 0.033 0.128
0.216 0.012 0.208
-0.171 0.026 0.063
0.203 -0.055 0.127
-0.043 0.118 0.263
-0.118 -0.008 0.108
-0.176 0.08 0.041
0.221 -0.035 0.262
-0.084 -0.02 0.127
0.18 -0.066 0.112
-0.038 0.11 0.102
-0.178 -0.057 0.063
0.187 -0.063 0.136
-0.163 -0.005 0.108
0.093 0.056 0.125
-0.209 0.06 0.27
0.182 -0.066 0.115
-0.175 0.019 0.06
0.152 0.026 0.108
0.146 -0.019 0.05
-0.133 0.014 0.263
-0.201 0.027 0.085
-0.081 0.067 0.107
-0.214 0.026 0.066
0.209 -0.005 0.067
0.075 -0.029 0.265
0.19 -0.062 0.118
-0.181 0.086 0.034
0.152 -0.023 0.117
-0.163 0.006 0.265
-0.218 -0.044 0.262
0.176 -0.067 0.136
-0.084 0.034 0.126
-0.1 0.006 0.261
-0.122 0.019 0.055
0.192 -0.061 0.132
-0.037 -0.071 0.063
-0.141 -0.029 0.117
0.187 -0.063 0.106
0.204 -0.055 0.124
-0.234 0.019 0.26
-0.163 -0.022 0.107
0.195 -0.06 0.111
-0.116 0.031 0.261
0.149 0.026 0.108
-0.123 0.034 0.126
0.174 -0.049 0.034
-0.156 -0.026 0.067
0.158 0.097 0.063
0.19 -0.061 0.221
-0.156 0.066 0.039
-0.107 0.059 0.131
0.185 -0.059 0.195
0.113 0.07 0.273
-0.222 0.044 0.176
0.19 -0.061 0.139
0.176 -0.067 0.106
-0.019 0.046 0.125
-0.199 0.014 0.066
0.203 -0.052 0.133
-0.208 -0.027 0.066
0.151 0.046 0.126
0.193 -0.054 0.191
0.183 -0.057 0.158
0.198 -0.058 0.135
-0.002 0.004 0.055
0.171 0.012 0.06
0.065 0.008 0.263
-0.154 -0.027 0.065
0.152 0.03 0.262
-0.199 -0.004 0.067
-0.008 0.056 0.125
-0.199 -0.027 0.066
-0.182 0.083 0.034
0.119 0.019 0.06
-0.211 -0.04 0.176
0.119 -0.004 0.059
-0.232 0.03 0.262
0.171 -0.069 0.13
-0.09 -0.024 0.134
0.065 0.06 0.134
-0.019 -0.02 0.127
0.117 0.032 0.262
0.03 0.06 0.262
0.19 -0.059 0.206
0.184 -0.064 0.107
-0.175 0.087 0.041
-0.122 0.034 0.126
-0.163 -0.004 0.245
0.235 -0.007 0.225
0.082 -0.02 0.126
-0.133 0.069 0.263
0.178 -0.067 0.113
0.216 0.019 0.206
0.191 -0.062 0.128
0.185 -0.064 0.137
0.191 -0.061 0.139
0.221 -0.018 0.216
-0.051 0.032 0.131
0.128 0.059 0.131
0.071 -0.072 0.141
0.049 0.03 0.263
0.204 -0.054 0.118
0.145 -0.018 0.126
0.082 -0.023 0.262
-0.035 0.053 0.126
-0.08 -0.075 0.217
0.188 -0.063 0.116
0.156 0.111 0.26
0.091 -0.013 0.056
-0.163 0.05 0.119
0.183 -0.065 0.135
0.209 -0.003 0.063
0.015 0.032 0.262
0.162 0.07 0.272
-0.217 0.003 0.068
-0.123 -0.02 0.126
0.119 0.027 0.056
0.119 0.004 0.055
0.115 0.111 0.269
0.184 -0.061 0.103
-0.084 0.03 0.263
-0.103 0.068 0.055
-0.041 0.115 0.217
0.156 -0.069 0.262
0.137 -0.061 0.06
0.138 0.109 0.269
-0.035 0.014 0.263
0.134 0.006 0.263
0.178 -0.067 0.126
0.035 -0.029 0.117
0.098 0.006 0.134
-0.051 0.035 0.127
-0.133 0.06 0.134
-0.227 -0.006 0.263
-0.177 -0.049 0.041
0.148 -0.061 0.04
-0.04 0.012 0.108
-0.163 0.046 0.273
0.195 0.019 0.272
0.181 -0.063 0.213
0.196 -0.059 0.131
0.175 -0.068 0.114
-0.003 0.06 0.261
-0.171 -0.067 0.217
0.182 -0.065 0.138
0.188 -0.062 0.14
0.149 0.067 0.117
0.239 0.035 0.213
-0.193 0.065 0.066
0.133 0.06 0.117
-0.051 -0.024 0.262
-0.041 0.006 0.134
-0.08 0.012 0.108
0.009 -0.008 0.126
-0.191 0.101 0.263
-0.198 0.011 0.068
0.043 -0.024 0.134
0.157 -0.06 0.067
0.158 -0.022 0.119
0.158 -0.022 0.244
-0.003 0.025 0.245
0.035 0.025 0.244
0.185 -0.064 0.12
0.014 0.046 0.125
0.191 -0.061 0.122
-0.217 0.029 0.086
0.117 -0.022 0.128
0.22 0.043 0.208
0.188 -0.057 0.172
0.082 -0.022 0.131
0.168 -0.068 0.124
-0.21 -0.028 0.063
0.07 -0.071 0.102
0.188 -0.06 0.207
0.182 -0.065 0.108
-0.177 0.088 0.034
0.183 -0.065 0.118
-0.068 0.06 0.262
0.128 0.061 0.134
0.185 0.013 0.273
0.082 -0.016 0.125
0.164 -0.064 0.176
-0.002 -0.014 0.055
-0.002 -0.069 0.066
0.031 0.06 0.117
0.113 0.032 0.108
-0.143 0.109 0.262
-0.223 0.009 0.176
0.177 -0.068 0.124
-0.229 0.001 0.262
0.222 -0.012 0.263
-0.156 0.108 0.217
-0.109 0.107 0.063
0.198 -0.054 0.217
-0.169 0.027 0.063
0.069 -0.066 0.06
0.134 0.06 0.117
0.187 -0.058 0.197
-0.123 -0.022 0.131
0.172 -0.069 0.118
-0.019 0.03 0.263
-0.139 0.003 0.126
0.181 -0.066 0.136
0.093 -0.001 0.126
-0.074 -0.009 0.126
0.228 -0.016 0.211
-0.105 0.067 0.056
0.184 -0.065 0.115
0.032 0.004 0.055
0.224 0.06 0.262
0.117 0.048 0.056
0.152 -0.032 0.273
0.184 -0.065 0.118
-0.234 0.014 0.26
-0.074 0.053 0.125
-0.191 0.086 0.063
0.176 -0.068 0.127
0.185 -0.061 0.208
-0.119 0.048 0.055
-0.118 0.026 0.119
-0.219 0.03 0.141
0.182 -0.058 0.169
-0.003 -0.029 0.117
0.032 -0.014 0.056
-0.198 0.014 0.063
0.208 0.035 0.06
0.178 -0.066 0.136
0.188 -0.059 0.195
-0.175 0.05 0.06
-0.101 0.067 0.055
-0.16 0.05 0.06
0.17 0.082 0.034
-0.052 0.039 0.126
0.156 0.057 0.06
-0.101 0.06 0.117
0.176 -0.046 0.102
0.19 -0.06 0.102
-0.151 -0.027 0.065
0.083 0.03 0.262
-0.17 0.013 0.063
-0.129 -0.064 0.066
-0.114 0.052 0.055
0.135 0.025 0.266
-0.203 0.076 0.067
0.199 -0.057 0.105
0.149 -0.029 0.107
0.038 -0.078 0.263
0.199 -0.037 0.039
-0.141 -0.061 0.06
0.186 -0.063 0.111
0.181 -0.066 0.119
-0.199 -0.013 0.067
-0.175 0.081 0.034
-0.008 -0.001 0.126
0.202 -0.053 0.11
-0.052 -0.023 0.13
-0.117 0.032 0.261
0.203 -0.056 0.114
-0.178 0.095 0.063
0.226 -0.022 0.26
-0.101 0.006 0.262
0.171 -0.055 0.05
-0.123 0.019 0.056
-0.003 -0.072 0.102
-0.123 -0.004 0.055
-0.101 0.06 0.13
0.094 -0.027 0.055
0.009 -0.021 0.128
0.14 0.019 0.06
-0.163 -0.008 0.247
-0.16 -0.018 0.06
0.194 -0.06 0.112
0.117 0.023 0.263
0.117 -0.023 0.261
-0.166 0.047 0.125
0.193 -0.061 0.128
0.043 0.032 0.13
0.206 -0.053 0.115
0.216 0.015 0.208
0.125 0.102 0.063
0.182 -0.066 0.116
0.171 0.057 0.06
0.145 -0.022 0.128
0.098 0.046 0.125
0.19 -0.062 0.116
0.158 0.042 0.246
0.206 0.057 0.039
-0.051 -0.023 0.13
0.197 -0.058 0.136
0.174 0.093 0.063
-0.122 -0.004 0.055
0.032 -0.069 0.066
-0.129 0.101 0.06
-0.102 -0.029 0.056
-0.179 -0.048 0.041
-0.041 0.046 0.125
0.169 -0.069 0.124
0.2 -0.057 0.118
-0.041 -0.029 0.107
0.187 -0.048 0.066
-0.162 0.066 0.242
0.082 0.031 0.117
0.119 0.035 0.055
0.182 -0.066 0.129
-0.04 0.025 0.245
0.158 -0.008 0.273
-0.132 0.007 0.262
0.177 -0.067 0.114
-0.14 0.012 0.108
-0.09 -0.016 0.125
0.151 -0.018 0.125
0.184 -0.064 0.138
0.19 -0.061 0.14
0.151 0.029 0.263
0.179 -0.067 0.117
-0.08 0.025 0.245
-0.024 0.032 0.131
-0.208 -0.027 0.067
0.203 -0.052 0.134
-0.182 -0.046 0.041
0.179 -0.067 0.12
-0.198 -0.011 0.073
0.187 -0.063 0.117
0.213 0.03 0.262
0.082 0.046 0.125
-0.23 0.014 0.269
0.158 0.031 0.243
0.152 -0.029 0.244
0.152 -0.029 0.119
0.187 -0.063 0.12
-0.214 0.055 0.063
0.182 -0.057 0.195
-0.232 0.03 0.263
-0.068 0.059 0.128
-0.002 -0.025 0.063
0.195 -0.06 0.125
-0.155 -0.024 0.134
0.19 -0.056 0.172
0.184 -0.064 0.108
0.207 -0.053 0.128
-0.118 0.019 0.274
-0.165 0.06 0.126
-0.1 0.006 0.117
-0.163 0.033 0.265
0.192 -0.059 0.21
0.199 -0.058 0.113
0.192 -0.061 0.113
0.192 -0.058 0.206
0.152 0.012 0.108
-0.223 0.03 0.176
0.082 -0.02 0.127
-0.123 0.046 0.125
0.038 -0.08 0.26
-0.191 0.102 0.262
0.191 -0.062 0.129
-0.024 0.035 0.127
-0.149 -0.024 0.262
0.182 -0.061 0.186
0.174 -0.068 0.115
0.186 -0.054 0.173
-0.116 0.031 0.117
-0.199 0.051 0.063
0.156 0.012 0.06
-0.225 -0.029 0.262
-0.119 0.113 0.262
0.035 -0.029 0.273
0.204 -0.052 0.131
0.082 -0.023 0.263
0.174 -0.068 0.118
0.182 -0.063 0.217
-0.163 0.05 0.117
0.188 -0.063 0.117
-0.163 0.05 0.245
-0.106 0.058 0.126
-0.161 0.107 0.262
-0.002 0.006 0.263
-0.043 -0.075 0.263
0.157 0.026 0.245
0.104 0.107 0.079
0.082 0.034 0.126
0.213 0.014 0.123
0.119 0.004 0.056
0.157 0.066 0.244
0.157 0.066 0.119
0.189 -0.058 0.206
0.149 0.012 0.108
0.198 -0.058 0.116
0.113 0.026 0.108
-0.229 -0.03 0.26
-0.214 0.029 0.089
0.219 0.043 0.209
0.014 -0.025 0.263
0.198 -0.058 0.119
0.194 -0.058 0.213
0.025 0.004 0.128
0.178 -0.067 0.127
0.181 -0.065 0.109
0.152 0.067 0.244
0.152 0.067 0.119
0.043 -0.016 0.125
-0.205 -0.003 0.271
0.182 -0.054 0.158
0.212 0.017 0.245
0.222 -0.036 0.26
0.226 0.065 0.263
-0.148 0.031 0.261
0.175 -0.068 0.115
0.188 -0.063 0.13
0.182 -0.065 0.139
-0.113 -0.019 0.06
-0.035 0.059 0.131
0.211 0.046 0.27
-0.174 0.085 0.034
0.184 -0.063 0.102
0.171 -0.019 0.05
0.226 0.057 0.224
-0.198 0.055 0.078
-0.199 -0.021 0.084
-0.176 0.093 0.067
0.075 0.025 0.266
0.158 -0.022 0.117
0.171 -0.048 0.034
-0.08 0.012 0.274
-0.167 0.046 0.247
-0.159 -0.026 0.063
0.032 -0.072 0.079
-0.116 -0.023 0.263
0.014 0.046 0.126
0.185 -0.064 0.121
0.198 -0.057 0.14
0.07 0.109 0.079
0.11 0.057 0.06
-0.002 0.065 0.063
0.181 -0.061 0.193
-0.002 0.067 0.055
-0.119 0.089 0.271
0.183 -0.065 0.116
0.182 -0.065 0.109
0.158 0.059 0.273
0.183 -0.065 0.119
0.205 -0.029 0.063
0.217 0.019 0.26
0.191 -0.055 0.16
0.175 -0.068 0.128
-0.21 0.057 0.039
-0.002 -0.069 0.067
-0.002 -0.014 0.056
0.171 -0.019 0.04
0.137 0.1 0.06
0.025 0.056 0.125
-0.008 0.007 0.134
-0.198 0.043 0.063
-0.217 -0.043 0.263
0.177 -0.066 0.137
0.193 -0.056 0.189
-0.041 0.067 0.273
0.145 0.1 0.05
0.172 -0.069 0.119
0.187 0.086 0.067
-0.085 0.039 0.126
0.178 -0.047 0.041
-0.003 -0.029 0.273
0.196 -0.059 0.112
0.158 0.033 0.274
-0.177 0.045 0.273
-0.119 -0.029 0.242
-0.003 0.06 0.117
-0.101 0.001 0.125
-0.226 0.067 0.263
0.082 0.03 0.263
0.182 -0.065 0.122
-0.201 0.043 0.063
0.16 -0.021 0.126
0.031 0.006 0.263
-0.118 0.026 0.117
0.059 0.06 0.13
0.208 -0.02 0.063
0.199 -0.057 0.136
-0.084 0.036 0.126
0.192 -0.057 0.104
0.172 -0.066 0.112
0.188 -0.059 0.196
0.204 -0.027 0.05
0.049 0.033 0.128
0.223 -0.015 0.226
-0.191 -0.027 0.039
-0.179 -0.025 0.067
0.186 -0.047 0.039
0.202 -0.056 0.115
-0.222 -0.006 0.176
0.205 -0.052 0.115
-0.101 0.067 0.056
0.202 -0.056 0.118
0.114 0.112 0.263
0.103 0.105 0.066
0.205 0.057 0.05
-0.007 -0.013 0.056
0.189 -0.057 0.183
0.11 0.066 0.06
-0.174 0.083 0.041
0.207 -0.052 0.121
0.184 -0.065 0.129
-0.149 -0.008 0.125
0.015 -0.031 0.263
-0.084 0.033 0.128
-0.114 0.052 0.056
-0.122 -0.008 0.126
-0.14 0.025 0.245
0.209 0.019 0.06
0.095 -0.028 0.056
0.215 0.022 0.245
0.035 0.012 0.274
-0.107 0.005 0.128
-0.232 0.019 0.262
-0.09 -0.02 0.127
0.204 -0.027 0.04
-0.001 -0.027 0.063
0.149 -0.029 0.273
-0.149 -0.023 0.13
0.195 -0.055 0.186
-0.084 -0.018 0.125
0.098 0.06 0.262
0.173 -0.069 0.129
0.182 -0.062 0.21
0.205 0.057 0.04
0.22 -0.005 0.207
0.078 0.112 0.269
-0.139 0.06 0.13
-0.192 0.017 0.072
-0.101 0.006 0.263
0.117 0.048 0.06
0.197 -0.059 0.125
-0.123 -0.004 0.056
0.224 -0.018 0.26
-0.213 -0.005 0.085
0.049 -0.023 0.134
-0.144 0.004 0.06
0.152 0.025 0.245
-0.163 -0.008 0.248
-0.198 0.027 0.085
0.222 0.075 0.26
-0.231 0.024 0.263
0.194 -0.06 0.113
0.032 -0.014 0.06
0.199 0.076 0.066
0.065 0.005 0.128
0.204 -0.053 0.122
0.223 -0.015 0.209
0.21 0.019 0.06
0.179 -0.058 0.186
0.03 0.005 0.131
-0.163 0.049 0.108
0.212 0.024 0.101
0.208 -0.011 0.063
-0.118 0.012 0.119
0.171 -0.067 0.115
0.196 -0.058 0.107
0.184 -0.062 0.217
-0.116 -0.074 0.217
-0.068 0.007 0.262
-0.216 -0.005 0.085
-0.003 -0.028 0.056
-0.218 0.019 0.078
0.158 0.043 0.243
0.203 -0.056 0.128
-0.174 -0.047 0.034
-0.117 -0.031 0.263
0.158 0.005 0.243
0.194 -0.052 0.165
0.197 -0.058 0.137
0.212 0.03 0.263
0.149 0.025 0.245
-0.15 -0.019 0.05
-0.141 0.1 0.06
-0.234 0.024 0.263
0.078 0.114 0.262
-0.2 -0.016 0.063
0.113 -0.032 0.273
0.2 -0.057 0.116
0.194 -0.06 0.126
0.209 0.068 0.141
0.2 -0.057 0.119
-0.117 0.032 0.117
0.182 -0.066 0.13
0.215 0.048 0.176
0.043 -0.02 0.127
-0.083 0.114 0.263
-0.019 -0.018 0.125
0.217 0.032 0.259
0.188 -0.061 0.269
0.072 -0.073 0.176
-0.132 0.007 0.263
-0.131 0.102 0.063
0.19 -0.062 0.13
0.236 0.04 0.226
-0.155 -0.016 0.125
-0.09 -0.016 0.126
0.151 -0.018 0.126
-0.14 0.012 0.274
-0.133 0.005 0.128
-0.226 -0.029 0.263
-0.12 0.113 0.263
-0.175 0.103 0.263
0.212 0.014 0.078
0.117 -0.023 0.117
-0.22 0.082 0.262
0.181 -0.059 0.164
0.223 0.052 0.226
0.152 -0.029 0.117
-0.113 0.052 0.059
0.049 0.032 0.261
0.158 0.031 0.119
-0.08 0.006 0.108
-0.149 -0.019 0.05
0.18 -0.066 0.137
0.205 -0.054 0.112
0.181 -0.064 0.215
0.065 0.006 0.262
0.195 -0.06 0.126
0.218 0.038 0.227
-0.174 0.026 0.063
0.133 0.058 0.126
-0.198 0.019 0.078
-0.122 0.036 0.125
-0.122 -0.021 0.128
-0.084 0.032 0.261
-0.019 -0.023 0.134
-0.075 0.109 0.079
-0.002 0.069 0.263
0.162 -0.032 0.272
0.075 0.032 0.108
0.152 0.012 0.274
-0.052 0.036 0.125
-0.198 0.065 0.068
-0.191 0.102 0.263
0.179 -0.067 0.131
0.183 -0.057 0.17
0.227 0.06 0.263
-0.159 0.06 0.067
-0.149 -0.024 0.263
0.2 -0.056 0.11
0.18 -0.066 0.107
-0.149 0.103 0.079
0.174 -0.068 0.116
0.103 -0.066 0.066
0.187 -0.063 0.131
-0.15 0.065 0.071
-0.217 0.011 0.078
0.183 -0.059 0.171
-0.118 0.022 0.274
0.035 0.059 0.107
0.217 0.003 0.208
-0.036 -0.069 0.067
-0.036 -0.014 0.056
-0.179 -0.014 0.063
0.201 -0.057 0.129
0.157 0.066 0.117
-0.167 -0.005 0.243
-0.057 -0.02 0.126
0.158 0.049 0.117
0.075 0.026 0.108
0.149 0.012 0.274
0.206 0.058 0.067
0.198 -0.058 0.117
-0.16 0.026 0.06
0.199 -0.058 0.127
0.192 -0.061 0.127
-0.003 0.025 0.274
-0.158 0.067 0.107
0.152 0.067 0.117
0.223 0.052 0.209
0.159 0.046 0.124
0.204 -0.055 0.119
0.099 0.061 0.262
0.178 -0.065 0.14
0.204 -0.054 0.13
0.035 0.033 0.108
-0.181 -0.047 0.041
0.043 -0.016 0.126
-0.234 0.008 0.26
0.18 -0.063 0.103
0.184 -0.058 0.159
0.174 -0.068 0.129
0.213 0.006 0.128
0.182 -0.063 0.106
-0.09 -0.022 0.131
0.205 -0.051 0.121
-0.179 0.051 0.067
0.188 -0.063 0.131
0.202 -0.054 0.132
-0.083 -0.075 0.262
0.162 0.049 0.243
-0.168 0.061 0.273
0.226 0.057 0.225
0.156 -0.07 0.263
0.158 -0.023 0.107
0.014 -0.018 0.125
-0.229 0.037 0.262
-0.162 -0.028 0.117
-0.174 -0.043 0.034
0.216 -0.047 0.263
0.155 0.106 0.263
0.212 0.07 0.176
0.204 -0.052 0.112
0.098 0.059 0.128
-0.083 -0.076 0.263
-0.168 0.026 0.065
-0.019 0.032 0.261
-0.119 0.067 0.244
-0.119 0.067 0.119
0.112 -0.018 0.125
-0.179 -0.058 0.102
0.209 0.004 0.067
-0.199 0.019 0.063
0.031 0.007 0.262
0.157 -0.028 0.264
0.035 0.006 0.108
0.183 -0.065 0.117
0.014 0.032 0.262
0.151 0.032 0.262
0.158 0.061 0.243
0.239 0.035 0.225
0.214 0.084 0.263
-0.214 0.058 0.086
-0.051 -0.025 0.263
-0.192 0.014 0.063
0.225 -0.02 0.224
0.113 -0.029 0.244
0.113 -0.029 0.119
0.119 0.004 0.06
-0.041 0.059 0.128
-0.101 0.061 0.134
0.156 -0.019 0.05
0.236 -0.002 0.226
0.114 0.115 0.259
0.187 -0.019 0.039
0.185 -0.059 0.206
-0.214 0.012 0.06
0.185 -0.064 0.132
0.191 -0.061 0.134
0.189 -0.061 0.143
0.014 -0.023 0.134
0.038 -0.074 0.263
0.038 0.115 0.263
0.178 -0.045 0.034
-0.148 0.031 0.117
0.065 0.003 0.127
0.113 0.012 0.108
-0.139 0.001 0.125
-0.16 -0.022 0.063
-0.117 0.031 0.263
0.125 0.103 0.067
0.183 -0.065 0.13
0.187 -0.062 0.141
0.185 -0.058 0.169
0.182 -0.065 0.123
0.059 0.053 0.126
0.216 0.022 0.206
-0.141 0.059 0.107
0.207 -0.018 0.27
0.126 0.105 0.063
0.194 -0.055 0.187
0.119 0.043 0.059
-0.176 0.108 0.263
-0.006 -0.027 0.071
0.118 -0.031 0.263
0.179 -0.056 0.167
0.152 0.057 0.039
-0.14 0.033 0.108
0.172 -0.069 0.13
-0.191 0.012 0.06
-0.163 0.043 0.245
-0.04 0.016 0.274
-0.006 0.065 0.063
-0.193 -0.004 0.067
0.125 0.019 0.06
0.202 -0.056 0.116
0.195 -0.059 0.116
0.196 -0.059 0.126
0.118 0.032 0.117
0.156 -0.073 0.263
0.22 0.046 0.259
-0.035 0.06 0.261
-0.002 -0.014 0.06
-0.165 -0.063 0.141
0.043 0.035 0.127
0.208 0.05 0.067
0.142 0.101 0.067
-0.198 0.011 0.063
-0.174 -0.045 0.041
-0.167 -0.011 0.244
-0.165 0.101 0.141
-0.167 -0.011 0.119
-0.179 0.063 0.063
-0.101 0.069 0.263
-0.155 -0.02 0.127
0.151 -0.022 0.128
-0.001 -0.027 0.064
-0.14 0.006 0.108
-0.107 0.003 0.126
0.174 -0.067 0.109
-0.214 0.009 0.085
-0.208 0.066 0.066
0.188 -0.062 0.105
-0.198 -0.026 0.081
0.202 -0.056 0.129
0.195 -0.059 0.129
0.196 -0.058 0.138
0.078 -0.078 0.259
0.218 -0.001 0.207
0.226 -0.019 0.21
-0.003 0.007 0.262
-0.201 0.011 0.063
0.189 -0.063 0.124
0.189 -0.062 0.135
0.207 0.057 0.067
-0.198 -0.01 0.078
-0.155 0.034 0.126
0.215 0.06 0.176
-0.083 -0.078 0.26
0.025 0.007 0.134
0.18 -0.058 0.194
0.186 -0.064 0.112
-0.129 -0.019 0.06
0.223 -0.015 0.21
0.181 -0.066 0.131
-0.118 0.012 0.117
0.21 0.016 0.148
0.152 0.006 0.108
-0.198 0.003 0.068
0.196 -0.058 0.108
0.187 -0.012 0.06
0.202 -0.055 0.11
0.152 0.066 0.039
0.2 0.078 0.063
-0.207 -0.028 0.063
-0.04 0.025 0.274
-0.1 0.066 0.056
0.139 0.012 0.06
0.222 0.066 0.269
-0.068 0.007 0.263
0.189 -0.062 0.105
-0.175 0.027 0.063
-0.036 0.035 0.055
0.176 -0.068 0.122
-0.212 0.062 0.068
-0.212 0.004 0.06
0.043 0.046 0.126
-0.114 0.052 0.06
-0.111 -0.07 0.141
0.182 -0.059 0.168
-0.051 0.031 0.134
-0.18 0.069 0.272
-0.218 -0.005 0.141
-0.207 0.094 0.263
0.177 -0.042 0.034
0.134 0.061 0.261
0.178 -0.066 0.131
0.117 -0.024 0.262
0.194 -0.06 0.127
0.149 0.006 0.108
-0.211 0.066 0.079
-0.129 0.043 0.06
0.182 -0.056 0.182
-0.09 0.046 0.125
-0.118 0.005 0.108
0.173 -0.066 0.136
-0.123 0.036 0.126
-0.175 0.035 0.06
0.145 -0.019 0.05
0.194 -0.057 0.141
-0.162 0.011 0.119
-0.123 -0.004 0.06
0.189 -0.062 0.118
0.093 -0.009 0.126
-0.163 0.061 0.107
-0.148 0.102 0.063
-0.149 -0.06 0.05
-0.085 0.034 0.126
0.176 -0.046 0.143
-0.133 -0.068 0.141
-0.16 0.065 0.066
-0.212 -0.024 0.068
0.015 -0.024 0.262
0.186 -0.063 0.106
-0.165 -0.022 0.126
0.093 0.053 0.125
0.185 0.006 0.272
0.18 -0.066 0.138
-0.123 0.033 0.128
0.065 0.006 0.263
-0.117 0.032 0.131
0.239 0.003 0.213
-0.199 0.061 0.067
-0.174 0.026 0.064
-0.123 -0.018 0.125
-0.218 0.009 0.102
-0.122 0.036 0.126
0.157 0.066 0.273
-0.043 0.118 0.259
0.157 0.011 0.108
0.217 0.015 0.263
0.168 -0.05 0.106
0.158 0.049 0.273
0.183 -0.058 0.16
0.179 -0.067 0.132
0.18 -0.066 0.108
0.193 -0.061 0.123
0.187 -0.063 0.132
0.193 -0.06 0.134
0.179 -0.061 0.215
-0.163 -0.062 0.079
0.21 0.0 0.27
-0.075 -0.071 0.102
0.205 -0.054 0.126
0.225 0.057 0.226
0.113 0.025 0.245
0.119 0.035 0.06
0.049 -0.031 0.263
0.133 0.056 0.125
0.19 -0.062 0.111
0.113 0.067 0.273
0.206 -0.029 0.101
-0.167 -0.005 0.119
-0.04 0.033 0.108
0.215 0.017 0.245
-0.008 -0.009 0.126
0.082 -0.021 0.128
0.21 -0.012 0.063
-0.222 0.083 0.26
0.059 0.061 0.134
-0.123 -0.023 0.134
-0.162 -0.028 0.273
0.204 -0.055 0.117
0.049 0.032 0.117
0.223 0.052 0.21
0.204 -0.055 0.12
-0.084 -0.031 0.263
-0.133 0.006 0.263
0.099 0.061 0.263
-0.119 0.112 0.263
-0.008 0.053 0.125
-0.085 -0.02 0.126
0.179 -0.066 0.111
0.18 -0.066 0.121
0.171 0.081 0.034
0.174 -0.068 0.13
0.217 -0.005 0.262
0.213 0.006 0.129
0.133 0.007 0.263
0.178 -0.043 0.041
-0.003 0.058 0.126
-0.229 0.019 0.263
-0.155 -0.022 0.131
-0.068 0.004 0.128
0.183 -0.062 0.208
0.214 0.036 0.262
0.152 0.108 0.217
0.162 0.049 0.244
0.162 0.049 0.119
-0.084 0.032 0.117
-0.176 0.032 0.273
-0.208 -0.027 0.039
0.16 0.033 0.126
0.219 0.057 0.263
-0.003 -0.022 0.107
0.194 -0.056 0.194
0.158 -0.023 0.273
0.075 -0.075 0.217
0.138 0.113 0.263
0.193 -0.054 0.187
0.198 -0.058 0.131
0.225 0.066 0.259
0.187 -0.06 0.22
-0.119 0.067 0.117
0.17 -0.043 0.041
0.112 -0.018 0.126
0.213 0.082 0.262
-0.119 0.115 0.259
0.162 -0.023 0.273
0.031 0.007 0.263
0.187 -0.06 0.263
0.174 -0.054 0.063
-0.216 0.043 0.073
0.065 0.06 0.13
-0.036 -0.014 0.06
-0.177 -0.041 0.034
0.082 0.032 0.261
0.113 -0.029 0.117
0.19 -0.061 0.105
0.075 -0.029 0.244
0.075 -0.029 0.119
-0.139 0.061 0.134
0.225 -0.02 0.225
-0.233 0.046 0.259
0.117 -0.008 0.125
0.236 -0.002 0.227
0.191 -0.062 0.124
0.209 0.035 0.066
0.224 -0.022 0.263
-0.163 0.043 0.273
-0.068 0.056 0.125
0.075 0.012 0.108
-0.169 0.012 0.065
-0.117 -0.016 0.126
0.188 -0.063 0.112
0.113 0.012 0.274
0.183 -0.065 0.131
0.187 -0.062 0.142
-0.019 -0.031 0.263
-0.216 0.043 0.086
-0.199 0.036 0.063
0.201 -0.056 0.134
0.118 0.031 0.262
-0.179 -0.004 0.066
-0.057 -0.008 0.126
0.117 0.036 0.125
0.178 -0.067 0.122
0.038 0.113 0.262
-0.133 0.06 0.13
-0.006 0.065 0.064
-0.193 -0.027 0.067
0.128 0.055 0.126
0.125 -0.004 0.06
0.173 0.088 0.041
0.18 -0.065 0.131
0.24 0.03 0.224
0.098 -0.028 0.056
0.009 0.032 0.13
-0.157 0.065 0.066
0.182 -0.065 0.134
0.188 0.088 0.078
0.22 0.046 0.26
-0.211 -0.019 0.05
-0.198 0.055 0.073
0.229 0.054 0.212
-0.109 0.104 0.063
0.212 0.007 0.176
-0.002 -0.027 0.063
-0.167 -0.011 0.117
0.191 -0.061 0.115
0.193 -0.05 0.162
0.191 -0.061 0.118
-0.193 0.051 0.063
0.217 0.03 0.207
-0.163 0.046 0.114
-0.107 0.003 0.127
0.221 -0.02 0.269
-0.198 -0.027 0.068
0.198 -0.057 0.141
-0.018 0.032 0.117
0.188 -0.062 0.106
0.188 0.101 0.262
0.179 -0.065 0.134
0.202 -0.056 0.13
-0.007 0.052 0.056
0.177 -0.068 0.117
0.171 -0.053 0.039
0.113 0.048 0.108
0.189 -0.063 0.125
-0.205 0.006 0.271
-0.156 0.065 0.066
0.133 0.061 0.262
0.177 -0.066 0.132
-0.024 0.031 0.134
0.159 0.1 0.078
0.195 -0.053 0.167
-0.156 0.099 0.05
0.049 0.031 0.263
-0.234 0.001 0.263
0.186 -0.064 0.113
0.172 -0.066 0.262
0.077 -0.02 0.126
0.125 -0.064 0.066
0.218 0.051 0.262
-0.057 0.046 0.125
0.147 -0.027 0.039
-0.035 0.06 0.117
-0.003 0.026 0.119
-0.001 0.065 0.07
-0.191 -0.019 0.05
-0.199 0.065 0.066
0.195 -0.058 0.142
0.176 -0.068 0.123
-0.176 -0.041 0.041
0.185 -0.063 0.107
0.205 -0.018 0.06
0.217 0.042 0.263
-0.129 0.035 0.06
-0.203 -0.037 0.06
0.099 0.006 0.261
-0.105 -0.027 0.055
-0.052 0.033 0.128
0.117 -0.024 0.263
0.204 -0.053 0.134
0.032 -0.004 0.055
0.186 -0.064 0.126
0.145 -0.06 0.05
-0.159 0.064 0.067
-0.178 -0.049 0.034
-0.175 0.058 0.039
-0.152 0.099 0.04
-0.155 0.046 0.125
-0.09 0.046 0.126
-0.162 0.011 0.117
0.19 -0.06 0.22
0.202 -0.053 0.136
-0.191 -0.019 0.04
-0.162 0.011 0.245
-0.213 -0.005 0.067
-0.057 -0.021 0.128
-0.203 0.076 0.04
-0.107 0.06 0.13
0.184 -0.065 0.124
0.059 0.057 0.127
0.065 0.069 0.263
0.187 -0.055 0.156
-0.217 0.027 0.063
-0.203 0.076 0.063
-0.215 0.049 0.085
-0.207 0.092 0.262
0.145 0.036 0.125
0.172 0.081 0.041
-0.133 0.003 0.127
-0.232 0.008 0.262
0.189 -0.05 0.101
0.237 -0.002 0.224
0.194 -0.06 0.138
0.194 -0.057 0.106
-0.199 -0.013 0.063
0.209 0.026 0.06
0.182 -0.059 0.185
-0.149 -0.065 0.102
0.093 0.053 0.126
0.152 0.031 0.261
-0.043 -0.079 0.259
-0.175 0.056 0.06
0.176 0.081 0.041
-0.008 0.059 0.131
0.209 -0.02 0.101
-0.199 0.003 0.085
-0.001 0.068 0.056
0.175 -0.067 0.133
0.077 -0.022 0.131
0.197 -0.059 0.12
0.192 -0.05 0.16
-0.178 0.08 0.041
0.158 -0.012 0.243
-0.163 -0.008 0.115
0.216 0.016 0.246
0.134 0.061 0.117
-0.106 0.046 0.126
0.183 -0.058 0.161
0.194 -0.06 0.108
0.214 -0.005 0.147
-0.23 0.044 0.263
0.193 -0.061 0.124
0.213 0.036 0.263
0.098 0.007 0.263
-0.233 0.037 0.26
0.094 0.066 0.055
-0.163 0.005 0.108
-0.085 0.046 0.125
0.075 0.067 0.273
-0.167 -0.005 0.117
0.19 -0.062 0.112
-0.083 0.116 0.26
-0.181 0.082 0.041
-0.218 0.019 0.073
-0.199 0.027 0.085
0.113 0.006 0.108
0.199 -0.036 0.128
0.031 0.061 0.261
0.211 0.041 0.063
-0.163 0.059 0.244
-0.163 0.059 0.119
0.239 0.029 0.226
0.212 0.019 0.263
-0.1 0.062 0.263
-0.2 -0.027 0.063
0.2 -0.057 0.111
-0.123 0.043 0.056
-0.008 0.053 0.126
0.18 -0.066 0.122
0.188 -0.061 0.221
0.206 -0.053 0.124
-0.018 0.031 0.263
-0.163 -0.005 0.243
0.162 0.049 0.117
0.148 -0.019 0.04
0.177 -0.067 0.11
-0.051 0.023 0.263
0.19 -0.062 0.125
0.215 0.029 0.262
0.228 0.053 0.227
-0.218 -0.044 0.269
0.198 -0.036 0.131
0.101 -0.027 0.06
-0.179 0.088 0.041
0.151 -0.023 0.117
0.22 -0.004 0.26
0.175 -0.041 0.041
-0.199 0.024 0.066
0.159 0.045 0.125
-0.101 0.046 0.125
0.187 -0.063 0.113
0.049 0.032 0.131
0.2 -0.054 0.107
0.2 -0.056 0.135
0.174 -0.066 0.113
-0.183 0.097 0.176
-0.003 0.056 0.125
0.195 -0.057 0.211
-0.106 0.055 0.126
0.195 -0.06 0.121
0.225 0.057 0.21
0.049 0.038 0.125
-0.165 0.008 0.251
0.208 0.016 0.134
0.181 -0.059 0.208
0.075 -0.029 0.117
-0.002 0.115 0.217
-0.23 0.03 0.262
0.035 0.067 0.107
-0.198 0.019 0.073
-0.175 -0.042 0.041
-0.233 0.046 0.26
-0.084 0.032 0.131
0.192 -0.061 0.109
-0.15 -0.027 0.071
-0.163 0.006 0.245
0.192 -0.053 0.194
0.177 -0.047 0.034
0.138 0.111 0.262
0.11 0.052 0.055
-0.108 0.105 0.066
-0.04 0.026 0.119
-0.084 0.038 0.125
-0.15 0.065 0.063
0.183 -0.062 0.143
-0.122 -0.024 0.134
0.183 -0.059 0.166
-0.119 -0.051 0.271
0.049 0.035 0.127
0.03 0.056 0.125
0.075 0.012 0.274
0.202 -0.054 0.114
-0.052 -0.024 0.134
0.205 -0.053 0.131
0.065 0.001 0.126
0.17 -0.069 0.13
0.201 -0.057 0.124
-0.174 0.082 0.034
-0.132 0.061 0.262
-0.101 0.057 0.127
-0.193 0.062 0.067
0.201 -0.056 0.135
0.192 -0.053 0.161
0.069 0.107 0.06
-0.179 -0.004 0.067
-0.179 -0.027 0.066
0.211 -0.003 0.063
0.152 -0.07 0.217
0.214 -0.046 0.262
-0.163 -0.021 0.117
0.198 -0.058 0.112
0.199 -0.058 0.122
-0.084 0.035 0.127
-0.141 -0.029 0.107
0.171 0.103 0.263
0.214 -0.015 0.269
-0.211 0.065 0.068
-0.085 -0.008 0.126
0.025 -0.009 0.126
0.169 -0.068 0.124
-0.201 0.019 0.085
-0.162 0.027 0.243
-0.16 0.105 0.263
0.119 -0.004 0.056
0.098 0.004 0.128
-0.175 0.057 0.05
-0.209 -0.057 0.259
0.214 0.053 0.269
0.177 0.082 0.041
0.183 -0.059 0.182
0.009 0.032 0.131
-0.157 0.065 0.067
-0.156 -0.019 0.039
0.216 -0.014 0.176
-0.218 -0.026 0.176
-0.217 0.003 0.078
-0.163 0.033 0.119
0.156 -0.069 0.269
-0.167 0.046 0.115
-0.002 -0.027 0.064
-0.193 -0.024 0.067
-0.041 0.004 0.128
-0.216 -0.004 0.078
0.185 -0.064 0.114
-0.191 -0.062 0.269
0.178 -0.065 0.105
0.198 -0.057 0.136
-0.097 -0.013 0.055
0.217 0.03 0.208
0.181 -0.061 0.189
0.183 -0.065 0.112
-0.107 0.001 0.125
-0.141 -0.019 0.06
0.188 0.101 0.263
-0.019 0.038 0.125
0.19 -0.055 0.172
0.17 -0.068 0.124
0.215 -0.022 0.176
0.077 0.046 0.125
0.175 -0.068 0.124
-0.002 -0.069 0.063
0.093 0.061 0.134
-0.003 -0.078 0.262
-0.227 0.044 0.263
0.083 0.032 0.117
0.171 0.004 0.06
0.205 0.049 0.271
-0.141 0.067 0.107
-0.223 0.019 0.176
0.187 0.086 0.04
-0.143 -0.073 0.263
0.198 -0.057 0.106
0.193 -0.056 0.185
-0.198 0.011 0.078
-0.176 0.081 0.041
0.187 0.086 0.063
0.049 -0.016 0.126
-0.157 -0.026 0.066
0.196 -0.059 0.108
-0.214 0.019 0.06
-0.019 0.035 0.127
-0.157 0.025 0.243
-0.163 -0.012 0.245
0.114 0.109 0.263
-0.051 0.039 0.126
0.219 0.053 0.216
-0.003 0.026 0.117
0.182 -0.065 0.118
-0.192 0.016 0.074
-0.121 0.048 0.055
0.078 -0.073 0.263
-0.199 0.065 0.067
0.075 0.025 0.245
-0.229 0.001 0.269
0.199 -0.057 0.132
0.151 -0.024 0.263
-0.163 0.042 0.119
-0.09 -0.018 0.125
0.214 0.009 0.263
-0.198 0.024 0.063
0.186 -0.064 0.127
-0.116 0.032 0.261
0.147 0.057 0.039
0.196 -0.059 0.121
-0.003 0.061 0.262
0.182 -0.064 0.139
-0.122 0.032 0.13
-0.035 0.006 0.263
-0.227 0.067 0.262
0.19 -0.06 0.221
0.238 0.035 0.227
0.184 -0.065 0.125
0.075 0.059 0.107
-0.106 -0.001 0.126
0.176 -0.066 0.106
-0.108 -0.066 0.066
-0.129 0.056 0.06
0.204 0.066 0.05
-0.213 -0.024 0.083
0.134 0.06 0.262
0.181 -0.066 0.113
-0.085 -0.021 0.128
0.133 0.046 0.126
0.216 0.026 0.227
0.152 0.031 0.262
-0.003 -0.001 0.126
0.241 0.024 0.224
0.173 -0.069 0.125
0.103 0.103 0.06
-0.003 0.061 0.107
-0.182 0.084 0.034
0.009 -0.016 0.126
-0.002 0.061 0.117
0.183 -0.06 0.19
-0.09 -0.023 0.134
-0.217 0.019 0.068
-0.068 0.061 0.263
0.03 0.061 0.262
0.185 -0.06 0.193
0.192 -0.054 0.185
-0.142 0.088 0.271
-0.225 0.067 0.269
-0.117 0.029 0.263
0.189 -0.062 0.13
-0.081 -0.029 0.243
0.172 0.108 0.259
-0.171 0.013 0.063
0.099 0.006 0.117
0.199 -0.054 0.138
-0.118 0.046 0.108
0.181 -0.066 0.126
0.198 -0.037 0.039
-0.21 0.066 0.071
-0.212 -0.024 0.083
0.059 0.046 0.125
0.217 0.008 0.227
-0.198 0.003 0.063
-0.104 -0.028 0.055
0.196 -0.058 0.103
0.17 -0.07 0.121
0.209 0.043 0.06
-0.229 -0.007 0.262
0.014 0.035 0.127
0.093 0.059 0.131
-0.146 -0.027 0.071
0.239 0.003 0.225
-0.163 0.005 0.274
0.043 -0.018 0.125
-0.101 0.06 0.262
0.203 -0.056 0.124
0.147 0.066 0.039
-0.163 0.059 0.117
0.075 0.006 0.108
0.171 -0.055 0.06
-0.212 0.062 0.063
-0.084 0.031 0.263
-0.146 0.065 0.063
0.118 0.042 0.055
-0.198 0.035 0.078
0.186 -0.057 0.158
-0.192 0.023 0.072
0.158 0.051 0.117
0.199 -0.054 0.108
0.18 -0.061 0.191
0.014 -0.024 0.262
0.2 -0.057 0.112
0.194 -0.06 0.122
0.21 0.019 0.066
-0.133 0.061 0.134
-0.157 0.012 0.245
-0.231 0.03 0.263
-0.051 -0.02 0.126
0.183 -0.064 0.105
-0.18 -0.048 0.034
-0.163 -0.011 0.265
0.17 -0.067 0.114
0.181 -0.062 0.213
0.217 -0.034 0.217
-0.176 -0.066 0.262
0.133 0.055 0.126
0.069 0.106 0.067
-0.16 -0.027 0.066
0.158 0.046 0.107
-0.051 -0.023 0.262
0.043 -0.023 0.134
0.18 -0.059 0.176
-0.139 0.046 0.125
0.133 -0.009 0.125
0.189 -0.059 0.142
0.2 -0.057 0.125
0.128 0.004 0.128
0.18 -0.066 0.133
0.2 -0.056 0.136
-0.23 0.024 0.269
-0.201 0.027 0.063
-0.131 -0.066 0.063
0.191 -0.054 0.159
0.031 0.061 0.117
-0.208 -0.056 0.262
0.133 0.006 0.261
-0.133 0.007 0.262
0.206 0.058 0.05
-0.019 -0.023 0.13
0.212 0.019 0.247
0.177 -0.065 0.136
-0.18 0.081 0.041
0.197 -0.055 0.139
-0.003 0.022 0.274
-0.04 0.026 0.117
0.179 -0.067 0.127
-0.163 -0.021 0.273
-0.175 0.094 0.066
-0.108 0.105 0.067
-0.15 0.065 0.064
-0.159 0.06 0.063
0.213 0.03 0.269
0.211 0.042 0.101
0.187 -0.063 0.127
0.212 0.016 0.133
-0.123 0.043 0.06
0.181 -0.065 0.136
0.217 0.034 0.207
0.205 -0.054 0.121
-0.214 0.055 0.073
-0.036 -0.069 0.063
0.099 0.069 0.263
-0.214 0.057 0.085
-0.139 0.057 0.127
0.201 -0.057 0.125
-0.152 0.057 0.04
0.192 -0.056 0.182
-0.193 0.014 0.063
0.206 0.058 0.04
0.192 -0.055 0.193
0.193 -0.054 0.166
0.197 -0.057 0.137
0.213 0.024 0.123
0.093 0.005 0.128
0.198 -0.058 0.113
0.199 -0.058 0.123
0.192 -0.061 0.123
0.043 -0.022 0.128
-0.083 -0.079 0.263
-0.162 0.027 0.119
-0.156 -0.06 0.039
0.173 -0.068 0.115
0.19 -0.055 0.157
-0.118 0.025 0.266
-0.168 0.032 0.274
-0.101 0.055 0.126
-0.035 0.058 0.126
-0.161 0.107 0.269
-0.179 0.051 0.063
0.025 0.053 0.126
-0.101 0.061 0.117
-0.163 0.033 0.117
-0.002 -0.067 0.06
0.226 0.056 0.21
-0.149 0.039 0.126
0.083 0.031 0.262
-0.143 0.019 0.06
0.194 -0.056 0.189
0.177 0.096 0.141
-0.191 -0.048 0.05
-0.051 0.03 0.262
-0.1 0.06 0.261
-0.182 -0.043 0.034
0.198 -0.058 0.126
0.11 0.052 0.059
0.038 -0.077 0.263
0.038 0.112 0.263
0.178 -0.067 0.134
0.207 0.022 0.148
-0.106 0.007 0.134
0.213 0.008 0.262
0.146 0.057 0.05
-0.024 0.039 0.126
-0.168 0.013 0.063
0.214 0.001 0.262
0.171 -0.069 0.121
0.211 -0.012 0.101
-0.068 0.006 0.261
0.182 -0.06 0.22
-0.199 0.021 0.074
0.188 -0.063 0.262
0.188 -0.063 0.137
-0.154 -0.026 0.065
0.21 0.083 0.217
-0.231 0.001 0.263
-0.003 -0.078 0.263
-0.163 0.031 0.243
0.181 -0.063 0.139
-0.198 0.055 0.085
0.229 0.054 0.224
-0.057 0.033 0.128
-0.119 0.059 0.107
0.181 -0.058 0.167
0.082 0.038 0.125
-0.191 -0.048 0.04
-0.008 0.005 0.128
0.152 -0.06 0.06
-0.106 -0.009 0.125
-0.043 0.116 0.263
0.191 -0.062 0.119
0.185 -0.064 0.128
-0.191 -0.048 0.063
0.014 -0.023 0.13
0.194 -0.055 0.216
0.112 -0.008 0.125
0.182 -0.06 0.187
-0.002 0.065 0.07
-0.123 0.032 0.131
0.065 0.057 0.127
0.214 0.006 0.216
-0.117 0.031 0.134
0.183 -0.065 0.126
0.135 0.016 0.274
-0.161 0.108 0.263
-0.106 0.006 0.13
0.112 -0.023 0.13
-0.123 0.038 0.125
0.226 -0.027 0.26
0.151 0.036 0.125
0.109 -0.014 0.055
0.186 -0.06 0.142
0.082 0.035 0.127
-0.121 0.048 0.056
-0.193 0.054 0.272
-0.18 -0.041 0.041
-0.006 -0.027 0.064
-0.199 0.043 0.063
0.216 0.022 0.245
-0.198 0.043 0.073
0.082 -0.031 0.263
-0.146 -0.025 0.064
-0.175 0.012 0.065
0.172 -0.069 0.126
0.19 0.064 0.271
-0.163 0.042 0.245
0.218 0.029 0.263
-0.193 -0.004 0.063
0.032 -0.072 0.102
0.07 0.109 0.102
0.184 -0.06 0.194
0.195 -0.059 0.112
-0.123 0.035 0.127
-0.073 -0.068 0.06
-0.133 0.058 0.126
0.182 -0.065 0.129
-0.002 0.06 0.262
0.158 0.041 0.119
0.189 -0.065 0.26
0.185 -0.058 0.181
0.031 0.06 0.263
0.191 -0.055 0.183
-0.161 -0.071 0.263
-0.113 -0.071 0.176
0.098 0.008 0.263
-0.182 -0.045 0.041
-0.105 -0.028 0.056
0.134 0.06 0.263
0.202 0.031 0.271
0.217 0.019 0.207
0.187 -0.058 0.221
-0.133 0.001 0.126
0.118 -0.025 0.263
0.238 0.003 0.226
0.204 -0.027 0.06
0.241 0.024 0.225
-0.156 -0.027 0.066
-0.04 0.022 0.274
0.202 -0.056 0.125
-0.155 -0.023 0.134
0.155 -0.068 0.263
-0.208 -0.04 0.141
0.183 -0.063 0.211
0.18 0.098 0.176
-0.075 0.108 0.063
-0.116 -0.031 0.263
0.207 -0.052 0.128
0.166 0.086 0.271
0.189 -0.063 0.12
-0.149 -0.02 0.126
-0.117 -0.018 0.126
0.125 0.043 0.06
0.207 0.057 0.063
-0.167 0.102 0.176
0.135 0.025 0.274
-0.163 0.059 0.273
-0.085 0.033 0.128
0.038 -0.079 0.26
0.195 -0.053 0.162
0.098 0.056 0.125
-0.102 0.068 0.056
-0.052 -0.02 0.127
-0.001 -0.027 0.07
-0.105 -0.027 0.06
0.032 -0.067 0.06
-0.149 -0.023 0.262
-0.024 -0.02 0.126
-0.116 0.032 0.117
0.181 -0.066 0.127
0.144 -0.065 0.102
0.182 -0.062 0.217
-0.208 0.066 0.075
-0.211 -0.027 0.068
0.117 0.031 0.261
-0.003 -0.08 0.26
-0.211 -0.027 0.071
-0.068 0.007 0.134
0.197 -0.059 0.132
-0.101 0.06 0.263
-0.217 0.036 0.068
0.176 -0.068 0.118
-0.146 0.065 0.064
-0.003 0.046 0.126
-0.226 -0.006 0.217
0.171 0.094 0.05
0.182 -0.059 0.164
0.182 -0.058 0.16
0.014 -0.024 0.263
0.17 -0.044 0.034
0.194 -0.057 0.213
0.18 -0.064 0.212
0.179 -0.045 0.102
0.21 0.019 0.067
-0.195 -0.027 0.271
-0.163 0.049 0.243
-0.165 0.005 0.126
0.11 -0.019 0.06
0.21 0.022 0.148
-0.163 0.032 0.108
-0.113 -0.018 0.06
-0.218 0.019 0.085
-0.16 -0.027 0.067
0.216 0.012 0.227
0.158 0.046 0.273
-0.156 0.097 0.039
-0.036 0.108 0.066
0.025 0.061 0.134
0.211 0.041 0.078
0.209 -0.03 0.141
0.133 -0.009 0.126
0.203 0.094 0.263
-0.149 -0.022 0.131
0.212 0.024 0.078
0.2 -0.057 0.126
0.18 -0.066 0.134
-0.149 -0.016 0.125
0.133 0.053 0.125
-0.161 0.097 0.067
-0.122 -0.016 0.126
0.136 -0.023 0.107
0.17 0.085 0.041
-0.118 0.032 0.108
-0.199 0.061 0.063
-0.21 0.058 0.039
0.203 -0.055 0.116
0.137 0.101 0.06
0.202 0.013 0.271
0.229 -0.016 0.212
0.19 -0.062 0.137
-0.143 0.11 0.263
-0.161 -0.073 0.26
-0.191 0.1 0.262
0.158 0.046 0.246
0.186 0.085 0.039
0.225 0.06 0.263
-0.227 -0.029 0.263
0.168 -0.067 0.217
0.158 -0.004 0.119
0.193 -0.061 0.119
0.178 -0.046 0.041
-0.003 0.055 0.126
0.156 0.107 0.262
-0.187 0.1 0.217
0.215 -0.01 0.176
0.179 -0.066 0.137
-0.217 0.043 0.102
0.205 -0.054 0.122
0.206 -0.051 0.121
0.104 0.106 0.063
0.195 -0.06 0.133
0.082 0.031 0.263
-0.144 -0.004 0.06
0.065 -0.001 0.125
0.237 0.04 0.213
0.16 0.03 0.251
0.115 -0.077 0.263
-0.198 0.019 0.085
0.138 -0.063 0.06
0.203 -0.055 0.129
-0.003 -0.009 0.125
0.177 -0.067 0.135
0.24 0.013 0.213
0.212 0.008 0.263
-0.123 -0.023 0.13
0.234 -0.007 0.212
0.138 0.101 0.06
0.136 0.07 0.273
0.153 0.087 0.271
0.03 0.007 0.134
-0.15 0.063 0.063
-0.156 -0.058 0.039
0.163 0.006 0.274
-0.198 0.065 0.078
-0.199 0.012 0.085
0.226 0.06 0.263
-0.133 0.006 0.134
-0.162 0.027 0.117
0.186 -0.054 0.181
0.174 -0.057 0.063
0.193 -0.06 0.14
0.181 -0.059 0.187
-0.179 -0.024 0.067
0.133 0.007 0.134
-0.208 0.065 0.083
0.205 -0.051 0.115
0.218 0.038 0.207
0.117 -0.01 0.059
0.133 0.006 0.117
-0.231 0.037 0.262
0.156 0.035 0.06
0.197 -0.057 0.108
-0.174 0.084 0.041
0.205 -0.019 0.04
-0.068 -0.009 0.126
0.207 -0.051 0.121
0.049 -0.025 0.263
0.03 -0.009 0.125
0.059 0.059 0.128
0.152 0.099 0.05
-0.131 0.105 0.079
0.192 -0.061 0.134
0.187 -0.057 0.181
0.138 0.113 0.259
-0.051 0.03 0.263
0.198 -0.058 0.127
-0.156 -0.069 0.217
0.11 0.052 0.06
-0.22 0.083 0.263
-0.075 0.109 0.102
0.193 -0.06 0.11
-0.158 0.067 0.242
0.195 -0.054 0.186
0.098 0.061 0.262
0.194 -0.058 0.139
-0.149 0.103 0.102
0.173 -0.068 0.129
-0.084 -0.025 0.263
0.183 -0.056 0.159
0.207 0.05 0.06
0.183 -0.059 0.194
-0.052 -0.022 0.131
0.188 -0.063 0.263
0.205 -0.051 0.128
-0.083 -0.075 0.269
0.216 0.051 0.176
-0.23 0.019 0.262
-0.152 -0.061 0.039
0.21 0.007 0.067
0.185 -0.059 0.197
-0.081 0.005 0.108
-0.229 0.037 0.269
0.075 0.025 0.274
-0.142 0.056 0.06
-0.192 0.024 0.063
0.191 -0.062 0.117
0.215 0.014 0.263
0.025 0.059 0.131
-0.208 -0.027 0.071
0.191 -0.062 0.12
0.098 -0.001 0.126
-0.1 0.007 0.262
-0.035 0.007 0.263
0.13 0.108 0.176
0.125 0.056 0.06
-0.207 -0.027 0.039
0.188 -0.063 0.108
0.032 0.107 0.067
0.201 -0.056 0.13
0.077 -0.023 0.134
-0.041 -0.001 0.126
0.109 -0.014 0.056
-0.041 0.061 0.107
-0.003 -0.027 0.056
-0.228 -0.016 0.262
-0.114 -0.014 0.059
-0.1 0.06 0.117
0.216 0.022 0.246
-0.193 0.024 0.066
0.178 -0.067 0.115
-0.141 0.101 0.06
-0.198 -0.024 0.083
0.178 -0.067 0.118
-0.002 0.108 0.06
0.24 0.024 0.226
-0.157 -0.027 0.067
0.187 -0.062 0.102
-0.207 0.05 0.271
0.213 0.051 0.143
-0.068 0.006 0.117
0.22 0.043 0.227
-0.193 -0.027 0.063
0.176 0.08 0.034
-0.149 0.031 0.117
0.065 0.061 0.117
0.183 -0.065 0.137
-0.142 -0.012 0.06
0.158 0.041 0.117
0.188 -0.063 0.121
-0.083 0.115 0.263
-0.107 0.006 0.134
-0.217 0.003 0.073
0.185 -0.058 0.182
0.191 -0.059 0.208
0.185 -0.064 0.109
0.191 -0.053 0.196
0.191 -0.061 0.111
-0.074 0.058 0.126
-0.222 -0.046 0.263
-0.149 0.046 0.125
0.098 0.006 0.261
-0.122 0.046 0.126
-0.052 0.032 0.13
-0.2 -0.026 0.081
-0.132 0.105 0.102
0.183 -0.065 0.107
-0.177 -0.007 0.273
0.101 0.066 0.06
0.196 -0.059 0.133
-0.214 0.019 0.085
0.158 0.059 0.264
-0.003 0.06 0.263
0.175 -0.068 0.119
0.114 -0.072 0.263
-0.212 -0.026 0.081
0.217 0.006 0.259
-0.121 0.048 0.06
-0.149 -0.02 0.127
-0.176 0.006 0.273
-0.101 -0.028 0.056
-0.2 0.079 0.271
-0.199 0.011 0.063
-0.198 0.011 0.073
-0.123 0.027 0.055
0.118 0.029 0.263
-0.211 0.057 0.089
-0.232 -0.016 0.263
0.193 -0.058 0.211
0.049 0.031 0.134
-0.159 0.061 0.067
-0.149 -0.023 0.263
0.18 -0.065 0.107
0.187 -0.064 0.119
0.158 0.033 0.265
-0.163 0.046 0.248
-0.198 -0.004 0.078
0.175 0.088 0.034
-0.179 -0.013 0.063
-0.149 0.034 0.126
0.187 -0.027 0.039
-0.133 0.046 0.125
-0.214 0.004 0.06
-0.101 0.059 0.128
0.176 -0.068 0.116
-0.233 0.045 0.263
-0.118 0.026 0.108
0.176 -0.068 0.119
-0.073 0.107 0.06
-0.198 -0.01 0.085
0.158 0.05 0.245
-0.167 0.049 0.244
-0.167 0.049 0.119
-0.117 0.023 0.263
0.112 0.036 0.125
-0.117 -0.023 0.261
0.221 -0.01 0.208
0.193 -0.059 0.103
0.222 -0.028 0.269
0.186 -0.064 0.122
-0.159 0.064 0.063
0.18 -0.064 0.131
0.158 0.006 0.265
-0.203 -0.054 0.217
0.216 0.015 0.26
0.231 -0.012 0.227
0.189 -0.054 0.197
0.189 -0.062 0.112
0.184 -0.065 0.12
0.0 -0.029 0.055
-0.201 -0.01 0.085
0.224 0.065 0.262
0.186 -0.057 0.17
-0.198 0.027 0.063
-0.003 0.012 0.266
-0.159 -0.05 0.271
0.217 0.072 0.217
-0.155 0.038 0.125
0.181 -0.066 0.108
0.194 -0.06 0.134
-0.221 0.084 0.259
-0.212 0.05 0.06
0.216 0.015 0.227
0.173 -0.069 0.12
0.208 -0.005 0.06
0.183 -0.06 0.185
0.009 0.031 0.134
-0.217 0.019 0.063
0.197 -0.059 0.113
-0.216 -0.005 0.063
-0.149 0.098 0.05
-0.17 0.026 0.063
0.203 -0.058 0.259
0.032 -0.018 0.06
0.2 -0.04 0.101
0.118 0.012 0.055
-0.148 -0.031 0.263
0.189 -0.062 0.125
0.171 0.092 0.039
-0.218 0.019 0.102
-0.116 -0.024 0.262
-0.198 0.062 0.083
0.194 -0.052 0.189
0.133 0.014 0.263
0.158 -0.004 0.117
0.193 -0.061 0.117
0.189 -0.06 0.143
0.214 0.043 0.146
0.134 0.007 0.263
-0.212 -0.024 0.078
-0.232 0.037 0.263
0.098 0.007 0.134
-0.149 0.03 0.263
-0.002 0.052 0.055
0.203 -0.056 0.119
0.203 -0.055 0.13
-0.003 -0.009 0.126
-0.003 0.115 0.263
-0.129 -0.027 0.06
-0.211 0.058 0.066
0.157 0.011 0.243
-0.221 0.038 0.27
-0.041 0.007 0.134
0.119 0.012 0.055
0.093 0.003 0.127
-0.107 0.046 0.125
-0.169 0.013 0.065
0.18 -0.066 0.115
0.21 0.031 0.067
-0.003 0.053 0.125
0.117 -0.023 0.263
0.188 -0.058 0.182
0.203 -0.002 0.271
0.128 0.056 0.125
0.171 0.057 0.039
-0.231 0.019 0.263
-0.002 -0.077 0.217
-0.001 0.063 0.063
0.21 0.026 0.066
-0.192 -0.065 0.259
0.226 -0.02 0.225
-0.035 0.061 0.261
-0.157 0.059 0.107
0.19 -0.062 0.121
0.187 0.057 0.06
0.03 -0.009 0.126
0.009 -0.018 0.126
-0.2 0.066 0.063
-0.101 0.007 0.263
-0.043 0.113 0.269
-0.174 -0.044 0.041
-0.176 0.08 0.034
0.192 -0.061 0.135
-0.143 -0.071 0.262
0.207 -0.019 0.067
0.187 -0.063 0.109
0.204 -0.055 0.127
0.032 0.052 0.056
-0.068 0.053 0.126
0.171 -0.042 0.041
0.145 -0.027 0.05
0.03 0.053 0.125
-0.157 0.07 0.273
-0.234 0.019 0.263
0.174 -0.066 0.109
-0.22 -0.045 0.263
0.195 -0.06 0.114
-0.2 -0.021 0.063
0.135 0.026 0.119
0.208 0.016 0.13
-0.229 -0.016 0.263
0.069 0.104 0.06
-0.036 -0.067 0.06
-0.157 0.033 0.108
0.206 -0.029 0.078
0.049 0.029 0.263
-0.163 -0.062 0.102
0.035 0.016 0.274
-0.152 -0.061 0.04
0.214 0.036 0.269
-0.15 -0.027 0.064
0.177 -0.067 0.119
0.069 -0.07 0.063
0.193 -0.052 0.163
-0.09 0.035 0.127
0.179 -0.067 0.122
-0.008 0.003 0.127
0.078 0.117 0.259
0.241 0.013 0.224
-0.1 0.007 0.263
-0.024 -0.008 0.125
-0.084 0.029 0.263
-0.103 -0.029 0.055
-0.129 -0.018 0.06
-0.192 0.021 0.072
-0.003 0.006 0.117
-0.221 0.047 0.27
0.205 -0.053 0.127
0.065 0.06 0.262
0.201 -0.057 0.12
0.158 -0.008 0.248
0.184 -0.064 0.11
0.19 -0.058 0.205
0.171 0.066 0.039
0.189 -0.061 0.105
0.117 -0.02 0.126
0.138 0.05 0.06
-0.167 0.043 0.243
0.205 0.072 0.27
-0.144 0.026 0.06
0.198 -0.058 0.108
0.199 -0.058 0.118
0.192 -0.061 0.118
-0.193 0.024 0.067
-0.108 0.103 0.06
0.191 -0.062 0.131
0.187 -0.062 0.103
0.178 -0.065 0.131
-0.215 0.019 0.089
0.118 0.023 0.263
0.196 -0.004 0.271
0.03 0.006 0.117
-0.207 0.066 0.067
-0.051 -0.008 0.126
-0.003 0.006 0.13
0.156 0.111 0.263
-0.214 0.035 0.06
0.206 0.067 0.078
0.183 -0.065 0.138
-0.04 0.012 0.266
0.188 -0.063 0.122
-0.175 0.087 0.034
0.169 0.025 0.273
0.184 -0.063 0.216
-0.132 -0.067 0.102
0.194 -0.056 0.141
0.135 0.012 0.243
-0.08 0.012 0.266
-0.193 -0.024 0.063
0.171 -0.065 0.263
0.185 -0.064 0.11
0.178 -0.067 0.129
-0.119 0.067 0.107
-0.149 0.046 0.126
0.162 0.043 0.243
0.038 0.113 0.269
0.098 0.006 0.262
0.193 -0.039 0.139
0.015 -0.023 0.262
-0.133 0.06 0.262
-0.051 0.036 0.126
0.18 -0.065 0.138
0.17 -0.068 0.117
-0.163 -0.023 0.273
0.201 -0.056 0.111
-0.133 -0.001 0.125
0.196 -0.059 0.134
0.03 0.006 0.13
0.175 -0.068 0.117
-0.191 0.035 0.06
-0.019 0.029 0.263
0.175 -0.068 0.12
-0.161 0.11 0.26
0.222 -0.018 0.262
0.184 -0.063 0.104
0.109 -0.014 0.06
0.215 0.086 0.259
0.216 0.035 0.263
0.035 0.046 0.108
-0.211 -0.019 0.06
0.181 -0.058 0.162
0.145 0.034 0.126
0.187 -0.019 0.05
0.185 -0.064 0.123
-0.123 0.027 0.056
-0.123 0.004 0.055
-0.141 -0.027 0.06
-0.041 0.067 0.265
-0.051 0.033 0.128
-0.177 -0.049 0.034
0.117 -0.022 0.131
0.182 -0.065 0.111
0.183 -0.065 0.121
0.083 -0.025 0.263
0.202 -0.056 0.262
0.117 -0.016 0.125
0.195 -0.059 0.137
0.195 -0.056 0.105
0.181 -0.063 0.104
0.185 -0.057 0.171
-0.139 0.059 0.128
-0.178 -0.041 0.041
0.17 0.086 0.041
-0.199 0.065 0.063
-0.132 0.014 0.263
0.203 -0.054 0.133
-0.167 0.049 0.117
0.193 -0.056 0.191
0.151 -0.024 0.134
0.172 -0.069 0.121
0.219 -0.019 0.263
0.135 0.019 0.274
0.221 -0.01 0.209
0.207 -0.018 0.06
-0.156 0.099 0.06
0.172 -0.066 0.269
0.099 0.062 0.263
-0.175 -0.055 0.05
0.128 -0.001 0.126
0.171 0.082 0.034
-0.057 -0.016 0.126
0.195 -0.059 0.107
0.18 -0.064 0.132
0.24 0.008 0.224
0.19 -0.057 0.182
0.156 0.057 0.05
0.098 -0.009 0.125
-0.035 0.006 0.134
-0.106 0.06 0.134
0.193 -0.055 0.169
-0.234 0.014 0.263
-0.191 -0.019 0.06
0.228 0.054 0.226
0.176 -0.068 0.13
0.215 0.043 0.263
0.143 0.103 0.063
-0.203 -0.037 0.067
0.139 0.035 0.06
0.099 0.06 0.261
0.159 -0.062 0.078
0.145 -0.02 0.126
0.149 -0.029 0.265
0.009 -0.022 0.128
-0.234 0.03 0.26
0.193 -0.055 0.218
0.211 0.032 0.152
-0.051 -0.021 0.128
0.182 -0.064 0.105
0.015 0.03 0.262
-0.141 -0.018 0.06
0.202 -0.056 0.12
0.239 0.008 0.227
-0.09 -0.023 0.13
-0.068 0.061 0.134
-0.181 0.081 0.034
0.189 -0.056 0.196
-0.213 -0.021 0.084
0.213 0.002 0.263
-0.041 -0.076 0.217
-0.002 0.007 0.263
-0.003 0.046 0.108
-0.151 -0.027 0.071
0.222 -0.011 0.26
-0.191 -0.064 0.262
-0.036 0.107 0.067
0.193 -0.055 0.185
-0.207 0.092 0.269
0.174 -0.047 0.103
-0.141 0.046 0.108
0.214 0.043 0.147
0.181 -0.066 0.122
-0.118 0.012 0.108
-0.113 0.057 0.06
0.151 0.031 0.261
0.065 0.059 0.128
-0.146 -0.027 0.064
0.17 0.083 0.041
0.201 -0.055 0.134
0.184 -0.056 0.197
0.214 0.083 0.262
0.203 -0.056 0.117
-0.192 0.017 0.074
0.226 -0.022 0.263
0.197 -0.059 0.127
-0.002 0.052 0.056
0.208 0.014 0.27
0.096 0.068 0.055
-0.057 0.032 0.131
0.203 -0.056 0.12
0.229 -0.016 0.224
0.049 0.023 0.263
-0.084 0.031 0.134
0.049 -0.023 0.261
0.136 -0.029 0.107
0.185 -0.06 0.205
-0.154 0.065 0.063
-0.168 0.07 0.272
0.187 0.066 0.039
-0.057 0.038 0.125
-0.035 0.046 0.126
0.183 -0.058 0.168
0.194 -0.06 0.115
0.194 -0.057 0.208
-0.107 0.046 0.126
-0.003 0.066 0.055
0.194 -0.06 0.118
0.188 -0.058 0.183
-0.123 0.031 0.134
0.216 0.026 0.206
-0.175 0.082 0.041
0.171 0.057 0.04
-0.117 0.03 0.262
0.212 0.022 0.134
-0.041 -0.029 0.265
0.175 -0.067 0.11
0.145 -0.022 0.131
0.043 -0.008 0.125
-0.163 0.005 0.243
-0.183 -0.059 0.176
0.237 0.04 0.225
0.158 0.043 0.245
0.203 -0.053 0.113
-0.213 0.043 0.066
-0.003 0.014 0.263
0.216 0.002 0.262
-0.155 0.032 0.131
0.173 -0.041 0.041
0.185 -0.042 0.102
-0.057 0.035 0.127
-0.14 0.012 0.266
-0.166 -0.008 0.125
0.043 -0.023 0.13
-0.198 -0.011 0.063
0.221 -0.027 0.263
0.191 -0.057 0.208
-0.19 0.099 0.263
-0.193 0.052 0.063
-0.133 0.059 0.128
-0.18 0.088 0.034
0.169 -0.069 0.127
0.2 -0.057 0.121
0.135 0.026 0.117
0.217 0.008 0.206
0.174 -0.069 0.127
0.18 -0.066 0.129
-0.119 -0.072 0.263
0.198 -0.056 0.141
0.182 -0.066 0.132
0.2 -0.039 0.063
0.211 0.016 0.149
0.17 -0.047 0.034
0.197 -0.058 0.109
0.006 -0.013 0.056
-0.036 -0.027 0.06
0.19 -0.062 0.132
0.136 0.067 0.107
-0.215 -0.011 0.068
0.157 0.066 0.264
0.169 0.019 0.273
0.189 -0.059 0.102
0.03 0.014 0.263
-0.201 -0.011 0.063
-0.175 0.094 0.039
-0.143 0.035 0.06
0.179 -0.067 0.123
0.119 0.012 0.059
0.181 -0.059 0.166
0.117 0.046 0.125
0.078 0.117 0.26
-0.024 -0.008 0.126
0.212 0.016 0.129
0.193 -0.06 0.125
0.217 -0.022 0.269
0.015 0.031 0.117
-0.035 0.055 0.126
-0.068 0.059 0.131
0.22 0.042 0.26
-0.175 -0.048 0.034
0.195 -0.06 0.128
-0.107 0.055 0.126
-0.198 0.036 0.068
-0.213 0.026 0.06
-0.035 0.061 0.117
-0.23 0.03 0.269
0.18 0.083 0.271
0.19 -0.058 0.206
-0.003 0.067 0.243
0.199 -0.058 0.116
0.117 -0.02 0.127
0.192 -0.061 0.116
-0.085 0.032 0.131
0.038 -0.08 0.263
0.192 -0.061 0.119
-0.162 -0.028 0.264
-0.107 -0.009 0.125
0.059 0.004 0.128
-0.208 -0.027 0.083
-0.024 0.036 0.126
-0.198 0.065 0.073
0.182 -0.061 0.189
0.032 0.052 0.06
0.204 -0.052 0.134
-0.159 0.065 0.067
-0.199 0.019 0.085
0.209 -0.003 0.067
0.069 0.107 0.067
0.128 0.007 0.134
0.135 0.012 0.119
-0.148 -0.064 0.063
0.098 0.053 0.126
-0.194 -0.05 0.102
-0.122 -0.018 0.126
-0.024 0.033 0.128
-0.229 -0.03 0.263
0.198 -0.058 0.122
-0.036 -0.018 0.06
-0.08 0.032 0.108
-0.148 0.1 0.063
-0.018 0.023 0.263
-0.179 0.042 0.067
0.162 0.043 0.119
-0.144 0.043 0.06
0.103 -0.013 0.055
-0.018 -0.023 0.261
-0.141 -0.029 0.242
0.03 0.069 0.263
-0.133 0.06 0.263
-0.211 0.065 0.078
-0.04 0.046 0.108
0.17 -0.049 0.14
0.152 0.032 0.261
0.125 -0.062 0.06
0.158 0.061 0.107
0.201 -0.056 0.112
0.128 -0.009 0.125
-0.041 0.053 0.126
-0.175 0.057 0.06
0.049 0.039 0.126
-0.109 0.052 0.055
0.188 -0.063 0.133
-0.23 0.008 0.262
-0.15 0.057 0.05
0.175 -0.049 0.041
0.203 -0.057 0.263
-0.217 0.003 0.085
-0.052 0.046 0.126
0.175 -0.057 0.101
-0.177 0.093 0.063
-0.216 -0.004 0.085
0.158 -0.011 0.243
-0.074 0.057 0.127
0.082 0.029 0.263
-0.159 -0.026 0.066
0.219 -0.034 0.262
0.188 -0.057 0.17
0.185 -0.064 0.124
0.16 -0.022 0.126
0.219 -0.005 0.227
-0.119 -0.029 0.107
-0.151 -0.025 0.064
-0.216 0.042 0.078
0.151 -0.016 0.125
0.217 0.009 0.26
-0.118 0.025 0.245
0.217 0.019 0.263
-0.129 0.012 0.06
-0.109 -0.066 0.063
0.093 0.06 0.13
0.175 -0.068 0.131
-0.083 0.117 0.26
0.187 0.019 0.06
0.152 0.097 0.039
0.133 0.06 0.134
0.034 0.112 0.176
-0.198 -0.024 0.078
-0.141 0.067 0.242
0.172 -0.069 0.122
0.14 0.026 0.06
-0.002 0.042 0.055
-0.024 -0.021 0.128
0.171 0.05 0.06
-0.213 -0.025 0.102
0.196 -0.059 0.115
-0.214 0.019 0.067
0.173 -0.07 0.263
0.226 0.066 0.26
0.224 -0.027 0.263
0.214 0.019 0.263
0.145 0.046 0.125
0.117 0.03 0.263
-0.036 0.052 0.056
0.098 -0.009 0.126
-0.179 0.052 0.063
0.216 0.022 0.208
0.135 0.022 0.274
0.134 0.008 0.263
-0.085 -0.016 0.126
0.219 0.035 0.263
-0.1 0.061 0.261
0.178 -0.064 0.106
-0.123 0.027 0.06
-0.041 -0.009 0.126
-0.198 0.064 0.081
-0.123 0.004 0.059
-0.156 -0.027 0.039
0.188 -0.062 0.219
0.209 0.031 0.27
0.015 0.03 0.263
-0.177 0.088 0.041
0.202 -0.056 0.121
-0.149 0.032 0.261
-0.076 -0.071 0.141
-0.121 -0.01 0.055
-0.155 -0.023 0.13
0.135 0.101 0.066
0.149 0.067 0.242
0.184 -0.065 0.132
-0.035 -0.001 0.126
0.186 -0.058 0.171
-0.101 0.004 0.128
0.152 -0.058 0.039
0.199 -0.057 0.109
0.077 0.032 0.131
0.196 0.041 0.271
-0.107 0.005 0.131
0.204 0.066 0.06
0.195 -0.055 0.189
0.077 0.038 0.125
0.208 0.058 0.078
-0.155 0.035 0.127
-0.231 -0.007 0.262
0.204 -0.027 0.066
0.212 0.064 0.27
-0.118 0.012 0.274
0.207 0.017 0.219
0.212 0.032 0.176
-0.176 -0.069 0.263
-0.208 0.066 0.071
0.171 -0.004 0.06
-0.052 -0.023 0.134
0.205 -0.052 0.131
-0.174 0.083 0.034
0.201 -0.055 0.135
0.231 -0.012 0.212
-0.175 -0.019 0.05
0.197 -0.059 0.128
0.158 0.043 0.273
0.17 -0.045 0.041
0.189 -0.062 0.137
0.049 -0.023 0.262
-0.116 -0.025 0.263
0.176 -0.065 0.137
-0.154 0.065 0.064
0.234 0.045 0.227
-0.003 -0.073 0.141
0.174 0.095 0.063
0.194 -0.06 0.116
0.224 -0.023 0.262
0.214 0.023 0.262
-0.157 -0.023 0.107
-0.002 0.063 0.063
0.065 0.005 0.131
0.21 0.019 0.063
0.075 0.061 0.107
0.093 0.001 0.126
0.179 -0.058 0.189
0.216 0.026 0.207
0.211 0.016 0.134
-0.211 0.066 0.071
0.195 -0.038 0.136
-0.162 0.066 0.273
-0.199 0.003 0.063
-0.217 0.009 0.085
-0.162 0.011 0.108
-0.229 -0.007 0.269
-0.198 0.003 0.073
0.209 0.043 0.067
0.212 0.014 0.269
-0.101 0.056 0.125
0.112 -0.024 0.134
0.216 -0.013 0.176
-0.122 0.012 0.055
0.189 -0.062 0.107
0.171 -0.055 0.067
0.176 -0.065 0.107
-0.193 -0.023 0.067
-0.212 0.062 0.073
0.159 -0.009 0.124
0.145 0.098 0.05
-0.002 0.107 0.063
-0.074 0.006 0.134
0.225 -0.018 0.263
0.198 -0.056 0.136
0.194 -0.06 0.129
-0.003 0.11 0.079
0.158 0.031 0.274
0.151 0.031 0.117
0.115 -0.01 0.055
-0.122 -0.022 0.128
0.2 -0.057 0.122
0.217 0.008 0.207
-0.191 0.057 0.05
-0.008 0.058 0.126
-0.161 0.097 0.063
-0.176 -0.066 0.269
0.032 0.042 0.055
0.231 0.049 0.226
-0.002 0.052 0.06
0.014 0.039 0.126
0.19 -0.062 0.133
0.189 -0.059 0.103
-0.199 0.017 0.072
-0.081 0.07 0.273
-0.133 0.005 0.131
0.177 -0.048 0.041
-0.198 0.062 0.078
0.118 0.019 0.055
0.181 -0.059 0.167
0.186 -0.061 0.205
-0.217 0.011 0.068
-0.008 0.001 0.126
0.213 -0.013 0.143
-0.212 -0.024 0.073
-0.191 0.057 0.04
0.205 -0.054 0.115
-0.176 0.026 0.063
0.184 -0.059 0.183
0.222 0.061 0.262
-0.161 0.109 0.262
0.082 0.031 0.134
0.113 0.067 0.265
0.216 0.012 0.206
0.151 -0.02 0.127
-0.213 0.063 0.083
-0.117 -0.008 0.125
-0.003 0.067 0.244
-0.003 0.067 0.119
0.203 -0.055 0.125
-0.019 -0.023 0.262
-0.142 -0.05 0.271
-0.198 -0.005 0.063
0.208 0.004 0.06
-0.188 0.021 0.072
0.151 -0.023 0.263
0.18 -0.066 0.11
-0.133 0.006 0.13
-0.158 0.067 0.265
0.187 -0.048 0.05
0.187 -0.063 0.134
0.193 -0.06 0.136
-0.132 0.008 0.263
-0.231 0.008 0.263
0.151 0.034 0.126
-0.074 0.046 0.126
-0.179 -0.014 0.066
-0.084 -0.023 0.261
0.192 -0.053 0.169
-0.117 0.036 0.125
-0.15 -0.061 0.05
0.135 0.012 0.117
-0.16 -0.026 0.067
0.176 -0.067 0.134
0.199 -0.058 0.13
0.192 -0.061 0.13
-0.229 0.067 0.26
0.001 -0.028 0.056
-0.229 0.014 0.263
0.193 -0.06 0.106
0.103 -0.013 0.056
-0.234 0.008 0.263
0.194 -0.059 0.139
0.174 -0.068 0.132
-0.106 0.005 0.128
0.152 0.032 0.262
0.19 -0.061 0.219
0.205 -0.051 0.124
-0.068 0.062 0.263
0.135 -0.063 0.066
0.21 0.007 0.063
-0.143 0.111 0.263
-0.003 0.005 0.128
0.137 0.057 0.06
0.128 0.053 0.125
0.112 0.032 0.13
-0.213 0.012 0.06
0.082 -0.018 0.126
-0.232 0.014 0.263
-0.212 0.043 0.06
0.198 -0.058 0.133
0.188 -0.057 0.171
0.204 -0.052 0.115
-0.201 0.019 0.063
0.098 0.059 0.131
-0.035 0.007 0.134
0.213 0.008 0.269
-0.154 -0.027 0.063
-0.163 0.043 0.265
0.035 0.019 0.274
0.214 0.001 0.269
-0.003 -0.071 0.063
-0.119 -0.029 0.273
0.113 0.012 0.266
0.032 0.107 0.063
0.078 0.111 0.263
0.152 -0.031 0.263
0.014 -0.02 0.126
0.164 0.103 0.176
-0.118 0.006 0.108
-0.041 0.059 0.131
-0.101 0.061 0.262
-0.074 0.055 0.126
0.21 0.012 0.06
-0.108 -0.064 0.06
0.186 -0.056 0.158
-0.035 -0.009 0.125
0.178 -0.067 0.111
0.214 0.014 0.262
-0.003 0.118 0.26
-0.018 -0.023 0.117
0.185 -0.064 0.135
0.191 -0.061 0.137
0.014 -0.023 0.262
-0.205 -0.039 0.063
0.186 -0.06 0.103
-0.155 -0.027 0.066
-0.129 0.066 0.06
-0.002 0.008 0.263
0.077 0.035 0.127
-0.16 -0.022 0.066
0.183 -0.065 0.133
0.181 -0.065 0.142
0.114 -0.075 0.263
0.108 -0.072 0.176
-0.101 -0.001 0.126
0.032 0.027 0.055
-0.107 0.006 0.13
-0.174 0.085 0.041
0.226 0.057 0.211
-0.192 0.103 0.259
0.002 -0.027 0.056
-0.175 0.013 0.064
0.191 -0.061 0.107
-0.211 -0.019 0.085
0.213 -0.044 0.262
-0.1 0.061 0.262
0.172 -0.069 0.133
0.035 -0.029 0.243
0.137 0.066 0.06
0.156 0.05 0.06
0.188 -0.062 0.22
0.18 -0.065 0.133
-0.073 -0.068 0.067
0.172 0.104 0.262
-0.003 0.06 0.134
0.228 -0.016 0.226
-0.121 -0.01 0.056
-0.149 0.032 0.262
0.098 0.014 0.263
-0.213 0.059 0.078
-0.2 0.059 0.063
0.191 -0.053 0.159
-0.193 0.042 0.063
0.175 -0.065 0.138
0.059 0.056 0.125
-0.222 0.019 0.27
-0.073 0.104 0.06
-0.214 -0.019 0.085
-0.142 0.057 0.06
-0.152 -0.019 0.04
0.128 0.006 0.13
0.151 -0.022 0.131
0.172 -0.067 0.118
-0.159 0.061 0.063
0.118 -0.023 0.117
0.0 0.068 0.055
-0.231 -0.007 0.263
0.204 -0.027 0.067
0.188 -0.06 0.205
-0.198 -0.027 0.073
-0.123 0.012 0.056
0.014 -0.016 0.125
-0.168 -0.032 0.272
-0.003 0.026 0.108
-0.165 0.03 0.251
0.202 -0.056 0.132
0.14 0.012 0.06
0.16 0.004 0.126
0.177 -0.068 0.122
0.189 -0.063 0.127
-0.209 -0.019 0.039
-0.068 0.005 0.128
0.158 0.005 0.274
0.112 -0.016 0.125
0.189 -0.062 0.138
0.19 -0.04 0.141
0.156 -0.018 0.06
-0.113 -0.014 0.055
0.097 -0.029 0.056
-0.141 0.057 0.06
0.186 -0.064 0.115
0.181 -0.066 0.134
0.186 -0.064 0.118
0.173 -0.067 0.115
0.19 -0.054 0.157
0.208 -0.011 0.067
0.158 0.059 0.243
-0.188 0.017 0.074
-0.139 0.056 0.125
0.001 0.067 0.056
0.184 -0.065 0.113
0.031 0.008 0.263
-0.002 0.061 0.263
-0.16 0.019 0.06
0.189 -0.062 0.108
-0.211 0.078 0.176
0.185 -0.057 0.182
0.176 -0.068 0.125
-0.203 -0.037 0.039
-0.161 -0.059 0.067
-0.219 0.009 0.141
-0.041 0.067 0.243
0.159 -0.009 0.125
-0.051 0.031 0.262
-0.019 0.031 0.117
0.171 0.094 0.06
-0.003 -0.029 0.243
0.194 -0.06 0.13
0.158 0.033 0.119
0.186 -0.063 0.139
-0.163 -0.011 0.273
0.114 -0.077 0.26
0.065 0.004 0.128
-0.168 0.006 0.274
0.241 0.019 0.214
-0.003 -0.077 0.263
0.194 -0.054 0.167
0.206 -0.019 0.05
0.189 -0.062 0.121
0.187 -0.055 0.158
-0.176 0.106 0.263
0.117 -0.018 0.125
0.18 -0.055 0.16
0.199 0.076 0.05
-0.052 0.038 0.125
0.193 -0.061 0.113
0.186 -0.061 0.206
0.186 -0.063 0.109
0.2 -0.057 0.133
-0.074 -0.001 0.126
0.173 -0.066 0.109
0.158 0.006 0.119
0.093 0.058 0.126
-0.141 0.066 0.06
-0.161 0.109 0.263
0.206 -0.019 0.04
0.006 0.052 0.056
0.171 0.026 0.06
-0.057 -0.018 0.126
-0.038 -0.072 0.141
-0.174 -0.047 0.041
-0.191 0.1 0.269
0.158 -0.012 0.245
0.035 0.012 0.119
-0.2 0.065 0.078
0.035 0.012 0.244
0.185 -0.065 0.126
-0.196 -0.051 0.141
0.183 -0.058 0.163
-0.148 -0.025 0.263
-0.041 -0.023 0.107
-0.222 0.007 0.27
0.18 -0.066 0.111
0.21 0.031 0.063
0.117 -0.023 0.134
0.193 -0.061 0.126
0.065 0.056 0.125
-0.019 0.034 0.126
0.156 0.107 0.269
0.193 -0.06 0.137
0.216 0.015 0.206
-0.133 0.004 0.128
-0.051 0.038 0.125
0.184 -0.059 0.194
0.133 0.005 0.128
-0.179 -0.014 0.067
0.19 -0.062 0.114
-0.117 0.036 0.126
0.209 -0.005 0.066
0.236 0.04 0.213
0.203 -0.055 0.136
0.211 0.016 0.177
0.031 0.061 0.263
0.206 0.057 0.06
-0.101 0.007 0.134
0.176 -0.067 0.135
0.186 -0.052 0.157
-0.205 0.041 0.271
-0.182 -0.044 0.041
0.207 -0.019 0.063
0.204 -0.055 0.123
0.11 -0.027 0.06
0.185 -0.042 0.143
0.222 0.056 0.263
-0.234 0.019 0.259
0.174 -0.069 0.122
0.014 0.031 0.117
0.18 -0.066 0.124
0.118 -0.024 0.263
-0.156 -0.026 0.066
-0.163 -0.005 0.245
-0.106 0.003 0.126
-0.117 0.033 0.128
0.192 -0.055 0.168
0.217 0.015 0.206
0.135 -0.063 0.067
0.177 -0.067 0.112
0.059 -0.001 0.126
0.184 -0.064 0.136
0.19 -0.061 0.138
0.204 0.096 0.26
-0.19 0.025 0.273
-0.04 0.026 0.108
-0.163 0.06 0.273
0.179 -0.067 0.118
0.152 0.099 0.06
-0.003 0.003 0.126
-0.163 -0.021 0.264
0.151 0.046 0.125
0.198 -0.058 0.134
-0.002 0.027 0.055
-0.018 -0.024 0.262
0.156 0.108 0.263
-0.179 -0.041 0.034
-0.084 -0.023 0.117
0.075 0.012 0.266
0.126 -0.067 0.102
-0.198 0.036 0.063
0.049 -0.008 0.125
0.211 -0.021 0.141
0.188 -0.017 0.272
0.117 0.032 0.261
0.03 0.06 0.261
0.19 -0.059 0.205
-0.038 0.111 0.141
-0.176 0.013 0.065
-0.23 0.019 0.269
0.184 -0.064 0.106
0.235 -0.007 0.224
0.014 -0.02 0.127
-0.101 0.061 0.263
0.208 0.022 0.13
0.192 -0.059 0.208
0.192 -0.061 0.111
0.216 0.043 0.269
-0.2 -0.024 0.083
0.145 0.033 0.128
0.191 -0.062 0.127
-0.051 0.032 0.13
0.182 -0.057 0.16
0.014 -0.023 0.263
0.17 -0.043 0.034
0.18 -0.063 0.212
0.112 -0.02 0.127
-0.1 -0.027 0.055
-0.003 -0.074 0.176
0.216 0.019 0.248
0.082 0.023 0.263
0.217 0.03 0.227
0.082 -0.023 0.261
0.076 -0.032 0.273
-0.207 0.066 0.063
-0.201 0.036 0.063
0.188 -0.063 0.115
0.091 -0.013 0.055
-0.163 0.05 0.243
0.183 -0.065 0.134
0.014 0.034 0.126
-0.139 -0.001 0.126
-0.002 0.006 0.261
0.015 0.032 0.261
0.11 -0.018 0.06
0.157 0.026 0.243
-0.198 0.055 0.063
-0.163 0.033 0.108
0.119 0.027 0.055
-0.057 0.031 0.134
0.035 0.005 0.108
0.138 -0.074 0.263
0.194 -0.053 0.16
-0.192 0.103 0.26
-0.084 0.03 0.262
-0.228 -0.016 0.269
0.194 -0.055 0.191
0.112 0.034 0.126
0.166 -0.048 0.271
0.194 -0.059 0.215
0.134 0.006 0.262
0.194 -0.058 0.211
0.187 -0.056 0.182
0.178 -0.067 0.125
-0.036 0.042 0.055
-0.179 0.065 0.063
0.138 0.056 0.06
-0.222 -0.046 0.26
0.152 0.067 0.242
-0.199 -0.024 0.083
0.175 0.095 0.101
-0.211 0.065 0.073
0.098 0.062 0.263
0.201 -0.056 0.107
0.175 -0.068 0.113
0.164 -0.051 0.111
0.145 -0.023 0.134
0.182 -0.065 0.137
0.188 -0.062 0.139
0.225 -0.02 0.211
0.203 -0.054 0.116
-0.142 -0.07 0.263
0.106 0.108 0.141
-0.114 -0.014 0.056
-0.155 0.031 0.134
0.009 -0.008 0.125
-0.139 0.101 0.067
0.236 -0.002 0.213
0.185 -0.064 0.116
0.158 -0.022 0.243
-0.003 0.025 0.244
-0.116 0.023 0.263
-0.116 -0.023 0.261
0.185 -0.064 0.119
0.191 -0.061 0.121
0.22 0.043 0.207
0.173 0.088 0.034
0.178 -0.045 0.041
0.182 -0.065 0.107
0.195 -0.059 0.133
-0.074 0.007 0.134
-0.216 0.049 0.078
0.009 0.036 0.125
0.221 0.073 0.263
-0.211 0.057 0.05
0.16 0.031 0.251
-0.21 0.057 0.06
0.189 -0.063 0.128
0.193 -0.053 0.167
-0.08 0.012 0.245
0.193 -0.056 0.187
0.152 -0.024 0.262
-0.068 0.003 0.126
0.187 -0.058 0.196
0.191 -0.055 0.207
0.185 -0.063 0.14
-0.113 -0.014 0.056
-0.057 -0.022 0.128
-0.019 0.03 0.262
0.186 -0.064 0.116
0.187 -0.064 0.126
0.196 -0.059 0.11
0.193 -0.059 0.14
-0.198 0.049 0.068
0.014 0.03 0.263
-0.15 -0.065 0.141
0.093 -0.001 0.125
-0.074 -0.009 0.125
0.158 0.059 0.119
0.158 0.059 0.244
0.172 -0.041 0.034
-0.121 -0.01 0.06
-0.035 0.006 0.13
0.184 -0.065 0.114
-0.106 0.06 0.13
-0.16 -0.004 0.06
0.156 -0.071 0.262
-0.198 -0.021 0.078
0.197 -0.056 0.108
0.031 0.006 0.261
0.185 -0.058 0.172
0.111 -0.074 0.217
-0.119 -0.077 0.26
0.049 -0.024 0.263
-0.081 -0.023 0.107
0.176 -0.068 0.126
-0.203 -0.037 0.04
-0.073 0.107 0.067
-0.041 -0.032 0.273
-0.085 0.031 0.134
-0.154 0.064 0.065
-0.198 0.059 0.084
0.192 -0.057 0.102
-0.051 -0.016 0.125
-0.041 0.067 0.244
-0.203 -0.037 0.063
-0.041 0.067 0.119
-0.051 0.031 0.263
0.158 0.033 0.117
-0.208 0.066 0.05
-0.003 -0.029 0.244
0.148 -0.068 0.176
-0.003 -0.029 0.119
0.158 0.033 0.245
-0.081 -0.032 0.273
0.186 -0.064 0.129
0.186 -0.063 0.14
-0.176 0.025 0.273
0.173 -0.067 0.129
-0.111 0.108 0.141
-0.084 -0.024 0.263
0.179 -0.064 0.131
-0.198 0.003 0.085
-0.161 0.111 0.26
-0.151 -0.027 0.064
0.078 -0.075 0.269
0.184 -0.065 0.127
-0.149 0.038 0.125
-0.2 0.062 0.083
0.201 0.092 0.262
-0.203 0.076 0.066
-0.14 0.025 0.243
-0.163 0.059 0.264
-0.036 0.107 0.063
-0.161 -0.069 0.262
0.038 -0.078 0.262
-0.074 0.059 0.128
0.059 0.007 0.134
-0.191 0.05 0.06
0.181 -0.066 0.118
-0.212 0.05 0.067
-0.211 0.064 0.081
0.158 0.006 0.117
0.173 -0.069 0.127
0.182 -0.062 0.208
0.125 0.057 0.06
-0.132 0.06 0.117
-0.008 -0.001 0.125
0.158 0.006 0.245
-0.172 0.086 0.271
0.202 -0.053 0.109
0.183 -0.06 0.192
0.098 0.005 0.128
-0.182 0.086 0.034
-0.149 0.035 0.127
0.158 -0.005 0.265
0.226 -0.022 0.259
0.241 0.019 0.225
-0.101 0.006 0.261
0.197 -0.059 0.123
-0.123 0.019 0.055
-0.176 0.104 0.262
0.22 0.05 0.263
0.035 0.012 0.117
-0.228 0.008 0.263
-0.149 -0.031 0.263
-0.036 0.027 0.055
-0.043 0.115 0.262
0.035 0.012 0.245
0.152 0.025 0.243
0.194 -0.06 0.111
-0.042 -0.052 0.271
0.149 -0.029 0.244
-0.041 0.005 0.128
0.149 -0.029 0.119
0.187 -0.061 0.102
-0.166 0.047 0.124
-0.085 -0.018 0.126
0.216 0.015 0.207
0.176 0.081 0.034
-0.132 0.006 0.262
-0.163 -0.005 0.273
-0.082 -0.052 0.271
0.212 0.022 0.13
0.2 -0.04 0.078
-0.083 -0.073 0.263
0.19 -0.062 0.115
-0.216 -0.005 0.086
-0.199 -0.052 0.176
-0.191 -0.018 0.06
0.156 0.026 0.06
-0.139 0.007 0.134
0.149 0.025 0.243
-0.21 -0.019 0.05
0.212 0.014 0.063
-0.12 0.115 0.263
0.2 -0.057 0.114
0.172 -0.068 0.262
-0.102 -0.029 0.055
-0.198 0.042 0.085
0.002 0.066 0.055
0.174 -0.069 0.123
0.18 -0.066 0.125
0.181 -0.062 0.215
-0.106 0.003 0.127
0.182 -0.066 0.128
-0.04 0.025 0.244
-0.181 0.082 0.034
-0.198 0.019 0.063
-0.199 0.035 0.085
-0.21 0.058 0.05
0.19 -0.062 0.128
-0.167 -0.064 0.176
0.139 0.05 0.06
0.035 0.067 0.265
0.184 -0.064 0.137
0.219 0.003 0.263
0.179 -0.067 0.116
-0.101 -0.027 0.056
-0.024 0.032 0.13
-0.08 0.025 0.244
0.034 -0.074 0.176
-0.143 -0.071 0.269
-0.003 0.003 0.127
0.179 -0.067 0.119
0.22 -0.004 0.263
-0.177 0.08 0.034
0.181 -0.059 0.162
-0.018 -0.024 0.263
0.187 -0.063 0.116
-0.217 0.011 0.063
0.103 0.052 0.056
-0.198 -0.016 0.068
0.187 -0.063 0.119
0.172 -0.048 0.041
0.2 -0.056 0.138
0.211 0.006 0.152
0.118 0.004 0.055
0.201 -0.057 0.114
0.195 -0.06 0.124
0.083 -0.024 0.262
0.212 0.019 0.078
0.112 0.046 0.126
0.093 0.006 0.134
0.049 -0.008 0.126
-0.23 -0.016 0.263
0.148 0.057 0.04
-0.14 0.012 0.117
0.133 0.006 0.263
0.203 -0.055 0.12
0.177 -0.067 0.126
-0.14 0.012 0.245
0.192 -0.061 0.112
-0.024 -0.016 0.126
0.077 0.031 0.134
-0.208 -0.027 0.079
-0.084 -0.008 0.126
0.2 -0.056 0.108
-0.162 0.027 0.108
-0.141 -0.029 0.265
0.221 -0.009 0.208
-0.209 0.096 0.26
-0.1 -0.027 0.056
-0.037 0.11 0.079
0.218 0.042 0.263
-0.04 0.005 0.108
0.204 -0.052 0.13
0.181 -0.065 0.138
0.187 -0.062 0.14
-0.231 0.054 0.26
-0.159 0.065 0.063
0.171 0.081 0.041
0.049 0.036 0.126
-0.207 -0.055 0.269
0.201 -0.057 0.127
-0.002 0.006 0.262
-0.175 -0.042 0.034
-0.216 -0.004 0.068
-0.143 0.113 0.26
-0.214 0.029 0.085
0.187 0.035 0.06
0.117 -0.031 0.263
0.198 -0.058 0.115
0.158 0.049 0.243
0.192 -0.061 0.125
-0.229 -0.03 0.259
0.152 0.012 0.245
-0.133 0.008 0.263
0.198 -0.058 0.118
-0.117 -0.024 0.134
0.158 0.032 0.108
-0.09 0.039 0.126
-0.179 0.042 0.063
-0.178 0.088 0.034
0.204 -0.054 0.128
-0.212 -0.012 0.06
0.169 -0.068 0.127
0.176 -0.041 0.034
0.192 -0.059 0.143
0.16 0.005 0.126
0.03 0.06 0.117
-0.109 -0.069 0.063
-0.214 0.035 0.067
0.025 0.058 0.126
0.149 0.012 0.245
-0.11 -0.069 0.102
0.185 -0.064 0.117
-0.1 0.06 0.263
-0.22 -0.018 0.27
-0.133 0.056 0.125
-0.116 -0.023 0.262
-0.141 0.067 0.265
-0.135 -0.069 0.176
-0.168 -0.023 0.273
-0.193 0.051 0.067
0.082 -0.023 0.117
0.241 0.013 0.214
-0.168 0.026 0.063
-0.119 0.067 0.242
-0.19 0.032 0.272
0.218 0.009 0.263
0.183 -0.065 0.115
0.015 0.032 0.117
-0.149 0.031 0.263
-0.019 -0.008 0.126
0.065 0.061 0.263
0.17 -0.068 0.127
0.201 -0.056 0.121
0.175 -0.068 0.127
0.171 -0.019 0.039
-0.163 0.031 0.245
0.099 0.007 0.263
0.009 0.036 0.126
0.113 -0.029 0.242
-0.211 -0.019 0.067
0.133 0.06 0.13
0.198 -0.057 0.109
0.152 -0.019 0.04
0.152 -0.024 0.263
0.232 0.05 0.225
-0.068 0.003 0.127
0.172 -0.069 0.115
0.185 -0.064 0.13
0.191 -0.061 0.132
0.187 -0.019 0.06
0.187 0.086 0.066
0.157 -0.028 0.107
0.215 0.009 0.263
0.059 -0.009 0.125
0.188 -0.057 0.182
0.196 -0.059 0.111
-0.106 0.053 0.126
0.158 0.059 0.117
0.077 -0.052 0.271
0.083 -0.023 0.117
0.049 -0.021 0.128
0.009 0.033 0.128
0.082 0.03 0.262
0.163 0.046 0.273
0.043 0.039 0.126
0.178 0.082 0.034
0.156 -0.071 0.263
-0.035 0.004 0.128
0.031 0.006 0.262
-0.217 0.035 0.078
0.138 0.109 0.262
0.106 -0.07 0.141
-0.008 0.046 0.126
-0.041 0.067 0.117
-0.226 0.053 0.263
-0.176 0.081 0.034
0.199 -0.057 0.135
-0.084 0.036 0.125
0.192 -0.057 0.103
-0.051 -0.016 0.126
0.217 0.043 0.263
-0.084 -0.021 0.128
0.187 0.043 0.06
0.181 -0.06 0.186
0.186 -0.064 0.13
-0.068 0.06 0.117
-0.22 -0.044 0.263
-0.218 0.029 0.102
0.24 0.019 0.226
-0.175 -0.055 0.06
0.196 -0.059 0.124
-0.007 -0.013 0.055
-0.035 0.06 0.134
-0.107 0.06 0.134
0.184 -0.065 0.128
-0.122 -0.008 0.125
-0.081 -0.029 0.273
0.192 -0.06 0.105
0.095 -0.028 0.055
0.093 0.046 0.125
-0.003 0.012 0.274
-0.101 -0.009 0.126
0.223 -0.014 0.227
-0.148 0.023 0.263
-0.11 0.107 0.079
-0.113 -0.014 0.06
-0.09 -0.02 0.126
0.204 -0.027 0.039
0.181 -0.066 0.116
0.098 0.06 0.261
-0.116 0.03 0.262
-0.157 0.012 0.265
0.173 -0.069 0.128
-0.101 0.053 0.125
0.207 0.017 0.215
-0.181 -0.042 0.041
0.205 0.057 0.039
0.205 -0.052 0.127
0.183 -0.063 0.213
-0.167 -0.008 0.247
0.213 -0.003 0.164
0.117 0.048 0.059
0.014 -0.008 0.126
0.224 -0.018 0.259
0.189 -0.062 0.133
0.208 0.024 0.27
-0.043 0.115 0.263
-0.036 0.004 0.055
0.176 -0.048 0.041
0.16 0.061 0.251
-0.176 -0.07 0.26
0.149 -0.029 0.117
0.186 -0.058 0.183
0.21 0.022 0.216
0.222 0.075 0.259
0.032 -0.014 0.059
0.181 -0.066 0.129
-0.052 0.035 0.127
-0.008 0.055 0.126
0.189 -0.056 0.17
-0.178 -0.049 0.041
-0.118 0.012 0.243
-0.019 0.036 0.125
0.17 -0.07 0.124
-0.019 -0.021 0.128
-0.176 -0.055 0.067
-0.182 0.085 0.041
-0.211 -0.027 0.073
0.171 -0.055 0.04
0.133 0.003 0.127
-0.003 -0.028 0.055
0.225 0.056 0.263
-0.175 0.004 0.06
-0.081 0.067 0.273
0.158 0.046 0.265
-0.193 -0.023 0.063
0.222 0.049 0.26
0.136 -0.029 0.242
-0.074 0.006 0.13
0.2 -0.057 0.115
0.172 -0.068 0.263
0.194 -0.06 0.125
0.002 0.066 0.056
-0.133 0.061 0.262
-0.167 0.019 0.274
0.183 -0.064 0.108
0.206 -0.053 0.128
0.217 0.034 0.227
0.095 0.067 0.056
-0.233 0.001 0.26
-0.101 0.006 0.117
-0.043 -0.076 0.269
0.043 -0.02 0.126
-0.083 0.114 0.262
0.211 0.022 0.134
-0.106 0.001 0.125
-0.211 -0.018 0.06
0.199 -0.056 0.109
0.104 -0.069 0.079
-0.003 0.001 0.125
0.194 -0.054 0.211
0.2 -0.057 0.128
0.18 -0.066 0.136
0.2 -0.056 0.139
-0.041 -0.029 0.117
0.065 0.006 0.261
0.19 -0.058 0.197
0.083 -0.024 0.263
0.17 -0.067 0.13
0.181 -0.062 0.104
0.185 -0.056 0.171
0.19 -0.027 0.271
0.025 -0.001 0.125
0.203 -0.055 0.121
-0.15 0.1 0.05
0.158 0.046 0.248
0.203 -0.053 0.133
0.136 0.067 0.242
0.239 0.029 0.213
0.032 0.048 0.055
-0.213 0.043 0.089
0.179 -0.067 0.13
-0.057 0.039 0.126
0.151 -0.023 0.134
0.172 -0.068 0.121
-0.068 0.001 0.126
-0.159 0.06 0.066
-0.003 0.067 0.056
0.187 -0.063 0.13
-0.162 0.027 0.274
0.181 -0.065 0.139
-0.003 0.059 0.107
-0.114 -0.019 0.06
0.128 0.057 0.127
0.217 0.003 0.207
0.134 0.069 0.263
0.205 -0.054 0.124
0.225 0.057 0.224
-0.2 -0.021 0.084
-0.036 -0.014 0.055
-0.036 -0.069 0.066
0.113 0.025 0.243
-0.214 0.026 0.06
-0.175 -0.053 0.039
-0.106 0.061 0.134
-0.051 0.046 0.126
0.187 0.058 0.039
0.014 -0.021 0.128
0.192 -0.056 0.185
-0.16 -0.026 0.063
0.191 -0.051 0.158
-0.193 0.014 0.066
0.177 -0.065 0.109
-0.179 0.096 0.102
0.193 -0.054 0.169
0.192 -0.059 0.22
0.128 0.005 0.128
0.093 0.005 0.131
0.206 0.058 0.066
0.158 0.049 0.244
0.158 0.049 0.119
-0.16 -0.068 0.263
0.215 -0.048 0.259
0.043 -0.022 0.131
0.192 -0.061 0.126
0.199 -0.058 0.126
0.125 -0.011 0.06
0.193 -0.052 0.187
0.204 -0.055 0.118
-0.155 0.039 0.126
0.099 0.061 0.261
-0.003 0.033 0.108
0.216 0.019 0.26
-0.234 0.008 0.259
0.156 0.11 0.26
-0.003 0.006 0.263
0.091 0.052 0.055
0.015 0.031 0.262
-0.04 0.012 0.274
0.075 0.067 0.243
-0.194 -0.05 0.063
-0.179 0.051 0.066
0.113 0.067 0.244
0.113 0.067 0.119
0.183 -0.062 0.206
-0.191 0.026 0.06
0.178 0.084 0.041
0.152 -0.06 0.05
-0.208 -0.027 0.06
0.177 -0.047 0.041
-0.139 -0.063 0.067
-0.162 -0.028 0.244
-0.162 -0.028 0.119
0.198 -0.058 0.129
0.172 -0.07 0.26
0.241 0.013 0.215
-0.083 -0.076 0.262
-0.216 0.043 0.068
0.209 0.004 0.066
-0.003 0.006 0.108
-0.157 0.025 0.274
0.171 -0.069 0.124
0.014 0.032 0.261
0.151 0.032 0.261
-0.176 -0.068 0.262
0.03 0.006 0.263
0.076 0.047 0.108
0.17 0.084 0.041
-0.23 0.008 0.269
0.239 0.035 0.224
0.191 -0.051 0.141
0.152 -0.06 0.04
0.119 0.027 0.06
0.119 0.004 0.059
0.117 0.038 0.125
0.143 -0.065 0.079
0.082 -0.008 0.126
-0.008 0.005 0.131
0.158 -0.023 0.244
0.158 -0.023 0.119
0.135 0.032 0.108
0.185 -0.064 0.131
0.191 -0.061 0.133
-0.191 -0.048 0.066
0.189 -0.061 0.142
0.059 -0.009 0.126
0.038 0.115 0.262
-0.169 0.012 0.063
0.157 -0.028 0.273
0.065 0.003 0.126
0.188 -0.063 0.11
-0.117 0.031 0.262
0.125 0.103 0.066
0.188 0.088 0.063
0.135 -0.009 0.108
0.191 -0.055 0.17
-0.176 -0.048 0.041
-0.177 -0.054 0.063
0.059 0.053 0.125
-0.123 -0.008 0.126
0.226 -0.027 0.263
0.117 0.035 0.127
-0.003 0.114 0.262
0.214 0.022 0.216
0.071 0.11 0.141
-0.2 0.064 0.081
0.178 -0.067 0.12
0.113 -0.01 0.108
0.203 0.066 0.039
-0.163 0.043 0.119
0.219 -0.005 0.207
-0.193 -0.004 0.066
0.139 0.026 0.06
0.109 -0.018 0.06
-0.163 -0.023 0.264
0.24 0.019 0.227
0.196 -0.059 0.125
0.113 0.012 0.245
0.223 -0.027 0.263
-0.003 0.06 0.13
0.182 -0.065 0.132
0.186 -0.062 0.143
-0.002 -0.014 0.059
0.097 0.068 0.056
0.17 -0.046 0.034
-0.18 -0.041 0.034
0.189 -0.065 0.263
0.208 0.05 0.066
0.185 -0.061 0.219
0.145 -0.066 0.141
-0.139 -0.009 0.126
0.093 0.046 0.126
-0.167 -0.011 0.243
-0.148 -0.023 0.262
-0.155 -0.02 0.126
0.162 0.014 0.274
0.221 -0.01 0.227
-0.116 0.03 0.263
-0.139 0.053 0.125
-0.101 0.053 0.126
0.202 -0.056 0.128
-0.175 -0.047 0.034
0.197 -0.037 0.112
0.219 0.021 0.219
0.183 -0.063 0.214
0.225 -0.028 0.259
0.218 0.034 0.207
-0.216 0.049 0.073
-0.176 0.019 0.273
0.098 0.003 0.127
0.186 -0.005 0.272
0.189 -0.063 0.123
0.185 -0.063 0.217
-0.003 0.09 0.271
-0.209 -0.022 0.27
0.037 -0.052 0.271
0.222 -0.023 0.262
-0.09 0.034 0.126
0.195 -0.053 0.165
0.193 -0.059 0.217
-0.083 -0.078 0.259
0.204 0.066 0.067
0.009 -0.024 0.134
0.186 -0.064 0.111
0.187 -0.064 0.121
-0.129 0.004 0.06
0.172 -0.007 0.273
0.181 -0.066 0.13
-0.041 0.003 0.127
-0.198 0.049 0.063
-0.019 0.036 0.126
-0.003 -0.08 0.263
0.212 0.024 0.269
-0.1 0.066 0.055
-0.001 0.065 0.071
0.109 0.052 0.056
-0.175 -0.019 0.06
0.082 0.036 0.125
0.059 0.006 0.13
0.176 -0.068 0.121
0.145 0.032 0.131
0.18 -0.059 0.164
0.043 0.046 0.125
-0.161 -0.059 0.063
-0.114 0.052 0.059
-0.16 -0.019 0.06
0.098 0.06 0.117
-0.193 -0.013 0.067
0.145 0.038 0.125
0.156 -0.012 0.06
-0.074 0.004 0.128
-0.019 0.033 0.128
-0.1 0.014 0.263
-0.133 0.061 0.263
0.186 -0.063 0.135
0.093 0.055 0.126
-0.035 0.008 0.263
-0.006 -0.025 0.064
-0.106 0.057 0.127
0.201 -0.055 0.112
0.173 -0.066 0.135
-0.123 0.036 0.125
-0.041 -0.029 0.273
-0.123 -0.021 0.128
-0.162 0.011 0.243
-0.106 0.001 0.126
0.189 -0.062 0.114
0.184 -0.062 0.105
0.194 -0.054 0.163
0.065 -0.009 0.126
-0.123 0.019 0.06
-0.123 -0.004 0.059
0.077 0.09 0.271
-0.129 -0.064 0.06
0.093 -0.009 0.125
0.195 0.013 0.272
-0.16 0.06 0.067
-0.04 0.006 0.108
0.145 0.035 0.127
-0.074 0.06 0.134
-0.143 0.026 0.06
-0.16 0.043 0.06
-0.003 0.001 0.126
0.198 0.093 0.217
0.186 -0.063 0.105
0.077 0.039 0.126
0.2 -0.057 0.129
-0.117 0.032 0.13
-0.191 0.057 0.06
-0.024 0.046 0.126
0.221 0.056 0.216
-0.161 -0.073 0.263
0.025 -0.001 0.126
0.191 -0.06 0.218
-0.107 0.007 0.134
0.218 0.035 0.26
-0.163 0.061 0.244
-0.163 0.061 0.119
-0.151 0.065 0.07
0.117 -0.023 0.13
0.193 -0.061 0.122
-0.003 0.11 0.102
-0.051 0.029 0.263
0.225 0.057 0.225
-0.163 0.007 0.274
0.181 -0.064 0.103
-0.15 0.103 0.141
0.119 0.035 0.059
0.19 -0.062 0.11
0.197 -0.058 0.13
-0.193 0.014 0.067
-0.157 -0.008 0.108
-0.008 -0.009 0.125
0.157 0.011 0.245
-0.169 0.026 0.065
0.128 -0.068 0.141
-0.201 0.012 0.085
0.065 0.007 0.134
0.215 -0.048 0.26
0.204 -0.055 0.116
0.03 0.007 0.262
0.032 -0.069 0.06
-0.199 -0.005 0.063
-0.133 0.006 0.262
-0.229 0.024 0.263
0.135 0.026 0.108
0.065 0.006 0.117
0.179 -0.066 0.11
0.174 -0.069 0.118
0.18 -0.066 0.12
0.188 -0.061 0.219
0.133 0.007 0.262
0.187 -0.048 0.06
-0.018 0.031 0.261
0.091 0.052 0.056
0.113 0.067 0.117
0.015 0.031 0.263
0.075 0.067 0.244
0.075 0.067 0.119
-0.035 0.061 0.263
-0.163 0.031 0.274
0.184 -0.064 0.132
-0.146 0.063 0.064
0.21 0.017 0.216
0.059 0.059 0.131
0.192 -0.061 0.137
0.192 -0.058 0.105
0.187 -0.063 0.111
-0.232 0.024 0.263
0.195 -0.054 0.189
-0.198 -0.016 0.063
-0.035 0.005 0.128
-0.209 -0.058 0.263
-0.068 0.058 0.126
0.173 -0.068 0.132
0.158 -0.008 0.112
0.195 -0.06 0.119
0.103 0.104 0.067
-0.176 -0.068 0.263
-0.036 -0.014 0.059
-0.174 0.084 0.034
0.151 0.038 0.125
0.075 -0.029 0.243
0.176 -0.067 0.111
0.158 -0.023 0.117
-0.174 0.013 0.064
-0.163 0.006 0.243
-0.159 -0.027 0.063
-0.208 0.094 0.262
-0.191 -0.048 0.067
-0.117 -0.022 0.131
0.224 -0.022 0.262
-0.157 -0.022 0.107
-0.117 -0.016 0.125
0.188 -0.063 0.111
-0.106 0.006 0.134
0.112 -0.023 0.134
0.201 -0.056 0.133
-0.217 0.003 0.063
0.118 0.031 0.261
-0.057 -0.008 0.125
0.173 0.058 0.273
0.151 -0.031 0.263
-0.167 0.043 0.245
0.21 0.012 0.067
-0.163 -0.021 0.243
0.035 0.025 0.266
0.178 -0.067 0.121
-0.163 0.043 0.117
0.186 -0.062 0.22
0.187 -0.062 0.105
0.134 0.062 0.263
0.174 0.08 0.034
-0.141 0.07 0.273
-0.193 -0.027 0.066
0.151 0.032 0.117
0.036 -0.076 0.217
-0.214 -0.016 0.068
0.198 -0.038 0.067
0.152 0.059 0.107
0.075 0.012 0.245
0.098 -0.028 0.055
0.188 -0.063 0.124
0.184 -0.063 0.218
0.145 -0.023 0.13
0.182 -0.065 0.133
-0.057 0.036 0.125
0.176 0.068 0.272
0.076 0.07 0.273
0.221 -0.023 0.263
0.184 -0.055 0.181
-0.003 -0.076 0.262
0.185 0.025 0.273
-0.057 0.034 0.126
0.185 -0.064 0.112
0.213 -0.044 0.269
-0.155 0.064 0.065
0.184 -0.063 0.142
0.172 -0.067 0.112
-0.217 0.081 0.263
0.2 -0.035 0.121
0.217 0.03 0.206
0.152 0.033 0.108
-0.198 -0.004 0.068
0.149 0.059 0.107
0.183 -0.065 0.11
-0.036 0.048 0.055
-0.181 -0.043 0.041
-0.101 0.066 0.056
-0.139 0.053 0.126
0.196 -0.059 0.136
0.172 0.104 0.269
-0.158 -0.029 0.107
0.175 -0.068 0.122
-0.007 0.052 0.055
-0.211 -0.019 0.039
0.112 -0.022 0.128
0.225 -0.028 0.26
0.043 0.034 0.126
0.03 0.058 0.126
-0.052 0.031 0.134
0.032 0.11 0.079
-0.228 0.054 0.262
0.133 0.061 0.261
-0.003 0.111 0.141
0.098 0.001 0.125
0.212 0.032 0.135
0.149 0.033 0.108
0.128 0.06 0.13
0.049 0.031 0.262
0.217 -0.012 0.263
0.162 -0.011 0.244
0.162 -0.011 0.119
0.099 -0.027 0.056
-0.163 -0.012 0.243
-0.21 -0.028 0.071
0.03 0.001 0.126
-0.179 -0.013 0.066
-0.192 0.016 0.072
0.133 0.057 0.127
-0.217 -0.005 0.102
-0.101 0.059 0.131
-0.217 0.035 0.073
0.082 0.036 0.126
0.195 -0.058 0.141
-0.123 0.035 0.055
0.049 -0.024 0.134
0.158 -0.059 0.063
-0.14 0.025 0.266
0.098 0.067 0.056
0.161 -0.063 0.141
0.185 -0.063 0.106
0.199 -0.057 0.13
0.217 0.042 0.262
-0.229 0.068 0.26
0.216 0.014 0.259
0.137 -0.019 0.06
0.032 0.019 0.055
0.213 0.017 0.216
0.186 -0.064 0.125
0.238 0.003 0.213
-0.159 0.064 0.066
0.174 -0.067 0.132
-0.152 0.099 0.039
-0.084 -0.024 0.134
0.103 0.105 0.06
-0.191 -0.019 0.039
0.082 0.033 0.128
-0.213 -0.005 0.066
-0.203 0.076 0.039
0.189 -0.062 0.115
0.184 -0.065 0.123
-0.227 0.03 0.217
-0.157 0.026 0.119
-0.149 0.029 0.263
-0.231 0.044 0.262
-0.043 0.117 0.26
0.221 0.058 0.262
-0.187 -0.062 0.217
0.181 -0.066 0.111
-0.133 0.003 0.126
-0.122 0.035 0.055
0.171 0.094 0.067
0.065 0.053 0.126
-0.024 -0.018 0.125
0.22 -0.008 0.26
0.173 -0.069 0.123
-0.148 0.03 0.263
0.188 -0.059 0.206
0.173 -0.049 0.034
-0.068 0.061 0.261
0.197 -0.059 0.116
0.113 0.005 0.108
0.214 0.017 0.216
-0.001 0.068 0.055
0.078 -0.077 0.263
0.197 -0.059 0.119
-0.138 -0.071 0.217
0.166 -0.05 0.109
0.225 -0.019 0.227
0.109 0.052 0.06
0.189 -0.062 0.128
-0.163 0.061 0.117
0.206 -0.019 0.06
-0.163 -0.008 0.114
-0.12 -0.077 0.263
0.11 -0.014 0.056
-0.106 0.046 0.125
0.194 -0.06 0.107
0.214 -0.005 0.146
0.17 0.032 0.273
0.199 0.076 0.06
-0.019 0.031 0.262
0.14 0.004 0.06
-0.068 -0.001 0.125
0.188 -0.041 0.103
-0.155 -0.026 0.066
-0.001 -0.025 0.063
0.098 0.007 0.262
-0.162 0.066 0.264
-0.038 -0.072 0.102
-0.051 -0.018 0.126
0.206 -0.051 0.125
0.187 0.057 0.05
0.138 -0.073 0.262
-0.084 0.031 0.261
-0.019 -0.024 0.134
-0.163 0.059 0.243
0.212 0.019 0.262
0.032 -0.071 0.063
0.173 0.08 0.041
0.128 0.003 0.127
-0.101 0.005 0.128
0.03 0.007 0.263
0.2 -0.057 0.11
0.172 -0.068 0.133
0.194 -0.06 0.12
0.174 -0.069 0.116
-0.158 0.067 0.273
0.198 0.076 0.063
0.158 0.031 0.265
0.193 -0.061 0.133
-0.123 0.043 0.055
-0.157 0.012 0.243
0.216 0.023 0.26
0.174 -0.069 0.119
0.025 0.046 0.126
0.188 -0.061 0.22
-0.163 0.099 0.063
-0.018 0.031 0.262
0.075 0.067 0.117
0.181 -0.062 0.211
0.158 -0.005 0.119
-0.163 0.005 0.245
0.187 0.057 0.04
0.19 -0.062 0.124
0.115 0.115 0.263
0.24 0.013 0.227
0.232 -0.012 0.213
0.179 -0.067 0.112
-0.168 0.046 0.273
0.159 0.045 0.124
-0.155 -0.008 0.125
-0.09 -0.008 0.126
0.187 -0.063 0.112
0.193 -0.06 0.114
0.204 -0.055 0.13
0.049 0.032 0.13
0.038 0.117 0.26
0.2 -0.056 0.134
0.184 -0.058 0.17
0.195 -0.06 0.117
0.225 -0.023 0.263
-0.043 -0.078 0.262
0.195 -0.06 0.12
-0.165 0.031 0.126
0.093 0.006 0.13
-0.175 -0.065 0.263
-0.2 -0.041 0.271
-0.198 0.019 0.069
-0.003 0.067 0.107
0.035 -0.009 0.108
0.133 0.006 0.134
-0.171 0.105 0.217
-0.084 0.032 0.13
0.192 -0.061 0.108
-0.163 0.006 0.119
-0.214 -0.02 0.086
0.179 -0.067 0.125
-0.09 0.036 0.126
-0.208 -0.027 0.075
0.207 0.021 0.219
-0.208 0.094 0.263
0.172 0.088 0.041
0.171 -0.042 0.034
-0.083 -0.077 0.263
0.183 -0.062 0.142
0.103 -0.066 0.06
0.187 -0.063 0.125
0.182 -0.063 0.212
-0.2 0.055 0.063
-0.211 -0.028 0.063
0.065 0.001 0.125
0.078 -0.079 0.26
0.201 -0.057 0.123
-0.133 -0.009 0.126
0.184 -0.064 0.113
-0.211 -0.026 0.078
-0.157 0.019 0.274
-0.002 0.062 0.263
0.135 0.012 0.108
-0.09 0.033 0.128
-0.181 0.087 0.034
0.198 -0.058 0.111
-0.133 0.053 0.125
0.194 -0.05 0.165
0.199 -0.058 0.121
0.192 -0.061 0.121
-0.163 -0.021 0.244
-0.163 -0.021 0.119
-0.213 -0.033 0.27
-0.051 0.032 0.262
-0.019 0.032 0.117
-0.085 -0.008 0.125
0.025 -0.009 0.125
-0.119 0.067 0.265
0.119 0.019 0.056
0.119 -0.004 0.055
-0.229 0.054 0.263
0.188 -0.063 0.125
-0.057 0.036 0.126
-0.175 0.026 0.064
0.185 -0.059 0.184
-0.1 0.008 0.263
-0.163 0.033 0.243
0.194 -0.053 0.167
-0.159 0.087 0.271
0.191 -0.039 0.105
0.202 0.024 0.271
0.191 -0.056 0.22
-0.155 0.064 0.066
0.178 -0.067 0.132
-0.085 0.036 0.125
0.098 0.058 0.126
-0.229 0.045 0.262
-0.019 0.032 0.13
0.186 -0.06 0.206
-0.147 -0.062 0.067
0.183 -0.065 0.111
-0.068 0.006 0.134
-0.232 0.054 0.263
0.151 0.032 0.131
0.201 -0.056 0.114
0.196 -0.059 0.137
0.147 -0.059 0.039
0.043 0.036 0.126
-0.149 0.031 0.134
-0.199 0.021 0.072
0.065 0.061 0.134
0.118 0.031 0.117
0.216 0.043 0.216
0.175 -0.068 0.123
-0.211 -0.019 0.04
-0.041 0.058 0.126
0.014 0.038 0.125
0.22 -0.012 0.262
-0.002 0.019 0.055
-0.074 0.005 0.128
0.098 0.001 0.126
-0.143 -0.073 0.262
0.187 0.086 0.039
0.198 -0.057 0.105
0.172 -0.069 0.111
0.185 -0.064 0.126
-0.16 0.064 0.067
-0.179 -0.049 0.034
0.191 -0.061 0.128
-0.09 -0.021 0.128
0.015 -0.025 0.263
0.175 0.095 0.078
0.24 0.024 0.213
0.112 0.038 0.125
0.049 -0.016 0.125
-0.041 -0.022 0.107
0.162 -0.011 0.117
0.172 -0.067 0.126
-0.185 -0.046 0.271
0.187 -0.056 0.205
-0.15 -0.025 0.064
-0.002 0.065 0.071
-0.163 -0.012 0.119
0.182 -0.065 0.114
0.191 -0.058 0.142
0.183 -0.065 0.124
0.115 0.048 0.055
-0.041 0.001 0.126
-0.233 -0.008 0.26
-0.073 -0.066 0.06
0.151 0.035 0.127
0.201 -0.053 0.11
-0.179 -0.013 0.067
0.157 0.027 0.119
-0.139 0.059 0.131
-0.2 0.059 0.084
-0.084 -0.016 0.125
-0.172 0.026 0.063
-0.051 -0.022 0.128
-0.203 0.092 0.217
0.014 -0.031 0.263
0.075 0.025 0.244
0.22 0.073 0.263
-0.123 0.035 0.056
-0.211 0.057 0.06
0.031 0.062 0.263
0.191 -0.053 0.183
-0.222 0.084 0.263
0.112 0.035 0.127
-0.156 0.099 0.04
-0.12 -0.073 0.262
0.151 -0.024 0.262
0.188 -0.056 0.156
0.172 -0.069 0.124
-0.163 0.042 0.243
0.216 0.014 0.26
-0.204 0.025 0.271
0.118 -0.023 0.263
0.195 -0.059 0.11
0.196 -0.059 0.12
0.195 -0.058 0.106
-0.198 0.049 0.078
-0.218 0.064 0.27
-0.003 0.061 0.261
-0.179 0.08 0.041
-0.035 0.006 0.262
0.177 0.087 0.034
-0.035 0.06 0.13
0.133 0.061 0.117
0.238 0.035 0.226
-0.157 0.026 0.117
0.215 -0.005 0.263
0.189 -0.057 0.221
-0.106 -0.001 0.125
0.213 0.042 0.154
-0.149 -0.018 0.126
-0.231 0.044 0.263
0.134 0.06 0.261
0.185 0.032 0.272
0.009 -0.022 0.131
0.133 0.046 0.125
-0.234 0.03 0.263
0.059 0.005 0.128
0.075 0.114 0.217
-0.024 -0.018 0.126
0.162 -0.005 0.119
-0.003 0.057 0.127
-0.208 0.066 0.06
-0.003 -0.001 0.125
0.156 0.109 0.263
-0.118 0.012 0.266
0.173 -0.067 0.136
0.009 -0.016 0.125
0.202 -0.056 0.123
0.179 -0.064 0.138
-0.068 0.061 0.262
-0.167 -0.008 0.115
0.185 -0.057 0.157
0.197 -0.059 0.117
0.227 -0.022 0.263
0.03 0.061 0.261
-0.159 -0.022 0.067
-0.16 0.056 0.06
0.113 0.033 0.108
0.158 0.043 0.265
0.189 -0.063 0.118
-0.101 0.062 0.263
0.158 0.005 0.265
0.035 -0.023 0.107
0.201 0.092 0.269
0.199 -0.057 0.111
0.204 0.066 0.039
0.143 0.103 0.079
0.157 0.011 0.274
0.136 -0.029 0.265
-0.117 0.046 0.126
-0.037 0.109 0.063
-0.019 0.031 0.263
0.182 -0.055 0.171
0.181 -0.066 0.125
0.077 -0.008 0.125
-0.001 -0.027 0.071
-0.119 0.114 0.26
-0.068 -0.001 0.126
0.17 -0.07 0.117
0.038 0.118 0.259
-0.001 -0.025 0.064
0.065 0.059 0.131
0.218 0.003 0.26
0.239 0.003 0.224
-0.101 0.06 0.261
-0.157 0.061 0.107
0.191 -0.057 0.195
0.174 -0.041 0.041
0.203 -0.056 0.123
-0.176 0.104 0.269
0.138 -0.073 0.263
0.176 0.088 0.041
-0.192 0.104 0.26
0.135 0.025 0.245
-0.084 0.031 0.262
-0.143 -0.075 0.259
0.213 -0.003 0.176
-0.202 0.075 0.039
0.182 -0.059 0.162
-0.139 0.005 0.128
0.217 0.025 0.206
0.183 -0.058 0.171
0.204 -0.058 0.26
0.194 -0.057 0.211
0.158 0.051 0.119
0.212 0.024 0.063
0.153 -0.05 0.271
0.194 -0.06 0.121
0.213 0.032 0.129
0.082 -0.024 0.134
0.179 -0.058 0.191
-0.157 0.012 0.119
0.218 0.003 0.227
-0.16 -0.012 0.06
0.077 0.034 0.126
0.221 0.047 0.227
-0.231 -0.016 0.26
0.225 0.056 0.226
0.17 0.083 0.034
0.201 -0.055 0.107
-0.081 -0.008 0.108
0.114 0.113 0.262
0.158 -0.005 0.117
0.189 -0.056 0.182
0.118 0.03 0.263
0.158 -0.005 0.245
0.225 -0.019 0.211
0.203 -0.053 0.116
-0.051 -0.023 0.261
-0.218 0.019 0.086
-0.068 0.046 0.125
0.136 0.067 0.265
0.069 -0.068 0.063
-0.123 -0.024 0.134
0.11 -0.014 0.06
0.234 -0.007 0.227
0.194 -0.052 0.176
-0.21 -0.019 0.06
-0.155 -0.008 0.126
-0.133 0.059 0.131
0.2 -0.057 0.124
-0.175 0.082 0.034
0.18 -0.066 0.132
-0.043 -0.078 0.263
-0.035 0.003 0.127
0.113 0.025 0.266
-0.194 0.088 0.079
0.203 -0.055 0.114
0.19 -0.062 0.135
-0.163 0.006 0.117
0.189 -0.059 0.105
-0.21 0.058 0.06
-0.104 0.067 0.055
-0.212 -0.005 0.06
0.152 -0.023 0.262
0.179 -0.067 0.126
-0.155 0.036 0.126
-0.198 0.065 0.063
0.187 -0.057 0.196
0.181 -0.059 0.169
-0.151 0.065 0.065
-0.211 -0.012 0.06
0.151 -0.023 0.13
0.147 0.098 0.039
-0.141 -0.023 0.107
0.078 0.117 0.263
0.187 -0.063 0.126
-0.217 0.011 0.073
-0.123 0.043 0.059
0.207 0.056 0.27
0.109 0.057 0.06
-0.198 -0.016 0.078
0.179 -0.066 0.135
0.014 0.031 0.263
0.205 -0.054 0.12
0.22 0.042 0.263
0.195 -0.06 0.131
0.049 -0.02 0.127
0.114 0.089 0.271
0.082 0.031 0.261
-0.036 0.019 0.055
0.035 0.067 0.117
-0.152 0.057 0.039
-0.156 0.064 0.067
0.206 0.058 0.039
0.099 0.066 0.055
0.193 -0.054 0.165
0.135 0.012 0.274
0.177 -0.067 0.133
0.192 -0.059 0.216
-0.155 0.033 0.128
0.156 0.004 0.06
0.152 -0.023 0.107
-0.081 -0.022 0.107
-0.133 0.053 0.126
0.192 -0.061 0.122
0.133 -0.001 0.126
-0.151 0.063 0.063
-0.188 0.021 0.074
-0.142 -0.019 0.06
0.218 -0.005 0.263
-0.157 0.022 0.274
0.179 -0.066 0.105
0.174 -0.068 0.124
0.156 0.098 0.067
0.14 0.035 0.06
0.186 -0.062 0.14
0.219 -0.012 0.263
-0.003 0.006 0.134
0.082 0.032 0.117
-0.084 -0.023 0.263
-0.106 0.059 0.128
-0.16 0.057 0.05
0.025 0.053 0.125
0.125 -0.019 0.06
-0.175 0.026 0.065
0.138 -0.075 0.26
0.149 -0.023 0.107
0.145 0.031 0.134
0.083 0.031 0.261
-0.122 0.039 0.126
0.158 -0.011 0.273
-0.163 0.06 0.264
0.198 -0.058 0.125
-0.157 0.005 0.108
0.009 0.046 0.125
0.178 -0.067 0.133
-0.085 0.036 0.126
-0.212 -0.012 0.067
-0.019 0.032 0.131
0.152 0.07 0.273
-0.175 0.057 0.04
0.189 -0.055 0.159
0.158 -0.008 0.107
-0.119 -0.029 0.265
-0.132 0.061 0.117
0.201 -0.056 0.115
0.03 0.006 0.134
0.188 -0.063 0.136
-0.008 0.06 0.134
0.082 0.032 0.13
-0.154 -0.026 0.064
0.157 0.098 0.067
-0.024 -0.022 0.128
-0.231 0.001 0.262
0.173 0.093 0.067
0.22 -0.012 0.263
0.009 -0.02 0.127
-0.191 -0.048 0.039
0.117 0.029 0.263
0.162 -0.052 0.117
-0.198 -0.024 0.068
-0.074 0.003 0.126
0.191 -0.058 0.219
-0.152 0.066 0.039
0.185 -0.064 0.127
0.209 0.035 0.06
-0.155 -0.021 0.128
-0.163 -0.012 0.117
-0.119 -0.074 0.263
-0.123 0.032 0.13
0.215 0.019 0.263
-0.043 -0.08 0.26
0.199 -0.023 0.271
0.183 -0.065 0.125
0.157 0.027 0.117
-0.041 0.056 0.125
0.175 -0.049 0.034
-0.083 0.117 0.263
0.03 -0.001 0.125
-0.143 0.109 0.269
-0.175 0.092 0.039
-0.084 -0.016 0.126
0.133 0.06 0.262
-0.006 -0.027 0.063
0.015 0.029 0.263
-0.141 0.067 0.117
0.186 -0.059 0.195
0.187 -0.056 0.173
-0.163 0.042 0.116
0.179 -0.056 0.162
-0.146 -0.025 0.063
0.035 -0.029 0.107
0.172 -0.069 0.125
0.178 -0.064 0.139
0.157 -0.028 0.242
-0.214 -0.016 0.063
-0.176 0.088 0.041
-0.179 0.052 0.066
0.149 0.067 0.107
-0.002 0.06 0.261
-0.172 -0.048 0.271
-0.001 -0.029 0.056
0.189 -0.065 0.259
-0.217 0.035 0.085
0.031 0.06 0.262
0.172 0.105 0.263
-0.161 -0.071 0.262
0.025 0.006 0.13
0.171 -0.047 0.034
0.191 -0.061 0.109
0.03 0.046 0.126
-0.191 -0.062 0.262
-0.105 -0.028 0.055
-0.192 -0.005 0.272
0.169 -0.07 0.121
0.208 0.043 0.06
-0.163 0.046 0.108
0.162 -0.005 0.117
-0.163 -0.061 0.063
-0.133 0.001 0.125
0.163 -0.052 0.13
0.186 -0.064 0.137
-0.006 0.065 0.071
0.162 -0.005 0.245
-0.175 -0.055 0.067
0.059 0.003 0.126
0.224 0.056 0.26
0.202 -0.056 0.124
0.083 -0.023 0.262
0.219 0.021 0.215
-0.117 -0.018 0.125
-0.122 -0.02 0.126
0.199 -0.057 0.112
-0.123 0.035 0.06
0.204 0.066 0.04
0.038 -0.079 0.259
0.135 0.033 0.108
-0.119 0.109 0.263
-0.102 0.068 0.055
0.21 0.05 0.078
0.204 0.066 0.063
-0.052 -0.02 0.126
-0.181 -0.048 0.034
0.193 -0.058 0.209
-0.149 0.023 0.263
-0.019 -0.016 0.126
-0.149 -0.023 0.261
0.195 -0.055 0.192
0.077 -0.008 0.126
0.125 -0.064 0.06
0.158 0.059 0.107
0.171 -0.027 0.039
-0.075 -0.07 0.079
-0.163 -0.023 0.243
0.128 0.058 0.126
0.171 0.082 0.041
0.038 0.118 0.26
-0.003 0.061 0.117
0.136 0.059 0.107
-0.083 0.111 0.263
-0.001 0.065 0.064
-0.003 -0.08 0.259
0.158 -0.005 0.273
-0.191 0.086 0.05
0.197 -0.059 0.131
0.176 -0.068 0.114
0.2 0.078 0.101
-0.16 -0.059 0.066
0.189 -0.062 0.14
0.202 0.094 0.262
-0.143 -0.075 0.26
0.21 0.024 0.067
-0.003 0.046 0.125
-0.041 0.067 0.107
-0.141 -0.032 0.273
0.158 0.05 0.243
0.199 -0.056 0.136
0.16 -0.024 0.251
-0.003 -0.029 0.107
-0.117 -0.023 0.134
-0.193 -0.013 0.063
0.036 0.07 0.273
0.077 0.036 0.126
0.158 0.033 0.108
0.135 0.006 0.108
0.128 0.001 0.126
0.152 0.031 0.117
-0.157 0.012 0.117
-0.101 0.003 0.127
-0.123 -0.016 0.125
0.186 -0.064 0.12
0.03 0.055 0.126
-0.11 0.107 0.102
0.03 0.061 0.117
0.225 0.056 0.227
-0.135 0.107 0.176
0.114 0.113 0.263
-0.213 -0.021 0.068
-0.191 0.086 0.04
-0.181 0.081 0.041
0.17 -0.045 0.034
0.189 -0.062 0.11
-0.149 0.1 0.05
-0.227 0.019 0.217
-0.068 0.046 0.126
-0.16 0.06 0.063
-0.198 0.062 0.068
0.171 0.094 0.039
-0.074 0.06 0.13
-0.212 -0.024 0.063
-0.193 0.052 0.067
0.194 -0.06 0.132
0.158 0.006 0.108
-0.122 -0.022 0.131
0.173 -0.069 0.118
0.218 -0.013 0.262
-0.018 0.03 0.263
0.065 0.062 0.263
-0.122 -0.016 0.125
0.17 -0.067 0.127
-0.035 0.001 0.125
-0.225 0.067 0.262
0.19 -0.062 0.136
-0.161 -0.073 0.259
0.049 0.046 0.126
0.035 0.067 0.273
0.035 0.012 0.108
-0.104 0.067 0.056
0.203 -0.053 0.13
0.232 -0.012 0.225
0.152 -0.023 0.263
-0.205 0.077 0.063
-0.227 -0.029 0.262
0.193 -0.061 0.115
0.158 -0.004 0.243
-0.156 0.057 0.04
0.179 -0.066 0.136
-0.084 0.046 0.126
0.162 0.046 0.115
0.219 -0.015 0.216
0.082 0.031 0.262
-0.144 0.019 0.06
-0.051 -0.023 0.117
-0.036 -0.004 0.055
0.178 0.083 0.034
-0.002 -0.028 0.055
0.133 0.059 0.128
0.203 -0.055 0.128
0.099 0.066 0.056
-0.174 -0.046 0.034
-0.129 0.019 0.06
0.177 -0.048 0.034
0.187 0.026 0.06
-0.151 0.063 0.064
-0.169 0.013 0.063
-0.113 0.052 0.055
0.221 -0.035 0.263
0.18 -0.046 0.271
0.18 -0.066 0.113
-0.141 -0.029 0.273
0.182 -0.061 0.193
0.077 -0.021 0.128
-0.18 0.088 0.041
-0.068 0.055 0.126
-0.225 -0.029 0.269
0.187 -0.063 0.137
0.193 -0.06 0.139
-0.133 0.062 0.263
0.206 -0.053 0.118
-0.232 0.001 0.263
-0.175 -0.004 0.06
0.173 -0.055 0.067
0.182 -0.066 0.119
-0.193 0.061 0.067
-0.214 0.026 0.067
-0.035 0.061 0.134
0.231 0.049 0.212
0.17 -0.047 0.041
0.205 -0.019 0.039
0.032 -0.01 0.055
-0.107 0.061 0.134
-0.068 -0.009 0.125
-0.1 0.006 0.262
-0.213 0.063 0.102
0.192 -0.061 0.133
0.199 -0.058 0.133
0.205 0.067 0.063
-0.233 -0.007 0.26
0.009 0.046 0.126
0.187 -0.063 0.107
0.193 -0.06 0.109
0.204 -0.055 0.125
0.221 0.06 0.263
-0.206 -0.039 0.102
0.098 0.061 0.261
-0.23 0.024 0.262
-0.106 0.005 0.131
-0.116 0.031 0.262
0.173 -0.068 0.128
0.182 -0.061 0.209
0.125 0.035 0.06
-0.175 -0.048 0.041
0.082 0.032 0.131
0.207 -0.053 0.118
0.105 -0.069 0.102
0.185 -0.059 0.196
0.176 -0.067 0.107
-0.019 0.046 0.126
0.152 0.099 0.039
-0.116 0.112 0.217
-0.003 0.005 0.131
-0.199 0.014 0.067
0.191 -0.062 0.116
0.177 -0.064 0.14
-0.074 0.003 0.127
0.075 0.033 0.108
0.208 0.016 0.177
0.198 -0.058 0.136
0.16 0.062 0.251
-0.108 0.105 0.06
0.098 -0.001 0.125
0.158 -0.013 0.119
-0.141 0.067 0.273
-0.035 0.007 0.262
0.152 0.03 0.263
-0.199 -0.027 0.067
0.119 -0.004 0.06
-0.119 0.07 0.273
0.188 0.1 0.263
0.194 0.09 0.176
0.036 -0.032 0.273
0.201 -0.057 0.118
0.03 0.06 0.263
0.158 -0.008 0.246
0.19 -0.059 0.207
0.093 0.06 0.134
0.164 -0.051 0.133
-0.041 -0.001 0.125
0.083 0.031 0.117
0.03 -0.001 0.126
-0.003 -0.027 0.055
-0.228 0.03 0.263
0.133 0.06 0.263
0.172 0.107 0.26
0.178 -0.067 0.114
0.216 0.019 0.207
-0.035 0.069 0.263
-0.214 0.012 0.066
-0.003 0.118 0.263
-0.114 -0.027 0.06
0.21 0.038 0.27
0.185 -0.064 0.138
0.191 -0.061 0.14
-0.157 -0.027 0.066
0.204 -0.054 0.119
0.172 -0.067 0.263
0.178 -0.064 0.14
0.184 -0.057 0.159
0.113 -0.023 0.107
0.198 -0.038 0.063
0.099 0.014 0.263
-0.213 0.059 0.068
-0.16 0.098 0.066
0.183 -0.065 0.136
0.188 -0.063 0.12
-0.179 0.052 0.067
-0.123 -0.02 0.127
0.149 0.067 0.273
-0.191 0.004 0.06
-0.003 0.114 0.269
-0.103 0.068 0.056
0.158 -0.022 0.107
0.173 0.108 0.263
-0.165 0.029 0.251
0.185 -0.064 0.108
0.191 -0.061 0.11
0.199 -0.055 0.109
0.151 -0.025 0.263
-0.122 0.046 0.125
-0.198 -0.027 0.063
0.162 0.024 0.274
0.215 0.019 0.247
0.2 -0.055 0.139
0.032 0.035 0.055
0.059 0.003 0.127
0.196 -0.059 0.132
0.19 -0.057 0.197
-0.003 0.06 0.262
0.083 -0.023 0.263
-0.204 0.019 0.271
0.175 -0.068 0.118
0.032 0.108 0.06
0.239 0.035 0.214
-0.193 0.065 0.067
-0.193 0.042 0.066
0.189 -0.063 0.117
-0.051 -0.024 0.263
0.158 -0.062 0.063
-0.121 0.048 0.059
0.181 -0.058 0.16
0.117 0.039 0.126
0.119 0.043 0.055
0.186 0.043 0.272
-0.101 -0.028 0.055
-0.122 -0.02 0.127
-0.002 -0.027 0.071
-0.211 0.057 0.085
0.035 0.025 0.245
0.193 -0.05 0.167
0.191 -0.061 0.123
-0.206 -0.038 0.079
0.187 -0.064 0.115
-0.159 0.061 0.066
-0.218 0.081 0.262
-0.228 -0.03 0.26
0.172 -0.066 0.132
0.038 0.116 0.263
0.188 -0.057 0.173
0.178 -0.044 0.034
-0.163 0.046 0.247
-0.163 -0.023 0.119
-0.163 -0.023 0.244
-0.114 -0.018 0.06
-0.002 0.06 0.117
-0.068 0.06 0.263
0.195 -0.059 0.135
0.195 -0.056 0.103
0.082 -0.016 0.126
0.118 0.032 0.261
-0.208 -0.057 0.263
0.176 -0.068 0.115
0.177 -0.068 0.125
-0.16 -0.059 0.067
-0.068 0.005 0.131
0.202 0.094 0.263
0.222 -0.023 0.269
0.18 -0.056 0.169
-0.167 0.049 0.243
-0.165 -0.025 0.251
-0.139 0.003 0.127
0.203 0.096 0.259
0.193 -0.059 0.102
0.181 -0.066 0.137
-0.123 -0.016 0.126
0.139 0.004 0.06
-0.081 0.061 0.107
-0.198 0.049 0.073
0.188 -0.05 0.063
0.184 -0.065 0.116
0.224 0.06 0.263
0.231 -0.012 0.226
-0.129 0.05 0.06
0.183 -0.061 0.206
0.189 -0.062 0.111
0.192 -0.06 0.218
-0.074 0.053 0.126
0.205 -0.011 0.271
0.178 0.085 0.041
-0.108 -0.066 0.06
0.176 -0.068 0.128
0.171 0.094 0.04
-0.149 -0.023 0.117
-0.163 -0.008 0.265
-0.057 -0.024 0.134
-0.002 0.107 0.067
-0.09 0.038 0.125
-0.228 0.001 0.263
0.199 -0.037 0.05
0.194 -0.06 0.133
0.173 -0.069 0.116
0.192 -0.06 0.142
0.173 -0.069 0.119
0.179 -0.064 0.133
0.205 -0.052 0.118
0.049 -0.018 0.125
-0.107 0.057 0.127
0.128 0.046 0.125
0.197 -0.059 0.112
-0.035 0.001 0.126
0.19 -0.06 0.103
0.194 -0.054 0.17
0.083 0.03 0.263
0.189 -0.062 0.124
-0.129 -0.064 0.067
-0.217 0.027 0.068
-0.2 0.065 0.068
0.191 -0.052 0.172
-0.201 0.049 0.085
-0.166 0.014 0.274
0.199 -0.037 0.04
0.193 -0.061 0.116
0.186 -0.055 0.197
0.181 -0.066 0.12
-0.213 0.019 0.06
-0.002 -0.01 0.055
0.134 0.007 0.262
0.2 -0.057 0.136
-0.207 -0.013 0.271
0.151 0.031 0.134
-0.149 0.03 0.262
-0.117 0.032 0.262
-0.163 -0.005 0.265
-0.074 0.106 0.067
-0.024 -0.023 0.13
0.184 -0.062 0.207
0.191 -0.054 0.17
0.181 -0.064 0.14
0.094 -0.027 0.056
-0.002 -0.028 0.056
0.206 0.057 0.05
0.206 -0.019 0.066
-0.129 -0.004 0.06
0.14 -0.004 0.06
0.138 0.11 0.263
0.221 0.062 0.217
0.212 0.006 0.135
0.093 0.003 0.126
-0.003 0.11 0.063
-0.113 0.052 0.056
0.145 0.039 0.126
0.18 -0.066 0.114
0.117 -0.023 0.262
0.043 0.032 0.131
0.187 -0.063 0.138
0.182 -0.066 0.117
0.195 0.032 0.272
0.182 -0.059 0.206
0.182 -0.066 0.12
0.133 0.005 0.131
0.043 0.038 0.125
0.098 0.046 0.126
0.19 -0.062 0.117
0.226 -0.02 0.224
0.206 0.057 0.04
-0.206 -0.054 0.263
0.19 -0.062 0.12
-0.09 0.032 0.13
0.009 -0.018 0.125
-0.101 0.007 0.262
0.176 -0.067 0.138
-0.1 0.006 0.263
0.217 0.029 0.26
-0.2 -0.027 0.068
0.032 -0.069 0.067
0.152 -0.029 0.107
0.187 -0.063 0.108
-0.042 0.09 0.271
0.032 0.052 0.055
-0.068 0.053 0.125
-0.041 0.046 0.126
-0.143 0.004 0.06
0.174 -0.069 0.125
0.18 -0.066 0.127
0.221 -0.024 0.217
-0.22 -0.045 0.262
0.195 -0.06 0.113
0.174 -0.068 0.136
-0.116 0.031 0.263
0.187 -0.048 0.067
-0.209 -0.058 0.26
-0.133 0.057 0.127
0.119 0.035 0.056
-0.003 0.059 0.128
0.192 -0.055 0.171
-0.082 0.09 0.271
-0.003 0.016 0.274
0.197 -0.058 0.107
0.203 -0.055 0.109
0.189 -0.053 0.173
0.177 -0.067 0.115
-0.142 0.101 0.06
-0.15 -0.027 0.063
0.133 0.006 0.13
0.184 -0.064 0.139
0.152 0.099 0.04
-0.199 0.09 0.176
0.204 0.096 0.263
0.158 -0.013 0.117
-0.182 -0.044 0.034
0.179 -0.067 0.121
0.219 0.043 0.227
-0.175 0.094 0.06
0.207 0.021 0.215
-0.008 0.003 0.126
0.175 0.08 0.034
0.198 -0.058 0.137
-0.052 -0.008 0.125
-0.074 0.001 0.125
0.104 -0.066 0.063
0.009 -0.023 0.134
-0.117 -0.022 0.128
0.082 0.046 0.126
0.214 0.032 0.216
0.187 -0.063 0.121
-0.162 0.027 0.265
-0.198 -0.016 0.073
0.189 -0.055 0.171
0.201 -0.057 0.116
0.187 0.012 0.06
-0.002 -0.025 0.064
0.03 0.059 0.128
0.065 0.06 0.261
0.201 -0.057 0.119
0.157 0.066 0.107
0.184 -0.064 0.109
-0.106 0.004 0.128
-0.175 -0.018 0.06
0.199 -0.058 0.114
0.192 -0.058 0.207
-0.002 0.035 0.055
-0.123 0.046 0.126
-0.148 -0.062 0.063
0.172 0.08 0.034
0.211 -0.003 0.101
0.098 0.055 0.126
0.216 0.019 0.208
0.162 -0.053 0.121
-0.214 0.012 0.067
0.152 0.067 0.107
0.204 -0.054 0.117
0.098 0.061 0.117
0.204 -0.054 0.12
-0.211 0.065 0.063
-0.052 0.034 0.126
-0.119 0.113 0.263
0.193 -0.054 0.209
0.075 -0.023 0.107
-0.051 -0.008 0.125
0.113 0.067 0.107
-0.16 0.098 0.067
-0.041 0.055 0.126
0.226 -0.028 0.26
-0.175 0.026 0.06
0.194 -0.053 0.163
-0.019 -0.025 0.263
-0.162 -0.028 0.107
0.207 0.016 0.148
-0.216 -0.004 0.073
0.194 -0.055 0.194
0.158 -0.022 0.273
0.194 -0.059 0.218
0.198 -0.058 0.12
0.178 -0.067 0.128
-0.179 0.065 0.066
-0.074 0.061 0.134
0.015 0.023 0.263
0.174 0.088 0.034
0.015 -0.023 0.261
0.218 0.071 0.263
0.186 -0.062 0.105
-0.133 0.06 0.261
-0.006 0.065 0.07
-0.051 0.036 0.125
-0.157 0.025 0.265
-0.148 0.031 0.262
-0.068 0.006 0.13
-0.214 -0.016 0.078
0.059 0.001 0.125
-0.23 0.054 0.262
0.078 -0.076 0.262
0.184 -0.063 0.103
0.201 -0.053 0.136
-0.193 0.042 0.067
-0.003 -0.076 0.269
0.109 -0.014 0.059
0.221 0.057 0.216
0.208 0.049 0.063
0.137 -0.063 0.06
0.216 0.035 0.262
0.191 -0.056 0.183
0.014 0.029 0.263
0.119 0.043 0.056
-0.198 -0.024 0.063
-0.213 -0.025 0.084
0.185 -0.064 0.122
-0.16 0.064 0.063
-0.217 0.029 0.085
0.191 -0.061 0.124
0.138 -0.019 0.06
0.194 -0.059 0.106
0.126 -0.066 0.063
0.128 0.006 0.134
-0.002 0.065 0.064
-0.002 0.067 0.056
-0.076 0.11 0.141
-0.163 -0.023 0.117
0.025 0.005 0.128
0.136 -0.032 0.273
-0.118 0.025 0.243
0.182 -0.065 0.11
0.183 -0.065 0.12
-0.174 0.086 0.034
0.195 -0.059 0.136
0.195 -0.056 0.104
0.181 -0.063 0.103
-0.198 -0.021 0.068
-0.21 0.057 0.04
-0.101 0.058 0.126
-0.158 -0.029 0.242
0.118 0.032 0.262
0.036 0.115 0.217
-0.228 0.054 0.269
0.211 -0.043 0.263
0.143 -0.062 0.063
-0.169 0.027 0.065
0.215 -0.047 0.26
0.172 -0.069 0.12
-0.057 -0.022 0.131
-0.036 -0.01 0.055
0.203 0.096 0.26
0.196 -0.059 0.113
0.216 0.024 0.259
0.128 -0.001 0.125
0.24 0.03 0.213
0.208 -0.012 0.06
-0.101 0.001 0.126
-0.057 -0.016 0.125
0.195 -0.059 0.106
-0.077 -0.073 0.176
-0.018 0.032 0.261
0.215 0.016 0.242
-0.035 0.062 0.263
0.177 -0.066 0.108
-0.003 -0.075 0.263
0.093 0.007 0.134
0.192 -0.06 0.219
0.176 -0.068 0.129
0.115 -0.073 0.262
-0.081 -0.029 0.265
0.199 -0.057 0.137
0.032 0.11 0.102
-0.203 -0.037 0.066
-0.198 0.014 0.065
0.208 0.058 0.063
0.188 -0.059 0.197
-0.175 -0.055 0.039
-0.234 0.03 0.259
0.223 -0.015 0.227
0.173 -0.069 0.117
0.186 -0.064 0.132
0.077 0.033 0.128
0.117 0.031 0.117
0.202 -0.056 0.119
0.103 0.105 0.067
0.239 0.008 0.226
0.049 -0.018 0.126
0.128 0.046 0.126
-0.085 -0.024 0.134
-0.08 0.016 0.274
-0.161 0.111 0.263
-0.159 -0.022 0.063
0.184 -0.065 0.13
-0.002 0.007 0.262
-0.149 -0.008 0.126
0.176 -0.066 0.111
0.192 -0.06 0.107
-0.222 0.065 0.217
0.217 0.022 0.206
0.025 0.06 0.134
-0.074 0.059 0.131
0.221 0.058 0.269
-0.232 0.019 0.263
-0.21 0.066 0.063
-0.019 0.031 0.134
0.21 -0.045 0.217
-0.084 -0.018 0.126
0.217 0.023 0.26
0.098 0.06 0.263
0.181 -0.066 0.121
0.177 0.081 0.034
-0.146 -0.027 0.063
0.183 -0.06 0.195
0.22 -0.005 0.208
0.098 0.005 0.131
0.203 -0.056 0.116
0.192 -0.051 0.17
0.158 0.007 0.274
0.197 -0.059 0.126
-0.057 0.032 0.13
-0.081 0.067 0.265
0.206 -0.019 0.067
-0.198 0.035 0.073
-0.213 -0.005 0.089
0.163 0.032 0.274
0.18 -0.061 0.186
-0.035 0.046 0.125
0.194 -0.06 0.114
-0.157 0.046 0.108
0.199 0.076 0.067
-0.041 0.005 0.131
0.222 -0.028 0.262
0.187 -0.061 0.105
0.193 -0.061 0.13
-0.1 0.069 0.263
-0.118 0.012 0.245
-0.223 -0.028 0.263
0.183 -0.064 0.14
0.212 0.022 0.133
-0.213 -0.021 0.063
0.114 -0.051 0.271
0.184 -0.062 0.218
-0.217 0.009 0.086
0.117 0.034 0.126
0.221 -0.022 0.263
0.237 0.04 0.224
0.158 0.043 0.119
0.203 -0.056 0.129
0.158 0.005 0.119
0.197 -0.058 0.138
0.137 -0.027 0.06
-0.155 0.032 0.13
-0.09 0.032 0.131
0.189 0.103 0.259
0.219 -0.001 0.207
0.212 0.019 0.269
-0.198 0.062 0.063
0.099 0.008 0.263
-0.166 -0.008 0.124
-0.08 0.025 0.274
-0.146 0.065 0.071
-0.036 0.108 0.06
0.136 -0.029 0.244
0.136 -0.029 0.119
0.078 0.114 0.263
-0.155 0.065 0.065
0.237 -0.002 0.213
0.2 -0.057 0.117
0.183 -0.058 0.183
0.152 -0.029 0.273
0.174 -0.069 0.126
0.18 -0.066 0.128
-0.119 -0.023 0.107
-0.178 -0.057 0.079
-0.162 0.066 0.244
-0.201 0.035 0.085
-0.162 0.066 0.119
-0.035 0.057 0.127
0.211 0.016 0.148
-0.019 -0.018 0.126
0.217 0.032 0.26
0.197 -0.058 0.108
0.006 -0.013 0.055
0.203 -0.055 0.11
0.177 -0.067 0.116
0.158 0.046 0.112
0.19 -0.062 0.131
0.236 0.04 0.227
-0.068 0.014 0.263
-0.155 -0.016 0.126
-0.119 -0.032 0.273
0.184 -0.064 0.14
0.133 0.004 0.128
-0.196 0.089 0.141
0.152 0.012 0.265
-0.204 0.013 0.271
-0.22 0.082 0.263
0.187 0.098 0.263
0.158 0.031 0.117
0.223 0.052 0.227
-0.052 -0.008 0.126
-0.074 0.001 0.126
-0.037 -0.071 0.079
-0.113 0.052 0.06
0.138 -0.071 0.262
0.049 0.032 0.262
0.158 0.031 0.245
0.213 0.082 0.269
-0.163 -0.011 0.243
0.179 -0.066 0.131
-0.215 -0.025 0.141
0.014 0.031 0.134
0.195 -0.06 0.127
0.157 0.026 0.274
-0.149 0.036 0.125
-0.117 0.038 0.125
-0.149 -0.021 0.128
-0.141 -0.008 0.108
0.203 -0.055 0.123
0.193 -0.054 0.161
0.177 -0.067 0.129
0.208 0.022 0.134
-0.084 0.032 0.262
0.136 0.067 0.244
0.112 0.031 0.134
0.136 0.067 0.119
0.216 0.085 0.263
0.192 -0.061 0.115
0.149 0.012 0.265
-0.085 0.032 0.13
-0.052 0.036 0.126
0.151 0.023 0.263
0.151 -0.023 0.261
-0.024 0.036 0.125
0.169 -0.068 0.117
0.2 -0.056 0.111
0.152 0.067 0.273
0.137 -0.018 0.06
0.208 0.019 0.27
0.032 0.052 0.059
-0.209 0.096 0.263
0.172 -0.048 0.034
0.103 -0.066 0.067
-0.159 0.065 0.066
0.075 0.067 0.107
-0.214 0.055 0.078
0.215 0.035 0.263
-0.084 -0.023 0.134
0.201 -0.057 0.13
-0.117 0.035 0.127
0.077 -0.024 0.134
-0.122 0.033 0.128
0.069 0.107 0.066
-0.163 0.031 0.265
-0.057 -0.02 0.127
0.059 0.058 0.126
-0.143 0.113 0.263
-0.043 0.113 0.262
0.098 0.053 0.125
-0.122 -0.018 0.125
0.192 -0.061 0.128
0.035 0.025 0.274
-0.117 -0.024 0.262
0.194 -0.058 0.215
0.198 -0.058 0.121
0.159 0.046 0.125
-0.179 0.065 0.067
-0.179 0.042 0.066
0.082 -0.025 0.263
0.065 0.06 0.117
-0.148 0.031 0.263
-0.179 -0.041 0.041
-0.041 0.053 0.125
0.188 -0.063 0.132
-0.008 0.06 0.13
-0.14 0.016 0.274
-0.142 0.05 0.06
0.059 0.001 0.126
0.113 -0.029 0.107
-0.23 0.054 0.263
0.078 -0.076 0.263
-0.199 0.059 0.084
-0.003 -0.053 0.271
-0.052 0.046 0.125
0.014 -0.018 0.126
0.191 -0.056 0.184
-0.002 -0.027 0.07
0.049 -0.022 0.128
-0.175 0.043 0.06
0.178 0.086 0.041
0.216 0.017 0.245
0.217 0.014 0.26
0.212 0.007 0.101
-0.141 -0.022 0.107
0.208 0.019 0.128
-0.229 0.045 0.269
-0.221 0.083 0.26
-0.019 0.032 0.262
0.125 0.101 0.06
-0.122 -0.023 0.134
-0.151 -0.025 0.063
-0.199 -0.004 0.063
0.025 0.003 0.126
0.158 0.061 0.244
0.158 0.061 0.119
-0.139 0.058 0.126
-0.084 -0.022 0.128
0.17 -0.068 0.13
0.206 0.067 0.101
0.201 -0.056 0.124
0.175 -0.068 0.13
0.152 0.016 0.274
-0.083 0.117 0.259
0.114 0.115 0.26
0.187 -0.019 0.04
0.178 -0.067 0.109
0.185 -0.064 0.133
0.191 -0.061 0.135
0.098 0.006 0.117
0.015 -0.023 0.117
-0.175 0.012 0.06
-0.052 -0.021 0.128
-0.133 0.06 0.117
-0.163 0.043 0.108
0.145 0.104 0.141
-0.142 -0.018 0.06
0.172 -0.067 0.133
0.178 -0.064 0.135
0.17 0.006 0.273
0.196 -0.059 0.114
-0.214 0.019 0.066
-0.16 0.012 0.06
0.216 0.024 0.26
-0.139 0.001 0.126
0.218 0.051 0.269
-0.119 -0.029 0.244
0.24 0.03 0.214
-0.119 -0.029 0.119
0.224 -0.027 0.262
0.214 0.019 0.262
-0.213 0.059 0.063
0.117 0.03 0.262
-0.018 0.032 0.262
0.156 0.019 0.06
-0.036 0.052 0.055
0.149 0.016 0.274
-0.085 -0.022 0.131
0.184 -0.055 0.172
0.216 0.022 0.207
-0.131 -0.067 0.079
0.197 -0.037 0.134
0.083 0.032 0.261
-0.085 -0.016 0.125
0.119 0.043 0.06
0.142 -0.062 0.067
-0.14 0.025 0.274
0.192 -0.06 0.138
0.152 0.057 0.04
-0.12 -0.073 0.269
0.178 -0.064 0.105
-0.123 0.027 0.059
-0.114 0.057 0.06
-0.041 -0.009 0.125
0.098 0.006 0.13
0.219 -0.005 0.209
-0.175 -0.055 0.04
0.18 -0.067 0.119
0.181 -0.06 0.189
0.186 -0.064 0.133
0.2 -0.055 0.134
0.196 -0.059 0.127
-0.106 0.056 0.125
-0.198 0.049 0.085
-0.165 0.032 0.126
-0.192 -0.066 0.26
-0.035 0.06 0.262
-0.041 0.006 0.13
0.188 -0.05 0.078
0.151 0.039 0.126
0.184 -0.065 0.131
-0.018 -0.031 0.263
-0.035 -0.001 0.125
-0.019 -0.022 0.128
-0.199 0.042 0.085
-0.206 0.077 0.079
0.077 0.032 0.13
-0.117 -0.023 0.117
0.152 0.025 0.274
0.208 -0.02 0.078
-0.208 0.066 0.067
-0.214 0.009 0.089
0.197 -0.014 0.271
-0.002 0.011 0.055
-0.163 0.049 0.265
0.171 0.019 0.06
-0.211 -0.027 0.063
0.175 -0.065 0.106
0.078 -0.078 0.26
0.172 -0.041 0.041
0.137 0.108 0.263
0.183 -0.063 0.216
0.218 -0.001 0.208
-0.003 0.007 0.263
0.177 -0.068 0.12
-0.217 0.036 0.063
-0.198 0.059 0.068
0.189 -0.062 0.136
0.21 0.024 0.063
0.149 0.025 0.274
-0.209 -0.019 0.06
0.234 0.045 0.226
-0.13 0.103 0.067
-0.176 -0.07 0.263
-0.117 -0.023 0.13
0.204 -0.053 0.124
0.181 -0.066 0.132
0.093 0.001 0.125
0.159 -0.062 0.101
-0.181 -0.042 0.034
-0.207 -0.056 0.263
-0.188 0.017 0.072
0.17 -0.07 0.127
0.209 0.043 0.066
-0.084 0.023 0.263
0.179 -0.045 0.143
0.192 -0.054 0.158
-0.175 -0.019 0.039
-0.002 0.061 0.261
0.158 0.043 0.117
0.133 0.11 0.217
0.158 0.005 0.117
0.189 -0.062 0.106
0.212 -0.031 0.176
-0.203 0.076 0.05
-0.144 0.035 0.06
-0.178 0.095 0.079
0.171 -0.055 0.066
0.158 0.005 0.245
0.136 -0.029 0.117
0.189 0.103 0.26
0.176 -0.048 0.034
0.069 -0.068 0.06
0.037 0.09 0.271
0.222 0.049 0.263
0.148 0.106 0.176
-0.155 0.065 0.066
0.134 0.061 0.262
0.178 -0.066 0.132
0.237 -0.002 0.214
0.145 -0.008 0.125
-0.162 0.066 0.117
0.189 -0.054 0.158
0.206 -0.053 0.131
-0.182 0.085 0.034
0.171 -0.067 0.13
0.203 -0.041 0.141
-0.182 0.086 0.041
-0.195 0.065 0.271
0.171 0.087 0.041
0.194 -0.054 0.165
-0.002 0.052 0.059
0.184 0.1 0.217
-0.142 -0.063 0.06
-0.2 0.065 0.063
0.198 -0.056 0.105
0.172 -0.068 0.111
-0.16 0.065 0.067
-0.179 -0.048 0.034
0.193 -0.061 0.111
0.014 -0.022 0.128
0.015 -0.024 0.263
0.186 -0.063 0.107
0.194 -0.054 0.214
-0.008 0.001 0.125
0.2 -0.057 0.131
0.218 0.003 0.207
-0.191 0.057 0.039
0.196 -0.057 0.103
-0.163 -0.011 0.244
-0.163 -0.011 0.119
0.212 0.022 0.242
0.144 0.103 0.102
-0.157 0.032 0.108
0.239 0.003 0.214
0.222 -0.019 0.263
-0.142 0.108 0.263
-0.123 -0.018 0.126
-0.149 0.036 0.126
0.151 -0.02 0.126
0.136 0.067 0.117
0.203 -0.055 0.124
-0.043 0.118 0.26
0.177 -0.067 0.13
0.199 -0.036 0.118
-0.019 0.023 0.263
-0.019 -0.023 0.261
0.212 0.019 0.128
0.077 -0.016 0.125
-0.182 -0.046 0.034
-0.181 0.086 0.041
0.221 -0.036 0.263
0.151 -0.023 0.262
0.172 -0.068 0.124
-0.15 0.065 0.07
0.18 -0.066 0.109
0.187 -0.063 0.133
0.193 -0.06 0.135
-0.198 -0.016 0.085
0.174 -0.049 0.041
0.225 0.057 0.227
0.21 0.026 0.06
-0.074 0.046 0.125
-0.193 0.061 0.063
-0.149 0.033 0.128
0.223 -0.037 0.263
0.201 -0.057 0.131
-0.003 0.004 0.128
0.212 0.031 0.101
-0.167 -0.005 0.245
-0.208 -0.027 0.05
0.128 0.005 0.131
-0.227 0.008 0.217
0.172 0.106 0.262
-0.043 0.113 0.263
0.113 0.06 0.107
0.176 -0.067 0.133
0.158 -0.023 0.264
0.16 0.059 0.126
0.199 -0.058 0.129
0.192 -0.061 0.129
0.189 0.089 0.101
0.001 -0.028 0.055
-0.117 -0.024 0.263
-0.177 0.08 0.041
0.193 -0.06 0.105
0.204 -0.055 0.121
-0.222 -0.027 0.217
0.187 -0.048 0.039
-0.085 -0.02 0.127
-0.201 -0.016 0.085
-0.119 0.067 0.273
0.171 -0.069 0.114
0.195 -0.037 0.109
0.217 -0.005 0.263
0.192 -0.058 0.143
0.14 0.043 0.06
-0.182 0.083 0.041
0.19 -0.061 0.218
0.075 -0.029 0.107
0.185 -0.056 0.157
0.03 0.004 0.128
0.183 -0.062 0.209
-0.107 0.059 0.128
-0.191 0.066 0.039
-0.208 -0.027 0.04
-0.16 0.057 0.06
0.113 -0.029 0.273
-0.143 0.111 0.262
-0.199 0.014 0.063
0.035 -0.022 0.107
0.191 -0.062 0.112
0.082 -0.018 0.125
-0.232 0.014 0.262
0.198 -0.058 0.132
0.225 0.066 0.26
-0.14 0.019 0.274
-0.003 0.019 0.274
-0.119 0.115 0.26
0.209 0.058 0.101
0.158 0.061 0.117
-0.199 -0.027 0.063
0.17 -0.069 0.117
0.171 -0.069 0.127
0.217 0.035 0.207
0.025 0.003 0.127
-0.083 0.112 0.262
0.03 0.06 0.134
0.082 0.032 0.262
0.133 0.008 0.263
-0.176 0.013 0.063
0.19 -0.061 0.106
0.201 -0.054 0.262
-0.194 -0.05 0.079
0.178 0.084 0.034
-0.192 0.014 0.065
0.192 -0.055 0.182
-0.101 0.061 0.261
0.191 -0.056 0.195
0.117 -0.008 0.126
-0.12 0.111 0.262
-0.003 0.118 0.259
-0.172 0.013 0.063
0.191 -0.062 0.125
0.204 -0.054 0.112
-0.149 -0.064 0.079
0.162 -0.052 0.127
0.185 -0.064 0.134
0.014 0.023 0.263
0.191 -0.061 0.136
0.209 0.035 0.067
0.014 -0.023 0.261
0.128 0.059 0.128
-0.178 0.088 0.041
0.182 -0.06 0.193
0.209 0.007 0.27
0.082 -0.023 0.134
0.208 0.022 0.177
-0.119 -0.029 0.117
0.176 -0.041 0.041
0.186 -0.06 0.102
-0.155 -0.027 0.065
0.151 0.03 0.262
0.188 -0.063 0.113
-0.08 0.026 0.119
0.032 0.105 0.06
0.181 -0.065 0.141
0.17 0.084 0.034
0.152 -0.008 0.108
0.114 -0.075 0.262
0.156 -0.004 0.06
-0.101 -0.001 0.125
0.189 -0.055 0.182
0.118 0.031 0.263
0.218 0.034 0.227
0.117 0.036 0.126
0.235 0.045 0.213
0.226 0.057 0.21
-0.116 0.029 0.263
-0.114 0.066 0.06
0.002 -0.027 0.055
0.166 -0.051 0.136
-0.006 -0.027 0.07
0.083 0.032 0.262
-0.201 0.003 0.063
-0.175 0.013 0.063
0.194 -0.055 0.189
0.191 -0.061 0.106
0.198 0.075 0.039
-0.228 0.036 0.263
0.178 -0.067 0.123
-0.21 -0.018 0.06
0.178 -0.047 0.034
0.16 0.007 0.251
-0.192 0.043 0.272
0.125 -0.027 0.06
0.18 -0.065 0.132
0.24 0.03 0.225
-0.222 0.024 0.27
-0.214 -0.016 0.073
0.196 -0.059 0.128
0.181 -0.063 0.21
-0.073 -0.068 0.066
-0.043 -0.077 0.263
-0.176 -0.048 0.034
0.182 -0.065 0.135
-0.035 0.06 0.263
-0.193 0.065 0.063
0.192 -0.057 0.196
-0.117 -0.025 0.263
-0.051 -0.024 0.134
0.009 0.038 0.125
0.096 -0.029 0.055
-0.152 -0.019 0.039
0.232 0.05 0.212
0.187 0.086 0.05
0.191 -0.061 0.119
-0.198 0.066 0.063
0.125 0.05 0.06
0.111 0.112 0.217
-0.006 0.063 0.063
0.147 0.099 0.039
-0.163 0.046 0.115
-0.068 0.008 0.263
0.082 -0.022 0.128
0.223 0.074 0.263
-0.198 -0.004 0.073
-0.123 0.012 0.055
0.188 -0.062 0.107
0.179 -0.065 0.135
-0.068 0.06 0.134
0.202 -0.056 0.131
-0.198 -0.021 0.063
0.032 0.108 0.066
-0.036 0.052 0.059
0.189 -0.057 0.196
0.009 0.035 0.127
0.183 -0.063 0.217
0.178 0.082 0.041
0.137 0.088 0.271
0.177 -0.068 0.121
-0.156 0.065 0.067
0.133 0.061 0.263
0.177 -0.066 0.133
0.222 -0.012 0.26
-0.16 -0.019 0.05
0.152 -0.022 0.107
-0.123 -0.022 0.128
0.099 0.06 0.117
0.136 -0.029 0.273
0.097 -0.029 0.055
0.113 0.016 0.274
0.186 -0.064 0.114
0.187 -0.064 0.124
0.077 -0.02 0.127
0.181 -0.066 0.133
0.125 -0.064 0.067
-0.057 0.046 0.126
-0.221 0.0 0.27
0.24 0.019 0.213
0.168 0.105 0.217
0.186 -0.061 0.14
0.17 0.082 0.041
0.035 0.026 0.119
0.001 0.067 0.055
-0.175 -0.019 0.04
0.184 -0.065 0.112
-0.002 0.061 0.262
-0.215 -0.01 0.085
0.125 -0.018 0.06
-0.175 0.027 0.065
-0.157 0.026 0.108
-0.081 0.046 0.108
0.117 -0.021 0.128
0.149 -0.022 0.107
-0.191 0.086 0.06
0.18 -0.059 0.167
0.176 -0.068 0.124
-0.146 0.065 0.07
-0.198 0.035 0.085
-0.154 0.064 0.063
-0.051 0.031 0.261
0.099 0.006 0.262
-0.105 -0.027 0.056
0.134 0.061 0.263
0.038 -0.076 0.262
0.145 -0.008 0.126
0.158 0.033 0.243
-0.179 -0.025 0.063
-0.175 0.081 0.041
0.241 0.024 0.214
-0.191 0.019 0.06
-0.155 0.046 0.126
0.114 -0.077 0.259
-0.008 0.061 0.134
0.2 0.078 0.078
0.18 -0.064 0.142
-0.212 0.035 0.06
-0.213 -0.021 0.078
0.189 -0.062 0.117
0.049 -0.023 0.117
0.189 -0.062 0.12
-0.04 0.019 0.274
-0.165 0.062 0.251
-0.176 0.106 0.262
0.136 0.067 0.273
-0.198 0.027 0.068
-0.212 0.062 0.083
0.157 0.011 0.265
0.145 0.036 0.126
0.211 0.081 0.263
0.168 -0.05 0.138
-0.232 0.008 0.263
0.237 -0.002 0.225
0.112 0.039 0.126
0.186 -0.063 0.108
-0.08 0.019 0.274
0.2 -0.057 0.132
-0.074 -0.001 0.125
-0.163 -0.011 0.117
0.218 -0.013 0.269
0.065 0.058 0.126
0.158 0.006 0.243
-0.043 -0.079 0.26
0.219 0.072 0.262
0.113 0.025 0.274
-0.074 0.106 0.063
0.175 -0.067 0.134
-0.101 0.006 0.134
0.206 -0.019 0.039
0.006 0.052 0.055
-0.163 0.059 0.107
-0.057 -0.018 0.125
0.189 -0.056 0.206
0.049 -0.023 0.13
-0.149 -0.062 0.05
-0.003 0.012 0.119
0.077 -0.016 0.126
0.199 0.076 0.039
-0.003 0.012 0.244
0.194 -0.06 0.109
-0.147 0.1 0.067
0.078 0.116 0.26
0.149 -0.029 0.242
-0.201 0.055 0.085
0.171 -0.067 0.111
0.182 -0.066 0.113
0.212 0.014 0.262
-0.14 0.026 0.119
0.094 0.066 0.056
-0.085 0.046 0.126
-0.208 0.078 0.141
0.202 0.007 0.271
0.19 -0.062 0.113
0.158 0.042 0.243
0.218 -0.034 0.263
-0.213 0.043 0.06
0.197 -0.058 0.133
0.211 0.016 0.176
0.031 0.061 0.262
0.239 0.029 0.227
0.172 0.106 0.263
0.139 0.019 0.06
0.065 0.007 0.262
-0.057 -0.023 0.134
0.032 -0.069 0.063
0.187 -0.048 0.04
0.169 -0.069 0.121
0.22 -0.035 0.263
0.222 0.056 0.262
0.174 -0.069 0.121
0.18 -0.066 0.123
0.118 -0.024 0.262
-0.163 -0.005 0.116
0.212 0.019 0.063
0.187 -0.048 0.063
0.2 -0.054 0.263
-0.163 -0.005 0.119
0.182 -0.066 0.126
0.158 0.061 0.273
-0.163 0.1 0.079
0.152 0.026 0.119
0.209 0.012 0.06
0.185 -0.056 0.158
-0.118 0.033 0.108
0.075 -0.029 0.273
-0.081 0.067 0.243
-0.019 -0.023 0.117
-0.163 0.006 0.108
0.059 -0.001 0.125
0.215 0.029 0.263
0.184 -0.064 0.135
0.179 -0.067 0.114
0.21 -0.012 0.078
-0.199 0.024 0.067
-0.101 0.046 0.126
0.187 -0.063 0.114
0.145 -0.021 0.128
0.193 -0.057 0.209
0.009 -0.023 0.13
-0.181 -0.047 0.034
-0.218 -0.026 0.27
-0.035 0.005 0.131
0.117 -0.01 0.055
0.158 -0.008 0.115
-0.18 0.096 0.141
0.225 0.057 0.211
0.149 0.026 0.119
0.195 -0.06 0.122
0.025 0.001 0.125
-0.176 0.013 0.064
0.184 -0.064 0.105
0.19 -0.061 0.107
0.207 -0.053 0.125
-0.163 -0.004 0.243
0.069 0.109 0.063
-0.14 0.012 0.243
-0.003 0.116 0.262
0.192 -0.061 0.11
0.189 -0.061 0.14
-0.002 0.056 0.06
0.215 0.002 0.263
0.138 0.111 0.263
-0.159 -0.027 0.066
0.11 0.052 0.056
0.191 -0.062 0.126
0.204 -0.054 0.113
-0.149 -0.024 0.134
-0.074 -0.068 0.067
0.112 -0.02 0.126
-0.207 0.066 0.039
-0.221 -0.009 0.27
0.152 0.032 0.117
0.216 0.019 0.247
-0.08 0.026 0.117
0.151 0.03 0.263
0.188 -0.063 0.114
0.213 -0.004 0.154
-0.216 0.043 0.085
-0.139 -0.001 0.125
0.033 -0.073 0.141
-0.132 0.061 0.263
-0.024 -0.024 0.134
0.212 0.023 0.263
-0.153 0.105 0.176
-0.179 -0.027 0.067
-0.003 0.005 0.108
0.214 -0.046 0.263
-0.206 0.091 0.263
0.171 -0.048 0.041
0.152 0.012 0.243
-0.157 -0.032 0.273
0.134 0.006 0.261
-0.175 -0.012 0.06
0.178 -0.067 0.124
-0.002 0.108 0.066
0.213 0.019 0.122
0.204 -0.054 0.126
-0.201 -0.004 0.085
0.212 0.017 0.242
-0.003 0.008 0.263
0.226 0.065 0.26
-0.209 -0.057 0.26
0.207 -0.012 0.06
0.175 -0.068 0.112
0.188 -0.063 0.127
0.195 0.006 0.272
-0.156 -0.019 0.04
-0.107 0.058 0.126
0.188 -0.062 0.138
-0.035 0.059 0.128
-0.158 -0.029 0.265
0.191 0.089 0.141
0.235 0.045 0.224
0.225 -0.02 0.21
-0.163 0.033 0.245
-0.114 -0.014 0.055
-0.09 0.031 0.134
0.096 -0.029 0.056
0.149 0.012 0.243
0.126 0.105 0.079
-0.139 0.101 0.066
0.185 -0.064 0.115
0.014 -0.023 0.117
0.232 0.05 0.213
0.185 -0.064 0.118
0.198 -0.057 0.137
-0.097 -0.013 0.056
-0.006 0.063 0.064
-0.163 -0.012 0.108
0.169 0.013 0.273
0.03 0.008 0.263
0.179 -0.06 0.21
-0.008 0.057 0.127
-0.107 0.001 0.126
-0.149 0.031 0.261
-0.04 0.012 0.119
-0.04 0.012 0.244
0.065 0.061 0.261
0.157 0.027 0.108
0.077 0.046 0.126
0.032 0.108 0.067
-0.036 0.052 0.06
0.112 -0.022 0.131
0.151 -0.008 0.125
0.221 0.073 0.262
0.171 -0.019 0.06
-0.174 -0.045 0.034
-0.08 0.012 0.119
-0.08 0.012 0.244
-0.1 0.061 0.117
0.185 -0.063 0.139
0.075 0.016 0.274
0.193 -0.058 0.217
-0.157 -0.026 0.067
-0.218 0.081 0.269
-0.181 -0.043 0.034
0.196 -0.059 0.109
0.179 -0.065 0.106
0.152 0.019 0.274
0.014 0.03 0.262
-0.149 0.032 0.117
0.035 0.026 0.117
-0.121 -0.01 0.059
-0.162 0.011 0.274
-0.214 0.004 0.066
-0.211 0.057 0.039
0.17 -0.046 0.041
-0.199 0.042 0.067
-0.148 0.029 0.263
-0.119 -0.077 0.259
0.049 -0.024 0.262
0.059 0.006 0.134
-0.073 0.107 0.066
0.173 -0.021 0.273
-0.176 0.108 0.259
-0.154 0.064 0.064
0.171 0.043 0.06
-0.002 -0.003 0.055
0.199 -0.057 0.133
0.188 -0.056 0.158
-0.229 0.068 0.263
0.105 0.107 0.102
0.099 0.006 0.263
-0.155 -0.018 0.125
-0.09 -0.018 0.126
0.149 0.019 0.274
0.221 0.061 0.263
0.043 0.031 0.134
0.181 -0.06 0.184
0.186 -0.064 0.128
0.208 -0.012 0.066
-0.116 0.032 0.262
0.241 0.024 0.215
-0.191 -0.004 0.06
-0.123 0.012 0.059
0.187 -0.041 0.142
-0.084 -0.024 0.262
-0.149 0.032 0.13
-0.003 0.061 0.263
-0.175 -0.047 0.041
0.156 -0.073 0.259
-0.122 0.032 0.131
-0.227 0.067 0.263
0.117 0.033 0.128
-0.161 0.111 0.259
-0.151 -0.027 0.063
0.207 -0.052 0.118
0.223 0.06 0.263
-0.108 -0.066 0.067
-0.122 0.038 0.125
0.215 0.022 0.242
0.025 0.06 0.13
0.181 -0.066 0.114
-0.208 0.066 0.039
0.083 -0.031 0.263
0.098 0.06 0.134
0.18 -0.064 0.107
0.162 0.061 0.273
-0.212 0.05 0.066
0.152 0.031 0.263
0.199 -0.037 0.06
0.173 -0.069 0.126
0.035 0.061 0.107
0.202 -0.055 0.136
0.03 0.061 0.263
-0.139 0.006 0.134
0.205 0.057 0.06
0.175 -0.067 0.135
-0.163 0.005 0.265
0.241 0.019 0.224
0.197 -0.059 0.122
-0.122 0.035 0.127
-0.198 0.059 0.063
-0.041 0.06 0.134
0.22 0.05 0.262
0.189 -0.062 0.131
-0.003 0.012 0.117
-0.08 0.022 0.274
-0.036 0.105 0.06
-0.081 -0.029 0.244
-0.081 -0.029 0.119
-0.051 0.031 0.117
0.172 0.108 0.26
-0.13 -0.064 0.067
-0.003 0.012 0.245
0.199 0.076 0.04
-0.217 0.027 0.078
0.215 0.023 0.263
0.194 -0.06 0.11
0.191 -0.06 0.14
-0.157 0.012 0.108
0.204 -0.053 0.119
0.03 0.005 0.128
-0.119 -0.075 0.262
-0.085 -0.018 0.125
0.059 0.046 0.126
-0.104 -0.028 0.056
-0.14 0.026 0.117
0.076 -0.01 0.108
0.196 -0.058 0.104
0.113 -0.022 0.107
0.212 0.014 0.263
-0.132 0.006 0.261
0.206 -0.051 0.128
0.212 0.022 0.129
0.043 -0.018 0.126
0.203 -0.056 0.125
0.203 -0.027 0.039
0.197 -0.058 0.134
-0.019 -0.024 0.262
0.186 -0.057 0.159
-0.234 0.024 0.26
0.125 0.012 0.06
0.139 -0.004 0.06
0.065 0.007 0.263
-0.101 0.005 0.131
0.2 -0.057 0.113
0.194 -0.06 0.123
-0.163 -0.005 0.117
-0.051 -0.02 0.127
0.183 -0.064 0.106
0.2 -0.054 0.139
0.152 0.026 0.117
-0.008 0.006 0.134
0.17 -0.067 0.118
-0.085 -0.023 0.134
-0.081 0.067 0.119
-0.051 -0.023 0.263
-0.215 -0.011 0.063
-0.081 0.067 0.244
-0.003 0.067 0.265
0.19 -0.062 0.127
-0.21 -0.019 0.039
0.173 0.08 0.034
0.179 -0.067 0.115
-0.101 -0.027 0.055
-0.198 -0.011 0.068
-0.139 0.046 0.126
0.193 -0.038 0.107
-0.051 0.034 0.126
0.189 -0.059 0.143
0.103 0.052 0.055
0.152 -0.029 0.242
0.178 -0.043 0.034
0.221 0.065 0.263
0.149 0.026 0.117
0.195 -0.057 0.213
0.065 0.006 0.134
0.118 0.027 0.055
-0.209 -0.024 0.083
0.19 -0.058 0.195
0.117 -0.01 0.056
0.195 -0.06 0.123
-0.041 -0.029 0.243
0.112 0.046 0.125
0.025 0.001 0.126
-0.23 -0.016 0.262
0.059 0.055 0.126
-0.208 -0.056 0.263
-0.119 -0.01 0.055
-0.141 0.061 0.107
-0.018 -0.025 0.263
-0.15 -0.027 0.07
0.133 0.006 0.262
0.203 -0.055 0.119
-0.133 0.007 0.263
0.135 0.012 0.266
0.213 0.041 0.164
0.211 0.022 0.148
0.137 0.056 0.06
0.203 0.04 0.271
-0.14 0.012 0.119
-0.003 0.116 0.263
-0.024 -0.016 0.125
0.197 -0.055 0.14
0.035 0.022 0.274
-0.159 -0.027 0.067
0.179 -0.067 0.128
-0.179 0.062 0.067
-0.198 0.065 0.065
-0.175 0.094 0.067
-0.084 -0.008 0.125
0.174 -0.068 0.113
-0.209 0.096 0.259
0.187 -0.063 0.128
0.212 0.016 0.134
0.183 -0.059 0.168
0.182 -0.063 0.215
-0.156 -0.06 0.05
0.217 0.034 0.208
0.171 0.058 0.039
0.049 0.036 0.125
-0.084 -0.023 0.13
0.078 -0.079 0.263
0.201 -0.057 0.126
-0.209 0.057 0.05
-0.211 -0.026 0.081
0.157 0.066 0.242
0.203 -0.052 0.112
0.205 -0.019 0.05
-0.107 0.004 0.128
-0.218 0.043 0.141
-0.143 0.113 0.259
-0.209 0.058 0.039
0.198 -0.058 0.114
0.199 -0.035 0.125
0.158 -0.011 0.265
0.199 -0.058 0.124
-0.174 -0.043 0.041
0.152 0.012 0.119
0.219 0.043 0.207
0.172 0.088 0.034
-0.002 0.108 0.067
0.181 -0.065 0.107
0.204 -0.054 0.127
0.126 -0.067 0.079
-0.162 0.027 0.245
-0.156 -0.06 0.04
0.173 -0.068 0.116
0.19 -0.055 0.158
0.149 0.061 0.107
-0.139 0.055 0.126
-0.003 0.006 0.261
-0.214 0.035 0.066
-0.179 -0.021 0.273
-0.105 0.066 0.055
-0.211 -0.028 0.079
-0.09 -0.022 0.128
0.188 -0.063 0.128
0.205 -0.051 0.118
0.113 0.067 0.242
0.196 -0.056 0.138
-0.2 -0.024 0.063
0.235 0.045 0.225
0.184 -0.063 0.14
0.083 0.031 0.263
0.211 -0.003 0.078
-0.143 -0.004 0.06
0.149 0.012 0.119
-0.162 -0.028 0.242
-0.1 0.06 0.262
0.113 0.026 0.119
-0.185 0.084 0.271
-0.122 -0.023 0.13
0.181 -0.061 0.191
0.077 -0.018 0.125
0.183 -0.065 0.114
-0.04 0.012 0.117
-0.068 0.006 0.262
-0.122 0.042 0.055
0.201 -0.056 0.117
-0.214 -0.016 0.085
0.03 0.006 0.261
-0.107 0.056 0.125
-0.149 0.031 0.262
-0.019 -0.008 0.125
0.065 0.061 0.262
-0.04 0.012 0.245
0.201 -0.056 0.12
0.175 -0.068 0.126
0.184 -0.061 0.207
-0.163 0.031 0.119
0.099 0.007 0.262
0.175 -0.066 0.138
0.151 -0.008 0.126
0.229 0.054 0.225
0.219 0.038 0.207
-0.08 0.012 0.117
-0.052 -0.016 0.125
0.216 0.043 0.262
-0.074 0.005 0.131
-0.211 -0.019 0.066
-0.14 0.022 0.274
-0.149 -0.027 0.05
0.134 0.006 0.117
-0.106 -0.009 0.126
0.198 -0.057 0.108
0.152 -0.019 0.039
0.232 0.05 0.224
0.199 0.061 0.271
-0.198 -0.024 0.073
0.185 -0.064 0.129
0.191 -0.061 0.131
0.187 0.004 0.06
0.112 -0.008 0.126
0.128 0.06 0.134
0.215 0.009 0.262
0.174 0.08 0.041
0.188 -0.057 0.181
0.204 -0.028 0.067
-0.106 0.053 0.125
-0.157 0.025 0.245
-0.217 0.012 0.085
-0.207 0.067 0.067
0.177 -0.058 0.141
-0.138 0.11 0.217
-0.198 -0.004 0.085
0.093 0.057 0.127
0.183 -0.065 0.127
0.189 -0.052 0.157
0.195 -0.058 0.139
0.171 0.035 0.06
0.151 0.036 0.126
0.186 -0.06 0.143
-0.214 0.004 0.067
-0.211 0.057 0.04
0.21 0.014 0.067
-0.051 -0.022 0.131
0.217 0.06 0.269
0.156 -0.019 0.06
0.194 -0.055 0.184
-0.176 0.108 0.26
-0.008 0.046 0.125
0.152 0.022 0.274
-0.212 0.064 0.081
0.188 -0.056 0.159
-0.141 0.056 0.06
-0.155 -0.018 0.126
0.157 -0.028 0.244
0.157 -0.028 0.119
0.108 0.11 0.176
-0.198 0.024 0.065
-0.163 0.046 0.265
0.208 -0.012 0.067
0.202 -0.056 0.113
0.113 0.012 0.243
-0.109 -0.013 0.055
0.151 0.033 0.128
-0.123 0.012 0.06
-0.149 0.032 0.131
0.219 0.05 0.263
0.192 -0.054 0.171
-0.002 0.06 0.263
0.156 -0.073 0.26
0.032 0.11 0.063
0.203 -0.054 0.109
-0.222 0.031 0.27
0.149 0.022 0.274
-0.176 -0.041 0.034
0.065 0.046 0.125
0.115 -0.073 0.269
-0.129 0.103 0.06
-0.12 -0.075 0.263
-0.101 -0.009 0.125
0.156 0.043 0.06
-0.163 -0.008 0.273
-0.113 -0.014 0.059
-0.208 0.066 0.04
-0.163 -0.023 0.107
0.059 0.005 0.131
0.238 0.003 0.227
-0.156 -0.027 0.067
-0.198 -0.026 0.078
0.202 -0.056 0.126
-0.179 0.08 0.034
0.185 -0.057 0.16
-0.205 0.031 0.271
0.149 0.005 0.108
-0.003 0.007 0.134
0.014 -0.008 0.125
-0.081 -0.029 0.117
0.189 -0.063 0.121
0.183 -0.061 0.102
0.189 -0.062 0.132
0.172 0.081 0.034
0.193 -0.059 0.215
-0.176 -0.07 0.259
0.186 -0.058 0.182
0.177 -0.042 0.041
-0.024 -0.02 0.127
-0.19 0.019 0.273
-0.211 0.066 0.063
-0.119 -0.075 0.263
-0.157 0.012 0.274
-0.153 -0.067 0.176
0.032 -0.027 0.06
0.205 -0.034 0.27
0.075 -0.022 0.107
0.03 0.003 0.126
0.147 -0.061 0.039
0.188 0.099 0.262
0.24 0.008 0.213
-0.146 -0.027 0.07
0.117 0.031 0.262
0.014 0.036 0.125
0.171 -0.055 0.039
0.133 0.003 0.126
0.151 -0.021 0.128
-0.2 0.062 0.063
-0.178 0.08 0.034
-0.215 0.049 0.068
0.113 0.019 0.274
0.18 -0.059 0.162
-0.192 0.104 0.263
-0.019 -0.024 0.263
0.133 -0.072 0.217
-0.201 0.049 0.063
-0.129 -0.062 0.06
0.162 -0.008 0.246
-0.192 0.023 0.074
-0.024 0.034 0.126
-0.139 0.005 0.131
0.223 -0.014 0.209
0.199 -0.056 0.138
0.204 -0.058 0.263
0.112 -0.021 0.128
0.117 -0.024 0.134
0.194 -0.06 0.124
0.082 -0.024 0.262
0.163 -0.008 0.273
0.198 0.076 0.067
-0.21 -0.024 0.087
-0.122 0.027 0.055
-0.133 0.061 0.261
-0.213 0.07 0.27
-0.163 0.049 0.119
-0.163 0.049 0.244
0.095 0.067 0.055
-0.198 0.003 0.078
0.216 -0.006 0.262
0.173 -0.049 0.041
0.215 0.085 0.26
-0.213 -0.021 0.073
-0.081 0.067 0.117
0.078 -0.075 0.262
0.174 -0.041 0.034
0.189 -0.059 0.22
0.176 0.088 0.034
0.125 0.066 0.06
-0.21 -0.019 0.04
0.069 -0.068 0.066
-0.212 0.062 0.078
-0.036 0.108 0.067
0.136 -0.022 0.107
-0.198 0.062 0.073
-0.16 0.065 0.063
0.138 -0.018 0.06
0.145 -0.062 0.05
0.2 -0.057 0.127
0.222 -0.037 0.259
0.103 -0.064 0.06
-0.132 0.006 0.117
0.18 -0.066 0.135
-0.166 0.024 0.274
-0.149 -0.016 0.126
0.133 0.053 0.126
-0.041 -0.029 0.244
-0.041 -0.029 0.119
-0.21 0.058 0.04
0.203 -0.055 0.117
-0.165 0.006 0.126
0.184 -0.059 0.221
0.189 -0.053 0.181
0.216 -0.005 0.216
0.211 0.022 0.149
0.217 0.015 0.26
-0.213 0.043 0.085
-0.179 0.088 0.034
0.175 -0.041 0.034
0.179 -0.067 0.129
-0.068 0.001 0.125
0.138 -0.071 0.269
-0.003 0.067 0.055
-0.215 -0.042 0.217
-0.151 0.065 0.071
0.187 -0.063 0.129
0.193 -0.06 0.131
0.205 -0.054 0.123
0.195 -0.06 0.134
0.19 -0.056 0.181
-0.211 0.05 0.06
0.19 -0.062 0.108
0.065 -0.001 0.126
0.237 0.04 0.214
-0.051 0.046 0.125
0.209 -0.005 0.06
0.215 0.017 0.242
-0.163 0.033 0.274
0.192 -0.059 0.219
0.177 -0.067 0.136
0.197 -0.057 0.139
0.152 0.012 0.117
-0.169 0.026 0.063
-0.14 0.005 0.108
-0.15 0.063 0.064
-0.198 0.042 0.078
0.179 -0.066 0.108
0.216 0.019 0.259
0.18 -0.066 0.118
0.173 -0.068 0.117
0.174 -0.068 0.127
0.134 0.014 0.263
0.117 0.032 0.117
-0.214 0.055 0.085
-0.003 0.006 0.262
0.218 0.038 0.208
0.117 -0.01 0.06
0.015 0.031 0.261
-0.155 -0.022 0.128
-0.105 0.066 0.056
0.158 -0.008 0.265
-0.106 0.059 0.131
-0.231 0.037 0.263
-0.177 -0.041 0.041
0.138 -0.075 0.263
0.149 0.012 0.117
0.194 -0.056 0.191
0.172 0.045 0.273
0.113 0.026 0.117
-0.139 -0.063 0.066
0.075 0.026 0.119
0.216 0.052 0.176
0.138 0.113 0.26
0.187 -0.057 0.182
0.198 -0.058 0.128
0.172 -0.07 0.259
-0.21 0.067 0.063
0.18 -0.057 0.184
0.217 0.024 0.26
0.098 0.061 0.263
0.077 -0.018 0.126
0.177 0.082 0.034
-0.168 0.013 0.065
-0.002 0.006 0.117
-0.068 0.006 0.263
0.145 -0.024 0.134
0.03 0.006 0.262
-0.234 0.037 0.263
0.117 0.032 0.13
0.03 0.06 0.13
-0.107 -0.001 0.125
-0.163 0.031 0.117
-0.024 -0.022 0.131
-0.143 0.05 0.06
-0.117 0.039 0.126
0.152 -0.06 0.039
0.119 0.027 0.059
-0.052 -0.016 0.126
-0.132 0.069 0.263
0.219 0.017 0.219
0.213 0.019 0.101
0.082 -0.008 0.125
0.158 -0.023 0.243
-0.181 0.087 0.041
0.191 -0.062 0.121
0.18 -0.06 0.186
0.189 -0.061 0.141
0.182 -0.06 0.189
0.035 -0.029 0.265
0.082 -0.023 0.13
-0.043 -0.08 0.263
0.188 -0.063 0.109
-0.207 -0.055 0.262
-0.117 0.031 0.261
0.183 -0.065 0.128
0.152 0.061 0.107
-0.193 0.062 0.063
0.201 -0.056 0.131
0.191 -0.055 0.169
-0.123 -0.008 0.125
-0.085 -0.022 0.128
-0.11 -0.069 0.079
-0.157 0.006 0.108
-0.179 -0.004 0.063
0.149 0.067 0.265
0.115 0.111 0.262
0.133 0.001 0.125
-0.114 -0.014 0.06
0.113 0.061 0.107
-0.116 -0.023 0.117
0.158 -0.022 0.264
0.212 0.007 0.078
0.032 0.012 0.055
0.179 -0.056 0.165
0.178 -0.067 0.119
0.078 0.115 0.263
0.186 -0.062 0.218
0.24 0.024 0.227
0.07 -0.071 0.079
0.157 -0.028 0.117
0.146 -0.061 0.05
0.223 -0.022 0.263
-0.163 0.043 0.243
0.209 0.041 0.067
-0.119 -0.022 0.107
0.113 0.012 0.119
0.171 -0.048 0.105
-0.109 -0.013 0.056
-0.002 0.048 0.055
0.181 -0.061 0.218
0.171 0.056 0.06
0.182 -0.065 0.131
-0.213 0.059 0.073
0.217 0.033 0.26
0.097 0.068 0.055
0.192 -0.057 0.192
0.192 -0.052 0.184
-0.002 -0.027 0.06
0.065 0.046 0.126
0.191 -0.061 0.112
-0.139 -0.009 0.125
-0.179 -0.049 0.041
-0.148 -0.023 0.261
-0.052 0.032 0.131
0.169 -0.07 0.124
0.18 -0.067 0.126
-0.198 -0.027 0.065
-0.176 0.088 0.034
0.13 -0.07 0.176
0.211 -0.008 0.27
0.184 -0.054 0.157
0.176 -0.031 0.272
0.179 -0.065 0.131
-0.035 0.056 0.125
-0.068 0.06 0.13
0.202 -0.056 0.127
0.031 0.006 0.117
0.217 0.006 0.26
0.098 0.003 0.126
0.133 0.061 0.134
0.193 -0.053 0.161
0.187 -0.064 0.117
0.204 0.066 0.066
0.171 -0.012 0.06
-0.097 0.052 0.055
0.2 -0.055 0.111
-0.129 0.027 0.06
-0.003 -0.029 0.265
0.125 -0.064 0.063
-0.041 0.003 0.126
0.195 -0.041 0.271
0.03 0.003 0.127
0.24 0.008 0.214
0.038 0.118 0.263
0.117 0.031 0.263
-0.133 0.046 0.126
0.014 0.036 0.126
0.177 0.087 0.041
0.197 -0.059 0.134
0.238 0.035 0.213
-0.141 -0.063 0.06
-0.117 -0.02 0.126
0.176 -0.068 0.117
0.109 0.052 0.055
0.075 0.019 0.274
-0.08 0.114 0.217
-0.018 0.029 0.263
0.176 -0.068 0.12
0.145 0.032 0.13
-0.143 -0.075 0.263
-0.198 0.059 0.078
-0.16 0.004 0.06
0.182 -0.059 0.166
0.112 0.036 0.126
-0.117 -0.023 0.262
0.194 -0.057 0.215
-0.206 0.077 0.102
0.193 -0.059 0.104
-0.002 -0.018 0.06
-0.166 0.046 0.124
0.065 0.055 0.126
0.082 -0.024 0.263
0.186 -0.064 0.123
0.182 -0.064 0.217
-0.163 0.049 0.117
-0.122 0.004 0.055
0.186 -0.063 0.134
0.113 0.022 0.274
-0.006 -0.025 0.063
-0.003 -0.072 0.079
0.014 0.033 0.128
-0.216 -0.011 0.078
0.189 -0.062 0.113
0.184 -0.065 0.121
0.0 -0.029 0.056
0.065 -0.009 0.125
-0.123 0.019 0.059
-0.191 0.086 0.066
0.224 0.065 0.263
-0.203 0.076 0.06
0.186 -0.057 0.171
-0.16 0.06 0.066
0.112 0.033 0.128
0.069 -0.068 0.067
0.035 0.012 0.266
0.181 -0.066 0.109
0.133 0.069 0.263
0.194 -0.06 0.135
-0.221 0.084 0.26
0.222 -0.037 0.26
-0.215 0.08 0.217
-0.008 0.059 0.128
-0.024 0.046 0.125
0.162 0.019 0.274
-0.101 0.006 0.13
0.203 -0.058 0.26
0.077 -0.022 0.128
0.025 0.057 0.127
-0.217 0.027 0.073
-0.2 0.065 0.073
-0.163 0.061 0.243
-0.191 0.043 0.06
0.178 -0.066 0.109
-0.133 0.055 0.126
-0.116 -0.024 0.263
0.183 -0.058 0.158
-0.199 -0.023 0.067
-0.133 0.061 0.117
0.031 0.069 0.263
0.158 -0.004 0.246
0.193 -0.061 0.121
0.179 -0.061 0.213
0.179 -0.066 0.139
0.171 0.057 0.05
0.173 -0.047 0.142
0.184 -0.062 0.209
0.162 0.046 0.246
-0.077 0.111 0.176
0.19 -0.062 0.109
0.133 0.059 0.131
0.203 -0.055 0.131
0.198 -0.036 0.115
-0.002 0.014 0.263
-0.18 0.081 0.034
-0.003 0.07 0.273
-0.211 0.058 0.067
0.157 0.011 0.119
0.191 -0.06 0.105
0.119 0.012 0.056
-0.226 -0.015 0.263
-0.057 -0.023 0.13
-0.209 0.095 0.26
0.18 -0.066 0.116
-0.003 0.053 0.126
-0.133 0.006 0.261
-0.175 -0.027 0.039
-0.162 0.066 0.107
0.179 -0.066 0.109
0.206 -0.053 0.121
0.104 0.104 0.063
-0.194 0.088 0.063
-0.001 0.063 0.064
0.072 0.111 0.176
0.21 0.026 0.067
-0.043 -0.076 0.262
-0.192 -0.065 0.26
0.069 0.106 0.063
0.143 0.1 0.063
-0.035 0.061 0.262
0.152 0.029 0.263
0.19 -0.062 0.122
-0.146 0.063 0.063
-0.068 0.069 0.263
0.145 -0.016 0.125
0.075 0.026 0.117
