7157
0.039932 0.100162 0.035253
0.078131 -0.097557 0.077324
0.023318 -0.112086 0.119249
-0.016107 0.043314 -0.01895
0.004757 -0.013776 0.208705
0.019908 0.030535 0.208705
0.117948 0.06092 0.050052
0.128738 -0.026708 0.123135
0.095027 0.086753 0.062907
0.034861 0.008793 0.215071
-0.002599 -0.098676 0.100542
-0.006091 -0.048727 -0.02235
0.095275 -0.08325 0.063439
0.096996 -0.079553 0.078837
-0.029498 0.071886 0.14047
0.02586 -0.101047 0.128832
0.019007 0.11232 0.04963
0.132973 -0.013024 0.041807
0.062322 0.11245 0.059381
-0.005926 0.097717 0.081075
0.004823 0.11245 0.071935
-0.053012 0.015929 0.012477
0.098718 -0.079672 0.059494
0.071943 0.046093 0.195079
0.136151 -0.008266 0.090097
0.028017 -0.002739 0.215071
0.058637 -0.112321 0.055747
0.106959 0.073432 0.111267
0.019912 -0.098497 0.037268
0.092103 0.082926 0.103236
0.065535 -0.098677 0.048502
-0.066741 -0.008456 0.055783
0.084835 -0.014212 -0.04353
0.094666 0.087174 0.063811
0.003567 0.099907 0.112138
-0.003543 -0.031022 0.200385
0.122606 0.056208 0.120881
0.100184 0.081932 0.108583
0.111589 0.069824 0.052885
0.009173 -0.112294 0.061913
-0.004067 0.097679 0.068681
0.096934 -0.083804 0.103397
0.050547 -0.056361 0.195079
0.096912 -0.083028 0.083425
0.053942 0.070053 0.182358
0.107417 -0.07468 0.053507
0.051624 -0.11191 0.047906
0.072766 -0.097639 0.05832
0.135314 -0.013445 0.039092
-0.067983 -0.017356 0.100452
0.009674 -0.097903 0.04406
0.133324 0.019634 0.123982
0.084082 -0.02255 -0.041019
0.129548 0.041758 0.124367
0.097279 0.086713 0.077915
0.015903 0.099031 0.040515
0.008686 -0.051122 0.195079
0.002673 0.026398 0.204937
-0.059344 0.024436 0.033771
0.136645 0.000117 0.130815
0.098647 -0.083921 0.107655
0.111968 0.070053 0.120881
0.007763 0.111371 0.060811
0.022024 -0.098892 0.037057
0.09579 -0.082686 0.104153
0.040368 -0.098855 0.033771
0.0682 0.088108 0.017554
-0.018248 0.070489 0.158685
0.09607 -0.085241 0.059256
0.060955 -0.111137 0.111062
0.12839 -0.037785 0.121335
0.119789 -0.054806 0.049656
0.019121 -0.100236 0.127012
0.126193 0.047786 0.120089
0.024134 0.101243 0.128259
0.099225 0.080621 0.108148
-0.000964 0.099041 0.10522
0.058637 0.112555 0.110512
0.039962 0.099621 0.034749
0.01454 0.111664 0.052219
0.131448 -0.007871 0.045725
0.099698 0.080711 0.108269
0.097821 0.085353 0.107113
0.118897 0.054937 0.067645
0.04813 0.071277 0.182358
0.069201 -0.0961 0.044648
-0.067983 0.008793 0.110737
-0.005594 0.098109 0.085215
0.102167 -0.08115 0.110767
0.133832 -0.018721 0.041504
-0.039362 0.019356 0.175029
0.032672 -0.112086 0.12214
-0.048393 0.022903 0.007751
0.045385 -0.100438 0.130143
0.05912 0.11245 0.055156
0.010959 -0.023308 0.208705
0.10572 -0.072236 0.056236
0.079603 -0.02921 -0.041734
0.010348 0.002276 0.211662
-0.015233 -0.04801 -0.016624
0.128454 -0.031962 0.056586
0.135288 0.005235 0.040605
0.131522 0.03651 0.124933
0.054045 0.09867 0.037891
0.030633 -0.033998 0.208705
-0.00372 -0.051513 0.189057
0.075603 0.060514 0.182358
-0.029921 0.022417 -0.015406
-0.000914 0.098947 0.106016
0.096336 0.085014 0.061136
0.076049 -0.097101 0.064901
0.097393 0.083115 0.10578
0.077669 0.021339 -0.045876
0.063534 0.098094 0.044649
0.106671 0.073173 0.111326
0.095158 0.087277 0.067114
0.098067 -0.084579 0.08334
0.094066 0.083 0.066379
0.094244 0.082858 0.063733
0.038454 0.026177 0.211662
0.119855 -0.060337 0.117802
0.067045 -0.036191 -0.043591
-0.005968 -0.027612 0.200385
-0.00783 0.057049 0.182358
0.106281 0.071874 0.055984
0.113699 0.064211 0.052791
0.13727 0.001355 0.128569
0.108732 0.066633 0.113693
0.046858 0.10082 0.129383
0.133431 -0.028084 0.124117
-0.057755 -0.015642 0.022924
0.1151 0.055824 0.050055
0.095841 0.084902 0.063038
-0.014018 -0.093245 0.100452
0.09596 0.085614 0.065861
0.059347 0.11232 0.111383
0.094645 0.083264 0.065425
0.103664 -0.078437 0.055635
0.095707 0.085474 0.063724
0.000626 0.081781 0.158685
-0.037521 -0.025329 0.175029
-0.061915 0.02509 0.044648
0.050921 -0.009472 0.213789
-0.00551 0.098142 0.08106
0.069705 -0.111137 0.074335
0.076662 0.097904 0.069449
0.097305 -0.082483 0.105997
0.067849 0.01401 0.208704
0.09729 -0.085357 0.103259
0.10424 0.077993 0.055835
-0.068044 -0.017366 0.078572
0.076487 -0.09767 0.068748
0.096883 -0.084978 0.071113
0.063231 -0.11143 0.058551
0.117115 0.054895 0.117366
0.078933 -0.097369 0.085318
0.083263 0.087243 0.033771
0.034152 0.026177 0.211662
0.02939 0.083889 0.16712
0.130565 -0.035128 0.041496
0.095424 -0.079572 0.108589
0.024476 0.013016 0.213789
0.013115 -0.099128 0.042981
0.131991 -0.003985 0.124889
0.004566 0.048891 0.195079
0.040169 0.100909 0.130759
-0.056482 -0.040747 0.044648
0.075156 -0.03681 -0.040224
-0.019947 0.014419 0.195079
0.098038 -0.08374 0.106402
0.029289 -0.015939 0.213789
0.097087 -0.083028 0.090097
0.097341 -0.084791 0.104502
0.045064 0.000117 0.215071
0.095326 -0.082696 0.103497
0.002864 -0.099412 0.111549
0.098512 -0.075529 0.057672
0.002622 -0.09738 0.052103
0.129209 -0.008044 0.017554
0.09353 0.082626 0.063416
0.096581 0.083099 0.084055
0.095849 -0.084659 0.063003
0.12363 0.038577 0.022924
-0.042881 0.027411 0.16712
-0.025328 0.079622 0.130815
0.059526 -0.098859 0.042751
0.081305 -0.027695 -0.041019
0.094989 -0.086613 0.063357
0.056855 -0.08137 0.16712
0.004823 -0.112216 0.094325
0.127825 0.040567 0.120868
0.014413 -0.111137 0.114221
0.116663 -0.064668 0.11599
0.065972 0.111663 0.063448
-0.010401 0.051746 -0.017892
0.13327 0.010473 0.041625
0.094328 -0.082543 0.063435
0.065511 -0.034952 -0.043736
0.09498 0.086925 0.063851
0.097934 -0.021127 0.189057
-0.057879 -0.02383 0.14047
0.019787 -0.099257 0.130815
0.012337 0.112555 0.057747
0.135529 0.020277 0.127592
0.095913 -0.081059 0.06083
-0.067094 0.000117 0.055783
0.032745 0.112528 0.044909
0.075605 -0.015238 -0.046736
0.099894 -0.081686 0.057767
0.017031 0.100564 0.125466
0.095246 -0.083528 0.065255
0.10783 -0.072746 0.055469
0.051484 0.11232 0.048227
0.084608 -0.005645 -0.045277
0.09625 0.071848 0.017554
-0.00472 -0.098642 0.089769
0.060455 -0.098796 0.043467
0.096699 0.083725 0.103293
0.028779 -0.099576 0.035613
0.003534 0.111371 0.071476
0.122477 0.048508 0.047885
0.095782 0.084056 0.062943
0.070387 -0.097626 0.053724
0.042933 -0.053047 -0.036572
0.06808 0.111663 0.097496
0.02991 -0.025232 0.211662
-0.040686 -0.071043 0.110737
0.069511 -0.11143 0.091874
0.136202 0.000119 0.078837
0.12508 0.043842 0.046632
-0.055541 0.016377 0.017554
-0.066913 -0.017176 0.110737
0.025118 -0.032596 0.208705
0.070432 -0.111137 0.080177
0.095256 -0.086322 0.06345
-0.025103 0.028994 -0.017073
0.027662 -0.001331 0.215071
0.093531 0.082966 0.06574
-0.051024 -0.038343 0.022924
-0.037574 -0.001579 -0.011554
0.120831 -0.055611 0.048797
-0.033728 -0.009583 -0.014295
0.127904 0.040883 0.090097
0.133538 0.024279 0.039728
0.135096 -0.022919 0.126425
0.096954 -0.083828 0.10312
0.097389 -0.085373 0.105446
0.019908 -0.047834 0.200385
0.028017 0.002973 0.215071
0.136939 -0.009832 0.127909
-0.037988 0.052347 0.012477
-0.035304 0.078219 0.100452
0.09945 -0.08346 0.108888
0.077009 -0.008742 -0.047153
0.094644 -0.08303 0.065425
-0.007386 0.044932 -0.022395
-0.015119 -0.040068 0.189057
0.096554 0.086716 0.071912
0.007763 -0.111137 0.105449
0.075501 0.098172 0.065937
0.104233 0.073676 0.099062
0.069705 0.111371 0.074335
0.025333 -0.099013 0.035887
0.096009 -0.085106 0.061847
-0.002256 0.098972 0.101466
-0.002997 -0.042747 0.195079
0.123679 -0.053929 0.119642
0.114939 0.065546 0.051249
0.096893 -0.08007 0.059922
0.059612 -0.035704 0.204937
0.095588 0.086378 0.065158
-0.051508 -0.057485 0.067113
-0.049794 -0.056361 0.120881
0.078285 -0.097727 0.089083
-0.014018 0.093479 0.100452
0.095808 -0.085381 0.065096
0.106834 0.077065 0.113947
-0.031444 -0.009132 -0.015286
0.100621 0.082899 0.110601
-0.013774 0.040199 -0.020508
0.096109 0.082999 0.096326
0.098997 0.082423 0.107571
0.105041 -0.075698 0.110412
0.114835 0.065365 0.051636
0.09671 -0.08418 0.060861
0.095631 -0.080874 0.060671
0.03256 -0.111137 0.042923
0.09211 0.082891 0.103492
0.056447 0.048565 -0.039529
0.064671 0.112528 0.064311
0.091185 -0.084226 0.130815
0.099901 0.080931 0.058798
-0.019917 -0.039382 -0.017858
0.128488 0.04086 0.121089
0.133688 0.0197 0.12401
0.095246 -0.082773 0.062846
0.005152 0.112528 0.094208
0.100162 0.08152 0.057958
0.003455 0.11232 0.077416
0.121748 -0.046311 0.14047
0.134523 -0.018981 0.039576
0.076504 0.098152 0.069502
-0.007464 -0.052185 -0.019766
0.098534 0.080396 0.044648
0.100828 0.079304 0.108921
0.118903 0.054301 0.03377
0.110217 0.069258 0.112778
0.127516 0.046711 0.121955
0.122816 0.048676 0.047894
0.125469 0.039799 0.056586
0.06808 -0.11143 0.097496
0.006007 0.016579 0.208705
0.074126 0.032823 -0.043465
-0.037117 0.048103 0.007751
0.099453 -0.083231 0.108566
0.095639 0.082606 0.104931
0.096994 0.084077 0.102838
0.048472 -0.101009 0.128259
0.128838 0.023645 0.023212
0.011113 -0.099752 0.121913
-0.02064 -0.040261 -0.017007
0.065601 0.097946 0.046673
0.093945 0.082659 0.063402
-0.004689 -0.097076 0.069235
0.051859 0.111663 0.047365
-0.003443 0.097335 0.064901
0.027572 -0.000609 0.215071
0.061772 -0.112321 0.059883
-0.06619 -0.025943 0.100452
0.06972 -0.11191 0.086021
0.126509 0.044639 0.045657
0.093684 0.081288 0.107259
0.09514 -0.083465 0.064555
0.003255 0.111371 0.072955
0.011348 -0.11191 0.10956
0.090268 -0.082818 0.033771
0.025191 -0.098705 0.035188
0.004949 -0.028863 0.204937
0.131715 -0.033273 0.122984
0.011765 0.098402 0.042715
0.009193 0.098388 0.045349
-0.003762 0.09855 0.097864
0.094165 0.089039 0.078572
0.126659 -0.039678 0.03377
0.125818 0.032419 0.044242
-0.005259 -0.098068 0.078635
0.001028 0.097494 0.054563
-0.041559 -0.060731 0.033771
0.096716 0.083721 0.061227
0.070432 0.111371 0.080177
0.107474 -0.074595 0.053959
0.095714 -0.082829 0.10322
0.060153 0.010621 0.211662
0.099856 0.0821 0.056257
0.028661 -0.087587 0.007751
0.000626 0.02352 0.204937
0.136711 -0.009754 0.12621
0.109032 -0.072109 0.111995
0.053821 0.098978 0.038541
0.010959 -0.074006 0.175029
0.025902 -0.101324 0.128617
0.068746 0.112528 0.080323
0.094131 -0.004694 0.195079
0.102148 0.081549 0.111387
0.128193 -0.031557 0.14047
0.133859 -0.028356 0.125743
0.015619 -0.098406 0.039975
0.044612 0.095481 0.022924
0.069265 0.029918 -0.044851
0.096361 -0.087036 0.102705
0.027648 0.111371 0.043995
0.048698 0.023114 0.211662
0.11464 0.060974 0.107976
0.097332 0.085674 0.105209
0.022523 -0.082796 0.16712
0.070501 0.037417 0.200385
0.098328 0.084973 0.108462
0.130031 0.032272 0.107976
0.048838 -0.046271 -0.03901
0.046806 0.112528 0.119522
0.032672 0.11232 0.04412
0.010615 -0.004187 0.211662
0.073814 -0.014711 -0.046391
0.039945 0.099876 0.035024
0.094099 -0.082293 0.063002
0.107601 0.066939 0.056586
0.134755 0.012177 0.124603
0.046765 -0.02383 0.211662
0.095693 -0.085483 0.062985
0.034583 -0.1009 0.130623
0.037516 0.11232 0.043911
0.129209 0.008278 0.017554
0.131494 -0.029393 0.042923
0.103398 -0.074197 0.078837
0.027662 0.001565 0.215071
0.096608 0.086817 0.104815
0.053422 0.039302 0.204937
0.095769 0.08482 0.065107
0.005537 0.059321 -0.022042
0.06458 -0.111137 0.060537
0.118568 -0.059151 0.116205
0.06471 0.100073 0.117988
0.05912 -0.112216 0.111104
0.11337 -0.069526 0.116649
0.106826 -0.076804 0.11395
0.041972 -0.100873 0.13021
0.095621 0.085856 0.063617
0.100018 0.081959 0.056175
-0.033172 -0.058415 0.012477
-0.014605 0.041256 -0.020165
0.076575 -0.086599 0.022924
0.079291 0.005827 -0.047289
-0.005831 0.096562 0.067113
0.113291 -0.012782 0.175029
0.126495 -0.030972 0.022924
-0.009937 -0.020248 0.200385
-0.047648 0.045733 0.023212
0.122408 -0.056367 0.120782
0.094599 0.069873 0.012477
0.070373 -0.111137 0.086556
0.032016 0.025909 0.211662
0.083945 -0.082738 0.022924
-0.00662 -0.049941 -0.021664
0.095705 -0.082766 0.077474
0.096151 0.083262 0.102661
0.051017 0.112555 0.116957
0.008686 0.04256 0.200385
0.09167 -0.081354 0.06127
0.028164 0.112555 0.04633
0.073783 0.085908 0.149782
0.099672 -0.082768 0.108514
0.086108 0.008462 0.200385
0.009139 -0.059 -0.024239
-0.036654 0.014383 -0.010957
0.032133 -0.007619 0.215071
0.132516 -0.024012 0.042412
0.008129 0.111923 0.105163
0.040434 0.09987 0.035076
0.134632 -0.008064 0.03377
0.019079 -0.002769 0.213789
0.097104 -0.085968 0.105969
0.032784 -0.042525 0.204937
0.094155 -0.082806 0.064718
0.021008 0.101431 0.126737
-0.005234 0.098586 0.085148
0.096792 -0.085768 0.071133
0.096447 -0.083029 0.077369
-0.004056 -0.09767 0.069449
0.11169 -0.069742 0.051036
0.066995 -0.099664 0.115342
0.067266 -0.090441 0.022924
0.071706 0.099429 0.108285
0.11358 -0.063487 0.052728
0.096074 0.083202 0.103461
-0.02385 -0.039342 0.182358
0.013865 0.061309 -0.024189
0.107365 -0.0722 0.055853
0.094716 -0.086754 0.062793
0.042389 -0.11191 0.122077
-0.002352 -0.099309 0.099273
0.042439 -0.111689 0.122397
0.08224 0.018528 -0.04449
0.010259 0.000117 0.211662
0.098245 -0.084578 0.090097
0.115864 -0.061722 0.115242
0.100102 0.081234 0.108405
0.095873 -0.085253 0.062234
0.023839 0.100473 0.129471
0.053727 0.099193 0.038826
0.018664 -0.019122 0.211662
0.051624 0.112143 0.047906
0.133354 0.015907 0.041885
0.020101 0.100674 0.127147
0.027905 0.11232 0.04516
0.053569 -0.099212 0.039036
0.07855 -0.09759 0.089145
-0.003088 -0.098369 0.100815
0.067712 -0.112321 0.07486
0.06995 0.111371 0.076308
0.097154 0.08727 0.084017
0.098793 0.082096 0.059245
0.008358 -0.111909 0.104983
0.111555 0.058925 0.022924
0.015145 -0.061764 0.189057
0.032783 -0.112321 0.045322
-0.000251 -0.098093 0.059358
0.075708 0.098168 0.066672
0.078687 0.09746 0.078602
0.033966 0.100918 0.130892
0.096611 -0.082505 0.105371
0.1129 0.06074 0.056586
0.092956 0.081938 0.106349
0.117578 0.061536 0.115725
0.134814 0.01678 0.078837
-0.055587 -0.040353 0.130815
0.094701 -0.087009 0.064457
0.047211 0.111923 0.120923
0.090648 0.082621 0.063418
0.090695 -0.08232 0.063187
0.095478 0.084082 0.065189
0.076292 -0.019391 -0.046382
0.037527 -0.11191 0.12271
0.131336 -0.00779 0.022924
0.006512 0.054355 -0.026015
0.075329 -0.089215 0.14047
0.127319 0.046487 0.121139
0.075804 0.002339 -0.046979
0.078854 -0.097051 0.077257
0.006079 0.057105 -0.02446
0.129623 -0.03205 0.03377
0.060565 -0.098553 0.043244
0.013583 -0.100889 0.122206
0.037745 0.008793 0.215071
0.069646 -0.099156 0.112761
0.071943 -0.045859 0.195079
0.045854 0.014795 0.213789
0.077772 0.098637 0.086052
0.028075 -0.112294 0.120331
0.128147 0.016377 0.017554
-0.055587 -0.031557 0.14047
0.130918 -0.02918 0.043405
0.109911 -0.07329 0.113404
0.002521 -0.111689 0.08313
0.132449 -0.033025 0.125907
0.098121 -0.084973 0.083336
0.068518 0.111371 0.069672
-0.004882 0.098623 0.089828
0.008442 0.100805 0.117542
0.036303 0.099114 0.033532
-0.006436 -0.097231 0.082414
0.079327 -0.005203 -0.0473
-0.026865 -0.015944 0.189057
0.073452 0.069041 0.175029
-0.057017 0.032284 0.033771
0.114089 0.006589 0.175029
0.100776 0.079245 0.108926
0.09765 -0.084975 0.077198
0.008358 -0.111909 0.061276
0.059776 -0.08784 0.012477
0.040453 0.099615 0.034801
-0.002997 -0.06028 0.182358
0.068055 -0.112294 0.09149
0.096886 -0.083251 0.104683
0.06155 0.006536 0.211662
0.128847 0.033888 0.044465
0.098712 -0.081124 0.107649
0.095675 -0.084462 0.063955
0.017462 -0.028838 0.208705
0.046798 0.101033 0.129089
0.074631 -0.082412 0.012477
0.133574 0.024849 0.130815
0.010357 -0.098931 0.04524
0.020307 0.020752 0.211662
-0.004911 -0.097972 0.074949
0.074608 -0.087564 0.022924
-0.004575 0.09748 0.069824
0.028969 0.088987 0.158685
-0.009488 -0.070255 0.16712
0.097179 0.084258 0.104351
0.042389 0.112143 0.122077
0.083263 -0.087009 0.033771
0.096197 0.082999 0.084081
0.039822 0.008172 0.215071
0.06155 -0.006302 0.211662
-0.063696 0.008437 0.130815
0.02568 -0.10041 0.129709
0.004949 -0.071652 0.175029
-0.004175 0.097905 0.069952
-0.006081 -0.097227 0.078602
0.068095 -0.097996 0.050918
0.103253 -0.077396 0.057506
0.087865 0.011732 -0.041019
0.102336 -0.071838 0.056068
0.097241 0.085975 0.108005
0.076518 0.09719 0.065465
0.01607 0.099553 0.040956
0.097308 0.085073 0.104247
0.046926 0.100644 0.129709
0.097609 0.082644 0.060311
-0.069487 0.000117 0.078572
0.061057 -0.09803 0.042467
0.011671 0.008608 0.211662
-0.037525 -0.010406 -0.010725
-0.005009 -0.094446 0.120881
0.087725 -0.066218 0.16712
0.04053 0.09909 0.033761
-0.046275 -0.013719 0.16712
0.135016 0.008292 0.107976
0.07581 0.098578 0.100452
0.123182 0.052325 0.118396
-0.016561 0.048979 0.182358
-0.00016 0.097873 0.05832
-0.050472 0.047267 0.033771
0.107314 -0.074719 0.053059
0.052294 0.00716 0.213789
0.099254 -0.061096 0.007751
0.094552 -0.082858 0.064004
-0.051301 -0.014561 0.158685
0.096259 0.087182 0.104138
0.061481 -0.09988 0.121531
0.095527 -0.086134 0.064799
0.044614 -0.04989 0.200385
0.051859 -0.11143 0.118895
0.037527 0.112143 0.12271
0.019007 -0.112086 0.04963
0.085251 0.090932 0.120881
-0.027205 0.082043 0.055783
0.05166 0.092521 0.149782
-0.004856 0.098812 0.08885
0.135944 -0.0057 0.03826
0.096483 0.083312 0.104193
0.101806 0.072672 0.056586
0.120999 -0.022669 0.007751
0.096592 -0.084715 0.060251
0.007075 -0.099498 0.118008
0.080961 0.022442 -0.044065
0.131432 -0.007798 0.023212
0.134402 -0.018898 0.040424
0.032672 -0.112086 0.04412
0.055144 -0.028838 0.208704
0.002325 -0.005576 0.208705
0.095681 -0.083918 0.063277
0.001091 -0.053717 -0.023866
-0.054632 -0.049294 0.055783
0.036303 0.089292 0.158685
0.047164 0.099716 0.036458
0.001792 0.098237 0.055262
-0.006259 -0.097419 0.086252
0.043637 -0.088753 0.158685
0.106532 -0.064795 0.023212
0.100576 -0.010652 0.189057
0.131527 -0.023751 0.042874
0.0959 -0.08372 0.062634
0.101857 0.080654 0.109515
0.02828 -0.097098 0.14047
-0.02797 -0.082796 0.110737
0.06509 0.098462 0.047399
0.095264 0.086673 0.064289
0.067322 -0.085452 0.012477
0.116852 0.063067 0.048496
0.022466 -0.040353 0.204937
0.013609 0.085156 0.007751
0.120492 0.057021 0.117092
0.023908 -0.02288 0.211662
0.124853 -0.048033 0.11925
0.131143 0.03612 0.122876
0.026559 -0.05801 -0.031108
0.077181 -0.097246 0.069824
0.055466 -0.100543 0.125196
0.007465 -0.084226 0.158685
-0.05398 0.031237 0.023212
0.016375 -0.100753 0.124423
0.064364 0.112555 0.101746
0.038044 0.100745 0.131263
0.037478 -0.112321 0.045119
0.097442 -0.085542 0.108361
0.101981 0.078807 0.109246
0.019477 -0.101146 0.12598
0.103595 0.074654 0.090097
0.032638 -0.11191 0.122498
0.096958 -0.086783 0.077296
0.028564 -0.100325 0.130815
0.095726 0.085081 0.063828
-0.024087 0.03955 -0.014291
0.01182 0.11245 0.10906
-0.005079 0.097712 0.073596
0.092573 0.082966 0.099059
0.097546 -0.073167 0.022924
0.124181 -0.047696 0.119187
0.095427 -0.086025 0.062251
0.000663 0.046093 0.195079
0.111638 0.069984 0.052467
0.095621 -0.082386 0.104887
-0.021067 -0.08805 0.067113
-0.005542 0.098023 0.090027
0.000447 -0.098887 0.108661
0.12453 0.036325 0.044978
0.115521 0.06166 0.090097
0.095359 -0.082633 0.103899
0.028175 -0.093165 0.017554
-0.04175 -0.072027 0.090097
0.096456 0.065725 0.158685
0.005318 0.111371 0.065961
0.097282 0.085143 0.103775
0.067055 0.098536 0.049971
0.134974 0.0163 0.039301
0.033002 0.060575 -0.030586
0.030922 0.007059 0.215071
0.097623 0.085998 0.077869
0.108365 0.075548 0.114074
0.012554 0.098329 0.04168
0.06392 0.04256 0.200385
-0.006167 0.00365 0.204937
0.099763 0.080699 0.059006
0.067856 -0.111689 0.068865
0.020938 0.111371 0.119154
0.095669 0.084741 0.064246
0.0145 0.086563 0.158685
0.095977 -0.026164 0.189057
0.061059 0.098262 0.042509
0.029389 0.00552 0.215071
0.06458 -0.111137 0.105722
-0.050063 -0.040318 0.022924
0.03611 -0.099407 0.03457
-0.00413 0.098895 0.093741
-0.039769 0.07043 0.055783
0.079387 0.026364 -0.043545
0.134838 0.00673 0.124822
0.102163 0.081353 0.110681
0.062249 0.099165 0.04524
0.12854 0.039616 0.044487
0.076162 0.025062 -0.045409
0.061001 -0.098034 0.042419
0.134708 0.016184 0.040543
0.096572 -0.086734 0.103751
-0.009937 0.085908 0.14047
0.111141 -0.068434 0.054039
0.095943 -0.084909 0.062448
0.095724 -0.084853 0.063859
0.036112 -0.099949 0.035076
0.133555 -0.018654 0.041778
0.019375 0.004421 0.213789
0.11848 0.062877 0.118929
0.07835 -0.097358 0.077305
0.096719 0.087272 0.077991
0.095113 0.083106 0.063144
0.108366 0.075191 0.112771
0.097 0.083908 0.104275
0.06063 0.040429 -0.042286
-0.056682 -0.007619 0.149782
-0.004808 -0.097696 0.073138
0.022715 -0.101248 0.127483
0.084275 0.016675 -0.043337
0.100687 0.082622 0.109885
0.097844 0.081118 0.107533
0.134148 -0.022546 0.124189
0.01954 -0.112321 0.050662
0.06972 0.112143 0.086021
0.115026 -0.064873 0.051541
0.057889 -0.045023 -0.040888
0.060153 -0.010387 0.211662
0.097214 0.085841 0.104467
0.096321 0.081033 0.060539
0.028399 -0.090597 0.012477
0.069949 0.099473 0.111753
0.02358 -0.112294 0.118519
-0.029498 -0.071652 0.14047
0.003534 0.111371 0.094783
-0.040366 -0.033649 0.16712
-0.000349 0.048696 -0.024475
0.019178 0.11245 0.049961
0.099723 -0.08114 0.058695
0.128785 0.041008 0.121298
0.078919 0.000117 0.204937
0.067673 -0.032086 -0.044378
0.102021 -0.081387 0.11211
0.097187 -0.085721 0.103651
-0.035375 -0.018994 -0.011297
0.066145 0.111371 0.102927
0.084754 0.014813 -0.043502
0.093794 -0.082737 0.065042
0.129527 -0.016081 0.042073
0.078897 0.017622 -0.046256
0.092957 0.082966 0.083412
-0.026087 0.029697 -0.016524
0.098456 -0.082904 0.058674
0.094482 0.080602 0.107955
0.024074 0.100995 0.128513
0.060055 0.111371 0.05401
0.081724 0.075351 0.007751
-0.057879 0.024064 0.14047
0.091011 0.08221 0.06234
0.097771 0.083758 0.105972
0.022134 0.099343 0.037339
0.029703 0.100114 0.035666
-0.02797 0.010886 0.189057
0.095647 0.085795 0.063312
0.06885 0.034044 -0.044136
0.095026 0.082966 0.102425
0.002397 0.098064 0.053901
-0.012274 -0.031749 0.195079
0.088512 0.080353 0.023212
0.02781 0.002276 0.215071
0.008903 0.100575 0.118309
0.027992 0.050123 0.200385
0.096353 -0.082914 0.061682
0.126659 0.039911 0.03377
0.096599 0.08157 0.106919
0.059917 -0.11143 0.054179
0.097556 -0.083693 0.105544
0.042483 0.111664 0.043584
0.089167 -0.057541 0.175029
0.017857 -0.057807 -0.028639
0.123719 0.038616 0.023212
0.076736 -0.098661 0.093741
0.100182 -0.081604 0.05709
0.097043 -0.083632 0.104474
0.135459 -0.011213 0.038089
-0.005297 0.098193 0.089958
0.127145 0.046349 0.120779
0.098863 -0.079298 0.059362
0.132523 0.030755 0.123422
0.134743 -0.015042 0.124496
0.095922 0.084819 0.065872
-0.038126 0.004917 -0.010565
0.005962 0.058346 -0.023387
0.120826 -0.039456 0.017554
0.036499 0.099115 0.033524
0.067599 0.112143 0.097278
0.053376 0.100645 0.126705
0.067856 0.111923 0.097395
-0.003969 0.086833 0.022924
0.050083 -0.010652 0.213789
0.131877 -0.023836 0.042783
0.068884 0.011347 0.208704
0.070973 -0.097772 0.055112
0.003102 0.11232 0.08313
0.114992 0.062396 0.090097
0.096187 -0.081277 0.060938
0.098128 0.079228 0.090097
0.086653 -0.093299 0.078572
0.00542 0.099724 0.115571
0.032582 -0.11143 0.123104
0.003724 -0.11143 0.071544
0.113076 0.06375 0.052778
-0.035304 -0.077985 0.100452
-0.033726 0.076497 0.055783
0.068265 -0.111137 0.06868
-0.057879 -0.041362 0.120881
0.095486 -0.0825 0.104496
0.02901 -0.100465 0.130559
0.069933 -0.076862 0.16712
0.110808 0.069758 0.112755
-0.025328 -0.079388 0.130815
0.100961 -0.080868 0.055783
-0.012263 -0.042953 -0.020854
0.097529 -0.083525 0.083379
0.135221 -0.02084 0.125372
-0.062904 0.034313 0.067113
0.042274 0.11245 0.044918
0.12883 0.040112 0.042026
0.094874 0.075673 0.022924
-0.050049 -0.015171 0.007751
0.121111 -0.055942 0.048057
0.097237 -0.080612 0.060214
0.130844 -0.032321 0.099062
0.135685 -0.009623 0.124998
0.01167 -0.097549 0.130815
0.037491 -0.112294 0.044704
0.015065 0.11232 0.052964
0.097113 -0.08413 0.103705
0.090592 0.082693 0.063649
0.043949 0.099162 0.034685
0.079773 -0.020547 -0.045265
0.071785 0.097599 0.055477
0.09859 -0.082585 0.0589
0.12872 0.026872 0.123127
-0.000351 0.097671 0.058174
0.093537 -0.009473 0.195079
0.047352 -0.111137 0.121413
0.012271 -0.044471 0.200385
0.097574 -0.085365 0.10658
-0.056232 0.023645 0.023212
0.09607 -0.083581 0.062271
0.094542 -0.082995 0.064915
0.108185 -0.071321 0.111937
-0.001177 -0.020248 0.204937
0.09855 -0.08333 0.10715
0.100561 -0.078787 0.108993
0.099811 0.082043 0.055783
0.096722 0.08364 0.103946
0.023926 0.100607 0.129125
0.066791 0.042433 -0.041141
0.092539 0.082341 0.105525
0.011549 0.098264 0.042468
0.116693 -0.06519 0.118115
0.072255 -0.097211 0.055784
-0.023949 -0.039245 -0.014327
0.08406 0.088723 0.130815
0.118699 0.030228 0.007751
0.096151 -0.082604 0.061772
0.00744 0.031598 0.204937
0.066686 -0.112294 0.069394
-0.006327 0.097603 0.085318
0.11938 -0.0598 0.116756
0.134434 0.025639 0.12526
0.058881 -0.112294 0.110811
0.128193 0.031791 0.14047
-0.012645 0.012563 0.200385
0.021079 -0.099585 0.038348
0.059634 -0.02533 0.208704
0.106933 0.07667 0.112195
0.136741 0.006868 0.125965
0.098499 -0.079433 0.059456
0.009459 0.098838 0.045793
0.069705 -0.111137 0.091925
-0.049142 0.037748 0.149782
0.002881 0.111923 0.077316
0.007452 -0.099807 0.117505
-0.003331 0.090839 0.033771
-0.056232 -0.023411 0.023212
0.130915 0.036002 0.122554
0.132607 0.023831 0.042357
-0.035785 -0.010014 -0.012752
0.133929 -0.010911 0.041532
0.071102 0.09846 0.05609
-0.04822 -0.039456 0.017554
0.030922 -0.065086 0.189057
0.126072 -0.044746 0.046091
0.137051 -0.004204 0.126403
0.12422 0.049564 0.046946
0.095619 -0.085629 0.063654
0.067767 0.100504 0.113159
0.102104 0.029097 0.182358
0.126926 0.046197 0.120463
-0.044855 -0.063307 0.120881
-0.065138 0.02591 0.110737
0.096456 -0.065491 0.158685
-0.010326 -0.051407 -0.01791
0.056586 0.037748 0.204937
0.012502 -0.098092 0.04172
-0.036685 0.061609 0.022924
0.073392 0.036987 -0.041575
0.096197 0.083713 0.062036
-0.035139 -0.060073 0.017554
0.12665 -0.045423 0.043747
0.097969 0.085271 0.109139
0.136477 0.012426 0.126078
0.09687 -0.085377 0.071116
-0.051047 0.00779 0.007751
-0.010327 -0.080976 0.017554
0.051998 -0.094322 0.022924
0.123759 -0.054138 0.120497
-0.066913 0.017411 0.110737
0.137281 -0.004238 0.128102
0.00137 -0.097971 0.055965
0.025578 0.013953 0.213789
-0.011638 0.061961 0.175029
0.100985 -0.079247 0.108916
0.014694 0.111923 0.113823
-0.051301 0.057583 0.110737
0.044451 0.098845 0.033771
0.011911 0.098576 0.042992
0.042334 0.11232 0.044537
0.076009 0.099092 0.096583
0.133611 -0.005511 0.041417
0.05975 -0.111689 0.054383
-0.028576 -0.025043 -0.015798
0.09835 -0.081858 0.059709
0.113642 0.060199 0.115797
0.098536 0.081584 0.059673
0.046765 0.024064 0.211662
0.103473 0.056707 0.007751
0.123905 -0.023451 0.012477
0.01858 -0.11143 0.048802
0.068055 0.112528 0.074769
-0.043652 0.0626 0.044648
0.006313 -0.082613 0.007751
-0.035139 0.060307 0.017554
0.136056 -0.016597 0.127887
0.071343 0.099874 0.107965
0.134324 0.010584 0.041335
0.028806 -0.099861 0.035839
0.073846 -0.0361 -0.041724
0.103371 0.076511 0.057631
0.119306 0.05511 0.049791
0.125935 0.04762 0.119828
0.09569 0.085721 0.063003
0.097692 -0.081133 0.060212
0.134979 -0.005592 0.0409
0.005489 0.112555 0.072172
0.105937 -0.067946 0.054473
-0.054053 -0.039677 0.033771
7e-06 0.098103 0.05845
0.129273 0.041285 0.121884
0.134848 -0.022767 0.125165
0.066677 -0.100114 0.114946
0.012972 0.025563 0.208705
0.132227 -0.024507 0.067645
0.022165 -0.099359 0.037612
0.093562 0.082593 0.063306
-0.003724 0.098152 0.068806
0.129563 0.000117 0.017554
0.005498 0.111664 0.06606
-0.005016 0.098716 0.087286
0.07169 -0.098942 0.109494
0.095977 0.077096 0.14047
0.027647 -0.111137 0.122264
0.117522 -0.059803 0.050853
0.127906 -0.024667 0.043032
0.010952 0.09998 0.12182
0.042237 -0.006355 0.215071
0.123528 -0.0387 0.045541
-0.011454 -0.088489 0.130815
0.096089 -0.085203 0.061133
-0.058676 -0.008226 0.022924
0.002796 0.112143 0.08313
0.096085 0.085532 0.060538
0.123516 0.038932 0.045546
0.103069 0.080699 0.111544
0.034854 -0.111137 0.123436
-0.058385 0.04182 0.055783
0.071566 -0.042958 -0.037539
0.07105 -0.099457 0.108933
0.093774 0.082864 0.064249
0.014774 0.056153 -0.028415
-0.04718 -0.065124 0.078572
0.023718 -0.112321 0.118136
-0.014729 0.078544 0.149782
0.096602 0.083401 0.061418
0.07695 0.098827 0.092767
0.106179 -0.07752 0.112736
-0.004021 0.098414 0.097985
0.099198 -0.079651 0.108539
0.136328 -0.015376 0.126693
0.114444 -0.064209 0.052421
0.102655 0.079687 0.10969
0.13069 -0.032741 0.078837
0.13695 0.008491 0.128388
0.049747 -0.04795 -0.039091
0.122785 -0.055873 0.120022
0.097862 0.08671 0.090097
0.051702 -0.111137 0.047032
0.097934 0.021361 0.189057
0.095258 0.086548 0.063406
0.096976 0.08561 0.071826
0.028428 0.095535 0.022924
0.055431 0.11245 0.114732
0.020307 -0.020518 0.211662
0.069201 0.096334 0.044648
-0.014018 -0.00407 0.200385
0.094821 -0.081411 0.061363
0.022057 0.099127 0.037043
0.097673 -0.084041 0.105691
-0.005748 -0.097725 0.08617
0.032784 0.112555 0.045322
0.02358 -0.112294 0.047741
-0.004539 0.098462 0.09391
0.126511 0.031524 0.045725
0.121044 -0.056292 0.046331
0.020307 -0.063307 0.189057
0.015719 -0.112321 0.053893
0.101765 -0.072389 0.056307
0.078862 -0.009036 -0.047159
0.059712 -0.092699 0.022924
0.136241 -0.015434 0.12799
0.129674 -0.034476 0.044113
0.133942 0.021691 0.040705
0.027988 -0.112216 0.120724
0.118975 0.054919 0.049769
0.067712 -0.112321 0.0914
0.039982 0.099403 0.034433
-0.02689 0.069041 0.149782
0.100188 -0.081432 0.05762
0.046283 -0.09951 0.036203
0.002105 0.063566 0.182358
0.136501 0.006847 0.125633
0.134117 -0.000185 0.041296
0.055431 -0.112216 0.051527
-0.015119 -0.066218 0.16712
-0.041559 0.060965 0.033771
0.0789 -0.097388 0.085647
0.08327 0.014531 -0.044832
0.121689 -0.054768 0.117667
0.086653 0.093533 0.078572
0.004124 -0.112321 0.08313
0.069008 0.112143 0.091741
0.111887 0.070976 0.11389
-0.007539 0.076361 0.007751
0.074631 0.082645 0.012477
0.073807 0.097335 0.058666
0.094266 -0.082164 0.062667
0.096342 0.082931 0.104794
0.064959 0.0987 0.047596
0.09811 0.081339 0.107432
0.088822 0.018241 -0.037539
-0.024299 0.078294 0.033771
0.124273 0.04767 0.099062
0.0438 0.100095 0.035839
0.124551 0.048068 0.130815
-0.001177 -0.085674 0.149782
0.095178 -0.086285 0.06205
0.118442 0.062372 0.116805
-0.012909 -0.091187 0.055783
-0.063394 0.025466 0.120881
0.063559 -0.097859 0.044648
-0.021005 -0.073811 0.149782
0.043508 0.101089 0.129928
0.043861 0.099556 0.035341
0.097944 0.084077 0.090097
0.129706 -0.041021 0.124453
0.127575 -0.03943 0.045373
-0.028859 0.000117 0.189057
-0.012645 0.090932 0.120881
0.134472 -0.000186 0.041196
0.134546 -0.024863 0.12705
0.052413 -0.100653 0.126866
0.066109 -0.030928 -0.044114
0.002623 -0.111137 0.076307
0.002644 0.111664 0.088985
0.11779 0.060729 0.050401
0.122528 -0.048102 0.047853
0.00401 -0.098429 0.052311
0.06474 -0.044262 -0.040493
0.042696 -0.025232 0.211662
0.099603 0.080457 0.05917
0.097934 -0.079388 0.130815
0.114761 -0.061974 0.078837
0.134815 -0.016542 0.078837
0.097058 0.084561 0.058096
-0.06467 0.008518 0.044648
0.095794 -0.082865 0.102586
-0.01419 0.000117 0.200385
0.018664 -0.069819 0.182358
0.077937 0.098386 0.08609
0.042696 0.025466 0.211662
0.006538 0.11245 0.066636
0.043217 0.083889 0.16712
0.094785 -0.086635 0.062322
0.034666 0.101383 0.130361
0.131843 0.029292 0.042534
-0.030445 -0.056935 0.007751
0.09976 -0.080464 0.059
0.065523 0.112143 0.102514
-0.032318 -0.074728 0.044648
0.005289 -0.057423 0.189057
-0.052512 0.058378 0.090097
0.001856 0.000117 0.208705
0.096784 0.084034 0.060995
0.055296 -0.101063 0.124759
-0.003543 -0.073811 0.16712
0.103609 0.076805 0.057482
0.096535 -0.083846 0.071187
0.054295 -0.1011 0.125307
0.086796 -0.093565 0.090097
0.07336 -0.079674 0.007751
-0.00783 -0.056815 0.182358
0.09961 -0.080916 0.05894
0.040029 0.099095 0.033708
-0.002041 -0.087653 0.023212
0.131859 0.006888 0.124817
0.033951 0.100742 0.131228
0.127403 0.046876 0.12326
0.059612 -0.053237 0.195079
0.097976 -0.078803 0.099062
0.053928 0.098803 0.038227
0.097241 0.084195 0.104641
0.09646 -0.084933 0.059922
0.078354 0.097959 0.08617
-0.005723 -0.097132 0.074822
-0.009487 0.070489 0.16712
0.122557 0.048338 0.047841
0.037516 -0.112086 0.122349
0.040473 -0.050408 0.200385
0.011056 0.006536 0.211662
0.133001 0.01585 0.04198
-0.000754 0.079908 0.007751
0.13604 0.014503 0.125568
0.123147 0.048853 0.047833
0.038671 -0.100375 0.13159
0.053705 0.001565 0.213789
0.063393 -0.043019 -0.041471
0.100187 -0.08155 0.057268
0.092553 -0.014185 0.195079
0.028704 -0.099104 0.03503
0.096285 -0.08511 0.059587
0.077608 0.030067 -0.042959
0.133146 0.03119 0.125808
0.099867 -0.081529 0.058103
0.075603 -0.042747 0.195079
0.095711 0.083039 0.103438
0.050922 0.009706 0.213789
0.007969 0.111371 0.060496
0.114414 -0.042326 0.158685
0.126686 -0.04536 0.044183
0.095791 0.08249 0.105263
0.096639 -0.082948 0.10474
0.076927 -0.09843 0.093822
0.005309 -0.090532 0.023212
0.077361 0.098395 0.092927
0.128315 0.039482 0.044801
0.133563 0.024244 0.04016
0.108129 -0.05038 0.007751
0.073783 -0.020248 0.204937
0.115035 -0.065443 0.049413
0.135536 -0.011202 0.038511
0.065522 -0.11191 0.102514
0.078437 -0.096328 0.067113
0.133181 0.024637 0.099062
0.015275 -0.112216 0.053262
0.044876 0.100064 0.036111
0.097177 -0.07979 0.090097
0.043945 0.087821 0.007751
0.058997 -0.084922 0.007751
0.019751 0.094376 0.022924
0.070052 -0.043274 -0.038504
0.07533 0.017305 0.204937
0.09573 -0.085186 0.063452
-0.002556 -0.055777 -0.019939
0.00238 -0.099098 0.111881
0.095623 -0.085723 0.062452
0.006007 -0.016345 0.208705
0.048698 0.049264 0.200385
0.0145 0.014419 0.211662
0.076043 0.097497 0.065684
-0.00372 0.051747 0.189057
0.09214 -0.082573 0.104028
0.135595 0.010821 0.038475
0.065414 0.098081 0.046933
0.119887 0.055594 0.090097
0.100193 0.081789 0.05727
0.134825 0.016624 0.038476
0.002956 0.09764 0.051689
0.014801 0.060384 -0.025754
0.131654 -0.009425 0.124704
0.126755 0.048458 0.122452
0.097087 0.083262 0.090097
0.095386 0.084035 0.064623
0.128678 0.031808 0.116787
0.016005 0.111371 0.050692
0.136356 -0.015403 0.127128
0.131934 -0.027595 0.123049
0.060441 0.090565 0.017554
0.077647 0.002417 -0.047343
0.07904 -0.097176 0.081082
0.098918 0.082884 0.057971
0.119307 -0.048102 0.047852
0.077615 0.010621 0.204937
0.037504 -0.112216 0.121962
0.061062 -0.100509 0.120802
0.010965 0.111664 0.109966
0.095721 -0.084917 0.064286
0.005498 -0.11143 0.100199
0.11513 -0.065053 0.051153
0.124501 -0.047565 0.090097
0.101333 0.079901 0.108995
0.005964 -0.111909 0.066319
-0.035523 -0.05038 0.007751
0.096942 0.083262 0.084031
0.047273 0.099247 0.035887
0.135558 -0.011185 0.038942
0.05924 -0.051974 -0.0356
-0.032688 0.023888 -0.012894
0.056753 0.099028 0.040546
-0.056682 0.007853 0.149782
0.010016 -0.051882 -0.027538
0.090639 0.082966 0.06574
-0.005838 -0.097396 0.078615
-0.06052 0.008172 0.14047
0.067657 0.029097 0.204937
0.09334 0.081588 0.106893
0.100454 -0.081131 0.108662
0.126293 -0.0449 0.04578
0.098876 0.08233 0.05897
0.037026 -0.008649 0.215071
0.100122 -0.081691 0.056632
0.049945 0.101205 0.127693
0.095769 -0.084586 0.065107
-0.06834 0.000117 0.110737
0.05166 -0.008228 0.213789
0.098048 0.085605 0.096528
0.066293 0.082847 0.007751
0.104263 -0.074006 0.130815
-0.055587 0.040587 0.130815
-0.028867 0.021894 -0.015965
-0.015853 0.080272 0.022924
0.131726 -0.029493 0.042604
0.069557 0.099854 0.111361
0.056629 -0.111137 0.115619
0.094929 -0.082661 0.103503
0.077827 0.025753 -0.044643
0.06834 0.093815 0.033771
0.109495 -0.072637 0.112388
-0.00084 -0.098965 0.104838
0.119933 0.05552 0.049623
0.005715 -0.111689 0.066181
-0.005711 -0.096965 0.072941
0.132167 0.029466 0.041779
0.122402 -0.050082 0.048243
-0.012274 -0.074537 0.158685
-0.054632 0.049528 0.055783
0.07613 -0.098488 0.097748
0.118552 0.062535 0.117194
0.016163 -0.100295 0.124925
-0.056682 0.050642 0.100452
0.09049 0.012323 -0.037539
0.046765 -0.041362 0.204937
0.034562 -0.100511 0.131263
0.13403 0.021743 0.040287
0.134856 -0.011032 0.040873
0.012082 -0.095918 0.033771
-0.012274 0.074771 0.158685
-0.037327 -0.039891 0.16712
0.097952 0.084433 0.106336
0.059612 0.035938 0.204937
0.094553 0.08309 0.063998
0.103396 0.074433 0.078837
0.095708 0.084797 0.06475
0.029107 -0.111137 0.043677
0.120294 0.053407 0.049265
0.004839 -0.10027 0.113159
0.094963 -0.082724 0.102796
0.063487 -0.021127 0.208704
0.111764 0.069867 0.050998
0.050548 -0.098893 0.037043
0.044422 -0.056128 -0.035002
0.03256 -0.111137 0.123337
-0.027462 -0.034882 -0.013398
0.064746 -0.099675 0.118387
-0.002723 0.017305 0.204937
-0.015906 -0.080119 0.023212
0.046693 0.112555 0.119129
0.09721 -0.085749 0.103273
0.121375 -0.05569 0.046153
0.036303 -0.095725 0.023212
0.108894 -0.066979 0.033771
0.094932 0.082894 0.103492
0.117667 -0.053882 0.056586
0.057461 0.027411 0.208704
0.067314 -0.112086 0.06911
0.02773 -0.09983 0.036111
-0.004278 0.097479 0.068605
0.098065 0.086368 0.090097
0.03911 -0.087799 0.007751
0.095248 -0.082312 0.105003
0.100105 0.081936 0.05654
0.126821 -0.040163 0.067645
0.097979 0.084432 0.083962
0.008856 0.09808 0.044815
0.110594 -0.052113 0.012477
0.052698 0.030535 0.208704
0.130014 -0.012686 0.041782
0.011642 0.101015 0.120619
0.095897 0.084416 0.062804
0.072678 -0.099463 0.105382
0.066013 0.045578 -0.03917
0.098174 0.081047 0.059911
-0.021211 0.036373 -0.017946
0.126154 0.031399 0.04405
0.095705 -0.085246 0.063758
0.111793 -0.069701 0.051479
0.096235 0.083014 0.104484
0.060779 -0.099037 0.044013
0.033039 0.099407 0.034395
0.01182 -0.112216 0.10906
0.03794 -0.101149 0.130361
0.060971 0.092556 0.022924
0.107757 0.067835 0.113284
0.090542 -0.082708 0.06512
0.007005 -0.097712 0.046673
0.122708 -0.055658 0.119167
-0.039025 -0.058751 0.023212
-0.026865 0.081604 0.120881
-0.041808 -0.042326 0.158685
0.056099 0.111663 0.115836
0.09625 -0.071614 0.017554
0.034591 -0.101149 0.130358
0.04159 -0.049637 -0.036868
0.137309 -0.004233 0.127666
0.037933 -0.101427 0.13014
0.115912 -0.054268 0.049639
-0.018248 -0.070255 0.158685
0.135754 0.001324 0.125063
0.119467 -0.054605 0.049706
0.028969 0.004928 0.215071
0.094985 -0.086715 0.064033
0.100392 0.075495 0.110424
0.095345 -0.086141 0.062649
0.134632 0.008298 0.03377
0.003722 -0.095173 0.130815
0.095887 0.085732 0.060229
-0.004647 -0.097943 0.073171
0.13318 -0.024406 0.099062
0.108683 -0.067714 0.067645
0.09529 0.082517 0.062256
-0.002041 0.087887 0.023212
0.047415 0.098939 0.035188
0.121985 0.05501 0.046314
0.122669 0.040552 0.022924
0.000626 -0.081547 0.158685
0.037948 -0.100901 0.130626
0.097272 0.083484 0.084009
0.130689 0.032978 0.078837
-0.005076 0.098394 0.089891
0.077937 -0.097782 0.077338
0.130361 -0.015642 0.022924
0.095771 0.085353 0.063162
-0.032749 -0.017892 -0.014175
0.095588 -0.086145 0.065158
0.001095 -0.099402 0.108116
0.08488 -0.074537 0.158685
0.007167 0.112555 0.066985
0.058862 0.111371 0.113423
0.134336 -0.013213 0.041298
0.051016 0.112555 0.049302
0.095561 0.084313 0.064016
0.005152 0.112528 0.072052
0.097294 0.085462 0.104354
0.111992 0.071503 0.115577
0.133532 0.024197 0.04059
0.014725 0.057658 -0.027749
0.137077 0.006947 0.12846
0.012337 -0.112321 0.108512
0.08488 0.074771 0.158685
-0.059526 -0.015939 0.14047
0.096511 0.083263 0.078018
0.136618 0.012458 0.126481
0.12393 0.052873 0.119158
0.120294 -0.054683 0.090097
0.062582 0.11232 0.107116
-0.002452 0.055078 -0.021121
-0.016757 0.044287 -0.018095
0.003153 -0.111909 0.088897
0.128649 -0.040357 0.04213
-0.057879 0.041596 0.120881
0.022466 0.040587 0.204937
0.084525 0.089585 0.044648
0.09729 -0.084578 0.1029
0.10613 -0.077598 0.113186
-0.053889 -0.030971 0.022924
0.128741 -0.037915 0.121346
0.056099 -0.11143 0.115836
0.077424 -0.015752 -0.046724
0.070209 -0.09783 0.053901
0.121011 0.056587 0.047727
0.050275 0.100436 0.12889
0.095729 -0.085773 0.065118
0.097393 -0.084726 0.104792
0.094516 0.083188 0.064562
0.018785 -0.098745 0.038541
0.098741 0.080176 0.108339
0.122389 0.05659 0.120776
0.059347 0.11232 0.054877
-0.034737 -0.077366 0.067113
-0.046844 -0.027603 0.007751
0.059208 0.012563 0.211662
0.095773 -0.085115 0.063145
0.094656 0.082119 0.06207
0.088459 -0.080038 0.022924
0.028175 0.093399 0.017554
0.101088 0.0796 0.108922
0.075603 -0.06028 0.182358
0.056214 0.111371 0.116027
0.074435 0.024307 -0.045821
0.077488 0.098623 0.089828
0.096159 0.083082 0.104191
-0.051301 -0.057349 0.110737
0.019357 -0.112294 0.050308
0.052609 -0.100265 0.127456
0.121141 -0.056251 0.046765
0.102553 -0.076513 0.057945
0.095952 0.08478 0.062635
0.028745 -0.099322 0.035341
0.137076 0.006907 0.12674
0.017878 0.099655 0.039936
0.117637 -0.053237 0.14047
0.125201 -0.044254 0.046685
0.006826 0.098409 0.048145
0.095026 -0.086522 0.062916
0.01487 -0.11191 0.113573
-0.045292 -0.063648 0.055783
0.032784 0.042759 0.204937
0.101242 -0.005286 0.189057
0.019079 0.003003 0.213789
0.104486 -0.07515 0.110468
0.072713 -0.040131 -0.039399
0.072712 0.098338 0.059089
0.06871 0.11232 0.091663
0.036111 -0.099662 0.034846
0.015275 -0.112216 0.112998
0.095697 -0.084412 0.063692
0.098591 0.079246 0.059271
-0.04892 -0.031027 0.012477
0.005964 -0.111909 0.099941
0.100518 -0.082721 0.111384
0.099258 0.079846 0.108545
0.04709 -0.099767 0.03667
0.11677 -0.064838 0.116378
0.097448 0.078355 0.107976
0.093537 0.088076 0.110737
0.000663 -0.045859 0.195079
0.098281 -0.083238 0.0571
0.136103 -0.0153 0.125867
0.13438 0.019841 0.124268
0.13264 0.015797 0.042009
0.01731 0.101297 0.124759
0.130704 0.028877 0.043487
0.005284 0.085685 0.012477
0.097235 0.084778 0.103446
-0.040685 0.013016 0.175029
0.094192 0.082918 0.063995
0.103128 0.073002 0.033771
-0.021723 0.089292 0.090097
0.095159 -0.083491 0.06478
0.092553 0.014419 0.195079
0.084244 0.044429 0.189057
0.126868 0.045157 0.043624
0.002657 -0.099239 0.111753
0.098941 -0.08139 0.107666
0.070373 -0.111137 0.079704
0.098517 0.084519 0.107809
0.059634 0.068352 0.182358
0.073575 0.097473 0.05883
0.003153 0.112143 0.077363
0.092177 0.082966 0.102425
0.137195 -0.004242 0.128527
0.092532 -0.082112 0.10553
0.050582 0.099126 0.037057
0.042749 -0.077985 0.175029
0.106461 -0.06473 0.022924
0.003455 0.11232 0.088844
0.065166 -0.065951 0.182358
0.097213 0.085984 0.10324
0.095545 0.086067 0.062838
0.059577 0.09909 0.042789
-0.000671 0.099082 0.10584
0.097328 0.084115 0.104951
0.095084 0.086653 0.062505
0.120375 -0.055219 0.04935
0.095144 -0.082383 0.062479
0.136456 0.014661 0.127637
0.095795 0.083263 0.072066
0.060365 -0.099067 0.043656
0.074512 -0.097337 0.061532
0.014693 -0.111689 0.113823
0.129049 0.04115 0.121565
0.047214 0.099464 0.036192
0.096244 0.082774 0.061655
-0.034586 -0.018648 -0.012374
0.096761 0.087272 0.078572
-0.003898 -0.097918 0.069502
0.039567 -0.099173 0.034395
0.023879 0.061137 -0.028172
0.135135 -0.016371 0.090097
0.069398 0.100094 0.111194
0.090647 -0.082388 0.063418
0.123907 0.014795 0.158685
0.136372 0.014584 0.126341
-0.021993 0.069873 0.012477
0.122873 0.052134 0.118266
0.114414 0.051356 0.149782
0.014693 0.111923 0.052436
0.004217 -0.111909 0.09454
0.088825 -0.005726 -0.041019
0.075655 0.097923 0.065864
-0.00179 -0.09775 0.062387
0.134516 0.016134 0.040907
0.131456 0.036322 0.123639
0.05044 0.099593 0.037612
0.094601 0.083036 0.063753
0.108273 0.074996 0.112387
-0.066541 -0.026032 0.090097
0.067196 0.0983 0.049788
0.059632 -0.098615 0.042524
0.110517 0.069502 0.11273
0.011575 0.11232 0.109319
0.097351 0.085012 0.104565
0.090822 -0.082732 0.06663
0.09979 -0.081975 0.056679
0.098447 0.083645 0.107015
0.106181 -0.077397 0.112297
0.076252 -0.032293 -0.042513
0.133377 -0.024802 0.090097
0.01487 0.112143 0.113573
0.039822 -0.007939 0.215071
0.096009 0.082483 0.061695
0.117069 -0.046702 0.017554
0.097328 -0.085175 0.104628
-0.015906 0.080353 0.023212
0.074429 0.012548 -0.046572
0.095742 -0.08274 0.103876
0.023615 0.059791 -0.029307
-0.002997 0.042981 0.195079
0.096717 -0.083509 0.10307
0.039148 0.008437 0.215071
0.095721 -0.085668 0.060548
0.069649 0.09764 0.051657
0.040128 0.101372 0.130192
0.113264 -0.063264 0.052686
0.100095 -0.08061 0.108416
0.123184 0.011364 0.007751
0.003854 0.100412 0.111819
0.096371 0.086946 0.105438
-0.035346 0.078264 0.078572
0.097898 -0.048019 0.175029
0.002295 0.111371 0.079707
-0.006167 -0.003416 0.204937
0.031964 0.111371 0.043053
0.00035 0.097445 0.055784
0.010154 -0.099699 0.121107
0.124258 0.053438 0.121203
-0.013669 -0.045126 -0.019648
0.043216 -0.083655 0.16712
0.06123 -0.084215 0.007751
-0.041483 0.072015 0.100452
0.022515 -0.100511 0.128232
0.112697 -0.053592 0.017554
0.131556 0.036466 0.124496
0.111968 -0.019122 0.175029
0.101873 0.072541 0.056267
0.130241 -0.028967 0.043643
-0.005807 0.097886 0.090097
-0.059526 0.033148 0.044648
0.069411 0.025847 -0.04509
0.098057 -0.080381 0.107975
0.103674 -0.078304 0.056079
0.082093 -0.070255 0.16712
0.044431 0.093399 0.017554
0.018704 -0.111689 0.117215
-0.00089 0.050056 -0.024202
0.065412 -0.100473 0.116105
0.078778 0.097602 0.082401
0.134667 -0.005571 0.041122
-0.02904 -0.06028 0.158685
0.028017 -0.100287 0.130815
0.056987 0.09864 0.039975
0.001455 -0.052375 -0.024545
0.095876 0.085484 0.062226
0.003208 -0.09986 0.111194
0.099246 0.08413 0.109513
0.048698 -0.04903 0.200385
0.029289 0.042322 0.204937
0.097625 0.08671 0.096483
0.077326 -0.098642 0.089769
0.024004 0.100782 0.128804
0.077615 -0.010387 0.204937
0.012076 0.112528 0.05747
0.083596 0.029345 -0.037539
0.117813 0.051212 0.048649
-0.021839 -0.041865 -0.014885
0.071448 -0.039358 -0.04094
0.108278 -0.073728 0.053593
0.027847 -0.024615 0.211662
0.065073 0.035719 -0.043606
0.100888 0.070559 0.022924
0.10016 0.083275 0.111173
0.024476 0.071277 0.182358
0.078317 0.097199 0.072941
0.096732 -0.086395 0.105626
0.063388 -0.111137 0.107852
0.114222 0.059397 0.116051
0.095903 -0.083246 0.062393
0.007929 -0.11143 0.105319
0.105303 -0.070349 0.112296
0.031964 0.111371 0.123207
0.097898 0.048252 0.175029
-0.000793 0.097363 0.057843
0.112239 -0.043903 0.007751
0.028164 -0.112321 0.04633
0.098168 0.085144 0.108802
0.053942 0.019355 0.211662
0.068746 -0.112294 0.085937
0.095248 0.086628 0.063901
0.122212 0.051767 0.118216
0.08246 -0.009571 -0.046126
0.06845 -0.097618 0.050505
0.064851 0.098965 0.047764
-0.021558 0.08904 0.078572
0.078865 0.097652 0.086252
0.029057 -0.100641 0.130228
0.004467 0.112555 0.077592
0.009041 -0.09883 0.046517
0.080623 0.018102 -0.045537
0.07158 0.09777 0.055656
0.095088 -0.086413 0.062482
-0.02904 0.042981 0.175029
0.098999 0.080011 0.108455
0.09096 -0.082026 0.062439
0.133441 -0.024385 0.040645
0.097969 -0.085762 0.096519
0.078918 -0.097094 0.078572
0.014882 0.054589 -0.028843
0.00343 0.11245 0.08313
-0.000846 0.069041 0.175029
0.078338 -0.096101 0.110737
0.12631 -0.049183 0.121768
0.044008 -0.093245 0.149782
0.107888 0.074337 0.0528
-0.023371 -0.026164 0.189057
0.047379 -0.098706 0.035177
0.133246 -0.018585 0.041997
0.121124 0.055758 0.044648
0.052819 -0.099257 0.130815
0.128463 -0.044203 0.123804
0.041466 -0.099903 0.035474
-0.016836 -0.081547 0.14047
-0.005526 -0.097925 0.086129
0.135321 -0.004117 0.12492
0.1309 0.015896 0.124294
0.053231 0.004421 0.213789
0.063042 0.111923 0.058725
0.130489 -0.034926 0.042777
0.090953 -0.07825 0.022924
0.012075 -0.112294 0.05747
0.118824 -0.047719 0.022924
0.100561 0.079021 0.108993
0.096833 -0.086433 0.103725
0.04813 0.013016 0.213789
0.033458 0.008437 0.215071
0.124888 -0.038712 0.121141
0.096005 0.084316 0.062509
0.077117 -0.097076 0.06852
0.096102 -0.083015 0.10296
0.102801 -0.073535 0.067645
0.006241 -0.112086 0.099788
-0.031538 0.014349 -0.015178
0.125261 -0.048222 0.044039
0.134037 0.021817 0.039426
0.128165 0.040712 0.120945
0.097198 -0.085863 0.107119
-0.000215 0.099917 0.104655
0.050083 0.08303 0.16712
0.059757 -0.098404 0.042266
-0.003806 -0.098423 0.096783
0.044589 -0.100287 0.130815
0.007929 0.111664 0.06094
0.120095 -0.055012 0.049536
0.080711 0.082507 0.149782
0.095225 -0.086092 0.060802
0.105826 0.075153 0.11072
0.026307 0.111371 0.121724
0.126583 0.048087 0.120763
0.097267 0.085539 0.103843
0.062823 -0.11191 0.107336
0.128592 -0.044122 0.122936
0.123987 0.000117 0.007751
-0.042239 0.045647 0.012477
-0.012909 0.091421 0.055783
0.135276 -0.016466 0.130815
0.13615 0.008503 0.090097
0.042749 0.006075 0.215071
0.095167 -0.083364 0.06394
0.029649 0.099575 0.035167
0.129655 0.041609 0.123065
0.056813 -0.098584 0.040242
-0.049711 -0.016701 0.007751
0.129672 0.035493 0.121836
0.0009 -0.099195 0.108285
0.020312 -0.006926 0.213789
0.025841 0.041596 0.204937
-0.008105 -0.082273 0.149782
0.112972 0.033883 0.16712
0.097467 -0.083526 0.059904
0.092479 0.082966 0.077461
0.008686 -0.042326 0.200385
0.071511 -0.029727 -0.044938
0.100518 0.082955 0.111385
-0.011638 -0.044195 0.189057
0.034673 0.101661 0.13014
0.085436 -0.010952 -0.043737
-0.06467 -0.008284 0.044648
0.132791 -0.024099 0.04214
0.097154 0.082573 0.060765
0.128703 -0.034099 0.04455
0.133689 -0.013116 0.04168
-0.02385 -0.065491 0.158685
0.135838 -0.000191 0.039844
0.110846 0.069016 0.044648
0.047023 0.11232 0.120273
0.093865 0.082739 0.063686
0.018311 0.101334 0.125307
0.116215 0.052538 0.023212
0.097121 0.086183 0.106027
-0.021123 -0.052961 0.175029
0.023446 -0.112216 0.118892
0.126386 0.024352 0.017554
0.091336 0.00724 -0.037539
0.129587 -0.015659 0.042037
0.124502 0.047795 0.090097
0.020947 0.101155 0.126944
0.065712 0.031714 -0.043996
0.055799 0.112143 0.050919
0.006538 -0.112216 0.066636
-0.036267 0.00696 -0.012616
0.134146 0.014207 0.124436
0.079885 0.013825 -0.046563
0.022058 -0.056361 0.195079
0.041684 -0.065086 0.189057
0.049029 0.111371 0.120571
0.096549 -0.08648 0.106259
0.066599 0.016579 0.208704
0.135983 -0.000192 0.039448
0.01454 -0.11143 0.052219
0.095586 -0.082414 0.104797
0.12665 0.008053 0.012477
-0.022808 0.038049 -0.016399
0.03911 0.088033 0.007751
0.092665 0.067559 0.007751
0.019326 -0.100624 0.126428
0.107242 -0.066366 0.053867
0.095873 0.080952 0.060506
0.095322 -0.086104 0.061534
0.00378 0.11245 0.088788
0.060052 -0.098095 0.04168
0.095209 0.086343 0.060841
0.09749 -0.084623 0.105183
0.095382 0.083959 0.064094
0.037478 0.112555 0.121141
0.123201 -0.039574 0.045725
0.097043 0.086332 0.103612
0.094602 0.082561 0.062794
0.115276 0.066767 0.115367
0.009466 0.112555 0.104117
-0.006294 0.097622 0.085647
0.002447 0.111371 0.07724
0.070907 -0.043449 -0.037539
0.095499 0.083303 0.062842
0.09052 0.082837 0.064296
0.07274 -0.018102 -0.046073
0.073783 0.020482 0.204937
-0.020318 0.035495 -0.018483
0.052299 0.020752 0.211662
0.122217 -0.055163 0.118112
0.023557 -0.111137 0.120615
-0.046275 -0.064417 0.110737
0.045854 -0.014561 0.213789
0.042148 0.112555 0.120533
0.125329 0.047275 0.11949
0.092102 -0.082678 0.103363
0.080526 0.02745 -0.04205
0.012075 -0.112294 0.108789
0.067394 -0.099355 0.115815
0.05166 -0.092287 0.149782
-0.005213 0.098332 0.088961
0.021685 0.088076 0.158685
0.036303 -0.026032 0.211662
-0.020059 0.067559 0.007751
0.097799 0.083198 0.059831
0.022997 0.111664 0.120142
0.123653 0.00779 0.007751
0.046746 0.101281 0.128832
0.135394 0.00132 0.124961
-0.017811 0.046053 -0.015946
0.01287 -0.092793 0.023212
0.10237 -0.051513 0.16712
0.107385 0.072957 0.0558
0.133152 -0.020347 0.123887
0.098939 0.082728 0.058327
0.100873 -0.082228 0.110006
0.135453 0.012264 0.124868
0.092665 -0.067325 0.007751
0.129047 -0.034222 0.044469
0.095118 0.080062 0.10842
0.055026 0.112555 0.052195
0.03798 -0.100377 0.131628
0.130845 0.032551 0.099062
0.072459 -0.098122 0.058563
0.018958 -0.099208 0.039076
0.047238 -0.099014 0.035876
-0.004373 -0.096948 0.067114
-0.018348 -0.07825 0.022924
0.032533 0.059217 -0.031755
0.031511 0.058179 0.195079
0.067406 -0.111137 0.066513
-0.046093 0.030228 0.007751
0.109551 -0.068527 0.090097
0.012151 0.09903 0.043467
-0.055945 -0.050008 0.067113
0.091719 0.085281 0.044648
0.015045 0.052995 -0.029024
0.077865 0.098302 0.078635
0.036303 -0.090943 0.012477
0.110097 0.068143 0.054418
0.079223 -0.01624 -0.046357
0.095364 0.082861 0.103929
0.100038 0.081668 0.108395
0.008886 -0.112216 0.10457
0.069933 -0.026164 0.204937
0.030369 0.006589 0.215071
0.103473 -0.056474 0.007751
0.058881 0.112528 0.055448
-0.022398 -0.030533 -0.017959
-0.020059 -0.067325 0.007751
0.068265 -0.111137 0.09758
0.00378 -0.112216 0.077472
-0.040092 -0.053592 0.017554
0.078116 0.098196 0.082355
-0.014271 -0.046152 -0.01879
0.002644 0.111664 0.077274
0.09104 0.082179 0.062268
0.13486 -0.016325 0.099062
0.007465 0.019034 0.208705
-0.033785 0.046093 0.16712
0.037537 0.111923 0.043225
0.061647 0.023542 0.208704
0.037553 -0.111137 0.042707
0.086277 0.017363 -0.041019
0.099716 -0.083228 0.109135
0.042749 -0.005841 0.215071
0.027988 0.11245 0.120724
0.002325 0.00581 0.208705
0.120622 -0.05542 0.049101
0.135312 0.000119 0.067645
0.13442 -0.019027 0.038722
0.07198 0.081781 0.158685
-0.06052 -0.007938 0.14047
0.046765 0.041596 0.204937
0.020684 0.10052 0.127786
0.008037 0.100083 0.118139
0.095562 0.08609 0.061761
0.018476 -0.111137 0.048602
0.068518 0.111371 0.096587
0.094803 0.082862 0.063133
0.065972 0.111663 0.102812
0.050472 -0.099109 0.037339
0.06804 -0.048657 0.195079
0.132162 -0.029799 0.041001
0.037504 0.11245 0.121962
0.061772 0.112555 0.106377
-0.033926 0.065029 0.023212
0.095946 -0.082143 0.105547
-0.060852 -0.042672 0.090097
0.076968 -0.097445 0.069892
0.128136 -0.03972 0.044905
0.097862 -0.086476 0.090097
0.096853 0.083262 0.096403
0.120926 0.053803 0.04909
0.097332 -0.085371 0.102909
0.11685 -0.062832 0.048497
0.010128 -0.033649 0.204937
0.010128 0.033883 0.204937
0.09551 0.08636 0.064668
0.050356 -0.099641 0.037815
0.001804 0.097552 0.053325
0.064364 -0.112321 0.101746
0.135867 -0.005705 0.037838
0.027758 -0.111689 0.121763
0.019787 0.099491 0.130815
0.110884 -0.068174 0.054205
0.094988 0.083209 0.063502
0.132881 0.023916 0.042085
0.099308 -0.080429 0.059305
0.121384 0.057793 0.118191
-0.030867 -0.056473 0.007751
0.100158 -0.081639 0.056907
0.115842 0.056876 0.116787
0.094492 -0.082 0.062299
-0.022268 0.075673 0.022924
0.132553 0.016315 0.042062
0.130514 -0.007341 0.041483
0.058637 0.112555 0.055747
0.117637 -0.035704 0.158685
-0.000749 -0.099363 0.10392
0.121221 0.05762 0.117838
0.00667 0.098202 0.047928
0.099238 0.080226 0.108341
0.008613 0.11232 0.061475
0.092416 0.080941 0.060521
0.077951 -0.098156 0.081049
0.074994 0.099115 0.100417
-7.2e-05 0.099697 0.105382
0.013251 -0.10016 0.122874
0.077684 -0.097478 0.073596
0.019409 -0.10087 0.126184
0.05175 0.111923 0.118643
0.085445 0.011187 -0.043741
0.059318 0.052326 -0.035621
0.107211 -0.073859 0.055547
0.129943 -0.034601 0.043847
0.093917 -0.082766 0.065631
0.082094 0.070489 0.16712
0.040221 0.1006 0.131455
0.103552 -0.077913 0.056885
0.097304 0.085888 0.10581
0.044944 -0.001331 0.215071
0.119359 0.054301 0.107976
0.095698 0.084645 0.063687
0.105957 -0.075854 0.120881
0.032996 0.099099 0.033668
0.055231 0.112528 0.114402
0.133835 0.000119 0.056586
0.071396 0.097973 0.055819
0.095403 -0.083685 0.063876
0.044178 0.095535 0.022924
0.134986 -0.009554 0.124732
0.032014 -0.098855 0.033771
0.018759 0.098807 0.038186
0.077607 -0.032928 -0.041055
0.06497 -0.112216 0.102148
0.085515 0.091421 0.055783
0.132602 0.016179 0.116787
0.070501 -0.063332 0.182358
0.068396 0.112555 0.080353
0.037515 -0.112086 0.043911
0.074248 0.098235 0.062478
0.021077 0.086819 0.007751
0.038454 0.008644 0.215071
0.037553 0.111371 0.042707
0.10996 -0.073447 0.113821
0.073162 -0.030671 -0.044481
0.047179 -0.099231 0.036181
0.074993 0.097385 0.062031
0.10801 -0.073 0.055182
-0.012645 -0.012329 0.200385
-0.005231 0.095189 0.055783
0.096453 0.079079 0.067645
-0.051113 0.038616 0.023212
0.124522 -0.04786 0.119183
0.076236 0.012988 -0.046923
0.018476 0.111371 0.048602
-0.029507 -0.016667 -0.015858
0.131099 -0.032409 0.090097
0.025392 -0.09923 0.036192
0.100576 0.010886 0.189057
0.030922 0.065319 0.189057
0.050389 0.099874 0.037828
0.035227 -0.056954 -0.033559
0.062322 0.11245 0.106879
-0.030637 -0.017082 -0.015443
-0.033351 -0.075854 0.120881
0.06205 -0.112294 0.106631
0.097546 0.0734 0.022924
0.028598 -0.00407 0.215071
0.116138 0.059422 0.051243
0.097142 0.082827 0.105754
0.100195 -0.081468 0.057536
-0.024941 -0.073166 0.022924
0.048767 -0.100239 0.129471
0.051529 -0.086585 0.007751
0.084968 0.053195 0.182358
0.015719 -0.112321 0.112366
0.062823 -0.11191 0.058924
0.025118 0.03283 0.208705
0.03961 -0.098866 0.033668
0.131691 -0.008819 0.124725
0.098275 -0.082709 0.106812
0.05975 -0.111689 0.111877
0.00412 -0.112294 0.088728
0.097706 -0.083843 0.096492
0.094851 -0.08319 0.064616
0.050505 0.099342 0.037353
0.080145 0.076361 0.007751
0.102163 -0.081277 0.111207
0.130479 -0.035158 0.04107
0.032238 0.099089 0.033771
0.067856 0.111923 0.068865
-0.005535 0.097343 0.073504
0.018367 -0.111137 0.117565
0.09497 0.082818 0.103974
-0.030522 0.073002 0.033771
0.041095 -0.007247 0.215071
0.09049 -0.012089 -0.037539
0.097555 0.085428 0.105987
0.078311 0.097971 0.082372
0.097122 0.086116 0.104987
0.109791 0.067903 0.054363
0.01487 -0.11191 0.052687
0.095374 0.084005 0.06439
0.095381 -0.08316 0.063122
0.018865 0.098982 0.038501
-0.059526 -0.042088 0.110737
-0.03457 0.077417 0.110737
-0.021525 -0.088753 0.100452
0.09546 0.08629 0.06396
-0.055587 0.031791 0.14047
0.095973 0.085215 0.065858
0.134798 -0.016387 0.038492
0.07559 0.005456 -0.046916
0.00744 -0.031364 0.204937
0.003722 0.011347 0.208705
-0.06625 -0.025958 0.078572
0.09521 -0.082344 0.104907
0.003405 0.096334 0.044648
0.095976 -0.076862 0.14047
0.074862 -0.098738 0.101466
0.032493 -0.101416 0.129971
0.033458 -0.008203 0.215071
0.135347 0.010728 0.040149
0.038606 -0.101425 0.130102
0.094463 0.079246 0.059271
0.129675 0.04168 0.1235
0.031247 0.101637 0.129791
0.056703 -0.098797 0.040515
0.135031 -0.020778 0.125003
0.095312 -0.082732 0.077529
-0.015716 0.074709 0.012477
0.119743 -0.060179 0.117412
0.118498 0.038601 0.012477
0.126912 -0.039142 0.045589
0.059917 0.111663 0.112081
0.13364 0.005145 0.041399
0.099227 -0.079726 0.05935
0.077903 0.098193 0.089958
-0.026471 -0.023851 -0.016755
-0.046218 0.047952 0.022924
0.015669 0.098643 0.039943
0.097685 -0.086477 0.083368
0.126495 0.031205 0.022924
0.097898 0.057049 0.16712
0.074139 -0.097765 0.061766
0.052505 -0.10044 0.127147
0.096 0.082741 0.104845
0.07198 0.02352 0.204937
0.098364 0.081585 0.107386
0.118299 -0.06084 0.048719
-0.035176 0.031598 0.175029
0.095752 0.085634 0.062687
0.088821 -0.018007 -0.037539
0.097112 0.084371 0.103646
0.064888 0.099899 0.118235
-0.028282 0.070559 0.022924
0.044614 0.050123 0.200385
0.096449 -0.086483 0.071205
0.126512 -0.031286 0.045725
0.091614 0.081641 0.061366
0.124004 0.049395 0.047254
0.090724 -0.082285 0.063083
0.093372 -0.082598 0.064264
-0.003111 0.084982 0.017554
0.097416 -0.086137 0.077232
0.110656 0.048891 0.158685
0.111635 0.070107 0.052027
0.095676 0.084691 0.063927
0.092606 0.082272 0.105698
0.110676 0.068658 0.054304
0.044944 0.001565 0.215071
0.031693 0.056108 -0.033321
0.095416 0.086273 0.062297
0.032576 -0.098861 0.033708
0.128453 0.0322 0.056586
-0.018248 -0.035668 0.189057
0.019357 0.112528 0.050308
0.062823 0.112143 0.058924
0.092856 -0.086795 0.055783
0.098863 0.083007 0.057603
0.100272 0.081497 0.10855
0.132755 0.030855 0.123747
0.053942 -0.019122 0.211662
0.105298 -0.075985 0.110496
0.098542 0.084247 0.107513
0.06839 0.11245 0.074681
-0.045892 0.038601 0.012477
0.019375 -0.004187 0.213789
0.128744 -0.023387 0.022924
0.063487 0.021361 0.208704
-0.038104 -0.004675 -0.01057
0.032608 -0.111689 0.122822
0.11261 0.070649 0.116328
0.095699 0.085533 0.064097
0.01487 0.112143 0.052687
0.095998 0.087274 0.072025
0.068752 -0.100178 0.111819
0.097459 0.087014 0.083996
0.047122 -0.11191 0.045645
0.008613 0.11232 0.104784
0.13294 0.030947 0.124114
0.043472 0.101337 0.129667
0.134297 0.025572 0.124859
0.001924 0.098494 0.055391
0.052819 0.00581 0.213789
0.069416 0.11232 0.085995
-0.000561 -0.097611 0.059125
0.006538 -0.112216 0.099623
-0.004243 -0.097444 0.069386
0.128737 -0.040322 0.042557
0.107613 -0.072477 0.055695
0.044326 -0.003416 0.215071
0.005221 -0.099826 0.114419
0.114994 0.065815 0.050393
0.112972 0.060032 0.14047
0.093611 0.031256 0.189057
0.117075 0.060075 0.051123
0.095058 0.082999 0.072215
0.025481 -0.099766 0.03668
-0.04175 0.000117 0.175029
0.094318 0.082787 0.063468
-0.005295 0.097513 0.073553
-0.020931 0.009706 0.195079
-0.025699 -0.062136 0.007751
0.096147 -0.08286 0.104133
0.000773 -0.099817 0.10659
0.069089 -0.112216 0.085966
-0.002724 -0.089215 0.14047
0.080436 -0.048019 0.189057
0.122526 0.041479 0.046101
0.135617 0.010805 0.038906
0.112641 -0.061412 0.115352
0.097168 -0.08304 0.105371
0.050547 -0.021774 0.211662
0.08051 -0.02721 -0.042044
0.114353 -0.054755 0.022924
-0.019947 0.086563 0.120881
0.126586 0.031237 0.023212
0.007755 -0.098731 0.047764
0.063594 -0.100612 0.118137
0.06327 -0.098363 0.045584
0.094329 0.000117 0.195079
0.09077 0.082466 0.062936
0.060054 -0.111137 0.11225
0.078988 0.030654 -0.041525
0.128334 -0.015303 0.149782
-0.033785 0.054889 0.158685
0.129975 -0.038463 0.122053
0.134266 -0.010951 0.04137
0.096694 -0.083876 0.061125
-0.067983 0.01759 0.100452
-0.067983 -0.008559 0.110737
0.064624 -0.039005 -0.042862
-0.02337 0.026398 0.189057
0.008613 -0.112086 0.061475
0.05175 0.111923 0.047617
0.059347 -0.112086 0.054877
-0.053253 0.032843 0.022924
0.047288 0.111663 0.045069
0.13402 -0.014938 0.124366
0.096167 -0.082766 0.08348
-0.003331 -0.090605 0.033771
0.0877 -0.020776 -0.037539
0.132911 -0.018517 0.042155
0.008887 0.11245 0.10457
0.04469 0.101593 0.129131
0.072852 -0.099227 0.105521
0.06123 0.084449 0.007751
0.082933 0.08121 0.017554
0.061772 0.112555 0.059883
0.06808 0.111663 0.068764
0.128112 0.040354 0.090097
0.096185 -0.083924 0.062107
0.011143 -0.111689 0.056483
-0.050063 0.040552 0.022924
0.098097 -0.084917 0.109304
0.097159 -0.079904 0.059815
0.133937 -0.016394 0.067645
0.11261 -0.070414 0.116328
0.052722 -0.100131 0.127789
0.062258 0.002276 0.211662
0.00291 -0.097549 0.120881
0.070173 0.099338 0.11197
0.102043 -0.080769 0.109969
-0.039633 0.044137 0.007751
0.101558 -0.079967 0.109138
0.074971 -0.097029 0.061252
0.007647 -0.098466 0.047596
0.076981 -0.096947 0.067113
0.055231 -0.112294 0.051857
0.005489 -0.112321 0.072172
0.066687 0.112528 0.096866
-0.047417 0.000117 0.16712
0.106578 0.07213 0.05605
0.112039 0.071428 0.115131
-0.009129 0.084408 0.023212
0.127869 0.040247 0.099062
-0.011919 0.089585 0.044648
0.122017 -0.052681 0.117947
0.053648 0.099442 0.039076
0.096942 -0.086045 0.107387
0.008055 -0.100049 0.117763
0.007167 0.112555 0.099275
0.136853 -0.009839 0.128334
0.095747 0.085804 0.061998
0.135523 -0.011163 0.039371
0.131168 -0.023669 0.042897
0.100192 0.081699 0.057535
0.134692 0.019911 0.124491
0.034739 -0.05534 -0.034203
0.00296 0.09939 0.112761
0.096341 -0.082766 0.090097
0.007896 -0.099839 0.117988
0.06497 0.11245 0.064112
-0.052209 0.007481 0.158685
0.107239 0.073704 0.111283
-0.06625 0.026192 0.078572
0.095021 -0.082522 0.104263
0.027279 0.100848 0.129815
0.052698 0.048068 0.200385
-0.05873 0.008024 0.022924
-0.051333 0.032143 0.017554
0.01714 0.100776 0.125196
0.093673 -0.08805 0.067113
0.047122 0.112143 0.045645
0.097947 -0.080451 0.107921
0.03998 0.054256 -0.035719
0.039148 -0.034352 0.208705
0.07493 -0.022936 -0.045971
0.133376 0.025039 0.090097
0.096718 -0.08341 0.103921
0.078746 0.097269 0.076439
-0.043609 -0.052304 0.023212
0.069742 0.099646 0.111549
0.067849 -0.013776 0.208704
0.075915 -0.098691 0.097639
0.079545 -0.001358 -0.047366
0.027992 -0.04989 0.200385
0.09967 0.081133 0.108167
0.098172 0.083017 0.106684
-0.02689 -0.03422 0.182358
-0.004888 0.097937 0.073634
0.127471 0.031395 0.122471
0.086078 0.006423 -0.04396
0.122602 0.044478 0.119993
0.097991 -0.084955 0.107426
0.109996 -0.067422 0.054266
0.047288 -0.11143 0.045069
0.099424 0.080209 0.059289
0.095425 0.082792 0.104262
0.096438 -0.086618 0.105798
0.111347 0.069413 0.053616
0.078744 -0.097032 0.076339
0.003709 -0.089801 0.022924
0.095978 0.081251 0.060781
0.094678 -0.082729 0.06347
0.112793 -0.068297 0.113646
0.120306 -0.054987 0.130815
0.094131 0.088987 0.100452
-0.051047 -0.007556 0.007751
0.05014 -0.040353 0.204937
0.107092 -0.071922 0.055938
0.036294 -0.059809 -0.031453
0.044466 -0.098782 0.034454
0.135095 -0.011069 0.040549
0.012798 -0.098401 0.042305
0.065763 -0.111689 0.063586
0.13487 0.014305 0.124566
0.095486 -0.086111 0.064452
0.043637 -0.004694 0.215071
-0.039362 0.070053 0.120881
-0.040366 -0.059798 0.14047
0.020193 0.100887 0.126866
0.082654 0.02211 -0.042779
0.081649 0.078977 0.012477
0.051624 -0.11191 0.118353
0.01602 -0.037514 0.204937
0.109932 -0.057423 0.149782
0.129288 0.007853 0.149782
0.136006 0.000117 0.037752
0.026752 -0.057349 0.195079
0.063042 0.111923 0.107535
0.009744 -0.111137 0.057779
0.133291 0.025236 0.123666
0.068838 -0.042441 -0.040088
0.065166 0.066185 0.182358
0.135673 -0.015204 0.125166
0.011124 0.100114 0.121531
0.097153 0.083771 0.104859
0.095478 -0.083848 0.065189
0.031511 -0.057945 0.195079
0.059559 0.112143 0.054617
0.121184 -0.056177 0.047205
0.13233 -0.033746 0.125367
0.096511 0.081719 0.06094
0.09821 -0.080649 0.107778
-0.067157 -0.017217 0.067113
0.069008 0.112143 0.074518
0.066358 0.112555 0.069542
0.023091 -0.111689 0.119881
0.096409 -0.081822 0.10621
0.130109 -0.032688 0.122242
0.05966 0.100085 0.123454
-0.037521 0.068352 0.130815
0.116258 -0.062366 0.044648
0.029389 -0.083655 0.16712
0.096406 -0.083183 0.103553
0.052299 -0.063307 0.189057
0.023091 0.111923 0.119881
0.126885 0.04501 0.044492
0.053765 0.000117 0.213789
0.075233 0.097248 0.061891
0.062932 0.098137 0.04406
-0.009487 0.035902 0.195079
0.05195 0.111371 0.047156
0.095689 -0.084549 0.064595
0.122539 -0.044307 0.119966
0.069416 -0.112086 0.080265
0.067849 0.09238 0.14047
-0.014729 -0.027612 0.195079
0.093679 0.082966 0.066485
0.059208 0.090932 0.149782
0.05666 0.099274 0.040785
0.023116 0.055104 -0.031265
0.052964 0.100355 0.127639
0.096103 -0.082909 0.103872
0.10423 0.078125 0.055391
0.114874 -0.064668 0.051887
0.096853 -0.083028 0.096403
0.044326 -0.097098 0.14047
0.078437 0.096562 0.067113
-0.051136 -0.005521 0.007751
0.114943 0.065895 0.049948
0.09907 -0.082137 0.107637
0.106391 -0.054655 0.158685
0.067297 -0.090532 0.023212
0.051484 0.11232 0.118033
0.077002 0.093278 0.044648
0.130649 0.017729 0.124158
0.070746 -0.099959 0.108644
0.086624 -0.093245 0.100452
0.007516 -0.098228 0.047399
0.135443 -0.020942 0.126198
0.010817 -0.111137 0.056137
0.078211 -0.028647 -0.043157
0.02741 0.101587 0.129042
0.072217 0.040985 -0.039232
0.036495 0.099896 0.034846
0.078338 0.00716 0.204937
0.099126 -0.080175 0.059418
0.067322 0.085685 0.012477
0.001504 -0.098226 0.05609
0.129885 -0.028868 0.043661
-0.058602 0.03283 0.130815
0.01479 -0.099236 0.041832
0.028673 0.100559 0.130815
-0.002165 -0.097322 0.062162
0.097028 0.081287 0.107257
0.111491 0.069632 0.053272
-0.028636 0.00552 0.189057
0.004757 0.01401 0.208705
-0.003111 -0.084748 0.017554
0.076295 -0.096964 0.064783
-0.037117 -0.047869 0.007751
0.042389 -0.11191 0.044182
0.096868 -0.086225 0.106185
0.098433 -0.083019 0.106957
0.068218 -0.027704 -0.044737
-0.005993 -0.097555 0.086212
0.062009 0.041884 -0.042074
0.023456 0.011991 0.213789
0.03558 0.008883 0.215071
0.060695 -0.098342 0.042992
-0.052209 0.058179 0.100452
0.116777 0.059849 0.051235
0.069578 0.097922 0.052521
0.132198 -0.018388 0.042277
0.093451 -0.082726 0.065415
0.026277 0.099491 0.035936
0.098534 -0.080162 0.044648
-0.063634 -0.016627 0.044648
0.130712 0.034903 0.041409
0.130361 0.015876 0.022924
0.070863 -0.034276 -0.043772
0.094329 -0.089058 0.090097
0.116827 -0.064978 0.116796
0.04915 -0.077184 0.175029
0.094291 -0.082866 0.065525
0.117977 -0.05317 0.11777
0.115436 0.067085 0.116172
0.042234 -0.051363 -0.036884
0.008613 -0.112086 0.104784
0.018848 -0.11191 0.049322
0.136279 -0.009692 0.125508
0.016005 0.111371 0.115568
-0.002365 0.097263 0.061252
0.009735 -0.100658 0.11881
0.077622 -0.098482 0.087285
0.06972 -0.11191 0.080239
0.101381 0.079962 0.109014
-0.058676 0.00846 0.022924
0.056863 0.098815 0.040274
0.052694 -0.098497 0.037266
0.113509 -0.069306 0.115325
0.106532 0.065029 0.023212
0.020946 -0.008228 0.213789
0.100163 0.081879 0.056907
0.039148 -0.008203 0.215071
0.050669 0.09895 0.03673
0.121866 -0.046886 0.056586
0.135999 -0.009658 0.125225
0.133516 -0.020416 0.123915
0.09608 0.08323 0.103199
-0.006388 0.039576 0.195079
0.062478 0.060032 0.189057
0.102798 0.073771 0.067645
0.036303 -0.078252 0.175029
0.051334 0.11245 0.117688
0.036494 0.100183 0.035076
0.133957 0.021837 0.039002
-0.000392 -0.09784 0.05925
0.098048 -0.085371 0.096528
0.095672 -0.084521 0.064353
0.093386 0.08013 0.059832
-0.06393 0.025602 0.055783
-0.003102 -0.097934 0.066672
-0.013859 0.072319 0.007751
0.095837 -0.08503 0.062833
0.095712 -0.082797 0.103503
0.028075 -0.112294 0.045928
0.067314 -0.112086 0.09715
0.11021 0.067989 0.090097
-0.01419 -0.093565 0.090097
0.114845 -0.045413 0.012477
0.029857 0.078219 0.175029
-0.004004 -0.092146 0.130815
0.064993 0.100251 0.117282
0.077819 -0.098098 0.08896
-0.000447 0.099255 0.105674
-0.008104 0.024247 0.200385
0.097618 -0.080772 0.06015
0.129682 0.01547 0.041981
0.061647 -0.074006 0.175029
0.086514 -0.023704 -0.037539
-0.066541 0.000117 0.120881
0.096756 -0.083366 0.104167
0.100447 0.082829 0.109719
-0.027013 0.030382 -0.015823
0.105777 -0.058415 0.012477
0.005494 -0.100334 0.114081
0.118361 0.044704 0.149782
-0.019947 -0.014185 0.195079
0.111848 -0.069495 0.052366
0.019021 -0.099486 0.039286
0.124203 -0.048169 0.090097
0.042274 -0.112216 0.121341
-0.040685 -0.012782 0.175029
0.097742 0.082425 0.106553
0.076627 -0.09818 0.097985
-0.011339 -0.082738 0.022924
0.120352 0.046292 0.047293
0.050083 -0.082796 0.16712
0.067007 -0.112216 0.069249
0.00378 -0.112216 0.088788
0.130812 -0.032918 0.122344
0.132559 -0.018451 0.042249
0.042389 0.112143 0.044182
0.070429 0.035129 -0.043638
0.097268 -0.085296 0.103915
0.112037 0.071313 0.114693
0.004642 -0.099308 0.115088
-0.003969 -0.086599 0.022924
0.120081 0.054772 0.099062
0.077145 -0.098228 0.09391
0.097252 -0.084563 0.103204
-0.04647 -0.064569 0.067113
0.096296 -0.087024 0.103237
0.120999 0.022903 0.007751
0.092404 -0.080715 0.06051
0.135767 0.012307 0.125094
0.106978 0.076833 0.112612
-0.009043 -0.078743 0.012477
0.133375 0.02149 0.041784
0.135854 0.008478 0.078837
0.136932 0.001341 0.126073
0.006421 0.098859 0.049278
0.096549 0.082355 0.105849
0.01602 0.046545 0.200385
0.072957 -0.097437 0.058174
0.077837 -0.094955 0.055783
0.128571 0.040754 0.042174
0.097625 -0.086476 0.096483
0.018901 -0.001331 0.213789
0.045327 -0.100614 0.129815
0.095036 0.082739 0.104333
0.015494 -0.112294 0.053574
0.00495 0.029097 0.204937
0.019007 0.11232 0.11663
0.032412 -0.1005 0.131094
0.012972 -0.068118 0.182358
0.010141 -0.098421 0.044846
-0.060851 0.000117 0.14047
0.043498 0.111371 0.122604
0.134968 -0.008166 0.067645
0.042483 -0.11143 0.043584
0.11608 -0.064033 0.1151
-0.001642 -0.098001 0.062479
0.100015 0.081147 0.058551
0.00696 0.098647 0.048337
0.04308 -0.098816 0.034136
0.013166 0.099365 0.042943
0.096909 -0.086222 0.105054
-0.028347 0.070631 0.023212
0.09259 0.082966 0.078838
0.089167 0.057775 0.175029
0.124932 -0.034949 0.04475
0.018642 0.098674 0.037849
0.092995 -0.082732 0.084138
0.095288 -0.08624 0.063047
0.077877 -0.032425 -0.041147
0.034152 -0.025943 0.211662
0.027828 0.112143 0.044811
0.135615 0.020262 0.127166
0.043317 -0.042088 0.204937
0.070056 -0.038425 -0.042173
0.092109 -0.082658 0.103492
0.066599 -0.016345 0.208704
-0.015119 0.040302 0.189057
0.098152 0.085207 0.08395
0.038208 0.060776 -0.030376
-0.02797 -0.010652 0.189057
0.070227 -0.099095 0.111833
0.060964 -0.100781 0.120619
0.004344 0.098024 0.050721
-0.010622 0.051621 -0.017834
0.097163 -0.084294 0.058524
0.012444 0.101059 0.121259
0.072821 -0.099683 0.104655
0.012974 0.098849 0.042524
0.135528 0.005253 0.04028
0.116314 -0.06426 0.115342
0.096251 0.081471 0.060888
-0.046275 0.013953 0.16712
0.096456 -0.039342 0.182358
-0.018579 0.019034 0.195079
0.060104 0.098326 0.04172
0.09595 -0.084549 0.062642
0.038033 0.10092 0.130926
-0.025328 -0.021127 0.189057
-0.011454 0.016579 0.200385
0.046693 -0.112321 0.119129
0.015751 -0.015944 0.211662
0.095744 -0.085573 0.062007
0.091719 -0.085047 0.044648
-0.038949 -0.058691 0.022924
0.136022 -0.004147 0.125189
-0.065138 0.017113 0.120881
0.107782 0.031598 0.175029
0.040624 0.055867 -0.035082
-0.060576 -0.04255 0.078572
0.093537 0.009706 0.195079
0.080632 0.00995 -0.046795
0.093023 0.081877 0.106444
0.067653 0.028855 -0.04457
0.098406 -0.082474 0.059312
0.134386 -0.014989 0.124397
0.094966 0.083487 0.065334
0.01182 0.11245 0.057199
0.122773 -0.055779 0.119587
0.099896 -0.080694 0.05879
-0.035347 -0.07803 0.078572
0.129373 -0.034349 0.044322
0.097065 -0.087036 0.096425
-0.013502 0.092521 0.110737
0.097256 0.084685 0.104151
0.079369 0.021924 -0.045136
0.009466 -0.112321 0.062143
0.032385 -0.100366 0.131455
0.097114 -0.084159 0.10345
0.136519 -0.009724 0.125839
-0.005542 -0.097789 0.090027
0.110395 0.068397 0.054398
0.098006 0.084812 0.096523
-0.023644 -0.071614 0.017554
0.094329 0.089292 0.090097
0.056099 0.111663 0.050423
0.118116 0.061231 0.049246
0.096926 0.083453 0.104801
0.066358 0.112555 0.096718
0.132457 0.021259 0.042432
0.12889 -0.032185 0.044246
0.134003 0.005162 0.041366
0.094164 -0.088806 0.078572
0.082543 -0.020248 0.200385
-0.031068 0.067761 0.022924
0.135522 0.014407 0.124956
0.065082 0.099764 0.118499
0.093479 -0.082445 0.063595
0.096151 0.083099 0.078067
0.097254 -0.085762 0.102893
0.130595 -0.035078 0.041929
0.069696 -0.097549 0.120881
0.070802 -0.097318 0.053325
0.036303 0.000117 0.215499
0.095789 0.084527 0.063185
0.069355 -0.111137 0.07296
0.009173 -0.112294 0.104346
0.050636 -0.098718 0.036716
0.052299 -0.020518 0.211662
0.092254 -0.082415 0.104675
0.110656 -0.048657 0.158685
0.134577 -0.010992 0.041149
0.115771 -0.03709 0.007751
0.132043 0.000116 0.124917
0.007167 -0.112321 0.066985
0.051016 -0.112321 0.049302
0.009154 -0.060142 -0.022977
0.036303 0.034704 0.208705
0.094945 -0.082523 0.062829
0.123905 0.023685 0.012477
0.119642 -0.055193 0.078837
0.044186 -0.095398 0.023212
-0.047417 -0.065309 0.090097
0.093031 -0.081637 0.106439
0.135082 -0.015097 0.124659
0.065936 -0.097968 0.047928
0.098205 -0.081587 0.059896
0.094599 -0.069639 0.012477
0.136499 0.000119 0.090097
0.039177 0.01741 0.213789
-0.035635 -0.001511 -0.013346
0.097006 0.086323 0.105576
0.036303 0.093799 0.149782
0.095553 0.08436 0.06432
0.007866 -0.100528 0.116918
0.059634 -0.068118 0.182358
0.013492 -0.100617 0.122395
0.126224 -0.046379 0.043986
0.094502 -0.08035 0.107976
0.076309 -0.012434 -0.046945
0.117607 0.054072 0.117595
0.065256 -0.112086 0.063922
0.095458 0.081981 0.061614
0.133148 -0.022304 0.123712
0.123591 -0.038726 0.045725
0.103501 -0.07856 0.054728
0.105957 0.076088 0.120881
0.13641 0.001332 0.125458
0.06474 0.100762 0.116918
0.056099 -0.11143 0.050423
0.093807 -0.082574 0.063975
0.133827 -0.028391 0.12618
-0.02494 0.0734 0.022924
0.069404 0.098127 0.052706
0.097297 -0.083845 0.077248
0.062322 -0.112216 0.106879
0.062582 -0.112086 0.059144
0.003049 -0.09962 0.111361
0.097138 0.08431 0.104067
0.07895 0.097323 0.078586
0.134978 -0.022964 0.127287
0.122016 0.054837 0.047187
0.056231 0.100986 0.124423
0.074771 0.097556 0.062162
0.074608 0.087798 0.022924
0.101646 0.042981 0.175029
0.088322 0.074709 0.012477
0.072533 -0.099725 0.105261
0.095475 0.086332 0.064313
-0.066189 0.026177 0.100452
0.095404 0.083917 0.063871
0.097267 0.083681 0.105165
0.135206 0.020045 0.1251
0.095595 -0.08204 0.105695
0.129084 -0.038051 0.121426
-0.066189 0.008644 0.120881
0.042334 0.11232 0.121723
0.004406 -0.087874 0.017554
0.020554 -0.08956 0.012477
0.103048 -0.077108 0.057724
0.090518 -0.082644 0.064561
0.047305 -0.098838 0.035539
0.094881 -0.083086 0.063983
0.096909 -0.082083 0.060933
0.056585 0.09955 0.040987
0.104263 0.023542 0.182358
0.102111 0.081588 0.111659
0.063041 -0.111689 0.058725
0.130029 -0.032041 0.107976
0.0975 0.080291 0.059871
0.053197 0.101104 0.126184
-0.027769 0.021366 -0.016372
0.067007 0.11245 0.097011
0.094838 0.087278 0.06537
0.093728 0.053195 0.175029
0.098441 -0.081302 0.107446
0.094893 0.083464 0.064996
0.097605 0.083428 0.105853
0.090854 -0.035668 0.189057
0.097943 -0.083843 0.090097
0.04059 -0.016879 0.213789
0.096077 -0.082991 0.103256
-0.004017 0.098152 0.070002
0.097706 0.084077 0.096492
0.117284 0.061309 0.11561
0.091185 0.08446 0.130815
0.128671 -0.040093 0.043841
0.131222 -0.029287 0.043192
-0.003437 -0.097263 0.065684
0.055494 -0.0419 -0.040977
0.067949 -0.098231 0.051094
0.097465 -0.084649 0.105092
0.103286 0.072651 0.111518
0.095681 0.084772 0.064496
0.095062 -0.086781 0.06486
-0.006138 0.097266 0.076339
0.097264 0.086024 0.106469
0.027648 0.111371 0.122264
0.071943 -0.054655 0.189057
0.086596 0.072234 0.007751
0.121668 0.054386 0.048346
0.095492 -0.085911 0.061063
0.043596 0.100699 0.130559
0.096513 -0.083235 0.061541
0.074459 0.028573 -0.044882
-0.001177 0.085908 0.149782
0.022217 -0.09964 0.037828
0.100178 0.081834 0.057089
0.132226 0.024744 0.067645
-0.020931 -0.009472 0.195079
0.125808 -0.032184 0.044247
0.067753 0.099677 0.114849
0.044759 -0.033412 0.208705
0.073142 -0.099185 0.104908
0.06783 -0.098492 0.051244
-0.00266 0.056129 -0.019914
0.098464 -0.082118 0.059478
0.114683 0.06516 0.051983
0.094872 -0.083217 0.064848
0.130466 0.008026 0.041511
0.025578 -0.064417 0.189057
0.124522 -0.043941 0.046751
0.118234 -0.060588 0.049573
0.097142 -0.080282 0.060051
0.071204 0.100137 0.107834
0.053942 -0.069819 0.182358
0.078599 0.097789 0.086212
0.069266 0.100359 0.11105
0.075181 -0.00844 -0.046795
0.107237 0.0666 0.053868
0.094733 -0.08147 0.061439
-0.056736 0.050671 0.078572
0.033458 0.034586 0.208705
0.041095 0.058179 0.195079
0.052051 -0.08956 0.012477
0.097962 0.080783 0.059951
0.097023 -0.081056 0.10726
0.069511 0.111663 0.091874
0.005715 0.111923 0.100079
0.018848 -0.11191 0.116937
0.057461 -0.027177 0.208704
0.020607 0.094556 0.022924
0.002433 -0.099104 0.11197
0.104172 0.078211 0.054937
-0.011638 -0.061727 0.175029
0.042519 -0.111137 0.043353
0.066824 -0.099873 0.115132
0.126288 0.044487 0.045968
0.075348 -0.098431 0.101752
0.089146 0.000117 -0.041019
0.02814 -0.098784 0.034434
0.078059 0.097336 0.072998
0.132106 0.021183 0.042524
0.133747 0.000117 0.041333
0.13547 -0.020979 0.126633
0.097291 -0.083914 0.104828
0.127533 0.046791 0.12239
0.086624 0.093479 0.100452
0.095428 -0.083832 0.064946
0.056214 -0.111137 0.050232
0.09574 0.086378 0.065921
0.008303 -0.100561 0.117394
0.034 0.101658 0.130102
0.033429 -0.017177 0.213789
0.094931 -0.082698 0.103168
0.125618 0.015929 0.012477
0.019002 -0.100102 0.127341
0.042483 0.111664 0.122676
0.117931 -0.058731 0.116182
0.097028 -0.082225 0.106019
0.131967 0.023658 0.042729
0.018848 0.112143 0.049322
0.047122 -0.11191 0.120615
0.075851 0.099349 0.096498
0.026323 0.099744 0.036203
0.096472 -0.083089 0.104138
0.002644 -0.11143 0.088985
0.06972 0.112143 0.080239
0.017859 -0.05468 -0.029719
-0.032608 -0.009359 -0.014863
0.078994 0.039576 0.195079
0.065763 0.111923 0.102673
0.100102 0.081345 0.058269
0.097134 -0.084183 0.103165
0.00412 0.112528 0.077531
0.097174 0.080026 0.090097
0.003202 -0.097893 0.052706
-0.052261 -0.057979 0.078572
-0.004306 -0.098115 0.097008
0.057124 0.098506 0.039654
-0.011919 -0.089351 0.044648
0.125858 -0.032609 0.022924
-0.06052 0.042759 0.100452
0.123653 -0.007556 0.007751
0.09538 -0.083729 0.064121
0.126794 0.048401 0.122013
0.009119 0.079622 0.16712
0.036303 -0.065309 0.189057
0.066111 -0.097795 0.04769
0.044796 -0.002042 0.215071
0.130627 0.034933 0.040983
0.060524 0.096152 0.033771
0.076575 0.086833 0.022924
0.069649 -0.097406 0.051689
0.042212 -0.112294 0.120942
0.059123 -0.046475 -0.040278
0.134011 -0.016184 0.107976
0.00605 0.100616 0.114787
0.071457 -0.099077 0.109295
0.075832 -0.001262 -0.046987
-0.012997 -0.044055 -0.020339
0.042519 0.111371 0.122907
0.059208 -0.012329 0.211662
-0.003309 0.098925 0.097639
0.116258 0.0626 0.044648
0.097262 0.085766 0.104838
0.128555 -0.044175 0.123374
0.073344 -0.098979 0.105058
0.093574 -0.082347 0.063268
0.126057 0.045703 0.119859
0.052271 -0.101175 0.126415
-0.030392 0.014008 -0.015597
0.077862 0.03265 -0.041142
0.125722 0.04554 0.119788
0.044612 -0.095247 0.022924
-0.042661 0.038297 0.007751
0.071943 0.054889 0.189057
0.136337 -0.004162 0.125416
-0.03457 -0.011758 0.182358
0.099584 -0.083559 0.110737
0.101755 -0.080256 0.109354
-0.038948 0.058925 0.022924
0.001973 -0.002739 0.208705
0.098208 -0.085762 0.090097
-0.001906 0.097571 0.061532
0.041684 0.065319 0.189057
0.082662 -0.021878 -0.042781
0.133591 -0.007944 0.116787
0.047125 0.1 0.03668
0.103645 -0.07281 0.107976
0.066145 -0.111137 0.063333
0.119139 -0.059589 0.116508
0.1251 -0.045355 0.046786
0.002673 0.077096 0.16712
0.09337 -0.082643 0.064562
0.051999 0.094556 0.022924
0.008192 -0.100291 0.117564
0.126179 -0.049271 0.122639
0.091012 -0.081975 0.062341
0.095613 0.08597 0.062494
-0.021005 0.074045 0.149782
0.116462 0.059629 0.051275
0.095144 0.083639 0.064159
0.009307 -0.056361 -0.026208
-0.055541 -0.016143 0.017554
0.134968 0.008404 0.067645
0.099254 0.06133 0.007751
0.003429 -0.112216 0.08313
0.012165 -0.090331 0.017554
0.097888 0.084096 0.106135
-0.014047 -0.093299 0.078572
0.118058 0.061089 0.049664
0.007752 -0.100259 0.117086
0.006821 0.052893 -0.026471
0.098445 0.084763 0.108128
0.117348 0.060301 0.050944
0.004467 -0.112321 0.077592
-0.025699 0.06237 0.007751
0.051484 -0.112086 0.118033
0.027566 -0.062045 -0.027691
0.099602 -0.080223 0.05917
0.095573 0.082777 0.062276
0.09538 0.079844 0.10854
0.086796 0.000117 0.200385
0.107992 0.074298 0.053248
-0.050472 -0.047033 0.033771
0.015719 0.112555 0.053893
-0.052512 0.000117 0.158685
0.092882 -0.081772 0.106229
0.073452 -0.03422 0.200385
0.118881 -0.013719 0.16712
0.098986 0.080388 0.108218
-0.003543 0.074045 0.16712
0.121889 0.055051 0.045881
-0.005816 0.097909 0.085249
0.110933 0.068919 0.054139
-0.028859 0.084176 0.090097
0.095715 -0.082732 0.096285
0.00236 -0.04958 -0.025275
0.018705 0.111923 0.117215
0.095772 -0.082732 0.083509
0.135396 0.020104 0.12547
0.10237 0.051747 0.16712
0.038626 -0.100898 0.130588
0.030525 0.100584 0.131203
0.131746 0.021112 0.04255
0.124558 0.050136 0.044913
0.096994 0.079789 0.078837
0.044466 0.099018 0.034434
0.0877 0.02101 -0.037539
0.123939 0.032143 0.017554
0.117638 0.053471 0.14047
-0.024299 -0.07806 0.033771
0.109278 -0.072377 0.112158
0.095806 0.084438 0.065903
0.095745 0.083088 0.102876
0.113354 -0.068976 0.114521
0.009723 -0.053411 -0.027325
0.063574 -0.097981 0.045091
0.131617 0.023573 0.04282
0.020946 -0.092287 0.149782
0.00996 0.099919 0.12088
-0.000563 0.0975 0.058014
-0.005063 0.097173 0.069666
0.059559 -0.11191 0.111642
0.040419 0.100156 0.035304
0.062275 0.100068 0.120824
0.123197 0.039753 0.045725
0.130573 -0.039008 0.124429
0.125274 -0.039068 0.14047
0.096914 0.08671 0.102821
0.025606 -0.100277 0.130059
0.106391 -0.045859 0.16712
0.134953 -0.004103 0.124886
-0.002724 -0.017071 0.204937
0.03213 -0.099163 0.034486
0.11964 0.05543 0.078837
-0.005744 0.097592 0.077305
0.067173 -0.046233 -0.037539
0.102063 0.081047 0.110042
0.005929 0.100348 0.114946
0.096655 -0.087038 0.077339
0.096931 0.084017 0.103588
0.026111 -0.054762 -0.032145
0.023229 0.056743 -0.030869
0.134518 -0.020638 0.124395
0.098299 0.085207 0.090097
0.095326 0.086334 0.061524
0.095267 0.08253 0.105049
-0.049794 0.056595 0.120881
0.092553 -0.086329 0.120881
0.028969 -0.004694 0.215071
0.132129 -0.033483 0.123673
0.06251 0.038579 -0.042845
0.050921 -0.087842 0.158685
0.096166 0.081869 0.106437
0.105778 0.058649 0.012477
-0.066541 0.026266 0.090097
0.107176 0.011991 0.182358
-0.044855 0.063541 0.120881
-0.018579 -0.084226 0.130815
0.121124 -0.055524 0.044648
0.036303 -0.042672 0.204937
0.122669 -0.040318 0.022924
0.128785 0.020804 0.042514
0.038008 0.101661 0.130137
0.096564 0.085068 0.059773
0.036303 0.072261 0.182358
0.130635 0.034704 0.042691
0.078994 0.065725 0.175029
-0.031893 0.006365 -0.015153
0.091001 -0.082732 0.067646
0.071833 0.100051 0.10659
0.077105 0.0171 -0.046628
-0.049142 0.046545 0.14047
-0.029329 0.032257 -0.012903
0.134645 0.009052 0.124714
0.042903 -0.099881 0.035666
-0.0055 -0.047475 -0.022845
0.130381 -0.038705 0.122737
0.095729 0.086006 0.065118
0.063231 0.111663 0.058551
0.098245 0.084812 0.090097
0.080103 0.034396 -0.037539
0.115381 0.066941 0.115754
0.012241 0.099301 0.043656
0.098964 0.084352 0.110237
0.037478 -0.112321 0.121141
0.058663 0.05113 -0.037281
0.100533 0.082 0.108975
0.052963 -0.100122 0.127657
0.099147 -0.081668 0.107737
0.009466 -0.112321 0.104117
0.099455 0.080871 0.108131
0.04064 -0.111137 0.043109
0.113854 0.065386 0.114167
0.083706 0.018888 -0.043141
0.008129 -0.111689 0.105163
0.097251 -0.085548 0.104765
0.036303 -0.089058 0.158685
0.067599 -0.11191 0.068981
0.132051 -0.029869 0.040144
-0.047648 -0.045499 0.023212
0.079042 0.097464 0.082414
0.12265 -0.05597 0.120897
0.069933 0.077096 0.16712
0.018367 -0.111137 0.048695
0.087725 -0.040069 0.189057
0.095155 0.081783 0.061495
0.097309 -0.085468 0.105102
0.042148 -0.112321 0.120533
0.112698 0.053826 0.017554
0.109816 -0.073099 0.11302
-0.047563 -0.045453 0.022924
0.089795 0.076821 0.017554
0.095829 0.085275 0.06287
0.01923 -0.100411 0.126705
0.019884 0.100365 0.127789
0.059559 0.112143 0.111642
0.123826 -0.051239 0.046201
-0.036288 -0.066979 0.033771
-0.044855 0.020752 0.16712
0.082933 -0.080976 0.017554
0.032105 -0.098987 0.034136
0.069995 0.111923 0.080215
0.055026 -0.112321 0.052195
0.058283 -0.100658 0.123018
0.135359 -0.020896 0.125774
0.093383 0.082929 0.064969
0.044796 0.002276 0.215071
0.135107 0.01683 0.090097
0.131432 0.008031 0.023212
0.0929 0.082966 0.096287
0.074126 0.020029 -0.046296
0.080436 0.057049 0.182358
-0.030448 -0.026179 -0.014253
0.060936 0.097783 0.130815
0.045231 -0.101076 0.129259
-0.060968 -0.033412 0.120881
0.100432 -0.064272 0.012477
0.019007 -0.112086 0.11663
0.010615 0.004421 0.211662
0.099376 -0.079913 0.059311
0.096759 -0.083524 0.102789
0.098125 -0.078996 0.090097
0.05596 0.111923 0.050654
0.095895 -0.084184 0.062811
0.005318 -0.111137 0.100299
0.097898 -0.056815 0.16712
-0.034657 0.015337 -0.013069
0.065256 0.11232 0.102337
0.095609 0.083712 0.063048
-0.058827 -0.007798 0.023212
0.096727 -0.082002 0.106091
0.097114 0.086368 0.102863
0.120296 0.054913 0.090097
0.111846 -0.069618 0.051927
0.064303 0.100795 0.117394
0.062113 0.100242 0.12056
0.004656 0.098465 0.051094
0.007465 0.08446 0.158685
0.082094 0.035902 0.195079
0.116311 -0.058928 0.051154
0.067964 0.099542 0.115088
-0.005307 -0.098252 0.083129
-0.023398 -0.031313 -0.017576
0.083143 0.002631 -0.046345
0.021428 -0.101207 0.126886
-0.002895 -0.097939 0.065937
0.120333 -0.046044 0.0473
0.023198 -0.11191 0.046678
0.131239 0.032842 0.040622
0.034861 -0.008559 0.215071
0.029679 0.099829 0.035439
0.095886 0.082833 0.104522
0.096614 -0.087036 0.10045
-0.045755 -0.04447 0.149782
0.07831 -0.097682 0.081068
0.095673 -0.085761 0.06479
0.041973 0.034232 0.208705
0.065178 0.047974 -0.037052
0.039148 0.034586 0.208705
0.075625 -0.004858 -0.046926
0.078589 0.097228 0.074777
0.06578 -0.098175 0.048145
0.078148 -0.097789 0.090027
0.046704 0.101558 0.128617
0.03037 0.072015 0.182358
0.071578 -0.09726 0.054563
0.106324 0.075717 0.110963
0.036303 0.100611 0.131627
0.095117 0.083486 0.066092
0.016809 -0.085635 0.007751
-0.038414 -0.00161 -0.010488
0.032187 -0.099922 0.035304
0.051922 -0.100286 0.127786
0.130315 0.01006 0.041602
0.098006 -0.084578 0.096523
0.097125 0.083759 0.077936
0.119889 -0.055357 0.090097
0.096752 0.08199 0.060937
0.046233 0.047864 -0.03824
-0.006312 0.097328 0.078572
0.046308 -0.111137 0.044524
0.134012 0.016414 0.107976
-0.014047 0.093533 0.078572
0.128361 -0.039856 0.044591
0.09699 -0.080377 0.060132
0.051859 0.111663 0.118895
0.068884 -0.095173 0.130815
0.013398 0.012563 0.211662
0.039822 -0.042526 0.204937
0.050407 -0.09936 0.037598
-0.002002 0.087798 0.022924
0.094158 -0.082741 0.064285
0.067297 0.090766 0.023212
0.134069 -0.018785 0.041182
0.12356 -0.042069 0.12047
0.084244 -0.044195 0.189057
0.133446 0.024139 0.041007
0.136704 0.012486 0.126905
0.077669 -0.096939 0.069666
0.063388 0.111371 0.058408
0.07432 -0.099437 0.101114
-0.012274 0.031983 0.195079
0.075937 0.090839 0.033771
0.093957 -0.082415 0.063367
0.095788 -0.084735 0.063294
0.079916 -0.024893 -0.04372
0.133496 0.00828 0.056586
0.028598 0.004304 0.215071
0.097173 -0.085812 0.105273
-0.000738 0.099213 0.105058
0.107602 0.073227 0.055574
0.075717 0.084982 0.017554
0.134043 0.01977 0.124106
0.134109 0.025496 0.124491
0.066293 -0.082613 0.007751
0.026161 0.099098 0.03529
0.096341 0.082999 0.090097
0.069942 -0.024604 -0.045247
0.032708 0.11245 0.044505
0.095715 0.082966 0.096285
-0.042661 -0.038063 0.007751
0.097297 0.084629 0.104449
0.130482 -0.039035 0.124858
-0.03805 -0.048657 0.158685
0.101334 -0.079667 0.10899
0.117461 0.020752 0.16712
0.134207 -0.020564 0.124172
0.120254 -0.045499 0.023212
0.098287 -0.085371 0.090097
0.032708 0.11245 0.121755
0.080711 0.024246 0.200385
0.010128 0.060032 0.189057
0.018848 0.112143 0.116937
0.128197 -0.043702 0.121322
0.099799 -0.080525 0.058958
0.005915 0.059468 -0.02214
0.095929 -0.085456 0.060842
-0.037326 0.040125 0.16712
0.068396 -0.112321 0.080353
-0.006248 0.097285 0.077257
-0.00783 0.048252 0.189057
0.025442 -0.099482 0.036458
-0.003881 0.097904 0.068748
0.13248 0.016385 0.056586
0.059225 0.100606 0.122619
0.103111 0.076215 0.057706
0.12674 0.038779 0.045494
0.013733 -0.111137 0.113447
-0.051113 -0.038382 0.023212
0.01308 0.099093 0.042751
0.029612 0.099357 0.034854
0.114842 0.065937 0.049508
-0.008105 -0.024013 0.200385
0.027758 0.111923 0.121763
0.096249 -0.084601 0.061672
0.006495 0.098029 0.04769
0.097414 0.084937 0.104886
0.098809 0.079473 0.05935
0.09723 0.08475 0.103709
-0.035176 -0.031364 0.175029
0.095803 0.082907 0.104214
0.076673 -0.097445 0.068681
0.100888 -0.070325 0.022924
0.085612 -0.009993 -0.043798
0.112156 0.060259 0.051531
0.096435 0.083364 0.103912
0.095741 0.085595 0.064684
0.099434 -0.079868 0.108431
0.003182 0.099525 0.112539
0.112372 0.061955 0.115241
0.052698 -0.047834 0.200385
0.123515 0.04726 0.107976
0.132132 -0.015939 0.14047
0.077002 -0.093044 0.044648
0.019912 0.098731 0.037266
-0.069064 0.008883 0.100452
0.085251 -0.090698 0.120881
0.137253 0.000117 0.128559
0.13426 -0.018844 0.040819
-0.050049 0.015405 0.007751
0.095592 0.084415 0.0648
0.036303 0.026266 0.211662
-0.003011 0.097705 0.065111
0.126707 0.048213 0.121157
0.015065 0.11232 0.113296
0.044589 -0.002739 0.215071
0.071358 -0.097397 0.05476
0.060441 -0.090331 0.017554
0.032582 0.111664 0.043156
-0.000106 -0.098104 0.059089
-0.004046 -0.098251 0.096893
0.130961 0.024074 0.116787
0.063041 -0.111689 0.107535
0.047 0.100511 0.130059
0.076951 0.034265 -0.040832
0.051177 -0.112294 0.048933
0.08429 -0.016445 -0.043342
0.13139 0.012315 0.12456
0.11816 0.053519 0.116787
0.095325 0.082939 0.103426
0.097364 0.084333 0.05882
0.047211 -0.111689 0.120923
0.130345 0.035749 0.12207
0.016908 0.100389 0.125764
0.04915 0.011991 0.213789
-0.033065 0.006518 -0.014728
0.012337 0.112555 0.108512
0.095179 0.083739 0.064924
-0.004883 -0.098389 0.089828
0.08488 0.031983 0.195079
0.095477 0.086161 0.0611
0.043827 0.09981 0.035613
0.095758 0.085194 0.064712
0.064569 -0.099849 0.118139
0.096107 0.083138 0.103898
0.097181 0.083484 0.096437
0.056937 -0.098409 0.039943
0.126663 0.048488 0.122884
-0.011454 -0.016345 0.200385
0.101189 0.07972 0.108937
0.128748 -0.040189 0.043424
0.098032 -0.081312 0.060033
0.121834 0.054557 0.047994
-0.028674 -0.083704 0.078572
0.069311 0.044311 -0.038255
0.118252 -0.060917 0.048277
0.019184 0.039302 0.204937
0.111479 0.070231 0.051136
0.045275 -0.100828 0.129518
0.077604 0.098224 0.093014
0.095267 0.083492 0.063469
-0.00397 0.09915 0.093666
0.112897 0.063976 0.052865
0.120169 -0.045453 0.022924
0.075789 -0.098344 0.100451
0.098331 0.083331 0.106826
0.012972 -0.025329 0.208705
0.114758 0.062211 0.078837
-0.032318 0.074962 0.044648
0.089441 0.02352 0.195079
0.020872 0.100908 0.127192
0.124655 0.046945 0.119423
-0.004755 -0.098161 0.092927
0.135276 0.0167 0.130815
0.097702 0.085607 0.077859
0.098367 0.081316 0.059818
0.011114 0.099988 0.121949
0.069424 -0.099291 0.112539
0.005064 -0.097687 0.049358
0.100814 -0.082494 0.110722
-0.004886 -0.097969 0.074782
-0.005215 -0.097272 0.073051
-0.044463 0.046936 0.017554
0.095342 0.086381 0.06267
0.010128 -0.059798 0.189057
0.112889 -0.063742 0.052867
-0.043652 -0.062366 0.044648
0.053641 -0.053812 -0.035983
0.133355 -0.024326 0.041062
0.100417 0.081755 0.108741
0.096858 0.082571 0.105778
0.106514 -0.052494 0.007751
0.121384 0.055929 0.046149
0.095288 0.087023 0.066045
0.037504 0.11245 0.044298
0.038221 -0.060623 -0.030381
0.044451 -0.098611 0.033771
0.073175 -0.022179 -0.046013
0.097283 -0.084901 0.103842
0.011642 0.111371 0.111064
0.083596 -0.029111 -0.037539
0.096656 -0.086503 0.105198
0.111799 -0.069336 0.052785
0.131208 0.03283 0.130815
0.132134 -0.029842 0.040569
0.099229 0.079959 0.059359
0.129409 -0.03819 0.121573
0.057577 0.04993 -0.038566
0.097827 0.086368 0.096505
0.092229 -0.082449 0.104533
0.136968 -0.009819 0.127473
0.011348 0.112143 0.10956
0.007192 -0.097847 0.046933
-0.065378 0.02597 0.067113
0.095794 0.083099 0.102586
-0.055728 0.050123 0.110737
0.076149 0.074045 0.16712
0.100083 -0.081064 0.058342
0.125724 -0.044307 0.119966
0.124285 0.053286 0.120328
0.015145 0.027411 0.208705
-0.025328 0.021361 0.189057
0.094102 0.082525 0.062995
0.137354 0.00135 0.127273
0.09981 -0.081346 0.058414
0.118611 0.06267 0.117612
0.131913 -0.029586 0.042243
0.096475 -0.08325 0.102729
-0.068044 0.0176 0.078572
0.134635 0.010622 0.041113
-0.048518 -0.055524 0.044648
-0.001742 0.098232 0.062801
0.05596 0.111923 0.115606
0.000663 -0.054655 0.189057
-0.02904 0.060514 0.158685
0.096394 0.08524 0.059433
-0.002025 -0.082411 0.012477
0.036498 0.099246 0.033902
0.129192 0.034009 0.044384
0.070913 -0.099023 0.110736
0.090514 -0.082635 0.064486
0.095802 0.082966 0.084107
-0.004763 0.097172 0.06843
0.098326 -0.082225 0.059582
0.017462 0.055221 0.195079
0.094583 -0.083016 0.065165
0.133574 -0.024615 0.130815
0.069995 0.111923 0.086045
0.124551 0.030535 0.149782
0.086624 -0.00407 0.200385
0.094733 0.087261 0.064739
0.097065 0.08727 0.096425
0.05014 -0.031557 0.208704
-0.01399 -0.072 0.007751
0.015751 0.081604 0.16712
-0.057017 -0.03205 0.033771
0.120995 -0.055787 0.048446
0.098212 -0.081961 0.059812
0.067558 0.09985 0.114625
0.104949 0.037417 0.175029
0.020335 0.101409 0.126415
0.037527 -0.11191 0.04355
0.061741 0.100968 0.119928
0.009191 -0.057732 -0.025323
-0.005732 0.00716 0.204937
0.112257 -0.067791 0.113373
0.041973 0.0167 0.213789
0.093844 -0.082756 0.065333
0.11655 -0.053143 0.049305
0.014413 0.111371 0.114221
0.078422 -0.097675 0.085249
0.093611 -0.031022 0.189057
-0.029764 0.051747 0.16712
0.097963 0.084761 0.10657
0.062646 -0.099685 0.12088
0.125457 -0.048385 0.119586
0.116788 -0.065157 0.117676
0.128744 0.023621 0.022924
0.0782 -0.097875 0.085215
0.09968 -0.083417 0.109482
0.096185 0.085366 0.059097
0.092126 0.081187 0.060761
0.13728 -0.004225 0.127231
0.083945 0.082972 0.022924
0.120826 0.03969 0.017554
-0.02689 0.034454 0.182358
0.036303 -0.093521 0.017554
0.00291 0.097783 0.120881
0.061647 -0.023308 0.208704
0.103605 -0.078523 0.05518
0.027988 -0.112216 0.045536
-0.037521 -0.068118 0.130815
0.101852 -0.080417 0.109522
0.07661 -0.092146 0.130815
0.01858 0.111664 0.117457
0.132251 0.030649 0.123148
0.095629 0.084082 0.065952
0.036497 0.099423 0.034253
0.090854 -0.070255 0.158685
-0.021122 0.053195 0.175029
0.075717 -0.084748 0.017554
0.032784 -0.007939 0.215071
0.007929 -0.11143 0.06094
0.112537 -0.068045 0.113475
0.071774 -0.080333 0.007751
0.032608 0.111923 0.122822
0.027698 0.111664 0.122037
0.095619 0.08422 0.063553
0.007167 -0.112321 0.099275
0.118575 0.062843 0.118491
0.126777 0.048318 0.121578
0.019184 -0.039068 0.204937
0.050012 0.100958 0.127945
0.01283 -0.08784 0.012477
0.096456 0.039576 0.182358
0.096923 0.086435 0.10514
0.022919 0.111371 0.120358
0.020307 0.063541 0.189057
0.097948 -0.084198 0.083348
0.000916 0.099176 0.109494
0.093892 0.082311 0.062553
0.075572 -0.099181 0.097449
0.067385 0.100059 0.114419
-0.006167 0.097332 0.100452
0.099331 0.083961 0.109156
-0.001379 0.051395 -0.023721
-0.068229 0.008814 0.067113
-0.065378 -0.025736 0.067113
0.124298 0.053376 0.120763
0.094933 -0.075516 0.023212
0.12872 0.039741 0.044129
0.069253 0.098361 0.052871
-0.01399 0.072234 0.007751
0.095945 -0.082732 0.090097
-0.013502 -0.008228 0.200385
0.003533 -0.111137 0.071476
0.114353 0.054989 0.022924
-0.02904 -0.042747 0.175029
0.007763 0.111371 0.105449
-0.042881 -0.061764 0.130815
0.097705 -0.083524 0.090097
0.067657 0.071885 0.175029
0.133624 0.016423 0.03377
0.002105 -0.037183 0.200385
0.09742 0.083165 0.060388
0.095582 0.08427 0.063787
0.036303 -0.008679 0.215071
0.092102 0.082915 0.103331
-0.009937 0.020482 0.200385
0.096957 0.084063 0.103095
0.116541 0.053375 0.049309
0.094676 -0.086854 0.063273
0.003455 -0.112086 0.077416
0.009119 -0.079388 0.16712
0.0145 -0.014185 0.211662
0.066145 0.111371 0.063333
0.077428 0.005644 -0.047278
0.092553 0.086563 0.120881
-0.005045 0.098155 0.094099
0.045196 -0.101353 0.129042
0.033429 0.01741 0.213789
0.102248 0.066329 0.017554
0.087335 0.027846 0.195079
0.030369 -0.071781 0.182358
-0.01419 0.093799 0.090097
0.095373 -0.079616 0.108554
-0.009043 0.078977 0.012477
0.093823 0.082984 0.065223
0.098098 0.084812 0.083954
0.132243 0.024972 0.12339
0.084082 0.022783 -0.041019
0.03256 0.111371 0.042923
0.002881 -0.111689 0.077316
0.102143 -0.081309 0.111388
0.029389 -0.005286 0.215071
0.023908 0.023114 0.211662
0.123719 -0.038383 0.023212
0.094966 -0.083253 0.065334
0.135069 -0.022879 0.12599
0.097301 0.08727 0.090097
0.016021 -0.099316 0.040987
0.115815 -0.063797 0.114922
-0.005009 0.010621 0.204937
0.095877 0.085658 0.061625
0.099494 -0.083691 0.110209
-0.039633 -0.043903 0.007751
0.059491 0.099362 0.042981
0.0972 0.081926 0.106634
-0.001806 0.052692 -0.02304
0.002281 0.111664 0.08313
0.020271 0.101134 0.126621
0.052052 0.089794 0.012477
0.09665 -0.08614 0.071163
-0.00481 0.097311 0.069748
0.125118 0.000117 0.158685
-0.065684 0.017205 0.055783
0.097214 -0.086479 0.07726
0.000663 0.054889 0.189057
0.133335 -0.013069 0.041776
0.071923 0.099256 0.108468
0.061493 0.099986 0.121913
-0.002678 0.098181 0.065276
0.005611 0.099898 0.115342
0.120023 0.000117 0.16712
0.121684 -0.052499 0.117959
0.066358 -0.112321 0.069542
0.043317 -0.015939 0.213789
0.039822 0.042759 0.204937
0.121014 0.057431 0.117532
0.107782 -0.065951 0.14047
0.023198 0.112143 0.046678
-0.052804 0.048535 0.044648
0.092531 -0.082113 0.105528
0.10012 0.081921 0.056632
-0.015853 -0.080038 0.022924
0.128804 0.023866 0.045725
0.012656 -0.098226 0.042022
-0.00323 -0.097463 0.065779
-0.029642 0.066329 0.017554
0.025368 0.099248 0.035876
0.133753 -0.000184 0.041329
0.097637 -0.085374 0.0772
0.107781 0.073482 0.055287
0.028428 -0.095301 0.022924
0.077951 0.098445 0.082338
0.077462 -0.098578 0.08885
0.134561 0.025101 0.127058
0.037537 -0.111689 0.123035
0.023456 -0.011758 0.213789
0.135686 0.008386 0.037949
0.098066 -0.081687 0.059996
0.094718 0.086986 0.062783
0.051598 -0.101197 0.126737
0.005964 0.112143 0.099941
-0.043166 -0.03709 0.007751
0.030634 0.101107 0.13021
0.121562 0.05807 0.119002
0.097433 -0.084254 0.105033
0.132284 -0.027694 0.12314
0.095748 0.085031 0.063571
0.08406 -0.088489 0.130815
-0.012362 0.053195 0.182358
0.097304 -0.084958 0.103236
0.095541 0.08672 0.065976
0.099376 0.083759 0.108814
0.02828 -0.003416 0.215071
0.099958 0.081039 0.058674
0.006508 -0.111137 0.063455
0.06839 -0.112216 0.091579
-0.050258 0.056899 0.055783
0.096831 -0.086387 0.10413
-0.037326 0.057657 0.149782
0.105267 0.07461 0.110771
-0.001312 -0.098657 0.105169
0.022997 0.111664 0.046118
0.060153 -0.094446 0.14047
0.076197 0.09886 0.096679
0.094252 0.082408 0.062693
0.133838 -0.022465 0.123967
0.061493 -0.048959 -0.03801
0.048803 0.052797 -0.037384
0.06871 0.11232 0.074597
0.030336 0.061954 -0.028391
0.099471 -0.015944 0.189057
0.112672 0.043303 0.007751
0.091607 -0.081412 0.061361
0.068881 -0.099912 0.111967
0.123746 -0.054047 0.120062
0.072967 -0.099421 0.104773
0.13622 0.006823 0.12535
0.137267 0.001348 0.126848
0.032745 0.112528 0.121351
0.095702 -0.085316 0.064222
0.084623 -0.027208 -0.037539
0.118619 0.062774 0.118049
-0.065138 -0.025675 0.110737
0.05671 0.10022 0.125534
-0.003665 -0.097093 0.065578
0.006849 0.112528 0.066809
0.05195 -0.111137 0.119104
0.096312 0.084051 0.061864
0.060055 0.111371 0.11225
-0.009487 -0.035668 0.195079
0.097135 -0.084081 0.104041
0.114178 -0.063966 0.052594
0.068262 -0.09779 0.050721
0.022199 0.099594 0.037598
0.123394 -0.053626 0.118894
0.093474 0.082683 0.063613
0.037491 0.112528 0.121556
0.135209 0.014356 0.124731
0.131141 -0.033038 0.122496
0.016277 -0.100507 0.124658
0.088322 -0.074475 0.012477
0.109913 -0.073642 0.114707
0.113456 -0.069157 0.114908
0.060935 -0.097549 0.130815
0.011056 -0.006302 0.211662
0.00291 -0.008374 0.208705
0.126376 0.04906 0.12274
0.072774 0.027706 -0.04532
0.096033 0.083383 0.062164
0.133802 0.02163 0.0411
0.100101 -0.081698 0.05654
0.095415 -0.082766 0.102507
0.100953 -0.070397 0.023212
0.004823 0.11245 0.094325
0.099961 -0.080807 0.058679
0.029289 0.016173 0.213789
0.113018 -0.068541 0.113882
0.106928 0.077033 0.1135
-0.029498 0.031933 -0.012859
0.055831 -0.100021 0.126084
0.062322 -0.112216 0.059381
-0.051945 -0.047834 0.130815
0.004823 -0.112216 0.071935
0.048532 -0.100762 0.128513
0.009173 0.112528 0.061913
0.116833 -0.065085 0.117233
0.066686 -0.112294 0.096866
0.135289 -0.011104 0.040185
0.025969 -0.053068 -0.032252
-0.06619 -0.00841 0.120881
0.099128 -0.079601 0.059376
0.058516 -0.100202 0.123503
0.108135 0.074771 0.112046
0.111631 -0.058751 0.023212
0.032644 -0.099387 0.034749
0.095654 0.084438 0.065139
0.131534 0.036403 0.124061
0.108763 -0.071838 0.111902
0.109389 -0.067004 0.107976
0.097446 0.084476 0.105075
0.108413 0.075471 0.113626
-0.051333 -0.031909 0.017554
0.089442 0.081781 0.14047
0.125263 0.048457 0.044038
0.132618 -0.027795 0.123296
0.027905 -0.112086 0.04516
0.041293 0.057359 -0.034149
0.070281 0.00581 0.208704
0.124815 0.007481 0.158685
0.029525 0.099049 0.034136
0.095136 -0.08679 0.065286
0.026359 0.100028 0.036427
0.120306 0.029072 0.158685
0.135959 0.005296 0.039102
0.111556 -0.068926 0.053516
0.087725 0.040302 0.189057
0.096288 -0.082299 0.105438
0.096492 0.083099 0.096365
0.071567 0.043192 -0.037539
0.098105 -0.084068 0.106612
0.005318 0.111371 0.100299
0.109412 -0.065619 0.113969
0.096755 0.086373 0.071871
0.071155 -0.097568 0.054943
0.032016 0.017113 0.213789
0.012453 0.010621 0.211662
0.008615 0.100122 0.118742
0.036303 0.095959 0.023212
0.08134 -0.025382 -0.042328
0.05912 -0.112216 0.055156
0.076884 -0.097246 0.068605
0.097615 0.085089 0.105768
0.039376 0.052565 -0.036045
0.022059 0.056595 0.195079
0.078444 0.09763 0.078615
0.114165 0.060965 0.033771
0.023318 0.11232 0.119249
0.068884 0.095407 0.130815
0.108148 -0.073231 0.05484
0.096994 -0.083843 0.102838
0.02828 0.097332 0.14047
0.011671 0.097783 0.130815
-0.005076 -0.09816 0.089891
0.094827 -0.082168 0.062412
0.096761 0.086591 0.105762
-0.033743 0.023467 -0.011731
0.095411 -0.082572 0.104197
0.086108 0.092521 0.110737
0.126243 -0.046228 0.044855
0.096015 -0.084072 0.062483
0.022176 -0.061877 -0.026316
0.108736 -0.066405 0.113693
0.010964 -0.11143 0.056294
0.09637 -0.078787 0.108993
0.095147 -0.087043 0.067115
0.08634 0.000117 -0.044051
0.119916 -0.060468 0.118221
0.078994 -0.065491 0.175029
0.032602 -0.098992 0.034084
0.012923 -0.098612 0.042562
0.064671 -0.112294 0.064311
0.101108 0.07327 0.056586
-0.059753 -0.042188 0.067113
0.037545 -0.11143 0.123318
0.050922 0.088076 0.158685
0.04576 -0.058624 -0.032269
0.121062 -0.054369 0.117485
0.018704 -0.111689 0.049044
0.081724 -0.075117 0.007751
0.09657 -0.086684 0.104193
0.126811 0.044904 0.044909
0.011575 0.11232 0.056941
0.097835 0.083449 0.059534
0.005152 -0.112294 0.094208
0.113207 -0.068769 0.114176
-0.002025 0.082645 0.012477
0.090268 0.083052 0.033771
-0.049142 -0.046311 0.14047
0.094679 0.087078 0.06322
-0.063696 -0.034352 0.100452
0.095137 0.083685 0.064456
0.077494 -0.097703 0.073634
-0.000462 -0.099407 0.104555
-0.026865 0.016178 0.189057
-0.062904 -0.034079 0.067113
0.043637 0.004928 0.215071
-0.031657 -0.074006 0.130815
0.011671 -0.008374 0.211662
0.00515 0.111371 0.099778
0.078773 -0.003417 0.204937
0.096676 -0.084462 0.060567
0.069008 -0.11191 0.091741
0.087865 -0.011498 -0.041019
0.023456 -0.077183 0.175029
0.069277 -0.111689 0.091812
-0.018248 0.035902 0.189057
0.011642 0.111371 0.055196
0.093005 -0.044195 0.182358
0.093781 0.08296 0.064925
0.094525 0.083137 0.064239
0.078574 0.078544 0.158685
0.113989 0.064455 0.052688
-0.040867 0.071445 0.067113
0.111554 -0.058691 0.022924
0.060971 -0.092322 0.022924
0.06268 0.099919 0.120881
0.037957 -0.100686 0.13093
0.126271 -0.049241 0.122208
0.043217 0.00552 0.215071
-0.02337 0.077096 0.14047
0.117249 -0.059578 0.051033
0.133591 0.008174 0.116787
-0.021993 -0.069639 0.012477
0.096474 0.082834 0.105102
0.099325 -0.083825 0.109589
0.071774 0.080567 0.007751
-0.013502 -0.092287 0.110737
0.068396 0.112555 0.085906
0.004156 0.097852 0.050505
0.062824 0.112143 0.107336
0.01409 0.100435 0.123503
0.113392 0.063974 0.052821
0.095887 0.082061 0.106126
0.053964 -0.09844 0.037849
0.104949 0.063566 0.149782
0.004865 -0.097551 0.049118
0.011544 0.100743 0.120802
0.109334 -0.068323 0.078837
0.06834 -0.093582 0.033771
0.126261 -0.046316 0.044423
0.100424 0.083039 0.11134
0.110594 0.052347 0.012477
-0.025292 0.048252 0.175029
-0.029498 -0.028863 0.182358
0.096151 -0.083028 0.102661
0.051334 0.11245 0.048572
0.069511 -0.11143 0.074386
0.032638 -0.11191 0.043761
-0.006172 -0.097368 0.082401
-0.034193 0.006669 -0.014159
0.135015 -0.008062 0.107976
0.096568 0.086931 0.104091
0.074647 -0.087653 0.023212
0.099023 0.079712 0.05938
0.08406 0.016579 0.200385
-0.031657 -0.023308 0.182358
0.100986 0.079479 0.108907
0.005289 -0.039891 0.200385
0.06474 0.044496 -0.040493
0.046917 -0.112216 0.119906
0.047028 0.064651 0.189057
-0.025928 0.080396 0.044648
0.129639 0.04173 0.123938
0.129849 -0.032448 0.067645
0.040147 0.101123 0.130456
0.066013 -0.045344 -0.03917
0.046806 -0.112294 0.119522
0.112198 -0.059946 0.051508
-0.052804 -0.048301 0.044648
0.096443 0.083083 0.061562
0.110127 0.025563 0.175029
0.107032 -0.073602 0.055834
0.126134 -0.031156 0.04406
-0.019113 -0.085047 0.044648
0.108413 0.075351 0.113188
0.066358 -0.112321 0.096718
0.059917 0.111663 0.054179
0.059347 -0.112086 0.111383
-0.000969 -0.097239 0.05883
0.134329 -0.00555 0.041285
-0.047131 0.007059 0.16712
0.019787 -0.005576 0.213789
0.097445 -0.078123 0.107976
0.013796 0.100127 0.124093
0.070981 0.022692 -0.045554
0.022523 0.010886 0.213789
-0.047131 0.065319 0.100452
0.093869 -0.082501 0.06367
0.013609 -0.084922 0.007751
0.017142 -0.017593 0.211662
0.022919 -0.111137 0.045902
0.12363 -0.038344 0.022924
0.043668 -0.054648 -0.03594
-0.041807 0.051356 0.149782
-0.065138 -0.016879 0.120881
0.007524 -0.09953 0.118499
0.069696 0.097783 0.120881
0.053648 -0.098963 0.038786
0.075694 0.098602 0.100815
0.034854 -0.111137 0.042824
0.073964 0.098983 0.104353
0.095388 -0.086487 0.065214
0.032784 -0.112321 0.120938
0.090569 -0.082496 0.06379
0.020783 0.100695 0.127474
0.096713 -0.084202 0.071149
0.032624 -0.099169 0.034433
0.003725 0.100146 0.111967
0.002881 0.111923 0.088944
0.028661 0.087821 0.007751
0.097616 0.084735 0.105571
0.083349 -0.013937 -0.044858
0.111742 0.070763 0.113546
0.131759 0.026872 0.123129
0.036303 -0.058144 0.195079
0.038615 -0.101147 0.130323
0.095302 0.086704 0.064679
0.106015 -0.072494 0.056304
-0.056682 -0.050408 0.100452
0.027828 -0.11191 0.121448
0.081373 -0.021037 -0.044202
0.003153 -0.111909 0.077363
-0.045031 0.053471 0.14047
0.062478 -0.059798 0.189057
0.134969 0.01998 0.124771
0.097291 -0.085234 0.104323
0.104924 0.074962 0.044648
0.00956 0.099105 0.04597
0.002379 0.099329 0.111833
0.095772 -0.084968 0.064813
0.095414 0.084059 0.064858
0.094999 0.086975 0.064276
0.103128 -0.072769 0.033771
0.044207 -0.090597 0.012477
0.032133 -0.050408 0.200385
0.127714 -0.043406 0.12074
0.119961 0.053223 0.049246
0.015719 0.112555 0.112366
0.012849 0.098638 0.042266
0.094463 0.082666 0.063083
0.007763 -0.111137 0.060811
0.00291 0.008608 0.208705
0.124513 0.049858 0.046201
-0.020399 0.061961 0.16712
0.102549 0.075657 0.057625
0.110127 0.068352 0.130815
0.113466 -0.069493 0.116208
0.076077 0.039031 -0.037539
0.072402 -0.035247 -0.042917
0.13637 0.014671 0.128062
0.108681 0.06795 0.067645
0.135686 -0.008152 0.037949
0.094982 0.082296 0.062187
0.09711 -0.0859 0.104908
0.080103 -0.034162 -0.037539
0.065334 0.099867 0.117748
0.07785 -0.098084 0.078949
0.13195 -0.024202 0.03377
0.055959 -0.111689 0.050654
0.074811 0.099348 0.100304
0.118124 -0.06042 0.049961
0.073516 -0.099569 0.103012
0.077332 -0.09795 0.073664
0.062562 -0.049921 -0.036416
-0.005944 0.097824 0.089145
0.009072 -0.09786 0.044649
0.028014 0.10055 0.130676
0.123748 0.049217 0.047509
0.135874 0.008363 0.099062
0.070281 -0.005576 0.208704
0.086135 -0.005428 -0.043979
0.126559 -0.04546 0.043318
0.132785 -0.022228 0.123686
0.027331 0.101062 0.129518
0.030328 -0.06173 -0.028389
0.108894 0.067213 0.033771
-0.005968 0.027846 0.200385
0.095731 0.085418 0.063445
0.097259 -0.085706 0.105644
0.037745 -0.008559 0.215071
-0.06393 -0.025368 0.055783
0.099221 -0.082425 0.107804
0.052014 0.094652 0.023212
-0.000638 -0.099171 0.10469
0.074757 -0.031533 -0.043665
0.097232 -0.084538 0.103503
0.004853 -0.099443 0.114849
0.037546 0.111664 0.042942
0.010331 -0.099834 0.120824
-0.033682 0.015018 -0.013907
0.097358 0.084562 0.104751
0.095673 0.08416 0.063308
0.032672 0.11232 0.12214
-0.06267 0.034232 0.110737
0.093771 -0.082636 0.064283
0.096614 0.08727 0.10045
0.129318 0.035373 0.121822
0.023718 0.112555 0.048123
0.030633 0.034232 0.208705
0.032608 0.111923 0.043438
-0.036644 -0.001546 -0.01251
0.069705 0.111371 0.091925
0.104263 -0.023308 0.182358
0.094848 0.08341 0.064514
0.07661 0.09238 0.130815
0.03398 0.101132 0.130588
0.002295 0.111371 0.086553
0.072857 0.098327 0.059358
0.005498 0.111664 0.100199
0.135994 0.005306 0.038673
0.078773 -0.097098 0.100452
0.122932 -0.053261 0.118329
-0.051945 -0.030301 0.149782
0.078338 0.096335 0.110737
0.134542 0.025741 0.126118
0.094955 -0.082766 0.07152
0.096989 -0.084389 0.058164
-0.052512 -0.058144 0.090097
0.135618 0.020202 0.126295
-0.051024 0.038577 0.022924
0.070943 0.042442 -0.038804
0.097241 -0.08325 0.0834
-0.061018 -0.016189 0.033771
0.036303 0.093755 0.017554
0.055026 0.112555 0.114064
0.001556 0.099691 0.108933
0.027847 0.033646 0.208705
0.096897 0.086001 0.071842
0.126594 -0.045167 0.045032
0.096725 0.083099 0.090097
0.06811 0.043462 -0.039851
-0.003591 -0.098626 0.096679
0.097417 -0.08325 0.090097
0.007194 0.100707 0.116105
0.032016 -0.025676 0.211662
0.118158 -0.053288 0.116787
-0.021067 0.088284 0.067113
0.104202 0.077818 0.056255
-0.059526 0.042322 0.110737
0.12805 0.039341 0.045065
0.047352 0.111371 0.044847
0.051437 0.056619 -0.033679
0.097892 -0.081409 0.06013
-0.003689 0.097198 0.064783
0.0191 0.099724 0.039246
0.096864 0.0867 0.103234
0.021077 -0.086585 0.007751
-0.000361 0.099655 0.104773
7.3e-05 0.099959 0.105261
0.121748 0.046545 0.14047
-0.041483 0.006589 0.175029
-0.028282 -0.070325 0.022924
0.003533 -0.111137 0.094783
0.096059 0.08502 0.062113
-0.002627 -0.097014 0.061891
-0.06267 -0.016466 0.130815
0.097716 -0.077652 0.109462
0.101918 -0.080525 0.109634
0.097738 -0.084735 0.106087
0.036303 -0.050581 0.200385
0.061112 0.037161 -0.042637
0.12641 0.047943 0.120403
0.019751 -0.094142 0.022924
0.066184 -0.098625 0.049278
0.087725 0.066451 0.16712
-0.01827 -0.037525 -0.019086
0.097684 -0.085063 0.106324
0.013733 -0.111137 0.052813
0.008252 0.099814 0.119263
-0.051299 0.023685 0.012477
0.134873 0.016339 0.038447
-0.065684 -0.016971 0.055783
-0.021525 0.088987 0.100452
0.097654 -0.080641 0.107739
0.084048 0.010455 -0.04509
-0.005983 -0.096994 0.074777
0.00268 0.098555 0.054194
0.026309 -0.056421 -0.031761
0.073167 0.097845 0.059125
0.128369 -0.024651 0.022924
0.095505 -0.08357 0.063374
-0.004148 0.098158 0.070679
0.132262 -0.033571 0.124072
0.096759 0.083758 0.102789
-0.031721 -0.017491 -0.01488
0.095515 0.082708 0.10459
0.096905 0.078294 0.033771
-0.040867 -0.071211 0.067113
0.036303 0.078486 0.175029
0.069127 0.098619 0.053012
0.09675 -0.087038 0.078573
0.039535 -0.099646 0.034986
0.013398 0.090932 0.149782
0.046917 0.11245 0.046353
0.095702 0.085931 0.061364
0.027375 0.10131 0.129259
-0.044855 -0.020518 0.16712
0.001026 -0.097536 0.055656
0.133198 -0.027992 0.123791
0.063393 0.043253 -0.041471
0.081363 0.002565 -0.047022
0.095712 0.085569 0.064389
-0.017528 -0.045875 -0.01602
0.095721 -0.085346 0.064504
0.051527 0.099819 0.038348
0.094871 0.086747 0.061911
0.015065 -0.112086 0.052964
0.009032 0.098215 0.045091
0.095332 0.08297 0.103124
-0.033172 0.058649 0.012477
0.136302 0.008437 0.130815
0.131448 0.008108 0.045725
0.112468 -0.05958 0.051377
-0.004511 0.09731 0.06852
-0.033351 0.017827 0.182358
0.099496 0.069041 0.149782
0.123561 -0.053787 0.119249
0.095355 -0.081814 0.061726
-0.004396 0.093278 0.044648
0.00495 0.071886 0.175029
0.003773 -0.112294 0.08313
0.136858 -0.004191 0.126031
0.044592 0.10055 0.130674
0.126027 0.044328 0.046228
0.005782 0.100107 0.115132
0.074658 0.099607 0.100203
0.062009 -0.04165 -0.042074
0.133753 -0.028243 0.124885
0.108478 -0.071573 0.111883
-0.041483 -0.071781 0.100452
-0.000846 -0.03422 0.200385
0.123064 -0.03994 0.045802
0.078338 -0.006926 0.204937
0.077679 0.097959 0.074925
0.093907 -0.082065 0.062526
0.018958 0.099197 0.038786
0.051529 0.086819 0.007751
0.046806 -0.112294 0.046738
0.133937 0.016632 0.067645
0.047352 0.111371 0.121413
0.121458 0.0542 0.048651
0.09647 0.086811 0.105943
0.044008 -0.00407 0.215071
0.078532 0.097771 0.082387
0.015313 -0.100972 0.123423
0.077651 -0.097921 0.094099
0.084113 -0.009799 -0.045112
0.049029 0.111371 0.045689
0.020312 0.096335 0.14047
0.093372 -0.079905 0.059813
0.022059 0.022008 0.211662
0.095636 -0.085738 0.064473
0.133179 0.031151 0.125371
-0.016835 0.02352 0.195079
0.025841 -0.041362 0.204937
0.060336 -0.047799 -0.039309
0.09755 -0.082772 0.106026
0.09607 -0.084775 0.062084
0.097468 -0.083524 0.096467
0.063836 -0.100099 0.118512
0.020312 0.00716 0.213789
0.028075 0.112528 0.120331
0.096766 0.08359 0.104222
0.135292 -0.013465 0.038661
-0.001177 0.020482 0.204937
0.005212 0.099589 0.115815
0.012894 0.092932 0.022924
0.135353 -0.021021 0.127495
0.027698 -0.11143 0.044222
-0.000754 -0.079674 0.007751
-0.056736 -0.050437 0.078572
0.05166 0.008462 0.213789
0.097066 -0.085974 0.104547
0.003724 0.111664 0.094716
0.13544 -0.021006 0.127069
0.042334 -0.112086 0.044537
0.082396 0.010217 -0.046105
0.131339 0.029089 0.043123
0.114678 -0.064445 0.052183
0.068055 0.112528 0.09149
0.124164 0.05347 0.121636
0.094477 -0.080371 0.107959
0.056855 0.016178 0.211662
0.090989 0.082966 0.067647
0.096691 0.084856 0.060107
0.046308 -0.111137 0.121736
0.135214 -0.013478 0.038239
0.127626 0.026059 0.043195
0.00121 -0.097739 0.055819
0.116134 -0.052251 0.022924
0.09746 0.082354 0.060482
0.13481 -0.000187 0.041033
-0.00091 0.099803 0.103012
0.044178 -0.095301 0.022924
0.09925 -0.079617 0.108557
0.13449 -0.018943 0.040006
0.127872 -0.039577 0.045168
0.010959 0.07424 0.175029
0.120289 0.04643 0.047327
0.052768 -0.055638 -0.034007
0.114156 0.065625 0.114201
0.022331 -0.100202 0.12889
0.075123 0.009038 -0.046778
0.055372 -0.100788 0.124958
0.028598 0.093479 0.149782
0.094292 0.0831 0.065525
0.130971 -0.032839 0.090097
0.057073 -0.098275 0.039621
0.014693 -0.111689 0.052436
0.100829 -0.079069 0.108917
0.115519 -0.061429 0.090097
0.096405 0.08376 0.071942
-0.022268 -0.075439 0.022924
0.096194 -0.086786 0.071259
-0.020399 -0.044195 0.182358
0.134914 0.01066 0.040837
0.022181 0.062162 -0.026318
0.096296 -0.082732 0.104672
0.097436 -0.08326 0.060194
0.111367 -0.068687 0.053808
0.095045 0.08653 0.061292
0.06063 -0.040195 -0.042286
0.000416 -0.057258 -0.020714
0.075036 -0.027214 -0.04506
0.097924 -0.080832 0.107589
0.107176 -0.011758 0.182358
0.13494 0.016268 0.03973
0.127429 0.039052 0.045412
0.020063 -0.097598 0.033771
0.059736 0.093027 0.023212
0.084244 -0.061727 0.175029
0.03114 0.100137 0.035474
0.069277 -0.111689 0.074447
-0.000246 0.099461 0.105521
0.097363 -0.082975 0.060448
0.077061 0.097479 0.069314
0.005318 -0.111137 0.065961
0.09947 -0.080677 0.059145
0.121526 0.031261 0.012477
-0.026865 -0.08137 0.120881
-0.005968 -0.07831 0.158685
-0.009129 -0.084174 0.023212
0.041684 0.007059 0.215071
0.055959 -0.111689 0.115606
0.125734 0.044164 0.046428
-0.021723 0.000117 0.195079
-0.02025 -0.086795 0.055783
0.095194 -0.083512 0.065012
0.097068 0.081781 0.06067
0.07075 0.000117 0.208704
0.13072 0.003374 0.041358
0.132341 -0.033646 0.124495
0.096355 -0.086736 0.105337
-0.0477 -0.054987 0.130815
0.121735 -0.049726 0.04829
0.086277 -0.017129 -0.041019
0.126819 0.0404 0.067645
0.010002 -0.098212 0.044606
0.075205 0.09891 0.100542
-0.00873 0.047345 -0.021582
0.101718 0.080433 0.109306
-0.047131 -0.065085 0.100452
0.082946 -0.005513 -0.046282
-0.032343 0.037417 0.175029
-0.004004 -0.013776 0.204937
-0.002966 0.099415 0.097449
0.094932 0.082766 0.062854
0.06736 0.098094 0.049583
0.095984 -0.08252 0.104804
-0.025292 0.057049 0.16712
-0.051381 0.000117 0.007751
0.094671 -0.086965 0.06401
0.078223 0.097829 0.078625
-0.033926 -0.064795 0.023212
0.007465 -0.0188 0.208705
0.135046 -0.013348 0.040335
0.012946 -0.099851 0.123454
0.130472 -0.007789 0.041508
0.130795 0.024377 0.056586
0.051822 -0.100461 0.127474
0.047488 -0.032596 0.208704
0.077326 0.098876 0.089769
0.032638 0.112143 0.043761
0.109818 -0.073675 0.115151
-0.060968 0.033646 0.120881
0.06205 -0.112294 0.059629
0.077548 0.097172 0.069149
0.057461 -0.061764 0.189057
0.030633 0.0167 0.213789
0.096554 0.083249 0.104478
0.13096 -0.023844 0.116787
0.126761 -0.042937 0.120319
0.061968 0.100453 0.12032
0.095689 -0.082929 0.062469
-0.030522 -0.072768 0.033771
-0.055763 -0.024651 0.022924
-0.002388 -0.098881 0.100417
0.055304 0.047072 -0.040143
0.013398 -0.012329 0.211662
0.102095 -0.081363 0.111749
0.120669 0.056122 0.048884
-0.040685 0.071277 0.110737
0.062465 0.098655 0.044846
0.115186 -0.06532 0.050297
0.128179 -0.023468 0.042871
0.097284 -0.084933 0.103555
0.00515 0.111371 0.066482
0.027988 0.11245 0.045536
0.091185 0.019034 0.195079
0.07533 0.089449 0.14047
0.051177 0.112528 0.048933
0.036303 0.084176 0.16712
-0.03457 0.011992 0.182358
0.066145 -0.111137 0.102927
0.122427 -0.055345 0.11842
-0.005331 -0.098152 0.08609
0.102127 0.081213 0.110351
0.096298 -0.086833 0.104875
0.062893 0.111371 0.057755
0.0986 0.081852 0.107393
0.128838 -0.023411 0.023212
-0.028674 0.083938 0.078572
-0.042881 -0.027177 0.16712
0.036303 0.097665 0.14047
0.014411 0.101166 0.122827
0.131282 -0.008226 0.022924
0.042212 -0.112294 0.045318
0.107603 -0.066702 0.056586
-0.032343 0.063566 0.149782
-0.054044 0.008053 0.012477
0.097919 0.086368 0.083966
0.001248 0.097631 0.05476
0.021685 -0.009472 0.213789
-0.004726 0.098184 0.073664
0.096778 0.083079 0.105082
0.002447 0.111371 0.089019
0.100617 0.08223 0.109247
0.095498 0.086149 0.063175
-0.019947 -0.086329 0.120881
0.068654 -0.097482 0.050275
0.100018 -0.081725 0.056175
0.073068 0.09964 0.104555
0.07357 -0.098807 0.10522
-0.0477 0.055221 0.130815
0.096326 -0.082709 0.104754
0.070234 0.111663 0.080194
0.109291 -0.061375 0.022924
0.066084 -0.040275 -0.042299
-0.043528 0.052485 0.022924
0.009466 0.112555 0.062143
0.097231 -0.084508 0.103771
0.135403 -0.000189 0.040534
0.010348 -0.002042 0.211662
0.123254 -0.050641 0.04767
0.042439 0.111923 0.043862
0.055799 -0.11191 0.050919
0.065166 0.031598 0.204937
0.086596 -0.072001 0.007751
-0.036358 0.015928 -0.011036
0.098081 -0.084684 0.107131
-0.041808 -0.051122 0.149782
0.06804 0.048891 0.195079
0.097368 -0.08678 0.096457
0.094935 0.082938 0.103097
0.097408 -0.084278 0.104947
0.0929 -0.082732 0.096287
0.099471 -0.08137 0.120881
0.115396 0.067267 0.117053
0.002673 -0.026164 0.204937
0.097886 0.084432 0.096511
0.013105 -0.099986 0.123154
-0.002047 0.099177 0.101336
0.09938 0.083527 0.108494
0.114992 0.065697 0.05083
0.053741 -0.098749 0.038501
-0.02385 0.039576 0.182358
0.01794 -0.05925 -0.027742
-0.024072 0.028282 -0.017464
-0.069425 -0.008679 0.090097
0.097735 -0.084392 0.105874
0.120833 0.056299 0.048533
-0.027547 -0.02445 -0.016354
0.09686 -0.086464 0.103274
0.116654 0.060875 0.115595
0.077488 -0.098389 0.089828
-0.003524 0.098722 0.097748
0.085251 0.012563 0.200385
0.080801 0.026878 -0.042143
0.009119 -0.021127 0.208705
0.114488 0.064936 0.052278
0.050765 0.098818 0.036379
-0.015119 0.066452 0.16712
0.130922 -0.015669 0.124306
-0.02797 0.08303 0.110737
-0.052209 -0.007247 0.158685
0.076912 0.098349 0.097008
0.097254 0.084799 0.103178
0.135206 0.006752 0.124855
0.100598 -0.081383 0.108856
0.027758 -0.111689 0.044496
0.005551 -0.098302 0.049971
0.128374 -0.043833 0.121683
0.136939 -0.009802 0.127038
0.004217 0.112143 0.071719
0.116635 -0.059135 0.051186
0.136074 -0.000193 0.03903
0.02358 0.112528 0.118519
0.098079 -0.082406 0.106717
0.095149 0.083715 0.064688
-0.003122 0.099158 0.097539
0.059501 0.10022 0.123154
0.023908 0.049264 0.200385
0.094566 0.083243 0.065071
0.076789 0.099082 0.092697
0.006241 -0.112086 0.066472
0.102099 0.081601 0.11175
0.100162 -0.081286 0.057958
0.12416 0.050753 0.044648
0.118254 -0.058936 0.116157
0.070234 -0.11143 0.080194
0.020063 0.097832 0.033771
0.106866 0.0724 0.056041
0.019178 -0.112216 0.049961
0.118122 0.061342 0.04881
0.032674 -0.099928 0.035253
0.036107 -0.098881 0.033524
0.096121 0.083485 0.072
0.096639 0.08408 0.071895
0.13203 0.029384 0.042173
0.077615 -0.094446 0.120881
-0.040365 0.033883 0.16712
0.111962 -0.067542 0.113344
0.121719 0.046292 0.119563
0.133057 0.031211 0.126235
0.017142 0.017827 0.211662
0.088825 0.00596 -0.041019
0.097477 -0.0842 0.077223
0.081649 -0.078743 0.012477
0.067656 -0.071652 0.175029
0.020946 0.092521 0.149782
0.076669 -0.023654 -0.045566
0.053506 -0.09949 0.039246
0.065972 -0.11143 0.063448
0.125769 -0.039096 0.116787
-0.039025 0.058985 0.023212
-0.00617 0.097547 0.081079
0.090743 0.082497 0.063021
-0.005399 0.098336 0.085181
0.123939 -0.031909 0.017554
0.096382 0.08471 0.061408
0.115487 0.027411 0.16712
0.101089 -0.079365 0.108916
-0.057 -0.050581 0.090097
0.09704 0.086265 0.106717
-0.056138 -0.023387 0.022924
-0.000927 -0.099127 0.104051
0.119303 0.048335 0.047854
0.056855 0.081604 0.16712
-0.060576 0.042784 0.078572
0.137162 0.006922 0.127164
0.068055 -0.112294 0.074769
-0.001965 -0.097523 0.062281
0.07804 -0.097897 0.089021
0.099855 -0.081866 0.056245
-0.061492 -0.033592 0.055783
0.096774 -0.083251 0.077322
0.060153 0.09468 0.14047
0.038056 0.100611 0.131625
0.09683 0.086633 0.104036
0.126904 0.045095 0.04406
0.067741 0.097785 0.049118
0.099471 0.081604 0.120881
0.096833 -0.086267 0.106057
0.091296 -0.081697 0.061803
-0.021559 -0.088806 0.078572
0.052335 -0.1009 0.126621
-0.021723 -0.089058 0.090097
0.095321 -0.086477 0.064823
0.13334 0.02479 0.039374
0.032133 0.050642 0.200385
0.056329 0.100741 0.124658
0.126378 -0.048828 0.122741
-0.053981 -0.031003 0.023212
-0.055728 0.015537 0.149782
0.103032 0.080403 0.110688
0.118085 0.06198 0.116152
-0.019376 0.034607 -0.018852
0.076675 -0.027975 -0.044276
0.124391 0.04972 0.046592
0.11522 -0.063328 0.114773
0.095654 -0.084204 0.065139
0.04813 -0.071043 0.182358
0.003952 0.097716 0.050275
-0.003049 -0.097689 0.065864
0.050091 0.100745 0.128232
-0.03719 0.007096 -0.011659
0.047129 -0.099483 0.036448
0.132363 -0.033704 0.12493
0.02842 -0.095398 0.023212
0.126996 0.000117 0.012477
-0.05378 0.024352 0.017554
0.020554 0.089794 0.012477
0.109675 -0.072879 0.112678
0.132433 0.033254 0.1259
0.066599 -0.088489 0.149782
-0.063755 -0.034372 0.078572
0.100192 0.081669 0.057623
0.082403 0.022879 -0.042693
0.074571 0.097757 0.062281
0.12094 -0.044826 0.046973
0.022919 0.111371 0.045902
0.132209 -0.023924 0.042628
0.097293 0.085593 0.103228
-0.033855 0.064963 0.022924
0.078005 -0.098102 0.085181
0.043902 0.099338 0.03503
0.018664 0.019355 0.211662
0.088512 -0.080119 0.023212
0.027194 -0.060852 -0.029051
0.037491 0.112528 0.044704
-0.059344 -0.024202 0.033771
-0.05378 -0.024118 0.017554
0.020312 -0.096101 0.14047
0.008129 0.111923 0.061097
0.059114 0.10085 0.122395
0.075937 -0.090605 0.033771
-0.06834 -0.017416 0.090097
0.096303 0.087058 0.104923
0.044589 0.002973 0.215071
0.097368 0.087014 0.096457
0.069848 -0.028729 -0.045024
0.04915 -0.011758 0.213789
0.046917 0.11245 0.119906
0.092558 -0.082732 0.078236
0.030601 0.100893 0.130511
0.120977 0.056764 0.046852
0.064364 -0.112321 0.064514
0.117763 -0.060022 0.05061
0.136327 -0.015423 0.127564
0.051334 -0.112216 0.048572
0.101646 -0.042747 0.175029
0.135108 -0.016592 0.090097
0.006304 0.097893 0.047436
0.133026 -0.024181 0.041819
-0.010327 0.08121 0.017554
0.094531 0.083219 0.064815
0.002083 0.111371 0.08313
0.022427 -0.100335 0.128549
0.069933 0.026398 0.204937
0.077682 0.098394 0.089891
0.053422 -0.039068 0.204937
0.012994 0.053471 0.195079
0.058881 0.112528 0.110811
0.097278 0.082064 0.060603
0.074211 0.098848 0.104518
0.02437 0.099957 0.037072
0.110846 -0.068782 0.044648
0.01454 0.111664 0.114041
0.101559 0.080201 0.109138
0.055431 0.11245 0.051527
0.078145 -0.012852 -0.046942
-0.000754 -0.09741 0.058984
-0.016561 0.057775 0.175029
0.003953 -0.111689 0.094634
0.044001 0.09903 0.034315
0.098467 -0.080875 0.107687
0.098622 -0.083633 0.107384
0.047023 0.11232 0.045986
0.042148 0.112555 0.045726
0.077141 0.098597 0.092844
0.037516 0.11232 0.122349
0.112902 -0.060503 0.056586
0.077821 0.097506 0.073051
0.115126 0.066567 0.11502
0.052294 0.096335 0.14047
0.094615 -0.082318 0.062769
0.101774 0.072636 0.056308
0.070054 -0.098063 0.054058
0.119881 -0.060637 0.119099
-0.005009 0.09468 0.120881
0.034614 -0.101427 0.130137
0.097503 0.084844 0.105228
0.120239 0.049332 0.118841
0.132481 -0.016148 0.056586
0.042483 -0.11143 0.122676
-0.03457 -0.077183 0.110737
0.122744 -0.055938 0.120463
0.135643 -0.00019 0.040209
0.095607 -0.08348 0.063054
0.097767 -0.083844 0.083362
0.03256 0.111371 0.123337
0.058106 -0.014185 0.211662
-0.011638 0.044429 0.189057
-0.002723 0.089449 0.14047
0.082908 0.00616 -0.04627
0.129438 0.024008 0.123508
0.058106 0.086563 0.158685
0.072159 0.099121 0.108661
0.134278 0.016079 0.04123
0.04059 0.017113 0.213789
-0.059526 0.016173 0.14047
0.128211 -0.023328 0.042852
0.069039 -0.099673 0.112138
-0.054145 0.023114 0.149782
0.074647 0.087887 0.023212
0.019642 -0.100121 0.127639
0.015853 -0.098794 0.040546
-0.054145 0.049264 0.120881
0.05175 -0.111689 0.118643
0.000334 -0.097209 0.055784
0.04868 -0.100373 0.129125
0.136618 -0.004177 0.1257
0.060162 -0.100825 0.121259
0.132604 0.025057 0.123414
-0.069125 0.008888 0.078572
0.099477 -0.082232 0.108034
0.097136 0.084418 0.10314
0.135135 0.016602 0.090097
0.08406 -0.016345 0.200385
0.075836 0.097697 0.065779
0.023318 -0.112086 0.04701
0.089167 -0.048745 0.182358
0.133502 -0.022384 0.123807
0.097287 -0.084407 0.10439
0.077499 0.033294 -0.041018
0.056668 -0.043484 -0.041123
-0.005073 -0.097725 0.074925
0.065523 0.112143 0.063746
0.081134 0.006 -0.04695
0.023091 -0.111689 0.046379
0.076271 0.097327 0.065578
0.123078 0.047267 0.03377
0.077913 0.098486 0.083128
0.094992 0.086837 0.063308
0.097064 0.083847 0.104557
0.10423 -0.073444 0.099062
0.135279 -0.013419 0.039522
-0.005617 -0.097595 0.078625
0.039177 -0.017177 0.213789
0.023091 0.111923 0.046379
0.096773 0.086459 0.106963
0.02225 0.099875 0.037815
0.135259 -0.005612 0.040623
0.106514 0.052728 0.007751
0.097405 0.085312 0.10504
0.076077 -0.038797 -0.037539
0.004112 -0.111137 0.096571
0.134795 -0.02071 0.124674
0.099126 0.079836 0.059369
0.11695 -0.059353 0.051145
0.095743 -0.077911 0.058766
0.076149 -0.031022 0.200385
0.094882 0.083319 0.063978
0.027158 0.100539 0.130497
0.081689 0.084322 0.022924
0.094151 0.083024 0.064601
0.097594 -0.081854 0.106686
0.073446 0.099199 0.104838
0.016775 0.100255 0.126084
0.056586 0.046545 0.200385
0.005489 0.112555 0.094088
0.076979 0.097182 0.067114
0.096818 0.084435 0.071858
-0.055728 -0.015302 0.149782
0.131662 0.000117 0.022924
0.095786 0.084972 0.063309
0.048602 -0.100548 0.128804
0.097705 0.083758 0.090097
0.07661 0.01401 0.204937
0.096375 0.084386 0.061653
0.034152 -0.00841 0.215071
0.112971 -0.059798 0.14047
0.098863 0.079533 0.059358
0.058195 -0.100932 0.122827
0.097114 -0.086134 0.102863
0.046513 -0.098732 0.034925
0.094024 -0.081976 0.06234
0.090854 0.070489 0.158685
-0.05873 -0.00779 0.022924
0.127634 -0.040525 0.078837
0.097494 0.083447 0.060134
0.055464 -0.075854 0.175029
0.019908 -0.030301 0.208705
0.077492 0.098203 0.074782
0.008359 0.112143 0.104983
0.086108 -0.008228 0.200385
0.062582 -0.112086 0.107116
0.040113 0.10165 0.129971
0.097289 -0.085671 0.105756
0.132925 -0.027895 0.123515
0.098189 -0.081054 0.107491
0.098299 -0.084973 0.090097
0.099593 -0.082507 0.108253
0.121526 -0.031027 0.012477
0.065522 -0.11191 0.063746
0.095136 0.087024 0.065286
-0.063634 0.016861 0.044648
0.115395 -0.055115 0.049904
0.097185 -0.085683 0.103989
0.129249 -0.018016 0.042239
-0.04647 0.064803 0.067113
0.122027 0.054938 0.046753
0.1224 0.022008 0.158685
-0.063696 0.034586 0.100452
0.097154 0.080141 0.059808
0.106063 0.076206 0.053605
0.044759 0.024849 0.211662
0.095026 -0.082732 0.102425
0.099327 -0.081951 0.10786
-0.040092 0.053826 0.017554
0.096862 -0.086303 0.104661
0.09551 -0.083061 0.062818
0.034152 0.008644 0.215071
0.015275 0.11245 0.053262
0.094884 -0.086496 0.061857
0.097229 0.084468 0.058457
0.097096 -0.08238 0.060821
0.097757 -0.083083 0.106105
0.02358 0.112528 0.047741
0.037537 -0.111689 0.043225
0.055431 -0.112216 0.114732
0.022466 -0.031557 0.208705
0.067406 -0.111137 0.099747
0.064414 0.100525 0.117564
0.12346 0.049035 0.047704
0.060335 -0.044471 0.200385
-0.03365 -0.023193 -0.011756
0.103073 0.080573 0.111104
0.045034 0.000843 0.215071
-0.006344 -0.097089 0.078586
-0.009083 0.084322 0.022924
0.043317 0.042322 0.204937
0.027994 -0.095247 0.022924
0.124598 0.050069 0.045351
0.114994 -0.062159 0.090097
0.097481 0.08637 0.077888
-0.051136 0.005755 0.007751
0.008359 0.112143 0.061276
-0.003515 0.09927 0.095383
0.128541 -0.039981 0.044233
0.050548 0.022008 0.211662
0.067314 0.11232 0.06911
0.104767 -0.075417 0.110403
0.041922 -0.101399 0.129728
0.130017 0.03562 0.12192
-0.005331 0.098015 0.077338
0.092355 0.082532 0.105042
0.065243 0.098254 0.047177
0.112672 -0.043069 0.007751
0.006007 -0.088489 0.149782
-0.058602 -0.032596 0.130815
0.012076 0.112528 0.108789
0.044759 -0.024615 0.211662
0.096692 -0.081796 0.06099
0.074499 -0.012005 -0.046593
-0.049142 -0.037514 0.149782
0.096261 -0.086934 0.104249
0.094205 0.083081 0.065147
0.134662 -0.008819 0.124724
0.073452 -0.068807 0.175029
0.025841 -0.02383 0.211662
0.122714 -0.05027 0.048116
0.097072 -0.086007 0.10585
-0.013619 0.092739 0.067113
0.112972 -0.033649 0.16712
0.116215 -0.052304 0.023212
0.134969 0.000117 0.03377
0.129623 0.032284 0.03377
0.053129 0.10138 0.12598
0.125651 -0.045689 0.04633
-0.028644 0.03167 -0.014001
-0.005345 -0.098211 0.082338
0.127752 0.039196 0.04527
0.115526 -0.06356 0.114812
0.090954 0.078484 0.022924
0.093368 -0.082676 0.064783
0.12617 -0.046119 0.045272
0.126751 -0.022881 0.149782
0.042994 -0.099123 0.034854
0.135065 -0.022948 0.126861
0.026093 0.098966 0.034925
0.05328 0.100858 0.126428
0.108048 0.074213 0.053698
0.076189 0.038901 -0.037539
0.055622 0.11232 0.051212
0.130749 -0.001987 0.041341
0.042237 0.072015 0.182358
0.052299 0.063541 0.189057
0.121719 -0.046062 0.119562
0.073208 0.099858 0.103805
0.003455 -0.112086 0.088844
0.09637 0.079021 0.108993
0.074958 0.099542 0.099273
0.003773 0.112528 0.08313
0.095739 -0.084946 0.064545
-0.063755 0.034606 0.078572
0.043945 -0.087587 0.007751
0.097172 0.084432 0.102875
-0.053889 0.031205 0.022924
0.115487 -0.061764 0.130815
0.130742 0.034854 0.041843
0.094781 0.086876 0.062347
0.034297 -0.053649 -0.034552
0.086624 0.004304 0.200385
0.128951 0.040022 0.042888
0.10037 0.083122 0.110435
0.066173 0.111371 0.063405
0.07198 -0.023286 0.204937
-0.021525 0.004928 0.195079
0.098509 -0.083083 0.057843
0.09783 0.083675 0.059207
0.058862 0.111371 0.052836
0.071624 -0.025506 -0.045552
0.046806 0.112528 0.046738
0.004266 0.093816 0.033771
0.086128 0.005661 -0.043977
0.034649 0.10092 0.13093
0.065646 -0.098413 0.048337
0.133611 0.021563 0.041462
0.125378 0.045384 0.119788
0.070633 -0.002739 0.208704
0.099714 -0.08301 0.10881
-0.027205 -0.081809 0.055783
0.023908 -0.04903 0.200385
-0.040365 0.060032 0.14047
0.011575 -0.112086 0.109319
0.064939 -0.09954 0.118651
0.070226 0.099332 0.111881
0.06392 -0.051122 0.195079
0.1238 -0.051403 0.04533
0.127099 -0.043091 0.120392
0.117504 -0.03289 0.007751
0.103598 -0.074418 0.090097
0.102812 -0.076811 0.057872
0.097398 -0.08398 0.059242
0.128754 -0.02664 0.123144
0.077867 0.098088 0.093103
0.055144 -0.054987 0.195079
0.099855 -0.081911 0.057048
0.123077 -0.047033 0.03377
0.063487 -0.079388 0.16712
0.10555 0.074875 0.110709
0.0682 -0.087874 0.017554
0.093728 -0.08221 0.062879
0.103276 -0.072413 0.111516
-0.032245 -0.001402 -0.015049
0.107504 0.073981 0.111372
0.05175 -0.111689 0.047617
0.102278 -0.076224 0.057942
0.098545 -0.082362 0.059206
0.125168 -0.04821 0.119385
0.081735 0.084408 0.023212
0.004566 -0.048657 0.195079
0.007969 0.111371 0.105764
-0.009315 0.048508 -0.020894
0.111658 -0.067305 0.113388
0.037745 -0.017356 0.213789
0.001693 0.099257 0.110736
-0.039362 -0.019122 0.175029
0.059683 0.098846 0.042562
0.096907 -0.082754 0.105349
0.051859 -0.11143 0.047365
0.126415 -0.042789 0.120314
0.095779 -0.083824 0.06295
0.111986 0.071161 0.114276
0.051177 -0.112294 0.117327
0.064551 0.100283 0.117763
0.032016 -0.016879 0.213789
0.004266 -0.093582 0.033771
0.000147 0.098356 0.058563
0.13611 -0.000193 0.038601
0.121748 0.037748 0.149782
0.011547 -0.098028 0.042509
0.067599 -0.11191 0.097278
0.097254 0.085996 0.102893
0.047211 -0.111689 0.045337
0.098305 0.06237 0.007751
0.130485 -0.02383 0.14047
0.071242 -0.09925 0.109106
0.033458 -0.034352 0.208705
0.1311 0.03264 0.090097
0.030369 -0.006355 0.215071
0.069355 -0.111137 0.093299
0.126777 0.045194 0.043195
0.036303 0.091177 0.012477
0.04059 -0.025676 0.211662
-0.037988 -0.052113 0.012477
0.123162 -0.047597 0.067645
0.036303 -0.072027 0.182358
-0.006167 -0.097098 0.100452
-0.006313 0.097665 0.090097
-0.053012 -0.015695 0.012477
0.015145 -0.027177 0.208705
0.09807 0.076164 0.057852
0.039549 -0.099391 0.034711
0.097332 0.085605 0.102909
0.095133 0.082645 0.104687
0.078141 -0.09711 0.073504
0.059023 0.101123 0.122206
0.073053 -0.099021 0.105674
0.034579 -0.09994 0.035155
-0.002052 -0.099374 0.100203
0.095549 -0.085828 0.062818
-0.041529 -0.071823 0.078572
0.094965 -0.08259 0.103941
0.005152 -0.112294 0.072052
0.093375 0.082825 0.064227
0.136243 -0.015341 0.126269
-0.037521 0.025563 0.175029
0.06871 -0.112086 0.091663
0.048236 -0.099723 0.037072
-0.005732 0.096335 0.110737
-0.067157 0.017451 0.067113
0.126375 0.04587 0.119997
0.03685 -0.060986 -0.030037
0.136457 0.014617 0.126766
0.133126 0.008172 0.14047
-0.038024 0.007225 -0.010592
0.026752 0.014795 0.213789
0.036303 -0.03447 0.208705
0.044614 0.015536 0.213789
0.129848 0.032686 0.067645
0.092573 -0.082732 0.099059
0.033083 0.100167 0.035215
0.044614 -0.015303 0.213789
0.061653 -0.099746 0.12182
0.047028 0.013953 0.213789
0.097482 0.082161 0.106567
0.073918 0.098891 0.105169
0.047352 -0.111137 0.044847
0.097835 -0.081038 0.060119
0.09573 -0.08338 0.062747
0.132346 -0.024195 0.107976
0.097827 -0.086134 0.096505
0.094668 0.082972 0.063501
0.097331 -0.077977 0.109327
0.08071 -0.082274 0.149782
0.097454 -0.083768 0.059584
0.118699 -0.029994 0.007751
0.063388 0.111371 0.107852
0.037537 0.111923 0.123035
0.124098 0.053031 0.119515
0.002218 0.09786 0.053724
0.1153 0.067301 0.117493
0.061743 -0.036267 -0.042824
0.136302 -0.008203 0.130815
0.097249 -0.08268 0.060658
0.033019 0.099231 0.034045
0.095612 0.085922 0.064026
0.123183 -0.053449 0.118584
-0.057851 0.015892 0.023212
0.054179 0.045492 -0.040393
0.076576 -0.098916 0.093666
0.06205 0.112528 0.059629
0.115135 -0.065401 0.049853
0.119871 0.056606 0.116917
0.118881 0.013953 0.16712
0.076849 0.097678 0.069386
0.099697 -0.082004 0.056312
0.097934 0.079622 0.130815
-0.003216 0.097505 0.065011
0.135929 -0.00568 0.03912
0.123718 -0.054201 0.120938
0.075294 0.016549 -0.046643
0.117799 -0.063574 0.118623
0.051484 -0.112086 0.048227
0.070907 0.043683 -0.037539
0.097974 0.082713 0.106592
0.104068 0.078249 0.054485
-0.004998 -0.097471 0.073098
-0.005261 -0.097854 0.093103
0.067173 0.046467 -0.037539
0.097723 0.082928 0.060092
-0.027868 0.031043 -0.014979
0.096611 -0.082969 0.10466
0.042439 0.111923 0.122397
-0.057851 -0.015658 0.023212
0.010493 -0.100008 0.12056
-0.018579 -0.0188 0.195079
0.130737 0.000119 0.041348
0.046383 -0.09904 0.035629
0.136853 -0.00978 0.126613
0.061324 -0.100054 0.121262
0.07703 0.098989 0.091383
0.137355 0.001354 0.128144
0.05014 0.031791 0.208704
-0.004362 0.097679 0.069892
0.086108 -0.092287 0.110737
0.097305 -0.084844 0.104218
0.095468 -0.085991 0.06355
0.093413 0.08276 0.063919
0.015275 0.11245 0.112998
0.101101 -0.07303 0.056586
0.129452 0.041409 0.122247
0.09803 -0.085763 0.083342
0.126586 -0.031003 0.023212
-0.06052 -0.042525 0.100452
-0.004424 -0.098755 0.091383
0.042212 0.112528 0.045318
0.095089 -0.082453 0.104535
0.028155 -0.098611 0.033771
0.114638 -0.060743 0.107976
0.091834 -0.082732 0.072397
0.087335 0.078544 0.149782
0.090639 -0.082732 0.06574
0.053705 -0.001331 0.213789
0.078593 -0.097188 0.077283
0.067263 0.032896 -0.044256
0.098109 -0.085372 0.083337
0.00541 -0.098066 0.049788
0.045176 -0.05745 -0.033781
0.093808 0.082807 0.063968
-0.064039 -0.03447 0.090097
0.035749 -0.058455 -0.032636
-0.031657 0.07424 0.130815
0.056152 0.101261 0.124226
0.041973 -0.016466 0.213789
0.133446 -0.024474 0.090097
0.077981 0.032735 -0.041019
0.099343 0.083272 0.108204
0.064671 -0.112294 0.101949
0.084244 0.061961 0.175029
0.09699 -0.083685 0.10422
-0.054145 -0.04903 0.120881
0.103816 0.077091 0.057263
0.107438 -0.074297 0.05482
0.028155 0.098845 0.033771
0.095556 -0.08414 0.064422
0.044431 -0.093165 0.017554
0.096301 0.08726 0.10319
0.097661 0.084814 0.077864
0.002521 0.111923 0.08313
0.073512 0.015983 -0.046301
0.037992 0.101661 0.130137
0.009485 -0.054913 -0.026879
0.012165 0.090565 0.017554
0.078574 -0.027612 0.200385
0.014734 0.059078 -0.026857
0.127089 0.038912 0.045487
-0.030916 0.022927 -0.014702
-0.039769 -0.070196 0.055783
0.063147 -0.098604 0.045793
0.097577 0.084154 0.058128
-0.005732 -0.006926 0.204937
-0.022591 0.065229 0.007751
0.032582 -0.11143 0.043156
-0.039362 -0.069819 0.120881
0.12954 0.016315 0.042066
0.069008 -0.11191 0.074518
0.02781 -0.002042 0.215071
0.023446 0.11245 0.047367
0.028017 0.100521 0.130815
0.120254 0.045733 0.023212
0.09989 -0.081815 0.057414
0.002105 0.037417 0.200385
0.078329 0.097366 0.074821
-0.056482 0.040981 0.044648
0.064354 -0.09958 0.119263
0.034598 -0.101427 0.130137
0.08488 -0.031749 0.195079
0.056536 -0.099319 0.040956
-0.061018 0.016423 0.033771
0.041971 0.058696 -0.032943
0.133975 -0.00553 0.041384
0.120948 0.056455 0.048144
0.127868 -0.040016 0.099062
0.051659 -0.100921 0.126944
-0.004344 -0.098593 0.092767
0.019643 0.100356 0.127657
0.039523 -0.099933 0.035215
0.096222 0.082183 0.105966
0.109315 -0.063858 0.052904
0.076189 -0.038668 -0.037539
0.081633 0.014199 -0.045861
0.07352 -0.098713 0.106016
-0.020931 0.088076 0.110737
0.13609 -0.000194 0.03817
0.068396 -0.112321 0.085906
0.004406 0.088108 0.017554
0.104949 -0.037183 0.175029
0.118558 -0.049604 0.048255
0.095434 -0.082639 0.062498
-0.068229 -0.00858 0.067113
0.102947 0.080195 0.110306
0.002623 -0.111137 0.089953
0.028164 0.112555 0.119929
0.095328 -0.08273 0.10319
0.074706 0.03769 -0.040072
0.003405 -0.0961 0.044648
0.079961 -0.013249 -0.046586
0.099811 -0.081809 0.055783
0.093767 -0.082707 0.064755
-0.005297 -0.097959 0.089958
0.093428 0.082954 0.065296
-0.004535 -0.098363 0.092844
0.03455 -0.100377 0.131625
0.110127 -0.068118 0.130815
0.133472 -0.024432 0.040215
0.065531 0.099732 0.118008
0.091707 0.082966 0.071566
-0.000536 0.099419 0.104908
0.027542 0.000117 0.215071
0.013877 -0.060979 -0.024191
0.056586 -0.037515 0.204937
0.095717 0.083068 0.103159
0.094161 0.082969 0.064253
0.106707 0.076242 0.111473
0.097344 0.085207 0.102911
-0.043166 0.037324 0.007751
0.124551 -0.047834 0.130815
0.000567 -0.056178 -0.021935
0.080766 -0.033203 -0.037539
0.042749 0.078219 0.175029
0.134388 0.012136 0.124571
0.058106 0.014419 0.211662
0.034638 0.100745 0.131266
0.111557 0.070528 0.113254
0.078065 -0.019994 -0.045998
0.048423 -0.101286 0.128046
0.024476 -0.012782 0.213789
0.118824 0.047952 0.022924
0.129518 0.034135 0.044237
0.111159 0.069173 0.053908
-0.005166 -0.098403 0.086052
0.077501 -0.033097 -0.041019
0.023397 0.058316 -0.030211
0.058997 0.085156 0.007751
0.122255 -0.046349 0.116787
0.117976 0.061461 0.047931
0.065141 -0.0188 0.208704
0.09621 -0.082801 0.104399
0.018705 0.111923 0.049044
0.067317 0.057657 0.189057
0.042237 0.006589 0.215071
0.097068 0.086357 0.103242
0.118899 -0.0547 0.067645
0.096968 0.082277 0.060878
0.063991 -0.099889 0.118742
0.097184 0.085926 0.103911
0.084968 -0.052961 0.182358
0.100713 -0.081624 0.109093
0.104263 0.07424 0.130815
0.019787 0.00581 0.213789
0.024183 0.10152 0.128046
0.068265 0.111371 0.09758
-0.06834 0.01765 0.090097
0.078132 0.098159 0.086129
0.069277 0.111923 0.091812
0.047023 -0.112086 0.045986
0.070914 0.099257 0.110736
0.006241 0.11232 0.066472
0.099407 -0.083659 0.109231
0.027994 0.095481 0.022924
0.078667 -0.097506 0.085284
0.095745 0.082216 0.061681
-0.032639 0.014688 -0.014613
-0.021284 -0.041093 -0.016011
0.022101 -0.099108 0.037353
0.028014 -0.100316 0.130674
-0.042881 0.061998 0.130815
0.092856 0.087028 0.055783
0.013381 -0.100372 0.122619
0.096196 -0.084916 0.061412
0.095246 0.083762 0.065255
0.092603 -0.082732 0.078838
0.025301 0.099072 0.035539
0.125415 0.044001 0.046564
-0.000846 0.034454 0.200385
-0.028122 -0.082992 0.067113
0.020592 0.094652 0.023212
0.095574 -0.084167 0.064652
0.137191 0.006934 0.1276
0.136046 0.016829 0.127881
0.100426 0.082992 0.11007
0.09511 -0.082875 0.063151
0.001722 0.099929 0.108778
0.128928 0.039946 0.043319
0.106391 0.046093 0.16712
0.050179 0.100569 0.128549
0.112239 0.044136 0.007751
0.036303 -0.09888 0.033532
0.132957 0.025145 0.123507
-0.017189 0.076821 0.017554
0.095741 -0.082853 0.102904
0.078574 -0.07831 0.158685
0.097124 -0.087036 0.083409
0.113888 -0.063723 0.052697
-0.018579 0.08446 0.130815
0.037968 -0.100511 0.131266
0.123468 -0.050815 0.047362
0.096988 0.085211 0.071824
-0.036685 -0.061375 0.022924
0.098277 -0.079207 0.059368
0.09746 0.084159 0.059178
0.126667 0.046036 0.120201
-0.002833 -0.098504 0.100675
0.034861 0.01759 0.213789
0.080694 -0.009315 -0.046814
0.123513 -0.04703 0.107976
0.004467 0.112555 0.088668
0.095622 -0.083983 0.063539
0.02828 0.00365 0.215071
0.128118 0.029275 0.122808
0.004511 0.09823 0.050918
-0.017327 0.045203 -0.017089
0.114413 -0.051122 0.149782
0.094147 -0.081883 0.062144
0.097306 0.082871 0.0606
-0.026066 -0.033557 -0.015485
0.097417 0.083484 0.090097
0.095945 0.08514 0.062441
0.065391 0.041253 -0.042086
0.078399 -0.096972 0.07345
0.095389 0.086721 0.065214
0.065219 -0.047796 -0.037063
0.075728 -0.098924 0.097539
0.01287 0.093027 0.023212
0.124906 0.038949 0.121149
0.044186 0.095632 0.023212
0.075095 -0.098567 0.101605
-0.002002 -0.087564 0.022924
-0.021005 0.031256 0.189057
0.036303 -0.095628 0.022924
0.134511 0.025773 0.126555
0.125618 -0.015696 0.012477
0.134851 0.016229 0.040148
0.094225 -0.082854 0.065249
0.070814 -0.098003 0.055262
0.128147 0.023698 0.042889
0.06392 -0.042326 0.200385
0.096062 0.084671 0.062326
0.095012 -0.086755 0.064443
0.093611 -0.073811 0.149782
0.095646 -0.082047 0.061795
-0.014018 0.004304 0.200385
0.095715 -0.085682 0.061329
-0.058827 0.008032 0.023212
0.003255 0.111371 0.093304
0.067235 0.1003 0.114237
0.01858 -0.11143 0.117457
0.046329 -0.099257 0.035936
-0.060968 -0.024615 0.130815
0.135867 0.005283 0.03952
0.129726 0.041263 0.124462
0.002447 -0.111137 0.089019
-0.005453 -0.097102 0.072998
-0.003912 -0.096956 0.065466
0.084525 -0.089351 0.044648
0.078574 0.027846 0.200385
0.027698 -0.11143 0.122037
0.020576 0.100386 0.128121
0.048698 -0.022881 0.211662
0.090517 0.082878 0.064561
0.095914 -0.082313 0.06181
0.121384 -0.054567 0.117541
0.023718 -0.112321 0.048123
0.100538 0.082987 0.110972
0.055144 0.055221 0.195079
0.124582 0.049975 0.045784
0.000598 -0.097228 0.055287
0.095234 0.083015 0.06287
0.094604 -0.082798 0.063738
0.018678 -0.098569 0.038227
0.057293 0.101206 0.123423
-0.031657 0.023542 0.182358
0.10217 0.081465 0.111029
0.077615 0.09468 0.120881
0.124551 -0.030301 0.149782
0.01954 0.112555 0.115597
0.032076 -0.098856 0.033761
-0.048518 0.055758 0.044648
0.097037 0.086295 0.103976
0.032638 0.112143 0.122498
0.002833 -0.097516 0.052319
0.016454 -0.101027 0.124226
0.005284 -0.085451 0.012477
0.055026 -0.112321 0.114064
0.10791 0.006075 0.182358
0.097498 0.085209 0.105404
0.118153 -0.060959 0.04784
0.043498 0.111371 0.043655
0.123706 -0.051443 0.044898
0.031511 -0.007247 0.215071
0.133116 0.023997 0.041764
0.083173 -0.001444 -0.046355
0.07336 0.079908 0.007751
0.046693 -0.112321 0.047131
-0.005423 -0.09782 0.078632
0.07633 -0.097918 0.068806
0.023446 0.11245 0.118892
0.026856 -0.059498 -0.030198
-0.02689 -0.068807 0.149782
0.096903 0.081728 0.106752
0.120306 -0.028838 0.158685
0.126539 0.034445 0.121985
-0.062363 0.000117 0.033771
0.062478 0.033883 0.204937
-0.005926 -0.097537 0.082387
0.069696 0.008608 0.208704
0.055575 -0.10033 0.125466
0.097886 -0.084198 0.096511
0.130737 0.000117 0.041348
0.114441 0.06587 0.114308
0.002281 -0.11143 0.08313
-0.024066 0.039572 -0.014297
0.059712 0.092932 0.022924
0.099603 0.083776 0.110737
-0.002127 0.0974 0.061397
0.133365 -0.024491 0.039359
-0.025292 -0.056815 0.16712
0.023557 -0.111137 0.045645
-0.00983 0.049619 -0.020031
0.004509 0.11232 0.071823
-0.027826 0.064506 0.012477
0.108129 0.050614 0.007751
0.099473 0.080461 0.108279
0.05881 -0.099893 0.124093
0.100799 -0.081848 0.109367
0.133089 -0.024728 0.078837
0.125645 0.047448 0.119626
0.12982 0.03426 0.044027
0.058637 -0.112321 0.110512
0.085515 -0.091187 0.055783
0.096695 -0.083458 0.103594
0.095626 0.08596 0.064346
0.060335 0.044704 0.200385
0.125519 -0.044419 0.046549
0.127274 -0.031922 0.122366
0.091477 0.081763 0.061529
0.137125 0.001344 0.126445
-0.008104 0.082507 0.149782
0.093531 -0.082391 0.063417
0.084052 -0.017421 -0.04326
0.037754 0.111371 0.042733
0.09573 0.085169 0.064439
-0.041747 -0.054755 0.022924
0.107347 -0.074093 0.055206
0.045448 -0.100305 0.130497
0.096693 0.083699 0.103537
0.097253 -0.084456 0.104124
0.118411 -0.052455 0.117971
0.099496 -0.03422 0.182358
0.025841 0.024064 0.211662
0.125812 -0.044585 0.04635
0.127252 -0.039284 0.045514
0.077388 -0.098057 0.094003
0.137383 0.001353 0.127708
0.068746 0.112528 0.085937
0.004757 -0.092146 0.14047
0.096142 0.082636 0.105163
-0.028122 0.083226 0.067113
0.130201 -0.038589 0.122374
0.044008 0.004304 0.215071
-0.002742 0.098665 0.101752
0.044589 0.100521 0.130815
-0.030867 0.056707 0.007751
0.098809 -0.079241 0.059344
0.108011 0.073917 0.054559
0.094023 0.080991 0.10762
0.097065 -0.086121 0.103278
0.020946 0.008462 0.213789
0.130608 -0.038961 0.123992
0.096696 -0.083486 0.103346
0.093365 0.082879 0.064561
0.074733 -0.097166 0.061397
0.019997 0.100499 0.127456
0.095362 0.08299 0.102818
0.107919 0.073714 0.054945
0.099496 -0.068807 0.149782
0.070911 0.030952 -0.044757
-0.048393 -0.022669 0.007751
0.136285 0.012389 0.125707
-0.056603 -0.008044 0.017554
0.069696 -0.008374 0.208704
0.098122 -0.083378 0.05721
0.124465 0.050175 0.044482
-0.030445 0.057169 0.007751
0.112402 -0.061723 0.11525
0.097039 -0.08605 0.104061
0.023318 0.11232 0.04701
0.094927 0.082904 0.103426
0.098359 -0.083214 0.057953
0.028969 -0.088753 0.158685
0.096361 0.08727 0.102705
0.025227 0.09894 0.035177
0.00378 0.11245 0.077472
0.036303 0.058378 0.195079
-0.035523 0.050614 0.007751
0.09729 0.084812 0.1029
0.032478 -0.101138 0.130192
0.121572 0.058167 0.119438
0.011635 -0.092322 0.022924
0.022997 -0.11143 0.046118
-0.03555 0.078486 0.090097
0.055622 -0.112086 0.051212
0.059736 -0.092793 0.023212
0.042957 -0.099341 0.035167
0.095821 -0.084982 0.065092
0.120079 -0.054541 0.099062
-0.0477 0.029072 0.158685
0.058881 -0.112294 0.055448
0.094756 -0.087036 0.064909
0.047976 -0.101295 0.128184
0.012453 0.09468 0.14047
0.124202 0.048407 0.090097
0.094441 0.0831 0.066276
0.018267 -0.061756 -0.02532
0.056586 -0.046311 0.200385
0.068884 -0.011113 0.208704
0.121021 0.056691 0.047292
0.109391 0.067235 0.107976
0.125859 0.032843 0.022924
-0.007539 -0.076127 0.007751
0.055464 0.076088 0.175029
0.097315 -0.083892 0.104911
0.020938 0.111371 0.047106
-0.04892 0.031261 0.012477
0.065141 0.08446 0.158685
0.097024 -0.081415 0.106868
0.062347 0.000117 0.211662
0.128918 0.040078 0.042453
0.009336 0.098597 0.045584
0.031045 0.052704 -0.033752
0.005498 -0.11143 0.06606
0.019178 0.11245 0.116299
0.093142 0.082966 0.090097
0.10791 -0.005841 0.182358
-0.063696 -0.008203 0.130815
0.009119 0.021361 0.208705
0.094668 0.082966 0.072294
0.066939 0.098798 0.050127
0.074348 -0.097998 0.062801
-0.049794 0.022008 0.158685
0.052819 -0.005576 0.213789
0.101994 -0.075951 0.057861
0.067317 0.040125 0.200385
-0.028636 -0.005286 0.189057
0.099605 -0.083572 0.109843
0.076368 -0.098316 0.097864
0.054551 -0.054872 -0.034449
0.093005 -0.061727 0.16712
0.098924 0.082542 0.058662
0.091336 -0.007006 -0.037539
-0.057576 0.016736 0.022924
-0.063394 -0.025232 0.120881
0.073672 0.099026 0.104999
-0.033726 -0.076263 0.055783
0.032093 0.057717 -0.032674
0.024184 0.062329 -0.026831
0.095375 0.082966 0.078171
0.090854 0.035902 0.189057
0.109548 0.068764 0.090097
0.072375 0.019339 -0.045965
0.097115 -0.083569 0.104739
-0.042239 -0.045413 0.012477
0.002083 -0.111137 0.08313
0.093917 0.083 0.065631
0.052294 -0.096101 0.14047
0.082543 -0.085674 0.14047
0.135897 0.005319 0.03782
-0.005807 -0.097652 0.090097
0.067317 -0.039891 0.200385
0.119925 -0.060569 0.118657
0.04059 0.025909 0.211662
0.03558 -0.008649 0.215071
0.092331 -0.080777 0.060566
0.092177 -0.082732 0.102425
0.131945 -0.033382 0.123308
0.097044 0.083364 0.105103
0.023059 0.053431 -0.031392
0.096087 -0.082865 0.07742
0.033491 0.061761 -0.029191
0.080957 -0.016688 -0.045644
-0.005732 -0.096101 0.110737
0.012337 -0.112321 0.057747
0.127633 0.040762 0.078837
0.134423 0.025791 0.126981
-0.017618 0.046202 -0.015997
0.05975 0.111923 0.054383
0.038027 0.100174 0.035155
0.117808 0.063813 0.118625
0.032133 0.007853 0.215071
0.051178 0.101441 0.126886
0.099665 -0.080103 0.108374
-0.009083 -0.084088 0.022924
0.005715 -0.111689 0.100079
0.127906 -0.040646 0.090097
0.130485 0.024064 0.14047
0.032153 -0.099381 0.034801
0.097362 0.084078 0.077904
-0.005009 -0.010387 0.204937
0.062871 0.100892 0.11881
0.015793 0.098818 0.040242
0.015482 -0.098273 0.039654
0.010959 0.023542 0.208705
0.076326 -0.051513 0.189057
0.007272 -0.099633 0.117748
0.123941 0.048263 0.078837
0.082093 -0.035668 0.195079
0.010817 0.111371 0.056137
0.044326 0.097332 0.14047
-0.069425 0.000117 0.100452
0.055231 -0.112294 0.114402
0.06497 0.11245 0.102148
0.117638 0.035938 0.158685
0.006241 0.11232 0.099788
0.00186 0.100193 0.108644
0.053527 0.003003 0.213789
-0.057576 -0.016502 0.022924
0.107137 0.072679 0.055957
-0.004321 0.098664 0.093822
0.135491 0.010758 0.039753
-0.015386 0.0423 -0.019643
0.098208 0.085996 0.090097
-0.045755 0.044705 0.149782
0.092153 0.082964 0.102585
0.12835 -0.033982 0.044562
0.027221 0.100672 0.130143
0.130428 0.008738 0.041534
-0.002387 -0.097151 0.062031
0.068897 -0.089801 0.022924
0.106391 0.054889 0.158685
0.134951 0.016323 0.03887
0.130587 -0.038893 0.123557
0.04064 -0.111137 0.123151
0.047288 0.111663 0.121191
-0.000316 -0.099668 0.104438
0.1044 0.073858 0.090097
0.054198 0.111371 0.117482
0.078919 -0.097431 0.090097
0.009012 0.100846 0.118137
-0.060968 0.024849 0.130815
-0.00708 -0.0511 -0.020799
0.094523 -0.082908 0.064268
0.07533 -0.017071 0.204937
0.065763 -0.111689 0.102673
0.100669 0.082439 0.109553
-0.00472 0.098876 0.089769
0.025427 0.099465 0.036181
-0.001605 -0.098614 0.104518
0.06375 -0.097846 0.044815
0.060955 -0.111137 0.055198
0.001149 0.099311 0.109295
0.127444 0.046609 0.121534
0.056214 -0.111137 0.116027
0.098065 -0.086134 0.090097
0.004509 0.11232 0.094436
0.011827 0.099271 0.044013
0.132059 0.001454 0.124926
0.078116 -0.097908 0.08106
-0.051299 -0.023451 0.012477
0.018664 0.070053 0.182358
0.061492 -0.099754 0.121949
0.095698 0.081064 0.060623
0.110127 -0.02533 0.175029
0.014413 0.111371 0.052038
0.074653 -0.098943 0.101336
0.096105 0.08325 0.102934
0.065166 -0.031364 0.204937
0.135395 -0.015152 0.124885
-0.005231 -0.094955 0.055783
0.059208 -0.090698 0.149782
0.006263 0.055767 -0.025341
0.114062 -0.061421 0.067645
0.117069 0.046936 0.017554
0.012972 0.068352 0.182358
0.113512 -0.069419 0.115763
-0.061915 -0.024856 0.044648
0.111771 -0.069638 0.050997
-0.022327 0.07575 0.023212
0.036303 0.008913 0.215071
-0.017189 -0.076587 0.017554
-0.055763 0.024885 0.022924
-0.02385 0.065725 0.158685
0.05014 0.040587 0.204937
0.082581 -0.017085 -0.044603
-0.056603 0.008278 0.017554
0.107745 0.060307 0.017554
0.096584 0.081259 0.060637
0.098445 -0.08463 0.108617
0.036496 0.099641 0.03457
0.13387 -0.020489 0.12401
0.086352 -0.001512 -0.044055
0.078346 -0.024311 -0.044809
0.047288 -0.11143 0.121191
0.09785 -0.082119 0.106674
0.132791 0.021336 0.042275
0.024476 -0.071043 0.182358
0.094032 0.082206 0.062342
0.12547 -0.039562 0.056586
-0.032343 -0.037183 0.175029
0.095747 -0.084799 0.063578
0.018476 -0.111137 0.117657
0.10827 0.075581 0.11452
0.095744 0.078151 0.058767
0.130355 -0.034828 0.043171
-0.04718 0.065358 0.078572
0.070962 0.0402 -0.040781
-0.034737 0.0776 0.067113
0.069277 0.111923 0.074447
0.005667 -0.098564 0.050127
0.131208 -0.032596 0.130815
0.033935 0.100609 0.13159
0.096628 -0.083559 0.061354
0.065154 0.100041 0.117505
0.100383 0.082421 0.109084
0.095565 0.084391 0.064558
0.095746 0.082969 0.103904
0.122655 0.015405 0.007751
0.122365 0.056574 0.120878
0.100432 0.082638 0.109388
0.047028 -0.013719 0.213789
0.094862 0.08344 0.064753
0.129632 0.023126 0.123611
0.012082 0.096152 0.033771
0.12994 -0.021406 0.123776
0.036303 0.088156 0.007751
0.093673 0.088284 0.067113
-0.02025 0.087029 0.055783
0.120769 0.057229 0.117281
0.135499 -0.005632 0.040298
0.021937 -0.098716 0.03673
-0.00614 -0.097035 0.076439
-0.001358 -0.098749 0.104353
0.062478 -0.033649 0.204937
0.038827 0.050833 -0.036052
0.135694 -0.00565 0.039934
0.098305 -0.062136 0.007751
0.133099 0.021414 0.042057
0.007071 0.098911 0.048502
0.089949 0.01424 -0.037539
0.09806 -0.084973 0.096529
0.007363 -0.09802 0.047177
0.108241 -0.073433 0.054454
-0.057755 0.015876 0.022924
0.101242 0.00552 0.189057
0.134025 -0.013165 0.041519
0.032784 0.008172 0.215071
0.122655 -0.015171 0.007751
0.12019 0.056812 0.116969
0.129709 -0.038329 0.121784
0.134424 -0.022625 0.124468
0.010638 -0.100219 0.12032
0.121498 0.057944 0.118583
0.032784 0.112555 0.120938
0.11406 0.061658 0.067645
0.128677 -0.031577 0.116787
0.097468 0.083758 0.096467
0.042643 0.059849 -0.031491
-0.046297 -0.054067 0.033771
0.123466 0.052515 0.118592
0.069925 -0.098321 0.054194
-0.019113 0.085281 0.044648
0.108284 -0.0736 0.054035
0.095358 -0.082755 0.102849
0.096299 0.087019 0.071964
0.136733 0.012508 0.12734
0.077773 -0.098029 0.077348
0.012453 -0.010387 0.211662
0.075436 -0.097698 0.0652
0.006538 0.11245 0.099623
0.004776 0.098725 0.051244
0.094997 -0.082967 0.063471
0.111968 0.019355 0.175029
0.095718 0.085136 0.064171
0.063565 0.099064 0.046517
0.095289 0.086472 0.063039
0.09672 0.083745 0.103045
0.131258 0.023494 0.042843
0.070501 -0.037183 0.200385
0.09704 -0.086091 0.103691
0.02463 0.101529 0.128184
-0.06267 0.0167 0.130815
0.073244 0.099405 0.10469
0.097259 0.080074 0.059752
-0.00783 -0.048018 0.189057
0.001364 0.099484 0.109106
0.022523 -0.010652 0.213789
0.069089 0.11245 0.085966
0.095606 -0.084189 0.06489
0.001451 0.097802 0.054943
0.096267 0.08723 0.103667
0.135801 0.014457 0.125238
0.105954 -0.069641 0.112555
0.06205 0.112528 0.106631
0.042041 -0.100484 0.130844
0.095823 0.083068 0.062245
0.094204 -0.080602 0.107778
0.064671 0.112528 0.101949
0.008886 -0.112216 0.061689
-0.051508 0.057719 0.067113
-0.006388 -0.039342 0.195079
0.100852 -0.08205 0.109673
0.095646 -0.085562 0.063319
0.097715 0.085209 0.077857
0.018476 0.111371 0.117657
-0.001533 0.097999 0.061766
0.036303 0.095862 0.022924
0.037745 0.01759 0.213789
0.104924 -0.074728 0.044648
0.040473 0.050642 0.200385
0.131265 0.030322 0.122688
0.096835 0.08151 0.060681
-0.03805 0.048891 0.158685
-0.000602 -0.099624 0.103805
0.063487 0.079622 0.16712
0.00412 0.112528 0.088728
0.097169 -0.084035 0.104295
0.119737 -0.006825 0.16712
0.070432 0.111371 0.08313
0.070682 -0.09826 0.055391
-0.059153 0.000117 0.023212
0.098125 0.084432 0.090097
0.095166 0.086534 0.0621
0.126468 -0.045041 0.045424
0.135189 -0.013386 0.039939
0.126045 -0.04599 0.045663
0.002447 -0.111137 0.07724
0.029571 0.099181 0.034508
0.00786 0.099909 0.118387
-0.005968 0.078544 0.158685
-0.004216 -0.077864 0.007751
-0.023492 0.038826 -0.015409
0.061991 0.004421 0.211662
0.037026 0.008883 0.215071
0.130646 0.035877 0.122283
-0.025243 -0.032834 -0.016331
0.051702 -0.111137 0.119228
0.133618 -0.028169 0.124485
0.037504 -0.112216 0.044298
0.095882 0.086006 0.065883
0.097172 -0.084198 0.102875
-0.046297 0.054301 0.033771
-0.006292 -0.097383 0.085531
0.103674 0.067761 0.022924
-0.011339 0.082972 0.022924
0.095796 -0.084285 0.063153
0.093684 -0.081054 0.107257
0.086225 -0.092505 0.067113
0.123252 -0.042784 0.120316
0.023446 -0.112216 0.047367
0.136155 0.008387 0.090097
0.003953 -0.111689 0.071626
0.089167 0.048979 0.182358
0.006849 -0.112294 0.099451
-0.047417 0.065543 0.090097
0.108981 0.064517 0.053063
0.132346 0.024425 0.107976
0.130457 0.015892 0.023212
0.078148 0.098023 0.090027
0.105481 0.068697 0.054679
0.022594 -0.100724 0.127945
0.133074 0.031029 0.124514
0.060935 0.008608 0.211662
0.121174 -0.056074 0.047639
0.027758 0.111923 0.044496
0.095657 0.085987 0.06467
0.030684 0.101633 0.129728
0.027647 -0.111137 0.043995
0.076149 -0.073811 0.16712
0.126667 -0.045275 0.044615
0.133739 -0.028411 0.126606
-0.036288 0.067213 0.033771
0.069416 0.11232 0.080265
0.025516 0.100001 0.03667
0.069995 -0.111689 0.080215
0.131282 0.00846 0.022924
0.097117 0.084398 0.103395
0.082543 0.020482 0.200385
-0.056958 0.000117 0.017554
-0.001131 -0.098922 0.104196
0.096837 0.086674 0.103638
0.12577 0.039327 0.116787
0.063163 -0.037656 -0.043039
0.131611 0.029193 0.042853
0.086225 0.092739 0.067113
-0.054053 0.039911 0.033771
0.050291 -0.086748 0.007751
0.097431 0.08556 0.1056
-0.052668 0.039302 0.14047
0.067542 0.097921 0.049358
0.125713 -0.048556 0.119846
0.12088 0.056805 0.046418
-0.056138 0.023621 0.022924
0.09446 -0.082435 0.06309
0.096492 -0.082865 0.096365
0.056571 0.100354 0.125219
0.07807 0.013418 -0.04692
0.036303 -0.093565 0.149782
0.119135 -0.054415 0.049685
0.124449 -0.045022 0.046987
0.12961 0.0159 0.042024
0.100281 0.083217 0.110805
0.096449 -0.081525 0.060992
0.102229 0.079106 0.109322
0.022059 -0.021774 0.211662
-0.006434 0.09741 0.081082
0.100775 -0.079013 0.108932
0.019357 -0.112294 0.115952
0.097472 -0.080865 0.06024
0.097785 0.08387 0.058858
0.093024 0.080427 0.06002
0.093411 -0.082528 0.063927
0.077414 0.09793 0.073138
0.124106 -0.044866 0.046984
0.005715 0.111923 0.066181
0.097022 0.087016 0.07795
0.020109 0.092333 0.017554
0.095761 -0.085388 0.062648
0.00188 -0.050989 -0.025018
-0.036593 -0.01413 -0.010973
0.099022 -0.07948 0.05937
0.096075 -0.082961 0.103522
0.094845 0.081627 0.061326
-0.035304 0.006075 0.182358
-0.006388 0.065725 0.175029
0.122547 0.051946 0.118206
0.097386 -0.083356 0.105436
0.053585 0.09972 0.039286
0.098518 0.083953 0.107246
0.01026 -0.098663 0.045059
0.09655 -0.082865 0.083451
0.107782 0.066184 0.14047
0.109331 0.06856 0.078837
0.125549 -0.037043 0.121475
0.134516 0.025696 0.125683
0.042005 -0.100659 0.130511
0.07198 -0.081547 0.158685
0.108119 -0.073853 0.052695
0.06839 -0.112216 0.074681
0.014216 0.100647 0.123245
0.059612 0.053471 0.195079
0.1345 -0.019009 0.039145
0.052698 -0.030301 0.208704
0.042148 -0.112321 0.045726
0.078413 0.097886 0.090097
0.047045 0.049565 -0.038298
-0.020399 -0.061727 0.16712
0.096603 -0.086592 0.104771
0.077416 -0.097077 0.069748
0.074471 -0.099178 0.101218
0.134 0.016023 0.041505
-0.002622 0.056144 -0.019924
-0.055728 -0.049889 0.110737
0.128369 0.024885 0.022924
0.125274 0.039302 0.14047
0.120731 -0.054181 0.1175
0.036303 -0.083942 0.16712
0.13205 -0.029669 0.041849
0.095464 -0.086076 0.064111
-0.052209 -0.057945 0.100452
0.066302 -0.09766 0.047436
0.018901 0.001565 0.213789
0.030633 -0.016466 0.213789
0.015751 0.016178 0.211662
0.0145 -0.086329 0.158685
0.06811 0.038169 -0.042923
0.040004 0.099226 0.034084
0.136704 0.012523 0.127776
0.094131 0.004928 0.195079
0.107745 -0.060073 0.017554
0.093728 -0.052961 0.175029
0.004757 0.09238 0.14047
0.012994 0.035938 0.204937
0.100285 -0.080871 0.108515
0.095889 -0.085411 0.061593
0.077871 0.097734 0.074896
0.022661 -0.100971 0.127693
0.042927 -0.099595 0.035439
0.118903 -0.054067 0.03377
0.135345 -0.009588 0.124833
0.097979 0.079035 0.099062
0.045854 0.057583 0.195079
0.102104 -0.071652 0.14047
0.081711 -0.013614 -0.045886
0.070586 -0.097455 0.053531
0.135646 0.020237 0.12673
0.02197 0.098952 0.036716
0.118361 -0.044471 0.149782
0.124815 -0.007247 0.158685
0.051177 0.112528 0.117327
0.073169 -0.097266 0.058014
0.067314 0.11232 0.09715
0.133446 -0.024468 0.039783
0.100736 -0.082577 0.111092
-0.033707 -0.018279 -0.013337
0.055231 0.112528 0.051857
0.096738 -0.080167 0.059999
0.053485 0.10047 0.127012
0.073993 -0.098017 0.06186
-0.004942 -0.096938 0.069149
0.007718 -0.099665 0.118235
0.096802 0.084333 0.060726
0.12708 0.039901 0.107976
0.101915 0.080757 0.109639
-0.068587 0.000117 0.067113
0.037545 -0.11143 0.042942
0.097061 -0.083525 0.077282
0.073783 -0.085674 0.149782
0.015743 -0.098581 0.040274
0.004509 -0.112086 0.071823
0.020591 -0.094418 0.023212
0.106036 -0.07763 0.113633
0.098675 -0.081569 0.107455
0.065141 -0.084226 0.158685
-0.033351 0.076088 0.120881
0.032172 -0.099636 0.035076
0.003953 0.111923 0.094634
0.01602 -0.046311 0.200385
0.096935 0.084816 0.071835
0.103674 -0.067527 0.022924
0.121748 -0.037515 0.149782
0.005489 -0.112321 0.094088
0.053847 -0.098573 0.038186
0.069416 -0.112086 0.085995
0.114932 0.066347 0.114722
0.0948 -0.08263 0.06314
0.06497 -0.112216 0.064112
0.104117 0.077605 0.056641
0.060524 -0.095918 0.033771
0.097478 0.085811 0.107708
0.135974 0.005314 0.038242
0.09666 -0.08678 0.102768
0.103637 -0.078128 0.0565
0.042519 0.111371 0.043353
-0.046093 -0.029994 0.007751
0.052498 0.092333 0.017554
0.131758 0.000117 0.023212
0.044592 -0.100316 0.130676
0.096434 0.083471 0.102991
-0.034791 -0.009802 -0.013588
-0.022327 -0.075516 0.023212
0.073355 0.099597 0.10392
0.101465 0.000117 0.189057
0.027847 0.024849 0.211662
0.134659 -0.022699 0.124796
-0.005244 0.098318 0.078949
-0.052668 -0.039068 0.14047
-0.001865 0.099411 0.101218
-0.069787 0.000117 0.090097
0.107958 0.074522 0.111759
0.073277 -0.098848 0.10584
-0.035304 -0.005841 0.182358
0.131574 -0.027501 0.123027
0.115487 -0.027177 0.16712
0.135855 -0.008241 0.078837
0.056214 0.111371 0.050232
-0.000846 -0.068807 0.175029
0.131772 -0.026639 0.123135
0.003724 -0.11143 0.094716
0.115869 0.061956 0.115244
0.096771 0.084609 0.060427
0.057461 0.061998 0.189057
0.12665 -0.00782 0.012477
0.136046 0.012349 0.125376
0.009744 -0.111137 0.108481
0.101646 0.060513 0.158685
0.01602 0.037748 0.204937
0.05661 -0.099043 0.040754
0.103423 -0.077667 0.057224
0.047122 0.112143 0.120615
0.069272 -0.033213 -0.044263
0.050291 0.086982 0.007751
0.094247 -0.08262 0.063718
0.055698 -0.100155 0.125764
-0.029498 0.029097 0.182358
0.09547 0.086218 0.06351
0.132279 0.029593 0.040931
0.133215 -0.024257 0.041457
0.129288 -0.007619 0.149782
-0.003183 0.098578 0.100451
0.038023 0.101134 0.130623
0.094854 -0.083133 0.064235
0.023456 0.077417 0.175029
0.078898 0.097617 0.085531
0.074313 -0.097538 0.061656
0.076652 0.098485 0.096893
0.041944 -0.101122 0.129947
0.102159 0.081507 0.111208
0.067502 -0.041432 -0.041366
0.10204 0.081001 0.109972
0.098886 -0.081849 0.10752
0.130716 0.034787 0.042274
-0.023644 0.071848 0.017554
0.067186 -0.09949 0.115571
0.073815 -0.098672 0.105392
0.114845 0.045647 0.012477
0.042334 -0.112086 0.121723
0.059295 -0.038697 -0.0421
-0.064039 0.000117 0.130815
0.097428 -0.086781 0.083387
0.017142 -0.075854 0.175029
0.037553 -0.111137 0.123553
0.125392 -0.045524 0.046588
0.063703 -0.100342 0.118309
0.064411 -0.100059 0.117913
0.102104 -0.028863 0.182358
0.111102 0.063711 0.114685
0.060935 -0.008374 0.211662
0.097307 0.085194 0.103207
0.110208 -0.067758 0.090097
0.012271 0.044704 0.200385
0.011282 0.100288 0.121262
0.124701 0.039514 0.121044
0.040194 0.100734 0.131094
0.097439 0.084021 0.105266
0.096958 0.083958 0.103998
0.096432 -0.083134 0.103887
-0.004004 0.09238 0.130815
0.097605 -0.08678 0.090097
0.067007 0.11245 0.069249
0.135582 0.010784 0.039335
0.000821 -0.097365 0.055477
0.108156 0.000117 0.182358
-0.025928 -0.080162 0.044648
0.086514 0.023937 -0.037539
0.098257 -0.083316 0.05758
0.115641 -0.057023 0.11669
-0.062026 0.008298 0.033771
0.096905 -0.07806 0.033771
0.00744 0.066185 0.182358
0.094815 0.081648 0.061359
0.059675 0.052132 -0.035709
0.130453 0.016042 0.045725
0.085251 -0.012329 0.200385
-0.04175 0.072261 0.090097
0.096084 -0.081689 0.106375
0.071958 0.036119 -0.042776
0.131034 0.028983 0.043336
0.012708 0.098463 0.041983
0.124271 -0.047439 0.099062
0.119544 0.056411 0.116936
0.09741 -0.085634 0.106847
0.114165 -0.060731 0.033771
0.018841 0.000117 0.213789
0.097673 0.085602 0.107408
0.052497 -0.092099 0.017554
0.017462 -0.054987 0.195079
0.096886 0.086438 0.106247
0.008887 0.11245 0.061689
0.005309 0.090766 0.023212
0.095497 -0.085917 0.063183
-0.006388 -0.065491 0.175029
0.114356 0.000117 0.175029
0.010965 0.111664 0.056294
0.098775 0.083094 0.05723
0.043549 0.100875 0.130228
-0.028636 -0.083655 0.100452
-0.015716 -0.074475 0.012477
0.019908 0.048068 0.200385
0.101608 -0.074112 0.110875
-0.054145 -0.02288 0.149782
0.097852 -0.085193 0.107735
0.051734 -0.100674 0.127192
0.021874 0.098819 0.036365
0.037546 0.111664 0.123318
0.09641 0.083451 0.103245
0.130357 0.028774 0.043574
0.070633 0.002973 0.208704
-0.028636 0.083889 0.100452
0.099122 0.084261 0.109876
0.133875 0.025413 0.124164
0.027572 0.000843 0.215071
0.051694 -0.051133 -0.038196
0.052014 -0.094418 0.023212
0.102834 0.075928 0.057704
0.090516 -0.082621 0.064394
0.077295 0.09731 0.069235
0.029857 -0.077985 0.175029
0.096052 0.080837 0.060388
0.072599 -0.097869 0.05845
0.072693 0.023511 -0.04587
0.018561 -0.098436 0.037891
-0.013619 -0.092505 0.067113
0.002796 -0.111909 0.08313
0.100299 0.082184 0.108814
-0.062026 -0.008064 0.033771
0.078801 0.009659 -0.047141
0.093238 -0.080016 0.05988
-0.059056 0.000117 0.022924
0.018078 -0.060574 -0.026629
-0.008084 0.046147 -0.022085
-0.011479 -0.041835 -0.021186
0.05059 0.055529 -0.035191
0.098119 -0.084386 0.106858
-0.005483 -0.097301 0.074861
0.073399 -0.097129 0.057843
0.089441 -0.023286 0.195079
0.071449 -0.021401 -0.045692
0.111335 0.070278 0.11302
0.09666 0.087014 0.102768
0.077625 -0.098326 0.088903
0.094686 0.087227 0.064275
0.019178 -0.112216 0.116299
0.126102 -0.048862 0.120518
0.001402 -0.099903 0.107834
-0.003543 0.031256 0.200385
0.011635 0.092556 0.022924
0.03391 -0.05192 -0.034599
0.037553 0.111371 0.123553
0.027916 -0.101359 0.129131
0.076754 -0.097924 0.070679
0.130171 -0.034719 0.04353
0.038015 0.101383 0.130358
0.106533 0.075988 0.111187
0.030922 -0.006825 0.215071
0.131432 0.036535 0.125362
0.069995 -0.111689 0.086045
0.109961 -0.073565 0.114259
-0.006313 0.000117 0.204937
0.130457 -0.015658 0.023212
0.027992 0.015536 0.213789
-0.034558 -0.001475 -0.014053
0.096653 0.083171 0.104779
0.047488 0.03283 0.208704
0.065256 0.11232 0.063922
-0.027826 -0.064272 0.012477
0.090931 -0.068661 0.007751
0.025578 -0.013719 0.213789
0.078994 -0.039342 0.195079
0.123 -0.050458 0.047923
0.079516 0.002493 -0.047357
0.136155 -0.008157 0.090097
0.01283 0.088074 0.012477
0.009047 0.098093 0.044648
0.080711 -0.024013 0.200385
0.033071 0.09988 0.034986
0.080766 0.033437 -0.037539
0.056443 0.100529 0.124924
0.062452 0.099933 0.121107
0.095859 -0.082622 0.104433
0.097525 0.08371 0.059842
0.004509 -0.112086 0.094436
0.098558 -0.084426 0.108279
0.091837 0.000117 -0.037539
0.051334 -0.112216 0.117688
0.081305 0.027929 -0.041019
0.077901 -0.097279 0.073553
0.073337 -0.026384 -0.04549
0.098426 -0.083076 0.05832
0.028075 0.112528 0.045928
0.031511 0.007481 0.215071
0.133834 -0.028306 0.125308
0.114702 0.066112 0.114483
0.038454 -0.00841 0.215071
0.111582 0.07019 0.051579
0.135681 -0.004132 0.125022
0.054198 0.111371 0.048778
0.06395 0.039956 -0.042659
0.045034 -0.000609 0.215071
0.128581 -0.040524 0.042169
0.044042 0.100559 0.130815
0.123758 -0.051118 0.046619
0.053231 -0.004187 0.213789
-0.001201 -0.097101 0.058666
0.1211 0.022444 0.007751
0.064275 -0.100301 0.117713
0.132169 0.029662 0.040074
0.082823 -0.021451 -0.042837
0.012994 -0.035704 0.204937
0.097605 0.087014 0.090097
0.040476 0.099397 0.034486
0.065972 -0.11143 0.102812
-0.004857 -0.046204 -0.023143
0.010964 -0.11143 0.109966
0.040473 -0.007619 0.215071
0.059917 -0.11143 0.112081
0.033056 0.099625 0.034711
-0.041807 0.04256 0.158685
0.017462 0.029072 0.208705
0.135873 -0.008133 0.099062
0.128193 -0.040353 0.130815
0.072272 0.097443 0.055784
0.136212 0.000115 0.099062
-0.020931 -0.087842 0.110737
0.12877 -0.040266 0.042992
-0.03555 0.000117 0.182358
0.109384 0.063976 0.052868
0.097542 0.084433 0.07788
0.134986 -0.022828 0.125566
0.014323 0.100892 0.123018
0.050732 -0.098586 0.036365
0.062258 -0.002042 0.211662
-0.001066 -0.098792 0.104999
0.020607 -0.094322 0.022924
0.117461 0.063541 0.120881
0.08457 0.006302 -0.045264
0.08484 -0.00148 -0.045354
0.095041 -0.0863 0.061303
-0.041529 0.072057 0.078572
0.115321 0.061503 0.099062
-0.005987 0.097422 0.077283
0.097417 -0.085342 0.10555
0.011605 0.098268 0.042419
0.006313 0.082847 0.007751
-0.001714 0.099671 0.101114
0.106086 0.075436 0.110805
0.12593 -0.048716 0.120159
0.091499 -0.006024 -0.037539
0.067599 0.112143 0.068981
0.053102 0.043867 -0.04027
0.117847 0.061762 0.115907
0.096811 -0.083314 0.10442
0.101379 -0.079727 0.10902
0.094167 0.083057 0.064873
-0.052261 0.058213 0.078572
0.015494 0.112528 0.053574
0.050083 0.010886 0.213789
0.128334 0.015536 0.149782
0.077676 -0.001311 -0.047351
0.006007 0.088723 0.149782
0.003153 0.112143 0.088897
0.127495 0.046846 0.122829
0.096913 -0.08323 0.104762
0.033991 0.101381 0.130323
0.097269 -0.085331 0.103605
0.128805 -0.023628 0.045725
0.015494 -0.112294 0.112686
0.003709 0.090035 0.022924
-0.009937 -0.085674 0.14047
0.120619 0.053603 0.049212
0.001692 -0.099023 0.110736
0.131672 0.009052 0.124714
-0.002166 0.053926 -0.022168
0.028605 -0.098796 0.034315
0.115772 0.037324 0.007751
0.096607 0.086646 0.106462
0.074694 0.03771 -0.040067
0.136231 0.014546 0.125939
0.095977 0.026398 0.189057
0.095102 -0.08244 0.104585
0.000626 -0.023286 0.204937
-0.033855 -0.064729 0.022924
0.020108 -0.092099 0.017554
-0.014729 0.027846 0.195079
0.037754 0.111371 0.123526
0.064015 -0.033677 -0.043495
0.135534 0.020157 0.125872
0.075822 -0.097271 0.065011
0.03864 -0.100684 0.130892
0.052855 -0.094142 0.022924
0.122592 -0.055512 0.118775
0.045913 -0.058583 -0.032307
0.07336 0.097643 0.058984
0.1285 -0.043949 0.122079
0.135838 -0.005666 0.039538
0.130796 -0.024139 0.056586
-0.033785 -0.054655 0.158685
0.12958 0.041517 0.122644
0.098287 0.085605 0.090097
0.090514 0.082871 0.064497
0.062893 0.111371 0.108505
0.047211 0.111923 0.045337
0.05195 -0.111137 0.047156
0.00744 -0.065951 0.182358
0.009926 -0.099685 0.120881
-0.069425 0.008913 0.090097
0.055144 0.029072 0.208704
0.119583 -0.059998 0.11706
0.066556 -0.100382 0.114787
0.096725 -0.082865 0.090097
0.069089 0.11245 0.080293
0.032582 0.111664 0.123104
0.026752 -0.014561 0.213789
0.095559 -0.085859 0.061771
0.130588 -0.029072 0.043557
0.003724 0.111664 0.071544
0.075608 0.033608 -0.042301
0.096575 0.086976 0.103657
0.080436 0.048252 0.189057
-0.03127 -0.026709 -0.013283
0.098813 0.082134 0.107456
0.134358 0.00518 0.041267
0.136691 0.001337 0.125741
0.019037 0.099446 0.039036
0.055622 0.11232 0.115048
0.095092 0.082686 0.104534
0.036303 -0.087922 0.007751
0.015896 -0.099986 0.125534
0.064364 0.112555 0.064514
-0.004216 0.078098 0.007751
0.003722 0.095407 0.130815
0.116134 0.052485 0.022924
0.096263 -0.086987 0.10377
0.097572 0.080928 0.107685
0.028959 -0.100332 0.130916
0.127079 -0.03967 0.107976
0.047341 0.099071 0.03555
0.01182 -0.112216 0.057199
0.066599 0.088723 0.149782
0.027992 -0.015303 0.213789
0.012041 0.098787 0.043244
0.096932 -0.083776 0.103645
0.136934 0.006889 0.126337
0.06958 0.039252 -0.042023
0.095735 0.084591 0.06344
0.036303 -0.097431 0.14047
0.093363 0.082892 0.064643
0.124159 -0.050506 0.044648
0.133126 -0.007939 0.14047
0.095209 0.083549 0.063706
0.093762 0.082925 0.064628
-0.004375 0.097181 0.067114
0.078532 -0.097483 0.081075
-0.029642 -0.066095 0.017554
0.026752 0.057583 0.195079
0.029857 0.006075 0.215071
0.133306 0.024072 0.041402
-0.043528 -0.052251 0.022924
0.047028 -0.064417 0.189057
0.036303 0.065543 0.189057
-0.025292 -0.048018 0.175029
0.122616 -0.056025 0.120881
0.095445 -0.083632 0.063629
-0.047131 -0.006825 0.16712
0.099887 -0.080352 0.108369
0.133154 0.031097 0.124936
0.015145 0.061998 0.189057
0.017234 0.101022 0.124958
0.135906 0.006799 0.125123
0.106842 0.076472 0.111812
0.099048 -0.084041 0.110314
0.01454 -0.11143 0.114041
0.068596 0.098663 0.052311
0.102164 -0.081226 0.111031
0.059776 0.088074 0.012477
0.095438 0.083099 0.072138
0.025808 -0.100799 0.129089
0.075284 -0.097947 0.065276
0.009173 0.112528 0.104346
0.094928 -0.083031 0.06373
0.088459 0.080272 0.022924
0.122256 0.04658 0.116787
0.071236 0.098205 0.055965
0.042274 0.11245 0.121341
0.116973 0.061087 0.115566
0.094933 0.07575 0.023212
0.040501 0.099221 0.034136
0.049704 0.054244 -0.036436
0.113545 0.065158 0.114205
0.131755 -0.007792 0.12476
0.125871 -0.045845 0.046019
0.00534 0.090674 0.022924
0.036303 -0.100377 0.131627
0.029289 -0.042088 0.204937
0.1224 -0.021774 0.158685
0.041359 -0.101404 0.129791
-0.003245 -0.099115 0.096498
0.095997 0.085352 0.061877
0.095429 0.0824 0.105398
0.12316 0.047835 0.067645
0.007613 -0.100017 0.117282
0.135723 0.005269 0.039916
0.096016 -0.083252 0.071296
-0.002489 0.0988 0.101605
0.109933 0.040125 0.16712
0.095616 -0.085706 0.064163
0.081393 -0.001402 -0.047031
0.072008 0.097462 0.055287
0.100432 0.064506 0.012477
0.087335 -0.027612 0.195079
-0.002997 0.060514 0.182358
0.106461 0.064963 0.022924
0.086796 0.093798 0.090097
0.067849 -0.092146 0.14047
0.067657 -0.028863 0.204937
0.004217 0.112143 0.09454
0.130089 0.034383 0.043761
0.043217 -0.005286 0.215071
0.10001 -0.08091 0.058544
-0.069064 -0.008649 0.100452
0.015751 -0.08137 0.16712
0.095334 -0.082866 0.07144
0.005964 0.112143 0.066319
-0.006313 -0.097431 0.090097
0.044008 0.093479 0.149782
0.005246 -0.09786 0.049583
0.121969 -0.054969 0.117859
0.028164 -0.112321 0.119929
0.099337 -0.082708 0.108019
0.061647 0.07424 0.175029
0.052294 -0.006926 0.213789
0.074502 -0.018755 -0.046408
0.115319 -0.061272 0.099062
0.010763 -0.100463 0.120107
0.109933 -0.039891 0.16712
-0.010268 0.050662 -0.019006
0.080145 -0.076127 0.007751
0.132252 0.029636 0.040498
-0.059753 0.042422 0.067113
0.098591 -0.079012 0.059271
0.096606 0.087004 0.103216
0.032661 -0.099642 0.035024
0.110602 -0.067914 0.054299
0.070501 0.063566 0.182358
0.00412 -0.112294 0.077531
0.124996 0.047106 0.119421
0.133922 0.000115 0.116787
0.099797 0.080757 0.058954
0.034573 -0.100686 0.130926
0.01858 0.111664 0.048802
0.025265 -0.098837 0.03555
0.0973 -0.087036 0.090097
0.029134 -0.101103 0.129667
0.096724 -0.081252 0.107033
0.097437 0.085742 0.106223
0.046445 -0.098864 0.03529
0.077903 -0.097959 0.089958
0.097558 -0.085765 0.077211
-0.037327 -0.057423 0.149782
0.099265 0.082999 0.107949
0.010865 -0.100734 0.119928
0.059559 -0.11191 0.054617
0.097667 -0.08539 0.108049
0.067712 0.112555 0.07486
-0.004396 -0.093044 0.044648
0.016035 -0.10012 0.125219
0.128147 -0.016143 0.017554
0.086321 0.002741 -0.044044
0.13178 0.000119 0.045725
0.095691 -0.083029 0.071365
0.059634 0.025563 0.208704
0.039587 -0.098997 0.034045
0.011143 0.111923 0.056483
0.045854 -0.057349 0.195079
0.021684 -0.087842 0.158685
0.135008 0.005217 0.040882
0.097211 -0.085614 0.104433
0.063591 0.034422 -0.04337
0.021685 0.009706 0.213789
-0.005434 0.098131 0.089021
0.006849 0.112528 0.099451
0.110027 0.067819 0.099062
0.131614 0.03043 0.122776
0.029857 -0.005841 0.215071
-0.005831 -0.096328 0.067113
0.018879 -0.098959 0.038826
0.094795 0.083264 0.06618
-0.005525 0.097791 0.077324
-0.046275 0.064651 0.110737
0.067007 -0.112216 0.097011
0.093427 -0.081277 0.107
0.13155 -0.010549 0.124648
-0.045031 0.035938 0.158685
0.096405 0.083424 0.103494
0.118075 0.061419 0.048368
0.041973 -0.033998 0.208705
0.068897 0.090035 0.022924
0.096476 0.083484 0.102729
0.031341 0.054425 -0.033683
-0.031842 0.02342 -0.013862
0.092236 0.082671 0.104597
0.098449 -0.082702 0.059007
0.097338 -0.084349 0.104663
0.046917 -0.112216 0.046353
0.122342 -0.052872 0.118006
0.101973 0.08086 0.109762
0.097272 0.085571 0.103539
0.008686 0.051356 0.195079
0.014413 -0.111137 0.052038
0.015533 0.098509 0.039621
-0.013502 0.008462 0.200385
0.096936 0.084043 0.103344
-0.001209 0.098905 0.105392
0.133457 0.000117 0.14047
0.036109 -0.099189 0.034253
0.115487 0.061998 0.130815
0.094463 -0.079012 0.059271
0.122073 -0.049899 0.048302
0.127475 0.040429 0.12086
-0.045292 0.063882 0.055783
0.106046 -0.077032 0.111498
-0.051301 0.014795 0.158685
0.09991 0.08097 0.108311
0.121208 0.054004 0.048901
0.121865 0.047123 0.056586
0.069511 0.111663 0.074386
0.095384 0.083392 0.063115
0.030565 0.100718 0.130844
0.10302 0.080779 0.111996
0.055799 -0.11191 0.115341
0.126225 -0.048991 0.120913
-0.029384 -0.031632 -0.012888
0.096109 -0.082766 0.096326
0.028399 0.090831 0.012477
-0.017662 0.083052 0.033771
0.004467 -0.112321 0.088668
0.061183 -0.100266 0.121018
-0.043609 0.052538 0.023212
0.133496 -0.008043 0.056586
0.06808 -0.11143 0.068764
0.111897 0.071537 0.116019
0.019357 0.112528 0.115952
0.110303 -0.067661 0.05432
0.069909 -0.100051 0.109976
0.089795 -0.076587 0.017554
0.072998 0.098074 0.05925
0.102127 -0.080979 0.110351
0.075439 0.098738 0.100675
-0.021525 -0.004694 0.195079
0.133624 -0.016189 0.03377
0.060054 -0.111137 0.05401
0.003479 -0.098385 0.053012
0.132251 0.029536 0.041361
0.076949 0.009352 -0.047135
0.132132 0.016173 0.14047
-0.057 0.000117 0.149782
0.133457 0.024301 0.039304
0.123184 -0.01113 0.007751
0.093142 -0.082732 0.090097
0.114907 -0.063107 0.114807
0.096531 -0.083034 0.104395
0.128894 0.032419 0.044243
-0.066741 0.00869 0.055783
0.103987 0.07736 0.05698
0.011143 -0.111689 0.109777
0.077981 -0.032502 -0.041019
0.094565 -0.082732 0.071602
0.130454 -0.015805 0.045725
0.043647 0.100566 0.130916
0.134853 -0.013306 0.040699
0.092133 0.08282 0.103964
0.036303 0.042906 0.204937
0.136485 0.014642 0.127201
0.134062 0.021785 0.039857
0.010817 -0.111137 0.110123
0.011143 0.111923 0.109777
0.002673 -0.076862 0.16712
-0.005265 -0.0975 0.074896
0.131761 0.008023 0.124763
0.101968 -0.080623 0.109768
-0.029764 -0.051513 0.16712
0.095252 -0.086416 0.064067
-0.033424 -0.001439 -0.014622
0.084623 0.027442 -0.037539
0.006025 -0.082493 0.007751
0.106977 0.076955 0.113051
-0.021005 -0.031022 0.189057
0.104397 -0.073627 0.090097
0.12153 0.058233 0.119879
0.071511 0.099636 0.108116
0.053604 0.100336 0.127341
-0.004782 0.098291 0.094003
0.075603 0.042981 0.195079
-0.051945 0.030535 0.149782
0.11651 -0.064474 0.115641
-0.069125 -0.008654 0.078572
0.01954 -0.112321 0.115597
0.076149 0.031256 0.200385
-0.010657 0.087243 0.033771
0.134861 0.016556 0.099062
0.093005 0.061961 0.16712
0.097556 0.084376 0.105402
0.105957 -0.017593 0.182358
0.131445 -0.033157 0.122712
0.052855 0.094376 0.022924
0.129606 0.000117 0.149782
0.025477 0.099717 0.036448
-0.058386 -0.041586 0.055783
0.043444 0.101614 0.129448
0.099496 0.034454 0.182358
0.100671 0.082777 0.110237
0.077517 0.098206 0.074949
0.003028 -0.097688 0.052521
-0.047563 0.045687 0.022924
0.106804 -0.071652 0.055948
0.00877 0.100333 0.118512
0.128573 -0.044046 0.122501
0.017945 -0.053054 -0.029881
0.096914 -0.086476 0.102821
0.047023 -0.112086 0.120273
-0.033785 -0.045859 0.16712
0.095168 0.083597 0.063935
0.098411 -0.08318 0.05747
0.042212 0.112528 0.120942
0.114089 -0.006355 0.175029
-0.032001 -0.027206 -0.012194
0.005048 -0.099616 0.114625
0.107746 0.074257 0.111532
0.037527 0.112143 0.04355
0.02814 0.099016 0.034454
0.126208 0.031234 0.044019
0.05975 0.111923 0.111877
0.014926 0.061555 -0.024463
0.005289 0.057657 0.189057
0.015065 -0.112086 0.113296
0.001818 0.098486 0.055579
0.052681 -0.052554 -0.037243
-0.006342 -0.097089 0.078572
0.066174 0.111371 0.102855
0.02184 -0.098584 0.036379
0.002881 -0.111689 0.088944
0.12359 0.038963 0.045725
0.093537 -0.087842 0.110737
0.089949 -0.014006 -0.037539
0.102456 0.079402 0.109472
0.097716 0.086711 0.083979
0.037478 0.112555 0.045119
-0.033351 -0.017593 0.182358
0.131325 0.036227 0.123241
0.110024 -0.067587 0.099062
0.123624 -0.054233 0.121371
0.067112 0.100568 0.114081
0.022997 -0.11143 0.120142
0.101187 -0.079486 0.108946
0.115184 -0.065203 0.050735
0.066687 0.112528 0.069394
0.076623 -0.097919 0.070002
0.022466 0.031791 0.208705
0.100953 0.07063 0.023212
-0.044463 -0.046702 0.017554
0.056855 -0.015944 0.211662
0.059355 0.100394 0.122874
0.095737 -0.084354 0.063426
0.055464 -0.017593 0.211662
0.054728 -0.099421 0.039936
0.036303 0.050815 0.200385
0.063413 -0.098154 0.045349
0.008195 0.100293 0.117913
0.036303 -0.017416 0.213789
0.097344 -0.084973 0.102911
0.117979 0.053402 0.117771
0.006025 0.082727 0.007751
0.124735 0.043692 0.046631
0.001633 0.098006 0.055112
0.052819 0.099491 0.130815
0.076326 0.051747 0.189057
0.095041 0.087007 0.064703
0.010817 0.111371 0.110123
0.062761 0.098272 0.044342
-0.013859 -0.072085 0.007751
0.093732 0.082441 0.062871
0.027698 0.111664 0.044222
0.062582 0.11232 0.059144
0.074396 0.097984 0.062387
0.123943 -0.048026 0.078837
0.000793 -0.054991 -0.022992
-0.001707 0.097771 0.061656
0.106301 -0.072768 0.056297
0.002644 -0.11143 0.077274
0.119628 0.055312 0.049742
0.096073 -0.084427 0.062298
0.096955 -0.083729 0.103973
-0.046218 -0.047718 0.022924
0.104949 -0.063332 0.149782
0.077604 0.097705 0.073098
0.027828 -0.11191 0.044811
0.032437 -0.100675 0.130759
0.052694 0.098731 0.037268
0.093005 0.044429 0.182358
0.124783 -0.045186 0.04692
0.0973 -0.084156 0.058886
0.095276 -0.086453 0.064442
-0.035553 0.015642 -0.012108
0.067856 -0.111689 0.097395
-0.016561 -0.048745 0.182358
0.097514 0.083949 0.059521
0.098125 -0.084198 0.090097
0.132601 -0.015948 0.116787
0.003722 -0.011113 0.208705
0.115441 0.067195 0.116609
0.124866 -0.044093 0.046753
0.01954 0.112555 0.050662
0.09643 -0.083236 0.103016
0.111083 0.070019 0.112852
-0.022591 -0.064995 0.007751
0.076412 0.098656 0.096783
0.023198 -0.11191 0.119581
-0.026809 -0.034242 -0.014503
0.105534 -0.076269 0.110651
-0.004004 0.01401 0.204937
-0.061492 0.033826 0.055783
0.13195 0.024436 0.03377
0.005576 -0.058961 -0.02205
0.123638 -0.050976 0.047009
0.044207 0.090831 0.012477
0.097181 -0.08325 0.096437
0.09756 0.083759 0.08399
-0.029547 -0.025621 -0.015095
0.126386 -0.024119 0.017554
-0.00283 0.097932 0.0652
0.13369 0.015965 0.041725
0.09868 0.081846 0.059481
0.097316 -0.081617 0.106751
0.027905 0.11232 0.121099
0.026307 0.111371 0.044536
0.0963 -0.083527 0.071236
0.040473 0.007853 0.215071
0.129504 0.023706 0.123543
0.096587 -0.086434 0.106396
0.106136 -0.077233 0.111881
0.101718 0.078514 0.109245
0.119787 -0.060671 0.119535
0.051016 -0.112321 0.116957
0.078089 0.097535 0.074861
-0.053253 -0.032609 0.022924
0.027887 -0.087485 0.007751
0.117461 -0.063307 0.120881
0.134512 0.014255 0.124468
0.096408 -0.083212 0.103299
0.052543 0.097832 0.033771
0.111701 -0.069144 0.053171
0.032745 -0.112294 0.044909
0.135433 -0.011136 0.039789
0.076084 0.029367 -0.044088
0.007667 0.099774 0.118651
0.04813 -0.012782 0.213789
-0.055945 0.050242 0.067113
-0.005704 0.097916 0.081068
0.087335 -0.07831 0.149782
0.132241 -0.033769 0.125795
0.098572 -0.082949 0.058211
0.047909 0.051224 -0.03801
-0.019123 -0.038466 -0.018554
0.135113 0.01222 0.124703
0.09722 -0.08398 0.104556
0.1224 -0.056361 0.120881
0.109933 0.057657 0.149782
0.07784 -0.098352 0.085148
0.06392 0.051356 0.195079
0.011348 -0.11191 0.0567
0.128851 0.039851 0.043737
0.09589 0.083963 0.062659
0.091185 -0.0188 0.195079
-0.001387 0.098251 0.06186
0.126133 -0.046416 0.043557
0.032707 -0.112216 0.044505
0.095756 -0.085368 0.064794
-0.014729 -0.07831 0.149782
0.098599 -0.082782 0.058566
0.133632 0.010508 0.041594
0.117461 -0.020518 0.16712
0.05944 -0.099131 0.042943
0.135565 0.006775 0.124957
0.078919 0.097665 0.090097
0.102928 0.080809 0.112446
0.095048 -0.08162 0.061607
0.130182 0.016736 0.022924
0.032707 -0.112216 0.121755
-0.012362 -0.052961 0.182358
-0.004998 -0.097991 0.093014
0.131946 0.030539 0.122931
0.134614 -0.013261 0.041023
0.09714 -0.083548 0.10482
0.128494 0.033772 0.044478
0.065141 0.019034 0.208704
0.064854 0.100493 0.117086
0.102248 -0.066095 0.017554
0.10282 0.079954 0.109971
-0.04822 0.03969 0.017554
0.075907 0.020702 -0.046266
0.114254 0.064699 0.052516
0.135518 0.010831 0.038053
0.077369 -0.096938 0.06843
0.007184 0.051405 -0.026701
0.096245 -0.084267 0.061905
0.097458 -0.085018 0.10526
0.10206 -0.080811 0.110046
0.05203 -0.100152 0.128121
0.095648 0.085886 0.059924
-0.064039 0.034704 0.090097
0.028598 -0.093245 0.149782
0.106817 -0.073329 0.056058
0.013029 -0.098856 0.042789
0.041095 -0.057945 0.195079
0.098656 0.083144 0.056859
0.074689 -0.037444 -0.040066
-0.02435 -0.032083 -0.01703
0.069984 0.097614 0.052103
0.00202 0.097689 0.053531
0.061843 0.100697 0.120107
0.126295 -0.049099 0.121333
-0.005019 0.09856 0.088903
0.043317 0.016173 0.213789
0.009845 -0.098038 0.044342
0.099204 -0.083953 0.109952
0.097888 -0.086135 0.083353
-0.033444 0.024328 -0.011811
0.086116 -0.005758 -0.043973
0.0977 0.084031 0.058496
0.095377 -0.083785 0.06449
0.040592 0.099088 0.033771
0.038655 -0.100508 0.131228
0.113291 0.013016 0.175029
0.092226 0.082686 0.104534
0.120213 0.055728 0.049436
0.095471 -0.085832 0.060258
0.097287 0.085172 0.103494
0.077253 0.098177 0.073171
0.002957 -0.097406 0.051657
0.105913 -0.0768 0.111159
0.095821 0.085216 0.065092
0.029098 -0.100855 0.129928
0.022523 0.08303 0.16712
-0.016835 0.081781 0.14047
-0.014795 -0.047118 -0.017778
0.111631 0.058985 0.023212
0.050708 -0.049585 -0.038818
0.10086 -0.082377 0.110358
0.096866 0.086529 0.104701
0.113631 -0.059963 0.115793
0.094929 -0.082662 0.103492
0.094856 0.083362 0.064207
0.071077 0.026789 -0.04539
0.07661 -0.013776 0.204937
0.136013 -0.000194 0.037748
0.130182 -0.016502 0.022924
0.096456 -0.078843 0.067645
0.120169 0.045687 0.022924
0.09807 0.080607 0.107964
0.034658 0.101135 0.130626
0.004217 -0.111909 0.071719
0.078776 -0.097314 0.081079
0.042237 -0.071781 0.182358
0.103648 0.073042 0.107976
0.094321 0.081991 0.061908
0.065763 0.111923 0.063586
0.118498 -0.038367 0.012477
0.102104 0.071885 0.14047
0.057816 0.09947 0.041832
0.097596 -0.08458 0.077206
0.118866 -0.059371 0.116323
0.094909 -0.083238 0.065086
-0.05439 0.000117 0.012477
0.011348 0.112143 0.0567
0.097921 -0.083408 0.106231
0.134696 0.005199 0.041104
0.032608 -0.111689 0.043438
0.090541 0.082941 0.065108
-0.031068 -0.067527 0.022924
0.126684 0.044779 0.045301
0.005289 0.040125 0.200385
-0.051945 0.048068 0.130815
0.032459 -0.100889 0.130456
0.073737 0.099156 0.104196
-0.005705 -0.097737 0.082372
0.130511 -0.038808 0.123135
0.002697 0.100285 0.109976
0.135912 -0.015254 0.125496
0.106507 -0.071398 0.055882
0.095442 0.083869 0.063642
0.094968 0.082959 0.102763
0.026223 0.099274 0.035629
-0.005167 0.098263 0.077348
0.095721 -0.084571 0.064845
0.095559 -0.084084 0.064044
0.130465 -0.0328 0.122258
0.068746 -0.112294 0.080323
0.099866 0.0814 0.108256
0.084809 0.00269 -0.045344
0.097484 -0.084989 0.105357
0.027847 -0.033412 0.208705
0.008441 0.099948 0.118994
0.052543 -0.097598 0.033771
-0.035176 0.066185 0.14047
0.055622 -0.112086 0.115048
0.128111 -0.040124 0.090097
0.095893 -0.087041 0.071322
0.095508 0.082341 0.105524
0.095509 -0.082107 0.105524
0.078948 0.097323 0.078572
0.135026 0.001315 0.124927
0.09742 0.084235 0.057762
0.017142 0.076088 0.175029
0.015494 0.112528 0.112686
-0.003204 -0.098344 0.100452
0.1211 -0.02221 0.007751
0.120306 0.055221 0.130815
0.095951 -0.082545 0.104718
-0.016835 -0.023286 0.195079
0.096151 -0.081643 0.106444
-0.045031 -0.035704 0.158685
0.066593 0.03698 -0.043455
0.123907 -0.014561 0.158685
0.067317 -0.057423 0.189057
0.055799 0.112143 0.115341
0.05912 0.11245 0.111104
0.04915 0.077417 0.175029
0.096236 0.085291 0.060843
0.078029 0.098054 0.078632
-0.049711 0.016935 0.007751
0.065256 -0.112086 0.102337
0.09314 0.082966 0.089405
0.081735 -0.084174 0.023212
0.00534 -0.090441 0.022924
-0.006061 0.09774 0.085284
0.042081 -0.10035 0.131203
0.004112 -0.111137 0.069688
-0.03555 -0.078252 0.090097
0.077682 -0.09816 0.089891
-0.005793 0.097206 0.07345
0.051624 0.112143 0.118353
-0.003403 -0.098858 0.096583
0.011423 0.100499 0.121018
0.118293 -0.060729 0.049155
0.09829 -0.084795 0.108962
0.097383 -0.085103 0.10494
0.119737 0.007058 0.16712
0.126546 -0.029857 0.043824
0.119357 -0.05407 0.107976
0.072546 0.031929 -0.044291
0.12046 0.05593 0.049188
-0.046844 0.027837 0.007751
0.121951 0.054709 0.047605
0.130569 -0.03501 0.04236
0.092109 -0.082706 0.103071
-0.045032 -0.053237 0.14047
0.058657 -0.100027 0.123788
0.069089 -0.112216 0.080293
0.044326 0.00365 0.215071
0.130879 -0.016019 0.124282
0.023718 0.112555 0.118136
0.09451 0.080578 0.107976
0.117665 0.054119 0.056586
0.05195 0.111371 0.119104
0.111968 -0.06982 0.120881
-0.010657 -0.087009 0.033771
0.13695 -0.008257 0.128388
0.028657 -0.098928 0.034685
0.049891 0.101481 0.127483
0.012894 -0.092698 0.022924
0.015946 -0.09904 0.040785
0.107782 -0.031364 0.175029
0.027905 -0.112086 0.121099
-0.0477 -0.028838 0.158685
0.128193 0.040587 0.130815
-0.03824 -0.068782 0.044648
0.097969 0.085996 0.096519
0.096602 -0.086768 0.10326
0.008331 0.100535 0.117713
0.095945 0.082966 0.090097
-0.017367 -0.036572 -0.019446
-0.005679 0.097961 0.089083
-0.011454 0.088723 0.130815
0.076781 -0.097671 0.069952
0.133212 -0.010835 0.041661
0.070788 -0.098252 0.055579
0.117504 0.033124 0.007751
0.001263 -0.09964 0.107965
0.132299 0.023744 0.042573
0.129473 -0.023468 0.123527
0.095397 0.083762 0.066015
0.133575 -0.010872 0.041629
0.042519 -0.111137 0.122907
0.013398 -0.090698 0.149782
-0.054044 -0.007819 0.012477
0.123718 0.052699 0.118848
-0.012645 -0.090698 0.120881
-0.005345 0.09839 0.081049
0.002552 0.098297 0.054058
0.059898 -0.09823 0.041983
0.000683 -0.099022 0.108468
0.097918 0.08507 0.106831
0.094989 0.087278 0.066127
0.108222 -0.073813 0.053143
-0.00551 -0.097963 0.082355
0.097317 0.07819 0.10933
0.067712 0.112555 0.0914
0.095808 0.085615 0.065096
0.059808 0.098635 0.042305
0.121435 0.058266 0.120314
0.078773 0.00365 0.204937
0.017829 -0.056274 -0.029302
-0.022045 0.037227 -0.017248
0.132133 -0.029741 0.041432
0.070432 -0.111137 0.086082
-0.016561 -0.057541 0.175029
-0.057 0.050815 0.090097
0.004124 0.112555 0.08313
0.131336 0.008023 0.022924
0.076121 -0.099036 0.095383
0.131237 -0.032608 0.040623
0.094925 0.083268 0.063744
0.00334 -0.100125 0.11105
-0.050258 -0.056665 0.055783
0.06995 0.111371 0.089952
0.114414 0.04256 0.158685
0.127419 -0.043249 0.120534
0.135351 0.000115 0.107976
0.106066 -0.075976 0.053605
0.137163 0.006942 0.128035
0.115851 -0.056676 0.116787
0.070234 0.111663 0.086065
0.05839 -0.100413 0.123245
0.064164 -0.100571 0.117542
0.05995 0.09846 0.042022
0.096833 0.083529 0.104502
0.107481 -0.074466 0.0544
-0.060851 0.042906 0.090097
0.093358 0.081816 0.105194
0.043035 -0.098947 0.034508
0.077463 -0.005032 -0.047288
0.042439 -0.111689 0.043862
0.038454 -0.025943 0.211662
0.08117 -0.005364 -0.046962
0.122571 0.044542 0.119978
0.002105 -0.063332 0.182358
0.12384 -0.051335 0.045768
0.027828 0.112143 0.121448
0.127485 -0.03117 0.122477
0.070949 -0.042215 -0.038806
0.046693 0.112555 0.047131
0.096839 0.083485 0.077974
0.063231 0.111663 0.107708
0.09683 -0.084582 0.071125
0.070884 -0.099695 0.108778
0.094837 -0.087044 0.06537
0.09719 0.085961 0.103578
-0.002205 -0.099115 0.100304
0.025578 0.064651 0.189057
-0.049794 -0.021774 0.158685
0.034861 -0.017356 0.213789
-0.035264 0.006817 -0.013452
0.011575 -0.112086 0.056941
0.012453 -0.094446 0.14047
0.134619 -0.009522 0.1247
0.02842 0.095632 0.023212
0.012994 -0.053237 0.195079
0.067266 0.090674 0.022924
0.060841 -0.098168 0.042715
0.130969 0.033076 0.090097
0.094179 -0.082834 0.06498
0.003385 0.099698 0.11233
-0.020399 0.044429 0.182358
0.118285 0.062185 0.116454
0.09452 -0.082968 0.064671
0.132531 -0.016081 0.042075
-0.045892 -0.038367 0.012477
0.101447 0.078235 0.109318
0.095497 0.083812 0.063404
0.124218 0.05317 0.119908
0.093611 0.074045 0.149782
0.098929 -0.079921 0.059482
0.099415 -0.082979 0.108275
0.095886 -0.080711 0.060516
0.036303 0.01765 0.213789
0.135965 -0.005691 0.038691
0.102021 0.081621 0.11211
0.045706 0.058724 -0.032253
0.135153 0.010695 0.040513
0.099348 -0.08377 0.110574
0.029107 -0.111137 0.122583
0.109291 0.061609 0.022924
0.105957 0.017827 0.182358
0.06871 -0.112086 0.074597
0.029162 -0.10138 0.129448
0.126751 0.023114 0.149782
0.02991 0.025466 0.211662
0.003353 -0.098127 0.052871
0.075616 -0.097471 0.065111
-0.0367 -0.010216 -0.011794
0.041095 0.007481 0.215071
0.052768 0.055895 -0.034007
0.022919 -0.111137 0.120358
0.089441 -0.081547 0.14047
0.016809 0.085869 0.007751
0.137193 -0.004216 0.126806
0.081689 -0.084089 0.022924
0.13 0.028676 0.043593
0.130501 0.034608 0.043084
0.013949 0.100261 0.123788
0.070234 -0.11143 0.086065
0.106844 0.077055 0.11395
0.095719 0.083622 0.062771
-0.041483 -0.006355 0.175029
-0.06267 -0.033998 0.110737
0.097736 0.080529 0.059938
0.098626 -0.084188 0.107956
0.099471 0.016178 0.189057
0.09707 0.086201 0.104584
0.096979 -0.086123 0.10545
0.036108 -0.099012 0.033902
0.023198 0.112143 0.119581
0.09667 0.086715 0.105292
0.003953 0.111923 0.071626
0.059295 0.038931 -0.0421
0.095211 -0.083312 0.063693
0.072922 0.099902 0.104438
-0.059526 -0.032914 0.044648
0.058106 -0.086329 0.158685
-0.035176 -0.065951 0.14047
0.130907 0.030219 0.122668
-0.023371 -0.076862 0.14047
0.070432 0.111371 0.086082
0.034626 0.100611 0.131628
0.007929 0.111664 0.105319
0.053527 -0.002769 0.213789
0.094874 -0.07544 0.022924
0.043933 -0.100325 0.130815
-0.007766 -0.05318 -0.018581
0.135123 -0.000188 0.040811
0.063388 -0.111137 0.058408
0.095143 -0.083409 0.064185
0.068265 0.111371 0.06868
0.095769 0.082999 0.078118
0.063231 -0.11143 0.107708
0.093398 -0.082707 0.065097
0.063046 -0.098871 0.04597
0.094131 -0.088753 0.100452
-0.004455 -0.097245 0.069314
0.030662 0.101356 0.129947
0.105741 -0.076544 0.110874
0.090932 0.068894 0.007751
0.097339 0.085394 0.104695
0.005371 -0.100066 0.114237
0.091499 0.006257 -0.037539
0.106571 -0.073049 0.056214
0.092282 -0.082382 0.104786
-0.032343 -0.063332 0.149782
0.06839 0.11245 0.091579
0.069221 -0.099464 0.11233
0.100957 0.081099 0.055783
0.125735 0.044541 0.11997
0.003101 -0.112086 0.08313
0.064165 -0.099714 0.118994
0.025748 -0.100586 0.129383
0.130318 0.0345 0.043444
0.069773 0.09775 0.052319
0.044759 0.033646 0.208705
0.1336 0.025326 0.123886
0.099149 0.082713 0.107737
0.104187 0.071765 0.111859
0.082543 0.085908 0.14047
-0.004183 -0.098848 0.092697
0.078773 0.097332 0.100452
0.062604 0.098446 0.044606
0.097797 0.084077 0.083974
0.133447 0.024704 0.090097
0.055464 0.017827 0.211662
0.001973 0.002973 0.208705
0.117588 0.060521 0.050701
0.097198 0.086014 0.10539
0.094191 -0.082685 0.064001
0.133987 0.010546 0.041496
0.09806 0.085207 0.096529
0.080436 -0.056815 0.182358
0.093531 -0.082732 0.06574
0.101809 -0.072436 0.056586
0.061991 -0.004187 0.211662
-0.028347 -0.070397 0.023212
0.100627 -0.082624 0.11146
0.126563 -0.039008 0.045595
0.101646 -0.06028 0.158685
0.136618 0.012533 0.128201
0.078413 -0.097653 0.090097
0.027887 0.087719 0.007751
0.12265 -0.053067 0.118135
0.077837 0.095189 0.055783
0.046247 -0.099794 0.036427
-0.017662 -0.082818 0.033771
0.127975 -0.043559 0.121005
0.117966 -0.060229 0.05031
0.098061 0.085996 0.083956
0.120949 -0.047708 0.119184
0.062346 0.098896 0.045059
0.032745 -0.112294 0.121351
0.043637 0.088987 0.158685
0.136095 0.001328 0.12523
0.006849 -0.112294 0.066809
0.050548 0.056595 0.195079
0.095395 -0.083811 0.064714
0.068574 -0.03736 -0.043066
0.095416 0.082999 0.102507
0.061772 -0.112321 0.106377
0.073452 0.034454 0.200385
0.073533 0.099361 0.104051
-0.03824 0.069016 0.044648
0.006508 -0.111137 0.102804
0.097385 -0.080518 0.060128
0.041684 -0.006825 0.215071
0.09814 0.085606 0.083951
0.102114 -0.081357 0.111659
-0.041747 0.054989 0.022924
-0.028859 -0.083942 0.090097
0.085546 0.010657 -0.043775
-0.065016 0.000117 0.044648
0.108054 0.074084 0.05414
0.015996 0.099277 0.040754
0.037491 -0.112294 0.121556
0.056629 -0.111137 0.05064
-0.018348 0.078484 0.022924
0.109399 -0.063743 0.052863
0.008129 -0.111689 0.061097
0.095582 -0.084037 0.063793
0.042274 -0.112216 0.044918
0.133088 0.024966 0.078837
