16172
0.101533 -0.061373 0.111734
-0.081914 -0.033602 0.096162
0.122289 0.006735 0.053015
0.073263 0.073672 0.065064
-0.01613 -0.090835 0.12914
0.089474 -0.0501 0.161479
-0.008943 0.064815 0.170034
-0.054384 0.068045 0.108982
0.007907 -0.09061 0.130652
0.106137 -0.056163 0.121151
0.086345 -0.064339 0.058116
0.007328 -0.052152 0.179053
0.078755 -0.068583 0.059698
0.037689 -0.071854 0.164505
0.120931 -0.023107 0.053318
-0.052198 -0.068811 0.115498
0.069066 0.070114 0.043553
0.061675 -0.080695 0.115305
0.016963 -0.07498 0.047859
0.07358 0.068717 0.048864
0.101986 -0.053401 0.045789
0.028554 -0.098099 0.105971
0.095679 0.059216 0.067306
0.038684 -0.079742 0.143031
-0.043226 -0.074286 0.125166
0.053709 -0.085789 0.108389
0.098243 -0.031145 0.164788
0.004464 0.056687 0.178089
0.10092 -0.047276 0.050535
0.067099 0.0795 0.104115
0.014882 0.072764 0.166067
-0.026736 -0.071455 0.152579
0.063944 0.080686 0.089732
-0.021472 -0.080379 0.128788
-0.005107 0.033331 0.189134
-0.047926 -0.066411 0.067584
0.07048 0.061417 0.159271
0.063826 -0.079835 0.073964
0.063888 -0.081425 0.082225
-0.049779 -0.069653 0.129112
0.085543 0.061081 0.034974
-0.082972 0.030719 0.10092
-0.077403 -0.041222 0.095143
-0.008266 0.004196 0.192781
0.118023 -0.034841 0.054292
0.0648 0.072 0.064614
0.057347 0.079027 0.080275
0.07016 0.039631 0.179314
0.019493 -0.098057 0.097084
-0.085573 0.0 0.097435
0.06634 -0.073302 0.139248
-0.084749 0.018785 0.098545
0.094646 -0.066517 0.081009
0.002612 0.0257 0.190438
0.072266 -0.070686 0.142364
-0.009495 0.091014 0.122946
0.077866 0.074251 0.093845
-0.085993 0.0 0.103866
-0.054778 0.06644 0.085249
0.063951 0.082181 0.112212
0.115867 0.021694 0.036617
-0.009351 -0.090986 0.122856
-0.077603 -0.04042 0.093932
0.110649 -0.038089 0.049684
0.041316 -0.081265 0.143413
0.105074 0.051685 0.067898
0.087694 0.069245 0.059515
-0.043139 -0.069651 0.063671
0.027 0.080116 0.149525
0.012516 -0.090903 0.131125
0.074896 0.069991 0.060424
0.082952 0.073189 0.105738
0.091398 0.064053 0.073968
-0.03366 0.07598 0.127402
0.075025 0.073202 0.081231
0.117683 -0.017839 0.060637
0.042704 -0.084622 0.129358
0.011614 0.090808 0.131035
0.066224 -0.076981 0.126845
-0.036558 0.076255 0.095447
-0.013571 -0.090903 0.11645
0.113173 0.030227 0.048602
0.091879 0.066218 0.126945
0.076672 -0.066948 0.144689
0.091046 -0.064187 0.061394
-0.00993 -0.086106 0.11338
0.06948 0.076316 0.064176
-0.033899 0.076976 0.08042
0.066093 0.063104 0.158902
0.04944 0.086026 0.122754
-0.08379 0.008534 0.100455
-0.020788 -0.090835 0.123855
-0.005626 -0.086106 0.097911
0.096181 0.066246 0.112037
-0.010321 -0.070535 0.159888
0.004098 0.080395 0.145607
0.004553 -0.046905 0.182256
0.065384 -0.066696 0.155106
-0.024544 0.072033 0.057154
0.011776 -0.077637 0.15422
-0.053402 0.068767 0.106941
-0.072267 -0.051212 0.104617
-0.083001 0.03074 0.1094
0.060277 -0.083015 0.119397
0.096325 0.070584 0.109013
0.030646 -0.090932 0.135566
0.090199 -0.031033 0.169247
0.116255 0.000114 0.048315
-0.073418 0.052187 0.092622
-0.013287 -0.090774 0.066677
0.122252 -0.018171 0.048906
0.008868 0.055995 0.177276
-0.037119 -0.071571 0.062029
0.072512 0.070839 0.061045
0.064055 -0.082028 0.104687
0.101159 -0.06111 0.056985
0.105812 0.022066 0.158204
-0.014967 0.057603 0.174223
0.101382 -0.056985 0.072237
0.115963 -0.004745 0.029259
0.100769 -0.059107 0.057059
-0.009042 -0.001841 0.191113
-0.046017 -0.072813 0.107404
0.078845 -0.064312 0.036233
0.113748 -0.0389 0.046918
0.117586 -0.032017 0.136185
0.026481 0.082738 0.147591
0.119926 0.022357 0.043243
-0.03625 0.071371 0.139473
0.059017 0.048729 0.177368
-0.05737 0.067861 0.113268
0.066353 0.077713 0.066917
0.067177 0.076684 0.071376
0.032081 -0.079402 0.150764
0.04342 -0.073379 0.152572
0.065203 -0.073825 0.065674
0.056912 0.078063 0.075171
-0.038974 -0.068171 0.143509
-0.008889 -0.061409 0.170952
0.089977 0.071237 0.118225
0.018784 0.079471 0.155372
0.003716 0.000114 0.193082
0.067103 0.081508 0.110628
-0.070997 0.055491 0.092611
-0.003352 -0.096328 0.110496
0.119406 0.032094 0.049208
-0.020668 0.065532 0.164396
-0.079908 0.034991 0.099844
0.08996 -0.069055 0.105334
0.005402 0.048981 0.181305
0.096007 0.054383 0.055761
0.072327 -0.07399 0.082436
-0.07426 0.047336 0.092625
-0.056512 -0.067937 0.117071
0.08759 0.067237 0.059535
0.044415 0.081439 0.141606
0.013136 0.09815 0.096009
0.108764 -0.053172 0.121461
-0.057683 -0.067493 0.090622
0.120317 0.028091 0.132828
-0.023024 -0.078787 0.138783
-0.05483 0.067259 0.078255
-0.056798 -0.066227 0.094103
0.059554 0.080684 0.122152
-0.036984 0.070115 0.141614
-0.009079 0.090723 0.1227
0.097141 0.056161 0.043554
0.125868 0.000116 0.132198
0.028847 0.079862 0.150002
-0.019132 -0.079563 0.132592
0.040114 0.000113 0.194392
0.09633 -0.065402 0.104973
0.121216 -0.024868 0.055558
0.097714 0.059948 0.071153
0.113887 0.007233 0.047231
0.072945 -0.043524 0.174096
-0.040151 0.075295 0.111743
0.107212 -0.042687 0.14546
0.088515 0.066613 0.075247
0.053932 -0.06142 0.166229
0.11585 0.016207 0.029307
0.032281 -0.077518 0.1506
0.005729 -0.090986 0.130615
-0.037676 0.070342 0.058124
0.072152 -0.075295 0.062792
0.061731 -0.084402 0.105874
0.05866 -0.077996 0.069061
0.050415 0.066559 0.161652
0.121038 0.010159 0.055744
-0.025281 -0.071875 0.057292
0.073965 -0.07341 0.064779
0.028957 -0.081447 0.150852
0.107511 -0.05098 0.058286
-0.017072 0.073348 0.05575
-0.060297 -0.063963 0.10548
0.058391 0.083294 0.123191
0.055252 0.083083 0.129705
0.112197 0.00856 0.047793
-0.009156 -0.087946 0.117411
0.09876 -0.058672 0.070702
0.066965 0.077754 0.086704
0.087181 0.055578 0.153404
0.059002 0.080325 0.078501
0.039853 0.090987 0.111034
-0.001578 -0.082531 0.142513
0.102356 0.059289 0.120704
0.005353 -0.060928 0.177062
0.117165 -0.013052 0.057312
0.101037 0.058603 0.075595
-0.072743 0.050054 0.09387
0.120533 0.017194 0.063309
-0.08517 0.013757 0.116958
0.114669 -0.003652 0.029585
0.071205 0.074479 0.066153
0.098633 0.060157 0.055963
0.04621 0.071159 0.156195
0.109896 -0.037451 0.030401
-0.002715 0.089173 0.135955
-0.077887 -0.044275 0.093059
0.119934 0.031298 0.136169
0.038395 0.057854 0.176529
-0.038574 -0.075637 0.081642
0.100588 -0.057663 0.047348
-0.059931 -0.063368 0.114788
0.11122 -0.045924 0.057589
-0.041975 -0.071783 0.078701
0.021439 0.082775 0.141408
0.030707 -0.07892 0.152074
0.124139 0.000963 0.052668
0.008444 -0.065523 0.173496
0.120061 0.030602 0.049829
0.118984 -0.03699 0.053636
0.000845 0.074738 0.050888
-0.02519 0.040942 0.1799
0.027877 0.098159 0.113598
-0.027221 0.079871 0.120622
0.016997 -0.09061 0.13063
0.107347 0.060159 0.105983
0.102674 0.056622 0.130386
0.119505 0.02803 0.052042
-0.043288 0.068706 0.06789
0.008607 -0.070227 0.165757
0.01172 0.084095 0.142537
0.005657 0.098169 0.121174
-0.05488 -0.063431 0.071678
-0.048293 0.071522 0.098555
0.003271 -0.066303 0.16936
0.022354 0.078491 0.157509
-0.0016 -0.096328 0.115103
0.053562 -0.084856 0.092602
-0.024277 -0.071683 0.153923
0.099274 0.058672 0.053226
0.053009 -0.062766 0.165021
0.036177 -0.06299 0.169075
-0.003622 -0.098169 0.106178
0.050694 0.084161 0.120098
0.062159 0.078742 0.067764
-0.040464 -0.071749 0.075647
0.019288 0.096328 0.120526
0.12016 -0.004712 0.05192
-0.041269 0.074883 0.101756
0.094121 0.055883 0.033363
0.039339 -0.090774 0.112673
0.029918 0.085111 0.139151
0.122689 0.0 0.054188
0.116389 -0.004806 0.029179
0.087048 -0.064006 0.049309
0.064233 0.078801 0.103135
-0.015028 0.089173 0.066609
0.124133 0.002387 0.052669
0.069627 0.070072 0.062192
0.024002 -0.072433 0.159859
0.049603 0.070454 0.163563
0.05769 0.081799 0.1307
-0.019476 -0.090708 0.125746
-0.041901 -0.073958 0.079391
0.001878 -0.071355 0.165739
0.117164 -0.029917 0.052482
0.019775 0.082773 0.141428
0.041245 0.061146 0.17033
0.0529 -0.08582 0.118063
-0.006391 -0.076814 0.154529
-0.004267 -0.09076 0.126493
0.033951 0.09061 0.122459
0.028204 -0.079604 0.150693
0.107185 0.04849 0.04652
0.114039 0.027349 0.048854
0.051926 0.06456 0.163589
-0.040871 0.076418 0.093204
0.006416 0.086106 0.091574
0.104232 -0.05532 0.077534
0.088619 0.064159 0.142957
0.034448 0.083562 0.136743
0.022606 0.090794 0.129443
0.059505 -0.076107 0.144485
-0.085602 0.013926 0.111162
0.023903 -0.097907 0.119075
0.040557 -0.090708 0.12948
-0.051569 -0.06809 0.083638
0.111417 0.028755 0.047992
0.006816 -0.079612 0.148611
0.055512 -0.078336 0.06892
-0.010018 0.051996 0.1778
0.017562 0.066934 0.167242
0.078145 -0.069309 0.063803
0.103279 -0.054719 0.045617
0.061745 0.084066 0.121494
0.012086 -0.075045 0.048775
0.050156 -0.090835 0.111188
-0.014652 -0.064881 0.165262
0.064142 -0.078631 0.116022
-0.031044 0.077956 0.091707
0.061445 0.070545 0.039502
0.115352 0.000114 0.051045
0.116001 0.037654 0.051627
0.067131 -0.07898 0.108951
0.060089 -0.070939 0.045704
-0.04258 0.069531 0.06241
0.122219 0.008914 0.053029
0.120359 0.046149 0.106356
0.078716 0.072893 0.060839
0.066271 0.079149 0.082727
-0.020388 0.048601 0.176149
-0.001833 0.089173 0.129087
0.038925 -0.083044 0.14463
-0.019012 0.0 0.188166
-0.00905 0.0 0.191122
0.011673 -0.069485 0.16977
-0.071064 0.052962 0.10254
-0.018437 -0.066307 0.161821
0.105387 -0.05146 0.070793
0.017528 -0.072991 0.163014
0.039711 0.075687 0.158485
0.117683 0.04992 0.094646
0.018326 0.064651 0.169537
0.040394 -0.072961 0.15428
0.020408 0.097906 0.097355
-0.016431 0.089173 0.06897
-0.022977 -0.053276 0.171969
0.055174 0.081888 0.076417
-0.006096 0.020355 0.190289
0.006342 0.096328 0.097564
-0.059316 0.064778 0.103617
0.073814 -0.072824 0.081762
0.104208 -0.042121 0.049744
0.033371 -0.076493 0.149796
-0.069203 0.057609 0.110166
0.083203 0.061534 0.14813
-0.034823 0.024197 0.180732
0.037419 -0.05982 0.17194
-0.025856 0.056436 0.170384
0.000409 -0.038755 0.187784
0.115151 0.017934 0.033056
0.018143 -0.072434 0.165077
0.066696 -0.075241 0.084915
-0.03633 0.076877 0.10816
0.083268 0.069554 0.077576
-0.032086 -0.07733 0.091823
0.123491 0.008304 0.050774
0.061539 -0.063583 0.160461
0.120572 0.022722 0.051841
0.12186 -0.027543 0.053096
0.022919 -0.076836 0.156791
0.055141 0.071035 0.154091
0.064158 0.078948 0.123414
0.122966 0.005152 0.055382
0.051577 -0.082665 0.134318
0.12293 -0.037588 0.118904
0.091497 0.065223 0.0588
-0.004529 0.038527 0.185904
0.088069 -0.059695 0.034499
-0.071797 -0.054902 0.10572
0.06703 -0.078862 0.095505
0.103989 -0.053249 0.049386
0.001293 0.012629 0.192193
0.089665 -0.062234 0.047851
0.009735 0.081451 0.149587
-0.036251 0.072823 0.06543
0.06944 0.079115 0.098484
0.066888 0.075246 0.073228
0.099136 -0.06424 0.104804
0.06356 -0.068352 0.153564
0.021875 0.08008 0.149669
0.000645 -0.044966 0.184282
0.11854 0.023488 0.039731
0.009297 0.06074 0.176863
0.044756 0.063202 0.17281
-0.074153 0.047267 0.112117
-0.081236 0.030297 0.109191
0.062605 -0.072938 0.067116
0.049965 -0.083623 0.137553
0.030281 -0.062126 0.170776
0.035563 -0.07995 0.1488
-0.074075 -0.047642 0.092624
0.100739 0.052805 0.054606
-0.000105 0.049952 0.183362
0.05544 -0.085398 0.104659
0.097998 -0.058599 0.07104
-0.084323 0.0 0.110301
0.069734 -0.075116 0.127916
0.058955 -0.061987 0.169282
0.05751 0.026489 0.18804
0.032585 0.087946 0.122594
0.125488 0.000113 0.079697
0.060322 0.075075 0.065321
0.036307 0.078068 0.148516
-0.004745 0.032806 0.18615
-0.083846 -0.004034 0.116952
0.096405 -0.059502 0.056381
0.055214 -0.060023 0.167884
-0.07779 -0.038335 0.116923
0.114265 0.044368 0.057015
0.028247 -0.084155 0.138212
0.041448 0.085712 0.132371
-0.058833 -0.064509 0.091354
0.020964 -0.074994 0.16133
0.085759 0.062225 0.037932
0.022007 0.019234 0.194417
0.119174 0.002177 0.042359
0.060055 -0.070461 0.150677
0.013152 0.062553 0.172333
0.070871 -0.0727 0.066415
0.026762 0.054771 0.177361
0.11897 -0.004961 0.036221
0.082868 0.054471 0.163147
-0.020485 0.08047 0.129763
0.078268 0.078515 0.099047
0.090218 -0.068611 0.090916
0.001089 0.034828 0.187795
0.11986 -0.038384 0.122631
0.06845 0.073879 0.068824
0.032745 0.081303 0.145573
-0.045833 0.068535 0.133234
-0.025902 -0.003317 0.185544
0.1152 -0.041104 0.054347
0.003954 0.082635 0.140818
-0.007524 -0.072329 0.161528
0.105459 0.056232 0.121071
0.1133 -0.035151 0.142208
0.059714 0.069994 0.041323
-0.052412 -0.067349 0.122976
-0.081095 -0.027831 0.116936
0.034925 -0.086106 0.10619
0.112312 0.04895 0.069733
0.064614 0.082002 0.106943
0.074247 0.070512 0.0489
-0.016909 -0.068169 0.160172
0.079407 0.071079 0.130877
0.125174 -0.02726 0.102543
0.080677 -0.07019 0.131253
-0.024611 -0.056252 0.16894
0.009285 0.064439 0.169963
-0.030652 -0.078846 0.109407
0.107974 -0.048158 0.042224
-0.058094 0.064291 0.117964
-0.033025 -0.07934 0.11983
0.05744 0.082056 0.129443
0.019279 0.074368 0.160992
-0.071042 0.052639 0.09465
-0.001362 0.09799 0.117004
0.045231 -0.079899 0.139938
-0.010583 -0.086106 0.121403
0.069659 0.065937 0.037958
0.100588 0.057663 0.047348
0.028775 -0.087946 0.122998
-0.037195 -0.072949 0.133635
-0.004 0.000114 0.191768
0.121055 -0.009612 0.055741
0.067624 -0.077118 0.116594
0.062261 -0.080641 0.108778
0.121083 0.0 0.051745
-0.056758 0.068017 0.089837
0.049749 0.077087 0.148296
0.033344 -0.082686 0.146979
0.066463 -0.079657 0.104846
-0.003215 0.087946 0.126105
-0.017231 0.07973 0.134016
0.009092 -0.055485 0.177017
0.03861 -0.091013 0.130741
0.105573 0.05602 0.084167
0.024635 -0.091002 0.129036
0.096256 0.064255 0.119991
0.012811 -0.07989 0.149251
0.03289 0.07982 0.146803
0.10923 -0.033401 0.149279
0.023268 0.096328 0.100111
0.034454 0.066971 0.1651
0.106893 0.049872 0.043062
0.119105 -0.023903 0.047634
-0.045699 0.074859 0.099222
0.004673 0.055844 0.176744
0.063868 0.080944 0.079542
0.06202 0.07881 0.076583
0.119579 0.015961 0.04547
-0.009945 0.074277 0.054406
0.075705 -0.072098 0.061767
0.109388 -0.050899 0.050539
0.082069 -0.069227 0.144615
0.099144 0.05939 0.060369
0.117963 0.011956 0.03958
-0.007115 -0.006443 0.191451
0.083885 0.068495 0.058731
0.099213 -0.062919 0.088787
0.062108 0.080679 0.112418
0.089256 -0.070971 0.130048
0.014393 -0.075452 0.049836
0.072323 0.075933 0.117153
0.122345 0.003589 0.053005
-0.037431 0.075559 0.091659
0.0639 0.081689 0.08381
-0.081769 -0.035552 0.103505
-0.022756 -0.079806 0.127895
0.079806 0.074029 0.105911
0.005669 0.061493 0.176697
0.093494 -0.066635 0.119667
0.115939 -0.039579 0.054208
0.077179 0.074463 0.09399
0.05895 -0.051558 0.172735
0.071348 -0.073656 0.063146
-0.045913 0.071279 0.085443
-0.051417 0.069995 0.102735
0.053134 0.085915 0.108757
0.032742 -0.070151 0.161147
-0.083003 -0.020539 0.103254
-0.009447 -0.080402 0.138388
-0.05215 -0.067993 0.074396
-0.018951 -0.070995 0.154841
-0.030418 -0.078853 0.094721
0.062381 -0.071019 0.153295
0.075417 -0.053249 0.163336
0.000362 -0.03582 0.188813
0.046306 0.080684 0.143286
0.001519 0.054717 0.178927
-0.037653 -0.077942 0.096956
0.000211 -0.097987 0.099884
0.021097 0.083405 0.140488
-0.031123 -0.078589 0.111198
0.005458 0.083701 0.142262
0.080804 0.065455 0.059462
0.116401 -0.00435 0.029177
-0.016035 -0.090931 0.129074
0.008944 -0.063796 0.172922
0.058055 -0.083965 0.128555
0.005589 -0.096328 0.120592
0.034273 -0.082757 0.1466
0.097713 0.061853 0.127804
0.074182 -0.075758 0.084497
0.122567 0.0 0.047193
0.11741 0.015061 0.033244
-0.004037 -0.097991 0.10609
-0.050356 0.069428 0.087987
-0.003003 0.091014 0.136466
0.03861 -0.090774 0.059961
0.071747 0.05169 0.167793
0.066477 0.077618 0.116462
0.084948 -0.055359 0.160606
0.111735 -0.051458 0.100394
0.103305 -0.049962 0.036229
0.100407 0.05879 0.055626
-0.085882 0.00944 0.111778
0.006466 0.053726 0.177828
0.060841 0.082869 0.098701
0.101517 -0.055859 0.069472
-0.073047 -0.052366 0.112253
-0.085223 0.018382 0.107077
0.043608 0.086113 0.129902
0.118966 0.031533 0.053637
0.114878 0.036484 0.052911
0.099389 -0.056247 0.047499
-0.01253 -0.09061 0.118061
0.038073 0.090774 0.059303
0.036634 0.08099 0.14567
0.113746 0.038172 0.063699
0.038726 0.08503 0.132268
-0.031624 0.080356 0.103842
0.06707 -0.079342 0.101191
0.032585 -0.087946 0.122594
0.063888 0.081423 0.082211
-0.041448 -0.07591 0.120597
0.099844 -0.026803 0.16269
0.094856 -0.061306 0.072435
0.023359 -0.081918 0.144399
0.000699 -0.080894 0.148302
0.096237 -0.061014 0.060405
-0.0154 0.091014 0.068557
-0.008441 0.055692 0.177784
0.011257 0.06678 0.17025
-0.015472 0.08168 0.135727
-0.083176 -0.030128 0.102488
-0.052231 0.061881 0.060859
0.120788 -0.014451 0.055791
0.090576 0.05365 0.152004
-0.019304 -0.023155 0.187575
0.03705 -0.061608 0.171089
0.050262 -0.080352 0.135132
0.000716 0.061086 0.176045
0.027548 0.074894 0.047367
0.115155 0.007888 0.029413
-0.020527 -0.063334 0.164233
0.066965 -0.077119 0.086661
0.026834 -0.089173 0.128952
0.092711 0.058073 0.056563
0.058549 0.079145 0.072829
0.087797 -0.068136 0.084242
0.064539 -0.074842 0.069324
0.061699 0.081379 0.109744
0.083403 0.072321 0.118463
0.111287 -0.029054 0.048026
0.074245 0.056309 0.162376
0.069704 0.077375 0.116844
-0.017357 -0.0664 0.162242
-0.024897 0.090994 0.113535
-0.001752 0.029263 0.18885
-0.069276 0.056309 0.116884
0.116721 0.033918 0.04321
0.003167 -0.078845 0.153889
0.082973 0.067516 0.056422
-0.074989 -0.049626 0.111171
-0.027551 0.079391 0.120734
-0.013232 0.080657 0.135503
0.012812 0.07989 0.149251
0.11059 0.031648 0.048189
0.102729 0.045291 0.031936
-0.011184 0.076987 0.147447
0.089989 0.053551 0.151688
-0.042701 -0.068465 0.059067
0.014517 0.075024 0.048318
0.118272 0.013797 0.035369
0.058021 0.079329 0.133342
-0.005306 -0.032404 0.189364
0.124123 -0.003608 0.052671
0.063853 -0.080565 0.077546
0.063896 0.079485 0.072407
0.066978 0.078028 0.088572
0.030901 0.080418 0.148328
-0.007876 0.080534 0.139038
0.120354 -0.018985 0.055874
0.041249 -0.085145 0.130177
-0.081893 -0.032388 0.092664
0.042381 -0.07867 0.14515
-0.085713 0.01208 0.105271
0.045166 0.072144 0.154663
0.105412 0.041498 0.031241
-0.044013 -0.068249 0.06737
0.048882 0.090902 0.117105
0.05913 -0.08122 0.100244
0.023353 0.072332 0.052812
-0.080024 -0.033885 0.097226
0.027511 0.066313 0.166752
-0.001774 -0.087946 0.09389
-0.083233 0.028468 0.113618
0.109652 0.050021 0.055389
0.093098 -0.066893 0.11961
-0.012856 0.081911 0.137169
0.076771 0.071729 0.061567
0.000537 0.04824 0.182621
-0.033367 -0.00495 0.18382
0.004462 0.097906 0.097269
0.053553 0.083157 0.096258
-0.014889 0.09061 0.109341
0.015918 -0.082654 0.147443
-0.014481 0.0 0.189625
0.060608 0.084624 0.106272
0.000127 -0.053636 0.181268
0.042049 0.084166 0.130713
0.058453 -0.075805 0.053416
-0.033104 -0.079879 0.104478
0.068733 -0.080584 0.124067
0.122369 -0.016858 0.055495
0.117082 -0.015042 0.037686
0.009916 0.082437 0.146959
0.103363 0.018728 0.161584
0.054402 -0.079674 0.07266
0.066407 -0.07768 0.066847
0.108005 -0.061839 0.105025
-0.084144 0.007528 0.111766
0.124141 0.001125 0.052668
-0.049266 -0.072887 0.113281
-0.023332 -0.050823 0.17349
-0.082798 0.016069 0.093931
0.089558 -0.068995 0.119193
-0.027814 -0.070877 0.056271
0.080582 0.070171 0.078762
0.072488 -0.058585 0.160922
0.039035 0.090981 0.060148
0.111742 0.056946 0.089691
0.118446 -0.033621 0.074059
0.061342 -0.079978 0.082082
-0.003817 0.097906 0.113186
0.103172 0.051682 0.138118
0.08676 0.058525 0.150002
0.084269 -0.072381 0.105659
-0.019163 0.061698 0.169048
0.088515 -0.066385 0.075247
0.065773 0.078992 0.118856
-0.024949 0.034511 0.180704
0.112627 -0.028284 0.032363
0.044609 -0.073066 0.154115
-0.029842 -0.079225 0.113482
0.074309 -0.055925 0.162424
-0.003392 -0.098099 0.104765
-0.080733 0.032307 0.101451
0.090889 0.064415 0.134371
0.059346 0.079131 0.082356
0.060856 0.081353 0.129523
0.005538 -0.071752 0.163115
-0.029726 -0.074819 0.137691
-0.011814 0.0 0.190393
0.065079 -0.073863 0.052076
-0.004158 0.098016 0.111777
0.05062 -0.056417 0.172524
0.060206 -0.069572 0.041234
0.100597 0.056292 0.055594
0.123942 0.002566 0.051983
-0.029378 0.070958 0.058062
-0.082107 -0.033482 0.098151
-0.041961 -0.071535 0.137034
0.070097 0.074973 0.067024
0.057984 -0.073111 0.049894
0.003643 0.08333 0.142241
0.109912 -0.05291 0.0783
0.047775 -0.070068 0.158218
-0.07192 0.054766 0.097651
-0.041939 0.076658 0.108245
0.009905 0.062955 0.173837
0.085446 0.070279 0.059937
0.071807 0.073483 0.062936
-0.029784 -0.07042 0.056641
0.08698 -0.06753 0.059648
0.054843 -0.085296 0.101543
0.109357 0.025508 0.15567
0.08527 -0.068172 0.132673
0.001588 -0.086106 0.129454
0.051865 -0.081304 0.130823
-0.082689 -0.030528 0.096508
0.087357 0.02343 0.1735
-0.062944 0.061311 0.092532
0.103214 -0.056176 0.127141
0.098722 0.059503 0.048611
-0.029235 0.006553 0.183995
-0.044056 0.067766 0.13797
0.118227 -0.040549 0.130771
0.052422 0.064667 0.164246
0.062569 -0.075418 0.070132
-0.008309 0.000358 0.192829
0.050533 -0.084373 0.118786
0.066876 0.07562 0.074944
-0.02775 0.076078 0.135951
0.119592 -0.029381 0.053521
-0.003972 -0.003552 0.191732
0.067545 -0.072749 0.063576
0.034721 0.067184 0.165726
-0.00231 -0.039789 0.185906
0.110119 -0.032654 0.03036
-0.014151 -0.05877 0.171396
0.113992 0.000114 0.047359
0.103602 -0.047428 0.051397
0.05244 0.083362 0.092721
0.032531 -0.053146 0.18223
0.112634 -0.032569 0.049198
0.034404 -0.091014 0.122737
0.095844 0.064542 0.119933
0.05571 0.058571 0.168541
0.087217 0.069471 0.059604
-0.08465 -0.020851 0.100588
-0.004387 0.090903 0.126584
-0.079672 -0.04118 0.106991
-0.003658 0.075706 0.157617
0.111786 -0.0146 0.153061
0.075092 -0.054771 0.163071
0.062058 -0.075203 0.078957
-0.003456 0.082006 0.139259
-0.003627 -0.012515 0.191272
0.027512 -0.090903 0.127486
0.112547 0.025393 0.029881
0.058313 -0.081272 0.076261
0.094227 -0.058557 0.141129
0.032805 0.075993 0.150298
-0.004069 -0.080853 0.140343
-0.054806 0.068698 0.085867
0.122247 0.008287 0.053023
-0.07186 0.051626 0.09605
0.120587 -0.024896 0.053336
0.052036 0.08603 0.116741
0.063133 -0.082199 0.11705
0.017623 -0.083708 0.140752
0.078182 -0.073182 0.061302
0.116441 0.000735 0.029165
-0.008773 0.081536 0.137345
0.064462 -0.079546 0.097026
0.004963 0.047938 0.181782
0.023353 0.072332 0.061952
0.049718 0.078257 0.14117
-0.038917 -0.069513 0.064217
0.111295 -0.045913 0.045879
0.048535 -0.083553 0.138715
0.08728 0.070297 0.091621
0.1093 -0.036727 0.050011
0.028813 -0.077461 0.148141
-0.029541 0.079706 0.113025
0.007033 -0.080579 0.146025
-0.054847 -0.066715 0.075844
0.019395 0.098016 0.1214
-0.040946 -0.073947 0.089253
0.034696 0.086106 0.113169
0.038446 -0.056858 0.174335
0.007377 -0.053224 0.178996
-0.034292 -0.078036 0.087602
0.001797 -0.098169 0.099175
0.119 0.03695 0.053634
-0.011057 -0.079716 0.14559
-0.007679 0.087946 0.122785
-0.026315 0.078919 0.134641
0.031401 -0.074563 0.046643
0.116441 0.000956 0.029164
0.082664 0.042465 0.171448
0.057038 -0.078157 0.076805
0.038346 0.058207 0.174081
0.015546 -0.078123 0.157729
0.08448 -0.060059 0.148798
0.055359 -0.073635 0.146816
0.110234 0.051681 0.118038
0.105458 0.043715 0.034686
-0.045667 0.071487 0.122381
-0.032989 0.073158 0.138666
0.028372 0.098099 0.112982
0.112943 -0.040568 0.041597
0.098296 -0.05762 0.043406
0.099307 0.056429 0.135296
0.014718 -0.068605 0.169681
0.060882 -0.079456 0.129482
-0.04234 -0.075139 0.122903
0.063825 0.077873 0.073674
-0.031246 -0.078583 0.108389
0.11966 0.031514 0.056004
0.095039 0.065842 0.119839
0.107119 -0.062455 0.098475
0.050561 -0.083651 0.13703
0.115312 0.020622 0.029386
0.111865 -0.050069 0.054974
0.098841 0.063893 0.099438
0.062152 0.078875 0.127455
-0.049885 -0.072319 0.092567
0.067133 -0.081519 0.109871
-0.017578 0.081497 0.134328
0.046028 0.082038 0.138626
-0.082263 -0.025627 0.103784
0.121414 0.015913 0.051683
0.004553 0.046905 0.182256
0.106028 -0.05684 0.05607
-0.067224 0.060192 0.097924
0.057928 0.085153 0.109541
-0.019896 -0.064261 0.163505
0.014748 -0.070495 0.166221
0.108423 -0.036334 0.030675
0.044861 -0.081985 0.139435
0.109174 -0.046884 0.053983
0.058762 -0.080912 0.096121
-0.056536 -0.068907 0.098826
0.053383 -0.083493 0.099631
-0.001774 0.087946 0.09389
0.048729 0.086264 0.123448
0.056689 -0.082907 0.126808
-0.032295 -0.032936 0.17782
-0.030853 0.071064 0.150024
-0.019001 0.046107 0.178082
-0.08321 -0.014799 0.116949
0.029274 -0.083398 0.138737
0.121599 0.030179 0.127266
0.106956 0.055919 0.0559
-0.014429 -0.078255 0.147212
-0.053574 -0.068265 0.112747
-0.033514 0.073918 0.135722
-0.059838 0.064353 0.099913
-0.03051 -0.080543 0.11649
-0.044993 0.072938 0.114199
-0.068688 0.055205 0.111383
-0.071406 -0.055036 0.109434
-0.025254 0.090875 0.112765
0.069361 -0.072016 0.062421
-0.069557 -0.054528 0.108421
0.05772 0.055618 0.171089
0.075426 0.073047 0.081056
0.002075 -0.008338 0.191151
0.004037 0.049133 0.183857
0.034861 -0.078756 0.148628
-0.026583 0.079924 0.121878
0.057405 0.05524 0.170729
0.078195 0.068802 0.059803
0.118785 -0.034294 0.056168
0.076781 0.052036 0.16446
-0.035243 -0.003245 0.181215
0.066965 0.077118 0.086661
-0.009079 0.086106 0.115619
-0.029765 -0.019545 0.184067
-0.084555 -0.020209 0.098121
0.029523 -0.080082 0.149376
-0.026772 -0.06929 0.152565
-0.080991 -0.036687 0.095639
0.011755 0.075478 0.050335
0.068111 0.074935 0.065
0.085842 0.068233 0.06038
0.090143 -0.064652 0.061549
-0.050158 -0.067888 0.078522
-0.000918 0.029659 0.190467
0.080444 -0.070663 0.078823
0.016037 -0.070236 0.1651
0.092862 -0.067189 0.096365
-0.024503 -0.075902 0.140094
0.022099 -0.098151 0.11994
0.085072 -0.060169 0.149113
0.111265 -0.049037 0.057582
-0.080465 0.033362 0.107697
0.064356 -0.051064 0.1736
-0.001687 0.069313 0.167348
-0.069 0.053668 0.116882
0.122228 -0.006073 0.046266
0.106819 -0.054759 0.081512
0.00138 -0.06421 0.171129
0.054283 -0.061575 0.166676
-0.01458 -0.090774 0.112929
0.105114 -0.051706 0.048425
-0.055601 -0.069599 0.10446
0.022995 -0.089173 0.137306
-0.083966 0.003331 0.10086
-0.022436 -0.009918 0.186582
-0.084623 -0.016227 0.093952
0.083125 -0.071298 0.092606
0.052951 -0.086072 0.111038
0.062096 -0.082553 0.112463
0.083211 0.068964 0.132028
0.039816 0.091014 0.112734
0.066461 0.000113 0.187907
0.075162 -0.06975 0.060832
0.037598 0.080216 0.144482
0.0882 -0.066738 0.138086
0.043732 -0.07383 0.152962
0.047086 -0.085918 0.126577
0.036153 0.087946 0.110293
0.020447 -0.075225 0.159644
0.001539 -0.098016 0.09893
0.058983 0.081275 0.132172
0.059105 -0.069204 0.039941
0.037331 0.084575 0.13356
0.024933 -0.079971 0.15448
0.060856 -0.079456 0.129523
-0.083524 -0.028846 0.106881
-0.024786 -0.089173 0.057198
0.06736 0.064972 0.156693
0.058473 -0.078862 0.072605
0.100696 -0.05487 0.046645
-0.034043 -0.076391 0.12436
-0.04734 -0.070117 0.082617
0.078367 0.034749 0.177156
0.067775 0.055882 0.170873
-0.012177 0.061121 0.170067
0.090719 0.071643 0.103534
0.010658 0.068323 0.170941
0.114034 0.015359 0.048856
0.008383 0.065439 0.173567
0.121427 -0.019616 0.053178
0.067902 -0.077017 0.116631
-0.005718 0.023315 0.189857
0.02273 0.076173 0.156174
0.089179 0.07015 0.133578
0.008714 -0.056847 0.177666
0.019902 -0.074292 0.157711
0.123206 0.000114 0.070422
-0.038656 0.075781 0.128142
0.102591 -0.056073 0.05921
0.057709 0.08065 0.1259
0.09251 0.066778 0.119542
0.096577 0.064926 0.114887
-0.014275 -0.090835 0.130711
0.116264 0.02999 0.043677
0.108957 -0.052629 0.086473
0.042969 0.073975 0.152008
0.073076 -0.071717 0.058845
0.120231 0.029593 0.07716
0.054033 -0.079131 0.13757
0.113633 -0.035618 0.04235
-0.049536 -0.073106 0.102353
0.029766 0.07428 0.154278
0.004156 0.090885 0.13007
-0.041146 -0.072731 0.134879
0.081099 -0.06014 0.158749
0.064514 -0.074188 0.13829
0.052549 -0.08396 0.102928
-0.054059 -0.070551 0.101338
0.069183 0.075333 0.083801
0.0678 0.077413 0.106593
0.078857 0.074706 0.105959
-0.010278 -0.07362 0.158453
0.09992 0.061892 0.118174
0.111212 0.05097 0.055097
0.124141 -6.9e-05 0.052668
0.033881 -0.090719 0.057492
0.010336 -0.061025 0.175582
0.071333 0.073661 0.06314
0.018817 -0.068889 0.165794
0.062665 0.072495 0.066961
0.061934 -0.077006 0.139831
-0.03009 0.080572 0.117865
-0.007227 0.061538 0.171351
0.066182 -0.078814 0.093375
0.034302 0.084371 0.135468
0.09754 -0.061485 0.057665
0.05589 -0.073263 0.147244
0.030163 -0.086106 0.097741
0.001478 -0.097907 0.09887
0.095499 0.062846 0.058049
0.051006 0.085311 0.11312
0.036584 -0.089173 0.131257
0.008076 0.058533 0.178497
0.088529 0.069078 0.091331
0.104353 -0.047836 0.053724
-0.081485 0.03458 0.114258
0.062887 -0.080896 0.07832
0.057464 -0.080837 0.083358
0.099143 -0.062531 0.076745
0.035468 -0.086106 0.121185
0.01822 -0.09815 0.096823
0.033325 0.069077 0.162476
0.092537 0.055475 0.03529
0.114827 0.005833 0.030128
0.036774 0.061829 0.170441
0.128343 -0.020751 0.109811
0.062201 -0.080297 0.100784
-0.002761 -0.042414 0.186427
-0.052938 -0.064722 0.064166
0.035769 0.073639 0.044326
0.10882 -0.053282 0.086505
-0.048845 0.071353 0.108093
-0.013422 0.022986 0.187872
0.12213 -0.011099 0.053045
0.096856 0.068201 0.103486
0.116278 0.00891 0.029215
0.035393 0.065781 0.167267
-0.001582 -0.042231 0.185065
0.061271 -0.070728 0.039535
0.011902 -0.067612 0.169319
-0.029234 -0.07972 0.114763
0.096537 -0.066489 0.076015
0.038739 0.057007 0.174985
0.113762 0.018777 0.048913
0.07589 -0.067625 0.144258
0.018921 0.081448 0.145666
0.0204 -0.069607 0.163967
0.084824 -0.068502 0.076884
-0.076467 -0.047995 0.101413
0.003325 0.077212 0.153198
0.117574 0.0 0.032223
0.062322 -0.076343 0.081924
0.123258 -0.036639 0.091572
0.104321 -0.058036 0.120936
0.117664 0.029477 0.137707
-0.001789 -0.029025 0.188823
-0.084464 -0.019809 0.116955
0.006014 -0.032811 0.188955
-0.044947 -0.073715 0.08534
-0.01454 0.07546 0.148975
-0.0482 -0.073305 0.094017
0.103062 0.045562 0.152054
-0.003261 0.017801 0.191273
0.037351 0.060234 0.171784
0.101596 0.056161 0.05132
0.084311 0.057517 0.152494
0.115139 -0.036306 0.053451
0.057988 0.069489 0.040151
0.060794 0.081067 0.098605
-0.084023 0.026388 0.103439
0.121894 0.006752 0.051592
0.078642 -0.046183 0.171577
0.009363 -0.066725 0.172434
-0.041165 -0.07002 0.136466
0.068058 -0.075717 0.127405
-0.033265 0.078021 0.085363
0.121229 0.025048 0.05571
0.11922 0.0 0.042481
0.051823 0.084645 0.108744
-1.9e-05 0.086106 0.124575
-0.03763 -0.077656 0.09373
0.089409 0.034201 0.168556
-0.039578 -0.070898 0.070447
0.108013 0.05035 0.05819
0.06689 0.07599 0.076783
-0.031355 0.080624 0.110855
-0.013922 0.079344 0.144738
0.067236 -0.074083 0.071238
0.082452 -0.059696 0.155296
-0.031836 0.080038 0.097874
0.096065 0.061281 0.071898
0.063867 0.079034 0.079447
0.044152 0.056888 0.17802
0.06801 0.07156 0.152844
0.123783 0.013418 0.052728
-0.086187 0.0 0.109239
0.110082 0.039963 0.039168
0.021941 -0.080685 0.152885
0.06081 -0.069278 0.041117
0.053553 -0.083157 0.096258
0.017565 0.066937 0.16724
0.118325 0.044659 0.082664
-0.039996 -0.076129 0.088109
-0.025133 -0.074834 0.142445
-0.051726 0.069238 0.114477
0.113995 0.042536 0.053085
-0.054821 -0.068746 0.086186
0.070252 -0.076012 0.063712
0.095293 -0.054767 0.055933
0.008112 -0.086106 0.127156
-0.071824 0.054383 0.110151
0.018269 -0.070545 0.166428
0.097763 0.042644 0.159775
0.008005 -0.083691 0.142615
0.066801 -0.073955 0.060492
0.082267 0.062044 0.038949
0.00967 -0.057407 0.176353
0.048766 -0.090835 0.117554
0.006767 0.061096 0.172867
0.122167 0.0 0.05229
0.049884 0.090993 0.111174
0.067739 0.077051 0.065484
0.066995 0.079629 0.112292
0.062084 0.080351 0.085135
-0.008395 0.09061 0.12327
0.119508 -0.034059 0.07177
-0.032618 0.079071 0.091588
0.066205 0.079631 0.117218
0.019866 0.090809 0.130197
0.087404 -0.070983 0.105481
0.005446 0.08219 0.146401
-0.043606 0.07512 0.119108
-0.032102 0.077303 0.091648
-0.011646 0.081279 0.136002
0.1084 -0.051593 0.055625
-0.007382 -0.047837 0.182807
-0.0377 -0.075673 0.119281
-0.049291 0.065362 0.066454
0.053934 0.077862 0.149086
0.034635 0.075251 0.156889
0.108242 0.051682 0.127687
-0.083153 0.018721 0.113089
0.064878 0.07897 0.121618
0.056173 0.07821 0.069313
0.025933 0.086106 0.094512
-0.056521 -0.068142 0.089591
-0.039951 0.070366 0.137233
-0.079091 -0.042621 0.105962
-0.002291 0.017639 0.189492
0.111579 0.043131 0.053531
0.027832 -0.097907 0.114632
0.011101 0.059651 0.1747
0.083011 0.072499 0.118417
0.063765 -0.082192 0.113819
0.046948 -0.086223 0.126075
0.113897 -0.008214 0.047383
-0.007581 0.023163 0.189428
-0.046266 -0.066243 0.064072
0.090022 0.065086 0.134106
0.099821 0.059336 0.135531
0.058556 -0.037487 0.18277
0.039968 -0.08023 0.146957
-0.079033 0.037568 0.108688
0.010235 0.090986 0.131193
0.120306 0.000117 0.060181
0.048958 0.089173 0.111825
0.064049 0.084055 0.110902
-0.009156 0.087946 0.117411
0.070776 0.080168 0.093527
0.042036 0.079132 0.146362
0.035833 -0.051132 0.181293
-0.004254 0.097906 0.111791
0.121058 -0.02798 0.135495
-0.082659 0.031495 0.09888
-0.025801 0.077245 0.134138
0.08033 0.06159 0.035948
0.113172 0.031643 0.036836
0.096512 -0.059227 0.136097
0.06638 -0.079657 0.115917
0.057917 -0.084136 0.09391
-0.001196 0.096328 0.102746
0.067013 0.080513 0.093193
-0.069428 0.057806 0.097502
0.097136 -0.060409 0.060236
0.071696 0.075462 0.062982
0.092971 -0.068127 0.105163
-0.048867 0.06967 0.07403
0.063881 -0.06783 0.039044
-0.004269 0.026285 0.189558
0.026878 0.058647 0.174404
0.117078 -0.004596 0.030961
0.091312 -0.05719 0.052884
0.058562 0.07567 0.053457
0.080498 -0.057117 0.156281
0.032002 0.071552 0.159439
0.11913 -0.020368 0.052112
0.090688 -0.053245 0.152072
0.082687 0.05169 0.160007
0.061465 0.084061 0.122176
-0.054108 -0.068388 0.103191
-0.014597 -0.080535 0.134691
0.106425 0.055851 0.087079
0.110436 -0.053087 0.10417
0.113477 -0.010005 0.0515
0.057883 -0.079876 0.07677
-0.040233 -0.073436 0.126233
0.018656 -0.075956 0.161711
0.090917 0.06505 0.057413
-0.008285 -0.077326 0.148243
0.041603 -0.074791 0.150215
-0.001011 0.021805 0.190592
0.063683 -0.071895 0.146927
0.012671 0.068343 0.16862
0.057253 0.000116 0.190819
0.075301 -0.074191 0.061845
-0.019108 0.076855 0.142248
-0.029991 -0.046074 0.175167
0.075129 0.077017 0.132668
0.120378 0.018834 0.043042
-0.078571 -0.042591 0.092645
0.064161 -0.07723 0.071072
-0.043396 -0.067799 0.138779
0.040131 0.075989 0.148346
0.114111 0.038259 0.053055
0.070946 -0.072023 0.066359
0.127266 -0.011119 0.115525
0.01255 0.051941 0.183327
0.073881 -0.075048 0.094801
0.100041 0.061327 0.12043
0.001558 0.09061 0.129168
-0.084951 -0.018947 0.113318
-0.062439 0.064474 0.107575
0.088615 -0.061927 0.142651
-0.067115 -0.057203 0.092591
0.067108 0.078216 0.106632
0.052944 0.049805 0.178551
-0.049376 -0.068076 0.127805
0.024742 -0.075314 0.153519
0.115057 0.009562 0.03112
0.0056 -0.061313 0.176778
0.073397 -0.078224 0.107059
-0.070482 0.056639 0.103486
0.033714 0.079748 0.149661
0.028228 -0.085177 0.139525
0.108202 -0.046473 0.039827
0.11264 0.042979 0.056269
0.069729 -0.072273 0.050538
0.121939 0.004519 0.051585
0.115567 -0.019069 0.029404
0.096007 -0.061173 0.060447
-0.00351 0.000121 0.193352
0.102684 -0.060081 0.087964
0.010725 -0.051469 0.179635
0.039337 0.081142 0.144409
0.066875 -0.075578 0.074746
0.079163 -0.072978 0.093559
0.056017 -0.085469 0.114083
0.067108 0.081437 0.105924
0.063069 0.072104 0.045209
-0.038656 -0.075781 0.128142
0.120207 -0.015798 0.041462
0.049692 -0.078894 0.14122
0.032031 0.084669 0.136381
0.04425 -0.084671 0.127792
0.002301 -0.052382 0.180585
-0.083989 0.010336 0.105425
0.038711 -0.083583 0.135152
0.031322 0.080515 0.148037
0.058049 -0.05362 0.171565
-0.007238 -0.000499 0.191584
0.052643 -0.080966 0.138821
0.101 -0.061218 0.057015
0.063985 0.072394 0.065367
-0.070933 0.055037 0.11317
0.003305 0.054465 0.179426
0.048157 0.078806 0.142288
0.02285 -0.098151 0.098986
0.005804 -0.059591 0.173981
0.126035 0.022544 0.101472
0.080635 -0.063544 0.155074
-0.07563 -0.048624 0.092633
0.058371 -0.082543 0.124638
0.118965 -0.017918 0.144371
0.029211 -0.097907 0.108285
0.031063 0.077123 0.151684
0.062092 -0.080524 0.086198
-0.025882 -0.079985 0.123104
0.10984 -0.05471 0.104204
-0.043331 -0.070888 0.06847
0.032875 0.090993 0.134359
0.085594 0.070617 0.118708
-0.014055 0.073775 0.055184
0.074981 0.05902 0.164256
0.115639 -0.018371 0.029393
0.090233 0.062857 0.13887
0.031036 -0.080441 0.148224
0.100272 -0.051758 0.052205
-0.010361 0.087946 0.103441
0.104583 0.048291 0.035631
-0.038428 0.07574 0.097413
0.066709 0.069915 0.058932
-0.080726 -0.035816 0.116936
0.057732 0.080444 0.131027
0.098217 0.062504 0.085682
0.103074 -0.057635 0.12591
0.10539 0.040204 0.049454
0.063999 -0.071442 0.155373
-0.023529 0.075757 0.14655
-0.006602 0.029358 0.188292
0.120025 0.009555 0.051944
-0.022611 0.046026 0.178552
0.116776 -0.037681 0.054051
0.011673 0.06723 0.167175
-0.075636 -0.048613 0.092632
-0.064928 -0.060981 0.116858
-0.040486 -0.068044 0.142015
-0.040021 -0.077084 0.097005
0.024902 -0.07576 0.158752
-0.011992 -0.077443 0.150531
0.097287 0.06024 0.071356
-0.004271 -0.039309 0.187334
0.00054 0.089173 0.136977
0.059002 -0.076462 0.135383
-0.081692 0.026863 0.098131
0.043109 -0.056762 0.174142
-0.078921 0.04253 0.1096
0.083026 -0.071602 0.118419
0.05771 -0.079315 0.133715
0.016963 0.07498 0.047859
0.12505 0.032419 0.094971
-0.011489 -0.068488 0.165066
0.122673 -0.04123 0.107932
0.021941 -0.084017 0.139944
-0.006972 -0.010551 0.191287
0.059194 -0.077482 0.067388
-0.034544 -0.075905 0.075987
-0.047992 0.070936 0.090119
0.109467 -0.052969 0.086352
0.074997 -0.072983 0.081253
0.023947 -0.09083 0.129015
0.099987 -0.054713 0.052278
0.021027 -0.098048 0.120666
0.011904 -0.084003 0.142652
0.116244 0.002708 0.048318
0.11431 0.014216 0.02987
0.050027 0.085355 0.117059
-0.07093 -0.05608 0.104244
-0.059413 -0.067003 0.101938
-0.054441 0.060747 0.061885
-0.020874 -0.090708 0.123892
0.051594 -0.0837 0.136102
0.067006 -0.078504 0.092228
0.004521 -0.090835 0.138784
0.02086 0.075133 0.161466
0.06223 0.076048 0.137084
0.064423 0.072179 0.064949
0.075391 0.074162 0.061832
0.078182 0.073182 0.061302
-0.006042 0.068859 0.163779
-0.081289 0.026924 0.11694
-0.042066 -0.074368 0.113393
0.083456 0.076375 0.095566
-0.080297 0.038661 0.112068
0.058626 -0.080266 0.129726
0.068447 0.068284 0.043488
0.030777 -0.082314 0.148409
0.025514 -0.084259 0.138976
0.09698 0.057926 0.053011
0.030937 0.077068 0.151823
0.064613 -0.06159 0.162131
0.063856 0.080677 0.078125
0.072281 0.074245 0.082451
-0.01489 0.091014 0.129691
0.120988 0.03096 0.05326
-0.019395 -0.090835 0.125704
0.083963 -0.06706 0.135722
-0.007876 -0.086106 0.117754
0.121295 0.017243 0.051706
0.094636 0.058376 0.044973
0.03993 -0.085088 0.131317
0.033227 -0.086106 0.10172
0.096426 -0.064868 0.089449
0.055618 0.058707 0.168408
0.045968 -0.081524 0.140587
0.072637 -0.073929 0.082288
0.064099 -0.067175 0.154009
-0.042957 -0.074 0.081929
-0.001906 -0.027781 0.189709
0.026275 -0.086106 0.128188
0.015181 -0.029999 0.1906
0.033534 -0.076554 0.149646
0.026256 0.097906 0.116905
0.118161 -0.022077 0.043547
0.095889 0.05891 0.053296
-0.024634 0.080095 0.124991
0.121885 -0.015067 0.053091
0.028448 -0.098169 0.10671
-0.054841 -0.064638 0.076332
0.013049 0.083453 0.144558
-0.062074 -0.064439 0.092425
-0.079386 -0.041311 0.095735
-0.08246 0.02347 0.100914
-0.030422 -0.080663 0.116473
0.059631 0.071655 0.150269
0.016219 -0.065492 0.168793
0.066934 -0.078997 0.082655
0.022203 0.097906 0.098258
-0.072498 -0.05095 0.100993
0.120741 -0.001623 0.04738
0.087555 -0.056519 0.150421
0.032797 -0.069724 0.161273
0.081511 0.06569 0.055274
0.047716 0.085352 0.122218
0.122997 -0.002962 0.055377
0.062127 -0.080675 0.112137
-0.018668 -0.037061 0.183991
-0.037031 0.071721 0.062454
0.014232 -0.063154 0.171086
0.028025 -0.074836 0.155467
-0.015938 0.013506 0.190082
-0.009495 -0.091014 0.122946
-0.017586 -0.079717 0.140838
-0.003424 -0.053452 0.180599
0.089546 0.06627 0.059165
0.117477 0.027983 0.039758
0.087544 0.066509 0.075676
0.095947 0.059151 0.135929
0.05035 -0.082626 0.135506
0.04452 -0.080064 0.139655
0.060709 0.08059 0.126201
0.067019 -0.075462 0.06617
-0.054657 0.069111 0.088069
0.004759 0.075343 0.051648
-0.058383 -0.067069 0.091098
0.064517 -0.078634 0.113268
0.111045 0.034341 0.034367
0.061602 0.078547 0.074896
0.038288 -0.058273 0.173973
-0.019294 0.081605 0.132665
-0.001334 0.081076 0.141084
0.014784 0.090903 0.13104
0.01038 -0.098152 0.122397
-0.019609 -0.067039 0.163174
0.061569 -0.070486 0.039479
0.06454 0.078833 0.106778
-0.011447 -0.087946 0.10813
-0.054557 0.069788 0.113075
0.089679 0.069428 0.10535
0.057167 -0.083923 0.129837
0.047257 -0.082096 0.137674
0.077706 0.071384 0.061391
-0.079568 0.036391 0.102497
-0.077342 -0.043899 0.116912
-0.060642 -0.063278 0.111038
0.054535 0.068417 0.161766
0.07295 0.076621 0.106299
0.043995 0.090677 0.126013
0.01458 0.064356 0.170697
0.122186 0.018643 0.055528
0.066052 -0.075325 0.064809
0.056632 0.077465 0.072244
0.020194 -0.084793 0.141613
-0.05268 0.06728 0.12249
-0.011466 0.065206 0.166198
0.045968 0.081523 0.140587
0.108133 0.046818 0.045576
0.062861 0.08068 0.121002
0.041107 -0.078378 0.146439
-0.003862 0.008773 0.191586
0.033482 0.06877 0.162854
0.076572 -0.072916 0.129997
0.111851 -0.051458 0.092875
0.009853 -0.061496 0.176123
-0.044408 -0.074687 0.090629
-0.034179 0.028517 0.179988
0.087545 0.068157 0.055916
0.06403 -0.083752 0.101509
-0.034544 0.075905 0.075987
0.116943 0.021136 0.039417
0.121823 -0.021463 0.055598
0.041509 -0.085752 0.132185
0.050068 -0.084159 0.121409
-0.028717 0.071316 0.151424
0.039564 -0.086106 0.06222
-0.000816 0.033798 0.187794
0.009735 -0.081452 0.149587
0.054339 -0.03656 0.185906
0.074484 -0.050491 0.169228
0.081891 -0.072476 0.092899
0.004878 -0.083656 0.142196
-0.067772 -0.058884 0.112346
0.044943 -0.078615 0.14434
-0.010371 -0.048074 0.179989
0.078549 0.073355 0.093693
0.019736 -0.069741 0.164735
0.035229 0.06525 0.167851
0.101837 -0.053224 0.137711
0.020773 0.098169 0.120459
0.084532 0.061422 0.154771
0.026994 0.074276 0.162743
0.023581 0.07472 0.046615
0.078843 0.07294 0.061178
0.06845 -0.073879 0.068824
-0.054384 -0.068045 0.108982
0.033879 -0.086106 0.115416
-0.047281 -0.068516 0.074574
-0.015074 -0.072522 0.15794
0.105491 0.030736 0.155419
0.06662 0.06501 0.156082
0.059491 -0.071552 0.150212
0.076309 0.074795 0.094224
0.04544 -0.082563 0.138773
0.063868 -0.079035 0.079446
0.078169 0.073862 0.117845
0.059764 0.075161 0.142258
0.113416 0.053409 0.099268
0.031814 0.091014 0.057192
-0.054823 -0.067423 0.078979
0.065046 0.077627 0.126472
0.114149 0.026247 0.0296
0.010708 0.059044 0.17515
-0.028514 -0.080751 0.121529
0.033235 0.083496 0.137362
-0.006021 0.028629 0.19019
-0.05435 0.067666 0.078734
0.077759 0.042849 0.172192
0.109499 0.034847 0.048384
0.063442 0.078923 0.124977
0.097016 0.06445 0.120073
0.02458 -0.083222 0.140103
0.110894 -0.039372 0.040302
0.039251 0.079974 0.150013
0.012495 0.087946 0.12823
0.119626 -0.04205 0.09395
-0.082337 -0.030847 0.093466
0.074348 0.055215 0.162455
0.069734 0.075344 0.127916
-0.08208 0.021404 0.092663
0.100226 0.061972 0.120454
-0.033332 0.077912 0.084827
0.009057 -0.056338 0.177058
0.060953 -0.078581 0.095143
0.110502 0.056308 0.09446
-0.007997 0.073709 0.155773
0.097837 -0.063501 0.057609
-0.075143 0.045055 0.113877
0.042912 -0.083983 0.130838
0.069986 0.0731 0.067131
0.112562 -0.039364 0.044425
0.071144 -0.070333 0.144162
0.104303 0.058465 0.056394
0.090988 0.06315 0.067261
0.055603 0.083895 0.131859
0.090813 0.069316 0.113065
0.004184 -0.046897 0.182208
0.08609 -0.058228 0.14965
-0.054792 -0.066125 0.083453
0.101837 0.053451 0.137711
0.067333 -0.074635 0.070952
-0.078345 -0.037951 0.092644
0.03103 -0.079181 0.146421
0.000409 0.038983 0.187784
-0.058329 0.065355 0.097047
0.121271 -0.024739 0.055701
0.055328 -0.080996 0.129562
0.117087 0.035856 0.052493
0.099079 -0.054626 0.038073
0.010159 0.081604 0.143734
-0.085905 -0.008749 0.105701
0.079261 -0.066097 0.046583
-0.048495 0.06387 0.060157
0.011435 -0.096328 0.121786
-0.038756 0.077752 0.113431
0.034448 -0.083562 0.136743
0.039061 0.055062 0.175729
-0.035553 -0.068468 0.14652
-0.043407 0.067812 0.138777
0.033145 -0.077716 0.149995
-0.064614 -0.06025 0.099717
0.10141 -0.057131 0.059433
0.004623 0.036449 0.187759
0.051822 0.084651 0.109036
0.011022 -0.086106 0.127442
-0.025101 0.071619 0.153473
0.098547 0.054827 0.042814
-0.015434 -0.075784 0.152022
0.092187 -0.060363 0.046401
0.101001 0.066967 0.114944
-0.032639 0.078953 0.090635
0.025803 0.090834 0.137469
-0.017536 -0.061873 0.16958
0.089425 -0.069325 0.105363
-0.030011 0.045963 0.175179
0.038174 -0.086106 0.059111
-0.04222 0.07455 0.104176
0.119159 0.015587 0.044039
0.001077 -0.008209 0.192479
-0.028032 -0.080846 0.122382
-0.044012 0.073984 0.084426
-0.026585 -0.008339 0.186677
0.118155 -0.029431 0.048882
0.065852 -0.081461 0.100756
0.03679 -0.083684 0.135384
0.128809 0.01781 0.109211
0.106517 -0.047048 0.042434
0.062224 -0.073201 0.067815
0.03521 0.066177 0.166824
0.063309 0.079546 0.12529
0.112766 -0.036934 0.059181
0.065359 -0.070869 0.064125
0.031245 -0.072434 0.157693
-0.044065 0.065854 0.059325
-0.042913 -0.068054 0.064891
0.04523 0.040653 0.185097
0.026428 -0.077953 0.150177
0.00788 0.058325 0.178588
0.05996 -0.071223 0.150598
0.008445 0.06844 0.167934
0.10347 -0.051459 0.065976
-0.077485 0.041609 0.098651
-0.084075 -0.008676 0.105622
0.099729 -0.059562 0.128971
-0.070174 0.053568 0.092608
-0.036216 0.078082 0.093014
0.002081 0.078262 0.15046
-0.009861 0.075114 0.156136
0.023737 0.078561 0.153286
-0.052655 -0.063663 0.067429
0.090876 0.06357 0.061438
0.01313 -0.098169 0.096124
-0.009861 -0.075114 0.156136
-0.084285 -0.018914 0.09319
0.121195 0.030217 0.053221
0.117828 0.008419 0.033315
0.093295 -0.059522 0.040525
0.056034 -0.085429 0.10773
0.010221 0.091014 0.131338
-0.082638 0.017404 0.093568
0.008811 0.082044 0.142072
0.057266 -0.079294 0.13427
0.100366 -0.061252 0.088512
0.028784 -0.098099 0.111602
0.036475 0.084339 0.134309
-0.047157 -0.073569 0.091678
0.06391 0.082185 0.112636
-0.061681 0.062573 0.094439
-0.015181 0.09061 0.070271
0.028461 0.097906 0.113303
0.053862 -0.081911 0.133849
0.018387 0.098016 0.096683
0.026585 0.004353 0.195479
0.05973 0.083229 0.120974
-0.039238 -0.076665 0.12204
0.069904 -0.071411 0.141125
-0.044519 -0.074342 0.121376
0.017067 0.072632 0.163544
-0.084316 0.0 0.111078
-0.018926 -0.072168 0.156441
-0.032098 -0.07964 0.094652
-0.029265 0.079261 0.116138
0.121386 0.010266 0.050234
0.06805 -0.070425 0.062716
-0.083292 0.015349 0.099319
0.125848 0.019053 0.119545
0.069006 -0.078166 0.052812
0.026289 -0.098096 0.101796
0.048187 -0.077159 0.140895
-0.061351 0.065002 0.092284
0.106974 0.051372 0.051795
0.074225 -0.068788 0.057009
0.101969 0.055663 0.069269
0.112943 0.017608 0.051628
0.059875 -0.079674 0.1113
0.069698 0.070046 0.062171
0.107072 0.060983 0.085735
0.123662 0.015148 0.052757
0.056477 -0.070397 0.041935
-0.083056 -0.016621 0.116618
0.121433 0.029703 0.053527
0.107879 -0.053966 0.086729
0.102708 0.059849 0.056694
0.045883 -0.079122 0.137354
-0.003667 0.013041 0.191743
0.101731 -0.058676 0.070457
-0.000534 0.034191 0.186621
-0.081347 -0.036108 0.097765
0.075797 0.072148 0.077422
0.06954 0.073245 0.059701
0.103573 0.056365 0.077755
-0.024361 0.089173 0.111106
0.039123 0.064362 0.170734
-0.061081 -0.064754 0.115138
-0.073772 0.048687 0.107229
0.025879 -0.0849 0.140482
0.112237 0.03394 0.049294
-0.055057 0.068725 0.08708
-0.054179 0.069851 0.091746
0.114267 0.014009 0.029721
0.058531 0.078268 0.069122
0.095871 0.057309 0.044264
0.05153 0.085982 0.118741
-0.085086 0.015874 0.09929
0.107974 0.048159 0.042224
0.103875 0.05163 0.040426
0.035554 0.064652 0.167634
0.034925 0.086106 0.10619
0.093472 -0.062352 0.073049
0.044794 0.084032 0.128885
0.07203 -0.07534 0.062843
0.077892 0.073366 0.086716
0.089956 -0.060007 0.15114
0.094786 0.065303 0.084671
-0.081208 0.027964 0.094808
0.070453 -0.060428 0.159244
0.062059 -0.079803 0.081828
-0.025695 -0.017821 0.184403
-0.024844 0.076259 0.138604
0.060422 0.080696 0.119925
0.049164 -0.067871 0.160065
-0.085856 0.003988 0.11528
0.069238 0.077696 0.10651
0.057321 0.076072 0.061395
-0.00202 0.000114 0.192139
0.030937 -0.077069 0.151823
0.119245 0.029032 0.05209
-0.082899 0.021285 0.103028
0.103219 0.053186 0.068724
0.081942 0.072022 0.092886
0.105482 0.058554 0.104452
-0.034485 0.070774 0.147377
-0.071912 0.051133 0.092615
0.030594 -0.07912 0.14666
-0.006104 -0.07522 0.153812
0.100475 0.065058 0.080303
0.021863 0.077866 0.154751
0.049416 -0.084372 0.121206
0.068405 0.072456 0.140335
0.073154 -0.054581 0.169022
-0.010168 0.075999 0.150266
0.121114 0.018876 0.051739
0.036157 0.085459 0.13608
0.06687 0.074766 0.073924
-0.082598 0.022999 0.111929
0.122175 -0.010217 0.053037
0.117125 -0.036886 0.053988
0.113233 -0.041001 0.054667
-0.011678 -0.021454 0.188659
0.108118 -0.037368 0.052808
-0.010625 -0.074202 0.054536
0.102689 -0.057466 0.056697
0.057665 -0.079311 0.133771
0.112412 0.031717 0.029926
0.108917 0.035589 0.052612
0.048256 -0.085138 0.131125
0.104178 0.052132 0.139957
0.087387 0.066999 0.133308
0.066909 -0.076417 0.078901
0.031279 -0.072057 0.157773
0.000587 0.081845 0.140586
-0.00831 0.0 0.192829
-0.014426 -0.047383 0.180944
0.093418 0.023724 0.171077
0.032285 0.07632 0.150937
0.005997 -0.053864 0.181267
0.101964 -0.049144 0.146518
-0.000897 0.090793 0.128289
0.09694 -0.057746 0.053085
0.115476 -0.02663 0.033296
0.066529 -0.072128 0.060593
0.050354 0.081748 0.137238
0.051688 0.083704 0.136045
0.017886 -0.072692 0.16468
-0.051205 -0.066376 0.074343
-0.004118 -0.031785 0.188206
0.098719 -0.054841 0.138772
0.025568 0.076696 0.155193
0.119108 0.024246 0.062046
0.055794 -0.058158 0.168637
0.095905 0.066726 0.075211
0.074654 -0.054504 0.162731
0.055559 -0.082844 0.129208
0.068933 0.07713 0.10653
-0.020211 0.089173 0.122802
-0.037778 0.070454 0.059055
0.122399 -0.004184 0.046725
0.077728 0.066434 0.145238
0.067024 -0.064377 0.156418
-0.016983 0.068154 0.160143
-0.007904 0.06739 0.164996
0.066284 0.064384 0.16114
0.053757 0.062668 0.165985
-0.004402 0.031189 0.188324
0.107344 -0.054842 0.121294
0.084205 0.068388 0.077163
0.067637 -0.060911 0.160369
-0.044773 0.074997 0.115304
0.059267 -0.084513 0.100186
0.111271 -0.030337 0.030814
-0.044558 0.065655 0.059417
0.012413 0.076419 0.156773
0.039213 -0.084715 0.13839
0.11665 -0.031539 0.059418
0.074846 0.06781 0.041751
0.052714 0.086044 0.113486
-0.00484 -0.081358 0.144515
0.046331 -0.080616 0.143487
0.109133 0.050471 0.070163
0.127159 0.016105 0.110804
0.061162 0.076518 0.06428
0.060904 -0.082758 0.099693
0.03433 -0.084289 0.135606
0.100647 0.050278 0.037026
0.060393 0.082545 0.094078
0.087797 -0.066468 0.143915
0.069006 -0.078166 0.061952
0.055714 0.082455 0.12893
-0.030886 -0.078566 0.100876
0.097303 -0.061643 0.05771
-0.062089 0.064426 0.092428
0.089665 0.062234 0.047851
0.102863 0.054523 0.068882
0.115829 0.041653 0.075567
0.015293 0.000113 0.195551
-0.012611 0.090774 0.118089
0.046101 -0.084076 0.127393
-0.016463 0.053937 0.174269
-0.081106 -0.030232 0.099466
-0.033318 0.079522 0.116673
0.019279 -0.074368 0.160992
0.115252 -0.008922 0.051071
-0.004068 0.087946 0.095425
0.048119 0.079905 0.140999
0.043712 0.083992 0.129993
0.048928 -0.050758 0.180776
0.123002 0.001113 0.055376
0.067938 0.074517 0.063308
-0.074195 0.050207 0.114238
0.015826 0.079984 0.149464
0.090339 -0.06956 0.083847
0.087239 -0.070099 0.091629
0.115039 -0.041436 0.054377
-0.037987 -0.070113 0.058184
0.060216 0.082798 0.096808
0.080639 -0.072984 0.093196
-0.02981 0.078783 0.116591
0.054244 0.085129 0.098377
0.039135 -0.073664 0.045189
0.098961 0.056892 0.136826
-0.031755 -0.08035 0.108361
0.104583 -0.048291 0.035631
-0.021885 -0.079439 0.129681
0.027864 -0.079682 0.152137
0.017623 0.083708 0.140752
0.064027 0.083706 0.100905
-0.079132 0.036827 0.096808
0.063971 -0.081136 0.09337
0.095674 0.062547 0.14079
0.059416 -0.081378 0.10343
0.004507 -0.098016 0.097338
0.020443 0.082735 0.14761
-0.044812 -0.069956 0.067419
0.064184 0.083914 0.104664
-0.013602 0.055299 0.176421
0.117885 -0.034519 0.047262
0.129534 0.007878 0.110589
-0.067867 -0.059144 0.092599
-0.076587 -0.043427 0.097036
0.054522 -0.061176 0.166986
0.122377 0.004278 0.046665
0.007805 -0.097907 0.096208
-0.006129 -0.090903 0.125422
-0.007999 -0.091014 0.124339
-0.054956 0.060206 0.06137
0.045834 0.061645 0.169613
0.079347 -0.073846 0.117982
0.056458 0.079245 0.135147
0.073288 -0.064522 0.152023
0.02577 -0.07846 0.153496
-0.014665 -0.09061 0.11186
-0.062461 0.064553 0.098277
0.080322 -0.061598 0.035955
0.080063 0.070515 0.060946
0.098736 0.05004 0.033323
0.035049 0.066483 0.166458
0.057068 0.084919 0.100886
0.018701 0.076577 0.157149
0.120268 0.011092 0.040675
0.060738 0.081348 0.129696
0.04175 -0.085166 0.135199
0.110161 0.036388 0.149434
-0.033245 -0.07549 0.130433
0.114198 -0.050145 0.087666
-0.030787 0.078363 0.094776
0.084216 -0.066679 0.056122
-0.019423 -0.069958 0.156221
0.038155 -0.080117 0.147764
0.06699 -0.080145 0.090238
0.119063 0.023186 0.0471
-0.03383 -0.074454 0.077348
0.077593 0.055453 0.163439
0.05387 -0.082544 0.091374
-0.083407 0.018181 0.106945
0.009904 0.091014 0.13903
0.063226 0.068157 0.15329
0.101575 0.061535 0.116984
0.062306 -0.078175 0.081745
0.065824 0.077985 0.067597
0.10095 -0.051006 0.05204
0.062987 0.078193 0.12078
0.030832 -0.072668 0.15674
-0.084249 0.003336 0.112004
-0.026104 0.080851 0.12571
0.065789 -0.079623 0.118828
0.063044 0.084092 0.117495
0.062641 -0.081426 0.126533
0.030869 -0.076389 0.151901
-0.083331 -0.014988 0.099408
0.033596 -0.068359 0.163101
-0.059972 0.06601 0.091864
-0.02512 -0.080051 0.124301
-0.035943 -0.070639 0.146194
-0.053204 0.061964 0.063029
0.098162 -0.058224 0.056051
0.018191 0.096328 0.097508
0.054375 0.082417 0.130722
-0.012832 0.056624 0.17363
0.101849 -0.046245 0.031911
0.08181 -0.07053 0.063114
0.002359 0.079321 0.147935
0.068309 -0.069699 0.062557
0.081592 0.067217 0.052181
0.063603 -0.082196 0.114837
-0.049521 0.064233 0.063102
-0.019569 0.059457 0.170871
0.104424 0.054348 0.058869
-0.080207 -0.039446 0.09723
-0.022592 -0.081314 0.129693
0.004181 -0.049377 0.182648
0.097094 -0.064893 0.104929
0.04398 -0.091014 0.125217
0.119665 0.037997 0.130264
0.009516 0.066924 0.172259
-0.032347 -0.07942 0.093971
0.106517 -0.056375 0.087052
0.076491 0.07181 0.054957
0.002553 0.098151 0.119867
-0.005702 -0.023446 0.18982
-0.058899 0.067167 0.096258
0.110261 -0.056344 0.112471
0.102606 -0.058692 0.072884
0.02134 -0.07041 0.162884
-0.067772 0.058884 0.112346
0.037633 0.060281 0.172433
-0.050726 -0.070242 0.109441
-0.016398 0.044456 0.181718
0.063983 -0.077448 0.071876
-0.005924 -0.087946 0.121421
0.064072 -0.082162 0.109942
0.11039 -0.043081 0.140297
0.014227 0.098099 0.122453
-0.083112 -0.015724 0.116948
0.069016 -0.07688 0.082462
0.038208 -0.080552 0.142429
-0.002287 0.026053 0.189487
0.12093 0.023107 0.053317
0.03577 -0.070477 0.16386
-0.061581 -0.062259 0.112819
0.006905 -0.061062 0.175373
0.058995 0.051682 0.172794
-0.077415 -0.045363 0.111086
0.020065 0.097906 0.097196
0.049419 0.090834 0.115461
0.007222 0.090993 0.138939
-0.003012 0.0 0.190986
-0.004106 -0.097907 0.106085
0.066182 0.078814 0.093375
0.067022 -0.074958 0.072067
-0.085592 0.013711 0.105001
-0.032716 -0.0788 0.089546
-0.081091 -0.035364 0.092659
-0.085796 -0.003356 0.100904
-0.002988 0.006027 0.190405
0.107178 -0.050813 0.14053
-0.036066 0.069536 0.059318
0.059058 0.081344 0.122714
-0.078253 -0.044202 0.097148
0.058049 0.053848 0.171565
0.100093 -0.019019 0.16674
0.109949 0.044592 0.040562
0.109981 -0.034368 0.031896
0.097492 0.047938 0.153249
-0.002407 0.041641 0.183456
0.095967 -0.057402 0.039341
-0.085441 -0.013521 0.114365
0.025784 -0.084279 0.138895
0.072086 -0.058304 0.160592
0.069273 -0.076824 0.106508
-1.1e-05 0.050373 0.183157
0.001588 0.086106 0.129454
0.105866 -0.0562 0.087207
0.061347 0.082996 0.089352
-0.039371 0.075683 0.103082
0.059083 -0.080242 0.079414
-0.069531 -0.056295 0.115443
0.110352 0.000119 0.15612
0.015373 0.073691 0.161775
0.124139 -0.000963 0.052668
-0.028294 -0.071343 0.151661
0.111266 -0.042175 0.045314
0.09985 0.064111 0.130562
-0.003335 0.035939 0.18709
0.050149 -0.08603 0.121424
-0.002737 0.098169 0.114377
0.097489 0.06503 0.052812
0.006882 0.060791 0.175299
-0.083528 -0.012761 0.099854
-4.9e-05 0.098151 0.117974
0.063765 0.082192 0.113819
-0.002924 0.02095 0.190887
0.119516 -0.010822 0.04412
0.058133 -0.078298 0.089029
0.009076 -0.090708 0.139385
0.090431 0.073842 0.105652
0.05986 -0.081312 0.130971
0.031064 0.076474 0.151683
0.059233 0.071294 0.149999
0.030909 -0.073232 0.156918
0.076424 -0.075037 0.137329
0.098964 -0.051956 0.055037
0.10828 -0.05103 0.05415
0.004792 0.060002 0.177715
0.086524 -0.06525 0.058268
0.020946 -0.074979 0.156507
-0.049436 0.065566 0.060338
-0.034412 -0.070741 0.143057
0.052567 0.079058 0.138901
-0.006302 0.07465 0.053728
-0.019019 -0.05828 0.16983
0.003661 -0.09061 0.129811
-0.014652 0.064881 0.165262
0.096319 -0.05516 0.051666
0.070343 0.076678 0.09564
0.059395 -0.082121 0.126411
-0.047773 -0.06976 0.132744
0.033306 0.083229 0.138528
0.066174 0.072012 0.059166
-0.082603 -0.032103 0.100189
0.102591 0.056073 0.05921
0.075912 -0.065674 0.147896
0.042269 0.070575 0.158316
0.103654 0.05659 0.05651
-0.031881 -0.039642 0.17734
0.017438 0.070345 0.163782
0.04506 -0.085853 0.128969
0.016109 -0.070162 0.167944
-0.047157 0.073569 0.091678
0.047561 -0.08022 0.137435
-0.014083 0.090993 0.130557
0.118008 -0.039375 0.053818
-0.024653 0.090793 0.115822
0.027293 0.086106 0.123046
0.102841 0.057529 0.051168
0.09468 -0.056668 0.052066
-0.071566 0.051334 0.111946
0.066978 -0.078028 0.088572
-0.025018 -0.077537 0.140666
0.003577 0.047739 0.184481
-0.072242 -0.053731 0.110867
0.08343 0.068768 0.077502
-1.9e-05 -0.086106 0.124575
0.046949 0.086223 0.126075
-0.06029 0.063833 0.09624
0.120059 0.008522 0.051938
0.014038 -0.087946 0.130137
0.056844 0.083135 0.127331
-0.084082 0.020203 0.092672
0.042841 -0.073845 0.15182
-0.005626 0.086106 0.097911
0.054779 -0.082392 0.09112
0.062233 -0.077665 0.071367
0.093113 -0.060952 0.053954
0.078549 -0.073126 0.093693
-0.019497 -0.064847 0.163045
0.11896 0.032045 0.054138
0.007244 -0.098151 0.121783
0.004821 -0.058007 0.175115
-0.081573 0.028874 0.102374
0.057405 -0.055013 0.170728
0.037396 0.090708 0.131994
0.098806 0.062835 0.057423
0.061062 -0.084055 0.12315
0.09822 -0.052607 0.032591
0.015463 0.096328 0.12156
0.068209 -0.076844 0.065086
0.01564 0.079407 0.155227
0.098518 -0.025909 0.166405
0.055717 -0.078231 0.133654
-0.055017 -0.066269 0.119748
-0.056713 -0.065226 0.118631
-0.085613 0.007082 0.116959
0.112821 -0.0439 0.046285
0.060882 0.081356 0.129482
0.118873 0.00548 0.035972
0.098952 0.063315 0.088848
0.011784 0.083923 0.142735
0.118489 0.017707 0.04261
0.07643 -0.074921 0.117638
0.059969 -0.083013 0.119518
0.09571 -0.059901 0.044844
0.09819 -0.057455 0.048328
0.018258 0.083754 0.140652
0.063522 0.072633 0.065865
0.093693 -0.063959 0.058388
-0.031683 0.031103 0.178701
-0.075807 0.044537 0.110807
0.088641 0.067497 0.061832
0.114234 -0.055282 0.104137
0.038855 -0.090738 0.114452
0.064712 0.078869 0.110386
0.064698 0.079596 0.122071
-0.036349 -0.0686 0.057875
0.105976 0.057199 0.087177
-0.082005 0.023405 0.116943
0.120007 0.034175 0.053444
0.105611 0.058433 0.104445
0.072466 0.071394 0.065439
-0.035665 0.016495 0.181705
0.113624 0.000114 0.051466
0.035201 -0.09061 0.121046
-0.081631 -0.025335 0.116942
-0.003387 0.042419 0.184593
0.02891 -0.098151 0.108781
0.021349 0.098169 0.098251
0.00148 0.051697 0.17897
-0.078061 -0.040498 0.103215
-0.007284 0.003382 0.191456
0.121195 -0.030217 0.053221
0.025933 -0.086106 0.094512
0.053795 0.082705 0.092361
0.102566 0.060942 0.097656
-0.006537 -0.081736 0.138246
0.089699 -0.056393 0.148437
0.117808 0.014724 0.034278
0.09395 0.060685 0.049748
-0.079958 -0.034523 0.110422
0.092631 -0.062768 0.134903
0.057297 0.076118 0.06156
0.059991 0.08138 0.120232
0.099277 0.000118 0.169354
0.052724 -0.051278 0.177558
-0.048712 0.073543 0.106149
0.06736 -0.073974 0.070878
0.028671 -0.098016 0.105949
0.002904 0.077561 0.156362
0.068842 0.07498 0.145626
0.09825 -0.062903 0.089008
0.080304 -0.075947 0.107097
0.081402 0.071991 0.060697
0.01955 0.090708 0.138946
0.035636 0.078024 0.148772
0.121818 -0.015811 0.053104
0.014283 0.070035 0.166758
-0.060354 -0.064987 0.117235
-0.003247 -0.096328 0.107275
0.057926 0.07495 0.057624
0.071299 -0.07378 0.082889
0.099213 -0.058903 0.059847
-0.021911 -0.072537 0.05666
0.11466 0.035196 0.044621
0.094688 0.062046 0.060691
-0.035887 -0.070452 0.06337
-0.084229 0.022303 0.097415
0.052993 0.082307 0.08567
0.075958 -0.053266 0.163783
-0.065659 -0.061339 0.092593
0.063911 0.000115 0.187278
-0.051584 0.069728 0.097915
0.061264 0.069772 0.151673
0.038455 0.091014 0.059068
0.014083 -0.066077 0.171258
0.055663 -0.080571 0.128988
0.088781 0.067882 0.065648
0.035291 0.084853 0.134591
-0.033651 0.077386 0.082239
0.085424 0.068388 0.076618
0.064273 0.074296 0.066804
0.097489 0.06503 0.061952
0.068146 0.072536 0.062636
0.076126 0.051521 0.169846
0.12005 0.034039 0.053436
0.028718 -0.074353 0.04565
0.043388 -0.089173 0.124917
0.016132 -0.090986 0.131031
-0.084332 -0.001852 0.108993
-0.084462 -0.01758 0.093587
0.071152 0.067402 0.037678
0.116519 0.012909 0.030439
0.08157 0.074883 0.12077
0.115648 0.016745 0.048463
0.036305 0.079998 0.148517
-0.009276 -0.087946 0.101215
0.104348 -0.051456 0.068224
0.068058 0.075944 0.127405
0.104372 -0.050321 0.0441
0.08741 0.067339 0.059573
0.097129 -0.053201 0.151389
0.01086 -0.027134 0.191015
0.031618 0.089173 0.056531
0.021541 0.091014 0.130157
0.091256 0.051682 0.15237
0.105068 -0.053694 0.058744
0.09436 -0.061249 0.135427
0.033375 0.069817 0.16256
0.030193 0.072281 0.162384
-0.017564 0.080738 0.132243
0.061436 0.074585 0.071594
0.044683 -0.07796 0.144489
0.028848 -0.097907 0.106267
-0.011504 -0.089173 0.121893
0.01362 -0.067474 0.168302
-0.082891 -0.022113 0.105841
0.064504 -0.081268 0.09547
0.051363 0.085226 0.10888
0.122351 0.042233 0.106886
0.121397 0.040137 0.087888
0.095458 -0.066113 0.115562
0.06492 0.078971 0.121496
-0.05125 0.071062 0.088124
0.038955 -0.085343 0.135597
0.058135 0.083212 0.124861
0.016014 0.083047 0.141286
-0.032334 0.079521 0.095025
0.117246 0.003905 0.031378
0.104496 0.052599 0.054858
0.030621 0.079297 0.148655
0.117799 0.027567 0.066218
0.065299 0.076376 0.068398
-0.044878 0.075339 0.109181
0.097069 0.064011 0.057752
-0.058206 -0.064434 0.116721
-0.035477 0.077314 0.127186
-0.02421 -0.089173 0.112172
-0.022032 0.063427 0.16597
0.089 -0.063864 0.054954
-0.061981 0.063707 0.116935
0.041249 0.085145 0.130177
-0.016007 0.07028 0.157599
0.002341 -0.045467 0.183743
-0.02337 0.061185 0.167514
0.095286 -0.027354 0.166449
-0.083827 0.023646 0.116952
0.037861 0.089173 0.057632
0.118736 -0.036543 0.071518
0.064201 -0.07994 0.119455
0.119294 0.040904 0.12043
0.028732 -0.079847 0.149978
0.006043 0.077748 0.15682
-0.082949 -0.020453 0.112658
0.073387 0.074852 0.062345
0.052972 0.083763 0.134775
-0.055729 0.068721 0.090173
-0.031505 -0.078305 0.10103
-0.03446 -0.073392 0.073313
-0.045428 -0.073486 0.123601
0.001332 0.091014 0.129587
0.096608 0.061602 0.056346
0.009808 0.079766 0.148967
0.116407 -0.022423 0.033176
-0.005358 -0.035435 0.186862
-0.023053 0.080269 0.133253
0.035402 0.079065 0.148326
0.102841 -0.057529 0.051168
0.122116 -0.006966 0.045967
0.019905 0.072258 0.162743
0.067863 0.017215 0.184662
0.080399 0.073284 0.093266
0.121701 -0.034684 0.089931
0.036935 -0.061896 0.170824
-0.004461 0.014887 0.191391
0.030163 0.086106 0.097741
0.100037 -0.054564 0.137164
-0.08421 0.007254 0.108715
0.091491 0.066606 0.056623
0.117949 0.014157 0.03997
-0.02621 0.078869 0.125531
-0.009519 -0.087946 0.120838
0.096206 0.064292 0.119977
0.053294 -0.081885 0.134434
-0.06206 0.062063 0.092423
0.11503 -0.024557 0.030731
0.064784 0.079598 0.121859
0.077707 -0.072091 0.063886
0.037554 0.031937 0.189154
0.121836 -0.009446 0.051602
0.051216 0.000114 0.19084
0.088206 -0.063905 0.054099
0.071297 -0.073221 0.061501
0.069923 -0.075695 0.127974
0.034119 0.057404 0.175365
0.074072 -0.068802 0.14332
0.102108 -0.061243 0.104639
0.071089 -0.074475 0.082973
-0.016877 -0.068281 0.160021
-0.075322 0.049636 0.107474
0.042308 0.083229 0.143057
0.1061 -0.057745 0.104425
0.052972 -0.081871 0.134775
0.123733 0.006125 0.051422
0.063896 0.081608 0.083282
-0.074976 0.050428 0.098882
-0.082899 -0.031129 0.109206
-0.007174 -0.050583 0.181369
-0.003017 0.096328 0.112086
0.050303 -0.082768 0.134687
0.096509 0.060153 0.071701
0.001879 0.071355 0.165739
0.083448 -0.071814 0.092529
-0.014051 0.076619 0.146581
-0.033761 -0.077043 0.093943
0.02598 -0.080496 0.153258
0.001045 0.064446 0.173137
0.111669 0.040848 0.038922
-0.045053 0.073133 0.111184
0.122104 -0.026423 0.05305
0.079674 0.071621 0.130959
0.122346 -0.017068 0.055499
0.003117 0.098053 0.120416
0.073958 -0.074631 0.088045
-0.035542 -0.074193 0.069845
0.125315 -0.032123 0.116215
-0.076422 0.043064 0.111908
-0.010365 -0.09061 0.121208
-0.015972 -0.075261 0.148497
0.020727 0.041954 0.188471
-0.030734 -0.078592 0.114356
0.071974 -0.068911 0.146462
0.067107 0.081436 0.105845
0.115217 0.01023 0.051079
0.056977 0.074696 0.053016
-0.000223 -0.049675 0.183497
0.052628 -0.081855 0.135119
-0.039211 -0.074696 0.0779
0.025628 0.087946 0.127309
-0.013741 -0.080157 0.135872
0.035739 0.09061 0.057925
0.046309 -0.053574 0.177887
-0.065262 0.059577 0.098733
-0.084982 -0.009377 0.092677
-0.011506 -0.03897 0.185609
-0.055361 0.066462 0.087857
0.052291 -0.071341 0.042718
-0.003853 0.033738 0.187686
0.073654 -0.064876 0.155438
-0.028987 -0.079735 0.115772
0.061998 0.07822 0.073694
0.067131 0.07898 0.108951
-0.05268 -0.06728 0.12249
0.00734 -0.089173 0.138259
0.026934 0.000115 0.194188
0.026629 0.084974 0.140197
0.108423 0.036333 0.030675
-0.027111 0.069242 0.152401
0.054127 -0.081985 0.087458
0.029188 0.016361 0.193108
0.063148 0.077156 0.086499
0.116406 0.003921 0.029162
-0.0154 -0.091014 0.068557
-0.006377 0.026521 0.190599
-0.035338 -0.074307 0.069722
0.102807 0.055063 0.05917
0.025759 0.090931 0.137373
-0.005168 0.031472 0.189655
0.114938 -0.044497 0.052889
0.119355 0.010398 0.037862
0.095809 -0.058517 0.047085
0.114521 -0.003891 0.048736
-0.02299 -0.0166 0.187304
0.10277 0.059768 0.120751
0.068569 0.07655 0.096063
0.028695 0.08173 0.150167
0.065111 -0.078403 0.068726
0.106487 -0.052927 0.048243
0.059903 0.084027 0.125703
-0.04004 -0.077403 0.103333
0.119737 0.023062 0.055857
0.061793 -0.075218 0.076006
-0.08347 -0.024535 0.09267
0.11011 -0.047563 0.0578
0.06805 0.070653 0.062716
-0.000751 -0.029282 0.187443
0.070246 -0.072334 0.066897
0.084332 -0.076016 0.098113
0.041531 0.085716 0.132305
0.108993 0.046398 0.04139
0.054138 -0.07428 0.145752
0.074905 -0.026012 0.179893
0.064364 0.081888 0.118013
0.035827 0.064791 0.168266
-0.053565 0.070599 0.111012
0.059939 -0.08171 0.088932
0.067017 -0.078681 0.093765
-0.047676 0.073076 0.118994
0.064757 -0.078398 0.087961
0.049929 0.090784 0.113346
0.09815 0.058235 0.056055
-0.071702 0.052072 0.099628
0.104705 0.05766 0.083206
0.069869 0.000108 0.186613
-0.075807 -0.044537 0.110807
0.097359 -0.054981 0.052919
-0.045056 -0.073294 0.105109
-0.036516 0.069879 0.062339
0.045815 0.084067 0.127742
0.068881 0.062927 0.15795
-0.025495 0.024035 0.183364
0.126128 -0.019087 0.098328
-0.000423 0.032294 0.189807
0.097797 -0.057068 0.136481
-0.003895 -0.098099 0.106125
-0.012347 0.082217 0.137141
0.115531 -0.042715 0.051617
-0.058814 0.067391 0.105695
-0.040151 -0.075295 0.111743
-0.018965 -0.00998 0.187826
0.093529 -0.06788 0.123984
0.03636 0.084863 0.138732
0.049914 0.077262 0.142319
-0.074562 0.050964 0.10618
-0.011447 0.087946 0.10813
0.005271 0.086106 0.126576
-0.042147 -0.074326 0.097977
-0.020786 -0.073375 0.149299
-0.064203 -0.060645 0.103391
-0.030208 -0.079214 0.106794
0.105146 -0.0451 0.051021
0.06458 0.071458 0.064765
0.122353 -0.002321 0.053003
0.010804 -0.063073 0.174857
0.113752 -0.04296 0.053129
0.061216 0.070802 0.039545
-0.083734 -0.00971 0.100325
0.064783 -0.079597 0.121864
0.110108 0.045593 0.048086
0.013407 0.069141 0.167769
-0.076215 -0.043505 0.09299
-0.009792 -0.081082 0.13718
0.119267 0.01951 0.052085
0.066907 -0.075153 0.072829
0.109086 -0.050032 0.053999
-0.083662 0.015753 0.107499
0.020477 -0.07038 0.163878
0.086879 0.072227 0.078737
0.063603 -0.072362 0.065765
0.103032 0.058148 0.059126
-0.002652 -0.074946 0.053041
0.055668 0.083878 0.131836
-0.057419 -0.067647 0.090408
0.034029 -0.090743 0.122465
0.007186 0.06375 0.174948
-0.00443 0.097998 0.110341
0.08409 0.071799 0.092369
0.037882 0.073823 0.045425
-0.034199 0.076177 0.075908
-0.065109 -0.058232 0.116859
0.036895 -0.091014 0.119658
0.102638 -0.045275 0.031762
-9.9e-05 0.098151 0.100472
0.089487 0.069403 0.129036
0.038631 0.059234 0.173163
0.112182 0.047061 0.056132
-0.016135 0.056324 0.172628
0.077605 -0.072379 0.05792
0.004395 -0.05658 0.178154
0.041653 -0.069763 0.159496
0.063657 0.079562 0.12451
-0.010583 0.086106 0.121403
-0.003908 -0.09815 0.111738
-0.057269 -0.065447 0.114852
0.118521 -0.019527 0.037727
0.015373 -0.073691 0.161775
0.059852 -0.082137 0.125563
-0.079327 -0.035655 0.113138
-0.005062 0.074332 0.051996
0.111184 0.029849 0.030161
-0.083882 0.002029 0.116953
-0.069475 0.054445 0.092603
-0.040945 0.076671 0.096362
0.098659 -0.056102 0.136742
0.08128 0.069867 0.078459
0.067554 0.074674 0.063568
-0.013488 -0.090986 0.0665
-0.013129 -0.018506 0.190281
-0.074292 -0.051049 0.093979
0.050724 0.066891 0.162054
-0.023901 0.090972 0.117685
-0.000387 -0.029724 0.187958
0.081365 -0.053222 0.162609
0.069673 0.081359 0.10478
0.059851 0.080688 0.121439
0.044439 0.032333 0.18965
0.104328 0.049621 0.051221
0.039019 0.090903 0.114465
0.079541 0.061175 0.151995
0.058504 -0.084761 0.102069
-0.017497 0.091014 0.127261
-0.033974 0.022522 0.17976
0.057926 -0.07495 0.057624
0.108416 0.051614 0.055624
0.001247 -0.038574 0.184786
0.059739 0.081383 0.120976
0.11912 0.036654 0.053614
-0.007521 0.02363 0.189358
-0.042644 -0.073092 0.088008
0.116056 0.030476 0.037969
0.111265 -0.043668 0.05359
0.04571 -0.090835 0.123539
0.025961 -0.091007 0.137276
0.094528 0.060764 0.056734
-0.061741 0.062604 0.108192
0.111771 0.01599 0.047905
0.09681 -0.060469 0.071563
0.009956 0.057899 0.176003
-0.054956 -0.062503 0.06137
-0.008571 0.063509 0.169038
0.009733 0.015438 0.19293
-0.059314 0.065844 0.11709
-0.005039 -0.031586 0.1865
0.086117 0.043173 0.168701
0.109057 -0.054717 0.10426
0.09246 -0.058047 0.056625
0.060233 -0.081823 0.127346
0.12352 0.016793 0.052784
0.067006 0.07787 0.092201
0.039313 -0.054887 0.176309
0.038986 0.055374 0.175552
-0.045799 -0.067643 0.135683
0.05654 0.075176 0.070359
0.111138 -0.050353 0.053688
0.013599 0.02216 0.193747
-0.010675 -0.086106 0.065383
0.078169 -0.073634 0.117844
-0.046639 0.067962 0.07103
-0.034985 -0.072501 0.070247
0.114502 0.004116 0.048742
-0.027048 -0.054005 0.17176
0.106332 0.040053 0.031068
0.039886 -0.080248 0.146973
0.032081 -0.077461 0.150764
0.050209 -0.086283 0.120706
0.122362 0.025822 0.134117
0.014873 -0.06393 0.170346
0.10679 -0.050008 0.054431
-0.002281 0.055204 0.052812
-0.021038 -0.072255 0.054999
0.079066 0.052982 0.166895
0.120119 0.006624 0.051926
-0.083142 0.008764 0.092667
-0.022232 0.035348 0.18328
-0.032085 0.07733 0.091824
-0.071678 -0.053221 0.116896
-0.029378 -0.070958 0.058062
0.112318 0.052893 0.087595
0.042398 0.078462 0.145864
-0.0319 -0.080002 0.098942
0.018214 -0.096328 0.120932
-0.081687 0.03507 0.110662
0.109365 -0.051456 0.121532
0.082966 -0.069446 0.077708
0.069715 0.077344 0.116845
-0.011234 0.043364 0.183867
-0.013652 0.091 0.066573
-0.06097 0.065804 0.100121
0.05744 0.082056 0.129447
0.09104 0.064186 0.061391
0.111275 -0.047805 0.055041
0.113562 0.007224 0.051482
-0.031244 -0.080413 0.113712
0.114026 0.029971 0.056159
-0.084059 -0.023416 0.097333
-0.082942 0.014714 0.094262
0.068202 -0.077563 0.116662
0.099535 -0.05949 0.055792
-0.019607 0.0 0.189534
0.057563 -0.074557 0.055638
-0.046468 0.074253 0.095439
-0.024933 0.080484 0.129622
0.087282 -0.061486 0.043003
0.005577 0.058656 0.176805
0.008304 -0.054053 0.177927
0.049024 0.070038 0.158178
0.010981 0.087946 0.130152
-0.004306 0.090774 0.1265
0.000438 0.052445 0.180174
0.018705 0.06879 0.165924
0.053254 -0.085901 0.110152
0.000713 -0.097907 0.099439
0.115375 -0.024802 0.037082
-0.017979 -0.090992 0.127174
-0.06828 0.059119 0.104063
-0.018866 0.016461 0.187194
0.014082 0.090892 0.139378
-0.073753 -0.050233 0.116898
0.117843 -0.033722 0.0522
-0.003676 -0.034486 0.187482
0.081037 -0.069982 0.131365
-0.05171 0.068851 0.117385
0.069047 0.073391 0.059816
-0.053022 -0.066992 0.082212
0.059618 0.062328 0.163957
0.079052 0.066055 0.145937
-0.034288 0.019781 0.180113
-0.028148 -0.079001 0.120512
-0.043168 -0.074148 0.106552
0.096504 0.059456 0.136051
0.066117 0.071423 0.063684
0.095979 -0.067708 0.117194
0.096785 0.051408 0.032861
0.041504 0.079912 0.141525
0.069844 -0.069767 0.062134
-0.085143 -0.003519 0.092677
-0.012108 -0.044567 0.052812
0.032397 0.082582 0.147433
-0.053356 -0.067281 0.08507
-0.002076 -0.006575 0.192008
-0.032482 -0.076303 0.12806
0.019684 0.074127 0.157959
0.063971 0.081136 0.093371
-0.014232 -0.090903 0.114718
0.076455 -0.06745 0.04774
0.047983 0.078034 0.141141
0.129141 0.000114 0.100136
-0.053253 0.067858 0.076583
0.07282 0.063389 0.161078
-0.030139 -0.07922 0.110778
-0.026917 0.078225 0.128051
0.119632 -0.024188 0.049531
0.079432 0.073839 0.112165
0.072318 0.074982 0.091292
0.100995 0.060491 0.120557
0.117814 -0.035022 0.053856
-0.083759 0.004038 0.098273
0.125782 0.029269 0.11861
0.093094 0.066391 0.119615
-0.010652 0.090903 0.065456
-0.002633 0.011885 0.190549
-0.069515 0.053928 0.112848
-0.012435 0.09061 0.066247
0.001049 0.083349 0.141641
0.051387 0.084158 0.11839
0.036386 -0.087946 0.059128
-0.028914 0.079741 0.116072
0.077433 0.0752 0.106047
-0.022707 -0.074706 0.149426
0.107808 -0.054945 0.086745
0.104988 -0.051459 0.133347
0.01313 0.098169 0.096124
0.077419 0.074891 0.11777
0.097998 0.058827 0.07104
-0.032194 -0.033377 0.177696
0.082237 -0.071634 0.06054
-0.004905 0.034257 0.188902
0.083011 -0.072272 0.118417
0.023164 0.090993 0.137952
0.071989 0.070413 0.059102
0.070337 -0.072293 0.066827
0.045109 -0.077985 0.144234
-0.044765 0.071612 0.074006
-0.034437 0.075164 0.129759
0.017033 0.05011 0.182804
-0.032867 -0.079498 0.096613
0.036285 0.063721 0.169312
0.066809 0.079002 0.113943
-0.032547 0.0 0.182605
-0.070036 -0.05416 0.09677
0.07402 -0.056373 0.162184
-0.082349 -0.024551 0.101861
0.106217 -0.058465 0.10441
0.071472 0.075726 0.095374
-0.017551 -0.079702 0.133789
0.112968 0.000114 0.049618
0.053537 -0.085497 0.101904
0.097538 -0.059019 0.071253
-0.082526 0.021382 0.097622
0.107232 -0.055491 0.055528
0.050694 -0.084161 0.120098
0.032863 -0.075214 0.160324
0.033849 -0.089173 0.132995
0.034658 -0.086106 0.057374
-0.068688 -0.055205 0.111383
-0.049673 0.070973 0.104324
0.003032 0.082558 0.140682
0.084598 -0.070652 0.060096
0.050469 -0.084779 0.117155
0.054033 0.080252 0.135656
0.059248 -0.074424 0.049731
0.063824 0.077875 0.073685
-0.014307 0.025728 0.188639
0.124341 0.027713 0.095097
0.040254 0.051682 0.178483
-0.003862 -0.087946 0.123153
0.034798 0.066254 0.165889
0.079278 0.07409 0.117971
0.033714 0.077813 0.149661
-0.001796 -0.02899 0.188832
0.114556 -0.024543 0.029524
0.066874 0.077155 0.073215
-0.025133 -0.03158 0.181581
0.071328 -0.074935 0.060717
0.032111 0.090997 0.124682
0.057239 0.083848 0.090699
-0.013374 0.0 0.191498
0.074355 0.068844 0.14347
0.104308 -0.052704 0.062799
0.056654 0.067667 0.157774
-0.030399 -0.078843 0.11285
-0.071474 -0.052397 0.103247
0.12604 -0.024549 0.091583
0.000428 0.039892 0.186418
0.033256 -0.089173 0.056374
-0.056915 0.066455 0.106331
-0.03412 -0.077025 0.081026
0.053833 -0.081035 0.137726
0.064024 -0.081801 0.100504
0.03498 -0.087946 0.103226
0.09689 -0.05132 0.032842
0.078571 0.069146 0.063723
0.002385 0.074677 0.161159
-0.002281 0.055204 0.061952
0.04962 0.090994 0.113441
0.054429 -0.084859 0.126715
-0.003017 -0.096328 0.112086
-0.03793 -0.077654 0.118443
0.052666 -0.085953 0.115016
0.106589 -0.056939 0.111272
0.012681 0.084021 0.142652
0.03957 0.080334 0.143502
0.070664 -0.075719 0.095565
0.039247 -0.09061 0.062222
-0.052582 -0.070936 0.093295
0.029609 -0.089173 0.127476
0.064262 0.067261 0.154144
0.118539 -0.035032 0.056215
0.039816 -0.091014 0.112734
0.061587 0.074021 0.069633
0.116379 0.005177 0.029176
0.092906 -0.06457 0.077496
0.095855 -0.064788 0.057981
0.092997 -0.064398 0.05247
0.103727 -0.048783 0.039901
-0.014889 -0.09061 0.109341
0.029545 -0.083528 0.138414
0.067953 -0.065122 0.158795
-0.03633 -0.076877 0.10816
-0.039496 -0.069457 0.140108
0.0152 0.087946 0.090328
0.10404 0.046443 0.031499
0.057277 0.06698 0.159266
0.013092 -0.0625 0.172379
-0.085452 -0.015317 0.104694
0.056376 0.080116 0.069528
0.009692 -0.066367 0.052812
-0.029081 0.045134 0.174104
-0.02908 0.016129 0.183192
-0.01557 0.090986 0.070273
0.007967 0.090986 0.130978
-0.006349 0.054731 0.177054
-0.080333 0.033662 0.100667
-0.002397 -0.077908 0.149624
0.062182 -0.077742 0.071669
-0.055126 -0.068714 0.087285
0.033287 -0.085233 0.138113
0.058519 0.073451 0.065
0.100137 -0.053222 0.054753
0.020742 0.090966 0.130174
0.009875 -0.090835 0.139372
0.003653 0.02565 0.189051
-0.040105 0.075899 0.12438
0.039001 0.085648 0.134102
-0.083234 0.025997 0.092668
0.114672 0.003476 0.029586
0.012502 -0.079312 0.155006
0.081891 0.072703 0.092899
0.06574 -0.07424 0.138932
-0.080822 -0.031664 0.100103
-0.030305 0.078846 0.113531
-0.049134 0.063543 0.060277
-0.056295 -0.068912 0.09594
0.1033 0.059758 0.087816
0.114098 -0.016701 0.029802
0.052283 -0.064582 0.16408
-0.004363 0.090708 0.1364
-0.012108 -0.044567 0.061952
0.104928 -0.057915 0.056272
0.022116 -0.073801 0.161988
-0.079683 -0.035643 0.099413
-0.022473 -0.080289 0.127712
-0.084787 -0.021632 0.109437
0.11018 0.03472 0.049799
0.100312 -0.065603 0.108878
0.108385 -0.052548 0.051613
0.061459 0.074232 0.070388
0.05201 0.065201 0.163727
-0.032152 0.079751 0.096767
-0.050324 0.070064 0.079271
0.018884 0.081734 0.150221
-0.032154 -0.068772 0.149158
0.12139 -0.019883 0.053185
0.053232 -0.077462 0.136475
0.121414 -0.015913 0.051683
0.122568 0.014485 0.055458
-0.007943 -0.080553 0.145095
0.059452 0.082565 0.122376
0.030493 -0.073132 0.155958
0.092505 0.067934 0.105182
0.075164 -0.075709 0.106175
0.060919 -0.082675 0.098936
-0.002215 0.061896 0.172459
-0.029049 0.074719 0.144152
-0.001981 0.09814 0.115934
0.07304 0.034136 0.178352
-0.084207 0.0 0.092673
0.006293 0.062822 0.173417
-0.018182 0.034962 0.183196
0.05571 -0.079072 0.072854
0.070904 0.076377 0.072903
0.122446 -0.036954 0.103489
0.048456 -0.086261 0.123902
0.046364 0.071014 0.156394
0.061463 -0.073999 0.070367
0.045119 0.089173 0.122492
-0.032722 -0.076299 0.085672
0.063712 0.082194 0.114189
0.057439 -0.082057 0.129441
-0.052045 0.061984 0.060823
0.112204 0.042457 0.042533
-0.044109 -0.07335 0.127383
0.106957 0.043715 0.037786
-0.036381 -0.07282 0.065611
0.06713 0.079606 0.108614
0.028366 0.056732 0.178509
0.104288 -0.051533 0.06825
0.104955 -0.055352 0.056272
0.073387 -0.074852 0.062345
0.007729 0.086106 0.130888
0.018308 -0.075209 0.159551
0.119468 -0.012483 0.038527
0.004701 -0.09061 0.130053
0.123913 -0.032635 0.107515
-0.010773 0.074185 0.054568
0.076221 -0.067292 0.144453
0.097113 -0.065616 0.104927
-0.038339 -0.076135 0.10687
0.123956 0.025709 0.122936
0.024884 0.09815 0.117856
0.118257 -0.00336 0.034174
0.007284 0.063901 0.174834
0.040058 -0.085818 0.133122
0.099274 0.031786 0.161381
-0.080092 0.038514 0.092654
0.04891 0.075205 0.148361
0.112943 0.040568 0.041597
0.081303 -0.072062 0.093038
0.004675 -0.05223 0.180214
0.091005 0.021051 0.171447
0.02123 0.089173 0.137665
0.12236 0.001173 0.053002
-0.069692 -0.057076 0.092604
0.049003 0.000115 0.19281
0.098569 0.058278 0.070787
0.081285 -0.066174 0.056834
0.114075 0.033701 0.041316
-0.032446 0.077627 0.119459
0.064193 -0.074324 0.138117
0.080872 -0.072202 0.060797
0.006178 -0.098099 0.09683
-0.083874 0.002916 0.116952
0.099415 -0.058033 0.070412
0.074608 -0.075904 0.106204
0.018135 -0.073047 0.159751
0.127503 -0.009859 0.103611
0.013956 -0.086106 0.127427
-0.013418 -0.051739 0.176856
0.087423 -0.057197 0.156765
-0.039393 0.074262 0.123959
0.068459 -0.074979 0.14016
-0.083123 -0.018451 0.101175
0.036605 -0.077032 0.147717
-0.036377 -0.069232 0.059377
0.110141 0.048032 0.068322
-0.033639 0.07474 0.139241
0.063826 0.079716 0.073407
-0.046347 -0.069495 0.076963
0.068444 -0.072382 0.062963
-0.002411 0.09061 0.127478
0.10044 0.058027 0.053737
0.108698 -0.055759 0.097483
-0.033612 0.025229 0.179333
0.034423 0.089173 0.123809
0.033273 -0.087946 0.058278
0.014772 -0.090774 0.130932
0.049998 -0.079344 0.133519
0.047731 0.082118 0.137289
0.036398 -0.089173 0.121666
-0.009439 0.076502 0.153768
0.063772 0.082136 0.115547
0.050661 0.082841 0.135273
0.058425 -0.080536 0.092343
0.122464 -0.015738 0.055477
0.060109 0.073025 0.046079
-0.006101 -0.057144 0.17537
-0.062541 0.060714 0.116883
0.067058 -0.079195 0.099262
0.112291 -0.020098 0.153659
0.055641 -0.056793 0.172852
0.124124 -0.005386 0.05267
0.116438 0.039661 0.055887
-0.083244 0.025942 0.092668
-0.070345 -0.056806 0.099054
0.062994 -0.077965 0.120753
0.009692 -0.066367 0.061952
0.06993 -0.075692 0.127976
-0.036951 -0.078606 0.108447
-0.044985 -0.072328 0.12956
0.060275 0.072975 0.046112
0.018484 0.067845 0.16618
-0.037911 0.075897 0.116198
0.009459 0.077552 0.154017
-0.039058 -0.073 0.079091
0.014815 0.091014 0.131316
-0.058257 0.065044 0.092424
0.053383 0.083493 0.099631
0.027852 -0.08102 0.146972
0.057985 0.073111 0.049895
0.039516 0.09061 0.110877
-0.071169 -0.052594 0.106898
0.123617 0.015659 0.052766
-0.06533 -0.061309 0.112833
0.121559 0.009285 0.050693
0.076923 0.07393 0.094079
-0.004214 -0.098099 0.107521
-0.059535 0.065603 0.117457
0.069006 0.076828 0.052812
-0.012699 0.090708 0.131973
0.07074 -0.071594 0.141602
-0.083832 -0.026667 0.111034
0.123078 0.000114 0.139052
0.088482 -0.064256 0.057867
0.068607 0.074585 0.079269
0.121615 -0.02859 0.053124
0.037332 -0.090835 0.131936
-0.056039 -0.068374 0.088987
-0.072111 -0.054634 0.102032
0.058189 -0.077389 0.134941
-0.083299 -0.018275 0.103895
-0.013979 -0.090774 0.067267
0.069677 0.076236 0.064043
0.055984 0.073448 0.147308
-0.05212 -0.06739 0.123628
-0.062462 -0.064553 0.098277
-0.004158 -0.098016 0.111777
0.063297 -0.075409 0.148466
0.116372 0.005729 0.029168
0.009599 -0.098099 0.096067
-0.083277 0.014171 0.116949
0.070737 -0.073122 0.06064
0.062789 0.068212 0.157856
-0.019073 0.029452 0.186225
-0.031699 0.080345 0.110866
-0.009814 0.079901 0.13993
0.114022 0.00091 0.047352
-0.018482 -0.028971 0.184895
0.094186 0.065687 0.119738
0.003819 -0.096328 0.119808
-0.030309 -0.041279 0.175536
0.082224 0.067718 0.063039
0.044944 -0.081468 0.141259
0.092537 -0.055475 0.03529
0.098735 -0.064524 0.108424
0.033482 -0.068542 0.162854
0.056173 -0.07821 0.069313
-0.004341 0.031433 0.188271
0.059115 -0.079685 0.116737
0.010194 0.083776 0.142808
0.120202 -0.014554 0.047106
0.037633 -0.060053 0.172433
0.039217 -0.090735 0.061438
0.047813 0.078786 0.142524
0.062524 0.073222 0.067266
-0.041296 -0.067979 0.141155
-0.035498 -0.076377 0.120629
0.074164 -0.066864 0.057065
0.060232 -0.082062 0.09228
0.086844 -0.069618 0.091723
0.101198 -0.054754 0.041902
0.037151 0.061569 0.171349
0.086972 0.062055 0.057961
0.121217 0.024867 0.055559
0.049167 -0.084865 0.120253
0.076977 0.066117 0.151397
-0.008653 0.086106 0.123445
0.012637 -0.089173 0.138577
-0.002121 -0.096328 0.104181
0.067067 -0.079004 0.111245
0.066994 -0.077874 0.116524
-0.078528 0.039041 0.107754
-0.033104 0.079879 0.104478
0.040924 0.090993 0.128728
0.122741 0.011692 0.055425
-0.077128 -0.042563 0.105224
-0.082743 0.015314 0.092666
-0.082076 -0.031367 0.116943
-0.009484 -0.056899 0.174545
0.103179 -0.047106 0.035841
0.061142 0.069904 0.151566
0.069921 -0.074253 0.083485
-0.010586 -0.080708 0.143052
0.056995 -0.048771 0.177759
0.115131 0.040321 0.052861
0.000103 -0.04853 0.180559
0.059071 0.071135 0.044378
-0.055054 -0.066547 0.087071
0.048216 -0.080249 0.136919
-0.036311 0.0 0.182448
0.0034 -0.074854 0.050407
0.059399 -0.051456 0.173318
-0.013447 -0.091007 0.131058
0.026362 -0.098143 0.116495
-0.052502 -0.071332 0.098117
-0.027892 -0.048551 0.172732
0.114604 0.006181 0.029573
0.065903 -0.078995 0.118417
-0.046997 0.067572 0.133942
0.106485 0.052152 0.058479
-0.034495 0.075986 0.07631
0.053547 0.083168 0.096357
0.038047 -0.089173 0.119354
0.009455 0.039772 0.188738
-0.044328 0.070914 0.07939
-0.020936 -0.071984 0.155558
-0.030385 -0.072049 0.148625
0.003071 0.075957 0.155634
0.10026 -0.062701 0.104751
0.110929 0.021929 0.15226
-0.005081 0.027542 0.189102
0.070335 -0.067265 0.150848
-0.081904 -0.027122 0.110517
0.05506 0.082029 0.076389
0.059736 0.055943 0.169233
-0.052759 -0.067259 0.122346
0.05011 -0.090931 0.109032
-0.042913 0.068054 0.064891
0.063005 0.075071 0.069008
-0.0847 -0.022377 0.10597
0.044186 0.082489 0.140617
0.084672 0.063119 0.044205
0.061684 -0.081144 0.109379
0.088648 0.056364 0.150984
0.058698 -0.071812 0.046204
-0.013134 0.054228 0.175288
0.03128 0.072284 0.157773
0.014038 0.087946 0.130137
0.064804 -0.076721 0.069412
-0.051335 0.067001 0.068713
-0.033367 0.00495 0.18382
0.088726 -0.055496 0.154655
0.079252 -0.066349 0.152412
-0.017347 -0.067714 0.160563
-0.032713 0.078639 0.087214
-0.048875 -0.070942 0.11404
-0.035083 0.0098 0.181037
0.113926 0.018122 0.029812
-0.06082 -0.065649 0.109506
0.076996 -0.032642 0.178753
0.073536 0.056447 0.161787
0.032761 0.079396 0.145575
0.071345 -0.073656 0.06314
0.012217 -0.086106 0.09095
0.123613 0.015296 0.052622
-0.047411 0.072123 0.124958
0.115492 0.036861 0.0672
0.062054 -0.077797 0.081195
-0.00243 0.096328 0.113632
-0.079322 -0.040551 0.114056
0.113996 0.004246 0.047358
-0.05495 0.060455 0.062111
0.12007 -0.042599 0.102211
0.054808 -0.081951 0.132794
-0.028987 0.079735 0.115772
-0.006543 -0.025436 0.190791
0.11012 0.051684 0.121622
0.09674 -0.05551 0.145817
0.073109 -0.075721 0.106291
0.069006 0.076828 0.061952
0.131088 -0.016084 0.052812
-0.007132 -0.017563 0.18891
0.12549 0.025076 0.114483
0.107014 0.055141 0.086911
0.066936 -0.07714 0.082878
-0.051678 -0.070856 0.118629
0.055685 -0.070076 0.040584
-0.020667 0.012382 0.186999
0.07898 0.072858 0.124048
-0.032578 -0.069694 0.057168
0.051996 0.081829 0.135725
0.076493 0.072525 0.129978
-0.016325 0.07025 0.157475
-0.036738 0.06899 0.059445
0.096745 0.067791 0.094429
-0.075351 0.0489 0.111796
0.050426 -0.08416 0.120658
0.04832 0.06971 0.158932
0.045878 0.072161 0.155763
0.117449 -0.050759 0.106064
-0.000997 -0.032455 0.188661
-0.033226 -0.077928 0.110013
0.010878 0.083827 0.142816
0.059528 -0.065708 0.159641
0.004117 -0.081511 0.142069
0.058488 -0.082236 0.081555
0.097237 -0.062465 0.124573
0.090881 0.068461 0.119347
0.097591 -0.056461 0.051463
0.08678 0.066944 0.076016
-0.078358 0.038795 0.111335
0.039032 -0.026413 0.19042
0.037815 -0.079691 0.143453
0.113093 0.034006 0.039078
0.008112 0.086106 0.127156
-0.040374 0.071184 0.134341
-0.056213 0.066727 0.110081
0.11042 0.036356 0.030301
0.116831 0.032238 0.047552
-0.002496 -0.063159 0.173506
-0.016335 -0.080851 0.133147
0.040783 -0.085125 0.130582
0.122128 -0.011115 0.053046
0.113285 -0.043767 0.05321
-0.039834 -0.07525 0.098043
-0.034106 -0.074249 0.076748
0.017894 0.072958 0.164713
0.0812 -0.064034 0.147065
0.059186 -0.080402 0.080581
-0.053447 -0.0687 0.081221
0.044365 0.080057 0.139774
0.005388 0.098153 0.121246
-0.078259 -0.03976 0.107266
0.048456 0.08626 0.123902
0.054938 0.084383 0.129511
-0.005897 0.062926 0.172791
-0.069914 -0.053259 0.113556
0.113988 0.004755 0.04736
-0.031881 -0.080316 0.108293
0.089354 0.064848 0.133903
0.103897 -0.013155 0.164352
-0.055356 -0.067253 0.110981
0.089545 0.066257 0.059167
-0.039246 -0.075751 0.109327
-0.001028 0.098169 0.116806
0.107101 0.049643 0.054376
-0.070545 0.056282 0.107956
0.063888 0.081429 0.082247
0.067304 -0.078929 0.112166
-0.007201 0.070838 0.160692
0.05 -0.082224 0.135354
0.111805 0.035291 0.049401
0.08699 -0.069565 0.091711
0.025805 0.096328 0.102617
0.048985 0.000114 0.192822
-0.006865 0.0 0.193169
-0.031594 0.013105 0.184081
0.07251 0.071377 0.065369
0.023074 -0.097907 0.098768
0.033371 0.07672 0.149796
-0.083623 0.024783 0.11695
0.007257 -0.083842 0.142403
0.117567 0.000114 0.14904
0.118149 0.014758 0.035222
0.011848 -0.063263 0.173828
-0.054021 0.060805 0.061195
-0.041769 0.076437 0.114448
0.058166 0.077766 0.068739
0.028138 -0.098042 0.104603
0.002914 0.083286 0.142128
-0.075158 -0.045966 0.10966
0.076784 0.077187 0.101301
0.101267 -0.051908 0.041341
0.093667 0.063978 0.058393
0.105611 -0.058205 0.104445
0.109643 0.049295 0.053893
0.072452 -0.075186 0.06267
0.008672 0.073412 0.164371
0.014891 -0.098151 0.096151
0.107081 -0.042826 0.036695
0.040308 0.082279 0.14259
0.084256 -0.066831 0.062655
0.052695 0.082873 0.089221
0.118351 -0.017404 0.042123
0.017499 -0.089173 0.131712
-0.0112 0.035341 0.18531
-0.017404 0.058447 0.170367
-0.012481 0.089173 0.064966
0.074911 -0.069986 0.06042
0.031929 -0.071777 0.159271
0.077605 0.072379 0.05792
-0.006826 0.080623 0.139428
-0.062719 -0.061921 0.098508
-0.031301 -0.079213 0.125136
0.049302 -0.047108 0.182698
0.083501 -0.075993 0.119349
0.067065 -0.073595 0.13963
0.043344 0.080574 0.141223
0.102202 0.060256 0.056789
-0.060993 -0.062921 0.092189
-0.077035 -0.045954 0.092639
0.10321 0.051884 0.044941
0.120841 -0.00381 0.041729
0.008505 0.075442 0.050944
0.048481 -0.089173 0.114589
0.027791 -0.057282 0.17795
-0.010968 -0.074158 0.054603
0.11701 0.037155 0.054007
-0.006516 -0.090998 0.125417
-0.015524 0.029621 0.187361
-0.039092 0.071942 0.074093
0.108905 -0.051464 0.125759
0.067634 -0.074396 0.070219
0.058708 0.075573 0.053493
-0.037958 -0.074154 0.127685
0.04129 -0.075649 0.149803
0.036153 -0.087946 0.110292
0.026643 0.097906 0.101983
0.106217 0.058693 0.10441
0.080994 0.071581 0.141533
0.037737 -0.091014 0.058442
0.084726 0.067158 0.146167
0.067214 -0.074743 0.071312
0.122257 -0.007824 0.053021
0.104383 -0.05591 0.056378
0.065877 0.081772 0.111998
0.063255 -0.077772 0.092377
0.081327 0.072254 0.133539
0.097094 0.065121 0.104929
8.9e-05 -0.078628 0.153366
0.051211 -0.078341 0.140017
0.121783 0.0 0.050929
0.066744 -0.073096 0.064198
0.063865 0.077632 0.072602
-0.019627 -0.079521 0.132177
0.122345 -0.003589 0.053005
-0.070379 0.051837 0.116888
-0.082972 0.017543 0.116438
0.0634 0.068069 0.153427
-0.014155 0.04377 0.18101
-0.010618 0.073767 0.053041
0.115935 0.053181 0.105314
0.07466 -0.074951 0.117425
0.105488 -0.05601 0.121076
0.056507 -0.075805 0.058327
0.073722 0.068315 0.150426
0.090804 0.067845 0.090783
0.131088 -0.016084 0.061952
0.007941 -0.075 0.049554
0.005108 0.024937 0.192455
0.060194 -0.071045 0.15079
-0.006841 -0.072404 0.158453
0.029186 -0.078868 0.147573
-0.066425 0.060983 0.105324
0.004577 0.090993 0.138572
0.060483 -0.078625 0.074363
0.108399 0.047948 0.054129
0.094669 -0.020374 0.169006
0.01875 0.077832 0.154681
0.083403 -0.072094 0.118463
-0.024039 -0.069524 0.154047
0.07906 0.066909 0.055888
0.032324 -0.076903 0.150522
0.014433 0.072095 0.164024
-0.077258 -0.044024 0.116921
-0.015103 -0.09061 0.069477
0.023375 0.081046 0.147055
0.015778 -0.071213 0.162468
0.101189 0.000114 0.165619
0.022524 -0.097907 0.119998
0.118942 1e-06 0.035919
-0.084667 0.022455 0.109189
0.027445 -0.078341 0.149071
0.032578 0.090802 0.123885
0.108801 0.052231 0.058044
0.065567 0.066788 0.155212
0.053451 -0.083359 0.098274
0.012639 0.080495 0.152461
0.096643 0.061373 0.073562
0.029498 0.080739 0.149963
-1e-05 -0.075742 0.155102
0.080353 0.026821 0.176895
0.110079 0.032784 0.030363
-0.065101 0.059363 0.109605
-0.07659 -0.042562 0.092638
-0.031252 -0.080485 0.112967
-0.042337 -0.074873 0.085659
0.019417 -0.055351 0.176865
0.05033 -0.056271 0.172019
-0.084092 0.022179 0.116955
0.062153 0.075344 0.067799
-0.065886 -0.061575 0.099914
0.048727 -0.084364 0.122487
0.073313 0.072933 0.062366
-0.040736 -0.071899 0.131408
0.10057 0.062497 0.110241
0.006674 0.075394 0.051288
0.117733 0.008285 0.038426
0.057621 -0.072171 0.14867
0.104628 0.064208 0.092577
0.004501 -0.090708 0.13886
-0.052176 0.068619 0.089449
-0.002449 -0.097908 0.115751
0.114696 0.0 0.029592
0.022119 0.074418 0.161063
-0.085357 0.012876 0.099897
-0.070345 0.056806 0.099054
0.002038 0.081348 0.141767
0.015326 -0.07288 0.162992
0.099375 0.05559 0.052475
0.104259 -0.058657 0.087588
0.083031 -0.072277 0.118416
0.080406 -0.065186 0.039858
-0.082299 -0.022741 0.09713
-0.03511 0.077188 0.083795
0.021938 0.070874 0.162268
-0.018951 0.070995 0.154841
-0.001284 0.086106 0.128319
0.11451 0.042453 0.048419
0.06717 -0.07962 0.108951
0.088044 0.066535 0.133503
0.100576 0.057838 0.059578
-0.035822 0.074076 0.069775
-0.015181 -0.09061 0.070271
0.059949 -0.075466 0.060803
0.122473 -0.020771 0.131584
0.000744 0.087946 0.0926
0.106479 -0.039823 0.031041
-0.040356 0.075049 0.0821
0.014371 -0.070126 0.166656
0.054557 -0.080052 0.135115
0.07344 -0.055052 0.166128
0.104548 -0.053151 0.044757
0.076315 -0.07472 0.106112
0.012945 0.080855 0.14665
0.066773 -0.07997 0.105806
0.0393 0.090834 0.130457
0.112904 0.031768 0.049131
0.025131 -0.076196 0.155773
-0.004101 0.002623 0.192243
0.093641 -0.063973 0.058338
0.039719 0.053213 0.177248
0.089888 -0.068165 0.059102
-0.03467 0.076961 0.118192
0.008444 0.065523 0.173496
0.102148 0.058673 0.058728
0.001512 -0.053695 0.181496
0.076893 0.067736 0.144806
-0.05753 0.067584 0.090506
0.09689 0.05132 0.032842
0.061406 0.074426 0.071147
-0.014753 0.079934 0.135691
0.107346 -0.054645 0.086849
0.112091 0.025753 0.047823
0.104929 0.047164 0.053583
0.074192 -0.007584 0.184548
0.060858 -0.071667 0.042426
-0.058229 -0.066557 0.117907
0.110364 -0.036302 0.035042
0.095071 -0.068202 0.127402
0.099476 -0.063995 0.104793
-0.03613 0.078064 0.121015
0.009978 0.049973 0.180622
0.091574 0.058175 0.056839
0.019432 0.071601 0.165086
0.090486 0.064727 0.134248
0.041489 0.075073 0.150024
-0.053758 -0.06689 0.12094
0.110541 0.000115 0.158368
0.064423 -0.071952 0.064949
0.046138 -0.085319 0.124689
0.121814 0.021506 0.055599
0.062461 0.077418 0.070464
0.034983 0.076482 0.148511
0.014198 0.082914 0.141445
0.091275 0.070817 0.094811
-0.083846 0.004034 0.116952
-0.072319 0.049956 0.113272
0.051066 -0.084761 0.115076
-0.032894 0.078383 0.086754
0.119331 -0.000696 0.037141
-0.012526 -0.081935 0.137391
0.107601 0.057324 0.104331
0.03331 -0.069565 0.162445
0.015482 -0.087946 0.128067
0.072885 -0.055579 0.1636
0.099613 -0.062729 0.088713
0.033926 0.091014 0.057078
-0.002059 -0.07897 0.147116
0.000478 0.049441 0.180127
-0.06573 0.060201 0.116867
0.08884 -0.064992 0.133746
0.104092 0.056069 0.050191
0.001704 0.098151 0.099087
0.098342 -0.049981 0.03257
0.067301 0.065025 0.156647
0.037176 -0.086106 0.058326
-0.035628 -0.074838 0.129085
0.105084 -0.056409 0.121026
-0.007876 0.086106 0.117754
-0.018426 0.0 0.18995
-0.0226 0.055643 0.170363
-0.053561 -0.069195 0.121221
0.026275 0.086106 0.128188
0.009214 0.055705 0.176877
-0.061443 0.065388 0.105737
0.071274 0.070812 0.141847
-0.01787 0.079673 0.133563
-0.004524 -0.038544 0.185913
0.08219 -0.073246 0.110476
-0.027607 0.071376 0.152066
0.104567 0.06161 0.091103
0.042191 -0.083233 0.142929
0.103727 0.048783 0.039901
0.120636 0.005688 0.041191
0.027497 -0.098162 0.103893
0.099289 0.051779 0.037628
-0.050596 -0.069628 0.127401
-0.033395 0.078813 0.091422
0.030605 0.085251 0.1387
-0.037098 0.07555 0.131877
0.049698 0.078894 0.14119
-0.010733 -0.091014 0.065185
0.08313 0.069694 0.132004
-0.020623 -0.078256 0.136314
0.066917 -0.077427 0.106642
0.085963 -0.070962 0.105561
0.001714 -0.09061 0.129215
0.06699 0.078239 0.09012
-0.054915 -0.061953 0.066635
0.06401 -0.081647 0.098591
0.039922 0.089173 0.059668
0.064816 -0.078586 0.069257
-0.083827 -0.023646 0.116952
0.009225 -0.087946 0.090357
0.087088 -0.070174 0.091665
-0.061443 -0.065388 0.105737
-0.028509 0.080555 0.122165
0.014917 -0.063984 0.170295
0.001478 0.097906 0.09887
-0.048804 0.071103 0.080589
0.029266 0.080013 0.149565
-0.083874 -0.002916 0.116952
0.096602 0.058022 0.052569
0.11137 0.048883 0.057561
0.003446 0.087946 0.09157
0.014494 0.083474 0.141087
-0.012675 0.047502 0.181434
-0.083893 -0.021641 0.092671
0.065292 -0.079613 0.120445
0.029907 -0.073872 0.154605
-0.084076 0.0 0.115121
0.02089 0.077552 0.159133
0.104348 0.051682 0.068224
-0.000443 0.082985 0.141556
0.10741 0.046547 0.038264
0.09061 0.06386 0.047765
0.036728 -0.061646 0.170319
0.104683 0.05764 0.087494
0.007171 0.090708 0.139231
0.115419 -0.042472 0.135116
0.033906 0.077846 0.149549
0.024151 0.07085 0.161766
0.119792 -0.026844 0.051985
0.108519 0.053453 0.086582
0.107811 -0.054335 0.121346
-0.085467 0.01305 0.114421
0.087376 0.000115 0.176044
-0.029749 0.070541 0.147932
0.024579 0.089173 0.136863
0.129556 0.000114 0.103828
0.021044 0.096328 0.119727
0.05277 0.056351 0.171368
-0.084623 0.016227 0.093952
0.110664 -0.047644 0.138535
0.120705 -0.025736 0.054349
0.084672 -0.063119 0.044205
-0.036619 -0.078487 0.114764
0.071341 -0.075297 0.093478
-0.049812 0.070721 0.110263
0.114233 -0.037062 0.045768
0.012152 -0.073598 0.161539
0.095389 -0.064842 0.089696
0.002798 -0.041435 0.185518
0.048094 0.084162 0.124691
0.113504 0.029584 0.048986
0.059381 -0.073345 0.150887
-0.018542 -0.077829 0.139803
0.092412 -0.065658 0.084333
0.016455 0.065759 0.16852
0.017609 0.074707 0.16037
-0.004101 -0.002623 0.192243
0.039564 0.086106 0.06222
-0.021541 -0.072606 0.056589
0.037814 -0.084985 0.13293
0.07625 0.070642 0.064159
-0.002922 -0.041931 0.186615
0.116607 0.007269 0.035072
-0.082889 -0.030163 0.112946
0.05791 0.077078 0.134809
0.120716 0.0 0.053809
0.090752 0.06856 0.119325
-0.056789 -0.067476 0.118586
-0.077403 0.041222 0.095143
-0.068108 0.056101 0.092597
0.00187 0.090708 0.138337
0.020034 0.076965 0.160123
0.029457 0.090872 0.136169
0.023045 0.098063 0.098892
-0.026904 0.08094 0.124284
0.004573 0.065707 0.172668
0.082808 0.066373 0.045367
-0.025495 0.057183 0.169967
0.072693 0.024094 0.181374
-0.057071 -0.066201 0.10918
-0.044909 -0.072676 0.117212
0.011811 0.069645 0.169612
0.107721 0.053289 0.057791
0.048614 -0.089173 0.043409
0.102059 0.061914 0.1245
-0.013232 -0.080657 0.135503
-0.079172 -0.042559 0.102353
0.070289 -0.07429 0.057547
0.037399 -0.085582 0.135109
-0.01548 0.0 0.189315
-0.084285 0.018914 0.09319
-0.045651 -0.068437 0.07101
0.102709 -0.051312 0.051201
-0.04832 0.071991 0.084247
0.073861 -0.074687 0.062185
0.051861 -0.084549 0.106324
0.069801 -0.074257 0.063966
-0.00712 -0.026352 0.188892
-0.023816 0.046973 0.175593
-0.0836 0.025696 0.096075
0.077867 -0.071339 0.061383
0.072466 -0.071394 0.065439
0.103916 0.053208 0.068416
-0.044637 -0.067724 0.137245
0.121967 0.000761 0.051579
0.064062 -0.084045 0.110405
-0.014155 -0.04377 0.18101
0.0183 0.073618 0.162122
0.032048 -0.070922 0.159545
0.05201 -0.076057 0.144051
-0.081664 0.03552 0.099947
0.120104 0.000114 0.141312
0.002128 -0.039926 0.185053
-0.03342 0.074458 0.0763
-0.035077 0.079228 0.104899
-0.007 -0.046951 0.181561
0.081789 -0.072727 0.105797
-0.005569 -0.087946 0.124548
0.115728 -0.015012 0.048298
-0.085817 0.010427 0.105504
0.116248 -0.002012 0.048317
0.075797 0.072066 0.06175
0.020377 -0.082838 0.141332
0.013166 -0.062571 0.172317
-0.0021 0.005413 0.192041
-0.008312 0.0 0.192837
0.017615 0.063705 0.170462
0.107398 0.055444 0.055813
-0.085005 0.019963 0.109892
0.069425 0.078368 0.091015
0.064087 0.082156 0.109418
0.089893 0.073511 0.094741
0.102676 -0.060127 0.087973
0.058913 0.072079 0.048205
0.114222 0.044409 0.057011
0.036714 -0.077452 0.148348
-0.012611 -0.090774 0.118089
0.129558 0.000114 0.103769
0.031898 -0.071243 0.159168
0.121413 0.029372 0.05318
0.072851 -0.075095 0.095045
0.056954 -0.076091 0.075856
0.103694 -0.052325 0.068514
0.014113 0.066703 0.170609
0.001518 -0.037813 0.185758
-0.083029 -0.02758 0.116948
0.078037 -0.065904 0.145409
-0.05554 -0.068901 0.115095
0.039913 -0.086106 0.10908
0.067012 0.078591 0.093022
-0.054686 -0.070025 0.097586
-0.017327 -0.046248 0.178658
0.018698 0.071074 0.164337
0.104621 0.060136 0.10449
0.121195 -0.017072 0.051286
0.004936 0.066391 0.169617
0.067659 0.07017 0.062827
0.092822 0.063972 0.057055
0.052022 0.085974 0.117355
-0.011801 -0.03289 0.187566
0.110833 0.051682 0.091331
0.03357 -0.086106 0.123245
0.121055 0.009612 0.055741
-0.004508 0.038596 0.185881
-0.082057 -0.026922 0.10735
0.112379 -0.021796 0.051768
0.051994 -0.081826 0.135722
0.069061 0.072769 0.140694
0.089474 -0.065112 0.074824
-0.00264 -0.02327 0.189999
0.090632 0.066486 0.061457
-0.039438 0.073971 0.085421
0.121352 -0.016613 0.051695
0.033297 0.056282 0.180298
0.048838 0.083703 0.12763
0.048119 0.090991 0.118673
0.006816 0.079612 0.148611
-0.011555 0.026188 0.187761
0.116439 0.001089 0.029163
0.007202 -0.098099 0.121887
-0.058206 0.064434 0.116721
0.067093 -0.078861 0.103794
0.067993 0.055532 0.168896
-0.025882 0.079985 0.123104
-0.022131 -0.036831 0.182781
-0.053717 0.068453 0.097389
-0.046112 0.07377 0.089301
0.057291 0.077989 0.061006
-0.035443 -0.077184 0.105621
-0.031202 0.078596 0.109407
0.075961 0.069609 0.060223
-0.084926 -0.01734 0.098935
0.061707 -0.044006 0.180695
-0.019998 -0.081485 0.132131
0.050453 -0.067177 0.161674
0.055573 -0.051463 0.174072
0.033768 0.079929 0.146301
0.007834 0.08253 0.141441
0.021665 0.07805 0.158239
0.083776 -0.064837 0.05622
0.033375 0.065636 0.172592
-0.032133 0.038658 0.177624
0.103775 0.052453 0.068476
0.116153 0.032348 0.04001
0.053451 0.083359 0.098274
-0.056604 0.065907 0.089716
-0.001766 -0.077219 0.155521
-0.000275 0.030369 0.187827
0.023956 -0.073086 0.159864
0.024996 0.084809 0.140832
0.053591 -0.079684 0.052812
0.041035 -0.090931 0.128803
-0.053641 -0.0699 0.116883
0.008302 0.062893 0.173659
0.064071 0.082161 0.109948
0.056749 0.077135 0.065192
0.102417 0.031837 0.160805
-0.084805 -0.017148 0.116958
-0.020128 0.077413 0.145264
-0.039656 -0.077214 0.115861
-0.070628 0.052954 0.092608
0.054219 -0.080848 0.080124
0.061172 0.081401 0.115834
0.113801 0.047239 0.054611
-0.080824 0.038358 0.105317
0.037103 0.087946 0.116265
-0.045922 -0.070089 0.069865
0.063644 0.076561 0.067792
0.077711 -0.065298 0.056196
0.033861 -0.077839 0.149574
0.090906 -0.065057 0.057415
-0.025456 0.079014 0.126056
0.001264 -0.036855 0.186051
0.017776 -0.075266 0.162727
0.116152 -0.039109 0.05417
0.114182 -0.040177 0.044182
0.108975 0.039106 0.030572
0.10641 -0.056532 0.087078
0.073087 0.071965 0.148253
0.062224 0.073427 0.067815
-0.000994 -0.047672 0.184387
0.097297 0.06165 0.057711
-0.0485 0.069158 0.125777
-0.00275 -0.022217 0.190689
0.022191 0.076241 0.159692
0.038512 -0.056619 0.174463
0.087272 0.070434 0.118921
0.04747 -0.082105 0.137502
0.000849 0.097906 0.119102
-0.038163 0.074519 0.075232
-0.084201 0.021612 0.116951
0.03935 0.089173 0.116905
0.036103 0.080958 0.145882
-0.016605 0.089173 0.070278
0.007994 -0.090903 0.130847
0.043157 -0.085222 0.128304
0.12451 0.000114 0.135706
-0.013927 -0.087946 0.109336
0.074858 0.073927 0.129479
0.128996 -0.014461 0.103842
-0.053269 0.065816 0.06858
0.052681 0.084131 0.11405
0.118589 0.0 0.03504
0.012232 -0.07664 0.159952
0.103813 -0.062031 0.090324
0.009175 0.056542 0.176921
0.012152 0.073598 0.161539
0.024304 -0.098068 0.09983
-0.032752 -0.075569 0.080952
-0.034444 -0.072737 0.07014
0.045166 -0.071899 0.154785
0.08422 -0.068141 0.077155
-0.032182 0.076098 0.081635
0.037367 0.060194 0.17182
-0.050458 -0.071588 0.088849
0.026394 0.096328 0.11497
0.03991 0.079811 0.142412
0.11897 0.004961 0.036221
0.041539 -0.079903 0.141514
0.039213 0.084714 0.13839
-0.006439 0.086106 0.125295
-0.031674 -0.077336 0.09023
0.002772 -0.098093 0.098236
-0.007139 0.017509 0.188916
-0.010692 -0.050358 0.180498
-0.074562 -0.050964 0.10618
-0.013686 -0.003389 0.189808
-0.017574 -0.043525 0.179936
0.02004 -0.087946 0.129263
-0.038267 -0.074619 0.124668
-0.022417 -0.090961 0.121067
-0.056406 -0.065457 0.118617
-0.028914 -0.079742 0.116072
0.02248 -0.010672 0.195355
0.092758 0.068965 0.086708
0.03295 -0.076363 0.150189
0.023271 0.090708 0.138235
0.047134 0.010212 0.192879
0.031362 0.081416 0.147936
0.073127 -0.070123 0.142823
0.019567 0.082888 0.141236
0.034825 0.09061 0.057668
-0.0183 -0.057283 0.173164
-0.065601 -0.059173 0.105897
0.092045 -0.068103 0.133782
0.121207 0.00402 0.055713
0.060696 0.011511 0.187826
-0.081873 0.034138 0.097335
-0.00315 -0.02278 0.189939
0.116757 0.014099 0.031299
0.053059 0.086006 0.109021
0.038307 0.083002 0.14492
0.068352 -0.075857 0.06897
0.022721 -0.039046 0.187792
0.102081 0.048843 0.050254
0.024262 -0.050579 0.182507
0.124073 0.006539 0.05268
-0.04222 -0.07455 0.104176
0.100366 0.06148 0.088512
-0.038394 -0.075487 0.094246
-0.023215 0.056754 0.171426
0.087128 0.010116 0.177466
0.039336 0.090774 0.06222
0.090351 0.056181 0.034067
0.062136 -0.078874 0.127445
0.050841 -0.069186 0.157357
0.122129 0.039696 0.090968
0.053862 -0.065788 0.164711
0.00826 0.054908 0.177978
0.034319 -0.066982 0.164787
0.012259 0.096328 0.096615
0.063736 -0.074562 0.137873
-0.011184 -0.076988 0.147447
-0.032823 0.076132 0.084848
0.033513 0.076765 0.149662
0.061688 -0.083039 0.111584
-0.037909 -0.068111 0.058169
0.1182 0.027582 0.041512
-0.005752 -0.023102 0.189878
0.104364 0.058401 0.076118
0.037449 0.090774 0.117852
0.057985 -0.07838 0.130707
0.068416 0.076757 0.064933
0.112346 0.051691 0.109406
0.007544 0.089173 0.131759
0.028093 -0.080476 0.148466
0.114194 0.015284 0.029764
0.062176 0.080028 0.097463
0.121717 0.018907 0.053906
0.093995 -0.066233 0.077454
0.044344 -0.090835 0.1254
0.115405 0.039695 0.064584
0.120519 0.0 0.04663
0.05736 -0.077059 0.065276
-0.017502 -0.080042 0.132996
-0.023793 0.03887 0.17952
0.112821 0.0439 0.046285
0.014006 -0.098125 0.095942
-0.055106 -0.067729 0.105229
0.099326 0.058382 0.070449
0.038739 -0.05678 0.174985
0.036081 0.078054 0.148603
0.120539 -0.015273 0.042341
-0.05232 -0.064059 0.060872
0.020415 -0.086106 0.130238
0.104414 -0.045716 0.149867
0.03261 0.090984 0.057229
-0.025477 -0.071569 0.153275
-0.062218 -0.062128 0.109081
-0.014093 0.089173 0.129571
0.039032 0.07976 0.142853
0.121437 -0.013841 0.04484
-0.013041 -0.081151 0.135244
0.053591 -0.079684 0.061952
0.088257 0.056686 0.150803
0.10131 -0.054852 0.06862
0.112374 -0.024109 0.047748
-0.072498 0.050949 0.100993
0.105139 0.051683 0.134655
-0.070933 -0.055037 0.11317
0.114712 0.053187 0.089054
0.109365 0.051682 0.121532
0.101418 0.053969 0.137584
0.032331 0.000113 0.193799
0.065808 -0.076081 0.067619
0.052434 -0.084231 0.108753
0.105116 0.049987 0.039699
-0.051419 -0.065299 0.063109
0.059759 0.06465 0.160207
0.063918 -0.08208 0.086262
0.069066 -0.070114 0.043553
0.123784 -0.013417 0.05275
0.118516 0.027332 0.0482
0.063953 -0.07939 0.072031
0.064058 -0.083895 0.104267
-0.08412 -0.007977 0.111713
0.061157 -0.067518 0.159451
0.017913 -0.072164 0.165391
-0.046564 0.067851 0.062907
0.106805 0.049284 0.061769
-0.028742 0.0 0.184374
0.121965 -0.001344 0.051579
-0.011442 0.090802 0.065752
0.061103 0.078104 0.125283
-0.006276 0.070756 0.164124
0.116414 -0.021445 0.038044
0.120835 -0.023581 0.053287
0.065477 0.080307 0.089123
0.10484 -0.044425 0.049597
0.049714 -0.078257 0.141174
0.110142 -0.053427 0.104188
0.063492 -0.010555 0.188545
-0.015206 0.086106 0.109341
0.064086 -0.084028 0.108761
0.028924 -0.081845 0.149867
0.047218 -0.079631 0.141719
0.022615 0.072111 0.161412
0.039642 -0.080108 0.143446
0.001755 0.051178 0.181213
0.014648 0.069674 0.165989
0.098296 0.05762 0.043406
-0.061208 -0.06511 0.092251
0.100202 -0.062727 0.104753
0.067131 0.081497 0.108957
0.056442 0.073166 0.14772
-0.011845 -0.09061 0.065999
-0.040004 -0.069806 0.066846
0.060256 -0.072305 0.062898
-0.020683 0.08128 0.131748
0.115753 -0.010778 0.033184
0.094282 0.066894 0.105088
0.066526 0.081458 0.103342
0.102062 0.061882 0.081249
0.050713 -0.060472 0.16894
-0.022959 -0.046679 0.178074
-0.007364 -0.074122 0.052431
0.111935 0.041188 0.045467
0.064711 0.078671 0.069528
0.111339 0.039718 0.04184
0.037997 0.090606 0.05935
0.003695 -0.081111 0.148802
-0.029446 -0.079261 0.115458
0.057389 -0.079711 0.132079
0.123416 -0.031755 0.125744
0.088013 -0.069919 0.071728
0.113302 0.026535 0.051544
0.070227 0.061743 0.159059
-0.007697 -0.087946 0.119497
-0.045341 -0.075172 0.104195
0.068317 0.04985 0.172785
-0.057269 0.065448 0.114852
0.062277 0.076494 0.081459
0.119271 -0.023926 0.054728
0.063576 -0.074687 0.067865
-0.082647 -0.023643 0.105331
-0.026612 -0.079127 0.12341
0.06189 -0.082566 0.114064
0.111987 -0.037849 0.040917
0.055648 -0.083618 0.107478
-0.056306 0.066816 0.097782
0.072439 -0.074063 0.128742
0.106519 0.027741 0.15809
-0.020097 -0.069895 0.155935
-0.055744 0.067318 0.101494
0.043892 0.083739 0.131511
0.114772 0.038266 0.043136
0.111269 0.049034 0.057578
0.077411 0.069573 0.063934
0.032823 -0.0777 0.155861
0.039819 -0.090903 0.109081
0.093086 0.012457 0.171478
0.107214 -0.055635 0.05585
0.063567 -0.075238 0.062218
0.036684 0.061974 0.170243
-0.036644 0.07208 0.062686
0.078859 0.066237 0.145854
0.073238 0.056901 0.161541
-0.037903 0.074538 0.134157
0.063187 -0.06871 0.153275
-0.042644 0.073092 0.088008
0.001896 0.090834 0.138263
0.054816 -0.080748 0.080634
-0.016018 0.003424 0.190678
0.075331 -0.074684 0.117509
0.104499 -0.062099 0.081663
-0.058793 0.064532 0.091321
0.100109 0.051686 0.141781
0.047115 0.070967 0.157368
0.036987 0.07884 0.143093
0.101077 -0.049846 0.032056
-0.020231 -0.07463 0.146997
0.023661 -0.098151 0.11887
-0.049675 -0.069295 0.122019
0.088542 0.06998 0.105414
0.01462 0.066713 0.170639
0.000856 -0.049022 0.182252
0.100034 -0.06193 0.120438
-0.036195 0.007125 0.182314
0.101593 0.027538 0.160995
-0.003012 -0.004806 0.190435
-0.002171 0.017864 0.190012
-0.063891 0.063246 0.096408
0.065172 0.076454 0.068617
-0.006836 0.012187 0.19113
0.031063 -0.077123 0.151684
0.092414 0.067588 0.090401
0.066063 0.051688 0.170647
0.077217 0.072855 0.130196
0.053321 -0.063076 0.165426
0.068838 -0.076936 0.106537
0.088284 -0.056496 0.150806
0.126247 0.008941 0.084546
-0.07424 -0.047908 0.096452
0.10825 0.056008 0.080944
-0.015109 0.066226 0.166202
0.063533 0.084078 0.115242
0.029388 -0.086106 0.121408
0.05307 0.075729 0.144928
0.062055 0.079712 0.081253
0.120763 -0.023995 0.053302
0.045668 -0.084723 0.126031
0.066254 0.076248 0.085114
-0.007871 0.029423 0.187961
0.083117 -0.023326 0.175983
0.116492 -0.023346 0.039299
0.040671 -0.089173 0.062215
0.012135 -0.098152 0.09598
0.069479 0.07334 0.067609
0.057823 0.073025 0.148819
-0.003176 -0.018261 0.19068
-0.00087 0.044373 0.184235
0.062746 -0.076416 0.086677
0.07451 -0.073706 0.05935
-0.011093 0.070309 0.162922
-0.021918 -0.028791 0.183678
0.010778 -0.007912 0.194989
0.110404 -0.051458 0.117369
-0.059278 0.06447 0.094351
0.109443 -0.059241 0.089649
0.060993 0.081359 0.078978
0.04696 -0.082971 0.133783
-0.052488 0.067098 0.081134
0.112605 -0.04249 0.049224
0.004792 -0.059978 0.177709
0.066869 -0.075403 0.073925
0.008777 -0.055997 0.17727
-0.049816 0.070169 0.116166
0.044114 -0.090993 0.125284
0.09068 0.053484 0.152066
0.059174 -0.071816 0.149933
0.061173 0.08142 0.11567
0.03662 -0.080989 0.145675
-0.014886 -0.051355 0.178515
0.120604 -0.009265 0.143456
0.111595 -0.045094 0.050963
-0.01237 -0.082156 0.137174
-0.084226 -0.003974 0.105966
-0.021472 0.080379 0.128788
0.112277 -0.049531 0.0549
0.064042 0.081965 0.103045
-0.045 -0.069701 0.131178
-0.031161 -0.078148 0.096347
0.095078 -0.066895 0.105042
-0.015417 -0.090933 0.070274
0.010155 -0.057301 0.175791
0.065401 0.08324 0.098363
0.019838 -0.098169 0.09755
0.000923 -0.098157 0.099641
0.075806 -0.06397 0.15815
0.086548 -0.06752 0.076118
-0.005119 0.033409 0.189152
-0.037979 -0.070113 0.058181
0.087443 0.066188 0.140457
0.06831 -0.07588 0.069025
0.080889 -0.072296 0.069546
-0.004106 0.097906 0.106085
-0.020786 0.073375 0.1493
-0.051957 -0.069812 0.082635
-0.006315 -0.018494 0.190523
0.072425 -0.074726 0.128737
0.085041 -0.071324 0.129875
0.01181 -0.069645 0.169612
0.030875 -0.079153 0.148373
0.018077 -0.075048 0.159817
0.096985 -0.058803 0.044126
0.031058 -0.079069 0.15169
0.051819 -0.079031 0.139549
0.085722 -0.072552 0.078998
0.006794 0.083517 0.142661
0.080359 0.063059 0.148452
-0.086134 0.004831 0.108137
-0.01688 -0.07622 0.145648
0.062629 -0.055413 0.171163
-0.077492 -0.04034 0.09264
-0.046279 -0.070655 0.072854
0.051251 -0.084159 0.118767
0.058445 0.076517 0.069604
0.037366 0.09061 0.117824
0.057612 -0.077841 0.061065
0.028862 0.030449 0.190489
-0.005416 0.044282 0.183266
0.056009 -0.078596 0.135611
0.057218 0.085284 0.113731
-0.011105 0.090961 0.132865
0.104372 0.05032 0.0441
-0.034412 0.070741 0.143057
0.086446 0.068308 0.070297
0.0419 0.084851 0.136591
-0.009498 -0.089173 0.124017
0.061435 0.074619 0.07198
0.106636 -0.047952 0.140978
0.030765 -0.073435 0.156584
0.013964 0.058189 0.175335
0.010655 -0.062826 0.175055
-0.083704 -0.023077 0.09267
-0.011062 -0.087946 0.118733
0.100721 -0.056738 0.13164
0.02737 -0.08024 0.149145
-0.044812 0.069956 0.067419
0.09237 0.070484 0.082245
0.080021 -0.067845 0.046572
-0.045433 0.067664 0.060498
-0.030332 -0.080415 0.117919
-0.049801 -0.067457 0.075629
0.063212 -0.0786 0.119993
0.068314 -0.077078 0.096118
0.07872 -0.066055 0.145767
0.064131 0.079166 0.071183
0.059219 0.0749 0.051661
0.117723 -0.035285 0.053874
0.020011 -0.097907 0.121229
0.074118 0.073595 0.129254
0.082808 -0.066373 0.045367
0.026893 0.098144 0.115704
-0.012531 -0.073219 0.154536
0.109185 -0.052638 0.121511
0.018739 -0.068824 0.165885
0.107623 0.053817 0.121326
0.119018 -0.004367 0.04195
0.033407 -0.085311 0.137574
0.071348 0.073656 0.063146
0.06207 -0.07817 0.083288
0.026352 -0.076651 0.157098
0.120526 0.006387 0.040908
0.062136 0.08133 0.092142
0.012132 0.060333 0.173509
0.120182 -0.022075 0.04389
0.100965 0.063138 0.104709
0.064066 0.082088 0.105997
-0.02473 -0.091 0.114357
-0.022386 0.079694 0.1363
-0.007009 0.00899 0.191329
0.010733 0.051683 0.179624
0.121847 -0.015495 0.053098
0.105796 0.046566 0.03504
0.046138 0.085319 0.124689
0.104303 -0.046123 0.031451
0.064043 -0.07787 0.10115
-0.035788 0.069935 0.059266
0.118795 0.032195 0.053671
0.01005 -0.065255 0.171643
0.114493 0.000114 0.051254
-0.039941 -0.073984 0.086712
0.048801 0.077758 0.141401
0.002088 0.087946 0.128515
0.08644 0.04979 0.164231
0.111034 0.053581 0.104137
0.115995 -0.014337 0.029309
0.03398 -0.082735 0.146719
0.09754 0.061485 0.057665
0.116868 0.037456 0.05403
0.120335 -0.033225 0.053382
-0.016202 -0.090708 0.129191
-0.044573 0.073499 0.103942
0.092973 0.068353 0.105162
0.120539 0.015273 0.042341
0.098612 -0.036209 0.159891
0.087219 -0.013969 0.175312
-0.034837 0.076071 0.077243
-0.004068 -0.087946 0.095424
0.077648 -0.06282 0.036466
-0.006064 0.028534 0.190238
0.089857 0.057368 0.036195
0.06454 -0.078605 0.106778
0.00462 0.07491 0.050178
0.040783 0.085125 0.130582
0.037409 0.090774 0.058724
-0.018445 0.089173 0.12521
0.033499 -0.079434 0.145281
0.057388 0.083394 0.110127
-0.082659 -0.031495 0.09888
0.000537 -0.04824 0.182621
-0.004429 -0.081416 0.139301
0.105194 -0.059399 0.104469
-0.044969 -0.067564 0.059494
0.082954 0.069794 0.13195
-0.043996 -0.07336 0.114962
0.010676 -0.098099 0.122469
0.116397 0.004338 0.029166
0.11631 -0.03274 0.052642
-0.064474 -0.062757 0.106488
0.023285 -0.011767 0.193817
0.006599 0.078553 0.151152
-0.082349 0.025366 0.107945
0.037445 -0.082301 0.14312
0.072122 -0.07594 0.095218
-0.022803 -0.059086 0.169702
0.073553 -0.072413 0.060744
-0.043024 -0.071827 0.081204
0.11557 0.0 0.02938
0.127429 0.000114 0.118019
-0.05263 -0.069902 0.120692
0.048187 0.078018 0.140895
-0.011489 0.068488 0.165066
-0.004982 0.069069 0.166672
0.038158 -0.07819 0.147763
-0.049526 0.069673 0.129646
0.103657 0.050662 0.051386
0.115042 0.021931 0.048605
0.049103 -0.089173 0.109037
0.107103 -0.038493 0.148906
0.068542 -0.075333 0.084105
0.060975 -0.08092 0.100637
0.052334 0.077645 0.137419
0.109855 0.043346 0.0437
0.102784 0.059454 0.087936
0.058371 -0.078922 0.142715
0.05515 0.084235 0.091319
-0.03141 -0.078364 0.101703
-0.005756 0.0 0.190388
-0.079865 0.039882 0.094993
0.078451 -0.066299 0.145624
0.039635 0.090986 0.11271
0.105551 -0.056831 0.121087
-0.055239 -0.067618 0.100478
0.063058 -0.072661 0.066439
0.119908 -0.012624 0.045695
0.09031 0.06106 0.054636
0.11643 0.002129 0.029157
0.064826 -0.077485 0.126407
0.086568 -0.065212 0.05823
0.014671 0.068945 0.166904
0.022905 0.087946 0.128416
7.6e-05 0.036987 0.187408
0.015836 -0.073639 0.164966
0.075096 -0.068108 0.143856
-0.073872 0.048454 0.095816
0.025256 0.073168 0.158703
0.124187 0.031535 0.101838
0.051322 0.085258 0.110308
0.062149 0.084164 0.102484
-0.058228 0.066542 0.117904
0.076416 -0.052506 0.164139
0.071837 -0.074167 0.082645
0.093589 0.064496 0.05362
0.08934 0.064857 0.13389
0.106519 0.055742 0.087052
0.122529 0.02423 0.05297
0.018849 0.080046 0.149603
0.050333 0.06693 0.167483
-0.065951 -0.058472 0.092588
0.074177 -0.071386 0.06471
-0.003003 -0.001969 0.190975
-0.015562 0.081604 0.135919
0.032428 0.07691 0.150486
-0.021911 0.072537 0.05666
0.032797 0.070038 0.161255
0.062529 0.076918 0.133303
-0.064647 -0.059909 0.108782
0.061539 0.081345 0.106948
0.111961 -0.026112 0.047854
-0.084075 0.008676 0.105622
-0.079317 -0.041086 0.093992
0.114527 0.000114 0.048736
0.041021 -0.089173 0.109075
0.032398 0.076374 0.150795
-0.009299 0.078218 0.145377
0.017013 0.090744 0.13068
0.005769 -0.090903 0.130486
0.001639 0.044026 0.184257
0.057884 0.073966 0.053764
0.059364 0.078703 0.073831
0.034821 0.076855 0.157501
0.05151 0.086007 0.118539
0.102394 0.061986 0.10906
0.005903 0.059215 0.176429
0.065424 0.065188 0.163254
0.022306 -0.078492 0.157496
0.023353 -0.073669 0.052812
-0.02226 0.07829 0.134278
0.075134 0.071868 0.060378
0.023865 -0.089173 0.130159
0.080406 0.060587 0.159271
0.100235 0.061164 0.120453
0.060165 -0.080826 0.085979
0.082747 0.074519 0.130463
0.097567 -0.063427 0.120137
-0.025457 -0.090793 0.111541
-0.023277 0.081073 0.129227
0.101189 -0.055084 0.066849
0.047295 -0.067211 0.161479
0.039393 0.090843 0.112657
-0.010586 0.080708 0.143052
0.11849 -0.022234 0.139927
0.060285 0.081915 0.081412
0.11987 0.014043 0.040021
0.041651 -0.083193 0.143412
0.118898 0.013232 0.037026
-0.059119 0.06431 0.091492
0.06383 0.079924 0.074413
0.022658 0.096328 0.118753
0.122382 0.03389 0.091974
-0.070591 0.056293 0.095421
0.079972 -0.073387 0.1048
0.083852 0.064438 0.054713
-0.031716 0.077035 0.125642
-0.035047 0.022386 0.180989
0.072479 -0.069859 0.142492
0.114226 0.03668 0.039736
0.05121 -0.07898 0.140017
0.012446 -0.096328 0.121807
0.01211 -0.061128 0.173534
-0.003909 -0.033487 0.187751
0.121938 0.0 0.051584
0.073536 -0.056219 0.161787
-0.046361 0.069986 0.12745
-0.038436 0.07594 0.100579
0.023419 -0.086106 0.12935
0.032285 -0.076092 0.150937
0.014278 -0.096328 0.09671
0.075305 -0.072859 0.081107
-0.037817 0.076623 0.125809
0.090491 -0.065142 0.07437
-0.045811 -0.069865 0.135667
-0.036377 0.069232 0.059377
0.01707 0.087946 0.129839
0.093962 -0.066451 0.090032
0.014412 0.097906 0.122604
-0.025746 -0.090961 0.055883
0.058982 -0.078149 0.078297
-0.049884 -0.06533 0.060417
0.014196 -0.098169 0.12223
0.028119 -0.075006 0.155061
0.028006 -0.081473 0.150897
0.025376 0.080196 0.153957
0.007033 0.080579 0.146025
0.105482 -0.058326 0.104452
-0.004425 0.017781 0.191037
0.067027 -0.078323 0.078324
-0.036202 -0.078632 0.099474
0.058586 -0.083091 0.086814
-0.047225 -0.071519 0.127921
0.002976 -0.020329 0.18995
0.117166 -0.030962 0.041482
0.086174 -0.067912 0.129509
0.030878 -0.083557 0.144714
0.065479 -0.080308 0.08913
0.095655 0.057765 0.063247
0.037177 -0.047791 0.184746
-0.070881 -0.053141 0.098219
0.048534 -0.039124 0.184906
-0.047873 -0.071913 0.105883
-0.021624 0.074398 0.146452
-0.070082 0.056355 0.111691
-0.014344 -0.090708 0.130766
0.062993 0.06907 0.153097
0.109728 0.052826 0.08629
-0.015238 -0.035773 0.185616
-0.08207 0.024663 0.11456
-0.055605 -0.066371 0.088337
0.11795 0.015236 0.054672
-0.027624 -0.077501 0.130527
0.068007 0.074143 0.069509
0.069709 -0.080494 0.096086
0.062858 -0.078902 0.126119
0.01163 0.069437 0.16982
0.109515 0.050193 0.055416
-0.034021 0.029497 0.179804
0.061406 -0.074198 0.071147
0.127258 0.014326 0.104776
0.035437 -0.087946 0.05866
0.027767 0.098169 0.104693
-0.02621 -0.078869 0.125531
-0.003211 0.05603 0.178958
0.116402 0.001864 0.029176
0.008942 0.073474 0.161224
0.007907 0.09061 0.130652
-0.010923 0.074121 0.054425
-0.054778 0.068617 0.085249
0.064074 0.082119 0.107172
-0.066959 0.057572 0.108319
-0.032982 0.022509 0.182014
0.012217 0.086106 0.09095
0.081009 -0.069682 0.059234
0.053043 0.053169 0.17848
0.107189 -0.055046 0.121285
-0.002971 -0.078379 0.152767
0.049718 0.078896 0.14117
0.045177 -0.07863 0.144192
0.066808 -0.081521 0.113956
0.0994 -0.051455 0.142776
-0.084051 -0.020443 0.092672
-0.055379 0.069572 0.109273
0.123729 -0.027985 0.092365
0.107441 -0.05381 0.058301
0.106378 0.057529 0.108785
0.105114 0.051706 0.048425
0.119785 -0.022947 0.05598
-0.044517 0.067731 0.137394
0.06386 0.07767 0.072773
0.064865 -0.074673 0.138485
0.031967 -0.071762 0.159302
0.060783 -0.078491 0.126001
-0.028769 -0.037779 0.179592
-0.017915 0.090708 0.127515
0.064242 0.080725 0.115692
0.064074 -0.082106 0.107145
-0.015113 -0.090903 0.109341
-0.044408 0.074688 0.090629
-0.017847 -0.067786 0.163133
-0.017458 0.073227 0.151726
-0.075287 0.046181 0.098277
0.023811 0.077374 0.155762
-0.017586 0.079716 0.140838
0.019904 0.09815 0.097447
-0.044688 0.075162 0.096831
0.09374 -0.062178 0.072928
0.121487 -0.016348 0.073463
0.092813 -0.061871 0.134969
0.015878 -0.07501 0.048062
0.053414 0.085773 0.106771
0.117246 0.048683 0.086897
-0.020447 0.072072 0.155785
0.099415 0.057465 0.070412
0.127962 0.000114 0.092339
0.106733 -0.058927 0.118607
0.059975 0.053947 0.173706
0.096718 -0.045589 0.158554
-0.027786 0.0 0.184792
-0.036909 0.073732 0.078837
0.067712 0.030044 0.181875
0.02881 0.077688 0.148146
-0.047691 -0.067986 0.065279
0.031835 0.08159 0.147457
0.093187 -0.06294 0.060977
0.075638 -0.077236 0.117209
0.092373 -0.068496 0.105195
0.065246 0.081914 0.109488
0.09202 0.062799 0.052555
0.022351 -0.07583 0.154886
-0.085206 -0.009163 0.09529
0.095774 0.0669 0.131168
0.110298 0.000111 0.156136
0.106178 0.050121 0.047469
0.072497 -0.071381 0.065425
0.097919 0.065249 0.099763
-0.063043 -0.063651 0.092543
0.048771 -0.085987 0.124027
0.018538 -0.07587 0.161847
-0.025495 -0.024036 0.183364
0.075229 -0.076428 0.079126
-0.050935 0.071977 0.094819
-0.001018 -0.097907 0.100938
0.083565 0.000113 0.178307
0.112724 -0.032391 0.054596
0.00814 0.054687 0.178116
0.083632 0.047493 0.167786
-0.00828 -0.029913 0.189332
-0.034408 -0.07348 0.07364
-0.033025 0.07934 0.11983
0.002344 -0.097907 0.120095
0.065855 0.081447 0.100755
0.070503 0.060631 0.159275
0.067299 -0.074665 0.071055
0.12105 -0.019447 0.051752
0.102453 -0.051456 0.137899
-0.076207 -0.044571 0.103585
-0.083244 -0.017842 0.113283
0.075661 -0.071691 0.060273
0.090897 -0.068924 0.114252
0.056595 -0.0792 0.064788
-0.001899 0.028584 0.188971
0.038844 0.09061 0.114259
0.046997 0.071129 0.157238
0.066433 -0.079633 0.116128
-0.052691 0.068921 0.095278
0.049998 0.082223 0.135378
0.052205 -0.070878 0.041238
0.049347 0.077499 0.141815
0.080446 0.064866 0.146677
-0.077606 0.045409 0.096019
0.009535 -0.066949 0.172237
-0.036951 0.078606 0.108447
0.075797 -0.072068 0.06175
0.069009 -0.076519 0.064471
0.05632 -0.07135 0.159264
0.005474 -0.098001 0.096936
0.027922 0.096328 0.107127
0.083561 0.072246 0.105701
0.04803 -0.085942 0.12529
0.069674 0.07921 0.118814
-0.004813 -0.082589 0.140523
0.039739 -0.090903 0.110891
-0.057742 -0.0653 0.091441
0.091349 -0.069082 0.105263
-0.082267 -0.019966 0.092664
0.057969 -0.083077 0.119237
0.062885 0.072995 0.066699
0.023243 -0.090835 0.138161
0.071747 -0.059593 0.163185
-0.002235 -0.065322 0.171526
-0.010421 0.090752 0.121244
0.047759 -0.085353 0.122142
0.070034 0.058476 0.161861
-0.012971 0.071761 0.156798
-0.051522 -0.071294 0.091091
0.018739 0.068822 0.165885
0.098251 -0.056572 0.136614
0.10495 -0.028605 0.159492
0.093793 0.062048 0.047414
0.105116 -0.049987 0.039699
0.091496 -0.065218 0.0588
0.118767 0.015145 0.042678
0.050468 -0.030371 0.188898
0.053127 0.08578 0.102932
-0.076671 -0.046698 0.092637
0.028172 -0.087946 0.125956
-0.009627 0.086106 0.10412
0.067032 0.064621 0.156403
0.074783 -0.063997 0.036995
0.004812 0.057896 0.175203
0.013513 -0.069098 0.165085
0.022936 -0.098099 0.098902
0.036605 0.07726 0.147717
0.049942 0.067902 0.161026
0.116459 0.027151 0.041801
0.027142 -0.098169 0.114863
0.012367 0.078028 0.157504
0.063922 -0.070725 0.060198
0.104828 -0.055463 0.056296
0.028204 0.081538 0.150693
0.033318 0.082687 0.146992
0.059538 -0.079399 0.131398
0.068377 -0.062888 0.157535
0.070893 -0.059884 0.159608
0.114772 -0.038266 0.043136
0.029396 0.080738 0.150148
-0.04331 -0.071774 0.126925
-0.044867 0.071359 0.083045
0.033005 0.070328 0.161728
0.077999 0.069865 0.063277
0.035194 0.051683 0.179277
0.035419 0.090708 0.133282
0.08027 0.063682 0.035965
0.07618 -0.079278 0.106187
0.018686 0.072996 0.161557
0.083185 0.07304 0.105719
0.010237 -0.075028 0.049122
-0.02519 -0.040942 0.1799
0.050034 0.084374 0.119911
-0.029977 0.009915 0.185125
0.118592 0.012517 0.041566
0.053712 0.080677 0.074484
0.063522 0.068614 0.153533
-0.022847 -0.089173 0.117638
0.038655 -0.085896 0.13403
-0.011466 -0.065206 0.166198
0.069271 -0.072179 0.07303
0.063973 0.08305 0.093582
-0.018927 -0.032535 0.185408
-0.010239 -0.066711 0.167576
0.059002 0.076688 0.135383
0.105786 0.057078 0.056116
0.0488 -0.07753 0.141401
0.070343 -0.076451 0.09564
-0.034867 -0.073273 0.073375
0.116079 0.01266 0.02924
-0.059129 0.066777 0.111405
0.04628 -0.071548 0.156311
0.025265 -0.09816 0.101024
-0.01203 0.091014 0.119889
0.053261 -0.063156 0.165375
-0.052451 -0.066949 0.070919
0.067028 -0.074951 0.072045
-0.085503 0.0 0.096481
0.078844 0.045228 0.172151
-0.083603 0.0 0.095831
0.066886 -0.077796 0.076286
0.094376 0.065512 0.067348
0.063969 0.082942 0.092739
0.122285 0.006966 0.053016
0.021956 -0.083641 0.144953
-0.048501 -0.069158 0.125777
-0.083067 0.016185 0.116948
0.0967 -0.0539 0.032882
-0.005302 0.0 0.190491
0.05547 0.079851 0.126127
0.068608 -0.081468 0.107583
-0.031445 0.080503 0.110858
0.061058 0.083493 0.092864
0.053862 0.081911 0.133849
0.122353 0.002321 0.053003
0.002643 0.076172 0.158786
0.098864 -0.063469 0.097337
-0.020925 0.078269 0.142308
0.049733 -0.078896 0.141159
0.082583 0.072021 0.118367
0.108133 -0.046818 0.045576
0.056973 0.076423 0.068135
0.068981 -0.066183 0.038086
0.111053 -0.058577 0.109393
0.066868 -0.075348 0.073671
0.032426 -0.077557 0.150488
0.100447 0.055169 0.137288
0.018296 -0.073604 0.162125
0.033714 -0.079748 0.149661
0.017283 -0.08062 0.152749
-0.014978 0.090774 0.109341
-0.014094 -0.089173 0.129571
-0.045855 0.071666 0.076456
0.005353 0.060928 0.177062
-0.071794 0.051313 0.092613
-0.034838 -0.075656 0.126744
0.05199 0.084253 0.100872
-0.040309 -0.073778 0.075503
0.007256 0.064178 0.17231
0.062102 -0.080677 0.11236
0.020357 0.072397 0.159333
-0.048296 -0.068868 0.069639
-0.061807 0.062776 0.103586
0.064582 -0.071626 0.044805
0.071949 0.058713 0.160479
-0.029795 0.079708 0.110089
0.063966 0.081059 0.092718
0.098927 0.063004 0.120299
0.042751 0.085206 0.128722
-0.072531 0.053724 0.094776
0.056212 0.078136 0.069014
0.00882 0.06076 0.174713
0.000438 -0.052446 0.180174
-0.073267 -0.049779 0.102318
0.056891 0.078072 0.134272
0.073373 0.075763 0.094921
0.067515 0.076827 0.096313
0.066336 -0.075544 0.134078
-0.001196 -0.096328 0.102746
0.077637 0.069893 0.148418
0.113049 0.000113 0.155343
0.097229 -0.062507 0.079454
-0.04643 0.070415 0.081777
-0.032722 0.076299 0.085672
0.086573 -0.064561 0.138231
0.129214 0.000115 0.118177
0.0364 -0.085639 0.135605
0.088325 0.063861 0.067341
0.032654 0.070877 0.16098
0.123732 0.000114 0.080154
0.114451 0.031758 0.040284
0.072212 0.048372 0.171817
0.025628 -0.087946 0.127308
-0.010712 -0.068866 0.162053
0.115147 -0.028469 0.142967
-0.007892 -0.070618 0.163749
0.085491 -0.066959 0.062424
0.056627 -0.085391 0.110753
0.090658 0.064394 0.061454
-0.011431 -0.087946 0.066676
0.064026 0.076279 0.086121
0.120693 -0.032013 0.053315
0.101943 0.056238 0.046484
0.064722 -0.079597 0.12203
0.087337 0.067303 0.07577
-0.010618 -0.073767 0.053041
-0.010691 0.090986 0.065327
-0.021879 -0.070567 0.153751
-0.069378 0.057443 0.092602
0.015864 -0.071538 0.164934
-0.004197 -0.081942 0.139046
0.076037 0.076322 0.090069
0.056885 -0.0289 0.185966
0.07295 -0.076393 0.106299
0.116364 0.027499 0.141533
0.120909 0.023122 0.053274
-0.00238 -0.086106 0.123187
0.029657 -0.082073 0.149218
0.123275 -0.023266 0.127419
0.122238 -0.005626 0.136486
0.038928 0.073237 0.043732
0.086248 -0.067019 0.076253
-0.076279 0.044021 0.096485
0.102871 0.041813 0.152065
0.10634 -0.057565 0.091763
0.081766 -0.067597 0.055846
0.052626 0.080785 0.139504
0.060273 0.082148 0.124751
0.067105 -0.081424 0.105554
0.093431 0.046465 0.160975
-0.077993 0.044728 0.107973
0.056339 0.077783 0.073458
0.062102 0.078835 0.087519
0.041744 -0.080341 0.146092
0.093112 -0.062284 0.060992
0.090157 -0.069025 0.105309
0.104123 -0.025617 0.158834
0.010647 0.063677 0.172262
-0.013927 0.087946 0.109336
0.06396 -0.082832 0.091813
0.117819 -0.035022 0.053854
0.117386 0.018035 0.033975
0.074 -0.072687 0.062152
-0.004977 -0.078694 0.146477
0.024967 0.078056 0.154427
0.060183 -0.08258 0.120664
-0.052823 0.064196 0.069635
-0.07884 -0.036474 0.092645
0.037048 0.081546 0.143816
0.02505 -0.080687 0.152875
-0.001633 0.024818 0.191419
-0.034864 0.079325 0.109705
0.041376 0.089173 0.1272
0.085518 -0.070946 0.098258
0.034658 0.086106 0.057374
0.046536 0.084745 0.124864
0.104119 -0.064376 0.092905
0.075321 0.063782 0.036895
-0.001033 0.047624 0.184421
0.108919 0.046268 0.13961
0.067375 0.079374 0.082424
0.087013 0.067329 0.13319
0.085793 -0.048011 0.163451
0.067516 0.074241 0.061916
0.023096 -0.051456 0.179517
0.079469 0.070428 0.053583
-0.052092 -0.069499 0.098994
-0.026379 -0.072418 0.147003
0.017913 0.072393 0.165389
0.106476 0.01255 0.159653
0.081766 0.067824 0.055846
0.006861 -0.053013 0.180107
0.021504 0.098099 0.098063
0.088044 -0.066307 0.133503
0.06518 0.081382 0.098132
0.052849 -0.074995 0.14473
-0.085811 0.005944 0.115178
0.113678 0.051745 0.079704
0.033861 0.077839 0.149574
0.066809 0.079633 0.113943
-0.027127 -0.050532 0.171849
0.053894 0.063377 0.167797
-0.022629 0.07938 0.128933
-0.003046 0.000114 0.191901
-0.083728 0.01175 0.11433
0.052496 -0.085962 0.115723
0.072439 0.07429 0.128742
-0.072653 -0.050565 0.097409
0.013123 0.06488 0.172363
-0.002651 0.074946 0.053041
-0.010528 -0.086106 0.108734
0.118592 -0.013538 0.036217
0.12101 -0.030454 0.052795
-0.00315 0.023007 0.189939
0.064753 0.078414 0.077142
-0.06656 0.060452 0.092593
0.005961 0.062325 0.173801
0.064092 0.0763 0.067082
-0.064187 0.05943 0.115201
-0.078649 0.04229 0.113259
0.10023 -0.05952 0.057168
-0.012573 -0.025047 0.189411
0.031969 -0.075357 0.151321
0.083759 0.069748 0.062745
-0.001852 0.074262 0.157166
0.112874 -0.045309 0.054784
-0.040846 -0.076984 0.112056
0.121497 -0.014976 0.051667
0.047473 -0.081602 0.139521
-0.006258 0.0 0.191789
-0.029024 -0.080514 0.121153
-0.012086 0.074575 0.152223
0.116434 0.00178 0.029157
-0.007449 0.079356 0.143244
-0.020747 0.079985 0.129967
0.121964 0.024647 0.08004
0.008545 0.065704 0.173355
-0.085621 -0.008605 0.100498
0.103684 0.065594 0.108575
0.050065 -0.084159 0.121414
0.097168 0.033944 0.164694
0.018799 0.078989 0.152164
0.040427 0.084527 0.13142
0.114696 0.000371 0.029592
-0.056746 -0.06665 0.103485
0.115944 -0.020287 0.030893
0.031855 -0.086106 0.099652
0.119056 0.024917 0.048125
-0.082209 0.033462 0.09942
-0.024786 0.089173 0.057198
0.045725 -0.078662 0.14386
0.088673 0.029513 0.170804
0.058751 0.077873 0.075722
0.011707 0.069983 0.169206
-0.007779 0.0 0.192956
0.035156 -0.079826 0.145614
0.05914 -0.074558 0.049689
0.110842 0.042742 0.039739
-0.082375 -0.023462 0.099553
0.055374 -0.059876 0.16806
0.071458 -0.059971 0.160073
0.049672 0.082708 0.133202
-0.042661 0.073123 0.121736
-0.022308 0.069698 0.154907
0.025152 0.097906 0.11804
0.002904 -0.077562 0.156362
0.065172 -0.076454 0.068617
0.016149 0.091 0.131095
0.113504 -0.029355 0.048986
0.034022 0.090774 0.122502
0.027565 -0.074892 0.047362
0.075444 0.069087 0.058257
0.093859 -0.071868 0.105404
-0.016635 0.031323 0.184851
0.019699 0.076172 0.157928
0.106573 0.055034 0.121202
0.0647 -0.078008 0.111218
-0.084749 -0.018785 0.098545
-0.042718 -0.070459 0.132787
0.084587 0.060936 0.148872
0.011966 0.073535 0.164694
0.059306 -0.071015 0.150059
0.063828 0.075413 0.13792
0.018242 0.098169 0.096981
0.122464 0.015738 0.055477
-0.029213 0.0 0.185848
0.12075 -0.021638 0.051808
0.057449 -0.083939 0.129454
0.036903 0.091014 0.057918
-0.027348 0.053192 0.172108
0.116492 -0.020254 0.032358
0.014583 -0.064332 0.170716
0.059265 0.077228 0.135523
0.103436 0.056714 0.062969
0.037457 -0.090846 0.0587
-0.082506 -0.032771 0.101561
0.075804 0.074022 0.061749
0.046431 -0.090708 0.122548
0.088716 -0.068478 0.058456
0.098512 0.052886 0.033626
0.002025 -0.090708 0.138368
0.028568 0.087946 0.095269
-0.033207 -0.027882 0.178866
-0.056629 0.065281 0.118675
0.074355 -0.068616 0.14347
0.000589 -0.051638 0.18256
-0.020128 -0.077413 0.145264
-0.026623 -0.003361 0.186887
0.055823 0.059163 0.168674
0.118298 -0.041186 0.076943
0.06673 0.075024 0.064209
-0.018993 0.006687 0.188019
0.032426 -0.080671 0.147419
0.064612 -0.082003 0.106938
0.034316 -0.076733 0.14902
-0.036462 0.075569 0.089027
-0.028148 0.079001 0.120513
-0.082098 0.034158 0.100773
0.069677 -0.076236 0.064043
0.120785 0.004385 0.041583
-0.049816 -0.070169 0.116166
-0.043414 -0.070033 0.13877
-0.038222 -0.074792 0.087884
-0.042156 -0.074503 0.110336
0.05703 -0.078912 0.064878
0.114998 -0.027832 0.038226
0.079531 -0.075654 0.130128
0.117558 0.040631 0.080139
0.000649 0.04509 0.184235
0.095074 0.051686 0.148346
-0.039919 0.072889 0.129206
0.045385 0.044891 0.18483
0.122364 0.025084 0.053001
0.064194 -0.072057 0.065145
0.064722 0.079597 0.12203
0.053892 0.083948 0.111165
0.000659 0.052937 0.179918
-0.042689 0.075818 0.116799
0.062726 -0.07718 0.069645
0.10612 0.057951 0.104416
0.068006 -0.074144 0.069509
0.126202 0.000115 0.124655
0.026203 -0.083326 0.139617
-0.058718 0.065104 0.107346
0.106775 0.055718 0.121222
0.020975 0.098 0.120759
0.114295 0.03288 0.03569
0.057856 0.078178 0.085958
0.067037 0.058344 0.163655
0.092281 0.067667 0.09042
-0.007697 0.087946 0.119497
-0.035262 -0.002187 0.181236
-0.05935 -0.066539 0.092573
0.124141 0.0 0.052668
-0.040233 0.073436 0.126233
0.104697 -0.051915 0.068068
0.090336 -0.070758 0.091431
-0.019476 0.090708 0.125746
0.081437 -0.069562 0.078392
0.006882 -0.060791 0.175299
0.064954 0.08158 0.120445
-0.08609 -0.001939 0.112247
0.066439 -0.069016 0.038566
0.114512 -0.04153 0.052979
0.095645 0.062751 0.058021
-0.075059 -0.046637 0.105434
0.114611 -0.049292 0.118855
0.035921 -0.063581 0.168482
0.121371 0.022261 0.054391
0.100283 -0.050885 0.050657
-0.078733 -0.038194 0.097611
0.023868 0.08504 0.140787
0.105084 0.056636 0.121026
0.120716 -0.031906 0.053311
0.110034 0.0495 0.055318
0.107423 0.038201 0.030863
-0.061231 -0.062736 0.092256
0.013956 0.086106 0.127427
0.054938 -0.084383 0.129511
0.06303 -0.079358 0.071102
0.064266 0.07712 0.070655
-0.024567 0.022141 0.185787
0.093516 -0.056986 0.040073
0.115892 0.047898 0.079338
0.105039 -0.061741 0.110495
0.041446 0.085712 0.132373
-0.074187 0.051575 0.097554
0.108291 0.053752 0.086617
0.058055 -0.082079 0.128554
0.026058 -0.090708 0.137466
-0.042515 -0.066478 0.059034
0.116572 -0.009789 0.030109
0.07165 0.076302 0.09533
0.023528 -0.023994 0.193575
-0.038934 -0.073959 0.084129
0.066095 0.071147 0.044401
-0.000881 0.090994 0.137426
0.115248 0.022407 0.030058
0.108913 0.053868 0.086478
0.098534 -0.061651 0.059973
0.106402 0.058623 0.129204
0.073386 -0.072907 0.062344
-0.086124 0.0 0.110319
0.021973 -0.076258 0.15789
-0.036414 -0.073937 0.131382
0.066048 0.075708 0.085224
0.048983 0.086001 0.123688
-0.011525 -0.078629 0.148083
0.106512 -0.057907 0.081997
-0.036849 -0.073604 0.069301
0.064131 -0.079166 0.071182
0.061669 -0.063443 0.164128
0.118888 0.033975 0.056148
0.088929 -0.070238 0.105392
0.060911 -0.08117 0.089173
0.118638 -0.011586 0.035999
0.090661 0.066471 0.061452
-0.007646 -0.090774 0.124076
0.064334 0.077642 0.097068
0.078108 -0.062597 0.036371
0.1065 0.041943 0.034116
0.05426 -0.080514 0.130867
0.06369 -0.073808 0.141983
0.048553 -0.079612 0.139268
-0.031716 -0.077035 0.125642
0.061465 -0.082179 0.122176
1.5e-05 0.034656 0.189265
0.058487 -0.027695 0.187405
0.049329 0.081122 0.140277
0.09078 0.061374 0.041708
0.067637 0.064681 0.156925
0.088519 -0.066791 0.05936
-0.031817 -0.077778 0.095203
0.064663 0.080142 0.134045
0.062752 0.040134 0.182144
0.000768 -0.047414 0.183099
0.075866 0.067771 0.144265
-0.029484 -0.079708 0.113442
0.01869 0.091005 0.138804
0.096368 -0.059166 0.049584
0.039005 0.055254 0.175601
0.121946 -0.003708 0.051584
-0.029107 0.071892 0.145755
-0.000691 -0.044908 0.184038
0.009115 0.061922 0.17243
0.11711 0.038708 0.050236
-0.01225 -0.064518 0.169156
0.103052 0.057134 0.05663
0.015553 0.076512 0.156999
-0.03458 -0.073188 0.07261
0.064728 0.077049 0.126381
-0.028826 -0.080783 0.120797
-0.005735 0.033668 0.187298
-0.012568 -0.079535 0.139121
0.099654 0.063366 0.104784
0.077709 0.071391 0.061391
0.120954 -0.011696 0.05576
0.02771 -0.077703 0.152344
-0.005833 -0.089173 0.134691
-0.013101 -0.041815 0.183979
0.051369 0.011284 0.190399
0.090022 -0.064858 0.134106
0.099753 0.056237 0.042656
-0.000292 0.064108 0.170824
0.02532 0.074004 0.15829
0.092306 -0.057159 0.033703
0.115385 -0.039675 0.046677
0.093132 0.052941 0.156212
-0.00042 0.035965 0.18708
-0.018993 -0.006687 0.188019
0.007186 -0.063751 0.174948
0.03947 0.090903 0.06222
0.114672 0.023016 0.034058
0.117265 0.036483 0.053959
0.114255 0.01421 0.029728
0.059445 -0.070458 0.042551
0.017079 -0.074708 0.16353
0.070871 0.072056 0.066413
-0.024988 -0.091014 0.11152
-0.036113 -0.075111 0.085137
-0.0112 -0.035342 0.18531
0.111809 -0.054785 0.123425
0.055885 0.058258 0.168755
0.095844 0.056641 0.053292
0.085318 -0.067548 0.076665
0.11454 0.007993 0.029573
0.029108 0.098099 0.109316
-0.062871 -0.063986 0.094598
0.102629 0.048144 0.031765
0.004965 -0.087946 0.129335
-0.009014 0.0 0.19108
0.017895 0.084496 0.142079
0.063743 -0.084076 0.114254
0.079972 -0.065036 0.146428
0.063687 -0.077573 0.097222
-0.011668 0.078836 0.142068
0.022288 0.077769 0.154958
0.049606 0.085004 0.130839
0.083906 -0.069012 0.13224
0.106519 -0.055514 0.087052
-0.029097 -0.033367 0.181008
0.010581 0.061401 0.1753
0.073196 -0.075417 0.117257
-0.037832 0.070184 0.058153
0.062764 -0.077412 0.12579
0.126313 0.010348 0.122393
0.033838 0.083468 0.144494
0.069703 0.07247 0.05747
0.101112 0.053434 0.137491
0.048073 0.029758 0.188061
0.103532 0.058192 0.120842
0.08249 -0.061993 0.147753
0.065294 0.076904 0.070637
0.108794 0.040097 0.036404
-0.021685 0.079034 0.139329
0.04349 0.047668 0.182148
0.108496 0.052763 0.12143
0.093591 0.067896 0.099338
0.0 0.04673 0.18152
-0.011062 0.087946 0.118733
0.10016 0.057526 0.070081
0.043972 0.090999 0.125519
0.028242 0.09815 0.112951
0.079974 0.077533 0.120489
-0.006489 0.025765 0.190728
-0.044305 -0.070437 0.07696
0.068069 0.077179 0.116652
-0.079865 -0.039881 0.094993
0.079613 -0.063451 0.039889
0.009377 0.079188 0.154709
0.087368 0.066284 0.133297
0.098659 0.056329 0.136742
0.111782 0.052597 0.104094
0.102117 0.060822 0.088094
0.006846 -0.052152 0.179609
0.061031 -0.069196 0.041076
-0.028023 -0.037122 0.17836
0.053921 0.080519 0.131256
0.059205 0.052141 0.173065
-0.0455 0.067663 0.136085
0.116843 -0.03752 0.054038
0.027437 -0.098016 0.103271
0.092651 0.061941 0.057088
0.068209 -0.068317 0.154129
0.091064 -0.062993 0.067947
-0.054879 -0.065647 0.071663
0.028277 0.075426 0.155523
0.062746 0.076644 0.086677
-0.003667 -0.086106 0.09617
0.100341 -0.062022 0.088518
0.013168 0.061769 0.172314
-0.043808 -0.073249 0.093542
0.123201 0.019752 0.052844
0.127074 0.025456 0.098362
-0.03244 0.072865 0.145088
-0.083639 0.011247 0.100106
0.016579 -0.098169 0.096551
0.068498 0.073211 0.068757
-0.049675 0.069296 0.122019
0.020408 -0.097907 0.097355
-0.035208 -0.005259 0.181176
-0.025424 -0.000669 0.052812
-0.037649 -0.070511 0.059023
0.129353 0.010638 0.104916
-0.054878 -0.065688 0.071821
0.061942 -0.084459 0.112175
0.040477 0.089173 0.060907
-0.061264 -0.06308 0.107302
0.053638 -0.082989 0.094854
-0.047758 0.07343 0.115997
0.08724 -0.065443 0.062094
0.113344 -0.021798 0.029839
0.12769 0.000118 0.102821
0.009022 0.076514 0.159643
0.011996 0.060967 0.173666
0.0294 -0.07634 0.153599
0.047705 0.071813 0.042084
0.123819 0.000115 0.132774
0.095909 -0.065228 0.089578
0.000317 -0.098099 0.099971
0.067927 0.074034 0.143662
0.083307 -0.066656 0.069771
-0.020406 -0.023498 0.185454
0.025925 -0.096328 0.115674
0.062545 -0.06852 0.152728
-0.054123 0.069421 0.117893
0.056342 -0.076803 0.063191
0.097303 0.061643 0.05771
-0.024738 -0.073084 0.151128
0.053463 0.074936 0.145226
0.028281 0.098169 0.106026
-0.029307 0.044451 0.174366
0.023988 -0.079446 0.155562
0.03262 -0.070005 0.160865
0.006689 -0.056685 0.177519
0.111317 0.03652 0.049538
0.008767 0.055816 0.177392
0.035148 -0.086106 0.110857
-0.018376 -0.075378 0.151039
-0.012482 0.090774 0.066187
0.032424 0.079497 0.15049
0.111885 -0.033046 0.030025
-0.023906 -0.016084 0.052812
0.067072 -0.075393 0.058749
-0.02995 0.07923 0.112738
0.1132 -0.030523 0.049077
-0.02733 -0.080733 0.123934
-0.003775 0.09061 0.126712
0.061103 -0.078504 0.125283
-0.084853 0.019383 0.101026
-0.022148 -0.060783 0.166107
0.06454 0.078211 0.106778
0.095748 -0.052903 0.034291
0.033983 -0.087946 0.117206
0.116831 -0.032238 0.047552
-0.068045 0.056592 0.097338
0.010026 -0.091002 0.131267
-0.004121 -0.079423 0.149943
0.02126 -0.087946 0.126853
0.037055 -0.086106 0.118962
-0.014017 -0.09061 0.114673
0.11675 -0.009951 0.035832
0.083397 -0.071209 0.092542
0.050857 0.065992 0.162227
-0.081995 -0.022087 0.092663
0.043383 -0.085231 0.128072
0.005836 0.053734 0.18148
-0.049291 -0.065363 0.066454
0.09963 -0.060866 0.059767
0.050252 -0.090708 0.111193
-0.04216 -0.067892 0.140244
-0.026204 0.07895 0.124994
0.08678 -0.066717 0.076015
0.01419 -0.089173 0.132037
0.072327 -0.033104 0.179001
0.052609 -0.086228 0.113075
0.116244 -0.002482 0.048318
0.094105 -0.065855 0.05831
-0.058515 -0.064857 0.112027
0.105021 0.051685 0.133286
0.101507 0.046912 0.149673
-0.013736 0.073385 0.053626
0.035739 -0.09061 0.057925
0.117161 -0.045857 0.125992
-0.045913 -0.072824 0.101337
0.061368 -0.076063 0.071057
0.06165 0.073944 0.069377
0.012596 -0.070368 0.166144
-0.045053 -0.073133 0.111184
0.039005 -0.090774 0.06068
0.085505 0.000117 0.178972
-0.014832 0.0 0.191097
0.013764 -0.065699 0.171626
0.101418 -0.053742 0.137584
0.117651 -0.034306 0.052391
0.045954 0.081523 0.140597
0.074345 0.072567 0.062065
-0.038737 -0.070712 0.137998
0.062353 0.054762 0.174094
-0.050702 0.072311 0.110566
0.054789 0.060164 0.167331
0.058166 -0.077766 0.068739
0.046863 0.078729 0.143146
-0.049357 0.072458 0.091422
-0.000652 -0.087946 0.127433
-0.014753 -0.079934 0.135691
0.111105 0.054737 0.117947
0.036458 0.089173 0.056939
0.105037 -0.051456 0.067918
-0.027624 0.077501 0.130527
0.122334 -0.002325 0.053006
0.092324 -0.063899 0.073556
0.064973 -0.047091 0.175788
0.066906 0.076415 0.078901
-0.027689 -0.077005 0.139487
0.024638 0.096328 0.1013
0.065429 0.078985 0.120024
0.046748 -0.065582 0.169725
0.061434 -0.07439 0.07198
0.002835 0.096328 0.099161
-0.0047 -0.082874 0.140243
0.10906 0.052571 0.135368
-0.033084 -0.077972 0.128511
-0.04234 0.075139 0.122903
0.028963 0.084064 0.138062
0.039218 0.090738 0.061433
-0.082055 -0.024079 0.096601
0.066209 0.062441 0.165801
-0.083842 0.025001 0.114828
0.063037 -0.080443 0.114533
-0.076229 0.046002 0.116916
0.118177 0.021729 0.037727
0.111013 -0.030323 0.030189
-0.028878 0.078358 0.133456
0.066843 0.079083 0.126141
0.033293 -0.073917 0.04479
-0.082267 0.019962 0.092664
0.050716 0.085983 0.120631
-0.042007 0.074266 0.114919
0.072766 -0.074583 0.128842
0.118437 -0.031892 0.052242
0.058201 -0.075308 0.065521
-0.04333 0.070888 0.06847
0.098112 0.058958 0.060052
0.01366 -0.062409 0.171745
-0.005044 0.031388 0.186499
-0.002784 -0.042339 0.186453
0.0007 0.080894 0.148302
0.033472 0.082532 0.141264
-0.081303 -0.028894 0.113024
0.066977 0.079902 0.088504
0.028621 -0.077901 0.154481
-0.007132 0.026233 0.18891
-0.015516 -0.06419 0.168194
0.100306 0.055382 0.137235
0.031204 -0.074139 0.045183
0.053828 0.08491 0.095585
0.065538 0.077191 0.081524
-0.034078 0.07668 0.079111
0.002817 0.074599 0.158019
0.116693 -0.044701 0.12281
0.083633 -0.06975 0.083359
0.107921 0.000115 0.161231
-0.007354 0.041362 0.184087
0.114895 0.03833 0.049319
0.072113 0.076622 0.117129
-0.025424 -0.000669 0.061952
0.08027 -0.063682 0.035965
0.024953 0.086106 0.124456
0.040167 0.091014 0.109079
-0.035508 0.072533 0.137282
-0.005605 -0.090835 0.135826
0.113051 -0.045028 0.05475
0.068881 -0.0627 0.15795
0.013658 0.071166 0.168011
0.095078 0.067123 0.105042
0.028077 -0.096328 0.110345
-0.03081 0.076108 0.131726
0.097262 -0.065537 0.104915
-0.068276 -0.056037 0.09375
-0.005841 0.059457 0.1736
0.08795 0.070207 0.111814
0.067058 -0.078567 0.099262
0.077525 0.073419 0.061425
0.066282 0.075512 0.132572
-0.014389 0.050381 0.177337
-0.03081 -0.076107 0.131726
0.06839 -0.075607 0.127487
-0.047281 0.068516 0.074574
-0.007507 0.038464 0.185203
0.049613 -0.090993 0.113305
0.044561 -0.082588 0.137047
0.114095 -0.04322 0.054554
0.090906 0.065057 0.057415
0.040287 0.089173 0.114354
0.119669 0.029273 0.053729
-0.03465 -0.076215 0.133266
0.112894 0.021231 0.04762
0.116414 0.021445 0.038044
-0.081772 -0.023539 0.092661
-0.07179 0.049797 0.116894
0.075331 0.074911 0.117509
0.08698 0.067536 0.059648
0.065618 -0.076208 0.085403
-0.040302 -0.07536 0.105541
0.055353 0.081791 0.07653
0.106867 0.034517 0.154668
-0.034191 0.073847 0.075008
-0.023906 -0.016084 0.061952
-0.015066 -0.03877 0.184597
-0.064961 -0.059749 0.096078
0.11124 0.045951 0.051544
-0.012914 0.074772 0.155282
0.00568 -0.058834 0.176685
0.066324 0.071336 0.063555
-0.055285 -0.067362 0.095759
0.014648 -0.072556 0.166367
0.005607 -0.074862 0.161636
0.10849 -0.055359 0.104274
0.09892 -0.064166 0.124605
0.066893 -0.075394 0.076974
0.076386 -0.069626 0.149374
-0.020525 -0.019586 0.186135
0.047837 0.090708 0.119985
-0.024721 0.016544 0.186628
0.034128 -0.090903 0.122568
0.083572 0.06662 0.058791
0.061018 -0.076369 0.064464
0.106298 -0.055017 0.058511
0.017799 -0.089173 0.138209
0.055301 0.077754 0.062923
0.070457 -0.061218 0.159264
0.013682 0.071608 0.16745
0.120181 -0.020364 0.055903
0.009291 -0.086106 0.091114
0.064867 0.073865 0.064464
-0.007283 0.020012 0.191646
0.001034 0.098084 0.119072
0.120343 -0.02615 0.053381
-0.037175 0.07801 0.095656
-0.014592 -0.09061 0.068219
0.009428 -0.096328 0.121589
0.03812 -0.090845 0.059285
0.103672 -0.05522 0.135918
0.074177 0.071386 0.06471
0.113162 0.000114 0.047562
0.078209 0.071915 0.079849
0.076166 0.070672 0.064176
0.058941 0.081766 0.117423
0.012671 -0.068343 0.168619
-0.033979 0.0 0.181908
0.05265 -0.079056 0.138817
0.058215 0.053489 0.171781
0.063832 0.084074 0.113831
0.047001 -0.060921 0.168926
-0.014458 -0.09061 0.067977
-0.019627 0.07952 0.132177
0.028977 0.085055 0.13951
0.105499 0.047932 0.050974
0.038512 0.056846 0.174463
0.05369 0.083793 0.134026
-0.083186 0.011942 0.094829
-0.011662 -0.035958 0.186637
0.038479 0.056956 0.174384
-0.080296 -0.039709 0.100788
0.085467 -0.075849 0.109467
0.051598 -0.065567 0.163193
0.105913 -0.053771 0.054599
0.075037 0.069074 0.143828
0.071376 -0.075981 0.117041
-0.008119 -0.053988 0.177031
0.063334 -0.079499 0.137047
-0.07378 -0.052124 0.09687
0.113517 0.045166 0.050167
0.027765 0.096328 0.111941
0.115742 -0.027529 0.040047
-0.083696 -0.025875 0.114536
0.083026 0.071829 0.118419
-0.00775 -0.02198 0.189625
0.001366 -0.050267 0.181663
0.105829 0.052878 0.058602
0.07201 0.058633 0.160528
0.031116 0.079205 0.146355
0.105751 -0.051536 0.043906
0.025523 -0.098016 0.100861
-0.064476 -0.0629 0.101882
0.090486 -0.064499 0.134248
0.129188 0.000114 0.117985
-0.08241 0.033373 0.10472
0.063977 -0.08123 0.094152
0.032315 0.071412 0.160165
0.057124 -0.072484 0.148261
0.081789 0.072956 0.105797
0.101945 -0.04872 0.03643
-0.023692 -0.089173 0.114931
-0.003553 -0.098169 0.112391
0.035436 -0.090903 0.121087
0.064582 -0.076912 0.126326
0.012771 0.062031 0.172773
-0.069428 -0.057806 0.097502
0.038557 -0.083978 0.133633
0.104235 0.056339 0.077164
0.109406 -0.048536 0.057932
0.082619 0.070108 0.128893
0.117329 -0.04635 0.092994
-0.054732 0.064909 0.077259
0.081742 -0.070274 0.13158
0.108412 0.056501 0.104286
-0.073637 0.049168 0.102959
-0.04544 0.074502 0.093054
0.04832 -0.069484 0.158932
0.03063 -0.087946 0.097001
0.062783 -0.081427 0.126266
0.028709 0.098134 0.111628
0.017731 0.08317 0.141076
0.087815 0.056388 0.150558
0.053792 0.084647 0.092827
0.120693 0.032013 0.053315
-0.001965 -0.067373 0.169472
0.056377 0.080595 0.12797
0.049884 -0.090993 0.111174
-0.006974 -0.022495 0.191217
0.114683 0.002548 0.02959
-0.020675 -0.045967 0.177506
0.072056 0.076263 0.106351
0.101237 -0.035976 0.159877
-0.046306 0.072366 0.08101
0.031665 -0.079285 0.151105
-0.010124 -0.089173 0.132453
0.03886 0.056816 0.175251
0.076038 -0.075474 0.106123
-0.018894 -0.014849 0.187373
0.009263 -0.017815 0.192605
0.052753 0.08621 0.112005
0.07773 -0.073816 0.117799
0.121352 0.016612 0.051695
0.11644 -0.00121 0.02917
0.094869 -0.059637 0.053539
0.075553 0.074106 0.061796
0.039612 -0.078789 0.141689
0.073914 0.072992 0.081722
0.051872 -0.084149 0.094383
0.048494 -0.077031 0.141148
0.103106 -0.060379 0.115946
0.031235 0.073059 0.157623
0.082591 -0.07188 0.118387
-0.042842 0.073489 0.118734
-0.011047 0.038288 0.184301
0.017784 0.072178 0.16276
-0.0732 0.053132 0.0998
0.013495 0.068783 0.165504
0.004101 0.098169 0.120538
-0.084123 0.0 0.114648
0.078541 -0.070883 0.079681
0.060959 0.070732 0.151421
0.047292 -0.084723 0.134214
0.002003 0.00619 0.191247
0.039545 0.090986 0.061399
-0.058794 0.066802 0.09132
0.112908 0.045278 0.054777
0.040928 0.006763 0.192708
0.094522 0.055584 0.033287
0.014923 -0.067047 0.170319
-0.02241 0.032332 0.184184
-0.039573 0.073063 0.0804
0.059514 0.082794 0.103026
-0.002068 -0.090945 0.137121
0.08759 -0.067237 0.059535
-0.016983 -0.068154 0.160143
0.115208 -0.020293 0.146407
0.046671 -0.070497 0.156793
-0.007218 0.0 0.191569
-0.048024 0.064092 0.060068
0.112502 -0.051456 0.104053
-0.01227 0.068698 0.161603
0.114607 0.051507 0.122371
0.056034 0.082002 0.131329
0.079823 0.067141 0.141888
0.035068 -0.087946 0.114981
0.063899 -0.07977 0.083659
0.046539 -0.081556 0.140198
-0.035508 -0.072534 0.137282
0.059379 0.078651 0.128671
0.122505 -0.027125 0.076134
0.096403 -0.067775 0.094858
-0.027949 -0.078181 0.135264
0.072374 0.070817 0.142426
0.122373 0.011545 0.075371
0.062027 -0.077083 0.077213
0.095513 0.06086 0.060797
0.028172 0.087946 0.125956
-0.062033 -0.063628 0.116937
0.020011 0.000113 0.19429
-0.005566 -0.061667 0.171749
0.032165 -0.087946 0.058383
0.12098 -0.000895 0.042094
-0.00408 -0.004185 0.192218
0.119765 0.023088 0.055983
0.036469 -0.090774 0.119476
-0.012958 0.060114 0.172952
0.003792 0.081485 0.142031
-0.00135 -0.048286 0.18224
-0.014526 -0.089173 0.117162
0.090783 -0.069313 0.105288
0.004001 0.055836 0.178623
-0.055902 -0.06573 0.119127
0.09876 0.0589 0.070702
-0.084285 0.0249 0.108406
0.09431 0.064214 0.060141
0.107813 0.054035 0.053542
-0.066445 0.057661 0.112029
-0.076051 0.048258 0.108724
0.060015 -0.082939 0.110837
-0.042021 0.070135 0.140438
0.117439 0.044834 0.088221
0.080475 0.070862 0.078819
0.020996 0.075603 0.159011
0.013988 -0.057968 0.175293
0.073056 0.068182 0.061337
0.113633 0.035618 0.04235
-0.011822 0.080783 0.136269
0.073704 0.058646 0.160334
-0.001544 -0.087946 0.124664
-0.004629 -0.089173 0.127639
0.039402 -0.081154 0.144405
0.04286 -0.078488 0.145511
-0.032387 -0.079166 0.090771
0.037041 -0.068344 0.16898
0.117206 0.041068 0.05397
-0.019177 -0.067614 0.162675
0.016012 0.083546 0.14476
0.00359 -0.090903 0.12998
-0.080974 0.030906 0.099805
0.037448 -0.090774 0.117852
-0.049653 -0.066971 0.065333
-0.058135 0.067678 0.109473
0.107318 0.043233 0.052997
-0.02925 0.080604 0.120159
-0.082783 0.020316 0.099309
-0.023856 -0.080164 0.126036
0.125242 -0.011092 0.088688
-0.011137 0.090965 0.120738
0.116157 0.007958 0.048339
0.005709 0.049692 0.180921
-0.043266 -0.072268 0.084291
0.11417 0.017964 0.030412
0.109285 -0.041798 0.039977
0.043697 0.085971 0.129956
0.036628 -0.073982 0.045661
0.091011 -0.068536 0.127467
0.075867 -0.068253 0.144257
0.006801 -0.061098 0.172829
0.065245 0.081914 0.109483
-0.03301 -0.077905 0.113186
0.08071 -0.067816 0.05933
0.003928 -0.098165 0.097954
-0.028599 0.078294 0.124383
0.000326 0.049071 0.180302
-0.054837 0.067074 0.077393
0.103918 0.065467 0.100825
0.016458 -0.062431 0.175934
-0.012669 0.066925 0.163699
-0.025628 0.071802 0.057356
0.005957 -0.074783 0.158485
0.038998 -0.066033 0.165116
-0.054073 0.060771 0.061204
0.066482 -0.081524 0.115944
0.060848 -0.084447 0.11875
0.117697 0.006035 0.03276
0.050633 0.067006 0.161938
-0.00908 -0.086106 0.115619
0.096354 0.064447 0.089471
0.1032 -0.058642 0.119511
-0.004465 0.098016 0.108934
-0.002782 -0.038098 0.186451
0.120702 0.015861 0.055808
0.062476 0.078712 0.08363
0.064476 0.076922 0.069988
-0.052628 0.067839 0.085809
0.034114 0.067602 0.164313
-0.05182 0.071855 0.101885
0.067943 0.06756 0.155783
0.009237 0.063732 0.170692
0.010659 -0.068321 0.170941
0.039699 0.090808 0.10908
-0.004805 0.034722 0.188786
0.015272 -0.07363 0.164934
0.060166 -0.078704 0.131015
0.041962 0.02652 0.189938
-0.037214 0.076501 0.110655
0.066908 -0.078363 0.079129
0.094234 0.060826 0.135384
0.114125 -0.026825 0.048833
0.096906 -0.060025 0.046955
0.012253 -0.067839 0.16654
0.116389 0.004758 0.029172
0.072399 -0.044075 0.176186
0.049484 -0.068146 0.160477
0.037351 -0.060008 0.171784
0.088772 -0.063949 0.055011
0.076038 0.076898 0.121208
-0.070881 0.053142 0.098219
-0.004331 -0.072607 0.162259
0.125496 -0.032861 0.100283
0.06765 -0.073753 0.070221
0.114391 0.03177 0.142822
0.080771 -0.064352 0.146849
0.076904 0.064776 0.04082
0.107097 -0.043352 0.053049
-0.058991 0.066676 0.09143
-0.035742 0.078942 0.112256
0.072497 0.073967 0.065426
-0.050074 -0.069147 0.085047
-0.010007 0.090993 0.13334
0.063159 0.0822 0.116995
0.058723 -0.079023 0.095697
0.085922 0.061978 0.058215
0.12105 0.019447 0.051752
0.085423 -0.068161 0.076617
0.122743 0.023341 0.05309
0.089054 -0.055527 0.151207
0.086689 0.06517 0.058208
0.038286 -0.087946 0.062226
-0.043226 0.074286 0.125166
-0.02082 -0.02936 0.185608
0.01258 0.090708 0.139514
-0.011429 -0.087946 0.110519
-0.040337 -0.067286 0.05863
0.027922 -0.096328 0.107127
-0.04568 0.072571 0.095246
0.056229 0.07328 0.147514
0.060014 -0.079953 0.089874
0.092416 0.06391 0.132936
0.114306 0.011453 0.048789
0.099313 0.052253 0.050936
-0.054065 0.068972 0.120655
0.039913 0.086106 0.10908
-0.075553 -0.045856 0.102433
0.091924 -0.070555 0.098219
-0.045913 -0.071279 0.085443
-0.05263 0.069902 0.120692
0.099423 0.066303 0.110945
0.109388 0.050899 0.050539
0.066971 0.081517 0.112504
0.054081 0.06139 0.166405
0.062729 0.077187 0.069686
0.041714 0.080367 0.14617
0.069981 0.06949 0.146133
0.100647 -0.050278 0.037026
0.012945 -0.080855 0.14665
0.03357 0.086106 0.123245
-0.048779 0.073246 0.112186
0.055456 0.081075 0.136325
0.059077 -0.081798 0.079608
0.120176 0.003035 0.051916
-0.011429 -0.090867 0.132757
-0.003023 -0.037158 0.186729
-0.039656 0.077214 0.115861
0.039177 -0.055359 0.17601
0.052063 0.051686 0.175192
0.058382 -0.078447 0.070728
0.025543 -0.073822 0.159897
0.053047 -0.081914 0.080302
-0.028328 0.076694 0.132961
0.073706 0.042717 0.17617
0.010265 -0.09061 0.130883
-0.062093 -0.061098 0.116944
0.097309 0.061642 0.057708
0.111574 -0.051462 0.109396
-0.038038 -0.071719 0.07144
0.06453 -0.080507 0.106465
-0.071587 0.050112 0.116894
0.114394 -0.047556 0.081429
0.010055 0.098137 0.096021
0.118106 0.004849 0.039255
-0.030802 -0.080446 0.115746
-0.034687 0.076679 0.09338
0.061233 0.079471 0.128939
-3.4e-05 -0.050131 0.183279
0.060029 0.080691 0.120967
0.067963 -0.074509 0.063293
0.009364 0.066736 0.172426
-0.014944 -0.090774 0.068682
0.118074 -0.034301 0.053808
0.113544 -0.032042 0.038163
0.061111 0.072303 0.152148
0.097227 0.023056 0.166159
0.096879 0.052326 0.051532
-0.048367 -0.073458 0.097049
-0.047614 -0.070158 0.123702
0.10309 0.051285 0.051522
0.004524 -0.059523 0.17802
-0.008419 0.01601 0.190387
0.061099 0.07214 0.062153
0.0331 0.000114 0.1952
0.095636 -0.05337 0.051828
-0.014938 -0.090984 0.068077
-0.005475 -0.090993 0.135633
-0.050241 -0.070453 0.0976
0.074741 -0.063028 0.154011
0.031218 0.062004 0.171644
0.122894 -0.022006 0.052901
0.095935 0.060013 0.13591
-0.007139 -0.017509 0.188916
-0.083299 0.018275 0.103895
0.102676 0.060318 0.087961
0.10595 0.052934 0.052866
-0.012531 0.073219 0.154537
0.013535 0.075455 0.049953
0.035068 0.087946 0.114981
0.111424 -0.050665 0.055057
-0.031964 -0.080086 0.101014
0.103377 0.059159 0.120824
0.105154 0.059664 0.104471
0.019272 -0.090885 0.130353
0.074668 0.076119 0.106201
0.105085 -0.057893 0.087387
0.068789 -0.072683 0.140538
0.111093 0.052493 0.104134
-0.040969 0.07505 0.126679
0.119199 -0.046794 0.093157
0.024727 0.065166 0.173721
-0.015074 0.070369 0.15794
0.009031 0.058959 0.177088
0.106007 0.04268 0.04939
0.030639 -0.078889 0.152153
-0.078984 0.03757 0.098081
0.111084 0.045124 0.065909
0.041407 0.08577 0.132211
-0.047711 0.074053 0.103881
-0.041086 0.070046 0.069435
-0.001334 -0.081076 0.141084
0.102453 0.051682 0.137899
0.033527 -0.068465 0.162957
0.030301 -0.081014 0.146792
-0.04883 -0.072598 0.090277
0.111733 0.050766 0.132123
-0.024025 -0.090708 0.117921
0.021485 -0.048653 0.185318
0.105102 0.053658 0.058648
0.074179 0.071385 0.064709
-0.043937 -0.073467 0.096627
0.072227 0.070251 0.142345
0.062897 -0.07515 0.069257
0.069479 -0.07334 0.067608
0.011996 -0.060967 0.173666
-0.082317 0.032645 0.111849
0.117772 -0.046799 0.100583
0.096184 0.066428 0.104981
0.052826 0.080475 0.132523
0.061785 -0.081391 0.128043
0.101026 -0.059049 0.080235
0.069703 -0.07247 0.05747
0.068569 -0.076323 0.096063
0.001434 -0.082032 0.140669
0.108236 0.055822 0.104291
-0.023154 0.090708 0.119969
0.115302 0.036514 0.048062
0.055574 0.083588 0.116895
0.005192 -0.060686 0.177269
0.108853 0.048131 0.049669
0.049497 0.090982 0.041747
0.030998 0.075687 0.152634
0.047676 0.089173 0.117305
-0.011845 0.09061 0.066
-0.084278 0.0 0.112075
0.057793 0.029034 0.185768
-0.054884 0.065473 0.071
0.063825 0.079776 0.073685
0.064056 0.083909 0.104713
0.098898 -0.049453 0.032466
0.097489 -0.066368 0.052812
-0.041829 0.074118 0.128934
0.116209 0.046713 0.127914
0.067214 -0.076662 0.071312
0.038871 -0.077187 0.146666
0.079796 0.06468 0.146334
0.012454 -0.098016 0.122633
0.065739 -0.079623 0.119003
-0.079412 -0.040456 0.092649
0.056582 -0.079464 0.066774
0.004954 0.057587 0.177524
-0.034232 -0.079357 0.100656
-0.044519 0.074343 0.121376
-0.085296 -0.016902 0.104352
-0.029598 -0.079704 0.112608
0.029229 -0.097907 0.110093
0.016706 0.061201 0.175116
0.106945 -0.041653 0.150066
0.096373 0.06028 0.071763
0.061337 -0.074324 0.064088
0.117203 -0.021534 0.04041
0.030926 0.000111 0.19541
0.112832 -0.033036 0.032248
-0.01571 -0.091014 0.069838
0.045656 -0.082363 0.139566
0.061834 0.073755 0.068781
-0.024925 -0.043767 0.17872
0.114351 -0.037754 0.053009
0.082966 0.069673 0.077708
0.070717 0.071182 0.141556
-0.021766 -0.031792 0.182884
-0.049571 -0.066447 0.071001
0.114038 -0.02712 0.048855
0.069708 0.076231 0.095793
0.011611 0.062887 0.174111
0.066889 0.078947 0.096023
0.089946 -0.043135 0.163498
0.085182 0.072209 0.105605
0.059986 -0.073374 0.047153
0.072871 -0.070704 0.060938
0.066757 0.077549 0.11649
0.115943 -0.015732 0.029351
0.108936 -0.030968 0.048592
-0.048676 -0.067475 0.131164
0.061459 -0.074004 0.070388
0.062506 -0.072346 0.067134
0.107927 -0.054846 0.086727
0.05278 -0.085949 0.114545
0.076668 0.074821 0.106085
0.056999 -0.081184 0.13456
-0.085796 0.003356 0.100904
-0.003352 0.096328 0.110496
0.101084 -0.064863 0.098181
0.084506 -0.071613 0.105643
-0.006326 -0.026797 0.190542
0.095258 -0.064719 0.119865
0.022407 0.086106 0.125617
0.123457 0.017466 0.052796
-0.082052 0.026307 0.110816
0.015343 0.069694 0.16601
0.056335 -0.082016 0.130951
-0.010415 -0.086106 0.111073
-0.00409 0.032631 0.187959
0.11587 0.022398 0.031699
0.027949 -0.078968 0.149223
0.116981 -0.004914 0.03072
0.113861 0.009597 0.047391
0.061635 -0.083021 0.112129
0.085218 0.068533 0.142982
0.049037 0.081682 0.138314
0.094536 -0.060777 0.050851
0.004606 -0.086106 0.130314
0.063293 -0.075394 0.137646
0.006579 0.05159 0.179918
-0.035011 -0.07178 0.067083
0.083168 0.064865 0.147759
-0.023403 -0.081206 0.128914
0.040068 -0.009514 0.194097
-0.0259 0.056346 0.170434
0.055107 0.06044 0.16774
0.070873 -0.072056 0.066415
0.052306 -0.086174 0.114944
0.069947 0.074198 0.063883
0.044601 -0.072086 0.159489
-0.037642 0.073211 0.068833
0.037176 0.086106 0.058326
0.032682 -0.090829 0.123826
0.017967 -0.070274 0.166779
0.026379 -0.072445 0.158791
0.03299 0.080741 0.147133
0.030886 -0.028389 0.192337
-0.05111 0.064701 0.060648
0.050581 -0.0831 0.130125
0.020415 0.086106 0.130238
0.100219 -0.061798 0.057162
0.055604 -0.071442 0.156146
-0.007749 0.042115 0.185385
-0.008099 0.0 0.191306
0.034396 -0.087946 0.120629
-0.013922 -0.079344 0.144738
0.122814 -0.010232 0.055411
0.084082 0.07112 0.09238
0.058373 0.081698 0.090011
0.080302 -0.062455 0.149106
0.045948 -0.074333 0.154977
-0.069807 0.054606 0.100375
-0.06342 -0.06349 0.109371
0.116608 0.034062 0.04891
-0.037314 0.070523 0.145021
0.046808 -0.086074 0.126443
-0.003661 0.041531 0.184902
-0.071084 0.051192 0.115634
-0.040004 0.069806 0.066846
0.067045 0.077372 0.066147
-0.074961 0.046291 0.094161
-0.015821 -0.078257 0.14076
-0.077547 -0.041049 0.109857
0.028119 0.075006 0.155061
0.078745 -0.068671 0.053572
-0.075635 0.048613 0.092632
-0.0342 -0.076177 0.075908
0.037614 0.08158 0.143547
0.075124 -0.074059 0.123638
0.050114 -0.021191 0.190916
0.082695 -0.062584 0.147861
0.121681 0.027844 0.052724
-0.074718 0.047292 0.104837
-0.013227 -0.09061 0.06673
-0.002715 -0.089173 0.135955
0.010676 0.098099 0.122469
0.114628 -0.024028 0.034515
0.026525 -0.058842 0.174088
-0.083699 -0.023114 0.09267
-0.001379 -0.080814 0.141964
0.009523 -0.006888 0.193621
0.063834 0.08007 0.075089
0.063912 -0.081914 0.085159
0.052327 -0.064525 0.164136
-0.059687 -0.064228 0.109213
-0.036289 0.076474 0.129554
0.040428 0.084058 0.132168
-0.044637 0.067724 0.137245
0.048531 0.07412 0.158539
0.03154 0.072613 0.158363
-0.077369 0.039384 0.116923
-0.039342 0.072523 0.077244
0.121178 -0.021425 0.053224
-0.034027 0.022052 0.179812
0.019556 -0.073759 0.163202
0.102527 0.050372 0.040618
0.071747 -0.07365 0.145782
-0.048716 -0.067498 0.073357
0.073308 0.071065 0.065045
0.120526 -0.006387 0.040908
0.041214 0.086014 0.132071
-0.004499 -0.086106 0.121569
-0.050205 -0.072638 0.109472
0.1058 0.056496 0.087222
0.055081 -0.074393 0.146577
0.110972 -0.028743 0.052113
0.018353 -0.075722 0.16206
0.124396 -0.028301 0.096598
0.054333 0.075042 0.14596
-0.022761 0.0 0.188433
0.030878 0.083557 0.144714
0.109519 0.03487 0.048388
0.095771 -0.056391 0.053303
0.106729 -0.037043 0.049135
0.097489 -0.066368 0.061952
-0.021623 0.091014 0.121786
0.015862 -0.065887 0.16922
-0.081461 -0.029518 0.1029
-0.052587 0.067389 0.122286
0.091328 0.057397 0.052878
0.068954 0.063238 0.15801
0.049513 0.090708 0.115476
0.105277 0.054699 0.078565
0.006398 0.081537 0.142815
-0.011047 -0.038288 0.184301
-0.079672 0.04118 0.106991
0.107483 0.0381 0.030852
0.067926 0.0707 0.062762
0.0397 -0.076035 0.147742
-0.004254 -0.097907 0.111791
0.083565 -0.060933 0.14832
0.064062 0.084044 0.110406
0.035973 -0.091014 0.057509
0.115216 0.021263 0.029401
0.029268 -0.083935 0.138015
0.027394 0.098045 0.103241
0.106479 0.039823 0.031041
0.012086 0.075045 0.048775
0.122853 -0.022272 0.052908
0.1201 0.014415 0.046758
-0.015028 -0.089173 0.066609
0.114317 -0.036342 0.14328
0.092753 0.065422 0.061358
0.117297 -0.008493 0.149093
0.105154 -0.060459 0.127411
-0.029398 -0.078891 0.130389
0.049673 0.08092 0.136156
0.069275 0.0727 0.140804
-0.079986 0.031983 0.116934
0.010315 -0.06295 0.172718
-0.057129 0.068504 0.107502
-0.081315 0.036894 0.106219
0.085533 0.064805 0.044146
0.065781 0.079625 0.118866
-0.033413 -0.077886 0.106835
0.063924 0.082193 0.087036
0.002639 0.098169 0.119775
-0.032589 0.075303 0.076082
0.048494 0.077258 0.141148
0.012454 -0.097907 0.12271
-0.033705 0.071996 0.140886
0.109793 -0.054783 0.104208
0.088902 0.051684 0.155674
-0.084339 0.0 0.108786
0.04295 0.083291 0.14255
0.066978 -0.077397 0.088572
-0.013189 -0.089173 0.119597
0.107129 0.059105 0.089273
-0.066487 0.058387 0.103034
0.021164 -0.098166 0.098022
-0.073372 0.052673 0.096186
-0.045428 0.073485 0.123601
0.111874 -0.028867 0.049382
-0.004425 0.017782 0.191037
0.112921 0.031994 0.04913
-0.07487 0.047099 0.101241
0.005823 -0.09061 0.130314
0.098156 -0.062612 0.120207
0.058127 -0.04101 0.183075
0.117476 -0.050391 0.097172
0.097247 0.059494 0.071373
0.015507 0.098049 0.12238
0.012367 -0.078028 0.157504
0.0585 0.073883 0.054253
0.094594 0.06945 0.10978
-0.022822 0.0 0.1884
0.050026 -0.077299 0.139435
-0.002517 0.091002 0.127896
-0.073075 -0.05119 0.116901
0.036103 -0.082866 0.145882
-0.022816 -0.02301 0.186328
0.048554 0.079612 0.139268
0.042131 -0.079442 0.14285
0.020815 -0.086106 0.092244
0.109315 -0.054285 0.072827
0.102752 0.05158 0.051187
-0.022303 -0.078036 0.141782
0.102631 0.000114 0.166431
0.112698 0.035073 0.034098
0.063978 0.081243 0.094273
0.119623 -0.019813 0.047134
-0.001833 -0.089173 0.129087
0.118473 0.034616 0.068428
-0.003688 0.039218 0.187497
0.076214 -0.073976 0.094252
-0.050392 -0.065378 0.068689
0.063825 -0.077873 0.073672
-0.04537 -0.070456 0.079389
0.004812 -0.057897 0.175203
-0.039043 0.077231 0.094446
0.029388 0.086106 0.121408
0.041477 -0.083408 0.134758
0.11503 0.024557 0.030731
0.081779 -0.040134 0.17308
0.015388 -0.072934 0.162921
0.078571 -0.069146 0.063723
-0.016431 -0.089173 0.06897
0.122913 -0.008526 0.13887
-0.008027 0.0 0.192503
0.068072 0.074105 0.069408
0.046937 0.085338 0.123506
-0.018926 0.072168 0.156441
-0.010689 0.090986 0.121379
0.049718 -0.078257 0.14117
0.120051 -0.030159 0.05593
0.105781 -0.054508 0.056087
-0.063611 -0.060561 0.111662
-0.035376 -0.019638 0.181372
0.06391 -0.082185 0.112636
0.120016 -0.021495 0.055937
0.101964 0.051575 0.036836
0.112808 -0.024228 0.02985
-0.058341 0.067093 0.091066
0.113255 -0.05409 0.086048
0.049828 -0.076439 0.142248
0.115533 0.019178 0.029353
0.096378 0.059498 0.056389
0.058592 -0.071587 0.149452
0.069657 0.061639 0.158589
-0.076895 0.042833 0.097588
0.040011 0.085091 0.13125
-0.058835 -0.065043 0.098016
0.05154 -0.080407 0.133872
0.115824 0.0 0.032631
0.106813 -0.05789 0.104387
-0.073358 -0.052284 0.092623
0.055717 0.07783 0.133654
0.00725 -0.081453 0.143393
-0.044 -0.072081 0.074578
-0.078222 -0.037204 0.116926
-0.047494 0.073938 0.097783
0.070024 0.070651 0.058033
-0.018725 -0.048748 0.176718
0.125916 0.000116 0.08168
0.107942 0.049773 0.05073
0.109855 -0.043346 0.0437
0.122346 0.003444 0.053005
0.031324 -0.085503 0.138176
0.087199 0.07048 0.080294
0.006032 0.097906 0.096692
0.065048 -0.066315 0.15477
0.063886 0.082185 0.112778
0.023462 -0.082753 0.147637
0.095692 0.066025 0.105009
-0.011504 0.089173 0.121893
0.006384 0.077396 0.153645
-0.080963 -0.037511 0.098628
0.121948 -0.027115 0.053079
0.121858 0.021187 0.055591
-0.055943 -0.065707 0.119098
0.012452 0.098099 0.122537
0.034228 0.068094 0.164576
-0.004092 0.003033 0.192232
0.004462 0.056685 0.17809
0.082367 -0.068949 0.052167
0.058838 0.080667 0.123695
-0.084769 -0.012781 0.092675
0.039108 -0.081978 0.143738
0.024284 -0.077663 0.155228
-0.050707 -0.069097 0.075694
0.11516 -0.028731 0.034092
0.060738 -0.081348 0.129696
0.040726 -0.07898 0.151287
0.060509 -0.061012 0.167297
0.008887 -0.097986 0.122369
0.10723 -0.055216 0.076349
0.11523 -0.004884 0.031133
0.025803 -0.090835 0.137469
0.010655 -0.097907 0.122643
0.102912 0.055778 0.05915
0.0249 -0.073722 0.158775
0.004416 0.052124 0.1804
-0.084547 -0.023278 0.108942
-0.005777 -0.029997 0.189906
0.088697 0.06969 0.11909
0.046306 -0.080685 0.143282
0.062515 0.08385 0.099053
0.053763 -0.082746 0.092828
0.01001 0.060516 0.176025
0.065293 0.079612 0.120439
-0.008768 -0.01196 0.19079
-0.003132 0.000114 0.193415
0.126887 0.028068 0.111936
0.02172 0.096328 0.099072
0.011836 -0.071817 0.16698
-0.022918 -0.076945 0.144189
0.064697 0.058843 0.165172
0.109463 -0.056541 0.052812
0.122346 0.017068 0.055499
0.064087 -0.084029 0.108966
-0.026323 -0.05247 0.170922
-0.035135 -0.077219 0.111941
0.081627 -0.051462 0.160767
-0.058349 0.066892 0.115201
0.093778 -0.067655 0.105117
-0.031823 0.077095 0.088692
0.075813 0.07003 0.054923
0.10967 -0.051149 0.05788
-0.001544 0.087946 0.124664
0.102638 0.045275 0.031762
0.072086 0.058532 0.160592
0.06492 0.079602 0.121496
0.070634 0.069899 0.049949
0.12385 0.012193 0.052722
0.109425 0.054256 0.072566
-0.0801 0.038504 0.092654
0.066964 0.079628 0.086561
0.057708 0.079884 0.121457
0.065966 0.077864 0.09668
0.053854 0.061699 0.166118
0.050499 0.085329 0.1277
-0.010653 -0.090903 0.065456
0.093138 -0.066132 0.1196
0.08474 -0.059719 0.148939
0.022122 0.076354 0.1577
-0.055661 0.066346 0.088419
0.054323 -0.082842 0.13097
0.033983 0.087946 0.117206
-0.051674 0.068393 0.120291
0.069717 -0.072586 0.067413
-6.3e-05 -0.045532 0.182107
0.019695 0.086106 0.126507
0.045426 -0.071675 0.155178
0.037366 -0.09061 0.117824
0.064878 0.0796 0.121618
0.042443 -0.078462 0.145725
0.094313 0.061529 0.135415
-0.001461 0.023311 0.189197
0.068357 -0.073296 0.068972
0.070342 -0.073575 0.061921
-0.002962 0.005655 0.190925
0.023568 0.077108 0.154293
0.056981 -0.056759 0.170178
-0.048024 -0.064092 0.060068
-0.07186 -0.051626 0.09605
0.099415 -0.057238 0.070412
-0.028526 -0.079768 0.117367
0.103953 0.058072 0.129883
0.026397 0.07908 0.154091
0.035042 -0.066269 0.166443
0.051761 0.078371 0.139558
-0.07992 -0.035209 0.106662
-0.020355 0.025052 0.185145
0.008616 0.058275 0.177569
-0.031606 -0.080381 0.102276
0.004216 0.050502 0.183116
0.118924 0.043301 0.11614
-0.003483 0.01689 0.192338
-0.079814 0.035581 0.106459
0.063447 0.082199 0.115664
0.099342 -0.007496 0.169098
0.055685 0.070076 0.040584
-0.003977 -0.045193 0.184941
0.058056 0.076761 0.057252
-0.075263 0.047736 0.116911
0.028093 0.080476 0.148466
0.001286 0.098169 0.118891
-0.083277 -0.014171 0.116949
0.122505 -0.012926 0.054804
0.074821 0.055443 0.162869
-0.002512 -0.043238 0.186139
0.113607 -0.047182 0.127617
-0.002915 0.006 0.190873
0.048926 0.081676 0.138406
-0.056306 -0.066816 0.097782
0.037933 0.058602 0.173124
0.034228 -0.067867 0.164576
0.100882 0.056792 0.05953
0.115783 0.009439 0.033089
-0.010278 0.07362 0.158453
-0.030914 0.068916 0.149963
0.090129 -0.06466 0.061552
-0.00744 -0.090708 0.135057
0.003186 -0.046551 0.184992
-0.081906 0.027694 0.107043
0.079672 -0.07418 0.105918
-0.085413 -0.012111 0.100023
0.119245 -0.029032 0.05209
-0.062994 -0.06417 0.103824
-0.0054 -0.091014 0.135523
0.096291 -0.054221 0.032956
-0.082807 -0.03189 0.105481
0.035908 -0.063629 0.168457
-0.024677 -0.080994 0.127533
0.005589 0.096328 0.120592
0.120005 0.010131 0.051948
-0.077993 -0.044729 0.107972
0.119324 0.0255 0.056069
0.062058 0.077884 0.081558
0.043752 0.084661 0.128279
0.122328 -0.004557 0.053008
0.025242 0.056992 0.176415
0.105213 0.051689 0.07036
0.072276 -0.072117 0.065544
0.064714 0.083128 0.09567
0.062899 -0.073008 0.060609
0.064842 0.074898 0.138474
-0.079752 -0.041191 0.103384
-0.034518 -0.075405 0.083637
0.092187 0.060363 0.046401
0.092632 0.062996 0.134903
-0.004098 0.060207 0.175589
0.059394 -0.080267 0.072303
0.014467 -0.052956 0.180836
0.055798 -0.080911 0.072558
0.085845 0.03216 0.173723
0.040138 0.01536 0.19214
0.065495 0.07681 0.126623
0.096781 0.064435 0.129631
-0.005575 0.0 0.193437
0.01903 0.08441 0.142162
-0.049436 0.068417 0.079184
-0.00196 0.098016 0.10216
-0.015281 0.019759 0.187889
0.111276 -0.034506 0.030139
-0.036166 -0.073184 0.066701
0.070393 -0.076118 0.095629
0.028902 0.098016 0.11162
0.0319 0.077408 0.150914
-0.082682 -0.029591 0.094172
-0.082201 -0.025493 0.111115
-0.031731 -0.08036 0.107352
0.059666 0.081493 0.085968
0.022465 0.077866 0.154753
-0.071943 -0.050645 0.112609
0.088259 0.069152 0.091385
0.043872 0.085248 0.127523
0.058501 0.082094 0.127905
0.093444 0.06623 0.058434
0.061358 0.080465 0.120507
0.016985 0.0714 0.163824
0.103857 -0.060574 0.104544
-0.002124 0.000114 0.192071
0.103718 -0.059915 0.099447
0.123823 0.004977 0.051663
-0.001834 -0.020499 0.189626
0.021312 0.071782 0.161891
0.064077 0.084006 0.107605
0.021534 0.075334 0.155829
0.017496 0.067603 0.167319
-0.043309 0.071774 0.126925
0.106472 0.046377 0.050698
0.118832 0.0 0.041308
0.105675 0.052152 0.058631
-0.08188 -0.03501 0.107272
0.08249 0.062221 0.147753
0.074229 -0.068791 0.057009
0.004581 -0.091014 0.1305
0.109463 -0.056541 0.061952
0.094106 0.065855 0.05831
-0.066842 0.058 0.099378
0.048261 0.084356 0.123262
-0.003029 -0.043625 0.184166
0.121429 -0.019592 0.053176
-0.014492 -0.09061 0.112916
0.031944 -0.09061 0.057635
0.056021 -0.079817 0.076659
0.052523 0.0829 0.085764
-0.078047 0.040352 0.099674
0.08239 -0.069608 0.060513
0.117179 -0.047707 0.107469
-0.012958 -0.060114 0.172952
0.094857 0.055903 0.039484
-0.070352 -0.053791 0.105479
0.095235 0.069831 0.121702
0.108313 -0.048066 0.054143
0.118966 -0.030102 0.052143
0.007222 -0.090993 0.138939
0.080735 -0.068999 0.063316
0.085491 0.066959 0.062424
-0.083323 0.0 0.092668
0.12069 0.0 0.047212
0.057822 0.083956 0.128889
-0.081035 -0.036239 0.113418
0.062164 -0.0818 0.096138
0.025011 -0.081768 0.150277
-0.050935 -0.071977 0.094819
0.056981 0.056986 0.170178
0.037936 -0.077533 0.147857
0.070622 0.076649 0.095569
0.066119 -0.037343 0.179969
0.122571 -0.014435 0.055457
-0.036289 -0.076474 0.129554
0.031225 0.072361 0.157646
-0.029024 0.080514 0.121153
0.114412 0.040498 0.135174
0.065369 0.06694 0.155075
0.076328 0.070614 0.064145
0.037686 0.090952 0.058667
-0.004217 -0.08054 0.141353
0.064447 -0.081488 0.122734
0.065293 0.081504 0.12044
0.104259 0.058884 0.087588
0.10218 0.039041 0.154846
0.001989 0.039444 0.185214
0.063309 0.078824 0.119446
0.10898 0.049091 0.05801
-0.031184 0.080624 0.112639
0.119096 0.044717 0.102231
0.098859 0.060542 0.057417
0.05643 -0.084757 0.097745
0.121789 0.009971 0.051613
0.068869 -0.072683 0.140573
0.036012 0.063978 0.168692
0.004562 0.062269 0.173613
0.114556 0.024543 0.029524
-0.05123 -0.067744 0.080742
0.081911 -0.063314 0.147448
0.059527 -0.076534 0.057451
-0.018 -0.037878 0.182205
-0.036975 -0.077384 0.123432
-0.014711 -0.090903 0.112947
-0.040255 -0.074814 0.080528
0.103984 0.043542 0.031511
0.050237 -0.090835 0.109031
0.086451 0.062859 0.142612
-0.080205 0.031198 0.116935
0.068854 -0.076573 0.064601
0.035795 -0.076961 0.148107
0.066162 0.066188 0.155709
0.049291 0.076904 0.141806
0.091074 -0.057069 0.146993
0.033675 -0.081591 0.146361
0.06405 0.081999 0.103886
0.033235 -0.083497 0.137362
0.127685 0.019235 0.096458
-0.025799 -0.090926 0.055893
-0.047773 0.072814 0.087946
-0.083085 -0.027343 0.116947
0.100748 -0.059087 0.077137
0.032845 -0.070343 0.161362
0.087762 -0.068383 0.124622
0.023419 0.086106 0.12935
0.020449 0.074481 0.159211
0.08609 0.058455 0.14965
0.055008 -0.079272 0.072769
-0.019304 0.023155 0.187575
0.064099 0.067403 0.154009
-0.079272 -0.036815 0.109132
-0.063737 0.060597 0.092575
-0.054814 -0.065523 0.080365
0.070462 -0.072881 0.066732
-0.024071 0.079775 0.126236
0.051114 0.076716 0.143308
-0.001961 0.041061 0.185497
0.108816 -0.051458 0.081669
0.122345 -0.025222 0.053005
0.045796 -0.090708 0.123575
0.122364 0.000718 0.053001
0.035909 0.087946 0.118511
0.062783 0.081427 0.126266
0.119669 0.029273 0.053731
0.117172 0.022291 0.142696
0.102444 0.061976 0.104625
0.052869 0.086093 0.111729
-0.060112 0.065803 0.113293
0.071806 -0.073483 0.062936
0.071702 -0.071704 0.065864
0.001558 -0.09061 0.129168
-0.080865 0.031845 0.108465
0.110952 -0.051273 0.055145
0.106198 -0.055727 0.053779
-0.040722 -0.074266 0.120211
0.051028 -0.075881 0.143237
0.000857 0.049022 0.182252
0.113861 -0.052605 0.107346
0.054333 -0.074814 0.14596
0.024371 -0.083625 0.139686
0.002835 -0.096328 0.099161
0.095856 -0.061226 0.071991
-0.014701 0.090999 0.113913
-0.021298 -0.012565 0.188362
0.041769 -0.082794 0.137515
0.115815 0.000973 0.032589
-0.003006 -0.020233 0.190981
0.059304 0.083436 0.090043
0.054143 0.082021 0.087855
0.10986 -0.051456 0.086259
-0.081276 0.036482 0.098423
-0.013413 -0.09074 0.116419
0.028942 -0.086106 0.12677
0.03063 0.087946 0.097001
-0.04909 0.066943 0.064195
0.063232 0.074993 0.137608
0.012548 -0.068221 0.168759
0.117825 0.027978 0.046558
-0.032949 0.074828 0.076195
0.020738 0.089173 0.131084
-0.084047 -0.00395 0.115041
0.021812 -0.071443 0.162473
0.111813 0.025342 0.051906
0.020266 0.066244 0.166939
0.108135 -0.04011 0.034978
0.110306 0.032545 0.048258
-0.029339 0.077647 0.126874
0.039352 0.065969 0.171385
-0.084051 0.020443 0.092672
0.069698 -0.069818 0.062171
-0.007904 -0.06739 0.164995
0.037349 0.09061 0.058776
0.080114 0.072595 0.087483
0.038541 -0.090986 0.116246
-0.078858 0.037243 0.112258
0.063713 0.08134 0.081547
0.020018 0.096328 0.098199
0.128611 0.000116 0.121627
0.105753 -0.057188 0.087234
0.012098 0.075143 0.162351
0.127401 -0.026051 0.104727
0.104188 -0.058566 0.056416
0.035264 0.074154 0.045917
0.116877 0.005213 0.03046
-0.003762 -0.09815 0.106151
0.115933 0.035599 0.042967
0.01366 0.062409 0.171746
0.073149 0.06665 0.037302
0.12093 -0.023108 0.053317
-0.006737 0.091004 0.125231
0.02901 0.098099 0.110195
0.009556 0.08037 0.152171
-0.052052 0.071115 0.092193
-0.017132 -0.072904 0.054272
0.063841 -0.078313 0.075813
0.105024 0.056729 0.121035
0.049924 -0.090796 0.113305
0.108196 0.044788 0.14579
0.097845 -0.059505 0.071108
0.025322 0.080185 0.15403
0.117713 0.031826 0.05637
-0.026882 -0.047942 0.173607
-0.015546 0.090708 0.129747
0.096663 0.06365 0.056043
0.083905 0.074646 0.101778
0.040339 -0.062521 0.174081
0.119808 0.034756 0.053481
0.067654 -0.072811 0.146454
0.063766 -0.051461 0.171616
0.059208 0.081864 0.109987
-0.000949 -0.033573 0.187723
-0.069971 -0.055415 0.116886
0.072033 0.080774 0.10795
0.014232 0.063154 0.171086
0.066286 0.071352 0.063575
0.11936 -0.018568 0.052073
0.021245 0.073423 0.160953
-0.00799 0.090708 0.134801
0.029846 0.075012 0.154182
0.083661 0.05629 0.158243
0.093418 0.066307 0.090162
0.046021 -0.071121 0.155945
-0.086095 0.0 0.112266
0.116248 0.002239 0.048317
0.104534 -0.060001 0.104506
0.119214 0.000893 0.042462
0.065502 -0.078121 0.132339
0.128412 0.019656 0.103442
-0.044331 0.068041 0.136921
-0.075508 0.043382 0.116913
0.113831 0.027646 0.048496
-0.056766 -0.068847 0.10172
-0.04019 0.074685 0.093015
0.096783 0.059948 0.071587
0.109174 0.046884 0.053983
-0.080539 0.031404 0.095739
0.104251 -0.056034 0.056404
0.121894 -0.006729 0.051593
0.07722 0.072843 0.1302
0.019041 -0.073129 0.161106
0.057782 -0.078927 0.065428
0.01612 -0.071775 0.164638
-0.037923 -0.073876 0.081504
0.089145 0.069721 0.105378
0.032165 0.087946 0.058383
0.102921 0.055783 0.059148
0.045012 0.081174 0.138153
-0.070301 0.051984 0.116883
0.043467 -0.076882 0.144217
0.115224 0.047645 0.084345
0.116196 -0.03324 0.04107
-0.018311 0.070053 0.156708
0.121956 0.002501 0.051581
0.035795 -0.087946 0.112664
0.064037 -0.079744 0.083607
-0.083867 0.024356 0.096639
-0.0202 0.028881 0.184287
-0.039207 -0.07477 0.09047
-0.033868 -0.077136 0.13091
0.121704 0.017091 0.053125
0.110365 -0.032039 0.030311
0.066876 0.074983 0.074936
0.05846 -0.082093 0.127917
0.006841 -0.071616 0.166443
0.011379 -0.065005 0.173116
0.004529 -0.030697 0.187883
-0.014061 0.09061 0.11451
0.114326 -0.045475 0.070145
0.080607 0.073213 0.093197
0.046207 -0.083963 0.128183
0.029271 0.079934 0.149991
-0.032761 -0.030457 0.178349
-0.081927 -0.025521 0.11427
0.074955 -0.075456 0.117464
0.052132 -0.082324 0.133289
0.09066 0.067928 0.090831
0.054203 -0.060894 0.166573
-0.017731 -0.07707 0.142736
-0.076731 0.045899 0.114195
0.100914 -0.05692 0.057876
0.10498 -0.055839 0.078766
-0.006021 -0.028629 0.19019
0.117291 0.035231 0.052457
0.066162 -0.06596 0.155709
0.095775 -0.056927 0.148679
-0.018708 0.022796 0.186221
0.099017 0.059864 0.055891
0.002221 0.08198 0.140884
0.043119 -0.079989 0.140565
-0.082474 -0.023839 0.111672
0.120094 0.007479 0.051931
0.088774 0.055174 0.151062
-0.080023 -0.03501 0.103358
-0.042887 0.076179 0.110639
0.077866 0.071335 0.061362
-0.028371 0.075909 0.141843
-0.004117 0.0 0.192261
0.102648 0.061881 0.104608
0.047397 -0.065228 0.163958
0.06153 -0.074619 0.073041
0.047617 -0.086241 0.125166
0.045056 0.081474 0.141185
0.100767 -0.060305 0.136873
0.106485 -0.052152 0.058479
0.118598 0.029539 0.064121
0.084506 0.071841 0.105643
0.090876 -0.063569 0.061411
0.036732 -0.090986 0.119589
0.094065 -0.06242 0.060812
-0.014895 -0.086106 0.068105
0.036782 -0.061505 0.17047
0.065296 0.07638 0.068416
-0.054938 -0.066554 0.086625
0.067701 -0.072472 0.062797
0.016164 -0.068436 0.168855
-0.05855 -0.065069 0.095214
-0.068276 0.056037 0.09375
-0.044367 0.070796 0.135431
-0.049887 -0.070974 0.082897
0.062746 -0.077042 0.086677
0.064797 0.07959 0.098348
-0.038108 -0.068246 0.144306
0.035032 -0.07686 0.148542
0.00889 0.06395 0.170419
-0.004269 -0.026285 0.189558
0.110122 0.051682 0.121622
0.117202 0.025764 0.062588
-0.041971 0.076591 0.101997
0.053626 -0.0626 0.165823
-0.081625 0.033407 0.092661
0.073424 0.072893 0.06233
0.071696 -0.075462 0.062982
0.066981 -0.076928 0.072289
-0.070357 -0.056267 0.092607
-0.037911 -0.075897 0.116197
0.027445 0.078341 0.149071
-0.006767 0.023885 0.191051
-0.018739 0.063834 0.167148
0.086505 0.057967 0.149868
-0.034759 -0.073606 0.135044
0.057817 0.055273 0.171264
-0.04099 -0.077066 0.105808
0.107242 -0.060935 0.118778
-0.024151 0.009071 0.185959
0.007943 0.087946 0.129882
0.039251 -0.09061 0.112662
-0.002068 0.026924 0.18989
0.005699 -0.074939 0.049975
0.122319 0.013668 0.047675
-0.022034 -0.06971 0.155045
0.01828 -0.073015 0.163028
-0.029917 -0.07887 0.115444
0.017868 0.084631 0.141997
0.050695 0.084767 0.116516
0.104696 0.052144 0.068069
0.123398 -0.024819 0.131893
0.077973 0.077033 0.109961
-0.029256 0.003293 0.184107
0.018484 -0.067846 0.16618
0.039772 0.091014 0.061797
0.022339 -0.083256 0.140396
-0.011429 0.087946 0.110519
0.036135 -0.087946 0.107905
0.072858 -0.07071 0.060942
0.005577 -0.058655 0.176805
0.076723 -0.061292 0.160623
0.010914 -0.086106 0.13117
-0.03518 -0.074813 0.137053
-0.071235 -0.05518 0.092611
0.059873 -0.078783 0.131122
0.094202 0.061645 0.135379
-0.061435 0.065279 0.096415
0.129084 -0.009846 0.116411
-0.039087 -0.077673 0.100815
0.077371 -0.07017 0.136333
-0.000416 0.026199 0.1898
0.064504 0.081268 0.09547
-0.005671 0.0 0.191924
0.062568 0.075418 0.070133
0.062445 -0.077435 0.070529
0.104548 0.053151 0.044757
0.057665 0.081214 0.133771
0.076672 0.067176 0.144689
0.052903 0.086179 0.110323
0.103573 -0.059578 0.071092
0.03918 0.090986 0.114497
0.076134 -0.07391 0.061687
-0.001446 -0.086106 0.094642
0.099067 0.053388 0.052503
0.05954 -0.074585 0.063736
0.035248 -0.09061 0.120992
-0.083808 -0.014103 0.107818
0.089548 0.065964 0.074789
-0.025208 -0.090708 0.113702
0.053819 -0.08436 0.089078
0.061442 -0.084082 0.099444
0.111367 0.031054 0.049506
0.096941 0.054785 0.051599
0.090783 0.069539 0.105288
0.060222 0.084702 0.115886
0.005859 -0.052185 0.178638
-0.00634 0.086106 0.119747
-0.07266 0.05 0.092617
0.014633 -0.068573 0.167145
0.056054 0.077335 0.065093
0.054258 -0.080122 0.132985
0.07201 -0.058406 0.160528
0.087268 -0.073117 0.106117
0.064948 -0.057844 0.164986
0.095399 0.045496 0.157315
-0.002183 -0.017532 0.190029
0.105169 -0.04185 0.031287
0.064425 -0.076987 0.070234
0.07625 -0.070642 0.064159
0.032315 -0.071185 0.160165
0.01754 0.067696 0.167259
0.06762 -0.070998 0.050988
-0.019392 0.055996 0.171538
0.017968 0.090834 0.139103
0.058108 -0.075588 0.141326
-0.044773 -0.074997 0.115304
0.116253 -0.008535 0.147499
-0.054108 0.068388 0.103191
0.064052 0.082016 0.104331
0.046553 0.089173 0.119947
0.114115 0.033621 0.059725
0.042907 0.080937 0.143888
-0.002819 -0.098016 0.103413
0.074072 0.06903 0.14332
0.034273 -0.080845 0.1466
0.018982 0.08361 0.144892
-0.014185 -0.087946 0.069664
-0.022423 0.075326 0.143578
0.121682 -0.017345 0.05313
0.059093 0.081421 0.099833
0.072587 0.072999 0.134254
0.05881 -0.079628 0.076374
0.085533 -0.064805 0.044146
0.066218 0.080388 0.107636
-0.013262 0.090725 0.066694
0.087383 -0.066803 0.133311
0.111652 0.058413 0.106076
0.112887 0.030423 0.029841
-0.085677 0.007418 0.100628
0.007426 0.052346 0.17894
-0.0584 0.064077 0.117831
-0.00238 0.086106 0.123187
-0.036389 0.078311 0.117893
0.032081 0.077461 0.150765
-0.01229 -0.087946 0.1165
-0.028235 -0.043453 0.177356
0.097277 -0.0515 0.033802
-0.050178 -0.071303 0.085867
0.117851 0.02008 0.036073
0.09961 0.062822 0.088692
0.062746 0.077268 0.086677
0.055414 0.082693 0.094349
0.122006 -0.013375 0.053068
-0.048681 0.071474 0.102116
0.025908 0.078535 0.153332
0.067634 0.074396 0.07022
-0.054931 0.063431 0.064163
0.063914 0.082056 0.086014
-0.082889 0.031358 0.102309
-0.027978 0.07981 0.118868
0.039207 -0.086106 0.114155
0.065495 -0.076583 0.126623
0.063606 0.051684 0.171007
0.055602 -0.059777 0.172488
-0.010365 0.09061 0.121208
0.052403 -0.083862 0.12081
0.084082 -0.070892 0.09238
0.049524 0.084148 0.122462
0.036398 0.089173 0.121666
0.083379 -0.074428 0.097979
0.089783 -0.062807 0.067574
0.01469 0.06189 0.174343
0.114843 -0.042417 0.055398
-0.053113 0.070226 0.089592
-0.040322 -0.073834 0.132679
0.034925 -0.090986 0.057367
0.032403 0.087946 0.098925
0.063568 -0.051456 0.171024
0.022337 0.071898 0.161733
0.105309 -0.057621 0.087341
-0.057632 0.064616 0.118159
0.096172 0.062384 0.051829
-0.084926 -0.020798 0.106443
0.079652 -0.013666 0.181284
0.085396 -0.032005 0.172173
0.022196 -0.075988 0.159687
-0.00523 0.080368 0.147087
0.064056 0.082028 0.104687
0.072419 0.073257 0.062683
0.063944 -0.080686 0.089732
0.063605 -0.082203 0.114903
0.034064 -0.083786 0.136302
0.09202 -0.062323 0.057204
0.057402 -0.078907 0.080887
-0.036989 0.07163 0.061998
-0.012251 0.016888 0.190773
-0.062074 0.064439 0.092425
0.120895 0.016627 0.043859
0.055456 -0.077731 0.06497
0.059415 -0.080419 0.082736
-0.03797 0.071875 0.135841
-0.077969 -0.043968 0.092643
0.038152 -0.087946 0.061342
0.001162 0.062096 0.173079
-0.070325 0.051914 0.116887
-0.012201 -0.086106 0.119196
-0.078562 -0.043888 0.101281
0.042358 0.074467 0.151215
0.071785 0.076988 0.106367
0.121942 -0.004179 0.051584
-0.076301 0.048197 0.105052
0.061241 -0.083025 0.115154
0.103181 -0.053915 0.055107
0.029498 -0.080511 0.149963
0.110344 -0.025677 0.151491
0.062007 0.078437 0.074755
0.046584 0.083506 0.131007
0.086444 -0.059986 0.154535
0.063772 -0.082136 0.115546
-0.010528 0.086106 0.108734
0.12253 -0.02423 0.052974
0.078984 -0.073785 0.105958
0.102262 0.057662 0.13945
0.105864 -0.056462 0.121118
-0.082098 -0.02663 0.104193
0.047905 0.080236 0.137146
0.05307 -0.075531 0.144958
0.05373 -0.078478 0.13789
0.03233 -0.079474 0.150559
0.039745 -0.086106 0.111634
0.028586 0.077479 0.151105
0.056009 0.079231 0.135611
0.113532 0.042056 0.045232
-0.003479 -0.09815 0.113101
0.06211 -0.080888 0.088744
0.010266 0.09061 0.130884
0.049986 -0.06239 0.169646
0.073458 0.074828 0.062319
-0.060257 -0.062667 0.117262
0.121903 0.014818 0.053088
0.106527 0.053066 0.05448
0.077229 0.075313 0.111175
0.098351 -0.05735 0.136653
-0.037098 -0.07555 0.131877
0.076166 -0.070672 0.064176
0.021665 -0.07805 0.158239
0.065245 -0.081914 0.109483
0.070175 0.061035 0.159012
0.102588 -0.059674 0.120731
0.037962 -0.087946 0.113926
0.031855 0.086106 0.099652
-0.049016 0.06932 0.082788
-0.015502 -0.089173 0.114619
0.068359 -0.055669 0.16525
0.041891 -0.074548 0.150587
-0.023664 -0.048282 0.174922
-0.007884 -0.06053 0.174271
0.021428 0.09815 0.098154
0.061656 0.073796 0.061699
0.074701 0.074031 0.129431
-0.074808 -0.050762 0.102511
0.067301 -0.064798 0.156647
-0.048516 -0.073556 0.100089
0.047964 0.070081 0.158472
0.106078 0.057991 0.104419
0.107978 -0.056518 0.109447
0.029959 -0.074469 0.154726
0.113564 -0.042125 0.068733
-0.007217 0.000492 0.191568
0.08752 0.066 0.062052
-0.015987 0.090903 0.12925
-0.085965 0.0 0.114483
0.023466 -0.086106 0.093247
0.058075 -0.073487 0.065688
-0.007115 0.021205 0.191451
0.002341 0.097906 0.098351
-0.012734 -0.090903 0.118133
-0.08416 0.0 0.103943
0.035563 0.077375 0.1488
0.104351 -0.045436 0.03526
0.066569 -0.076234 0.126951
0.108833 -0.013184 0.156818
-0.083184 0.007886 0.092667
0.020815 0.086106 0.092245
0.034396 0.087946 0.120629
0.120601 0.021271 0.140442
0.105048 0.057291 0.087399
0.058595 -0.082971 0.123879
-0.031234 0.080623 0.112279
0.022705 0.076065 0.154495
-0.076585 -0.047157 0.094255
0.060467 0.0713 0.157875
0.038871 0.077414 0.146666
0.004974 -0.047974 0.181763
0.108575 0.036046 0.030653
0.11867 -0.021531 0.044842
0.049122 0.020534 0.189793
0.104252 -0.054695 0.066803
0.077209 -0.074226 0.094009
-0.073086 -0.049356 0.11024
0.038986 -0.055145 0.175507
0.064698 -0.079596 0.122071
-0.075633 0.045174 0.095343
0.055512 0.078336 0.06892
-0.03514 -0.079175 0.103295
0.098595 0.061431 0.133311
0.021114 0.047562 0.18597
0.057373 -0.078214 0.062339
-0.01219 0.090984 0.065781
0.054629 -0.082833 0.080279
0.04657 -0.082062 0.1382
0.010483 -0.060169 0.175285
0.01432 0.089173 0.138491
0.10961 0.039745 0.148148
0.063895 -0.074103 0.065358
0.074036 0.000114 0.184767
-0.085154 -0.000886 0.092677
0.11994 0.017067 0.142986
0.063657 0.078931 0.12451
0.032116 -0.082559 0.147566
-0.000677 -0.030739 0.190147
-0.002209 -0.098099 0.115737
-0.035741 0.071232 0.06629
0.027293 -0.086106 0.123046
0.008606 0.055525 0.177579
0.057275 -0.080625 0.126562
0.032897 -0.090774 0.057449
0.070232 0.07408 0.063708
0.115892 -0.050754 0.119316
-0.002623 0.079562 0.150272
0.121211 -0.003441 0.055712
0.063276 -0.074555 0.059764
-0.011036 -0.087946 0.112886
-0.013445 0.090774 0.116414
-0.011828 0.063217 0.168169
-0.030947 -0.077687 0.123182
0.06916 -0.061919 0.164665
0.11806 -0.03432 0.053809
-0.000904 -0.044306 0.184283
-0.000303 -0.074385 0.157477
0.045059 0.080674 0.13995
0.12398 0.009619 0.052698
-0.013728 -0.090986 0.116494
0.117813 0.035018 0.053856
0.092746 -0.063536 0.14264
0.117363 0.011476 0.148575
-0.028128 -0.077937 0.127462
0.014736 -0.068668 0.169624
0.064386 0.078924 0.070344
-0.003513 0.000114 0.193339
0.093231 0.064237 0.058474
0.097827 0.062156 0.060105
0.099846 -0.008643 0.166359
0.011376 0.06419 0.174136
-0.007763 0.0 0.192199
-0.020237 0.090896 0.124546
-0.029499 0.02683 0.180932
0.001806 0.041979 0.18684
-0.03525 -0.074423 0.06969
0.094288 -0.058655 0.063653
0.087566 -0.053091 0.157921
0.102823 0.058719 0.054041
-0.072956 -0.053465 0.103458
0.059266 0.071272 0.150026
-0.060642 0.063278 0.111038
0.113517 -0.045166 0.050167
0.03155 0.072567 0.158396
-0.025642 0.078998 0.125791
0.117651 0.033399 0.045292
-0.076715 -0.042307 0.112435
-0.009107 0.072174 0.161122
-0.062503 -0.061167 0.114555
0.107999 -0.053155 0.121371
0.116699 0.025108 0.054626
0.027201 -0.096328 0.113491
0.118043 -0.008077 0.03386
0.066877 0.075937 0.076386
0.112716 -0.055625 0.116451
-0.04692 -0.071828 0.115646
-0.015744 0.073098 0.054004
0.069946 -0.074199 0.06388
0.022224 0.098169 0.119681
0.073873 0.07191 0.059294
0.116975 -0.037201 0.047816
0.069456 -0.075255 0.067586
0.072765 0.074168 0.128844
0.039635 -0.090986 0.11271
0.122212 -0.02586 0.05303
0.039602 -0.090999 0.061315
0.011151 -0.051458 0.179068
-0.032548 -0.078117 0.104215
0.068963 -0.0736 0.068164
-0.044299 -0.072202 0.086738
0.116168 0.044257 0.125652
-0.016211 0.080037 0.134141
0.006221 -0.062309 0.176061
0.115203 -0.049088 0.116913
0.121095 0.008446 0.055733
0.06165 -0.073715 0.069377
0.101041 0.061272 0.120548
0.081592 -0.067217 0.052181
-0.074018 0.051972 0.101177
-0.026268 -0.022854 0.184984
0.041958 0.075385 0.150673
0.02873 0.098169 0.110179
0.064068 0.078116 0.101446
0.081751 0.071423 0.059245
0.02761 -0.097907 0.103394
-0.020537 0.081495 0.131628
-0.032359 0.079483 0.094677
0.027782 -0.077463 0.155449
0.044132 -0.065731 0.165367
0.073154 0.075658 0.117249
0.033145 0.077716 0.149995
-0.023325 0.0 0.188222
-0.026586 -0.079925 0.121871
-0.085729 0.0 0.11696
0.020599 0.090931 0.138609
0.02721 0.078878 0.150139
0.07722 -0.072616 0.1302
0.038173 0.09061 0.116147
-0.03465 0.076215 0.133266
0.023464 -0.074997 0.158001
-0.013359 0.090624 0.116405
0.120403 0.007056 0.040586
0.11965 -0.030992 0.048911
0.115301 0.02188 0.035135
0.027888 0.098043 0.114328
-0.064384 0.062435 0.111123
0.062019 0.082572 0.113171
0.038109 -0.081627 0.14336
0.08534 -0.059933 0.14925
0.017645 0.054344 0.180256
0.032427 0.077557 0.150488
0.046552 -0.089173 0.119947
-0.028407 0.080564 0.122368
0.107186 0.051061 0.140534
0.055928 -0.080947 0.072961
0.06405 -0.081999 0.103853
0.017391 -0.029997 0.192129
-0.033792 0.077154 0.081212
-0.085761 0.004999 0.100821
0.013459 -0.096328 0.121776
0.073833 0.075611 0.094812
0.102818 0.054578 0.055939
-0.017926 -0.073805 0.150345
0.004483 0.060047 0.175506
0.066876 -0.075621 0.074944
-0.002973 0.009755 0.193203
-0.082055 0.024079 0.096601
-0.002466 0.071234 0.161742
-0.02995 -0.011536 0.184989
0.067451 0.025463 0.184845
0.074117 -0.074597 0.062131
-0.0837 0.023106 0.092671
0.068765 0.073707 0.068418
0.058593 -0.084357 0.097071
0.099851 -0.058397 0.059725
-0.04159 -0.073514 0.122492
0.024044 0.043385 0.186233
0.084062 -0.0595 0.150978
0.097497 -0.058221 0.136387
0.034971 0.091014 0.057226
0.059235 -0.08243 0.09383
-0.010691 -0.090986 0.065327
-0.069807 -0.054606 0.100375
0.022507 0.069347 0.16394
-0.081583 -0.028723 0.109875
0.00054 -0.089173 0.136977
0.063983 0.077448 0.071876
0.113102 0.000112 0.155319
0.063936 -0.082182 0.112321
-0.080449 0.033602 0.104177
0.123219 0.0 0.052841
0.05895 0.051786 0.172735
0.006043 -0.077748 0.15682
0.092862 0.05452 0.033598
0.045546 0.085388 0.131668
0.095967 0.057402 0.039341
0.013168 -0.061771 0.172314
0.120866 0.013331 0.055777
0.019398 0.073902 0.163414
0.100832 0.067265 0.094259
-0.04182 -0.071785 0.069508
-0.079496 -0.041012 0.110624
-0.010362 -0.087946 0.103441
-0.031317 0.07849 0.103874
-0.062871 0.063985 0.094598
0.068416 -0.076757 0.064933
0.0194 0.06823 0.168083
0.05265 0.079056 0.138817
-0.016325 -0.07025 0.157475
0.067055 -0.078535 0.098846
-0.007278 0.04921 0.182088
-0.08077 0.031352 0.111978
0.035062 -0.073729 0.044459
0.127987 0.021348 0.114583
0.116442 0.000368 0.029169
0.118101 0.0 0.033645
0.048661 -0.083563 0.138691
0.070728 -0.073892 0.063443
-0.050749 -0.06932 0.11825
0.070208 0.072994 0.066929
-0.023606 0.072912 0.148185
-0.055106 0.067729 0.105229
-0.074808 0.050763 0.102512
-0.069509 -0.05493 0.104018
-0.0339 0.074337 0.076872
0.063825 -0.079716 0.073407
-0.003482 -0.016669 0.192358
0.040846 0.089173 0.111731
-0.053897 -0.065963 0.079716
0.012199 0.06366 0.170197
0.026177 0.098016 0.116861
0.035795 0.077188 0.148107
0.067977 0.076084 0.069575
0.084219 -0.068357 0.058676
0.067925 0.0707 0.062762
0.06832 0.075874 0.069012
0.09633 0.06563 0.104973
0.063825 -0.077873 0.073674
-0.040285 0.0746 0.119049
0.111403 -0.044307 0.043472
0.110945 0.046387 0.05764
-0.00745 -0.079356 0.143243
0.107808 0.05517 0.086746
0.122344 0.01708 0.055499
0.042022 -0.081826 0.141232
0.068842 0.072981 0.140532
-0.054838 0.064814 0.077152
0.032241 -0.078282 0.145352
-0.002033 -0.081224 0.140479
0.10966 0.049265 0.053892
0.04991 -0.086281 0.121338
0.081502 0.063159 0.147233
0.004525 0.096328 0.098274
-0.037429 -0.07645 0.104371
0.004525 -0.096328 0.098274
0.098931 -0.057742 0.070631
0.119071 -0.011724 0.042887
0.024242 -0.062607 0.175869
0.025267 0.026356 0.193002
0.052643 0.08375 0.135101
0.117735 -0.037098 0.056365
0.067029 -0.078216 0.09532
0.018124 -0.075549 0.162326
0.110034 -0.049499 0.055317
-0.034292 0.078036 0.087602
0.115625 -0.040227 0.054267
-0.002822 -0.03795 0.186496
0.065355 0.077395 0.096825
0.116992 0.024432 0.041466
-0.084716 -0.021517 0.103101
0.103227 -0.04972 0.147621
0.057689 0.0818 0.130695
0.100796 -0.055794 0.069798
0.074655 -0.072032 0.060474
0.096844 0.064095 0.08935
0.056824 -0.079271 0.134717
0.05121 -0.085286 0.111647
0.099709 0.000113 0.166862
-0.058912 0.064451 0.091389
0.101192 -0.059612 0.053217
0.094631 0.062613 0.065884
0.026078 0.098099 0.116806
0.110762 -0.046396 0.135574
0.089429 0.055208 0.151409
0.05 -0.082224 0.135355
-0.049259 0.067477 0.074494
0.016266 -0.096328 0.097008
0.075427 -0.07532 0.117518
-0.080023 0.03501 0.103358
-0.005282 0.063771 0.169821
0.090108 -0.064048 0.134133
-0.019827 0.075159 0.150514
0.063985 -0.081351 0.095261
0.078333 -0.069578 0.057557
-0.063246 0.061539 0.101664
-0.003667 0.086106 0.09617
0.064106 0.07886 0.116285
0.095391 0.052598 0.033121
0.066784 0.066915 0.038499
0.032506 -0.09061 0.123837
0.055975 0.080861 0.07258
-0.008587 -0.078971 0.148884
0.078555 0.065186 0.055994
0.101493 -0.055497 0.055426
-0.02343 0.00898 0.187962
0.067508 -0.076601 0.096314
0.101471 0.046707 0.050408
-0.044109 0.073349 0.127383
0.050433 -0.029451 0.187447
0.016461 -0.097907 0.096126
0.00253 -0.045035 0.18459
-0.055677 -0.068532 0.088445
0.111999 0.047204 0.04987
0.009129 0.058815 0.174297
0.013237 0.062701 0.172167
0.066982 -0.071492 0.05888
-0.041231 0.074967 0.10796
0.011848 0.082099 0.142472
0.062136 0.079506 0.127445
0.039636 0.090986 0.062219
0.002289 -0.091002 0.138154
-0.058711 -0.063846 0.117724
0.068481 0.074796 0.06485
0.113985 0.004953 0.047361
0.059026 0.070979 0.042371
0.064095 -0.072724 0.143085
0.060568 -0.083214 0.113035
0.113991 0.037981 0.046343
0.032601 0.083704 0.137053
0.018294 0.098156 0.12167
0.068132 0.07693 0.080532
-0.022546 -0.077123 0.13824
0.107845 0.051683 0.126511
0.068052 -0.076734 0.071846
0.023235 -0.069847 0.162979
-0.029527 -0.025792 0.182937
0.033725 0.084193 0.135926
0.056763 0.079267 0.134781
0.034347 0.049538 0.184137
-0.012452 -0.081997 0.137293
0.09327 0.067157 0.113836
0.062654 0.081749 0.123926
0.079135 -0.073246 0.117959
-0.05863 0.066908 0.091227
0.043847 0.069078 0.164246
0.04415 0.073017 0.15352
0.002554 0.016315 0.190513
0.08474 0.059946 0.148939
0.055336 0.060059 0.168053
0.052434 0.084231 0.108753
-0.017195 0.080303 0.132934
0.078195 -0.068804 0.059803
-0.001265 -0.019348 0.190929
-0.030879 -0.07817 0.092201
0.063384 0.071148 0.153091
-0.007903 0.004662 0.189799
0.049796 -0.081192 0.1337
0.043545 -0.077512 0.144154
0.063951 -0.08406 0.112213
-0.022069 0.08136 0.130209
0.037055 0.086106 0.118962
0.088505 -0.066319 0.057865
0.06454 0.072013 0.051975
0.035469 0.086106 0.121185
-0.023609 -0.069564 0.154262
0.041889 -0.02063 0.191036
-0.02972 0.073434 0.146414
0.057621 0.072397 0.14867
-0.032496 0.031628 0.179943
0.053676 -0.085213 0.098533
0.079148 -0.073547 0.093551
0.112562 0.039363 0.044425
0.072136 -0.059067 0.160629
-0.011057 0.079716 0.14559
0.105661 0.054661 0.05614
0.041131 0.090834 0.128869
-0.015191 -0.090774 0.069466
0.118074 0.034299 0.053808
0.10538 0.044695 0.031247
0.103466 -0.06015 0.104571
0.001941 -0.043324 0.18527
-0.041278 0.069 0.058799
-0.048024 -0.071602 0.081238
0.022817 0.074324 0.156085
-0.004682 -0.067659 0.165751
0.027752 0.073669 0.15696
-0.082326 -0.031823 0.095779
-0.045833 -0.068535 0.133234
0.007578 0.04327 0.183817
0.015655 0.073482 0.165175
-0.021887 0.061237 0.165806
0.11769 0.034158 0.052383
0.064751 -0.078413 0.077135
-0.044931 0.069924 0.136849
0.115928 -0.04361 0.054211
0.075141 -0.053698 0.163108
0.05698 -0.076707 0.063664
0.020996 -0.075605 0.15901
0.066481 0.074301 0.060606
0.012993 -0.070914 0.168247
-0.024443 -0.0716 0.055636
0.015917 0.080949 0.146858
0.065299 0.070413 0.059527
0.095771 -0.054646 0.033052
0.087413 -0.067335 0.059568
0.101508 -0.05301 0.051908
0.084445 -0.058194 0.15127
0.11357 0.028318 0.02971
0.099746 -0.058482 0.059745
0.011435 0.096328 0.121786
0.074179 -0.071385 0.064709
0.005392 0.073257 0.163965
0.071458 0.060199 0.160073
0.029839 -0.076725 0.154182
0.028842 0.098131 0.107424
0.115088 -0.021984 0.029422
0.107412 -0.049849 0.055601
0.045426 0.071902 0.155178
0.044238 -0.090931 0.125347
0.072799 0.071296 0.056224
-0.029854 0.016369 0.184503
0.113032 -0.045057 0.054754
0.125122 0.006297 0.128235
0.006241 0.055927 0.17813
0.052391 -0.064438 0.164207
0.049806 -0.091014 0.109033
0.092403 0.000114 0.174521
0.074348 -0.054987 0.162455
0.105474 0.048708 0.043264
0.081791 0.065806 0.143505
0.04197 0.075378 0.15069
0.110901 -0.049748 0.074435
-0.044458 -0.065706 0.059396
0.085346 0.036639 0.172345
0.126729 0.008779 0.128426
0.012993 0.03635 0.188671
0.093067 0.060755 0.052939
-0.00523 0.026627 0.189278
0.101072 0.058856 0.056999
0.071659 -0.072367 0.06589
0.069848 -0.070734 0.152569
0.025833 -0.076839 0.156764
0.116406 -0.00396 0.029176
0.093793 -0.062049 0.047414
-0.008185 0.007127 0.192685
-0.033577 -0.031967 0.179291
0.090903 0.062952 0.057415
0.002117 0.054969 0.180798
0.066792 -0.077446 0.096488
-0.085131 -0.019196 0.106879
0.061508 -0.017786 0.186802
0.05674 -0.084706 0.124571
0.009612 -0.058645 0.176528
0.041589 -0.075381 0.158015
0.020646 0.090708 0.138782
-0.047691 0.067986 0.065279
-0.037708 -0.068768 0.143705
-0.085564 0.009791 0.100368
0.082962 0.069122 0.13195
0.058544 -0.082761 0.122062
-0.055208 -0.068397 0.119627
-0.003822 -0.074851 0.053261
0.122815 -0.034651 0.097231
-0.038732 0.076116 0.084844
-0.066842 -0.058 0.099378
0.0697 -0.078237 0.134649
-0.085136 0.017162 0.113709
0.106104 -0.055986 0.087149
0.083516 -0.047833 0.167492
0.106802 0.058129 0.104377
-0.059948 -0.066023 0.091851
0.096663 -0.06365 0.056043
-0.055766 -0.066723 0.092087
0.057733 -0.079509 0.084586
0.002563 0.055847 0.180298
0.063226 -0.067931 0.15329
0.075804 -0.074022 0.061749
-0.055002 -0.066937 0.115726
0.087254 0.05711 0.150257
0.048439 -0.077817 0.140774
0.116024 -0.050744 0.08815
0.075123 0.075654 0.117481
0.02629 -0.032509 0.191502
0.027461 -0.096328 0.105556
-0.054657 -0.069111 0.088069
0.057213 -0.07811 0.061142
0.119398 0.045042 0.119604
0.060732 0.083931 0.096358
-0.01408 -0.090744 0.114681
0.101545 -0.055449 0.055416
-0.004023 0.006039 0.192152
-0.059823 0.066556 0.107622
-0.085992 0.006669 0.112023
0.121683 -0.02354 0.04963
0.119468 0.012483 0.038527
0.074005 -0.055603 0.16214
-0.003822 -0.041001 0.18509
-0.063066 -0.061197 0.092541
-0.022566 0.029267 0.184991
-0.002808 0.096328 0.105698
0.005824 0.076359 0.159253
0.025261 0.080143 0.15406
0.052267 -0.086018 0.115927
0.012576 0.091014 0.139093
-0.03354 -0.075233 0.080878
0.071354 -0.073653 0.063135
0.036894 -0.082914 0.14554
0.050857 -0.065765 0.162227
-0.066858 0.060643 0.101608
-0.00208 0.098073 0.116034
0.117523 0.000115 0.149131
0.09418 0.063145 0.056799
0.06406 -0.084047 0.110595
-0.011389 0.080457 0.136946
0.067019 -0.080616 0.094131
0.001007 0.081882 0.145703
0.049462 0.084788 0.119749
0.009291 0.086106 0.091114
0.061969 -0.082192 0.120921
-0.013173 -0.086106 0.06636
-0.032125 0.076073 0.079199
-0.074235 0.051026 0.109876
-0.066753 -0.057608 0.092589
0.120866 -0.013331 0.055777
0.100341 0.062249 0.088519
-0.046643 -0.073512 0.119803
-0.038702 -0.073435 0.136391
0.109715 -0.052615 0.086295
0.000572 -0.037048 0.188482
0.119175 0.026613 0.049767
-0.021683 0.089173 0.120271
0.018013 0.070316 0.166737
-0.020637 -0.065576 0.16436
0.07682 -0.072161 0.130077
-0.038548 0.075007 0.121642
0.048614 0.089173 0.043409
0.000997 0.004583 0.192588
0.065079 -0.066238 0.154831
-0.082561 0.01719 0.092665
-0.002971 0.078379 0.152767
-0.025145 -0.090993 0.11153
-0.086013 -0.007756 0.108801
0.055073 0.082537 0.080345
0.037415 0.060043 0.171936
0.053347 0.085653 0.103642
0.094746 0.032451 0.165128
0.05986 -0.079413 0.130971
-0.022101 0.090708 0.121963
0.026301 0.081906 0.144357
0.0498 0.090754 0.041689
-0.003022 0.037159 0.186729
0.062645 0.08142 0.126541
0.082267 -0.062044 0.038949
0.038008 0.081072 0.145053
0.064117 0.04821 0.177704
0.037048 0.077324 0.147491
0.03705 0.061837 0.17109
0.050995 -0.00866 0.190713
-0.000595 0.045227 0.183929
0.100021 -0.042735 0.157219
0.017346 -0.098126 0.121983
0.002706 -0.044693 0.185728
-0.013808 -0.080027 0.136206
0.116426 0.002695 0.02916
0.064087 -0.084034 0.109417
0.045791 0.063868 0.166299
0.018278 -0.068371 0.166416
-0.03785 0.070176 0.058157
0.064781 0.079598 0.121868
0.04794 -0.069879 0.15844
0.093243 -0.066194 0.090204
0.019588 -0.071751 0.163162
0.109297 -0.036779 0.050009
0.091172 0.072822 0.117281
0.109073 -0.045144 0.143854
0.087337 -0.067075 0.075769
0.066964 -0.077757 0.086716
-0.011897 0.0 0.190369
0.119314 -0.001369 0.037097
0.051594 0.0837 0.136102
-0.002942 0.020676 0.190905
-0.025899 0.080773 0.126322
0.094811 0.061093 0.140198
-0.048361 0.068495 0.076898
0.059245 0.082322 0.096512
0.042811 -0.083252 0.142576
0.088226 0.070844 0.105423
0.083885 -0.061411 0.148489
-0.026703 0.08059 0.125948
-0.009116 -0.090774 0.122708
0.075705 0.072096 0.061767
0.058279 -0.081242 0.13302
-0.014549 0.0 0.189606
0.028785 0.081767 0.150066
-0.043903 0.069755 0.073164
0.063898 -0.08165 0.083606
0.121095 -0.008446 0.055733
0.005769 0.090903 0.130486
0.12202 -0.037054 0.113463
0.0393 -0.090835 0.130457
-0.014549 0.038092 0.183301
-0.032455 0.069983 0.146588
0.110365 0.032039 0.030311
0.063973 0.077459 0.071918
-0.055446 0.068622 0.088038
0.086644 -0.068448 0.062206
0.047883 -0.069255 0.158366
0.087379 -0.062746 0.055349
-0.085121 0.004829 0.092677
0.111204 0.053332 0.104127
0.079469 -0.070428 0.053583
0.109616 -0.047886 0.045365
-0.042943 0.076244 0.104432
0.117655 -0.028104 0.05239
0.058818 -0.075632 0.053867
0.001759 0.055183 0.178649
0.035795 0.087946 0.112664
0.117235 -0.038337 0.056459
-0.027778 0.039924 0.17731
0.101141 -0.058775 0.056989
0.076166 0.060877 0.155059
0.091856 0.064466 0.07376
0.068952 0.06324 0.158008
0.030902 -0.065111 0.170795
0.006288 0.087946 0.090818
0.071345 -0.075593 0.06314
0.06684 -0.079003 0.113842
-0.033246 0.077048 0.121931
-0.040554 -0.076601 0.11825
0.116432 0.032489 0.052619
-0.003109 -0.098043 0.114473
0.071674 -0.074381 0.128508
0.100696 0.047582 0.032129
-0.020211 -0.089173 0.122802
0.107176 -0.055673 0.086895
0.081051 0.008785 0.179428
-0.052194 0.061901 0.060851
-0.039491 0.074852 0.130432
-0.056798 0.066227 0.094103
0.004959 -0.080121 0.151586
-0.082939 0.030003 0.098226
0.058661 0.07995 0.079443
0.028488 0.098016 0.11301
-0.081995 0.022087 0.092663
0.052842 0.083364 0.096219
-0.047539 -0.0718 0.096848
0.111009 -0.036994 0.04952
0.021152 -0.072842 0.158264
-0.005897 -0.062926 0.172791
-0.003526 0.014901 0.191579
0.129758 0.000114 0.109646
0.064931 -0.074634 0.138506
-0.001112 0.072855 0.16291
0.109525 -0.050183 0.055406
0.111531 0.029309 0.030546
-0.03214 0.0 0.182803
-0.003196 0.017742 0.190816
0.105671 0.043275 0.049293
0.065052 0.078443 0.068846
0.039985 -0.090986 0.10908
0.057243 0.070198 0.04179
-0.056746 0.06665 0.103485
0.016708 0.097906 0.096166
-0.021225 0.077368 0.138782
0.002778 -0.041994 0.184305
0.027393 -0.090721 0.127394
0.033527 0.068692 0.162957
0.075401 0.054414 0.163324
-0.03134 0.078559 0.108007
-0.012742 -0.091014 0.065862
-0.035159 0.021479 0.181118
-0.00498 -0.028152 0.188988
0.020103 0.069298 0.164391
0.09078 -0.061374 0.041708
0.039516 -0.090609 0.110876
-0.022468 0.006645 0.186774
0.021886 -0.070841 0.162254
0.063529 -0.006167 0.187105
-0.017255 0.0 0.188759
0.025202 0.073923 0.158428
0.101197 -0.064752 0.123911
-0.077821 -0.039194 0.114449
-0.081844 -0.026201 0.098427
-0.003967 0.000114 0.191725
-0.042337 0.074873 0.085659
0.039369 -0.090708 0.130511
0.070567 0.075888 0.063529
0.067889 0.076138 0.069719
0.05975 -0.078462 0.127895
0.106517 0.047048 0.042434
-0.027183 -0.050389 0.171914
0.121896 0.006686 0.051593
0.046863 0.080646 0.143146
0.066848 -0.074716 0.07367
0.090647 0.069621 0.075111
0.062102 0.08211 0.121504
0.038928 -0.073237 0.043732
-0.051042 0.068074 0.072173
-0.023606 -0.072912 0.148185
-0.072552 0.052218 0.115986
-0.001562 0.016548 0.191322
0.066728 -0.07752 0.066478
0.07078 0.075807 0.063416
0.059507 -0.070208 0.041363
-0.083518 0.016784 0.110394
0.077402 -0.070236 0.063942
0.118801 0.011409 0.036443
0.105054 -0.048443 0.051046
0.106655 -0.045618 0.050298
0.072488 0.058812 0.160922
-0.063995 0.060533 0.094369
0.07358 -0.068717 0.048864
-0.046331 -0.072545 0.125783
0.120637 0.022326 0.05183
0.048211 0.080252 0.136897
0.097872 -0.053661 0.051287
0.064878 -0.07897 0.121618
0.111483 -0.036172 0.03756
0.122234 0.000135 0.066582
-0.08199 -0.031747 0.116941
0.108362 0.037782 0.048731
-0.077254 -0.046437 0.099011
-0.030609 -0.07884 0.110794
0.106576 0.027173 0.155658
0.034107 -0.090909 0.133942
0.077767 0.072079 0.080014
-0.079089 0.037742 0.101598
-0.051013 -0.067397 0.126433
0.00573 0.090986 0.130615
0.058183 -0.082083 0.128354
-0.056039 0.068374 0.088987
-0.009046 -0.09061 0.122663
0.120321 -0.019227 0.055879
-0.017797 -0.040734 0.181118
0.067077 0.079372 0.101818
-0.0683 -0.058799 0.108595
0.090372 0.064085 0.134221
0.089554 0.069173 0.091072
0.107882 -0.051456 0.126457
-0.007637 -0.08078 0.138616
0.011703 -0.064941 0.170959
-0.0318 -0.080239 0.10313
0.121284 0.029871 0.053204
0.036135 0.087946 0.107905
0.117626 0.01646 0.039668
0.08532 -0.067427 0.132671
0.11387 -0.027821 0.048895
0.087933 -0.065671 0.049248
-0.051037 0.068186 0.082534
0.077652 -0.024429 0.180504
0.101386 0.05858 0.056944
0.021868 0.079022 0.152233
0.121765 -0.016683 0.053114
0.06454 -0.072013 0.051975
0.020946 0.074979 0.156507
0.000213 -0.047388 0.182995
0.114507 0.008825 0.029583
0.075743 0.073521 0.12975
0.073189 0.072542 0.060842
0.034256 -0.086106 0.103912
0.034713 0.077303 0.149149
0.014579 -0.06438 0.170663
0.104544 0.063123 0.120911
0.116865 -0.037462 0.054034
0.058161 -0.081106 0.124815
-0.073484 0.052088 0.092622
-0.086151 0.0 0.107607
0.065467 -0.075744 0.131068
0.097823 -0.056184 0.062228
0.089607 0.056905 0.148009
0.112091 -0.028042 0.049327
-0.015397 -0.013313 0.188695
0.05978 0.082922 0.115598
0.058433 0.078996 0.072151
-0.025313 -0.09099 0.10898
0.116877 -0.005213 0.03046
0.108169 0.048271 0.142257
-0.006374 0.017813 0.190596
0.082985 -0.065002 0.147345
0.020721 -0.084577 0.141755
0.066868 0.075347 0.073671
0.062006 0.075373 0.078289
0.11654 -0.051038 0.114202
0.121191 0.011208 0.049719
0.010822 0.082822 0.141455
0.043526 0.022072 0.19208
0.032079 0.076222 0.151197
0.023281 -0.072596 0.160643
0.049726 0.091014 0.111166
-0.061828 -0.06133 0.116981
0.121427 0.019611 0.053178
0.077167 0.069223 0.047753
0.022836 0.068264 0.16806
0.054726 -0.074627 0.146286
0.121785 0.021371 0.055405
0.034064 0.083785 0.136302
0.043392 -0.080351 0.141151
0.082367 0.068949 0.052167
0.12571 0.025589 0.106957
0.020883 -0.075825 0.159966
0.098377 0.058449 0.070881
0.019495 0.076581 0.160743
0.102794 -0.053926 0.068913
0.04767 -0.084118 0.125367
-0.02932 -0.078911 0.117544
0.10986 0.051682 0.086259
-0.076518 0.043908 0.104139
0.054629 0.082833 0.080279
0.114267 0.0405 0.057017
0.110085 0.012438 0.15551
0.067067 0.081184 0.100521
0.107626 -0.056221 0.104331
-0.004976 0.078694 0.146477
-0.04993 0.068098 0.069912
0.001303 -0.096328 0.100216
0.029233 -0.078219 0.153774
0.097141 -0.056162 0.043553
0.115302 -0.036515 0.048062
0.024655 0.079019 0.152226
-0.05785 -0.06775 0.094268
-0.00634 -0.086106 0.119747
0.063911 -0.080035 0.08529
0.049062 0.085339 0.119585
0.057173 0.082046 0.129828
0.002483 -0.08199 0.145946
-0.006448 -0.023453 0.188124
0.052087 0.07839 0.139286
0.066731 0.072283 0.060521
0.114206 -0.013122 0.048814
0.106165 -0.0577 0.104405
0.066907 0.075153 0.072829
0.037544 -0.078149 0.148025
-0.019934 0.0 0.187854
0.009507 0.087946 0.128094
0.032866 -0.079592 0.150185
0.039513 0.053497 0.176774
-0.012528 -0.090998 0.118894
0.04278 -0.072661 0.043009
0.076309 -0.074567 0.094224
0.074936 -0.069964 0.070754
-0.049654 0.071772 0.120332
-0.023146 0.003383 0.188249
0.034898 0.089173 0.056512
0.04052 0.077595 0.145832
-0.036461 -0.072441 0.064133
0.097308 -0.061642 0.057708
-0.083113 0.020559 0.106314
0.084461 0.066734 0.138481
0.087457 -0.056613 0.150369
0.047676 -0.08409 0.136972
0.025917 0.072336 0.159409
0.009198 -0.077904 0.1572
0.017497 -0.083578 0.144825
0.103989 0.053248 0.049386
0.004038 0.055905 0.178581
0.102026 0.054646 0.069254
0.038346 -0.05798 0.174081
0.092533 0.067954 0.105192
-0.070998 -0.055491 0.092611
0.058758 0.081135 0.096085
0.077454 -0.042143 0.174396
0.094311 0.061547 0.060766
0.027202 -0.097907 0.115682
0.075401 -0.054187 0.163324
0.055515 0.083448 0.119978
0.062793 -0.084082 0.118385
0.11763 -0.014554 0.039121
0.057688 0.04303 0.18067
0.008933 0.060094 0.177348
0.107942 -0.049773 0.05073
0.062742 -0.082199 0.118566
0.095741 0.066717 0.105007
-0.054371 0.070317 0.107215
0.095453 0.060443 0.057394
-0.014689 -0.068153 0.16414
-0.085629 -0.014248 0.107953
-0.085316 -0.017569 0.107274
0.054917 -0.060519 0.167498
-0.003437 -0.015268 0.191019
0.08162 -0.068641 0.063155
0.062839 -0.079535 0.126248
-0.001225 -0.076875 0.15238
-0.004535 0.0 0.192169
-0.032589 -0.075303 0.076082
0.114676 0.003134 0.029588
-0.081753 0.024771 0.116942
-0.001484 0.024979 0.191441
0.101302 -0.059578 0.059456
0.096707 -0.062197 0.079832
-0.053253 -0.067858 0.076583
-0.023146 -0.003383 0.188249
-0.05524 0.069414 0.093862
0.070871 0.0727 0.066415
-0.080379 -0.032952 0.111222
0.089611 0.067508 0.134453
0.058706 0.052831 0.172416
-0.085099 0.01798 0.102743
0.066951 0.077473 0.084801
0.117312 0.025638 0.043214
-0.063993 0.062861 0.092595
0.122322 0.005079 0.05301
0.119756 -0.034905 0.053491
0.039702 0.080347 0.146708
0.037969 0.085862 0.134493
0.024856 0.084216 0.139174
0.071664 -0.073535 0.062994
0.084485 -0.059546 0.03518
-0.084462 0.01758 0.093587
0.073429 -0.073098 0.056281
0.010021 -0.064812 0.172084
0.009022 -0.076514 0.159642
0.036128 0.085458 0.136098
-0.004986 0.065769 0.16782
-0.083199 -0.019728 0.109711
0.029107 0.075533 0.15392
-0.002808 -0.096328 0.105698
0.030855 0.011263 0.194986
-0.002068 -0.098148 0.102476
0.060097 -0.078791 0.130683
0.02657 0.085074 0.140094
-0.037958 0.074154 0.127685
0.015895 -0.065883 0.169167
0.042532 0.038458 0.187911
0.035767 -0.079567 0.144382
0.014242 -0.069984 0.166804
0.060856 -0.081353 0.129523
-0.083681 0.027497 0.110733
0.030263 -0.08028 0.148778
0.039358 0.091014 0.114531
0.099086 0.000114 0.169484
0.000311 0.050973 0.182882
0.112049 0.045707 0.047343
0.120943 -0.022939 0.053267
0.065429 -0.078985 0.120024
0.122322 -0.005145 0.046519
0.100596 -0.05603 0.069893
0.004386 -0.098138 0.120948
-0.063246 -0.061539 0.101663
-0.006105 -0.087946 0.097175
0.096985 0.058803 0.044126
0.055411 0.080562 0.129347
-0.003541 0.039738 0.187327
0.068498 -0.073211 0.068757
0.008606 -0.055525 0.177579
0.104329 -0.057165 0.120937
0.064369 0.074474 0.138218
-0.05173 0.06426 0.067494
0.124123 0.003608 0.052671
0.114639 -0.005039 0.029577
0.025439 0.097906 0.117745
0.06699 -0.078239 0.09012
0.080235 -0.07012 0.078926
0.084359 0.065665 0.050756
-0.081631 0.025335 0.116942
0.014252 -0.097907 0.122625
-0.022652 -0.049369 0.176698
0.075264 -0.068726 0.143942
0.098623 0.066361 0.126007
-0.03364 -0.07474 0.13924
-0.058718 -0.065104 0.107346
0.008774 0.071905 0.163519
-0.061289 0.063133 0.098088
0.120395 0.04577 0.098605
0.067082 0.072174 0.060388
0.077614 0.062821 0.036464
0.073726 0.072787 0.062244
-0.006799 -0.04963 0.180153
0.124782 0.000113 0.084923
-0.052577 -0.070381 0.088495
0.034718 -0.083578 0.136711
0.099548 0.051461 0.054896
-0.083334 0.016963 0.113477
0.062055 0.07795 0.072499
0.126591 -0.030907 0.052812
0.096901 -0.061389 0.056291
0.099722 0.062022 0.08867
-0.084074 0.001988 0.115101
-0.013405 0.070198 0.159004
-0.000747 -0.09079 0.128365
0.11965 -0.029075 0.053512
0.1188 -0.0168 0.037602
0.041035 0.090931 0.128803
0.038927 -0.086106 0.060055
0.005356 0.035011 0.186781
0.03653 0.079617 0.144043
0.050546 -0.086283 0.119995
0.039764 -0.079802 0.142494
0.042907 -0.080938 0.143884
-0.006997 0.00934 0.191316
0.065903 0.078995 0.118417
-0.008046 -0.036124 0.187559
-0.046803 -0.074142 0.113766
0.097247 -0.059267 0.071373
-0.061611 0.064799 0.092336
0.067861 0.081344 0.10841
-0.007194 -0.003023 0.191541
0.114501 -0.003295 0.048741
0.06232 0.084076 0.119942
-0.069657 0.057466 0.106433
0.122731 -0.011803 0.055426
0.008945 0.063797 0.172919
0.032064 0.078316 0.148645
-0.084533 0.022111 0.101528
0.00095 0.097906 0.119185
-0.045998 -0.067758 0.061702
0.096094 -0.064642 0.057937
0.075927 0.061027 0.158918
-0.023906 0.014746 0.052812
-0.004283 -0.031792 0.188204
-0.041298 -0.074874 0.083114
-0.019394 0.019948 0.188112
-0.057438 -0.06706 0.118252
-0.049239 0.072977 0.096316
0.125591 0.027381 0.091476
0.039397 -0.086106 0.061109
-0.016098 0.060924 0.171034
0.004606 0.086106 0.130314
-0.014392 -0.090986 0.11475
0.080541 -0.07104 0.063353
0.071664 0.073535 0.062994
0.039247 0.09061 0.062222
0.115963 0.004745 0.029259
0.007535 0.07486 0.158679
-0.015241 -0.021343 0.187622
0.032897 0.078534 0.150172
0.089002 0.06403 0.054955
-0.011036 0.087946 0.112886
-0.01941 0.029569 0.052812
0.030832 0.072896 0.15674
0.063637 -0.075176 0.062164
0.119714 -0.02339 0.055994
0.102062 0.055508 0.06924
0.06017 0.073167 0.046653
-0.004598 -0.079662 0.143937
-0.015506 -0.07285 0.153615
-0.085005 -0.019963 0.109892
0.026751 -0.096328 0.104045
0.068063 0.076909 0.065206
0.053009 0.062994 0.165022
0.06574 0.074467 0.138933
0.083918 0.068951 0.060228
0.078179 -0.065859 0.060108
0.08321 -0.068736 0.132028
0.079878 -0.068819 0.057197
0.064539 0.074842 0.069324
-0.047716 0.071173 0.078242
0.082577 0.069326 0.131835
0.097885 0.010964 0.167908
-0.015885 0.016801 0.189718
-0.074292 0.051049 0.093979
0.016336 0.073708 0.161827
-0.0161 0.089173 0.112002
-0.00565 -0.090708 0.135894
-0.080597 -0.029854 0.116935
-0.084801 0.012747 0.092676
0.052169 -0.084312 0.112616
-0.003993 0.001933 0.191758
0.07649 -0.07181 0.054957
0.098282 0.05677 0.13661
0.110846 0.0484 0.055165
0.066525 0.081458 0.103336
0.120996 0.028722 0.051143
0.049064 -0.067949 0.1599
0.106024 0.057672 0.071083
0.051299 -0.065921 0.162802
-0.085299 -0.015354 0.114058
-0.009498 0.089173 0.124017
0.080121 -0.066682 0.143134
0.093043 0.05809 0.05204
0.0706 0.075594 0.124718
-0.054912 0.062088 0.067062
-0.081549 -0.027535 0.09781
0.119302 -0.029187 0.138595
-0.001446 0.086106 0.094642
-0.008252 -0.068795 0.165911
0.115405 -0.007918 0.029364
0.050422 -0.085346 0.115757
-0.014873 0.041708 0.183478
0.031391 0.072151 0.158028
0.101986 0.053401 0.045789
-0.000845 0.098099 0.101044
0.035898 -0.090986 0.057642
0.065757 -0.067257 0.038691
-0.080815 -0.038352 0.101735
0.019623 -0.07463 0.160596
-0.015425 -0.060807 0.169097
-0.011923 0.029775 0.188397
0.016862 -0.086106 0.127115
0.058995 -0.051456 0.172794
0.037861 -0.089173 0.057632
0.015247 0.091014 0.139004
0.118232 -0.02794 0.068066
-0.043676 -0.075399 0.094402
-0.035538 0.074242 0.070067
-0.004563 -0.097907 0.108932
0.091192 0.057826 0.033912
0.001674 0.054056 0.181308
0.119516 0.027983 0.052039
0.067033 0.078904 0.095961
0.088206 0.064132 0.054099
0.015368 -0.067455 0.165976
0.033188 0.090948 0.134392
0.063207 0.059898 0.169637
0.061576 0.083207 0.107394
0.024093 -0.079501 0.155437
0.059707 0.081759 0.112944
-0.08016 0.032648 0.094976
-0.046355 -0.071889 0.09151
-0.031052 -0.07056 0.058379
-0.078161 0.044706 0.104332
0.063853 0.078646 0.077482
0.061665 -0.070447 0.03946
-0.014184 0.087946 0.06966
-0.029711 0.021116 0.183807
0.108942 -0.053762 0.055461
-0.002746 -0.060887 0.175408
0.015854 0.068138 0.165336
0.08824 -0.070614 0.105424
0.108382 0.038251 0.032996
0.126591 -0.030907 0.061952
0.048729 -0.086264 0.123448
0.001477 -0.040561 0.187272
0.035264 -0.074154 0.045917
0.101198 0.054754 0.041903
0.063951 0.08406 0.112213
-0.058038 0.065329 0.111093
0.073833 -0.075383 0.094812
-0.008529 0.090983 0.123669
-0.031644 0.080345 0.111518
-0.046685 0.072272 0.097576
-0.017574 0.043525 0.179936
-0.014933 -0.077069 0.14964
0.093376 0.000115 0.171967
-0.072531 -0.053723 0.094776
0.093002 -0.01693 0.172806
0.074142 0.066022 0.041735
0.073957 0.07557 0.094783
0.074545 0.0732 0.064596
-0.007608 0.075066 0.153434
0.112199 -0.008708 0.047798
0.122338 -0.003829 0.053006
-0.044367 -0.070796 0.135431
0.028422 0.09815 0.105999
0.015454 0.076734 0.160183
0.039132 0.090903 0.060644
-0.043531 -0.069295 0.134878
0.123589 0.009046 0.137363
-0.006841 0.072404 0.158453
0.006134 0.098016 0.096741
-0.078637 0.03617 0.116927
0.041575 -0.081289 0.143271
-0.062946 -0.063731 0.092535
0.070803 -0.076197 0.116978
0.004128 -0.007866 0.19441
0.095597 -0.059372 0.135823
0.12236 -0.001174 0.053002
0.107701 0.044768 0.036007
0.033516 0.077137 0.149769
-0.023906 0.014746 0.061952
0.056354 0.081708 0.125093
0.12158 0.018303 0.053148
-0.035535 0.07706 0.102435
-0.079929 0.037956 0.116937
-0.026951 0.073968 0.147672
-0.011453 0.029287 0.187039
0.064256 -0.078579 0.103626
-0.032896 0.075839 0.136942
-0.037136 0.068362 0.058028
0.049103 0.089173 0.109037
-0.043606 -0.07512 0.119108
-0.030012 0.006642 0.185316
-0.002603 0.015818 0.192716
0.05446 0.079297 0.068677
0.100771 0.061501 0.120517
0.111871 -0.057865 0.099702
0.085564 0.076024 0.104987
0.122467 0.0 0.046871
0.114902 0.05369 0.113832
0.067084 -0.0708 0.063143
0.05201 0.076294 0.144043
0.025116 0.084898 0.140617
0.070924 0.072736 0.059372
-0.018663 0.068378 0.162071
0.001896 -0.090835 0.138263
-0.01941 0.029569 0.061952
0.026897 0.074936 0.047489
0.064009 -0.08352 0.098503
-0.033058 0.07385 0.142173
0.096843 -0.061235 0.049884
0.088074 -0.023834 0.174835
-1e-05 0.075742 0.155102
0.051315 -0.083681 0.136383
-0.041808 -0.067805 0.062372
0.093365 -0.060593 0.048644
-0.044332 -0.068041 0.13692
-0.029966 -0.079528 0.103415
0.114508 0.025053 0.04874
0.120343 0.02615 0.053381
-0.047872 0.071913 0.105883
0.053193 0.078804 0.141394
-0.067374 -0.059923 0.106981
0.084163 -0.072272 0.100377
0.113123 -0.036938 0.037299
0.122364 -0.000718 0.053001
0.121284 -0.029871 0.053204
0.073373 -0.075536 0.094921
0.099421 -0.055302 0.052392
0.052013 0.04628 0.182724
-0.039491 -0.074852 0.130432
0.114942 0.000114 0.04989
0.063695 0.078514 0.097235
0.033527 -0.090987 0.057167
0.01836 0.098131 0.096829
0.048089 -0.084776 0.122441
-0.053004 0.063663 0.061003
-0.003078 0.019567 0.191062
-0.025009 0.055351 0.169406
0.069157 -0.075336 0.12774
0.123188 0.010408 0.133369
0.086422 -0.066715 0.133001
0.088929 0.070465 0.105393
0.057977 -0.07804 0.087325
0.091953 0.041217 0.165657
-0.015229 -0.091004 0.111689
0.11154 0.051683 0.09096
-0.031812 -0.080293 0.105196
0.073859 0.070772 0.145704
0.111625 -0.035127 0.031627
-0.007196 0.089173 0.125941
0.116745 0.038839 0.136559
-0.040266 -0.068063 0.142235
0.098332 -0.067599 0.12112
0.06404 0.082172 0.111023
-0.08409 0.009865 0.108445
0.064193 0.074552 0.138117
0.031686 -0.079413 0.147564
0.053604 -0.015579 0.189377
-0.085136 -0.017162 0.113709
0.029698 0.08087 0.147226
-0.04409 -0.073705 0.102774
0.064024 -0.083664 0.100446
0.063984 -0.08321 0.095179
-0.014743 0.079946 0.135648
0.115841 0.027997 0.145654
0.099223 0.060268 0.057349
0.114705 -0.001806 0.029589
-0.022202 0.057915 0.168674
0.012085 0.061035 0.173584
0.042267 0.079151 0.140061
0.001607 0.081249 0.141891
0.109055 0.056772 0.118504
0.1068 0.057582 0.112854
0.058433 -0.076891 0.072151
0.02928 -0.079861 0.149963
0.061997 -0.078174 0.073475
-0.032163 -0.076542 0.085602
0.078565 -0.070852 0.079661
-0.033868 0.077136 0.13091
0.002542 -0.055872 0.180309
-0.032115 0.078198 0.102885
0.048466 -0.09101 0.117619
0.067688 -0.076268 0.070082
-0.006089 -0.020441 0.190267
0.124855 -0.027414 0.115061
-0.052611 -0.06905 0.110705
0.052934 0.085944 0.11382
0.052064 0.08432 0.113242
-0.020288 -0.080488 0.129943
0.087915 0.066378 0.075524
0.064718 -0.078644 0.111
0.035401 0.090976 0.057513
0.124061 0.007012 0.052683
0.023514 0.074724 0.046628
0.062097 -0.078764 0.087013
0.03167 0.077342 0.151102
0.038703 0.074124 0.15439
-0.085976 -0.007049 0.105863
0.031944 0.09061 0.057636
-0.025269 0.090995 0.110163
0.001305 -0.054337 0.179169
0.06223 -0.075821 0.137083
-0.058047 0.067273 0.090869
0.032719 -0.081288 0.14558
-0.033505 -0.073775 0.070665
0.019736 0.069741 0.164735
0.039385 -0.09084 0.062181
-0.03525 0.074423 0.06969
0.024606 -0.068424 0.167549
-0.036046 -0.078926 0.105892
0.10277 0.023416 0.163307
-0.018442 -0.07245 0.152619
-0.003403 0.038315 0.184616
0.12328 -0.023416 0.085155
0.114278 0.055091 0.097271
0.009749 -0.098168 0.096202
0.056574 0.034668 0.185977
0.050747 -0.078316 0.140375
0.063599 0.082196 0.114823
-0.011875 0.066558 0.167146
0.063712 -0.076146 0.086248
0.044942 -0.080534 0.14434
-0.028023 0.037122 0.17836
0.058968 0.080525 0.079916
0.113835 -0.047175 0.054604
0.054744 0.082689 0.080305
0.060451 0.07431 0.062591
0.101883 -0.05999 0.088149
-0.033318 0.009837 0.183575
0.008607 -0.065737 0.173307
0.099392 0.051686 0.054936
-0.014872 -0.090774 0.111141
0.051107 -0.086283 0.118637
0.017039 -0.083202 0.141124
0.062259 0.080643 0.107975
0.118549 -0.027344 0.042355
-0.000815 -0.029797 0.190372
0.061268 -0.081391 0.128864
0.063763 0.061584 0.161925
0.045353 0.084286 0.127365
0.091256 -0.051456 0.15237
0.0578 0.076996 0.057178
0.053502 -0.085573 0.102879
0.066416 -0.079633 0.116206
0.062143 0.079584 0.093021
0.106339 0.055275 0.12114
0.060959 -0.079979 0.125847
-0.003113 -0.052431 0.179405
0.054218 0.078385 0.135418
0.063501 0.078053 0.126014
-0.068182 0.059256 0.099566
0.107883 0.055086 0.086713
0.119311 -0.030372 0.053575
0.005132 0.068288 0.167514
0.0529 0.08582 0.118063
0.069657 -0.061411 0.158589
-0.021845 0.073554 0.152274
0.051653 0.084344 0.11525
0.06303 0.079358 0.071102
-0.011791 -0.080202 0.137275
-0.004288 -0.098099 0.110353
-0.006583 -0.029434 0.188275
0.000255 0.098063 0.099937
-0.051638 0.069763 0.108619
0.06492 -0.079602 0.121496
-0.041174 0.071178 0.074328
0.052229 0.086254 0.114963
-0.06731 -0.056438 0.113585
0.092571 -0.059612 0.145264
0.127643 0.000104 0.116034
0.016219 0.065492 0.168793
0.094528 -0.060764 0.056734
0.109824 -0.046103 0.058624
0.050793 0.071534 0.154057
0.074225 -0.073031 0.139473
-0.04571 0.074294 0.117575
0.104866 0.047144 0.03919
-0.08289 0.017643 0.116947
0.006791 -0.055584 0.1802
0.092179 -0.060967 0.147434
0.068806 -0.06328 0.157864
0.022193 0.071784 0.161898
0.067012 -0.078591 0.093022
-0.030211 0.079196 0.102581
0.017532 -0.073001 0.162999
-0.074875 -0.046175 0.092629
-0.036988 0.07263 0.073769
0.105396 0.04469 0.031247
0.057068 -0.082494 0.126892
0.105943 -0.045454 0.038485
0.106465 -0.046196 0.05072
0.101811 0.049836 0.146232
-0.00334 0.098169 0.113068
-0.063163 -0.062655 0.116851
0.055663 0.080571 0.128988
0.109734 0.037729 0.030427
0.083527 0.041531 0.169319
0.099521 0.064191 0.104791
-0.003247 0.096328 0.107275
0.031872 -0.086106 0.05739
0.040254 -0.051456 0.178483
0.062159 -0.078742 0.067764
0.067304 0.078929 0.112166
0.093231 -0.064237 0.058474
0.116523 0.019206 0.032047
-0.059839 -0.064353 0.099913
0.122027 -0.026766 0.053065
0.05736 0.077059 0.065276
-0.000816 0.07446 0.160602
0.058419 -0.076412 0.07006
0.049964 -0.090993 0.109033
0.060894 -0.080883 0.099535
0.118356 -0.030701 0.044663
-0.066425 0.056765 0.116871
0.079731 0.070212 0.059514
-0.052333 -0.07159 0.102975
0.090714 0.06173 0.057045
0.035865 0.085755 0.135831
0.064005 -0.083477 0.097914
0.039471 -0.084002 0.141141
-0.050658 0.070403 0.106493
0.029455 -0.08006 0.14944
0.047695 0.079442 0.135746
0.057794 0.08065 0.090646
0.018197 0.051684 0.180111
-0.001379 0.080814 0.141964
0.076509 -0.074704 0.106103
-0.084484 -0.023009 0.102611
-0.047225 0.071519 0.127921
0.115412 0.033523 0.044828
-0.003594 -0.01411 0.191658
-0.015147 0.090987 0.111025
0.069708 -0.076003 0.095792
-0.031773 0.077304 0.133406
-0.00684 -0.020233 0.18858
-0.082145 0.031341 0.092662
0.05491 -0.078736 0.068805
0.044531 -0.085922 0.129227
-0.00758 -0.09061 0.124027
0.063966 -0.082955 0.09273
-0.015546 -0.090708 0.129747
0.089545 0.06917 0.091081
0.12406 -0.007046 0.052681
0.057724 0.082525 0.125883
0.116741 0.016084 0.031651
0.054244 -0.085129 0.098377
0.096572 -0.062988 0.060342
0.059949 0.084032 0.125533
-0.025032 -0.079208 0.125946
0.102267 -0.055572 0.059276
0.02362 0.076758 0.154988
-0.003429 0.096328 0.108882
-0.021744 -0.079896 0.128981
-0.050392 0.062899 0.060505
0.058653 -0.08126 0.132561
-0.00799 -0.090708 0.134801
0.028129 -0.096328 0.108733
0.051974 0.081524 0.131239
-0.067753 0.057037 0.100966
-0.001602 -0.042191 0.185081
0.126647 -0.024223 0.120491
0.065079 0.073863 0.052076
-0.077956 0.040035 0.096161
0.075309 -0.072234 0.061844
-0.047928 -0.071638 0.11187
0.015825 0.08167 0.150083
0.092414 -0.067361 0.0904
-0.085915 0.00996 0.108581
0.120522 -0.010628 0.041367
-0.03076 -0.026007 0.180539
0.097497 0.058448 0.136387
0.096729 0.059268 0.056321
0.071678 -0.058876 0.160259
0.03215 0.089173 0.125754
0.051021 0.081779 0.136622
-0.073773 -0.052241 0.104841
0.076493 -0.072297 0.129978
0.019768 0.074753 0.160416
0.105796 -0.046567 0.03504
0.11929 -0.044567 0.052812
-0.08566 0.0 0.098582
0.083769 0.069255 0.077352
0.059219 0.07938 0.131836
0.064695 0.080731 0.108747
-0.037013 -0.076412 0.099921
-0.078138 -0.039249 0.094928
0.106682 0.056502 0.087019
-0.019392 -0.055996 0.171538
0.118634 0.031846 0.046608
0.004477 0.055092 0.181185
-0.084186 0.005483 0.105875
0.063501 -0.077826 0.126014
0.085114 -0.070623 0.118659
0.010091 0.06763 0.171595
0.007258 0.083711 0.142485
0.100696 0.05487 0.046645
0.026222 -0.098169 0.102196
-0.033881 0.076787 0.079077
0.048904 -0.081676 0.138428
0.081717 -0.005931 0.180943
0.127491 -0.00727 0.090722
-0.02058 -0.072777 0.056409
0.026708 0.074863 0.156689
0.034852 0.077055 0.148662
0.039313 0.055116 0.176309
0.109143 -0.054584 0.104244
-0.014537 -0.090774 0.067943
0.067637 -0.064454 0.156925
0.101864 0.059717 0.120646
-0.015066 0.03877 0.184597
-0.078562 0.043888 0.101281
-0.072267 0.051212 0.104617
0.120874 0.013197 0.055776
-0.002985 -0.058509 0.177227
0.006382 0.026514 0.1908
0.014772 0.090774 0.130932
0.062146 -0.079655 0.093489
0.033162 0.076656 0.149991
-0.01918 0.08026 0.131233
-0.007749 -0.042115 0.185385
0.060195 -0.080843 0.075665
0.002182 0.055176 0.180721
0.017732 0.07298 0.161557
0.087515 -0.066004 0.062037
0.066369 0.077701 0.066884
0.003388 -0.047365 0.183599
0.021297 -0.071075 0.162926
0.105221 -0.053526 0.058608
0.047926 0.090834 0.119606
-0.043834 0.072714 0.130353
-0.0845 -0.01624 0.092675
0.111287 0.053133 0.075546
0.063973 -0.077459 0.071918
0.009711 0.062232 0.17351
0.057664 -0.080637 0.125888
0.114637 0.005073 0.029579
-0.008699 -0.076169 0.150673
0.019432 -0.071602 0.165086
-0.053402 -0.068767 0.106941
0.07625 -0.06999 0.064159
0.109254 -0.053383 0.055464
0.007997 0.062466 0.174011
0.096988 -0.060093 0.133388
0.008304 0.054053 0.177928
0.056387 0.079758 0.067719
0.01338 -0.08285 0.141509
-0.050074 0.069147 0.085047
-0.014549 -0.038092 0.183301
0.006439 0.062607 0.175797
-0.036975 0.077384 0.123432
0.120057 0.021242 0.055928
0.05057 0.085353 0.115236
-0.068938 0.055628 0.098876
0.06553 -0.081512 0.119701
-0.015449 -0.008381 0.18907
0.102013 -0.039848 0.15419
0.054276 -0.080924 0.13105
0.084618 -0.073685 0.129522
0.063771 0.082136 0.115542
0.031403 0.074561 0.046641
-0.083945 -0.026427 0.102882
0.018235 0.071586 0.165049
-0.024333 0.056737 0.168625
0.064006 0.081602 0.097957
0.063267 0.078018 0.092522
0.042841 0.074074 0.15182
0.031924 -0.090774 0.057567
0.061939 -0.080686 0.11374
-0.015497 -0.086106 0.070273
0.077953 0.072521 0.130434
0.021069 0.067879 0.165855
0.079584 0.070695 0.061038
0.057665 0.079311 0.133771
0.070634 -0.069899 0.049949
0.001453 0.000114 0.191981
0.066184 -0.078096 0.116428
-0.005579 0.0 0.193451
0.001221 0.036713 0.186104
0.010981 -0.087946 0.130152
-0.081977 -0.032011 0.092664
0.113575 -0.052012 0.114632
0.101676 0.058828 0.052122
0.120546 0.008079 0.139874
0.03499 0.077081 0.148569
0.042725 -0.090875 0.12722
-0.048361 -0.068495 0.076898
0.113173 -0.029999 0.048602
0.029007 0.097907 0.111629
0.085092 0.070856 0.118663
0.054998 -0.070234 0.040713
0.070774 0.077259 0.106423
-0.079496 0.041013 0.110624
0.062065 -0.077924 0.07239
0.107233 -0.040083 0.049041
0.002545 0.086106 0.125711
0.065526 -0.074344 0.138819
0.067534 -0.074475 0.070464
-0.048491 -0.071703 0.124133
0.100303 0.051122 0.050696
-0.002457 -0.059681 0.174322
0.067077 0.07936 0.101738
0.062181 -0.075842 0.071669
0.004294 -0.089173 0.131161
0.101904 0.053723 0.145153
-0.014181 -0.090959 0.067199
-0.031261 0.078553 0.105867
0.069369 0.073946 0.062417
0.032021 -0.070984 0.159454
0.027343 -0.08438 0.138366
0.086735 0.067476 0.130666
0.082939 -0.069309 0.138664
0.122941 -0.006082 0.055387
-0.054909 -0.062275 0.067704
0.018797 0.068155 0.165819
0.028902 -0.098016 0.11162
-0.037865 -0.076519 0.085412
0.056217 -0.082012 0.131136
0.11929 -0.044567 0.061952
-0.016773 -0.051459 0.175823
0.071321 -0.075602 0.06315
0.088783 0.000108 0.17699
0.085867 0.059593 0.149525
-0.001402 -0.07114 0.165159
0.119311 0.030372 0.053575
0.120403 -0.007056 0.040586
-0.002418 -0.043533 0.186031
0.101737 -0.061849 0.081671
0.000439 -0.083299 0.141531
-0.02161 0.090973 0.12233
0.015145 -0.086106 0.091087
0.045119 -0.089173 0.122492
-0.011714 0.019861 0.188927
-0.085811 0.0 0.100971
0.120902 -0.02053 0.051779
0.118011 -0.028038 0.060738
0.066935 0.0765 0.08284
-0.081496 -0.034869 0.095345
0.032206 -0.018967 0.194051
0.062432 0.078972 0.088858
0.11623 0.043084 0.054154
-0.084288 -0.004579 0.108892
-0.033652 0.031533 0.179379
-0.022907 -0.071803 0.15462
-0.021705 0.050988 0.174095
0.050987 0.000115 0.190931
0.080162 -0.073185 0.093315
0.015732 0.080588 0.152678
-0.047802 -0.07389 0.109956
0.120178 -0.026876 0.053413
0.025534 -0.051463 0.180092
-0.000623 -0.098169 0.101182
-0.006216 -0.09061 0.125104
0.066994 0.081518 0.112297
0.06772 -0.079628 0.116588
0.029107 -0.075533 0.15392
0.064402 -0.069638 0.038946
0.113138 -0.029223 0.034501
0.109039 0.039807 0.145319
0.002958 0.09799 0.09805
0.062798 0.018154 0.187862
0.037621 0.090986 0.131569
-0.078482 -0.044024 0.10489
0.056755 -0.057205 0.169876
0.101148 0.060641 0.067637
0.0648 -0.071773 0.064614
0.034273 0.082757 0.1466
0.10711 0.051429 0.058361
-0.004198 -0.029053 0.188919
0.034382 -0.087946 0.058371
0.05476 0.080793 0.080742
0.096193 -0.062771 0.063978
0.06343 0.074783 0.068156
0.053743 -0.074494 0.145475
-0.008968 -0.082315 0.138893
0.047335 -0.082354 0.136516
0.105648 -0.043018 0.049296
0.076746 0.073859 0.077484
0.031899 -0.077408 0.150913
0.119369 -0.007806 0.03763
0.100021 0.051372 0.033135
0.007999 0.083899 0.142437
0.013088 0.000116 0.195439
0.070893 0.060111 0.159608
-0.040343 0.076287 0.121319
-0.044867 -0.071359 0.083045
-0.075802 -0.044318 0.092631
-0.053135 0.069358 0.121779
0.105089 -0.057016 0.087391
-0.00649 0.082449 0.139974
0.046207 0.083963 0.128183
0.098659 0.061263 0.064034
0.046432 -0.05146 0.17732
0.028178 -0.086106 0.096018
0.044683 -0.0786 0.144489
-0.070785 0.052658 0.110573
0.061912 0.000116 0.189417
0.026695 -0.079029 0.153707
0.049304 0.091014 0.041782
-0.066858 -0.060643 0.101608
0.045296 0.072044 0.154999
0.056 -0.073181 0.147354
0.118443 0.010962 0.040839
-0.08212 -0.024842 0.099008
0.059306 0.071243 0.150059
0.029942 0.076611 0.152939
0.014112 -0.063786 0.171225
0.008314 -0.075011 0.049484
-0.005697 -0.080671 0.139981
-0.049753 0.072527 0.114376
0.116231 -0.036087 0.056644
0.045244 -0.082322 0.139884
-0.041642 -0.07568 0.08942
0.105751 0.051536 0.043906
0.036904 0.082053 0.14481
0.01783 0.072811 0.160104
0.040161 -0.055508 0.179741
0.09536 -0.064744 0.057032
0.050747 0.078315 0.140375
0.064039 -0.082174 0.111364
0.034423 -0.089173 0.123809
-0.014895 0.086106 0.068105
-0.054933 0.061255 0.064474
-0.035477 -0.077314 0.127186
0.113876 -0.030929 0.032745
0.101595 -0.056161 0.05132
0.053532 0.081593 0.129158
0.063938 0.084061 0.112321
-0.036453 -0.068405 0.145767
0.098559 -0.058887 0.070798
0.066954 0.079414 0.085226
0.050688 -0.064579 0.169884
0.098958 0.058731 0.070617
-0.039578 0.070898 0.070447
-0.084566 0.019607 0.116312
-0.038524 -0.07093 0.061602
0.116362 0.006005 0.029186
0.121921 -0.01457 0.053085
0.071324 -0.067192 0.042626
0.038315 0.077391 0.146942
-0.059939 0.066519 0.098209
0.118243 0.019019 0.042373
-0.005802 -0.022736 0.189926
0.039066 0.077297 0.146918
0.038502 -0.080072 0.144054
0.066888 -0.078947 0.096023
0.004355 -0.050375 0.180286
0.088799 -0.042992 0.166992
0.041298 0.000115 0.192773
0.089679 -0.0692 0.10535
0.016472 -0.084331 0.142301
-0.061803 0.06467 0.111349
0.118311 0.034663 0.048656
0.061103 0.07873 0.125283
-0.030202 -0.080478 0.11789
0.060243 -0.083018 0.119628
0.010006 0.057935 0.175964
0.112685 -0.032244 0.049184
0.047032 -0.090953 0.121157
0.031003 0.082666 0.147397
-0.043831 0.075626 0.112991
0.060483 0.076764 0.136164
0.072567 -0.039374 0.176287
0.004382 0.000114 0.194627
0.059267 -0.071432 0.046363
0.062226 -0.080511 0.104429
0.074655 0.072032 0.060474
0.11896 0.032044 0.05414
-0.083178 0.030381 0.106202
-0.030536 0.044323 0.175784
0.018834 0.080651 0.15282
-0.030076 0.076918 0.129322
0.074022 0.070299 0.060622
-0.011637 -0.090903 0.065713
-0.05356 -0.066844 0.073086
0.109482 -0.04941 0.047893
0.032381 0.051683 0.17901
0.085042 0.070055 0.127445
0.02625 0.087946 0.093759
0.068687 0.07716 0.096043
0.082874 -0.067365 0.138618
0.005325 0.05455 0.179724
-0.000592 0.072925 0.159798
-0.013173 0.086106 0.06636
0.081276 0.025757 0.178448
0.033861 -0.087946 0.101011
-0.066856 -0.060077 0.110729
0.010914 0.086106 0.13117
0.079701 0.070641 0.061016
-0.005494 0.0 0.190451
0.064477 -0.076947 0.070107
0.068524 -0.06272 0.157656
0.077717 0.074684 0.117791
0.04747 0.082105 0.137502
0.010241 0.08198 0.142486
0.061341 -0.080388 0.124853
-0.074235 -0.051026 0.109876
0.036752 -0.09061 0.118843
0.066804 -0.079633 0.113957
0.004949 -0.057579 0.177529
0.012413 -0.07642 0.156773
0.107618 0.053603 0.05826
0.071659 0.072367 0.06589
0.06222 -0.082352 0.10343
-0.031615 -0.076913 0.083097
-0.075322 -0.049636 0.107474
0.011143 0.051683 0.179081
-0.016101 -0.089173 0.112002
-0.007058 0.0824 0.139764
0.112386 0.047054 0.073299
-0.03661 0.069075 0.05942
0.051769 -0.080416 0.133635
0.07431 -0.07453 0.062074
-0.037674 0.070632 0.059526
0.072588 0.076481 0.117192
0.059532 0.000113 0.188618
0.117265 -0.036483 0.053959
0.032708 -0.086106 0.117561
0.061678 -0.082183 0.121664
-0.082569 0.021156 0.115586
0.116475 0.014368 0.030579
0.063212 0.077139 0.08647
0.023445 0.083642 0.144949
0.054821 -0.080739 0.080591
0.063876 -0.073172 0.06202
0.058653 -0.079358 0.132561
0.117136 -0.026938 0.143936
-0.000486 0.034719 0.188071
0.105753 0.057415 0.087234
0.000999 0.075172 0.052353
0.010705 -0.098169 0.122246
0.063978 0.083126 0.094299
0.098505 0.048936 0.154165
0.120757 0.0 0.047439
-0.032102 -0.077303 0.091648
0.029894 0.082119 0.149035
-0.022911 0.019823 0.18686
0.018206 0.073102 0.159669
0.046809 0.080642 0.143183
-0.012645 -0.090959 0.066065
-0.050772 0.070016 0.11239
-0.023974 0.05181 0.174616
0.110041 0.050687 0.05781
-0.078608 -0.038019 0.111796
0.00886 -0.015928 0.194258
0.119837 -0.029379 0.13295
0.039012 -0.05588 0.175619
-0.082526 -0.021382 0.097622
-0.025667 0.076444 0.143048
0.110034 0.049499 0.055318
0.071324 0.067192 0.042626
0.097082 -0.058554 0.140893
-0.076278 0.044373 0.100019
-0.052567 -0.071334 0.108909
0.006148 0.054397 0.181057
0.079261 0.066097 0.046583
0.056416 -0.05793 0.16943
-0.046166 -0.072152 0.079491
0.114425 0.010729 0.02962
0.064005 0.083477 0.097914
0.087107 -0.065551 0.062201
0.036133 -0.078049 0.148651
-0.083472 -0.016735 0.104276
0.011005 -0.063469 0.174583
0.123632 -0.015666 0.052763
-0.076278 -0.044374 0.100019
0.000513 -0.081102 0.141893
-0.042767 -0.070248 0.139141
0.101772 -0.063879 0.114971
0.07262 -0.073267 0.082304
0.068765 -0.073707 0.068418
-0.050658 -0.070403 0.106493
0.046582 -0.080629 0.143332
-0.077708 0.04118 0.106268
-0.05055 -0.072586 0.104579
0.101882 0.064772 0.103726
0.110962 0.057114 0.119867
0.10836 0.047994 0.054135
-0.017799 -0.081586 0.133961
-0.004371 -0.06944 0.163616
0.008257 -0.096328 0.097046
-0.007181 0.0 0.191527
0.08996 0.069284 0.105334
0.089046 0.0619 0.054957
-0.006105 0.087946 0.097175
0.004585 0.09087 0.138784
-0.025655 -0.090985 0.055865
-0.008125 -0.090994 0.134403
0.029266 -0.079998 0.149616
0.034852 -0.076829 0.148662
0.116062 0.018514 0.035819
0.039207 0.086106 0.114155
0.04415 -0.072791 0.15352
-0.006082 0.020668 0.190258
0.055717 -0.077601 0.133654
0.001189 0.098151 0.118976
0.096363 -0.054617 0.038863
0.022122 0.076344 0.157712
0.047018 0.091014 0.120476
0.064027 -0.083706 0.100905
0.095103 0.062046 0.072324
-0.020345 -0.079457 0.131575
0.07431 0.07452 0.062077
0.058784 0.0551 0.175436
0.067082 -0.081296 0.102549
0.080771 0.06458 0.146849
0.067055 -0.064314 0.156445
-0.004444 -0.097983 0.11037
0.014506 0.084092 0.142675
0.004949 0.057579 0.177529
-0.069557 0.054527 0.108421
-0.00172 -0.079937 0.144563
0.119887 -0.026248 0.04559
0.124141 6.9e-05 0.052668
0.006654 -0.069785 0.168658
0.123504 0.021545 0.127953
0.058407 0.078562 0.070245
-0.025644 0.03511 0.18197
0.011096 0.058793 0.174706
-0.011646 -0.081279 0.136002
0.096906 0.060025 0.046955
0.052556 0.083933 0.102255
0.06518 0.081382 0.098125
0.049644 -0.090983 0.041719
-0.014785 0.090611 0.11113
0.047699 -0.069412 0.158142
0.04767 0.090993 0.11953
0.024371 0.083625 0.139686
0.035523 -0.078617 0.147195
-0.012201 0.086106 0.119196
0.026121 0.05035 0.184452
0.062506 -0.084078 0.119339
-0.005799 0.022757 0.189932
0.076806 -0.073678 0.06156
0.121763 -0.032296 0.078685
0.047063 0.084333 0.125096
-0.050376 -0.069635 0.127861
0.089143 0.000114 0.176711
0.116366 -0.04278 0.054129
0.084175 0.072242 0.135632
0.107238 0.054853 0.129308
0.079956 0.065247 0.146408
0.051893 0.038918 0.185909
0.114113 0.016329 0.029788
0.072092 -0.071963 0.058711
-0.058389 -0.064084 0.117838
-0.045937 0.067176 0.059675
0.121135 -0.007268 0.055726
0.102738 0.054679 0.068938
0.06406 0.082167 0.110595
-0.072111 0.054634 0.102032
-0.001703 -0.066007 0.168505
0.060322 0.075049 0.065226
0.055641 -0.058472 0.168442
0.050568 0.080855 0.140537
0.013411 -0.069145 0.167766
0.06228 0.07339 0.067712
0.103103 -0.061231 0.104583
0.077213 0.058612 0.157948
0.015734 -0.078924 0.152022
0.093094 0.027628 0.170233
0.008607 0.070227 0.165757
0.059349 0.079919 0.115695
0.087936 -0.051459 0.156532
0.056564 -0.056707 0.169637
0.043295 -0.080435 0.145275
0.087673 -0.065853 0.133402
0.131088 0.014746 0.052812
0.121631 0.013077 0.051642
-0.050837 -0.067811 0.070743
0.035827 -0.064563 0.168266
0.004754 0.057892 0.175193
0.023639 -0.044731 0.18718
0.089217 -0.065449 0.133861
0.000393 -0.07981 0.150856
0.052162 -0.07251 0.151154
0.058082 -0.080069 0.088498
-0.083889 -0.00616 0.100681
0.007564 -0.053577 0.178781
0.060778 0.081025 0.098199
0.079924 0.069014 0.057166
0.01564 -0.079407 0.155227
-0.000182 -0.046344 0.183454
0.10321 -0.051884 0.044941
-0.017771 -0.010148 0.189782
0.067299 0.074665 0.071055
0.121948 0.027115 0.053079
0.105943 0.045454 0.038485
-0.01486 -0.09061 0.068705
0.079148 0.073774 0.093551
0.091362 -0.067278 0.090651
-0.082206 -0.034108 0.104328
0.094905 -0.058317 0.05603
0.078056 -0.057331 0.158718
-0.010733 0.091014 0.065185
0.104866 -0.047144 0.03919
0.027603 -0.090986 0.127596
-0.00094 0.098016 0.100986
0.128948 0.012257 0.11639
-0.006125 -0.031779 0.187747
0.045139 -0.080097 0.139225
0.065571 0.075819 0.085425
0.034256 0.086106 0.103912
0.097348 -0.0482 0.15296
-0.034378 -0.073549 0.141492
-0.000311 -0.047521 0.181037
-0.05245 0.066949 0.070919
-0.082463 0.018718 0.093172
0.116452 -0.007658 0.034676
0.089354 -0.064621 0.133903
0.101524 -0.053627 0.13762
-0.084927 -0.02 0.103555
-0.03616 0.069444 0.059335
-0.021878 0.070567 0.153751
0.042779 0.066378 0.165255
0.023225 -0.09805 0.119454
0.039034 0.091014 0.059778
-0.070785 -0.052658 0.110573
-0.051257 0.06904 0.076814
-0.055126 0.068714 0.087285
0.078984 0.074012 0.105958
0.092394 -0.063097 0.134812
0.045372 -0.072418 0.155106
-0.04099 0.077066 0.105808
-0.034252 -0.078408 0.12355
0.080446 -0.064638 0.146677
-0.021766 0.031792 0.182884
-0.003997 -0.074212 0.159964
-0.036436 0.076817 0.104996
0.021744 -0.056892 0.176399
-0.03754 -0.070598 0.058985
0.009692 0.06503 0.052812
-0.042683 -0.0731 0.131146
0.066887 -0.077117 0.073053
0.030802 -0.039188 0.189114
0.059257 -0.075553 0.067241
0.085187 0.067364 0.050719
0.057864 -0.082682 0.083534
0.092651 0.059772 0.141623
0.11884 -0.029006 0.044562
0.050201 -0.076263 0.142548
0.084698 -0.061543 0.035136
-0.085785 0.011253 0.111564
0.075001 0.066283 0.156005
-0.053827 -0.065777 0.069653
0.122028 0.019354 0.048569
0.029694 0.08014 0.14922
-0.079758 -0.033869 0.094176
0.099079 0.054626 0.038073
0.051431 0.08505 0.104462
0.076441 0.069469 0.060528
-0.021477 -0.081244 0.130943
0.032036 -0.009676 0.193529
0.013779 0.075459 0.049953
-0.00136 0.026611 0.191055
0.061587 -0.073793 0.069633
-0.015084 0.072534 0.157951
0.122074 0.012227 0.053055
0.03718 -0.087946 0.059753
0.120234 0.043762 0.089411
-0.022855 -0.081036 0.129871
0.119481 -0.017515 0.052046
0.072329 0.075226 0.062717
0.08152 0.068132 0.061326
0.063777 -0.076406 0.059882
0.073791 0.056951 0.161997
0.017043 0.06218 0.176384
0.062683 0.079534 0.126484
0.116234 -0.004137 0.048319
0.090935 0.069282 0.12564
0.032336 0.077534 0.150556
0.090557 0.039962 0.164983
-0.001387 0.031537 0.188287
0.062228 0.082376 0.104542
0.09375 0.012459 0.172981
0.116421 0.049211 0.100147
0.055362 0.081105 0.136278
-0.050324 -0.070064 0.079271
0.081072 -0.071182 0.073448
-0.053574 0.068265 0.112747
0.090801 -0.063126 0.136963
0.105072 -0.009183 0.16143
-0.062491 0.064595 0.102908
-0.024187 0.071559 0.150415
0.035563 0.079949 0.1488
-0.026768 -0.076662 0.135051
0.030968 0.090819 0.125196
0.053863 0.0838 0.133848
-0.049025 0.066452 0.069875
0.102803 0.054747 0.050354
-0.012177 -0.061121 0.170067
-0.03754 0.070599 0.058986
0.058481 -0.078705 0.137207
0.032094 -0.081342 0.147342
0.06395 0.080807 0.090608
-0.08234 0.021481 0.116946
0.121387 0.020486 0.04694
0.112178 0.030326 0.033028
0.123042 -0.020898 0.052874
0.099799 0.054983 0.052006
-0.015506 0.072849 0.153615
0.026707 -0.074863 0.156691
0.121163 0.0 0.042658
0.099767 0.059288 0.05575
-0.068665 -0.057623 0.113919
-0.083986 0.0 0.100927
0.013151 -0.039303 0.187529
-0.04801 0.070239 0.085281
0.04332 -0.074142 0.152451
-0.025695 0.01782 0.184403
0.060309 0.079432 0.130319
0.032445 -0.082271 0.148296
0.103138 -0.051046 0.05154
-0.079862 0.04096 0.10147
0.0152 -0.087946 0.090328
0.114343 -0.028824 0.032073
0.069685 -0.072976 0.05966
-0.04717 -0.07118 0.07705
0.063848 -0.080393 0.076645
-0.019132 0.079563 0.132592
0.062854 0.08418 0.105476
0.062397 0.078599 0.141214
-0.018426 0.080193 0.13199
-0.043511 -0.070026 0.138649
0.120807 -0.015468 0.137697
0.029416 0.078307 0.153564
-0.076556 0.047654 0.097815
0.087804 0.07102 0.105457
0.03764 0.01445 0.194068
0.058301 -0.072385 0.149232
0.118706 0.021406 0.039101
-0.028441 0.031349 0.180186
0.019301 0.08383 0.140487
-0.00246 0.090774 0.127538
0.114695 0.000735 0.029592
-0.03318 -0.077938 0.084465
0.047335 0.082354 0.136516
0.131088 0.014746 0.061952
0.038017 -0.09063 0.059349
-0.027067 -0.08026 0.127221
-0.037597 -0.074963 0.076419
0.045112 -0.059135 0.173889
0.072698 -0.049115 0.173011
0.01419 0.089173 0.132037
0.103875 -0.051631 0.040426
0.059594 -0.084886 0.112978
0.067066 0.078995 0.111257
0.010241 -0.096328 0.096728
0.110593 -0.051752 0.055212
0.018779 -0.083792 0.140569
0.071984 0.069001 0.042668
0.106572 -0.054807 0.121202
0.116325 0.048592 0.094482
-0.015659 -0.080838 0.138777
0.054764 0.070259 0.158981
-0.083825 -0.012777 0.105058
0.062443 -0.079514 0.12693
0.09819 0.057455 0.048328
0.063895 -0.079701 0.083194
-0.044282 -0.075448 0.098707
0.07451 0.073705 0.05935
0.095581 -0.062324 0.050742
-0.029198 0.031879 0.18145
0.055763 0.07428 0.147133
0.061856 0.075568 0.136887
-0.01383 -0.068533 0.161152
0.060421 0.076569 0.143433
0.000509 -0.072963 0.163194
0.127558 0.000113 0.10147
0.112502 0.051682 0.104053
0.074841 -0.021336 0.182659
0.013166 0.062571 0.172317
0.080877 0.063719 0.146905
0.050618 0.066294 0.161917
0.061577 -0.070034 0.151924
-0.060112 -0.065803 0.113293
0.082973 -0.067288 0.056422
-0.040433 -0.068049 0.14207
-0.085563 -0.011663 0.11463
-0.015896 0.089173 0.067727
0.107221 -0.059054 0.079727
0.064116 -0.077995 0.116184
0.033713 0.08135 0.145197
-0.046531 0.06742 0.068702
0.107954 0.053206 0.058203
0.061081 0.064036 0.161308
-0.048516 0.073556 0.100089
0.042345 -0.085191 0.129139
0.094132 0.066433 0.119732
0.000399 0.05119 0.182779
0.002899 -0.082188 0.140884
0.024126 -0.097907 0.099533
0.118096 -0.037966 0.129189
6.3e-05 -0.036937 0.187437
0.09375 0.065372 0.084881
-0.052413 0.069416 0.104858
-0.075452 0.049395 0.095938
0.063276 0.074555 0.059764
0.098093 -0.060102 0.049033
0.058176 -0.081238 0.133145
0.028869 0.080686 0.147825
0.045103 -0.081988 0.139259
0.020197 0.07455 0.162349
0.092723 -0.067115 0.119565
-0.000169 -0.051101 0.180873
0.104474 -0.055814 0.056363
0.032897 0.090774 0.05745
-0.024999 -0.079053 0.126646
0.01069 0.09815 0.122361
-0.011992 0.077443 0.150531
0.009692 0.06503 0.061952
5.9e-05 0.098169 0.117897
0.018206 -0.073102 0.159669
-0.032447 -0.077627 0.119459
0.049462 0.090988 0.041753
0.067105 0.081424 0.105554
0.012957 0.031643 0.19162
0.11168 -0.016643 0.04793
0.070065 0.044589 0.175053
0.091874 -0.056833 0.149816
-0.042661 0.075571 0.091931
0.061678 -0.084066 0.121664
0.085631 0.068166 0.059903
-0.04004 0.077403 0.103333
0.039382 -0.090903 0.061421
-0.000314 0.097906 0.118161
0.106974 -0.051372 0.051795
0.015288 0.090708 0.139424
0.01903 0.084413 0.142141
0.056162 0.062441 0.170279
0.008362 -0.058884 0.178108
0.031671 0.076695 0.1511
0.122183 0.009995 0.053035
-0.076052 -0.044625 0.107183
0.093712 0.06395 0.05839
0.016039 -0.068305 0.169001
0.011101 -0.059651 0.1747
-0.076207 0.041958 0.116913
0.118565 -0.038027 0.053715
-0.052245 -0.069645 0.123287
0.093812 -0.055987 0.143956
0.085341 -0.071928 0.105595
-0.05509 0.06994 0.103434
0.034713 -0.077303 0.149149
0.112235 0.006985 0.047787
0.04818 -0.080252 0.136932
0.111093 -0.052265 0.104134
-0.000618 -0.090801 0.137648
0.056887 -0.077813 0.075102
0.094678 0.056888 0.052063
0.036103 0.082866 0.145882
0.091546 -0.062896 0.134572
0.103966 -0.062947 0.10422
0.059003 -0.08298 0.122953
-0.00515 0.030884 0.18663
0.11727 0.038233 0.056453
0.08651 -0.065241 0.05824
0.006341 -0.096328 0.097563
-0.073773 0.052241 0.104841
0.039567 0.053762 0.176898
-0.059413 0.067004 0.101938
-0.053355 0.070989 0.105115
0.069018 -0.07293 0.068101
0.010664 -0.098016 0.122565
0.095485 -0.059019 0.053375
-0.02438 -0.041594 0.178092
0.125389 0.014739 0.13134
-0.023063 0.090834 0.119943
0.087394 0.071203 0.105485
-0.037716 -0.070287 0.058132
-0.001035 -0.026091 0.188703
-0.027545 0.079844 0.119918
0.039922 -0.089173 0.059668
0.088709 -0.06948 0.1191
0.116426 -0.002651 0.029172
0.015329 -0.064482 0.169821
0.095935 -0.059786 0.13591
0.078873 0.07135 0.130714
0.038298 -0.06526 0.169632
0.095378 0.065082 0.089699
0.058397 0.084852 0.11955
0.116436 0.001438 0.02916
0.011478 -0.056017 0.178631
0.010856 0.089173 0.132052
0.120988 0.008912 0.055365
-0.041187 0.07222 0.079275
0.097321 -0.063847 0.057706
0.103464 -0.060033 0.125446
-0.038065 0.078181 0.104631
0.114814 -0.051294 0.098464
0.121831 0.021404 0.055596
-0.031312 0.077898 0.093954
-0.036619 0.078487 0.114764
0.056152 0.077688 0.133883
0.00148 0.040792 0.187273
0.023682 0.075148 0.048096
0.066529 0.073556 0.058652
0.096843 0.061235 0.049884
0.026733 -0.078926 0.152405
0.062379 0.082193 0.119736
-0.009221 -0.090903 0.122774
-0.024081 -0.079132 0.127778
0.077101 0.075021 0.136921
0.094464 -0.063187 0.068207
0.067926 -0.070472 0.062762
0.04116 0.081256 0.143497
0.087831 -0.068937 0.125296
0.08374 -0.070346 0.083657
0.017799 0.089173 0.138209
-0.03932 0.075747 0.106206
0.042843 -0.090708 0.127276
-0.029666 0.079702 0.112111
0.122607 0.023832 0.052957
-0.054789 -0.068375 0.083817
0.007383 0.064045 0.174719
-0.014422 -0.074584 0.154817
0.054994 0.081649 0.126903
0.049198 0.086273 0.122666
0.052742 0.063431 0.164673
0.076904 -0.064776 0.04082
0.108738 0.036896 0.148041
-0.042453 0.072685 0.124731
0.063169 -0.076299 0.086489
-0.081865 -0.027024 0.100846
0.061473 -0.082956 0.106219
0.021939 -0.070885 0.162192
0.053184 -0.085719 0.103333
-0.034072 0.077562 0.112564
-0.006773 0.075426 0.156915
-0.083893 0.02164 0.092671
0.056712 0.077205 0.065458
-0.077267 0.041788 0.10935
0.072419 -0.073257 0.062683
0.112698 -0.035073 0.034098
0.108304 -0.053913 0.054389
0.061375 -0.073441 0.070561
0.102718 -0.059567 0.120759
-0.007567 -0.012527 0.189406
-0.054836 -0.064883 0.077463
0.113396 0.028832 0.029742
0.002263 0.082495 0.140568
0.118001 -0.013433 0.040013
0.124556 0.000114 0.135691
-0.003219 0.090708 0.13685
0.025981 0.080496 0.153258
-0.061807 -0.062776 0.103586
0.077045 0.016183 0.180761
0.00462 -0.076049 0.155861
0.102912 -0.055778 0.05915
0.11737 -0.009123 0.032148
0.121216 -0.002507 0.055711
0.082216 -0.068373 0.063039
0.123201 -0.019752 0.052844
0.063059 0.072889 0.06644
-0.032989 -0.073159 0.138666
-0.083961 -0.025929 0.101517
-0.083801 0.0 0.098236
-0.05134 -0.067392 0.125672
-0.02118 -0.040484 0.17994
0.060064 -0.078404 0.092534
0.062605 0.073166 0.067116
0.070227 -0.061516 0.159059
0.129445 -0.010405 0.109512
0.089268 -0.066399 0.059214
0.020175 0.077053 0.159958
-0.036199 0.074104 0.137846
0.014212 0.09815 0.122345
0.015453 0.073301 0.165407
-0.003729 0.072679 0.159165
0.105513 -0.051463 0.134003
0.048638 -0.085955 0.124376
0.1239 0.0 0.051796
0.093372 0.061037 0.053904
-0.017621 -0.090993 0.127337
0.123468 -0.038644 0.098618
-0.028456 0.073146 0.143526
-0.031317 0.077403 0.085436
0.051187 0.085289 0.111815
0.033792 -0.068691 0.163569
0.062183 0.080099 0.098351
-0.019569 -0.059457 0.170871
0.063841 0.078312 0.075814
-0.027492 0.071404 0.057708
-0.016007 -0.070282 0.157599
0.104707 -0.055295 0.049702
-0.018227 0.08144 0.133871
-0.051678 0.070856 0.118629
-0.023692 0.089173 0.114931
0.061723 -0.079491 0.128144
-0.053565 -0.070599 0.111012
0.114729 -0.019988 0.032682
0.099838 0.064553 0.086296
0.114693 0.001531 0.029592
0.061394 -0.072948 0.052905
0.105034 0.05465 0.054763
0.098073 0.059864 0.054193
0.033714 -0.077813 0.149661
0.043077 -0.080422 0.145392
-0.046531 -0.06742 0.068702
0.001155 0.089173 0.130267
-0.02882 -0.070643 0.05646
0.097326 0.063458 0.120109
0.009644 -0.098169 0.096289
0.032711 -0.080646 0.147444
0.046669 -0.070519 0.156769
0.085228 -0.063003 0.151771
0.108319 0.053937 0.121409
0.105664 -0.050604 0.139255
0.058382 -0.074934 0.141346
-0.013183 0.087946 0.114168
0.057562 -0.084027 0.128758
-0.04353 -0.071993 0.133312
-0.022486 0.003339 0.186888
0.072645 0.0586 0.161052
0.022675 -0.074204 0.161331
0.096492 -0.059939 0.0717
0.066452 -0.079633 0.116035
0.119918 -0.028071 0.047102
0.050333 -0.090708 0.109031
0.11599 -0.019117 0.148933
0.10986 -0.051456 0.086258
0.025574 0.090817 0.128314
0.115955 0.014854 0.029284
-0.052567 0.071334 0.108909
0.010837 -0.059244 0.175003
-0.011758 -0.091 0.065574
-0.048232 -0.067497 0.131927
0.121907 0.006072 0.05159
-6e-05 0.07468 0.051056
0.117419 0.036085 0.047736
0.065517 0.0693 0.044316
0.094568 0.066266 0.078761
-0.031156 -0.078589 0.110813
0.115941 -0.00477 0.03308
0.017035 0.090903 0.130804
0.006561 -0.087946 0.127662
-0.00409 0.032645 0.187959
0.114348 0.049511 0.120571
0.017127 -0.076545 0.157074
-0.002856 0.007778 0.190806
-0.082506 0.032771 0.101561
0.113063 0.030233 0.035174
-0.054935 -0.063469 0.064239
0.009819 -0.067459 0.169342
-0.047627 -0.067487 0.071049
0.09756 0.066183 0.120985
-0.081845 -0.027529 0.102173
0.065614 0.077953 0.106717
0.100447 -0.054942 0.137288
0.030072 0.080984 0.149261
0.038475 0.087946 0.111522
0.074364 -0.007013 0.182859
0.10853 -0.054109 0.086574
0.00073 0.096328 0.117735
-0.021855 0.063713 0.165765
0.00073 -0.096328 0.117735
-0.080178 0.032385 0.114756
0.05394 0.051686 0.175289
0.017354 -0.081702 0.150152
0.014083 0.066077 0.171258
-0.021361 0.053448 0.172566
0.039005 -0.055027 0.175601
0.029014 0.098016 0.107351
0.099586 0.060902 0.059773
0.058594 0.076843 0.135162
-0.0164 0.089173 0.127474
0.022569 0.074536 0.159213
0.078587 -0.071764 0.06372
0.105067 0.045343 0.051038
-0.013414 -0.080336 0.142218
-0.016991 -0.073359 0.055733
-0.00993 0.086106 0.11338
0.090587 0.065093 0.066208
0.025706 0.090993 0.137264
0.004742 0.098155 0.097387
0.003446 -0.087946 0.09157
0.038634 0.087946 0.109087
0.058301 0.072614 0.149232
0.090343 -0.06954 0.105312
0.123173 -0.01996 0.052848
0.120766 0.010464 0.054777
-0.005574 0.074071 0.159607
-0.035243 0.003245 0.181215
0.076788 -0.069311 0.060068
0.035563 -0.07802 0.1488
0.064159 -0.078949 0.123405
0.081356 -0.070254 0.078424
-0.013369 0.073279 0.157581
-0.032449 0.076744 0.088161
-0.001618 -0.098169 0.102328
0.1152 -0.041107 0.054347
-0.003006 -0.080939 0.140655
-0.001488 -0.030029 0.189232
0.076442 0.051682 0.164181
0.099342 -0.058149 0.070442
0.075672 0.062226 0.154735
0.031953 -0.083422 0.137976
-0.049536 0.073106 0.102353
0.124966 0.035344 0.108555
-0.027799 0.074309 0.141249
-0.082664 0.029127 0.116946
0.027693 -0.082676 0.141619
0.05571 0.081986 0.131741
-0.080481 0.038947 0.108445
-0.026589 0.079924 0.121865
0.099197 0.061344 0.054072
0.065269 0.066353 0.154964
0.110247 0.052185 0.055278
0.122445 0.0 0.046875
0.114892 -0.005715 0.030289
-0.005619 0.079283 0.149614
0.049709 -0.078481 0.144093
0.111159 0.048934 0.050989
-0.018134 0.0 0.188462
-0.029374 -0.028857 0.182238
0.00044 0.083299 0.141531
0.091126 -0.056491 0.035754
-0.001007 0.000114 0.190842
-0.038124 0.070454 0.144303
0.122133 -0.021692 0.071541
-0.082667 -0.02914 0.11695
0.048503 -0.085362 0.120737
0.033064 -0.06997 0.161889
-0.002644 0.000114 0.192764
0.099182 -0.062198 0.0888
-0.003786 0.011313 0.19188
-0.052287 -0.066255 0.076523
0.091627 -0.059901 0.054334
0.084257 0.070797 0.06016
-0.031101 0.078392 0.099846
0.006288 -0.087946 0.090817
0.063831 0.07805 0.074507
0.064878 -0.0796 0.121618
-0.030026 -0.079219 0.112136
0.03918 -0.090986 0.114497
0.028992 -0.098138 0.109045
0.106871 0.054511 0.07246
0.072493 0.066138 0.151424
0.072617 0.073921 0.065369
0.018961 0.068306 0.165629
-0.012086 -0.074575 0.152223
0.117646 0.023988 0.037456
0.003637 -0.086106 0.092326
-0.016605 -0.089173 0.070278
-0.084555 0.020209 0.098121
0.027524 -0.097907 0.103236
0.091591 -0.048515 0.158531
-0.022715 -0.080267 0.127428
0.067084 0.071028 0.063144
0.0183 -0.073618 0.162122
0.03892 -0.061249 0.173454
-0.027492 -0.071404 0.057708
0.089807 -0.059766 0.041814
0.090082 -0.064068 0.134124
0.015734 0.078924 0.152022
0.030708 -0.090826 0.135681
0.092216 0.040806 0.163383
-0.069167 -0.055127 0.095279
-0.03585 0.076279 0.080008
0.091794 -0.05261 0.157346
0.116077 0.014336 0.029515
-0.022331 0.016358 0.185956
0.056531 -0.076805 0.070326
-0.080935 0.037039 0.096259
-0.050594 -0.062793 0.060551
-0.011993 -0.086106 0.065759
0.121935 -0.004695 0.051585
-0.002174 -0.082895 0.141083
0.062032 -0.079147 0.078247
0.085339 0.072158 0.105594
-0.032676 0.079067 0.122955
0.101592 -0.046244 0.050381
0.02414 -0.080565 0.148358
0.061882 0.075676 0.07692
0.110771 -0.048506 0.055179
0.093472 0.062579 0.073049
0.095691 -0.065797 0.105008
0.029498 0.078826 0.149963
0.01842 0.097906 0.09661
0.067508 0.076829 0.096314
0.037438 -0.079669 0.143636
0.063941 0.082512 0.089311
0.000993 -0.087946 0.125933
-0.067836 0.056421 0.109873
0.000161 0.097906 0.099851
0.106137 0.057948 0.104411
0.049726 -0.091014 0.111166
0.01327 -0.0627 0.172196
0.121837 -0.008646 0.045229
-0.035241 -0.074498 0.07987
-0.065556 -0.058818 0.110428
0.10967 0.051149 0.05788
-0.038711 0.073482 0.071534
0.005615 0.010014 0.193004
0.08805 0.056978 0.150681
0.107262 -0.056341 0.096294
-0.006474 -0.073863 0.156159
0.065535 -0.071442 0.064056
0.119912 0.009669 0.045238
0.020056 -0.069314 0.164365
-0.015071 -0.090903 0.068647
0.116169 0.012924 0.029515
0.115198 0.041144 0.054347
-0.008041 -0.023153 0.189322
0.051685 0.080838 0.142338
0.059979 0.077169 0.065879
0.088716 0.068478 0.058456
0.060669 0.036118 0.182648
0.081015 -0.075371 0.116046
-0.022483 -0.071842 0.154821
-0.004161 0.098131 0.111003
0.0281 -0.080478 0.148459
0.075036 -0.068847 0.143828
0.095976 0.062889 0.077387
-0.013153 -0.087946 0.067786
0.098157 0.06284 0.120207
0.041297 -0.082092 0.142429
-0.075535 -0.043346 0.116912
0.046179 0.090915 0.122711
0.121293 0.023663 0.048379
0.042962 -0.083261 0.142489
0.027758 0.084981 0.139953
-0.025114 0.071463 0.055764
0.026561 -0.079671 0.152279
0.007544 -0.089173 0.131759
-0.084429 0.022299 0.100113
-0.012452 0.081997 0.137293
0.028885 0.076382 0.155464
0.113952 -0.006562 0.047357
0.01702 0.010236 0.193763
0.048187 -0.077791 0.140895
0.073454 -0.074314 0.129055
0.114494 -0.001048 0.048743
-0.059314 -0.065844 0.11709
0.118327 -0.027256 0.047577
0.068928 -0.062205 0.161758
-0.080913 0.035996 0.092656
0.033318 0.08077 0.14699
0.094196 -0.06142 0.135382
-0.020016 -0.079056 0.133804
0.041656 -0.07473 0.150269
0.028281 0.075419 0.155537
0.01948 -0.039646 0.18915
0.077763 -0.041297 0.172676
0.117424 0.012783 0.038159
-0.006899 0.022873 0.191202
0.097167 0.04049 0.158954
-0.063476 0.06376 0.1001
0.058348 0.071899 0.14927
0.035461 0.06485 0.167458
0.034382 0.087946 0.058371
-0.054791 0.066394 0.119908
-0.036965 -0.072911 0.140066
0.017742 -0.074318 0.164152
0.1057 -0.044276 0.03119
0.061575 -0.070001 0.151929
0.109628 -0.049309 0.053897
0.050747 -0.078953 0.140375
0.067795 0.077378 0.096246
0.0397 0.076262 0.147742
0.102025 -0.054419 0.069254
0.09892 -0.064394 0.104825
-0.009814 -0.079901 0.13993
-0.044517 -0.067731 0.137394
-0.041829 -0.074118 0.128934
-0.046361 -0.069986 0.12745
-0.014711 0.090903 0.112947
0.108697 0.060834 0.11254
-0.071797 0.054902 0.10572
0.051981 -0.070925 0.04128
0.107392 0.031062 0.155736
0.060364 0.058689 0.169819
0.072756 0.065432 0.155637
0.064209 0.07527 0.063119
0.069208 0.074668 0.08381
0.055432 0.081868 0.077105
0.051758 0.086166 0.117016
0.032518 0.082604 0.147353
0.030646 0.090931 0.135566
-0.08179 0.034798 0.098612
-0.019272 0.076445 0.148164
0.116761 0.0394 0.056549
-0.082153 0.025624 0.101448
0.050676 -0.080367 0.134711
0.001339 -0.051381 0.179133
-0.00015 0.098099 0.118045
0.02172 -0.096328 0.099072
-0.010275 0.087946 0.115196
0.058179 0.081251 0.086633
0.116066 0.033949 0.059509
-0.066895 0.060108 0.09259
0.030214 -0.044273 0.185421
-0.064384 -0.062435 0.111123
0.068843 0.076577 0.064601
0.094025 0.05825 0.140747
-0.024821 -0.080077 0.124725
0.0548 -0.068794 0.160531
-0.061231 0.062736 0.092256
-0.060013 0.062861 0.117311
-0.067813 -0.059648 0.103259
0.039358 -0.091014 0.114531
0.093425 -0.05412 0.033494
-0.038096 -0.076053 0.113109
0.053344 0.082408 0.08876
0.045168 -0.08148 0.141111
0.095952 0.060493 0.060412
-0.007196 -0.089173 0.125941
0.121044 0.042983 0.116638
0.058706 -0.052605 0.172416
-0.052413 -0.069416 0.104858
0.067028 0.074951 0.072045
0.061336 -0.070647 0.039522
0.11375 -0.039779 0.137102
0.113921 0.042869 0.064301
-0.026145 0.025981 0.184369
0.084534 -0.07135 0.092266
-0.029149 0.012972 0.183539
0.037187 0.080886 0.142626
-0.011525 0.078629 0.148083
-0.029802 -0.080708 0.118397
0.021583 -0.098039 0.098002
-0.085588 0.01466 0.107863
0.108488 0.039978 0.030663
0.080898 -0.068252 0.063286
0.082999 -0.068767 0.077693
0.068981 0.066183 0.038086
0.119699 0.035108 0.053502
0.117563 0.00103 0.037507
-0.041874 0.073681 0.09018
0.057675 0.07959 0.083643
0.081424 -0.068033 0.063187
0.01757 0.075134 0.162956
0.000744 -0.087946 0.0926
0.121123 -0.007624 0.055729
0.123394 -0.012495 0.072426
0.079725 0.072318 0.088448
0.012454 0.098016 0.122633
-0.034424 0.068625 0.14745
-0.083551 0.026748 0.114245
0.121704 -0.017091 0.053125
0.037932 -0.058374 0.173124
0.056 -0.051462 0.174599
-0.038254 0.068233 0.144172
-0.029526 0.047409 0.174622
0.059931 0.071233 0.046494
0.054523 0.061404 0.166986
0.038088 -0.069881 0.16124
0.006091 0.068307 0.170216
0.090888 -0.064188 0.134371
0.030622 0.085069 0.139219
0.056949 0.056159 0.170137
0.062005 -0.08407 0.120779
0.100692 0.059164 0.078808
0.031389 0.060196 0.177643
0.10244 -0.058627 0.059239
-0.050052 -0.070347 0.094637
0.066437 0.079002 0.116104
0.109159 0.052798 0.129389
0.087119 0.073928 0.087784
-0.006631 0.014984 0.190893
0.076589 -0.060911 0.155421
-0.032618 -0.079071 0.091588
0.076893 -0.067507 0.144806
0.062783 -0.079532 0.126266
-0.030418 0.07375 0.139988
0.028766 0.098169 0.108784
0.024102 -0.096328 0.117624
-0.085534 -0.014809 0.111015
0.044031 0.071953 0.160255
0.009895 0.045349 0.18647
0.062157 0.081652 0.094959
0.038427 0.057121 0.17432
0.086457 -0.06759 0.07616
-0.045 0.069701 0.131178
0.084303 -0.067491 0.062646
0.000563 0.05513 0.178452
-0.060829 0.063598 0.10177
0.088175 -0.065666 0.061919
0.071392 -0.06732 0.037633
-0.062814 0.061422 0.092523
-0.080852 -0.028824 0.092656
0.001404 0.090986 0.129454
0.000683 0.041167 0.185328
0.065336 0.074006 0.13872
0.04466 -0.080928 0.138453
0.046717 0.05922 0.173602
0.049137 0.0836 0.138264
0.103681 0.053416 0.055014
-0.003069 -0.075496 0.154495
0.100908 0.056732 0.06975
0.065526 0.074571 0.138819
-0.037832 -0.070184 0.058153
0.014389 -0.06605 0.170084
0.012959 -0.038391 0.189487
-0.077841 -0.045389 0.103774
-0.035831 0.073448 0.066606
0.119513 -0.006898 0.043692
0.091831 0.063759 0.073775
0.110628 0.041551 0.042768
0.017012 -0.090774 0.1307
0.074505 0.075189 0.117411
-0.048408 0.064143 0.060853
0.081681 0.062999 0.147327
0.0904 -0.067806 0.11929
0.007306 0.081758 0.142381
0.109967 0.039139 0.032742
0.02565 0.091014 0.137147
0.085339 -0.070533 0.118695
-0.020747 -0.079985 0.129967
-0.010928 0.089173 0.064523
0.031894 0.090903 0.057463
0.102425 0.009537 0.163994
-0.00443 -0.097907 0.107499
0.035408 -0.065552 0.167282
0.112367 0.036779 0.035321
0.045279 0.085294 0.125847
0.122394 0.024983 0.052995
-0.076671 0.046698 0.092637
0.039009 -0.076796 0.152443
0.063827 0.07987 0.074146
0.095909 0.065441 0.089575
0.106453 -0.05562 0.068039
0.051864 0.081532 0.130818
0.014882 -0.072764 0.166067
0.098117 -0.066051 0.089363
0.079548 -0.072776 0.09345
0.051822 -0.084651 0.109036
0.066292 0.076241 0.085098
0.008656 0.098167 0.12205
0.088316 -0.057415 0.034452
0.068806 -0.070141 0.062435
0.036321 0.079999 0.148511
-0.081108 0.030925 0.102195
0.026479 -0.087946 0.124532
0.09977 -0.0641 0.084618
0.106953 -0.05689 0.104368
0.06833 0.072428 0.06304
-0.028595 -0.079361 0.118076
-0.015938 -0.013506 0.190082
0.063896 -0.079484 0.072406
0.046555 -0.078712 0.143341
0.04332 0.077088 0.144305
0.026234 0.079069 0.154305
0.116418 -0.003182 0.029174
0.11533 0.000129 0.152414
0.030713 -0.082301 0.148452
0.114239 -0.041161 0.139145
0.072435 0.070105 0.142458
0.003124 -0.057053 0.17963
0.031567 0.08246 0.147899
0.047073 -0.069874 0.164764
-0.001358 0.024078 0.189064
0.056121 0.08114 0.135485
0.07169 0.073807 0.082709
0.066869 0.075403 0.073925
0.034492 -0.076176 0.148824
-0.052776 0.069478 0.122319
-0.028154 0.079186 0.130997
-0.025537 -0.036583 0.181477
0.021807 -0.029812 0.190839
0.000508 0.058705 0.177875
0.049758 -0.090931 0.113321
0.115728 0.015238 0.048298
0.005645 0.053208 0.181727
0.010705 0.098169 0.122246
0.059928 -0.082484 0.099602
0.115438 -0.036663 0.042928
0.088462 -0.065723 0.075265
0.061697 -0.081159 0.109952
0.028574 0.004414 0.194119
0.117674 -0.032057 0.056377
-0.084566 -0.022002 0.112519
0.037614 -0.090986 0.058549
0.088346 0.067647 0.061887
0.068806 0.070369 0.062435
0.090227 -0.067904 0.090924
-0.014344 0.090708 0.130766
0.084229 -0.071716 0.11857
-0.052031 -0.065297 0.071967
0.086372 0.069745 0.085175
0.063938 0.082182 0.112321
-0.035256 0.078089 0.090328
0.076923 -0.073703 0.094079
0.051329 0.083688 0.136355
0.030811 -0.087946 0.121247
-0.072894 -0.04963 0.092619
0.090535 -0.065771 0.058985
0.077642 0.070072 0.057724
-0.002734 0.076752 0.152083
0.038406 -0.056297 0.17746
0.065966 -0.077636 0.09668
-0.014458 0.09061 0.067977
0.066906 -0.075764 0.078811
-0.080165 -0.031719 0.092655
-0.018236 -0.073159 0.055968
0.117206 -0.004082 0.031278
0.066548 0.079634 0.115577
0.067006 0.078504 0.092228
0.051817 -0.085182 0.12739
0.039263 -0.055061 0.176195
-0.031261 0.080357 0.114334
-0.052965 0.067197 0.122004
0.113205 0.04071 0.048069
0.030918 0.089173 0.134518
0.078476 0.071554 0.130583
0.061258 0.07655 0.065935
0.05003 -0.090931 0.111181
0.105675 -0.052152 0.058631
0.120902 0.02053 0.051779
0.060837 0.069254 0.041112
0.115787 0.014983 0.048429
-0.084047 0.00395 0.115041
0.122875 0.008428 0.055399
0.017416 0.096328 0.121142
-0.084332 0.001852 0.108993
-0.03505 -0.072388 0.069887
0.066224 0.077208 0.126845
-0.074871 -0.047099 0.10124
0.056712 -0.077205 0.065458
0.049605 0.090925 0.041726
0.0249 0.073722 0.158775
0.087677 0.066078 0.133406
0.021891 0.082308 0.143052
0.114459 0.046156 0.054487
0.074875 0.073269 0.081303
0.115568 0.029465 0.04119
0.105776 0.052536 0.057708
0.11444 0.010381 0.029611
0.050867 -0.085323 0.11393
0.063687 0.078423 0.097222
0.091834 0.064516 0.073778
0.033356 -0.068787 0.162537
0.097672 0.057419 0.136447
0.056083 0.082003 0.131264
-0.046126 0.066808 0.065786
-0.028888 -0.022338 0.182249
0.065591 -0.042324 0.178025
-0.07448 0.04735 0.108466
0.123651 0.037285 0.115891
0.118513 0.042118 0.128487
-0.040871 -0.076418 0.093204
0.090935 0.058922 0.151978
0.006763 0.044331 0.184906
0.095356 0.065863 0.089722
0.068439 0.074312 0.062967
0.067038 0.078961 0.096596
-0.081791 -0.025395 0.096039
0.10144 0.020386 0.165443
0.117651 -0.033399 0.045292
0.004792 0.059977 0.177709
0.064034 0.083757 0.101824
0.009796 -0.065117 0.169388
-0.031293 0.080418 0.11327
0.067111 0.079618 0.110161
0.121616 0.028587 0.053142
-0.037817 -0.076623 0.125809
0.054775 0.079707 0.074703
0.115292 0.050238 0.112405
0.112922 -0.028218 0.051637
-0.021399 0.037644 0.181016
-0.023129 -0.006736 0.188134
0.054553 0.081167 0.130699
0.111013 0.030323 0.030189
0.087624 -0.021058 0.173696
-0.078569 0.043588 0.097703
0.120468 0.032724 0.053358
0.000659 -0.052937 0.179918
0.096785 -0.051408 0.032861
0.11325 0.03851 0.139434
-0.053204 -0.061964 0.063029
-0.047686 -0.071906 0.099867
0.074117 0.074597 0.062131
-0.04364 0.073912 0.107721
0.038479 -0.056728 0.174384
0.054823 -0.080736 0.080566
0.103916 -0.05298 0.068415
0.00495 -0.057601 0.177529
0.010151 0.053379 0.180397
-0.01069 -0.043992 0.18199
0.037779 0.087946 0.060504
0.121367 0.000114 0.142635
0.032749 -0.051456 0.179598
-0.018445 -0.089173 0.12521
-0.06097 -0.065804 0.100121
0.059251 0.079692 0.10158
-0.08072 0.038165 0.098175
0.016347 -0.066393 0.168645
0.103279 0.054719 0.045617
0.05317 0.08593 0.110335
0.05491 0.078735 0.068805
-0.002121 0.096328 0.104181
-0.081881 -0.034839 0.10036
-0.080815 0.038352 0.101735
0.091273 0.063403 0.134487
0.09191 -0.067658 0.09052
-0.043359 -0.075903 0.111815
0.024826 0.073711 0.158875
0.038927 0.086106 0.060055
0.095831 0.062954 0.058923
0.102708 -0.059849 0.056694
0.066538 -0.074058 0.060583
0.114257 -0.034804 0.037651
-0.00409 -0.032631 0.187959
-0.008242 -0.065503 0.167051
-0.024081 -0.013912 0.185552
-0.003006 0.080939 0.140655
0.094132 0.071453 0.095229
0.032436 0.082587 0.147414
0.020018 -0.096328 0.098199
0.11059 -0.051456 0.086084
-0.056379 0.068754 0.111291
0.05244 0.085964 0.115956
0.074247 -0.070512 0.0489
0.114384 -0.044245 0.056991
0.035605 0.078195 0.148335
0.06762 0.070997 0.050988
-0.003113 0.052431 0.179405
0.037091 -0.090963 0.118926
0.044647 0.051681 0.177046
-0.034376 0.072836 0.070419
0.049871 0.080954 0.135979
-0.081109 -0.030925 0.102195
0.066117 -0.071196 0.063684
0.125326 -0.016685 0.082069
0.045079 0.077213 0.153992
-0.007963 0.02631 0.188688
0.032788 -0.078252 0.150307
0.119669 -0.029273 0.053731
0.086533 -0.066639 0.072675
0.063859 -0.078813 0.078278
-0.034043 0.076391 0.12436
-0.081583 0.028723 0.109875
0.069159 0.070261 0.146481
0.016009 0.081821 0.144206
-0.085482 -0.01592 0.107633
0.010684 -0.068355 0.17091
0.069986 -0.0731 0.067131
0.118206 0.000113 0.059364
0.062304 0.084076 0.119957
-0.028245 0.03426 0.17932
0.033227 0.086106 0.10172
0.06487 -0.075877 0.08575
-0.028342 0.080569 0.122496
0.003901 -0.089173 0.137747
0.005181 0.071539 0.166236
0.012282 0.075062 0.159183
-0.06407 0.060016 0.112508
0.086493 -0.063196 0.14662
0.123258 0.0 0.052834
0.0977 0.069819 0.102487
0.069175 0.077009 0.095918
0.091362 0.067505 0.090651
0.026479 0.087946 0.124532
0.033434 -0.079665 0.146479
0.003153 -0.05417 0.179601
0.099274 -0.058673 0.053226
-0.030283 -0.079122 0.103836
-0.002972 -0.009549 0.193201
0.081444 -0.072298 0.118237
-0.017297 0.07785 0.146271
-0.023232 -0.077767 0.135257
0.072497 -0.072029 0.065425
-0.043912 0.075827 0.106827
0.072143 -0.070974 0.061177
0.085793 -0.070958 0.118749
0.059394 0.080267 0.072303
-0.064896 0.062444 0.098182
0.03718 0.087946 0.059753
-0.084153 -0.019686 0.092673
-0.073889 0.049967 0.116905
0.110972 0.047438 0.053645
0.098926 -0.062777 0.120298
0.071945 0.016647 0.184608
0.032412 0.041611 0.188169
0.115099 -0.040375 0.052867
0.007729 -0.086106 0.130888
-0.048891 0.06969 0.130794
0.071702 0.071704 0.065864
-0.083802 -0.005792 0.116952
0.075552 -0.072151 0.061796
0.118917 -0.021856 0.052152
0.119216 0.021022 0.040417
0.112397 0.024147 0.047748
0.018463 -0.06695 0.167275
0.121206 -0.003719 0.055713
0.079686 -0.07352 0.105918
-0.082887 -0.028183 0.116948
0.049606 0.076786 0.142075
-0.042661 -0.075571 0.091931
-0.048612 -0.07221 0.121161
-0.020493 0.053412 0.175056
0.072189 0.074273 0.082489
0.10799 -0.025567 0.154527
-0.076901 0.043118 0.101127
-0.0251 0.091014 0.109389
-0.056318 0.066387 0.112937
-0.005771 0.030038 0.189901
0.007694 -0.053828 0.178632
-0.07448 -0.04735 0.108466
0.10995 0.059773 0.095168
0.069343 0.075639 0.069016
-0.026992 0.071067 0.149207
0.064087 0.084029 0.108966
0.081582 0.000115 0.181126
0.087368 -0.066056 0.133297
0.06454 -0.077983 0.106778
0.016862 0.086106 0.127115
-0.006812 -0.012952 0.191112
0.10433 -0.05844 0.056389
0.060341 0.079433 0.130282
0.063449 -0.082199 0.115656
0.004157 0.073229 0.160591
0.029047 -0.084488 0.137716
-0.003828 -0.008783 0.191532
0.002088 -0.087946 0.128515
0.012775 0.081577 0.14987
-0.02816 0.080762 0.122292
0.115363 -0.015988 0.047538
-0.012899 -0.044695 0.182757
0.00814 -0.054687 0.178116
0.120596 0.0 0.040941
0.031216 0.074138 0.045182
0.030502 0.087946 0.124378
-0.081444 -0.035425 0.096506
-0.043912 -0.075827 0.106827
0.108496 -0.052536 0.12143
0.109445 0.042908 0.036855
0.084282 0.060455 0.148685
0.084339 0.068278 0.058649
0.014278 0.096328 0.09671
0.073126 0.069651 0.142822
0.063442 -0.07955 0.124977
0.098211 -0.058502 0.070927
0.09479 0.06862 0.117344
0.052505 -0.084058 0.104513
0.030701 0.080081 0.14646
0.079397 0.07402 0.11799
0.10987 0.051682 0.082848
0.076145 -0.073907 0.061684
0.116092 0.006437 0.033612
0.052116 -0.080431 0.133277
-0.002944 0.098116 0.103835
0.115738 0.012499 0.033396
0.005604 0.081861 0.141751
0.039246 0.055359 0.176163
0.108994 -0.021132 0.157532
0.01408 0.071784 0.164431
0.074815 -0.070018 0.060442
0.067009 -0.074899 0.06397
0.071472 0.075547 0.063065
0.034399 0.085676 0.136661
0.007942 0.075 0.049554
0.05894 0.083203 0.122976
0.103052 -0.057134 0.05663
0.051199 0.084752 0.114512
0.048558 -0.086117 0.123943
-0.048676 0.069701 0.131164
-0.084288 0.004578 0.108892
0.007467 -0.096328 0.12119
0.050601 -0.066453 0.161895
0.119912 0.040746 0.082267
-0.009923 0.072097 0.157664
-0.013289 -0.057756 0.17473
0.114983 0.000115 0.14991
0.047731 -0.082118 0.137289
0.097349 -0.062286 0.133522
0.092394 -0.063166 0.073528
-0.078502 0.042852 0.092646
0.064039 -0.079745 0.083614
0.085715 0.047585 0.164059
0.07589 -0.071369 0.142059
-0.04599 -0.072517 0.113436
0.005709 -0.049692 0.180921
-0.006125 0.031779 0.187747
0.114675 0.003256 0.029588
0.033569 -0.064888 0.173111
-0.086005 0.0 0.113797
0.110261 -0.048521 0.053774
-0.068537 -0.057133 0.11688
0.11243 0.038913 0.038109
0.010021 0.064814 0.172083
0.119214 -0.000893 0.042462
0.111661 -0.051459 0.114834
0.033681 0.090997 0.057181
-0.007382 -0.018486 0.191782
0.00266 -0.079084 0.148628
0.100213 0.061831 0.057174
0.111433 0.046797 0.053559
0.03921 -0.090931 0.130386
-0.056426 -0.067694 0.118802
-0.041624 0.073142 0.085514
-0.063476 -0.06376 0.1001
0.062143 -0.081471 0.09317
-0.079973 -0.033211 0.114363
0.02187 -0.075243 0.048435
-0.034605 0.075884 0.086891
-0.035932 -0.013298 0.182013
0.08381 0.076523 0.114821
-0.002235 0.065322 0.171526
-0.022701 -0.02616 0.185705
0.071285 -0.067369 0.156737
0.022905 -0.087946 0.128416
0.125979 -0.017643 0.120128
0.083107 0.063748 0.038894
-0.084285 -0.0249 0.108406
-0.030845 0.078596 0.113589
0.031207 0.079494 0.148033
0.117163 0.01604 0.032791
0.002817 -0.074599 0.158019
0.091988 0.057338 0.033764
0.089888 0.068165 0.059102
0.068851 0.076568 0.064575
-0.013739 -0.087946 0.068541
0.053136 -0.085904 0.108429
0.119579 -0.015961 0.04547
0.06813 -0.076328 0.127419
0.077751 -0.06041 0.15834
-0.019198 -0.026324 0.186946
0.090004 -0.006561 0.174164
0.053036 0.083791 0.120665
-0.083969 -0.011138 0.111377
-0.077168 -0.046713 0.102615
0.012211 -0.087946 0.090192
-0.005979 -0.09061 0.12529
-0.050414 -0.070506 0.10057
0.064012 0.075287 0.061928
0.081742 0.070502 0.13158
-0.044433 -0.071043 0.070971
0.1259 -0.024618 0.107724
-0.08609 0.001938 0.112247
0.116754 0.0193 0.038054
0.112377 -0.026493 0.151405
0.093418 -0.066079 0.090162
-0.041869 -0.076259 0.095719
-0.004354 0.022263 0.190361
0.071411 0.05168 0.167152
0.004184 0.046896 0.182209
-0.082887 0.028183 0.116948
-0.075569 -0.049503 0.103804
-0.037699 0.075673 0.119281
-0.001443 0.098162 0.101875
-0.040313 0.075149 0.099294
0.046996 -0.090708 0.121636
0.090357 -0.056161 0.034066
-0.061436 -0.065279 0.096415
0.0281 0.080478 0.148459
0.092633 0.062559 0.061081
0.097271 0.063802 0.089247
-0.050052 0.070347 0.094637
0.071633 0.039676 0.176715
0.013411 0.069145 0.167766
-0.063153 0.061105 0.110816
0.075813 -0.07003 0.054923
0.082756 -0.051463 0.160797
0.11438 -0.025457 0.048771
-0.054083 0.066722 0.084331
0.062592 -0.068481 0.152756
-0.016986 -0.055002 0.175391
0.104321 0.058263 0.120936
0.006195 0.062256 0.176056
-0.054806 -0.067931 0.081491
0.054266 0.084063 0.089128
0.117801 -0.009861 0.038781
0.023713 0.087946 0.092491
0.122331 0.001176 0.053008
-0.038993 0.077852 0.107147
0.026377 -0.0807 0.152801
-0.035377 0.071157 0.065204
0.039035 0.089173 0.058557
0.009972 -0.06752 0.171738
0.056656 0.073685 0.147873
0.02425 0.098099 0.099858
0.116137 -0.009655 0.048345
0.058443 0.076565 0.069745
0.046715 -0.076695 0.14983
-0.083354 0.029133 0.110087
-0.016205 -0.069153 0.15918
0.075081 0.054184 0.163061
0.083541 0.072107 0.100325
0.026677 0.091 0.128128
0.011347 0.097986 0.095787
0.010248 -0.090903 0.131061
0.123788 0.013427 0.052734
0.087635 0.06674 0.058029
0.112573 0.035944 0.039996
0.003197 0.057907 0.176987
-0.049024 -0.070673 0.092398
0.101205 -0.058167 0.055481
-0.081791 -0.028086 0.103566
-0.08605 -0.004449 0.106033
-0.025567 0.071775 0.057191
0.085829 -0.070119 0.059865
-0.080466 -0.03269 0.098702
0.027443 0.097906 0.115281
0.05265 0.07842 0.138816
0.016651 -0.098099 0.096334
0.004563 -0.098099 0.097423
-0.038769 -0.073249 0.129948
0.031799 0.061996 0.17099
-0.073529 0.050507 0.116904
0.004335 0.083328 0.142442
0.049256 0.083245 0.13044
0.095991 -0.059781 0.056459
-0.030722 -0.078787 0.105329
0.103782 -0.059415 0.09468
0.064002 0.083442 0.097514
0.112412 -0.031717 0.029926
0.121114 -0.018876 0.051739
0.01707 -0.087946 0.129839
-0.037135 -0.078439 0.102074
0.122921 -0.007082 0.055391
-0.028996 0.034854 0.180567
0.111202 -0.055885 0.099787
0.08167 -0.048349 0.166104
0.09638 -0.064201 0.089462
0.05856 -0.072727 0.050047
0.086079 0.071137 0.105555
0.120465 0.038343 0.089344
0.076401 0.072567 0.12994
0.024029 0.070049 0.161922
0.005802 -0.090774 0.130383
-0.050592 0.070823 0.122436
0.038625 -0.083774 0.13419
0.05583 -0.08246 0.128757
-0.009918 -0.082429 0.138294
0.064879 0.061616 0.164792
0.113801 0.022064 0.031191
0.061935 -0.057283 0.167038
0.088601 0.058614 0.151259
0.033563 -0.076552 0.149616
0.081642 -0.068619 0.063148
0.086588 0.070799 0.118843
-0.034867 0.073273 0.073375
0.064888 0.069496 0.038856
0.064714 0.08149 0.122055
0.104523 -0.033024 0.155598
-0.056079 -0.067905 0.119009
-0.002281 -0.056541 0.052812
-0.079125 -0.035536 0.092649
0.103319 -0.060483 0.093754
0.012452 0.09815 0.122428
0.113194 -0.048151 0.054725
-0.035156 -0.021484 0.181114
0.100024 0.063185 0.092918
0.01659 -0.074292 0.164097
-0.060366 -0.063406 0.092002
0.084255 -0.070794 0.060161
-0.001402 0.07114 0.16516
-0.018605 -0.025905 0.185604
0.066205 0.081521 0.117218
0.077717 -0.074456 0.117791
0.006378 0.059982 0.175873
0.086079 -0.07091 0.105555
-0.002907 -0.097907 0.10338
0.102255 -0.054182 0.06916
0.077865 0.039246 0.175622
-0.049676 0.067441 0.129396
0.031566 -0.08246 0.147899
0.060483 -0.076536 0.136164
0.092262 -0.066914 0.05866
-0.033899 -0.076977 0.08042
0.090104 -0.060974 0.054679
0.064757 0.078398 0.087961
0.080924 0.060361 0.152947
0.093043 -0.057862 0.05204
0.016913 0.075413 0.049365
0.040588 0.076347 0.14888
-0.004155 0.030609 0.188541
0.127854 0.000116 0.125249
0.09192 0.066361 0.081711
-0.031225 0.078587 0.107649
0.002015 -0.091014 0.137933
0.036935 0.062124 0.170825
-0.010321 0.070535 0.159888
0.032131 0.078491 0.14542
-0.01825 -0.042903 0.181776
0.099339 -0.062806 0.088756
0.022101 -0.020813 0.192688
0.076359 -0.06851 0.058035
-0.048633 0.069704 0.131237
0.06784 -0.077807 0.10659
0.108629 0.056298 0.104289
-0.004535 0.000124 0.192166
-0.076749 -0.046834 0.109928
0.098897 0.059134 0.059904
0.062097 0.078764 0.087013
-0.032921 0.078583 0.088481
0.031797 -0.081332 0.147484
-0.064961 0.062262 0.107362
0.118373 -0.011903 0.035307
-0.05453 0.067404 0.114748
0.099942 -0.053392 0.042074
-0.083989 0.010685 0.11142
0.066204 0.079 0.117223
0.050222 0.090868 0.109838
-0.026025 0.090708 0.055935
0.049198 -0.086273 0.122666
-0.006394 0.082607 0.13977
0.002125 0.053041 0.178225
0.089399 0.065542 0.133917
0.055265 -0.080635 0.1395
0.098597 -0.058008 0.062057
-0.031487 0.0 0.183122
0.039101 0.089173 0.129318
0.035157 0.081944 0.145614
0.064034 0.083761 0.101786
-0.081134 0.029722 0.11269
-0.025272 0.0 0.18584
-0.076193 -0.048242 0.097196
-0.015919 -0.080418 0.133835
0.069961 0.075088 0.083483
-0.041939 -0.076658 0.108245
0.060341 0.0788 0.130282
0.06934 0.075333 0.067746
0.10238 0.061262 0.104627
0.018145 0.087946 0.090762
0.072003 -0.078448 0.085379
-0.015501 0.089173 0.114619
-0.009923 -0.072097 0.157664
0.010933 0.063576 0.174683
0.075428 -0.077197 0.098361
0.120436 0.032852 0.053363
0.017277 0.067372 0.167572
-0.006374 -0.082732 0.139693
0.119604 -0.043014 0.111052
0.090929 0.064392 0.134386
0.028998 -0.097907 0.111634
0.11998 -0.003837 0.03916
0.009113 -0.074937 0.158873
0.080021 0.067845 0.046572
0.067925 -0.070472 0.062762
0.064317 0.070792 0.059995
-0.039246 0.075751 0.109327
0.103377 -0.058932 0.120824
0.038387 -0.040947 0.185944
0.05262 -0.073696 0.149948
0.092097 -0.066797 0.119491
0.037994 -0.09061 0.11652
-0.00818 -0.008943 0.192676
0.081751 0.063839 0.147365
-0.041414 0.072702 0.082391
-0.00451 0.009013 0.191895
0.026058 0.090708 0.137466
-0.037081 -0.077335 0.089204
0.044184 -0.081941 0.139872
0.073968 0.052965 0.167687
0.051023 -0.081779 0.136623
0.023226 0.072151 0.162979
-0.060434 -0.066231 0.103859
0.075328 0.075303 0.106156
0.053778 -0.078131 0.135895
0.103792 0.060074 0.104548
-0.01077 0.0 0.190669
-0.013064 -0.078654 0.141654
0.046154 -0.084309 0.126339
-0.003753 -0.080508 0.147408
0.080717 -0.070263 0.060861
-0.085996 0.0 0.103899
0.032843 -0.079773 0.149752
-0.025905 0.0 0.185576
0.082577 -0.069099 0.131835
0.107094 -0.057611 0.104361
0.063851 -0.079598 0.072887
0.029959 0.074696 0.154726
-0.044647 -0.069944 0.137234
0.112305 -0.012041 0.155464
0.067825 -0.077014 0.065418
0.084259 -0.064478 0.141563
0.050453 0.030071 0.189005
0.063893 -0.079677 0.083061
0.105096 -0.051458 0.067886
0.066947 -0.076741 0.084333
0.065611 0.065993 0.155256
0.015686 0.065746 0.16927
-0.007851 0.087946 0.099116
0.035742 0.087946 0.105536
0.039945 -0.091001 0.110904
0.127981 0.000115 0.108008
0.047473 0.081602 0.139521
0.036453 0.090719 0.119432
0.048018 0.090708 0.119632
0.059966 -0.073121 0.046039
0.039768 -0.053286 0.177362
0.056564 0.056935 0.169637
0.073668 0.076249 0.100986
-0.000301 0.098021 0.11805
0.059324 0.082557 0.122662
0.088199 0.063134 0.04292
0.111986 -0.048661 0.052509
0.110363 0.041016 0.036159
-0.071042 -0.052641 0.09465
-0.002281 -0.056541 0.061952
0.097611 0.056695 0.062515
0.052431 -0.084237 0.109044
-0.048881 -0.067465 0.130811
0.001989 -0.039444 0.185214
0.074539 0.070601 0.064495
0.021533 -0.075335 0.155828
0.050995 0.082879 0.134892
0.119763 0.014368 0.051992
-0.010602 -0.09061 0.065629
-0.073034 0.049974 0.105945
-0.016313 0.089173 0.109347
-0.006949 0.053245 0.179835
0.062249 0.082537 0.110134
0.012446 0.096328 0.121807
0.111822 -0.038997 0.036788
0.114211 0.014975 0.029754
-0.017973 -0.078714 0.137313
0.003954 -0.082635 0.140818
0.094022 0.065948 0.090023
0.115379 -0.046084 0.130486
0.065074 0.024443 0.184313
0.094995 0.065177 0.11983
-0.037214 -0.076501 0.110655
-0.035772 0.0 0.181826
-0.00625 0.0 0.191794
0.069423 0.077441 0.13817
-0.003757 -0.098036 0.113058
-0.065176 0.059222 0.092582
0.059187 0.08401 0.126789
-0.004331 0.072607 0.162259
-0.022581 0.0 0.186891
0.122331 -0.001176 0.053008
-0.07342 -0.049454 0.098728
0.040476 -0.089173 0.060907
0.050633 -0.066779 0.161938
0.013885 -0.022894 0.193606
0.057879 -0.081077 0.125349
-0.003179 0.018723 0.190669
0.041376 -0.089173 0.1272
0.073114 -0.071788 0.065136
-0.05088 0.067358 0.077861
-0.075512 -0.043444 0.116915
0.089917 0.064559 0.144796
-0.042366 0.071873 0.070786
0.114662 0.003983 0.029583
0.021069 -0.075652 0.158926
-0.060434 0.06623 0.103859
0.086644 0.068448 0.062206
0.058732 -0.083988 0.1275
0.11494 -0.016945 0.032202
-0.010262 0.086106 0.106405
0.073451 -0.069906 0.142993
0.119982 0.025929 0.051952
0.122867 -0.008709 0.0554
-0.004563 0.097906 0.108932
-0.07329 -0.047474 0.116899
-0.032836 -0.07703 0.091228
0.028222 0.090858 0.127027
-0.041946 -0.07385 0.091752
-0.034021 -0.029497 0.179804
0.111204 -0.053104 0.104127
0.083203 -0.061307 0.14813
0.120585 0.004436 0.046964
0.025833 -0.076837 0.156767
0.066184 0.078323 0.116428
0.119574 -0.02937 0.053526
0.000993 0.087946 0.125933
0.094897 -0.060064 0.135548
0.037159 -0.061348 0.171364
0.063522 -0.072406 0.065865
0.121985 -0.007824 0.045621
0.047882 -0.08435 0.123883
0.120398 -0.006491 0.046462
0.052166 -0.083827 0.095661
0.040881 0.090708 0.1292
-0.014484 -0.056475 0.173129
0.093567 -0.061173 0.135185
0.119549 0.019306 0.046614
0.090336 0.058364 0.034074
0.028581 0.097906 0.113032
-0.047377 -0.071642 0.093835
0.081802 0.000114 0.180991
0.016278 0.068485 0.167568
0.099943 0.053392 0.042074
0.058958 0.080543 0.079914
0.057573 0.063107 0.163082
0.024164 0.077108 0.154264
0.063621 0.08022 0.117012
-0.033512 0.077447 0.082218
0.10824 -0.058143 0.091373
-0.010843 -0.091014 0.12146
0.016713 -0.097991 0.096223
-0.029369 -0.069947 0.14932
-0.066941 -0.057876 0.103831
0.018797 -0.068155 0.165819
-0.041086 -0.070046 0.069435
0.118991 -0.042077 0.11804
0.027802 0.04998 0.182789
-0.03072 0.079982 0.121058
-0.031302 -0.078507 0.104397
-0.021337 0.07202 0.151552
0.046809 -0.080642 0.143182
0.108587 -0.054152 0.05559
0.118891 -0.011229 0.036656
0.063886 -0.082185 0.112778
0.077041 -0.077735 0.124823
0.000932 -0.063364 0.174132
0.048858 -0.090708 0.117576
-0.013153 0.087946 0.067786
-0.035601 0.076878 0.099243
0.120988 -0.03096 0.05326
0.011336 0.097921 0.122701
-0.031802 -0.080134 0.115018
-0.015497 0.086106 0.070273
0.015362 -0.075238 0.162586
0.063824 -0.077875 0.073685
-0.083644 -0.027881 0.102266
0.014196 -0.068393 0.168736
0.122416 -0.024847 0.052991
0.045883 0.059164 0.171124
0.057122 -0.082909 0.126657
0.072373 -0.07059 0.142426
0.043014 0.073089 0.044461
0.014242 0.068314 0.170284
0.122122 0.0 0.055541
0.111782 -0.052371 0.104094
0.00892 0.098099 0.122252
0.037438 0.079669 0.143636
0.101875 -0.059523 0.120635
0.118966 -0.031533 0.053637
0.061353 -0.08258 0.116917
0.060006 -0.079948 0.089779
-0.019997 0.081484 0.132132
0.061109 -0.076322 0.064365
0.089545 -0.066257 0.059167
-0.050275 -0.072583 0.098575
0.078502 -0.077678 0.093613
0.115371 0.020282 0.029377
0.073804 0.074981 0.094819
0.083122 -0.069473 0.13199
-0.028953 0.0 0.184282
-0.076585 0.047157 0.094255
0.085506 -0.058994 0.034978
0.120748 -0.015125 0.055802
0.090252 0.067944 0.137625
0.114451 -0.031759 0.040284
-0.045681 -0.072571 0.095246
0.000334 0.037279 0.187369
0.117185 0.012748 0.032194
0.066925 -0.076171 0.080921
-0.07829 -0.041877 0.116923
-0.048875 0.070942 0.11404
0.034848 0.090774 0.057599
-0.085897 0.0 0.11517
-0.053104 0.068977 0.101114
0.083802 -0.066524 0.058747
0.118017 0.034474 0.053818
0.081886 0.072389 0.118277
0.035179 -0.065247 0.166779
0.074818 0.063993 0.036989
-0.025292 -0.090931 0.111539
-0.05524 -0.069415 0.093862
0.108801 -0.041988 0.050152
0.020956 0.083948 0.14017
-0.057321 0.068009 0.093254
-0.078581 0.039062 0.100656
0.051514 0.081806 0.136221
0.090082 0.053392 0.151751
-0.006576 -0.029469 0.188267
0.041126 -0.090809 0.128891
0.060615 0.080698 0.119329
-0.010923 -0.047622 0.181924
-0.041624 -0.073142 0.085514
0.064407 0.060872 0.163257
0.057777 -0.08295 0.125609
-0.006391 0.076814 0.154529
-0.001435 0.067899 0.166421
-0.037231 0.074753 0.085255
-0.030316 -0.076437 0.138246
-0.013488 -0.086106 0.116854
0.069569 0.076784 0.116824
0.05335 -0.085272 0.096075
0.107907 0.038806 0.048843
-0.050241 0.069638 0.128143
0.014798 -0.090986 0.131172
-0.01941 -0.030906 0.052812
0.053483 0.078465 0.138066
-0.054205 -0.067343 0.088987
0.015145 0.086106 0.091087
0.063375 0.072322 0.145021
0.058161 -0.081262 0.133058
0.06948 -0.076316 0.064176
0.049149 0.068802 0.160004
0.091751 0.063835 0.073811
0.076016 -0.070724 0.064205
0.039513 -0.053269 0.176774
0.114444 0.01031 0.02961
0.014951 -0.097994 0.095928
0.123487 0.017118 0.05279
0.050252 0.090708 0.111193
0.094144 0.054244 0.034792
-0.00863 -0.086106 0.101919
-0.006006 0.078099 0.152095
0.064352 -0.079585 0.122939
0.044737 0.000113 0.193663
0.08698 0.06753 0.059648
0.033905 0.079779 0.14955
-0.02817 -0.015621 0.185316
0.028775 0.087946 0.122998
0.114998 0.027832 0.038226
0.101098 0.047112 0.032052
0.099223 -0.060269 0.057349
0.070905 -0.072685 0.066388
-0.02771 -0.079386 0.120445
0.062036 0.082195 0.12075
-0.001013 -0.047619 0.184408
0.061349 0.073628 0.070354
0.011826 0.069672 0.169601
0.038527 -0.09061 0.05999
0.034465 0.085537 0.136731
-0.075501 0.048872 0.092633
0.123964 -0.009913 0.052701
0.117271 -0.040158 0.05276
0.051229 0.060395 0.168304
0.077982 -0.074772 0.106014
0.063889 -0.081436 0.082321
0.032207 -0.023182 0.191841
0.028178 0.086106 0.096018
0.039251 0.09061 0.112662
0.037738 0.091014 0.058442
0.071121 0.060631 0.159805
-0.038284 -0.067991 0.05824
0.109222 -0.05602 0.076626
-0.053195 0.063556 0.061039
0.015647 -0.071345 0.165183
0.104794 -0.043434 0.148176
0.118869 0.028056 0.043881
0.013015 0.068619 0.16566
0.064715 0.077114 0.063236
0.119843 0.02833 0.053475
-0.015086 -0.072536 0.157954
-0.046712 -0.072968 0.085577
0.070521 0.007046 0.184395
-0.025953 0.049033 0.175412
0.005383 0.052586 0.182077
0.098129 0.052695 0.032609
0.031246 0.036751 0.188427
0.107039 0.052109 0.047761
0.097308 0.061639 0.057708
-0.083898 0.0 0.116952
-0.083972 0.006841 0.114869
0.093056 -0.065239 0.13402
-0.027097 0.078875 0.123605
0.117044 0.037312 0.132816
0.006197 0.098034 0.121713
-0.034005 0.07459 0.132761
-0.057869 -0.064449 0.118053
0.031995 -0.081627 0.146567
0.058174 -0.076778 0.134949
-0.015001 -0.086106 0.111894
-0.007115 -0.026336 0.188889
0.111928 0.042734 0.047868
0.067107 -0.079551 0.105843
0.034712 0.079879 0.14915
-0.047992 -0.070936 0.090119
0.085092 -0.070628 0.118663
-0.03373 0.076954 0.079039
0.082291 -0.037548 0.171879
0.11998 0.010605 0.051952
0.000852 0.058715 0.17585
0.055214 0.06025 0.167884
0.030457 -0.090988 0.125858
-0.040997 -0.076871 0.09952
0.060874 0.032465 0.185354
-0.044689 -0.075162 0.096831
0.0904 0.068034 0.11929
0.064158 -0.079579 0.123414
-0.032297 0.07699 0.089643
0.12044 -0.024312 0.073624
-0.008687 0.0 0.192734
0.095877 0.065252 0.119938
0.007139 -0.097987 0.121996
-0.057129 -0.068504 0.107502
-0.063794 -0.062057 0.116857
0.058878 -0.075523 0.053523
0.059265 -0.077 0.135523
-0.079462 -0.041681 0.099286
0.064008 0.08164 0.098366
0.026505 0.098066 0.102041
0.070462 0.072881 0.066732
0.123101 0.035144 0.122982
0.05355 -0.08505 0.095898
0.012329 -0.070206 0.168991
-0.002457 0.059681 0.174322
0.005275 0.061306 0.174591
0.04317 -0.074242 0.152247
0.036581 0.08152 0.144018
0.035249 0.09061 0.120992
0.040804 0.091014 0.128645
-0.043374 -0.074811 0.088165
0.113657 0.041752 0.057129
-0.016967 0.080793 0.132702
0.034316 0.07696 0.14902
0.008942 -0.073474 0.161224
0.086759 -0.058298 0.150002
0.054263 -0.085756 0.111436
-0.03366 0.077594 0.100417
-0.031037 0.078589 0.112207
0.057855 -0.077896 0.085844
0.109217 -0.055508 0.104213
-0.021806 0.041219 0.181186
0.098778 -0.05922 0.059927
0.094677 -0.064463 0.081546
0.115059 0.022176 0.029425
0.070808 -0.076381 0.106421
0.082886 -0.068932 0.13192
0.062764 0.077639 0.12579
-0.015346 -0.016554 0.188336
0.102349 -0.051978 0.051702
0.066995 -0.081517 0.112292
-0.013331 -0.026121 0.187246
0.071188 0.062923 0.156976
0.106823 0.060566 0.098971
0.071257 0.071714 0.050008
0.061708 0.081377 0.110146
0.097061 0.056538 0.140545
-0.035481 -0.07506 0.073488
0.121716 0.018906 0.053907
-0.083653 0.009447 0.116951
0.064832 0.071985 0.064587
0.097572 0.058395 0.13639
0.057888 -0.054894 0.171355
0.030067 -0.080756 0.149261
0.108749 0.011343 0.15979
0.012652 0.084252 0.142464
0.083397 -0.069156 0.060322
0.081846 0.073008 0.118284
0.11587 -0.04043 0.131828
0.119789 -0.042164 0.084328
0.064327 -0.078594 0.104274
0.095493 -0.063677 0.060539
0.121821 0.015789 0.053103
-0.014429 0.078255 0.147212
-0.011993 0.086106 0.065759
0.067346 0.079549 0.112193
0.10224 -0.044147 0.150815
-0.030169 -0.080427 0.118364
0.12075 0.021637 0.051808
0.050143 -0.083559 0.127324
-0.04366 -0.072981 0.090461
-0.035283 -0.078665 0.118555
0.083107 -0.063748 0.038894
-0.041069 -0.072529 0.128463
0.091915 0.068244 0.105223
0.014154 -0.072082 0.166906
-0.060498 0.06331 0.092054
0.092661 -0.063704 0.130501
0.060716 -0.081348 0.129727
0.050034 0.084455 0.133626
0.099339 0.063032 0.088756
0.107186 0.051344 0.058347
0.034835 -0.090739 0.05762
-0.004982 -0.069069 0.166672
0.062056 0.08039 0.075042
0.067333 0.072231 0.148438
0.06275 -0.081577 0.081894
-0.00445 -0.082255 0.141899
0.066879 0.077652 0.106645
0.109718 0.052817 0.055377
0.032708 0.086106 0.117561
-0.035789 -0.069936 0.059266
0.030811 0.087946 0.121247
0.030912 0.076407 0.151849
-0.08523 -0.014385 0.099611
0.105645 -0.051461 0.069452
0.000785 -0.074569 0.16088
0.110282 -0.045247 0.053775
0.100041 -0.061098 0.12043
-0.03072 -0.079982 0.121058
0.036418 0.072639 0.163971
-0.022785 -0.062225 0.16684
0.077738 -0.073805 0.117794
-0.045774 0.065125 0.059647
0.0692 0.077078 0.10651
0.026567 0.074776 0.156852
-0.015457 -0.031171 0.186949
0.117271 0.040158 0.05276
0.061267 0.083138 0.103794
0.085834 -0.058511 0.149515
0.098008 -0.064329 0.104879
-0.006581 -0.052226 0.178649
-0.0683 0.058798 0.108595
0.112325 0.041824 0.053391
0.074656 -0.066075 0.03702
0.035997 0.080647 0.143567
0.069568 0.073295 0.067512
0.105747 0.054553 0.056123
0.116845 -0.037635 0.054175
0.04689 0.081582 0.139969
-0.033841 -0.07747 0.11571
-0.04019 -0.074685 0.093015
0.11821 -0.01148 0.04023
0.063444 0.082199 0.115664
0.023268 -0.096328 0.100111
0.058898 0.077359 0.135329
0.087239 0.070326 0.091629
0.081221 -0.072961 0.081532
0.038092 0.090708 0.13147
0.050629 0.071701 0.04303
0.113174 0.022676 0.049066
-0.083269 0.00563 0.092668
0.071674 0.074608 0.128508
0.069473 0.051922 0.172934
0.04317 0.074469 0.152247
0.116407 -0.037518 0.05262
0.060089 0.070939 0.045704
-0.012005 0.091014 0.131911
0.05643 -0.080017 0.069122
-0.002907 0.054944 0.177799
-0.011089 -0.087946 0.105758
0.034145 -0.090985 0.122845
-0.083623 -0.024783 0.11695
0.059852 0.082137 0.125564
-0.019166 0.090993 0.125585
0.113917 -0.041881 0.051838
0.065336 -0.075659 0.065529
0.013682 -0.071608 0.16745
0.118762 0.005977 0.035693
0.116227 0.004364 0.048321
-0.019547 -0.078504 0.142832
-0.032334 -0.079521 0.095025
-0.011448 0.045307 0.181097
-0.073391 0.047311 0.116896
0.061586 -0.082432 0.085805
0.114579 -0.006994 0.029544
0.068439 -0.074312 0.062967
0.128231 0.01065 0.09536
0.088753 0.06896 0.119096
0.075472 0.072985 0.129667
0.055367 -0.085477 0.117389
0.028871 -0.079868 0.149982
0.049964 0.090993 0.109033
0.026344 0.09815 0.102134
-0.040845 0.076984 0.112056
0.027756 0.077942 0.152267
0.028838 -0.066782 0.165649
0.063199 0.0822 0.116828
0.106701 -0.052152 0.059027
-0.016352 0.077284 0.143226
-0.04571 -0.074294 0.117575
-0.007871 -0.029424 0.187961
0.059252 -0.075544 0.067191
-0.007963 0.000378 0.189867
0.122283 -0.007044 0.053015
0.036026 0.085514 0.135992
0.012132 -0.069994 0.169239
0.067058 0.079195 0.099262
0.11784 -0.021862 0.062965
0.103637 0.060551 0.093934
0.016616 0.09815 0.096439
0.110476 0.047632 0.052709
-0.007029 0.080235 0.140675
-0.027289 -0.080908 0.123682
0.059719 0.076422 0.135762
0.109616 0.047886 0.045365
-0.020782 -0.062973 0.16452
0.111036 -0.037004 0.049518
0.046671 0.070723 0.156793
0.102589 0.0599 0.120731
-0.056318 -0.066387 0.112937
0.100456 -0.05702 0.142474
0.04398 0.091014 0.125217
0.066662 0.081523 0.114979
0.123648 0.015235 0.05276
0.121884 0.015106 0.053093
-0.003656 -0.03466 0.18746
0.110247 -0.052185 0.055278
0.127992 0.009625 0.123547
-0.074262 -0.047369 0.092938
0.06688 0.07455 0.072952
0.033472 -0.082532 0.141264
-0.037979 0.070113 0.058181
0.012495 -0.087946 0.12823
0.104544 0.059506 0.124725
-0.041231 -0.074967 0.10796
0.047734 -0.08023 0.137292
0.092633 -0.062559 0.061081
0.055325 -0.079792 0.076057
-0.015279 0.090986 0.109342
0.066177 -0.071784 0.059173
0.061258 -0.076551 0.065934
-0.084074 -0.001988 0.115101
0.110535 -0.04205 0.059616
0.011022 0.086106 0.127442
0.02227 -0.084934 0.14118
-0.033516 -0.074982 0.079487
0.119989 -0.036402 0.084679
0.087804 -0.070792 0.105457
0.127983 0.000113 0.109963
-0.007939 0.090834 0.134735
0.025079 0.098016 0.11799
-0.08245 -0.02204 0.115341
0.023206 0.090931 0.138066
0.083663 0.069039 0.060272
-0.042943 -0.076245 0.104432
-0.065141 0.059685 0.105076
-0.028375 0.042049 0.177939
-0.024251 0.042973 0.177514
0.119329 0.0 0.037157
0.056542 0.080602 0.12771
0.033141 -0.079652 0.149996
-0.030034 0.003337 0.185429
0.116052 0.010642 0.048365
0.089209 0.069427 0.119155
-0.000216 0.077343 0.155827
0.006126 -0.062614 0.173607
0.05271 -0.081334 0.130568
0.119068 0.011347 0.042846
0.050856 0.084369 0.117935
-0.043266 0.072268 0.084291
0.091859 0.062873 0.134667
-0.075686 0.048524 0.09263
0.03331 -0.080773 0.146988
-0.025628 -0.071802 0.057356
0.117975 0.000114 0.058848
0.106201 0.059567 0.077404
0.067846 0.066936 0.159788
0.070567 -0.075888 0.063529
0.077505 -0.064904 0.036484
-0.040639 0.073416 0.074446
-0.003513 -0.015167 0.191563
0.045196 -0.072542 0.154878
0.072412 -0.076311 0.117157
0.068063 -0.076909 0.065206
-0.031029 0.075341 0.140573
0.062258 -0.082537 0.110062
-0.058896 -0.067254 0.107121
0.119391 0.022859 0.041886
0.093919 0.064639 0.06084
0.124181 0.03132 0.111956
0.105925 0.052453 0.136401
0.039551 -0.081163 0.144318
-0.047758 -0.07343 0.115997
0.051832 -0.084137 0.11742
0.119801 -0.024427 0.044078
0.069844 0.069994 0.062134
-0.002043 0.097906 0.102119
-0.025925 -0.090831 0.055916
-0.059675 -0.066216 0.091747
0.096934 -0.0604 0.071526
0.121833 0.015652 0.053101
-0.031644 -0.080345 0.111518
-0.084232 -0.02448 0.102082
-0.031645 -0.078128 0.116943
-0.001438 0.048187 0.182335
0.050255 0.060287 0.174044
0.038003 0.090958 0.117264
0.06215 0.081563 0.094063
-0.034643 0.025468 0.180523
0.053327 -0.082408 0.088818
0.09693 0.054341 0.034128
0.06448 0.078851 0.070109
-0.000592 -0.072925 0.159798
0.06833 0.074357 0.06304
0.03295 0.076589 0.150189
0.075942 -0.070751 0.064223
0.048187 0.077386 0.140895
0.094191 -0.062538 0.072729
0.09536 0.064744 0.057032
0.067074 -0.079634 0.111138
0.076455 0.06745 0.04774
0.00371 -0.087946 0.126936
-0.03333 -0.077916 0.084846
-0.017973 0.078714 0.137313
0.075094 -0.071051 0.064425
0.04465 -0.072354 0.154169
0.027765 -0.096328 0.11194
0.107591 -0.051292 0.047278
-0.071169 0.052594 0.106898
0.094185 -0.065459 0.119738
0.077409 0.070247 0.057781
0.122188 0.037867 0.106679
0.048485 -0.069347 0.159149
0.02813 0.096328 0.108733
-0.068558 0.054475 0.115824
0.003985 -0.033596 0.188611
0.028077 0.096328 0.110345
0.064751 0.078413 0.077135
0.001797 0.098169 0.099175
-0.027207 -0.04534 0.174933
0.111784 -0.031195 0.146902
0.049274 -0.080793 0.141502
0.033478 0.000114 0.193704
-0.010929 -0.089173 0.064523
0.120045 -0.04654 0.102386
0.108032 -0.05206 0.055692
-0.014928 -0.030655 0.185611
-0.030406 -0.078948 0.100843
0.121842 0.007201 0.051449
-0.024664 0.081133 0.127386
-0.05213 -0.067891 0.121288
-0.081784 0.026378 0.113981
0.053709 0.085789 0.108389
-0.002276 0.080647 0.14773
0.10602 0.053724 0.062424
0.020074 0.075318 0.048771
0.051559 0.080404 0.133881
0.064087 -0.082156 0.109418
0.040287 -0.089173 0.114354
0.059856 -0.081144 0.120663
-0.08008 -0.038548 0.092653
0.019288 -0.098151 0.121215
-0.001461 -0.023311 0.189197
0.099017 0.052596 0.051009
0.084359 -0.065665 0.050756
0.033162 -0.076429 0.149991
-0.083214 -0.019771 0.106531
0.050157 0.086033 0.121417
-0.046562 -0.064791 0.059795
0.092458 0.067545 0.119536
0.091095 0.060602 0.146042
0.072434 -0.069879 0.142458
-0.017875 -0.080709 0.132004
0.012027 -0.061008 0.173631
0.059324 -0.082557 0.122661
-0.085404 0.01508 0.103411
0.094223 -0.051454 0.149246
-0.028441 -0.031349 0.180186
0.000953 -0.059878 0.174954
-0.00292 -0.040138 0.184051
0.085187 -0.067364 0.050719
0.113532 -0.042057 0.045232
-0.025624 0.079744 0.132154
0.067204 -0.057316 0.165149
0.029214 0.09061 0.126284
0.090082 -0.053165 0.151751
0.091496 0.065217 0.0588
-0.020679 -0.090931 0.123806
-0.082603 0.032103 0.100189
0.114054 -0.046851 0.054565
-0.058383 -0.067707 0.099978
0.010953 -0.046616 0.185888
0.066204 -0.079631 0.117223
0.101572 0.055181 0.069452
-0.004358 -0.097997 0.107525
0.087282 0.061485 0.043003
0.122239 -0.035809 0.085414
0.04145 0.085712 0.132373
-0.003876 0.07777 0.149297
0.108414 0.051683 0.080133
0.098698 -0.067802 0.089082
-0.04075 -0.068023 0.141744
0.065887 -0.077942 0.067459
0.007938 -0.074176 0.163101
0.102234 -0.059293 0.086089
0.073238 -0.056673 0.161541
-0.020436 0.079557 0.131157
0.051322 -0.08526 0.110308
0.104533 0.059407 0.104506
0.089191 -0.069679 0.095318
0.110483 0.038692 0.049726
0.09197 -0.071788 0.089977
0.032902 -0.09061 0.057521
0.117874 0.000117 0.052796
0.122006 0.013375 0.053068
-0.014716 0.03516 0.184301
-0.008602 0.06686 0.168006
-0.017797 0.040733 0.181118
-0.001964 0.098169 0.115627
0.004194 -0.049233 0.183699
0.108348 0.039221 0.050242
0.008562 0.097906 0.122356
0.031498 -0.05146 0.179126
0.006527 0.051485 0.179978
-0.035857 0.069822 0.059279
-0.02095 0.026241 0.186326
0.114148 0.015878 0.029778
-0.084044 -0.010728 0.108342
-0.013739 0.087946 0.068541
0.120293 0.028448 0.055154
0.012703 -0.097907 0.095729
0.067055 0.079164 0.098867
0.066461 -0.072178 0.060605
-0.006039 -0.090774 0.125343
-0.011585 -0.090774 0.065811
-0.036022 0.011143 0.182118
0.099033 0.059033 0.05988
0.112082 0.03422 0.036762
-0.01941 -0.030907 0.061952
-0.019281 -0.069971 0.156281
0.044039 0.067099 0.163036
0.101582 -0.057777 0.06163
0.08601 0.067997 0.059832
0.012211 0.087946 0.090192
0.058624 -0.053278 0.172311
0.066877 -0.074983 0.074936
0.099056 0.018189 0.16569
-0.047256 -0.067549 0.13353
-0.010169 -0.090835 0.133515
0.124963 0.01816 0.08094
-0.084109 -0.023229 0.115366
0.028568 -0.087946 0.095269
0.123789 -0.013344 0.052733
0.098806 -0.062867 0.120284
0.10436 -0.056942 0.058877
-0.083882 -0.002029 0.116953
0.009413 0.061742 0.173906
0.03106 0.082371 0.148217
0.058401 -0.078352 0.070268
-0.02094 -0.043261 0.17877
0.122327 0.0 0.053009
0.018932 -0.082719 0.147578
0.02076 0.074722 0.158796
0.102149 0.056482 0.059294
0.083888 0.074109 0.094093
0.106802 -0.057902 0.104377
-0.000691 0.044906 0.184038
0.036322 -0.090807 0.05806
0.06193 -0.078542 0.123451
0.026642 0.080826 0.152466
0.054562 -0.077456 0.149063
0.059093 -0.070848 0.041441
0.090673 -0.053289 0.152063
0.047884 0.069482 0.158367
0.122329 -0.004555 0.053008
0.014402 -0.057875 0.174746
-0.050091 -0.069644 0.12846
0.059162 -0.08484 0.116996
-0.042763 0.071345 0.078127
0.027818 -0.089173 0.13581
-0.010381 -0.087946 0.066376
0.085156 -0.06348 0.054397
0.030998 0.081097 0.146423
-0.015061 -0.07042 0.157925
0.089657 0.068459 0.119208
-0.082801 -0.022578 0.108879
0.101053 -0.061464 0.088349
-0.078649 -0.04229 0.113259
0.072749 0.075325 0.09507
-0.047938 0.069125 0.069923
0.042495 0.077827 0.145871
-0.071241 -0.055749 0.100564
0.069855 -0.075731 0.127951
0.089009 0.061723 0.14264
0.083276 -0.06994 0.062839
0.079454 0.073381 0.117995
0.052787 -0.086206 0.111746
0.109024 -0.045103 0.044636
0.060993 -0.081359 0.078978
0.051155 -0.080389 0.134245
0.063143 0.076879 0.068714
-0.00751 -0.077943 0.151722
0.062765 0.077155 0.06958
0.072282 -0.071877 0.148641
0.036103 -0.080958 0.145882
-0.001434 -0.067899 0.166421
0.115625 0.040227 0.054267
-0.003541 -0.039738 0.187327
0.047115 -0.070739 0.157368
0.110129 0.046338 0.059402
0.11059 0.051682 0.086084
0.06308 -0.074825 0.137543
0.067619 -0.076534 0.127283
-0.03123 -0.078585 0.10723
0.062311 -0.075672 0.071022
0.070099 0.054245 0.165932
0.059807 -0.082136 0.125653
0.038715 0.091014 0.116292
0.057702 -0.085013 0.103979
0.020542 -0.090828 0.138772
-0.081068 0.028033 0.116936
0.004651 0.050732 0.18305
0.074903 0.054312 0.162913
0.055791 -0.084528 0.094557
0.073751 -0.072861 0.07048
0.096077 0.059141 0.049064
0.096363 0.054617 0.038863
-0.032071 -0.033938 0.177554
-0.075848 -0.046751 0.116913
0.104853 -0.059771 0.104493
-0.019465 0.016705 0.18856
0.052944 -0.08615 0.109019
-0.045432 -0.067301 0.066317
-0.084281 0.0 0.106325
0.047155 -0.085342 0.123147
0.124176 0.037125 0.09927
-0.001981 0.097906 0.102048
-0.055369 -0.068646 0.087873
0.098806 0.063095 0.120284
0.126535 0.013768 0.098193
-0.069657 -0.057466 0.106433
0.115513 -0.018119 0.048511
-0.025296 0.028597 0.182366
-0.046264 -0.068989 0.066354
0.056949 -0.055931 0.170137
0.055183 0.082599 0.080773
0.054638 0.079164 0.137028
0.101034 -0.061025 0.086016
-0.000114 -0.08301 0.14168
0.100235 -0.060937 0.120453
0.01001 0.065338 0.169098
0.060369 0.082587 0.120102
0.099715 0.055134 0.137064
0.052427 -0.084214 0.113243
-0.012567 0.079535 0.139121
0.039822 0.072623 0.155487
0.009065 0.081891 0.142467
0.020956 -0.083948 0.14017
-0.018575 0.038551 0.183487
0.004233 -0.076266 0.159019
-0.031528 -0.080451 0.110058
0.074333 -0.046234 0.171921
-0.021515 0.072182 0.055093
-0.047928 0.071638 0.11187
0.036458 -0.089173 0.056938
0.001632 0.069526 0.16794
0.063974 0.0812 0.093788
-0.001881 0.050183 0.182845
-0.058323 0.065524 0.101713
0.066544 0.079002 0.115597
0.042812 -0.081349 0.142576
-0.01055 -0.090903 0.121307
0.028295 -0.090835 0.13663
0.054158 -0.083387 0.12334
-0.075867 -0.048272 0.093026
-0.015006 -0.090903 0.111151
0.111884 -0.032296 0.034245
-0.000735 0.097906 0.100678
0.008278 -0.065353 0.173691
0.038195 0.058671 0.173732
-0.01535 -0.086106 0.069161
0.060974 -0.069778 0.151443
0.012232 0.07664 0.159952
-0.004301 -0.098148 0.109009
-0.01387 -0.089173 0.065672
0.057693 -0.05545 0.171082
0.023956 0.073086 0.159864
-0.011392 -0.090959 0.120381
0.006495 -0.039352 0.185265
0.103801 -0.052185 0.068466
0.022804 0.098159 0.099031
0.096355 -0.06538 0.092793
0.116763 -0.005495 0.030178
0.115945 -0.032814 0.045554
0.018735 0.078187 0.157878
0.007957 -0.098113 0.096358
-0.00238 -0.024902 0.190254
0.056936 0.075709 0.059401
-0.062087 -0.06204 0.092429
0.006486 0.080214 0.151806
-0.066256 -0.060111 0.114497
0.036289 -0.063485 0.169333
-0.008653 -0.086106 0.123445
0.103036 0.054068 0.055136
0.019556 -0.071714 0.164942
-0.051487 0.065342 0.070887
-0.050576 -0.068292 0.124055
0.059432 -0.080687 0.122528
0.064667 -0.076843 0.126366
0.033872 0.09061 0.057532
-0.053104 -0.068977 0.101113
0.051766 -0.064548 0.163407
-0.066248 0.061068 0.096241
0.035236 0.090834 0.1333
0.030832 -0.085475 0.138385
0.066908 0.075798 0.078995
0.080598 -0.072525 0.124265
0.047022 -0.068802 0.163425
0.12122 -0.026145 0.049826
0.118363 0.025062 0.052254
0.115091 -0.034119 0.044595
0.095039 -0.065614 0.119839
0.083645 0.061078 0.148362
0.066381 -0.075779 0.066875
-0.083499 -0.017381 0.107142
0.007932 0.064808 0.174087
0.050214 -0.066577 0.161392
0.064055 -0.084045 0.110486
-0.081306 0.036967 0.10264
0.029874 0.075909 0.153036
0.05674 0.057495 0.169846
0.032702 -0.080619 0.147422
0.116046 -0.024463 0.033353
0.060553 0.068814 0.03967
0.080505 0.069318 0.137014
0.023677 0.091014 0.129481
0.017277 -0.067372 0.167572
0.063589 -0.08362 0.098662
0.005974 0.051025 0.18129
0.129586 0.000112 0.114508
-0.05495 -0.066553 0.08667
0.0085 0.071692 0.166651
0.063663 0.080313 0.096968
0.05415 -0.083895 0.087521
-0.081914 0.033602 0.096162
0.008614 -0.049339 0.182434
0.009589 -0.09799 0.095949
-0.083234 -0.025997 0.092668
-0.080755 0.029241 0.092663
0.062463 -0.068265 0.039311
0.082942 -0.060325 0.035463
0.002373 0.040161 0.186083
-0.000518 0.075956 0.158241
0.084155 0.069204 0.061431
-0.052179 0.071182 0.113766
0.117701 0.012391 0.038889
0.004754 -0.057892 0.175193
0.118411 -0.027385 0.054363
0.058215 -0.053262 0.171781
-0.037031 -0.071721 0.062454
0.051888 -0.064385 0.163566
-0.059129 -0.066777 0.111405
-0.031924 0.080142 0.101965
0.000326 -0.049071 0.180302
-0.074824 -0.045808 0.113307
-0.024329 -0.080908 0.128262
0.092382 -0.06386 0.073531
0.113902 0.017031 0.048885
0.115329 0.03139 0.042331
0.096851 -0.051457 0.147346
0.039066 -0.07707 0.146918
0.071121 0.071554 0.069121
0.091827 -0.031265 0.169891
0.094282 -0.066668 0.105088
-0.009193 0.059203 0.17279
0.080906 0.052042 0.164087
0.062096 0.082552 0.112459
-0.049024 0.070673 0.092398
0.049767 0.08536 0.117784
-0.063853 -0.06296 0.092576
0.125798 0.000112 0.132421
-0.002989 -0.097907 0.10354
0.05923 0.070613 0.041414
0.090466 -0.068468 0.090867
-0.015981 0.071394 0.155857
0.092087 -0.06406 0.073662
0.000191 -0.047333 0.183037
0.037367 -0.059967 0.17182
-0.056113 0.069258 0.105487
0.090311 0.066345 0.054202
0.003426 -0.083329 0.142183
-0.049142 -0.069662 0.074612
0.122344 0.041424 0.09755
-0.012964 -0.09061 0.066568
0.010115 -0.075456 0.050642
0.115893 0.037785 0.04552
0.015329 0.064482 0.169821
-0.032944 0.075638 0.081924
0.066767 0.079655 0.114401
0.021661 -0.077074 0.159988
0.120589 -0.02802 0.055829
0.103105 0.051769 0.138098
0.079024 -0.071339 0.079462
0.128382 -0.018661 0.114586
-0.008158 0.080057 0.146373
0.054664 -0.085403 0.120644
0.061575 0.070228 0.151929
-0.08529 -0.01741 0.110494
0.05369 -0.081903 0.134026
0.022121 -0.07634 0.157713
0.115652 -0.044093 0.054262
0.055687 -0.080921 0.072043
0.120925 -0.021168 0.04577
-0.001335 0.0448 0.18222
-0.078584 -0.036255 0.116927
0.033412 -0.07435 0.046265
0.061453 -0.074455 0.071999
0.026752 -0.085067 0.140054
-0.085205 0.016378 0.101795
0.119859 -0.028276 0.053471
0.038732 -0.085755 0.134093
0.074955 0.075683 0.117464
0.107836 0.044082 0.050421
0.109463 0.055204 0.052812
0.048897 0.086115 0.123398
0.098358 -0.049219 0.153872
-0.003908 0.03849 0.187752
0.115713 0.024517 0.032498
0.121184 -0.004919 0.055718
-0.004475 0.013426 0.191534
-0.063853 0.060488 0.092576
0.094322 -0.062262 0.060764
-0.025429 -0.079571 0.124449
-0.029108 -0.07403 0.140618
0.083537 -0.042945 0.168274
0.107626 0.056447 0.104331
-0.032155 0.022161 0.180739
-0.068395 -0.054442 0.116881
0.114491 0.000114 0.048744
0.123935 -0.010643 0.052705
-0.030903 0.080635 0.114389
0.085693 -0.067177 0.132801
0.052015 -0.080933 0.139346
-0.020873 0.090708 0.123892
0.06509 0.0815 0.121006
-0.053219 0.068264 0.091591
0.063951 0.082704 0.090718
0.067038 -0.078961 0.096596
-0.005771 -0.030038 0.189901
0.119674 0.0 0.038141
0.05698 0.076707 0.063664
0.11325 -0.01826 0.047544
-0.074798 -0.050024 0.092628
0.116166 -0.025893 0.040041
-0.046954 -0.071138 0.087801
-0.059649 -0.063934 0.091735
-0.025129 -0.07805 0.131677
0.042816 0.090834 0.127181
0.056381 -0.080588 0.12796
0.116434 0.001816 0.029156
0.009428 0.096328 0.121589
0.043996 -0.078559 0.144878
-0.004533 0.0 0.192164
0.069611 0.074539 0.083611
0.090491 0.06537 0.07437
0.122366 -0.030929 0.123603
0.034713 -0.077947 0.14915
0.051801 -0.079011 0.139525
0.038889 0.090774 0.114439
0.097862 0.053227 0.03824
0.116813 -0.009641 0.030726
-0.071958 -0.051342 0.108271
0.017496 -0.067603 0.167319
-0.035067 -0.009441 0.181013
0.116788 -0.033519 0.140592
0.088774 -0.054946 0.151062
0.003637 0.086106 0.092326
-0.033724 -0.077346 0.097181
0.061798 -0.069202 0.15213
0.116336 0.040348 0.05663
0.060548 0.072403 0.062639
0.059813 0.081752 0.111922
-0.073047 0.052366 0.112254
0.056297 0.058327 0.169304
-0.005298 -0.067131 0.168782
0.110065 -0.054691 0.128643
0.042137 -0.016933 0.193029
0.103658 -0.045711 0.053899
0.10853 0.054337 0.086574
0.122836 0.009597 0.055406
0.114895 -0.012923 0.031231
-0.032416 -0.076798 0.088458
-0.009014 0.077787 0.15135
0.063827 -0.07987 0.074146
-0.016704 -0.066046 0.165688
0.117141 -0.024842 0.042132
-0.013611 -0.091014 0.066391
0.047676 -0.089173 0.117305
0.041959 -0.079926 0.141262
0.060847 -0.077698 0.062657
-0.081039 -0.031434 0.105322
0.116333 -0.01863 0.036617
0.113346 -0.021342 0.049024
0.007751 -0.062408 0.171753
0.003937 0.045418 0.18401
-0.000954 -0.026593 0.188611
0.08532 0.067655 0.132671
0.064606 -0.077488 0.126354
-0.081228 0.036647 0.10981
-0.002761 0.042414 0.186427
-0.013806 -0.047836 0.179027
0.061122 -0.080713 0.117731
-0.006068 -0.020609 0.190243
0.098342 0.049981 0.03257
-0.029261 0.0 0.18414
0.035157 0.080054 0.145614
0.107173 -0.053018 0.055855
-0.085884 -0.002007 0.115341
0.077846 0.000115 0.183003
0.103642 0.055088 0.059005
-0.060297 0.063963 0.10548
-0.004041 -0.098099 0.111758
0.100771 -0.061273 0.120517
0.01526 0.090993 0.13913
-0.065307 0.059096 0.092583
-0.035065 0.073905 0.07662
0.048157 -0.078807 0.142288
0.064092 0.078224 0.11618
0.096205 -0.064065 0.119976
0.116774 -0.037678 0.054051
-0.000624 -0.046698 0.181399
-0.02144 -0.072179 0.055074
0.018644 0.035702 0.189149
0.106853 -0.049957 0.06353
0.092382 0.064087 0.073532
0.025177 0.079239 0.151611
0.048173 0.080721 0.142277
0.096639 -0.063741 0.120028
-0.011801 0.03289 0.187566
0.076226 0.063889 0.1521
0.098803 0.056227 0.052568
0.019676 -0.071831 0.163033
0.014886 0.067028 0.170331
-0.07765 -0.044696 0.092642
0.032557 -0.087946 0.119307
0.01297 -0.068604 0.16571
-0.060677 -0.063222 0.092601
-0.010878 -0.041173 0.183194
-0.036589 0.077313 0.087863
0.033951 -0.09061 0.122459
0.004357 -0.08127 0.142984
0.030778 0.082314 0.148409
0.068044 0.068483 0.038262
0.062532 0.070242 0.045102
0.041965 -0.068077 0.163017
0.097107 -0.058612 0.136267
-0.014281 0.081037 0.139217
0.063881 0.06783 0.039044
0.019495 -0.076581 0.160743
0.120224 0.000117 0.066212
0.030765 0.073662 0.156584
0.101279 0.057936 0.128143
0.088475 -0.071515 0.120275
0.040825 -0.031761 0.188757
0.032336 0.076888 0.150556
0.05278 0.064217 0.164703
0.068049 -0.073479 0.069439
-0.002133 -0.020216 0.192083
0.101244 0.053557 0.051994
0.100874 0.054643 0.137417
-0.001919 0.045042 0.185454
0.038153 0.087946 0.061342
0.058151 -0.082077 0.128403
0.074243 0.069034 0.057001
-0.017258 -0.070055 0.160461
-0.040322 0.073834 0.132679
-0.082005 -0.023405 0.116943
0.040092 -0.085094 0.131183
0.090881 -0.068233 0.119347
0.096105 -0.064498 0.119964
-0.012299 0.013575 0.191141
-0.048813 0.068069 0.067614
-0.076364 0.043925 0.107736
0.009214 -0.055705 0.176877
0.016336 -0.073708 0.161827
-0.015346 0.016554 0.188336
0.109463 0.055204 0.061952
0.027818 0.089173 0.13581
-0.077495 -0.041826 0.102191
-0.078273 0.04189 0.116926
-0.00856 0.082367 0.139023
-0.046551 0.064788 0.059791
-0.031578 -0.080344 0.112303
0.100908 -0.056505 0.069749
0.114605 -0.040304 0.06308
0.115074 -0.041365 0.05437
-0.037792 0.070214 0.058146
0.05994 0.084602 0.103252
0.116726 -0.028799 0.043946
0.037349 -0.09061 0.058776
0.036743 0.085602 0.135475
0.113617 -0.038642 0.040665
0.087217 -0.069471 0.059604
-0.028486 0.078762 0.121032
-0.021916 0.063447 0.166019
0.031203 -0.086106 0.11957
0.073648 0.075033 0.094857
-0.071789 0.054481 0.092614
0.054429 0.084859 0.126715
0.122305 -0.00566 0.053013
0.043255 -0.078513 0.145298
0.064158 0.079579 0.123414
0.014815 -0.091014 0.131316
0.022648 -0.071446 0.161374
0.121688 0.028251 0.053128
0.090343 0.069768 0.105312
0.02103 -0.097907 0.120801
0.036448 -0.063112 0.169701
-0.04117 -0.074538 0.095517
0.108372 -0.044709 0.058151
0.084294 0.064778 0.056103
0.071262 0.073241 0.061518
-0.022491 0.0 0.186924
0.100838 0.062462 0.104716
0.121113 0.010181 0.042908
-0.00744 0.090708 0.135057
-0.051807 -0.068984 0.077934
0.092179 0.061195 0.147434
-0.069618 -0.057169 0.092606
0.011156 -0.07877 0.151661
0.095273 -0.07079 0.098172
0.057511 -0.054783 0.170867
-0.020016 0.079056 0.133804
-0.078955 -0.035183 0.116929
-0.050966 0.070786 0.085167
0.012452 -0.098099 0.122537
0.087708 0.069535 0.118972
0.089952 -0.065498 0.074619
0.109764 -0.057485 0.107086
0.027635 -0.083171 0.139703
-0.003676 0.034486 0.187482
0.037744 -0.090708 0.131732
0.031386 -0.086106 0.125115
0.060297 -0.081165 0.11929
-0.00164 -0.024109 0.191536
0.118887 -0.008819 0.036346
0.068355 -0.073936 0.068971
0.068835 0.075589 0.068315
0.091126 0.056491 0.035754
0.039768 0.053513 0.177362
0.0622 0.080296 0.10081
0.059616 -0.084012 0.126022
0.065647 -0.077763 0.066542
0.073086 -0.076089 0.117247
-0.046712 0.072968 0.085577
0.092973 0.063443 0.138427
0.057555 -0.079661 0.121827
-0.014847 -0.08188 0.135849
-0.009447 0.080401 0.138388
0.014713 -0.069086 0.169077
-0.008219 0.081166 0.137912
0.111571 0.051684 0.10929
0.002191 0.096328 0.118851
0.058186 -0.083969 0.128355
0.127147 -0.016421 0.10929
0.126591 0.029569 0.052812
0.033708 -0.079747 0.149665
0.10633 -0.0486 0.044892
0.105442 -0.05521 0.137375
0.038304 -0.091014 0.117148
0.001561 0.098066 0.098978
0.028942 0.086106 0.126771
0.087024 -0.062324 0.05393
0.041596 0.084577 0.130406
0.001839 -0.068109 0.167011
0.008015 0.090774 0.130743
0.088583 0.070258 0.097337
0.096308 -0.063977 0.136974
0.116124 -0.011851 0.029224
0.07205 0.0755 0.135254
0.098073 -0.059864 0.054193
0.120291 0.029302 0.055883
0.120457 0.018771 0.049392
-0.006851 0.011933 0.191146
0.106941 -0.044787 0.034457
0.048101 0.081635 0.139039
0.045418 0.08596 0.12822
0.017179 -0.045128 0.185257
0.118519 -0.036126 0.051081
0.064696 0.078241 0.111503
-0.056795 0.068751 0.099338
-0.036284 -0.003637 0.182417
0.061463 0.074227 0.070367
-0.071241 0.055749 0.100564
0.020868 -0.072822 0.163428
-0.008952 0.007375 0.191008
0.013314 0.065585 0.169264
0.122605 -0.023734 0.052956
-0.048408 -0.064143 0.060853
-0.078351 0.038842 0.095722
0.03388 0.086106 0.115417
0.040003 -0.051456 0.177901
0.068201 0.072831 0.051068
0.055611 0.078575 0.136082
0.061893 -0.074813 0.053026
-0.026922 -0.071084 0.056104
0.0456 -0.090931 0.123491
-0.029601 0.080722 0.11895
0.063825 -0.077817 0.073412
0.075958 0.053492 0.163783
0.096365 0.064908 0.119996
0.11688 0.023255 0.034928
0.067119 -0.079577 0.107377
0.091228 0.066294 0.125725
0.118859 0.018241 0.04398
-0.002311 -0.039789 0.185907
0.080402 -0.073396 0.118108
0.014371 0.070124 0.166656
0.089322 0.071624 0.128401
0.046116 -0.071842 0.156052
0.051028 0.076107 0.143237
0.121497 0.014976 0.051667
0.11319 0.030726 0.049061
-0.054796 0.068232 0.082916
0.117245 0.02932 0.045973
-0.017839 -0.076664 0.148679
-0.004535 0.0 0.19217
0.062127 0.080673 0.112137
-0.01469 0.081877 0.135973
0.049766 0.081418 0.133709
-0.052018 -0.067393 0.123898
-0.034834 0.014174 0.180743
-0.036886 -0.068913 0.059477
0.091289 -0.058152 0.05691
-0.0406 -0.073132 0.082978
-0.081309 0.030322 0.105855
-0.08426 0.024153 0.111895
0.036584 0.089173 0.131257
0.020006 -0.069981 0.164422
0.031586 -0.080542 0.147888
0.1008 -0.051462 0.141937
0.092701 0.062195 0.134937
-0.061988 -0.065021 0.101992
0.059199 0.077715 0.067379
0.110284 0.048433 0.053775
0.06395 -0.080807 0.090608
0.107712 0.041302 0.030809
0.067359 0.060535 0.162059
0.085911 -0.068794 0.062344
0.092263 -0.057959 0.040649
0.024891 0.07814 0.156128
0.107873 0.055595 0.113035
0.015918 0.082654 0.147443
-0.014875 -0.090986 0.112969
0.064753 -0.078414 0.077142
-0.034023 -0.076523 0.078125
0.09085 0.058964 0.036077
-0.062922 -0.061327 0.092534
0.058495 -0.07161 0.149387
0.067022 -0.08064 0.094438
0.067055 0.079158 0.098798
0.115574 -0.017334 0.146854
-0.017929 0.081586 0.133858
-0.08529 0.017409 0.110494
0.050125 -0.07695 0.142487
0.095513 -0.06086 0.060797
-0.045389 -0.067396 0.059573
-0.06533 0.061309 0.112833
0.061303 -0.08117 0.114877
-0.004986 -0.065769 0.16782
0.061925 0.066494 0.157646
0.034976 0.091014 0.133027
-0.05617 0.068312 0.089155
0.123947 0.0 0.052124
0.08943 -0.03698 0.169476
0.111951 0.044237 0.050382
0.092097 0.067025 0.119491
0.119574 0.02937 0.053526
-0.013377 -0.090903 0.066598
0.122008 -0.013348 0.053068
0.022545 -0.074778 0.046811
-0.05737 -0.067861 0.113268
0.065653 -0.018731 0.186715
0.122727 0.011931 0.055426
0.004271 0.083607 0.142127
-0.060463 -0.063332 0.092039
0.066186 0.081521 0.117293
0.032281 0.077518 0.1506
0.104425 0.060321 0.104512
0.097729 -0.043333 0.156471
0.038227 0.080782 0.142426
0.095382 -0.062914 0.058071
0.068527 0.075806 0.127539
0.058457 0.080799 0.092699
0.088538 -0.064808 0.061851
0.000682 -0.040897 0.185316
0.089419 0.059575 0.144306
-0.015736 -0.023288 0.188722
0.065117 0.073852 0.065772
-0.018071 -0.070086 0.156795
0.058601 -0.073695 0.053666
0.021202 -0.067833 0.165688
0.009805 0.09802 0.122497
0.072133 -0.065042 0.037494
-0.082875 -0.018941 0.098389
0.118569 0.034967 0.05621
0.108612 0.032324 0.04867
0.062119 0.08107 0.090004
-0.011089 0.087946 0.105758
-0.034005 -0.07459 0.132761
0.066875 0.075578 0.074746
-0.063717 -0.06093 0.107093
0.090743 -0.05983 0.053015
0.073726 0.072787 0.062245
0.121123 0.007623 0.055729
-0.068643 -0.056013 0.102514
-0.01901 0.00336 0.188134
-0.003429 -0.096328 0.108882
0.014189 -0.063882 0.171134
0.056653 0.075537 0.057374
-0.03212 -0.070659 0.145513
0.072572 0.078559 0.115386
0.086505 -0.05774 0.149868
-0.047377 0.071642 0.093835
0.045878 -0.071933 0.155763
0.033792 0.068918 0.163569
0.118776 0.037495 0.053676
0.064686 0.078873 0.111553
0.109911 0.039884 0.049877
0.049328 0.067861 0.160243
0.00733 0.052152 0.17905
0.076656 0.072164 0.140091
0.108963 -0.051456 0.079237
-0.082831 -0.020634 0.100537
-0.036202 0.078632 0.099474
-0.045492 0.070984 0.125338
0.057441 0.078583 0.069641
0.084709 0.071733 0.118616
-0.022918 0.076945 0.144189
0.126591 0.029569 0.061952
0.091802 -0.063444 0.13465
-0.042915 -0.076168 0.101311
0.120178 0.023395 0.050864
0.119226 -0.044295 0.085957
-0.028994 0.019251 0.182762
0.062033 -0.079156 0.07831
0.089545 -0.068943 0.091081
0.11816 0.038986 0.053794
0.121195 0.017071 0.051286
-0.046943 -0.073292 0.088623
0.029338 -0.080766 0.149505
-0.003069 0.075496 0.154495
0.02301 -0.069599 0.163269
-0.04832 -0.071991 0.084247
0.083715 0.036142 0.1716
0.053931 0.080547 0.076537
0.011098 -0.080433 0.152316
0.054284 0.061803 0.166677
0.125023 -0.03514 0.106773
-0.004246 0.097906 0.111819
0.045264 0.085293 0.125866
-0.072355 -0.054239 0.098381
0.072456 0.072043 0.065444
0.063603 0.072588 0.065765
0.011993 0.069771 0.166832
-0.029548 0.080473 0.119965
-0.011189 -0.082318 0.137716
0.060949 -0.068688 0.039595
-0.002634 0.02348 0.189949
0.056493 -0.083407 0.105599
-0.010675 0.086106 0.065383
-0.017297 -0.07785 0.146271
0.084597 0.0655 0.05854
0.046303 -0.058098 0.176643
0.052914 -0.023197 0.188457
-0.061681 -0.062573 0.094439
-0.00058 0.000114 0.19091
0.008625 0.083251 0.144117
0.073463 -0.07596 0.11729
-0.040243 -0.068111 0.142167
0.063212 -0.077097 0.091892
0.064352 0.079585 0.122939
0.114079 -0.043247 0.054558
0.011153 0.066618 0.170369
0.027078 0.098169 0.103412
-0.0732 -0.053132 0.0998
0.092056 0.06702 0.058702
0.074455 0.072529 0.062037
0.06703 0.078865 0.095505
0.114124 -0.040842 0.057043
0.092457 0.058735 0.052603
-0.084926 0.017339 0.098935
0.062656 0.079527 0.126514
0.05204 0.075638 0.144074
0.086522 -0.069779 0.0918
-0.00863 0.086106 0.101919
0.037102 -0.087946 0.116265
-0.068182 -0.059256 0.099566
0.056034 0.085429 0.10773
-0.035742 -0.078942 0.112256
-0.043121 -0.074048 0.100395
0.064061 -0.083939 0.105349
0.002419 0.053619 0.177888
-0.033724 0.077345 0.097182
0.108423 -0.043592 0.040791
0.108895 -0.054277 0.089236
-0.007557 -0.069168 0.162875
-0.021523 0.090708 0.122871
0.104639 -0.057474 0.087511
-0.00392 -0.040684 0.185203
0.096271 -0.052717 0.051672
0.115531 0.024745 0.037481
-0.083089 0.02732 0.116948
0.003876 0.056396 0.176209
0.114075 -0.033701 0.041316
-0.080161 0.039362 0.096347
0.110364 0.036302 0.035042
0.038994 0.091014 0.130216
0.062545 0.068747 0.152728
0.062232 -0.080659 0.110605
0.015203 0.067299 0.168999
0.092454 -0.006592 0.174251
0.111958 0.053038 0.127346
0.096729 -0.059268 0.056321
0.121716 -0.018907 0.053907
0.061726 0.082571 0.115032
-0.079172 0.042558 0.102353
-0.025568 -0.071775 0.057191
0.072316 -0.073294 0.062723
-0.000486 -0.034719 0.188071
0.121479 -0.023628 0.055662
0.076019 -0.07007 0.064205
0.121924 0.019732 0.133344
0.052446 0.084196 0.107588
0.048001 -0.085941 0.125334
0.095713 0.056774 0.053321
0.074215 -0.070712 0.064685
0.090082 0.064295 0.134124
0.122452 0.032812 0.12026
-0.062922 0.061327 0.092534
0.006392 0.000113 0.194863
0.103306 0.049962 0.036229
0.083954 -0.070946 0.092411
0.108441 -0.036297 0.030673
0.032172 0.077487 0.150689
0.037661 -0.081871 0.144463
-0.077923 0.045182 0.100167
0.104467 -0.059306 0.104511
-0.041146 0.072731 0.134879
0.069146 -0.078448 0.124519
0.012451 -0.098169 0.122313
0.052814 0.000119 0.192025
0.121135 0.007268 0.055726
0.077721 -0.070118 0.063906
0.085701 0.067406 0.132776
-0.08194 0.033094 0.095014
0.038633 0.083915 0.133759
-0.040969 -0.07505 0.126679
0.002827 -0.044037 0.182678
0.047728 -0.069415 0.158164
0.111992 -0.037098 0.034781
0.099399 -0.064516 0.12944
0.122242 -0.019004 0.13752
0.042061 -0.082094 0.140227
-0.016011 -0.00512 0.190619
-0.045835 0.074958 0.105372
-0.040736 0.071898 0.131408
-0.011548 0.089173 0.131485
0.058056 -0.076762 0.057252
0.004364 -0.059845 0.175629
0.000885 -0.0504 0.179672
0.001286 0.05127 0.179194
0.068445 0.072382 0.062963
0.096749 -0.058151 0.136159
-0.006278 0.080669 0.139633
-0.036569 -0.072885 0.066091
0.000649 0.040375 0.185699
0.104275 0.053641 0.058895
0.091698 0.065114 0.058764
0.026673 0.097906 0.116367
0.08711 0.065542 0.0622
0.064867 0.075888 0.066055
0.088336 -0.06063 0.036988
0.003939 0.045479 0.183985
0.119587 0.000114 0.05793
0.126905 0.000114 0.128866
-0.084059 -0.024426 0.09933
0.059657 0.077007 0.065008
-0.031833 -0.080137 0.100779
0.110024 0.04285 0.053991
0.079877 -0.03067 0.175808
0.061613 0.083258 0.113578
-0.00952 -0.073557 0.155386
-0.028433 0.079408 0.11849
0.066204 0.079631 0.117223
0.00131 -0.050136 0.181728
-0.044056 -0.069986 0.13797
0.116761 -0.0394 0.056549
0.11882 -0.005436 0.14349
-0.029107 -0.071893 0.145755
0.071807 0.073483 0.062941
-0.025902 0.003317 0.185544
0.074307 -0.071338 0.064668
0.051698 -0.084705 0.111629
0.064887 0.076644 0.069174
-0.053681 0.067528 0.087941
-0.009759 0.054494 0.176217
0.065614 -0.077727 0.106717
0.002567 -0.073138 0.160353
0.085974 -0.068028 0.059839
-0.084181 0.0 0.113719
0.045731 -0.080359 0.146267
0.042704 0.084622 0.129358
0.052205 0.070878 0.041238
0.110463 0.025336 0.048217
0.022745 0.083518 0.140114
0.109277 0.054533 0.098174
-0.082789 -0.015062 0.092666
0.07309 -0.01693 0.182373
0.064753 0.078632 0.069402
-0.004498 0.086106 0.121569
-0.010689 -0.072019 0.160716
0.12491 -0.012335 0.133354
0.125248 -0.025557 0.12525
-0.017145 0.053731 0.176184
0.095854 -0.052984 0.149897
-0.031812 0.080293 0.105196
0.119383 0.021379 0.053535
0.044414 -0.08334 0.141606
0.053321 0.063303 0.165426
-0.015443 0.069952 0.158366
-0.025801 0.013067 0.184972
0.092263 0.057959 0.040649
-0.033752 0.076672 0.090686
0.052973 0.081874 0.134776
0.117879 0.036746 0.056338
-0.083391 0.0 0.093369
0.095855 0.064788 0.057982
0.070898 -0.072518 0.059385
0.113927 -0.044249 0.131362
0.067399 0.077916 0.088413
0.132606 -0.000669 0.052812
-0.002221 -0.040113 0.185804
0.045954 -0.081523 0.140597
-0.017881 -0.047119 0.17987
0.05956 -0.074277 0.049799
0.075699 0.070184 0.064281
0.034531 -0.075182 0.156635
0.089928 -0.053398 0.151669
0.032424 -0.079497 0.15049
0.017562 -0.066934 0.167242
0.088988 -0.068555 0.091214
0.086127 0.070846 0.091893
-0.028851 0.078946 0.118855
-0.06556 -0.05935 0.101396
0.098765 -0.062852 0.057435
-0.019936 0.0 0.189443
0.087435 0.071161 0.11065
0.020362 -0.080063 0.149636
0.014764 0.09061 0.130862
0.053883 0.083295 0.098156
-0.079328 -0.037067 0.102047
0.002191 -0.096328 0.118851
0.108632 0.049612 0.04632
-0.065919 -0.061204 0.109067
0.063945 -0.082598 0.089941
0.127777 -0.015501 0.094772
0.100759 -0.028995 0.163374
0.01897 -0.07414 0.16135
0.093187 -0.06301 0.054855
0.048176 0.084778 0.122289
0.03612 0.080959 0.145874
0.0576 0.074069 0.066714
0.06308 -0.056278 0.172684
0.080617 -0.071009 0.063339
0.02873 -0.098169 0.110179
0.06702 0.075462 0.06617
0.079014 0.069557 0.064108
0.080846 -0.070467 0.078649
-0.075569 0.049504 0.103804
-0.076051 -0.048258 0.108724
-0.083376 0.009086 0.095268
0.122105 0.026444 0.053063
0.076982 0.073521 0.068787
0.073639 0.056427 0.161835
0.098613 -0.051454 0.055131
-0.066199 0.058351 0.094138
-0.00781 0.0076 0.189692
0.066186 -0.081521 0.117293
0.067024 -0.068966 0.149109
0.021575 0.098006 0.097972
0.102477 -0.048322 0.031791
0.021025 -0.07085 0.163248
0.074082 0.076129 0.13011
0.089844 -0.068104 0.091009
-0.02978 -0.072868 0.142881
0.120853 -0.009769 0.069221
0.09645 -0.058445 0.136068
0.092356 0.068686 0.105198
0.035156 -0.081716 0.145614
0.023563 -0.077008 0.157865
-0.051934 -0.063139 0.064173
-0.045818 0.071916 0.119419
0.091398 -0.063825 0.073968
0.067715 0.076737 0.127303
0.062524 -0.072994 0.067266
0.119802 0.025824 0.051258
0.067022 0.074957 0.072067
-0.046954 0.071138 0.087801
-0.018796 0.019647 0.186752
0.116037 -0.03559 0.055355
-0.02167 0.079342 0.130352
0.105412 -0.041498 0.031241
-0.067753 -0.057037 0.100966
0.079712 0.06146 0.155815
0.119639 -0.014627 0.045301
0.058005 0.064013 0.165357
-0.040176 -0.071411 0.065594
0.123951 -0.01029 0.052703
0.012502 0.079312 0.155007
-0.004525 0.006036 0.19205
-0.075158 0.045966 0.10966
-0.039371 -0.075683 0.103082
0.127471 0.009591 0.114942
0.032557 0.087946 0.119307
-0.005924 0.087946 0.121421
0.062089 0.08046 0.085785
-0.012482 -0.090774 0.066186
-0.037648 0.070385 0.058118
0.025376 -0.080196 0.153957
0.020738 -0.089173 0.131084
0.051107 -0.074995 0.155853
-0.024542 0.079092 0.127236
0.027826 0.075505 0.155399
0.126291 -0.008307 0.123138
-0.03018 -0.079227 0.109409
0.04216 -0.081834 0.141147
0.038193 0.057861 0.173691
0.080558 0.070181 0.078776
0.0989 0.064627 0.104828
-0.004266 0.036993 0.188163
0.069658 -0.065937 0.037958
0.118023 0.034841 0.054292
0.024954 -0.077385 0.153185
-0.005528 0.0 0.190437
0.043174 0.084211 0.129652
0.007939 -0.098169 0.096591
0.057358 -0.078329 0.131573
-0.041134 0.068006 0.141384
0.06492 -0.078971 0.121496
-0.054912 -0.064407 0.06723
-0.032393 -0.075751 0.080081
-0.054902 0.064798 0.068638
0.005449 -0.052335 0.181224
0.010021 0.064812 0.172084
0.038173 -0.09061 0.116147
0.090917 -0.06505 0.057413
0.06662 -0.064751 0.15609
-0.026025 -0.090708 0.055935
0.003929 0.071661 0.162873
0.069458 -0.075245 0.127831
-0.085037 -0.017067 0.100304
0.041651 0.074631 0.156342
0.119694 0.017761 0.13953
0.050426 0.08416 0.120658
0.097796 -0.031796 0.162666
0.083885 0.061639 0.148489
0.00568 0.058834 0.176686
-0.034509 -0.018087 0.180368
0.105556 0.051693 0.069223
0.09571 0.059901 0.044844
-0.083508 -0.006144 0.09558
0.067065 0.073822 0.13963
0.037372 0.081566 0.143661
0.059507 0.070208 0.041363
0.121371 -0.022262 0.054391
-0.001182 0.081318 0.140624
0.081262 0.07366 0.100352
0.108224 0.053179 0.121402
0.111579 0.047322 0.055028
-0.015818 0.020063 0.189264
-0.017807 -0.069397 0.161102
0.005333 0.070075 0.165346
0.001482 -0.050538 0.18153
-0.013557 -0.077684 0.14414
0.024757 -0.077839 0.156212
0.061998 0.076214 0.073169
0.102527 -0.050372 0.040618
-0.05732 -0.066204 0.099768
0.120342 0.006934 0.046313
0.094636 -0.058376 0.044973
-0.081579 -0.029211 0.106387
0.116432 0.001157 0.029171
-0.007517 -0.05933 0.173195
0.065611 -0.065765 0.155256
0.009333 -0.048061 0.18149
0.100557 -0.053128 0.03745
0.098644 -0.06258 0.088921
0.132606 -0.000669 0.061952
0.009297 -0.060513 0.176862
0.080376 0.032455 0.175201
-0.018366 0.041473 0.18238
0.02557 -0.090903 0.128422
0.02367 -0.067636 0.170874
0.001958 0.069001 0.165931
0.066883 0.078146 0.116507
0.120034 -0.043427 0.119991
-0.015487 0.090986 0.069428
0.077127 -0.074273 0.09403
0.007383 -0.064045 0.174719
-0.017621 0.090993 0.127337
0.09061 -0.06386 0.047765
0.04696 0.082971 0.133783
-0.063164 0.061473 0.09712
-0.01901 -0.00336 0.188134
0.066933 -0.029238 0.184155
-0.082651 -0.019576 0.116946
-0.081769 0.035552 0.103505
-0.080563 -0.039075 0.104844
-0.032268 -0.07423 0.136398
0.021303 0.071073 0.162926
-0.022477 -0.004993 0.186831
0.056571 0.085205 0.104319
0.128168 0.000114 0.093585
0.048017 -0.090708 0.119632
-0.024164 -0.031462 0.183724
0.120157 0.004361 0.051919
-0.00466 -0.070894 0.164496
0.100557 0.053128 0.03745
0.013495 -0.068783 0.165504
0.109852 -0.053086 0.132172
0.013218 0.055981 0.176308
-0.052611 0.069051 0.110705
-0.045913 0.072824 0.101337
-0.044299 0.072202 0.086738
0.036177 0.063218 0.169075
0.017797 -0.075279 0.162703
0.061315 -0.081175 0.11496
0.056814 -0.062347 0.16486
-0.03861 0.077773 0.099536
-0.054255 0.067845 0.093694
-0.032006 -0.079763 0.094638
-0.067836 -0.05642 0.109873
0.046211 -0.078052 0.143569
-0.006385 0.08273 0.139689
-0.046475 0.070128 0.07107
0.013226 -0.071149 0.167977
0.066194 -0.080515 0.091823
0.053043 0.017872 0.190826
0.087545 -0.068157 0.055916
0.086382 0.065645 0.055617
0.119057 -0.041307 0.088503
0.067579 0.07378 0.070251
0.016758 -0.051456 0.180042
-0.019365 0.049002 0.178245
0.119106 0.003405 0.04218
0.074149 0.000116 0.184761
-0.071485 -0.055294 0.096921
0.061654 0.081448 0.092317
0.003104 0.054177 0.179626
0.041728 0.083913 0.131797
0.111734 0.051681 0.100316
0.062656 -0.078895 0.126514
0.097684 0.059879 0.07118
0.002644 -0.045366 0.184458
-0.048845 -0.071353 0.108093
-0.067836 0.056821 0.105405
-0.003384 -0.035741 0.187145
0.015648 0.071345 0.165183
0.109041 -0.050863 0.064606
0.05617 0.081652 0.087254
0.100121 -0.055389 0.137199
0.011282 0.059072 0.17449
0.087738 -0.066549 0.133417
0.096075 0.06117 0.060559
-0.002689 -0.057363 0.176103
-0.054179 -0.069851 0.091746
0.052742 -0.063187 0.164658
0.064012 -0.08355 0.098901
0.085796 0.071182 0.118748
-0.003582 -0.013173 0.19121
0.119191 -0.01288 0.037797
0.079863 -0.072277 0.134987
0.044609 0.073293 0.154115
-0.043643 0.073303 0.079766
0.024086 0.072449 0.159836
0.05954 -0.081049 0.084555
0.117211 -0.004937 0.03661
0.063975 -0.077441 0.071838
-0.038313 0.070438 0.144124
0.113171 0.024305 0.151344
-0.079459 0.036293 0.098983
-0.008575 0.016966 0.191724
-0.01395 0.073355 0.053667
-0.034193 -0.076283 0.088785
0.079674 -0.071396 0.130947
-0.019672 -0.075789 0.144645
0.048173 -0.078169 0.142277
-0.058323 -0.065524 0.101713
0.044363 0.000117 0.193761
0.096572 0.062988 0.060342
-0.007011 0.00899 0.191331
-0.044878 -0.075339 0.109181
-0.050117 0.066442 0.072128
0.010155 0.057301 0.175791
-0.005456 -0.025153 0.189537
0.109205 -0.044672 0.039059
0.019425 0.08329 0.140809
-0.00287 -0.09815 0.114423
0.066664 -0.077553 0.066555
0.002752 -0.090759 0.129632
-0.082739 -0.028617 0.092664
0.067726 -0.07514 0.065498
0.01141 0.06478 0.171247
-0.003787 -0.011337 0.191879
-0.002912 -0.006901 0.190868
-0.015753 0.091014 0.070274
-0.002782 0.038098 0.186451
-0.062275 0.062368 0.099896
-0.009439 -0.076502 0.153768
0.096217 -0.061039 0.060409
-0.007574 -0.045013 0.184146
0.084324 0.066562 0.06789
0.099389 0.056247 0.047499
0.112096 0.032564 0.029987
0.035984 -0.086106 0.057737
0.036456 0.085475 0.135896
0.109169 -0.009758 0.159393
0.095487 -0.065 0.08672
0.112655 -0.02495 0.029881
0.086457 0.067817 0.07616
0.058624 0.053505 0.172311
0.077653 0.06654 0.040813
0.107454 0.056295 0.095293
-0.007456 -0.01808 0.191846
0.064002 -0.083442 0.097514
0.039382 0.090903 0.061421
0.095955 0.060024 0.135916
0.093445 0.064111 0.058434
-0.072 -0.054177 0.092615
-0.031319 -0.022598 0.18278
-0.082952 0.027486 0.092666
-0.026548 0.080718 0.125405
0.009082 0.063984 0.17276
0.127048 -0.027056 0.111878
0.114022 -0.000683 0.047352
-0.031113 0.042358 0.176437
0.004294 0.089173 0.131161
0.01267 -0.068349 0.168619
0.11418 -0.020014 0.031216
0.118894 -0.008408 0.041908
-0.011592 0.090811 0.119744
-0.027491 -0.079849 0.120007
0.046917 0.083471 0.139914
-0.077415 0.045363 0.111086
0.051835 0.084609 0.107574
0.062179 0.081943 0.097894
0.124744 0.024636 0.128155
-0.020705 -0.076226 0.147649
-0.08377 0.0 0.097768
0.014095 0.077722 0.154425
0.014632 0.098069 0.095942
0.086365 0.065726 0.055598
-0.021826 0.076393 0.141203
0.08785 0.073022 0.109719
0.00251 0.041214 0.184608
0.031747 0.068645 0.167061
0.038921 -0.09061 0.060702
-0.008395 -0.09061 0.12327
0.065757 0.067257 0.038691
-0.027515 0.049602 0.172295
-0.06696 -0.057572 0.108319
-0.082164 0.026253 0.104331
-0.085751 -0.011694 0.11149
0.026319 0.064461 0.169704
0.103436 0.060387 0.104569
-0.011093 -0.070309 0.162922
0.058502 0.053802 0.17215
0.02153 -0.075485 0.160576
0.024894 -0.084445 0.142213
0.064087 0.08215 0.108966
-0.004252 0.09061 0.126443
-0.085121 -0.018462 0.103972
0.090378 0.06873 0.090884
0.064371 -0.078028 0.097059
-0.077642 -0.04471 0.092642
0.096261 -0.064524 0.057906
0.11344 0.028211 0.034383
0.111915 0.045881 0.134001
0.064012 0.083549 0.098901
-0.031585 -0.078108 0.098418
0.072158 -0.075996 0.11152
0.109708 -0.046453 0.048612
0.083094 -0.069546 0.131987
-0.023665 -0.080745 0.130159
0.063897 0.07968 0.083075
-0.029587 0.079239 0.114816
0.112419 0.051682 0.099182
-0.026312 0.075255 0.145385
0.085318 0.067776 0.076665
0.010389 0.067992 0.171252
0.042812 0.081349 0.142576
0.119042 0.004186 0.042012
0.01041 0.090977 0.139243
0.021069 0.075652 0.158926
0.072373 0.073599 0.082405
0.114349 -0.030819 0.146421
0.108278 -0.036655 0.030702
-0.077828 0.04031 0.110365
-0.009221 0.090903 0.122774
0.101505 -0.049359 0.050401
0.092822 -0.063972 0.057055
0.122007 0.013334 0.053067
0.104455 0.058729 0.087539
0.019282 -0.07437 0.160988
0.054315 0.081694 0.08581
0.116474 0.022326 0.033286
0.122564 -0.014535 0.055458
0.108446 -0.047878 0.05412
-0.047571 0.072648 0.12199
0.094856 -0.062731 0.056673
-0.051128 -0.068912 0.087268
0.079342 0.073092 0.093508
-0.007554 -0.01701 0.191957
-0.040855 -0.069149 0.058722
-0.010441 -0.05301 0.178976
-0.085868 -0.010832 0.108478
0.122334 0.002325 0.053006
-0.054949 -0.066275 0.119845
-0.074018 -0.051972 0.101177
0.067336 0.076289 0.069842
-0.034444 0.026871 0.180293
-0.030003 0.080693 0.117845
0.064122 -0.076273 0.066991
0.097935 -0.059841 0.060085
-0.002418 0.043532 0.186031
0.060233 0.081823 0.127346
0.00527 -0.086106 0.126576
0.099554 0.058417 0.05919
0.02126 0.087946 0.126854
0.063938 -0.084061 0.112321
0.02756 -0.055844 0.180775
0.114694 0.00109 0.029592
0.001286 -0.098169 0.118891
0.061834 -0.073528 0.068781
0.03614 0.083114 0.138257
0.073127 0.070351 0.142823
-0.08409 -0.022187 0.116953
0.094191 0.062766 0.072729
0.081751 -0.071424 0.059245
0.080877 -0.063492 0.146904
0.018958 -0.054817 0.181768
0.049807 0.091014 0.109033
0.072749 -0.075096 0.09507
-0.009519 0.087946 0.120838
-0.025867 -0.008226 0.185337
0.102281 -0.059497 0.083574
0.120929 0.039591 0.124072
-0.03076 0.07874 0.103855
0.016913 -0.075413 0.049365
0.063987 -0.072607 0.060159
-0.007918 -0.005309 0.189821
0.051656 -0.086048 0.117706
-0.037648 -0.070385 0.058118
0.119894 -0.013011 0.051968
0.091955 -0.065805 0.061211
-0.037195 0.072949 0.133635
0.06708 0.079623 0.111181
-0.084269 0.0 0.112345
0.062217 0.082537 0.11091
0.023713 -0.087946 0.09249
0.098249 0.063579 0.120212
0.051453 -0.085001 0.103664
0.026316 -0.078892 0.154194
-0.02908 -0.016129 0.183192
-0.00631 -0.074647 0.053728
0.100166 -0.054065 0.14313
0.063687 0.077801 0.097222
0.061914 -0.07345 0.068534
0.050034 -0.084455 0.133626
-0.035262 0.002187 0.181236
0.051677 -0.081812 0.136033
-0.004118 -0.031786 0.188206
0.010278 -0.082145 0.142188
-0.008306 0.001151 0.192825
-0.034671 -0.076961 0.118192
-0.044647 0.069944 0.137234
0.007226 0.074939 0.161835
0.108941 -0.052671 0.086484
0.100108 -0.067943 0.099955
-0.01203 -0.091014 0.119889
0.06153 0.074845 0.073041
0.063199 -0.0822 0.116828
-0.083597 -0.013818 0.114042
0.087136 0.070664 0.105494
-0.011334 -0.032341 0.186222
0.026663 -0.076828 0.156741
0.115827 0.000493 0.03262
-0.025658 0.090614 0.110724
-0.001927 -0.081636 0.145144
0.048187 0.08164 0.139008
0.075472 -0.072758 0.129666
0.04012 -0.075773 0.148288
-0.007819 0.015029 0.192142
-0.004053 -0.071113 0.161419
-0.006451 -0.058287 0.176487
-0.035424 0.072212 0.069672
-0.017604 -0.049831 0.17847
0.083829 0.072332 0.052812
0.015007 0.072906 0.165909
-0.031219 -0.005907 0.183174
0.108959 -0.053723 0.05552
0.048854 0.084785 0.121026
0.065535 0.07167 0.064056
-0.015023 -0.09061 0.06922
0.010856 -0.089173 0.132052
-0.032932 0.078566 0.088385
0.015462 0.075154 0.159413
0.112483 -0.026303 0.148259
0.067384 -0.077206 0.065794
0.117864 -0.008414 0.033407
4.1e-05 -0.037982 0.186386
0.086337 -0.073926 0.087246
0.115775 0.017123 0.029322
0.006226 -0.097907 0.121774
0.121681 -0.027844 0.052724
0.092542 -0.06659 0.09037
-0.004219 0.035082 0.185547
0.072617 -0.073922 0.065369
0.119466 -0.035689 0.053545
0.067748 -0.072571 0.13999
0.123252 0.019534 0.052835
-0.037741 0.07027 0.058137
0.123917 -0.011847 0.052705
0.076771 -0.071729 0.061567
-0.074947 -0.04677 0.097682
0.12019 0.0 0.051913
0.124087 0.005765 0.052678
0.117676 -0.008723 0.032926
0.067748 0.0728 0.13999
0.068727 0.076347 0.127608
-0.05613 -0.066131 0.089107
0.121589 0.037877 0.11478
0.000844 -0.074738 0.050888
0.08395 0.071188 0.092407
0.032716 -0.062344 0.171047
0.068428 -0.072219 0.140348
0.087891 -0.069226 0.118992
-0.003209 -0.017975 0.190715
0.072092 0.07219 0.058711
-0.059065 0.065949 0.117595
-0.016305 0.079708 0.135075
0.061362 0.080706 0.116884
0.121967 -0.000733 0.051579
0.09724 0.063487 0.136533
0.12334 0.01851 0.052818
-0.010272 -0.07902 0.142482
0.110122 -0.051456 0.121622
0.085963 0.071189 0.105561
0.065968 0.000114 0.188022
0.124118 0.003894 0.052672
-0.053717 -0.068453 0.097389
0.11135 0.051069 0.077969
0.006098 0.097906 0.096668
0.117596 0.025988 0.038608
0.12233 0.021295 0.0719
0.091033 0.065976 0.063449
0.025507 0.098038 0.100866
0.072277 0.072117 0.065544
0.063918 0.0802 0.086296
0.047617 0.086241 0.125166
-0.082889 0.030163 0.112947
0.10064 0.056199 0.069873
-0.044927 -0.073179 0.099003
-0.004395 0.057253 0.175737
-0.008177 -0.007801 0.192673
-0.012904 -0.081238 0.139656
0.066892 0.07794 0.076927
-0.029815 -0.079712 0.109411
-0.052698 -0.068442 0.09052
-0.059166 -0.06351 0.117562
-0.015404 0.090903 0.070272
-0.030243 0.070317 0.05672
-0.013879 -0.081964 0.136406
0.066908 0.076442 0.079027
0.11372 0.039077 0.053129
0.000366 -0.051086 0.182831
0.00147 0.090903 0.129332
0.011364 -0.098099 0.095909
0.009378 0.058439 0.17676
-0.013488 0.086106 0.116854
0.03036 0.074181 0.155652
0.037887 -0.081065 0.14511
0.050156 0.090834 0.111188
-0.014979 -0.090774 0.109341
-0.082317 -0.032645 0.111848
0.032379 -0.085345 0.137871
-0.072956 0.053465 0.103458
0.050267 0.08035 0.135108
0.063985 -0.072167 0.065367
-0.000177 0.047656 0.184559
0.039799 -0.079159 0.146234
0.015453 -0.073301 0.165407
0.061353 0.076304 0.070942
-0.05479 0.066148 0.083589
-0.005603 -0.065084 0.170823
-0.066425 -0.060983 0.105324
-0.067374 0.059923 0.106981
-0.000287 0.067478 0.169774
-0.003676 0.034488 0.187482
-0.040725 0.071554 0.066912
0.05988 0.08174 0.108916
0.080571 -0.020817 0.177975
0.002511 -0.040535 0.185892
-0.019612 0.003404 0.189512
0.116606 -0.035061 0.056577
0.064747 -0.076728 0.069383
0.059525 -0.071984 0.048623
-0.017738 -0.090931 0.127408
0.093701 0.062433 0.072943
0.09202 -0.062799 0.052555
-0.0549 0.068734 0.086478
0.049665 -0.085361 0.118066
0.028579 -0.09816 0.111572
-0.029527 0.02579 0.182937
0.080564 -0.072311 0.06086
0.080571 0.072897 0.118129
0.064911 -0.049248 0.176598
-0.01262 0.041068 0.182699
0.062079 0.077899 0.072286
0.109024 0.045103 0.044636
-0.078784 -0.042047 0.092647
0.107086 0.032582 0.152661
0.058502 -0.053558 0.172134
-0.002664 0.011787 0.190582
0.061539 -0.082975 0.106948
0.057758 0.080639 0.125748
0.083 0.07259 0.11843
-0.038063 -0.077315 0.091845
-0.021594 0.034745 0.181996
0.067023 -0.078761 0.094563
0.018191 -0.096328 0.097508
-0.081564 0.033625 0.09266
0.082999 0.068995 0.077693
0.004836 0.058034 0.175098
0.060319 -0.072895 0.045893
0.119761 -0.023103 0.055984
-0.051343 -0.069615 0.125664
-0.019745 -0.05362 0.173162
0.042999 -0.0737 0.152008
0.004383 -0.063539 0.17467
-0.050635 0.07248 0.107571
0.029135 0.068483 0.164664
0.061457 -0.074445 0.072231
0.066936 0.079033 0.082858
-0.0292 0.009779 0.183806
0.076144 0.073907 0.061685
0.091764 -0.062427 0.141635
-0.031612 0.080406 0.10688
0.058796 -0.081265 0.132387
-0.005631 -0.034076 0.187177
-0.027505 0.042666 0.176168
-0.004092 -0.003033 0.192232
0.067516 -0.074241 0.061916
0.065619 0.076434 0.085403
0.066795 -0.079637 0.114227
0.088262 -0.064094 0.066752
0.072497 0.072028 0.065425
0.026934 -0.080067 0.149616
0.011836 0.071817 0.16698
0.012511 -0.090722 0.130988
0.00454 0.053716 0.178218
0.083829 0.072332 0.061952
-0.006489 -0.025765 0.190728
0.013885 0.071632 0.164658
0.013038 -0.062402 0.172464
0.118185 0.010283 0.060081
0.103335 0.058937 0.087806
0.016024 -0.068071 0.167911
0.018419 -0.087946 0.127605
0.120212 0.007786 0.045968
-0.035994 0.07011 0.062215
0.014432 -0.072095 0.164024
-0.068585 -0.057076 0.11688
-0.002403 -0.090768 0.12755
0.001004 -0.086106 0.093353
0.000384 0.05261 0.180068
0.034273 0.080845 0.1466
-0.025133 0.031578 0.181581
-0.046264 0.068989 0.066354
-0.015001 0.086106 0.111894
0.064056 -0.082035 0.104806
0.112573 -0.035944 0.039996
0.021465 0.03437 0.191126
0.000607 -0.034302 0.186806
0.086382 -0.065417 0.055616
0.049268 -0.07887 0.141493
0.097251 0.059371 0.143813
0.018026 -0.086106 0.091519
0.07222 0.064913 0.152496
0.057156 0.074417 0.067826
0.128652 0.000113 0.121557
-0.076652 -0.047521 0.105653
-0.002088 -0.075831 0.157929
-0.024353 0.059448 0.168625
0.11896 -0.032044 0.05414
0.096067 -0.061194 0.060563
0.06634 0.073529 0.139248
0.013459 0.096328 0.121776
0.021421 0.015387 0.193356
0.075424 -0.072308 0.134491
0.092148 -0.072502 0.113115
-0.033225 -0.069977 0.058784
0.073312 -0.067276 0.148413
-0.051306 -0.07212 0.100795
-0.002215 -0.061896 0.172459
0.069178 -0.077354 0.116778
0.020023 0.06136 0.172723
0.114759 0.029802 0.039255
-0.015235 0.061851 0.168157
0.102242 0.054448 0.06917
0.064031 -0.081858 0.101477
-0.00136 -0.024039 0.18908
0.064074 0.082118 0.107153
0.052944 0.08615 0.109019
-0.022756 0.079806 0.127895
-0.004906 -0.034258 0.188901
0.097025 0.051685 0.147148
-0.046017 0.072813 0.107404
0.082814 -0.072308 0.105739
0.120061 -0.021203 0.055928
-0.031863 0.078284 0.129147
-0.002496 0.063159 0.173506
0.000491 0.081455 0.14099
0.036903 -0.091014 0.057918
0.005645 -0.05298 0.181727
-0.004302 0.081436 0.139345
0.064024 0.083664 0.100446
0.059112 0.082114 0.126936
0.064487 -0.074174 0.066538
-0.00729 -0.086106 0.099838
0.071179 0.074796 0.128358
-0.085758 -0.012552 0.108234
-0.028336 -0.073701 0.147043
-0.009276 0.087946 0.101215
-0.00288 0.000114 0.193078
0.025079 -0.098016 0.11799
0.003325 -0.077212 0.153198
0.054586 -0.083844 0.133106
0.059594 0.084886 0.112978
0.089399 0.064701 0.054263
-0.0482 0.073306 0.094017
0.082182 0.068283 0.073552
0.118572 0.031473 0.052216
0.080571 -0.072671 0.118129
0.042773 0.085767 0.131227
0.006384 -0.077397 0.153645
-0.08045 -0.033602 0.104177
0.103991 0.052157 0.068382
0.110469 -0.025036 0.048216
-0.035269 -0.078758 0.096833
-0.061828 -0.063796 0.11698
0.067103 0.07962 0.110628
-0.007743 -0.090903 0.124149
0.066194 0.080515 0.091824
0.002094 0.043152 0.186455
0.099346 0.060182 0.057326
0.064076 -0.084006 0.1076
0.058456 -0.080572 0.092696
-0.083468 -0.011873 0.11695
0.0828 -0.072011 0.137375
0.056047 0.082929 0.09753
0.103938 -0.043591 0.031519
0.086264 -0.069901 0.059783
0.118749 -0.037529 0.053607
-0.005451 0.066107 0.169803
0.119251 -0.036293 0.053586
0.05872 -0.077776 0.129682
0.067534 0.074475 0.070464
0.026459 -0.083098 0.1401
0.040846 -0.089173 0.111731
-0.079547 0.034845 0.113554
0.059174 0.01924 0.187389
-0.049583 -0.069945 0.088705
0.028836 -0.079856 0.150015
0.079672 0.074408 0.105918
0.036386 0.087946 0.059128
-0.086069 0.003574 0.106077
0.107139 0.055036 0.086905
0.104658 0.053226 0.058822
-0.03946 0.076975 0.118953
-0.009627 -0.086106 0.10412
0.086506 0.06289 0.054077
0.043653 -0.080019 0.140218
0.012643 0.066456 0.169665
-0.079361 -0.036201 0.097248
-4.8e-05 -0.096328 0.101416
0.054664 0.085402 0.120645
0.005902 -0.059215 0.176429
-0.032752 0.075568 0.080952
0.032338 0.076888 0.150554
0.104534 0.060229 0.104506
0.01428 -0.070002 0.166817
0.068062 -0.076071 0.062015
0.014435 0.064163 0.170883
0.09953 -0.068247 0.111076
0.119418 -0.024972 0.05605
0.080866 0.061334 0.035854
0.028171 0.097982 0.104556
-0.009188 -0.080647 0.137978
0.011889 -0.069731 0.169521
0.117566 -0.028426 0.052406
0.021242 -0.067148 0.165615
-0.040176 0.067342 0.058594
0.000641 0.039001 0.186783
-0.001285 -0.086106 0.128319
0.118869 -0.030431 0.052161
-0.077956 -0.040035 0.096161
0.099887 -0.056871 0.055728
0.049713 -0.077899 0.139679
-0.078853 0.038436 0.104665
0.041063 0.08283 0.1376
0.099289 -0.051779 0.037628
0.053346 -0.083974 0.108132
0.068604 -0.077659 0.106546
0.098445 -0.064757 0.100608
0.015463 -0.096328 0.12156
0.094971 0.061857 0.060591
-0.04416 -0.070779 0.129074
0.121209 0.02125 0.053218
0.081455 0.066063 0.151337
0.058082 0.080296 0.088498
0.019342 0.091014 0.130692
-0.041945 -0.068766 0.138543
0.076011 -0.065518 0.036765
0.040815 -0.080283 0.146545
0.044649 -0.080072 0.13957
0.016266 0.096328 0.097008
0.029719 0.07896 0.147212
-0.002815 0.082838 0.140932
0.108801 -0.052232 0.058044
-0.003862 0.087946 0.123153
-0.032089 -0.073509 0.143971
0.049365 -0.084152 0.122716
0.113074 -0.048339 0.054747
-0.03017 0.079215 0.110358
0.097565 -0.05817 0.136404
0.103145 0.054171 0.068757
0.107485 0.051689 0.074509
0.047504 0.072314 0.043617
0.009893 0.090993 0.139154
-0.040276 -0.070953 0.140719
0.121956 -0.002501 0.051581
0.06908 0.072081 0.140691
0.076421 -0.070357 0.058019
0.063148 -0.07693 0.086499
0.090688 0.053472 0.152072
0.028204 0.079604 0.150693
0.092086 -0.056197 0.153529
0.028119 -0.075667 0.155061
-0.06295 -0.060313 0.116878
8.9e-05 0.078628 0.153366
0.029221 -0.090738 0.126327
0.081789 -0.073867 0.087927
0.00219 -0.052191 0.180714
0.099274 -0.052897 0.052447
-0.050772 -0.070016 0.11239
0.114524 -0.00858 0.029574
0.031833 0.072141 0.159047
0.03498 0.087946 0.103226
-0.048495 -0.063871 0.060157
0.12101 0.030454 0.052795
0.066977 -0.079922 0.088547
0.11467 0.013611 0.149178
-0.037508 -0.072751 0.07512
0.054998 0.070234 0.040713
0.064034 -0.081911 0.101942
0.056688 0.083134 0.126803
0.094584 0.058519 0.039939
-0.076901 -0.043118 0.101127
0.12335 0.018383 0.052815
0.050243 -0.071777 0.043103
-0.005095 0.0 0.192043
0.122247 -0.008287 0.053023
-0.022592 0.081314 0.129693
0.122641 -0.01343 0.055444
0.007943 -0.087946 0.129882
-0.000542 0.096328 0.116478
0.049615 -0.085599 0.126421
0.01355 -0.071289 0.16507
0.117292 0.029972 0.040908
0.112194 0.042805 0.141464
0.105864 0.05669 0.121118
0.114626 0.00545 0.029574
-0.032022 0.025183 0.180146
0.037888 0.081065 0.145111
0.107323 -0.054157 0.052694
-0.002008 0.083097 0.140982
0.121038 -0.010159 0.055744
0.0183 0.073624 0.162125
0.058453 0.079997 0.129227
0.075012 -0.073624 0.129547
0.033898 0.090747 0.057479
0.054341 0.083555 0.085632
0.111742 -0.051456 0.104097
-0.010316 -0.09061 0.121262
0.07029 0.07429 0.057547
0.028092 -0.081486 0.150822
-0.011636 -0.075829 0.149859
0.093479 0.061497 0.135159
0.094604 -0.040081 0.16394
0.039719 -0.052986 0.177247
-0.054813 -0.067758 0.080582
0.028081 -0.083198 0.139553
0.113622 0.014403 0.047449
0.107654 0.039385 0.048897
0.031386 0.086106 0.125115
0.036711 0.090903 0.05815
-0.006162 -0.027834 0.190352
0.119734 0.035455 0.054096
0.120139 0.005412 0.051923
0.063801 0.084071 0.113609
0.043388 0.089173 0.124917
0.096451 0.058673 0.136069
0.101277 -0.046905 0.032018
-0.085474 -0.014278 0.103565
-0.02094 0.043261 0.17877
0.028235 0.074824 0.1554
0.029211 0.097906 0.108285
0.089399 -0.064701 0.054263
0.03352 0.069397 0.16294
0.02909 -0.079423 0.147897
-0.058992 0.064384 0.112962
0.058041 0.075179 0.141689
0.069369 -0.073946 0.062417
-0.073772 -0.048687 0.107228
0.036586 0.090903 0.119526
0.069047 -0.073163 0.059816
-0.070546 -0.056282 0.107956
0.085845 0.068234 0.060387
0.114423 -0.010814 0.029617
0.091182 -0.073181 0.102094
0.111126 0.029869 0.148705
0.108168 -0.040536 0.030723
0.058589 0.079628 0.06889
-0.003003 0.001968 0.190975
-0.034991 -0.075116 0.073014
0.032336 -0.077534 0.150556
0.022095 -0.07547 0.157112
0.05839 -0.0765 0.07043
0.110771 0.048506 0.055179
0.092501 -0.067699 0.105192
0.093112 0.062284 0.060992
0.009563 -0.097907 0.095896
0.061776 -0.084075 0.121443
0.101277 0.046905 0.032018
-0.003401 -0.074139 0.156855
-0.014051 -0.076619 0.146581
0.06749 -0.077891 0.106609
0.039369 0.090708 0.130511
0.040003 0.051682 0.177901
0.03701 0.061981 0.170975
0.060823 0.069275 0.041116
0.12228 -0.006749 0.053017
-0.019592 -0.072151 0.156158
0.111403 0.044307 0.043472
0.032601 -0.083706 0.137053
0.102955 -0.058564 0.12078
0.084213 -0.067528 0.062663
0.057239 -0.083848 0.090699
0.021721 0.051682 0.179499
0.122346 -0.003444 0.053005
-0.034996 -0.07072 0.146977
0.052439 -0.085964 0.115956
0.032789 0.091014 0.134254
-0.023823 0.05771 0.168038
-0.068746 -0.058589 0.104867
-0.059428 -0.065693 0.117465
-0.031029 -0.075341 0.140573
0.025011 0.081768 0.150277
-0.055285 0.067362 0.095759
0.075401 0.068802 0.144035
-0.071702 -0.052072 0.099628
-0.016874 0.081558 0.134824
0.083557 -0.027928 0.176483
0.105149 0.058079 0.115044
0.062262 0.082513 0.108975
0.061126 0.067711 0.162341
0.122074 -0.012227 0.053055
0.100228 -0.054282 0.137219
-0.024741 -0.037391 0.179734
0.063797 0.081467 0.124245
-0.031606 0.080401 0.110677
-0.038702 0.073435 0.136391
0.015326 0.072879 0.162992
-0.051254 0.069633 0.1259
0.062844 0.083478 0.095606
0.059883 0.069818 0.041292
0.111213 0.03908 0.035467
-0.005578 0.0 0.193451
-0.039921 0.077454 0.109623
0.059598 0.081889 0.093033
0.094856 0.062733 0.056668
-0.042313 -0.070103 0.140045
0.09549 -0.062836 0.058048
0.065914 -0.077939 0.067481
0.123006 0.0 0.055375
0.074308 0.071338 0.064669
-0.056379 -0.068754 0.111291
0.095699 -0.060915 0.053025
-0.007115 0.006443 0.191451
0.015388 0.072934 0.162921
-0.034782 0.072844 0.071429
0.06019 0.069578 0.041236
0.062023 -0.076094 0.072655
-0.020078 -0.051153 0.174699
0.086716 0.058578 0.149967
0.032081 0.076813 0.150765
0.11469 0.001777 0.029592
0.007694 0.053828 0.178632
-0.033841 0.07747 0.11571
0.063477 -0.064408 0.1593
0.039001 -0.077193 0.146614
0.067345 -0.07955 0.112193
0.044531 0.084958 0.134738
-0.003935 -0.008466 0.192051
-0.068045 -0.056592 0.097338
-0.081306 -0.036967 0.10264
0.103133 0.05652 0.134811
0.057665 -0.082517 0.125888
-0.08421 -0.007254 0.108715
0.0577 0.055064 0.171111
0.021893 0.082804 0.141307
0.121064 0.030723 0.053246
0.064074 -0.082118 0.107153
0.098421 0.061629 0.124609
0.029568 0.091014 0.126643
0.05007 0.036365 0.185494
0.072765 -0.073942 0.128842
0.001674 -0.054056 0.181308
0.103294 0.053808 0.055088
-0.05482 -0.066543 0.08607
-0.054814 -0.065511 0.080312
0.024242 -0.07003 0.16164
-0.05486 0.066318 0.074203
0.006708 -0.081296 0.149231
0.032403 -0.087946 0.098925
0.038008 -0.081072 0.145053
0.117579 -0.000496 0.032209
0.058063 0.081323 0.125036
0.115452 0.000113 0.152157
0.072665 -0.070198 0.147636
0.070342 0.073575 0.061921
0.027642 -0.078406 0.148887
0.103662 -0.05598 0.055018
0.100202 0.062954 0.104753
-0.051741 0.062562 0.062015
0.098118 0.063925 0.089046
0.027201 0.096328 0.113491
0.057697 -0.066994 0.164665
0.084227 -0.06198 0.054618
0.033273 0.087946 0.058278
-0.005355 -0.077632 0.148969
0.120937 0.023013 0.05327
0.045387 0.072647 0.155121
0.01828 -0.073017 0.163025
0.104251 0.056034 0.056404
0.03639 -0.09061 0.119442
0.076806 0.073678 0.06156
0.027461 0.096328 0.105556
-0.073451 0.052374 0.108536
-0.016983 -0.07965 0.134633
0.065411 -0.073883 0.138748
0.104972 0.057599 0.121014
0.053234 0.085905 0.111715
-0.011584 0.037464 0.186123
0.114505 -0.005878 0.048741
0.067038 -0.074299 0.071991
0.033648 0.076802 0.149544
0.016422 0.098142 0.096321
-0.002343 0.01805 0.19246
-0.021545 -0.06424 0.165421
-0.005369 -0.025718 0.189436
0.049328 -0.067633 0.160243
0.053436 -0.081476 0.080887
0.011128 -0.058845 0.174667
0.115396 0.000114 0.048524
-0.010622 -0.090774 0.065561
-0.023709 -0.079446 0.135767
-0.079959 -0.0321 0.116933
0.009198 0.077904 0.1572
0.054473 -0.079563 0.127892
-0.035948 -0.06968 0.059294
0.117691 0.018303 0.060577
-0.048764 -0.070217 0.119939
0.002968 0.053791 0.179815
0.00734 0.089173 0.138259
0.088004 0.059744 0.034513
-0.072637 -0.053666 0.10715
0.078732 0.030795 0.178291
0.049709 0.061726 0.16826
0.097015 -0.064223 0.120072
0.041573 0.08128 0.143269
0.117317 -0.003536 0.031556
0.023604 0.090986 0.129347
0.005454 0.056733 0.178233
0.083906 0.06924 0.13224
0.060486 -0.07944 0.130089
0.004364 0.059906 0.175598
-0.029374 0.028856 0.182238
0.045668 0.084722 0.126031
-0.011287 0.082098 0.137872
0.052109 0.064301 0.163834
0.03233 0.079474 0.150559
0.030319 -0.078751 0.152512
0.069733 0.076224 0.095783
-0.008285 0.077326 0.148243
-0.031688 0.035801 0.1771
0.009865 0.067459 0.169304
0.035324 0.090774 0.121029
-0.000357 0.000114 0.193902
-0.082999 0.011736 0.092666
0.094275 -0.065762 0.058278
0.063988 -0.081379 0.095664
-0.020097 0.069894 0.155935
-0.021683 -0.089173 0.120271
0.105874 0.043779 0.146583
-0.014912 0.090728 0.068694
0.020861 0.07692 0.156604
-0.027931 0.078806 0.122122
0.00232 -0.07157 0.162631
0.077402 0.070236 0.063942
0.040216 0.082255 0.143159
0.072283 -0.075248 0.062736
0.110269 -0.036638 0.052282
-0.056512 0.067937 0.117071
0.113449 0.04451 0.132607
-0.003505 0.010403 0.193009
0.072319 0.064969 0.037459
0.059274 -0.079467 0.101813
0.055433 0.081107 0.136204
0.091588 0.062288 0.054336
-0.04351 -0.07307 0.078233
0.069047 0.071456 0.059816
0.114709 -0.054046 0.094958
0.099286 -0.062088 0.056251
0.068378 0.063116 0.157535
0.050752 -0.066261 0.16209
0.016777 0.074456 0.163881
0.057902 0.079418 0.076098
-0.007298 -0.081946 0.141218
-0.015288 -0.07914 0.138248
0.049923 -0.011285 0.192113
-0.030017 0.080438 0.118784
-0.022715 0.080267 0.127428
0.10944 0.053213 0.08636
0.025737 0.091014 0.128666
-0.085156 0.0 0.092677
-0.002418 0.014786 0.1903
0.10016 -0.057298 0.070081
0.077684 0.07405 0.11778
0.079779 0.069016 0.062311
-0.083259 -0.027881 0.096802
-0.055119 0.066535 0.087265
0.110517 0.0319 0.048206
0.12074 -0.012966 0.048522
0.059052 -0.0145 0.189587
0.030952 -0.035782 0.188681
0.024846 0.098152 0.100523
-0.005279 -0.026255 0.189333
0.064784 -0.079598 0.121859
0.084869 0.060553 0.03801
-0.003028 0.000114 0.190473
-0.049714 -0.072185 0.117354
0.102931 -0.055478 0.131554
-0.08292 0.021769 0.109125
-0.085714 0.002042 0.11696
0.097528 -0.056069 0.038708
0.057988 -0.069489 0.040151
-0.083307 -0.01016 0.095107
0.101904 -0.053495 0.145153
0.058433 -0.078768 0.072151
0.00884 0.090874 0.139299
-0.031615 0.078065 0.097903
0.093915 -0.050844 0.154137
0.073429 0.073096 0.056281
0.110867 -0.053514 0.104138
0.082002 -0.064681 0.059168
0.063442 -0.078923 0.124977
0.060349 0.083245 0.119224
0.112886 0.048191 0.128166
0.118749 0.037529 0.053607
-0.036971 0.068884 0.059493
0.046625 0.085822 0.127793
-0.043698 0.069771 0.064933
-0.0016 0.096328 0.115103
0.066908 -0.080672 0.094493
0.093245 0.062329 0.059184
-0.045154 0.066071 0.061687
0.044415 -0.081439 0.141606
-0.001158 -0.069682 0.164274
-0.066256 0.060112 0.114497
0.09235 -0.067444 0.090415
0.116831 0.0 0.035436
-0.028081 -0.078904 0.121292
-0.082647 0.023643 0.105331
0.09992 -0.061665 0.118174
0.038794 -0.048323 0.182356
0.023961 0.087946 0.125824
-0.047311 0.074175 0.108821
-0.012512 0.058924 0.171889
0.10101 0.062935 0.073769
0.11737 0.032332 0.068977
-0.018236 0.073159 0.055968
-0.035992 -0.076777 0.114431
0.089679 -0.064969 0.074731
0.052608 -0.086002 0.114521
0.056038 0.076665 0.061158
0.051021 -0.081779 0.136622
0.069924 0.075924 0.127974
0.067973 0.005733 0.187122
-0.035427 0.075205 0.135578
0.11101 0.037225 0.049521
0.117044 -0.00946 0.031317
0.122109 0.011561 0.05305
0.075552 -0.074106 0.061796
-0.008202 0.007953 0.192703
0.096749 0.058379 0.136159
0.125562 0.000114 0.127113
0.055679 -0.058395 0.168472
0.066324 -0.071108 0.063555
0.009808 -0.079766 0.148967
0.039745 0.086106 0.111635
-0.00606 -0.080914 0.139199
0.086904 0.071735 0.124427
0.061914 0.073678 0.068534
0.006353 -0.062512 0.175909
0.034587 0.09061 0.057634
0.052459 0.084232 0.110779
0.102915 0.063446 0.113648
0.039408 0.09061 0.111604
0.060884 0.082166 0.123539
-0.054604 -0.068942 0.118903
0.028616 0.098169 0.107395
0.102627 0.056132 0.065925
0.058578 0.077465 0.13517
0.104583 -0.059136 0.104504
-0.029886 0.079343 0.127309
0.016165 0.068436 0.168855
-0.003814 0.036674 0.18508
-0.042229 -0.076128 0.115623
0.105457 -0.043715 0.034686
-0.061118 -0.065302 0.093629
0.015547 0.078123 0.157729
0.101642 -0.06054 0.120617
0.072517 -0.072778 0.061053
0.056744 -0.080358 0.080034
0.101505 -0.055434 0.069484
-0.00351 -0.006756 0.193208
0.095952 -0.060493 0.060412
0.122211 0.027718 0.075275
0.03106 -0.082371 0.148217
-0.036965 0.072911 0.140066
0.000285 0.076998 0.152678
-0.047932 0.069739 0.132447
-0.054255 -0.067845 0.093694
0.108738 0.051524 0.064998
0.013542 0.057489 0.17588
0.048401 0.080259 0.136765
0.106493 0.055119 0.080849
0.045101 -0.046236 0.182455
0.034889 -0.066635 0.166096
0.029227 0.097906 0.110208
0.087669 -0.067613 0.070053
-0.021061 0.072691 0.056499
0.126038 0.000114 0.091644
0.018758 -0.084694 0.141857
0.113944 0.017941 0.02981
-0.049741 -0.064517 0.064479
0.017544 -0.073004 0.162994
0.112849 -0.050562 0.074898
0.001946 0.000114 0.191323
0.053314 0.081702 0.082329
0.032842 -0.079774 0.149736
0.04245 -0.042873 0.186213
0.089083 0.068561 0.059254
0.042907 -0.080937 0.143887
-0.055379 -0.069573 0.109273
0.10378 0.046371 0.049848
0.043846 0.081409 0.141979
0.051299 0.066149 0.162802
0.027092 -0.072281 0.15786
0.099059 0.064514 0.104819
0.121439 0.018238 0.046147
0.054271 0.083542 0.084504
-0.039493 0.072239 0.138579
0.005577 0.058655 0.176805
0.009955 0.084049 0.142495
-0.000169 0.051101 0.180873
0.059225 -0.079384 0.131831
-0.000542 -0.096328 0.116478
0.106655 0.045845 0.050298
0.058562 -0.07567 0.053457
0.091859 -0.062646 0.134667
-0.045492 -0.070984 0.125338
0.065544 -0.066589 0.155193
0.11306 -0.045013 0.054749
0.071354 0.073653 0.063135
0.093275 0.057614 0.056424
-0.069578 -0.057729 0.101947
-0.057738 -0.065912 0.105436
-0.034232 0.079357 0.100656
0.057163 0.076057 0.151176
0.120996 -0.028722 0.051143
-0.01535 0.086106 0.069161
-0.033552 0.073696 0.070429
0.007255 0.083612 0.14259
0.035148 0.086106 0.110857
0.065174 -0.059587 0.163986
-0.020666 -0.052148 0.175841
0.058796 -0.079365 0.132386
-0.040502 0.076108 0.089396
0.113947 0.006789 0.04736
0.095831 -0.062954 0.058923
0.085433 0.073439 0.118639
0.078016 -0.065932 0.1454
0.031329 0.079193 0.151384
-0.019955 0.057115 0.172614
0.119178 0.0 0.042347
0.061089 -0.070389 0.15152
0.021197 0.056084 0.18103
0.007939 0.091014 0.131122
-0.051561 -0.071997 0.106764
0.090111 -0.047361 0.162972
-0.029721 -0.079704 0.111439
-0.084134 0.019818 0.092672
0.099455 0.057456 0.070397
-0.001765 -0.091014 0.136869
0.057299 -0.073033 0.148406
0.067436 -0.081518 0.116198
0.064086 0.084028 0.108801
0.049297 0.084368 0.121384
-0.00565 0.090708 0.135894
0.069568 -0.073295 0.067512
-0.083735 0.013764 0.104858
0.038319 -0.057373 0.173988
-0.085713 -0.01208 0.105271
0.106843 0.058114 0.104378
-0.081744 0.032589 0.116943
0.05889 -0.081602 0.089857
-0.004216 0.08054 0.141353
-0.025681 0.053925 0.170181
0.117214 0.014016 0.037809
0.116443 0.0 0.029169
0.033263 -0.086106 0.057257
-0.017738 0.090931 0.127408
0.052237 0.081451 0.137173
0.117804 0.012412 0.033818
0.103254 0.051691 0.065347
0.016136 0.084211 0.142532
0.10285 -0.045033 0.031723
0.002795 0.045963 0.184285
0.027902 -0.080414 0.148644
0.055024 0.081678 0.133972
-0.030941 -0.078592 0.112898
0.122328 0.004557 0.053008
0.086783 0.062877 0.150758
0.067035 -0.076861 0.072045
0.029498 -0.0786 0.149963
0.043549 -0.081392 0.142155
-0.033232 0.0 0.18398
0.03578 0.000114 0.194905
0.03499 -0.076854 0.148569
0.024198 -0.084173 0.139372
0.060928 0.079457 0.129425
0.102202 -0.060256 0.056789
0.018144 -0.087946 0.090761
0.107134 0.045351 0.050544
0.012993 0.070914 0.168247
0.078865 0.069688 0.063668
-0.062287 -0.064144 0.112248
-0.02553 0.090834 0.109391
0.067082 -0.079407 0.102521
0.05394 0.074646 0.145638
0.110436 0.053314 0.10417
-0.067133 0.057501 0.095758
0.102396 -0.056276 0.059244
0.101669 0.05138 0.148338
-0.004504 0.097906 0.110368
0.116417 0.003396 0.029155
0.115627 -0.003134 0.032122
0.064763 0.076727 0.069415
0.023961 -0.087946 0.125824
0.055397 -0.079198 0.136261
0.062721 0.082199 0.118621
-0.032733 0.080012 0.110922
-0.042957 0.074 0.081929
0.038726 -0.08503 0.132268
0.053538 0.085497 0.101904
0.067033 -0.078904 0.095961
0.093516 0.056986 0.040073
0.060402 -0.075953 0.136116
-0.008786 0.089173 0.133196
0.006538 -0.063225 0.17313
0.113617 0.038642 0.040665
-0.029174 -0.011375 0.183673
-0.036414 0.073937 0.131382
0.020905 0.07074 0.163391
0.064362 0.075109 0.061768
0.029936 0.074394 0.154673
-2.8e-05 -0.06942 0.167644
0.041718 -0.075336 0.150368
0.120448 -0.023516 0.051864
0.076229 -0.075372 0.128893
0.033849 0.089173 0.132995
0.001303 0.096328 0.100216
0.057719 -0.065686 0.159641
0.051366 -0.085218 0.108586
-0.083009 0.028313 0.094841
-0.014362 -0.040964 0.182204
0.100184 -0.048127 0.032224
0.104277 -0.053623 0.058895
-0.033095 0.019391 0.182529
0.111723 -0.028228 0.030057
0.066784 -0.066915 0.038499
0.10829 -0.055215 0.115468
-0.022271 -0.078928 0.131504
0.010161 0.057311 0.175784
-0.002383 -0.016779 0.189615
0.015866 0.071539 0.164935
0.049153 0.090993 0.115416
-0.080298 0.033328 0.09872
-0.011094 -0.06709 0.164158
0.046131 -0.080148 0.138526
0.117241 0.032626 0.140854
0.035201 0.09061 0.121046
0.019966 0.098099 0.09735
0.066928 -0.076954 0.081851
0.102443 0.054134 0.069069
0.090108 0.064274 0.134133
0.105458 -0.035154 0.155867
0.075487 -0.07215 0.081025
0.045259 0.084048 0.128365
-0.08008 0.038548 0.092653
-0.006949 -0.053245 0.179835
0.064578 -0.080497 0.112923
0.063566 0.076606 0.067914
0.034898 -0.089173 0.056512
0.123603 0.015814 0.052769
-0.025558 -0.091012 0.055847
-0.042912 -0.071961 0.072063
-0.083854 -0.012907 0.111123
0.008015 -0.090774 0.130743
0.085088 -0.051863 0.16349
0.095718 -0.066452 0.105032
0.033256 0.089173 0.056374
0.05053 0.057178 0.17212
-0.032406 -0.070953 0.148979
-0.011334 0.032341 0.186222
-0.036984 -0.070115 0.141613
-0.037651 -0.070534 0.144752
-0.082475 0.030293 0.116145
0.108411 -0.056273 0.104286
0.056045 -0.080208 0.068633
0.024886 -0.084966 0.140606
0.108948 0.053731 0.055517
0.057302 0.074353 0.053618
-0.083871 0.013265 0.107958
0.033862 0.087946 0.101011
0.063501 0.082198 0.115413
0.1058 0.057066 0.056114
0.119399 0.014674 0.03877
-0.06342 0.06349 0.109371
-0.016753 -0.078939 0.143819
-0.013602 -0.055299 0.176421
0.101041 -0.061043 0.120548
-0.014184 0.080213 0.13542
0.105183 0.000112 0.164102
-0.01838 0.080406 0.137836
0.104474 0.055814 0.056363
-0.030493 0.078732 0.093946
-0.073451 0.048676 0.110881
0.029609 0.089173 0.127476
0.032172 -0.077488 0.150689
0.065313 0.078279 0.068376
0.038969 0.090728 0.06068
-0.046803 0.074142 0.113766
0.000959 0.000114 0.192639
0.076016 0.070723 0.064206
0.12294 0.029963 0.129593
0.061192 0.084086 0.122858
0.038831 0.085652 0.13418
0.028394 0.097906 0.104968
-0.021623 -0.091014 0.121786
-0.006051 0.090857 0.125397
0.051815 0.084265 0.095653
0.110508 -0.044734 0.04756
0.104678 -0.064009 0.113957
-0.084681 0.021134 0.112756
0.066261 -0.079649 0.116978
0.099222 0.060266 0.057349
0.120129 0.033094 0.052606
-0.000878 -0.071357 0.162065
0.075432 -0.036049 0.178055
0.087589 -0.056484 0.150473
0.084799 0.071043 0.070026
0.070723 0.075655 0.128216
0.122049 0.01482 0.053617
-0.038394 0.075486 0.094246
-0.011551 -0.09061 0.065877
0.059399 0.051682 0.173318
0.062057 0.041413 0.180096
-0.048184 0.065295 0.064184
-0.052715 -0.067271 0.122426
0.085477 0.000114 0.178925
0.089217 0.065676 0.133861
0.114454 0.008517 0.048756
0.085196 -0.071126 0.092101
0.063561 -0.062013 0.167246
0.040263 0.08452 0.131555
0.062232 0.080659 0.110606
-0.017497 -0.091014 0.127261
0.064092 -0.078621 0.11618
0.063095 -0.068764 0.153175
0.059719 -0.076194 0.135762
0.06703 -0.074313 0.072045
0.111276 0.034506 0.030139
0.055126 -0.082117 0.078094
0.094756 -0.057288 0.053552
-0.055842 0.068043 0.119166
0.064334 -0.077416 0.097068
0.066936 0.07714 0.082878
0.058144 -0.083971 0.128433
-0.06591 -0.058905 0.097749
0.056911 0.078655 0.063049
-0.021729 0.08139 0.130542
-0.010711 -0.080516 0.137284
-0.053579 0.06305 0.067335
0.109086 0.050032 0.053999
-0.031873 0.080121 0.100958
-0.073124 -0.049528 0.094525
-0.054841 0.066565 0.086292
0.129434 -0.006655 0.103412
0.076595 -0.059647 0.156178
-0.019604 -0.005091 0.189454
0.050626 0.086119 0.120132
-0.050392 0.065378 0.068689
0.058898 -0.077132 0.135329
0.036102 -0.063921 0.168901
0.062995 -0.0711 0.060741
-0.007675 0.022491 0.189539
-0.031105 0.072588 0.142237
0.082471 -0.07311 0.10576
0.115897 -0.048652 0.081364
0.118491 -0.030829 0.051302
0.110436 -0.038481 0.049683
0.050962 0.085984 0.120112
0.111267 -0.05449 0.089814
0.007805 0.097906 0.096208
-0.081778 0.035399 0.107079
0.009697 -0.057415 0.176319
-0.016004 0.006816 0.190561
-0.08272 0.01904 0.116947
0.047717 -0.086098 0.125209
0.010006 -0.057935 0.175964
0.081999 0.064655 0.045401
0.064092 0.078847 0.11618
0.062031 0.079111 0.078066
-0.031645 0.07813 0.116943
-0.014425 0.086106 0.11441
0.038307 -0.086106 0.116609
0.074544 -0.06803 0.060987
-0.008575 -0.016966 0.191724
-0.065886 0.061575 0.099914
-0.038222 0.074792 0.087884
0.006264 0.079032 0.154337
0.029766 -0.074053 0.154278
-0.060348 -0.063418 0.091996
0.124576 -0.029777 0.089002
0.107475 0.040121 0.033553
0.083954 0.01812 0.178474
0.117573 0.0 0.037545
-0.075627 -0.045592 0.098871
0.059979 -0.084026 0.125318
0.08006 -0.07118 0.131066
0.106772 -0.050029 0.054433
0.120717 0.031902 0.053307
0.114767 0.030815 0.034891
0.031924 0.090774 0.057567
0.116229 0.009958 0.029228
-0.00172 -0.021443 0.189496
-0.029128 0.080008 0.124793
0.035337 -0.085447 0.136463
0.067083 0.078782 0.102561
-0.044817 0.075341 0.101461
0.039596 -0.09061 0.109082
0.040248 0.082256 0.143081
0.077853 0.000113 0.183027
-0.027137 -0.075377 0.138924
0.119944 -0.021217 0.063141
0.015482 0.087946 0.128067
-0.044558 -0.065655 0.059417
0.017007 0.069312 0.167885
0.105965 0.060285 0.115959
0.04197 -0.075149 0.15069
0.024953 -0.086106 0.124456
-0.07837 -0.043102 0.092648
0.09594 0.063408 0.06046
0.086909 0.067113 0.05816
0.0774 0.000114 0.181587
0.073297 -0.071716 0.065049
0.058391 -0.083067 0.123191
0.104418 -0.056355 0.065018
-0.079511 0.036061 0.109577
0.072523 0.079316 0.126038
0.003873 -0.081725 0.141552
-0.019435 0.081388 0.132792
0.072316 0.073294 0.062723
0.06224 0.077658 0.071345
0.055042 -0.0536 0.177486
0.049729 0.090829 0.041703
-0.072339 0.050688 0.108935
0.053047 0.081914 0.080302
-0.004598 0.079662 0.143937
-0.02266 0.091014 0.119821
-0.05554 0.068902 0.115095
-0.004035 0.005829 0.192166
0.00684 0.052152 0.179616
0.12608 -0.029009 0.096474
0.122107 0.0 0.052301
-0.049887 0.070974 0.082897
-0.010259 0.049408 0.17929
-0.073196 -0.049126 0.09262
0.073601 0.075385 0.098491
-0.034864 -0.079325 0.109705
0.021857 0.077513 0.155455
0.051466 0.07992 0.136172
-0.00644 -0.086106 0.125295
0.092458 -0.058506 0.052602
0.122256 0.007825 0.053022
-0.008242 0.065503 0.167051
0.041449 0.05143 0.182198
0.11054 0.046118 0.044416
0.123662 -0.015148 0.052757
0.013147 0.097994 0.095783
-0.010441 0.05301 0.178976
0.105069 -0.028902 0.156587
0.067386 0.081649 0.119493
0.019821 0.07681 0.160366
0.009225 0.087946 0.090357
0.026751 0.096328 0.104045
-0.017061 0.048894 0.177287
0.073725 -0.072787 0.062241
0.052018 -0.079024 0.139343
-0.021744 0.079896 0.128981
0.065257 0.071527 0.146891
0.005448 0.083473 0.142446
-0.015175 0.080661 0.134201
0.063023 0.07883 0.120642
0.026249 -0.087946 0.093758
0.029196 -0.097991 0.108786
-0.064967 0.062437 0.102753
0.020021 -0.098016 0.097265
-0.038756 -0.077752 0.113431
-0.002156 0.000114 0.192114
0.031203 0.086106 0.11957
0.095177 0.024431 0.167603
0.073335 -0.071603 0.057759
0.025456 -0.097907 0.100682
-0.018446 0.066345 0.161829
0.082384 0.068694 0.141668
0.077086 0.050522 0.167695
0.056171 0.082007 0.131149
0.048835 -0.080645 0.136979
0.074895 -0.055021 0.162907
0.035729 -0.091014 0.121238
-0.041269 -0.074883 0.101756
0.034713 0.077947 0.14915
-0.003654 -0.039333 0.187456
-0.007126 -0.02121 0.191464
0.01005 0.065255 0.171643
0.052738 -0.086148 0.112546
0.119112 -0.035212 0.134499
-0.045421 0.072213 0.090669
0.107661 -0.044122 0.050408
0.095987 0.065404 0.089562
-0.029049 -0.074719 0.144152
0.113596 0.04122 0.067392
-0.06029 -0.063833 0.09624
-0.007962 0.0 0.189867
0.038257 -0.090774 0.116169
0.120647 0.008589 0.143421
0.010823 0.089173 0.138508
-0.004765 -0.08265 0.140413
-0.054806 -0.065744 0.081507
0.113591 0.044261 0.072165
0.11012 -0.051457 0.121622
-0.062966 -0.061288 0.092535
-0.059548 -0.065593 0.117454
-0.080221 -0.039703 0.107975
0.035554 -0.064424 0.167634
0.018419 0.087946 0.127605
-0.085817 -0.010427 0.105504
-0.078047 -0.040352 0.099674
0.061539 -0.081117 0.106948
0.047926 -0.090835 0.119606
0.050923 -0.078999 0.147253
0.05025 0.079589 0.133303
-0.050414 0.070506 0.10057
0.000387 0.035225 0.185923
-0.043374 0.074811 0.088165
0.029329 0.080938 0.149476
0.078909 0.070761 0.134958
0.034706 -0.066277 0.165665
-0.014872 0.090774 0.111141
-0.085761 -0.004998 0.100821
0.025261 -0.073982 0.15834
-0.039173 -0.07153 0.135091
0.073303 0.076239 0.117267
0.097372 -0.067652 0.104453
0.06908 -0.071854 0.140691
-0.030676 -0.080648 0.115457
0.011841 -0.069607 0.167013
0.039398 0.086106 0.061109
-0.019395 0.090834 0.125704
0.004821 0.058007 0.175115
0.025768 -0.078432 0.153505
0.05849 -0.073902 0.054307
0.035323 -0.090774 0.121029
0.004226 0.082992 0.143537
0.112294 0.000114 0.047774
0.109378 -0.034343 0.030496
-0.070352 0.053791 0.105479
-0.031701 0.076774 0.082319
-0.004259 0.037021 0.188155
0.007377 0.053222 0.178996
0.061108 0.082577 0.117785
0.117729 0.031105 0.043223
0.089571 0.074107 0.112255
0.084396 0.067478 0.062629
-0.006216 0.09061 0.125104
0.042794 0.090708 0.127326
0.001523 0.090774 0.129234
0.107955 0.062024 0.099855
0.043 -0.073092 0.044465
0.095985 -0.010315 0.169426
0.001007 -0.052586 0.182077
-0.002533 0.013386 0.190434
0.014119 -0.086106 0.131155
0.067087 -0.081319 0.1031
0.051682 0.064896 0.163315
0.026809 -0.072718 0.161655
0.055491 -0.081228 0.083949
0.01111 -0.066566 0.170419
0.062095 -0.079505 0.127514
-0.014147 0.090845 0.114723
0.115849 0.025585 0.038906
-0.075355 -0.049831 0.099525
0.064039 -0.082172 0.111028
0.024049 0.098169 0.100015
0.037086 0.090979 0.131866
-0.0676 0.056666 0.092593
-0.07379 0.048877 0.099367
-0.005569 0.087946 0.124548
0.021801 0.071457 0.162491
-0.036859 -0.076429 0.082731
-0.016632 0.068573 0.15976
-0.036558 -0.076255 0.095447
0.094708 -0.060932 0.135536
0.099715 -0.054906 0.137064
-0.03446 0.073392 0.073313
0.018681 -0.064163 0.169044
-0.029725 0.07482 0.137691
-0.014933 0.077069 0.14964
0.119918 0.02807 0.047103
0.025545 0.077509 0.1512
0.073135 0.070414 0.142828
0.014903 0.082473 0.141976
-0.08208 -0.021405 0.092663
0.112568 0.041362 0.053346
-0.029598 0.077442 0.135873
-0.00172 0.079937 0.144564
0.120482 -0.013783 0.047842
-0.072587 0.051919 0.116899
-0.00738 -0.07454 0.053929
-0.049641 -0.067454 0.129425
0.051874 -0.080823 0.133924
-0.009609 -0.082454 0.138434
0.087982 0.051675 0.155571
0.081331 0.057907 0.155597
0.027987 0.098132 0.104668
-0.032899 -0.076006 0.084222
0.038047 0.089173 0.119354
0.045332 0.091014 0.123376
0.122641 0.01343 0.055444
0.110041 -0.050687 0.05781
0.113712 0.043991 0.054629
-0.044433 0.071043 0.070971
0.076418 0.072539 0.064122
0.008018 -0.062813 0.171432
0.06987 -0.051462 0.168808
-0.057794 -0.068154 0.103728
0.120548 -0.005126 0.046866
0.036575 -0.08415 0.14149
0.087719 0.066769 0.133399
0.04018 -0.011793 0.19246
0.028292 -0.085076 0.139626
0.056212 -0.078136 0.069014
0.074475 -0.069222 0.143533
-0.077284 0.040769 0.113466
0.114843 0.042417 0.055398
-0.030285 -0.075506 0.134716
-0.046976 0.072261 0.109657
-0.047846 -0.071061 0.117814
-0.028822 0.078736 0.120301
0.039045 0.084465 0.132517
0.018631 -0.068741 0.166031
0.121003 0.010795 0.055751
0.116542 0.003138 0.034679
0.04991 0.086281 0.121338
0.064522 -0.0788 0.069916
0.100468 -0.057423 0.052265
0.044873 -0.084328 0.137509
0.028119 0.075667 0.155061
-0.02637 -0.019689 0.18551
0.10395 0.057395 0.053032
-0.051415 0.069916 0.081526
-0.037436 -0.075361 0.122333
0.067045 -0.081514 0.111512
0.106679 0.060194 0.124006
0.1032 -0.053877 0.068723
0.035908 -0.087946 0.118511
0.049669 0.090891 0.041715
0.11848 -0.024442 0.052234
0.086199 -0.066622 0.06229
0.080103 0.064415 0.146497
0.007994 0.090903 0.130847
0.03612 -0.080959 0.145874
0.109529 -0.034656 0.048386
0.039471 -0.090903 0.11269
0.123457 -0.017466 0.052796
0.106178 -0.050121 0.047469
0.079153 0.065604 0.059871
0.000646 0.082358 0.140273
0.061675 -0.073686 0.069273
0.043253 -0.080433 0.145298
0.078175 -0.071522 0.130499
0.06406 0.084046 0.110595
-0.035272 0.0 0.181249
-0.084761 0.017757 0.116718
0.121682 0.017345 0.05313
-0.045667 -0.071488 0.122381
-0.039207 0.07477 0.09047
0.003636 -0.07532 0.051859
-0.007385 0.014779 0.189201
0.046494 -0.083452 0.140236
0.073953 -0.070321 0.060636
0.086522 0.070005 0.0918
0.058724 -0.075675 0.053907
0.051211 0.078341 0.140017
-0.00243 -0.096328 0.113632
0.111898 0.055451 0.104902
0.078925 -0.067915 0.146257
0.054048 0.074448 0.152222
0.066529 -0.073556 0.058652
0.041907 -0.078429 0.146008
-0.032594 0.079109 0.091876
0.071658 -0.05657 0.162602
0.019556 0.071714 0.164942
0.013658 -0.071166 0.168011
0.074142 -0.066022 0.041735
-0.000628 -0.028421 0.188233
0.09601 0.05755 0.05576
-0.063686 -0.060662 0.092573
0.014154 0.072082 0.166906
0.001213 -0.041077 0.186115
0.08859 -0.073461 0.120968
0.061577 0.070251 0.151932
0.092442 -0.037771 0.164738
0.112758 -0.045534 0.054806
0.028507 0.098169 0.111562
0.006256 -0.09816 0.096984
-0.010941 -0.062516 0.171539
0.086061 0.069547 0.124233
0.007785 -0.056818 0.178525
0.092541 -0.067667 0.105187
0.073326 -0.071537 0.072105
0.113778 -0.011484 0.047413
0.008541 -0.082483 0.141534
-0.013177 -0.09061 0.116762
0.067179 0.07404 0.060355
-0.013558 0.077684 0.14414
0.053652 0.085262 0.099028
-0.021732 0.0 0.1872
0.039072 0.09061 0.061171
0.028324 0.078631 0.148258
0.002872 0.045937 0.185162
0.063317 -0.077784 0.082392
-0.033349 -0.07526 0.08073
0.049133 0.068085 0.160034
-0.033246 -0.077048 0.121931
0.115282 -0.020336 0.048549
-0.000593 -0.048828 0.183922
-0.045915 0.072252 0.116429
0.08805 -0.05675 0.150681
0.015826 -0.079984 0.149463
0.10014 -0.061455 0.088559
0.039045 -0.084465 0.132517
0.064657 -0.078611 0.106774
-0.080339 0.030995 0.092657
0.056663 0.079195 0.080562
0.072645 -0.058373 0.161052
0.0836 -0.068783 0.077427
0.115118 0.03878 0.056857
0.02789 -0.098016 0.114356
0.025355 0.096328 0.116356
0.00382 0.096328 0.119808
-0.004168 0.098166 0.107301
-0.053541 0.070822 0.100271
-0.045842 -0.074777 0.111493
0.067038 0.074299 0.071991
0.021075 -0.075647 0.15892
0.127097 0.020982 0.12137
-0.021696 0.063972 0.165581
-0.038065 -0.078181 0.104631
0.052446 -0.084196 0.107587
0.097113 0.065843 0.104927
0.096844 -0.063868 0.08935
-0.014537 0.090774 0.067943
-0.015207 -0.086106 0.109341
-0.018749 0.079812 0.132271
0.028658 0.09804 0.105953
0.040001 0.085878 0.13311
-0.047614 0.070159 0.123702
0.064165 -0.077227 0.071058
0.101946 0.052582 0.142842
0.067107 0.078921 0.105879
0.120636 -0.005688 0.041191
0.043295 -0.078515 0.145275
0.027902 0.080414 0.148644
0.082894 -0.072323 0.118403
-0.031773 -0.077305 0.133405
0.025805 -0.096328 0.102617
0.062197 0.082137 0.100136
0.057745 0.075823 0.066324
0.0173 -0.086106 0.130843
-0.027003 0.078006 0.137087
0.066204 -0.079 0.117223
0.039606 0.090774 0.110882
0.056468 0.081158 0.13512
0.122175 0.010217 0.053037
0.02004 0.087946 0.129263
0.015923 0.083581 0.140961
0.012519 0.091014 0.131403
0.120923 -0.002605 0.041945
0.030109 -0.074291 0.155067
0.103588 0.058699 0.087748
0.047672 -0.036917 0.187487
0.070335 -0.060562 0.159161
-0.027786 0.080697 0.123123
0.114231 0.02806 0.036338
0.110816 0.038087 0.038361
0.108084 0.051282 0.054185
0.117713 -0.019667 0.035498
0.064374 0.07717 0.126274
0.084334 -0.07163 0.112293
0.099392 0.012705 0.168537
0.068987 -0.07459 0.0645
0.067017 0.078681 0.093765
0.103998 -0.054251 0.071722
0.119847 0.026522 0.051977
-0.011189 0.082318 0.137716
0.107217 -0.059903 0.098244
-0.042156 0.074503 0.110336
0.055535 0.071703 0.151256
0.037962 0.087946 0.113926
-0.031541 0.075212 0.134084
-0.018 0.037877 0.182205
0.017499 0.089173 0.131712
0.095645 -0.062751 0.058021
0.091898 -0.051456 0.152708
0.01702 0.06932 0.166579
-0.063891 -0.063245 0.096408
0.019161 0.071418 0.160942
0.08873 -0.069374 0.091276
0.049715 0.078257 0.141174
0.075827 0.074756 0.117578
0.120928 -0.017961 0.044428
0.00383 -0.045044 0.183075
-0.086125 0.0 0.106777
0.110457 -0.051884 0.05523
0.053619 -0.081896 0.134079
-0.030715 0.080485 0.115864
-0.003425 0.053452 0.180599
0.032448 -0.082591 0.147411
0.101053 0.061692 0.088349
0.122369 0.016858 0.055495
-0.035342 -0.068917 0.057686
0.115912 0.013327 0.048398
0.048481 0.089173 0.114589
0.059949 0.075466 0.060803
-0.082656 -0.029418 0.116495
0.098418 0.06297 0.088975
0.018445 -0.072701 0.164681
-4.9e-05 0.06611 0.168805
0.062885 -0.072769 0.066699
-0.050216 0.066998 0.066472
-0.02373 0.038183 0.181633
-0.007768 -0.014351 0.192222
0.120914 0.023092 0.053273
-0.045085 -0.072146 0.077054
0.076981 -0.051456 0.164625
0.024584 0.075636 0.159138
0.066745 -0.069665 0.058922
-0.036287 0.003538 0.18242
-0.004387 -0.090903 0.126584
0.120959 -0.001764 0.042038
0.11691 -0.026273 0.036899
0.057017 -0.076724 0.138456
0.103511 0.057067 0.057399
-0.06158 0.062259 0.112819
-0.076402 -0.046673 0.113618
0.040283 -0.076294 0.148499
0.117679 0.031575 0.049468
0.03167 -0.077342 0.151102
0.03548 -0.083861 0.135505
0.038871 0.076778 0.146666
-0.037649 0.070511 0.059023
0.009507 -0.087946 0.128094
0.088519 0.066791 0.05936
0.018705 -0.06879 0.165924
0.051329 -0.081794 0.136354
-0.082927 0.018595 0.098504
0.09943 -0.064661 0.076771
0.06478 0.079599 0.121861
0.115624 -0.040226 0.054267
-0.026992 -0.071067 0.149207
0.008621 0.098061 0.096146
0.021815 0.071405 0.162463
0.118718 0.037635 0.053687
0.023353 -0.073669 0.061952
-0.042437 -0.072986 0.075705
0.112411 0.047374 0.057372
-0.014784 -0.09061 0.111135
0.108957 0.052858 0.086473
0.064251 0.079581 0.123198
0.106346 0.043263 0.050728
0.055408 -0.045059 0.180386
-0.021845 -0.073554 0.152274
0.04676 0.086145 0.126421
0.065739 0.080379 0.090088
0.044895 0.075175 0.148563
0.089673 -0.053725 0.151536
-0.052901 0.068814 0.080138
0.002402 -0.098016 0.120031
-0.025624 -0.079744 0.132154
-0.024949 -0.034511 0.180704
-0.021399 -0.037645 0.181016
-0.001456 -0.074591 0.051318
0.116266 0.0 0.033828
0.06325 0.073653 0.062389
0.098365 0.056799 0.145961
0.106294 -0.048293 0.038978
0.084641 -0.069346 0.062582
0.048926 0.083572 0.138407
0.013139 0.083993 0.142752
-0.082734 0.028646 0.092666
-0.077275 -0.046004 0.095444
0.110142 0.053656 0.104188
0.10585 -0.05882 0.100222
-0.024551 0.05896 0.1689
0.118435 0.01566 0.041799
0.109032 0.054937 0.104245
-0.037112 -0.074287 0.072521
0.109577 -0.040384 0.049941
0.005601 0.090708 0.139012
0.046582 0.080629 0.143332
0.022204 -0.073868 0.161887
-0.003341 -0.016412 0.19089
-0.005928 0.080902 0.139267
-0.015931 0.074396 0.154352
-0.007647 0.011192 0.189496
0.084652 0.067326 0.062581
0.064087 -0.082152 0.108966
-0.064896 -0.062443 0.098182
-0.031378 -0.080351 0.113727
0.005201 0.081203 0.149017
0.01676 0.071189 0.166925
0.074798 0.07552 0.106207
0.062095 0.079505 0.127514
0.063832 -0.084074 0.113831
-0.034555 0.072139 0.066954
0.051677 -0.083703 0.136033
0.096508 -0.059926 0.071701
0.036835 -0.080043 0.148308
-0.084093 0.020227 0.092762
0.062401 -0.035563 0.183914
0.109152 0.055165 0.093816
0.107109 -0.034349 0.154457
0.03215 -0.089173 0.125754
0.039061 -0.054835 0.175729
0.080886 -0.069741 0.059297
0.087862 -0.070113 0.105462
0.079613 0.063451 0.039889
0.011156 0.078769 0.151661
0.094286 -0.065536 0.089956
-0.054861 0.064048 0.074016
0.003902 0.089173 0.137747
0.120393 0.023842 0.051874
0.09952 -0.057891 0.059797
0.110841 -0.042742 0.039739
0.028102 -0.098169 0.112918
0.089807 0.059766 0.041814
-0.016489 -0.034318 0.183973
-0.008587 0.078971 0.148884
-0.00094 -0.098016 0.100985
0.062068 -0.079994 0.082916
0.062897 0.07515 0.069257
0.004386 -0.059291 0.178178
0.06192 0.075546 0.136917
0.062207 0.075796 0.071483
0.075417 0.053476 0.163337
-0.013041 0.08115 0.135244
0.091959 -0.063675 0.061212
0.072425 0.074953 0.128737
0.032709 0.080631 0.147442
0.11163 0.030033 0.049442
0.097317 0.064288 0.120125
0.039263 0.055288 0.176195
-0.017182 0.078042 0.140282
-0.052317 0.067369 0.123163
0.058183 -0.076795 0.057555
0.02095 -0.069643 0.166019
0.078293 0.010021 0.182484
0.03426 0.081874 0.146036
0.117603 -0.025623 0.044113
0.113127 -0.037507 0.043386
-0.003023 -0.008298 0.193272
0.101112 -0.053207 0.137491
0.09527 -0.055735 0.03464
0.113527 -0.020226 0.048976
0.07671 0.079332 0.111641
-0.035512 0.074041 0.068959
0.08292 0.06242 0.035473
0.050676 0.080367 0.134711
-0.062041 -0.063619 0.11695
-0.028679 0.0 0.1861
0.115742 0.027529 0.040047
0.005409 -0.049393 0.182041
0.058335 -0.085041 0.107024
0.111244 0.034215 0.052045
0.022407 -0.086106 0.125617
0.047344 0.084763 0.123667
-0.031177 -0.042158 0.176523
0.046536 -0.084745 0.124864
0.115194 0.012708 0.031977
-0.085468 0.011345 0.10015
0.076444 -0.051456 0.164183
0.009298 0.065765 0.173384
0.071723 0.067193 0.037571
-0.067133 -0.057501 0.095758
0.078219 0.06598 0.145504
-0.048536 -0.070161 0.086435
0.097935 0.059841 0.060085
0.010258 -0.090774 0.130954
-0.053186 0.06934 0.121704
0.012259 -0.096328 0.096615
0.092136 0.050755 0.156204
0.063977 -0.083106 0.094096
0.073415 -0.068406 0.042209
-0.047434 0.069766 0.133236
0.015866 -0.071539 0.164931
0.030674 -0.080969 0.148598
-0.036399 -0.073632 0.077482
0.076861 -0.075025 0.100998
0.033906 -0.077846 0.149549
-0.005979 0.09061 0.12529
0.117126 0.000114 0.146591
-0.037135 0.078439 0.102074
0.048173 0.078806 0.142277
0.014764 -0.09061 0.130862
0.121531 -0.02894 0.053157
-0.004069 0.080853 0.140343
-0.024187 -0.071559 0.150414
0.121776 -0.042001 0.095022
0.10044 0.060117 0.053094
0.088313 -0.062098 0.055122
0.066954 -0.079414 0.085226
0.075487 0.072376 0.081025
0.013765 -0.067645 0.168111
0.012199 -0.054504 0.177673
0.027565 0.083294 0.139454
0.075309 0.072234 0.061844
0.010634 0.057449 0.176419
0.073114 0.071788 0.065136
0.098279 0.06074 0.075429
0.021942 -0.070848 0.162259
0.104796 0.056636 0.136398
0.059105 0.079379 0.132019
-0.010941 0.062515 0.17154
-0.03366 -0.077594 0.100417
0.097862 -0.053227 0.03824
-0.003689 -0.082682 0.140849
0.063323 -0.073401 0.062379
0.046001 0.081416 0.140959
-0.003973 0.086106 0.126927
0.063951 -0.080818 0.09066
0.055882 0.081033 0.073342
-0.003729 -0.072679 0.159165
0.033907 -0.077201 0.149548
0.102156 0.055648 0.059292
0.085327 -0.059876 0.149261
-0.026736 0.071455 0.152579
-0.003315 0.077095 0.155216
-0.070653 -0.053528 0.101832
0.025972 -0.08373 0.139204
0.060949 0.058466 0.166476
0.107033 0.046507 0.057528
0.088221 0.057462 0.034471
-0.028245 -0.034261 0.17932
0.111742 0.051682 0.104097
0.107879 0.054192 0.086729
-0.051402 0.064552 0.060702
0.008777 0.055997 0.17727
0.094181 -0.064595 0.054769
0.003478 0.091014 0.130244
0.073279 0.07489 0.062377
-0.035498 0.076377 0.120629
-0.047952 0.069436 0.080489
0.072017 -0.075782 0.13349
0.054115 0.080937 0.080494
0.093224 0.066434 0.090209
-0.003565 0.0 0.191623
-0.085995 0.0 0.103889
0.121857 0.015419 0.053097
0.118832 -0.014253 0.037043
-0.026775 0.080699 0.125085
0.08006 0.071408 0.131066
0.116234 -0.039731 0.067591
-0.008297 -0.001916 0.192814
-0.051688 -0.071585 0.112713
0.070252 0.076012 0.063712
-0.015462 0.091014 0.109343
0.074685 -0.072458 0.081381
-0.049229 0.070155 0.076976
0.095453 -0.060443 0.057393
0.067005 -0.077874 0.092224
0.114647 -0.004658 0.029581
-0.039493 -0.07224 0.138579
-0.023707 -0.079721 0.126777
0.071746 0.058555 0.164146
0.109736 -0.053867 0.124777
0.048639 -0.084363 0.122641
0.015221 0.070717 0.163109
0.000752 -0.057555 0.176746
0.106878 -0.05452 0.121238
0.036255 -0.062889 0.169243
0.105322 0.05452 0.049213
-0.007151 -0.073931 0.159249
0.074118 -0.073367 0.129254
0.057812 0.066792 0.164917
0.012799 0.06629 0.172201
0.074895 0.055249 0.162907
0.090698 -0.062676 0.054541
0.019838 0.098169 0.09755
-0.083989 -0.010336 0.105425
0.019998 0.097984 0.097227
0.021044 -0.096328 0.119727
0.024026 -0.063053 0.171003
0.075291 -0.068929 0.058298
0.114576 0.016721 0.031169
0.006931 -0.082283 0.14661
0.095756 0.05513 0.148079
0.076444 0.051682 0.164183
0.000713 0.097906 0.099439
0.1093 -0.034522 0.030511
0.047289 -0.071887 0.042164
0.097295 -0.061652 0.057712
-0.013188 0.089173 0.119597
-0.046333 0.069826 0.134903
0.066052 0.075325 0.064809
0.046891 -0.072427 0.043733
0.104482 -0.057605 0.087535
0.072497 -0.073967 0.065426
0.000867 0.04913 0.182198
-0.06912 0.058258 0.101168
0.035563 0.07802 0.1488
0.067042 0.078407 0.097195
-0.039075 0.071099 0.06294
0.019679 -0.084621 0.141798
-0.016286 -0.0598 0.171954
-0.003927 -0.008713 0.192039
-0.008572 -0.063509 0.169037
0.029076 -0.098064 0.110207
0.035225 -0.086106 0.108517
-0.050576 0.068292 0.124055
-0.001106 0.031982 0.188789
0.030924 -0.09061 0.125115
-0.053186 -0.06934 0.121704
-0.069643 -0.056982 0.110928
0.01842 -0.097907 0.09661
0.032787 0.035431 0.190361
0.059331 -0.079531 0.102364
0.030709 -0.081835 0.144172
-0.00573 0.076475 0.151415
-0.064363 0.062499 0.092578
0.100806 -0.058978 0.133954
-0.044023 0.073613 0.099699
0.054816 0.085653 0.114435
-0.054778 -0.06644 0.085249
-0.022827 0.071806 0.154678
-0.006377 -0.026521 0.190599
-0.053991 0.068586 0.082304
-0.066061 0.05866 0.106719
0.115271 0.023865 0.036168
0.016068 0.075437 0.049523
-0.050624 0.069666 0.090936
0.011966 -0.073535 0.164694
0.113741 -0.026172 0.033593
0.043732 0.074059 0.152954
-0.024137 0.074471 0.148864
0.116369 -0.005768 0.029177
0.064072 0.079233 0.07143
0.056749 -0.077135 0.065192
0.071274 -0.070584 0.141847
0.075696 0.074365 0.09437
-0.036587 0.070584 0.145663
0.103394 0.038183 0.156624
0.002179 0.090708 0.138399
0.119652 -0.013321 0.045016
0.02634 -0.072437 0.158836
-0.044112 -0.073676 0.10889
0.086633 -0.069772 0.137883
0.098547 -0.054827 0.042814
-0.054162 0.070269 0.096523
0.014917 0.063983 0.170295
0.031003 -0.082666 0.147397
0.01753 0.011318 0.195249
0.057321 -0.076072 0.061395
-0.05055 0.072586 0.104579
-0.001919 -0.045042 0.185454
0.057446 0.077902 0.061001
0.03997 0.081188 0.144123
-0.051128 0.072076 0.097803
0.119522 -0.015353 0.03934
0.039715 -0.060074 0.172016
0.114715 -0.023866 0.029493
0.122067 -0.012245 0.053057
0.096878 -0.018051 0.169746
-0.084294 0.0 0.106916
-0.084146 -0.006991 0.105784
0.098897 -0.059134 0.059904
0.059525 0.071983 0.048624
0.116557 0.02638 0.036014
-0.026379 0.072418 0.147004
0.075048 0.073845 0.129551
-0.057842 0.065159 0.090741
-0.038917 0.069513 0.064217
0.051996 -0.081826 0.135724
0.053813 -0.079118 0.137769
0.078995 0.069649 0.063648
0.101462 -0.046933 0.032391
0.095179 0.059926 0.13568
0.004008 -0.05861 0.178615
0.104351 0.045436 0.03526
0.104828 0.055462 0.056296
-0.050624 -0.069666 0.090936
0.081055 -0.011381 0.179184
-0.003211 -0.05603 0.178958
0.11267 0.044788 0.053317
-0.014257 -0.069971 0.162014
0.115612 0.015263 0.033598
0.002182 0.045708 0.183563
0.068154 -0.074946 0.065132
-0.00785 -0.087946 0.099116
0.086218 0.069925 0.059793
0.038962 -0.082969 0.137918
0.10836 -0.047994 0.054135
0.118097 0.050049 0.102289
0.090901 -0.066476 0.055412
0.097863 0.064657 0.10489
-0.001821 0.012949 0.191668
0.008221 -0.032276 0.191027
-0.081753 -0.024771 0.116942
0.027852 0.08102 0.146972
-0.083233 -0.028468 0.113618
0.120703 0.032564 0.053941
0.051164 -0.085292 0.111982
0.063064 0.081437 0.125717
0.087048 0.064007 0.049309
-0.079635 0.035249 0.097071
0.106253 -0.043148 0.050752
0.055567 0.07934 0.074043
0.020286 0.074875 0.047234
0.093187 0.06301 0.054855
-0.036096 -0.077291 0.086521
0.102562 0.047913 0.036136
-0.076675 -0.043226 0.108289
0.02911 0.097906 0.10734
0.038176 0.076828 0.052812
0.020489 -0.059677 0.176298
0.115126 -0.00518 0.030871
0.079925 -0.074083 0.105904
0.067073 0.075393 0.058749
0.063444 -0.082199 0.115664
0.030472 0.073379 0.155945
0.080089 0.075796 0.082659
-0.056261 -0.068494 0.091206
0.10109 0.049814 0.032057
0.039985 0.090986 0.10908
0.075164 0.075936 0.106175
-0.026153 0.079215 0.124077
-0.030272 0.041283 0.17548
-0.015667 0.091014 0.069404
-0.035256 -0.078089 0.090328
0.070465 0.07288 0.066731
0.048934 0.083572 0.138399
0.049232 -0.081691 0.138161
-0.022473 0.080289 0.127712
0.046331 0.080615 0.143487
0.111658 -0.033618 0.030068
0.035984 0.086106 0.057737
-0.037119 0.071571 0.062029
0.065773 -0.078992 0.118856
-0.015977 0.010177 0.190363
-0.036493 -0.075753 0.090632
-0.07607 -0.042752 0.11554
-0.084071 0.0 0.102177
0.009064 0.08375 0.142673
0.090926 -0.065538 0.058908
0.0973 0.064144 0.076973
0.072456 -0.072044 0.065444
0.11691 -0.028208 0.038375
0.005685 0.091014 0.130757
-0.082949 0.020452 0.112658
0.099489 0.026924 0.165272
0.017492 0.071733 0.161777
-0.013438 -0.063056 0.167692
-0.03887 0.076547 0.088051
-0.022968 0.090708 0.120321
0.116209 -0.01324 0.034829
-0.062143 0.064386 0.092439
0.029591 -0.055691 0.176952
0.002038 -0.081348 0.141767
0.053823 0.071013 0.042434
-0.071664 -0.054723 0.093326
-0.037509 0.071579 0.070093
0.109878 0.057176 0.111588
0.029175 0.078186 0.153809
-0.024921 -0.075506 0.145967
0.051735 -0.076199 0.143806
-0.065405 0.061555 0.092583
-0.003514 0.000114 0.19112
0.029455 0.090986 0.126528
-0.050596 0.069628 0.127401
0.032955 0.090931 0.134456
-0.063717 0.06093 0.107093
-0.043125 0.069877 0.133833
0.12084 0.017947 0.050371
-0.057602 -0.065305 0.090559
0.004438 -0.049941 0.182388
0.097549 -0.064107 0.089181
-0.016563 0.079787 0.134489
-0.010602 0.09061 0.065629
0.045332 -0.091014 0.123376
-0.011587 -0.090734 0.119678
-0.009737 0.059218 0.174757
-0.007125 0.006019 0.191462
-0.056747 0.067508 0.118606
-0.016752 0.078939 0.143819
-0.008506 0.0 0.190495
0.010986 -0.059477 0.174832
0.115009 -0.021943 0.034368
0.090357 -0.063858 0.134212
0.078793 -0.063968 0.149297
0.019694 -0.086106 0.126507
0.073791 -0.056724 0.161997
-0.025112 -0.090835 0.11369
-0.061239 -0.061844 0.117055
-0.053582 0.06944 0.085926
0.06389 -0.079599 0.082558
0.114231 -0.02806 0.036337
0.095871 -0.05731 0.044264
0.108756 -0.049384 0.058052
-0.030175 0.07826 0.120678
-0.020309 -0.018296 0.188023
0.050455 -0.082601 0.135334
0.112747 0.048871 0.078138
0.058694 -0.081541 0.119094
0.036476 -0.073549 0.044193
-0.074153 -0.047267 0.112117
0.047834 0.069873 0.158302
0.051379 0.086279 0.117871
0.036789 -0.083349 0.144204
-0.001726 -0.045623 0.185232
0.04205 -0.084536 0.137983
0.115013 -0.005457 0.03059
-0.014157 -0.086106 0.067156
0.10415 0.046456 0.031718
0.075706 0.072098 0.061768
0.067055 0.064541 0.156445
0.030533 -0.0737 0.156128
-0.026199 -0.079505 0.123241
0.095711 -0.059975 0.144623
-0.015238 0.035773 0.185616
0.004195 0.046 0.18267
-0.005282 -0.063772 0.169821
0.035172 -0.065979 0.166748
0.0127 0.044853 0.185295
-0.068876 0.055177 0.0926
0.092543 0.066817 0.09037
-0.005731 -0.076475 0.151415
0.038531 0.09061 0.059995
0.102569 -0.053216 0.04116
0.047717 0.086098 0.125209
0.04474 0.084693 0.127171
-0.053637 -0.070514 0.09546
0.115693 -0.020763 0.0357
0.034086 0.025986 0.192671
0.100447 -0.061192 0.088487
-0.053561 0.069195 0.121221
0.008257 0.096328 0.097046
-0.003025 0.037163 0.186748
-0.015113 0.090903 0.109341
0.066237 0.075856 0.067042
0.105514 0.051492 0.05467
0.057297 -0.076118 0.06156
0.111483 0.036172 0.03756
0.107845 0.000115 0.158958
0.124089 -0.005507 0.052677
-0.050511 0.069631 0.12758
-0.082561 -0.01719 0.092665
0.035576 0.090989 0.121187
0.112994 0.02404 0.049116
0.080552 -0.056164 0.160526
-0.031443 0.080571 0.109418
-0.081289 -0.026923 0.11694
0.05965 0.079635 0.085781
0.060349 -0.084036 0.124619
0.038176 0.076828 0.061952
0.123704 0.014555 0.052749
0.036533 0.07777 0.151207
0.114275 0.000114 0.048044
-0.076694 0.042355 0.092637
0.081999 -0.064655 0.045401
-0.050629 0.064271 0.065316
0.022588 -0.084062 0.139798
0.091278 -0.058908 0.056906
0.102227 0.060258 0.056787
0.006634 0.054733 0.179848
0.003081 -0.067675 0.170333
-0.001115 -0.031879 0.188797
-0.009112 -0.074913 0.153055
0.09852 0.051682 0.055146
0.07163 -0.069843 0.057604
0.039917 0.076828 0.14801
0.029205 0.091 0.136036
0.065025 -0.029655 0.183109
-0.015106 0.026053 0.186731
-0.084926 0.020797 0.106443
0.085656 0.07058 0.11873
-0.005075 -0.027521 0.189097
0.120938 0.011998 0.055764
-0.041931 0.076453 0.098857
0.035437 0.087946 0.05866
0.039574 -0.085679 0.133667
0.079796 -0.064453 0.146334
-0.002059 0.07897 0.147116
-0.063986 0.063251 0.105614
0.099498 0.054182 0.062472
-0.001238 0.027435 0.190899
0.040323 0.075864 0.148551
0.122338 0.003447 0.053006
-0.037662 0.070363 0.058122
0.121677 0.015408 0.045992
-0.055119 -0.066535 0.087265
0.018451 0.084372 0.142234
-0.079958 0.034523 0.110422
0.093748 0.06124 0.135243
0.055871 -0.083079 0.084131
0.05927 0.081767 0.115932
-0.0054 0.031931 0.189471
0.015892 0.084298 0.142361
0.066574 0.073169 0.064306
0.116897 0.034319 0.056523
0.114759 -0.029802 0.039255
-0.014425 -0.086106 0.11441
-0.07416 -0.048299 0.100005
0.057173 0.083933 0.129828
0.020996 -0.087946 0.091486
-0.032298 -0.076989 0.089642
0.085182 0.013123 0.176628
0.004072 -0.024073 0.192364
0.067214 0.074743 0.071312
0.060437 0.080373 0.123441
0.095382 0.062914 0.058071
-0.047766 -0.074002 0.106917
0.025799 -0.073622 0.15778
-0.078048 0.043848 0.112196
-0.006267 0.024754 0.187923
-0.032544 0.003268 0.182575
-0.001158 0.069682 0.164274
0.06098 0.082169 0.123314
-0.033007 -0.034775 0.178638
0.003099 0.045143 0.182312
-0.075735 0.049233 0.100168
-0.045329 -0.072077 0.089145
0.017851 0.08277 0.141504
0.005747 -0.073322 0.160828
0.121479 0.000113 0.138577
0.081374 -0.063134 0.14716
0.103349 -0.046795 0.049953
0.095456 -0.065991 0.105017
0.118392 -0.03843 0.053748
-0.084108 -0.025836 0.104748
-0.033226 0.077927 0.110014
-0.034056 -0.07295 0.069336
0.090926 0.065538 0.058908
-0.046347 0.069494 0.076964
-0.085882 0.0 0.11536
0.047292 0.084722 0.134214
0.002049 0.042866 0.186515
0.11899 -0.027041 0.05613
0.074383 0.06833 0.061026
0.112442 -0.041656 0.053378
0.12359 0.01012 0.072723
0.089505 -0.065763 0.074808
0.097528 0.056069 0.038708
0.096764 -0.062445 0.052916
0.052643 0.080965 0.138821
-0.047926 0.066411 0.067584
0.129716 0.000114 0.110903
0.036215 -0.080517 0.147126
0.061966 -0.075277 0.068275
0.06711 0.079555 0.10607
0.099753 -0.056238 0.042655
0.081037 0.07021 0.131365
0.001988 -0.020412 0.191268
0.102738 -0.054453 0.068938
-0.083858 -0.009681 0.114617
0.034386 -0.079847 0.149295
0.07908 -0.066663 0.055863
0.028103 -0.078557 0.148459
0.012912 0.082562 0.147236
0.126641 0.01826 0.114426
0.005087 0.087946 0.127359
-0.013413 0.080336 0.142218
-0.033863 -0.078816 0.092785
-0.008251 0.068795 0.165911
0.065876 0.081773 0.111993
0.077621 0.071499 0.080072
0.114494 0.001276 0.048744
-0.033554 0.032079 0.179266
-0.008146 0.008027 0.192641
0.11929 0.04323 0.052812
-0.054955 -0.060211 0.061366
-0.013944 -0.081868 0.136489
0.019342 -0.091014 0.130692
-0.048445 -0.066041 0.06015
-0.06277 -0.061888 0.10536
0.09918 -0.063487 0.104806
0.015404 -0.06031 0.173405
0.003299 0.079436 0.152628
0.000518 0.031986 0.18856
-0.001732 -0.090994 0.128196
0.071098 -0.051455 0.167366
0.038155 -0.058594 0.173614
-0.015434 0.075784 0.152022
-0.008307 -0.000755 0.192827
0.042494 0.086068 0.130957
0.075059 0.073015 0.064435
0.056656 -0.082255 0.092268
0.122121 0.034649 0.082359
0.032171 0.080662 0.147494
-0.000288 -0.098145 0.117975
0.099351 0.061884 0.120348
0.006416 -0.086106 0.091574
0.089893 -0.068106 0.119224
0.077525 -0.073419 0.061425
-0.007906 -0.039149 0.186522
-0.0836 -0.025696 0.096075
0.005013 0.000111 0.193299
-0.077485 -0.041609 0.098651
0.036802 -0.090986 0.05804
0.064025 -0.069771 0.044709
-0.070591 -0.056293 0.09542
-0.03122 0.078589 0.108072
0.084277 0.071965 0.10565
-0.03179 -0.080098 0.097713
-0.065459 -0.061974 0.103624
0.108014 0.000112 0.16121
0.098644 0.062809 0.088921
0.010161 -0.057311 0.175784
0.115728 -0.03049 0.061976
0.050215 0.066805 0.161392
0.003059 -0.054916 0.177135
-0.003926 0.008713 0.192041
0.066947 0.076741 0.084333
0.017981 0.090708 0.13918
0.023563 -0.074854 0.160318
0.121088 -0.025717 0.055738
0.038189 0.051018 0.181168
0.099389 -0.051468 0.054935
0.041809 0.000113 0.192672
-0.033708 0.0 0.183756
-0.06731 0.056438 0.113585
-0.06082 0.065649 0.109506
0.013614 -0.075031 0.048488
0.062221 0.080513 0.104088
-0.032683 -0.02863 0.180723
0.105207 0.057941 0.087363
-0.07598 -0.047975 0.092633
0.031788 -0.079285 0.146017
0.12915 0.000116 0.100069
0.011896 -0.070349 0.166086
0.103105 -0.051542 0.138098
0.083401 0.064148 0.05883
0.04705 -0.061344 0.169201
0.027908 0.083617 0.144864
-0.056019 -0.066185 0.08896
-0.080865 -0.031845 0.108465
-0.0754 0.045981 0.106032
0.109445 -0.042908 0.036855
0.040671 0.089173 0.062215
0.061635 -0.082991 0.10847
0.124904 -0.023857 0.119867
0.004443 0.081536 0.142108
0.120038 -0.018969 0.042047
-0.025017 0.077537 0.140666
0.031536 0.082455 0.147917
-0.013373 0.090986 0.117231
-0.041166 0.067004 0.058778
-0.04879 -0.06747 0.130967
-0.033985 -0.079636 0.107113
-0.025296 -0.028597 0.182366
0.085711 0.061286 0.054257
0.038871 -0.07655 0.146666
0.000394 0.07981 0.150856
-0.061213 -0.064306 0.117066
0.046657 -0.090993 0.121515
0.032518 -0.082604 0.147353
-0.035392 0.019275 0.181388
0.001004 0.086106 0.093353
0.06594 -0.07187 0.059258
0.094857 -0.055904 0.039484
-0.08077 -0.031352 0.111978
0.118059 0.049098 0.113813
-0.023671 -0.090993 0.117836
-0.038993 -0.077853 0.107147
0.120343 0.012622 0.053663
-0.059931 0.063368 0.114788
-0.032383 0.076851 0.088755
0.018026 0.086106 0.091519
0.013958 0.065636 0.170654
-0.005957 0.0 0.190344
-0.013908 0.007668 0.189659
-0.000514 -0.034596 0.188103
0.010241 0.096328 0.096728
0.113831 -0.027418 0.048496
-0.053301 0.063497 0.061059
0.033356 0.090899 0.05732
-0.025573 -0.090798 0.109284
0.086035 0.067181 0.132885
0.081303 0.072291 0.093038
0.099812 -0.054962 0.052323
0.011382 -0.063966 0.174092
0.059907 0.079894 0.109904
-0.026199 0.079505 0.123241
0.035122 0.065605 0.166634
0.068062 0.076071 0.062015
0.024578 -0.097907 0.118516
0.075877 -0.064881 0.149187
0.112233 -0.033692 0.049312
-0.033041 -0.034618 0.178675
0.070885 0.058096 0.167473
-0.036525 -0.069862 0.062296
-0.083583 -0.028459 0.103686
0.065111 0.078403 0.068726
0.031618 -0.089173 0.056531
-0.015896 -0.089173 0.067727
0.000384 -0.05261 0.180068
0.082582 0.069486 0.067974
0.064521 0.072608 0.059731
-0.078581 -0.039062 0.100656
0.081553 0.066271 0.056774
0.090591 -0.053391 0.151997
0.039484 0.081146 0.144394
0.053281 0.08572 0.104452
-0.00729 0.086106 0.099838
0.101943 -0.056238 0.046484
-0.020485 -0.08047 0.129763
0.092141 0.063396 0.134753
0.046938 0.085971 0.126504
0.100716 0.053916 0.13737
0.068002 -0.073511 0.069527
-0.013523 -0.07385 0.055084
0.120656 -0.003674 0.047152
-0.024397 -0.089173 0.109385
0.11929 0.04323 0.061952
0.054843 0.085296 0.101543
0.069157 0.075562 0.12774
-0.082353 0.021587 0.116945
0.038685 -0.090984 0.059614
0.105089 0.057245 0.087391
0.06031 -0.06815 0.155823
0.072283 0.075248 0.062736
0.10202 -0.019259 0.162865
0.08343 -0.073628 0.122745
0.023074 0.097906 0.098768
-0.002369 -0.017766 0.192401
0.10353 -0.059319 0.087762
0.116204 -0.026488 0.035128
0.006958 0.060909 0.17521
0.065786 -0.079623 0.118836
-0.00594 0.029115 0.190095
0.112279 0.033772 0.049283
0.063858 0.080686 0.078169
0.115476 0.02663 0.033296
-0.047952 -0.069436 0.080489
-0.034624 -0.075485 0.073585
0.006599 -0.078553 0.151152
-0.01123 0.082194 0.137784
-0.013909 -0.09061 0.067311
0.000435 -0.08163 0.140724
0.083185 -0.072813 0.105718
0.094794 0.062525 0.13009
-0.07726 0.044022 0.11692
0.046108 0.07209 0.156036
0.023281 0.072596 0.160643
0.054402 0.079674 0.07266
0.116742 -0.041948 0.079391
0.025403 -0.079445 0.155546
0.03997 -0.078306 0.146956
0.111564 -0.034281 0.035564
0.124928 0.016763 0.12575
-0.085601 -0.007927 0.116959
-0.076749 0.046834 0.109928
0.058589 -0.079628 0.06889
0.059931 -0.071233 0.046494
0.092568 0.032725 0.168889
0.009983 0.080731 0.146372
0.093606 0.057012 0.035153
0.041468 -0.07776 0.146267
0.04342 0.073607 0.152572
0.116328 -0.030357 0.044225
0.021941 0.084017 0.139944
-0.013732 -0.087946 0.111769
-0.070351 -0.054922 0.116888
0.115867 -0.014555 0.048494
-0.006708 -0.055814 0.178207
-0.027925 0.046193 0.176098
0.041596 -0.084577 0.130406
0.023604 -0.076527 0.15344
-0.086088 0.0 0.112266
0.117693 0.020552 0.041363
0.120379 -0.025999 0.053376
0.003663 -0.083559 0.142057
0.095937 0.000112 0.171993
0.114822 -0.024011 0.054443
-0.024364 0.078536 0.138238
0.111772 -0.044909 0.061927
0.112488 -0.051457 0.100739
-0.057319 0.066204 0.099769
0.090063 -0.059989 0.142476
0.119508 -0.018537 0.052571
0.091521 0.065946 0.140186
0.120788 -0.014439 0.055791
-0.01253 0.09061 0.118061
-0.007646 0.090816 0.124094
0.047193 -0.082428 0.138344
0.069073 0.062393 0.158127
0.035534 -0.077373 0.148809
0.063169 0.076526 0.086489
0.121227 -0.000978 0.05571
0.060566 0.082654 0.096048
-0.018838 0.0 0.189806
0.017521 -0.063387 0.170595
0.069435 -0.0754 0.143311
0.029398 -0.080461 0.150097
0.051384 0.045764 0.181207
0.072786 0.067603 0.148699
0.007564 0.053577 0.178781
-0.079122 -0.034711 0.116929
0.093748 -0.061014 0.135243
0.037156 -0.080516 0.142599
0.084147 0.073196 0.087646
0.087198 0.067411 0.075838
0.056588 0.085291 0.117027
0.07198 0.000114 0.184093
0.119226 -0.0197 0.052094
0.118818 -0.005729 0.035833
-0.054915 0.064285 0.066879
-0.043042 0.073896 0.097302
0.043251 0.074409 0.152359
-0.012432 0.050232 0.180015
-0.023969 -0.045666 0.176263
0.063438 -0.081451 0.124985
-0.06703 -0.058804 0.116877
0.09191 0.067884 0.09052
-0.015925 -0.090993 0.128997
-0.042453 -0.072685 0.124731
0.039567 -0.053534 0.176897
0.069047 -0.071229 0.059816
0.055456 0.077731 0.06497
0.095179 -0.059699 0.13568
0.115729 -0.016522 0.034259
0.080388 -0.060234 0.153267
0.061465 -0.084061 0.122176
-0.014246 -0.06676 0.163239
-0.029689 -0.080538 0.119179
-0.022423 -0.075327 0.143578
0.019972 0.072302 0.162649
0.074291 0.073292 0.064674
-0.04195 -0.074166 0.116445
0.088199 -0.063134 0.04292
-0.082612 -0.022059 0.100063
0.117166 0.004259 0.031179
0.040345 -0.084524 0.131487
-0.039495 -0.073066 0.071031
-0.084828 -0.011693 0.092676
-0.077637 0.03996 0.092643
0.118658 0.010405 0.041407
-0.015487 -0.090986 0.069428
0.042538 0.079563 0.14473
0.056891 -0.077844 0.134272
-0.032003 0.07988 0.097735
0.081277 0.070578 0.078444
0.064306 0.078995 0.07058
0.03155 -0.07234 0.158396
-0.014084 0.090903 0.067202
0.041021 0.089173 0.109075
-0.083288 -0.005317 0.092668
0.087416 0.053791 0.157584
-0.01237 -0.087946 0.067154
-0.073034 -0.049974 0.105945
0.093436 -0.070662 0.121605
0.103244 0.057673 0.125916
0.023866 0.025467 0.191835
0.057972 0.081308 0.125151
0.075365 0.068128 0.144001
0.107176 0.0559 0.086895
-0.013377 0.090903 0.066598
0.118941 -0.022694 0.040479
0.05146 0.084734 0.113174
0.111016 -0.040932 0.03754
0.023865 0.089173 0.130159
0.045944 -0.05146 0.17679
0.075938 0.058452 0.161682
0.069948 0.071784 0.062094
-0.081237 -0.030298 0.109191
0.001155 -0.089173 0.130267
0.026716 0.074201 0.156679
0.064709 0.0581 0.165084
0.06228 -0.073162 0.067712
-0.068938 -0.055627 0.098876
-0.075553 0.045856 0.102433
-0.031258 0.080331 0.11485
0.094468 0.06564 0.058243
0.122437 1e-06 0.046692
0.108821 -0.051458 0.056372
-0.006712 0.01403 0.190986
0.076368 -0.072413 0.129954
0.099211 -0.06254 0.057351
0.023466 0.086106 0.093247
0.120265 -0.007696 0.040227
-0.080008 0.039135 0.093791
0.114466 -0.026049 0.035426
-0.007939 -0.090835 0.134735
0.007256 -0.052981 0.179137
-0.059419 -0.066844 0.097233
0.014119 0.086106 0.131155
0.118697 -0.032439 0.05369
-0.06202 -0.063637 0.116953
0.120741 0.017857 0.071106
0.114115 -0.014295 0.048837
-0.083627 -0.015171 0.104617
0.115552 -0.037715 0.056775
0.070262 0.067711 0.037846
0.061788 -0.083705 0.095982
-0.002915 -0.006 0.190873
0.120581 0.025075 0.053338
0.087708 -0.069307 0.118972
0.021919 0.090863 0.138453
0.022658 -0.096328 0.118753
0.053547 -0.083168 0.096357
0.003304 0.054464 0.179428
0.076906 -0.078925 0.114464
0.089679 0.065197 0.074731
-0.038888 -0.077835 0.110291
0.120338 -0.021938 0.140564
0.065895 -0.073479 0.064947
-0.04796 -0.066836 0.061881
0.030902 0.082337 0.148329
0.030585 -0.08262 0.141475
0.046356 0.051684 0.177319
0.003088 0.054035 0.179678
-0.061289 -0.063133 0.098088
-0.056093 -0.067001 0.107225
-0.043446 -0.069841 0.072685
0.075942 0.07075 0.064223
0.120272 0.000115 0.14463
0.088697 -0.069462 0.11909
0.040596 -0.085987 0.132565
0.047344 -0.084763 0.123667
0.110285 0.045251 0.053773
0.118497 0.038335 0.053973
0.106318 0.043391 0.031071
-0.0164 -0.089173 0.127474
0.037892 0.091014 0.118005
-0.064202 0.060645 0.103391
-0.012435 -0.09061 0.066247
0.02375 -0.072992 0.16011
0.119237 -0.016593 0.044571
-0.072653 0.050565 0.097409
0.005458 -0.083701 0.142262
-0.026145 -0.025981 0.184369
-0.001071 0.027695 0.187868
0.11451 -0.042453 0.048418
0.086838 -0.06633 0.062171
0.092134 -0.067779 0.11171
0.016846 0.061939 0.171478
0.014281 0.069992 0.166815
-0.029233 0.07972 0.114763
0.003536 -0.090986 0.130106
0.009061 0.083849 0.142566
0.114305 0.013287 0.029693
0.026835 0.089173 0.128952
-0.066387 0.060641 0.109898
0.066546 -0.079634 0.115589
0.062085 0.080377 0.085307
0.102914 0.056676 0.05516
-0.08131 0.026475 0.092659
0.081685 0.069858 0.060643
0.088505 0.066319 0.057865
-0.03613 -0.078063 0.121014
0.003265 0.081804 0.141286
0.056152 -0.07746 0.133883
0.06386 -0.07767 0.072773
0.088346 -0.067648 0.061887
-0.075298 -0.045733 0.094751
0.064196 0.072288 0.065146
-0.078048 -0.043848 0.112196
0.06098 -0.074502 0.064522
0.114375 0.034297 0.037421
-0.00392 0.040684 0.185203
0.021422 -0.090928 0.129893
-0.084 0.026499 0.107828
-0.009913 0.091014 0.133239
0.084946 0.066578 0.136452
0.028074 0.08174 0.150193
-0.075712 -0.048174 0.11242
0.033401 0.081777 0.146509
0.061702 0.083257 0.111364
0.074619 0.066084 0.037025
-0.07502 0.044351 0.11691
0.072976 0.074734 0.128906
0.032902 0.09061 0.057521
0.112446 -0.051458 0.107201
0.068355 0.073936 0.068971
0.108399 -0.051594 0.055624
0.104153 0.042078 0.153245
0.118715 -0.037637 0.053688
0.020177 -0.077054 0.159958
0.088603 0.065874 0.075208
0.059185 -0.081494 0.086914
0.01127 -0.083225 0.141251
0.121844 0.027615 0.053098
0.126657 0.029715 0.104697
0.061547 0.074888 0.073236
-0.007728 0.081049 0.143817
0.115251 0.015007 0.032553
0.015454 -0.076734 0.160183
0.072113 0.059341 0.160622
0.082294 -0.072541 0.105771
0.049316 -0.077332 0.141815
0.051239 0.07899 0.139999
-0.054663 0.066683 0.075218
-0.083115 0.019121 0.102328
-0.033005 0.034821 0.178635
0.123507 -0.026503 0.123642
0.093962 0.066679 0.090033
0.087088 0.070402 0.091665
-0.034022 0.069778 0.05893
-0.031128 0.080508 0.1137
-0.010173 -0.05557 0.17736
0.054031 0.081033 0.137573
0.100965 -0.06291 0.104709
0.059866 0.073261 0.046261
0.021946 0.081767 0.150285
0.058966 -0.08211 0.127119
-0.084 -0.026499 0.107828
0.003632 0.044434 0.18335
0.064092 -0.077997 0.11618
0.064675 0.067597 0.154484
0.039132 -0.090903 0.060644
0.061369 -0.070611 0.039516
0.01136 -0.097991 0.09579
-0.034615 0.075542 0.074219
0.10556 0.000112 0.161369
0.075275 0.068932 0.143936
0.113127 0.037507 0.043386
0.01608 0.090708 0.139352
0.080402 0.073623 0.118108
0.012518 0.090986 0.131257
0.060509 -0.079466 0.130043
0.115829 0.019539 0.14901
-0.083351 0.027872 0.097856
0.015951 0.09815 0.122113
-0.010415 0.086106 0.111073
0.085433 0.049838 0.162556
-0.017795 -0.064525 0.164244
0.007986 0.059441 0.175712
0.067017 -0.065094 0.156403
0.004651 -0.050522 0.183071
0.074497 0.075834 0.11741
0.049484 0.068405 0.1604
-0.021337 -0.07202 0.151552
0.111987 0.037849 0.040917
0.091626 -0.067115 0.068287
0.087544 -0.066283 0.075676
-0.052431 0.065748 0.074771
-0.052422 0.069568 0.122955
0.050503 0.054907 0.176046
0.095472 0.061062 0.072168
-0.04416 0.070779 0.129074
0.080541 0.07104 0.063353
0.113093 -0.034006 0.039078
-0.006944 0.010374 0.191253
-0.083793 -0.006018 0.116952
0.064251 0.073282 0.061769
0.064832 -0.071758 0.064587
0.063884 0.079458 0.081726
0.008867 -0.055997 0.177281
0.068447 -0.068284 0.043488
-0.083518 -0.016785 0.110394
0.079317 -0.071572 0.13084
-0.054557 -0.069788 0.113075
-0.010143 0.073824 0.052951
0.018961 -0.068306 0.165629
-0.000836 0.029979 0.190357
0.081657 0.051683 0.161552
0.004216 -0.050275 0.183116
-0.026906 -0.079444 0.122002
0.057804 0.084373 0.096051
0.103747 0.055896 0.055002
-0.003973 -0.086106 0.126927
0.109858 -0.045874 0.053854
0.069145 -0.017014 0.184175
0.035296 0.081446 0.144575
0.124186 0.018631 0.08651
0.122528 -0.001096 0.047069
0.123622 0.007233 0.051126
0.061103 -0.077877 0.125283
0.103219 -0.052959 0.068724
-0.008046 0.036124 0.187559
0.061785 0.08139 0.128043
-0.001267 0.081081 0.141098
0.042137 -0.027409 0.191269
0.034696 -0.086106 0.113169
0.002638 -0.080288 0.145363
0.077499 0.064917 0.036485
0.092857 0.065268 0.061039
0.098445 0.067831 0.087582
0.110086 -0.048613 0.069565
0.091898 0.051682 0.152708
0.053117 0.083929 0.105117
0.02193 0.078248 0.157933
-0.037141 0.074975 0.125377
0.087934 0.065671 0.049248
0.08069 -0.069822 0.059334
0.052523 -0.0829 0.085763
0.061539 0.083202 0.106948
0.10457 0.044631 0.053673
0.088988 0.068782 0.091214
0.1082 -0.054061 0.128712
0.066166 0.07778 0.06704
-0.054956 0.0625 0.06137
-0.030751 0.078789 0.110187
0.097827 -0.062156 0.060105
0.018124 0.075549 0.162326
0.024988 0.098099 0.117927
-0.038063 0.077315 0.091846
0.066185 0.073602 0.139166
-0.052669 -0.07078 0.114819
-0.001798 -0.08215 0.139713
0.006355 -0.054638 0.180782
0.113672 0.019944 0.029828
-0.002314 -0.098016 0.115784
0.095002 0.063997 0.060636
0.055819 -0.083105 0.099252
0.101267 0.051908 0.041341
0.021626 0.084669 0.141492
0.095871 -0.065242 0.08958
0.058453 -0.078714 0.092654
-0.015236 0.090798 0.069628
0.062102 -0.08211 0.121504
-0.043287 -0.073111 0.119856
0.044224 0.07778 0.143721
0.075696 -0.074138 0.09437
-0.082326 0.031823 0.095779
-0.022692 0.062357 0.166732
0.028851 -0.098121 0.107142
0.058899 0.078737 0.132278
0.037936 -0.078175 0.147857
-0.082723 -0.022159 0.112185
0.119319 0.037094 0.126549
0.076981 0.051682 0.164625
-0.082142 0.026103 0.102787
0.113006 0.040545 0.053267
0.065735 0.079622 0.119026
0.124702 -0.006897 0.129646
0.030493 0.073359 0.155958
0.029715 0.078959 0.147215
0.022392 -0.076519 0.1574
0.021572 0.073353 0.157714
-0.043676 0.075399 0.094402
-0.083966 -0.003331 0.10086
0.090043 0.060565 0.053175
-0.032265 0.079349 0.091541
0.115338 -0.037673 0.0685
0.069175 -0.076782 0.095918
0.039951 -0.085957 0.133078
-0.084268 0.0 0.106069
0.009284 -0.076295 0.156471
0.107707 0.055453 0.118816
0.076595 -0.071729 0.080521
0.102436 -0.05195 0.137894
0.087505 0.066007 0.062044
0.080866 -0.061334 0.035854
-0.020002 0.081285 0.132477
-0.014489 -0.081019 0.134379
0.048957 -0.089173 0.111825
0.10236 -0.052101 0.051708
-0.001899 -0.028358 0.188971
0.007171 -0.090708 0.139231
0.068555 -0.037179 0.180822
0.026894 0.07238 0.158104
0.099349 -0.058906 0.048187
0.026839 0.098164 0.102816
-0.077778 0.041162 0.102703
0.098282 0.057271 0.141686
-0.028888 0.022338 0.182249
0.037988 -0.090898 0.117118
0.059151 0.072067 0.149914
0.100813 -0.060433 0.120522
-0.079217 0.040691 0.114276
0.097549 0.064334 0.089181
0.106169 0.05515 0.058536
0.013301 -0.075469 0.050042
-0.054814 0.065596 0.080677
-0.022847 0.089173 0.117638
0.074211 -0.072733 0.081603
0.019689 0.074905 0.047347
0.029761 0.082091 0.149141
-0.013896 0.052748 0.178023
0.09732 0.063861 0.057706
0.11845 0.025579 0.04665
0.104284 -0.043128 0.031453
0.096184 -0.066201 0.10498
0.088799 -0.051461 0.154816
-0.03333 0.077916 0.084846
0.110279 0.056272 0.080471
0.064009 0.08352 0.098503
0.094311 -0.061547 0.060766
-0.068009 0.059189 0.095095
-0.020442 0.080761 0.134293
0.060934 -0.082167 0.12344
0.053457 -0.085669 0.104456
0.061723 -0.080694 0.115017
0.053538 -0.085338 0.099519
0.017545 0.072995 0.162994
0.118257 0.02563 0.040253
0.075309 0.025616 0.181403
0.016579 0.098169 0.096551
0.041486 0.075713 0.150061
0.030487 -0.073181 0.155914
0.062111 0.010555 0.188999
0.044588 -0.090708 0.125223
0.102803 -0.054747 0.050354
0.023013 -0.098016 0.098828
0.062632 0.071461 0.060942
0.12026 -0.00934 0.060753
-0.002951 -0.004899 0.190915
0.038455 -0.091014 0.059067
0.113205 -0.04071 0.048069
0.104797 0.009096 0.164085
0.029766 0.074933 0.154278
0.005802 0.090774 0.130383
0.115357 0.000114 0.048533
0.078285 -0.054295 0.166351
0.05345 0.085364 0.099516
0.082091 -0.065161 0.055082
0.001404 -0.090986 0.129453
0.00633 -0.090905 0.139005
0.063966 -0.081059 0.092718
0.120375 0.025305 0.046482
-0.080297 -0.038661 0.112067
-0.01219 0.020167 0.190317
0.085182 -0.071981 0.105605
-0.060367 -0.065726 0.091999
-0.051319 -0.067392 0.125719
0.120984 0.0 0.042114
-0.030044 -0.078645 0.116985
0.059819 -0.069887 0.041303
0.108998 0.055888 0.104254
-0.079008 0.035983 0.09265
0.114951 0.028734 0.033571
0.075325 -0.072921 0.06436
0.082733 0.062775 0.147888
-0.025918 0.030591 0.183263
0.119245 0.028309 0.051409
0.062312 -0.077579 0.07105
0.070526 -0.071568 0.061832
0.001179 0.080181 0.14512
0.111345 0.043549 0.053578
-0.018276 0.076004 0.145147
-0.034977 -0.071684 0.140179
0.078071 -0.073673 0.117833
0.121156 -0.006482 0.055722
-0.005958 -0.032556 0.187555
0.045418 0.082585 0.139706
-0.021682 -0.04264 0.180589
0.122704 -0.011925 0.055322
0.065355 -0.077167 0.096825
-0.083662 -0.015754 0.107499
0.060391 -0.082153 0.124535
0.050781 0.078193 0.138783
0.103199 -0.065834 0.102207
-0.03985 -0.074936 0.117886
-0.009888 -0.058036 0.175653
0.044816 -0.08528 0.126415
0.028243 -0.090932 0.13654
0.108488 0.020861 0.158069
0.084924 -0.068498 0.060028
0.121124 -0.036829 0.12735
0.111219 -0.047477 0.048403
0.107344 0.055069 0.121294
0.071306 -0.07516 0.128396
0.076442 -0.051456 0.164181
0.047848 -0.085995 0.125266
0.024102 0.096328 0.117624
0.095386 -0.052595 0.033124
0.000154 -0.037273 0.187333
-0.078853 -0.038437 0.104665
0.043586 -0.08191 0.140269
-0.002105 -0.021017 0.192049
0.006832 -0.044296 0.184814
-0.015288 0.07914 0.138248
0.065298 -0.078291 0.068416
-0.039963 -0.070293 0.142563
0.060262 0.079429 0.130401
0.106294 0.048293 0.038978
0.015793 0.025131 0.191808
0.117113 0.04801 0.108037
0.120923 0.04029 0.097638
0.102444 -0.061748 0.104625
0.062234 0.082423 0.10533
-0.082995 -0.030428 0.100258
0.062 0.07816 0.073412
0.087733 -0.061907 0.053797
0.059205 -0.051912 0.173065
0.07122 -0.060303 0.159866
0.107647 -0.054912 0.090218
0.091698 -0.063622 0.07383
-0.000652 0.087946 0.127433
0.122312 -0.017448 0.055505
0.122046 0.026657 0.053063
0.043712 0.083992 0.129994
0.075615 0.070559 0.07259
0.097537 -0.063698 0.057665
-0.030076 -0.076918 0.129322
-0.007132 -0.026233 0.18891
0.051765 0.082309 0.133652
0.063495 0.082198 0.115438
0.014289 -0.091 0.13932
0.00593 -0.059262 0.176396
0.033613 -0.069005 0.163157
0.108599 0.051349 0.055587
0.103531 -0.057965 0.120842
-0.084135 -0.009003 0.108548
0.083829 -0.073669 0.052812
0.028114 0.091014 0.136319
-0.05215 0.067993 0.074396
0.116638 0.002049 0.03492
0.114522 -0.018792 0.051252
-0.080333 -0.033662 0.100667
-0.033047 0.028854 0.178682
-0.031816 0.077756 0.095067
0.117343 0.035091 0.052448
-0.06277 0.061887 0.10536
0.118496 -0.033066 0.053728
-0.000305 0.047546 0.18103
-0.052712 -0.065856 0.067506
0.112331 0.04636 0.137199
0.002997 0.05476 0.17722
-0.022499 0.0 0.188527
-0.01936 -0.080573 0.130787
0.052775 -0.04318 0.18369
0.012604 -0.066186 0.169658
-0.030202 0.080478 0.11789
0.105309 -0.051729 0.054707
0.080657 0.058229 0.154782
-0.006363 0.082732 0.139697
0.004836 -0.058034 0.175098
-0.036073 -0.06953 0.059319
-0.060073 -0.064188 0.102693
0.064052 -0.082016 0.104331
-0.083072 0.013339 0.094562
-0.066041 0.058383 0.092586
0.053591 0.078347 0.052812
0.021946 -0.081768 0.150285
0.058533 -0.076645 0.135132
0.007821 -0.079111 0.154523
-0.004416 -0.081923 0.138975
0.067742 0.040567 0.178043
0.115299 0.044739 0.054329
-0.017405 0.075062 0.148021
0.034128 0.090903 0.122568
0.081663 -0.067528 0.067867
0.082942 0.060325 0.035463
-0.014577 0.079961 0.135747
-0.032733 -0.080012 0.110922
0.066891 0.071259 0.154366
0.118787 0.027928 0.056169
0.060301 0.070506 0.15088
-0.050719 0.07173 0.116524
-0.003084 0.005726 0.193352
0.042596 -0.090993 0.127051
0.110672 -0.05535 0.080093
-0.078271 0.041893 0.116926
0.100195 0.061625 0.088557
0.021154 -0.073046 0.163099
0.093725 0.067088 0.098715
0.118985 -0.0192 0.038944
0.122187 0.009708 0.053035
0.089162 0.066212 0.074959
-0.037875 0.07029 0.058633
0.111077 -0.030152 0.030177
0.030846 -0.075352 0.152832
0.032445 0.08227 0.148296
0.097277 0.051501 0.033802
0.04809 0.084776 0.122442
-0.015323 -0.090903 0.069449
0.064166 0.079133 0.07107
0.120436 -0.032852 0.053362
0.114217 0.000114 0.048058
0.077167 -0.069224 0.047753
0.032684 0.070114 0.161011
-0.051395 0.067394 0.125549
0.063454 -0.080486 0.119054
0.087448 -0.013576 0.176941
0.06459 0.077713 0.126343
0.028204 -0.081538 0.150693
0.070007 0.074222 0.070335
0.023236 0.098145 0.119356
-0.049177 -0.071224 0.10322
0.080406 0.065186 0.039858
0.059392 0.074327 0.049769
0.044774 -0.06466 0.168745
0.079422 -0.070877 0.130856
0.062132 -0.082194 0.120577
0.063364 0.082531 0.088624
0.102071 0.049784 0.051772
0.10797 -0.043654 0.050336
-0.069167 0.055126 0.095279
0.104308 0.052932 0.062799
-0.071073 -0.05089 0.116892
0.070774 -0.074668 0.066451
0.107156 -0.021068 0.156912
-0.008943 -0.064815 0.170034
0.120923 0.002605 0.041945
0.102569 0.053216 0.04116
0.101424 0.060601 0.088261
0.07449 0.074468 0.062029
-0.042944 0.07369 0.09421
0.030984 -0.090774 0.125168
0.006014 -0.05991 0.173738
0.081911 0.063541 0.147448
0.067338 -0.077231 0.065853
0.074934 -0.074865 0.123247
0.003304 -0.054464 0.179428
0.069253 -0.078613 0.094704
0.03143 -0.060177 0.177315
0.117592 0.014171 0.033562
0.032666 0.080421 0.145125
0.103931 0.05867 0.089231
0.030918 -0.089173 0.134518
0.082471 0.073337 0.10576
-0.025907 -0.090856 0.055912
0.066893 0.075394 0.076974
0.037994 0.09061 0.11652
0.038714 -0.079646 0.143342
0.108217 0.054044 0.121397
0.070205 0.072336 0.066843
0.024153 -0.098151 0.099935
0.068245 0.03117 0.183121
0.03611 0.063371 0.16892
-0.031839 0.077737 0.094924
-0.077768 0.043019 0.116913
0.058843 -0.077883 0.07666
0.079397 -0.073792 0.11799
-0.002039 -0.008178 0.191964
0.122354 0.017071 0.055517
0.03935 -0.089173 0.116905
0.029772 -0.08527 0.138934
0.109688 0.043075 0.058889
0.053485 0.085028 0.094342
0.069027 -0.062943 0.158072
0.05996 0.071451 0.150598
0.107139 -0.054808 0.086905
0.107968 -0.037268 0.030759
0.094584 -0.058519 0.039939
0.017036 -0.065086 0.171234
0.035775 0.090774 0.057861
0.06705 -0.081009 0.098122
0.020996 0.087946 0.091486
0.013872 -0.075108 0.159298
0.082371 0.063121 0.14769
-0.056665 -0.06585 0.089732
0.054924 -0.081957 0.132668
0.092862 0.068439 0.105171
-0.083639 -0.011247 0.100106
0.028388 -0.098068 0.113192
0.03075 -0.084357 0.141988
0.014271 0.070015 0.166775
-0.018927 0.032535 0.185408
0.046996 0.090708 0.121636
0.086627 0.058383 0.034769
0.053658 -0.075855 0.14853
0.094987 0.055258 0.033196
-0.013883 0.064354 0.168675
-0.009484 0.056899 0.174545
0.083829 -0.073669 0.061952
0.010103 -0.058093 0.17585
0.006527 -0.051485 0.179978
0.114853 -0.031763 0.03606
0.127683 -0.021772 0.098999
-0.013183 -0.087946 0.114168
0.007727 0.076218 0.15628
-0.014597 0.080535 0.134691
-0.068278 -0.056278 0.106181
0.073087 0.071942 0.058847
0.038307 0.086106 0.116609
0.017292 0.069629 0.163426
0.066963 -0.077717 0.086448
0.033064 0.070197 0.161889
0.024357 0.097997 0.099778
0.053591 0.078347 0.061952
-0.011593 0.080292 0.137207
0.113304 0.021986 0.029839
0.076363 -0.072567 0.06414
-0.01539 0.032721 0.186537
0.025257 0.073286 0.158363
-0.036555 0.074736 0.073695
0.122309 0.005654 0.053012
0.109309 0.052278 0.053241
0.121528 0.014547 0.051661
0.103588 -0.058472 0.087748
0.101707 0.064592 0.096405
0.053813 -0.084941 0.095836
-0.003822 0.041001 0.18509
-0.082891 0.022113 0.105841
-0.034332 0.078818 0.094149
0.03861 0.090774 0.059961
0.120705 0.025736 0.054349
0.11367 0.000113 0.151756
0.019564 -0.07407 0.158101
0.114882 0.023252 0.048651
0.038475 -0.087946 0.111522
0.004965 0.087946 0.129335
0.073279 -0.07489 0.062377
-0.01847 -0.066262 0.161861
-0.062439 -0.064474 0.107575
0.095921 0.061405 0.07196
0.119922 0.011687 0.051963
0.032398 -0.076146 0.150795
-0.000243 0.041876 0.183792
-0.021826 -0.076393 0.141203
-0.036468 -0.072509 0.072417
-0.083934 -0.012428 0.108099
0.002545 -0.086106 0.125711
0.084693 0.069848 0.057602
0.119817 -0.046244 0.112195
0.119094 0.004135 0.036536
0.005413 0.009688 0.194511
0.077652 -0.06654 0.040813
0.049064 0.068176 0.1599
-0.084718 0.017805 0.116956
-0.083314 0.027016 0.095475
0.056679 -0.073444 0.147896
0.097287 -0.060012 0.071356
0.082371 -0.062894 0.14769
-0.077002 0.046845 0.106256
0.038634 -0.087946 0.109087
-0.064961 0.059749 0.096078
-0.049391 0.07182 0.086568
0.025867 0.062767 0.173683
0.114499 0.003523 0.048742
0.08067 0.072536 0.09319
0.060972 -0.083071 0.106441
0.078745 0.068671 0.053572
0.121297 -0.017226 0.051705
-0.033667 -0.074044 0.074756
0.042721 -0.084206 0.130135
-0.030581 -0.078609 0.114958
0.010986 0.059477 0.174832
0.036987 -0.077095 0.147552
-0.027019 -0.076177 0.142445
-0.079091 0.042621 0.105962
-0.004329 -0.023484 0.190123
0.058581 0.083191 0.123837
0.029766 -0.074706 0.154278
0.063687 -0.078195 0.097222
0.105459 -0.056005 0.121071
0.049332 -0.090907 0.115625
0.054301 0.081159 0.131027
0.054015 -0.080119 0.072319
0.007892 -0.058078 0.178524
0.119377 -0.032509 0.056054
-0.080733 -0.032307 0.101451
-0.007876 -0.080534 0.139038
0.121285 -0.017332 0.051708
-0.025281 0.071875 0.057292
0.066868 -0.077262 0.073685
-0.050592 -0.070823 0.122436
0.101964 -0.051575 0.036836
0.091815 0.068004 0.079582
-0.001523 -0.016596 0.191272
0.009275 0.075019 0.049303
-0.030974 0.077961 0.088545
0.118144 0.035139 0.074946
0.11149 0.027959 0.152021
0.09656 0.061745 0.076889
0.067119 -0.079577 0.107378
0.056847 -0.082518 0.127243
-0.08212 0.024842 0.099008
0.106893 -0.049872 0.043062
-0.029003 0.076721 0.138867
0.11828 0.016949 0.036193
0.039606 -0.090774 0.110882
-0.003073 0.041397 0.186786
0.046712 -0.086217 0.126397
-0.01961 -0.080086 0.131001
0.077767 -0.071851 0.080014
0.105037 0.051682 0.067918
0.106332 -0.040053 0.031068
0.111366 0.041346 0.060968
-0.038096 0.076053 0.113109
0.118253 0.013712 0.040774
0.051971 -0.064301 0.163666
-0.037854 0.078216 0.11096
0.012775 -0.081577 0.14987
0.004026 0.058871 0.17843
-0.045063 0.073907 0.086883
0.067932 0.07663 0.12738
0.11853 0.029082 0.049751
0.118086 -0.025702 0.039826
-0.01112 0.087946 0.066548
-0.034553 -0.077422 0.103041
0.057554 0.000114 0.190754
0.009092 0.055485 0.177017
0.059534 0.081765 0.114367
0.109143 0.05481 0.104244
0.092613 0.000114 0.172482
0.018685 0.076798 0.160334
-0.006581 0.052226 0.178649
0.055717 0.078458 0.133654
0.127778 0.000113 0.125818
0.083548 -0.067149 0.062788
-0.041362 -0.072846 0.073138
-0.031784 0.071334 0.144439
0.066909 0.071098 0.063238
-0.024388 -0.07392 0.145327
-0.011453 -0.029288 0.187039
0.039019 -0.090903 0.114465
0.075094 0.071051 0.064425
-0.00594 -0.029115 0.190095
0.014304 -0.098138 0.122419
0.098418 -0.062744 0.088975
0.121228 0.0 0.055709
-0.051661 0.069325 0.093126
0.084152 -0.063499 0.058635
0.034256 -0.067123 0.164612
-0.011376 0.081303 0.136136
-0.026532 -0.050467 0.172193
-0.046895 0.072403 0.10363
0.064462 -0.067905 0.160113
0.101807 0.051689 0.14045
0.036568 -0.062859 0.169975
0.083255 0.070224 0.083908
0.066978 0.077396 0.088572
0.063954 -0.082769 0.091087
0.064715 -0.077114 0.063236
-0.019033 0.091014 0.125516
0.064074 -0.082119 0.107172
0.053149 -0.083894 0.104779
-0.037923 0.073876 0.081504
-0.005833 0.089173 0.134691
-0.014157 0.086106 0.067156
0.048706 -0.082168 0.136505
-0.001963 -0.064007 0.170519
0.104503 0.057889 0.055397
0.05 0.084785 0.118458
0.093875 -0.053782 0.033407
0.057441 -0.078355 0.069641
-0.012289 0.087946 0.1165
0.007467 0.096328 0.12119
0.061675 0.073912 0.069274
-0.077254 0.046437 0.099011
0.087097 0.066778 0.075873
-0.052176 -0.069123 0.094202
0.014869 -0.098169 0.096265
0.097182 -0.064097 0.120092
0.100671 0.061409 0.0851
-0.035943 0.070639 0.146195
-0.036859 0.076429 0.082731
-0.031343 0.077474 0.08862
0.033753 -0.083869 0.143133
0.051673 -0.073918 0.153543
-4.7e-05 0.096328 0.101416
0.064251 -0.079582 0.123198
0.114245 -0.025865 0.029581
0.102058 -0.048606 0.050251
0.053139 -0.08594 0.11146
0.077533 0.019961 0.181488
-0.034434 -0.079189 0.116051
-0.052175 -0.06191 0.060847
-0.001535 -0.042373 0.185012
0.107501 0.045342 0.04161
-0.008297 0.001916 0.192814
0.03211 -0.080133 0.145416
-0.082278 0.032829 0.098127
-0.025739 0.090998 0.055881
0.00036 -0.038039 0.187094
0.112204 -0.042458 0.042533
0.051379 -0.086279 0.117871
0.067107 -0.081437 0.105845
-0.054371 -0.070317 0.107215
-0.012481 -0.089173 0.064966
0.076222 0.067519 0.144453
0.105145 0.036709 0.152703
0.095877 -0.065024 0.119938
0.114377 -0.042686 0.054502
-0.054791 -0.066148 0.083589
0.046773 -0.084095 0.126569
0.113524 -0.028529 0.029718
0.080925 0.067734 0.059296
0.119383 -0.021379 0.053535
0.056281 0.073904 0.147566
0.120668 0.0225 0.045671
-0.037445 0.0683 0.144928
0.014179 0.000115 0.194086
0.076019 0.07007 0.064205
-0.025429 0.079571 0.12445
0.053035 -0.083767 0.134832
0.120976 -0.012109 0.049148
0.038286 0.087946 0.062226
0.048888 -0.078908 0.141579
-0.080174 -0.038312 0.092654
0.121161 -0.021534 0.053227
0.064675 -0.067371 0.154484
0.004197 0.049477 0.183684
0.039685 -0.090774 0.109081
0.088039 0.02744 0.173817
0.10851 0.042728 0.039663
-0.077902 -0.039215 0.092642
0.014262 -0.070008 0.166783
0.054626 -0.081069 0.137009
-0.007201 -0.070839 0.160692
0.11758 0.008376 0.145393
0.116865 -0.037464 0.054034
0.114809 0.014865 0.031334
-0.003358 0.016862 0.191385
0.045524 -0.079195 0.142262
0.080103 -0.064187 0.146497
-0.033412 0.077886 0.106835
-0.071316 -0.052034 0.092613
0.123879 0.035483 0.092369
0.061299 0.078624 0.13578
0.114408 0.019892 0.051282
-0.022254 0.019525 0.185517
0.109613 0.03822 0.035721
-0.014798 -0.054083 0.174778
0.065868 0.08152 0.118561
0.012132 -0.060334 0.17351
0.054808 0.081951 0.132801
0.033563 0.07678 0.149617
0.055898 0.079826 0.12529
0.066286 -0.071124 0.063575
0.112771 -0.047955 0.133811
0.064058 0.083923 0.105027
0.033905 0.023231 0.19171
0.121248 0.026579 0.050239
0.041573 -0.08128 0.143269
0.103172 -0.051456 0.138118
-0.001957 0.045109 0.185497
-0.053355 -0.070989 0.105115
0.063824 -0.079776 0.073685
0.059657 -0.076779 0.065008
-0.041961 0.071535 0.137034
0.064931 0.074861 0.138506
0.046655 -0.085934 0.126983
0.114182 0.040177 0.044182
0.101762 0.056811 0.059366
-0.013732 0.087946 0.111769
-0.004839 0.081358 0.144515
0.062446 0.077435 0.070529
0.066888 -0.075246 0.073228
0.101016 -0.051891 0.144722
-0.010116 -0.081608 0.14047
0.071259 0.071526 0.141846
-0.004909 -0.034393 0.188906
-0.036202 -0.071826 0.069209
-0.010275 -0.087946 0.115196
-0.083637 -0.009493 0.11695
-0.063066 0.061197 0.092541
0.123844 -0.014278 0.130371
0.106887 0.058059 0.101022
-0.072637 0.053666 0.10715
-0.013961 0.090742 0.067285
-0.084785 0.0 0.116957
-0.082418 0.033097 0.108282
0.001159 -0.06553 0.172141
0.099576 -0.061534 0.120387
0.066908 0.080672 0.094493
0.098021 0.050511 0.150275
0.029417 0.079755 0.147571
0.036782 0.061733 0.17047
0.062789 0.0822 0.118401
-0.044931 -0.069925 0.136849
-0.009514 0.082072 0.139227
0.032048 0.071148 0.159545
-0.030046 0.078861 0.114882
0.067 -0.078402 0.091434
0.027378 0.074469 0.045902
0.039035 -0.089173 0.058557
-0.015025 -0.074206 0.15132
0.099476 0.060581 0.07012
0.047071 0.08534 0.123283
-0.01387 0.089173 0.065672
0.102436 0.052178 0.137894
-0.061839 0.064662 0.092746
-0.02743 0.07993 0.128494
-0.045954 -0.074378 0.094246
0.002131 0.07307 0.163478
0.035032 0.077088 0.148542
0.023193 -0.065062 0.171191
-0.071757 0.053658 0.114602
0.063442 0.079555 0.124978
0.049831 0.090708 0.041684
0.047729 0.069702 0.158157
0.08927 0.065123 0.061714
0.030502 -0.087946 0.124378
0.086441 -0.070641 0.118822
-0.003215 -0.087946 0.126105
0.028766 -0.098169 0.108784
0.011379 0.065233 0.173116
0.061221 0.083114 0.10339
0.069627 -0.069845 0.062192
-0.027207 0.04534 0.174933
0.091831 0.018894 0.173367
-0.001995 0.046623 0.182976
-0.073451 -0.052374 0.108536
0.091716 -0.07078 0.083466
0.05392 -0.085255 0.123876
0.050328 -0.081746 0.137243
0.077769 0.070319 0.136189
0.060228 0.082287 0.09227
0.068843 -0.076577 0.064601
-0.035992 0.076777 0.114431
-0.010843 0.091014 0.12146
0.027082 0.051685 0.180026
0.023749 0.079317 0.155835
0.056532 -0.074922 0.070241
-0.034582 -0.071969 0.064928
0.038765 -0.033012 0.19029
0.032436 0.044033 0.185488
-0.075075 -0.049962 0.095298
0.012797 -0.066061 0.172202
0.001219 -0.053066 0.181834
-0.046895 -0.072403 0.10363
0.032404 0.082583 0.14743
0.051375 0.085188 0.107558
0.044559 -0.078591 0.144565
-0.045852 0.071219 0.131689
0.122128 0.011115 0.053046
-0.080632 -0.038022 0.096417
0.11387 0.02805 0.048895
0.117424 0.041495 0.073547
0.0173 0.086106 0.130843
-0.000457 0.000114 0.193888
-0.052716 0.069494 0.122426
-0.062118 -0.064404 0.092435
-0.040106 -0.075898 0.12438
0.066909 -0.07087 0.063238
0.058658 0.081865 0.116491
0.011405 0.06591 0.170082
0.127933 -0.012875 0.122507
-0.081035 0.036239 0.113418
0.05812 0.079333 0.133228
0.073031 -0.021843 0.181517
0.053483 -0.079102 0.138066
0.077709 -0.071391 0.061391
-0.08017 0.031671 0.092655
-0.01237 0.087946 0.067154
0.119457 0.032222 0.056042
0.105141 0.045028 0.031292
0.075553 0.072151 0.061796
0.024638 -0.096328 0.1013
-0.030012 -0.006642 0.185316
0.104627 0.059357 0.104498
-0.035342 0.068917 0.057686
-0.022368 0.061318 0.167899
0.098973 -0.055111 0.064006
0.043289 0.085852 0.130524
0.067333 0.074634 0.070952
-0.084259 -0.002869 0.112027
0.078071 0.0739 0.117833
0.066569 0.076461 0.126951
0.035295 0.090708 0.133362
-0.037903 -0.074538 0.134157
0.018665 -0.064869 0.169067
0.070905 0.072684 0.066388
0.056021 0.079817 0.076659
-0.004489 0.011964 0.191677
0.050027 -0.085355 0.117059
-0.042872 -0.068402 0.0591
0.027123 -0.084023 0.14352
0.046 0.081417 0.140956
0.041573 0.08128 0.143268
-0.083528 0.012761 0.099854
-0.083308 -0.013802 0.116949
0.094662 -0.06476 0.125128
0.059935 -0.076932 0.065774
0.057817 -0.055045 0.171264
0.007851 0.062202 0.174309
0.09515 0.066364 0.105039
-0.01953 0.081325 0.132873
0.085881 -0.061792 0.058226
0.064033 0.083755 0.101665
-0.002567 -0.013222 0.190472
0.033241 0.079672 0.149941
-0.04117 0.074538 0.095517
0.057255 0.083142 0.126434
-0.058383 0.067707 0.099978
0.018685 -0.076798 0.160334
0.028454 0.068829 0.169689
0.05873 0.078622 0.129687
-0.003271 0.098096 0.114072
0.113146 0.034647 0.146481
0.116268 0.014414 0.03524
0.058433 0.077118 0.072151
-0.069076 0.055471 0.103266
0.039101 -0.089173 0.129318
-0.002114 0.005299 0.192062
0.013407 -0.069141 0.167769
0.111339 -0.043553 0.053576
0.116608 -0.034062 0.04891
0.012023 -0.072027 0.163841
0.016455 -0.065759 0.16852
0.009651 -0.059551 0.173595
0.054205 0.061123 0.166571
0.125987 0.01086 0.09277
0.069405 -0.012619 0.186127
0.02733 -0.098099 0.103313
0.089399 -0.065314 0.133916
-0.028164 -0.047793 0.173046
0.036448 0.06334 0.169701
0.063421 -0.079839 0.09425
-0.054734 0.067919 0.099462
0.10433 0.058441 0.056389
0.015118 0.06933 0.169111
0.028336 -0.090708 0.1367
0.038175 0.086106 0.059112
0.061283 0.059696 0.165947
0.007118 -0.063651 0.175025
0.073174 0.070312 0.142864
-0.021594 -0.034745 0.181996
0.051742 0.084693 0.111064
0.124043 0.007619 0.052685
-0.054881 0.063412 0.071571
0.064061 0.083939 0.105349
0.093073 0.067118 0.119604
0.126598 -0.012896 0.12801
0.067082 -0.079412 0.102569
-0.03169 -0.035689 0.177114
0.029288 0.084386 0.142062
-0.067224 -0.060192 0.097924
0.071328 0.074935 0.060717
0.073088 0.046985 0.174222
-0.083983 0.025837 0.111335
0.022588 0.084062 0.139798
0.10802 -0.042956 0.033879
0.119795 0.043175 0.10817
0.118273 -0.033848 0.132762
0.013226 0.071149 0.167977
-0.000735 -0.097907 0.100678
0.026702 0.078046 0.149864
-0.005098 0.036325 0.186562
-0.017503 0.079923 0.133228
0.036613 0.09072 0.058261
-0.078921 -0.042531 0.1096
-0.002106 0.081483 0.140047
0.067 0.078402 0.091434
-0.0455 -0.067663 0.136085
-0.012742 0.091014 0.065862
-0.074535 -0.050468 0.092627
0.122535 0.0 0.047092
0.11613 0.010323 0.048347
-0.083691 0.028071 0.107211
-0.083244 -0.025941 0.092668
0.082912 -0.061516 0.152756
-0.086076 0.0 0.112678
0.063195 0.077334 0.091671
-0.010263 -0.086106 0.106404
0.067293 -0.054995 0.169417
-0.044581 -0.073093 0.08072
0.101849 0.046245 0.031911
-0.08523 0.014385 0.099611
-0.074006 -0.048558 0.103599
-0.080379 0.032952 0.111222
0.064149 -0.079144 0.071109
0.113997 0.015745 0.048865
0.053544 0.000107 0.191864
0.089857 -0.064109 0.061603
-0.001018 0.097906 0.100938
-0.084337 0.0 0.109012
-0.086065 0.00385 0.112188
0.020183 -0.070131 0.164218
0.003705 -0.069985 0.165098
-0.076531 -0.041282 0.116916
0.12171 0.008262 0.051098
-0.053701 0.069132 0.121063
0.019128 0.000116 0.195686
0.068441 -0.076381 0.096089
0.116354 0.029547 0.062985
0.052609 0.086228 0.113075
0.055081 0.082523 0.080276
-0.047208 -0.074272 0.102726
-0.082299 0.022742 0.09713
0.064614 -0.082002 0.106943
-0.006773 -0.075426 0.156915
-0.084835 -0.014159 0.094433
0.059267 0.084513 0.100186
-0.077923 -0.045182 0.100167
0.073297 0.071716 0.065049
-0.024544 -0.072033 0.057154
0.063918 -0.080208 0.086345
0.022408 -0.077911 0.154808
0.051331 0.06617 0.162842
0.121311 0.029804 0.053199
-0.04028 0.072649 0.070529
-0.005585 0.090988 0.135677
0.066292 -0.076014 0.08511
-0.046976 -0.072263 0.109657
0.060121 -0.084788 0.109634
0.023779 -0.076624 0.153237
0.060716 0.081348 0.129727
0.011128 0.058845 0.174668
0.099007 -0.058797 0.137432
-0.036415 0.071942 0.142967
0.002777 -0.057144 0.177475
0.076107 0.05803 0.158447
-0.007214 0.0 0.191579
-0.016313 -0.089173 0.109347
0.052819 -0.083411 0.09647
0.12706 0.000111 0.120331
0.106954 0.057118 0.104369
-0.0252 0.0 0.185871
0.116864 0.010455 0.030992
0.010944 0.061169 0.174667
0.062121 -0.08109 0.090164
0.059369 0.081578 0.102747
0.038176 -0.078166 0.052812
0.044344 0.090834 0.1254
0.123951 0.01029 0.052703
-0.002163 0.000114 0.192128
0.078079 0.071304 0.079872
0.058688 0.077996 0.129737
0.124114 0.004299 0.052672
0.099211 0.06254 0.057351
0.080683 0.070269 0.060832
-0.059873 0.06624 0.093543
0.11463 -0.005311 0.029577
-0.025446 0.074253 0.143597
-0.007354 -0.041362 0.184087
0.037779 -0.087946 0.060504
0.055024 -0.081678 0.133972
0.048839 -0.084136 0.123643
0.112289 0.032837 0.04846
0.042903 0.073102 0.044485
0.081339 -0.075198 0.083807
-0.013901 -0.091014 0.116543
0.007893 -0.062313 0.174132
0.000354 -0.030985 0.188773
0.023392 0.000114 0.195647
-0.030947 0.077687 0.123182
0.067685 -0.075105 0.065241
0.025918 -0.071341 0.166599
-0.054228 -0.068902 0.120469
0.097307 -0.06164 0.057708
0.103792 -0.059846 0.104548
0.075413 -0.075069 0.106158
0.042789 0.07266 0.043008
-0.019804 -0.090708 0.12531
0.101378 0.057152 0.059439
0.001162 -0.062096 0.173079
0.088081 -0.072342 0.114885
-0.012108 0.04323 0.052812
0.007997 -0.059261 0.175666
-0.012455 0.076159 0.152931
0.115385 0.039675 0.046677
0.004418 -0.051882 0.180379
0.047871 0.068023 0.164328
-0.000132 -0.028091 0.189422
0.054789 -0.059936 0.167331
0.056917 -0.079117 0.065669
0.093295 0.059521 0.040525
-0.083288 0.010525 0.095064
0.011407 -0.060101 0.174346
0.101304 0.050755 0.051956
-0.004654 0.080804 0.140171
0.103449 -0.058603 0.087785
-0.002271 0.026155 0.189466
0.118697 0.032439 0.05369
0.089143 -0.067686 0.082153
0.019437 0.097906 0.121471
0.108821 0.051458 0.056372
0.061893 0.074813 0.053026
0.067069 0.075193 0.135408
-0.007177 0.004694 0.191521
-0.018908 -0.073992 0.15335
0.056054 0.083135 0.122824
-0.045818 -0.071916 0.119419
0.11828 0.029871 0.056264
0.09959 -0.051335 0.032337
0.114737 -0.023599 0.048705
0.037849 -0.073568 0.155231
0.024842 0.085103 0.140529
0.116729 0.028309 0.037936
0.04621 -0.078691 0.143568
0.063507 0.068668 0.153519
0.06993 0.07592 0.127976
0.070208 -0.072994 0.066929
-0.081935 0.032161 0.092662
0.048998 0.091014 0.115389
0.059979 -0.082141 0.125318
0.063825 0.077873 0.073672
-0.057794 0.068154 0.103728
-0.018762 0.03557 0.184496
-0.034313 0.076292 0.077543
-0.081099 -0.037025 0.109575
-0.052346 0.064863 0.063497
0.064201 0.07994 0.119455
0.042762 -0.081348 0.142604
0.111301 -0.036322 0.147854
0.04615 -0.080516 0.13923
0.012098 -0.075143 0.162351
0.06023 0.078203 0.144455
0.059904 -0.081511 0.10953
-0.010439 -0.090774 0.121247
0.116173 -0.013895 0.034847
0.004122 0.097906 0.097432
-0.03625 -0.073042 0.066272
-0.024598 -0.079643 0.125628
0.028074 -0.08174 0.150193
0.061095 0.076551 0.064368
-0.03412 0.077025 0.081026
0.056315 -0.06514 0.161799
-0.024944 0.080855 0.127544
0.107501 -0.045342 0.04161
-0.025499 -0.091014 0.055836
-0.083972 -0.006841 0.114869
0.115618 0.017837 0.034311
0.008774 -0.071905 0.163519
-0.078647 -0.038053 0.095888
0.075118 0.077738 0.085131
0.009853 0.061725 0.176123
0.061562 -0.074707 0.073364
0.116068 -0.040904 0.050347
0.109034 0.037708 0.050074
0.022523 0.069766 0.168742
-0.014526 0.089173 0.117162
0.065789 0.079622 0.118829
0.058281 -0.079684 0.07777
0.099664 -0.062429 0.07007
0.11655 -0.039066 0.049081
0.112252 -0.050425 0.12545
0.065824 -0.077985 0.067597
0.113678 0.012012 0.153732
0.089429 -0.054981 0.151408
0.054263 0.085756 0.111436
0.085155 0.071307 0.092124
0.035742 -0.087946 0.105536
-0.070036 0.05416 0.09677
0.064209 -0.07527 0.063119
-0.007679 -0.087946 0.122785
0.040167 -0.091014 0.109079
0.015366 0.067596 0.169769
-0.004629 0.089173 0.127639
0.08701 -0.067076 0.058149
0.017407 -0.080981 0.146925
0.08168 -0.062772 0.147327
0.115825 -0.01655 0.029365
-0.086028 -0.00526 0.112105
0.11776 0.0 0.038079
-0.07827 -0.038538 0.093746
0.086433 0.055756 0.159216
-0.05485 0.066642 0.075585
0.058644 0.081552 0.100458
-0.056295 0.068912 0.09594
0.123307 0.016284 0.051836
-0.002983 -0.003014 0.190953
-0.014549 0.090737 0.112931
-0.01491 0.090974 0.068035
0.107322 0.055166 0.121301
0.033648 -0.076576 0.149544
-0.033479 0.078396 0.125423
0.013279 0.08338 0.141165
0.097833 0.053871 0.051296
0.109858 0.045874 0.053854
0.081594 0.068631 0.063138
0.019623 0.07463 0.160596
-0.078572 -0.036764 0.115841
-0.06556 0.05935 0.101396
-0.009299 -0.078219 0.145377
0.000349 0.035976 0.188848
0.045196 0.072769 0.154879
0.004295 -0.046326 0.183521
0.007183 -0.056438 0.179677
0.119721 0.028808 0.053498
-0.033854 -0.023468 0.179613
-0.036322 0.075715 0.123025
-0.053135 -0.069358 0.121779
0.068964 0.073599 0.068164
-0.04353 0.071993 0.133312
0.035225 0.086106 0.108517
0.05711 -0.083441 0.111783
0.006828 0.053184 0.180153
0.090039 0.053455 0.151729
0.038176 -0.078166 0.061952
0.042715 0.090931 0.127121
0.09652 -0.064665 0.115459
-0.035702 0.015893 0.181745
0.047813 -0.078147 0.142523
0.008998 -0.060029 0.174107
-0.013844 -0.073367 0.053643
0.029109 -0.097907 0.107339
0.063771 -0.082136 0.115542
-0.068978 -0.055094 0.092602
0.115238 -0.032659 0.037887
0.117712 -0.001999 0.037982
0.061504 0.079727 0.130116
0.105729 -0.021593 0.1608
0.018278 0.068371 0.166416
-0.051417 -0.069995 0.102735
0.053854 -0.061471 0.166118
-0.083585 -0.027494 0.100145
-0.003528 -0.097989 0.104712
0.122116 0.000113 0.073395
0.11898 -0.015872 0.058211
0.08927 -0.065123 0.061713
-0.032763 0.027109 0.181068
-0.042564 -0.069164 0.068409
0.010192 -0.075211 0.049741
0.038168 0.058749 0.173668
0.038315 0.090843 0.116159
0.099915 0.054893 0.137128
0.098128 -0.063708 0.089038
-0.02445 -0.090873 0.116356
0.061678 0.082183 0.121655
-0.045842 0.074777 0.111493
0.059957 -0.081692 0.089215
0.021807 -0.078196 0.158081
-0.012108 0.04323 0.061952
0.009869 -0.090708 0.139449
0.111527 0.051683 0.115509
0.054741 -0.082423 0.13026
0.083397 0.069156 0.060322
-0.0396 -0.075712 0.084276
-0.001967 -0.027421 0.189781
0.087136 -0.070437 0.105494
-0.082612 0.022059 0.100063
-0.001858 0.097906 0.116502
0.073386 0.072907 0.062344
-0.000198 0.046265 0.183502
0.061394 0.072948 0.052905
-0.048305 0.070639 0.118877
0.064039 -0.08405 0.111027
-0.030169 0.080427 0.118364
0.030707 0.076318 0.152074
0.028242 -0.098151 0.112951
0.097107 0.058839 0.136267
-0.076817 0.047354 0.102014
-0.035237 0.070986 0.063572
-0.079013 -0.035891 0.092648
0.093322 0.052991 0.152864
0.092888 -0.070287 0.107821
0.06686 0.06359 0.158783
0.087656 0.073875 0.122276
0.016721 -0.074022 0.161382
0.101753 0.054879 0.061164
0.061457 0.074673 0.072231
0.060421 0.076826 0.136135
0.046001 -0.081416 0.140959
0.006148 -0.054169 0.181057
-0.055842 -0.068043 0.119166
-0.034597 -0.025894 0.180473
0.040497 0.068699 0.168198
0.032909 0.086106 0.057259
0.047837 -0.090708 0.119985
-0.003537 0.09799 0.104733
0.094269 0.065755 0.05828
-0.038378 0.075099 0.078433
0.095993 0.000117 0.172006
-0.059687 0.064227 0.109213
0.053018 0.086033 0.110328
-0.052126 0.069615 0.123611
0.074858 -0.073701 0.129479
0.048876 -0.072304 0.160765
0.11122 -0.051458 0.094055
-0.002906 0.097906 0.10338
0.084574 0.061792 0.151011
0.076248 0.074179 0.094241
0.113729 -0.008056 0.046892
0.032797 0.069951 0.161273
0.09394 0.060514 0.053752
0.102214 -0.064695 0.085609
0.092506 -0.066563 0.119526
0.039515 -0.080202 0.147158
-0.05489 0.068569 0.119888
0.041401 0.081815 0.141647
0.025043 -0.075461 0.155605
-0.012455 -0.076159 0.152931
-0.033716 0.073548 0.071559
