8201
0.078653 -0.09951 0.080093
0.058168 0.037166 -0.02751
-0.034481 -0.115454 0.074591
0.004272 0.132206 0.137202
0.104763 0.071357 0.065907
0.01718 0.104609 0.1741
-0.001512 -0.002463 0.230436
0.100137 -0.075025 0.068208
-0.001268 -0.118022 0.146254
-0.101297 0.009176 0.165205
0.021491 -0.131128 0.060584
-0.032703 -0.11757 0.123289
0.062479 0.008187 -0.031515
0.046288 0.110098 0.048679
0.123372 -0.022006 0.057296
0.019314 -0.118043 0.145937
-0.032357 -0.116535 0.126193
-0.016564 -0.1319 0.128751
0.058641 -0.114193 0.091827
0.051343 0.102382 0.140379
0.090779 -0.089283 0.136329
-0.032755 -0.109369 0.117846
0.015816 -0.131128 0.138123
0.025894 -0.132176 0.064814
0.078747 -0.097373 0.110982
-0.103604 -0.026034 0.055756
0.111452 0.057612 0.063216
-0.098424 -0.042615 0.055756
0.057371 -0.114083 0.08516
0.065887 -0.087734 0.1741
0.120925 -0.02175 0.12767
0.050663 0.100761 0.040518
0.060291 0.096783 0.078107
-0.08733 0.074678 0.136329
-0.112526 -0.009953 0.13633
0.102784 -0.071038 0.071581
-0.010865 0.117992 0.143235
0.037059 0.114377 0.071581
0.113593 -0.046014 0.155901
0.116015 -0.055692 0.130289
0.107046 0.061777 0.048679
0.080663 -0.09579 0.120839
0.003647 -0.117256 0.050599
0.043758 -0.106581 0.137304
0.078289 -0.097877 0.078621
0.119514 -0.014334 0.03869
0.081671 -0.099544 0.105572
0.085921 -0.094967 0.123271
0.128773 -0.016528 0.136574
-0.032393 -0.106728 0.043576
0.082422 0.099299 0.121775
0.115044 -0.04665 0.048679
-0.001793 0.000931 0.230436
-0.098889 -0.018597 0.034066
0.052486 0.116811 0.119514
-0.060686 0.088265 0.137304
0.125888 0.009803 0.053471
-0.03122 -0.116789 0.127206
0.112737 -0.064312 0.131105
0.122834 0.025127 0.057575
-0.051104 0.058953 -0.001746
-0.104404 0.035032 0.107878
0.095026 -0.027304 0.169442
0.080343 -0.102435 0.111105
-0.027261 -0.104144 0.165204
-0.109581 -0.009709 0.146254
-0.039487 -0.116029 0.108234
-0.075188 0.078694 0.055756
-0.01084 0.11607 0.052788
0.113577 -0.056781 0.059554
0.04564 0.111874 0.071581
0.033505 -0.07271 0.204445
-0.048755 0.101576 0.117846
0.090847 -0.085331 0.071809
0.080289 0.101839 0.11793
0.04202 -0.132145 0.079809
0.119102 -0.040772 0.059365
0.094697 -0.075831 0.055756
0.061423 0.097526 0.081236
-0.107472 -0.029296 0.060141
-0.058447 0.052198 0.197752
-0.068175 -0.098459 0.115919
-0.066041 -0.086652 0.043576
0.046241 0.036052 -0.029151
0.062113 -0.105312 0.071581
0.039431 0.039793 0.220311
0.116141 0.045864 0.060924
-0.013733 -0.033981 0.224075
0.018158 -0.116251 0.049979
0.117057 0.012227 0.040518
0.119516 -0.034412 0.048679
0.08094 0.099401 0.118665
0.095474 -0.046982 0.182528
0.05868 0.114741 0.097879
0.077754 -0.097725 0.079228
0.098975 0.07519 0.068373
0.126725 -0.024999 0.133571
0.033306 0.118981 0.138869
-0.062236 -0.090605 0.12767
0.088778 0.02763 0.197752
0.128252 -0.019904 0.136418
-0.100097 -0.009295 0.034066
0.077666 -0.097844 0.079733
0.017365 0.117674 0.051361
0.115808 -0.02077 0.040518
0.040367 -0.115759 0.0611
-0.030863 -0.114632 0.067166
0.031897 -0.131128 0.131289
0.017438 0.117039 0.050864
-0.012463 -0.106903 0.034066
-0.028271 0.132298 0.087543
-0.059301 -0.062355 0.19043
0.003534 -0.116338 0.049285
0.083026 0.099068 0.124207
0.078022 0.102597 0.082598
0.105419 -0.074986 0.128403
0.048566 -0.115132 0.069415
-0.098184 0.046881 0.049268
-0.001348 0.067518 -0.017072
0.021567 0.130937 0.136861
0.124253 0.022035 0.107878
0.004117 -0.116345 0.049233
-0.080874 0.003751 0.006144
0.080866 0.101109 0.12039
0.006806 -0.130784 0.138882
0.089588 0.04395 0.19043
0.12673 -0.013683 0.087701
0.115065 -0.047392 0.063613
0.080456 -0.09868 0.116722
0.050609 0.054155 0.210462
-0.044623 -0.097953 0.140379
0.123164 0.037818 0.132307
-0.041114 -0.11431 0.090303
-0.087614 -0.066582 0.117846
0.082192 -0.087871 0.12767
0.12612 0.01605 0.133109
0.083755 -0.09523 0.074047
0.080556 0.102588 0.105572
0.078403 -0.098686 0.080686
0.013017 0.119502 0.145411
-0.073484 0.03254 0.004498
0.048824 -0.130784 0.095661
0.125948 0.03198 0.135252
0.079866 0.098414 0.076728
0.117739 0.034012 0.043576
0.087771 0.094292 0.124325
0.053159 0.045917 -0.026002
0.06106 -0.053874 -0.014076
0.081586 0.095269 0.075413
0.078756 -0.011239 -0.019321
-0.059076 0.103536 0.126194
0.081267 0.100015 0.119683
0.00995 -0.1319 0.137796
0.000653 0.117062 0.050691
-0.024485 0.131846 0.120446
0.049961 0.115178 0.071323
-0.106744 0.026408 0.107878
-0.075717 -0.006457 0.001745
0.078643 -0.098768 0.078776
0.116768 -0.056199 0.131343
0.050588 0.116687 0.123921
0.053153 -0.04576 -0.026
0.078123 -0.097373 0.116361
0.057162 0.115449 0.09027
0.122163 -0.018975 0.057592
-0.056287 0.09697 0.117846
0.078691 -0.099943 0.079784
-0.102475 0.043874 0.087701
0.05844 -0.092172 0.1741
0.076779 0.097007 0.078494
0.11946 0.043325 0.131169
0.128854 -0.016503 0.135658
0.080413 -0.098661 0.117039
0.067946 -0.109738 0.115918
-0.037572 0.020294 0.220311
0.083463 0.09486 0.074508
-0.001688 -0.001626 0.230436
0.047552 -0.130784 0.108772
0.023235 -0.117965 0.144912
0.051219 -0.115475 0.074067
0.010576 0.118438 0.146702
0.044401 -0.132145 0.084887
0.107317 0.062541 0.064757
-0.041404 0.092325 0.1741
0.115143 -0.053206 0.060551
0.117939 0.04964 0.13062
0.033622 0.053757 -0.025834
-0.046558 0.097657 0.137304
-0.056297 -0.022174 0.210462
0.11537 0.053091 0.05871
0.018829 0.000931 0.230436
0.104014 0.073988 0.126986
-0.012413 0.131281 0.132908
0.086058 -0.09522 0.123512
0.0437 -0.049412 -0.027172
0.081461 -0.099545 0.09883
-0.031646 0.130937 0.095192
0.054997 0.022038 -0.031149
0.061298 -0.097373 0.116361
0.115497 0.052875 0.060006
-0.001469 0.029167 0.22703
-0.040034 -0.114973 0.088628
0.057898 -0.115223 0.096549
0.071649 -0.032724 -0.019321
0.114417 -0.043122 0.043576
0.044297 0.019439 0.224075
0.082794 0.094163 0.122319
0.082009 0.094498 0.060141
-0.049913 0.094513 0.140379
0.121468 -0.028526 0.049268
0.081102 -0.100021 0.119272
0.038449 -0.087109 0.19043
0.084803 0.095967 0.12275
0.063602 -0.090626 0.033208
0.081371 0.095067 0.121669
0.12953 -0.009892 0.135863
0.065919 0.013653 -0.029531
0.046499 -0.054305 -0.024027
0.032506 -0.116558 0.056276
0.066319 -0.095068 0.140379
0.054491 0.114325 0.077386
-0.023572 -0.111636 0.048679
-0.010612 0.076392 -0.009266
-0.04843 0.105307 0.060141
-0.015792 -0.132176 0.069401
0.097289 -0.085435 0.127832
-0.007756 0.097601 0.182528
-0.035148 0.116482 0.121302
-0.036961 -0.116642 0.115768
0.080883 -0.100589 0.119003
-0.105365 -0.026441 0.117846
0.083357 0.094687 0.122134
0.070333 0.101279 0.097814
0.122281 -0.031105 0.071581
0.102939 -0.073415 0.060141
0.040096 0.131586 0.122995
-0.10736 -0.009921 0.048679
0.080733 -0.08614 0.048046
0.105186 0.075027 0.127992
-0.068175 -0.006278 0.204445
-0.040336 0.114237 0.08516
0.078827 -0.100076 0.078333
0.096328 0.057446 0.1741
0.09766 -0.082058 0.066993
0.117739 -0.033859 0.043576
0.061491 -0.104097 0.063613
-0.001297 -0.058742 0.215763
-0.007416 -0.118055 0.097814
-0.040126 -0.115295 0.090271
-0.103565 0.038555 0.146254
0.07969 0.102333 0.118848
0.127555 0.003246 0.133441
0.060835 0.017835 -0.031107
0.080622 -0.101216 0.119765
0.07687 -0.097493 0.080478
0.0804 -0.098637 0.117287
0.092635 -0.089756 0.12548
0.03561 0.108606 0.137304
0.054186 -0.114189 0.076757
0.088754 0.091674 0.071339
-0.102996 0.009699 0.03869
0.018548 0.002617 0.230436
0.129538 0.009928 0.136327
0.028023 0.006773 0.229155
0.059081 -0.094018 0.075282
0.026611 -0.131692 0.063419
-0.094103 -0.036719 0.034066
0.001822 -0.019428 0.229155
0.104682 0.074544 0.127356
0.048012 -0.03668 -0.029455
0.111837 -0.063496 0.129169
0.083937 0.096247 0.072412
0.046728 -0.114721 0.06579
0.124872 0.019493 0.053996
0.079079 0.095022 0.07589
0.00419 0.131845 0.059277
0.087302 0.085659 0.048679
0.021184 0.075983 0.204445
0.044396 0.104993 0.140379
0.028469 0.118861 0.141628
-0.038209 -0.10645 0.048679
0.001679 0.108779 0.034066
0.083497 -0.096481 0.072183
0.081528 -0.098132 0.072713
-0.08343 -0.071489 0.049268
0.070481 0.101522 0.087701
0.046413 0.132206 0.09017
-0.030306 -0.132052 0.098611
-0.041355 -0.114787 0.097866
0.08048 -0.097982 0.111116
-0.032998 0.116752 0.124755
0.032462 -0.064378 -0.021643
-0.077065 -0.078707 0.048679
0.052393 0.060822 0.064321
-0.001645 -0.131128 0.059738
0.072302 -0.088982 0.040518
0.078656 -0.027345 -0.014076
0.004229 -0.1319 0.137587
0.085122 -0.09384 0.122726
0.058321 0.003119 -0.031979
-0.012266 -0.131433 0.132667
0.079471 0.099577 0.076909
0.056139 -0.115544 0.113458
-0.070695 0.02232 0.000188
0.043174 -0.115817 0.063852
0.082329 0.09828 0.120985
0.073329 -0.090408 0.140379
-0.057913 -0.016746 0.210462
0.11692 0.056632 0.132224
0.038832 0.118095 0.135765
-0.046558 -0.098009 0.137304
0.014415 -0.111155 0.140379
0.080842 -0.100317 0.118211
0.008742 0.11744 0.05037
0.078088 -0.098055 0.079191
0.104551 -0.055751 0.140379
0.046186 0.019128 0.057601
0.097494 0.082248 0.067972
0.036045 -0.042057 0.220311
0.12472 0.006044 0.056622
-0.030857 0.116845 0.12822
-0.040623 -0.115628 0.09861
0.004362 -0.009398 0.230436
0.096807 -0.08457 0.125735
0.073333 0.099284 0.146254
0.087765 -0.094133 0.124331
0.034895 0.132329 0.071253
0.045986 -0.113265 0.087701
-0.051033 -0.099733 0.048679
0.042712 0.132054 0.117802
0.079217 -0.097412 0.09897
0.022457 0.061101 -0.023027
0.048468 -0.031909 -0.029708
0.10332 -0.073188 0.126938
-0.058269 0.102302 0.071271
-0.046683 0.09788 0.048046
0.024807 0.118438 0.143671
0.078662 -0.099349 0.079191
0.082307 -0.097675 0.120919
-0.050911 0.109891 0.115919
0.083587 -0.095957 0.073606
0.009975 0.131586 0.058741
0.126762 -0.00962 0.133302
0.055576 -0.03655 0.215763
0.080001 -0.099549 0.08662
0.049772 0.11545 0.071468
0.079825 -0.09785 0.117796
0.011913 0.075309 -0.014076
-0.039844 -0.115264 0.088662
0.021295 0.131845 0.061159
0.052457 -0.022216 0.132819
0.052148 0.116861 0.120145
0.113762 0.051688 0.062076
-0.031007 -0.114763 0.067824
-0.093163 -0.025672 0.1741
0.01555 0.108867 0.034066
0.080094 -0.096609 0.076434
-0.083449 0.074211 0.071581
0.083077 -0.079458 0.034066
0.116539 -0.029547 0.137304
0.031333 0.132054 0.130501
0.036726 -0.113407 0.063613
-0.012104 7.7e-05 0.229155
0.10326 0.073423 0.126924
-0.034606 0.117465 0.120124
0.119836 -0.041392 0.057016
0.08001 0.098136 0.093454
0.080553 0.101515 0.117125
0.109428 0.054686 0.155901
0.038597 -0.132176 0.121838
-0.051751 0.092325 0.165204
-0.021582 0.130937 0.071642
0.069361 0.044281 -0.014076
0.095313 0.079801 0.069868
0.045999 0.057446 0.210462
0.074949 0.016899 0.210462
0.129427 -0.00326 0.134669
-0.025892 0.132329 0.114742
0.097484 -0.017598 0.169442
0.086739 0.083517 0.043576
-0.107118 -0.017784 0.063613
0.078832 0.099804 0.078537
0.083463 -0.08938 0.117846
-0.053941 0.093442 0.048046
0.119872 -0.041333 0.057449
0.056121 -0.001466 -0.031621
-0.001122 -0.116254 0.049958
-0.029687 -0.131433 0.110106
0.060771 0.097363 0.117859
0.043557 0.131281 0.118276
0.077505 0.102254 0.078282
0.097552 -0.081403 0.068684
0.003594 0.059505 0.215763
0.112795 0.058828 0.060865
0.10984 -0.040041 0.034066
0.115922 -0.046284 0.061031
0.011229 -0.11936 0.145543
0.039553 -0.1319 0.074647
-0.104163 0.019668 0.043577
0.057595 -0.021159 -0.03123
0.120875 -0.030724 0.117846
-0.058309 -0.09274 0.043576
-0.015836 0.114049 0.063613
-0.074255 -0.054002 0.182528
-0.082027 0.070551 0.155901
-0.011877 0.11691 0.054558
0.113702 -0.062071 0.130517
-0.039001 0.101525 0.137304
0.067947 -0.004848 0.215763
0.048754 -0.130784 0.095189
-0.061857 0.057596 0.169442
0.079708 0.095519 0.076139
-0.0997 -0.028505 0.03869
0.056494 -0.115838 0.109296
0.084424 0.012743 0.204445
0.011058 0.030729 0.22703
-0.015792 0.132329 0.069401
-0.109438 0.008753 0.107878
0.077311 0.097672 0.079496
-0.101297 -0.059352 0.115919
0.117911 0.046915 0.058834
0.097924 0.067415 0.03869
0.099774 -0.074747 0.068239
0.079198 -0.097222 0.077272
0.058679 -0.114524 0.096568
0.071274 -0.027451 0.210462
0.124929 0.031541 0.132825
0.022485 -0.015096 0.229155
-0.028511 0.084493 0.19043
0.113356 0.056141 0.087701
0.080815 -0.099963 0.117437
0.050134 -0.103189 0.140379
0.110311 0.052219 0.043576
-0.059031 -0.086496 0.040518
0.053591 -0.116717 0.116689
0.124122 -0.038081 0.135198
0.05346 0.039777 0.131483
0.049678 -0.114824 0.07045
0.080701 -0.102134 0.111133
0.035933 -0.054374 -0.025935
0.047083 0.053865 -0.024198
0.056478 0.11562 0.112473
0.123829 0.025452 0.056223
0.079252 0.097565 0.099558
-0.02548 -0.115599 0.062912
0.005158 -0.040467 0.224075
-0.040549 0.115583 0.094434
-0.006345 -0.132176 0.133587
0.062566 0.026531 -0.028709
0.069361 -0.044128 -0.014076
0.078104 -0.101325 0.076303
0.032418 -0.116882 0.056478
0.11666 0.013739 0.034066
0.010451 -0.119036 0.145801
-0.065309 -0.033741 -0.001153
-0.041639 0.004233 0.220311
-0.081305 0.061857 0.034066
0.091291 -0.064348 0.1741
0.100314 0.071524 0.048679
0.077751 0.097882 0.079242
0.06815 0.110268 0.105572
-0.028358 -0.065814 -0.009909
0.004232 -0.117599 0.050777
0.065954 -0.013223 -0.02954
0.021304 -0.117076 0.05197
0.079842 -0.097982 0.116627
0.01358 0.030414 0.22703
-0.016017 0.115808 0.055144
0.084928 -0.095136 0.071271
0.025152 0.117414 0.053349
-0.077908 0.071199 0.03869
0.121691 -0.035171 0.056089
0.051919 -0.116532 0.121136
-0.037426 -0.116127 0.116006
0.077869 -0.10183 0.078415
0.040727 -0.115309 0.060607
-0.017184 0.131281 0.129495
0.004123 -0.131128 0.13855
0.093112 0.063432 0.033208
0.081972 -0.093492 0.074958
-0.096533 0.051005 0.117846
0.075929 0.097483 0.080466
0.11498 0.047002 0.117846
-0.107409 -0.009529 0.048679
0.078501 0.097002 0.11901
0.127999 -0.003215 0.133553
0.006473 -0.118491 0.146366
0.032664 0.116419 0.056062
0.083765 -0.096188 0.07168
-0.082028 -0.070398 0.155901
-0.083154 0.063141 0.140379
0.097877 0.022705 0.19043
0.116628 0.014112 0.034066
0.124476 -0.022346 0.055526
-0.116346 -0.01027 0.105572
-0.055907 -0.042014 0.204445
0.008518 -0.110114 0.165204
0.087027 0.080062 0.048046
-0.01061 0.118355 0.142593
0.047238 0.132206 0.101445
-0.071917 -0.088359 0.087701
-0.08733 0.024349 0.182528
0.033505 -0.032027 0.224075
-0.014925 -0.118891 0.13967
-0.097874 0.032991 0.140379
0.081219 0.10193 0.105572
0.078601 -0.100702 0.078818
0.079375 -0.098307 0.086731
0.057307 -0.111152 0.136329
0.106339 -0.064071 0.065197
0.060549 -0.102258 0.12767
0.083966 -0.095843 0.073124
0.080671 -0.09884 0.074744
-0.037293 0.116152 0.117076
-0.010368 -0.113098 0.155901
0.110731 -0.062782 0.128697
0.078962 0.097614 0.117359
-0.003837 0.028243 0.22703
0.106061 0.063805 0.049268
0.058936 0.046489 0.210462
0.079102 -0.100324 0.074759
-0.077561 0.080936 0.071581
0.086756 -0.09006 0.07345
0.034081 0.106055 0.034066
0.056577 -0.016058 -0.031544
0.123159 0.025217 0.057302
0.080771 -0.098844 0.118459
0.103441 -0.071531 0.079622
0.082025 -0.096937 0.074708
0.122106 -0.04431 0.134138
-0.006818 0.132054 0.062524
0.034053 0.061182 -0.023511
0.031147 0.020908 0.22703
-0.016016 0.075484 -0.0081
0.078874 0.100693 0.077126
0.083485 0.098108 0.122472
0.121282 -0.028479 0.048679
0.039838 -0.131692 0.122796
0.042605 0.077787 0.197752
-0.014696 0.108649 0.140379
0.078792 -0.100489 0.080593
0.093064 0.087371 0.068306
-0.072552 0.04395 0.19043
0.092934 0.077787 0.155901
-0.030976 -0.116992 0.127002
0.042605 -0.077634 0.197752
0.123698 -0.022085 0.057023
0.051704 0.103242 0.137304
0.079984 0.099254 0.08734
0.093622 -0.076331 0.043576
0.078955 0.097526 0.105572
0.004154 0.131586 0.138269
-0.016564 0.132054 0.068472
0.080289 -0.096485 0.12007
0.080639 -0.096748 0.119996
0.027645 -0.118202 0.142593
-0.0014 0.132054 0.136547
0.090986 0.084097 0.107878
0.077892 0.101718 0.076793
-0.016317 0.132206 0.06877
0.060467 0.097115 0.118657
0.004608 0.116503 0.049194
0.008518 -0.050253 0.220311
0.082297 0.097677 0.072734
0.056268 -0.116109 0.109215
-0.010629 -0.114661 0.048679
0.078896 -0.099081 0.07831
0.080061 0.102287 0.116661
0.101535 0.080629 0.128326
0.080873 0.096265 0.120615
0.043761 -0.130784 0.078832
0.123942 0.0256 0.054945
0.107725 0.064892 0.146254
0.060203 -0.032479 -0.02813
0.008518 0.010423 0.230436
0.052282 0.11479 0.074487
0.080819 -0.098305 0.111142
0.04461 -0.04518 -0.028156
0.114038 -0.053801 0.061844
0.077968 -0.09754 0.07865
0.00159 0.117744 0.071581
0.0798 0.098121 0.116889
0.081065 0.10078 0.120141
0.051857 0.10011 0.034066
0.079102 -0.098371 0.077771
0.04635 -0.110126 0.049268
-0.024184 0.132054 0.076976
-0.108467 -0.01799 0.071581
0.016802 0.018962 0.229155
0.000353 0.006432 0.230436
-0.017231 0.101757 0.1741
-0.101237 -0.025487 0.048046
0.080598 0.101527 0.116744
0.092578 -0.08765 0.069907
-0.006556 0.111255 0.048046
-0.019786 0.132329 0.073251
0.119735 -0.041428 0.05659
0.027696 0.115003 0.049268
0.026264 -0.104663 0.033208
0.053244 -0.036795 0.131784
0.113942 0.02849 0.040518
0.076341 0.096908 0.07837
0.044013 -0.132176 0.112187
0.105497 0.075568 0.129746
0.036071 -0.080184 0.197752
0.053014 -0.102627 0.03869
-0.038331 -0.063502 -0.006775
0.117063 -0.048276 0.079622
0.111977 -0.017188 0.1741
0.029241 -0.116006 0.053709
0.055335 -0.030567 -0.030205
-0.038507 0.116704 0.110854
0.048906 -0.074554 0.197752
-0.044877 0.064596 -0.00182
0.117399 0.039651 0.059992
0.06102 0.097402 0.080063
0.105358 0.075224 0.128388
0.083573 -0.096407 0.072553
-0.024944 0.130937 0.075997
0.017776 0.060838 -0.022035
0.022419 0.070087 -0.018857
0.07967 -0.09753 0.098942
0.029349 -0.082185 0.197752
-0.096373 -0.068452 0.105572
-0.101419 0.043454 0.107878
-0.008353 -0.065317 -0.015502
0.05846 0.018125 -0.031445
0.052229 -0.02923 -0.030458
0.080804 -0.10039 0.117799
0.096027 0.080382 0.069902
-0.043927 0.096987 0.165204
0.125601 -0.013554 0.107878
-0.06288 0.040546 -0.001418
-0.007288 -0.130784 0.135806
0.051885 0.029228 -0.03043
-0.08373 0.060345 0.165204
0.101491 -0.077047 0.064927
-0.007303 -0.11721 0.107878
0.083077 0.079611 0.034066
-0.032248 0.069805 -0.006031
-0.020573 0.010064 0.22703
0.057647 0.115437 0.105433
0.02486 0.037332 0.224075
0.037313 -0.055871 -0.025494
0.009994 -0.130784 0.138998
-0.036771 0.116595 0.116807
0.078841 -0.099639 0.078503
0.059478 0.095694 0.121059
-0.05707 0.098149 0.107878
-0.015836 -0.114402 0.063613
-0.001272 -0.118056 0.146114
-0.036293 -0.115333 0.077973
0.074803 0.003609 -0.024029
-0.007453 -0.118337 0.087701
0.086738 -0.083364 0.043576
-0.031199 -0.090469 0.182528
0.067805 -0.039248 -0.019321
0.092721 -0.085325 0.071206
0.057647 -0.115283 0.105433
0.078653 0.100767 0.078502
0.120648 -0.040003 0.087701
0.118971 0.029854 0.12767
0.026848 -0.108062 0.040518
0.004711 0.117758 0.050739
-0.029032 0.115479 0.066433
0.112722 -0.064374 0.131571
0.117094 0.049267 0.130507
0.078176 0.102298 0.081529
0.012674 -0.050081 0.220311
0.080348 0.098459 0.093416
0.093209 0.086877 0.070064
0.004229 -0.1319 0.059636
0.001785 -0.114672 0.12767
0.044297 0.104297 0.165204
0.091975 -0.073447 0.140379
-0.041812 -0.114662 0.105572
0.126229 0.006179 0.053762
0.038455 -0.117385 0.137268
0.11185 -0.060526 0.060845
-0.090224 -0.039354 0.033208
-0.023827 -0.110266 0.12767
0.022611 -0.117358 0.052594
-0.01558 0.116421 0.056037
-0.073422 -0.077378 0.048046
-0.081236 0.073936 0.048679
0.076037 0.097194 0.079111
-0.040122 0.115942 0.105304
0.008518 0.092257 0.19043
-0.001297 -0.01806 0.229155
0.08162 0.098835 0.120079
0.117816 0.039786 0.059979
-0.012034 -0.001626 0.229155
0.125369 -0.022602 0.087701
-0.043927 0.028459 0.215763
0.117938 0.047005 0.058403
-0.015134 -0.11828 0.140102
0.032453 -0.066286 -0.019938
0.081002 -0.099191 0.118854
0.128655 0.016436 0.134773
-0.010368 0.008361 0.229155
0.087911 0.094592 0.124948
-0.024184 0.132054 0.120247
0.077829 0.10208 0.078807
0.057038 -0.115399 0.109477
0.046412 -0.132052 0.09017
0.065887 0.037558 0.210462
-0.014332 -0.107283 0.040518
-0.029491 0.132298 0.104205
0.076686 -0.096484 0.077839
0.128472 -0.009765 0.133889
0.124487 -0.022423 0.054665
0.055719 0.114418 0.081072
0.080838 -0.100864 0.119555
0.045611 -0.132176 0.090348
-0.040533 -0.111747 0.071271
-0.037895 -0.070964 0.197752
-0.05691 0.083424 0.033208
0.078889 -0.100524 0.077093
0.04032 0.131281 0.074054
0.039638 0.064053 -0.019321
-0.103053 -0.034962 0.117846
0.000716 0.117697 0.05119
-0.06485 -0.093957 0.079622
0.083463 0.089027 0.117846
0.031143 -0.118322 0.140643
0.079422 0.097565 0.105572
-0.081236 -0.073783 0.048679
-0.105489 0.03537 0.087701
0.085211 0.006432 0.204445
-0.014382 0.11802 0.14121
-0.041125 0.008361 0.220311
0.053465 0.026394 -0.030766
0.082184 0.096209 0.074984
0.05926 0.095184 0.121544
0.031575 -0.117709 0.14153
-0.016317 -0.132052 0.128453
-0.048878 0.054968 -0.004864
0.10841 0.044097 0.040518
0.000688 0.117361 0.050964
-0.035019 -0.114874 0.074628
0.028389 0.119185 0.141424
0.047429 0.115634 0.068376
-0.026635 0.132206 0.11509
0.041134 -0.049846 0.215763
-0.011915 -0.117804 0.142784
-0.090939 0.056551 0.043576
-0.011707 -0.132052 0.065472
0.088613 0.081678 0.12767
0.07909 0.099942 0.077613
-0.098827 -0.052478 0.087701
0.060639 0.067041 0.197752
-0.000144 -0.104455 0.1741
0.103918 0.070587 0.066629
-0.105829 -0.050081 0.115919
0.077955 0.084014 0.034066
0.123758 0.03806 0.132974
0.077444 0.102475 0.079309
-0.001302 -0.132052 0.06105
-0.001302 -0.132052 0.136172
0.057607 0.115313 0.108569
0.001822 -0.040051 0.224075
0.10004 -0.06898 0.12767
-0.011335 0.069529 -0.014085
0.091015 -0.084479 0.071581
0.07887 0.095157 0.076008
0.010554 0.117766 0.050679
0.015336 -0.118096 0.146643
0.040611 -0.052755 -0.02636
0.081026 0.09878 0.074
0.041134 -0.060192 0.210462
0.087341 -0.09076 0.073229
0.108951 -0.069452 0.128931
-0.040271 0.012432 0.220311
0.020333 -0.130784 0.060039
0.057296 0.115473 0.10848
0.078427 0.10127 0.078674
0.04859 -0.131128 0.095678
-0.036674 -0.11477 0.077776
0.039838 -0.131692 0.074426
-0.088813 -0.067412 0.071581
-0.040893 0.114437 0.088996
-0.027797 -0.115687 0.065477
0.108747 -0.066022 0.063153
0.047238 0.132206 0.095777
0.091583 -0.085058 0.097814
0.100172 -0.069079 0.055756
0.051476 -0.117053 0.120844
-0.0702 0.086119 0.117846
0.078731 -0.100474 0.080292
0.117565 -0.049198 0.130537
-0.003963 0.115645 0.048679
0.021053 0.132206 0.061867
-0.110913 -0.000176 0.087701
0.107917 0.065709 0.064695
0.018368 -0.067521 -0.020544
0.043808 -0.116066 0.064789
-0.103909 0.029768 0.048679
-0.057094 0.098184 0.071581
0.080909 0.10038 0.118599
0.066769 -0.006877 -0.029739
0.035733 -0.1319 0.070383
0.062573 -0.026381 -0.028711
0.097016 -0.08483 0.126077
0.105119 -0.061933 0.055756
-0.068438 -0.098796 0.105572
0.045546 -0.03401 0.220311
0.037325 -0.115734 0.058509
0.000906 0.091942 0.19043
0.078382 0.101436 0.079458
0.100272 0.075742 0.068193
0.025965 -0.114873 0.048679
-0.043603 -0.056542 0.204445
0.127344 0.025431 0.13477
0.05821 -0.026421 -0.030456
0.047724 -0.04748 -0.027221
-0.083278 -0.071371 0.048679
-0.079513 -0.080961 0.060141
-0.039085 -0.097999 0.034066
0.077419 0.097876 0.080922
-0.051115 0.110268 0.105572
0.119282 0.040369 0.059275
-0.02866 0.132206 0.087426
0.003952 -0.118478 0.146198
0.05844 -0.032539 0.215763
-0.013242 0.117156 0.055455
0.077938 0.101863 0.078004
0.127957 -0.021811 0.136329
0.025894 -0.132176 0.132409
0.1206 -0.038401 0.146254
0.082565 0.096156 0.121381
0.096057 -0.077022 0.117846
0.076852 0.10467 0.094051
0.008518 -0.104814 0.1741
0.126239 -0.0003 0.054968
0.058847 -0.114662 0.105572
-0.084998 0.072863 0.146254
0.008742 0.117777 0.0506
0.080702 -0.100889 0.117537
-0.094942 -0.067517 0.126194
0.076337 0.062509 0.19043
0.045627 0.111834 0.107878
0.078611 0.099258 0.080637
0.07896 -0.09951 0.078142
0.128874 0.016498 0.135664
-0.030333 0.113245 0.060141
0.032523 -0.130784 0.06615
0.064623 0.008394 -0.03078
-0.093786 -0.055287 0.048679
-0.067177 0.082795 0.137304
0.114249 0.037382 0.048046
0.076696 0.096632 0.077842
0.079213 0.097565 0.111018
-0.023586 -0.024911 0.224075
0.066635 0.107468 0.071271
-0.016057 0.132298 0.069082
-0.039085 0.098152 0.034066
-0.111566 0.030486 0.082596
0.055785 0.060806 0.204445
0.041885 0.117894 0.133208
0.036045 0.042211 0.220311
0.097725 -0.081816 0.067879
0.078258 -0.096293 0.077227
0.078817 0.100242 0.078369
-0.040271 -0.012278 0.220311
0.064536 -0.019826 -0.029192
-0.102221 0.043773 0.079622
-0.011907 0.107141 0.034066
-0.057914 -0.101604 0.136329
-0.038376 -0.11634 0.112049
-0.032084 0.11579 0.070897
0.086061 0.094217 0.123086
0.041658 0.132329 0.117211
-0.011892 -0.11708 0.054806
-0.01901 -0.042057 0.220311
0.013388 0.117409 0.050599
0.123812 -0.012914 0.057051
0.060625 -0.102405 0.055756
-0.015454 0.130937 0.066202
0.058505 -0.091946 0.12315
0.041913 -0.130784 0.076039
-0.023861 0.132206 0.120033
-0.012266 0.131586 0.064556
0.008518 0.114816 0.155901
-0.063506 -0.092234 0.063613
0.06815 7.7e-05 0.215763
0.01953 -0.118575 0.079622
0.081561 0.100162 0.099428
0.098228 0.067269 0.048046
0.079558 -0.046336 0.197752
-0.017334 -0.130784 0.067547
0.101618 -0.070164 0.117846
0.123257 7.7e-05 0.155901
0.047736 0.131281 0.089875
0.129091 -0.009828 0.134566
0.028859 0.003471 0.229155
0.117232 -0.046956 0.060109
0.043463 -0.105696 0.140379
-0.03496 -0.0801 0.169442
-0.020864 0.11815 0.136467
0.083518 0.096437 0.071271
-0.014111 0.020908 0.22703
0.062612 -0.106286 0.087701
0.036623 0.115593 0.057235
0.044795 0.108542 0.043576
0.027146 -0.109794 0.140379
0.061151 0.097479 0.080429
0.108565 0.063778 0.079622
0.031961 0.119045 0.13967
0.056099 -0.025687 -0.030857
-0.055907 0.08285 0.1741
-0.031546 -0.116623 0.127338
-0.02182 0.005139 0.22703
0.016683 -0.098459 0.182528
-0.020397 -0.132052 0.124519
0.066635 -0.107315 0.071271
-0.064268 -0.024911 0.204445
0.035461 0.118562 0.13784
0.053449 -0.115329 0.078301
-0.001088 -0.11585 0.048679
-0.106359 -0.029014 0.146254
0.072355 -0.097153 0.048679
-0.003501 -0.111204 0.03869
0.114838 0.05529 0.129788
-0.014111 -0.020755 0.22703
-0.015758 -0.116015 0.05579
0.068787 0.092325 0.165204
0.078701 -0.100259 0.078951
0.096587 -0.080262 0.069716
0.045405 -0.110208 0.048679
0.077773 -0.097127 0.078329
-0.001199 -0.132145 0.13578
0.082014 0.095901 0.075176
0.124903 0.019025 0.055667
-0.078668 0.030008 0.19043
0.081714 -0.097968 0.072604
0.079536 0.097133 0.119107
0.127199 0.025377 0.134334
0.11944 -0.004385 0.140379
0.097206 -0.085456 0.128302
-0.04929 0.014716 0.215763
0.081305 -0.084014 0.140379
0.055205 0.114853 0.081272
0.080772 0.099683 0.117055
0.05483 0.04763 -0.024029
-0.035619 -0.116263 0.120454
0.122115 -0.044265 0.133675
0.009975 -0.131433 0.138481
0.018304 0.118175 0.146254
-0.001688 0.00178 0.230436
-0.006959 -0.131692 0.135031
0.001528 0.118837 0.087701
-0.055076 0.064963 0.169442
-0.003234 0.117595 0.051951
-0.047525 0.071538 0.169442
-0.0295 -0.130784 0.112041
0.010498 -0.118128 0.147067
-0.083348 0.007689 0.19043
0.112132 -0.063712 0.129465
0.031147 -0.089283 0.19043
-0.086283 -0.053754 0.034066
-0.026635 -0.132052 0.11509
0.026655 -0.009739 0.229155
-0.083188 -0.053765 0.033208
-0.033535 -0.103161 0.140379
0.096537 0.084451 0.12545
0.087784 -0.091418 0.072729
-0.029958 -0.131128 0.087036
0.086541 -0.092472 0.123133
0.077238 -0.096511 0.077799
0.125742 0.031827 0.133899
-0.015792 -0.132176 0.127822
-0.098301 0.027127 0.165205
0.058115 -0.006181 -0.031928
0.07095 -0.067743 0.19043
-0.023523 -0.132145 0.077414
0.003455 -0.030261 0.22703
-0.056047 -0.052754 -0.001669
-0.001104 0.116194 0.049268
0.060311 -0.007166 -0.031906
-0.032231 0.114682 0.06884
-0.032025 -0.003283 0.224075
-0.093619 0.059523 0.071581
0.119746 -0.048713 0.136329
0.126318 -0.004646 0.071581
-0.100987 -0.02543 0.137304
0.004017 -0.076274 -0.012398
0.104775 0.051542 0.040518
-0.0419 0.077247 0.19043
0.120255 -0.034392 0.058923
0.078 0.098372 0.079953
0.063835 -0.036614 -0.024029
0.018723 -0.001626 0.230436
-0.037867 0.099086 0.040518
0.087682 -0.093986 0.124097
-0.031466 -0.130784 0.092727
0.003691 0.076296 -0.012327
0.111881 -0.060332 0.061716
0.082337 0.093418 0.074853
0.123074 0.030968 0.079622
-0.03854 -0.03655 0.215763
0.000353 0.098612 0.182528
0.057008 0.115674 0.108394
0.088058 -0.070018 0.033208
0.129101 0.009854 0.134569
-0.040901 -0.115083 0.105502
0.001928 -0.112156 0.137304
0.097277 0.066556 0.140379
-0.115065 -0.020546 0.105572
-0.017231 0.016899 0.22703
-0.089025 -0.063651 0.049268
-0.020685 0.132054 0.072445
-0.019649 0.012432 0.22703
0.053502 0.115191 0.077882
-0.078438 0.047135 0.182528
0.120342 -0.004739 0.03869
0.080613 -0.099053 0.117336
0.049061 -0.003283 0.224075
-0.000157 -0.118074 0.146355
-0.0419 0.04649 0.210462
0.093252 0.087225 0.069204
0.115252 -0.053434 0.059703
0.078711 -0.099977 0.080043
0.004272 0.132206 0.060021
-0.006345 0.132329 0.133587
-0.038828 -0.065045 -0.005717
-0.020136 0.116135 0.058761
0.04245 0.056367 -0.02444
-0.064268 0.093592 0.146254
-0.092392 -0.044187 0.165205
-0.115065 7.7e-05 0.126195
0.058683 -0.093057 0.122783
0.068731 -0.009622 -0.02813
-0.06899 -0.036294 0.001386
0.018505 -0.029014 0.22703
0.105079 0.07178 0.065171
-0.087538 0.062833 0.155901
0.096662 0.080996 0.069644
-0.038115 0.11589 0.115918
0.082167 -0.099748 0.122914
-0.02866 -0.132052 0.087426
0.079918 0.10259 0.094052
0.013577 0.073296 -0.016419
-0.027312 -0.131692 0.081815
0.080532 0.101442 0.117863
-0.096014 -0.068217 0.115919
-0.100097 0.009448 0.034066
-0.043927 -0.028305 0.215763
-0.077544 0.070514 0.140379
0.039246 -0.132052 0.074883
0.126267 7.6e-05 0.053274
-0.038042 0.116572 0.113011
-0.079948 -0.011093 0.005938
0.105452 0.060777 0.043576
0.105452 -0.060624 0.043576
0.119636 -0.050314 0.132535
0.052621 -0.02587 0.132608
-0.0299 0.132298 0.098611
0.108163 0.065934 0.064391
0.053709 0.114923 0.077775
0.011877 -0.040467 0.224075
0.080269 0.099402 0.0736
0.077432 0.096529 0.07757
0.000507 0.116444 0.049662
-0.071742 0.02763 0.197752
0.076556 0.094532 0.063613
0.069207 0.007011 -0.02813
0.077447 0.097533 0.079
0.125884 0.031895 0.134335
0.032662 0.066998 -0.019321
0.080706 -0.102135 0.098877
0.044297 -0.104144 0.165204
0.078195 0.101922 0.080177
0.035337 -0.111106 0.043576
0.113326 0.046271 0.055756
-0.025892 0.132329 0.082481
0.01564 0.132054 0.13717
0.012804 0.117753 0.050777
-0.020397 0.132206 0.124519
0.118965 0.040224 0.059541
0.075305 -0.102149 0.071271
-0.037895 0.050495 0.210462
0.031732 0.131586 0.131059
-0.03187 -0.043796 0.215763
0.104573 -0.06268 0.155901
0.002276 0.105673 0.033208
0.089378 0.040858 0.169442
-0.023193 0.10774 0.048046
-0.022395 0.070551 0.204445
-0.004364 -0.116778 0.051714
-0.046897 0.052009 -0.005866
-0.071018 -0.025684 0.000587
0.028023 0.116964 0.146254
0.079314 -0.099571 0.077172
0.117534 -0.021101 0.140379
0.112696 -0.051764 0.062268
-0.039001 -0.101878 0.137304
-0.107026 -0.01777 0.117846
-0.035355 -0.080994 0.19043
0.125954 0.031947 0.13479
0.035899 0.116812 0.058496
0.103972 0.052552 0.034066
0.112738 0.056478 0.146254
-0.087691 -0.066635 0.063613
0.000967 0.029893 0.22703
0.013242 0.07519 -0.014076
0.114417 0.043276 0.043576
0.008518 0.020699 0.229155
0.077419 -0.097723 0.080922
-0.001094 0.132329 0.135378
0.033052 -0.115655 0.055144
0.084376 -0.090462 0.107878
0.06991 0.100588 0.071581
0.113866 -0.062361 0.131872
-0.008411 0.116329 0.052239
-0.085716 -0.064738 0.043576
-0.103909 -0.029615 0.048679
-0.019071 -0.117509 0.138898
0.05844 0.092325 0.1741
0.035983 0.131845 0.070124
0.119697 -0.050394 0.132991
0.055322 0.106779 0.049268
-0.011216 0.065331 -0.014787
-0.10836 -0.000176 0.117846
0.01542 -0.132176 0.061241
-0.031234 -0.131128 0.104462
0.010528 0.117913 0.071581
0.119687 -0.050445 0.133455
0.001544 0.118553 0.097814
0.041707 -0.117754 0.133369
-0.090224 0.039002 0.033208
0.06106 0.054027 -0.014076
0.107725 -0.064739 0.146254
-0.066083 0.095924 0.136329
0.091804 -0.074699 0.03869
-0.072856 0.003283 0.000623
0.045407 0.115117 0.064865
-0.033056 0.108614 0.048679
0.05223 0.029381 -0.030437
0.078337 0.097134 0.118663
0.127331 0.02551 0.136142
0.058675 -0.00408 0.220311
-0.07815 -0.081845 0.097814
0.079284 0.096437 0.120098
0.089588 -0.074554 0.165204
0.019588 -0.059894 -0.022488
0.054736 -0.114976 0.080703
0.015738 -0.111618 0.03869
0.042282 0.117442 0.13368
0.045627 -0.112187 0.107878
0.112738 -0.035702 0.165204
0.037041 -0.116268 0.058983
-0.006666 0.132206 0.06288
0.112685 0.064554 0.131092
-0.035241 -0.116935 0.119383
0.081489 -0.097757 0.120073
0.034081 -0.105902 0.034066
0.078129 -0.098309 0.080752
0.058939 0.094248 0.122244
0.027901 -0.117838 0.143235
0.067947 0.005001 0.215763
0.07731 -0.09752 0.079502
0.012338 -0.117268 0.050511
-0.001297 0.058896 0.215763
-0.015792 0.132329 0.127822
0.055415 -0.020519 -0.031253
0.050929 0.053121 0.062526
0.018505 0.039514 0.224075
0.077895 -0.096065 0.077107
-0.015754 -0.095771 0.182528
-0.01543 -0.116879 0.056503
0.079705 0.097683 0.099533
0.088778 -0.087109 0.146254
0.115805 0.058649 0.131481
-0.092756 0.040173 0.034066
0.075348 0.092856 0.12767
0.013359 -0.067027 -0.020174
0.005978 -0.030576 0.22703
-0.046092 -0.100833 0.155901
0.117314 -0.048387 0.087701
0.044013 0.132329 0.112187
0.080826 -0.098305 0.09887
0.12187 0.034731 0.056447
0.115981 0.055914 0.130279
-0.031519 0.104599 0.03869
-0.02216 -0.117488 0.136269
0.048754 -0.130784 0.102034
0.028023 -0.006619 0.229155
0.036315 -0.048417 -0.026669
0.120661 -0.039627 0.131512
0.120615 -0.034519 0.05871
0.123526 -0.037668 0.132625
0.056752 -0.1156 0.109384
0.008748 0.116521 0.049049
0.008518 0.116401 0.048679
0.030943 -0.118934 0.140207
0.080807 -0.099544 0.116777
0.05629 -0.115242 0.086172
0.009906 -0.132176 0.136589
-0.00905 -0.119104 0.142329
0.103381 0.05948 0.03869
-0.026268 0.132298 0.082305
0.020873 -0.02809 0.22703
-0.050401 0.088116 0.033208
-0.030954 -0.131433 0.10442
-0.023873 -0.110425 0.055756
0.035464 0.132206 0.12656
-0.106059 -0.008849 0.12767
0.084795 0.097255 0.123694
0.075483 -0.072667 0.182528
0.067981 0.109955 0.094051
0.081795 -0.096344 0.075211
-0.02908 -0.132176 0.104145
-0.039084 0.016419 0.220311
0.108428 -0.069004 0.128289
0.093186 0.087325 0.068754
0.036685 0.111305 0.155901
0.046564 0.130937 0.085166
0.010543 -0.119076 0.097814
-0.109224 0.029893 0.13633
-0.041643 0.114677 0.096568
-0.096617 0.051046 0.063613
-0.061269 -0.050602 0.00179
-0.076569 -0.080352 0.063613
0.054393 0.040785 -0.027835
0.127021 7.7e-05 0.146254
0.122144 -0.028312 0.05793
0.057767 -0.115451 0.10066
0.014873 0.07677 0.204445
0.124286 -0.006606 0.056803
0.079551 -0.095953 0.076493
-0.067349 0.082984 0.048046
0.123202 -0.037541 0.132318
0.12881 -0.009798 0.134202
-0.060686 -0.088618 0.137304
0.115405 -0.033134 0.03869
0.060296 -0.09586 0.034066
0.008293 0.119029 0.087701
0.018525 0.074717 -0.014076
-0.067252 -0.088059 0.048679
0.083765 0.096342 0.07168
-0.098424 0.042263 0.055756
0.093376 7.7e-05 0.197752
0.028927 0.117233 0.054806
0.121087 0.027648 0.058334
-0.025095 0.114258 0.087701
0.123035 0.012251 0.057143
-0.004149 -0.07583 0.204445
0.097271 -0.085231 0.126902
0.050663 -0.101114 0.040518
-0.012034 0.00178 0.229155
-0.049864 0.103554 0.097814
0.078009 0.098317 0.079657
0.035568 -0.014562 0.22703
0.094697 0.075478 0.055756
0.101386 0.080337 0.127436
0.123261 0.031078 0.132262
0.057158 -0.115789 0.105303
-0.075445 -0.016628 0.002193
-0.107585 0.026602 0.079622
0.015569 -0.132052 0.060434
0.086716 0.095854 0.125667
0.051341 -0.038635 -0.029189
-0.006523 -0.111353 0.137304
0.112391 0.055624 0.071581
0.026655 0.108765 0.165204
0.128087 -0.009729 0.133637
0.076955 0.09687 0.078193
0.079918 0.102033 0.119885
0.107837 -0.063667 0.107878
0.082489 0.097246 0.07383
0.110822 -0.055288 0.048679
0.021154 0.118163 0.145498
0.062838 -0.100572 0.043576
-0.03224 0.115489 0.070768
0.078486 -0.101014 0.078317
-0.032393 0.106881 0.043576
0.075345 -0.034644 -0.014076
0.080416 0.101596 0.120177
0.056812 -0.036041 -0.028533
-0.013851 -0.113985 0.048679
0.083523 -0.089451 0.063613
0.080419 0.098818 0.11698
-0.073236 -0.077202 0.137304
-0.040567 -0.115411 0.094115
0.077298 -0.097683 0.080413
-0.041645 -0.114588 0.09788
-0.040351 -0.11552 0.105367
-0.07713 -0.006615 0.002602
0.043333 -0.115538 0.06366
0.119035 -0.034026 0.059179
0.101222 0.080128 0.127042
-0.089479 -0.067873 0.097814
-0.027607 -0.131433 0.081677
-0.019239 -0.115803 0.05782
0.080415 0.097046 0.119737
0.090653 -0.07229 0.040518
0.079784 -0.097907 0.117458
0.01953 0.118223 0.079622
0.025482 0.116327 0.052251
0.043026 0.131845 0.079244
0.091516 0.084775 0.071554
-0.10017 -0.01806 0.165205
0.097191 0.085626 0.128298
0.093622 0.076484 0.043576
-0.092904 0.031439 0.033208
0.124582 -0.031165 0.132586
-0.015409 -0.11238 0.12767
-0.095929 -0.041623 0.137304
-0.106785 0.026417 0.071581
0.06815 -0.110114 0.105572
-0.11338 -0.020264 0.126195
0.020987 0.118526 0.144823
-0.07538 0.091214 0.082596
0.046383 -0.035664 -0.029186
-0.028738 -0.016265 0.224075
0.075911 -0.097307 0.08028
0.109412 -0.058553 0.063803
-0.028738 -0.108446 0.155901
-0.103546 -0.008659 0.137304
0.07859 -0.100909 0.07997
0.081518 -0.053997 0.169442
0.118539 -0.037694 0.048679
-0.041857 -0.108017 0.079622
0.041817 -0.100757 0.033208
-0.114715 -0.020487 0.094052
0.057307 -0.012279 0.220311
-0.104923 -0.049683 0.082596
-0.041787 -0.114606 0.101011
0.101376 0.060637 0.140379
0.085755 -0.094698 0.123068
0.008533 0.066156 -0.019528
0.127834 -0.02311 0.13535
-0.046101 -0.097196 0.140379
0.084694 -0.097461 0.124391
0.046265 0.130937 0.084174
0.099782 -0.078499 0.125998
0.087265 -0.093375 0.123486
0.051192 0.039047 -0.029149
0.079561 0.003863 -0.019321
-0.0391 0.115389 0.085496
-0.029184 -0.070802 -0.006724
-0.109854 0.030053 0.071272
-0.029491 0.132298 0.093018
0.119746 0.048866 0.136329
0.120663 0.027554 0.058358
0.12556 -0.031479 0.133504
-0.015436 -0.044187 0.220311
0.021258 -0.11741 0.052192
-0.040356 -0.100617 0.03869
-0.09827 0.042202 0.12767
0.046996 -0.013133 0.224075
0.079781 0.098069 0.117397
0.0824 0.093488 0.07486
0.125642 0.013207 0.071581
0.081126 0.098591 0.074362
0.045986 0.112913 0.087701
-0.007756 -0.01259 0.229155
0.008518 -0.01027 0.230436
-0.114643 0.010282 0.126195
0.083007 -0.094056 0.074814
0.122794 0.037681 0.132062
0.025894 0.132329 0.132409
0.126458 -0.013652 0.079622
0.110017 -0.04516 0.140379
0.097428 0.082491 0.067086
0.101394 0.077026 0.066755
-0.046847 -0.102227 0.048679
0.067475 0.10902 0.082596
-0.088813 0.067059 0.071581
0.108536 -0.065685 0.06396
0.077156 -0.01864 -0.019321
0.074024 -0.091372 0.048046
0.078394 -0.101019 0.07576
-0.106359 0.039514 0.13633
-0.023193 -0.108093 0.048046
-0.03006 0.061242 -0.010075
0.127139 -0.004677 0.079622
-0.035355 0.081147 0.19043
-0.007756 0.012743 0.229155
0.086431 -0.08972 0.073446
-0.10117 -0.034374 0.12767
-0.046092 0.024031 0.215763
0.062621 -0.00656 -0.03155
0.082479 -0.094066 0.074984
0.07871 -0.09928 0.078925
-0.054238 -0.027451 0.210462
0.121836 0.034664 0.056877
0.077713 0.098112 0.080493
0.117534 0.020748 0.140379
0.0784 0.101485 0.079811
0.087836 -0.094665 0.126327
0.105248 -0.07479 0.128007
0.080004 0.095815 0.076183
0.069207 -0.006858 -0.02813
0.052809 0.114428 0.074169
-0.049599 0.107468 0.071271
-0.098874 -0.058041 0.071272
0.057568 0.1119 0.071271
-0.010987 0.006773 0.229155
-0.059393 -0.094245 0.048679
-0.011496 0.132298 0.131405
-0.07128 -0.075355 0.040518
-0.009811 0.11838 0.142916
0.126338 0.029914 0.135848
0.122954 0.021787 0.063613
-0.103411 7.7e-05 0.03869
0.080726 -0.100991 0.119178
-0.076501 0.079935 0.117846
-0.011496 -0.132145 0.065818
0.111106 0.054935 0.117846
0.11845 -0.021276 0.137304
-0.041811 0.114419 0.094052
0.077468 0.102538 0.079773
0.126318 0.004293 0.071581
-0.024944 0.130937 0.121226
0.080765 -0.100937 0.11677
0.055207 -0.035312 -0.029275
-0.023827 0.109914 0.12767
0.086542 0.092625 0.123123
0.059783 0.095961 0.076872
-0.021407 -0.131128 0.071799
0.112738 0.035856 0.165204
0.016683 0.006432 0.230436
-0.001607 -0.117484 0.051634
0.12174 0.034812 0.055591
-0.014888 -0.109915 0.137304
-0.038757 0.115389 0.084307
-0.038715 0.114266 0.080286
0.010543 -0.119086 0.079622
0.048383 -0.115405 0.069572
0.085565 -0.094417 0.122908
0.128793 0.016522 0.13658
-0.104433 0.02868 0.049268
-0.058447 0.07282 0.182528
-0.019649 -0.111151 0.155901
-0.041972 -0.108266 0.087701
-0.034349 0.11533 0.073955
-0.008344 -0.116381 0.052578
-0.035779 0.116275 0.120861
-0.021784 0.073147 -0.008394
-0.001104 -0.116041 0.049268
-0.042402 0.066266 -0.002364
0.080293 -0.101671 0.118027
-0.102221 -0.044125 0.079622
-0.038798 0.115857 0.113337
0.08655 0.094985 0.123702
-0.101177 -0.000176 0.040518
-0.0061 -0.076464 -0.010234
0.125408 -0.015845 0.055042
0.084894 0.092841 0.122939
0.08631 0.092359 0.123115
0.078281 0.097526 0.09365
-0.024098 0.060345 0.210462
0.035983 -0.131692 0.127099
0.017542 0.116576 0.050208
-0.098827 0.052125 0.087701
0.057318 -0.115715 0.104381
-0.10271 0.028243 0.155901
0.078704 0.096849 0.119355
0.073333 0.022328 0.210462
0.024792 0.097601 0.182528
-0.01547 0.116711 0.056276
0.05601 0.114256 0.080959
0.052781 0.024031 0.220311
0.038065 -0.117748 0.136712
0.081255 -0.095816 0.075631
0.115405 0.033287 0.03869
-0.092756 -0.04002 0.034066
0.081187 -0.095381 0.07562
-0.022848 -0.130784 0.12394
-0.096533 -0.051358 0.117846
-0.062236 0.090252 0.12767
0.081248 -0.100444 0.120523
0.000671 0.076659 -0.011684
-0.110571 0.008839 0.087701
0.054608 -0.104998 0.155901
0.086792 0.095693 0.124954
-0.096557 0.046167 0.155901
-0.097805 -0.051979 0.107878
0.097978 -0.078703 0.087701
0.02027 -0.117442 0.051951
-0.012266 0.131586 0.132667
0.058822 0.114759 0.101011
0.087302 -0.085506 0.048679
0.120965 -0.030748 0.063613
0.078086 0.101499 0.076342
-0.01128 -0.132176 0.13105
-0.106553 -0.000176 0.055756
-0.057913 0.016899 0.210462
0.019797 -0.017188 0.229155
0.034267 0.016899 0.22703
0.055878 -0.00598 -0.03156
-0.008141 0.117084 0.053121
0.099441 0.015249 0.19043
0.090779 -0.020755 0.197752
-0.05231 0.090988 0.040518
0.078749 0.100333 0.078661
0.042233 0.116345 0.063277
0.057602 0.115564 0.094115
0.08397 0.096 0.073127
0.00419 -0.131692 0.137945
0.079646 0.102576 0.117094
0.056794 -0.114445 0.085317
-0.006665 -0.089814 0.169442
0.03279 -0.095771 0.182528
0.050609 -0.064348 0.204445
0.076852 -0.104516 0.094051
-0.109986 0.040759 0.105572
-0.011823 0.003471 0.229155
0.035746 0.118025 0.138318
-0.078668 -0.029854 0.19043
-0.011909 0.132054 0.132082
0.04331 0.131586 0.118137
0.008518 -0.084781 0.197752
0.045478 0.131845 0.084475
0.080793 -0.099404 0.118013
0.087933 -0.074497 0.034066
-0.072552 -0.074554 0.165204
-0.078828 -0.070816 0.137304
-0.04349 -0.074857 0.169442
-0.007824 -0.037179 0.224075
0.046791 0.132054 0.107137
0.110198 0.066508 0.136329
-0.05044 0.10902 0.082596
0.042374 -0.132052 0.117612
0.010221 0.020629 0.229155
0.081412 0.10109 0.111188
0.010231 0.130937 0.05825
0.080083 0.092024 0.049268
-0.055195 -0.09568 0.12767
0.07805 0.098435 0.080422
0.080454 -0.10178 0.092753
-0.09858 0.052005 0.079622
0.128819 0.009825 0.134205
0.026084 0.132298 0.064445
-0.040064 -0.104163 0.12767
0.127411 0.025499 0.135686
0.092289 -0.089247 0.124749
0.025341 -0.066355 0.210462
-0.104163 -0.019514 0.043577
0.087876 -0.092468 0.070235
0.02689 0.131281 0.062878
-0.076138 0.013619 0.002361
-0.032642 0.114977 0.07045
0.044317 0.051772 -0.026292
-0.064225 -0.066888 0.182528
-0.077505 0.022162 0.005393
0.015569 -0.132052 0.136789
-0.111925 -0.020022 0.071272
-0.028734 -0.067604 -0.009085
0.070481 -0.101874 0.087701
0.116538 -0.038547 0.055756
0.033806 -0.058757 -0.024575
0.02881 0.118115 0.142455
-0.053799 0.093228 0.137304
-0.029687 0.131586 0.110106
-0.070898 -0.074502 0.034066
0.003455 0.030415 0.22703
-0.029693 0.114875 0.06579
0.046472 0.022634 0.057865
0.100465 -0.071489 0.049268
0.02676 -0.131433 0.06313
-0.02293 -0.115218 0.059574
0.079026 0.099113 0.078009
-0.085992 -0.065459 0.12767
0.07695 -0.097241 0.079217
0.114249 -0.037735 0.048046
0.110905 -0.059414 0.063436
0.048906 -0.043796 0.215763
0.028306 0.116184 0.107878
0.058675 0.004233 0.220311
-0.03014 0.117452 0.127597
0.021053 -0.132052 0.135355
0.126253 0.00617 0.054193
0.079997 -0.102117 0.117215
-0.03092 -0.114801 0.136329
0.058936 -0.077094 0.19043
-0.082405 0.015249 0.19043
0.059477 -0.095539 0.121059
0.054608 -0.02014 0.220311
0.079788 -0.101381 0.086658
0.078426 -0.096908 0.118862
0.123338 -0.031392 0.087701
0.120759 0.034139 0.058637
-0.050301 -0.108612 0.126194
-0.066041 0.086805 0.043576
0.008518 0.104967 0.1741
0.060985 -0.017034 -0.031145
0.122188 0.019129 0.057579
0.107391 7.7e-05 0.182528
0.080742 0.102288 0.099474
0.039843 0.047855 -0.027399
0.127128 0.004324 0.097814
0.059779 -0.09582 0.076861
0.022485 -0.083624 0.197752
0.122292 0.018517 0.057527
0.054051 -0.047747 0.130667
-0.086164 -0.055508 0.040518
0.080861 -0.10094 0.092704
-0.032788 0.109103 0.063613
-0.096197 0.032467 0.040518
-0.053914 0.067896 0.19043
-0.02165 -0.118228 0.135553
0.077326 -0.097373 0.087097
0.080286 -0.101725 0.117622
-0.050481 0.057718 -0.00298
0.096388 0.022133 0.169442
0.128467 0.018911 0.136482
-0.033268 0.11038 0.071581
0.050309 -0.116439 0.124954
0.016802 -0.049566 0.220311
0.125021 0.019136 0.05439
-0.040668 -0.11558 0.097816
0.088778 0.087262 0.146254
0.127802 -0.016292 0.133686
0.081687 -0.098058 0.073083
-0.005269 0.11936 0.143626
-0.103443 0.025645 0.12767
-0.115356 7.7e-05 0.082597
-0.02554 -0.022174 0.224075
0.02627 0.132206 0.064084
0.121781 -0.028208 0.058146
0.093112 -0.063785 0.033208
0.077046 -0.104814 0.105572
-0.116419 7.7e-05 0.094052
0.005729 0.118278 0.147029
-0.090017 -0.008088 0.182528
-0.030954 -0.131433 0.092802
0.079947 -0.09584 0.120699
-0.048831 0.096197 0.03869
-0.068152 0.032036 -0.000119
0.093353 -0.086212 0.070352
-0.105489 -0.035723 0.087701
0.038537 -0.107134 0.140379
0.046503 0.05448 -0.024028
0.04032 -0.131128 0.074054
0.093086 -0.006931 0.197752
0.067337 0.009892 0.215763
0.008293 0.0907 0.169442
-0.025295 0.117297 0.134107
0.058863 -0.114589 0.100797
0.078696 0.100014 0.079327
0.076104 -0.096972 0.078915
0.078961 0.097648 0.117078
0.079794 -0.102438 0.092832
0.069602 7.7e-05 -0.02813
0.083274 0.094575 0.074673
-0.051115 -0.110114 0.105572
0.019452 0.117406 0.071581
0.082531 -0.098392 0.121341
0.057608 0.114896 0.090377
0.087305 0.095285 0.126194
0.081046 0.101931 0.099457
0.016383 -0.116908 0.050691
0.021178 0.132054 0.135722
0.088046 -0.084761 0.048679
0.061423 -0.097373 0.081236
0.112354 -0.055957 0.107878
0.016474 -0.116445 0.050033
0.078563 0.101059 0.077994
0.046833 -0.132145 0.101416
-0.038286 0.106779 0.049268
-0.029958 -0.131128 0.110187
0.0369 0.052522 0.215763
0.079397 0.095253 0.076041
-0.073236 0.07685 0.137304
0.037073 -0.112688 0.048679
0.018505 -0.039361 0.224075
0.080273 -0.098306 0.092775
0.081671 0.099697 0.105572
0.062669 0.02821 -0.02813
0.049392 -0.116535 0.126193
0.080916 0.100704 0.119126
-0.001095 -0.132176 0.135378
0.080818 0.100617 0.117105
0.125588 -0.013179 0.05531
0.10366 -0.071695 0.087701
0.085067 -0.081581 0.03869
0.028735 0.046167 0.220311
0.004197 -0.116963 0.050273
0.092938 0.086366 0.070791
0.001679 -0.108625 0.034066
0.084964 -0.078312 0.040518
0.07095 -0.057396 0.197752
0.113128 0.036985 0.140379
-0.066083 -0.095771 0.136329
-0.10019 -0.043318 0.063613
0.018423 0.119436 0.144572
0.083627 0.095132 0.074301
-0.024556 -0.118343 0.13284
-0.04142 -0.114148 0.090259
0.06329 -0.045326 -0.019321
0.124104 0.038242 0.133812
-0.101237 0.025135 0.048046
-0.033616 0.027604 0.220311
0.101269 -0.079918 0.127053
0.105177 -0.071771 0.063355
0.077656 0.095951 0.076827
0.116861 0.056542 0.131768
-0.096075 0.068411 0.094052
0.07833 0.101416 0.077797
-0.087258 -0.065797 0.048679
-0.037895 -0.050341 0.210462
-0.030919 0.010064 0.224075
-0.037018 0.116354 0.116937
0.003593 0.009176 0.230436
-0.022634 -0.117313 0.136329
0.124084 0.038359 0.135187
-0.041811 7.7e-05 0.220311
0.008518 0.040759 0.224075
0.077972 0.097691 0.078643
0.12428 0.012381 0.056853
-0.039287 0.115097 0.085445
-0.098184 -0.046727 0.049268
0.06214 -0.027686 -0.028605
0.041336 0.049229 -0.027317
0.079785 -0.102435 0.115918
0.076845 -0.097383 0.079783
0.108999 0.065724 0.061663
0.046074 0.046659 -0.027798
0.081029 0.100633 0.093338
0.121388 -0.028104 0.058301
0.056973 -0.115273 0.089156
0.074448 -0.036166 -0.014076
0.006445 -0.118128 0.147064
0.084482 0.097774 0.125138
0.076415 -0.097378 0.080539
0.009906 0.132329 0.136589
-0.112526 0.030729 0.115919
0.103432 0.071172 0.097814
0.078721 -0.099804 0.079076
0.12143 -0.034871 0.057762
-0.100079 -0.02522 0.140379
0.104574 0.062833 0.155901
-0.096373 0.068605 0.105572
0.01042 -0.112572 0.048046
0.084595 -0.097572 0.124759
0.019171 -0.118406 0.145256
0.080608 0.101391 0.120643
-0.108119 -0.009006 0.063613
-0.020954 0.131845 0.125018
-0.02908 0.132329 0.104145
0.056581 -0.109497 0.060141
0.064047 -0.012548 -0.030637
0.084424 0.097601 0.126194
-0.069193 -0.08434 0.155901
0.081556 0.100304 0.121056
0.018304 0.003436 0.230436
0.052106 0.011208 0.133266
-0.011909 0.132054 0.065141
0.129869 0.003326 0.136428
0.090779 0.089436 0.136329
-0.105076 -0.017473 0.12767
-0.009619 -0.009739 0.229155
0.078779 -0.099199 0.078652
-0.021455 0.067936 -0.011603
-0.096014 0.008738 0.1741
0.048581 -0.116619 0.127289
0.12108 0.034261 0.058368
0.041658 0.132329 0.080012
0.021341 0.117228 0.05198
0.015705 0.131845 0.137524
0.078736 -0.097097 0.118439
0.088709 0.091468 0.07176
0.078208 -0.097373 0.093022
0.083284 -0.096951 0.121781
-0.109268 0.01776 0.097814
0.040096 -0.131433 0.074227
0.064058 0.097526 0.094596
0.121692 -0.018809 0.155901
0.038597 0.132329 0.075385
0.01046 -0.118743 0.146066
0.123386 0.028435 0.055677
0.115337 -0.026974 0.165204
0.124685 -0.00663 0.056641
0.078101 -0.097203 0.117888
-0.020954 -0.131692 0.125018
0.047624 0.132054 0.095749
0.042045 -0.054053 -0.025674
-0.036413 0.095958 0.033208
0.016802 -0.018809 0.229155
0.029689 -0.068011 -0.019143
-0.02306 -0.109849 0.043576
0.123064 -0.031317 0.097814
0.000234 0.018962 0.229155
0.123338 0.031039 0.087701
0.051384 -0.115177 0.073955
0.122426 -0.037265 0.131896
-0.041955 0.114516 0.096571
0.116321 -0.055881 0.130588
0.02486 -0.047526 0.220311
0.045899 0.112653 0.079622
0.010548 -0.11936 0.087701
0.117865 -0.023822 0.03869
0.097772 0.07817 0.079622
0.076391 0.097406 0.079747
-0.063121 -0.044966 -1e-06
0.123288 -0.030815 0.13227
0.12673 0.013331 0.087701
-0.038749 0.060806 0.204445
0.129148 0.003292 0.134305
-0.030758 -0.117237 0.126815
0.035159 0.130937 0.068345
0.028926 -0.106913 0.034066
0.004 -0.119022 0.145632
-0.00377 -0.119241 0.144058
0.111447 0.063505 0.128925
0.119504 -0.050206 0.132101
-0.002023 0.119103 0.1447
0.087093 0.089246 0.073207
0.078131 0.101834 0.079399
-0.05044 -0.108867 0.082596
0.117498 -0.047727 0.057686
0.11522 0.04688 0.049268
0.124577 -0.01301 0.056668
-0.027659 -0.115995 0.065633
0.024635 0.118979 0.143134
0.061025 -0.097274 0.080069
0.086413 0.094745 0.123459
0.035568 0.106896 0.165204
0.080659 0.09911 0.117963
-0.028075 0.130937 0.081457
0.044243 -0.118134 0.130245
0.048889 -0.042586 -0.02854
0.046487 -0.114882 0.06602
-0.01454 0.117862 0.14153
-0.024406 0.111897 0.063613
0.085107 0.096755 0.123555
-0.077472 -0.021992 0.005386
0.079682 -0.102192 0.118792
0.106061 -0.063652 0.049268
0.124253 -0.022388 0.107878
0.081682 -0.098138 0.120197
-0.017334 0.130937 0.067547
-0.049869 -0.103916 0.079622
-0.043603 -0.066888 0.197752
-0.106975 -0.039572 0.071272
0.096359 0.080689 0.069808
0.12723 0.009685 0.133342
0.049266 -0.114529 0.06884
0.124226 0.018849 0.056748
0.008743 0.117139 0.050094
-0.040283 0.115869 0.104382
0.119305 -0.050075 0.131699
-0.02554 -0.09913 0.1741
0.076884 0.09747 0.079493
0.067365 0.016121 -0.02813
0.121737 0.034581 0.057294
0.036685 0.012432 0.22703
0.117434 -0.004614 0.034066
-0.078573 0.014211 0.004552
-0.096842 0.037855 0.03869
0.058771 -0.114215 0.092747
-0.049467 -0.1032 0.071581
0.080321 0.098189 0.118426
-0.03057 -0.117519 0.126648
0.083565 -0.098155 0.122854
0.103703 -0.073467 0.126929
-0.107852 -0.027016 0.087701
0.079623 0.09606 0.076441
-0.023861 0.132206 0.07719
0.078747 0.099706 0.080604
0.032033 -0.130784 0.065743
0.082645 -0.09595 0.121436
0.078523 -0.02764 -0.014076
-0.030632 -0.131692 0.09285
0.053991 -0.109042 0.107878
0.018914 0.111737 0.048046
0.028082 -0.115233 0.063613
0.105349 -0.071631 0.064233
0.079881 -0.097796 0.118052
-0.035355 -0.040311 0.215763
0.073875 0.090812 0.137304
-0.010845 0.035856 0.224075
0.077669 0.097992 0.079705
0.120763 -0.043543 0.131476
0.008518 -0.118128 0.147065
0.023547 0.130937 0.136019
0.034894 -0.132176 0.12597
0.055785 -0.060652 0.204445
-0.082274 -0.007681 0.169442
0.029349 0.082338 0.197752
-0.102584 -0.017093 0.137304
-0.071726 0.087796 0.097814
-0.096372 7.7e-05 0.1741
0.124623 -0.015659 0.056541
0.043949 -0.114931 0.062952
-0.017334 -0.130784 0.129676
0.083966 0.094756 0.122276
0.080452 -0.097387 0.119302
0.076104 0.097526 0.081236
-0.025198 -0.116192 0.063277
0.079276 0.089932 0.043576
-0.106359 -0.039361 0.13633
-0.003549 0.116346 0.050451
0.126277 -0.004644 0.107878
0.053455 -0.045328 -0.02609
0.080139 0.098443 0.116936
0.078585 0.097565 0.116432
-0.031219 0.064925 -0.009206
0.11704 0.047679 0.146254
-0.023586 0.093592 0.182528
0.006815 -0.020475 0.229155
0.083842 -0.095411 0.073845
-0.110288 0.008818 0.097814
-0.040279 0.116052 0.102763
0.11872 -0.037756 0.049268
0.062736 0.019111 -0.030314
0.054949 -0.11471 0.080614
0.042944 0.044222 -0.028179
0.015147 -0.11933 0.145169
0.080615 0.099213 0.117277
-0.032788 -0.109456 0.063613
0.080471 0.099293 0.07396
0.078905 -0.097978 0.077893
0.117206 -0.01806 0.165204
0.125189 -0.013101 0.056069
0.050652 0.096132 0.1741
0.113102 -0.051943 0.06227
0.126259 -0.02974 0.136329
0.036935 -0.116587 0.059172
0.011287 -0.118282 0.146667
-0.033654 -0.111758 0.087701
0.102069 0.059635 0.140379
-0.07634 -0.092104 0.105572
0.104743 -0.074307 0.127371
-0.069193 0.084493 0.155901
-0.074064 -0.016233 0.001338
-0.064036 0.041553 -0.000569
-0.006535 -0.130784 0.136063
0.079705 -0.102435 0.116606
0.078533 0.10154 0.080655
0.123902 0.006001 0.056884
-0.011531 -0.118418 0.141871
0.037121 -0.112874 0.049268
0.052467 -0.117177 0.118476
-0.01647 0.072863 0.204445
-0.010629 0.114814 0.048679
0.002081 0.109117 0.040518
-0.03161 -0.006619 0.224075
0.01557 0.132206 0.060434
-0.039233 0.116262 0.109215
-0.112525 0.010107 0.13633
-0.015905 -0.115809 0.055491
-0.04009 0.116165 0.104328
0.07857 0.099001 0.079051
0.048231 -0.115708 0.069707
-0.102616 -0.008588 0.140379
0.026497 0.117349 0.053868
-0.026986 0.132054 0.115255
0.077368 0.09705 0.078294
0.026611 -0.131692 0.133804
0.079622 0.097875 0.093498
-0.030183 -0.130784 0.110255
0.021178 -0.1319 0.135722
-0.106221 0.050406 0.105572
0.045179 0.110491 0.117846
0.075483 0.07282 0.182528
0.085352 -0.094129 0.122793
0.077912 -0.102135 0.080358
0.038237 0.052417 -0.026524
0.089638 0.072907 0.034066
0.111739 -0.060572 0.060414
-0.111134 7.7e-05 0.060141
0.119262 0.05033 0.131687
0.084102 0.095597 0.122245
0.084081 -0.095458 0.122234
0.071274 0.096132 0.155901
-0.007086 -0.131433 0.061893
0.058341 0.031933 -0.029213
0.10879 0.063461 0.064413
0.080857 -0.09986 0.118106
0.017015 0.130937 0.059172
0.084754 -0.097309 0.12403
0.078502 0.1012 0.077262
-0.029491 -0.132145 0.104205
-0.025015 0.113985 0.097814
0.112748 0.058907 0.060428
0.117453 0.046528 0.060001
0.081511 -0.100478 0.098827
0.119747 -0.041155 0.058296
0.05855 -0.11475 0.100763
0.067976 -0.068707 0.169442
0.053613 0.029992 -0.030467
0.020922 0.132298 0.062251
0.111188 0.054979 0.063613
-0.019786 -0.132176 0.123971
0.11913 0.029898 0.055756
0.072943 0.08285 0.1741
-0.079795 -0.072599 0.043576
0.028912 -0.116757 0.054558
-0.041144 -0.115008 0.101647
-0.098874 0.058194 0.071272
0.116062 0.027116 0.140379
0.018525 -0.074564 -0.014076
0.027409 0.024348 0.22703
0.063882 -0.102227 0.048679
-0.020038 -0.112688 0.048679
0.010466 0.114648 0.055756
0.100094 0.079014 0.126052
0.081482 0.09844 0.119919
0.108796 0.063926 0.087701
0.129466 0.009901 0.135411
0.078364 -0.098431 0.079127
0.076812 -0.005582 0.210462
0.041723 0.118179 0.133009
0.032504 0.066444 -0.019953
-0.027725 0.117442 0.130799
0.004362 -0.050081 0.220311
0.067032 7.6e-05 -0.029804
-0.036374 0.114941 0.07716
0.124635 -0.004924 0.048679
0.003286 -0.090915 0.169442
0.063128 -0.100833 0.155901
-0.029955 0.117734 0.127426
0.08808 -0.092166 0.071585
-0.039516 -0.114094 0.082597
0.086073 -0.091946 0.12315
0.04202 0.132298 0.117414
0.077834 0.096305 0.079622
0.10105 -0.079673 0.126708
0.124287 0.013052 0.063613
0.128806 -0.003239 0.133991
0.052391 0.040465 0.215763
0.02369 -0.090847 0.19043
0.092798 0.090198 0.126378
-0.053799 -0.093581 0.137304
0.079371 0.102293 0.087446
0.101481 -0.076377 0.067053
-0.025569 0.077787 0.197752
-0.066112 0.081147 0.165204
-0.110298 -0.009171 0.079622
0.114651 -0.054307 0.060787
-0.02866 -0.132052 0.109796
0.052975 -0.039536 -0.02866
0.124209 -0.038025 0.134279
0.085688 0.050494 0.19043
0.108565 -0.064131 0.079622
-0.055286 -0.095817 0.055756
0.119842 -0.041254 0.05788
0.017184 0.070252 -0.01898
0.125053 -0.006655 0.056419
0.046261 -0.06023 -0.019321
0.030872 0.132298 0.129856
-0.109479 0.008756 0.071581
0.11251 0.064317 0.130202
0.044832 0.11584 0.065477
0.080821 0.100816 0.118744
0.026667 0.068009 -0.020033
0.049463 -0.115063 0.070618
-0.109268 -0.018112 0.097814
0.004123 0.131281 0.058673
-0.039109 -0.10211 0.048046
0.057937 0.115236 0.105502
0.037631 -0.130784 0.070704
-0.010332 0.11922 0.141861
-0.060112 -0.087882 0.140379
-0.069507 -0.060652 0.182528
0.127002 -0.025075 0.133934
0.045774 0.108599 0.155901
0.061367 0.023957 -0.029976
0.126447 -0.013651 0.097814
0.11944 0.004033 0.140379
0.062596 0.08285 0.182528
0.078936 0.097095 0.118884
-0.109278 0.017761 0.079622
-0.094103 0.036873 0.034066
0.118223 0.03993 0.059897
0.082415 0.098639 0.121214
-0.021402 -0.101953 0.033208
0.10841 -0.044449 0.040518
-0.077531 0.080907 0.107878
-0.071474 0.078366 0.03869
-0.066113 -0.040311 0.197752
-0.001122 0.116405 0.049979
0.078718 -0.100715 0.077507
-0.024098 0.049999 0.215763
0.062679 0.097526 0.085671
0.077204 0.097174 0.078582
-0.003951 -0.118373 0.144823
0.021491 0.131281 0.060584
0.003978 -0.11873 0.145896
-0.039366 -0.114678 0.084878
0.039246 -0.132052 0.122339
-0.075898 0.037105 0.19043
0.080077 0.101096 0.087324
0.123464 0.012293 0.057112
0.125913 -0.03163 0.134343
0.10928 -0.069957 0.130685
0.037609 0.114954 0.146254
-0.031265 0.10505 0.048046
0.076561 0.087535 0.140379
0.081804 0.100175 0.123108
-0.0295 -0.130784 0.085182
0.062482 0.105681 0.097814
0.102034 0.072863 0.146254
-0.003837 -0.02809 0.22703
-0.059163 -0.03655 0.204445
0.07034 0.024247 -0.024029
0.009975 0.131586 0.138481
-0.035745 -0.023877 0.220311
0.115021 0.023354 0.034066
0.125897 -0.031728 0.135717
0.078955 -0.097373 0.105572
0.121958 0.037399 0.131782
0.056879 0.115418 0.088662
0.077701 -0.1018 0.077357
0.078727 0.100664 0.078187
0.06662 0.008575 -0.029703
0.088674 0.091931 0.070442
0.057386 -0.11552 0.105367
0.080185 0.100167 0.087306
-0.001543 0.065315 -0.017205
0.079818 -0.099408 0.076068
0.047624 -0.1319 0.095749
0.081982 -0.097785 0.073347
0.042804 0.117405 0.133199
0.005158 -0.009709 0.230436
0.027304 0.110361 0.137304
0.029002 0.116905 0.054597
0.01613 -0.006931 0.230436
-0.014332 0.10693 0.040518
-0.037591 0.115992 0.117223
0.12326 0.028503 0.054822
-0.021581 0.130937 0.12558
0.08054 0.101462 0.119502
0.079907 0.096378 0.076438
0.123898 0.018782 0.057023
0.078746 0.097565 0.093598
-0.059031 0.086144 0.040518
-0.001981 0.119429 0.144484
0.079876 -0.09753 0.105572
0.081304 0.025064 0.204445
-0.093955 0.055532 0.049268
-0.018137 -0.130784 0.068321
0.114015 -0.02701 0.034066
0.004098 0.130937 0.138783
0.10553 -0.075145 0.128835
0.104364 0.074271 0.127134
-0.106058 -0.019843 0.048679
-0.012535 0.130937 0.133109
0.077627 -0.095819 0.076863
0.081122 0.09973 0.119142
0.052945 0.116257 0.120623
0.079665 -0.09753 0.111053
0.008518 -0.059556 0.215763
0.108366 0.069252 0.128273
-0.018318 -0.11873 0.137651
0.080075 -0.094241 0.075423
-0.040653 0.115228 0.092829
0.082548 -0.07585 0.033208
0.125703 0.006108 0.055799
-0.026635 -0.132052 0.082132
0.015363 0.108871 0.034066
0.129309 -0.009854 0.134972
-0.071742 0.087262 0.146254
-0.023331 0.115912 0.0611
0.035183 -0.132145 0.126268
0.039553 0.132054 0.122576
0.124635 0.005077 0.048679
0.022304 -0.119207 0.143626
0.082079 -0.092997 0.074774
0.100766 0.049999 0.1741
0.058129 0.115175 0.09785
0.077887 -0.101569 0.076804
0.050966 -0.114404 0.071272
0.096328 -0.057293 0.1741
0.084402 -0.090494 0.071581
-0.011272 0.071505 -0.013277
0.078658 0.097317 0.11821
-0.040901 0.115236 0.105502
-0.040459 0.115519 0.092839
-0.094908 -0.050564 0.055756
-0.04125 -0.114621 0.094095
0.059696 0.028691 -0.029564
-0.109986 7.7e-05 0.146254
-0.023899 0.115303 0.060332
-0.025247 -0.117289 0.13368
0.079015 0.102594 0.087507
0.119561 0.05072 0.133902
-0.080913 -0.072507 0.055756
0.124194 0.013041 0.117846
0.102034 -0.032027 0.182528
0.031543 0.131845 0.066428
0.052021 -0.116726 0.120378
0.124444 -0.009529 0.048679
0.060708 0.097219 0.079194
0.125383 -0.006679 0.056142
0.058136 0.114267 0.088431
-0.050301 0.009892 0.215763
-0.006508 0.132298 0.063254
0.053014 0.10278 0.03869
0.12827 0.020059 0.136423
0.00179 0.118613 0.145952
0.076103 0.097126 0.078915
-0.090689 0.064892 0.146254
0.026401 -0.073078 -0.014076
-0.055181 -0.088396 0.034066
0.013437 0.116853 0.050009
0.078477 -0.096867 0.118965
0.004362 0.009552 0.230436
-0.033573 0.064502 0.204445
0.044779 -0.132052 0.11248
0.078037 0.098269 0.079433
-0.105896 0.050263 0.094052
-0.022239 7.7e-05 0.22703
0.074949 -0.016746 0.210462
0.080226 0.10229 0.09343
-0.019649 -0.012278 0.22703
-0.068652 -0.050341 0.19043
-0.10017 0.018214 0.165205
-0.098301 0.057884 0.136329
0.059528 0.09545 0.076277
-0.0062 0.118118 0.144912
-0.026298 0.115691 0.06366
0.123472 0.005981 0.056917
-0.000582 0.109891 0.165204
0.10275 -0.071013 0.107878
0.004154 -0.131433 0.058954
-0.041847 -0.11426 0.094066
-0.113174 0.01016 0.071272
0.040565 -0.068023 -0.014076
0.053443 -0.107737 0.117846
0.006815 0.020629 0.229155
0.099135 0.002328 0.169442
0.024792 0.012743 0.229155
-0.035436 0.116323 0.121477
0.031107 -0.132052 0.067036
-0.0997 0.028658 0.03869
0.103645 0.07412 0.064008
-0.012314 -0.082185 0.197752
0.045642 0.114957 0.064625
0.045179 -0.110844 0.117846
0.108568 0.066481 0.063235
0.049393 0.116688 0.126193
-0.025015 -0.114337 0.097814
0.021294 -0.131692 0.136063
0.096548 0.081114 0.060141
0.049194 -0.117636 0.124104
0.098859 -0.007681 0.169442
0.096128 0.076731 0.063613
0.12038 -0.039908 0.097814
0.099736 0.078708 0.125987
-0.072552 -0.043796 0.19043
0.100862 0.076308 0.067784
0.039196 0.117641 0.136269
-0.027261 0.019439 0.224075
0.10048 -0.07531 0.068105
0.042838 0.050544 -0.026945
0.032523 -0.130784 0.131072
0.063128 0.024031 0.215763
-0.010056 0.118016 0.143563
0.081304 0.093592 0.146254
0.075153 -0.061725 0.169442
0.01557 0.132206 0.136789
-0.10736 0.010075 0.048679
-0.056925 0.100245 0.060141
0.103384 -0.069625 0.066698
0.09287 -0.074231 0.048046
0.036076 -0.116055 0.058045
0.020873 -0.048713 0.220311
0.051941 0.117139 0.120011
-0.021582 -0.104704 0.034066
-0.020388 0.116705 0.059529
-0.096886 0.027915 0.034066
-0.019864 -0.052368 0.215763
-0.101361 0.05954 0.094052
0.080382 0.094203 0.07531
0.079457 -0.097721 0.116567
-0.105239 0.017145 0.055756
0.054556 -0.115269 0.080779
-0.000957 0.114424 0.155901
-0.10271 -0.048712 0.136329
0.124635 -0.009545 0.049268
0.08352 -0.095742 0.073917
0.099063 0.039793 0.182528
0.080717 -0.100919 0.117198
-0.105076 0.01712 0.12767
0.062596 0.042167 0.210462
0.052184 -0.116329 0.121302
0.097123 -0.077954 0.107878
0.080784 0.098091 0.075635
0.045999 -0.057293 0.210462
0.091804 0.074852 0.03869
0.005749 0.118435 0.146667
0.057386 0.115673 0.105367
-0.035293 0.11446 0.073349
-0.066483 0.096437 0.071271
0.125807 0.012642 0.054426
-0.033056 -0.108461 0.048679
0.037609 -0.00991 0.22703
-0.102616 0.008236 0.140379
-0.084079 0.074721 0.097814
-0.024756 0.131586 0.120625
0.048753 0.042943 -0.028504
0.124393 -0.022444 0.054243
0.06469 0.019527 -0.02923
0.115808 0.020418 0.040518
0.058149 0.114463 0.090302
-0.026083 -0.114992 0.062187
0.038334 -0.007474 0.22703
0.036405 0.131281 0.069686
0.113175 -0.046556 0.12767
0.056102 -0.069759 0.127534
0.029349 -0.022552 0.22703
-0.046092 0.100987 0.155901
-0.098765 -0.033622 0.137304
0.004097 -0.130784 0.05844
0.080766 -0.099525 0.117118
0.069417 -0.003169 -0.02813
0.097256 0.085401 0.126899
0.083386 -0.096515 0.071817
0.077445 0.097526 0.087776
0.021184 0.016351 0.229155
0.076841 -0.097459 0.080215
0.077602 -0.097253 0.078639
-0.040732 0.115605 0.10066
0.01632 0.068446 -0.02001
0.006172 0.109069 0.034066
0.059597 0.012673 -0.031729
-0.068984 0.084781 0.055756
0.057928 -0.114284 0.088996
0.081455 -0.099544 0.111191
-0.053491 -0.058122 7.3e-05
0.12526 0.012513 0.056032
0.003724 -0.11634 0.049268
-0.006399 -0.110429 0.140379
-0.0299 -0.132145 0.098611
0.058277 -0.113364 0.082596
-0.082317 0.073293 0.117846
0.015482 0.066478 -0.020715
-0.022134 0.002617 0.22703
0.112618 -0.053017 0.0625
0.088742 0.09183 0.070896
0.111472 0.036398 0.040518
-0.110298 0.008818 0.079622
0.015896 -0.114057 0.043576
0.092764 -0.090078 0.126371
0.056966 -0.116086 0.105245
0.128481 0.009792 0.133892
0.043556 0.131281 0.078947
0.048824 0.130937 0.101561
-0.014941 -0.110165 0.048046
0.114714 -0.054613 0.059502
-0.030954 0.131586 0.10442
0.000906 -0.091789 0.19043
-0.102475 -0.044226 0.087701
0.088036 -0.091959 0.072005
-0.006818 -0.1319 0.134699
-0.062522 0.04649 0.197752
0.003923 -0.118272 0.146533
0.078747 -0.099553 0.080604
-0.000582 -0.109738 0.165204
0.04564 -0.112226 0.071581
0.034962 0.055357 -0.025687
0.060889 -0.097251 0.117524
0.07129 -0.095529 0.043576
0.029471 0.115998 0.053412
-0.028963 0.057446 0.210462
0.008518 -0.030681 0.22703
0.125601 0.013202 0.107878
-0.018532 -0.014562 0.22703
-0.079795 0.072752 0.043576
0.010502 -0.116901 0.063613
-0.022542 -0.115581 0.06012
-0.068653 -0.070964 0.1741
-0.001645 0.131281 0.059738
0.078887 0.10078 0.075731
-0.073506 -0.075479 0.140379
-0.041434 -0.114808 0.101688
-0.063909 -0.032845 -0.001613
0.077621 0.095975 0.07686
0.110613 0.027587 0.033208
0.077046 0.104967 0.105572
-0.053914 0.057549 0.197752
0.082927 -0.094663 0.074807
0.078154 0.098144 0.078968
0.067337 0.108765 0.126194
0.087912 0.094797 0.125853
0.087939 -0.094567 0.125378
0.058847 0.114816 0.105572
0.057936 -0.115083 0.105502
0.092677 -0.074062 0.137304
-0.097046 -0.027029 0.034066
0.028313 -0.116577 0.071581
-0.086128 -0.065553 0.055756
-0.049864 -0.103907 0.097814
0.083761 0.095387 0.074054
-0.06473 -0.046782 0.002555
0.094573 -0.075722 0.12767
0.05839 -0.114724 0.096564
0.125897 -0.006723 0.055454
0.0491 0.048791 -0.026322
0.058675 0.114424 0.115918
0.123867 -0.006582 0.056902
-0.064268 0.025064 0.204445
-0.090939 -0.056397 0.043576
0.00151 -0.007536 0.230436
0.076337 -0.096759 0.078378
-0.012171 -0.116207 0.054062
0.109668 0.064289 0.063117
-0.103801 -0.008678 0.048046
0.020922 0.132298 0.134971
0.076276 0.097526 0.081969
0.044607 -0.109129 0.055756
0.050368 -0.04988 0.061877
-0.030864 0.114786 0.067198
-0.094942 0.017341 0.1741
-0.08733 -0.074524 0.136329
0.077285 0.097824 0.080313
0.113387 -0.053408 0.0623
0.076042 -0.097035 0.079094
0.109745 0.06444 0.0627
-0.040036 0.114399 0.085241
0.046413 0.132206 0.107053
-0.006508 0.132298 0.133969
-0.012081 0.116365 0.054023
0.079238 0.100349 0.074599
-0.082405 -0.083624 0.126194
0.117572 -0.047545 0.05765
-0.031234 -0.131128 0.092761
0.045612 0.132329 0.106874
0.08766 0.094103 0.124049
0.015859 0.130937 0.138353
0.022609 -0.073793 -0.014076
0.091162 0.088044 0.124088
0.083974 -0.095886 0.07304
-0.003501 0.111358 0.03869
0.1059 -0.063547 0.048679
-0.092442 -0.059186 0.063613
0.125405 -0.019428 0.146254
0.058161 0.00836 0.220311
0.08132 -0.099098 0.098839
-0.031466 0.130937 0.104496
0.079332 -0.096661 0.119515
0.034075 -0.070763 -0.014076
-0.067389 0.097601 0.126194
-0.039146 -0.114943 0.084941
0.05587 0.041524 -0.026815
0.080055 0.096789 0.119812
0.063835 0.036768 -0.024029
0.042196 -0.103571 0.034066
-0.027607 0.131586 0.081677
-0.047206 -0.058108 -0.004636
-0.066113 -0.080994 0.165204
0.080914 0.098876 0.118869
-0.098009 -0.04665 0.048679
0.080163 0.096715 0.076379
-0.030245 -0.115785 0.068517
0.045677 0.118155 0.128614
0.072559 -0.017386 -0.024029
0.078067 -0.098291 0.080509
0.078533 -0.101387 0.080655
0.055245 0.106603 0.048679
0.080746 0.097347 0.11971
-0.092392 0.04434 0.165205
0.093514 -0.086646 0.069547
0.123006 -0.021925 0.057515
0.086543 0.060806 0.182528
0.055749 0.007479 -0.031528
-0.001705 0.090149 0.169442
0.083954 0.096195 0.072593
0.05608 -0.116409 0.10914
0.011058 -0.030576 0.22703
0.097158 -0.080866 0.069319
0.063763 -0.102285 0.048679
-0.077206 -0.078837 0.049268
0.027536 -0.118452 0.142312
-0.06508 0.04251 0.000462
0.009963 0.131845 0.059066
0.083958 -0.096046 0.072594
0.068351 0.091207 0.034066
0.026848 0.107709 0.040518
-0.061956 0.090622 0.155901
0.124955 -0.004594 0.063613
0.112551 0.058418 0.062105
0.085133 0.096967 0.123883
0.08663 0.09588 0.126025
0.077002 0.097683 0.081021
0.011877 0.04062 0.224075
0.042374 0.132206 0.07961
-0.006098 0.118276 0.144567
-0.006399 0.110076 0.140379
0.018158 0.116407 0.049958
-0.053283 -0.092804 0.140379
0.092046 -0.088941 0.124471
-0.011775 -0.117962 0.142455
0.099077 -0.083291 0.128728
-0.106059 0.008497 0.12767
-0.116346 7.7e-05 0.115919
0.025379 0.116534 0.052578
0.008518 -0.116247 0.048679
0.101538 -0.080296 0.12788
-0.103306 0.049127 0.071272
-0.033553 -0.111491 0.097814
0.116145 0.043982 0.048679
-0.059301 0.062509 0.19043
0.127617 -0.023023 0.134459
0.078611 -0.099105 0.080637
-0.065364 0.030404 -0.001249
0.04679 -0.1319 0.090086
0.037754 0.115518 0.058027
0.063882 0.102381 0.048679
0.001776 0.114484 0.055756
-0.017437 0.118612 0.138467
0.052277 0.117088 0.119383
0.047955 0.010063 0.224075
0.085688 -0.050341 0.19043
-0.019091 -0.116051 0.058077
0.011877 -0.009709 0.230436
0.079893 -0.094355 0.0755
0.078668 0.101013 0.076864
0.02845 -0.117376 0.097814
0.119002 0.050177 0.13133
0.117982 -0.049386 0.130632
0.114607 -0.054657 0.059073
0.027091 -0.117863 0.143563
0.080716 -0.097993 0.075696
0.030872 0.132298 0.067366
-0.088392 -0.052368 0.165204
0.053479 -0.107823 0.063613
-0.102584 0.01674 0.137304
-0.006095 0.076499 -0.010234
-0.007288 0.130937 0.061416
0.078885 -0.094996 0.076017
0.042196 0.103724 0.034066
0.109428 -0.044187 0.165204
-0.016288 -0.11654 0.079622
0.104959 0.074798 0.127645
-0.039103 0.115697 0.113458
0.035464 -0.132052 0.12656
0.126616 0.009862 0.146254
-0.015754 0.018968 0.22703
0.044555 0.10862 0.12767
-0.023586 0.025064 0.224075
0.079212 0.097365 0.118469
0.126138 0.006185 0.053341
0.083971 0.096036 0.073039
0.123356 0.028477 0.055245
0.021567 -0.130784 0.136861
0.050102 0.117133 0.12357
0.040622 -0.024911 0.224075
0.045431 0.117386 0.130077
0.008023 -0.063763 -0.019596
0.080592 0.098563 0.118476
0.04473 -0.056256 -0.023506
-0.06822 0.098669 0.094052
-0.027863 -0.131128 0.081557
0.01718 -0.005582 0.230436
-0.055907 -0.082697 0.1741
0.080556 -0.102435 0.105572
0.018304 -0.003283 0.230436
-0.093619 -0.059875 0.071581
0.080969 -0.100011 0.092691
-0.048852 0.087887 0.1741
0.081243 -0.101374 0.111175
0.076431 0.097339 0.079467
0.027348 0.110613 0.048046
0.036695 -0.118654 0.136707
0.078035 0.101723 0.0776
-0.030632 -0.131692 0.104373
0.004123 0.131281 0.13855
-0.036169 0.115209 0.07727
-0.003764 -0.113634 0.043576
-0.027341 -0.062039 -0.010755
0.042908 -0.104029 0.040518
0.056581 0.10965 0.060141
0.015496 -0.132145 0.060833
0.080546 -0.101357 0.117211
-0.095703 -0.035702 0.165205
0.101478 -0.080513 0.129275
0.059887 0.096432 0.120106
0.002163 0.008241 0.230436
0.025682 -0.070145 -0.017994
0.027403 0.113251 0.155901
0.115638 0.02895 0.140379
-0.0481 -0.052044 0.204445
0.031897 0.131281 0.065934
-0.006654 0.091 0.19043
-0.046683 -0.098233 0.048046
0.016347 -0.117207 0.050964
-0.055298 0.046985 -0.003646
-0.030275 -0.1319 0.104321
0.054321 -0.109828 0.097814
-0.092442 0.058833 0.063613
0.090908 -0.089426 0.069112
-0.0577 0.099096 0.087701
-0.039759 0.114598 0.085317
0.104775 -0.051894 0.040518
-0.046938 -0.102396 0.049268
0.07877 -0.099729 0.078792
0.066785 -0.006582 -0.029743
0.07842 -0.101112 0.076564
-0.095062 0.040926 0.140379
0.108888 0.069701 0.128915
0.001888 0.119483 0.145169
0.082713 -0.094365 0.07492
0.000906 0.007084 0.230436
0.101431 0.080723 0.129264
0.046265 -0.130784 0.113048
0.024495 -0.068965 -0.019431
0.028066 0.114788 0.117846
0.012325 -0.117605 0.050739
0.080315 -0.096958 0.076322
-0.012313 0.082338 0.197752
-0.027261 -0.019286 0.224075
-0.025905 -0.084373 0.169442
-0.028738 0.016419 0.224075
0.056749 0.115912 0.108311
-0.011473 0.005139 0.229155
0.125659 0.012587 0.055272
0.110567 -0.059193 0.063629
0.031543 -0.131692 0.066428
0.077033 0.097315 0.078967
0.077275 -0.09758 0.079766
-0.024511 0.118192 0.133169
0.060899 0.097431 0.117509
0.121553 -0.036986 0.131767
-0.040533 0.1119 0.071271
0.080178 -0.098305 0.116679
0.105119 0.061581 0.055756
-0.004149 -0.016197 0.229155
0.063339 0.051558 -0.014076
-0.106224 -0.008862 0.055756
0.048308 -0.131433 0.095699
-0.007933 -0.073415 -0.012928
0.05716 0.08452 0.071504
0.080213 -0.101674 0.119543
0.020873 0.048866 0.220311
0.078292 0.098028 0.078614
-0.040863 -0.115287 0.097834
-0.010906 0.074977 -0.010838
0.12571 -0.013257 0.054033
-0.094908 0.050212 0.055756
-0.073744 -0.089283 0.136329
0.06411 0.071538 0.169442
0.108357 0.066142 0.064041
0.099194 0.074913 0.068283
-0.006655 -0.090846 0.19043
-0.027312 0.131846 0.115408
0.108987 -0.065565 0.061667
0.027905 0.06049 -0.023884
0.079242 -0.095661 0.076439
0.035439 0.049405 -0.026451
0.076111 0.011356 0.210462
0.071274 -0.095979 0.155901
0.117715 -0.047439 0.058512
0.017029 0.118842 0.145368
0.033505 0.032181 0.224075
-0.008253 -0.116634 0.052874
0.00151 0.007689 0.230436
-0.026268 0.132298 0.114918
0.1081 -0.068752 0.128063
0.12205 -0.044194 0.133219
-0.032882 0.114775 0.070266
0.029207 0.11636 0.054062
0.110691 0.05719 0.063406
0.078992 0.090622 0.155901
-0.107026 0.017418 0.117846
-0.046938 0.102549 0.049268
-0.000957 -0.114271 0.155901
-0.033616 -0.027451 0.220311
0.060344 0.097014 0.118981
-0.008302 -0.069569 -0.014829
0.02043 -0.116555 0.051154
0.078223 0.101488 0.077025
0.031333 0.132054 0.066721
0.128781 -0.016476 0.135203
0.018914 -0.112089 0.048046
0.073875 -0.091164 0.137304
0.0819 -0.098908 0.120576
-0.035774 -0.114275 0.074169
-0.012097 0.131845 0.064834
0.079636 -0.102417 0.117205
0.047736 -0.131128 0.107348
-0.070266 0.085659 0.048679
0.033505 0.072863 0.204445
0.088008 0.090277 0.072985
0.083874 0.095285 0.122156
0.079978 -0.102079 0.117656
-0.042232 0.104637 0.048679
0.100766 0.060345 0.165204
0.057349 -0.115239 0.109573
-0.027261 0.104297 0.165204
-0.031258 -0.130784 0.105429
0.084312 0.093207 0.122776
0.03279 0.018968 0.22703
0.021489 0.059138 -0.022963
0.000234 0.049719 0.220311
-0.100426 -0.058881 0.082596
0.008518 0.09895 0.182528
0.09738 -0.081147 0.069027
0.097644 -0.081971 0.066506
0.026704 -0.130784 0.062545
0.080506 0.094125 0.075255
0.011187 0.073928 -0.015762
-0.015382 0.117035 0.056478
-0.069604 -0.025036 -8.3e-05
-0.081321 -0.082625 0.071272
0.125771 -0.031562 0.133908
0.055729 7.7e-05 0.12814
-0.024788 -0.113559 0.071581
-0.083188 0.053412 0.033208
0.078305 0.098462 0.081499
0.077837 0.102241 0.079774
0.004361 -0.132176 0.136386
0.040536 -0.115513 0.060865
0.12954 0.009917 0.135866
0.107872 -0.063689 0.071581
0.079356 -0.10017 0.075089
-0.06001 7.7e-05 0.210462
0.083422 -0.09728 0.121993
-0.017973 -0.064359 -0.013097
0.07908 -0.09732 0.118083
-0.077853 -0.01736 0.004386
0.002163 0.07677 0.204445
0.035464 0.132206 0.070662
0.030266 0.056343 -0.02499
0.097764 -0.078516 0.097814
-0.041088 0.062162 -0.006111
0.128438 0.016393 0.134367
-0.046101 0.096843 0.140379
-0.004119 -0.118009 0.145498
0.078688 0.098298 0.07827
0.122783 -0.004844 0.043576
0.083621 -0.094976 0.074293
0.115521 -0.046116 0.061106
-0.028109 -0.046982 0.215763
-0.012097 -0.131692 0.064834
0.078428 0.097923 0.078341
-0.040612 -0.115283 0.105433
0.02676 0.131586 0.06313
0.054254 0.016286 -0.031154
0.051628 -0.056636 0.063382
0.063977 -0.097373 0.103627
0.017015 0.130937 0.138051
0.061072 -0.097341 0.117021
-0.04026 -0.11532 0.10848
0.123708 0.031193 0.132292
0.07877 0.099362 0.078684
-0.090689 -0.064739 0.146254
0.078109 0.097347 0.117927
-0.078438 -0.046982 0.182528
0.057222 0.080453 0.125607
0.017397 0.117338 0.051135
0.042236 0.118142 0.132537
0.095704 0.030007 0.19043
0.09006 0.083153 0.063613
0.045141 0.132054 0.084604
-0.06787 -0.035479 0.000358
-0.074627 -0.027474 0.003643
0.034075 0.070916 -0.014076
-0.02996 0.112159 0.146254
0.02568 -0.113 0.043576
0.081174 0.019888 -0.014076
0.09326 0.087074 0.069645
0.080151 -0.102137 0.092789
-0.062551 0.082745 0.034066
0.038565 0.1187 0.135373
0.076559 0.097566 0.081127
0.060616 -0.096986 0.078949
0.011986 -0.062741 -0.020587
-0.082405 -0.015096 0.19043
0.051987 3.5e-05 0.133415
0.033925 0.116939 0.05735
-0.100929 -0.039166 0.048679
-0.028271 -0.132145 0.109679
0.066756 0.006733 -0.029736
0.01718 -0.104455 0.1741
0.080112 -0.101803 0.119111
0.124507 0.018913 0.056425
-0.049447 0.102811 0.107878
-0.08343 0.071642 0.049268
-0.039136 -0.115627 0.112358
0.075983 0.097512 0.080793
-0.021582 -0.130784 0.071642
0.050495 0.049688 -0.025208
-0.102837 -0.017131 0.048046
-0.030954 0.131586 0.092802
-0.086164 0.055156 0.040518
-0.06293 0.091873 0.048679
0.075908 0.097424 0.080059
0.083437 0.098612 0.12313
0.078571 0.097401 0.117872
0.00016 0.075244 -0.013312
0.11363 0.011837 0.033208
0.045851 0.015044 0.057295
-0.056297 -0.09913 0.146254
-0.029802 0.118047 0.127279
0.062113 0.104959 0.071581
-0.033573 0.054155 0.210462
0.067421 -0.030527 -0.024029
0.020312 -0.117108 0.051728
-0.033254 0.110341 0.107878
0.058675 -0.114271 0.115918
0.047077 0.082009 0.169442
-0.040538 0.115898 0.100627
0.077551 -0.102435 0.080407
0.066325 -0.106743 0.136329
-0.02996 -0.112006 0.146254
0.086238 -0.095659 0.124092
0.083563 -0.097889 0.122535
0.078129 -0.097421 0.078345
-0.089488 0.067527 0.079622
-0.029485 -0.132176 0.098611
-0.02153 -0.118547 0.135373
0.080506 0.098637 0.118184
0.069198 0.099424 0.063613
-0.111925 0.020175 0.071272
0.080898 -0.098736 0.118829
-0.017003 -0.131433 0.067945
0.057916 -0.11481 0.092814
-0.018533 -0.106743 0.165204
0.010543 0.118723 0.097814
0.056894 0.001412 0.071033
-0.075899 -0.077634 0.155901
0.053413 -0.117022 0.116585
-0.05521 0.09762 0.049268
0.046412 -0.132052 0.107053
0.052864 0.021337 -0.030807
0.114484 0.052073 0.06174
0.037256 -0.115516 0.097814
0.037757 -0.118283 0.136251
0.058161 0.113251 0.126194
-0.051751 -0.092172 0.165204
-0.032755 0.109016 0.117846
0.080345 -0.101521 0.119977
0.074803 -0.003456 -0.024029
-0.031662 0.131281 0.098611
0.026084 -0.132145 0.064445
0.092775 0.090276 0.126851
0.125642 -0.013559 0.071581
0.04859 0.131281 0.095678
0.11029 0.056993 0.063397
-0.069211 0.079493 0.140379
7e-06 -0.118689 0.145368
0.058288 0.090146 0.123587
0.129456 -0.009875 0.135408
0.07095 0.067896 0.19043
0.118709 7.7e-05 0.165204
0.023083 0.060777 -0.023185
0.021464 -0.063865 -0.02224
0.013442 0.009176 0.230436
0.122025 -0.044328 0.134596
0.054213 0.11652 0.115881
0.057568 -0.111747 0.071271
-0.011158 -0.117827 0.143082
-0.093163 0.025826 0.1741
-0.031171 0.117898 0.125434
0.125694 -0.013211 0.054892
0.118539 0.037847 0.048679
-0.034646 0.116928 0.120982
-0.09476 -0.050492 0.12767
-0.021768 0.071563 -0.009708
0.059262 -0.095027 0.12154
0.112376 -0.063907 0.129817
0.050684 0.114577 0.070791
-0.037572 -0.02014 0.220311
-0.017334 0.130937 0.129676
-0.029687 -0.131433 0.087117
0.125554 -0.000297 0.056052
0.051807 -0.114669 0.073679
-0.021582 0.104857 0.034066
0.083935 0.095825 0.073461
0.03644 0.063706 -0.02109
0.080791 0.094381 0.075373
0.09226 -0.086936 0.071053
0.117865 0.023976 0.03869
-0.032868 -0.11726 0.12342
0.119576 -0.039624 0.107878
0.114872 -0.055068 0.129798
0.013076 -0.11634 0.049268
-0.007197 0.131281 0.061632
0.115102 -0.05355 0.058838
0.083106 -0.096614 0.121615
0.081004 -0.101777 0.111156
0.053845 0.045307 0.130958
0.055151 -0.115736 0.115918
0.078778 0.097216 0.118546
0.041459 -0.067645 -0.014076
-0.041423 -0.102815 0.043576
0.066079 0.020523 -0.02813
0.032794 0.116168 0.05579
0.12943 0.003302 0.13467
0.080656 -0.098359 0.118653
-0.033951 -0.114402 0.071272
0.022887 -0.118871 0.143701
0.025447 -0.116176 0.052239
0.090986 -0.08445 0.107878
0.046068 -0.115326 0.066433
0.08058 -0.101185 0.118442
0.036209 0.131586 0.06989
0.106934 0.064982 0.065248
0.043045 -0.04394 -0.028204
0.082298 0.087645 0.055756
-0.02996 0.013286 0.224075
0.128158 0.016343 0.134003
0.019144 0.114155 0.055756
-0.028511 -0.03401 0.220311
-0.040612 0.115437 0.105433
-0.106409 0.019255 0.049268
0.078917 -0.095404 0.076331
-0.017184 -0.131128 0.129495
-0.079603 -0.006907 0.004789
0.082465 0.09743 0.073475
0.123255 -0.01907 0.048679
0.078684 -0.100843 0.07683
-0.040458 -0.115805 0.101529
0.097877 -0.082185 0.136329
0.001528 -0.11919 0.087701
0.076832 -0.096374 0.077643
0.079876 0.097683 0.105572
0.110017 0.044807 0.140379
0.083056 -0.094274 0.122192
0.017993 0.114424 0.155901
-0.079803 0.022133 0.169442
-0.004268 0.11723 0.05197
-0.03482 -0.115144 0.074753
-0.071588 0.034269 0.002945
-0.041646 0.06366 -0.005056
0.080655 -0.094768 0.075629
0.017474 -0.065586 -0.021223
0.0879 0.094811 0.12598
0.100915 0.057936 0.034066
0.081892 -0.096958 0.120683
0.127348 -0.025274 0.136147
0.078663 0.099501 0.079185
-0.030183 0.130937 0.110255
0.079665 0.097683 0.111053
0.016987 0.119134 0.145107
-0.037172 -0.114334 0.077526
-0.003189 -0.108311 0.034066
0.118242 -0.03915 0.117846
-0.054238 0.096132 0.155901
0.055576 0.036704 0.215763
0.024571 0.119304 0.142923
0.040096 0.131586 0.074227
-0.057913 0.101757 0.136329
0.008293 0.105844 0.033208
-0.018532 0.106896 0.165204
0.05826 -0.11495 0.100729
0.121354 0.034377 0.058049
-0.040573 -0.114743 0.090377
0.077354 0.095639 0.071581
-0.050301 0.108765 0.126194
0.032469 0.066465 -0.019943
0.078629 0.099614 0.079744
0.016425 -0.116652 0.050379
0.058098 -0.11501 0.104561
0.075348 -0.093209 0.12767
-0.088865 0.0637 0.048679
0.078164 -0.097982 0.078938
0.081247 -0.097393 0.119997
0.027348 -0.110966 0.048046
0.084931 -0.091122 0.079622
-0.025862 -0.115151 0.062447
0.077994 0.096527 0.087701
0.045478 0.131845 0.112747
-0.080842 0.022706 0.19043
0.043795 0.130937 0.078904
0.045354 7.7e-05 0.056851
0.080468 0.091447 0.048679
0.03063 0.132329 0.067704
0.038334 0.007627 0.22703
0.004229 0.132054 0.137587
-0.041125 0.113251 0.126194
0.049917 -0.114622 0.070266
-0.007128 -0.115899 0.063613
0.076198 -0.08688 0.165204
-0.076738 -0.069122 0.040518
0.047983 -0.131692 0.095723
0.088551 0.091975 0.069991
0.11099 0.055532 0.049268
0.0811 -0.09868 0.111164
0.009963 0.131845 0.138156
-0.055185 -0.051542 -0.002709
-0.037774 -0.115259 0.08143
-0.081709 -0.062493 0.040518
0.086395 -0.092302 0.123113
0.018636 -0.109156 0.040518
0.009772 -0.070239 -0.018306
0.084612 0.096507 0.122798
0.108686 0.06552 0.060141
-0.064319 0.092924 0.107878
0.030769 -0.064739 0.210462
0.026439 -0.063647 -0.022649
0.045911 0.117023 0.13054
-0.010374 -0.024195 0.22703
0.113013 -0.05321 0.062434
0.060242 -0.027093 -0.029699
0.118332 -0.009023 0.165204
0.127427 -0.025263 0.135691
-0.030778 -0.114965 0.068026
0.052781 -0.100833 0.165204
-0.017231 -0.101604 0.1741
-0.006655 -0.013891 0.229155
-0.017334 0.118933 0.138275
0.11585 0.058799 0.132402
-0.109818 -0.000176 0.071581
0.105577 -0.07526 0.129293
0.09287 0.073878 0.048046
0.055239 -0.011161 -0.031401
0.047267 -0.041513 -0.028837
0.059092 -0.094052 0.075307
0.101735 0.049912 0.033208
0.080743 0.098929 0.07468
-0.006959 -0.131692 0.062192
0.078759 -0.098658 0.078449
-0.03921 -0.06646 -0.004453
0.080522 0.098136 0.099486
-0.094942 -0.017188 0.1741
-0.072793 0.040858 0.169442
0.064919 -0.104144 0.146254
-0.100004 0.037332 0.155901
-0.090689 0.034134 0.1741
0.126397 0.013329 0.133192
0.014943 -0.070862 -0.018381
-0.077206 0.078991 0.049268
-0.10271 0.048866 0.136329
0.066902 0.092072 0.034066
0.080804 -0.100684 0.118661
0.086188 -0.096166 0.125486
0.080176 0.09584 0.120902
-0.031053 0.131846 0.098611
0.120875 0.030371 0.117846
-0.016345 -0.116808 0.087701
0.036045 -0.06268 0.210462
0.07758 0.102125 0.077847
0.009963 -0.131692 0.138156
0.097154 0.077629 0.071581
0.057279 -0.080829 0.125503
-0.025018 0.113995 0.079622
0.079837 -0.096271 0.076491
-0.067252 0.088212 0.048679
0.095474 0.067757 0.165204
0.042605 -0.036952 0.220311
0.04236 0.116033 0.063109
-0.089007 0.075983 0.126194
-0.096515 0.015814 0.033208
-0.025569 -0.036952 0.220311
0.092978 -0.085642 0.07098
-0.098571 -0.052353 0.097814
-0.083449 -0.074563 0.071581
-0.019035 0.080337 0.197752
0.055729 0.100342 0.140379
0.077815 0.102183 0.079349
0.080976 -0.099719 0.118692
-0.033831 -0.116374 0.124115
0.126447 0.013298 0.097814
-0.066549 0.082105 0.140379
0.124171 0.038303 0.134268
0.013442 -0.059352 0.215763
0.0214 -0.131433 0.136371
0.114787 -0.052891 0.061298
-0.05231 -0.091341 0.040518
0.058783 0.114801 0.101729
0.077821 -0.102057 0.079532
0.055633 0.116221 0.112145
0.116303 -0.046455 0.06089
-0.033553 -0.116533 0.123921
0.124905 -0.015712 0.056218
0.058324 -0.036692 -0.027557
0.084618 0.097705 0.124771
0.047281 0.115938 0.068517
-0.020791 0.063963 -0.012393
0.000353 -0.098459 0.182528
-0.102062 0.029282 0.043576
0.12247 0.025036 0.057792
0.039553 0.132054 0.074647
0.08107 -0.099626 0.118998
0.020584 -0.116193 0.050451
0.045141 -0.1319 0.084604
-0.024756 0.131586 0.076598
-0.029376 0.131846 0.110012
0.068206 -0.098155 0.055756
0.124707 -0.024546 0.132688
-0.02789 -0.063946 -0.010469
-0.062116 -0.043946 -0.001034
-0.101834 0.015096 0.140379
0.031108 0.132206 0.130186
0.073333 -0.022175 0.210462
0.052535 0.114589 0.074333
-0.116346 0.010423 0.105572
0.055077 -0.116419 0.113011
-0.056338 -0.0974 0.063613
0.03561 -0.108959 0.137304
0.08093 -0.095067 0.075652
0.015705 -0.131692 0.059698
0.03967 0.117466 0.136329
0.047965 0.130937 0.089824
-0.107575 -0.026952 0.097814
0.005806 0.119513 0.145543
0.054931 -0.070964 0.197752
0.072302 0.08863 0.040518
0.001598 -0.067109 -0.017804
-0.090802 0.057873 0.055756
0.08028 0.096133 0.076172
0.080168 0.098322 0.117853
0.123736 -0.03093 0.132301
0.031543 0.131845 0.130794
0.075964 0.097284 0.079418
-0.016345 0.116455 0.087701
0.07897 0.100641 0.081346
0.012377 -0.116711 0.04992
-0.039297 0.077243 0.169442
-0.068873 0.084659 0.12767
0.127126 -0.022892 0.133691
0.080231 0.098262 0.118137
0.013299 -0.090915 0.169442
-0.040271 -0.111151 0.136329
0.083433 0.094189 0.122342
-0.021196 0.131586 0.071988
0.044066 -0.039253 -0.028607
0.060963 -0.096834 0.165204
0.050609 -0.054002 0.210462
-0.093163 0.066508 0.136329
-0.050003 -0.104155 0.087701
0.081504 -0.100477 0.111195
0.106163 0.06452 0.065276
-0.087538 -0.042057 0.1741
0.047983 -0.131692 0.1015
-0.006856 0.113499 0.12767
0.054431 0.109738 0.087701
0.078516 0.097303 0.077775
0.125048 0.019108 0.054821
-0.083401 0.084694 0.094052
0.098023 0.067116 0.137304
0.019448 0.117364 0.107878
0.097307 0.082539 0.066643
0.085854 0.093938 0.122963
-0.010408 0.118896 0.142067
0.0378 0.085776 0.169442
-0.080913 0.072154 0.055756
-0.009619 0.009892 0.229155
0.049529 0.038081 -0.029418
-0.109549 0.017803 0.087701
0.076337 -0.062355 0.19043
-0.019864 0.052522 0.215763
0.015214 -0.040051 0.224075
-0.01647 -0.032027 0.224075
0.081414 -0.100447 0.122018
0.038677 -0.057264 -0.024761
0.091504 -0.085983 0.071719
-0.005712 0.104915 0.033208
0.098308 0.012306 0.169442
-0.072591 -0.015826 0.000661
0.099875 -0.068732 0.043576
0.047794 0.11739 0.126815
-0.001491 0.131845 0.136896
0.059874 0.096145 0.077087
0.107872 0.063337 0.071581
0.120637 0.038569 0.056141
0.096254 -0.079956 0.06981
-0.007086 0.131586 0.061893
-0.032164 7.7e-05 0.224075
0.078898 0.099231 0.078303
0.095599 0.065664 0.034066
0.080871 0.100162 0.116787
0.115863 0.058742 0.131937
0.037325 0.115439 0.087701
-0.034652 -0.115441 0.074861
-0.006959 0.131845 0.062192
0.110311 -0.052066 0.043576
0.090074 -0.07546 0.140379
-0.089007 0.016351 0.182528
0.078671 -0.100329 0.079256
-0.038263 0.116298 0.113111
0.048964 -0.051443 -0.024755
0.051545 -0.0801 0.169442
0.063128 0.100987 0.155901
-0.018532 0.014716 0.22703
0.079411 0.097861 0.116841
-0.031234 0.131281 0.104462
-0.016286 -0.116529 0.097814
-0.015436 0.04434 0.220311
-0.108369 -0.040051 0.126195
-0.092726 0.049146 0.048046
-0.003837 -0.048713 0.220311
-0.0419 -0.046336 0.210462
0.035672 0.108855 0.048046
0.083119 -0.018815 0.204445
0.129789 7.7e-05 0.136882
0.119939 -0.043215 0.131204
0.078503 -0.097371 0.117124
0.026963 -0.11802 0.143228
0.018623 0.062891 -0.022064
0.035354 0.118883 0.137651
0.122062 0.044584 0.134125
0.079445 0.09773 0.117821
-0.063048 0.092024 0.049268
0.113825 -0.062203 0.13095
0.010415 -0.112316 0.137304
-0.02923 0.115238 0.066236
0.095703 -0.080184 0.146254
0.078295 0.098783 0.08012
0.1215 0.027747 0.058244
0.089638 -0.072754 0.034066
0.043026 -0.131692 0.117978
-0.037895 0.071117 0.197752
0.120719 0.043816 0.131464
0.077486 -0.102403 0.079954
0.086228 -0.03401 0.197752
0.039272 0.116264 0.060573
0.118397 0.015091 0.140379
0.044999 0.115562 0.065295
0.123082 0.028233 0.056918
0.046419 0.132329 0.095837
0.080556 -0.099048 0.074388
0.013311 0.116493 0.049268
0.082156 0.097736 0.072364
0.026997 0.130937 0.062669
0.011334 0.067773 -0.019658
-0.032427 0.115216 0.070618
-0.063046 0.078253 0.033208
0.07904 -0.097984 0.086791
0.087856 0.094456 0.124627
0.055888 0.115981 0.112248
-0.021298 -0.007474 0.22703
0.008746 0.116675 0.049426
0.036405 -0.131128 0.069686
0.080347 -0.102436 0.0989
-0.059163 -0.08688 0.165204
-0.108644 -0.040145 0.082596
0.11944 0.002889 0.140379
0.027409 0.074678 0.204445
0.025654 0.056833 -0.024004
-0.074212 -0.006295 0.001064
-0.004031 -0.118167 0.145148
0.065053 -0.017852 -0.029319
0.057678 0.027983 -0.030324
-0.039109 0.101757 0.048046
0.001544 -0.118905 0.097814
-0.037572 0.105152 0.155901
0.012889 0.116652 0.049608
-0.028641 -0.118002 0.128614
-0.0488 -0.10201 0.063613
0.028313 0.116225 0.071581
0.054007 0.108728 0.071581
-0.062551 -0.082592 0.034066
0.060963 -0.028305 0.215763
0.055298 -0.116145 0.113111
0.045049 0.117915 0.129689
0.1251 -0.02255 0.079622
0.066691 -0.00773 -0.02972
0.078752 -0.100175 0.078644
0.038449 0.02763 0.224075
0.078413 -0.101347 0.079949
-0.04734 -0.093544 0.034066
0.087352 -0.095091 0.126194
-0.007679 -0.118535 0.143385
-0.034905 -0.116985 0.120011
-0.069187 0.021739 -0.000294
0.021178 0.132054 0.061501
0.079731 -0.096849 0.119401
0.081418 -0.100938 0.098833
-0.109581 0.009863 0.146254
-0.023641 0.115321 0.060141
0.027674 0.069285 -0.018564
-0.101685 -0.037756 0.049268
0.004361 0.132329 0.136386
0.125996 -0.022648 0.132948
0.105428 0.052522 0.165204
0.049676 -0.037677 -0.029455
0.029651 0.130937 0.064289
0.043556 -0.131128 0.078947
-0.094319 0.059933 0.097814
-0.104923 0.049836 0.082596
0.114758 -0.054539 0.059938
0.015288 -0.118253 0.146285
0.110198 -0.066355 0.136329
0.047368 0.113245 0.060141
0.086309 -0.092207 0.123123
0.063973 -0.102396 0.049268
-0.03941 0.114597 0.084107
-0.102211 0.043769 0.097814
0.06812 0.097661 0.12767
-0.040896 -0.105951 0.117846
0.096243 0.084139 0.125237
0.089994 0.083086 0.117846
0.020922 -0.132145 0.062251
0.041239 -0.059614 -0.022485
-0.0199 0.11674 0.059172
0.056721 -0.114244 0.084022
-0.111284 -0.030261 0.126195
-0.027799 0.104953 0.140379
-0.057548 0.098867 0.079622
0.078015 0.098407 0.080186
0.11973 -0.012885 0.137304
0.012839 0.117116 0.050273
-0.024992 -0.131128 0.076441
-0.01901 0.062833 0.210462
-0.011907 -0.106988 0.034066
0.006564 0.118645 0.146369
0.080278 0.097657 0.119015
-0.04035 0.115673 0.105367
0.12289 0.004163 0.12767
-0.016889 -0.116785 0.05735
0.034267 -0.101604 0.1741
-0.09165 0.06552 0.060141
0.074448 0.03632 -0.014076
0.040676 -0.115167 0.060141
-0.114643 -0.020475 0.115919
0.080361 0.10193 0.116708
0.046046 -0.131128 0.112965
0.036704 -0.113316 0.117846
-0.033648 -0.114424 0.070791
-0.008305 -0.025672 0.22703
0.010541 0.119189 0.145797
-0.108369 -0.019428 0.146254
0.034267 -0.016746 0.22703
0.055882 0.077243 0.169442
0.104524 0.071112 0.066207
-0.115065 0.020699 0.105572
-0.041852 0.107655 0.097814
0.076387 -0.09726 0.079781
0.057382 0.115161 0.090406
-0.080785 -0.072403 0.12767
0.034473 -0.118458 0.138467
0.077943 -0.101702 0.077981
0.079981 0.102189 0.117992
0.081315 -0.09868 0.105572
-0.023842 0.118239 0.13376
0.019323 0.116048 0.063613
0.078656 -0.097722 0.08686
-0.041846 -0.114259 0.094052
0.119599 0.033768 0.059088
-0.00856 -0.116019 0.051901
0.034894 -0.132176 0.071253
0.08393 -0.096087 0.072411
-0.011699 0.046167 0.220311
0.064058 -0.097373 0.094596
0.031292 -0.062973 -0.022766
0.084376 0.09011 0.107878
-0.098889 0.018751 0.034066
0.004229 0.132054 0.059636
0.078403 0.098839 0.080686
0.111126 -0.063024 0.12878
-0.11338 0.020418 0.126195
-0.022368 0.104912 0.040518
0.084852 0.097447 0.125326
-0.099541 0.013727 0.034066
0.081039 0.097686 0.119732
-0.088865 -0.063547 0.048679
0.018505 0.029167 0.22703
0.122388 0.037541 0.131885
0.112252 -0.061053 0.129076
0.07912 0.100545 0.07604
0.078923 -0.096536 0.119669
0.014135 -0.069028 -0.019441
-0.053941 -0.093794 0.048046
-0.039664 0.058915 -0.007539
0.109513 0.054081 0.055756
0.079309 -0.099179 0.077406
-0.040796 -0.114276 0.088489
0.124321 0.006022 0.056785
0.063973 0.102549 0.049268
-0.106744 -0.02676 0.107878
0.048308 -0.131433 0.101524
0.054077 0.017021 -0.03111
0.079103 -0.099776 0.077584
-0.02667 -0.130784 0.118268
-0.000362 -0.117185 0.051135
0.080092 0.101838 0.120399
0.11977 0.040633 0.058599
0.013242 -0.075037 -0.014076
0.060183 -0.09648 0.077841
-0.087843 0.075077 0.071272
0.06064 0.01864 -0.031059
0.105342 -0.0715 0.064669
0.045546 0.084493 0.19043
-0.019189 0.115959 0.057788
0.080893 -0.100246 0.118522
0.004154 0.131586 0.058954
0.057898 0.11544 0.097834
-0.029031 -0.1319 0.087315
-0.020289 0.115888 0.058509
-0.045561 0.08285 0.182528
-0.096515 -0.016167 0.033208
0.118609 0.040077 0.05975
0.044401 0.132298 0.084887
0.057573 -0.115745 0.100627
-0.023068 0.116509 0.061485
0.066497 -0.047984 -0.014076
-0.000722 0.071703 -0.015801
0.04746 -0.131433 0.107286
0.107372 0.052933 0.048046
0.109233 0.07014 0.130202
-0.007599 -0.118826 0.143134
0.015738 0.111772 0.03869
-0.10543 -0.009755 0.043577
0.103071 -0.060627 0.048046
0.080527 0.096466 0.076105
-0.019786 -0.132176 0.073251
-0.064844 0.093596 0.097814
0.119576 0.039271 0.107878
0.111786 0.063737 0.129156
-0.017184 -0.131128 0.067727
0.11242 -0.020121 0.033208
-0.02438 -0.11216 0.117846
-0.024182 0.117706 0.134192
-0.04083 -0.114509 0.090342
0.021294 -0.131692 0.061159
-0.03875 -0.060652 0.204445
0.015496 0.132298 0.13639
-0.040514 -0.114475 0.088541
0.080749 -0.100763 0.118324
0.042515 0.115753 0.062912
0.080857 -0.100477 0.116784
-0.056782 -0.053878 -0.000449
0.128115 0.018763 0.134269
0.081351 -0.098898 0.119631
0.080428 0.1016 0.119057
0.122611 -0.021845 0.057673
0.088058 0.069665 0.033208
0.046837 -0.117894 0.127279
0.078555 -0.098253 0.078553
-0.103565 -0.038401 0.146254
0.058154 -0.050891 -0.019321
0.068731 0.009776 -0.02813
0.080701 0.102287 0.111133
-0.031466 0.130937 0.092727
0.047955 -0.114801 0.136329
-0.037729 -0.061861 -0.007606
0.082446 0.098981 0.12148
-0.02514 -0.103514 0.034066
0.008518 -0.020546 0.229155
0.11242 0.019769 0.033208
0.081326 -0.096309 0.120655
0.080304 -0.097721 0.105572
0.021362 -0.116779 0.051704
-0.071181 -0.087549 0.071581
0.069247 -0.047191 0.204445
0.015207 -0.118711 0.145651
0.006018 0.116297 0.048679
0.017133 0.118384 0.145998
0.019285 -0.069299 -0.019542
-0.106058 0.019996 0.048679
0.036568 -0.130784 0.127706
0.080668 0.09925 0.116755
0.035733 0.132054 0.070383
0.006523 -0.119362 0.145577
0.061448 -0.104014 0.117846
-0.030393 -0.115481 0.068376
-0.075661 -0.069197 0.034066
-0.035352 -0.116466 0.120293
0.052815 -0.116122 0.120861
0.032472 0.054686 0.215763
-0.08079 8e-05 0.006125
-0.077531 -0.08126 0.107878
-0.028511 0.034164 0.220311
-0.104656 0.049719 0.126194
-0.040354 0.114871 0.089088
0.121402 0.044123 0.132011
0.062839 0.100725 0.043576
0.01814 0.116194 0.049268
0.098023 -0.067468 0.137304
-0.001297 0.018213 0.229155
-0.080842 0.082338 0.136329
0.0805 -0.101356 0.11936
0.021295 0.117562 0.052202
0.076377 0.097478 0.080126
0.097923 -0.067262 0.03869
-0.042087 0.065037 -0.003799
-0.021407 0.131281 0.071799
-0.006508 -0.132145 0.063254
0.040185 0.060695 -0.022178
0.125532 0.031744 0.133495
0.091975 0.073095 0.140379
-0.073257 0.01297 0.000827
-0.100103 0.042931 0.117846
-0.10117 0.034021 0.12767
0.053614 -0.029835 -0.030426
0.079924 0.097368 0.119041
0.058643 0.11435 0.091927
0.031897 -0.131128 0.065934
0.125618 -0.01327 0.053611
0.062436 -0.097373 0.112526
-0.005794 0.119349 0.143489
0.118242 0.038798 0.117846
-0.070263 -0.08654 0.063613
0.084925 0.090761 0.097814
0.079253 0.098405 0.077536
0.055192 -0.114474 0.080514
0.080133 0.097875 0.099509
0.081034 -0.098305 0.105572
-0.063449 -0.09216 0.117846
-0.03092 -0.00991 0.224075
0.08142 -0.095703 0.075535
0.079858 -0.099076 0.076362
0.079994 0.097858 0.118408
0.073329 0.090055 0.140379
-0.064345 -0.09331 0.071581
0.104365 0.074678 0.136329
0.025313 0.110737 0.03869
0.110681 0.063023 0.128684
-0.067389 -0.01259 0.204445
0.083418 -0.0955 0.074198
-0.040881 0.114963 0.092814
0.031543 -0.131692 0.130794
-0.004692 0.038555 0.224075
-0.07538 -0.09106 0.082596
-0.021797 -0.117941 0.135765
-0.10622 0.019223 0.048679
0.107146 0.052813 0.137304
0.106324 -0.052724 0.140379
0.015174 -0.119003 0.145388
0.081709 -0.093226 0.07487
0.111082 0.057398 0.063345
0.036071 0.080337 0.197752
-0.037703 -0.115925 0.116139
-0.034884 0.116685 0.121136
0.038925 0.132298 0.075131
0.127412 -0.004687 0.087701
0.08346 -0.094706 0.074503
0.078461 -0.101374 0.080297
0.009921 -0.132145 0.137004
-0.034733 -0.117293 0.119893
0.078751 -0.097373 0.098999
-0.01066 -0.11485 0.049268
0.092106 -0.084672 0.071448
-0.025768 -0.117252 0.133199
0.111978 0.053075 0.048679
-0.036556 0.11687 0.116689
0.079862 -0.099101 0.086644
0.077045 -0.097151 0.078933
0.092934 -0.077634 0.155901
-0.015436 -0.054533 0.215763
0.080568 -0.085944 0.137304
-0.024387 0.117501 0.134444
0.079212 -0.097412 0.111018
0.116383 -0.038491 0.12767
0.031147 -0.020755 0.22703
0.040877 -0.118086 0.13376
0.069417 0.003322 -0.02813
-0.086978 0.04634 0.033208
-0.079513 0.081114 0.060141
0.078955 0.100083 0.07794
0.1059 0.0637 0.048679
-0.048852 -0.037405 0.210462
0.084712 0.096782 0.123065
-0.024776 0.113167 0.107878
-0.041537 -0.114422 0.094082
0.058883 0.114413 0.094066
-0.005712 -0.105268 0.033208
0.078889 0.098698 0.078159
0.044385 -0.117819 0.130404
0.07034 -0.024094 -0.024029
0.018304 -0.118022 0.146254
-0.07634 0.092257 0.105572
0.09715 0.081577 0.069121
0.081432 -0.099709 0.120026
0.047955 0.114954 0.136329
0.00389 -0.118115 0.146893
0.078287 -0.098546 0.079619
-0.022395 -0.070398 0.204445
-0.039983 0.114236 0.083932
0.037059 -0.11473 0.071581
0.09257 -0.087802 0.069466
0.025341 -0.025672 0.22703
0.12397 0.025563 0.055377
-0.029376 -0.131692 0.087211
0.086229 0.034164 0.197752
-0.03854 0.036704 0.215763
0.021178 -0.1319 0.061501
-0.037177 -0.116367 0.115881
0.09006 -0.083506 0.063613
0.065136 -0.052044 0.204445
-0.100004 0.047679 0.146254
0.064692 -0.007563 -0.030796
0.097 0.085 0.126074
-0.023176 0.132329 0.11958
-0.11294 0.030834 0.105572
0.092726 0.086066 0.071078
-0.101504 -0.037694 0.048679
0.080598 -0.101374 0.116744
0.038266 -0.117395 0.137396
0.117862 -0.037917 0.059761
0.047142 0.131845 0.107215
0.063938 0.013362 -0.03061
-0.005575 0.117511 0.052594
0.119985 0.012561 0.048046
0.091015 0.084127 0.071581
0.08012 0.098421 0.117186
0.081004 0.10193 0.111156
-0.003277 0.117261 0.051728
0.126103 0.006144 0.055039
0.02283 -0.119196 0.143489
0.004316 -0.132145 0.136799
0.036704 0.112964 0.117846
0.076593 0.097165 0.078901
-0.097805 0.051626 0.107878
-0.051593 0.060065 -0.000345
-0.071917 0.088007 0.087701
0.078657 -0.100608 0.078484
0.001965 -0.069271 -0.017344
0.079034 -0.09753 0.116502
0.05847 0.114962 0.101688
0.080753 -0.0995 0.117386
0.078387 -0.101306 0.079609
0.00151 0.084645 0.197752
-0.041101 -0.114114 0.088431
0.040622 0.093592 0.182528
0.023157 -0.026974 0.22703
0.081497 0.099698 0.099431
0.009372 -0.010235 0.230436
0.109217 0.070206 0.130669
-0.092392 -0.054533 0.155901
0.011912 -0.020265 0.229155
-0.035691 -0.116416 0.119659
0.080299 0.101619 0.120894
0.120251 -0.024344 0.043576
0.024546 0.064836 -0.022155
0.026653 -0.118768 0.142387
0.116539 0.029194 0.137304
-0.051751 -0.032539 0.210462
0.1275 0.018644 0.133594
0.067337 -0.009739 0.215763
0.122684 -0.015381 0.057324
0.077828 -0.096649 0.097814
0.10366 0.071343 0.087701
0.028509 -0.004986 0.229155
0.019323 -0.1164 0.063613
-0.011699 -0.046014 0.220311
0.018642 0.117637 0.051634
0.105515 0.075498 0.129278
0.048398 0.038072 0.059748
-0.025095 -0.114611 0.087701
0.080851 0.098365 0.119089
0.122241 -0.031094 0.107878
0.07095 0.057549 0.197752
0.077955 -0.083861 0.034066
-0.01273 0.119131 0.140752
0.021067 0.11832 0.145148
-0.012665 -0.130784 0.133016
0.09319 -0.08594 0.070693
0.11666 -0.013586 0.034066
-0.026 -0.117094 0.133459
0.119654 0.05065 0.132979
0.027695 -0.11485 0.049268
0.047607 0.115359 0.068211
0.054325 -0.109838 0.079622
0.014488 -0.119335 0.145232
0.078538 0.099231 0.080297
0.081713 0.099612 0.120512
-0.041427 0.11453 0.092773
0.124842 7.7e-05 0.048679
0.081315 0.098833 0.105572
-0.016118 0.115384 0.071581
0.079016 0.100333 0.077377
0.046833 0.132298 0.095807
-0.088485 -0.056868 0.137304
-0.008368 -0.067469 -0.015326
0.076945 0.097399 0.079232
0.009372 0.010388 0.230436
-0.084087 0.074728 0.079622
0.003442 -0.074866 -0.014043
0.092421 -0.087211 0.070712
0.087894 -0.094652 0.125979
0.029349 0.022706 0.22703
0.092177 0.085421 0.07146
0.096258 -0.08397 0.125241
0.041591 0.118497 0.13284
-0.086283 0.053907 0.034066
0.078808 -0.100019 0.080589
-0.079293 -0.057293 0.1741
-0.03187 -0.074554 0.197752
0.012804 0.07166 -0.017809
-0.030846 -0.10429 0.140379
0.112081 0.063954 0.129451
0.041658 -0.132176 0.117211
0.026446 -0.1319 0.063739
0.077267 0.097787 0.08006
0.11014 -0.044851 0.140379
-0.007824 0.037332 0.224075
0.114297 -0.053986 0.061533
-0.05521 -0.097466 0.049268
-0.102935 -0.000176 0.140379
0.108457 0.063224 0.064601
-0.083348 -0.007536 0.19043
0.037256 0.115164 0.097814
0.10981 -0.058757 0.063815
-0.105456 0.02611 0.063613
-0.04929 -0.014562 0.215763
0.109367 -0.054356 0.12767
0.079686 0.099999 0.075275
-0.0843 -0.075253 0.087701
-0.04061 0.114637 0.089045
-0.022385 0.107654 0.03869
0.080468 -0.091294 0.048679
-0.059076 -0.011203 0.210462
-0.011823 -0.003318 0.229155
-0.059076 0.011356 0.210462
-0.021215 0.085776 0.169442
0.049275 -0.115336 0.070768
-0.088814 0.055344 0.03869
0.124194 -0.013394 0.117846
0.069149 -0.099697 0.117846
0.105558 -0.07533 0.129761
-0.001645 -0.131128 0.137485
0.120054 0.040922 0.057358
0.040505 0.130937 0.073911
0.072559 0.017539 -0.024029
0.12353 -0.015489 0.057197
0.034599 -0.11817 0.138693
0.010467 0.072274 -0.017185
-0.092573 0.057477 0.048679
0.079238 -0.098775 0.077607
0.078492 0.099166 0.079818
0.092669 0.089876 0.125488
0.104717 -0.070669 0.066123
-0.040271 0.111305 0.136329
0.109428 -0.054533 0.155901
0.020922 -0.132145 0.134971
-0.064269 -0.093439 0.146254
-0.111284 0.030415 0.126195
0.055276 0.075189 0.068377
0.009921 -0.132145 0.060219
0.045473 0.007444 0.056956
0.064993 0.003386 -0.030871
0.063602 0.090273 0.033208
-0.032011 0.068311 -0.007315
0.121087 -0.021782 0.055756
-0.012314 -0.022552 0.22703
-0.006508 -0.132145 0.133969
0.084878 -0.093556 0.122707
0.076383 -0.097344 0.080253
-0.068652 0.071117 0.1741
0.080342 -0.101571 0.118562
0.117314 0.048034 0.087701
0.059622 0.042439 -0.024029
0.086074 0.092099 0.12315
0.057072 -0.114245 0.085241
0.027403 -0.113098 0.155901
0.046833 0.132298 0.101416
-0.029958 0.131281 0.110187
0.035382 -0.108054 0.140379
0.078178 -0.097122 0.118212
0.081768 -0.096776 0.075083
0.078305 -0.098642 0.080212
0.082342 -0.099555 0.122569
0.078289 0.098694 0.079592
0.107354 -0.068226 0.127832
-0.032159 0.11779 0.124104
0.047567 -0.032028 0.058912
0.018334 -0.073203 -0.015898
0.008518 -0.092104 0.19043
0.047813 0.115119 0.068026
0.036726 0.113054 0.063613
-0.003837 0.048866 0.220311
-0.006121 0.057884 0.215763
0.022485 0.015249 0.229155
-0.095006 -0.024047 0.033208
0.05575 -0.114113 0.080286
0.123663 0.025381 0.056618
0.005782 0.118894 0.146028
0.053389 0.034973 -0.029732
0.06329 0.04548 -0.019321
0.052456 -0.055877 -0.019321
0.108231 -0.065918 0.128159
0.081026 -0.100433 0.119467
0.048581 0.116776 0.127337
0.083343 0.098809 0.123485
0.07995 0.095992 0.120699
0.099567 0.075177 0.068326
-0.015754 0.095924 0.182528
0.081186 -0.095034 0.121547
0.050343 0.043955 -0.027937
0.01831 -0.105722 0.033208
-0.009628 0.130937 0.134603
0.010299 0.105825 0.033208
0.054893 -0.116721 0.112922
-0.041857 0.107665 0.079622
-0.087843 -0.074924 0.071272
0.037632 -0.130784 0.126519
-0.025067 0.117455 0.133843
0.075962 -0.097133 0.079425
0.113408 7.7e-05 0.1741
-0.020462 0.115683 0.058232
0.097273 0.085605 0.127828
0.013442 -0.009023 0.230436
0.053946 0.114687 0.077656
-0.101673 0.059709 0.105572
-0.112526 -0.030576 0.115919
0.0812 0.100412 0.119903
0.078643 0.099651 0.079994
0.048308 0.131586 0.095699
0.028567 0.118571 0.141871
-0.108425 0.017631 0.107878
-0.007771 -0.118284 0.143672
0.026611 0.131845 0.063419
0.057354 0.012293 -0.031738
0.05581 -0.006723 -0.031543
0.081053 0.099299 0.118991
0.045141 -0.1319 0.112619
-0.054239 -0.095979 0.155901
0.129791 0.003328 0.136883
-0.030478 -0.101728 0.034066
-0.1005 7.7e-05 0.034066
0.018342 0.073377 -0.0159
0.078701 0.100117 0.079937
0.121446 -0.043849 0.132023
0.081212 -0.09849 0.119486
0.046017 0.132298 0.090258
0.099063 -0.03964 0.182528
-0.007197 -0.131128 0.061632
0.027409 -0.024195 0.22703
-0.109986 -0.040606 0.105572
0.105255 0.042702 0.033208
0.083063 0.094283 0.074791
0.127415 0.025472 0.135225
0.024247 -0.059996 -0.023477
0.0424 0.117857 0.132734
0.123395 -0.029014 0.146254
0.028379 0.068903 -0.018767
0.049244 -0.115627 0.071085
0.002403 -0.071319 -0.016548
-0.103867 -0.000176 0.137304
0.125419 0.006087 0.056123
-0.11294 -0.030681 0.105572
-0.093429 -0.040629 0.040518
-0.001512 0.002617 0.230436
0.040935 -0.11515 0.060332
0.057126 -0.116012 0.104328
-0.036869 0.114504 0.076901
0.008518 0.059709 0.215763
-0.028191 -0.117479 0.129872
0.080456 0.098833 0.116722
-0.097046 0.027182 0.034066
-0.096075 -0.068257 0.094052
0.014694 0.0644 -0.021076
0.115638 -0.029303 0.140379
0.078141 -0.101596 0.078949
-0.096014 -0.008585 0.1741
0.079389 0.098802 0.077365
0.091795 -0.086313 0.071563
0.11872 0.037909 0.049268
-0.023501 0.115666 0.060865
-0.024611 0.117343 0.134713
0.080765 0.10109 0.11677
-0.007535 -0.119151 0.142924
-0.060112 0.087529 0.140379
0.042711 -0.1319 0.079421
0.014177 -0.068218 0.210462
0.083504 0.094928 0.074456
0.032033 -0.130784 0.13148
0.048776 -0.114892 0.069238
0.077354 -0.095992 0.071581
0.008518 -0.076879 0.204445
-0.077065 0.078861 0.048679
0.113783 -0.062383 0.132334
0.102784 0.070686 0.071581
0.053934 0.068569 0.066389
0.104574 -0.042057 0.1741
0.0769 0.097662 0.080645
0.058843 0.093151 0.074774
0.058555 0.092501 0.123047
-0.065019 0.09382 0.087701
-0.00799 -0.117921 0.144329
0.095902 -0.079658 0.069831
0.10275 0.070661 0.107878
0.023224 -0.058078 -0.023397
0.126277 0.004292 0.107878
-0.110628 -0.000176 0.097814
-0.020954 0.131845 0.072205
0.021295 0.131845 0.136063
-0.016286 0.116177 0.097814
0.043097 0.103465 0.034066
0.019016 -0.119275 0.144484
-0.066483 -0.096284 0.071271
0.047899 0.114786 0.067166
0.032466 0.117033 0.056503
0.046996 0.112159 0.146254
-0.101662 0.016599 0.140379
0.054431 -0.110091 0.087701
0.12484 -0.019335 0.054013
-0.025892 -0.132176 0.082481
0.058649 0.017342 -0.031492
0.094241 0.078991 0.049268
0.083523 0.089098 0.063613
0.080163 -0.098175 0.117823
0.078615 0.10108 0.080168
-0.009928 0.118174 0.143228
-0.067567 0.09783 0.082596
-0.003819 -0.118916 0.144272
-0.038516 0.116059 0.11322
0.122865 0.009552 0.155901
0.123978 -0.02216 0.056701
0.019797 0.017341 0.229155
-0.025555 -0.117457 0.132956
0.015763 -0.07248 -0.017021
0.039275 7.7e-05 0.22703
-0.025913 0.073186 -0.005958
-0.096842 -0.037702 0.03869
0.078332 0.097138 0.118651
0.078786 0.097526 0.099585
-0.000144 -0.005582 0.230436
-0.022237 -0.116111 0.060573
0.080063 -0.100015 0.086609
0.037752 -0.115367 0.057985
0.107837 0.063314 0.107878
0.078992 -0.090469 0.155901
-0.033268 -0.110733 0.071581
0.024792 -0.097448 0.182528
-0.031976 0.114843 0.069046
0.115237 0.058194 0.130293
0.049614 0.115751 0.071594
-0.011707 0.132206 0.065472
-0.030846 0.103937 0.140379
0.127439 0.01623 0.13344
0.107372 -0.053286 0.048046
0.089555 0.088107 0.060141
-0.049467 0.102847 0.071581
0.078049 -0.101551 0.07755
-0.029031 -0.1319 0.109908
0.001785 0.114319 0.12767
-0.001387 -0.119282 0.144572
0.066497 0.048137 -0.014076
0.04331 -0.131433 0.118137
-0.026008 0.116281 0.064017
0.077887 0.102279 0.080201
-0.028607 -0.114804 0.064625
0.129645 -0.003269 0.135075
0.019314 0.115955 0.117846
-0.040191 -0.114082 0.084641
-0.026986 -0.1319 0.081968
0.05755 0.114628 0.088541
0.120399 0.034014 0.05885
0.116287 0.056104 0.130579
0.0479 -0.114633 0.067198
0.027443 -0.118742 0.142067
-0.058343 0.050617 -0.001128
0.081061 -0.100758 0.120793
0.02736 0.067634 -0.020225
-0.001704 0.130937 0.137711
0.082543 -0.099039 0.12191
0.010528 -0.118265 0.071581
0.076502 -0.097101 0.079169
-0.066765 0.044218 0.003006
-0.093707 0.066864 0.071272
0.075914 -0.097268 0.080059
0.078496 -0.099029 0.07992
0.089588 0.074707 0.165204
0.046265 -0.130784 0.084174
-0.114933 -0.010153 0.082597
0.062487 -0.106042 0.079622
0.080818 -0.101025 0.121069
0.050187 0.02845 -0.030137
-0.038975 -0.114103 0.080959
0.078523 0.027793 -0.014076
0.100588 -0.059043 0.040518
-0.00033 -0.11752 0.051361
-0.069981 -0.037055 0.002575
0.086981 0.093157 0.123272
-0.105829 0.050234 0.115919
0.040505 0.130937 0.123311
0.039158 0.11658 0.060754
0.112639 -0.064396 0.132034
-0.10965 -0.04049 0.094052
0.031417 -0.117867 0.14121
-0.094319 -0.060285 0.097814
0.055142 0.011902 -0.031376
0.081034 0.098458 0.105572
0.091291 0.064502 0.1741
-0.025187 0.130937 0.120911
0.02788 -0.035702 0.224075
0.001928 0.111803 0.137304
0.080215 -0.098123 0.118074
0.0812 0.096542 0.120546
-0.112596 0.030747 0.094052
-0.100864 0.008103 0.040518
-0.079967 0.011256 0.005942
0.126217 -0.006772 0.054212
0.057688 -0.115075 0.092828
-0.038598 -0.116067 0.112145
-0.093205 -0.046619 0.03869
0.010467 -0.07212 -0.017185
-0.026268 -0.132145 0.114918
0.056966 0.116239 0.105245
0.004173 -0.116706 0.049958
-0.104651 -0.038774 0.060141
-0.083663 -0.084781 0.105572
0.071274 0.027604 0.210462
0.084424 -0.01259 0.204445
0.08178 -0.099941 0.12139
0.076883 -0.097318 0.079499
0.087263 0.093526 0.12349
-0.041214 0.115076 0.105572
0.026612 0.131845 0.133804
0.023484 0.063017 -0.022756
-0.075661 0.06935 0.034066
0.01718 0.005736 0.230436
0.020855 0.119069 0.144272
0.035182 -0.132145 0.070954
0.124036 -0.000291 0.056814
0.006109 -0.111826 0.03869
0.026269 -0.132052 0.133139
0.081459 -0.101374 0.105572
-0.017003 0.131586 0.067945
0.099078 0.083444 0.128728
0.001776 -0.114836 0.055756
0.041913 -0.130784 0.121184
0.046017 0.132298 0.106964
0.004018 -0.119349 0.145411
0.09159 0.084713 0.079622
0.06812 -0.098014 0.12767
-0.068175 0.006432 0.204445
0.08182 -0.098525 0.120366
-0.078158 -0.081852 0.079622
0.079126 0.096958 0.119213
0.095036 0.077756 0.048679
0.05719 0.115452 0.09043
0.035568 0.014715 0.22703
0.121087 0.021429 0.055756
-0.041214 -0.114923 0.105572
0.078202 0.097253 0.118292
-0.051999 -0.047591 -0.004591
0.052259 -0.116484 0.120528
0.085068 0.081735 0.03869
-0.048906 -0.061926 -0.000936
-0.019405 -0.115598 0.057538
-0.015817 -0.11431 0.117846
-0.074059 0.066596 0.033208
0.081261 -0.066888 0.182528
0.099875 0.068885 0.043576
0.091185 -0.085652 0.071802
-0.108119 0.008653 0.063613
0.060044 0.096631 0.119721
0.086848 -0.080232 0.137304
0.116274 -0.047927 0.107878
0.027881 0.056478 0.215763
-0.077364 0.003533 0.002658
0.076923 -0.097516 0.080746
-0.069507 0.060806 0.182528
0.122745 -0.02851 0.057338
-0.02103 0.117901 0.136712
0.047142 -0.131692 0.107215
0.112777 0.058718 0.061297
-0.020095 0.132298 0.072974
0.008518 -0.040606 0.224075
0.082009 -0.094345 0.060141
0.04525 -0.130784 0.082009
0.051837 -0.033677 -0.030011
0.069149 0.099344 0.117846
0.042576 0.022328 0.224075
-0.033654 0.111405 0.087701
0.125423 -0.015899 0.054182
0.001673 -0.116641 0.117846
-0.029687 0.131586 0.087117
0.076502 0.094457 0.117846
-0.033557 -0.111501 0.079622
0.080568 0.085591 0.137304
-0.051751 0.032692 0.210462
0.078124 0.097526 0.116361
0.046791 0.132054 0.090086
-0.095062 -0.041278 0.140379
0.040565 0.068176 -0.014076
0.040622 0.025064 0.224075
-0.03691 -0.114534 0.077656
0.041134 0.060345 0.210462
0.08192 -0.099278 0.120821
0.037609 0.010064 0.22703
-0.039686 0.114398 0.084022
0.111075 0.063265 0.128767
0.106644 0.062553 0.117846
0.127412 0.004335 0.087701
0.07903 -0.100165 0.077347
-0.01871 -0.117872 0.138318
0.078569 -0.10078 0.079152
0.087926 -0.09461 0.125631
0.080862 0.100006 0.118141
0.076733 0.097566 0.081863
0.07903 0.096958 0.077195
0.118375 -0.049573 0.130801
-0.04779 0.099855 0.12767
0.100465 0.071642 0.049268
0.077451 -0.102352 0.079508
0.101735 -0.050265 0.033208
-0.010368 0.113251 0.155901
0.123242 -0.028848 0.055303
-0.100004 -0.037179 0.155901
-0.026689 0.115243 0.063206
0.023157 0.057884 0.215763
0.081243 0.101527 0.111175
0.059603 0.033969 -0.027948
0.078181 0.10165 0.078538
-0.037955 -0.114966 0.081358
0.077326 0.097852 0.080568
-0.010732 0.118149 0.142902
-0.033254 -0.110694 0.107878
0.080133 -0.098286 0.116995
-0.074744 0.013299 0.001505
0.080659 0.101226 0.118898
-0.109581 -0.040467 0.115919
0.035464 -0.132052 0.070662
-0.011316 0.067455 -0.014593
-0.020095 -0.132145 0.124248
0.050137 -0.032801 -0.029989
0.00151 -0.084492 0.197752
0.083428 -0.09858 0.123551
-0.089479 0.067521 0.097814
0.127403 -0.022962 0.134054
0.080768 0.10153 0.093368
-0.011967 -0.116752 0.054597
0.054754 -0.106641 0.048679
0.004361 -0.132176 0.060836
0.115209 -0.053507 0.059267
-0.064974 0.094498 0.060141
0.108759 -0.066144 0.062719
0.110199 -0.058972 0.063756
-0.0014 -0.1319 0.060675
0.079416 0.099935 0.076637
0.080315 -0.095596 0.121006
0.078182 0.096998 0.077756
0.08372 0.004084 -0.014076
-0.073743 0.020908 0.197752
-0.06822 -0.098516 0.094052
0.062596 -0.082697 0.182528
0.080632 0.099235 0.11702
-0.025927 -0.073051 -0.005955
0.010364 -0.109627 0.040518
0.05341 -0.114787 0.07716
0.054931 -0.050341 0.210462
0.122398 0.012837 0.055756
0.04142 0.042952 -0.027946
0.020873 0.028243 0.22703
0.081504 0.10063 0.111195
-0.100987 0.025077 0.137304
-0.001302 0.132206 0.136172
0.116628 -0.013959 0.034066
0.115246 0.055502 0.129878
0.078604 0.100961 0.075426
0.03917 -0.002463 0.22703
0.126792 -0.022815 0.133381
-0.02586 0.118393 0.131557
0.112155 0.042353 0.03869
-0.030512 0.130937 0.108777
0.056181 0.115096 0.08494
0.078994 0.096643 0.119727
0.09731 -0.08536 0.127361
-0.093955 -0.055379 0.049268
-0.045508 -0.055113 -0.006084
0.101561 -0.080491 0.128807
0.11782 0.046804 0.059251
-0.018137 -0.130784 0.128901
0.080065 -0.097653 0.118585
0.081044 0.100164 0.093337
-0.033067 -0.11698 0.123571
0.04032 0.131281 0.123168
0.112093 0.058036 0.062767
0.04859 -0.131128 0.101544
0.084402 0.090142 0.071581
-0.074551 0.081375 0.048679
0.086994 -0.045615 0.169442
-0.015585 -0.117667 0.140978
-0.059163 0.087033 0.165204
0.044761 -0.117289 0.130799
0.058824 -0.114611 0.101126
0.02907 -0.001626 0.229155
0.080967 -0.100161 0.118839
0.075445 -0.093343 0.055756
0.081735 0.100162 0.105572
0.114007 0.037297 0.137304
0.018802 0.110553 0.140379
0.078008 -0.096962 0.077979
0.021491 -0.131128 0.136639
-0.068773 -0.072986 0.033208
0.028023 -0.116811 0.146254
0.053644 -0.114551 0.077036
0.094091 0.070485 0.140379
0.081193 0.09918 0.11932
0.019239 -0.1182 0.145584
0.099366 0.078409 0.126003
0.049739 0.117723 0.123289
0.121692 0.018962 0.155901
-0.021658 0.069813 -0.010786
0.083507 -0.094776 0.07446
-0.031257 -0.114603 0.067609
-0.013733 0.034134 0.224075
-0.04099 -0.114855 0.094105
0.079761 -0.098345 0.076855
0.105468 0.075382 0.12882
0.000561 0.116598 0.050033
0.082651 0.094254 0.122254
0.081628 -0.100937 0.105572
-0.055907 0.042168 0.204445
-0.030414 -0.117831 0.126504
0.124648 0.012426 0.056631
0.122234 0.012818 0.12767
0.077675 0.098084 0.080251
0.076848 0.09753 0.079751
0.048043 0.114916 0.067824
0.121468 0.028679 0.049268
0.048856 0.063642 -0.014076
0.08678 0.09556 0.12461
0.053328 0.115486 0.077973
-0.023523 0.132298 0.077414
0.128801 0.016471 0.135209
0.001862 0.119157 0.145388
0.079093 0.099532 0.077825
0.125599 -0.024732 0.13283
-0.036413 -0.09631 0.033208
0.087522 0.093891 0.123801
0.04402 0.106225 0.03869
-0.112596 -0.030594 0.094052
0.123349 0.02838 0.056106
0.122195 -0.021766 0.057767
0.004098 -0.130784 0.138783
0.125405 0.019582 0.146254
0.071661 0.064963 0.169442
0.082121 -0.097312 0.120776
0.120319 0.043652 0.131291
0.08019 -0.094602 0.075634
0.084435 0.095365 0.122416
0.038449 -0.027477 0.224075
0.080961 -0.097053 0.119971
-0.002279 0.118196 0.145937
0.01542 -0.132176 0.135982
0.039246 0.132206 0.074883
0.116895 -0.056319 0.131777
0.027767 -0.117996 0.142902
-0.033296 -0.116737 0.123739
0.079394 -0.097644 0.117436
0.101604 -0.076589 0.066666
-0.0419 -0.077094 0.19043
0.079835 0.09975 0.075608
0.01564 -0.1319 0.060053
-0.050301 -0.009739 0.215763
0.125159 -0.024638 0.132721
0.118331 0.049827 0.130789
0.0492 7.7e-05 0.224075
0.038268 0.117545 0.13736
-0.031741 0.115045 0.069238
-0.032372 0.071126 -0.004555
0.080693 0.098135 0.105572
-0.035602 0.069561 -0.003849
0.112738 -0.056325 0.146254
-0.025188 0.130937 0.076312
0.019452 -0.117758 0.071581
0.11845 0.020924 0.137304
0.011269 -0.118488 0.146332
0.054894 -0.098482 0.034066
-0.103142 0.034637 0.063613
0.024876 -0.107707 0.034066
-0.09056 -0.045405 0.034066
-0.039546 0.10965 0.060141
0.12945 -0.009907 0.136779
0.029096 0.116613 0.054347
0.001544 -0.118916 0.079622
0.066534 0.094572 0.140379
0.056543 -0.114679 0.085385
0.053991 0.10869 0.107878
0.087419 0.089584 0.073209
-0.008305 0.066508 0.210462
0.05818 0.115161 0.101647
0.012862 0.11686 0.049958
0.029766 -0.118978 0.140752
-0.097424 0.007842 0.033208
0.057832 0.114429 0.088489
0.035382 0.107702 0.140379
0.111658 -0.060023 0.062523
0.10128 0.077485 0.065016
0.0214 0.131586 0.136371
0.041423 -0.117348 0.134444
0.055175 -0.060364 0.128999
-4.2e-05 -0.118438 0.145667
0.047616 0.047775 -0.027191
0.01124 -0.119033 0.145764
0.047624 0.132054 0.101473
0.079457 0.097875 0.116567
0.074052 0.010634 -0.024029
-0.110288 -0.00917 0.097814
0.102811 0.069819 0.066748
0.056436 0.016821 -0.031508
0.047993 -0.052658 -0.024467
-0.086128 0.065201 0.055756
0.012356 -0.116968 0.050236
0.013113 0.118425 0.146533
0.081054 0.098765 0.119186
0.106324 0.052372 0.140379
0.058324 -0.090289 0.073708
0.043428 -0.055228 -0.024716
0.013442 0.059505 0.215763
0.026579 -0.056107 -0.024235
-0.039716 0.115753 0.109384
0.060549 0.101906 0.12767
0.021727 0.038555 0.224075
0.078787 0.099257 0.081388
-0.01158 0.088501 0.169442
0.013468 0.116645 0.04966
-0.071733 0.087804 0.079622
0.026085 0.119257 0.142329
0.051581 -0.114907 0.073825
0.097277 -0.066909 0.140379
0.015765 0.131586 0.137844
0.003455 0.020068 0.229155
0.125331 -0.015915 0.05376
-0.107998 7.7e-05 0.049268
-0.102819 0.002886 0.140379
-0.021231 0.117548 0.137396
0.127751 -0.023145 0.136267
0.121593 -0.035203 0.055664
-0.037867 -0.099438 0.040518
-0.102996 -0.009545 0.03869
0.126259 0.029893 0.136329
-0.031199 -0.030836 0.220311
-0.043927 -0.096833 0.165204
0.07875 -0.100002 0.08031
-0.031347 0.115559 0.069572
-0.103306 -0.048974 0.071272
-0.059076 -0.103383 0.126194
0.063385 -0.026772 -0.02813
-0.092495 0.049034 0.137304
-0.041423 0.102969 0.043576
0.058025 0.115008 0.094105
-0.006167 -0.108687 0.040518
0.026597 -0.109867 0.140379
0.125258 0.031648 0.133134
0.108527 0.06669 0.062361
0.006172 -0.108916 0.034066
0.052679 0.105565 0.12767
0.011913 -0.075156 -0.014076
0.120648 0.039651 0.087701
0.126175 -0.006758 0.054641
0.078687 0.100078 0.079669
-0.028372 -0.114964 0.064865
-0.059235 -0.103626 0.082596
0.042895 -0.11824 0.131557
-0.032737 -0.115297 0.071469
0.087907 -0.094428 0.124919
0.081219 -0.101777 0.105572
0.116786 0.029261 0.048046
0.058161 -0.008207 0.220311
-0.096617 -0.051399 0.063613
0.021567 0.130937 0.060362
0.080821 -0.099926 0.117724
0.080654 -0.098963 0.117933
0.078992 -0.030836 0.204445
0.068206 0.097802 0.055756
-0.035022 0.114621 0.073519
0.02369 0.014044 0.229155
0.126068 -0.000299 0.055363
0.058367 -0.001517 -0.031991
-0.037858 0.116874 0.112922
-0.023177 -0.132176 0.077643
-0.038608 0.100679 0.140379
0.025782 0.011356 0.229155
0.109067 0.069883 0.129312
0.079404 -0.097704 0.116904
0.055977 -0.114944 0.08425
0.069198 -0.099776 0.063613
-0.047871 -0.100352 0.055756
0.061582 0.029315 -0.028468
0.050322 -0.049606 0.061827
-0.078441 -0.027304 0.169442
0.050177 -0.114461 0.07007
0.032304 0.118184 0.140368
-0.031519 -0.104446 0.03869
0.129648 0.00331 0.135076
0.057645 -0.114484 0.089045
0.028194 0.11798 0.143082
0.053287 0.116207 0.119981
0.008518 0.118281 0.147065
-0.050083 -0.098141 0.043576
-0.028274 0.130937 0.115245
-0.059776 -0.005582 0.210462
-0.106409 -0.019101 0.049268
-0.047927 0.053502 -0.005482
0.035785 -0.112958 0.048679
0.010397 0.111031 0.140379
-0.07605 0.091942 0.115919
-0.012297 -0.116001 0.053748
0.001981 0.110872 0.140379
0.080737 -0.098591 0.075086
-0.032357 0.116688 0.126193
0.078315 -0.098493 0.079375
0.097123 0.077602 0.107878
-0.019035 0.030008 0.224075
-0.022369 -0.11733 0.136551
-0.072552 0.074707 0.165204
0.058155 0.051044 -0.019321
0.060203 0.032632 -0.02813
0.078506 0.099202 0.080056
-0.097424 -0.008194 0.033208
-0.039255 0.115396 0.086172
0.062888 -0.001614 -0.031617
0.114372 -0.033355 0.140379
-0.040064 0.10381 0.12767
0.078036 -0.098117 0.079439
0.081373 -0.100092 0.120264
0.057585 -0.11543 0.094434
0.061021 -0.097272 0.080059
0.057227 0.114235 0.084641
0.113942 -0.028843 0.040518
-0.028109 0.047135 0.215763
0.096548 -0.080961 0.060141
0.081156 -0.100625 0.122334
0.052781 0.100987 0.165204
0.059622 -0.042286 -0.024029
-0.031265 -0.105403 0.048046
0.115739 0.045699 0.061
-0.08239 -0.073704 0.063613
0.077346 -0.097707 0.080663
0.129871 0.003323 0.135967
-0.01806 0.117711 0.13954
0.039431 -0.070398 0.204445
0.117899 0.04707 0.057969
0.102856 0.060137 0.137304
-0.036609 0.114704 0.077036
0.066939 -0.096082 0.048046
-0.027607 -0.131433 0.115546
0.015525 -0.007536 0.230436
0.047176 -0.117299 0.127597
-0.039519 0.114247 0.082597
0.079021 0.09753 0.117836
0.096662 -0.063966 0.034066
0.018802 -0.110906 0.140379
-0.003331 0.116963 0.051461
-0.09476 0.050139 0.12767
-0.070396 -0.085647 0.049268
-0.032119 0.107324 0.055756
-0.01901 0.042211 0.220311
-0.02908 0.132329 0.093078
0.04836 0.037831 0.059708
0.067337 -0.108612 0.126194
0.026655 -0.108612 0.165204
0.026084 0.132298 0.132778
0.02676 -0.131433 0.134093
0.123777 0.015041 0.048679
0.10424 0.070853 0.06645
0.012636 -0.064913 -0.020559
-0.04151 -0.107273 0.071581
0.081304 -0.093439 0.146254
0.045899 -0.113005 0.079622
0.079034 0.097683 0.116502
0.010502 0.116549 0.063613
0.112683 -0.064211 0.130649
0.018333 -0.058742 0.215763
0.024714 0.118689 0.143385
0.059446 -0.09548 0.121132
0.121209 -0.034761 0.058122
-0.016066 -0.115652 0.05517
-0.077561 -0.081289 0.071581
-0.057542 -0.099211 0.097814
0.077046 7.7e-05 0.210462
0.010221 -0.020475 0.229155
-0.103443 -0.025997 0.12767
0.056333 0.116481 0.108164
0.039763 0.115529 0.059856
-0.041242 0.113517 0.082596
0.114934 0.057998 0.129995
-0.104247 -0.028479 0.048679
-0.016271 -0.118827 0.138869
0.123438 0.025302 0.05698
0.009122 -0.068181 -0.019095
0.028498 -0.117657 0.087701
0.095474 -0.067604 0.165204
0.055029 -0.059153 -0.014076
0.036568 0.130937 0.127706
0.058045 -0.006947 -0.03191
0.045518 0.040739 -0.028827
0.036209 0.131586 0.127333
0.014873 0.008241 0.230436
0.062482 -0.106033 0.097814
-0.084762 0.06062 0.140379
-0.017003 -0.131433 0.129278
0.015525 0.007689 0.230436
-0.082405 0.083777 0.126194
-0.047883 -0.019286 0.215763
-0.03161 0.006773 0.224075
-0.108644 0.040298 0.082596
-0.006005 0.118482 0.144246
0.088728 -0.082149 0.055756
-0.063997 -0.045916 0.001202
-0.099142 -0.038526 0.043576
0.013371 0.117746 0.050827
-0.012206 0.116159 0.053709
-0.090907 0.050023 0.140379
-0.03068 0.063103 -0.009775
-0.072636 -0.006131 0.000568
-0.03993 0.116239 0.105245
-0.047883 0.019439 0.215763
0.101385 0.070024 0.048679
0.036126 0.116205 0.058077
-0.033931 0.114558 0.071272
0.119063 -0.009356 0.140379
0.117598 -0.047236 0.05936
0.054208 0.114487 0.077525
-0.027863 0.131281 0.115666
0.08118 0.098361 0.07471
-0.098366 -0.024824 0.040518
0.066326 -0.014562 0.215763
-0.006959 0.131845 0.135031
-0.028109 0.067757 0.204445
-0.035745 0.024031 0.220311
0.123532 0.018714 0.057243
0.091457 -0.088269 0.124132
0.126275 -0.000303 0.05327
0.080408 -0.101474 0.118959
0.076199 0.036704 0.204445
0.002859 -0.068218 0.210462
-0.036377 0.117176 0.116585
-0.059816 -0.104516 0.094052
-0.000957 -0.00408 0.230436
-0.106388 -0.000176 0.12767
-0.015754 -0.018815 0.22703
0.078501 0.09911 0.079514
0.105413 0.07559 0.130212
-0.027523 0.117688 0.13059
0.10823 0.066071 0.128159
0.124978 0.012471 0.056355
0.080821 0.098401 0.075344
0.026269 -0.132052 0.064084
0.028166 0.088501 0.169442
0.079197 0.097683 0.093546
-0.099009 -0.033698 0.048046
0.049514 0.052283 -0.024029
0.03294 0.115963 0.055491
0.059701 -0.011893 -0.031754
0.104365 0.024348 0.182528
0.04635 0.110279 0.049268
-0.013023 -0.109759 0.03869
0.120935 -0.034643 0.058441
-0.006666 0.132206 0.134342
0.02568 0.113153 0.043576
0.025116 -0.117262 0.053337
0.03279 0.095924 0.182528
0.104956 -0.070913 0.065823
0.119592 0.05057 0.132523
0.02627 0.132206 0.133139
-0.040313 0.115392 0.109573
0.076548 -0.096588 0.078025
0.030871 -0.132145 0.129856
-0.036252 -0.116053 0.119981
0.004679 0.117121 0.050236
-0.032119 -0.107676 0.055756
0.059803 -0.096147 0.120305
0.098228 -0.067622 0.048046
0.088068 -0.092323 0.071141
0.117868 0.038071 0.059759
0.051306 -0.117361 0.120723
-0.104404 -0.035384 0.107878
0.03063 0.132329 0.129519
0.066031 -0.012824 -0.029559
-0.031234 0.131281 0.092761
0.027875 -0.115917 0.052788
-0.05707 -0.098502 0.107878
0.080529 0.101933 0.093395
0.095935 -0.083646 0.125103
0.108653 0.069488 0.128565
-0.03678 -0.116947 0.115668
-0.101297 -0.009023 0.165205
0.043938 0.039591 -0.028575
0.054809 0.115412 0.08143
0.039405 0.117483 0.136551
0.091491 0.088389 0.124139
0.078984 0.097671 0.116793
0.028498 0.117304 0.087701
0.095919 0.083816 0.1251
0.077663 -0.097911 0.080114
-0.062522 -0.046336 0.197752
0.08059 0.097993 0.119031
0.045755 -0.115909 0.066758
0.120018 0.04098 0.056925
0.11654 0.056275 0.130934
0.077329 -0.095958 0.107878
0.102034 0.032181 0.182528
0.128418 -0.016397 0.134361
0.126412 -0.022733 0.133131
-0.006345 0.132329 0.063636
-0.014696 -0.109002 0.140379
0.078179 -0.101499 0.078547
0.026846 -0.118226 0.142916
0.035183 0.132298 0.070954
0.057307 0.012432 0.220311
0.124444 0.009683 0.048679
0.078935 -0.100577 0.076343
0.006815 0.010282 0.230436
0.048308 0.131586 0.101524
0.068787 -0.032539 0.210462
0.083602 -0.094841 0.122109
0.078286 -0.097024 0.118537
-0.012536 0.130937 0.064114
-0.0481 0.07282 0.19043
0.080861 0.098458 0.099467
0.076448 0.097547 0.08072
-0.013733 0.064892 0.210462
0.03917 0.002617 0.22703
0.125868 0.031993 0.135709
-0.023177 -0.132176 0.11958
-0.017878 0.117869 0.139236
-0.071153 -0.087519 0.107878
-0.038209 0.106603 0.048679
0.055706 0.077317 0.069076
0.059518 -0.100243 0.048046
0.080289 -0.09806 0.118333
0.047624 -0.1319 0.101473
-0.02182 -0.004986 0.22703
-0.015443 0.112189 0.055756
0.072141 0.097459 0.048679
0.123134 -0.02868 0.056581
0.114015 0.027163 0.034066
0.097886 -0.066029 0.140379
0.04746 0.131586 0.107286
0.084775 0.097444 0.124042
0.023134 -0.118122 0.144566
0.079276 -0.089779 0.043576
0.068787 0.032692 0.210462
0.078526 0.09906 0.079286
0.128138 -0.016347 0.133997
-0.008746 -0.011203 0.229155
-0.008746 0.011356 0.229155
0.057865 0.114663 0.090342
0.006494 -0.119035 0.145797
0.008518 0.077033 0.204445
0.080067 -0.101711 0.120335
0.042576 -0.09913 0.1741
0.083868 0.096314 0.072045
0.083438 0.097811 0.122184
0.041658 -0.132176 0.080012
0.071638 -0.091532 0.140379
-0.107585 -0.026954 0.079622
0.045774 -0.016265 0.224075
0.125888 -0.009649 0.05347
0.080121 0.098391 0.117432
0.077973 0.098138 0.081576
0.026264 0.10431 0.033208
-0.109502 0.019771 0.060141
0.079872 -0.101936 0.119722
0.035983 0.131845 0.127099
0.064769 -0.006729 -0.030815
0.058684 0.09321 0.122781
0.038597 -0.132176 0.075385
0.03639 -0.115601 0.057505
-0.065367 -0.081158 0.040518
0.013501 0.116491 0.049285
0.113105 0.056007 0.097814
-0.004222 0.117563 0.052192
-0.014888 0.109562 0.137304
0.043761 0.130937 0.118391
0.048235 0.090622 0.182528
0.085108 -0.091332 0.087701
0.065991 -0.062355 0.197752
0.047368 -0.113092 0.060141
0.127096 0.003234 0.133403
-0.08373 0.049999 0.1741
0.077699 0.097941 0.079476
-0.011496 0.132298 0.065818
-0.10543 0.009909 0.043577
0.077523 0.102579 0.080237
0.050609 0.064502 0.204445
0.078344 -0.098667 0.080444
0.123236 -0.028749 0.056164
-0.027863 0.131281 0.081557
0.03279 -0.018815 0.22703
0.017617 0.005001 0.230436
-0.003963 -0.115492 0.048679
0.081529 0.09925 0.105572
-0.021196 0.131586 0.125235
0.116733 0.056422 0.131334
0.009936 -0.132052 0.137409
0.050607 -0.049387 -0.025241
-0.060022 0.087594 0.140379
0.04912 -0.115637 0.070896
0.092694 0.090295 0.127324
-0.105228 -0.035641 0.079622
0.00419 0.131845 0.137945
0.087937 0.094697 0.125285
0.004361 0.132329 0.060836
0.015496 0.132298 0.060833
0.122281 0.030753 0.071581
0.080808 0.099697 0.116777
0.078554 -0.099086 0.080387
0.08172 -0.100477 0.105572
-0.110639 -0.000176 0.079622
0.087432 -0.085647 0.049268
0.079462 0.099196 0.077153
-0.033553 0.111139 0.097814
0.079621 0.097581 0.118423
0.038925 -0.132145 0.122091
0.079965 -0.091719 0.048679
0.084964 0.07796 0.040518
0.083614 -0.096293 0.072917
0.060639 0.056695 0.204445
-0.01542 -0.117825 0.140662
0.076399 0.097519 0.080422
0.055722 0.066069 0.128139
0.120342 0.004892 0.03869
0.064561 0.019985 -0.029198
-0.041811 0.114816 0.105572
0.070333 -0.101632 0.097814
0.07869 -0.100826 0.07605
0.078776 0.097875 0.087548
0.12702 0.01617 0.133256
-0.067389 0.012743 0.204445
0.086194 0.079214 0.140379
0.068351 -0.091054 0.034066
0.041134 0.049999 0.215763
0.078638 0.099555 0.079425
-0.067786 0.049529 0.169442
0.080717 0.099048 0.118257
0.091856 0.085094 0.071545
-0.062337 -0.090735 0.055756
0.126014 -0.024825 0.133012
-0.040423 0.06057 -0.006944
0.025253 -0.116636 0.052862
0.061918 -0.012235 -0.031376
-0.038286 -0.106625 0.049268
-0.041354 0.114877 0.096564
-0.069416 0.032821 0.000733
0.119865 -0.034266 0.059074
0.001981 -0.111224 0.140379
-0.104123 -0.000176 0.048046
-0.050911 -0.004848 0.215763
0.025327 -0.061868 -0.023226
-0.004149 0.016351 0.229155
0.127957 0.021878 0.136329
0.119605 -0.050464 0.133914
-0.004396 0.116678 0.0514
-0.103053 0.034609 0.117846
0.079839 -0.098719 0.076626
0.081174 -0.019735 -0.014076
-0.11592 0.010388 0.115919
0.013035 0.119176 0.145632
0.002163 -0.076616 0.204445
0.039578 0.115734 0.06012
-0.022378 -0.115827 0.06036
0.044506 0.045466 -0.028129
-0.013619 0.103555 0.033208
-0.006666 -0.132052 0.134342
0.043118 0.115145 0.062187
0.033251 -0.051201 -0.025903
0.036263 -0.111563 0.055756
0.046638 -0.051701 -0.025623
0.083885 0.096297 0.072136
0.01042 0.11222 0.048046
-0.072131 0.022891 0.000861
0.127118 0.018577 0.133343
-0.000622 -0.118067 0.146254
0.11528 -0.05528 0.129888
0.115109 -0.045958 0.061112
0.02788 -0.056325 0.215763
0.081106 -0.099592 0.119098
0.080626 -0.099078 0.11708
0.048856 -0.063489 -0.014076
-0.001793 -0.000778 0.230436
0.06991 -0.10094 0.071581
0.078115 0.097584 0.078369
0.041546 -0.118039 0.133169
0.061822 -0.022319 -0.030089
0.080495 -0.097311 0.076159
0.127431 -0.025236 0.13523
-0.079026 0.070624 0.048046
-0.078845 -0.017686 0.005692
0.015496 -0.132145 0.13639
0.11946 0.050462 0.132089
-0.006856 -0.113852 0.12767
-0.021582 -0.130784 0.12558
-0.068773 0.072633 0.033208
0.11305 0.008738 0.1741
-0.000957 0.004233 0.230436
0.07787 0.101981 0.078406
0.076812 -0.104455 0.115918
0.035095 -0.117558 0.13954
0.057493 0.115958 0.101529
-0.057434 0.049462 -0.002166
-0.093583 0.059502 0.107878
0.021053 0.132206 0.135355
0.084774 -0.09712 0.123682
-0.007281 -0.076486 -0.009982
0.031412 0.065222 -0.021351
0.064919 -0.019286 0.215763
-0.096886 -0.027761 0.034066
0.022958 -0.11858 0.143955
-0.02735 0.117972 0.130404
-0.060999 -0.042873 -0.001881
0.052391 -0.080994 0.19043
0.044401 -0.132145 0.112335
0.123055 0.00417 0.055756
0.056523 0.116182 0.108234
0.023157 0.027127 0.22703
0.078694 -0.099867 0.079358
-0.076501 -0.080288 0.117846
0.045782 -0.131433 0.112864
0.095871 0.065502 0.040518
0.077606 0.097404 0.078632
0.124164 0.038343 0.13473
0.034748 -0.117921 0.138951
0.048824 -0.130784 0.101561
0.098966 -0.075036 0.068375
-0.095425 -0.047638 0.043576
0.112626 0.032424 0.034066
0.079422 -0.097412 0.105572
0.100383 0.007689 0.19043
0.10946 -0.0411 0.034066
0.047736 0.131281 0.107348
0.090653 0.071937 0.040518
-0.031896 0.130937 0.098611
0.117684 -0.004319 0.040518
-0.028075 -0.130784 0.115765
-0.114933 0.010306 0.082597
-0.009707 0.11863 0.142634
0.053996 0.116796 0.115768
0.107725 0.034134 0.1741
0.125033 7.7e-05 0.049268
-0.028875 -0.11687 0.13054
0.086707 -0.092667 0.123157
0.117637 -0.040182 0.060067
-0.05505 -0.091531 0.140379
0.042908 0.103677 0.040518
0.127128 -0.004676 0.097814
0.026997 -0.130784 0.134553
-0.029452 0.115035 0.06602
-0.053144 -0.048938 -0.004183
0.023157 -0.057731 0.215763
0.080857 0.10063 0.116784
-0.056338 0.097048 0.063613
-0.006877 -0.114015 0.055756
-0.021164 0.065971 -0.012143
0.118689 0.050008 0.131028
0.092487 -0.089522 0.125089
0.001668 0.116382 0.063613
0.114138 0.05188 0.06194
-0.097842 0.051644 0.071581
-0.007303 0.116858 0.107878
0.037121 0.113027 0.049268
0.012674 0.009552 0.230436
-0.047884 0.104297 0.146254
0.058175 -0.09762 0.040518
0.090499 -0.085027 0.071741
0.036223 -0.111403 0.12767
0.059413 0.095147 0.07602
0.122234 -0.01317 0.12767
0.120252 0.024497 0.043576
-0.09056 0.045558 0.034066
0.056077 0.003022 -0.03161
0.128809 0.003281 0.133992
0.063339 -0.051405 -0.014076
0.028066 -0.115141 0.117846
0.120975 -0.028003 0.058391
0.032033 0.130937 0.13148
-0.053283 0.092452 0.140379
0.09208 0.089061 0.124478
0.060246 0.007962 -0.03189
-0.020686 -0.1319 0.124778
0.079496 0.09846 0.087424
0.036071 0.030008 0.224075
-0.029376 -0.131692 0.110012
0.018333 -0.01806 0.229155
0.03752 -0.062727 -0.021403
0.108707 -0.06623 0.06228
0.014615 -0.117569 0.050998
0.126339 -0.029761 0.135848
-0.041063 0.115164 0.104561
-0.064345 0.092957 0.071581
0.091291 -0.054002 0.182528
0.077176 0.097683 0.081761
0.055792 -0.115236 0.084307
0.07993 0.099459 0.075929
-0.103142 -0.03499 0.063613
0.077585 -0.101964 0.077822
0.121981 0.044602 0.134583
0.084978 0.097387 0.124961
0.046046 0.131281 0.084258
-0.097874 -0.033344 0.140379
0.078914 -0.096959 0.118841
-0.038425 0.114428 0.080404
0.053905 -0.114351 0.076901
-0.030228 0.102292 0.040518
0.10953 0.064111 0.063507
0.080697 0.09776 0.07589
0.074949 0.101757 0.136329
-0.011433 -0.118708 0.141628
0.077659 0.098048 0.080011
-0.030632 0.131846 0.09285
0.081459 -0.094858 0.121717
-0.007824 -0.047526 0.220311
0.086164 -0.095452 0.123787
-0.008081 0.117415 0.053337
-0.007824 0.047679 0.220311
0.078004 -0.098235 0.080053
0.004316 -0.132145 0.060424
-0.011354 -0.119032 0.141424
-0.08373 -0.060192 0.165204
0.032055 0.118722 0.139867
-0.081271 -0.066004 0.140379
-0.016032 -0.075394 -0.008097
0.077201 -0.097023 0.078589
0.018829 -0.000778 0.230436
0.026447 0.132054 0.063739
0.01613 0.091942 0.19043
0.124854 -0.000294 0.056552
0.114007 -0.037649 0.137304
-0.032025 0.003436 0.224075
0.048645 0.006773 0.224075
-0.02554 0.022328 0.224075
0.081314 0.09925 0.11118
0.088454 0.09093 0.072483
-0.096166 -0.041718 0.048046
-0.023177 0.132329 0.077643
0.059635 0.095986 0.120694
0.029085 0.062209 -0.02334
0.108672 -0.065868 0.063571
-0.021965 -0.107176 0.140379
0.003455 -0.019915 0.229155
0.010443 -0.119363 0.14558
0.012427 -0.11635 0.049194
-0.093163 -0.066355 0.136329
0.118429 -0.040476 0.05984
0.084692 -0.096646 0.123053
0.097295 0.08553 0.127357
0.082337 -0.093267 0.074846
-0.067389 -0.097448 0.126194
0.108414 0.066738 0.061927
0.078986 0.100172 0.081342
0.042374 0.132206 0.117612
0.124455 -0.000293 0.056715
-0.093583 -0.059854 0.107878
-0.039161 0.114832 0.084183
-0.08768 0.056044 0.140379
0.093507 -0.086797 0.069106
-0.018425 -0.118409 0.13784
-0.024788 0.113207 0.071581
0.099401 -0.074485 0.068197
0.081921 -0.097574 0.074176
0.059741 -0.095748 0.076771
-0.041224 0.115103 0.100729
0.121592 -0.034969 0.057368
0.078165 -0.10175 0.07994
0.036 0.116492 0.058304
0.04655 -0.02327 0.057937
0.117187 0.04637 0.060315
0.121937 -0.014649 0.043576
0.078656 0.027498 -0.014076
-0.007309 -0.117252 0.071581
-0.099541 -0.013574 0.034066
-0.000451 -0.11663 0.050553
-0.009628 0.130937 0.062619
0.081773 0.097191 0.120568
0.097437 0.08206 0.068391
-0.024776 -0.113519 0.107878
-0.02438 0.111808 0.117846
0.07801 -0.102444 0.082598
0.072246 0.09762 0.049268
0.082445 -0.098038 0.121109
-0.021413 0.02763 0.224075
-0.015436 0.054686 0.215763
0.014873 -0.008088 0.230436
0.00995 0.132054 0.059427
0.037899 -0.117996 0.136467
-0.025325 -0.11588 0.063109
0.080915 0.102287 0.105572
0.00159 -0.118096 0.071581
0.082192 0.097913 0.120799
-0.041605 0.114346 0.091827
0.038685 0.118381 0.135553
0.112354 0.055604 0.107878
0.119746 -0.02809 0.155901
0.106042 -0.016197 0.182528
0.109133 0.070228 0.131134
0.050332 0.11689 0.123739
0.120552 -0.027908 0.058415
0.085067 0.097286 0.124593
0.036405 -0.131128 0.127537
0.11704 0.037332 0.155901
-0.054238 0.027604 0.210462
0.006502 -0.119362 0.145577
0.078633 -0.099478 0.079851
-0.032321 0.117479 0.124239
-0.013619 -0.103908 0.033208
-0.015856 0.115965 0.055465
0.058616 0.092891 0.122921
0.073333 -0.09913 0.146254
0.080446 0.098697 0.117899
0.000353 -0.006278 0.230436
0.087584 -0.091099 0.073011
-0.029014 0.099064 0.033208
-0.070409 -0.045615 0.169442
-0.008524 0.116173 0.051889
0.126347 -0.000301 0.054551
0.080881 0.098925 0.073632
0.125583 0.024966 0.132825
-0.068652 0.050495 0.19043
0.117054 -0.048271 0.097814
-0.029253 -0.109945 0.048679
-0.070263 0.086188 0.063613
-0.002135 0.118559 0.145256
0.05546 -0.114274 0.080404
0.06309 -0.017469 -0.030401
0.046833 -0.132145 0.095807
-0.039458 0.115991 0.109297
0.077647 0.102598 0.080867
-0.011279 0.132329 0.066172
-0.028511 -0.08434 0.19043
-0.10622 -0.01907 0.048679
0.021184 -0.016197 0.229155
0.122006 0.044468 0.133207
-0.068175 0.098612 0.115919
-0.096557 -0.046013 0.155901
0.037686 -0.115371 0.057936
0.086735 0.095396 0.124283
0.056674 -0.039853 -0.027058
-0.041493 -0.107235 0.107878
0.014177 0.068371 0.210462
0.078866 -0.096995 0.118744
0.086658 0.095203 0.123979
0.093441 -0.086897 0.068656
0.026447 -0.1319 0.133483
0.030871 -0.132145 0.067366
0.036816 0.050928 -0.026637
0.097638 0.082119 0.066507
0.11099 -0.055379 0.049268
0.121667 0.044257 0.132369
0.079718 -0.099705 0.075753
0.052526 -0.116281 0.12069
-0.056287 -0.097323 0.117846
0.122783 0.004997 0.043576
0.084211 0.095058 0.122321
0.032601 0.108289 0.140379
-0.003288 0.130937 0.137171
0.007663 -0.010235 0.230436
0.065887 -0.037405 0.210462
0.079015 -0.097383 0.117803
0.059306 0.023365 -0.030728
-0.09066 0.057789 0.12767
0.015214 0.019582 0.229155
0.072943 -0.042014 0.204445
-0.04929 0.106896 0.136329
0.122954 -0.022139 0.063613
0.08208 0.093151 0.074774
-0.049849 0.09205 0.034066
0.054328 -0.115998 0.117076
0.035733 -0.1319 0.126839
0.1138 0.05735 0.129509
-0.041404 -0.032539 0.215763
-0.028271 -0.132145 0.087543
0.028646 -0.066757 -0.020582
0.101581 -0.080418 0.128337
-0.043555 0.092302 0.033208
0.084923 0.095285 0.071271
-0.102837 0.016779 0.048046
0.010463 -0.114836 0.12767
-0.015518 -0.116555 0.056301
0.074778 0.025982 -0.019321
0.123933 0.025513 0.055806
0.0934 0.031688 0.169442
-0.001829 7.7e-05 0.230436
0.079955 -0.100944 0.086628
-0.086967 -0.052418 0.034066
0.079793 -0.097964 0.116949
-0.025188 -0.130784 0.120911
0.127666 -0.009693 0.133452
0.054306 -0.030138 -0.030411
-0.07605 -0.006931 0.197752
0.065957 0.013378 -0.02954
-0.002075 0.118811 0.144959
0.118044 -0.040327 0.059986
0.078525 -0.098908 0.079291
0.080388 -0.094047 0.075317
-0.067349 -0.083337 0.048046
-0.004259 -0.117409 0.052202
0.050033 -0.116598 0.124755
-0.041404 0.032692 0.215763
0.121769 -0.021692 0.057795
-0.047871 0.099999 0.055756
-0.003189 0.108464 0.034066
0.002547 0.119488 0.145232
0.122581 0.02805 0.0576
0.114587 0.057787 0.12976
0.02369 -0.013891 0.229155
0.052471 -0.11617 0.121477
-0.006818 0.132054 0.134699
0.07813 0.098462 0.080752
0.038925 -0.132145 0.075131
-0.049735 0.056382 -0.004025
2e-05 -0.130784 0.13803
0.015858 -0.130784 0.138353
-0.040668 0.115668 0.096538
0.079358 0.097257 0.118791
0.126068 -0.006742 0.055058
0.127216 -0.025141 0.134339
0.067475 -0.108867 0.082596
-0.082027 -0.03964 0.182528
-0.099925 0.016334 0.040518
-0.078873 0.060177 0.033208
0.052391 0.081147 0.19043
0.080693 -0.101378 0.092724
0.055039 0.115918 0.116279
-0.038156 0.114628 0.080514
0.109708 0.064643 0.061828
-0.087691 0.066283 0.063613
0.021457 0.068536 -0.020124
0.04032 -0.131128 0.123168
0.081425 -0.099308 0.119813
-0.016435 -0.087624 0.169442
-0.045561 -0.082697 0.182528
0.085211 -0.006278 0.204445
0.066805 0.095511 0.137304
-0.025569 -0.077634 0.197752
-0.057094 -0.098536 0.071581
0.016802 0.049719 0.220311
0.027705 -0.05793 -0.024347
0.02556 -0.11602 0.051889
0.129796 0.003317 0.135512
0.112391 -0.055976 0.071581
0.013975 0.062266 -0.021084
-0.098765 0.03327 0.137304
-0.109854 -0.029899 0.071272
0.095235 -0.083001 0.125068
0.001593 -0.118055 0.107878
0.031233 -0.055482 -0.025233
0.078034 -0.097332 0.117113
0.032621 0.11782 0.140978
0.080256 0.101776 0.119695
0.058936 -0.046336 0.210462
0.125224 -0.000295 0.056329
-0.03788 0.098674 0.034066
0.128421 -0.003227 0.133739
0.08098 0.099699 0.093344
-0.041515 0.114903 0.100764
0.082548 0.075497 0.033208
-0.005449 0.083777 0.197752
0.117063 0.047923 0.079622
0.121127 -0.043701 0.131718
0.053031 -0.115351 0.077364
0.010591 0.118281 0.147063
-0.039167 0.100393 0.140379
-0.029892 -0.132052 0.104264
-0.03153 0.115285 0.069415
0.119553 0.040506 0.058958
-0.108467 0.017638 0.071581
-0.013733 -0.064739 0.210462
0.11973 0.012532 0.137304
-0.096712 -0.056871 0.060141
0.085688 -0.070964 0.1741
0.126102 -0.006789 0.05336
0.124862 -0.004591 0.117846
0.047142 0.131845 0.090007
0.118701 0.020972 0.048046
0.02304 -0.118329 0.144245
-0.039714 -0.115758 0.108311
0.083283 -0.095236 0.074443
0.046419 -0.132176 0.101385
0.081265 0.099601 0.119487
0.080856 0.099483 0.118352
0.078483 0.101174 0.078337
0.080915 -0.102134 0.105572
0.084371 0.049529 0.169442
0.117206 0.018213 0.165204
-0.025201 -0.117988 0.132537
-0.093429 0.040276 0.040518
0.032615 -0.116268 0.056037
-0.109549 -0.018155 0.087701
0.026742 -0.118477 0.142634
-0.070396 0.0858 0.049268
0.10673 -0.064294 0.065218
0.032891 -0.115812 0.055465
0.017993 -0.00408 0.230436
-0.030693 -0.1319 0.098611
-0.109278 -0.018114 0.079622
-0.01647 0.032181 0.224075
0.045461 -0.006924 0.056945
0.114792 0.05226 0.061481
-0.001094 0.132329 0.061844
0.008289 -0.116522 0.049426
-0.027869 -0.118076 0.129533
-0.034546 0.11506 0.073825
-0.108026 -0.008999 0.117846
0.097679 -0.057188 0.033208
0.017528 -0.118067 0.146254
-0.061629 0.039506 -0.00207
-0.114643 0.020629 0.115919
-0.083348 -0.084491 0.115919
0.053985 0.105022 0.043576
-0.077421 0.013924 0.003381
0.025177 -0.116931 0.053121
-0.07867 0.003611 0.003677
0.087357 -0.093504 0.123595
0.010551 0.118896 0.146062
0.116274 0.047574 0.107878
0.001593 0.117702 0.107878
-0.064714 -0.084004 0.140379
0.035159 0.130937 0.128878
-0.090018 -0.076616 0.115919
0.081304 -0.024911 0.204445
0.080954 -0.10048 0.092693
-0.041748 -0.114647 0.101729
0.060603 -0.096974 0.078915
-0.090355 -0.076879 0.105572
0.077504 -0.102104 0.078293
0.112695 0.05858 0.061714
-0.004601 -0.116161 0.050711
-0.107472 0.029449 0.060141
-0.001088 0.116003 0.048679
-0.030596 0.117003 0.127998
-0.101756 0.019249 0.03869
0.071276 -0.04155 -0.014076
0.048012 0.117146 0.127002
0.080383 0.097064 0.076266
0.083863 -0.096156 0.072045
0.0105 0.116456 0.117846
-0.07128 0.075002 0.040518
-0.085904 -0.073415 0.060141
-0.018447 -0.075093 -0.007577
0.092381 -0.087948 0.068567
0.036224 -0.115806 0.057788
-0.059787 -0.041764 -0.002528
0.010472 -0.118491 0.146369
0.117057 -0.01258 0.040518
0.123146 -0.028874 0.05488
-0.083154 -0.063494 0.140379
0.055341 0.030728 -0.03025
0.05612 -0.108446 0.146254
-0.059393 0.094398 0.048679
-0.083401 -0.084541 0.094052
0.01889 -0.111834 0.137304
-0.050911 -0.109738 0.115919
0.024876 0.10786 0.034066
0.081164 0.100839 0.121656
0.076775 -0.096857 0.078501
0.107111 -0.064531 0.065168
-0.101685 0.037909 0.049268
0.039996 -0.058521 -0.02375
0.038449 0.087262 0.19043
0.039838 0.131845 0.122796
0.111498 -0.063264 0.128939
0.048645 -0.006619 0.224075
-0.042232 -0.104483 0.048679
-0.010987 0.116964 0.146254
0.083964 -0.095982 0.072772
0.106897 0.068215 0.127819
-0.047898 -0.059495 -0.003588
-0.069193 -0.03401 0.197752
0.006815 -0.010129 0.230436
0.122071 0.044539 0.133662
0.059401 -0.100015 0.137304
0.016319 -0.117543 0.05119
-0.039044 0.116562 0.109141
-0.040896 0.105599 0.117846
0.04233 -0.117143 0.134107
0.079252 -0.099941 0.076912
0.036341 -0.061573 -0.022726
0.010415 0.111964 0.137304
0.059098 0.094196 0.075323
0.11267 0.064616 0.131558
-0.007417 0.117713 0.079622
-0.02866 0.132206 0.109796
0.034569 -0.052805 -0.026072
-0.078103 -0.070228 0.140379
-0.020719 -0.115365 0.058027
0.0214 0.131586 0.060852
-0.009619 -0.108612 0.165204
0.041817 0.100404 0.033208
0.004362 0.050234 0.220311
0.00419 -0.131692 0.059277
0.111444 -0.06059 0.128985
0.124515 -0.02239 0.055096
0.10984 0.040194 0.034066
0.076199 0.087033 0.165204
0.125089 0.006066 0.0564
-0.033616 0.096132 0.1741
0.084774 0.097033 0.123366
0.080905 -0.099546 0.092699
-0.030275 -0.1319 0.092902
0.080668 -0.099097 0.116755
-0.040154 -0.115298 0.09043
0.058505 0.092099 0.12315
0.108493 0.066326 0.063652
0.047238 -0.132052 0.101445
-0.009617 0.118921 0.142387
0.028082 0.11488 0.063613
0.111978 -0.052922 0.048679
0.078391 -0.101206 0.079049
0.120661 0.03978 0.131512
-0.101458 0.043469 0.071581
0.109085 0.063691 0.064163
0.08091 -0.099276 0.118564
0.021511 -0.116317 0.051063
0.016068 0.029893 0.22703
0.006018 -0.116144 0.048679
0.081996 0.095553 0.12142
-0.029892 0.132206 0.104264
-0.057548 -0.09922 0.079622
0.026889 -0.131128 0.062878
0.088608 0.091218 0.072144
0.056603 -0.09455 0.033208
0.037074 0.112841 0.048679
-0.030572 -0.115206 0.068211
-0.108369 0.019582 0.146254
0.121516 0.03726 0.131756
0.079786 0.102197 0.119371
0.076155 -0.09692 0.078767
0.03251 -0.057158 -0.02506
0.02907 0.00178 0.229155
0.109367 0.054003 0.12767
-0.0717 0.012636 0.000334
0.066319 0.094715 0.140379
-0.084131 -0.06417 0.048046
0.117221 -0.040044 0.06008
0.125782 0.01266 0.053995
0.053966 -0.024912 -0.030891
0.029379 -0.115849 0.053372
-0.02566 -0.115355 0.06269
0.079561 -0.003709 -0.019321
0.001673 0.116289 0.117846
0.037714 -0.049906 -0.026863
0.081807 -0.097939 0.073455
0.059159 0.094945 0.121771
0.010231 0.130937 0.138972
-0.024849 -0.117741 0.133208
-0.030275 0.132054 0.104321
0.123394 -0.012868 0.057148
0.054325 0.109485 0.079622
0.126986 0.02531 0.133929
-0.015019 -0.118569 0.139867
0.113114 -0.056364 0.079622
-0.028109 -0.067604 0.204445
-0.031662 -0.131128 0.098611
0.018053 0.071849 -0.017652
0.055321 -0.106625 0.049268
0.125982 -0.031681 0.134799
-0.016317 -0.132052 0.06877
0.117522 0.049452 0.130525
-0.066083 0.018968 0.204445
-0.006167 0.108334 0.040518
0.018333 0.058896 0.215763
0.044297 -0.019286 0.224075
-0.024485 -0.131692 0.120446
0.041519 -0.042675 -0.02797
0.12569 0.012672 0.053573
0.080189 -0.099321 0.073667
0.055576 0.087033 0.182528
0.078144 0.101739 0.078905
-0.100004 -0.047526 0.146254
0.025894 0.132329 0.064814
0.109246 -0.069782 0.129761
0.079563 -0.099962 0.075424
-0.025365 -0.117704 0.132734
0.121724 -0.035121 0.056521
0.080627 0.098835 0.093384
0.022485 0.083777 0.197752
-0.008747 -0.103383 0.1741
-0.019035 -0.029854 0.224075
0.053479 0.10747 0.063613
0.003959 0.116493 0.049268
0.125932 0.006127 0.055435
0.015363 -0.108718 0.034066
0.028193 -0.117828 0.143099
-0.007417 -0.118065 0.079622
-0.103546 0.008306 0.137304
-0.105218 -0.035638 0.097814
-0.002762 -0.067517 0.210462
0.078038 0.097453 0.117368
0.036209 -0.131433 0.06989
0.108038 0.069 0.128047
0.111106 -0.055288 0.117846
0.075483 -0.052044 0.197752
0.04847 -0.063761 -0.014076
-0.020397 -0.132052 0.072704
0.119616 -0.039637 0.071581
0.008518 0.068605 0.210462
-0.000144 0.005736 0.230436
-0.02996 -0.013133 0.224075
0.081454 0.101091 0.099434
0.078284 -0.098611 0.079988
-0.026635 0.132206 0.082132
-0.044534 -0.053559 -0.006457
0.077906 0.097565 0.087697
-0.094328 0.059938 0.079622
0.113105 -0.056359 0.097814
0.080482 -0.094878 0.075714
0.054007 -0.109081 0.071581
0.026655 0.009892 0.229155
0.003665 -0.117593 0.050827
0.008293 0.111051 0.140379
0.059873 -0.095977 0.077087
0.07973 0.098038 0.076919
0.111792 0.057827 0.063021
0.053806 -0.116441 0.116807
0.100172 0.068727 0.055756
-0.024858 0.11766 0.133595
0.075345 0.034797 -0.014076
-0.035247 -0.114637 0.074487
0.031763 0.071613 -0.014076
0.123064 0.030965 0.097814
0.076812 0.104609 0.115918
0.079249 -0.102141 0.086754
0.059102 -0.094635 0.121894
-0.075183 0.091 0.126194
0.077826 -0.101937 0.078856
-0.02554 0.099284 0.1741
0.108796 -0.064278 0.087701
-0.007116 0.115454 0.117846
-0.073548 -0.026912 0.002464
0.1206 0.038555 0.146254
0.011912 0.020418 0.229155
0.107046 -0.061624 0.048679
0.037609 -0.114801 0.146254
0.08107 0.09466 0.07544
0.080906 -0.099796 0.118395
0.08718 0.093414 0.12341
-0.058447 -0.072667 0.182528
0.123135 0.018646 0.057402
0.078963 0.09966 0.078135
0.080393 -0.09921 0.074026
0.078499 -0.101051 0.077271
-0.041789 0.114764 0.101127
0.056401 0.114831 0.084877
0.102856 -0.06049 0.137304
0.03302 -0.087624 0.169442
0.045834 -0.014627 0.057279
-0.111566 -0.030333 0.082596
0.122719 0.01858 0.057498
0.032329 0.05212 -0.025673
0.100432 0.079318 0.126195
-0.078357 0.081688 0.087701
-0.066112 0.040465 0.197752
0.080425 -0.097958 0.118689
0.079518 0.097663 0.118121
0.04478 0.132206 0.084742
0.115044 0.046803 0.048679
-0.05691 -0.083776 0.033208
0.080841 -0.099346 0.118284
0.079058 0.098016 0.077664
0.074024 0.09102 0.048046
0.080742 0.096808 0.075985
-0.024379 0.118509 0.132999
0.124294 -0.015603 0.056816
0.035183 0.132298 0.126268
0.108715 -0.06924 0.128581
0.057024 -0.031259 -0.029743
-0.047884 -0.104144 0.146254
0.009985 -0.131128 0.058458
0.083705 0.094464 0.122284
-0.052211 0.078101 0.182528
-0.020605 0.118756 0.136069
-0.010374 0.024349 0.22703
0.081142 0.098834 0.099451
0.116859 -0.056485 0.133158
0.078219 -0.101339 0.077035
-0.024992 0.131281 0.076441
0.007663 0.010388 0.230436
0.058277 0.113517 0.082596
0.080123 0.099702 0.087317
0.125302 -0.015806 0.055459
0.016683 0.098612 0.182528
-0.013023 0.109912 0.03869
0.087432 0.0858 0.049268
-0.10465 0.038927 0.060141
0.047955 -0.00991 0.224075
0.046046 0.131281 0.112965
-0.005851 0.119024 0.143701
-0.03427 0.117514 0.120723
-0.06001 0.104967 0.105572
0.039157 -0.051362 -0.026759
-0.088706 -0.056997 0.048046
-0.019649 0.111305 0.155901
0.010463 0.114483 0.12767
-0.090017 0.008242 0.182528
0.077828 0.096297 0.097814
-0.01611 -0.115696 0.107878
-0.100426 0.059034 0.082596
-0.074184 -0.089762 0.071271
-0.057379 -0.054896 0.00093
0.037325 -0.115792 0.087701
-0.033573 -0.054002 0.210462
0.115053 0.052439 0.06117
0.07627 -0.103626 0.082596
0.054627 -0.115839 0.117222
0.1267 0.018508 0.13316
-0.050911 0.005001 0.215763
0.125286 -0.031383 0.133142
-0.064225 -0.056542 0.19043
0.029116 -0.116212 0.054023
0.105099 0.072168 0.063876
-0.007416 0.117702 0.097814
0.008293 -0.117286 0.05037
0.107725 -0.033981 0.1741
-0.069394 0.07633 0.034066
0.039838 0.131845 0.074426
0.056603 0.094197 0.033208
0.029066 0.054596 -0.024857
0.111978 0.017341 0.1741
0.080552 -0.098682 0.092741
-0.063048 -0.091871 0.049268
0.077999 0.102299 0.080783
-0.010374 0.074678 0.204445
0.039431 0.070551 0.204445
0.060639 -0.056542 0.204445
0.115327 0.045543 0.061006
0.122862 -0.022122 0.117846
-0.059765 0.052662 0.001457
0.083207 0.097161 0.121721
0.080587 0.101328 0.118486
0.119643 0.050701 0.133443
-0.030183 0.130937 0.086968
0.038391 0.046451 -0.027188
0.040222 -0.116041 0.061308
0.055583 0.027211 -0.030729
0.118332 0.009176 0.165204
0.01889 0.111482 0.137304
-0.030492 0.082009 0.169442
0.081721 0.10063 0.105572
0.10495 0.071582 0.065559
0.113268 -0.061719 0.129765
0.081037 -0.09916 0.118949
-0.021407 -0.131128 0.125424
0.105255 -0.043054 0.033208
-0.001268 0.118175 0.146254
0.052727 0.116569 0.119659
-0.104656 -0.018809 0.155901
0.043044 -0.116128 0.064017
0.028681 0.118321 0.142148
0.036568 -0.130784 0.069517
0.05647 0.058045 -0.014076
0.092677 0.073709 0.137304
0.076612 0.080897 0.033208
0.085145 0.093103 0.122874
0.078756 0.011392 -0.019321
-0.080785 0.07205 0.12767
0.101692 0.069867 0.063613
0.057704 -0.115515 0.096538
0.085108 0.090979 0.087701
0.078242 0.101542 0.078169
0.122256 0.02795 0.057872
-0.002761 0.017341 0.229155
-0.007876 -0.118078 0.143988
0.042576 -0.022174 0.224075
0.059606 -0.033817 -0.027948
0.080723 0.101077 0.117119
0.092089 -0.090706 0.127199
0.09266 -0.090175 0.127316
0.0105 -0.116808 0.117846
-0.097141 -0.048424 0.048679
-0.020397 0.132206 0.072704
-0.029249 -0.072144 -0.005235
0.059001 -0.093716 0.07511
-0.04843 -0.105153 0.060141
0.020788 -0.132176 0.062644
-0.063449 0.091808 0.117846
0.0824 0.097575 0.073107
0.008745 0.116883 0.049777
0.112628 -0.061285 0.129236
-0.101056 0.04814 0.060141
0.12783 -0.023134 0.135812
-0.048755 -0.101928 0.117846
0.031732 -0.131433 0.066164
0.109428 0.04434 0.165204
0.046261 0.060383 -0.019321
0.083117 -0.098834 0.124275
0.079935 -0.097983 0.092815
0.025313 -0.110584 0.03869
-0.031174 -0.105163 0.137304
0.047238 -0.132052 0.095777
0.078894 -0.102441 0.086817
-0.071181 0.087197 0.071581
-0.030228 -0.102645 0.040518
0.003593 -0.059352 0.215763
0.047605 0.117672 0.126647
-0.059235 0.10378 0.082596
0.097539 -0.082106 0.06655
0.090823 0.087706 0.124118
0.048255 0.130937 0.105427
-0.023691 0.115462 0.060607
-0.101504 0.037847 0.048679
0.120372 0.004068 0.137304
0.079316 0.095768 0.076389
0.079584 -0.097456 0.118326
0.083148 -0.040311 0.197752
-0.017564 0.118324 0.138693
-0.074184 0.089915 0.071271
0.081249 -0.101375 0.098844
0.083155 0.093935 0.122451
0.108556 0.063773 0.097814
-0.075946 0.003451 0.001802
-0.053914 -0.057396 0.197752
-0.020095 -0.132145 0.072974
0.11363 -0.012189 0.033208
-0.033616 -0.095979 0.1741
-0.021196 -0.131433 0.071988
0.047142 -0.131692 0.090007
0.080819 0.098458 0.111142
0.116825 0.056708 0.133149
0.050867 0.116528 0.124115
-0.030632 0.131846 0.104373
0.079778 -0.09794 0.117203
0.054608 0.105152 0.155901
0.108579 0.066603 0.0628
0.083119 0.095924 0.136329
0.123437 -0.006559 0.056935
-0.030333 -0.113092 0.060141
-0.020606 0.130937 0.126521
0.100738 0.07961 0.126412
0.045145 0.047135 0.215763
0.009985 0.131281 0.138764
0.055172 0.060417 0.128997
0.057687 0.115664 0.101567
0.037259 -0.115526 0.079622
0.028735 -0.046014 0.220311
0.116017 -0.0581 0.132933
-0.027607 0.131586 0.115546
0.083344 0.097493 0.121931
0.109296 -0.06989 0.130218
-0.034184 0.115629 0.074068
0.125449 -0.015876 0.054612
-0.013908 0.119088 0.140207
0.028838 -0.117084 0.054768
-0.007197 0.131281 0.135591
0.028926 0.107066 0.034066
0.078811 0.097646 0.077744
-0.031379 -0.131433 0.098611
0.05976 -0.095789 0.076815
-0.003288 0.130937 0.060052
0.03896 0.059583 -0.023459
0.052391 -0.040311 0.215763
0.041646 -0.11719 0.134713
0.02676 0.131586 0.134093
0.105475 -0.075352 0.130227
0.067947 0.109891 0.115918
0.009994 0.130937 0.058224
0.11388 -0.0623 0.131407
-0.01066 0.115003 0.049268
-0.01084 -0.115916 0.05279
0.004216 -0.117263 0.050548
0.017993 0.004233 0.230436
0.119455 -0.034143 0.05916
0.063291 0.024478 -0.028887
0.031107 -0.132052 0.130186
0.078297 0.101943 0.080712
0.002859 0.068371 0.210462
0.116145 -0.043829 0.048679
0.119918 0.041016 0.0565
0.024792 -0.01259 0.229155
0.045742 0.052887 -0.025369
0.079298 0.10026 0.076344
0.004635 0.116657 0.04957
0.001822 0.019582 0.229155
-0.031199 0.030989 0.220311
-0.076714 -0.017005 0.003214
-0.019036 -0.080183 0.197752
0.080801 0.100554 0.117724
0.023489 -0.06744 -0.020669
0.091766 -0.088611 0.124263
0.054832 0.05692 0.129528
-0.107118 0.017432 0.063613
0.034267 0.101757 0.1741
0.01205 0.069802 -0.018899
0.054931 0.071117 0.197752
-0.029892 -0.132052 0.092959
0.006057 -0.114268 0.043576
0.055973 0.068646 0.127747
0.028452 -0.117387 0.079622
0.120965 0.030395 0.063613
-0.066636 -0.034624 -0.000492
-0.073221 0.080075 0.043576
-0.017003 0.131586 0.129278
0.08193 -0.09665 0.07498
0.03528 0.062536 -0.022429
0.11913 -0.03025 0.055756
0.010675 0.065626 -0.020067
0.019128 -0.114343 0.12767
0.108137 -0.050952 0.03869
0.043036 0.117247 0.133459
-0.000506 -0.116423 0.050208
-0.015454 0.130937 0.131021
4.9e-05 -0.118981 0.145107
-0.007116 -0.115807 0.117846
0.078992 0.030989 0.204445
0.080304 0.097875 0.105572
0.04525 -0.130784 0.115214
0.027304 -0.110713 0.137304
0.121282 0.028632 0.048679
0.027731 -0.113197 0.12767
0.10946 0.041253 0.034066
0.122858 0.028145 0.05728
0.038597 0.132329 0.121838
0.026997 -0.130784 0.062669
0.110274 0.062785 0.12868
-0.1076 -0.009545 0.049268
-0.052211 -0.047191 0.204445
0.107292 0.068473 0.127816
0.030769 0.034134 0.224075
0.078558 0.098403 0.078547
0.083971 0.096142 0.072775
0.055376 0.075681 0.068525
0.115229 -0.053333 0.060134
0.045145 0.067757 0.204445
0.078054 -0.097272 0.117528
-0.1076 0.009698 0.049268
-0.018557 -0.118121 0.138064
0.085629 0.093657 0.122886
0.035094 -0.06024 -0.023791
0.112212 -0.052834 0.062497
0.057018 -0.114082 0.083932
-0.034771 0.114823 0.073679
0.087936 -0.091707 0.07239
-0.014237 0.118226 0.140913
0.117442 -0.021496 0.140379
0.025966 0.115026 0.048679
-0.105829 -0.009398 0.155901
0.078674 0.100476 0.079223
0.069247 -0.077948 0.182528
0.096552 -0.084281 0.125453
0.082564 -0.098728 0.12161
0.002165 -0.111228 0.140379
0.076111 -0.011203 0.210462
0.001312 -0.06489 -0.017919
-0.101458 -0.043822 0.071581
-0.006654 0.014044 0.229155
0.020788 0.132329 0.062644
0.046419 0.132329 0.101385
0.078523 -0.097398 0.116817
0.123074 -0.03132 0.079622
0.046016 -0.132145 0.090258
0.126393 -0.024914 0.133261
0.0369 -0.052369 0.215763
0.087933 0.07465 0.034066
0.04699 -0.117581 0.127426
0.080529 0.09603 0.120734
0.076429 -0.097187 0.079473
0.082318 0.096503 0.074748
-0.0577 -0.099448 0.087701
0.036685 -0.111151 0.155901
-0.108026 0.008646 0.117846
0.021599 -0.116162 0.050701
0.005158 0.009863 0.230436
0.08203 0.100026 0.122769
0.080531 0.101486 0.117496
0.058967 0.093729 0.075036
0.053816 0.1171 0.115668
0.069949 0.09364 0.03869
-0.07493 -0.036681 0.169442
-0.111284 0.020068 0.13633
0.081012 -0.098095 0.119381
0.12509 0.022196 0.097814
0.001913 -0.112411 0.048046
0.081459 0.101527 0.105572
0.092323 0.089367 0.124756
-0.017184 0.131281 0.067727
-0.06293 -0.091719 0.048679
-0.023999 0.117953 0.133963
0.026084 -0.132145 0.132778
0.021053 -0.132052 0.061867
-0.033142 0.114614 0.07007
0.104574 0.04221 0.1741
0.041218 -0.117553 0.134192
-0.040122 -0.115789 0.105304
-0.105896 -0.05011 0.094052
-0.084131 0.063818 0.048046
0.084424 -0.097448 0.126194
0.117689 -0.047348 0.058943
0.047965 -0.130784 0.089824
-0.012536 -0.130784 0.133109
0.041415 -0.118356 0.132999
0.107676 0.068737 0.127893
-0.023523 0.132298 0.119809
0.080999 0.10028 0.118953
0.001913 0.112059 0.048046
0.015764 -0.131433 0.059378
-0.094328 -0.06029 0.079622
0.080892 0.10103 0.121957
0.079436 -0.097587 0.077182
0.020366 -0.11681 0.051461
0.128546 0.018903 0.136027
-0.023679 -0.116308 0.062031
-0.052211 0.047344 0.204445
0.074052 -0.010481 -0.024029
0.082712 0.093844 0.074872
-0.007289 -0.130784 0.061416
0.080919 0.097149 0.075813
-0.001095 -0.132176 0.061844
-0.022395 -0.03964 0.220311
0.02914 7.7e-05 0.229155
0.001544 0.118563 0.079622
0.128634 -0.01644 0.134767
0.052743 0.105718 0.055756
0.111204 -0.05963 0.063183
0.117444 -0.047104 0.059752
0.047965 -0.130784 0.107398
-0.089713 0.067683 0.087701
-0.090078 -0.048206 0.040518
-0.105239 -0.017498 0.055756
-0.109581 0.04062 0.115919
0.03764 -0.118603 0.136069
0.015896 0.11421 0.043576
0.05499 0.115119 0.081357
-0.040652 -0.115511 0.101567
0.103001 -0.069382 0.066666
0.087836 0.094818 0.126327
0.058795 -0.016559 -0.031529
-0.092726 -0.049499 0.048046
-0.039581 -0.11622 0.106858
-0.028196 0.117079 0.131273
-0.015817 0.113958 0.117846
0.040103 -0.116356 0.061485
0.026401 0.073231 -0.014076
0.036319 0.056884 -0.025234
0.026997 0.130937 0.134553
0.032745 -0.116018 0.055765
-0.075805 0.024473 0.003914
0.083853 -0.095146 0.122146
-0.07815 0.081493 0.097814
0.083697 -0.095109 0.074182
0.080015 -0.10177 0.120187
0.031763 -0.07146 -0.014076
-0.02286 0.106599 0.140379
0.052172 0.013328 0.133181
0.080343 0.102588 0.111105
-0.078828 0.070463 0.137304
0.056135 -0.115236 0.085495
0.079105 -0.099367 0.077798
0.037171 -0.115982 0.058761
0.096057 0.076669 0.117846
0.124906 -0.013056 0.056393
0.009906 -0.132176 0.060634
0.120925 0.021398 0.12767
-0.027863 -0.131128 0.115666
0.05612 0.016418 0.220311
-0.059776 0.005736 0.210462
0.082401 -0.093334 0.074865
-0.029892 0.132206 0.092959
0.022096 0.058829 -0.023115
0.082211 0.099827 0.122428
-0.069193 0.034164 0.197752
0.040748 -0.118404 0.133587
0.129443 0.010097 0.136777
-0.040512 0.1156 0.104439
0.040622 -0.093439 0.182528
0.109334 0.06391 0.063858
0.031333 -0.1319 0.130501
-0.062522 -0.077094 0.1741
0.11704 -0.037179 0.155901
0.047552 -0.130784 0.088451
0.110198 0.025826 0.1741
0.016683 -0.006278 0.230436
0.081107 -0.09868 0.098852
0.017193 0.118227 0.146355
0.080702 -0.098909 0.118192
-0.040935 -0.106036 0.063613
0.114527 -0.052711 0.061609
-0.049869 0.103563 0.079622
0.078679 0.100587 0.079887
0.080798 -0.100431 0.117488
0.072246 -0.097466 0.049268
0.105293 -0.071722 0.063791
0.101491 0.080506 0.127869
-0.071474 -0.078212 0.03869
0.119895 0.043486 0.131191
0.106722 -0.062956 0.063613
-0.001645 0.131281 0.137485
0.036071 -0.029854 0.224075
0.079543 0.097664 0.077062
-0.080842 -0.082185 0.136329
0.084475 0.096214 0.122569
0.079945 0.098783 0.076496
0.028452 0.117034 0.079622
0.116874 0.046204 0.060578
-0.073422 0.077026 0.048046
-0.023861 -0.132052 0.120033
0.026295 0.066149 -0.021422
0.032662 -0.066845 -0.019321
0.079623 -0.102313 0.118162
0.092428 -0.084999 0.071363
0.080879 -0.100819 0.119676
0.03063 -0.132176 0.067704
0.077687 -0.097943 0.080345
0.093086 0.007084 0.197752
-0.089007 -0.016197 0.182528
0.08076 -0.095176 0.075741
-0.012413 0.131281 0.064314
-0.08392 0.063672 0.137304
0.048292 0.114756 0.067609
0.078733 0.100147 0.080209
0.00995 -0.1319 0.059427
0.079898 0.097934 0.118115
0.082469 -0.099317 0.122232
0.002081 -0.10947 0.040518
0.084283 -0.09577 0.122372
0.07998 0.102243 0.117555
-0.07252 0.088107 0.060141
0.101385 -0.069871 0.048679
0.078511 -0.09733 0.117431
-0.008305 0.025826 0.22703
-0.104247 0.028633 0.048679
0.01364 -0.130784 0.058625
-0.04151 0.10692 0.071581
0.048824 0.130937 0.095661
-0.027951 0.117238 0.131028
0.027876 0.11607 0.05279
0.106554 0.064745 0.065297
-0.001574 -0.131433 0.060012
-0.092362 -0.059139 0.117846
0.030006 -0.053766 -0.025092
0.065465 0.105307 0.060141
0.080061 -0.102134 0.116661
0.012919 0.116498 0.049233
0.048235 -0.090469 0.182528
-0.01602 0.108317 0.140379
0.07887 -0.100338 0.077734
0.02689 -0.131128 0.134345
0.120628 0.004078 0.048046
0.067049 -0.001695 -0.029808
0.02325 -0.089814 0.169442
0.123055 -0.004522 0.055756
0.123796 -0.037783 0.132985
0.047893 -0.116691 0.12822
0.041893 -0.117506 0.133595
0.12639 -0.000302 0.054122
0.111076 -0.06693 0.131632
0.00061 0.116806 0.050379
0.044986 -0.117085 0.131028
0.020522 0.110324 0.140379
0.006481 -0.117613 0.050679
0.067421 0.030681 -0.024029
0.045405 0.110361 0.048679
0.019058 -0.118949 0.1447
0.046016 -0.132145 0.106964
0.045896 -0.115603 0.066608
0.03009 -0.061404 -0.023603
-0.097141 0.048578 0.048679
0.079868 0.102591 0.09347
0.126772 0.009649 0.133305
-0.000144 0.104609 0.1741
0.0808 0.100591 0.117417
0.12736 -0.025195 0.134775
0.035918 0.11782 0.138598
-0.063046 -0.078606 0.033208
0.051813 -0.117004 0.120242
0.078136 -0.101705 0.079566
-0.023121 -0.107847 0.137304
0.123777 -0.014888 0.048679
-0.038959 -0.115235 0.084994
-0.024098 -0.060192 0.210462
-0.040129 0.115135 0.089126
0.126377 0.025149 0.133256
-0.000308 0.073578 -0.014696
0.080765 -0.099099 0.092716
-0.074255 0.054155 0.182528
-0.071726 -0.088149 0.097814
0.015858 -0.130784 0.058869
0.065136 0.052197 0.204445
0.084716 0.097595 0.124404
0.080798 0.099551 0.118045
-0.106359 0.029168 0.146254
-0.055286 0.095465 0.055756
-0.022368 -0.105265 0.040518
0.083148 -0.080994 0.165204
0.050421 0.114738 0.070981
0.039921 0.130937 0.123964
0.063977 0.097526 0.103627
0.117796 0.04711 0.057542
0.112587 0.064638 0.13202
0.047317 0.030226 0.058668
0.061678 0.098575 0.03869
0.048235 -0.030836 0.220311
0.040714 0.116461 0.062031
-0.078438 0.067757 0.165204
0.070338 -0.101641 0.079622
-0.000493 0.11822 0.146254
0.078007 -0.09817 0.079683
0.050479 0.117622 0.122051
0.058175 0.097268 0.040518
0.058667 0.03206 -0.029071
-0.034441 0.117206 0.120844
0.080529 -0.101324 0.117582
0.050179 0.114939 0.07116
0.118785 -0.040626 0.059631
-0.08239 0.073352 0.063613
-0.090355 0.077033 0.105572
-0.07605 -0.091789 0.115919
0.088613 -0.082031 0.12767
-0.04164 0.114424 0.115919
0.075483 0.052197 0.197752
-0.105854 7.7e-05 0.043577
0.12833 0.018812 0.134674
0.123395 0.039514 0.136329
-0.024485 0.131846 0.076777
0.009963 -0.131692 0.059066
0.062839 0.003303 -0.031604
-0.001704 -0.130784 0.059511
0.079558 0.046489 0.197752
0.122066 -0.024742 0.048679
-0.031546 0.116773 0.127289
0.005978 -0.009953 0.230436
0.095599 -0.065511 0.034066
0.05844 0.032692 0.215763
-0.007453 0.117985 0.087701
-0.051115 7.7e-05 0.215763
0.045782 0.131586 0.112864
0.021432 -0.116524 0.0514
0.115021 -0.023201 0.034066
0.08141 0.018794 -0.014076
0.077278 0.097727 0.079737
0.127552 -0.003202 0.13344
0.123272 -0.028806 0.055735
0.088047 0.084914 0.048679
-0.03854 0.087033 0.182528
0.11541 0.05275 0.060423
0.042712 -0.1319 0.117802
0.128476 0.018853 0.135111
-0.006818 -0.1319 0.062524
0.02369 0.091 0.19043
0.078505 0.097531 0.117053
0.103644 -0.073966 0.064009
0.066326 0.106896 0.136329
0.031517 0.058049 -0.024806
0.101611 -0.076998 0.065367
0.010563 0.118644 0.146366
0.004271 -0.132052 0.137202
0.124203 -0.038065 0.134741
0.077999 -0.102146 0.080783
0.055542 -0.11655 0.110853
-0.039508 0.114832 0.085385
-0.0355 -0.114436 0.074333
0.04746 -0.131433 0.089937
0.048854 -0.040905 0.060221
0.114237 -0.004188 0.033208
0.078721 0.100864 0.077498
0.045209 0.11058 0.063613
0.086282 -0.095982 0.124766
0.001747 0.118406 0.146285
0.085042 0.096515 0.123252
-0.026671 -0.130784 0.078954
0.086277 -0.095836 0.12442
0.019128 0.113991 0.12767
-0.0014 -0.1319 0.136547
-0.035113 -0.116708 0.120145
0.060659 -0.097137 0.118158
0.056616 0.116373 0.106858
0.080863 -0.098765 0.118738
0.110822 0.055441 0.048679
0.100915 -0.057782 0.034066
0.078635 -0.099407 0.079454
0.060296 0.096014 0.034066
0.045611 0.132329 0.090348
0.116574 -0.056052 0.130943
0.093318 -0.086943 0.068209
0.084753 -0.096897 0.123354
0.079172 -0.097243 0.118368
0.123395 0.029167 0.146254
0.078585 -0.097412 0.116432
0.078351 -0.097264 0.077998
0.121837 0.034781 0.056015
0.055653 -0.076895 0.068962
0.015842 -0.061449 -0.021551
0.08188 -0.099626 0.121094
-0.019537 0.115597 0.057203
0.027146 0.109441 0.140379
0.128871 0.016515 0.136125
-0.024992 -0.131128 0.120781
-0.105365 0.026089 0.117846
0.005978 0.010107 0.230436
0.078994 0.095509 0.076282
0.080304 -0.10176 0.117217
0.033573 -0.065587 -0.020261
-0.004563 0.116315 0.050701
0.0941 -0.078708 0.048679
0.080361 -0.101777 0.116708
0.021469 0.116676 0.051409
-0.084998 -0.032027 0.182528
-0.008305 -0.066355 0.210462
0.020495 -0.061905 -0.022534
-0.023186 0.116195 0.061308
0.054547 -0.040361 -0.02788
0.080618 -0.09902 0.117591
-0.075068 0.07858 0.12767
0.05707 0.115127 0.088628
0.107803 -0.065017 0.064862
0.054738 0.116078 0.116139
-0.028271 0.132298 0.109679
0.036263 0.111211 0.055756
0.095675 0.080083 0.069922
-0.024184 -0.1319 0.076976
-0.04929 -0.106743 0.136329
-0.005922 0.118733 0.143955
0.078327 0.098812 0.080356
0.054391 -0.015542 -0.031188
-0.015629 -0.116265 0.056062
0.078442 0.057596 0.169442
0.110613 -0.027939 0.033208
0.09079 -0.087585 0.124111
0.080987 -0.100474 0.119354
0.01358 0.020068 0.229155
0.081814 0.095585 0.07532
-0.059776 -0.104455 0.115919
0.082192 0.087519 0.12767
0.066805 -0.095864 0.137304
0.093462 -0.08645 0.069966
0.042103 -0.117302 0.133843
0.123444 0.019254 0.049268
0.054053 -0.1162 0.116937
-0.018481 -0.068405 -0.012333
0.083935 -0.095672 0.073461
-0.023873 0.110072 0.055756
0.123965 0.03816 0.133377
0.08785 -0.094297 0.124631
-0.088012 -0.055778 0.140379
0.017603 0.116422 0.049838
-0.08733 -0.024195 0.182528
-0.015443 -0.112542 0.055756
0.078835 0.083534 0.040518
0.080092 0.097875 0.111086
0.006484 -0.118743 0.146062
0.113356 -0.056494 0.087701
0.081184 0.095188 0.121549
0.048948 0.051583 -0.02475
-0.035996 0.115504 0.077364
0.05612 0.108599 0.146254
0.111854 -0.060819 0.128991
-0.107575 0.026599 0.097814
0.035983 -0.131692 0.070124
0.059078 0.094719 0.121946
0.059518 0.09989 0.048046
-0.056882 0.090911 0.03869
0.046419 -0.132176 0.095837
0.030769 0.064892 0.210462
-0.104444 -0.035397 0.071581
-0.004149 0.075983 0.204445
-0.006666 -0.132052 0.06288
-0.064933 -0.053997 0.169442
0.11522 -0.046727 0.049268
0.114205 0.057569 0.129597
0.120213 0.049072 0.134085
0.091782 -0.085261 0.087701
0.091766 -0.084355 0.071458
0.09522 0.083171 0.125065
0.036406 0.131281 0.127537
-0.041493 0.106883 0.107878
-0.028014 -0.117762 0.129689
0.060595 0.003214 -0.031977
0.005766 0.118642 0.146332
0.03217 0.118433 0.140101
-0.102528 -0.009358 0.140379
0.04618 -0.046368 -0.027826
0.116044 0.058267 0.132938
0.077634 -0.096709 0.077912
0.034954 -0.10635 0.040518
-0.040962 0.115338 0.100695
0.018864 7.7e-05 0.230436
0.099441 -0.015096 0.19043
0.081526 -0.100009 0.098826
0.053985 -0.104869 0.043576
-0.039085 -0.108446 0.146254
0.081054 0.097482 0.075594
0.110325 -0.062546 0.128693
0.077834 -0.096658 0.079622
0.04745 0.117984 0.126504
-0.029031 0.132054 0.087315
-0.005449 -0.083624 0.197752
0.127221 -0.009656 0.133339
0.019797 -0.067517 0.210462
-0.038825 0.057227 -0.007884
0.078672 -0.097412 0.092966
0.054304 0.030286 -0.03038
-0.002761 -0.017188 0.229155
0.078792 0.100642 0.080593
-0.016057 0.132298 0.128141
0.080693 -0.097982 0.105572
0.046288 -0.109945 0.048679
0.025341 0.025826 0.22703
-0.078873 -0.06053 0.033208
0.107053 0.008241 0.182528
0.08141 -0.018641 -0.014076
0.011306 -0.118125 0.147029
0.115488 0.058372 0.130647
0.079388 -0.097679 0.11717
0.082831 -0.093837 0.074852
0.078218 -0.101778 0.080321
0.049553 -0.117046 0.124394
0.062437 0.097526 0.112526
-0.024184 -0.1319 0.120247
-0.019355 0.115754 0.057506
0.030769 -0.033981 0.224075
-0.081305 -0.061704 0.034066
-0.050003 0.103802 0.087701
0.080097 -0.097722 0.098915
0.100314 -0.071371 0.048679
0.081633 -0.096465 0.075313
0.081286 0.098054 0.119802
-0.040571 -0.11516 0.10857
0.052172 -0.013175 0.133182
0.059411 -0.094998 0.076014
0.095871 -0.065855 0.040518
-0.074255 0.064502 0.1741
-0.030478 0.101881 0.034066
0.117137 -0.049014 0.130519
0.062612 0.105934 0.087701
0.051803 0.103478 0.048046
0.084367 -0.093019 0.122815
0.113579 0.056936 0.059554
-0.101756 -0.019096 0.03869
-0.075898 -0.036952 0.19043
-0.095929 0.04127 0.137304
0.115767 0.05882 0.132863
-0.020085 0.113027 0.049268
0.081503 0.096853 0.120531
-0.06485 0.093604 0.079622
0.083119 -0.095771 0.136329
-0.062522 0.077247 0.1741
-0.03549 0.116435 0.12069
0.088778 -0.027477 0.197752
0.079618 0.102483 0.118048
-0.075183 -0.01389 0.197752
0.080006 0.102275 0.117112
-0.022728 -0.115376 0.059856
-0.040761 -0.11512 0.094112
-0.09165 -0.065366 0.060141
0.043724 -0.11509 0.063206
-0.032517 0.117199 0.124394
0.056928 0.114397 0.084727
0.078441 -0.09776 0.078317
0.077835 -0.097649 0.07897
0.000906 -0.006931 0.230436
0.079674 0.096585 0.119934
-0.083663 0.084935 0.105572
0.115337 0.057884 0.136329
8.2e-05 -0.119308 0.144889
0.046046 -0.131128 0.084258
-0.016565 -0.1319 0.068472
0.073961 0.100245 0.060141
0.079986 -0.10202 0.118098
-0.006556 -0.111607 0.048046
0.096891 -0.080568 0.069551
-0.033386 -0.114585 0.070981
0.030277 -0.117003 0.055455
0.043839 -0.106824 0.048046
-0.088706 0.056645 0.048046
0.043097 -0.103312 0.034066
-0.041608 -0.114197 0.091927
-0.049447 -0.103163 0.107878
-0.089236 -0.076008 0.082596
0.092522 0.089642 0.125096
-0.037033 -0.060153 -0.008194
0.003712 -0.07628 -0.012333
0.081261 0.067041 0.182528
-0.096712 0.057024 0.060141
-0.094942 0.06767 0.126194
0.078674 0.09968 0.080248
0.067365 -0.015968 -0.02813
-0.058501 -0.040636 -0.002965
0.042696 0.115508 0.06269
0.079038 -0.098949 0.077983
-0.067177 -0.083148 0.137304
0.081043 0.100568 0.119516
0.078713 0.100618 0.080182
0.045649 -0.040395 -0.02886
0.04921 -0.048493 -0.026353
0.053204 -0.115056 0.07727
0.097156 0.085223 0.126467
0.083573 0.096508 0.071762
0.078747 0.097526 0.110982
0.083148 0.081147 0.165204
0.108686 -0.065366 0.060141
-0.087614 0.06623 0.117846
-0.014941 0.109813 0.048046
-0.07605 0.007084 0.197752
0.025463 -0.070261 -0.017931
0.08084 0.099252 0.09336
0.026581 -0.119092 0.14218
-0.098571 0.052 0.097814
-0.085716 0.064891 0.043576
0.081356 0.099251 0.099439
0.104075 -0.073752 0.127
-0.114715 0.020641 0.094052
0.099063 -0.070398 0.155901
0.118803 0.012427 0.140379
0.10498 0.061492 0.12767
0.078902 -0.098535 0.078134
0.003625 -0.116956 0.050324
0.126193 -0.006782 0.053781
0.04859 0.131281 0.101544
-0.024756 -0.131433 0.120625
0.077002 -0.09753 0.081021
-0.018268 -0.066405 -0.012863
0.038252 -0.117543 0.13698
0.019144 -0.114508 0.055756
-0.026772 0.116219 0.064789
0.021491 0.131281 0.136639
0.097772 -0.078523 0.079622
0.055226 0.116795 0.111964
-0.048101 -0.072667 0.19043
-0.024098 -0.049846 0.215763
0.079921 -0.09627 0.120193
-0.012097 -0.131692 0.132389
0.079761 -0.102076 0.119257
0.058881 0.114413 0.094051
-0.011803 0.117237 0.054768
0.015214 0.040204 0.224075
0.043026 -0.131692 0.079244
0.078952 -0.099933 0.077948
0.003593 -0.009023 0.230436
-0.078668 -0.080183 0.146254
0.117485 0.047875 0.057691
0.025025 0.118074 0.144329
0.04847 0.063914 -0.014076
0.087027 -0.080415 0.048046
0.107295 0.065226 0.065129
0.034114 -0.103004 0.033208
0.043761 0.130937 0.078832
0.10498 -0.061845 0.12767
0.095474 0.047135 0.182528
0.091166 0.084475 0.071488
0.018636 0.108804 0.040518
-0.007086 -0.131433 0.13533
0.128549 0.018883 0.135566
0.015705 0.131845 0.059698
0.019529 0.118212 0.097814
0.080705 0.101009 0.117794
-0.020651 0.115525 0.057936
0.05647 -0.057891 -0.014076
0.059635 -0.095834 0.120694
0.070285 -0.086184 0.033208
0.058629 -0.09281 0.122896
0.020806 0.119395 0.144057
-0.083278 0.071524 0.048679
-0.074436 0.003368 0.00112
0.124144 0.031311 0.132398
0.078663 0.095289 0.076124
-0.108369 0.040204 0.126195
0.031147 0.089436 0.19043
0.051688 0.115595 0.074861
0.048256 0.116942 0.127206
-0.027963 -0.115409 0.065295
0.005124 -0.020265 0.229155
-0.010002 -0.109809 0.140379
0.086252 -0.096092 0.125124
0.018308 0.118209 0.146114
0.039247 0.132206 0.122339
0.116312 -0.047944 0.071581
-0.106785 -0.02677 0.071581
0.119514 0.014487 0.03869
-0.088814 -0.055191 0.03869
0.011877 0.009863 0.230436
0.079905 -0.102437 0.094052
0.039965 0.115371 0.059574
0.110198 -0.025672 0.1741
0.046655 0.115989 0.067819
-0.108425 -0.017984 0.107878
0.079965 0.091873 0.048679
-0.011496 -0.132145 0.131405
0.010527 0.117871 0.107878
0.123927 -0.015546 0.057037
-0.031054 -0.131692 0.098611
-0.109479 -0.009109 0.071581
0.081461 -0.096142 0.075497
-0.001268 0.003436 0.230436
-0.056297 0.099284 0.146254
0.058976 -0.099185 0.140379
0.082291 0.095843 0.121373
0.044695 0.116149 0.065633
0.020333 -0.130784 0.137183
0.065136 -0.072667 0.19043
-0.105228 0.035289 0.079622
0.078394 0.101351 0.079009
0.121893 0.027848 0.058088
0.080733 0.085787 0.048046
-0.032061 -0.107522 0.12767
0.045191 0.11532 0.06509
-0.078103 0.069876 0.140379
0.060562 -0.096935 0.078806
0.100588 0.05869 0.040518
0.078762 0.098808 0.078442
0.008294 -0.117624 0.0506
-0.022593 0.117466 0.136329
-0.084998 -0.07271 0.146254
0.125102 -0.022478 0.132805
0.082415 0.096778 0.074474
-0.04164 -0.114271 0.115919
-0.003468 0.116501 0.050815
0.091415 -0.084055 0.071393
-0.113174 -0.010007 0.071272
-0.07634 7.7e-05 0.197752
0.117676 -0.047505 0.058077
-0.007288 0.130937 0.135806
-0.010845 -0.035702 0.224075
0.100766 -0.049846 0.1741
0.001668 -0.116734 0.063613
0.07601 -0.097365 0.080912
0.116312 0.047591 0.071581
0.078979 -0.096498 0.119731
0.081065 -0.100058 0.119166
0.056671 0.040005 -0.027057
0.051704 -0.103594 0.137304
0.117684 0.003966 0.040518
0.040505 -0.130784 0.073911
0.009994 0.130937 0.138998
-0.02286 -0.106952 0.140379
0.009906 0.132329 0.060634
-0.098301 -0.057731 0.136329
0.041085 0.055167 -0.025413
-0.101297 0.059505 0.115919
0.02486 0.047679 0.220311
0.057389 -0.114717 0.089088
0.057659 0.115781 0.09861
-0.058309 0.092894 0.043576
0.027409 -0.074525 0.204445
-0.025037 -0.117494 0.133433
0.083119 0.018968 0.204445
0.07592 0.09736 0.079725
0.035672 -0.109207 0.048046
0.101457 0.077203 0.066337
-0.0702 -0.086471 0.117846
-0.080842 -0.022552 0.19043
0.082373 -0.095638 0.121426
0.027403 -0.008207 0.229155
0.057455 -0.011532 -0.031763
-0.089007 -0.07583 0.126194
0.080388 -0.097985 0.118601
0.047868 0.037076 -0.029418
-0.048852 -0.087734 0.1741
0.124204 -0.02223 0.056338
-0.003937 0.11031 0.140379
0.079967 -0.085231 0.140379
-0.082027 0.039794 0.182528
0.079697 -0.097372 0.118603
-0.008447 -0.116174 0.052252
-0.110725 -0.009804 0.060141
0.0941 0.078861 0.048679
-0.080627 -0.007038 0.006089
0.127822 0.016289 0.133692
0.078426 0.098521 0.078903
-0.001704 -0.130784 0.137711
0.057809 -0.115211 0.104499
-0.078668 0.080337 0.146254
0.115065 0.047039 0.063613
0.025667 0.070267 -0.01799
-0.020685 0.132054 0.124778
-0.060304 0.03845 -0.002514
0.043026 0.131845 0.117978
0.111188 -0.055332 0.063613
-0.039084 0.108599 0.146254
0.078474 0.101942 0.08146
0.058842 -0.093783 0.122451
0.047391 -0.117054 0.127788
0.056026 -0.041095 -0.026862
-0.031485 -0.11663 0.127422
0.095575 0.08349 0.125042
0.101668 -0.076766 0.066248
0.110871 -0.045537 0.137304
0.01542 0.132329 0.061241
-0.109776 -0.000176 0.107878
0.017657 0.11822 0.146254
0.077824 0.097812 0.079
-0.001573 0.131586 0.060012
0.100784 -0.079401 0.126423
0.046266 -0.115084 0.066235
0.080524 -0.101237 0.121343
0.077367 0.097608 0.079251
0.100698 7.7e-05 0.19043
0.052057 -0.114468 0.073519
-0.02514 0.103667 0.034066
0.096792 0.08474 0.125731
0.004146 -0.116499 0.049608
0.006592 0.119516 0.14558
-0.097728 -0.000176 0.033208
0.020916 0.118777 0.144529
0.124294 -0.022396 0.071581
-0.079026 -0.070977 0.048046
-0.014111 -0.089283 0.19043
0.092934 0.037105 0.19043
0.112348 0.058235 0.062458
0.07939 0.097839 0.117108
0.081624 -0.096026 0.075398
0.079617 0.102541 0.117573
-0.035745 -0.100833 0.165204
0.082343 0.099583 0.122094
0.116538 0.038194 0.055756
0.026704 -0.130784 0.134678
-0.097842 -0.051997 0.071581
0.121996 -0.037124 0.131793
0.113175 0.046204 0.12767
0.112326 0.059543 0.060141
0.008518 -0.116367 0.049057
-0.03993 -0.116086 0.105245
0.119589 -0.04104 0.058689
-0.027874 -0.132176 0.10956
0.087 -0.093028 0.123283
0.083515 -0.097595 0.122246
-0.10019 0.042965 0.063613
0.042072 0.117647 0.133433
0.092528 -0.087452 0.070326
0.05816 -0.113098 0.126194
0.120024 0.040844 0.057789
0.014177 -0.008585 0.230436
-0.00388 -0.118624 0.144529
-0.086967 0.052572 0.034066
0.037259 0.115174 0.079622
-0.103801 0.008326 0.048046
0.113128 -0.037338 0.140379
-0.081723 0.012306 0.169442
-0.025476 -0.117131 0.133943
0.055014 -0.058733 0.129253
0.015525 -0.084492 0.197752
0.082772 -0.094024 0.122311
0.036568 0.130937 0.069517
-0.037133 -0.116871 0.11474
0.123395 -0.039361 0.136329
0.103381 -0.059327 0.03869
0.068028 -0.013703 -0.02813
0.01613 -0.091789 0.19043
0.002163 -0.008088 0.230436
0.124554 0.031428 0.132578
-0.041093 -0.115022 0.09785
0.045546 0.034164 0.220311
0.018904 0.073196 -0.01606
0.128424 0.00327 0.13374
-0.039938 0.115426 0.089156
0.056554 -0.114093 0.082597
-0.095703 0.035856 0.165205
0.058936 0.077247 0.19043
-0.028625 -0.117028 0.130301
0.081698 0.09923 0.120279
-0.020573 -0.114801 0.146254
-0.033557 0.111149 0.079622
0.032472 0.04434 0.220311
0.087915 -0.094647 0.125853
0.010543 0.118734 0.079622
0.045478 -0.131692 0.084475
-0.035355 0.040465 0.215763
0.055449 0.114618 0.081177
0.032456 0.117978 0.140662
0.055244 -0.10645 0.048679
0.085391 0.093376 0.122856
0.061491 0.103745 0.063613
0.129318 0.00988 0.134975
0.01564 -0.1319 0.13717
0.04065 0.115322 0.060141
-0.083417 -0.074537 0.107878
-0.020005 0.116421 0.058984
0.128851 -0.01652 0.136119
0.087821 -0.094232 0.124487
-0.075068 -0.078933 0.12767
0.1118 -0.06019 0.062133
0.01341 0.117109 0.050324
0.112405 0.038803 0.140379
0.097877 -0.022552 0.19043
-0.032578 -0.115598 0.071594
0.006538 0.118281 0.147067
-0.066549 -0.082458 0.140379
0.016068 -0.02974 0.22703
0.110871 0.045185 0.137304
0.081119 0.100157 0.119319
0.083484 0.098377 0.122789
0.079757 0.097482 0.118733
0.077817 0.096738 0.077687
-0.100103 -0.043283 0.117846
-0.062337 0.090382 0.055756
-0.011646 -0.118167 0.142148
-0.025018 -0.114347 0.079622
-0.072464 0.034911 0.004271
-0.037455 -0.114172 0.077386
-0.085992 0.065107 0.12767
0.052054 0.115027 0.074628
-0.046405 -0.056638 -0.005473
-0.007197 -0.131128 0.135591
0.07916 0.098137 0.087482
0.060639 -0.066888 0.197752
-0.000582 -0.004848 0.230436
0.080703 0.10105 0.117459
0.091515 -0.036681 0.169442
0.082089 -0.097432 0.074069
-0.038853 -0.115828 0.112248
-0.091657 0.048625 0.140379
0.125976 -0.031714 0.135261
0.115337 0.027127 0.165204
-0.03187 0.074707 0.197752
0.104365 -0.024195 0.182528
-0.088778 0.067036 0.107878
0.101433 -0.080127 0.127447
-0.074705 0.023976 0.002738
0.077759 0.09729 0.078353
0.07996 -0.097731 0.118314
0.078499 -0.098963 0.079542
0.083119 -0.094955 0.074647
0.065043 -0.001657 -0.030883
0.08048 0.098135 0.111116
0.083029 0.096823 0.121557
0.077456 -0.102221 0.078772
-0.101662 -0.016952 0.140379
-0.064225 0.067042 0.182528
-0.021419 0.117538 0.137268
0.068028 0.013856 -0.02813
0.111105 0.045288 0.048046
0.033101 0.115806 0.05517
-0.095814 0.038803 0.140379
-0.006535 -0.130784 0.061159
0.065402 -0.093569 0.040518
-0.076569 0.079999 0.063613
0.122965 -0.012824 0.057179
0.127 -0.016172 0.13325
-0.001469 -0.029014 0.22703
0.05975 -0.021765 -0.030838
0.125766 0.012617 0.054855
-0.020717 0.11552 0.057985
0.006057 0.114422 0.043576
0.018124 -0.11585 0.048679
-0.028274 0.130937 0.081978
-0.054107 0.045704 -0.004064
-0.040356 0.100771 0.03869
-0.023614 -0.115169 0.060141
0.095704 -0.029854 0.19043
0.121236 0.024771 0.058067
0.101071 -0.075874 0.067695
0.056446 -0.114444 0.084107
0.111458 -0.059834 0.062876
-0.070267 -0.085506 0.048679
0.077647 -0.102445 0.080867
0.049574 0.04546 0.060991
-0.000403 -0.116886 0.050864
-0.0481 0.052198 0.204445
-0.076738 0.068769 0.040518
0.114736 -0.054436 0.06037
-0.029376 0.131846 0.087211
-0.106224 0.008509 0.055756
0.090779 0.020908 0.197752
0.051867 -0.024115 -0.030557
0.067981 -0.109802 0.094051
-0.038541 -0.08688 0.182528
-0.082619 -0.083821 0.082596
0.040505 -0.130784 0.123311
0.080368 -0.094491 0.075553
-0.02962 -0.115836 0.067819
0.123117 0.029097 0.054894
0.02486 -0.037179 0.224075
-0.083348 0.084645 0.115919
0.080666 -0.101166 0.119895
0.084931 0.090769 0.079622
-0.07234 -0.026312 0.001441
0.116954 -0.056408 0.132233
0.107053 -0.008088 0.182528
0.013057 0.118883 0.145896
0.036441 0.115751 0.057538
-0.007309 0.116899 0.071581
-0.038413 -0.114465 0.081177
0.097764 0.078163 0.097814
0.097679 0.056835 0.033208
0.076199 -0.03655 0.204445
0.080641 -0.101097 0.118808
0.079293 -0.097151 0.118657
0.089994 -0.083439 0.117846
0.051682 -0.116775 0.120982
0.04218 -0.048128 -0.027533
0.078877 0.101102 0.081367
0.123255 0.019223 0.048679
0.010299 -0.106178 0.033208
-0.033443 -0.117469 0.122051
-0.001491 -0.131692 0.136896
0.027664 -0.114661 0.048679
0.056252 0.017581 -0.031462
0.081628 0.10109 0.105572
-0.01901 -0.06268 0.210462
-0.012536 -0.130784 0.064114
0.097321 0.081834 0.068777
0.11563 0.055712 0.130044
0.126257 0.018439 0.133049
-0.027874 0.132329 0.10956
0.030263 0.063798 -0.022489
0.076556 -0.094885 0.063613
0.010548 0.119008 0.087701
-0.029031 0.132054 0.109908
-0.040773 0.115364 0.104499
0.104432 -0.070411 0.066366
0.12169 -0.035053 0.056951
0.082057 -0.097628 0.073714
0.058249 -0.114923 0.105572
-0.026986 0.132054 0.081968
0.11297 -0.06151 0.129468
0.0595 0.095746 0.121009
-0.031195 0.115861 0.069707
0.07627 0.10378 0.082596
0.125802 0.018371 0.133014
-0.022134 -0.002463 0.22703
-0.080899 -0.017598 0.169442
0.057164 0.02272 -0.031123
-0.10271 -0.02809 0.155901
0.048421 -0.037915 0.05978
-0.015269 -0.11803 0.140368
0.07653 0.096755 0.078053
0.080818 0.100089 0.117656
0.051803 -0.10383 0.048046
0.080834 0.100148 0.117083
0.08004 -0.10191 0.11868
0.037497 -0.115529 0.058232
-0.014111 0.089436 0.19043
-0.016288 0.116187 0.079622
-0.025188 -0.130784 0.076312
0.115679 0.058525 0.131047
0.012819 0.117416 0.050548
0.086097 -0.089399 0.073366
0.078602 0.100853 0.078811
0.038856 -0.004986 0.22703
0.116522 0.046034 0.060783
0.034369 -0.11878 0.138275
-0.016795 -0.131692 0.129028
0.076111 -0.103383 0.126194
-0.07252 -0.087954 0.060141
0.080687 0.101297 0.119951
-0.092495 -0.049386 0.137304
0.078767 0.099886 0.078808
0.03967 0.053841 -0.026113
-0.037914 0.114863 0.080614
0.078056 -0.09736 0.116779
0.053046 0.033822 0.132049
0.087177 -0.093259 0.123418
0.052743 -0.10607 0.055756
-0.094564 -0.060429 0.087701
0.044559 -0.117535 0.13059
0.008023 0.063917 -0.019596
0.097172 -0.085053 0.12647
0.049514 -0.05213 -0.024029
-0.001469 0.039514 0.224075
0.025616 0.066514 -0.02124
0.079738 -0.097343 0.118693
0.049328 -0.097933 0.033208
-0.011473 -0.004986 0.229155
0.008518 0.030834 0.22703
0.079307 0.097301 0.077155
0.027759 -0.11336 0.055756
0.008292 -0.116986 0.050094
0.031732 0.131586 0.066164
0.015764 -0.131433 0.137844
0.043517 -0.115294 0.063443
-0.073221 -0.079921 0.043576
-0.021216 0.117696 0.13698
0.079967 0.099134 0.076227
0.117666 0.046674 0.059643
-0.095185 0.067829 0.082596
0.052329 -0.114307 0.073349
-0.111284 -0.019915 0.13633
0.080107 -0.097093 0.119329
0.04202 0.132298 0.079809
0.039004 0.117847 0.136005
-0.019659 0.118807 0.136707
-0.036414 0.115482 0.078301
0.027881 0.035856 0.224075
-0.071742 -0.027477 0.197752
0.01613 0.007084 0.230436
-0.101056 -0.047987 0.060141
0.126616 -0.009709 0.146254
0.049992 0.033238 -0.029953
0.021637 0.116314 0.050711
0.076612 -0.081249 0.033208
0.046564 0.130937 0.112057
-0.006121 -0.026974 0.22703
0.0811 0.098833 0.111164
-0.043555 -0.092654 0.033208
0.077994 -0.09688 0.087701
0.0017 0.118249 0.146643
0.113514 -0.061908 0.130118
-0.004327 0.116932 0.051704
0.127762 -0.023072 0.134895
0.062669 -0.028056 -0.02813
0.034764 0.108884 0.03869
0.045661 0.117182 0.130301
0.078151 0.101887 0.079787
0.010484 -0.118285 0.146705
-0.079845 0.003684 0.004845
-0.078357 -0.082041 0.087701
-0.089713 -0.068035 0.087701
0.120372 -0.004421 0.137304
0.112631 0.064453 0.130635
0.039431 -0.03964 0.220311
-0.004476 0.11647 0.051063
0.127093 -0.00319 0.133402
0.019797 0.06767 0.210462
0.015705 -0.131692 0.137524
0.0918 0.088731 0.124271
0.096662 0.064119 0.034066
0.011187 -0.073774 -0.015762
0.045782 -0.131433 0.084359
-0.08768 -0.056396 0.140379
0.051517 0.115608 0.074591
0.078562 0.101003 0.079524
0.080348 0.101713 0.118609
-0.003764 0.113787 0.043576
0.021567 -0.130784 0.060362
0.058846 -0.114265 0.094052
0.097491 0.082393 0.067533
0.036685 -0.012279 0.22703
-0.038608 -0.101032 0.140379
-0.101419 -0.043806 0.107878
-0.005449 0.015249 0.229155
0.106959 -0.067968 0.127834
-0.05352 0.058319 8e-05
-0.031379 0.131586 0.098611
0.022471 -0.065726 -0.021613
0.081862 -0.097068 0.074813
0.056659 0.03651 -0.028488
0.053267 -0.019862 -0.030907
0.055175 0.11589 0.115918
-0.048955 0.062509 0.197752
0.054754 0.106794 0.048679
-0.014108 0.118476 0.140643
-0.077908 -0.071046 0.03869
0.120363 -0.043379 0.131303
0.086194 -0.079566 0.140379
-0.021402 0.101601 0.033208
0.079831 0.097997 0.117827
0.035849 -0.116662 0.058464
-0.008116 -0.11726 0.053349
0.128002 0.003258 0.133554
0.067805 0.039401 -0.019321
0.054895 0.098635 0.034066
2e-05 -0.130784 0.059193
0.062094 -0.105275 0.107878
0.112323 -0.059367 0.060141
0.049011 -0.11469 0.069045
-0.028396 -0.117233 0.130077
0.009921 0.132298 0.137004
0.109758 0.064559 0.062267
0.129145 -0.00325 0.134304
0.042102 0.118459 0.132369
0.014873 -0.076616 0.204445
0.117054 0.047919 0.097814
-0.074059 -0.066949 0.033208
0.019448 -0.117717 0.107878
-0.020573 0.114954 0.146254
0.078065 0.097518 0.116701
0.122468 -0.028413 0.057658
0.006459 -0.118285 0.146702
0.051383 0.025556 -0.030436
-0.032061 0.107169 0.12767
0.087495 -0.093697 0.12376
-0.032209 0.115781 0.071085
0.081529 -0.099097 0.105572
-0.0014 0.132054 0.060675
-0.016795 0.131845 0.129028
0.113874 -0.052326 0.062067
0.078574 -0.100891 0.077951
0.077732 -0.097968 0.080583
-0.027874 -0.132176 0.087663
0.016953 0.119461 0.144889
0.091129 -0.087924 0.124081
-0.029012 -0.069278 -0.008016
-0.059816 0.10467 0.094052
0.066939 0.09573 0.048046
-0.0761 0.091996 0.094052
-0.009619 0.108765 0.165204
0.122862 0.021769 0.117846
0.056552 0.114247 0.082597
0.043758 0.106229 0.137304
-0.066795 0.031226 -0.000783
0.11833 -0.039182 0.063613
0.037662 0.058304 -0.024486
-0.071742 -0.087109 0.146254
0.008291 -0.11673 0.049777
0.077823 0.102598 0.081611
-0.088485 0.056515 0.137304
0.084634 0.09567 0.12256
0.065402 0.093216 0.040518
-0.023861 -0.132052 0.07719
-0.082317 -0.073645 0.117846
0.124635 0.009698 0.049268
0.052655 0.116416 0.120454
0.027368 -0.119066 0.141861
-0.048852 0.037558 0.210462
-0.035909 -0.116103 0.120623
0.010527 -0.118224 0.107878
0.078566 -0.10087 0.079661
0.044795 -0.108389 0.043576
0.11305 -0.008585 0.1741
-0.107852 0.026663 0.087701
0.006575 0.118897 0.146066
0.052995 0.116366 0.119816
0.052781 -0.023877 0.220311
0.080817 0.100123 0.117372
-0.043603 0.067042 0.197752
0.018723 0.00178 0.230436
-0.011279 0.132329 0.13105
0.076812 0.005736 0.210462
0.045197 -0.050611 -0.026531
0.004316 0.132298 0.136799
0.000967 -0.02974 0.22703
0.052679 -0.105918 0.12767
0.076502 -0.094809 0.117846
0.032472 -0.054533 0.215763
-0.039893 -0.114244 0.084727
0.080562 0.097414 0.076102
0.086394 0.092456 0.123118
-0.035431 0.11733 0.118476
0.111105 -0.045641 0.048046
-0.049849 -0.091897 0.034066
0.058412 -0.11485 0.104624
-0.035603 -0.069393 -0.003849
0.05169 0.034123 -0.029973
0.078316 0.098645 0.079369
-0.029014 -0.099416 0.033208
-0.079293 0.057446 0.1741
-0.056297 0.022328 0.210462
0.036209 -0.131433 0.127333
0.083573 -0.096354 0.07175
0.009985 -0.131128 0.138764
0.002859 -0.008585 0.230436
0.066326 0.014715 0.215763
0.081665 0.099973 0.120773
0.058462 -0.114377 0.092773
-0.04734 0.093697 0.034066
0.12509 -0.022548 0.097814
0.015858 0.130937 0.058869
0.109196 -0.069979 0.13115
0.077458 -0.09737 0.078969
-0.087258 0.06595 0.048679
0.079967 0.084878 0.140379
-0.016057 -0.132145 0.069082
0.069888 0.100552 0.107878
0.112324 0.064149 0.129803
0.07955 -0.101784 0.0867
-0.096197 -0.03282 0.040518
0.048824 0.130937 0.098611
0.045141 0.132054 0.112619
0.077156 0.018793 -0.019321
0.112639 0.058953 0.059997
0.115337 -0.057731 0.136329
0.092218 -0.013891 0.197752
0.129788 -0.003287 0.136882
0.058976 0.098832 0.140379
-0.028738 0.108599 0.155901
0.057982 0.007724 -0.031895
-0.083417 0.074185 0.107878
0.006585 0.119189 0.145801
0.016019 0.11609 0.048679
-0.069395 -0.076177 0.034066
0.099412 -0.0782 0.126013
0.119503 -0.043053 0.131182
0.015764 0.131586 0.059378
-0.034778 0.117157 0.120243
-0.040003 0.115552 0.109477
-0.001072 0.069666 -0.0166
0.01564 0.132054 0.060053
0.050482 -0.043593 -0.027975
0.083148 0.040464 0.197752
0.035785 0.113111 0.048679
0.075905 0.097439 0.08014
-0.001704 0.130937 0.059511
0.079842 0.098135 0.116627
0.080871 -0.100009 0.116787
0.121711 -0.043983 0.132382
0.080807 0.098683 0.075023
-0.008218 0.116789 0.052862
0.092762 0.090063 0.125919
0.029651 0.130937 0.132933
0.080757 -0.097725 0.119319
0.047736 -0.131128 0.089875
0.063764 0.102438 0.048679
0.078924 0.099706 0.081356
0.078246 -0.101383 0.078148
-0.034985 0.11688 0.120378
0.009122 0.068334 -0.019095
0.123664 0.039606 0.135067
0.056624 -0.081696 0.070565
0.017993 -0.114271 0.155901
0.094241 -0.078837 0.049268
0.118732 -0.049753 0.13104
-0.114643 -0.010129 0.126195
-0.028156 -0.115167 0.06509
0.04202 -0.132145 0.117414
-0.072558 0.076209 0.140379
0.061678 -0.098422 0.03869
-0.074551 -0.081222 0.048679
0.114503 -0.054156 0.061178
0.0787 0.101102 0.080615
0.084592 -0.09637 0.122786
0.116383 0.038139 0.12767
-0.011909 -0.1319 0.132082
-0.018883 -0.117667 0.138598
0.052388 0.116619 0.120293
0.089588 -0.043796 0.19043
0.084625 -0.09328 0.122737
-0.038942 0.115097 0.08425
0.070338 0.101288 0.079622
-0.075183 0.014044 0.197752
-0.022859 -0.118458 0.13426
-0.025569 0.037105 0.220311
0.046996 -0.112006 0.146254
0.127835 0.018706 0.133906
0.087728 0.089931 0.073134
0.010533 0.119515 0.145577
0.091291 0.054155 0.182528
0.058656 -0.0319 -0.029048
0.103432 -0.071525 0.097814
0.075305 0.102302 0.071271
0.078572 0.100925 0.079116
0.057307 0.111305 0.136329
0.083519 -0.098387 0.123195
0.009921 0.132298 0.060219
-0.079612 -0.063951 0.034066
0.057036 0.031421 -0.029781
-0.075559 -0.02799 0.00496
0.024911 0.118232 0.143988
-0.109224 -0.02974 0.13633
-0.007128 0.115547 0.063613
0.119985 -0.012914 0.048046
-0.03802 -0.115254 0.082168
0.053839 -0.067947 0.066257
0.021184 -0.07583 0.204445
-0.041972 0.107913 0.087701
-0.019041 0.116208 0.058045
0.039628 -0.117313 0.136329
0.004271 -0.132052 0.060021
-0.029315 -0.110126 0.049268
0.031272 -0.118072 0.140913
0.057164 -0.114982 0.089125
-0.09827 -0.042554 0.12767
0.109129 -0.069634 0.129328
0.044013 -0.132176 0.085035
-0.041852 -0.108008 0.097814
0.108095 -0.065254 0.064614
0.080755 0.099627 0.11759
0.081455 0.099697 0.111191
0.115261 0.052604 0.060814
0.060075 -0.074857 0.169442
0.013145 0.118268 0.146893
0.121083 0.043974 0.131706
-0.027874 0.132329 0.087663
0.103566 0.070322 0.06674
-0.039616 -0.114444 0.084806
0.003393 0.130937 0.05857
0.077384 -0.096886 0.078269
0.030301 0.067757 -0.019319
-0.006523 0.111001 0.137304
-0.020573 -0.00991 0.22703
0.081624 -0.100218 0.121701
0.080898 0.100952 0.119729
-0.039546 -0.109497 0.060141
0.059232 0.094666 0.075612
0.08259 0.093699 0.074882
0.034895 0.132329 0.12597
-0.032926 -0.115025 0.071323
-0.001272 0.118209 0.146116
0.08372 7.7e-05 -0.014076
0.056196 -0.114678 0.084183
0.035593 0.118274 0.138064
-0.056882 -0.090757 0.03869
0.019556 -0.118848 0.087701
-0.03092 0.114954 0.136329
0.059903 0.096204 0.077155
0.0931 0.086639 0.07045
0.082892 -0.096278 0.121499
0.084941 0.096251 0.122982
-0.068438 0.09895 0.105572
-0.101361 -0.059387 0.094052
0.07991 0.101534 0.087353
0.01358 -0.019915 0.229155
0.047917 -0.024765 0.05926
0.054608 0.020294 0.220311
-0.065019 -0.094173 0.087701
0.104365 -0.074525 0.136329
-0.075188 -0.079046 0.055756
0.009772 0.070392 -0.018306
0.124862 0.004238 0.117846
-0.024756 -0.131433 0.076598
-0.010987 -0.006619 0.229155
0.106042 0.016351 0.182528
0.11704 -0.047526 0.146254
-0.096166 0.041365 0.048046
0.065991 0.062509 0.197752
-0.040935 0.105683 0.063613
0.081337 0.094959 0.075453
0.080762 0.101102 0.11931
0.04331 0.131586 0.079085
-0.101673 -0.059556 0.105572
0.125008 0.01907 0.05525
0.025782 -0.103383 0.1741
0.048906 0.074707 0.197752
0.104425 -0.074035 0.127149
0.081314 -0.099097 0.11118
0.078531 0.097555 0.116746
0.078354 0.097683 0.08762
0.12289 -0.004516 0.12767
0.008518 -0.114662 0.155901
0.097877 0.082338 0.136329
-0.064448 0.084952 0.03869
-0.016118 -0.115736 0.071581
0.076111 0.103536 0.126194
0.081687 0.095293 0.121519
0.080311 0.101918 0.117122
0.124294 0.022043 0.071581
-0.039973 -0.115521 0.108394
0.025782 0.103536 0.1741
0.045232 -0.116926 0.131272
0.071649 0.032877 -0.019321
0.075946 -0.097343 0.080594
0.116907 0.056688 0.132689
0.028885 -0.05971 -0.024134
0.082813 0.096485 0.121442
0.01831 0.10537 0.033208
0.121937 0.014802 0.043576
0.09993 0.075456 0.068296
-0.10965 0.040644 0.094052
0.055501 -0.001013 0.06872
0.045145 -0.067604 0.204445
-0.072558 -0.076562 0.140379
0.082078 -0.0972 0.074402
0.043761 -0.130784 0.118391
0.054321 0.109476 0.097814
0.018307 -0.118056 0.146116
0.079785 0.102588 0.115918
0.092934 -0.036952 0.19043
0.062679 -0.097373 0.085671
-0.056925 -0.100091 0.060141
-0.096014 0.068371 0.115919
0.129794 -0.003276 0.135511
-0.105218 0.035286 0.097814
0.10502 -0.074561 0.12766
0.085688 0.071117 0.1741
0.120635 -0.038415 0.056142
0.046996 0.013286 0.224075
0.083623 0.09498 0.122119
0.080758 -0.099465 0.117655
-0.030306 0.132206 0.098611
0.107146 -0.053165 0.137304
0.072943 -0.082697 0.1741
-0.04114 0.114729 0.092796
-0.026482 0.115447 0.063443
0.049356 -0.117325 0.124238
0.080393 -0.101467 0.120116
-0.021196 -0.131433 0.125235
0.015421 0.132329 0.135982
-9.7e-05 -0.118231 0.145998
0.079485 0.100201 0.074935
0.081519 0.100162 0.111196
0.077593 0.097876 0.081664
0.118803 -0.012779 0.140379
-0.092573 -0.057324 0.048679
-0.012414 -0.131128 0.132908
-0.106221 -0.050253 0.105572
0.008518 0.084935 0.197752
-0.090689 -0.033981 0.1741
0.009936 0.132206 0.059814
0.080755 0.099659 0.117325
0.100586 0.076029 0.068021
-0.030512 0.130937 0.088446
-0.101673 7.7e-05 0.165205
0.113326 -0.046623 0.055756
0.079706 0.102588 0.116606
0.080562 -0.098435 0.118382
0.062546 -0.007373 -0.031532
-0.073441 -0.03236 0.004489
0.04249 -0.084373 0.169442
0.079652 -0.098683 0.086682
0.037049 -0.11469 0.107878
0.065136 0.07282 0.19043
-0.036467 -0.115038 0.077882
0.01911 -0.118658 0.144959
-0.078438 -0.067604 0.165204
0.016572 -0.07384 -0.015397
0.017486 0.116784 0.050553
-0.001268 -0.003283 0.230436
0.080692 -0.098331 0.118742
-0.083703 -0.063353 0.03869
-0.116774 7.7e-05 0.105572
0.100478 -0.079109 0.126205
0.079391 0.097807 0.117372
-0.004692 -0.038401 0.224075
-0.061956 -0.090469 0.155901
-0.095703 -0.056325 0.146254
-0.06803 0.042153 0.003287
-0.071153 0.087166 0.107878
0.083293 -0.09873 0.123914
0.047984 0.131845 0.095723
0.080491 -0.098498 0.118121
-0.035067 -0.117242 0.119268
0.055029 0.059306 -0.014076
0.08063 -0.097659 0.075949
0.086756 0.088927 0.073128
0.015525 0.084645 0.197752
0.112626 -0.03227 0.034066
0.07871 0.101539 0.081406
0.086249 0.094487 0.123252
0.123598 7.6e-05 0.056851
0.05483 -0.047477 -0.024029
0.080486 -0.097983 0.098891
0.040668 -0.046787 -0.027606
-0.03814 -0.115737 0.115918
-0.046092 -0.023877 0.215763
0.043309 -0.131433 0.079085
0.123247 0.028312 0.056523
0.077329 0.095605 0.107878
0.119372 -0.040911 0.059048
0.077853 -0.102105 0.079941
0.048521 0.116783 0.127422
-0.020038 0.112841 0.048679
-0.0496 -0.107315 0.071271
0.078573 -0.098844 0.079037
0.042605 0.037105 0.220311
-0.088778 -0.067388 0.107878
0.04746 0.131586 0.089937
0.050187 -0.028297 -0.030137
0.080616 0.099182 0.11753
-0.06093 -0.083869 0.034066
0.103756 -0.069882 0.066657
0.07746 0.102362 0.078719
-0.061956 0.03099 0.204445
0.107472 -0.064774 0.065049
0.078702 0.100411 0.078944
-0.018814 0.116815 0.058464
0.091583 0.084705 0.097814
0.078633 0.098931 0.078807
0.075916 -0.097215 0.079762
-0.073743 -0.020755 0.197752
0.051857 -0.099956 0.034066
0.078737 -0.100497 0.078147
-0.038169 -0.1147 0.081273
0.079499 -0.097526 0.118055
-0.10017 -0.058742 0.126194
0.026752 0.058684 -0.024107
-0.0488 0.101657 0.063613
0.080083 -0.091871 0.049268
-0.01859 -0.073697 -0.009113
0.125998 0.025059 0.133007
-0.039298 -0.116328 0.108164
0.081773 -0.095085 0.121568
0.101514 0.080702 0.128796
0.049903 0.117413 0.123419
0.010364 0.109274 0.040518
-0.012665 -0.130784 0.064207
0.051855 0.115297 0.074753
0.08314 0.009505 -0.014076
0.064919 0.104297 0.146254
0.122865 -0.009399 0.155901
-0.021413 -0.087109 0.19043
0.015816 0.131281 0.0591
-0.073474 0.023446 0.001715
-0.029253 0.110098 0.048679
0.122066 0.024895 0.048679
0.078718 0.096644 0.077182
0.124691 0.02478 0.132683
0.079773 0.098836 0.087377
0.081186 0.098095 0.075037
-0.089236 0.076162 0.082596
0.040096 -0.131433 0.122995
-0.011909 -0.1319 0.065141
0.006551 0.118438 0.146705
0.019534 0.064892 -0.021748
0.010513 0.119515 0.145577
-0.033573 -0.064348 0.204445
0.083335 -0.094548 0.122125
0.080828 -0.09999 0.117151
0.078085 0.098212 0.079205
-0.001469 -0.039361 0.224075
0.113384 0.057135 0.129498
-0.022848 -0.130784 0.073282
0.095036 -0.077602 0.048679
0.00242 0.117723 0.050998
0.116654 -0.046628 0.060686
0.078234 -0.09753 0.086935
0.005158 0.04062 0.224075
-0.031896 -0.130784 0.098611
-0.013493 0.11231 0.043576
0.082005 0.097547 0.120658
0.083518 -0.096284 0.071271
0.005978 0.030729 0.22703
0.084454 -0.096076 0.122557
0.081412 -0.100937 0.111188
0.077272 -0.09765 0.080169
-0.113667 -0.020312 0.082597
-0.026268 -0.132145 0.082305
0.015816 0.131281 0.138123
-0.070567 0.033569 0.001759
0.065336 0.022288 -0.02813
0.021549 0.116469 0.051073
0.092728 -0.089944 0.125912
0.079558 -0.077094 0.1741
0.039413 0.11598 0.06036
0.097668 -0.081628 0.068297
0.060643 -0.001567 -0.031989
0.048235 0.030989 0.220311
0.037049 0.114337 0.107878
-0.028719 0.116063 0.066758
-0.023523 -0.132145 0.119809
-0.045561 -0.042014 0.210462
-0.085904 0.073568 0.060141
-0.000582 0.005001 0.230436
0.076559 -0.097412 0.081127
0.07869 -0.100448 0.080002
0.015245 -0.118459 0.145952
0.004098 0.130937 0.05844
0.11498 -0.047354 0.117846
-0.02908 -0.132176 0.093078
0.103441 0.071178 0.079622
0.001822 0.040204 0.224075
-0.037521 0.115423 0.080779
0.004658 0.116864 0.04992
0.078584 -0.095187 0.076171
-0.110725 0.009957 0.060141
-0.012436 -0.115845 0.053412
0.125143 0.024872 0.132716
0.042374 -0.132052 0.07961
-0.01206 -0.116459 0.054347
0.054931 0.050494 0.210462
0.078441 0.101519 0.080166
-0.066083 -0.018815 0.204445
-0.030355 0.117207 0.127789
-0.040134 0.10396 0.055756
-0.037701 0.115129 0.080703
0.097978 0.078351 0.087701
0.111897 -0.060445 0.061283
0.125735 -0.013238 0.054463
0.047984 0.131845 0.1015
0.058128 -0.114958 0.096557
0.080695 0.09902 0.073267
0.080936 0.101093 0.093349
-0.064844 -0.093949 0.097814
0.058176 -0.114576 0.092795
0.123444 -0.019101 0.049268
0.048255 0.130937 0.091795
0.011058 -0.009953 0.230436
0.062936 0.018286 -0.030363
-0.028075 0.130937 0.115765
0.088252 0.090614 0.072766
0.021727 -0.038401 0.224075
-0.08373 -0.049846 0.1741
0.075445 0.09299 0.055756
0.080047 0.102051 0.118731
0.058456 0.114301 0.090258
0.109595 0.064691 0.061395
0.078668 -0.100412 0.07972
0.028306 -0.116536 0.107878
0.043839 0.106472 0.048046
0.045773 -0.108446 0.155901
0.099063 0.070551 0.155901
-0.013851 0.114139 0.048679
0.123606 -0.00029 0.056847
0.117434 7.7e-05 0.034066
0.009975 -0.131433 0.058741
-0.015409 0.112028 0.12767
0.116966 -0.046796 0.060423
0.116786 -0.029614 0.048046
0.016019 -0.115937 0.048679
-0.107806 7.7e-05 0.048679
-0.058269 -0.102149 0.071271
0.078037 0.097493 0.117036
0.07614 0.097087 0.078805
0.078297 -0.10179 0.080712
0.108556 -0.064125 0.097814
0.086848 0.07988 0.137304
0.080801 0.098971 0.118556
-0.019786 0.132329 0.123971
0.034914 -0.117716 0.139236
-0.068438 7.7e-05 0.204445
-0.037572 -0.104998 0.155901
0.078564 -0.097255 0.117836
-0.06131 0.050799 0.001799
0.126365 -0.000302 0.053691
-0.011158 0.117981 0.143099
0.074949 -0.101604 0.136329
0.123662 -0.039453 0.135066
0.10004 0.068628 0.12767
-0.019588 -0.11544 0.057235
0.110383 0.056796 0.063353
0.118971 -0.030207 0.12767
0.031897 0.131281 0.131289
-0.02306 0.110002 0.043576
0.047134 0.041864 -0.028803
-0.056414 0.048245 -0.00301
0.044129 -0.056834 -0.02333
0.083888 -0.096148 0.072136
0.020487 0.06679 -0.021096
-0.060011 -0.104814 0.105572
0.076972 -0.096704 0.078167
0.080536 -0.101275 0.117952
0.081886 -0.097776 0.073822
0.027403 0.008361 0.229155
-0.105456 -0.026462 0.063613
-0.020606 0.130937 0.070702
0.092218 0.014044 0.197752
0.08063 0.099134 0.074323
0.097154 -0.077982 0.071581
-0.020095 0.132298 0.124248
0.129868 -0.003282 0.135966
0.123112 -0.015433 0.057294
0.077371 -0.097451 0.079237
0.110349 -0.05664 0.063366
-0.020954 -0.131692 0.072205
0.061811 0.013033 -0.03135
-0.102211 -0.044121 0.097814
0.011058 0.010107 0.230436
0.055275 -0.075029 0.068398
0.051642 -0.117312 0.120124
-0.046846 0.102381 0.048679
-0.079578 0.014476 0.005855
0.081261 0.056695 0.19043
0.123488 0.037945 0.132613
-0.091657 -0.048977 0.140379
0.125369 0.022249 0.087701
0.019556 0.118496 0.087701
0.056652 0.114597 0.084806
0.076498 0.097259 0.079185
0.105273 -0.071334 0.065086
0.078664 0.100545 0.079595
0.050652 -0.095979 0.1741
-0.010845 0.056478 0.215763
0.064895 0.018684 -0.02928
0.078701 -0.098135 0.078246
0.053312 0.0457 -0.026047
0.082231 -0.093773 0.074996
0.125418 -0.013142 0.055705
-0.084087 -0.07508 0.079622
0.063756 -0.022808 -0.029001
0.092741 -0.090156 0.126844
0.123882 0.012337 0.057014
0.070285 0.085831 0.033208
0.103643 0.073702 0.126915
0.115664 -0.055489 0.130053
0.120009 0.033889 0.059002
-0.03545 -0.116658 0.119514
0.046194 -0.018974 0.05761
0.025782 -0.011203 0.229155
0.010466 -0.115001 0.055756
0.060625 0.102053 0.055756
0.056322 -0.114944 0.085445
0.061448 0.103662 0.117846
-0.055181 0.088549 0.034066
0.000234 -0.049566 0.220311
0.0202 -0.070874 -0.018244
0.092049 -0.086634 0.071339
0.080442 0.098098 0.118728
-0.08392 -0.064025 0.137304
0.03063 -0.132176 0.129519
-0.082619 0.083974 0.082596
-0.078158 0.0815 0.079622
-0.075898 0.077787 0.155901
-0.003395 0.116708 0.051154
-0.0012 -0.132145 0.061443
0.081003 -0.09603 0.120722
-0.093494 -0.044824 0.140379
0.117434 0.004767 0.034066
0.10167 -0.076903 0.065811
0.025288 0.116788 0.052874
-0.022385 -0.107501 0.03869
-0.001199 0.132298 0.061443
-0.078432 -0.006766 0.003621
0.034764 -0.108731 0.03869
0.08372 -0.003931 -0.014076
-0.090075 0.076815 0.094052
0.079558 0.077247 0.1741
0.078873 0.100488 0.077726
0.055552 -0.115906 0.11322
-0.095006 0.023695 0.033208
0.014177 0.008738 0.230436
-0.029491 -0.132145 0.093018
-0.039469 -0.067719 -0.003006
-0.079612 0.064105 0.034066
-0.048468 -0.060776 -0.002347
0.00995 0.132054 0.137796
-0.041404 -0.092172 0.1741
0.107625 0.065471 0.064943
-0.027312 0.131846 0.081815
0.016528 -0.116291 0.049662
0.060963 0.096987 0.165204
0.075964 -0.085573 0.034066
0.107711 0.062758 0.064776
0.125667 -0.006702 0.055818
0.025344 -0.116382 0.052566
0.09559 -0.08332 0.125045
0.049328 0.097581 0.033208
0.095539 -0.079377 0.069777
0.102939 0.073568 0.060141
0.111076 0.067083 0.131632
0.078516 -0.099061 0.08015
-0.001491 0.131845 0.060327
0.056171 0.11578 0.112358
0.125489 0.012552 0.055668
-0.09066 -0.058142 0.12767
-0.026986 -0.1319 0.115255
-0.051033 0.099886 0.048679
0.100794 -0.075596 0.067933
0.101092 0.076572 0.067488
-0.016057 -0.132145 0.128141
0.119046 -0.049922 0.131343
0.025596 0.116172 0.051901
-0.065994 0.043403 0.00166
0.080752 -0.098306 0.075406
0.092504 -0.087902 0.069015
-0.024671 0.117907 0.133369
0.008518 0.11652 0.049057
0.124003 -0.037883 0.133388
0.062596 -0.042014 0.210462
-0.022395 0.039793 0.220311
-0.011707 0.132206 0.131751
0.081519 -0.100009 0.111196
-0.073744 0.089436 0.136329
0.04978 -0.116802 0.124567
0.087999 -0.092424 0.070687
0.050316 0.049658 0.061832
0.021399 -0.131433 0.060852
-0.027207 0.118287 0.130245
0.039921 0.130937 0.073259
0.069888 -0.100905 0.107878
0.129459 0.009932 0.136782
0.080122 0.097765 0.118711
0.076473 -0.097401 0.08083
0.091782 0.084908 0.087701
0.077787 -0.097412 0.087015
-0.001574 -0.131433 0.137211
0.082473 0.097028 0.074165
0.119516 0.034565 0.048679
0.053452 -0.039625 0.131495
0.037423 -0.116551 0.059528
0.113114 0.056012 0.079622
0.080288 0.101888 0.117529
0.076104 -0.097373 0.081236
0.027664 0.114814 0.048679
-0.007086 0.131586 0.13533
-0.063506 0.091881 0.063613
0.055834 -0.115704 0.113336
0.104982 0.072217 0.063439
0.097723 -0.08196 0.06744
0.010221 0.010282 0.230436
-0.021413 0.087262 0.19043
0.088728 0.081796 0.055756
-0.048831 -0.096043 0.03869
0.083619 -0.096142 0.073271
-0.001491 -0.131692 0.060327
0.079439 -0.097583 0.117789
0.080092 -0.097721 0.111086
0.083865 0.095619 0.073772
-0.006346 -0.132176 0.063636
0.12421 -0.012962 0.05689
-0.106221 7.7e-05 0.155901
-0.041957 -0.114426 0.097892
0.081867 -0.0979 0.072974
0.078361 0.098588 0.079141
-0.01647 -0.07271 0.204445
0.066079 -0.02037 -0.02813
0.12187 0.044373 0.132771
0.057796 0.115273 0.094111
0.012674 0.050234 0.220311
0.126396 -0.013176 0.133192
0.013084 0.118631 0.146198
-0.065367 0.080805 0.040518
-0.010845 -0.056325 0.215763
0.060603 0.09711 0.078921
-0.059124 0.051689 8.6e-05
-0.028075 -0.130784 0.081457
-0.067984 -0.041963 0.003277
0.103972 -0.052398 0.034066
0.080441 -0.09855 0.117869
-0.060843 0.088467 0.048046
-0.03187 0.04395 0.215763
0.078601 -0.096567 0.077295
0.077798 0.098138 0.080831
0.051889 -0.029074 -0.030404
0.080847 0.100462 0.118248
0.078636 -0.097184 0.118136
-0.040863 0.115376 0.096549
0.077798 -0.097985 0.080831
0.024129 0.062677 -0.02292
-0.104433 -0.028526 0.049268
0.087062 -0.09041 0.073377
-0.016317 0.132206 0.128453
0.009935 -0.132052 0.059814
0.009985 0.131281 0.058458
0.077764 0.088013 0.03869
0.112561 -0.064075 0.130215
0.004154 -0.131433 0.138269
0.079614 -0.102377 0.117684
0.101692 -0.07022 0.063613
0.003598 -0.1167 0.050009
0.071276 0.041703 -0.014076
-0.031646 0.130937 0.102031
0.050652 -0.027451 0.220311
0.042712 0.132054 0.079421
0.003568 -0.116492 0.04966
-0.029315 0.110279 0.049268
-0.104444 0.035044 0.071581
0.059703 -0.095676 0.076682
-0.006121 -0.057731 0.215763
-0.021298 0.007627 0.22703
-0.018643 -0.072093 -0.010437
0.081735 -0.100009 0.105572
0.084459 -0.097641 0.125125
-0.045561 0.042168 0.210462
-0.018965 -0.116338 0.058304
0.045145 -0.046982 0.215763
0.006806 -0.130784 0.058341
-0.001302 0.132206 0.06105
0.017617 -0.004848 0.230436
0.100766 -0.060192 0.165204
0.051768 0.117446 0.119893
-0.099142 0.03868 0.043576
-0.021232 -0.117392 0.13736
-0.031258 -0.130784 0.091794
0.05917 0.094951 0.121746
0.113498 -0.052132 0.062202
-0.040882 -0.115244 0.101606
0.058992 0.114579 0.097892
-0.01197 0.116617 0.054308
0.060149 -0.096439 0.077754
0.10014 -0.078805 0.126062
-0.016795 -0.131692 0.068195
-0.110571 -0.009192 0.087701
-0.101328 -0.034423 0.055756
0.114994 -0.053058 0.060942
-0.001199 0.132298 0.13578
0.124928 0.019154 0.053967
0.044013 0.132329 0.085035
0.128097 0.009757 0.13364
0.120214 -0.04892 0.134086
0.058814 0.093827 0.12251
0.080812 -0.100459 0.117178
0.052457 0.05603 -0.019321
0.105148 0.071947 0.064753
0.124171 -0.031048 0.132407
-0.031199 0.090622 0.182528
-0.101328 0.03407 0.055756
-0.071046 -0.015414 0.000171
-0.031174 0.10481 0.137304
0.083078 0.094413 0.122201
0.078808 0.100172 0.080589
0.115477 0.053048 0.059139
-0.018863 -0.116658 0.058496
0.058847 7.7e-05 0.220311
0.000234 -0.018809 0.229155
-0.041125 -0.113098 0.126194
0.04535 -0.000177 0.056847
0.01555 -0.108714 0.034066
-0.095703 0.056478 0.146254
0.035951 -0.116342 0.058272
0.018139 -0.116041 0.049268
-0.105829 0.009552 0.155901
0.124142 -0.037964 0.133823
-0.021407 0.131281 0.125424
-0.090078 0.047854 0.040518
0.073961 -0.100091 0.060141
0.105546 -0.049625 0.034066
0.056364 -0.030997 -0.029999
-0.021703 0.07453 -0.006872
0.101004 0.079883 0.126697
-0.044863 -0.064408 -0.001823
-0.104656 -0.049566 0.126194
-0.020686 -0.1319 0.072445
0.057315 -0.115899 0.102763
0.052823 0.039954 -0.028618
0.080383 0.102589 0.099494
0.065887 0.087887 0.1741
0.122241 0.030742 0.107878
-0.0843 0.0749 0.087701
-0.035745 0.100987 0.165204
0.059364 -0.09489 0.075907
0.032554 0.116709 0.056301
-0.021413 -0.027477 0.224075
0.043556 -0.131128 0.118276
-0.107409 0.009683 0.048679
-0.048955 -0.062355 0.197752
0.016624 -0.063545 -0.021561
0.032033 0.130937 0.065743
-0.068118 -0.024379 -0.000561
0.011253 -0.11874 0.146028
0.081624 -0.096621 0.120642
0.008518 7.7e-05 0.230864
-0.023713 0.118557 0.133587
0.029333 0.116154 0.053748
0.122398 -0.013189 0.055756
0.101302 -0.076136 0.067399
0.082298 -0.087997 0.055756
-0.013997 0.118765 0.140406
0.079672 0.101937 0.087394
0.001829 0.118864 0.145651
-0.094564 0.060076 0.087701
-0.08132 0.082779 0.071272
0.019529 -0.118565 0.097814
0.039553 -0.1319 0.122576
0.080178 0.098458 0.116679
0.084304 0.095909 0.122383
0.082868 -0.011901 -0.014076
0.080708 -0.100844 0.117875
-0.11294 7.7e-05 0.13633
-0.068984 -0.085134 0.055756
0.084527 0.097734 0.125161
0.051343 -0.102734 0.140379
-0.113591 7.7e-05 0.071272
0.102034 -0.07271 0.146254
-0.076759 0.02493 0.005227
-0.045242 -0.095663 0.040518
0.039637 -0.0639 -0.019321
0.124734 0.018972 0.056062
0.02845 0.117024 0.097814
0.053724 0.023621 0.131127
0.028859 -0.003318 0.229155
-0.098009 0.046804 0.048679
0.057494 -0.115366 0.092839
0.021089 -0.072206 -0.016682
-0.0761 -0.091842 0.094052
-0.024688 -0.118026 0.133009
0.105155 0.072077 0.064318
-0.01611 0.115343 0.107878
-0.03819 -0.116642 0.111964
-0.011707 -0.132052 0.131751
0.052052 -0.058913 0.06389
0.008518 -0.098796 0.182528
-0.083702 0.063507 0.03869
0.118701 -0.021325 0.048046
0.11833 0.038829 0.063613
0.086091 -0.096201 0.125847
0.1251 0.022198 0.079622
-0.102062 -0.029128 0.043576
0.09247 0.085749 0.071303
0.078959 -0.097488 0.117143
-0.106975 0.039725 0.071272
0.108221 0.035246 0.033208
0.060467 -0.096957 0.118655
0.058573 0.114575 0.094082
-0.026914 0.115084 0.062952
-0.009545 0.119245 0.14218
-0.032744 0.116955 0.124567
0.124287 -0.013405 0.063613
0.078043 -0.097287 0.117448
0.126557 -0.016111 0.133139
0.114237 0.003836 0.033208
0.114452 -0.054862 0.129785
0.054461 0.11628 0.116006
0.050986 0.114556 0.071272
0.092088 0.090859 0.127199
-0.093708 -0.06671 0.071272
0.07978 0.098099 0.117145
0.076836 0.097595 0.080099
-0.09858 -0.052357 0.079622
0.01829 0.090149 0.169442
0.125555 -0.022562 0.132839
-0.023572 0.111789 0.048679
0.062487 0.10569 0.079622
0.012674 -0.009398 0.230436
0.018333 0.018213 0.229155
0.058937 -0.094096 0.122246
-0.023586 -0.093439 0.182528
0.060383 -0.006375 -0.031924
-0.070826 -0.037752 0.003907
0.059401 0.099662 0.137304
0.020504 -0.116348 0.050815
0.078652 -0.097605 0.077969
-0.075183 -0.090846 0.126194
0.12038 0.039556 0.097814
0.108137 0.051105 0.03869
0.044133 0.056992 -0.023331
0.084925 -0.091114 0.097814
-0.024485 -0.131692 0.076777
0.101399 0.077436 0.065455
0.04402 -0.106072 0.03869
0.07834 -0.096979 0.118663
-0.016795 0.131845 0.068195
0.077698 -0.097789 0.079482
0.026447 0.132054 0.133483
0.080124 -0.09823 0.117491
0.086542 -0.060652 0.182528
0.084527 -0.097581 0.125155
0.080104 -0.097625 0.118673
0.036223 0.11105 0.12767
0.119928 0.040746 0.058206
-0.025067 -0.118305 0.13237
0.05612 -0.016265 0.220311
-0.058568 -0.061725 0.169442
0.038856 0.005139 0.22703
0.035733 0.132054 0.126839
0.003393 0.130937 0.138653
0.079542 -0.096108 0.120361
-0.109502 -0.019617 0.060141
0.034114 0.102652 0.033208
0.116942 -0.056464 0.132698
0.045226 0.117632 0.129872
0.082834 0.093989 0.074862
0.072355 0.097306 0.048679
-0.099009 0.033346 0.048046
0.079123 -0.09753 0.092912
-0.090355 7.7e-05 0.182528
0.057294 0.114862 0.088588
0.028509 0.005139 0.229155
0.107738 -0.06849 0.127909
-0.097862 -0.033379 0.140379
0.041459 0.067798 -0.014076
0.080401 0.098796 0.11723
0.113732 -0.053607 0.062101
-0.090018 0.07677 0.115919
0.078722 0.099956 0.07907
0.087933 0.094771 0.12563
0.085119 0.097144 0.124232
-0.099925 -0.016687 0.040518
-0.040134 -0.104312 0.055756
0.065465 -0.105154 0.060141
0.057158 0.115942 0.105303
0.08208 -0.095347 0.121471
-0.074255 -0.064348 0.1741
0.036106 0.117662 0.138897
0.08101 -0.101778 0.098858
-0.089488 -0.067879 0.079622
0.081387 0.100595 0.121353
0.055056 0.035774 -0.029234
-0.061956 -0.030836 0.204445
0.080048 -0.100484 0.086611
0.019314 -0.116307 0.117846
0.079625 -0.097965 0.077042
-0.01128 -0.132176 0.066172
0.020788 -0.132176 0.134579
-0.064974 -0.094345 0.060141
0.108094 0.062988 0.064723
0.123847 0.025624 0.054522
0.078435 -0.098359 0.078873
0.08017 0.100636 0.087308
0.048207 -0.117744 0.125434
0.060891 0.097427 0.117529
0.08314 -0.009352 -0.014076
0.022609 0.073947 -0.014076
-0.013493 -0.112157 0.043576
0.069247 0.078101 0.182528
-0.108454 -0.000176 0.063613
0.045896 -0.112995 0.097814
0.069949 -0.093487 0.03869
0.023348 0.071401 -0.017327
0.107474 0.050016 0.140379
0.030306 -0.067626 -0.01932
-0.057542 0.098859 0.097814
0.066998 0.003458 -0.029795
0.089555 -0.087954 0.060141
0.035568 -0.106743 0.165204
0.035337 0.111259 0.043576
0.080119 -0.098262 0.117243
0.056358 0.031144 -0.029969
0.101271 0.076813 0.067142
0.023547 0.130937 0.061203
0.078976 -0.097513 0.116859
-0.029958 0.131281 0.087036
0.124372 -0.022292 0.055943
0.077764 -0.08786 0.03869
-0.059776 0.104609 0.115919
-0.043603 0.056695 0.204445
0.017617 0.109891 0.165204
0.017078 0.118591 0.145667
0.008518 0.110268 0.165204
0.074778 -0.025828 -0.019321
0.121575 0.034485 0.057688
0.101618 0.069811 0.117846
-0.012463 0.107056 0.034066
0.058347 -0.031784 -0.029232
-0.100079 0.024867 0.140379
0.025212 0.117083 0.053132
0.01364 -0.130784 0.138597
0.015214 -0.019428 0.229155
-0.050946 0.109955 0.094052
-0.012313 0.022706 0.22703
0.012401 -0.116504 0.04957
-0.007756 -0.097448 0.182528
0.036572 -0.115443 0.057203
0.113365 0.051502 0.062144
0.027731 0.112844 0.12767
0.034954 0.105997 0.040518
0.010397 -0.111384 0.140379
0.080405 -0.098605 0.117536
0.080921 0.099932 0.118467
0.108594 -0.066279 0.061846
0.052461 0.022462 0.132814
-0.027312 -0.131692 0.115408
-0.084998 0.032181 0.182528
0.018124 0.116003 0.048679
0.126211 0.006158 0.054622
0.008518 -0.068452 0.210462
0.01358 -0.030261 0.22703
0.082588 -0.093548 0.074873
0.119178 0.033653 0.059107
0.09159 -0.085065 0.079622
0.055576 -0.08688 0.182528
0.077037 0.096379 0.077408
-0.024406 -0.11225 0.063613
0.038612 -0.061813 -0.021721
0.1261 -0.016051 0.133103
-0.055106 -0.097306 0.048679
0.058233 -0.114122 0.088942
0.002859 0.008738 0.230436
0.129866 -0.003285 0.136427
0.063128 -0.023877 0.215763
0.127676 0.009721 0.133455
-0.04779 -0.100208 0.12767
-0.058447 -0.052044 0.197752
0.081947 -0.099891 0.123257
0.122969 -0.0286 0.056976
0.045774 0.016418 0.224075
-0.060843 -0.088819 0.048046
0.055995 0.115388 0.084994
-0.016564 0.132054 0.128751
0.061198 -0.097939 0.140379
0.044904 0.11823 0.129533
0.051626 0.056789 0.063381
-0.051391 -0.068707 0.169442
-0.012266 -0.131433 0.064556
0.066902 -0.091919 0.034066
0.08102 -0.095491 0.075713
0.078634 -0.100935 0.080287
-0.076815 0.031688 0.169442
-0.087538 0.042211 0.1741
-0.053914 -0.067743 0.19043
0.119616 0.039285 0.071581
0.108221 -0.035598 0.033208
0.078426 -0.101119 0.078682
0.079548 -0.097722 0.092861
0.126458 0.0133 0.079622
0.087362 0.09366 0.123587
0.04478 0.132206 0.11248
0.11422 -0.052521 0.061867
-0.009462 -0.117196 0.053869
0.124955 0.004242 0.063613
0.060963 0.028458 0.215763
-0.030693 0.132054 0.098611
0.009936 0.132206 0.137409
0.080708 0.098472 0.118781
-0.040346 -0.115008 0.090407
-0.115993 0.010394 0.094052
-0.010374 -0.074524 0.204445
0.027759 0.113007 0.055756
0.082649 -0.094102 0.122256
-0.012096 0.131845 0.132389
-0.081709 0.062141 0.040518
-0.038683 -0.114265 0.081072
-0.010368 -0.008207 0.229155
-0.01571 0.116171 0.055765
0.082868 0.012054 -0.014076
0.047965 0.130937 0.107398
0.031108 0.132206 0.067036
0.028951 0.117957 0.142784
-0.109438 -0.009106 0.107878
-0.104656 0.018962 0.155901
-0.004306 -0.117075 0.05198
-0.113667 0.020466 0.082597
0.078507 0.097494 0.117357
0.114418 0.055083 0.129776
-0.054212 -0.050263 -0.003552
-0.041376 0.115003 0.104624
0.120628 -0.00443 0.048046
-0.052211 -0.077948 0.182528
-0.095185 -0.067676 0.082596
0.085474 7.7e-05 0.204445
0.113593 0.046167 0.155901
0.058391 0.11494 0.097865
0.109513 -0.054434 0.055756
-0.041125 -0.008207 0.220311
-0.037881 -0.098521 0.034066
-0.008746 0.103536 0.1741
0.086767 0.092893 0.123176
-0.017712 0.118074 0.138952
0.042511 0.117284 0.133943
-0.007639 -0.075067 -0.01157
-0.030183 -0.130784 0.086968
-0.064225 0.056695 0.19043
0.086228 -0.08434 0.155901
0.086229 0.084493 0.155901
-0.011127 0.073335 -0.012186
0.119746 0.028243 0.155901
0.0214 0.116931 0.051714
0.036045 0.062833 0.210462
0.12039 0.039559 0.079622
0.105428 -0.052369 0.165204
0.080134 0.101927 0.119216
-0.067567 -0.097677 0.082596
-0.004514 -0.116316 0.051073
0.005796 0.119186 0.145764
-0.026139 0.11597 0.063852
0.072141 -0.097306 0.048679
-0.03596 -0.116213 0.119816
0.112155 -0.0422 0.03869
0.076855 0.097633 0.080371
-0.093786 0.055441 0.048679
-0.100864 -0.008455 0.040518
-0.11592 -0.010235 0.115919
0.055723 -0.065914 0.128134
-0.055106 0.097459 0.048679
0.044779 -0.132052 0.084742
-0.087538 -0.06268 0.155901
0.025341 0.066508 0.210462
0.04259 0.11761 0.132956
-0.008177 -0.11693 0.053133
-0.041198 0.114275 0.088942
0.124958 -0.031278 0.132833
0.115519 0.052975 0.059574
0.103194 0.070063 0.06678
-0.040259 -0.114709 0.088588
0.038925 0.132298 0.122091
0.061299 0.097526 0.116361
-0.035224 0.116637 0.120528
0.041035 -0.1178 0.133963
0.081261 -0.056542 0.19043
0.078342 -0.101246 0.07775
0.055411 0.116493 0.112049
0.045782 0.131586 0.084359
0.102069 -0.059988 0.140379
-0.09947 0.027112 0.140379
0.081143 0.0978 0.075334
0.094573 0.07537 0.12767
0.078026 -0.098266 0.080278
0.085839 0.079537 0.140379
0.055718 -0.077215 0.069069
0.083274 -0.094422 0.074673
0.020788 0.132329 0.134579
0.126577 0.01611 0.133145
0.078058 0.097423 0.117528
0.078835 -0.083887 0.040518
-0.100794 -0.021485 0.140379
0.052014 -0.044513 -0.027153
-0.033144 -0.114786 0.07116
0.082713 -0.09369 0.074878
0.057998 -0.115185 0.100694
-0.017231 -0.016746 0.22703
-0.025892 -0.132176 0.114742
-0.083662 7.7e-05 0.19043
-0.030275 0.132054 0.092902
-0.098301 -0.026974 0.165205
0.045546 -0.08434 0.19043
0.048326 0.032337 -0.029672
0.065336 -0.022135 -0.02813
0.045478 -0.131692 0.112747
-0.050401 -0.088468 0.033208
0.060223 -0.096729 0.119285
0.129528 -0.009902 0.136324
0.127419 -0.016233 0.133434
0.101459 0.077342 0.0659
-0.103604 0.025682 0.055756
0.049061 0.003436 0.224075
0.045611 -0.132176 0.106874
-0.018916 0.116495 0.058272
-0.022122 -0.116427 0.060754
-0.088392 0.052522 0.165204
0.02689 0.131281 0.134345
0.047631 -0.11685 0.127997
0.07129 0.095683 0.043576
0.07869 -0.099535 0.080343
0.057704 0.115733 0.097816
0.018548 -0.002463 0.230436
0.112958 0.051325 0.062144
0.078578 0.101048 0.079844
-0.002761 0.06767 0.210462
-0.005449 -0.015096 0.229155
0.079338 -0.097118 0.11875
-0.055195 0.095327 0.12767
-0.092904 -0.031791 0.033208
0.105143 -0.071137 0.065474
-0.095425 0.047792 0.043576
0.078918 -0.096879 0.07731
0.063385 0.026925 -0.02813
-0.092362 0.058786 0.117846
0.078281 0.098748 0.079888
0.060185 0.096625 0.077847
0.081007 0.099841 0.118798
0.055055 0.115407 0.082168
0.045896 0.112643 0.097814
0.044555 -0.108972 0.12767
0.002276 -0.106026 0.033208
-0.089025 0.063805 0.049268
-0.041828 0.114742 0.100798
0.036274 0.115956 0.05782
0.002899 -0.0732 -0.015438
0.105547 0.049778 0.034066
-0.001573 0.131586 0.137211
0.043735 0.057414 -0.023215
0.053443 0.107384 0.117846
-0.041242 -0.113364 0.082596
0.042898 0.115305 0.062447
0.032789 0.059674 -0.024309
0.090904 0.089575 0.069112
0.103071 0.060275 0.048046
-0.031666 0.066674 -0.00838
-0.041736 0.114368 0.092747
-0.012414 -0.131128 0.064314
0.057917 0.115397 0.101606
0.064919 0.019439 0.215763
0.087817 0.094382 0.12449
0.048906 0.04395 0.215763
0.076606 -0.097 0.078866
0.039894 0.118611 0.13426
-0.070898 0.074655 0.034066
0.126709 0.025234 0.133566
0.044401 0.132298 0.112335
-0.004434 -0.116523 0.051409
0.072943 0.042167 0.204445
0.081285 0.101528 0.099443
0.051873 0.04488 -0.027113
0.080402 0.098766 0.117477
0.083694 0.09526 0.074177
-0.038003 -0.115765 0.116279
-0.036257 -0.058411 -0.008526
0.104109 -0.070147 0.066545
0.079124 -0.10028 0.076634
-0.002204 0.118353 0.145584
-0.020085 -0.112874 0.049268
0.031033 -0.118612 0.140406
0.077523 -0.095888 0.076939
0.081913 -0.097336 0.074509
0.031732 -0.131433 0.131059
-0.018607 -0.070316 -0.011518
0.109183 0.070031 0.129745
-0.08255 0.002328 0.169442
0.106644 -0.062905 0.117846
0.009994 -0.130784 0.058224
0.005124 0.020418 0.229155
-0.039084 -0.016265 0.220311
0.058843 -0.092997 0.074774
-0.092392 0.054686 0.155901
0.045209 -0.110932 0.063613
0.004697 0.117421 0.050511
-0.115993 -0.010241 0.094052
0.052103 0.117395 0.119268
0.078966 -0.09745 0.117427
-0.071733 -0.088157 0.079622
0.077686 0.101973 0.077411
0.095704 0.080337 0.146254
0.12039 -0.039912 0.079622
0.043795 0.130937 0.118319
-0.037151 0.114342 0.076757
0.078022 0.096134 0.076995
-0.023121 0.107495 0.137304
0.096128 -0.077083 0.063613
0.080754 0.100907 0.118364
0.060044 -0.09648 0.119721
0.032472 -0.044187 0.220311
0.058285 0.114774 0.094095
0.081547 0.100631 0.099428
0.08677 0.095791 0.125308
0.0787 -0.100949 0.080615
0.050652 0.027604 0.220311
0.0791 0.097455 0.118153
0.078707 0.099438 0.078939
0.096929 0.081295 0.069412
-0.008156 -0.071567 -0.014023
-0.006877 0.113663 0.055756
0.106722 0.062603 0.063613
0.052106 -0.011094 0.133265
-0.068873 -0.085012 0.12767
0.044607 0.108776 0.055756
-0.10017 0.058896 0.126194
-0.064448 -0.084799 0.03869
0.039196 -0.045418 -0.02739
-0.006121 0.027127 0.22703
0.122075 0.024944 0.057949
0.127139 0.004324 0.079622
0.05899 -0.114363 0.096571
0.083205 0.098962 0.123846
-0.010501 0.118605 0.142312
0.084299 -0.093062 0.122793
0.122832 -0.037406 0.132073
-0.064319 -0.093277 0.107878
0.029006 -0.116464 0.054308
-0.041093 0.115111 0.096557
-0.021968 -0.117693 0.136005
0.008533 -0.066003 -0.019528
0.054169 0.117024 0.11474
0.078579 0.098839 0.081436
-0.090075 -0.076661 0.094052
-0.093205 0.046772 0.03869
-0.000567 -0.116268 0.049838
-0.100929 0.039319 0.048679
-0.050946 -0.109802 0.094052
0.008288 -0.116368 0.049049
-0.086978 -0.046693 0.033208
0.121661 0.024855 0.058041
-0.050083 0.098295 0.043576
0.010091 0.063421 -0.020113
0.043463 0.105344 0.140379
0.014346 0.074667 -0.014765
-0.028964 -0.057293 0.210462
0.062094 0.104922 0.107878
0.069247 0.047344 0.204445
-0.084079 -0.075074 0.097814
-0.020721 0.118436 0.136251
-0.090802 -0.058225 0.055756
0.078403 0.101284 0.076601
-0.024992 0.131281 0.120781
-0.06093 0.084022 0.034066
0.057547 -0.115447 0.104439
-0.031466 -0.130784 0.104496
-0.033273 0.116592 0.124954
0.053538 -0.034519 -0.029771
0.121915 -0.044099 0.132784
-0.045242 0.09531 0.040518
0.004123 -0.131128 0.058673
-0.039443 -0.115467 0.112473
0.008518 0.050406 0.220311
0.004316 0.132298 0.060424
0.125838 -0.000298 0.055728
0.059102 -0.094562 0.121894
0.006109 0.111979 0.03869
-0.012344 0.116003 0.053372
-0.028861 0.115756 0.066608
0.010221 -0.010129 0.230436
0.017617 -0.109738 0.165204
0.042576 0.099284 0.1741
0.078379 0.096367 0.077114
0.04679 -0.1319 0.107137
0.038609 0.061962 -0.02172
-0.098366 0.024472 0.040518
-0.029485 0.132329 0.098611
-0.010987 -0.11681 0.146254
0.108342 -0.065478 0.064311
0.125133 -0.015762 0.055854
0.046265 0.130937 0.113048
0.100383 -0.007536 0.19043
-0.008308 0.116536 0.052566
-0.059163 0.036704 0.204445
0.058249 0.115076 0.105572
0.025209 0.064483 -0.022328
0.111472 -0.036751 0.040518
0.068787 -0.092172 0.165204
0.027554 -0.06529 -0.02176
0.031333 -0.1319 0.066721
0.075964 0.085726 0.034066
0.015816 -0.131128 0.0591
-0.041639 -0.00408 0.220311
