5637
0.091064 0.086306 0.0449
0.115955 0.046625 0.127914
-0.06421 -0.074799 0.062678
0.117554 0.032052 -0.000587
0.062164 0.061162 -0.036332
0.048695 -0.010682 0.189242
0.033927 -0.083053 0.150557
-0.049649 -0.073067 0.010931
0.131497 -0.016859 0.042397
0.119352 -0.00483 -0.005421
0.11619 -0.039453 -0.000571
0.089392 0.082425 0.097053
-0.006501 -0.033086 0.183382
0.11839 -0.029022 -0.00231
0.091211 -0.012317 -0.044307
-0.018094 -0.097313 0.110051
0.098573 0.054103 0.143842
0.045382 0.05966 0.170149
-0.06193 0.039 -0.00859
0.09027 0.086924 0.095357
-0.003084 -0.010682 0.189242
0.090264 -0.089067 0.089991
-0.066611 -0.070986 0.092041
-0.014204 0.07429 -0.02009
0.023572 0.007427 0.192238
0.089613 -0.084823 0.047612
0.119694 0.022922 -0.005354
0.115028 0.042948 0.001174
0.122123 -0.031366 0.022267
-0.021509 -0.084441 0.135469
0.065294 0.045308 -0.04294
0.022805 0.048418 0.179839
0.10963 -0.01458 -0.024398
0.088658 0.082648 0.096522
-0.016256 -0.022852 0.183427
-0.057469 -0.081279 0.073411
0.119909 0.007746 -0.005454
0.074779 0.097663 0.074207
0.090659 0.086338 0.09694
0.107 0.062965 0.018135
-0.072054 -0.030523 -0.004082
0.045832 0.071436 -0.031987
0.048281 0.060084 -0.038277
0.031768 -0.003663 0.19219
0.109441 -0.065939 0.111643
0.062259 0.048659 -0.042105
0.069663 -0.042826 -0.04398
0.090663 -0.087277 0.098693
0.112312 -0.061445 0.113968
-0.047417 -0.052395 -0.013067
0.123418 -0.034232 0.123317
0.089827 -0.088028 0.04509
0.051838 -0.106102 0.073301
0.092923 0.083796 0.102432
0.101495 0.073148 0.027638
-0.038236 0.060596 0.151196
0.125159 -0.029442 0.126531
-0.05201 -0.075498 0.020804
0.022805 0.007455 0.192239
0.093995 0.082003 0.041329
-0.075376 0.02546 -0.001751
-0.03318 -0.087482 0.118846
-0.004008 0.080067 -0.018841
0.061182 0.102612 0.074229
0.116492 0.038182 -0.000752
0.039781 0.068991 -0.034596
-0.039771 0.000165 0.175066
0.043188 -0.072471 -0.031932
0.112248 0.051818 0.006706
0.119654 -0.01979 -0.004495
0.082639 0.083941 0.119609
-0.092477 -0.028857 0.062883
-0.060474 0.013155 0.157835
0.084568 0.083786 0.048859
0.104759 -0.068509 0.019911
0.088908 -0.084038 0.09538
-0.072096 0.016429 -0.005944
0.088911 0.084373 0.049937
-0.026897 0.093603 0.031732
0.090177 -0.085368 0.057498
0.127226 -0.015673 0.129595
0.11529 0.040599 0.120184
0.091101 0.087823 0.057116
0.091364 0.086635 0.057067
0.031008 0.003082 0.192219
0.09115 -0.089495 0.063083
-0.078584 0.020974 0.001807
0.044383 0.04436 0.17982
-0.067763 -0.042607 -0.00264
0.087938 0.080404 0.042188
0.120318 -0.045175 0.122565
0.090566 -0.087623 0.096739
-0.096391 -0.007141 0.083062
0.134379 -0.017468 0.073695
0.116626 0.038081 -0.000415
-0.045429 -0.075352 0.127371
0.079874 0.004629 -0.047243
-0.044317 0.086657 0.042109
0.084545 -0.085032 0.05191
0.058671 0.063831 -0.0354
0.102053 -0.072668 0.023306
0.09014 -0.088393 0.093228
0.099865 0.07696 0.107399
0.081224 -0.011036 -0.047495
0.111015 0.062683 0.11467
-0.089206 0.01826 0.110565
-0.039147 -0.009094 0.175025
0.079092 0.095573 0.074197
0.095971 0.0231 0.164211
-0.027147 0.073344 -0.014302
0.090871 0.084414 0.068501
0.093322 0.083564 0.101757
0.112588 0.053798 0.115217
0.090352 -0.088237 0.091783
-0.007655 0.094191 0.011674
-0.090907 -0.006983 0.110453
0.090641 -0.085523 0.046685
0.092207 -0.088953 0.068738
0.117972 -0.043507 0.119337
0.060266 -0.100883 0.041274
0.092176 -0.086315 0.078983
-0.001164 -0.105879 0.091885
0.112803 -0.028911 -0.000717
0.089679 0.08851 0.052579
0.092399 0.084273 0.099761
-0.023535 -0.026896 0.179504
0.099395 -0.07881 0.104865
0.08991 -0.088683 0.093552
0.046011 0.061479 -0.037656
0.062125 0.054435 -0.040655
0.090038 -0.086192 0.092081
0.108783 -0.058998 0.014412
0.092136 -0.08596 0.07339
0.107244 0.065642 0.11004
-0.001293 -0.074277 -0.025
0.090196 -0.086632 0.049045
0.016792 0.032145 0.186901
-0.061739 -0.005613 0.157752
0.094854 0.081454 0.101654
-0.000859 -0.026936 0.186638
0.08851 -0.085268 0.089903
0.089343 -0.085099 0.057631
0.09621 0.078427 0.037089
0.070107 -0.038258 0.174896
-0.074461 0.0303 -0.000558
0.09181 -0.085679 0.073391
0.089982 0.088296 0.090712
0.110561 0.056104 0.00967
0.07293 -0.029669 -0.045517
-0.04922 -0.027669 0.163986
0.056182 0.103004 0.052766
0.094032 0.082981 0.040638
0.113652 -0.048413 0.005313
-0.066751 0.014251 0.15099
0.090649 -0.087498 0.096138
0.043335 0.073803 0.158105
0.033234 -0.033348 0.18661
0.089184 0.084372 0.057422
-0.077614 0.016167 0.135917
-0.070591 -0.068104 0.062708
-0.074423 0.020215 -0.004181
0.005908 -0.093349 0.001299
0.119405 -0.014711 -0.004679
0.090494 -0.084027 0.045714
0.084479 -0.084566 0.048678
0.094895 0.081691 0.101957
0.111519 0.062951 0.063538
0.029755 -0.077234 -0.028419
0.044363 0.035736 0.183688
0.122491 -0.033853 0.122552
0.031904 -0.101322 0.02069
-0.020306 0.013122 0.183588
0.105425 0.064734 0.020722
0.090054 0.085136 0.092547
0.08363 0.043158 0.1643
0.087937 0.009734 -0.046574
0.011789 -0.049435 0.179403
-0.006137 0.104825 0.083559
0.127577 -0.009929 0.127328
0.066671 -0.030243 0.179489
0.089777 -0.085768 0.089885
-0.019193 0.07715 -0.014862
0.069505 -0.079685 -0.007786
0.118256 0.047474 0.119056
0.114847 0.055532 0.118845
0.085753 -0.025933 -0.044661
-0.073679 -0.007754 -0.005624
0.020588 -0.050418 0.179399
0.067884 -0.041722 -0.044026
0.085479 0.031424 -0.042602
-0.036278 0.069223 -0.011903
0.072051 0.068795 0.151232
0.098592 -0.076934 0.032418
0.115607 0.054082 0.119475
0.027687 -0.109167 0.073286
-0.05303 0.047138 -0.011106
0.10932 -0.065714 0.111296
0.107697 0.067317 0.113131
0.082657 -0.093331 0.091941
-0.078632 0.003815 -0.002176
-0.075904 -0.046188 0.11903
-0.018211 0.069773 -0.020266
0.091452 -0.089579 0.07891
0.092103 0.086198 0.06272
0.022805 0.099912 0.11968
0.114066 -0.021758 -0.002831
0.084737 -0.087829 0.030924
0.117065 0.031804 -8.2e-05
-0.03287 -0.072938 0.143276
0.033916 0.039389 0.183704
0.120522 -0.014986 -0.006079
0.089945 -0.020251 0.169793
0.099312 -0.078974 0.105271
0.108717 0.053672 0.012584
0.078519 -0.095384 0.051884
-0.003062 0.093394 0.128121
0.089284 -0.085494 0.050718
0.10055 0.065737 0.127998
0.090552 0.085656 0.09084
0.104946 0.054178 0.013032
0.124905 -0.015081 0.125729
0.118381 -0.043633 0.11933
0.12103 -0.010087 -0.00783
0.095749 0.078841 0.101836
0.049075 -0.05926 -0.039023
0.09019 -0.084849 0.046859
0.054234 0.053309 -0.040091
0.110602 0.062977 0.115397
0.088794 0.083673 0.094384
0.103825 0.063723 0.021084
0.125107 -0.041405 0.052621
0.08438 -0.084946 0.050666
-0.042646 -0.085419 0.110103
-0.010802 0.069778 0.158087
-0.090753 -0.024163 0.101398
0.040154 -0.007521 0.191076
0.046471 -0.026936 0.186637
0.080371 -0.015281 -0.047284
0.116438 -0.039113 0.000466
0.107137 -0.032164 0.150784
-0.061568 0.066295 0.021436
0.115018 -0.057108 0.116962
0.120079 -0.020147 -0.006216
0.02626 -0.077842 0.15743
0.049863 -0.098634 0.020702
0.029909 -0.006684 0.192176
-0.001202 -0.070624 -0.025648
-0.086005 0.017672 0.119314
0.084363 0.084165 0.05051
0.125949 0.011719 0.126174
0.090353 0.085294 0.090789
-0.046443 0.064236 -0.007762
0.106971 -0.057851 0.015102
-0.027887 0.095415 0.042148
0.009156 0.010589 0.191157
0.08458 0.084036 0.092058
-0.071304 0.019329 -0.006145
0.090264 -0.086537 0.051672
0.110778 -0.063105 0.052524
0.081039 -0.06454 0.150639
0.114975 0.01406 -0.004221
0.092304 0.064469 -0.007144
0.090266 -0.087258 0.050433
0.09882 0.075194 0.083403
-0.073551 0.063797 0.063295
0.064866 0.058559 0.164369
0.115464 0.007016 -0.005082
0.109674 0.057769 0.010555
-0.076319 0.060043 0.083361
0.115221 0.03672 0.002398
-0.009292 -0.100021 0.110038
0.076905 0.004012 0.179641
0.032091 0.102574 0.110939
-0.009093 -0.078104 -0.019757
0.099788 -0.065192 0.022117
-0.006227 -0.106102 0.073301
0.08822 -0.084981 0.092449
0.094802 -0.080919 0.100498
0.096672 0.07404 0.032776
0.086386 -0.083045 0.118865
0.113871 0.046447 0.005957
0.107891 0.067253 0.112739
0.089802 0.085177 0.052537
-0.005172 0.086606 -0.007045
-0.085362 0.039866 0.041901
0.120824 -0.00491 -0.006477
0.10544 0.05883 0.022669
-0.036299 0.09134 0.04213
0.113949 -0.042691 0.004684
0.091765 0.085445 0.062754
-0.060799 0.077176 0.063355
0.026542 0.040493 0.183709
0.049964 0.072034 0.158096
0.129605 -0.025014 0.042361
-0.005013 0.001515 0.189297
0.116366 0.052947 0.118188
0.022234 -0.076073 -0.029424
-0.089602 0.027154 0.101627
0.116181 0.046469 0.118192
0.06581 0.101187 0.074223
-0.034932 -0.06679 -0.015159
0.08935 -0.089441 0.05191
0.115289 -0.041999 0.119815
0.113214 0.039738 0.004124
0.093411 -0.084216 0.038502
0.082942 0.065789 -0.015837
0.004163 0.000652 0.191112
0.056953 -0.060811 -0.038619
0.119274 0.022495 -0.003643
0.120682 -0.031403 0.118844
0.079186 -0.042392 -0.041273
0.106082 0.062006 0.018884
0.067116 0.05223 -0.040828
0.010974 -0.088268 0.143208
0.065917 0.013122 0.183587
0.054259 0.097213 0.021573
0.09045 -0.002716 -0.045804
0.098054 0.042093 -0.024146
0.094891 0.07983 0.101258
0.124898 -0.023429 0.124821
0.088256 -0.08542 0.110103
-0.019219 0.075976 -0.01639
0.002793 0.02725 0.186879
0.071567 0.052352 -0.038845
0.098786 0.028318 -0.03187
0.1209 0.000137 -0.006586
0.06818 -0.006973 0.183498
-0.03164 -0.051454 0.163879
0.108897 -0.058093 0.127447
0.026971 -0.093558 0.135429
-0.0257 -0.023376 0.17952
0.0892 0.083851 0.094384
-0.037793 0.093485 0.074188
0.10837 -0.035491 -0.016288
0.127868 0.006565 0.130307
0.009043 0.075076 0.158111
0.072654 -0.059148 -0.03226
0.088352 0.083243 0.047336
-0.02853 -0.097457 0.091924
0.098753 0.075434 0.063594
0.021392 0.069073 -0.031138
0.11887 0.007675 -0.005084
-0.009116 0.071757 -0.022715
-0.005039 0.032063 0.183671
0.091572 -0.085706 0.097102
-0.004806 0.099831 0.110927
0.110235 -0.051198 0.010116
0.089971 0.087781 0.050978
0.114664 -0.044296 0.001418
0.091695 0.009191 -0.044339
0.121836 0.048717 0.063474
0.109746 0.050077 0.010116
0.072274 0.019516 0.17971
0.047612 0.023918 0.186864
0.067819 -0.050188 0.16966
0.107105 -0.063857 0.017093
0.009774 -0.097044 0.127274
-0.002631 0.009488 0.189332
-0.084928 -0.035618 0.031157
0.091519 0.088678 0.068485
0.030472 -0.085196 -0.016508
0.120733 0.020777 0.124918
0.032569 -0.108987 0.073287
0.128381 0.001007 0.129259
0.102044 0.067554 0.024866
0.1049 0.071092 0.109099
0.084404 0.084314 0.051713
-0.074282 0.039566 0.127883
0.090064 -0.086248 0.04913
0.008594 -0.076081 -0.026875
0.079263 0.061809 -0.024058
0.121826 0.048506 0.083284
0.074128 0.027526 -0.045586
0.122122 0.048803 0.073989
-0.071434 0.062501 0.042001
0.028815 0.015054 0.191177
0.051648 -0.062259 -0.038364
-0.058516 -0.069704 0.020831
0.090754 0.015809 0.169953
-0.037553 -0.085548 0.02076
0.004825 0.098576 0.119673
0.114635 -0.057393 0.118159
0.082085 -0.055904 0.157528
-0.088097 0.040709 0.073954
0.099007 0.07592 0.032361
-0.07756 0.012966 -0.002421
0.120016 -0.045519 0.122845
0.082162 0.000391 -0.047697
0.127768 0.012052 0.128721
0.042438 -0.087101 0.143213
-0.068155 0.041878 -0.00216
0.090996 -0.080916 0.052445
0.024682 0.070251 -0.031854
-0.091373 0.02764 0.09248
0.089985 0.087904 0.092274
0.008067 -0.072529 -0.028001
0.064514 -0.048919 -0.04262
0.039647 0.074156 -0.030348
-0.06713 0.036887 -0.006063
0.113135 -0.037516 -0.007598
-0.005106 -0.002628 0.189278
0.116134 -0.054792 0.117512
0.092563 -0.087877 0.079007
0.115069 -0.045889 0.022202
-0.039742 -0.065824 -0.012851
0.093303 -0.084485 0.040724
-0.060771 -0.078045 0.082746
0.110364 0.04957 0.009725
0.026313 0.078292 -0.026821
0.006348 -0.039937 0.183351
0.090702 0.033588 0.164257
-0.01378 0.061478 0.164382
0.109662 -0.025812 0.150811
0.104548 0.064051 0.021078
0.086331 0.004991 -0.04737
0.094077 -0.082995 0.100083
0.022908 -0.077487 -0.028232
-0.085089 -0.023083 0.119132
0.009174 0.100564 0.021588
-0.014656 -0.100883 0.041274
-0.073818 0.063916 0.074058
-0.004269 0.07885 -0.020337
0.113457 0.057172 0.115023
0.080023 0.000384 -0.047302
0.01295 0.074195 -0.028176
0.10894 -0.060276 0.012597
0.125408 -0.009733 0.126224
0.090181 0.08712 0.094667
0.120942 -0.038937 0.121126
0.088266 0.083732 0.093793
0.042376 -0.019232 0.189203
0.090729 0.086855 0.090889
-0.02622 -0.076823 0.14326
-0.019138 0.041236 0.175249
0.004666 -0.100311 0.020694
0.128221 -0.004498 0.128365
0.036715 -0.103442 0.110023
0.104113 -0.059009 0.001451
0.120979 0.048349 0.05302
0.077189 -0.018952 -0.046621
0.103198 0.067185 0.101704
-0.087701 0.014276 0.021205
0.054049 -0.041486 0.179439
0.04838 0.04261 0.179813
0.010681 0.089586 -0.007032
0.038127 -0.048457 0.179408
0.047088 0.058493 -0.038135
0.091422 0.08508 0.045891
0.094886 0.081901 0.102286
-0.036374 -0.070354 -0.011006
0.077855 0.03894 0.170057
0.006211 0.090831 0.136249
0.091333 -0.085428 0.068793
0.126975 -0.032997 0.042326
0.117196 -0.03378 -0.000253
0.089933 -0.084758 0.094971
0.104064 0.069827 0.10765
0.113369 -0.048836 0.0043
0.109498 -0.066141 0.112022
0.126597 0.020096 0.126922
0.122674 0.030204 0.123212
0.092136 0.085057 0.074151
-0.020163 -0.102005 0.073318
0.019633 -0.071602 0.16379
0.059535 -0.098863 0.030875
-0.083905 0.001238 0.127712
0.121815 -0.014669 0.125754
-0.062272 -0.044118 -0.007725
0.092173 0.084261 0.09909
0.088658 -0.085085 0.092462
0.090215 0.081692 0.098222
0.019415 0.078291 -0.026613
-0.01895 -0.077162 -0.015613
0.12509 0.040764 0.052986
0.090112 0.085209 0.09198
0.13555 -0.008979 0.073732
0.026407 0.080292 -0.023976
0.068408 0.003202 0.183543
0.118155 0.022165 -0.002752
0.089917 0.087816 0.092992
0.081579 0.009074 -0.047501
0.087554 -0.011883 -0.046567
0.11247 0.050975 0.008352
0.110826 0.055792 0.010322
0.096005 0.033853 -0.031846
0.118831 -0.030279 0.012654
0.099271 -0.078097 0.103777
0.106841 0.062713 0.018378
0.090027 0.079226 0.119588
0.091953 -0.006251 -0.044475
0.112034 -0.052696 0.008452
0.010165 0.068847 0.164415
-0.035457 -0.068173 -0.014004
0.022805 0.076099 0.158115
0.115484 -0.007066 -0.005179
0.092985 -0.08488 0.099745
0.050416 0.099831 0.110927
-0.066653 0.026808 -0.007512
-0.079443 -0.017324 0.001637
0.09181 0.084777 0.07415
0.092404 -0.086286 0.073389
0.121203 -0.005003 -0.008584
-0.09636 -0.01154 0.073721
0.079904 0.017558 -0.047011
0.078445 0.09437 0.092776
0.005182 0.004707 0.191131
0.092313 -0.088658 0.078983
0.06865 -0.037066 -0.044392
0.088441 -0.08426 0.047519
0.088781 0.083033 0.095823
-0.043165 -0.066424 -0.009204
0.009605 0.097438 0.011689
0.090151 -0.088066 0.050355
0.1172 -0.034657 -0.002938
0.108901 0.017941 -0.024253
0.09048 -0.08673 0.090363
0.077499 0.084669 0.011631
0.114985 -0.029022 0.003395
0.025677 -0.064924 0.169595
-0.043743 -0.067019 -0.007729
0.013785 0.099578 0.119678
0.068561 -0.003591 0.183513
0.095602 -0.08185 0.035379
0.101192 -0.07252 0.105512
0.120965 -0.010116 -0.008192
-0.054384 -0.061589 0.135571
-0.077587 -0.012899 -0.002529
0.118163 -0.024389 -0.002564
0.135221 0.008147 0.063294
0.127509 -0.015624 0.128808
0.03808 0.074793 -0.029932
-0.04886 -0.062519 -0.007691
-0.001023 -0.014378 0.189225
0.091384 -0.086647 0.097865
0.054468 -0.050078 0.174843
0.062327 -0.075473 0.150591
0.047203 0.06306 -0.037456
-0.059668 -0.042139 -0.009562
0.089891 0.084367 0.094464
0.073539 0.065788 -0.02404
0.047589 0.034015 0.18368
0.088274 0.083044 0.09571
0.092084 -0.089008 0.078963
-0.018895 -0.074597 -0.018449
0.087381 0.038505 0.16428
-0.008374 -0.09723 0.118802
0.076092 0.028295 -0.045933
0.11342 0.007565 0.15096
0.11431 -0.044592 0.118961
0.118819 0.030067 0.012923
-0.063517 -0.052787 0.001479
-0.043418 0.047106 0.157986
0.089353 -0.067019 -0.00773
0.09443 -0.036304 -0.032159
0.026759 -0.088854 0.143206
-0.015646 0.080041 0.143957
0.115192 -0.053833 0.115931
0.000321 0.025673 0.186871
-0.056855 0.025268 0.157889
-0.013722 0.097451 0.110917
-0.069355 0.032861 -0.005483
0.103925 -0.063791 0.110527
0.091421 -0.085678 0.045131
0.062885 0.094558 0.021561
0.090165 0.087203 0.046031
0.102595 -0.071071 0.025333
0.107561 -0.064284 0.110305
0.053356 -0.058638 0.169622
0.119108 0.047062 0.101615
0.09779 0.074523 0.032955
0.014906 0.08698 0.143988
0.0503 0.003568 0.189306
0.025687 -0.0717 -0.032259
0.116713 0.037702 0.000631
-0.057636 0.048306 0.143816
0.118635 -0.029343 -0.003339
0.032449 0.106648 0.092831
0.125045 -0.029495 0.126934
0.019933 -0.064924 0.169595
0.089354 0.084873 0.051984
-0.082723 -0.031004 0.119097
-0.073658 0.00788 -0.005559
-0.004253 -0.098633 0.020702
0.090869 0.081635 0.098474
0.119006 -0.025296 -0.006027
0.09912 0.07653 0.031874
0.102623 -0.072127 0.024208
0.076832 -0.031316 -0.04586
-0.018319 0.096973 0.031747
0.118367 -0.014582 -0.004319
0.111879 0.045342 0.007097
0.070823 -0.091341 0.118829
0.09302 -0.084617 0.099441
0.073951 0.015782 0.179694
0.08977 -0.085761 0.092591
0.0592 0.005084 0.18678
0.09203 -0.085935 0.06876
-0.032854 -0.069449 -0.014704
0.065154 0.088323 0.128099
0.066517 -0.013596 0.183468
-0.081276 0.0335 0.119384
-0.038732 0.009392 0.175108
0.116607 -0.038323 0.120974
0.061867 -0.022852 0.183427
0.100256 -0.06931 0.02593
0.089965 -0.08887 0.051727
0.122643 -0.037787 0.125238
0.026642 0.085476 -0.015749
-0.080996 0.00572 0.00174
-0.008627 -0.069834 -0.023636
0.078716 -0.027242 -0.04635
0.119135 -0.024755 -0.003599
0.115082 -0.043964 0.002413
-0.012008 0.010378 0.186804
-0.032639 -0.062166 -0.017107
0.116324 -0.039354 -0.000233
-0.004498 -0.085358 0.143221
0.090044 -0.086396 0.049995
-0.09365 0.00156 0.101512
0.092023 0.088386 0.074165
-0.049731 0.085739 0.083475
0.091323 -0.058557 -0.01639
0.071311 -0.023376 0.179519
0.084572 -0.085071 0.091666
-0.024577 0.09915 0.083535
-0.069566 0.018864 -0.006758
0.090175 -0.087838 0.097622
0.10669 0.055819 0.001962
0.102488 -0.065636 0.022089
0.032203 -0.000915 0.192202
0.062813 0.019302 0.183614
0.088568 0.000399 -0.046783
-0.056926 -0.074626 0.110152
0.091132 -0.082096 0.098485
0.04304 0.065356 -0.036324
0.061257 0.080041 0.143957
0.087769 -0.085063 0.091796
0.014675 -0.016432 0.191036
0.109406 0.042227 0.005381
0.06264 0.067053 0.158074
-0.018394 -0.071436 -0.02038
0.107083 0.06391 0.016942
0.084343 0.009392 0.175107
-0.01443 -0.07827 -0.016806
0.076318 -0.04641 -0.040536
0.031932 -0.073573 -0.032
0.057077 -0.013778 0.186696
-0.045008 -0.080792 0.020781
0.094162 -0.08327 0.100345
0.10375 0.069818 0.023293
-0.04906 0.084891 0.092734
0.096115 -0.080516 0.036744
0.110651 -0.054694 0.011143
0.12785 -0.004467 0.127614
0.013283 -0.106138 0.041251
-0.002769 0.04261 0.179813
0.090143 0.085846 0.051816
0.088102 -0.072183 0.135523
0.116851 -0.001712 -0.016137
0.089823 0.088185 0.051739
0.092436 -0.088602 0.068729
0.10862 -0.064976 0.110528
0.126056 -0.020771 0.125771
0.120361 -0.009877 -0.005801
-0.040363 -0.075165 0.001379
0.121344 0.000149 -0.008334
0.130385 0.007946 0.032355
0.091412 -0.083391 0.097568
0.121684 0.014349 0.125762
0.089662 -0.085434 0.048699
0.089018 -0.085374 0.089701
0.090472 -0.087637 0.094632
-0.023551 -0.097773 0.041288
0.084638 -0.085185 0.09078
0.054348 -0.018672 0.186674
-0.022949 -0.003591 0.183513
0.087769 -0.084943 0.092456
0.091339 -0.011386 -0.044335
0.067946 0.02655 0.179741
0.098249 -0.076323 0.03278
0.098034 0.074363 0.092631
0.012637 0.055147 0.175311
-0.036118 -0.091941 0.101097
0.107384 0.042182 0.143789
0.119065 0.000127 -0.005453
0.091802 0.082423 0.098503
0.126453 0.031925 0.101548
0.126867 0.016819 0.129401
0.118303 0.048325 0.121758
0.126464 -0.024633 0.11021
0.037168 0.073658 -0.031338
0.057573 -0.039037 0.17945
0.114835 0.054842 0.042716
-0.061525 -0.032164 0.150784
0.110751 0.062459 0.053083
0.027691 0.108355 0.074254
-0.068539 -0.0665 0.041428
-0.01054 -0.089614 0.001316
0.108903 -0.065226 0.11073
0.116737 0.037839 0.000284
-0.035638 0.034728 0.170038
0.09232 -0.084966 0.098304
0.089474 -0.012118 -0.045587
0.049306 0.082083 -0.015764
0.002114 -0.091711 0.135437
-0.050713 0.058148 -0.009375
-0.062739 0.0344 -0.008536
0.122999 -0.015403 0.01272
0.000715 -0.080311 -0.020796
0.036005 0.097438 0.011689
-0.025634 0.091273 0.021547
-0.071239 0.01187 -0.006337
0.09024 0.085344 0.093473
0.079473 0.047518 0.164319
0.123626 -0.034354 0.123663
0.091584 0.084747 0.079696
0.03429 0.084907 -0.015751
0.103241 -0.065904 0.022189
0.055822 -0.016276 0.186685
0.002916 -0.038588 0.183357
-0.009185 -0.075118 -0.022101
0.085971 -0.08963 0.041325
-0.077871 0.020835 0.000296
0.107526 0.065899 0.11024
0.058645 0.02494 0.183639
0.106261 0.051081 0.010776
-0.025226 0.081157 0.136206
0.088921 0.083708 0.048156
0.073649 -0.086855 0.010869
0.118613 0.048192 0.120969
0.093834 -0.084247 0.101993
-0.05166 -0.082023 0.101141
0.094829 -0.078729 0.03748
0.104447 -0.007479 -0.03203
0.092598 -0.088222 0.068724
0.084181 0.004878 -0.04768
-0.013978 -0.074227 -0.020812
0.088268 -0.085182 0.091181
0.089648 -0.089638 0.089837
0.013844 -0.003663 0.19219
0.096005 0.079153 0.101995
0.091672 0.088139 0.062776
-0.06108 0.055819 0.001962
0.097459 -0.071988 0.1058
0.110933 -0.055124 0.010585
0.114862 0.04166 0.004044
0.09346 -0.083558 0.041481
-0.048568 0.077874 0.021487
-0.008062 0.063981 0.164393
-0.037606 -0.094148 0.082675
-0.078834 -0.017213 0.000378
0.095455 0.078533 0.101743
0.068396 0.037988 0.175234
0.097908 -0.0728 0.02998
0.125736 -0.015172 0.125853
0.090231 0.086464 0.050123
0.090892 -0.086453 0.095524
0.013503 -0.002305 0.192195
0.125587 0.02553 0.125995
0.078791 -0.087482 0.118845
-0.052272 -0.058464 -0.008238
0.096045 -0.05852 0.14334
-0.033672 0.08738 0.021529
0.087779 -0.08508 0.091667
-0.010866 0.01292 0.186815
0.126444 0.020028 0.126536
-0.052017 -0.050676 -0.011668
0.109221 -0.04291 0.005317
0.00576 0.005994 0.191136
-0.061881 0.000668 0.15778
0.121007 0.000155 -0.009376
0.091439 0.08455 0.074149
0.084608 -0.085035 0.0522
-0.074024 0.003589 -0.00548
0.091132 -0.086202 0.057344
0.113583 -0.02238 -0.016229
0.117675 0.017458 -0.003606
0.056645 0.046871 0.175274
0.089291 -0.089519 0.091958
0.126311 -0.023993 0.127175
-0.004688 0.003568 0.189306
0.091221 0.084378 0.046236
0.009391 -0.079127 -0.024658
-0.007264 -0.09384 0.127289
0.092624 -0.085117 0.039893
-0.082864 0.048364 0.052524
0.090411 -0.087024 0.091628
0.1294 0.007425 0.110353
0.092651 0.081184 0.099631
0.106445 -0.06658 0.118939
0.093397 0.059534 0.143866
0.109128 0.060617 0.112087
0.118435 0.017336 -0.003741
0.107692 -0.058155 0.015056
0.08998 -0.08806 0.097196
0.007953 0.072723 -0.027323
0.088505 0.083573 0.048087
0.086983 -0.08515 0.073393
-0.018893 0.01627 0.183601
-0.088813 -0.002239 0.021131
0.089563 -0.079158 0.038697
0.091245 0.086043 0.045169
0.083207 0.013916 0.175128
0.092448 0.085777 0.06842
0.113993 0.04663 0.005652
0.083603 0.040658 -0.038898
0.00854 0.105139 0.042192
0.029901 0.070735 -0.03276
0.110196 0.061279 0.112338
0.133997 0.016455 0.083141
0.02204 0.007427 0.192238
0.092998 -0.08433 0.099164
-0.029676 0.011937 0.179677
0.089926 -0.085436 0.093889
0.040675 -0.006215 0.191082
0.055574 -0.059521 -0.039405
-0.01021 -0.016276 0.186685
-0.031023 -0.008057 0.179588
0.09567 0.077854 0.037258
0.09821 -0.078517 0.030775
0.089484 -0.085565 0.051846
0.042643 -0.062384 0.169606
0.12089 0.007871 -0.006526
0.034638 -0.088268 0.143208
0.065641 0.072212 0.151248
0.089802 0.078397 0.101421
0.093844 0.078844 0.101164
0.090437 -0.087189 0.093127
-0.068593 -0.037189 -0.005034
0.090641 0.08465 0.095794
0.120671 -0.03989 0.110142
0.125954 0.006327 0.126446
0.087855 0.08373 0.04867
-0.009089 -0.073424 -0.022895
0.102659 0.057106 0.136099
0.103466 0.05746 0.015566
0.090439 0.08707 0.052407
-0.023634 -0.073149 -0.017179
0.100489 0.067115 0.108569
0.081735 -0.042567 -0.039268
0.022802 -0.078842 -0.026597
0.094287 -0.067107 0.135546
0.012464 -0.07733 0.157432
0.103351 0.070446 0.022374
0.094096 -0.080236 0.100412
0.095979 -0.070937 0.027766
-0.068112 -0.005931 0.1509
0.074711 -0.025806 -0.045981
-0.061845 -0.050374 -0.004227
0.113213 0.056955 0.114749
0.129273 -0.016466 0.032246
0.118483 0.02224 -0.002913
0.092084 0.088046 0.079751
-0.079655 -0.038722 0.119063
0.115874 -0.028915 -0.000735
-0.022317 0.085116 0.002093
0.103008 -0.074828 0.107459
0.118534 -0.019509 -0.003592
0.038773 -0.009998 0.191065
0.120737 -0.00912 -0.008951
0.101498 -0.061699 0.01839
0.086983 0.084247 0.074147
0.090274 0.086235 0.051775
0.090416 -0.087588 0.093234
0.017258 0.071777 -0.029842
0.064321 0.064475 -0.03171
-0.01453 0.088176 0.002107
0.116179 0.053293 0.119407
-0.022785 0.037988 0.175234
0.118665 0.047957 0.120151
-0.068293 -0.04277 0.135655
-0.000792 -0.104294 0.101042
-0.065348 0.035771 0.14376
-0.071265 -0.011772 -0.006436
0.117702 0.017252 -0.003653
0.05829 0.0946 0.119656
0.024457 -0.0681 -0.032577
0.08069 -0.032797 -0.044828
0.050746 0.055998 -0.039136
0.092736 0.039165 -0.031823
-0.054281 -0.053065 -0.009909
0.077637 -0.041733 -0.042579
0.027561 -0.008459 0.192168
0.0816 -0.047252 0.163898
-0.017208 -0.044749 0.174867
0.065703 -0.090334 0.010854
0.106631 0.062465 0.018587
0.091907 -0.08599 0.078962
0.040696 0.078694 -0.023982
0.12802 -0.010079 0.129322
-0.041769 0.038505 0.16428
-0.045143 0.015809 0.169953
0.103272 0.068463 0.024536
0.083163 -0.085548 0.020759
0.090529 0.086197 0.095043
0.116756 -0.048658 0.11761
-0.000275 -0.10207 0.11003
0.134052 0.016611 0.063332
0.113639 -0.048241 0.00565
-0.032378 -0.06804 -0.015849
-0.00114 0.077727 -0.022506
0.018132 0.103829 0.031777
-0.075249 0.017182 -0.003973
0.091225 -0.08602 0.084499
0.013828 0.077509 -0.026499
0.103114 0.070593 0.022081
-0.073785 -0.016699 -0.005213
0.035364 0.011562 0.19116
-0.045825 0.088495 0.063404
-0.009325 0.078167 -0.019
0.122065 -0.039516 0.122214
0.03363 -0.07612 -0.029433
0.07172 -0.049504 -0.041045
0.084385 0.084247 0.051175
-0.060636 -0.071572 0.030997
0.056575 0.079845 -0.015774
0.088219 0.083881 0.093162
0.110722 0.061752 0.112814
0.099718 0.075418 0.104522
0.003343 -0.107902 0.073292
-0.000384 -0.03699 0.183364
0.104602 -0.06178 0.018462
0.044659 -0.07176 -0.032316
-0.083949 -0.049651 0.073551
0.11515 0.042504 0.00096
0.003749 0.083773 -0.015756
0.122629 -0.000836 0.126568
0.090422 0.086693 0.092833
0.090772 -0.085887 0.046549
-0.07668 -0.024615 -0.000219
0.124075 0.019532 0.12511
-0.015485 0.10233 0.083548
-0.076542 0.060229 0.074041
0.050069 -0.00673 0.189259
-0.025213 -0.091341 0.118829
0.08074 0.022289 -0.046675
-0.083651 0.030406 0.021276
0.099805 0.077025 0.107357
0.049119 -0.07055 -0.03231
-0.021889 -0.058824 0.163846
-0.075401 0.059433 0.092621
0.100246 0.076488 0.105745
0.027047 0.094399 0.002134
0.111847 0.062987 0.074052
-0.070569 0.033523 -0.004192
0.116509 0.037411 0.001286
-0.039945 -0.042741 0.163919
-0.010585 0.027511 0.183652
-0.050435 -0.05852 0.143341
0.105754 0.061806 0.018966
0.123822 -0.03475 0.125268
-0.076352 -0.060957 0.06274
-0.07325 0.030774 0.135982
0.013148 -0.107679 0.051829
0.091264 -0.088545 0.057313
-0.068242 -0.031657 -0.006773
0.093768 -0.082413 0.099679
-0.019962 0.049879 0.170105
0.119065 0.046203 0.119919
0.095535 -0.082503 0.102038
-0.080825 0.042375 0.110672
0.093522 0.083734 0.03981
0.086871 0.084272 0.06952
-0.058673 0.046082 -0.009005
-0.003494 0.007567 0.189323
0.037925 0.020313 0.189379
-0.068324 0.027471 -0.006913
0.11941 0.017512 -0.004234
0.120832 0.012964 -0.006993
-0.010572 0.103004 0.052766
0.112924 0.028287 -0.000668
0.122616 0.036526 0.125541
0.090353 -0.086376 0.090025
0.040147 0.094998 0.128129
0.09028 -0.086367 0.090311
-0.039127 -0.087829 0.030924
0.120752 0.01305 -0.007718
0.121853 0.030013 0.123118
0.029533 -0.016982 0.191034
0.092295 0.084523 0.10007
-0.095286 -0.007129 0.092325
0.017406 -0.008082 0.19217
0.099086 0.076814 0.031598
0.035276 -0.092941 0.135431
0.111285 0.035497 0.002154
0.103019 0.068203 0.024685
-0.02008 0.100966 0.06346
0.048674 0.093394 0.128121
-0.035989 -0.047252 0.163898
0.053531 0.017707 0.186836
0.022462 0.072698 -0.030746
0.075257 0.048098 -0.039836
0.095496 0.081461 0.103112
0.115568 0.004903 -0.005269
0.12804 0.006558 0.129924
0.102302 0.039557 0.151103
0.119581 0.00772 -0.005283
0.090175 0.086062 0.050202
0.115812 -0.038385 0.002024
-0.058962 0.075586 0.04206
0.08957 0.087718 0.046602
0.010825 -0.014182 0.191046
-0.064594 -0.034809 -0.008198
-0.094872 0.019413 0.073859
0.090062 0.084949 0.048721
0.126265 -0.024048 0.12759
0.098667 -0.07308 0.03013
0.036426 -0.075142 -0.030164
-0.072392 -0.044615 0.127508
0.071245 0.091273 0.021547
0.073291 -0.034629 0.174911
0.112074 -0.060164 0.118967
-0.0274 -0.068421 -0.01794
0.09238 -0.086678 0.078998
0.021665 -0.026474 0.189171
0.090299 -0.087867 0.096972
0.093114 0.04204 0.157963
0.088294 0.084396 0.052859
0.090055 0.087834 0.051722
0.054431 -0.066395 -0.034863
0.083354 -0.094309 0.073352
0.045275 -0.054103 0.174825
0.000188 0.09922 0.021582
0.126987 -0.009858 0.126734
0.044428 -0.095758 0.12728
0.12623 0.019955 0.126181
0.12295 0.036243 0.123927
0.089268 -0.085278 0.049312
-0.0024 -0.091786 0.001306
0.087599 -0.084729 0.049326
0.097387 -0.068753 0.025371
0.090539 0.0866 0.047388
-0.004181 0.00559 0.189314
-0.087658 -0.00685 0.119205
0.072998 0.084889 0.128084
0.101433 0.075366 0.106989
0.089896 0.087505 0.046795
0.092354 0.083375 0.098967
-0.034827 -0.089987 0.110084
0.091574 -0.086041 0.097337
-0.029169 0.097663 0.074207
-0.019713 0.029803 0.179757
0.039871 0.061132 0.170155
0.090407 -0.087748 0.092386
-0.030257 -0.063323 -0.017757
0.02447 0.077361 -0.027956
0.123154 -0.034105 0.123011
0.120149 0.018091 -0.007197
0.086341 -0.08509 0.062303
0.094651 0.079557 0.101157
-0.035349 0.066626 -0.014453
0.118621 -0.004807 -0.00532
0.05828 -0.061957 -0.037538
0.125533 0.006306 0.126413
0.099032 0.070761 0.028673
0.055367 -0.068365 -0.0323
0.087572 -0.0849 0.050308
0.034245 0.062189 0.17016
-0.087073 -0.036379 0.041562
0.128493 0.032894 0.052951
0.01448 0.091757 0.136254
0.120475 0.007807 -0.005922
0.127306 -0.009893 0.127008
0.085419 -0.020967 -0.046038
-0.005908 -0.104826 0.051842
0.117963 0.045513 0.118868
0.084652 0.08436 0.053181
0.104115 -0.068285 0.108025
-0.015498 -0.103258 0.062551
-0.007603 -0.072773 0.157453
-0.004353 0.072034 0.158096
0.090542 -0.087282 0.043585
0.129416 0.033127 0.063405
0.083415 -0.020509 -0.046702
0.014927 -0.025464 0.189176
0.091087 0.088706 0.063405
-0.056872 -0.045575 -0.010333
0.030704 0.08698 0.143988
0.091039 0.085909 0.098606
0.095269 -0.082902 0.103094
0.11497 -0.01409 -0.004336
0.097378 -0.075532 0.033012
0.115865 0.028809 -0.000462
0.090611 -0.087119 0.0904
0.086853 0.025622 0.169997
0.106085 0.013155 0.157835
0.090544 -0.085594 0.05744
0.125103 -0.029205 0.125299
-0.050749 -0.056254 -0.01087
-0.07352 -0.064671 0.082806
0.052876 -0.09384 0.127289
0.09188 0.080994 0.074132
0.059709 -0.050843 -0.041858
0.098632 -0.077208 0.1031
-0.023804 -0.074495 -0.015846
0.091826 -0.087097 0.084592
0.110133 0.039734 0.004133
0.107491 0.000667 0.15778
0.090256 0.085497 0.092621
0.108741 0.060254 0.012872
0.102444 -0.070787 0.025554
0.082801 0.022829 -0.046344
0.091029 -0.085286 0.073393
0.117902 -0.031282 -0.004142
0.118548 0.012502 -0.004509
0.01864 -0.093558 0.135429
-0.056495 -0.056017 -0.005657
0.126755 -0.021163 0.128066
0.105288 -0.053673 0.011967
0.009655 0.021363 0.189385
0.087369 0.090827 0.083498
0.074736 -0.098483 0.073334
0.073154 -0.019707 0.179535
-0.024496 -0.038258 0.174896
0.09097 0.085478 0.057127
0.00582 0.019122 0.189375
0.092803 0.079138 0.100883
0.100938 0.072327 0.021462
-0.066075 -0.035642 -0.007374
0.032142 -0.104014 0.030853
0.10581 0.064734 0.109894
0.089613 0.084474 0.057351
0.075199 0.073287 0.143927
-0.089505 0.036398 0.083256
0.090163 0.083166 0.046446
0.11345 -0.047876 0.006279
0.078356 0.043927 -0.040671
-0.057935 -0.053163 -0.006716
0.083848 0.060596 0.151196
0.112499 0.051529 0.007367
0.05294 -0.063606 -0.037561
0.109891 0.052692 0.115719
-0.037522 -0.061566 -0.015633
0.115083 0.051817 0.116425
0.122966 0.036341 0.12434
0.030253 0.040078 0.183707
0.1112 -0.036048 0.001979
0.101671 0.067401 0.024831
0.019432 -0.009063 0.192166
0.031642 0.047761 0.179836
0.092589 0.026055 -0.038963
0.094886 -0.081025 0.10055
0.106644 -0.05029 0.009673
0.119105 0.046809 0.121904
0.103633 0.062907 0.110871
0.031282 -0.09429 0.001295
0.126427 0.015666 0.022476
0.116181 -0.038819 -0.001191
0.085019 -0.084145 0.095044
0.059391 0.061478 0.164382
0.089598 0.085105 0.051307
0.108056 0.066625 0.111148
-0.016807 0.032851 0.17977
-0.057717 0.051599 -0.007537
0.118004 -0.044615 0.127508
0.003587 0.076339 -0.024853
0.127725 0.012079 0.129138
0.115914 0.012203 -0.016075
0.015606 -0.079925 -0.024681
0.085779 0.088479 0.1019
0.022805 -0.104361 0.030851
0.12606 0.014308 0.126082
0.124896 -0.041487 0.092116
0.132438 -0.025838 0.073657
0.088561 -0.08474 0.048754
0.067121 -0.084441 0.135469
0.109492 -0.066316 0.112419
0.018727 -0.008787 0.192167
-0.052947 -0.064838 0.001426
-0.096759 0.00621 0.0738
0.118565 0.005832 -0.005177
0.097998 -0.076629 0.102968
0.028459 0.067188 -0.033057
0.104671 0.071538 0.11031
-0.049886 0.056986 -0.010597
-0.03915 -0.068572 0.143296
-0.069696 0.06651 0.092653
0.126942 0.000979 0.126861
0.104586 -0.072699 0.110159
0.077177 -1.2e-05 0.179623
0.101014 0.0757 0.108205
0.111825 -0.046871 0.007384
0.112187 -0.061236 0.113615
-0.078731 -0.000771 -0.00217
0.106252 0.059755 0.127972
0.123527 -0.034854 0.126056
0.098355 -0.035722 0.157617
-0.06335 0.039925 -0.007773
-0.067837 -0.023965 -0.007417
0.118703 0.027972 -0.004642
0.067207 -0.056515 -0.038182
0.090405 -0.087581 0.04554
0.040242 0.045807 0.179827
0.095548 -0.082389 0.101829
0.062834 -0.053442 -0.041326
0.011684 -0.083053 0.150557
-0.069535 -0.024563 -0.006818
0.13076 -0.000209 0.032319
0.03836 0.008418 0.191147
0.084897 -0.085236 0.08949
0.114994 -0.044094 0.002069
0.040814 0.070457 -0.033729
0.089806 -0.07959 0.100721
0.092023 -0.089288 0.073374
0.092563 0.086916 0.079785
0.112951 0.053769 0.032559
0.009867 -0.080366 -0.023202
-0.051202 0.051461 -0.011433
-0.065079 -0.030165 -0.008191
0.100243 -0.074639 0.029492
0.087857 0.084361 0.052954
0.092434 0.08428 0.10188
0.094189 -0.080309 0.100397
0.037419 -0.108444 0.07329
0.105488 0.052963 0.012101
0.11638 -0.028341 -0.00097
0.057597 -0.083054 0.143231
0.079739 0.02264 0.175166
0.029506 -0.068618 -0.033776
-0.079182 -0.057398 0.073517
0.121081 0.00802 -0.008314
0.015225 -0.00614 0.192179
0.029583 0.02359 0.189395
0.076382 0.090752 0.110887
0.047526 -0.064792 -0.037269
0.097999 -0.076035 0.032902
0.098572 -0.07809 0.031362
0.094196 -0.083526 0.10064
0.078207 0.044154 -0.040631
0.088129 -0.084626 0.048728
0.089942 0.083613 0.095744
-0.075533 -0.0604 0.05204
0.049769 0.021997 0.186855
-0.015245 0.022199 0.183627
0.090867 -0.085875 0.057387
0.109989 0.049472 0.009694
-0.045166 -0.088587 0.091963
0.004193 -0.102977 0.030857
0.09021 0.086868 0.050041
0.116038 0.055177 0.092546
-0.059103 0.053342 -0.004486
-0.054243 0.031085 0.157915
0.119457 0.022586 -0.003952
0.12124 -0.004961 -0.00749
0.092542 -0.088628 0.073378
-0.066714 -0.030918 -0.007609
0.091363 0.08435 0.097382
0.0037 -0.076177 -0.025562
-0.033481 0.095573 0.074198
0.014106 0.095964 0.128134
0.114743 0.034107 -0.00728
0.108773 -0.060427 0.012278
-0.028039 -0.086855 0.010869
0.092114 -0.084318 0.09788
0.042874 0.052899 0.1753
0.098039 -0.075462 0.091964
-0.07005 0.038898 -0.001676
0.127891 0.000993 0.127679
-0.053962 -0.077517 0.03097
-0.012492 -0.011196 0.186707
0.103025 -0.074632 0.107065
0.060823 0.044204 0.175262
-0.043485 -0.037952 0.16394
0.08677 0.089932 0.092756
0.054767 0.060423 -0.038655
-0.008857 -0.050078 0.174843
0.113904 -0.04277 0.135654
0.089097 -0.089365 0.050307
0.069312 -0.052174 -0.040418
0.078449 -0.036938 -0.044249
0.097954 -0.078673 0.030491
-0.045257 0.087818 0.052699
0.12061 -0.01504 -0.006433
0.088022 0.019201 -0.045063
0.105579 0.070133 0.111537
-0.074289 0.025014 -0.003239
0.120775 -0.00995 -0.006405
-0.029051 -0.015914 0.179553
0.075557 0.049101 -0.038861
0.120267 -0.044586 0.120578
0.090112 -0.007433 -0.045735
0.104738 0.070633 0.108384
0.100766 0.071714 0.028673
-0.003101 -0.025095 0.186646
0.095512 -0.082137 0.101467
-0.010965 0.079845 -0.015774
-0.021096 0.068916 -0.019491
0.126962 0.032468 0.042616
0.011424 0.01245 0.191165
-0.011033 0.046871 0.175274
0.054486 0.066654 -0.034286
0.026022 0.073714 -0.030884
0.013736 0.001151 0.192211
0.086555 -0.060014 0.150659
0.118073 -0.050272 0.121119
0.078983 -0.096234 0.062582
0.089521 0.084606 0.091838
0.10124 0.073891 0.026752
0.089966 0.084342 0.062949
0.095406 0.080636 0.101847
0.035445 0.068847 0.164415
0.09104 -0.075352 0.127371
0.109025 0.059272 0.014458
0.126366 0.00635 0.126544
-0.046875 0.061146 -0.010385
0.090776 -0.087338 0.096505
0.085691 0.08224 0.097308
0.055371 -0.06582 -0.035109
-0.028598 0.0967 0.052738
0.09261 -0.086648 0.073386
-0.035843 -0.069424 -0.012636
0.094613 0.072454 0.030736
0.10405 -0.03831 0.150756
0.090223 0.087024 0.045029
-0.022211 0.073693 -0.016905
0.112967 -0.012652 0.150869
0.089291 0.072634 0.002037
-0.078264 -0.008293 -0.002328
0.004578 0.080582 -0.021096
0.119336 0.023105 -0.006383
0.131491 0.016331 0.042545
0.083739 0.009311 -0.047541
-0.038513 -0.08016 0.12735
0.113278 -0.04769 0.006558
0.110629 0.062019 0.092576
-0.081532 -0.025876 0.011141
-0.070379 -0.015911 -0.006694
0.024333 0.007342 0.192238
-0.041209 -0.051329 0.157549
0.052113 -0.033087 0.183381
0.073041 0.077859 -0.007085
0.112351 0.050774 0.00865
0.103262 -0.064683 0.110032
0.11146 -0.046756 0.007411
0.10579 0.065253 0.020284
0.090395 -0.086926 0.051643
0.11321 -0.039885 0.003777
0.120088 0.01772 -0.005079
0.134058 -0.017362 0.063181
0.117586 -0.034398 -0.001924
-0.067808 0.007565 0.150961
0.100884 -0.047657 -0.016342
0.086397 0.084304 0.063634
0.109057 -0.059463 0.013874
0.09062 0.086237 0.047571
0.09014 0.081293 0.098706
-0.093658 0.023773 0.063117
0.056414 0.069778 0.158087
0.099151 0.07483 0.104244
0.089837 0.081552 0.098361
0.102699 -0.073878 0.106069
0.092807 0.086538 0.074158
0.090241 -0.086554 0.092156
0.022805 0.105288 0.101974
0.091627 0.087664 0.085337
0.086968 -0.046399 -0.032204
0.079941 -0.067898 -0.016432
0.116663 0.026746 -0.00121
-0.057404 0.080309 0.07413
0.123724 0.030544 0.123822
-0.083372 0.009138 0.127747
0.104195 0.063872 0.021106
0.003282 -0.047163 0.179413
-0.094894 0.010401 0.092403
0.067497 -0.010315 0.183483
0.093453 0.083385 0.101416
0.095434 0.081552 0.103359
0.115719 0.052214 0.116827
0.126299 -0.041995 0.073586
-0.066916 -0.034126 0.14345
-0.054648 -0.072559 0.118912
0.015015 -0.079985 -0.024554
0.108172 -0.067915 0.112906
-0.084817 0.04413 0.092553
0.04529 0.025673 0.186871
0.04394 -0.01772 0.189211
0.013468 -0.104014 0.030853
-0.076623 -0.017428 -0.002806
-0.086038 0.022416 0.021241
0.027887 0.006098 0.192233
0.107703 0.060392 0.032589
0.078133 0.064914 0.151215
0.090191 0.08718 0.047927
0.007251 0.008418 0.191147
0.099877 -0.039114 -0.024507
0.083904 -0.025443 -0.045653
0.090264 0.087985 0.090779
-0.024724 -0.100411 0.073326
0.101043 0.074081 0.026454
-0.000863 0.103731 0.042185
0.089068 0.084153 0.093206
-0.00129 -0.072472 -0.025472
0.117497 0.027181 -0.007311
0.034674 0.030815 0.186894
0.020995 -0.072778 -0.030998
0.123988 0.030659 0.124131
0.091175 0.084838 0.062817
0.112363 0.014251 0.150989
0.118087 0.015257 0.143669
0.036952 -0.023002 0.189187
-0.029773 0.06561 -0.017161
0.065281 -0.100938 0.091907
0.07414 -0.097457 0.091923
0.099152 0.076223 0.110823
0.050782 -0.023097 0.186655
0.1189 0.027813 -0.003945
0.090435 0.086572 0.095198
0.049898 -0.067432 -0.03534
0.120514 -0.023335 0.124522
0.101468 0.073419 0.027352
0.114087 -0.055958 0.114994
0.058539 0.057534 -0.039679
0.111546 -0.06371 0.062975
-0.027431 0.077859 -0.007084
-0.01772 0.084443 0.136221
0.111137 -0.060323 0.112667
0.008225 -0.080396 -0.02277
0.114853 -0.044205 0.001735
0.093859 0.081667 0.0415
-0.073744 0.016814 -0.005075
-0.034245 0.073877 -0.007102
0.091029 0.084383 0.074148
-0.022989 0.063875 0.158061
0.033587 0.079757 -0.023978
0.017795 -0.073356 -0.030139
0.00822 0.107392 0.063489
0.089484 0.084244 0.093836
0.096645 -0.075166 0.032936
0.120688 -0.010159 -0.008872
0.085557 -0.042741 0.163918
0.068637 -0.000192 0.183527
0.089723 -0.087271 0.101117
0.089283 0.084604 0.049913
0.025195 -0.078369 -0.027225
0.092313 0.088075 0.074164
0.080725 -0.027916 -0.046013
-0.0064 0.077568 0.151272
0.090407 -0.088712 0.090389
0.033147 -0.07733 0.157432
0.090955 -0.087113 0.098422
-0.03913 -0.064491 -0.014023
0.116035 -0.038532 0.001761
0.027349 0.024011 0.189396
0.132122 -0.025709 0.063143
0.090245 0.088743 0.057264
-0.037027 0.083941 0.119609
0.119677 0.01758 -0.004484
0.003368 -0.070773 -0.026885
0.128338 0.001009 0.129676
-0.07034 0.016035 -0.006563
0.022805 -0.108037 0.051828
-0.094607 0.019319 0.08318
0.050783 0.086605 -0.007045
0.111943 0.032882 0.001022
-0.095483 0.001643 0.092365
-0.071759 0.05711 0.110738
-0.091104 0.032322 0.063154
0.074914 0.048511 -0.039744
0.120485 -0.044875 0.121343
0.114247 -0.042842 0.004507
0.018968 0.085476 -0.015749
0.092037 0.082733 0.098612
0.125539 0.011679 0.126078
0.04166 0.067678 0.164409
0.03323 0.076451 -0.028649
-0.075 -0.032197 0.001571
0.031826 0.099578 0.119678
0.089339 -0.08515 0.04874
0.12181 0.013206 0.125873
0.022422 -0.009626 0.192162
0.074161 0.032248 -0.045394
0.089298 -0.089534 0.091854
0.12059 -0.009914 -0.006089
0.111409 0.050002 0.009524
0.122557 0.027027 0.123747
0.013456 -0.000219 0.192205
0.088668 -0.085044 0.092654
0.116415 -0.038975 0.000813
0.093529 0.082656 0.100482
0.088578 0.08448 0.05212
0.079599 -0.038802 0.16971
0.01935 -0.077842 0.15743
0.117585 -0.034167 -0.001217
0.014329 -0.09429 0.001295
0.095022 -0.072275 0.029394
0.017713 0.073583 -0.029463
0.134001 0.00787 0.092335
0.062161 -0.061944 0.163833
0.079675 -0.00657 -0.047238
0.091779 -0.076558 0.034919
0.091795 0.088355 0.079729
0.120637 0.013085 -0.008066
-0.025857 -0.06393 0.157492
0.090321 -0.079113 0.101053
-0.026128 0.034479 0.175219
0.09183 -0.081487 0.04208
0.007636 0.054206 0.175307
0.117807 0.022098 -0.002638
0.090585 0.088482 0.057206
-0.043861 -0.063247 -0.011741
0.090444 0.086628 0.097163
0.090387 0.086937 0.047193
-0.022397 0.094418 0.110904
0.111965 0.050372 0.009161
0.054646 -0.085524 -0.007811
0.091625 0.088682 0.074166
0.108559 -0.060551 0.011973
-0.07914 -0.006464 0.135817
-0.00597 -0.089875 0.135445
-0.023026 -0.000192 0.183528
0.109205 -0.053758 0.01189
-0.010227 0.038253 0.179794
0.12225 -0.03997 0.12381
0.105385 -0.018039 0.157696
0.122517 0.035878 0.122804
0.089166 -0.088882 0.047569
0.101211 0.075635 0.107807
0.089734 0.08813 0.050959
0.105662 0.033533 0.151075
0.09143 0.084698 0.097587
-0.064181 0.073879 0.083422
0.117374 -0.03391 -0.000552
-0.034276 -0.065305 -0.016073
0.097413 0.009907 -0.039035
0.122627 -0.000736 0.126567
0.098412 0.075024 0.032844
0.090799 -0.087171 0.095922
-0.074118 -0.000708 -0.005474
0.112923 0.04574 0.006866
0.091113 -0.089348 0.084466
-0.028339 0.015783 0.179694
0.10392 -0.06953 0.020044
-0.073119 -0.013364 0.143542
0.109837 -0.04938 0.135624
0.120914 -0.009987 -0.006744
0.120386 -0.024074 0.124403
0.039102 -0.066973 -0.035851
0.059473 -0.087447 0.135456
0.113722 -0.005931 0.1509
0.116083 -0.033297 0.000592
0.026855 0.090187 -0.00703
0.035485 -0.056715 0.174813
0.056477 0.01292 0.186815
-0.065788 0.053371 0.127944
0.044708 0.096134 0.011683
0.060872 0.052879 0.170118
-0.004017 0.096913 0.119667
0.022805 -0.106491 0.04125
-0.01913 0.074618 -0.017722
0.062872 -0.047666 -0.042699
0.090633 0.086664 0.046485
-0.083147 0.043387 0.101699
0.110386 -0.053028 0.115657
-0.018082 -0.019885 0.18344
-0.036059 0.069159 0.143909
0.128016 -0.00455 0.1304
0.125118 0.011643 0.126047
0.087326 -0.026609 -0.043347
0.128296 -0.004534 0.129611
0.105661 0.06958 0.074082
0.103494 -0.013502 -0.032057
0.076112 0.033096 -0.045379
0.084844 0.072974 0.136169
0.10129 0.067284 0.024751
0.120199 -0.014873 -0.005427
0.120096 -0.020082 -0.005853
0.051036 0.102131 0.10196
0.070549 -0.06746 -0.024633
0.06014 0.088176 0.002107
0.092058 0.080113 0.041644
0.124197 0.030771 0.12448
0.115321 0.009901 -0.004827
0.059304 -0.05658 -0.040393
-0.057858 -0.064281 0.127421
0.088902 -0.085065 0.0577
-0.064722 0.045149 -0.004482
0.003951 0.067678 0.164409
0.089119 -0.085338 0.051927
0.070047 0.05402 -0.038438
0.091001 -0.086675 0.096059
0.089534 -0.08431 0.046884
0.079456 0.008829 -0.047111
0.017724 0.006098 0.192233
0.019762 0.015726 0.191179
0.061214 -0.103599 0.073312
0.105857 0.066234 0.019111
-0.067031 -0.041941 -0.004259
0.092313 0.087695 0.079769
-0.037191 -0.034468 0.16973
-0.052769 -0.059386 -0.006651
0.091285 -0.085624 0.063086
-0.0826 0.021756 0.011352
0.061267 -0.052176 -0.041758
0.125671 0.014256 0.125924
0.099022 -0.073279 0.030136
-0.080792 -0.001981 0.00096
0.090772 0.085016 0.095937
0.090407 -0.087631 0.093031
-0.014205 0.078401 -0.016168
0.118001 0.027086 -0.001735
0.132848 0.01623 0.092373
0.119369 -0.025107 -0.004998
0.126755 0.006373 0.126706
0.117124 -0.024175 -0.002228
0.092707 -0.08132 0.099464
-0.053683 0.011974 0.164162
0.024333 0.015896 0.19118
0.044879 0.059854 -0.037531
0.115017 -0.056956 0.116559
0.090409 0.085588 0.094167
-0.017028 0.067053 0.158074
0.089927 -0.085179 0.078806
0.102206 -0.073309 0.105651
0.104576 -0.068681 0.019602
-0.096261 0.010627 0.07382
0.118921 0.02772 -0.003586
-0.055328 0.072327 0.021462
0.090785 0.083716 0.046428
-0.013946 -0.07028 0.157464
0.093498 0.073938 0.032649
-0.092066 -0.01967 0.041636
-0.009185 -0.07669 -0.021047
-0.025502 0.067378 -0.018307
0.117011 0.055808 0.083316
-0.051359 0.073979 0.119565
0.047861 -0.057683 -0.038861
0.112802 -0.060643 0.116633
-0.066756 -0.065151 0.031025
0.091886 0.086477 0.085374
-0.080738 0.00393 0.000972
0.08961 -0.088979 0.093646
0.026759 0.075269 -0.029957
-0.028863 -0.080879 0.135485
0.115596 0.003177 -0.005323
-0.013093 -0.069023 -0.022425
0.074474 -0.080879 0.135485
0.09126 0.087442 0.057088
-0.088256 -0.010502 0.021094
0.101555 -0.072763 0.105489
0.116752 -0.047138 0.11011
0.088185 -0.084019 0.046996
0.022805 -0.00109 0.192567
0.016957 -0.069697 -0.030556
0.112534 0.051171 0.008034
0.090019 -0.086041 0.090247
0.074637 0.097451 0.063444
0.115727 0.037216 0.012955
0.118807 0.027514 -0.002884
0.040944 -0.100311 0.020694
0.034188 0.01245 0.191165
0.113977 -0.046439 0.002604
0.1268 -0.021115 0.127651
-0.037127 0.092569 0.05272
0.01923 0.079601 -0.024952
0.099617 0.064756 0.022162
0.088484 -0.084878 0.049355
0.116194 -0.039603 0.120605
-0.047812 0.054435 -0.012336
0.100587 -0.068766 0.025359
0.108752 0.058801 0.014993
-0.095438 0.015062 0.063078
0.02971 0.075843 0.158114
0.090493 0.086292 0.09914
0.121141 0.002963 -0.008986
0.093419 -0.084199 0.040994
-0.053428 0.053868 -0.009661
0.084124 -0.08016 0.127349
0.134637 -0.000319 0.052803
-0.081652 0.052666 0.074007
0.088718 0.084499 0.052768
0.116108 0.037117 0.001843
0.115253 -0.038107 0.002436
0.005645 -0.076309 0.157436
0.115421 0.052014 0.116597
0.090509 0.081441 0.098567
0.01537 0.014554 0.191175
0.089875 0.085214 0.049811
0.018291 -0.10122 0.118785
0.053526 0.029889 0.183661
-0.013034 0.02494 0.183639
0.089679 -0.089181 0.051788
0.089746 0.087852 0.049128
0.101868 0.066597 0.032616
0.090444 0.085961 0.092107
0.026521 -0.083604 0.150555
0.124289 0.025065 0.124469
0.116361 -0.048498 0.11756
0.089097 0.08839 0.048932
0.099416 -0.078605 0.104472
-0.05265 0.059416 -0.006153
-0.03302 -0.026724 0.174947
0.091245 -0.086634 0.044401
0.102366 0.05966 0.017452
0.089832 0.081556 0.098353
-0.06673 0.070193 0.052621
0.081387 0.039202 -0.04149
0.069115 -0.088162 0.127314
0.055554 0.087164 0.136233
0.056553 0.104036 0.074236
-0.060833 -0.06658 0.118939
0.130944 -0.017085 0.101329
0.103445 0.063608 0.021014
0.097034 -0.074341 0.042141
0.120397 0.035121 0.121829
-0.020525 0.067191 -0.019809
0.118468 0.047935 0.1219
0.115596 -0.003381 -0.005353
0.088373 -0.080503 0.040727
-0.09497 -0.020333 0.073682
-0.033528 -0.096556 0.073342
-0.090528 0.009897 0.110528
0.066768 -0.046411 -0.043216
0.01889 -0.076669 -0.028535
0.12938 0.032941 0.083215
0.002969 -0.062384 0.169606
0.090585 0.086436 0.096708
-0.05186 0.060113 -0.006358
0.115712 0.037786 0.136013
0.018286 -0.034458 0.186604
0.088596 0.084194 0.090352
0.090329 -0.087621 0.046616
0.124104 0.031214 0.126881
0.036609 -0.071933 -0.033241
-0.08125 -0.022332 0.127608
0.090367 -0.0165 -0.044103
0.0927 -0.087415 0.068722
0.117376 0.026897 -0.001378
0.057548 0.050427 -0.041
0.000888 -0.068796 0.163802
0.074694 -0.035274 -0.045301
-0.036876 -0.018137 0.174985
0.013424 -0.001612 0.192199
0.090221 0.087553 0.092263
-0.055634 0.049471 -0.009809
0.090493 0.083056 0.096934
0.036318 -0.100552 0.118788
0.087361 0.026889 -0.043118
0.092793 0.086946 0.074159
0.079112 -0.01073 -0.047104
0.082009 0.004757 -0.047637
-0.01001 -0.1022 0.101051
0.089746 -0.088797 0.050311
-0.009276 -0.030809 0.183392
-0.021948 0.072203 -0.018022
-0.038018 0.043158 0.1643
0.12741 0.024033 0.032427
0.115049 0.045572 0.022609
0.094245 0.080361 0.100813
0.089404 -0.089022 0.049586
0.117984 -0.0288 -0.00173
0.098894 -0.077509 0.103266
0.116328 0.022264 0.1437
0.0675 -0.058825 0.163846
0.112245 0.045456 0.007069
0.107308 0.057784 0.015673
0.060128 -0.078461 -0.016478
0.114667 0.055412 0.119481
0.041075 -0.004874 0.191088
-0.011861 -0.093212 0.01084
-0.088464 0.036006 0.092518
0.11942 -0.028469 0.12351
0.086657 0.023754 -0.04468
-0.014309 0.075827 -0.019002
0.10485 0.070875 0.108725
0.092745 -0.087037 0.073385
0.003172 -0.087101 0.143213
0.01446 -0.078752 -0.025999
-0.075341 0.008062 -0.004684
0.094508 0.079415 0.101131
-0.063491 -0.074126 0.051978
0.1014 0.061848 0.001989
-0.047945 0.083517 0.101878
0.123872 -0.034671 0.124854
-0.054199 -0.011003 0.16406
0.08983 -0.088192 0.046229
0.045422 0.09922 0.021582
0.114607 0.044297 0.001911
0.050568 -0.101256 0.030865
-0.04661 0.0531 -0.012816
0.1268 -0.015334 0.126501
0.088145 0.084379 0.05219
0.091626 -0.088688 0.084553
-0.009896 -0.078153 0.150579
0.124494 0.019591 0.125135
0.092514 0.086104 0.079778
0.080896 0.040059 -0.041357
0.032462 -0.107679 0.051829
0.119233 0.007696 -0.005159
0.119388 -0.025028 -0.004638
0.089002 0.044217 -0.0318
0.106513 -0.064781 0.015528
-0.079402 0.00854 -0.000761
-0.008268 0.082621 0.143969
-0.01417 -0.025675 0.183415
0.101528 -0.067018 0.108736
0.062536 -0.094598 0.118814
-0.061973 0.050997 0.136072
0.116636 0.037558 0.000967
-0.000406 0.013104 0.189347
0.102978 -0.074404 0.106696
0.117576 0.046771 0.032528
0.089802 -0.085847 0.051776
0.070391 0.073798 -0.0158
0.110776 -0.060108 0.112579
0.10766 -0.05091 0.012563
-0.072576 -0.025714 -0.004881
0.098816 0.074553 0.104206
-0.071794 -0.039337 0.001539
0.089572 0.084986 0.050402
-0.024201 -0.099197 0.051867
-0.001599 0.011338 0.18934
-0.072136 -0.016308 -0.006079
0.06333 0.084443 0.136221
-0.043544 0.055868 0.151175
0.107931 -0.061849 0.013064
-0.086159 -0.045688 0.073569
0.101527 0.061336 0.018889
0.092018 -0.086042 0.099465
0.103135 -0.033273 -0.024481
0.119974 -0.019941 -0.005141
0.073344 -0.096003 0.101078
0.089341 -0.089441 0.051859
-0.014018 0.002367 0.186768
-0.055491 -0.079112 0.041372
0.116407 -0.03924 0.000114
-0.044212 0.057235 -0.013297
0.120633 -0.01514 -0.007161
0.118611 0.04586 0.119292
0.124511 -0.023348 0.12467
0.051746 0.019921 0.186846
0.128187 -0.004544 0.130017
0.081249 0.034728 0.170038
0.114628 -0.056384 0.115492
-0.084961 -0.045076 0.052108
0.03727 0.10656 0.052782
-0.084038 0.04879 0.073989
0.1216 -0.039227 0.121572
0.056127 0.061717 -0.037853
0.090792 0.085253 0.04726
-0.035145 0.089608 0.031714
0.105171 0.064488 0.020885
0.089772 -0.085201 0.057563
0.071567 -0.052069 -0.039311
-0.026471 -0.046689 0.169676
0.101559 -0.067455 0.010955
0.103403 0.069302 0.107469
0.11962 0.020074 -0.007341
0.094785 0.07797 0.101771
-0.073829 -0.031798 -0.001
0.111609 -0.019292 0.150841
-0.042337 -0.060596 -0.013881
0.114871 0.036611 0.002493
0.005398 0.028638 0.186884
0.090752 -0.082896 0.097605
0.059815 -0.000373 0.186756
0.049008 -0.095471 0.010831
0.102486 -0.072341 0.023901
0.09976 0.064869 0.022695
0.025823 0.03248 0.186902
0.022805 -0.080204 -0.02469
0.09028 -0.086636 0.091564
0.084897 0.08416 0.090245
0.090034 0.031141 -0.03894
-0.092697 0.02363 0.052414
-0.087289 0.009548 0.119277
0.094983 0.077402 0.037247
0.117487 -0.024238 -0.002291
0.090931 0.082106 0.098088
0.109078 0.059718 0.013839
0.106998 -0.060625 0.110051
-0.07407 -0.021435 -0.004462
0.032093 -0.041852 0.183343
-0.055948 -0.067455 0.010955
0.118821 0.029416 0.123231
0.103419 0.068236 0.119538
0.046872 -0.087598 -0.007821
0.085636 -0.083449 0.09647
-0.00353 -0.035152 0.183372
-0.096858 0.001769 0.07378
0.050734 -0.066947 0.16381
-0.005131 0.057786 0.17014
0.036436 0.100564 0.021588
0.089811 -0.085948 0.091429
0.089482 0.084336 0.048816
-0.053777 0.083285 0.074143
0.123608 0.040223 0.042651
0.05963 0.002367 0.186768
0.106332 -0.07026 0.109213
-0.091533 0.006147 0.031342
-0.044772 -0.06542 -0.008777
-0.040686 0.057514 -0.014398
0.119586 0.012617 -0.004872
0.104601 0.071434 0.110801
0.033901 0.022262 0.189388
0.115215 -0.027367 0.143479
-0.0788 0.00867 0.135884
0.096732 0.073017 0.10173
-0.089945 -0.028117 0.041599
0.127655 0.011983 0.127894
0.092322 -0.085583 0.101048
0.089584 -0.079796 0.100578
0.02882 0.032145 0.1869
0.074758 0.030735 0.175203
0.12707 -0.015391 0.12682
0.09025 -0.086407 0.09293
0.106376 0.062228 0.018757
0.017919 0.108355 0.074254
-0.036941 0.077319 0.002058
0.060152 0.099698 0.101949
0.091089 -0.089493 0.062613
-0.079368 0.046866 0.031524
0.004617 0.037211 0.183695
-0.017493 -0.067966 -0.02123
0.050316 -0.043667 0.179429
-0.08084 -0.000813 0.000978
0.10909 -0.066635 0.11362
-0.033957 0.05625 0.158027
0.091847 0.085036 0.099981
0.08984 0.085312 0.050344
0.101461 0.072863 0.027905
0.091113 0.088325 0.085257
0.091757 0.081088 0.074133
0.050651 0.032063 0.183671
0.119809 -0.044259 0.119946
-0.06982 -0.067487 0.052008
0.114078 0.046978 0.004991
0.076677 -0.092127 0.030906
0.087768 0.083845 0.093166
0.10594 0.06577 0.01973
0.089415 0.084462 0.090554
-0.000488 -0.080267 -0.020479
0.000943 0.014778 0.189355
0.109477 0.061605 0.042746
0.095055 -0.081237 0.100652
0.026534 0.006754 0.192236
0.089861 -0.085887 0.049205
0.099119 -0.077052 0.028446
0.063692 -0.019885 0.18344
-0.092439 0.027953 0.083218
0.115172 -0.012001 -0.004671
-0.054327 0.054963 -0.008426
0.090064 -0.086174 0.051718
0.040684 -0.020621 0.189198
0.070139 -0.048581 -0.042083
0.113601 0.024609 -0.001836
0.090791 0.086124 0.098877
0.089069 -0.085361 0.091893
0.077582 0.092849 0.101918
0.090926 -0.04149 -0.032182
0.088675 0.084143 0.092291
0.041731 0.103881 0.101968
-0.010527 -0.103751 0.091895
0.113453 0.05819 0.11769
-0.029147 0.030735 0.175203
0.106802 -0.059418 0.112759
0.127621 0.000989 0.127357
0.09582 -0.081645 0.035665
-0.07085 -0.033032 -0.004413
0.02618 -0.009063 0.192166
0.117444 0.02204 -0.002573
0.09143 0.085036 0.097818
0.089736 0.019491 -0.043777
-0.042139 0.064564 0.143889
0.043175 0.016345 0.189362
-0.054975 0.000506 0.164111
0.089871 0.083692 0.095547
0.086373 -0.082712 0.097616
0.105401 0.061631 0.019
0.116331 0.037263 0.00158
0.014209 -0.064498 0.169596
-0.013999 0.072633 -0.020923
0.10679 -0.063115 0.017907
0.090016 -0.082562 0.097839
0.093144 0.083702 0.102099
0.124046 0.00757 0.012823
0.022805 0.108355 0.074254
0.111469 -0.051888 0.009575
0.089786 -0.088582 0.09512
0.089608 -0.085773 0.050657
0.09663 0.079389 0.036538
0.119593 0.022675 -0.004284
0.089835 -0.088243 0.096786
0.078025 0.077325 0.136189
0.112181 0.050572 0.008922
0.103478 0.068735 0.024346
0.013839 0.023007 0.189391
-0.064963 -0.040358 -0.006987
0.111421 0.049416 0.001934
0.054942 -0.052394 -0.040753
0.063906 -0.033396 0.179475
0.066932 0.043314 -0.043391
-0.073002 0.024522 -0.004543
0.088771 -0.08418 0.095054
-0.001948 0.089297 0.136243
-0.072934 0.019782 -0.00528
0.100958 -0.067787 0.10831
-0.091724 -0.002346 0.031305
0.118669 0.00281 -0.00537
0.113273 -0.042427 0.004903
0.120011 -0.020205 -0.006576
0.093798 -0.080004 0.10047
0.111991 0.044107 0.012986
0.107155 0.063462 0.017569
0.100638 -0.069429 0.026015
0.123496 0.024891 0.124233
0.043497 -0.091711 0.135436
0.123147 0.022528 0.119084
0.090903 0.014316 -0.044107
0.100243 -0.075754 0.028409
-0.041384 -0.059163 -0.014578
0.013967 0.001815 0.192214
0.123915 0.03108 0.110458
-0.039234 0.072974 0.13617
0.09392 0.083267 0.040368
0.090631 0.085862 0.047739
0.115946 -0.055153 0.118726
-0.08174 -0.053613 0.073534
-0.07463 -0.049714 0.02092
0.022042 -0.018104 0.191028
-0.057963 -0.0241 0.15767
0.089598 0.087922 0.094142
0.020901 -0.009456 0.192163
0.022805 0.015953 0.19118
0.081484 -0.076784 0.135503
-0.018458 -0.086844 0.001328
0.124944 -0.014671 0.125767
0.089151 0.084382 0.091765
0.061279 -0.046379 -0.04244
0.083016 0.013694 -0.047326
0.124103 -0.023273 0.12458
-0.091419 0.032354 0.073917
0.072148 0.046503 -0.042196
0.070438 0.04552 -0.042926
0.08778 -0.084898 0.092663
0.095258 -0.073067 0.01093
0.08648 -0.082604 0.097782
-0.042866 -0.078193 0.010908
0.099109 -0.077809 0.103495
-0.091067 -0.033205 0.082945
0.029104 0.005253 0.192229
0.031131 0.091757 0.136254
-0.061029 0.077332 0.074117
-0.00792 0.017707 0.186836
0.122993 0.015193 0.012857
0.023189 -0.009626 0.192162
0.116608 0.036915 0.121308
0.118383 -0.050129 0.120331
0.044161 0.066905 -0.03578
0.07486 -0.030503 -0.045861
0.0149 0.080148 -0.023812
0.108028 -0.020964 -0.024427
0.119428 0.000128 -0.005529
0.092474 -0.088278 0.078999
0.044724 -0.068796 0.163802
-0.011838 -0.028332 0.183403
-0.07677 -0.021446 0.13575
-0.021824 -0.066664 -0.020053
-0.081085 -0.04848 0.10129
0.114853 -0.053632 0.115763
0.122869 0.036132 0.123527
0.094604 0.077237 0.037173
0.090156 0.087468 0.092948
-0.067417 -0.036442 -0.006312
0.089419 -0.083386 0.045549
-0.001058 -0.074786 0.157444
0.116767 0.031689 0.000111
0.105894 0.065515 0.020018
0.116709 -0.033524 0.00025
0.049962 -0.052261 0.174833
0.121545 0.039448 0.032495
-0.048675 -0.067107 0.135546
0.019502 -0.078095 -0.027332
0.089576 -0.084512 0.094962
-0.016009 0.09162 0.011663
0.021278 0.007342 0.192238
0.107334 -0.061395 0.010981
0.060791 -0.10235 0.051853
0.068885 -0.072296 0.150604
0.091361 0.085356 0.100591
0.065691 0.100966 0.06346
0.098824 -0.076194 0.082729
-0.01526 0.052879 0.170118
-0.022427 -0.06838 -0.019742
0.109449 -0.054864 0.114883
0.089704 -0.088716 0.049628
0.036232 0.072323 -0.032498
0.098839 0.077311 0.031015
0.09604 0.079855 0.03167
0.124282 0.031178 0.126497
0.118512 -0.042 0.11982
0.124751 -0.006464 0.135816
0.013161 0.106648 0.092831
-0.02385 -0.075664 -0.014319
-0.074085 0.00097 0.143606
0.078965 0.095307 0.083518
0.098704 -0.077544 0.031929
-0.013639 0.035674 0.179782
-0.055252 0.077994 0.101852
0.096089 -0.081129 0.036233
0.108019 -0.058343 0.01496
-0.017274 0.094558 0.021561
0.122108 -0.033735 0.122411
0.090256 0.086591 0.05109
-0.04789 0.063215 -0.007386
0.093895 0.056033 -0.01588
0.096107 -0.044695 -0.024532
0.084484 0.083926 0.049429
0.087938 0.083477 0.094534
-0.074807 0.054281 0.031557
0.116162 0.052605 0.117436
0.094831 0.08208 0.10263
0.001539 -0.028603 0.18663
0.058894 -0.008547 0.18672
0.087297 -0.021372 -0.045051
0.032109 -0.002305 0.192195
0.070294 0.099424 0.074215
0.090138 0.087287 0.093966
0.091064 -0.086893 0.044129
0.045154 -0.06168 -0.037973
0.018233 0.075296 -0.028787
0.089866 0.085432 0.05125
0.031645 0.001815 0.192214
-0.073622 0.02984 -0.002196
0.123017 -0.028492 0.123555
0.09083 -0.086082 0.095355
0.003358 0.106911 0.074248
0.084256 0.030279 0.170018
0.089186 -0.084319 0.094989
0.09238 0.085715 0.079764
0.090427 0.086125 0.093665
0.119725 -0.020297 -0.00725
-0.058937 0.019279 0.157862
-0.05354 0.076223 0.110823
0.079831 0.024851 -0.046419
-0.090012 -0.032952 0.092211
-0.069952 0.042686 0.001904
0.127114 0.006398 0.126927
0.054888 -0.030809 0.183392
0.090407 -0.089467 0.057444
0.0924 -0.08551 0.101125
0.12115 -0.004944 -0.007135
-0.06645 0.031409 -0.007403
-0.004552 0.074156 -0.023461
-0.078987 0.056444 0.063262
0.013468 -0.075715 -0.028181
0.118783 0.017389 -0.00386
0.08846 0.084306 0.050507
0.132076 -0.008871 0.101366
0.02622 -0.026304 0.189173
0.065677 -0.101826 0.08264
0.08613 0.018853 -0.04605
-0.091526 -0.028564 0.052181
-0.095643 -0.002533 0.052297
0.084791 0.023322 -0.045673
-0.084338 0.034553 0.110638
0.110949 0.004988 -0.024311
0.090507 -0.085231 0.063166
0.123856 -0.034577 0.124442
0.084413 -0.084667 0.049047
0.085544 -0.085061 0.056836
0.080755 0.089608 0.031714
0.090319 -0.087978 0.093343
0.124166 -0.020425 0.125017
0.065573 0.049879 0.170105
0.041417 -0.102977 0.030857
-0.009943 0.087164 0.136233
0.092576 0.086508 0.079784
0.089399 0.08775 0.095808
0.116749 0.045847 0.110524
0.089036 -0.021579 -0.043776
0.057075 0.05619 -0.040147
0.113271 -0.026575 -0.001503
-0.0798 0.003877 -0.000676
-0.055579 -0.056846 -0.005902
0.024316 -0.034682 0.186603
0.040128 -0.068568 -0.035301
0.090148 -0.088346 0.093449
0.120226 0.017791 -0.005414
-0.014142 -0.003118 0.186744
0.084569 0.083759 0.093542
0.089864 0.00991 -0.045593
0.112005 0.03577 0.003683
0.079856 0.073877 -0.007103
0.093406 0.083335 0.102846
0.088355 0.082952 0.095921
0.078793 -0.032088 -0.045513
0.040429 0.004707 0.191131
0.090453 0.086071 0.048397
0.052207 0.040569 0.179804
0.110532 0.054752 0.01184
-0.087842 0.001356 0.119241
0.111399 0.053371 0.127943
0.124745 -0.030018 0.127203
0.09256 -0.085471 0.100725
-0.018187 0.077402 -0.015126
0.003402 0.106618 0.083568
0.122382 -0.021446 0.135749
0.108914 0.059037 0.01474
-0.049895 0.085984 0.074155
0.11975 0.002833 -0.005597
-0.065793 0.036089 -0.007131
0.112375 -0.061634 0.11435
0.124631 -0.023754 0.022301
0.123148 -0.023913 0.118877
-0.066185 -0.027875 -0.007882
0.085685 0.026484 -0.04441
0.064749 0.098853 0.042163
0.11491 0.014853 -0.004105
0.127399 -0.015653 0.129213
-0.080651 -0.00969 0.001671
-0.043953 -0.055151 -0.014016
-0.074711 -0.012357 -0.004945
0.109934 -0.040645 0.004113
-0.07228 -0.058299 0.031056
0.119886 0.012663 -0.005084
0.119705 -0.014763 -0.004891
0.090351 -0.088139 0.051647
-0.06173 0.048926 -0.005257
0.009516 -0.032468 0.186613
-0.063375 0.073141 0.092683
0.086459 -0.085194 0.081509
0.08782 -0.085151 0.091135
0.119777 0.000129 -0.005654
-0.004706 -0.043667 0.17943
-0.073781 0.048419 0.119451
0.092813 -0.08224 0.042077
0.110914 -0.051512 0.009936
0.05332 0.065644 -0.035655
0.084032 0.034368 -0.042208
0.032393 0.07529 -0.030065
0.094021 0.050762 0.151152
0.123184 0.032238 0.12785
0.058947 0.075143 0.151261
0.117357 0.046936 0.118348
0.100915 0.074119 0.105362
0.11912 0.040259 0.120354
0.107938 0.066396 0.110802
-0.073878 0.058453 0.101767
0.111894 -0.053212 0.00745
-0.05238 0.052692 -0.010671
0.121704 -0.033626 0.122334
0.058455 0.084244 -0.007056
0.090466 0.08598 0.094284
0.001672 -0.01772 0.189211
0.065518 0.051129 -0.041581
0.003396 -0.107548 0.062532
0.102788 -0.075102 0.108273
0.111506 0.04525 0.007075
0.096253 0.080766 0.104404
0.053265 0.094191 0.011674
0.091252 0.068131 0.136148
0.088077 0.0835 0.047988
0.087749 0.064564 0.143888
0.008006 0.08084 0.151286
0.089784 0.082589 0.096969
0.050742 0.057786 0.17014
0.076846 0.070026 -0.015818
0.113874 0.000823 0.15093
-0.069398 -0.029253 -0.00645
0.092261 -0.087794 0.062978
0.102822 -0.074886 0.108841
0.090537 0.084491 0.085146
-0.074685 0.012445 -0.004841
0.067044 0.009881 0.183572
0.050624 0.001515 0.189296
-0.071148 -0.06319 0.101224
0.00781 0.070862 -0.027456
0.104653 0.061374 0.018923
0.114698 -0.016899 -0.003887
-0.011465 -0.013778 0.186696
0.089975 0.07915 0.042824
0.085842 -0.063438 -0.016412
0.03952 -0.008786 0.19107
0.124345 0.030876 0.124861
0.090241 0.084757 0.048102
0.106736 -0.064649 0.015828
0.01336 0.075918 -0.027477
0.120496 0.012762 -0.008438
-0.09284 0.014837 0.04179
-0.02656 0.070583 -0.016793
-0.091096 0.001464 0.110491
0.107055 -0.063615 0.017389
0.121571 0.015384 0.125662
0.11071 0.020837 0.151019
0.038115 -0.065294 -0.036088
0.110387 0.038864 0.003697
-0.050028 -0.080287 0.110126
0.090175 -0.086785 0.049928
0.10694 0.057646 0.015671
0.051757 -0.105754 0.06254
0.066151 -0.040592 -0.043732
-0.046421 0.010717 0.169931
0.123078 0.024816 0.124213
0.090395 0.086258 0.052413
0.022805 -0.094605 0.001294
-0.078952 -0.057319 0.082839
0.114607 -0.044474 0.001516
0.088023 0.084201 0.050515
0.101011 -0.069586 0.026053
0.096259 -0.075047 0.032831
-0.006147 -0.105754 0.06254
0.092124 0.08455 0.099373
0.11174 -0.053346 0.007124
0.115634 -0.002099 -0.005413
-0.075796 -0.027152 -0.000463
0.090109 -0.087928 0.046422
0.094458 0.080644 0.100957
-0.024379 0.04654 0.170091
0.119259 0.012573 -0.004704
0.118672 0.048085 0.120558
0.089238 -0.084917 0.093818
0.089745 0.087522 0.095666
0.102477 -0.073595 0.10583
0.040787 0.098576 0.119673
0.092194 -0.032917 0.163962
0.102591 -0.075171 0.108669
0.092287 -0.085562 0.098851
-0.074935 -0.026725 -0.0021
0.090443 0.084301 0.095678
0.03739 0.107392 0.063489
-0.060641 0.059755 0.127972
0.104832 -0.067312 0.021388
0.042793 -0.072634 -0.031829
0.125144 -0.028192 0.12758
0.005464 0.094998 0.128129
0.117329 0.031925 -0.000317
-0.051119 0.036687 0.15794
-0.047502 0.04204 0.157963
0.118861 -0.019573 -0.003755
0.0899 -0.088866 0.092581
0.074851 0.088093 0.119627
0.045885 -0.10207 0.11003
0.091849 -0.049978 -0.024555
0.120566 0.012815 -0.005937
0.116983 0.046765 0.118229
0.129724 0.033167 0.07392
0.118462 -0.024476 -0.002768
0.12162 -0.037416 0.12754
-0.001387 -0.106813 0.082618
0.080241 0.053408 -0.031759
0.116212 -0.056242 0.052555
0.129065 0.023992 0.101512
0.04756 0.089297 0.136243
-0.06448 -0.063446 0.020858
0.090207 -0.087669 0.048091
0.088702 0.083842 0.093785
0.124869 -0.029531 0.127317
-0.064238 -0.045848 -0.005016
0.125694 0.025679 0.126816
0.091212 -0.085483 0.078908
0.093491 -0.079796 0.100578
0.114038 0.047137 0.004649
0.090154 0.082801 0.09693
0.089113 -0.085443 0.091296
0.081338 -0.020012 -0.047025
0.064622 -0.099431 0.101064
0.119503 -0.044092 0.119702
-0.036561 -0.060038 -0.016037
0.090467 -0.087429 0.091687
0.094581 0.08233 0.10334
0.031968 -0.00299 0.192192
0.048243 0.009488 0.189332
0.09693 -0.072578 0.105431
0.058103 -0.011197 0.186707
0.089112 0.084014 0.093799
0.119535 -0.006216 0.143573
0.090729 -0.087938 0.090111
0.050108 -0.085358 0.143221
0.100096 -0.075978 0.028108
0.058204 -0.049476 -0.041622
-0.071876 -0.033638 -0.00294
0.122209 -0.039649 0.122589
0.05167 0.068354 -0.033537
0.109211 0.053951 0.115176
0.084548 -0.084966 0.092341
-0.060883 0.048061 -0.006709
0.110881 0.062783 0.115074
0.03023 0.081664 0.15129
0.025454 -0.009287 0.192165
0.124579 -0.029972 0.127573
0.089899 0.087625 0.094059
-0.045091 0.033588 0.164257
0.091706 -0.085655 0.068775
0.035957 0.021363 0.189385
0.124429 0.030971 0.125264
0.073768 0.047369 -0.041158
-0.017645 -0.05336 0.169646
0.087636 0.076336 0.128046
-0.051893 -0.070047 0.127394
0.090246 0.086758 0.049453
0.067479 0.069328 -0.024024
-0.000584 0.080368 -0.019739
0.106646 -0.011862 0.157724
0.090263 0.085306 0.048635
0.089807 -0.088359 0.047821
-0.063286 -0.058093 0.127448
0.11891 0.012534 -0.004581
0.127518 0.007782 0.022441
0.033515 0.067473 -0.034254
0.089557 -0.089636 0.090224
0.114093 -0.053267 0.115619
-0.024138 0.098177 0.092794
0.121856 -0.049472 0.063038
-0.009308 0.073524 -0.022183
0.070139 0.035095 -0.044474
0.029446 -0.050089 0.1794
0.093315 0.082071 0.100007
-0.073854 -0.026242 -0.003583
0.091009 -0.086314 0.095857
0.06838 0.076923 0.143943
-0.070353 -0.038472 -0.001942
0.113839 -0.037696 0.002709
0.121316 0.000144 -0.007601
0.099935 0.075712 0.104755
-0.009035 -0.085524 -0.007811
0.109745 -0.050291 0.00967
0.084964 -0.084216 0.094873
0.065066 -0.045218 -0.043281
0.126 -0.04182 0.063072
0.126551 0.020293 0.128568
0.079973 -0.002382 -0.0473
0.128167 0.006516 0.128682
0.067777 -0.051204 -0.041465
0.085877 0.009534 -0.047229
0.05615 -0.089614 0.001316
0.119747 -0.038563 0.120922
0.090209 -0.086853 0.050483
-0.041903 0.091083 0.074177
-0.000402 0.101756 0.031768
0.110476 -0.056131 0.008649
0.092244 0.085414 0.06843
-0.012991 -0.096301 0.020712
-0.029126 -0.098483 0.073335
0.0571 0.064891 -0.034981
0.090398 0.084445 0.062901
-0.038644 0.030279 0.170018
-0.027733 -0.096003 0.101079
0.090246 -0.087667 0.05039
0.074256 0.060266 0.158045
0.104961 -0.068082 0.020537
0.119426 -0.019715 -0.004212
0.110633 -0.063117 0.092019
0.119899 0.040541 0.120549
0.082111 -0.002453 -0.047696
-0.055095 -0.05003 -0.010396
0.104514 0.06425 0.011541
0.090428 -0.087343 0.09231
0.106216 -0.07002 0.108872
0.127015 0.011853 0.126826
0.105534 -0.06923 0.108133
0.091484 0.080185 0.099946
-0.041747 0.058966 -0.013955
0.090113 -0.087992 0.049733
0.092542 0.087377 0.068422
0.093492 0.078602 0.101284
0.087817 0.083688 0.093821
0.090643 -0.088337 0.090088
0.08968 0.087773 0.047593
0.084569 0.083926 0.092674
0.104565 0.070371 0.108086
0.113647 0.057383 0.115343
0.089174 0.083475 0.047537
0.018853 -0.088854 0.143206
0.001228 0.04436 0.179821
0.090483 0.086773 0.092205
0.063885 0.049928 -0.04201
-0.048792 -0.062568 -0.007709
-0.028994 0.063979 -0.017532
0.127373 0.014576 0.127637
0.089608 0.084888 0.049871
-0.075329 0.028131 -0.000339
0.01596 0.004765 0.192227
0.030708 0.072397 -0.032146
0.089018 0.084296 0.090455
0.089 -0.021716 -0.043766
0.089895 -0.089374 0.090292
-0.075291 -0.017074 -0.004114
-0.013967 -0.078384 -0.016928
0.062165 -0.058902 -0.038554
0.002277 0.073803 0.158105
0.032542 -0.10863 0.062527
0.06282 -0.044749 0.174866
0.117505 -0.03404 -0.000876
0.035921 -0.013251 0.19105
-0.083708 -0.049589 0.082873
0.117026 0.026816 -0.001269
0.090351 0.087471 0.052428
0.124411 0.008668 0.135883
0.126152 -0.024091 0.127995
0.089947 -0.088965 0.091841
0.097044 0.068942 0.026571
0.109472 -0.044085 -0.007627
-0.052802 0.045313 0.151128
0.100096 -0.07434 0.029701
0.090358 0.085046 0.094642
0.016079 -0.016982 0.191034
0.112503 -0.047161 0.007184
0.060866 -0.036334 0.179462
-0.056588 -0.080275 0.051951
0.028514 0.005699 0.192231
0.113822 -0.045737 0.118544
0.061122 0.072408 -0.024011
-0.066265 0.063924 0.110768
-0.069595 0.061331 0.031589
0.027215 0.098091 0.011692
0.050764 -0.000554 0.189287
-0.00386 -0.008731 0.189251
0.096034 -0.080192 0.036962
0.118363 -0.04973 0.119124
0.04947 -0.008731 0.189251
0.092061 0.087409 0.06273
0.120817 0.013009 -0.007358
0.091645 -0.055094 0.150681
-0.019726 0.100186 0.052754
0.088239 0.084045 0.092246
0.09513 0.07824 0.101721
-0.052834 -0.083258 0.091986
0.085081 0.082933 0.095962
0.10691 -0.064487 0.016141
0.118865 0.046034 0.119583
0.091805 -0.086222 0.099778
0.095098 -0.082961 0.103445
0.118929 -0.038761 0.022234
-0.031066 -0.092127 0.030906
0.12492 0.001108 0.13585
-0.058178 -0.04667 -0.00955
0.013068 -0.10863 0.062527
-0.005991 -0.072047 -0.0242
0.094428 0.077732 0.10189
0.12529 0.019729 0.12538
0.015902 0.075843 0.158114
0.017526 -0.017428 0.191032
0.120328 -0.004875 -0.005933
0.07278 -0.03436 -0.045317
0.090306 -0.083812 0.096445
0.092299 -0.086261 0.068746
0.091467 -0.086954 0.057288
0.110483 0.061516 0.112548
-0.062739 0.043472 -0.00721
0.105504 0.059661 0.017449
0.090671 -0.087523 0.090421
-0.001196 0.105132 0.052776
-0.077573 0.032238 0.12785
-0.077743 0.021307 0.000264
-0.076485 -0.02228 -0.00167
0.120894 0.005461 -0.009159
0.113517 -0.048713 0.004631
0.104932 -0.067579 0.021125
0.120647 -0.015091 -0.006796
-0.02693 -0.05532 0.163863
0.113801 0.047402 0.003978
0.088309 0.084122 0.091631
0.115551 -0.038241 0.002251
0.090985 -0.089599 0.082692
0.100586 0.000505 0.16411
0.093316 0.07418 0.032962
0.089443 0.084379 0.093253
0.096349 -0.053285 -0.016366
0.100099 0.075993 0.105042
0.119175 -0.025243 -0.0057
0.020528 0.007201 0.192238
0.114134 0.03644 0.002533
0.091873 0.086885 0.085373
0.121355 0.000146 -0.007966
-0.030883 -0.075959 -0.007768
0.089026 -0.08327 0.045409
0.031617 -0.098074 0.010818
0.095101 0.080104 0.101409
0.078774 0.012981 -0.046907
0.1128 -0.047328 0.007016
0.104614 0.068429 0.092605
0.103921 -0.066298 0.022097
-0.022334 0.02655 0.179742
0.107987 0.058138 0.015533
0.123916 -0.032371 0.110176
-0.024656 0.023113 0.179727
-0.07854 -0.00536 -0.002242
0.056461 0.103806 0.063472
0.017338 -0.071549 -0.030501
0.107423 0.047234 -0.007221
0.107012 0.024262 -0.024225
0.031354 0.002461 0.192216
0.059753 -0.003118 0.186744
-0.031295 0.004014 0.179641
0.072542 -0.05532 0.163861
0.051493 -0.055131 -0.039832
0.090494 0.083423 0.04646
0.128059 0.00101 0.130466
-0.07931 0.001108 0.13585
0.110548 0.052383 0.02264
-0.019242 -0.080202 0.143244
0.083217 -0.094148 0.082674
-0.001301 0.076142 -0.023542
0.03707 -0.06365 0.1696
0.085382 0.000165 0.175066
0.047748 -0.012568 0.189233
0.081671 0.069159 0.143909
0.069953 0.061184 -0.031724
0.119111 0.017448 -0.004025
0.032561 0.107994 0.074253
0.110906 0.06198 0.113127
0.116306 0.053205 0.119004
-0.010111 0.101632 0.042176
0.088746 -0.083966 0.04676
0.090611 -0.087292 0.045768
-0.068262 0.06542 0.101797
0.090595 0.084281 0.074148
0.08818 -0.007287 -0.046714
-0.026441 0.068795 0.151232
-0.010306 0.055521 0.17013
-0.071543 0.023994 -0.005635
0.067927 0.085116 0.002092
0.074093 0.042886 0.170074
0.066164 -0.050109 -0.042205
0.027478 0.103829 0.031777
0.092358 0.080915 0.099609
0.118613 -0.029437 -0.003697
0.014345 0.078931 -0.025267
0.091036 -0.088896 0.057347
0.090141 -0.087829 0.045312
0.00836 -0.107304 0.09188
0.090705 0.08515 0.057171
0.090318 -0.086894 0.048345
0.067101 -0.093329 0.020725
0.090985 0.088597 0.083486
-0.010949 -0.064658 0.163821
0.107729 -0.060819 0.03205
0.099894 -0.074047 0.029874
0.090171 0.087242 0.046994
-0.019543 0.088323 0.128099
0.110877 0.055604 0.010654
0.127681 0.009006 0.13014
0.090388 0.087173 0.092241
0.01204 -0.015026 0.191042
-0.089542 -0.037304 0.062845
0.095261 -0.081553 0.100869
-0.067725 0.070862 0.074088
-0.084933 -0.026769 0.021022
0.090321 0.077913 0.101751
0.127284 -0.015446 0.127178
-0.085822 0.044597 0.083292
0.089246 -0.089279 0.093476
0.09451 -0.080605 0.100412
0.112979 0.028028 -0.000762
0.120495 -0.044996 0.121751
0.090577 -0.086542 0.04715
0.002738 0.052899 0.175302
0.082738 0.092569 0.05272
0.090133 -0.085345 0.084325
0.090044 0.085675 0.050277
-0.014073 -0.077174 -0.018434
0.030447 -0.05747 0.17481
0.129768 -0.000646 0.110317
-0.001211 -0.075998 -0.024244
-0.067246 0.059822 0.021407
0.120645 0.002866 -0.006238
0.045225 -0.099219 0.118793
-0.005424 0.102131 0.10196
-0.021492 -0.093329 0.020725
0.090351 0.08683 0.048093
0.05744 0.062863 -0.036759
0.119991 0.007312 0.003556
0.119995 -0.007425 0.00349
0.084708 0.083472 0.094532
0.089703 -0.084382 0.095276
0.067002 0.046493 -0.042865
0.127745 0.01202 0.128303
-0.063347 -0.045024 -0.006467
0.109284 -0.066567 0.113231
-0.042024 0.076336 0.128047
0.102691 -0.071354 0.025081
0.07174 0.034479 0.175219
0.089484 0.084895 0.052604
0.0914 0.088015 0.085302
0.089119 0.084667 0.052682
0.111085 -0.046661 0.007388
0.104887 -0.068308 0.020225
0.030814 -0.00556 0.192181
0.085634 -0.08327 0.045409
0.118523 -0.029133 -0.002638
0.101016 0.071988 0.028537
0.001247 0.035736 0.183688
0.017934 -0.108973 0.082609
0.121226 0.00014 -0.007245
0.099415 0.070879 0.028765
0.115027 -0.043506 0.003433
-0.028544 -0.072748 -0.014583
0.090391 -0.086116 0.094064
0.07903 -0.079596 0.00136
0.109283 -0.055151 0.114749
-0.076243 0.02585 -0.00011
0.077779 0.024212 -0.046407
-0.07736 -0.00075 -0.003487
0.128149 0.006547 0.129518
0.090236 0.087 0.051046
0.115742 -0.03743 0.012622
0.038866 -0.031378 0.186617
-0.007744 -0.058638 0.169622
0.103729 0.069292 0.023867
-0.040333 -0.057699 -0.015006
-0.028665 -0.073889 -0.013046
0.108283 0.058346 0.015395
0.096133 -0.08083 0.036499
0.075272 0.057487 -0.03174
-0.010943 0.104036 0.074236
0.022805 -0.109349 0.073286
0.112973 -0.054193 0.032079
0.115699 -1e-05 -0.005337
0.090181 -0.089063 0.090348
-0.00517 -0.023097 0.186655
0.119228 0.046731 0.121502
0.045362 -0.016099 0.189218
-0.041957 -0.092062 0.073363
0.022805 0.024349 0.189398
0.105384 -0.046936 0.143392
-0.024104 0.088439 0.011649
0.12199 -0.013282 0.12592
0.086894 0.081041 0.09902
0.117596 -0.047195 0.03211
-0.052935 0.082482 0.052676
0.11384 0.057909 0.11649
0.03707 0.105139 0.042192
0.111705 0.050181 0.009363
0.119423 0.027029 0.123759
-0.044417 0.079226 0.119588
0.105422 0.069435 0.063567
0.111775 0.063077 0.074053
0.125357 0.02581 0.128019
-0.08117 -0.001992 0.001705
0.089087 0.084308 0.092345
0.070385 0.04864 -0.041716
0.106372 -0.070662 0.109983
0.127553 -0.015588 0.128391
-0.078614 0.018105 0.000479
-0.022208 -0.050188 0.16966
-0.024684 0.099424 0.074215
0.09149 -0.086346 0.08454
0.053673 0.063981 0.164393
0.057027 0.091164 0.128112
-0.0683 0.037631 -0.004778
0.095139 -0.061866 -0.007707
-0.071127 -0.02515 -0.005966
0.109085 0.053803 0.012575
0.121014 0.041153 0.121627
0.087814 -0.081366 0.099227
0.105811 -0.069498 0.108325
-0.021574 0.070599 -0.01889
0.029146 0.068985 -0.033066
0.095405 0.081592 0.103469
0.098127 -0.075485 0.052469
-0.065811 0.049416 0.001934
0.093129 -0.084738 0.040445
0.090836 -0.086256 0.046384
0.009891 -0.041028 0.183346
0.090546 0.08581 0.094896
0.032937 0.013248 0.191168
0.088487 -0.083951 0.095487
0.081804 -0.006759 -0.047632
0.111835 0.056125 0.114242
0.092222 0.083052 0.098768
0.075825 -0.023006 -0.04627
0.115258 0.041992 0.003501
0.040439 -0.055591 0.174819
0.115547 0.036842 0.002256
0.089079 -0.085213 0.092676
0.10472 0.004681 -0.031976
0.119972 -0.014818 -0.005141
0.104676 -0.067045 0.021623
0.100003 0.07696 0.106957
0.099077 0.075502 0.074108
0.090148 0.084247 0.074147
0.121192 0.041625 0.12322
0.008107 0.038431 0.1837
-0.040614 0.066802 -0.010767
0.088743 0.084337 0.057496
0.112315 -0.031347 0.000103
0.093295 -0.081837 0.099465
0.091251 0.08237 0.098095
0.118823 -0.030845 0.122965
0.093498 -0.074397 0.031989
0.076678 -0.045906 -0.040629
-0.043547 0.061741 -0.012276
0.114101 0.043675 0.119177
0.092214 -0.086982 0.062986
0.07743 0.02678 0.175185
0.127529 -0.015545 0.127973
0.087389 -0.091752 0.062602
0.122516 0.004573 0.126487
0.098651 -0.016675 0.164034
-0.043413 0.020788 0.169976
0.052105 0.090648 0.002118
0.103768 0.069562 0.023588
0.089846 0.087075 0.097596
0.088404 -0.084617 0.093857
0.01471 -0.08999 -0.007831
0.098095 0.074835 0.053138
0.013049 0.107994 0.074253
0.016508 0.005253 0.192229
-0.08996 -0.015388 0.110416
0.097203 0.06283 0.136124
0.081729 -0.091941 0.101097
0.092377 -0.083097 0.098433
0.105633 0.064992 0.020521
0.12605 -0.023774 0.12597
0.004184 0.079357 -0.022573
0.091197 -0.086901 0.098143
0.089216 -0.080119 0.100339
0.090244 -0.085045 0.095016
0.096988 -0.022242 0.164009
-0.037596 0.013917 0.175128
0.12774 -0.010112 0.13011
0.063705 -0.097313 0.110051
0.12035 0.017925 -0.006127
0.041836 0.071759 -0.032584
0.092584 0.086165 0.068415
0.084704 -0.084595 0.093785
0.00025 -0.016099 0.189218
0.115083 0.041825 0.003788
0.110993 -0.055332 0.010273
0.132634 0.008062 0.042508
-0.095764 0.015046 0.07384
0.045605 -0.067894 -0.035622
0.109291 0.053806 0.115238
0.087962 -0.08456 0.093918
0.127487 0.01466 0.128462
-0.020031 0.072212 0.151248
0.088328 -0.08388 0.046644
0.066455 0.057513 -0.037477
0.08943 -0.088822 0.048444
0.042208 0.106618 0.083568
-0.061457 0.006937 0.157807
0.091352 0.084729 0.046081
0.092645 0.086569 0.068413
0.06393 0.096973 0.031746
0.113692 -0.053111 0.115647
-0.062378 0.049683 -0.003642
0.090742 -0.08753 0.090116
0.091221 -0.084981 0.045483
-0.06765 -0.071705 0.073454
0.077749 -0.094013 0.041305
0.003509 -0.074446 -0.026294
0.05158 -0.089875 0.135445
-0.096033 -0.011451 0.06296
0.096382 0.080223 0.033974
0.125261 0.014208 0.125828
0.095486 0.072339 0.032643
-0.008648 0.097213 0.021573
0.094179 0.077874 0.021486
0.09325 -0.082881 0.041855
-0.041757 0.090827 0.083498
0.128066 -0.004482 0.127975
0.125569 -0.023601 0.125301
0.083322 0.035815 -0.042014
-0.057222 0.080078 0.083449
-0.078969 -0.029971 0.127574
0.119271 -0.02485 -0.00393
0.126202 -0.023854 0.126354
-0.005922 -0.078548 -0.020599
0.106995 0.059332 0.110584
0.095588 0.067466 0.002014
0.089253 -0.084581 0.047613
-0.024593 -0.100078 0.062566
0.012452 -0.070307 -0.029339
-0.009142 0.079375 -0.017494
-0.077555 -0.024843 0.001604
0.090384 0.084869 0.057223
-0.047043 -0.059221 -0.011877
0.121267 -0.004991 -0.008223
0.00407 -0.000736 0.191106
0.08963 -0.085094 0.063255
0.087685 -0.084577 0.048675
0.095861 0.08089 0.034896
0.12211 0.03105 0.022545
0.089528 0.088495 0.051765
0.05645 -0.104666 0.082628
0.067175 -0.062645 -0.032275
-0.080587 0.0057 0.000941
0.112921 0.056736 0.114528
0.127914 -0.006611 0.130293
0.089342 0.088 0.047432
0.092443 0.083993 0.09947
0.054508 0.075007 -0.023999
0.064529 -0.058888 -0.037488
-0.063294 -0.068471 0.110179
0.090434 -0.08779 0.096358
0.079283 0.08738 0.021529
0.114903 -0.043337 0.003745
0.034929 0.089586 -0.007032
-0.013835 -0.005848 0.186732
0.105857 -0.027209 -0.024454
-0.08475 -0.010123 0.01121
0.091426 0.085421 0.045672
-0.045839 -0.015212 0.169816
0.090491 -0.08516 0.068832
-0.092542 -0.024484 0.092248
0.091498 0.08512 0.062781
-0.012846 0.084244 -0.007055
0.05148 0.103799 0.092818
0.129265 0.016046 0.032392
-0.080196 0.02469 0.127817
-0.045517 -0.046418 0.157569
-0.078874 -0.033521 0.011107
-0.015181 -0.10235 0.051853
0.088638 0.061113 -0.015858
0.122131 -0.04004 0.124213
0.092797 0.080492 0.041774
0.065337 0.100186 0.052754
0.098972 -0.079163 0.106081
0.106031 -0.062413 0.018418
0.013307 -0.071132 0.163792
0.101366 -0.069777 0.026045
0.093571 0.028442 0.164234
0.118436 -0.049883 0.119515
0.106594 -0.057742 0.015051
0.11201 -0.044322 0.012593
0.11109 0.062384 0.113861
0.013071 0.1077 0.083573
0.013409 -0.000915 0.192202
0.070188 0.09915 0.083534
0.119213 0.008143 0.143637
0.132076 0.007675 0.101439
0.041862 0.083773 -0.015756
0.00769 -0.011153 0.19106
0.068599 0.063875 0.15806
-0.049601 -0.061925 -0.007494
0.12093 -0.005024 -0.009265
0.042215 -0.107548 0.062532
-0.047468 0.062252 -0.008973
0.044882 0.079472 0.15128
0.080876 0.013343 -0.047292
0.029652 0.004765 0.192227
0.023767 0.075964 -0.029157
-0.057048 0.057106 0.1361
0.095543 0.081101 0.102432
0.075415 0.081489 0.002077
0.101572 0.036377 -0.024171
-0.073103 -0.031084 -0.002604
-0.027904 -0.069982 -0.017058
-0.030527 -0.030775 0.174929
0.08801 -0.084189 0.047426
-0.038787 0.086479 0.110868
0.120095 -0.009841 -0.005547
0.122601 -0.02841 0.123539
0.095699 -0.079551 0.037294
-0.028481 0.042886 0.170074
0.047211 0.011338 0.18934
0.084629 -0.084336 0.047852
0.125207 -0.029375 0.126116
0.032328 -0.106138 0.041251
-0.079901 -0.000793 -0.000671
0.091373 -0.085015 0.096723
0.047452 0.070666 -0.032417
0.097503 -0.070047 0.127394
0.12195 -0.040089 0.124597
0.09204 0.080671 0.099641
0.0903 -0.087287 0.048222
0.108907 0.060099 0.01319
0.100004 0.07327 0.105032
0.111546 0.062722 0.083347
0.128507 -0.033534 0.052656
0.126281 0.041129 0.073955
0.089705 0.087979 0.049804
0.090157 0.084692 0.094542
0.041788 -0.105079 0.041255
-0.048161 -0.084652 0.041347
0.133096 -0.017159 0.052729
0.027325 -0.034458 0.186604
0.08783 0.080176 0.099935
-0.020093 -0.090334 0.010854
0.116197 -0.030698 -0.007568
0.126347 -0.000692 0.11898
0.063257 -0.05336 0.169645
0.116972 -0.03365 1.6e-05
0.012377 -0.033348 0.18661
-0.004457 -0.00673 0.189259
0.120977 -0.001825 -0.009335
0.065773 -0.102005 0.073318
0.11873 -0.013366 0.143541
-0.072225 0.003505 -0.006108
0.071987 0.03607 -0.044789
0.107909 0.046716 0.00795
-0.05579 0.061848 0.00199
0.022805 0.092065 0.136255
-0.075811 -0.000728 -0.004596
0.102728 -0.071628 0.024805
0.091885 -0.081894 0.073407
0.084103 -0.033956 -0.04253
0.016228 -0.007191 0.192173
-0.080452 0.051956 0.092588
0.114617 -0.017524 -0.003752
-0.009408 0.075208 -0.021373
0.058413 0.067337 -0.031698
0.07977 0.045029 -0.038878
-0.013335 0.075143 0.151261
-0.043094 0.055827 -0.013754
0.088911 -0.085267 0.050776
0.110689 0.062846 0.115465
0.089779 -0.085722 0.092774
0.09013 -0.086119 0.048556
0.108294 -0.06473 0.110387
0.090332 0.086642 0.051745
0.110698 0.054972 0.011578
0.038566 -0.070195 0.163795
0.031086 -0.072035 -0.03289
0.112184 -0.054066 0.110079
0.095272 0.081683 0.103827
-0.061038 -0.04315 -0.008765
0.065891 0.081322 -0.00707
0.09085 0.085989 0.046911
0.077708 -0.046791 -0.039288
0.091807 0.085392 0.042105
0.100819 -0.072304 0.105602
-0.002138 0.066051 0.164403
0.008842 0.077859 -0.025167
0.102869 -0.065753 0.022163
0.08644 0.084302 0.063949
0.064854 -0.080202 0.143244
0.118605 -0.02924 -0.002983
0.00667 -0.08909 -0.007828
0.090522 -0.086492 0.094183
-0.00079 -0.045564 0.179421
-0.050359 0.0231 0.164211
0.056139 -0.103751 0.091895
0.003583 0.105577 0.092827
0.090363 -0.084918 0.095328
-0.06372 0.062033 0.119512
0.120153 -0.016448 -0.007974
0.018051 -0.008459 0.192168
-0.088628 0.006039 0.021167
0.09917 -0.079093 0.105681
0.121246 0.022708 0.012891
0.099894 -0.07617 0.027811
0.095295 -0.082893 0.10304
0.103486 -0.057701 0.01502
0.099855 0.031085 0.157915
0.08994 -0.083596 0.096489
0.112399 0.051684 0.007031
0.111271 -0.029033 -0.016258
0.111685 -0.05209 0.009338
0.122843 -0.033978 0.122753
0.027159 -0.097689 0.127271
0.0889 0.084597 0.051418
0.113841 0.057756 0.116086
0.090264 0.085868 0.05244
0.075825 -0.012023 0.17957
0.067877 0.006567 0.183558
-0.043168 -0.061968 -0.012928
0.092137 0.084738 0.100387
0.119892 -0.020254 -0.006922
0.106643 -0.05029 0.009673
0.105732 0.066434 0.018797
0.121168 0.000154 -0.009045
0.097058 0.074158 0.03288
-0.052963 0.054103 0.143842
0.119286 0.046629 0.12109
0.12792 0.006473 0.127884
0.103574 0.057245 0.015381
0.107759 0.066153 0.110496
0.031772 0.023007 0.189391
0.093336 -0.076322 0.102993
0.113947 0.029117 0.14373
0.114424 0.054163 0.101647
0.043341 -0.064913 -0.036985
0.067042 -0.075435 -0.016465
0.045603 -0.082931 -0.016498
-0.007052 -0.02095 0.186665
0.017704 0.055713 0.175314
0.088704 -0.08528 0.091235
-0.057807 0.068236 0.119539
0.120246 0.040693 0.12074
0.096548 0.079066 0.036755
-0.076237 -0.012636 -0.003841
0.009625 0.046943 0.179832
0.01798 -0.108019 0.091876
-0.055055 0.055954 -0.006993
0.120704 0.012866 -0.006275
0.123058 0.030313 0.123356
0.134252 -0.008768 0.052766
0.099094 0.076229 0.03213
0.091504 -0.085359 0.096896
0.007046 -0.070195 0.163795
0.087856 -0.085035 0.0522
0.114512 0.019061 -0.016045
-0.011961 -0.039037 0.17945
0.089761 0.087188 0.097337
0.078482 -0.072938 0.143276
0.120889 0.041743 0.124009
0.01397 0.047761 0.179836
0.124894 0.04039 0.09248
0.08849 0.084433 0.051469
0.122914 0.036422 0.124753
0.089264 0.084189 0.084938
0.098418 -0.078321 0.031067
0.017923 -0.109167 0.073286
0.042248 -0.063279 -0.037195
-0.055934 0.043913 -0.010334
0.046774 -0.105879 0.091885
0.111377 0.040806 -0.00725
0.118569 -0.005884 -0.005237
0.027631 -0.108019 0.091876
0.028671 -0.077546 -0.028135
0.037456 0.009538 0.191151
-0.087792 0.040654 0.063192
0.037786 0.065719 -0.035416
0.099789 0.071038 0.028812
0.000729 0.079472 0.15128
0.006092 -0.008786 0.19107
0.125533 0.02578 0.127635
0.100516 -0.063527 0.020058
-0.029026 0.097451 0.063445
0.084608 0.084361 0.052954
0.120671 0.000134 -0.006296
0.1269 -0.004421 0.126797
0.047006 0.105954 0.063482
-0.055614 -0.030008 0.157643
0.115477 0.042472 0.002516
0.059249 0.035674 0.179782
-0.059579 -0.055667 0.135597
-0.037627 0.093284 0.063426
0.093557 -0.07806 0.118888
0.082802 -0.034468 0.16973
0.124903 0.019658 0.125225
0.117014 -0.056806 0.082816
0.112687 0.050115 0.005275
0.132849 -0.017327 0.092223
0.068973 -0.05475 -0.03864
0.089777 0.084688 0.090644
0.092704 0.087345 0.074161
0.103672 0.070055 0.022987
-0.022937 -0.070057 -0.01915
0.117313 -0.021958 0.003425
0.106581 -0.062869 0.018118
0.117702 0.026988 -0.001534
0.090135 -0.087821 0.048744
0.099624 -0.065062 0.021572
0.126696 0.011807 0.126553
0.004536 -0.004874 0.191088
-0.075626 -0.005128 -0.004665
0.018251 0.101239 0.021591
0.090507 0.000398 -0.045805
-0.081402 0.047748 0.041936
-0.095051 -0.011303 0.052258
-0.008902 -0.07165 -0.023411
-0.022265 0.006567 0.183558
0.12186 -0.039373 0.121872
0.090501 0.086365 0.092161
0.076274 0.008005 0.179659
0.047685 0.077106 -0.02399
0.004295 0.101543 0.110935
0.089676 0.085154 0.051921
0.068257 -0.095813 0.030889
0.090372 -0.085213 0.078842
-0.055939 -0.055147 -0.007253
0.091423 -0.088165 0.057289
0.076635 -0.008057 0.179587
-0.058384 0.054056 -0.004672
0.089966 0.087498 0.047759
0.118226 -0.049562 0.118758
0.083403 0.093485 0.074188
0.12629 -0.023928 0.12676
0.081985 -0.05951 -0.024597
0.115383 0.042158 0.003189
0.089273 0.084825 0.051365
0.126553 0.000973 0.126698
-0.023342 -0.071659 -0.018289
0.09208 -0.086594 0.063001
0.053879 0.082621 0.143968
-0.069089 -0.061866 0.110209
0.11853 0.028034 -0.004968
-0.048423 -0.06155 -0.009271
-0.018698 -0.073074 -0.01954
-0.059774 -0.018037 0.157696
0.098164 -0.001241 -0.039084
-0.077262 0.003745 -0.003494
-0.024825 0.065698 -0.018652
0.117872 0.032756 -0.002611
0.101368 0.07257 0.028148
-0.088602 0.031718 0.041865
0.090537 -0.085512 0.08439
0.012351 0.070522 -0.028686
0.027676 -0.108973 0.082609
-0.013304 0.069108 -0.021752
0.132112 0.024956 0.063369
0.104038 0.010736 -0.03195
-0.015131 0.101328 0.092808
0.104946 -0.054439 0.012548
-0.059997 -0.077377 0.092013
0.121145 0.007993 -0.007953
0.117996 -0.01455 -0.004298
0.058424 -0.056183 0.169633
0.103574 -0.0241 0.157669
0.052011 0.077568 0.151272
0.101299 0.074684 0.105889
0.097457 -0.030874 -0.032134
0.092149 0.087009 0.062718
0.090699 -0.085718 0.09521
-0.07159 0.034124 -0.002714
0.086392 -0.085093 0.06288
-0.03077 0.090752 0.110888
-0.045802 -0.08936 0.082696
0.114825 -0.05733 0.117773
0.115646 -8e-06 -0.005424
-0.031474 0.070134 -0.014451
-0.07023 -0.038668 -0.001975
-0.047814 -0.060443 -0.010676
0.11529 -0.01558 -0.016199
0.020526 0.024264 0.189397
0.010126 -0.056715 0.174813
0.090438 0.084312 0.068526
-0.071312 0.028739 -0.004977
0.017973 0.107276 0.052786
0.01907 0.040493 0.183709
0.090618 -0.085241 0.095411
0.041169 -0.070041 -0.034449
0.058601 -0.096301 0.020712
0.117719 -0.028693 -0.001492
0.04775 0.066051 0.164402
-0.062859 0.027278 0.151048
0.013993 0.013951 0.191171
0.09602 -0.073526 0.104813
0.020517 -0.01799 0.191029
0.107097 -0.064086 0.016782
0.121059 0.002893 -0.006845
0.105689 -0.070453 0.073459
-0.088264 -0.023694 0.110378
0.0954 -0.082804 0.102738
-0.047589 0.000338 0.169885
-0.080133 0.013391 0.001774
0.081257 -0.082799 0.010887
0.03894 -0.08909 -0.007828
-0.040775 -0.083044 0.118866
0.090445 -0.085173 0.04679
0.090923 -0.08702 0.096276
0.091925 0.075463 0.011591
0.090707 0.084569 0.095993
0.090925 -0.085261 0.068813
-0.027543 -0.019707 0.179537
0.121308 -0.018721 0.125268
0.085022 -0.083881 0.046648
0.123225 0.016167 0.135917
0.096913 -0.012354 -0.039134
0.119228 -0.02934 0.123333
0.059035 0.051812 -0.041219
0.091826 0.086075 0.085362
0.042923 0.08839 -0.007038
-0.070771 0.067389 0.074073
0.085277 -0.004477 0.175045
-0.033029 0.06204 -0.016449
0.037193 -0.063573 -0.036002
-0.095994 0.010552 0.08314
0.088658 -0.085195 0.091849
-0.09362 -0.024659 0.082984
0.061095 0.102328 0.083548
-0.073737 -0.064765 0.073484
-0.053566 0.083114 0.063381
0.126662 0.020258 0.128162
0.113753 -0.051523 0.127477
-0.004158 0.021997 0.186856
0.063619 0.077078 -0.015786
0.110059 0.054329 0.012263
-0.085033 -0.040623 0.101325
-0.039666 -0.004477 0.175046
0.118185 -0.019451 -0.003474
0.095098 0.081735 0.104178
0.126735 0.014418 0.126572
0.120806 -0.049049 0.092082
-0.063564 0.048187 -0.003338
0.091512 -0.087766 0.057277
0.003851 0.077931 -0.023836
0.121829 -0.049505 0.082848
-0.072589 -0.020964 -0.005554
0.084399 0.086479 0.110868
0.12016 -0.038674 0.120924
0.030386 -0.00614 0.192179
0.100812 -0.067983 0.108201
0.088345 -0.0841 0.095152
0.116753 -0.024123 -0.002215
0.09031 -0.088023 0.093131
0.001737 0.092518 0.002125
0.089785 0.084811 0.092475
0.097684 0.078553 0.031666
0.095536 -0.082304 0.101708
0.126324 -0.020847 0.126086
0.135161 -0.009005 0.083028
0.114427 -0.055359 0.101159
0.040889 0.003382 0.191124
0.032155 -0.000219 0.192204
0.122164 0.009981 0.126184
0.076493 -0.075959 -0.007769
0.076018 -0.042885 0.169693
0.013939 -0.077317 -0.027217
0.124586 -0.020483 0.125041
0.125575 0.024633 0.128219
0.084739 0.083406 0.094756
0.091029 0.084038 0.046353
-0.016926 -0.094598 0.118814
0.090163 -0.08377 0.045703
0.073176 -0.050285 -0.039727
0.109868 0.061044 0.112188
0.083838 0.026002 -0.045407
-0.052744 -0.035722 0.157618
-0.070718 0.022264 0.143701
0.091789 -0.081967 0.073407
0.015163 -0.05747 0.17481
0.050812 0.0631 -0.037581
0.042819 0.02725 0.186879
0.119837 -0.019866 -0.004806
0.088743 0.084218 0.091696
0.089052 0.088532 0.049675
0.109331 0.062032 0.119511
0.088227 0.02446 -0.043356
0.089341 0.08877 0.052653
0.120681 0.030019 0.119117
0.08537 -0.038058 -0.039248
0.015703 -0.006684 0.192176
0.091363 0.085357 0.098068
0.03572 -0.041028 0.183346
0.12823 0.00101 0.130082
0.014604 0.003082 0.192219
0.018054 -0.106401 0.101032
-0.090164 0.032109 0.052451
-0.08219 -0.034664 0.020987
-0.046584 -0.032917 0.163962
0.089118 0.084097 0.048821
0.08743 -0.026348 -0.043373
0.101383 0.07367 0.027053
0.020137 -0.079318 -0.025898
0.115969 0.052414 0.117108
0.058528 0.007761 0.186792
0.105471 -0.070197 0.082756
0.1294 -0.008716 0.11028
0.084285 -0.002524 -0.047741
0.095489 -0.08267 0.102382
0.051963 0.068193 -0.033615
-0.008438 -0.041486 0.179439
0.126511 -0.004407 0.126634
-0.039308 0.080333 0.011613
0.027359 0.101239 0.021591
-0.029259 -0.073631 -0.012889
0.041216 -0.061606 -0.037081
0.091678 0.088647 0.074166
0.110394 0.05168 0.116127
-0.095445 0.006252 0.052336
0.091584 -0.085709 0.078938
0.091783 -0.088924 0.063021
0.028471 -0.025968 0.189174
0.10766 0.057949 0.015627
0.025979 -0.071602 0.16379
-0.011417 0.091164 0.128112
-0.048638 -0.053718 -0.012594
0.042329 -0.047163 0.179413
0.114714 0.051629 0.116317
0.133089 0.01652 0.052878
0.003289 0.072806 -0.026062
-0.041334 0.082903 0.021509
-0.005152 -0.000554 0.189287
0.01688 0.069927 -0.029913
0.100456 -0.005264 0.164085
-0.044793 0.064141 -0.009672
0.118259 -0.050215 0.120734
0.089265 0.08838 0.093045
-0.048792 0.06251 -0.007152
0.028815 -0.007659 0.192171
-0.037047 -0.093331 0.091941
0.106788 0.064267 0.016311
0.117744 0.032842 -0.002952
-0.047473 -0.004884 0.169862
0.089419 0.082783 0.046288
0.092788 -0.083714 0.098712
0.008177 0.074538 -0.026889
0.117775 -0.049197 0.11814
0.083825 -0.013657 0.175005
0.041953 0.063721 -0.036551
0.006838 -0.009998 0.191065
0.090232 -0.087431 0.048849
0.11561 -0.0555 0.118988
0.109556 -0.053913 0.01183
0.130388 -0.008366 0.032283
-0.078146 0.056031 0.052558
0.096736 -0.074214 0.101075
0.113611 -0.048571 0.004971
0.061108 -0.103258 0.062551
0.118619 0.027494 -0.005123
0.094729 0.082224 0.102984
0.119521 0.040395 0.120418
-0.078808 -0.047479 0.110273
0.109053 -0.060099 0.012924
0.09226 0.000394 -0.044527
0.078663 0.021717 -0.046656
0.084558 0.083803 0.093352
0.044072 -0.028603 0.18663
-0.039458 0.004798 0.175087
0.068009 0.094418 0.110903
0.090808 0.086014 0.09672
0.087784 0.083978 0.092419
0.059782 -0.025675 0.183414
-0.069322 0.051326 0.011484
0.111308 -0.035595 0.001798
0.08977 -0.085866 0.092011
0.039702 -0.093349 0.001299
0.076624 0.021128 -0.04629
0.030241 0.014554 0.191175
-0.055596 0.05682 -0.005391
0.021278 0.015896 0.19118
0.091478 -0.082301 0.098395
0.08984 -0.086033 0.05006
-0.061773 0.042182 0.143789
0.11641 -0.033406 0.000443
0.118912 0.038444 0.022578
0.101061 0.022593 -0.031897
0.004698 -0.08046 -0.021844
0.13555 -0.000499 0.083067
0.094471 -0.078521 0.037451
0.091059 -0.081202 0.041862
0.045288 0.068329 -0.034932
0.125963 0.019879 0.125864
0.041447 0.000652 0.191112
0.100341 0.073543 0.105075
0.046324 -0.063276 -0.037782
0.091795 -0.089317 0.078939
0.114484 -0.053442 0.115657
0.090278 0.085207 0.09406
0.116212 -0.038682 0.001467
0.126376 0.020317 0.128951
0.013643 -0.00299 0.192192
0.090873 0.088173 0.057156
-0.072325 0.05295 0.021376
0.088649 -0.083796 0.095784
0.103202 -0.068382 0.101101
0.089341 0.088474 0.092259
0.113776 0.057579 0.115701
0.09094 -0.080879 0.09194
-0.03877 0.062884 -0.014292
0.110317 0.054537 0.012071
0.114576 -0.037871 0.002671
0.015004 0.003676 0.192222
-0.080555 0.038192 0.02131
0.097104 0.071137 0.106191
-0.070345 0.046626 0.127914
0.032285 -0.015777 0.191039
0.104547 0.019279 0.157862
0.091573 -0.089525 0.068764
0.015381 0.081664 0.15129
-0.032523 0.064914 0.151216
0.083124 -0.071728 -0.007751
0.09343 0.079565 0.100695
0.009266 0.079285 -0.023921
0.090791 0.083347 0.096984
0.037492 0.02983 0.18689
0.135939 -0.000432 0.07377
-0.072565 0.029316 -0.003679
0.110751 0.037615 0.003071
-0.064051 -0.025812 0.150812
0.110813 0.055191 0.011288
-0.063633 -0.040663 0.14342
0.100648 0.073828 0.105186
0.055506 -0.078153 0.150579
0.094393 0.082394 0.103687
0.089945 0.08745 0.094793
-0.079162 -0.052129 0.041492
0.092793 -0.087847 0.073381
-0.075737 0.02062 -0.002872
0.036968 -0.012239 0.191055
0.116009 -0.02828 -0.000963
0.08835 0.024114 -0.043391
0.092333 -0.085275 0.098565
0.128039 -0.010029 0.128487
0.009691 -0.013251 0.19105
0.115649 -0.000143 -0.005429
0.118986 -0.014741 0.003458
0.090655 -0.087932 0.090427
-0.006629 0.049218 0.175285
-0.046124 0.059924 -0.011593
0.114729 -0.043169 0.004031
-0.001263 -0.087598 -0.007821
-0.029239 0.088093 0.119627
-0.015681 -0.077963 -0.016476
0.087131 -0.054927 -0.024577
0.028085 -0.017428 0.191032
-0.032243 0.03894 0.170057
-0.040943 -0.060014 0.150659
0.121289 0.002919 -0.007542
-0.002136 -0.012568 0.189234
0.091899 0.087789 0.062748
-0.06096 -0.07817 0.073425
-0.065999 -0.019292 0.150841
0.120405 0.02253 0.124628
0.077087 -0.004045 0.179606
0.110683 -0.056016 0.008957
-0.061724 -0.061395 0.010982
0.032046 0.000471 0.192207
0.004102 -0.002125 0.1911
-0.095665 -0.015936 0.073702
0.089905 0.083923 0.047592
-0.031778 -0.066526 -0.016752
-0.021432 0.009881 0.183572
0.019076 0.006754 0.192236
0.105928 0.06601 0.019425
-0.068235 0.022877 -0.0071
0.095543 0.081176 0.10256
0.084978 0.083313 0.047505
-0.072106 0.035177 -0.001154
0.090482 -0.087282 0.046806
-0.005511 -0.103324 0.041263
0.07225 0.031374 -0.045061
0.099644 -0.073769 0.030005
-0.014078 -0.075777 -0.019738
0.089982 0.084431 0.048165
0.082751 -0.036449 -0.042186
-0.041246 -0.09094 0.051903
0.098461 0.074296 0.104239
0.088502 -0.085102 0.050831
0.091524 0.082131 0.098442
0.104474 0.071603 0.110705
0.127617 0.0121 0.129543
0.092163 0.086602 0.062714
0.119119 -0.009747 -0.00504
0.091426 -0.086018 0.044909
0.11202 -0.035886 0.003364
0.098557 -0.064838 0.001426
-0.079705 -0.005464 -0.000744
-0.034127 0.02264 0.175166
0.00408 -0.030087 0.186624
0.111979 -0.062101 0.115949
0.090486 0.087635 0.090833
0.116708 0.037966 -6.7e-05
0.11218 0.052774 0.110554
0.090618 -0.080792 0.020781
-0.051888 0.081393 0.042086
-0.065492 0.069276 0.042032
-0.023504 -0.088162 0.127314
0.015357 0.040078 0.183708
0.126141 0.000968 0.126599
0.104618 -0.069527 0.091991
0.099996 -0.06159 0.135571
0.129595 0.024486 0.042581
0.125189 -0.029295 0.125701
0.072508 0.093603 0.031732
-0.029697 -0.089736 0.020742
0.096503 0.080277 0.035747
0.108315 -0.058548 0.014818
0.046634 -0.014378 0.189225
-0.016716 -0.075473 0.150591
0.123706 -0.034812 0.125672
0.11889 0.027619 -0.00323
0.093471 -0.083887 0.041249
0.117733 0.032179 -0.000888
0.022805 -0.108992 0.062525
-0.048912 0.05574 -0.011592
0.085136 0.014023 -0.04701
-0.078735 -0.013141 -0.001034
0.127219 0.014526 0.127249
0.117286 -0.020431 0.143509
0.090827 0.086527 0.044627
0.092176 0.085353 0.079747
-0.054384 0.048318 -0.010587
-0.035428 -0.06454 0.150639
0.120473 0.013115 -0.008396
0.091171 0.085841 0.057096
0.068474 -0.047541 -0.042813
0.115734 -0.033199 0.000693
0.090191 0.087851 0.052465
-0.072688 -0.034173 -0.00131
0.0885 0.084201 0.049943
0.11899 -0.004818 -0.005345
0.118208 -0.028911 -0.002005
0.118501 0.007658 -0.00506
0.033823 -0.049435 0.179403
0.119468 -0.009776 -0.005163
0.117699 0.047113 0.118528
0.101988 -0.070245 0.025886
0.090822 0.085755 0.096293
0.018317 -0.075077 -0.029478
0.11873 -0.01462 -0.00439
-0.054845 -0.005264 0.164085
0.106706 0.038699 -0.015957
-0.034899 0.080884 0.128066
0.030004 -0.079937 -0.024688
0.056354 -0.053837 -0.040965
-0.073042 -0.012067 -0.005815
0.09833 -0.076911 0.102998
0.118028 -0.049383 0.118427
-0.004473 0.072368 -0.023967
0.087724 -0.081448 0.099155
0.103246 0.048306 0.143816
0.00818 0.107632 0.074251
0.07462 -0.098313 0.082656
0.034744 -0.068792 -0.034685
0.026602 -0.017765 0.19103
0.090092 0.084969 0.090724
0.095053 0.07607 0.035598
0.126778 -0.021056 0.127235
-0.016596 -0.08288 -0.007799
-0.069604 -0.027367 0.14348
0.096481 0.080487 0.103583
-0.077172 -0.005247 -0.003557
0.064504 0.01627 0.183601
-0.046014 0.088682 0.074168
0.034939 -0.023977 0.189182
-0.021886 -0.010315 0.183483
-0.031475 -0.004045 0.179606
-0.006135 -0.075542 -0.022921
0.090901 0.085301 0.096314
0.04093 0.062043 -0.036453
0.039262 -0.039937 0.183351
-0.020998 -0.041639 0.17488
-0.076852 0.020986 -0.00138
0.119904 0.017649 -0.004766
0.117542 -0.038681 0.118811
0.132428 0.024973 0.073884
0.040994 0.037211 0.183695
0.100258 -0.072559 0.118912
0.086229 -0.0852 0.082686
0.08682 -0.051329 0.157547
0.070838 0.081157 0.136206
0.092056 -0.080912 0.099673
0.089294 0.088415 0.09275
0.110586 -0.051345 0.01005
-0.085858 -0.045507 0.062809
0.11306 -0.047506 0.006805
0.0394 0.090831 0.136249
-0.032834 0.09437 0.092777
0.129381 -0.033939 0.082917
0.089091 0.014585 -0.045366
0.087616 0.08405 0.0499
-0.014518 -0.078461 -0.016478
-0.081396 -0.043483 0.031122
0.118672 0.027407 -0.002555
0.090454 -0.087331 0.051628
-0.069944 0.023443 -0.006494
0.034383 0.069191 -0.033975
0.089944 -0.08837 0.049677
0.022805 -0.101659 0.020688
-0.065098 0.020837 0.151019
0.007522 -0.084344 -0.016504
0.07366 -0.071905 -0.016449
0.050349 -0.060799 -0.038855
0.085606 -0.029911 0.16975
0.115727 0.031407 0.000418
0.096504 0.080279 0.10319
0.114381 -0.056171 0.115216
0.053215 -0.072773 0.157453
0.120065 -0.044425 0.120241
0.114336 0.019756 -0.003109
-0.007356 -0.080966 -0.016489
0.120153 0.012712 -0.005336
0.025182 0.078554 -0.026523
0.076693 -0.026533 -0.04634
0.120806 0.008061 -0.008994
0.093705 -0.078235 0.037258
0.083237 0.093284 0.063426
0.119892 0.039566 0.127882
-0.031971 0.092849 0.101919
-0.071886 -0.007562 -0.006249
0.035503 0.093771 0.002131
0.117366 -0.03588 0.135685
0.132637 -0.00859 0.042434
0.124477 -0.028895 0.124255
-0.061036 -0.011862 0.157724
-0.082841 -0.01455 0.127642
0.089448 0.088146 0.049026
0.092753 -0.085313 0.100394
-0.020044 -0.067326 0.157477
0.11713 -0.048831 0.117725
-0.08059 -0.052913 0.052073
0.1275 0.011941 0.127505
0.089448 -0.089106 0.050304
0.084908 -0.084014 0.047
0.024709 -0.009456 0.192163
0.043874 0.092518 0.002125
0.031507 -0.004319 0.192187
0.089443 -0.085587 0.091948
0.109222 0.042777 0.005696
0.084919 0.080333 0.011613
0.119039 0.002816 -0.005395
0.097684 -0.079015 0.030964
0.094766 0.081197 0.101382
0.073498 0.095415 0.042148
0.016797 -0.007658 0.192171
-0.074271 -0.054853 0.11024
0.008964 -0.077687 -0.025892
0.078099 0.02904 -0.045933
0.070334 -0.100411 0.073326
0.106628 0.050109 0.010146
-0.060115 0.041541 -0.009069
0.025083 0.007201 0.192238
0.093996 -0.084123 0.101644
0.096126 0.080726 0.035175
0.087514 0.091083 0.074177
0.093531 0.083171 0.101085
0.007921 -0.070665 -0.028116
0.092381 0.087756 0.068433
0.089536 0.078658 0.039447
0.100203 0.076254 0.105376
0.089704 -0.085242 0.084256
0.092108 -0.082806 0.098367
0.121255 -0.022921 0.012687
-0.033905 0.063617 -0.016053
0.094186 0.079118 0.101112
-0.033862 0.047518 0.16432
0.086516 0.081405 0.098559
0.08946 0.084532 0.092407
-0.018979 -0.07597 -0.017129
0.091807 -0.085967 0.041341
0.093419 0.081028 0.041724
-0.040681 0.069404 -0.007121
0.052966 -0.080966 -0.016489
0.090827 -0.087112 0.043855
-0.09381 0.006217 0.041752
0.057822 -0.055244 -0.040844
0.100226 0.076687 0.106139
0.013042 -0.108987 0.073287
0.102293 -0.072523 0.023597
0.025036 -0.069921 -0.032574
0.090064 0.085505 0.052482
0.108736 0.060433 0.112138
0.109124 -0.059246 0.010992
0.090454 0.086663 0.052403
0.086822 -0.08512 0.067824
0.094332 0.071276 0.128024
0.027905 -0.076351 -0.02955
0.021658 -0.009569 0.192163
-0.057156 -0.052207 -0.008149
0.063647 0.055606 -0.039887
0.011695 0.039389 0.183704
0.117087 0.034959 -0.002433
0.099646 0.073019 0.10506
0.095515 -0.072771 0.031997
0.091368 -0.028309 -0.039205
0.124643 0.02516 0.12468
0.117567 0.032914 -0.003276
0.013993 -0.098074 0.010818
0.116441 0.031583 0.000262
-0.073477 0.035671 0.001873
-0.06445 -0.075061 0.073438
0.065655 -0.067326 0.157477
0.089097 -0.037952 0.16394
-0.00686 -0.079614 -0.018801
0.099003 -0.076473 0.073432
0.090016 0.084642 0.057285
0.09981 -0.011003 0.16406
0.126125 -0.015224 0.126012
0.103472 -0.070285 0.02083
0.122142 -0.049671 0.073551
0.117333 0.056051 0.074021
0.117192 0.045196 0.118691
0.07494 0.051556 0.164338
-0.014203 -0.000373 0.186756
0.127333 0.014718 0.129285
0.084504 0.051855 0.158007
0.089594 -0.08556 0.049266
-0.004874 -0.004691 0.189268
0.117027 -0.056787 0.063006
-0.07621 0.012715 -0.003736
-0.076901 -0.008122 -0.003643
0.090565 -0.086918 0.046985
-0.077171 -0.051061 0.031088
0.088589 -0.033294 -0.039227
0.125225 0.025351 0.125258
-0.004545 0.07586 -0.022674
0.091591 -0.081675 0.062895
0.0614 -0.065724 -0.032289
0.025358 -0.057848 0.174809
0.027638 0.107276 0.052786
-0.035647 -0.082799 0.010887
0.120029 -0.004859 -0.005718
0.094381 -0.080487 0.100407
0.118454 0.047647 0.11939
0.109109 0.060886 0.101676
0.081909 0.09134 0.04213
0.081869 0.025452 -0.046082
0.091785 -0.088307 0.08458
0.059695 -0.062797 -0.036233
0.087604 0.084301 0.051554
-0.017709 0.068024 -0.020567
0.11326 0.04099 0.0047
0.090047 -0.086048 0.092845
0.091623 -0.089584 0.073373
-0.067476 0.070723 0.063326
0.106041 -0.069764 0.108573
0.090683 0.086044 0.090873
-0.037742 -0.094309 0.073353
0.089069 -0.085253 0.092489
-0.041241 0.025622 0.169997
0.088231 -0.084938 0.09265
0.09057 0.085482 0.047885
0.098971 0.075597 0.074108
0.11103 0.062193 0.113479
0.112888 0.040906 0.004687
0.090935 -0.08436 0.096495
0.07183 -0.076823 0.143258
0.089084 0.088697 0.050945
-0.022356 0.075032 -0.015564
0.052268 0.069752 -0.031687
0.120804 0.047951 0.092513
0.042267 -0.107902 0.073292
0.077829 0.017082 -0.046634
-0.065418 0.045847 -0.002861
-0.093883 -0.024663 0.073663
0.089648 0.088559 0.09063
-0.083726 -0.006676 0.127677
0.015306 -0.034013 0.186606
0.104707 0.068887 0.053111
0.114951 -0.056782 0.116173
0.130939 -0.025572 0.092187
-0.032414 0.077326 0.136189
0.087563 -0.08132 0.042112
0.119625 0.022992 -0.00571
0.074998 0.042691 -0.042974
0.114062 0.046809 0.005327
-0.029329 0.051556 0.164338
-0.046314 0.075463 0.011591
0.030936 -0.016432 0.191036
0.120104 0.000131 -0.005827
0.048425 0.06456 -0.036935
0.09145 -0.081319 0.041991
0.019203 0.080292 -0.023976
0.090946 -0.085949 0.095679
0.096369 0.07976 0.102497
0.118779 -0.043775 0.119391
0.117275 0.056136 0.074022
0.095984 -0.081403 0.035952
0.019789 0.03248 0.186902
-0.044248 0.063002 -0.011077
0.02357 -0.018104 0.191028
0.115931 -0.054438 0.116763
0.102004 -0.019436 -0.032084
0.090241 -0.086446 0.092744
0.120669 0.038599 0.110492
0.103037 0.069066 0.107481
-0.058193 -0.041109 -0.010101
0.089486 -0.085668 0.09136
0.048712 -0.025095 0.186646
0.112622 -0.055152 0.114753
0.114925 -0.037982 0.002577
0.090583 0.081878 0.098131
0.090008 -0.079693 0.042118
-0.037898 0.061401 -0.014984
0.109998 -0.059734 0.112605
0.057619 0.010378 0.186803
-0.064319 0.035255 -0.007962
0.112595 -0.055205 0.11473
0.089502 -0.088407 0.046043
-0.026625 -0.09396 0.110066
-0.064635 0.04081 -0.006714
0.008118 0.02983 0.18689
0.089546 0.05265 -0.024099
0.091806 -0.082539 0.098355
-0.030406 -0.042885 0.169693
0.095052 -0.076553 0.034923
0.052664 -0.02095 0.186665
0.092005 0.081624 0.110846
-0.045019 -0.063755 0.143318
0.055838 0.038253 0.179794
0.089405 0.08828 0.049735
0.09149 0.085323 0.085305
-0.008835 0.069945 -0.022958
0.111438 0.055956 0.114279
0.094633 0.080925 0.101147
0.089415 -0.085541 0.089797
0.090428 0.086954 0.046258
-0.049977 0.067466 0.002014
-0.053214 -0.051896 -0.010912
0.102905 0.053346 -0.007194
-0.07576 0.023551 0.13595
0.076799 -0.084439 0.12733
0.098119 0.074759 0.032922
0.123685 -0.023207 0.124558
0.118953 -0.02466 -0.00329
0.108028 0.067148 0.112333
0.112171 -0.062036 0.11556
0.106563 0.057537 0.015619
0.093119 0.079337 0.100763
0.090856 0.085623 0.047098
-0.022798 0.003202 0.183543
0.125646 0.019804 0.125595
0.117869 0.032968 0.122398
0.102705 -0.071889 0.024511
0.118862 0.030774 0.135982
0.061123 -0.091302 0.1273
-0.04523 0.058611 -0.012571
0.016465 0.069551 0.164418
0.089584 0.078602 0.101284
0.023954 -0.009569 0.192163
-0.056752 0.050573 -0.008785
0.096396 0.08065 0.103992
0.05224 0.049218 0.175285
0.080752 -0.022502 0.174965
0.088935 -0.085368 0.089998
0.010248 0.011562 0.19116
0.095545 -0.017804 -0.039158
-0.035884 0.067991 -0.013285
-0.09643 0.006248 0.063039
0.1151 -0.043668 0.003103
0.091886 -0.087501 0.0846
0.092033 0.010717 0.16993
-0.037513 -0.071728 -0.00775
0.091225 0.084998 0.08526
0.089801 -0.083554 0.045648
-0.046887 -0.070236 0.001401
0.089155 0.055868 0.151175
0.022805 -0.09029 -0.007833
0.019792 0.007005 0.192237
0.109243 -0.040663 0.14342
0.087568 -0.092062 0.073362
-0.036081 -0.070514 -0.011083
0.090748 -0.089206 0.057391
0.130936 0.024475 0.092409
0.044045 -0.060045 -0.037839
0.116339 -0.038831 0.001149
0.084573 0.083972 0.092418
0.094384 0.079291 0.101109
0.066609 -0.041639 0.17488
0.063412 -0.043996 -0.043007
0.116369 0.053089 0.118593
0.090055 -0.08463 0.095283
0.08957 0.084085 0.094411
0.033867 -0.067074 -0.034947
0.044669 0.014776 0.189355
0.087701 0.084348 0.052257
-0.050718 -0.049431 -0.012161
-0.002001 0.023918 0.186864
-0.02341 0.096597 0.101936
0.090823 0.014803 -0.044084
0.095517 0.081386 0.102951
0.115522 0.005832 -0.005186
0.113699 0.046262 0.006237
0.108526 -0.045116 0.006491
0.091364 0.08028 0.099861
0.089927 -0.08576 0.048638
0.117612 -0.034287 -0.001569
0.014104 -0.004319 0.192187
0.10224 -0.07051 0.02574
0.012767 -0.0248 0.189179
0.087709 0.083927 0.049429
0.022805 0.096287 0.128135
0.004381 0.002027 0.191118
0.103594 -0.066088 0.022166
0.092576 -0.087471 0.07901
0.103472 0.069969 0.021452
-0.068264 0.000823 0.15093
0.090805 0.084354 0.079631
0.088969 -0.084917 0.048759
0.091609 -0.085905 0.063052
0.046294 0.084647 0.143978
-0.055461 -0.044459 -0.010856
0.032975 0.055147 0.175311
0.098377 0.077666 0.030439
0.089079 -0.089068 0.048357
0.098991 0.077077 0.031308
0.090406 0.086526 0.093766
0.005741 0.061132 0.170156
0.113773 0.058035 0.116898
0.098668 -0.077828 0.031652
0.112176 -0.047007 0.007308
0.080191 -0.037643 -0.043239
-0.086067 0.044749 0.073972
0.088833 -0.084736 0.093824
0.120439 -0.045097 0.122163
0.097854 0.059104 -0.007168
-0.068335 0.029117 0.14373
0.005238 -0.097095 0.010823
0.094093 -0.078355 0.037376
-0.092699 0.028067 0.073898
0.086291 0.069403 -0.007122
0.126434 -0.015979 0.022335
0.098661 0.07531 0.032723
0.021591 -0.07449 -0.030355
0.046806 0.105132 0.052776
-0.03196 0.072509 -0.011529
-0.002028 0.051233 0.175294
0.123761 0.032438 0.126572
0.095962 0.078128 0.037195
0.053393 0.059014 -0.039142
0.060765 -0.057809 -0.039623
0.111549 -0.06372 0.082785
0.09083 -0.086619 0.046196
0.091693 0.085685 0.085339
0.093448 0.082368 0.100225
-0.045091 -0.056547 -0.013565
0.093693 -0.023134 -0.039182
-0.042491 -0.072183 0.135524
0.123809 -0.028683 0.123785
0.069715 0.088439 0.011649
0.082488 -0.018137 0.174985
0.002437 0.016345 0.189362
-0.021914 -0.076255 -0.01483
0.1049 -0.041714 -0.016315
0.090833 0.085387 0.096105
0.085974 -0.075166 0.001379
0.096971 0.073979 0.119563
0.030271 -0.070369 -0.033487
0.06864 0.053203 -0.039772
0.050486 -0.004691 0.189268
0.076673 0.043487 -0.041944
0.092429 0.083691 0.099202
0.125674 0.025608 0.1264
0.104981 -0.061893 0.018524
-0.061205 -0.049589 -0.005834
0.101451 0.07517 0.106594
0.133016 -0.000264 0.042471
0.088023 -0.084934 0.050291
-0.007915 0.029889 0.183661
0.10908 0.059501 0.014156
0.112533 -0.042235 0.004924
0.120525 0.021891 0.124733
-0.072477 0.015257 0.143669
0.100796 0.074233 0.026166
0.089442 -0.088808 0.09527
-0.040927 0.067835 -0.009195
0.119576 -0.048231 0.042258
0.073879 0.037018 -0.044761
-0.078011 -0.056843 0.092104
0.090815 -0.085587 0.095529
0.126685 0.020159 0.127329
0.099644 -0.076321 0.027524
0.004066 0.017795 0.189368
0.025024 -0.050418 0.179399
0.015525 -0.079918 -0.024688
-0.049755 -0.086663 0.062625
0.069146 -0.026896 0.179504
0.05101 -0.06849 -0.033972
0.025819 0.007005 0.192237
-0.060108 0.076594 0.052649
-0.094005 -0.002445 0.041713
0.079937 0.03463 -0.044328
0.090183 -0.088617 0.091817
0.118637 -0.023676 -0.007536
0.105216 -0.068968 0.108005
0.099295 0.011974 0.164162
-0.088614 -0.036943 0.052144
0.102929 -0.074986 0.107865
0.118756 -0.009721 -0.004965
0.09219 -0.0817 0.042124
0.058763 -0.047569 0.174854
0.066817 0.057159 -0.037574
0.088718 -0.085172 0.052013
0.090775 0.086338 0.046704
-0.058904 0.06425 0.011541
-0.045171 0.065134 -0.008092
-0.003398 -0.095471 0.010831
0.103538 0.070266 0.022679
-0.033419 -0.079596 0.00136
0.095543 0.081296 0.102763
-0.086738 -0.015014 0.119169
0.089244 0.08817 0.094215
0.062418 0.032851 0.17977
-0.031788 0.071406 -0.013082
0.104886 0.071279 0.109495
0.134248 0.00813 0.052841
0.116006 -0.039536 -0.000891
0.06999 0.04654 0.17009
0.090428 -0.08723 0.092931
-0.070967 -0.020474 -0.006413
0.109493 -0.050972 0.010099
0.089246 0.084704 0.050449
0.115485 -0.007036 -0.005181
-0.009501 0.015368 0.186826
0.115738 -0.054241 0.116438
0.006745 -0.031378 0.186618
0.027518 0.076655 -0.028767
0.122724 0.036008 0.123149
0.127911 -0.010099 0.129726
0.121215 0.035345 0.121909
-0.090582 0.014597 0.031381
0.090683 -0.087127 0.090103
0.095895 -0.079867 0.037147
0.089051 -0.089277 0.049555
0.045995 -0.03699 0.183364
0.10352 0.067939 0.042775
0.046717 -0.069168 -0.034505
0.092014 0.084811 0.099673
0.127433 0.006424 0.127202
0.118414 -0.029597 -0.004396
0.018564 0.094399 0.002134
0.114508 -0.043003 0.004288
0.096341 0.080521 0.035461
0.012716 -0.072167 -0.029255
0.004302 -0.07922 -0.02331
0.090804 0.084612 0.062856
-0.006135 0.019921 0.186846
-0.001396 0.105954 0.063482
0.04764 0.051233 0.175294
7e-06 -0.082931 -0.016498
0.117506 -0.034497 -0.002275
-0.021061 -0.030243 0.179489
0.124621 0.023439 0.022512
-0.013862 -0.087447 0.135456
-0.023274 -0.072296 0.150605
-0.094304 -0.015858 0.092287
0.038764 0.067398 -0.035163
0.091012 -0.077522 0.036225
0.01132 0.084907 -0.015751
-0.011986 -0.083054 0.143232
0.007687 0.020313 0.18938
0.090038 0.087243 0.095514
0.091181 -0.084678 0.096588
0.0929 -0.08495 0.040165
0.085337 -0.083786 0.095778
0.120567 -0.015182 -0.007521
-0.032139 -0.094013 0.041305
0.116073 -0.05506 0.118324
0.070203 -0.100078 0.062565
0.121248 0.041533 0.122808
-0.078659 -0.018037 0.000329
-0.076625 -0.061182 0.073501
0.122256 0.035743 0.1225
0.084668 -0.084649 0.093629
-0.033387 -0.071835 -0.011796
0.062206 -0.08288 -0.0078
0.091279 0.08458 0.068479
0.123903 0.024974 0.12432
-0.040168 0.088479 0.1019
-0.004958 -0.101256 0.030865
0.090372 -0.086832 0.092836
0.107148 0.063694 0.01726
0.059524 -0.062931 -0.036189
0.053985 -0.09723 0.118802
0.10375 0.069558 0.107526
0.034785 -0.014182 0.191046
0.018804 0.076879 -0.027829
0.10914 -0.065474 0.110989
0.11322 0.045905 0.006696
-0.051593 -0.057412 -0.009655
0.114954 -0.057234 0.11737
0.027347 0.015444 0.191178
0.091211 0.081866 0.098432
-0.026102 -0.083498 0.001343
0.110998 -0.055529 0.009946
0.050835 0.067159 -0.03499
0.089927 0.084218 0.079561
0.08846 -0.085034 0.050261
0.128191 0.006533 0.1291
0.089245 -0.089425 0.092666
-0.015212 0.044204 0.175262
-0.092488 -0.01567 0.101437
-0.013589 0.005084 0.18678
0.10735 -0.005613 0.157751
0.09209 0.083626 0.098601
0.055722 0.101632 0.042175
0.090643 0.087254 0.090869
0.116785 0.04506 0.118703
-0.087743 -0.027518 0.031193
0.089573 -0.085708 0.05012
0.091452 0.088617 0.079703
0.122369 0.006806 0.126361
0.094678 0.020799 -0.038986
0.12033 -5.7e-05 0.003523
0.109419 -0.06646 0.112826
0.117378 -0.034584 -0.002616
0.04667 -0.074786 0.157443
0.10734 -0.057989 0.015103
0.126644 -0.021202 0.128471
0.090904 0.084717 0.085207
0.116695 0.005264 -0.016106
-0.063768 0.067974 0.031617
-0.05863 0.04053 -0.009621
0.089599 -0.089031 0.093403
0.022805 0.069786 0.164419
0.098471 0.07009 0.011567
0.118001 0.047294 0.118767
0.11824 -0.029658 -0.00472
0.120266 0.018041 -0.00685
0.032299 0.104936 0.101972
0.098039 0.004348 -0.03906
-0.015512 -0.091302 0.1273
0.090962 0.080263 0.053162
0.113383 -0.05555 0.11473
0.095415 -0.081857 0.101144
0.055112 0.015368 0.186826
0.089884 -0.08456 0.046891
0.079568 0.05625 0.158026
0.110178 -0.054278 0.011571
0.089585 0.083369 0.095733
-0.001047 -0.077595 -0.023221
-0.085289 -0.00212 0.011246
0.121561 -0.039871 0.032143
0.090199 0.086186 0.051139
0.091494 -0.089234 0.063049
0.051813 0.105111 0.07424
0.119156 -0.04393 0.119516
0.106296 -0.070813 0.110389
0.018159 -0.10413 0.11002
0.110872 0.055402 0.010978
-0.029589 0.073287 0.143927
0.104496 -0.068488 0.107951
0.110142 -0.039891 0.003763
0.127443 0.014693 0.128879
-0.071676 -0.020431 0.14351
0.111945 0.044542 0.136043
0.088511 -0.002657 -0.046782
0.114606 0.017453 -0.003577
0.049646 0.065937 -0.036105
0.074662 -0.015914 0.179553
0.083373 -0.011335 -0.047534
0.084382 0.084099 0.05014
0.084338 0.000396 -0.047742
-0.074173 -0.059511 0.041459
0.119556 0.047699 0.042684
0.031876 0.001151 0.192211
0.00834 0.10656 0.052782
0.113975 0.041216 0.004576
0.026884 -0.008787 0.192167
-0.046887 -0.010078 0.169839
0.126301 -0.022223 0.128691
0.086459 0.084204 0.082262
0.091039 0.083665 0.097077
0.108471 0.027278 0.151048
0.125991 -0.008504 0.118945
0.090439 0.086456 0.04825
0.009741 0.080509 -0.022453
-0.069889 0.028119 -0.006063
0.105703 -0.062212 0.018502
-0.023895 -0.079685 -0.007786
-0.002472 -0.060711 0.169613
0.116382 -0.008674 -0.016168
0.120404 0.000132 -0.006042
0.025085 0.024264 0.189397
0.027225 0.006452 0.192234
0.113919 0.051302 0.116302
0.038871 -0.02188 0.189192
0.069161 -0.097773 0.041288
0.090231 -0.087189 0.049861
0.009293 -0.100552 0.118788
0.090465 0.084539 0.047496
0.081933 -0.02489 -0.046324
0.089152 -0.084111 0.04684
0.088402 0.005093 -0.046718
-0.049955 -0.086958 0.073385
0.119984 0.018132 -0.007526
0.094037 0.04753 -0.024122
-0.063007 -0.033961 -0.008768
0.12669 -0.020992 0.126828
-0.00587 0.1038 0.092819
0.039965 -0.076309 0.157436
-0.05725 -0.080999 0.06265
-0.074587 -0.028756 0.135717
0.082497 -0.015692 -0.047318
0.090372 -0.086941 0.092233
0.114507 0.036517 0.002538
0.081668 0.018342 0.175148
0.095336 -0.082011 0.035101
0.07105 0.052919 -0.038708
-0.035872 -0.076784 0.135503
0.101225 -0.030008 0.157642
0.08967 0.084142 0.048195
0.092437 0.08028 0.041731
-0.051376 0.059197 -0.007952
-0.062243 -0.038551 -0.008851
0.093248 0.083903 0.039537
0.0897 -0.08576 0.090172
0.090309 -0.088145 0.092458
0.07197 0.049546 -0.04067
0.054192 -0.064803 -0.036466
0.073226 0.041789 -0.043691
0.078631 -0.026724 0.174946
0.085634 0.08267 0.046148
-0.038214 -0.013657 0.175005
-0.020282 0.081322 -0.007069
0.022805 0.107006 0.092833
0.112043 -0.052883 0.008121
0.091862 0.088417 0.068465
0.121396 0.040213 0.124458
0.091352 -0.085329 0.045324
0.121317 0.002943 -0.008274
-0.029804 0.081489 0.002077
-0.079655 -0.013354 0.000612
0.100444 -0.0563 -0.007681
-0.013481 -0.07081 -0.022171
0.004928 -0.020621 0.189198
-0.07688 0.008235 -0.003576
0.115991 0.05335 0.119793
0.019009 -0.017765 0.19103
-0.042708 0.060386 -0.013243
0.135612 -0.000375 0.063257
-0.005687 -0.079779 -0.01911
0.090113 0.087263 0.04996
0.125646 0.025735 0.12723
0.004353 -0.081956 0.150561
-0.092795 -0.028993 0.073644
0.088859 -0.084391 0.047582
0.122506 -0.006245 0.12643
0.113626 0.041094 0.004663
0.089317 -0.084183 0.095308
0.091527 -0.087358 0.057277
-0.065756 0.041635 -0.005439
0.128052 0.001195 0.13046
0.089809 0.084526 0.093893
0.124946 0.013208 0.125893
-0.061048 -0.051245 -0.004441
0.121282 0.000151 -0.008695
0.09016 -0.088041 0.096576
0.013835 0.031588 0.186898
0.118528 0.040604 0.120199
-0.058523 -0.054002 -0.005116
0.012611 0.072381 -0.028583
0.078284 -0.014859 -0.0469
0.091693 -0.083682 0.097624
0.090183 0.083979 0.095596
0.05112 -0.075965 -0.024671
0.000385 -0.099219 0.118793
0.122289 -0.039772 0.122988
0.135224 -0.008898 0.063218
-0.05304 -0.016675 0.164034
-0.087138 0.026497 0.110602
-0.072139 -0.004881 -0.006169
0.090151 0.087148 0.049345
0.118591 0.04781 0.119758
0.091969 0.085808 0.062732
0.097621 -0.075499 0.020804
0.13516 0.008008 0.083104
0.105233 -0.05036 -0.007655
0.133998 -0.017452 0.082991
-0.078243 0.008396 -0.002259
-0.095399 -0.015951 0.083023
0.015606 -0.079907 -0.024709
-0.081452 -0.053408 0.062774
0.024112 0.068429 -0.031876
0.134386 -0.000548 0.092298
0.027453 -0.10413 0.11002
0.122627 -0.000733 0.126567
0.089729 -0.088527 0.04854
-0.031819 0.02678 0.175185
0.112915 -0.028354 -0.000904
0.119161 -0.019642 -0.003963
-0.071866 0.007692 -0.006186
0.03916 0.007233 0.191142
0.032787 -0.074946 -0.030839
-0.001442 -0.107003 0.073296
-0.088876 0.02295 0.031417
-0.083996 0.025674 0.11935
-0.043681 0.072635 0.002037
0.069812 -0.099197 0.051866
0.100363 -0.075227 0.028987
0.094083 0.08267 0.040893
0.027139 -0.074955 -0.030727
0.106539 0.058518 0.113079
0.115845 0.036975 0.002069
-0.010646 0.079086 -0.017101
0.128295 0.015438 0.110388
-0.015681 0.078032 -0.015782
0.090448 -0.087836 0.091739
0.09004 -0.088031 0.047956
-0.033373 -0.096234 0.062582
-0.075541 -0.040944 0.011074
-0.044399 -0.064406 -0.010348
0.120553 0.04085 0.120988
0.091367 -0.086338 0.044663
0.048083 -0.060711 0.169613
-0.058439 -0.03831 0.150756
-0.021106 0.091654 0.119643
0.087563 0.080774 0.042833
0.074813 -0.045688 -0.041848
0.089553 -0.083428 0.096577
-0.06963 -0.032366 -0.0057
-0.001978 0.034015 0.18368
0.10911 -0.059902 0.013251
-0.019139 0.098853 0.042163
0.092313 -0.088977 0.073377
0.106962 0.064102 0.016623
-0.05043 0.079855 0.031671
-0.033354 0.095307 0.083518
-0.06609 -0.041187 -0.005719
0.12483 0.031852 0.032462
0.079245 -0.019488 -0.046998
0.128281 -0.033643 0.09215
0.08411 0.018456 -0.046715
0.119278 0.046504 0.120682
0.112544 0.051357 0.007703
0.1146 0.041502 0.004264
0.119204 0.04636 0.120288
0.099351 -0.07351 0.030093
-0.066333 0.044542 0.136044
0.033057 -0.065313 -0.034891
0.05656 -0.064658 0.163821
-0.060051 0.033533 0.151076
0.090191 -0.08576 0.093965
0.027678 0.108115 0.063492
0.109124 0.05902 0.011519
0.116292 0.026689 -0.001201
-0.051592 0.06283 0.136125
0.086375 0.081547 0.098346
-0.072315 -0.000687 -0.006102
0.090078 -0.088306 0.094961
-0.078748 -0.042329 0.020953
0.005172 -0.055591 0.174819
0.036873 0.063994 -0.035347
0.09186 -0.007559 -0.044457
0.055917 0.055521 0.17013
0.118177 0.012474 -0.004487
0.090394 0.085684 0.048525
0.110959 0.035771 0.14376
0.127948 -0.009997 0.128077
0.116189 0.055597 0.053052
0.125436 0.025443 0.125611
0.091533 0.082661 0.098152
0.090678 0.07741 0.037486
0.010672 -0.023977 0.189182
0.015457 0.004239 0.192225
0.109893 0.032354 -0.015985
0.121254 0.002954 -0.008636
0.103266 0.063398 0.110602
0.092745 0.086134 0.074155
0.119679 0.022761 -0.004633
0.091651 -0.081668 0.082705
0.093058 -0.082551 0.041987
0.089802 0.08295 0.046388
0.092386 -0.082949 0.030946
0.069749 0.098177 0.092794
0.110818 -0.05491 0.010878
0.008584 -0.105697 0.101035
0.052085 0.064448 -0.036763
0.129066 -0.025187 0.101293
0.108461 -0.053524 0.011861
0.028205 -0.008082 0.19217
0.112222 0.056315 0.114271
0.125838 -0.023688 0.125616
0.021296 -0.034682 0.186603
0.028811 -0.066823 -0.033749
-0.063822 0.044351 -0.005942
0.026393 -0.073391 -0.031638
0.090209 0.085961 0.049653
-0.059857 0.047107 -0.007967
-0.076623 0.049911 0.110706
0.090839 0.084934 0.09614
0.121072 0.041695 0.123624
-0.078707 0.013194 -0.000924
0.079138 -0.096556 0.073342
0.112303 -0.061934 0.115158
0.030305 -0.034013 0.186606
0.12085 -0.01014 -0.00854
0.127883 -0.000156 0.022406
0.111085 0.062549 0.114261
0.019392 -0.026304 0.189173
-0.040142 0.065613 -0.012159
0.091597 -0.089561 0.075361
-0.069863 -0.056768 0.020888
0.116041 -0.056275 0.09205
0.122268 0.030104 0.123132
0.117588 0.045348 0.118747
0.114379 0.043031 0.119409
-0.019254 0.058559 0.164369
0.099988 -0.025239 -0.032109
0.09038 -0.086792 0.093025
0.092276 -0.087386 0.062978
0.018395 0.098091 0.011692
0.127793 -0.009964 0.127688
0.090078 -0.086273 0.091497
0.092012 -0.088573 0.062999
-0.058502 -0.059009 0.001452
-0.013696 0.070891 -0.021481
0.089434 0.088439 0.050948
0.120333 0.017987 -0.006491
0.098292 -0.072919 0.030078
-0.009414 0.076767 -0.020304
0.089182 0.088755 0.051802
0.037154 -0.079138 -0.024685
0.110437 -0.054483 0.011376
-0.049157 -0.085892 0.051925
-0.08325 0.039139 0.03149
0.105465 -0.059151 0.022144
0.084762 -0.068572 0.143296
0.114211 -0.037774 0.002715
0.073429 0.050307 -0.039346
0.047779 -0.070253 -0.03313
0.090045 -0.085125 0.068852
0.051519 -0.104826 0.051842
0.119356 -0.024941 -0.004279
0.036568 0.075076 0.158111
-0.018621 0.071481 -0.019682
-0.047785 0.059534 0.143866
-0.034684 0.065156 -0.015382
0.032715 0.065709 -0.034215
0.104344 -0.06882 0.019306
-0.031889 0.084669 0.011633
0.022805 0.055902 0.175315
0.090566 -0.088332 0.090417
0.091498 -0.081357 0.099217
0.003881 0.103882 0.101968
0.091304 0.086231 0.057075
0.089649 -0.089274 0.091853
0.119504 0.023054 -0.006055
0.005457 -0.007521 0.191076
-0.093676 -0.019999 0.052219
0.045926 0.071703 -0.031678
0.099305 0.065309 0.022697
0.119297 -0.02518 -0.005355
0.089944 0.087637 0.04988
0.04154 -0.000736 0.191106
0.084653 -0.085036 0.052427
-0.06669 0.042383 -0.003974
-0.046775 -0.082949 0.030946
0.090439 0.08511 0.048007
0.049628 0.096913 0.119666
0.104469 -0.066782 0.021821
0.09673 0.036687 0.157939
-0.072397 0.03465 -0.00108
0.094646 -0.080752 0.100453
-0.096659 -0.007106 0.073741
-0.013153 -0.047569 0.174854
0.090489 0.085424 0.094761
-0.000682 0.084647 0.143978
0.117472 -0.049012 0.117903
0.092514 -0.087067 0.079006
0.118489 0.048273 0.121373
0.123423 -0.028584 0.123639
0.106028 0.065416 0.016955
0.121673 -0.015805 0.125618
0.059983 0.058768 -0.038895
0.013565 0.000471 0.192207
0.132065 0.024786 0.083179
0.126239 -0.00979 0.126353
0.097645 -0.07637 0.103006
-0.059352 -0.047718 -0.008525
-0.075378 -0.021877 -0.003158
0.077802 -0.055257 -0.032242
0.112372 -0.061798 0.11475
0.114973 0.028908 0.003652
0.10519 -0.055667 0.135597
-0.044333 -0.020251 0.169794
0.090372 0.084252 0.079596
0.120286 -0.015251 -0.008198
0.019998 -0.069138 -0.031375
0.103462 -0.057755 0.01506
-0.082669 -0.039794 0.110307
0.093013 -0.081567 0.099438
0.035987 0.046943 0.179832
-0.033988 -0.038802 0.16971
0.128075 0.006495 0.128273
0.09089 0.085666 0.096509
0.090068 0.085796 0.051193
0.125978 -0.024121 0.128379
0.090914 -0.085398 0.063125
0.112812 0.028813 -0.000474
0.090078 -0.086463 0.050538
0.01804 0.105845 0.042194
0.096056 0.08083 0.104808
0.090774 -0.089609 0.08441
0.003235 -0.019232 0.189204
-0.031027 0.068722 -0.015602
0.080437 -0.089988 0.110082
0.095273 0.080375 0.101607
0.051121 -0.103324 0.041263
0.116744 -0.028413 -0.001029
0.071711 -0.083498 0.001342
0.090367 0.086732 0.096922
0.089026 0.08267 0.046148
0.126629 -0.009823 0.126514
0.11892 0.046861 0.12229
0.090258 -0.017038 -0.044077
0.08397 -0.006944 -0.047675
0.113175 -0.048937 0.003986
0.086635 -0.016445 -0.046342
0.073317 -0.050704 -0.039304
0.092606 -0.083402 0.098549
-0.064378 0.074097 0.074103
0.101134 0.074407 0.105599
0.028278 0.077837 -0.02734
0.035296 0.070821 -0.033384
0.121946 0.035607 0.122245
-0.081418 0.052496 0.083327
0.106317 -0.060155 0.112383
0.023596 -0.078701 -0.026805
0.101694 -0.069999 0.025989
-0.055196 -0.054156 -0.00868
0.088053 0.084332 0.051514
0.10545 -0.070195 0.062946
0.116064 -0.054623 0.117124
0.097434 0.074321 0.032941
0.088657 0.083985 0.093176
0.111802 -0.06395 0.073488
0.092806 -0.087441 0.073383
0.089295 0.087979 0.09502
-0.04796 0.028442 0.164236
0.003398 0.074617 -0.025601
-0.09352 0.019085 0.092442
0.093201 0.000338 0.169884
0.091232 0.084003 0.097211
0.091908 0.085027 0.079724
-0.09398 0.023781 0.073878
0.121288 -0.033529 0.122324
0.10535 -0.062038 0.018537
0.090738 0.086107 0.096495
0.027907 0.055713 0.175314
0.035837 -0.097044 0.127274
0.114322 0.051455 0.116277
0.090486 -0.088717 0.090048
-0.082133 0.016973 0.127783
0.011934 0.080356 -0.023031
0.051748 0.104825 0.083559
0.075765 0.037913 -0.044389
0.090308 -0.087988 0.094796
0.092404 0.085384 0.074152
0.013311 0.104936 0.101972
0.090313 0.085571 0.092047
0.008819 0.103137 0.031775
0.09868 0.050578 -0.015904
0.122304 -0.039879 0.123398
0.120595 -0.004893 -0.006188
0.123625 -0.040754 0.042291
0.063633 0.04409 -0.042674
-0.067957 -0.046216 0.001508
-0.067846 -0.028571 -0.007293
0.08969 0.088214 0.092272
-0.030664 0.008005 0.17966
0.093946 -0.082707 0.099859
0.11057 -0.052702 0.022173
0.104876 0.064258 0.021005
-0.088004 -0.041577 0.073588
-0.04116 0.089932 0.092758
0.110354 0.056223 0.009363
-0.029009 -0.098313 0.082656
0.022805 0.032591 0.186902
0.020157 -0.009287 0.192165
0.023946 -0.026474 0.189171
0.090389 -0.082707 0.097699
-0.004351 -0.052261 0.174833
0.12647 -0.021228 0.128855
-0.033506 -0.063752 -0.016728
0.076957 -0.060114 0.157509
-0.065223 -0.069943 0.101194
0.072083 -0.046689 0.169675
0.088066 -0.085003 0.050882
0.091544 -0.086357 0.100083
-0.093068 0.010182 0.101551
0.075287 0.011937 0.179676
0.120793 0.012917 -0.006629
-0.079424 -0.008451 -0.000832
0.125706 -0.000736 0.126545
-0.029525 -0.068643 0.150621
0.104216 -0.066532 0.02198
0.118826 0.027898 -0.004299
0.084369 -0.084914 0.050422
0.090078 0.085576 0.049739
0.087992 -0.025162 0.169771
0.0863 0.029445 -0.042827
0.109869 -0.051073 0.010132
-0.079628 0.013393 0.000723
0.027556 -0.106401 0.101032
-0.080334 0.008666 0.000888
0.087943 -0.084596 0.093785
0.115356 0.03134 0.000421
0.003822 -0.105079 0.041255
0.05745 -0.028332 0.183403
-0.036927 0.059884 -0.015404
0.119077 -0.014664 -0.004511
0.070268 0.023113 0.179726
-0.063671 -0.039473 -0.008039
-0.004449 0.077436 -0.021624
-0.08696 -0.018697 0.021057
0.098448 -0.076626 0.032617
-0.04872 0.071276 0.128024
0.089704 0.084223 0.08501
0.062661 0.060782 -0.036464
0.08822 -0.085096 0.091816
0.022805 0.102919 0.110942
0.086856 -0.09094 0.051903
0.107584 0.050997 0.136071
0.109503 -0.062141 0.042196
0.052809 -0.056644 -0.040019
0.04466 0.071993 -0.031677
0.132454 -0.000598 0.101402
0.090261 -0.0865 0.048457
0.128295 -0.016729 0.110245
0.089982 0.087516 0.049236
0.110392 -0.05991 0.112557
0.036094 -0.032468 0.186613
0.017066 0.062827 0.170162
0.124742 -0.029003 0.124566
-0.077863 0.041099 0.119418
-0.083744 0.048712 0.063228
0.127302 0.000984 0.127082
0.022805 0.087274 0.143989
0.093798 0.078809 0.101173
0.091958 0.083298 0.098408
-0.071498 -0.053351 0.118998
0.085213 -0.031564 -0.042812
-0.057355 0.045011 -0.0098
0.04123 0.002027 0.191118
-0.049921 0.050202 -0.011933
0.090805 -0.085316 0.078877
0.107939 -0.064498 0.110312
0.041354 -0.003508 0.191093
0.115355 0.042743 0.001825
0.109128 -0.052787 0.001478
0.112587 0.05652 0.114367
0.082552 0.077319 0.002058
0.09252 -0.081953 0.042123
-0.046395 0.081624 0.110847
0.128264 0.001002 0.128431
0.108946 -0.059231 0.014157
0.118538 -0.029523 -0.004052
0.088895 -0.085048 0.049342
0.091873 -0.087908 0.084595
0.125325 -0.015124 0.125759
0.054902 -0.100021 0.110038
0.035665 -0.070426 -0.034112
0.091628 0.085219 0.100289
0.082585 -0.050998 -0.032223
0.074208 0.0967 0.052738
0.056197 0.027511 0.183652
0.089606 -0.085151 0.09384
0.095008 0.071884 0.03006
0.092202 -0.002768 -0.044526
-0.080202 -0.009642 0.000771
-0.017202 0.019302 0.183615
0.114126 0.021145 -0.002744
0.084906 0.083397 0.047743
0.069021 0.096597 0.101935
0.128108 0.000997 0.12804
0.121043 -0.010056 -0.007464
0.093548 -0.074334 0.031904
0.09064 -0.084068 0.096447
0.090742 0.086448 0.09089
-0.015571 0.102612 0.074229
-0.061494 0.042528 -0.008261
0.08903 0.047106 0.157985
0.091876 -0.086231 0.063023
-0.05354 -0.08398 0.08272
0.099082 -0.076402 0.073433
0.088293 0.08379 0.048747
0.031545 0.073927 -0.031241
0.10448 -0.067784 0.108306
0.02732 -0.10122 0.118785
0.03847 -0.074427 -0.030699
0.090037 0.084984 0.093388
-0.086738 0.03539 0.101663
0.060856 0.022199 0.183627
0.064749 0.041236 0.175249
0.12129 -0.039081 0.121321
0.089312 0.083899 0.048192
0.117835 -0.024309 -0.002405
0.127444 0.012113 0.129927
0.124994 -0.020548 0.125133
0.103468 -0.064282 0.12742
-0.047238 0.005549 0.169908
0.090443 0.086288 0.092766
0.09292 -0.084026 0.098919
0.100144 0.071233 0.028812
0.117093 -0.028498 -0.001136
0.11348 0.04608 0.006485
0.089927 -0.085111 0.047578
-0.080289 0.029494 0.011387
-0.038385 -0.06306 -0.014957
-0.038893 0.051855 0.158007
0.088065 0.084091 0.049931
0.120704 0.007838 -0.006209
-0.062039 0.071949 0.101826
0.115757 -0.055215 0.119112
0.020252 -0.057848 0.174809
0.085687 0.084332 0.058422
-0.046034 -0.055094 0.150681
0.046474 0.103731 0.042185
0.033571 -0.015026 0.191042
0.121086 0.000138 -0.006904
0.090542 0.0867 0.04436
0.125719 0.000963 0.126565
0.022805 0.08194 0.151291
-0.070561 0.067186 0.083392
-0.093455 -0.007077 0.101474
0.111097 -0.001561 -0.02434
0.002687 0.08839 -0.007038
0.124446 0.031055 0.125677
0.091212 0.084521 0.079665
0.088294 -0.085069 0.052106
0.098783 -0.076197 0.062919
0.09021 -0.087596 0.049795
-0.01085 0.103806 0.063472
0.090387 0.085885 0.092695
0.110386 -0.039002 0.003351
0.117304 0.021844 0.003621
0.013519 0.102574 0.110939
0.039851 0.005994 0.191136
0.101616 0.072946 0.024723
0.008294 -0.074348 -0.027584
0.119794 -0.009807 -0.005334
0.129738 -0.034034 0.073621
0.018373 0.048254 0.179838
-0.020199 0.101187 0.074223
0.101406 0.07494 0.106224
0.090351 0.086758 0.094537
0.016797 0.015054 0.191177
0.001183 -0.095758 0.12728
0.091646 0.080668 0.083427
0.008542 -0.06365 0.1696
-0.071553 -0.048096 0.011042
0.102726 0.067961 0.024792
0.086492 0.000399 -0.047434
0.090148 -0.08515 0.073393
0.108526 0.060381 0.012569
0.085334 0.082645 0.096521
0.091693 -0.086709 0.084572
-0.015604 -0.103599 0.073312
0.091511 -0.086357 0.097594
-0.060179 0.070309 0.110796
-0.086879 0.040372 0.052488
0.075135 -0.068643 0.150621
-0.047947 -0.078058 0.118888
0.090517 -0.086162 0.047297
0.064374 -0.054606 -0.040571
-0.068142 -0.051523 0.127477
0.028402 -0.042403 0.18334
0.12492 0.014877 0.11905
0.124922 -0.016262 0.118911
0.109882 -0.054087 0.011724
0.089875 -0.0861 0.050597
-0.079267 0.056542 0.074025
0.008155 0.009538 0.191151
-0.01268 0.0946 0.119656
0.112 -0.061013 0.1133
0.124843 -0.032273 0.032176
-0.044112 -0.087271 0.101117
0.090191 -0.08852 0.05168
0.02189 0.070908 -0.031097
0.127341 -0.014418 0.129712
0.090253 0.0839 0.095791
0.096683 -0.081408 0.104523
0.12726 -0.004436 0.127018
0.090187 -0.085436 0.047513
0.03725 -0.107304 0.09188
0.090077 0.084849 0.093968
-0.072756 0.063324 0.05259
0.111867 -0.050129 0.116882
0.100333 -0.075502 0.028703
0.09014 0.087401 0.051008
0.11898 0.014629 0.003588
0.084758 -0.009094 0.175025
-0.070101 0.037786 0.136014
0.041532 -0.030087 0.186624
0.093557 0.082926 0.10077
0.092631 0.086977 0.068416
-0.027679 -0.034628 0.174912
-0.040205 -0.067032 -0.01147
-0.067418 0.043037 -0.00235
0.090038 -0.086087 0.092663
0.120134 -0.045229 0.122949
0.088151 0.079878 0.10025
0.091706 0.080458 0.099726
0.093471 0.074968 0.103755
0.114303 0.041353 0.004443
0.105325 0.066742 0.01819
0.059557 -0.07028 0.157464
-0.064926 -0.046574 -0.003402
0.090661 0.084889 0.047395
0.031188 -0.004953 0.192183
0.046012 0.101756 0.031768
0.048727 -0.066188 -0.036447
0.061369 0.059861 -0.037814
0.037503 0.038431 0.1837
0.088363 0.083555 0.094411
0.127521 -0.008095 0.022371
-0.073017 0.012161 -0.005714
0.100145 0.076846 0.106547
0.080092 0.029743 -0.045586
-0.014309 0.077209 -0.017685
0.108101 0.067005 0.111925
0.113567 -0.046216 0.001508
0.013057 -0.073984 -0.028865
0.122796 0.036484 0.125157
0.118443 -0.050018 0.119922
-0.036521 0.070294 -0.010341
0.108341 0.053569 0.012543
0.12101 -0.004927 -0.006794
-0.001287 0.070784 -0.024996
0.036792 0.103137 0.031774
-0.076771 0.045723 0.021344
0.110732 0.049692 0.009708
0.008659 -0.023002 0.189187
0.113945 0.047278 0.004309
0.128063 -0.010056 0.128905
0.049105 0.007567 0.189323
0.126463 0.023342 0.110424
0.049793 0.00559 0.189314
0.030685 -0.025464 0.189176
0.037027 -0.105697 0.101035
0.130943 0.015891 0.101476
0.121119 0.007935 -0.007221
0.091438 -0.085453 0.073392
0.084554 -0.085039 0.091921
0.104338 0.0701 0.10784
0.123126 0.039632 0.101582
-0.066462 -0.060164 0.118967
0.000902 0.096134 0.011683
0.049141 -0.035152 0.183372
0.015138 -0.085196 -0.016508
0.111854 -0.052295 0.009066
0.088163 -0.085236 0.08949
0.003398 -0.07263 -0.026739
-0.016549 -0.061944 0.163833
0.088616 0.085015 0.031693
-0.084211 0.013873 0.011317
-0.055364 -0.052901 0.143366
0.102466 0.025268 0.157889
-0.026084 0.069018 -0.017682
0.088985 0.084646 0.052051
0.089444 -0.08548 0.092533
-0.057366 0.074162 0.031646
-0.054586 0.006264 0.164136
0.082019 0.030387 -0.044902
0.121279 -0.004977 -0.007855
0.092639 -0.087012 0.068728
-0.003069 0.08015 -0.019087
0.065247 -0.016794 0.183454
0.089514 -0.088646 0.047692
0.125991 0.00712 0.119015
0.068714 0.047614 -0.042453
0.059445 -0.005848 0.186732
0.010336 -0.092941 0.135432
0.093998 0.080083 0.10072
0.090133 0.084325 0.08508
0.097394 0.06838 0.025971
-0.065936 -0.045161 -0.003131
0.127464 0.01462 0.128045
0.091771 0.082973 0.098258
0.117974 0.032548 -0.001905
0.115369 -0.033114 0.000745
0.106976 -0.049459 0.00911
0.092181 -0.085819 0.099154
0.090092 -0.086049 0.089962
-0.02238 0.076191 -0.014029
0.084774 0.084148 0.090759
0.025093 -0.01799 0.191029
0.091367 0.085745 0.045429
-0.093422 -0.011093 0.041675
0.089967 -0.08819 0.048641
0.102538 -0.074626 0.110151
0.080509 0.080884 0.128066
0.091928 -0.083995 0.097728
0.128314 -0.004511 0.128775
0.114056 -0.045213 0.118742
0.08615 -0.029546 -0.043051
-0.085109 0.005896 0.011282
0.101352 0.075522 0.107397
0.120451 -0.015219 -0.007869
-0.012917 0.007761 0.186792
0.089513 0.083449 0.095535
0.089335 -0.085534 0.090088
0.087789 0.084015 0.092212
-0.083494 -0.018059 0.011175
-0.026916 0.072036 -0.015657
0.059334 0.097451 0.110917
0.08758 -0.084913 0.050422
0.100333 -0.074937 0.029252
0.098861 0.075612 0.03256
-0.07658 0.017523 -0.002662
-0.050667 -0.049812 0.150705
0.018453 -0.097689 0.127271
0.090629 -0.063756 0.143317
0.023092 0.074397 -0.030094
0.065844 -0.055639 -0.039514
0.112048 0.05193 0.006394
0.128338 -0.004523 0.129193
0.115489 -0.054037 0.116159
0.076601 -0.03614 -0.044943
0.081708 0.035275 -0.043316
-0.022769 0.076923 0.143944
0.088074 -0.085235 0.089806
0.041259 -0.081956 0.150561
-0.036058 0.018342 0.175148
0.04151 -0.002125 0.1911
-0.005787 -0.070218 -0.024406
0.091608 0.010055 -0.044311
0.071402 0.040804 -0.044076
-0.032844 0.07208 -0.011298
0.046999 -0.106813 0.082618
0.119217 -0.023829 -0.006386
0.106159 -0.070924 0.110795
-0.006203 0.105113 0.07424
0.09037 0.085727 0.093566
0.08436 -0.08489 0.050238
0.015525 0.080069 -0.023977
0.09355 -0.08212 0.099547
0.089846 0.084885 0.091909
0.018264 0.015444 0.191178
0.004721 0.003382 0.191124
0.093665 0.081337 0.041633
0.030153 0.004239 0.192225
0.098678 -0.077243 0.032186
0.090785 -0.084321 0.045681
-0.031566 -1.2e-05 0.179623
0.110216 0.011502 -0.024281
0.112501 0.025794 -0.016015
0.116587 0.046609 0.118176
0.091926 0.084911 0.100704
0.121595 0.035474 0.122047
0.095451 -0.079251 0.037401
-0.053713 -0.084118 0.073399
-0.002857 -0.080319 0.150569
0.090778 -0.081933 0.098626
0.115118 -0.043821 0.002761
0.114998 -0.033044 0.000746
-0.04937 -0.041204 0.157594
0.096014 0.072287 0.105459
0.088717 0.083913 0.048798
0.087684 -0.084578 0.048679
0.08461 0.057421 -0.024078
0.098303 -0.067335 0.023816
0.052042 0.057527 -0.039304
0.120561 -0.0388 0.120993
0.10902 0.059919 0.013515
0.091128 -0.046418 0.157569
0.057843 -0.073614 -0.02466
-0.004306 0.070533 -0.02418
-0.005124 -0.066947 0.163811
0.056526 -0.104851 0.073306
-0.078291 -0.014 0.135783
0.06162 0.09162 0.011663
0.104976 -0.067836 0.020839
0.091096 -0.083126 0.097561
0.022805 0.06304 0.170163
0.094217 0.077119 0.037057
0.119255 0.027794 0.123611
0.088872 -0.0852 0.050223
0.120077 0.002844 -0.005768
0.098633 0.077508 0.030722
-0.042381 -0.025162 0.169772
0.093136 0.081768 0.099833
0.115442 0.042615 0.002169
0.090501 -0.085368 0.095097
0.125739 -0.020693 0.125502
0.008192 -0.108444 0.07329
-0.04841 0.050763 0.151152
0.047073 0.106188 0.074245
0.014423 -0.004953 0.192183
-0.056482 0.079282 0.09271
-0.039523 0.064298 -0.013344
0.086438 -0.002592 -0.047433
0.086115 -0.007122 -0.047367
0.013519 -0.041852 0.183343
-0.027246 0.074478 -0.012759
0.111271 -0.054131 0.007275
-0.083471 -0.044401 0.041526
0.120061 -0.020013 -0.005492
0.102868 -0.07415 0.10636
0.065226 0.042148 -0.043113
0.07073 -0.052997 -0.039094
0.131166 0.024794 0.052916
-0.089823 -0.019235 0.03123
0.037975 0.054206 0.175307
0.0899 -0.088733 0.09332
0.076446 -0.063697 -0.024616
0.114858 -0.055376 0.042226
0.096213 0.079463 0.102219
0.090252 -0.087032 0.04895
-0.096958 -0.002673 0.073761
-0.033193 -0.070725 -0.013343
0.000335 -0.054103 0.174825
-0.024449 0.055245 0.164354
0.104459 0.066502 0.108893
-0.073602 0.008143 0.143638
-0.020906 -0.013596 0.183469
0.088989 0.082314 0.097178
0.090563 -0.087264 0.094471
-0.039809 0.068458 -0.009485
0.090076 -0.08513 0.06321
0.095523 -0.082602 0.10222
0.094071 0.08234 0.041125
-0.086426 0.031149 0.031455
0.120209 0.007777 -0.005668
0.108111 0.066829 0.111527
0.07932 0.039454 -0.042665
0.122585 -0.02847 0.123524
0.107031 -0.064298 0.016463
0.09935 0.065236 0.02262
0.046402 -0.104294 0.101042
0.032187 -0.001612 0.192199
0.091651 0.084808 0.068461
0.004937 -0.006215 0.191082
0.112994 -0.055367 0.114696
-0.096628 -0.002609 0.062999
0.099454 0.075122 0.10435
0.092386 -0.081099 0.099543
0.090754 -0.086968 0.045988
-0.052861 0.07009 0.011568
-0.06071 -0.037609 -0.009405
0.046401 -0.045564 0.179421
0.095292 0.081669 0.103772
-0.020066 -0.101826 0.082641
-0.053857 -0.048855 -0.011163
0.116311 0.038264 -0.001072
0.09009 0.086983 0.097134
0.028545 0.062827 0.170162
0.048799 -0.069696 -0.033396
0.088596 -0.085271 0.089597
-0.026663 0.019516 0.17971
0.089264 -0.085208 0.084184
-0.064821 0.030649 -0.007989
0.110719 0.055959 0.009992
-0.035141 -0.022502 0.174966
0.102659 0.068856 0.107561
0.117865 0.032306 -0.001211
0.03792 -0.011153 0.19106
0.060574 0.05316 -0.041103
0.120968 0.008042 -0.008664
-0.069235 -0.019976 -0.007021
0.10152 0.065737 0.109324
0.029383 -0.007191 0.192173
0.107106 0.063216 0.017864
0.090325 0.087091 0.092895
0.116136 -0.054939 0.117916
0.0914 -0.089038 0.084514
0.120999 -0.048992 0.052587
0.090439 -0.08774 0.05163
-0.04613 -0.057913 -0.012847
-0.076009 -0.037416 0.12754
0.10695 -0.063365 0.017663
0.076139 -0.030775 0.174929
0.079907 -0.041237 -0.041459
0.117822 -0.0194 -0.003406
0.0898 0.084623 0.048782
0.104866 -0.068718 0.107943
0.038089 -0.084344 -0.016504
0.100198 0.006264 0.164135
0.037552 -0.073279 -0.032094
0.064335 -0.070773 -0.024648
0.005369 0.045807 0.179827
0.003263 0.07095 -0.026226
0.004257 -0.003508 0.191094
0.040371 -0.097095 0.010823
-0.031188 -0.084439 0.12733
0.089196 0.083173 0.095759
0.105748 0.069485 0.074082
0.042054 -0.106606 0.051833
0.11482 -0.056588 0.115815
0.106923 0.065391 0.109902
0.050718 -0.002628 0.189278
0.108836 -0.053628 0.0119
0.088872 0.084475 0.050485
0.120384 -0.01493 -0.005742
-0.04036 -0.08963 0.041325
0.093084 -0.004884 0.169861
-0.089758 0.036531 0.073935
0.110947 -0.055712 0.009613
-0.003696 0.082083 -0.015764
0.089522 0.084307 0.062997
0.089618 0.088122 0.093024
0.089982 -0.088447 0.050328
0.092686 -0.087823 0.068721
-0.030214 -0.012023 0.179571
0.097788 -0.006821 -0.039109
0.105468 0.069199 0.083376
0.119402 0.002824 -0.005471
-0.082722 -0.049185 0.092138
0.120812 0.041004 0.121286
-0.067445 -0.071595 0.082775
-0.008907 -0.079328 -0.018262
0.057471 -0.093212 0.01084
0.008476 0.076264 -0.026165
0.031505 0.095964 0.128134
0.117945 0.032429 -0.001553
0.019091 -0.083604 0.150555
-0.073933 -0.031579 -0.000971
0.031618 0.013951 0.191171
0.042197 -0.071352 -0.033316
-0.096589 0.001713 0.083102
0.094982 -0.041204 0.157593
-0.001462 0.106188 0.074245
0.091975 0.085088 0.068443
0.066716 0.091654 0.119643
0.117451 -0.019359 -0.003388
0.031777 0.031588 0.186898
0.011365 0.062189 0.17016
0.125254 -0.023514 0.125034
0.095639 -0.080287 0.110126
-0.052271 0.017599 0.164187
0.102367 -0.059954 0.016918
0.087033 0.036019 -0.038919
-0.027388 0.084889 0.128084
-0.052515 -0.047656 -0.011667
0.079894 -0.024288 -0.046654
0.118491 0.027298 -0.002251
-0.040511 -0.068085 -0.009909
0.02757 0.105845 0.042194
0.089942 0.085482 0.051865
0.02046 -0.07098 -0.031342
0.111469 -0.060551 0.112819
0.087919 0.083502 0.094464
0.089351 0.08877 0.052703
-0.001376 0.072629 -0.024803
-0.076447 -0.056019 0.101256
0.060683 0.047355 -0.041862
0.118782 0.022321 -0.003118
0.018262 0.024011 0.189396
0.107639 0.050692 0.013015
-0.049756 -0.055014 -0.011857
0.087572 0.084165 0.05051
-0.056202 -0.051155 -0.009384
0.008644 -0.012239 0.191055
-0.077709 0.017834 -0.001168
0.020936 -0.04268 0.183339
0.121235 0.041422 0.122398
-0.013283 -0.008547 0.18672
0.109436 0.053959 0.012518
-0.02608 -0.065117 -0.018895
0.077252 -0.051454 0.163879
0.038552 0.086102 0.143985
0.116245 0.038047 0.120996
0.029147 0.069551 0.164418
0.120313 0.01786 -0.005766
-0.018294 -0.033396 0.179475
0.044208 -0.07781 -0.024679
0.121372 0.023551 0.135949
-0.058507 0.052529 -0.006094
0.094831 -0.027669 0.163985
0.120874 0.00288 -0.006527
0.088769 0.08333 0.047454
-0.017989 -0.06972 -0.020947
0.008225 -0.108251 0.082612
0.099304 -0.065613 0.022117
-0.059773 -0.046936 0.143393
0.100583 0.068372 0.025978
0.112595 0.045589 0.006992
0.003556 -0.106606 0.051834
0.102959 0.044788 -0.01593
0.117539 0.037297 0.119149
0.119048 0.022407 -0.003363
0.119701 -0.004845 -0.005546
0.125144 0.026733 0.127824
0.090385 -0.08579 0.047418
0.089846 -0.082711 0.097615
-0.058714 -0.076235 0.101167
0.088182 0.083403 0.047741
0.072304 -0.039112 -0.044675
0.131176 -0.025433 0.052691
0.091029 -0.084641 0.045603
-0.085827 -0.031848 0.110342
0.118696 0.000127 -0.005426
0.11552 -0.005884 -0.005235
0.117832 -0.034518 0.122065
0.042029 0.105577 0.092827
-0.075715 0.00367 -0.004602
0.084491 -0.029082 -0.044341
0.016166 -0.050089 0.1794
-0.051377 -0.022242 0.16401
0.014256 0.002461 0.192216
0.081781 -0.03824 -0.041939
0.106384 -0.070475 0.109587
-0.069056 0.055412 0.119482
0.095498 0.080879 0.102124
0.08912 0.083256 0.095558
0.134001 -0.008967 0.09226
0.125678 -0.004384 0.126502
0.121157 0.041294 0.122001
0.075765 0.023555 -0.046047
0.105031 0.061486 0.018986
0.010937 0.030815 0.186894
0.100472 0.07146 0.028765
0.089646 0.08774 0.094911
0.119882 0.018909 -0.007347
0.097281 -0.076143 0.103114
0.111538 -0.053457 0.006812
0.12109 -0.005015 -0.008934
-0.030455 0.067203 -0.016513
0.067796 0.038687 -0.043824
0.098413 0.045313 0.151128
0.092089 0.005251 -0.04446
0.120377 0.002854 -0.005984
-0.01893 0.073108 -0.018828
0.117004 0.056029 0.063507
0.093845 -0.080037 0.100453
0.109112 -0.062083 0.101128
0.117421 -0.028591 -0.001291
0.046017 0.013104 0.189347
0.120811 0.035227 0.121836
0.090221 0.087452 0.051719
0.126338 0.011762 0.126334
0.011711 0.022262 0.189388
-0.080356 -0.008591 0.000816
0.091776 0.076065 0.035603
0.012674 0.013248 0.191168
0.091557 0.08091 0.063619
0.091383 0.088449 0.062809
0.120408 -0.044737 0.120948
0.116296 0.052785 0.117799
0.123128 -0.040828 0.101223
0.07006 0.055244 0.164354
0.115955 -0.048358 0.117577
0.12742 -0.024453 0.032211
0.127005 0.014473 0.12689
0.037431 0.107632 0.074251
-0.014542 0.099698 0.101949
0.126707 0.020213 0.127746
0.126455 -0.03312 0.101257
0.01714 -0.025968 0.189174
0.092132 0.004049 -0.044476
0.073045 -0.050429 -0.039692
0.017933 0.108115 0.063492
-0.028288 -0.071435 -0.01593
0.116091 0.031488 0.000364
0.120197 -0.028757 0.135717
0.090581 -0.086878 0.094321
0.091232 0.08565 0.098333
-0.006107 -0.073835 -0.023701
-0.022569 -0.006973 0.183498
0.121329 0.002931 -0.007907
-0.078851 0.051092 0.101734
0.127703 0.006449 0.127523
0.093386 -0.08322 0.041684
0.037386 -0.108251 0.082611
0.09363 -0.084331 0.102334
0.092503 -0.086624 0.068736
-0.010839 -0.104666 0.082628
0.111081 0.049837 0.009639
0.096291 0.015405 -0.03901
0.12341 0.030428 0.123561
0.112264 0.047915 0.117648
0.025323 0.072028 -0.03152
0.118727 -0.024567 -0.003012
0.125382 -0.02062 0.125288
0.109764 0.054135 0.012414
0.030899 -0.08999 -0.007831
0.119697 0.00097 0.143605
0.00674 -0.02188 0.189192
0.122146 -0.011649 0.126072
-0.04564 0.068131 0.136148
0.126482 -0.015279 0.126229
0.106324 0.058843 0.112915
-0.043006 0.085015 0.031693
-0.031065 -0.064941 -0.017392
0.091785 0.087285 0.085361
0.104564 0.030421 -0.024198
0.042822 0.072865 -0.031188
0.048468 -0.080319 0.150569
0.115215 0.042856 0.001491
0.087617 -0.084972 0.050927
0.125961 -0.041865 0.082882
-0.060403 0.038052 -0.009152
0.069577 0.039759 -0.044121
0.013705 -0.101322 0.02069
0.090552 -0.086738 0.090072
0.092246 -0.084644 0.098074
-0.091716 0.018732 0.101589
0.091678 -0.08955 0.073373
0.127439 -0.015498 0.127566
0.064068 -0.086844 0.001328
0.118386 -0.009701 -0.004942
-0.06928 0.038306 -0.003307
0.096467 0.080034 0.102825
0.107069 0.006937 0.157807
0.120979 0.002972 -0.009317
0.07415 -0.04007 -0.044303
0.111971 -0.052498 0.008769
-0.073924 -0.006216 0.143573
0.101219 0.072276 0.02836
0.117949 0.032657 -0.00226
0.097882 0.017599 0.164186
0.121003 -0.010022 -0.007099
0.09051 0.084222 0.095876
0.097021 -0.07533 0.032997
-0.032909 -0.095384 0.051884
0.08507 0.004798 0.175087
0.042695 -0.038588 0.183357
0.124397 0.031125 0.126092
0.106326 -0.062633 0.01829
0.027238 0.048254 0.179838
-0.006596 0.040569 0.179804
0.124163 -0.028788 0.123993
0.093127 0.080743 0.041771
-0.045957 -0.08951 0.073374
0.016028 0.02359 0.189395
0.108571 -0.058768 0.014634
0.099374 -0.078364 0.104106
0.07784 -0.023654 -0.046637
0.092152 0.088106 0.068448
0.112528 -0.034126 0.143449
0.124049 -0.007782 0.012754
0.128356 0.001004 0.12884
0.113622 -0.042552 0.004817
0.105503 -0.059953 0.016919
-0.036475 -0.055904 0.157528
0.092704 -0.088248 0.07338
0.037606 0.08084 0.151286
0.090904 -0.085739 0.084448
0.089155 -0.083312 0.096706
0.082477 -0.033425 -0.043826
0.054182 -0.05812 -0.039876
0.089991 0.084278 0.06855
0.091598 0.088663 0.071293
-0.077292 0.037034 0.01142
0.123903 -0.014 0.135783
0.082016 0.018021 -0.047038
-0.056691 0.039557 0.151103
0.084828 0.048976 -0.031779
0.132066 -0.025783 0.082953
0.096606 0.080003 0.036027
-0.031346 -0.060114 0.157509
0.031402 -0.064498 0.169596
0.089246 -0.085427 0.050175
0.075943 -0.040951 -0.043597
0.060741 0.101327 0.092807
0.049533 0.061633 -0.038091
0.09167 0.085039 0.101014
-0.07675 0.055309 0.041969
-0.013778 -0.072559 -0.021628
0.00023 0.05966 0.170149
0.071468 -0.06393 0.157491
0.114139 -0.021191 -0.002956
-0.039995 -0.029911 0.16975
0.113607 0.047503 0.003664
-0.077371 -0.022638 -3e-05
0.09261 0.085745 0.074153
0.126537 -0.020922 0.126443
0.020049 0.079498 -0.025168
0.018385 0.006452 0.192235
-0.019669 -0.100938 0.091908
0.107173 -0.064094 0.110365
0.09418 -0.083757 0.10096
0.115457 0.042319 0.002858
-0.000804 -0.079029 -0.021957
0.106195 0.064931 0.109828
-0.028644 0.060266 0.158045
0.09285 0.005549 0.169908
0.090339 0.00518 -0.045739
-0.069578 -0.037871 -0.003567
0.128279 0.032547 0.092445
0.116724 -0.053149 0.119952
0.089965 0.088201 0.052515
0.125983 0.041066 0.063441
0.118307 0.045685 0.119051
0.127284 0.011898 0.127146
0.103631 0.069014 0.024121
0.111995 -0.053057 0.007785
0.089927 0.086657 0.042109
0.091667 0.079997 0.041515
0.113571 -0.048061 0.005973
0.117659 -0.017522 -0.003736
0.089982 -0.089377 0.089921
0.089851 0.087403 0.045808
0.078055 0.033897 -0.045022
0.040214 0.028638 0.186884
0.070909 -0.033424 -0.044987
0.092474 0.087315 0.07978
-0.077753 -0.017751 -0.001315
0.102398 0.067743 0.024852
0.084603 -0.016085 -0.047001
0.118267 0.02719 -0.001976
0.096279 -0.049812 0.150704
-0.066937 -0.054928 0.011011
-0.019011 -0.099431 0.101064
0.121199 0.002906 -0.007185
-0.015255 -0.036334 0.179462
0.022805 0.10806 0.083574
0.090138 -0.088521 0.092523
0.085503 -0.011621 -0.047223
0.006452 0.007233 0.191142
0.104735 -0.069535 0.052495
0.041546 0.017795 0.189368
0.018755 0.090187 -0.00703
0.125829 -0.00976 0.126256
0.134373 0.016604 0.073846
0.055627 0.054768 -0.040285
0.032845 -0.0248 0.189179
0.100945 0.066506 0.108902
0.017208 -0.042403 0.18334
-0.008736 -0.018672 0.186674
0.090774 0.088588 0.085203
-0.054811 -0.044205 0.15073
0.086944 0.082903 0.021509
-0.006494 0.090648 0.002118
0.093749 0.08352 0.04009
0.014797 -0.00556 0.192181
0.048009 -0.091786 0.001306
0.109112 -0.059688 0.01357
0.087593 0.084251 0.051175
0.071442 -0.043872 -0.043593
0.114103 -0.045097 0.118782
0.109508 0.060822 0.112104
-0.000899 0.079146 -0.021228
-0.091153 -0.010826 0.031268
0.124952 -0.029107 0.124916
0.106642 0.050073 0.010123
0.099276 0.072796 0.105157
0.10657 0.065151 0.109832
0.032539 0.1077 0.083573
0.077595 0.038732 -0.043684
0.113808 0.04435 0.118934
0.097706 -0.07577 0.03298
0.024675 -0.04268 0.183339
0.030606 0.003676 0.192222
0.11375 -0.055748 0.11483
0.119882 -0.018888 -0.007515
0.111758 -0.060783 0.113033
0.122372 -0.00827 0.126295
0.092162 0.08395 0.09883
0.108539 0.058569 0.015213
-0.07636 0.028417 0.00184
-0.064403 0.057981 0.011514
0.095159 -0.078974 0.037464
0.068685 0.044448 -0.043328
0.124841 0.014164 0.125799
0.086229 0.084197 0.083439
0.090446 0.086375 0.094409
0.090595 -0.085184 0.073393
0.121029 0.007904 -0.006866
0.090211 0.084214 0.047563
-0.071754 -0.03588 0.135686
0.088476 -0.078193 0.010908
0.042252 0.106911 0.074248
0.021404 -0.068839 -0.031755
-0.089851 -0.037464 0.073606
0.094799 0.079724 0.101219
0.022805 -0.098402 0.010817
-0.046694 0.064469 -0.007143
-0.019635 -0.016794 0.183455
0.127579 -0.004452 0.127293
0.135545 0.008115 0.073808
0.088537 -0.016766 -0.045359
0.101895 -0.067026 0.032022
0.095438 -0.082772 0.102628
0.083831 0.030952 -0.043899
0.112907 -0.042322 0.004938
0.12716 0.014735 0.129668
-0.073627 0.044328 0.011453
-0.026787 -0.066787 -0.018557
-0.088263 -0.032499 0.101362
0.119727 0.020099 -0.007074
0.090881 -0.086819 0.095715
-0.001382 0.074428 -0.024314
0.1261 -0.004395 0.126535
0.089769 0.08466 0.093314
0.089024 0.020788 0.169975
0.047053 -0.107003 0.073296
0.007484 -0.048457 0.179408
0.017097 0.005699 0.192231
0.110841 -0.055875 0.009281
-0.022647 -0.095813 0.030889
-0.070811 -0.029909 -0.005372
0.088163 0.08416 0.090245
0.121158 0.007965 -0.007586
0.041316 0.101543 0.110935
0.100975 -0.052901 0.143365
0.063471 -0.059827 -0.037214
-0.012813 -0.056183 0.169633
0.022805 -0.08548 -0.01651
0.103549 -0.068476 0.042167
0.070455 -0.038102 -0.044705
0.110656 -0.008097 -0.024369
0.089453 -0.085442 0.092717
0.089557 0.083675 0.047583
0.091917 -0.089263 0.06875
0.094113 -0.083957 0.101298
-0.05494 0.065737 0.127999
0.055078 0.099698 0.031758
0.11911 -0.048257 0.10119
0.096649 0.079704 0.036292
-0.086732 -0.041204 0.092173
-0.062297 -0.073049 0.041398
0.082667 -0.028534 -0.045338
0.096407 0.078743 0.03694
0.104856 -0.001404 -0.032003
0.126418 0.014363 0.1263
-0.013925 -0.098863 0.030876
0.065324 0.029803 0.179757
0.013327 -0.015777 0.191039
0.11121 -0.051695 0.009777
0.098095 0.07407 0.104341
0.089599 -0.089171 0.092629
0.091039 0.08871 0.062849
0.055622 -0.1022 0.10105
0.00706 0.086102 0.143985
0.092913 0.08147 0.099706
-0.073938 -0.005006 -0.005542
0.120381 0.012763 -0.005622
0.092233 -0.001102 -0.044526
0.039791 0.019122 0.189375
-0.070849 -0.068348 0.073469
0.09534 0.077609 0.037276
-0.067972 0.032152 -0.006561
-0.041779 -0.091752 0.062602
0.117073 0.021992 -0.002559
0.123773 -0.034472 0.124041
0.090936 0.07978 0.092655
-0.087756 -0.041534 0.082909
0.097003 0.0738 0.042801
-0.025607 0.075055 -0.013187
-0.067355 -0.012651 0.150871
0.090313 0.087051 0.051725
-0.072627 -0.064126 0.092072
0.113643 0.05813 0.117303
-0.075362 -0.007941 -0.004749
-0.091323 -0.033229 0.073625
-0.006073 -0.077124 -0.021879
0.075307 -0.089736 0.02074
0.088048 -0.08477 0.049349
0.091349 0.087043 0.057071
0.105963 -0.070993 0.111188
0.010108 0.093771 0.002132
0.118072 0.01729 -0.003672
-0.064226 -0.04938 0.135626
0.094098 0.079041 0.101114
0.093724 0.079815 0.100681
0.100422 -0.044205 0.15073
0.102816 0.01672 -0.031922
0.09017 0.086876 0.097384
0.12943 -0.03388 0.063107
0.105554 0.066604 0.018487
0.124959 0.025255 0.124946
0.090309 0.086917 0.093867
-0.094646 -0.02022 0.062921
-0.094461 0.014992 0.052375
0.036455 0.010589 0.191156
0.072236 -0.09396 0.110065
0.088703 0.08312 0.095616
-0.060368 -0.048698 -0.007278
-0.009468 0.099698 0.031759
-0.0911 0.023355 0.041828
0.119713 0.022845 -0.004992
0.04447 -0.066464 -0.036456
0.11871 0.040138 0.120355
0.101896 -0.07303 0.105536
0.125959 0.040867 0.08325
0.073174 -0.044835 -0.042876
0.089257 -0.089224 0.09373
0.02585 0.015726 0.191179
0.032304 -0.071132 0.163792
-0.080642 -0.005558 0.000905
0.092543 0.087725 0.074162
0.124399 -0.000105 0.012789
0.092896 -0.085115 0.100065
0.084546 -0.085026 0.092025
0.090266 0.086359 0.049556
0.003967 -0.07778 -0.02456
0.117298 -0.057006 0.073518
0.087179 0.014323 -0.046351
0.065104 0.05664 -0.038819
0.092499 -0.010078 0.169838
0.087862 0.084091 0.091572
0.104809 0.071429 0.109903
-0.010915 -0.104851 0.073306
0.022805 0.040632 0.18371
0.092497 -0.070236 0.001401
0.046395 0.069593 -0.033802
0.008896 -0.103442 0.110023
0.092172 -0.088193 0.062985
0.091334 -0.086565 0.057311
0.091451 -0.015212 0.169816
0.106565 0.064401 0.016012
