8658
0.014075 -0.014457 0.003298
-0.026295 0.050125 -0.116303
-0.016493 0.0544 -0.123695
-0.017675 -0.022865 -0.010345
0.01522 0.0451 -0.075747
0.002225 0.02965 -0.038808
-0.00525 -0.012068 -0.048885
-0.008512 0.039125 -0.02722
-0.00565 0.03218 -0.00761
-0.008435 -0.0131 -0.106935
-0.036017 -0.008325 -0.031358
0.0228 0.00042 -0.04406
-0.0234 0.020705 -0.03347
0.02825 0.010048 -0.034382
0.020175 0.013327 -0.043518
0.028675 0.013497 -0.009673
-0.012113 0.048025 -0.080113
0.007325 0.033435 -0.011855
0.019203 -0.006525 -0.114037
-0.038805 0.0095 -0.072292
0.00455 0.034373 -0.013515
-0.01053 0.0439 -0.073987
0.026375 -0.01658 -0.023962
-0.006925 -0.028205 -0.012275
0.027675 0.007848 -0.00455
0.023425 -0.019835 -0.020032
0.00588 -0.00015 -0.138865
-0.01788 -0.0028 -0.13633
-0.00485 0.0555 -0.12524
-0.0229 -0.020305 -0.01745
-0.013868 -0.006125 -0.127683
0.00386 0.0551 -0.12551
-0.00442 0.0539 -0.11043
-0.0236 -0.004795 -0.04134
0.00244 -0.0033 -0.134485
0.02195 0.024388 -0.00976
-0.013425 -0.015533 -0.043795
0.03188 0.02175 -0.078
-0.015125 0.000743 0.00801
0.03323 0.013275 -0.11431
-0.012525 0.036575 -0.023812
0.01355 -0.00653 -0.048492
-0.03956 0.0171 -0.065715
-0.00795 -0.025715 -0.00611
0.013075 -0.0012 -0.135748
-0.003725 -0.029785 -0.02346
-0.01429 -0.005465 -0.02195
-0.0216 -0.021677 -0.022625
0.02948 0.0398 -0.12705
-0.020312 0.046 -0.081703
-0.013175 0.024807 -0.000563
0.03387 0.00695 -0.069707
0.01506 -0.015325 -0.092865
-0.01105 0.013095 0.00855
0.0215 0.01122 0.00292
0.024198 0.042375 -0.09354
-0.035587 0.0393 -0.132127
-0.004395 -0.00395 -0.134452
0.0047 0.0401 -0.02918
0.0012 -0.029845 -0.016965
-0.005525 0.021543 -0.046072
-0.005725 -0.020023 -0.043285
0.0 -0.027145 -0.04112
0.019552 -0.00065 -0.13121
0.003075 0.034628 -0.01408
-0.012142 0.0396 -0.03448
0.0214 -0.013992 -0.03828
-0.02127 0.0474 -0.09237
-0.040087 0.030675 -0.1207
-0.0059 0.02855 -0.00131
-0.001817 -0.030975 -0.044092
-0.037313 0.0209 -0.04405
-0.017215 -0.012775 -0.10392
0.008655 0.046475 -0.064643
-0.010185 0.054925 -0.120245
-0.02661 -0.02305 -0.03575
0.015275 0.007755 -0.048645
-0.021208 -0.0027 -0.13442
0.0058 -0.004535 -0.05151
-0.01425 -0.0145 -0.10161
-0.026875 -0.01582 -0.021157
-0.002835 -0.01405 -0.10461
0.003145 -0.02315 -0.07524
0.0093 0.02835 -0.038638
0.00615 0.014495 -0.04994
-0.02215 -0.002745 -0.04397
-0.02074 -0.01695 -0.08464
0.003 -0.027358 -0.033358
-0.00815 -0.0046 -0.132675
-0.013575 0.032025 -0.02471
-0.021575 0.016145 -0.000302
0.01705 -0.024898 -0.016377
0.02907 0.03985 -0.128515
0.016625 -0.025263 -0.024315
0.00175 0.032818 -0.033257
-0.0056 0.032968 -0.0093
0.023483 0.004725 -0.137408
2.7e-05 -0.01425 -0.103255
-0.01475 -0.02641 -0.02219
-0.03244 0.003797 -0.05076
-0.024523 0.044425 -0.084312
0.009575 0.031163 -0.00731
-0.02572 0.0467 -0.097282
0.0123 0.01428 -0.04876
-0.01235 0.032783 -0.01624
-0.002243 -0.031075 -0.046778
-0.004662 0.055125 -0.120395
0.013225 0.030385 -0.03136
-0.009575 -0.025852 -0.03365
0.01292 0.05285 -0.125475
-0.02633 0.04965 -0.113865
0.0 -0.00161 0.012028
-0.037957 0.01545 -0.129395
-0.0036 -0.02889 -0.0127
-0.03078 0.034375 -0.056803
-0.002325 0.033855 -0.01069
0.034465 0.01925 -0.085945
-0.028565 0.000375 -0.134253
-0.0093 -0.023047 -0.002323
0.03023 0.022992 -0.06253
-0.01695 -0.0019 -0.13848
0.02152 0.00285 -0.136717
0.027975 0.017955 -0.02627
0.00552 -0.03 -0.046295
-0.007875 0.03086 -0.005637
-0.024125 0.014037 -0.03874
-0.02226 0.023565 -0.07767
0.000783 -0.0272 -0.06301
0.005825 0.03062 -0.004312
0.020225 -0.022195 -0.014035
0.0267 0.015885 -0.006855
-0.032762 0.0255 -0.028067
-0.0147 0.030205 -0.030375
0.0032 0.034735 -0.01467
-0.02425 0.00694 0.00047
-0.029725 -0.007188 -0.028157
0.008425 -0.006163 -0.05051
-0.015435 -0.0049 -0.130795
-0.03061 0.0254 -0.023025
-0.0035 -0.025875 -0.005225
-0.007475 0.025387 0.00198
-0.014082 0.03315 -0.075935
0.011575 -0.027845 -0.018485
0.003975 -0.026642 -0.006735
0.0 -0.018585 -0.045465
-0.01545 -0.025785 -0.02563
0.007875 -0.021002 0.000435
0.006285 -0.00865 -0.118423
-0.03275 0.004225 -0.020195
-0.00175 -0.025152 -0.003467
-0.010425 -0.02719 -0.028935
0.000468 -0.00825 -0.121493
-0.0266 -0.023375 -0.048487
0.03005 0.012087 -0.027967
0.0 0.04047 -0.04412
0.006025 0.034755 -0.01649
-0.00705 -0.029298 -0.019993
-0.01441 -0.0205 -0.08172
0.017825 -0.000537 0.006102
0.01165 0.0465 -0.074473
-0.014605 0.04735 -0.080095
0.010817 -0.01485 -0.097525
-0.01451 0.036931 -0.044762
-0.005832 0.00839 -0.01944
0.00615 0.017375 -0.048455
-0.039062 0.03 -0.105758
-0.00445 0.027475 -0.04083
0.030863 0.03485 -0.097577
-0.026875 0.021127 -0.019802
0.017225 0.005838 0.006545
0.027353 0.033525 -0.05831
-0.033765 -0.0031 -0.09869
0.03165 0.003775 -0.02668
-0.024932 0.051775 -0.124055
-0.007575 -0.028985 -0.024385
-0.0105 0.02517 -0.04211
0.03432 0.013275 -0.078397
0.015525 -0.024053 -0.009543
-0.017672 0.054275 -0.125513
0.021622 -0.013575 -0.069152
0.014082 0.02245 -0.016895
-0.02391 0.01965 -0.07838
-0.027792 0.040025 -0.073278
0.009225 0.001913 0.010533
-0.011325 -0.006265 -0.049945
0.002885 -0.014875 -0.100557
0.0 0.028335 -0.000125
-0.01561 0.042325 -0.053898
-0.02918 0.002775 -0.138213
0.01201 0.0459 -0.070825
-0.01805 0.029938 -0.02313
0.0201 0.02822 -0.019405
0.001475 0.034775 -0.014055
-0.021175 0.022357 -0.005555
0.0012 0.034957 -0.025605
-0.01725 0.030547 -0.02076
-0.030178 0.029 -0.02936
0.01495 0.031515 -0.01769
-0.020875 0.017598 -0.00032
0.01655 0.01063 0.00617
-0.023875 -0.018645 -0.026597
-0.019985 0.04805 -0.093818
-0.0303 -0.007705 -0.025305
-0.035342 0.027825 -0.053452
-0.0199 -0.023085 -0.02062
-0.001303 -0.000525 -0.139248
0.009442 0.000525 -0.138912
-0.0234 0.02485 -0.026315
0.003075 0.003298 0.01185
-0.02023 -0.0118 -0.103705
0.025057 0.03835 -0.072203
-0.00795 0.024175 0.00293
0.012885 0.0489 -0.097205
-0.023195 -0.010075 -0.106015
-0.0169 -0.011275 0.003115
-0.038245 0.002875 -0.064145
0.03015 0.00802 -0.03216
-0.0116 0.027063 -0.03854
0.019193 -0.0032 -0.12432
-0.006897 0.0545 -0.128637
0.03215 0.004773 -0.02322
0.01955 -0.021187 -0.031098
0.03156 0.033275 -0.106375
0.033413 0.022625 -0.119483
-0.0089 0.03098 -0.0063
0.022157 0.03635 -0.040858
-0.0201 -0.021665 -0.02844
0.0 0.03288 -0.0336
-0.03422 0.02715 -0.042735
0.012125 0.005225 0.009915
0.0156 0.0394 -0.040255
-0.011747 0.053725 -0.11208
-0.0129 -0.023187 -0.035757
-0.022475 -0.009178 0.000215
-0.0029 0.012807 0.010145
0.018475 -0.016323 -0.03944
0.001125 0.03468 -0.01354
0.00175 0.033783 -0.030187
-0.02605 -0.008425 -0.108902
0.0126 -0.00277 0.00943
-0.007475 -0.021017 0.00051
-0.002625 0.02418 -0.044655
-0.0274 0.014432 -0.006837
0.026138 0.0418 -0.13027
-0.005253 -0.0308 -0.04738
-0.0153 0.0502 -0.09717
0.00031 0.0438 -0.049165
-0.03664 0.01665 -0.02586
-0.014135 0.0548 -0.127167
-0.00175 -0.022103 -0.041758
0.032895 0.02215 -0.06775
0.0 -0.03027 -0.01994
0.004425 0.034902 -0.016465
-0.0209 0.0523 -0.1294
-0.00905 -0.010522 0.00767
0.029737 0.006025 -0.12263
0.0006 -0.025778 -0.036735
0.021867 0.000625 -0.130945
-0.003553 0.053625 -0.108665
-0.01856 0.05335 -0.12859
-0.008395 -0.02006 -0.024593
-0.01715 0.021295 0.000325
-0.006405 0.03687 -0.07526
-0.009112 0.03605 -0.021123
-0.01252 0.04309 -0.074135
-0.009045 0.0364 -0.021315
0.017258 0.0474 -0.097332
-0.012375 -0.00774 -0.083338
-0.009825 0.03219 -0.01033
0.027468 -0.006925 -0.096732
-0.030195 0.0317 -0.041585
-0.01105 0.022615 -0.043995
-0.00945 -0.00288 0.010045
0.012325 0.025968 -0.039503
-0.03798 0.01095 -0.02708
-0.007145 0.00929 -0.080255
-0.0121 -0.02683 -0.02826
-0.01252 0.040416 -0.059375
-0.03188 0.00494 -0.08104
-0.0087 -0.014852 0.005488
0.029197 -0.006625 -0.087033
0.019192 0.036525 -0.037763
0.0317 -0.00419 -0.018595
0.0129 0.03191 -0.02829
0.009225 0.014387 -0.04935
-0.01578 0.0535 -0.12916
0.0169 -0.02306 -0.03225
-0.00709 -0.030975 -0.044205
0.01425 0.00873 0.00796
-0.00442 0.051625 -0.096945
0.004125 -0.026697 -0.034332
0.0297 -0.007157 -0.02833
-0.008127 0.053975 -0.11233
0.0026 -0.029732 -0.024593
0.032855 0.02455 -0.07888
0.0165 -0.022795 -0.04033
-0.026723 -0.011475 -0.095968
-0.002255 0.051125 -0.093792
0.017675 -0.022865 -0.010345
0.012033 -0.029075 -0.051307
-0.030347 -0.01935 -0.03444
0.003205 0.04885 -0.07949
0.027268 -0.015263 -0.023725
-0.023225 0.05195 -0.1289
-0.027265 -0.007775 -0.108983
-0.03365 0.0053 -0.13138
-0.010095 -0.0048 -0.132037
0.03245 0.029925 -0.121515
0.007403 0.0539 -0.120403
-0.020265 -0.001425 -0.137867
-0.00705 0.0346 -0.020968
-0.025347 0.042825 -0.078507
-0.026307 0.041675 -0.075692
-0.022345 0.04895 -0.100735
0.013415 0.048075 -0.092753
0.03038 -0.0004 -0.100005
-0.00455 0.034373 -0.013515
0.003725 0.035092 -0.0175
-0.00485 -0.029838 -0.022328
-0.029018 0.027425 -0.022677
-0.014075 0.010335 0.007795
0.0177 -0.017765 -0.00243
-0.03808 0.02165 -0.059792
0.01396 0.04725 -0.08829
-0.00805 0.03267 -0.01032
-0.016533 -0.0056 -0.128258
-0.00555 0.034955 -0.017598
0.015472 0.051625 -0.126255
-0.024825 0.009443 -0.040008
-0.026508 0.03075 -0.02469
0.00314 0.05355 -0.128355
0.01118 -0.001175 -0.136593
-0.00428 0.055475 -0.125308
-0.00485 -0.021112 0.001028
0.006338 0.0389 -0.02514
-0.00175 -0.023093 -0.04049
0.01655 -0.014165 0.001675
-0.03816 0.00795 -0.02727
-0.0029 -0.010737 0.00885
0.009825 0.033875 -0.019623
0.0194 0.0172 0.00187
0.010022 -0.029825 -0.050012
0.02226 -0.007565 -0.02233
-0.032442 -0.01525 -0.05194
-0.024752 0.052 -0.126505
-0.02555 0.0516 -0.1284
-0.00131 -0.000225 -0.139413
-0.03086 0.032175 -0.046937
-0.023075 0.019757 -0.005215
-0.026803 0.042725 -0.081985
-0.035852 0.001925 -0.107743
-0.017675 0.022992 -0.002035
-0.0164 -0.0232 -0.0085
-0.023367 -0.006375 -0.120707
-0.0047 -0.0232 -0.039898
-0.020318 0.053625 -0.125477
0.033075 0.0082 -0.111515
0.02202 0.0367 -0.04094
-0.02435 -0.018388 -0.014028
0.0146 -0.017122 -0.042025
-0.02683 -0.0118 -0.09448
-0.0266 -0.00367 -0.003535
0.0119 -0.02717 -0.013788
0.01861 0.0447 -0.082707
-0.0012 -0.028035 -0.03229
-0.039388 0.02055 -0.103985
-0.00315 0.006805 -0.052373
0.034287 0.012675 -0.075583
0.031392 0.028825 -0.13253
-0.013575 -0.026725 -0.01625
-0.007475 -0.020085 -0.04294
-0.01252 -0.021743 -0.055385
-0.01949 0.0482 -0.093452
0.03023 0.017648 -0.03301
-0.03125 0.00628 -0.013575
0.030275 0.001997 -0.00787
0.020225 0.023658 -0.005725
0.007875 -0.019955 0.001668
-0.00485 -0.01488 -0.047388
-0.0123 0.02597 -0.00124
0.02445 0.023915 -0.02115
0.005725 0.024095 0.003372
-0.0108 0.03325 -0.016155
0.00367 0.05475 -0.126205
-0.017648 -0.002575 -0.136867
-0.0269 -0.020925 -0.058182
-0.028795 0.04795 -0.13046
0.011325 0.011567 0.008985
-0.00945 -0.00128 0.010182
-0.01495 -0.019335 -0.00175
-0.00795 0.033973 -0.014805
0.01928 0.048475 -0.10777
-0.027227 -0.02365 -0.036315
-0.023705 -0.001175 -0.136732
0.02245 0.013113 0.000468
0.014025 -0.026522 -0.025765
0.013775 -0.025757 -0.011628
-0.00222 -0.0264 -0.06663
-0.015405 0.044075 -0.062867
-0.026455 0.0357 -0.046147
0.01622 0.011247 -0.0799
0.0029 0.009732 0.011115
0.003375 -0.028678 -0.029587
0.01252 0.035069 -0.029855
0.003975 0.022803 0.004765
0.01745 0.01541 0.003758
0.023875 -0.019437 -0.02222
-0.02248 0.0473 -0.09286
0.032453 0.0248 -0.12996
0.0109 0.033327 -0.023485
-0.003075 -0.029532 -0.0257
0.019 -0.01802 -0.03708
0.02525 0.016505 -0.034968
-0.02945 0.012635 -0.030993
0.028772 0.036275 -0.090357
0.011168 0.00125 -0.138973
-0.02645 -0.0246 -0.04364
-0.007075 -0.02208 -0.000647
-0.024575 0.012542 -0.039187
-0.032263 -0.005375 -0.099252
0.017675 0.012095 -0.045675
-0.030985 -0.00615 -0.105333
-0.0045 0.03363 -0.0103
-0.00318 -0.0167 -0.09683
0.002253 0.055175 -0.12551
0.033145 0.0279 -0.111143
0.0056 0.032968 -0.0093
0.0029 0.000398 -0.052645
-0.009375 -0.020312 -0.041685
0.013275 -0.027167 -0.022225
0.01645 -0.012997 -0.043768
0.015825 0.02942 -0.010297
0.0 0.032547 -0.006988
0.028997 0.034225 -0.079345
0.020625 -0.001817 0.004195
-0.022847 0.04955 -0.104768
-0.02965 0.016452 -0.017978
0.0273 -0.00505 -0.103495
-0.0121 0.0552 -0.12636
0.0192 0.028915 -0.017502
-0.003733 0.055375 -0.125832
-0.0087 -0.006172 -0.05046
0.01691 -0.02675 -0.05384
-0.008395 0.025365 -0.016368
0.018207 -0.021505 -0.040097
0.00027 0.0535 -0.129153
0.034002 0.011525 -0.089913
-0.030005 -0.02155 -0.03914
-0.012008 -0.001975 -0.138718
-0.0097 -0.01364 -0.047215
-0.009575 -0.028668 -0.01815
0.018802 0.002625 -0.13807
0.01245 0.004875 -0.050715
-0.012375 0.03444 -0.075703
-0.010815 -0.025875 -0.065362
0.002625 0.01126 0.01068
-0.013658 -0.00295 -0.136913
0.01306 0.04835 -0.09435
0.017675 0.022992 -0.002035
-0.027268 -0.007243 -0.068005
-0.00427 -0.021148 -0.02479
0.01685 0.02902 -0.029572
-0.002225 0.026508 -0.042505
0.0012 0.035397 -0.019175
0.001845 0.038125 -0.02326
-0.014225 0.0549 -0.125945
-0.0144 0.008753 0.00784
0.011525 -0.022785 -0.003772
-0.0165 0.033445 -0.03015
0.01694 0.00035 -0.137167
0.002325 -0.028553 -0.030273
0.01865 0.018565 0.001355
0.006405 0.026177 -0.01622
-0.02735 0.00943 -0.004595
-0.00445 -0.018745 -0.04458
-0.0315 -4.3e-05 -0.014565
0.027845 -0.011025 -0.081797
-0.02475 0.00265 -0.02048
-0.002135 -0.00261 -0.08241
-0.01366 -0.003675 -0.134958
-0.0228 0.01301 -0.04177
-0.005985 0.05115 -0.09461
-0.002402 -0.025125 -0.070535
0.019175 0.020263 -0.001005
-0.01025 -0.028485 -0.01916
0.004675 -0.029385 -0.025675
-0.033865 -0.005025 -0.089485
-0.02635 -0.000515 -0.03889
-0.021825 0.017413 -0.039985
0.007942 0.03805 -0.024268
-0.012125 -0.010415 0.00708
-0.030338 0.026725 -0.023458
0.00583 0.000525 -0.139178
-0.029215 0.036475 -0.0612
0.00485 -0.023208 -0.001437
-0.02945 -0.007333 -0.009968
-0.02 -0.00087 -0.04564
-0.03523 -0.01 -0.03069
-0.015115 0.019507 -0.078405
-0.02525 0.0512 -0.129085
-0.032372 -0.0082 -0.086457
0.0311 -0.002545 -0.02767
0.005325 -0.0307 -0.04731
-0.024275 -0.008292 -0.038747
-0.03023 -0.009665 -0.02271
-0.03853 0.01215 -0.092768
0.021622 0.034925 -0.060367
-0.007 0.0266 0.00103
-0.010925 0.03293 -0.014385
-0.03541 0.022925 -0.032508
-0.027245 -0.016175 -0.076237
-0.033645 -0.0044 -0.093025
-0.02517 0.046975 -0.097178
-0.0119 0.02941 -0.006052
-0.027227 0.040475 -0.072952
-0.026818 -0.008775 -0.10584
0.0243 0.022185 -0.01161
-0.002625 0.021645 -0.04664
-0.008115 -0.030675 -0.046885
0.002625 0.026495 -0.04243
-0.016875 -0.025047 -0.025495
-0.0006 0.034617 -0.013195
0.00525 -0.00912 -0.050155
-0.029405 0.027623 -0.076935
0.0172 -0.01123 0.002865
-0.03044 -0.010125 -0.09051
0.0199 -0.0215 -0.029375
0.01965 0.028618 -0.021592
-0.0118 0.029808 -0.033928
0.015275 -0.02233 -0.006283
-0.011105 0.0507 -0.095092
0.01235 0.032783 -0.01624
0.0035 -0.02793 -0.009585
0.03244 0.003798 -0.05076
-0.02978 -0.0085 -0.099662
-0.01355 -0.015765 0.002528
-0.028668 0.036925 -0.060987
0.00445 -0.02584 -0.00542
-0.0035 0.032755 -0.032915
-0.027823 0.038525 -0.065312
0.002885 -0.02075 -0.08256
-0.021985 -0.0013 -0.1373
-0.02315 0.01166 0.000485
-0.006675 -0.01636 -0.046232
-0.0197 -0.021433 -0.011227
0.0249 -0.018207 -0.021998
0.0024 0.035105 -0.02375
-0.0271 -0.013015 -0.028653
-0.00842 -0.0041 -0.13368
0.01563 0.0517 -0.1255
0.01455 0.025705 -0.038052
0.005358 -0.03055 -0.047048
0.0192 -0.01496 -0.039955
-0.00059 0.048 -0.07484
0.003075 0.03484 -0.01526
0.023922 0.03615 -0.048877
0.009825 -0.025488 -0.007365
0.0018 0.032615 -0.007355
0.000433 0.054825 -0.126662
0.0234 0.02139 -0.00723
-0.013425 -0.02705 -0.022865
-0.025968 0.04345 -0.083252
0.01425 0.03214 -0.02113
-0.0018 -0.028058 -0.032165
0.007 -0.02732 -0.00874
0.006675 0.02167 0.005273
0.0006 0.033312 -0.008553
0.009 0.033928 -0.01725
0.02245 -0.017387 -0.03356
0.027787 0.0068 -0.13359
-0.02731 -0.015 -0.08064
-0.01995 0.053275 -0.128305
-0.034483 -0.00825 -0.065942
-0.020625 0.007125 -0.045155
-0.008645 0.03845 -0.02538
-0.03188 0.013733 -0.03372
0.00765 0.03985 -0.027763
-0.022103 -0.006925 -0.120343
-0.02914 -0.0216 -0.035405
-0.023875 0.023953 -0.014363
-0.0063 0.034777 -0.019282
0.002925 -0.030118 -0.020775
-0.006225 0.001808 0.011098
0.03113 0.03515 -0.116643
0.02305 0.021972 -0.032455
-0.02495 0.000575 -2e-05
0.027225 -0.011047 -0.031522
-0.002852 0.054175 -0.112668
-0.01881 0.028887 -0.076705
-0.031637 0.03155 -0.04705
-0.04002 0.0251 -0.09907
0.027268 -0.00457 -0.082765
-0.016175 -0.01055 -0.11288
-0.028105 0.0383 -0.065475
0.016648 -0.0091 -0.110825
-0.02082 0.0523 -0.115902
-0.025087 -0.000175 -0.13719
-0.001073 -0.0028 -0.136085
-0.037028 0.031225 -0.085418
0.00175 -0.018647 -0.04512
-0.03188 0.019077 -0.06324
0.0 0.01578 0.00974
-0.026475 0.010525 -0.037015
-0.013165 -0.001425 -0.139055
0.00405 -0.027483 -0.032673
0.0109 -0.019225 -0.041925
-0.01775 0.0487 -0.09216
-0.015398 -0.00415 -0.133075
-0.03907 0.01535 -0.082327
-0.012733 0.0349 -0.021225
-0.02735 -0.004123 -0.036365
0.026125 0.005375 -0.136228
-0.02943 -0.00865 -0.100005
0.02304 0.03625 -0.044868
-0.03928 0.0122 -0.045885
0.01451 -0.018257 -0.069998
-0.002135 -0.010728 -0.08388
-0.008875 0.017277 -0.04791
-0.034182 0.00285 -0.1218
-0.0165 0.04147 -0.07443
0.0101 0.01755 0.006967
0.0215 -0.01358 -0.00157
-0.029075 -0.01585 -0.07146
-0.0029 -0.013618 0.007365
-0.019425 -0.01502 -0.03961
0.031055 0.018362 -0.048125
0.006405 0.042314 -0.05903
0.0274 -0.013165 -0.011835
0.0 -0.028423 -0.03099
-0.01185 0.031925 -0.01152
-0.018915 0.0539 -0.126107
0.002135 -0.026868 -0.04107
0.00872 -0.0202 -0.08287
0.01053 -0.0279 -0.026012
-0.03277 0.0322 -0.057053
-0.025955 0.024924 -0.03169
0.024023 0.042925 -0.096395
-0.039972 0.0318 -0.124765
0.029767 0.0392 -0.123402
0.021192 0.003475 -0.137632
-0.017 0.04945 -0.096217
0.011795 0.051325 -0.129212
-0.008595 -0.00255 -0.137665
0.029135 -0.0059 -0.089695
0.000148 -0.012925 -0.107195
-0.017497 0.03057 -0.0764
-0.020048 0.04735 -0.08917
0.012098 -0.028675 -0.05008
0.0334 0.025875 -0.101122
0.00815 -0.007687 -0.050075
0.017698 0.050175 -0.1285
-0.013525 -0.026092 -0.028125
0.029135 0.037025 -0.130867
-0.0333 0.0454 -0.130325
0.009352 0.0384 -0.025725
0.02226 0.012873 -0.01863
0.018602 0.003425 -0.138495
-0.023838 -0.01885 -0.072312
-0.02926 0.041275 -0.0855
-0.018343 0.048475 -0.092095
-0.03977 0.02075 -0.081295
0.0029 0.021635 -0.04659
-0.029155 0.0387 -0.070682
0.0149 -0.026383 -0.018145
-0.034085 0.02945 -0.053035
0.027268 0.02057 -0.017235
0.028675 -0.011295 -0.014165
0.013175 0.03109 -0.011112
0.022958 -0.019475 -0.064893
0.011665 -0.0276 -0.056755
-0.011775 -0.013305 0.00564
0.026775 0.010957 -0.00434
-0.003123 -0.01625 -0.098125
-0.02682 0.04615 -0.097493
0.0078 -0.026335 -0.033662
0.03092 0.01885 -0.134742
0.016775 0.025442 -0.036602
0.008955 0.04985 -0.094053
0.00555 0.034955 -0.017598
0.015115 -0.003508 -0.021595
-0.021622 0.034925 -0.060367
0.030215 -0.01055 -0.06864
-0.03151 0.02675 -0.025765
0.03429 0.014525 -0.08386
0.0157 -0.019942 -0.037963
-0.002925 0.035427 -0.020185
-0.017295 0.053875 -0.128285
-0.029385 -0.008075 -0.10264
-0.018675 -0.013263 -0.042315
0.02705 -0.012965 -0.028923
0.01579 0.03186 -0.076167
0.002135 0.037519 -0.02941
0.003075 9.7e-05 0.011575
-0.02164 0.0533 -0.12546
-0.01969 0.00045 -0.13947
-0.01495 -0.025355 -0.02799
-0.039022 0.010575 -0.057658
0.01225 0.02951 -0.00662
0.03095 -0.00755 -0.07201
0.021622 0.03225 -0.045607
-0.007325 0.033435 -0.011855
-0.0095 -0.028195 -0.02607
-0.030137 0.005825 -0.138578
-0.0119 -0.022925 -0.03721
-0.005105 0.054525 -0.128605
0.0012 -0.023075 -0.040587
0.0177 0.004245 -0.047225
0.023925 0.024382 -0.023733
-0.00543 0.03955 -0.027642
-0.019698 0.033075 -0.021607
-0.028925 0.045175 -0.10181
-0.038972 0.02815 -0.098257
0.019825 0.041075 -0.06409
-0.0152 0.006158 -0.048808
0.028978 -0.00415 -0.096358
0.0146 0.00552 0.00829
-0.00685 0.03439 -0.02515
-0.026725 0.007415 -0.037785
0.02945 -0.007333 -0.009968
0.03185 0.007922 -0.02265
-0.039522 0.023325 -0.115235
-0.030242 -0.021325 -0.040835
0.01429 -0.005465 -0.02195
0.029575 -0.005083 -0.031078
0.025553 -0.01595 -0.07088
-0.006175 -0.026937 -0.033007
-0.004302 0.0554 -0.125765
-0.015035 -0.0054 -0.129305
0.020975 0.012715 0.002658
0.033873 0.013 -0.096605
-0.02906 -0.0179 -0.062615
-0.00615 0.0114 -0.050805
0.022945 0.041025 -0.071555
-0.00285 0.03525 -0.018362
-0.006225 0.009847 -0.051213
0.031302 -0.008375 -0.06918
-0.02045 0.025645 -0.030695
0.014575 0.02894 -0.007665
-0.0251 0.044525 -0.086012
0.0323 -0.00364 -0.02162
-0.03115 0.036625 -0.070973
-0.028375 0.002193 -0.035885
-0.007475 0.01887 0.006698
-0.01972 -0.00305 -0.13445
0.011575 -0.024022 -0.03535
0.01236 0.040275 -0.037325
0.001215 0.053575 -0.110923
-0.028782 -0.0001 -0.132478
-0.01475 0.031715 -0.01877
-0.026525 0.02071 -0.025493
0.03216 -0.000977 -0.03638
0.01755 0.00105 -0.04755
-0.015575 0.0315 -0.021805
-0.002745 0.03795 -0.022545
0.027417 0.0329 -0.057255
-0.024642 0.026604 -0.031385
-0.02475 0.01335 -0.07952
-0.0058 0.017385 -0.0485
0.0229 -0.017782 -0.03137
-0.039343 0.01965 -0.100135
-0.02685 -0.000545 -0.002815
-0.013775 0.026147 -0.002223
-0.016495 -0.002925 -0.136362
-0.0093 -0.01504 -0.046503
0.0 -0.029025 -0.011965
0.019675 -0.010938 0.001243
-0.011575 -0.0252 -0.033047
-0.02245 0.02601 -0.025697
-0.022783 0.046825 -0.091405
0.002625 -0.010562 -0.050185
-0.022315 0.04545 -0.083682
-0.0018 0.034935 -0.025482
-0.003603 0.055125 -0.12046
-0.035762 0.006625 -0.12732
0.013038 -0.0287 -0.051955
0.02575 0.013992 -0.004402
-0.00615 0.014495 -0.04994
-0.013525 0.0314 -0.012835
-0.000148 -0.018725 -0.089695
0.01935 0.028355 -0.025882
-0.03188 -0.003078 -0.03676
0.003975 -0.017495 -0.045725
0.026315 0.004725 -0.134762
0.019025 0.010925 0.004545
-0.01755 0.004255 0.00659
-0.040155 0.027875 -0.11032
-0.03023 -0.001648 -0.06699
-0.0191 0.028425 -0.026275
-0.006668 -0.0307 -0.042613
-0.0156 0.029353 -0.031418
0.007075 0.02843 -0.03908
-0.009375 -0.028088 -0.02666
0.014925 0.013962 -0.047013
-0.031512 0.039175 -0.086135
-0.03663 0.0394 -0.13019
-0.021622 -0.0216 -0.024873
-0.018685 0.0538 -0.128
-0.025955 0.02225 -0.01693
0.004125 0.00632 -0.080793
-0.022098 0.051875 -0.115818
-0.03789 0.015925 -0.131175
0.031055 0.002983 -0.081395
0.03125 -0.003168 -0.015285
-0.008475 0.03245 -0.031245
0.003015 -0.01265 -0.10718
0.03135 -0.006695 -0.022175
0.01105 -0.017305 0.003035
-0.028228 -0.023075 -0.04139
0.0 0.01615 -0.050378
-0.0165 0.038795 -0.05967
-0.0233 -0.0015 0.00245
-0.0116 -0.0264 -0.03062
-0.03343 0.033175 -0.066545
-0.028385 0.03715 -0.060825
-0.008075 -0.029022 -0.02152
0.007035 0.05455 -0.12548
-0.02858 0.01889 -0.01754
-0.006723 -0.002175 -0.138268
0.0138 0.031057 -0.029332
-0.0221 -0.009348 -0.04092
-0.00854 -0.02871 -0.02616
-0.009225 0.001787 -0.05163
-0.0047 0.033193 -0.031135
8.5e-05 -0.013825 -0.104555
-0.0142 -0.00045 -0.139625
-0.015905 0.05395 -0.12857
0.008725 -0.014425 -0.100448
-0.03945 0.015 -0.05671
-0.023198 -0.0001 -0.138565
-0.029177 0.0433 -0.0942
-0.028053 0.033425 -0.041243
0.032903 0.014925 -0.121102
0.027925 0.0149 -0.00942
0.00427 0.02903 -0.07668
0.0064 0.03444 -0.01472
0.0078 -0.02912 -0.018307
0.020123 -0.011205 -0.02299
-0.029713 -0.0115 -0.087158
-0.02855 -0.006122 -0.034035
0.02221 -0.0097 -0.09839
-0.013558 -0.009775 -0.117205
-0.026025 0.007407 -0.002115
-0.0248 0.018 -0.03452
-0.03107 0.0331 -0.052125
-0.0354 0.04235 -0.12888
-0.015525 -0.024053 -0.009543
0.010855 -0.016175 -0.09334
0.023 0.046925 -0.12668
0.0297 0.01246 -0.01263
0.030625 -0.004072 -0.027948
-0.022907 -0.0029 -0.132628
-0.020932 0.051025 -0.108695
0.028937 0.034775 -0.082098
0.02 0.014772 -0.042797
-0.00295 0.03452 -0.01349
-0.02186 -0.001075 -0.137823
-0.0016 0.034883 -0.014645
-0.01752 -0.004975 -0.130078
-0.024388 0.051775 -0.12865
-0.019925 -0.019573 -0.007458
-0.01451 -0.02628 -0.025718
0.013315 -0.02105 -0.076415
0.02855 -0.006122 -0.034035
0.015815 0.03775 -0.034915
0.011105 -0.029525 -0.049948
0.014925 0.021033 0.001777
0.016775 -0.020135 -0.004358
-0.031285 0.02855 -0.031525
0.0228 0.00489 0.0031
-0.002525 0.0552 -0.12221
-0.002135 0.034845 -0.01465
-0.0101 -0.01224 -0.047927
-0.0006 0.03542 -0.019298
-0.025992 0.042475 -0.078682
-0.0036 -0.026635 -0.034675
0.033322 0.012325 -0.110838
-0.024642 -0.00793 -0.083375
-0.01176 0.051025 -0.100492
0.0047 0.05325 -0.111215
0.0035 -0.01871 -0.044775
0.02954 -0.010525 -0.072505
-0.03024 0.03585 -0.061442
-0.017958 0.053875 -0.121842
0.0074 0.029765 -0.003805
0.005795 -0.0155 -0.097817
-0.02333 0.033635 -0.0606
-0.0281 0.01712 -0.02965
-0.01598 0.04035 -0.044738
-0.008662 -0.0198 -0.085695
-0.030152 -0.01275 -0.080077
0.002225 -0.025135 -0.003565
-0.00995 0.03227 -0.03026
0.0253 -0.01723 -0.01341
0.0253 -0.01348 -0.03407
-0.0289 0.017855 -0.017725
-0.01755 -0.00834 0.004305
-0.02055 0.005528 -0.045318
-0.035775 0.006125 -0.1253
-0.016875 0.03035 -0.015465
0.0165 0.033445 -0.03015
0.024585 0.03765 -0.059625
0.0063 0.008295 -0.05162
-0.007925 -0.02245 -0.039838
-0.01565 0.053325 -0.113815
0.024095 0.003125 -0.134295
0.026328 0.040225 -0.096758
-0.030215 0.04795 -0.123155
0.026875 -0.014882 -0.026322
0.029127 -0.012725 -0.0681
0.03261 0.02785 -0.095095
0.025925 -0.016978 -0.021775
-0.033962 0.042175 -0.131773
0.01795 0.0293 -0.013877
-0.0006 -0.029835 -0.024862
-0.007325 -0.028125 -0.029105
0.0169 -0.02556 -0.01848
-0.038845 0.01785 -0.1164
-0.031975 0.006362 -0.02301
-0.005238 -0.0087 -0.12099
-0.00626 0.053025 -0.105872
-0.00825 0.00265 -0.02048
-0.009825 -0.026882 -0.030632
-0.032738 -0.01275 -0.061775
-0.007575 0.03365 -0.013035
-0.02046 0.053425 -0.123642
0.02915 -0.009768 -0.013888
0.00301 -0.013125 -0.10584
0.02148 0.04855 -0.11823
0.00445 0.02159 0.005715
-0.003375 0.03398 -0.01138
-0.02025 0.027502 -0.026925
0.017225 -0.000532 -0.047505
-0.012 0.026003 -0.039697
0.015827 -0.02705 -0.053905
0.02858 0.024235 -0.04706
0.01195 -0.00153 -0.05071
-0.03911 0.0094 -0.03506
-0.011575 -0.021757 -0.00242
-0.00525 -0.021238 -0.042335
-0.037903 0.034075 -0.108723
-0.033565 -0.0147 -0.032728
0.024642 -0.018628 -0.024335
-0.017497 0.01987 -0.01736
-0.01699 -0.0279 -0.039345
-0.0176 -0.024935 -0.02192
-0.008425 0.02144 -0.045505
-0.03111 0.031975 -0.046975
0.017497 0.03057 -0.0764
-0.03584 -0.00555 -0.02973
-0.037645 -0.002075 -0.049035
0.02391 0.008958 -0.01934
-0.015575 -0.001175 -0.139052
-0.014415 0.04915 -0.089528
-0.011425 -0.0146 -0.10171
-0.01959 0.046 -0.08006
0.01594 0.01755 -0.07876
-0.010085 -0.000675 -0.139635
-0.02965 -0.01115 -0.022983
0.01787 -0.02605 -0.054235
-0.012083 -0.004825 -0.13193
0.02918 -0.0116 -0.067465
-0.030275 -0.008772 -0.019428
-0.03272 0.008573 -0.06514
0.027495 0.0075 -0.135045
-0.023895 0.049075 -0.104862
0.002158 0.050275 -0.08806
-0.013623 -0.00485 -0.131413
-0.03812 0.0265 -0.07974
-0.00512 0.0467 -0.067638
0.00895 0.027873 -0.001785
-0.02726 0.0399 -0.0698
-0.008425 -0.024913 -0.004795
-0.00485 -0.0018 -0.13887
-0.013938 -0.029525 -0.042447
0.00525 0.032692 -0.032573
0.032137 0.025375 -0.066995
-0.030625 0.009032 -0.028775
-0.038093 0.0145 -0.125835
0.009375 -0.005977 0.009205
-0.011945 -0.00155 -0.139035
0.0119 -0.027468 -0.016358
0.024575 -4.8e-05 -0.041475
-0.0095 0.033962 -0.020115
-0.028053 0.049775 -0.124578
0.02454 0.0445 -0.129275
-0.02554 -0.023975 -0.036095
-0.028997 -0.022425 -0.039418
0.034165 0.00965 -0.081905
0.0274 0.007825 -0.135778
-0.0159 0.031122 -0.023932
0.01025 -0.026035 -0.03264
0.0117 -0.02526 -0.00862
-0.00645 -0.027822 -0.010175
-0.00427 0.037147 -0.07521
-0.03065 -0.000425 -0.03041
0.006405 -0.018295 -0.08525
-0.00995 -0.021655 -0.040025
-0.001542 -0.03055 -0.043598
0.03432 0.0216 -0.09661
0.00415 0.028487 -0.000965
0.01566 0.04035 -0.04543
-0.03951 0.023825 -0.117255
0.03272 0.011247 -0.0799
0.0248 0.018 -0.03452
-0.01125 -0.027925 -0.018042
0.004075 0.034998 -0.016982
0.019915 -0.014865 -0.069385
0.031222 0.0304 -0.07449
-0.035795 -0.00745 -0.030675
0.003375 0.03398 -0.01138
0.0012 0.029373 -0.00164
-0.00615 0.001895 -0.05222
0.0192 0.00932 0.00471
0.016502 -0.0069 -0.117815
0.00875 0.03286 -0.01135
0.031525 -3.3e-05 -0.01464
0.030055 0.0386 -0.119755
-0.022625 0.013155 0.000223
-0.039305 0.01895 -0.097335
-0.0278 -0.002565 -0.03626
0.0 0.02554 -0.04418
0.031615 0.0327 -0.102987
-0.02333 -0.01496 -0.05416
-0.03131 0.02595 -0.023642
-0.010157 0.054775 -0.118593
-0.0126 -0.00277 0.00943
0.00615 0.015935 -0.049198
-0.005773 -0.005525 -0.130095
-0.02925 -0.008715 -0.028435
0.01242 0.041225 -0.0425
0.0094 0.0009 -0.13906
0.028375 -0.003183 -0.006218
0.0 0.02512 0.003458
-0.01825 0.05305 -0.115887
-0.020163 0.05355 -0.12673
-0.0048 -0.0032 -0.13596
0.008875 0.006723 0.01034
-0.02789 0.00175 -0.138052
-0.002225 0.02397 0.004062
0.026067 0.035025 -0.055502
0.007747 0.03925 -0.026597
0.002063 0.054825 -0.126205
-0.019915 -0.01219 -0.084145
-0.003 -0.029587 -0.015723
0.033092 0.02335 -0.122975
-0.0253 -0.01348 -0.03407
-0.03456 0.0445 -0.123815
-0.029405 0.016933 -0.017895
-0.0052 -0.029745 -0.022845
-0.010385 -0.008553 -0.083485
-0.025825 -0.013947 -0.031488
0.006775 0.031522 -0.006637
0.01451 0.039606 -0.059522
0.00854 -0.023365 -0.05568
0.0116 -0.02812 -0.02118
0.01725 0.02868 -0.010433
-0.012402 0.044925 -0.06261
0.014425 -0.001822 -0.049085
-0.007875 0.016057 0.008195
-0.024642 -0.013279 -0.053855
-0.013 0.02363 -0.041602
-0.03073 -0.0002 -0.12885
0.028535 0.036825 -0.131527
0.031795 0.03 -0.08903
0.03277 0.0292 -0.118023
0.023825 0.018392 -0.0047
-0.021625 -0.014053 -0.037935
0.030345 0.011975 -0.133433
-0.01875 0.029313 -0.01969
-0.019368 -0.007375 -0.120723
0.028595 0.0312 -0.0595
0.02495 0.04445 -0.12781
0.03023 -0.009665 -0.02271
-0.01955 -0.023398 -0.0189
0.0 0.0048 0.01225
-0.017825 -0.003688 0.00553
-0.026238 0.0014 -0.1384
0.030275 -0.001153 -0.00844
0.0311 -0.00474 -0.01557
-0.00615 -0.029345 -0.02506
-0.02447 0.00055 -0.02086
-0.009 0.03393 -0.01725
0.0063 0.033157 -0.01033
0.015845 0.051275 -0.12184
-0.002135 0.005507 -0.08094
-0.0217 0.026278 -0.014425
0.03296 0.02335 -0.07338
-0.0045 -0.02993 -0.02181
-0.0042 0.034845 -0.024992
-0.01245 0.004875 -0.050715
-0.0006 -0.028445 -0.030865
-0.01252 -0.024416 -0.040625
0.004495 0.051625 -0.095353
0.01495 0.016675 0.004775
-0.024533 0.048025 -0.10102
-0.028325 -0.013065 -0.02038
-0.025985 0.04185 -0.075605
0.012885 -0.02845 -0.05267
0.01606 0.05085 -0.11818
0.014768 0.049075 -0.100918
-0.020505 0.04645 -0.084892
-0.024465 -0.007625 -0.114743
-0.03272 0.011247 -0.0799
-0.012138 -0.002625 -0.137915
0.030775 0.012517 -0.02164
0.006188 0.053125 -0.128592
0.014095 -0.02745 -0.05086
-0.02768 -0.022125 -0.035405
-0.002925 0.033443 -0.009265
-0.030775 -0.006178 -0.025027
0.020375 0.00393 -0.04548
0.007712 -0.0303 -0.048305
-0.01984 0.05305 -0.12865
-0.017055 0.052675 -0.11126
0.00445 0.030358 -0.036952
0.019348 -0.008725 -0.107047
-0.030025 0.000137 -0.03351
0.0138 -0.020845 -0.038737
-0.004425 -0.0296 -0.024495
0.00938 -0.005775 -0.125803
0.0 0.029585 -0.07658
-0.027798 -0.012025 -0.090912
0.031225 -0.000957 -0.02746
0.02183 -0.00505 -0.113755
0.00925 0.033715 -0.01607
-0.020347 -0.0129 -0.099757
0.007475 -0.022065 -0.000722
0.0109 -0.02384 -0.03636
-0.025907 0.038075 -0.055782
-0.03015 0.013095 -0.024835
0.015147 -0.001125 -0.135072
-0.038995 0.0244 -0.083805
-0.027455 -0.02385 -0.036535
-0.027472 -0.0088 -0.104538
0.00525 0.01289 0.00968
0.006025 0.034118 -0.01295
-0.008875 0.034035 -0.01784
-0.038837 0.03355 -0.132838
0.002372 -0.00155 -0.137942
0.005805 -0.01465 -0.100502
-0.00875 0.03286 -0.01135
-0.03352 0.0455 -0.13005
-0.032895 0.029925 -0.047467
-0.016285 0.0341 -0.02152
-0.025153 -0.0255 -0.0371
0.03323 0.027225 -0.107802
0.003863 0.0548 -0.123845
-0.0344 -0.014875 -0.038817
-0.024698 -0.0251 -0.03666
0.02503 -0.010425 -0.090078
-3.5e-05 -0.0151 -0.100612
-0.031825 -0.005168 -0.021897
-0.0384 0.005175 -0.07333
-0.0109 -0.02384 -0.03636
0.019715 -0.012325 -0.095447
-0.00854 0.039365 -0.04432
-0.039035 0.027375 -0.095453
0.01053 0.0439 -0.073987
0.015275 -0.002452 0.007685
0.00233 0.052125 -0.098505
-0.01152 0.05275 -0.106235
0.01878 0.037575 -0.03801
-0.014225 -0.014125 -0.102872
0.003075 0.014603 -0.05053
-0.019047 0.048775 -0.095425
-0.018207 0.02948 -0.015623
-0.021435 0.01483 -0.018275
-0.03972 0.019975 -0.078008
0.0 -0.00111 -0.05302
-0.023052 0.0423 -0.068472
0.007145 -0.001407 -0.021215
0.010425 0.02805 -0.002768
-0.030445 -0.008 -0.099567
0.02515 0.0352 -0.051902
-0.019975 0.0469 -0.08644
-0.0317 -0.003092 -0.024645
0.014075 -0.005032 -0.048755
-0.025735 -0.024175 -0.036268
0.02215 -0.010645 -0.00038
-0.002225 -0.017432 -0.04607
-0.02226 -0.007565 -0.02233
0.01053 0.035881 -0.029708
-0.008412 -0.001075 -0.139283
0.023175 -0.003053 0.00204
0.02045 -0.008905 -0.043355
0.003975 0.03195 -0.034227
0.032012 0.027775 -0.07806
-0.029495 0.035325 -0.05655
0.022145 -0.00895 -0.101095
0.02045 0.0215 -0.03785
-0.01875 0.012452 0.00411
-0.02825 0.010057 -0.034433
-0.028675 0.013497 -0.009673
-0.006768 0.05495 -0.127867
-0.038902 0.02095 -0.069508
0.00565 0.03482 -0.022175
-0.034612 -0.0145 -0.040693
-0.026913 -0.009475 -0.103155
-0.005832 0.01909 -0.07848
0.0254 0.022755 -0.021768
-0.03216 0.004369 -0.0659
0.0 0.02389 0.004505
-0.035357 -0.00185 -0.092513
-9.2e-05 -0.01555 -0.099317
-0.007475 0.031825 -0.033542
-0.012125 0.005225 0.009915
0.01657 0.0019 -0.138498
-0.010422 -0.003525 -0.1356
-0.00485 0.035145 -0.018632
-0.00944 -0.031 -0.04237
0.004075 -0.028863 -0.028553
0.02965 -0.01115 -0.022983
-0.02189 0.04645 -0.087948
-0.029825 -0.009075 -0.097027
-0.0087 -0.013412 0.00623
-0.0024 0.03338 -0.00892
-0.0236 0.010105 0.00038
-0.007945 -0.0087 -0.1209
-0.023938 0.051175 -0.129678
0.0093 -0.007527 0.008798
-0.02045 -0.020335 -0.010265
0.007875 -0.02965 -0.047273
-0.02165 0.0431 -0.06803
-0.038012 0.02895 -0.089035
-0.002325 -0.028553 -0.030273
-0.021798 -0.006075 -0.123388
-0.02934 -0.0075 -0.105275
0.009787 0.052425 -0.108088
0.01852 0.0452 -0.08555
-0.004403 0.054675 -0.128242
0.0018 0.03113 -0.004472
-0.036797 0.017075 -0.02775
-0.004125 -0.029693 -0.0178
-0.039195 0.0108 -0.040473
0.017497 0.01987 -0.01736
-0.029587 0.033275 -0.046668
0.0036 0.030455 -0.003402
0.011425 -0.026788 -0.011688
0.03379 0.01395 -0.10059
0.029825 0.0048 -0.119015
-0.022925 -0.006157 0.00122
0.028625 0.005378 -0.035512
-0.03015 0.027275 -0.023578
0.00854 0.036693 -0.02956
0.02556 0.0364 -0.063262
0.02855 0.017437 -0.023415
0.006825 -0.02865 -0.014028
0.0193 0.00125 -0.13625
-0.009425 -0.027908 -0.013922
0.014778 -0.01115 -0.105803
0.0309 -0.000592 -0.01154
-0.017233 0.05365 -0.12858
-0.01195 -0.01186 0.00636
0.020625 0.007125 -0.045155
0.023395 0.039675 -0.065365
0.018207 0.04018 -0.074662
0.001873 -0.02945 -0.05455
-0.0149 0.02784 -0.005805
-0.0129 0.03191 -0.02829
0.025107 0.044525 -0.127055
0.007475 0.025387 0.00198
-0.0099 -0.024735 -0.005778
0.02813 -0.0135 -0.073
0.0089 -0.01644 -0.04579
-0.0036 -0.02589 -0.036118
0.029225 0.0133 -0.13605
0.002822 -0.01575 -0.09792
-0.034035 -0.002175 -0.101572
-0.025325 0.022825 -0.022163
-0.0012 -0.028468 -0.03074
-0.001208 -0.00255 -0.136588
-0.03103 0.0442 -0.106128
0.002275 -0.00045 -0.138965
-0.007575 0.03429 -0.016575
-0.025678 0.043275 -0.081672
0.032735 -0.00505 -0.070045
-0.001752 -0.030775 -0.043848
0.022997 -0.01805 -0.07012
0.00289 -0.01445 -0.1019
-0.0184 0.029625 -0.02141
0.01345 0.019405 0.003745
-0.00409 0.053625 -0.108615
0.00112 0.051375 -0.094572
-0.00815 0.034327 -0.022135
0.01084 0.0482 -0.08461
-0.0058 -0.014955 0.006055
0.006192 -0.024075 -0.071735
0.005873 -0.013325 -0.104485
-0.009575 0.031163 -0.00731
-0.003995 -0.028475 -0.057747
0.031785 0.003325 -0.10364
-0.0012 -0.025055 -0.038052
0.00316 0.053 -0.129225
-0.014525 0.022432 0.001065
-0.0214 0.024485 -0.031312
0.00285 -0.02994 -0.022598
0.00485 0.035145 -0.018632
-0.02333 0.03096 -0.04584
-0.006225 -0.00454 0.010252
0.03359 0.011075 -0.068402
-0.027642 0.02875 -0.022638
-0.002893 -0.014475 -0.10331
-0.014198 -0.00705 -0.125013
-0.029748 0.0019 -0.136455
-0.022875 -0.018783 -0.011837
-0.006405 0.034295 -0.01475
0.028125 0.006292 -0.004655
0.008715 -0.01795 -0.089645
-0.01836 -0.0007 -0.138985
0.012375 0.03444 -0.075703
-0.03245 -0.002068 -0.021335
-0.029 -0.004565 -0.03393
-0.00945 0.0521 -0.1028
-0.03517 0.0312 -0.066758
-0.02876 -0.02035 -0.05292
-0.02043 -0.021525 -0.068387
-0.019375 0.020328 -0.00135
-0.021825 0.009637 0.002965
0.0074 -0.027185 -0.03163
-0.02641 0.045575 -0.093555
-0.013575 0.029857 -0.008515
-0.0305 -0.00529 -0.012545
0.00915 0.034057 -0.020632
-0.037315 0.001 -0.088718
-0.036697 0.037225 -0.107937
-0.01195 0.00683 0.00975
-0.00263 0.054275 -0.128645
0.02877 0.00995 -0.134595
-0.0035 -0.023155 -0.040145
0.026825 0.03745 -0.08145
-0.018285 0.0488 -0.09477
0.03015 -0.0056 -0.028225
0.02421 0.042125 -0.092208
0.030625 0.00572 -0.010475
-0.037843 0.028025 -0.134153
-0.027542 0.039675 -0.069963
-0.0185 -0.01518 -0.000717
0.03425 0.011375 -0.0697
-0.032822 -0.010575 -0.07079
-0.00825 0.01671 -0.017935
0.0093 0.000315 0.01037
-0.020603 -0.01505 -0.09181
-0.016 0.013685 0.0053
-0.00745 0.034395 -0.017165
-0.030495 -0.0045 -0.11333
-0.016025 0.02078 -0.041865
-0.032812 0.04495 -0.117292
-0.004593 -0.0311 -0.044942
0.012065 -0.028825 -0.050343
-0.03435 -0.00035 -0.108305
0.019425 0.025913 -0.032195
-0.03303 0.027625 -0.037167
-0.025338 -0.000625 -0.136145
0.01672 0.0497 -0.107993
0.03216 0.001696 -0.05114
-0.003975 -0.025073 -0.00391
-0.03772 0.005325 -0.08768
0.00027 0.03745 -0.02313
0.001725 0.034268 -0.012115
0.03377 -0.0016 -0.07102
0.017893 -0.022975 -0.066092
0.0119 -0.020617 -0.039992
0.024295 -0.002775 -0.116663
-0.0006 0.035558 -0.020898
0.00535 0.029525 -0.00248
0.024325 0.02435 -0.016553
-0.01201 0.0547 -0.11853
0.026437 0.0419 -0.12994
0.03346 0.006825 -0.068837
0.01665 0.04925 -0.10463
-0.026105 0.0018 -0.138665
0.019925 -0.013597 -0.04047
0.00873 -0.014 -0.10179
0.0317 0.009497 -0.022365
0.007745 -0.03015 -0.048043
-0.01434 -0.0161 -0.09656
-0.03691 0.0134 -0.02608
-0.013675 -0.026835 -0.024045
-0.019025 -0.013873 5.3e-05
0.002625 -0.02224 0.000238
-0.02448 0.030725 -0.021815
-0.0056 -0.02966 -0.020643
-0.003345 0.0539 -0.11053
-0.026657 -0.0081 -0.108943
-0.02245 -0.014493 -0.00453
0.019025 0.019175 -0.041013
-0.035537 0.0001 -0.10101
0.019075 0.024752 -0.00601
0.0035 0.026475 0.00172
-0.02775 0.01889 -0.023435
-0.0029 -0.009038 -0.05062
0.019025 -0.005617 -0.045505
-0.01425 -0.02473 -0.031435
0.034355 0.021 -0.09399
0.03295 0.027675 -0.125697
0.0006 -0.028012 -0.032415
0.013275 0.013357 0.007097
0.029405 0.027623 -0.076935
-0.006175 0.032242 -0.007955
0.01795 -0.014625 -0.0418
-0.018587 0.050875 -0.10379
0.004565 0.044625 -0.05419
-0.017175 0.024382 -0.03776
0.030875 -0.008222 -0.022452
-0.006698 -0.002875 -0.136812
-0.008075 0.034323 -0.01944
-0.010175 -0.02848 -0.021855
0.03065 0.01154 -0.024942
-0.027225 0.019358 -0.026018
-0.038653 0.01515 -0.045323
0.01086 -0.018425 -0.086565
-0.0212 -0.017052 -0.035405
0.025183 -0.017725 -0.062725
-0.014393 -0.0194 -0.08543
-0.015165 0.04335 -0.05822
0.0067 0.034695 -0.021485
-0.01965 -0.02127 -0.03063
0.00906 0.0402 -0.02922
-0.0155 -0.01678 0.000135
0.02535 -0.01781 -0.024185
0.02737 -0.0058 -0.10079
-0.03982 0.021525 -0.084583
-0.030025 -0.004278 -0.00916
0.0299 -0.00145 -0.03372
-0.02123 0.052975 -0.128365
-0.029945 0.04845 -0.127385
-0.0012 -0.02729 -0.033732
0.0024 -0.02411 -0.039072
0.031915 0.0289 -0.083525
0.003075 -0.009293 0.00957
0.02645 0.01254 -0.004385
-0.016825 0.05015 -0.09848
-0.032592 -0.008825 -0.082917
-0.02383 -0.0014 -0.13621
-0.020175 0.013327 -0.043518
0.03419 0.0156 -0.068828
0.01325 -0.01829 0.00047
0.009235 0.0527 -0.12883
0.011575 0.029328 -0.00561
0.0123 -0.00897 0.0078
-0.01795 0.02631 -0.034385
0.01598 -0.0273 -0.05319
-0.03837 0.00995 -0.08336
0.020257 0.0488 -0.128882
0.02042 0.0491 -0.12857
-0.030645 0.0285 -0.029495
0.013575 -0.027023 -0.01882
-0.031055 -0.007707 -0.022355
0.029583 0.03155 -0.132942
-0.022342 -0.00175 -0.13624
0.011395 -0.000275 -0.138317
0.03023 -0.006992 -0.03747
0.029 -0.004565 -0.03393
-0.020225 0.023658 -0.005725
-0.029825 -0.010265 -0.019875
-0.0214 -0.017107 -0.00607
-0.006275 -0.029022 -0.02683
-0.03117 0.04335 -0.102295
-0.01605 0.026745 -0.00552
-0.0234 0.02139 -0.00723
0.01245 0.000425 0.009755
-0.039945 0.0237 -0.09347
-0.012205 -0.00285 -0.13743
-0.0192 0.025977 -0.03254
0.0058 -0.017495 0.00407
-0.0046 0.055 -0.11878
-0.0165 0.03077 -0.01539
-0.019838 0.0333 -0.021815
0.026 0.021178 -0.028075
0.026885 0.0369 -0.078698
0.00486 0.037625 -0.023845
0.02245 0.02269 -0.0074
0.019925 -0.017502 -0.00388
-0.006685 -0.003225 -0.136085
0.01292 -0.014425 -0.097287
0.030985 0.031575 -0.131653
-0.02226 0.012873 -0.01863
-0.030875 -0.008222 -0.022452
0.026025 -0.008243 -0.00495
-0.018273 0.04825 -0.090618
-0.010308 0.055225 -0.126327
-0.00854 -0.023365 -0.05568
-0.030717 0.046525 -0.130805
-0.0228 -0.00771 0.00081
0.01508 -0.0277 -0.052285
0.033507 0.010425 -0.103893
-0.020975 -0.021097 -0.013073
-0.022412 0.048125 -0.096797
-0.0326 -0.000495 -0.02105
0.032065 0.027175 -0.07531
-0.00916 0.04505 -0.057705
-0.02447 -0.0249 -0.03644
0.030345 -2.5e-05 -0.101358
0.03403 0.011275 -0.069268
0.00995 0.026955 -0.000935
-0.014575 0.031762 -0.023257
0.0116 -0.013867 -0.04596
-0.00525 -0.027383 -0.008395
0.024967 -0.0097 -0.09274
0.033755 0.01455 -0.103215
-0.0251 0.04385 -0.082992
-0.026 0.021178 -0.028075
0.016875 0.018002 -0.04323
-0.02315 0.01844 -0.036955
-0.036922 0.035175 -0.100383
0.00525 0.025307 0.002422
0.026 -0.015875 -0.012885
-0.030875 -0.0012 -0.12487
0.0 -0.02443 -0.00171
-0.0296 -0.005112 -0.030905
0.0018 0.033358 -0.008798
-0.005975 -0.00293 -0.051675
-0.033583 0.005775 -0.13316
0.0 -0.021795 -0.07064
-0.025975 -0.002275 -0.130857
0.00945 0.00973 -0.050572
-0.0274 -0.00913 -0.034122
0.015075 0.000743 0.00801
-0.027758 0.00215 -0.138317
0.008875 -0.02841 -0.015357
0.013865 0.047525 -0.089722
-0.00795 -0.01887 -0.04389
0.0224 0.026375 -0.020705
-0.018205 0.053425 -0.118198
-0.031932 -0.00695 -0.093537
0.031603 0.025475 -0.132948
-0.0089 0.02175 0.00483
0.028675 0.010275 -0.135328
-0.01795 -0.024622 -0.02364
-0.035285 0.02895 -0.057887
-0.023415 0.038 -0.045593
-0.02071 0.04735 -0.090583
0.02699 0.008275 -0.13673
-0.034153 0.0283 -0.047885
0.010775 -0.023883 -0.004735
-0.00265 0.054825 -0.127775
-0.012575 0.032288 -0.026162
-0.035807 0.001025 -0.103893
0.012925 -0.02748 -0.020505
0.012935 0.0016 -0.138885
0.0238 0.008495 0.000575
0.012375 0.02374 -0.016663
0.026878 -0.00145 -0.116228
-0.01885 0.027982 -0.012338
0.002135 -0.010728 -0.08388
0.02215 0.025183 -0.02816
-0.010273 -0.00195 -0.138683
-0.03637 0.0307 -0.07161
0.031025 0.02885 -0.13285
-0.019388 -0.01065 -0.10915
-0.02645 -0.007237 -0.036575
-0.0171 0.0523 -0.10895
-0.01635 0.0546 -0.12553
0.0326 -0.000495 -0.02105
0.022625 0.01975 -0.036185
-0.0117 0.02463 0.00042
0.021775 -0.001875 -0.123885
-0.036225 0.03245 -0.078105
-0.02045 0.01421 0.002395
-0.003 -0.026612 -0.0348
-0.018647 0.04395 -0.067773
0.01125 0.030427 -0.00747
0.0058 -0.002925 -0.0517
-0.023773 -0.020025 -0.06791
-0.030122 0.0482 -0.12497
-0.015043 0.054575 -0.12788
-0.0238 0.024818 -0.019135
0.01647 0.0023 -0.13871
-0.027462 0.040925 -0.07618
0.032017 0.025 -0.13147
0.01252 -0.021743 -0.055385
0.00024 0.054325 -0.127847
0.0006 0.034617 -0.013195
-0.024085 -0.016375 -0.08091
0.00815 0.012992 0.009115
-0.008875 -0.003032 -0.05111
-0.0012 0.034282 -0.02875
0.0035 0.024015 0.003815
-0.026845 0.00015 -0.13608
0.03381 0.011175 -0.068835
0.0176 0.030235 -0.01904
-0.016275 -0.02452 -0.028397
0.031842 0.03125 -0.128655
-0.03495 0.0437 -0.12006
-0.001238 0.0377 -0.022838
-0.0018 0.033793 -0.010345
-0.037345 0.0385 -0.125195
-0.021985 -0.0044 -0.129045
0.01023 -0.0293 -0.04825
-0.030275 0.014073 -0.021533
-0.03075 -0.007245 -0.01915
-0.024825 -0.01828 -0.021603
-0.031342 0.027425 -0.027672
-0.018378 0.051875 -0.108865
-0.025032 0.043625 -0.081497
-0.017138 0.049075 -0.093413
-0.030462 0.03035 -0.036518
-0.02945 -0.003007 -0.033825
0.02285 0.025183 -0.01414
-0.01053 0.038554 -0.044468
0.0275 -0.0073 -0.09538
0.01432 0.046975 -0.086685
-0.002547 0.0553 -0.12386
0.012785 -0.011625 -0.105758
0.027268 -0.012589 -0.038485
0.0165 0.038795 -0.05967
0.033473 0.0245 -0.09452
-0.0116 -0.01475 0.00492
0.0126 -0.02726 -0.0259
0.0 0.04582 -0.07364
0.01805 -0.021968 -0.032535
0.0179 -0.021005 -0.006575
-0.022783 0.046375 -0.089828
-0.00129 0.052575 -0.101615
0.007875 -0.010747 -0.049155
0.01697 -0.012575 -0.099918
0.02333 -0.00961 -0.08368
-0.0182 -0.020613 -0.034272
0.028162 0.040575 -0.11572
0.031885 0.0023 -0.099613
-0.018207 0.037505 -0.059902
0.004025 0.035155 -0.021352
-0.012977 0.00355 -0.081295
-0.00427 -0.029265 -0.02626
-0.021038 0.050525 -0.106157
-0.008215 0.0543 -0.11448
-0.030275 0.001997 -0.00787
0.026535 0.039175 -0.091233
-0.015825 -0.025985 -0.020335
-0.0229 0.025612 -0.02351
-0.0199 0.022025 -0.00371
0.0139 0.031647 -0.026837
0.025837 0.0417 -0.1306
-0.011505 -0.01545 -0.099153
-0.030077 0.001225 -0.134175
-0.029665 0.03215 -0.041485
-0.0036 0.03506 -0.023505
-0.0182 -0.0081 -0.1191
-0.01795 0.029923 -0.01732
-0.031147 0.026475 -0.023773
-0.029825 -0.009233 -0.025582
0.01354 -0.0256 -0.06136
-0.01484 0.05365 -0.129113
-0.026988 0.044625 -0.09076
0.01775 -0.017685 -0.038925
0.02235 0.023325 -0.03193
-0.027195 0.04105 -0.076105
0.012575 0.02841 -0.00476
0.03015 -0.002715 -0.0088
-0.02124 0.04805 -0.094345
-0.027487 -0.001425 -0.13078
0.02635 0.012075 -0.036605
0.003005 -0.0136 -0.1045
0.01252 0.040416 -0.059375
0.007768 0.05355 -0.11699
-0.027705 0.050025 -0.128192
-0.023268 -0.0108 -0.10341
0.022837 -0.02055 -0.060502
-0.0208 0.025482 -0.010045
0.0093 -0.01504 -0.046503
-0.028033 -0.008125 -0.10592
-0.015925 0.04965 -0.094735
0.0109 -0.02773 -0.014905
0.0199 -0.021373 -0.011573
-0.03057 0.0335 -0.05205
-0.02495 0.03785 -0.051018
-0.024777 0.044025 -0.082905
-0.023965 -0.015575 -0.08437
-0.010025 0.054175 -0.114355
0.006975 0.034595 -0.018273
-0.037125 -0.0022 -0.03382
-0.00445 -0.023222 -0.001362
0.034268 0.0225 -0.100547
-0.0012 -0.030088 -0.021785
0.0047 0.027513 0.000205
-0.028237 0.049275 -0.120947
-0.010675 -0.027405 -0.027755
-0.004575 -0.02978 -0.019978
0.010675 -0.02805 -0.024215
-0.036427 -0.00205 -0.029243
0.023175 9.8e-05 0.002612
0.033853 0.006725 -0.087893
-0.032362 0.0239 -0.023823
-0.0323 -0.00364 -0.02162
-0.0123 0.00168 -0.05104
0.0012 -0.029655 -0.015355
0.02257 0.0353 -0.04061
0.009 0.033075 -0.01253
0.025285 -0.017725 -0.063248
0.0155 0.01362 0.005645
-0.008042 0.051525 -0.097775
-0.039895 0.0323 -0.12662
-0.01294 0.05075 -0.099385
0.020377 -0.022925 -0.05647
-0.00785 -0.024515 -0.036835
0.00945 0.0378 -0.02456
-0.02635 0.019725 -0.012055
0.011042 -0.004375 -0.12852
-0.004132 0.055125 -0.120428
-0.003075 0.002002 -0.05281
-0.027527 0.002425 -0.13856
-0.00453 -0.0037 -0.134955
0.014897 -0.0276 -0.053255
0.005897 -0.0024 -0.135615
-0.009522 0.049525 -0.085267
-0.01715 0.0489 -0.09223
-0.030025 -0.006818 -0.012823
0.0 0.00802 0.01187
-0.039982 0.0244 -0.09627
0.00645 0.03313 -0.030793
0.0 0.033845 -0.03053
0.01105 -0.027727 -0.025985
-0.012122 0.046925 -0.073548
0.027625 -0.01442 -0.020905
-0.033 0.008 -0.05
-0.010103 0.05135 -0.09866
-0.007825 0.033865 -0.014215
0.02333 0.033635 -0.0606
0.033145 0.01395 -0.11765
0.0205 -0.00022 0.004358
-0.013512 0.048525 -0.084902
0.0018 -0.025822 -0.036487
-0.028948 0.035775 -0.056337
0.02525 -0.011202 -0.005993
0.028912 -0.0034 -0.099063
-0.0248 -0.01799 -0.016215
0.014745 0.001575 -0.13865
-0.029125 0.015107 -0.027243
-0.03065 0.03125 -0.04175
0.019532 -0.010525 -0.101248
0.022875 -0.014387 -0.03609
0.0063 -0.004537 0.010227
0.0165 -0.017445 -0.06985
-0.008825 0.034145 -0.021125
-0.024823 0.044625 -0.085915
0.0036 -0.024155 -0.038825
-0.0029 -0.015058 0.006622
0.021713 -0.0041 -0.117098
0.012593 0.052625 -0.12694
0.01622 0.01545 -0.07914
-0.021435 0.025523 -0.077315
0.004075 0.03417 -0.01241
0.0084 0.034235 -0.018948
-0.038648 0.0279 -0.13291
-0.004258 0.055375 -0.123657
0.007905 0.05225 -0.104375
-0.0097 0.02729 -0.039795
0.016025 -0.021233 -0.00532
-0.036405 -0.003 -0.029715
-0.016535 -0.0275 -0.038905
-0.02645 0.01254 -0.004385
0.000765 0.05165 -0.09617
-0.03541 0.024175 -0.037772
-0.023085 -0.005608 -0.021975
0.031325 -0.008025 -0.07054
0.01995 0.026675 -0.029388
-0.021825 -0.012113 -0.000975
-0.030175 -0.008925 -0.096685
-0.021165 -0.00635 -0.123205
0.014728 -0.010675 -0.107285
0.0024 -0.02312 -0.04034
0.024405 0.03495 -0.04781
0.00081 -0.0307 -0.04434
-0.009957 0.00058 -0.081832
0.008623 0.054275 -0.125465
-0.02335 -0.019908 -0.019637
0.02178 0.00185 -0.13456
0.030843 0.03575 -0.12029
0.0 -0.02204 -0.042103
0.02425 0.01401 -0.038593
0.028545 0.0378 -0.098548
0.004928 0.03855 -0.023683
-0.036152 0.033325 -0.081353
0.002135 0.034845 -0.01465
0.0217 0.04635 -0.100823
-0.037313 0.02215 -0.049315
-0.030538 0.026275 -0.023333
-0.0248 0.0121 -0.00195
-0.010858 0.05055 -0.093482
-0.021925 -0.01994 -0.012455
-0.035237 0.0424 -0.1295
-0.00626 0.017522 -0.017788
0.030127 0.00195 -0.108727
-0.00854 0.042038 -0.05908
0.02794 -0.01185 -0.078865
0.025955 -0.008924 -0.06831
0.013968 -0.02815 -0.052605
-0.02311 0.051875 -0.11835
-0.012168 -0.004475 -0.13299
0.00427 0.037244 -0.02946
-0.01235 -0.027045 -0.02708
-0.002893 0.053075 -0.105035
0.0052 -0.028515 -0.029635
0.003075 0.00681 -0.052398
-0.03731 0.025575 -0.063517
0.033715 0.00825 -0.094588
0.02945 -0.003007 -0.033825
0.01495 -0.019335 -0.00175
0.0177 0.00106 0.006265
-0.02522 0.041675 -0.07226
-0.0063 0.00021 0.010935
0.021692 0.0458 -0.13019
-0.030405 0.028775 -0.029443
-0.02948 0.03625 -0.06125
-0.03048 -0.0211 -0.04253
-0.028128 -0.0166 -0.071647
-0.02538 -0.0257 -0.03732
0.032405 0.01205 -0.125365
-0.012575 -0.026988 -0.014797
0.0304 0.0049 -0.03288
-0.002577 -0.009825 -0.117613
0.0012 -0.025055 -0.038052
-0.002135 0.042868 -0.05893
-0.0059 -0.0287 -0.0286
-0.002135 -0.021425 -0.02484
0.010825 -0.026113 -0.009662
-0.03065 0.005732 -0.01055
-0.035563 0.0423 -0.12826
0.030815 0.015625 -0.13538
0.03188 0.016405 -0.04848
0.00392 0.0471 -0.068913
-0.015963 -0.00225 -0.137922
-0.026875 0.020193 -0.014638
0.022075 0.044525 -0.090318
-0.00225 -0.029825 -0.024075
0.0176 -0.01975 -0.07703
-0.022177 0.04655 -0.089603
0.026575 0.02066 -0.02522
0.014845 0.001175 -0.138438
-0.023903 -0.017675 -0.076715
-0.008778 0.037775 -0.02354
0.017175 0.024382 -0.03776
-0.025075 -0.001022 -0.000183
-0.026168 0.05085 -0.120555
0.023825 -0.017625 -0.01122
0.015115 0.008813 -0.019365
0.00525 -0.027383 -0.008395
0.0289 0.017855 -0.017725
0.0191 0.028205 -0.013593
-0.023818 0.042475 -0.071817
-0.01658 -0.0002 -0.13958
-0.023332 -0.004 -0.129102
-0.0123 0.01428 -0.04876
-0.00805 -0.027365 -0.030645
-0.032827 0.031075 -0.052617
-0.023375 0.034375 -0.02814
-0.02014 -0.0012 -0.13839
0.03327 0.0068 -0.0684
0.004725 0.031282 -0.005313
0.0215 0.01888 -0.03939
-0.03902 0.014575 -0.07904
0.01209 0.052025 -0.128672
-0.0249 0.0314 -0.022437
0.025925 0.01887 -0.031315
0.02866 0.0399 -0.12998
-0.019418 0.032625 -0.021192
-0.0108 -0.016668 -0.044535
-0.00615 -0.001325 -0.05184
0.00315 0.053275 -0.12879
0.018425 0.021628 -0.00152
0.0278 -0.007775 -0.007532
-0.01288 0.052475 -0.10599
-0.031452 0.027875 -0.029617
-0.01613 0.05 -0.09816
0.002135 0.010492 -0.01906
0.0012 0.032593 -0.007232
0.03272 0.005899 -0.05038
-0.0018 0.03532 -0.022263
-0.0048 0.03463 -0.02648
-0.0285 0.00378 -0.035675
0.03015 0.010905 -0.012735
0.02305 0.001695 0.002775
-0.032542 0.0246 -0.024177
0.03176 0.0288 -0.13221
-0.00485 -0.028423 -0.030152
0.027305 0.00815 -0.13651
-0.031055 -0.002363 -0.051875
-0.0024 -0.03018 -0.02043
-0.025325 -0.01752 -0.018798
0.00225 -0.029825 -0.024075
-0.0176 0.02899 -0.012155
0.017675 -0.006787 0.004715
-0.01451 0.031582 -0.015243
-0.016863 -0.006525 -0.125588
-0.013 -0.01832 0.000643
0.0215 0.02399 -0.00757
-0.0012 -0.028495 -0.010675
-0.02525 -0.005238 -0.038905
-0.015725 0.026572 -0.035835
-0.010922 0.05 -0.090057
0.00427 0.018335 -0.01764
-0.029405 0.019605 -0.032655
0.02622 0.00505 -0.135495
-0.017875 0.005843 -0.047063
-0.0129 -0.02201 -0.03806
0.00427 -0.023917 -0.05578
0.00445 -0.02427 -0.002595
-0.00315 0.008407 -0.052235
0.029073 -0.005175 -0.092358
-0.021592 0.04545 -0.08204
-0.011925 0.033042 -0.021908
-0.0119 0.03247 -0.027173
-0.030775 0.001163 -0.0302
-0.004125 0.02038 -0.078248
0.020175 -0.008025 0.002557
0.005088 0.054325 -0.1269
0.025075 0.006332 -0.040777
-0.0084 -0.027457 -0.030127
-0.0121 -0.02769 -0.02354
-0.006653 -0.003475 -0.13535
0.032885 0.018425 -0.066645
0.0185 -0.024238 -0.020017
-0.01741 -0.02835 -0.039845
0.019465 0.000575 -0.134825
0.00236 -0.0012 -0.13867
-0.007602 -0.030825 -0.045545
-0.003117 0.055325 -0.123792
0.00351 -0.0257 -0.06743
7e-05 0.044525 -0.053813
-0.012725 -0.011105 -0.047187
0.00918 0.0421 -0.03957
0.0127 -0.016895 -0.04328
0.0 0.011168 0.011195
0.015145 -0.017125 -0.08718
0.00315 0.009955 -0.051803
-0.01207 -0.0024 -0.1384
0.01105 0.013095 0.00855
-0.01445 0.0512 -0.10067
0.011325 0.021337 -0.044937
-0.037805 0.0016 -0.082153
-0.0169 0.01658 -0.044075
0.005825 0.03451 -0.025815
0.006405 -0.010178 -0.08378
-0.0089 0.03415 -0.02382
0.023803 0.045725 -0.114945
-0.011293 -0.01305 -0.106798
0.0184 -0.02228 -0.030813
-0.004872 -0.0009 -0.139365
-0.026438 0.0449 -0.090655
0.020425 -0.00492 0.003377
-0.028125 -0.006308 -0.006938
-0.0172 -0.028125 -0.039595
0.019915 0.030865 -0.030615
-0.02045 -0.016195 -0.00311
0.015457 -0.0204 -0.076723
-0.02305 0.016542 -0.002492
-0.014025 0.03183 -0.015195
-0.010425 0.031465 -0.031572
0.004075 -0.029693 -0.023977
-0.02215 0.0449 -0.080735
-0.028315 0.0398 -0.07343
0.00069 0.05505 -0.12221
-0.016325 -0.0266 -0.055312
-0.022925 0.002017 -0.043897
0.02803 0.005825 -0.130138
-0.027225 0.014597 -0.033128
-0.006405 0.036968 -0.02951
-0.00465 0.034935 -0.022815
0.0 -0.02105 -0.04337
0.025955 0.032945 -0.07597
0.02884 -0.002725 -0.10175
0.00979 -0.0296 -0.05215
0.0215 -0.00591 -0.04388
-0.029405 -0.000932 -0.082105
-0.02668 0.047 -0.101325
-0.01425 -0.02684 -0.01983
0.013865 0.051725 -0.11499
-0.031495 0.029475 -0.036713
0.01451 -0.020931 -0.055238
-0.011775 0.018615 -0.0466
-0.028375 -0.003193 -0.006168
-0.015825 0.031287 -0.020625
-0.016275 0.029825 -0.012563
-0.03216 -0.000977 -0.03638
0.0248 0.0121 -0.00195
-0.0192 -0.02371 -0.01718
-0.029235 -0.0064 -0.109692
0.007875 -0.02555 -0.035323
0.022925 -0.006157 0.00122
0.01655 0.01947 -0.042635
-0.0087 0.018722 -0.04719
-0.0109 0.029145 -0.0046
0.004875 -0.03025 -0.05093
0.015325 0.027633 -0.034677
-0.018692 0.050375 -0.101253
0.017875 0.008993 -0.046493
0.018207 -0.01348 -0.084377
-0.026615 -0.01115 -0.097455
0.02988 0.0297 -0.062307
-0.0012 -0.02995 -0.023385
-0.01221 -0.0043 -0.13352
-0.038455 0.02205 -0.13213
0.027975 -0.01265 -0.01469
-0.01701 0.05305 -0.11357
-0.013523 -0.0025 -0.137883
0.025325 -0.0137 -0.078708
-0.011665 -0.00883 -0.02256
0.029975 0.019225 -0.135403
0.023925 -0.010178 -0.002963
-0.00555 0.033915 -0.011845
-0.036285 0.02035 -0.02903
-0.000668 0.0534 -0.10721
-0.02685 0.005855 -0.038145
-0.006405 -0.026314 -0.04097
-0.0042 0.03122 -0.004967
0.003075 -0.013612 0.007342
-0.00525 0.024087 -0.044138
-0.02322 -0.01045 -0.104753
-0.017173 0.050225 -0.09864
0.02915 0.015077 -0.027073
-0.008492 -0.013525 -0.105635
-0.038002 0.003275 -0.032597
-0.00465 -0.02963 -0.018145
0.030887 0.03435 -0.094912
-0.0056 -0.027665 -0.031668
-0.010925 -0.028303 -0.02017
-0.008825 -0.028845 -0.019835
-0.01648 0.048875 -0.090823
0.020935 0.00375 -0.137855
-0.03921 0.013825 -0.071255
0.027982 0.033125 -0.062932
-0.0311 0.007855 -0.01329
0.0192 -0.023612 -0.023457
-0.02447 0.011247 -0.0799
0.014905 -0.009375 -0.11118
-0.03243 0.00765 -0.13785
-0.012775 -0.025132 -0.00933
-0.007875 -0.02897 -0.016475
-0.03037 -0.0184 -0.033968
-0.021573 0.047375 -0.092493
-0.01505 -0.02118 -0.036892
-0.0139 -0.022273 -0.036607
-0.015937 0.049475 -0.093553
-0.026685 -0.0245 -0.038507
-0.020875 0.023722 -0.03412
0.0067 -0.02939 -0.019475
-0.039477 0.0224 -0.111485
-0.01692 0.0538 -0.11819
-0.002685 0.05335 -0.1069
-0.03075 0.007473 -0.029135
-0.016765 -0.00105 -0.13903
0.0 0.0005 -0.05321
-0.0274 -0.013165 -0.011835
0.008395 -0.009365 -0.083632
-0.031825 0.007938 -0.022725
0.024275 -0.014003 -0.00721
-0.010653 -0.0087 -0.12081
0.012525 0.009623 -0.049983
-0.03283 -0.00955 -0.075212
-0.010875 0.028108 -0.003088
0.009867 -0.029675 -0.051437
-0.02986 0.0017 -0.13595
-0.012225 -0.01811 -0.04233
-0.023175 -0.003053 0.00204
-0.01295 0.0528 -0.107837
-0.0194 -0.0119 -0.04283
-0.009225 0.014387 -0.04935
-0.019675 0.00776 0.004635
-0.002625 -0.017605 0.004687
-0.035818 -0.0065 -0.030203
-0.034485 0.042325 -0.13123
0.031825 -0.005168 -0.021897
0.0 -0.00272 -0.05283
0.008927 -0.0108 -0.111045
0.004647 0.053525 -0.113285
-0.021925 0.025247 -0.028505
0.0334 0.0178 -0.11684
0.01755 0.013645 -0.045265
-0.02997 -0.0068 -0.10577
0.01265 0.022205 0.00232
0.0058 0.021532 -0.046022
-0.029625 0.029 -0.02727
-0.01053 0.033207 -0.014948
-0.009607 0.05105 -0.09544
0.02025 0.002332 -0.045642
-0.00427 -0.002335 -0.08236
-0.03508 0.0125 -0.13749
0.031055 -0.005035 -0.037115
-0.024575 -0.007242 -0.001772
-0.017497 -0.01457 -0.0236
-0.03135 0.004575 -0.13696
0.0064 -0.02913 -0.02624
0.0108 0.029183 -0.036225
0.028325 -0.012032 -0.026088
0.034177 0.01625 -0.091998
-0.014375 -0.0183 -0.08914
0.0 0.003712 -0.053263
-0.036485 0.02845 -0.06274
0.00911 -0.0238 -0.07189
-0.036073 -0.00605 -0.060925
-0.01539 -0.000325 -0.139602
0.030775 -0.00721 -0.01932
0.0012 0.035535 -0.020775
-0.010898 -0.0109 -0.113828
0.014945 0.000775 -0.138225
-0.018207 -0.02418 -0.025337
-0.009425 0.03084 -0.03387
-0.00829 0.051675 -0.099385
-0.03729 0.0106 -0.026465
0.018207 0.032155 -0.030382
-0.029323 0.0405 -0.082695
-0.029825 0.014532 -0.015378
0.00615 0.003497 -0.052083
-0.01245 0.011175 -0.049575
-0.011922 0.054375 -0.11638
0.0048 0.03463 -0.02648
-0.027628 -0.009475 -0.101707
-0.00535 0.03413 -0.027918
0.006175 0.034757 -0.02183
0.0056 -0.02966 -0.020643
0.010675 0.033355 -0.016745
-0.0012 0.034765 -0.027215
-0.008645 -0.0187 -0.089405
0.031525 0.01475 -0.133715
-0.037228 0.01825 -0.033372
0.032575 0.02845 -0.09772
-0.018625 0.021692 -0.001865
-0.013355 0.05065 -0.09988
-0.002325 0.035312 -0.018707
-0.019925 0.02281 -0.03708
0.01705 0.0302 -0.024582
0.00615 -0.009185 0.00898
0.0152 -0.004002 0.007277
0.008475 0.03424 -0.021643
-0.02535 0.02312 -0.016775
-0.038367 0.012025 -0.032655
-0.03023 0.014975 -0.01825
-0.0248 -0.012695 -0.00644
0.034373 0.0207 -0.09268
-0.024223 0.001725 -0.139255
0.0142 0.01804 0.00426
-0.017497 -0.00387 -0.08264
-0.03778 0.01075 -0.026885
0.0 -0.0265 -0.03542
-0.00427 0.037244 -0.02946
-0.006775 0.034543 -0.023318
0.021622 0.0376 -0.075127
0.010385 -0.008553 -0.083485
-0.003223 0.05335 -0.10685
0.01125 -0.02512 -0.03349
0.01921 0.048025 -0.104408
0.032592 0.02815 -0.096408
-0.03691 0.036375 -0.13275
0.01594 -0.00155 -0.02124
0.03244 0.009145 -0.08028
0.0026 -0.00555 -0.12834
0.028063 -0.01455 -0.06892
0.0099 0.030063 -0.00545
0.02435 -0.011588 -0.036523
-0.034485 0.034425 -0.077892
-0.023222 0.0506 -0.111143
0.030318 0.0315 -0.132302
0.0285 0.00152 -0.005238
0.005832 0.01909 -0.07848
-0.01745 0.023105 -0.038702
-0.008505 -0.00375 -0.13474
-0.0074 -0.028588 -0.014375
0.0 -0.0177 0.005205
0.014687 -0.006075 -0.121665
-0.018323 0.048625 -0.093283
0.032982 0.00915 -0.114988
0.015007 -0.000425 -0.136458
0.02205 0.026588 -0.016147
-0.028188 -0.0088 -0.10309
0.030422 -0.0083 -0.067892
-0.032565 0.000575 -0.12234
-0.032125 0.000517 -0.017665
0.013 -0.01665 -0.09026
0.024772 0.039575 -0.07805
-0.0024 -0.02659 -0.034925
0.012125 7.5e-05 -0.050875
-0.037338 -0.001825 -0.035695
-0.029755 0.028325 -0.025428
-0.019025 -0.005617 -0.045505
0.004745 0.04295 -0.044367
-0.005525 0.014438 0.009145
0.02775 -0.0102 -0.08473
0.02085 -0.020215 -0.010955
-0.013525 0.01339 0.006925
0.031752 0.00365 -0.104978
-0.032777 0.045425 -0.11973
-0.027268 -0.00457 -0.082765
-0.03933 0.026175 -0.125665
-0.011482 -0.01505 -0.100415
-0.03538 0.0414 -0.11093
0.03142 0.031375 -0.130142
-0.0302 -0.00566 -0.02788
0.030237 -0.0102 -0.07
-0.005975 0.01594 -0.04922
0.0139 0.031945 -0.024268
-0.031055 0.021035 -0.062885
-0.0274 0.02066 -0.01722
-0.007375 -0.027182 -0.031655
0.0036 -0.029755 -0.017455
-0.00295 -0.02921 -0.02747
-0.00315 -0.0031 0.011275
-0.024043 -0.00195 -0.134448
0.020407 -0.0223 -0.061625
-0.01451 -0.018257 -0.069998
-0.0184 -0.024323 -0.01955
0.00815 0.031737 -0.007815
0.030455 -0.001 -0.097335
0.0233 0.02558 -0.01633
-0.0058 0.020265 -0.047015
-0.010467 -0.002925 -0.137063
0.015 0.00234 0.008173
-0.038845 0.022075 -0.073942
-0.0251 0.051 -0.129427
0.02549 -0.017725 -0.064293
-0.015507 0.05015 -0.097418
-0.006405 -0.02087 -0.02474
0.025955 0.024924 -0.03169
-0.012175 0.023417 0.00137
0.017625 0.002648 -0.047387
-0.02343 0.039 -0.05074
-0.027825 0.03945 -0.070125
-0.035725 0.0121 -0.137125
0.03125 0.00847 -0.025675
-0.03272 0.007427 -0.03486
0.029825 0.015567 -0.021085
0.033945 0.004825 -0.079783
0.002625 0.027542 -0.041198
0.01881 0.028887 -0.076705
0.00455 0.035092 -0.021008
-0.01505 0.00234 0.008173
-0.0012 -0.026545 -0.035172
0.003165 -0.03035 -0.045318
0.0089 -0.02411 -0.00348
-0.0087 0.020163 -0.046448
-0.02333 -0.02031 -0.02464
-0.028765 -0.01225 -0.087345
0.025825 -0.013947 -0.031488
0.02419 0.009145 -0.08028
-0.0305 0.007307 -0.010265
0.030025 0.000137 -0.03351
-0.003258 0.054075 -0.129057
-0.02982 0.0299 -0.03112
-0.02825 -0.004755 -0.006528
0.02252 -0.0139 -0.084415
0.005867 -0.0138 -0.103145
-0.01053 0.041227 -0.059228
-0.03266 0.007375 -0.137607
-0.018207 0.032155 -0.030382
-0.037452 0.0084 -0.12479
-0.035342 0.008525 -0.134435
-0.024585 0.00105 -0.138747
-0.013963 0.054025 -0.12877
-0.01965 0.026577 -0.01033
0.01412 -0.0284 -0.05189
0.0067 0.032305 -0.0083
-0.0045 -0.02833 -0.03067
0.006787 -0.0288 -0.05577
-0.01523 -0.02895 -0.046707
-0.013157 0.055025 -0.126457
0.024575 0.012542 -0.039187
0.027268 0.025916 -0.046755
-0.008498 -0.022175 -0.07808
-0.004425 -0.028955 -0.028035
-0.02025 -0.006475 0.002965
0.00922 -0.003525 -0.131948
-0.02792 0.0292 -0.023093
0.0089 -0.02885 -0.01714
-0.03115 0.03085 -0.041825
0.0099 0.03359 -0.024937
0.007925 -0.027645 -0.011157
-0.00525 0.02282 -0.04513
-0.01955 0.028703 -0.02206
-0.024342 0.0305 -0.021568
-0.00383 0.054375 -0.12865
-0.020408 0.0477 -0.092018
-0.02101 0.052525 -0.129055
-0.023075 0.05175 -0.129242
0.010925 0.033142 -0.015565
-0.032072 0.02335 -0.02345
0.03343 0.025325 -0.098477
0.017975 0.013915 0.00402
0.023475 0.010077 0.00053
0.000668 0.05515 -0.12386
0.018675 -0.013263 -0.042315
-0.003975 0.025263 0.00267
-0.032275 0.003212 -0.02358
-0.006925 0.03351 -0.02869
-0.028145 0.049525 -0.122763
0.01252 -0.024416 -0.040625
0.009462 -0.00105 -0.137607
0.033448 0.025025 -0.097165
0.001162 0.05385 -0.112992
-0.02751 0.04025 -0.073115
0.02333 -0.01496 -0.05416
-0.014525 -0.023428 -0.007245
0.002225 -0.014787 -0.047903
-0.023552 0.047675 -0.096988
-0.032193 0.046625 -0.125363
0.026475 0.004227 -0.002233
0.031638 0.031275 -0.129387
0.032195 0.0286 -0.1307
-0.024275 0.013595 -0.002212
-0.03005 -0.003555 -0.0308
-0.032872 0.02595 -0.030012
-0.005797 -0.02 -0.085827
-0.00266 0.0551 -0.12734
-0.003395 -0.00645 -0.127515
0.03364 0.00885 -0.097257
0.02215 0.008055 0.00301
-0.033595 0.02255 -0.024358
-0.027985 0.0407 -0.076332
0.0 -0.01612 -0.04756
0.010197 -0.02945 -0.048513
0.0248 -0.012695 -0.00644
0.019925 0.02281 -0.03708
-0.007475 0.03301 -0.030128
-0.026503 0.0432 -0.083402
-0.015775 -0.025233 -0.014532
-0.022177 0.047325 -0.092737
-0.027268 -0.015263 -0.023725
0.012525 -0.00432 0.009023
0.01884 0.038525 -0.043185
-0.01935 -0.01952 -0.034557
-0.00405 -0.029842 -0.019632
0.0137 -0.018288 -0.041348
-0.014235 0.05495 -0.125335
0.02315 -0.013137 -0.004005
-0.022628 0.05285 -0.126235
-0.012977 0.023147 -0.077745
-0.00854 -0.020693 -0.07044
0.002225 -0.02435 -0.002152
-0.004813 -0.00285 -0.136687
0.00825 0.01671 -0.017935
-0.012593 0.034675 -0.021017
-0.031575 0.004175 -0.13595
-0.001475 -0.029465 -0.026905
0.004675 -0.02917 -0.026855
-0.039908 0.023 -0.09067
-0.028613 -0.0216 -0.048003
0.03216 0.014304 -0.04886
0.0281 -0.01181 -0.01131
-0.014082 -0.01715 -0.024065
-0.031825 0.010475 -0.019063
0.005832 0.00839 -0.01944
-0.035285 0.03925 -0.132395
-0.006698 0.0553 -0.12632
-0.0302 0.010965 -0.01308
0.026775 -0.005655 -0.03662
0.03272 0.01545 -0.07914
0.013 0.014885 0.006662
-0.0181 0.053675 -0.120008
-0.025423 0.043675 -0.08308
-0.023825 0.018392 -0.0047
0.012925 0.030875 -0.009932
-0.017498 -0.017225 -0.08862
0.00854 0.039365 -0.04432
-0.01425 -0.013013 0.004018
0.0063 0.01139 -0.050755
0.0056 -0.027665 -0.031668
-0.006675 0.0229 0.004225
-0.030235 0.027775 -0.025532
0.01605 0.030462 -0.026035
-0.011775 -0.024508 -0.007033
0.00615 0.034225 -0.01354
0.025507 0.037 -0.066013
-0.01055 -0.028158 -0.023625
0.004125 -0.00438 -0.021752
-0.0182 0.025915 -0.006687
0.03188 0.00494 -0.08104
0.03031 0.00035 -0.10271
-0.0165 0.03612 -0.04491
-0.011967 0.050975 -0.10074
-0.0036 -0.029375 -0.014235
-0.024123 0.04745 -0.097082
0.01702 -0.01305 -0.098435
0.022735 -0.02055 -0.05998
-0.02613 0.047275 -0.10122
0.0062 -0.017575 -0.045282
-0.002428 0.054725 -0.11684
0.027268 -0.009916 -0.053245
0.0149 0.031385 -0.025385
0.029125 -0.00664 -0.031182
0.010962 -0.00325 -0.131593
0.02878 0.03605 -0.089025
-0.0024 -0.028935 -0.012455
-0.03079 0.0261 -0.02338
0.032093 0.000375 -0.091608
0.02285 -0.019875 -0.02682
0.002135 -0.00519 -0.0219
-0.024903 -0.0043 -0.126422
0.018075 -0.023382 -0.013232
-0.006675 0.02167 0.005273
0.033622 0.00915 -0.098568
0.01605 -0.02516 -0.014925
-0.038533 0.02155 -0.130275
0.019915 -0.02289 -0.025105
0.00427 -0.01303 -0.02332
-0.0048 -0.02933 -0.01448
-0.00175 0.030455 -0.037495
0.0296 0.013582 -0.02752
-0.0006 0.033748 -0.0101
-0.03717 0.0108 -0.13393
-0.03755 -0.00145 -0.03757
-0.02778 0.028975 -0.022885
-0.01727 -0.021725 -0.07306
-0.00626 -0.001523 -0.082213
-0.003203 0.054575 -0.128238
0.0203 0.011777 -0.043927
-0.002503 0.0551 -0.12056
-0.005662 0.0506 -0.0913
-0.0278 0.007875 -0.0047
0.0006 -0.027268 -0.033855
0.0244 0.041575 -0.089343
0.03375 0.0154 -0.067962
-0.00949 0.0498 -0.08698
0.0006 0.03257 -0.00711
0.003865 0.0545 -0.12218
-0.026192 -0.00275 -0.129083
-0.00455 -0.02754 -0.032352
-0.02858 -0.005563 -0.0677
-0.01535 0.0495 -0.09244
-0.002625 -0.016335 0.00568
-0.026525 -0.015405 -0.015468
-0.01025 0.031345 -0.00832
-0.0138 0.011862 0.00736
-0.03645 -0.0011 -0.02877
-0.030628 -0.01985 -0.047447
0.011325 -0.006265 -0.049945
-0.00445 -0.01628 -0.046675
-0.00667 -0.00135 -0.139083
0.01924 0.0391 -0.048518
0.01451 0.04228 -0.074282
-0.024545 0.044725 -0.085818
-0.038077 0.01055 -0.109965
-0.01929 -0.0052 -0.12893
-0.009555 0.04925 -0.083555
0.016 0.022025 -0.04075
-0.012325 -0.012505 -0.046475
-0.02235 0.017995 -0.00251
-0.034705 0.042425 -0.130955
-0.039505 0.01605 -0.061213
0.03023 -0.001647 -0.06699
-0.015575 0.029205 -0.009117
0.006483 0.053825 -0.128053
0.0032 -0.029425 -0.02629
0.0164 -0.0232 -0.0085
-0.021415 0.053225 -0.12738
-0.007575 -0.02834 -0.027925
0.015125 0.01086 -0.04783
-0.0048 -0.02519 -0.03731
-0.020375 0.010225 -0.044335
-0.01689 -0.005275 -0.129218
-0.009 -0.028625 -0.02371
0.02035 0.027197 -0.013775
-0.02953 0.02655 -0.022685
-0.01461 0.0468 -0.076813
0.0 0.013162 -0.051553
-0.005075 0.032905 -0.008955
-0.03805 0.0019 -0.07887
-0.0078 0.034423 -0.022652
-0.031527 0.047025 -0.129638
0.030625 0.00938 -0.013012
0.024178 -0.001825 -0.120005
-0.002925 -0.028143 -0.031698
0.0 -0.02757 -0.00736
-0.0035 0.03118 -0.03574
0.0099 -0.017833 -0.043857
0.00545 0.054525 -0.12383
0.00415 -0.023183 -0.039995
-0.03215 0.001625 -0.02379
-0.01023 -0.00455 -0.13254
-0.031175 0.0281 -0.02958
0.00427 0.039917 -0.04422
0.00525 0.033175 -0.031038
-0.016145 0.033875 -0.021312
-0.002903 -0.030775 -0.049215
-0.01705 -0.021705 -0.033987
-0.01895 0.023325 -0.00388
0.03074 0.03625 -0.105685
-0.03731 0.0138 -0.02647
-0.015695 -0.00725 -0.123965
-0.02427 0.050125 -0.111237
-0.011575 0.03051 -0.007912
-0.021622 -0.01625 -0.054392
-0.008575 -0.014325 -0.103072
-0.0012 0.03185 -0.005793
0.00945 -0.00288 0.010045
0.034255 0.012075 -0.072768
0.013775 0.026147 -0.002223
0.0095 -0.028195 -0.02607
-0.004125 -0.00438 -0.021752
-0.01515 -0.004005 0.007275
0.007875 0.03427 -0.024485
-0.004665 0.04515 -0.058082
-0.019915 -0.02289 -0.025105
0.021825 -0.012113 -0.000975
0.0 0.03512 -0.0146
0.022095 -0.008475 -0.102578
-0.010147 -0.0011 -0.139318
-0.01595 0.0493 -0.09237
0.00225 0.03433 -0.01246
-0.03779 0.0351 -0.1125
0.016875 0.03035 -0.015465
-0.008875 -0.024635 -0.036173
-0.006943 -0.031125 -0.043107
-0.028018 0.02965 -0.025017
-0.002625 -0.0148 -0.04783
-0.010112 0.0545 -0.116505
-0.012602 0.05035 -0.094745
0.0103 -0.027082 -0.029525
0.033358 0.005325 -0.100558
-0.013775 -0.025757 -0.011628
-0.03967 0.0192 -0.07472
0.01423 0.051375 -0.111577
0.0 -0.029858 -0.02474
-0.016775 -0.02497 -0.015985
-0.0224 0.026375 -0.020705
-0.01359 -0.002725 -0.137397
-0.0158 0.030532 -0.026427
0.0 -0.0074 -0.05167
0.025 0.0068 -0.13785
0.021925 0.014608 0.000205
-0.00595 -0.029567 -0.02116
0.0 -0.026785 -0.005948
-0.017617 0.0454 -0.073788
0.03029 0.0289 -0.13349
0.028125 -0.000983 -0.036305
-0.0036 0.034675 -0.026725
0.00445 0.031145 -0.03554
-0.03015 0.003585 -0.00766
-0.028063 -0.017775 -0.067245
0.00995 0.03227 -0.03026
0.007475 0.02737 -0.040238
0.0 -0.01643 0.006198
0.0012 -0.02995 -0.023385
-0.027575 0.019775 -0.020328
0.034253 0.0151 -0.086572
-0.02558 0.04755 -0.101115
-0.01811 0.0495 -0.097033
-0.027457 -0.023725 -0.043362
-0.00525 0.031905 -0.033985
-0.022875 -0.016712 -0.00826
0.01476 -0.007175 -0.11817
0.014225 -0.012732 -0.04522
0.0182 0.029277 -0.025232
0.013017 -0.00745 -0.118525
0.0247 0.010983 -0.039548
-0.0137 0.02958 -0.032673
0.029405 -0.003605 -0.067345
-0.036305 -0.0026 -0.074703
-0.01145 0.052425 -0.104387
-0.03244 0.006855 -0.01972
0.0116 0.03171 -0.01034
-0.010385 -0.01925 -0.024445
-0.01039 -0.003775 -0.134865
0.0029 0.004902 0.011685
-0.018295 0.052675 -0.113577
-0.027918 -0.012825 -0.087453
0.0 0.00963 0.01168
0.0048 -0.029277 -0.026265
-0.0234 -0.019545 -0.014645
0.012175 -0.024457 -0.007305
-0.00752 0.0521 -0.10306
0.03135 0.00468 -0.01371
0.009945 -0.02975 -0.050725
0.00427 -0.021244 -0.07054
0.03272 0.010101 -0.04962
0.00295 0.034945 -0.01585
-0.00804 0.05365 -0.11018
-0.006825 -0.024395 -0.037497
0.0089 -0.02567 -0.03466
0.0266 0.00263 -0.002395
0.007333 -0.029925 -0.05154
-0.014075 0.0478 -0.081643
0.0119 0.02592 -0.000968
-0.010775 0.023892 -0.043053
-0.005332 -0.01095 -0.114055
-0.030005 -0.007 -0.10518
0.028645 0.037275 -0.095787
0.018225 0.021762 -0.0393
-0.021642 -0.000425 -0.13862
-0.028467 0.0484 -0.116632
0.0 0.018605 0.00817
0.007575 -0.028985 -0.024385
0.030277 0.000675 -0.104048
-0.001475 -0.02968 -0.025725
0.03196 0.0017 -0.096942
0.008475 0.03245 -0.031245
-0.018133 0.044675 -0.07078
-0.024235 0.0506 -0.113675
-0.0012 0.033317 -0.03182
-0.024937 -0.006675 -0.118028
-0.0205 0.008675 -0.044745
-0.02285 -0.020668 -0.022443
0.01053 -0.017207 -0.085052
0.032217 -0.000925 -0.086313
-0.00671 -0.002525 -0.13754
0.020875 -0.012295 -0.04064
-0.0329 0.00265 -0.02048
0.0012 0.02838 -0.000373
-0.0215 -0.02186 -0.01588
0.002325 0.033855 -0.01069
-0.003162 0.05535 -0.1259
0.0 0.03503 -0.01462
-0.0097 0.01895 0.006255
-0.011363 -0.021975 -0.077947
-0.034027 0.030575 -0.05747
0.01252 0.037742 -0.044615
-0.0207 0.02778 -0.02271
-0.019025 0.019175 -0.041013
-0.00402 0.0399 -0.0291
-0.035208 -0.01095 -0.031163
-0.03944 0.03345 -0.13145
-0.00488 -0.0006 -0.13953
-0.03028 0.034775 -0.056727
-0.036427 -0.0099 -0.045185
-0.02619 -0.024575 -0.036708
-0.022925 0.003293 0.002937
-0.00979 0.05295 -0.10673
0.024495 0.0413 -0.08791
0.013112 -0.0004 -0.137303
0.00625 0.034605 -0.023663
-0.021745 0.05305 -0.12365
-0.01053 -0.022554 -0.055533
-0.035417 -0.0012 -0.095345
-0.028502 0.047925 -0.114195
-0.031773 0.02925 -0.03675
0.0259 0.00738 -0.001965
0.011775 -0.003135 -0.050545
-0.036828 0.02275 -0.135383
-0.031232 0.026975 -0.025727
-0.039432 0.021475 -0.107735
-0.02305 -0.004605 0.00163
0.00924 0.04305 -0.044745
-0.00371 0.05545 -0.125375
-0.01594 0.009145 -0.08028
-0.00015 -0.016 -0.098022
0.017063 0.048925 -0.129708
-0.00094 0.055225 -0.12386
0.02624 0.0346 -0.05501
-0.02635 0.021595 -0.022385
-0.03774 -0.0027 -0.0605
-0.006668 0.05545 -0.125215
-0.03023 -0.006993 -0.03747
0.0315 0.002203 -0.026965
-0.008737 -0.016 -0.097958
-0.038672 0.0073 -0.063198
-0.00825 -0.00071 -0.082065
-0.030295 0.00075 -0.1324
-0.012308 -0.00355 -0.135725
-0.01705 0.02701 -0.006972
0.0119 0.03247 -0.027173
0.00995 -0.021655 -0.040025
0.034442 0.0163 -0.072075
0.011665 0.01413 -0.0184
-0.016775 0.018337 0.00261
-0.030825 0.02515 -0.023068
0.010425 -0.022747 -0.038192
0.009652 -0.02845 -0.05617
-0.005225 -0.026032 -0.03533
-0.031055 0.013017 -0.018605
0.0012 0.034765 -0.027215
0.00626 0.02822 -0.076828
0.03244 0.009529 -0.03448
0.03213 0.03065 -0.125007
0.030685 0.031475 -0.131983
-0.028675 0.016602 -0.026795
0.016025 -0.006822 -0.046867
-0.006405 -0.023641 -0.05573
-0.021172 0.048875 -0.098283
-0.02627 0.046425 -0.097387
0.02335 -0.018177 -0.02918
0.033235 -0.002775 -0.070257
0.010792 -0.0121 -0.105713
0.015315 0.05155 -0.12701
0.02391 -0.00365 -0.02162
0.0304 -0.00975 -0.02273
-0.01024 0.055225 -0.12355
0.029125 -0.01162 -0.0204
-0.015115 -0.003508 -0.021595
-0.027268 0.02057 -0.017235
-0.033845 0.0454 -0.12881
-0.00285 -0.02994 -0.022598
0.00628 0.05025 -0.08735
-0.014385 -0.0013 -0.139075
-0.018835 0.05385 -0.12672
-0.01775 -0.017685 -0.038925
0.0224 -0.021065 -0.020255
-0.010425 0.0325 -0.012025
-0.004725 0.034782 -0.024648
0.0048 -0.02519 -0.03731
-0.028115 0.0301 -0.026943
0.0 -0.027245 -0.03398
-0.014447 -0.001725 -0.138757
-0.021773 -0.00385 -0.130808
0.0029 -0.018868 0.003645
-0.009953 -0.03085 -0.04371
0.01985 0.006155 0.0048
0.008825 0.03192 -0.008825
-0.015225 0.023367 -0.040152
0.014355 0.04995 -0.129595
0.0024 0.029417 -0.001888
0.002625 -0.023287 -0.000995
-0.030605 0.04715 -0.1194
0.0146 0.031828 -0.01941
0.0 0.021467 -0.07805
-0.008658 -0.01515 -0.100515
0.03216 0.016977 -0.06362
-0.0077 -0.028878 -0.024975
0.019675 0.01624 -0.042203
0.01195 0.01717 -0.04732
0.030543 0.0116 -0.13271
-0.004905 0.045875 -0.06273
-0.0103 0.02319 0.002625
-0.03173 0.02765 -0.029655
0.017875 -0.003685 0.005532
0.00985 0.030793 -0.0336
-0.018425 -0.021768 -0.009383
0.022875 0.019692 -0.00487
0.008395 0.03606 -0.075408
0.00345 -0.028205 -0.031355
-0.00936 0.0509 -0.09383
-0.022177 0.04635 -0.088065
-0.019915 -0.014865 -0.069385
0.02315 -0.006353 -0.041445
-0.013275 -0.025877 -0.029305
-0.03089 0.04505 -0.10996
0.025213 -0.017575 -0.06247
-0.031225 -0.005718 -0.018872
-0.03923 0.01755 -0.091735
0.01185 -0.026615 -0.02944
0.014878 -0.0121 -0.102838
-0.029657 -0.00325 -0.12022
0.008745 -0.012575 -0.10581
0.02785 0.01879 -0.02289
-0.0056 0.034967 -0.020318
0.01795 -0.024622 -0.02364
0.030685 0.036825 -0.109072
0.02858 0.02958 -0.07658
0.026375 0.02189 -0.016998
-0.00415 -0.024172 -0.038727
0.027575 0.01874 -0.01462
-0.012037 0.05485 -0.120182
0.034102 0.0103 -0.084552
-0.019535 0.052675 -0.115895
-0.020503 -0.0262 -0.037673
-0.004837 -0.00215 -0.138142
0.0146 0.028728 -0.033715
-0.027655 0.0416 -0.079235
-0.038232 0.03345 -0.133373
-0.005725 0.0311 -0.035298
0.028875 -0.0031 -0.100397
-0.00555 -0.029652 -0.023362
0.012235 0.045225 -0.06773
-0.01235 -0.027475 -0.02472
0.00875 -0.0121 -0.10715
0.00539 -0.0304 -0.046785
0.0101 -0.0299 -0.0493
0.021175 -0.021038 -0.013418
-0.03145 0.03995 -0.08894
0.0158 -0.02137 -0.035832
-0.024825 -0.004138 -0.000953
-0.00645 -0.022272 -0.04082
-0.003185 0.055275 -0.126357
0.0146 -0.000217 -0.04925
0.033685 0.019525 -0.07132
0.031457 -0.00725 -0.069068
0.0139 0.027575 -0.004352
0.009378 -0.02615 -0.06421
-0.022983 0.0479 -0.096892
0.00315 0.011503 -0.05137
-0.020215 -0.023925 -0.059137
-0.0233 0.00681 -0.04341
0.033677 0.00855 -0.095922
0.0029 -0.015058 0.006622
0.029405 0.019605 -0.032655
-0.02333 0.03631 -0.07536
0.002925 0.033443 -0.009265
0.025323 0.034775 -0.05141
0.0187 0.027008 -0.031233
0.01895 0.023325 -0.00388
-0.022783 0.04605 -0.08827
-0.0149 0.029022 -0.008108
-0.02305 0.003615 -0.043735
-0.0366 0.02495 -0.048605
0.0 0.037703 -0.07511
0.017345 0.047125 -0.095905
0.019615 -0.011375 -0.098412
0.01915 0.0431 -0.073375
-0.01567 0.05225 -0.107348
0.01569 -0.0259 -0.057925
0.005225 0.034725 -0.024328
-0.020175 0.004573 0.004845
-0.007405 -0.027175 -0.061555
0.01429 0.021465 -0.07805
-0.01694 0.048225 -0.087798
0.01913 -0.005425 -0.117533
-0.028352 0.000925 -0.136015
-0.004195 0.05525 -0.122042
0.029405 -0.006277 -0.052585
-0.02358 -0.00095 -0.137255
0.0323 0.00895 -0.01934
-0.00525 -0.01751 0.00417
0.01415 -0.02146 -0.004065
-0.018115 -0.00695 -0.123155
0.024667 0.0364 -0.05297
-0.00535 -0.024217 -0.03848
-0.02815 -0.01395 -0.023488
-0.019598 -0.006075 -0.125207
-0.038077 0.023825 -0.06873
0.033585 0.02305 -0.087838
0.03357 0.01645 -0.11016
-0.0047 0.028505 -0.001062
0.02 -0.00947 0.001838
0.006405 -0.026314 -0.04097
-0.031007 0.028775 -0.031488
-0.03216 0.011631 -0.0341
-0.0059 0.03401 -0.01236
-0.008595 0.0542 -0.12898
-0.0224 0.024785 -0.01195
0.027372 0.0422 -0.126675
-0.037887 0.00295 -0.030755
0.031485 0.01845 -0.1337
-0.027975 0.03455 -0.046425
-0.01867 -0.001775 -0.137912
0.0236 0.016945 -0.037403
0.030275 -0.007675 -0.025478
0.031998 0.0014 -0.095607
0.023175 0.005213 -0.043573
0.003375 0.035187 -0.018018
-0.01404 0.0545 -0.128127
0.007475 0.027695 -0.000802
-0.03082 0.0333 -0.052088
-0.012092 0.05515 -0.123487
0.010828 -0.014 -0.10021
-0.011975 -0.020695 -0.001263
-0.01252 0.035069 -0.029855
0.017975 -0.008613 -0.04498
0.005247 -0.030625 -0.048023
-0.0285 0.017487 -0.023688
-0.0221 0.01465 -4e-05
-0.029635 0.0271 -0.02303
-0.005075 -0.027602 -0.03201
-0.032407 0.002075 -0.12834
0.0056 0.034967 -0.020318
-0.031852 0.046925 -0.128397
-0.015912 0.049825 -0.095918
-0.024325 -0.01904 -0.024408
0.01795 -0.002135 0.00594
0.01085 0.031418 -0.031303
0.03409 0.00705 -0.07014
-0.0269 0.010985 -0.00449
-0.026375 -0.01658 -0.023962
0.0018 0.035512 -0.020653
-0.027505 0.028525 -0.02239
-0.004975 0.054975 -0.127835
-0.038768 0.006375 -0.04142
-0.0297 0.01459 -0.024388
-0.007825 -0.028555 -0.026745
-0.020678 -0.01905 -0.076985
0.0149 -0.022535 -0.035155
-0.018545 -0.00155 -0.138435
-0.02333 -0.017635 -0.0394
-0.030675 0.0462 -0.114525
-0.002135 0.02119 -0.0781
-0.02035 -0.019782 -0.033105
-0.003075 -0.029318 -0.02688
-0.006703 0.055175 -0.127483
-0.0181 -0.019185 -0.036403
-0.031755 0.0035 -0.133665
-0.029635 0.0021 -0.13696
-0.03013 -0.00835 -0.09932
0.033427 0.0047 -0.097885
0.000727 0.052625 -0.101925
-0.024198 0.0459 -0.090255
-0.0104 -0.0027 -0.137548
-0.020875 -0.012295 -0.04064
0.02427 0.000675 -0.127065
-0.03008 -0.01495 -0.071252
0.00685 -0.02543 -0.035985
-0.0254 0.0514 -0.128743
0.0 0.033725 -0.009977
0.01309 -0.00855 -0.11503
0.032 -0.001045 -0.018025
-0.0058 -0.007605 -0.05054
0.032275 0.003212 -0.02358
-0.0146 -0.025043 -0.029712
-0.03188 0.01106 -0.01896
-0.001045 0.051875 -0.097725
0.01451 -0.023606 -0.040477
0.0 -0.021703 -0.02489
0.02585 0.021422 -0.014415
-0.002135 -0.026868 -0.04107
-0.019395 0.04885 -0.095585
0.024673 -0.006525 -0.103777
0.0112 -0.015267 -0.045248
-0.0169 0.03086 -0.02248
-0.017825 0.00899 -0.04649
0.00311 -0.0104 -0.114115
-0.02573 -0.007075 -0.115108
0.009375 0.031598 -0.032288
0.020875 0.017598 -0.00032
-0.015967 0.054175 -0.128275
-0.016005 0.03365 -0.021105
-0.011925 -0.013905 -0.045763
-0.01315 0.05415 -0.116295
-0.030492 0.0385 -0.077045
0.02862 -0.0007 -0.109135
-0.030625 -0.003728 -0.012185
-0.038792 0.01885 -0.060502
-0.02235 -0.01269 -0.03845
-0.004455 0.036575 -0.02203
-0.03463 0.0094 -0.137062
-0.037212 0.036425 -0.132482
0.027268 0.031263 -0.076275
-0.026475 0.001073 -0.03868
-0.038447 0.028125 -0.133617
-0.001675 -0.027525 -0.0624
-0.036608 0.036325 -0.133018
-0.020957 -0.0266 -0.038112
0.006435 0.0383 -0.023975
0.020425 -0.021225 -0.065492
-0.03046 0.005625 -0.138395
0.0129 -0.02661 -0.01267
0.0 -0.02799 -0.03254
-0.03541 0.026675 -0.048303
-0.023765 0.05245 -0.12573
0.028638 0.032025 -0.061118
-0.017675 0.002658 0.006428
-0.026873 0.049375 -0.130115
0.02991 0.03425 -0.131425
0.00905 0.017272 -0.047888
-0.021587 0.0468 -0.089382
0.02685 -0.000545 -0.002815
-0.014575 0.007148 0.008005
0.026025 0.013542 -0.03601
0.032595 0.020475 -0.127237
-0.02445 0.022325 -0.012395
-0.0018 -0.02849 -0.030615
-0.005855 -0.01885 -0.089473
-0.024845 0.04425 -0.0844
-0.024125 -0.008735 -0.00222
0.00887 0.04565 -0.059735
0.019525 -0.00243 -0.045715
-0.027905 -0.020025 -0.057975
-0.024453 0.00145 -0.139012
0.010775 -0.009315 -0.049075
-0.012325 0.017812 0.005515
-0.0059 0.03486 -0.01708
-0.00427 0.03457 -0.0147
-0.008305 0.05485 -0.118655
-0.0109 0.03066 -0.032885
-0.00407 0.055 -0.118813
0.033 0.008 -0.05
0.034002 0.018675 -0.102537
-0.003 0.035275 -0.022018
-0.0233 -0.02027 -0.02463
-0.010825 0.025793 -0.000258
-0.001725 0.035198 -0.01723
0.028835 0.036925 -0.131197
-0.03188 0.016405 -0.04848
0.028385 0.0012 -0.11582
0.024642 0.026604 -0.031385
0.019925 0.018897 -0.00049
0.002537 0.0524 -0.10037
0.021925 -0.01569 -0.03592
0.0036 0.034868 -0.025115
-0.007993 -0.009825 -0.117433
0.01053 0.038554 -0.044468
0.0129 0.02731 -0.0029
-0.00815 -0.029027 -0.018825
0.0 -0.00433 -0.05264
0.0035 -0.019942 -0.043728
-0.007875 -0.018685 0.00266
-0.030423 0.031475 -0.041667
0.026475 0.008825 -0.137175
-0.02951 0.0344 -0.05185
0.0147 0.030205 -0.030375
0.00615 0.0051 -0.051945
-0.015925 -0.024208 -0.03012
-0.021622 -0.018925 -0.039632
-0.03184 0.0281 -0.0316
-0.021622 0.029575 -0.030847
0.006463 -0.00735 -0.122318
-0.03677 0.01125 -0.135345
-0.024988 0.0331 -0.028382
0.03063 0.0374 -0.11246
0.020175 0.004573 0.004845
-0.032492 0.001075 -0.12433
0.024825 -0.017343 -0.026767
0.00615 -0.010625 0.008237
-0.02195 -0.019085 -0.0312
-0.029015 0.04805 -0.130185
-0.030635 -0.0063 -0.105675
-0.022278 0.049775 -0.104672
-0.03109 -0.0031 -0.117062
0.0215 0.02717 -0.02508
0.00854 0.042038 -0.05908
-0.03987 0.0223 -0.08787
-0.00792 0.0525 -0.10353
-0.017358 0.0541 -0.12799
0.005965 -0.0009 -0.13857
0.0156 0.029353 -0.031418
0.021925 0.020992 -0.00504
0.024758 -0.007375 -0.100943
-0.005825 -0.02531 -0.036647
0.03093 0.0332 -0.08825
-0.005948 -0.01615 -0.098025
-0.006405 -0.020968 -0.07049
0.03085 0.0351 -0.09891
0.034165 0.023475 -0.1052
-0.01212 0.0553 -0.12514
-0.00634 -0.00415 -0.133815
-0.0172 -0.00216 -0.04722
-0.003075 0.034628 -0.01408
0.0178 0.010545 -0.046085
0.0029 0.008123 0.011305
0.015725 -0.02375 -0.06566
-0.002135 -0.013308 -0.02337
0.020975 -0.007407 -0.043618
0.027447 0.0344 -0.067005
-0.015292 0.054775 -0.125433
-0.02115 -0.022075 -0.020437
-0.007275 0.03158 -0.006955
0.00885 -0.0214 -0.07921
0.02523 -0.012875 -0.08164
0.022865 -0.016625 -0.075015
0.0067 -0.027 -0.032665
-0.026025 -0.002098 -0.038845
-0.0084 0.032765 -0.010835
0.006022 0.052075 -0.100662
0.025282 0.037675 -0.069108
-0.005828 0.037525 -0.022123
0.02635 -0.000515 -0.03889
-0.027875 0.050025 -0.126993
0.01505 0.012412 -0.047422
0.0176 -0.023685 -0.028805
-0.012065 0.05485 -0.127928
0.027925 -0.009597 -0.03154
-0.00427 -0.01857 -0.0853
-0.003007 -0.01535 -0.100715
0.007275 -0.029183 -0.017963
0.0123 0.00362 0.01008
0.029 -0.008825 -0.010415
0.00895 0.025565 0.000998
-0.01645 0.025478 -0.036798
-0.03842 0.010725 -0.086648
0.02195 -0.019085 -0.0312
-0.020123 0.01651 -0.01797
0.014925 -0.008655 0.006052
0.0063 -0.02785 -0.030633
-0.00227 0.0539 -0.11063
-0.0317 -0.00419 -0.018595
0.0105 -0.01084 -0.04864
-0.009425 0.03321 -0.02704
0.007375 -0.029207 -0.020485
-0.00915 -0.0267 -0.031643
-0.02435 0.02369 -0.026933
-0.02773 0.0408 -0.076255
-0.024625 -0.0083 -0.11164
-0.024387 0.039225 -0.055505
-0.00836 0.05515 -0.12196
-0.03185 0.006827 -0.0166
-0.0101 0.01755 0.006967
0.022615 -0.014725 -0.081482
0.0 -0.02951 -0.0135
-0.0215 0.02399 -0.00757
-0.0012 0.03526 -0.017575
-0.026465 0.044225 -0.087755
-0.00432 0.037275 -0.022415
-0.038922 0.025275 -0.087053
0.02226 0.003127 -0.08137
-0.020123 -0.00051 -0.08203
0.015 0.002963 -0.049132
-0.0018 -0.030203 -0.020307
-0.02333 0.02561 -0.01632
-0.029405 -0.006278 -0.052585
-0.0247 0.00154 -0.041265
0.02217 0.04425 -0.088885
-0.014527 -0.007975 -0.122342
-0.01881 -0.012888 -0.023295
-0.0035 0.02846 -0.000815
-0.034258 -0.01065 -0.056433
0.02575 -0.008687 -0.036557
-0.038883 0.033825 -0.119915
-0.01725 -0.025247 -0.0202
-0.020123 0.027205 -0.07701
0.029855 0.01305 -0.13561
-0.0012 0.035342 -0.022385
-0.01053 -0.0279 -0.026012
0.03314 0.00255 -0.068835
0.025955 0.030271 -0.06121
-0.03541 0.00805 -0.132655
0.0151 -0.025472 -0.027353
-0.023832 -0.0079 -0.11456
-0.023408 -0.02365 -0.053812
-0.0059 0.03363 -0.029355
0.032155 -0.000275 -0.08896
0.022975 0.025543 -0.023115
0.009 -0.027765 -0.02843
-0.017875 -0.000537 0.006103
0.0087 0.02143 -0.045455
-0.0012 0.0338 -0.030285
0.015995 -0.026675 -0.052428
-0.021395 -0.027025 -0.038582
-0.0006 -0.02931 -0.027765
-0.029995 0.02805 -0.02548
0.009225 0.00339 -0.051493
0.009375 0.03361 -0.01548
-0.037453 0.0226 -0.134932
-0.033868 0.004825 -0.129605
0.022435 -0.0121 -0.0901
0.0233 0.00681 -0.04341
-0.038665 0.0142 -0.1012
0.002225 0.031225 -0.035983
-0.024582 0.052 -0.127705
0.019777 -0.01305 -0.092785
0.01694 -0.0266 -0.053585
-0.00854 0.03402 -0.0148
0.031755 0.030975 -0.094338
-0.00377 0.0531 -0.105323
0.03099 0.03265 -0.085497
-0.0006 0.033312 -0.008553
-0.002625 -0.010562 -0.050185
0.024275 0.01931 -0.03375
-0.0094 0.02793 -0.002105
0.01977 0.0479 -0.12982
0.012665 0.043575 -0.057915
0.013525 -0.017012 0.001413
0.029 0.00987 -0.00703
0.02825 0.004695 -0.004818
-0.009957 0.01542 -0.018167
-0.023825 -0.017625 -0.01122
0.012375 -0.01844 -0.024297
0.0 -0.00321 0.01189
0.0299 -0.00584 -0.00952
0.00805 0.03433 -0.019465
-0.008605 0.04265 -0.043573
-0.004532 0.054225 -0.129012
-0.03959 0.033375 -0.13089
-0.014575 -0.026463 -0.017702
-0.024575 0.005358 0.000515
0.01885 0.029227 -0.019222
-0.038082 0.000325 -0.05414
-0.0116 0.03342 -0.01978
0.019383 -0.0091 -0.105695
0.012762 0.052775 -0.12623
-0.015693 0.054025 -0.118275
-0.027723 -0.023575 -0.038115
0.010775 0.023892 -0.043053
-0.02525 0.010545 -0.002055
0.0159 0.028105 -0.007257
-0.035227 0.030075 -0.062323
0.015678 0.0381 -0.034998
-0.005368 0.049775 -0.08627
-0.013132 -0.026875 -0.060637
0.0012 -0.029465 -0.013745
-0.00685 -0.02543 -0.035985
-0.0012 0.034205 -0.01177
-0.0249 -0.017415 -0.026375
-0.008875 -0.011967 0.00695
-0.0078 -0.026335 -0.033662
-0.024642 0.034627 -0.075665
0.009247 -0.00195 -0.135882
0.01235 -0.027475 -0.02472
-0.0119 -0.025985 -0.010373
-0.013175 0.032568 -0.019275
0.0105 -0.01986 0.00115
-0.02626 0.0506 -0.11874
-0.030025 0.00958 -0.0318
0.00615 0.003405 0.01126
0.004425 -0.028955 -0.028035
0.024637 -0.00615 -0.10513
0.028035 -0.012675 -0.075933
-0.00525 -0.022227 -0.041068
-0.005832 -0.00309 -0.02152
-0.010775 0.014623 0.008115
-0.026638 -0.00415 -0.123608
0.003 0.031175 -0.00472
0.002135 0.042868 -0.05893
-0.024875 0.020557 -0.009643
0.019915 0.03354 -0.045375
-0.038945 0.023625 -0.080518
-0.0254 0.021025 -0.012225
-0.025125 -0.011227 -0.005845
-0.00846 -0.0021 -0.138635
0.0165 0.03612 -0.04491
0.02613 0.04165 -0.10496
0.0078 0.034423 -0.022652
-0.0123 -0.00897 0.0078
-0.014318 -0.0157 -0.097823
-0.021573 0.04705 -0.090935
-0.02085 0.020725 -0.00354
-0.0326 0.0058 -0.01991
-0.00986 0.053275 -0.108578
-0.010358 -0.004025 -0.13413
-0.012882 0.0508 -0.099053
-0.03216 0.014304 -0.04886
-0.023975 0.05195 -0.12211
0.0148 -0.021108 -0.037285
0.024103 0.038325 -0.060948
0.03113 0.0155 -0.13516
0.01515 0.006158 -0.048808
-0.0032 -0.029425 -0.02629
0.008425 -0.017655 -0.04484
0.0165 0.0285 -0.03246
0.000462 -0.024775 -0.070935
-0.009937 0.05385 -0.112205
-0.0006 0.0469 -0.068275
-0.002225 -0.019898 -0.043975
-0.00615 -0.009185 0.00898
-0.007285 -0.00685 -0.12624
0.00455 0.034797 -0.015875
-0.035822 -0.002175 -0.08569
-0.015925 0.025318 -0.00339
-0.016815 -0.003775 -0.133777
-0.035477 -0.00055 -0.098178
-0.019915 -0.01754 -0.054625
0.01265 -0.023655 -0.00599
-0.00525 0.025355 -0.043145
-0.0165 0.00265 -0.02048
-0.038025 0.0181 -0.04476
-0.01622 0.00055 -0.02086
-0.02799 -0.0233 -0.039695
-0.003073 0.055125 -0.120493
0.009425 0.028967 -0.003617
-0.005765 -0.03065 -0.04872
-0.030625 -0.006268 -0.015848
0.0 -0.023382 -0.000477
0.004625 0.03494 -0.02284
0.00465 -0.02676 -0.03399
-0.02435 0.02009 -0.00706
-0.013147 0.0507 -0.099633
-0.008285 -0.00435 -0.133177
-0.009957 0.02612 -0.077208
-0.005832 0.00761 -0.08056
0.0 -0.0094 0.01016
-0.03917 0.0169 -0.088903
-0.02839 0.039 -0.07045
0.005933 -0.021675 -0.079055
0.029075 0.015935 -0.015125
0.010385 -0.01925 -0.024445
-0.01415 -0.01417 -0.04431
0.0241 0.013552 -0.001967
-0.031005 0.02585 -0.023423
0.025895 0.03545 -0.055995
-0.032388 0.046225 -0.123485
0.020893 0.049325 -0.126305
0.01455 -0.020397 -0.002908
0.0029 -0.017598 0.004638
-0.02635 -0.006775 -0.004355
0.010425 -0.028265 -0.023035
-0.00445 0.028522 -0.039598
0.01167 0.0526 -0.1118
-0.03216 0.0374 -0.080505
0.018917 0.037225 -0.037928
-0.007325 0.0345 -0.017755
-0.036877 0.03425 -0.096632
0.01923 0.0016 -0.136943
0.0134 -0.022558 -0.005027
-0.037045 0.010525 -0.026255
0.0123 0.039325 -0.03215
-0.026517 0.033575 -0.035818
-0.0402 0.0288 -0.11407
0.02705 0.018273 -0.012037
0.03393 0.002725 -0.07058
0.0062 -0.025778 -0.005765
-0.0012 -0.02801 -0.00914
-0.008133 -0.02475 -0.06998
0.030795 0.035675 -0.102297
-0.002625 -0.01095 -0.114145
-0.037625 0.01465 -0.03025
-0.026075 0.0511 -0.12237
-0.000895 0.055025 -0.12056
-0.00301 0.055 -0.118878
-0.035898 0.002825 -0.111593
-0.0018 -0.027313 -0.033607
0.01725 -0.023373 -0.030527
-0.019175 -0.02067 -0.00842
-0.01027 -0.027 -0.061132
-0.016505 0.0496 -0.095853
-0.0128 0.030432 -0.03163
-0.02035 -0.022785 -0.01653
0.02177 0.0468 -0.104185
-0.03272 0.004752 -0.0201
0.023925 -0.019075 -0.017227
-0.0164 0.02266 -0.00019
0.027275 0.019307 -0.025745
0.033105 0.018525 -0.067078
0.018555 0.050125 -0.121865
0.00226 0.00015 -0.139295
0.00517 -0.03055 -0.048735
-0.032652 0.02505 -0.026122
-0.0249 0.022723 -0.014585
0.02945 0.008315 -0.007135
0.0253 0.02253 -0.02755
-0.03132 0.0329 -0.052162
0.0058 0.006615 0.01093
-0.00854 -0.01802 -0.0852
-0.006025 0.034755 -0.01649
-0.024237 0.051575 -0.128992
-0.01495 0.016675 0.004775
0.01707 -0.013525 -0.096952
-0.027058 -0.0004 -0.134318
0.007575 0.03365 -0.013035
0.01505 -0.02785 -0.05254
-0.032 5.2e-05 -0.024075
-0.0078 -0.02912 -0.018307
-0.0247 -0.00569 -0.001363
0.02858 -0.008235 -0.05294
-0.018935 0.04825 -0.09203
0.012977 0.00355 -0.081295
0.00772 0.0485 -0.076845
0.028375 0.003107 -0.005027
-0.0129 -0.02661 -0.01267
0.02435 0.02009 -0.00706
0.01012 0.04875 -0.08782
0.02815 0.019258 -0.017472
0.0 0.035443 -0.01942
-0.0266 0.00266 -0.03847
-0.02686 -0.00485 -0.12087
-0.022875 0.022015 -0.0327
-0.01588 0.049075 -0.090893
-0.005253 0.0525 -0.102783
0.030267 0.03695 -0.127585
0.003458 0.054325 -0.127358
-0.00295 -0.0149 -0.10201
-0.03004 0.03395 -0.05195
0.032915 0.01975 -0.123745
-0.0185 -0.022363 -0.030345
0.026 -0.01203 -0.034088
0.0212 0.026343 -0.027542
0.007475 -0.020085 -0.04294
0.015115 0.019507 -0.078405
0.008132 0.0532 -0.113577
0.022925 0.003293 0.002937
0.024855 -0.0085 -0.096885
-0.012375 0.002023 0.009918
-0.034938 0.02165 -0.026838
-0.02205 0.026588 -0.016147
-0.003375 0.035187 -0.018018
0.02245 -0.020702 -0.015262
-0.03644 0.03945 -0.116207
-0.013225 -0.019503 -0.040398
0.0059 0.03401 -0.01236
0.0 0.01471 -0.05112
0.005975 0.00029 -0.052055
-0.03789 0.0074 -0.096632
0.002225 0.017272 0.008512
-0.02195 0.026772 -0.022892
0.034337 0.0213 -0.0953
-0.0116 -0.02812 -0.02118
-0.00488 0.05535 -0.126345
0.02855 -0.012135 -0.017545
-0.01253 0.03595 -0.021802
-0.011775 0.008435 0.009585
-0.010575 -0.028107 -0.017033
-0.01768 0.048475 -0.090682
0.01715 -0.022103 -0.007538
0.002565 -0.030725 -0.049222
-0.00615 -0.028915 -0.02742
-0.03003 0.04845 -0.126785
-0.015775 0.05175 -0.10481
-0.038797 0.027825 -0.13235
-0.031462 0.004375 -0.136455
-0.01465 -0.024905 -0.010585
0.002625 0.02859 -0.039965
0.02759 0.007175 -0.134313
-0.030513 0.000275 -0.130625
-0.018452 -0.001125 -0.13871
0.024642 -0.015953 -0.039095
-0.008875 0.008333 0.01015
-0.014975 -0.0026 -0.137365
-0.029235 0.04815 -0.12991
-0.01795 0.029347 -0.025625
-0.00175 -0.024083 -0.039223
0.00825 0.02741 -0.076975
-0.03272 0.00055 -0.02086
-0.015075 0.010858 -0.047828
-4e-05 -0.0309 -0.04971
-0.020983 0.0475 -0.092253
0.024412 -0.003725 -0.11332
-0.0146 0.01543 -0.046418
-0.00525 0.01879 0.00714
0.00914 -0.0024 -0.13502
-0.006025 -0.029452 -0.02447
0.006775 -0.026215 -0.034325
-0.002135 -0.029543 -0.02631
0.01053 0.041227 -0.059228
0.0304 0.00041 -0.00808
0.003647 -0.02685 -0.06341
0.0099 0.02314 0.002898
0.014775 0.026413 -0.003675
-0.033542 -0.01565 -0.0332
0.00705 -0.027092 -0.032148
-0.012375 0.003278 -0.050878
-0.02215 -0.010645 -0.00038
0.03071 0.0222 -0.134325
0.02035 -0.021895 -0.027185
-0.017625 0.012092 -0.045672
0.003725 0.034075 -0.011895
0.00797 0.011247 -0.0799
-0.025213 -0.0004 -0.136667
-0.018207 0.03483 -0.045142
-0.0108 0.029183 -0.036225
0.016425 0.0505 -0.114767
-0.02813 -0.010225 -0.097242
-0.0299 0.01114 -0.03144
-0.00575 -0.02936 -0.016978
0.0105 0.01615 0.00768
-0.015043 -0.002825 -0.13688
0.027835 -0.0149 -0.066515
-0.016725 0.018025 -0.043355
-0.009425 0.05035 -0.090405
-0.012725 -0.019598 -0.0003
0.0012 -0.030035 -0.018575
-0.01955 -0.0233 -0.025177
0.01697 -0.001975 -0.131645
-0.002625 0.015873 0.009225
0.0 0.035168 -0.01622
0.0135 0.052075 -0.118402
0.03289 0.0101 -0.11846
-0.03165 0.003775 -0.02668
0.0 -0.013295 -0.04913
-0.01985 -0.009492 0.001963
0.007875 0.01452 0.00868
0.028657 0.037025 -0.094455
0.023085 0.021607 -0.078025
0.006675 -0.024975 -0.00445
0.0006 0.033748 -0.0101
0.01475 -0.02516 -0.029075
0.0087 -0.003027 -0.051135
0.02453 -0.004675 -0.109977
-0.002625 0.02011 0.00687
-0.035872 0.004625 -0.11927
0.0024 -0.02961 -0.0156
-0.03731 0.0033 -0.10333
0.0 0.012705 0.01071
-0.03069 0.030125 -0.0366
0.020975 0.022292 -0.00521
0.006405 -0.023641 -0.05573
0.033 0.005325 -0.03524
0.022875 -0.011193 -0.038713
0.017755 -0.020825 -0.073495
0.0029 -0.004432 -0.052075
-0.027975 0.01495 -0.00969
-0.03244 0.012202 -0.04924
0.031825 0.010475 -0.019063
-0.028258 -0.01425 -0.080453
0.02804 -0.0149 -0.06756
-0.0253 0.02253 -0.02755
0.03289 -0.003925 -0.069933
-0.029932 -0.012125 -0.083618
-0.014088 0.050175 -0.09558
-0.037465 0.0079 -0.12277
0.0105 0.02517 -0.04211
0.025955 -0.00625 -0.08307
-0.005825 -0.02921 -0.015145
-0.00905 -0.001427 -0.051275
-0.005693 -0.014 -0.104472
0.000108 -0.03105 -0.048613
0.009105 -0.0095 -0.11494
-0.0267 -0.01452 -0.01236
-0.02707 0.0426 -0.08206
-0.017513 0.054175 -0.126738
0.006025 -0.029452 -0.02447
0.02055 -0.003367 0.003788
0.024642 -0.00793 -0.083375
-0.02775 -0.01358 -0.017525
-0.036865 -0.0075 -0.05029
-0.0067 0.034695 -0.021485
-0.019777 0.0481 -0.09357
-0.00795 0.03339 -0.028025
-0.036225 0.0406 -0.120772
-0.0062 0.024113 0.003275
0.002925 -0.028143 -0.031698
0.016275 -0.025575 -0.022595
-0.0036 0.03194 -0.006285
-0.025668 0.043925 -0.08467
0.02045 -0.016195 -0.00311
-0.03648 0.039475 -0.13075
0.02236 0.0437 -0.08602
-0.03608 0.0342 -0.0846
0.024358 -0.00055 -0.12345
0.033698 0.021325 -0.0797
-0.015715 0.0501 -0.097665
-0.036228 -0.00375 -0.07011
-0.008515 0.05525 -0.126295
-0.035795 0.015975 -0.025065
0.0285 0.015418 -0.012272
0.006005 -0.00195 -0.136478
-0.013693 -0.003425 -0.135693
-0.02799 0.03555 -0.051572
-0.0297 0.037325 -0.066082
-0.02311 0.03205 -0.021695
0.00329 0.03975 -0.027723
-0.0304 0.01505 -0.01823
-0.031525 0.002188 -0.02689
-0.038543 0.0359 -0.127762
-0.0059 -0.028325 -0.01161
-0.0109 -0.02773 -0.014905
0.032625 0.0274 -0.09243
0.030148 0.01235 -0.134155
0.03272 0.012776 -0.06438
0.0 0.00211 -0.0534
0.011925 0.03061 -0.00848
-0.029395 0.027375 -0.022978
-0.00295 -0.02964 -0.02511
0.00297 -0.03095 -0.046053
-0.002672 -0.012075 -0.110678
-0.022062 0.052125 -0.12915
-0.029067 -0.016875 -0.067037
0.0116 -0.0264 -0.03062
0.02645 0.01756 -0.032085
-0.001725 0.034268 -0.012115
0.03309 0.028475 -0.11453
-0.02312 -0.00345 -0.130865
0.015 -0.015722 -0.042738
-0.00285 -0.028615 -0.02993
0.0247 0.00155 -0.041313
-0.019783 0.04645 -0.08325
-0.007615 -0.007775 -0.12357
-0.038142 0.013375 -0.121605
-0.0019 0.05085 -0.092195
0.00615 0.001895 -0.05222
-0.000585 -0.029775 -0.05394
-0.03169 0.046975 -0.129018
-0.005633 -0.022375 -0.078212
0.010777 -0.013525 -0.101692
0.019 0.027835 -0.02877
-0.011882 -0.001125 -0.139353
-0.01226 0.037925 -0.027493
-0.00485 0.02019 0.006427
-0.00295 -0.024128 -0.038975
-0.00315 -0.0015 0.011412
-0.005695 0.0382 -0.023963
-0.033975 -0.015625 -0.035067
0.019375 -0.02061 -0.008765
0.03065 -0.003718 -0.01226
-0.021875 0.0467 -0.0895
0.006695 0.05425 -0.1269
-0.02849 0.0036 -0.13894
0.0243 -0.016875 -0.02935
0.012525 -0.001172 0.009592
0.03216 -0.00365 -0.02162
-0.002625 0.022913 -0.045647
-0.01185 -0.027905 -0.02236
-0.01876 0.04955 -0.097315
0.00455 -0.029063 -0.027445
0.00047 0.03905 -0.024808
0.032275 -0.00235 -0.080582
-0.0052 0.03505 -0.018115
-0.0006 0.035283 -0.017698
-0.025955 0.032945 -0.07597
-0.037305 0.00985 -0.13037
0.01283 -0.012575 -0.102935
-0.0024 0.03549 -0.02053
0.02838 0.039525 -0.10871
-0.02572 0.0516 -0.1272
0.028465 0.03245 -0.06161
0.021435 0.025523 -0.077315
-0.004445 -0.03125 -0.043845
-0.017097 0.046675 -0.080077
-0.019697 0.048825 -0.095708
-0.03483 0.009175 -0.136355
-0.02925 0.016085 -0.02394
-0.02195 0.024388 -0.00976
0.003075 0.002002 -0.05281
-0.003785 0.05515 -0.127395
0.0012 0.03377 -0.010223
0.027625 -0.00875 -0.090055
0.03215 0.000527 -0.01774
-0.0099 0.030035 -0.035182
0.03333 0.002575 -0.069272
0.02635 -0.01629 -0.018575
-0.0058 0.011373 0.010065
0.011665 0.00187 -0.0816
-0.011665 0.02483 -0.07744
0.027435 0.0114 -0.136945
-0.0274 -0.01535 -0.02374
0.0165 -0.02012 -0.05509
-0.024455 0.0415 -0.068915
-0.025338 0.04545 -0.090445
-0.012975 0.0535 -0.111995
-0.00295 0.033255 -0.031477
-0.02589 0.0516 -0.126
-0.0151 0.031402 -0.01705
-0.037662 0.0165 -0.13359
-0.00857 -0.00325 -0.13621
-0.027268 -0.012589 -0.038485
0.01606 0.040925 -0.050763
0.003785 -0.028 -0.05939
0.0059 0.03363 -0.029355
0.00615 -0.029345 -0.02506
0.009825 -0.028572 -0.021337
0.0121 0.03214 -0.0127
0.025225 0.020222 -0.03079
-0.02315 -0.006353 -0.041445
0.008875 0.03371 -0.025603
-0.03023 0.017648 -0.03301
0.002625 -0.021193 0.00147
0.029282 0.033 -0.073498
0.008425 -0.024577 -0.036493
-0.027605 -0.022475 -0.04828
0.008425 0.030215 -0.036168
0.006405 -0.02087 -0.02474
-0.00345 -0.0296 -0.053517
-0.023065 0.0003 -0.13883
0.01682 -0.01115 -0.104365
-0.03244 0.014876 -0.064
0.0058 -0.016225 0.005063
0.012915 -0.01485 -0.095945
-0.03135 -0.001615 -0.01485
-0.011518 0.049025 -0.085085
0.0274 0.014432 -0.006837
-0.037813 0.016425 -0.13303
0.002135 0.005507 -0.08094
0.0 -0.008935 -0.051185
0.024305 0.04185 -0.090775
0.012973 0.048625 -0.095777
-0.015475 0.0483 -0.086433
-0.01053 0.035881 -0.029708
-0.001245 -0.0015 -0.13877
-0.01845 0.053125 -0.128935
0.000615 -0.0313 -0.045075
-0.026183 -0.024875 -0.04206
-0.025858 0.0407 -0.069357
0.026673 0.000725 -0.123185
-0.025257 -0.008025 -0.111823
0.030625 -0.00041 -0.030485
0.02285 -0.020668 -0.022443
0.02435 -0.014782 -0.0339
-0.018207 -0.016155 -0.069617
0.0012 -0.02729 -0.03373
0.02025 0.002975 0.004682
0.02746 0.0395 -0.1313
-0.036298 0.031575 -0.074858
-0.031525 0.003117 -0.01407
-0.037772 0.002625 -0.028912
0.002625 -0.020145 0.002703
0.028375 -0.01302 -0.020653
-0.02211 -0.001525 -0.136777
-0.018938 -0.0046 -0.13078
0.031635 0.0046 -0.10832
-0.029735 0.03615 -0.061327
0.0317 0.008403 -0.016315
-0.026315 0.0423 -0.07877
-0.031377 0.046825 -0.12998
-0.0142 -0.01375 -0.104135
0.007475 0.017458 0.007482
0.013002 -0.017775 -0.086873
0.02701 0.04215 -0.128163
0.033772 0.01425 -0.101902
0.024642 -0.013279 -0.053855
0.01055 -0.027298 -0.028345
0.02402 0.044675 -0.107935
-0.030275 0.02945 -0.031285
0.0 0.026588 -0.042948
-0.00225 0.035135 -0.016885
-0.0213 0.0469 -0.089265
0.005725 -0.01879 -0.044333
0.016525 0.024087 -0.00232
-0.02248 0.046 -0.08663
-0.018135 0.000125 -0.139525
-0.029853 0.028775 -0.027353
0.007875 0.03086 -0.005637
-0.00525 -0.02005 0.002185
0.01545 0.03109 -0.01533
0.010875 0.03259 -0.027837
-0.01425 0.01832 -0.044978
-0.002225 -0.018665 -0.045023
0.014608 -0.00495 -0.124738
0.0144 0.018297 -0.044853
-0.033737 -0.01585 -0.033372
0.00342 0.0388 -0.02339
-0.02445 -0.01702 -0.028565
-0.007 -0.0213 -0.04199
-0.019203 0.0483 -0.093335
-0.026623 0.040875 -0.072702
0.0176 0.02899 -0.012155
-0.00131 0.0492 -0.082135
-0.00797 0.004752 -0.0201
0.002417 -0.030575 -0.05032
-0.004075 0.03417 -0.01241
0.003465 -0.0078 -0.121905
0.006303 0.05275 -0.107795
9.7e-05 -0.022225 -0.078745
-0.035477 0.007575 -0.130875
0.020123 0.027205 -0.07701
0.029405 0.022278 -0.047415
-0.030922 -0.01735 -0.057282
-0.018595 -0.01025 -0.11207
0.010575 0.05365 -0.122038
-0.012925 0.03278 -0.020455
-0.023825 -0.013085 -0.03626
0.00815 0.023985 -0.04357
-0.017102 0.046125 -0.076795
0.03272 0.007427 -0.03486
0.025925 0.022287 -0.019185
0.0305 0.01575 -0.1356
0.0 -0.025215 -0.003122
-0.020975 -0.014887 -0.00234
-0.024087 0.051375 -0.129335
0.02925 0.014015 -0.012525
-0.035577 -0.002475 -0.088972
0.00225 0.035135 -0.016885
-0.01053 -0.025227 -0.040772
0.02333 -0.017635 -0.0394
-0.02944 -0.00175 -0.12619
0.029825 -0.010265 -0.019875
0.03263 0.0284 -0.12919
0.022475 -0.009178 0.000215
-0.0271 0.018322 -0.012308
0.010875 -0.02729 -0.013123
0.01881 0.01819 -0.017665
-0.019823 5e-05 -0.139205
-0.03397 0.0317 -0.061905
-0.03259 -0.014 -0.056857
0.02125 0.027298 -0.020055
-0.012837 0.050675 -0.097538
0.002135 -0.013308 -0.02337
0.02374 0.00445 -0.137185
-0.03537 0.0189 -0.024665
0.03244 0.01755 -0.07876
0.030908 0.033875 -0.092248
0.009575 0.033968 -0.02281
0.024682 0.040075 -0.080893
-0.01418 0.05465 -0.12203
0.03125 -0.005683 -0.019042
-0.007875 -0.01216 -0.04837
0.00427 -0.021148 -0.02479
-0.019637 0.0372 -0.035025
0.02242 0.037275 -0.046273
-0.024642 -0.018628 -0.024335
0.024185 0.037075 -0.054293
0.003565 0.04825 -0.075842
0.021622 -0.0109 -0.083912
0.005075 0.03503 -0.020663
-0.008475 -0.026517 -0.032652
0.0 0.01759 -0.049635
-0.0012 0.035397 -0.019175
0.00295 0.02745 0.00055
-0.012065 0.055 -0.121835
-0.013538 -0.0052 -0.130352
-0.024255 -0.0025 -0.132685
-0.0059 -0.023245 -0.03965
-0.0248 -0.006795 -0.03901
0.0077 -0.028448 -0.027335
0.010575 0.030245 -0.00646
0.02055 0.008678 -0.044748
-0.02304 -0.0075 -0.11748
0.032618 0.027625 -0.093763
-0.017168 -0.004375 -0.131927
-0.015078 -0.005225 -0.129835
-0.033905 0.0238 -0.028425
-0.003075 -0.00465 0.010867
-0.03694 0.033475 -0.093828
-0.008475 -0.021477 -0.041008
0.01721 0.049275 -0.129438
0.002768 -0.017325 -0.093238
-0.015 0.027668 -0.034873
-0.027392 0.049875 -0.129155
-0.02325 0.032275 -0.021902
-0.012292 0.0415 -0.044155
-0.014292 -0.000875 -0.13935
-0.037735 0.036575 -0.13194
-0.02025 0.011775 -0.043925
-0.00804 -0.01095 -0.113965
0.00925 0.03329 -0.01371
-0.03503 0.00895 -0.135648
-0.019558 0.03285 -0.0214
-0.00624 0.053525 -0.108828
-0.028387 0.038075 -0.065637
0.0129 0.032505 -0.02315
0.014937 -7.5e-05 -0.13715
0.003075 0.016043 -0.049787
-0.03125 -0.000973 -0.027385
0.002135 0.01861 -0.01759
0.016175 0.02973 -0.01202
0.0274 -0.01535 -0.02374
0.0 0.00265 -0.02048
0.00026 0.053775 -0.128718
-0.025368 0.0444 -0.086088
-0.02654 0.04785 -0.105157
0.014075 0.019765 -0.044257
-0.026595 0.03245 -0.030635
0.028625 -6.7e-05 -0.005447
-0.023673 -0.007225 -0.117663
0.01775 0.028168 -0.030615
-0.004675 -0.02917 -0.026855
0.02248 0.0468 -0.128922
-0.0016 -0.029573 -0.026315
0.012375 0.002023 0.009918
-0.01429 0.01077 -0.01901
0.00445 -0.013455 -0.048245
0.02375 -0.01531 -0.00798
0.022125 -0.01988 -0.0128
-0.007925 0.027753 -0.001123
-0.02375 0.01509 -0.002475
0.007037 0.05425 -0.123815
-0.013525 -0.008082 -0.047885
0.0281 -0.00768 -0.03414
0.00905 0.000183 -0.051465
0.012575 -0.023107 -0.0362
0.023785 0.0365 -0.04896
0.00705 0.0324 -0.008815
-0.019297 0.041175 -0.05448
0.0169 -0.002115 -0.04746
-0.00797 0.00055 -0.02086
-0.025955 -0.008924 -0.06831
-0.017225 -0.015988 -0.041285
0.021622 -0.0216 -0.024873
-0.02018 -0.01105 -0.10623
0.0253 0.01879 -0.00689
-0.02149 0.05325 -0.12674
-0.00525 0.032692 -0.032573
-0.03049 0.03565 -0.06148
0.00854 -0.026037 -0.04092
0.033045 -0.0028 -0.06982
0.01465 -0.024905 -0.010585
-0.00345 0.033505 -0.00961
-0.0086 -0.0147 -0.10181
-0.035565 -0.01305 -0.03633
-0.012825 0.05085 -0.09872
-0.022783 0.04585 -0.086732
-0.01058 0.0513 -0.1016
0.00854 0.04471 -0.07384
0.016245 0.042325 -0.061003
0.02419 0.01755 -0.07876
0.011123 -0.0055 -0.125448
-0.023628 0.046125 -0.09016
-0.0024 0.032637 -0.00748
0.01795 0.00744 -0.0469
-0.02915 -0.00667 -0.03101
-0.01614 0.03605 -0.025925
0.01672 -0.0102 -0.10733
0.027587 0.041775 -0.123015
-0.03309 0.006875 -0.136658
0.033525 0.010125 -0.10258
-0.02435 0.021618 -0.03051
-0.005975 0.00823 0.010715
-0.034085 -0.00565 -0.085945
-0.019617 0.051875 -0.111182
-0.02808 -0.008475 -0.104577
-0.005775 -0.0148 -0.10191
0.02004 0.04025 -0.059183
-0.020425 -0.00425 -0.13075
-0.003222 0.055125 -0.127367
-0.0116 -0.00474 -0.05038
0.030775 -0.002155 -0.0119
-0.028125 0.011607 -0.034023
-0.02641 0.0303 -0.022765
-0.005675 -0.02951 -0.01881
-0.014025 -0.026522 -0.025765
-0.019955 -0.00035 -0.13894
0.004575 -0.027545 -0.03233
-0.017225 0.027405 -0.033422
0.024825 0.009433 -0.039958
0.0149 -0.026085 -0.015575
-0.0059 -0.02956 -0.02388
-0.01805 -0.021968 -0.032535
-0.0048 0.0305 -0.00365
0.0194 -0.0119 -0.04283
0.03359 0.009475 -0.099905
0.024 0.00345 -0.135027
0.00875 -0.02884 -0.02253
-0.0321 0.046875 -0.127178
0.012375 0.003278 -0.050878
0.018182 0.050475 -0.12628
-0.031992 -0.0063 -0.09637
-0.028978 -0.00965 -0.097135
-0.020622 -0.001875 -0.136807
0.0058 -0.001315 -0.05189
-0.0024 0.031895 -0.00604
0.030025 0.00958 -0.0318
0.03185 -0.002618 -0.01831
-0.00455 -0.029063 -0.027445
0.012632 0.037775 -0.029738
-0.0366 0.0262 -0.05387
-0.019865 0.05045 -0.103705
0.000645 -0.02605 -0.06703
-0.019525 -0.01096 0.001367
0.019483 -0.01005 -0.10273
-0.02333 0.028285 -0.03108
-0.029775 0.034175 -0.0519
-0.003 0.031918 -0.006163
0.00525 -0.027867 -0.00993
0.003075 -0.010732 0.008828
-0.0101 -0.020923 -7e-06
0.0234 -0.009695 -0.038975
0.008715 -0.015275 -0.097762
-0.038025 0.0206 -0.05529
-0.004075 -0.029693 -0.023977
-0.0067 -0.02939 -0.019475
-0.026865 0.04195 -0.079007
-0.02986 0.04845 -0.127985
0.033413 0.025625 -0.09979
-0.030642 0.026825 -0.023677
-0.009875 0.029025 -0.003938
-0.025348 -0.0057 -0.120948
0.0029 0.006512 0.011495
-0.001932 0.050575 -0.090483
0.010858 -0.0173 -0.089952
0.0 -0.02972 -0.02634
0.02585 -0.016112 -0.026545
-0.0093 0.001915 0.010507
-0.006405 0.044987 -0.07379
-0.031095 0.0262 -0.0236
-0.039435 0.025075 -0.121675
-0.021622 -0.0109 -0.083912
0.03275 0.001077 -0.020765
0.03394 0.004125 -0.076715
-0.01603 0.0544 -0.12798
0.0058 0.009835 0.01055
0.026525 -0.012497 -0.031505
-0.024152 0.04435 -0.082715
-0.031225 -0.003178 -0.01521
-0.02285 0.025183 -0.01414
-0.0194 -0.01881 -0.00465
-0.02161 -0.009275 -0.111855
-0.027115 -0.018525 -0.067432
-0.026597 0.042075 -0.078932
-0.03289 0.03465 -0.071185
-0.003075 -0.002827 -0.05224
0.028738 -0.00165 -0.105793
-0.021227 0.04645 -0.086535
-0.014965 0.0541 -0.128522
0.0 0.035195 -0.02424
-0.040065 0.026025 -0.10282
0.003 -0.029778 -0.017332
0.0077 0.033758 -0.013625
0.0 -0.014708 -0.048345
-0.0006 -0.028012 -0.032415
-0.0172 0.007465 0.00626
0.028108 -0.01385 -0.07164
0.02245 -0.007802 -0.041428
-0.03061 0.032375 -0.0469
-0.010925 0.031527 -0.00933
0.033465 0.0044 -0.09655
-0.012035 0.05435 -0.128623
-0.0129 0.02731 -0.0029
-0.020975 0.02019 -0.03862
0.0267 -0.01058 -0.034105
-0.010385 0.03525 -0.075555
-0.013852 0.04985 -0.092788
-0.0159 0.028105 -0.007257
0.00288 -0.0153 -0.099215
0.029275 0.039825 -0.127782
0.023925 0.015478 -0.037997
-0.02035 -0.022687 -0.022807
-0.0194 0.0172 0.00187
0.01791 -0.0219 -0.06996
-0.00925 0.033717 -0.01607
-0.035943 0.003725 -0.115442
-0.029725 0.01249 -0.012802
-0.03505 -0.0121 -0.045797
-0.01025 -0.026035 -0.03264
-0.02364 0.04615 -0.090145
0.0018 -0.028058 -0.032165
-0.02055 -0.00022 0.004358
-0.030875 0.013525 -0.018507
-0.037515 0.036475 -0.132215
0.020735 0.00455 -0.13828
0.00295 -0.02964 -0.02511
0.0036 0.03194 -0.006285
-0.012585 -0.02805 -0.056335
-0.01465 0.024985 -0.001545
-0.029743 0.031025 -0.036302
0.03308 -0.0039 -0.07037
0.01451 0.036931 -0.044762
0.0159 0.031122 -0.023932
0.01875 -0.022592 -0.02909
-0.004465 0.054175 -0.112518
0.02411 0.04265 -0.094967
0.015475 -0.018027 -0.00098
-0.026365 0.049175 -0.111428
-0.02039 -0.00165 -0.137345
-0.027268 -0.009916 -0.053245
-0.0183 0.02961 -0.0156
-0.0063 0.00509 -0.051895
-0.0238 0.015505 -0.038145
-0.025225 0.015487 -0.004665
-0.015843 0.053725 -0.128865
0.00423 0.05415 -0.118767
0.027525 0.0331 -0.057817
-0.0253 0.01879 -0.00689
-0.02134 0.0532 -0.12802
0.006063 -0.022875 -0.075395
0.03015 0.001725 -0.0333
-0.02858 0.02958 -0.07658
-0.017432 0.054125 -0.12735
-0.00875 -0.02884 -0.02253
-0.024875 -0.01525 -0.031318
0.012977 0.001225 -0.138737
0.006405 -0.020968 -0.07049
-0.02235 -0.01802 -0.00903
-0.0297 -0.009288 -0.016573
0.015302 -0.019325 -0.080258
0.0165 0.00265 -0.02048
0.0018 -0.030013 -0.018698
-0.0264 -0.0105 -0.10043
-0.0058 -0.004535 -0.05151
-0.00935 0.025615 0.000725
0.026575 -0.01536 -0.01574
-0.032453 0.02425 -0.024
-0.02752 -0.00915 -0.103195
0.028205 0.003375 -0.122908
-0.005825 0.03062 -0.004312
0.0168 -0.021632 -0.03438
0.00485 -0.029838 -0.022328
0.01213 -0.028525 -0.049818
0.024525 -0.01627 -0.010695
-0.03807 0.025725 -0.076453
0.00872 -0.01485 -0.099105
-0.013775 0.031615 -0.014015
0.029057 0.033675 -0.076592
0.03185 0.002675 -0.100965
-0.01866 -0.0055 -0.12807
-0.002625 0.025447 -0.043662
-0.021575 -0.010845 -0.040657
0.00525 -0.02005 0.002185
-0.02335 0.025215 -0.021322
-0.020857 0.051875 -0.1135
-0.027755 -0.02125 -0.053127
0.015925 0.031188 -0.020085
0.031225 0.006268 -0.0135
-0.010333 -0.002475 -0.138033
-0.01252 -0.016395 -0.084905
0.03184 0.0214 -0.13224
-0.036147 0.0411 -0.122627
0.03135 0.00063 -0.02725
-0.033135 0.043225 -0.110445
-0.00261 0.0514 -0.09539
-0.0035 0.031968 -0.034327
0.017 -0.0263 -0.053075
0.019565 -0.0109 -0.099895
-0.013068 0.054925 -0.12768
-0.00895 -0.027525 -0.011822
0.010822 -0.014425 -0.098867
0.005525 -0.018772 0.003128
0.011775 0.018615 -0.0466
-0.011352 0.05085 -0.096703
-0.0035 -0.027445 -0.00805
-0.009175 -0.02935 -0.052528
-0.02073 -0.0264 -0.037893
-0.03136 0.031775 -0.047013
-0.002323 0.054175 -0.1127
-0.019458 0.0478 -0.090487
-0.03188 -0.00575 -0.022
-0.03417 0.0453 -0.12757
0.0254 -0.017447 -0.019192
-0.030937 0.046625 -0.13053
-0.003075 0.011507 -0.051395
-0.031407 -0.0195 -0.038348
-0.03715 0.0389 -0.127072
0.031057 0.028 -0.064553
0.0224 -0.01948 -0.02901
-0.00427 -0.021244 -0.07054
-0.014075 -0.005032 -0.048755
0.027215 0.042125 -0.12743
0.001475 -0.02968 -0.025725
-0.00661 -0.00365 -0.13482
0.032125 0.003665 -0.017095
0.02375 0.02062 -0.03298
-0.017175 0.016937 0.003322
-0.015225 -0.018057 -0.000808
0.031328 0.015125 -0.134438
0.030875 0.013525 -0.018507
0.00871 -0.0157 -0.09642
-0.031078 -0.015075 -0.066622
-0.016025 -0.015472 0.000905
0.007325 -0.0292 -0.023205
-0.02718 -0.01735 -0.071835
-0.006655 -0.00195 -0.138753
-0.02855 0.011425 -0.006925
0.007375 0.03345 -0.02837
-0.0285 0.00153 -0.005285
-0.030065 -0.017 -0.062408
0.0074 0.032495 -0.00933
0.000402 -0.03135 -0.046418
-0.029125 -0.009802 -0.013718
-0.014335 0.053225 -0.11175
0.0183 -0.02431 -0.02536
0.026645 0.03845 -0.087135
-0.026 0.0431 -0.08176
0.0012 -0.028035 -0.03229
0.01646 0.0415 -0.056095
0.02031 -0.018725 -0.074255
-0.030025 0.005172 -0.00745
-0.024067 0.0517 -0.120295
-0.018723 0.04735 -0.086345
0.031445 0.02215 -0.133685
0.014075 -0.028075 -0.051638
-0.0024 0.03472 -0.02697
-0.019925 0.024882 -0.033502
0.0238 -0.003187 -0.041535
0.02381 0.0041 -0.136492
0.0 0.02143 0.0066
-0.018703 -0.027775 -0.044105
0.009225 0.003513 0.01067
-0.027175 -0.010475 -0.098837
-0.020333 0.048125 -0.093978
0.012225 0.02976 -0.033657
-0.009375 0.033397 -0.0143
0.02125 -0.02199 -0.020905
-0.009225 0.005123 0.01048
-0.02858 -0.00289 -0.08246
-0.0035 0.027468 0.000453
0.032097 0.0176 -0.1315
0.029407 0.008225 -0.129698
-0.03216 0.016977 -0.06362
0.006675 -0.01636 -0.046232
0.006865 0.0544 -0.12619
0.006225 -0.007635 0.009388
0.00525 0.026402 -0.041912
-0.016635 0.0542 -0.12186
0.0197 0.02196 -0.003365
-0.00876 -0.0164 -0.096695
0.00427 0.026453 -0.01617
0.009283 -0.0082 -0.118835
-0.0135 0.026835 -0.037285
0.0257 0.01501 -0.035415
0.03268 0.02175 -0.066625
0.03275 0.004225 -0.020195
-0.01431 0.052525 -0.107593
0.0196 0.04175 -0.067185
0.010775 0.021977 0.003575
-0.027975 -0.009647 -0.03127
0.03326 0.0063 -0.10457
-0.016525 0.04945 -0.094665
-0.00315 0.0017 0.011687
0.0029 0.020367 -0.047582
-0.005525 -0.016232 0.005112
-0.016792 0.0495 -0.09597
0.024745 0.044475 -0.128542
0.0138 0.021042 -0.043315
0.031055 -0.007707 -0.022355
-0.0323 0.00895 -0.01934
0.000645 0.05525 -0.12551
-0.03681 0.0362 -0.10416
0.014975 0.05125 -0.12843
-0.034575 -0.00505 -0.07938
-0.03813 0.013875 -0.123625
-0.006405 -0.028988 -0.02621
-0.0139 -0.026347 -0.014122
-0.023425 0.023555 -0.012172
0.02685 0.005855 -0.038145
-0.035058 0.043125 -0.117777
0.012725 0.016413 0.006227
-0.022125 0.021057 -0.005385
0.0167 -0.020205 -0.03651
-0.01706 0.0532 -0.12922
0.0341 0.00845 -0.076275
0.0 0.029328 -0.001393
-0.03123 -0.0049 -0.109407
0.02105 0.0494 -0.12555
-0.031427 0.030625 -0.041863
0.008453 0.054125 -0.126175
-0.0191 0.029 -0.01797
-0.008877 0.05185 -0.101333
-0.009875 -0.02372 -0.037023
-0.01761 0.04825 -0.089205
0.013 -0.00958 -0.047623
0.018985 0.049275 -0.114545
-0.005825 0.03451 -0.025815
-0.005695 0.050325 -0.089588
0.023177 0.0359 -0.044785
-0.03292 0.044375 -0.11501
-0.01655 -0.005325 -0.04713
-0.0077 0.034185 -0.015985
0.0216 -0.020885 -0.027003
0.013425 -0.025995 -0.028668
-0.017675 0.002648 -0.047387
0.001725 -0.028963 -0.028848
0.025515 0.00625 -0.137405
0.030645 -0.00305 -0.089335
0.012977 0.023147 -0.077745
0.02039 -0.023375 -0.057758
-0.02858 -0.010908 -0.03818
-0.032707 -0.000825 -0.116522
0.03177 0.030525 -0.091672
-0.03644 0.01645 -0.025665
-0.025345 0.03945 -0.06027
-0.0018 -0.030012 -0.018698
-0.023945 0.045 -0.085633
-0.023185 0.051025 -0.113545
0.012163 -0.028375 -0.049555
-0.019138 0.05375 -0.12366
-0.01455 0.018075 0.004062
0.01416 0.050925 -0.108215
-0.00485 0.033725 -0.010815
-0.036345 -0.007625 -0.035075
0.0103 -0.024685 -0.00605
-0.016428 -0.0027 -0.136847
0.024905 -0.008975 -0.095402
0.028878 0.035325 -0.08485
-0.02086 -0.01775 -0.08118
-0.0026 -0.029118 -0.027988
-0.00445 0.02405 0.00362
-0.00615 0.003405 0.01126
-0.0029 0.018927 -0.048325
0.01312 0.00045 -0.138378
0.020375 0.001378 0.00452
-0.025318 0.04965 -0.111332
0.008875 -0.013408 0.006208
0.017625 0.002658 0.006427
-0.023845 -0.014775 -0.08783
-0.013238 0.054475 -0.118445
0.034502 0.018675 -0.083232
0.010165 -0.0296 -0.048775
0.03374 0.020975 -0.11269
-0.028538 0.04745 -0.111758
-0.0018 0.032615 -0.007358
0.031078 0.022175 -0.134005
0.01025 0.031345 -0.00832
-0.00854 -0.026037 -0.04092
-0.01078 0.0515 -0.101835
0.024825 -0.004128 -0.001002
-0.035925 -0.0073 -0.056007
0.02282 0.03785 -0.051605
-0.024642 0.02393 -0.016625
0.028292 0.00215 -0.119292
-0.039398 0.0257 -0.123885
0.00581 -0.014225 -0.101845
-0.01605 -0.014398 -0.043055
0.013275 -0.008055 -0.048058
0.031725 0.031525 -0.096982
0.022177 -0.009325 -0.099743
-0.020048 -0.000775 -0.138665
0.011287 -0.000725 -0.137455
-0.028935 0.037625 -0.06585
0.006275 -0.029477 -0.021653
0.02045 -0.015295 -0.03811
-0.019 0.027835 -0.02877
-0.02337 0.035 -0.03015
-0.0253 -0.01723 -0.01341
0.015145 0.0514 -0.12772
-0.037195 0.027825 -0.072388
0.0274 0.018473 -0.029125
0.00808 0.0479 -0.073197
0.01725 0.030547 -0.02076
0.022625 -0.014445 -0.004775
-0.02996 0.026775 -0.023158
-0.012375 -0.00742 0.008207
-0.00868 -0.0209 -0.081985
0.0093 -0.023047 -0.002323
0.009957 0.00058 -0.081832
-0.006025 0.034118 -0.01295
0.033662 0.0155 -0.106688
0.009375 -0.001282 0.010208
-0.008237 -0.012025 -0.11045
0.011028 -0.02945 -0.05066
-0.008425 0.030215 -0.036168
-0.012375 0.02374 -0.016663
-0.010315 -0.0042 -0.1336
-0.002225 0.02274 0.00511
-0.023085 0.010915 -0.018985
0.01505 -0.007102 0.006462
-0.01785 0.028757 -0.02812
0.007875 -0.009212 -0.04964
-0.003975 -0.01996 -0.04363
0.030395 0.022325 -0.134545
-0.005675 0.034815 -0.02215
0.01715 -0.0007 -0.13509
-0.0374 0.0051 -0.11103
-0.02599 0.048125 -0.105053
-0.036128 0.019925 -0.02714
0.020123 -0.00051 -0.08203
-0.024 -0.0061 -0.12089
0.03244 0.006855 -0.01972
0.029388 0.0318 -0.067998
-0.011835 0.05405 -0.11423
0.0289 -0.01255 -0.023235
-0.02338 0.03375 -0.02613
-0.017515 -0.018325 -0.08491
0.0201 -0.022915 -0.021555
-0.010465 -0.0307 -0.04505
-0.006882 0.05425 -0.128985
0.0047 -0.02221 -0.041165
-0.02333 -0.012285 -0.06892
-0.020227 -0.005775 -0.126068
-0.01555 0.054225 -0.12011
0.032773 0.024075 -0.126467
0.0166 -0.018777 -0.03864
-0.037885 0.0365 -0.13138
-0.025025 0.051525 -0.12224
-0.03821 0.005925 -0.081115
0.01558 0.0445 -0.0721
-0.015275 0.021068 0.00158
-0.021565 0.053275 -0.1261
-0.0024 -0.02808 -0.03204
0.02858 -0.005563 -0.0677
-0.016575 -0.005425 -0.128788
0.03203 0.001025 -0.094255
0.016 -0.01672 -0.00021
0.000745 -0.0309 -0.044585
-0.010955 0.049725 -0.088345
0.0185 0.01242 0.004283
0.0 -0.02024 0.00322
-0.0067 0.032305 -0.0083
-0.008468 -0.0018 -0.1388
0.01505 0.030725 -0.027487
-0.040162 0.029425 -0.11628
0.01879 0.0437 -0.077022
0.028875 0.0342 -0.132395
0.033915 0.006075 -0.085245
-0.02825 0.004705 -0.004865
0.00295 -0.022148 -0.04151
0.0087 -0.004637 -0.050945
-0.016778 0.054 -0.120025
-0.0228 0.00489 0.0031
-0.009855 0.0512 -0.09705
-0.015275 0.007755 -0.048645
-0.016037 0.047575 -0.083173
-0.0063 -0.029475 -0.021677
-0.034255 0.00235 -0.11981
-0.01202 0.0541 -0.12897
-0.008395 -0.009365 -0.083632
-0.0078 0.031643 -0.0073
0.0116 -0.01475 0.00492
-0.026475 0.004238 -0.00228
-0.0192 0.028292 -0.01406
-0.002135 0.010492 -0.01906
0.033928 0.0124 -0.09396
-0.01234 -0.0033 -0.13646
-0.0006 0.035365 -0.022507
-0.004388 0.036925 -0.022223
-0.016872 -0.025425 -0.059615
-0.0064 -0.02913 -0.02624
-0.00665 -0.029383 -0.022195
-0.02245 -0.020702 -0.015262
-0.00525 -0.026597 -0.006983
-0.029385 0.04835 -0.129568
-0.02375 -0.00979 -0.038485
-0.024642 -0.010604 -0.068615
0.00595 -0.0051 -0.128608
-0.016217 0.03445 -0.021713
-0.00815 0.022718 -0.044562
-0.01368 -0.0257 -0.06494
-0.01565 -0.024643 -0.012038
-0.0215 0.02717 -0.02508
-0.016175 -0.025672 -0.022055
-0.022975 0.023157 -0.009983
0.01677 0.0011 -0.138073
-0.018865 0.048025 -0.090553
0.027732 -0.0149 -0.065993
-0.017332 -0.0143 -0.09879
0.00175 0.022723 0.005207
0.017175 -0.019072 -0.0032
0.01245 0.0444 -0.062822
-0.024642 -0.015953 -0.039095
-0.027268 0.028589 -0.061515
-0.026493 0.04355 -0.084855
-0.017165 -0.012025 -0.106445
-0.024582 0.04265 -0.075163
-0.0093 -0.00598 0.00923
-0.00825 0.01335 -0.07952
-0.0314 0.004705 -0.01386
-0.028645 0.046875 -0.109475
-0.017088 -0.023025 -0.068865
0.028435 0.03895 -0.105322
-0.037973 0.00075 -0.074277
0.00579 -0.00285 -0.134753
-0.020817 -0.008875 -0.114775
-0.030025 0.012117 -0.028138
-0.0178 0.004245 -0.047225
0.017925 0.025848 -0.006295
-0.023085 0.005085 -0.081015
0.03366 0.0219 -0.082412
-0.037528 0.00255 -0.028703
-0.0094 -0.022628 -0.038855
0.002135 -0.024194 -0.05583
0.028633 0.037525 -0.09712
0.033545 0.018725 -0.067943
-0.025125 -0.005 -0.123685
-0.0036 -0.025145 -0.037557
0.0006 -0.029973 -0.023263
-0.008625 0.0547 -0.128285
0.01692 -0.0121 -0.1014
-0.006832 0.054725 -0.128252
-0.0116 0.01004 0.00942
-0.026865 0.0383 -0.060547
-0.005563 0.038875 -0.025803
-0.022975 -0.017855 -0.030978
0.013115 -0.028775 -0.051243
0.020975 -0.014887 -0.00234
-0.01252 -0.02709 -0.025865
-0.035788 0.005625 -0.12328
-0.026418 -0.024775 -0.036927
-0.034337 0.02045 -0.024325
0.007875 0.016057 0.008195
0.031342 0.0335 -0.124472
-0.031225 0.011022 -0.022087
0.013575 -0.02345 -0.069095
0.008075 0.032678 -0.01034
-0.0165 -0.02012 -0.05509
-0.006363 0.054375 -0.114542
-0.01685 -0.01885 -0.038248
0.0016 0.034883 -0.014645
-0.030775 -0.0186 -0.052365
0.0059 0.02855 -0.00131
-0.01195 0.01717 -0.04732
0.00645 0.027575 -0.00014
-0.038167 0.012375 -0.117565
-0.00345 -0.028205 -0.031355
-0.03861 0.02105 -0.12842
-0.022925 0.05155 -0.129585
0.010788 -0.012575 -0.104373
-0.009225 0.000178 -0.05144
-0.032802 -0.003525 -0.105017
-0.012242 -0.00405 -0.134255
-0.0029 0.01127 0.01063
0.001475 0.0511 -0.092975
-0.01505 0.002962 -0.049132
-0.026725 0.001052 -0.002653
-0.019915 0.036215 -0.060135
0.034088 0.01745 -0.097263
-0.03215 0.003677 -0.01717
-0.011925 -0.027742 -0.019052
-0.034365 0.0449 -0.125693
-0.008475 -0.0015 -0.138965
0.00345 0.035365 -0.01984
-0.019283 -0.006225 -0.124778
0.01465 0.024985 -0.001545
0.00592 0.050525 -0.088955
-0.034305 -0.00125 -0.104455
-0.039108 0.030925 -0.109508
0.02735 0.01457 -0.03298
0.0063 -0.006085 0.009795
-0.01752 0.0503 -0.0988
0.03408 0.02415 -0.10854
-0.028375 0.017388 -0.015143
-0.009 0.033075 -0.01253
-0.035492 0.040375 -0.107153
-0.003 -0.029967 -0.018943
-0.005592 0.052525 -0.10312
-0.0127 0.028955 -0.03497
0.010132 -0.02975 -0.049038
0.0192 0.029015 -0.02378
-0.010455 -0.003275 -0.136335
0.019725 -0.016657 -0.037595
-0.037237 0.010325 -0.13215
-0.01455 -0.01277 -0.045023
-0.017415 0.04935 -0.096712
-0.002225 0.02151 0.006157
-0.015282 0.054725 -0.126043
-0.0299 -0.00584 -0.00952
-0.01105 -0.00779 -0.04951
0.015825 -0.02411 -0.030662
0.01805 0.027275 -0.008425
0.0 0.00319 0.01244
0.008475 -0.027142 -0.009723
-0.005725 0.025325 0.002325
0.01235 0.032355 -0.01388
-0.0266 0.031825 -0.028625
0.013557 -0.024525 -0.065228
-0.006543 0.0552 -0.121985
0.014082 -0.00645 -0.083105
-0.01429 0.00523 -0.08099
-0.006725 0.05215 -0.10172
-0.038117 0.0036 -0.03444
0.014925 0.003938 0.008335
0.01834 0.05055 -0.125525
0.011175 0.020577 0.004287
-0.003075 -0.007745 0.010003
-0.020495 -0.02035 -0.07279
-0.022478 0.0528 -0.127515
0.02191 0.0477 -0.11091
-0.029853 0.03305 -0.046718
-0.0267 0.015885 -0.006855
0.030275 0.003313 -0.03309
-0.020087 0.053525 -0.12737
0.02815 -0.01395 -0.023488
-0.0029 0.017487 -0.049068
-0.037037 0.0024 -0.028283
-0.01615 0.0348 -0.021905
0.00924 -0.025 -0.06823
0.01325 0.023598 -0.04143
0.006275 0.034785 -0.019307
-0.02391 -0.00365 -0.02162
-0.00345 -0.030055 -0.02112
-0.007375 -0.023423 -0.038668
0.002877 0.049725 -0.08485
0.007475 -0.012147 -0.048443
0.00455 -0.029493 -0.025085
-0.01125 0.033225 -0.022917
-0.01451 -0.023606 -0.040477
0.03075 0.011452 -0.01576
0.002947 -0.014025 -0.1032
-0.018 0.04735 -0.084702
0.00685 0.03074 -0.004975
-0.02285 -0.019875 -0.02682
-0.015075 -0.005555 0.006868
-0.010775 -0.018583 0.002092
-0.0208 0.027595 -0.015965
-0.02785 -0.011615 -0.0284
-0.031055 0.00031 -0.066635
-0.02419 0.046625 -0.093145
-0.010297 0.055175 -0.126938
0.03228 -0.00165 -0.08365
-0.011325 0.021337 -0.044937
-0.011645 0.051125 -0.099827
-0.03523 0.008725 -0.13494
-0.036438 0.017325 -0.136162
-0.02215 0.008055 0.00301
0.028265 0.010725 -0.13628
-0.025355 0.04345 -0.081585
-0.00455 0.032843 -0.00861
-0.027268 0.031263 -0.076275
-0.003975 0.033567 -0.009955
-0.00175 0.026413 0.002065
0.0305 0.010592 -0.028415
0.0018 -0.02849 -0.030615
-0.025825 0.022063 -0.024968
0.031025 0.004337 -0.02978
0.025507 -0.01665 -0.06816
-0.036505 0.02295 -0.135565
-0.03135 0.006925 -0.02611
0.0052 0.03382 -0.01133
0.00415 -0.028872 -0.0128
-0.0257 -0.00368 -0.0388
-0.0234 -0.016085 -0.03373
-0.011375 -0.01385 -0.104235
-0.025982 0.05135 -0.124185
-0.019517 -0.026325 -0.049987
-0.02339 0.0325 -0.02211
-0.029723 0.02945 -0.029195
0.0182 -0.023973 -0.015727
-0.006318 0.0541 -0.112455
0.004625 0.04105 -0.034017
0.00685 -0.02909 -0.01581
0.0285 0.006928 -0.035103
-0.004725 -0.02948 -0.016313
-0.017997 0.0489 -0.094653
-0.00175 -0.026723 -0.006293
-0.01935 0.009343 0.00459
-0.01594 0.006855 -0.01972
-0.003755 0.0553 -0.12629
0.029405 0.02495 -0.062175
0.01655 -0.005325 -0.04713
0.024575 0.005358 0.000515
-0.010273 -0.004375 -0.13307
-0.038155 0.012875 -0.119585
0.030915 0.03365 -0.090915
-0.003973 0.05445 -0.114655
0.0 0.01903 -0.048892
0.012438 0.038975 -0.032068
0.019915 -0.01219 -0.084145
-0.020625 -0.001817 0.004195
0.00603 -0.006225 -0.125535
-0.03075 0.012548 -0.02181
-0.007065 0.052175 -0.102058
-0.003375 -0.029877 -0.022943
0.0 -0.01047 -0.0507
0.004025 -0.029847 -0.019607
0.031595 0.024675 -0.064875
-0.02125 -0.020572 -0.028725
-0.010287 0.055125 -0.127548
-0.03929 0.033525 -0.13201
0.01579 -0.00516 -0.082872
-0.02858 -0.008235 -0.05294
-0.02387 0.0522 -0.12392
0.033602 0.00315 -0.091233
0.012278 0.05075 -0.104502
0.008875 -0.001422 -0.0513
0.03339 0.005 -0.09922
0.024125 0.006912 0.00062
-0.03308 0.0453 -0.1306
0.018902 0.002225 -0.137857
0.009355 -0.0015 -0.136745
0.024825 0.002163 0.00019
-0.00405 0.03515 -0.021327
-0.020123 -0.011205 -0.02299
-0.01085 -0.02049 -0.040702
-0.01225 -0.025383 -0.032037
0.033 0.00265 -0.02048
0.01185 0.031925 -0.01152
-0.00339 0.054175 -0.112618
-0.027105 -0.0071 -0.112085
0.022432 0.03565 -0.040693
-0.03049 -0.008575 -0.096933
0.022475 0.014478 -0.041175
0.00593 -0.01125 -0.110633
-0.028228 0.00115 -0.136537
-0.01594 0.01755 -0.07876
-0.016625 -0.024833 -0.026675
0.014813 0.05095 -0.128743
-0.02425 -0.00163 -0.04143
-0.00856 0.054925 -0.1279
0.02635 -0.014415 -0.028905
0.00427 0.03457 -0.0147
-0.007475 -0.026517 -0.007425
-0.037063 0.017175 -0.135713
0.013575 0.028675 -0.006212
-0.013062 0.053825 -0.114145
-0.03886 0.01055 -0.076795
0.0236 -0.011645 -0.003557
0.003075 0.003605 -0.052673
0.0215 -0.02186 -0.01588
-0.02705 -0.0197 -0.06303
0.02785 -0.01349 -0.01807
-0.0168 0.024155 -0.002712
-0.037423 0.038 -0.12334
0.0006 0.035283 -0.017698
0.03105 0.0321 -0.082745
0.0165 0.04147 -0.07443
-0.00315 0.0036 -0.052648
0.002135 0.026728 -0.01612
-0.0089 -0.02567 -0.03466
-0.029125 0.015985 -0.015395
-0.03701 -0.002525 -0.031978
-0.018203 0.048025 -0.08914
0.02302 -0.0177 -0.07148
-0.006405 0.042314 -0.05903
-0.030425 -0.0036 -0.117158
-0.027368 0.0283 -0.022142
-0.034405 -0.0094 -0.06135
-0.006775 -0.02924 -0.017642
-0.026235 0.043325 -0.083328
0.002937 -0.0311 -0.046315
0.0 0.018885 -0.01754
0.0305 -0.001997 -0.030695
-0.025648 -0.025425 -0.0389
0.020975 -0.016993 -0.03575
0.0 0.03032 -0.00266
-0.0247 0.00377 0.000305
0.010385 0.03525 -0.075555
-0.00815 0.01453 0.00863
-0.037988 0.00095 -0.042675
0.0006 0.034183 -0.011648
0.00795 -0.023485 -0.038325
-0.010522 0.05135 -0.101268
0.02495 0.007883 -0.040367
0.0329 0.00265 -0.02048
-0.0155 0.02209 -0.041095
0.0172 0.016535 -0.043825
0.02315 0.01166 0.000485
0.031525 0.005335 -0.02632
-0.00838 0.0398 -0.02906
-0.026875 -0.014882 -0.026322
-0.002135 -0.00519 -0.0219
0.01451 -0.02628 -0.025718
-0.000205 -0.017575 -0.09334
0.0018 -0.030203 -0.020307
0.023373 0.046575 -0.122265
-0.029493 -0.010875 -0.090697
-0.010425 0.03265 -0.028158
-0.029 -0.000575 -0.130702
-0.022475 0.006473 0.003055
-0.01724 -0.01315 -0.102657
0.00175 -0.027507 -0.007705
-0.0116 0.051 -0.098313
-0.00925 0.0519 -0.102565
-0.008992 0.05175 -0.101997
0.03224 0.02155 -0.06576
0.0303 -0.008738 -0.019598
0.0101 -0.020923 -7e-06
0.021695 0.048125 -0.11457
-0.02045 -0.008905 -0.043355
0.022317 0.0465 -0.129235
0.028675 0.016602 -0.026795
-0.014925 0.001365 -0.049295
-0.02045 0.0215 -0.03785
-0.0052 0.03382 -0.01133
-0.01055 0.033463 -0.017335
0.009515 -0.0273 -0.06019
0.0191 -0.019447 -0.03495
-0.014775 -0.025495 -0.01308
0.0077 -0.028878 -0.024975
-0.025353 0.049175 -0.108895
0.0024 0.03338 -0.00892
0.031975 0.02835 -0.080773
0.00885 -0.02797 -0.013575
-0.010175 0.032285 -0.010845
-0.0248 0.023293 -0.024745
-0.030875 0.005912 -0.029495
-0.006275 0.03315 -0.01031
-0.011425 0.027132 -0.001917
0.03216 0.01965 -0.07838
0.01055 0.032607 -0.012615
-0.004125 0.034998 -0.02316
-0.019743 0.04015 -0.050158
-0.02995 0.029225 -0.029277
-0.01875 -0.02401 -0.02127
-0.014425 0.016875 -0.045698
-0.008315 -0.02345 -0.074175
-0.0035 -0.022165 -0.041413
0.030488 -0.001375 -0.095982
-0.034755 0.0441 -0.121937
-0.038323 0.004025 -0.068737
0.0048 0.0305 -0.00365
-0.012567 -0.0288 -0.040137
0.0095 0.032102 -0.009835
0.01405 -0.02423 -0.00856
-0.02391 0.007042 -0.08066
0.0006 -0.03011 -0.021662
0.0248 0.020487 -0.00925
-0.020937 0.048075 -0.094223
0.02877 -0.001975 -0.104455
0.002225 -0.02592 -0.004978
-0.0032 0.034735 -0.01467
-0.004095 0.04085 -0.033937
-0.00785 0.029823 -0.004125
0.0271 0.020193 -0.022638
-0.029513 -0.00225 -0.1242
0.033425 -0.00275 -0.070695
0.03244 0.001124 -0.036
0.000388 0.054675 -0.127578
-0.0006 -0.030058 -0.018453
0.021993 0.0459 -0.12986
-0.026805 -0.02325 -0.035923
-0.0169 0.02837 -0.00871
0.01594 0.006855 -0.01972
0.006405 0.044987 -0.07379
-0.0215 -0.01869 -0.03339
0.0129 -0.02201 -0.03806
0.006175 -0.029452 -0.01913
-0.000938 -0.00305 -0.135582
-0.00923 -0.030775 -0.04212
-0.024998 0.03185 -0.024363
-0.035095 0.022075 -0.028727
0.025955 -0.016945 -0.02403
-0.026353 -0.01015 -0.101773
-0.020998 0.04725 -0.0907
0.03454 0.0181 -0.08052
0.012375 -0.00742 0.008207
0.014125 0.029532 -0.032403
0.005975 0.00501 0.011095
-0.017453 -0.020425 -0.077255
0.02624 0.0405 -0.098185
-0.022393 0.0528 -0.128115
0.0042 -0.029543 -0.015967
0.0 -0.013585 -0.02342
-0.029258 0.02715 -0.02273
0.00445 0.020177 0.0065
0.00525 0.026538 0.001375
0.0318 0.0251 -0.132225
-0.01325 0.014917 0.00649
0.016275 -0.015442 0.000733
-0.014102 0.051125 -0.10051
-0.03104 0.0249 -0.02311
-0.015985 0.05075 -0.099735
-0.01622 0.011247 -0.0799
0.0135 -0.014095 -0.044705
-0.0101 0.02623 -0.040952
-0.039098 0.027675 -0.13123
0.027335 -0.005425 -0.102142
-0.004895 0.055275 -0.126898
0.006825 0.03395 -0.026933
-0.016463 -0.003175 -0.135628
-0.008978 0.03675 -0.021508
0.00797 0.01545 -0.07914
0.003075 -0.012172 0.008085
0.01982 -0.01395 -0.089942
-0.023777 -0.0054 -0.123627
-0.03188 0.02175 -0.078
0.03272 0.003224 -0.03562
0.011408 -0.024225 -0.068663
-0.029405 -0.00895 -0.037825
0.0208 -0.02229 -0.024995
0.0006 0.031085 -0.004225
-0.01719 -0.0124 -0.105182
-0.0123 0.00362 0.01008
-0.02923 0.03555 -0.0565
0.016025 0.012125 0.005908
-0.0109 -0.025017 -0.034057
0.003328 -0.024425 -0.071335
-0.03122 0.0256 -0.023465
-0.034412 0.0353 -0.08114
-0.008455 0.04075 -0.033898
-0.029825 0.015567 -0.021085
0.0 -0.005865 -0.052155
-0.003192 0.0543 -0.128672
0.020835 0.00415 -0.138067
-0.005465 0.04895 -0.081133
0.03216 0.004369 -0.0659
0.033655 0.02165 -0.11603
0.010175 -0.02848 -0.021855
-0.0077 -0.028447 -0.027335
-0.020425 0.00393 -0.04548
-0.02435 -0.014782 -0.0339
-0.013053 0.054675 -0.128027
-0.014272 -0.0149 -0.100348
-0.017355 -0.0147 -0.097528
-0.015265 0.054625 -0.12378
0.02025 0.027502 -0.026925
-0.005285 -0.009825 -0.117523
-0.01529 0.0506 -0.099415
-0.016568 0.047125 -0.081625
-0.02245 -0.017387 -0.03356
-0.01495 0.03066 -0.01297
-0.008538 -0.0035 -0.135475
-0.015115 0.007187 -0.080635
0.0334 0.01105 -0.067965
-0.021788 -0.007075 -0.119913
0.0018 0.033793 -0.010345
-0.039017 0.029075 -0.102007
0.0012 0.03185 -0.00579
-0.002625 0.017285 0.00844
0.0 0.028683 -0.040482
-0.023925 0.021858 -0.009813
-0.02925 0.014015 -0.012525
0.00874 -0.01305 -0.10447
0.007145 0.00929 -0.080255
0.0139 -0.022273 -0.036607
0.00535 0.03413 -0.027918
-0.00455 -0.029493 -0.025085
-0.01775 0.028168 -0.030615
-0.03216 -0.00365 -0.02162
-0.012275 -0.0038 -0.13499
-0.0285 -0.01218 -0.017272
-0.014925 0.013962 -0.047013
-0.011175 -0.02282 -0.003578
-0.0086 -0.0301 -0.04137
-0.01242 0.04965 -0.08971
0.019665 -0.01185 -0.09693
-0.015667 -0.0016 -0.138777
-0.013147 0.054975 -0.127068
0.019012 -0.004475 -0.120875
0.0266 0.008955 -0.037325
-0.0289 0.0388 -0.070605
0.01816 0.045475 -0.087155
-0.038483 0.01235 -0.034497
0.011325 -0.016027 0.003977
-0.023945 0.043625 -0.078065
-0.00619 0.0527 -0.104025
0.007575 -0.02834 -0.027925
-0.0159 -0.025823 -0.017027
0.03145 0.0065 -0.115265
-0.00685 -0.02909 -0.01581
0.002225 0.032012 -0.03457
-0.01627 0.05455 -0.126143
-0.006275 -0.029238 -0.02565
-0.027275 0.016402 -0.009708
-0.023475 0.016973 -0.03755
-0.033275 0.042375 -0.106613
-0.022475 -0.001162 -0.044015
0.01475 0.015407 -0.046292
-0.03892 0.0332 -0.117705
0.026875 0.021127 -0.019802
0.03397 0.0155 -0.068395
-0.00626 0.02822 -0.076828
-0.038755 0.016 -0.1089
-0.0166 0.02909 -0.029965
-0.00895 0.03283 -0.029143
0.018207 0.02948 -0.015623
-0.032573 -0.017675 -0.03586
-0.00985 0.053525 -0.110055
-0.02343 0.04435 -0.081072
-0.02535 -0.01781 -0.024185
0.010425 0.025743 1.5e-05
0.0168 -0.023718 -0.011388
-0.03264 0.0451 -0.13115
-0.026953 -0.024225 -0.040087
0.034507 0.0175 -0.077705
0.02987 0.016 -0.13604
0.009225 0.015827 -0.048607
-0.02362 0.04685 -0.09305
-0.01935 0.02482 -0.006402
-0.03754 0.027975 -0.13442
0.013525 0.02232 -0.042373
0.006505 0.0539 -0.127595
-0.01495 -0.01137 -0.045735
0.029988 0.0299 -0.06287
-0.035253 0.0225 -0.030617
-0.030085 -0.007775 -0.101955
-0.027015 0.04395 -0.08786
-0.038035 0.036425 -0.13082
-0.010352 0.0549 -0.127932
0.0024 0.034913 -0.02536
0.03389 0.0127 -0.095295
-0.00918 0.0357 -0.02093
-0.0119 -0.02717 -0.013788
0.01451 0.034257 -0.030003
-0.029125 -0.010683 -0.025565
0.0006 -0.028878 -0.029315
-0.00795 -0.02605 -0.065785
-0.021385 0.044725 -0.07739
0.007 0.0497 -0.08414
0.03266 0.0268 -0.08981
0.027937 -0.0149 -0.067038
0.01053 -0.025227 -0.040772
-0.0281 -0.00768 -0.03414
-0.00905 0.0517 -0.10233
-0.023925 -0.016553 -0.031148
-0.013275 -0.017042 0.001585
0.03272 0.00055 -0.02086
0.01643 -0.0058 -0.12131
-0.0018 -0.030065 -0.021908
-0.016275 0.012157 0.005735
-0.00854 0.036693 -0.02956
-0.010925 -0.026217 -0.03163
0.003288 0.0539 -0.128085
-0.0006 -0.030248 -0.020063
0.003525 -0.02742 -0.033015
-0.02983 -0.005 -0.113425
0.003 -0.029967 -0.018943
-0.017415 -0.00235 -0.137405
0.033558 0.0098 -0.101243
-0.0178 0.00106 0.006265
0.01121 0.000875 -0.138825
-0.03064 0.046675 -0.116962
-0.01225 0.032665 -0.024035
0.011803 -0.02875 -0.052735
0.0 0.023005 -0.046165
0.011525 0.028088 -0.037188
-0.01303 -0.007775 -0.12339
-0.001125 -0.029373 -0.027423
-0.00083 -0.004875 -0.131145
0.032788 0.02195 -0.067188
0.033 0.010675 -0.06476
-0.02306 0.046725 -0.091503
-0.033505 0.0222 -0.02418
0.03227 -0.00305 -0.077515
-0.0238 -0.01951 -0.021825
-0.00412 0.052875 -0.104182
-0.013555 0.05085 -0.100115
0.033325 0.00565 -0.101895
0.007075 0.018857 0.00677
-0.018207 -0.01883 -0.054857
0.00556 0.0508 -0.09056
-0.02621 -0.0091 -0.1058
-0.010303 0.05535 -0.125165
0.031203 0.031475 -0.130897
0.024642 0.029279 -0.046145
-0.016525 0.030662 -0.017185
-0.00589 -0.0157 -0.09932
-0.03583 0.0373 -0.09582
-0.032272 0.02355 -0.023645
0.025075 -0.001022 -0.000182
-0.035352 -0.013425 -0.034455
-0.01149 -0.0304 -0.04773
0.0 -0.02402 -0.039568
0.02475 0.00265 -0.02048
-0.021735 -0.00085 -0.138345
0.023475 -0.00477 -0.04149
-0.025825 0.019257 -0.009473
-0.00445 -0.017513 -0.045628
0.019915 0.02819 -0.015855
0.020095 0.0485 -0.129195
-0.009225 -0.00753 0.008822
0.03075 0.001178 -0.030275
0.031055 0.021035 -0.062885
-0.017118 0.049225 -0.0946
-0.031645 -0.019275 -0.040043
-0.032963 0.028775 -0.042318
-0.009575 0.033968 -0.02281
0.0 -0.028855 -0.02944
0.00183 0.050825 -0.091377
0.017373 0.049575 -0.129125
0.004725 -0.025975 -0.03565
-3e-05 -0.014675 -0.101955
-0.03862 0.0354 -0.125907
-0.028222 -0.0038 -0.12154
-0.0114 -0.014225 -0.102972
0.00175 0.023952 0.00416
-0.019 -0.01802 -0.03708
0.012958 -0.01575 -0.093102
0.0216 -0.019118 -0.009993
0.011072 -0.001625 -0.13573
0.013678 -0.02675 -0.05734
0.03135 0.012 -0.018785
0.0164 0.02266 -0.00019
0.0129 0.032207 -0.02572
0.02776 0.0396 -0.13097
0.024503 0.041075 -0.086578
-0.014743 0.050325 -0.09902
-0.037925 0.0312 -0.097445
-0.02115 0.027383 -0.020522
0.0036 -0.026635 -0.034675
0.033157 0.018775 -0.120292
-0.0012 -0.029845 -0.016965
-0.02567 0.04265 -0.078595
-0.01155 0.04875 -0.083373
-0.00797 0.011247 -0.0799
-0.014215 0.05485 -0.126555
0.008875 -0.027658 -0.02902
0.008513 0.0504 -0.097078
0.00825 0.01335 -0.07952
-0.01425 0.03004 -0.009525
0.012125 0.015725 -0.04804
-0.01445 -0.029375 -0.043788
0.004675 0.034692 -0.015285
0.031055 0.013017 -0.018605
0.0233 -0.0015 0.00245
-0.038155 0.0222 -0.13325
-0.00272 -0.0132 -0.10721
-0.014328 0.050425 -0.098525
-0.012525 0.006473 -0.050553
0.03244 0.006471 -0.06552
-0.0024 -0.0298 -0.01721
0.01755 -0.00834 0.004305
0.0241 -0.008245 -0.038993
0.022372 -0.011375 -0.092763
0.03188 0.01106 -0.01896
-0.00175 0.027405 0.000798
0.033995 0.024825 -0.11188
0.03391 0.019625 -0.10601
0.02925 -0.008715 -0.028435
0.01881 -0.00219 -0.082335
-0.03023 0.022992 -0.06253
-0.014425 -0.011567 0.004738
-0.027925 -0.012695 -0.014417
-0.02495 0.007893 -0.040417
0.029825 0.014532 -0.015378
0.01604 -0.027 -0.05268
-0.00295 -0.027948 -0.009485
0.000692 0.05475 -0.120545
0.01935 0.017708 -0.041607
-0.02645 -0.012253 -0.008875
-0.02855 0.015625 -0.030097
0.00019 0.0419 -0.038815
-0.023943 0.045675 -0.08869
-0.008395 0.03606 -0.075408
-0.010323 0.0544 -0.128628
0.026185 0.041075 -0.101572
-0.010175 0.03378 -0.019105
0.02195 0.026772 -0.022892
-0.0152 -0.000855 0.007848
0.010175 -0.026975 -0.030115
-0.02369 0.0454 -0.08704
0.011148 -0.021825 -0.075983
0.00625 -0.029303 -0.017297
-0.006405 -0.018295 -0.08525
-0.021435 0.00117 -0.081725
0.03167 -0.006875 -0.070865
-0.02156 -0.0033 -0.13257
0.017247 -0.0167 -0.086942
0.0035 0.032755 -0.032915
-0.00343 0.053075 -0.104985
-0.0149 -0.026085 -0.015575
-0.029768 -0.021775 -0.037445
0.012725 -0.011105 -0.047187
-0.008425 0.022962 0.00388
-0.010925 0.033602 -0.02079
-0.00314 0.055425 -0.125443
-0.028985 -0.012875 -0.083805
-0.034925 0.042525 -0.13068
0.019925 -0.010403 -0.043093
0.0 0.027635 -0.041715
-0.0177 0.015442 0.003585
-0.001948 -0.031375 -0.044583
0.02505 0.015445 -0.00442
-0.00445 0.05315 -0.105998
-0.02112 0.05275 -0.12871
-0.009625 0.04815 -0.076848
-0.0176 -0.023685 -0.028805
0.00188 0.0394 -0.026265
0.021825 0.009637 0.002965
-0.01053 -0.017207 -0.085052
-0.01025 0.033785 -0.0218
-0.030235 0.030575 -0.036435
0.001327 -0.028325 -0.05878
-0.02815 -0.0033 -0.12353
-0.036132 -0.008 -0.0332
-0.03216 0.007042 -0.08066
-0.002612 0.038625 -0.024385
0.00175 -0.017415 -0.046168
0.03339 -0.00165 -0.070145
-0.016875 0.009048 0.006215
-0.03744 0.0089 -0.12681
-0.036543 0.027325 -0.058305
0.02858 0.021563 -0.0323
0.017375 0.01509 -0.044545
-0.022695 -0.00235 -0.13439
-0.013005 -0.029225 -0.040607
0.025925 -0.01356 -0.009645
-0.0026 0.034425 -0.012975
-0.038252 0.0117 -0.030812
0.03203 0.025175 -0.066432
-0.00905 0.015832 -0.04863
-0.00645 0.03313 -0.030793
0.03188 -0.000405 -0.05152
0.016575 -0.008 -0.11432
0.02961 0.03415 -0.131755
-0.02993 0.031925 -0.041535
-0.008628 -0.030525 -0.048225
-0.029373 -0.010075 -0.094158
0.01964 0.039675 -0.05385
-0.0194 0.02412 -0.03631
0.000195 -0.0118 -0.110663
0.01729 -0.0176 -0.0841
-0.00795 -0.028085 -0.01294
-0.01135 -0.013475 -0.105497
-0.0224 -0.01948 -0.02901
-0.03749 0.0069 -0.11873
-0.027705 -0.0019 -0.129005
0.03015 0.003585 -0.00766
-0.038425 0.00335 -0.04778
0.02845 0.039975 -0.112072
-0.027275 -0.011098 -0.031252
-0.02248 0.0464 -0.089705
0.030582 -0.0024 -0.091982
-0.024767 0.045675 -0.09035
-0.03329 0.00665 -0.13595
-0.004625 0.03206 -0.006947
0.00414 0.0519 -0.09695
0.00875 0.03414 -0.01843
-0.011525 -0.015305 -0.04505
0.002277 0.054775 -0.122195
-0.01155 -0.01625 -0.096628
-0.017635 -0.019125 -0.08145
-0.020975 0.012715 0.002658
-0.02575 0.018912 -0.03156
-0.0097 -0.021985 -0.001165
-0.0238 -0.010203 -0.002815
0.01004 0.05385 -0.12616
-0.026575 0.017855 -0.009725
0.0078 0.031643 -0.0073
0.01245 0.011175 -0.049575
0.023085 -0.005607 -0.021975
-0.025955 -0.00625 -0.08307
0.0327 -0.00395 -0.069495
-0.0267 -0.01058 -0.034105
0.007635 -0.030225 -0.049018
0.033315 0.02655 -0.104462
0.01095 -0.029375 -0.051372
0.024183 0.0019 -0.13068
-0.028945 -0.0214 -0.035232
-0.035758 0.0419 -0.126382
0.029078 -0.0116 -0.066942
0.03375 0.020725 -0.07695
0.002225 0.02151 0.006157
0.010775 -0.018583 0.002092
0.029125 0.01692 -0.02056
0.02447 0.004752 -0.0201
-0.025955 0.030271 -0.06121
-0.036665 0.013325 -0.02587
0.03358 -0.001625 -0.070582
-0.01955 0.028602 -0.015782
0.020577 0.049175 -0.127815
-0.01053 -0.019881 -0.070293
0.014082 -0.01715 -0.024065
0.00485 -0.012055 -0.048958
-0.004858 -0.0015 -0.139035
-0.012038 -0.029225 -0.052033
0.0 0.00641 0.01206
-0.0172 0.02565 -0.005235
-0.01105 0.033037 -0.014975
-0.0214 0.022412 -0.03489
-0.019925 -0.017502 -0.00388
-0.02471 0.0438 -0.08141
-0.0089 0.02941 -0.03748
-0.0024 0.033755 -0.03004
0.00427 -0.029265 -0.02626
-0.013177 0.055125 -0.125237
-0.017815 0.054075 -0.123677
-0.022913 0.052375 -0.121975
-0.036955 0.0175 -0.02964
-0.02895 0.0367 -0.06115
0.0 0.035388 -0.02263
-0.002478 0.053625 -0.108765
0.032125 0.00164 -0.023865
0.02231 -0.01065 -0.095425
-0.023825 0.022928 -0.02974
-0.003775 0.054875 -0.12783
0.00745 0.033542 -0.012445
-0.0183 -0.02431 -0.02536
-0.03023 0.001025 -0.08175
0.03163 0.0329 -0.120825
0.033822 0.013625 -0.099253
-0.0146 -0.017122 -0.042025
-0.007875 0.023995 -0.04362
0.022875 0.0165 -0.002248
0.022868 0.005675 -0.138065
0.009527 -0.000225 -0.138618
-0.0257 0.043575 -0.083177
0.023615 0.0437 -0.13056
0.010813 -0.015275 -0.096182
-0.0119 0.031285 -0.030587
0.00615 0.03465 -0.0159
-0.03642 0.01325 -0.02566
-0.028265 -0.022725 -0.035923
0.008425 -0.024913 -0.004795
0.011775 0.023367 0.001642
-0.01405 0.023645 0.000115
0.002655 -0.0024 -0.13621
0.00664 0.049975 -0.085745
0.0155 -0.00832 -0.046605
0.005882 -0.012375 -0.107165
-0.03018 0.0259 -0.02294
0.030275 0.012977 -0.015483
-0.02305 0.001695 0.002775
-0.01619 0.0545 -0.126755
0.014575 0.016852 -0.045573
0.01679 0.05015 -0.111355
0.005975 0.01882 -0.047735
-0.0303 0.013008 -0.015655
-0.028325 0.018373 -0.02058
0.00427 -0.010453 -0.08383
0.021435 -0.009522 -0.022685
0.004595 0.0538 -0.115355
0.031643 0.021775 -0.132962
-0.03056 0.028 -0.02754
-0.030565 -0.0054 -0.109502
-0.026375 0.02189 -0.016998
0.029125 0.011943 -0.009777
0.02245 0.02601 -0.025697
0.031225 0.009928 -0.016037
-0.0077 0.033758 -0.013625
-0.038852 0.007775 -0.046833
-0.033027 0.0438 -0.112728
-0.027283 -0.0108 -0.09735
-0.01641 0.04865 -0.089345
-0.018268 -0.000275 -0.13926
-0.025225 -0.010185 -0.036295
-0.03065 -0.004103 -0.027775
-0.0105 0.01615 0.00768
-0.0029 0.014345 0.00966
0.0109 0.029145 -0.0046
-0.002375 0.05445 -0.11477
0.03216 0.011631 -0.0341
-0.012117 0.047475 -0.07683
0.0024 -0.02999 -0.01882
0.014503 0.0503 -0.129325
0.026498 0.003175 -0.130415
0.002325 0.035312 -0.018707
-0.013755 0.05105 -0.10035
0.00525 -0.022145 -0.00028
-0.01512 -0.00505 -0.130365
-0.02695 -0.0126 -0.09102
-0.0228 0.0011 -0.13936
0.02333 -0.012285 -0.06892
0.016525 0.03004 -0.013742
0.010783 -0.01305 -0.103032
-0.018852 0.0422 -0.058803
-0.03008 0.02855 -0.027435
-0.021135 0.043825 -0.071038
-0.010318 0.055275 -0.125717
0.02475 0.01335 -0.07952
-0.02855 -0.010318 -0.010862
0.033665 0.0025 -0.088585
-0.003975 0.035302 -0.019495
0.01403 -0.02775 -0.051385
0.015742 -0.022675 -0.069527
-0.0141 0.05 -0.094398
0.006405 -0.028988 -0.02621
0.030185 0.015875 -0.13582
0.0029 0.02417 -0.044605
0.030605 -0.0087 -0.071685
-0.015475 -0.009872 -0.045998
-0.00875 0.03414 -0.01843
-0.012925 0.030875 -0.009932
0.02505 -0.010138 -0.03654
-0.010212 0.055075 -0.121897
0.026043 0.035725 -0.06194
0.019862 -0.01485 -0.0871
0.0 -0.01084 0.009418
0.02447 0.00055 -0.02086
0.022902 0.0366 -0.04495
-0.022135 0.05145 -0.113415
-0.006477 0.052 -0.10011
-0.008423 0.055275 -0.123575
-0.023557 -0.022425 -0.05866
-0.03783 0.00675 -0.0938
-0.00615 0.005015 0.01107
0.0097 0.02729 -0.039795
0.03353 0.0153 -0.06753
0.022975 -0.020232 -0.017845
0.028375 0.002203 -0.035933
0.00665 -0.02765 -0.05979
0.02855 -0.010318 -0.010862
0.0087 -0.016122 0.004495
-0.02722 -0.02395 -0.041667
0.032 0.006347 -0.022935
-0.016672 -0.000625 -0.139305
-0.01166 0.0534 -0.10993
-0.02062 0.04455 -0.074045
-0.00615 -0.00609 0.009845
-0.034325 0.00145 -0.115983
-0.015778 -0.027775 -0.05101
-0.010175 -0.026975 -0.030115
0.00626 -0.001523 -0.082213
0.006275 0.034332 -0.01413
-0.014925 -0.022365 -0.006088
0.01687 0.0007 -0.13786
-0.013775 -0.026307 -0.026945
0.0 0.02047 -0.04815
-0.024925 -0.0253 -0.03688
-0.003075 0.00996 -0.051828
-0.004337 0.0549 -0.127858
0.007 -0.0213 -0.04199
-0.03169 0.03515 -0.066333
0.0119 -0.022925 -0.03721
0.030025 0.005172 -0.00745
0.01252 -0.016395 -0.084905
-0.029305 -0.0073 -0.105865
-0.010407 0.05145 -0.100603
-0.020585 -0.01395 -0.09552
0.012 -0.012467 -0.046673
-0.004575 0.035087 -0.020983
0.03005 -0.006783 -0.012992
0.025325 -0.015645 -0.029128
0.0 -0.006305 0.011025
-0.01895 -0.02253 -0.01219
-0.031078 0.0375 -0.07422
-0.03098 0.02715 -0.02568
-0.02062 -0.01615 -0.0881
-0.025117 0.051275 -0.120425
-0.002325 -0.030003 -0.022253
0.01875 -0.01515 -0.00089
-0.022552 0.052825 -0.126875
-0.037955 0.022425 -0.133958
0.001125 -0.029373 -0.027423
-0.027542 0.050075 -0.128812
0.02849 0.038375 -0.101935
-0.023038 0.04545 -0.085325
-0.015645 0.0448 -0.067515
0.006225 -0.001393 0.010823
-0.01754 0.048025 -0.087728
-0.00225 -0.029025 -0.028505
-0.01159 0.053075 -0.108083
0.002225 -0.026705 -0.00639
0.009425 0.024353 0.001947
-0.01755 0.00105 -0.04755
0.0093 0.004987 -0.05133
0.00525 -0.010655 -0.04967
0.0296 -0.008275 -0.01344
-0.00745 -0.029092 -0.023795
0.012965 -0.002825 -0.13161
0.01225 -0.027663 -0.019495
0.029243 0.034175 -0.132075
0.02226 -0.010175 -0.096907
0.024822 -0.008125 -0.098237
-0.015313 0.050025 -0.095987
-0.025125 0.016532 -0.035115
0.0006 0.035145 -0.016097
-0.004125 0.00968 -0.019207
-0.030383 0.0326 -0.046817
0.00485 0.017365 0.007997
0.02362 0.039 -0.06227
0.0018 0.03532 -0.022263
0.025695 0.04375 -0.11898
-0.00925 -0.02841 -0.02489
-0.0093 0.011287 -0.05019
-0.002225 -0.02435 -0.002152
-0.00623 0.053775 -0.110305
0.02254 0.0427 -0.080335
-0.0087 0.009938 0.009985
-0.00264 0.05455 -0.12821
0.0024 0.028425 -0.00062
0.03075 0.004132 -0.010685
-0.002135 -0.018845 -0.08535
0.00895 -0.020263 -0.041957
-0.0165 -0.01735 -0.04077
-0.009957 -0.01012 -0.022792
-0.02015 -0.013658 -0.040125
3.5e-05 -0.007125 -0.12471
-0.02419 0.009145 -0.08028
0.005838 0.000225 -0.139013
0.00225 -0.029025 -0.028505
-0.014357 -0.0172 -0.09285
0.01601 0.03655 -0.032585
-0.016725 -0.01272 0.002395
-0.033305 0.022 -0.023985
-0.02221 0.0506 -0.10861
0.033415 0.011375 -0.107365
-0.015407 0.054425 -0.121945
-0.03216 0.008957 -0.01934
0.0146 -0.026528 -0.02155
-0.038998 0.026675 -0.092652
-0.002225 0.028602 -0.04004
-0.03615 -0.0049 -0.065518
0.02145 0.0032 -0.13741
-0.03777 0.0061 -0.090968
0.03244 -0.00155 -0.02124
0.0108 -0.027513 -0.027165
-0.003975 -0.028267 -0.031013
-0.003725 0.034075 -0.011895
-0.029575 -0.00831 -0.01327
-0.023493 -0.012225 -0.097975
0.01316 -0.019975 -0.07995
0.0012 -0.024065 -0.03932
0.0221 0.02106 -0.035415
0.0024 -0.03018 -0.02043
-0.007475 0.026323 -0.04147
0.010425 0.033567 -0.017925
0.005278 0.054675 -0.126205
0.0149 0.02784 -0.005805
0.003352 0.037875 -0.023552
-0.022915 0.048725 -0.10083
-0.006205 -0.0044 -0.133312
-0.033827 0.0363 -0.083965
-0.03802 0.02495 -0.073165
0.002317 -0.000825 -0.138818
-0.01795 -0.023998 -0.027082
0.03085 0.034125 -0.128853
-0.017288 -0.0135 -0.101315
0.018702 0.003025 -0.138283
-0.03286 0.0452 -0.130875
-0.023385 0.036 -0.035297
0.02548 0.044175 -0.12264
0.006375 0.029645 -0.003142
-0.0299 -0.0059 -0.109598
0.024642 0.031953 -0.060905
0.02603 0.0057 -0.13696
0.023588 0.04615 -0.118605
-0.024983 0.033725 -0.030392
0.030245 0.001 -0.105385
-0.012375 0.012727 -0.049167
-0.023085 0.0459 -0.088372
0.011425 0.03209 -0.029275
0.007875 -0.02897 -0.016475
-0.011525 0.020613 0.00409
0.0119 0.028228 -0.00375
0.0006 -0.02931 -0.027765
-0.004425 0.044425 -0.053435
-0.02062 -0.0078 -0.11829
0.024642 0.034627 -0.075665
0.029445 -0.0097 -0.075438
-0.005832 -0.01525 -0.100615
0.018207 -0.01883 -0.054857
0.00795 0.02879 -0.002635
-0.004907 -0.007775 -0.12366
-0.028645 0.0389 -0.070527
0.026725 0.001043 -0.002605
-0.03039 0.027 -0.02363
-0.003 0.03266 -0.007602
0.007475 -0.022393 -0.040158
-0.0036 0.034193 -0.02826
-0.029532 0.0276 -0.023225
-0.021105 0.0497 -0.10222
0.024825 0.022652 -0.014193
-0.01962 0.0526 -0.12934
-0.02215 0.015945 -0.04058
0.029652 0.037025 -0.129782
0.025258 0.006525 -0.137628
-0.022172 0.05235 -0.128805
-0.010308 0.05415 -0.128975
0.00987 0.0537 -0.12687
-0.0036 0.031197 -0.004845
-0.008528 -0.002325 -0.13815
-0.024992 0.032475 -0.026372
-0.00995 -0.026965 -0.010705
0.02305 -0.016665 -0.008505
-0.030025 0.034875 -0.05665
-0.002593 0.055325 -0.125968
-0.03244 0.009145 -0.08028
0.03354 0.0038 -0.09388
0.006375 -0.024338 -0.037818
0.01515 -0.000855 0.007847
-0.025763 -0.001725 -0.13262
-0.027067 0.002975 -0.139045
-0.00415 0.033693 -0.029698
-0.01834 0.0523 -0.111267
0.02925 -0.01078 -0.01702
-0.00443 0.05365 -0.108952
0.0 -0.025755 -0.03686
0.00427 -0.026591 -0.04102
0.01225 0.032963 -0.021465
-0.018207 -0.021505 -0.040097
-0.02647 0.0367 -0.051295
-0.010265 -0.00225 -0.138517
0.0012 -0.028468 -0.03074
-0.01976 0.0349 -0.026028
0.026 0.017337 -0.006872
0.015912 0.03715 -0.03375
-0.0116 0.02006 -0.04588
-0.01655 -0.014165 0.001675
0.029255 -0.00805 -0.081303
-0.013755 -0.01085 -0.11369
0.0097 0.01895 0.006255
0.0012 -0.022085 -0.041855
-0.011575 -0.027547 -0.015915
-0.01089 0.050275 -0.09177
-0.00648 0.055075 -0.12037
0.017205 -0.0158 -0.089785
-0.015875 0.0374 -0.029605
0.0012 -0.030088 -0.021785
-0.015275 -0.002452 0.007685
-0.02613 0.02985 -0.02235
-0.02353 0.0524 -0.12761
-0.0192 -0.012427 0.000772
-0.004025 0.03278 -0.008265
0.01139 -0.0253 -0.064795
-0.003065 -0.019 -0.08954
-0.00175 0.031243 -0.036083
0.02419 -0.00155 -0.02124
-0.00575 0.034663 -0.023983
-0.013122 0.054825 -0.121932
-0.002225 -0.022255 0.000313
-0.026725 0.004258 -0.038307
0.034038 0.018075 -0.099913
-0.01853 0.0469 -0.083155
0.00905 -0.011962 0.006928
-0.029773 0.027325 -0.023278
-0.01655 0.01947 -0.042635
-0.02815 0.019258 -0.017472
-0.0129 0.028492 -0.005203
0.02635 0.005825 -0.00207
-0.009588 0.048975 -0.081842
0.008425 0.022707 -0.044512
-0.03774 0.014975 -0.032093
-0.018675 0.025215 -0.035347
0.0234 -0.019545 -0.014645
0.02201 -0.007625 -0.105412
-0.00545 -0.02365 -0.074308
-0.012525 0.009623 -0.049983
-0.039267 0.01825 -0.094535
-0.00525 -0.01878 0.003177
0.011775 0.008435 0.009585
-0.03165 0.00153 -0.01428
0.02945 0.012635 -0.030993
0.0 0.035002 -0.02585
0.019925 0.015705 0.002133
0.014925 0.001365 -0.049295
-0.02858 -0.01358 -0.02342
0.02235 -0.01802 -0.00903
0.014075 0.010335 0.007795
-0.01365 -0.02428 -0.008288
0.0 -0.022335 0.000755
0.00685 0.03439 -0.02515
-0.03851 0.00475 -0.053193
0.011017 -0.020625 -0.079643
-0.02285 0.025977 -0.018517
-0.025875 0.002075 -0.138907
-0.034395 0.00055 -0.112155
-0.032745 0.0364 -0.07768
-0.018133 0.0478 -0.087663
0.00445 -0.025055 -0.004008
-0.01805 -0.024635 -0.01783
-0.028115 0.00135 -0.137042
-0.03219 0.00255 -0.130115
-0.0149 -0.023713 -0.032853
-0.03185 -0.00152 -0.02436
-0.0219 0.044 -0.074382
-0.00575 -0.014425 -0.103172
-0.026725 -0.002108 -0.003175
0.0119 0.032767 -0.024603
-0.00925 0.03329 -0.01371
0.0 -0.007853 0.010592
-0.0231 -0.014447 -0.035745
-0.031092 -0.013025 -0.075467
-0.0142 -0.020432 -0.002713
-0.038782 0.019475 -0.12265
0.024825 0.003148 -0.04115
-0.025925 0.014035 -0.004647
-0.019623 0.0362 -0.029878
-0.00315 0.0001 0.01155
0.03023 0.001025 -0.08175
0.013275 0.032467 -0.018735
-0.0093 0.02035 0.005542
-0.00315 0.005203 -0.05251
-0.025417 -0.0087 -0.10872
-0.04005 0.0313 -0.12291
0.0165 0.03077 -0.01539
0.01985 -0.000848 -0.04576
-0.024207 0.04555 -0.088803
-0.0067 -0.027 -0.032665
-0.012128 0.046375 -0.070265
0.028805 -0.00235 -0.103103
0.03125 0.010992 -0.021917
-0.0151 -0.026097 -0.02391
0.00535 -0.024217 -0.03848
0.00931 0.049575 -0.092455
-0.038765 0.008425 -0.029532
-0.01252 -0.019069 -0.070145
0.02723 -0.0043 -0.1062
0.010743 -0.011625 -0.107195
-0.01204 -0.005 -0.1314
0.0029 0.022902 -0.045597
0.021622 -0.01625 -0.054392
0.0 -0.03008 -0.01833
0.0 0.017193 0.008955
-0.0012 -0.0258 -0.036612
0.0274 -0.00913 -0.034122
-0.0371 0.03035 -0.08217
0.000135 0.03675 -0.022745
-0.012925 -0.025565 -0.031027
0.02163 0.0459 -0.09746
-0.0024 -0.02845 -0.01092
0.0099 -0.02829 -0.016022
-0.017225 0.015113 -0.04467
0.021685 0.002175 -0.135293
-0.031157 0.046725 -0.130255
-0.006225 0.003493 -0.052058
0.01785 -0.019112 -0.036795
0.029405 0.016933 -0.017895
-0.017175 -0.019072 -0.0032
-0.029035 -0.008225 -0.102982
-0.02807 -0.022525 -0.03575
-0.037283 0.002475 -0.028492
0.032275 0.0212 -0.13073
0.01465 0.05065 -0.129055
0.02735 -0.009267 -0.00798
-0.03707 0.0007 -0.092
-0.005105 0.04835 -0.077485
-0.037753 0.035725 -0.11471
0.015075 0.00456 -0.04897
-0.013425 0.032355 -0.018095
0.00525 -0.020005 -0.043383
-0.0366 0.02245 -0.038075
0.030855 -0.006725 -0.074942
-0.007475 -0.01356 -0.047658
-0.013725 -0.003175 -0.136428
0.028125 -0.006308 -0.006938
0.0209 0.025515 -0.030005
0.000265 0.04095 -0.033978
0.0035 0.033238 -0.03138
-0.030802 -0.0007 -0.12686
-0.011775 -0.003135 -0.050545
-0.00345 0.035365 -0.01984
0.01425 -0.003427 -0.04892
-0.008425 0.013002 0.009065
0.029918 0.00385 -0.115543
0.0309 0.0341 -0.09358
-0.00445 -0.022175 -0.00013
0.00844 0.0473 -0.06955
0.02545 0.008935 -0.00186
0.0108 -0.016668 -0.044535
-0.01589 0.0384 -0.034753
-0.0058 -0.00607 -0.051025
0.0029 -0.002822 -0.052265
0.002712 -0.030875 -0.048125
-0.038145 0.028075 -0.133885
-0.021622 0.0269 -0.016087
-0.014062 0.050525 -0.097945
-0.00417 0.0418 -0.038775
-0.023258 -0.024875 -0.048965
0.003975 -0.029992 -0.021465
0.00427 -0.002335 -0.08236
-0.012795 -0.029 -0.040358
-0.005725 -0.025795 -0.005668
0.0303 0.014042 -0.021363
0.0018 0.035375 -0.019052
0.032817 0.025125 -0.081593
0.02385 -0.01648 -0.03154
-0.01285 0.0505 -0.096355
0.034475 0.0169 -0.07489
-0.01985 0.014795 -0.042923
0.027575 -0.013432 -0.02634
0.009255 0.039 -0.02689
-0.024943 0.0486 -0.104957
-0.032582 0.045825 -0.121607
-0.0036 0.030455 -0.003402
-0.019075 -0.02312 -0.014685
0.002765 -0.0162 -0.096625
-0.0062 -0.018808 -0.044235
0.00485 -0.028423 -0.030152
0.000243 -0.010675 -0.11413
-0.01336 -0.0087 -0.12072
-0.0146 -0.010123 0.005457
-0.026268 0.042975 -0.081835
0.012725 0.024907 -0.04066
-0.01329 -0.002275 -0.13842
-0.01594 -0.00155 -0.02124
-0.029335 -0.0218 -0.035578
0.033652 0.018925 -0.068505
-0.0307 0.02575 -0.023203
0.031922 0.002 -0.098278
-0.0012 -0.0289 -0.02919
-0.0167 0.02968 -0.02747
0.019025 -0.013873 5.3e-05
0.010925 -0.026217 -0.03163
0.01955 0.028602 -0.015782
-0.02976 0.0351 -0.0566
-0.024497 0.052 -0.128305
0.004125 0.02038 -0.078248
0.006335 0.053475 -0.128323
0.0 0.010068 -0.052418
-0.01715 -0.022103 -0.007538
-0.0309 0.002557 -0.01097
0.027008 0.034375 -0.059295
-0.020895 0.05145 -0.111097
-0.020205 -0.011425 -0.104968
-0.029575 0.013612 -0.02769
0.02035 0.028092 -0.02443
-0.008425 -0.007697 -0.050025
0.011648 0.050975 -0.129483
0.01875 0.027895 -0.01187
0.0185 0.02954 -0.020942
0.0 0.03558 -0.02102
-0.014225 0.02574 -0.038247
-0.032275 0.00209 -0.01738
0.00945 -0.004428 0.009612
0.0199 0.0268 -0.011585
-0.018995 0.05395 -0.125495
0.01937 0.0009 -0.135558
0.029405 -0.00895 -0.037825
-0.01725 0.02868 -0.010433
0.0249 0.023518 -0.018963
0.0271 -0.01489 -0.018323
0.0228 0.01301 -0.04177
-0.037855 0.0153 -0.033935
-0.00963 0.0476 -0.073565
0.026525 0.03505 -0.060617
-0.024667 0.052 -0.127105
-0.002225 -0.0162 -0.047118
-0.002962 -0.007575 -0.124297
0.03266 0.0159 -0.124555
-0.003123 -0.01785 -0.093185
-0.031687 0.003975 -0.135445
-0.00615 0.006625 0.01088
-0.02235 0.023325 -0.03193
0.005725 -0.02658 -0.00708
0.00795 -0.025715 -0.00611
0.000143 -0.0134 -0.105855
-0.0024 0.034238 -0.028505
0.0026 0.034425 -0.012975
-0.00225 0.03433 -0.01246
0.007325 -0.028125 -0.029105
0.015077 -0.000775 -0.135765
-0.011485 0.0493 -0.086797
-0.034008 0.04535 -0.12819
0.015018 -0.014425 -0.095707
0.006675 -0.014948 -0.047017
-0.031945 -0.0175 -0.03382
-0.015125 0.00456 -0.04897
-0.011425 -0.021832 -0.039042
-0.006408 0.05465 -0.11663
0.03272 0.008573 -0.06514
0.017162 -0.0149 -0.092627
-0.037915 0.007875 -0.02706
0.011305 0.05295 -0.115213
-0.038185 0.03635 -0.13026
0.0205 0.005528 -0.045318
-0.03272 0.01545 -0.07914
0.020443 -0.02015 -0.06936
-0.01358 -0.005025 -0.130883
-0.03517 0.0187 -0.02447
0.011925 0.027028 -0.038345
0.015147 -0.01825 -0.083793
0.0103 0.032392 -0.011435
-0.03125 0.009957 -0.01621
-0.00175 -0.025937 -0.00488
0.02245 0.0432 -0.083177
0.02035 -0.019782 -0.033105
0.0006 -0.026523 -0.035295
-0.027132 0.041825 -0.079083
0.01687 -0.011625 -0.102883
0.02479 -0.00775 -0.09959
-0.027735 -0.0098 -0.10022
-0.0208 -0.02229 -0.024995
-0.004913 0.052475 -0.102445
-0.0042 -0.025912 -0.035993
-0.031055 0.01569 -0.033365
0.009375 0.006585 -0.051167
-0.00686 -0.0283 -0.057325
-0.011493 -0.0174 -0.092983
-0.00427 0.026453 -0.01617
0.027395 0.035 -0.069755
-0.007875 -0.019955 0.001668
0.0179 0.01993 0.00084
-0.03767 0.0078 -0.02685
-0.03113 0.02525 -0.023288
-0.0274 0.018473 -0.029125
0.027675 -0.00254 -0.03641
0.031165 0.0282 -0.065115
0.016875 -0.012698 0.00227
0.022155 0.0462 -0.129548
-0.03795 0.00805 -0.099465
0.015525 0.023823 -0.000868
-0.02248 0.04685 -0.091283
-0.009225 0.003513 0.01067
-0.017375 0.00586 0.006425
-0.02645 0.01756 -0.032085
0.0299 0.01114 -0.03144
-0.038137 0.011375 -0.02897
-0.02422 0.045575 -0.088787
-0.018622 0.053575 -0.128295
0.0121 -0.02683 -0.02826
0.01451 0.031582 -0.015243
0.011295 0.000125 -0.13853
0.024377 0.0442 -0.129588
-0.02505 -0.014962 -0.009925
0.02385 0.021787 -0.00942
-0.019755 0.035525 -0.028037
-0.002808 0.0539 -0.11058
-0.012525 -0.00432 0.009023
0.0165 -0.01735 -0.04077
-0.03514 -0.0138 -0.03258
-0.007275 -0.026272 -0.034005
-0.02914 -0.014675 -0.075862
0.02825 -0.004745 -0.006578
0.012977 -0.007147 -0.022255
-0.01182 -0.0007 -0.13967
-0.031025 0.004337 -0.02978
-0.004125 0.00632 -0.080793
-0.030275 0.003313 -0.03309
0.02925 0.016085 -0.02394
-0.01021 -0.001525 -0.139
-0.02719 -0.0142 -0.0841
0.010925 0.033602 -0.02079
-0.01301 -0.000575 -0.139647
-0.016538 0.049275 -0.093483
-0.01731 0.0513 -0.103875
-0.030897 0.028325 -0.029543
0.002845 0.04945 -0.083138
-0.027242 0.049675 -0.129497
0.0123 -0.025935 -0.010645
0.028975 -0.0116 -0.06642
-0.013215 -0.02945 -0.040857
-0.003375 -0.028678 -0.029587
0.0194 -0.01881 -0.00465
-0.026 -0.015875 -0.012885
0.023302 0.037175 -0.050283
0.030605 0.018975 -0.134962
-0.0243 0.024055 -0.02194
-0.02 0.0488 -0.09583
0.008475 -0.021477 -0.041008
-0.038167 0.001725 -0.059552
0.01885 -0.023925 -0.021737
-0.008425 0.03377 -0.025922
-0.012125 -0.00465 -0.13246
-0.027068 -0.01015 -0.100325
0.00555 0.033915 -0.011845
-0.023897 0.04475 -0.084123
-0.009375 0.000318 0.010345
0.013525 0.032255 -0.017555
-0.0254 0.04405 -0.084595
0.01105 0.022615 -0.043995
-0.03242 0.001575 -0.12632
0.005525 -0.00606 -0.051075
0.014525 0.022432 0.001065
-0.008333 0.055 -0.120307
0.00111 0.054125 -0.115062
-0.025925 0.021492 -0.014807
-0.025345 0.044725 -0.087555
-0.039175 0.027175 -0.129375
-0.010775 -0.023883 -0.004735
0.0 0.031805 -0.005545
0.018207 -0.02418 -0.025337
0.0087 -0.014852 0.005488
0.01505 -0.025422 -0.013472
0.031275 0.0298 -0.07174
0.02635 -0.006775 -0.004355
0.0262 0.0421 -0.108323
-0.02333 -0.00961 -0.08368
-0.038595 0.00615 -0.058605
-0.02334 0.0453 -0.085428
0.004125 0.00968 -0.019207
0.02333 0.03096 -0.04584
-0.001725 -0.028963 -0.028848
-0.015675 -0.021267 -0.005125
0.005455 -0.0302 -0.04654
-0.021622 -0.013575 -0.069152
-0.023925 -0.003212 -0.041385
0.0159 -0.022797 -0.033703
-0.0266 0.008975 -0.037425
0.005525 0.011363 0.010115
-0.02447 0.004752 -0.0201
-0.022875 0.024087 -0.029122
-0.017923 -0.0282 -0.041185
0.03272 0.02625 -0.087058
-0.033705 -0.00375 -0.095858
0.01252 -0.02709 -0.025865
0.00604 0.052775 -0.128863
-0.029065 0.044325 -0.097977
0.023225 0.005 -0.13763
-0.01717 0.053425 -0.128875
-0.02035 0.025085 -0.007855
0.012825 -0.01305 -0.101595
0.00615 -0.012065 0.007495
-0.018398 -0.009175 -0.115585
-0.03272 0.005899 -0.05038
-0.00615 0.03465 -0.0159
-0.005975 -0.01063 0.00826
-0.02243 -0.0058 -0.12357
0.0 0.031063 -0.004103
0.00854 -0.02871 -0.02616
-0.03117 -0.019725 -0.036653
0.0169 0.03086 -0.02248
-0.02999 0.03605 -0.061405
0.0207 0.025395 -0.009577
-0.0026 0.03504 -0.016367
0.01486 0.0457 -0.079395
-0.026258 -0.00945 -0.104457
0.02881 0.0316 -0.060625
-0.02941 0.0025 -0.13797
-0.024825 0.003138 -0.041102
0.029195 -0.011675 -0.07218
0.00485 0.02851 -0.039522
-0.025922 0.043775 -0.08476
0.00795 0.024175 0.00293
0.022685 0.046775 -0.12819
-0.037988 0.030425 -0.09464
-0.024525 -0.011635 -0.036278
0.0024 0.03549 -0.02053
0.031358 0.00745 -0.118738
-0.00891 0.0371 -0.0217
0.00805 -0.029025 -0.021495
-0.009 -0.027765 -0.02843
-0.00454 -0.02735 -0.061977
0.033753 0.00795 -0.093252
-0.02707 -0.0134 -0.08756
-0.001245 0.04975 -0.08556
-0.003765 0.0546 -0.128265
0.01565 0.02525 -0.002997
0.00945 0.008182 -0.051005
-0.011095 -0.011975 -0.110313
-0.027675 -0.0078 -0.007385
0.031825 -0.001505 -0.024435
-0.022172 0.051025 -0.111013
0.031287 0.018825 -0.134422
-0.038135 0.0227 -0.064295
-0.026 0.017337 -0.006872
-0.020065 -0.02515 -0.05429
0.014787 -0.003675 -0.128183
0.00315 0.01305 -0.050938
-0.032817 0.035525 -0.074432
0.029725 0.01456 -0.024218
-0.00175 -0.021113 -0.043025
0.028125 0.011607 -0.034023
-0.013095 0.054675 -0.12028
-0.030727 0.027325 -0.025633
-0.027225 -0.01405 -0.014942
0.009375 0.011282 -0.050165
-0.031562 0.028325 -0.031562
-0.036428 0.029575 -0.067175
0.01477 0.0462 -0.082237
0.01665 0.025515 -0.00445
0.01579 0.02116 -0.017127
-0.025855 0.0294 -0.021855
-0.01795 0.00744 -0.0469
0.021955 -0.0006 -0.12733
-0.00772 0.0523 -0.103295
-0.003725 0.035092 -0.0175
-0.0006 0.035172 -0.024117
-0.00262 0.054 -0.12908
-0.03272 0.010101 -0.04962
-0.0012 0.031108 -0.00435
-0.0029 -0.004432 -0.052075
0.0116 0.03342 -0.01978
0.014425 0.007125 0.008125
0.029725 -0.009252 -0.016743
-0.01451 0.039606 -0.059522
-0.037607 0.036925 -0.119202
0.01545 -0.025785 -0.02563
0.00575 -0.026095 -0.034988
-0.015077 -0.0033 -0.13566
-0.038535 0.0335 -0.133105
0.02035 -0.022785 -0.01653
0.00445 -0.01628 -0.046675
-0.009225 -0.009077 0.00839
0.007575 0.034288 -0.016575
-0.01605 -0.021442 -0.03544
-0.031972 0.003025 -0.13189
-0.021245 0.000775 -0.139415
-0.017207 0.0494 -0.096465
-0.020278 -0.01215 -0.102362
0.030875 0.002545 -0.010895
0.007875 0.02631 -0.041395
-0.024718 0.00065 -0.138483
-0.037368 0.02445 -0.059083
0.002625 0.015873 0.009225
0.005675 -0.02688 -0.033327
-0.0024 -0.02942 -0.01399
0.012925 0.03278 -0.020455
-0.00895 -0.02634 -0.008407
0.0045 0.03363 -0.0103
0.024593 0.040575 -0.083735
0.0172 0.02954 -0.026685
0.0187 0.0442 -0.079865
0.003075 -0.029532 -0.0257
0.031713 0.031775 -0.098315
0.0217 -0.021592 -0.023093
-0.008462 -0.003925 -0.13421
0.002135 0.037425 -0.07516
0.027275 -0.014005 -0.015215
0.025225 -0.014915 -0.01017
-0.0203 0.002975 0.004682
-0.038567 0.01375 -0.03991
-0.01748 -0.016125 -0.09233
0.03023 0.014975 -0.01825
0.027225 0.016353 -0.009437
-0.0177 -0.010138 -0.044545
-0.013175 -0.027265 -0.021685
0.009225 -0.010518 0.007647
-0.037313 0.01965 -0.038785
-0.0024 0.031152 -0.004597
0.028675 -0.008197 -0.031287
-0.001295 -0.000825 -0.139083
-0.028375 -0.012083 -0.025818
0.030875 0.002765 -0.030065
-0.025825 -0.01676 -0.015992
-0.023335 0.052175 -0.128555
-0.010925 -0.02762 -0.026575
0.006225 0.012943 -0.050347
-0.016425 -0.02017 -0.004163
0.02294 -0.02055 -0.061025
0.006675 0.030278 -0.03651
-0.017415 0.0508 -0.101337
0.02045 0.027908 -0.017685
-0.03589 0.03935 -0.13186
-0.03216 0.01965 -0.07838
0.0128 -0.019453 -0.04067
0.016425 0.018303 0.002808
0.0006 -0.030248 -0.020063
-0.007375 0.032487 -0.00931
0.006675 0.020257 0.006057
-0.0285 -0.00163 -0.005808
-0.001125 0.035083 -0.015752
-0.02888 0.0272 -0.02243
0.016775 0.026943 -0.00658
0.0036 0.03506 -0.023505
0.002135 -0.029543 -0.02631
-0.012125 0.015725 -0.04804
-0.037755 0.02265 -0.134665
-0.028193 -0.015425 -0.07605
-0.02585 0.022358 -0.01958
-0.006405 -0.010178 -0.08378
0.00295 0.03422 -0.028407
-0.039817 0.0328 -0.128475
-0.0201 0.026975 -0.01252
-3.2e-05 -0.021025 -0.082405
-0.00964 0.0465 -0.067
-0.028003 0.00155 -0.137547
-0.00795 -0.028663 -0.026155
-0.029233 0.04195 -0.0884
-0.0207 -0.022473 -0.01825
-0.00985 -0.019097 -0.042635
0.026725 -0.002098 -0.003225
-0.00427 0.02903 -0.07668
0.011775 -0.013305 0.00564
-0.023315 -0.01115 -0.102068
0.013575 -0.02337 -0.034747
0.007275 0.034485 -0.022997
-0.003927 0.054175 -0.112567
0.01603 0.04315 -0.06591
0.0192 0.02618 -0.00814
0.00295 -0.028917 -0.012555
0.031975 0.00524 -0.01681
0.0317 0.032025 -0.099647
0.0024 0.03472 -0.02697
-0.03859 0.0128 -0.0956
0.008425 0.022962 0.00388
0.019915 0.03889 -0.074895
-0.027625 0.01879 -0.01489
0.021805 0.04535 -0.094605
-0.0165 0.0285 -0.03246
-0.038948 0.02775 -0.13179
-0.030008 0.0308 -0.036353
-0.013167 0.055075 -0.125848
-0.038025 0.01935 -0.050025
-0.009392 0.050625 -0.092118
0.0058 -0.014955 0.006055
0.014575 -0.011545 0.004612
-0.0063 0.006692 -0.051757
-0.02305 0.047075 -0.092955
0.02335 0.023485 -0.01178
0.009957 0.01542 -0.018167
0.021825 0.017413 -0.039985
-0.0145 -0.026625 -0.02101
-0.0169 -0.02306 -0.03225
-0.0126 -0.02726 -0.0259
0.010925 -0.027835 -0.025395
-0.00825 0.02741 -0.076975
0.02025 -0.018355 -0.035235
-0.030875 -0.000603 -0.011465
0.02315 0.01844 -0.036955
0.021622 -0.018925 -0.039632
-0.00113 -0.02865 -0.05817
0.00795 0.033973 -0.014805
0.03359 0.026225 -0.118712
0.021622 0.029575 -0.030847
-0.020535 -0.00665 -0.122345
0.019525 0.007737 0.004755
-0.03216 0.001696 -0.05114
-0.034265 0.042225 -0.131505
-0.028375 0.008498 -0.034792
0.014833 -0.008275 -0.114675
-0.020238 0.053575 -0.12609
0.032855 -0.002825 -0.069383
0.008475 0.026778 4.8e-05
-0.01803 -0.0058 -0.12721
0.032927 0.02275 -0.070565
0.01752 0.046575 -0.09305
-0.002625 -0.020145 0.002703
0.001725 -0.029888 -0.02373
0.032908 0.02395 -0.07613
0.03246 0.02165 -0.066193
-0.0205 -0.00337 0.003785
0.025955 -0.014271 -0.03879
-0.01296 0.05395 -0.129018
0.02867 0.036775 -0.093122
-0.0099 -0.02829 -0.016022
-0.013425 -0.029675 -0.041107
-0.007 -0.02732 -0.00874
0.002275 0.055075 -0.12386
-0.025962 -0.024375 -0.036488
0.007825 0.034077 -0.015395
-0.026945 0.0407 -0.07279
-0.01424 0.0522 -0.105745
0.0006 0.031828 -0.005668
-0.014322 0.05445 -0.120195
0.0147 -0.01968 -0.039415
0.01093 0.0477 -0.081767
-0.006625 0.033245 -0.010825
-0.014082 0.02245 -0.016895
-0.00962 0.0487 -0.08013
-0.025075 0.006332 -0.040777
0.0257 -0.00971 -0.005545
-0.000917 0.055125 -0.12221
-0.006405 0.039641 -0.04427
-0.030737 -0.01975 -0.034785
-0.031055 0.023707 -0.077645
-0.030775 0.004145 -0.01076
-0.01574 0.052575 -0.109195
-0.037173 0.029475 -0.078923
-0.010337 0.05465 -0.12828
-0.03023 0.02032 -0.04777
-0.024575 -4.7e-05 -0.041475
-0.00806 0.05315 -0.107225
0.031762 0.03075 -0.093005
-0.020695 0.0476 -0.092135
-0.03065 0.00941 -0.013185
0.033855 0.0133 -0.097915
0.005525 0.024077 -0.044087
0.00925 -0.02798 -0.02725
-0.015 0.01241 -0.04742
0.006405 0.03687 -0.07526
-0.00445 0.02159 0.005715
-0.008495 0.05515 -0.127515
0.00175 0.026413 0.002065
-0.01935 -0.004035 -0.04555
0.02545 -0.00363 -0.0391
0.009957 0.02612 -0.077208
0.02 -0.016575 -0.081325
0.0 -0.021288 0.001988
-0.01622 0.01545 -0.07914
-0.020073 -0.00365 -0.1326
0.024805 0.03605 -0.052887
-0.023708 -0.012875 -0.095
-0.031025 0.00097 -0.01118
-0.025805 0.0516 -0.1266
-0.02245 0.02269 -0.0074
-0.00175 0.02939 -0.001737
0.003925 0.04765 -0.072195
0.025825 0.019257 -0.009473
-0.0269 -0.00568 -0.03647
-0.032532 -0.00445 -0.102135
-0.01211 0.05525 -0.12575
-0.037965 0.005625 -0.084398
0.014082 0.03315 -0.075935
0.00175 0.025183 0.003113
0.00427 0.045265 -0.07374
0.005737 -0.01595 -0.096522
-0.037463 0.016725 -0.134297
0.0012 -0.0289 -0.02919
-0.012725 0.016413 0.006227
0.003075 0.017483 -0.049045
-0.0192 -0.022987 -0.0269
-0.01511 -0.00305 -0.136395
0.031665 -0.005 -0.06832
0.0036 -0.029565 -0.015845
-0.025925 -0.008735 -0.036312
0.01025 -0.028485 -0.01916
-0.028375 0.003117 -0.005075
0.025125 -0.005212 -0.039055
0.01708 -0.00035 -0.135782
0.022265 0.043975 -0.087453
-0.028295 -0.0043 -0.11955
-0.026498 -0.007425 -0.112045
-0.019932 0.049625 -0.099768
0.011665 -0.00883 -0.02256
0.000255 -0.0312 -0.047515
-0.034557 0.03355 -0.074645
-0.035272 0.041975 -0.113212
0.022478 -0.013 -0.087258
-0.0388 0.016925 -0.11265
-0.01579 -0.01586 -0.023832
0.00525 0.014427 0.009195
0.03245 -0.002068 -0.021335
-0.020975 0.026407 -0.027887
0.0 -0.011003 -0.08393
0.011955 -0.029 -0.05202
-0.01138 0.0521 -0.10254
-0.0138 0.031057 -0.029332
0.0266 0.00268 -0.038565
0.012375 -0.00774 -0.083338
0.030708 -0.003775 -0.086672
-0.00905 0.006728 0.010315
0.0 0.03416 -0.011525
-0.004245 0.04275 -0.043612
-0.02696 -0.009825 -0.101812
0.03076 -0.0059 -0.077875
-0.008475 0.031825 -0.00831
-0.0214 -0.019178 -0.009647
0.00898 -0.0226 -0.07555
0.005225 -0.029422 -0.016633
0.008425 -0.0174 0.003553
-0.027043 0.043275 -0.08496
0.0059 -0.0287 -0.0286
0.012775 0.024758 -0.00029
-0.02206 0.0523 -0.11822
-0.0152 0.030875 -0.01415
-0.02012 0.0478 -0.0919
0.0145 -0.024945 -0.030255
0.000935 0.0529 -0.10379
-0.014295 -0.0153 -0.099085
-0.003075 0.006518 0.01147
0.0024 -0.02808 -0.03204
0.028325 0.017338 -0.014872
-0.005432 0.049225 -0.082845
-0.003487 0.054725 -0.116775
-0.006313 -0.029475 -0.053023
0.014873 -0.012575 -0.101498
0.013135 0.052425 -0.121815
0.017825 0.005843 -0.047063
-0.007795 0.051375 -0.096165
-0.0257 0.00899 -0.00216
0.008395 -0.02006 -0.024593
0.025955 0.027598 -0.04645
-0.004625 -0.026755 -0.034013
-0.025355 0.044375 -0.086103
0.008283 0.053975 -0.126885
-0.0192 0.02618 -0.00814
-0.003435 0.05445 -0.114705
-0.00445 0.02282 0.004668
0.02445 -0.018605 -0.01981
0.001725 0.035198 -0.01723
-0.024325 0.02435 -0.016553
0.0214 0.016103 -5.8e-05
0.0274 0.02066 -0.01722
0.014575 -0.023633 -0.033295
-0.013628 -0.003925 -0.134223
-0.01252 0.037742 -0.044615
-0.01977 0.03365 -0.022008
0.0093 0.02035 0.005542
-0.003015 0.053625 -0.108715
-0.0242 0.0446 -0.084225
0.019933 0.0482 -0.129508
0.02553 -0.0163 -0.06952
0.0127 0.028955 -0.03497
-0.00625 -0.026152 -0.034667
-0.017225 -0.009808 0.00371
-0.031857 -0.0189 -0.041917
0.0047 -0.02837 -0.011365
-0.017205 -0.005125 -0.129647
-0.01731 -0.0139 -0.100052
0.0 -0.02501 -0.0383
-0.018207 0.04018 -0.074662
-0.008485 0.0554 -0.12519
-0.005085 -0.026225 -0.066207
-0.02941 0.0386 -0.07076
-0.001125 -0.029773 -0.025208
0.012375 0.012727 -0.049167
0.013425 0.031305 -0.012293
-0.034098 0.00385 -0.12581
0.01935 -0.023047 -0.015077
0.002135 -0.00261 -0.08241
0.034353 0.013875 -0.081212
-0.021285 0.04715 -0.090817
-0.0215 0.01122 0.00292
0.011098 -0.009025 -0.114985
-0.0024 0.03041 -0.003155
0.002625 -0.005958 -0.05164
-0.03157 0.0327 -0.0522
0.026475 0.010515 -0.036965
-0.007145 0.017407 -0.078785
-0.013953 -0.011925 -0.110175
0.01053 -0.019881 -0.070293
-0.0119 0.028228 -0.00375
-0.036312 -0.001575 -0.079125
-0.023387 0.04555 -0.086938
0.004675 0.03448 -0.014105
-0.028207 0.031175 -0.030878
-0.01225 -0.027365 -0.016925
0.03023 0.02032 -0.04777
0.00736 0.0491 -0.080493
0.00175 0.0333 -0.031723
-0.003075 -0.001217 -0.05243
-0.0095 -0.028662 -0.020845
0.010862 -0.01955 -0.083177
0.0062 0.031082 -0.035198
0.023825 -0.013085 -0.03626
0.006675 0.02949 -0.037923
0.00315 -0.004647 0.010843
-0.002135 0.01861 -0.01759
0.01495 -0.01137 -0.045735
-0.01412 0.050475 -0.098278
-0.0024 -0.0251 -0.037805
0.002225 -0.0162 -0.047118
0.010925 0.031527 -0.00933
0.032163 0.013025 -0.128817
-0.029855 0.026225 -0.022813
0.006225 0.006697 -0.051782
0.0269 0.016065 -0.032532
0.00427 0.042591 -0.05898
-0.03102 -0.0022 -0.12089
-0.01265 0.022205 0.00232
0.0247 -0.00568 -0.001412
0.015225 0.015147 0.00521
-0.014615 0.04625 -0.07353
0.0035 -0.021175 -0.04268
0.0058 -0.015075 -0.09916
-0.014175 -0.013375 -0.105398
-0.01175 -0.019325 -0.04138
-0.016525 -0.02379 -0.010995
-0.021622 0.03225 -0.045607
-0.0144 -0.00345 -0.0488
-0.008475 -0.027142 -0.009723
0.0 0.037795 -0.02936
-0.02779 0.050025 -0.127593
-0.0358 0.005125 -0.12126
-0.03244 0.009529 -0.03448
-0.03103 0.034175 -0.05684
-0.0062 -0.024992 -0.004353
-0.003 0.03489 -0.025238
-0.014963 -0.029225 -0.045127
0.001125 0.035083 -0.015752
0.00645 -0.027822 -0.010175
0.0299 0.00676 -0.00724
-0.023017 0.052125 -0.120165
0.007075 -0.023127 -0.00188
-0.0095 0.033505 -0.01489
-0.03015 0.00802 -0.03216
-0.00797 0.01545 -0.07914
0.00315 -0.007742 0.009977
-0.020855 -0.0021 -0.13627
0.00525 -0.021238 -0.042335
0.024977 0.035625 -0.052395
-0.0315 0.00535 -0.026395
-0.006458 -0.030475 -0.042362
0.000337 0.038375 -0.022968
0.00825 0.00265 -0.02048
-0.03103 -0.006725 -0.102697
-0.0259 -0.008267 -0.004802
-0.017975 0.021795 -0.039472
0.025825 0.022063 -0.024968
-0.0178 -0.023455 -0.01284
-0.01205 0.0546 -0.128275
0.019915 -0.01754 -0.054625
0.031273 0.0284 -0.065677
0.0234 0.02485 -0.026315
0.013775 0.032042 -0.016375
0.00345 0.033505 -0.00961
0.0151 0.03078 -0.013608
0.01245 -0.00587 0.008615
-0.02858 0.021563 -0.0323
-0.00107 0.03965 -0.027682
-0.026865 -0.009125 -0.104497
-0.036442 0.020775 -0.03092
-0.034078 0.009875 -0.137488
0.0184 0.027585 -0.010147
-0.037253 0.0267 -0.067952
-0.015695 0.05295 -0.111505
-0.015525 0.023823 -0.000868
0.002517 0.05 -0.086455
0.00175 -0.028478 -0.010775
-0.013275 0.022352 -0.042545
0.01955 0.02649 -0.009862
0.02858 -0.010908 -0.03818
-0.02995 0.037125 -0.06612
0.033525 0.0236 -0.09059
0.02447 0.011247 -0.0799
-0.024962 5e-05 -0.137713
0.015775 0.026678 -0.005127
0.030025 0.008832 -0.009987
-0.024642 0.031953 -0.060905
0.0024 -0.02659 -0.034923
-0.00474 -0.03095 -0.04604
0.028945 -0.003775 -0.09771
0.0285 -0.00162 -0.005858
-0.031785 0.00805 -0.138215
-0.028125 0.006292 -0.004655
0.0108 0.032823 -0.013795
0.0 0.034327 -0.028995
-0.026415 -0.00345 -0.126345
0.007145 0.017407 -0.078785
-0.02953 -0.022 -0.03575
0.02409 0.045125 -0.111298
-0.00017 0.04525 -0.05846
0.0042 0.034845 -0.024992
0.02901 -0.004525 -0.095005
-0.002135 -0.021519 -0.07059
0.030275 0.00646 -0.03252
-0.000595 0.04745 -0.071558
-0.006375 -0.028708 -0.01371
-0.029583 0.026825 -0.022858
-0.0165 -0.017445 -0.06985
0.025982 0.04315 -0.115332
0.0094 -0.027468 -0.01214
-0.0296 0.010418 -0.010055
0.012253 0.052325 -0.12836
0.026585 0.00195 -0.1268
0.03188 -0.00575 -0.022
-0.02305 -0.01124 -0.038468
-0.012128 0.0386 -0.029332
0.016275 0.030875 -0.018365
-0.0179 -0.021005 -0.006575
-0.031282 0.042325 -0.098517
-0.012168 0.051175 -0.100975
0.0 -0.030133 -0.02154
-0.027428 0.036925 -0.05606
-0.018585 -0.004 -0.13263
-0.006675 0.028443 -0.039155
0.033785 0.0005 -0.080223
-0.038895 0.02285 -0.07723
0.011575 0.019178 0.005
-0.01305 -0.022592 -0.004833
-0.027425 -0.00845 -0.10588
0.009425 -0.023663 -0.037342
-0.01151 -0.0185 -0.089272
-0.0217 -0.020967 -0.026535
0.00055 -0.0315 -0.04532
-0.029405 -0.011622 -0.023065
-0.029 0.01413 -0.030545
-0.00626 -0.01222 -0.023172
0.00525 -0.007585 -0.05064
0.0179 -0.0259 -0.05398
0.013525 -0.026953 -0.023405
0.033825 0.0203 -0.10935
-0.0121 0.032995 -0.01742
-0.024825 0.002172 0.000142
0.02115 0.025793 -0.011767
-0.002905 0.05445 -0.114737
-0.004555 0.054725 -0.116692
0.0026 0.03504 -0.016367
-0.020012 0.0535 -0.12801
-0.012392 0.03725 -0.025652
0.003975 0.033567 -0.009955
0.0302 0.013035 -0.024495
0.003525 0.032723 -0.007947
0.033717 0.020125 -0.074135
-0.029205 -0.0135 -0.080265
0.011425 0.027132 -0.001917
-0.017763 0.049425 -0.096873
-0.007 0.03263 -0.03223
-0.0317 0.008403 -0.016315
0.0 -0.0297 -0.01511
-0.004675 0.034692 -0.015285
0.0156 -0.018515 -0.040093
0.031767 -0.005 -0.068843
0.03238 0.0303 -0.107065
-0.0012 -0.029465 -0.013745
-0.016858 -0.001475 -0.138755
0.0026 -0.029118 -0.027988
0.00285 0.033918 -0.011035
-0.0134 0.02084 0.002835
-0.008935 0.0518 -0.101665
0.01185 0.033207 -0.0186
0.01355 0.01183 0.007533
0.0101 -0.01224 -0.047927
0.02663 0.0389 -0.0898
-0.037445 0.006 -0.11488
-0.00427 0.045265 -0.07374
-0.031705 0.0304 -0.0419
-0.0139 0.0538 -0.129065
-0.03023 -0.00432 -0.05223
-0.017593 0.054225 -0.126125
-0.022402 -0.009675 -0.108935
0.02858 -0.00289 -0.08246
0.015045 0.000375 -0.138012
-0.02297 0.031825 -0.021488
0.017875 -0.02405 -0.062225
0.02425 -0.00871 -0.002367
0.016525 -0.024735 -0.027217
0.001798 0.05055 -0.089665
-0.008505 0.0552 -0.126905
0.024642 0.02393 -0.016625
-0.03577 0.0193 -0.025055
-0.034828 0.0212 -0.024893
0.0 0.010767 -0.01901
0.0 0.006917 -0.052988
-0.01451 0.034257 -0.030003
-0.037303 -0.0051 -0.055395
0.01252 0.04309 -0.074135
-0.020325 -0.0125 -0.10102
-0.038737 0.0178 -0.056
-0.0138 -0.020845 -0.038737
0.028502 0.00025 -0.112477
0.00748 -0.030075 -0.050443
0.00615 0.000205 0.010985
-0.01302 0.053125 -0.109685
-0.029405 -0.003605 -0.067345
0.008113 0.053825 -0.127595
-0.001288 -0.001125 -0.138918
-0.005525 -0.00913 -0.050105
-0.02925 -0.01078 -0.01702
0.02391 0.007042 -0.08066
0.00555 -0.029652 -0.023362
0.0 -0.017352 -0.046512
0.033728 0.00185 -0.085938
-0.02635 -0.01629 -0.018575
0.031978 0.0287 -0.131455
-0.026305 -0.0098 -0.103115
0.002625 0.025447 -0.043662
-0.03706 0.00335 -0.02781
0.02935 -0.008875 -0.07837
0.0 -0.01228 0.008675
0.033507 0.0239 -0.0919
0.021595 -0.00315 -0.12044
-0.034567 -0.006075 -0.074957
0.021575 -0.01706 -0.006315
-0.0012 0.030365 -0.002908
0.023487 0.035125 -0.04421
-0.003827 -0.005325 -0.130733
-0.037065 0.031925 -0.088217
0.02215 -0.002745 -0.04397
0.002625 0.014335 0.00971
-0.032778 -0.001725 -0.112695
0.022925 0.002017 -0.043897
0.026475 0.001082 -0.038727
0.00427 -0.01857 -0.0853
-0.02705 0.020243 -0.02291
-0.022808 0.052625 -0.123785
0.012725 -0.019598 -0.0003
0.003288 -0.0091 -0.11801
0.03145 0.034425 -0.11315
-0.035545 0.0071 -0.129095
-0.031055 0.018362 -0.048125
0.021625 0.02442 -0.030968
-0.010385 0.024552 -0.016515
-0.002135 0.029307 -0.07663
-0.035402 0.0123 -0.137307
0.0126 0.03257 -0.01506
0.031682 0.018075 -0.132978
-0.01588 0.05125 -0.102272
-0.033612 0.0393 -0.09528
0.008425 0.029885 -0.004467
-0.029235 -0.0222 -0.041113
-0.0087 0.011475 0.0095
-0.0036 -0.029755 -0.017455
-0.00444 0.0534 -0.107475
0.025773 0.005975 -0.137183
-0.00091 -0.00375 -0.134218
0.02858 0.01889 -0.01754
-0.024525 0.01694 -0.004682
0.030868 0.025525 -0.133587
-0.003975 0.030375 -0.037053
-0.038627 0.0135 -0.0984
-0.007875 0.01747 0.00741
0.01325 0.029775 -0.008072
0.016725 0.009025 0.006335
0.031855 0.02945 -0.086277
0.0 -0.01897 0.004213
0.00277 -0.01845 -0.08985
0.02285 0.025977 -0.018517
0.020875 0.023722 -0.03412
0.0045 -0.02993 -0.02181
0.03391 0.0255 -0.11522
-0.0216 0.01936 -0.003025
0.031818 0.003 -0.102303
0.00595 0.033062 -0.009815
-0.03604 0.01605 -0.025275
0.0 0.005315 -0.053125
0.03439 0.0204 -0.09137
0.03188 0.002267 -0.06628
-0.00378 0.05285 -0.103845
0.025537 0.0416 -0.13093
0.006675 -0.02419 -0.003037
-0.006275 0.034545 -0.01531
-0.00175 0.032818 -0.033257
-0.03188 -0.000405 -0.05152
-0.006475 -0.0039 -0.134317
-0.022415 0.043275 -0.071375
0.030418 -0.0007 -0.09867
0.01307 -0.02845 -0.05099
0.01805 0.029938 -0.02313
-0.0089 -0.01644 -0.04579
-0.03015 -0.007795 -0.016125
0.03138 0.0286 -0.06624
0.020318 -0.023225 -0.05698
0.01475 -0.0101 0.005332
-0.00615 -0.007637 0.009413
-0.00853 0.0417 -0.038735
-0.011925 0.019212 0.004802
0.033775 -0.0009 -0.074088
-0.01708 0.048675 -0.090752
0.027268 0.023243 -0.031995
0.02115 -0.02049 -0.029192
-0.033682 0.04545 -0.12943
-0.004075 -0.028863 -0.028553
-0.032108 0.00785 -0.138032
-0.004348 0.055175 -0.127423
-0.02663 0.0415 -0.07578
-0.029075 -0.011665 -0.020128
-0.009993 -0.00685 -0.12615
-0.03075 -0.002165 -0.011825
0.0116 -0.00474 -0.05038
-0.032125 0.004788 -0.023295
0.030785 0.010625 -0.129258
-0.0099 0.03359 -0.024937
0.031225 -0.00462 -0.024922
0.0152 0.009307 -0.048238
-0.0159 -0.022797 -0.033703
-0.033685 0.0229 -0.024535
0.007825 -0.02877 -0.025565
0.02015 0.024818 -0.033157
-0.019725 0.02674 -0.029732
0.006925 0.02867 -0.001973
0.021435 0.01483 -0.018275
-0.002135 0.045543 -0.07369
-0.01755 0.013645 -0.045265
-0.025925 -0.016185 -0.026152
-0.030072 -0.015975 -0.06683
-0.023455 -0.000725 -0.137778
0.03029 0.0191 -0.135182
-0.007075 0.02027 0.005985
-0.00805 0.0534 -0.108703
-0.026933 -0.00535 -0.11888
-0.003075 0.008128 0.01128
-0.039265 0.014875 -0.075758
0.02555 0.0363 -0.05698
0.02676 -0.0005 -0.11957
0.02795 0.01085 -0.1365
0.0 0.043145 -0.05888
-0.00861 0.05445 -0.128632
0.032275 0.00209 -0.01738
-0.019915 0.02819 -0.015855
0.005743 -0.0182 -0.089748
0.013005 -0.00085 -0.13644
-0.015905 0.0394 -0.0399
-0.00426 -0.0042 -0.13395
0.0012 0.030365 -0.002908
-0.023085 0.04635 -0.08995
-0.00248 0.0393 -0.026225
-0.01579 0.03186 -0.076167
0.031328 0.0292 -0.06899
-0.02962 -0.020725 -0.047725
0.0228 -0.00771 0.00081
0.003 -0.025867 -0.03624
0.007875 0.025263 -0.042627
-0.005932 0.05255 -0.103457
0.00175 -0.01988 -0.044073
0.033502 0.0041 -0.095215
0.024325 -0.01904 -0.024408
-0.013228 -0.00185 -0.138737
0.00957 -0.0006 -0.13847
0.012835 -0.0121 -0.104275
0.009485 0.00015 -0.138765
-0.02087 0.04545 -0.080398
-0.005225 0.03134 -0.00563
-0.014575 -0.001845 -0.048965
0.0052 0.03505 -0.018115
0.029405 -0.000932 -0.082105
0.027225 -0.004097 -0.036515
0.031055 0.0341 -0.12812
-0.0058 -0.012075 0.00754
-0.017182 -0.002125 -0.137942
-0.014945 0.048725 -0.08798
0.0194 0.02412 -0.03631
0.01715 0.021295 0.000325
-0.02254 0.04105 -0.059385
0.01451 -0.015583 -0.084757
-0.032837 -0.008525 -0.079635
-0.00615 0.000285 -0.05203
0.012913 -0.00985 -0.111135
-0.006615 -0.000625 -0.139565
0.002385 -0.0019 -0.137215
-0.016525 -0.02536 -0.023775
0.0036 -0.029375 -0.014235
-0.02545 0.015065 -0.03571
-0.01745 -0.017795 -0.002258
0.0 -0.029995 -0.02314
-0.039155 0.012775 -0.066753
-0.011582 0.048475 -0.08166
-0.00445 -0.02427 -0.002595
0.02542 -0.014525 -0.075775
-0.002625 0.018698 0.007655
-0.01252 0.032395 -0.015095
-0.038938 0.009175 -0.052245
-0.01795 -0.002135 0.00594
-0.00825 -0.01141 -0.023025
-0.00427 -0.010453 -0.08383
0.01273 0.037175 -0.028573
0.0238 -0.018572 -0.02699
-0.003525 0.035213 -0.021673
0.0 -0.01516 0.00719
-0.029908 0.0395 -0.07987
-0.030503 0.029225 -0.031367
-0.015028 0.054325 -0.128228
-0.029908 0.0265 -0.022985
-0.0107 -0.009825 -0.117343
-0.003075 0.013055 -0.050963
-0.021758 0.046 -0.084987
-0.028213 0.03055 -0.028868
-0.0054 0.0495 -0.084558
-0.036895 -0.00285 -0.030135
-0.019385 0.04735 -0.087757
-0.023943 0.04025 -0.059827
0.030658 0.028875 -0.13317
-0.0228 0.00042 -0.04406
0.021975 -0.00725 -0.106765
-0.030543 -0.01955 -0.034612
-0.019385 0.0533 -0.120015
-0.01622 0.004752 -0.0201
-0.014075 -0.014457 0.003298
0.00295 0.03452 -0.01349
0.02045 0.01421 0.002395
0.026875 0.020193 -0.014638
-0.003075 0.004907 0.01166
-0.00451 0.05445 -0.114605
0.00785 -0.02853 -0.014693
-0.01805 0.027275 -0.008425
0.02333 -0.02031 -0.02464
0.030428 0.03425 -0.13034
-0.03974 0.0333 -0.13033
0.013175 -0.02578 -0.029847
-0.037478 0.0074 -0.12075
0.0247 0.00376 0.000353
-0.031825 -0.002627 -0.018235
-0.001083 0.05285 -0.10348
-0.030118 0.032825 -0.046767
-0.0112 0.028123 -0.037382
-0.03135 -0.006695 -0.022175
-0.027575 -0.014465 -0.020632
-0.0149 0.031385 -0.025385
-0.004425 0.034265 -0.012925
0.0152 0.031303 -0.01651
-0.003075 -0.006198 0.010435
0.010873 -0.0293 -0.052085
0.0305 0.02555 -0.133907
-0.014082 -0.00645 -0.083105
-0.032153 -0.007575 -0.089998
0.01712 -0.014 -0.09547
0.01601 -0.02715 -0.052935
0.024707 -0.0069 -0.102425
0.0024 0.035297 -0.02214
-0.024775 0.04495 -0.08746
0.01105 -0.00779 -0.04951
0.0 -0.02982 -0.02636
-0.0234 -0.015405 -0.00749
-0.013275 0.031185 -0.011655
-0.015475 0.01518 0.005037
-0.02696 0.0453 -0.09366
0.031723 0.014375 -0.132993
0.03301 -0.0017 -0.06927
-0.013885 0.049575 -0.091075
0.020287 -0.023375 -0.057235
0.002267 -0.00015 -0.13913
-0.025955 -0.016945 -0.02403
0.03365 0.00685 -0.069275
0.00535 -0.028827 -0.013045
0.013425 0.02786 -0.035932
0.014525 -0.023428 -0.007245
-0.038995 0.009075 -0.033217
-0.033023 -0.017075 -0.03943
-0.016195 -0.002475 -0.137385
-0.02385 0.024453 -0.024128
-0.024268 0.044825 -0.08572
0.00795 -0.028663 -0.026155
-0.0236 -0.01255 -0.096487
0.015475 0.023335 -0.03998
-0.012162 0.0442 -0.057962
0.03217 0.025975 -0.06981
-0.005635 -0.013575 -0.105772
-0.00665 0.034683 -0.018765
-0.014378 0.053925 -0.11621
-0.016372 -0.011625 -0.109365
0.014922 -0.01305 -0.100015
0.023915 0.0438 -0.13023
0.016275 0.020747 -0.041693
-0.018915 0.0484 -0.093217
0.01895 -0.02253 -0.01219
0.03065 0.009018 -0.0287
0.015805 0.043825 -0.069005
-0.003213 0.05485 -0.127803
0.013005 -0.0189 -0.083485
-0.038833 0.01835 -0.11842
-0.0074 0.034505 -0.02045
-0.004075 0.034998 -0.016982
0.0006 -0.029835 -0.024862
0.0215 -0.01869 -0.03339
-0.024523 0.0451 -0.087333
0.01877 0.0497 -0.118205
0.032642 0.0271 -0.09112
-0.0063 -0.00299 0.01066
0.0089 0.03098 -0.0063
0.012977 0.01245 -0.018705
-0.039472 0.02445 -0.119465
0.014702 0.00195 -0.138798
0.008825 -0.02661 -0.032135
0.008395 0.025365 -0.016368
-0.03053 0.034575 -0.056765
-0.015605 0.0537 -0.116125
0.00315 0.008407 -0.052235
-0.00881 -0.030325 -0.04162
-0.037217 0.028175 -0.134603
0.03008 0.02245 -0.134765
0.0012 0.03526 -0.017575
0.003075 0.018923 -0.048303
0.00415 0.034175 -0.028162
0.0058 0.0228 -0.04503
-0.019368 -0.00245 -0.1363
0.00175 0.034265 -0.028653
-0.03281 -0.01745 -0.037555
0.00252 -0.00215 -0.136712
-0.038025 0.014975 -0.127615
0.0 0.00852 -0.05285
0.033965 0.0121 -0.092625
-0.015045 -0.00355 -0.134925
-0.020775 0.052675 -0.118212
0.001125 -0.029773 -0.025208
-0.000385 0.046075 -0.063368
-0.00815 -0.017407 0.003602
0.023075 -0.018723 -0.012183
0.0208 0.027595 -0.015965
-0.011325 0.011567 0.008985
0.00925 -0.02841 -0.02489
-0.007145 0.00671 -0.019745
0.024875 -0.017917 -0.01661
-0.0048 0.034588 -0.014695
0.033167 0.00725 -0.108043
0.007075 -0.013547 -0.04773
0.025955 -0.011598 -0.05355
-0.01035 0.0515 -0.10027
0.00525 0.02745 -0.04068
-0.021908 -0.026875 -0.039922
0.01365 0.023595 0.000387
-0.002135 0.040194 -0.04417
0.02272 0.0417 -0.07465
0.020125 -0.019513 -0.007803
0.0036 0.034675 -0.026725
-0.026483 0.0008 -0.13763
-0.022932 0.0007 -0.139095
-0.012355 0.0502 -0.093135
0.0 -0.019818 -0.044418
-0.02586 0.04585 -0.09345
0.0126 0.00807 -0.05039
-0.0024 -0.025845 -0.036365
0.032118 0.026575 -0.07256
0.0121 0.032995 -0.01742
-0.027298 0.0027 -0.138802
0.02641 0.0044 -0.13403
-0.02855 0.015468 -0.012543
-0.00525 0.017377 0.007925
-0.015365 -0.006325 -0.126635
-0.00248 0.055 -0.11891
0.014967 -0.0024 -0.131628
0.016725 -0.00372 -0.047295
0.0024 -0.0298 -0.01721
-0.0121 0.03214 -0.0127
-0.028037 -0.013625 -0.083993
0.019915 -0.020215 -0.039865
0.025722 0.035875 -0.056488
0.024875 0.023223 -0.02435
-0.002225 0.027555 -0.041272
-0.014075 0.05035 -0.096763
0.021435 0.00117 -0.081725
-0.004788 0.055375 -0.123625
0.00315 -0.006195 0.01041
0.013175 -0.025082 -0.009603
0.00025 0.04285 -0.04399
-0.03793 0.0334 -0.13364
0.01875 0.020452 -0.04007
-0.0035 -0.021175 -0.04268
-0.028785 0.046025 -0.105642
-0.0314 0.0263 -0.02382
0.004805 0.0439 -0.049543
-0.020125 0.018963 -0.000835
0.02717 0.035675 -0.07285
0.01797 0.046025 -0.09002
-0.02315 -0.013137 -0.004005
0.02263 0.0422 -0.077492
-0.0139 -0.02345 -0.034305
0.012945 -0.00635 -0.12202
0.0 -0.02303 -0.040835
-0.03073 0.029 -0.03145
-0.033 0.01335 -0.07952
-0.0109 -0.02536 -0.008075
0.030775 0.007458 -0.02906
-0.02318 0.04345 -0.07472
-0.018225 0.013947 0.003847
-0.017175 -0.011635 -0.044283
-0.0146 0.03035 -0.011247
-0.023925 0.008522 0.000425
-0.002135 -0.024194 -0.05583
0.02045 0.020595 -0.00285
0.03379 0.007375 -0.09054
-0.02435 -0.016317 -0.01045
0.00435 0.04545 -0.059097
-0.028675 -0.011295 -0.014165
-0.0304 0.0049 -0.03288
0.013815 -0.0279 -0.05332
0.03001 0.0029 -0.11207
-0.006975 -0.028033 -0.029623
0.003033 -0.006675 -0.125123
-0.004025 -0.027477 -0.032695
-0.02806 0.0399 -0.073353
-0.014903 0.053875 -0.128817
-0.01345 -0.02153 -0.003675
0.00525 -0.021097 0.000953
0.0012 0.034205 -0.01177
-0.006375 0.03401 -0.027253
0.027112 -0.00335 -0.109543
-0.011575 0.032848 -0.025045
-0.03015 0.001725 -0.0333
0.03216 0.008958 -0.01934
-0.025635 0.0516 -0.1278
0.002547 -0.00285 -0.135348
0.009375 -0.028303 -0.02548
-0.006683 0.055375 -0.125767
-0.00438 -0.03105 -0.0436
0.01288 0.04275 -0.053007
0.0129 -0.026907 -0.01524
-0.0012 -0.030225 -0.020185
-0.033703 0.03785 -0.089575
-0.0247 0.010992 -0.039598
-0.00511 0.0478 -0.074203
-0.01976 0.05095 -0.106243
0.026638 0.038675 -0.088468
-0.02476 0.031175 -0.02223
-0.01881 0.01819 -0.017665
-0.020637 0.0469 -0.087853
0.018207 0.037505 -0.059902
-0.003665 0.05525 -0.122075
0.0131 -0.015495 -0.043993
-0.028645 -0.01145 -0.090805
0.016625 0.030563 -0.016645
0.029165 0.0092 -0.13315
0.01252 -0.019069 -0.070145
0.022967 0.005275 -0.137852
-0.0064 0.03444 -0.01472
-0.007875 0.025263 -0.042627
-0.02419 0.01755 -0.07876
0.00175 -0.027992 -0.00924
-0.015338 0.049675 -0.093623
0.022925 0.01146 -0.04218
-0.0063 -0.00139 0.010797
-0.007875 -0.010747 -0.049155
0.029075 -0.010633 -0.025835
-0.003075 0.03484 -0.01526
0.0233 -0.02027 -0.02463
-0.031395 0.0413 -0.09474
-0.016625 0.030135 -0.014285
-0.01865 -0.019908 -0.005613
0.024232 0.035375 -0.048303
-0.03677 -0.006875 -0.038825
0.0058 0.020265 -0.047015
-0.00175 0.028398 -0.00047
0.01784 -0.0262 -0.05449
-0.009375 0.004983 -0.051305
-0.03715 0.02255 -0.1352
-0.03865 0.0081 -0.02769
-0.026508 -0.010825 -0.098942
-0.023595 0.0449 -0.08402
-0.036547 0.038875 -0.113925
-0.0129 -0.024365 -0.033455
-0.015483 -0.00075 -0.139327
0.029 0.01413 -0.030545
-0.023707 -0.0212 -0.063507
0.0214 -0.010798 -0.040903
-0.028107 0.039225 -0.070287
0.005923 -0.000525 -0.138718
-0.020477 -0.013625 -0.097007
-0.01579 -0.00516 -0.082872
0.03378 -0.0002 -0.077155
0.02995 0.012725 -0.134878
0.0012 -0.026545 -0.03517
0.011943 0.051675 -0.128942
-0.022703 0.052875 -0.125595
0.0006 0.03542 -0.019298
-0.0018 0.033358 -0.008798
-0.019653 0.0382 -0.040173
0.01795 -0.023998 -0.027082
0.030765 -0.0052 -0.080943
-0.01105 -0.017305 0.003035
-0.022985 0.040025 -0.055063
0.033935 0.003425 -0.073647
-0.02369 0.052425 -0.12637
-0.0006 -0.029973 -0.023263
0.02435 0.02369 -0.026933
0.0208 0.027695 -0.022242
-0.016775 -0.013035 -0.04357
-0.018207 -0.01348 -0.084377
-0.001475 0.034988 -0.015235
0.00029 -0.00955 -0.117598
-0.00427 -0.026591 -0.04102
-0.023968 0.0453 -0.087138
0.00912 0.04115 -0.034395
-0.026 -0.01203 -0.034088
0.015708 -0.024825 -0.061793
-0.017462 -0.015025 -0.09604
-0.02025 -0.018355 -0.035235
0.010775 0.014623 0.008115
0.01053 -0.022554 -0.055533
0.00575 0.031402 -0.005975
0.033485 0.017125 -0.1135
0.0139 -0.026347 -0.014122
-0.002637 0.055175 -0.126882
-0.012525 -0.001172 0.009592
-0.037355 0.0042 -0.10718
-0.038697 0.0349 -0.124052
-0.0031 0.0528 -0.10317
0.0 -0.002885 -0.08246
-0.01245 -0.00587 0.008615
-0.024788 0.044975 -0.087445
-0.02545 -0.00976 -0.00525
-0.003075 0.003298 0.01185
0.024642 -0.010604 -0.068615
-0.03361 -0.0128 -0.031783
-0.004675 -0.029385 -0.025675
-0.028825 0.0396 -0.073585
-0.0029 0.020367 -0.047582
-0.031225 0.008485 -0.02575
-0.014025 0.05425 -0.128475
-0.033432 0.010275 -0.137853
-0.00415 0.02948 -0.002232
0.017857 -0.025125 -0.058357
-0.027925 0.018005 -0.026542
0.00345 -0.030055 -0.02112
-0.03076 -0.00765 -0.099815
-0.02151 -2.5e-05 -0.138885
-0.008715 -0.0156 -0.09922
-0.0168 0.03027 -0.024975
0.02391 0.01965 -0.07838
-0.011588 0.051175 -0.099495
-0.00625 0.053275 -0.10735
-0.0012 0.035535 -0.020775
0.026725 0.007405 -0.037735
0.003435 0.05425 -0.127815
-0.02875 -0.0212 -0.03506
-0.019025 0.010925 0.004545
-0.0192 0.01773 -0.041733
0.03037 -0.009425 -0.068528
0.012525 0.006473 -0.050553
-0.02867 0.03785 -0.0658
0.015575 0.029205 -0.009117
-0.01545 0.03109 -0.01533
0.0314 0.006895 -0.02596
-0.01495 0.024645 -0.03921
0.01793 -0.02575 -0.053725
0.009875 0.03315 -0.02672
0.01579 -0.01586 -0.023832
-0.0281 -0.01181 -0.01131
-0.03896 0.025975 -0.089852
0.01965 -0.023313 -0.019367
0.018225 -0.016457 -0.00166
0.0152 -0.026 -0.02445
-0.0169 -0.02556 -0.01848
-0.02813 0.0323 -0.03606
-0.033755 0.010075 -0.13767
-0.00965 0.0523 -0.103035
0.032563 0.0287 -0.099052
-0.016477 0.050075 -0.09832
0.006512 -0.0265 -0.06381
0.03023 -0.00432 -0.05223
0.030645 0.03415 -0.129585
0.027625 0.019725 -0.020055
-0.02492 0.03585 -0.040723
-0.019667 0.0392 -0.04532
-0.02462 0.03095 -0.022023
0.0048 0.034588 -0.014695
0.01325 -0.024467 -0.032887
-0.030782 0.045625 -0.112243
-0.039365 0.0136 -0.051298
0.00995 -0.026965 -0.010705
-0.0024 -0.027335 -0.033482
0.0029 -0.001212 -0.052455
-0.021875 0.04735 -0.092615
-0.004185 0.0437 -0.048787
0.02926 -0.00735 -0.08437
-0.01451 -0.00215 -0.13844
-0.02521 0.051025 -0.11861
-0.025098 -0.00735 -0.114925
-0.0147 -0.01968 -0.039415
0.013445 -0.02225 -0.072755
0.004425 -0.0296 -0.024495
0.018675 0.025215 -0.035347
-0.020375 -0.004922 0.003375
-0.024905 0.03485 -0.035575
0.025325 0.020955 -0.011832
0.0326 0.0058 -0.01991
0.032545 -0.005075 -0.069607
-0.033 0.005325 -0.03524
-0.01438 0.05285 -0.10944
-0.008875 0.029943 -0.004788
0.00025 0.05405 -0.128283
-0.03272 0.012776 -0.06438
0.03278 0.0257 -0.084305
-0.03107 -0.0161 -0.0622
0.001475 -0.029465 -0.026905
-0.00534 -0.00665 -0.126878
-0.0199 0.02839 -0.02034
0.0042 0.03122 -0.004967
0.032647 0.011075 -0.121912
0.0317 -0.003092 -0.024645
0.00875 -0.02755 -0.02961
-0.01578 -0.0084 -0.11991
-0.014925 -0.008655 0.006052
-0.020635 0.0481 -0.0941
-0.03135 0.012 -0.018785
0.018065 0.04575 -0.088588
-0.025247 0.0506 -0.116207
0.0305 -0.00529 -0.012545
-0.02468 -0.0036 -0.12916
0.01025 0.033785 -0.0218
0.026733 0.00855 -0.136953
-0.03599 -0.0123 -0.04008
-0.0165 0.01335 -0.07952
-0.036332 0.040025 -0.11849
0.013145 -0.00155 -0.135055
0.02915 -0.012375 -0.06946
-0.02495 0.004735 -0.04094
0.00465 0.032065 -0.006975
0.003975 0.035302 -0.019495
0.02235 0.017995 -0.00251
-0.021925 0.021102 -0.03566
0.022765 -0.0204 -0.059725
0.024125 -0.001605 -0.04158
-0.033387 0.04135 -0.102835
-0.00902 -0.03055 -0.04187
0.020425 0.010228 -0.044337
0.027268 -0.007243 -0.068005
0.012325 -0.02066 -0.001458
0.018207 0.03483 -0.045142
-0.038745 0.0201 -0.12486
-0.014075 0.019765 -0.044257
0.026475 -0.005213 -0.003995
0.00315 -0.0031 0.011275
0.005803 -0.020475 -0.082715
0.0172 -0.024235 -0.014275
0.03127 0.008675 -0.122352
0.021892 0.045075 -0.093177
0.0304 0.01505 -0.01823
-0.007462 0.05215 -0.102728
0.019905 -0.01575 -0.084257
-0.021955 0.05255 -0.12003
0.0109 -0.028028 -0.017475
-0.002625 -0.011975 -0.0494
-0.028675 -0.008197 -0.031287
0.01595 0.029872 -0.02853
-0.002135 0.026728 -0.01612
0.032412 0.0285 -0.129945
-0.00504 0.05475 -0.12822
0.010325 0.029988 -0.034913
0.019275 -0.007625 -0.110543
-0.020175 0.000735 -0.045805
-0.03004 -0.0072 -0.10459
0.025825 -0.01676 -0.015992
0.0275 0.0338 -0.064255
0.024575 -0.007242 -0.001772
0.023085 0.010915 -0.018985
-0.011665 0.01413 -0.0184
-0.035487 -0.0097 -0.050903
0.008475 -0.028937 -0.019318
0.02271 -0.01555 -0.07855
0.0145 0.030255 -0.010705
-0.00295 0.034945 -0.01585
0.014025 0.03183 -0.015195
-0.0048 -0.029277 -0.026265
0.01094 0.0533 -0.118625
-0.00525 0.015965 0.00871
-0.01245 0.000425 0.009755
-0.038033 0.00965 -0.106115
0.0101 0.02623 -0.040952
-0.02037 -0.0133 -0.098495
0.0116 0.01004 0.00942
0.00795 -0.01887 -0.04389
-0.02555 -0.001175 -0.134383
-0.037818 -0.00155 -0.065092
-0.018975 -0.00535 -0.1285
0.01916 0.00195 -0.137635
0.01661 -0.004525 -0.124755
0.0259 -0.002073 -0.038995
-0.002768 -0.022575 -0.078345
-0.003895 0.05415 -0.129035
-0.004018 0.054725 -0.116742
-0.012598 0.0356 -0.02161
0.002225 0.030437 -0.037395
-0.00885 0.028905 -0.003275
-0.007405 0.0522 -0.102395
-0.002225 -0.023302 -0.00092
0.0 -0.02854 -0.01043
0.01092 -0.010325 -0.11109
0.01248 0.042175 -0.047675
0.002925 0.035427 -0.020185
0.0118 -0.01806 -0.042603
-0.0289 -0.01255 -0.023235
0.01605 0.026538 -0.03564
-0.02589 -0.00775 -0.112005
0.011275 -0.007725 -0.11888
-0.002615 0.05525 -0.126425
-0.037002 0.0327 -0.091023
-0.029523 0.0023 -0.137465
-0.02 0.006177 0.00468
-0.02585 -0.01705 -0.02138
0.0 -0.02989 -0.01672
0.0062 0.022882 0.004322
-0.008538 0.051825 -0.100995
-0.000397 -0.006 -0.127928
-0.0018 -0.029632 -0.015477
0.03021 0.03435 -0.131095
0.00895 -0.02257 -0.039175
-0.02857 0.0397 -0.073507
-0.03125 -0.00465 -0.02475
0.004792 0.037275 -0.023653
0.009875 -0.02785 -0.01424
0.003035 -0.03075 -0.045808
-0.035955 0.03575 -0.09021
0.004625 -0.029635 -0.01812
0.0192 -0.02371 -0.01718
0.03349 0.0242 -0.09321
0.0006 -0.028445 -0.030865
-0.016007 0.036725 -0.027765
0.007777 -0.03 -0.04778
-0.029155 0.02765 -0.022925
-0.0018 0.035375 -0.019052
-0.00491 0.0552 -0.12745
0.004135 0.046275 -0.064005
0.00665 -0.027943 -0.030115
0.008713 -0.016825 -0.093032
0.00797 0.004752 -0.0201
-0.023387 0.045875 -0.088495
0.02858 0.026907 -0.06182
-0.000875 0.053125 -0.105345
-0.03888 0.00875 -0.031375
-0.023148 0.05145 -0.115947
0.005675 0.032185 -0.007637
-0.013665 -0.004675 -0.131943
-0.025282 0.050125 -0.11377
0.01796 -0.0256 -0.05347
0.003075 0.001698 0.011712
-0.011922 0.043475 -0.053315
-0.013675 0.032142 -0.016915
-0.0215 -0.01358 -0.00157
-0.009375 -0.00443 0.009638
-0.0006 0.034183 -0.011648
-0.00875 -0.02755 -0.02961
0.013675 -0.02621 -0.027488
-0.023258 0.050125 -0.108705
0.034428 0.019825 -0.088657
-0.032637 7.5e-05 -0.12035
0.0029 -0.016328 0.00563
-0.02644 0.0347 -0.041
-0.0149 -0.022535 -0.035155
0.0012 -0.030225 -0.020185
0.009425 -0.019048 -0.042907
-0.002625 -0.013388 -0.048615
0.01745 -0.01011 -0.044717
0.0192 -0.004012 -0.04567
0.014063 -0.0276 -0.051123
0.00565 -0.029515 -0.018785
-0.017925 -0.024045 -0.015335
0.023085 0.005085 -0.081015
-0.012567 0.051575 -0.101445
0.03165 0.00153 -0.01428
-0.0127 -0.00685 -0.12606
-0.018483 0.051375 -0.106327
-0.00565 -0.026875 -0.03335
-0.008875 -0.028733 -0.02312
0.028118 0.0046 -0.126522
-0.0029 0.016048 -0.04981
-0.029768 -0.019475 -0.052642
0.004425 0.034265 -0.012925
0.01322 5e-05 -0.138165
-0.031217 0.0297 -0.036675
0.0006 0.035558 -0.020898
-0.01325 -0.027103 -0.018377
0.02205 -0.02128 -0.024813
0.0 0.027002 -0.01607
-0.023497 0.041275 -0.06415
0.003975 -0.028267 -0.031013
0.02333 0.03631 -0.07536
-0.02035 0.027993 -0.018152
0.027225 0.009403 -0.004445
-0.02991 0.02755 -0.023525
0.0169 0.02837 -0.00871
-0.001277 0.049475 -0.083848
-0.030395 0.02565 -0.022983
0.005745 -0.019325 -0.08636
-0.01451 0.04228 -0.074282
0.0234 -0.016085 -0.03373
-0.030355 -0.00685 -0.104837
-0.033795 0.02335 -0.02648
-0.0179 0.01993 0.00084
-0.019675 -0.002452 -0.045595
0.031055 0.00031 -0.066635
0.0089 0.02941 -0.03748
0.006625 0.03469 -0.01879
-0.002778 -0.013625 -0.10591
-0.03092 0.005075 -0.13791
-0.0152 -0.02557 -0.02681
-0.0177 -0.00524 0.00512
0.034105 0.01715 -0.095952
-0.01235 0.032355 -0.01388
0.026945 0.03635 -0.075945
-0.00427 -0.023917 -0.05578
0.016175 -0.024423 -0.02894
-0.027872 -0.00745 -0.109022
0.0099 -0.024755 -0.03551
0.02627 0.04255 -0.111685
0.01235 -0.027045 -0.02708
-0.02419 0.006855 -0.01972
0.03402 0.018375 -0.101225
0.0224 0.024785 -0.01195
-0.0029 -0.005967 -0.05159
0.031815 0.024775 -0.065307
-0.02575 -0.013608 -0.0094
0.029405 -0.011622 -0.023065
-0.0006 -0.03011 -0.021662
-0.03456 -0.0071 -0.070535
0.00825 -0.01141 -0.023025
-0.0087 -0.004637 -0.050945
-0.009825 0.024402 0.001675
-0.03833 0.003975 -0.036315
-0.026302 0.039675 -0.065035
-0.038347 0.0363 -0.12964
0.0036 0.029463 -0.002135
-0.01185 0.033207 -0.0186
-0.030012 0.02705 -0.02333
-0.010425 -0.027347 -0.012805
-0.029735 -0.007925 -0.102297
0.0093 -0.00465 -0.128875
-0.021825 -0.004327 -0.043925
-0.018795 0.0478 -0.089075
-0.03032 0.028275 -0.027488
-0.0274 0.0417 -0.079158
0.0109 0.02453 0.000965
0.0 0.03481 -0.02746
0.0059 0.03486 -0.01708
-0.0233 0.02558 -0.01633
0.00797 0.00055 -0.02086
-0.0165 -0.02547 -0.02557
0.03327 0.02695 -0.122205
-0.020365 -0.0227 -0.063985
0.01677 -0.010675 -0.105848
-0.03059 0.02655 -0.023505
-0.037988 0.00875 -0.102265
-0.002958 0.054725 -0.116807
0.000202 0.0371 -0.022937
-0.038122 0.01145 -0.113815
0.026415 0.03995 -0.09533
-0.00535 0.029525 -0.00248
0.008735 -0.013525 -0.10313
0.015575 -0.023895 -0.031842
-0.029293 0.027875 -0.023173
0.020175 0.000735 -0.045805
-0.01611 0.05445 -0.127367
-0.001475 0.034775 -0.014055
-0.0047 -0.027885 -0.00983
-0.033765 0.037075 -0.08677
-0.0126 0.03257 -0.01506
-0.018475 0.027073 -0.031577
0.017175 -0.011635 -0.044283
0.011142 -0.001975 -0.135038
0.002625 -0.007492 -0.051155
-0.03711 0.0136 -0.026275
0.0315 0.003105 -0.013995
-0.006275 0.034332 -0.01413
-0.0285 0.006938 -0.035152
0.00445 -0.014867 -0.04746
-0.00895 0.031645 -0.032558
-0.02531 0.046125 -0.093345
0.00905 0.005118 0.010505
0.010425 -0.02044 -0.040975
-0.03005 0.008863 -0.01016
0.019373 -0.001925 -0.127765
-0.0035 -0.02666 -0.006638
-0.0024 0.035105 -0.02375
-0.023555 -0.0047 -0.126365
0.018207 -0.016155 -0.069617
0.0109 0.03303 -0.026055
0.02535 0.02312 -0.016775
0.00854 -0.020693 -0.07044
-0.01429 0.021465 -0.07805
-0.00122 -0.0022 -0.137315
0.0047 0.033675 -0.0296
0.02855 0.011425 -0.006925
0.009665 0.0493 -0.090857
-0.030048 0.029675 -0.031202
-0.034085 0.00435 -0.12783
0.00781 -0.02985 -0.047518
0.017867 0.050325 -0.12779
0.031778 0.0303 -0.09034
0.02775 0.01682 -0.01202
-0.025123 0.04415 -0.084497
-0.0165 -0.01477 -0.08461
-0.030275 -0.001153 -0.00844
0.0248 -0.006795 -0.03901
-0.008702 -0.01755 -0.09305
0.01725 -0.025247 -0.0202
0.0 -0.01372 0.007932
0.02965 0.00725 -0.126245
0.01468 0.0467 -0.08508
-0.014045 -0.0231 -0.07333
-0.016965 0.053425 -0.11588
-0.027225 -0.009293 -0.007833
0.011527 -0.02645 -0.060775
0.030025 -0.004278 -0.00916
0.02995 0.031525 -0.132622
0.03239 -0.0062 -0.06972
-0.020975 -0.007407 -0.043618
0.0 0.020018 0.007385
-0.038775 0.0344 -0.122197
-0.013102 -0.001 -0.139372
0.0216 0.02619 -0.013957
-0.00915 0.032008 -0.00932
-0.0035 0.026475 0.00172
-0.005727 0.05005 -0.087875
-0.01185 -0.026615 -0.02944
-0.028468 -0.00605 -0.112755
-0.0052 -0.028515 -0.029635
0.00525 0.025355 -0.043145
-0.029205 0.026875 -0.022558
0.0267 -0.01452 -0.01236
0.009088 0.05235 -0.1291
0.0016 -0.029573 -0.026315
-0.0216 0.026985 -0.018335
-0.035165 0.04255 -0.115495
0.0214 0.019295 -0.00268
-0.003065 -0.0158 -0.09942
0.0281 0.01298 -0.00682
-0.02485 0.00025 -0.138218
0.031542 0.00555 -0.111793
-0.032295 -0.0165 -0.047022
0.011253 0.0005 -0.138678
-0.028525 -0.01065 -0.094265
0.028703 0.0314 -0.060062
0.001058 0.0544 -0.117132
-0.03066 -0.01075 -0.08697
0.033622 0.022475 -0.085125
-0.016055 0.0413 -0.049575
-0.03914 0.0336 -0.13257
0.011425 -0.021832 -0.039042
-0.032848 -0.002625 -0.108868
0.011278 -0.023025 -0.072323
-0.03244 0.01755 -0.07876
-0.027 -0.02345 -0.036095
-0.004865 -0.0012 -0.1392
-0.01451 -0.020931 -0.055238
-0.0012 0.03515 -0.023995
0.023905 0.003775 -0.13576
-0.036048 0.0119 -0.136943
0.020465 -0.0198 -0.07072
-0.015508 0.048025 -0.08472
0.012325 0.031237 -0.030318
0.025955 0.02225 -0.01693
0.033978 0.005425 -0.082598
-0.015978 -0.009475 -0.116395
-0.019655 0.05145 -0.10878
-0.01265 -0.023655 -0.00599
-0.0267 0.019825 -0.0286
0.00626 -0.01222 -0.023172
-0.029 0.00987 -0.00703
0.0221 -0.015752 -0.005545
-0.026475 -0.005223 -0.003945
-0.00799 0.052825 -0.105378
0.00442 0.052575 -0.104083
-0.00257 0.0554 -0.12551
0.0031 -0.03055 -0.045563
-0.00599 0.0525 -0.10379
-0.0156 -0.018515 -0.040093
0.012875 -0.013525 -0.100112
-0.0006 -0.028878 -0.029315
-0.023085 0.021607 -0.078025
-0.031422 0.040625 -0.09184
-0.0305 0.010592 -0.028415
-0.0241 0.019352 -0.033995
-0.036115 0.017525 -0.136345
0.003 0.03266 -0.007602
0.031975 6.8e-05 -0.02415
-0.029205 0.042625 -0.0913
-0.017022 -0.0242 -0.064462
0.0231 0.024023 -0.028778
-0.0259 0.01357 -0.036157
-0.030812 0.027825 -0.027587
-0.038305 0.022125 -0.13269
-0.023475 -0.01167 -0.00341
-0.00175 0.03203 -0.03467
0.008717 -0.019075 -0.086258
-0.000802 -0.0033 -0.13508
-0.008425 -0.017655 -0.04484
0.031235 0.0255 -0.133267
-0.036017 0.034975 -0.087405
0.03195 0.032175 -0.117333
-0.023362 -0.0115 -0.100725
-0.02969 -0.00735 -0.104933
0.002828 -0.0196 -0.086205
0.025265 0.0446 -0.1263
-0.011425 0.03209 -0.029275
-0.009723 -0.028175 -0.05683
-0.004467 0.05445 -0.128627
-0.01771 0.049 -0.094535
0.023825 0.022928 -0.02974
-0.019915 0.030865 -0.030615
-0.011703 0.051075 -0.10016
-0.03713 0.00135 -0.094832
-0.0012 0.032592 -0.007235
-0.0224 -0.021065 -0.020255
-0.0006 -0.029677 -0.015232
0.02635 0.019725 -0.012055
0.002135 0.029307 -0.07663
-0.006452 0.054925 -0.118717
0.007 0.0266 0.00103
0.008875 0.032968 -0.01194
0.030922 0.033425 -0.089582
-0.01348 0.0488 -0.086615
-0.019765 0.034275 -0.024018
-0.00538 -0.012075 -0.110588
-0.019528 0.048025 -0.091965
0.00915 -0.028755 -0.020327
-0.002225 -0.021208 0.001545
0.028788 0.035825 -0.087692
-0.0248 0.045 -0.08743
-0.010465 0.0514 -0.100935
0.00525 0.015965 0.00871
-0.027268 0.025916 -0.046755
0.012925 -0.025565 -0.031027
-0.03912 0.016125 -0.085615
-0.03116 -0.004 -0.113235
0.006405 0.039641 -0.04427
-0.03023 0.025665 -0.07729
0.00785 0.03383 -0.026268
0.012785 -0.0041 -0.128165
-0.0146 0.028728 -0.033715
0.021575 0.02237 -0.034645
-0.010323 -0.007775 -0.12348
0.0165 0.01335 -0.07952
-0.030842 0.026375 -0.023552
-0.003975 -0.029992 -0.021465
-0.029063 -0.00465 -0.116488
-0.0139 0.031647 -0.026837
-0.0391 0.011725 -0.06225
-0.035717 0.038325 -0.099597
0.003063 -0.011525 -0.110647
0.0084 -0.028933 -0.022013
0.00605 0.0525 -0.129297
0.0234 0.015005 -0.001985
0.0248 -0.015177 -0.03171
-0.020425 0.001378 0.00452
-0.007075 -0.01496 -0.046945
0.009575 -0.028668 -0.01815
-0.01429 0.0536 -0.11406
0.010575 -0.024937 -0.0345
0.01622 0.00055 -0.02086
0.0138 -0.015735 0.002355
-0.030915 0.0255 -0.023245
-0.023175 0.005213 -0.043573
-0.02635 -0.014415 -0.028905
0.011975 0.017777 0.005712
0.0207 -0.020095 -0.031383
-0.013038 0.054425 -0.128375
-0.03162 0.0272 -0.02771
0.0097 -0.01364 -0.047215
-0.011545 -0.0207 -0.081852
0.0045 -0.02833 -0.03067
0.0 -0.029288 -0.02789
-0.037535 0.010675 -0.026675
-0.0277 -0.0057 -0.115818
0.027265 -0.004675 -0.104848
-0.0103 -0.028373 -0.022445
-0.008425 -0.01613 0.004545
-0.03676 0.017125 -0.13598
0.011575 0.033145 -0.022475
-0.018075 0.024487 -0.004557
-0.02185 0.0528 -0.12184
-0.012725 0.024907 -0.04066
0.0 -0.005468 -0.02195
-0.021875 0.0469 -0.091038
0.025575 -0.0156 -0.07224
-0.015575 -0.0262 -0.019155
-0.03719 0.002 -0.097665
-0.035185 -0.0119 -0.031635
-0.003075 0.014603 -0.05053
-0.0089 -0.02411 -0.00348
0.02965 0.016452 -0.017978
0.00953 0.0534 -0.12829
-0.021035 0.046 -0.083345
0.0042 -0.025912 -0.035993
-0.0305 -0.001997 -0.030695
0.005205 0.051075 -0.092157
-0.03289 0.0071 -0.137365
-0.02785 0.01692 -0.01256
-0.00427 -0.01303 -0.02332
0.01795 -0.02054 -0.034665
0.0024 0.031895 -0.006037
0.03095 0.0278 -0.06399
0.02333 0.02561 -0.01632
-0.01834 0.0529 -0.12928
-0.028625 -6.7e-05 -0.005448
-0.022282 0.052575 -0.12846
-0.012325 -0.020668 -0.03972
0.02045 -0.022602 -0.023275
-0.009457 0.050075 -0.088693
-0.023362 0.04625 -0.090047
0.005075 -0.029723 -0.020298
0.01667 0.0015 -0.138285
0.01955 -0.0233 -0.025177
0.00034 0.04 -0.02914
0.002135 0.045543 -0.07369
0.006405 0.034295 -0.01475
0.0 0.033363 -0.032065
0.019915 0.036215 -0.060135
-0.026595 0.0006 -0.137125
-0.0089 -0.02885 -0.01714
-0.035605 0.03935 -0.103375
0.026735 0.03795 -0.084293
-0.00855 -0.01395 -0.104335
-0.02215 -0.01575 -0.035575
-0.025935 0.0438 -0.084745
0.016875 -0.025047 -0.025495
-0.01973 0.052825 -0.128995
-0.034138 0.02025 -0.02413
0.019375 0.042425 -0.07028
-0.02855 -0.010165 -0.028417
-0.02705 -0.014935 -0.01805
0.018625 -0.021708 -0.009728
-0.026575 -0.012548 -0.031235
-0.01865 0.018565 0.001355
0.006275 -0.029238 -0.02565
0.007475 -0.026517 -0.007425
0.024602 -0.005775 -0.106483
0.009575 -0.025852 -0.03365
0.0 0.032093 -0.035012
0.0149 0.031682 -0.022815
0.01195 -0.01186 0.00636
0.02235 -0.01269 -0.03845
0.03188 0.0177 -0.132255
-0.036558 -0.00725 -0.03695
-0.003095 0.055225 -0.122143
0.003075 -0.001503 0.011437
-0.022625 -0.00785 -0.041183
0.0 -0.026 -0.004535
0.03245 0.007375 -0.019625
0.0 0.031305 -0.036425
0.01914 0.047575 -0.101045
-0.0234 0.037 -0.040445
-0.0344 0.009675 -0.137305
0.0176 -0.024935 -0.02192
0.032465 0.029625 -0.103725
-0.01295 0.049225 -0.088162
0.027268 0.028589 -0.061515
0.009957 -0.01012 -0.022792
0.006375 -0.02535 -0.06783
-0.0127 -0.016895 -0.04328
0.02806 0.0397 -0.13064
0.03077 -0.0045 -0.08401
0.0 0.005232 -0.08099
0.009383 0.05305 -0.12856
0.008185 0.052925 -0.111507
0.029282 -0.0116 -0.067988
0.033293 0.005975 -0.103233
0.0087 0.009938 0.009985
-0.0191 -0.023697 -0.02299
-0.01665 -0.02438 -0.01349
0.02184 0.04725 -0.107547
0.023425 0.025145 -0.020927
0.033325 0.018625 -0.06751
0.005725 0.031888 -0.033885
-0.0254 -0.015717 -0.028735
0.002135 -0.021425 -0.02484
-0.02824 0.0406 -0.07641
0.01594 0.009145 -0.08028
0.02495 -0.002575 -0.000592
0.029575 0.010387 -0.009883
-0.03597 0.0195 -0.02525
-0.023175 9.8e-05 0.002612
0.01105 0.033037 -0.014975
-0.022177 0.046875 -0.09116
0.00574 -0.017075 -0.093135
0.012925 -0.014 -0.09863
0.0012 0.027387 0.000895
-0.0126 0.00807 -0.05039
0.01929 0.035925 -0.036598
-0.02919 0.037525 -0.065927
-0.038047 0.027375 -0.082988
-0.00427 0.039917 -0.04422
0.01225 -0.024205 -0.03434
0.00285 -0.028615 -0.02993
-0.001725 -0.029888 -0.02373
-0.00525 0.026538 0.001375
-0.0119 -0.024102 -0.034907
-0.01281 0.05215 -0.104143
-0.016175 0.030975 -0.018905
-0.001605 0.050025 -0.087165
0.023875 0.024748 -0.01874
0.00555 -0.028607 -0.029118
-0.01655 0.0491 -0.0923
-0.005268 -0.024925 -0.070403
-0.030088 -0.013925 -0.075675
0.010385 0.024552 -0.016515
-0.02067 0.052925 -0.120022
-0.01225 0.030692 -0.008922
0.002225 -0.013375 -0.048688
-0.018902 -0.002 -0.137375
-0.011325 -0.016027 0.003977
0.015115 0.007187 -0.080635
-0.02271 -0.02605 -0.044662
-0.029075 0.01697 -0.020833
0.015035 -0.027375 -0.052033
-0.01725 -0.023373 -0.030527
0.0 0.00159 0.012302
-0.024828 0.052025 -0.125865
0.0035 0.03372 -0.029845
-0.00868 0.0436 -0.04841
-0.0366 0.0212 -0.03281
0.019055 0.036875 -0.037845
-0.032335 -0.0179 -0.034165
0.02395 0.044225 -0.104573
-0.0299 0.00676 -0.00724
-0.02858 0.024235 -0.04706
-0.03364 0.038625 -0.09238
-0.03199 -0.0156 -0.032875
-0.026605 0.0312 -0.026615
0.02305 0.00991 -0.04259
0.034285 0.0222 -0.099235
-0.009635 0.04705 -0.070283
-0.01701 0.04845 -0.089275
0.0217 0.0269 -0.017867
-0.012977 -0.007147 -0.022255
0.03414 0.01655 -0.093332
0.0 -0.01912 -0.0854
-0.00295 0.029435 -0.001985
-0.00427 0.018335 -0.01764
-0.0311 0.010045 -0.02539
-0.02248 0.0462 -0.088168
0.024215 0.0439 -0.1299
0.03255 0.02895 -0.100385
-0.026775 -0.010785 -0.00828
0.017432 0.04685 -0.094478
-0.01747 0.0478 -0.08625
-0.03088 -0.011375 -0.08343
0.00976 0.049025 -0.089425
0.01935 -0.012405 0.000648
-0.024245 0.0452 -0.087235
0.00885 0.03327 -0.027385
-0.015115 0.008813 -0.019365
0.011203 -0.006625 -0.122375
-0.027625 -0.013482 -0.02607
0.0 0.01335 -0.07952
0.00946 -0.0069 -0.12273
0.009225 0.001787 -0.05163
0.022045 -0.008 -0.10406
0.005977 -0.00125 -0.137842
-0.00555 -0.028607 -0.029118
-0.0058 -0.013515 0.006797
-0.018457 0.049575 -0.097193
-0.007875 -0.02555 -0.035323
-0.01415 0.019475 0.00335
-0.029405 0.022278 -0.047415
-0.0249 0.040475 -0.064592
-0.036068 -0.001875 -0.082408
-0.019915 0.03889 -0.074895
0.01129 0.0471 -0.07812
0.00854 -0.01802 -0.0852
-0.012375 -0.01844 -0.024297
-0.008583 -0.0029 -0.136937
-0.009663 -0.005925 -0.12882
0.00068 -0.0311 -0.04483
-0.00095 0.0486 -0.078488
0.004685 0.042 -0.039192
-0.029655 -0.00715 -0.105522
0.02447 0.01545 -0.07914
-0.008425 -0.028468 -0.01504
0.0 0.02635 0.00241
-0.01475 0.005542 0.00817
-0.02305 0.00991 -0.04259
0.020875 -0.018415 -0.00684
0.0 0.014243 0.010225
0.002135 -0.021519 -0.07059
-0.0099 0.030063 -0.00545
-0.012642 0.04565 -0.067258
-0.0006 0.03498 -0.025727
0.002325 -0.030003 -0.022253
-0.02967 0.027825 -0.023472
-0.016025 0.019703 0.002095
-0.001883 -0.031175 -0.044337
-0.02045 0.027285 -0.014243
0.03188 0.019077 -0.06324
0.029435 0.037125 -0.130537
0.003 0.035083 -0.023628
0.020155 -0.01765 -0.07779
-0.0304 -0.00975 -0.02273
-0.026912 0.041275 -0.075943
-0.02226 0.003127 -0.08137
-0.01928 0.05355 -0.121825
-0.012272 -0.003075 -0.136945
0.007375 0.034512 -0.020475
0.00624 0.0395 -0.026305
-0.00892 0.044325 -0.053057
0.0 -1e-05 0.012165
-0.004675 0.03448 -0.014105
0.007557 -0.03015 -0.04973
0.000455 0.0549 -0.126205
0.00433 -0.029125 -0.05516
-0.024642 0.029279 -0.046145
0.022795 -0.02025 -0.05947
-0.02476 0.0464 -0.09324
-0.037113 0.017925 -0.03153
-0.013575 -0.024548 -0.032445
0.00615 -0.028915 -0.02742
-0.003525 -0.029905 -0.019288
0.030555 0.03635 -0.123938
-0.012388 0.049925 -0.091422
0.028967 0.009575 -0.133873
0.01415 0.026765 -0.036895
-0.00645 0.027575 -0.00014
0.032417 0.016875 -0.128008
0.010395 0.050575 -0.10079
-0.016875 -0.003742 -0.047175
-0.012367 0.04245 -0.048992
-0.02557 -0.0064 -0.11821
-0.021622 0.0376 -0.075127
-0.0208 -0.020177 -0.030915
-0.024198 0.051025 -0.116077
0.0121 -0.02769 -0.02354
0.00405 0.032785 -0.008292
-0.02876 -0.02265 -0.037723
0.0144 -0.01299 0.003893
-0.03847 0.0115 -0.089935
0.029825 -0.009233 -0.025582
-0.006663 -0.00165 -0.138918
0.031825 0.006815 -0.016525
0.002135 0.040194 -0.04417
-0.03422 0.0259 -0.03747
-0.034737 0.02085 -0.024715
-0.034187 -0.01525 -0.036943
0.011665 0.02483 -0.07744
0.0185 -0.007115 -0.045243
-0.03022 -0.0095 -0.09405
-0.01773 0.04885 -0.093348
0.0165 -0.01477 -0.08461
0.007475 0.031825 -0.033542
-0.022665 0.044175 -0.077727
-0.02245 0.019793 -0.03643
-0.02635 0.012075 -0.036605
0.0097 0.05355 -0.12758
-0.0093 0.003385 -0.051468
-0.02283 0.0316 -0.02128
-0.007875 0.03427 -0.024485
0.026725 0.004267 -0.038355
0.02944 0.0312 -0.065247
0.021825 -0.004327 -0.043925
0.0305 0.007307 -0.010265
-0.0099 -0.024755 -0.03551
0.02775 -0.011515 -0.02894
-0.02899 -0.00765 -0.105617
0.0 0.02266 0.005553
-0.0299 -0.00145 -0.03372
-0.02627 0.030075 -0.022558
0.00285 0.03525 -0.018362
-0.018233 -0.0034 -0.13448
-0.027675 0.013102 -0.033575
0.005878 -0.01285 -0.105825
-0.024825 0.023588 -0.019358
-0.022925 0.01146 -0.04218
-0.010775 -0.009315 -0.049075
0.02718 0.03395 -0.058803
-0.0041 0.053375 -0.107138
-0.024305 -0.00695 -0.117845
-0.00925 -0.02798 -0.02725
0.0285 0.00379 -0.035723
0.01622 0.004752 -0.0201
-0.021378 0.000375 -0.13915
-0.02495 0.0508 -0.12977
-0.0148 0.030795 -0.02788
-0.039252 0.026675 -0.12752
0.009157 0.0396 -0.028055
0.006625 -0.029385 -0.02217
0.0035 -0.028415 -0.01112
-0.00285 0.033918 -0.011035
-0.02391 0.008958 -0.01934
0.0332 -0.001675 -0.069707
0.005975 -0.01351 0.006775
-0.00344 0.052825 -0.103508
-0.027875 -0.022325 -0.035578
-0.030275 0.00646 -0.03252
0.017497 -0.01457 -0.0236
0.017535 0.049875 -0.128813
-0.026775 0.016092 -0.03268
-0.00427 0.042591 -0.05898
0.027562 -0.008025 -0.092717
0.0159 -0.025823 -0.017027
-0.0311 -0.002545 -0.02767
-0.021925 -0.0158 -0.0053
-0.015123 0.054625 -0.127267
-0.02035 0.028092 -0.02443
0.0 0.035305 -0.01782
-0.031055 0.002982 -0.081395
-0.002225 0.0252 0.003015
-0.012665 0.03525 -0.021418
0.03026 -0.00985 -0.07136
-0.03557 0.0191 -0.02486
-0.003075 0.000393 -0.05262
-0.0006 0.035145 -0.016097
-0.03665 -0.002925 -0.029925
-0.030775 0.011482 -0.015933
-0.016948 -0.007675 -0.121532
-0.038015 0.03305 -0.104945
0.012865 -0.005225 -0.125093
0.01377 0.0478 -0.091155
-0.03756 0.0013 -0.085435
-0.034538 0.02065 -0.02452
0.002135 -0.018845 -0.08535
0.014973 -0.013525 -0.098532
0.030875 0.0346 -0.096245
-0.0209 -0.015415 -0.03742
-0.03875 0.00845 -0.06779
0.032235 0.0249 -0.130715
-0.008475 0.026778 4.8e-05
-0.001233 -0.00185 -0.138042
-0.00535 -0.028827 -0.013045
0.001475 0.034988 -0.015235
0.0059 -0.028325 -0.01161
-0.0058 0.009835 0.01055
0.017497 -0.00387 -0.08264
-0.01425 0.03214 -0.02113
-0.001965 0.0503 -0.08877
0.03216 0.007043 -0.08066
-0.016145 0.035425 -0.023915
-0.009225 0.01284 -0.049782
0.028168 0.03685 -0.131848
0.013575 0.032322 -0.02214
0.003375 -0.029877 -0.022943
-0.030625 0.01157 -0.025113
-0.037207 -0.004475 -0.04393
-0.004317 0.055325 -0.126318
0.013775 -0.026737 -0.024585
0.02435 -0.018388 -0.014028
0.020123 0.01651 -0.01797
0.03188 -0.003078 -0.03676
-0.027092 0.049475 -0.12984
0.029857 0.037 -0.12905
0.03379 0.0012 -0.08329
0.02954 0.013175 -0.13583
0.0 -0.004757 0.011458
-0.02895 0.00305 -0.138455
-0.024455 0.0442 -0.082817
-0.037467 0.014225 -0.02836
0.031027 0.00965 -0.125805
0.03425 0.0228 -0.10186
0.0191 -0.022905 -0.027367
0.0267 0.019825 -0.0286
0.00052 0.05235 -0.10006
0.004575 0.032848 -0.008637
-0.005912 -0.0177 -0.093118
0.0 0.030517 -0.037838
0.014828 -0.011625 -0.10432
-0.01208 0.0551 -0.12758
0.0063 -0.00299 0.01066
-0.01515 0.009305 -0.048235
-0.019252 0.0469 -0.084798
0.032265 -0.00375 -0.074447
-0.00175 -0.027507 -0.007705
0.00483 0.03915 -0.024848
0.009225 -0.009077 0.00839
0.025093 -0.01115 -0.087415
-0.0103 0.033675 -0.018515
-0.01118 0.0519 -0.102305
-0.016275 -0.00685 -0.046695
0.00485 0.033725 -0.010815
0.0012 0.03515 -0.023995
-0.007475 -0.027702 -0.01084
-0.004333 0.05525 -0.12687
0.0 0.034595 -0.013073
-0.029 -0.008825 -0.010415
0.02305 0.003615 -0.043735
-0.032 0.005253 -0.016885
0.03441 0.0157 -0.06926
-0.036955 0.0393 -0.12895
-0.005815 -0.0211 -0.082117
-0.02635 0.005825 -0.00207
-0.004665 -0.00345 -0.135457
-0.030948 -0.0017 -0.12288
0.02226 0.023565 -0.07767
-0.0317 0.009497 -0.022365
-0.037313 0.0234 -0.05458
0.028653 0.0137 -0.136493
0.0087 0.020163 -0.046448
0.0052 -0.029745 -0.022845
0.02435 0.016897 -0.004437
-0.036585 0.03825 -0.111715
-0.0313 -0.0058 -0.10558
-0.009425 -0.025538 -0.007093
-0.01795 0.0293 -0.013877
0.021265 0.048975 -0.12189
0.0 0.024273 -0.045172
-0.03725 0.00265 -0.100497
-0.0012 -0.02898 -0.01221
-0.0045 0.03524 -0.01915
0.00745 -0.028232 -0.028515
-0.0109 0.03303 -0.026055
0.030343 0.038 -0.116108
0.023175 0.00836 -0.043
-0.02915 0.011973 -0.00995
-0.03245 0.007375 -0.019625
0.02495 0.004745 -0.040987
-0.02505 0.020265 -0.031035
0.007 0.03263 -0.03223
-0.035773 -0.0084 -0.031147
-0.01958 0.0523 -0.113585
-0.01415 -0.013 -0.10666
-0.00795 0.03102 -0.034855
0.012423 0.052475 -0.12765
0.0058 0.008225 0.01074
0.02305 -0.004605 0.00163
0.00445 0.018765 0.007285
-0.039615 0.01815 -0.070218
-0.03871 0.0151 -0.10505
-0.03805 0.02965 -0.091835
0.02858 -0.01358 -0.02342
0.031737 0.031275 -0.09565
-0.012125 7.5e-05 -0.050875
-0.031055 -0.005035 -0.037115
-0.00445 0.02957 -0.038365
0.007325 0.0345 -0.017755
0.034303 0.0219 -0.097923
0.034215 0.015675 -0.089285
-0.011528 -0.0196 -0.085562
0.02215 0.015945 -0.04058
-0.007325 -0.0292 -0.023205
-0.034063 0.024225 -0.030315
-0.03411 -0.0119 -0.051515
-0.010325 -0.017882 -0.043585
0.00595 -0.027757 -0.03115
-0.002225 0.02965 -0.038808
0.003725 -0.02877 -0.02907
-0.015922 0.05005 -0.097912
-0.003007 -0.02015 -0.085895
-0.0108 -0.027943 -0.024805
-0.012925 -0.02748 -0.020505
-0.0203 0.002333 -0.045642
-0.01906 0.04645 -0.081607
-0.0093 0.02835 -0.038638
0.006275 -0.029022 -0.02683
0.01697 -0.02645 -0.05333
0.02322 0.038425 -0.056938
0.02495 0.000565 2.7e-05
-0.030715 -0.007075 -0.10245
0.02419 0.006855 -0.01972
0.01935 0.048925 -0.111133
0.0183 0.02961 -0.0156
-0.033105 0.0218 -0.02379
-0.022735 -0.00665 -0.120525
-0.007075 0.027383 -0.040312
-0.026338 -0.00675 -0.115148
-0.010978 -0.03055 -0.04639
-0.035778 -0.012675 -0.038205
0.02645 -0.007237 -0.036575
-0.01949 0.05305 -0.118205
-0.02943 0.0281 -0.02342
0.00815 -0.026427 -0.033145
-0.03067 -0.0065 -0.105085
-0.02672 0.000375 -0.136602
-0.00411 0.053125 -0.10566
-0.037372 0.009375 -0.12859
0.019433 -0.009575 -0.104213
0.00175 -0.021113 -0.043025
-0.02195 -0.021463 -0.018067
-0.005577 -0.01315 -0.107073
0.00894 0.052 -0.12937
-0.035953 0.0415 -0.124505
-0.022095 0.042075 -0.063708
0.00825 -0.00071 -0.082065
-0.00415 -0.028387 -0.011265
-0.01325 -0.009607 -0.04745
-0.03794 0.0167 -0.039347
0.01175 0.030565 -0.032345
-0.0029 0.009732 0.011115
-0.029585 -0.00275 -0.12221
0.03032 -0.0083 -0.06737
-0.00826 0.054575 -0.116567
0.017225 -0.015988 -0.041285
-0.025955 -0.014271 -0.03879
-0.019925 -0.010403 -0.043093
0.03065 -0.006233 -0.016018
0.01679 -0.00325 -0.1282
0.03052 -0.00175 -0.09463
-0.03069 0.00535 -0.138153
-0.01875 -0.007143 -0.04507
0.0048 -0.02933 -0.01448
0.020348 -0.023075 -0.056725
-0.012218 0.04055 -0.039317
-0.0215 0.01888 -0.03939
0.01795 0.02631 -0.034385
-0.038455 0.006225 -0.077832
-0.035075 0.04245 -0.13012
-0.02825 0.000605 -0.036095
0.0129 -0.027205 -0.01781
-0.00525 0.02753 0.000108
0.0063 0.009843 -0.051188
0.0178 0.02442 -0.004165
-0.00517 0.0543 -0.12899
0.03023 0.025665 -0.07729
0.00645 -0.022272 -0.04082
-0.03433 -0.00535 -0.082662
0.003075 0.005207 -0.052535
0.029923 0.030525 -0.063925
0.034095 0.00775 -0.073208
0.020735 0.04925 -0.12706
-0.023725 -0.013975 -0.09129
-0.006275 -0.027847 -0.030658
0.010175 0.032285 -0.010845
0.027403 -0.006175 -0.099438
0.02195 -0.021463 -0.018067
0.023703 0.03775 -0.055615
0.033 0.01335 -0.07952
0.0095 -0.026793 -0.031125
0.00665 0.033252 -0.010845
0.03075 -0.006148 -0.0252
0.015103 -0.016225 -0.090022
-0.00854 0.04471 -0.07384
-0.03188 0.002267 -0.06628
-0.023385 0.033125 -0.02412
0.01755 0.004255 0.00659
-0.032815 -0.0116 -0.066367
-0.022207 -0.0051 -0.126308
-0.019915 0.03354 -0.045375
0.034123 0.01685 -0.094642
0.0089 0.02175 0.00483
-0.02872 0.003325 -0.138698
0.00295 -0.02921 -0.02747
0.01252 0.032395 -0.015095
-0.03272 0.003224 -0.03562
0.006275 0.034545 -0.01531
-0.01105 -0.027727 -0.025985
0.0095 0.033505 -0.01489
-0.035792 0.017725 -0.136528
0.00427 0.037147 -0.07521
-0.0074 0.03389 -0.026588
-0.0309 0.03105 -0.041787
-0.012915 0.05165 -0.101605
0.00252 -0.004425 -0.131413
-0.014465 0.05425 -0.11836
-0.0311 -0.012 -0.07989
0.0 0.027343 0.001142
0.0181 0.028687 -0.027727
0.017225 0.027405 -0.033422
-0.007375 0.028727 -0.002292
0.0024 0.03041 -0.003155
-0.006675 0.02949 -0.037923
-0.038677 0.020575 -0.12664
-0.0157 0.029942 -0.028923
-0.011665 0.00187 -0.0816
-0.02891 -0.019125 -0.057767
-0.0192 0.029015 -0.02378
0.01425 0.03004 -0.009525
0.0059 -0.023245 -0.03965
-0.024935 0.03685 -0.04587
-0.004315 -0.03085 -0.043355
-0.01897 -0.0275 -0.045685
-0.014925 0.003938 0.008335
-0.00354 0.055 -0.118845
-0.003725 -0.02877 -0.02907
-0.02864 -0.0078 -0.10596
-0.0335 0.040325 -0.099058
0.016028 -0.026525 -0.052165
0.021902 -0.00615 -0.11026
-0.006975 0.03334 -0.01134
-0.03697 0.011025 -0.134638
0.00854 0.03402 -0.0148
-0.00295 -0.0213 -0.08225
0.011925 -0.025302 -0.03248
-0.002095 -0.031225 -0.04568
0.00935 -0.02629 -0.00868
0.0309 0.005898 -0.02942
-0.0165 -0.022795 -0.04033
0.0314 -0.001595 -0.015
0.025068 0.036975 -0.058302
-0.015638 0.050675 -0.099575
0.0139 -0.026645 -0.016692
-0.023445 0.0524 -0.12821
0.01425 -0.02473 -0.031435
0.007145 0.00671 -0.019745
-0.022475 0.014478 -0.041175
-0.01325 0.032403 -0.022582
-0.0187 0.0487 -0.095265
-0.00525 -0.010655 -0.04967
-0.0094 0.045775 -0.062353
-0.004665 0.052325 -0.100835
0.011925 -0.021722 -0.002615
-0.003895 -0.0304 -0.042855
0.0266 -0.00365 -0.003635
-0.028492 -0.022925 -0.036143
-0.015 -0.007105 0.00646
-0.006025 -0.028807 -0.02801
-0.021435 -0.009522 -0.022685
-0.03463 0.032675 -0.071397
0.00286 -0.031025 -0.047027
0.027875 0.041175 -0.119367
-0.020565 0.053175 -0.121832
0.0024 -0.02942 -0.01399
-0.023615 0.0524 -0.12701
-0.01881 -0.00219 -0.082335
-0.0129 0.029675 -0.007505
-0.026535 0.04285 -0.08191
0.005825 -0.02531 -0.036647
-0.005115 0.04725 -0.07092
-0.011425 -0.026788 -0.011688
-0.019135 -0.002225 -0.136837
-0.03015 -0.002715 -0.0088
-0.0187 -0.016383 -0.039095
0.007845 0.03865 -0.025433
0.0116 0.02006 -0.04588
-0.003208 0.0552 -0.126815
0.01185 -0.027905 -0.02236
-0.0215 -0.00591 -0.04388
0.010925 -0.028303 -0.02017
0.026995 -0.0024 -0.112885
0.00795 0.03102 -0.034855
-0.017205 0.0518 -0.106413
-0.015575 -0.023895 -0.031842
0.022475 0.006473 0.003055
0.026875 -0.01582 -0.021157
-0.024305 0.04965 -0.1088
-0.002925 -0.030118 -0.020775
0.034133 0.00905 -0.07909
-0.002135 0.037425 -0.07516
0.02198 0.0448 -0.09175
-0.03223 0.033675 -0.061693
-0.017375 -0.000555 -0.047385
-0.0138 -0.006557 -0.04832
-0.03115 0.0048 -0.137668
-0.00563 0.050875 -0.093012
-0.017625 -0.00679 0.004712
-0.023085 0.0457 -0.086835
-0.021913 0.051925 -0.129492
-0.003075 -0.009293 0.00957
0.00815 -0.018677 0.00261
0.03404 0.01095 -0.0872
-0.033235 -0.0167 -0.041305
0.028375 0.018322 -0.020307
-0.03214 -0.0177 -0.033992
0.026427 0.0397 -0.093998
0.02406 0.0358 -0.048795
0.0 -0.02447 -0.05588
-0.017975 -0.016487 -0.001488
-0.022175 -0.0266 -0.041502
-0.027927 -0.0026 -0.126267
-9e-05 -0.019875 -0.08605
-0.010875 -0.022805 -0.037873
0.006405 0.036968 -0.02951
-0.027268 0.023243 -0.031995
-0.02727 -0.00095 -0.132555
0.02891 0.013425 -0.13627
-0.016 -0.008375 -0.04626
0.0018 -0.027312 -0.033605
-0.033 0.00265 -0.02048
-0.025955 0.027598 -0.04645
0.030185 0.025675 -0.134127
-0.01475 -0.00024 -0.04913
-0.037715 0.03635 -0.11692
0.0094 0.03277 -0.028823
-0.020875 -0.018415 -0.00684
-0.01579 0.02116 -0.017127
-0.03657 0.011475 -0.136052
0.030063 0.036975 -0.128318
0.003 0.035275 -0.022018
-0.006625 -0.02794 -0.03014
0.0059 -0.02956 -0.02388
-0.02085 -0.0065 -0.122775
0.034055 0.017775 -0.0986
-0.028583 -0.009225 -0.100112
0.032325 0.030875 -0.110453
0.0 0.021738 -0.047157
0.005825 -0.02921 -0.015145
0.006025 -0.028807 -0.02801
-0.0177 0.01054 -0.04608
0.0087 0.008327 0.010175
0.006975 -0.029292 -0.022688
0.031923 0.024975 -0.06587
-0.028125 -0.000982 -0.036305
-0.013023 0.054175 -0.128722
-0.02333 -0.0005 -0.1383
-0.03041 0.04755 -0.121277
0.0 0.03329 -0.00843
-0.020638 -0.0048 -0.128988
-0.020225 -0.022195 -0.014035
-0.03244 0.006471 -0.06552
-0.01885 -0.022675 -0.028622
0.031613 -0.006125 -0.068955
-0.00239 -0.030925 -0.047875
0.02855 0.015625 -0.030097
0.028865 0.039875 -0.129248
0.020975 0.02019 -0.03862
-0.01505 0.02648 -0.004067
-0.00446 0.0529 -0.10452
0.02388 0.043775 -0.10121
-0.03637 0.0117 -0.13676
-0.014125 -0.018337 -0.041075
0.00445 0.02957 -0.038365
0.015225 -0.009845 -0.04617
-0.010998 -0.024575 -0.069558
0.009085 0.044825 -0.054828
-0.019912 -0.005925 -0.125638
-0.038995 0.03195 -0.113285
0.00626 0.017522 -0.017788
-0.023642 0.04515 -0.08553
0.01805 -0.024635 -0.01783
0.00348 0.0544 -0.1269
0.0208 -0.022388 -0.018717
-0.01315 0.054975 -0.123585
0.01195 0.00683 0.00975
0.002625 -0.009027 -0.05067
0.015725 -0.01436 -0.043253
0.01053 0.033207 -0.014948
0.006113 -0.0015 -0.13734
-0.000208 -0.01645 -0.096728
0.021717 0.045625 -0.096033
0.017375 -0.009785 0.003585
0.030095 0.0301 -0.063432
0.02645 -0.012253 -0.008875
0.007925 0.03295 -0.029808
0.02858 0.0106 -0.13606
-0.02416 0.05145 -0.11848
0.012735 -0.01115 -0.10724
-0.014228 -0.0218 -0.077525
-0.029218 -0.00105 -0.128927
0.0 0.011615 -0.051985
0.01795 0.029923 -0.01732
-0.029915 -0.018225 -0.05756
-0.00815 -0.009223 -0.04959
-0.004725 0.05525 -0.12201
-0.03303 0.026375 -0.031902
-0.03411 0.00335 -0.12379
-0.01451 -0.015583 -0.084757
0.02825 0.000615 -0.036143
-0.006675 -0.017593 -0.045185
0.012535 0.038375 -0.030903
0.0 0.02973 -0.03925
0.026525 0.017805 -0.009455
-0.038405 0.008025 -0.02748
-0.014943 0.050525 -0.099255
-0.01575 -0.00475 -0.131225
-0.033515 0.00625 -0.13494
-0.018435 -0.02805 -0.042525
-0.0018 0.035512 -0.020653
0.017445 -0.018675 -0.080565
-0.00485 0.026415 -0.041988
-0.019525 0.016263 -0.042328
0.027688 -0.009475 -0.087393
0.029173 -0.012025 -0.07082
-0.014743 -0.002375 -0.137902
-0.01195 -0.00153 -0.05071
0.0074 -0.024457 -0.037155
-0.038847 0.0199 -0.065005
0.015925 -0.025888 -0.020875
-0.003 -0.027358 -0.033358
-0.000962 0.055325 -0.12551
-0.029528 0.02855 -0.025345
0.007375 -0.028148 -0.012593
0.01021 0.054 -0.12545
0.031055 -0.002362 -0.051875
-0.024467 -0.00305 -0.130922
-0.009375 0.009735 -0.050598
0.015022 -0.014 -0.09705
0.03188 0.013733 -0.03372
0.01429 0.01077 -0.01901
0.025387 -0.017725 -0.06377
-0.031967 -0.01655 -0.033348
-0.00835 -0.00065 -0.1396
0.0018 -0.030065 -0.021908
0.032058 0.0213 -0.131485
-0.033588 -0.01375 -0.032255
-0.004825 -0.0025 -0.137415
-0.015925 0.029515 -0.01084
0.013675 0.03152 -0.013473
-0.036792 0.03935 -0.12957
0.02159 0.0025 -0.136025
-0.029535 0.04855 -0.129225
-0.016762 -0.0277 -0.039125
-0.001125 0.03468 -0.01354
-0.00595 0.034872 -0.0198
-0.006405 0.026177 -0.01622
-0.012977 0.01245 -0.018705
-0.01355 0.021075 -0.043488
0.0165 -0.02547 -0.02557
-0.031085 -0.01405 -0.071045
-0.03541 0.025425 -0.043037
-0.030305 0.033725 -0.052
0.01425 -0.02684 -0.01983
-0.010675 0.032715 -0.013205
-0.0314 0.0006 -0.0271
0.002625 0.012798 0.010195
0.0285 -0.010115 -0.028687
-0.0042 -0.029543 -0.015967
0.008425 0.011465 0.00955
-0.030485 0.026 -0.02316
-0.0029 -0.012177 0.008108
0.0086 0.050125 -0.09565
-0.0366 0.0237 -0.04334
-0.006677 -0.00105 -0.139248
-0.0145 0.031927 -0.01995
0.002225 0.020098 0.006942
0.028085 -0.0142 -0.07028
-0.00455 0.034797 -0.015875
-0.037975 0.02825 -0.086235
0.022475 -0.001162 -0.044015
-0.0012 -0.030035 -0.018575
-0.0185 0.020485 -0.040243
-0.00525 -0.01348 -0.0481
-0.030233 0.026175 -0.023113
0.018025 0.0504 -0.127035
-0.040125 0.03005 -0.11849
-0.002585 -0.02385 -0.07444
0.030525 -0.0083 -0.068415
0.009 -0.028625 -0.02371
-0.033672 -0.0143 -0.04641
-0.02045 -0.021977 -0.026717
0.03371 0.002625 -0.070147
-0.028432 0.048875 -0.11907
0.01429 0.00523 -0.08099
0.031505 0.03385 -0.109762
-0.037245 0.0286 -0.075675
0.015125 -0.005552 0.00687
0.023935 0.0432 -0.097823
-0.0375 0.0375 -0.121485
-0.04011 0.02695 -0.10657
0.01048 0.048475 -0.086215
0.0311 0.007855 -0.01329
-0.03032 -0.00665 -0.105428
0.017175 0.016937 0.003322
-0.013545 0.04825 -0.08319
0.005022 -0.0304 -0.049833
0.0192 -0.020875 -0.03282
0.0169 0.00742 0.0065
0.02635 0.021595 -0.022385
0.026805 0.042175 -0.128895
-0.038737 0.01655 -0.050735
-0.023665 0.045775 -0.088592
-0.018345 -0.00565 -0.12764
-0.037895 -0.0004 -0.069685
-0.01398 -0.004525 -0.132372
0.005448 0.054825 -0.125495
0.0093 0.012835 -0.049758
0.02333 0.028285 -0.03108
-0.03244 0.001124 -0.036
0.03192 0.014 -0.13227
-0.02086 -0.0055 -0.12625
-0.033402 0.00645 -0.135445
-0.030475 0.0275 -0.025585
0.008875 0.018717 -0.047168
-0.018407 0.043225 -0.063125
0.03272 0.004752 -0.0201
-0.035892 0.036525 -0.093015
-0.0241 -0.01405 -0.006965
-0.029445 0.037425 -0.066005
0.010175 0.03378 -0.019105
-0.00685 0.03074 -0.004975
0.0035 0.025245 0.002768
-0.03624 0.01625 -0.02547
-0.0074 -0.029205 -0.02051
-0.0063 0.008295 -0.05162
0.026218 0.0091 -0.137397
-0.0105 -0.01084 -0.04864
0.01554 0.03845 -0.03508
0.0012 0.033335 -0.008675
-0.00597 -0.01655 -0.096763
0.0045 0.03524 -0.01915
-0.004425 0.034902 -0.016465
-0.0006 -0.029868 -0.016842
-0.002625 -0.018875 0.003695
-0.010775 0.021977 0.003575
-0.006675 -0.02419 -0.003037
-0.006247 -0.03025 -0.042112
-0.029473 -0.021975 -0.042808
-0.02447 0.01545 -0.07914
-0.03882 0.01885 -0.12044
-0.02205 -0.02128 -0.024813
0.0203 -0.006473 0.002968
0.022975 -0.0184 -0.06876
-0.0176 0.030235 -0.01904
0.0229 0.023087 -0.00959
-0.0029 -0.007502 -0.051105
-0.0311 -0.00474 -0.01557
-0.035163 -0.01285 -0.032108
0.031055 0.01569 -0.033365
0.0077 0.034183 -0.015985
-0.031575 0.0384 -0.08333
0.006925 -0.023365 -0.038988
0.01211 -0.02915 -0.050595
0.0278 0.013075 -0.033427
-0.025955 -0.011598 -0.05355
-0.01513 0.045525 -0.070523
-0.01098 0.0517 -0.10207
0.023315 0.03555 -0.044703
0.025125 0.010518 -0.001905
-0.02385 -0.019148 -0.016833
-0.007718 -0.005725 -0.129458
0.01302 0.00085 -0.13859
0.01495 0.024645 -0.03921
-0.023175 0.00836 -0.043
-0.01876 0.053825 -0.12736
0.0012 0.035342 -0.022385
-0.0172 -0.02035 -0.035725
-0.02637 0.001 -0.138135
-0.031975 -0.001055 -0.01795
-0.0185 0.027672 -0.010615
0.03236 -0.004575 -0.071515
-0.0139 0.028757 -0.006655
-0.0116 0.03171 -0.01034
-0.004105 -0.030625 -0.043105
0.00455 -0.029785 -0.019953
0.029773 0.0295 -0.061745
0.0281 0.01712 -0.02965
-0.01795 -0.014625 -0.0418
0.027435 -0.00655 -0.098085
0.03244 0.012202 -0.04924
-0.0264 0.0487 -0.10899
-0.020105 0.045275 -0.077053
-0.023385 -0.0119 -0.099462
-0.01209 0.05515 -0.12697
0.025135 -0.01205 -0.084573
-0.038957 0.032575 -0.115495
0.03111 0.03155 -0.079993
-0.0304 0.00041 -0.00808
0.015675 0.019668 0.002292
-0.0281 0.01298 -0.00682
0.024525 0.021575 -0.030265
0.002225 -0.011962 -0.049473
-0.02675 -0.02215 -0.053335
0.032015 -0.005725 -0.07119
-0.00615 0.034225 -0.01354
0.00615 0.001805 0.011123
0.023157 0.047 -0.125925
-0.031065 0.02765 -0.027635
-0.00945 0.008182 -0.051005
-0.00885 -0.0236 -0.037685
-0.02495 -0.002585 -0.000543
0.017875 0.0463 -0.091453
-0.00625 0.03146 -0.006292
-0.018492 0.04875 -0.095018
-0.006713 0.055225 -0.126873
0.028765 0.0365 -0.09169
-0.011528 -0.01585 -0.09789
0.01865 -0.019908 -0.005613
-0.0012 0.033335 -0.008675
0.027693 0.011125 -0.136723
-0.025645 0.00235 -0.13915
-0.025993 0.029625 -0.022103
-0.03797 0.032125 -0.101195
-0.00376 0.05335 -0.1068
-0.012367 0.051375 -0.10121
-0.02858 0.026907 -0.06182
0.03227 0.03145 -0.11384
-0.003688 0.05535 -0.123725
-0.019925 0.015705 0.002133
-0.0309 0.00275 -0.02999
-0.00623 0.05185 -0.0985
-0.01655 0.01063 0.00617
-0.025915 0.0445 -0.08765
-0.03422 0.02465 -0.032205
-0.028055 -0.0188 -0.062822
0.0036 -0.025145 -0.037557
0.030025 -0.003525 -0.030973
0.01701 0.0 -0.136475
0.0089 0.03415 -0.02382
-0.007145 -0.001407 -0.021215
0.015575 -0.0262 -0.019155
0.024832 0.039025 -0.075297
0.01475 0.03047 -0.011885
-0.027678 -0.011225 -0.094372
-0.00995 0.026955 -0.000935
-0.03094 0.029925 -0.036637
-0.0012 0.03377 -0.010223
-0.02945 0.008315 -0.007135
0.029335 0.0324 -0.070748
0.02836 0.0398 -0.13031
-0.038615 0.01025 -0.080077
-0.02419 -0.00155 -0.02124
-0.0266 0.00265 -0.00249
0.022843 0.04685 -0.127435
0.02763 -0.0149 -0.06547
0.03352 0.0026 -0.06971
-0.0105 -0.01986 0.00115
-0.013862 -0.0244 -0.069135
-0.0109 0.030327 -0.006903
-0.033 0.010675 -0.06476
0.0 -0.028055 -0.008895
0.015575 0.0315 -0.021805
0.01305 0.020805 0.003032
-0.029405 0.02495 -0.062175
0.0266 0.0422 -0.129627
0.003015 -0.02195 -0.0789
-0.030932 -0.01995 -0.034958
-0.0058 0.018825 -0.047757
0.0093 0.044 -0.04992
-0.015325 -0.01576 -0.04254
0.0097 -0.021985 -0.001165
0.031025 0.00097 -0.01118
0.0178 -0.005235 0.005125
0.015925 -0.02457 -0.01243
0.0024 -0.0251 -0.037805
0.021925 -0.0093 -0.041165
0.00028 -0.0235 -0.07484
-0.019915 -0.020215 -0.039865
-0.004865 0.055425 -0.125793
-0.025888 0.045175 -0.09055
-0.03611 0.03945 -0.131585
-0.004523 0.036225 -0.021837
-0.021185 -0.0268 -0.038332
0.0035 -0.027445 -0.00805
-0.023425 -0.01825 -0.028788
-0.0026 -0.029732 -0.024593
0.01881 -0.012888 -0.023295
-0.029698 0.0485 -0.128605
0.012125 -0.010415 0.00708
-0.00945 0.00658 -0.051142
-0.00972 0.052625 -0.104883
0.002817 0.053075 -0.107502
-0.03633 0.03955 -0.13131
-0.020175 -0.008025 0.002558
-0.014207 0.0548 -0.123683
0.00587 -0.003975 -0.13168
-0.015325 0.04985 -0.094805
-0.028465 -0.02285 -0.043085
0.00041 0.05475 -0.12712
0.005832 -0.00309 -0.02152
0.02644 0.03945 -0.092665
0.002225 0.018685 0.007727
0.022295 0.036 -0.040775
-0.014535 0.050375 -0.098772
0.0177 0.023072 -0.03853
0.0238 0.023883 -0.01397
0.006108 -0.00995 -0.114528
0.02317 0.04035 -0.06846
0.0269 -0.01076 -0.008427
0.003075 -0.029318 -0.02688
0.003725 -0.029785 -0.02346
0.01495 -0.026215 -0.02327
0.0311 0.010045 -0.02539
0.0 -0.011883 -0.049915
-0.006825 0.029702 -0.003462
-0.014055 0.05475 -0.12778
-0.03275 0.001077 -0.020765
-0.030285 0.02645 -0.023285
-0.02796 0.050025 -0.126393
-0.014345 0.0517 -0.103207
-0.01118 -0.023275 -0.073753
0.03117 0.031 -0.07724
-0.01237 -0.005925 -0.12873
0.00485 0.05135 -0.093755
-0.00615 0.012947 -0.050373
-0.023485 0.0485 -0.100925
-0.010425 -0.026162 -0.00939
-0.01573 -0.002025 -0.13846
-0.032015 0.046875 -0.127778
-0.01995 -0.016718 -0.03725
-0.030895 0.02665 -0.023725
-0.006675 -0.023142 -0.001805
0.033465 0.024725 -0.095853
-0.002855 0.0521 -0.09928
-0.0131 0.027895 -0.036128
-0.0243 -0.01875 -0.01902
-0.00253 -0.0087 -0.12108
-0.006878 -0.030925 -0.042862
-0.002135 0.037519 -0.02941
0.00175 -0.028963 -0.01231
-0.0085 0.055325 -0.125742
0.015612 -0.021475 -0.073188
-0.015202 0.054675 -0.126655
0.0302 -0.007725 -0.016465
-0.022873 0.0449 -0.082378
-0.0192 -0.020875 -0.03282
-0.00377 0.055225 -0.126842
0.031055 0.023707 -0.077645
-0.03244 -0.00155 -0.02124
-0.01595 -0.020015 -0.03757
0.0123 0.00168 -0.05104
0.021622 0.0269 -0.016087
-0.0304 -0.007425 -0.102202
0.005832 0.00761 -0.08056
0.008075 -0.027368 -0.03062
-0.0062 0.030295 -0.03661
-0.006605 0.055325 -0.1236
-0.037262 0.01695 -0.135005
0.004125 0.032003 -0.00663
-0.0139 0.027575 -0.004352
-0.02125 0.02588 -0.012235
-0.018225 -0.00864 -0.044808
-0.022443 -0.026325 -0.043082
-0.0058 0.01291 0.00958
-0.025915 -0.02515 -0.04048
0.02035 0.025085 -0.007855
-0.010575 0.033408 -0.023928
0.03244 0.014876 -0.064
-0.003883 0.0539 -0.11048
0.028375 0.008488 -0.034743
-0.028625 0.005378 -0.035512
0.002135 0.02119 -0.0781
