4262
0.035108 0.020638 -0.109353
-0.014149 0.046728 0.014048
-0.01307 0.0277 -0.0222
0.036728 0.030165 -0.035894
0.035598 0.021728 -0.004767
-0.0277 0.04 -0.0114
-0.01053 0.04044 -0.29576
0.037876 -0.024368 -0.055832
0.0 0.04882 0.0058
0.040263 -0.007519 -0.018421
-0.02 -0.02966 -0.33158
-0.0565 0.03319 -0.10156
0.027036 -0.023932 -0.182282
-0.00023 0.051622 -0.040179
0.032601 -0.02781 -0.090779
-0.0277 -0.04 0.0114
0.0311 -0.032247 -0.007565
0.029 0.039733 -0.033916
-0.02922 -0.0153 -0.03
0.031669 0.028582 -0.108035
-0.02195 0.0 0.0092
-0.0258 0.02915 -0.32002
-0.0043 0.04318 0.0277
-0.06803 -0.00104 -0.10605
-0.00764 -0.05005 -0.12772
-0.008 -0.03729 -0.35997
-0.00152 -0.05255 -0.06474
0.0081 0.03757 -0.0277
0.001104 0.040841 0.029768
0.039608 0.010587 -0.045322
0.0195 -0.04585 -0.0114
-0.02145 0.0141 0.0069
0.0212 -0.04 0.0212
-0.01232 -0.0127 -0.0522
0.035519 0.004257 -0.063254
0.032066 0.005674 0.008195
0.034523 0.02057 -0.121028
0.030685 -0.034596 -0.081977
-0.01735 -0.05265 -0.03412
0.026415 0.043346 0.00862
0.034549 -0.012124 0.00327
0.030741 0.024392 0.000968
0.03943 0.018214 -0.022184
0.028316 -0.020861 -0.197947
0.0106 -0.03871 -0.0277
0.0112 0.03187 -0.0058
0.036789 -0.017877 -0.329985
0.033089 -0.035713 -0.070312
0.0367 0.025471 -0.01296
0.02655 0.010484 -0.360072
0.037806 -0.02356 -0.016536
0.033114 0.034011 -0.330021
0.03746 0.0 -0.0018
0.036643 -0.0 -0.06073
0.033468 -0.002904 0.006945
-0.042061 0.045705 -0.090255
0.029626 -0.040128 0.003898
0.0106 0.04768 -0.0114
0.030413 -0.014386 -0.225938
0.036137 -0.009416 -0.11298
0.028994 0.038765 -0.039715
0.031408 0.001267 -0.244026
0.01793 0.0 -0.0453
-0.0063 0.03541 0.0249
0.034723 0.0 0.005105
0.0252 0.01975 -0.29733
0.036474 0.010234 -0.000525
-0.02 0.0078 -0.0692
-0.02317 0.0307 -0.0522
0.03605 -0.0235 -0.0078
0.027554 -0.028206 -0.263759
0.027463 -0.036538 0.002907
0.039176 -0.000287 -0.074667
-0.02121 0.04 0.02121
-0.011547 0.046609 0.01663
-0.00499 0.049888 -0.105707
0.02735 0.0055 -0.0692
0.01259 0.04143 -0.30889
0.03371 0.0157 -0.0632
0.036526 -0.02906 -0.041594
0.017828 0.034401 -0.239151
0.005931 0.046278 -0.285974
-0.02352 0.0058 0.0069
0.028746 0.010728 -0.291581
0.02 0.00276 -0.3
0.040246 -0.003534 -0.04345
0.036884 -0.033813 -0.045345
0.017318 -0.0436 0.021299
0.024561 0.037834 -0.277847
0.02903 -0.038093 -0.002876
-0.0118 0.04303 -0.32778
-0.05112 -0.03035 -0.28776
0.0245 0.0362 -0.0378
0.036803 -0.030243 -0.033901
0.036708 0.007871 -0.139595
-0.0281 -0.02142 -0.28098
-0.03505 -0.00764 -0.35999
-0.0 0.048612 -0.008604
0.035762 -0.031148 -0.041606
0.0 0.04 0.03
0.032948 -0.023703 -0.100034
0.008533 0.047048 -0.294271
0.036526 0.02906 -0.018406
-0.0153 0.04189 -0.0249
0.038413 0.008305 -0.08732
0.02114 -0.02552 -0.29998
0.004817 0.050266 -0.082266
0.037723 0.007894 -0.101439
0.000652 0.040295 -0.198998
0.0208 0.04624 0.0058
0.035458 0.034384 -0.044797
0.0041 -0.04123 -0.0294
0.02244 -0.041452 -0.281876
0.020015 0.033011 -0.187946
0.03947 0.01276 -0.07078
0.029393 0.025119 -0.172078
0.019321 -0.042815 -0.088447
0.030503 0.018705 -0.268323
0.0149 0.04447 0.0212
-0.01836 0.05167 -0.09547
0.0112 -0.03187 0.0058
0.013339 0.043227 -0.310071
0.040477 0.0 -0.041556
0.007 0.051873 -0.346365
0.03827 0.024659 -0.02414
0.019726 0.033138 -0.23939
0.01724 0.0 -0.0378
-0.05283 0.03122 -0.16021
0.0271 0.04336 0.0058
0.03746 0.0 -0.0582
0.022832 0.026894 -0.360123
0.024547 0.035682 -0.269023
-0.02 -0.03015 -0.31998
0.038147 -0.005413 -0.055266
0.031099 0.032246 -0.007566
-0.013 0.00271 -0.36
0.037627 -0.023142 -0.045332
0.0 -0.04 -0.03
0.034289 0.007165 0.005112
-0.025807 0.039918 -0.220216
-0.02 0.0153 -0.0669
0.0095 -0.0469 0.0166
0.025626 0.041755 -0.014151
-0.015756 0.047221 -0.008634
0.04001 0.010818 -0.018427
0.016982 0.047819 -0.059095
0.036077 -0.009662 -0.060735
0.000408 0.039946 -0.212238
0.027656 0.021454 0.003371
0.031741 0.002679 -0.268335
0.0176 0.03472 -0.0166
-0.00888 -0.05323 -0.07311
-0.0119 0.02746 -0.30382
-0.0176 -0.04528 -0.0166
0.035924 -0.009178 -0.120679
0.029 -0.0332 -0.0522
-0.02 0.0 -0.0699
0.0114 -0.04 -0.0277
-0.03531 0.04104 -0.28734
-0.011561 0.047814 -0.286349
0.007 0.00276 -0.3
0.01232 0.04434 -0.33395
0.023328 -0.028683 -0.175573
0.039027 -0.013757 -0.012966
0.032622 0.02848 -0.055271
-0.0022 -0.04162 -0.0294
0.032622 -0.028481 -0.004729
0.000339 0.04797 -0.292483
-0.01295 0.0 -0.0582
-0.00454 0.03525 -0.03035
-0.0395 -0.02147 -0.33618
0.0117 0.04351 -0.0249
0.025279 0.032232 -0.260152
-0.006274 0.043877 -0.265031
0.040923 0.0 -0.026098
0.004762 0.047816 -0.014036
-0.0 0.047938 0.014008
0.024218 0.032777 -0.15246
0.037232 0.007938 -0.11593
0.03155 -0.0205 0.0032
0.02987 0.0072 0.0092
0.023849 -0.035326 -0.267129
0.024846 0.037915 -0.101558
-0.02 0.02462 -0.35322
0.00955 0.038079 -0.238726
0.026953 0.031913 -0.268814
0.026705 0.034706 -0.280544
0.028633 -0.021152 -0.188085
-0.01077 0.0 -0.0453
0.040723 0.007669 -0.03391
-0.0353 0.02464 -0.33262
0.035461 -0.036625 -0.048555
0.039628 -0.018565 -0.03
0.030907 -0.01891 -0.16948
0.013219 0.0439 -0.321142
0.030723 0.023278 -0.169939
0.036315 -0.009297 -0.108524
0.0054 -0.03934 -0.0294
0.02445 -0.0375 -0.27525
-0.013585 0.046264 0.016646
-0.02584 -0.04859 -0.05793
0.026414 0.043345 -0.00862
0.0271 -0.04336 0.0058
-0.0022 -0.04162 0.0294
0.0166 0.04 -0.0249
0.03964 -0.007067 -0.012934
0.036052 -0.027579 -0.01289
-0.004502 0.041368 -0.193438
-0.01232 0.0127 -0.0522
0.015 -0.04447 0.0212
0.02907 -0.024659 -0.14339
0.015756 0.047221 0.008634
-0.011306 0.048266 -0.002902
0.039196 0.003922 -0.078254
0.026751 0.007941 -0.299917
0.0099 -0.00025 -0.32
-0.05264 0.01682 -0.22243
0.034899 0.034892 -0.03
0.023848 -0.040354 -0.281767
0.027797 -0.020759 -0.232687
-0.029859 0.044988 -0.052239
0.025417 0.040818 0.015502
0.033634 -0.028152 -0.006146
-0.0212 -0.04 -0.0212
0.00637 -0.00819 -0.01612
0.0054 -0.03934 0.0294
0.019651 0.032828 -0.194791
0.02396 0.02991 -0.18675
-0.033634 0.043716 -0.267102
0.035059 -0.029022 -0.011079
-0.02905 -0.015 -0.0222
0.033663 -0.003997 -0.199281
0.03825 0.002707 -0.004749
0.00573 0.04536 -0.27963
0.013713 0.043371 0.024077
0.014941 0.04839 -0.032628
0.038049 0.024358 -0.039705
0.022035 0.03152 -0.187352
0.036905 0.029124 -0.066191
0.040424 0.007518 -0.039698
0.037388 0.019252 -0.083971
0.0 -0.04882 -0.0058
0.037972 0.012642 -0.089424
0.036279 0.011481 -0.34654
-0.0119 -0.02794 -0.30378
-0.0294 -0.04 0.0058
0.029261 -0.017723 -0.226459
0.010736 0.037305 -0.203765
0.038445 -0.014567 -0.07295
0.031825 -0.006883 0.008221
-0.01188 0.048095 -0.323375
0.032961 -0.02081 -0.313669
0.030745 0.027344 -0.00158
0.037975 0.018865 -0.011184
-0.0349 0.02097 -0.29022
-0.032387 0.046033 -0.279589
0.02454 0.030149 -0.177299
0.01334 0.046429 -0.298184
0.02523 -0.04029 -0.28826
-0.06176 -0.03156 -0.12375
0.033012 -0.01571 -0.154059
-0.01862 0.0055 -0.0692
0.030359 0.018032 0.005293
0.02441 -0.0369 -0.03
-0.000468 0.04339 -0.264875
0.03366 0.010793 -0.065189
-0.024364 0.04309 0.014037
-0.009181 0.044676 -0.155178
0.032752 -0.018155 -0.063315
-0.01595 0.04121 -0.22023
0.025807 0.030742 -0.158406
0.03923 -0.0141 -0.0147
0.024344 0.045237 -0.002898
-0.02375 -0.0362 -0.0222
0.03704 -0.005405 -0.104318
-0.02392 -0.0157 0.0032
-0.0277 0.04342 0.0
-0.02 -0.0332 -0.0522
-0.023036 0.051519 -0.09155
0.029085 -0.028942 -0.289114
-0.009907 0.050326 -0.303571
-0.0195 -0.04585 0.0114
0.009927 0.043045 0.026363
0.038637 0.0 -0.053713
0.02285 -0.0085 0.0032
0.044104 0.0 0.011812
0.017467 0.046614 -0.010023
0.037545 0.003281 -0.10861
0.01159 0.04493 -0.282047
0.034442 -0.025315 -0.086264
0.008643 0.04 0.028692
-0.02512 -0.0085 -0.0632
0.0378 -0.012119 -0.329988
0.030837 -0.043106 -0.040911
0.029 -0.0078 -0.0692
0.002656 0.048283 -0.011417
0.025695 0.039998 0.015353
0.03151 0.001731 -0.252127
0.03596 -0.000436 -0.162234
-0.0182 -0.0029 0.0092
-0.005711 0.048824 0.0
0.030779 -0.030022 -0.004446
0.022982 0.029666 -0.233589
0.034549 0.012124 -0.06327
0.028834 0.01949 -0.235981
0.02477 -0.0058 -0.0669
0.02511 -0.039379 -0.084388
-0.01647 0.0341 -0.0453
0.028856 0.005004 -0.291914
0.02054 -0.0282 -0.03
0.00578 0.047251 -0.297693
-0.009134 0.050498 -0.311411
0.005956 0.039109 -0.198524
0.0118 0.031 -0.36002
0.0071 0.00556 -0.2976
-0.022095 0.04816 -0.048088
-0.03 -0.04 0.0
0.034976 -0.0347 -0.026047
-0.00066 -0.05433 -0.03733
-0.0306 0.02744 -0.32862
-0.04976 -0.03856 -0.27575
0.026832 0.025368 -0.206008
0.03701 -0.026519 -0.016567
0.0335 0.0362 -0.0222
-0.016012 0.047509 -0.133691
0.023983 0.039748 -0.283513
0.035427 0.008295 -0.17056
0.019867 0.043838 -0.291302
0.01933 0.032707 -0.20164
-0.0525 -0.02306 -0.19107
-0.0173 -0.0261 -0.0018
0.037595 -0.01176 -0.004779
0.023071 -0.042211 -0.292631
0.04076 -0.0 -0.0222
0.00634 0.04732 -0.31242
0.037665 -0.024433 -0.065195
0.040435 -0.011344 -0.033907
0.00074 0.02656 -0.02348
-0.023 0.04285 -0.0166
0.026905 -0.03577 -0.2908
0.007368 0.040636 -0.25451
0.027605 -0.04347 0.001455
0.035864 -0.02695 -0.011135
-0.00931 -0.05418 -0.04352
0.025958 0.031961 -0.293433
0.02215 -0.027946 -0.201758
0.03233 0.03824 -0.05516
0.0277 0.04 0.0114
0.03321 0.000362 -0.208236
-0.0256 -0.04318 0.0114
0.026013 -0.023454 -0.230236
0.021788 -0.039895 -0.275512
0.037515 -0.02745 -0.054459
-0.01487 -0.0085 -0.0632
-0.000338 0.040897 -0.24977
0.004058 0.046226 -0.021239
0.035636 0.009084 0.001977
0.031414 0.018949 0.004221
0.0056 -0.01164 -0.29879
-0.0281 -0.02149 -0.35898
-0.006848 0.051486 -0.091377
-0.03537 -0.0429 -0.28059
-0.037012 0.041138 -0.256482
0.0106 -0.03232 -0.0114
0.0212 0.04 0.0212
-0.009872 0.050154 -0.304958
-0.023719 0.051643 -0.083713
0.035555 0.01789 -0.117617
0.031564 0.001135 -0.237063
0.030916 0.004202 0.009222
-0.01525 0.0414 -0.30003
0.014167 0.042828 -0.120391
0.0118 -0.02557 -0.35998
-0.02317 0.0307 -0.0078
-0.0195 -0.04243 0.0212
-0.015 0.03553 -0.0212
0.036043 0.021792 -0.0922
0.0106 0.03871 -0.0277
-0.0166 0.04 -0.0249
-0.03294 0.04144 -0.06728
-0.02 -0.02965 -0.30838
-0.01625 -0.0362 -0.0222
-0.0212 0.04 0.0212
0.010329 -0.039322 -0.259258
-0.0094 0.01119 -0.26881
-0.0277 0.03658 0.0
0.0106 0.03232 0.0114
-0.011659 0.042209 -0.360197
0.031305 -0.016569 -0.267576
0.038765 -0.021195 -0.02029
-0.007406 0.05185 -0.346334
0.0 -0.04831 -0.0114
-0.01147 0.0141 -0.0147
-0.0212 -0.03364 0.0
0.01625 0.02271 -0.36002
0.0153 0.03811 0.0249
-0.011899 0.052413 -0.081873
0.036075 -0.013044 -0.099155
-0.0222 -0.02966 -0.33078
-0.0083 0.02463 -0.34342
0.040028 -0.015158 -0.026098
0.02684 -0.0029 -0.0692
-0.0051 -0.02143 -0.29018
0.035816 0.031653 -0.020265
0.031076 0.029817 -0.004538
0.038983 0.021495 -0.024133
0.031377 -0.000875 -0.280012
0.008309 0.038179 -0.20446
-0.0041 -0.04123 -0.0294
-0.0119 -0.02149 -0.35898
-0.0173 -0.0261 -0.0582
0.039464 0.021845 -0.052742
0.031355 0.037232 -0.041811
0.026222 0.041539 -0.06761
0.031234 -0.01098 -0.225408
0.022832 -0.021469 -0.360089
0.036128 0.027388 -0.012903
0.016224 0.036277 -0.175981
0.02684 0.0029 0.0092
-0.01323 0.052588 -0.066185
0.03224 -0.0108 -0.0669
-0.032602 0.045843 -0.134869
0.026749 -0.023657 -0.190063
-0.04762 0.04087 -0.28088
-0.019954 0.045709 -0.294379
0.023402 0.041027 -0.289257
-0.01232 -0.00759 -0.29999
0.037169 0.025978 -0.072598
0.007228 0.040001 0.02907
0.029314 0.021074 -0.208011
-0.003683 0.048868 -0.113607
0.02956 -0.0341 -0.08783
-0.02195 0.0 -0.0692
0.028686 0.04 -0.008641
0.030089 -0.022497 -0.286281
0.0 0.03502 0.0249
0.019754 -0.035874 0.017885
0.038855 -0.009892 -0.009485
0.033261 -0.003961 -0.204739
0.03731 -0.0277 -0.0378
0.029101 0.024341 -0.260439
0.032295 0.00437 0.008165
0.040367 0.011266 -0.024142
0.020452 -0.02981 -0.193899
0.039605 0.010587 -0.014678
0.025882 0.015492 -0.36008
0.020168 0.046102 0.008608
0.003152 -0.038567 0.029416
0.0256 -0.03682 0.0114
0.011748 0.03889 -0.170343
-0.0043 0.04318 -0.0277
-0.0412 -0.00022 -0.2776
0.038517 -0.020391 -0.043468
0.038159 0.024571 -0.022184
-0.0041 0.04123 -0.0294
0.021765 -0.035456 0.014127
0.037799 0.017593 -0.330014
0.0 0.04 0.0
-0.04831 -0.03645 -0.26712
0.0176 -0.04528 -0.0166
0.035848 0.022621 -0.006276
-0.016345 0.047564 0.0
-0.020442 0.042738 -0.256681
0.033121 -0.032487 -0.048799
0.012215 0.045551 0.020116
0.022494 -0.040098 0.019732
0.01441 0.038267 -0.163082
-0.03288 -0.04988 -0.0553
-0.0395 0.01118 -0.28101
0.01793 0.0153 -0.03
-0.00838 -0.04719 -0.14772
0.029853 0.023756 -0.276872
0.035027 -0.008457 -0.158511
0.034297 0.030611 -0.011132
-0.0102 0.0 -0.0222
0.017923 -0.030861 -0.209374
0.008409 0.048435 0.005808
0.01905 0.01307 -0.36001
0.035565 -0.013032 -0.108265
-0.025626 0.041755 0.014151
0.032558 0.004891 -0.215612
-0.018755 0.041831 -0.194808
-0.03289 0.04122 -0.28812
-0.01579 -0.05096 -0.12859
-0.029226 0.047742 -0.062902
-0.026203 0.045963 -0.047484
0.014065 -0.04 0.026421
0.026814 -0.040097 0.013227
-0.0353 0.02466 -0.30742
0.015801 0.041233 -0.268914
0.029826 0.018777 -0.215457
0.034253 -0.025483 -0.004597
0.031567 0.038176 -0.022085
0.028632 0.041463 -0.031297
0.026288 0.028472 -0.17632
0.03742 0.029584 -0.060251
-0.0256 -0.03682 -0.0114
0.010146 0.046538 -0.317933
0.029626 -0.040128 -0.003898
0.005614 0.048779 -0.002907
0.034732 0.033258 -0.018384
0.040653 0.007517 -0.024137
0.024366 0.043093 0.014038
-0.04951 -0.02466 -0.28795
-0.005613 0.048727 0.004359
0.0 0.04342 0.0277
0.02145 0.04646 -0.04685
0.02535 0.043778 -0.033434
0.03324 -0.021039 0.000912
0.040713 -0.003759 -0.037811
0.0157 0.043165 0.023204
-0.0299 0.04 0.0
-0.02512 0.0085 -0.0632
0.037921 -0.012232 -0.006285
-0.0412 -0.00029 -0.3624
0.024373 0.037503 -0.293764
-0.00727 -0.03065 -0.01741
-0.0317 0.02463 -0.34342
0.01596 0.034688 -0.227241
0.0054 0.03934 -0.0294
0.027317 0.026764 -0.182533
0.0 0.04636 -0.0212
-0.04099 -0.0454 -0.06123
0.02032 -0.030695 -0.242567
0.015 0.04 0.02598
0.02117 0.0261 -0.0453
-0.01077 0.0 -0.0147
0.017436 -0.038699 -0.128076
0.037362 -0.018146 -0.007738
0.029961 0.025187 -0.163751
-0.008769 0.049262 -0.028757
0.035563 0.017653 -0.00175
-0.019261 0.040991 -0.220227
0.033647 -0.036638 -0.033909
-0.05871 -0.02975 -0.07867
-0.019668 0.052241 -0.079851
0.026694 0.027377 -0.293335
-0.02 -0.00601 -0.2612
-0.021389 0.046672 -0.279656
-0.009437 0.04612 -0.142572
-0.01805 0.0 0.0092
-0.01307 0.0277 -0.0378
0.036725 -0.017211 -0.004707
0.031046 0.025489 -0.14596
-0.001076 0.044621 0.025653
0.024515 0.027678 -0.227521
0.022236 0.030321 -0.207934
-0.02 0.00559 -0.2612
0.02409 0.045107 -0.005843
-0.02 0.02746 -0.29722
0.035762 0.031148 -0.018394
0.034289 -0.007165 0.005112
0.027948 0.03791 -0.346313
-0.025536 0.049352 -0.115226
-0.02 -0.02513 -0.28678
0.0017 0.048915 -0.316963
-0.0528 0.01694 -0.2393
0.013072 0.0422 -0.310075
-0.02352 -0.0341 -0.0147
0.023 0.03715 -0.0166
0.035448 -0.000222 -0.172719
-0.0081 -0.04585 0.0212
0.040435 0.011344 -0.026093
0.0054 0.03934 0.0294
-0.0271 -0.04336 0.0058
0.02489 0.02805 -0.29738
0.029 0.0369 -0.0147
-0.004072 0.042901 -0.167663
0.0215 0.03171 -0.23965
-0.02392 0.0157 -0.0632
-0.01002 0.0 -0.03
-0.0306 0.01119 -0.26881
0.03281 0.0307 -0.0522
-0.018742 0.042124 -0.18896
0.017905 0.034376 -0.188532
0.04097 0.0 -0.03
-0.036852 0.03909 -0.247586
0.010907 0.047954 0.008605
0.030084 -0.019038 -0.258227
0.012403 0.040325 -0.259004
-0.0298 0.0 -0.0222
0.033122 0.032487 -0.048799
0.021331 0.04626 -0.052193
0.0063 0.04459 -0.0249
0.031946 0.013434 -0.208077
0.039128 -0.010243 -0.011212
0.033307 -0.015826 -0.145228
0.037406 -0.027843 -0.024147
-0.02102 0.046362 -0.002903
-0.0106 -0.04768 -0.0114
0.028354 -0.021325 -0.250006
0.039792 -0.003534 -0.012946
0.037547 0.007758 -0.10628
-0.005689 0.047371 -0.286287
0.034549 -0.004265 0.005161
0.016746 0.047355 -0.06442
0.036397 -0.000639 -0.151747
-0.016027 0.041075 -0.227598
0.034165 -0.020858 -0.098181
0.020169 0.046104 -0.008609
-0.0128 0.0425 -0.30463
-0.0173 0.0108 -0.0669
-0.01627 0.049 -0.12109
-0.0353 -0.02514 -0.30738
0.032184 0.019346 0.003289
-0.010944 0.041629 -0.249696
0.003265 0.042477 0.028639
0.029097 0.027204 -0.156427
-0.0471 -0.00604 -0.2976
0.018799 -0.051458 -0.023259
0.03067 -0.02098 -0.27539
0.029 0.0399 -0.03
0.02987 0.0072 -0.0692
0.027341 0.033165 -0.286323
0.026045 -0.035044 -0.101658
-0.027213 0.045666 -0.291424
0.0 0.04897 0.0
0.0395 0.018886 -0.058054
0.040133 -0.011266 -0.020305
-0.020169 0.046104 0.008609
0.007532 0.041915 -0.261943
-0.0254 -0.02965 -0.31558
-0.03225 0.02276 -0.30002
-0.046591 0.042949 -0.109265
0.02645 0.0205 0.0032
0.007 -0.03729 -0.35997
-0.029855 0.0408 -0.24837
-0.01254 0.04833 -0.31937
-0.0195 0.04585 -0.0114
0.0195 0.03415 0.0114
0.037251 0.027319 -0.020317
0.036375 0.028632 -0.016501
-0.0063 -0.04459 0.0249
-0.003128 0.049722 -0.32245
0.012819 0.040292 -0.149055
0.014574 0.049208 -0.043918
-0.0227 0.0108 -0.0669
0.02477 0.0058 -0.0669
0.02576 -0.0108 -0.0669
0.031817 -0.006619 -0.268236
0.01029 0.04458 -0.33726
-0.02 -0.02794 -0.29718
0.037304 -0.005409 -0.001749
0.0071 -0.00607 -0.3424
0.036298 -0.007542 0.000771
0.030372 0.039438 -0.026086
0.036871 -0.00081 -0.130243
0.012834 0.04514 -0.31119
0.035822 0.032137 -0.022142
-0.0249 0.04 0.0166
0.024948 -0.026282 -0.184242
0.0071 0.00553 -0.3424
0.039537 0.0 0.022833
0.027812 -0.020591 -0.224005
-0.0263 0.02462 -0.35062
0.023841 -0.032017 -0.137925
0.034727 -0.027234 -0.007663
0.00531 0.048166 0.011423
0.032973 0.023274 -0.000383
0.006801 0.050579 -0.034431
0.03825 -0.024712 -0.024133
-0.038778 0.035846 -0.208299
0.040288 -0.0 -0.016571
0.036686 -0.000612 -0.139907
0.00776 -0.04 0.02898
-0.0314 -0.02795 -0.31998
0.030919 0.009884 -0.243615
-0.0153 -0.03811 -0.0249
0.009847 0.046872 -0.312877
-0.02375 0.0362 -0.0222
-0.015 -0.0199 -0.0018
0.01279 0.04122 -0.32357
0.035518 -0.004257 0.003254
0.0277 -0.03658 0.0
0.03116 0.0029 0.0092
0.038478 -0.020567 -0.016528
0.03155 -0.010828 -0.279463
-0.0254 -0.02966 -0.32438
-0.02692 -0.0277 -0.0222
-0.000936 0.05192 -0.071325
-0.024325 0.051488 -0.075884
0.016157 0.047556 -0.002908
0.00182 -0.03592 -0.35997
-0.0449 0.01635 -0.32001
0.010639 0.044707 0.023134
0.023086 0.044894 0.01009
0.021574 0.033968 -0.162503
0.034876 -0.012653 -0.128122
0.037846 -0.01947 -0.01118
-0.02 -0.00021 -0.2602
0.034959 -0.034926 -0.029997
-0.01509 0.046958 0.011432
0.012969 0.044902 -0.318595
0.009635 0.042202 -0.36019
0.024847 -0.04068 -0.290457
0.039398 0.010242 -0.012944
0.029255 -0.027892 -0.282669
-0.03898 0.03664 -0.19558
0.02318 0.029143 -0.221265
-0.02652 -0.0108 -0.0018
0.0 -0.03118 0.0058
-0.03225 -0.01729 -0.35999
0.037425 -0.001053 -0.106082
-0.03064 0.04689 -0.28529
0.003162 -0.035861 0.026383
0.020503 0.043923 -0.0776
-0.025121 0.049943 -0.063519
0.034945 0.034773 -0.028044
0.01218 0.0414 -0.30003
-0.0043 -0.03682 0.0277
0.023762 0.043558 -0.064971
-0.02587 0.0235 -0.0522
-0.015753 0.046018 -0.146291
-0.020759 0.044027 -0.264342
-0.01894 0.0414 -0.03268
0.026746 0.035718 -0.103964
0.015 -0.04447 -0.0212
0.035516 0.004257 0.003253
0.005175 0.04212 0.028681
-0.0182 -0.0029 -0.0692
0.028608 -0.041925 0.005888
-0.005168 0.04049 -0.226694
-0.02652 -0.0261 -0.0453
-0.013541 0.042791 0.024985
0.02637 -0.038293 0.012918
0.0249 -0.04 0.0166
0.037908 0.026199 -0.06726
0.0 0.048136 0.012706
-0.010049 0.041577 -0.200508
-0.0137 0.02467 -0.28942
0.031563 -0.01493 -0.192076
0.031349 -0.016064 -0.27572
0.0299 0.04 0.0
-0.0182 0.0029 0.0092
0.033331 -0.028668 -0.084872
-0.015 -0.0199 -0.0582
-0.02 0.0369 -0.0453
0.012712 0.049461 -0.060651
0.028103 0.014739 0.006999
0.038692 0.008296 -0.083867
0.0112 -0.04813 -0.0058
0.040026 0.003533 -0.014678
0.038598 -0.000562 -0.084408
0.03017 0.02321 -0.17827
0.02903 0.041907 -0.002876
0.03528 -0.021872 -0.087608
0.011561 -0.053743 -0.027249
-0.0312 -0.00601 -0.2658
0.014721 0.046234 -0.08705
0.03371 -0.0157 0.0032
-0.02598 0.04 -0.015
0.0043 -0.04318 0.0277
0.031588 0.008037 -0.268339
0.03169 0.002209 -0.260229
-0.0312 0.00559 -0.2658
0.027938 -0.038228 0.008793
0.02992 0.020792 -0.26022
-0.0456 0.01116 -0.29881
0.009445 0.038654 -0.244255
0.03616 -0.005055 -0.142226
0.039596 0.021429 -0.049117
0.019179 0.034246 -0.360147
0.0041 0.03877 -0.0294
0.023945 0.0324 -0.15902
0.033643 0.036788 -0.031955
0.028848 0.041935 -0.004386
0.040877 0.00376 -0.026093
0.01863 -0.04155 -0.27593
-0.01787 0.0205 -0.0632
0.011937 0.045265 -0.284876
-0.0086 0.02745 -0.32002
-0.01625 0.0362 -0.0222
0.03605 0.0235 -0.0522
-0.02905 -0.015 -0.0378
-0.0094 -0.0117 -0.37119
0.03683 -0.0108 -0.0018
0.022559 -0.036014 -0.115458
0.03828 0.0 -0.055217
0.031567 -0.038176 -0.037915
0.005663 0.048811 -0.001454
0.038761 -0.009605 -0.064509
0.026834 0.042047 -0.061755
0.038341 -0.024912 -0.031953
0.040811 0.022023 0.01289
0.036745 0.030092 -0.024115
0.027738 0.026098 -0.29113
0.038158 0.008177 -0.091761
0.03999 0.011044 -0.041573
0.028925 0.02961 -0.13279
0.0112 0.03187 0.0058
-0.002031 0.0472 0.017784
-0.036 0.00276 -0.3
0.031533 -0.007288 -0.23202
0.02576 0.0108 -0.0669
-0.06047 0.01686 -0.08528
-0.0063 -0.03541 0.0249
0.039242 0.022661 -0.05998
0.035639 -0.0314 -0.018324
0.039637 -0.018449 -0.031956
0.038668 0.016492 -0.012932
0.032616 0.037267 -0.022125
0.040439 -0.007292 -0.039698
0.03074 0.0141 0.0069
0.035092 -0.036523 -0.053857
0.0041 0.03877 0.0294
0.005673 0.042536 -0.360217
0.01227 0.048609 -0.071296
0.017629 0.044693 -0.087057
0.02429 -0.0157 -0.0632
0.007388 0.048188 -0.098035
-0.005455 0.040738 -0.241906
0.009381 0.046665 -0.293163
0.021033 0.042628 -0.286779
0.0 -0.04 0.03
0.039665 0.006715 -0.012934
0.0056 -0.01167 -0.34119
0.016502 0.036653 -0.169421
0.021311 0.042714 0.018953
0.022099 0.045426 -0.029962
-0.01823 0.04459 -0.04816
-0.02375 -0.0362 -0.0378
0.037473 0.012358 -0.0991
-0.016257 0.047522 -0.002914
0.01905 -0.00764 -0.35999
-0.02616 0.04459 -0.04207
0.01378 0.0365 -0.23872
-0.02555 0.0 0.0032
0.03356 0.017819 -0.164788
-0.02 -0.0078 -0.0692
0.024698 -0.048311 -0.038424
0.023088 0.040452 -0.293902
0.03667 0.005642 -0.346537
0.03123 0.017363 0.005178
0.018269 0.033128 -0.215758
-0.03953 -0.03926 -0.07574
0.036591 -0.002709 0.000772
0.0395 0.022022 0.016361
0.013737 0.047882 0.00436
-0.0178 -0.02965 -0.30918
0.0204 0.044287 0.016702
0.022892 0.040696 0.019146
0.024626 0.0442 0.010092
-0.041294 0.046182 -0.102995
0.032792 -0.008311 0.006954
-0.008 0.04276 -0.30003
0.032893 -0.040151 -0.049796
0.0117 0.04351 0.0249
0.031276 0.005581 -0.243822
0.031541 0.012473 0.006972
0.02684 0.0029 -0.0692
0.030187 -0.043392 -0.045715
-0.01647 0.0058 0.0069
0.029 0.039733 -0.026084
0.013585 0.046264 -0.016646
0.009703 0.03767 -0.233184
0.033376 -0.02042 -0.346418
0.02325 -0.04874 -0.04806
0.031159 0.013382 -0.268333
0.008477 -0.035308 0.024038
-0.0227 -0.0261 -0.0582
-0.01412 -0.0235 -0.0078
0.01449 0.03524 -0.21651
-0.01084 0.04322 -0.33427
0.005829 0.038893 -0.20515
0.02429 0.0157 -0.0632
0.03683 -0.0108 -0.0582
0.033836 0.015446 -0.175309
0.035254 0.017997 -0.124452
0.035119 0.00427 -0.181218
0.0 0.04 -0.0299
-0.01558 0.04271 -0.30451
0.009392 -0.035428 -0.202652
-0.008052 0.050432 -0.317458
-0.0112 -0.03187 0.0058
0.02721 -0.010417 -0.297434
0.020343 0.04198 -0.096484
0.024296 0.044533 -0.054283
0.025474 0.027131 -0.205922
-0.02652 0.0108 -0.0018
0.034845 0.031668 -0.070406
-0.02705 0.0 -0.0018
0.013211 0.042264 -0.308913
0.029623 -0.024702 -0.269566
0.03515 -0.0085 -0.0632
0.037251 -0.027319 -0.039683
0.005672 0.047397 -0.305385
0.03281 0.0307 -0.0078
-0.0095 -0.0469 0.0166
-0.0106 0.04768 -0.0114
0.019391 0.043473 -0.28708
0.0212 0.04 -0.0212
0.0166 0.04 0.0249
0.0236 0.03893 -0.27795
-0.0106 -0.03232 0.0114
-0.01347 -0.0261 -0.0147
0.035521 0.03221 -0.064506
0.026298 0.03324 -0.268876
0.013943 0.043909 -0.279056
-0.025246 0.04643 -0.27899
-0.021258 0.047583 -0.285808
0.0117 -0.03649 -0.0249
0.034897 -0.016841 -0.103333
-0.02 0.0282 -0.0018
-0.0195 -0.04243 -0.0212
0.031987 -0.023375 -0.060797
0.025694 0.02839 -0.184646
-0.01917 -0.05384 -0.05927
0.023241 -0.036707 -0.107571
-0.0212 0.04 -0.0212
-0.01122 0.042531 0.026431
0.0054 0.04066 0.0294
-0.02629 -0.0486 -0.04211
-0.02141 0.044678 0.014081
0.039032 0.017368 -0.01654
0.03 0.04 0.0
0.03714 -0.030626 -0.052563
-0.022196 0.041138 -0.201136
0.031814 -0.023252 -0.114005
0.029446 0.02329 -0.187544
0.037852 -0.023382 -0.043456
-0.005614 0.048441 -0.008621
0.027304 0.042906 -0.051012
0.025262 0.038821 -0.092325
0.035818 0.014344 -0.000451
0.025027 -0.039009 -0.281719
0.009029 0.039356 -0.177592
-0.00075 -0.03588 -0.29997
-0.004341 0.042259 -0.299864
-0.0119 -0.02142 -0.28098
0.023186 -0.033115 -0.259023
0.031149 0.009044 0.008216
0.000224 0.039729 -0.226244
-0.00733 0.052081 -0.04596
-0.01523 0.04337 -0.17153
0.013332 0.04315 -0.313418
0.031355 -0.037232 -0.018189
0.016055 -0.037565 -0.259273
-0.023884 0.0476 -0.288963
0.027989 0.021802 -0.228981
0.02023 0.04096 -0.10592
0.030798 0.033238 -0.346551
0.017825 0.033599 -0.226863
0.0245 0.0362 -0.0222
0.02441 0.0 0.0069
-0.01625 -0.0362 -0.0378
0.039376 0.011676 -0.058389
0.00238 0.047432 0.016623
-0.013324 0.048486 -0.314912
0.02685 0.029625 -0.260046
0.02477 -0.0341 -0.0453
-0.014503 0.048619 -0.306939
-0.0094 0.02745 -0.31142
0.03332 0.008972 -0.20074
0.032653 0.030141 -0.090237
0.04076 0.007592 -0.028045
-0.0471 -0.00607 -0.3424
-0.02652 0.0108 -0.0582
-0.01113 -0.04545 -0.03881
0.03683 0.0108 -0.0018
-0.02705 0.0 -0.0582
-0.06414 0.01706 -0.13229
0.008808 0.046435 0.018916
0.029 0.035216 -0.011161
-0.0137 -0.02518 -0.35058
-0.010669 0.040894 -0.234516
0.0 0.04342 -0.0277
-0.028278 0.047825 -0.289559
0.039586 -0.018426 -0.026089
-0.03096 -0.03657 -0.24194
0.03323 0.0058 0.0069
0.029944 0.021609 -0.28262
0.035914 0.032361 -0.035916
-0.02352 -0.0058 -0.0669
0.014178 -0.033736 -0.195115
0.034561 -0.032827 -0.016474
-0.028677 0.047152 -0.131053
0.039442 0.007687 -0.063811
0.031026 -0.000562 -0.283371
0.027467 0.036533 0.002908
0.036856 0.012168 -0.115763
0.0219 -0.02772 -0.21734
0.02266 -0.042617 -0.288191
-0.04432 -0.01372 -0.28796
-0.02 0.0282 -0.0582
0.003155 0.044868 0.02494
0.027772 0.042541 -0.046775
0.033817 0.023093 -0.058342
0.009627 0.045636 -0.335889
0.02303 0.042012 -0.080256
-0.01805 0.0 -0.0692
0.040028 0.015158 -0.026098
-0.05266 0.02666 -0.07649
0.026889 0.005351 -0.299938
0.026751 0.007896 -0.360093
0.039538 0.012403 -0.066649
0.019087 0.035386 -0.165969
0.033259 0.015671 -0.18395
0.018449 -0.031257 -0.194315
-0.01257 -0.03932 -0.02429
0.0 -0.03169 -0.0114
0.03064 0.013836 -0.229448
-0.03505 0.01311 -0.30001
0.031929 -0.015251 -0.182217
0.036167 0.028201 -0.045367
0.02968 0.024472 -0.279875
0.033044 0.020681 -0.154868
0.028058 0.018309 0.005364
0.017029 0.041242 -0.120386
0.033527 0.020333 0.000867
0.033635 -0.036785 -0.028045
0.0 -0.04747 0.0166
-0.01836 -0.04861 -0.04821
-0.05524 0.00181 -0.2438
0.029 0.0153 -0.0669
-0.02852 -0.0141 -0.0453
0.035953 0.026743 -0.011168
-0.0005 0.01111 -0.35901
0.031861 -0.010922 -0.211266
0.017336 0.043862 -0.284561
-0.0136 -0.04378 -0.27522
-0.0157 0.02743 -0.34122
0.02694 -0.02098 -0.2975
0.013005 0.044712 -0.326312
0.029 0.0 -0.0699
-0.01221 0.048212 -0.321373
0.040477 -0.0 -0.018444
0.035506 0.0172 -0.313483
0.039752 -0.014781 -0.03968
0.039319 0.017995 -0.039696
0.02195 -0.0235 -0.0522
0.036508 -0.00918 -0.104068
0.031834 -0.003467 -0.22994
0.016044 0.047409 0.005819
0.032428 0.018269 -0.182066
-0.034037 0.03762 -0.220624
0.028315 -0.038123 0.007351
0.03759 -0.000931 -0.101627
0.03683 0.0108 -0.0582
0.02889 0.02295 -0.28855
0.02813 -0.0072 0.0092
-0.0102 0.0 -0.0378
0.037406 0.027843 -0.035853
0.020311 -0.038278 -0.113462
-0.02 -0.01689 -0.36979
0.031471 -0.042804 -0.036106
0.007414 0.047398 0.015333
0.02117 -0.0261 -0.0453
0.0195 -0.03415 -0.0114
0.025413 0.036649 -0.27776
-0.0295 0.01631 -0.36601
-0.026732 0.041555 -0.251138
0.019666 0.039446 -0.268816
0.034438 0.021512 -0.001707
0.021817 -0.028155 -0.230027
0.01296 0.0455 -0.30444
0.020331 -0.035377 -0.259275
0.013825 -0.033469 -0.202395
-0.0117 -0.04351 0.0249
0.030945 0.013701 -0.222472
0.0189 0.04411 -0.29557
0.00175 0.03912 -0.29786
-0.004681 0.041104 -0.199759
0.040634 -0.0 -0.020321
-0.0278 -0.02552 -0.29998
0.040084 -0.007292 -0.016544
0.02381 0.039354 -0.280728
-0.023 -0.03715 -0.0166
-0.01787 -0.0205 -0.0632
0.039423 0.006365 -0.011202
-0.0166 0.04 0.0249
0.03725 0.027319 -0.039682
0.020334 -0.032157 -0.16583
0.01703 0.0 -0.03
0.041147 0.021693 0.009315
-0.0083 0.02466 -0.29662
0.03168 -0.00212 -0.260434
0.0153 -0.04189 -0.0249
0.03027 0.006355 0.009226
0.008201 0.038055 -0.211088
0.035826 0.011482 0.000785
-0.001492 0.044759 -0.340589
0.0208 -0.04624 -0.0058
0.019039 0.037554 -0.25924
-0.036832 0.04568 -0.072826
-0.024896 0.04527 -0.293616
0.028139 0.030665 -0.283254
-0.015493 0.044636 -0.158905
0.0277 -0.04 0.0114
0.0095 -0.0331 0.0166
-0.0278 0.03105 -0.30002
0.034289 0.007165 -0.065112
-0.0041 0.03877 -0.0294
0.031234 0.028022 -0.116618
-0.005714 0.048791 -0.002907
0.039084 0.003336 -0.055186
0.039055 -0.021575 -0.03391
-0.0005 -0.01169 -0.35899
0.0314 0.006057 -0.251924
0.0022 -0.04162 -0.0294
0.039875 -0.007063 -0.01467
0.031415 0.025431 -0.139122
0.031313 0.009594 -0.229675
0.0058 0.04 -0.0294
0.035639 0.0314 -0.041676
0.037317 0.003469 -0.118264
-0.04849 0.01603 -0.08746
0.023 0.04285 -0.0166
0.029 -0.0222 -0.0632
0.032526 0.020632 -0.163206
-0.0166 -0.04 -0.0249
-0.0212 -0.04 0.0212
0.03709 0.003656 -0.127918
0.038299 -0.020154 -0.014656
-0.01936 0.041004 -0.239528
0.0106 -0.04768 0.0114
-0.0222 0.02915 -0.30922
-0.0094 0.02744 -0.32862
0.017455 0.03777 0.023122
0.04077 -0.007665 -0.03
0.008033 0.043489 0.026404
0.040436 -0.003535 -0.041572
-0.03294 0.04563 -0.2777
-0.02382 -0.0369 -0.03
-0.0041 0.03877 0.0294
0.031698 0.033797 -0.079869
0.03116 0.0029 -0.0692
-0.011547 0.048843 -0.295378
0.029754 0.030316 -0.116112
0.038325 -0.024792 -0.033909
0.039211 -0.017598 -0.041578
0.008129 0.050388 -0.067516
0.018491 0.04727 -0.034097
0.025718 0.041578 0.014249
0.0022 -0.04162 0.0294
0.034862 0.014965 -0.158023
0.033642 0.036787 -0.028045
-0.0058 0.04 -0.0294
0.0058 0.04 0.0294
0.021765 0.044544 0.014127
-0.02072 -0.0072 0.0092
-0.025 -0.0199 -0.0582
0.030506 0.016265 -0.282667
-0.0256 0.04318 0.0114
-0.016044 0.047409 -0.005819
0.02726 0.0141 -0.0669
-0.01906 -0.03786 -0.21915
-0.02598 -0.04 0.015
-0.0298 0.0 -0.0378
0.0041 0.04123 -0.0294
0.032622 0.028481 -0.004729
0.038876 -0.021408 -0.037823
-0.0212 -0.04636 0.0
0.022228 0.044689 0.012809
0.029131 -0.038986 0.005863
-0.016157 0.047556 0.002908
-0.01147 -0.0141 -0.0147
0.028965 0.025888 -0.28589
0.026112 0.030958 -0.260091
-0.00996 0.04913 -0.117373
-0.0395 -0.01162 -0.28099
0.0 0.04498 0.0249
0.031533 -0.008181 0.008182
0.0118 0.03105 -0.30002
0.03228 0.02343 -0.14494
-0.02 0.0222 0.0032
0.0 -0.04498 0.0249
0.018189 -0.040128 0.023704
0.037462 0.027975 -0.026097
0.03455 -0.012124 -0.063271
0.0061 0.03939 -0.1919
-0.0058 0.04 0.0294
-0.015 0.04 -0.02598
0.027 0.00276 -0.3
0.037904 0.00356 -0.098926
0.014065 0.04 0.026421
-0.005073 0.040673 -0.219319
0.011714 0.043759 -0.336077
0.029226 -0.02404 -0.26382
-0.024783 0.051038 -0.069139
-0.0043 -0.03682 -0.0277
0.037353 -0.012946 -0.084783
0.036542 0.008565 -0.346561
0.0041 0.04123 0.0294
0.032186 -0.007411 -0.216198
0.022461 -0.049675 -0.026027
0.03848 0.02637 -0.0619
-0.0047 0.02466 -0.30742
0.027408 -0.024073 -0.173453
0.038974 0.016037 -0.073941
0.03515 0.0085 0.0032
0.02141 0.044678 -0.014081
-0.019444 0.041424 -0.246881
0.0 0.048612 0.008604
0.02695 0.038212 0.011549
0.031985 -0.039878 -0.060434
0.033637 0.000323 -0.202779
0.01991 -0.029345 -0.217247
0.034889 0.020501 -0.114192
0.0081 0.03415 -0.0212
-0.03505 -0.00759 -0.29999
-0.0376 0.01637 -0.28481
-0.05697 -0.02464 -0.28096
-0.0182 0.0029 -0.0692
-0.0088 0.0055 -0.3742
0.0 0.048937 -0.002901
0.032355 -0.015449 -0.171721
0.039576 0.015837 -0.064457
0.009239 0.039795 -0.170539
-0.01862 -0.0055 0.0092
0.038539 -0.004767 -0.080818
0.027684 -0.034796 -0.288711
-0.04746 -0.03925 -0.06965
-0.0119 0.045379 -0.272679
0.010387 0.043106 -0.338021
0.02308 -0.04141 -0.29697
-0.0106 -0.03871 0.0277
0.025126 0.023903 -0.297381
-0.00531 0.048166 -0.011423
-0.0408 -0.00602 -0.2784
-0.04859 0.02963 -0.19544
0.00446 0.01593 -0.01862
0.00307 0.04589 -0.33876
0.038857 0.003787 -0.083122
0.02939 -0.043199 -0.056356
0.038299 0.020154 -0.045344
0.026827 -0.035832 -0.093775
0.029 0.025316 0.000839
0.039435 0.014331 -0.01657
-0.0408 0.00558 -0.2784
0.03116 -0.0029 0.0092
0.031987 -0.023375 0.000797
0.033659 -0.010793 0.005189
0.036224 0.012084 -0.139416
-0.0106 0.03232 0.0114
0.038782 0.006362 -0.052242
0.016026 -0.039002 0.025029
0.029735 -0.02525 -0.127983
-0.013713 0.048559 -0.312682
-0.020265 0.052138 -0.07203
0.036003 -0.027072 -0.07447
0.00544 0.04741 -0.30304
0.00471 0.04665 -0.33402
-0.01232 0.01311 -0.30001
-0.00341 0.048766 -0.331346
0.0043 -0.04318 -0.0277
0.026549 -0.005057 -0.360057
0.040857 0.0 -0.024149
0.03986 -0.015 -0.0378
0.03155 0.0205 -0.0632
0.038095 0.003685 -0.094479
0.037848 -0.027548 -0.049272
0.010763 0.042704 -0.134811
0.004365 0.042202 -0.36019
-0.02 -0.0222 -0.0632
-0.02375 0.0362 -0.0378
0.033543 -0.020334 -0.060869
-0.01077 -0.0153 -0.03
0.011727 0.038698 -0.248943
0.028637 0.027841 -0.286009
-0.04698 0.02909 -0.22168
-0.0395 0.02096 -0.30382
-0.0456 0.01113 -0.34121
0.0368 -0.017858 -0.083259
0.028895 -0.028746 -0.278947
-0.00719 0.02657 -0.01738
-0.02692 -0.0277 -0.0378
-0.012561 0.052638 -0.074053
-0.0299 -0.04 0.0
0.038609 0.002708 -0.006254
0.0069 0.04107 -0.16367
0.033826 -0.039915 -0.039698
0.022115 0.045723 -0.007227
0.037023 -0.021507 -0.009465
0.0153 0.04189 0.0249
0.038603 -0.006255 -0.329991
0.026596 0.032639 -0.291282
0.039 -0.000652 -0.060607
0.022674 0.044799 -0.011482
0.036733 -0.009065 -0.099614
-0.009021 0.045385 0.022177
0.0 -0.03364 -0.0212
0.037489 0.02251 -0.012928
0.015 -0.04 0.02598
-0.034127 0.038748 -0.195033
0.0335 -0.0362 -0.0378
-0.0241 0.02914 -0.32822
-0.015 0.03553 0.0212
0.036401 -0.013173 -0.094505
-0.02 0.01119 -0.26461
0.037817 -0.008929 -0.085237
-0.01855 0.0141 -0.0669
0.031271 -0.01579 -0.279153
0.032183 0.029189 -0.09946
0.010639 -0.035293 0.023134
0.0081 -0.04243 0.0277
0.031505 0.039221 -0.034774
-0.0124 0.043 -0.32112
-0.0081 0.04243 0.0277
0.0063 0.04459 0.0249
0.0273 -0.043437 0.004357
0.028504 0.039277 -0.07022
-0.02204 -0.002 -0.05305
0.013915 0.037431 -0.176694
0.034436 0.017833 -0.060752
0.0 0.03364 -0.0212
-0.0047 -0.02514 -0.30738
0.013873 0.036009 -0.233176
-0.010473 0.049953 -0.300862
-0.004966 0.040767 -0.2127
0.030063 0.027416 -0.140133
0.023 -0.04285 -0.0166
0.000315 0.039869 -0.218867
0.0054 -0.04066 0.0294
0.036076 0.015386 -0.00173
0.015736 -0.03549 -0.166268
-0.02 0.01638 -0.27021
0.036644 -0.029945 -0.022163
0.026588 0.024578 -0.235729
0.037151 0.026926 -0.018439
0.007206 0.03952 -0.24704
-0.05146 -0.02276 -0.23909
-0.008 0.00271 -0.36
0.017866 0.043196 -0.281564
0.025626 0.038245 0.014151
0.040641 -0.021988 0.01335
0.030869 0.039949 -0.044617
0.011825 0.045828 -0.320788
-0.0094 0.0111 -0.37121
-0.0005 -0.01162 -0.28099
-0.023383 0.045074 0.008642
-0.05683 0.00079 -0.20018
0.031002 -0.01077 -0.248342
0.040722 -0.007518 -0.033909
0.039608 -0.010587 -0.014678
-0.0499 -0.00025 -0.32
-0.023 -0.04285 -0.0166
-0.03898 0.047434 -0.093497
0.036279 0.011506 -0.313476
-0.0 0.045732 -0.023073
0.005566 0.046991 -0.329069
0.037948 -0.023965 -0.018415
0.0336 0.036439 -0.024142
0.036728 -0.030165 -0.024106
0.032579 0.013288 -0.200658
-0.023 -0.04285 0.0166
0.0322 0.032464 -0.009327
-0.01617 0.0 -0.0669
0.0154 0.04487 -0.29998
0.010057 0.047342 0.014009
0.03923 -0.0141 -0.0453
-0.00776 0.04 -0.02898
-0.003265 0.042476 0.028638
0.030116 -0.01272 -0.289892
-0.01488 -0.0451 -0.28606
0.031987 0.023374 0.000796
0.028696 -0.023311 -0.258125
-0.0153 0.03811 0.0249
0.008765 -0.035122 -0.217208
0.014189 0.037798 -0.170133
0.030473 0.0404 -0.048867
0.01796 -0.04042 -0.11145
-0.01647 -0.0341 -0.0147
0.032715 0.037524 -0.024077
0.037009 -0.026518 -0.043433
0.033832 -0.011999 -0.16512
0.038874 0.021408 -0.037823
-0.0277 0.04 0.0114
-0.005883 0.04881 -0.298002
0.036349 -0.021794 0.021864
-0.01625 0.0362 -0.0378
0.006 -0.03188 -0.29997
0.018131 0.035828 -0.360125
-0.01445 0.0 0.0032
0.01332 -0.04457 -0.282071
0.036542 -0.003119 -0.34655
0.029 0.01884 0.005218
-0.0159 -0.02966 -0.32818
0.037462 0.027975 -0.033903
-0.026342 0.0503 -0.103225
0.038517 0.020391 -0.016532
0.035288 0.014982 -0.14968
0.034728 -0.027234 -0.052338
-0.025063 0.047151 -0.28517
0.04007 -0.0153 -0.03
0.0277 0.04342 0.0
0.035516 -0.004257 -0.063253
-0.0195 -0.03415 -0.0114
0.0195 -0.04585 0.0114
0.026414 0.036655 0.00862
-0.019947 0.04787 -0.130549
0.03821 0.0127 -0.0078
0.011968 0.039359 -0.163291
0.034723 0.018873 -0.000515
0.03843 -0.016144 -0.048798
0.029 -0.0399 -0.03
0.040023 0.003533 -0.045321
-0.021104 0.045377 0.011452
0.038606 0.016035 -0.077388
0.0161 -0.04238 -0.107058
-0.022 -0.03193 -0.35997
-0.02852 0.0141 -0.0147
0.038784 -0.009606 -0.069492
0.02195 0.0235 -0.0522
-0.00714 -0.02552 -0.29998
-0.0249 -0.04 0.0166
0.013323 0.044059 0.023088
0.018775 0.042863 -0.281341
-0.0005 0.02096 -0.30382
0.02117 -0.0261 -0.0147
0.0081 -0.04585 0.0212
0.0 -0.04897 0.0
-0.0081 0.04585 -0.0212
0.020821 0.042368 -0.283825
0.034921 -0.034508 -0.024082
-0.0312 -0.0061 -0.3742
0.024919 0.044441 -0.044691
0.030529 -0.000248 -0.286714
0.039074 -0.021696 -0.031955
-0.016897 0.04414 -0.265036
0.033467 0.002904 0.006944
0.037229 0.011282 -0.003285
-0.0119 0.02743 -0.33622
0.028164 0.022164 -0.290828
-0.0471 0.00556 -0.2976
0.023486 0.044962 0.008694
0.020495 0.041317 0.021372
0.043513 4e-06 0.014767
0.038919 -0.003182 -0.052231
0.027624 -0.033629 -0.282136
-0.02462 0.043812 -0.263665
0.0106 0.04768 0.0114
0.0 0.04636 0.0212
-0.010906 0.047952 0.008604
0.039055 -0.021746 -0.028041
-0.01493 0.04865 -0.30343
0.023646 -0.041955 -0.290417
0.03961 0.014559 -0.041556
0.021495 0.042823 -0.292458
0.015403 0.047253 -0.008629
0.0249 0.04 0.0166
0.006209 0.037151 0.027742
0.020312 0.041373 -0.278384
0.02519 0.0307 -0.0522
0.026751 -0.002421 -0.299907
0.035344 0.028633 -0.076839
-0.005664 0.048821 -0.295318
-0.00372 -0.04446 -0.27717
-0.01502 0.0199 -0.0018
-0.00631 0.050811 -0.097797
-0.0173 -0.0108 -0.0669
-0.02922 0.0153 -0.03
0.034625 0.002905 0.00516
0.023066 0.041182 -0.291668
0.023 -0.03715 0.0166
0.02632 -0.00764 -0.35999
0.026768 0.043364 0.007213
0.0 -0.03253 0.0166
0.022486 0.04134 0.019169
0.032556 -0.011274 -0.195957
0.03882 -0.017135 -0.01467
0.008464 0.048565 -0.002906
0.0081 0.04585 -0.0212
0.029103 0.027274 -0.277115
0.03731 0.0277 -0.0378
0.02598 -0.04 -0.015
-0.043 0.01633 -0.33901
-0.02317 -0.0307 -0.0522
0.028557 -0.041951 -0.06463
-0.01147 0.0141 -0.0453
0.02576 0.0108 0.0069
-0.02 -0.0369 -0.0147
0.008444 0.038391 -0.197837
-0.0095 0.0469 0.0166
0.030399 0.03963 -0.030001
0.035982 0.032665 -0.031986
0.019084 0.043194 -0.284227
-0.021349 0.047235 -0.282716
-0.0094 -0.02795 -0.31138
0.021479 0.038003 -0.122591
0.038155 -0.019513 -0.047083
0.035805 -0.012925 -0.103809
-0.010502 0.041133 -0.219777
0.040923 -0.0 -0.033902
0.0117 0.03649 -0.0249
-0.00156 -0.00819 -0.01002
0.0277 0.03658 0.0
0.039074 0.021696 -0.028045
0.02813 -0.0072 -0.0692
0.031552 -0.012101 -0.259772
0.034683 0.014513 0.002042
0.023044 0.029367 -0.227425
-0.01178 -0.03844 -0.21856
0.03366 0.018018 0.002074
0.017632 0.04285 0.022244
0.026398 -0.036098 -0.293
-0.015703 0.048272 -0.035721
0.018705 -0.034669 -0.155277
0.007 0.04276 -0.30003
0.02663 -0.03107 -0.11941
0.0 -0.04636 0.0212
0.020869 0.045423 -0.062845
-0.02212 -0.0205 0.0032
-0.05734 -0.02568 -0.27849
-0.009686 0.0422 -0.187128
-0.003229 0.043738 0.027069
0.029878 -0.037982 -0.07454
-0.014698 0.048613 -0.305182
0.012182 0.043644 -0.335204
0.031392 0.020787 -0.180173
-0.0306 0.0111 -0.37121
0.036649 0.022429 -0.083633
-0.0376 0.01632 -0.35521
-0.02 -0.0399 -0.03
-0.02598 -0.04 -0.015
-0.01502 0.0199 -0.0582
0.013584 0.046262 0.016646
0.029 0.038232 -0.041606
0.040264 0.011263 -0.022189
-0.0281 0.02746 -0.30382
0.04076 -0.007592 -0.031955
0.024239 -0.025601 -0.207595
0.0 -0.04174 -0.0294
0.005319 0.042718 -0.264751
0.039546 0.003184 -0.011213
0.024175 0.041575 -0.016778
0.030644 -0.026114 -0.111166
0.03379 -0.016293 -0.127854
-0.029549 0.046377 -0.057567
-0.0558 -0.00648 -0.28258
0.031772 0.025361 -0.132283
0.016011 -0.032312 -0.202
0.012683 0.044548 -0.331421
0.016273 0.044945 0.018926
0.026881 0.028726 -0.16687
-0.00462 0.049991 -0.303504
-0.029006 0.046461 -0.281425
0.030601 -0.022043 -0.143195
0.03667 0.015024 -0.107366
0.010061 0.05041 -0.050807
0.031478 -0.007581 -0.251998
0.0112 -0.04813 0.0058
0.017092 -0.034725 -0.250905
0.0095 -0.0469 -0.0166
0.023159 0.04 0.018988
0.030031 -0.021867 -0.153818
-0.01525 -0.03592 -0.35997
0.030345 0.021455 0.003372
0.034723 -0.0 -0.065105
0.040424 -0.007518 -0.020302
0.0041 -0.04123 0.0294
0.007209 0.045283 0.023076
-0.0054 0.04066 -0.0294
0.035549 0.004023 -0.172565
0.03403 -0.00403 -0.19382
-0.0222 -0.02965 -0.30918
0.038695 -0.009601 -0.059548
-0.03417 0.04798 -0.11091
0.0 0.04174 -0.0294
-0.003099 0.049983 -0.319038
-0.0256 0.03682 -0.0114
-0.012874 0.052025 -0.090217
0.008943 0.04583 -0.285418
-0.01528 0.04197 -0.19491
-0.0263 -0.02513 -0.28938
0.034614 -0.016721 -0.107997
-0.0314 -0.0003 -0.3754
0.020495 0.038683 0.021373
0.033121 0.00475 -0.208202
0.021855 0.034351 -0.155944
0.03174 0.018361 -0.191351
0.031566 -0.038175 -0.022085
0.032551 0.025627 -0.117111
0.02366 -0.019407 -0.360157
-0.016543 0.048229 -0.295346
0.016257 0.047522 0.002914
0.028254 -0.028195 -0.123706
-0.02072 -0.0072 -0.0692
-0.01525 -0.03588 -0.29997
0.031563 -0.038697 -0.033867
-0.05377 0.01643 -0.2826
-0.0 0.048937 0.002901
0.040555 0.007515 -0.037815
-0.021106 0.047756 -0.288915
0.03593 -0.032309 -0.035877
0.034346 -0.032963 -0.07176
0.035603 0.030717 -0.016489
-0.009018 -0.03586 0.024953
0.013159 0.04212 -0.269032
-0.0086 -0.0003 -0.3754
0.0117 -0.03649 0.0249
0.005614 0.048441 0.008621
-0.005611 0.048656 -0.005811
0.023647 0.04045 -0.291529
0.018771 0.032874 -0.208698
-0.01412 0.0235 -0.0522
0.013331 -0.03332 -0.22972
0.032002 0.020581 -0.171537
0.02069 -0.0277 -0.0222
0.039059 -0.02181 -0.03
-0.02905 0.015 -0.0378
0.028437 -0.02957 -0.275229
0.0 -0.04 -0.0299
0.03074 -0.0141 -0.0669
-0.02755 0.04758 -0.29104
0.0012 -0.00022 -0.2776
-0.02352 0.0341 -0.0453
-0.02905 0.04022 -0.19444
0.038701 0.020622 -0.018412
0.02144 0.04265 -0.29527
-0.008 0.00276 -0.3
0.019159 -0.050923 -0.032823
-0.015256 0.042562 -0.183214
0.036584 0.029566 -0.039723
0.016393 0.036884 -0.249026
0.030857 0.010902 -0.282691
0.025725 0.025995 -0.228232
0.03128 -0.010538 -0.282876
0.03843 0.016144 -0.011202
0.035529 0.021203 -0.100769
-0.02352 -0.0341 -0.0453
0.018407 0.038835 -0.134373
0.014551 0.046614 0.014051
0.02285 -0.0085 -0.0632
-0.009699 0.047624 -0.129972
0.0246 0.045223 1e-06
-0.0105 0.01631 -0.36601
-0.0117 0.04351 -0.0249
0.02114 -0.02557 -0.35998
0.01982 -0.04369 -0.08079
0.0063 0.03541 -0.0249
-0.02898 -0.04 -0.00776
-0.0063 0.04459 -0.0249
0.035939 0.014386 -0.34649
0.029 0.0369 -0.0453
-0.027059 0.050667 -0.095403
0.029 -0.0153 0.0069
0.002658 0.048699 -0.007214
0.026236 0.035707 -0.289128
0.007717 0.043853 -0.134768
0.017 -0.03193 -0.35997
0.007 -0.03724 -0.29997
0.027168 -0.015701 -0.297503
0.03748 -0.018692 -0.077353
-0.02247 0.04678 -0.04276
0.034076 0.000275 -0.197315
0.038783 -0.006362 -0.052242
-0.01862 -0.0055 -0.0692
-0.002318 0.04957 -0.325802
0.031802 0.023401 -0.153276
0.03 -0.04 0.0
0.022277 0.034707 -0.1476
0.036669 -0.000199 -0.346531
0.010984 0.050136 -0.04246
0.0081 -0.03415 0.0212
0.032692 0.037756 -0.026103
0.030459 -0.019725 -0.263936
0.039064 0.023026 -0.06416
0.03224 0.0108 0.0069
0.039348 0.022251 -0.056346
0.03821 -0.0127 -0.0522
0.032793 0.008311 0.006954
0.005725 0.03877 -0.211779
0.028615 0.028747 -0.283166
-0.0005 0.02093 -0.33622
0.040427 0.003761 -0.041573
0.034151 -0.029568 -0.078983
0.03116 -0.0029 -0.0692
-0.0106 -0.03871 -0.0277
0.029973 0.020956 -0.198732
0.034452 -0.017833 0.000753
0.027906 0.026845 -0.174206
-0.003155 0.044868 -0.02494
0.001339 0.048983 -0.312186
0.039059 0.02181 -0.03
0.037368 -0.02748 -0.059143
-0.02242 -0.0431 -0.27425
0.002328 0.045048 -0.136811
-0.028293 0.05074 -0.080821
0.023758 -0.042203 -0.076851
-0.04608 0.03146 -0.28588
0.0 0.03253 0.0166
-0.015781 0.041314 -0.213898
0.024364 0.028608 -0.241054
0.039021 -0.021676 -0.026083
0.02898 0.04 -0.00776
0.0099 0.037356 -0.225322
-0.009673 0.042516 -0.181282
-0.031531 0.039152 -0.201095
0.035721 -0.008977 -0.130343
0.0 0.03118 0.0058
0.01854 0.034652 -0.179091
0.015227 0.039171 -0.14884
0.02195 0.0235 -0.0078
-0.0241 -0.02966 -0.32818
0.035297 0.014253 -0.060812
0.032295 -0.00437 0.008165
0.03359 0.025471 -0.313557
0.024704 0.030336 -0.250624
-0.019277 0.040893 -0.232176
0.036144 0.028886 -0.071523
0.040028 -0.015158 -0.033902
-0.029932 0.041527 -0.176587
0.039637 0.018449 -0.028044
0.025718 -0.038422 0.014249
0.033647 0.036638 -0.026091
-0.029095 0.04605 -0.278342
-0.0218 -0.0029 0.0092
0.039518 -0.01835 -0.024137
-0.0022 0.04162 -0.0294
0.032477 -0.019856 -0.127577
0.00347 0.05104 -0.07436
-0.02 0.0 0.0099
0.03065 0.0055 0.0092
0.03623 -0.030476 -0.067251
-0.00464 -0.03933 -0.03039
0.019818 0.036159 -0.151068
-0.0349 -0.02143 -0.29018
0.039006 -0.000266 -0.329997
0.00182 -0.03588 -0.29997
0.035061 0.012714 0.002055
0.0166 -0.04 -0.0249
0.0081 -0.04243 -0.0277
-0.03151 0.038812 -0.207534
0.025598 -0.030815 -0.261341
0.039032 -0.017368 -0.04346
-0.0081 0.04243 -0.0277
0.0195 0.04585 -0.0114
0.018808 0.035007 -0.172529
0.02628 0.025557 -0.215291
0.035965 -0.032746 -0.03
-0.01232 -0.0127 -0.0078
0.035534 -0.008777 -0.140012
-0.0295 -0.01689 -0.36599
-0.004759 0.047332 0.016631
0.004062 0.045579 0.023115
-0.0086 -0.00021 -0.2646
-0.0105 -0.01682 -0.27399
0.028496 0.026926 -0.16588
0.001676 0.048609 -0.323298
0.02519 0.0307 -0.0078
0.04081 0.003759 -0.024139
-0.015497 0.048532 -0.300741
-0.05838 -0.00807 -0.08389
-0.05485 0.0018 -0.22486
-0.0022 0.04162 0.0294
0.032037 0.017785 0.004295
0.015426 0.047105 0.010035
0.039678 0.018069 -0.050868
0.038918 0.012777 -0.077689
-0.01647 -0.0058 -0.0669
0.025248 0.038077 -0.289135
0.035048 0.03479 -0.048988
0.0 -0.04831 0.0114
-0.0471 0.00553 -0.3424
0.031542 -0.012474 0.006973
0.035373 0.010902 0.00203
0.03828 -0.0 -0.004783
0.032957 -0.011598 -0.186105
-0.011806 0.050828 -0.103064
-0.02317 -0.0307 -0.0078
0.020588 0.041907 -0.281096
-0.030411 0.042351 -0.167676
0.025907 0.028634 -0.251332
0.037834 -0.015431 -0.007758
-0.02 -0.01161 -0.26459
0.025604 0.041021 -0.073464
0.006405 0.051093 -0.049349
-0.01295 0.0282 -0.03
0.036789 0.030296 -0.03394
0.02598 0.04 0.015
0.0012 -0.02145 -0.31998
0.020532 0.031648 -0.208315
-0.009841 0.042613 -0.360323
0.039195 -0.000653 -0.070529
0.02303 0.0199 -0.0018
0.006377 0.04719 -0.321181
0.031108 0.034287 -0.049075
-0.03355 -0.03424 -0.21995
-0.02587 -0.0235 -0.0522
-0.007866 0.051511 -0.039406
0.029324 0.017241 -0.288971
0.027915 0.031488 -0.280389
0.029146 0.039825 -0.064365
-0.001104 0.040841 0.029768
0.018231 0.038691 0.023254
0.024321 -0.040973 -0.29264
0.01798 0.04438 -0.29024
0.034873 0.034469 -0.0359
-0.02 -0.0061 -0.3788
0.030692 0.016213 -0.215485
0.040713 0.003759 -0.022189
0.034774 0.034233 -0.022156
-0.0449 -0.01685 -0.31999
0.01377 -0.03424 -0.24243
-0.02 0.0055 -0.3788
-0.034009 0.045577 -0.286119
0.010057 0.047344 -0.01401
-0.0166 -0.04 0.0249
-0.0271 0.04336 -0.0058
0.019619 0.032641 -0.233245
-0.02382 0.0 0.0069
0.039368 0.019628 -0.066393
0.00513 0.04935 -0.01473
-0.007396 0.052032 -0.084945
0.031192 0.010218 -0.279676
0.007687 0.038136 -0.225801
0.036223 0.012054 -0.000476
0.025378 0.044292 0.007281
0.034524 0.024275 -0.100416
0.038617 -0.01457 -0.062988
0.028589 -0.018999 -0.293689
-0.017213 0.045456 -0.27269
0.031758 -0.007487 -0.224878
0.028763 0.021266 -0.215424
0.017 0.03735 -0.36003
-0.02598 0.04 0.015
0.026889 0.000119 -0.360061
0.03115 0.011877 -0.260019
-0.02512 -0.0085 0.0032
0.030476 -0.01802 -0.28623
-0.008885 0.046851 -0.336775
0.006279 0.039733 -0.184837
0.025415 -0.012485 -0.360083
0.024089 0.045105 0.005842
0.004474 0.051203 -0.066027
0.033818 0.023094 -0.001658
0.012097 0.04594 -0.291278
0.021856 0.041914 -0.294173
0.032877 -0.003925 -0.210199
-0.028447 0.046793 -0.283325
0.032257 0.000714 -0.22278
0.011433 -0.040129 0.027607
0.031792 0.021954 0.002023
0.006017 0.046629 -0.28916
0.0208 -0.04624 0.0058
0.039398 -0.010242 -0.047056
0.0212 0.04636 0.0
0.02405 -0.025654 -0.223791
0.021049 0.041936 0.02024
0.02303 0.0199 -0.0582
0.025415 -0.012435 -0.299897
0.019903 -0.029644 -0.229958
-0.0041 -0.04123 0.0294
0.036882 0.031457 -0.047067
0.035999 0.015086 -0.126024
-0.01232 0.01307 -0.36001
-0.0395 0.01111 -0.35901
0.0008 -0.00602 -0.2784
-0.03234 0.04531 -0.28832
0.0176 0.04528 0.0166
-0.0176 -0.03472 0.0166
-0.002153 0.044213 0.026382
0.004604 0.051795 -0.346472
-0.01607 -0.0157 0.0032
0.035401 -0.030267 -0.045407
0.039522 0.008411 -0.072083
-0.0058 -0.04 -0.0294
0.0077 0.01115 -0.32001
0.0008 0.00558 -0.2784
-0.0005 -0.02144 -0.30378
0.039603 -0.018376 -0.033908
0.022918 0.04099 -0.089695
-0.0256 -0.03682 0.0114
0.029 -0.0332 -0.0078
0.030398 0.018598 -0.208044
0.00733 0.05079 -0.04101
-0.05085 0.00935 -0.28619
-0.0256 -0.04318 -0.0114
0.022168 -0.042963 -0.290384
-0.05641 0.01604 -0.08136
0.035312 -0.014253 0.000813
0.0041 -0.03877 -0.0294
0.038841 -0.003264 -0.329994
0.02977 -0.02298 -0.289493
0.033892 -0.019452 0.00086
0.02755 -0.040506 -0.072853
0.03036 0.015669 -0.251715
0.017757 -0.05144 -0.042456
0.037767 -0.000804 -0.09718
0.00545 0.051211 -0.057689
0.029 0.030843 -0.004681
0.0245 -0.0362 -0.0378
-0.022364 0.051114 -0.099357
-0.0112 0.03187 -0.0058
0.02987 -0.0072 0.0092
0.033497 0.020699 -0.14653
-0.0106 0.04129 0.0277
-0.0227 -0.0108 -0.0669
0.031394 0.009527 -0.276652
-0.06327 -0.00097 -0.08549
-0.0366 -0.02515 -0.31998
0.012914 0.044681 -0.328872
0.03799 -0.000687 -0.092728
-0.0058 -0.04 0.0294
-0.015 -0.04 -0.02598
-0.0041 0.04123 0.0294
-0.025605 0.040247 -0.20745
0.029137 -0.023988 -0.291473
0.0012 0.02095 -0.32002
-0.0258 -0.02965 -0.31998
0.034934 0.012531 -0.168534
0.037754 0.019261 -0.080519
0.02726 -0.0141 -0.0669
0.006 -0.03193 -0.35997
0.02576 0.0261 -0.0018
0.0041 -0.03877 0.0294
0.01164 0.037652 -0.24148
-0.02 0.0392 -0.0222
-0.0153 -0.04189 0.0249
0.033989 0.031363 -0.330024
0.0095 0.0469 0.0166
0.034994 0.019981 -0.313464
-0.0366 0.02465 -0.32002
0.01281 0.04522 -0.30894
-0.011318 0.049084 -0.292696
0.02285 0.0085 0.0032
0.01814 -0.015 -0.0378
0.0081 -0.04585 -0.0212
-0.022179 0.042165 -0.183012
0.0212 -0.04636 0.0
0.0094 0.00555 -0.32
0.032143 -0.023387 -0.109342
0.01218 -0.03588 -0.29997
0.022612 -0.042126 -0.285015
-0.01232 0.0127 -0.0078
-0.0054 -0.04066 -0.0294
0.0153 -0.03811 -0.0249
-0.01347 -0.0108 -0.0018
0.002033 0.045325 0.024027
0.029 -0.0392 -0.0378
0.025881 0.015535 -0.299945
-0.0117 -0.03649 -0.0249
0.0056 0.01116 -0.29881
0.039835 0.01059 -0.016553
-0.043 -0.01684 -0.30099
-0.0208 0.04624 -0.0058
0.024364 0.04309 -0.014037
-0.00378 0.050233 -0.311938
-0.016796 0.049777 -0.114697
0.011526 0.04529 0.021252
0.031233 0.037346 -0.066934
-0.0106 -0.04768 0.0114
0.021122 0.045883 -0.057523
0.034966 0.028757 -0.330023
0.0063 -0.03541 -0.0249
-0.01347 -0.0261 -0.0453
0.029328 -0.018068 -0.24384
0.03281 -0.0307 -0.0522
-0.02352 0.0341 -0.0147
0.037595 -0.01176 -0.05522
-0.05046 -0.00808 -0.08999
0.031271 0.016051 -0.208063
0.029725 0.040305 -0.058484
0.008744 0.046241 -0.33423
-0.034175 0.037644 -0.229466
0.02176 0.03057 -0.215
0.010565 0.046528 -0.301661
-0.01095 -0.015 -0.0378
0.025044 0.033483 -0.135774
0.026716 -0.033672 -0.275196
-0.01617 0.0 0.0069
0.027467 0.043467 -0.002908
0.032846 -0.007476 -0.205281
0.011538 0.038444 -0.177397
-0.004095 0.042481 -0.173494
-0.0034 -0.02515 -0.31998
0.030682 0.020871 -0.189451
-0.022 0.03735 -0.36003
0.02576 0.0261 -0.0582
0.034062 0.023689 -0.109
0.012944 0.042102 -0.315977
0.039121 0.006365 -0.009476
0.026952 -0.03821 0.01155
0.038784 0.006362 -0.007757
0.0 -0.03502 -0.0249
-0.02 -0.0332 -0.0078
0.00066 -0.03066 -0.02351
-0.01487 0.0085 -0.0632
0.02675 -0.002471 -0.360082
-0.0195 0.04585 0.0114
0.031277 0.023347 -0.161608
0.022762 0.03013 -0.20087
0.02898 -0.04 -0.00776
-0.031831 0.046407 -0.281483
-0.0081 -0.03757 0.0277
-0.06795 -0.0009 -0.1329
0.029897 0.014739 0.007
0.019806 0.0321 -0.220932
0.013448 0.038994 0.026478
0.037305 0.005409 -0.001749
0.040267 -0.011263 -0.022189
0.032963 -0.015738 0.004265
0.036584 -0.029566 -0.020277
0.011355 0.048301 -0.001451
-0.01347 -0.0108 -0.0582
-0.034121 0.045786 -0.278758
0.0 -0.04636 -0.0212
-0.02941 -0.03796 -0.19009
0.034624 0.004514 -0.189867
0.010342 0.041292 -0.149259
0.014693 0.045327 -0.096507
0.005313 0.047786 0.014036
-0.032634 0.042131 -0.257308
0.032697 0.009109 -0.208146
0.00181 -0.05576 -0.01744
0.040585 0.003759 -0.039691
0.006357 0.0473 -0.315341
-0.022674 0.044799 0.011482
0.01678 0.03703 -0.16286
0.008838 0.038973 -0.184652
0.021083 0.031468 -0.201257
0.01572 0.03562 -0.18911
0.029 0.0222 0.0032
0.021504 0.041444 -0.296903
0.020424 0.042431 -0.297171
-0.03978 0.04405 -0.27444
-0.03377 -0.04859 -0.05184
0.003 0.01633 -0.33901
-0.0294 0.04 -0.0058
0.035401 -0.030267 -0.014593
0.033075 -0.013284 0.005135
0.0 0.04831 0.0114
0.034349 -0.016821 -0.112453
-0.009655 0.042868 -0.175447
0.028664 -0.033219 -0.095697
-0.02767 -0.0127 -0.0522
0.005208 0.039033 -0.234146
0.036586 -0.030525 -0.062512
0.007 0.04271 -0.36003
-0.005449 0.048825 -0.292633
0.027188 0.036651 -0.094735
-0.01247 0.03526 -0.02426
-0.0249 0.04 -0.0166
-0.02497 0.0199 -0.0018
-0.025157 0.046824 -0.282076
-0.005961 0.042528 -0.257391
-0.04168 0.01317 -0.28725
-0.027023 0.043589 -0.161998
-0.02 -0.02142 -0.27758
-0.00776 -0.04 -0.02898
-0.02 -0.0392 -0.0378
0.026828 0.031378 -0.140615
0.02747 -0.038203 0.010181
0.028411 0.041787 -0.036918
0.01877 -0.0141 -0.0147
0.037922 0.008591 -0.004743
0.0294 -0.04 -0.0058
-0.016022 0.048366 -0.298046
0.022025 -0.023537 -0.360061
0.0081 0.03415 0.0212
0.011931 0.04449 -0.334837
0.029358 -0.017995 -0.291766
0.03986 -0.015 -0.0222
0.040653 -0.007517 -0.035863
0.002914 0.04 0.029814
0.03497 0.008545 -0.179212
-0.02705 -0.0282 -0.03
-0.01295 -0.0282 -0.03
-0.008 0.04271 -0.36003
-0.02587 -0.0235 -0.0078
0.015 0.03553 -0.0212
0.03313 -0.02043 -0.11217
0.030481 -0.014588 -0.250421
0.031379 0.035899 -0.0455
0.022028 0.040253 -0.278147
0.036643 -0.029944 -0.037837
0.036344 -0.005253 -0.13256
0.0 0.04882 -0.0058
0.039055 0.021575 -0.02609
-0.03743 0.03156 -0.28722
0.039875 -0.007063 -0.04533
0.032753 -0.018155 0.003316
-0.02997 0.0 -0.03
0.029172 0.04103 -0.005883
0.006 0.03735 -0.36003
0.034963 -0.034856 -0.027993
-0.02898 0.04 0.00776
-0.03881 0.03548 -0.22104
0.017963 -0.031364 -0.236213
0.02223 -0.0291 -0.24268
0.028785 -0.008394 -0.293586
0.021803 -0.027876 -0.223685
-0.0283 0.0 -0.0522
0.0081 0.04243 0.0277
0.03371 -0.0157 -0.0632
0.03252 -0.00389 -0.21566
-0.05172 -0.02183 -0.28752
0.035965 0.032746 -0.03
0.0335 -0.0362 -0.0222
-0.003 -0.03188 -0.29997
-0.02653 0.042697 -0.170898
0.02432 0.02276 -0.30002
-0.01927 -0.0072 0.0092
0.03879 -0.013409 -0.048762
0.029409 0.035267 -0.087891
0.036745 -0.030092 -0.035885
0.039525 0.015465 -0.060287
0.0 0.04747 0.0166
0.027852 0.041872 -0.008667
0.020642 0.033281 -0.178503
0.02102 0.046362 0.002903
0.027128 0.042559 -0.056393
0.021722 0.046226 -0.041217
-0.029012 0.039813 -0.200876
0.029956 0.022268 -0.268559
-0.0081 -0.03415 -0.0212
0.02598 0.04 -0.015
0.014691 0.039472 -0.360175
-0.033987 0.038001 -0.207746
-0.035 0.02092 -0.34982
0.040439 0.007292 -0.020302
0.036532 -0.005452 -0.122895
0.001685 0.04894 -0.314012
0.03359 0.0369 -0.03
0.031057 -0.026282 -0.106514
0.023486 -0.035038 0.008694
0.009926 0.036956 0.026362
-0.03364 0.04461 -0.05179
0.0249 -0.04 -0.0166
0.039128 0.010243 -0.048788
0.036542 0.008591 -0.31345
0.038543 -0.009535 -0.052231
0.0 -0.03364 0.0212
-0.016043 0.047405 0.005818
0.032558 0.015753 -0.193237
0.036545 0.019953 -0.006233
-0.017323 0.050507 -0.108299
0.036722 0.002749 -0.313517
0.029 0.0332 -0.0522
0.02477 0.0341 -0.0453
0.034318 0.035548 -0.056882
-0.0218 -0.0029 -0.0692
-0.03225 0.02271 -0.36002
-0.03533 0.03922 -0.28743
0.02069 -0.0277 -0.0378
-0.027281 0.045007 -0.14939
0.040857 -0.0 -0.035851
0.03065 0.0055 -0.0692
0.039287 -0.0 -0.009517
0.005403 0.038784 -0.226279
-0.02922 0.0 -0.0147
-0.03943 0.03532 -0.07571
0.0117 0.03649 0.0249
0.029635 -0.021706 -0.162645
0.025393 0.037642 -0.283519
0.036022 -0.022729 -0.081701
-0.021014 0.049441 -0.117762
0.0 0.03364 0.0212
-0.006416 0.052334 -0.076601
-0.0146 -0.02966 -0.32438
-0.0218 0.0029 0.0092
0.0081 -0.03415 -0.0212
-0.02555 0.0 -0.0632
0.0176 -0.03472 0.0166
-0.0314 0.02745 -0.32002
-0.009639 0.043298 -0.169611
0.01868 -0.04338 -0.29785
0.025307 -0.03429 -0.109538
0.038049 -0.024358 -0.020295
-0.0041 -0.03877 -0.0294
0.030369 0.010695 0.008209
-0.014862 0.050807 -0.046383
-0.010057 0.047344 0.01401
0.02666 0.00013 -0.2971
-0.0306 -0.0117 -0.37119
0.036495 0.0131 -0.001751
0.040263 0.007519 -0.041579
-0.0153 0.04189 0.0249
0.000126 0.046881 -0.286122
-0.02 0.0153 0.0069
0.0 0.03826 -0.0294
0.037004 -0.009183 -0.094963
0.031069 0.01036 -0.251714
0.035021 0.015574 0.000802
0.0 0.03103 0.0
0.0063 -0.04459 -0.0249
-0.021542 0.050143 -0.111359
0.04121 4e-06 0.020326
-0.008768 0.05051 -0.313406
0.030478 0.017192 -0.260017
-0.02652 -0.0108 -0.0582
0.0117 -0.04351 -0.0249
0.0277 -0.04342 0.0
0.02114 0.03105 -0.30002
0.02432 -0.01729 -0.35999
0.029885 -0.01815 -0.198035
0.0208 0.04624 -0.0058
0.029726 0.005791 -0.28969
0.020003 -0.030062 -0.236268
-0.0195 0.04243 0.0212
0.011266 0.041367 -0.336036
-0.0041 -0.03877 0.0294
0.030494 0.005479 -0.286402
0.00145 0.042166 -0.165683
0.034194 0.004563 -0.195333
-0.01147 -0.0141 -0.0453
0.026148 -0.032945 -0.26947
0.025993 -0.026651 -0.164798
0.039177 0.017776 -0.041582
0.026343 0.034819 -0.113199
0.0112 -0.03187 -0.0058
0.035316 -0.008573 -0.149678
0.02995 0.040723 -0.053094
0.036896 -0.027476 -0.068573
-0.02137 -0.0055 0.0092
0.016103 0.04016 -0.13461
-0.03306 -0.0454 -0.06732
-0.013 0.00276 -0.3
-0.02145 0.0141 -0.0669
-0.00514 -0.03824 -0.21795
0.0271 0.04336 -0.0058
-0.022 -0.03188 -0.29997
0.0 0.03826 0.0294
-0.0243 -0.02797 -0.34118
0.01103 0.037801 -0.190519
0.029363 0.019022 -0.222234
0.027959 -0.020436 -0.217666
-0.02767 0.0127 -0.0522
-0.039919 0.045669 -0.116449
-0.02996 -0.002 -0.04695
0.03566 0.0 0.0032
-0.029078 0.047619 -0.28811
0.029231 -0.017873 -0.23515
0.036212 -0.019481 -0.004723
0.01509 0.046958 -0.011432
0.03318 0.034612 -0.068695
-0.02652 0.0261 -0.0147
-0.0117 0.0 -0.0522
0.019087 0.04392 0.01905
-0.0106 0.04768 0.0114
0.040436 0.003535 -0.018428
-0.02692 0.0277 -0.0378
0.037852 0.023382 -0.016544
0.031281 -0.006916 -0.246283
0.016273 -0.035055 0.018926
0.026276 -0.023187 -0.2077
-0.0195 0.03757 -0.0212
0.009216 0.049033 -0.080731
-0.01058 -0.04053 -0.18968
0.011055 0.048052 0.007203
-0.009641 0.05035 -0.306538
0.023383 0.045074 -0.008642
0.034644 0.035206 -0.053209
0.03281 -0.0307 -0.0078
-0.02 0.0332 -0.0522
-0.029031 0.049154 -0.068461
-0.05745 -0.0134 -0.27845
-0.0054 -0.03934 -0.0294
0.038518 -0.013057 -0.050485
0.037151 0.026926 -0.041561
0.035312 0.016623 -0.000466
0.028283 0.042732 0.00297
0.0 -0.03826 -0.0294
-0.0081 0.04585 0.0212
0.029 0.038232 -0.018394
0.015053 -0.053028 -0.020474
0.036087 0.017925 -0.105943
-0.014364 0.051774 -0.051791
0.026875 0.025291 -0.293358
-0.0095 -0.0469 -0.0166
0.040028 0.015158 -0.033902
0.0043 -0.03682 0.0277
0.034424 0.00878 -0.187857
0.02168 0.031352 -0.194198
-0.0022 -0.03838 -0.0294
0.038621 -0.020974 -0.018406
0.01235 0.04163 -0.33385
0.038876 0.021408 -0.022177
0.009018 0.044139 0.024952
0.02644 0.03104 -0.14896
0.031896 0.030499 -0.346569
0.03731 0.0277 -0.0222
0.03661 0.00213 0.000768
-0.008408 0.050503 -0.315486
0.034364 -0.017527 -0.346532
0.03927 0.01131 -0.05426
-0.02352 0.0058 -0.0669
-0.00776 0.04 0.02898
-0.0176 0.03472 0.0166
-0.028929 0.039181 -0.22937
-0.02898 0.04 -0.00776
0.03134 0.0 0.0092
-0.002425 0.048262 -0.334995
0.037514 -0.030735 -0.047364
0.031501 -0.002584 -0.252332
0.032177 0.025312 -0.125449
-0.0117 0.04351 0.0249
0.0063 0.03541 0.0249
0.03171 0.036421 -0.330025
0.039234 -0.003536 -0.009489
-0.024935 0.045162 -0.27132
-0.0063 0.04459 0.0249
0.0 -0.03103 0.0
-0.05768 -0.02301 -0.27415
-0.0054 -0.03934 0.0294
0.035751 -0.03347 -0.061114
0.035939 -0.008935 -0.346468
0.0 -0.03826 0.0294
-0.01749 0.047416 -0.28339
0.039581 0.0 -0.048761
-0.03641 0.04817 -0.08401
-0.0278 0.031 -0.36002
-0.0105 0.01638 -0.27401
0.01979 -0.0127 -0.0522
0.02645 -0.0205 0.0032
-0.022215 0.041482 -0.194696
0.025665 0.044353 0.005842
-0.01787 0.0205 0.0032
-0.0022 -0.03838 0.0294
-0.015244 0.042928 -0.177369
0.0081 0.04585 0.0212
0.02987 -0.0072 -0.0692
-0.02 -0.0003 -0.3798
0.00403 -0.03716 -0.24272
-0.003937 0.050309 -0.309177
0.03053 0.025267 -0.155421
0.03587 0.008043 -0.161911
0.030282 -0.014523 -0.23462
0.040288 0.0 -0.043429
-0.05444 -0.02413 -0.28624
0.009607 -0.040097 0.028325
0.02405 0.044086 -0.059651
-0.01032 0.02276 -0.30002
-0.01682 0.0307 -0.0522
-0.011449 0.04855 -0.289522
0.01749 0.042756 -0.10595
-0.0106 0.04129 -0.0277
0.034581 0.032839 -0.043531
0.026027 0.036044 -0.280652
-0.036594 0.036692 -0.229674
-0.02 0.02915 -0.30842
0.037056 0.022447 -0.080187
0.0118 -0.02552 -0.29998
0.00768 -0.05021 -0.0693
0.040585 -0.003759 -0.020309
0.03828 0.01279 -0.08459
0.02234 0.0 0.0032
0.011176 0.049759 -0.036808
0.03413 -0.03617 -0.06444
-0.0306 0.02745 -0.31142
0.026952 0.04179 0.01155
0.018572 0.042705 -0.299395
0.0 -0.03169 0.0114
0.039374 0.007068 -0.048798
0.03442 0.01277 -0.177178
0.034994 -0.014508 -0.346541
-0.0395 -0.01169 -0.35899
-0.05274 -0.03056 -0.07652
-0.0281 -0.02797 -0.33618
0.028606 -0.038076 0.005887
0.00531 0.048168 -0.011423
-0.03225 -0.01724 -0.29999
0.0077 -0.00024 -0.2972
0.02477 -0.0058 0.0069
0.026447 0.029455 -0.293287
-0.02 0.02914 -0.33162
-0.028147 0.044755 -0.044405
0.025357 -0.02645 -0.175415
0.01949 -0.04402 -0.28816
0.018186 0.04378 0.020185
-0.022623 0.040999 -0.244082
0.016989 0.043789 -0.299702
-0.034236 0.038219 -0.238576
0.034162 0.01392 0.003254
0.038616 -0.016793 -0.012935
0.030699 -0.014325 -0.217252
0.029848 -0.043362 -0.051041
0.000979 0.051966 -0.054628
-0.02 -0.02797 -0.34278
0.039466 0.015096 -0.056155
0.040553 -0.007515 -0.037815
0.024921 -0.040196 0.016646
0.011893 0.036725 -0.230401
0.032087 0.0051 -0.222749
0.031595 -0.0109 -0.216725
-0.02 -0.01682 -0.27019
0.025152 0.044135 -0.039059
0.008168 0.045402 -0.120334
0.0 -0.04747 -0.0166
-0.00194 0.051702 -0.079661
0.009583 0.046996 -0.308283
0.0056 0.01113 -0.34121
-0.01647 -0.0341 -0.0453
-0.0312 0.0055 -0.3742
0.036278 -0.006033 -0.346523
0.027852 0.038128 0.008667
0.031563 0.038697 -0.026133
0.038094 0.024187 -0.0203
-0.0106 -0.03232 -0.0114
0.011232 0.044542 -0.279225
0.030222 -0.01846 -0.188173
0.013231 -0.040097 0.026824
0.029 -0.035216 -0.011161
-0.011254 0.048208 -0.004351
-0.0159 0.02915 -0.31182
0.038151 -0.015789 -0.050527
-0.01477 0.04295 -0.31023
0.039628 0.018565 -0.03
0.0195 0.04243 -0.0212
0.036372 0.007827 -0.151423
0.015688 -0.041641 -0.114734
-0.0283 0.0 -0.0078
0.0 -0.04882 0.0058
0.030916 -0.004202 0.009221
-0.022 0.0374 -0.30003
0.005611 0.048656 0.005811
0.039807 0.003184 -0.012942
-0.012997 0.041649 0.026391
0.015781 -0.042486 -0.275923
0.038791 0.013409 -0.011238
0.03631 0.024171 -0.009509
0.018396 -0.041192 -0.103778
0.02117 -0.0108 -0.0018
0.0 0.03169 0.0114
0.027607 0.040129 0.011433
0.03369 0.02314 -0.11759
0.03726 0.01222 -0.10394
0.02722 0.030022 -0.004446
-0.011306 0.048267 0.002902
0.021091 -0.035566 0.015421
-0.023609 0.042224 -0.253901
-0.02852 0.0141 -0.0453
0.039337 0.003333 -0.065106
0.036289 0.032281 -0.054913
-0.02587 0.0235 -0.0078
0.04077 0.007665 -0.03
-0.02905 0.015 -0.0222
-0.0306 -0.02795 -0.31138
0.013408 0.036778 -0.189819
0.039352 0.017822 -0.0203
0.00862 0.04695 -0.1059
0.013722 0.041344 -0.134831
0.024115 -0.026266 -0.236461
0.040877 -0.00376 -0.033907
0.023794 0.045047 0.00727
-0.0081 -0.03757 -0.0277
0.037228 -0.005286 -0.099863
0.039436 0.00406 -0.073381
0.031531 -0.005837 -0.279722
0.029 0.0332 -0.0078
0.03746 -0.0282 -0.03
0.038151 0.015789 -0.009472
0.033566 -0.016048 -0.135561
0.029282 -0.021576 -0.171473
0.00564 0.03872 -0.21841
0.026627 0.02729 -0.251293
-0.037169 0.043146 -0.265404
0.0114 0.04 0.0277
0.026013 -0.023375 0.000797
0.014121 -0.044155 -0.102643
0.031623 0.038901 -0.03
0.019319 0.039898 -0.120147
-0.0195 0.03415 -0.0114
0.033645 -0.036636 -0.026091
0.038014 0.028378 -0.049297
0.01635 -0.032554 -0.194719
-0.02 0.0392 -0.0378
0.041165 -0.021794 0.010241
0.007923 0.050002 -0.072839
0.039959 0.015081 -0.024148
0.038793 -0.004635 -0.061069
0.0299 -0.04 0.0
0.027645 0.03209 -0.123928
0.03224 -0.0108 0.0069
0.0095 -0.0331 -0.0166
-0.02878 0.044721 -0.270682
0.009717 0.046922 -0.309566
-0.0317 -0.02514 -0.29658
0.02709 0.03398 -0.283446
0.0256 0.03682 0.0114
-0.002861 0.049219 -0.328582
0.009877 0.043536 0.025678
0.03012 -0.008458 -0.289955
0.02598 -0.04 0.015
0.013422 0.043283 -0.308943
0.02477 0.0341 -0.0147
0.032395 0.014987 0.005225
0.035114 -0.012899 -0.120422
0.011724 0.037111 -0.235944
0.025428 0.037918 -0.28633
0.0049 -0.01685 -0.31999
-0.05531 0.01572 -0.27708
0.02903 -0.041907 0.002876
-0.02 0.0222 -0.0632
0.03323 -0.0341 -0.0453
0.021313 -0.042717 0.018955
-0.0395 0.02093 -0.33622
-0.025617 0.040561 -0.201012
0.02117 -0.0108 -0.0582
0.018231 -0.041309 0.023254
0.01857 0.045626 -0.014014
0.03605 0.0235 -0.0078
0.017068 0.038577 -0.25905
0.035879 0.017789 -0.110783
0.03359 0.0 -0.0669
-0.02 -0.0369 -0.0453
0.01979 0.0127 -0.0522
-0.016103 0.047494 0.004364
0.039477 0.012042 -0.062518
0.02126 0.04279 -0.28965
0.003 0.01636 -0.30101
-0.0146 -0.02965 -0.31558
0.03515 0.0085 -0.0632
0.031856 0.03786 -0.061059
0.011526 -0.03471 0.021252
0.027539 0.037328 0.007246
0.037993 0.023791 -0.018418
-0.011277 0.050087 -0.109464
-0.0176 0.04528 -0.0166
0.024045 -0.02592 -0.230125
0.012502 0.049067 -0.065977
-0.0271 -0.03664 -0.0058
0.015026 0.039456 -0.258888
0.002527 0.048162 -0.109784
0.001423 0.041733 -0.17151
0.012908 0.036349 -0.203286
0.027608 0.02461 0.001041
0.018332 0.035813 -0.249228
-0.0295 0.01638 -0.27401
0.031615 0.038832 -0.028064
0.025079 0.028485 -0.191704
0.026993 -0.026112 -0.255666
0.028119 -0.028939 -0.269478
0.02632 -0.00759 -0.29999
0.034656 -0.012445 -0.137789
0.031761 -0.011617 -0.267906
-0.0176 0.04528 0.0166
0.003 -0.01687 -0.33899
-0.0227 -0.0108 0.0069
0.036722 0.002721 -0.346483
0.038248 -0.008803 -0.080377
0.029083 0.039996 -0.007231
0.01899 0.04 0.023162
-0.02212 0.0205 -0.0632
-0.0137 0.02462 -0.35062
0.037861 0.028791 -0.052933
0.022506 0.041186 -0.28365
-0.005 -0.02148 -0.34978
0.03136 0.01359 -0.2155
-0.0178 0.02914 -0.33082
-0.01927 -0.0072 -0.0692
0.03667 0.005669 -0.313469
0.02992 0.03626 -0.07867
-0.0117 0.0 -0.0078
-0.0271 0.03664 -0.0058
0.02128 0.0401 -0.29841
0.00441 -0.02004 -0.01864
0.0081 0.04243 -0.0277
-0.0114 0.04831 0.0
0.028221 0.025149 -0.187467
-0.00456 0.049957 -0.304797
-0.0043 0.03682 0.0277
0.024453 0.045214 0.002954
0.031344 -0.007111 -0.239141
0.035229 -0.016973 -0.098683
-0.04736 0.03533 -0.06961
-0.0271 0.04336 0.0058
-0.010591 0.047628 -0.331186
0.023704 -0.040128 0.018189
-0.01906 -0.04544 -0.03272
0.0275 0.02366 -0.21538
0.01103 -0.040663 0.027771
0.025415 0.01791 -0.360108
0.029981 -0.004198 -0.28999
0.018438 -0.043066 0.021286
0.0212 -0.03364 0.0
0.034032 0.031408 -0.075716
0.040084 0.007292 -0.043456
0.02655 0.010527 -0.299943
0.0153 0.03811 -0.0249
-0.036 0.00271 -0.36
0.033466 -0.035237 -0.041578
0.02148 -0.039809 -0.097915
-0.0208 0.03376 -0.0058
0.038398 0.027961 -0.045129
0.029 0.0 0.0099
0.030215 0.016456 -0.22226
0.028833 -0.039064 0.007347
-0.02 0.0332 -0.0078
-0.0149 0.04447 -0.0212
-0.04087 0.04145 -0.06119
0.037151 -0.026926 -0.018439
0.010433 0.037226 -0.21061
0.035401 0.030267 -0.045407
0.036758 0.020836 -0.007755
0.02054 0.0 -0.0018
0.02117 0.0108 -0.0018
-0.006076 0.045174 -0.272479
0.03456 -0.014993 0.002042
-0.025785 0.040411 -0.241293
-0.00075 0.0414 -0.30003
0.024504 0.028617 -0.198765
-0.0376 -0.01688 -0.35519
0.0022 0.03838 -0.0294
-0.002656 0.048279 0.011416
0.02069 0.0277 -0.0222
0.028263 -0.024974 -0.293496
0.0212 0.03364 0.0
-0.0408 -0.00609 -0.3616
-0.0024 0.01637 -0.28481
0.038829 0.01946 -0.07174
-0.0218 0.0029 -0.0692
0.030104 -0.023485 -0.282649
-0.0054 0.03934 -0.0294
0.023796 0.040688 0.017972
0.026485 0.035582 -0.286343
-0.0112 -0.04813 -0.0058
0.03815 0.019275 -0.077071
-0.03505 0.01307 -0.36001
0.0058 -0.04 -0.0294
0.031126 -0.015934 -0.261848
0.0153 -0.03811 0.0249
0.021429 0.03092 -0.227333
0.036872 0.015159 -0.102526
-0.01101 0.0414 -0.03877
0.0 0.03502 -0.0249
0.02121 0.04 -0.02121
0.007294 0.042408 -0.149213
-0.01184 -0.03866 -0.24378
0.037232 -0.014983 -0.329988
0.01979 -0.0127 -0.0078
0.010644 0.049516 -0.030234
0.033467 -0.035238 -0.018422
-0.00123 -0.04584 -0.1466
-0.024694 0.048138 -0.1272
-0.008514 0.048572 -0.002906
0.0022 0.04162 -0.0294
-0.004308 0.041727 -0.186383
0.032698 -0.015585 -0.162892
-0.04534 0.04258 -0.12194
-0.0114 0.04 0.0277
-0.035404 0.04345 -0.266256
0.034098 0.016774 0.00199
0.0256 0.04318 -0.0114
0.009845 0.046823 -0.310848
0.029403 -0.024954 -0.135686
0.023964 0.033805 -0.259469
0.039027 0.013757 -0.047034
-0.02892 0.03963 -0.23852
0.023382 0.031909 -0.249937
-0.0054 0.03934 0.0294
-0.021693 0.049474 -0.053432
0.040722 0.007518 -0.026091
-0.01682 0.0307 -0.0078
0.0256 -0.04318 -0.0114
-0.00588 0.046431 -0.279933
0.037836 -0.015431 -0.052243
0.040427 -0.003761 -0.018427
-0.031637 0.049786 -0.092527
0.03649 -0.033704 -0.050614
-0.0112 0.03187 0.0058
0.0058 -0.04 0.0294
-0.0173 0.0108 0.0069
0.033076 0.013284 0.005136
-0.010752 0.041036 -0.241887
0.028866 0.019743 -0.242946
0.028814 0.025037 -0.180407
-0.005786 0.046885 -0.283113
0.028058 0.028838 -0.288945
-0.017448 0.047949 -0.286455
-0.000806 0.051298 -0.033587
-0.02137 -0.0055 -0.0692
0.0195 -0.04243 -0.0212
-0.00579 -0.04559 -0.28701
0.037404 0.027843 -0.024147
-0.0112 0.04813 -0.0058
-0.005249 0.049411 -0.300751
0.036154 -0.017028 -0.089175
0.0012 -0.00029 -0.3624
-0.003 -0.03193 -0.35997
0.02054 0.0 -0.0582
0.02117 0.0108 -0.0582
-0.0208 -0.03376 -0.0058
0.017 0.0374 -0.30003
0.0022 0.04162 0.0294
-0.0316 0.039008 -0.238538
0.02448 0.045247 -0.001449
-0.01077 0.0153 -0.03
-0.023 0.03715 0.0166
0.014691 -0.034047 -0.360114
0.01824 -0.032062 -0.242494
0.035828 0.026111 -0.330023
0.034237 0.025482 -0.055403
0.03301 0.01805 -0.173428
0.0 -0.03502 0.0249
0.037361 -0.018146 -0.052262
-0.017843 0.051152 -0.10189
0.01625 -0.01724 -0.29999
0.011306 0.048266 0.002902
-0.0157 0.02746 -0.29882
0.038256 0.01603 -0.080839
-0.0114 -0.04831 0.0
-0.0173 0.0261 -0.0018
-0.04321 0.032688 -0.221362
-0.03697 0.04257 -0.06179
0.030802 -0.009856 0.008264
-0.003419 0.047348 -0.126207
-0.008066 0.049932 -0.321209
0.013059 0.045853 -0.300887
-0.01607 0.0157 0.0032
-0.0227 0.0108 0.0069
0.02477 0.0058 0.0069
0.02576 -0.0108 0.0069
0.040917 -0.003834 -0.028048
0.038545 -0.009535 -0.007769
-0.01617 -0.0369 -0.03
-0.0208 0.04624 0.0058
-0.0395 -0.02144 -0.30378
0.040634 0.0 -0.039679
0.027729 0.009933 -0.293745
-0.03971 -0.05073 -0.07902
0.025566 0.026878 -0.241775
0.016043 0.047405 -0.005818
0.027241 0.021363 -0.293027
0.031053 0.009724 -0.23664
0.036527 0.012125 -0.127589
0.035957 -0.032564 -0.02603
0.01814 0.015 -0.0378
-0.0195 -0.03415 0.0114
0.040472 -0.011418 -0.031952
0.036081 0.003809 -0.16208
0.0245 -0.0362 -0.0222
0.008513 0.048599 -0.001452
-0.0195 0.04243 -0.0212
0.031335 0.034152 -0.01105
0.0043 -0.03682 -0.0277
0.03568 0.02554 -0.08327
0.034784 0.022438 -0.003181
0.04007 0.0 -0.0147
0.020914 0.046314 -0.004352
0.02195 -0.0235 -0.0078
0.020435 0.042972 -0.087044
0.03134 0.0 -0.0692
0.02945 -0.01764 -0.21777
-0.009933 0.04486 0.023132
-0.0241 0.02915 -0.31182
0.0294 0.04 -0.0058
0.012487 0.04143 -0.311135
-0.016184 0.041225 -0.242336
-0.003155 0.045828 -0.138806
0.005313 0.048477 -0.008621
-0.0061 0.052527 -0.06039
0.040594 -0.003535 -0.039694
0.040713 0.003759 -0.037811
-0.04731 0.04257 -0.09655
0.03158 -0.00119 -0.27664
0.02114 0.031 -0.36002
-0.02121 0.04 -0.02121
0.038841 0.008736 -0.330006
0.035401 0.030267 -0.014593
0.032682 0.0005 -0.215645
-0.019196 0.04094 -0.22481
0.01814 -0.015 -0.0222
-0.02 0.0111 -0.37541
-0.0153 -0.03811 0.0249
0.007578 0.0462 -0.33588
0.040099 0.007066 -0.016544
0.01904 0.0 -0.0522
0.034687 -0.036393 -0.059157
-0.01095 0.015 -0.0378
0.022674 0.035201 0.011482
0.039027 0.013757 -0.012966
-0.0249 -0.04 -0.0166
0.039211 0.017598 -0.018422
0.029 0.0392 -0.0222
0.028912 0.022019 -0.2517
0.037062 -0.000997 -0.120587
0.029 -0.0392 -0.0222
0.032739 0.037884 -0.031967
0.017209 0.034044 -0.202224
0.02441 0.0369 -0.03
-0.016106 0.041054 -0.234967
0.00637 0.047257 -0.318261
-0.005248 0.040449 -0.234072
0.024068 0.040089 -0.286311
-0.0157 -0.02794 -0.29878
0.036322 0.018067 -0.101105
-0.040653 0.04603 -0.109731
0.03923 0.0141 -0.0147
-0.024175 0.041575 0.016778
0.00694 -0.04405 -0.2762
0.038325 0.024792 -0.026091
0.029655 0.02745 -0.146971
0.008267 0.047006 -0.315171
0.028995 0.039862 -0.02804
0.04007 0.0153 -0.03
-0.04434 -0.04127 -0.28873
0.026506 -0.031485 -0.297532
0.02519 -0.0307 -0.0522
0.035614 -0.021729 -0.055233
0.009119 0.050498 -0.059174
0.038518 -0.013057 -0.009515
0.035506 -0.011726 -0.346519
-0.01315 0.0429 -0.3169
0.037846 0.01947 -0.04882
-1e-06 0.039884 -0.234103
0.015966 0.035937 -0.182545
0.028423 -0.024435 -0.154006
0.039427 -0.018213 -0.022185
0.038299 -0.020154 -0.045344
0.039425 0.003695 -0.069243
0.027448 -0.02596 -0.295413
0.037009 0.026518 -0.016567
0.0249 0.04 -0.0166
-0.01095 -0.015 -0.0222
0.0195 0.03757 0.0212
0.0 0.03658 0.0277
0.0 -0.03118 -0.0058
0.027265 0.033352 -0.280473
-0.0063 -0.04459 -0.0249
-0.02898 -0.04 0.00776
0.022728 0.041662 -0.289392
0.033725 -0.024465 -0.092172
0.01979 0.0127 -0.0078
0.017679 -0.039535 -0.11976
-0.0095 -0.0331 0.0166
0.037027 0.026525 -0.043436
0.018571 0.045628 0.014014
0.023 -0.03715 -0.0166
0.027897 -0.032434 -0.103587
0.027586 0.032562 -0.283341
0.028658 0.024918 -0.288691
0.0325 -0.007441 -0.210736
-0.0462 0.03059 -0.23798
0.0 -0.03253 -0.0166
0.02353 0.035996 -0.125019
0.0358 -0.03671 -0.04325
0.0081 -0.03757 0.0277
0.022387 0.039056 -0.108365
0.014416 0.048123 -0.026064
0.034584 -0.008256 -0.168997
0.03323 0.0341 -0.0147
-0.02215 0.04221 -0.29507
-0.0159 -0.02965 -0.31178
0.0208 0.03376 -0.0058
0.03323 -0.0341 -0.0147
-0.022551 0.040551 -0.220221
0.029609 0.01152 -0.28935
0.018499 0.042324 -0.278634
0.039019 0.025162 -0.05098
0.0106 -0.04129 0.0277
-0.05837 0.00419 -0.08388
-0.02382 0.0369 -0.03
0.022471 0.035227 -0.258822
0.002794 0.04663 -0.122383
-0.0095 0.0469 -0.0166
0.027495 0.025229 -0.19674
-0.003 0.03735 -0.36003
0.033519 -0.035748 -0.020303
-0.022433 0.040533 -0.229386
0.036789 -0.030296 -0.02606
0.030467 0.027375 -0.133296
-0.04606 0.03782 -0.07155
0.001862 0.043524 -0.151233
-0.03 0.04 0.0
0.001266 0.049302 -0.101907
0.036757 -0.02359 -0.075793
0.03961 -0.014559 -0.041556
-0.02 -0.02518 -0.35318
0.015 0.04 -0.02598
0.0345 0.017877 -0.14811
-0.0146 0.02915 -0.31562
0.038341 0.024912 -0.028047
0.035 -0.0199 -0.0018
0.02834 -0.029938 -0.29116
0.03986 0.015 -0.0222
-0.020474 0.048662 -0.124157
-0.0494 -0.00605 -0.32
0.0063 -0.04459 0.0249
0.02898 0.04 0.00776
0.01457 -0.03408 -0.18784
0.012594 0.036256 -0.210131
0.0117 -0.04351 0.0249
0.03824 -0.000696 -0.089272
0.026013 0.023375 0.000797
-0.0494 0.00555 -0.32
-0.0208 -0.04624 -0.0058
0.018802 -0.031527 -0.187034
-0.000552 0.040425 0.029864
0.033975 0.008832 -0.193325
0.040917 0.003834 -0.031952
0.021566 -0.043121 -0.292571
0.031537 0.00417 -0.276648
0.0112 0.04813 -0.0058
0.02978 6e-05 -0.29001
0.032786 -0.020136 -0.119872
0.017268 0.043603 0.021301
-0.00714 -0.02557 -0.35998
0.028097 0.042668 0.004421
0.00494 0.04026 -0.24984
-0.0529 -0.03776 -0.28516
0.039622 -0.018496 -0.028047
0.016492 0.046888 -0.06974
-0.0024 0.01632 -0.35521
0.0 0.04 0.0299
-0.02 -0.0392 -0.0222
0.021556 0.030701 -0.221167
0.040367 -0.011266 -0.035858
-0.0277 -0.04 -0.0114
-0.0256 0.03682 0.0114
-0.04481 -0.03057 -0.08262
0.0114 0.04 -0.0277
0.007209 -0.034717 0.023076
0.012364 0.046056 -0.29264
0.032845 0.037907 -0.050935
0.040064 -0.015231 -0.031951
0.034502 -0.024976 -0.05535
-0.029477 0.040813 -0.185508
0.03155 -0.0205 -0.0632
0.03738 -0.02443 -0.06987
-0.0117 0.03649 -0.0249
-0.02137 0.0055 0.0092
0.033021 -0.019609 0.002132
0.011797 0.046596 -0.295105
0.031506 0.03715 -0.018353
0.020399 0.044285 -0.0167
0.0208 -0.03376 -0.0058
-0.0195 -0.03757 0.0212
0.03827 -0.024659 -0.03586
-0.0146 0.02914 -0.32442
0.027 0.00271 -0.36
0.017792 -0.0308 -0.217154
0.01303 0.04471 -0.32375
0.015355 0.040004 0.025698
0.006 0.0374 -0.30003
0.01172 0.046723 -0.096486
0.015355 0.035416 -0.195955
0.034995 0.019955 -0.34657
0.031904 -0.035162 -0.076149
0.034583 0.028411 -0.082166
0.031342 0.004858 -0.279676
-0.0212 0.04636 0.0
0.037688 -0.01851 -0.050543
0.012896 0.045779 0.018969
0.0271 -0.03664 -0.0058
0.014319 0.037787 -0.248837
0.0 -0.04174 0.0294
0.035 -0.0199 -0.0582
-0.0106 0.03871 0.0277
-0.01295 0.0 -0.0018
0.0043 0.04318 0.0277
0.03056 -0.01877 -0.17831
0.027938 -0.020998 -0.241344
0.015 0.03553 0.0212
0.033591 0.025446 -0.346488
0.031591 0.038475 -0.024104
0.02894 0.034312 -0.097119
0.019087 -0.03608 0.01905
0.033239 0.021038 -0.06091
-0.029523 0.048318 -0.119071
0.037772 0.022655 -0.074853
0.028502 0.016451 -0.291214
0.022701 0.045855 -0.002903
-0.0317 0.02466 -0.29662
0.035392 0.01228 -0.159887
-0.0112 -0.03187 -0.0058
0.028608 0.041925 -0.005888
0.034435 0.017833 0.000751
0.01122 -0.05431 -0.01766
0.0271 0.03664 -0.0058
0.023338 0.029994 -0.193808
-0.01235 0.051501 -0.096641
0.027063 0.023328 -0.293194
-0.015268 0.042252 -0.189061
-0.010662 0.051854 -0.346467
0.037403 -0.009053 -0.090102
0.02668 -0.026904 -0.154186
-0.02145 -0.0141 -0.0669
-0.0063 -0.03541 -0.0249
0.004005 0.046592 -0.336481
-0.0054 0.04066 0.0294
-0.028999 0.039259 -0.213762
-0.0081 0.03757 0.0277
-0.010907 0.047954 -0.008605
-0.0034 0.02465 -0.32002
0.030748 -0.020018 -0.279011
0.0 0.04174 0.0294
0.038782 -0.006362 -0.007758
0.009726 0.041009 -0.259152
0.010871 0.037523 -0.197141
0.036528 0.024829 -0.011229
0.039532 0.018296 -0.024134
0.036894 -0.016355 -0.055289
-0.0081 -0.03415 0.0212
-0.005313 0.048477 0.008621
0.037462 -0.027975 -0.026097
-0.000691 0.039472 -0.360175
0.014149 0.046728 -0.014048
-5e-05 0.050299 -0.094003
0.0273 0.043432 0.004357
0.038822 0.017136 -0.01467
-0.0043 0.03682 -0.0277
-0.027805 0.045762 -0.142996
0.021443 0.038374 -0.268585
-0.02392 -0.0157 -0.0632
0.024015 -0.028937 -0.164959
0.017853 0.040408 -0.269061
0.03371 0.0157 0.0032
-0.038432 0.047485 -0.100241
-0.01409 0.04862 -0.31045
-0.01855 -0.0141 -0.0669
-0.04582 -0.02857 -0.28837
-0.02352 -0.0058 0.0069
0.0176 0.03472 0.0166
-0.01617 0.0369 -0.03
-0.0176 -0.04528 0.0166
-0.00776 -0.04 0.02898
0.029698 0.016979 -0.243175
0.033507 0.035737 -0.020306
0.02263 0.031771 -0.177903
0.027989 -0.014709 -0.295597
0.031234 -0.031044 -0.089337
0.0095 0.0331 -0.0166
0.017577 0.043743 -0.096508
0.03074 0.0141 -0.0669
-0.036045 0.04859 -0.090745
0.04081 -0.003759 -0.035861
0.034941 -1.1e-05 -0.1832
0.032542 -0.040103 -0.055148
-0.025648 0.040933 -0.194573
0.0095 0.0331 0.0166
0.010166 0.037238 -0.217457
0.008808 0.046433 -0.018916
0.017764 0.033901 -0.233013
0.02475 -0.03826 -0.278482
-0.0088 -0.00601 -0.2658
0.038322 0.003809 -0.090033
0.029 0.0153 0.0069
0.040293 0.007067 -0.018422
-0.038109 0.044623 -0.275239
0.037688 0.01851 -0.009456
0.018903 -0.041904 0.022268
-0.0047 0.02464 -0.33262
0.035826 -0.020643 -0.329987
0.040267 0.011263 -0.037811
0.009636 -0.036777 -0.36013
0.0 0.03253 -0.0166
0.038621 0.020974 -0.041594
0.0304 0.0202 -0.27663
-0.03549 0.048579 -0.09748
0.035824 -0.032138 -0.022142
0.03931 0.007321 -0.059682
0.013182 0.043021 -0.318549
0.032622 -0.028481 -0.055271
0.038988 0.008286 -0.080413
0.033395 -0.011798 -0.175613
0.03947 0.016198 -0.068591
-0.03614 0.03611 -0.28734
-0.01647 0.0058 -0.0669
0.01904 0.0 -0.0078
0.0195 0.04585 0.0114
0.031566 0.038175 -0.037915
-0.008808 0.046433 0.018916
-0.0114 0.04 -0.0277
0.034607 -0.021688 0.024364
-0.037773 0.047318 -0.106979
-0.020399 0.044285 0.0167
-0.04169 0.03902 -0.16427
0.03224 0.0261 -0.0018
-0.0306 -0.02796 -0.32858
0.027868 0.038755 -0.076084
0.03065 -0.0055 0.0092
0.029785 0.04 -0.002912
0.037065 -0.017683 -0.006216
-0.0083 -0.02517 -0.34338
0.036367 0.015133 -0.1142
0.035518 -0.013293 -0.060812
-0.02692 0.0277 -0.0222
0.012628 0.046158 -0.294005
0.03386 0.013 -0.18582
0.038263 -0.009237 -0.329989
0.037359 0.018146 -0.007738
0.03593 -0.00485 -0.15189
0.035898 0.006384 0.002019
-0.015 0.04 0.02598
0.038484 0.005888 -0.006241
0.026424 0.04 -0.014067
0.027509 0.029024 -0.157421
0.028315 -0.040097 0.009603
0.038871 -0.000647 -0.055648
-0.01347 0.0261 -0.0453
1.9e-05 0.051993 -0.062971
0.03683 0.0261 -0.0147
0.039751 0.014781 -0.03968
-0.023103 0.043695 -0.165192
0.02519 -0.0307 -0.0078
-0.010223 0.041363 -0.206829
-0.031749 0.04452 -0.146818
0.038305 -0.024841 -0.026088
0.010949 0.046976 -0.296213
-0.0314 -0.00021 -0.2646
0.007317 0.038928 -0.241516
0.034921 0.034669 -0.033948
0.029528 0.022291 -0.285602
0.01232 0.042914 -0.335214
0.03896 -0.0 -0.0522
0.030898 -0.022323 -0.13549
0.0018 0.04251 -0.33995
0.040723 -0.007669 -0.02609
-0.01821 -0.0403 -0.18923
0.01877 -0.0141 -0.0453
0.005121 0.041428 -0.257306
0.034804 -0.03425 -0.022153
0.027852 -0.041872 0.008667
0.036643 0.029944 -0.022163
0.0106 0.04129 0.0277
0.0106 -0.03232 0.0114
-0.00351 -0.02003 -0.01254
0.017779 -0.030799 -0.223528
0.039517 0.008051 -0.06795
-0.0195 0.03757 0.0212
0.015802 0.035043 -0.232792
0.029746 -0.039999 -0.001945
0.0195 -0.03757 -0.0212
-0.0263 0.02467 -0.28942
0.020022 0.043902 -0.292674
-0.05646 -0.01993 -0.08138
0.01202 0.04562 -0.288075
0.038603 -0.014575 -0.06797
0.03585 0.01203 -0.15124
0.005714 0.048791 0.002907
0.027624 0.037576 -0.085502
0.030674 -0.020375 -0.269659
0.032679 0.037909 -0.028064
0.000521 0.040071 -0.205621
0.031125 0.032765 -0.089078
0.034552 -0.004241 -0.18334
0.030828 0.027685 -0.124956
0.01625 0.02276 -0.30002
-0.00075 0.04135 -0.36003
0.030762 0.025894 -0.000276
0.02069 0.0277 -0.0378
0.034184 0.024045 -0.003142
0.036115 -0.033588 -0.055835
0.02441 0.0 -0.0669
0.040152 -0.011043 -0.039691
0.03359 0.0 0.0069
-0.05536 -0.02599 -0.16849
0.024883 0.020314 -0.360087
0.030833 -0.0095 -0.286438
0.029998 -0.024403 -0.278939
-0.0477 -0.00024 -0.2972
-0.022513 0.040616 -0.236739
0.0153 -0.04189 0.0249
0.025339 0.03444 -0.293533
0.035261 -0.028618 -0.048862
0.03224 0.0261 -0.0582
-0.02705 0.0282 -0.03
0.013881 0.047821 -0.019502
0.030916 -0.014335 -0.211793
0.038914 -0.003182 -0.00777
0.039224 0.003334 -0.060145
0.038177 -0.021988 0.019296
0.033248 0.031167 -0.081031
0.031636 0.009469 -0.222702
0.028093 0.027033 -0.26023
-0.0281 0.02091 -0.35902
0.0114 0.04831 -0.0
0.02972 0.016776 -0.236199
0.02835 9.9e-05 -0.293612
0.029 -0.0369 -0.0453
0.025464 0.034519 -0.268935
0.033834 -0.023095 -0.001658
0.03138 -0.00305 -0.24423
-0.00018 -0.04839 -0.12575
-0.02 -0.0153 -0.0669
-0.006762 0.052338 -0.052531
0.030354 -0.030187 -0.097198
0.02666 0.0 0.0092
0.03323 0.0058 -0.0669
0.017656 0.045577 -0.077605
-0.021074 0.045365 -0.271998
0.024908 0.027346 -0.215196
-0.0119 -0.02797 -0.33618
0.028149 0.02929 -0.269008
0.032692 0.037984 -0.03
0.008559 0.048611 -0.0
0.039162 0.009892 -0.011211
-0.003623 0.044295 -0.153227
-0.005614 0.048779 0.002907
-0.02774 0.043098 -0.260909
0.036857 0.003625 -0.139756
-0.01607 -0.0157 -0.0632
-0.0195 -0.04585 -0.0114
0.02726 0.0141 0.0069
0.037462 -0.027975 -0.033903
0.029318 0.029942 -0.124451
0.02898 -0.04 0.00776
0.030656 0.031816 -0.098301
-0.05364 0.03065 -0.07946
-0.01868 -0.04491 -0.29769
0.031542 -0.022893 -0.120084
-0.000664 0.042114 -0.257427
0.038919 0.003182 -0.007769
0.02735 -0.0055 0.0092
0.019967 0.042812 -0.284022
0.012767 0.042984 -0.334045
-0.03718 0.04374 -0.28669
0.0022 -0.03838 -0.0294
0.032926 0.02326 -0.131262
-0.014311 0.048633 -0.308696
0.015816 0.038381 -0.360065
-0.0051 0.02097 -0.29022
0.007 0.053909 -0.330039
0.026173 -0.023053 -0.217557
-0.01032 -0.01729 -0.35999
0.005711 0.048824 -0.0
0.04001 -0.010818 -0.041573
0.006121 0.047347 -0.310075
0.040594 0.003535 -0.020306
-0.02922 0.0 -0.0453
0.035517 0.013293 0.000812
-0.0317 -0.02517 -0.34338
-0.023 0.04285 0.0166
0.024882 0.020361 -0.299949
-0.0081 0.03415 -0.0212
-0.02903 0.03913 -0.22021
0.019904 -0.029363 -0.223621
0.013338 0.047636 0.008625
0.031547 -0.003258 -0.237083
0.036793 0.018646 -0.092533
-0.00368 -0.04488 -0.29791
0.026724 0.026878 -0.189593
-0.0117 -0.04351 -0.0249
0.036078 0.009662 0.000735
0.01625 -0.01729 -0.35999
0.037543 -0.014963 -0.006242
0.026018 0.025675 -0.221451
3.5e-05 0.046465 -0.282938
0.0008 -0.00609 -0.3616
0.02102 0.04636 -0.002903
0.0022 -0.03838 0.0294
0.036586 0.023297 -0.33002
0.00776 0.04 -0.02898
0.0176 0.04528 -0.0166
0.000832 0.040552 -0.192678
-0.0222 0.02914 -0.33082
0.0008 0.00551 -0.3616
-0.0176 -0.03472 -0.0166
0.02285 0.0085 -0.0632
0.018023 0.033326 -0.221311
0.018324 0.047713 -0.039745
-0.02 0.02965 -0.32002
-0.01307 -0.0277 -0.0222
0.03922 0.012769 -0.074236
0.03323 -0.0058 -0.0669
-0.01658 -0.0537 -0.08685
0.02 0.00271 -0.36
-0.004762 0.047816 0.014036
-0.02 -0.0078 0.0092
-0.02 -0.0117 -0.37539
0.02267 -0.02846 -0.18619
0.01464 0.044371 -0.105958
0.040555 -0.007515 -0.022185
0.036187 0.028208 -0.014632
-0.0088 -0.0061 -0.3742
0.017 -0.03188 -0.29997
0.030233 0.020913 -0.279628
0.0 0.03658 -0.0277
0.033161 -0.032437 -0.077602
0.02765 0.03078 -0.28905
0.009953 0.046588 -0.323978
0.0277 0.04 -0.0114
-0.031603 0.038387 -0.224838
-0.034282 0.039927 -0.24754
-0.022184 0.040845 -0.207577
-0.028731 0.050291 -0.074078
0.040553 0.007515 -0.022185
0.026771 0.017363 0.005178
-0.024159 0.047363 -0.133594
0.01793 0.0 -0.0147
0.027486 -0.032973 -0.278908
0.039095 -0.006716 -0.009477
-0.0376 -0.01683 -0.28479
0.018638 0.04678 -0.028476
0.021938 -0.028538 -0.236363
0.038807 0.021019 -0.020293
-0.00346 0.01594 -0.01253
0.0081 -0.03757 -0.0277
0.039581 -0.0 -0.011239
-0.0114 -0.03169 0.0
0.01168 0.045778 -0.105942
0.021863 0.033337 -0.249266
0.040064 -0.015231 -0.028049
-0.0043 -0.04318 0.0277
0.029 -0.0282 -0.0018
-0.0271 -0.03664 0.0058
0.022673 0.044796 0.011481
0.0195 0.04243 0.0212
-0.01487 -0.0085 0.0032
-0.02652 0.0261 -0.0453
0.023164 0.043069 -0.070824
-0.015 -0.04447 -0.0212
0.0106 0.03232 -0.0114
0.0114 -0.04831 0.0
0.0106 -0.04129 -0.0277
0.039234 0.003536 -0.050511
-0.01412 0.0235 -0.0078
0.0095 0.0469 -0.0166
-0.02773 0.050788 -0.087569
0.028686 -0.04 0.008641
-0.01626 0.04173 -0.24969
0.01793 -0.0153 -0.03
-0.0149 -0.03553 -0.0212
0.02965 0.038983 1e-06
0.038939 -0.000428 -0.079539
0.020232 0.032663 -0.360195
0.024628 0.033137 -0.144116
0.015894 0.046087 -0.015345
-0.01855 0.0141 0.0069
0.035253 -0.029655 -0.01283
-0.0271 0.03664 0.0058
0.02851 0.03339 -0.106352
0.035938 0.01441 -0.313532
-0.0243 0.02746 -0.29882
0.02632 0.01311 -0.30001
0.004759 0.047335 0.016632
0.024883 -0.014891 -0.360059
0.030684 -0.019034 -0.282627
0.029332 0.035755 -0.346416
0.0043 0.03682 0.0277
0.033447 0.026778 -0.099947
0.035355 0.029453 -0.01286
0.030766 -0.005237 -0.28649
0.036527 -0.024829 -0.011229
0.029 0.0392 -0.0378
0.008529 0.043832 0.025689
0.001011 0.040884 -0.185615
-0.03348 -0.04157 -0.27149
0.007 0.00271 -0.36
0.030997 -0.011085 -0.234096
0.01905 -0.00759 -0.29999
0.026985 -0.00514 -0.297287
0.036644 0.029945 -0.037837
0.033121 0.032487 -0.011201
0.0176 -0.04528 0.0166
0.03825 0.009066 -0.006254
0.011697 0.042846 -0.336301
0.01287 0.04507 -0.31344
0.0195 0.03757 -0.0212
0.0 0.04498 -0.0249
0.02415 -0.02549 -0.217449
0.033292 0.023193 -0.124425
-0.0208 0.03376 0.0058
0.032603 0.023345 -0.138101
0.019835 -0.036619 -0.130098
0.0 -0.04498 -0.0249
-0.01658 0.042833 -0.257379
0.02121 -0.04 -0.02121
-0.034403 0.041815 -0.256467
0.039876 0.007063 -0.01467
0.0077 -0.01165 -0.31999
0.029 -0.038232 -0.018394
-0.0263 -0.02518 -0.35058
0.030289 -0.025976 -0.115824
0.028069 -0.020622 -0.207798
0.034501 0.024976 -0.00465
0.03551 -0.004653 -0.162375
0.026889 0.005303 -0.360067
-0.0114 -0.04 0.0277
-0.02137 0.0055 -0.0692
0.029 0.0222 -0.0632
0.0256 -0.03682 -0.0114
0.031701 0.005316 -0.229891
0.029738 0.019264 -0.251919
0.03821 -0.0127 -0.0078
0.029 -0.0282 -0.0582
-0.0114 0.03169 0.0
0.038014 -0.019512 -0.071419
-0.005565 0.048163 -0.289445
0.02645 0.0205 -0.0632
-0.0054 -0.04066 0.0294
0.035637 -0.009084 0.001978
-0.0278 -0.02557 -0.35998
0.025989 0.009944 -0.297241
-0.01596 -0.04757 -0.14919
-0.0112 -0.04813 0.0058
0.026016 -0.030276 -0.131571
0.034992 -0.023626 -0.004658
0.009025 0.04618 -0.288617
0.032503 0.001446 0.00819
-0.0309 0.04322 -0.15877
-0.015403 0.047253 0.008629
0.00638 0.00407 -0.01611
0.033831 0.035149 -0.06279
0.00182 0.0414 -0.30003
0.009888 0.046432 -0.3289
0.020998 -0.038973 -0.105578
-0.0408 0.00551 -0.3616
0.037263 -0.001194 -0.110924
0.02681 0.03409 -0.27761
0.0212 -0.04 -0.0212
-0.00988 0.041848 -0.194182
0.01733 -0.039526 -0.267611
-0.025618 0.040043 -0.213895
0.040246 0.003534 -0.01655
0.03745 -0.00517 -0.09541
0.033245 0.01315 -0.193241
0.033467 0.035238 -0.041578
-0.0106 0.03871 -0.0277
0.024628 -0.026762 -0.24508
0.038701 -0.020622 -0.041588
0.035675 0.015043 -0.137854
0.030401 0.013983 -0.236428
0.036853 -0.013056 -0.089642
0.0043 0.04318 -0.0277
-0.00027 0.044691 -0.272322
0.0 0.047723 0.015307
-0.02 -0.0282 -0.0018
-0.035002 0.040103 -0.177192
-0.02 -0.02149 -0.36238
0.036627 0.029455 -0.020289
0.035995 -0.032462 -0.033892
-0.0243 -0.02794 -0.29878
-0.019431 0.044946 -0.155752
0.023591 0.024807 -0.360095
0.01703 -0.03713 -0.14472
0.018854 -0.041996 -0.096112
0.031743 -0.027005 -0.098634
-0.01412 -0.0235 -0.0522
0.03174 -0.007112 -0.2601
0.03896 0.0 -0.0078
0.039021 0.021676 -0.033917
0.025345 -0.047966 -0.033602
0.024173 0.041573 0.016777
0.038158 0.02457 -0.037816
0.027784 -0.034264 -0.28541
0.021294 0.033586 -0.169063
0.025501 0.033876 -0.127434
0.0153 0.04189 -0.0249
-0.0112 0.04813 0.0058
0.026512 0.035367 -0.283552
-0.0208 -0.03376 0.0058
0.0 -0.03658 0.0277
0.035816 -0.031653 -0.039735
0.032147 -0.003677 -0.222799
0.029207 0.025837 -0.268772
0.02061 0.037025 -0.136824
0.01283 0.04143 -0.30441
0.03986 0.015 -0.0378
-0.0477 -0.00027 -0.3428
0.023 0.03715 0.0166
-0.0137 -0.02513 -0.28938
0.03779 -0.024407 -0.060513
-0.0081 0.03757 -0.0277
-0.00971 0.04709 -0.33491
0.022832 0.026944 -0.299916
0.036698 -0.02547 -0.012961
-0.02078 0.0516 -0.06422
-0.0353 -0.02516 -0.33258
0.029598 -0.02943 -0.10507
0.031229 -0.017363 0.005178
0.037234 -0.02749 -0.06389
0.038499 0.022856 -0.069522
-0.01347 0.0261 -0.0147
0.035281 -0.030053 -0.073136
0.011588 -0.041228 -0.267627
-0.007679 0.049912 -0.323028
0.027451 0.028058 -0.291266
-0.00154 0.00408 -0.01001
-0.0195 -0.03757 -0.0212
-0.02512 0.0085 0.0032
0.039495 0.019264 -0.062224
-0.0149 0.04447 0.0212
0.03725 -0.027319 -0.020318
-0.00406 0.046855 0.018951
0.02054 0.0282 -0.03
0.036463 -0.005416 0.000785
-0.005 0.02092 -0.34982
0.01489 0.04012 -0.30054
0.022788 0.039945 -0.09913
0.012582 0.047204 0.01273
0.034485 0.000236 -0.191854
0.028073 0.023492 -0.206097
0.037717 0.029217 -0.05661
-0.021275 0.050667 -0.058803
0.031238 0.033233 -0.009288
-0.019089 0.041091 -0.213896
0.021797 -0.033986 -0.138181
-0.030857 0.042339 -0.258162
-0.0254 0.02915 -0.31562
0.030222 0.030895 -0.107532
-0.04553 -0.03751 -0.28869
-0.00714 0.03105 -0.30002
-0.0456 -0.01164 -0.29879
-0.0173 -0.0108 0.0069
0.031378 0.035898 -0.0145
-0.02121 -0.04 -0.02121
0.016162 0.034412 -0.221691
-0.02 -0.0282 -0.0582
0.026424 0.04 0.014067
0.033661 -0.007847 -0.189972
0.034879 0.010316 0.00325
0.032012 -0.03153 -0.007641
0.031582 0.006537 -0.260025
-0.025667 0.040042 -0.233956
-0.036397 0.045032 -0.276055
0.030986 0.005171 -0.283037
0.034128 -0.008051 -0.179487
0.02666 -0.024145 -0.247529
0.016026 0.039003 0.025028
0.035338 -0.033395 -0.065874
0.037233 0.020455 -0.330017
0.006121 0.04931 -0.090158
0.0149 0.04447 -0.0212
0.0 0.04747 -0.0166
-0.02392 0.0157 0.0032
0.0294 0.04 0.0058
0.028863 -0.045388 -0.03246
-0.0153 0.03811 -0.0249
0.032494 0.034044 -0.07456
0.02433 0.028061 -0.234292
0.036395 0.025747 -0.077929
0.019368 0.035768 -0.159409
-0.01647 0.0341 -0.0147
0.029 -0.0369 -0.0147
-0.015613 0.041452 -0.207566
0.00978 0.04156 -0.33798
-0.01487 0.0085 0.0032
0.033276 0.037502 -0.046706
0.033724 0.004611 -0.200796
0.02121 -0.04 0.02121
0.03964 0.007067 -0.047066
0.0124 0.04141 -0.31338
-0.02497 0.0199 -0.0582
0.03065 -0.0055 -0.0692
0.035982 -0.032665 -0.028014
0.022306 -0.03517 -0.123776
0.027755 0.022153 -0.235765
0.040152 0.011043 -0.020309
0.036527 0.004259 0.000787
-0.0254 0.02914 -0.32442
0.00758 -0.04544 -0.28789
0.013651 0.037088 -0.183254
0.036342 0.006964 0.000776
0.024671 0.027479 -0.221358
0.0195 -0.04243 0.0212
0.0 -0.04342 0.0277
0.0 0.04831 -0.0114
0.020812 0.036478 -0.259013
0.007475 0.038417 -0.233661
0.032314 -0.022993 -0.346273
0.0195 0.03415 -0.0114
0.010098 0.049183 -0.023665
0.018571 -0.034372 0.014014
0.0234 0.029022 -0.2151
0.03911 -0.000653 -0.065567
0.02695 0.041788 -0.011549
0.0352 -0.026188 -0.080362
-0.02 0.02091 -0.36242
0.013234 0.043172 -0.311197
0.023 -0.0199 -0.0018
0.025416 0.039899 -0.082892
0.0176 -0.03472 -0.0166
0.01877 0.0141 -0.0453
-0.0449 0.02805 -0.28626
-0.0086 -0.02795 -0.31998
0.037151 -0.026926 -0.041561
0.037946 -0.01376 -0.078871
-0.02571 0.0446 -0.05789
-0.05191 -0.01823 -0.28731
0.01814 0.015 -0.0222
0.03566 0.0 -0.0632
0.036012 0.032647 -0.058579
-0.00531 0.048168 0.011423
0.028919 -0.021428 -0.180303
0.038603 0.011729 -0.330008
0.006467 0.040106 -0.177777
0.0106 0.04129 -0.0277
0.027215 0.031716 -0.132269
0.02917 0.038052 -0.0
0.0071 -0.00604 -0.2976
0.035506 0.017176 -0.346544
0.028392 0.026883 -0.288824
-0.018738 0.041505 -0.201249
0.018411 0.043065 0.021287
0.017174 0.048182 -0.053761
0.0049 0.01635 -0.32001
0.023012 0.030228 -0.240343
0.02059 0.04491 -0.06816
-0.031626 0.04053 -0.247528
0.028118 0.029306 -0.147971
0.017862 -0.030954 -0.229901
-0.0005 -0.02147 -0.33618
0.02549 -0.02955 -0.14374
0.02784 0.022442 -0.242722
0.036186 -0.028207 -0.014632
0.0401 -0.007066 -0.043456
0.015 -0.04 -0.02598
0.03224 -0.0261 -0.0018
0.03032 0.01416 -0.24341
0.02813 0.0072 0.0092
0.01287 -0.043206 -0.275975
0.03497 0.0199 -0.0018
0.03953 -0.003535 -0.011212
-0.019023 0.052081 -0.087666
-0.0618 -0.03224 -0.09602
-0.01232 -0.00764 -0.35999
0.0208 0.03376 0.0058
-0.01122 0.04786 -0.32738
0.01191 -0.05321 -0.03684
-0.0117 0.03649 0.0249
0.00723 -0.04481 -0.29797
0.031217 -0.005548 -0.283131
0.040237 -0.003761 -0.016553
0.03083 0.015582 -0.279646
0.003 -0.01684 -0.30099
0.026415 -0.036654 0.00862
0.027463 0.043462 0.002907
0.025537 0.043375 -0.027814
-0.01095 0.015 -0.0222
0.036492 0.031873 -0.051246
0.027807 -0.024233 -0.164625
0.03168 -0.011112 -0.276042
0.02666 0.0 -0.0692
0.031533 0.008181 0.008182
0.031752 0.027987 -0.003087
0.03829 -0.019496 -0.061753
0.034134 -0.012117 -0.156288
-0.011268 0.04274 -0.257379
0.027965 0.024131 -0.290976
0.036002 -0.032614 -0.031947
0.032519 -0.023533 -0.104688
0.030564 0.036793 -0.0728
0.02432 0.02271 -0.36002
-0.011605 0.047179 -0.283297
0.024133 -0.032397 -0.131845
0.0 -0.04 0.0299
0.023 -0.0199 -0.0582
-0.04854 -0.01994 -0.08747
0.04221 0.0 0.017484
-0.02145 -0.0141 0.0069
0.03463 -0.02104 -0.09353
0.018071 0.047981 -0.045383
0.02735 -0.0055 -0.0692
0.03688 -0.005528 -0.108774
0.020045 -0.037416 -0.121773
0.03407 0.03663 -0.03825
-0.0063 0.03541 -0.0249
-0.01032 0.02271 -0.36002
0.02645 -0.0205 -0.0632
0.030377 0.011218 -0.286047
0.037706 0.012498 -0.094261
0.03798 -0.02433 -0.05115
-0.0477 0.01115 -0.32001
-0.0208 -0.04624 0.0058
0.03074 -0.0141 0.0069
-0.0227 -0.0261 -0.0018
0.021616 -0.046367 -0.064457
0.030933 -0.010918 -0.241218
0.034379 0.031446 -0.012862
0.006674 0.040554 -0.170721
-0.01714 0.04829 -0.29266
0.02405 -0.041068 -0.28501
0.02999 -0.01698 -0.2898
0.036627 -0.029455 -0.039711
0.0112 0.04813 0.0058
0.036527 -0.024828 -0.048771
-0.02121 -0.04 0.02121
-0.01855 -0.0141 0.0069
0.027254 0.027344 -0.00158
0.02714 0.030135 -0.2912
0.009462 0.040294 -0.163488
-0.013809 0.052289 -0.058349
0.032001 -0.031918 -0.083439
0.023961 0.028793 -0.205827
0.034335 0.022713 -0.346545
0.03224 -0.0261 -0.0582
0.02234 0.0 -0.0632
0.01968 0.043712 -0.289938
0.012896 -0.034221 0.018969
0.03497 0.0199 -0.0582
0.038734 0.025989 -0.058262
0.033647 0.026775 -0.004642
0.0 0.04 -0.03
0.03683 -0.0261 -0.0453
-0.007332 0.049845 -0.32489
-0.01927 0.0072 0.0092
-0.0106 -0.04129 0.0277
-0.0281 -0.02794 -0.30378
0.01328 -0.03325 -0.21697
0.010906 0.047952 -0.008604
0.038888 0.02558 -0.054621
-0.0281 0.02098 -0.28102
0.031379 -0.035899 -0.0145
-0.0176 0.03472 -0.0166
0.038156 0.019513 -0.012917
0.038585 -0.014495 -0.053654
0.040366 -0.011343 -0.024138
0.0208 -0.03376 0.0058
-0.0024 -0.01683 -0.28479
-0.02072 0.0072 0.0092
-0.0178 0.02915 -0.30922
0.038878 -0.004639 -0.066029
0.03672 -0.00565 -0.11323
-0.0212 0.03364 0.0
0.026164 0.035399 -0.277681
0.021388 0.031231 -0.233497
-0.003 0.0374 -0.30003
0.035957 0.032564 -0.03397
-0.02077 0.04096 -0.29429
0.02225 0.04495 -0.02434
-0.0105 -0.01689 -0.36599
-0.01682 -0.0307 -0.0522
0.0271 -0.04336 -0.0058
0.006256 0.050266 -0.027857
0.0149 -0.03553 0.0212
0.013541 0.037209 0.024986
0.040481 -0.011488 -0.03
0.039814 0.010818 -0.043451
-0.0079 0.04644 -0.33853
-0.0081 -0.04243 0.0277
0.0271 -0.03664 0.0058
0.03867 -0.00463 -0.05611
0.037555 0.008112 -0.003248
0.035352 -0.013145 -0.112723
0.016494 0.043406 0.022266
-0.00405 -0.04006 -0.18934
-0.0243 0.02743 -0.34122
0.013215 -0.038517 -0.259246
0.034777 0.033764 -0.020262
-0.02 0.02467 -0.28682
0.039427 0.018213 -0.037815
-0.02249 0.040526 -0.224804
0.03 -0.025607 -0.121903
0.034875 -0.010316 0.003249
-0.002858 0.048858 -0.004356
-0.010987 0.049379 -0.298064
-0.0119 0.02098 -0.28102
-0.028993 0.039485 -0.207317
0.013244 0.046037 0.017812
-0.04473 0.02665 -0.08259
-0.012932 0.048408 -0.317141
-0.0043 -0.04318 -0.0277
0.0054 0.04066 -0.0294
-0.0477 -0.01165 -0.31999
0.02917 0.041948 0.0
-0.003467 0.047642 -0.337683
0.0335 0.0362 -0.0378
0.02117 0.0261 -0.0147
0.0271 0.03664 0.0058
0.022105 -0.034381 -0.132102
-0.03194 -0.04638 -0.14513
-0.005447 0.052482 -0.068252
0.029748 -0.025325 -0.275304
-0.0294 -0.04 -0.0058
-0.02767 -0.0127 -0.0078
0.035037 0.024883 -0.091837
0.010367 0.043858 0.024948
0.035914 -0.032361 -0.024084
0.034909 0.017948 -0.136282
0.034334 0.022739 -0.313495
0.034551 0.012124 0.003271
0.03879 0.013409 -0.048762
0.00853 -0.04478 -0.12452
0.04076 0.0 -0.0378
0.02429 -0.0157 0.0032
0.029366 0.025194 -0.282899
0.037725 0.003421 -0.103768
0.00473 -0.03814 -0.18898
0.036527 -0.004259 -0.060787
0.006209 0.04285 0.027742
-0.0083 -0.02514 -0.29658
0.02812 0.0325 -0.11559
0.03961 -0.014559 -0.018444
0.033834 -0.023095 -0.058343
0.022288 0.040729 -0.280901
0.035822 -0.032137 -0.037858
0.0204 -0.035713 0.016702
0.029 0.0078 0.0092
0.0369 0.013583 -0.003235
0.03885 -0.00463 -0.07595
0.032081 -0.015746 0.005266
0.02443 0.037009 -0.110791
0.026187 -0.023708 -0.238892
0.02342 0.034161 -0.29806
-0.02 0.02098 -0.27762
0.033645 0.036636 -0.033909
0.0043 0.03682 -0.0277
0.024454 0.044812 -0.048933
0.033427 -0.020556 -0.107503
0.040264 -0.011263 -0.037811
0.033193 -0.007508 -0.19982
-0.0095 0.0331 -0.0166
-0.0157 -0.02797 -0.34118
0.039255 0.008275 -0.076956
0.038299 0.020154 -0.014656
0.030775 -0.01526 -0.256133
0.0 0.03118 -0.0058
-0.008332 0.050484 -0.034062
0.018126 0.046547 -0.021911
0.027761 0.031711 -0.286206
0.04007 0.0 -0.0453
-0.022362 0.040661 -0.213899
0.007927 0.038053 -0.217934
-0.00641 0.04364 -0.34062
0.038588 -0.003182 -0.006257
-0.0095 0.0331 0.0166
0.036092 -0.015386 -0.00173
0.008102 0.047121 -0.311639
-0.02969 0.04556 -0.29112
-0.01525 0.04135 -0.36003
0.037798 -0.005034 -0.090545
-0.01647 -0.0058 0.0069
-0.01753 0.0468 -0.28034
0.035995 0.032462 -0.026108
0.020225 0.034591 -0.249451
0.00022 0.047293 -0.289299
0.0195 -0.03415 0.0114
0.02429 0.0157 0.0032
0.037315 0.021862 -0.011193
0.016345 0.047564 -0.0
0.028243 0.029786 -0.286111
0.01584 0.035519 -0.238928
-0.01307 -0.0277 -0.0378
-0.0114 -0.04 -0.0277
0.0166 -0.04 0.0249
0.039192 0.007323 -0.054722
0.031907 0.015896 -0.200654
0.0059 0.04736 -0.30773
0.018512 0.044409 -0.292901
0.011237 0.044249 -0.120379
-0.015308 0.049613 -0.041052
-0.018908 0.041252 -0.207575
0.033589 -0.036433 -0.024143
0.040713 -0.003759 -0.022189
0.030366 0.039585 -0.028062
0.02576 -0.0261 -0.0018
0.03515 -0.0085 0.0032
-0.0195 0.03415 0.0114
0.0081 0.03757 0.0277
0.032959 0.026188 -0.108524
-0.015 -0.04 0.02598
0.02409 -0.045107 0.005843
0.027499 0.015649 -0.293393
-0.02 -0.0153 0.0069
0.03406 -0.016549 -0.120156
0.014489 -0.040487 -0.267595
0.037098 0.021203 -0.009472
0.02006 0.031911 -0.21538
-0.011583 0.044078 -0.265022
-0.02159 -0.03819 -0.24348
0.029336 -0.040096 -0.005836
0.02432 -0.01724 -0.29999
0.031513 0.038686 -0.03405
0.01724 0.0 -0.0222
-0.015446 0.041694 -0.201237
0.036078 -0.009662 0.000735
0.029 -0.0153 -0.0669
0.037948 0.023965 -0.041585
0.00409 -0.03655 -0.21744
0.015023 0.035274 -0.202804
0.03923 0.0141 -0.0453
0.031392 0.023911 0.000917
0.024069 -0.04159 -0.288218
0.038177 -0.004901 -0.085682
-0.0088 0.00559 -0.2658
0.033776 -0.0207 -0.10284
0.032116 0.009262 -0.215566
0.025529 0.026377 -0.235002
0.021489 -0.033592 -0.14426
-0.004854 0.040897 -0.206082
0.002076 0.048486 -0.32496
0.032213 -0.019593 -0.135283
-0.0281 0.02743 -0.33622
0.010492 0.047957 -0.088619
-0.03944 0.02503 -0.28708
0.0106 -0.03871 0.0277
-0.025489 0.048671 -0.058155
0.029288 -0.028439 -0.285891
-0.01917 0.043627 -0.16837
-0.0022 0.03838 -0.0294
0.03224 0.0108 -0.0669
0.022623 0.041569 -0.286432
-0.008 -0.03724 -0.29997
0.040293 -0.007067 -0.041578
-0.0277 -0.03658 0.0
0.028568 0.029305 -0.141135
0.025887 0.035108 -0.291361
0.017179 0.044531 -0.297791
0.038085 0.006366 -0.055266
0.037304 -0.005409 -0.058251
0.011279 0.038109 -0.183957
-0.02 0.02743 -0.34282
-0.04525 -0.03292 -0.28857
0.034729 0.027234 -0.007662
0.037211 -0.014494 -0.004728
0.035824 0.032138 -0.037858
0.0 -0.03658 -0.0277
0.024985 -0.028691 -0.253247
0.038589 0.012782 -0.081138
0.0061 0.04695 -0.29235
0.03359 -0.0369 -0.03
-0.00633 -0.05518 -0.0199
0.028172 0.042083 -0.042539
0.039367 0.01059 -0.047059
0.040133 0.011266 -0.039695
0.037404 -0.027843 -0.035853
-0.0094 -0.02796 -0.32858
-0.0412 -0.02145 -0.31998
0.038874 -0.021408 -0.022177
0.023272 0.032063 -0.168462
0.03323 0.0341 -0.0453
-0.0005 0.01118 -0.28101
-0.004503 0.049898 -0.30609
0.027467 -0.043467 0.002908
0.037344 0.015438 -0.092849
0.038965 -0.021545 -0.024129
0.008592 0.038674 -0.191214
-0.02 0.0078 0.0092
0.02576 -0.0261 -0.0582
0.0114 -0.03169 0.0
0.01661 0.0431 -0.27892
-0.0022 0.03838 0.0294
0.014035 0.035665 -0.227623
0.027973 -0.027829 -0.129785
0.021848 0.042112 -0.286595
-0.0142 -0.02965 -0.31998
0.02735 0.0055 0.0092
0.03323 -0.0058 0.0069
0.022562 -0.030965 -0.250895
0.020791 -0.030061 -0.186617
0.015136 -0.034752 -0.177051
-0.02887 0.0409 -0.29257
0.01877 0.0141 -0.0147
0.03455 0.004265 -0.065161
0.031237 0.039483 -0.040393
0.031419 0.005444 -0.236855
0.001682 0.048744 -0.320346
0.033468 0.002904 -0.066945
0.040481 0.011488 -0.03
0.024052 0.039997 0.01781
0.03821 0.0127 -0.0522
-0.025 -0.0199 -0.0018
0.013689 0.049475 -0.052288
0.032821 -0.023624 -0.000373
0.036878 0.016355 -0.004711
0.034451 -0.017833 -0.060752
0.02662 0.02506 -0.24251
0.013244 0.036496 -0.196439
0.035886 0.033973 -0.040587
0.035604 -0.017128 -0.094027
0.028326 0.021504 -0.222202
0.0 0.03169 -0.0114
0.038693 -0.009601 -0.074453
0.038158 -0.02457 -0.022184
0.0395 -0.022022 0.016361
-0.0306 -0.01161 -0.26879
-0.005634 0.041367 -0.249721
-0.0456 -0.01167 -0.34119
0.00182 0.04135 -0.36003
0.031261 -0.011433 -0.254058
-0.023 -0.03715 0.0166
0.030728 -0.013766 -0.286344
-0.02102 0.04636 0.002903
0.040064 0.015231 -0.028049
-0.02767 0.0127 -0.0078
0.02632 0.01307 -0.36001
-0.0081 -0.04585 -0.0212
-0.008 0.054222 -0.33004
0.039374 -0.007068 -0.011202
-0.0094 -0.01161 -0.26879
-0.02652 -0.0261 -0.0147
-0.031895 0.043946 -0.267938
0.02726 -0.0141 0.0069
0.029 0.0282 -0.0018
0.038765 0.021195 -0.03971
0.036813 0.030395 -0.031956
0.027089 0.023907 -0.22216
0.032156 -0.01095 -0.205809
0.040472 0.011418 -0.028048
0.034351 0.015204 -0.166665
-0.039722 0.042284 -0.26546
0.029011 0.019309 -0.229016
0.003074 0.041823 -0.360153
0.028722 0.023369 -0.196818
-0.0178 -0.02966 -0.33078
0.00776 -0.04 -0.02898
-0.02 0.0369 -0.0147
0.024 0.04032 -0.28912
0.0114 -0.04 0.0277
0.011459 0.044577 -0.335691
0.025882 -0.010065 -0.360057
0.039367 -0.01059 -0.012942
0.039421 -0.006365 -0.048798
-0.0277 -0.04342 0.0
0.0114 0.03169 0.0
0.026131 0.026991 -0.196653
0.039249 0.003183 -0.009486
0.02993 0.016604 -0.229235
0.017564 0.037884 -0.148612
0.033682 0.037073 -0.042478
0.023 0.04285 0.0166
0.028381 0.040203 0.009624
0.036813 -0.030395 -0.028044
0.0094 -0.00605 -0.32
0.01351 0.047451 -0.079176
-0.019688 0.046355 -0.143145
0.0256 0.04318 0.0114
0.0 -0.04342 -0.0277
0.033259 0.016938 0.003278
0.0256 0.03682 -0.0114
0.0277 -0.04 -0.0114
-0.011703 0.046686 -0.280125
0.038262 0.014712 -0.330011
-0.010582 0.040962 -0.227147
0.031219 -0.014623 -0.201932
0.017536 0.034166 -0.195377
-0.0024 -0.01688 -0.35519
0.0256 -0.04318 0.0114
0.040023 -0.003533 -0.014679
-0.02643 -0.04414 -0.28375
-0.025833 0.047342 -0.052811
-0.0119 0.02091 -0.35902
-0.01787 -0.0205 0.0032
-0.03417 0.037831 -0.234027
-0.01857 0.045626 0.014014
0.010476 0.04277 -0.26919
0.01364 0.03901 -0.2989
0.03792 0.016034 -0.084288
0.009917 -0.04372 -0.276067
0.03825 0.024712 -0.035867
0.005047 0.039479 -0.242005
-0.02382 0.0 -0.0669
0.022673 -0.035204 0.011481
-0.01682 -0.0307 -0.0078
0.0195 -0.03757 0.0212
0.033884 0.009681 0.005179
-0.02 0.0399 -0.03
0.028976 0.041878 0.003015
-0.0295 -0.01682 -0.27399
0.022002 0.028954 -0.360097
-0.0117 -0.03649 0.0249
-0.0412 0.02095 -0.32002
-0.007447 0.045145 -0.339924
0.0106 -0.04768 -0.0114
0.03996 -0.015081 -0.024148
0.02941 0.040992 -0.004338
0.038085 -0.006366 -0.004734
-0.01607 0.0157 -0.0632
0.03683 -0.0261 -0.0147
0.013416 0.040382 -0.360075
0.03605 -0.0235 -0.0522
0.039841 -0.0 -0.012967
0.008269 0.046956 -0.318099
0.026494 -0.023407 -0.197846
0.036092 -0.015386 -0.05827
0.031017 0.018437 -0.200634
0.029 0.0282 -0.0582
0.0022 0.03838 0.0294
0.033913 0.020776 -0.134701
-0.001385 0.051143 -0.086095
0.030245 -0.014689 -0.243312
-0.00714 0.031 -0.36002
0.0077 -0.00027 -0.3428
0.029636 0.040981 0.001542
0.02813 0.0072 -0.0692
0.001212 0.04128 -0.178564
0.025146 0.030417 -0.16785
0.026046 -0.02322 -0.223897
0.0063 -0.03541 0.0249
0.034919 0.034817 -0.031991
0.020597 -0.041616 -0.278865
0.029 -0.0222 0.0032
0.034435 -0.012236 -0.147457
0.031603 -0.01919 -0.15182
0.035613 -0.021728 -0.004768
0.038244 -0.019524 -0.066438
0.0 -0.04 0.0
0.035302 0.020819 -0.003277
-0.0256 0.04318 -0.0114
0.039436 0.014331 -0.04343
0.025014 0.044268 0.008683
-0.05044 0.00419 -0.08998
0.026787 0.024215 -0.228944
-0.008841 0.045554 -0.33833
0.036789 -0.030523 -0.057764
-0.01032 -0.01724 -0.29999
0.040237 0.003761 -0.043447
0.028838 0.041006 -0.007289
0.014774 0.048853 -0.03827
0.019681 0.032331 -0.227095
0.037303 0.031056 -0.04289
-0.023 0.03715 -0.0166
-0.0271 -0.04336 -0.0058
-0.035 -0.02148 -0.34978
0.035032 -0.004447 -0.172857
0.037627 0.023142 -0.014668
0.040026 -0.003533 -0.045322
-0.02212 0.0205 0.0032
0.033121 -0.032487 -0.011201
-0.003073 0.050203 -0.315622
0.031884 0.000926 -0.229921
0.039001 0.017549 -0.043457
0.033174 -0.040197 -0.044497
-0.0142 0.02915 -0.32002
0.019149 -0.043025 -0.28199
0.030047 0.016938 -0.285654
0.020274 0.04355 -0.295472
0.036643 0.0 0.00073
0.01218 -0.03592 -0.35997
0.005312 0.043959 0.026346
0.038637 -0.0 -0.006287
0.027491 -0.030903 -0.29318
0.03697 0.007902 -0.127758
0.038584 0.003798 -0.086577
-0.01445 0.0 -0.0632
-0.0153 -0.04189 -0.0249
-0.034672 0.045363 -0.276873
0.031076 -0.014793 -0.28276
-0.01862 0.0055 0.0092
0.027867 0.024698 -0.251489
0.037937 0.008035 -0.0966
-0.06008 0.01706 -0.1623
0.024366 -0.036907 0.014038
-0.0002 0.040256 -0.241934
-0.0081 0.03415 0.0212
-0.05109 -0.02107 -0.21876
0.032288 0.033381 -0.01109
0.038929 -0.004638 -0.07099
0.005611 0.048656 -0.005811
0.03917 0.02475 -0.04734
0.039006 0.005737 -0.330003
0.031198 -0.022599 -0.127786
-0.038919 0.035534 -0.229892
0.027768 -0.01999 -0.295596
0.038149 0.005413 -0.004733
0.0054 -0.04066 -0.0294
0.025293 0.037315 -0.280734
-0.043 0.01636 -0.30101
0.039875 0.007063 -0.04533
-0.01927 0.0072 -0.0692
0.035346 0.024262 -0.006202
0.00638 0.0471 -0.3241
0.035261 0.028618 -0.011138
0.037975 -0.018865 -0.048816
0.027031 0.033268 -0.289104
0.029 -0.0078 0.0092
0.01905 0.01311 -0.30001
0.03655 0.003594 -0.151593
0.018125 -0.03103 -0.201598
-0.023355 0.045044 -0.152579
0.02503 0.037527 -0.291413
-0.035314 0.045833 -0.279858
-0.0047 -0.02516 -0.33258
0.025838 0.044387 0.004388
0.01673 -0.032875 -0.187443
0.031739 -0.001654 -0.268537
-0.0106 0.03232 -0.0114
0.008662 -0.041893 -0.267677
-0.0106 -0.04129 -0.0277
-0.0393 0.03608 -0.23872
-0.002394 0.046899 -0.339387
0.011306 0.048267 -0.002902
0.034052 0.017856 -0.15645
-0.02072 0.0072 -0.0692
-0.0227 0.0261 -0.0018
-0.043 -0.01687 -0.33899
0.039072 0.002735 -0.33
0.027607 -0.040129 0.011433
-0.06428 0.01823 -0.10443
-0.06295 -6e-05 -0.16567
0.031108 -0.034286 -0.010925
0.00788 -0.04249 -0.14549
0.034193 0.020668 -0.127861
0.032789 0.027985 -0.346545
0.022726 0.035095 -0.13926
0.037104 0.015298 -0.097689
0.039518 0.014689 -0.052568
0.033988 0.027393 -0.091371
-0.03003 -0.04418 -0.29485
0.02599 -0.04762 -0.02878
0.01218 0.04135 -0.36003
0.028212 -0.045713 -0.037267
0.009563 0.039743 -0.251718
-0.023619 0.046531 -0.139981
0.037594 0.01176 -0.00478
0.006788 0.045506 -0.338295
0.033466 0.035237 -0.018422
0.039603 0.018376 -0.026092
0.03731 -0.0277 -0.0222
-0.043231 0.033133 -0.208631
-0.032225 0.049768 -0.08577
0.037993 -0.023791 -0.041582
0.019179 -0.028821 -0.360096
0.03683 0.0261 -0.0453
0.039001 -0.017549 -0.016543
0.000307 0.051848 -0.04676
0.023 -0.04285 0.0166
0.02477 -0.0341 -0.0147
0.03155 0.0205 0.0032
-0.0241 -0.02965 -0.31178
-0.0081 -0.04243 -0.0277
-0.005611 0.048656 0.005811
-0.00075 -0.03592 -0.35997
0.012634 0.043694 -0.334019
-0.01347 0.0108 -0.0018
-0.0173 0.0261 -0.0582
0.031093 -0.038564 -0.068728
-0.006085 0.046415 0.020094
0.010773 0.046831 -0.298945
-0.02 -0.0222 0.0032
0.013358 -0.042777 -0.118008
0.023091 0.037135 -0.268372
0.009106 0.046498 -0.291808
-0.00599 -0.03849 -0.24364
-0.015 -0.04447 0.0212
-0.010394 0.041224 -0.213159
0.037628 -0.023143 -0.014668
-0.039524 0.040166 -0.256558
0.028908 0.028022 -0.280141
0.032752 0.018155 0.003314
-0.0149 -0.03553 0.0212
0.01509 0.04696 0.011432
0.031006 0.014874 -0.276644
0.03195 -0.01933 -0.14299
0.03879 -0.013409 -0.011238
0.027587 -0.046032 -0.042083
0.031255 -0.01905 -0.16065
-0.032621 0.049349 -0.07903
0.0106 0.03871 0.0277
0.023353 0.041473 0.017991
-0.0159 0.02914 -0.32822
0.02121 0.04 0.02121
-0.0294 0.04 0.0058
0.023974 -0.037454 -0.099693
0.02969 -0.01835 -0.25252
-0.017347 0.048331 -0.289548
0.03961 0.014559 -0.018443
-0.05641 0.03287 -0.12472
-0.05473 0.0164 -0.19763
0.029 0.0078 -0.0692
0.03746 0.0282 -0.03
0.025231 -0.039713 -0.284974
0.00776 0.04 0.02898
-0.02 0.01631 -0.36981
-0.0227 0.0261 -0.0582
-0.0095 -0.0331 -0.0166
-0.02852 -0.0141 -0.0147
0.029623 -0.017874 -0.207901
-0.002722 0.049662 -0.324126
0.039752 0.014781 -0.02032
-0.003426 0.050228 -0.31378
-0.02212 -0.0205 -0.0632
-0.004111 0.042113 -0.179329
0.0317 -0.006151 -0.276343
0.039352 -0.017822 -0.0397
0.005313 0.048335 -0.010023
0.039589 0.018477 -0.054461
0.024631 0.040822 0.016764
0.028103 0.030732 -0.277357
0.025414 0.017955 -0.299923
0.0149 -0.03553 -0.0212
0.02684 -0.0029 0.0092
0.035095 0.023367 -0.00469
0.039959 -0.015081 -0.035852
0.0294 -0.04 0.0058
0.02149 -0.030323 -0.176005
-0.03354 -0.05223 -0.10142
0.021929 0.045863 -0.035587
-0.01347 0.0108 -0.0582
-0.030059 0.044816 -0.046807
