5786
0.00752 -0.053 -0.07241
-0.0444 0.039813 -0.078879
-0.064041 0.030777 -0.044921
-0.0106 0.0228 -0.0747
0.103809 -0.050327 -0.051167
-0.020482 0.043819 -0.075533
0.109585 0.037661 -0.052887
-0.040981 0.008648 0.011819
0.021078 -0.056036 -0.074172
-0.014177 -0.039598 -0.037465
0.009885 0.024358 -0.037481
0.048083 0.044244 -0.038797
0.067945 0.041578 -0.028889
0.087563 0.047483 -0.060589
0.037699 0.047051 -0.067214
-0.016804 0.042818 -0.062409
-0.04112 0.009929 0.012248
-0.042583 -0.011956 0.015227
0.106435 -0.008652 -0.04572
0.08461 0.0367 -0.08615
-0.005012 0.043841 -0.085481
0.108297 0.011367 -0.036088
0.106254 -0.0026 -0.07148
0.0247 0.0443 -0.04719
-0.055186 0.03631 -0.053554
-0.004947 -0.006498 -0.037244
-0.03605 0.0126 -0.00622
0.076975 -0.015945 -0.022794
0.06769 -0.0041 -0.086413
0.107554 -0.000821 -0.038176
0.07309 -0.0207 -0.02629
-0.004407 -0.050416 -0.072614
0.096928 0.031856 -0.031468
0.0572 -0.0415 -0.05
0.107928 0.01735 -0.05497
0.050848 -0.062695 -0.069082
0.067985 0.047608 -0.08208
-0.031509 0.03875 -0.085282
0.00342 -0.0058 -0.08552
-0.0069 -0.0317 -0.0568
0.023129 -0.011751 -0.037676
-0.02265 -0.034585 -0.031901
0.10624 -0.00765 -0.055225
0.01254 -0.0021 -0.038408
0.105103 0.041433 -0.039332
-0.009078 0.044777 -0.082413
0.106033 -0.017965 -0.039631
0.094929 -0.04283 -0.035994
-0.062668 -0.031286 -0.051619
0.107482 0.034756 -0.03588
-0.039389 0.017727 0.011143
0.101278 -0.0011 -0.032821
0.1223 -0.01418 -0.07995
-0.02721 -0.0449 -0.07302
0.03192 -0.0143 -0.08602
-0.006072 -0.029483 -0.035645
0.107036 0.001173 -0.045968
0.09942 0.046 -0.0859
-0.061159 -0.024975 -0.01259
-0.03944 0.0275 -0.00129
0.107304 0.012649 -0.072228
0.08657 -0.002875 -0.026909
-0.050605 0.022333 0.011765
0.0559 -0.0384 -0.06376
0.04457 0.0119 -0.08582
-0.020253 -0.046584 -0.072397
-0.028048 0.041975 -0.06386
-0.04118 0.0141 0.0151
0.107998 0.044704 -0.049527
-0.055986 0.024359 -5e-05
-0.042412 0.01028 0.017213
0.101892 0.008975 -0.031801
0.077907 -0.001492 -0.022731
0.072652 0.042525 -0.029982
-0.017243 0.040091 -0.046451
0.023922 -0.0022 -0.037738
0.102946 -0.057238 -0.064194
0.104786 0.045107 -0.048884
0.106153 0.023646 -0.032847
0.10738 -0.002457 -0.0381
-0.041523 0.006622 0.01436
-0.0517 -0.0131 -0.0432
0.014627 -0.039027 -0.037491
0.098608 -0.0024 -0.031864
0.103334 0.00431 -0.03227
0.110038 0.041896 -0.050028
0.0433 -0.0081 -0.01472
-0.04518 -0.0327 -0.02834
-0.034704 0.007255 -0.011245
0.082512 0.035021 -0.02667
0.106944 0.018309 -0.032902
-0.0007 0.0168 -0.05696
0.10771 0.0195 -0.07573
0.067613 0.047861 -0.070953
0.052766 -0.0209 -0.086084
0.022085 -0.056132 -0.072149
-0.038667 -0.008049 0.000736
-0.02191 0.016601 -0.085484
0.101116 0.046646 -0.075872
-0.05447 0.01334 -0.07049
0.103133 0.043769 -0.04323
-0.035617 0.030642 -0.012483
0.0028 0.0228 -0.0633
0.03805 -0.01125 0.02716
0.05976 -0.0638 -0.07249
-0.079014 -0.002467 -0.059966
0.106368 -0.003127 -0.064731
-0.040209 -0.00225 0.006725
-0.042758 0.002346 0.017119
0.026006 0.046487 -0.065411
0.109978 0.041671 -0.048366
-0.0126 -0.0179 -0.0791
0.106131 -0.006677 -0.064733
-0.00112 0.044651 -0.066384
0.104561 0.00769 -0.086605
0.0815 -0.0172 -0.05
-0.058407 -0.015851 0.013478
0.0268 -0.02772 0.01148
0.013355 0.0453 -0.060642
-0.041825 0.01064 0.016095
0.067556 0.047948 -0.067202
0.051896 -0.0279 -0.086092
0.087666 0.047332 -0.057581
0.034586 0.043717 -0.041364
0.075539 0.047917 -0.060056
0.10807 0.044924 -0.051277
0.10155 0.03181 -0.05085
-0.023197 0.041845 -0.059528
0.03446 0.036063 -0.035344
-0.023432 -0.024668 -0.031869
-0.047913 -0.009132 0.021232
0.048278 -0.012496 -0.035354
-0.043997 -0.014599 0.015901
0.029473 0.046313 -0.060853
0.109217 0.02318 -0.039483
0.095736 0.004429 -0.030487
-0.028206 0.043089 -0.076155
0.094579 -0.003025 -0.030235
-0.019656 -0.044102 -0.056384
-0.037384 -0.0061 -0.00348
0.0712 -0.0312 -0.04304
-0.057182 0.025083 -0.003594
-0.0248 -0.0048 -0.0843
0.04534 -0.03926 -0.0585
0.108611 0.015797 -0.03783
0.075206 0.001865 -0.021779
-0.068618 0.027942 -0.049284
0.10707 0.010275 -0.07498
0.04 -0.02323 -0.00962
0.063 -0.0095 -0.07992
-0.02255 -0.0435 -0.08594
-0.0447 -0.0247 -0.05
0.007527 -0.052634 -0.068899
0.1223 0.00418 -0.04005
-0.038257 0.008281 0.000471
0.008916 0.043066 -0.046247
-0.040777 0.028205 -0.002225
0.017 -0.0095 -0.07992
0.03138 0.01285 -0.086055
-0.0299 -0.0261 -0.0305
-0.077297 -0.011823 -0.05948
0.010628 -0.038239 -0.08772
0.003583 -0.052209 -0.074983
-0.056198 -0.034277 -0.051495
0.10609 -0.004774 -0.07073
0.02769 0.013676 -0.037517
0.015515 -0.054572 -0.071263
0.104741 -0.022945 -0.072992
-0.0181 0.028 -0.03904
0.079803 0.000903 -0.023585
-0.02134 0.028 -0.0358
0.011654 0.045468 -0.064669
0.1176 -0.03812 -0.0733
0.100353 -0.04125 -0.036939
0.0863 -0.0313 -0.04835
0.09947 0.047171 -0.078431
0.09975 0.03165 -0.08588
-0.002346 -0.049855 -0.064584
-0.042628 0.032442 -0.01884
0.017 0.0095 -0.02008
0.10355 -0.01661 -0.08215
0.10721 0.006925 -0.054972
-0.016747 0.025716 -0.033101
-0.028972 0.041723 -0.084707
0.107373 0.006549 -0.047215
-0.036438 0.006101 -0.005733
0.057937 0.02183 -0.033216
0.011758 0.043171 -0.045919
-0.03758 0.008855 -0.001769
-0.0226 -0.0063 -0.0843
-0.05937 0.0074 -0.07049
-0.0137 0.0026 -0.0157
0.0693 -0.0121 -0.02456
0.10251 -0.00838 -0.04146
0.04 0.0441 -0.04304
0.025033 -0.056357 -0.069091
0.0107 0.0121 -0.02456
0.10896 -0.0388 -0.0593
-0.047367 0.037368 -0.046401
-0.031187 -0.007724 -0.02394
0.109 -0.0388 -0.083
0.085342 0.041344 -0.032778
0.106031 -0.053285 -0.074488
-0.052745 0.022005 0.010258
0.088275 0.046387 -0.048036
-0.030651 0.035246 -0.028291
0.030633 0.046738 -0.082992
0.0481 0.0033 -0.01472
0.101258 -0.0018 -0.032817
-0.04123 0.0104 0.0131
-0.050825 0.025276 0.003054
-0.051117 -0.004335 0.02331
0.105738 -0.0333 -0.059671
0.04251 0.0465 -0.05489
0.10085 0.03487 -0.06
0.086411 0.02217 -0.025787
0.021092 0.02443 -0.037132
0.005038 0.023504 -0.037282
-0.003232 0.045251 -0.075968
0.044296 -0.060505 -0.069745
-0.01543 0.017 -0.03487
0.060549 0.044383 -0.034476
0.10915 0.0435 -0.04672
-0.037292 0.040029 -0.053996
-0.033688 0.007178 -0.014208
-0.04139 -0.0066 0.010702
-0.0174 0.0063 -0.0843
0.10007 0.0173 -0.08586
-0.0152 -0.0048 -0.0157
-0.051772 0.017178 0.018592
0.108948 0.022985 -0.041352
-0.0468 0.0111 -0.0306
0.119 -0.04406 -0.06465
0.09847 0.0361 -0.08591
0.09065 0.038977 -0.03267
-0.01099 0.044 -0.07232
0.106039 -0.008102 -0.064733
-0.038158 0.028566 -0.005013
0.10932 0.044796 -0.07397
-0.072169 -0.018826 -0.068917
0.03734 0.047769 -0.078181
0.0257 -0.0345 -0.03
0.09376 -0.0271 -0.08693
0.02779 0.02751 -0.0445
-0.059557 0.034832 -0.059123
-0.041808 0.009746 0.015584
0.10826 0.0447 -0.08574
-0.055696 0.036464 -0.057072
0.101842 0.015764 -0.031471
-0.035892 -0.019806 -0.008029
-0.040221 0.008951 0.007966
0.104745 -0.017392 -0.034374
0.106791 -0.008119 -0.036332
0.09805 0.01651 -0.07695
0.066453 -0.065344 -0.071868
0.10764 -0.0313 -0.05323
-0.03931 -0.021092 0.00353
-0.02675 -0.01478 0.01492
0.050121 0.008552 -0.034607
-0.041114 0.029518 -0.006467
0.100599 -0.001072 -0.032627
0.0693 -0.0121 -0.07544
0.02627 -0.0037 -0.08613
-0.038359 0.003076 0.000487
-0.01584 -0.0013 -0.03486
0.107485 0.0129 -0.06322
-0.042975 0.030775 -0.011837
-0.0007 0.0168 -0.04304
0.01057 -0.0522 -0.06335
0.0107 0.0121 -0.07544
-0.00542 -0.0449 -0.04764
0.013981 0.00325 -0.038415
-0.018 0.0194 0.00804
0.078299 0.013094 -0.022712
-0.056323 0.020132 0.008593
0.08499 0.021 -0.06892
-0.078362 -0.008888 -0.045782
0.0969 0.0177 -0.08592
-0.033042 -0.031879 -0.022746
-0.02 0.0323 -0.0633
-0.047649 0.031933 -0.019422
-0.060176 -0.0304 -0.078975
0.10099 -0.0626 -0.08577
0.084614 0.026007 -0.024724
-0.048756 0.032783 -0.023902
-0.02967 -0.021 0.0
0.109835 0.039727 -0.042665
0.09305 0.02551 -0.06
-0.03715 0.022443 0.002281
0.08261 -0.0462 -0.0371
-0.031444 -0.043725 -0.070588
0.101979 0.027799 -0.032328
0.105956 -0.035685 -0.0802
-0.038212 0.024724 0.001977
0.02491 -0.03674 -0.07049
0.01978 0.0334 -0.08627
-0.026795 -0.01105 -0.086114
0.067232 0.04761 -0.055938
0.10895 0.035523 -0.06772
0.10564 -0.026123 -0.039462
-0.006066 0.042521 -0.051455
0.09768 0.03173 -0.06744
0.075437 0.002972 -0.021828
0.022557 0.044209 -0.047475
0.038888 -0.01249 -0.036596
0.040377 0.008307 -0.036065
0.024541 0.042254 -0.039812
-0.0126 -0.0179 -0.0209
0.109719 0.036751 -0.042425
0.091883 -0.035841 -0.032844
0.106379 -0.008726 -0.04722
0.084562 0.020742 -0.024739
0.091179 0.01838 -0.028201
-0.011213 -0.047162 -0.061233
-0.039183 0.038648 -0.046039
0.106629 -0.005575 -0.044219
0.02906 -0.0214 -0.086065
0.098395 -0.009 -0.086865
-0.039853 -0.034715 -0.033237
0.106052 -0.014176 -0.04672
0.0559 -0.0065 -0.0832
-0.023685 0.042257 -0.08505
-0.038477 0.037179 -0.037733
0.10739 0.0096 -0.05522
-0.0025 0.0175 -0.0253
-0.06099 -0.01746 -0.093
0.04 0.0 -0.02514
0.012004 0.045043 -0.058143
0.036158 0.044362 -0.043782
0.1317 -0.0212 -0.05535
-0.041464 0.004361 0.012481
-0.03131 -0.02399 -0.0445
-0.036185 -0.029833 -0.013577
0.079345 -0.004459 -0.023431
0.081472 0.012949 -0.023766
0.106323 -0.007525 -0.051973
-0.040534 0.0112 0.012544
0.03805 -0.02716 -0.01125
-0.03168 -0.0004 -0.08514
-0.046552 0.039435 -0.061418
-0.039741 -0.007525 0.00473
0.102776 0.046788 -0.078371
0.016703 0.046891 -0.082744
0.101645 -0.035295 -0.087544
0.03328 0.044604 -0.046538
0.10873 0.031242 -0.078907
-0.0067 -0.0323 -0.05
0.0664 -0.0264 -0.03
-0.010183 0.040814 -0.045537
0.11 0.0373 -0.05535
0.108458 0.021897 -0.047466
0.029349 0.030118 -0.03572
0.078469 0.035527 -0.02567
-0.03199 -0.0058 -0.08514
0.102771 0.042291 -0.039932
-0.054849 0.032535 -0.030042
0.0543 0.0345 -0.07
0.04 -0.01778 -0.01778
-0.025101 -0.033536 -0.030889
0.02936 -0.0037 -0.086075
-0.0337 -0.0137 -0.0791
0.101777 -0.009235 -0.086788
0.05344 0.03017 -0.076
0.094366 0.028228 -0.02957
0.0025 0.0451 -0.07358
0.056268 0.032223 -0.031533
-0.026809 0.04114 -0.05608
-0.035825 -0.000474 -0.008215
0.0367 0.0081 -0.08528
-0.02967 0.021 0.0
-0.03662 0.0236 -0.00023
0.10755 0.0171 -0.07573
0.107944 0.045736 -0.073798
0.101472 -0.029581 -0.033755
-0.018 -0.01819 -0.0105
0.100432 0.046748 -0.064874
-0.011411 0.021612 -0.034827
-0.049911 0.021557 0.013838
0.071078 0.035537 -0.027142
-0.047007 0.038249 -0.08261
-0.017033 -0.0363 -0.033929
0.094601 -0.00165 -0.030237
-0.035835 -0.003623 -0.008463
0.043705 0.0478 -0.073679
-0.03561 -0.0311 -0.01717
0.08973 0.0413 -0.03505
0.093404 0.032273 -0.03021
0.030471 0.046643 -0.064582
-0.0402 -0.037 -0.093
-0.041353 -0.01203 0.011878
-0.06268 -0.0175 -0.08666
0.015426 0.024367 -0.037461
0.070627 -0.064454 -0.065558
0.108546 0.023526 -0.045961
-0.008212 -0.048308 -0.063684
-0.050486 0.038251 -0.075815
0.0026 0.0 -0.07
-0.05635 0.034431 -0.043306
-0.027389 0.042308 -0.066844
0.10819 0.0267 -0.07573
-0.016202 0.034746 -0.034143
0.0005 0.0205 -0.0694
0.094342 0.023173 -0.029354
0.072805 -0.001648 -0.022816
-0.068523 0.009998 -0.081425
0.099696 0.006603 -0.031909
0.106394 0.046172 -0.070955
-0.025168 0.010855 -0.031243
0.106066 -0.007797 -0.034483
-0.03166 -0.019 0.0001
0.05588 -0.0375 -0.05583
-0.025217 0.043557 -0.079345
0.04216 0.00773 -0.0585
0.104337 -0.043964 -0.042129
0.1233 -0.005 -0.04005
0.106984 -0.005236 -0.035715
0.015611 -0.00875 -0.038334
-0.02596 0.00901 -0.0214
0.105975 0.004374 -0.032878
0.034989 0.046951 -0.067761
-0.02956 -0.01946 0.00815
0.015506 0.019226 -0.038382
0.10237 0.0457 -0.08585
0.110056 0.042287 -0.053351
-0.0374 0.0174 -0.0747
0.1067 -0.01094 -0.0835
-0.055103 0.018499 0.013421
-0.0428 0.0228 -0.0633
0.063 0.0095 -0.02008
-0.056633 -0.002688 -0.087638
0.105147 -0.018949 -0.070238
0.008029 0.044452 -0.055449
0.01774 -0.039604 -0.08753
0.106148 -0.053679 -0.079695
0.096971 0.01295 -0.085879
0.10787 0.0219 -0.07573
0.096971 0.03861 -0.034484
-0.05146 0.032506 -0.0252
-0.058182 0.023626 -0.001421
0.0117 0.0131 -0.0568
-0.015716 0.022452 -0.085399
-0.015936 -0.045454 -0.058319
0.0068 0.0111 -0.0306
0.106148 0.046227 -0.084051
0.110148 0.042663 -0.081399
0.004242 -0.006851 -0.038185
-0.037427 0.011453 -0.00175
-0.053812 -0.03584 -0.078812
0.108016 0.041419 -0.040698
0.0268 -0.024 -0.018
0.01034 -0.04122 -0.07051
0.03087 -0.0576 -0.07
0.009357 0.034659 -0.036819
-0.048463 0.03453 -0.031927
0.09145 -0.0594 -0.08694
0.10377 -0.007635 -0.03343
0.12195 0.01651 -0.04305
0.10691 0.008 -0.07473
0.102726 0.038316 -0.036269
-0.065516 0.028733 -0.03822
-0.048792 -0.020425 0.014524
-0.0077 0.0051 -0.0177
0.01613 0.0439 -0.04834
0.102823 0.039901 -0.037322
0.02779 0.02751 -0.0305
0.10427 -0.015675 -0.085765
-0.01916 0.03793 -0.07051
0.105857 -0.013403 -0.034945
0.09435 0.00661 -0.07695
-0.042148 7.9e-05 0.015155
0.106468 -0.004075 -0.055225
0.107271 0.012009 -0.083302
0.0338 -0.0062 -0.01472
-0.0021 -0.0074 -0.0791
0.10652 -0.005838 -0.079836
0.04 -0.0172 -0.0168
0.1067 0.00094 -0.0835
0.100491 -0.006025 -0.032572
0.04 -0.00962 -0.02323
0.0136 0.0264 -0.07
0.025859 -0.050557 -0.086106
0.108978 0.035475 -0.061717
0.10643 0.0167 -0.08575
0.0016 -0.0159 -0.03624
-0.077721 -0.01214 -0.05143
0.10075 0.018 -0.03084
0.105279 -0.018803 -0.067237
0.106368 -0.004993 -0.077028
-0.05623 0.0359 -0.0726
0.06781 0.027496 -0.03005
0.00174 0.03095 -0.085585
-0.058846 0.031851 -0.034578
0.028768 0.046682 -0.06887
-0.019563 -0.045636 -0.06438
0.093696 -0.021293 -0.029962
0.060671 -0.05264 -0.046239
-0.0318 0.019 -0.0305
0.088422 0.042964 -0.036975
-0.051278 0.025423 0.002035
0.0807 0.0168 -0.05696
-0.058608 0.032995 -0.040079
-0.024161 0.042736 -0.069544
-0.00261 0.0152 -0.08565
0.02491 0.03674 -0.0585
0.099899 -0.003149 -0.032365
0.106136 -0.043585 -0.068045
0.12995 -0.005 -0.0467
0.122 -0.02651 -0.07695
0.078912 0.002844 -0.023236
0.031926 0.047308 -0.075697
0.027393 0.043978 -0.044398
0.108574 0.029296 -0.066971
-0.031717 -0.02362 -0.023335
0.0624 0.0224 -0.07544
-0.002215 0.00735 -0.037625
0.036135 0.047497 -0.074816
0.031367 0.047381 -0.079356
-0.034914 -0.027668 -0.013665
0.10714 0.006525 -0.057472
0.10355 0.02317 -0.04305
0.02304 -0.0563 -0.07313
-0.029516 -0.036271 -0.033456
0.079839 -0.0274 -0.086736
-0.041408 -0.016502 0.011009
-0.0041 0.0 -0.05696
0.007477 0.007999 -0.038325
0.1024 0.02812 -0.0733
-0.06346 0.011 -0.093
-0.041804 0.032423 -0.018579
-0.033688 0.030996 -0.015563
-0.047156 0.035962 -0.038337
-0.012108 0.035759 -0.035346
0.1032 0.0181 -0.0318
0.11645 0.00661 -0.08215
0.09658 0.044566 -0.04189
-0.017837 -0.044739 -0.057357
0.0625 -0.0224 -0.02456
0.100678 0.008928 -0.031861
0.06075 -0.0642 -0.07647
-0.02277 -0.042219 -0.051435
-0.03042 0.040416 -0.052635
0.04 0.01778 -0.01778
-0.03131 -0.02399 -0.0305
-0.035977 0.036317 -0.033229
0.0088 -0.0312 -0.05696
0.108095 0.045887 -0.081589
0.107981 0.008958 -0.041208
0.107537 0.031199 -0.085753
-0.0536 0.023 0.00647
-0.049312 -0.026029 -0.00035
0.100529 -0.012903 -0.032488
0.07648 0.0461 -0.04329
-0.0025 -0.0174 -0.0747
-0.018893 0.041284 -0.052664
0.087443 0.046082 -0.085692
-0.012371 -0.046476 -0.058749
-0.036301 0.009353 -0.005992
-0.0251 -0.0123 -0.0823
-0.0337 -0.0137 -0.0209
0.11175 -0.01274 -0.0835
0.108531 0.026639 -0.07827
-0.008635 -0.045189 -0.050668
0.108331 0.018825 -0.043463
-0.052414 0.031791 -0.023221
0.000545 -0.0034 -0.085549
0.10558 -0.0183 -0.054725
-0.034842 0.019237 -0.006526
0.11915 -0.04487 -0.06
-0.0405 0.0205 -0.0306
-0.063938 0.027847 -0.028378
0.093114 0.035752 -0.031493
0.12565 0.00661 -0.07695
0.087678 0.047599 -0.068105
-0.032229 -0.00801 -0.020822
0.09757 0.018124 -0.029926
0.00072 -0.0468 -0.08553
-0.046964 0.011402 0.020871
0.106292 0.046157 -0.073612
-0.030605 0.041775 -0.06415
-0.029519 0.030971 -0.02194
0.021114 0.043734 -0.045018
0.0028 0.0094 -0.0747
0.10098 0.006602 -0.032082
0.10131 0.0315 -0.08585
0.10733 0.0093 -0.03372
0.10535 -0.005 -0.0365
-0.0298 0.042567 -0.082426
-0.042599 -0.004184 0.016496
0.007098 0.018704 -0.03834
0.082637 -0.00145 -0.025135
0.10155 -0.04181 -0.06915
0.10499 -0.00455 -0.08575
0.0268 -0.02772 -0.01148
0.040329 0.047913 -0.077679
-0.04253 -0.0373 -0.04829
-0.06443 -0.0244 -0.01968
0.09191 -0.0388 -0.04566
0.001504 -0.03774 -0.086882
-0.050909 0.038015 -0.057474
-0.06039 -0.0236 -0.00561
-0.012122 0.017 -0.035591
0.01091 -0.0021 -0.03839
0.05276 0.021 -0.05223
0.088256 0.023599 -0.026842
0.035955 0.013605 -0.036687
-0.000762 -0.049949 -0.063043
-0.039491 0.015067 0.011295
-0.035834 -0.026541 -0.010185
0.096618 -0.013194 -0.030632
0.107788 0.019573 -0.072728
-0.05165 0.02755 -0.005712
-0.063019 0.032684 -0.061006
0.090385 0.013848 -0.028257
0.104764 0.023308 -0.032456
-0.048211 -0.026091 0.000178
0.0625 -0.0224 -0.07544
-0.0622 -0.0288 -0.03464
0.089084 0.042163 -0.035991
-0.06585 0.030472 -0.0535
0.0568 -0.0407 -0.05696
0.08242 -0.0313 -0.05323
0.091384 -0.039543 -0.034144
-0.054743 0.02133 0.008836
0.04 0.0415 -0.03624
0.024799 -0.038338 -0.036295
0.108788 0.033427 -0.064469
0.107735 0.0146 -0.05522
0.04 0.0087 -0.01472
0.059191 0.047623 -0.059327
0.0693 0.0293 -0.06376
0.102017 0.046661 -0.067598
0.108858 0.029424 -0.047212
-0.006539 0.01695 -0.036801
0.108447 0.01358 -0.036022
0.105417 -0.040242 -0.041986
0.076413 -0.057384 -0.086672
-0.049782 0.02704 -0.001943
0.10558 -0.022098 -0.044219
0.0279 -0.0121 -0.0168
0.108499 0.027201 -0.05772
-0.00777 0.0366 -0.03675
-0.033897 -0.000624 -0.014175
0.024403 0.01905 -0.037764
-0.02 -0.0291 -0.0306
-0.00989 0.03154 -0.034685
0.10104 0.027 -0.08585
-0.02951 0.0057 0.01602
-0.0077 0.0298 -0.0633
0.107332 0.023751 -0.033322
-0.044715 -0.019742 0.012777
-0.013358 0.01235 -0.035491
0.10822 0.0232 -0.06072
0.05887 0.015948 -0.085567
0.1 -0.0388 -0.083
0.1 0.04439 -0.093
0.086582 -0.007828 -0.02684
-0.014619 0.039923 -0.04385
0.104507 0.046724 -0.078594
0.108405 0.027072 -0.066723
0.010645 -0.053025 -0.067351
0.033817 0.047122 -0.082324
-0.041982 0.025575 0.005334
-0.042241 -0.010339 0.014767
0.0521 0.0121 -0.0168
0.104387 0.001943 -0.032631
0.10927 0.045 -0.06572
0.0224 0.0176 -0.02008
0.09703 0.0082 -0.0859
0.075534 0.047762 -0.082108
-0.04769 0.023795 0.010101
-0.002376 -0.050855 -0.074586
-0.030817 0.007072 -0.023466
-0.076837 0.011876 -0.039719
0.018765 0.0455 -0.059047
0.108731 0.027426 -0.047212
0.0268 -0.02178 -0.02223
-0.032142 0.03652 -0.032548
-0.053699 0.031102 -0.021776
0.03805 -0.0294 0.0
0.13045 -0.02021 -0.05085
-0.0523 -0.0133 -0.05
0.09698 -0.0271 -0.08687
-0.070257 0.000445 -0.080907
0.099277 -0.001025 -0.03212
0.09305 -0.005 -0.04305
0.0521 0.0293 -0.07544
0.10286 0.0465 -0.06483
0.017521 0.024491 -0.037365
-0.013833 0.030958 -0.033479
-0.0021 -0.0074 -0.0209
0.026366 0.046188 -0.061408
0.014023 -0.053306 -0.064789
0.105369 -0.035733 -0.084063
-0.061046 -0.032151 -0.051108
0.0123 0.0 -0.0633
0.088506 -0.035227 -0.032139
0.027625 0.047117 -0.076515
0.001215 -0.05039 -0.063011
0.10825 -0.01274 -0.0365
0.0028 -0.0228 -0.0367
-0.044917 -0.011 0.018338
-0.05729 -0.0351 -0.07155
0.107016 -0.006969 -0.037979
-0.025143 -0.043171 -0.058
0.0807 0.0168 -0.04304
-0.0323 0.0298 -0.0367
-0.046091 0.000313 0.021343
0.025978 0.043272 -0.041999
-0.030504 -0.017228 -0.025797
0.107055 0.024126 -0.085729
-0.014869 0.021605 -0.034102
0.0055 -0.0143 -0.07
0.10167 0.03495 -0.034345
0.108798 0.031325 -0.055217
0.100555 0.02215 -0.08582
0.107989 0.045798 -0.071083
-0.048657 0.024299 0.008214
0.04534 -0.03926 -0.07049
0.0042 -0.0242 -0.0568
-0.032953 0.032475 -0.019185
0.028989 0.044463 -0.046862
-0.0015 -0.0172 -0.05
0.091395 0.002175 -0.028774
0.0305 -0.023 -0.07992
-0.01239 -0.0187 -0.03578
-0.00233 0.0213 -0.085665
0.0318 0.02699 -0.01257
-0.044983 0.033678 -0.025364
0.0883 -0.0212 -0.05535
-0.041926 -0.004176 0.014346
-0.0041 0.0 -0.04304
-0.041129 0.034589 -0.027574
0.094187 0.015986 -0.029367
-0.060991 0.030188 -0.031382
0.086596 -0.001524 -0.026905
0.064729 0.037496 -0.086038
0.100522 -0.0046 -0.032591
-0.001825 0.0312 -0.08564
0.105501 -0.015529 -0.083016
0.100565 -0.002473 -0.032606
-0.003348 0.037405 -0.037241
-0.033242 -0.032361 -0.022763
-0.023493 0.035135 -0.033941
-0.028931 0.037573 -0.036198
-0.013083 0.026234 -0.033694
-0.06074 0.0008 0.01387
0.02641 -0.0015 -0.08613
-0.040997 0.017867 0.013407
0.10003 0.0461 -0.05288
0.056408 0.004104 -0.086154
0.00424 -0.011553 -0.038187
-0.0517 0.0131 -0.0432
-0.06481 -0.0272 -0.03469
0.005889 -0.042183 -0.038177
-0.03907 -0.0001 0.00274
-0.0218 0.028 -0.0335
0.099999 0.00428 -0.03216
0.032643 -0.056549 -0.078744
-0.063847 -0.029789 -0.046154
0.09885 -0.003 -0.08686
-0.051471 -0.021379 0.012143
0.075655 0.048238 -0.074896
-0.0294 0.0094 -0.0177
0.100159 0.045942 -0.085905
0.07442 -0.0375 -0.03974
-0.04986 -0.0372 -0.05742
0.081603 0.046935 -0.083454
-0.037712 0.015732 0.003928
0.020582 0.013825 -0.038145
-0.05595 -0.0213 0.00847
-0.03154 0.0401 -0.08517
-0.018339 -0.044695 -0.057866
0.0228 0.0 -0.0832
-0.013115 -0.048163 -0.070264
-0.037869 -0.032742 -0.022664
-0.065264 0.030193 -0.047209
-0.01621 0.037209 -0.036556
0.105465 -0.022146 -0.047218
-0.037657 0.032415 -0.017155
-0.030245 0.040605 -0.085172
-0.041608 0.016648 0.014717
-0.02707 0.0 0.021
0.0107 -0.0293 -0.03624
0.0367 -0.0081 -0.08528
0.04 -0.0374 -0.07
0.001564 -0.0154 -0.085519
0.102621 0.04682 -0.083513
0.10933 0.042406 -0.044171
0.021708 -0.043361 -0.038163
-0.010671 0.036006 -0.035858
0.096999 0.030045 -0.031002
1.4e-05 -0.02875 -0.085529
0.110046 0.040086 -0.079091
0.087766 0.047115 -0.054576
0.105869 -0.018052 -0.04472
0.098565 -0.0073 -0.031847
0.102052 0.046592 -0.064845
0.093565 0.047234 -0.072005
0.10847 0.02656 -0.08342
0.10728 0.00395 -0.043215
-0.056303 0.036567 -0.063606
0.097271 -0.002955 -0.086436
-0.039563 0.011513 0.008099
0.101274 0.0278 -0.032089
0.0055 0.0143 -0.03
-0.079431 -0.00252 -0.056989
-0.05735 -0.023936 -0.000996
0.106167 -0.005353 -0.067731
0.106967 0.004448 -0.033698
0.028857 -0.055185 -0.080249
-0.058034 0.005419 0.019045
0.106623 -0.002475 -0.051972
0.0224 -0.0176 -0.07992
0.106708 -0.002325 -0.04872
-0.028573 0.041552 -0.060622
-0.049996 0.025952 0.001537
0.062083 0.014763 -0.028374
-0.009697 -0.010473 -0.036319
-0.0106 0.0094 -0.0823
0.108399 0.011197 -0.038583
-0.044859 0.04 -0.076266
0.00495 0.0447 -0.08554
-0.038275 0.039369 -0.050014
-0.033798 0.003277 -0.014193
0.100308 0.001954 -0.032403
-0.03778 0.003002 -0.001504
0.003178 0.044302 -0.057546
-0.032512 -0.019758 -0.02075
0.101332 0.044427 -0.043846
-0.03091 0.02916 -0.07051
-0.002238 0.045521 -0.082644
0.09005 -0.005 -0.0733
-0.034289 0.013756 -0.011721
0.02881 0.0285 -0.086115
-0.023774 -0.038856 -0.039999
0.0313 0.0 -0.01472
-0.054087 -0.004149 0.023305
0.102081 0.011248 -0.031717
-0.057549 0.035067 -0.050307
0.10476 0.043837 -0.043572
0.0218 0.028 -0.0305
0.0335 0.0159 -0.0168
0.07549 -0.0298 -0.02424
-0.045454 -0.026098 0.002895
-0.044794 0.029921 -0.00887
-0.041359 -0.0044 0.010706
0.003552 -0.052219 -0.073486
0.076586 0.034012 -0.025669
0.1064 -0.01 -0.04272
0.08955 0.01021 -0.06915
-0.025648 0.043193 -0.076296
-0.00142 0.0441 -0.08565
-0.037486 0.034676 -0.026503
0.106125 -0.014025 -0.043719
0.031522 0.045112 -0.085842
0.0268 0.024 -0.018
-0.07354 0.0005 -0.07387
0.1 -0.05959 -0.093
-0.04954 0.025796 0.002553
0.099542 0.046903 -0.070395
0.1284 -0.01868 -0.0467
-0.0658 0.0212 -0.01274
0.081457 0.046023 -0.085482
0.08705 0.0443 -0.0391
0.100309 0.047114 -0.078415
-0.000987 -0.041085 -0.03787
0.09549 0.04566 -0.0797
0.012351 -0.00875 -0.038388
-0.046288 -0.015201 0.017496
-0.039152 -0.01294 0.003585
0.070892 0.013683 -0.024177
0.11 0.03487 -0.06915
0.020644 0.003175 -0.038048
0.10655 -0.0004 -0.03372
-0.023384 -0.021233 -0.032078
-0.001043 0.04578 -0.079533
0.086567 -0.004276 -0.026882
0.099807 -0.0088 -0.032337
0.104734 0.046734 -0.081374
0.05327 -0.02633 -0.0585
0.048133 0.030851 -0.033188
0.100812 0.046047 -0.052865
0.059397 0.047796 -0.06308
0.075633 -0.028106 -0.023943
-0.030283 0.041272 -0.084754
0.09441 -0.0083 -0.04004
0.04302 0.0316 -0.08587
0.038785 0.045959 -0.084959
-0.030879 0.042795 -0.076813
-0.0318 0.019 -0.01254
0.055531 -0.042748 -0.03208
0.078129 -0.000384 -0.022765
0.0934 0.02488 -0.06465
0.01729 0.0192 -0.0383
-0.007618 -0.04582 -0.085707
0.069164 0.041248 -0.02834
-0.02009 -0.0439 -0.05589
0.109851 0.038282 -0.043693
0.001871 0.043822 -0.054561
-0.041497 0.010073 0.014347
0.10671 0.000775 -0.059478
0.072713 0.016948 -0.024235
-0.0149 0.0123 -0.0177
0.106485 -0.002825 -0.058477
0.10999 0.039607 -0.049941
0.096672 0.035371 -0.032694
0.0268 -0.02699 -0.01257
-0.006748 0.043913 -0.062984
0.072501 0.034738 -0.026891
0.100514 0.047046 -0.083607
0.057474 -0.054682 -0.050636
-0.025118 0.033501 -0.030299
0.11 -0.04091 -0.0733
0.105902 -0.021802 -0.036596
-0.01121 0.0077 -0.035785
0.079131 0.032949 -0.0858
0.10667 -0.001774 -0.051972
0.09618 -0.024933 -0.031672
-0.052684 0.031103 -0.020508
-0.02605 0.0 -0.02333
0.090424 -0.020957 -0.02927
0.108601 0.029275 -0.06097
0.106476 0.046342 -0.079035
0.072997 0.006083 -0.021725
-0.058777 -0.027424 -0.020553
0.0576 -0.0176 -0.02008
-0.020474 -0.0227 -0.085975
-0.042179 0.033879 -0.024839
0.102576 0.036641 -0.035375
-0.03369 0.037433 -0.036873
0.0521 -0.0121 -0.0168
0.102149 0.022923 -0.031597
0.075644 0.027104 -0.025277
0.109527 0.037852 -0.064928
-0.0015 0.0 -0.06376
-0.036083 -0.022623 -0.0073
-0.02 0.0194 -0.0791
-0.038918 0.007704 0.002714
-0.016797 -0.026982 -0.032914
-0.05049 0.033166 -0.027195
0.1233 -0.005 -0.07995
0.033245 0.030298 -0.035322
-0.050741 0.038548 -0.064023
0.022565 0.04635 -0.06973
0.0268 0.0 0.03
-0.031826 0.030894 -0.018011
0.106449 -0.008575 -0.04422
0.075654 0.047969 -0.067558
0.101407 0.04648 -0.058852
0.023197 -0.055616 -0.066627
-0.005753 -0.019678 -0.037238
0.04 0.0 -0.086
0.106613 -0.002936 -0.080337
0.097166 -0.004502 -0.086865
-0.0428 0.0094 -0.0747
-0.0274 -0.0179 -0.0791
0.0091 0.0 -0.0306
-0.055968 0.030071 -0.020039
0.003425 0.046113 -0.079662
-0.022934 -0.008731 -0.032643
0.013791 -0.0154 -0.038387
0.10085 -0.005 -0.03785
0.0318 -0.02121 -0.02121
-0.020039 0.044059 -0.079003
0.095371 -0.0271 -0.086938
0.101352 -0.033503 -0.034538
0.000753 0.045851 -0.079788
-0.055491 -0.027203 -0.014519
-0.037782 -0.027328 -0.006571
0.08038 0.035151 -0.025975
0.108894 0.031323 -0.050465
0.09815 -0.0388 -0.04565
0.096814 0.033625 -0.03203
-0.062355 0.023711 -0.00953
0.100455 -0.00745 -0.032566
0.015546 0.0139 -0.038487
0.105652 0.015916 -0.03234
0.09711 0.04571 -0.0675
-0.040475 0.037781 -0.042301
0.0028 -0.0094 -0.0747
-0.01141 -0.0016 -0.03578
-0.058022 -0.029146 -0.027541
-0.062408 0.032583 -0.051653
0.028951 0.046586 -0.083242
-0.025449 0.000119 -0.031187
0.070391 0.040894 -0.027825
0.03805 -0.02079 0.02079
0.001008 0.0026 -0.037968
0.011841 -0.045589 -0.043841
0.060437 0.047363 -0.082035
-0.043339 0.024397 0.008543
0.104093 -0.021403 -0.03424
0.084951 0.038049 -0.029575
0.066387 0.04437 -0.032942
0.105986 -0.044705 -0.08453
-0.02652 0.036556 -0.034812
-0.01699 0.0325 -0.084877
0.024915 0.024478 -0.036822
0.093153 -0.059808 -0.086928
0.101055 0.013463 -0.031495
0.068916 0.04546 -0.036411
0.104579 0.03489 -0.035085
0.075685 0.035565 -0.026138
-0.044582 0.020005 0.015051
0.10954 0.037838 -0.061922
0.107127 0.010375 -0.071978
-0.035221 0.033921 -0.022636
0.086064 0.032651 -0.085669
-0.008623 0.038775 -0.039253
0.108511 0.031149 -0.076226
0.04216 0.00773 -0.07049
0.103878 -0.00615 -0.033413
-0.001147 -0.037855 -0.086785
0.086579 -0.00605 -0.02685
0.107653 0.01275 -0.05247
-0.048906 0.038452 -0.079233
0.005377 -0.03838 -0.087098
-0.057632 0.027299 -0.011041
-0.038253 0.020109 0.007285
0.096872 -0.033002 -0.032962
-0.066915 -0.019028 -0.08073
0.102198 0.006646 -0.032015
0.070057 0.038464 -0.027296
0.010657 0.04626 -0.08301
0.105285 -0.022246 -0.054224
-0.03897 0.01625 0.009943
0.014745 0.044389 -0.051591
0.079789 -0.000456 -0.023552
0.018272 0.044009 -0.048051
0.0268 0.02772 0.01148
-0.02632 0.042 -0.08509
0.095963 -0.019601 -0.086933
0.102708 -0.061245 -0.074428
-0.049513 0.033795 -0.029193
0.078266 0.028978 -0.024338
-0.056846 0.028762 -0.015526
-0.061014 0.007929 0.011977
0.094554 -0.007225 -0.0302
-0.047185 -0.028857 -0.012374
0.024134 0.013748 -0.037852
0.107459 0.014923 -0.072479
0.08499 0.0425 -0.06892
0.082619 -0.00635 -0.025111
0.07801 0.004785 -0.022912
0.0774 0.0 -0.07
-0.02 0.0068 -0.0843
-0.04028 -0.01207 0.007587
-0.041993 -0.03198 -0.022784
-0.06572 0.011384 -0.001686
0.01743 -0.0021 -0.03828
-0.010546 -0.046223 -0.055706
0.084154 0.004652 -0.025678
-0.05506 0.0313 -0.02457
0.02004 -0.028 -0.03774
0.008882 -0.048756 -0.05235
0.107221 0.0038 -0.044715
0.006691 -0.051322 -0.062414
-0.034235 -0.02947 -0.017071
0.0088 0.0312 -0.04304
-0.038175 -0.023237 -0.000956
-0.03324 -0.0159 -0.01814
-0.032726 0.029162 -0.014549
0.108699 0.031393 -0.070222
0.09815 0.03174 -0.07753
0.072891 -0.004694 -0.022466
0.108976 0.020834 -0.036482
0.10774 0.017245 -0.069726
0.09445 0.03161 -0.08
-0.050922 0.038525 -0.070148
-0.040353 -0.014446 0.008419
0.096561 -0.01215 -0.086933
-0.037377 -0.018073 -0.002287
-0.044843 0.027927 -0.000992
-0.037908 -0.029399 -0.01019
0.086536 0.029236 -0.026206
-0.040779 0.01033 0.011973
0.07324 -0.0664 -0.07125
-0.032325 0.031753 -0.018553
-0.015717 -0.041885 -0.043779
-0.002344 -0.048229 -0.05755
0.00849 -0.01515 -0.085928
0.078197 0.027052 -0.02411
-0.03922 -0.04 -0.05723
0.04088 0.045903 -0.084916
0.107914 0.019723 -0.066723
0.05295 0.04416 -0.076
0.0462 0.0062 -0.01472
-0.047258 0.02972 -0.009402
0.068099 0.048087 -0.078602
0.107963 0.016894 -0.080849
0.105843 -0.008374 -0.070734
-0.029273 0.039082 -0.044611
-0.024232 -0.0291 -0.031302
0.109936 0.040316 -0.067803
-0.02 0.0247 -0.0253
-0.049193 0.035051 -0.03542
-0.040793 -0.034606 -0.086466
-0.05571 -0.0285 -0.02152
-0.015431 -0.045025 -0.055804
-0.02 0.0194 -0.0209
-0.0394 0.0 -0.0791
-0.013442 0.007699 -0.035394
-0.009565 -0.0033 -0.085775
0.10835 0.0181 -0.04071
0.107943 0.014948 -0.047715
0.02922 -0.0059 -0.086075
0.102996 0.044812 -0.046801
0.025639 0.044829 -0.049655
-0.008089 -0.023998 -0.035945
0.012657 0.03395 -0.085865
0.022754 -0.025049 -0.037703
0.106799 0.002947 -0.065476
0.11845 0.03181 -0.05085
-0.0498 -0.0123 -0.0367
0.0335 0.0055 -0.08601
0.102848 0.04655 -0.067583
0.10639 -0.004225 -0.058477
0.052131 -0.01365 -0.086099
-0.0274 -0.0179 -0.0209
-0.057548 -0.031834 -0.040022
-0.031636 0.042545 -0.079622
0.071085 0.00385 -0.086384
-0.056387 0.024618 -0.001325
0.109044 0.033425 -0.047213
-0.026031 -0.042809 -0.057008
-0.02349 0.04295 -0.072535
0.0218 -0.028 -0.0305
0.018387 0.046731 -0.07684
-0.017925 -0.041336 -0.043832
0.06673 0.0419 -0.02945
0.105078 -0.006249 -0.033655
-0.02868 -0.0441 -0.06804
0.086612 -0.00085 -0.026898
0.103313 0.031409 -0.033614
-0.050601 0.023758 0.008119
-0.009444 -0.006198 -0.036285
0.073897 0.042168 -0.029468
0.04 0.025 -0.02008
-0.040988 0.009452 0.011401
-0.00547 0.042 -0.04872
0.06676 -0.0375 -0.0339
-0.036728 -0.018647 -0.004559
0.06196 0.021 -0.03359
0.107462 -0.001638 -0.038138
0.108712 0.033217 -0.036168
-0.00142 -0.01065 -0.085605
-0.017325 0.042356 -0.059178
-0.055528 -0.011432 -0.08797
0.02783 -0.0509 -0.08606
-0.061991 -0.027473 -0.027131
-0.021041 -0.01085 -0.086138
-0.062719 0.032762 -0.054686
0.108138 0.009132 -0.036139
-0.034124 -0.011372 -0.014936
-0.052902 -0.023894 0.004541
0.108951 0.031347 -0.048716
-0.039655 -0.002275 0.00473
0.02134 0.028 -0.0358
0.104786 -0.026969 -0.082702
0.11 0.02551 -0.07695
0.104233 0.013574 -0.031934
0.0127 -0.0218 -0.08635
0.0268 -0.021 -0.027
-0.0106 -0.0094 -0.0823
0.086347 -0.061327 -0.057785
-0.007423 0.042344 -0.051478
-0.0007 -0.0168 -0.05696
-0.01303 -0.010075 -0.03564
0.10567 -0.01825 -0.051222
0.105729 0.018229 -0.032406
0.000172 0.044259 -0.085632
0.09874 -0.00445 -0.086875
0.107849 0.016993 -0.078282
-0.040954 0.00638 0.009938
-0.028885 0.03715 -0.085125
-0.019085 0.002716 -0.03392
0.105033 -0.022549 -0.063979
-0.029486 0.042984 -0.076435
0.09131 0.025919 -0.028197
-0.037186 0.002926 -0.003491
-0.05997 0.029376 -0.024565
-0.039624 -7.5e-05 0.004735
0.101 0.03406 -0.05535
0.077689 -0.002592 -0.022702
-0.038428 0.034675 -0.026766
-0.045962 0.032184 -0.019397
0.096 0.04418 -0.0705
0.106922 0.0013 -0.04972
-0.02655 0.021 -0.01252
0.013599 -0.052025 -0.060278
-0.035869 0.025767 -0.004124
0.0576 0.0176 -0.02008
0.0934 -0.03488 -0.06465
0.108733 0.026589 -0.080825
0.1133 -0.01094 -0.0365
0.090329 0.045037 -0.042471
0.101588 0.006624 -0.032046
-0.027033 -0.039176 -0.043012
-0.03694 0.033977 -0.023191
0.105182 -0.02615 -0.050222
0.101148 -0.012955 -0.032754
-0.044436 -0.012747 0.017217
-0.04593 -0.035037 -0.086238
-0.027629 -0.033196 -0.029564
-0.040349 0.036986 -0.038297
0.11645 -0.01661 -0.03785
-0.069993 0.0268 -0.047533
-0.001606 0.039552 -0.08653
-0.012928 -0.027851 -0.034084
0.075982 0.047131 -0.049772
0.106365 -0.0037 -0.06173
-0.056411 0.025883 -0.00477
0.093277 0.034031 -0.030805
0.103439 0.012243 -0.086795
0.03602 0.0415 -0.03699
-0.064222 -0.030741 -0.064188
-0.062956 0.03236 -0.06427
0.04 0.00962 0.02323
-0.036655 0.020269 0.000736
-0.0523 0.0 -0.0367
0.09435 -0.01661 -0.07695
0.031481 0.046774 -0.068321
0.104703 0.020873 -0.032247
0.078611 -0.050416 -0.041915
0.04 0.0415 -0.06376
-0.038274 0.014538 0.006329
0.013034 0.046581 -0.080143
-0.041536 0.009265 0.014756
0.006565 0.045288 -0.067505
0.082724 0.009557 -0.024633
0.025281 -0.032494 -0.03604
0.00568 -0.0491 -0.05544
-0.00829 -0.02895 -0.085705
-0.0089 0.0268 -0.0306
0.010622 -0.053467 -0.070854
-0.025586 -0.042126 -0.086021
-0.0294 0.0228 -0.0747
0.012767 0.042511 -0.042964
-0.03903 0.002501 0.002728
0.0016 0.0159 -0.03624
-0.01696 -0.045151 -0.05834
0.096045 0.00674 -0.030607
0.0521 -0.0293 -0.02456
0.029785 0.047264 -0.079622
0.105777 -0.031163 -0.044436
-0.021414 0.022997 -0.085418
0.08785 -0.02147 -0.06
0.045558 0.041871 -0.03493
-0.056948 0.034785 -0.046797
0.084632 -0.027294 -0.026553
0.007385 -0.02865 -0.085938
-0.070336 -0.023434 -0.066898
0.105336 0.011353 -0.032291
-0.01926 -0.02915 -0.0859
0.05276 -0.0375 -0.05223
0.083937 0.039599 -0.030074
0.1024 0.02812 -0.0467
0.001345 0.02705 -0.085583
0.093407 0.044511 -0.040945
-0.005508 0.02187 -0.036161
0.029867 -0.057305 -0.068505
0.032115 -0.0101 -0.08602
-0.033295 0.041605 -0.064694
0.108396 0.024275 -0.080977
-0.03115 0.042308 -0.073666
-0.04658 -0.0229 0.01064
0.106498 -0.001125 -0.033721
-0.069928 -0.022803 -0.035638
-0.054392 -0.022353 0.007609
0.1135 0.01021 -0.03785
-0.03348 -0.030063 -0.019957
0.10355 -0.03317 -0.04305
-0.036357 0.038843 -0.045495
0.1013 -0.0004 -0.03281
-0.03159 0.04108 -0.084512
-0.02675 0.01936 0.00815
0.0026 0.0 -0.03
0.105102 -0.02242 -0.060978
-0.04134 -0.0022 0.010708
0.007286 0.013351 -0.038438
0.073256 -0.034263 -0.025575
0.04058 -0.054 -0.05483
0.102285 0.045328 -0.048297
0.087168 0.041553 -0.086317
-0.0428 -0.0094 -0.0747
0.07078 0.0307 -0.02837
0.00053 0.00695 -0.085565
-0.050875 0.038616 -0.067044
-0.042455 0.004532 0.016773
0.10535 -0.005 -0.0835
-0.0331 -0.0317 -0.0568
0.067437 0.047849 -0.05969
0.12695 -0.03551 -0.06
0.022668 -0.031967 -0.036483
-0.046731 0.034147 -0.028636
-0.0394 0.0 -0.0209
-0.0428 -0.0228 -0.0367
-0.048317 -0.004375 0.022306
-0.059778 0.034656 -0.065188
0.067958 -0.004381 -0.026488
0.11645 -0.01661 -0.08215
0.009336 0.044875 -0.05844
0.0241 0.0384 -0.03624
-0.048535 -0.00285 -0.08643
0.023066 0.040637 -0.038018
-0.037704 -0.039386 -0.052698
-0.040991 -0.014877 0.010641
-0.01916 -0.03793 -0.07051
-0.038088 0.022504 0.004703
0.102091 0.02049 -0.031384
-0.010588 -0.028258 -0.03468
-0.012175 -0.014424 -0.035918
0.11175 0.00274 -0.0835
0.106738 0.005324 -0.07473
0.0784 -0.0159 -0.06376
-0.0286 0.01496 0.01492
-0.023082 -0.044662 -0.063437
0.107175 0.009863 -0.083214
0.08599 0.0365 -0.02911
0.106116 0.026099 -0.033069
-0.00276 -0.0009 -0.08564
0.106812 0.005043 -0.083216
0.109272 0.042978 -0.045437
0.106318 -0.00885 -0.04872
0.108086 0.017974 -0.049718
0.06196 -0.0375 -0.0336
0.12565 -0.01661 -0.07695
0.015612 0.00325 -0.03838
0.108959 0.020702 -0.038334
0.105418 -0.026176 -0.04222
-0.04008 0.0353 -0.03031
0.0315 0.0189 -0.03705
0.08785 -0.005 -0.05085
0.0318 0.02152 -0.0445
0.105708 -0.025899 -0.03692
0.109985 0.040229 -0.06514
0.011577 0.029501 -0.0368
0.11 -0.005 -0.084
0.0279 0.0121 -0.0832
0.107708 0.01555 -0.06097
0.08825 0.0287 -0.02707
-0.032103 -0.000376 -0.020271
0.106042 -0.010091 -0.076783
0.042568 0.047546 -0.081419
0.094375 0.025703 -0.029409
0.009935 0.00645 -0.085927
0.094323 0.040158 -0.034857
0.014735 -0.00355 -0.086325
0.04 0.0318 -0.02456
-0.045678 0.034854 -0.031374
0.00509 0.038937 -0.038047
0.030556 0.047236 -0.075974
0.06508 -0.0194 -0.03143
0.1135 0.01021 -0.08215
0.109 0.0317 -0.093
-0.040281 -0.007075 0.006721
0.05504 0.0424 -0.03266
-0.013539 0.003124 -0.035381
-0.011128 0.01235 -0.035873
0.106669 -0.00014 -0.077537
0.099937 -0.001049 -0.032374
-0.045872 0.021881 0.013725
0.074619 0.038877 -0.026652
-1.8e-05 0.042634 -0.049115
0.004418 0.042643 -0.046276
0.063679 -0.030596 -0.029751
0.0136 0.0264 -0.03
0.109447 0.025797 -0.039832
-0.037263 0.035406 -0.029501
-0.038989 0.011968 0.006277
0.081626 0.047813 -0.079832
-0.041715 -0.010377 0.013045
-0.004143 -0.049533 -0.08054
-0.00209 -0.0058 -0.08562
-0.054881 -0.035516 -0.056988
-0.00039 -0.0513 -0.07455
0.01666 -0.0517 -0.05725
-0.022835 0.040013 -0.047731
0.04534 0.03926 -0.0585
-0.02342 -0.0454 -0.06895
0.040596 0.047545 -0.081475
0.106855 0.001125 -0.052973
0.106862 -0.001875 -0.04422
0.013032 -0.039202 -0.037464
-0.057416 -0.035208 -0.062034
-0.034058 0.023107 -0.008527
0.103018 -0.01719 -0.033555
-0.062761 0.031329 -0.042626
-0.026513 -0.024642 -0.0302
-0.0643 -0.0056 -0.0867
0.10825 -0.01274 -0.0835
0.109465 0.028876 -0.037354
-0.02 -0.0068 -0.0843
0.0359 -0.048947 -0.045408
0.06635 0.0177 -0.03226
0.073986 0.004046 -0.021649
-0.028409 -0.003975 -0.028845
-0.02392 0.033 -0.03103
-0.037975 -0.0118 -0.001725
-0.0442 0.0242 -0.0432
-0.0106 -0.0228 -0.0747
0.0462 -0.0062 -0.01472
0.07578 -0.026408 -0.023676
0.00553 0.0345 -0.08552
0.085096 0.01506 -0.02535
0.107472 0.01145 -0.05797
0.02613 -0.0059 -0.08613
-0.043914 -0.023811 0.007555
0.09057 -0.007526 -0.028515
-0.015735 0.003275 -0.034853
-0.040659 0.012616 0.013911
-0.076908 0.000654 -0.066625
0.05327 -0.02633 -0.07049
0.108162 0.0158 -0.041459
-0.033857 -0.030705 -0.019953
0.106138 -0.003425 -0.07448
0.0318 0.0 -0.03
0.109198 0.023495 -0.036724
-0.041683 -0.00656 0.012469
-0.039503 0.041156 -0.073932
0.025777 0.04555 -0.054908
-0.007295 0.0443 -0.072505
0.099615 -0.043651 -0.088566
-0.03921 -0.0106 0.00275
-0.041858 0.008898 0.015987
-0.012425 0.003049 -0.035582
-0.004506 0.040674 -0.042474
-0.017767 -0.04633 -0.065846
-0.040842 0.008975 0.010557
-0.011949 0.039479 -0.041329
0.105619 -0.035127 -0.040977
0.0123 -0.0133 -0.05
0.11 -0.0473 -0.05535
0.091572 0.040152 -0.034187
-0.004533 0.042693 -0.051424
-0.028952 0.041114 -0.085197
0.109005 0.03545 -0.058715
0.085262 -0.013596 -0.026391
0.081272 0.03355 -0.025433
-0.03529 0.038104 -0.041216
0.09548 -0.006 -0.08692
0.106678 -0.0055 -0.04272
0.05316 0.0295 -0.03665
0.005526 0.045031 -0.06402
0.0196 0.044561 -0.050509
-0.035042 -0.010645 -0.011963
-0.015369 0.038865 -0.04008
0.00749 -0.0472 -0.04841
0.015879 0.035036 -0.036777
0.105293 -0.029714 -0.036516
-0.079409 -0.002375 -0.049434
0.015 0.0 -0.07992
0.10511 -0.0262 -0.053725
-0.005012 0.039204 -0.039496
0.002952 0.045706 -0.076606
0.0318 -0.024 -0.018
0.10859 0.0272 -0.05172
-0.024833 0.04252 -0.066553
0.063473 0.044402 -0.033701
0.099956 -0.000348 -0.032376
-0.022675 0.042303 -0.062761
0.106347 -0.00495 -0.058477
-0.048938 -0.038164 -0.079069
0.0268 0.02772 -0.01148
-0.016276 0.043227 -0.065648
-0.069278 0.021795 -0.024226
0.103339 0.043112 -0.041675
0.09945 0.0468 -0.0759
-0.045757 0.01858 0.017065
-0.041962 0.011559 0.016543
0.093593 0.045602 -0.045888
-0.009229 -0.00575 -0.085775
0.020414 0.044109 -0.047763
0.09396 0.0456 -0.08
0.105163 -0.003322 -0.033115
0.106978 0.0081 -0.071727
0.025735 -0.026671 -0.036695
-0.043462 0.02121 0.013019
0.0572 0.0 -0.0168
0.076231 0.046634 -0.046528
0.032979 0.046488 -0.06029
0.03791 0.047116 -0.070965
0.02139 -0.05 -0.05116
0.106205 0.046199 -0.07627
-0.0263 0.0026 -0.0157
0.095909 -0.043649 -0.088629
-0.019462 0.042881 -0.065448
0.105971 -0.043609 -0.064798
0.099296 -0.000324 -0.032123
0.03805 0.02716 -0.01125
0.04 0.01778 0.01778
0.000975 0.044975 -0.073357
0.107542 0.01185 -0.05547
-0.04663 -0.039369 -0.066345
0.101171 0.046788 -0.070366
0.10746 0.01 -0.05272
0.016254 -0.038869 -0.037478
0.100618 -0.000372 -0.032624
0.082951 0.028414 -0.02416
-0.013315 0.041573 -0.051333
-0.035634 0.037233 -0.037217
-0.046003 0.039161 -0.057891
0.031835 0.0282 -0.08606
0.030008 -0.007075 -0.037055
0.107997 0.019403 -0.078293
0.108537 0.029169 -0.069974
0.11 -0.02147 -0.03785
0.09999 0.008 -0.08685
0.106224 -0.005227 -0.064731
0.0028 0.0094 -0.0253
0.0028 -0.0228 -0.0633
-0.006505 0.040267 -0.042277
-0.029291 0.015027 -0.026328
-0.0323 0.0298 -0.0633
-0.027258 0.008251 -0.084894
-0.053697 0.013578 0.020277
-0.040268 -0.0097 0.006736
-0.031887 0.024782 -0.014699
0.017458 0.044457 -0.050798
0.0559 -0.0065 -0.0168
0.106591 0.041486 -0.039933
-0.048964 0.031388 -0.017943
0.109874 0.040404 -0.070465
0.06232 -0.0419 -0.03046
0.096798 -0.009051 -0.086928
-0.02655 -0.021 -0.01252
0.084418 0.044918 -0.040096
-0.0523 0.0133 -0.05
0.106665 -0.00305 -0.04872
-0.0015 0.0172 -0.05
0.083978 0.031439 -0.025643
0.108662 0.029276 -0.05497
0.089674 0.037704 -0.031277
-0.07309 -0.0064 -0.07385
0.067727 0.047027 -0.049381
0.109583 0.036882 -0.044706
-0.038452 0.030141 -0.009173
0.07548 0.0477 -0.05631
0.09005 -0.005 -0.0467
0.090315 0.032486 -0.029021
0.04062 0.047213 -0.070417
-0.024281 0.038277 -0.041531
0.060331 0.037884 -0.030378
0.12695 0.02551 -0.06
-0.06485 -0.00341 -0.0705
-0.044636 0.037388 -0.085439
0.10491 0.036647 -0.036088
-0.0248 -0.0048 -0.0157
0.015591 0.041824 -0.040454
-0.045885 0.02819 -0.002876
0.082724 0.021904 -0.023732
-0.005982 0.031835 -0.035438
-0.033409 -0.025599 -0.017246
0.0241 0.0065 -0.0832
-0.06286 0.0296 -0.0337
0.11 0.00337 -0.0835
-0.000193 -0.036044 -0.036447
0.097895 0.002546 -0.086252
0.103039 0.015824 -0.031745
-0.023495 0.038141 -0.040533
0.033245 0.045424 -0.085574
-0.029618 0.007441 -0.026414
-0.063607 -0.029054 -0.040149
-0.051409 0.013989 0.020994
0.10574 -0.01455 -0.058228
0.101 -0.04406 -0.05535
0.106883 -0.001302 -0.045721
0.096688 0.045214 -0.044346
0.100663 0.039807 -0.036631
-0.05882 -0.034662 -0.063064
-0.051708 -0.037767 -0.065954
0.0977 -0.01418 -0.04005
0.0055 -0.0143 -0.03
-0.035903 -0.009922 -0.008974
0.002711 0.042917 -0.049323
0.086987 0.037825 -0.030449
-0.057912 -0.024972 -0.006519
-0.036769 -0.009849 -0.005963
0.01912 -0.0557 -0.0752
-0.06224 -0.00829 0.010402
0.101878 0.031454 -0.033159
0.10823 0.021 -0.05172
0.106256 -0.008518 -0.079983
-0.040418 0.01909 0.011979
0.071827 0.045412 -0.035785
-0.03231 -0.011813 -0.021075
-0.02 -0.0343 -0.0568
-0.031936 0.003185 -0.020333
0.081884 0.036918 -0.027418
0.11 -0.02147 -0.08215
-0.040509 0.015324 0.013829
0.060925 -0.06089 -0.082437
-0.056772 0.024811 -0.002325
0.0318 0.021 -0.027
-0.027157 0.043308 -0.082323
0.072637 0.009007 -0.02229
-0.047935 0.015349 0.019946
0.06366 0.021 -0.03299
0.05358 -0.0375 -0.03849
-0.030207 0.036466 -0.032254
0.08261 -0.0099 -0.02513
0.033354 0.041892 -0.086471
-0.0226 -0.0063 -0.0157
-0.061131 -0.03289 -0.057606
-0.025111 0.023989 -0.028955
0.102512 -0.006102 -0.033112
0.08801 -0.00823 -0.04126
-0.029221 -0.00311 -0.085518
0.103362 0.029614 -0.033165
0.0107 -0.0121 -0.07544
0.109866 0.042904 -0.062275
0.108844 0.031299 -0.052215
-0.046911 0.031389 -0.016406
-0.033255 0.042153 -0.076736
-0.040314 0.038835 -0.085158
0.107464 0.009844 -0.080473
-0.016259 -0.022505 -0.033981
-0.012532 0.030967 -0.033719
0.11 0.01147 -0.08215
-0.002397 -0.050303 -0.067578
-0.073484 -0.002961 -0.073946
-0.02496 0.0374 -0.03905
0.108703 0.031349 -0.06422
0.001673 0.042336 -0.04607
-0.045491 0.004947 0.020807
0.09962 0.0468 -0.06489
0.012662 0.045672 -0.067901
-0.041536 -0.013675 0.012355
-0.03434 0.0317 -0.01621
0.077904 0.040409 -0.028211
0.11 -0.04091 -0.0467
0.029775 0.046792 -0.07261
0.107843 0.016123 -0.033696
0.0318 -0.02699 -0.01257
0.106771 -0.002176 -0.04722
0.109268 0.027956 -0.042957
-0.051176 0.024406 0.005588
0.105368 0.045482 -0.086089
0.09457 -0.004425 -0.030226
0.0701 -0.0304 -0.02833
0.100563 0.038279 -0.035577
-0.010436 0.043551 -0.062802
-0.027784 0.04348 -0.079218
-0.051635 0.024554 0.004563
0.04 -0.0374 -0.03
-0.02129 0.041444 -0.055213
0.05016 0.0295 -0.04995
0.080987 -0.013125 -0.024311
0.088923 0.006976 -0.02756
0.027095 -0.0102 -0.08611
-0.0069 -0.0317 -0.0432
-0.01606 0.0162 -0.08588
-0.028612 -0.00855 -0.028587
0.079719 0.041927 -0.030905
0.006732 0.043858 -0.052484
-0.037629 0.006252 -0.00176
-0.053277 0.02537 0.000285
-0.04188 -0.0295 -0.08629
0.1335 -0.005 -0.05535
-0.04028 -0.01662 -0.0585
-0.037556 0.023624 0.002166
0.04485 0.0383 -0.08584
-0.03286 -0.0414 -0.05712
0.03201 0.01845 -0.08605
-0.062507 -0.031784 -0.068692
0.01108 0.0201 -0.085919
0.105752 -0.009823 -0.070738
0.079587 -0.001562 -0.023478
0.005592 0.034053 -0.03654
-0.02675 0.00814 0.01936
0.106214 -0.004653 -0.067731
-0.018 -0.0206 -0.0041
-0.006002 0.041291 -0.045458
-0.04053 -0.022165 0.005062
-0.000302 0.045535 -0.082898
-0.023949 0.034434 -0.032857
0.10761 0.017175 -0.072727
0.027161 -0.00225 -0.037393
0.016078 0.044875 -0.05406
0.078465 0.042369 -0.031368
0.103991 -0.048298 -0.047929
-0.030958 0.032547 -0.021522
0.001335 -0.01065 -0.08553
0.093651 0.047229 -0.066497
0.01154 0.02605 -0.085906
0.105347 -0.018676 -0.064234
-0.04593 -0.016979 0.016096
-0.034345 -0.024907 -0.014253
0.0559 0.0065 -0.0832
0.10832 0.02255 -0.05172
0.079413 0.039459 -0.027947
-0.05917 -0.0344 -0.06759
0.031987 0.046059 -0.056569
0.068312 -0.017343 -0.029142
0.070517 0.002727 -0.023192
0.09435 0.02317 -0.06915
0.02891 0.0187 -0.086105
-0.0248 0.0048 -0.0843
0.022266 0.045412 -0.055467
-0.027728 0.040516 -0.052094
0.002314 -0.049359 -0.058484
-0.030048 0.022826 -0.019637
-0.015635 0.00785 -0.034865
-0.049671 0.023374 0.01005
-0.0174 -0.0063 -0.0843
0.07262 0.01 -0.08633
0.108603 0.022799 -0.04321
0.002619 0.04584 -0.082806
-0.041172 0.00913 0.012663
-0.007971 -0.019349 -0.036777
-0.050898 -0.006704 0.022879
0.100954 0.034974 -0.034109
0.101448 0.022925 -0.031346
-0.033883 0.03468 -0.025598
-0.005 0.0 -0.05
0.020092 -0.013575 -0.037997
0.108813 0.03343 -0.061468
0.107549 0.001756 -0.035831
0.107074 0.005226 -0.080472
-0.027613 0.038376 -0.040288
0.109869 0.038908 -0.044844
0.09742 0.015842 -0.03013
-0.03911 -0.002725 0.002741
0.068868 0.038849 -0.027837
0.074041 0.007902 -0.022092
0.029614 -0.01185 -0.037039
-0.002682 -0.00665 -0.037631
-0.031834 -0.0031 -0.085145
-0.01131 0.00305 -0.035782
-0.03674 -0.0004 -0.00522
0.004887 -0.047343 -0.085953
0.11 -0.03551 -0.07695
-0.02596 -0.00901 -0.0214
0.101072 0.033241 -0.033476
0.1284 0.00868 -0.0467
-0.009823 -0.00075 -0.08585
0.10158 0.036 -0.08585
0.099267 -0.001725 -0.03212
0.11 0.03091 -0.0733
-0.009237 -0.044059 -0.047202
0.0511 0.0194 -0.03471
0.0807 -0.0168 -0.05696
0.106049 0.030463 -0.033841
-0.002682 -0.049481 -0.063083
-0.023861 0.03751 -0.039347
-0.006653 0.042969 -0.054204
0.074489 0.004981 -0.021793
-0.045695 0.025704 0.005812
-0.038028 -0.005499 -0.00125
0.10741 0.014199 -0.083379
0.104931 -0.02688 -0.076039
0.1317 -0.0212 -0.06465
0.109108 0.035424 -0.05096
0.108693 0.028872 -0.078525
0.031629 0.043433 -0.086479
0.109242 0.037781 -0.08398
0.109 -0.0388 -0.093
-0.0333 0.0 -0.0823
0.0268 0.01148 0.02772
-0.035904 0.039122 -0.085369
0.0176 0.0224 -0.07544
-0.0298 0.021 -0.01254
0.07498 0.0425 -0.06478
0.107563 0.011926 -0.080614
-0.032227 0.041902 -0.081763
-0.051304 -0.00185 0.023592
0.07822 0.01488 -0.07049
-0.04815 -0.0057 -0.08642
-0.00558 -0.0428 -0.04264
0.089223 0.009288 -0.027699
0.075151 0.041781 -0.028901
0.098982 0.002002 -0.031906
0.099834 0.046576 -0.058878
0.106548 -0.003578 -0.080363
0.102376 -0.009011 -0.033085
0.12565 0.02317 -0.06915
-0.030676 0.0172 -0.085104
0.079888 -0.068045 -0.08108
0.106759 0.002846 -0.068727
0.00428 0.02075 -0.085535
0.104237 -0.045102 -0.043415
-0.0152 0.0048 -0.0157
0.11 0.0373 -0.06465
0.08448 0.012789 -0.025153
0.015801 -0.0021 -0.038357
0.087586 0.047528 -0.073614
0.108415 0.02565 -0.05772
0.007576 -0.002125 -0.038321
0.094203 -0.043244 -0.088799
-0.063912 -0.030484 -0.052659
0.107929 0.014226 -0.044961
0.067812 0.046143 -0.043878
-0.0286 0.00788 0.01892
0.07124 0.0063 -0.02234
0.10355 0.00661 -0.03785
0.010255 0.01435 -0.085921
-0.047659 -0.035982 -0.046868
0.108238 0.024623 -0.066723
0.101788 0.033216 -0.033712
0.073593 -0.019117 -0.024521
0.098485 0.0175 -0.085888
-0.056864 0.032245 -0.032295
0.105617 -0.035064 -0.065761
0.105028 -0.02625 -0.057228
-0.0468 0.0111 -0.0694
-0.033184 -0.022361 -0.017467
0.1088 0.0356 -0.07672
0.028605 -0.052963 -0.056
0.108819 0.033482 -0.079166
-0.0149 -0.0123 -0.0177
0.105187 -0.022298 -0.057723
-0.008705 -0.01085 -0.08573
0.01523 -0.026752 -0.038371
-0.009225 0.036282 -0.036335
0.1266 0.02488 -0.06465
0.0257 -0.0345 -0.07
-0.043566 0.028884 -0.004302
-0.0311 0.0268 -0.0306
-0.01735 -0.022299 -0.033709
0.103264 0.017031 -0.086435
-0.01019 0.040552 -0.08567
-0.0379 0.0074 -0.0791
0.04 -0.00962 0.02323
0.109326 0.04429 -0.051964
0.100453 0.047311 -0.081
0.03448 0.0126 -0.086
0.10456 -0.0268 -0.07274
-0.014336 0.017002 -0.03515
-0.036981 -0.021491 -0.003823
-0.04199 -0.0153 0.01271
-0.02 -0.035 -0.05
0.098617 -0.0017 -0.031868
-0.030791 -0.042835 -0.062567
0.098195 0.0317 -0.08591
0.03095 0.0083 -0.03705
0.106442 0.045915 -0.056284
0.07571 0.0479 -0.07131
-0.0268 0.021 -0.03044
0.02179 0.046951 -0.076656
-0.024912 0.01558 -0.031171
0.10858 0.031272 -0.073223
0.023156 -0.048687 -0.048111
0.02739 0.040887 -0.037725
0.04186 0.0449 -0.04589
0.020849 0.019127 -0.03806
-0.05616 0.0365 -0.0606
0.085012 -0.02407 -0.025911
-0.016079 -0.005449 -0.034892
0.039991 0.036383 -0.034894
0.083919 0.018461 -0.024463
0.081229 0.000403 -0.024368
0.093593 0.047169 -0.062739
0.107 0.005725 -0.062472
-0.050636 0.03105 -0.017987
-0.002575 0.027215 -0.035859
-0.02 -0.0194 -0.0791
-0.0517 -0.0131 -0.0568
0.105749 0.00197 -0.032956
0.044956 0.04465 -0.042322
0.106397 -0.004192 -0.077302
0.106154 0.044352 -0.045557
-0.030175 0.034032 -0.025132
-0.03201 -0.043118 -0.080093
-0.042483 -0.028059 -0.004218
0.07261 -0.030235 -0.026021
0.10085 -0.04487 -0.06
0.105783 -0.033259 -0.056162
-0.005507 -0.043889 -0.045124
-0.010188 0.044539 -0.075783
0.0318 0.024 -0.018
-0.008483 0.031848 -0.085244
0.107749 0.044154 -0.046055
-0.037145 -0.026417 -0.006582
-0.0428 0.0094 -0.0253
0.0559 -0.0384 -0.03624
-0.039441 0.04114 -0.070833
-0.006574 -0.048388 -0.062147
-0.014204 0.044367 -0.075423
0.04 0.025 -0.07992
-0.047778 0.033398 -0.025906
-0.053614 0.00787 0.022742
-0.019989 0.04247 -0.062211
-0.01328 -0.0482 -0.07177
0.017063 0.045686 -0.063072
0.063 -0.0095 -0.02008
0.082649 -0.000775 -0.025137
0.0402 -0.0018 -0.08589
0.01667 -0.0287 -0.03826
-0.03993 -0.02 0.00575
-0.036711 -0.025427 -0.00669
0.104583 -0.021485 -0.034655
0.017 -0.0095 -0.02008
0.106678 0.046262 -0.081809
0.10641 -0.006075 -0.051973
0.108024 0.0243 -0.07573
0.014995 0.042759 -0.042963
0.034219 0.045097 -0.049008
-0.071168 0.024767 -0.06046
0.07242 -0.0637 -0.07627
-0.008346 0.04409 -0.069269
-0.0077 -0.0298 -0.0367
0.109884 0.042661 -0.073545
0.074365 -0.032044 -0.024852
0.035765 -0.0142 -0.085931
0.108245 0.009026 -0.038691
0.106218 0.046365 -0.065209
0.09117 0.0295 -0.03726
0.0033 -0.0034 -0.085525
0.101183 -0.004625 -0.032815
0.0934 0.02488 -0.05535
0.106266 -0.004527 -0.06473
0.091256 0.023383 -0.028202
0.108972 0.031423 -0.047213
0.074429 -0.00514 -0.022138
0.106488 -0.002823 -0.077527
-0.013621 0.043194 -0.062605
0.023881 0.044768 -0.049933
-0.054395 0.023467 0.004202
0.107033 0.004025 -0.053972
-0.030853 -0.027527 -0.02584
-0.040304 -0.000202 -0.085736
0.10715 -0.003908 -0.040453
0.0318 -0.021 -0.027
-0.054032 0.024509 0.001738
0.0774 0.0 -0.03
0.051435 0.043602 -0.035501
0.095217 -0.0091 -0.087008
-0.051314 0.025719 -0.086718
0.044556 0.047536 -0.081371
0.101482 0.011217 -0.031743
-0.055974 -0.012091 0.019374
0.0807 -0.0168 -0.04304
0.013791 -0.0248 -0.038373
-0.0318 0.0 -0.0305
0.050823 0.046321 -0.049685
0.1133 -0.01094 -0.0835
0.10843 0.0272 -0.06372
-0.05447 -0.0203 0.0115
0.01065 0.0452 -0.06144
-0.0067 0.0 -0.0177
0.1 0.0317 -0.093
0.109078 0.025338 -0.042603
0.020929 0.045054 -0.052978
-0.069262 -0.025631 -0.061357
-0.026779 0.024106 -0.026462
-0.037217 -0.023 -0.086367
0.024975 0.04575 -0.05769
0.106768 -0.003375 -0.04422
0.12695 -0.005 -0.04305
0.084838 -0.042641 -0.034727
0.05861 0.0425 -0.058
0.009802 -0.037386 -0.036699
-0.039723 -0.014864 0.00642
0.094772 -0.028526 -0.031901
-0.016573 -0.039194 -0.037406
0.0401 -0.00385 -0.08589
0.081524 0.047671 -0.058445
0.106489 0.046012 -0.059415
-0.0498 -0.0123 -0.0633
-0.033967 -0.04212 -0.062625
0.075297 -0.019205 -0.022948
-0.040004 -0.017242 0.007147
-0.03009 -0.008132 -0.02637
0.013682 0.034884 -0.036818
0.0718 0.0 -0.02456
0.13215 0.01147 -0.06
0.108467 0.02045 -0.041959
-0.031755 0.011049 -0.020303
0.099473 0.047163 -0.083572
-0.043108 0.006801 0.018274
0.03805 0.0 -0.0294
0.107312 0.02893 -0.033898
0.0268 -0.021 -0.0305
0.10181 0.0425 -0.04793
0.079533 0.044969 -0.037196
-0.043012 -0.010234 0.016377
-0.018 0.0105 -0.01819
0.1241 0.02038 -0.0467
0.0107 0.0293 -0.06376
0.108038 0.045664 -0.059548
-0.011753 0.042688 -0.056808
-0.025591 0.037176 -0.037564
0.035118 -0.002297 -0.036643
-0.033616 0.026942 -0.010729
0.03026 0.02554 -0.0445
0.025451 0.029937 -0.036094
0.108149 0.038004 -0.086013
0.090912 0.043772 -0.03895
0.108366 0.026946 -0.069726
0.109467 0.037964 -0.070594
0.06137 -0.0554 -0.08647
0.10473 0.045542 -0.050962
-0.013638 -0.00145 -0.035385
0.08395 0.036725 -0.028237
-0.051297 0.036477 -0.082675
0.014988 -0.032272 -0.037721
-0.02654 0.03335 -0.085071
0.044481 0.036432 -0.033862
-0.0126 0.0179 -0.0791
-0.033324 0.014329 -0.014444
-0.002627 0.043743 -0.056892
0.07366 0.0292 -0.08533
0.108609 0.033377 -0.076473
0.014505 0.045606 -0.085381
-0.0379 0.0074 -0.0209
-0.057855 0.015692 0.012643
0.07359 0.021 -0.05348
0.0718 0.0 -0.07544
-0.035981 0.032203 -0.016634
0.1057 -0.00185 -0.0835
-0.0512 0.003083 0.023498
-0.05824 -0.030515 -0.035039
0.05439 0.021 -0.0368
0.10841 0.0241 -0.05172
0.0068 0.0111 -0.0694
0.051422 0.047581 -0.070232
0.05584 0.0177 -0.05765
0.107955 0.045357 -0.0534
0.109864 0.041016 -0.045078
-0.040874 -0.017688 0.009281
0.105823 -0.014425 -0.054975
-0.018167 -0.046689 -0.068861
0.0713 -0.0375 -0.03615
-0.02 -0.0194 -0.0209
0.107324 0.009948 -0.077672
0.03805 -0.02079 -0.02079
-0.02677 -0.0058 -0.08605
0.105303 -0.019038 -0.076725
0.026823 -0.039666 -0.087674
0.001416 0.044399 -0.060095
0.10938 0.03784 -0.076753
0.03286 0.047489 -0.079019
-0.00888 -0.02235 -0.08572
0.109562 0.03522 -0.041158
-0.032642 -0.030687 -0.022828
0.06365 0.0425 -0.03299
0.099842 -0.006 -0.032315
-0.050292 0.010213 0.022295
0.001453 0.044916 -0.070094
-0.02937 0.0 0.017
-0.042165 0.028641 -0.003244
-0.018 0.01819 -0.0105
0.015576 0.008575 -0.038382
-0.049769 0.029235 -0.009956
0.097771 0.042272 -0.038261
-0.008833 -0.049344 -0.073203
0.107388 -0.003133 -0.038134
0.108113 0.0201 -0.05472
0.088851 0.04023 -0.03343
-0.02779 0.02751 -0.0445
-0.0077 -0.0051 -0.0823
0.074833 0.032417 -0.0262
0.04 -0.0059 -0.08589
-0.026768 -0.003149 -0.085555
0.106033 -0.004875 -0.07398
0.0977 -0.01418 -0.07995
0.107472 0.012821 -0.066224
-0.025435 -0.045354 -0.079805
-0.01355 0.0355 -0.03485
0.1057 -0.00815 -0.0365
0.09874 0.04577 -0.06835
-0.054628 -0.01754 -0.087616
-0.045577 0.014538 0.019162
0.099853 0.045165 -0.045329
0.107759 0.045845 -0.083989
0.096402 0.002646 -0.085727
-0.0298 -0.021 -0.01254
-0.0523 0.0 -0.0633
-0.026176 0.036955 -0.036062
0.005091 -0.051296 -0.063941
0.08025 0.021 -0.05884
0.04919 -0.0023 -0.03472
0.086901 0.01395 -0.026533
0.0338 0.0062 -0.08528
0.028119 0.046271 -0.061127
0.08223 -0.020217 -0.024592
0.100438 0.013442 -0.031283
0.09922 -0.00455 -0.032091
-0.049388 -0.033355 -0.036904
0.10598 -0.0056 -0.07373
-0.037637 0.040484 -0.058263
0.108997 0.036211 -0.037869
-0.02246 0.0366 -0.084993
0.0916 -0.01868 -0.0467
0.0937 0.047055 -0.059732
0.084612 0.023374 -0.024682
-0.049557 0.02812 -0.005425
0.079801 0.000224 -0.02356
-0.053833 0.020148 0.012514
0.081626 0.04748 -0.055438
0.05369 0.03018 -0.06775
0.0784 0.0159 -0.06376
-0.002075 0.044729 -0.072912
0.105369 -0.045563 -0.051123
0.076155 -0.001403 -0.022194
0.108765 0.028968 -0.081212
-0.045708 0.002528 0.021101
0.106816 -0.002625 -0.04422
-0.039434 0.00773 0.00472
-0.0543 0.0 -0.0432
-0.0791 -0.0057 -0.05496
-0.055734 0.019424 0.011154
0.03099 -0.0213 -0.08603
0.105404 -0.026152 -0.043721
0.079804 -0.0127 -0.086744
0.03805 0.01125 -0.02716
-0.050672 -0.009169 0.022285
-0.033845 0.020398 -0.009914
-0.03519 0.041662 -0.068229
0.075521 -0.008437 -0.02232
-0.00241 -0.050651 -0.071085
0.073384 0.001804 -0.021737
0.00642 -0.036908 -0.036549
0.02753 0.045619 -0.054629
-0.034115 -0.021664 -0.014481
0.087329 -0.029495 -0.029081
-0.03131 0.02399 -0.0445
0.106496 -0.00465 -0.051972
0.1085 0.02565 -0.05172
-0.038513 0.026753 -0.000881
0.0335 -0.0159 -0.0832
0.011996 -0.028303 -0.037523
0.087376 0.002227 -0.027151
0.09154 0.0364 -0.086003
0.034115 -0.050416 -0.048382
0.07105 -0.0386 -0.02731
0.105271 -0.001808 -0.033095
-0.04052 0.031445 -0.013995
0.099178 -0.00875 -0.032096
-0.034657 0.025811 -0.007246
0.010966 -0.046698 -0.046305
0.10122 -0.0032 -0.03281
-0.0405 0.0205 -0.0694
0.07139 -0.005577 -0.023115
0.105555 0.013603 -0.032322
0.082719 0.024584 -0.02377
-0.005559 0.036975 -0.037038
0.0883 -0.0212 -0.06465
-0.054118 0.032053 -0.026541
-0.042415 0.019032 0.014021
0.01874 0.0404 -0.03829
-0.004158 0.043594 -0.05692
-0.040064 0.030376 -0.009696
-0.055273 0.009402 -0.087972
-0.065975 0.030382 -0.05678
-0.033926 -0.003774 -0.014429
-0.05447 -0.01334 -0.0585
0.067606 -0.012613 -0.028118
0.060602 0.04779 -0.078702
0.109878 0.040389 -0.043858
-0.037719 0.025826 -0.000572
0.000394 -0.047004 -0.050985
0.10806 0.02075 -0.06072
-0.054853 0.028893 -0.01373
0.101593 0.045985 -0.052851
-0.060776 0.031378 -0.036874
0.057964 0.042272 -0.031862
-0.04441 0.010819 0.01934
-0.006966 0.026841 -0.035285
-0.063624 -0.011569 -0.086897
0.103363 0.022968 -0.032109
0.012071 0.044216 -0.051887
0.105728 0.041096 -0.086923
-0.00432 -0.0494 -0.06462
0.10684 -0.002027 -0.045721
0.087633 0.047573 -0.07086
0.003484 0.045046 -0.067055
0.06583 -0.0018 -0.02843
0.103093 0.046086 -0.055823
0.0123 0.0133 -0.05
0.10921 0.0355 -0.04571
-0.0413 0.006493 0.01224
0.0524 0.0295 -0.0544
-0.029876 0.042413 -0.073392
-0.01309 0.043573 -0.065847
0.0977 0.00418 -0.04005
-0.008602 0.043563 -0.08529
-0.035385 -0.028657 -0.013584
-0.059066 0.030668 -0.029085
-0.0137 0.0026 -0.0843
0.048381 -0.053674 -0.086234
0.036609 0.042404 -0.086255
0.109414 0.034089 -0.042861
-0.066179 -0.022056 -0.016657
0.10493 -0.0263 -0.06073
-0.057625 -0.019358 0.010061
-0.030178 0.00845 -0.084916
-0.0126 0.0179 -0.0209
0.05461 0.03021 -0.07883
0.008015 0.041364 -0.040802
-0.02 -0.0291 -0.0694
0.101869 -0.005975 -0.086894
0.042208 0.04797 -0.077597
-0.03504 -0.020966 -0.011494
-0.069997 -0.002434 -0.081116
0.022703 -0.028502 -0.03706
-0.0299 0.0261 -0.0445
0.106616 -0.005702 -0.04572
0.096351 0.009051 -0.030745
-0.040082 0.011069 0.009838
-0.033192 -0.01913 -0.017798
-0.040797 -0.002224 0.008711
-0.0375 0.0175 -0.0253
0.053402 0.03676 -0.031376
0.10037 0.033242 -0.033233
0.107627 0.016786 -0.083433
0.081114 0.004718 -0.024224
-0.02 -0.0133 -0.0823
0.03026 0.02554 -0.0305
-0.024136 0.028559 -0.029494
-0.04028 -0.01662 -0.07049
0.07262 -0.044744 -0.032856
-0.013892 -0.005725 -0.035408
0.10696 -0.001 -0.04272
-0.0152 -0.0048 -0.0843
0.101466 -0.012049 -0.086919
-0.0251 0.0123 -0.0823
0.108341 0.029028 -0.083846
-0.029748 -0.032214 -0.027939
0.106609 -0.04401 -0.076136
-0.037312 0.014195 -0.000118
0.040458 0.04454 -0.043458
-0.071004 -0.01854 -0.025221
0.083195 -0.038738 -0.031163
-0.058866 0.028444 -0.017777
0.05272 -0.009999 -0.086125
-0.044255 -0.023251 -0.086418
0.0568 0.0407 -0.04304
-0.017682 -0.03153 -0.032492
-0.035759 -0.029277 -0.013566
0.027952 0.018975 -0.037412
0.105067 0.03999 -0.038079
-0.050886 0.038314 -0.073165
0.10275 0.01461 -0.04146
-0.049811 0.011747 0.0218
0.0304 0.00575 -0.086065
0.104735 -0.00895 -0.085759
0.106731 -0.002901 -0.04722
0.106658 0.039948 -0.038676
0.019059 0.0294 -0.086299
0.07299 -0.0078 -0.0223
-0.07233 0.0208 -0.06486
0.100516 0.046669 -0.06187
0.024469 0.039394 -0.087019
0.105127 -0.026963 -0.079354
0.0005 0.0205 -0.0306
-0.05243 -0.02911 -0.093
0.106331 0.009187 -0.03283
0.088468 -0.066298 -0.070537
0.01091 -0.0209 -0.03837
0.109 0.0317 -0.083
0.102649 -0.000426 -0.032825
0.10871 0.025148 -0.044461
-0.037395 0.01765 -0.085241
-0.02 0.0 -0.085
0.10723 0.01255 -0.07523
0.0367 -0.0081 -0.01472
0.097454 0.028008 -0.030746
0.094565 -0.005825 -0.030205
0.10155 -0.0113 -0.08215
-0.076342 0.001075 -0.031295
-0.010104 0.03565 -0.085284
0.066798 -0.004202 -0.027068
0.07607 0.0149 -0.0657
0.050947 0.047277 -0.058971
-0.022299 0.00319 -0.032727
-0.042802 0.031616 -0.015336
0.028477 0.024411 -0.036476
0.026079 0.046746 -0.083051
0.13045 0.01021 -0.05085
-0.008035 -0.0157 -0.085715
0.018818 0.043668 -0.045337
0.019231 -0.028499 -0.086316
-0.030639 -0.024101 -0.025736
0.035463 0.047304 -0.081986
-0.044396 -0.031681 -0.022818
0.1176 0.02812 -0.0467
0.105724 -0.049093 -0.061117
-0.050925 0.030542 -0.016228
0.108762 0.020512 -0.040198
0.003684 -0.020451 -0.038209
-0.02779 0.02751 -0.0305
-0.062539 -0.02416 -0.012599
0.0082 0.0 -0.02456
-0.0137 -0.0026 -0.0157
-0.0583 0.0256 -0.00662
0.107715 0.003929 -0.037991
-0.041888 0.004475 0.014763
0.102592 0.031428 -0.033398
0.100284 0.046736 -0.075886
0.085737 -0.033235 -0.029688
-0.0021 0.0074 -0.0791
-0.013897 -0.046508 -0.061284
-0.052875 -0.019136 0.014885
0.058596 0.010951 -0.086033
0.103447 0.038277 -0.036518
0.10755 0.009176 -0.045962
0.108681 0.033504 -0.073467
0.102003 0.038349 -0.036026
0.01446 -0.046 -0.04429
0.035325 0.045913 -0.053742
0.107415 0.026473 -0.033623
0.101892 0.004301 -0.032309
-0.05462 0.036041 -0.050052
-0.01537 0.0287 -0.08488
0.108038 0.01825 -0.05197
-0.071685 -0.01321 -0.074018
0.009611 0.029452 -0.036773
0.100251 0.011174 -0.031586
0.10744 0.0322 -0.034828
-0.0218 0.028 -0.0305
-0.008667 -0.04913 -0.069692
0.09435 -0.03317 -0.05085
-0.008711 0.028049 -0.085284
0.03874 -0.0211 -0.08589
-0.035947 0.020841 -0.001611
0.104685 0.035888 -0.086377
0.018521 -0.047822 -0.047186
0.105778 -0.0085 -0.073735
-0.01441 -0.0458 -0.05779
0.087748 0.043691 -0.038008
0.105634 -0.052087 -0.070764
0.05727 0.008482 -0.032213
-0.05139 0.031757 -0.021961
0.107333 0.01065 -0.06297
0.000923 0.043262 -0.051832
-7.1e-05 0.044787 -0.069871
-0.049106 0.028005 -0.004398
-0.002155 0.044339 -0.062903
-0.024625 0.036432 -0.036979
-0.042264 0.009377 0.016766
0.058339 0.030403 -0.085553
0.1024 -0.03812 -0.0467
0.092769 0.009175 -0.029256
0.10629 -0.010226 -0.04722
-0.03131 0.02399 -0.0305
0.015 0.0 -0.05
0.103392 0.025392 -0.032402
0.108674 0.033477 -0.083718
0.108068 0.045466 -0.056593
0.109324 0.041782 -0.042928
0.03864 -0.04224 -0.07049
-0.034915 -0.003698 -0.011457
0.0047 0.0 -0.0253
-0.045945 0.030288 -0.010875
-0.00429 0.016928 -0.037248
0.106434 -0.002403 -0.064981
0.042018 0.045368 -0.048128
0.0082 0.0 -0.07544
-0.013289 -0.03253 -0.03386
0.049291 -0.042009 -0.087313
0.109022 0.031499 -0.04571
0.007571 -0.016228 -0.038357
0.09465 0.0147 -0.04003
-0.035844 -0.006773 -0.008711
0.021669 0.005901 -0.086277
-0.01689 -0.0006 -0.08588
0.109592 0.028419 -0.040184
0.104816 -0.007475 -0.085753
0.064612 -0.002111 -0.028937
0.11 -0.04487 -0.05085
0.099484 0.047398 -0.08098
0.085034 0.018849 -0.085672
0.10408 -0.0462 -0.04473
-0.07403 -0.0175 -0.03685
0.10071 0.0412 -0.03786
-0.027515 0.03446 -0.028806
-0.0498 0.0123 -0.0367
0.10675 -0.003502 -0.045721
-0.019449 -0.038351 -0.036589
0.109601 0.037507 -0.045848
0.078829 0.007254 -0.023163
-0.049327 0.026913 -0.000919
-0.026872 0.036139 -0.03357
-0.05412 -0.0239 0.0035
0.100284 0.043097 -0.040219
0.092476 0.006862 -0.0291
0.02327 0.043817 -0.044731
-0.050918 0.019011 -0.087343
-0.012327 0.007699 -0.035592
0.104789 -0.026553 -0.066736
-0.031567 0.040467 -0.085016
-0.054935 -0.0302 -0.02851
0.0318 0.01148 -0.02772
-0.031399 -0.012245 -0.023628
0.029227 -0.016625 -0.037107
0.071274 0.038045 -0.026862
-0.05361 -0.0089 0.0224
0.099934 0.046365 -0.055877
0.01034 -0.04122 -0.05852
0.0318 0.021 -0.0305
0.101855 0.036678 -0.035124
-0.070888 0.025374 -0.042536
-0.021958 0.043569 -0.082368
-0.052141 0.023453 0.00732
0.100311 0.046775 -0.073133
0.016375 -0.035448 -0.03745
-0.034748 0.032945 -0.019381
-0.005666 0.045185 -0.082533
0.0712 -0.0312 -0.05696
-0.045156 0.040071 -0.067454
-0.003047 -0.037597 -0.086985
0.05272 0.0425 -0.05313
0.07798 -0.00812 -0.0705
-0.043981 0.01226 0.018683
0.007576 -0.006825 -0.038317
0.11645 -0.03317 -0.04305
0.0745 0.0143 -0.07
0.007816 0.029194 -0.036693
-0.040598 0.004704 0.008447
-0.025333 -0.045253 -0.070981
-0.017949 -0.026707 -0.03259
0.101942 0.046521 -0.075856
-0.074222 0.011699 -0.027943
-0.041765 -0.029642 -0.010203
0.108037 0.022046 -0.069727
0.110039 0.042703 -0.068115
0.087682 0.045478 -0.043515
0.018167 0.035238 -0.036684
0.096765 0.045617 -0.046857
0.095403 0.002125 -0.030422
-0.0024 -0.0022 -0.03762
0.03961 -0.0141 -0.08588
-0.028815 -0.044372 -0.071047
0.00758 0.045383 -0.07074
-0.00639 -0.034662 -0.035598
0.11845 -0.04181 -0.05085
-0.042025 0.027288 0.001108
-0.038614 -0.041966 -0.074234
0.10658 -0.0045 -0.04872
0.0495 0.023 -0.07992
-0.037056 0.037215 -0.037473
0.106109 -0.008515 -0.076852
0.0305 -0.023 -0.02008
0.10235 -0.06 -0.07075
-0.018 0.00804 0.0194
0.053615 0.045221 -0.041611
-0.0299 0.0261 -0.0305
0.103637 -0.013194 -0.033621
0.107415 0.028899 -0.085753
0.0693 0.0293 -0.03624
0.081 -0.00451 -0.024261
0.10576 -0.0182 -0.04772
-0.068922 -0.012004 -0.081051
0.109014 0.0334 -0.048962
0.013758 0.013925 -0.038537
0.003409 0.04178 -0.043086
0.081 -0.0388 -0.083
-0.034051 0.017075 -0.010813
0.025655 0.046559 -0.069426
0.093562 0.047194 -0.078543
-0.065399 -0.024239 -0.07915
-0.02 0.0068 -0.0157
0.023115 0.019101 -0.086263
0.044088 0.048012 -0.077515
0.109473 0.037981 -0.058837
0.03284 -0.0545 -0.058407
0.0011 0.007374 -0.037969
0.072147 -0.036451 -0.026386
0.004229 0.012749 -0.038293
0.04 0.0441 -0.05696
0.103972 -0.001098 -0.03288
0.003357 0.044554 -0.085572
0.109024 0.035426 -0.055712
-0.00166 0.0441 -0.05965
-0.03915 -0.00535 0.002742
0.094762 0.043165 -0.038822
-0.018 -0.01485 0.01485
0.0319 -0.0033 -0.08528
0.020305 0.04205 -0.040099
0.081198 -0.001628 -0.024349
-0.013756 0.021602 -0.034351
0.08164 0.04788 -0.065956
0.078344 0.001404 -0.022866
-0.050626 0.035964 -0.042425
0.04 -0.0415 -0.06376
0.080329 -0.009448 -0.02399
0.102118 0.044349 -0.044341
0.05695 0.0443 -0.08
-0.02438 -0.0292 -0.08599
0.105662 -0.035054 -0.068992
0.06856 0.021 -0.03398
-0.015449 -0.036691 -0.034376
0.105972 -0.008746 -0.082996
-0.0021 0.0074 -0.0209
-0.042054 -0.020034 0.009452
0.058987 0.047349 -0.055579
0.012351 -0.01345 -0.038395
0.08007 0.01485 -0.04696
0.097053 0.04009 -0.0356
0.0091 0.0 -0.0694
0.082623 -0.002125 -0.025139
-0.05327 0.0102 0.02219
0.057248 -0.010804 -0.033383
-0.02862 -0.0378 -0.03905
-0.056207 -0.005724 -0.087634
0.040199 0.047076 -0.062914
0.0865 -0.005 -0.05535
0.0959 -0.03038 -0.0467
-0.00454 0.04226 -0.05852
-0.022853 -0.03509 -0.031884
-0.02942 -0.02114 -0.03047
0.0224 -0.0176 -0.02008
0.08955 -0.02021 -0.05085
0.072021 0.043517 -0.030971
-0.006046 -0.045761 -0.050632
0.105606 -0.033337 -0.049057
0.106315 -0.003827 -0.06473
0.0241 -0.0384 -0.06376
0.100285 -0.027093 -0.086915
-0.0517 0.0131 -0.0568
-0.026436 0.039083 -0.044323
0.05327 0.02633 -0.0585
0.012419 -0.054237 -0.074332
0.0959 0.02038 -0.0467
-0.068365 0.000962 -0.005152
0.09292 -0.0246 -0.03094
0.106016 0.009874 -0.085763
-0.006819 0.002752 -0.036783
-0.05697 0.02404 -0.0705
-0.009233 -0.045912 -0.053702
-0.069011 0.025077 -0.03344
-0.057991 0.029802 -0.022288
0.032565 0.024 -0.086045
0.12565 -0.03317 -0.06915
0.0693 0.0121 -0.02456
0.080242 0.032332 -0.024615
0.084849 -0.025697 -0.026174
0.079327 -0.016357 -0.0236
-0.058252 0.021346 0.00286
0.018947 -0.042769 -0.038235
0.101941 0.029636 -0.032705
-0.04493 0.00952 0.01994
0.05761 0.038128 -0.031111
0.07359 -0.0375 -0.05348
0.087244 0.032715 -0.027787
-0.026475 -0.042651 -0.056505
0.043714 -0.052379 -0.050238
-0.034872 -0.039983 -0.052148
0.015235 -0.02205 -0.038458
0.106343 -0.010152 -0.045721
0.007511 -0.049544 -0.055912
0.109358 0.044945 -0.079003
0.105944 -0.011548 -0.076783
-0.03284 0.03922 -0.0705
0.0268 -0.01148 0.02772
-0.02004 0.028 -0.03774
0.10355 -0.01661 -0.03785
-0.040857 -0.013238 0.010147
0.091285 0.028455 -0.028374
0.02321 0.029051 -0.08625
-0.03803 -0.017498 -1.7e-05
0.109049 0.045117 -0.083597
-0.0524 -0.0301 -0.08647
0.10854 0.024248 -0.048716
0.106165 -0.013584 -0.036061
0.10707 0.006125 -0.059972
-0.0158 -0.028 -0.0395
-0.031186 -0.003889 -0.023653
0.081411 -0.034695 -0.027828
0.109822 0.040531 -0.05896
-0.029271 0.042287 -0.070128
-0.0026 0.0174 -0.0747
-0.02758 0.015 -0.02907
-0.064218 -0.021719 -0.009542
-0.018 -0.021 0.0
0.079185 -0.039109 -0.029181
0.01091 -0.0068 -0.038385
0.086315 0.019622 -0.025902
0.102688 0.011274 -0.031738
-0.0268 0.0 -0.0157
-0.047455 0.009951 0.021423
0.106585 -0.007 -0.04272
-0.059834 0.033638 -0.04708
-0.00312 0.04453 -0.069427
-0.004114 -0.035575 -0.036041
0.102604 -0.001776 -0.03286
-0.05242 0.0216 0.01149
0.10664 0.002749 -0.071729
-0.03292 -0.0007 -0.01715
-0.0226 0.0063 -0.0157
0.1241 -0.03038 -0.0733
0.003723 -0.025763 -0.03734
-0.043019 0.038746 -0.050322
0.00905 -0.0479 -0.08639
-0.040084 -0.005755 -0.085603
0.0098 -0.0123 -0.0367
0.0465 0.0159 -0.0832
0.013457 0.04373 -0.048636
-0.032701 -0.026184 -0.020146
-0.023133 -0.013264 -0.032458
-0.060844 -0.033349 -0.063116
0.0939 0.046634 -0.053726
-0.0236 0.0391 -0.04403
-0.033869 -0.040074 -0.085649
-0.02 0.0247 -0.0747
-0.003922 0.032218 -0.035696
0.10646 -0.0023 -0.06173
-0.046019 -0.037376 -0.05133
0.07719 0.044118 -0.03339
-0.009399 0.043913 -0.06603
0.099582 0.046865 -0.067642
0.022858 0.046033 -0.061968
0.01748 -0.0544 -0.06623
0.023067 0.045159 -0.05269
-0.029835 0.02365 -0.085106
0.103949 -0.001749 -0.032898
-0.007369 0.041113 -0.045482
0.099418 0.0025 -0.086843
0.105056 -0.00771 -0.033913
0.060055 0.047921 -0.074649
0.101 0.03406 -0.06465
0.106554 -0.005826 -0.04722
-0.04059 0.0385 -0.04632
0.107769 0.01441 -0.080732
0.099 0.04578 -0.07018
0.017766 0.029816 -0.03665
0.043934 0.03495 -0.08591
0.033532 0.038627 -0.08707
0.038833 0.046062 -0.053182
-0.033845 0.027997 -0.011105
0.10007 0.0089 -0.03184
0.082161 0.031934 -0.024953
0.0241 -0.0065 -0.0832
0.10879 0.0275 -0.04571
0.108917 0.033351 -0.052462
0.10508 -0.0031 -0.08575
0.088913 -0.024295 -0.028513
0.105954 0.020939 -0.032593
-0.069695 -0.006126 -0.080967
0.089911 -0.052778 -0.044686
-0.0251 -0.0123 -0.0177
-0.03687 -0.0385 -0.04719
-0.059774 0.034848 -0.062175
-0.005523 -0.015397 -0.037334
0.10024 0.035 -0.03387
0.08874 -0.013762 -0.026935
-0.03895 0.0189 0.00973
-0.013292 -0.014351 -0.035709
0.106464 -0.044437 -0.080988
0.107299 -0.001505 -0.03581
-0.040992 0.01219 0.014205
0.047572 -0.047911 -0.039197
-0.046408 0.038122 -0.050382
0.0977 0.00418 -0.07995
-0.000668 0.027625 -0.036031
-0.037237 0.027816 -0.004607
0.04 0.02514 0.0
0.107354 0.007763 -0.080331
0.102154 0.041265 -0.03832
0.01931 0.047167 -0.079755
0.031696 0.044147 -0.044074
0.10493 -0.009221 -0.033895
0.021841 0.043106 -0.042328
-0.0268 0.0 -0.0305
-0.04635 0.03383 -0.093
0.090935 0.046011 -0.046959
-0.021565 -0.0301 -0.031818
0.07163 0.0405 -0.02737
0.020582 -0.014749 -0.086324
0.106299 0.014424 -0.085762
-0.039709 0.029091 -0.005444
-0.012776 -0.005799 -0.035614
-0.002308 0.002575 -0.037623
0.044951 0.042145 -0.086048
-0.04596 -0.002106 0.021062
-0.010133 0.041981 -0.051524
-0.038651 0.033937 -0.02377
-0.022228 -0.040404 -0.043899
-0.012241 0.01235 -0.035695
-0.035946 0.040126 -0.053724
0.03232 0.0324 -0.086055
0.10155 0.03181 -0.06915
-0.035784 0.018072 -0.003122
-0.063697 0.024893 -0.016284
0.101113 -0.01964 -0.086742
-0.04892 0.0 -0.08644
-0.046734 0.023079 0.011874
0.013791 0.0086 -0.038433
0.048896 -0.061822 -0.066592
0.107569 0.003935 -0.040609
0.008915 -0.0058 -0.08592
0.107395 -0.003809 -0.038169
0.11226 0.01453 -0.07049
0.0318 -0.021 -0.0305
-0.034928 0.016497 -0.008059
0.0143 0.0 -0.0568
0.109619 0.036549 -0.040058
-0.05447 -0.01334 -0.07049
0.102001 0.046667 -0.070351
0.006258 0.044598 -0.057992
0.05149 -0.01903 -0.0585
0.02724 -0.0445 -0.03807
-0.03632 0.0354 -0.02924
0.106543 -0.007075 -0.04422
0.095228 0.041279 -0.036425
-0.004721 0.043808 -0.059704
-0.038735 -0.01875 0.002928
0.0967 -0.005 -0.07995
-0.01637 -0.0057 -0.08587
-0.022063 0.040804 -0.051457
0.001872 -0.045243 -0.045428
-0.0132 0.0 -0.0157
-0.001272 0.042023 -0.045856
0.090609 -0.000899 -0.028574
-0.015091 -0.02277 -0.034272
-0.0077 -0.0298 -0.0633
0.07005 -0.0008 -0.02436
-0.0015 0.0 -0.03624
0.10895 0.0355 -0.06472
0.11403 -0.00849 -0.06615
-0.027654 0.041894 -0.08493
0.09572 -0.0029 -0.08592
-0.004477 0.026804 -0.035644
0.105649 -0.029877 -0.037697
-0.01292 -0.048 -0.06877
0.098902 0.041055 -0.08689
-0.0286 -0.01496 0.01492
0.077635 -0.004385 -0.022747
0.106636 0.038276 -0.037603
0.106201 -0.010102 -0.079912
0.01354 -0.030308 -0.037685
0.10693 0.005521 -0.068727
0.106499 0.04492 -0.048987
-0.004373 -0.04986 -0.067612
0.106214 -0.005942 -0.08293
-0.006716 0.007403 -0.036783
0.107557 0.009448 -0.048216
-0.014463 0.012349 -0.035237
0.107265 0.043073 -0.086749
-0.028972 0.041455 -0.084998
0.104859 -0.026426 -0.063733
0.106581 -0.0032 -0.051972
0.13215 -0.02147 -0.06
-0.028467 -0.022849 -0.08614
-0.01451 -0.0411 -0.0408
0.109329 0.044912 -0.062719
0.0305 0.023 -0.07992
0.081583 0.047831 -0.062196
0.077462 0.032455 -0.02513
0.10738 0.006275 -0.044962
0.078144 -0.041138 -0.030229
-0.07884 0.001 -0.04396
0.093363 0.011451 -0.029527
-0.0311 -0.0268 -0.0694
0.079664 0.009723 -0.023366
0.002446 0.044771 -0.063572
0.100722 0.04554 -0.04781
-0.040635 0.009845 0.011133
0.108362 0.028924 -0.075978
-0.041441 -0.040743 -0.0805
0.032358 -0.040192 -0.087491
-0.059236 0.033346 -0.043574
0.105337 -0.01896 -0.080218
0.110025 0.04251 -0.056327
-0.058503 0.00079 0.019308
0.092505 -0.043242 -0.088753
0.10651 -0.00335 -0.055225
0.106783 0.00095 -0.056225
-0.024894 0.038015 -0.040051
0.108756 0.031347 -0.081597
-0.038342 0.036304 -0.033745
-0.008588 -0.033823 -0.035052
0.1049 -0.02714 -0.07995
-0.025739 -0.00408 -0.031092
-0.047855 0.021898 0.013917
-0.0553 0.027861 -0.086803
0.10576 -0.036382 -0.04216
-0.0323 -0.0298 -0.0367
0.094374 0.020715 -0.029155
0.05439 0.0425 -0.0368
-0.031565 0.03325 -0.02216
0.022963 -0.0184 -0.037823
0.0268 0.03 0.0
-0.02958 0.033333 -0.024496
0.076293 -0.036963 -0.026888
-0.0278 0.011403 -0.029133
0.077472 0.003416 -0.022607
0.08261 -0.0028 -0.02514
-0.051422 0.038187 -0.060998
-0.031978 -0.03319 -0.025473
0.023931 0.033051 -0.086245
0.08103 -0.0388 -0.0593
0.028762 0.042472 -0.039491
0.02637 -0.0118 -0.037337
0.029117 0.046598 -0.064857
0.012755 -0.042433 -0.038363
-0.019654 0.040467 -0.04895
0.076394 0.041282 -0.028542
-0.05109 -0.0173 0.01785
0.101943 0.046902 -0.083557
-0.00055 0.04485 -0.073135
0.108385 0.022624 -0.050218
0.02808 0.0327 -0.08613
0.1065 -0.02021 -0.03785
-0.055607 0.012849 0.01896
0.094155 0.046281 -0.050453
-0.009359 0.042611 -0.054248
-0.02 0.035 -0.05
0.08765 0.047238 -0.08116
0.109374 0.044677 -0.056718
-0.06531 -0.0287 -0.04669
0.13215 -0.005 -0.05085
-0.045602 -0.021485 0.011813
-0.054338 0.03475 -0.041036
-0.0089 0.0268 -0.0694
-0.003254 -0.015549 -0.037721
-0.040854 -0.011623 0.00957
-0.04039 -0.0334 -0.02825
0.021293 -0.054644 -0.06414
-0.03568 -0.0294 -0.086166
0.1266 0.02488 -0.05535
0.107845 0.0155 -0.05222
0.10529 -0.0261 -0.04672
0.102276 0.013517 -0.031707
0.013679 0.045741 -0.071136
0.1 0.0317 -0.083
0.080366 0.002337 -0.023951
-0.053854 0.016551 0.017632
-0.047268 0.036697 -0.042363
0.083286 -0.062356 -0.082457
0.101276 0.047002 -0.078435
-0.04351 -0.0085 0.01748
0.103649 0.006665 -0.032035
0.074515 -0.01541 -0.022666
-0.042738 -0.002036 0.016904
0.032991 0.042704 -0.039137
0.10847 0.024174 -0.050218
-0.01675 -0.0179 -0.03486
0.06582 -0.0027 -0.02843
0.0158 0.028 -0.0395
0.0068 -0.0111 -0.0694
0.00934 -0.05 -0.05638
-0.03494 0.0389 -0.04523
-0.030301 0.019561 -0.020491
-0.06226 -0.0307 -0.04564
0.099335 0.004303 -0.03192
0.103847 -0.003296 -0.032909
0.108182 0.045743 -0.079283
-0.01414 -0.0291 -0.08581
-0.038128 0.03801 -0.041741
0.106769 0.002662 -0.077669
0.07312 0.0099 -0.02231
-0.033606 0.040793 -0.057444
-0.01166 -0.005875 -0.035803
0.097266 0.043947 -0.040795
0.104593 0.04631 -0.073404
-0.049066 0.020517 0.01582
-0.056629 0.033394 -0.037795
0.11 -0.02894 -0.04005
0.09436 -0.01965 -0.086925
-0.063153 -0.025341 -0.019635
-0.030992 0.003508 -0.023413
-0.026565 0.035107 -0.031544
-0.022229 0.006743 -0.032717
-0.002425 -0.00335 -0.08563
0.11 -0.0473 -0.06465
0.08112 0.0307 -0.02419
0.001779 -0.043017 -0.040167
-0.041858 -0.012011 0.013593
-0.021317 0.029177 -0.031544
0.094904 -0.017588 -0.028699
-0.006476 0.044845 -0.075975
0.0986 -0.0031 -0.03186
-0.01005 -0.042008 -0.041693
-0.03098 0.042223 -0.08208
0.09486 -0.0602 -0.08688
-0.04345 0.03243 -0.019108
0.1065 -0.02021 -0.08215
0.03805 -0.01125 -0.02716
0.098772 -0.01737 -0.030811
0.024824 0.045229 -0.052411
-0.053129 -0.022259 0.008618
-0.03577 0.034708 -0.025928
-0.01032 -0.0471 -0.05972
0.08214 0.044278 -0.036208
0.0559 0.0065 -0.0168
0.105127 -0.052125 -0.067478
-0.0106 0.0094 -0.0177
-0.055222 0.025191 -0.001512
-0.04013 0.002551 0.00672
0.108 0.019428 -0.080989
0.1266 -0.03488 -0.05535
0.09951 -0.045092 -0.038847
0.098 -0.02651 -0.07695
0.108223 0.024331 -0.078434
0.0465 -0.0159 -0.0168
0.09991 -0.002449 -0.032363
-0.053664 0.02754 -0.007451
0.09816 -0.0121 -0.08687
0.107889 0.019645 -0.069726
0.0712 0.0312 -0.04304
-0.054253 -0.001729 0.023483
0.039107 0.047632 -0.074312
-0.046508 0.012833 0.020243
0.086 -0.005 -0.06
0.105408 -0.053812 -0.08419
0.11645 0.00661 -0.03785
-0.040757 0.011692 0.013378
-0.0109 0.0413 -0.04881
-0.03933 -0.017656 0.005149
0.072186 -0.01803 -0.026369
0.10565 -0.034947 -0.062742
0.079131 0.045808 -0.042201
-0.029167 -0.024607 -0.027912
-0.036825 -0.041995 -0.065141
0.104848 -0.03765 -0.038464
0.019568 -0.03025 -0.037527
-0.043249 -0.025673 0.003914
0.0279 0.0293 -0.02456
0.02616 -0.0284 -0.08611
-0.043224 0.033139 -0.022109
-0.033914 0.041799 -0.067955
-0.067937 -0.008505 -0.003115
0.093566 0.047356 -0.081069
-0.032529 -0.022985 -0.020422
0.09864 -0.0003 -0.03186
0.108655 0.031921 -0.035651
-0.009165 -0.00175 -0.036279
-0.02 -0.0247 -0.0253
0.004131 -0.05083 -0.081012
-0.039143 0.035355 -0.030036
-0.05492 -0.0366 -0.06751
0.101913 0.0431 -0.041157
0.097896 -0.06173 -0.08688
-0.010437 -0.023602 -0.035413
0.060221 -0.064177 -0.074471
-0.008184 0.041641 -0.048767
-0.023843 -0.036402 -0.087109
0.076911 0.016516 -0.022586
0.052884 0.047159 -0.082009
-0.02596 -0.008641 -0.030877
0.04 -0.0318 -0.02456
0.109304 0.044058 -0.05021
-0.018487 -0.043203 -0.051352
-0.044566 -0.038696 -0.057313
-0.046982 0.016963 0.018767
-0.016716 0.044325 -0.081882
0.017846 -0.053497 -0.062709
0.11 -0.01337 -0.0835
0.100716 0.046314 -0.055862
-0.0323 -0.0051 -0.0823
-0.068332 0.020814 -0.076724
-0.041339 -0.010412 0.011301
0.03864 0.04224 -0.0585
-0.075222 -0.01813 -0.055902
0.016867 -0.02205 -0.038395
0.027345 0.0058 -0.08612
-0.021142 -0.041416 -0.046924
-0.042493 0.039673 -0.082161
0.105738 -0.015323 -0.080028
-0.041873 0.020248 0.012604
0.04961 0.0177 -0.04531
-0.0016 0.035 -0.08565
0.105309 -0.001125 -0.033087
0.108062 0.02196 -0.081132
0.108171 0.021127 -0.0339
0.105124 -0.047623 -0.054333
0.030675 0.003 -0.03705
0.014083 -0.052891 -0.081554
-0.0274 0.0179 -0.0791
-0.054437 -0.015473 0.017895
0.107063 0.001325 -0.044467
0.106429 -0.013784 -0.038111
0.101283 0.038314 -0.035802
-0.057558 0.025263 -0.0046
0.107057 -0.005415 -0.040449
0.083464 0.042733 -0.034128
0.0997 0.0318 -0.07003
-0.002746 0.042338 -0.048913
0.107817 0.036466 -0.036992
0.064246 -0.010895 -0.030485
0.0916 0.00868 -0.0467
-0.0375 -0.0174 -0.0253
-0.00042 -0.0511 -0.07155
0.042911 0.047147 -0.062367
0.11427 0.0145 -0.06615
0.07547 0.046 -0.08531
0.01373 -0.0539 -0.0693
0.078331 0.030883 -0.024625
-0.013233 0.017001 -0.035393
-0.018977 0.0073 -0.033926
0.0279 0.0293 -0.07544
-0.042519 -0.006341 0.016009
0.108142 0.016526 -0.044211
0.092775 -0.013436 -0.028426
-0.04267 -0.008628 0.015902
0.037544 0.043083 -0.038815
-0.008574 0.043099 -0.056998
0.100435 -0.00885 -0.032584
0.108048 0.021923 -0.078428
0.086617 -0.000149 -0.026909
0.10593 -0.006923 -0.070732
0.082379 0.046278 -0.045658
-0.072198 0.024944 -0.054895
0.085929 0.03932 -0.030997
0.02806 -0.0145 -0.08609
-0.06742 -0.0193 -0.01373
0.10395 0.021742 -0.086222
0.101 -0.04406 -0.06465
0.106492 -0.0085 -0.04272
0.04 -0.0318 -0.07544
0.108452 0.021174 -0.044712
0.093379 0.038933 -0.033392
0.10653 0.011448 -0.032838
0.09496 -0.0122 -0.08692
0.00933 -0.0427 -0.03838
0.108445 0.015846 -0.039697
-0.056759 -0.007389 0.020588
-0.001424 -0.046586 -0.085548
-0.050267 0.030779 -0.016478
-0.03122 -0.02041 -0.0305
0.102428 0.043777 -0.042964
0.106035 -0.005474 -0.070729
-0.053968 0.030191 -0.018248
-0.02113 0.035804 -0.034952
0.100469 0.031454 -0.032678
0.107888 0.045724 -0.076476
-0.049453 -0.013573 0.020045
0.023747 0.045426 -0.085786
-0.009546 -0.041122 -0.038925
-0.008006 0.04279 -0.054226
0.103119 -0.055748 -0.060955
-0.04363 0.035709 -0.034306
0.10647 -0.007276 -0.04722
0.0559 0.0384 -0.06376
0.081607 0.048062 -0.07607
0.082516 -0.004158 -0.086549
0.0047 0.0247 -0.05
0.1049 0.01714 -0.04005
0.005546 0.045322 -0.073777
-0.037658 -0.020921 -0.001546
0.109328 0.044962 -0.068471
-0.018842 0.011957 -0.034021
0.088301 0.026154 -0.026857
-0.054579 0.011644 0.020774
-0.0286 0.0425 -0.07312
0.060885 0.04215 -0.031055
-0.045704 0.023976 0.009998
0.0487 0.0 -0.08528
0.014359 0.045577 -0.063871
0.046568 -0.058615 -0.060911
0.0634 -0.0024 -0.02947
0.105481 -0.033871 -0.039795
0.001181 0.045683 -0.082847
0.100965 -0.03748 -0.035677
0.105856 -0.010167 -0.083028
0.107114 0.001475 -0.042967
0.10697 0.001024 -0.047468
-0.014938 0.042301 -0.056614
-0.042245 -0.01364 0.013994
-0.014686 0.043713 -0.072134
0.000664 -0.0058 -0.085539
0.023941 0.02485 -0.086247
0.073925 0.033944 -0.026626
0.10952 0.032659 -0.040017
0.10124 -0.0025 -0.032809
0.11915 -0.005 -0.03785
0.019239 -0.055507 -0.072199
0.107637 0.01515 -0.06347
0.067976 0.046546 -0.046134
0.080394 -0.009049 -0.086768
-0.035291 0.041136 -0.061984
-0.0412 0.0179 -0.08532
0.065285 -0.02045 -0.08643
-0.06176 -0.0261 -0.01963
0.02004 0.028 -0.03774
0.019013 -0.050931 -0.054173
-0.00625 0.043654 -0.059732
0.10291 0.0443 -0.04483
-0.018861 -0.031228 -0.032075
-0.035046 -0.017706 -0.011842
-0.03359 0.0174 -0.08519
-0.041582 0.033179 -0.02157
0.013265 -0.035847 -0.037357
0.104719 0.02576 -0.032693
-0.001944 0.032625 -0.035888
-0.038635 0.039907 -0.054272
0.099248 -0.003125 -0.032117
0.0228 -0.0415 -0.05
0.097217 -0.021447 -0.030475
0.074105 -0.041069 -0.029033
0.106829 0.021652 -0.085717
0.106019 0.032357 -0.034395
0.017916 0.042051 -0.040411
0.000861 -0.0221 -0.085523
0.0318 0.02121 -0.02121
0.1335 -0.005 -0.06465
0.05327 0.02633 -0.07049
-0.02 0.0133 -0.0823
0.106616 0.019177 -0.085719
-0.037916 -0.00025 -0.001243
0.10338 -0.027 -0.08576
0.084113 0.041892 -0.033179
-0.03126 0.0414 -0.06117
0.1223 0.00418 -0.07995
0.10636 -0.010075 -0.04422
-0.066602 0.026946 -0.032891
-0.03227 -0.011154 -0.085605
-0.044448 0.031612 -0.015868
0.088172 0.021048 -0.026933
-0.000632 0.04449 -0.063125
0.07684 0.0019 -0.02224
-0.037357 -0.0124 -0.003962
0.029025 -0.0101 -0.086075
0.099825 -0.0074 -0.032326
0.071471 -0.004268 -0.023152
0.0521 -0.0121 -0.0832
-0.034868 0.02688 -0.007623
-0.051 0.0313 -0.0195
0.005229 0.039597 -0.086541
0.106085 -0.00795 -0.06173
0.105535 -0.014953 -0.067487
0.10268 0.027797 -0.032576
0.07498 0.005902 -0.02204
-0.007111 0.038794 -0.039268
0.082818 0.043599 -0.035163
0.015365 0.045796 -0.067101
-0.020842 0.0328 -0.084896
0.007049 0.042345 -0.043613
-0.004014 0.041672 -0.045662
-0.02605 -0.04475 -0.068495
-0.04473 0.016187 0.017934
0.104672 0.031891 -0.033974
0.106047 0.033622 -0.034855
-0.06893 0.0279 -0.05581
-0.02948 -0.0293 -0.08608
-0.045592 0.031905 -0.017891
-0.042112 -0.023115 0.006395
0.035159 0.045561 -0.051483
0.084615 0.034871 -0.02749
-0.070703 -0.02388 -0.047238
0.0524 0.0177 -0.0544
0.023209 0.046966 -0.082869
-0.031611 -0.016766 -0.023316
0.10077 0.020467 -0.030898
-0.02004 -0.028 -0.03774
-0.053908 0.005502 0.023141
-0.042171 -0.040613 -0.065267
-0.071288 0.025562 -0.045787
0.09805 0.01651 -0.04305
-0.02922 -0.000452 -0.085073
-0.030494 0.042944 -0.079981
0.075927 -0.024705 -0.023442
-0.046336 -0.031308 -0.023358
-0.03091 -0.02916 -0.07051
0.0232 0.0407 -0.05696
0.107991 0.045786 -0.06838
0.11915 -0.005 -0.08215
-0.049617 0.024618 0.006351
0.106622 0.000271 -0.065228
0.02993 0.044978 -0.049331
0.0784 -0.0159 -0.03624
0.106827 -0.009745 -0.03868
0.1067 -0.01094 -0.0365
-0.054159 0.003109 0.023384
-0.0044 -0.0502 -0.07062
-0.015556 0.012425 -0.034952
-0.001804 0.042993 -0.051625
0.0352 0.047008 -0.071513
0.108643 0.025875 -0.047212
-0.050717 0.036607 -0.04647
0.086605 -0.009599 -0.026785
0.109365 0.044909 -0.071221
0.006572 -0.04823 -0.0519
0.10699 0.0425 -0.054
-0.0442 -0.0242 -0.0432
0.038589 0.030571 -0.034987
-0.053042 -0.01119 0.021612
0.100376 0.006575 -0.032088
0.01618 -0.0422 -0.03826
0.104963 -0.022673 -0.066985
0.047697 -0.03304 -0.033362
0.086581 -0.0022 -0.026911
-0.0274 0.0179 -0.0209
-0.021569 -0.003099 -0.085524
0.106722 0.013712 -0.032852
-0.002404 -0.050847 -0.07309
-0.035445 0.039575 -0.049465
-0.023794 0.03613 -0.036052
-0.050934 0.005454 0.023248
-0.03191 0.0303 -0.08517
-0.0337 0.0137 -0.0791
0.071254 0.045944 -0.040141
0.101749 -0.013029 -0.033
0.080656 -0.005954 -0.086643
0.03669 0.046 -0.08499
-0.050555 -0.026072 -0.001388
0.107041 0.007654 -0.083159
-0.01838 0.0434 -0.07195
0.105162 -0.033705 -0.03741
0.11845 -0.0113 -0.03785
-0.067791 -0.024464 -0.071881
0.12995 -0.005 -0.0733
0.105353 -0.026126 -0.045221
-0.00203 0.0169 -0.03763
0.107294 -0.002196 -0.035822
0.0318 -0.01148 -0.02772
0.02402 0.04548 -0.055188
-0.042404 0.033166 -0.021838
-0.0442 0.0242 -0.0568
-0.0436 -0.0306 -0.01731
-0.015845 -0.0108 -0.085874
-0.030685 -0.044 -0.07308
0.1151 -0.02714 -0.04005
-0.02 0.0291 -0.0306
0.015875 0.0063 -0.086315
-0.051395 -0.027953 -0.012942
-0.032953 -0.031369 -0.022803
0.015 0.0 -0.02008
0.042182 0.043209 -0.037766
0.100621 0.046534 -0.058864
0.036155 -0.0059 -0.085938
0.08266 -0.0001 -0.02514
0.106106 -0.014102 -0.04522
0.106721 -0.004125 -0.04422
-0.027908 0.007801 -0.0291
0.106818 -0.00325 -0.04272
-0.0498 0.0123 -0.0633
-0.005707 0.044236 -0.066215
0.083254 0.01618 -0.024235
0.00544 0.0432 -0.04953
-0.024587 -0.037387 -0.035473
0.02811 -0.02835 -0.086075
-0.045789 -0.027876 -0.005844
0.074302 -0.025167 -0.024909
0.019629 -0.021703 -0.086331
-0.041572 0.023672 0.008343
0.108928 0.033497 -0.081461
-0.040845 -0.006625 0.008704
0.10417 0.026793 -0.086396
-0.025341 0.003701 -0.031186
-0.048079 -0.006768 0.021846
-0.02 -0.0343 -0.0432
0.051364 0.04755 -0.066476
0.105666 -0.043471 -0.047924
0.09877 0.021 -0.06834
0.106777 0.042927 -0.042332
0.106802 0.005425 -0.071728
0.06042 0.021 -0.05808
0.021611 0.029877 -0.036404
0.106147 -0.010425 -0.051973
0.134 -0.005 -0.06
0.079766 0.037063 -0.02672
0.13045 -0.02021 -0.06915
-0.05123 0.0341 -0.0325
0.04 -0.0087 -0.08528
0.0481 -0.0033 -0.08528
0.020411 -0.003649 -0.086298
0.03559 0.0237 -0.08599
0.106265 -0.003953 -0.067731
0.098166 -0.029138 -0.032667
-0.04945 0.0174 0.01905
-0.02265 0.043625 -0.079474
0.000102 0.043997 -0.057101
0.104328 0.015887 -0.031958
0.102654 0.002151 -0.086769
-0.0067 0.0 -0.0823
0.102335 0.045653 -0.050309
-0.043757 0.036502 -0.038312
0.11845 -0.0113 -0.08215
0.095917 -0.04051 -0.035239
-0.029378 -0.028055 -0.027977
-0.031168 -5.6e-05 -0.023359
-0.0106 -0.0094 -0.0177
-0.01305 -0.0432 -0.04677
-0.0303 -0.01267 -0.026076
0.11175 -0.01274 -0.0365
0.10838 0.02565 -0.06072
0.10619 -0.0027 -0.07473
0.024611 0.046114 -0.061688
0.063815 0.03415 -0.086007
0.108361 0.019547 -0.046217
0.065 0.0 -0.07992
0.097531 0.043177 -0.039492
0.020292 0.047072 -0.082636
0.103673 -0.00912 -0.033405
-0.041197 -0.021042 0.007261
0.1011 0.043102 -0.040685
-0.048222 0.030826 -0.014931
0.104719 0.028172 -0.03308
0.075597 0.007326 -0.022214
-0.038519 0.012423 0.004532
0.05149 -0.01903 -0.07049
0.10796 0.0425 -0.05997
-0.020093 -0.046583 -0.070898
-0.030204 -0.033619 -0.027878
-0.004653 0.044399 -0.069453
0.03596 -0.01 -0.085931
0.017445 -0.054873 -0.070232
0.00809 -0.02195 -0.08593
0.102873 0.041285 -0.038564
0.02848 0.0459 -0.05713
0.107697 0.014704 -0.07804
0.097972 0.041251 -0.037131
0.11398 0.0145 -0.05302
0.077386 -0.03475 -0.026117
0.107202 0.007876 -0.077525
0.0745 0.0143 -0.03
0.10355 0.039867 -0.037559
0.107625 0.0137 -0.05822
0.04 -0.045 -0.05
-0.039942 0.013838 0.012666
0.10315 0.0458 -0.05283
0.107636 0.001554 -0.038083
-0.05436 0.0007 0.02348
-0.050005 0.028224 -0.006455
-0.044885 -0.033703 -0.033334
-0.0331 0.0317 -0.0432
-0.012433 -0.044269 -0.050255
-0.02879 0.0348 -0.02811
0.09305 -0.03551 -0.06
0.057039 0.044917 -0.037906
-0.03739 -0.002949 -0.003237
-0.034435 0.03546 -0.028891
-0.040191 0.040978 -0.067838
-0.03027 0.040955 -0.085004
-0.02676 -0.0005 -0.08505
0.10813 0.039825 -0.039443
-0.038973 0.005102 0.002721
-0.037972 -0.002874 -0.001247
-0.065613 0.030414 -0.050239
-0.030504 0.038351 -0.040573
-0.039211 -0.007975 0.002738
-0.012525 -0.001525 -0.035584
0.074893 0.000725 -0.021796
-0.025668 0.03993 -0.048037
-0.032872 0.020929 -0.012688
0.0318 -0.02152 -0.0445
0.107994 0.013498 -0.042209
0.085 0.0 -0.05
0.106664 -0.009877 -0.040705
0.039805 -0.01 -0.085885
-0.039593 0.033929 -0.024034
0.106947 0.005346 -0.077675
0.07525 0.01491 -0.06068
0.0088 0.0312 -0.05696
0.0131 -0.015 -0.08635
-0.041083 0.011287 0.01366
0.0232 0.0407 -0.04304
-0.039523 0.005128 0.004717
0.04054 0.0232 -0.085905
0.108728 0.03135 -0.06122
0.00924 -0.00355 -0.085924
0.0335 -0.0159 -0.0168
0.0318 0.0 -0.0443
0.1025 0.009 -0.0318
0.106164 -0.004399 -0.083187
-0.017443 0.039759 -0.085494
0.101236 0.029635 -0.032469
-0.008962 0.007551 -0.036281
0.00756 -0.0531 -0.07541
0.090226 0.044373 -0.040035
-0.03409 0.036432 -0.032869
-0.055594 0.024158 0.000946
-0.020098 -0.017857 -0.033717
0.008112 0.043385 -0.04923
-0.032605 0.041329 -0.06144
-0.04952 0.0302 -0.01347
0.101432 0.041231 -0.038092
0.0718 0.0318 -0.05
-0.002963 -0.0111 -0.037642
0.107574 0.019385 -0.08362
0.107148 0.008298 -0.065723
-0.044624 0.030799 -0.012361
0.10727 0.01047 -0.068977
0.1176 -0.03812 -0.0467
-0.047669 -0.021739 0.012641
0.108853 0.035576 -0.07372
-0.029685 -0.0164 -0.08608
-0.03275 0.02385 -0.085165
0.01834 0.0254 -0.08629
-0.001695 0.045378 -0.076192
-0.0318 -0.019 -0.0305
-0.02544 -0.0405 -0.04699
-0.02042 0.039573 -0.045246
0.105366 -0.022197 -0.050719
-0.033096 -0.008299 -0.017651
0.101418 0.047191 -0.081017
-0.0337 0.0137 -0.0209
-0.007201 -0.006348 -0.03679
-0.032955 0.024266 -0.011946
-0.016411 0.030212 -0.03294
-0.043987 0.037984 -0.046353
0.080936 0.026923 -0.023506
-0.018788 0.038194 -0.038857
0.04 0.0172 -0.0832
0.0268 0.02699 -0.01257
-0.0311 0.0268 -0.0694
0.05688 0.0295 -0.0337
-0.038064 -0.025279 -0.003101
0.028944 -0.039598 -0.087697
-0.007969 0.040151 -0.042304
0.122 -0.02651 -0.04305
-0.036863 0.039483 -0.049738
0.01034 0.04122 -0.05852
-0.048366 -0.034679 -0.041881
-0.00443 -0.0406 -0.03762
0.106558 -0.00265 -0.055225
-0.011914 -0.010149 -0.035843
0.0773 0.021 -0.06573
-0.012665 0.037923 -0.037803
0.089542 0.036111 -0.030327
-0.03122 -0.02041 -0.01254
-0.037174 0.016931 0.001524
-0.053327 0.022691 0.007741
-0.042755 0.015216 0.016715
0.019721 -0.026878 -0.038059
-0.026349 -0.017752 -0.030403
0.104542 0.046494 -0.065017
0.107193 -0.002482 -0.040418
0.11077 0.01453 -0.04739
-0.05029 0.018906 0.017494
0.10426 -0.0415 -0.03973
-0.019348 0.043699 -0.082399
0.105564 -0.021609 -0.035398
0.101367 0.018025 -0.031068
0.10586 0.0076 -0.08575
0.001811 -0.044066 -0.042976
0.062569 0.04571 -0.040773
0.07454 -0.0539 -0.04723
0.01769 0.0459 -0.08532
0.093991 0.013728 -0.029703
0.010908 -0.0162 -0.038435
-0.06158 -0.032139 -0.070721
0.001626 0.045596 -0.076669
-0.006644 0.012176 -0.036875
0.10277 0.0464 -0.07584
0.091393 -0.017431 -0.028201
-0.04028 0.01662 -0.0585
-0.0379 -0.0074 -0.0791
0.100027 0.043868 -0.041516
0.082015 -0.040858 -0.031962
-0.03256 -0.0165 -0.08614
0.0158 -0.028 -0.0395
-0.002135 0.012125 -0.037712
0.009066 -0.052173 -0.064375
0.009722 -0.051146 -0.059341
-0.04469 -0.0279 -0.00533
0.01471 0.045137 -0.057346
-0.040888 -0.038698 -0.05275
0.1031 0.0349 -0.03482
-0.02 -0.0323 -0.0367
0.106311 0.046292 -0.068082
0.108067 0.024375 -0.072728
0.0098 -0.0123 -0.0633
0.01724 -0.00875 -0.038275
0.072153 0.008113 -0.022271
0.103589 -0.017266 -0.033869
0.106202 -0.003325 -0.07123
-0.015435 -0.045501 -0.05781
-0.003693 -0.025135 -0.036702
-0.021065 -0.0161 -0.08596
0.1133 0.00094 -0.0365
-0.025863 0.028671 -0.027221
0.10795 0.01985 -0.06372
-0.034495 -0.035511 -0.033675
-0.029886 -0.003574 -0.026646
-0.042243 -0.034338 -0.033288
0.027018 -0.055808 -0.064549
0.12565 0.00661 -0.04305
-0.02641 0.0171 -0.01693
-0.049725 0.032125 -0.021908
0.103653 -0.003925 -0.086525
0.12195 0.01651 -0.07695
-0.06099 -0.01746 -0.0705
-0.034167 -0.015173 -0.015171
-0.042024 -0.002049 0.014754
0.07614 0.01489 -0.05405
-0.036282 -0.041512 -0.081306
-0.043754 -0.016263 0.014581
0.089349 -0.043842 -0.035851
-0.00454 -0.04226 -0.07051
0.100613 -0.021657 -0.031432
0.100535 0.029637 -0.032221
-0.047761 0.007613 0.021928
0.105744 -0.017509 -0.035145
-0.055239 -0.020857 0.010018
0.026961 -0.056904 -0.071562
-0.055088 -0.022718 0.006027
0.1079 0.0183 -0.06072
-0.008816 0.040969 -0.045516
-0.022369 -0.000363 -0.032737
0.106047 -0.017824 -0.037541
-0.03662 0.0308 -0.085241
-0.045058 0.008951 -0.085903
-0.051951 0.034574 -0.036002
-0.037772 0.038764 -0.045764
-0.0491 0.0 -0.0306
0.106237 -0.00373 -0.083178
-0.051335 -0.035944 -0.051431
-0.030553 -0.020673 -0.025724
0.078114 0.025172 -0.023934
0.099495 0.046825 -0.073147
-0.052412 0.023757 0.006048
-0.03158 0.0413 -0.08418
0.104569 0.033647 -0.034564
0.102422 -0.007583 -0.033068
-0.05773 -0.0146 0.01543
0.102054 0.04227 -0.039684
-0.046746 0.026085 0.00396
-0.021071 0.029248 -0.084939
-0.01649 0.040992 -0.050148
0.0857 0.0094 -0.02609
-0.0263 0.0026 -0.0843
-0.034936 -0.006847 -0.011709
0.10511 0.009104 -0.032277
0.105069 0.043087 -0.041966
0.07442 0.021 -0.03974
-0.0218 -0.028 -0.0335
-0.053875 -0.006545 0.022949
0.010697 0.044631 -0.055151
0.081 -0.0313 -0.083
-0.068324 0.027804 -0.046033
-0.0447 0.0 -0.0253
0.108446 0.025651 -0.05472
0.105945 -0.009527 -0.064733
0.05588 0.021 -0.05582
0.10355 0.02317 -0.07695
-0.027407 0.032187 -0.02617
0.03864 0.04224 -0.07049
0.065284 0.033014 -0.029279
-0.02962 -0.0315 -0.02807
0.02491 0.03674 -0.07049
0.107402 0.01105 -0.06047
0.107901 0.044461 -0.047783
-0.000409 -0.050762 -0.068043
0.090569 -0.00435 -0.028554
-0.032776 0.042143 -0.079259
0.081213 -0.000953 -0.024344
-0.048876 0.013545 0.020953
-0.048192 0.028903 -0.00689
0.054775 -0.004099 -0.086113
0.1049 0.01714 -0.07995
0.106318 -0.0044 -0.06173
-0.037324 -0.015222 -0.003133
-0.047088 0.030572 -0.0129
0.066309 -0.036297 -0.028961
0.1284 -0.01868 -0.0733
0.087938 0.039072 -0.031892
-0.042044 0.039409 -0.054316
0.05086 0.021 -0.04334
0.106491 0.04373 -0.04391
0.05358 0.021 -0.03849
-0.0402 -0.037 -0.0705
0.050292 0.042153 -0.033772
0.108419 0.026581 -0.034377
0.05099 0.046655 -0.051947
0.063806 0.042028 -0.030248
0.083025 0.030272 -0.02462
0.099256 -0.002425 -0.032122
-0.054613 0.033699 -0.035528
-0.008628 -0.048732 -0.06669
-0.034998 0.021952 -0.005104
0.084818 0.009094 -0.08572
0.059475 0.046714 -0.049018
0.084814 0.029763 -0.025353
0.034967 0.045725 -0.085294
-0.004473 0.007376 -0.037242
-0.034028 0.039637 -0.049199
-0.00512 0.043142 -0.054173
-0.040267 0.038143 -0.085584
0.109784 0.038164 -0.041337
0.05149 0.021 -0.04284
-0.02992 -0.01073 0.01319
-0.057931 0.025435 -0.005608
0.050505 0.045397 -0.045199
0.10744 0.006425 -0.043462
-0.015653 -0.027258 -0.033265
-0.01656 -0.013749 -0.03498
0.073126 0.039726 -0.026934
0.076512 0.005348 -0.022422
-0.054787 0.023671 0.003206
-0.034538 0.010507 -0.011496
-0.025478 -0.034682 -0.030711
0.100024 0.012649 -0.086345
-0.048598 0.000437 0.022843
0.036538 -0.039989 -0.087628
-0.060872 -0.008289 0.013249
0.104656 0.046368 -0.084024
0.091184 0.020842 -0.028256
0.01469 0.0459 -0.07437
-0.06319 0.0008 0.00832
-0.034894 -0.000548 -0.011206
0.0338 0.0062 -0.01472
-0.061698 0.008919 0.009728
-0.074747 -0.017926 -0.042345
-0.029151 0.043284 -0.079608
0.105976 -0.036284 -0.043655
-0.03859 0.040988 -0.079077
-0.05045 0.0261 0.00052
0.04 0.0 0.02514
-0.051778 0.020911 0.013602
-0.039396 -0.024374 0.000569
0.10386 -0.004724 -0.033159
0.012415 -0.0541 -0.07282
-0.03317 0.041977 -0.070948
-0.0263 -0.0026 -0.0157
0.0268 0.02121 0.02121
-0.040954 0.010814 0.01281
-0.02631 0.0369 -0.08508
0.108626 0.029276 -0.05797
0.023965 0.046548 -0.073462
-0.00205 0.0274 -0.08565
-0.01101 0.017 -0.03579
-0.030478 0.031679 -0.02099
-0.06088 0.0193 -0.08667
0.108537 0.027201 -0.05472
-0.0379 -0.0074 -0.0209
-0.03803 -0.008649 -0.001495
0.01216 0.0086 -0.038434
0.068163 0.048028 -0.075022
0.106803 0.002688 -0.080614
-0.038306 0.005678 0.000479
-0.006922 -0.001899 -0.036783
-0.0323 -0.0298 -0.0633
0.09765 0.04573 -0.07753
-0.0402 0.036938 -0.085783
0.107147 0.003924 -0.048468
0.109952 0.042715 -0.059305
0.106303 -0.000162 -0.083353
-0.052207 0.033469 -0.030503
-0.018 -0.01485 -0.01485
-0.035548 -0.034202 -0.027898
0.071677 0.007215 -0.022276
0.014819 -0.035647 -0.037445
-0.034008 -0.007574 -0.014677
-0.052419 -0.013355 0.020559
-0.037401 0.036317 -0.03348
0.101173 0.031453 -0.032921
0.102334 -0.062833 -0.08207
-0.014148 -0.045305 -0.055777
0.0042 0.040748 -0.04033
-0.01569 -0.0458 -0.05982
0.001185 0.012149 -0.038062
0.101382 0.039846 -0.036854
0.10155 0.0013 -0.03785
0.105596 -0.035165 -0.07201
0.085736 0.017345 -0.025627
0.100988 0.001927 -0.03259
0.080594 -0.025285 -0.024024
-0.0089 -0.0268 -0.0306
0.101148 -0.00605 -0.032805
0.07569 0.021 -0.04913
-0.046666 0.024641 0.008232
0.109427 0.037826 -0.073751
0.033965 -0.0282 -0.085952
0.04041 0.047133 -0.066666
0.083296 0.002914 -0.085715
-0.0468 -0.0111 -0.0306
0.097533 0.023049 -0.030262
0.074392 -0.021775 -0.024515
0.10689 0.00345 -0.059725
0.105827 -0.035567 -0.076903
0.105035 -0.003825 -0.08575
0.107228 -0.005392 -0.038073
0.069994 -0.0034 -0.024353
0.09305 -0.005 -0.07695
0.05061 0.0295 -0.04074
0.068796 0.002148 -0.025482
0.010337 0.01395 -0.038529
0.06619 -0.064223 -0.074056
-0.046027 0.032919 -0.022638
0.025787 -0.023223 -0.03734
0.090837 0.030492 -0.028603
-0.06346 0.011 -0.0705
-0.047281 0.031664 -0.017914
0.05149 0.01903 -0.0585
0.0082 0.0318 -0.05
-0.022253 0.039425 -0.085493
0.101139 0.046683 -0.073118
-0.048698 0.022829 0.01192
0.102568 -0.025532 -0.033711
0.085791 0.028255 -0.085598
0.092475 0.041268 -0.035754
0.096 -0.05937 -0.0705
-0.065124 -0.028024 -0.040678
-0.035915 0.015336 -0.004672
-0.022662 -0.004546 -0.03271
0.1151 -0.02714 -0.07995
0.020281 -0.006926 -0.038005
0.064609 -0.002552 -0.028948
-0.040309 0.034622 -0.027302
0.106074 -0.006803 -0.067734
-0.04577 0.031116 -0.014379
-0.02942 0.02114 -0.03047
0.106363 0.036594 -0.03645
-0.057115 -0.035635 -0.067551
-0.048428 -0.001975 0.022645
0.04549 0.0227 -0.08582
0.00318 -0.001 -0.08553
0.076225 -0.012169 -0.022514
0.11845 0.03181 -0.06915
0.100682 0.004251 -0.032335
-0.02331 -0.017796 -0.032234
-0.004175 0.044373 -0.066188
0.022729 0.047301 -0.079579
0.0572 0.0 -0.0832
0.105325 -0.01525 -0.07349
-0.024619 0.037842 -0.040289
-0.041686 3.9e-05 0.012941
0.10623 -0.0103 -0.04872
0.10906 0.0354 -0.05271
0.05744 0.03031 -0.08
0.021159 0.046174 -0.065996
-0.011278 0.038176 -0.038326
-0.029944 0.042095 -0.067135
0.008037 -0.051618 -0.081466
0.102945 0.04641 -0.061826
0.10155 0.0013 -0.08215
0.108165 0.042158 -0.041874
0.102693 0.020512 -0.031654
-0.0294 -0.0094 -0.0177
-0.00135 0.022251 -0.036753
0.103114 0.045557 -0.050807
0.000913 -0.006877 -0.037973
0.086426 -0.020689 -0.0269
0.002676 0.028281 -0.036325
-0.00505 -0.042072 -0.039957
0.035035 0.01815 -0.085995
-0.031949 0.041695 -0.064421
0.017515 0.01965 -0.0863
0.081775 0.045404 -0.041131
0.10593 -0.0181 -0.04172
0.108885 0.035655 -0.08367
0.10322 -0.0542 -0.05774
0.105792 -0.011103 -0.067736
0.105107 -0.01922 -0.083102
-0.028044 0.004201 -0.029089
-0.012542 0.042195 -0.054058
-0.029378 -0.005797 -0.085585
0.10604 -0.040446 -0.055022
0.0175 -0.0224 -0.02456
-0.03931 -0.011412 -0.085659
0.0693 -0.0293 -0.06376
0.0042 0.0242 -0.0568
0.036662 -0.045791 -0.038923
0.06635 0.0295 -0.03226
0.105771 -0.041318 -0.044739
0.079358 0.033942 -0.025111
0.107505 0.009724 -0.050468
0.026582 0.045291 -0.052132
-0.0318 -0.019 -0.01254
0.10923 0.0411 -0.04172
0.001965 0.03475 -0.085589
0.00365 -0.01055 -0.085515
-0.01686 -0.0424 -0.04684
0.087621 0.047507 -0.077392
0.105842 -0.011819 -0.08293
-7.8e-05 -0.030702 -0.036416
0.080965 -0.008076 -0.024277
0.090393 -0.041622 -0.034847
0.072772 0.037241 -0.026575
-0.009147 -0.038828 -0.036239
-0.02134 -0.028 -0.0358
0.08807 0.0185 -0.02706
-0.054459 0.026031 -0.00297
-0.036718 -0.015823 -0.005376
0.03654 0.0386 -0.08599
0.108551 0.030614 -0.035171
0.060172 0.03358 -0.03102
-0.047117 -0.030057 -0.086854
0.04 0.02323 0.00962
0.067706 0.039226 -0.028364
0.090999 0.016117 -0.028459
-0.03398 -0.0288 -0.01714
0.027914 -0.033022 -0.035733
0.103486 0.042309 -0.040179
0.104537 0.04652 -0.067778
0.016519 -0.032064 -0.037776
-0.032031 0.018168 -0.016277
0.034895 -0.0212 -0.085942
0.08241 -0.0388 -0.05323
0.04 -0.01778 0.01778
-0.029073 -0.021153 -0.027973
0.03979 0.03185 -0.085925
0.106425 -0.0048 -0.055225
-0.052459 0.02608 -0.00122
0.102016 -0.004659 -0.086837
0.102759 0.047024 -0.080921
-0.0552 0.02395 0.00194
0.10801 0.0192 -0.05772
0.086454 0.027358 -0.025859
0.0521 -0.0293 -0.07544
0.017223 0.043009 -0.042961
-0.0152 0.0048 -0.0843
0.107439 0.012743 -0.069227
0.039002 0.046359 -0.055449
0.059314 0.046284 -0.046766
-0.073822 0.010878 -0.06976
0.042707 0.046882 -0.058624
0.110055 0.042101 -0.051684
-0.009542 0.041468 -0.048789
-0.031436 0.029912 -0.017557
0.104717 0.04469 -0.046885
0.0175 -0.0224 -0.07544
0.108272 0.022551 -0.05472
-0.06545 -0.0287 -0.0697
-0.04739 -0.01135 -0.086393
0.09855 -0.0087 -0.03185
0.0107 0.0293 -0.03624
-0.031241 -0.030705 -0.025613
0.0543 -0.0345 -0.07
0.106913 -0.008356 -0.03833
0.067688 -0.024908 -0.030066
0.06955 -0.0023 -0.08637
0.00922 -0.0452 -0.04338
0.106438 -0.003525 -0.058477
0.109592 0.037493 -0.051331
-0.0069 0.0317 -0.0568
-0.039282 0.036232 -0.034022
-0.018 0.01485 0.01485
0.075671 0.029003 -0.025467
8.5e-05 0.045477 -0.076446
0.110004 0.039943 -0.053066
0.075702 0.030901 -0.025667
0.027125 0.003074 -0.037395
0.001322 0.040097 -0.08636
0.000209 -0.00095 -0.085555
0.10406 0.011295 -0.031925
-0.039618 0.039245 -0.05029
-0.015732 0.043464 -0.0689
-0.047274 -0.011275 0.020083
0.0465 0.0159 -0.0168
-0.01746 -0.0451 -0.05885
-0.032683 0.007102 -0.017175
-0.036043 -0.040716 -0.057172
0.016383 0.045881 -0.070337
0.101376 0.025371 -0.031669
0.108022 0.038173 -0.038176
-0.05937 -0.0074 -0.0585
-0.035254 -0.023767 -0.010786
-0.031018 -0.0229 -0.086202
0.104764 0.046215 -0.059114
0.108125 0.011126 -0.041097
-0.028073 0.024185 -0.023754
-0.063691 -0.018457 -0.000953
-0.017817 -0.04721 -0.07937
0.105075 -0.0191 -0.07324
-0.03937 0.034657 -0.027032
0.10607 -0.009225 -0.058477
-0.040187 0.033597 -0.086313
-0.033058 0.017607 -0.013575
-0.02051 0.042 -0.05898
0.025466 0.047254 -0.079736
0.05848 0.0425 -0.03403
0.102371 0.04589 -0.052841
0.108113 0.043408 -0.04442
0.107149 -0.003236 -0.040417
0.10339 0.0278 -0.0328
0.030335 0.035779 -0.035746
-0.035433 0.009932 -0.008747
0.01015 0.0193 -0.03842
0.108166 0.042829 -0.043142
0.104619 0.046417 -0.070645
-0.0333 0.0 -0.0177
0.03805 0.02079 0.02079
-0.02677 0.0298 -0.08508
-0.053464 -0.033226 -0.040479
0.0071 0.039263 -0.038262
0.0241 -0.0065 -0.0168
0.0318 -0.02178 -0.02223
-0.03663 0.041 -0.06226
0.07597 0.021 -0.04424
0.0117 -0.0131 -0.0432
-0.019139 0.025188 -0.032548
0.0047 0.0 -0.0747
0.0098 0.0123 -0.0367
-0.044944 0.033757 -0.086047
-0.018021 0.03935 -0.042603
-0.042577 -0.018847 0.01119
0.00282 -0.0504 -0.06149
0.052671 0.045801 -0.084911
-0.02675 -0.01936 0.00815
0.10728 0.0266 -0.08574
0.04 0.0318 -0.07544
-0.05161 -0.029241 -0.019941
0.0615 0.0295 -0.03215
-0.039815 0.033162 -0.021047
-0.023942 0.038707 -0.042775
-0.021215 0.038754 -0.041405
0.10718 0.0084 -0.06272
0.0624 0.0224 -0.02456
0.085025 0.045927 -0.044579
-0.034033 -0.034706 -0.086787
-0.02641 -0.0171 -0.01693
0.107978 0.006478 -0.038341
0.09974 0.0445 -0.04288
-0.035982 0.028844 -0.008351
0.10436 -0.042769 -0.040889
-0.047006 0.032315 -0.020631
0.10155 -0.04181 -0.05085
0.102625 -0.001073 -0.032852
-0.032371 -0.03822 -0.042618
-0.00352 -0.02 -0.03762
-0.0543 0.0 -0.0568
0.10682 0.00305 -0.062225
0.08785 0.01147 -0.06
0.0123 -0.0286 -0.08635
0.028364 -0.027196 -0.03627
-0.04137 -0.0088 0.01071
-0.038657 -0.026177 -0.003065
-0.029501 0.011029 -0.026453
0.07692 0.0295 -0.07166
0.10376 -0.0388 -0.04835
0.0841 0.0 -0.05696
0.107283 0.0071 -0.05172
0.040099 0.003006 -0.03608
0.109165 0.035476 -0.04746
0.06676 0.021 -0.0339
0.02711 -0.02145 -0.0861
0.105158 -0.03773 -0.039599
0.001764 0.044408 -0.085604
0.03539 0.003003 -0.036609
0.06042 -0.0375 -0.05808
-0.041358 0.033903 -0.024568
-0.003686 0.044197 -0.06293
-0.056326 -0.017738 0.013695
0.08785 -0.005 -0.06915
0.0784 0.0159 -0.03624
-0.003239 0.021841 -0.036562
0.03249 0.0469 -0.07206
-0.034103 -0.018403 -0.014822
-0.005228 -0.010948 -0.037257
0.101505 0.045433 -0.047797
0.02134 -0.028 -0.0358
-0.010877 -0.032966 -0.034446
0.031817 0.045771 -0.054301
0.042177 0.045833 -0.050367
-0.040758 0.033166 -0.021308
0.0005 -0.0205 -0.0694
-0.032495 -0.016331 -0.02075
0.03805 0.0 0.0294
0.1152 0.01449 -0.06112
0.1083 0.013433 -0.040349
0.026728 0.045825 -0.05741
-0.032587 0.011004 -0.017192
0.01441 -0.0058 -0.08633
0.0865 -0.005 -0.06465
-0.014316 0.026231 -0.033464
0.101137 0.036701 -0.034894
-0.057763 -0.023989 -0.087004
-0.061406 0.031729 -0.04037
0.03851 0.045237 -0.048686
0.10559 -0.0114 -0.07374
0.1151 0.01714 -0.04005
0.020872 0.046354 -0.073767
-0.015054 -0.045812 -0.058803
0.106533 -0.002125 -0.058477
0.108571 0.0183 -0.035402
-0.01532 -0.0159 -0.08584
-0.050085 -0.011395 0.021301
-0.035083 -0.014446 -0.012198
0.0354 -0.0519 -0.08592
-0.043375 0.004602 0.018648
-0.01181 -0.0453 -0.05375
0.105665 0.004925 -0.08575
-0.0323 0.0051 -0.0177
0.1194 0.01192 -0.04005
-0.02934 0.03005 -0.085119
-0.042059 0.006696 0.01641
-0.05323 0.03657 -0.079433
0.105886 -0.009678 -0.067736
0.036075 0.0279 -0.085985
-0.05978 -0.0335 -0.05659
-0.046112 0.029384 -0.00739
0.0319 0.0033 -0.08528
-0.04132 0.0 0.01071
-0.036311 -0.027538 -0.010107
0.101226 0.046985 -0.083587
0.0713 0.021 -0.03615
0.078654 -0.012672 -0.023298
-0.033234 -0.029381 -0.020025
-0.00294 0.039658 -0.039677
0.041835 0.047731 -0.073766
0.05412 0.04421 -0.07883
0.102831 0.046542 -0.070336
0.0647 0.0243 -0.03147
0.03006 -0.0283 -0.08604
-0.0063 -0.0137 -0.0791
0.104471 0.018165 -0.032077
-0.02105 0.042496 -0.084992
0.105326 -0.039012 -0.040758
0.101285 0.008952 -0.031828
-0.023342 0.036822 -0.037157
0.0257 0.0345 -0.07
-0.024119 0.041258 -0.055537
-0.048688 0.032033 -0.020664
-0.03931 -0.036 -0.03823
-0.051103 -0.026962 -0.006922
-0.04028 0.01662 -0.07049
-0.00037 -0.0503 -0.06455
0.0319 -0.0033 -0.01472
-0.02018 -0.0356 -0.0329
-0.01896 -0.0401 -0.04088
-0.077962 0.011284 -0.056555
0.108412 0.029049 -0.072976
-0.019682 -0.009166 -0.033945
-0.047036 0.028554 -0.004881
0.086647 0.034642 -0.028379
-0.040834 -0.009251 0.008719
0.09877 0.0425 -0.06834
-0.039964 0.022596 0.007885
0.028202 0.047178 -0.079893
-0.00454 0.04226 -0.07051
0.08825 0.01476 -0.04125
0.103998 -0.000448 -0.032847
0.11 0.01147 -0.03785
0.023223 0.045675 -0.05797
-0.039322 0.032445 -0.017728
0.008103 0.024111 -0.037426
0.091587 0.043031 -0.037919
0.11 -0.0482 -0.06
0.025954 -0.046301 -0.041382
-0.02 0.0343 -0.0568
-0.03971 0.009399 0.006228
0.0815 0.0 -0.06376
-0.054731 -0.025006 -0.001987
0.104864 -0.013309 -0.034115
0.03252 -0.0016 -0.08602
0.109203 0.037899 -0.039066
0.104949 0.006719 -0.032324
-0.029785 0.003858 -0.026389
0.106065 -0.01055 -0.055225
0.073415 0.0246 -0.085218
0.069011 -0.013736 -0.026671
-0.055683 0.027481 -0.009224
-0.052867 0.023895 0.005019
0.012525 -0.05325 -0.06582
0.10833 0.0241 -0.05772
0.104689 0.046335 -0.062125
0.109373 0.044812 -0.059718
-0.020936 0.043186 -0.072242
-0.025924 0.036758 -0.036315
-0.042881 0.035095 -0.030838
0.0521 0.0293 -0.02456
0.11175 0.00274 -0.0365
-0.066764 0.028189 -0.040502
-0.010692 0.039765 -0.041827
0.006229 0.042888 -0.04655
0.108711 0.03137 -0.067221
0.101341 0.042254 -0.039437
0.003175 -0.022 -0.085515
-0.037217 0.019106 0.003195
-0.0294 -0.0228 -0.0253
-0.052525 0.018411 0.016722
0.106332 -0.006225 -0.055225
0.102767 -0.062252 -0.078195
0.008606 0.045272 -0.064471
-0.061148 0.033159 -0.049362
-0.041266 0.0246 -0.085306
0.004137 -0.049842 -0.058943
0.11 0.02551 -0.04305
0.05086 0.0425 -0.04335
0.0433 0.0081 -0.08528
0.019695 -0.046647 -0.044696
-0.008775 0.016975 -0.036299
-0.032188 0.040879 -0.057171
0.103948 -0.035952 -0.08686
0.099935 0.045605 -0.04783
0.075597 0.048037 -0.063807
0.073743 -0.011609 -0.02245
0.015344 -0.050126 -0.053721
0.101479 0.020466 -0.031136
0.003659 0.033756 -0.036366
-0.027486 -0.032519 -0.029681
0.018842 0.039767 -0.087097
0.072895 0.015 -0.085828
0.109828 0.041587 -0.046287
0.00607 -0.050256 -0.058918
-0.054538 0.017592 0.015575
0.094375 0.01825 -0.029067
-0.035193 0.01318 -0.008977
0.0495 -0.023 -0.07992
0.059153 0.045843 -0.044516
0.076395 -0.000304 -0.022159
0.00911 0.0396 -0.03846
0.07596 -0.0375 -0.04424
-0.045486 -0.008888 0.019609
0.10775 0.012198 -0.047965
0.0841 0.0 -0.04304
0.05149 -0.0375 -0.04284
-0.008776 0.042159 -0.051501
-0.0405 -0.0205 -0.0306
-0.052659 0.035 -0.039513
0.024904 0.047084 -0.076368
0.106165 -0.01405 -0.04222
0.006024 0.028936 -0.03658
0.102051 -0.044262 -0.088516
0.012351 0.00325 -0.038402
0.068006 -0.001741 -0.026473
0.109958 0.042449 -0.076752
-0.0174 0.0063 -0.0157
-0.04098 0.0324 -0.01832
0.0274 0.008374 -0.037394
-0.042568 0.029773 -0.007525
0.012351 -0.022849 -0.038358
-0.012501 0.044386 -0.08231
-0.043442 0.027732 7.8e-05
-0.039541 0.037896 -0.042016
0.10797 0.0184 -0.03372
-0.013012 -0.046477 -0.059765
-0.03247 0.0281 -0.01417
0.017331 0.013875 -0.038397
0.101287 0.004278 -0.032342
0.094095 0.043902 -0.039849
-0.04356 -0.036 -0.04331
0.054876 -0.002049 -0.086091
0.101979 0.01805 -0.031311
-0.051413 0.028563 -0.009213
-0.03108 0.02041 0.0001
0.043571 0.044105 -0.039933
0.09435 -0.01661 -0.04305
0.029465 -0.00155 -0.086075
0.105992 -0.009375 -0.06173
0.10732 -0.000916 -0.040456
0.10739 0.014825 -0.07548
-0.003191 0.043957 -0.059677
-0.0333 0.0323 -0.05
0.068874 0.017251 -0.02662
0.08955 0.01021 -0.05085
0.027411 0.046627 -0.069146
0.033409 0.047365 -0.075362
-0.018414 0.042737 -0.084935
0.064924 0.041717 -0.086202
-0.060065 -0.007004 0.01523
-0.005672 -0.048286 -0.060644
-0.067514 0.024948 -0.027603
0.02515 -0.054958 -0.080268
0.0664 0.0264 -0.07
0.104768 0.004337 -0.032429
0.036488 0.046668 -0.059729
-0.026662 -0.028069 -0.030164
0.088024 0.046807 -0.0513
0.011936 0.019277 -0.038446
0.003557 -0.051676 -0.068469
0.03734 0.0054 -0.085929
-0.009965 -0.01475 -0.036402
0.039525 0.01225 -0.085894
0.0495 0.023 -0.02008
-0.064863 0.025883 -0.023101
0.11 0.03487 -0.05085
0.108585 0.015812 -0.035982
0.067979 -0.00138 -0.026415
-0.035955 0.040111 -0.084703
0.0088 -0.0312 -0.04304
0.106492 -0.00595 -0.04872
-0.037033 0.006177 -0.003746
-0.0077 -0.0051 -0.0177
0.1133 0.00094 -0.0835
-0.03913 -0.0394 -0.08523
-0.0181 -0.028 -0.03904
0.03656 0.0321 -0.08598
-0.045289 -0.018396 0.014478
-0.049019 -0.038743 -0.071415
-0.057163 -0.018306 0.01221
-0.0063 -0.0137 -0.0209
0.104492 0.046367 -0.076052
0.04008 0.0178 -0.085879
0.081225 -0.000272 -0.024354
-0.039734 -0.01015 0.004744
0.004536 0.045161 -0.070544
0.066601 -0.064533 -0.075829
0.11 0.0382 -0.06
0.106158 0.006783 -0.032852
-0.010181 -0.019025 -0.036279
0.107338 0.030907 -0.034389
0.059456 0.047795 -0.066839
-0.038094 0.010878 0.000491
-0.030136 0.02583 -0.019135
0.07117 -0.0154 -0.02632
-0.00933 -0.043102 -0.044668
0.038583 0.047507 -0.081515
-0.014069 0.040675 -0.047635
0.009908 0.042432 -0.043287
0.082614 -0.004575 -0.025127
0.109383 0.032078 -0.042873
0.003757 -0.031102 -0.036652
0.087876 -0.017286 -0.027747
0.02954 0.0243 -0.0861
-0.041586 0.00217 0.012682
-0.0447 0.0247 -0.05
-0.03746 0.02435 -0.085265
0.1194 -0.02192 -0.04005
0.011643 0.045693 -0.074174
0.102216 0.04489 -0.046305
-0.021569 -0.005744 -0.086032
-0.041958 -0.035381 -0.038273
0.01778 0.046135 -0.074068
0.107623 0.015072 -0.066473
-0.012636 -0.023265 -0.034868
0.019615 -0.010448 -0.086324
0.007666 0.002648 -0.038324
-0.028075 -0.034385 -0.029447
0.106713 0.042273 -0.041091
-0.053645 0.034377 -0.037516
-0.047018 0.020601 0.0157
0.0568 -0.0407 -0.04304
0.011401 0.034739 -0.036835
0.12565 -0.01661 -0.04305
-0.01861 0.0363 -0.08495
0.013 -0.050849 -0.056815
-0.041402 0.011879 0.015406
-0.02956 0.01946 0.00815
0.071361 -0.006889 -0.023154
0.108587 0.042499 -0.086225
0.010182 -0.031805 -0.03671
0.0745 -0.0143 -0.03
0.102138 0.04651 -0.06184
0.103296 0.020537 -0.031908
0.0298 0.0448 -0.08611
-0.005866 -0.024337 -0.036417
0.032358 0.024584 -0.036074
-0.02951 -0.0057 0.01602
0.0304 -0.0023 -0.03705
0.04312 0.047224 -0.066119
-0.055 0.0 -0.05
0.015655 0.029683 -0.036735
0.106168 -0.0063 -0.034219
-0.041049 0.040006 -0.058306
0.10529 -0.0257 -0.03572
0.05149 0.01903 -0.07049
-0.028059 0.019542 -0.026293
0.100025 0.03605 -0.085887
-0.002685 0.00715 -0.085645
0.11645 0.02317 -0.04305
0.07317 0.02 -0.08533
0.04531 -0.060731 -0.071223
-0.009751 0.007302 -0.085863
0.038669 0.045689 -0.050926
-0.0077 0.0051 -0.0823
-0.042793 -0.033106 -0.028283
0.1006 0.01192 -0.04005
-0.029499 0.04102 -0.056625
0.10398 -0.019451 -0.085769
0.078814 0.019811 -0.02286
0.11 -0.005 -0.036
0.077041 -0.043014 -0.031479
0.1143 -0.00185 -0.0365
0.105857 -0.047489 -0.057945
0.108592 0.018157 -0.038954
0.047836 -0.059099 -0.08192
-0.056994 0.000166 -0.08778
0.106334 0.04467 -0.047265
-0.04688 -0.0278 -0.00637
0.06787 0.045944 -0.085189
-0.04355 -0.006337 0.018006
0.023526 -0.006976 -0.037708
0.074517 0.044898 -0.034535
-0.029115 0.0336 -0.085109
-0.039702 -0.037907 -0.047739
0.106605 -0.00195 -0.055225
0.0268 0.021 -0.027
0.020678 -0.00215 -0.038036
0.11 0.00337 -0.0365
0.094593 -0.00235 -0.030232
-0.010962 0.043123 -0.059566
-0.056949 0.022859 0.001837
-0.074719 -0.008457 -0.027507
-0.026044 0.042713 -0.072828
0.10355 -0.03317 -0.07695
-0.02 -0.0323 -0.0633
-0.014145 -0.01 -0.035432
-0.051056 0.020051 0.015624
0.106538 -0.003925 -0.051972
-0.040384 -0.01885 0.007524
-0.015633 -0.043636 -0.050305
0.06666 -0.040322 -0.028739
0.085177 0.032899 -0.026897
0.10688 -0.006702 -0.036022
-0.038204 0.035398 -0.029765
-0.052579 0.029903 -0.015476
0.013981 -0.00875 -0.038392
-0.06485 -0.00341 -0.093
-0.03968 -0.01249 0.005579
-0.040233 0.024751 0.005019
-0.00778 0.0435 -0.05976
0.105123 -0.004799 -0.033357
-0.009063 0.0029 -0.036271
0.108889 0.033378 -0.055464
-0.03146 0.0374 -0.08517
0.106235 -0.008975 -0.051973
0.08476 0.01385 -0.086096
-0.0309 0.0158 0.00627
-0.0137 -0.0026 -0.0843
-0.02675 0.01478 0.01492
-0.0286 -0.00788 0.01892
-0.04155 0.012831 0.015836
0.105398 -0.015099 -0.070488
0.106704 -0.004252 -0.045721
-0.026151 -0.013191 -0.030642
0.11465 -0.005 -0.0365
-0.011858 0.026239 -0.033964
0.107318 0.010571 -0.065974
0.087785 0.030732 -0.027347
-0.049683 -0.023469 -0.087557
0.107403 0.001455 -0.040355
0.119 0.03406 -0.05535
-0.028569 0.04291 -0.082749
0.04 -0.0415 -0.03624
0.106545 0.002456 -0.083287
0.026767 -0.007025 -0.037374
0.010169 0.046261 -0.080362
0.07569 -0.0375 -0.04913
-0.02 -0.0133 -0.0177
-0.048868 0.026739 9.2e-05
0.105741 -0.031134 -0.045936
0.000449 0.041456 -0.042868
0.106086 -0.00415 -0.07423
0.101683 0.013483 -0.031676
-0.05527 -0.0259 -0.00752
-0.043627 0.031633 -0.015598
0.0318 0.02178 -0.02223
0.096839 0.037015 -0.033535
-0.0251 0.0123 -0.0177
-0.024557 0.04348 -0.082352
0.11374 -0.0085 -0.05303
0.0181 0.028 -0.03904
0.017 0.0095 -0.07992
-0.0063 0.0137 -0.0791
0.04 -0.02323 0.00962
-0.0268 -0.021 -0.03044
-0.01019 0.021922 -0.035167
0.082132 0.046842 -0.048893
-0.034228 0.028976 -0.011562
-0.035914 0.041362 -0.065242
-0.01663 -0.00315 -0.085866
0.05688 0.0177 -0.0337
0.1266 -0.03488 -0.06465
0.01736 0.00855 -0.03829
-0.044147 -0.029279 -0.011314
-0.034443 0.041851 -0.071219
0.0241 -0.0384 -0.03624
0.011374 -0.039387 -0.037407
-0.035248 0.027871 -0.008075
-0.0106 0.0228 -0.0253
0.050665 0.045838 -0.047442
-0.014294 -0.027555 -0.033685
-0.049178 -0.023814 0.008235
0.108789 0.033471 -0.070471
0.105983 -0.010675 -0.058477
0.04103 0.04249 -0.086
0.020606 0.008499 -0.038033
0.0143 0.0 -0.0432
0.037571 0.044737 -0.046217
0.01072 0.00325 -0.038398
0.109412 0.034932 -0.038876
0.107701 0.012474 -0.050218
0.107148 0.006874 -0.033709
0.000171 0.033081 -0.036043
0.10547 0.00225 -0.08575
0.094608 -0.000949 -0.030244
0.080978 -0.0063 -0.024251
0.109385 0.033647 -0.038313
0.023885 0.003124 -0.037739
-0.037328 -0.000325 -0.003232
-0.020711 -0.025706 -0.03233
0.01606 0.0454 -0.059845
0.075732 0.047461 -0.053037
-0.06947 -0.0198 -0.07378
0.101633 0.045783 -0.085871
-0.053044 0.031345 -0.022024
-0.037981 -0.014648 -0.000866
0.016663 0.043567 -0.045629
0.107686 0.013847 -0.033694
-0.002839 0.045698 -0.079277
0.076629 0.000797 -0.022164
0.10696 0.00385 -0.057225
0.082935 0.038298 -0.028687
-0.030617 0.042196 -0.070402
0.011729 -0.033826 -0.037013
0.05081 0.021 -0.0484
0.07834 0.000723 -0.022841
-0.036439 0.033174 -0.019894
-0.05937 -0.0074 -0.07049
-0.03674 -0.0067 -0.00571
-0.029252 -0.035018 -0.08683
0.106383 -2.6e-05 -0.07473
-0.044563 -0.022576 0.009736
0.03805 -0.02716 0.01125
0.106328 -0.003229 -0.067981
-0.056 0.024425 -0.000325
0.107 0.021 -0.05399
0.04534 0.03926 -0.07049
-0.03191 -0.026815 -0.023045
0.108202 0.024496 -0.069726
0.090596 -0.009302 -0.028453
0.013282 -0.047178 -0.046772
0.023209 -0.054281 -0.081277
-0.034951 0.040715 -0.057714
0.108244 0.026826 -0.072727
0.104327 -0.044943 -0.087699
0.07938 -0.002668 -0.023414
0.040808 0.041628 -0.036039
0.03099 -0.051961 -0.053013
-0.064739 -0.002655 -0.08677
-0.049919 0.035532 -0.038916
0.019918 -0.020225 -0.038147
0.103591 -0.00462 -0.086534
-0.051663 0.031093 -0.019244
-0.044718 0.026693 0.003363
0.106318 -0.043563 -0.071292
0.10717 0.021024 -0.033103
-0.032635 0.04191 -0.067683
0.0268 -0.03 0.0
0.106527 -0.007152 -0.04572
0.0883 0.0112 -0.06465
0.106 -0.0093 -0.03472
0.10469 0.029991 -0.033452
-0.071409 -0.009346 -0.015934
0.1284 0.00868 -0.0733
0.087077 -0.067943 -0.079484
-0.043819 -0.001984 0.018893
-0.04771 0.026377 0.002097
0.0228 0.0 -0.0168
0.059328 0.021346 -0.085476
7.5e-05 -0.020231 -0.037992
0.1065 0.01021 -0.03785
0.10085 -0.005 -0.08215
0.106039 0.028539 -0.033405
0.105629 -0.029957 -0.038995
-0.013116 -0.045577 -0.055763
0.012594 -0.044004 -0.040497
0.059572 0.025955 -0.085474
0.030123 0.046726 -0.068596
0.109493 0.037964 -0.05583
-0.033372 0.033738 -0.022342
-0.056388 0.036515 -0.066615
-0.03453 0.040221 -0.05345
0.1317 0.0112 -0.06465
0.1151 0.01714 -0.07995
-0.013392 0.044679 -0.078901
0.0433 -0.0081 -0.08528
0.1194 0.01192 -0.07995
-0.0036 0.0446 -0.07269
0.020129 0.045305 -0.055755
-0.040826 -0.004425 0.008705
-0.02 -0.0247 -0.0747
0.09598 0.03167 -0.0797
0.0035 0.0069 -0.085535
0.06989 0.021 -0.05678
-0.053048 0.02237 0.009008
-0.058318 -0.034864 -0.069591
-0.057085 0.031041 -0.026816
0.014446 0.043332 -0.045621
-0.027645 0.04159 -0.085188
-0.02902 -0.0177 -0.02807
0.050746 0.046976 -0.05523
0.106707 -0.009558 -0.036635
-0.004668 -0.002049 -0.03724
0.020161 -0.055826 -0.073188
0.095606 -0.004445 -0.086438
-0.01439 -0.0448 -0.05379
-0.075264 -0.013504 -0.067378
-0.045514 -0.006707 0.020171
-0.001139 0.037856 -0.037415
0.109883 0.042474 -0.083776
0.013631 0.024384 -0.037503
0.108645 0.027275 -0.050218
0.0305 0.023 -0.02008
-0.0318 0.021 -0.0445
0.108967 0.033377 -0.050713
0.099195 -0.00735 -0.032087
-0.065233 0.02918 -0.069093
0.102107 0.039884 -0.037074
0.100739 0.022925 -0.031116
0.106403 -0.013926 -0.040197
0.104717 0.046111 -0.05599
0.10181 0.021 -0.04793
0.098591 -0.0045 -0.031848
0.1054 -0.041427 -0.043238
-0.0375 -0.0174 -0.0747
0.105815 -0.018126 -0.04622
0.1006 -0.02192 -0.04005
0.085547 0.023646 -0.085594
0.105883 -0.021932 -0.037871
0.10932 0.0445 -0.05372
0.104661 0.03121 -0.086222
0.05584 0.0295 -0.05765
0.10156 0.045771 -0.050317
0.093802 0.046875 -0.056725
-0.042087 -0.008724 0.01421
0.1065 0.01021 -0.08215
-0.069621 0.026646 -0.044276
-0.025242 -0.034114 -0.030729
-0.031335 0.039724 -0.048659
-0.000805 0.040075 -0.039863
0.105648 -0.022147 -0.041218
0.0568 0.0407 -0.05696
0.079313 -0.006249 -0.023439
-0.066686 -0.023655 -0.024128
0.106158 0.012149 -0.085763
-0.033599 0.011083 -0.014226
-0.045862 0.039791 -0.064434
-0.039695 -0.0049 0.004731
-0.036949 -0.028445 -0.010099
-0.026511 0.03148 -0.027154
0.102083 0.02537 -0.03191
-0.013193 -0.0372 -0.087027
0.045688 -0.061309 -0.073384
0.08574 0.030929 -0.026408
0.102085 -0.00307 -0.086979
0.100552 -0.003174 -0.032611
0.00609 0.041062 -0.040565
0.05121 0.021 -0.04774
-0.045766 0.027068 0.001507
-0.0063 0.0137 -0.0209
-0.070289 -0.02362 -0.041727
0.076225 -0.00708 -0.022412
-0.0294 0.0094 -0.0823
0.105852 -0.010952 -0.064733
0.109707 0.040125 -0.083956
-0.043558 0.013554 0.01799
0.101232 0.015738 -0.031228
0.071971 -0.011734 -0.024007
-0.05416 -0.0319 -0.0355
0.100357 0.046853 -0.070381
0.086453 0.024804 -0.025753
-0.03886 0.031395 -0.013425
0.068782 0.036391 -0.028065
0.11915 0.03487 -0.06
0.019428 -0.037182 -0.036819
0.10836 0.024101 -0.05472
0.06522 0.021 -0.05838
0.0016 -0.0159 -0.06376
0.109 -0.0313 -0.083
0.0117 0.0131 -0.0432
-0.01439 -0.014151 -0.035519
-0.07849 -0.0056 -0.06095
0.106255 -0.006375 -0.058477
0.013721 0.01925 -0.03843
-0.033008 -0.0045 -0.0174
-0.038205 -0.019845 0.000693
0.108913 0.029499 -0.04571
0.04507 0.0458 -0.08484
0.107863 0.021789 -0.083536
-0.038047 0.040785 -0.081603
-0.032546 0.035423 -0.028565
0.11 0.01894 -0.04005
-0.040489 -0.016074 0.0089
0.10611 -0.00509 -0.0832
0.107105 0.0042 -0.05072
0.0487 0.0 -0.01472
-0.043697 0.0024 0.018962
-0.04277 -0.021914 0.00858
-0.016197 -0.031847 -0.032979
0.097056 -0.005948 -0.086937
0.020897 -0.053219 -0.059669
0.106565 0.002649 -0.074731
-0.033341 0.038313 -0.040874
-0.037399 -0.00925 -0.00373
0.098502 0.008102 -0.086399
-0.012041 0.04379 -0.069084
0.107621 0.033501 -0.08571
-0.01922 -0.0443 -0.05688
0.011681 0.024343 -0.037516
-0.008497 -0.046857 -0.056677
0.009145 -0.01055 -0.08593
-0.024896 0.04066 -0.051776
0.067189 0.002001 -0.025823
0.065453 0.016018 -0.027416
-0.033198 -0.012098 -0.017904
-0.002507 0.041084 -0.042669
-0.0131 -0.045049 -0.05377
0.074259 0.036413 -0.026389
0.0481 0.0033 -0.08528
0.10107 -0.0089 -0.03281
0.109289 0.031056 -0.037252
0.087482 0.016225 -0.026804
-0.0158 0.028 -0.0395
-0.0268 0.0 -0.0843
-0.040692 0.026585 0.002043
0.083074 -0.031038 -0.027073
0.002089 0.045985 -0.079725
-0.026303 0.034007 -0.029549
0.090066 -0.031748 -0.03152
0.110045 0.04268 -0.065409
0.063 0.0095 -0.07992
-0.041595 -0.002086 0.012535
-0.04071 0.0085 0.00971
0.097477 0.025495 -0.030534
0.107644 0.004155 -0.035788
0.013786 -0.0201 -0.038448
0.108189 0.024163 -0.083473
0.04 0.0172 -0.0168
0.00495 0.044137 -0.055005
-0.0226 0.0063 -0.0843
-0.040535 0.033916 -0.024299
-0.012519 0.021604 -0.034599
0.018187 -0.055541 -0.074218
0.106889 -0.006995 -0.040357
0.05861 0.021 -0.058
0.04 -0.025 -0.02008
0.074636 -0.000362 -0.021928
-0.012516 -0.047624 -0.065756
0.0496 0.0295 -0.04531
-0.04459 -0.0347 -0.03833
-0.01166 -0.0452 -0.08575
-0.069241 0.026405 -0.041038
-0.010645 0.026558 -0.034378
-0.0311 -0.0268 -0.0306
-0.004564 0.002602 -0.037237
0.110064 0.042742 -0.078952
0.11497 -0.00851 -0.06113
0.11 -0.03551 -0.04305
0.086852 0.040451 -0.03254
0.093517 0.047151 -0.074758
0.106443 0.045353 -0.051067
0.01091 -0.0115 -0.03838
0.107189 0.003649 -0.046215
0.10811 0.0223 -0.06372
0.102446 -0.017115 -0.033241
0.109901 0.04038 -0.06205
0.082843 0.026478 -0.023918
0.10546 -0.0262 -0.04072
-0.047961 0.027686 -0.00238
0.091516 -0.028188 -0.031171
-0.025885 0.041705 -0.060075
0.00308 0.038624 -0.037815
-0.053901 0.033271 -0.032017
-0.040723 0.002578 0.008705
0.105439 -0.050633 -0.064308
0.109358 0.02619 -0.037025
0.0181 -0.028 -0.03904
-0.03595 0.039819 -0.084962
0.03231 -0.0059 -0.08602
-0.000858 0.04357 -0.054352
-0.0309 -0.0158 0.00627
0.060271 0.045867 -0.085044
0.105231 -0.002505 -0.033109
0.0815 0.0172 -0.05
0.02999 -0.0144 -0.086055
0.108949 0.035545 -0.070721
-0.019391 -0.004983 -0.033953
0.084759 0.027898 -0.024945
0.100421 0.036669 -0.034664
0.096441 -0.036805 -0.033959
0.10808 0.022173 -0.066723
0.10155 -0.0113 -0.03785
0.01953 -0.033704 -0.037038
0.1049 -0.006 -0.08575
0.028418 0.046746 -0.072885
0.01053 0.0086 -0.038405
0.04216 -0.00773 -0.0585
-0.022327 0.024618 -0.031077
0.1059 -0.018076 -0.04322
0.10985 0.040106 -0.076789
-0.00075 -0.0155 -0.08559
-0.062376 0.019062 -0.00106
0.1241 0.02038 -0.0733
-0.021072 0.037567 -0.037979
0.105275 -0.000425 -0.08575
-0.037224 0.03117 -0.012901
0.031618 -0.051375 -0.085951
-0.0149 0.0123 -0.0823
0.100878 0.011191 -0.03175
0.102089 0.047109 -0.080969
0.0761 0.037992 -0.026444
0.056341 -0.021041 -0.034171
0.106487 -0.004221 -0.080389
0.0543 0.0345 -0.03
0.108567 0.029275 -0.06397
-0.043712 -0.020857 0.010708
0.106885 0.01598 -0.032884
-0.07227 0.0221 -0.03586
0.106163 -0.0078 -0.058477
0.119 -0.04406 -0.05535
0.016335 0.040178 -0.038363
-0.050467 -0.030683 -0.024912
-0.036501 0.017504 -0.000805
-0.041521 0.03062 -0.010756
-0.023085 0.04342 -0.075993
-0.03234 0.0149 -0.01716
-0.028503 0.039835 -0.048346
-0.06511 0.0003 -0.08672
-0.051543 0.022755 0.009836
-0.040482 0.006834 0.00819
-0.045739 -0.00431 0.020693
0.0543 -0.0345 -0.03
-0.039967 -0.023304 0.002814
0.07591 -0.0025 -0.02225
0.06592 -0.0277 -0.08641
0.108527 0.031262 -0.083786
-0.041401 0.021401 0.011112
0.108624 0.025799 -0.048716
-0.041257 0.008698 -0.085771
0.1194 -0.02192 -0.07995
0.10111 -0.007475 -0.032804
-0.028475 -0.041177 -0.051545
0.100395 0.046819 -0.067627
-0.063552 -0.028077 -0.034651
-0.026466 -0.036629 -0.086897
0.0068 -0.0111 -0.0306
-0.05166 -0.0238 0.00555
0.0098 0.0123 -0.0633
-0.04024 -0.00445 0.006719
-0.052363 0.012138 0.021693
0.078654 -0.007618 -0.023199
0.020719 0.045702 -0.085591
0.102375 -0.013081 -0.033245
0.011043 -0.042574 -0.038361
-0.004396 0.012151 -0.037332
-0.0318 0.021 -0.0305
-0.046419 0.035416 -0.034854
0.042385 0.00505 -0.085855
0.100668 0.025369 -0.031441
-0.050165 -0.031654 -0.029915
0.106865 -0.0025 -0.04272
-0.003898 -0.030303 -0.036
0.1059 -0.0108 -0.06173
-0.040216 0.036155 -0.034301
0.081934 0.007179 -0.024455
0.10359 0.0413 -0.03881
0.098582 -0.0059 -0.031837
0.10825 0.00274 -0.0365
0.093463 -0.032359 -0.032282
-0.02838 0.0 0.02051
0.080828 0.025014 -0.023326
0.020271 -0.00585 -0.086299
0.10598 -0.008253 -0.067736
0.109617 0.037519 -0.049571
-0.0132 0.0 -0.0843
0.101209 0.046758 -0.067612
0.101327 0.046607 -0.061855
0.107774 0.017322 -0.066723
0.1076 0.0089 -0.04371
-0.066211 0.02544 -0.025344
0.1057 -0.00185 -0.0365
0.106439 -0.00346 -0.077554
-0.018271 -0.044535 -0.056863
0.101635 0.04381 -0.042481
-0.014586 -0.018303 -0.035391
-0.009981 0.038472 -0.038801
0.013292 0.041579 -0.040488
-0.030519 0.014984 -0.023338
0.007452 0.034338 -0.036702
0.1006 0.01192 -0.07995
0.088156 0.004601 -0.027341
0.090567 -0.00575 -0.028526
0.10817 0.02165 -0.05772
0.017422 0.04522 -0.056551
0.00382 0.0148 -0.08554
0.04 -0.0087 -0.01472
-0.039028 0.041129 -0.076448
0.0481 -0.0033 -0.01472
-0.041096 0.004253 0.010188
-0.0768 -0.011732 -0.062392
-0.034808 0.003354 -0.011228
0.05061 0.0177 -0.04074
-0.015727 0.041808 -0.053863
-0.077631 -0.008487 -0.040213
-0.03063 -0.0342 -0.02808
-0.050642 0.007887 0.022845
-0.013488 -0.018502 -0.035587
0.105601 -0.022122 -0.042718
-0.038597 -0.0112 0.000511
-0.039586 0.002526 0.004722
0.10779 0.0174 -0.06372
0.106333 -0.040322 -0.05862
0.10322 0.033173 -0.034166
0.105743 -0.031256 -0.042909
-0.06421 0.0292 -0.035954
-0.041009 0.013135 0.01469
0.09792 0.0273 -0.08591
0.109841 0.040256 -0.073627
-0.051849 0.023121 0.008585
0.107271 -0.00167 -0.040454
0.11845 0.0013 -0.03785
0.0916 -0.01868 -0.0733
-0.02 0.0291 -0.0694
0.01731 -0.0552 -0.07323
-0.019148 -0.000831 -0.033933
0.105102 -0.023027 -0.076303
0.099985 0.045888 -0.050351
0.00107 0.0383 -0.0376
0.09863 -0.0059 -0.08686
-0.026393 -0.021192 -0.030268
0.11645 0.02317 -0.07695
0.077014 -0.063869 -0.080875
-0.0007 -0.0168 -0.04304
0.03398 0.04682 -0.064022
0.0042 -0.0242 -0.0432
0.01152 0.039773 -0.038455
-0.044707 0.025095 0.007607
-0.035741 0.003428 -0.008238
-8.4e-05 -0.050193 -0.080534
0.027762 0.046557 -0.065131
-0.031737 0.037563 -0.036545
-0.04137 0.009599 0.013498
-0.04 0.020254 0.010545
-0.06128 0.023148 -0.006195
-0.014959 -0.042816 -0.0468
0.092175 0.004549 -0.028962
0.0224 0.0176 -0.07992
-0.0318 -0.021 -0.0445
0.01669 0.0139 -0.08631
-0.038324 0.016707 0.008102
-0.04025 -0.0276 -0.00325
0.101503 0.046259 -0.055849
0.069288 -0.020011 -0.029166
0.107513 0.011573 -0.033703
0.086307 0.011675 -0.026298
-0.041608 0.040327 -0.061831
0.012259 0.030051 -0.085908
-0.025362 0.042144 -0.06331
-0.016735 -0.0406 -0.040839
0.041342 0.01914 -0.036228
0.019531 0.043068 -0.04264
0.106372 0.04572 -0.053159
0.107809 0.006479 -0.040953
0.054353 -0.057928 -0.057429
0.0107 -0.0293 -0.06376
0.093522 0.047193 -0.083612
0.067949 0.003596 -0.025204
0.067419 0.012425 -0.024936
0.08174 -0.062015 -0.082139
0.003957 -0.016001 -0.038284
0.04 0.0374 -0.07
-0.049077 0.025606 0.003559
0.075981 -0.062632 -0.082435
0.083096 0.033069 -0.026036
-0.009243 -0.037999 -0.086803
0.105458 -0.033824 -0.038582
-0.015485 -0.01395 -0.035287
-0.051297 0.030829 -0.017733
0.07692 0.0177 -0.07166
-0.036889 0.009429 -0.004003
0.11845 0.0013 -0.08215
-0.061715 0.026009 -0.014749
0.071377 -0.057774 -0.053688
0.036551 0.03535 -0.086027
-0.058068 0.035223 -0.053827
0.0338 -0.0062 -0.08528
-0.0333 -0.0323 -0.05
0.0559 0.0384 -0.03624
0.072189 -0.006026 -0.022621
0.102533 -0.003251 -0.03287
-0.028816 -0.013125 -0.028328
0.004245 -0.00215 -0.038183
-0.018 0.021 0.0
-0.029251 0.019574 -0.023511
0.026774 0.045116 -0.08595
-0.059684 0.03426 -0.068453
0.13045 0.01021 -0.06915
0.043909 0.030839 -0.034387
0.0257 0.0345 -0.03
-0.01916 0.03793 -0.05852
-0.038589 -0.005425 0.000746
0.10872 0.0345 -0.03672
0.104642 -0.026677 -0.069737
0.106776 -0.008499 -0.040349
0.0047 -0.0247 -0.05
-0.00748 -0.010797 -0.036796
0.102218 0.046388 -0.058837
-0.038983 0.025694 0.001695
0.003654 0.043532 -0.052042
-0.030757 0.011032 -0.023438
0.10535 -0.000447 -0.033062
0.01034 0.04122 -0.07051
0.1143 -0.00815 -0.0365
0.106912 -0.00175 -0.04272
-0.022147 0.042696 -0.066001
-0.03129 0.042008 -0.067409
0.031233 0.0136 -0.03714
-0.032362 -0.029993 -0.022868
-0.005217 0.044053 -0.062957
0.051153 0.047499 -0.062723
-0.01473 -0.0225 -0.085825
0.004335 0.002624 -0.038186
0.031709 0.041171 -0.037389
-0.020511 0.02063 -0.032615
-0.030278 0.041518 -0.084449
0.089726 0.034418 -0.029588
-0.033949 0.041246 -0.061711
0.030871 0.045424 -0.051808
0.003598 -0.051209 -0.064979
-0.018 -0.0194 0.00804
-0.042015 -0.00645 0.014275
-0.018 0.0 0.021
0.09435 -0.03317 -0.06915
-0.0769 -0.002872 -0.066709
-0.041223 0.002127 0.010446
0.05081 0.0425 -0.04841
-0.007221 0.043269 -0.056978
0.106907 -0.00115 -0.04422
-0.059583 0.00789 0.014727
0.06583 -0.0059 -0.08644
0.019766 0.045809 -0.062273
0.107589 0.014994 -0.069477
0.099423 -0.025254 -0.032483
-0.053186 0.019417 0.014618
0.087622 0.047577 -0.064346
-0.017277 0.021097 -0.033707
-0.035862 -0.016983 -0.008838
0.037489 0.046994 -0.063462
-0.067863 0.02641 -0.035169
0.01705 -0.0154 -0.03827
0.039996 0.046808 -0.059171
-0.0025 -0.0174 -0.0253
0.072286 0.023829 -0.02649
0.04 -0.02514 0.0
0.108295 0.020273 -0.048968
0.007571 0.04495 -0.06099
0.102585 0.018075 -0.031567
0.1039 -0.002523 -0.032891
-0.036738 0.012026 -0.003985
0.010562 -0.026348 -0.0375
0.019471 0.046107 -0.070036
-0.037675 0.021289 0.004794
0.007343 -0.025998 -0.037457
0.106441 7.7e-05 -0.071729
0.10725 0.0088 -0.06022
0.010784 0.04356 -0.048933
0.103869 0.04561 -0.085988
-0.04397 0.029917 -0.008606
0.01212 -0.0482 -0.04933
0.12695 -0.005 -0.07695
-0.031479 0.01495 -0.020264
0.11 0.03091 -0.0467
0.07758 0.0371 -0.02626
0.001065 0.02095 -0.085563
-0.050352 0.037724 -0.053946
0.107797 0.011199 -0.04296
0.103289 0.036612 -0.035619
-0.062045 0.000803 0.01113
-0.043873 0.037266 -0.042332
0.07608 -0.023 -0.02323
0.03805 0.02079 -0.02079
0.106405 -0.0074 -0.04872
-0.0442 -0.0242 -0.0568
0.052345 0.047912 -0.078108
0.11 -0.04487 -0.06915
0.006016 0.045907 -0.076815
-0.031636 -0.032074 -0.025471
0.0136 -0.0264 -0.07
-0.054809 0.036352 -0.076039
-0.043502 0.017665 0.016059
0.10376 -0.0313 -0.04835
-0.060809 0.027963 -0.020068
-0.014143 0.042734 -0.059372
0.08103 -0.0313 -0.0593
0.09897 0.02235 -0.085885
0.099641 0.001978 -0.032159
-0.018 0.01485 -0.01485
0.006797 0.046185 -0.080012
0.03805 0.0294 0.0
-0.034593 -0.030095 -0.017044
0.0615 0.0177 -0.03215
0.105521 -0.022072 -0.045717
-0.040896 0.040697 -0.064816
-0.00665 -0.0465 -0.05366
0.107331 0.006824 -0.049468
-0.048217 0.01912 0.017503
0.024251 0.046406 -0.065691
0.1025 0.033189 -0.033952
0.1143 -0.00185 -0.0835
0.106392 -0.002505 -0.068231
0.1176 0.02812 -0.0733
0.0107 -0.0121 -0.02456
-0.031892 0.0421 -0.070675
0.10632 -0.005721 -0.076777
0.070504 -0.034441 -0.027275
-0.046103 -0.029009 -0.011835
0.06989 -0.0375 -0.05678
-0.05317 0.032786 -0.028517
-0.02 0.0 -0.015
-0.00103 -0.0495 -0.06156
-0.025595 -0.02275 -0.086047
0.081004 -0.002735 -0.024261
0.107294 -0.002901 -0.035833
0.105894 -0.038373 -0.048297
0.09435 0.02317 -0.05085
-0.008558 0.031866 -0.035109
0.005135 0.0306 -0.085533
0.102624 0.043095 -0.041421
0.013755 -0.0104 -0.08634
-0.001595 -0.02215 -0.085595
0.109579 0.030539 -0.0401
0.1006 -0.02192 -0.07995
0.106409 -0.002576 -0.033711
0.007296 -0.020677 -0.038308
0.0863 -0.0388 -0.04835
0.04 0.0087 -0.08528
-0.031162 -0.039539 -0.047082
-0.048112 0.00526 0.022321
0.10473 0.009942 -0.086578
-0.018121 0.041924 -0.056418
0.074169 0.045907 -0.039514
-0.017113 -0.044411 -0.085914
0.022142 0.035358 -0.036431
-0.07291 0.0011 -0.01885
-0.02992 0.01073 0.01319
0.108702 0.018223 -0.037184
0.065 0.0 -0.02008
-0.074025 0.022009 -0.044826
0.013543 0.02955 -0.036782
-0.000491 -0.047837 -0.05454
0.108328 0.023854 -0.034111
0.11845 -0.04181 -0.06915
0.077837 0.043279 -0.032354
-0.040063 0.005152 0.006716
-0.007946 -0.048729 -0.080661
-0.038728 0.023604 0.004514
-0.047995 -0.039432 -0.077008
0.089501 -0.056422 -0.050723
0.10841 0.0293 -0.03472
0.020752 -0.045423 -0.040937
0.10732 0.0092 -0.05772
0.05316 0.0177 -0.03665
-0.062321 -0.020954 -0.002361
0.051809 0.047973 -0.074066
0.0279 0.0121 -0.0168
0.105756 -0.022013 -0.039127
0.11465 -0.005 -0.0835
0.02389 -0.0502 -0.08613
-0.027265 0.0234 -0.085101
-0.021823 -0.000557 -0.085443
-0.049765 0.037385 -0.05045
-0.013731 -0.044055 -0.050265
-0.019932 -0.013322 -0.033972
0.06821 -0.0613 -0.06034
-0.04288 0.009 0.01787
-0.026716 0.042507 -0.069836
-0.017242 -0.044358 -0.054838
0.1024 -0.03812 -0.0733
-0.03964 -0.03135 -0.017042
0.084927 0.007026 -0.025886
-0.046659 -0.020252 0.013806
0.022088 -0.037772 -0.036534
-0.0447 0.0 -0.0747
0.0664 0.0264 -0.03
0.108777 0.029273 -0.050218
-0.039595 -0.01675 -0.086248
-0.03122 0.02041 -0.0305
-0.0318 -0.021 -0.0305
0.106207 -0.007057 -0.076853
-0.078002 -0.008701 -0.061685
0.093611 0.047269 -0.06925
0.02602 -0.0567 -0.070585
0.109245 0.043794 -0.048462
-0.0294 -0.0094 -0.0823
0.10057 0.0278 -0.03185
0.11 0.01894 -0.07995
0.098547 0.012751 -0.08593
0.001707 0.022855 -0.037033
-0.060157 0.022534 -0.002885
0.106709 -0.000124 -0.080476
-0.0323 -0.0051 -0.0177
0.106281 -0.003042 -0.083166
0.05121 -0.0375 -0.04774
0.102646 -0.058617 -0.067473
0.0576 -0.0176 -0.07992
0.09924 0.03178 -0.06835
0.004097 0.045966 -0.082759
-0.006827 0.041821 -0.048743
-0.008233 -0.028663 -0.035218
-0.05275 -0.0345 -0.04547
0.093431 0.046098 -0.085857
0.099871 -0.004575 -0.032339
-0.0491 0.0 -0.0694
0.10777 0.0358 -0.08574
0.107972 0.045821 -0.062499
0.0693 0.0121 -0.07544
0.104804 -0.022794 -0.069984
-0.045224 0.040096 -0.070547
-0.077027 -0.006566 -0.067883
-0.013796 -0.042258 -0.043751
0.105879 -0.00705 -0.073732
-0.001596 0.044656 -0.069649
-0.02779 -0.02751 -0.0445
-0.035649 0.024703 -0.003742
-0.032185 -0.004179 -0.020524
0.10456 -0.0119 -0.08576
0.0268 0.021 -0.0305
-0.003586 0.043298 -0.054145
-0.018 -0.0105 -0.01819
0.10764 -0.0388 -0.05323
0.12565 0.02317 -0.05085
-0.03091 -0.02916 -0.05852
0.102457 0.015788 -0.031675
0.105054 0.038299 -0.037025
0.0718 -0.0318 -0.05
-0.0218 -0.028 -0.0305
0.07583 -0.0081 -0.06571
0.04 -0.0441 -0.05696
0.109086 0.033501 -0.045708
0.015596 -0.054182 -0.06776
-0.0331 0.0317 -0.0568
-0.07479 0.0214 -0.05391
0.084123 -0.036622 -0.030456
0.106646 -0.004376 -0.047221
0.000344 -0.015777 -0.038079
0.024997 -0.039296 -0.087592
0.03787 -0.0281 -0.0859
-0.007744 -0.015072 -0.036876
0.08955 -0.02021 -0.06915
0.098627 -0.001 -0.031866
-0.040041 -0.025258 0.000577
0.018068 0.045932 -0.066302
0.108465 0.0272 -0.06072
0.106583 0.00017 -0.068479
0.001029 -0.046088 -0.048011
-0.014003 -0.02298 -0.034501
0.104675 -0.02294 -0.083159
-0.052831 0.02893 -0.011963
-0.041977 0.031586 -0.015079
0.0465 -0.0159 -0.0832
0.0176 0.0224 -0.02456
0.105658 -0.014675 -0.06148
-0.018 -0.00804 0.0194
0.099384 -0.043725 -0.037732
0.0232 -0.0407 -0.05696
-0.028208 0.027193 -0.023264
-0.040179 -5e-05 0.00673
0.0218 0.028 -0.0335
0.10256 -0.004676 -0.033059
0.0228 0.0415 -0.05
-0.048334 0.002852 0.022633
-0.02012 -0.02129 -0.033443
0.106079 -0.036178 -0.045162
0.04874 -0.0436 -0.03369
-0.0792 0.0007 -0.05897
-0.0286 -0.0407 -0.08605
0.02147 0.0456 -0.05825
0.001005 0.017504 -0.037951
0.109693 0.037844 -0.081376
0.0028 0.0228 -0.0367
-0.009354 0.044847 -0.079267
0.0268 -0.02121 0.02121
0.04333 0.0473 -0.06987
-0.018 0.0 -0.021
-0.017428 0.044492 -0.078535
-9.1e-05 -0.025385 -0.037083
-0.05893 -0.017 0.01142
-0.00885 -0.049243 -0.071195
-0.073894 0.021262 -0.059469
0.04 -0.0172 -0.0832
-0.039216 0.009849 0.004485
-0.015673 -0.018103 -0.035145
-0.0006 0.0 -0.0791
-0.043933 0.034401 -0.028099
0.106768 0.002023 -0.033701
0.038008 -0.043975 -0.035982
-0.037378 -0.028976 -0.010114
0.100729 0.041045 -0.086824
0.097207 0.013586 -0.030526
-0.037708 0.017909 0.005646
-0.039125 -0.015283 0.004411
0.05729 0.021 -0.03519
0.104763 0.045819 -0.052986
-0.05142 0.000575 0.02369
-0.05963 0.026911 -0.013307
-0.049902 0.024938 0.005084
-0.059368 0.034703 -0.056115
-0.028417 0.032822 -0.025288
-0.044602 0.037017 -0.085665
-0.051173 0.029574 -0.012715
0.106054 -0.017686 -0.03632
-0.016317 -0.009599 -0.034923
0.092245 0.042239 -0.036935
-0.03416 -0.0431 -0.07314
-0.005692 0.043436 -0.056949
0.081651 0.04779 -0.072462
-0.039948 0.007279 0.006457
0.072546 0.005169 -0.02174
-0.04663 -0.017 -0.08639
-0.033111 0.040302 -0.053179
0.100897 0.045871 -0.085897
0.0712 0.0312 -0.05696
0.059229 0.047085 -0.052293
0.10614 -0.011686 -0.07984
-0.049321 0.029128 -0.008928
0.080229 -0.028629 -0.024822
-0.05714 0.0147 0.01482
0.0313 0.0 -0.08528
-0.03809 -0.03725 -0.04271
0.108156 0.017247 -0.046966
0.10852 0.01337 -0.038476
-0.021886 0.016075 -0.032743
0.108797 0.033451 -0.06747
0.075931 0.003907 -0.022068
0.03805 0.01125 0.02716
-0.02 0.0133 -0.0177
0.105149 -0.022959 -0.079778
-0.01578 0.043 -0.0849
0.106049 0.034858 -0.035393
0.106506 -0.005029 -0.080112
0.100834 0.043856 -0.04199
0.0959 -0.03038 -0.0733
0.05016 0.0177 -0.04995
0.085868 -0.040666 -0.033799
0.105905 -0.0143 -0.051723
0.11202 -0.00847 -0.0705
-0.03091 0.02916 -0.05852
0.000604 0.015 -0.085565
0.02117 -0.0558 -0.07117
0.109366 0.029963 -0.04295
0.102871 0.013548 -0.031724
0.03864 -0.04224 -0.0585
0.06522 -0.0375 -0.05838
-0.025246 0.007273 -0.031187
-0.039886 0.012397 0.011278
0.0959 0.02038 -0.0733
0.108851 0.033402 -0.058467
0.105497 -0.018425 -0.057977
0.04216 -0.00773 -0.07049
-0.0089 -0.0268 -0.0694
-0.026324 0.019488 -0.028985
-0.011504 -0.037961 -0.03552
0.059517 0.047753 -0.070597
0.00405 0.018101 -0.03818
0.009804 -0.047706 -0.048868
0.103626 -0.054057 -0.087677
0.03636 -0.0017 -0.08594
0.103028 0.046291 -0.058822
-0.0468 -0.0111 -0.0694
0.082626 -0.002676 -0.085752
0.107817 0.01645 -0.05797
0.0241 0.0065 -0.0168
-0.029934 0.000275 -0.026353
-0.036589 0.002851 -0.005476
-0.031807 0.021452 -0.015429
0.107427 -0.000656 -0.035859
0.10919 0.035639 -0.081335
0.076937 -0.005705 -0.022533
0.1057 -0.00815 -0.0835
0.052354 0.03087 -0.031977
-0.063407 -0.026724 -0.027137
0.094622 -0.000249 -0.030235
0.011319 0.045313 -0.085442
-0.01464 0.0032 -0.035137
-0.038493 -0.000175 0.000748
0.068546 -0.049279 -0.037774
0.105761 -0.026041 -0.038198
-0.045437 0.038812 -0.054372
0.010631 0.045567 -0.070939
0.105541 -0.030034 -0.040247
0.109928 0.03957 -0.047968
0.107865 0.045946 -0.065447
0.020736 -0.0014 -0.086285
0.10897 -0.0313 -0.0593
0.103823 0.009047 -0.03194
-0.05697 0.02404 -0.093
-0.025243 0.037585 -0.038809
0.102948 0.001926 -0.032554
-0.028192 -0.044285 -0.079983
0.109326 0.045118 -0.081293
0.085942 -0.064198 -0.063818
0.04 -0.0441 -0.04304
0.109149 0.03545 -0.04921
0.09191 -0.0313 -0.04565
-0.040299 0.038517 -0.085417
-0.01479 -0.032157 -0.033423
-0.0323 0.0051 -0.0823
-0.030692 0.029119 -0.018618
-0.02 -0.0068 -0.0157
-0.038671 0.021333 0.007203
-0.043329 0.02629 0.004408
0.10675 -0.0016 -0.04872
0.06465 -0.0132 -0.08645
-0.052092 0.024699 0.003538
-0.018 0.0206 -0.0041
-0.03284 0.03922 -0.093
0.007574 -0.011526 -0.038313
0.0279 -0.0121 -0.0832
0.004426 0.007397 -0.038188
0.106413 -0.003 -0.06173
0.10355 0.00661 -0.08215
-0.02779 -0.02751 -0.0305
-0.03171 -0.032612 -0.025396
0.00247 -0.0287 -0.08552
0.031133 0.046846 -0.072335
0.102055 0.040843 -0.086823
0.0367 0.0081 -0.01472
0.072196 0.00403 -0.02179
-0.045555 -0.030291 -0.017837
-0.048392 0.029974 -0.011433
0.003117 -0.036465 -0.036588
0.052916 -0.0059 -0.0861
0.0232 -0.0407 -0.04304
0.042975 0.045844 -0.084871
0.0718 -0.025556 -0.027581
0.067482 0.04736 -0.052663
0.035494 0.046219 -0.056008
0.083396 0.002277 -0.025434
0.106691 -0.003626 -0.04722
0.110007 0.042704 -0.070822
0.0028 -0.0094 -0.0253
-0.03854 -0.0028 0.000747
0.108707 0.027349 -0.048716
-0.032013 0.034489 -0.025317
0.101243 0.046686 -0.064859
0.0521 0.0121 -0.0832
0.016756 -0.049092 -0.050249
0.0016 0.0159 -0.06376
-0.041693 -0.008763 0.012467
0.000917 -0.002175 -0.037963
-0.02 0.0323 -0.0367
0.080299 0.041675 -0.086506
0.104533 0.044345 -0.045188
0.10953 0.03394 -0.040588
-0.062254 -0.029796 -0.040132
0.08087 0.038542 -0.027856
-0.011429 0.040552 -0.045031
-0.02693 -0.02925 -0.086043
0.032244 0.046929 -0.08265
0.077704 -0.019664 -0.023146
0.013928 0.039968 -0.038419
0.075157 -0.039098 -0.02784
0.073678 0.002924 -0.021629
0.0664 -0.0264 -0.07
-0.038827 0.014081 0.008154
0.099921 -0.001749 -0.032362
-0.01219 0.043272 -0.085086
-0.03859 -0.014048 0.001376
0.04 -0.025 -0.07992
-0.018774 0.036489 -0.035835
0.106153 -0.0091 -0.055225
-0.00244 -0.0288 -0.0856
-0.0006 0.0 -0.0209
-0.018852 0.033996 -0.033423
0.081695 0.047802 -0.069707
-0.011133 0.031247 -0.03419
-0.069486 -0.025794 -0.05328
0.063639 -0.041546 -0.087958
0.109868 0.039533 -0.045995
0.007635 0.045907 -0.083156
-0.009055 0.021801 -0.085775
-0.016476 0.0078 -0.085923
-0.048594 0.031113 -0.016435
-0.065283 0.02743 -0.030634
0.102644 0.029634 -0.032949
0.10627 -0.0051 -0.06173
-0.001988 -0.049907 -0.080546
0.013315 -0.054515 -0.075332
-0.002644 0.04451 -0.066162
0.07501 -0.00809 -0.06069
0.102796 0.046428 -0.073087
0.078269 -0.043861 -0.088097
-0.017921 0.044068 -0.075225
-0.014996 -0.00565 -0.03516
-0.033978 -0.03699 -0.038617
0.069921 0.035963 -0.027583
0.109585 0.037803 -0.079053
0.076458 0.009845 -0.022432
0.04 0.045 -0.05
0.0241 0.0384 -0.06376
-0.023615 0.020067 -0.031021
-0.029929 -0.032924 -0.02786
0.0576 0.0176 -0.07992
-0.050893 0.024093 0.006857
0.0042 0.0242 -0.0432
-0.04749 -0.0299 -0.01838
0.009613 0.045486 -0.067702
0.00757 -0.0521 -0.06541
0.023849 0.008449 -0.037739
0.103625 -0.023221 -0.085713
0.105221 0.042241 -0.040478
0.101969 0.046551 -0.073104
0.105589 -0.014801 -0.064484
-0.039415 0.037094 -0.038013
0.01879 0.044949 -0.053266
-0.027467 0.035914 -0.032071
0.0532 0.04417 -0.06775
0.072137 -0.007346 -0.022655
-0.022325 0.0082 -0.085482
0.007515 -0.053157 -0.073907
-0.031806 0.007089 -0.020337
-0.052024 0.031333 -0.02076
0.106164 -0.041965 -0.06171
-0.0331 -0.0317 -0.0432
0.093274 0.037389 -0.03236
-0.015236 -0.009799 -0.035197
-0.036881 0.029618 -0.008742
0.07983 -0.00815 -0.04697
0.05849 0.021 -0.03403
-0.021605 0.042945 -0.069253
0.104945 -0.005275 -0.08575
-0.054056 0.031335 -0.023294
0.013365 0.044801 -0.054854
-0.05243 -0.02911 -0.0705
0.06995 -0.006 -0.02435
0.093832 -0.047579 -0.039546
0.087546 0.047061 -0.083528
0.11645 -0.03317 -0.07695
0.013678 0.046597 -0.082882
-0.03873 -0.022171 0.001293
0.025983 -0.016577 -0.037414
-0.00357 -0.0464 -0.08561
-0.00454 -0.04226 -0.05852
-0.028716 0.030186 -0.02297
-0.05447 0.01334 -0.0585
0.10559 -0.033376 -0.052569
-0.006097 0.045276 -0.079272
-0.03122 0.02041 -0.01254
0.13215 -0.005 -0.06915
0.05272 0.021 -0.05312
-0.04301 -0.0406 -0.0753
0.066011 0.045417 -0.037062
0.028997 0.047153 -0.076244
0.106359 0.046212 -0.062311
-0.036588 0.014759 -0.002431
-0.032422 0.04217 -0.073937
-0.02675 -0.00814 0.01936
0.0082 -0.0318 -0.05
-0.062965 0.032846 -0.057729
0.094562 -0.009002 -0.030178
0.1223 -0.01418 -0.04005
-0.009435 0.040061 -0.042321
0.106622 -0.003775 -0.04872
0.02883 -0.0214 -0.03706
0.002452 -0.041626 -0.038035
0.02779 -0.02751 -0.0445
0.0218 -0.028 -0.0335
0.090617 -0.000198 -0.028579
0.106796 -0.002752 -0.04572
0.014171 -0.0021 -0.038398
0.009404 0.044044 -0.052185
0.10825 0.00274 -0.0835
0.11053 -0.00847 -0.0474
0.08072 0.0231 -0.02319
-0.014543 0.007774 -0.035149
0.0883 0.0112 -0.05535
-0.0069 0.0317 -0.0432
-0.07042 0.025112 -0.039299
0.09117 0.0177 -0.03726
0.108829 0.029348 -0.048716
0.002265 0.040442 -0.040077
0.090603 -0.0016 -0.028564
0.008348 -0.046265 -0.045867
0.04 0.02323 -0.00962
0.10061 0.015715 -0.03101
-0.04525 0.007164 0.020413
-0.058562 -0.026113 -0.013548
0.095003 0.042262 -0.037594
0.1317 0.0112 -0.05535
-0.077896 0.012085 -0.047401
0.0319 0.0033 -0.01472
0.105655 -0.011249 -0.070737
0.041025 0.0274 -0.0859
0.012432 0.046183 -0.077362
0.10936 0.032345 -0.037771
-0.00888 0.012203 -0.036379
-0.058301 -0.022658 0.001505
0.10064 0.045059 -0.045315
0.0462 0.0062 -0.08528
0.0572 0.0415 -0.05
0.1093 0.0447 -0.07672
-0.042902 0.000134 0.017296
-0.022192 -0.044986 -0.063927
-0.018611 -0.035938 -0.033434
0.106178 -0.006525 -0.06173
0.016464 -0.0491 -0.086344
-0.0428 0.0228 -0.0367
0.080186 0.016373 -0.023017
-0.050366 0.025124 0.004077
0.101433 0.044992 -0.045805
0.107498 0.033502 -0.035333
-0.014744 -0.001375 -0.035141
0.100514 0.04221 -0.038993
0.0898 0.011563 -0.027972
0.034353 0.047591 -0.078681
-0.056217 -0.036099 -0.069557
-0.0568 0.0249 -0.00259
0.102382 0.034921 -0.034591
-0.060394 0.024745 -0.00804
0.000633 -0.011326 -0.037986
0.0335 0.0159 -0.0832
0.106864 0.045215 -0.086048
0.100541 0.044482 -0.043357
0.082024 0.019621 -0.023494
0.0318 0.0 -0.0305
0.10827 0.02475 -0.06372
0.02493 -0.0473 -0.0451
-0.037925 0.01361 0.002138
0.0759 -0.0081 -0.05406
-0.031584 0.040794 -0.08479
0.102282 0.046176 -0.055838
0.107894 0.015224 -0.049968
-0.04133 0.0313 -0.08534
-0.05937 0.0074 -0.0585
0.04 0.0 -0.014
-0.02817 0.0006 -0.02907
0.075009 0.013213 -0.022406
0.021249 -0.054029 -0.08132
0.103053 0.007798 -0.086982
-0.07517 -0.0182 -0.04788
-0.05023 0.027171 -0.002965
0.077982 -0.008987 -0.022996
-0.041526 -0.024252 0.004155
0.081878 0.047211 -0.052165
0.021738 0.04466 -0.050222
-0.009334 0.015701 -0.085836
-0.00436 -0.0504 -0.07462
0.057277 -0.031828 -0.031708
0.026295 0.035554 -0.03611
0.108467 0.040225 -0.086219
-0.025601 0.035721 -0.034287
0.109593 0.037483 -0.047611
0.038091 -0.022052 -0.036628
0.075167 -0.003818 -0.022189
-0.062932 0.029719 -0.076751
0.09757 -0.0196 -0.08687
0.1135 -0.02021 -0.03785
0.035666 0.008303 -0.036581
0.106273 -0.004803 -0.033956
-0.04477 0.023 0.01163
-0.057599 -0.032833 -0.045517
0.107778 0.006557 -0.03576
-0.049329 0.03164 -0.019456
0.090588 -0.002275 -0.028569
-0.031646 -0.020194 -0.023318
-0.0294 -0.0228 -0.0747
0.106978 0.005622 -0.065724
-0.05481 0.014766 0.018375
0.0693 -0.0293 -0.03624
0.0433 0.0081 -0.01472
-0.079593 0.0009 -0.051452
0.083612 -0.016806 -0.025657
-0.0428 -0.0228 -0.0633
-0.032636 0.0085 -0.085124
0.01506 -0.0013 -0.08632
0.014467 -0.0423 -0.038345
0.093509 0.045159 -0.043393
0.073697 -0.006468 -0.022146
0.080737 -0.023648 -0.023888
-0.0248 0.0048 -0.0157
0.048864 0.036563 -0.032524
0.078557 -0.032469 -0.025555
0.03805 0.02716 0.01125
-0.0174 -0.0063 -0.0157
-0.02425 0.036928 -0.0382
-0.041395 0.010967 0.014896
-0.050435 0.015752 0.020117
0.011971 0.01395 -0.038561
0.097 0.011327 -0.030888
0.03026 -0.02554 -0.0445
-0.039909 0.016539 0.012515
-0.009431 0.026879 -0.034789
-0.01386 -0.0371 -0.03479
-0.06798 0.0276 -0.04279
-0.07436 -0.0176 -0.06386
-0.0149 -0.0123 -0.0823
-0.064656 -0.025841 -0.027176
0.082614 -0.008125 -0.025121
0.1143 -0.00815 -0.0835
0.075598 0.048321 -0.078496
0.10614 -0.004049 -0.07098
-0.070602 0.011483 -0.015438
-0.02681 -0.0163 -0.08604
-0.0263 -0.0026 -0.0843
-0.031685 0.03385 -0.08517
0.06679 -0.001586 -0.027004
0.02491 -0.03674 -0.0585
0.080965 0.041427 -0.030483
-0.036297 0.040617 -0.057987
-0.018867 0.029647 -0.032385
-0.036708 0.038049 -0.04148
-0.049893 0.03049 -0.014974
0.008594 0.045518 -0.073975
0.000894 -0.049953 -0.061524
-0.03166 0.019 0.0001
0.097586 0.02059 -0.029994
0.107267 -0.003613 -0.035845
0.1 -0.0388 -0.093
0.046802 0.043412 -0.036657
-0.063306 0.009871 -0.087218
0.1135 -0.02021 -0.08215
0.080331 -0.036944 -0.02842
0.03626 -0.00375 -0.085938
-0.0294 0.0228 -0.0253
-0.032801 0.003201 -0.017162
0.079204 -0.02015 -0.086752
0.10278 0.025365 -0.032172
0.069292 0.044274 -0.032264
0.110081 0.040072 -0.081401
0.0279 -0.0293 -0.02456
0.107555 0.0133 -0.06072
-0.052739 0.015455 0.019532
-0.045264 0.04001 -0.073639
-0.046733 -0.013343 0.018762
-0.04861 0.0254 0.00456
-0.062882 0.026988 -0.021568
-0.037061 0.024774 -0.000352
0.042342 0.0462 -0.052624
0.00697 -0.031451 -0.036623
0.107101 0.008196 -0.068726
-0.04888 0.0357 -0.08547
0.09386 -0.045015 -0.037001
-0.052932 0.033957 -0.034003
-0.0067 0.0323 -0.05
-0.034637 0.04149 -0.064969
-0.047648 0.025084 0.006414
-0.042043 0.002278 0.014952
0.108558 0.025725 -0.050218
0.03983 -0.002295 -0.036167
0.110008 0.039775 -0.051503
0.109069 0.035608 -0.079021
-0.02 0.0343 -0.0432
0.033305 0.043728 -0.086295
0.1067 0.00094 -0.0365
0.019314 -0.055159 -0.068691
0.000404 0.044792 -0.066606
0.0117 -0.0131 -0.0568
0.004492 0.044687 -0.060542
0.09741 0.0225 -0.085915
0.11 -0.01337 -0.0365
0.02779 -0.02751 -0.0305
0.017395 0.003225 -0.038285
-0.0428 -0.0094 -0.0253
0.0967 -0.005 -0.04005
0.02706 0.0467 -0.07316
-0.052321 0.030852 -0.018994
-0.0405 -0.0205 -0.0694
-0.05335 0.035369 -0.043033
0.009369 0.045985 -0.07716
0.099729 0.046711 -0.061883
0.02828 0.0131 -0.08611
0.0934 -0.03488 -0.05535
-0.000425 -0.051288 -0.073044
0.005228 0.042068 -0.043347
-0.0438 0.030797 -0.012097
-0.043648 -0.004167 0.018489
0.012345 -0.018151 -0.038447
0.0916 0.00868 -0.0733
-0.043003 0.02234 0.011479
0.106114 -0.007356 -0.082964
0.015897 0.046919 -0.079925
-0.012832 -0.048242 -0.079133
0.00388 -0.0153 -0.08551
-0.007952 0.021907 -0.035708
-0.0077 0.0298 -0.0367
-0.022094 0.01141 -0.032801
-0.05403 0.0357 -0.04656
0.05729 -0.0375 -0.03519
0.108752 0.031351 -0.05822
-0.03873 0.0103 0.00274
0.0279 -0.0293 -0.07544
0.02892 -0.0568 -0.06703
0.105687 -0.00995 -0.073737
0.09815 -0.0313 -0.04565
0.108717 0.029249 -0.051968
0.099211 -0.00595 -0.032078
-0.06237 -0.0321 -0.05864
-0.059309 0.024288 -0.004715
0.105683 -0.040569 -0.051429
-0.033152 0.03013 -0.015016
0.008135 0.045002 -0.085486
-0.041275 0.008781 0.013926
0.106394 -0.007178 -0.07991
-0.01916 -0.03793 -0.05852
0.040694 0.038448 -0.085885
0.107746 0.011927 -0.045711
-0.029399 -0.011046 -0.085626
0.1049 -0.02714 -0.04005
0.04 0.0374 -0.03
-0.055022 0.021651 0.007568
0.0123 0.0 -0.0367
-0.03763 -0.0243 -0.00321
-0.046801 0.027315 -0.000379
0.105995 -0.01425 -0.04822
-0.03674 -0.00355 -0.005465
0.107933 0.021974 -0.072728
0.105415 -0.01855 -0.06123
-0.026364 0.039449 -0.085587
0.030113 0.043455 -0.041664
-0.03674 -0.013 -0.0062
0.037663 -0.034107 -0.035461
-0.061871 0.028844 -0.026871
0.10058 -0.001774 -0.032618
0.106817 -0.001451 -0.04722
0.119 0.03406 -0.06465
0.080426 -0.027021 -0.024385
-0.031478 -0.031407 -0.025558
0.015282 0.046484 -0.077137
0.009266 -0.044286 -0.040712
0.05427 -0.046965 -0.037354
0.067496 0.04799 -0.063442
0.106455 -0.00185 -0.033715
0.015217 -0.044542 -0.040967
-0.035924 -0.013723 -0.009202
-0.040775 -2.5e-05 0.008712
0.109444 0.035361 -0.043438
0.010719 -0.049171 -0.052833
0.0268 0.02178 -0.02223
-0.039429 0.013632 0.009966
0.102551 -0.002552 -0.032849
-0.02776 0.017 -0.08509
0.093915 0.03027 -0.029813
0.109302 0.039541 -0.040342
0.06524 -0.00955 -0.086461
0.100768 0.045839 -0.050336
0.0005 -0.0205 -0.0306
-0.0106 -0.0228 -0.0253
0.109473 0.037947 -0.067587
0.08685 -0.0386 -0.03303
0.022486 0.0135 -0.086267
0.00474 0.0267 -0.08553
-0.075989 0.011388 -0.064463
0.04 0.00962 -0.02323
0.00912 -0.00115 -0.08592
0.0055 0.0143 -0.07
0.088728 -0.025943 -0.028835
-0.018921 0.043135 -0.0687
-0.006789 -0.039709 -0.036937
-0.018419 -0.037531 -0.08679
0.102111 0.046878 -0.07842
0.0462 -0.0062 -0.08528
-0.05843 0.0166 0.01039
-0.038573 -0.01639 0.002198
0.109908 0.040237 -0.056013
0.101589 0.001956 -0.032603
-0.041619 -0.00429 0.01253
-0.025268 0.034714 -0.032237
0.098 -0.02651 -0.04305
-0.036474 0.026857 -0.004318
0.081033 0.028825 -0.023774
0.1241 -0.03038 -0.0467
0.039056 0.043998 -0.041059
0.0745 -0.0143 -0.07
0.0495 -0.023 -0.02008
-0.04404 0.0002 0.01926
-0.027826 0.035488 -0.030833
0.10796 0.021 -0.05997
0.096818 0.045936 -0.049372
-0.038154 0.033218 -0.020453
0.03026 -0.02554 -0.0305
-0.03108 -0.02041 0.0001
-0.021474 0.033357 -0.032472
-0.034736 0.029872 -0.012095
-0.0299 -0.0261 -0.0445
0.10748 0.012234 -0.077916
0.032415 -0.00375 -0.08602
-0.05036 0.031705 -0.020709
-0.0121 -0.0472 -0.06275
0.11 -0.02894 -0.07995
-0.01646 -0.0452 -0.05783
0.10635 -0.0033 -0.03372
-0.039917 -0.003053 -0.085744
0.09435 0.00661 -0.04305
-0.057158 0.02501 -0.003324
0.10677 -0.004 -0.04272
0.09948 0.02715 -0.085888
0.105675 -0.031293 -0.041411
0.028827 0.038768 -0.087175
0.00355 -0.052049 -0.07198
-0.040732 -0.036609 -0.042758
-0.024229 0.035506 -0.034899
-0.01871 0.016553 -0.033959
0.10465 -0.010425 -0.085762
-0.04635 0.03383 -0.0705
0.103067 0.045231 -0.048795
0.082482 0.040576 -0.030216
-0.03213 0.042555 -0.077103
0.102753 0.022945 -0.03186
-0.035581 0.006678 -0.008492
-0.028898 0.038539 -0.085315
0.044255 0.02715 -0.085845
0.12565 -0.03317 -0.05085
-0.03369 0.042 -0.07421
0.10664 0.000375 -0.061977
-0.056344 0.036272 -0.069615
0.0815 0.0 -0.03624
0.0136 -0.0264 -0.03
0.105565 -0.015179 -0.076984
-0.027779 -0.033779 -0.029419
0.039782 0.035101 -0.085961
0.056467 -0.002326 -0.032559
0.103539 -0.052283 -0.054445
0.04687 -0.0506 -0.04572
0.07682 0.045558 -0.038422
0.04503 0.0173 -0.085809
0.073548 0.007015 -0.021854
0.02514 -0.0547 -0.0621
-0.04427 0.0324 -0.01938
-0.04496 0.029 -0.00539
0.015421 -0.0154 -0.038349
-0.032108 0.039022 -0.044915
0.010965 0.041349 -0.040502
0.06856 0.0425 -0.03398
-0.035921 0.039458 -0.085201
-0.016575 -0.045452 -0.059335
-0.0431 -0.017519 0.012932
0.04732 -0.0227 -0.03574
0.090574 -0.002949 -0.028573
0.011175 0.040678 -0.086224
