26540
-0.025641 0.009155 -0.06202
-0.013215 -0.024367 -0.352719
0.006085 -0.045751 -0.022171
-0.0277 -0.04 0.0114
-0.031382 0.044002 -0.291281
-0.013166 -0.029364 -0.324335
-0.021145 -0.03915 -0.024173
0.009385 -0.001746 -0.331469
0.009156 -0.03332 -0.017761
0.0195 -0.04585 -0.0114
-0.029304 -0.00885 -0.041805
0.017977 -0.041659 -0.023257
0.033098 -0.024632 -0.001688
-0.022466 -0.034266 0.005827
0.036315 0.009272 -0.108525
0.034549 -0.012124 0.00327
-0.024786 -0.007833 -0.064159
-0.013453 -0.014005 -0.003251
-0.039461 0.020068 -0.299651
0.040654 0.007593 -0.035863
-0.002032 -0.034679 -0.024025
0.037542 -0.003296 -0.10861
-0.022701 -0.045855 -0.002903
-0.026203 -0.044413 0.0
-0.017621 0.00688 -0.068203
-0.044086 0.008787 -0.346297
0.013556 0.042129 0.025717
0.025042 -0.042469 0.014121
-0.022652 0.0458 -0.004384
-0.01638 0.053228 -0.097297
-0.005775 0.038701 -0.029081
-0.01286 0.033498 -0.346415
0.000223 -0.043529 -0.340564
-0.005796 0.040449 -0.028225
-0.022133 -0.026745 -0.001656
0.006221 -0.014499 -0.325322
0.028535 -0.003615 0.009743
-0.027709 -0.024693 -0.035862
-0.005312 0.03604 -0.026346
0.023317 0.014513 -0.062042
-0.008861 0.007056 -0.266439
0.025864 0.024755 -0.000481
-0.011905 -0.020601 -0.041577
-0.034067 0.026174 -0.32002
0.020538 -0.027975 -0.033903
0.0041 -0.04123 -0.0294
0.034746 -0.018873 -0.000514
0.02141 -0.03835 -0.329969
-0.033313 -0.021625 -0.287802
0.00316 0.04452 0.02567
0.026766 0.037357 0.01011
-0.029174 -0.010813 -0.018434
-0.039895 -0.021755 -0.013535
0.011401 0.043015 -0.019745
0.021695 -0.0425 -0.291921
-0.011126 -0.019273 -0.277399
-0.041548 0.020086 -0.328853
-0.02903 0.038093 -0.002876
-0.023108 -0.037713 -0.026117
-0.00999 0.041606 0.027745
-0.054347 -0.034718 -0.093966
0.029679 -0.005414 0.009521
0.021474 0.02906 -0.041594
0.002867 0.010176 -0.363257
0.036821 0.030364 -0.028054
0.027656 0.021454 0.003371
-0.001356 -0.039821 0.02988
-0.020002 -0.013472 0.007619
-0.023231 -0.028009 -0.298365
0.014622 -0.033142 -0.012742
-0.02 0.0 -0.0699
-0.029387 0.011259 -0.037808
0.02396 -0.0299 -0.18675
-0.02654 0.020204 -0.278225
0.017513 0.033238 -0.176843
0.036903 -0.029156 -0.06619
-0.01655 -0.010247 -0.066062
0.00531 0.031832 0.011423
-0.067376 -0.008286 -0.119199
-0.021178 -0.003484 -0.069502
0.01005 -0.046551 -0.320956
-0.017876 -0.004943 -0.068734
0.002658 0.032322 -0.015327
-0.02903 -0.049169 -0.06846
-0.000551 -0.038691 0.029621
-0.024128 -0.022823 -0.358558
0.010877 0.046447 -0.017795
-0.012225 -0.043023 -0.322783
0.00406 -0.033443 -0.020099
0.0099 -0.00025 -0.32
0.011223 0.040334 0.027756
-0.014307 0.0311 -0.018411
0.026166 0.01412 0.006146
-0.018408 0.024766 -0.352619
-0.016847 -0.014134 -0.065172
0.0054 -0.03934 0.0294
-0.039904 0.022093 -0.316855
0.040424 0.007518 -0.039698
0.027406 -0.016082 0.006155
-0.024223 -0.045185 -0.004372
0.009485 -0.004687 -0.314362
0.0 0.04328 -0.015
0.030745 0.027344 -0.00158
-0.01862 0.0055 -0.0692
0.023628 0.042254 0.016719
-0.000552 0.039126 -0.029772
-0.021088 -0.026782 -0.292314
0.024344 0.045237 -0.002898
-0.03151 0.025523 -0.339753
-0.02392 -0.0157 0.0032
0.014745 0.04328 -0.00194
-0.024757 -0.026088 -0.348685
0.034038 0.029928 -0.050617
-0.008243 -0.040686 -0.028703
-0.018804 0.038848 -0.0221
-0.020645 -0.034723 -0.012763
-0.02939 0.011259 -0.022192
-0.001829 0.022597 -0.29745
-0.029915 -0.026063 -0.342873
0.02992 -0.009115 -0.068778
-0.016907 -0.038507 -0.024158
-0.005251 -0.049386 -0.300752
0.005232 0.003663 -0.363013
0.026142 -0.035573 0.001482
0.02477 -0.0058 -0.0669
-0.029926 0.024035 -0.291328
-0.03 -0.04 0.0
0.004738 0.005965 -0.363041
0.009547 -0.048769 -0.017101
0.038451 -0.006365 -0.006242
0.003234 -0.037108 0.028203
0.01725 0.041024 0.024194
-0.00766 0.04348 -0.168421
0.029897 0.027839 -0.05838
0.0165 0.005981 -0.361958
-0.023198 -0.02455 -0.285652
0.004365 0.036202 -0.36019
-0.033438 0.010057 -0.36931
-0.019477 0.0 0.009846
-0.025866 0.013483 -0.29713
0.04132 0.021755 -0.008219
-0.010097 -0.003833 -0.026095
0.009368 -0.041901 -0.027757
0.03115 -0.011894 -0.260019
-0.0256 -0.04318 0.0114
-0.027772 0.024941 -0.028043
0.023383 0.034926 0.008642
0.010863 0.011358 -0.297202
-0.008141 0.040857 0.028696
-0.015359 0.012119 0.003256
0.031864 0.002187 -0.068744
-0.005445 0.039712 -0.252073
-0.004163 0.040348 -0.029648
-0.02 0.037605 -0.016533
-0.02561 0.010255 -0.374947
0.028826 -0.039072 0.007349
-0.021079 0.027497 -0.342435
-0.017552 0.001449 0.008727
0.008034 0.041024 0.028672
0.03848 -0.0264 -0.0619
-0.026656 -0.028542 -0.334847
0.017447 -0.007515 -0.022185
-0.005704 0.039833 0.029417
-0.025838 0.044387 -0.004388
0.025588 0.002909 -0.06819
-0.0 0.031272 0.007203
0.045659 0.0 0.0
0.029104 -0.024369 -0.260438
-0.0051 -0.02143 -0.29018
-0.021094 -0.041325 -0.294486
0.022757 0.045851 0.002932
-0.025514 -0.021722 -0.004775
-0.006289 0.038736 -0.024423
-0.028042 0.028436 -0.326527
-0.01196 0.048387 -0.143499
0.005663 0.031265 -0.00436
-0.010303 0.042236 0.027117
0.025468 -0.00956 0.006942
-0.034065 -0.006204 -0.268567
-0.049048 0.037519 -0.271428
0.019412 0.003182 -0.006257
0.022102 -0.006384 0.002019
0.024339 0.042398 -0.015448
0.019367 -0.035733 -0.159409
-0.019039 -0.04575 -0.012709
-0.021774 0.006847 -0.068722
0.010992 0.047327 -0.085989
0.00902 0.037242 0.027049
-0.018916 -0.028989 -0.303152
0.018397 0.041182 -0.103779
-0.022338 -0.021949 0.002016
-0.016915 -0.029886 -0.313827
0.012215 0.045551 0.020116
0.005313 -0.047786 -0.014036
0.00978 -0.0416 -0.33798
-0.046929 0.030375 -0.061291
-0.011156 0.018361 -0.026095
-0.016485 -0.033301 -0.047053
0.001578 0.035053 0.02493
-0.012406 0.016083 -0.050511
0.019853 -0.000693 -0.360094
-0.0392 0.016531 -0.35125
0.021104 0.045377 -0.011452
-0.020919 -0.030405 -0.004542
-0.025688 0.021802 0.033474
-0.002383 0.011366 -0.362294
0.016026 0.040998 0.025029
0.024618 -0.040818 -0.016748
0.014065 -0.04 0.026421
-0.05109 0.0211 -0.21876
-0.012616 -0.023365 -0.043447
-0.039629 -0.031607 -0.287156
-0.004296 0.042063 -0.313746
0.005148 0.017007 -0.017969
-0.002931 -0.001753 -0.270785
-0.00704 0.053025 -0.071018
0.025645 0.012896 -0.066101
-0.004514 0.022109 -0.344891
-0.033374 0.02294 -0.293385
-0.018247 0.029799 -0.004568
0.01557 -0.045276 -0.293454
0.008219 -0.021755 0.04132
-0.026856 0.01128 -0.003289
0.00858 -0.036628 -0.026396
0.00858 0.036629 0.026395
-0.025262 0.013009 -0.372628
0.023055 0.034773 -0.031956
-0.017306 0.033428 -0.048968
-0.010983 0.010812 -0.043443
-0.016655 0.031605 -0.009493
-0.018296 -0.003551 0.009215
-0.005663 -0.048801 -0.295318
-0.016977 0.005847 -0.261697
-0.006676 0.043744 -0.026388
-0.014668 -0.026677 -0.294044
0.015426 0.032895 -0.010035
0.009436 0.041004 -0.028245
0.006787 -0.046927 0.017784
0.004763 -0.046821 -0.01895
-0.013865 -0.028968 -0.332195
0.019035 -0.021545 -0.035871
0.023841 0.032044 -0.137925
-0.011174 -0.018411 -0.026092
-0.012291 -0.027474 -0.339824
0.005117 -0.038418 0.029057
0.024353 0.036638 -0.033909
0.010907 0.047954 0.008605
0.026467 -0.008181 0.008182
-0.011811 -0.041487 0.027073
0.036311 -0.024171 -0.009509
-0.037617 0.011442 -0.277727
-0.008559 0.031389 -0.0
-0.005256 -0.036975 0.02773
-0.009161 -0.025966 -0.341599
0.026821 0.040934 -0.012865
0.017467 -0.033386 -0.010023
-0.022157 -0.02806 -0.341999
-0.033851 0.020114 -0.354033
-0.015363 0.036122 0.02222
-0.003265 -0.042477 0.028639
-0.029916 0.025555 -0.297127
-0.015364 0.026337 -0.053852
0.017175 -0.048202 -0.053764
0.005463 0.031685 -0.010023
0.004864 0.004219 -0.352348
-0.010436 -0.011413 -0.031952
-0.013207 -0.042717 -0.313833
-0.023383 -0.034926 0.008642
0.023711 0.007165 -0.065112
0.034875 0.010316 -0.063248
0.031335 -0.034152 -0.04895
-0.020937 -0.035746 -0.047281
-0.033332 0.025538 -0.33435
-0.012208 -0.045591 -0.329326
0.024966 -0.041589 -0.015526
0.02576 -0.0108 -0.0669
-0.036411 -0.024299 -0.306468
-0.018852 0.039151 -0.024173
-0.020725 0.00276 -0.069711
0.019132 -0.043351 0.020148
-0.006933 0.040515 0.029098
-0.025339 -0.029413 -0.012883
-0.028267 -0.00318 -0.007778
-0.028691 -0.010751 -0.36276
0.005313 -0.032011 0.012731
-0.024994 0.044232 -0.008673
0.006085 0.034249 -0.022171
-0.0191 -0.006778 -0.069217
-0.0 0.048963 0.001451
-0.014752 0.023192 -0.284231
0.037846 -0.01947 -0.01118
-0.018543 -0.030128 -0.31998
-0.023143 0.018146 0.003302
-0.018078 -0.000725 -0.069213
-0.028643 0.028443 -0.32002
-0.011179 -0.0 -0.011242
-0.017983 -0.023898 -0.060895
-0.0 -0.03118 0.0058
-0.005037 0.031996 -0.012731
0.017566 0.011419 -0.026092
-0.021034 -0.033825 -0.009366
0.029097 -0.041928 -0.00151
0.027599 -0.036536 -0.001455
-0.00714 -0.03152 -0.29998
0.023081 -0.034817 -0.031991
0.029285 0.02845 -0.28589
-0.038992 0.022914 -0.32002
0.027203 -0.0 0.009495
0.028103 0.014739 0.006999
-0.049485 -0.004695 -0.325638
-0.007883 0.051163 -0.11409
0.033054 0.001453 -0.067579
0.0 0.044273 0.026341
0.0041 0.03877 -0.0294
0.013342 -0.04316 -0.313419
-0.018296 0.003551 -0.069215
0.033097 0.01536 0.004247
-0.012536 -0.028545 -0.333245
-0.038921 -0.019508 -0.294157
-0.006609 0.02112 -0.352202
-0.013964 0.012046 -0.000494
-0.008333 -0.050456 -0.03406
0.021998 -0.032614 -0.028053
-0.031106 0.017829 -0.362158
0.031201 0.022591 -0.127785
0.01973 -0.024659 -0.02414
-0.032957 0.012866 -0.272819
-0.063354 0.008272 -0.083547
-0.016508 0.045631 -0.159174
0.017747 0.035522 -0.019006
-0.009599 -0.025303 -0.345216
0.033254 -0.031169 -0.081032
0.021792 0.039921 -0.275511
-0.020942 -0.03387 -0.050741
-0.021081 0.035711 -0.047238
-0.006669 -0.026062 -0.334309
-0.033572 0.032485 -0.346374
-0.014862 -0.050796 -0.046382
-0.018934 -0.006354 0.009224
0.02429 0.0157 -0.0632
-0.025834 0.018133 -0.056752
-0.0112 -0.03187 0.0058
-0.014837 0.001452 0.004183
0.03515 -0.0085 -0.0632
0.03281 0.0307 -0.0078
-0.023735 -0.035224 -0.041574
-0.011835 0.013407 -0.048759
0.02261 0.04214 -0.285017
-0.054817 -0.001798 -0.229597
-0.033588 -0.025299 -0.301951
0.037921 0.012232 -0.053715
0.0054 0.04066 0.0294
-0.021107 0.02955 -0.325426
0.002713 -0.040028 -0.299811
-0.028009 -0.002705 -0.006267
0.020912 0.044499 -0.015396
0.029718 -0.026492 -0.000281
-0.002535 -0.042345 -0.299845
0.031149 0.009044 0.008216
0.029981 0.004173 -0.28999
0.005836 0.012676 -0.304061
0.004236 -0.044444 0.025659
-0.003684 -0.048892 -0.113608
0.005529 -0.044118 -0.272184
-0.017039 0.033713 0.012735
-0.048535 0.002721 -0.303027
-0.003137 0.00427 -0.368676
-0.017395 0.015733 -0.065239
-0.011306 -0.031734 -0.002902
-0.032391 0.026934 -0.315713
0.031739 0.001674 -0.268537
0.018432 0.036944 -0.021277
0.006437 -0.046378 -0.020091
-0.0 0.04342 -0.0277
-0.019521 -0.000731 0.009844
0.035914 0.032361 -0.035916
-0.054112 0.014096 -0.285508
0.016372 -0.04284 0.023181
-0.01184 0.054002 -0.027019
-0.020772 0.02919 -0.003027
0.027428 -0.01241 -0.067591
-0.020387 -0.016826 -0.066192
-0.010907 -0.047954 0.008605
-0.06855 0.009143 -0.117057
0.031573 -0.02813 -0.003055
0.027617 0.033634 -0.282135
0.02965 -0.041021 0.00145
0.025956 -0.035559 -0.002909
0.001951 -0.040096 0.029841
0.034102 -0.008425 -0.065155
0.003234 0.042892 0.028203
0.009927 -0.036955 0.026363
-0.046529 -0.039191 -0.077754
0.037721 -0.007899 -0.101439
0.030375 -0.039547 -0.031952
-0.009874 0.048974 -0.138128
-0.018494 0.03 -0.055544
-0.021157 -0.01623 -0.066191
-0.010857 -0.042693 0.026429
0.012628 0.036828 -0.024958
-0.020836 0.00211 0.00971
0.027977 0.027858 -0.129784
0.0195 -0.03415 -0.0114
-0.029943 0.028011 -0.318918
0.035094 0.036535 -0.053857
-0.025263 -0.013519 -0.267371
-0.028671 -0.006336 -0.375925
-0.032613 0.022135 -0.350625
-0.013859 -0.022656 -0.282307
-0.036047 -0.025305 -0.32629
-0.013289 0.042255 0.025724
-0.05719 0.005697 -0.261116
-0.003901 -0.011695 -0.361874
-0.026864 0.011304 -0.362812
-0.028906 -0.001872 -0.377042
0.035117 -0.004277 -0.181217
-0.044433 -0.014348 -0.340118
-0.014416 -0.031351 -0.018344
-0.009097 -0.022775 -0.352915
-0.057706 -0.010055 -0.082677
0.005256 -0.036974 0.02773
-0.005808 0.035709 -0.025632
-0.03971 0.0507 -0.07902
0.016091 0.046001 0.015343
0.028121 0.00499 -0.069528
-0.013875 -0.003302 -0.261804
0.020399 0.035715 0.016699
-0.021477 0.000726 -0.069496
-0.0222 0.02915 -0.30922
-0.018836 0.019756 0.004358
-0.034754 0.012857 -0.048915
-0.0041 0.03877 0.0294
0.007157 -0.042652 0.027732
-0.02072 -0.0072 0.0092
0.012382 -0.032747 -0.012732
0.021984 0.04069 -0.09025
0.004729 0.035251 0.024929
0.026696 0.000725 -0.069214
-0.0212 -0.04636 -0.0
-0.03483 -0.043406 -0.286942
-0.01061 -0.007513 -0.01843
0.030243 -0.037264 -0.016361
-0.024118 -0.021819 -0.360842
0.026482 0.004944 -0.068747
0.023104 0.034417 -0.035859
0.034418 -0.032242 -0.014617
0.032603 -0.023312 -0.138101
0.014065 0.04 0.026421
-0.031463 -0.001779 -0.375246
-0.011595 -0.021675 -0.031953
0.005614 -0.048441 -0.008621
0.0011 -0.037825 -0.029062
-0.015735 0.0256 -0.291052
0.024994 0.044232 0.008673
-0.016345 -0.032436 0.0
0.0 0.048937 -0.002901
-0.0088 0.0055 -0.3742
-0.048918 -0.007568 -0.31436
-0.028848 0.038065 -0.004386
-0.027375 -0.01945 -0.0488
-0.037505 0.018372 -0.080941
-0.003152 -0.041433 0.029416
-0.011577 0.034705 -0.021255
0.024987 0.028678 -0.253248
0.019216 0.006362 -0.052243
-0.015737 0.026258 -0.346379
0.00858 0.043372 -0.026396
-0.025309 -0.044322 -0.007245
-0.024823 -0.027346 -0.296404
0.030492 0.026804 -0.346383
0.008141 0.039143 0.028696
0.038782 0.006362 -0.052242
-0.011771 -0.037702 -0.026457
-0.002185 -0.024309 -0.31998
0.030368 -0.019766 -0.064373
-0.012751 0.001896 -0.360093
0.021827 0.0 0.001973
-0.01679 0.023595 -0.059585
0.022227 -0.044689 -0.012809
-0.005175 -0.04212 0.028681
0.039835 -0.01059 -0.043447
-0.057305 -0.020659 -0.170674
-0.02692 -0.0277 -0.0378
-0.022155 -0.034324 -0.007236
0.006787 0.033073 0.017784
-0.027399 0.009062 -0.004762
0.0153 0.04189 0.0249
0.006437 0.04668 -0.018943
0.004763 0.033179 -0.01895
0.032156 0.010915 -0.205809
-0.024843 -0.034199 -0.037836
-0.026073 0.001276 -0.378385
0.023695 -0.037012 -0.015327
-0.018363 -0.028585 -0.056944
-0.017861 0.041788 0.023212
-0.017543 -0.017156 -0.270891
-0.04663 -0.021362 -0.085315
-0.032947 0.013646 -0.046568
-0.00203 -0.046321 0.021228
0.004809 0.03641 0.027037
0.031533 0.026763 -0.058354
0.021658 0.006964 -0.060776
0.022921 0.034148 -0.0
0.01169 0.038377 -0.313799
-0.018852 0.039362 -0.034012
-0.034969 -0.014741 -0.362825
-0.037509 -0.045677 -0.281696
-0.055038 0.031501 -0.274639
-0.00271 0.037066 -0.028208
-0.034253 -0.015988 -0.277767
-0.024234 -0.029006 -0.305253
-0.017695 0.044477 -0.019006
-0.015942 -0.023077 -0.001677
-0.035356 -0.024449 -0.303029
-0.01758 0.018143 -0.064269
0.006449 -0.037983 -0.31225
0.035287 -0.011386 0.002033
-0.04916 0.030944 -0.174156
-0.040632 0.016598 -0.347221
-0.018964 -0.033826 -0.050635
-0.023383 0.045074 0.008642
0.018637 0.021755 -0.037781
0.018607 -0.04302 0.012972
-0.001085 0.053426 -0.051037
-0.012755 0.017853 -0.365355
0.020079 0.012232 -0.053715
-0.026771 -0.043371 0.007213
0.020169 -0.033896 -0.008609
-0.015837 0.029394 -0.317819
-0.003689 0.038113 -0.029068
0.003265 -0.037523 0.028639
0.032599 -0.016582 -0.064292
-0.017051 -0.036281 -0.018282
0.0 0.037776 -0.029043
0.032715 0.037524 -0.024077
-0.028182 -0.017125 -0.045322
-0.001077 -0.043842 -0.027059
0.027597 -0.043462 -0.001455
-0.042079 -0.021664 0.0
-0.027626 -0.015778 -0.009487
-0.022262 -0.006188 -0.346366
-0.020945 -0.032814 -0.052396
-0.002648 0.051079 -0.095751
-0.04464 0.047222 -0.07711
-0.013826 -0.020751 -0.361913
-0.018198 -0.013291 -0.066949
-0.049251 0.005631 -0.325636
0.03233 -0.0382 -0.05516
0.009866 0.013483 -0.29713
-0.000708 0.020085 -0.298982
-0.000548 -0.043041 -0.028198
0.002818 -0.010028 -0.361115
-0.011756 0.042243 -0.026945
-0.0005 0.02096 -0.30382
-0.025058 -0.027901 -0.009418
0.035214 -0.0 0.004164
0.005313 -0.031523 -0.008621
-0.008894 -0.018405 -0.362133
-0.043202 0.038458 -0.077001
0.018651 -0.033007 0.00291
0.023735 0.031633 -0.01285
-0.007223 0.036347 -0.026396
0.008151 0.047524 -0.096912
0.023304 0.04158 -0.017953
-0.016935 -0.037228 -0.022128
0.01509 -0.04696 -0.011432
-0.029333 0.027985 -0.312464
-0.03614 -0.0361 -0.28734
-0.01634 -0.034678 -0.043443
0.009374 0.045327 0.02218
-0.063741 -0.008469 -0.155952
-0.035808 -0.023625 -0.339848
-0.012972 -0.04302 0.018607
0.014622 -0.046858 0.012742
-0.0 -0.04306 0.028181
-0.05485 -0.0018 -0.22486
0.035882 0.005442 -0.346379
-0.012872 -0.028509 -0.334192
0.028086 -0.015308 -0.313703
-0.028236 0.010116 -0.373742
0.009949 -0.042398 -0.027113
0.008464 0.048565 -0.002906
-0.022015 0.023897 -0.060895
-0.009847 -0.01444 -0.368713
-0.018947 -0.038403 -0.020119
-0.007655 0.015372 -0.364525
-0.023507 -0.033303 -0.047054
0.019695 0.024841 -0.026088
-0.035532 -0.038425 -0.287405
0.002656 0.048276 0.011416
0.019892 -0.039467 0.02234
-0.015987 0.051911 -0.118172
-0.06119 -0.004529 -0.173533
0.022465 0.034269 -0.005827
0.018945 -0.021575 -0.02609
-0.007715 0.041186 -0.028701
0.03672 0.0056 -0.11323
-0.013199 -0.026919 -0.041558
-0.023027 -0.007866 -0.377582
0.025504 0.036321 -0.018277
-0.046031 -0.029893 -0.080591
-0.043362 -0.001761 -0.357544
0.036741 -0.00754 -0.059511
-0.010091 0.040454 -0.024927
-0.021466 0.038548 -0.020255
0.005754 -0.038695 0.029098
0.026762 0.033233 -0.050712
-0.016154 0.036429 -0.024143
-0.01502 0.0199 -0.0582
-0.01033 -0.047526 -0.012707
0.040264 0.011263 -0.022189
-0.032714 0.025588 -0.303784
-0.028991 -0.003531 -0.047046
-0.021874 -0.017358 0.005166
0.02031 0.040744 -0.313679
-0.017655 0.021949 0.002015
-0.007031 0.039653 -0.02909
0.022391 0.028206 -0.193973
-0.017436 -0.032554 -0.009315
-0.010262 -0.012853 -0.362132
-0.021081 -0.028563 -0.33961
-0.023304 0.03842 -0.017953
0.0095 -0.0469 -0.0166
0.003081 0.040948 -0.02962
0.013373 -0.044061 0.023089
-0.016011 -0.047518 -0.133691
-0.019449 0.029396 -0.328527
-0.033644 0.049213 -0.060001
0.022105 0.034381 -0.132103
0.033511 0.03574 -0.039695
0.000512 -0.014526 -0.287175
-0.05316 0.022867 -0.247829
0.022397 -0.030717 -0.016489
-0.022036 -0.036553 -0.043667
0.034641 0.026117 -0.006145
-0.011773 -0.031892 -0.047424
0.034974 0.023625 -0.055342
0.00258 -0.019467 -0.31185
0.014319 -0.045473 0.018962
0.026886 -0.006848 0.00873
0.001602 0.020681 -0.014143
0.029726 -0.005834 -0.28969
0.026594 -0.032631 -0.291282
-0.020026 0.041904 -0.021317
-0.031149 -0.04226 -0.290017
-0.037358 0.012798 -0.27902
0.009728 -0.041046 -0.259149
-0.039078 -0.004696 -0.274505
0.00406 -0.040515 -0.029634
0.022195 -0.003238 -0.298021
-0.045711 -0.034736 -0.075577
-0.053078 0.016154 -0.286464
-0.028958 0.014779 -0.020322
0.013684 -0.047897 0.004363
0.028606 0.041924 0.005887
-0.027625 -0.014741 -0.269879
0.013964 0.034825 -0.020109
-0.016997 -0.040987 -0.29985
0.003984 0.04302 -0.022332
0.03 -0.04 0.0
0.013221 0.044913 0.021239
0.028432 0.040933 0.008759
0.022713 -0.011386 -0.062033
0.035845 0.02262 -0.053723
0.032607 0.014525 -0.065227
-0.0102 0.034083 -0.020101
-0.021685 0.015743 0.006065
-0.01572 -0.002132 0.006041
0.030929 0.007279 0.008756
-0.014977 0.034985 -0.330031
-0.015154 -0.034199 -0.022164
0.007 0.045346 -0.346168
0.029945 -0.021634 -0.28262
0.01033 -0.047524 -0.012707
-0.034281 -0.039932 -0.24754
0.012665 0.037438 -0.025738
0.032295 -0.00437 0.008165
-0.04208 -0.037879 -0.287021
0.011223 -0.040334 -0.027756
-0.010857 0.037307 0.026429
-0.019446 0.029557 -0.325627
0.027939 0.020963 -0.241344
0.026609 0.005594 -0.068745
-0.016847 -0.018146 0.003302
0.0081 -0.04243 -0.0277
0.0195 0.04585 -0.0114
-0.007393 -0.041342 0.028718
0.024366 -0.028152 -0.053854
0.021931 -0.045912 -0.035587
-0.012418 0.015878 -0.364209
0.037371 0.027466 -0.059143
-0.0022 0.04162 0.0294
0.019177 -0.017136 -0.01467
-0.008034 -0.038976 -0.028672
-0.019814 0.007655 0.009224
0.035373 0.010902 0.00203
-4e-05 -0.04809 -0.297836
-0.025792 0.026915 -0.342361
-0.006574 0.04694 -0.147454
-0.024754 0.029161 -0.326321
-0.022157 0.02755 -0.298001
-0.02894 0.001676 -0.362786
-0.031161 -0.042343 -0.065098
-0.054377 -0.012866 -0.21065
-0.027436 -0.040936 -0.011524
0.034774 0.034233 -0.022156
0.024635 -0.009002 0.006087
0.039545 -0.003184 -0.048786
-0.012348 -0.051508 -0.096641
0.009022 -0.045393 0.02218
-0.017555 -0.001461 0.00873
0.020168 -0.033898 0.008608
-0.021216 -0.005928 -0.069219
0.01703 0.0371 -0.14472
-0.022944 0.001459 0.008172
-0.01023 0.045097 -0.294894
0.024404 -0.036436 -0.035857
-0.011745 0.028486 -0.315714
-0.005614 -0.031221 0.002907
-0.003785 0.037153 -0.028186
-0.003408 -0.039192 -0.029632
0.001076 -0.03661 0.027723
-0.024182 -0.04407 -0.011464
0.002154 0.036201 0.027071
0.006425 0.013817 -0.32001
-0.044898 -0.031289 -0.225595
0.039603 -0.018376 -0.033908
-0.016593 0.037275 0.023187
-0.055142 -0.015922 -0.278507
-0.0256 -0.04318 -0.0114
0.032367 0.034217 -0.012832
-0.043505 0.048963 -0.094525
-0.026098 -0.01904 -0.004743
0.013255 -0.043915 -0.321135
0.010122 -0.041001 -0.336011
-0.024733 -0.032664 -0.01653
-0.0112 0.03187 -0.0058
-0.023142 -0.018146 0.003301
0.002392 0.043696 -0.346244
-0.007335 -0.025289 -0.340703
-0.020251 -0.043362 0.019026
-0.030151 0.020923 -0.360149
0.0012 0.02095 -0.32002
-0.047763 -0.003997 -0.061659
-0.039544 -0.022663 -0.327205
0.032532 0.009559 -0.066942
-0.024263 -0.029893 -0.31888
-0.047535 0.011306 -0.314681
0.013297 -0.044917 0.021241
0.022582 0.045809 -0.004376
0.029 0.030843 -0.055319
-0.024042 0.023076 -0.001678
0.032376 0.035069 -0.014568
0.024619 -0.039182 -0.016747
-0.027463 0.043462 -0.002907
-0.024823 0.026836 -0.343596
-0.008 0.027181 -0.29592
0.025688 0.021802 -0.033474
0.040961 -0.0 0.020202
0.00553 0.026882 -0.295921
-0.0106 0.052969 -0.086993
-0.01767 0.027962 -0.003105
0.004164 0.05223 -0.058919
-0.040646 -0.021663 0.010885
0.006093 -0.042715 -0.339493
0.010921 -0.042339 -0.29985
0.03413 0.0362 -0.06444
-0.01617 0.0 0.0069
-0.043021 0.011415 -0.289749
-0.009831 0.044438 -0.024051
-0.004487 0.047385 -0.141983
-0.017145 -0.038835 0.024163
0.031954 -0.000725 -0.068733
-0.014145 0.004834 -0.062008
0.015303 0.037317 0.024082
0.014628 0.042995 0.024107
0.000522 -0.040072 -0.205622
-0.037054 0.00124 -0.369346
-0.026771 0.036629 0.007213
-0.016339 0.040508 -0.025005
0.004431 -0.014347 -0.340117
0.023056 -0.034619 -0.026091
-0.019235 -0.025867 -0.313661
-0.016866 0.004236 -0.378822
-0.002383 0.046933 -0.018941
-0.014619 -0.030232 -0.04539
0.020256 -0.005412 -0.003236
0.007413 -0.04739 -0.01533
-0.022222 0.038133 -0.037917
-0.052264 -0.038236 -0.099028
0.002384 0.040498 0.029788
0.014691 -0.040047 -0.360114
-0.013825 0.020243 -0.278085
-0.007689 0.0324 0.014029
0.027597 0.036538 -0.001455
0.01218 -0.04192 -0.35997
-0.0161 -0.028125 -0.006172
0.00775 -0.047254 -0.308006
0.006676 0.043744 0.026388
-0.011206 -0.044142 0.024043
-0.011959 0.028435 -0.326527
-0.021103 -0.045373 0.011451
0.003329 0.039737 -0.1782
-0.043513 0.036354 -0.168335
-0.014814 -0.028986 -0.306459
-0.039127 0.000484 -0.054588
-0.004762 0.032909 0.017794
-0.03855 0.031821 -0.219664
0.028393 -0.026918 -0.288824
0.040653 -0.007517 -0.035863
-0.010155 0.003833 -0.035856
0.009559 -0.046541 -0.346294
-0.043044 -0.028979 -0.286572
0.006084 -0.046403 0.02009
0.00398 -0.009096 -0.289073
0.033883 0.019451 -0.060858
0.025399 -0.036779 -0.020251
0.026414 -0.043345 0.00862
0.031387 -0.036597 -0.016333
-0.013526 0.03013 -0.035888
0.006787 -0.033072 -0.017784
0.03301 0.015689 -0.154059
0.0335 -0.0362 -0.0222
-0.010036 0.040001 0.028236
0.019772 0.003184 -0.004747
-0.023635 0.004352 -0.066926
0.029081 -0.04 -0.00723
-0.002808 0.031101 -0.002905
-0.049405 -0.000245 -0.308542
-0.041792 0.017406 -0.346368
-0.016043 0.047405 0.005818
-0.040978 -0.01323 -0.353757
0.024089 -0.034895 0.005842
-0.023177 -0.025326 -0.288015
-0.00055 -0.041716 0.02941
0.023538 -0.021513 -0.001706
-0.008738 -0.037824 -0.027741
-0.0218 0.0029 0.0092
-0.029116 -0.032713 -0.038044
0.02993 -0.016541 0.006218
-0.010554 0.033799 -0.018951
-0.012802 0.02313 -0.045323
-0.018147 -0.011172 0.007639
-0.057241 0.025173 -0.279748
-0.020251 -0.045983 -0.042461
-0.004238 -0.04406 0.026371
-0.018495 0.033034 -0.004358
-0.019078 0.030406 -0.004541
-0.0306 -0.0117 -0.37119
0.026303 0.039923 -0.078612
0.037745 0.005412 -0.003236
0.007546 0.002677 -0.297369
0.0117 -0.04351 -0.0249
0.0208 0.04624 -0.0058
0.027 -0.00324 -0.3
0.002057 -0.040643 -0.029774
0.004678 0.016526 -0.315239
-0.01147 -0.0141 -0.0453
0.013373 0.035939 0.023089
0.027911 -0.03167 -0.006034
-0.037781 0.021755 -0.018637
-0.03505 0.00707 -0.36001
0.027406 0.016082 -0.066155
0.030507 -0.016287 -0.282667
-0.016776 0.021868 0.000851
-0.02145 0.0141 -0.0669
-0.015048 -0.034371 -0.035854
0.021187 -0.030395 -0.031956
-0.006502 -0.038908 -0.331686
0.013319 0.044582 -0.282075
-0.029767 0.007663 -0.026093
0.01509 0.046958 -0.011432
0.010752 -0.032943 -0.36372
-0.023178 0.037835 -0.028034
0.001951 -0.040096 -0.029841
-0.008113 0.031886 0.010019
0.038584 0.014465 -0.053653
-0.00605 0.050927 -0.111994
-0.01656 -0.0 0.007537
0.028384 -0.0 0.009851
0.035828 -0.026647 -0.329977
-0.006725 0.040853 -0.02907
-0.019445 0.028043 -0.300194
0.026773 -0.024031 -0.060969
0.022404 0.021728 -0.004768
-0.0113 0.014329 -0.016572
-0.026414 -0.025465 -0.012965
0.026309 0.030698 -0.125489
-0.022869 0.008774 -0.376824
-0.007133 -0.032845 -0.016624
-0.023958 0.037981 -0.243075
0.02231 -0.031934 -0.313585
0.022034 -0.031506 -0.187352
-0.028606 0.038076 0.005887
0.031279 -0.005576 -0.243822
-0.035027 0.021755 0.023404
-0.015686 -0.013915 -0.063242
-0.0246 0.045223 -1e-06
-0.005223 0.025578 -0.313706
-0.012382 0.032747 -0.012732
-0.023164 0.005088 0.007543
-0.043746 -0.015629 -0.33956
0.027436 -0.040936 0.011524
-0.0054 -0.03934 0.0294
-0.030401 -0.025304 -0.345215
0.034625 -0.002905 -0.06516
0.026467 -0.008181 -0.068182
0.037143 0.030617 -0.052563
-0.010818 -0.043293 0.025642
-0.008529 0.036169 0.025689
-0.055202 0.010758 -0.241308
0.011433 0.040129 0.027607
0.019355 -0.043225 -0.020169
0.032913 0.02792 -0.330022
-0.056803 -0.027823 -0.085601
-0.033585 -0.026037 -0.333504
-0.004733 -0.045155 -0.024025
-0.028032 -0.014461 -0.069248
0.029331 0.040096 0.005835
0.001164 -0.003143 -0.277912
-0.01254 -0.0483 -0.31937
-0.038841 -0.035482 -0.225467
-0.005204 -0.019463 -0.285023
-0.019999 -0.032066 -0.053793
-0.00489 0.038487 -0.210785
-0.000691 0.033472 -0.360175
-0.028207 0.03357 -0.06887
-0.016324 -0.012035 0.00515
-0.01509 -0.04696 0.011432
-0.01275 -0.023425 -0.285125
0.035059 0.004263 -0.06422
0.011223 0.039666 -0.027756
-0.0217 0.022594 0.00218
0.024886 0.010252 -0.066082
0.019851 0.005413 -0.055267
0.022258 -0.036141 -0.015376
0.003295 -0.00322 -0.282651
-0.018887 0.014426 -0.066969
-0.025783 -0.035597 0.004359
-0.002058 0.010081 -0.276842
0.04325 -0.0 -0.014679
0.0056 0.01113 -0.34121
0.009635 0.036252 -0.29987
0.02176 -0.0306 -0.215
-0.04767 0.026651 -0.288192
-0.010669 -0.040871 -0.234516
-0.044978 -0.037226 -0.285774
0.019724 -0.033128 -0.23939
-0.004759 0.047335 -0.016632
0.015701 -0.043166 -0.023206
0.039807 0.003184 -0.012942
-0.046222 -0.014492 -0.314657
-0.02057 -0.005413 -0.069516
0.007056 -0.010411 -0.304034
-0.022025 0.043015 0.005898
0.026437 -0.038697 -0.026133
-0.007688 -0.032194 0.012724
0.023597 0.018809 -0.360091
-0.008119 -0.035248 0.024033
-0.005775 -0.038701 0.029081
-0.008 0.016763 -0.295553
0.021356 0.029945 -0.022163
0.024279 0.045178 0.0044
-0.019416 -0.021855 0.003335
0.012107 -0.013153 -0.362783
-0.011711 0.042466 -0.267323
0.009022 0.034607 0.02218
0.008124 -0.036087 -0.025684
-0.00055 -0.038284 0.02941
-0.051932 -0.032625 -0.077445
0.006756 -0.044951 -0.023994
0.025425 0.0 -0.068157
0.026581 -0.025416 -0.059675
-0.00579 0.0456 -0.28701
-0.010222 -0.041374 -0.20683
-0.020555 -0.028529 -0.300154
0.016389 0.037924 0.024029
0.018434 0.033125 0.005813
-0.046152 0.047132 -0.083122
0.018073 0.033892 -0.166055
-0.004093 -0.042521 -0.173495
-0.010427 0.011484 -0.03
-0.023216 0.021867 -0.060851
0.020503 -0.043926 -0.0776
-0.022332 -0.04302 -0.003984
-0.017318 -0.0436 -0.021299
0.01801 -0.011044 -0.041573
0.00999 -0.041606 0.027745
0.003 -0.01687 -0.33899
-0.025688 -0.04 0.015349
-0.008563 0.032848 -0.01892
-0.016033 -0.021705 -0.059592
-0.039313 0.001184 -0.365896
-0.017039 -0.033713 -0.012735
-0.03194 0.050106 -0.053344
-0.043371 -0.029826 -0.286581
-0.0271 0.03664 -0.0058
0.007495 0.041665 -0.0
0.035997 0.018145 -0.003229
0.01377 0.0342 -0.24243
0.033304 0.01579 -0.145227
-0.020792 0.016537 0.006214
-0.028848 -0.038065 0.004386
-0.007125 -0.036811 -0.027088
-0.019355 0.036775 0.020169
0.011355 0.031699 0.001451
-0.0136 0.0438 -0.27522
0.002807 0.031219 -0.005808
0.002808 -0.048899 0.002905
0.015784 -0.041156 -0.346347
-0.026705 0.002129 -0.059493
-0.007043 0.038086 -0.230834
-0.022045 -0.014935 -0.066117
-0.021091 -0.035566 -0.015421
0.013328 0.033269 -0.229721
-0.017872 0.01247 -0.066965
-0.020001 0.029548 -0.056784
0.008692 -0.041217 -0.337937
-0.022174 0.026313 -0.347296
-0.02747 -0.038202 -0.010181
0.00213 -0.03885 -0.029624
-0.005217 -0.042593 -0.02822
-0.018473 -0.017702 -0.06524
-0.004729 0.035251 -0.024929
0.020052 0.023965 -0.018415
-0.023773 -0.024203 -0.362984
-0.053718 0.000848 -0.285682
-0.016301 0.028851 -0.332185
-0.012582 -0.032796 -0.01273
-0.026518 -0.03047 -0.03
0.00203 0.046324 -0.021229
0.011182 -0.010028 -0.361115
-0.012839 -0.027451 -0.299436
-0.01033 -0.032473 0.012707
0.012304 -0.0429 -0.33521
-0.030151 0.013927 -0.271289
-0.019607 -0.011309 -0.068248
-0.022045 -0.035859 -0.0455
0.037903 -0.003591 -0.098926
0.009156 0.046681 0.017761
-0.017145 0.041165 0.024163
0.02058 -0.002706 -0.001763
-0.016157 -0.032444 0.002908
0.000551 0.038691 0.029621
0.024527 -0.025596 -0.003167
0.005704 -0.040167 0.029417
0.038806 -0.021019 -0.039707
-0.018114 -0.001451 0.009216
0.011306 0.048266 0.002902
-0.015903 0.04733 -0.007228
0.036934 -0.004835 -0.059525
-0.027135 0.028853 -0.31892
0.005711 -0.048824 0.0
-0.00727 -0.02665 -0.01741
0.005504 0.039502 0.029418
0.02821 0.045687 -0.037267
0.013116 -0.005807 -0.362792
0.028121 -0.037304 0.004422
-0.0061 -0.041154 -0.029076
0.023485 -0.02637 -0.053881
0.020538 -0.04302 0.009629
0.023736 0.043953 0.012793
0.03687 -0.015141 -0.102526
-0.0169 -0.001908 -0.379325
0.001911 -0.01044 -0.284963
-0.009018 -0.044139 -0.024953
-0.023245 0.026934 -0.344272
-0.00683 0.03931 -0.029094
0.031335 0.034152 -0.01105
0.037229 0.005296 -0.099863
-0.012594 0.009062 -0.055238
0.01661 0.040096 0.024865
0.02791 0.032832 -0.007604
-0.027578 -0.019797 -0.047068
-0.01033 0.032476 0.012707
0.011749 -0.038886 -0.170343
0.015117 0.034734 -0.177048
0.030328 0.014428 -0.066972
-0.007136 0.03259 -0.015328
-0.01899 -0.04 0.023162
-0.020554 -0.030135 -0.317277
-0.014622 -0.033142 0.012742
0.01814 -0.015 -0.0222
-0.054238 -0.00935 -0.233114
-0.008119 -0.044751 -0.024033
0.029 -0.0392 -0.0222
-0.004271 -0.020424 -0.351172
-0.022169 -0.0372 -0.017788
-0.014927 -0.042418 -0.304623
0.006374 0.035823 -0.223649
-0.034324 0.004291 -0.268245
0.004285 0.016572 -0.329544
-0.022428 -0.011639 0.006946
-0.007308 0.040406 -0.189521
-0.012228 -0.025007 -0.03
0.020046 0.013385 -0.361915
0.031812 -0.002914 0.008737
-0.013484 0.032263 0.007216
0.003898 0.040128 -0.029626
0.007 0.016763 -0.295443
-0.007349 0.041176 -0.259942
-0.006082 -0.046068 0.021229
-0.00608 -0.041161 0.0291
-0.042706 0.034193 -0.179576
-0.004238 0.03594 0.026371
-0.013309 -0.002704 -0.000509
0.02 -0.00329 -0.36
-0.049411 -0.014015 -0.286294
0.029331 -0.03573 -0.346259
0.020186 -0.03486 0.014085
-0.023409 -0.000722 0.007557
-0.01612 -0.043014 -0.01612
0.029382 0.041 -0.004347
0.001846 0.052686 -0.057768
0.004062 -0.043044 -0.339833
0.034116 0.002134 -0.066061
0.035 -0.0199 -0.0018
0.03986 0.015 -0.0222
-0.012098 0.005112 -0.361888
-0.018887 -0.014426 0.006969
-0.031809 0.026297 -0.305587
0.026013 0.023375 0.000797
-0.029066 0.024801 -0.34707
-0.0208 -0.04624 -0.0058
0.002057 0.039357 -0.029774
0.040917 0.003834 -0.031952
-0.027364 -0.015422 -0.007769
-0.019834 -0.001092 -0.025352
-0.004218 0.0377 -0.028661
-0.025091 0.028981 -0.011107
-0.032662 -0.014706 -0.365858
-0.031227 -0.025356 -0.299879
-0.013018 0.018134 -0.052246
0.027928 -0.006778 -0.069219
0.020025 0.018865 -0.048816
-0.010631 -0.003758 -0.016559
-0.035316 -0.023608 -0.298705
-0.012669 0.046343 -0.041176
-0.017247 0.038116 -0.219004
-0.024788 -0.007833 0.004159
0.005122 -0.041475 -0.257305
-0.013484 0.047737 -0.007216
-0.007838 0.042758 -0.330038
0.010114 0.044641 -0.297955
-0.033799 0.023966 -0.298368
0.032697 -0.009112 -0.208146
-0.010556 0.028017 -0.313564
-0.030401 0.024793 -0.294785
-0.027019 -0.002704 -0.001773
-0.020538 0.04302 0.009629
0.0271 -0.03664 -0.0058
0.030537 0.002832 0.009508
-0.031602 -0.038367 -0.224838
-0.042656 0.044053 -0.063261
-0.016254 -0.047574 -0.001454
-0.028102 -0.028552 -0.308612
-0.020551 -0.02991 -0.328487
-0.051815 0.02 -0.287415
0.034688 -0.001453 -0.065141
-0.01868 0.0449 -0.29769
-0.013475 -0.030259 -0.026065
0.002986 0.0 0.045576
0.03073 0.013771 -0.286345
0.013528 -0.020117 -0.297254
-0.043308 -0.001732 -0.282376
0.01868 0.044121 -0.019011
-0.016912 0.00574 0.00756
-0.014518 0.047207 -0.035129
-0.0054 0.04066 0.0294
-0.012722 0.041021 -0.259537
-0.004062 0.045579 -0.023115
-0.002711 -0.039648 0.029793
0.030594 0.016082 0.006155
-0.064403 0.000302 -0.157509
-0.009487 -0.038702 -0.028481
-0.005614 -0.048779 -0.002907
0.035882 -0.011994 -0.346362
-0.027242 0.037375 0.008728
-0.032484 -0.040855 -0.176896
-0.001029 -0.040325 -0.029868
0.007498 0.045351 -0.290415
0.03138 0.0031 -0.24423
-0.013556 -0.037871 -0.025717
0.038822 0.017136 -0.01467
-0.000222 -0.015859 -0.352229
-0.016997 -0.0 -0.068142
-0.026972 -0.018134 -0.052246
-0.01855 -0.0141 -0.0669
-0.002807 -0.048685 0.007212
-0.004236 -0.035556 0.025659
-0.005578 -0.023591 -0.343945
-0.000693 -0.001768 -0.274225
-0.011223 -0.040334 -0.027753
-0.022456 -0.017151 -0.270896
-0.026131 0.021147 -0.359986
0.024994 -0.044232 -0.008673
0.02083 0.027908 -0.313673
-0.017542 -0.018407 -0.272683
0.020758 0.022163 -0.011193
-0.019412 0.016697 0.006154
0.008808 0.046433 -0.018916
-0.05036 -0.033535 -0.161293
-0.004489 -0.018758 -0.01356
-0.054675 0.023471 -0.082717
-0.047547 0.002677 -0.297368
0.026243 -0.020533 -0.29519
0.040293 0.007067 -0.018422
-0.017958 -0.036555 -0.016333
-0.0464 -0.023404 -0.286206
-0.044676 -0.031605 -0.229654
-0.029853 -0.028527 -0.317828
0.020538 0.04302 -0.009629
0.037688 0.01851 -0.009456
-0.012037 0.035592 0.023124
-0.024263 0.026299 -0.293661
-0.036747 -0.014612 -0.279552
-0.004164 -0.038211 0.029066
0.005711 0.031176 0.0
0.018926 0.021696 -0.031955
-0.053814 0.016383 -0.207217
-0.042484 -0.040255 -0.257842
0.015701 0.036834 -0.023206
0.031637 -0.009464 -0.222702
0.017065 -0.038568 -0.259051
0.000811 0.028861 -0.019772
0.002808 0.031073 0.001454
-0.034234 -0.038215 -0.238576
-0.014372 0.001375 -0.298455
0.031276 -0.023327 -0.161608
0.013231 0.038664 0.02645
0.019849 -0.015789 -0.009473
-0.028151 -0.028972 -0.314573
-0.015798 0.042516 -0.028262
-0.023024 -0.016572 0.004269
-0.017879 0.038644 -0.034064
0.0195 -0.03757 -0.0212
-0.019718 -0.040096 0.022478
-0.005775 0.041299 0.029081
-0.005713 0.031181 0.001454
-0.015244 -0.001452 -0.06512
-0.049774 -0.00171 -0.314263
0.027454 -0.028061 -0.291267
-0.012062 -0.013055 -0.009518
-0.001929 0.04302 0.022602
0.012635 -0.04133 -0.3313
0.040152 -0.011043 -0.039691
-0.019613 -0.016826 0.006192
0.02892 0.021461 -0.180303
-0.015203 -0.007833 -0.064159
0.024544 -0.035667 -0.269024
-0.02705 0.0282 -0.03
-0.009477 0.043644 -0.168667
-0.011703 -0.046698 -0.280125
-0.026342 -0.050327 -0.103226
0.015903 -0.03267 0.007228
-0.005504 0.039502 -0.029418
-0.011127 0.007062 -0.047054
-0.022973 0.000722 -0.068161
0.029629 -0.04 -0.004361
0.027938 0.038228 -0.008793
0.001774 0.044884 -0.279575
-0.017318 0.0364 -0.021299
-0.024265 0.025555 -0.348989
-0.009949 -0.040181 0.028279
0.0022 -0.03838 -0.0294
-0.017949 0.03586 -0.045501
0.006918 0.012655 -0.324791
0.004251 0.046777 -0.125155
-0.029789 0.036545 -0.346367
-0.017 0.036233 -0.018384
-0.020883 0.042709 -0.31372
-0.01612 -0.036775 -0.031954
0.027409 -0.043636 -0.329965
0.028447 -0.042739 0.001439
-0.020914 -0.033686 0.004352
-0.039676 -0.042242 -0.265478
-0.010579 0.037882 0.027129
-0.028512 0.017584 -0.04157
-0.009368 -0.041901 0.027757
-0.002656 -0.048279 -0.011416
-0.005588 -0.00326 -0.267882
0.027901 0.035766 -0.012718
-0.0176 -0.03472 -0.0166
0.001582 -0.043814 -0.027064
0.012253 0.039157 0.027153
-0.019797 0.011472 -0.068288
-0.004762 0.047816 0.014036
-0.004787 0.053583 -0.055211
-0.01661 0.040096 -0.024865
-0.021091 0.044434 -0.015421
-0.026141 0.022211 -0.282347
-0.055227 0.004487 -0.2378
-0.027251 -0.023427 -0.285124
0.001029 -0.004662 -0.361868
-0.016783 -0.029379 -0.332747
-0.049454 -0.038308 -0.085188
0.015828 0.022543 -0.362595
-0.0376 -0.01683 -0.28479
-0.002735 -0.04207 0.029048
-0.024426 -0.037725 -0.015468
-0.035097 -0.013382 -0.275449
0.006489 -0.0118 -0.304047
-0.0271 -0.03664 0.0058
0.022673 0.044796 0.011481
-0.005117 -0.038419 0.029056
-0.020202 -0.001809 -0.069864
-0.013902 -0.024165 -0.050486
-0.023872 -0.036775 -0.028046
-0.015 -0.04447 -0.0212
-0.03747 -0.040765 -0.287585
-0.017575 0.042108 -0.266884
-0.015769 -0.028987 -0.305207
0.027911 0.032829 -0.052393
-0.025703 -0.029664 -0.31888
-0.047824 0.00708 -0.303432
0.002813 0.040177 -0.029812
-0.002775 -0.027507 -0.362369
-0.016337 -0.040508 -0.025002
-0.005256 -0.036974 -0.02773
0.018823 -0.017776 -0.041582
0.019145 0.043868 -0.29302
0.020406 0.01176 -0.05522
0.022385 0.002129 0.003239
-0.011526 -0.03471 -0.021252
-0.026222 -0.028031 -0.301263
0.036527 -0.024829 -0.011229
0.03825 0.009066 -0.006254
-0.05538 0.037415 -0.081098
-0.00468 -0.041122 -0.19976
-0.002974 -0.000297 -0.369448
-0.019235 0.019359 -0.313696
-0.014145 -0.004834 0.002008
-0.021114 0.046374 0.001452
-0.016583 0.000722 0.007557
0.02374 0.037361 -0.346277
-0.002841 0.036187 -0.024573
-0.012916 -0.0339 0.017811
-0.033142 0.0191 -0.2827
0.032503 0.001446 0.00819
-0.025712 -0.028575 -0.336104
0.034161 -0.01392 -0.063254
-0.002736 0.042069 0.029047
0.018491 0.042349 0.022178
-0.013372 0.04119 -0.026489
0.002676 -0.038471 -0.029412
0.018468 -0.018296 -0.024134
-0.003748 -0.041665 0.00649
0.024022 0.048573 -0.043245
0.000814 0.045612 -0.289974
-0.006761 -0.038372 -0.028699
-0.018636 0.01785 -0.065302
-0.023356 -0.007056 -0.066931
-0.012895 -0.005831 -0.299931
0.030671 -0.031828 -0.098304
0.005066 -0.003249 -0.287537
-0.003212 0.041981 0.029063
0.025385 0.039087 0.015437
-0.024412 -0.007162 -0.065099
0.028321 -0.005414 -0.069521
-0.017131 0.008866 -0.263186
-0.042772 -0.039995 -0.063301
0.027931 0.040982 -0.010073
-0.020389 -0.013187 0.007663
0.034027 -0.019093 -0.060828
0.035225 0.016953 -0.098683
-0.008559 0.048611 0.0
-0.01387 0.00696 0.000756
0.001939 -0.041665 0.00724
-0.025664 -0.040002 -0.233956
-0.00406 0.046855 0.018951
-0.01865 0.039327 -0.023263
0.00316 -0.04452 -0.025669
-0.0456 -0.01164 -0.29879
0.030798 0.011995 -0.067633
0.016304 -0.032446 0.001457
-0.005738 0.006272 -0.36215
-0.02 -0.035215 -0.048838
0.0236 -0.0389 -0.27795
0.011181 0.044141 0.024042
0.025007 -0.031614 -0.009487
-0.013628 0.0 0.000722
-0.034127 -0.038716 -0.195033
-0.018523 0.000726 -0.069495
-0.066048 -0.008285 -0.140232
0.02409 0.034893 0.005843
-0.03181 -0.04114 -0.289166
0.022882 -0.039307 0.019133
0.027689 0.037228 -0.043528
0.029 -0.0369 -0.0147
-0.029848 -0.015625 -0.272602
-0.018187 0.033263 -0.050767
0.017005 -0.007822 -0.362002
-0.027779 -0.021755 0.031669
-0.024877 -0.017249 -0.271772
0.009499 -0.04704 -0.305015
-0.015637 0.030768 -0.048869
0.036527 0.004259 0.000787
-0.012229 -0.028536 -0.307662
0.010478 -0.0428 -0.269188
0.0195 -0.04243 0.0212
0.01336 -0.044406 -0.305702
-0.050757 0.029221 -0.08222
0.035853 -0.006965 0.002018
0.02876 -0.01334 -0.067678
-0.027707 -0.009062 -0.006268
0.019159 0.050908 -0.032822
-0.013297 0.035083 -0.021241
0.028608 -0.038075 -0.005888
-0.015252 -0.025275 -0.288683
0.017722 0.019316 -0.297779
0.020079 -0.012232 -0.053715
-0.014057 0.008801 -0.375658
0.04047 -0.011491 -0.028044
-0.025847 0.032703 -0.03
-0.026464 0.020826 -0.052232
-0.049433 0.038052 -0.287415
0.005117 0.038419 0.029056
-0.011888 0.009493 -0.360081
0.010858 0.046144 0.018954
-0.028481 -0.017761 -0.041573
-0.01095 0.015 -0.0222
0.017268 -0.036397 0.021301
0.036002 -0.032614 -0.031947
-0.02791 0.037297 0.005855
0.032601 -0.036779 -0.039749
0.039528 -0.015477 -0.060287
-0.020382 0.01503 0.006977
-0.06476 -0.008751 -0.094754
0.035596 0.021728 -0.055232
0.011355 -0.048301 -0.001451
0.020489 -0.033814 0.007206
0.018973 0.013757 -0.047034
-0.018436 0.033121 0.005814
0.037791 0.024377 -0.060513
-0.023409 0.013279 -0.065121
0.016744 -0.047346 -0.064421
-0.008033 0.043489 -0.026404
0.01294 0.001724 -0.297224
-0.0106 -0.04129 0.0277
-0.00999 -0.041605 0.027744
-0.016026 0.039002 0.025029
0.01796 0.0404 -0.11145
0.025682 -0.042532 0.012809
0.00511 0.015321 -0.329555
-0.022171 0.037198 -0.017789
-0.023989 0.006484 0.006013
-0.032673 0.037503 -0.042762
-0.024533 0.017826 -0.06074
-0.017318 -0.005022 -0.068169
-0.005714 -0.048791 0.002907
-0.024361 -0.020469 -0.059558
-0.025718 0.041578 -0.014249
0.024421 -0.034282 -0.295815
0.026245 -0.003639 0.008719
-0.026009 0.035573 0.002937
0.02721 0.010442 -0.297434
-0.001243 -0.025221 -0.01778
0.020849 0.026926 -0.018439
0.0271 0.03664 0.0058
0.008251 0.040694 0.028727
-0.024892 0.018052 -0.273615
-0.042307 -0.037983 -0.249008
-0.011653 -0.041593 -0.300164
0.020372 -0.023143 -0.045332
-0.021103 -0.047743 -0.288913
0.03791 -0.026212 -0.06726
-0.008906 -0.0 0.044797
-0.024832 -0.022098 -0.297038
0.0299 0.029203 -0.056978
0.004849 -0.012813 -0.361929
-0.004427 0.038907 0.029414
0.04007 0.0 -0.0453
0.018973 0.013757 -0.012966
-0.020882 0.042682 -0.346354
-0.018292 0.022595 -0.06218
-0.057218 0.01603 -0.280625
-0.008808 -0.033567 0.018916
0.015887 -0.039615 -0.299719
0.016058 0.037577 -0.259272
0.029237 0.001809 -0.069867
0.029785 -0.04 -0.002912
0.00409 0.0366 -0.21744
-0.015228 0.024052 -0.286357
-0.019999 -0.017086 -0.066094
0.00473 0.04475 0.02493
0.007686 -0.038123 -0.225802
0.019179 -0.034771 -0.299853
-0.017055 -0.001444 -0.068172
-0.005313 -0.047786 0.014036
-0.035457 0.017836 -0.283703
0.036841 -0.014016 -0.003233
-0.020524 -0.0 -0.069846
-0.041944 0.049354 -0.100142
0.030072 -0.006778 -0.069218
-0.007646 -0.049723 -0.323
-0.019997 0.009713 0.008755
0.023935 -0.024299 -0.056884
0.013297 0.035082 -0.021241
-0.021065 0.004134 0.009495
0.003755 -0.00126 -0.011318
0.024997 0.036845 0.012726
-0.044293 -0.017082 -0.310456
-0.044677 -0.032193 -0.078871
-0.013917 -0.029366 -0.31262
-0.000758 0.002727 -0.365592
-0.025821 0.026714 -0.048812
-0.022061 -0.03005 -0.324083
-0.022478 0.040096 0.019718
0.004759 0.032668 0.016631
-0.006466 -0.038645 -0.326967
0.036513 -0.015874 -0.056786
0.026655 -0.008615 0.008206
0.035029 -0.015574 -0.060803
0.031909 -0.015909 -0.200654
-0.041662 -0.0404 -0.066632
-0.025656 0.008864 -0.375918
-0.032284 0.0 0.032284
0.00213 0.038851 -0.029623
-0.003227 0.036728 -0.027725
0.0114 -0.03169 0.0
0.029 -0.001962 0.009887
-0.011888 -0.016016 -0.299916
-0.027711 -0.002705 -0.004764
-0.011659 -0.042739 -0.299803
0.021499 -0.042856 -0.292457
-0.055794 0.00206 -0.08873
-0.022948 0.009558 0.006935
0.040481 0.011488 -0.03
0.009927 -0.036955 -0.026363
-0.013427 0.043896 -0.029075
-0.008808 0.033566 -0.018916
-0.029555 0.011486 -0.028046
0.03931 -0.007321 -0.059682
0.038158 -0.02457 -0.022184
0.002232 -0.009107 -0.356057
0.004431 0.013837 -0.299883
0.033212 -0.000354 -0.208236
-0.019255 0.004989 -0.06952
0.022652 -0.0458 -0.004384
-0.027931 -0.039018 0.010073
-0.001082 -0.042618 0.028656
-0.012817 0.014526 -0.006256
0.003366 0.013992 -0.344283
-0.011548 0.033379 -0.016632
-0.03288 0.0499 -0.0553
0.015592 -0.035275 0.02007
0.027027 -0.033278 -0.289104
-0.0178 -0.02966 -0.33078
-0.013234 0.008106 -0.058228
-0.01232 -0.01359 -0.29999
0.023055 -0.005714 0.004205
-0.00275 -0.021755 0.042039
0.023 0.04285 0.0166
0.010577 -0.0428 0.026407
0.033772 -0.027914 -0.05385
-0.023736 -0.043953 0.012793
0.0 -0.04342 -0.0277
0.034484 -0.000258 -0.191854
0.009704 -0.037676 -0.233183
-0.007335 0.024752 -0.340743
0.013224 -0.044197 -0.311196
-0.017977 -0.03834 -0.023258
-0.054807 0.025458 -0.07895
-0.024635 -0.004262 -0.065136
0.027754 0.036547 -0.045467
-0.01865 -0.039327 0.023263
-0.013913 -0.03483 -0.020108
-0.008046 0.001634 -0.298101
-0.049515 -0.004657 -0.314256
0.001649 -0.042145 0.029062
-0.031831 -0.046392 -0.281483
0.006172 0.042399 -0.028224
0.018363 0.018449 -0.031956
-0.011426 0.0 -0.050481
-0.0143 -0.048596 -0.308695
0.027189 -0.037337 -0.008661
0.026771 -0.017363 0.005178
0.024552 0.035768 0.010044
0.003077 0.004257 -0.28277
-0.002808 -0.048568 0.008617
-0.021181 0.038397 -0.039798
0.003461 -0.018294 -0.31115
-0.012961 -0.029365 -0.322133
-0.021434 -0.001456 0.009495
-0.008035 -0.041025 -0.028675
-0.044584 -0.006195 -0.287792
-0.021513 0.028685 -0.003
0.023744 0.042194 -0.076847
0.039436 -0.004095 -0.073381
-0.0249 -0.010312 0.003239
-0.021794 -0.031034 -0.006046
-0.02863 0.017808 -0.039693
0.035898 -0.006384 -0.062019
-0.012517 0.043802 -0.024004
-0.01156 -0.00636 -0.050509
-0.019999 0.017086 0.006094
-0.00407 -0.042942 -0.167664
0.009744 0.001244 -0.325644
-0.057782 0.019274 -0.279169
0.002676 0.041529 -0.029412
0.000551 0.041309 -0.029621
0.027019 -0.011598 0.007635
0.017528 -0.011418 -0.028048
0.019562 0.049521 -0.053477
-0.027052 -0.027968 -0.033902
-0.054977 -0.005477 -0.218067
0.011999 -0.00102 -0.361018
-0.023041 0.004329 -0.378766
-0.043724 -0.029533 -0.057035
-0.032665 0.024781 -0.299297
0.022688 -0.014253 -0.060813
0.024366 -0.036907 0.014038
-0.002934 -0.032276 -0.024608
-0.017107 -0.027301 -0.056746
0.027549 0.040526 -0.072853
0.017344 -0.043019 -0.014616
-0.00865 -0.004684 -0.37463
-0.007413 -0.04739 0.01533
0.020489 0.046189 -0.007206
0.031391 -0.005594 -0.068745
-0.017544 0.016711 -0.270916
0.029 -0.0078 0.0092
-0.029841 -0.040096 -0.001951
-0.042079 0.021664 0.0
-0.018189 0.040128 0.023704
0.036022 -0.018145 -0.056771
-0.024262 -0.026808 -0.346339
0.004164 -0.038211 -0.029066
0.030273 0.004134 0.009504
0.017573 0.003761 -0.018427
-0.013787 0.03201 -0.001455
0.001076 0.036608 0.027724
-0.007393 0.041342 -0.028718
0.023302 -0.022718 -0.056834
-0.045055 0.012519 -0.299338
-0.016254 0.047574 0.001454
-0.029002 -0.003181 -0.012952
-0.013175 -0.044258 -0.320822
0.0 0.035357 -0.025628
-0.0149 -0.03553 0.0212
-0.02988 -0.0 -0.024149
0.029223 0.024019 -0.263821
0.0158 -0.035048 -0.232793
0.016942 -0.034868 -0.017769
-0.029797 -0.007587 -0.028047
-0.001079 0.019038 -0.294188
0.025309 0.035678 0.007245
0.02878 -0.007655 -0.069224
-0.02679 0.026919 -0.018442
0.031194 0.011176 -0.067653
-0.020377 0.032502 -0.299911
-0.04948 0.018662 -0.287898
-0.001053 0.044492 -0.276912
-0.022191 -0.028995 -0.303551
-0.013267 -0.047116 -0.319972
-0.021391 -0.002181 0.009486
-0.006311 -0.047247 -0.313607
0.011355 -0.031699 0.001451
-0.027242 -0.037375 -0.008728
-0.027362 -0.015422 -0.052231
-0.021608 -0.023633 -0.282689
-0.023947 0.021704 -0.05959
-0.00838 0.0472 -0.14772
0.031668 -0.028561 -0.108035
-0.022891 0.020789 0.002095
0.025812 -0.033462 -0.048981
-0.021585 -0.030055 -0.315225
-0.004821 0.017863 -0.283279
-0.01232 -0.0127 -0.0522
-0.028018 -0.046801 -0.052561
-0.026247 0.013093 -0.058236
-0.011763 0.010208 -0.266273
0.038228 0.003184 -0.055253
-0.00531 -0.031832 0.011423
0.028224 -0.04 -0.010032
-0.017179 -0.003644 0.00817
-0.016304 -0.032446 -0.001457
-0.005463 -0.031422 0.007217
0.017488 0.044567 -0.018982
0.037806 -0.02356 -0.016536
0.024355 0.036636 -0.026091
0.004741 -0.03731 0.028215
0.03369 -0.0231 -0.11759
-0.020945 -0.001459 0.009701
-0.054636 -0.005597 -0.228998
0.027128 -0.042544 -0.056394
-0.003785 -0.037153 -0.028186
0.001582 0.043815 0.027064
-0.026227 0.005412 0.000763
0.024044 0.025905 -0.230125
0.02244 0.041483 -0.281878
-0.000507 -0.036992 -0.314555
0.01449 -0.04328 -0.00388
0.029897 -0.014739 0.006999
-0.008522 0.052671 -0.086776
0.028432 0.000729 0.009849
-0.028252 -0.041914 -0.007284
-0.012392 -0.041987 0.026441
-0.026904 0.022169 -0.034578
0.023271 0.027234 -0.052338
0.025987 0.030332 -0.053888
0.015353 -0.040001 0.025694
0.006404 0.038995 -0.029093
-0.040501 0.038306 -0.261768
-0.01188 -0.0481 -0.323375
-0.018051 -0.045393 -0.298496
0.005347 -0.009082 -0.346768
-0.013904 -0.040352 0.026498
0.033784 -0.006485 -0.066023
-0.003711 -0.032934 -0.296017
-0.013073 -0.005407 -0.058237
-0.021597 0.004202 -0.069219
-0.029294 0.011038 -0.039687
0.027645 -0.038871 -0.022103
-0.021312 -0.008112 -0.068778
0.03827 0.024659 -0.02414
0.0 0.0 -0.045659
-0.002807 -0.031218 0.005808
-0.019239 -0.024898 -0.06096
-0.02 0.0153 -0.0669
-0.034523 -0.043706 -0.148218
-0.004753 -0.040952 -0.02942
0.009843 0.034397 0.021238
-0.002531 0.045616 -0.289756
-0.023029 0.036746 -0.039729
-0.028778 0.018282 -0.035861
-0.016092 -0.010784 0.00516
-0.015195 -0.039642 -0.025774
-0.001076 0.044254 0.026368
-0.017843 -0.051177 -0.101891
0.000979 -0.013176 -0.286222
-0.024202 0.003584 0.006048
0.02187 0.012533 -0.000477
0.016254 -0.032426 -0.001454
-0.021466 0.041452 0.020255
-0.010155 -0.003833 -0.024144
0.023079 0.034669 -0.026052
-0.026363 0.038298 0.012914
-0.0 0.047938 0.014008
-0.001076 0.03661 0.027723
-0.018738 -0.041518 -0.20125
0.0 0.046681 -0.020061
-0.002606 0.038951 -0.029625
-0.024603 -0.012255 -0.329991
-0.028503 0.019943 -0.279206
-0.00897 0.027523 -0.315717
-0.003522 0.044594 -0.157394
-0.009597 -0.025336 -0.299901
-0.058274 0.005645 -0.189476
-0.016974 0.005765 -0.378312
0.039628 -0.018565 -0.03
0.026024 -0.036716 -0.010016
-0.011174 0.018411 -0.033908
0.010822 0.039016 0.027753
-0.021995 0.045062 -0.330039
-0.012799 0.018795 -0.050526
-0.009833 0.054347 -0.029363
-0.001332 -0.014374 -0.357152
-0.040592 0.007031 -0.278994
-0.006797 0.038328 -0.218105
-0.016002 -0.006483 -0.066012
-0.021517 -0.045474 0.01006
-0.02091 -0.02911 -0.003098
-0.027363 -0.003182 -0.056735
0.00724 -0.041665 0.001939
0.003227 0.036728 -0.027724
-0.028386 -0.010721 -0.37354
-0.012129 -0.016132 -0.048784
-0.001366 -0.007725 -0.364477
0.006756 0.035049 0.023994
-0.022846 -0.039191 0.019106
0.005795 0.014053 -0.309355
-0.037487 0.022925 -0.305603
-0.019803 0.025295 -0.058602
0.009682 -0.003209 -0.325742
-0.058638 -0.016892 -0.171116
0.021884 0.042171 -0.019054
-0.019243 -0.023361 -0.062155
0.013217 -0.044184 -0.312304
0.031825 -0.006883 0.008221
0.01494 -0.048421 -0.032628
0.024741 0.020211 -0.313733
-0.046442 -0.029734 -0.229834
0.018378 0.018496 -0.028047
0.007461 -0.039264 -0.301192
-0.019317 -0.052698 -0.329963
-0.038517 -0.022451 -0.304666
0.002606 0.038951 0.029625
-0.055241 -0.016106 -0.26761
0.010758 -0.045094 0.0222
0.002916 0.017723 -0.333605
-0.00165 0.038344 0.02941
0.007209 -0.045283 -0.023076
-0.007115 0.045194 -0.157934
0.031934 0.030442 -0.053918
-0.025183 0.0 0.004154
0.025255 -0.031227 -0.295513
-0.004427 0.038907 -0.029415
0.010365 0.043848 0.02494
0.009791 -0.000254 -0.325735
-0.043148 0.00423 -0.282882
0.002259 0.017666 -0.013285
0.037595 -0.01176 -0.004779
0.000126 -0.046861 -0.286124
0.000571 0.047089 -0.330039
-0.022845 -0.035733 -0.043592
0.015524 -0.042556 -0.024095
0.034379 -0.031446 -0.047137
-0.029006 -0.046431 -0.281427
-0.006267 0.039054 -0.203788
0.022652 0.0342 -0.004384
-0.053196 0.016444 -0.230323
-0.036408 0.018743 -0.352568
-0.013735 -0.044178 -0.317656
-0.011329 0.005735 -0.375925
-0.016875 -0.003282 -0.260836
-0.044146 -0.036877 -0.248779
-0.002988 -0.018077 -0.286095
-0.003722 0.019316 -0.297779
0.013541 0.042791 0.024985
-0.016364 -0.025817 -0.003161
0.02023 -0.041 -0.10592
-0.022201 -0.014563 0.006101
-0.018882 0.037208 -0.016495
-0.067321 0.008441 -0.099014
-0.025016 0.028331 -0.299879
0.0 -0.04831 -0.0114
0.0153 0.03811 0.0249
-0.022104 -0.01841 -0.272617
-0.023736 0.036047 0.012793
0.027242 0.000726 0.009505
0.012593 -0.036223 -0.21013
-0.016169 -0.020317 -0.060839
0.038983 0.021495 -0.024133
0.016844 -0.033653 -0.012733
0.031355 0.037232 -0.041811
0.008464 -0.048565 0.002906
-0.0 -0.042663 0.028632
-0.017977 0.04166 -0.023258
-0.020554 -0.030137 -0.322683
0.003785 -0.042847 -0.028186
-0.026132 -0.021731 -0.359946
-0.023738 -0.029904 -0.324232
0.036139 0.002569 -0.313612
0.012002 -0.003239 -0.298942
0.023582 0.032242 -0.014617
0.028686 0.04 -0.008641
-0.02195 0.0 -0.0692
-0.003953 -0.025295 -0.31367
-0.019804 -0.03932 0.022335
-0.008035 0.038975 -0.028675
0.010365 -0.043848 0.02494
0.033543 0.001452 -0.066933
-0.031826 0.043736 -0.284932
0.029893 0.023367 0.002171
0.020961 0.037929 0.020215
0.024533 0.035238 -0.018422
0.00213 -0.04115 0.029624
-0.023734 -0.035223 -0.018427
-0.01416 -0.038215 0.025665
-0.066892 -0.008738 -0.105169
-0.025861 0.05396 -0.087219
-0.021259 -0.047578 -0.285808
0.007825 0.007058 -0.336574
0.014628 0.037005 -0.024108
-0.028057 -0.01648 -0.012944
-0.048038 -0.029353 -0.201987
0.028315 -0.042754 0.002899
-0.024877 0.016739 -0.368228
-0.026785 -0.024312 -0.287241
0.007137 -0.011853 -0.309342
-0.016305 0.014495 -0.064174
-0.015141 -0.033721 -0.039726
0.03032 -0.0142 -0.24341
-0.010975 0.026249 -0.341116
-0.037486 -0.023404 -0.305563
0.024366 0.043093 0.014038
-0.024993 -0.034726 -0.028045
-0.002807 0.048782 0.005808
-0.034423 0.00126 -0.372505
-0.029366 0.038988 0.004434
-0.003403 -0.048756 -0.33135
-0.00203 0.033677 -0.021229
-0.019161 0.00211 -0.06971
-0.012783 0.025548 -0.346529
0.005343 -0.009027 -0.29359
-0.04491 -0.010432 -0.293532
-0.013802 0.016288 -0.056765
0.020695 0.005409 -0.058251
-0.01122 -0.0479 -0.32738
-0.001951 0.040096 0.029841
0.035112 0.012858 -0.120423
0.008409 -0.048435 -0.005808
-0.001077 -0.036158 0.027059
-0.021514 0.054078 -0.083596
0.018392 -0.010587 -0.045322
0.028999 -0.029549 -0.003215
0.03867 0.0046 -0.05611
-0.020489 0.046186 -0.007206
0.039369 -0.019663 -0.066393
0.001911 0.00993 -0.355037
0.005727 0.001361 -0.363004
0.019377 -0.011062 -0.360083
-0.01161 -0.021792 -0.03
-0.024554 0.038883 -0.250506
0.031568 0.010339 -0.067619
-0.017572 0.011639 0.006946
-0.002816 0.023979 -0.3128
-0.020418 0.020308 0.004374
-0.031352 -0.004685 -0.374632
-0.046545 -0.035132 -0.171111
-0.0106 -0.04768 -0.0114
0.032739 -0.037884 -0.028033
0.031866 0.002175 0.008739
0.02449 -0.01149 0.005179
0.008264 0.031764 -0.008616
-0.03225 -0.02329 -0.35998
0.026622 0.035058 -0.047242
-0.007412 -0.041328 -0.028691
0.014704 0.023681 -0.362899
-0.032673 0.05146 -0.061761
-0.033472 0.02628 -0.326335
0.035726 0.011964 -0.06079
-0.025626 0.038245 -0.014151
-0.01424 0.006382 0.002001
-0.056734 0.014585 -0.085333
-0.0011 0.038312 -0.029414
-0.022998 -0.036232 -0.018384
0.019552 -0.042609 -0.298323
0.024999 -0.043157 -0.012727
0.011936 -0.045291 -0.284878
-0.013778 0.027552 -0.301303
-0.0024 -0.039497 -0.337385
0.001417 0.045491 -0.284971
0.013229 0.040097 -0.026819
0.033443 -0.026747 -0.099946
-0.032579 -0.024341 -0.345005
-0.023954 0.013252 0.004205
-0.004253 -0.004062 -0.038348
-0.017455 0.03777 -0.023122
0.018434 -0.033125 -0.005813
0.01218 -0.038986 0.02716
-0.02375 0.0362 -0.0222
0.004618 -0.051882 -0.346229
-0.01897 0.0 0.009703
-0.018865 0.010232 -0.29676
-0.01033 0.047524 -0.012707
0.0386 0.000559 -0.084408
0.016157 0.047556 -0.002908
-0.0449 0.01635 -0.32001
0.002381 0.047685 -0.015329
-0.02 -0.00021 -0.2602
0.015363 -0.043878 -0.02222
0.026328 -0.037462 -0.011499
-0.019089 -0.041084 -0.213896
0.039398 0.010242 -0.012944
-0.021486 0.004852 -0.069214
-0.017983 -0.005546 0.008746
-0.017867 0.026746 -0.001656
-0.026656 0.028031 -0.305153
-0.013373 -0.04406 0.023089
0.026458 0.012474 0.006973
-0.032464 0.026925 -0.323179
-0.024755 -0.028566 -0.337356
0.008095 -0.04713 -0.312647
0.009559 -0.046516 -0.313633
-0.010057 0.032656 -0.01401
-0.047137 -0.011868 -0.330638
0.026093 -0.035554 -0.001456
0.01923 -0.036814 -0.34623
0.024628 0.034687 -0.016554
-0.01834 0.020993 0.003316
-0.006687 0.02117 -0.287842
-0.010906 0.032048 -0.008604
-0.028252 0.038086 -0.007284
0.035547 0.00833 -0.346331
-0.047126 0.027441 -0.197896
-0.037254 0.043037 -0.291815
0.031229 0.017363 -0.065178
-0.041794 0.014078 -0.349199
-0.01625 0.0362 -0.0222
0.03605 0.0235 -0.0522
-0.01894 0.0454 -0.03268
-0.024036 0.04768 -0.147298
-0.013244 -0.046037 0.017812
-0.03627 -0.041942 -0.287299
0.027178 -0.019446 -0.06434
-0.057995 0.019555 -0.278535
-0.014552 -0.043238 -0.043588
-0.001631 -0.020604 -0.296186
0.026007 -0.013741 0.006126
-0.0209 0.040679 -0.021343
-0.014259 0.038271 -0.237402
-0.039926 -0.010269 -0.280291
-0.013738 -0.032043 0.002906
-0.0025 -0.012565 -0.361945
-0.022485 0.038661 0.019169
-0.016493 0.043404 -0.022265
0.00649 0.041665 0.003748
-0.03455 0.019008 -0.355403
0.029076 0.024671 -0.14339
-0.02988 0.0 -0.035851
0.007133 0.04715 -0.016623
0.010755 0.032171 0.010004
-0.016977 -0.009262 -0.263294
0.016026 0.040997 -0.025028
-0.067225 -0.008303 -0.125933
-0.013585 -0.034753 0.020105
-0.040649 -0.046043 -0.10973
-0.021131 -0.017665 -0.346363
-0.022505 0.023366 -0.060785
-0.025313 0.024242 -0.053776
-0.017321 -0.026157 -0.349611
-0.029471 -0.011338 -0.035858
-0.026444 -0.017195 -0.055268
-0.027436 0.008586 -0.055241
-0.002309 0.018973 -0.290804
0.023535 0.009652 0.004217
-0.01612 -0.043014 0.01612
0.026783 -0.022468 0.002157
0.020488 0.00859 -0.003247
-0.06294 -0.003526 -0.085352
-0.005843 -0.022452 -0.291752
0.001371 -0.011807 -0.285313
-0.049564 -0.029928 -0.186619
-0.018403 -0.02744 -0.29518
-0.02141 0.044678 0.014081
-0.01927 -0.00276 -0.069711
-0.038369 0.020134 -0.296221
-0.022813 0.029545 -0.321121
0.036309 -0.02417 -0.05049
-0.031436 -0.003152 -0.265019
-0.020393 -0.011309 0.008248
0.028543 -0.016828 -0.066193
0.005186 -0.04549 0.023106
0.002152 0.043341 0.027732
0.001083 -0.042173 -0.029064
-0.020884 -0.049234 -0.346282
0.021242 0.020836 -0.052245
0.026696 -0.000725 -0.069214
0.000553 -0.039575 0.029866
0.02414 -0.012715 0.004234
-0.002057 0.039357 -0.029774
0.04076 0.007592 -0.028045
-0.0471 -0.00607 -0.3424
0.032496 0.036321 -0.041723
0.003265 -0.042476 0.028638
0.002153 -0.035787 -0.026382
0.002655 -0.035442 -0.025669
0.022921 -0.034148 0.0
-0.006756 0.035049 0.023994
-0.025931 0.005819 -0.377307
-0.026226 -0.010231 -0.000532
0.012582 -0.047204 -0.01273
0.040028 0.015158 -0.026098
-0.018899 -0.029675 -0.308777
0.03097 -0.021 0.003321
0.003898 0.040128 0.029626
0.021171 0.008929 -0.298169
-0.05431 -0.009386 -0.22366
-0.008264 -0.031764 -0.008616
0.020148 0.023382 -0.043456
7.3e-05 0.021089 -0.332188
0.025812 0.033462 -0.011019
-0.026009 -0.035573 -0.002937
-0.00588 -0.046454 -0.279933
0.025641 -0.044313 -0.005832
0.02267 -0.016623 -0.000464
-0.024972 -0.013182 -0.062028
-0.014628 -0.037005 -0.024107
-0.008649 -0.004595 -0.265369
-0.051872 0.022415 -0.197962
-0.0295 0.01631 -0.36601
-0.021972 0.008613 -0.068192
-0.05085 -0.0093 -0.28619
-0.028662 0.010237 -0.047047
0.023726 0.041206 -0.294811
0.020182 0.026686 -0.299931
-0.001103 -0.038723 -0.02962
-0.001643 0.017799 -0.289458
-0.015246 -0.029671 -0.313679
0.029453 0.015031 0.006978
0.011433 0.040129 -0.027607
-0.024158 -0.047352 -0.133594
-0.021593 -0.026117 -0.350002
0.027248 0.007688 0.008784
0.027672 0.014429 -0.066973
0.028814 -0.025028 -0.180407
-0.027878 -0.006361 -0.053741
0.02767 -0.039389 -0.034003
-0.0005 -0.01169 -0.35899
-0.042606 0.007152 -0.283644
-0.022762 -0.00437 0.008152
-0.0 0.037337 0.028632
-0.00363 0.015345 -0.359069
0.014317 -0.042857 -0.302606
-0.002384 0.039502 0.029788
-0.002162 -0.042555 0.028662
0.021447 -0.045524 0.010057
-0.011546 -0.028983 -0.322133
0.026046 -0.000725 0.008733
0.007057 0.036757 -0.195816
0.032685 0.01205 -0.066042
-0.012419 -0.022408 -0.29579
-0.002153 -0.044213 -0.026382
-0.019057 0.031653 -0.006039
0.021617 0.046352 -0.064457
-0.02382 -0.0369 -0.03
-0.044567 -0.015794 -0.334284
-0.015922 0.028992 -0.05229
-0.02 -0.023507 -0.357849
-0.048946 0.007098 -0.314663
-0.01568 0.041461 -0.024991
0.013535 -0.021755 -0.039895
-0.018472 0.017702 0.005241
0.014159 0.038215 0.025665
0.013904 0.039648 -0.026498
-0.05757 -0.024017 -0.082281
0.025378 -0.028481 -0.055271
0.021798 0.01948 -0.004723
-0.01416 0.041785 0.025665
0.028074 -0.011017 -0.068284
0.002382 -0.03209 -0.014027
0.001077 -0.036158 -0.027059
-0.008808 -0.033565 -0.018916
-0.025558 0.040014 -0.313706
0.01103 -0.039336 0.027772
-0.004911 0.025543 -0.316863
-0.050343 -0.023222 -0.226292
-0.0058 0.04 0.0294
-0.014071 0.046452 -0.015351
0.02965 -0.038979 -0.00145
0.027753 -0.03655 -0.045468
-0.003626 0.041333 0.029411
-0.007712 0.04302 -0.021333
0.036873 -0.031461 -0.047067
-0.021652 -0.020991 -0.063314
-0.003212 -0.041981 -0.029063
-0.010866 0.015079 -0.024149
-0.018894 -0.02939 -0.334001
0.025259 0.02961 -0.053751
-0.017885 0.037118 -0.018383
0.029392 -0.025104 -0.172078
-0.028252 -0.038086 0.007284
0.001581 0.039257 -0.029774
-0.015331 -0.03573 -0.346259
-0.010983 -0.010812 -0.016557
0.040857 0.0 -0.024149
-0.0137 0.019939 -0.006251
-0.001077 0.043842 0.027059
-0.01797 -0.018944 -0.064211
-0.021288 0.008133 -0.068748
-0.000893 0.044923 -0.279828
-0.012322 0.009535 -0.053733
-0.024642 -0.014983 -0.062021
0.031793 -0.021956 0.002025
-0.010047 0.026195 -0.300194
-0.021794 0.045645 0.008634
0.033853 0.029015 -0.007693
-0.0299 -0.04 0.0
-0.02 -0.01884 0.005217
0.037023 -0.021507 -0.009465
0.022115 0.045723 -0.007227
0.021103 0.045373 0.011451
-0.016157 0.032444 -0.002908
-0.011805 0.017125 -0.014678
-0.020582 -0.009267 0.008776
0.019482 0.013057 -0.050485
-0.025703 -0.029667 -0.32108
0.018408 -0.036941 0.021279
-0.019999 0.032066 -0.006207
0.0061 -0.038846 -0.029076
-0.023078 -0.022211 -0.060861
0.01379 -0.043096 -0.346298
-0.015245 0.02803 -0.337396
-0.012058 -0.020372 -0.043456
0.002809 -0.048429 -0.010016
-0.001518 0.023083 -0.326344
-0.029361 -0.003758 -0.043441
0.013275 -0.003237 -0.297217
-0.015294 0.002903 0.005136
-0.002808 0.048568 -0.008617
-0.014051 0.052048 -0.114746
-0.051239 0.021628 -0.287645
-0.04995 -0.007081 -0.089569
-0.006789 0.033344 0.01894
-0.024181 -0.035932 -0.011462
-0.041241 0.015359 -0.34822
-0.005117 0.041582 -0.029057
-0.049791 -0.000256 -0.325735
0.002181 0.037444 0.028657
0.005613 -0.048727 0.004359
0.015261 -0.034419 0.0178
-0.027262 -0.005885 -0.056745
-0.012387 -0.042677 -0.025723
0.028951 -0.009337 -0.346384
-0.022133 0.026746 -0.001656
-0.028386 0.021792 -0.03
-0.002606 -0.041049 0.029624
-0.039292 -0.02056 -0.298946
0.027757 -0.037264 -0.043639
-0.008457 0.0384 -0.218258
-0.001139 -0.00556 -0.298483
-0.02039 -0.005568 0.009541
0.032993 -0.031614 -0.050513
-0.004761 0.047586 0.015336
0.006801 -0.050578 -0.03443
-0.04168 -0.0132 -0.28725
-0.017138 0.040753 -0.259034
-0.022115 0.045723 0.007227
-0.012831 0.011757 -0.004785
-0.006104 -0.033413 -0.364043
-0.026085 -0.007537 -0.060752
0.01218 0.041014 0.02716
0.02944 -0.007507 -0.069232
-0.02 -0.035215 -0.011162
0.002272 0.038155 -0.196226
0.0195 -0.04585 0.0114
0.036394 0.000609 -0.151747
-0.014482 -0.014811 -0.268926
0.010057 0.032658 -0.014009
-0.015781 -0.041315 -0.213898
-0.021312 0.008112 0.008778
0.026645 0.037232 -0.018189
-0.0249 -0.04 0.0166
0.003445 -0.016617 -0.016137
-0.055768 -0.004827 -0.281441
0.02117 -0.0261 -0.0147
0.027902 0.03487 -0.010972
0.010579 -0.041396 -0.337063
-0.026972 0.018134 -0.007754
0.00055 -0.041716 0.02941
0.008103 -0.047104 -0.31164
0.017305 -0.033555 -0.011422
0.004744 -0.04503 -0.339275
-0.004381 -0.039826 -0.296805
-0.000135 0.024937 -0.363761
-0.036836 0.034441 -0.241022
-0.012744 0.018493 -0.009475
-0.008083 -0.038224 0.028243
0.002657 -0.048444 0.010019
-0.024263 -0.015237 -0.329989
-0.031031 0.027525 -0.315717
-0.023078 -0.00574 0.00756
-0.017323 0.029157 -0.330172
0.022906 0.003582 -0.064219
-0.0238 -0.018121 -0.329986
0.031552 0.01083 -0.279463
-0.004912 -0.026042 -0.323137
-0.051727 0.017624 -0.088053
-0.009649 0.040683 0.028273
-0.03807 0.010099 -0.277006
0.027552 -0.037312 -0.007251
0.003234 0.002752 -0.282555
0.034683 0.014513 0.002042
0.026769 -0.043367 0.007213
0.028141 -0.030689 -0.283254
-0.02078 0.012884 -0.067656
-0.017797 0.033274 -0.008624
-0.02638 -0.029422 -0.0203
0.034289 -0.007165 -0.065112
-0.003355 0.022151 -0.341492
0.029 0.038232 -0.041606
0.026821 -0.040934 0.012865
0.025098 -0.04239 -0.014176
-0.011219 0.03747 -0.026431
-0.02 -0.020394 -0.275658
-0.008409 -0.048435 -0.005808
-0.023655 -0.008996 0.006066
-0.005391 0.014289 -0.276423
-0.016171 -0.044068 0.021266
0.032065 -0.00885 0.007597
-0.040631 -0.017108 -0.29278
-0.002267 0.055658 -0.018685
-0.01388 0.032016 0.0
-0.009187 0.044589 -0.278635
0.010305 0.044859 -0.282034
0.0041 -0.04123 0.0294
0.002383 -0.046639 -0.020088
-0.022505 -0.023367 -0.060786
0.03629 0.019054 -0.004722
0.006467 -0.040127 -0.177777
0.010921 0.035809 -0.36015
0.020823 -0.042357 -0.283825
-0.035852 -0.000646 -0.299911
0.018442 0.031255 -0.194315
-0.01365 0.002128 0.000749
-0.019629 -0.007507 -0.069232
-0.023085 -0.029894 -0.326133
-0.007962 0.047783 -0.012726
-0.001547 0.008592 -0.363707
-0.00621 0.02627 -0.316862
-0.028854 0.002781 -0.376748
-0.01103 -0.039336 -0.027772
0.03593 -0.032309 -0.035877
-0.019015 0.044827 0.016664
0.005702 0.007106 -0.346706
-0.04099 -0.0414 -0.06123
-0.025309 -0.035678 0.007245
-0.017133 0.002917 -0.06818
-0.02905 0.015 -0.0378
-0.015335 -0.047296 -0.307306
0.026609 -0.005594 0.008745
0.03074 -0.0141 -0.0669
-0.010022 -0.02742 -0.304654
0.025643 -0.003644 -0.068186
-0.029487 0.0222 -0.285303
0.027911 0.03167 -0.053966
-0.04353 -0.010548 -0.350594
0.001083 0.037827 -0.029064
-0.013239 0.008106 -0.001773
0.021508 0.013099 -0.001752
0.022171 0.037198 0.017789
0.021764 -0.044543 -0.014127
-0.017868 0.00818 0.008171
0.002655 0.044558 -0.025669
0.019915 0.006366 -0.004734
0.011525 0.008954 -0.362804
-0.013244 0.046037 -0.017812
-0.022025 -0.043015 -0.005898
-0.029207 -0.018155 -0.364304
0.001825 -0.010525 -0.35538
0.024134 0.032418 -0.131845
-0.019088 0.029111 -0.003097
-0.023356 -0.007056 0.006932
-0.001356 -0.040179 -0.02988
-0.010238 0.003756 -0.022192
0.007117 -0.042182 -0.028198
-0.020109 -0.044757 -0.05073
0.02686 0.033498 -0.346415
-0.00683 -0.03931 0.029094
-0.018915 -0.029365 -0.305961
0.004449 0.044774 -0.279331
0.008219 0.021755 -0.04132
0.02898 0.04 -0.00776
0.029237 0.001809 0.009867
0.021987 -0.004838 -0.062029
-0.001832 0.015144 -0.283812
-0.0241 -0.02966 -0.32818
-0.063132 -0.022027 -0.110652
-0.004265 -0.039831 0.029655
-0.00213 -0.038851 -0.029623
0.002761 -0.010701 -0.012597
-0.030839 -0.025967 -0.341599
-0.026922 -0.018385 -0.274507
0.031812 0.002914 -0.068737
-0.00858 0.036629 -0.026395
0.018414 0.018426 -0.026089
0.018626 -0.007068 -0.048798
0.02099 -0.026519 -0.043433
-0.030841 -0.010285 -0.267928
-0.0105 -0.01682 -0.27399
-0.026534 0.014005 -0.003252
-0.035027 0.021755 -0.023404
0.030215 0.03384 -0.009342
0.037878 0.009067 -0.055253
0.00055 -0.038284 0.02941
-0.068065 -0.003688 -0.112611
0.006173 -0.03663 0.027078
0.020202 0.0 -0.040961
-0.015412 0.005034 0.005129
0.00818 -0.046963 -0.321114
-0.020761 -0.024898 0.000961
-0.01295 0.0282 -0.03
0.026001 0.023994 -0.330017
-0.022436 -0.009496 0.007558
-0.02218 -0.042171 -0.183013
-0.000553 -0.039575 0.029866
-0.029373 0.053229 -0.097788
0.029 -0.039733 -0.033916
-0.022503 0.014234 -0.372135
-0.013943 -0.00484 -0.262177
0.039436 -0.014331 -0.01657
-0.017812 -0.039999 0.024054
-0.009649 -0.040683 -0.028273
0.015679 0.038539 0.024991
-0.024898 -0.045277 -0.293624
0.011254 -0.048208 0.004351
0.005529 -0.033409 -0.36408
-0.00203 -0.033352 0.02009
0.025098 0.04239 0.014177
-0.002245 -0.054288 -0.329961
-0.025557 0.039988 -0.346367
0.014048 -0.050742 -0.313679
-0.004412 0.03346 0.020099
0.008083 0.038224 0.028243
0.006972 -0.01045 -0.336257
-0.00565 -0.042012 0.028671
0.01283 -0.0414 -0.30441
-0.013899 -0.024165 -0.009513
0.021948 -0.027579 -0.04711
-0.017517 0.000725 0.008719
-0.0 0.032767 -0.017759
0.033818 0.023094 -0.001658
0.002858 -0.048908 -0.002905
-0.018705 -0.008133 -0.068747
0.003212 0.041981 -0.029063
0.005795 -0.014557 -0.330645
0.030089 -0.03167 -0.053966
-0.021056 -0.006354 0.009224
0.026906 0.035784 -0.290803
0.02965 0.041021 -0.00145
0.011281 -0.046584 -0.304124
-0.006676 -0.043744 0.026388
-0.019814 -0.007655 0.009225
0.020849 0.026926 -0.041561
-0.00767 -0.036918 0.02708
-0.022262 -0.000368 -0.346372
-0.018642 -0.030128 -0.31888
-0.026717 -0.026813 -0.344135
0.013535 -0.021755 0.039895
-0.01331 -0.047746 -0.007219
-0.017983 -0.036118 0.020166
0.01704 -0.0 -0.028049
-0.019384 -0.041328 -0.022338
-0.009593 0.012513 -0.370009
-0.045113 0.015338 -0.310465
0.018296 0.042063 -0.313746
0.031834 -0.01412 0.006146
0.036366 -0.01511 -0.1142
-0.005555 0.001202 -0.372415
-0.03953 -0.03526 -0.07574
0.011032 -0.048699 -0.329962
0.007136 0.047411 -0.015328
-0.02109 0.035567 0.01542
0.02432 0.01671 -0.36001
0.026325 -0.005002 -0.297171
0.036325 -0.028782 -0.016494
-0.004362 0.054643 -0.035454
0.0056 0.01116 -0.29881
-0.026592 -0.002483 -0.06324
-0.05094 0.021377 -0.223856
0.016908 0.043828 -0.091702
-0.024279 -0.034822 -0.0044
0.019376 0.004532 -0.299917
-0.005077 -0.040808 -0.029414
0.016775 -0.027507 -0.362369
-0.016887 0.037714 -0.026117
-0.007656 -0.034417 0.022144
-0.028301 0.041868 -0.007348
-0.02041 0.030322 -0.026827
-0.022432 0.043774 -0.015406
0.005613 0.031273 0.004359
0.015261 0.045581 0.0178
-0.012387 0.037323 -0.025723
-0.051161 -0.0239 -0.248021
0.015403 0.032747 0.008629
0.038784 0.006362 -0.007757
0.006788 -0.045524 -0.338293
-0.040739 -0.026745 -0.346257
0.032376 -0.035069 -0.045432
0.026166 -0.01412 -0.066146
0.029897 0.014739 0.007
-0.024174 0.028864 -0.331488
0.01374 -0.04328 0.005691
0.0057 -0.049833 -0.021288
-0.042062 -0.045736 -0.090255
0.019659 -0.024912 -0.028047
-0.013828 -0.047176 -0.316682
-0.045985 0.041231 -0.285511
-0.010468 0.011338 -0.026095
-0.017534 -0.016069 -0.370618
-0.02006 -0.046106 -0.046656
0.006825 -0.00747 -0.297876
0.020389 -0.014536 -0.006241
0.029 0.0222 0.0032
0.039586 0.018426 -0.033911
-0.038976 -0.047468 -0.093499
-0.019212 -0.031729 -0.00602
-0.05046 -0.00408 -0.08999
0.012034 -0.046811 -0.015337
-0.012812 -0.014526 -0.053743
0.001796 -0.024084 -0.022282
-0.012285 0.009062 -0.006267
-0.010877 -0.033553 0.017795
0.006564 -0.001756 -0.292323
0.007355 -0.004634 -0.342522
-0.049724 -0.027755 -0.080802
-0.020003 0.009713 -0.068755
0.022233 0.030653 -0.165401
-0.007689 -0.0324 -0.014029
0.0 0.032767 0.017759
-0.008046 -0.008164 -0.361899
0.007885 0.039919 -0.259374
-0.011976 0.01678 -0.047054
-0.038633 0.007139 -0.364482
0.001856 -0.032401 -0.296478
-0.05734 0.0257 -0.27849
0.005835 0.040096 0.029331
0.002657 0.031556 0.010019
0.0081 0.04243 0.0277
-0.020676 -0.043691 -0.294963
0.038887 -0.02562 -0.054621
-0.042049 0.018936 -0.307124
-0.016975 -0.010624 -0.264237
-0.010866 0.015079 -0.035851
-0.013078 0.017946 -0.274533
-0.013161 0.047642 0.008621
-0.028601 0.017982 -0.02031
-0.011179 0.0 -0.048758
-0.054787 0.0326 -0.277723
-0.015811 -0.008976 0.005143
0.018491 -0.042349 0.022178
-0.006085 -0.034248 -0.022171
-0.020545 0.007355 0.009223
-0.014384 -0.042883 -0.311902
0.0228 0.037802 -0.017913
0.029 0.0332 -0.0522
-0.031514 0.03036 -0.073151
-0.028999 -0.029499 -0.29988
-0.003654 0.024762 -0.316864
0.036898 0.027461 -0.068574
0.006209 -0.042849 0.027742
-0.028233 0.021392 -0.037816
0.040857 -0.0 -0.035851
0.032622 -0.020459 -0.062096
0.026459 0.025298 -0.059643
0.029693 -0.01305 0.007703
0.0117 0.03649 0.0249
-0.008554 -0.040177 0.028728
0.017003 -0.000973 -0.297925
-0.008778 -0.028005 -0.322132
-0.046918 -0.013165 -0.32477
-9.6e-05 0.022088 -0.323185
0.025545 -0.027309 -0.056753
-0.011048 0.044287 -0.030616
0.021042 -0.021663 0.036437
0.027906 -0.026831 -0.174206
-0.020961 -0.042375 -0.034942
-0.028384 0.021725 -0.028044
-0.022388 -0.014111 -0.066125
-0.02103 -0.0 0.009703
0.018293 -0.033207 0.007223
0.023792 -0.040696 -0.017964
0.028395 -0.039008 -0.008697
-0.014267 -0.031606 -0.039721
-0.025096 -0.018169 -0.065422
-0.014148 0.032702 -0.03
-0.029632 -0.047056 -0.290607
-0.028909 -0.039303 -0.233949
0.027259 -0.024393 0.000968
-0.036346 -0.025257 -0.316824
-0.014752 -0.038987 0.02578
0.03566 0.0 0.0032
-0.012486 -0.044722 -0.022191
-0.0155 -0.033428 -0.052252
-0.024059 0.04 -0.017816
-0.012235 -0.044224 -0.329423
0.008264 0.048236 0.008616
-0.01739 0.042968 0.022247
-0.015929 -0.012707 -0.064212
-0.010822 0.039016 0.027753
-0.018057 -0.035091 -0.012698
-0.023335 0.031604 -0.050507
0.0158 -0.041232 -0.268914
-0.013628 -0.0 -0.060722
0.017565 0.011344 -0.033907
0.025662 0.034287 -0.012799
0.033026 0.007058 0.006939
-0.022194 -0.038417 -0.035993
-0.020989 0.000729 0.009707
-0.018602 0.047013 0.002907
-0.004193 -0.023593 -0.300111
-0.027186 0.02313 -0.045323
-0.034423 -0.00177 -0.267495
0.031555 -0.0309 -0.313574
-0.03892 -0.035554 -0.229892
-0.026415 0.036654 0.00862
0.037416 -0.002706 -0.001764
0.027656 -0.039175 -0.024155
0.007125 -0.036811 0.027088
-0.015848 -0.020825 -0.362799
-0.006163 -0.017242 -0.360805
-0.013221 -0.035088 0.021238
-0.017508 -0.03041 -0.006097
-0.0105 0.01638 -0.27401
0.005504 -0.039502 0.029418
-0.037552 -0.014312 -0.080954
0.004753 -0.039048 0.029419
-0.029317 -0.04625 -0.291279
0.01212 0.037888 0.026438
-0.022155 0.034324 0.007236
0.016171 0.035932 -0.021266
-0.013982 -0.028183 -0.014644
-0.047468 0.040727 -0.282253
-0.02963 0.00751 -0.022189
0.007064 0.041306 -0.156351
0.016371 -0.046223 0.01404
-0.047114 -0.03251 -0.077403
-0.028607 -0.007725 -0.264704
0.001077 0.035376 0.025655
-0.01439 -0.010857 -0.374931
-0.036418 -0.036995 -0.208026
0.034944 -0.034619 -0.033909
-0.025745 0.026919 -0.011157
0.032355 0.012896 0.006101
0.029529 -0.022329 -0.285602
-0.005073 -0.040661 -0.21932
-0.002544 0.003467 -0.29834
-0.017867 -0.026745 -0.001656
-0.035983 -0.010697 -0.366186
-0.006773 0.042781 -0.268309
-0.003734 -0.044108 -0.026376
0.022673 -0.02082 -0.056724
-0.046488 0.011314 -0.304067
0.024173 0.038427 -0.016777
0.035029 0.008427 -0.15851
0.024609 -0.033218 -0.329973
-0.00388 -0.04328 0.01449
-0.014148 -0.032702 -0.03
-0.006562 0.010143 -0.270705
0.000781 0.012739 -0.285859
0.00902 -0.042759 -0.02705
0.003735 -0.043685 -0.027062
-0.017287 0.029539 -0.322221
-0.0159 0.02915 -0.31182
-0.054408 -0.016283 -0.281296
0.01353 -0.020171 -0.362715
-0.027463 -0.043462 0.002907
-0.037841 -0.036925 -0.073789
-0.045534 0.03075 -0.288464
0.03285 -0.037874 -0.050935
0.008535 0.002699 -0.336973
-0.035378 -0.045 -0.136267
0.017974 0.003533 -0.045322
-0.02 -0.018166 -0.368018
-0.02965 0.038979 -0.00145
-0.020421 -0.042592 0.020091
0.038151 0.015789 -0.009472
-0.017812 0.040001 0.024054
-0.05633 -0.008471 -0.277473
-0.005808 -0.04429 0.025631
0.011239 -0.044297 -0.12038
-0.010448 0.028023 -0.325427
-0.00928 0.04522 -0.291988
-0.019137 0.036083 0.019048
0.033645 -0.036636 -0.026091
0.029681 0.009277 -0.068811
-0.029026 0.026281 -0.298924
0.015725 0.032659 0.007224
0.029841 -0.040096 -0.001951
0.027992 -0.021836 -0.228981
-0.023335 -0.031604 -0.009493
0.001029 0.040325 0.029868
-0.008124 0.036088 -0.025684
0.025783 -0.035597 -0.004359
0.014888 0.039142 -0.025805
-0.02495 0.035702 -0.008649
-0.020588 0.023451 0.002202
-0.019229 0.026396 -0.000293
-0.012652 0.023543 -0.043453
-0.050732 0.043018 -0.081227
-0.02201 0.005593 -0.068732
-0.015203 0.007834 -0.064159
-0.015998 -0.047418 -0.303961
0.017287 0.003759 -0.037811
-0.026727 -0.0 -0.059465
0.018378 -0.018496 -0.031953
-0.000435 0.049645 -0.110511
0.023704 -0.040128 -0.018189
-0.013085 -0.014053 -0.055248
-0.027548 -0.04394 -0.060398
0.018745 0.032992 -0.001458
0.031427 0.014942 -0.066134
-0.00767 0.043082 0.02708
0.01317 -0.041888 -0.326192
0.030991 0.019299 0.004307
0.03513 0.011135 -0.313634
0.02141 -0.044678 0.014081
-0.013794 -0.027435 -0.298188
0.037104 -0.008108 -0.058237
0.0 -0.03694 0.028181
0.023704 -0.040128 0.018189
0.004677 -0.017028 -0.324761
-0.0198 -0.014599 -0.296868
-0.004566 -0.049942 -0.304797
0.016752 0.003612 -0.361968
0.036281 -0.032279 -0.054913
-0.001582 -0.036185 -0.027064
-0.0149 0.04447 -0.0212
-0.027779 -0.021755 -0.031669
0.02054 0.0 -0.0018
-0.023274 -0.003638 0.007566
-0.024173 -0.038427 -0.016777
0.034515 -0.02637 -0.006119
-0.023649 -0.034676 -0.043442
-0.002711 0.039648 -0.029793
0.018945 -0.021746 -0.031959
-0.049645 0.044981 -0.098758
-0.040646 0.021663 0.010885
-0.005504 -0.039502 0.029418
-0.040296 0.008449 -0.279631
-0.016373 0.029158 -0.328871
-0.002057 -0.039357 0.029774
-0.012582 -0.047204 0.01273
-0.046912 0.012646 -0.32534
-0.010611 -0.011259 -0.022192
-0.017246 -0.008857 -0.051085
0.026389 -0.014568 0.006118
0.018999 0.017549 -0.016543
0.020915 -0.046317 -0.004352
-0.042209 0.017553 -0.33833
-0.001929 -0.04302 0.022602
-0.026819 0.040097 -0.013229
-0.012505 -0.018847 -0.048798
0.028284 -0.037268 0.002968
0.040427 -0.003761 -0.018427
0.0058 -0.04 0.0294
-0.017145 -0.041165 -0.024163
0.008769 0.035126 -0.217208
0.034178 0.030805 -0.048892
-0.022115 -0.037117 -0.018383
0.009327 0.038829 -0.028216
-0.056455 0.039295 -0.097353
-0.005691 -0.04328 0.01374
-0.015257 0.032664 -0.01653
0.003265 0.037523 -0.028639
-0.028977 0.042805 -0.275216
0.014888 0.040858 0.025805
0.031987 0.0 -0.068714
0.021447 -0.034476 -0.010057
-0.017514 -0.044567 -0.018982
-0.007082 -0.048736 -0.331376
-0.02454 -0.032212 -0.045367
0.00165 0.041656 0.02941
0.031866 -0.002175 -0.068739
0.038613 0.014503 -0.058321
-0.022626 -0.024748 -0.05951
0.035425 -0.008288 -0.17056
-0.007493 0.019155 -0.281877
0.028777 -0.00572 -0.069551
0.01814 0.015 -0.0378
-0.006388 -0.034815 -0.024457
-0.048097 -0.006151 -0.336851
-0.008098 0.039132 -0.313712
0.0245 -0.0362 -0.0222
0.008513 0.048599 -0.001452
-0.012576 -0.040337 0.027159
0.012034 0.033189 -0.015337
-0.015399 0.037406 -0.052215
0.019392 -0.043482 -0.28708
-0.029385 0.007513 -0.01843
-0.01927 0.00276 -0.069711
-0.008114 -0.04826 -0.008617
-0.023745 0.03489 -0.007245
-0.055261 -0.00748 -0.088027
-0.02941 -0.007062 -0.01843
-0.028694 0.018202 -0.037811
-0.01118 0.039151 -0.204098
-0.026672 0.026514 -0.016569
0.040594 -0.003535 -0.039694
-0.002656 -0.048101 0.012722
-0.010945 -0.041618 -0.249696
0.002713 -0.040073 -0.360128
0.025547 -0.006997 0.007598
-0.0153 -0.03811 0.0249
0.008119 -0.044751 0.024033
-0.006404 0.041005 -0.029093
-0.014448 0.018312 -0.019046
0.007742 -0.00761 -0.336857
0.025316 0.01205 -0.066041
-0.018786 -0.032986 -0.0
-0.015357 0.05319 -0.036465
0.00406 -0.039485 0.029634
-0.017974 0.046709 -0.008627
-0.042039 -0.021755 0.00275
0.025815 0.019347 0.003291
0.008738 -0.042176 -0.027741
-0.018328 0.011595 0.007623
-0.013868 0.02115 -0.359987
0.021047 0.041937 0.020237
0.024067 0.041593 -0.288219
-0.019448 0.007355 -0.069224
-0.020551 -0.029668 -0.308578
-0.042931 -0.032947 -0.225424
0.030566 -0.036814 -0.0728
-0.004733 0.045155 0.024025
-0.025472 0.017646 -0.001762
-0.015528 -0.045814 -0.309045
0.023055 0.005714 -0.064205
0.02609 0.001461 0.008743
0.027852 -0.038128 -0.008667
-0.029369 0.003531 -0.043443
0.020202 0.0 0.040961
0.022654 0.024262 -0.053798
0.015261 -0.045583 -0.0178
0.028282 -0.026492 -0.059719
-0.00948 -0.036373 0.02568
-0.005898 0.043015 0.022025
0.003081 -0.040948 0.02962
0.020376 -0.018812 -0.050545
-0.00462 -0.024475 -0.336929
-0.012541 0.036198 0.024004
-0.013772 -0.040511 -0.026481
0.019867 -0.043867 -0.291302
0.034722 0.018872 -0.059485
0.00316 -0.03548 0.02567
-0.03554 0.034678 -0.197218
-0.01523 -0.0434 -0.17153
0.010368 -0.011629 -0.298571
0.0244 0.036439 -0.035858
-0.017132 0.002908 0.008173
-0.014338 0.028464 -0.332889
-0.042209 -0.018092 -0.338305
-0.00999 -0.038394 0.027745
-0.024841 0.002736 -0.330006
-0.010758 0.007287 -0.043447
-0.018675 -0.012408 -0.067585
0.022465 -0.034269 0.005827
0.033107 0.0 -0.067548
-0.02 -0.0392 -0.0222
-0.021085 -0.02938 -0.333999
-0.054613 -0.020308 -0.188343
-0.018515 -0.007686 0.008775
-0.009374 -0.034673 -0.02218
0.026895 -0.005831 -0.299931
0.026924 -0.029817 -0.004538
0.023226 -0.034233 -0.022156
0.029127 0.041945 -0.001439
-0.026022 0.036717 0.010015
-0.017467 -0.046614 -0.010023
-0.024425 -0.042275 0.015468
-0.042917 -0.018254 -0.33358
-0.015883 -0.021814 -0.36084
-0.005299 0.041664 -0.005299
0.026434 -0.038175 -0.037915
0.026248 -0.027986 -0.003087
0.000929 -0.014387 -0.03093
0.01812 -0.033186 -0.00722
0.029382 0.039 0.004347
0.02681 -0.0341 -0.27761
0.029136 -0.000222 -0.313645
0.006765 -0.035849 -0.025664
0.005727 0.001409 -0.297005
-0.024427 -0.029664 -0.312729
0.004884 -0.049234 -0.346282
-0.030402 -0.02527 -0.294743
0.025919 -0.015746 -0.065266
-0.044505 -0.041834 -0.13254
-0.046945 0.035734 -0.288481
-0.0063 -0.03541 -0.0249
-0.01716 0.034247 -0.047191
-0.001104 -0.040841 -0.029768
0.008114 0.03174 0.008617
-0.002655 0.044558 0.025669
-0.031349 0.004084 -0.374629
-0.005313 0.048477 0.008621
-0.033427 -0.023456 -0.346616
-0.02 -0.028971 -0.337204
0.016349 0.032561 -0.194719
-0.01728 -0.028982 -0.303754
0.013787 0.03201 0.001455
-0.010427 -0.011484 -0.03
-0.01617 0.0369 -0.03
0.033507 0.035737 -0.020306
0.00704 0.039652 -0.02912
0.017415 0.003759 -0.020309
-0.030325 0.024501 -0.039031
0.031412 0.018948 -0.064219
0.022238 0.031148 -0.041606
-0.018745 -0.047008 0.001458
-0.032187 0.026922 -0.313562
-0.025758 -0.029373 -0.32829
-0.023158 0.037477 -0.035919
0.032395 -0.014987 -0.065224
0.001167 -0.003214 -0.36209
0.0195 0.04585 0.0114
0.032437 0.020804 -0.062117
-0.062315 0.032246 -0.109893
-0.013274 -0.0 -0.000535
-0.023791 -0.028514 -0.338598
-0.027463 0.036538 0.002907
0.038484 0.005888 -0.006241
0.017277 -0.007669 -0.03391
0.011007 -0.022418 -0.363752
0.026424 0.04 -0.014067
0.028074 0.011017 0.008284
0.039751 0.014781 -0.03968
0.02359 0.02282 -0.346372
-0.004017 -0.010615 -0.273798
-0.001741 -0.021315 -0.363934
-0.021101 0.029165 -0.331223
-0.018343 -0.029386 -0.333801
0.018999 -0.017549 -0.043457
0.00767 -0.036918 -0.02708
-0.018432 0.036944 0.021277
0.026136 0.002187 0.008744
-0.010048 -0.0416 -0.200509
0.017366 0.0 -0.020321
0.008471 -0.033409 -0.36408
-0.006085 0.046404 0.02009
-0.016589 0.029388 -0.325224
0.016345 -0.032436 -0.0
0.030082 0.004563 0.009523
0.03659 0.030526 -0.062512
0.018798 0.051438 -0.023258
0.01184 -0.046344 -0.303035
-0.008412 -0.048511 -0.004356
-0.013404 0.013574 -0.003252
0.023122 -0.010316 0.00325
-0.01525 0.03535 -0.36003
-0.028815 -0.0 -0.048757
-0.043077 -0.004707 -0.28277
0.008412 0.031664 -0.007214
0.035261 -0.028618 -0.048862
0.030916 -0.004202 -0.069222
-0.017147 -0.035733 -0.016408
0.020521 0.028093 -0.031952
-0.007137 -0.040167 0.029109
0.023839 -0.01392 -0.063254
0.037342 -0.015435 -0.092849
0.039162 0.009892 -0.011211
-0.049409 0.038067 -0.273586
0.007664 -0.001731 -0.342724
-0.0318 -0.045452 -0.289118
0.039191 -0.007323 -0.054722
-0.025338 -0.016655 -0.032487
0.037462 -0.027975 -0.033903
0.014595 -0.039737 -0.300182
-0.002181 0.042556 0.028657
0.01033 0.032474 0.012707
-0.013738 0.032043 -0.002906
-0.045836 0.012654 -0.335959
0.00597 -0.006148 -0.292664
0.01287 0.043259 -0.275975
0.01897 0.051153 -0.02804
0.00902 -0.042758 0.027049
-0.012992 -0.027838 -0.035852
-0.018197 0.013291 -0.06695
-0.002514 0.022899 -0.334437
0.018548 -0.046949 -0.004364
0.017644 -0.046591 -0.010029
-0.025353 0.035737 0.007265
-0.023763 0.035725 -0.03969
-0.028901 0.002851 -0.263214
0.03323 -0.0058 -0.0669
0.007209 -0.045283 0.023076
0.007501 -0.04328 0.012989
0.004729 -0.035251 -0.024929
-0.044492 -0.015783 -0.305139
0.038518 0.013057 -0.050485
-0.056427 0.021541 -0.283273
-0.004303 0.02477 -0.310561
-0.021794 0.031034 -0.053954
0.023696 0.020136 -0.05956
-0.005117 -0.041581 -0.029056
0.033643 -0.036788 -0.028045
-0.023562 -0.041498 -0.294662
-0.005504 0.040498 0.029418
-0.028582 -0.019716 -0.036703
0.017812 -0.040001 0.024054
-0.006761 0.038372 0.028699
-0.04924 0.039035 -0.28738
-0.066041 -0.012773 -0.12576
0.0106 -0.04129 -0.0277
-0.028606 -0.041924 0.005886
-0.019039 0.045751 0.01271
-0.005186 0.045115 -0.024025
-0.037941 0.010005 -0.363173
-0.034487 0.044043 -0.069537
-0.029366 -0.038988 -0.004434
-0.02113 0.011135 -0.313634
0.022184 -0.031653 -0.020265
0.015404 0.052454 -0.030044
0.009605 -0.040097 0.02832
-0.002656 -0.031721 0.011416
-0.01323 -0.028984 -0.309664
0.028284 0.042732 0.002968
0.007475 -0.038425 -0.233661
0.006144 -0.046449 -0.334955
0.002049 -0.019421 -0.307094
-0.021808 -0.009043 0.008202
-0.019316 0.04617 -0.330039
0.027239 -0.027757 -0.329976
0.031762 0.011642 -0.267906
-0.01882 -0.038396 -0.039798
-0.019562 0.040617 -0.258963
0.008713 0.038517 0.028252
-0.016262 0.029395 -0.315768
0.039876 0.007063 -0.01467
0.010907 -0.032046 0.008605
-0.006438 -0.033622 -0.020091
-0.009042 -0.027454 -0.332307
-0.005217 0.042593 0.02822
-0.024344 0.034763 -0.002898
0.034673 0.022716 -0.056834
-0.031754 -0.023599 -0.290978
0.029 0.0222 -0.0632
0.019633 0.03582 -0.138421
0.027293 0.043426 0.004356
0.014913 -0.053137 -0.329962
0.026821 -0.039066 -0.012865
0.0 -0.043865 -0.027032
-0.0246 0.034777 1e-06
-0.009597 -0.025387 -0.360056
-0.016324 -0.044947 -0.018926
0.013193 -0.044339 -0.306693
-0.031509 -0.038796 -0.207534
-0.015403 0.047253 0.008629
0.01973 0.024659 -0.03586
-0.004163 -0.039652 0.029649
0.005463 -0.048315 -0.010023
-0.009159 -0.010376 -0.372057
-0.040612 0.026693 -0.33002
-0.013716 0.040697 -0.026524
-0.03911 -0.013049 -0.358084
0.032455 0.027308 -0.056753
-0.021181 -0.038397 -0.020202
-0.023699 -0.029377 -0.332145
0.033467 0.035238 -0.041578
-0.021101 0.029174 -0.308817
-0.030812 0.037412 -0.040362
-0.012279 0.028462 -0.327481
0.01804 -0.015081 -0.035852
-0.02629 0.019939 -0.053749
0.017523 0.0 -0.018444
-0.026532 -0.030206 -0.026102
0.02102 -0.046362 -0.002903
-0.028058 0.01648 -0.047056
0.019017 0.038185 -0.022299
-0.004809 -0.03641 0.027037
-0.000922 -0.004771 -0.365496
-0.0208 -0.03376 0.0058
-0.047355 -0.004604 -0.297478
-0.04867 0.036947 -0.269279
0.010303 -0.037764 -0.027117
-0.053258 -0.001114 -0.09002
-0.011155 0.014556 -0.041555
-0.020836 -0.00211 0.00971
-0.005224 -0.026076 -0.326294
0.008119 0.035249 0.024033
0.031179 0.009023 -0.068242
-0.004164 -0.041789 -0.029066
-0.042046 -0.019441 -0.332875
0.007405 -0.047302 -0.30341
0.039577 -0.015862 -0.064457
0.025346 0.02223 0.000886
-0.023569 0.035966 -0.012786
0.020312 -0.01851 -0.009457
-0.005 0.02092 -0.34982
0.012582 0.047204 0.01273
0.01218 0.038986 -0.02716
0.002807 -0.03115 -0.004358
-0.008643 0.04 0.028692
-0.007318 0.042239 -0.030354
-0.001653 -0.038757 0.029614
-0.005186 -0.045115 0.024025
-0.022075 -0.020669 -0.276367
-0.021887 -0.001451 0.009216
-0.021793 -0.032214 -0.00757
0.01753 -0.011491 -0.031956
-0.008 0.045614 -0.313842
0.023294 -0.03388 -0.039762
-0.023769 -0.035729 -0.039691
-0.024352 0.030767 -0.011132
0.032787 -0.005088 -0.067554
-0.02392 0.0157 0.0032
0.006336 -0.03796 -0.314574
0.000511 0.014015 -0.352825
-0.057412 -0.00168 -0.268379
0.019675 0.024792 -0.033909
-0.010885 -0.020842 -0.299915
-0.018188 -0.009043 -0.068201
-0.02497 0.0199 -0.0582
0.026501 0.03149 -0.29753
-0.021651 0.029168 -0.309018
0.026108 -0.029193 -0.004595
-0.039537 0.0 -0.022833
0.036531 0.005401 -0.122895
0.0195 0.03415 -0.0114
-0.013772 0.039489 -0.026481
0.017977 0.038341 -0.023257
0.021411 0.031834 -0.330026
-0.014551 0.033386 0.014051
0.016147 0.021802 -0.038985
0.03566 0.0 -0.0632
-0.05432 0.030493 -0.270381
-0.016843 -0.044335 -0.020138
-0.010577 -0.0428 -0.026407
-0.018009 0.036118 -0.020165
-0.00203 0.033981 0.02217
-0.011841 0.006358 -0.00777
-0.002032 0.045321 -0.024025
-0.025161 0.001452 -0.064183
-0.022701 0.034145 -0.002903
0.036234 0.030477 -0.067252
-0.026203 0.035587 0.0
-0.024975 -0.034621 -0.033941
-0.01716 -0.034247 -0.012809
0.03497 0.0199 -0.0018
0.00704 -0.039652 0.02912
-0.018078 0.000725 0.009213
-0.006787 0.046928 0.017784
0.026415 -0.036654 0.00862
-0.044817 0.004203 -0.352451
-0.011764 0.021391 -0.037816
0.00767 -0.043082 0.02708
0.030594 -0.016082 -0.066155
-0.04553 0.0375 -0.28869
-0.02458 -0.043957 -0.039642
0.04221 0.0 0.017484
-0.040782 0.012679 -0.354162
-0.019446 -0.030062 -0.314374
-0.030278 -0.049268 -0.107077
0.01812 0.046814 -0.00722
-0.029144 0.041019 0.005874
0.006425 -0.014317 -0.31999
-0.012998 -0.041651 0.026393
-0.022228 0.044689 -0.012809
0.009022 0.045392 -0.02218
-0.019752 -0.035878 -0.017884
0.006765 0.044151 -0.025664
-0.053765 -0.013187 -0.240415
0.026995 -0.015746 -0.066073
-0.002807 -0.031315 -0.007212
-0.015922 0.028992 -0.00771
0.030215 -0.03384 -0.050658
-0.04746 -0.03525 -0.06965
-0.002721 -0.049669 -0.324123
-0.008077 -0.042984 0.027082
0.024344 -0.045237 0.002898
0.019852 -0.000646 -0.299911
-0.016778 -0.03835 0.024127
0.026459 0.012473 -0.066972
-0.002676 -0.038471 0.029412
-0.016343 -0.034676 -0.016558
0.032195 0.008254 0.007603
0.033787 0.016256 -0.127854
0.031537 -0.004162 -0.276648
-0.028842 -0.000213 -0.262844
-0.015725 -0.032659 0.007224
-0.047645 -0.035605 -0.162327
0.035957 0.032564 -0.03397
0.008825 0.005657 -0.331259
0.028547 -0.015031 0.006978
-0.01682 -0.0307 -0.0522
0.01624 -0.036493 -0.022249
0.029 -0.005869 0.009547
-0.022388 -0.041555 -0.019093
-0.003701 -0.024958 -0.016386
-0.042013 0.035137 -0.079393
-0.008928 -0.034977 -0.023117
0.01661 0.040096 -0.024865
0.028536 0.003615 0.009743
-0.012303 0.024755 -0.348858
0.027587 -0.032578 -0.283341
-0.037012 0.017617 -0.28612
-0.011253 -0.028005 -0.305672
0.00406 0.046557 -0.020099
-0.004218 0.0423 0.028661
-0.032464 -0.027424 -0.316821
-0.013531 -0.028998 -0.331247
-0.02455 -0.017826 -0.060741
0.009084 0.006981 -0.320002
0.037229 -0.007936 -0.11593
0.028102 0.026408 -0.059714
-0.0095 0.0331 -0.0166
0.038299 0.020154 -0.014656
0.0 -0.032062 -0.014008
0.022553 0.025387 -0.007712
0.021487 0.033602 -0.14426
-0.024223 0.034815 -0.004372
-0.007133 -0.047155 0.016624
-0.049094 -0.004694 -0.30863
0.016345 0.047564 -0.0
-0.033196 -0.018427 -0.280492
0.0166 -0.04 0.0249
-0.001579 0.020095 -0.343813
0.002857 -0.048933 -0.001451
0.005711 -0.031176 -0.0
-0.017233 -0.00437 0.008152
0.040713 -0.003759 -0.022189
-0.045361 0.039532 -0.288841
-0.000949 0.037419 -0.23055
0.000296 -0.008888 -0.279621
-0.008243 0.039314 -0.028703
-0.015158 0.043842 -0.168845
-0.038609 0.042867 -0.288237
-0.006671 -0.03893 -0.329978
-0.012942 -0.046104 -0.017812
-0.014523 0.043645 -0.023166
-0.018916 0.028478 -0.336848
0.031987 -0.0 0.008714
0.016371 -0.033776 -0.014041
-0.016907 0.041493 -0.024158
0.019039 -0.034249 0.01271
0.026142 0.044427 0.001482
0.000688 -0.031399 -0.363207
-0.0088 0.00559 -0.2658
-0.002714 0.042519 -0.028654
0.005559 -0.047423 -0.304212
0.011054 0.048052 -0.007203
0.035164 0.00213 -0.064201
0.006213 -0.004698 -0.347579
-0.029998 0.027501 -0.330527
0.02169 0.024171 -0.050491
0.030242 -0.035732 -0.047243
-0.028601 0.036251 -0.23075
-0.002606 -0.038951 0.029625
0.014691 -0.040002 -0.299825
0.000312 -0.047323 -0.33715
-0.018745 -0.032992 -0.001458
0.005724 -0.038754 -0.211779
-0.021358 0.029627 -0.321121
-0.020585 -0.018453 0.00529
-0.025604 0.02917 -0.31782
0.009368 0.038099 -0.027757
0.008456 0.046158 0.020063
0.005483 -0.015776 -0.315217
-0.016353 -0.004353 0.006927
-0.018921 -0.028005 -0.297566
0.004729 -0.044749 0.024929
0.028826 0.040928 0.007349
-0.017884 0.054046 -0.073062
0.004365 0.036252 -0.29987
0.02922 0.007655 0.009224
0.004265 -0.039831 -0.029655
-0.010093 -0.021628 -0.283195
0.034451 -0.017833 -0.060752
0.028432 -0.040933 -0.008759
0.009933 0.04486 -0.023132
-0.038459 0.043953 -0.070887
0.028577 0.005796 -0.346366
0.038009 -0.028405 -0.049298
0.023711 0.007165 0.005112
-0.034441 0.009505 -0.360105
-0.0094 -0.01161 -0.26879
-0.008983 0.036721 0.026393
0.01224 -0.045555 -0.020118
0.002091 0.037717 -0.203337
-0.036893 -0.01462 -0.360033
0.009156 0.04668 -0.017761
-0.041837 -0.021802 0.005505
0.038878 0.004609 -0.066029
-0.014338 -0.028974 -0.307111
-0.019039 0.03425 -0.012709
-0.01921 -0.011016 0.008281
-0.020786 -0.011016 -0.068282
-0.020644 -0.045276 0.012763
-0.017807 0.038417 -0.035993
-0.020539 0.048743 -0.038326
-0.046827 0.00696 -0.342124
0.02445 0.0375 -0.27525
-0.021114 0.033626 0.001452
-0.000201 -0.040268 -0.241934
0.005313 0.032214 -0.014036
-0.002382 -0.047909 -0.014027
-0.018882 -0.037208 -0.043505
0.0195 -0.03757 0.0212
0.038085 -0.006366 -0.004734
0.024847 -0.037946 -0.101558
0.006 -0.003293 -0.363015
0.029 0.0282 -0.0582
0.024618 0.039182 -0.016748
-0.048591 0.025675 -0.288077
-0.003081 -0.039052 0.02962
-0.004163 0.040348 0.029649
-0.005313 -0.048335 -0.010023
0.004762 -0.047091 -0.017794
-0.052523 0.025853 -0.287347
-0.027431 -0.01223 -0.006289
0.033121 -0.032487 -0.011201
-0.022673 0.044796 -0.011481
0.02474 -0.026718 -0.313697
-0.009757 0.040516 -0.028296
-0.011306 0.006361 -0.011216
0.035553 -0.017862 -0.117617
-0.018495 0.046966 0.004358
0.022388 -0.038445 -0.019093
-0.02725 -0.023487 -0.354836
-0.01181 0.024 -0.289038
0.009016 -0.034856 -0.360116
-0.011659 -0.042784 -0.360137
0.003802 0.008071 -0.363129
-0.02261 -0.029898 -0.313175
0.0 -0.042224 -0.029043
-0.040316 -0.01451 -0.286779
0.002382 -0.03189 -0.012725
0.013454 -0.041011 -0.360079
0.000781 -0.013249 -0.354141
0.030945 -0.013719 -0.222472
-0.015048 -0.034855 -0.03
-0.01927 0.0072 -0.0692
0.005117 0.041582 0.029057
-0.041549 -0.020592 -0.311147
-0.008178 -0.027355 -0.329589
-0.004729 -0.035251 0.024929
0.035359 -0.006381 -0.063239
0.025563 -0.020805 -0.062117
0.034 0.008983 -0.065168
0.028555 0.041957 -0.064629
0.021255 -0.030092 -0.024115
-0.011401 0.043015 0.019745
0.017454 -0.03777 0.023122
-0.005256 0.043025 0.02773
0.012404 -0.040343 -0.259002
0.0 0.034268 -0.023073
-0.023628 -0.037746 -0.016719
-0.017448 -0.047955 -0.286454
-0.003265 0.037523 0.028639
0.019659 0.024912 -0.031953
-0.000687 -0.001769 -0.365896
-0.021222 -0.039569 -0.03
-0.000551 0.041309 0.029621
0.045299 -0.0 0.005961
-0.003559 0.023088 -0.302164
-0.005611 0.048656 0.005811
-0.011355 -0.031699 0.001451
0.006454 -0.038239 -0.02867
-0.015 -0.04447 0.0212
-0.021079 -0.028035 -0.342394
-0.040609 -0.033218 -0.329973
-0.007137 -0.039833 -0.029109
-0.045205 -0.003251 -0.313712
0.024966 0.038411 -0.015526
0.044104 0.0 -0.011812
-0.01409 0.02755 -0.047094
0.019132 0.036649 0.020148
-0.063875 0.024476 -0.134651
0.029286 0.021596 -0.171473
-0.040557 0.021155 -0.328142
-0.029788 0.036573 -0.313699
-0.008982 0.008394 -0.372858
0.008946 -0.007593 -0.314658
-0.021802 0.013291 -0.066949
0.02255 0.025388 -0.052289
0.033076 0.013284 -0.065135
-0.049253 0.005638 -0.314364
-0.021917 0.040684 -0.020266
-0.023318 0.002911 0.007575
-0.022666 -0.019339 -0.06328
0.02684 -0.0029 0.0092
0.028086 0.008787 -0.346297
0.020914 -0.033686 -0.004352
-0.038165 0.015143 -0.283813
-0.018434 -0.033125 0.005813
-0.008271 -0.042041 -0.336551
0.034743 -0.007835 -0.064169
0.005074 0.015341 -0.309913
0.0 0.04882 0.0058
-0.036296 -0.041489 -0.2874
-0.01761 -0.01411 0.006125
-0.0258 0.02915 -0.32002
0.00975 0.03634 -0.18843
-0.016817 0.037836 -0.031967
-0.05496 -0.00562 -0.242666
-0.015225 -0.022695 -0.00319
-0.015737 -0.029895 -0.32108
0.00847 0.026825 -0.364125
0.020018 -0.043939 -0.292674
0.027599 0.043464 -0.001455
0.032066 0.005674 0.008195
0.006252 -0.004712 -0.292534
0.038324 -0.003799 -0.090034
-0.0245 -0.047485 -0.287061
-0.003156 -0.004862 -0.368803
-0.016193 -0.018376 0.002071
0.026415 0.043346 0.00862
-0.017541 -0.020667 -0.276449
0.002658 -0.03624 0.02707
0.018444 0.038969 -0.023316
0.02223 0.0291 -0.24268
0.002259 -0.043399 -0.340153
0.007688 -0.032194 -0.012724
0.020532 -0.031651 -0.208315
0.007 -0.023293 -0.36456
-0.007755 -0.038076 -0.028238
0.025385 0.040913 -0.015437
0.032561 -0.036269 -0.041638
-0.035775 -0.041699 -0.287279
-0.0011 -0.038312 0.029414
0.013715 -0.036621 0.02408
-0.03126 0.023976 -0.293154
-0.021333 -0.04302 -0.007712
0.02632 0.00711 -0.30001
-0.01388 -0.032016 -0.0
0.019184 0.033559 -0.250929
0.01849 -0.037652 -0.022177
0.002032 -0.034315 0.023105
-0.029521 0.003758 -0.018434
0.035762 -0.031148 -0.041606
-0.00596 -0.042547 -0.25739
-0.002676 0.041529 0.029412
0.036526 0.02906 -0.018406
0.010605 -0.043279 0.010605
-0.023306 -0.048008 -0.313592
-0.022412 -0.018143 -0.064268
-0.00406 -0.040515 -0.029635
-0.015725 0.047341 0.007224
-0.018893 0.029549 -0.325426
-0.003628 -0.015857 -0.280931
0.000931 0.021106 -0.324084
0.027971 -0.040935 -0.010161
0.039751 -0.014781 -0.02032
-0.008 -0.00329 -0.36
-0.028691 0.00422 -0.29724
0.022098 0.039132 -0.313712
0.031099 0.032246 -0.007566
-0.022811 -0.041055 -0.293921
-0.024865 -0.040096 -0.01661
0.034242 0.010908 0.00424
-0.008928 0.045023 -0.023117
0.026159 -0.040822 -0.014211
-0.014619 -0.045398 0.018959
-0.066138 0.008421 -0.093842
-0.0278 0.02505 -0.30002
-0.029133 0.015079 -0.024149
0.022739 0.028618 -0.048862
0.014406 -0.018497 -0.362396
-0.039537 0.0 0.022833
0.022004 -0.029528 -0.360048
-0.0022 -0.04162 -0.0294
0.040923 0.0 -0.026098
-0.016997 -0.041029 -0.36009
0.007174 -0.046662 -0.331649
-0.018159 -0.035246 0.017823
-0.02633 -0.04254 0.0115
0.002032 0.034315 -0.023105
-0.038481 -0.023593 -0.326303
0.027814 0.0 0.036244
-0.0558 0.0065 -0.28258
-0.0353 0.02464 -0.33262
-0.025863 0.032614 -0.028019
-0.003588 -0.024322 -0.333492
0.032679 -0.005742 -0.067575
0.003227 -0.043272 0.027725
-0.007133 0.032845 0.016624
-0.006748 0.026254 -0.311555
-0.024927 -0.044038 -0.293689
-0.011202 0.038192 0.02712
-0.015248 -0.047116 -0.010031
0.019113 -0.009539 -0.009487
-0.011306 0.048266 -0.002902
0.025289 -0.037296 -0.280733
-0.028041 0.028445 -0.313513
-0.018917 0.03724 -0.043641
0.024332 -0.018018 0.002075
-0.024619 -0.039182 0.016747
-0.01493 0.044961 -0.297745
0.036492 0.013099 -0.058248
-0.029755 0.028038 -0.316766
0.031669 -0.021755 -0.027779
0.006437 0.033622 -0.020091
-0.012942 0.033896 -0.017812
-0.02905 -0.015 -0.0222
-0.019422 -0.005413 0.009517
0.00203 -0.033678 0.021228
0.0 -0.04882 -0.0058
-0.065511 0.024863 -0.119359
0.033259 -0.015668 -0.183949
-0.014735 -0.028038 -0.339942
-0.024652 -0.029374 -0.330843
-0.022103 0.017899 -0.367382
0.009843 -0.0456 -0.021237
-0.022996 0.006344 0.007574
-0.013308 0.002704 -0.059491
0.011478 -0.04623 -0.312056
-0.006773 -0.038793 -0.323591
-0.00744 -0.019668 -0.358127
-0.021863 -0.005561 -0.296991
0.011527 0.045291 -0.021252
0.032575 0.0 0.008157
-0.013541 -0.042791 0.024985
-0.025385 0.040913 0.015437
0.02965 0.038979 0.00145
0.025956 0.044441 -0.002909
0.004809 -0.03641 0.027036
-0.011811 0.038513 0.027073
0.018219 -0.043558 -0.28439
0.009927 0.043045 0.026363
-0.022127 0.008179 -0.068171
0.017467 0.046614 -0.010023
-0.046213 0.004148 -0.347579
0.020183 -0.033158 -0.299886
0.014047 0.044213 -0.346322
0.029 0.038767 -0.039716
0.020255 0.005412 -0.056764
0.0071 0.00556 -0.2976
0.031367 0.010768 0.007626
0.024999 0.043158 0.012727
0.03403 0.004 -0.19382
0.010922 -0.042382 -0.36009
-0.018091 0.033202 -0.009307
0.030082 -0.004563 -0.069523
0.018248 -0.014781 -0.02032
0.003081 0.040947 0.029619
-0.031638 -0.049806 -0.092526
0.004265 0.040169 -0.029655
-0.015403 0.032747 -0.008629
0.007129 -0.011866 -0.330637
-0.002808 -0.048899 -0.002905
-0.01812 -0.046814 -0.00722
-0.011054 -0.048052 -0.007203
-0.031798 0.025566 -0.301081
0.029 0.005869 -0.069547
-0.012516 -0.036199 0.024003
-0.029132 0.015079 -0.035851
-0.021181 -0.039157 -0.035967
0.004058 0.046226 -0.021239
-0.037815 -0.024309 -0.31998
-0.010793 -0.018085 -0.27567
0.011306 0.031733 0.002902
0.0 -0.034268 0.023073
0.006939 -0.040516 -0.029116
-0.021675 -0.020501 -0.060969
-0.057692 -0.00111 -0.086606
-0.02 -0.009036 -0.377318
0.005256 0.043026 0.02773
-0.02317 0.0307 -0.0078
-0.028693 0.014329 -0.043429
-0.025877 -0.004257 0.002009
0.007662 0.044384 0.024936
0.02744 0.040938 0.011527
0.028137 -0.00276 0.00972
-0.042378 0.031491 -0.240244
0.032002 -0.020566 -0.171537
-0.018726 0.044945 -0.288386
-0.003898 0.040128 -0.029626
-0.021941 -0.044816 -0.053193
-0.05199 -0.017113 -0.067801
-0.019416 0.021855 -0.063335
0.012382 0.047253 -0.012732
-0.021457 -0.030128 -0.31998
-0.026132 -0.02166 -0.280013
-0.062658 -0.021277 -0.130439
-0.002382 0.032091 -0.014027
0.026092 -0.009497 -0.067567
-0.018393 -0.050226 -0.313757
-0.036796 -0.036881 -0.287549
0.038855 -0.009892 -0.009485
0.001626 0.042998 -0.028211
-0.030617 0.026249 -0.337957
0.005256 -0.043026 -0.02773
0.022478 -0.040096 0.019718
-0.029133 -0.015079 -0.035851
-0.014396 0.029164 -0.32222
0.02876 0.01334 0.007678
-0.014936 -0.00426 0.004197
-0.016345 0.047564 0.0
-0.003081 0.040948 0.02962
0.033121 -0.032487 -0.048799
-0.023736 -0.036047 -0.012793
0.004762 0.032909 -0.017794
0.009788 -0.003162 -0.32
-0.017049 -0.009558 -0.066935
0.031557 0.024371 -0.346419
-4.4e-05 0.054654 -0.032356
-0.025309 0.035678 -0.007245
-0.009949 0.042398 -0.027113
-0.004302 0.055464 -0.019294
-0.025078 0.029157 -0.325371
0.007433 0.045261 -0.284949
-0.023087 -0.037707 -0.033993
-0.017644 -0.046591 0.010029
-0.042481 -0.019468 -0.310443
0.022227 0.035311 -0.012809
0.008562 -0.048604 -0.001454
-0.041968 -0.044404 -0.280586
-0.0011 0.042175 0.029062
0.037921 -0.012232 -0.006285
-0.046973 0.00992 -0.336272
-0.022155 0.045676 -0.007236
0.029353 0.004164 -0.291822
-0.009344 -0.040053 -0.036739
-0.040123 0.021963 -0.32002
0.033418 -0.0145 -0.064186
0.023695 0.042988 -0.015327
-0.018892 -0.029023 -0.336811
0.021479 -0.038014 -0.122591
0.00724 -0.041665 -0.001939
0.0 -0.041665 -0.007495
0.009962 -0.046834 -0.302723
-0.00719 0.03057 -0.01738
-0.02 -0.02513 -0.28678
0.029828 -0.018802 -0.215457
-0.02352 -0.0341 -0.0147
0.019217 -0.006362 -0.007758
-0.049631 0.004111 -0.32
-0.045378 -0.040006 -0.25925
-0.044576 -0.012347 -0.346349
-0.02392 0.0157 -0.0632
0.026769 -0.036633 -0.007213
0.029464 -0.003615 0.009743
0.022674 -0.035201 -0.011482
-0.002716 -0.024466 -0.313661
0.026126 0.04092 -0.01417
-0.02537 -0.030231 -0.04539
0.030272 -0.004134 0.009503
-0.026821 0.039066 -0.012865
0.024329 -0.028075 -0.234292
0.020169 0.046104 -0.008609
0.003265 0.042477 0.028639
-0.013869 -0.021728 -0.359946
0.03502 -0.027938 -0.050608
-0.027751 0.020139 -0.045332
-0.024155 -0.004355 0.006043
0.037306 0.005409 -0.058251
0.024535 -0.045238 -0.001478
0.002866 -0.016701 -0.296743
-0.003 -0.03793 -0.35997
-0.059183 -0.029556 -0.115049
0.030405 -0.003484 -0.069511
-0.018912 0.026311 -0.292355
-0.023164 -0.005088 0.007543
-0.025622 -0.026038 -0.009441
-0.037899 0.032577 -0.230094
0.018713 -0.0 -0.050483
-0.023695 -0.042988 -0.015327
-0.010822 0.010813 -0.018434
-0.003048 0.037741 -0.224249
0.002886 -0.045208 -0.339489
0.037108 -0.008108 -0.001762
-0.02324 0.02804 -0.301197
-0.000548 0.036959 -0.028198
-0.016095 -0.035931 0.021267
0.03825 -0.024712 -0.024133
-0.017183 0.012889 0.006082
-0.00299 0.017615 -0.286121
-0.0314 -0.02795 -0.31998
0.013584 -0.033738 0.016646
0.01328 -0.043286 -0.307809
0.0277 -0.03658 0.0
0.020991 -0.026518 -0.016567
-0.0254 -0.02966 -0.32438
-0.023408 -0.013279 -0.065121
0.03533 -0.016623 -0.059536
-0.028608 0.038075 -0.005888
0.029863 -0.00276 -0.06972
-0.021454 0.007708 -0.068753
-0.008219 0.021755 0.04132
0.0 0.032062 0.014008
0.019892 0.040533 0.02234
0.00527 -0.014495 -0.305134
0.017707 0.007067 -0.041578
-0.022 -0.03793 -0.35997
-0.020937 0.035746 -0.012719
-0.011614 0.01012 -0.373556
-0.016302 -0.029389 -0.332098
-0.019409 -0.023452 0.002203
0.020827 -0.034402 -0.313627
0.002046 0.01891 -0.332906
-0.034369 -0.023548 -0.296015
-0.049084 0.006981 -0.320003
0.020733 -0.017846 -0.361807
0.005754 0.041305 0.029098
0.011083 -0.039438 -0.30126
-0.012435 -0.035282 0.022189
-0.014061 0.002707 -0.061998
0.027463 0.002832 -0.069509
-0.0312 -0.00601 -0.2658
-0.021107 -0.030055 -0.314574
-0.022787 -0.014819 -0.372026
-0.01033 0.032474 -0.012707
0.036592 0.002709 -0.060772
0.030835 0.00949 -0.286438
0.033643 0.036788 -0.031955
-0.023067 -0.03723 -0.022127
0.009385 0.001241 -0.308531
-0.002656 -0.048276 0.011416
0.027971 0.039065 -0.010161
0.026891 0.031063 -0.053973
0.019017 0.041815 0.022299
-0.020486 -0.02636 -0.026849
-0.026273 0.024821 -0.011235
0.019806 -0.032122 -0.220932
-0.012041 0.009532 -0.007778
0.022897 -0.023368 -0.00469
-0.012375 0.014311 -0.269901
-0.022068 0.021234 -0.278345
-0.027299 0.015479 -0.36876
0.01163 -0.045856 -0.3264
-0.017983 0.023898 0.000895
-0.034173 -0.025934 -0.30837
0.007 0.03676 -0.30003
0.0204 0.044287 0.016702
0.032992 0.031613 -0.050512
0.034131 0.008032 -0.179487
-0.021156 0.010693 0.008201
0.017445 -0.007515 -0.037815
-0.01608 -0.026748 -0.05533
-0.034173 0.025432 -0.33163
-0.003409 0.039191 -0.029633
-0.01412 -0.0235 -0.0078
-0.04221 0.0 -0.017484
-0.019618 -0.01503 0.006977
-0.019419 0.009277 -0.068812
-0.02652 0.0108 -0.0018
-0.03505 -0.01359 -0.29999
-0.010819 -0.036705 0.025644
-0.0095 -0.0469 0.0166
0.028432 -0.000729 -0.069849
-0.011548 -0.033384 -0.016631
-0.038358 -0.018264 -0.289433
-0.02 0.025483 -0.289388
-0.024619 0.040818 0.016747
0.034462 -0.021513 -0.001707
0.034501 -0.017848 -0.14811
-0.011771 0.042298 -0.026457
0.03 0.04 0.0
-0.025421 -0.002502 -0.036763
0.007306 -0.048008 -0.313592
0.031055 -0.009734 -0.23664
-0.031039 0.046375 -0.065058
0.009843 0.0344 -0.021237
-0.02537 0.030231 -0.04539
-0.002535 0.035865 -0.299905
0.028725 -0.023386 -0.196818
-0.008 -0.033655 -0.295874
-0.01332 -0.026513 -0.043431
-0.026363 -0.038298 -0.012914
0.039895 -0.021755 -0.013535
-0.008456 0.046158 -0.020063
0.02854 0.005568 0.009541
-0.031523 0.035766 -0.236461
-0.033143 0.043278 -0.281372
0.014061 -0.045073 -0.302162
0.02946 -0.005568 0.009541
-0.017453 -0.031505 -0.007649
-0.014297 -0.029664 -0.31888
0.027841 0.019907 0.00441
-0.050755 0.028969 -0.287895
-0.034174 -0.037634 -0.229466
0.015248 -0.047116 0.010031
-0.029471 0.011338 -0.024142
-0.014977 -0.023601 -0.004684
-0.030407 -0.013108 -0.369988
-0.014267 -0.034532 0.018961
0.005402 -0.038775 -0.22628
0.029916 0.03051 -0.055507
0.00641 0.04583 -0.124842
-0.056997 0.010682 -0.258865
-0.013733 0.050922 -0.128389
0.021978 -0.018145 -0.003229
0.025547 0.006997 -0.067598
0.033527 0.020333 0.000867
-0.023209 -0.023708 -0.283312
-0.009965 -0.028482 -0.31998
-0.012006 -0.00318 -0.00627
0.039752 -0.014781 -0.03968
0.029331 -0.040096 -0.005835
0.002676 -0.041529 0.029412
0.023836 -0.029732 -0.009421
-0.006353 0.010016 -0.369201
0.03683 0.0108 -0.0582
-0.014117 0.044282 0.022152
0.029994 0.002109 0.00972
0.006409 0.019371 -0.296877
-0.016942 -0.034868 0.017769
-0.015019 0.028103 -0.050611
-0.020001 -0.02055 0.004259
-0.019802 0.008071 -0.363129
-0.027436 0.039064 -0.011524
0.027214 0.004852 0.009216
-0.028454 0.02848 -0.317816
-0.000704 -0.030211 -0.297101
-0.020738 0.004989 -0.069521
-0.019446 0.029563 -0.314413
0.010409 -0.043919 -0.337728
0.002246 0.001336 -0.361007
0.021776 -0.012054 -0.000476
-0.018921 0.027495 -0.342434
0.023082 -0.028139 -0.050637
0.019915 -0.006366 -0.055266
0.01509 0.03304 -0.011432
0.023 0.04285 -0.0166
-0.020187 -0.00572 -0.069553
-0.022219 0.038781 -0.027966
-0.011137 -0.04502 0.022203
0.019377 -0.011012 -0.299902
-0.014986 -0.045837 -0.312194
-0.0 0.03694 0.028181
0.005256 0.036974 -0.02773
0.039665 -0.006715 -0.047066
0.025424 -0.006346 -0.067591
-0.044293 0.007149 -0.351942
-0.013964 -0.045175 0.020109
-0.046659 -0.039328 -0.142154
0.005505 -0.021802 0.041837
-0.029081 -0.04 -0.00723
-0.045702 -0.023991 -0.084028
-0.02598 -0.04 0.015
-0.008178 -0.027344 -0.31037
0.001224 0.001245 -0.277735
0.007413 -0.032378 -0.01403
-0.028873 -0.019343 -0.36257
-0.057119 0.024889 -0.280358
0.034706 -0.03388 -0.020238
0.004264 0.039831 -0.029654
0.025888 -0.016016 -0.299916
0.023163 -0.04307 -0.070823
-0.001638 -0.018312 -0.350543
0.033562 0.016011 -0.135561
0.031564 0.014927 -0.192077
0.013297 0.035083 0.021241
0.022152 0.022621 -0.053724
0.006644 0.0377 -0.028219
8.5e-05 0.038683 -0.196319
0.029137 -0.006308 -0.346355
-0.049089 -0.039603 -0.269904
0.017337 -0.043875 -0.284561
-0.022433 0.029172 -0.055379
-0.019055 -0.001459 0.009701
-0.031648 -0.021695 -0.28547
-0.009327 0.041171 -0.028216
0.005504 -0.040498 -0.029418
-0.027121 -0.014953 -0.053742
0.015046 0.052987 -0.020469
-0.022565 0.044685 -0.290715
0.003632 0.005099 -0.361429
-0.000116 -0.03962 -0.306007
0.002736 0.042069 -0.029047
-0.028121 -0.037304 -0.004422
0.013791 -0.042131 -0.303576
-0.024427 0.029163 -0.312769
0.007695 0.009965 -0.330668
-0.027426 0.028478 -0.328434
-0.007209 0.045283 -0.023076
-0.001103 -0.038723 0.029621
0.021487 -0.015874 -0.003214
0.022674 0.044799 -0.011482
-0.013136 0.01128 -0.003289
-0.011539 -0.048829 -0.295363
-0.013592 0.054153 -0.05829
0.028966 -0.025929 -0.28589
0.001573 0.037012 -0.223996
-0.021485 0.027323 -0.001587
0.005691 -0.04328 0.01374
0.007825 -0.007565 -0.303426
0.037712 -0.005889 -0.003237
0.007413 0.03261 -0.01533
0.036304 -0.003279 -0.346315
0.014642 -0.044419 -0.105958
0.00406 0.039485 -0.029634
0.011539 -0.038437 -0.177397
-0.022549 0.044216 -0.28194
-0.028081 0.02632 -0.297663
-0.039928 -0.01034 -0.359694
0.002808 -0.048927 0.001454
-0.011206 0.035858 0.024043
-0.018516 -0.027322 -0.058412
-0.049923 0.011186 -0.089559
0.031558 0.0244 -0.313616
0.0322 0.032464 -0.009327
0.001076 -0.044254 0.026368
-0.053456 -0.016529 -0.210012
-0.029562 0.0 -0.041554
-0.022096 0.019068 -0.365538
0.023037 0.035044 0.010066
-0.020912 -0.035501 0.015396
0.031076 -0.029817 -0.055462
-0.020804 -0.018306 -0.06536
0.006411 -0.02584 -0.296845
0.009787 0.002662 -0.32
-0.00154 0.00808 -0.01001
-0.027965 0.042507 -0.272846
0.006084 0.033597 0.02009
0.015868 -0.038963 -0.299861
0.0277 0.04342 0.0
0.026414 0.036655 0.00862
0.017005 -0.007768 -0.29799
0.002384 -0.040498 0.029788
-0.016963 -0.02847 -0.004738
-0.02089 -0.006778 0.009217
-0.029675 -0.038973 -1e-06
-0.009241 0.042628 -0.267814
-0.023763 -0.035725 -0.02031
0.0258 0.032464 -0.050673
-0.050531 0.03409 -0.287867
0.027653 0.03842 -0.039802
-0.030913 -0.033412 -0.040393
0.026315 -0.041789 0.012864
-0.012944 0.027968 -0.026098
0.037611 -0.014536 -0.053759
-0.0312 -0.0061 -0.3742
0.007133 -0.032845 0.016624
0.017861 -0.041789 0.023212
-0.003155 -0.035131 0.02494
-0.039308 0.001334 -0.274225
-0.016036 0.013252 -0.064205
0.022237 -0.030342 -0.207934
0.002393 0.043723 -0.31383
0.031834 0.01412 -0.066146
-0.00055 0.038284 0.02941
-0.023695 0.042988 0.015327
0.02519 0.0307 -0.0522
-0.008738 0.042176 -0.027741
0.007715 -0.038814 0.028701
-0.021178 -0.003484 0.009502
0.03731 0.0277 -0.0378
-0.017834 0.028044 -0.339251
-0.020476 -0.034676 0.012752
-0.045479 0.036348 -0.288716
-0.000478 -0.028933 -0.025235
0.005073 -0.015846 -0.330087
-0.054641 0.02586 -0.285591
0.024182 0.023094 -0.058342
0.03326 -0.016938 -0.063278
-0.049774 0.001207 -0.325737
0.013947 0.047407 -0.075095
0.018193 0.003184 -0.047058
-0.017983 0.005546 -0.068746
-0.025316 -0.010895 0.002011
-0.013541 -0.037209 0.024985
0.0117 0.03649 -0.0249
0.016273 -0.035054 -0.018926
-0.043164 0.018741 -0.320015
-0.027128 0.027973 -0.334232
0.032443 -0.028424 -0.346352
-0.02742 0.047957 -0.060358
-0.022674 -0.044799 -0.011482
-0.021477 -0.000726 -0.069496
-0.033333 -0.026044 -0.30565
-0.02 0.028461 -0.302796
-0.010623 -0.003531 -0.043443
-0.018408 0.024819 -0.287421
-0.023689 0.014496 -0.064175
0.028155 -0.03789 -0.313614
0.039546 0.003184 -0.011213
-0.016848 -0.018146 -0.063301
-0.022169 -0.027463 -0.295324
-0.015064 0.043965 0.022209
0.027492 0.030919 -0.293182
-0.018313 0.015742 0.006063
-0.001972 0.023049 -0.330397
-0.039274 -0.000294 -0.366019
-0.007133 0.047155 -0.016624
-0.0256 0.03682 -0.0114
0.02599 0.0476 -0.02878
0.023961 -0.033795 -0.25947
0.01991 0.019815 -0.012915
-0.004032 0.048759 -0.13177
-0.010819 0.043295 0.025644
-0.019505 -0.029221 -0.363368
0.000552 0.039126 -0.029772
-0.0209 -0.039321 0.021343
0.004432 0.011347 -0.294246
0.008456 -0.033844 -0.020062
-0.057244 0.0061 -0.278145
-0.055294 0.006708 -0.072138
0.019355 0.036775 -0.020169
-0.021596 -0.026829 -0.347396
0.001563 0.046435 -0.135899
-0.013201 0.01724 -0.00624
0.01033 -0.032476 0.012707
0.024619 0.040818 -0.016747
-0.004733 0.034845 -0.024025
0.006756 0.044951 -0.023994
0.02926 0.017681 -0.226459
0.036584 0.029566 -0.039723
0.035866 0.02695 -0.048865
-0.027167 -0.028009 -0.302518
-0.011511 0.017761 -0.041573
-0.003472 0.03829 -0.243398
-0.015157 -0.034198 -0.037836
0.034945 0.005714 0.004205
0.024279 -0.045178 -0.0044
-0.019434 -0.003188 -0.06973
-0.0231 0.001308 -0.379324
0.025214 0.005088 0.007554
-0.03949 0.02373 -0.050934
0.022761 0.024509 -0.006185
-0.012253 -0.039156 0.027153
-0.01509 0.03304 0.011432
-0.004651 -0.024112 -0.29794
0.027758 -0.035732 -0.012757
0.025381 0.036816 -0.020219
0.006972 0.009942 -0.303743
0.022258 0.043859 -0.015376
0.023404 -0.021755 0.035027
0.034452 -0.017833 0.000753
0.029 -0.035216 -0.048839
-0.026007 -0.028183 -0.045356
0.017561 0.007292 -0.039698
0.024456 -0.001452 0.006933
0.005055 0.012489 -0.340682
-0.026297 0.029025 -0.041581
-0.016304 -0.014496 -0.064175
0.022361 0.0314 -0.018324
0.031531 0.007292 -0.23202
-0.008458 0.039645 0.028747
0.038325 0.025021 -0.03
0.027938 -0.041772 -0.008793
0.012253 -0.039156 -0.027153
-0.068409 0.009143 -0.123799
-0.014208 0.02695 -0.297679
0.040915 -0.003761 -0.031955
0.00388 0.04328 -0.01449
0.029096 -0.027176 -0.156427
0.021333 -0.04302 -0.007712
0.035373 -0.010902 -0.06203
-0.037482 -0.043207 -0.064871
-0.017939 -0.03005 -0.324083
0.01921 0.013409 -0.011238
-0.014814 0.028475 -0.333541
0.039032 -0.017368 -0.04346
0.014616 -0.043019 -0.017344
-0.016942 0.045132 0.017769
-0.007688 0.047806 0.012724
-0.017212 0.015467 -0.370575
-0.008119 0.044752 0.024033
0.028535 0.003615 -0.069743
-0.017758 0.038788 -0.028076
0.005463 -0.031422 -0.007217
-0.020001 -0.017086 0.006093
0.008808 -0.046435 -0.018916
0.026821 0.009023 0.008242
0.001998 -0.003291 -0.361058
-0.0 -0.04831 0.0114
-0.007171 -0.015406 -0.298149
0.002539 0.007171 -0.283306
0.012253 -0.040843 0.027153
-0.014489 0.039627 -0.25142
0.008124 0.043913 -0.025684
-0.00055 0.041716 0.02941
0.028886 0.028753 -0.278946
0.001776 0.044947 -0.297946
-0.01891 0.025586 -0.28976
-0.006309 0.040719 -0.346394
0.033235 0.019359 -0.313696
-0.013459 -0.03036 -0.028045
0.018968 -0.017368 -0.01654
-0.036046 -0.025292 -0.31367
0.012594 -0.041531 -0.306644
-0.002696 0.04523 -0.346403
-0.022262 -0.000342 -0.313634
-0.021882 0.005442 -0.346379
0.01294 -0.0082 -0.297214
-0.024757 -0.033335 -0.041633
-0.0116 -0.028546 -0.309565
0.029407 0.024967 -0.135686
-0.003409 0.040809 0.029633
-0.025688 0.04 0.015349
-0.035231 0.030269 -0.346286
0.022838 -0.034129 0.001455
-0.002192 0.043186 -0.313865
-0.02598 0.04 0.015
-0.020494 -0.041316 0.021371
-0.021635 0.028048 -0.339453
0.024089 0.045105 0.005842
-0.01922 -0.012884 -0.067656
-0.00931 -0.046988 -0.335852
-0.05755 0.025056 -0.2774
0.020168 0.003185 -0.00325
-0.004168 0.038205 0.029078
-0.033575 -0.046163 -0.280666
-0.031783 0.034609 -0.346413
-0.028835 0.004404 -0.263611
0.014411 -0.038252 -0.163082
0.02303 0.0199 -0.0582
-0.028848 0.041935 0.004386
-0.014091 -0.027549 -0.012906
-0.007125 0.043189 -0.027088
-0.020915 -0.033683 -0.004352
-0.01739 -0.029899 -0.313175
-0.029656 0.028037 -0.324326
-0.000412 -0.037211 -0.3166
0.0008 -0.00602 -0.2784
0.026819 -0.040097 0.013229
-0.025713 -0.022616 -0.006282
-0.002381 0.032316 -0.015328
-0.021114 -0.033626 -0.001452
-0.02747 0.041798 -0.010181
0.00213 0.04115 -0.029624
-0.005217 0.037407 -0.02822
-0.019829 0.001976 -0.025349
-0.054642 0.026738 -0.263466
0.028075 -0.023521 -0.206097
-0.007157 0.037348 -0.027732
-0.010048 0.023995 -0.348714
-0.044086 0.008808 -0.313725
-0.013372 -0.03881 -0.026489
-0.024223 -0.034815 0.004372
-0.02 -0.039733 -0.033916
0.02922 -0.007655 -0.069224
-0.004363 -0.04 -0.02965
-0.045067 0.002789 -0.287537
0.005504 0.039502 -0.029418
-0.011843 -0.04559 -0.330897
-0.0153 -0.04189 0.0249
-0.01033 0.047527 0.012707
0.011254 -0.048208 -0.004351
0.012484 -0.041368 -0.315928
0.025385 -0.040913 0.015437
-0.01232 0.0127 -0.0078
-0.025851 0.004835 0.002008
0.010165 -0.037205 -0.217457
-0.022634 0.03744 -0.230938
-0.0117 -0.03649 -0.0249
-0.015197 -0.036624 0.023176
-0.005825 -0.039342 -0.335796
0.027931 -0.039018 -0.010073
-0.0106 -0.04768 0.0114
0.010885 -0.021663 -0.040646
0.005704 0.039833 0.029417
0.01387 -0.046511 0.015351
-0.04527 0.01401 -0.305154
-0.010066 -0.021697 -0.356768
0.027467 0.043467 -0.002908
0.022553 -0.025387 -0.052288
-0.039112 -0.012985 -0.281895
-0.020907 0.004562 0.009514
0.011269 -0.039131 -0.29981
0.010755 0.047831 0.010004
0.011577 -0.045295 0.021255
0.022258 -0.043859 0.015376
-0.0061 0.038846 -0.029076
0.03545 0.025388 -0.007711
0.01809 0.03453 -0.015311
-0.005614 -0.048441 0.008621
-0.054873 -0.021352 -0.078975
-0.018392 0.023184 -0.28273
0.025688 -0.021802 0.033474
0.025378 0.02848 -0.004729
0.008825 -0.006176 -0.331259
0.001653 -0.038757 -0.029614
-0.015837 -0.004354 -0.066043
-0.014931 -0.027901 -0.050582
-0.043234 -0.003202 -0.282555
0.016921 -0.033956 -0.209076
0.007689 -0.0476 -0.014029
0.01847 -0.003535 -0.048788
0.026467 -0.014814 -0.295538
-0.028826 -0.040928 0.007349
-0.017305 -0.033555 0.011422
0.01725 0.038976 -0.024194
-0.048869 0.037273 -0.071321
-0.022201 0.014563 -0.066101
0.028777 0.00572 0.009551
0.029 0.00392 -0.069777
0.009018 0.035861 0.024953
0.026819 0.040097 -0.013229
-0.008119 0.035249 -0.024033
0.015064 -0.036035 -0.022209
-0.047304 0.041354 -0.06666
0.002384 0.039502 0.029788
-0.004809 0.04359 -0.027036
-0.014745 -0.04328 -0.00194
-0.013924 0.044218 -0.277918
-0.020574 -0.009277 -0.068812
0.02741 -0.010278 -0.068245
-0.024572 0.043734 -0.330039
0.010577 -0.0372 -0.026408
0.029549 0.03899 0.002907
0.022762 -0.03014 -0.20087
0.038692 0.009571 -0.074453
0.007317 -0.038953 -0.241516
-0.051768 0.0209 -0.287467
-0.056924 -0.012722 -0.189471
-0.02 0.017656 -0.271982
-0.035824 0.010113 -0.366323
0.032753 -0.018155 0.003316
0.00203 -0.033352 -0.02009
0.025497 0.001446 -0.06819
0.020168 -0.046102 -0.008608
-0.004723 -0.027573 -0.017858
0.018499 -0.042314 -0.278634
0.03879 -0.013409 -0.048762
0.032334 -0.007603 0.007613
-0.01677 0.046794 -0.033616
0.0199 -0.016096 -0.050525
-0.046745 0.027625 -0.28829
-0.00608 0.038839 0.0291
0.029976 -0.020975 -0.198732
-0.023148 -0.014134 0.005172
0.027248 -0.007688 -0.068784
-0.020582 0.009267 -0.068776
0.004238 -0.03594 0.026371
-0.021107 0.029554 -0.314614
-0.012765 -0.017143 -0.272804
-0.019039 -0.04575 0.012709
-0.01145 -0.028966 -0.318878
-0.002153 -0.035787 0.026382
-0.018436 -0.046879 0.005814
0.010184 -0.042325 -0.33814
0.003249 -0.032893 -0.296232
0.038049 -0.024358 -0.020295
0.028121 0.037304 -0.004422
-0.03538 0.023945 -0.33697
-0.022674 0.035201 -0.011482
-0.027121 0.014953 -0.006258
0.030806 -0.017709 -0.065258
-0.029896 -0.003757 -0.026095
-0.02571 -0.022686 -0.28208
-0.023356 0.007056 0.006931
0.025468 0.009559 0.006942
0.017561 -0.007292 -0.020302
-0.016373 0.029167 -0.311169
0.024114 0.026256 -0.236461
0.030392 0.02461 -0.061041
0.033098 -0.024632 -0.058313
0.030807 0.017709 0.005258
0.032042 0.032583 -0.050696
-0.058819 -0.029222 -0.126656
0.006939 0.040516 0.029116
0.0112 -0.03187 -0.0058
0.027537 -0.005928 -0.06922
0.022136 0.040732 -0.278685
0.034893 0.016823 -0.103333
0.036756 0.023557 -0.075793
0.028137 0.00276 0.00972
-0.025718 -0.038422 -0.014249
0.004168 -0.041795 -0.029078
0.0271 0.04336 -0.0058
-0.017726 -0.038858 -0.03
-0.022219 -0.038781 -0.032034
-0.053823 -0.019853 -0.279684
-0.016254 0.032426 -0.001454
-0.011976 -0.01678 -0.012946
-0.009216 0.020622 -0.044835
0.002856 -0.048938 0.0
0.024175 -0.038425 -0.016778
0.003212 0.038019 0.029063
0.013913 -0.03483 0.020108
0.032964 0.015738 -0.064265
0.020007 -0.023791 -0.018418
0.030072 -0.006778 0.009219
-0.014764 0.028075 -0.303292
-0.02 0.0332 -0.0522
0.020194 -0.043848 -0.294082
-0.005614 0.031221 -0.002907
-0.027245 -0.018433 -0.365329
-0.016589 -0.029895 -0.314776
-0.001029 0.039675 -0.029868
-0.024317 0.011321 -0.060301
-0.013556 0.042129 -0.025717
-0.002807 0.031315 0.007212
-0.023789 -0.026991 -0.055346
0.02102 -0.04636 0.002903
-0.023125 0.0296 -0.053743
-0.024788 0.007833 -0.064159
-0.011223 0.039666 -0.027753
-0.02 -0.022549 -0.360137
-0.007805 0.049412 -0.132736
-0.015322 -0.042801 -0.305929
-0.017344 -0.043019 -0.014616
-0.016432 0.016931 0.003267
0.024994 0.035768 -0.008673
0.016752 -0.010193 -0.361957
-0.021042 0.021663 -0.036437
-0.00916 0.025428 -0.34164
0.02114 -0.03152 -0.29998
-0.045149 0.001283 -0.287339
0.019968 -0.042807 -0.284022
-0.040244 -0.038243 -0.073055
-0.012559 -0.005655 -0.016555
8.1e-05 0.021121 -0.307851
-0.006756 0.044951 -0.023994
-0.012537 0.009585 -0.016547
-0.029934 -0.003831 -0.03
0.03009 0.032832 -0.052396
-0.004164 0.041789 0.029066
-0.046034 0.007958 -0.287724
0.036224 -0.012054 -0.059524
-0.013715 -0.036621 -0.02408
-0.026862 -0.017835 -0.297179
-0.056899 0.005422 -0.19813
-0.06008 -0.0171 -0.1623
-0.049941 0.026119 -0.287967
0.013244 -0.033963 0.017812
-0.014176 0.03226 -0.024131
-0.012626 -0.015422 -0.052231
-0.023024 -0.010715 -0.375747
0.016194 -0.04971 -0.346137
0.003308 0.001282 -0.282376
0.029001 0.013471 0.007617
0.0195 0.04243 -0.0212
-0.017555 -0.0309 -0.313574
-0.051662 -0.02383 -0.282082
-0.027736 -0.04303 -0.260916
-0.03144 -0.003243 -0.374986
0.0 -0.032767 -0.017759
-0.017974 -0.046709 0.008627
0.013454 0.034439 -0.36014
0.0 0.03169 0.0114
-0.031227 -0.025406 -0.360079
0.032295 -0.00437 -0.068165
-0.01088 0.039741 -0.196881
-0.022528 0.030311 -0.053863
0.013455 -0.042314 -0.304635
-0.003742 0.037608 -0.028654
-0.02852 0.0141 -0.0453
-0.00981 0.045346 -0.289263
-0.006183 -0.033208 -0.360062
-0.017925 -0.020738 -0.363597
-0.0081 -0.03757 -0.0277
0.027928 -0.006778 0.009218
-0.018756 -0.041851 -0.194809
-0.006153 -0.048221 -0.335114
-0.024998 -0.034571 -0.026096
-0.014837 -0.001452 -0.064183
0.029629 0.04 -0.004361
0.031623 0.038901 -0.03
0.007 -0.054435 -0.329961
0.03224 -0.0108 0.0069
-0.03701 -0.018075 -0.286096
0.031885 -0.000901 -0.229921
-0.015068 0.016038 -0.060773
-0.017845 -0.030354 -0.363526
0.028767 0.003768 0.009771
0.022838 0.045871 0.001455
-0.044748 -0.037432 -0.163317
-0.033772 -0.02062 -0.285971
0.028447 0.037261 0.001439
-0.02 0.011606 -0.068233
0.018231 -0.041309 0.023254
0.011986 0.044405 0.023122
0.035877 -0.017759 -0.110783
0.003 0.01636 -0.30101
0.037993 0.023791 -0.018418
-0.016261 -0.035224 -0.018426
0.011526 -0.03471 0.021252
0.011771 -0.042298 -0.026457
-0.015903 0.009674 0.005155
-0.0176 0.04528 -0.0166
-0.014789 0.01556 -0.369683
0.00238 -0.032563 -0.016623
-0.029785 -0.04 -0.002912
-0.025515 -0.002128 -0.063229
0.039223 -0.003344 -0.060145
0.004998 0.042123 -0.156491
-0.027495 -0.023771 -0.018427
0.029863 0.00276 -0.06972
0.00203 -0.046323 0.021229
-0.01927 -0.0072 -0.0692
0.019705 -0.035027 0.015383
0.024865 0.040096 -0.01661
-0.002735 0.03793 0.029048
-0.04606 -0.0378 -0.07155
-0.024426 0.042275 -0.015468
0.02495 -0.035702 -0.008649
-0.0271 0.04336 0.0058
-0.005117 0.041581 0.029056
-0.032729 0.043756 -0.287712
0.013508 -0.047447 -0.079176
0.025353 -0.035737 0.007265
-0.029656 -0.028542 -0.315674
-0.0208 0.03376 -0.0058
-0.032837 -0.043275 -0.288308
-0.003614 -0.007844 -0.367787
-0.02 -0.020465 -0.364307
-0.016337 0.039492 -0.025002
-0.005256 0.043026 -0.02773
-0.028813 -0.041915 0.004454
-0.018894 -0.029903 -0.311673
-0.026691 0.002704 -0.000509
-0.019245 0.014736 -0.066996
0.028007 0.00943 -0.295514
0.037231 0.011282 -0.056716
-0.005378 0.01556 -0.298035
-0.014732 0.01424 -0.060784
-0.019088 -0.029111 -0.056903
-0.016186 0.052634 -0.107738
0.009369 -0.041901 0.027758
-0.02357 -0.021017 -0.06088
0.017 -0.003292 -0.362131
-0.020587 -0.020183 0.004361
0.030148 -0.010854 -0.068236
0.00203 0.033981 -0.02217
-0.012602 0.028475 -0.328434
0.036789 -0.01863 -0.092533
-0.00454 0.03925 -0.03035
-0.023177 -0.025375 -0.351944
-0.05112 0.0304 -0.28776
-0.012916 0.0461 0.017811
-0.0 -0.048136 0.012706
0.020194 -0.02356 -0.043464
0.024216 0.006485 -0.066023
0.002858 -0.031092 0.002905
0.002383 -0.033361 0.020088
-0.009022 0.034607 -0.02218
0.004759 -0.032665 0.016632
-0.001633 -0.042143 0.029065
0.018564 0.014331 -0.01657
0.025816 0.019346 -0.063289
0.020685 0.021862 -0.048807
0.0012 -0.00029 -0.3624
-0.029331 0.040096 -0.005835
0.005505 0.021802 -0.041837
-0.021748 0.029798 -0.055431
-0.026159 -0.040822 0.014211
-0.02903 -0.0 -0.04703
-0.0 -0.032767 0.017759
0.032793 -0.008311 -0.066954
-0.018804 0.038848 -0.037899
0.022832 0.020944 -0.299911
-0.00238 -0.047436 0.016623
-0.01448 -0.012071 -0.266135
-0.021904 0.033201 -0.050692
-0.006761 0.041628 -0.028699
0.018242 0.036584 -0.259246
0.027911 -0.032829 -0.007607
-0.010309 -0.027443 -0.336108
-0.013062 0.028864 -0.316766
-0.025251 0.029614 -0.012854
-0.034426 0.015504 -0.278168
0.012107 -0.013098 -0.297198
-0.02 0.022039 -0.279863
0.018766 0.003536 -0.009489
0.000457 -0.020365 -0.303065
0.00213 -0.038851 0.029623
-0.02039 -0.009428 -0.068818
-0.042368 -0.021119 -0.287052
-0.013602 -0.0117 -0.017918
-0.008034 -0.041024 0.028672
-0.022282 0.00993 -0.067582
-0.034441 -0.016027 -0.299892
-0.009436 -0.038996 0.028245
-0.006167 0.036497 -0.360156
0.040472 -0.011418 -0.031952
0.020991 0.026518 -0.043433
-0.016828 0.005088 0.007544
0.0043 -0.03682 -0.0277
-0.043459 -0.018308 -0.328824
-0.008541 -0.001778 -0.375242
-0.015123 0.016809 -0.271793
-0.001628 0.001323 -0.36155
0.021357 -0.0 0.00073
-0.029845 0.015185 -0.272626
0.016304 0.047554 0.001457
0.008514 0.031428 -0.002906
-0.012415 -0.024169 -0.039693
-0.0249 -0.04 -0.0166
-0.044434 0.013839 -0.299882
-0.021653 0.020992 -0.063316
-0.014619 0.030232 -0.01461
0.009927 -0.043045 -0.026363
-0.018968 0.029628 -0.322072
-0.01834 -0.020993 -0.063316
0.022882 0.040693 0.019133
0.002031 -0.033059 -0.018939
0.02491 0.024631 -0.001688
-0.034078 0.020129 -0.286442
0.000571 -0.053617 -0.329962
0.011809 -0.041485 0.02707
-0.001579 -0.04534 -0.024023
-0.015825 0.028857 -0.331535
0.023379 -0.031904 -0.249938
-0.012755 -0.018363 -0.274645
0.0195 0.03757 0.0212
-0.027484 0.018846 -0.048798
-0.023065 -0.037229 -0.037872
0.003834 0.017726 -0.324085
-0.038635 0.006509 -0.053956
-0.02898 -0.04 0.00776
0.04081 0.003759 -0.024139
-0.002382 0.031891 -0.012725
-0.012594 -0.0 -0.003291
0.027038 0.031169 -0.005978
0.017014 0.04425 0.02015
-0.003898 0.040128 0.029626
-0.013538 0.007536 -0.000506
-0.001458 -0.04 -0.029892
0.015197 0.043376 -0.023176
-0.040309 -0.027424 -0.28695
-0.01728 0.028471 -0.336246
-0.004236 -0.044444 -0.025659
-0.01572 0.002132 -0.066041
-0.012628 -0.036827 -0.024958
-0.011958 -0.028946 -0.313473
0.020977 -0.021507 -0.050535
-0.020393 0.011309 -0.068248
-0.01812 -0.017358 -0.065167
-0.059675 -0.000356 -0.182887
0.028998 -0.009713 0.008757
0.005256 -0.043025 0.02773
0.029463 0.011312 0.008257
-0.003902 0.005166 -0.298125
-0.019795 0.001809 -0.069864
-0.016839 -0.037476 -0.035919
0.005077 0.039192 0.029414
-0.00316 -0.04452 0.025669
0.032338 0.034287 -0.047201
0.001613 0.044448 -0.27666
0.0112 0.04813 -0.0058
-0.024898 -0.010312 -0.063237
0.017268 0.043603 0.021301
0.035639 -0.026292 -0.009413
0.010819 -0.036705 -0.025644
0.039622 -0.018496 -0.028047
-0.00406 -0.039485 -0.029634
0.018926 -0.021696 -0.028045
-0.04597 0.005679 -0.292664
-0.002032 -0.045685 0.023105
0.0114 0.04 -0.0277
0.034801 -0.02244 -0.05682
0.029921 -0.011007 -0.068246
0.007962 -0.047783 -0.012726
-0.020914 0.046314 0.004352
0.031261 0.001451 0.009218
-0.009368 0.038099 0.027757
0.033021 -0.019609 0.002132
-0.038857 0.00568 -0.365075
-0.027722 0.028472 -0.312559
0.014381 -0.044008 -0.302491
-0.004363 -0.04 0.02965
-0.001628 -0.007906 -0.361543
-0.031749 0.049983 -0.057539
-0.0146 0.02914 -0.32442
-0.023655 0.008996 -0.066066
-0.019161 -0.00211 -0.06971
-0.000393 0.032837 -0.025203
0.022846 0.039191 0.019106
-0.0212 0.04636 0.0
-0.0106 0.03871 0.0277
-0.00999 0.038395 0.027744
0.031115 0.006848 -0.068732
-0.012751 -0.008471 -0.360083
-0.009934 0.023196 -0.288693
-0.003005 -0.007768 -0.29799
0.025682 0.037468 0.012809
-0.011414 0.023959 -0.350508
0.019391 0.002708 -0.053746
0.026018 -0.024566 -0.295378
-0.038616 -0.018319 -0.349908
-0.007133 -0.047149 -0.016623
-0.015524 -0.042556 0.024095
0.035315 0.008527 -0.149677
0.036894 -0.016355 -0.055289
-0.016409 -0.03926 -0.329969
-0.001868 0.032483 -0.299922
0.004474 -0.051174 -0.066027
-0.01107 -0.044208 -0.334679
0.03371 0.0157 0.0032
-0.021702 -0.003551 0.009215
-0.001633 -0.037857 -0.029065
0.028977 0.034985 -0.330031
-0.006097 -0.026744 -0.317825
-0.02352 -0.0058 0.0069
0.024628 -0.034687 -0.043446
0.028416 -0.041799 -0.036919
0.037039 -0.00213 -0.059509
-0.027337 0.044201 -0.286521
-0.01156 -0.047806 -0.28635
-0.003155 -0.035132 -0.02494
0.021373 -0.029455 -0.020289
0.04081 -0.003759 -0.035861
-0.008464 -0.031435 0.002906
-0.048079 0.009939 -0.314676
0.015055 -0.045235 -0.290752
-0.045342 0.008558 -0.2936
-0.017809 0.028504 -0.303592
-0.014745 0.04328 0.00194
0.013338 -0.047636 -0.008625
0.010984 -0.050158 -0.042459
0.013787 -0.03201 -0.001455
-0.011368 -0.017808 -0.039692
-0.00641 -0.0436 -0.34062
-0.015549 0.020123 -0.000461
-0.018515 0.007686 -0.068775
0.014192 0.035716 0.022153
-0.008808 0.046433 0.018916
-0.025652 -0.041559 -0.294196
-0.00148 0.045196 -0.29521
-0.046886 0.031221 -0.288465
-0.020399 0.044285 0.0167
0.03065 -0.0055 0.0092
0.029785 0.04 -0.002912
-0.01387 -0.033488 0.015351
-0.02692 0.0277 -0.0222
-0.013739 -0.029154 -0.018384
-0.020945 0.001459 -0.069701
0.032188 0.033462 -0.048981
0.017519 0.011488 -0.03
-0.051164 -0.017638 -0.284798
-0.02338 -0.01959 -0.062106
-0.02777 -0.024772 -0.026094
0.014616 0.043019 0.017344
0.024372 -0.037479 -0.293763
0.028576 -0.012347 -0.346349
-0.02102 -0.046362 0.002903
-0.024163 0.029388 -0.322221
-0.043417 0.017793 -0.329554
-0.018861 -0.008537 0.00877
-0.010474 -0.003758 -0.018434
-0.034404 -0.000298 -0.372604
-0.021548 0.04398 -0.279562
-0.019053 -0.032815 -0.007604
-0.051155 0.020612 -0.087166
0.016153 -0.047477 -0.004367
-0.0006 -0.037098 -0.315657
-0.018091 -0.034528 -0.015312
0.0153 -0.04189 0.0249
0.0114 0.04831 0.0
0.000117 0.040928 -0.25992
-0.01118 0.044974 -0.2978
0.020961 -0.00213 -0.000491
-0.046825 -0.0075 -0.342119
-0.02327 0.028461 -0.303999
-0.048299 0.028958 -0.083614
-0.05146 0.0228 -0.23909
0.02144 -0.0427 -0.29527
-0.028434 0.00636 -0.050509
0.032183 -0.02917 -0.09946
0.009774 0.001215 -0.314263
-0.003011 0.017017 -0.011693
0.009927 0.043045 -0.026363
-0.004837 0.022136 -0.294459
-0.005922 -0.020583 -0.286407
0.033553 0.022078 -0.059641
-0.023433 0.024617 -0.058297
-0.021047 -0.038063 -0.020237
-0.017867 0.0294 -0.312564
-0.014434 -0.042365 0.024967
0.020961 -0.042071 0.020215
0.00203 0.033677 0.021229
-0.017771 0.044894 -0.28548
-0.011055 0.031948 0.007203
-0.015767 0.028514 -0.305293
0.039352 -0.022276 -0.056346
0.01857 -0.034374 -0.014014
-0.000163 -0.022615 -0.324044
0.000186 -0.048116 -0.295154
-0.027128 0.028 -0.305808
0.000997 0.034507 -0.29991
-0.02 0.02965 -0.32002
0.00626 -0.043658 -0.339367
-0.014065 -0.04 0.026421
-0.055317 -0.03212 -0.090459
0.03463 -0.020441 -0.346387
-0.0 0.03658 -0.0277
-0.02102 -0.03364 0.002903
0.000546 -0.041011 -0.360079
-0.016344 0.034676 -0.043442
-0.005677 0.004205 -0.371754
-0.012896 -0.034221 -0.018969
-0.029975 0.039914 -0.178812
-0.013913 0.04517 -0.020108
0.001649 0.037855 0.029062
-0.013136 -0.01128 -0.056711
-0.011329 -0.00633 -0.375924
0.029233 -0.003768 0.009771
-0.027771 0.025007 -0.03
-0.022436 -0.009496 -0.067558
-0.018495 -0.046967 -0.004358
0.034706 0.03388 -0.039762
-0.0146 -0.025368 -0.007727
0.027189 0.042663 -0.008661
-0.011818 -0.020999 -0.039698
0.01657 -0.033842 0.01404
0.015725 -0.032659 -0.007224
-0.002808 0.031432 0.008617
0.037479 -0.028093 -0.031952
0.011055 -0.048052 -0.007203
-0.068036 -0.0037 -0.126083
0.003913 0.008636 -0.288364
0.018637 -0.021755 -0.037781
-0.01855 0.0141 0.0069
0.01857 -0.045625 0.014014
0.004759 0.047335 0.016632
-0.001633 0.037857 0.029065
0.003626 -0.041333 -0.029411
0.029 0.0392 -0.0378
-0.011806 0.03819 -0.231174
-0.020489 -0.033814 -0.007206
0.003503 -0.029166 -0.296587
-0.026938 -0.029363 -0.316726
0.034134 0.012092 -0.156288
0.031345 0.008615 0.008206
0.003748 0.041665 0.00649
-0.045702 -0.007585 -0.292936
-0.026126 0.04092 0.01417
0.023848 0.035326 -0.267129
0.002209 0.017552 -0.33833
-0.025525 0.01157 -0.373877
-0.019605 -0.005568 -0.069542
-0.025819 0.007373 -0.376676
-0.011887 -0.034385 0.020116
0.017778 -0.018452 -0.299859
-0.02077 0.027827 -0.001622
0.003721 0.016507 -0.334289
-0.014176 -0.03226 -0.035869
0.02448 -0.034753 -0.001449
-0.007413 0.03261 0.01533
0.019179 -0.034821 -0.360091
-0.01568 -0.040606 -0.295195
-0.01428 -0.022616 -0.053718
-0.004543 -0.018291 -0.283678
-0.02201 0.037449 -0.224853
-0.019015 -0.044827 -0.016664
0.005099 0.001266 -0.287238
0.011204 -0.033604 0.017793
0.004164 0.041789 -0.029066
0.026841 0.040823 0.012898
-0.02452 0.031408 -0.047118
0.0043 0.04318 -0.0277
-0.018677 0.022936 0.002186
-0.015791 0.019079 0.000802
-0.021156 -0.010693 -0.068201
-0.02 -0.02149 -0.36238
0.007 -0.051899 -0.346093
0.036627 0.029455 -0.020289
0.019124 0.021408 -0.037823
-0.045299 -0.0 0.005961
0.0153 0.04189 -0.0249
0.023564 0.017833 0.000752
0.006081 -0.046064 0.021228
-0.025792 -0.027425 -0.297639
0.008554 0.040177 0.028728
-0.028386 0.010211 -0.26646
0.025407 0.036665 -0.297384
-0.012872 -0.028485 -0.305767
-0.020004 0.045193 0.014058
-0.026159 0.040822 -0.014211
0.034337 0.0 0.030114
-0.01033 -0.032476 -0.012707
-0.013684 -0.032103 0.004363
0.011811 0.041487 0.027073
0.026772 0.024031 0.000969
-0.0011 -0.042175 -0.029062
-0.008514 -0.048572 0.002906
-0.0149 0.04447 0.0212
-0.00684 0.053342 -0.064158
-0.004753 -0.039048 0.02942
0.005148 -0.001743 -0.287339
-0.017562 -0.009496 -0.067558
-0.039441 0.009655 -0.083445
0.016942 0.045132 -0.017769
0.025493 -0.001459 -0.068191
-0.009053 0.04328 -0.011797
-0.018699 -0.032972 0.001453
0.027631 0.010695 -0.068209
0.006789 0.033344 -0.01894
0.008701 -0.000264 -0.337151
0.026995 0.026088 -0.255667
0.01218 0.03535 -0.36003
-0.01053 -0.0404 -0.29576
0.017974 -0.046709 -0.008627
-0.014693 0.006379 0.003229
0.023081 0.02814 -0.009362
-0.033719 -0.026781 -0.324289
-0.01509 -0.03304 -0.011432
0.000552 -0.040874 0.029772
-0.027242 0.042625 -0.008728
-0.020202 0.001809 -0.069864
0.026751 -0.008471 -0.360083
-0.015571 -0.031597 -0.012873
0.014981 -0.044937 -0.287549
0.009446 -0.038675 -0.244254
-0.013091 0.014053 -0.004752
-0.015834 0.050319 -0.133767
-0.024092 -0.009674 0.005154
-0.00531 0.048168 0.011423
0.031304 0.000725 0.009214
-0.016304 0.047554 -0.001457
0.040064 0.015231 -0.031951
0.028503 -0.016473 -0.291215
-0.018364 0.028861 -0.33384
0.020421 0.037408 -0.020091
-0.042538 0.007111 -0.356699
-0.01207 0.000336 -0.015926
0.000355 -0.046459 -0.339135
-0.016105 -0.041029 -0.234967
-0.05524 -0.0018 -0.2438
0.008447 0.040345 -0.02871
0.018419 0.0 -0.011239
0.0401 -0.007066 -0.043456
0.003746 0.015089 -0.33958
0.006327 0.035864 -0.229971
0.036186 -0.028207 -0.014632
-0.023032 -0.02847 -0.004739
0.03224 -0.0261 -0.0018
0.008264 -0.031642 -0.007212
-0.029529 0.003532 -0.041565
-0.02769 0.02202 -0.283075
-0.007755 -0.041924 0.028238
-0.03461 0.014216 -0.363598
-0.003785 0.042847 -0.028186
-0.015152 0.022419 -0.003202
0.027645 0.038871 -0.037897
0.023569 0.044034 -0.012786
-0.023915 -0.026747 -0.00467
-0.000268 -0.044739 -0.272319
-0.021511 -0.041341 0.020289
-0.02145 -0.0141 0.0069
-0.020659 0.044657 -0.284901
-0.013344 -0.028516 -0.305113
-0.001303 0.052963 -0.057888
-0.005112 -0.054649 -0.329961
0.034076 -0.000288 -0.197315
0.01809 0.045469 -0.015311
-0.005697 -0.042506 0.028233
0.005929 0.05486 -0.022539
-0.02 -0.039514 -0.024135
0.036627 -0.029455 -0.039711
-0.01003 0.0 -0.028049
0.031099 -0.032246 -0.052434
0.00823 0.009784 -0.320008
-0.0281 -0.02794 -0.30378
-0.004753 0.039048 -0.02942
-0.022466 -0.015995 -0.26936
-0.003003 -0.005503 -0.29792
0.038156 0.019513 -0.012917
-0.036371 0.015407 -0.280951
-0.030151 -0.014437 -0.368711
0.006733 -0.046467 -0.334137
-0.01612 0.036775 -0.028046
-0.042608 0.012782 -0.290682
-0.01865 0.040673 0.023263
-0.004192 0.023085 -0.339889
0.036457 -0.020373 -0.006233
0.002152 -0.036659 0.027732
0.035854 0.006965 -0.062018
-0.023041 -0.004839 -0.261234
0.020977 0.002706 -0.000493
-0.043027 -0.033703 -0.238309
0.035853 -0.022621 -0.006277
-0.02463 -0.012118 0.003255
-0.022708 -0.032429 -0.009343
-0.019449 -0.029677 -0.331382
0.0336 -0.036439 -0.035858
-0.006756 -0.044951 0.023994
0.029699 -0.017019 -0.243175
0.026024 0.043284 -0.010016
0.0 -0.043015 0.022801
-0.03424 -0.00478 -0.268122
-0.014861 -0.000967 -0.361517
-0.023245 -0.027444 -0.295728
0.01723 -0.007665 -0.03
-0.0294 -0.04 -0.0058
0.004427 0.041093 0.029414
0.022719 0.011386 0.002033
-0.018919 0.028028 -0.33965
-0.021517 0.034526 0.01006
-0.014416 0.031351 -0.041656
-0.005605 -0.040333 -0.029424
0.02429 -0.0157 0.0032
0.04076 0.0 -0.0378
-0.010003 0.0275 -0.330527
-0.021053 0.03997 -0.189477
0.024357 -0.036788 -0.031955
0.036527 -0.004259 -0.060787
-0.029943 -0.028513 -0.321082
0.009251 0.005639 -0.314364
-0.005446 -0.041446 -0.029075
0.026771 -0.036629 0.007213
-0.019229 -0.029189 -0.003027
0.03156 0.037697 -0.020209
0.031555 -0.030926 -0.346375
-0.0157 -0.02797 -0.34118
-0.025725 -0.031605 -0.020279
-0.055445 0.020617 -0.083863
0.0011 -0.041688 -0.029413
0.016593 -0.042725 -0.023187
0.034194 -0.004568 -0.195333
0.003155 -0.044868 -0.02494
-0.040813 -0.025775 -0.286928
-0.02327 -0.028949 -0.303959
-0.014399 0.040524 -0.18947
0.022364 -0.009084 0.001977
-0.022133 0.0294 -0.312564
-0.035432 0.022143 -0.29515
-0.02102 0.033638 0.002903
0.012934 -0.045016 -0.316018
-0.008937 0.018997 -0.360016
-0.045202 -0.014481 -0.304585
-0.018078 -0.000725 0.009213
-0.016544 -0.032474 -0.011208
0.018633 0.01059 -0.012942
0.037098 0.021203 -0.009472
-0.022997 0.0 -0.068141
-0.02 -0.005869 0.009551
-0.018091 0.045472 -0.015312
-0.022787 0.014309 -0.267974
0.03923 0.0141 -0.0453
0.02495 0.026321 -0.184243
-0.025782 -0.04633 -0.054243
0.029143 -0.038982 0.005873
-0.019023 -0.052107 -0.087666
0.0011 0.037825 0.029062
-0.041167 -0.018159 -0.05306
0.025008 -0.031613 -0.050512
0.016392 0.044638 -0.290516
-0.021593 0.025607 -0.289998
0.040293 -0.007067 -0.041578
-0.028185 0.017125 -0.045322
0.005312 -0.043959 -0.026346
-0.028448 -0.046772 -0.283326
0.013408 -0.036764 -0.189818
0.002658 0.047678 0.015327
-0.016209 -0.02851 -0.338597
-0.03831 -0.031934 -0.313585
0.03359 -0.0369 -0.03
0.040133 0.011266 -0.039695
-0.026938 0.02886 -0.316717
-0.0094 -0.02796 -0.32858
-0.049788 0.002662 -0.32
-0.021047 0.041937 -0.020237
0.016103 -0.032506 -0.004364
0.011396 0.035139 -0.242475
-0.0142 -0.02965 -0.31998
-0.011557 0.008828 -0.265453
0.00491 -0.010472 -0.346453
-0.00089 0.012474 -0.358104
0.03821 0.0127 -0.0522
-0.00751 -0.01301 -0.29813
-0.021032 0.029628 -0.322072
-0.010822 -0.039016 0.027753
-0.031349 -0.004594 -0.265371
-0.0 0.03169 -0.0114
0.02499 -0.002177 0.007588
0.00182 -0.04188 -0.29997
-0.02102 0.04636 0.002903
-0.024933 0.034423 -0.024109
0.029923 0.031742 -0.053984
-0.02802 0.020953 -0.018418
0.038765 0.021195 -0.03971
-0.009156 0.046681 -0.017761
0.003785 0.037153 -0.028186
-0.043641 -0.03329 -0.202092
-0.0277 -0.04342 0.0
0.03134 0.007125 -0.239141
-0.02089 0.006778 -0.069217
0.028344 0.007355 -0.069224
0.026459 -0.012473 0.006972
-0.023067 0.03723 -0.037873
-0.019804 0.04068 0.022335
0.0094 -0.00605 -0.32
0.017346 -0.007593 -0.035863
0.00213 0.03885 0.029624
-0.016847 0.014134 0.005172
0.019384 0.041328 -0.022338
0.038324 0.024959 -0.03196
-0.026536 -0.030361 -0.031955
-0.057966 0.019275 -0.173671
0.028315 0.037246 0.002899
-0.001794 -0.020655 -0.344436
-0.000794 0.020513 -0.012821
-0.010468 -0.026088 -0.343432
-0.024562 -0.009646 -0.064196
0.035302 0.020819 -0.003277
-0.038992 -0.023414 -0.31998
-0.011499 -0.020452 -0.360793
0.010822 -0.040984 -0.027753
-0.02653 -0.042688 -0.170897
0.024426 0.025778 -0.199807
-0.015278 -0.037313 0.024082
-0.016683 0.038166 -0.237329
-0.020408 -0.018591 -0.065324
0.028006 0.002109 0.00972
-0.039447 0.022151 -0.328147
-0.017872 0.01247 0.006965
-0.014147 -0.032512 -0.026038
-0.01862 0.0055 0.0092
-0.031018 -0.008995 -0.372849
0.00978 -0.047133 -0.015307
0.008409 0.031565 -0.005808
0.016192 0.043186 -0.313865
-0.004809 0.03641 -0.027037
-0.054603 -0.016406 -0.258157
-0.010934 0.024801 -0.34707
-0.028404 -0.042784 0.001464
-0.058258 -0.012916 -0.18066
-0.016902 -0.037872 -0.031923
-0.005077 -0.040807 0.029414
-0.02375 -0.008298 -0.066055
-0.049621 -0.040792 -0.109963
0.018651 -0.046993 -0.00291
-0.0228 -0.037801 -0.017913
-0.0106 0.03232 -0.0114
-0.0227 0.0261 -0.0018
-0.027552 -0.042688 -0.007251
-0.004753 0.040952 0.02942
-0.027464 0.028009 -0.333285
0.022086 0.032361 -0.024084
0.018407 -0.036942 -0.021278
-0.025497 0.021721 -0.004776
0.011633 0.034513 -0.202526
0.031591 -0.038475 -0.035896
-0.001385 -0.051111 -0.086095
-0.011055 0.048052 -0.007203
-0.020399 -0.044285 -0.016699
-0.02 -0.038231 -0.018394
0.023215 0.038817 -0.275349
-0.013121 0.022145 -0.048791
0.020538 -0.027975 -0.026097
-0.010581 -0.040945 -0.227147
-0.017796 0.014563 0.006101
-0.010985 0.028008 -0.328531
-0.007209 0.045283 0.023076
-0.009159 -0.02594 -0.29836
-0.015427 0.009646 -0.064197
-0.017467 -0.033386 0.010023
-0.022 0.03135 -0.36003
0.024404 0.036436 -0.024143
0.035163 -0.00213 0.004201
-0.002031 -0.032796 0.017785
0.029 0.0078 -0.0692
-0.038115 0.05071 -0.073053
-0.008939 -0.046256 -0.337614
0.029366 -0.038988 0.004434
0.018434 0.046875 -0.005813
-0.009649 -0.039317 0.028273
-0.022718 0.028028 -0.339049
-0.004649 -0.025942 -0.31998
-0.013778 -0.028032 -0.301263
0.025963 -0.017785 0.004295
0.027842 -0.022483 -0.242722
-0.051769 -0.013521 -0.088065
0.0294 -0.04 0.0058
0.015363 0.036122 -0.02222
-0.025098 0.03761 0.014176
-0.020555 0.029633 -0.322723
0.032376 0.035069 -0.045432
-0.015248 -0.032884 0.010031
-0.027591 -0.042711 0.007278
0.030092 -0.03389 -0.009256
0.030463 0.005928 -0.06922
-0.006748 -0.026755 -0.328445
0.008264 0.048358 -0.007212
0.006123 -0.038102 0.028653
-0.013373 0.03594 0.023089
0.036244 0.0 0.027814
0.0178 0.046907 -0.069786
-0.00942 -0.046442 -0.336714
0.010907 -0.047954 -0.008605
-0.01624 0.043507 0.022249
0.004847 0.006285 -0.298069
0.00839 -0.038361 0.028266
-0.012665 -0.037437 -0.025738
0.027632 0.016233 0.006196
-0.008832 0.020944 -0.299911
-0.02344 -0.024617 -0.001704
0.003155 -0.044869 0.02494
-0.002057 -0.039357 -0.029774
0.0 -0.046681 0.020061
0.03053 -0.025242 -0.155421
-0.00464 -0.03533 -0.03039
-0.040407 -0.019445 -0.341065
0.021277 0.017211 -0.004707
0.018089 -0.045468 0.015311
-0.013244 0.033963 0.017812
0.02992 -0.0363 -0.07867
-0.016304 -0.047554 0.001457
0.03371 0.0157 -0.0632
0.001581 -0.040743 0.029775
-0.054538 0.009939 -0.221928
-0.012833 -0.028009 -0.302518
0.019304 0.035408 -0.144497
-0.014259 0.014787 -0.296068
-0.024806 -0.027207 -0.007683
0.025705 -0.00437 0.008165
-0.019434 -0.003188 0.00973
-0.018089 -0.045468 -0.015311
0.016844 0.046347 -0.012733
0.0 0.0 0.045659
-0.044978 -0.003217 -0.287331
-0.004759 0.032665 0.016632
0.010872 -0.037511 -0.197141
0.038305 0.024841 -0.033912
0.015603 0.045814 -0.016634
-0.010605 -0.043279 0.010605
-0.013738 0.047957 0.002906
0.040477 0.0 -0.041556
0.034106 -0.016774 -0.061991
-0.018819 0.039157 -0.035967
-0.027627 0.015778 -0.050513
0.029 -0.038767 -0.020284
-0.003158 -0.045269 -0.024034
-0.030812 -0.023685 -0.350299
-0.021734 -0.036372 0.016677
-0.026222 0.027552 -0.301303
-0.013585 0.045247 0.020105
-0.01224 -0.045555 0.020118
0.0322 -0.032464 -0.050673
-0.014293 0.011474 0.000765
-0.015412 -0.005034 -0.065129
0.02878 -0.007655 0.009224
0.032444 -0.028397 -0.3136
0.027758 0.035732 -0.047243
0.034328 -0.020137 -0.059562
-0.01449 0.04328 0.00388
-0.005605 0.039667 -0.029424
-0.026446 0.036602 -0.219546
-0.016353 0.004353 -0.066927
-0.02769 0.021955 -0.356965
0.031219 0.005536 -0.283132
-0.02 0.02462 -0.35322
0.018041 -0.015081 -0.024148
0.005217 -0.042593 0.02822
0.031707 -0.036934 -0.329971
-0.025124 -0.029349 -0.33019
0.029223 -0.005721 -0.069554
-0.002658 -0.031301 0.007214
0.009031 -0.039364 -0.177592
-0.001578 -0.044942 0.024928
0.01154 -0.045771 -0.328914
0.016593 0.037275 -0.023187
-0.012594 -0.009062 -0.004762
0.035345 -0.02863 -0.07684
-0.005563 -0.048133 -0.289447
-0.047867 0.043109 -0.124074
-0.016587 -0.013279 -0.065121
-0.035459 -0.018347 -0.356298
0.005186 0.03451 0.023106
-0.024871 -0.041043 -0.293664
0.000553 0.040425 0.029866
0.042039 -0.021755 0.00275
0.016339 0.039492 -0.025005
0.027641 0.018032 -0.065293
0.035616 -0.002129 -0.063239
0.002153 0.044213 -0.026382
-0.013778 -0.028062 -0.338697
-0.00165 -0.038344 0.02941
0.017416 0.037034 0.022247
-0.03741 -0.03835 -0.329969
-0.041617 -0.043541 -0.077625
-0.011394 0.017982 -0.03969
-0.02 -0.025993 -0.350612
-0.023209 -0.023596 -0.059586
-0.00999 -0.038395 -0.027744
-0.027931 0.039018 -0.010073
0.019701 -0.020154 -0.045344
-0.00909 0.054638 -0.023462
-0.007334 -0.025262 -0.299256
-0.024178 -0.008976 -0.065142
0.034483 0.005037 0.005152
-0.012932 0.028087 -0.028049
-0.041219 -0.034991 -0.238495
0.012486 -0.044722 0.022191
-0.014265 -0.03698 -0.026243
0.030242 0.035732 -0.012757
0.009514 -0.004664 -0.325744
-0.008264 0.048236 -0.008616
0.009949 -0.037602 0.027113
0.015679 -0.041461 0.024991
0.027088 -0.033985 -0.283445
0.023359 0.026117 -0.053855
0.004427 0.041093 -0.029415
-0.054348 -0.022232 -0.278271
-0.027583 -0.016083 -0.050511
0.017192 -0.042654 -0.300223
-0.015089 -0.010312 -0.063239
0.020319 0.030685 -0.242566
0.025641 0.035687 -0.005832
0.004607 0.045117 -0.282259
0.032576 0.006346 -0.067591
0.038668 -0.016492 -0.047068
0.016103 0.047494 -0.004364
0.025334 -0.037751 -0.033989
-0.004412 -0.04654 0.020099
0.024426 -0.037725 0.015468
0.0 -0.035357 0.025628
-0.01231 -0.022464 -0.283035
-0.026068 -0.041919 -0.179807
-0.01031 -0.044105 -0.336501
-0.01616 -0.007741 -0.066048
-0.010056 0.003831 -0.03
-0.018863 0.012568 0.007613
-0.026126 0.03908 -0.01417
0.0269 0.032247 -0.007565
0.010857 -0.042693 -0.026429
0.003212 -0.038019 -0.029063
0.020166 -0.015431 -0.052242
-0.011835 -0.013407 -0.011241
-0.026005 0.019465 -0.004744
-0.017897 -0.01848 -0.367356
-0.005312 0.043959 -0.026346
-0.010667 0.027975 -0.327576
0.002606 -0.038951 -0.029625
-0.022838 -0.045871 0.001455
0.027656 -0.021454 -0.063371
0.011776 0.045052 -0.313697
-0.026168 -0.028601 -0.016516
-0.024626 0.026337 -0.006149
-0.008266 0.016653 -0.276541
-0.017325 -0.019339 -0.063279
-0.046565 0.001287 -0.292323
0.01799 0.010818 -0.041573
0.018189 -0.040128 -0.023704
-0.002162 0.037445 0.028662
0.002222 -0.051578 -0.346303
0.022104 -0.005794 -0.361973
-0.0277 0.03658 0.0
0.034164 0.029732 -0.009421
-0.007223 0.043653 0.026396
0.026328 0.042538 -0.011499
0.011731 -0.04578 -0.320823
-0.002153 0.035787 -0.026382
0.001266 0.017729 -0.341791
-0.020915 0.021097 -0.296743
-0.057563 0.022093 -0.279817
0.036342 0.005203 -0.13256
-0.007962 -0.031865 0.010017
-0.049662 -0.022371 -0.284836
-0.005637 0.04545 -0.023103
-0.014723 0.016611 -0.000486
-0.00916 0.009775 -0.372072
-0.013556 -0.042129 0.025717
-0.014561 0.004255 0.00324
0.031378 -0.035058 -0.047242
0.001077 0.043842 -0.027059
-7.2e-05 0.00976 -0.359709
-0.02747 -0.041798 0.010181
0.01103 0.040664 0.027772
0.02633 -0.04254 -0.0115
0.013313 0.024874 -0.296792
-0.012576 0.040337 -0.027159
0.018009 0.036118 0.020165
0.03731 -0.0277 -0.0378
0.030219 0.0 -0.069712
-0.005764 0.021949 -0.348249
-0.018363 0.028585 -0.003056
-0.036408 -0.019305 -0.352539
-0.036244 -0.042392 -0.287187
-0.016193 0.018375 -0.06207
0.00441 -0.01604 -0.01864
-0.01857 -0.034374 0.014014
-0.014071 -0.046451 0.015351
-0.046234 0.013979 -0.315232
-0.026873 -0.027314 -0.02032
0.0038 0.008126 -0.296883
-0.028252 0.041914 0.007284
-0.029077 -0.047635 -0.288109
-0.046041 -0.042413 -0.27926
-0.023899 0.010784 0.00516
0.017145 0.041165 -0.024163
-0.019745 -0.043015 -0.011401
-0.066225 -0.013104 -0.118786
-0.025626 0.041755 0.014151
-0.002281 -0.019484 -0.349197
-0.019084 0.004562 0.009516
0.024357 0.036788 -0.028045
-0.00721 -0.038853 -0.317474
-0.018516 0.027322 -0.001588
-0.024629 -0.012118 -0.063255
-0.015466 -0.01858 -0.366489
-0.019892 -0.039467 -0.02234
0.018124 -0.007063 -0.01467
-0.041112 0.022199 -0.05304
0.001339 -0.048963 -0.312188
0.029626 -0.040128 -0.003898
-0.032166 0.005092 -0.074648
-0.031031 -0.028031 -0.324283
-0.0 0.04342 0.0277
-0.0299 0.04 0.0
-0.011415 0.011955 -0.299917
-0.0317 0.02463 -0.34342
-0.020001 0.017086 -0.066093
-0.018681 -0.044122 -0.019012
-0.011771 -0.042298 0.026457
0.020405 -0.01176 -0.055221
0.023317 -0.014513 0.002042
0.02117 0.0261 -0.0453
0.012764 -0.042949 -0.334044
0.037362 -0.018146 -0.007738
0.0061 0.041154 -0.029076
0.018683 0.034637 -0.155275
0.008066 0.008561 -0.308736
-0.003748 0.041665 -0.00649
-0.005555 -0.001712 -0.267585
0.030761 -0.025894 -0.059724
-0.02 -0.00601 -0.2612
-0.039588 -0.029378 -0.346331
0.014377 -0.036899 -0.024093
-0.029015 -0.028529 -0.328491
-0.014888 -0.039142 -0.025805
0.012034 0.046811 0.015337
-0.022797 -0.045871 -0.001449
0.034289 -0.007165 0.005112
0.011135 0.034551 -0.236137
-0.015753 -0.046037 -0.146292
-0.041595 -0.020603 -0.328113
-0.024181 0.044068 -0.011462
-0.016095 -0.035931 -0.021266
-0.026671 0.038853 -0.189913
-0.028853 0.018483 -0.028048
0.027928 -0.029121 -0.003078
0.014537 -0.041348 -0.025755
-0.039274 -0.000216 -0.273981
-0.032411 0.048074 -0.134236
0.017916 -0.007292 -0.043456
-0.021079 0.027525 -0.297606
-0.057148 -0.013007 -0.082031
0.02293 -0.043963 0.014088
-0.028352 0.013755 -0.047031
-0.023786 0.001452 -0.066926
-0.0 -0.039543 -0.029866
0.031524 -0.004897 0.008757
-0.021065 -0.004134 -0.069495
-0.027735 -0.0 -0.004788
0.006085 -0.034248 0.022171
-0.044431 -0.014317 -0.299863
0.02298 -0.027938 -0.009392
0.000689 0.024819 -0.363254
0.01278 0.044632 0.022186
0.0 0.04897 0.0
-0.015872 0.022248 -0.358599
0.029366 0.041012 0.004434
0.01457 0.0341 -0.18784
0.015628 0.03216 -0.229807
-0.011299 -0.014329 -0.016571
-0.012628 0.015422 -0.052231
0.01296 -0.0455 -0.30444
-0.015881 0.005036 -0.06604
0.0195 0.03415 0.0114
0.036375 0.028632 -0.016501
-0.026391 -0.029916 -0.02217
0.037304 -0.005409 -0.001749
-0.0249 0.04 0.0166
-0.011039 0.014779 -0.020322
0.021794 0.045645 -0.008634
-0.015578 -0.007162 0.005099
-0.013743 0.013093 -0.001763
0.018979 0.021676 -0.026083
0.010818 -0.036706 0.025643
-0.02056 0.003188 -0.069729
0.035359 0.006381 0.003239
-0.016796 -0.049787 -0.114697
0.00055 0.038284 0.02941
-0.02 -0.019358 -0.36619
0.017305 0.046445 -0.011422
0.019315 0.042809 -0.088445
0.032041 -0.032583 -0.009304
0.029 0.034245 -0.009458
-0.017232 -0.00437 -0.068152
-0.016864 -0.037946 -0.03
0.012144 -0.032401 -0.296478
0.0299 -0.029202 -0.003023
0.038985 -0.021802 -0.016147
-0.005899 -0.036527 -0.028263
-0.000155 -0.047004 -0.338332
-0.029403 0.0 -0.016572
0.02602 -0.025704 -0.221451
-0.005506 -0.024511 -0.339636
0.01719 0.003759 -0.035861
0.028999 -0.026792 -0.000444
0.02773 0.006355 -0.069226
-0.02652 -0.0108 -0.0018
-0.014628 0.042995 -0.024107
0.021923 0.009662 0.000735
-0.025604 0.029164 -0.32222
0.027754 -0.036547 -0.014533
0.021197 0.030243 -0.033901
0.027617 -0.023055 -0.062237
-0.017212 -0.014739 -0.267952
0.027866 0.008957 -0.068745
-0.026558 -0.019584 -0.276266
-0.019422 0.005413 -0.069517
0.026188 0.00693 -0.068205
-0.025446 -0.013282 0.000786
-0.002535 -0.042388 -0.360095
-0.015733 -0.016769 0.001982
0.026769 0.036633 0.007213
0.001581 0.039257 0.029775
0.012386 -0.039311 0.027177
-0.004414 -0.024427 -0.303744
-0.011851 -0.013359 -0.268711
0.012907 -0.03632 -0.203286
0.026664 0.024122 -0.24753
0.018904 -0.041909 0.022272
-0.017212 0.014229 -0.372048
0.030798 -0.011995 0.007633
-0.012561 -0.052657 -0.074052
-0.008409 0.031565 -0.005808
-0.023555 0.00955 0.006067
-0.011313 -0.049027 -0.292671
0.02703 0.021 0.003321
-0.018009 0.037194 -0.041814
-0.056372 0.01688 -0.257656
-0.040856 -0.03448 -0.229685
0.02103 0.042704 -0.297469
0.024532 -0.002904 -0.066945
0.032616 0.037267 -0.022125
0.0041 0.03877 0.0294
0.02429 -0.0157 -0.0632
0.002383 0.033361 -0.020088
-0.014622 -0.046858 -0.012742
-0.039199 -0.017041 -0.288751
-0.015154 0.034199 -0.037836
0.03123 0.017363 0.005178
-0.006437 -0.03332 0.018943
-0.005935 -0.00629 -0.371433
-0.025656 -0.009374 -0.264082
-0.01103 0.040664 -0.027772
-0.001578 -0.035053 0.02493
-0.025161 -0.001452 0.004183
-0.020555 0.028019 -0.339846
0.008476 -0.035311 0.024036
0.037402 0.00905 -0.090101
-0.025309 0.044322 0.007245
0.03683 -0.0108 -0.0582
-0.002676 -0.038471 -0.029413
0.002152 -0.043341 -0.027732
-0.001578 0.035058 0.024928
0.008738 -0.037824 0.027741
0.025934 0.005674 -0.068195
-0.0106 0.04768 -0.0114
-0.01347 -0.0261 -0.0147
-0.017627 -0.006929 -0.068188
0.03155 0.012137 -0.259772
0.029856 -0.023759 -0.276872
0.031987 -0.023375 -0.060797
0.008035 0.041025 -0.028675
0.024679 0.033637 -0.117443
0.033852 0.029014 -0.052307
-0.001626 -0.037002 0.028211
-0.023898 -0.010784 -0.06516
0.021764 0.035457 -0.014127
0.000434 -0.048787 -0.303257
0.029 0.037607 -0.043468
0.029514 0.039004 -0.002978
-0.014559 0.004255 -0.06324
-0.002813 -0.040177 -0.029812
-0.017369 -0.042538 -0.298877
-0.022762 0.00437 0.008152
-0.0 0.043015 0.022801
-0.020169 -0.033896 0.008609
0.029223 0.00572 -0.069551
0.015756 -0.032779 0.008634
-0.009927 -0.036955 0.026363
-0.010705 0.011038 -0.020314
0.028951 0.002783 -0.346396
-0.007458 -0.040087 -0.296283
0.01536 -0.0354 -0.195956
0.018408 0.043059 0.021279
-0.03294 -0.0456 -0.2777
0.018573 0.018213 -0.022185
-0.016045 0.021704 -0.00041
-0.017621 -0.00688 0.008203
-0.001356 0.039821 -0.02988
0.027931 -0.040982 0.010073
-0.038955 -0.008725 -0.082785
0.010554 -0.046201 0.018951
0.011345 -0.046378 -0.307521
0.002809 0.031571 -0.010016
-0.0137 -0.02518 -0.35058
0.022098 0.039106 -0.34636
-0.038684 0.023059 -0.324086
-0.0622 -0.021584 -0.098085
0.014622 0.046858 -0.012742
-0.012628 -0.015422 -0.007769
-0.056765 -0.010469 -0.085346
0.035248 -0.024509 -0.006186
0.024426 0.042275 0.015468
-0.013661 -0.042838 -0.310716
0.01281 -0.0452 -0.30894
-0.009876 -0.036466 -0.025675
0.025035 0.002912 0.007593
0.007929 0.038077 -0.177946
-0.014823 -0.046798 0.012743
-0.024629 0.012118 0.003254
-0.024961 0.005711 -0.064186
-0.0005 0.01111 -0.35901
0.008554 -0.040177 -0.028728
-0.002606 0.038951 0.029624
-0.039124 0.003548 -0.054586
-0.022838 0.034129 0.001455
0.006173 0.04337 0.027078
0.013289 -0.042254 0.025724
-0.019601 0.003615 0.009738
-0.008247 0.023133 -0.291019
0.026892 0.034287 -0.010925
0.037406 0.027843 -0.035853
0.029 -0.036104 -0.012908
-0.000553 0.040425 0.029866
-0.004427 0.041093 0.029415
0.026553 0.004485 -0.360072
-0.007412 -0.038672 0.028691
0.008559 -0.048611 0.0
-0.01231 -0.02253 -0.356925
0.034438 0.021512 -0.001707
-0.021145 0.03915 -0.035827
-0.002246 0.025915 -0.035115
-0.020925 0.037833 -0.237408
-0.023306 0.041505 -0.313665
-0.021361 -0.017849 -0.065301
-0.003476 0.037869 -0.2371
-0.018099 0.006198 -0.068742
0.03725 0.027319 -0.039682
0.026013 -0.0 -0.068714
-0.055457 0.015266 -0.2847
-0.012288 -0.002705 -0.055236
-0.018156 -0.00902 0.008228
-0.007043 -0.013296 -0.272798
-0.029325 -0.043203 -0.062792
0.008247 -0.038887 -0.299826
-0.018357 -0.035326 -0.017835
-0.024366 -0.036907 -0.014038
0.039875 -0.007063 -0.01467
-0.012292 -0.045912 -0.01897
0.017415 -0.003759 -0.039691
0.031213 -0.002176 -0.069213
-0.023445 -0.032474 -0.048791
-0.00565 0.037988 0.028671
0.02171 0.019054 -0.055278
-0.024822 -0.027377 -0.343555
-0.024175 -0.029382 -0.331495
-0.0166 0.001453 -0.067562
-0.012982 0.002704 -0.058226
0.000632 -0.017148 -0.3472
-0.00075 0.03535 -0.36003
-0.044086 -0.015336 -0.346274
0.002858 0.031092 -0.002905
-0.026299 -0.019939 -0.006251
0.02495 0.035702 0.008649
0.013212 -0.042757 -0.328788
0.03116 0.0029 -0.0692
-0.022762 -0.00437 -0.068152
-0.005284 0.023969 -0.338975
-0.003152 0.038567 -0.029416
0.018941 -0.02181 -0.03
-0.022756 0.043236 -0.169719
-0.036601 -0.033406 -0.047785
0.012607 -0.04129 -0.318474
-0.021149 0.039362 -0.025988
0.0 -0.042663 -0.028632
-0.022436 0.009496 0.007558
-0.017139 -0.035037 -0.014573
-0.006573 -0.023456 -0.346616
-0.017876 0.004943 0.008734
-0.001077 -0.043026 0.028203
-0.021259 0.052056 -0.039403
0.019794 0.009539 -0.006253
0.036555 -0.019954 -0.053767
0.018493 -0.047314 -0.034097
0.03027 0.006355 -0.069226
-0.021972 -0.008613 0.008192
0.009605 0.040097 -0.02832
-0.03019 -0.044811 -0.046852
0.033725 -0.004606 -0.200796
0.003308 -0.001792 -0.357624
0.005466 -0.004389 -0.013535
0.017867 0.011266 -0.020305
-0.025006 -0.000263 -0.330003
-0.00388 -0.04328 -0.01449
0.015812 -0.045275 -0.294799
0.020489 -0.00859 -0.056753
0.00138 -0.011875 -0.35467
-0.01104 -0.014779 -0.020322
0.009606 -0.046951 -0.307264
0.006081 0.009765 -0.341531
-0.049646 0.002711 -0.314358
0.005108 -0.01312 -0.017987
-0.024619 -0.040818 -0.016747
-0.028959 0.014779 -0.039678
-0.009649 -0.020679 -0.358592
-0.018681 0.035878 -0.019012
0.006676 -0.043744 -0.026388
0.019457 0.009535 -0.052231
-0.004208 0.045135 -0.295189
0.013098 -0.042297 -0.305574
-0.02958 0.043987 -0.285724
0.013454 0.034489 -0.29992
0.024432 -0.037031 -0.110792
-0.027538 -0.02434 -0.039696
0.038983 -0.021495 -0.035867
-0.007656 0.045583 0.022144
-0.037358 0.047254 -0.064828
-0.0241 0.02914 -0.32822
0.011754 0.001336 -0.361007
0.02434 0.010793 0.005189
0.019619 -0.032643 -0.233245
0.027625 -0.037617 -0.085502
0.0081 -0.04243 0.0277
-0.029116 -0.000776 -0.362797
-0.050877 0.038758 -0.278006
-0.015303 -0.042683 -0.024082
-0.021614 0.022177 -0.359608
-0.029762 -0.003756 -0.022192
-0.022944 -0.03628 -0.041718
-0.003162 -0.035861 -0.026383
0.033827 -0.035145 -0.062789
-0.02181 0.048811 -0.053148
-0.042211 -0.020372 -0.319983
0.026126 -0.04092 0.01417
0.033365 0.009002 0.006087
-0.022202 0.041776 -0.266573
-0.042734 0.020669 -0.055145
-0.017562 0.009496 0.007558
-0.00948 0.036374 -0.025679
-0.017865 -0.025285 -0.059623
-0.05663 -0.002931 -0.278921
-0.039037 -0.044903 -0.127056
0.00228 0.008542 -0.35571
0.026881 0.026251 -0.297543
0.017318 0.0364 -0.021299
0.037462 0.027975 -0.033903
-0.000913 -0.053137 -0.329962
0.028534 -0.009417 0.008774
-0.013541 -0.042791 -0.024986
0.02856 0.007507 0.009232
-0.050382 0.03398 -0.077145
-0.025783 0.028858 -0.328332
0.02195 0.0235 -0.0522
-0.018904 -0.041909 -0.022272
0.023808 -0.024046 -0.003141
-0.014648 0.053658 -0.083416
0.007656 -0.034419 0.022143
-0.009966 0.027982 -0.32002
-0.023141 0.018145 -0.0633
0.004734 -0.010585 -0.014667
-0.001684 -0.009203 -0.363835
0.032284 0.0 0.032284
0.002914 -0.04 0.029814
-0.046825 0.00699 -0.297881
-0.013373 -0.044061 -0.023089
-0.029562 -0.0 -0.018446
0.00978 0.047134 -0.015307
0.000472 -0.020117 -0.297254
0.033974 -0.02318 -0.346355
-0.014246 -0.026918 -0.011157
-0.006085 0.045752 -0.022171
0.03961 0.014559 -0.041556
0.038254 -0.016035 -0.080839
0.006209 0.037151 0.027742
-0.014517 0.017646 -0.058238
0.018531 -0.043857 -0.287241
-0.020538 -0.04302 0.009629
0.017763 0.003761 -0.016553
-0.02744 -0.039062 -0.011527
-0.032092 -0.04591 -0.287599
-0.02343 -0.015353 0.004227
-0.048551 -0.009018 -0.325332
0.024512 -0.008304 -0.066077
0.008977 0.035954 -0.24254
0.035279 0.021834 -0.087608
0.011727 -0.038714 -0.248942
-0.021846 -0.045586 0.008659
0.008251 0.039306 -0.028727
-0.038371 -0.039635 -0.17074
-0.015184 -0.027207 -0.052317
0.023792 0.039304 -0.017964
0.028395 0.040992 -0.008697
0.008114 -0.04826 0.008617
0.022838 -0.045871 -0.001455
-0.02598 -0.04 -0.015
-0.009227 -0.04429 -0.338284
-0.003046 0.020093 -0.292176
-0.027888 0.014255 -0.270031
-0.047546 -0.003157 -0.297369
-0.028824 0.018411 -0.026092
-0.004759 -0.047332 -0.016631
-0.021585 0.02955 -0.324775
-0.012239 0.020139 -0.014668
-0.025822 0.03226 -0.035869
-0.002807 0.031218 -0.005808
-0.018927 0.004134 0.009496
0.037921 0.012232 -0.006285
-0.06244 0.006888 -0.16662
0.014593 0.045394 0.018958
0.020538 -0.04302 -0.009629
-0.02938 0.027539 -0.30761
-0.019548 0.044223 0.017864
0.008738 0.042176 0.027741
0.007125 0.043189 0.027088
-0.0228 0.037802 0.017913
-0.04824 0.002033 -0.062285
0.023046 -0.013193 -0.062053
-0.013221 0.044912 0.021238
-0.01858 0.038695 -0.204159
0.039084 -0.003346 -0.055186
0.020336 0.032194 -0.16583
-0.038834 0.041961 -0.277143
-0.01416 -0.041785 0.025666
-0.012706 0.045728 -0.158494
0.031005 0.015746 -0.066073
0.016371 0.033777 0.01404
0.031741 -0.018369 -0.191351
0.0248 0.033312 -0.047059
9.2e-05 0.013586 -0.363681
-0.018919 0.026955 -0.294973
-0.018432 -0.043056 0.021277
-0.008447 0.039655 -0.02871
-0.026929 -0.021844 -0.01121
0.022043 -0.032564 -0.03397
-0.0 0.04537 -0.023992
-0.000922 0.004261 -0.274504
-0.00839 -0.038361 -0.028266
0.021898 0.004118 -0.298153
-0.015469 -0.031408 -0.047118
-0.04132 0.021755 0.008219
-0.016411 -0.043968 -0.045923
-0.049159 -0.032187 -0.075427
0.010057 -0.032658 0.014009
0.026633 -0.010768 0.007626
-0.035177 -0.044066 -0.286811
-0.003734 0.035892 -0.026376
0.03224 0.0108 0.0069
0.01416 -0.038215 0.025666
0.009053 -0.04328 -0.011797
0.01753 0.011491 -0.028044
-0.0005 0.02093 -0.33622
-0.001716 0.023101 -0.311894
0.0204 -0.044288 -0.016702
0.023341 -0.033379 -0.041649
0.028252 -0.038086 -0.007284
0.011306 0.031734 -0.002902
0.00902 0.037241 -0.02705
-0.037574 -0.024434 -0.323138
-0.028081 -0.026827 -0.342336
0.003735 0.036315 -0.027062
0.015895 -0.014693 -0.362014
-0.020422 -0.042594 -0.020092
0.005312 -0.04396 0.026346
-0.002808 -0.031073 0.001454
0.006209 -0.037151 -0.027742
-0.0217 -0.022594 -0.06218
0.025718 -0.038422 0.014249
-0.017101 -0.02079 0.002096
-0.054522 -0.031438 -0.084949
-0.028013 0.01678 -0.012946
0.002807 -0.031315 0.007212
-0.001582 -0.001126 -0.009805
0.005997 -0.051589 -0.329962
-0.008141 -0.039143 0.028696
-0.023164 0.005088 -0.067543
-0.050369 -0.015838 -0.285665
-0.030408 0.012513 -0.370009
0.017972 -0.015158 -0.033902
-0.010877 0.046447 0.017795
0.031542 -0.012474 0.006973
-0.029216 0.015229 -0.031951
0.025666 -0.007603 -0.067613
-0.037612 -0.011867 -0.27771
0.005613 0.048558 0.007217
-0.02 0.034244 -0.009459
0.0012 -0.02145 -0.31998
-0.019347 0.039392 -0.251274
0.012145 0.025926 -0.296525
-0.027128 -0.02851 -0.334192
-0.014998 -0.003239 -0.298485
-0.031436 0.002642 -0.374981
-0.00962 -0.050122 -0.306539
-0.012498 0.023771 -0.018427
0.034187 0.020485 -0.059578
-0.020538 0.04302 -0.009629
0.034587 0.008231 -0.168997
0.024489 0.03574 -0.020305
-0.049841 0.010151 -0.287548
-0.005504 -0.039502 -0.029418
-0.004716 0.010961 -0.038968
-0.025057 0.00426 0.004197
0.004363 -0.04 0.02965
-0.009884 -0.050091 -0.30349
-0.028107 0.006621 -0.297215
0.029693 0.01305 -0.067703
-0.008269 0.016579 -0.363476
0.0 0.04306 0.028181
-0.010822 -0.040984 -0.027753
0.033428 0.020523 -0.107503
-0.022846 0.039191 -0.019106
0.021114 -0.046374 0.001452
-0.001582 0.043815 -0.027064
-0.027001 0.027838 -0.035852
-0.028694 -0.018202 -0.022189
0.029233 0.003768 -0.069771
0.029 -0.0332 -0.0078
-0.024879 -0.017326 -0.368213
-0.024173 0.041573 -0.016777
0.024582 -0.0145 0.004186
-0.006097 0.026242 -0.322175
0.033892 -0.019452 0.00086
-0.021135 0.021444 -0.063365
-0.014888 -0.040858 0.025805
0.016843 -0.046347 0.012733
-0.010962 -0.027341 -0.301961
-0.012582 0.032796 0.01273
-0.028267 0.00318 -0.052222
-0.015704 -0.047352 -0.305675
-0.008 0.048222 -0.33004
-0.003137 -0.00478 -0.271324
-0.065785 0.000504 -0.149336
-0.009934 -0.02371 -0.351308
0.018248 0.014781 -0.03968
-0.022338 0.021949 -0.062015
-0.048701 -0.000266 -0.337151
0.0081 -0.04585 -0.0212
0.011054 0.031948 0.007203
0.021313 0.037283 0.018955
-0.017145 0.038835 -0.024163
-0.02812 -0.042774 -0.004406
-0.023208 0.023595 -0.000415
0.005299 0.041664 -0.005299
0.03281 -0.0307 -0.0522
-0.022827 -0.03419 -0.012856
0.009646 -0.003206 -0.314358
-0.021135 -0.021443 -0.063364
0.020079 0.012232 -0.006285
-0.012702 -0.016065 -0.368739
-0.001582 -0.044225 0.026373
-0.025518 0.014381 -0.268948
-0.013927 -0.001876 -0.378385
0.039121 0.006365 -0.009476
0.006595 -0.038009 -0.317975
-0.026785 0.023802 -0.352759
-0.0 -0.031528 -0.010003
-0.013457 -0.045688 -0.32044
0.004753 0.040952 0.029419
0.0011 0.042175 -0.029062
-0.019365 0.045541 -0.159478
0.025353 -0.042003 -0.313633
0.010818 -0.043294 0.025643
-0.041669 0.048867 -0.107147
-0.017637 0.002914 -0.068725
-0.003644 0.028217 -0.036935
-0.023032 0.02847 -0.004739
0.040585 0.003759 -0.039691
-0.023037 -0.044956 -0.010066
0.005299 -0.041664 -0.005299
0.027911 -0.042703 0.005857
0.028404 -0.042784 -0.001464
0.026687 0.026935 -0.154186
0.020404 0.01176 -0.004779
0.021736 -0.043631 -0.016679
0.010689 -0.04471 -0.023136
0.018326 -0.047757 -0.039745
-0.018786 0.047014 -0.0
0.00431 0.007145 -0.351576
0.00406 0.040515 0.029634
-0.001104 -0.039159 -0.029768
0.002162 -0.042555 -0.028662
0.008738 0.037824 -0.027741
-0.015952 0.023076 -0.058323
0.013835 -0.047974 -0.001452
0.032507 0.001459 -0.068191
-0.028386 -0.021792 -0.03
0.020027 -0.038096 -0.021319
-0.022882 0.039307 0.019132
-0.018009 -0.043882 -0.020165
0.039337 -0.003343 -0.065105
0.002914 0.04 0.029814
-0.002808 0.048927 0.001454
0.027675 0.03786 -0.041684
-0.025515 0.002128 0.003229
-0.037566 -0.045075 -0.277135
0.031379 0.035899 -0.0455
-0.007509 0.006486 -0.361868
0.029626 0.040128 -0.003898
-0.00376 0.001967 -0.037715
0.018766 -0.003536 -0.050511
0.01336 -0.046949 -0.329962
-0.01477 -0.0429 -0.31023
-0.037284 0.023978 -0.313701
-0.011747 0.037047 0.025701
0.021373 0.029455 -0.039711
-0.021131 -0.017637 -0.313609
-0.035319 -0.040551 -0.287381
-0.019607 0.011309 0.008248
0.011014 0.034257 -0.229786
0.027852 0.041872 -0.008667
-0.014297 0.029165 -0.31892
0.003158 0.034731 0.024034
0.022147 -0.022621 -0.053723
0.015261 0.034417 -0.0178
-0.016935 0.037228 -0.037872
0.029684 -0.021861 0.003338
-0.00948 0.043627 0.02568
0.02225 -0.045 -0.02434
0.02502 0.010809 0.006082
-0.000704 0.023681 -0.362899
0.01378 -0.0365 -0.23872
0.020642 -0.033258 -0.178503
-0.026704 -0.002129 -0.000507
-0.012602 -0.028986 -0.311566
-0.029235 -0.007287 -0.043447
0.02786 -0.016404 0.006185
0.02477 0.0341 -0.0453
0.00723 -0.045977 -0.337133
-0.010589 -0.0 -0.016572
-0.028413 -0.006711 -0.050509
-0.02922 0.0 -0.0147
0.020585 -0.022804 -0.047074
0.019615 -0.040701 -0.329967
-0.011306 0.031733 -0.002902
0.018786 -0.032986 0.0
-0.024631 0.024947 -0.055319
-0.004341 0.036209 -0.360197
-0.017306 -0.01328 0.006106
0.01839 -0.014559 -0.041556
-0.017464 0.030312 -0.006136
-0.054217 0.017776 -0.086701
-0.016389 -0.037924 0.024028
0.003785 -0.037153 -0.028186
0.014192 -0.044282 -0.022152
-0.025784 -0.029369 -0.311668
-0.009374 0.045327 -0.02218
-0.019211 0.031729 -0.05398
-0.01047 -0.046295 -0.334993
-0.016247 0.028494 -0.304645
-0.008004 -0.029528 -0.360048
-0.004264 -0.039831 -0.029654
0.029 -0.00392 0.009777
-0.0231 -0.001818 -0.260676
-0.035653 0.019913 -0.28883
0.023591 0.022848 -0.313659
-0.024993 0.034726 -0.031955
-0.019814 -0.009574 0.008803
0.016103 0.032506 0.004364
0.026013 0.0 0.008714
-0.011221 0.003532 -0.048776
0.027552 0.037312 0.007251
-0.023786 -0.001452 -0.066926
-0.039207 -0.017094 -0.351232
0.016499 0.006034 -0.298051
-0.003158 -0.034731 0.024034
0.0 -0.048963 0.001451
0.018602 -0.010242 -0.012944
0.001658 -0.053994 -0.329962
-0.017467 0.033386 -0.010023
-0.030407 0.012598 -0.270012
-0.024425 0.037725 0.015468
-0.012754 0.04584 -0.032835
-0.02652 0.0261 -0.0147
0.018602 0.032987 0.002907
-0.064172 -0.003893 -0.090078
-0.022506 -0.023367 0.000786
-0.000455 -0.022651 -0.312755
-0.067172 0.000991 -0.100839
-0.019811 -0.005721 -0.069557
-0.001834 -0.015652 -0.356187
-0.001104 0.039159 -0.029768
-0.065717 0.008651 -0.147394
-0.013 -0.00324 -0.3
0.030908 0.018925 -0.16948
-0.023432 -0.0 -0.067536
-0.0095 -0.0469 -0.0166
0.018236 0.036222 -0.020183
0.004753 -0.040952 0.02942
0.018681 -0.044122 0.019012
-0.024772 -0.024507 -0.286317
0.007306 0.041505 -0.313665
-0.002057 0.040643 0.029774
-0.016828 -0.008309 -0.066945
0.037936 -0.008048 -0.0966
0.016593 -0.037275 0.023186
0.03298 0.010809 -0.066082
-0.0117 0.04351 0.0249
-0.00839 0.041639 -0.028266
-0.041793 0.017431 -0.313656
0.031464 0.036558 -0.016415
-0.018745 0.032992 0.001458
-0.026052 -0.000299 -0.378511
-0.033799 -0.024478 -0.341632
-0.028675 0.023078 -0.353129
0.021687 0.024172 -0.009508
0.036793 0.030524 -0.057763
0.001082 -0.037382 0.028656
-0.027814 0.0 0.036244
0.0204 0.035712 -0.016702
-0.010003 -0.031027 -0.045109
0.017528 0.011418 -0.031952
-0.01861 0.002181 0.009486
-0.028768 -0.018335 -0.035859
-0.043218 0.029036 -0.224331
-0.038482 0.023094 -0.313697
0.031392 -0.020779 -0.180173
0.023747 -0.025483 -0.055403
0.00055 0.041716 -0.02941
-0.020422 0.037406 -0.020092
0.020154 0.01947 -0.01118
0.034844 -0.031703 -0.070405
2.5e-05 0.017817 -0.345884
-0.005619 -0.003341 -0.37224
0.013661 -0.045253 0.020107
0.032115 -0.009267 -0.215566
-0.021322 -0.012407 -0.067584
-0.015827 0.028878 -0.308552
0.018298 -0.048588 -0.346255
0.00767 0.043082 -0.02708
0.007 -0.023237 -0.295413
0.004293 0.016592 -0.310476
-0.042123 -0.014618 -0.348361
0.039006 -0.006266 -0.329997
-0.007735 -0.027439 -0.32529
-0.018028 -0.04391 -0.298845
-0.041165 -0.003214 -0.362088
-0.015737 0.029391 -0.321121
0.031018 -0.022606 0.002192
0.024183 0.023093 -0.001658
-0.008412 0.031489 -0.004356
0.026208 0.021954 -0.062023
-0.012978 -0.022788 -0.01294
0.034748 -0.018873 -0.059487
-0.010062 0.048221 -0.143122
-0.005179 0.028246 -0.360147
-0.022217 -0.041489 -0.194696
0.034072 -0.002906 -0.066069
0.01489 -0.0401 -0.30054
0.013788 -0.032061 0.002909
0.005917 -0.013153 -0.304582
0.04077 0.007665 -0.03
0.035327 -0.02082 -0.003276
-0.007137 0.039833 0.029109
0.023794 0.045047 0.00727
0.035543 -0.030844 -0.016454
0.024753 0.029292 -0.15435
0.039425 -0.003718 -0.069243
-0.021904 -0.033201 -0.009308
-0.010468 0.011413 -0.033905
-0.003227 -0.043272 0.027724
0.021473 -0.024829 -0.048771
0.039959 0.015081 -0.024148
0.000589 -0.00754 -0.361005
0.016347 0.042842 -0.023181
0.002676 -0.041529 -0.029413
0.032185 0.005023 0.008185
0.018602 -0.032987 -0.002907
0.016257 -0.047522 -0.002914
-0.024757 0.033335 -0.018367
-0.018899 -0.029685 -0.331183
0.005077 -0.040807 -0.029414
-0.060648 -0.008858 -0.172717
0.01374 0.043474 -0.110325
-0.017613 0.029543 -0.323172
0.03059 -0.010278 0.008245
-0.019449 -0.029903 -0.311473
-0.013448 -0.038994 0.026478
-0.01283 0.011757 -0.055215
-0.023186 -0.026149 -0.349357
-0.026068 -0.046862 -0.050024
-0.046234 -0.0301 -0.233911
-0.021114 -0.046374 -0.001452
0.017644 0.033409 -0.010029
-0.008243 -0.039314 0.028703
-0.056452 0.028685 -0.276628
-0.012852 -0.047363 0.011422
0.031683 -0.007533 0.008208
-0.056543 0.024504 -0.282374
0.003823 0.017738 -0.315241
-0.03355 0.0342 -0.21995
0.036135 -0.00213 -0.062014
-0.014888 0.039142 0.025805
-0.052929 0.018387 -0.06907
-0.012628 -0.043172 0.024958
-0.045796 -0.014543 -0.309335
-0.001143 0.005756 -0.274925
0.017812 0.039999 0.024054
0.023258 0.007836 0.004169
0.030221 0.018472 -0.188172
0.02102 -0.03364 -0.002903
-0.02003 -0.043479 -0.019016
0.023621 0.031446 -0.047137
-0.009177 0.027506 -0.313568
-0.029953 -0.026675 -0.300154
-0.018392 -0.023694 -0.35727
0.0153 0.03811 -0.0249
-0.005611 0.031344 0.005811
-0.049253 0.044257 -0.112733
0.029922 -0.031742 -0.006016
-0.002381 -0.047197 0.017782
0.021659 -0.006964 0.000776
-0.019629 -0.001382 -0.069849
-0.029366 0.041012 -0.004434
0.02117 0.0108 -0.0018
-0.041501 -0.030739 -0.286898
-0.026752 -0.008106 -0.001774
-0.002656 0.048279 0.011416
-0.012768 0.016697 -0.27283
-0.045756 0.039389 -0.272513
-0.0024 0.01637 -0.28481
-0.025824 -0.025983 -0.348257
-0.02812 0.037226 -0.004406
-0.025331 -0.026716 -0.345915
0.0153 -0.03811 0.0249
0.000814 -0.0475 -0.335759
-0.065651 0.015861 -0.09212
0.025042 0.037531 0.014121
-0.028439 0.010238 -0.011223
-0.064837 -0.013551 -0.099534
-0.003158 0.045638 0.023114
-0.006438 0.046378 -0.020091
-0.043733 0.016515 -0.334291
-0.023081 0.012046 0.00603
-0.02887 -0.0409 -0.29257
0.000978 0.012665 -0.353777
-0.049779 0.039999 -0.281276
-0.01299 -0.027838 -0.024148
0.040722 0.007518 -0.026091
-0.016324 0.035053 -0.018926
-0.021727 0.001409 -0.297005
-0.012419 -0.022459 -0.364176
0.027631 0.019766 -0.064373
-0.026748 -0.021188 -0.009487
-0.05676 -0.033271 -0.113144
-0.00822 -0.023649 -0.348982
-0.025942 -0.009403 -0.375647
-0.023 0.03715 0.0166
0.012576 0.039663 -0.027159
-0.003735 -0.043685 0.027062
0.024893 0.0 0.007548
-0.008412 0.048336 -0.007214
-0.007229 -0.039998 0.029078
-0.015829 0.019252 -0.275281
0.008358 -0.00471 -0.336972
0.004759 0.032665 -0.016632
-0.027363 0.003182 -0.003265
-0.006563 0.031905 -0.040735
0.003413 0.050295 -0.082271
0.008412 0.048336 0.007214
0.02102 0.033638 -0.002903
-0.001356 0.040179 0.02988
-0.053244 -0.006033 -0.285293
-0.027016 -0.002704 -0.058226
-0.0208 0.04624 0.0058
-0.012554 -0.04552 -0.324335
-0.015888 0.044592 -0.313722
0.010303 0.042236 -0.027117
0.025309 -0.035678 -0.007245
-0.002288 0.022081 -0.338069
-0.039603 -0.037094 -0.18774
0.045576 0.0 -0.002986
-0.022891 -0.027301 -0.003254
-0.004164 0.038211 -0.029066
-0.026938 0.028859 -0.323274
0.034072 0.002906 0.006069
-0.012997 -0.038351 0.026391
0.001097 -0.037384 -0.028656
-0.003533 0.034203 -0.020836
-0.054131 0.013211 -0.285379
-0.02 -0.007512 -0.261868
0.005313 -0.032214 0.014036
-0.015078 -0.044221 -0.312072
0.029 -0.011606 0.008233
-0.034969 0.014231 -0.277175
0.00182 0.0354 -0.30003
0.024923 -0.044467 -0.044691
0.006465 0.051649 -0.060057
-0.022674 -0.035201 0.011482
-0.020489 -0.046186 0.007206
-0.020396 0.009415 -0.068764
-0.000873 0.053863 -0.044183
0.014654 -0.044653 -0.28471
-0.022513 0.037648 -0.211852
0.035401 0.030267 -0.014593
-0.005186 0.034885 0.024025
0.033489 0.008304 -0.066077
-0.039904 -0.022593 -0.323145
-0.02363 -0.042256 -0.01672
0.04132 0.021755 0.008219
0.002159 0.037031 -0.028214
0.032428 -0.018265 -0.182066
-0.023087 0.037707 -0.026007
0.022485 -0.041339 -0.019169
0.02921 -0.025853 -0.268771
-0.012619 -0.002704 -0.056736
-0.024368 -0.024021 -0.003169
-0.005613 0.048558 -0.007217
-0.014823 -0.033202 -0.012743
-0.022361 -0.002914 -0.068724
-0.013453 0.030328 -0.028057
0.034423 -0.008787 -0.187857
-0.038669 0.013804 -0.357172
0.023973 -0.019093 0.000828
-0.018436 -0.033121 -0.005814
0.007114 0.044601 -0.2791
-0.029382 -0.039 0.004347
0.029639 0.021711 -0.162645
-0.021621 0.007277 -0.068746
-0.038685 -0.023562 -0.315914
0.008265 -0.046982 -0.315171
-0.014593 0.045394 -0.018958
-0.005031 0.01416 -0.362846
0.011811 -0.041487 -0.027073
-0.022068 -0.023701 -0.357074
-0.016843 0.035665 -0.020138
-0.001802 0.042798 -0.268528
0.007137 -0.039833 0.029109
-0.021137 0.012568 -0.067614
-0.006632 -0.048552 -0.333272
-0.03 0.04 0.0
-0.02777 0.024772 -0.033906
-0.025618 -0.04055 -0.201012
-0.061075 0.013576 -0.167415
-0.033407 -0.047008 -0.122899
-0.025078 -0.029677 -0.325331
0.027783 0.034273 -0.28541
0.002807 0.04885 -0.004358
-0.02448 -0.034753 0.001449
0.001845 -0.030354 -0.363526
-0.000162 -0.039408 -0.306445
-0.052653 0.023687 -0.287282
-0.015679 0.038539 -0.024991
-0.039345 -0.04154 -0.064201
0.00767 0.036918 0.02708
-0.024652 0.028864 -0.309157
-0.014852 -0.002129 0.004182
-0.018201 -0.032215 -0.052431
-0.013191 0.025573 -0.29297
-0.0256 0.03682 0.0114
-0.052297 -0.02331 -0.196618
-0.016823 0.024815 -0.351985
0.008458 -0.039645 0.028747
-0.028691 0.018202 -0.022189
-0.012998 0.038349 0.026393
0.034102 0.008425 0.005155
-0.027993 0.00318 -0.006269
-0.031424 -0.043447 -0.289694
-0.022787 -0.016052 -0.370553
0.007544 0.052501 -0.051958
-0.016778 0.04165 0.024127
-0.013271 0.028823 -0.325475
-0.020757 0.02336 -0.062155
-0.009987 -0.031137 -0.020607
-0.02 0.028827 -0.334436
-0.005117 0.038419 -0.029056
-0.020026 -0.038096 -0.021317
-0.027697 -0.02531 -0.348818
-0.006447 -0.04107 -0.30505
0.031591 0.038475 -0.024104
0.026091 0.009498 -0.067568
-0.024967 0.014361 -0.371293
-0.011202 -0.041808 0.02712
-0.01921 0.011016 -0.068281
0.024413 -0.007745 0.006067
0.004916 -0.027568 -0.296704
-0.023418 0.023716 -0.063297
0.002348 -0.008804 -0.029093
-0.008 0.006753 -0.297738
-0.012239 0.020139 -0.045332
0.033824 0.039901 -0.039697
-0.046761 0.009306 -0.330011
0.026363 -0.038298 0.012914
-0.00776 -0.04 0.02898
0.003965 0.036684 -0.236414
-0.029278 0.011261 -0.020311
0.012852 -0.047363 0.011422
-0.02417 0.019179 -0.364748
0.001727 0.014767 -0.296755
0.025381 -0.036816 -0.039781
-0.020125 -0.04 0.022215
-0.021938 -0.035089 -0.047301
0.019741 -0.043382 -0.296419
-0.005637 0.03455 0.023103
0.030135 -0.008958 0.008749
0.002865 0.010232 -0.29676
-0.0088 -0.00601 -0.2658
0.018564 -0.014331 -0.04343
-0.006209 -0.03715 -0.027742
0.0 0.047938 -0.014008
-0.004727 -0.013352 -0.27583
-0.018479 0.011992 -0.067622
-0.0047 0.02464 -0.33262
-0.003375 0.041334 -0.178628
0.029879 -0.00499 -0.069528
-0.00978 -0.047133 0.015307
-0.02 -0.038231 -0.041605
-0.045691 -0.015601 -0.31999
0.001092 -0.018289 -0.342429
0.025393 0.014525 0.005227
-0.026662 0.020655 -0.067513
-0.024546 0.021499 -0.001722
0.012972 0.04302 -0.018607
-0.013984 0.019465 -0.055256
0.00531 -0.031832 -0.011423
0.013629 -0.032186 0.005812
-0.004271 0.019864 -0.351207
-0.014735 0.027498 -0.339983
-0.019629 0.001382 -0.069849
0.029681 -0.009277 0.008811
0.028999 0.013471 -0.067617
-0.022021 -0.018944 0.00421
-0.016565 0.024617 -0.001703
0.021625 -0.028632 -0.016501
-0.035794 0.016576 -0.358064
0.016371 0.046224 -0.014041
0.019039 0.045751 0.01271
-0.00158 -0.046036 -0.02217
0.013788 0.047939 0.002909
-0.049191 0.033132 -0.26006
-0.022432 -0.043773 0.015405
0.004584 -0.006245 -0.352208
-0.038985 0.021802 -0.016147
0.028547 0.015031 0.006978
-0.011761 0.021392 -0.022184
-0.03627 -0.038785 -0.287523
0.02069 0.0277 -0.0378
-0.018745 0.047008 -0.001458
0.000548 -0.043041 0.028198
0.013557 -0.042129 -0.025717
-0.025806 0.032312 -0.024094
0.0 -0.037776 0.029043
0.032993 0.031614 -0.009487
0.01957 -0.016144 -0.011202
0.00117 -0.040587 -0.338586
0.033834 -0.023095 -0.001658
-0.017572 0.011639 -0.066946
0.006585 -0.001128 -0.016089
-0.01065 0.045547 -0.313728
0.030768 0.005212 -0.286491
-0.002542 0.003413 -0.361669
-0.012873 -0.05204 -0.090217
-0.005826 -0.025935 -0.30837
0.014548 -0.043645 -0.023167
-0.021517 -0.034526 -0.01006
-0.019017 -0.041815 0.022299
0.002818 -0.009976 -0.298873
-0.005981 0.039626 -0.196642
0.005711 0.048824 -0.0
0.002154 -0.043799 0.027071
0.032288 -0.033381 -0.04891
-0.001972 -0.023551 -0.309603
-0.020625 0.044837 -0.294202
0.028999 0.023783 -0.062052
0.01224 0.034445 -0.020118
-0.009546 0.039143 0.028264
0.026621 -0.035899 -0.0455
-0.011357 -0.028943 -0.31998
0.037517 0.030715 -0.047365
-0.01346 0.020132 -0.36181
0.02102 0.04636 -0.002903
0.0022 -0.03838 0.0294
-0.00092 0.022095 -0.331299
-0.02 -0.030842 -0.055319
-0.008352 -0.021696 -0.28547
-0.02 -0.0078 0.0092
0.032338 -0.034287 -0.012799
0.038539 0.004752 -0.080818
-0.014502 -0.048583 -0.306939
-0.028185 -0.026097 -0.294714
-0.0088 -0.0061 -0.3742
-0.021793 0.032214 -0.05243
-0.014398 -0.041473 -0.025731
-0.051816 -0.035954 -0.086438
-0.013646 -0.04566 -0.319376
0.028563 -0.001381 0.009854
-0.000405 -0.018443 -0.297577
0.0195 0.04243 0.0212
0.00849 -0.04504 -0.279418
-0.02294 -0.001443 0.008172
0.0 -0.048937 0.002901
0.005313 -0.048335 0.010023
-0.029844 0.003833 -0.024144
0.017867 -0.011266 -0.039695
-0.025616 -0.040021 -0.213896
-0.021106 -0.029904 -0.311673
0.036644 0.029945 -0.037837
0.008701 -0.000243 -0.302849
0.01933 -0.036772 0.02017
-0.005313 0.031665 -0.010023
0.01572 -0.0356 -0.18911
0.0077 -0.01165 -0.31999
-0.00795 0.026914 -0.312558
0.014708 -0.044959 -0.301059
0.012712 -0.049457 -0.060654
-0.007229 0.040002 0.029078
0.023794 0.034953 -0.00727
-0.001167 0.029124 -0.017753
0.027394 -0.017855 -0.065311
-0.026821 -0.040934 -0.012865
-0.00537 -0.023564 -0.296712
0.008574 -0.034908 -0.023112
-0.016657 -0.031603 -0.009494
0.024966 -0.038411 0.015526
-0.034546 -0.042082 -0.287479
0.031304 -0.000725 0.009214
0.001077 -0.043026 -0.028203
-0.004734 0.035605 0.025657
0.015954 0.044197 -0.295373
-0.022329 0.029286 -0.004551
0.025261 -0.037884 -0.031967
0.000123 -0.022462 -0.31998
-0.024757 0.02558 -0.291314
0.011204 -0.046396 -0.017793
0.032185 -0.019346 0.003291
-0.064793 0.008285 -0.088639
0.002382 0.04811 -0.012725
-0.005099 0.025563 -0.325332
-0.025156 -0.046794 -0.282078
-0.039524 -0.040204 -0.256557
-0.02755 -0.0476 -0.29104
-0.001513 0.021129 -0.300377
-0.022388 0.038445 -0.019093
0.040246 0.003534 -0.01655
-0.040636 0.016643 -0.292798
0.030081 0.004562 -0.069521
-0.023628 0.042254 -0.016719
-0.018114 0.001451 0.009216
0.035724 -0.014824 -0.00045
-0.008736 0.026313 -0.30398
0.001578 -0.044942 -0.024928
0.025036 0.015738 0.004265
0.019194 0.021019 -0.039707
0.030772 0.015252 -0.256134
-0.0112 0.04813 0.0058
0.025544 -0.043414 -0.027816
-0.012552 -0.011057 -0.360056
0.01219 0.035283 -0.18814
-0.005933 0.026174 -0.32002
-0.0353 -0.02516 -0.33258
0.021104 -0.045377 0.011452
0.006454 0.041761 -0.02867
0.020912 0.035502 0.015396
0.013541 -0.037209 -0.024985
-0.011594 -0.044335 -0.332616
-0.007137 0.040167 -0.029109
-0.012534 -0.023946 -0.018425
-0.021434 0.001456 0.009495
-0.02 -0.036105 -0.047092
-0.029403 -0.0 -0.043428
-0.014823 0.046798 -0.012743
0.013243 -0.043172 -0.311197
0.012665 0.042563 0.025738
-0.028787 0.003181 -0.048776
-0.017632 -0.037147 -0.022243
0.024997 -0.043155 0.012726
0.020399 -0.035715 -0.0167
0.031681 0.011127 -0.276042
-0.010213 -0.022822 -0.295601
0.00649 -0.041665 -0.003748
0.018231 -0.038691 -0.023253
-0.014566 0.04489 -0.283337
0.016372 0.03716 0.023181
-0.01103 0.039337 -0.027771
-0.022433 -0.029171 -0.004621
-0.028295 -0.029542 -0.068897
0.008919 0.007073 -0.314365
-0.023352 -0.041472 0.017991
-0.018506 0.004852 0.009215
0.018699 -0.047028 0.001453
0.037479 0.028093 -0.028048
-0.004904 -0.013457 -0.364529
-0.021106 0.029396 -0.328327
0.030375 0.039547 -0.028048
-0.0 -0.04342 0.0277
0.020125 -0.04 -0.022215
-0.021196 0.038848 -0.022101
-0.01665 0.023256 -0.000405
0.02633 -0.03746 0.0115
-0.015751 0.02427 -0.056855
-0.024257 -0.016769 0.001981
-0.017868 -0.00818 -0.068171
-0.024252 0.016769 0.001982
-0.002813 0.040177 0.029812
0.005697 -0.037494 0.028233
0.003294 -0.002708 -0.027862
-0.014861 -0.005613 -0.361513
-0.033039 0.014375 -0.299916
-0.03181 0.053342 -0.085268
-0.002384 -0.039502 0.029788
-0.017415 -0.005627 0.008189
-0.05047 -0.029887 -0.077178
-0.03234 -0.0453 -0.28832
-0.007755 0.041924 -0.028238
0.011295 -0.045606 -0.331439
0.001549 -0.020607 -0.328817
-0.045055 -0.013029 -0.340662
-0.034445 -0.001797 -0.372416
-0.0011 0.041688 0.029414
-0.015107 0.017982 -0.366411
0.013715 0.043379 0.02408
-0.022169 0.0428 -0.017788
0.001029 -0.040325 -0.029868
-0.011524 0.009887 -0.011222
0.031752 0.027987 -0.003087
-0.01388 0.047984 -0.0
-0.021692 -0.049481 -0.053432
-0.020667 -0.044773 -0.038369
-0.041837 0.021802 -0.005505
-0.00205 0.011081 -0.010431
-0.049056 -0.040759 -0.116332
0.030361 -0.015699 -0.251715
0.01245 -0.040512 0.027141
0.002032 0.045685 0.023105
0.027868 -0.038784 -0.076083
-0.00365 -0.025262 -0.316824
0.018539 -0.034626 -0.17909
-0.000888 0.01254 -0.281915
0.025037 -0.015738 -0.064265
0.003735 -0.039339 -0.029638
-0.038985 -0.021802 0.016147
0.024364 -0.03691 -0.014037
-0.030067 -0.023657 -0.288652
0.038324 -0.024959 -0.02804
-0.02121 -0.04 0.02121
-0.043031 -0.01188 -0.289725
0.021106 -0.016355 -0.004711
-0.025897 0.009659 -0.060726
-0.026863 -0.01789 -0.362791
-0.004221 -0.042309 0.028672
0.033647 0.026775 -0.004642
-0.01634 0.008996 0.006066
-0.007423 -0.02741 -0.317828
0.010973 0.034176 -0.223413
-0.026845 -0.014482 -0.055252
0.007157 0.037348 0.027732
-0.008798 -0.034458 -0.022999
-0.029125 -0.022639 -0.284776
0.002813 -0.040177 -0.029812
0.008478 0.007125 -0.308735
-0.0212 0.03364 -0.0
0.026363 0.041702 0.012914
0.019718 0.040096 0.022478
-0.013649 -0.029533 -0.020287
0.010057 -0.047344 0.01401
-0.02 -0.014463 -0.372745
0.002663 -0.015806 -0.296287
-0.06222 0.03232 -0.10295
-0.02633 0.03746 0.0115
-0.025188 0.028485 -0.333493
0.022786 -0.0 -0.064164
0.034777 0.033764 -0.020262
-0.02 0.02467 -0.28682
-0.02268 0.025602 -0.349652
-0.021159 0.019755 -0.064357
-0.01861 -0.002181 -0.069486
0.002394 -0.050248 -0.346172
-0.011353 -0.04203 -0.346299
-0.012989 -0.04328 0.007501
0.002834 -0.018251 -0.334274
-0.021118 -0.037208 -0.016495
0.003408 0.039192 -0.029632
-0.022827 0.03419 -0.047144
-0.02219 0.028868 -0.306402
-0.049775 0.032195 -0.28813
0.025417 -0.040818 -0.015502
-0.014805 0.03903 -0.204404
-0.00974 -0.043888 -0.313724
0.020717 -0.014063 -0.004734
0.026409 -0.038475 -0.024104
-0.034777 -0.026066 -0.313666
-0.033252 0.026241 -0.328485
-0.043605 -0.040952 -0.143126
-0.02884 0.014556 -0.018445
0.031825 0.006883 -0.068221
0.00203 0.046322 0.021228
-0.0 0.03118 -0.0058
-0.02539 -0.025368 -0.052273
-0.052811 -0.024861 -0.080228
-0.013271 -0.029334 -0.314525
-0.005605 -0.040333 0.029424
-0.040511 0.014066 -0.287196
0.011829 0.046859 -0.015339
0.013338 -0.032364 0.008625
-0.025186 -0.01708 -0.05951
-0.021084 0.028498 -0.303192
-0.013541 0.037209 0.024985
-0.0114 -0.04 -0.0277
0.00948 0.036374 0.025679
-0.001868 -0.038963 -0.299861
-0.027315 -0.04121 -0.293498
-0.01568 0.038539 0.024991
-0.019999 0.023782 0.002051
0.000548 0.036959 0.028198
-0.056782 -0.00476 -0.199598
-0.025006 -0.006266 -0.329997
0.001076 -0.04339 -0.027723
-0.022692 0.01328 0.006106
0.007 -0.04324 -0.29997
0.020165 0.015431 -0.052243
0.013449 -0.036529 -0.024066
-0.009927 -0.036955 -0.026363
-0.056408 0.027993 -0.282131
0.029665 0.003188 0.009737
-0.010527 0.011338 -0.035858
0.013904 -0.039648 0.026498
0.035032 0.004407 -0.172858
-0.02 0.022997 -0.282151
-0.038747 -0.00775 -0.364337
-0.014307 -0.0311 -0.041589
-0.032443 -0.026084 -0.302939
-0.00076 -0.003313 -0.365726
-0.045917 0.012668 -0.304602
0.023056 0.034619 -0.033909
-0.021517 0.045474 -0.01006
-0.01812 0.033186 -0.00722
-0.015117 -0.019645 -0.275466
-0.066714 -0.003898 -0.100376
0.038965 -0.021545 -0.024129
-0.029059 -0.007059 -0.045321
0.003692 -0.038106 0.029076
0.018397 0.018376 -0.033908
-0.053321 -0.019998 -0.281011
-0.034715 -0.024503 -0.338934
0.008228 -0.042383 -0.338979
-0.021846 -0.034414 -0.008659
-0.008456 0.046156 0.020062
0.007223 0.036347 0.026396
0.0 0.045732 0.023073
-0.021079 -0.028007 -0.297565
-0.034466 -0.02528 -0.3353
0.006939 0.039484 -0.029116
0.004427 -0.041093 0.029415
0.008559 -0.031389 -0.0
-0.052016 -0.020225 -0.283569
-0.007286 -0.026068 -0.303744
-0.002535 0.035815 -0.360155
0.025477 -0.035677 -0.016426
0.032958 -0.026157 -0.108524
0.024025 -0.004356 0.006062
-0.041028 -0.004592 -0.278133
0.031395 0.005548 -0.068759
-0.028976 -0.038122 -0.003015
0.004218 0.0423 -0.028661
-0.002807 0.031219 0.005808
0.035706 0.014824 -0.059549
-0.053233 -0.023688 -0.187812
0.004618 -0.051857 -0.313697
0.01006 -0.050416 -0.050807
-0.014398 0.038527 -0.025731
0.006644 -0.0423 -0.028219
0.018651 0.046993 0.00291
-0.01154 -0.047987 -0.325375
0.010755 -0.046774 -0.298937
0.027291 -0.001455 -0.069504
-0.020382 0.015029 -0.066976
0.00776 -0.04 -0.02898
-0.015 -0.04328 0.0
-0.023148 0.014135 -0.065172
-0.014254 0.024493 -0.051393
0.030036 0.021858 -0.153817
-0.03531 -0.041 -0.28734
-0.028177 0.020999 -0.039698
0.000716 -0.01968 -0.015241
0.002658 0.04376 0.02707
0.038589 -0.0128 -0.081138
0.005313 0.031665 0.010023
0.00406 -0.046855 0.018951
-0.005042 0.055156 -0.025197
-0.0119 0.02091 -0.35902
-0.044682 -0.038239 -0.069646
-0.025304 -0.00638 -0.06323
0.025008 0.031613 -0.009488
-0.023736 0.043953 -0.012793
-0.041416 -0.015912 -0.347794
0.007 0.02715 -0.364247
-0.014922 0.029156 -0.325371
-0.0412 0.02095 -0.32002
0.014752 -0.041013 0.02578
0.007959 -0.032034 -0.011417
0.012628 -0.036828 -0.024958
-0.0662 -0.01339 -0.111758
0.011182 -0.009976 -0.298873
-0.022677 0.029167 -0.309869
0.034919 0.034817 -0.031991
-0.017644 0.033409 0.010029
0.022276 -0.034678 -0.147601
-0.014462 0.009082 0.00197
0.008562 0.031396 -0.001454
-0.020961 -0.042071 -0.020215
-0.017284 0.03243 -0.009342
0.005863 -0.005561 -0.296991
0.021114 -0.033626 0.001452
-0.015112 0.038578 -0.211627
0.011204 0.033604 -0.017793
0.007449 -0.037954 -0.028218
-0.027947 0.036766 -0.236255
-0.032441 0.025575 -0.33706
-0.002752 0.003612 -0.361968
-0.023696 -0.042989 0.015328
0.025605 -0.014987 0.005224
0.018249 -0.014781 -0.03968
0.031394 -0.009522 -0.276652
-0.002483 -0.022638 -0.338734
0.01798 -0.0444 -0.29024
-0.0 -0.031272 -0.007203
0.027293 -0.043426 -0.004356
-0.01033 -0.047524 0.012707
-0.018114 -0.001451 -0.069216
0.022979 0.015574 -0.060802
-0.025641 -0.044313 -0.005832
-0.04228 0.008602 -0.284301
-0.007423 0.026908 -0.322173
-0.041794 -0.014589 -0.290801
-0.018159 0.044754 0.017823
0.021479 0.0398 -0.097915
-0.05933 0.01215 -0.178532
0.028321 0.005414 0.009521
-0.02381 0.020316 -0.060837
-0.02268 -0.026112 -0.290348
0.031114 0.006848 0.00873
0.03947 -0.016235 -0.068591
0.024535 0.034762 -0.001478
0.029544 0.012708 -0.29174
0.035326 -0.02082 -0.056724
0.027038 0.023969 -0.182282
-0.011526 0.04529 -0.021252
0.026432 0.010339 0.007619
-0.0262 0.043127 -0.275913
0.029957 -0.022281 -0.268559
-0.008541 0.001268 -0.264758
-0.029216 -0.015229 -0.031951
-0.023695 0.037012 -0.015327
0.03879 -0.013409 -0.011238
-0.003813 0.02114 -0.29357
0.031314 -0.009596 -0.229675
0.006911 -0.013155 -0.325319
0.020079 -0.012232 -0.006285
0.018699 0.032972 0.001453
0.040761 -0.007668 -0.028045
0.020125 0.04 -0.022215
0.002605 -0.007601 -0.283639
0.031591 0.010884 -0.216725
0.027221 -0.030022 -0.055554
-0.049084 -0.007481 -0.319997
-0.012211 0.024894 -0.028048
-0.027911 -0.037297 0.005857
0.000546 0.034489 -0.29992
0.015782 -0.043823 -0.300686
-0.024036 0.048654 -0.142127
-0.026841 0.039178 0.012898
0.0 -0.04328 0.015
-0.019055 0.001459 -0.069701
-0.048336 -0.027426 -0.238274
0.0311 -0.032247 -0.007565
-0.02195 -0.0 0.0092
0.0081 0.03757 -0.0277
0.019457 -0.009535 -0.007769
0.028856 -0.005021 -0.291914
0.031469 0.042786 -0.036105
-0.009739 -0.043914 -0.346206
-0.014047 -0.002128 -0.061997
-0.049683 0.002699 -0.325742
-0.035491 -0.048606 -0.097481
-0.014497 0.029157 -0.32332
-0.05262 -0.027329 -0.178444
0.039027 -0.013757 -0.047034
0.035722 0.026065 -0.009421
0.018159 -0.0 -0.047033
-0.021775 0.006847 0.008724
-0.012516 0.043801 0.024003
0.017632 -0.037147 0.022243
-0.010809 -0.003531 -0.014685
-0.012435 0.044718 0.022189
-0.007898 -0.010649 -0.361847
0.003152 0.038567 -0.029416
-0.020368 0.001382 -0.069849
0.036643 -0.0 -0.06073
0.029626 -0.040128 0.003898
-0.020941 0.031652 -0.053961
-0.022673 -0.044796 0.011481
-0.02 0.0078 -0.0692
-0.022458 -0.018477 -0.367292
-0.025408 0.006483 -0.03676
0.03605 -0.0235 -0.0078
-0.02121 0.04 0.02121
-0.010092 0.021184 -0.283235
0.016105 -0.040181 -0.13461
-0.013134 -0.01128 -0.003289
0.005052 0.012517 -0.299339
-0.02892 -0.0396 -0.23852
-0.027731 -0.050802 -0.087569
-0.033789 -0.026764 -0.316821
-0.024234 0.028495 -0.334747
0.01092 -0.042117 -0.337271
-0.013398 -0.013574 -0.056748
0.006756 -0.035049 -0.023994
-0.018188 -0.033263 -0.009233
0.020489 -0.046186 -0.007206
0.018436 0.033121 -0.005814
-0.028671 -0.006239 -0.264076
-0.011127 -0.018435 -0.031954
0.004521 0.03756 -0.196084
-0.017187 -0.030045 -0.31888
0.026134 -0.002175 0.008739
0.021691 -0.019055 -0.004721
0.017936 -0.015231 -0.028049
0.030758 -0.000726 0.009505
-0.021274 -0.050669 -0.058804
0.028312 -0.009269 0.008784
-0.025332 0.026169 -0.345956
-0.017416 -0.042966 -0.022247
-0.021511 -0.038658 -0.02029
-0.029744 -0.047712 -0.289009
0.039027 -0.013757 -0.012966
-0.028871 -0.019268 -0.277402
0.020489 -0.046189 0.007206
0.002211 -0.020372 -0.319982
-0.021735 -0.036369 -0.016679
0.021689 -0.024171 -0.050491
-0.018548 -0.033051 -0.004364
-0.043405 -0.044576 -0.112482
-0.005463 -0.048315 0.010023
-0.01963 0.007507 -0.069232
-0.020606 0.024998 0.00099
0.001241 -0.015914 -0.348199
-0.01672 0.038561 -0.24362
-0.048358 0.00418 -0.336972
0.037478 0.018659 -0.077353
-0.020917 -0.027623 -0.363253
0.030311 -0.037228 -0.043528
-0.050116 -0.024007 -0.284423
-0.04132 -0.021755 -0.008219
0.03301 0.002177 0.007588
-0.019718 0.040096 -0.022478
0.031228 0.024031 -0.060969
0.034561 0.032827 -0.043526
-0.011919 -0.0268 -0.297623
-0.031217 -0.006973 -0.073394
0.03159 -0.038827 -0.027973
-0.0212 -0.04 -0.0212
0.031153 -0.013294 -0.066955
0.001653 -0.041243 -0.029614
-0.016261 0.035224 -0.041574
0.015566 0.032024 -0.223438
0.016778 -0.04165 0.024127
-0.014267 0.045468 0.018961
-0.01365 -0.002128 -0.060749
0.026769 0.043367 -0.007213
0.021237 0.020837 -0.007753
-0.022412 0.018143 0.004268
-0.001649 -0.042145 -0.029062
0.027924 0.030419 -0.055472
-0.013215 0.023857 -0.287281
0.001479 -0.018464 -0.36343
-0.016095 -0.020171 -0.363652
-0.026557 0.019072 -0.363732
-0.022104 0.036518 -0.043569
0.034628 0.01391 -0.313608
-0.002817 -0.02448 -0.327199
0.020226 -0.036636 0.019028
-0.02512 -0.0085 -0.0632
-0.012089 -0.020548 -0.016542
-0.028824 -0.018411 -0.033908
-0.0246 -0.035832 -0.010074
-0.029301 0.052708 -0.062703
0.030409 -0.03926 -0.329969
-0.005177 0.018954 -0.354979
0.006887 0.036352 -0.202928
0.030962 -0.031169 -0.005978
-0.034436 0.042313 -0.276029
-0.00999 0.038394 -0.027745
0.005959 -0.039122 -0.198524
0.016044 -0.047409 -0.005819
-0.040979 0.012721 -0.286243
0.011401 -0.043015 0.019745
0.002856 -0.031062 -0.0
0.02767 0.039389 -0.025997
-0.013283 -0.02678 -0.295824
-0.017686 -0.003639 0.00871
-0.023636 -0.004353 -0.066927
0.018395 0.010587 -0.045322
-0.018533 -0.02438 -0.060943
0.024627 -0.033107 -0.144116
-0.026312 -0.026769 -0.295274
0.023869 0.011464 0.004246
0.005835 0.040096 -0.029331
-0.013948 -0.000209 -0.261489
-0.02 -0.02965 -0.30838
-0.028671 0.005826 -0.264075
-0.026272 0.024821 -0.048765
0.033114 0.010252 0.006082
0.024741 0.016938 -0.063278
-0.006608 -0.021687 -0.352162
0.000397 0.043647 -0.157023
-0.01147 0.0141 -0.0147
-0.043366 -0.014537 -0.344262
-0.016918 0.012046 0.00603
-0.01387 0.033489 -0.015351
0.026377 0.038901 -0.03
-0.024339 0.037602 -0.015448
0.002813 -0.039823 -0.029812
0.021466 -0.038548 -0.020255
-0.013964 0.034825 0.020109
0.023103 -0.043884 -0.014107
0.026787 0.002176 0.009214
-0.029081 0.04 -0.00723
0.006404 -0.038995 0.029093
0.025378 -0.020459 0.002096
-0.027691 -0.044903 -0.3462
-0.067635 -0.003888 -0.10559
-0.045701 0.007075 -0.347064
-0.03225 0.01671 -0.36001
-0.025695 -0.011473 0.000764
0.028848 -0.041935 0.004386
-0.021118 0.037208 -0.043505
0.004427 -0.041093 -0.029414
-0.019601 -0.003615 -0.069738
0.000729 0.045458 -0.292498
-0.025247 0.023131 -0.35581
0.010822 -0.039016 0.027753
-0.046448 0.002751 -0.292417
0.007449 0.042046 -0.028218
-0.006281 -0.026776 -0.31567
0.037972 0.0 -0.025377
-0.007233 0.045081 -0.28158
-0.021883 -0.024016 -0.060954
0.024147 0.029015 -0.052307
0.01809 -0.04547 -0.015311
-0.022465 0.045731 -0.005827
0.032523 0.035677 -0.016426
0.031343 -0.004863 -0.279676
-0.02 0.007093 -0.261872
-0.0353 0.02466 -0.30742
-0.004736 0.045357 -0.292467
-0.019493 -0.04119 0.022371
0.009682 0.002707 -0.314258
-0.011548 0.033384 0.016631
0.024365 -0.043093 -0.014038
0.012392 -0.041987 -0.026441
-0.027931 0.040982 0.010073
0.017187 0.003836 -0.024142
-0.040227 0.035892 -0.052576
0.035869 -0.008028 -0.161911
-0.003212 -0.038019 0.029063
-0.00672 -0.036727 0.027085
-0.022068 0.023192 -0.282926
-0.005455 -0.040731 -0.241906
-0.00183 -0.029126 -0.362549
0.022046 -0.008164 -0.361899
-0.01077 0.0 -0.0147
0.0 0.03463 -0.023993
0.033647 -0.036638 -0.033909
-0.056188 0.004872 -0.20481
0.023499 0.024976 -0.05535
-0.047182 -0.038668 -0.259116
-0.029025 -0.026789 -0.341076
-0.018566 -0.001456 0.009494
-0.055757 -0.005757 -0.250226
-0.012833 0.027499 -0.337482
-0.018786 -0.047014 0.0
0.029549 -0.04101 0.002907
0.032064 0.00885 -0.067597
-0.029762 0.003756 -0.037808
-0.0298 0.0 -0.0222
0.036262 -0.00616 -0.313628
-0.017834 0.038659 -0.026156
0.022359 0.026293 -0.009413
0.037406 -0.027843 -0.024147
-0.006626 0.02294 -0.293385
-0.027626 -0.005409 -0.004752
0.00978 -0.047134 0.015307
0.028344 -0.007355 -0.069224
-0.040961 -0.0 0.020202
0.028534 0.009417 -0.068774
0.001076 0.035746 0.026368
-0.0353 -0.02514 -0.30738
-0.03461 -0.014728 -0.276401
-0.009895 -0.03336 -0.295912
0.036763 -0.020837 -0.007754
-0.018398 -0.004202 -0.069219
-0.013875 0.002792 -0.378196
-0.010186 0.00766 -0.03
0.005704 -0.039833 0.029417
-0.055237 0.011597 -0.088017
0.039019 -0.025207 -0.05098
0.020962 -0.037928 -0.020215
-0.01093 0.007059 -0.014679
0.003689 -0.041887 0.029068
0.02217 -0.042801 -0.017788
0.022582 -0.045809 0.004376
0.0071 -0.00607 -0.3424
-0.013865 -0.028948 -0.307765
0.007755 -0.038076 0.028238
-0.005619 0.002831 -0.26776
-0.01512 0.016746 -0.368234
-0.014434 -0.042365 -0.024967
-0.010589 0.0 -0.043428
0.019652 -0.008427 -0.299874
0.0 0.038665 -0.029614
0.026315 0.038211 0.012864
0.029469 0.011328 -0.068312
0.018091 -0.034528 0.015312
-0.010593 -0.047656 -0.331187
0.007133 0.047155 0.016624
-0.046407 -0.003205 -0.292313
0.001104 -0.040841 0.029768
-0.0153 -0.03811 -0.0249
-0.003155 0.044869 0.02494
-0.020545 0.007355 -0.069224
0.0281 0.029203 -0.003022
0.010639 0.044707 0.023134
0.010858 -0.033856 0.018954
-0.019027 -0.010851 -0.068224
0.019178 0.017136 -0.04533
-0.010961 -0.0 -0.01297
-0.013775 -0.02036 -0.006252
-0.038853 -0.036166 -0.201936
0.016153 -0.032523 0.004367
0.009425 -0.041083 -0.336977
-0.05065 -0.032698 -0.2819
-0.020476 0.045324 0.012752
0.034945 0.034773 -0.028044
-0.035191 -0.026019 -0.322136
-0.009933 -0.04486 -0.023132
0.001104 -0.039159 0.029768
-0.041615 -0.035189 -0.195581
0.007489 -0.041084 -0.337759
-0.02652 -0.0261 -0.0453
-0.044104 0.0 -0.011812
0.005611 0.031344 -0.005811
-0.013541 0.042791 0.024985
-0.022673 0.035204 0.011481
0.030659 -0.00218 0.009495
-0.014588 -0.044276 -0.313808
-0.010839 0.011038 -0.041566
0.016273 0.044946 -0.018926
0.023819 -0.0 0.006018
-0.024914 -0.006384 -0.064184
0.035355 -0.029453 -0.04714
0.013116 -0.000723 -0.297209
-0.006148 -0.02068 -0.353998
-0.010099 -0.003757 -0.033905
-0.033081 -0.044233 -0.288033
-0.054034 -0.016447 -0.203815
0.022147 -0.006965 -0.062018
-0.046267 0.030698 -0.246604
-0.010805 -0.003531 -0.045315
-0.001822 0.020144 -0.295565
0.012392 0.041987 0.026441
-0.026392 -0.029917 -0.03783
0.03828 0.0 -0.055217
-0.019777 -0.044121 0.017882
0.017003 -0.001024 -0.36208
-0.011094 0.001271 -0.377041
-0.021034 0.033825 -0.050634
0.018565 0.014331 -0.04343
-0.024535 -0.018511 -0.273485
0.028447 -0.037261 -0.001439
-0.01756 -0.039489 -0.024171
0.0056 -0.01167 -0.34119
-0.044432 0.011307 -0.345774
-0.006756 -0.035049 -0.023994
-0.016066 0.054077 -0.062227
0.020489 0.033811 0.007206
0.018968 0.017368 -0.04346
-0.0209 0.040679 0.021343
-0.045137 -0.00628 -0.313639
0.006172 0.036631 -0.027078
-0.02815 0.028465 -0.325427
-0.026251 -0.013092 -0.058236
-0.022748 -0.042254 -0.017887
0.008456 0.046156 -0.020062
0.038603 -0.012255 -0.329991
0.02684 0.0029 -0.0692
0.028319 0.009277 0.008811
0.020025 -0.041903 -0.021317
-0.013323 -0.035941 0.023088
0.013515 -0.044537 -0.304617
0.024068 -0.040066 -0.286311
-0.016916 0.029385 -0.313867
-0.004427 -0.041093 0.029414
-0.006733 -0.017846 -0.361807
0.025613 -0.035769 -0.043597
-0.01103 -0.040664 0.027772
0.020522 0.028092 -0.028048
-0.003255 -0.014675 -0.360425
0.0212 0.04 -0.0212
-0.034337 0.0 -0.030114
0.030478 -0.017212 -0.260018
-0.010466 0.02558 -0.296568
0.024279 0.034822 -0.0044
-0.012582 0.047204 -0.01273
-0.0212 0.04 -0.0212
0.037384 -0.019237 -0.08397
0.009284 0.002724 -0.308528
0.003626 -0.041333 0.029411
-0.05102 0.039022 -0.286269
0.012989 0.04328 0.007501
-0.022237 -0.038786 -0.028076
-0.024634 0.014983 0.00202
-0.014559 -0.004255 0.00324
-0.027751 0.020138 -0.014668
-0.018602 -0.047013 -0.002907
-0.021216 0.005928 0.009219
0.029921 0.011007 0.008246
-0.001103 0.041277 0.029621
-0.001649 0.037855 -0.029062
-0.026687 -0.021491 -0.050518
-0.024571 -0.021501 -0.001721
-0.02705 0.0 -0.0582
-0.008456 -0.046158 0.020063
0.017347 0.007517 -0.035863
-0.012744 -0.018493 -0.050525
-0.028856 0.018553 -0.03
-0.06381 -0.013221 -0.09475
0.023758 0.010908 -0.06424
0.020226 0.043364 0.019028
0.033175 -0.019257 -0.062112
-0.0246 0.044168 -0.010074
-0.013578 -0.025465 -0.012965
-0.025545 0.030672 -0.043493
0.020594 0.027843 -0.024147
-0.002658 -0.032322 -0.015327
-0.017179 0.003644 -0.06817
-0.024364 -0.03691 0.014037
-0.012363 -0.015778 -0.050513
-0.021065 -0.037863 -0.041768
0.030121 0.008448 -0.289955
0.00194 0.04328 -0.014745
-0.047055 -0.010434 -0.335951
0.01029 -0.0446 -0.33726
-0.02852 -0.0141 -0.0453
0.030531 -0.008134 -0.068757
0.005463 0.048578 -0.007217
0.002055 0.038977 -0.251335
0.000737 -0.007501 -0.010643
0.003227 0.043272 0.027724
-0.037972 0.0 -0.025377
0.021042 0.021663 0.036437
0.031853 -0.037838 -0.061058
0.027412 0.024097 -0.173452
-0.015847 0.020317 -0.2772
0.029002 0.009713 0.008757
0.002656 -0.031721 -0.011416
-0.005349 -0.052073 -0.346272
-0.000162 0.022114 -0.315956
-0.023231 0.027528 -0.298406
-0.05646 -0.01593 -0.08138
-0.01899 0.04 0.023162
-0.056263 0.001948 -0.252453
-0.020479 0.000731 0.009844
-0.022022 0.018944 -0.06421
-0.016776 0.044746 -0.283092
0.026762 -0.033233 -0.009288
0.040634 -0.0 -0.020321
-0.008 -0.01323 -0.297722
0.008928 -0.034977 0.023117
0.031378 -0.035898 -0.0455
-0.013525 -0.020826 -0.052233
-0.029675 0.041027 -1e-06
0.026093 -0.044446 0.001456
-0.027693 0.003182 -0.004762
0.035826 0.011482 0.000785
-0.029548 -0.046399 -0.057567
-0.029143 0.038982 0.005873
-0.017325 -0.047081 -0.298351
0.013317 -0.044081 -0.316003
0.021466 0.041452 -0.020255
-0.029059 -0.007059 -0.014679
0.023103 0.036116 -0.014107
0.039055 -0.021575 -0.03391
-0.002096 -0.019452 -0.291422
-0.027012 0.022788 -0.01294
0.025308 0.037756 -0.033897
-0.017958 0.036555 -0.043667
-0.020804 0.018306 0.00536
-0.032957 -0.022673 -0.35007
-0.020897 -0.036428 0.01786
0.029 0.025316 -0.060839
-0.051694 0.011319 -0.28713
-0.031263 0.026291 -0.33606
0.010885 -0.021663 0.040646
-0.018349 -0.029669 -0.308978
-0.016902 0.037872 -0.028077
-0.010157 0.003756 -0.024142
-0.01374 0.04328 0.005691
-0.02452 -0.031408 -0.012882
0.031681 0.00215 -0.260434
0.02726 0.0141 -0.0669
0.02924 -0.01334 0.007678
-6.8e-05 -0.046007 -0.279769
-0.029629 -0.04 -0.004361
-0.022157 -0.028032 -0.29796
-0.029755 -0.028544 -0.323234
0.025213 -0.005088 0.007554
-0.01197 0.020953 -0.041582
-0.023432 0.024617 -0.001704
0.022099 0.018573 -0.003225
0.018638 -0.046822 -0.028476
-0.021509 -0.0 -0.069487
-0.025611 0.011954 0.000767
-0.02 0.0222 0.0032
-0.013592 -0.029358 -0.313573
-0.024223 0.045185 0.004372
-0.004363 0.04 -0.02965
0.027341 0.00218 0.009495
0.021301 0.02547 -0.012961
-0.0043 -0.03682 -0.0277
0.021193 0.032167 -0.250999
-0.02763 -0.024557 -0.022189
-0.012765 0.016633 -0.367196
0.008033 -0.043488 -0.026404
-0.021874 -0.017358 -0.065166
-0.027771 -0.025007 -0.03
-0.0278 -0.03152 -0.29998
-0.064846 -0.012801 -0.140026
0.02832 -0.005414 0.009523
-0.054377 -0.008709 -0.07092
-0.0106 0.03232 0.0114
0.033362 -0.004353 -0.066932
-0.047537 0.025365 -0.219075
-0.009245 0.039741 -0.196806
-0.010372 -0.00751 -0.037811
-0.043468 0.011717 -0.313652
0.033543 -0.020334 -0.060869
-0.053723 -0.027778 -0.169647
-0.026414 -0.043345 -0.00862
0.019676 -0.024959 -0.03196
-0.043239 -0.027757 -0.329976
-0.024266 0.008419 -0.065134
0.011577 0.034705 0.021255
0.018651 -0.024112 -0.29794
0.033474 0.021802 0.025688
0.015 -0.04 0.02598
0.031745 0.026994 -0.098634
-0.050955 -0.023934 -0.283295
0.037085 -0.003671 -0.127918
-0.006857 0.019041 -0.357333
0.001653 0.041243 -0.029614
0.007633 0.009974 -0.309046
0.03613 0.012533 -0.059523
0.009719 -0.04691 -0.309568
-0.022304 -0.003279 -0.346315
-0.026343 -0.029533 -0.039713
0.022698 0.02082 -0.003276
0.007689 0.0324 -0.014029
0.034873 -0.034469 -0.0241
0.00985 -0.039661 -0.028272
-0.028826 0.039072 0.007349
-0.017305 0.046445 0.011422
-0.022311 -0.003639 0.008709
-0.029556 0.011413 -0.031952
-0.017593 -0.002187 0.008731
0.012916 -0.0339 -0.017811
-0.019509 -0.034975 0.015375
-0.035876 0.035469 -0.190533
-0.020582 -0.021854 0.003334
0.016045 0.043277 -0.278951
-0.022 -0.003237 -0.296985
0.0336 0.036439 -0.024142
-0.023794 0.045047 -0.00727
0.012813 -0.041169 -0.326148
-0.01502 -0.013183 0.002028
-0.044223 -0.036806 -0.07364
-0.014434 0.037635 -0.024967
-0.01647 -0.0341 -0.0147
0.01101 0.015893 -0.296245
0.018091 0.045472 0.015312
0.033694 0.021723 -0.000383
-0.015638 -0.030768 -0.011132
0.04132 -0.021755 -0.008219
-0.017324 -0.019339 0.00328
-0.02427 0.002132 0.006041
-0.014245 0.026919 -0.048843
0.025633 0.034217 -0.047168
0.00203 0.046648 -0.02009
-0.054634 0.034699 -0.284321
0.026009 -0.035573 0.002937
0.034723 0.018873 -0.000515
0.022155 -0.034324 0.007236
0.012253 0.040844 -0.027153
-0.056099 0.01072 -0.250086
-0.023798 0.018375 0.002069
0.00901 -0.038662 0.028251
0.017454 -0.037771 -0.023121
0.033418 0.0145 -0.064185
0.01661 -0.0431 -0.27892
-0.004644 -0.041689 0.029073
-0.038163 -0.015651 -0.356186
-0.017323 -0.029677 -0.330131
0.026885 0.006848 0.008732
0.02889 -0.023 -0.28855
0.011383 -0.046369 -0.305377
0.019675 -0.024792 -0.026091
0.017565 -0.011344 -0.026093
-0.026271 -0.024821 -0.011235
-0.019039 0.03425 0.012709
-0.008738 -0.042176 -0.027741
-0.065634 -0.0039 -0.14859
-0.013507 -0.042432 -0.304657
0.02102 -0.033638 0.002903
-0.021352 -0.025987 -0.059751
-0.02832 0.040097 0.009605
-0.022411 -0.025895 -0.363115
-0.043 0.01633 -0.33901
-0.039095 0.042374 -0.279311
-0.00271 -0.037066 0.028208
0.000215 0.01897 -0.29827
0.00634 -0.0473 -0.31242
0.019745 -0.043015 0.011401
-0.018218 -0.006847 0.008724
0.026959 0.003552 0.009216
-0.022948 -0.009558 -0.066935
-0.014024 0.02736 -0.012921
-0.012228 -0.024941 -0.028043
-0.04138 0.011304 -0.354691
-0.020393 -0.003615 0.009737
-0.025186 0.028496 -0.3065
-0.011745 -0.028991 -0.324286
-0.012388 -0.037322 0.025723
-0.010195 0.007587 -0.028047
-0.009949 0.039819 0.028279
0.004168 0.038205 -0.029078
-0.017497 0.014315 -0.267886
-0.0 -0.031864 -0.012706
-0.019596 -0.011329 0.008315
0.021719 -0.042412 -0.29332
-0.014069 -0.00642 -0.377306
-0.033213 0.050995 -0.112381
-0.02 0.018778 -0.36622
0.017737 0.007519 -0.018421
0.002856 0.031062 0.0
0.024175 0.041575 -0.016778
-0.02814 0.021175 -0.0203
0.013913 0.04517 0.020108
-0.057775 0.022378 -0.279175
-0.022748 0.037746 -0.017887
0.0112 -0.04813 0.0058
-0.025194 0.042822 -0.273545
-0.02 0.005869 -0.069551
0.008808 -0.033565 0.018916
-0.020737 0.00602 -0.296969
0.001362 -0.01927 -0.337609
0.030786 0.004852 0.009216
-0.007898 -0.015982 -0.364859
0.020025 0.038097 -0.021317
0.031704 -0.033819 -0.07987
-0.003058 -0.024435 -0.31051
0.003155 -0.035132 0.02494
-0.015471 -0.048465 -0.300737
-0.043912 0.008586 -0.351646
-0.023566 -0.043803 -0.294566
0.005186 -0.034885 0.024025
0.021517 -0.034526 0.01006
-0.0314 -0.0003 -0.3754
0.017287 0.003759 -0.022189
-0.021454 -0.007708 0.008753
-0.027051 0.027968 -0.033902
0.02102 0.03364 0.002903
-0.046938 -0.033986 -0.285109
-0.029472 0.011261 -0.035856
-0.016847 -0.029674 -0.310478
-0.02853 0.003533 -0.0095
0.003409 -0.040809 0.029633
0.000798 0.052016 -0.065887
0.005446 -0.038554 -0.029075
0.020585 0.022804 -0.012926
-0.056645 0.018684 -0.282707
-0.015827 -0.029388 -0.331448
-0.02905 -0.0402 -0.19444
-0.028657 0.037224 -0.242298
0.023538 -0.021513 -0.058293
-0.019449 -0.029667 -0.308578
0.012486 -0.041411 -0.311135
-0.03683 0.027908 -0.313673
-0.014282 0.009133 -0.047253
-0.0117 0.04351 -0.0249
0.031018 -0.018458 -0.200634
-0.006789 -0.033344 -0.01894
0.035755 0.033486 -0.061114
-0.047036 -0.004551 -0.28723
-0.01862 -0.0055 -0.0692
0.029626 0.040128 0.003898
0.024924 0.013284 0.005135
-0.008574 -0.034908 0.023112
0.026959 0.003552 -0.069217
0.009558 0.040014 -0.313706
-0.008538 0.001179 -0.375246
-0.048236 0.031694 -0.288395
0.003248 0.026418 -0.296278
-0.004627 0.038894 -0.203627
0.023582 -0.032242 -0.045383
0.021103 -0.045373 -0.011451
0.022104 -0.000787 -0.361978
-0.018506 0.004852 -0.069214
0.021258 0.00754 -0.059511
-0.038109 -0.043996 -0.137648
-0.056117 0.000917 -0.281331
0.012852 -0.047363 -0.011422
-0.058711 -0.020849 -0.16185
-0.040837 0.044348 -0.069344
-0.004427 -0.041093 -0.029415
0.021539 -0.042823 -0.293867
-0.033014 -0.026686 -0.330593
-0.017974 0.033291 0.008627
-0.003367 -0.051989 -0.329963
0.036173 0.0 -0.061973
0.007546 -0.003157 -0.297369
0.029461 0.009428 -0.068817
-0.017876 -0.004896 0.008744
-0.022884 0.036713 -0.061956
-0.02 0.039514 -0.035865
0.024413 0.007745 -0.066067
0.020311 -0.047271 -0.346322
0.035061 0.012714 0.002055
0.0166 -0.04 -0.0249
-0.0081 0.04243 -0.0277
-5.2e-05 -0.050285 -0.094002
-0.022602 0.04302 0.001929
0.02609 -0.001461 -0.068743
-0.034402 -0.041824 -0.256467
-0.028747 0.027496 -0.334328
0.003742 -0.037608 -0.028654
0.013772 -0.040511 0.026481
-0.031678 0.008052 -0.074019
-0.039999 -0.02205 -0.287116
-0.029549 0.04101 0.002907
0.013007 -0.047514 0.010025
0.002383 -0.033067 0.018941
-0.027232 -0.017137 -0.27281
-0.022133 -0.0299 -0.312524
0.018231 0.038691 0.023254
-0.012124 -0.04685 -0.325852
-0.02 -0.0061 -0.3788
-0.024067 0.028992 -0.007711
0.033733 0.013259 -0.064227
-0.002966 -0.018122 -0.353879
0.011771 0.037702 -0.026457
0.00238 0.047437 -0.016623
-0.02382 0.0 0.0069
-0.033671 0.036411 -0.330032
0.027297 0.036569 0.004356
-0.029785 0.04 -0.002912
-0.014719 -0.048596 -0.305185
-0.017483 0.013 -0.266484
0.028086 0.008808 -0.313725
0.019705 0.044973 0.015383
-0.012287 0.024693 -0.035862
0.016389 -0.042076 -0.024029
-0.009605 -0.040097 0.02832
0.01865 0.017643 -0.297967
0.021527 -0.029189 -0.04163
0.0208 -0.04624 0.0058
-0.025712 0.028064 -0.303896
-0.020988 -0.019899 -0.064404
0.017085 0.003761 -0.031955
0.005256 -0.036975 -0.02773
-0.002153 0.044213 0.026382
-0.024603 0.005729 -0.330009
-0.005677 -0.004715 -0.268246
-0.01607 -0.0157 0.0032
0.023257 0.007835 -0.064169
-0.021702 0.003551 -0.069215
-0.023463 0.04467 -0.293492
-0.017797 -0.033274 0.008624
-0.006081 -0.046064 -0.021228
0.007413 -0.047621 0.01403
0.02724 0.021222 -0.330014
-0.00714 0.02505 -0.30002
0.009369 0.038099 0.027758
-0.012852 -0.032637 0.011422
0.025353 0.035737 -0.007265
-0.01739 -0.037032 0.022247
-0.037496 0.023943 -0.324086
-0.015 -0.04 -0.02598
0.037713 -0.029233 -0.056609
-0.002383 -0.033361 -0.020088
0.026841 -0.039177 0.012898
0.014752 -0.038987 -0.02578
-0.0 0.031864 0.012706
0.002858 0.048908 0.002905
0.002383 0.046639 0.020088
-0.006164 0.016732 -0.279196
0.034204 -0.020486 -0.00042
0.025963 0.017785 -0.064295
0.022748 -0.037746 -0.017887
0.0153 -0.03811 -0.0249
-0.010858 -0.033856 -0.018954
-0.016262 -0.029903 -0.324232
0.008554 -0.039823 0.028728
0.014121 0.037621 -0.155823
0.029437 -0.001381 0.009854
-0.06359 -0.01796 -0.099589
0.030325 -0.03786 -0.041684
0.038889 0.009539 -0.009487
0.01405 -0.050765 -0.346249
-0.00238 0.032564 0.016623
0.000382 -0.019411 -0.298903
-0.02809 0.020601 -0.041577
-0.013338 -0.032364 -0.008625
-0.00717 -0.044082 0.025668
-0.018488 0.028684 -0.057
-0.013541 -0.039953 -0.029113
-0.022155 -0.045676 0.007236
0.034418 0.032242 -0.045383
-0.013092 -0.019538 -0.276387
0.011999 -0.005559 -0.361014
-0.016665 -0.010803 0.006062
0.012916 0.0461 -0.017811
0.004434 -0.014319 -0.299862
-0.02 -0.0332 -0.0078
-0.028351 -0.013755 -0.012969
-0.009436 0.041004 0.028245
-0.019801 -0.014654 -0.36311
7.9e-05 -0.021626 -0.332149
0.011355 0.048301 -0.001451
-0.047022 0.030118 -0.288433
0.011753 0.001388 -0.298998
-0.046405 0.040472 -0.276827
0.029629 -0.04 0.004361
-0.012525 0.053115 -0.090427
-0.014501 -0.042468 -0.301783
0.00361 -0.045238 -0.024033
0.029484 -0.020309 0.004375
-0.04989 0.031733 -0.168512
-0.024547 0.021499 -0.058279
0.037723 -0.003443 -0.103768
0.035401 -0.030267 -0.014593
-0.008513 -0.031401 0.001452
-0.017455 -0.04223 -0.023122
-0.044293 -0.007659 -0.288058
0.002905 -0.019431 -0.32476
0.028498 -0.037253 1e-06
-0.0249 0.04 -0.0166
-0.051607 -0.028837 -0.074797
-0.008943 0.040473 -0.189603
-0.023054 0.052272 -0.045295
-0.039308 -0.001844 -0.365775
0.00055 -0.042202 0.029056
0.019951 -0.024358 -0.039705
0.009927 0.036955 -0.026363
-0.003158 0.034362 -0.023114
0.022155 0.045676 0.007236
-0.01218 -0.041014 0.02716
-0.011253 -0.028031 -0.334288
0.027189 -0.042663 0.008661
0.001192 0.055419 -0.022412
0.00165 -0.041656 -0.02941
0.017454 0.042229 -0.023121
-0.015453 0.005713 -0.065124
-0.02587 -0.0235 -0.0078
0.039469 -0.021875 -0.052742
0.038783 0.009576 -0.069491
-0.02898 0.04 0.00776
-0.002663 0.038205 -0.210711
-0.021104 -0.034623 0.011452
0.02922 -0.007655 0.009224
0.035965 0.032746 -0.03
0.004737 -0.012551 -0.363028
-0.005313 0.032214 0.014036
0.036745 -0.030092 -0.035885
-0.003581 -0.022408 -0.29579
0.006756 0.044951 0.023994
0.02102 0.046362 0.002903
0.007771 0.017681 -0.297006
-0.00316 0.04452 -0.02567
-0.02039 0.005568 -0.069541
-0.006804 0.017978 -0.280517
-0.016371 -0.033776 0.014041
0.020809 -0.036458 -0.259014
0.027198 -0.009856 -0.068264
-0.027251 0.022917 -0.354876
-0.01767 -0.027962 -0.056895
0.00565 0.042012 0.028671
0.03717 -0.025973 -0.072598
0.003078 -0.042382 -0.36009
0.006644 0.0423 0.028219
0.029898 0.026408 -0.000286
-0.047534 -0.011809 -0.325319
-0.067498 0.017077 -0.12166
-0.007413 0.047622 0.01403
-0.012897 -0.045781 0.01897
0.02069 -0.0277 -0.0378
-0.033774 -0.045181 -0.060047
0.039287 -0.0 -0.009517
0.009899 -0.03734 -0.225322
-0.04649 0.008374 -0.341836
-0.022997 -0.0 0.008141
-0.047055 -0.042931 -0.10291
-0.014365 -0.051761 -0.05179
-0.0041 -0.03877 -0.0294
-0.00406 0.040515 -0.029634
0.03108 0.014798 -0.282761
0.024456 0.001452 -0.066933
-0.011328 -0.010237 -0.047047
0.007125 -0.043189 -0.027088
0.007962 0.032217 -0.012726
-0.051243 0.02599 -0.287732
-0.012802 -0.02313 -0.014677
-0.004363 0.04 0.02965
0.012388 -0.037322 -0.025723
0.020594 -0.027843 -0.035853
-0.016493 -0.036596 -0.022265
0.000775 0.023577 -0.015222
0.030099 0.023498 -0.282647
0.030573 0.01241 0.007593
-0.0243 -0.02797 -0.34118
-0.001082 0.037382 0.028656
-0.02767 0.0127 -0.0522
-0.023153 -0.029684 -0.329482
-0.031552 -0.03842 -0.220417
-0.031018 -0.008904 -0.267142
-0.0106 0.04768 0.0114
-0.046092 0.012345 -0.330012
0.037666 0.024403 -0.065195
-0.003 -0.03788 -0.29997
-0.022165 -0.028579 -0.33921
-0.007509 -0.013064 -0.361851
0.019842 -0.02457 -0.037816
-0.04597 -0.006189 -0.347336
-0.017939 -0.030045 -0.315877
0.01857 -0.045626 -0.014014
0.015272 0.04022 -0.12829
0.025694 -0.028381 -0.184646
0.026628 -0.027323 -0.251293
0.021416 0.029566 -0.020277
-0.021967 -0.034126 -0.011082
-0.011659 0.036259 -0.299864
0.029 0.038232 -0.018394
-0.008077 -0.037016 -0.027082
-0.02812 -0.037226 0.004406
-0.005172 0.037892 -0.028668
-0.001633 0.042143 -0.029065
0.03661 0.00213 0.000768
0.021046 -0.041936 -0.020236
-0.053146 0.023776 -0.18541
-0.02352 0.0058 -0.0669
-0.021985 0.040455 -0.258897
-0.018408 -0.036941 -0.021279
0.019035 -0.037539 -0.259242
-0.00358 0.015934 -0.295821
-0.017687 -0.003639 -0.068709
-0.014372 -0.007906 -0.361543
0.024885 0.014362 -0.299943
0.031931 0.015267 -0.182217
0.032258 -0.000699 -0.22278
0.027852 -0.010854 0.008236
0.01979 -0.0127 -0.0522
-0.020944 0.032811 -0.052393
-0.015356 0.014983 -0.06202
-0.007579 -0.026744 -0.307454
0.025347 -0.02223 -0.060887
-0.028432 0.039067 0.008759
-0.020989 -0.000729 -0.069707
-0.006045 -0.019913 -0.298077
0.004007 -0.046571 -0.336478
-0.013737 0.015861 -0.003237
0.025545 0.027308 -0.056753
0.030345 -0.021455 -0.063372
-0.01387 -0.00696 -0.060756
0.020538 0.027975 -0.026097
0.004815 -0.050238 -0.082264
0.033923 -0.005039 0.006058
-0.008777 0.026905 -0.331538
0.026277 -0.009932 0.007595
-0.031425 0.017892 -0.278247
0.001835 0.02615 -0.018481
-0.034413 0.002835 -0.267881
0.001019 -0.049007 -0.308435
-0.022 -0.03788 -0.29997
-0.024791 0.033838 -0.020253
-0.04322 0.01401 -0.344697
0.021777 0.012054 -0.059524
-0.024015 0.04949 -0.136933
-0.018383 -0.044674 0.017835
0.012852 -0.032637 0.011422
-0.013739 0.029154 -0.041616
0.031984 0.039891 -0.060432
0.002658 -0.047902 -0.014028
0.029721 -0.016809 -0.236199
-0.043031 0.01137 -0.350275
-0.021794 -0.045645 -0.008634
0.013078 -0.042194 -0.310068
0.007117 -0.037817 -0.028199
0.007129 0.011361 -0.309363
-0.017779 -0.038781 -0.027966
0.02117 -0.0108 -0.0018
0.0165 -0.012565 -0.361945
0.016153 0.032523 -0.004367
-0.047355 0.004094 -0.342522
0.017797 -0.046726 0.008624
-0.019972 0.016622 -0.346386
-0.033442 -0.043857 -0.057006
-0.02905 0.015 -0.0222
-0.033911 0.049523 -0.055758
-0.029313 0.01632 -0.070953
0.006543 0.055226 -0.017563
0.020379 -0.043043 -0.29635
-0.028155 0.013407 -0.048759
0.003495 0.020508 -0.016119
-0.033682 -0.042417 -0.160172
-0.025186 -0.029006 -0.3335
0.0299 -0.04 0.0
0.003234 -0.042892 -0.028203
0.005202 -0.014504 -0.335395
-0.01512 -0.017256 -0.271766
-0.00599 0.040917 -0.032485
-0.018121 0.022455 0.002141
0.027232 0.009874 -0.06823
-0.001579 0.03466 -0.024023
-0.014434 0.037635 0.024967
0.032137 -0.024755 -0.059519
-0.008264 -0.048358 -0.007212
-0.02 0.0222 -0.0632
0.009831 0.044438 0.024051
-0.01061 0.007513 -0.04157
0.011137 0.03498 -0.022203
0.022432 -0.043773 -0.015405
0.005691 0.015101 -0.32001
0.01857 0.045626 -0.014014
-0.060964 -0.020964 -0.146854
0.025793 -0.023937 -0.313623
0.023343 0.028742 -0.175575
0.01812 0.033186 0.00722
-0.018296 0.003551 0.009215
0.029 -0.025316 0.000839
-0.001458 0.04 -0.029892
-0.023084 0.002791 -0.379112
-0.054794 -0.010588 -0.087415
-0.056009 0.024392 -0.283749
-0.014057 -0.009311 -0.264342
-0.022727 -0.008844 -0.058204
-0.0178 0.02914 -0.33082
-0.017572 -0.011639 0.006946
-0.012896 0.045779 -0.018969
0.016089 0.04236 -0.107056
0.002154 0.043799 -0.027071
0.012972 -0.04302 -0.018607
-0.008098 0.039106 -0.34636
0.03413 -0.011464 0.004245
-0.022168 0.028504 -0.303593
0.000563 -0.048834 -0.30443
0.015725 0.047341 -0.007224
0.002809 -0.031571 0.010016
-0.021174 0.023042 0.002227
-0.015732 -0.042468 -0.301749
-0.010304 0.0 -0.039678
0.01857 0.034375 0.014014
0.018823 0.017776 -0.018418
-0.004809 -0.04359 -0.027037
0.027242 -0.037375 0.008728
0.003626 0.038667 -0.029411
0.004741 0.04269 0.028215
-0.021794 -0.034355 0.008634
0.021334 0.050072 -0.04045
0.021103 -0.034627 0.011451
-0.028585 0.025613 -0.295309
0.024457 -0.001452 -0.066933
0.010343 -0.041324 -0.149259
-0.020186 -0.03486 -0.014085
-0.043637 0.033587 -0.057004
-0.04823 0.009784 -0.320008
-0.000191 0.017869 -0.293482
0.0256 -0.04318 -0.0114
0.019704 -0.044972 -0.015382
-0.002185 -0.042108 0.029061
0.003735 0.043686 0.027062
0.030684 -0.020877 -0.189451
0.024148 -0.029015 -0.052307
0.028224 -0.04 0.010032
-0.011887 0.045615 0.020116
0.034945 -0.005714 -0.064205
-0.003003 -0.000973 -0.297925
-0.006644 -0.0377 -0.028219
-0.011968 0.0 -0.053709
0.02448 0.045247 -0.001449
-0.03159 -0.026322 -0.073173
0.002609 0.012737 -0.349339
-0.019015 0.035173 -0.016664
-0.041031 -0.034323 -0.214831
0.037361 -0.018146 -0.052262
0.011204 0.046396 0.017793
-0.022436 0.009496 -0.067558
-0.02654 -0.020713 -0.361775
-0.054259 -0.013666 -0.086715
-0.027299 -0.01599 -0.271239
-0.0173 0.0261 -0.0018
-0.043077 0.004197 -0.35723
-0.019448 -0.007355 -0.069224
-0.007209 -0.034717 0.023076
0.02477 0.0058 0.0069
-0.009896 0.035068 -0.020576
-0.024259 -0.024272 -0.056855
0.017634 -0.011343 -0.035862
-0.005379 0.015507 -0.361987
0.006081 0.033936 0.021228
-0.017983 0.043882 0.020166
-0.032088 0.023095 -0.291531
-0.014678 -0.024242 -0.053777
-0.011369 0.026311 -0.298367
-0.011736 -0.00318 -0.007779
-0.025758 0.028863 -0.31171
-0.011101 -0.001804 -0.377009
-0.012839 0.02694 -0.340564
-0.009933 0.04486 0.023132
-0.014093 0.009659 -0.060726
0.00221 0.017583 -0.301695
-0.002752 0.003663 -0.298041
-0.015261 -0.045583 0.0178
0.028335 0.003188 0.009737
0.00165 0.038344 -0.02941
-0.017866 -0.037699 -0.020124
-0.046232 -0.01448 -0.324768
-0.042231 -0.009046 -0.283933
-0.027993 -0.00318 -0.053731
0.030072 0.006778 -0.069219
-0.018699 0.047028 0.001453
-0.032749 0.026844 -0.32002
0.03917 -0.0248 -0.04734
0.002656 -0.048276 -0.011416
0.01904 0.0 -0.0522
0.038928 0.004608 -0.07099
-0.020779 0.011003 -0.06823
0.004203 0.036811 -0.210316
-0.000726 -0.000291 -0.366019
0.002991 -0.022367 -0.296214
-0.028301 -0.041868 0.007348
-0.005077 0.039192 -0.029414
0.017974 0.033291 -0.008627
0.034141 -0.001453 -0.066054
-0.01624 -0.036493 0.022249
0.038518 -0.013057 -0.009515
-0.016371 0.046224 0.014041
-0.01509 0.04696 -0.011432
-0.037904 0.018987 -0.291453
-0.024174 -0.029374 -0.308512
0.022384 -0.002129 0.003239
-0.015867 0.024993 -0.296285
-0.037699 0.009161 -0.05274
0.016562 -0.040256 -0.300245
0.024997 -0.036845 -0.012726
-0.014815 -0.0 0.004154
-0.031734 -0.017097 -0.276521
0.010758 0.034906 0.0222
0.026494 -0.03715 -0.018353
-0.006756 0.044951 0.023994
0.0106 -0.04129 0.0277
-0.007013 -0.044353 -0.340398
-0.02473 -0.002132 -0.065126
-0.006447 -0.024471 -0.342331
-0.015939 -0.029893 -0.323281
-0.02 -0.011606 0.008233
0.010605 0.043279 -0.010605
-0.000231 -0.051611 -0.040178
-0.007755 0.038076 0.028238
-0.00153 0.033887 -0.022822
-0.020408 0.018591 0.005324
-0.033831 -0.017232 -0.3608
-0.012363 -0.024557 -0.022189
-0.021511 0.038659 0.020289
0.016499 -0.012512 -0.298036
-0.027467 -0.043467 -0.002908
0.032137 0.024755 -0.000481
-0.061349 -0.012924 -0.163227
0.004733 -0.045155 0.024025
0.002382 -0.048109 0.012725
-0.016915 0.029379 -0.326173
0.028765 0.011471 0.008285
0.028309 -0.023458 -0.062207
0.027641 -0.018031 0.005292
0.010849 0.048912 -0.072212
-0.010916 -0.045279 -0.334935
0.03155 -0.0205 -0.0632
-0.027129 0.008109 -0.056737
-0.040557 0.021169 -0.311898
-0.014278 -0.006961 0.002
-0.022074 -0.02795 -0.028897
-0.036 -0.00324 -0.3
0.031506 0.03715 -0.018353
-0.012449 -0.046897 -0.323927
-0.008005 0.023005 -0.299942
-0.022139 -0.00907 -0.313601
0.03827 -0.024659 -0.03586
-0.004488 -0.012056 -0.365426
0.000409 -0.039938 -0.212238
-0.017282 -0.028562 -0.339008
-0.050634 -0.026572 -0.196054
0.02128 -0.0401 -0.29841
0.033852 -0.029015 -0.052307
-0.022115 -0.045723 -0.007227
-0.033959 0.041965 -0.273758
0.018293 -0.046793 -0.007223
-0.017454 0.037771 0.023122
-0.008936 -0.019508 -0.279984
0.003609 -0.034052 -0.022182
-0.018408 0.043059 -0.021279
0.020373 0.023142 -0.045332
-0.015899 0.019433 -0.060831
-0.00839 -0.041639 0.028266
0.01298 -0.043615 -0.33138
-0.028498 -0.042747 1e-06
-0.014161 0.026001 -0.29616
-0.03881 -0.0355 -0.22104
-0.028236 -0.010626 -0.266258
0.00612 -0.049307 -0.090157
0.037462 -0.027975 -0.026097
0.019179 0.028246 -0.360147
0.017416 -0.042966 0.022247
-0.014477 -0.0458 -0.313844
-0.022061 -0.030045 -0.315877
0.021898 -0.010595 -0.298139
0.002001 -0.00102 -0.361018
0.024467 0.018391 0.002094
0.015782 0.042539 -0.275923
-0.017478 -0.018409 -0.296543
-0.02129 0.002833 -0.069499
0.026771 0.043371 0.007213
-0.010888 -0.054649 -0.329961
-0.040293 -0.008887 -0.279622
-0.01677 -0.021868 -0.060852
0.01804 0.015081 -0.024148
-0.000687 0.001259 -0.274104
-0.024999 -0.036842 -0.012727
0.012852 0.047363 0.011422
-0.046625 -0.017981 -0.286712
0.011999 -0.005507 -0.298982
-0.021357 -0.030131 -0.32108
0.031566 0.038175 -0.037915
-0.008 0.03676 -0.30003
0.003021 -0.011875 -0.289728
0.010862 -0.017835 -0.297179
-0.027161 0.026972 -0.299476
0.006256 -0.050249 -0.027856
-0.016959 0.00442 -0.261233
-0.0306 -0.02796 -0.32858
-0.021864 -0.000914 -0.296995
0.008243 0.040686 -0.028703
-0.027455 -0.023946 -0.041575
0.002185 -0.042108 -0.029061
0.003984 -0.04302 0.022332
0.030786 -0.004852 0.009216
0.03683 0.0261 -0.0147
-0.018713 -0.040073 -0.360128
-0.02454 0.032212 -0.014633
0.030089 0.03167 -0.006034
0.031568 -0.010339 0.007619
-0.02855 -0.028969 -0.321082
0.030239 -0.037889 -0.018236
-0.005637 -0.034207 0.022171
0.029616 0.0 0.009851
0.0106 -0.03232 0.0114
0.015518 0.041061 -0.119974
-0.012598 -0.042843 -0.036957
-0.013684 0.047897 0.004363
-0.018491 -0.0 0.009486
0.030762 0.025894 -0.000276
0.031602 0.019175 -0.15182
-0.021042 -0.021663 0.036437
0.02293 -0.036037 -0.014088
-0.008409 -0.031565 0.005808
-0.02 0.002643 -0.37955
-0.03959 0.02282 -0.346372
0.012038 -0.04118 0.027133
0.020111 0.043355 -0.295252
0.019455 0.009535 -0.007769
0.009032 0.016269 -0.364329
0.01908 -0.035342 -0.165968
0.021941 0.04207 0.019099
0.00275 -0.021755 0.042039
-0.01607 -0.0157 -0.0632
0.03318 -0.03463 -0.068694
-0.025042 -0.042469 -0.014121
-0.021288 -0.008133 0.008748
0.03313 0.0204 -0.11217
-0.008299 0.021189 -0.354533
0.024999 0.036843 -0.012727
-0.052648 0.002651 -0.286389
0.038919 0.003182 -0.007769
-0.036045 0.024792 -0.32633
-0.010822 0.040984 0.027753
-0.012322 -0.009535 -0.006267
-0.006473 0.02396 -0.297669
-0.025743 -0.026918 -0.048843
-0.0051 0.02097 -0.29022
0.039498 -0.019286 -0.062224
-0.005505 -0.021802 -0.041837
-0.046745 0.032298 -0.288512
0.005605 -0.039667 -0.029424
-0.011899 -0.045393 -0.272679
-0.047664 0.001191 -0.342724
-0.018649 0.016076 0.006144
-0.008 -0.04324 -0.29997
-0.008488 0.02555 -0.300287
-0.017931 -0.022703 -0.280569
-0.037781 -0.021755 -0.018637
0.00649 -0.041665 0.003748
-0.016103 -0.032506 0.004364
-0.004759 -0.032668 0.016631
-0.022674 -0.005022 0.008168
0.030586 -0.026005 -0.000238
-0.055305 0.029436 -0.284109
-0.010239 -0.003756 -0.022192
-0.015348 0.028849 -0.330883
0.014153 -0.046001 -0.297019
0.013372 0.03881 -0.026489
-0.02 -0.0117 -0.37539
0.030098 -0.03487 -0.010972
0.0 0.041335 0.029614
-0.005781 0.054844 -0.031097
-0.021527 0.009852 0.00825
0.000932 -0.021609 -0.315916
0.017827 -0.034394 -0.239152
0.040553 0.007515 -0.022185
-0.021522 -0.017702 0.005239
0.026878 -0.025277 -0.29336
-0.033993 -0.037755 -0.214183
0.039581 -0.0 -0.011239
-0.001951 0.044264 -0.157269
0.029 -0.0282 -0.0018
0.01951 0.038577 -0.267577
0.031946 -0.013442 -0.208077
-0.011614 -0.021725 -0.028044
-0.015687 -0.013915 0.003241
-0.020186 0.04514 -0.014085
0.021042 -0.021663 -0.036437
-0.010808 0.003531 -0.045315
-0.035027 -0.021755 0.023404
0.028563 -0.001381 -0.069854
0.019751 -0.002707 -0.004749
0.032913 0.003639 0.007583
-0.050206 -0.023634 -0.23456
-0.014548 -0.043645 0.023167
-0.024418 0.031597 -0.012873
-0.00066 0.0543 -0.03733
0.020252 0.040843 -0.275696
-0.01229 -0.032985 -0.363936
0.032741 0.02961 -0.006249
-0.025682 -0.031099 -0.018411
-0.016026 -0.039002 -0.025029
0.02121 -0.04 -0.02121
-0.017306 -0.033551 -0.011423
-0.044951 -0.009337 -0.346384
0.008624 0.053983 -0.032184
-0.02 0.038231 -0.018395
-0.0528 -0.0169 -0.2393
-0.03637 -0.015916 -0.359048
0.037489 -0.02251 -0.047071
-0.008529 -0.036168 -0.025689
-0.011307 0.018202 -0.037811
0.03821 -0.0127 -0.0078
-0.020382 -0.015029 0.006976
-0.032029 -0.040111 -0.185809
0.00978 0.032867 -0.015307
-0.037008 0.02005 -0.34786
-0.023486 -0.035038 -0.008694
0.032787 0.005088 0.007554
0.035058 -0.004263 0.00422
-0.02884 -0.014556 -0.041555
-0.02596 -0.007943 -0.376533
0.014048 0.04424 -0.313752
-0.005077 0.039193 0.029414
-0.001029 -0.039675 0.029868
0.029691 0.023458 -0.062207
-0.04976 0.0386 -0.27575
0.023796 -0.020486 -0.05958
-0.013609 -0.029423 -0.0397
-0.029898 -0.003833 -0.033905
0.024884 0.014314 -0.360077
0.011622 -0.042056 -0.336256
0.012001 0.034823 -0.195249
-0.015735 -0.02611 -0.348948
0.021794 -0.034355 -0.008634
0.002808 0.048927 -0.001454
-0.023853 -0.044747 -0.055595
-0.038764 -0.023539 -0.323143
-0.010152 -0.015699 -0.367377
0.020682 0.044966 -0.07261
-0.026333 0.002707 0.000753
-0.006621 -0.038627 -0.325305
0.039683 -0.018089 -0.050869
0.023258 -0.007836 -0.064169
-0.035615 -0.044685 -0.28647
-0.026254 -0.013093 -0.001764
-0.02512 0.0085 0.0032
0.004286 -0.017078 -0.310456
0.035754 -0.031779 -0.02023
-0.020737 0.004989 0.009519
0.039198 -0.003942 -0.078254
-0.032552 0.023829 -0.294995
-0.013788 -0.047939 0.002909
-0.02 0.039733 -0.026084
-0.002031 0.047204 0.017785
0.019016 -0.044829 -0.016666
-0.02281 -0.010696 -0.264154
-0.012109 0.032927 -0.014036
-0.018776 0.03957 -0.03
-0.002714 -0.037481 -0.028654
-0.036459 -0.03664 -0.220832
0.001855 0.025926 -0.296525
0.008141 0.040857 -0.028696
0.008743 -0.046198 -0.33423
-0.02537 0.030231 -0.01461
0.01785 -0.040398 -0.269062
-0.008559 -0.048611 -0.0
0.0294 0.04 0.0058
-0.016674 0.002911 -0.067576
-0.01714 -0.0483 -0.29266
0.018124 0.007063 -0.04533
0.021509 0.006486 -0.361868
-0.025275 -0.020815 -0.056718
0.029143 0.041018 0.005873
-0.012974 -0.045602 -0.32238
-0.039837 0.022105 -0.324084
-0.002855 -0.04922 -0.328582
-0.018491 -0.042349 0.022178
0.017695 -0.035523 0.019006
0.033167 0.019256 0.00211
-0.04529 -0.017235 -0.286994
0.019653 -0.008477 -0.360117
-0.026424 -0.04 -0.014067
-0.011253 0.027521 -0.305712
0.01814 0.015 -0.0222
-0.026009 0.044427 -0.002937
-0.018232 -0.04079 -0.294775
0.002382 0.031891 0.012725
-0.002446 0.045666 -0.287227
0.021794 0.034355 0.008634
-0.06282 0.022959 -0.085248
-0.01875 -0.039474 -0.023283
0.0 0.033319 0.020061
-0.03274 0.012796 -0.367531
-0.026359 -0.005155 -0.03798
-0.0 0.032062 -0.014008
0.018651 -0.024165 -0.362022
-0.023872 0.036775 -0.031954
0.018089 0.034532 0.015311
-0.019085 0.004562 -0.069515
-0.010973 -0.046615 -0.333136
-0.001103 0.041277 -0.02962
-0.016304 0.032446 0.001457
0.000834 -0.040573 -0.192678
0.004221 -0.037691 0.028672
-0.052388 -0.023844 -0.257414
-0.018089 0.034532 -0.015311
-0.005313 -0.047989 0.012731
-0.017542 0.019076 -0.365449
0.022787 -0.017091 -0.059531
0.020004 0.029401 -0.209458
-0.05486 0.004523 -0.22828
-0.059184 -0.029597 -0.109248
0.004363 -0.04 -0.02965
-0.01452 0.017646 -0.001763
-0.026015 -0.019466 -0.055256
0.013106 0.043983 -0.27901
-0.02216 -0.010335 -0.067605
0.01811 0.029863 -0.299938
0.021447 0.034476 0.010057
-0.00839 0.038361 0.028266
0.017278 0.007518 -0.033909
-0.019061 0.035747 -0.047281
-0.053189 -0.004273 -0.089778
-0.01927 0.0072 0.0092
0.027895 0.032448 -0.103587
-0.01224 0.034445 0.020118
0.025417 -0.039928 -0.082891
0.022645 0.029453 -0.04714
-0.05044 0.00819 -0.08998
0.002382 0.04791 -0.014027
0.025907 -0.028655 -0.251333
0.019218 -0.006362 -0.052242
0.040481 -0.011488 -0.03
0.003417 0.017808 -0.310471
-0.034413 -0.003345 -0.372119
-0.02965 -0.038979 0.00145
0.026111 -0.030972 -0.260092
0.005217 0.037407 0.02822
1.9e-05 -0.051992 -0.06297
-0.002658 0.048699 0.007214
-0.0043 -0.04318 -0.0277
-0.040699 0.037262 -0.077606
-0.037486 -0.023429 -0.334397
0.004221 -0.042309 -0.028672
-0.035615 0.034184 -0.330029
-0.017051 0.036281 -0.041718
0.026885 -0.006848 -0.068732
0.001029 0.004152 -0.278132
-0.044865 0.004269 -0.287652
0.002208 -0.018062 -0.30167
0.03879 0.013409 -0.048762
0.02829 -0.025006 -0.060995
-0.017779 -0.038132 -0.022084
-0.01857 -0.045626 0.014014
-0.041362 -0.019269 -0.337608
-0.029694 -0.0 -0.039678
0.002185 0.037892 -0.029061
-0.018407 0.025562 -0.350042
-0.02601 -0.004853 -0.262226
-0.030957 0.026928 -0.332347
-0.004995 0.030308 -0.038678
-0.028404 0.037216 0.001464
-0.005637 0.045793 0.022171
-0.035729 0.019864 -0.351207
-0.014764 -0.028586 -0.336708
-0.00999 0.041605 -0.027744
0.022175 -0.011482 0.000785
0.018491 0.037651 -0.022178
-0.023158 -0.037477 -0.024081
-0.01647 -0.0058 0.0069
-0.02 0.029387 -0.328726
0.001893 -0.017068 -0.343115
0.018651 0.033007 -0.00291
0.01103 -0.040664 -0.027772
0.016983 -0.043518 -0.281735
-0.027362 0.015422 -0.052231
0.001804 0.048892 -0.111641
0.035636 -0.009084 -0.061977
-0.011731 -0.00318 -0.052222
0.028606 -0.041924 -0.005887
0.004377 0.032452 -0.360149
0.029 -0.0153 -0.0669
-0.010288 -0.007512 -0.035859
0.02342 -0.034136 -0.29806
-0.008004 0.022955 -0.360093
-0.011355 -0.048301 0.001451
0.028104 0.027836 -0.058377
-0.050242 0.023466 -0.086131
-0.012635 -0.003182 -0.003265
0.0 0.044643 0.025628
-0.000548 -0.037358 0.028647
-0.046487 -0.011798 -0.304047
0.02207 -0.032309 -0.024123
-0.031822 -0.027356 -0.32959
0.037304 -0.005409 -0.058251
0.0 -0.03658 -0.0277
0.002606 0.041049 -0.029625
0.023928 -0.002906 0.006069
-0.02353 0.029839 -0.360138
-0.021794 -0.032215 -0.052431
0.017024 -0.043854 -0.299729
0.006177 0.042249 -0.267859
-0.015193 -0.042415 -0.301812
0.025031 -0.037499 -0.291412
-0.003152 -0.041433 -0.029416
-0.0108 0.053389 -0.076545
-0.032157 0.026268 -0.333352
0.032184 -0.019346 -0.06329
-0.003461 -0.007746 -0.272333
0.033544 -0.001452 -0.066933
-0.026057 0.004421 -0.262177
0.007388 -0.048213 -0.098034
-0.002716 0.023968 -0.326339
0.039374 -0.007068 -0.011202
0.02726 -0.0141 0.0069
0.027084 0.004202 -0.069222
-0.046081 -0.010305 -0.341516
-0.06274 -0.022141 -0.103676
-0.060522 0.031104 -0.087275
-0.024355 -0.046101 -0.043352
-0.011329 -0.006245 -0.264075
0.01616 -0.034399 -0.221691
0.02878 0.007655 -0.069224
-0.015667 -0.044726 -0.02007
0.033534 -0.018392 0.002095
-0.02747 0.038202 0.010181
-0.02 -0.003243 -0.379551
-0.018248 0.05322 -0.046697
0.023383 -0.034926 -0.008642
-0.008083 0.041776 0.028243
-0.013352 0.053619 -0.038812
0.001579 -0.044601 -0.025656
0.032013 0.030332 -0.006112
-0.02 -0.030063 -0.325787
-0.022696 0.01285 -0.058195
-0.028395 -0.040992 -0.008697
0.027591 -0.042711 -0.007278
-0.026052 -0.04568 -0.292556
-0.012078 -0.013448 -0.371422
-0.023569 0.044034 0.012786
-0.013378 -0.004832 -0.059505
-0.014548 0.036355 0.023167
-0.01857 0.045626 0.014014
-0.026819 -0.040097 -0.013229
-0.036677 0.03946 -0.262935
0.032455 0.027309 -0.003247
-0.014071 0.033549 0.015351
-0.028398 0.021675 -0.031954
0.033884 0.009681 0.005179
0.0061 -0.0394 -0.1919
0.0209 -0.039321 -0.021343
0.0106 -0.04768 -0.0114
-0.053046 0.028965 -0.286503
0.017535 -0.034142 -0.195377
-0.008529 0.043832 -0.025689
-0.019892 0.040533 -0.02234
0.03809 -0.019815 -0.012915
-0.047119 -0.032235 -0.187681
0.020849 -0.026926 -0.018439
-0.027167 0.027529 -0.302558
0.015782 0.034638 -0.313648
-0.018216 0.034255 -0.049069
-0.009328 -0.038827 0.028219
0.028658 -0.024961 -0.288691
-0.048537 -0.007634 -0.330963
0.029785 -0.04 0.002912
0.001957 -0.020539 -0.315917
-0.008114 0.04826 0.008617
0.040237 0.003761 -0.043447
-0.016431 0.016931 -0.063268
-0.023 0.03715 -0.0166
0.027242 -0.000726 0.009505
0.04096 -0.0 -0.031951
-0.016171 0.035932 0.021266
0.004671 -0.041607 -0.339042
-0.0153 -0.04189 -0.0249
-0.014888 0.040858 -0.025805
-0.000691 0.033522 -0.299886
0.007927 -0.038026 -0.217934
-0.001356 -0.04018 0.02988
0.017754 -0.003534 -0.01655
-0.023079 -0.012046 0.00603
-0.03552 0.048333 -0.06244
-0.006081 -0.033935 0.021228
0.014537 0.038652 -0.025755
0.039875 0.007063 -0.04533
-0.023738 0.029397 -0.315768
-0.024182 0.04407 0.011464
0.009649 -0.039317 -0.028273
-0.02409 -0.034893 0.005843
0.013118 -0.042853 -0.331427
0.011306 0.048267 -0.002902
-0.013898 0.024166 -0.050487
-0.024173 -0.041573 0.016777
-0.02628 -0.004256 0.000764
0.006085 0.045752 0.022171
0.039603 0.018376 -0.026092
-0.018467 -0.009853 0.00825
-0.022133 -0.029907 -0.327436
-0.018398 0.004202 0.009219
-0.016147 -0.021802 -0.038985
0.019016 0.035171 -0.016666
0.032741 -0.02961 -0.006249
0.00066 -0.02666 -0.02351
-0.047407 0.038797 -0.288151
-0.00275 0.021755 0.042039
-0.011468 -0.003533 -0.0095
-0.015446 -0.041714 -0.201237
0.030317 -0.039517 -0.027946
0.030971 0.021001 0.003323
0.028344 0.007355 0.009224
-0.045052 -0.012998 -0.299319
-0.024339 -0.037602 0.015448
-0.022846 -0.040809 -0.019106
0.031859 0.010896 -0.211267
-0.017867 0.029393 -0.327476
0.010818 0.043294 0.025643
0.036325 0.028782 -0.043505
-0.005663 -0.031189 0.001454
0.00889 0.054805 -0.017615
0.013231 -0.038664 -0.026451
-0.01923 0.027826 -0.058378
-0.00488 0.041261 -0.260449
0.000255 -0.010582 -0.01122
-0.004017 0.010105 -0.366202
0.022698 0.020819 -0.056723
-0.064679 0.000995 -0.090578
-0.004265 0.040169 0.029655
-0.027017 0.002704 -0.001774
-0.00368 0.0449 -0.29791
-0.026271 -0.015861 -0.003236
0.009954 -0.046582 -0.323979
0.003359 0.003576 -0.027794
0.000293 0.008448 -0.279631
0.002807 -0.048685 -0.007212
-0.041909 -0.036454 -0.075073
0.010857 0.037307 -0.026429
0.006933 -0.039485 -0.029098
-0.049532 0.044744 -0.105755
-0.013716 -0.048542 -0.312683
0.026467 0.026763 -0.001646
-0.037617 -0.011952 -0.362273
0.012386 0.040689 0.027177
-0.0156 0.011304 -0.048971
0.0106 -0.03871 -0.0277
-0.005534 0.024777 -0.304699
0.004377 -0.038982 -0.299851
0.018904 0.038091 0.022272
0.028308 0.016701 -0.066166
0.007322 0.045017 -0.295454
0.022018 -0.032665 -0.031986
-0.023164 -0.005088 -0.067543
-0.022912 0.029542 -0.32002
0.004363 0.04 -0.02965
-0.028643 0.03663 -0.204799
-0.022127 0.008179 0.008171
-0.000188 -0.018379 -0.346518
0.007772 -0.024148 -0.296978
0.019675 0.025021 -0.03
0.019701 0.020154 -0.045344
-0.018921 -0.028037 -0.342394
-0.019954 0.049669 -0.137955
-0.014318 -0.043739 -0.023146
-0.022571 0.008847 0.007581
-0.00203 0.046648 0.02009
-0.015239 0.033335 -0.041633
0.009356 0.001232 -0.331368
0.03325 0.009557 -0.06609
0.022557 0.036016 -0.115456
0.023672 -0.020137 -0.000438
0.005313 0.047989 0.012731
-0.006824 -0.040512 -0.308478
0.02903 -0.038093 -0.002876
0.02812 -0.037226 -0.004406
-0.005256 0.036975 -0.02773
0.006486 -0.011821 -0.335932
-0.011223 -0.039666 0.027753
-0.030823 0.027498 -0.326473
-0.014537 -0.038652 -0.025755
0.021504 -0.041469 -0.296905
-0.021391 0.002181 0.009486
0.026088 -0.00145 0.00874
-0.042857 -0.006152 -0.283029
0.005504 -0.039502 -0.029418
-0.055341 0.025969 -0.284301
-0.029174 0.010813 -0.041566
-0.022626 0.024748 -0.05951
-0.028384 -0.021725 -0.031956
-0.010529 0.046198 0.01895
0.038147 -0.005413 -0.055266
0.022481 0.004257 0.003254
-0.026771 -0.028999 -0.330295
-0.020187 0.00572 0.009553
-0.002162 -0.037445 -0.028662
-0.011656 -0.017535 -0.016552
-0.019421 -0.005414 -0.069519
-0.002676 0.041529 -0.029413
0.034034 -0.031427 -0.075716
0.003898 -0.040128 -0.029626
0.005678 -0.043024 -0.299848
0.032622 -0.028481 -0.004729
-0.039589 -0.029352 -0.313619
0.00999 -0.038395 0.027744
-0.023304 -0.04158 -0.017953
0.000546 0.034439 -0.36014
-0.001626 0.042998 0.028211
0.02114 0.02505 -0.30002
0.013435 -0.042827 -0.32624
-0.030066 0.023149 -0.351349
0.022159 0.042938 -0.290384
-0.02677 0.028488 -0.309705
-0.0022 -0.04162 0.0294
-0.008113 -0.031886 -0.010019
0.015756 0.047221 0.008634
-0.016231 -0.025572 -0.056808
0.010554 0.033799 0.018951
0.026841 -0.040822 -0.012898
-0.022797 0.034129 -0.001449
0.003735 -0.040661 0.029638
-0.027209 0.043395 -0.278288
0.028606 0.038076 -0.005887
-0.05906 -0.029446 -0.120865
-0.022096 -0.019579 -0.274461
0.020188 0.029552 -0.201682
-0.006167 -0.043075 -0.360096
0.001076 -0.035746 -0.026368
0.037975 0.018865 -0.011184
-0.021509 0.0 0.009487
0.008412 -0.048336 -0.007214
-0.059015 -0.009066 -0.181338
-0.015246 -0.029683 -0.326281
-0.00158 -0.034295 0.023101
-0.009876 0.043534 -0.025675
0.019218 0.006362 -0.007758
0.03923 -0.0141 -0.0147
-0.010175 -0.034087 0.0201
-0.029204 0.017571 -0.364327
-0.000548 0.042642 0.028647
0.01624 0.043507 -0.022249
-0.014823 0.033202 0.012743
0.018495 0.033034 0.004358
0.038543 0.009535 -0.007769
0.01416 0.038215 -0.025666
-0.017931 -0.023641 -0.282886
0.038637 0.0 -0.053713
-0.019998 -0.013472 -0.067618
-0.0 0.040457 -0.029866
0.021511 0.038659 -0.020289
-0.02 0.012532 -0.374135
0.022049 -0.044754 0.012786
-0.040641 -0.017156 -0.347203
-0.012745 0.040001 0.027087
-0.022139 -0.009098 -0.346388
0.008559 0.031389 0.0
-0.021736 -0.043631 0.016679
0.022457 0.030843 -0.016454
0.023277 -0.0 0.005105
-0.024933 -0.034423 -0.035891
-0.012989 0.04328 -0.007501
-0.02986 -0.045017 -0.052238
-0.011414 0.01191 -0.360102
-0.03743 -0.0316 -0.28722
0.00221 -0.018093 -0.338305
0.023816 0.024045 -0.056858
-0.016963 -0.037515 -0.024051
0.039518 0.01835 -0.035863
-0.048377 0.034292 -0.079132
-0.018159 -0.044755 -0.017823
-0.018357 0.044674 -0.017835
0.0056 -0.01164 -0.29879
-0.0281 -0.02149 -0.35898
-0.007689 0.0476 -0.014029
-0.024366 0.043093 -0.014038
-0.012292 0.034088 -0.01897
0.0106 -0.03232 -0.0114
-0.028726 0.028026 -0.329483
-0.003581 -0.022459 -0.364176
-0.009895 0.026886 -0.295958
-0.03978 -0.01581 -0.28775
-0.015667 0.035274 -0.02007
-0.045073 0.021149 -0.288197
-0.020914 -0.046314 -0.004352
-0.007125 -0.043189 0.027088
-0.012831 -0.011757 -0.055215
-0.033671 -0.042932 -0.329966
-0.053685 -0.016644 -0.24873
0.028576 -0.01232 -0.313634
0.005565 -0.04696 -0.329069
0.021095 0.005414 -0.000475
0.040028 -0.015158 -0.026098
-0.007538 -0.014714 -0.366222
-0.004221 -0.037691 -0.028672
-0.033387 0.026268 -0.312556
-0.010907 0.032046 0.008605
-0.017436 -0.017775 -0.064276
-0.028154 0.006358 -0.05223
0.007535 0.011299 -0.325339
0.022004 0.022955 -0.360093
0.032619 -0.036816 -0.020219
0.0 0.037337 -0.028632
-0.02 0.015129 -0.371319
-0.001077 0.036974 0.028203
0.026835 -0.025395 -0.206008
-0.016868 -0.0296 -0.053743
-0.004427 0.041093 -0.029414
-0.023029 -0.036746 -0.020271
0.008189 -0.046975 -0.299672
0.038517 -0.020391 -0.043468
-0.016579 -0.042809 -0.257379
-0.002154 -0.036201 0.027071
0.005808 -0.044291 0.025632
0.029785 0.04 0.002912
-0.025518 -0.014891 -0.371052
-0.010885 0.021663 -0.040646
-0.002711 -0.040352 0.029794
-0.024751 0.001452 -0.06512
0.017083 0.003834 -0.028048
-0.024619 0.039182 -0.016747
-0.03111 -0.009639 -0.044151
0.034304 0.020136 -0.00044
-0.01963 -0.007507 0.009232
-0.026087 -0.024165 -0.009514
-0.054836 -0.032223 -0.142495
-0.011299 0.014329 -0.043429
0.017367 -0.051989 -0.329963
0.026621 0.035899 -0.0145
-0.019216 0.030496 -0.055502
0.028999 0.020549 -0.064258
0.017366 -0.0 -0.039679
-0.054411 0.032821 -0.285317
0.034732 0.033258 -0.018384
-0.042927 -0.036286 -0.179918
-0.026129 -0.028749 -0.043491
-0.014752 0.041013 0.02578
0.019017 -0.041815 -0.022299
0.007959 -0.047966 -0.011417
-0.02512 0.0085 -0.0632
-0.022029 0.035021 -0.047224
-0.012852 -0.032637 -0.011422
-0.014673 0.010895 0.002011
-0.039546 0.022162 -0.312795
-0.023051 -0.020445 0.002073
-0.019745 0.043015 -0.011401
-0.001578 0.044947 0.02493
-0.018349 -0.029679 -0.330982
0.009662 0.03749 0.027096
-0.01624 0.008298 -0.066055
-0.015303 0.037317 -0.024082
-0.020644 0.034724 0.012763
0.013484 -0.047737 -0.007216
-0.01923 -0.027826 -0.001622
-0.041934 -0.020545 -0.315206
0.029 0.0369 -0.0147
0.008463 -0.031486 0.004359
0.033626 0.028152 -0.053855
-0.015737 -0.026769 -0.29362
-0.016092 0.013586 -0.363681
0.018699 -0.032972 -0.001453
0.000551 -0.038691 0.029621
-0.015591 -0.035276 0.020069
-0.029514 0.039004 0.002978
-0.012289 0.026404 -0.363983
-0.025954 -0.012524 -0.059504
-0.028184 0.025585 -0.345286
0.039128 -0.010243 -0.011212
0.005343 0.008517 -0.34641
0.02854 -0.005568 -0.069541
0.005504 0.040498 0.029418
-0.031077 0.013641 -0.044141
0.005657 0.043463 -0.145787
-0.043835 0.017735 -0.315941
0.026846 -0.042548 -0.010127
0.029 0.0399 -0.03
0.004915 0.021041 -0.363296
-0.018488 -0.028684 -0.003
-0.011129 -0.019339 -0.362569
-0.020169 0.046104 0.008609
-0.000309 -0.037091 -0.331937
-0.013541 0.037209 -0.024986
0.009251 -0.006141 -0.325636
0.018979 -0.021676 -0.033917
-0.014934 -0.042883 -0.308793
-0.021887 -0.001451 -0.069216
-0.010721 -0.011261 -0.020311
-0.018904 0.038091 -0.022272
0.007656 0.045581 0.022143
-0.016324 -0.044948 0.018926
-0.013373 0.035939 -0.023089
-0.00203 -0.046019 0.02217
-0.012157 0.047555 -0.14848
-0.048375 0.033974 -0.288338
-0.048825 -0.006177 -0.331259
0.011577 -0.045295 -0.021255
-0.007583 -0.020658 -0.284054
-0.02692 -0.0277 -0.0222
-0.022237 0.038786 -0.031924
0.002159 -0.037031 0.028214
0.01811 0.029813 -0.360118
0.013323 -0.035941 0.023088
0.039161 -0.009892 -0.048789
0.001478 0.011937 -0.296565
-0.036672 -0.023562 -0.337129
0.02491 0.024631 -0.058313
-0.011865 0.011438 -0.372662
0.026877 -0.033297 -0.050774
-0.005264 0.045537 -0.289741
-0.020586 0.016696 -0.066153
-0.020399 -0.011329 -0.068315
-0.02744 0.040938 -0.011527
-0.001653 -0.041243 0.029614
-0.021846 0.034414 0.008659
-0.006941 0.05371 -0.056765
0.028252 -0.041914 0.007284
-0.025058 0.027901 -0.050582
-0.029934 0.021121 -0.356808
-0.0137 0.02467 -0.28942
-0.0 -0.048472 0.010003
-0.016372 -0.04284 -0.023181
0.005779 -0.047212 -0.297693
0.03614 0.002543 -0.346399
0.022838 0.034129 -0.001455
-0.049702 0.031053 -0.288174
0.02903 0.041907 -0.002876
-0.019804 0.03932 -0.022335
0.012351 -0.036253 -0.216983
-0.014284 0.022616 -0.006282
-0.039111 0.012539 -0.281915
-0.026315 -0.041789 -0.012864
-0.02598 0.04 -0.015
-0.028253 0.02848 -0.315664
-0.011223 0.040334 0.027753
-0.02693 0.021844 -0.04879
0.018236 -0.043778 -0.020183
0.002708 0.042924 -0.156763
0.015328 -0.045272 -0.292085
-0.006183 -0.033158 -0.299886
-0.014537 0.041348 -0.025755
-0.01416 -0.038215 -0.025666
-0.002193 -0.049689 -0.313793
0.031567 -0.038176 -0.037915
0.005663 0.048811 -0.001454
0.030072 0.029121 -0.003078
0.017733 0.011263 -0.022189
-0.004759 0.032668 -0.016631
-0.02199 0.010765 -0.067611
-0.015871 -0.022758 -0.281401
0.008243 -0.040686 0.028703
-0.016262 -0.035223 -0.041573
0.030493 0.026833 -0.313657
-0.011484 0.017584 -0.01843
-0.055731 -0.01866 -0.080178
0.02613 -0.027001 -0.196652
-0.002152 -0.036657 0.027733
-0.032225 -0.049791 -0.08577
-0.011812 0.0 -0.044104
0.025705 -0.00437 -0.068165
0.020733 0.011316 -0.298186
0.033861 0.012715 0.004234
0.037065 0.017683 -0.053784
-0.0178 -0.02965 -0.30918
0.013093 0.044594 -0.295405
0.014622 0.033142 0.012742
-0.051375 0.023845 -0.287651
-0.004218 -0.0377 0.028661
-0.032074 -0.046087 -0.053394
0.009949 0.037602 -0.027113
-0.003234 -0.037108 -0.028203
-0.047523 0.011293 -0.325339
0.01218 0.0354 -0.30003
-0.017131 -0.009376 -0.376814
0.036723 0.017211 -0.055293
0.028638 -0.041481 -0.0313
0.01509 -0.033042 -0.011432
-0.036816 -0.038996 -0.247609
0.018436 0.046879 0.005814
-0.021675 0.03114 -0.005988
-0.015588 0.02545 -0.055371
0.03191 0.001461 -0.068743
0.009366 -0.047138 -0.303784
-0.01774 0.016555 -0.065222
-0.023025 -0.006365 -0.378312
0.032412 0.002909 0.00819
-0.02 0.036105 -0.012908
-0.025517 -0.002128 0.003229
0.003735 0.039339 0.029638
0.037852 -0.023382 -0.043456
0.021788 -0.019481 -0.055277
0.01416 0.041785 0.025666
0.02139 0.00213 -0.060768
0.026414 -0.036655 -0.00862
0.024223 -0.034815 -0.004372
-0.004255 0.043031 -0.168057
0.002925 0.018896 -0.324085
-0.013297 -0.044918 0.021241
0.028252 0.041914 -0.007284
-0.02 -0.030058 -0.314173
0.031194 -0.011176 0.007653
0.003362 0.001191 -0.357544
-0.026464 0.03013 -0.024112
0.01657 0.033843 -0.01404
-0.024961 -0.005711 0.004186
0.034878 -0.010316 -0.06325
0.020269 -0.043569 -0.295473
0.01899 -0.04 -0.023162
0.00573 -0.0454 -0.27963
-0.022692 -0.01328 -0.066106
0.012628 -0.043172 0.024959
0.023304 -0.04158 0.017953
0.005312 0.03604 0.026346
0.009058 0.035239 -0.209928
-0.006092 0.048438 -0.137262
-0.022762 0.00437 -0.068152
0.026739 0.001451 0.009218
0.009356 -0.001737 -0.308632
-0.011204 -0.046396 0.017793
-0.018566 0.001456 0.009494
-0.012856 -0.044635 0.022188
-0.026025 0.012046 -0.059506
0.006209 0.042849 -0.027742
-0.017514 0.035433 -0.018982
0.002807 0.048685 0.007212
0.024517 -0.027693 -0.227521
-0.028993 -0.039462 -0.207317
0.02475 0.009557 0.00609
-0.020003 0.047769 -0.14827
-0.04169 -0.039 -0.16427
0.036483 -0.031876 -0.051247
-0.014217 0.03816 -0.224793
0.028779 0.009574 0.008802
-0.022708 0.032429 -0.050657
0.035953 0.026743 -0.011168
-0.05871 0.0297 -0.07867
0.018335 -0.006715 -0.012934
-0.017306 -0.033428 -0.011032
-0.029097 -0.038072 -0.00151
-0.015252 0.024763 -0.351317
-0.028498 -0.037253 -1e-06
-0.039213 0.044484 -0.140312
-0.019973 0.016647 -0.313638
-0.003787 -0.015943 -0.359448
0.028086 -0.015336 -0.346274
0.012852 -0.032637 -0.011422
-0.033652 0.043681 -0.293331
-0.008 -0.023237 -0.295523
-0.018159 0.035245 -0.017823
-0.005704 -0.039833 -0.029417
0.007137 -0.040167 -0.029109
-0.010308 0.026935 -0.303892
-0.040296 -0.008959 -0.360369
-0.026057 -0.004931 -0.377823
-0.0083 0.02466 -0.29662
0.0153 -0.04189 -0.0249
-0.029225 -0.047757 -0.062902
-0.05266 0.03066 -0.07649
-0.007897 0.018449 -0.043117
-0.005504 0.040498 -0.029418
-0.029534 -0.026056 -0.296527
-0.012989 -0.04328 -0.007501
0.02641 0.038827 -0.027973
0.004363 0.04 0.02965
-0.006762 -0.052336 -0.052531
-0.051863 0.0191 -0.287363
0.01033 0.032476 -0.012707
-0.025528 -0.009082 0.00197
-0.0212 -0.04 0.0212
0.039622 0.018496 -0.031953
0.021114 0.033626 0.001452
0.038841 -0.009264 -0.329994
-0.008946 0.043894 -0.032517
-0.016489 -0.033326 -0.313613
0.011921 -0.04446 -0.334831
0.031518 0.004944 0.008747
-0.025 -0.0199 -0.0582
0.013585 -0.034753 -0.020105
-0.028353 0.049463 -0.130674
0.003081 0.039052 0.02962
-0.007656 0.034418 -0.022144
-0.026141 -0.022721 -0.357653
0.031723 -0.009932 -0.067595
0.027785 0.03384 -0.050658
-0.007393 0.038658 0.028718
0.016843 0.033653 0.012733
-0.021896 0.006198 0.008742
0.029476 0.018592 -0.065325
0.006355 -0.047275 -0.31534
-0.002381 0.047685 0.015329
0.032526 -0.020612 -0.163206
-0.008034 0.041024 -0.028672
0.006252 0.004202 -0.347466
0.030083 0.019006 -0.258227
-0.00346 0.01994 -0.01253
-0.026253 -0.029153 -0.041616
-0.03438 -0.003255 -0.267761
0.0081 0.03415 -0.0212
-0.022365 0.006928 -0.068188
-0.004984 0.054342 -0.040427
-0.043054 -0.039894 -0.067483
0.0 0.048963 -0.001451
0.005055 -0.012999 -0.299318
-0.02293 -0.036037 0.014088
-0.004307 -0.041762 -0.186384
-0.005463 -0.031685 -0.010023
-0.022602 -0.04302 0.001929
-0.011187 -0.043073 -0.332668
0.04221 0.0 -0.017484
-0.005835 -0.040096 0.029331
-0.027709 0.024693 -0.024138
0.017778 0.011927 -0.360136
-0.028361 0.017356 -0.04345
0.008692 0.008393 -0.320005
0.022155 0.02262 -0.006277
0.03015 0.012735 -0.067657
-0.008363 -0.029587 -0.042996
-0.042122 0.014108 -0.29164
-0.016866 -0.004746 -0.261178
-0.001582 0.035775 0.026373
-0.013629 -0.047814 0.005812
0.006407 -0.003245 -0.347687
-0.014812 -0.01708 -0.00049
0.032072 -0.005628 0.008207
0.007834 -0.041614 -0.338714
0.000551 0.041309 0.029621
-0.015591 0.044724 0.020069
-0.005611 -0.031344 0.005811
-0.0 0.048472 -0.010003
0.029688 -0.009269 -0.068784
-0.007715 -0.041186 0.028701
0.001076 0.04339 0.027723
-0.024182 0.03593 -0.011464
0.030479 -0.040386 -0.048869
0.009631 0.004111 -0.32
-0.047563 0.017531 -0.288034
-0.020399 0.011329 0.008315
-0.025019 -0.023601 -0.055316
-0.02938 -0.028049 -0.33239
-0.01416 0.038215 0.025666
0.010818 0.036706 0.025643
-0.035852 -0.005834 -0.299906
-0.024412 0.007162 0.005099
0.007962 0.031865 0.010017
-0.02 0.01638 -0.27021
-0.026479 -0.030058 -0.024122
-0.019221 0.011004 0.00823
0.028404 0.037216 -0.001464
-0.0005 -0.01162 -0.28099
-0.010433 0.0 -0.041554
-0.019521 0.000731 -0.069844
-0.028645 -0.007063 -0.048783
0.019845 -0.019513 -0.012917
0.036495 0.015874 -0.003215
0.021736 0.036369 -0.016679
-0.045879 0.01405 -0.31046
-0.012792 -0.042386 -0.041218
0.036728 -0.030165 -0.024106
-0.020251 0.036638 0.019026
-0.005313 -0.032011 -0.012731
0.010057 0.047342 0.014009
-0.001104 0.040841 -0.029768
0.034433 0.012195 -0.147456
-0.056987 -0.001198 -0.277834
0.002162 0.037445 -0.028662
-0.007495 0.041665 -0.0
0.013835 0.032026 -0.001452
-0.019602 0.003615 -0.069738
0.030962 0.031169 -0.054022
-0.00837 -0.050276 -0.315393
-0.017006 -0.035635 -0.043564
-0.014593 -0.034606 -0.018958
0.011548 0.046616 0.016631
-0.028042 -0.028947 -0.313473
0.037009 -0.026518 -0.043433
-0.020226 -0.036636 -0.019028
-0.019797 -0.011472 0.008288
-0.0159 -0.02966 -0.32818
-0.023792 -0.040696 0.017964
0.030342 -0.008538 0.008778
-0.011415 -0.018485 -0.360078
0.015026 -0.039454 -0.258889
-0.001048 -0.022609 -0.332152
0.001658 0.047466 -0.330039
0.00347 -0.051 -0.07436
0.029 -0.0399 -0.03
-0.026343 0.029533 -0.020287
-0.001717 -0.023604 -0.328105
0.032543 -0.000723 -0.068178
0.013323 0.044059 0.023088
-0.00193 0.010023 -0.363009
0.018444 -0.041031 -0.023316
0.00924 0.002719 -0.331272
0.040961 -0.0 -0.020202
-0.011792 0.03822 -0.224866
0.009156 -0.046681 -0.017761
-0.028315 -0.037246 0.002899
0.023764 -0.043543 -0.064971
-0.014078 -0.015376 -0.058253
0.001458 -0.04 -0.029892
0.025385 -0.039087 -0.015437
0.021675 0.028782 -0.016495
-0.02294 0.001443 -0.068172
-0.06414 -0.0171 -0.13229
0.023086 -0.035106 0.01009
-0.01509 -0.033042 0.011432
-0.028107 -0.013098 -0.297198
-0.022311 0.003639 -0.068709
-0.028443 -0.009246 -0.265443
0.0 -0.03253 0.0166
-0.012552 -0.011007 -0.299929
0.024825 -0.019257 0.002112
0.018786 0.047014 0.0
0.014308 -0.044312 -0.281878
-0.02317 -0.0307 -0.0522
-0.049385 0.001226 -0.331469
-0.016389 0.042076 0.024028
0.003785 0.042847 -0.028186
0.022046 0.001634 -0.298101
-0.01416 0.041785 -0.025666
-0.004264 0.040169 -0.029654
-0.029334 -0.028495 -0.327536
0.011223 -0.039666 -0.027753
0.005898 -0.043015 -0.022025
-0.018645 0.025987 -0.059752
-0.01103 -0.039337 0.027771
-0.000765 0.05066 -0.095257
-0.0376 0.01632 -0.35521
0.00985 -0.040339 0.028272
-0.02894 0.001724 -0.297224
0.02695 -0.041788 0.011549
-0.001582 -0.043814 0.027064
0.013584 0.046262 0.016646
-0.00888 0.0532 -0.07311
-0.024834 0.015571 -0.362958
0.009865 -0.019957 -0.297105
-0.02 -0.034244 -0.050541
0.029319 -0.029923 -0.124451
0.03136 -0.0136 -0.2155
-0.015062 0.034424 -0.035891
-0.010822 0.039016 -0.027753
-0.02 0.017586 -0.368043
-0.005788 0.016292 -0.364399
0.023439 -0.032827 -0.043526
-0.05283 -0.0312 -0.16021
-0.008476 -0.035311 -0.024036
-0.044923 0.009977 -0.293917
-0.003152 -0.038567 0.029416
-0.016206 -0.026991 -0.004653
-0.057108 0.01712 -0.082013
-0.02 0.023813 -0.355567
-0.030618 -0.026762 -0.302043
0.004753 0.039048 0.02942
0.018681 0.035878 0.019012
0.016593 0.042725 0.023186
-0.012989 0.04328 0.007501
-0.000551 -0.041309 -0.029621
0.025249 0.014141 -0.065194
0.030172 0.000729 -0.069717
0.013995 0.04569 -0.088858
0.0117 -0.03649 0.0249
-0.024973 0.037082 -0.230555
0.013031 -0.045826 -0.300857
-0.04797 0.009042 -0.287735
0.034522 -0.024234 -0.100416
-0.010474 0.003758 -0.041566
-0.019448 0.007355 0.009224
0.024297 -0.04454 -0.054285
-0.02352 0.0341 -0.0453
0.001082 0.042618 0.028656
0.025112 0.039386 -0.084389
0.038701 0.020622 -0.018412
0.00902 -0.037242 -0.02705
0.0 0.031037 0.001451
-0.007449 0.042046 0.028218
-0.027697 0.024799 -0.291183
0.003394 0.044332 -0.146071
-0.012386 -0.040689 0.027177
0.023822 0.030805 -0.011108
0.032357 0.003644 -0.068186
0.023304 0.03842 0.017953
0.019392 -0.002708 -0.006254
-0.023241 -0.02855 -0.338803
-0.031139 0.006966 -0.373565
-0.041793 -0.023964 -0.346336
-0.017454 -0.037771 0.023121
0.029144 -0.03981 -0.064363
-0.02 0.025316 -0.060839
-0.049811 -0.030165 -0.283228
0.031513 -0.038686 -0.02595
0.027728 0.004134 0.009503
-0.007885 -0.044564 -0.339748
-0.024617 -0.04375 -0.263671
-0.028398 -0.021675 -0.028046
0.023765 0.040816 -0.017949
0.021389 -0.031231 -0.233497
0.030988 -0.005189 -0.283037
0.021582 0.016302 -0.003212
-0.010934 -0.025351 -0.347029
-0.026971 -0.018133 -0.007755
-0.04831 0.032835 -0.28839
-0.048171 0.008566 -0.30934
0.017455 -0.04223 0.023122
-0.025221 0.024485 -0.006207
-0.034784 -0.00884 -0.048926
-0.023037 0.035044 -0.010066
0.034141 0.001453 0.006054
0.008501 -0.04469 -0.024037
-0.010807 0.015156 -0.026099
-0.010818 0.036707 0.025642
-0.045943 0.033975 -0.080559
-0.009926 0.036956 -0.026362
-0.06646 0.016446 -0.096519
-0.013592 0.028846 -0.326427
-0.012895 -0.000697 -0.360069
0.005077 0.039193 -0.029414
0.02701 -0.019299 0.004306
-0.013352 0.006477 -0.046039
-0.018839 -0.010693 0.008201
-0.001653 0.041243 0.029614
-0.026122 0.00696 -0.060756
0.016339 -0.039492 0.025005
-0.013448 0.041006 0.026478
-0.056414 0.023006 -0.265336
0.034873 0.034469 -0.0359
-0.019446 -0.030138 -0.322683
-0.021101 -0.029684 -0.331183
0.019137 -0.043917 -0.019048
0.039601 -0.021465 -0.049118
-0.010228 0.007513 -0.026094
-0.008243 0.040686 0.028703
0.006725 -0.040853 -0.02907
-0.01449 -0.04328 -0.00388
-0.025783 0.044403 0.004359
-0.012356 0.019495 -0.012933
0.005313 0.032011 -0.012731
-0.028834 0.010583 -0.045315
-0.02512 -0.0085 0.0032
0.002808 -0.031432 0.008617
-0.037196 -0.035764 -0.287583
-0.007656 0.034418 0.022143
0.035189 0.017091 -0.05953
-0.015866 -0.031518 -0.363713
0.008285 0.054498 -0.022596
-0.030049 0.035551 -0.219748
-0.022458 -0.020738 -0.363516
0.029139 0.024006 -0.291474
-0.002419 -0.048238 -0.335001
-0.041934 0.020043 -0.324794
-0.054706 -0.005602 -0.224264
0.025477 0.035677 -0.043574
-0.005505 0.021802 -0.041837
-0.002381 0.032803 0.017782
-0.026594 -0.013574 -0.003252
-0.029605 -0.045495 -0.059214
-0.024304 0.013915 -0.063242
0.013529 0.013641 -0.297284
0.012002 -0.003291 -0.361058
0.002031 -0.047204 0.017785
0.004759 -0.032668 -0.016631
0.029143 0.038982 -0.005873
-0.022853 -0.035035 -0.014573
0.025605 0.014987 -0.065225
-0.022713 -0.030044 -0.317779
-0.0366 -0.02515 -0.31998
-0.01439 0.010347 -0.265069
-0.021477 -0.007686 -0.068774
-0.017315 0.008251 0.007587
-0.022602 0.04302 -0.001929
-0.02 -0.03014 -0.322884
-0.0366 0.02465 -0.32002
-0.004633 -0.023644 -0.341253
-0.057174 0.011503 -0.085943
-0.028747 -0.028031 -0.334288
-0.01809 0.03453 0.015311
-0.028808 -0.041011 -0.007294
-0.041957 0.020044 -0.315952
-0.016489 -0.033353 -0.346333
-0.044865 -0.004779 -0.352348
0.026787 -0.002176 0.009213
0.013311 0.024819 -0.363254
-0.006733 0.011316 -0.298186
0.039246 -0.022681 -0.059979
0.013585 -0.046265 0.016646
-0.011137 0.03498 0.022203
0.026126 -0.03908 -0.01417
-0.049787 -0.003162 -0.32
-0.003735 0.036315 0.027062
-0.055757 0.021385 -0.284617
-0.008077 0.037016 0.027082
0.024344 0.034763 0.002898
0.037595 -0.01176 -0.05522
-0.023027 0.007356 -0.262418
-0.054885 -0.00557 -0.071584
-0.011276 -0.050082 -0.109464
0.029437 -0.001381 -0.069854
-0.039811 0.017829 -0.346543
-0.006626 -0.02341 -0.293344
-0.051669 -0.020113 -0.234907
0.029665 -0.003188 0.009737
-0.019132 -0.043351 -0.020148
-0.023764 -0.040817 -0.017949
0.025309 0.044322 -0.007245
-0.01673 -0.028969 -0.336001
-0.00714 0.025 -0.36002
-0.01487 0.0085 -0.0632
-0.0081 -0.03757 0.0277
0.020422 -0.042594 0.020092
0.031987 0.023375 -0.060797
0.005313 0.047786 0.014036
-0.025731 0.042508 -0.012834
-0.056215 0.004445 -0.251317
-0.015445 -0.017826 -0.060741
-0.01103 -0.040663 -0.027771
-0.022674 0.044799 0.011482
-0.018197 -0.013291 0.00695
-0.013772 0.050224 -0.133566
0.025626 -0.041755 0.014151
0.024498 -0.027019 -0.055374
0.003 0.01633 -0.33901
0.03078 0.030022 -0.055554
-0.018651 -0.046993 0.00291
0.029334 0.029216 -0.313732
-0.02363 0.037744 -0.01672
-0.047664 0.026315 -0.234111
0.018751 0.003183 -0.050514
-0.01327 0.028835 -0.314565
-0.02 0.009892 -0.263599
-0.0172 -0.0076 0.007595
0.0018 -0.0425 -0.33995
0.013661 0.034747 0.020107
-0.048964 -0.033187 -0.071359
0.031145 -0.03279 -0.089081
-0.010818 -0.043294 -0.025643
-0.028608 -0.041925 -0.005888
-0.016492 0.026804 -0.346383
0.007393 -0.041342 -0.028718
0.005663 -0.048811 0.001454
0.015 0.03553 -0.0212
-0.014724 0.028579 -0.011165
-0.021101 -0.029675 -0.308777
0.009156 0.033319 -0.017761
-0.028315 0.042754 0.002899
-0.026142 -0.035573 -0.001482
-0.029382 0.041 0.004347
0.022389 -0.039088 -0.108365
-0.02863 0.026274 -0.341673
-0.003374 -0.006259 -0.271623
0.019669 -0.050745 -0.329963
-0.01927 -0.0072 0.0092
0.006827 -0.0075 -0.342119
0.0 0.04747 0.0166
0.016291 -0.043506 0.022249
0.027232 -0.009874 0.00823
-0.006046 0.013385 -0.361915
0.007137 0.040167 0.029109
0.028121 0.042696 0.004422
0.001676 -0.048609 -0.323295
-0.026591 -0.00541 -0.059504
-0.058007 0.021989 -0.277433
0.023486 -0.035038 0.008694
-0.020956 -0.008957 -0.068744
0.024886 -0.010252 0.006082
-0.046501 -0.013216 -0.309335
-0.0 -0.040457 0.029866
-0.009666 -0.027468 -0.334209
0.027469 -0.018219 -0.313626
0.020183 0.026636 -0.360115
-0.023793 -0.02957 -0.03113
0.027141 -0.030138 -0.2912
-0.002807 -0.048781 0.005808
0.034434 -0.005717 0.005145
-0.02448 0.045247 0.001449
0.020849 -0.026926 -0.041561
-0.020966 0.022757 -0.330016
0.005614 -0.031559 0.008621
0.016257 0.032478 -0.002914
0.029675 0.038973 -1e-06
0.030369 0.010695 0.008209
-0.056372 0.026879 -0.272197
-0.007136 -0.032589 0.015328
-0.020778 -0.009113 0.008772
-0.04608 -0.0315 -0.28588
0.009684 -0.054375 -0.329961
-0.014622 0.046858 0.012742
0.026729 -0.021135 -0.346375
0.036495 0.0131 -0.001751
0.040263 0.007519 -0.041579
0.008458 0.040355 0.028747
0.035021 0.015574 0.000802
-0.0069 -0.039494 -0.311994
0.031615 -0.038832 -0.031936
0.038985 0.021802 -0.016147
-0.031315 0.044332 -0.156377
-0.021114 0.033626 -0.001452
0.034437 0.021511 -0.058292
-0.017807 -0.038417 -0.024007
0.037314 -0.003484 -0.118264
-0.018112 -0.024017 0.000954
-0.044797 0.0 0.008906
-0.01232 0.00711 -0.30001
0.011086 -0.034985 0.0222
0.003408 -0.040808 -0.029632
-0.012628 0.036828 0.024958
0.029453 0.015031 -0.066978
0.015667 -0.044726 0.02007
0.012273 -0.021294 -0.363243
-0.028668 -0.047122 -0.131052
0.019892 0.039467 -0.02234
0.013007 -0.032486 -0.010025
-0.010468 -0.011413 -0.026095
-0.000551 0.038691 -0.029621
0.024353 -0.036638 -0.026091
-0.004763 -0.046821 0.01895
0.017239 0.007668 -0.028045
0.029654 -0.027415 -0.146971
-0.012751 0.001941 -0.299918
-0.010213 0.016349 -0.295631
-0.052548 0.034149 -0.286968
-0.041028 0.004082 -0.361867
-0.022045 0.035858 -0.0455
-0.020365 0.007507 0.009232
0.006331 0.036105 -0.236294
0.036085 -0.017902 -0.105943
0.0043 -0.03682 0.0277
0.038876 0.021408 -0.022177
0.009018 0.044139 0.024952
0.020495 -0.041317 0.021373
0.030347 -0.03842 -0.039802
0.03731 0.0277 -0.0222
-0.00776 0.04 0.02898
-0.027186 -0.02313 -0.014677
-0.022626 0.024748 -0.00049
-0.032422 -0.026765 -0.332506
0.021408 0.002709 0.000772
-0.045067 -0.003299 -0.352463
0.011892 -0.036716 -0.230401
0.012852 0.032637 0.011422
0.029607 -0.039015 0.001531
-0.020125 0.04 0.022215
-0.009818 -0.034402 -0.021236
0.019718 -0.040096 -0.022478
0.022386 -0.002129 -0.063238
0.021923 -0.009662 0.000735
-0.04601 -0.042858 -0.115609
0.025863 -0.024755 -0.000481
-0.006209 0.04285 -0.027742
0.029458 0.01319 0.007667
-0.025519 0.011651 -0.266156
0.007712 0.04302 0.021333
-0.011352 0.03548 -0.346366
-0.007912 -0.02356 -0.291491
-0.010796 0.01764 -0.275699
0.026847 0.013294 0.006956
-0.00978 0.032867 0.015307
0.0 -0.040904 -0.029769
-0.050135 0.023079 -0.287846
-0.040315 0.013999 -0.35322
0.00531 0.048168 -0.011423
0.00638 0.00807 -0.01611
0.013629 0.047814 0.005812
0.032203 -0.013289 0.006127
0.01316 -0.042132 -0.269032
0.01093 -0.041946 0.02711
-0.043296 0.00277 -0.282651
0.038616 -0.016793 -0.012935
-0.016897 -0.044127 -0.265035
-0.021092 0.036528 -0.014529
-0.014259 -0.021315 -0.363934
0.008124 -0.043912 0.025684
-0.022045 -0.035858 -0.0145
-0.021204 0.039522 -0.031948
-0.011156 -0.014556 -0.041554
0.034944 0.034619 -0.026091
-0.00158 0.033964 -0.02217
-0.022432 0.036227 0.015405
-0.025119 -0.04995 -0.063519
0.016725 0.032891 -0.187442
-0.029385 -0.007513 -0.04157
-0.039085 -0.035831 -0.329971
-0.042834 0.01772 -0.334299
0.020769 0.011282 -0.003284
-0.012997 0.041649 0.026391
0.01918 -0.017135 -0.04533
0.001097 0.042616 -0.028656
-0.022664 0.019339 -0.063278
-0.042669 -0.040559 -0.286023
0.011202 0.038192 -0.02712
-0.001254 0.007164 -0.364343
-0.001836 0.015086 -0.356206
-0.016166 0.022056 -0.059612
-0.003408 -0.040808 0.029632
-0.021597 -0.004202 0.009219
-0.022794 0.012964 -0.266537
0.0114 0.04 0.0277
-0.02 0.0392 -0.0378
0.022485 0.038661 -0.019169
-0.021513 -0.028684 -0.057
-0.013403 0.00541 -0.059504
0.031533 0.008181 -0.068182
0.010857 -0.037307 0.02643
-0.025698 0.023151 -0.284446
-0.024772 0.023997 -0.353684
-0.013318 0.026514 -0.043431
0.027214 0.004852 -0.069216
0.029144 -0.038981 -0.005874
-0.030335 -0.027449 -0.30575
-0.025917 -0.015376 -0.001747
-0.021846 0.002176 0.009212
0.0 -0.04537 -0.023992
0.021088 -0.03654 0.017863
0.011811 0.038513 -0.027073
0.012989 0.04328 -0.007501
-0.040381 0.018936 -0.298934
0.035636 0.009084 -0.061977
-0.02 0.007002 -0.378132
0.016147 0.021802 0.038985
-0.022478 0.040096 -0.019718
0.032387 -0.035769 -0.016403
0.020007 0.023791 -0.041582
-0.030445 -0.045583 -0.290507
-0.022068 -0.021743 -0.361655
-0.010239 0.003756 -0.037808
-0.029978 0.026941 -0.304694
0.002031 0.032796 0.017785
0.024453 0.045214 0.002954
0.025208 -0.008311 -0.066954
0.021474 -0.02906 -0.018406
-0.035717 -0.04394 -0.054124
0.036186 0.028207 -0.045368
0.008808 0.033565 -0.018916
-0.012111 -0.014685 -0.270009
0.0212 -0.03364 0.0
-0.029828 0.050547 -0.055042
0.0 0.031063 0.002901
0.009546 -0.040857 -0.028264
-0.038205 0.020104 -0.344471
-0.043469 -0.018219 -0.313626
-0.007157 -0.037348 -0.027732
0.026176 0.023024 -0.217557
-0.028808 -0.038989 0.007294
-0.018356 -0.045213 -0.039999
0.003898 -0.040128 0.029626
-0.014282 -0.022615 -0.006283
-0.016823 -0.025377 -0.351945
0.015903 0.04733 0.007228
0.03056 0.022949 0.002203
-0.012594 0.0 -0.056709
-0.005932 0.005693 -0.371436
-0.026869 0.022145 -0.011209
-0.013474 -0.043472 -0.024066
-0.005754 -0.038695 -0.029098
-0.011548 -0.046621 -0.016632
0.01933 0.043228 0.02017
-0.007209 -0.034717 -0.023076
-0.017107 -0.0273 -0.003254
-0.022396 0.016182 -0.065215
-0.011002 -0.003531 -0.012954
-0.036244 0.0 0.027814
-0.041398 0.046934 -0.065118
0.017812 0.040001 -0.024054
-0.027526 0.009004 -0.29721
-0.007171 0.008879 -0.361845
0.0022 0.04162 -0.0294
0.029 -0.039733 -0.026084
0.016191 0.04316 -0.346208
-0.022029 -0.035021 -0.012776
0.022432 0.043774 0.015406
0.041837 -0.021802 0.005505
0.037836 -0.015431 -0.052243
0.024966 0.041589 0.015526
0.001077 0.036974 -0.028203
0.03159 0.038827 -0.032027
0.036499 -0.013099 -0.001752
0.032982 -0.023276 -0.059619
0.024506 0.027018 -0.004626
0.008983 0.036721 -0.026393
-0.00361 -0.045238 0.024033
-0.040559 -0.021661 -0.311858
-0.025265 0.027528 -0.300057
-0.014223 -0.018561 -0.003245
-0.025299 0.006379 -0.063228
0.028539 0.009428 0.008817
0.001767 -0.022255 -0.018506
-0.05745 0.0134 -0.27845
0.020422 0.037406 0.020092
-0.024885 0.03835 -0.197137
-0.049549 -0.037445 -0.141146
-0.023037 0.037515 -0.024052
-0.005077 0.040807 -0.029414
0.001077 -0.036974 0.028203
-0.016171 -0.044068 -0.021266
0.023898 -0.008425 0.005155
-0.017492 -0.0 0.008702
0.012451 -0.039488 -0.027141
-0.019604 0.009415 0.008764
0.023223 0.033764 -0.039738
0.038263 -0.015237 -0.329989
-0.0395 -0.02144 -0.30378
-0.043343 -0.000225 -0.282314
0.024633 0.026753 -0.24508
-0.017226 -0.033352 -0.048885
0.011071 0.037921 -0.166896
-0.018651 0.033007 0.00291
-0.0202 0.011472 0.008287
-0.010228 -0.007663 -0.026093
0.021104 0.034623 0.011452
-0.03697 -0.0426 -0.06179
0.013541 0.042791 -0.024985
0.030246 -0.036547 -0.045467
-0.027398 -0.009062 -0.055238
-0.015048 0.034371 -0.024146
-0.015737 -0.029893 -0.31888
-0.019197 0.018306 -0.06536
0.025667 0.045016 -0.060467
-0.035027 -0.021755 -0.023404
-0.035377 -0.011012 -0.299902
-0.011807 0.017125 -0.045322
-0.011763 -0.010718 -0.373727
0.02207 0.032309 -0.035877
-0.031669 0.021755 0.027779
-0.00406 0.033444 -0.020099
-0.002426 0.02393 -0.323178
-0.028154 -0.013407 -0.048759
-0.004542 0.017782 -0.356324
0.040099 0.007066 -0.016544
-0.047391 -0.009003 -0.303427
0.026984 0.005168 -0.297287
-0.03523 -0.042794 -0.066384
-0.017397 0.043998 -0.030425
-0.03662 0.005748 -0.368373
-0.001029 0.040325 -0.029868
-0.0 -0.045732 0.023073
0.032037 -0.017785 -0.064295
-0.022121 -0.038644 -0.034063
-0.026785 -0.024366 -0.352719
-0.04582 -0.030648 -0.286048
0.003162 -0.044139 -0.026383
-0.05007 0.023977 -0.287871
0.0 0.03658 0.0277
-0.005614 0.031559 0.008621
-0.005596 -0.000213 -0.267396
-0.026873 0.027314 -0.03968
-0.004262 -0.037236 0.028203
0.017936 0.015231 -0.031951
0.02633 0.04254 0.0115
0.016773 0.02098 -0.297627
-0.04698 -0.0291 -0.22168
-0.037672 0.042851 -0.282617
0.02474 -0.016938 0.003278
-0.017812 -0.040001 -0.024054
0.035103 -0.023368 -0.05531
0.005697 0.042506 0.028233
-0.027426 -0.041847 -0.010117
-0.02382 0.0369 -0.03
-0.013794 0.026923 -0.341812
-0.039837 -0.022609 -0.315916
0.007 0.006701 -0.362324
0.022228 -0.035311 0.012809
-0.01739 0.029391 -0.326825
0.038498 -0.022871 -0.069522
0.0063 -0.04459 0.0249
0.001029 0.039675 -0.029868
-0.010605 0.043279 -0.010605
-0.010755 -0.047831 0.010004
0.00316 0.03548 -0.025669
0.00984 -0.046872 -0.312876
-0.01616 -0.022057 -0.000387
-0.010337 0.003532 -0.020312
-0.029127 -0.041945 -0.001439
-0.012089 -0.043012 -0.324449
0.002658 -0.048584 0.008616
-0.028786 -0.003181 -0.011224
-0.024259 -0.016769 -0.061982
-0.011415 -0.026089 -0.295268
0.000548 -0.036959 -0.028198
0.020166 0.015431 -0.007757
-0.004221 0.037691 0.028672
-0.014537 -0.047349 -0.312241
-0.01295 0.0 -0.0018
0.0043 0.04318 0.0277
0.007773 0.017625 -0.363022
-0.020001 0.026792 -0.059557
-0.014498 0.030799 -0.043526
-0.054287 -0.024125 -0.179023
0.031771 -0.025323 -0.132283
0.022837 -0.00213 -0.064201
0.028608 0.041925 -0.005888
0.011459 -0.044567 -0.335689
0.037478 -0.028092 -0.028048
-0.029962 -0.0 -0.028049
-0.022577 -0.005672 0.008176
-0.035192 0.025517 -0.317864
0.01984 -0.040327 -0.299317
-0.017268 -0.036397 0.021301
-0.027291 0.005409 -0.056746
0.036118 0.00271 -0.062016
0.027255 0.027344 -0.05842
0.0 0.035727 -0.026341
-0.01578 -0.019079 -0.060803
0.024702 0.04362 -0.068696
-0.031018 0.008485 -0.267151
-0.010066 0.003758 -0.028046
0.013395 0.045009 -0.290443
0.00388 -0.04328 0.01449
-0.011898 0.028062 -0.308653
-0.02 -0.023447 -0.282111
0.019126 0.021408 -0.022177
-0.004965 -0.040764 -0.212701
-0.001684 0.008693 -0.276165
-0.016204 0.001452 0.006926
0.015227 0.018828 -0.360114
-0.057466 0.008389 -0.086465
-0.022912 -0.030042 -0.31998
-0.011527 -0.034709 0.021252
0.023278 0.018872 -0.000515
0.025417 0.039182 -0.015502
-0.015252 -0.025325 -0.351277
-0.026052 -0.000211 -0.261489
0.029878 -0.004989 0.009526
-0.018416 -0.030054 -0.315225
-0.018446 0.021893 -0.313638
-0.026469 -0.020827 -0.052233
0.007476 0.008507 -0.336275
-0.021492 -0.009872 0.008219
-0.005711 -0.048824 -0.0
-0.046905 0.034588 -0.288561
0.026497 0.023413 -0.197847
0.00441 -0.047106 0.017794
-0.005605 0.039667 0.029424
0.035824 -0.032138 -0.022142
-0.0011 -0.041688 0.029413
-0.013948 -0.041916 -0.299567
-0.014062 -0.002707 0.001997
-0.017797 -0.014563 -0.066101
0.032477 0.019826 -0.127577
-0.023332 0.031603 -0.009494
-0.01656 -0.024617 -0.001704
-0.0114 0.04 -0.0277
0.002152 -0.036657 -0.027733
-0.00999 -0.041606 -0.027745
-0.01739 0.029398 -0.313215
0.011355 0.031699 -0.001451
-0.00018 0.0484 -0.12575
-0.022766 0.033351 -0.048884
0.027071 0.007279 -0.068756
-0.026363 -0.041702 0.012914
0.029684 0.021861 -0.063338
-0.010775 0.015229 -0.028049
0.019522 0.020567 -0.016528
0.002711 -0.039648 -0.029793
0.02519 -0.0307 -0.0078
0.038305 -0.024841 -0.026088
-0.011865 -0.011948 -0.267338
-0.016544 0.032474 -0.048792
-0.044584 0.005685 -0.352208
0.006415 -0.037897 -0.313468
0.005977 -0.006188 -0.347338
-0.028173 0.050411 -0.048254
-0.030756 0.019002 -0.360417
-0.017372 -0.024748 -0.00049
0.013449 0.043471 -0.024066
0.017306 0.046449 0.011423
-0.056137 0.038084 -0.085469
-0.035734 -0.03765 -0.287382
0.026911 0.046275 -0.046908
-0.007413 -0.047621 -0.01403
0.026389 0.014568 -0.066118
-0.01719 0.010278 -0.26417
0.036742 0.00754 -0.000489
0.017737 -0.007519 -0.041579
-0.018023 -0.008613 -0.068192
0.02441 0.0 -0.0669
-0.010705 -0.011038 -0.039686
0.010736 -0.037284 -0.203765
0.03224 0.0261 -0.0582
-0.040976 -0.038329 -0.172089
0.003692 0.041894 0.029076
-0.023177 0.024816 -0.351985
-0.012287 0.002705 -0.004764
-0.019449 0.029403 -0.311513
0.018511 -0.044415 -0.292902
-0.021846 0.045586 -0.008659
-0.006415 0.025512 -0.333545
-0.017632 0.042853 -0.022243
0.008559 0.048611 -0.0
-0.020761 0.024898 -0.060961
-0.024266 -0.008419 0.005134
-0.015881 -0.005036 0.00604
0.018231 0.041309 -0.023253
-0.022457 -0.017226 -0.369088
0.018565 -0.014331 -0.01657
-0.01245 0.023696 -0.049046
0.016774 -0.027453 -0.297588
-0.028109 0.026942 -0.300736
0.00361 -0.034762 0.024034
-0.009018 0.035861 0.024953
-0.028454 -0.028985 -0.322184
-0.001082 -0.037382 -0.028656
0.023517 -0.005037 0.005152
-0.023352 0.038528 0.017991
0.037993 0.000707 -0.092729
0.026315 -0.038211 -0.012864
-0.02 0.001267 -0.260262
-0.002736 -0.042069 -0.029047
0.031261 0.001451 -0.069218
0.008201 -0.038033 -0.211088
-0.008251 -0.040694 0.028727
0.008097 0.005621 -0.336851
0.00776 0.04 -0.02898
-0.051314 -0.038264 -0.123375
0.020373 -0.023142 -0.014668
-0.002159 0.037031 0.028214
-0.033715 -0.045027 -0.286434
0.005605 -0.039667 0.029424
0.02539 0.037555 -0.024056
0.035342 0.033412 -0.065875
0.011687 -0.045939 -0.318253
0.006911 0.012653 -0.31468
0.009151 -0.012813 -0.361929
-0.016997 0.034457 -0.36015
-0.031333 0.048773 -0.061631
-0.046543 0.012725 -0.309908
-0.013073 -0.005407 -0.001763
0.030752 -0.007688 0.008784
0.00406 0.033145 0.018951
0.01793 0.0 -0.0147
-0.006644 -0.0423 0.028219
0.012097 -0.036438 -0.224847
0.003366 -0.014502 -0.295718
-0.015591 -0.045761 -0.307559
-0.015333 0.029186 -0.346314
0.005611 -0.031344 -0.005811
0.035614 -0.002129 0.003238
-0.024291 0.001452 -0.066036
-0.01487 -0.0085 0.0032
0.001857 -0.032448 -0.363472
0.014752 0.038987 0.02578
0.012628 0.043172 -0.024958
-0.01412 0.0235 -0.0078
-0.022157 0.027522 -0.34204
-0.020001 -0.036105 -0.012908
0.008458 -0.040355 -0.028747
0.01793 -0.0153 -0.03
-0.025863 -0.032614 -0.031981
-0.024441 0.020123 -0.059539
-0.037622 -0.037692 -0.287766
-0.021675 -0.03114 -0.054012
0.027436 -0.039064 -0.011524
0.017564 0.003535 -0.041572
0.028765 -0.021299 -0.215424
0.027767 0.038427 -0.020124
-0.019705 -0.035027 -0.015383
0.031758 -0.02931 -0.004534
0.021114 0.046374 0.001452
-0.018189 0.040128 -0.023704
-0.016972 0.036746 -0.020272
-0.002656 0.031724 0.011416
0.035035 -0.024842 -0.091837
0.035562 0.013011 -0.108266
-0.013754 0.047761 -0.33004
0.002736 -0.042069 0.029047
-0.034039 -0.038308 -0.201386
-0.010613 -0.011259 -0.037808
-0.023696 0.037011 0.015328
-0.02 0.027977 -0.340039
0.028869 -0.019784 -0.242946
-0.020897 -0.043572 -0.01786
0.02831 -0.018459 0.005302
0.0256 -0.03682 -0.0114
-0.023836 0.036424 -0.024144
0.022176 0.032138 -0.022142
0.027591 -0.037289 0.007278
-0.004262 0.037236 -0.028203
-0.012038 -0.04118 -0.027133
0.036262 -0.006188 -0.346366
-0.0 0.048728 -0.007203
-0.046337 -0.01132 -0.287079
-0.01302 0.018133 -0.007755
0.025353 0.044263 0.007265
0.019852 -0.005834 -0.299906
-0.016612 -0.019591 0.002106
-0.015203 0.007833 0.004159
0.038701 -0.020622 -0.041588
-0.022255 -0.016555 -0.065222
0.010577 0.0372 0.026407
-0.01145 0.028464 -0.321122
-0.057006 0.004372 -0.279229
-0.02 -0.0282 -0.0018
0.024636 -0.004353 -0.066934
-0.056612 0.028034 -0.275443
-0.02 0.026177 -0.348061
-0.03635 -0.025267 -0.323136
-0.028747 0.027521 -0.305712
0.025248 0.018155 -0.063314
-0.019161 0.00211 0.00971
-0.025445 0.013282 -0.060785
-0.022227 0.035311 0.012809
-0.063619 -0.008398 -0.09
0.022645 -0.029453 -0.01286
0.037712 0.005889 -0.056763
-0.024883 -0.019715 -0.364503
-0.02458 0.005034 -0.065129
-0.005711 0.031176 -0.0
-0.00203 -0.046323 -0.021229
-0.019446 0.028494 -0.302992
-0.016345 -0.047564 -0.0
-0.054735 0.010777 -0.236522
0.022397 0.030717 -0.043511
0.027317 -0.026755 -0.182533
-0.04353 0.010038 -0.289406
-0.053179 0.022932 -0.287057
-0.011844 0.006358 -0.05223
-0.020479 -0.000731 0.009844
-0.014876 0.028841 -0.30981
-0.010745 0.007061 -0.016554
-0.048512 0.00851 -0.325647
-0.020792 -0.016537 -0.066214
0.027508 -0.028993 -0.157421
-0.026363 0.041702 -0.012914
0.03107 -0.010388 -0.251714
-0.004262 0.042764 0.028203
0.025424 -0.037903 -0.286329
-0.014434 -0.037635 -0.024967
-0.016103 -0.047494 -0.004364
0.029718 0.026492 -0.059719
-0.052811 -0.020151 -0.282362
-0.017812 0.039999 -0.024054
0.022941 0.004263 0.00422
0.021846 -0.045586 -0.008659
0.032455 -0.027308 -0.056753
-0.023569 0.052811 -0.051547
0.030099 0.035766 -0.047282
0.026046 0.000725 -0.068733
0.017347 -0.007517 -0.024137
-0.018839 -0.010693 -0.0682
0.007495 -0.041665 -0.0
-0.041975 -0.019401 -0.306393
-0.01624 -0.008298 0.006055
-0.0254 0.02914 -0.32442
0.028121 -0.042696 -0.004422
0.007993 -0.047139 -0.31046
0.021042 0.021663 -0.036437
-0.000758 -0.003237 -0.274408
-0.019449 -0.02991 -0.328487
0.029469 -0.011328 0.008312
-0.015701 -0.043166 0.023206
-0.045576 0.0 0.002986
0.023 -0.0199 -0.0018
-0.012105 0.006626 -0.015994
-0.027935 -0.020372 -0.016544
-0.01725 -0.038976 -0.024194
-0.011781 0.009887 -0.050503
-0.043277 0.029303 -0.229276
0.017632 0.042853 0.022243
-0.047394 -0.04136 -0.269935
-0.022519 0.013735 -0.066107
-0.004778 0.046624 -0.147179
-0.024059 -0.023078 -0.001677
0.018843 -0.044098 -0.290085
0.024001 -0.008983 -0.065168
0.040237 -0.003761 -0.016553
-0.003229 -0.043734 -0.027065
-0.026617 -0.004832 -0.000495
-0.04398 -0.009146 -0.350916
0.023008 -0.023626 -0.055342
-0.015243 -0.026045 -0.291274
-0.01906 -0.04144 -0.03272
-0.044648 -0.043313 -0.087076
-0.004886 0.053963 -0.047819
0.01972 -0.0 -0.055217
-0.006298 0.027991 -0.015972
0.011354 -0.046359 -0.306473
-0.033039 -0.020855 -0.299888
-0.017896 0.01797 -0.272643
-0.002974 -0.000213 -0.270552
-0.017268 0.043603 0.021301
-0.045699 -0.038395 -0.152743
-0.02695 0.038212 -0.011549
-0.058056 0.018872 -0.277428
-0.045424 0.035196 -0.288718
-0.013883 0.001252 -0.378426
-0.014156 0.018133 -0.003248
-0.008412 0.048511 0.004356
-0.015173 0.033214 -0.018399
-0.0105 -0.01689 -0.36599
0.013358 0.040423 -0.330038
0.013541 0.037209 0.024986
-0.021196 0.038848 -0.0379
-0.04273 -0.021107 -0.313591
-0.003374 0.005749 -0.368377
-0.00316 0.03548 0.025669
0.019131 -0.03665 -0.020148
0.020892 -0.008108 -0.058238
0.022028 -0.040228 -0.278147
0.01905 0.00711 -0.30001
-0.0477 -0.01165 -0.31999
-0.020396 -0.009415 0.008764
-0.014297 0.029162 -0.32112
0.015222 0.052714 -0.025257
0.004734 -0.044395 -0.025657
-0.042925 -0.019405 -0.324055
0.034551 0.012124 0.003271
-0.024748 0.024765 -0.351317
0.017566 -0.011419 -0.033908
0.029665 0.003188 -0.069737
0.029 0.0078 0.0092
0.001653 0.038757 -0.029614
-0.014093 -0.009659 0.000726
-0.054598 0.025241 -0.174125
-0.012392 0.038013 0.026441
-0.023032 0.014514 0.005202
-0.02719 -0.018795 -0.050526
-0.034069 -0.021293 -0.043829
-0.014928 0.012704 0.00203
-0.042577 -0.01948 -0.32812
-0.012042 -0.009532 -0.052222
-0.016304 0.014496 0.004175
-0.019997 -0.009713 -0.068755
0.027293 0.036574 -0.004356
0.000589 0.00703 -0.278995
-0.049284 -0.003214 -0.308528
0.008556 0.002716 -0.302926
0.022982 -0.029668 -0.233589
-0.015573 0.029153 -0.327271
0.019906 0.024187 -0.0397
-0.025288 0.020634 -0.032472
0.039523 -0.008448 -0.072083
-0.013191 -0.026083 -0.34703
-0.015195 0.040358 -0.025774
-0.030727 0.042089 -0.272162
-0.017637 -0.002914 0.008725
-0.028694 -0.007859 -0.375125
-0.0281 0.02743 -0.33622
-0.01229 0.02646 -0.296063
-0.021541 -0.050166 -0.11136
0.019017 -0.021495 -0.024133
0.000978 -0.051975 -0.054628
-0.008464 0.048565 0.002906
-0.031018 0.008394 -0.372858
0.016044 0.032591 -0.005819
0.01387 -0.033488 -0.015351
-0.016823 0.024867 -0.288055
0.037781 0.021755 0.018637
0.003991 -0.013179 -0.29517
0.022548 0.041662 -0.082612
0.002856 0.048938 -0.0
-0.019676 0.044899 -0.291295
-0.019446 0.029633 -0.322723
0.003343 -0.000225 -0.282314
0.00361 0.045238 0.024034
-0.001082 0.042618 -0.028656
-0.003427 -0.0502 -0.313778
0.023711 -0.007165 -0.065112
-0.04137 -0.011867 -0.354666
-0.036702 -0.047115 -0.078385
0.019482 -0.013057 -0.050485
-0.059873 0.005933 -0.180784
0.026982 -0.022606 -0.062192
-0.023411 -0.029903 -0.325183
0.022402 0.021728 -0.055233
0.029 -0.039515 -0.024135
-0.010437 0.011486 -0.031954
-0.01387 0.046512 0.015351
-0.029005 -0.047656 -0.290448
-0.049065 0.004208 -0.308731
-0.019209 0.016537 -0.066213
0.027814 0.0 -0.036244
0.037604 0.014537 -0.00624
-0.019791 -0.013342 0.007682
-0.000704 -0.020598 -0.341019
0.015312 -0.036122 0.02222
0.020915 0.046317 0.004352
-0.058889 0.029033 -0.146196
-0.028731 -0.050306 -0.074077
0.033474 0.021802 -0.025688
-0.011844 -0.006358 -0.00777
-0.021846 -0.002176 -0.069212
0.006404 0.041005 0.029093
-0.038574 -0.044528 -0.285475
-0.020377 0.032452 -0.360149
0.030659 0.00218 -0.069495
-0.025698 -0.039911 -0.229377
-0.03064 -0.0469 -0.28529
0.004968 0.016269 -0.364329
-0.029358 0.040423 -0.330038
0.007715 0.041186 0.028701
0.036502 -0.013099 -0.058249
0.028848 0.038065 0.004386
0.03912 -0.006365 -0.050523
-0.047356 -0.004634 -0.342522
0.005713 0.031181 -0.001454
-0.001138 0.005679 -0.365079
0.0256 -0.04318 0.0114
0.007209 0.034717 -0.023076
0.031908 0.009497 -0.067567
0.010822 0.040984 0.027753
-0.0295 -0.01682 -0.27399
-0.006173 -0.03663 -0.027078
0.019015 -0.035172 0.016666
-0.036385 0.007252 -0.367792
-0.041939 -0.044788 -0.08391
-0.021828 -0.026647 -0.329977
0.030278 0.014489 -0.23462
-0.009436 -0.041004 -0.028245
-0.058008 0.021301 -0.276306
0.013161 -0.032358 -0.008621
-0.011154 -0.010583 -0.014685
-0.012852 -0.047363 -0.011422
-0.009961 -0.04914 -0.117373
-0.010213 -0.022877 -0.364368
-0.020198 -0.003768 0.009772
-0.029038 0.026831 -0.338039
0.026433 0.038176 -0.037915
0.027625 0.039547 -0.031952
-0.00672 0.043273 0.027085
-0.001356 -0.03982 -0.02988
-0.007662 -0.035614 0.024937
-0.031461 -0.044743 -0.061674
0.024946 -0.001453 -0.067579
0.017073 0.003834 -0.03
-0.003785 0.037153 0.028186
0.031818 0.006641 -0.268236
0.019794 -0.009539 -0.053747
-0.054734 -0.019364 -0.082739
-0.018786 0.032986 0.0
-0.000902 0.004241 -0.365355
0.008464 0.031435 0.002906
-0.023724 0.002903 -0.066935
0.035828 0.020111 -0.330013
0.027463 -0.002832 -0.069508
0.025726 -0.026023 -0.228232
0.037975 -0.018865 -0.048816
-0.021735 0.043631 -0.016679
-0.042761 -0.033346 -0.233907
0.032602 0.02779 -0.09078
-0.013062 -0.02936 -0.316677
0.00978 0.032866 0.015307
-0.043 -0.01687 -0.33899
0.011055 0.031948 -0.007203
0.026744 0.0062 0.008753
-0.02702 0.002704 -0.058227
-0.018154 0.002176 -0.069212
-0.01374 -0.013093 -0.001764
-0.018815 0.024598 -0.061031
-0.008104 -0.000787 -0.361978
-0.015489 -0.017184 -0.020349
-0.028691 -0.018202 -0.037811
0.010828 -0.035767 -0.024041
0.005605 -0.047278 -0.300367
0.021865 -0.00213 0.002014
0.023 -0.04285 0.0166
0.03155 0.0205 0.0032
-0.024171 -0.019691 -0.27525
-0.013465 0.035815 -0.360155
-0.02676 0.026945 -0.341117
0.028999 0.029549 -0.056785
0.020962 0.042072 -0.020215
-0.053355 0.016958 -0.235333
0.02648 -0.035578 -0.286342
-0.001297 -0.016765 -0.297824
0.02217 0.037199 -0.017788
0.032358 0.01546 -0.171721
0.027632 -0.019766 0.004373
-0.002914 -0.04 -0.029814
-0.020582 0.021855 0.003335
-0.012213 -0.042143 -0.302381
-0.012253 0.040844 0.027153
-0.051944 -0.038374 -0.117019
0.019231 0.030269 -0.346286
-0.019053 0.032815 -0.052396
-0.021157 0.01623 0.006191
0.004236 -0.035556 -0.025659
-0.009053 0.04328 0.011797
0.016778 0.03835 0.024127
-0.013134 0.01128 -0.056711
-0.008738 -0.037824 0.027741
0.001104 0.039159 0.029768
-0.021656 0.029392 -0.311915
-0.022798 0.0076 0.007595
0.018786 -0.047014 -0.0
-0.004644 -0.038311 -0.029073
-0.045437 -0.027905 -0.059265
-0.045626 0.016446 -0.288028
-0.029116 -0.005752 -0.297204
-0.01347 0.0108 -0.0582
-0.005299 0.041664 0.005299
-0.013274 0.0 -0.059465
0.002858 -0.048858 -0.004356
-0.008778 0.027504 -0.317868
0.005077 -0.040808 0.029414
0.016153 0.047477 0.004367
0.020583 0.002706 -0.001764
0.029 0.039733 -0.033916
-0.032665 -0.025288 -0.340703
-0.027094 0.008586 -0.003262
0.036904 -0.005414 -0.000475
0.029894 -0.024907 -0.060973
0.001104 0.040841 0.029768
0.019509 -0.034975 -0.015375
-0.012863 0.008109 -0.003263
0.039518 -0.008076 -0.06795
-7.4e-05 0.00983 -0.280306
-0.011459 -0.042999 -0.331049
0.027758 -0.022187 -0.235765
-0.01286 -0.040045 -0.346351
-0.007412 0.038672 -0.028691
-0.020554 0.029636 -0.317317
-0.03282 0.034588 -0.225459
-0.004264 -0.040169 0.029654
0.007855 -0.039046 -0.300517
-0.009599 -0.025268 -0.294744
-0.037423 0.032542 -0.212181
-0.016204 -0.001452 -0.066926
-0.054823 0.014669 -0.285151
-0.018472 0.037875 -0.231176
-0.036539 0.007317 -0.272339
-0.025436 0.004255 0.003241
0.002539 -0.007681 -0.356694
0.03746 0.0 -0.0018
0.017712 0.0 -0.016571
-0.026922 -0.005407 -0.058237
-0.004238 -0.03594 -0.026371
-0.022191 0.028485 -0.336449
-0.026099 0.040697 -0.179919
0.000898 0.045655 -0.287446
-0.022795 -0.01198 -0.265198
-0.025731 -0.042508 0.012834
0.033785 0.006486 -0.066024
-0.019777 0.035879 0.017882
0.021885 0.039195 0.020218
-0.026758 0.008106 -0.001772
-0.024754 -0.029682 -0.326281
-0.036077 -0.009231 -0.272844
0.010585 0.04531 -0.287944
-0.01756 0.040511 -0.024171
-7.2e-05 -0.01027 -0.280291
-0.020494 0.038684 0.021371
-0.018637 0.021755 0.037781
0.031261 -0.001451 0.009218
0.018363 -0.018449 -0.028044
0.028813 -0.041915 -0.004454
-0.03348 0.0416 -0.27149
0.02999 0.017 -0.2898
-0.029038 -0.02737 -0.337999
0.032666 0.037751 -0.033989
-0.01756 0.039489 0.024171
-0.011357 0.028443 -0.32002
-0.038284 0.023085 -0.328146
0.004817 0.004253 -0.287549
-0.016637 -0.007056 0.006931
0.020522 -0.028092 -0.031952
-0.025114 -0.023346 -0.004714
-0.0 -0.048612 0.008604
-0.020202 -0.0 -0.040961
-0.013323 0.044059 0.023088
-0.020585 -0.016696 0.006153
-0.024296 0.050616 -0.126527
-0.021114 0.046374 -0.001452
-0.01103 0.039336 0.027772
0.027796 0.020726 -0.232687
0.022658 0.042612 -0.288192
-0.022387 0.029548 -0.316868
0.018114 0.030999 -0.201599
-0.021311 -0.037286 -0.018953
-0.011797 0.04328 -0.009053
0.014151 -0.027498 -0.360109
0.03155 -0.0205 0.0032
0.003626 0.038667 0.029411
0.002282 0.053725 -0.04407
0.007738 -0.046766 -0.328992
-0.014396 -0.029669 -0.31778
0.01757 -0.043763 -0.096506
-0.028357 -0.021654 -0.033912
-0.02353 -0.036366 -0.299862
-0.044677 -0.017021 -0.315219
-0.021103 -0.034627 -0.011451
-0.015887 0.044565 -0.346352
-0.053211 0.016009 -0.225401
-0.024122 0.023229 -0.283763
-0.022665 -0.019339 0.003279
0.003229 -0.036266 -0.027065
-0.023765 -0.039184 0.017949
-0.01135 -0.007063 -0.011216
-0.002773 0.02098 -0.297627
-0.02643 0.0441 -0.28375
0.034313 -0.035523 -0.056881
0.034899 0.034892 -0.03
-0.007962 -0.032217 -0.012726
-0.015865 -0.031467 -0.296239
-0.01429 0.022242 -0.28212
-0.01595 -0.0412 -0.22023
0.005117 0.038418 -0.029057
-0.016636 -0.007056 -0.066932
-2e-06 -0.018327 -0.294115
-0.025517 0.002128 -0.063229
-0.052193 -0.033454 -0.269181
-0.029549 -0.03899 0.002907
0.026208 -0.021955 0.002023
-0.006846 -0.038939 -0.32198
-0.01065 -0.052048 -0.313654
0.022258 0.036141 0.015376
0.025588 -0.002909 0.00819
-0.024364 0.04309 0.014037
-0.02167 -0.011595 0.007624
-0.020538 -0.04302 -0.009629
0.02791 -0.037297 0.005855
-0.019391 0.024999 -0.060991
-0.03467 -0.045349 -0.276874
-0.00165 -0.041656 -0.02941
0.004864 -0.004729 -0.287652
-0.021506 -0.029999 -0.055543
0.002656 0.048279 -0.011416
0.032412 -0.002909 -0.06819
0.027761 0.037889 -0.018236
-0.022049 -0.044754 -0.012786
-0.011055 -0.048052 0.007203
0.030929 -0.007279 -0.068756
-0.053645 -0.019904 -0.19714
0.03711 0.008109 -0.058239
0.022582 0.034191 0.004376
0.04076 -0.0 -0.0222
0.008928 0.045023 0.023117
0.007755 0.041924 0.028238
0.02808 -0.009115 0.008778
0.027537 -0.005928 0.009221
0.001929 0.04302 -0.022602
-0.01487 -0.0085 -0.0632
0.026847 -0.013294 -0.066956
-0.010337 0.045383 -0.286534
0.026847 -0.013294 0.006955
0.030916 0.004202 0.009222
-0.044333 -0.024844 -0.329979
-0.0479 -0.026922 -0.285414
-0.003955 -0.025302 -0.32629
0.02186 -0.04192 -0.294174
-0.020897 0.043572 0.01786
0.011401 0.043015 0.019745
-0.025682 -0.037468 0.012809
0.028006 -0.002109 0.00972
-0.017834 -0.028554 -0.300749
0.02857 0.02861 -0.117627
-0.004762 -0.047815 -0.014036
-0.032632 -0.042107 -0.25731
0.037023 -0.002706 -0.000493
0.007921 -0.049964 -0.07284
-0.042089 -0.030982 -0.054922
-0.03644 -0.023563 -0.302123
-0.029629 0.04 -0.004361
-0.001581 0.040743 -0.029774
-0.016963 0.02847 -0.055261
0.000339 -0.047925 -0.292484
0.007 -0.03368 -0.295753
0.007546 0.002647 -0.342631
-0.033175 -0.011896 -0.271563
-0.019667 -0.052259 -0.079851
0.01982 0.0437 -0.08079
-0.01812 -0.033186 0.00722
0.040367 0.011266 -0.024142
0.039605 0.010587 -0.014678
0.003152 -0.038567 0.029416
-0.0043 0.04318 -0.0277
-0.01933 -0.036772 -0.02017
5.8e-05 -0.037185 -0.334074
0.008083 -0.041776 0.028243
-0.024014 0.027885 -0.053826
-0.014351 -0.043888 -0.039383
-0.015256 -0.042594 -0.183214
0.002381 -0.032804 0.017782
-0.036942 -0.02445 -0.329449
-0.011731 0.00318 -0.007778
0.030723 -0.023263 -0.169939
-0.031822 -0.027343 -0.31037
-0.007662 0.044386 0.024937
-0.025627 -0.041755 -0.014151
0.011938 -0.045622 0.020118
0.011792 -0.046568 -0.295103
0.021033 -0.042648 -0.296252
0.011355 -0.031699 -0.001451
-0.031424 -0.018401 -0.361752
-0.018404 0.026279 -0.347437
0.03324 -0.021039 0.000912
-0.026414 0.036655 -0.00862
-0.029841 0.040096 0.001951
-0.002858 0.031142 0.004356
0.017671 0.036411 -0.330032
-0.011595 0.021675 -0.028047
-0.0412 -0.00029 -0.3624
-0.050353 -0.031057 -0.073083
0.030134 0.008957 0.008745
-0.001647 0.035057 -0.026917
-0.024749 0.022694 -0.00319
0.015 0.04 0.02598
-0.019038 0.008956 0.008739
0.036725 -0.017211 -0.004707
-0.026159 -0.039178 -0.014211
0.00985 0.040339 -0.028272
-0.011479 0.038709 -0.211326
0.025816 -0.019346 0.00329
-0.039729 -0.040888 -0.287112
0.028155 -0.037917 -0.346325
-0.004265 -0.040169 -0.029655
0.040435 0.011344 -0.026093
-0.02855 0.028467 -0.318918
-0.032749 -0.027344 -0.31998
0.024148 0.029014 -0.007693
-0.008808 0.046435 -0.018916
0.029845 0.043346 -0.051039
-0.019509 0.045025 0.015375
-0.013964 -0.012046 -0.059506
-0.002658 -0.03624 -0.02707
-0.022787 0.015542 -0.269447
0.028104 -0.027838 -0.05838
0.007117 -0.042183 0.028199
-0.0198 0.008126 -0.296883
-0.002914 0.04 -0.029814
-0.032284 0.0 -0.032284
-0.016586 0.013279 -0.065121
-0.011781 -0.009887 -0.009497
0.006756 -0.035049 0.023994
-0.01409 -0.0486 -0.31045
0.02987 0.0072 -0.0692
-0.00316 -0.03548 -0.02567
-0.012038 -0.03882 0.027133
-0.00672 -0.043273 -0.027085
-0.023781 0.02699 -0.004654
0.017633 -0.042853 -0.022245
0.032792 0.008311 -0.066954
0.037251 0.027319 -0.020317
0.026009 0.044427 0.002937
-0.006756 -0.04495 -0.023994
-0.02078 -0.012884 0.007656
-0.007413 -0.032378 0.01403
0.005714 -0.048791 -0.002907
0.03407 -0.0366 -0.03825
-0.005766 -0.043441 -0.02707
-0.016389 0.037924 -0.024029
0.00901 0.041338 0.028251
0.018383 -0.044674 -0.017835
0.0332 -0.033312 -0.047059
0.026588 0.018948 0.004219
0.014619 -0.045398 -0.018959
-0.025057 -0.00426 -0.064197
-0.038313 0.025405 -0.346408
0.020421 -0.042592 -0.020091
-0.015 -0.0199 -0.0018
0.03116 0.0029 0.0092
0.020935 -0.017683 -0.053784
-0.044576 -0.01232 -0.313634
-0.048692 -0.008893 -0.319995
-0.001626 -0.042998 -0.028211
-0.008738 0.037824 -0.027741
-0.012297 0.045057 -0.283572
-0.014302 0.02309 -0.355595
-0.015882 -0.02175 -0.279117
0.02114 0.025 -0.36002
-0.023881 -0.036622 -0.033907
-0.039402 0.046843 -0.063043
-0.00271 0.042934 0.028208
-0.017879 -0.038644 -0.025936
-0.019926 0.050087 -0.046606
-0.020399 0.035715 -0.016699
-0.01735 0.0527 -0.03412
0.035516 0.004257 0.003253
-0.0182 -0.0029 -0.0692
0.003261 0.01148 -0.011973
0.028608 -0.041925 0.005888
0.030172 0.000729 0.009717
-0.014493 0.021721 -0.055224
-0.023354 -0.023257 -0.000404
0.006827 0.00699 -0.297881
-0.030303 0.036708 -0.197527
-0.026465 -0.020826 -0.007768
-0.032175 -0.001045 -0.074654
-0.02102 -0.04636 -0.002903
-0.031562 -0.038622 -0.233978
-0.061321 0.022762 -0.080069
-0.0 0.048136 -0.012706
0.002858 0.031142 -0.004356
-0.010857 -0.037307 -0.02643
-0.028148 0.012934 -0.268732
0.002495 0.054175 -0.037217
0.032355 -0.012896 -0.0661
-0.0086 0.02745 -0.32002
0.028813 0.038085 -0.004454
0.008409 -0.031565 0.005808
0.01865 -0.040673 0.023263
0.025462 -0.034516 -0.268936
-0.012972 0.04302 -0.018607
0.0112 0.03187 0.0058
0.005766 0.036559 0.02707
0.031756 0.003639 -0.068719
-0.044431 0.013807 -0.340137
-0.0097 -0.04765 -0.129973
-0.024344 0.020467 -0.000444
-0.01278 -0.035368 -0.022186
-0.065039 -0.008255 -0.147779
0.005186 0.045115 0.024025
-0.015262 -0.002132 0.005126
0.018626 0.007068 -0.011202
-0.009818 -0.0344 0.021237
-0.014155 -0.03789 -0.313614
-0.014267 -0.032097 -0.022152
0.029463 -0.011312 -0.068257
-0.014118 0.004256 0.002009
0.01331 -0.032254 -0.007219
0.001356 -0.039821 -0.02988
0.004163 -0.039652 -0.029649
-0.02 0.035215 -0.048838
-0.013457 -0.009994 -0.361657
-0.027591 -0.037289 -0.007278
-0.028813 0.038085 0.004454
-0.025036 -0.015562 0.000779
-0.014267 0.032097 -0.037848
0.011771 -0.037702 0.026457
-0.005835 -0.040096 -0.029331
0.027552 0.042688 -0.007251
0.0117 -0.03649 -0.0249
-0.006789 0.046656 -0.01894
0.025385 0.037266 -0.022126
0.023088 0.029311 -0.330023
-0.016612 0.019591 -0.062105
-0.008574 0.045092 0.023112
-0.023432 0.0 0.007536
0.032532 -0.00956 -0.066942
-0.026117 0.001343 -0.261574
-0.013585 -0.033736 0.016646
-0.023627 -0.029678 -0.328831
0.00999 -0.041605 -0.027744
0.025556 0.016963 0.004316
0.002032 -0.04532 -0.024024
0.026821 0.039066 0.012865
0.004762 -0.047815 0.014036
-0.013628 -0.032188 0.005812
-0.010465 -0.007287 -0.039691
0.0011 -0.042175 0.029062
0.012852 0.032637 -0.011422
0.000553 -0.040425 -0.029866
0.03323 0.0058 0.0069
-0.042538 -0.007621 -0.283301
-0.028871 0.018759 -0.362599
0.035547 -0.004023 -0.172565
0.02083 0.027879 -0.346369
-0.01805 0.0 -0.0692
-0.022838 -0.034129 -0.001455
-0.055704 0.03137 -0.283271
-0.01324 0.026981 -0.298923
0.031235 0.031034 -0.089337
-0.0 -0.03169 -0.0114
-0.046084 0.009766 -0.341531
-0.051888 0.032272 -0.287451
-0.010022 0.026913 -0.335346
0.032741 0.029609 -0.053751
0.023104 -0.034417 -0.024141
-0.00194 -0.04328 0.014745
0.040477 -0.0 -0.018444
0.013772 0.039489 0.026481
-0.014769 0.024485 -0.053793
-0.031649 0.021246 -0.28551
-0.022396 -0.016182 0.005214
0.002383 0.046933 0.018941
-0.027938 -0.041772 0.008793
0.013229 -0.040097 -0.026819
-0.0204 -0.035713 -0.016702
-0.022816 0.003644 0.008169
-0.024068 0.028992 -0.05229
0.004062 -0.034421 0.023115
-0.029143 -0.038982 -0.005873
-0.009188 0.023124 -0.35034
-0.048097 0.005644 -0.303149
0.02969 0.0183 -0.25252
-0.024858 -0.022421 -0.003202
0.014405 -0.018443 -0.297577
-0.04425 0.03719 -0.162699
0.040084 -0.007292 -0.016544
-0.025691 0.014333 -0.059525
-0.015076 -0.006384 0.004184
-0.027202 -0.031876 -0.035558
0.02923 0.017828 -0.23515
0.002813 0.040177 0.029812
0.011809 0.038515 0.02707
-0.013716 -0.04338 0.024081
-0.019011 -0.000729 0.009707
0.020645 -0.034723 0.012763
-0.019056 -0.034849 -0.010973
-0.027938 -0.038228 -0.008793
-0.019416 -0.021855 -0.063334
0.014434 -0.037635 0.024967
-0.015355 0.004262 -0.065136
0.004923 0.009937 -0.346099
0.036136 0.009371 -0.11298
0.012486 0.035278 0.022191
0.019384 -0.038672 -0.022338
-0.012541 -0.043802 0.024004
-0.01812 0.046814 0.00722
0.0106 -0.04768 0.0114
-0.013535 0.021755 -0.039895
-0.00213 0.041149 -0.029623
0.018441 -0.016077 -0.360083
0.04077 -0.007665 -0.03
0.0228 -0.037801 0.017913
0.005256 0.043025 -0.02773
-0.01465 0.029413 -0.012883
0.039211 -0.017598 -0.041578
-0.022845 0.035733 -0.016408
-0.006081 0.033936 -0.021228
0.031345 -0.008615 -0.068206
-0.015308 -0.049605 -0.04105
-0.042208 0.017582 -0.301695
-0.012852 0.047363 0.011422
-0.00361 -0.034762 -0.024034
-0.022518 -0.013735 0.006107
-0.013059 0.021845 -0.011209
0.037462 0.027975 -0.026097
-0.028315 -0.042754 -0.002899
-0.015 0.04 -0.02598
0.005463 -0.031685 0.010023
-0.025469 0.017645 -0.058237
-0.013927 0.001366 -0.261615
-0.006724 -0.040853 -0.029068
-0.031797 -0.026071 -0.338918
-0.01541 0.054099 -0.069126
0.014752 0.041013 -0.02578
0.018745 -0.047008 -0.001458
-0.00514 0.0382 -0.21795
0.022748 0.042254 -0.017887
-0.029626 -0.040128 -0.003898
-0.010337 -0.003532 -0.039688
-0.014461 0.009082 -0.06197
0.005835 -0.013183 -0.335939
-0.056397 0.017849 -0.184868
0.031987 -0.023375 0.000797
0.022149 0.027955 -0.201758
0.03123 0.010962 -0.225409
-0.004298 -0.048588 -0.346255
-0.023274 0.003638 -0.067566
0.03506 0.029023 -0.048921
0.030347 0.03842 -0.020198
0.03155 0.0205 -0.0632
0.034636 -0.035185 -0.053209
-0.025536 -0.049374 -0.115227
-0.007609 0.02693 -0.324328
-0.00717 0.035918 0.025668
-0.024468 0.05356 -0.064111
-0.012872 0.027999 -0.305808
0.017468 -0.040672 0.024142
-0.009933 -0.03514 0.023132
-0.026454 0.007536 -0.059494
0.010643 -0.049523 -0.030233
0.033638 -0.000325 -0.202779
0.031672 0.016565 -0.065243
0.026895 -0.000697 -0.360069
0.035027 -0.021755 0.023404
-0.00411 -0.042153 -0.17933
0.02703 -0.021 -0.063321
-0.010809 0.045639 -0.158131
-0.026408 0.028857 -0.313613
-0.026125 0.002883 -0.261803
-0.040458 -0.020396 -0.3369
-0.011217 0.018282 -0.024139
0.02409 -0.034893 -0.005843
0.005808 -0.04429 -0.025631
-0.010084 -0.026036 -0.297086
-0.006676 0.036256 0.026388
0.013684 0.047897 -0.004363
0.029629 0.04 0.004361
-0.028284 -0.042732 0.002968
-0.027231 0.028833 -0.32002
0.00361 0.034762 -0.024033
-0.050984 -0.035229 -0.080941
0.037151 0.026926 -0.018439
0.00638 -0.0471 -0.3241
-0.01197 -0.020953 -0.018418
-0.01331 0.032254 -0.007219
-0.019384 0.038672 -0.022338
0.000641 0.016606 -0.347224
-0.008513 0.048599 0.001452
-0.047258 0.011025 -0.061022
-0.008219 -0.021755 0.04132
-0.025188 -0.028996 -0.306507
0.00124 0.015404 -0.291801
0.028498 0.042747 1e-06
-0.01774 0.007531 -0.068192
-0.01617 0.0 -0.0669
0.00055 0.037798 0.029056
0.00901 0.038662 -0.028251
0.020333 0.035407 -0.259273
-0.000936 -0.051904 -0.071325
-0.020001 -0.032066 -0.006207
-0.036348 0.04325 -0.286184
-0.02077 -0.027826 -0.058378
0.031987 0.023374 0.000796
0.026771 -0.043371 -0.007213
-0.0 -0.03111 0.004351
0.035525 -0.021174 -0.100769
-0.014723 -0.020815 -0.003282
0.017305 0.033555 0.011422
-0.006756 -0.035049 0.023994
-0.039313 -0.001694 -0.274104
-0.027467 -0.036533 0.002908
0.031487 -0.037743 -0.020126
-0.02763 0.024557 -0.037811
-0.022647 0.016288 -0.029032
0.026415 -0.043346 -0.00862
0.030225 -0.030886 -0.107533
0.038517 0.020391 -0.016532
-0.0195 -0.03415 -0.0114
-0.000553 -0.040425 -0.029866
-0.03718 -0.0437 -0.28669
0.013244 -0.041213 -0.303351
-0.021104 0.045377 0.011452
0.018872 0.010243 -0.011212
-0.01113 -0.04145 -0.03881
0.035881 0.005465 -0.313638
-0.010433 -0.0 -0.018446
-0.021065 0.037863 -0.018232
-0.014207 -0.042667 -0.307675
-0.001626 0.037002 -0.028211
-0.020393 -0.003615 -0.069737
-0.022602 -0.04302 -0.001929
0.0081 -0.04585 0.0212
0.013229 -0.040097 0.026819
0.039074 -0.021696 -0.031955
0.03158 0.0012 -0.27664
-0.002807 -0.04885 -0.004358
-0.01185 0.028472 -0.314613
0.037972 0.0 0.025377
-0.025682 -0.042532 -0.012809
0.018165 0.01059 -0.043447
0.021862 -0.03332 -0.249267
0.015668 0.035272 -0.020071
-0.012897 0.034219 0.01897
-0.02922 0.0153 -0.03
0.034625 0.002905 0.00516
-0.018711 0.053539 -0.052982
0.003742 0.042392 -0.028654
-0.02795 -0.009532 -0.007778
-0.027772 -0.024941 -0.031957
0.006437 -0.046679 0.018942
-0.021312 -0.042715 0.018954
0.01388 -0.032016 0.0
-0.050093 -0.034458 -0.075459
0.007125 0.036811 -0.027088
0.003748 -0.041665 0.00649
0.023588 -0.029378 -0.346331
-0.017834 -0.038659 -0.033844
-0.015034 -0.014951 -0.371271
-0.045275 -0.021878 -0.329982
-0.013443 -0.019653 -0.363702
-0.008104 -0.005794 -0.361973
-0.018915 0.028855 -0.334039
-0.015756 0.029895 -0.050593
0.012388 0.042678 -0.025723
-0.031223 -0.028009 -0.322132
-0.029533 0.007287 -0.039691
-0.011499 0.019941 -0.279207
0.00823 -0.010284 -0.319993
-0.02 -0.0399 -0.03
-0.030324 -0.020608 -0.281375
0.013629 -0.047814 -0.005812
-0.000514 0.020032 -0.340382
-0.008649 0.004085 -0.374631
0.032558 0.011257 -0.195957
-0.057636 0.014439 -0.267583
-0.025272 -0.014239 -0.060785
0.019745 0.043015 0.011401
0.021505 0.0131 -0.058249
-0.019892 -0.040533 0.02234
0.031812 0.00693 0.008205
-0.018676 0.012407 -0.067583
0.02 -0.00324 -0.3
-0.011163 -0.040348 -0.030656
-0.042926 0.018904 -0.315945
0.01857 0.034374 -0.014014
0.023566 0.005717 0.005146
-0.01978 0.041932 -0.266641
0.002393 -0.050226 -0.313757
-0.023793 -0.045464 -0.293417
-0.044285 -0.017092 -0.329523
-0.013811 0.028054 -0.304548
-0.000224 -0.037312 -0.317544
-0.008077 0.042984 -0.027082
-0.0263 -0.02513 -0.28938
-0.031701 -0.02176 -0.354493
-0.018201 -0.032216 -0.007568
-0.019605 0.005568 0.009542
0.024535 -0.034762 0.001478
0.021046 0.038064 -0.020236
-0.045536 -0.029794 -0.286159
-0.004238 0.044889 -0.279616
0.008713 -0.041483 0.028252
-0.001333 0.013803 -0.357172
0.029001 0.026792 -0.000444
-0.00203 0.046324 0.021229
0.035603 0.030717 -0.016489
-0.033175 0.011386 -0.368437
-0.023767 -0.025572 -0.003192
0.004761 -0.032414 -0.015336
-0.022458 0.020227 -0.276484
-0.02352 -0.0341 -0.0453
-0.038671 -0.014315 -0.282826
0.002658 -0.048699 0.007214
-0.005613 0.031442 0.007217
-0.05497 0.00452 -0.233021
0.024923 0.038321 0.015478
0.029 -0.001962 -0.069887
0.038783 -0.006362 -0.052242
0.029 0.001962 0.009887
0.03673 0.009079 -0.099614
-0.048166 -0.03264 -0.178879
0.032444 0.021865 -0.346391
-0.022739 -0.029352 -0.333395
-0.02056 -0.003188 -0.069729
-0.014622 0.033142 -0.012742
-0.008463 0.031486 0.004359
-0.023025 0.016572 -0.064269
-0.018383 0.035326 0.017835
-0.022838 0.045871 -0.001455
0.028157 0.031402 -0.313668
0.003632 -0.011629 -0.298571
0.002658 0.032098 -0.014028
-0.000405 0.011916 -0.362423
0.038972 -0.016056 -0.073941
-0.005534 0.024755 -0.335341
0.005313 -0.031665 -0.010023
-0.027922 0.012852 -0.371443
-0.021874 -0.022454 0.002141
0.022457 -0.030844 -0.043546
-0.033554 0.023932 -0.342372
-0.002676 -0.041529 0.029413
0.009405 -0.000245 -0.308542
0.007117 0.042183 -0.028199
-0.025641 -0.035687 0.005832
-0.001077 0.044624 0.025655
-0.002656 -0.031724 -0.011416
-0.005312 -0.036041 -0.026346
0.002152 0.036659 -0.027732
0.01374 -0.04328 -0.005691
-0.044328 -0.042089 -0.080787
0.01122 0.0543 -0.01766
-0.001097 -0.042616 -0.028656
-0.005312 -0.043959 0.026346
-0.036673 0.023055 -0.302871
0.032753 0.018155 -0.063316
-0.014297 -0.029666 -0.32108
-0.02063 -0.020413 -0.31358
0.010877 -0.033553 -0.017795
-0.027066 0.028088 -0.031951
0.035965 -0.032746 -0.03
0.0326 0.016582 0.004293
0.004062 0.045579 0.023115
-0.012962 -0.029361 -0.317777
0.004377 -0.03903 -0.360089
0.028333 -0.024844 -0.329979
0.005482 0.054258 -0.032309
-0.012065 0.003587 -0.015923
-0.01218 0.038986 0.02716
0.003234 0.037108 -0.028203
0.015426 0.047105 0.010035
-0.02118 -0.024597 -0.06103
-0.02537 -0.030231 -0.01461
0.019024 -0.044235 -0.291449
-0.017 -0.036233 -0.041616
-0.015445 0.0215 -0.001721
-0.022103 -0.047143 -0.291977
-0.023397 0.045464 -0.158509
0.0 -0.038665 0.029614
-0.030682 0.020155 -0.281806
0.002846 -0.006151 -0.283033
-0.008264 0.031642 -0.007212
0.015139 -0.043964 0.02221
0.016091 0.034 -0.015342
0.022432 0.036227 -0.015405
0.023628 -0.037746 0.016719
-0.025631 -0.04128 -0.188733
-0.027173 0.014526 -0.053744
0.020576 0.043668 -0.290366
-0.012058 0.020372 -0.016544
-0.049875 0.001207 -0.32
0.020154 -0.01947 -0.04882
-0.041911 0.009991 -0.284978
0.028763 0.001809 0.009867
-0.000338 -0.040926 -0.249769
-0.014114 -0.032563 -0.031944
-0.029521 -0.007512 -0.039691
-0.007157 -0.042652 0.027732
0.007712 -0.04302 0.021333
0.013289 -0.037745 -0.025724
0.01863 0.0416 -0.27593
-0.035512 0.011465 -0.365447
0.015076 -0.039488 -0.025776
-0.015321 -0.032786 -0.016492
0.013584 0.045115 -0.288
0.031304 0.000725 -0.069214
-0.013738 -0.047957 -0.002906
0.002809 0.048429 0.010016
-0.01389 -0.029384 -0.327341
-0.016044 -0.032591 -0.005819
-0.020421 0.037408 0.020091
-0.003984 0.04302 0.022332
0.029 0.030843 -0.004681
-0.025047 -0.043468 -0.294537
-0.029144 -0.038981 0.005874
0.013628 -0.047812 0.005812
-0.044697 0.017424 -0.288087
-0.031244 -0.0467 -0.283382
-0.01823 0.04859 -0.04816
-0.012451 -0.039488 0.027141
-0.019196 -0.040921 -0.22481
0.035855 -0.022621 -0.053724
0.002384 -0.039502 -0.029788
-0.021188 -0.033412 -0.059638
-0.014039 0.007341 -0.376538
0.02576 0.0261 -0.0018
-0.025838 -0.035613 -0.004388
0.025783 0.044403 -0.004359
-0.002185 0.037892 0.029061
-0.018927 0.004134 -0.069496
-0.026855 -0.01128 -0.003289
-0.01347 -0.0108 -0.0018
-0.020183 0.007655 -0.069224
0.039835 0.01059 -0.016553
-0.00531 -0.031834 -0.011423
-0.012111 0.014175 -0.369991
-0.015062 -0.034424 -0.024109
0.009368 0.041901 0.027757
-0.025883 -0.032564 -0.028056
0.031227 -0.024031 0.000969
0.00608 -0.041161 -0.0291
-0.01774 -0.016555 0.005222
-0.037972 0.0 0.025377
0.02832 0.005414 -0.069523
-0.008192 0.026271 -0.334454
-0.010585 0.007062 -0.01843
-0.022998 0.036232 -0.041616
0.029 0.03986 -0.03196
0.029221 -0.009574 0.008802
-0.012542 -0.04423 -0.326113
-0.047511 0.022758 -0.08644
0.02616 0.01619 -0.065235
-0.002504 0.023951 -0.315954
-0.020554 -0.030062 -0.314374
0.003081 -0.040947 -0.029619
0.027266 -0.033365 -0.280473
-0.037937 0.041817 -0.156818
-0.030855 -0.042285 -0.258166
0.036584 -0.029566 -0.020277
-0.045339 0.034047 -0.288659
0.008683 0.039073 -0.167061
-0.058109 -0.007071 -0.083287
0.026771 0.036629 -0.007213
-0.0 0.04889 0.004351
0.034038 -0.029927 -0.009384
-0.042729 -0.021135 -0.346375
0.03494 -4e-06 -0.1832
-0.00411 -0.036341 -0.299882
-0.00849 -0.026058 -0.339712
-0.015261 0.034417 0.0178
0.004377 0.032502 -0.299911
-0.0294 0.04 -0.0058
-0.00441 -0.032893 0.017794
-0.021896 -0.006198 -0.068742
0.009016 -0.034806 -0.299829
0.002656 0.031724 -0.011416
0.017736 -0.011263 -0.022189
-0.000553 0.039575 -0.029866
-0.04406 -0.018066 -0.319988
-0.028301 0.038132 0.007348
-0.049913 -0.02319 -0.284658
0.0081 0.03415 0.0212
0.0011 0.038312 -0.029413
-0.006371 -0.024074 -0.015998
0.024911 -0.027384 -0.215196
0.003735 -0.04066 -0.029637
0.029692 -0.016701 -0.066166
-0.00717 -0.035917 -0.025668
-0.029552 -0.028538 -0.325387
-0.0283 0.0 -0.0522
-0.046564 0.025448 -0.085295
0.00203 -0.033981 0.02217
0.024997 0.043155 -0.012726
-0.0191 -0.006778 0.009217
0.012516 -0.036199 -0.024003
-0.003227 0.043272 -0.027724
0.01218 -0.041014 -0.02716
-0.037262 -0.020604 -0.347171
-0.025016 0.028281 -0.360171
-0.00649 -0.041665 -0.003748
0.026013 -0.023375 -0.060797
0.0118 -0.03157 -0.35997
9.2e-05 -0.020115 -0.296319
-0.007117 -0.037817 0.028199
-0.007777 0.040806 -0.02636
0.019675 -0.025021 -0.03
-0.012576 0.039663 0.027159
-0.038362 0.017756 -0.350568
-0.023778 -0.011482 0.005155
0.025385 0.020458 -0.062095
-0.013688 -0.032729 -0.049913
0.004733 0.034845 0.024025
-0.015609 -0.0109 -0.064216
0.021304 -0.008113 -0.05951
0.028563 0.001381 0.009854
-0.0153 0.04189 0.0249
-0.007451 0.038593 -0.243671
0.0063 -0.04459 -0.0249
-0.020971 -0.010851 0.008224
-0.028778 -0.018282 -0.024139
-0.02 0.029553 -0.325827
-0.014159 0.040925 -0.026211
-0.025725 -0.032096 -0.022152
-0.039126 0.045894 -0.067124
-0.021527 -0.009852 -0.06825
0.024108 -0.019452 -0.06086
0.038375 -0.016448 -0.011198
-0.029039 0.026862 -0.302001
0.00494 -0.0403 -0.24984
-0.053969 0.006586 -0.285513
0.018293 0.033207 -0.007223
0.016515 0.043126 -0.099382
0.003609 0.045948 -0.022182
0.008034 -0.041024 -0.028672
-0.017809 -0.029014 -0.336408
-0.038937 -0.02665 -0.287105
-0.022889 0.007332 -0.377655
0.001097 -0.042616 0.028656
-0.028498 0.037253 1e-06
-0.010065 -0.003831 -0.028049
0.028999 -0.017087 0.006095
0.040028 0.015158 -0.033902
-0.019255 -0.004989 0.00952
0.026996 0.015745 -0.06607
0.022155 -0.045676 -0.007236
0.010036 -0.039999 -0.028236
0.009635 0.036202 -0.36019
0.002658 0.031301 0.007214
0.030072 0.006778 0.009218
-0.022228 -0.035311 -0.012809
-0.017478 0.011881 -0.363457
0.027242 0.000726 -0.069505
-0.002696 -0.051759 -0.313598
-0.002694 -0.051783 -0.346328
-0.012574 -0.029006 -0.328394
-0.003785 -0.037153 0.028186
0.009156 -0.046681 0.017761
-0.045415 0.038831 -0.27037
-0.004794 -0.018373 -0.356723
-0.014876 -0.029335 -0.30977
0.029097 -0.038072 0.00151
0.024739 -0.026745 -0.346257
0.040288 0.0 -0.043429
-0.01682 0.0307 -0.0522
-0.024999 0.043158 -0.012727
-0.025555 -0.026263 -0.050566
-0.009875 -0.043533 0.025674
0.019841 0.024571 -0.037816
-0.052736 0.028963 -0.0802
-0.02 0.02915 -0.30842
0.010822 0.039016 -0.027753
0.035953 -0.026743 -0.048832
-0.016844 -0.033653 0.012733
0.029237 -0.001809 -0.069867
-0.04894 0.036026 -0.287976
-0.022556 -0.017775 0.004276
0.03688 0.005498 -0.108774
0.009053 -0.04328 0.011797
-0.019022 -0.012732 0.00765
0.017089 -0.044249 -0.020149
0.034913 -0.01605 0.000797
0.01839 0.014559 -0.041556
-0.06047 -0.0169 -0.08528
-0.025495 -0.030798 -0.043526
-0.0312 0.0055 -0.3742
-0.043469 0.011695 -0.346371
0.030463 0.005928 0.009221
-0.004427 -0.038907 0.029415
-0.027779 -0.046086 -0.056692
-0.0257 -0.014332 -0.000475
-0.017107 0.027301 -0.003254
-0.014476 0.011661 -0.266145
-0.023844 -0.036429 -0.024143
-0.025314 -0.024242 -0.006224
0.009118 -0.050487 -0.059175
0.03593 0.0048 -0.15189
0.008412 -0.048511 0.004356
-0.02539 0.025368 -0.007727
-0.02 0.038231 -0.041606
-0.016789 -0.023596 -0.000414
-0.011156 0.010583 -0.014685
0.012038 0.03882 0.027133
0.030675 0.020378 -0.269658
-0.002383 -0.046933 0.018941
-0.01795 -0.03586 -0.0455
0.014794 0.048614 -0.066942
-0.011307 -0.018202 -0.022189
0.030328 -0.014428 0.006972
-0.003757 0.005033 -0.037713
0.02495 -0.044298 0.008649
-0.039895 0.021755 0.013535
-0.014523 -0.036355 -0.023166
-0.017467 0.046614 0.010023
-0.02 -0.028512 -0.339999
0.02598 -0.04 0.015
-0.01399 0.004434 -0.262226
-0.056037 -0.009291 -0.258524
-0.021143 -0.037837 -0.01833
0.004741 -0.04269 -0.028215
-0.045202 0.013974 -0.335415
0.016254 -0.047574 0.001454
0.013289 0.042255 -0.025724
0.014616 -0.043019 0.017344
-0.012176 0.016435 -0.048787
0.015076 0.040512 -0.025776
-0.025235 -0.024527 -0.353423
-0.016092 -0.020115 -0.296319
-0.009593 0.012598 -0.270012
-0.016103 0.047494 0.004364
-0.024879 0.016816 -0.271787
-0.056576 0.002643 -0.280311
-0.006057 -0.029975 -0.019441
0.023272 -0.027234 -0.007662
-0.018662 0.047845 -0.03593
0.006454 -0.041761 0.02867
-0.010365 0.043848 -0.02494
0.021311 -0.037286 0.018953
0.036341 -0.006964 -0.060776
-0.053552 0.020786 -0.085842
-0.0117 0.0 -0.0078
-0.008114 -0.03174 0.008617
-0.034468 -0.02448 -0.300323
0.020644 -0.045276 -0.012763
-0.002206 0.054674 -0.033905
0.03015 -0.012735 0.007657
-0.046565 -0.001797 -0.347677
0.01103 -0.040663 0.027771
0.026159 -0.039178 0.014211
-0.022036 0.036553 -0.016333
0.027642 0.039402 -0.033909
-0.055669 -0.008911 -0.205115
0.032715 -0.037524 -0.035923
0.036758 0.020836 -0.007755
0.00238 0.032564 -0.016623
-0.005855 -0.040643 -0.302828
-0.008 -0.052141 -0.346157
-0.016967 0.034868 -0.017769
0.009399 -0.04533 -0.022181
-0.002057 0.040643 -0.029774
-0.001834 -0.015598 -0.283793
-0.005697 -0.037494 -0.028233
-0.036476 -0.038008 -0.287528
-0.016026 0.040998 -0.025029
0.02121 0.04 -0.02121
0.027871 -0.024733 -0.251489
-0.024182 -0.03593 0.011464
0.011306 -0.031733 -0.002902
-0.022115 0.034277 -0.007227
0.034946 0.013193 -0.062053
0.029897 0.014739 -0.066999
-0.013819 0.049374 -0.138722
0.039814 -0.010818 -0.016549
-0.023486 0.044962 -0.008694
0.008529 -0.036168 0.025689
0.028335 0.003188 -0.069737
-0.02137 -0.0055 -0.0692
-0.009927 -0.043045 0.026363
0.018548 0.033051 -0.004364
-0.010365 -0.043848 -0.02494
-0.025956 0.035559 -0.002909
0.003785 -0.042847 0.028186
0.026328 0.037462 0.011499
-0.023305 0.041479 -0.346409
0.007209 0.034717 0.023076
0.004729 0.044749 -0.024929
-0.0114 -0.04831 0.0
0.026739 0.001451 -0.069218
0.026476 0.004897 0.008757
-0.050134 -0.024052 -0.238605
-0.008083 -0.041776 -0.028243
-0.032266 0.026931 -0.32533
0.021872 0.027388 -0.047097
-0.05172 0.0218 -0.28752
-0.005935 0.00578 -0.268567
0.029568 -0.000729 -0.069849
0.031757 0.007482 -0.224878
-0.021828 0.020111 -0.330013
0.029 -0.01884 -0.065218
0.035957 -0.032564 -0.02603
0.025682 -0.037468 -0.012809
-0.013119 0.027313 -0.03968
0.015 0.04328 0.0
0.028316 -0.021861 -0.063338
-0.022258 -0.043859 -0.015376
-0.054405 0.010817 -0.231725
-0.030252 0.013666 -0.072171
-0.047005 -0.026308 -0.061322
0.010901 0.052677 -0.044981
-0.046371 0.0239 -0.288189
-0.001331 -0.014314 -0.282827
-0.010875 0.02219 -0.284816
0.038228 -0.003184 -0.004747
-0.013788 0.032061 0.002909
-1e-06 -0.039878 -0.234104
0.004293 -0.017097 -0.329524
-0.036048 0.024805 -0.31371
0.025276 -0.032234 -0.260153
-0.02 0.0111 -0.37541
-0.029785 -0.04 0.002912
0.013738 -0.032043 -0.002906
0.029 -0.038767 -0.039716
-0.04391 -0.040752 -0.074563
0.010491 -0.047966 -0.088618
-0.029626 0.040128 -0.003898
-0.016116 -0.036778 -0.028045
-0.018817 0.003484 -0.069502
-0.024952 0.034371 -0.035854
0.002807 -0.021458 -0.02105
0.038325 0.024792 -0.026091
0.007534 -0.041962 -0.26194
-0.00165 0.041656 0.02941
0.03463 -0.020413 -0.31358
-0.011324 0.023134 -0.286912
0.019841 -0.024571 -0.022184
-0.022129 -0.01247 -0.066965
-0.029953 0.026195 -0.300194
0.023327 0.022716 -0.003166
0.030709 -0.001455 -0.069504
0.0 -0.03253 -0.0166
-0.021883 0.024016 0.000954
-0.00371 -0.032985 -0.363936
-0.013449 -0.036529 0.024066
-0.045461 0.038515 -0.288796
-0.018344 0.029392 -0.311915
0.001728 -0.021242 -0.296724
-0.010152 0.015189 -0.272623
0.028078 -0.031742 -0.053984
-0.007171 -0.01546 -0.361826
-0.011105 -0.006711 -0.047054
0.020898 0.032882 -0.155043
-0.012541 -0.043801 -0.024003
0.019752 -0.035878 0.017884
-0.004809 0.04359 0.027037
0.024493 -0.035737 -0.020306
0.011678 0.050036 -0.064052
0.018713 0.0 -0.009517
-0.01875 0.040526 -0.023283
-0.006412 -0.025325 -0.338009
0.029205 -0.003279 -0.346288
0.000654 -0.040306 -0.198999
-0.0309 -0.0432 -0.15877
-0.025042 0.037531 -0.014121
-0.023502 0.019241 -0.062085
-0.0494 -0.00605 -0.32
-0.002658 -0.047902 0.014028
0.029447 -0.023293 -0.187544
-0.05098 -0.02343 -0.208989
0.009589 -0.047007 -0.308285
-0.0118 -0.043 -0.32778
0.003692 -0.041894 -0.029076
0.004221 0.042309 0.028672
0.005605 0.040333 -0.029424
0.005898 -0.043015 0.022025
0.02944 0.007507 -0.069232
-0.011932 -0.01648 -0.047056
-0.029837 -0.04723 -0.286697
0.038616 0.01454 -0.062988
0.034502 -0.024976 -0.05535
0.027194 -0.017709 0.005258
-0.003748 -0.041665 -0.00649
0.025027 0.023274 -0.059617
-0.038453 0.008668 -0.276304
-0.024061 -0.029893 -0.323281
-0.021135 0.021443 0.003364
-0.026353 -0.046336 -0.045803
0.022484 -0.004257 0.003253
0.037688 -0.01851 -0.050543
0.026244 -0.003639 -0.068719
0.009084 -0.007481 -0.319998
-0.014258 0.014731 -0.363966
-0.022557 0.032553 -0.009316
-0.004993 0.053217 -0.062068
0.028999 0.032065 -0.053793
0.010365 -0.036152 -0.02494
-0.024967 -0.014872 -0.268707
0.015 0.03553 0.0212
0.02387 -0.011464 -0.064245
-0.024841 0.034198 -0.037836
-0.005756 0.049682 -0.127237
-0.041119 -0.01615 -0.287201
-0.025824 0.025474 -0.291742
0.034435 0.017833 0.000751
-0.000111 -0.051117 -0.346279
0.003609 -0.045948 0.022182
0.002735 -0.04207 -0.029048
-0.012119 -0.002702 -0.016003
-0.0 0.046062 -0.022142
-0.020001 -0.034244 -0.009459
-0.042905 0.018921 -0.324791
-0.02 0.035215 -0.011162
-0.010466 -0.003532 -0.041565
-0.02965 0.041021 0.00145
-0.010577 0.0372 -0.026407
0.039532 0.018296 -0.024134
-0.021874 0.022454 -0.06214
0.029097 0.041928 0.00151
-0.004431 0.02267 -0.013545
-0.005882 -0.048796 -0.298002
-0.0043 0.03682 -0.0277
0.004221 0.037691 -0.028672
0.036398 0.013168 -0.094504
-0.023411 0.029395 -0.314816
-0.009392 -0.027437 -0.306554
-0.016911 0.037707 -0.033993
-0.022231 0.054076 -0.07668
-0.014156 0.031372 -0.346385
-0.018504 0.025875 -0.000294
0.020476 0.034676 0.012752
0.025584 -0.014801 -0.29728
-0.006169 -0.017173 -0.279179
-0.023077 -0.036769 -0.039776
-0.01857 0.034374 0.014014
-0.000233 -0.022479 -0.016471
0.005402 -0.046192 -0.337462
-0.02863 -0.017808 -0.020307
0.029 0.0153 0.0069
-0.004567 -0.022614 -0.295109
0.02363 0.042256 -0.01672
-0.019869 -0.021299 -0.058623
0.005931 -0.04627 -0.285975
-0.017832 0.026987 -0.295364
-0.039928 0.00983 -0.280306
0.037744 -0.005412 -0.056764
-0.01647 0.0058 -0.0669
-0.018394 -0.050248 -0.346172
0.01103 0.039336 -0.027772
0.037065 -0.017683 -0.006216
-0.026908 -0.019608 -0.363582
0.014377 0.043101 -0.024093
0.002032 -0.045685 -0.023105
-0.007688 -0.047806 -0.012724
-0.022766 -0.033351 -0.011116
0.032979 -0.010809 0.006082
-0.008969 -0.028026 -0.315677
-0.024897 0.010312 0.003237
-0.025843 0.032512 -0.026038
-0.027911 0.037297 -0.005857
-0.001139 -0.000918 -0.298487
-0.014812 0.028505 -0.306547
-0.029 0.023027 -0.299917
0.025149 0.004363 0.007577
0.003823 -0.01824 -0.324759
0.037417 0.002706 -0.058236
0.015966 -0.035916 -0.182545
-0.02832 0.040097 -0.009605
-0.003724 -0.025786 -0.297747
0.017468 -0.039328 -0.024142
-0.018154 0.002175 0.009212
0.031005 -0.015746 0.006073
-0.010931 0.007059 -0.045321
-0.02791 0.042703 -0.005855
-0.025284 -0.016611 -0.000485
-0.037719 0.018928 -0.349228
0.032786 0.020106 -0.119872
-0.013983 0.045075 -0.294839
-0.005738 -0.012853 -0.362132
-0.028211 -0.009887 -0.050503
-0.025578 -0.03135 -0.041656
0.023254 -0.018873 -0.059486
-0.007455 -0.04892 -0.329519
0.029 -0.0369 -0.0453
0.016254 0.032426 0.001454
-0.028693 -0.014329 -0.043429
0.021917 0.040684 0.020266
-0.005631 0.023078 -0.296055
-0.027032 -0.048699 -0.329962
0.031909 0.009498 0.007568
-0.033832 0.016724 -0.279199
-0.021425 -0.041615 -0.294719
-0.020771 -0.026396 -0.000293
0.0 -0.04328 -0.015
-0.01627 -0.049 -0.12109
-0.004427 -0.038907 -0.029414
-0.010303 -0.042235 -0.027117
-0.015102 0.045419 -0.031299
0.034181 -0.0 -0.066018
-0.031222 -0.028002 -0.317828
0.014745 -0.04328 -0.00194
-0.016355 0.004352 0.006926
0.02796 0.020401 -0.217666
-0.004809 -0.026016 -0.317824
-0.004741 -0.04269 0.028215
0.0008 -0.00609 -0.3616
0.017695 0.044477 0.019006
-0.006691 0.052438 -0.084682
-0.023177 0.024866 -0.288055
-0.02814 -0.021175 -0.0397
-0.067573 0.017274 -0.114624
0.001579 0.035399 -0.025656
-0.021135 -0.021444 0.003365
-0.018121 0.017358 -0.065167
-0.000902 -0.004751 -0.274645
0.036002 0.032614 -0.028053
-0.032022 -0.044744 -0.049318
-0.028395 0.039008 -0.008697
-0.026846 -0.042548 0.010127
0.005916 0.012645 -0.335418
-0.017844 -0.030301 -0.296428
-0.016918 -0.012046 -0.066029
0.002185 -0.037892 0.029061
0.020759 -0.022163 -0.048807
-0.01204 -0.009532 -0.007778
-0.027372 0.045071 -0.157481
-0.038422 -0.020646 -0.343778
0.004058 -0.033774 -0.021239
-0.010611 0.011259 -0.037808
0.011054 -0.048052 0.007203
0.012272 -0.021242 -0.296724
0.009629 0.04302 0.020538
0.02348 -0.037363 -0.296077
-0.013456 0.003467 -0.29834
-0.005697 0.042506 -0.028233
-0.025897 -0.009659 0.000726
0.0106 0.03232 -0.0114
0.00252 0.01533 -0.295883
0.028039 -0.005016 -0.293679
-0.010721 0.011261 -0.039689
0.018335 0.006715 -0.047066
-0.013092 0.019027 -0.363612
0.0246 -0.044168 -0.010074
-0.011002 0.003531 -0.047046
-0.00378 -0.050214 -0.311939
0.035253 -0.029655 -0.01283
0.0 -0.048612 -0.008604
-0.01135 0.007063 -0.048784
0.009153 0.006285 -0.298069
0.017077 -0.0 -0.026098
0.030402 -0.014016 -0.236428
0.008529 0.043832 0.025689
-0.001841 0.025946 -0.363886
0.0176 -0.04528 0.0166
-0.018774 0.005928 -0.069219
0.021159 -0.014016 -0.056767
-0.002711 0.040352 -0.029794
-0.017868 -0.00818 0.008171
0.030768 0.009874 0.00823
-0.002858 -0.031142 -0.004356
-0.030609 -0.027461 -0.333406
-0.003785 -0.042847 -0.028186
0.028432 0.039067 -0.008759
-0.0114 -0.04 0.0277
-0.0114 0.03169 0.0
-0.015787 0.003584 -0.066049
-0.001356 0.03982 0.02988
0.026613 -0.036597 -0.043667
-0.025703 0.029165 -0.31892
0.023054 0.013193 0.002053
-0.0112 -0.04813 0.0058
-0.0204 -0.044288 0.016702
0.001951 0.040096 -0.029841
0.00271 -0.037066 -0.028208
0.017671 -0.042932 -0.329966
-0.028333 -0.017535 -0.043448
-0.005961 0.0 0.045299
-0.025498 0.021721 -0.055225
0.022478 -0.040096 -0.019718
-0.006081 0.046065 0.021228
-0.014597 -0.025369 -0.052274
-0.006437 0.04668 0.018943
-0.00531 -0.048166 0.011423
-0.016092 0.010784 -0.065161
-0.011986 -0.035595 -0.023122
-0.02409 0.045107 0.005843
0.036682 0.000579 -0.139907
-0.049356 -0.001752 -0.331368
0.026398 0.036106 -0.293001
-0.018089 -0.045523 -0.044242
0.026739 -0.001451 0.009218
-0.024173 0.038427 0.016777
0.019039 -0.04575 -0.012709
0.031041 -0.003552 0.009216
0.03896 0.0 -0.0078
-0.028454 -0.02898 -0.317827
-0.029785 0.04 0.002912
-0.030151 -0.027448 -0.299846
-0.01347 0.0261 -0.0147
-0.0195 -0.03757 -0.0212
-0.014738 -0.013604 -0.372606
-0.036976 -0.003275 -0.270836
0.018751 -0.003183 -0.009486
-0.060446 -0.025451 -0.097356
0.005678 0.036544 -0.299908
-0.046973 -0.010427 -0.303728
-0.025945 0.012524 -0.000496
0.02054 0.0282 -0.03
0.036463 -0.005416 0.000785
-0.061177 -0.025535 -0.122758
0.030971 -0.021001 -0.063323
0.019494 0.04119 0.022372
-0.0173 -0.0108 0.0069
0.008268 -0.046935 -0.318099
-0.015757 -0.029894 -0.009407
0.0124 -0.0414 -0.31338
-0.009927 0.043045 0.026363
-0.016562 0.015354 0.004228
0.016389 -0.037924 -0.024028
0.021211 0.030296 -0.02606
0.035213 -0.017091 -0.000469
0.00168 -0.048731 -0.320343
0.034153 0.029554 -0.078984
0.0 0.04747 -0.0166
-0.024175 -0.038425 0.016778
-0.055024 -0.001798 -0.239068
-0.019015 -0.035172 -0.016666
-0.030399 -0.043363 -0.290841
-0.007868 -0.051484 -0.039404
-0.01487 0.0085 0.0032
0.03964 0.007067 -0.047066
0.024358 0.036787 -0.031955
-0.004109 0.029863 -0.299938
0.019126 -0.021408 -0.037823
0.027065 -0.02332 -0.293195
-0.024745 0.014503 -0.06202
0.031866 0.018153 -0.06429
0.002807 0.031315 -0.007212
-0.004729 0.044749 0.024929
0.0358 0.0367 -0.04325
-0.047129 -0.011851 -0.309342
0.017454 0.04223 0.023122
0.006933 0.040515 -0.029098
-0.016637 0.002175 0.007571
-0.015639 0.029384 -0.32002
-0.011546 0.028474 -0.322224
-0.000209 -0.037266 -0.320136
-0.026855 -0.01128 -0.056711
0.026771 -0.017363 -0.065178
0.0106 0.04129 -0.0277
-0.012804 0.02313 -0.014677
0.013289 0.037746 0.025724
-0.024806 0.027207 -0.052317
-0.022894 0.006995 -0.06758
0.026277 0.009932 -0.067595
-0.022025 -0.043015 0.005898
0.005832 -0.04182 -0.339242
0.031041 -0.003552 -0.069217
-0.011355 0.048301 0.001451
0.031506 -0.03715 -0.041647
0.029656 -0.007355 -0.069224
0.00553 -0.033355 -0.295875
0.024453 -0.045214 -0.002954
0.012691 -0.010751 -0.36276
-0.018807 0.038199 -0.21165
-0.014318 0.036261 -0.023146
0.009018 -0.044139 -0.024953
0.012037 -0.044408 -0.023124
0.031533 0.008181 0.008182
0.03191 -0.001461 0.008743
0.02539 -0.037555 -0.035944
-0.014382 -0.014811 -0.000475
0.025021 -0.010809 -0.066082
-0.023698 0.028865 -0.332138
0.038288 0.019466 -0.061753
0.0 -0.047938 0.014008
-0.02802 -0.020953 -0.041582
0.02677 0.017363 -0.065178
0.02735 -0.0055 -0.0692
0.029108 -0.02728 -0.277115
0.0 -0.036135 0.027032
-0.045943 -0.035292 -0.248668
-0.024325 -0.051496 -0.075884
-0.017212 -0.015977 -0.269426
-0.040076 0.021115 -0.307852
-0.016 -0.006484 0.006013
-0.007536 0.02693 -0.316861
-0.053755 0.035805 -0.279293
-0.009155 -0.043064 -0.337836
-0.055113 0.010499 -0.209415
0.009478 -0.044516 0.024051
0.03386 -0.013 -0.18582
0.006488 -0.008883 -0.298164
-0.0 -0.044643 0.025628
0.007 -0.00324 -0.3
0.021527 -0.010234 -0.059474
0.000559 0.021172 -0.311898
0.003108 0.051484 -0.067031
-0.0 -0.046681 -0.020061
0.0208 -0.03376 0.0058
-0.033836 -0.017181 -0.279175
-0.00985 -0.040339 -0.028272
0.0271 -0.04336 -0.0058
0.018208 0.003534 -0.012946
0.006411 -0.025895 -0.363115
-0.050948 -0.035065 -0.280292
0.0209 0.040679 -0.021343
0.012997 -0.038351 -0.026391
0.029137 -0.00628 -0.313639
0.011682 -0.045829 -0.105942
0.026487 0.038686 -0.02595
0.030741 -0.024393 -0.060968
0.00999 0.041605 0.027744
-0.024865 -0.040096 0.01661
-0.013072 0.005407 -0.058237
0.037555 0.008112 -0.003248
-0.01886 0.021444 -0.063365
-0.035603 -0.019716 -0.078403
-0.011426 -0.0 -0.009519
-0.009327 -0.038829 -0.028216
-0.019521 -0.000731 -0.069844
-0.002858 0.048858 -0.004356
-0.050629 0.023253 -0.287783
-0.000405 0.01197 -0.2976
0.020405 -0.01176 -0.00478
0.008832 -0.022152 -0.362926
0.002736 -0.037931 -0.029047
-0.024822 0.026867 -0.296445
0.028543 0.016828 0.006193
-0.023331 0.010803 0.006063
-0.018921 0.027527 -0.297606
0.021096 -0.005414 -0.059525
0.017634 0.011343 -0.024138
-0.029563 0.011484 -0.03
-0.022505 0.0 0.008702
-0.003461 0.007236 -0.367667
-0.052856 0.03589 -0.276971
-0.033778 -0.018452 -0.299859
0.0204 -0.035713 0.016702
-0.029844 -0.003833 -0.035856
-0.021636 -0.029386 -0.333799
0.01849 0.042348 -0.022177
-0.007251 0.026844 -0.32002
0.002225 0.045025 -0.346377
0.013185 -0.043309 -0.306669
0.031543 0.022884 -0.120083
-0.058323 -0.02916 -0.096669
0.001076 0.044254 -0.026368
-0.006939 -0.040516 0.029116
-0.018917 0.035712 -0.012761
0.033114 -0.010252 -0.066082
-0.052492 -0.026268 -0.280779
0.024975 -0.007058 -0.066938
-0.010175 0.045913 0.0201
-0.018408 -0.025329 -0.352579
-0.017372 -0.024748 -0.05951
0.0081 0.03757 0.0277
0.026015 0.030315 -0.131571
-0.045977 0.005638 -0.347338
0.022049 0.035246 0.012786
-0.007881 -0.03688 -0.026396
0.03086 -0.010922 -0.282691
0.025259 0.029609 -0.006249
-0.037712 -0.022622 -0.338029
-0.012665 -0.042562 0.025738
-0.017541 0.020157 -0.363551
-0.019966 0.048755 -0.143138
-0.022853 -0.035036 -0.045427
-0.021736 0.036369 0.016679
-0.025688 0.021802 -0.033474
-0.0022 0.03838 -0.0294
-0.02109 0.036526 -0.045469
-0.024998 0.034571 -0.033904
-0.0277 -0.03658 -0.0
-0.02 0.02743 -0.34282
0.034729 0.027234 -0.007662
-0.030613 -0.044532 -0.290463
-0.02679 -0.026919 -0.041558
0.019804 -0.04068 0.022335
-0.0412 -0.02145 -0.31998
0.003227 0.036728 0.027725
0.009065 -0.004698 -0.308731
0.02791 -0.032832 -0.052396
-0.02 0.0078 0.0092
-0.015248 0.032884 -0.010031
0.024528 0.025595 -0.056833
0.00955 -0.038093 -0.238726
-0.010885 0.021663 0.040646
-0.004741 0.03731 0.028215
-0.048583 -0.036908 -0.259097
0.022431 -0.037144 -0.298281
-0.020914 0.033686 -0.004352
0.001727 -0.021294 -0.363243
0.006447 0.002711 -0.347583
-0.004221 0.042309 -0.028672
-0.026821 -0.039066 0.012865
-0.014117 -0.035718 0.022152
-0.001076 -0.03661 -0.027723
0.017344 0.043019 0.014616
-0.047684 0.028149 -0.191064
-0.024287 -0.011455 -0.064219
-0.01795 0.03586 -0.0145
0.020609 -0.037017 -0.136824
-0.008831 -0.027419 -0.299877
0.024279 -0.034822 0.0044
0.01282 -0.04031 -0.149055
-0.003158 -0.034362 0.023114
-0.001076 -0.044254 -0.026368
-0.024233 0.029894 -0.009407
0.004161 -0.013628 -0.015361
-0.028747 -0.028006 -0.305672
0.027902 -0.03487 -0.049028
0.02231 -0.03196 -0.346362
0.028999 0.017087 -0.066095
-0.038168 -0.015599 -0.283792
0.028524 -0.018592 -0.065325
-0.022116 0.004943 -0.068734
0.026751 0.001896 -0.360093
0.006368 -0.047239 -0.318261
-0.014669 0.026167 -0.345956
-0.002711 0.039648 0.029794
0.022484 0.004257 -0.063253
0.016389 -0.042076 0.024029
0.00853 -0.047011 -0.294267
-0.032879 0.022154 -0.289933
0.036092 -0.015386 -0.05827
0.033235 -0.025867 -0.313661
0.002606 -0.038951 0.029624
0.030927 -0.028607 -0.056964
-0.011054 0.031948 -0.007203
0.02813 0.0072 -0.0692
0.002329 -0.045096 -0.136812
0.023884 0.002134 0.006061
-0.006273 -0.043904 -0.265031
0.025688 -0.04 -0.015349
0.032575 -0.0 -0.068157
-0.0204 0.035712 0.016702
0.007959 0.032034 -0.011417
-0.019039 -0.034249 -0.01271
-0.028141 0.011448 -0.372673
-0.0271 -0.04336 -0.0058
0.033078 -0.000723 -0.067571
0.005504 0.040498 -0.029418
-0.012852 0.047363 -0.011422
-0.023832 -0.007741 0.006048
-0.011986 0.044405 -0.023122
-0.010961 0.0 -0.04703
0.007656 -0.045582 -0.022143
-0.023669 -0.012035 -0.06515
-0.057713 0.005616 -0.268703
-0.02582 -0.026713 -0.011188
-0.012411 0.019797 -0.047068
0.004264 -0.040169 -0.029654
-0.022816 -0.003644 -0.068169
-0.032662 0.014196 -0.274143
-0.02969 -0.0456 -0.29112
-0.011206 -0.003181 -0.048776
-0.016127 -0.021309 -0.053764
-0.03076 0.023167 -0.289703
0.016212 -0.036232 -0.17598
0.011548 -0.033384 0.016631
0.030684 0.019054 -0.282627
0.001029 -0.039675 -0.029868
0.008463 0.048514 0.004359
-0.017716 0.00993 0.007582
0.018699 0.047028 -0.001453
0.0059 -0.0474 -0.30773
0.032012 -0.03153 -0.052359
-0.02 0.028002 -0.300001
-0.027001 -0.027838 -0.024148
-0.024994 -0.044232 0.008673
-0.004347 0.019913 -0.28883
0.038841 0.002736 -0.330006
-0.018451 0.019435 -0.064328
-0.017098 -0.006995 -0.06758
-0.011325 -0.023644 -0.353088
-0.007387 -0.022696 -0.350584
-0.053689 0.030834 -0.286022
-0.036264 0.021097 -0.346469
0.030729 -0.007709 -0.068764
0.002077 -0.048493 -0.324959
0.037594 0.01176 -0.00478
-0.006167 -0.043027 -0.299844
0.026846 0.037452 -0.010127
0.02971 0.025006 -0.060995
0.001926 0.037355 -0.210448
-0.013161 -0.047642 -0.008621
-0.052821 -0.033372 -0.082931
0.037918 -0.016031 -0.084288
0.004734 0.044395 0.025657
0.029365 -0.019048 -0.222234
0.031419 -0.025416 -0.000325
0.02878 0.007655 0.009224
-0.026518 0.03047 -0.03
0.021171 -0.01546 -0.361826
0.028785 0.01372 -0.293675
0.031547 0.003297 -0.237083
-0.005711 -0.031176 0.0
-0.016235 -0.035725 -0.03969
-0.038857 -0.00619 -0.274925
-0.037384 -0.021663 -0.296917
0.028779 -0.009574 -0.068802
-0.016828 -0.005088 -0.067544
-0.065969 -0.008771 -0.099932
-0.035793 -0.017086 -0.281937
0.008537 -0.007619 -0.309032
0.014745 0.04328 0.00194
-0.036586 -0.037735 -0.195313
-0.012965 -0.042612 -0.307695
-0.00158 0.045705 0.023101
0.011577 0.034705 -0.021255
0.002159 0.042969 0.028214
-0.017305 -0.046445 -0.011422
0.01449 -0.04328 0.00388
-0.027693 -0.003182 -0.055238
0.019557 0.031861 -0.176431
-0.017904 -0.019649 -0.365508
-0.03791 -0.023531 -0.308704
-0.015679 -0.041461 -0.024991
0.02807 -0.016541 -0.066218
-0.050941 0.021747 -0.228948
0.033078 0.000723 0.007571
0.023859 0.001453 -0.066054
0.036728 0.030165 -0.035894
0.023037 -0.044956 0.010066
-0.016389 0.037924 0.024029
-0.02 -0.02966 -0.33158
-0.011811 -0.02451 -0.350961
-0.001653 0.038757 0.029614
-0.05473 -0.0164 -0.19763
-0.021584 0.029555 -0.315265
0.012691 0.004174 -0.362775
0.028252 0.038086 0.007284
-0.0017 -0.041777 -0.339439
-0.007426 -0.03831 -0.030393
-0.003077 -0.050173 -0.315617
-0.035522 -0.012067 -0.365434
-0.0 0.031528 0.010003
-0.019549 -0.044223 -0.017863
-0.004756 0.045211 -0.282072
-0.049468 -0.010066 -0.089017
-0.00202 0.048897 -0.126253
0.007664 -0.001701 -0.297276
-0.000797 -0.017047 -0.288749
0.008035 -0.041025 0.028675
0.028432 -0.000729 0.009849
-0.054711 -0.035917 -0.10608
-0.029767 -0.007663 -0.033907
-0.016089 0.018005 0.002053
0.0 0.043865 0.027032
0.0106 0.04768 -0.0114
-0.026093 -0.044446 -0.001456
-0.007229 -0.040002 -0.029078
0.019549 -0.006365 -0.053758
-0.025698 -0.023661 -0.355554
-0.018189 -0.040128 0.023704
-0.023771 0.017681 -0.297006
-0.028032 0.0 -0.006291
-0.013465 -0.042345 -0.299845
-0.016095 0.044069 0.021267
-0.042751 0.030282 -0.234777
-0.023722 0.048749 -0.055552
0.001933 0.045219 -0.282504
-0.021216 -0.005928 0.009219
-0.002658 -0.043759 0.02707
-0.002152 0.043343 0.027733
0.019384 -0.016793 -0.047065
-0.021104 -0.045377 -0.011452
0.012644 -0.04366 -0.334025
-0.025731 -0.037492 -0.012834
0.0208 0.04624 0.0058
-0.022949 0.009558 -0.066935
-0.018709 -0.042873 -0.177278
-0.023025 0.005855 -0.261688
-0.041822 -0.031621 -0.286975
-0.00158 -0.045705 -0.023101
0.015227 0.018879 -0.299911
-0.002154 -0.043799 -0.027071
-0.025596 0.014811 -0.000476
0.001578 0.044947 -0.02493
-0.003234 0.042892 -0.028203
-0.037829 0.041258 -0.272564
-0.014124 -0.045712 -0.316073
0.012576 -0.039663 0.027159
0.024619 -0.039182 0.016748
-0.022792 -0.012061 -0.374772
0.025493 0.001459 0.008191
-0.026226 -0.005412 -0.060763
-0.030103 -0.046266 -0.290686
0.007712 0.04302 -0.021333
-0.020629 0.013888 -0.346415
0.013737 -0.032118 0.00436
0.0 -0.04306 -0.028181
0.023765 -0.039184 -0.017949
-0.013584 0.046262 -0.016646
-0.004414 0.023922 -0.336256
0.023335 0.002134 0.005149
-0.00795 -0.027419 -0.327442
-0.032957 -0.041657 -0.167983
0.026414 0.043345 -0.00862
0.001683 -0.048913 -0.314009
0.024223 0.045185 -0.004372
-0.013297 0.035082 0.021241
0.002818 0.003448 -0.361127
0.000552 -0.040874 -0.029772
0.022523 0.036567 -0.267249
0.022674 -0.044799 0.011482
0.031256 0.0062 -0.068753
0.029237 -0.001809 0.009867
0.01899 0.04 -0.023162
-0.025078 0.029167 -0.314669
-0.031894 -0.043899 -0.267941
0.012628 0.036828 0.024959
-0.011204 0.033604 0.017793
-0.012856 0.035365 0.022188
-0.013821 -0.028601 -0.043484
0.018444 0.041031 0.023316
0.013484 0.032263 -0.007216
-0.012552 0.004527 -0.299944
-0.021346 -0.010275 -0.068233
0.017788 0.030761 -0.217154
-0.026214 0.02036 -0.006252
-0.002946 -0.001831 -0.369346
-0.009593 -0.013108 -0.369988
-0.0277 0.04342 0.0
0.026066 0.030442 -0.006082
-0.029097 0.041928 -0.00151
-0.009908 0.051556 -0.114319
0.017287 -0.003759 -0.037811
-0.02216 -0.038658 -0.026157
-0.042834 -0.018228 -0.305701
-0.005711 0.048824 0.0
0.012852 0.047363 -0.011422
0.02054 -0.0282 -0.03
-0.017206 0.01156 -0.265219
0.031391 0.005594 0.008745
-0.005704 0.040167 -0.029417
-0.011548 0.046616 -0.016631
-0.024061 0.029386 -0.316719
0.007137 0.039833 -0.029109
0.005313 -0.047989 -0.012731
0.010689 0.03529 -0.023136
-0.001738 -0.031148 -0.026952
-0.0173 -0.0261 -0.0018
-0.009156 -0.046681 -0.017761
0.022379 -0.041868 -0.291793
-0.023404 0.021755 -0.035027
-0.020202 -0.001809 0.009864
-0.028224 -0.04 -0.010032
-0.018341 -0.020992 0.003315
-0.023086 -0.035106 -0.01009
-0.005534 -0.025258 -0.304659
-0.00646 -0.040988 -0.305448
-0.016324 0.035052 0.018926
-0.011829 -0.033141 0.015339
0.029331 -0.035703 -0.313684
0.024288 -0.021725 -0.00038
-0.022652 -0.0458 0.004384
0.0212 0.04 0.0212
-0.008187 0.038713 -0.211098
-0.008648 -0.028923 -0.018951
-0.067 0.0007 -0.141135
-0.0212 0.04 0.0212
-0.042662 0.01533 -0.296307
-0.033848 0.008726 -0.269991
-0.010639 0.044707 -0.023134
0.027727 -0.004134 0.009504
-0.001076 0.035746 -0.026368
-0.0083 0.02463 -0.34342
-0.054331 -0.009382 -0.237328
-0.0119 -0.02149 -0.35898
0.013585 0.045247 -0.020105
-0.011355 -0.031699 -0.001451
-0.015268 -0.042284 -0.189061
0.02684 0.0029 0.0092
0.028695 0.023272 -0.258125
0.014405 0.011916 -0.362423
0.002656 -0.048279 0.011416
-0.022165 0.028069 -0.30079
0.032295 0.00437 0.008165
0.025041 -0.025928 -0.297395
0.0256 -0.03682 0.0114
-0.002191 0.04316 -0.346208
-0.012574 0.028494 -0.311607
-0.021081 -0.035711 -0.012762
-0.029607 -0.040985 0.001531
-0.0395 0.01118 -0.28101
0.014192 0.035718 -0.022152
-0.019039 0.045751 -0.01271
0.025401 -0.016582 0.004292
0.008586 -0.045151 -0.337857
-0.005713 -0.031181 -0.001454
-0.02293 0.043963 0.014088
-0.012306 0.003182 -0.055238
-0.026129 0.028749 -0.016509
-0.004168 -0.041795 0.029078
0.031124 0.033298 -0.050774
0.007656 -0.045582 0.022144
0.014967 -0.045659 0.017802
-0.016346 0.024025 -0.354143
-0.05264 -0.0168 -0.22243
0.001823 0.047077 -0.130684
0.02523 0.0403 -0.28826
-0.048286 0.028289 -0.063037
0.02003 -0.043479 0.019016
0.028495 -0.026906 -0.16588
-0.013629 0.032186 0.005812
0.001029 0.040325 -0.029868
0.003742 -0.042392 0.028654
-0.02 0.012616 -0.265885
0.036004 0.027049 -0.07447
0.017797 -0.033274 -0.008624
0.013 0.023027 -0.299917
0.013541 0.037209 -0.024985
0.012547 -0.041395 -0.310013
0.025906 0.03641 -0.295211
-0.013982 0.028183 -0.045356
-0.029058 -0.023654 -0.352591
0.03882 0.017135 -0.04533
-0.016306 -0.014495 0.004174
-0.007715 0.038814 0.028701
0.034966 0.022757 -0.330016
0.023273 0.027233 -0.007663
-0.023916 0.026748 -0.05533
-0.004175 -0.010704 -0.366308
-0.043234 0.002692 -0.357445
-0.027376 -0.023365 -0.016553
-0.037816 0.023809 -0.32002
0.008738 -0.042176 0.027741
-0.018114 0.001451 -0.069216
0.012665 -0.037437 0.025738
0.037415 0.022804 -0.047074
-0.007408 -0.038579 -0.315191
-0.01462 0.030231 -0.04539
-0.04325 -0.0 0.014679
0.0 -0.037337 0.028632
0.023229 0.036691 -0.107568
0.004058 -0.033772 0.021239
-0.020001 0.032066 -0.053793
-0.02939 -0.011259 -0.037808
0.02499 0.002177 -0.067588
-0.020226 0.043364 -0.019028
-0.010577 0.0428 0.026408
0.003147 -0.004679 -0.282882
0.028312 0.009269 -0.068784
-0.023792 0.039304 0.017964
0.02773 0.006355 0.009226
-0.03635 0.024767 -0.316864
-0.004809 0.03641 0.027036
-0.010927 -0.047807 -0.329289
-0.025061 -0.012704 0.00203
0.029994 -0.002109 0.00972
0.036298 -0.007542 0.000771
0.036797 0.017823 -0.083259
-0.011447 -0.048543 -0.289522
-0.0263 0.02462 -0.35062
0.001082 -0.042618 -0.028656
-0.012034 -0.033189 -0.015337
0.01589 -0.046066 0.015338
0.006452 -0.039174 -0.307427
0.001458 0.04 -0.029892
-0.009843 0.034397 -0.021238
-0.028863 -0.018435 -0.028046
-0.003592 0.018744 -0.352569
-0.014444 -0.030673 -0.043493
0.008552 -0.009011 -0.314657
0.023086 0.044894 0.01009
0.02688 -0.028703 -0.16687
-0.058671 -0.024427 -0.087035
-0.020772 -0.029189 -0.056973
0.026467 0.026763 -0.058354
-0.01509 0.046958 0.011432
0.03171 0.030421 -0.330025
-0.009318 -0.020599 -0.28177
0.02632 -0.01364 -0.35999
-0.018887 -0.014426 -0.06697
0.022386 -0.021729 -0.004767
-0.02141 -0.044678 -0.014081
0.008035 0.038975 0.028675
-0.005691 0.04328 -0.01374
0.016967 -0.045132 0.017769
-0.0043 -0.03682 0.0277
0.037242 0.022163 -0.048807
0.033543 -0.001452 0.006933
-0.014159 -0.041785 -0.025665
0.024 -0.0403 -0.28912
-0.029626 -0.040128 0.003898
-0.021074 -0.045339 -0.271999
0.011223 0.040334 -0.027753
0.018602 0.047013 -0.002907
0.031939 -0.003265 -0.33
-0.009687 0.049693 -0.133129
-0.020912 0.044499 0.015396
0.00985 0.039661 0.028272
0.017 0.0314 -0.30003
0.004058 -0.046227 -0.021239
0.009018 -0.035861 0.024952
0.023336 -0.002134 -0.065149
0.011009 -0.022367 -0.296214
-0.015835 0.045124 -0.288967
-0.02571 0.022175 -0.35792
0.036745 0.030092 -0.024115
0.003408 0.040808 0.029632
0.009479 -0.035483 -0.024051
0.039593 -0.018493 -0.054462
0.035639 -0.0314 -0.018324
-0.022361 -0.040646 -0.213899
0.023448 0.014993 0.002041
0.034164 -0.029732 -0.050579
-0.001896 0.008112 -0.362033
-0.008476 0.044689 -0.024036
0.03953 0.003535 -0.048788
0.003734 -0.035892 -0.026376
-0.02786 -0.016132 -0.011216
0.0 -0.04 0.03
0.018648 0.017822 -0.0397
0.032411 0.002918 -0.068198
0.018577 0.006365 -0.048798
-0.022443 0.001461 0.00873
0.029942 0.018309 -0.065364
-0.014677 -0.042882 -0.309021
0.00182 -0.04192 -0.35997
0.018838 0.009892 -0.048789
0.029437 0.001381 0.009854
0.013737 0.047882 0.00436
-0.014741 0.020814 -0.003283
0.032792 -0.008311 0.006954
-0.023893 -0.028125 -0.053828
-0.013466 0.030206 -0.026102
0.0117 0.04351 0.0249
-0.014738 0.013095 -0.267393
0.029081 0.04 0.00723
-0.011805 -0.017125 -0.045322
-0.025495 -0.017646 -0.001762
-0.02 -0.008945 -0.262673
-0.029066 -0.025352 -0.347029
0.023813 0.020485 -0.000422
0.034774 -0.034233 -0.037844
-0.00535 -0.052048 -0.313654
-0.017572 -0.011639 -0.066946
-0.024453 -0.045214 0.002954
-0.005186 -0.03451 0.023106
0.017564 -0.003535 -0.018428
0.007393 -0.038658 0.028718
0.023703 0.030611 -0.048868
-0.027805 -0.045758 -0.142997
-0.051572 0.031579 -0.078838
0.037069 -0.0 -0.000529
-0.021885 -0.040805 -0.020218
0.002808 0.031101 0.002905
0.000546 -0.040969 -0.29986
-0.020418 -0.020308 -0.064374
0.023312 0.001453 -0.065141
-0.02 0.0282 -0.0018
0.00948 -0.043626 0.025679
0.00109 0.017778 -0.297571
-0.017324 0.019339 -0.06328
-0.045475 0.015271 -0.325344
-0.003588 0.023797 -0.333532
0.025712 0.033381 -0.04891
-0.018566 -0.001456 -0.069494
-0.025495 0.030798 -0.016474
-0.017454 0.042229 0.023121
-0.044428 0.011343 -0.294248
0.025783 0.035597 0.004359
-0.024465 -0.020124 -0.00046
-0.019217 -0.009114 -0.068772
0.022049 -0.035246 -0.012786
-0.011656 -0.04298 -0.329417
-0.021851 0.011172 0.007639
-0.0094 0.02745 -0.31142
-0.044964 0.048242 -0.088752
0.034057 0.016513 -0.120156
0.035254 0.029656 -0.04717
0.017913 0.030823 -0.209375
0.028307 0.01305 0.007703
-0.033588 0.024795 -0.33805
0.006919 -0.013158 -0.315209
-0.046252 0.004242 -0.292534
-0.057689 0.023697 -0.275227
0.018905 0.042362 -0.278949
-0.018467 0.009853 -0.06825
-0.029331 0.040096 0.005835
0.008375 0.046228 -0.110722
-0.012369 -0.005409 -0.055247
-0.030351 0.020102 -0.358627
-0.004978 -0.046271 -0.340067
0.019039 -0.034249 -0.01271
0.02469 0.025839 -0.003137
0.024903 0.01536 -0.064247
0.008501 0.03531 -0.024037
0.019342 0.044021 -0.290594
0.032136 -0.024755 -0.000481
-0.011094 -0.001781 -0.262959
-0.027245 -0.018493 -0.009475
0.028999 -0.013471 0.007617
-0.022701 -0.034145 0.002903
0.031912 0.00145 0.00874
0.01033 0.047524 0.012707
0.022276 -0.014824 -0.05955
-0.016759 -0.028525 -0.301156
0.004218 -0.0377 -0.028661
-0.0102 0.0 -0.0378
0.011182 0.003448 -0.361127
0.019384 -0.041328 0.022338
-0.038453 -0.009178 -0.363696
-0.006765 -0.044151 -0.025664
0.02117 -0.0261 -0.0453
0.023493 0.026369 -0.006119
0.02807 0.016541 0.006218
0.004809 -0.04359 -0.027036
-0.017931 -0.024499 -0.285217
-0.014277 0.006961 -0.062
0.01703 -0.0 -0.03
0.03027 0.006355 0.009226
-0.026109 0.028857 -0.327381
0.004688 0.038598 -0.25116
0.010243 -0.039978 -0.302873
-0.024966 -0.038411 -0.015526
0.033972 0.016622 -0.346386
-0.040592 -0.007541 -0.361006
-0.051179 0.022527 -0.287673
0.022364 0.009084 -0.061977
-0.003742 -0.042392 -0.028654
0.006725 0.039147 -0.02907
0.013194 0.044796 -0.292878
0.002808 0.048568 0.008617
0.03185 -0.006423 -0.329997
-0.062417 -0.008034 -0.085263
0.000574 0.055037 -0.027384
0.025186 0.021884 -0.060877
0.006488 0.008373 -0.341835
-0.022713 0.029544 -0.317819
-0.03096 0.0366 -0.24194
0.016345 -0.047564 0.0
0.013046 -0.042101 -0.318506
-0.061265 -0.017162 -0.154821
-0.051422 0.021855 -0.204878
0.001805 -0.011715 -0.029777
0.004759 0.047332 -0.016631
0.008983 -0.043279 -0.026393
-0.006211 -0.026768 -0.323138
0.0 0.04498 0.0249
0.011986 -0.035595 0.023122
0.035532 0.008731 -0.140012
-0.026009 0.028183 -0.045356
-0.049284 0.002709 -0.331472
-0.029026 0.010586 -0.043441
-0.026187 0.016288 -0.003236
-0.014899 0.028981 -0.048893
-0.029927 -0.003831 -0.031951
-0.032463 -0.01464 -0.273756
0.022747 -0.029655 -0.04717
-0.008714 0.02394 -0.346887
0.02695 0.038212 0.011549
0.004644 0.038311 -0.029073
0.023763 0.025482 -0.004597
-0.02289 0.0273 -0.003254
0.010036 -0.040001 0.028236
-0.028808 0.038989 -0.007294
-0.01862 -0.0055 0.0092
0.027916 -0.031509 -0.280389
-0.056368 0.028641 -0.27973
-0.005256 -0.043026 -0.02773
-0.006939 -0.039484 -0.029116
0.013585 0.033735 0.016646
0.027658 0.008538 0.008778
-0.031463 0.001269 -0.264754
0.034637 0.032705 -0.016515
0.026013 0.023374 -0.060796
0.005614 -0.031221 -0.002907
0.003219 -0.01456 -0.344677
0.014319 -0.037787 -0.248837
-0.013516 -0.030058 -0.035878
0.01388 -0.047984 -0.0
-0.005344 0.023057 -0.343287
-0.018893 0.029555 -0.314614
0.033999 -0.008983 0.005167
-0.019132 0.036649 -0.020148
0.023338 -0.029993 -0.193809
-0.026748 0.021188 -0.050513
-0.023764 0.039183 -0.017949
-0.018907 0.036527 -0.01453
-0.02819 -0.02446 -0.288998
-0.0081 0.04243 0.0277
-0.020915 0.046317 -0.004352
-0.017497 -0.014824 -0.372113
-0.022486 -0.03866 -0.019169
0.0 0.042663 0.028632
0.033321 -0.008972 -0.20074
0.023 -0.04285 -0.0166
0.008219 -0.021755 -0.04132
-0.005915 0.049116 -0.132256
0.018468 0.018296 -0.035866
0.020686 -0.0434 -0.291166
0.00609 -0.007189 -0.016725
0.025626 0.038245 0.014151
-0.009672 -0.042556 -0.181283
-0.015686 0.013915 0.003242
-0.022794 -0.013474 -0.373463
0.035882 -0.011966 -0.313622
-0.012386 0.039311 0.027177
-0.008046 0.001586 -0.361909
0.008077 -0.042984 -0.027082
-0.010448 -0.028531 -0.314573
-0.0153 0.03811 0.0249
-0.012376 -0.014821 -0.370099
-0.024276 0.02802 -0.337993
-0.005037 -0.032428 -0.015336
-0.019795 0.001809 0.009864
0.005663 0.031189 0.001454
-0.00441 -0.047106 -0.017794
-0.011849 -0.02898 -0.325387
-0.015197 0.043376 0.023176
-0.02042 0.042592 -0.020091
-0.026142 0.044427 -0.001482
-0.04742 0.025611 -0.224121
-0.02 -0.026727 -0.348021
-0.020026 -0.041904 -0.021318
-0.04309 0.047146 -0.071057
-0.021137 -0.012568 0.007614
-0.018819 -0.039157 -0.024033
-0.027189 -0.037337 0.008661
0.016291 0.036494 0.022249
-0.021081 0.028052 -0.300391
-0.02141 0.035322 -0.014081
-0.016147 0.021802 -0.038985
-0.042648 -0.039976 -0.153698
-0.013231 -0.041336 -0.02645
0.0 -0.04897 0.0
-0.011232 -0.018335 -0.024141
-0.036699 -0.036795 -0.234102
0.027616 -0.039591 -0.03
-0.0471 0.00556 -0.2976
0.023486 0.044962 0.008694
-0.00055 -0.041716 -0.02941
0.003417 -0.018313 -0.329529
-0.020496 -0.038683 0.021374
-0.006322 -0.009237 -0.370116
-0.003155 -0.044868 0.02494
-0.016291 -0.043506 -0.022249
0.023589 -0.029352 -0.313619
-0.018676 -0.012407 0.007583
0.023375 0.002905 -0.06516
-0.016974 -0.006275 -0.261688
-0.001482 0.021945 -0.335334
0.014121 0.044171 -0.102643
-0.02089 0.013639 -0.055849
-0.022124 -0.004895 -0.068743
-0.00631 0.040744 -0.313679
-0.04713 0.011346 -0.330658
0.033511 -0.03574 -0.020305
0.03882 -0.017135 -0.01467
-0.012333 0.052631 -0.100871
-0.026442 0.017195 -0.004732
-0.023734 0.035223 -0.041573
0.006674 -0.04058 -0.170721
-0.023392 0.001453 0.007561
-0.00877 -0.049237 -0.028753
-0.007136 0.047411 0.015328
-0.028865 0.007062 -0.012946
-0.0095 0.0469 0.0166
0.0 -0.03111 -0.004351
0.016339 0.040508 0.025005
-0.0094 -0.02795 -0.31138
0.040923 -0.0 -0.033902
-0.013661 0.034747 -0.020107
-0.002857 -0.048933 0.001451
-0.026771 -0.036629 -0.007213
0.005648 0.054003 -0.037101
0.010577 0.0428 -0.026408
-0.0 -0.043015 -0.022801
-0.057537 0.016194 -0.279132
0.004936 -0.045744 -0.338556
0.019377 0.004489 -0.360099
0.011086 0.045015 0.0222
-0.027878 0.006361 -0.006259
0.015667 0.035274 0.02007
0.005231 -0.01019 -0.296984
-0.035376 0.004532 -0.299917
0.021333 0.04302 0.007712
0.013007 0.047514 -0.010025
0.020168 0.033898 -0.008608
-0.004763 0.033179 0.01895
-0.014481 -0.021722 -0.055224
-0.006562 -0.010653 -0.369295
-0.035351 -0.025942 -0.31998
-0.009849 -0.014358 -0.271268
0.005898 0.043015 -0.022025
0.037023 0.002706 -0.059507
-0.000802 0.016576 -0.288771
0.031816 0.023237 -0.114005
-0.008707 0.038282 -0.237292
-0.002807 -0.03115 0.004358
0.017488 -0.035433 -0.018982
-0.01525 -0.026086 -0.053826
-0.020001 0.036105 -0.047092
0.033688 -0.037046 -0.042478
0.020495 0.038683 0.021373
-0.016964 0.014514 -0.065202
0.01212 -0.037887 -0.026438
0.021862 -0.012533 -0.059523
0.029607 0.040985 0.001531
-0.027577 0.024169 -0.039693
-0.021547 -0.014851 -0.313669
-0.009818 0.045598 -0.021236
0.00406 -0.046556 0.020099
0.012745 -0.039999 -0.027087
0.027828 0.000729 -0.069717
0.007 0.016707 -0.364588
-0.021468 -0.02438 0.000943
0.022384 0.002129 -0.063239
0.007 -0.051874 -0.313832
-0.021113 0.014426 0.006969
0.024049 0.041088 -0.285012
0.03843 0.016144 -0.011202
-0.057485 0.01686 -0.266485
-0.012978 0.002704 -0.001773
-0.02 0.011606 0.008232
0.0 0.039096 -0.029769
-0.017088 0.029542 -0.32002
0.013054 -0.042213 -0.31228
0.02686 -0.040045 -0.346351
-0.026416 0.00811 -0.000506
0.021505 0.015874 -0.056785
-0.037496 -0.024446 -0.315914
-0.019494 0.04119 -0.022372
0.027413 0.026005 -0.000238
0.032851 -0.004363 0.007577
-0.04473 0.03065 -0.08259
-0.033387 -0.026773 -0.327444
-0.024923 -0.038321 0.015478
0.008124 0.036088 0.025684
0.018839 -0.009892 -0.011211
0.032793 0.008311 0.006954
-0.021839 0.00902 0.008228
0.031304 -0.000725 -0.069214
-0.007261 -0.013386 -0.36751
-0.02 -0.025316 0.000839
-0.017147 0.035733 -0.043592
0.039059 0.02181 -0.03
-0.001076 -0.035746 0.026368
0.025377 0.0 0.037972
0.023081 0.034817 -0.028009
-0.012833 -0.02804 -0.337442
0.040434 0.011419 -0.033908
-0.054551 0.036658 -0.076772
-0.03791 0.023025 -0.331296
-0.001083 -0.037827 -0.029064
0.03612 0.033595 -0.055834
0.001578 0.035058 -0.024928
-0.013459 0.03036 -0.031955
-0.010154 0.01511 -0.367394
0.008832 0.015627 -0.297064
-0.028255 0.028481 -0.324326
-0.011093 -0.040983 -0.297965
-0.03084 0.009866 -0.267943
-0.0349 -0.02143 -0.29018
-0.009018 -0.044139 0.024953
-0.01232 -0.0127 -0.0078
-0.026415 -0.036654 -0.00862
-0.036912 -0.044174 -0.067303
-0.027697 0.024754 -0.348858
-0.00055 -0.038284 -0.02941
0.031004 0.015745 0.00607
0.024615 0.012043 0.005175
-0.010818 0.036706 -0.025643
0.00683 -0.03931 -0.029094
-0.012289 -0.032934 -0.296017
0.036789 0.030296 -0.03394
-0.010264 0.047409 -0.148105
-0.020545 -0.007355 0.009224
-0.047481 0.025904 -0.22908
0.017754 0.003534 -0.04345
-0.01387 -0.046511 -0.015351
-0.024339 -0.042398 -0.015448
-0.013076 -0.008791 -0.017222
0.032684 0.01205 0.006041
-0.039243 -0.003312 -0.365592
0.021357 0.029944 -0.037837
-0.002642 -0.013237 -0.279
0.02996 -0.025167 -0.16375
-0.024117 -0.046809 -0.047487
0.016345 0.032436 0.0
0.021088 0.04346 0.017863
0.01331 -0.047746 0.007219
-0.001951 -0.040096 0.029841
-0.027814 0.0 -0.036244
0.009818 -0.034402 0.021236
-0.021486 -0.004852 0.009214
0.02294 -0.012714 0.002054
-0.068172 -0.003694 -0.119339
0.009485 0.004185 -0.325638
-0.023198 0.02404 -0.354348
0.015247 -0.043373 0.023176
-0.047523 -0.011796 -0.314661
-0.028152 -0.006358 -0.05223
0.0 0.047233 -0.017759
0.0212 0.04636 0.0
-0.018293 -0.046793 0.007223
-0.000952 0.044936 -0.297929
0.0077 0.01115 -0.32001
-0.047939 -0.003265 -0.33
0.024865 0.040096 0.01661
-0.007157 0.042652 -0.027732
-0.028808 0.041011 0.007294
-0.020377 -0.03903 -0.360089
-0.000974 0.037565 -0.236863
0.0041 -0.03877 -0.0294
-0.027735 0.0 -0.055212
-0.043417 -0.018298 -0.310446
0.029665 -0.003188 -0.069737
-0.005754 0.041305 -0.029098
-0.003364 0.045462 -0.330038
0.041837 0.021802 -0.005505
-0.046321 0.013678 -0.059804
0.029882 0.018144 -0.198035
-0.007843 -0.026793 -0.333311
0.008791 0.053697 -0.036976
0.022846 -0.039191 -0.019106
0.02285 0.0085 0.0032
-0.004538 0.051464 -0.096243
0.01245 0.039488 0.027141
-0.008576 0.017825 -0.361778
-0.023445 0.032474 -0.011209
0.020045 0.013438 -0.298102
0.01388 0.032016 -0.0
-0.010833 0.022159 -0.046941
0.029234 -0.003768 -0.069771
0.023696 -0.042989 -0.015328
-0.00361 0.034762 0.024033
0.030476 0.014563 -0.250422
0.024364 0.04309 -0.014037
0.011526 0.04529 0.021252
-0.027098 -0.04 0.012751
-0.01347 -0.0261 -0.0453
0.01571 0.03212 -0.209286
-0.012628 -0.036828 0.024958
-0.022486 0.04134 -0.019169
-0.037035 -0.018124 -0.35388
0.032786 0.005088 -0.067554
0.031792 -0.021955 -0.062023
0.012451 0.040512 -0.027141
-0.028308 -0.046408 -0.048301
0.01416 -0.038215 -0.025665
-0.014344 0.008957 -0.264092
-0.020962 0.042072 0.020215
0.012095 -0.045925 -0.291279
0.021312 -0.042715 -0.018954
-0.028836 -0.018361 -0.026095
-0.036582 -0.036673 -0.229675
0.02495 0.044298 -0.008649
0.004164 -0.041789 0.029066
0.029942 -0.018309 0.005364
0.030537 -0.002832 -0.069509
-0.043296 -0.00328 -0.357349
-0.0124 -0.043 -0.32112
0.027767 -0.038427 -0.039876
-0.02194 -0.042069 0.019099
-0.053796 0.028084 -0.077718
-0.048374 -0.024867 -0.083641
-0.037691 -0.019438 -0.290773
0.013738 0.032043 0.002906
0.030746 0.027344 -0.05842
-0.055656 -0.024292 -0.170185
-0.013776 0.02036 -0.053748
-0.021884 0.03783 -0.019054
0.00299 0.015893 -0.296245
0.034908 -0.01792 -0.136282
-0.021635 0.028585 -0.056944
0.025565 -0.026906 -0.241775
-0.012869 -0.014953 -0.006258
0.019379 0.020974 -0.018406
-0.00784 -0.049284 -0.329963
-0.006454 -0.038239 0.02867
-0.01923 0.027824 -0.001625
-0.021348 -0.016076 0.006144
-0.017832 -0.028995 -0.303552
0.000315 -0.014564 -0.3532
-0.012415 0.024169 -0.020307
-0.014907 0.00358 0.004197
-0.018539 -0.007708 -0.068753
0.017778 -0.018502 -0.360111
0.040439 -0.007292 -0.039698
-0.002499 0.006034 -0.298051
0.038694 -0.008303 -0.083867
-0.02248 -0.000725 0.008719
0.012242 -0.034094 -0.018968
0.025035 -0.002912 -0.067593
-0.001628 0.001375 -0.298456
-0.031191 0.011011 -0.073389
0.013788 -0.047939 -0.002909
-0.026159 0.039178 0.014211
-0.018247 -0.029799 -0.055432
-0.0 0.047233 0.017759
-0.016291 0.036494 -0.022249
0.005611 -0.048656 -0.005811
0.011811 -0.038513 0.027073
-0.015024 0.034772 -0.031985
-0.027426 0.038153 -0.010117
0.012998 -0.038349 0.026393
-0.004212 -0.017078 -0.281941
-0.017747 -0.044478 0.019006
-0.009927 0.043045 -0.026363
-0.025078 -0.029667 -0.314629
-0.030608 0.026953 -0.306594
0.013904 0.040352 0.026498
0.00271 0.037066 0.028208
-0.055241 0.004333 -0.217215
0.012803 -0.045239 -0.307812
-0.02409 -0.045107 -0.005843
0.0 0.039543 -0.029866
-0.010755 0.032169 0.010004
0.029994 0.002109 -0.06972
0.010857 0.042693 0.02643
-0.037073 -0.046932 -0.113687
0.020311 -0.047247 -0.313607
0.002858 -0.031142 0.004356
0.014705 0.023735 -0.297147
-0.00213 -0.04115 -0.029624
0.005775 -0.038701 -0.029081
0.019483 0.020391 -0.043468
0.001214 -0.041314 -0.178565
0.029144 0.041019 -0.005874
0.0 0.03103 0.0
0.017977 -0.03834 0.023258
-0.011614 -0.01063 -0.266444
-0.018313 -0.015743 0.006065
0.002658 0.031416 0.008616
-0.030153 -0.014361 -0.271266
0.007 -0.013285 -0.36231
0.028563 0.001381 -0.069854
-0.053018 0.017038 -0.286559
-0.0041 -0.03877 0.0294
-0.006045 -0.019966 -0.36189
-0.017323 0.029167 -0.309869
0.000548 0.043041 -0.028198
0.028079 0.011007 -0.068246
0.021054 0.03765 -0.267396
-0.02 -0.019288 -0.27378
0.02856 -0.007507 -0.069232
-0.032682 0.043034 -0.279084
-0.0195 0.03757 -0.0212
-0.036645 -0.022696 -0.341452
-0.004762 -0.032909 -0.017794
0.021114 -0.033626 -0.001452
0.034777 -0.033764 -0.039738
0.03593 0.032309 -0.024123
-0.044153 0.036668 -0.260706
0.004061 -0.034081 0.022183
-0.0 -0.03826 -0.0294
0.018651 0.017589 -0.36206
-0.015103 -0.042865 -0.307358
0.008954 -0.045026 -0.023119
-0.02667 -0.026513 -0.016569
0.022003 0.018145 -0.056771
-0.02979 -0.043096 -0.346298
0.007959 0.047966 -0.011417
0.033246 -0.013152 -0.193241
0.030778 -0.028708 -0.002989
-0.029927 0.003831 -0.028049
-0.029626 0.040128 0.003898
0.027098 -0.04 0.012751
0.00441 0.032894 0.017794
0.014551 -0.033386 0.014051
-0.026863 0.011358 -0.297202
-0.0011 0.038312 0.029413
-0.041072 -0.034199 -0.221201
0.0 -0.03169 0.0114
0.002658 -0.031301 -0.007214
0.026188 -0.002914 -0.068737
-0.024175 -0.041575 -0.016778
-0.015139 -0.043964 -0.02221
0.001077 0.043026 0.028203
0.035518 -0.032225 -0.064505
0.002711 0.040352 -0.029793
-0.020582 -0.021855 -0.063335
-0.02308 -0.012046 -0.06603
-0.020725 -0.00276 0.009711
-0.027583 0.016083 -0.009489
-0.01543 -0.0215 -0.001722
-0.010465 0.007287 -0.020309
0.038094 0.024187 -0.0203
-0.032187 -0.027429 -0.326438
-0.001008 0.022914 -0.32002
0.009629 0.04302 -0.020538
-0.029527 -0.011413 -0.033905
-0.024361 -0.029884 -0.31998
0.029 -0.034245 -0.050542
-0.031609 -0.039529 -0.194741
-0.015031 -0.005711 -0.064186
-0.008713 -0.041483 -0.028252
0.013244 -0.046037 -0.017812
0.014911 0.04661 -0.330039
-0.053869 -0.023981 -0.077746
0.002713 0.033548 -0.299872
-0.015524 0.037444 0.024095
0.019086 -0.003182 -0.05223
0.031217 -0.022468 -0.062157
0.025213 0.005088 -0.067554
0.02722 0.030022 -0.004446
-0.015426 -0.032895 -0.010035
0.020915 -0.033683 0.004352
-0.053518 0.035868 -0.07251
0.024583 -0.014499 -0.064184
-0.019825 0.005045 -0.025346
-0.009177 -0.028008 -0.313527
0.018973 -0.013757 -0.047034
-0.0 0.034268 0.023073
-0.029514 -0.039004 -0.002978
-0.015262 0.002132 -0.065126
0.038206 -0.009539 -0.006253
-0.026093 -0.035554 0.001456
-0.014216 -0.029385 -0.328292
0.031123 -0.033297 -0.009226
-0.036485 -0.036604 -0.225258
0.026315 0.041789 -0.012864
0.025688 -0.021802 -0.033474
0.03605 0.0235 -0.0078
-0.002736 0.037931 -0.029047
-0.0132 -0.026919 -0.018442
-0.029444 0.028009 -0.326476
-0.008251 0.039306 0.028727
0.017003 -0.005558 -0.362076
0.028763 0.001809 -0.069867
0.013963 -0.039212 -0.299343
0.025321 -0.037909 -0.028064
0.037234 -0.020986 -0.329983
-0.029157 0.011038 -0.018434
-0.010961 0.026863 -0.302001
-0.01661 -0.040096 0.024865
0.032012 0.03153 -0.052359
-0.03707 -0.001833 -0.369216
0.027631 -0.010695 0.008209
-0.025432 0.043922 -0.281366
-0.045612 0.038815 -0.075543
0.007 -0.033737 -0.364204
0.029001 0.029549 -0.003215
-0.002965 0.017564 -0.353905
-0.048097 -0.006129 -0.303149
0.021171 0.008879 -0.361845
-0.015573 -0.029674 -0.327231
-0.034236 0.021948 -0.348249
-0.009228 0.043995 -0.036699
0.029 -0.038232 -0.041606
0.029 0.0 0.0099
0.009636 -0.042777 -0.36013
0.025731 -0.037492 0.012834
0.011723 -0.03711 -0.235943
-0.014461 -0.009082 0.00197
0.010751 -0.032893 -0.296232
0.018973 -0.013757 -0.012966
0.026066 -0.030442 -0.053918
0.027436 0.040936 -0.011524
-0.033778 0.011927 -0.360136
-0.043743 0.041817 -0.283452
-0.010807 -0.015156 -0.033901
-0.008808 0.033565 0.018916
0.023696 0.037011 -0.015328
-0.019705 0.044973 -0.015383
0.015828 -0.029073 -0.297405
0.024148 -0.029015 -0.007693
-0.042039 0.021755 -0.00275
0.007664 0.001221 -0.297276
-0.034042 -0.045495 -0.055806
0.002736 0.037931 0.029047
-0.020897 0.036428 -0.01786
0.0256 0.04318 -0.0114
-0.015806 0.04364 -0.274975
0.027591 0.042711 0.007278
-0.04132 -0.021755 0.008219
0.025158 -0.044166 -0.039059
-0.012038 0.03882 -0.027133
-0.014292 -0.014332 -0.059526
-0.0173 0.0108 0.0069
-0.017633 -0.042853 0.022245
-0.026152 -0.046575 -0.292382
-0.019384 -0.038672 0.022338
0.03943 -0.018214 -0.037816
-0.022891 0.027301 -0.056746
-0.021597 0.004202 0.009219
-0.023037 -0.051544 -0.09155
-0.066841 -0.008271 -0.132658
-0.004348 -0.020373 -0.288795
-0.0462 -0.0306 -0.23798
-0.039825 0.036665 -0.2544
-0.0157 0.02746 -0.29882
-0.042104 -0.031068 -0.079424
0.024619 -0.040818 0.016747
0.023739 0.037387 -0.313793
0.007157 -0.037348 -0.027732
-0.016091 -0.033999 -0.015343
-0.012944 0.027968 -0.033902
0.008514 0.048572 0.002906
-0.0227 0.0108 0.0069
-0.01341 0.037113 -0.330034
0.040634 0.0 -0.039679
-0.024733 0.032664 -0.04347
0.022939 0.012714 -0.062055
0.02374 -0.043888 -0.313724
0.005312 -0.03604 -0.026346
-0.0195 -0.03415 0.0114
0.013645 -0.037063 -0.183253
0.003589 -0.004448 -0.011531
-0.013835 -0.032026 -0.001452
-0.016345 0.032436 -0.0
0.011747 -0.037047 0.025702
0.030495 -0.005509 -0.286402
0.020769 -0.011282 -0.056716
0.01657 0.046158 0.01404
-0.013821 0.028601 -0.016516
-0.021635 -0.028585 -0.003056
0.03134 0.0 -0.0692
0.001518 0.037005 -0.230319
-0.022412 0.019314 -0.363156
-0.01249 0.040536 -0.189578
0.029001 -0.023783 -0.062052
0.032184 0.007408 -0.216198
-0.0364 -0.007304 -0.051029
0.022279 -0.026064 -0.009421
-0.023988 0.006483 -0.066012
0.028637 0.021171 -0.188086
0.002152 0.043343 -0.027733
-0.00386 -0.050291 -0.310558
-0.027406 0.0 -0.003291
0.029 0.0392 -0.0222
0.027198 0.009856 0.008264
0.027877 -0.001457 0.009711
0.02441 0.0369 -0.03
-0.026203 0.044413 -0.0
-0.045074 0.015326 -0.330108
-0.0157 -0.02794 -0.29878
-0.014434 0.042365 -0.024967
-0.016103 0.032506 -0.004364
-0.01381 -0.052286 -0.058349
0.003316 0.04617 -0.330039
0.04007 0.0153 -0.03
0.025698 0.039127 -0.330036
-0.048478 -0.007615 -0.30873
-0.021113 -0.014426 0.00697
-0.013338 0.032364 0.008625
0.009065 0.004193 -0.331269
-0.012768 -0.017207 -0.36717
0.037846 0.01947 -0.04882
-0.018968 -0.030131 -0.322032
-0.00055 -0.037798 0.029056
0.005828 -0.038885 -0.20515
0.012109 -0.032927 -0.014036
0.038299 -0.020154 -0.045344
0.032002 0.031911 -0.083439
0.035351 0.013105 -0.112723
0.030092 0.03389 -0.050744
-0.048989 -0.013017 -0.088307
0.01979 0.0127 -0.0078
-0.019017 -0.038185 -0.022299
-0.047284 -0.006961 -0.061032
-0.038668 0.013864 -0.282848
-0.000195 -0.048275 -0.300511
0.0208 0.03376 -0.0058
-0.038518 -0.02248 -0.335293
-0.016973 -0.007774 -0.262413
0.022786 0.0 0.004164
-0.00858 -0.036628 0.026396
-0.028147 0.048747 -0.044405
0.01103 0.042172 -0.330038
-0.036375 0.011328 -0.05102
-0.025255 -0.041259 -0.293979
0.031993 -0.013741 -0.066126
0.010864 0.011304 -0.362812
0.038341 0.024912 -0.028047
-0.0011 0.037825 -0.029062
0.019179 0.028296 -0.299904
-0.014561 -0.004255 -0.06324
0.034065 -0.024299 -0.003116
0.030092 -0.018873 -0.329985
0.037059 0.000964 -0.120587
-0.050026 -0.040643 -0.103598
-0.028404 -0.037216 -0.001464
-0.02 -0.038767 -0.039716
0.027729 -0.009928 -0.293745
0.0 -0.031272 0.007203
0.015868 0.032433 -0.360139
0.029465 -0.003615 -0.069743
-0.001582 -0.035775 -0.026373
-0.019814 0.009574 -0.068803
-0.0 -0.048937 -0.002901
0.007959 -0.047966 0.011417
-0.007447 -0.024305 -0.294954
-0.038747 0.00724 -0.275663
0.007 -0.00329 -0.36
-0.00726 0.038199 -0.237256
-0.021922 0.000725 -0.069213
-0.000548 -0.042642 -0.028647
0.024215 0.006486 0.006024
-0.009605 0.040097 -0.02832
-0.018323 -0.019291 -0.064289
0.035 -0.0199 -0.0582
0.026426 0.028131 -0.003055
-0.007209 -0.045283 -0.023076
0.023711 -0.007165 0.005112
-0.02 -0.037605 -0.043467
0.025589 -0.002918 -0.068198
0.00758 0.0454 -0.28789
0.033725 0.024434 -0.092172
-0.015331 -0.035703 -0.313684
-0.002931 0.001243 -0.369215
0.030786 0.004852 -0.069216
-0.0317 0.02466 -0.29662
0.010506 -0.034138 0.0201
-0.055125 -0.001551 -0.218674
-0.015257 -0.032664 -0.04347
-0.023504 0.033301 -0.047053
0.019131 0.04335 -0.020148
-0.002858 -0.048858 0.004356
-0.04087 0.04545 -0.06119
-0.029182 -0.003531 -0.045315
0.016907 -0.041493 -0.024159
-0.034441 0.009547 -0.299915
0.024682 -0.025841 -0.056864
-0.019057 -0.031653 -0.053961
-0.015107 -0.018492 -0.273589
0.02345 0.004265 0.005161
0.024678 0.026036 -0.192026
-0.024175 0.038425 -0.016778
-0.004759 -0.047335 0.016632
-0.025488 -0.048683 -0.058155
-0.026766 -0.042643 -0.01011
-0.028333 0.017535 -0.016552
-0.05631 0.029102 -0.278404
-0.019197 -0.018306 0.00536
-0.01797 0.018944 0.004211
-0.034252 0.015476 -0.362232
-0.02696 -0.018186 -0.034595
-0.049405 -0.00026 -0.331458
-0.001951 -0.040096 -0.029841
-0.009369 -0.041901 -0.027758
0.024365 0.036907 -0.014038
-0.009546 0.040857 -0.028264
-0.022739 0.028841 -0.306605
0.027777 0.004155 -0.295366
-0.002032 -0.034315 -0.023105
0.029001 -0.020549 -0.064258
-0.026618 0.004832 -0.059505
-0.050833 -0.025124 -0.082247
-0.012536 0.028034 -0.306755
0.028221 -0.025148 -0.187467
0.004293 0.007199 -0.288063
-0.027722 0.024641 -0.035857
-0.016519 0.036597 0.022265
0.00683 0.03931 0.029094
0.025378 0.028481 -0.055271
-0.024153 -0.020756 -0.277164
0.004293 -0.007709 -0.351937
-0.019221 -0.011004 -0.06823
0.006825 0.00696 -0.342124
-0.011891 -0.027421 -0.300696
-0.010468 -0.011338 -0.033905
-0.021917 -0.040683 0.020266
-0.023697 -0.03701 -0.015328
-0.02 0.023868 -0.284473
-0.007331 -0.052066 -0.045959
-0.03993 0.003664 -0.084074
0.022486 -0.03866 0.019169
0.025247 0.018155 0.003316
-0.013258 0.043906 -0.16851
0.03359 0.0 0.0069
-0.013244 -0.033963 -0.017812
0.038914 -0.003182 -0.00777
0.019777 -0.044121 -0.017882
-0.005596 -0.000297 -0.372604
-0.006164 0.007306 -0.269141
-0.009662 -0.04251 -0.027096
-0.02388 0.03951 -0.189706
-0.02 -0.026687 -0.291939
0.005037 -0.031995 -0.012731
-0.020737 -0.012551 -0.363028
-0.04318 -0.032856 -0.214994
-0.056652 -0.033136 -0.118936
-0.0119 -0.02797 -0.33618
-0.016113 -0.036622 -0.026093
0.033989 0.025363 -0.330019
0.027687 0.03481 -0.288712
-0.046478 -0.031718 -0.195519
-0.0195 -0.04585 -0.0114
-0.005446 0.038554 -0.029075
0.02944 -0.007507 0.009232
0.016193 -0.049689 -0.313793
0.023745 -0.03489 -0.007245
0.005077 0.040808 -0.029414
-0.02922 0.0 -0.0453
0.015312 0.043878 0.02222
0.027372 0.0272 -0.143572
-0.027426 -0.038153 0.010117
-0.029853 0.028026 -0.322172
0.003155 0.035132 -0.02494
-0.00858 -0.043371 -0.026395
0.005299 0.041664 0.005299
0.027645 -0.03887 -0.037896
-0.027189 0.037337 -0.008661
-0.013404 -0.00541 -0.000496
0.02285 0.0085 -0.0632
-0.026132 0.021222 -0.280053
0.01097 0.043833 -0.121269
-0.016057 0.048744 -0.041768
-0.02 -0.01884 -0.065218
-0.045905 0.04099 -0.067475
-0.005663 -0.048811 -0.001454
-0.005446 -0.048797 -0.292635
-0.031275 -0.02276 -0.35241
-0.02673 -0.041501 -0.251141
0.0352 0.026162 -0.080362
-0.011835 0.013407 -0.011241
0.026771 0.017363 0.005178
0.009328 -0.038827 -0.028219
-0.0043 -0.04318 0.0277
0.005312 0.036041 -0.026346
0.008113 -0.048114 -0.010019
-0.02652 0.0261 -0.0453
-0.006173 0.04337 -0.027078
0.01756 -0.039489 0.024171
0.017454 -0.042229 -0.023122
-0.01093 -0.038054 0.02711
-0.009436 0.038996 -0.028245
0.021393 -0.04284 -0.291052
0.005299 -0.041664 0.005299
-0.03523 -0.036787 -0.313712
0.014492 0.040528 -0.267591
0.022688 0.016623 -0.059534
0.035355 0.029453 -0.01286
0.021501 -0.013099 -0.058248
-0.048671 0.001229 -0.337164
0.03911 0.000633 -0.065567
-0.017513 -0.040043 -0.030463
-0.055909 -0.016525 -0.188773
-0.001356 0.04018 -0.02988
-0.00213 0.04115 0.029624
-0.00371 0.02646 -0.296063
-0.043721 -0.017037 -0.334269
-0.018908 -0.041256 -0.207575
0.028137 0.00276 -0.06972
0.034501 0.024976 -0.00465
-0.060252 -0.020878 -0.088505
0.025042 -0.037531 -0.014121
-0.02 -0.001777 -0.379738
-0.016251 0.05366 -0.049042
-0.020489 0.033811 -0.007206
-0.025715 -0.006961 -0.062
-0.008779 -0.022695 -0.287554
0.027877 0.001457 0.009711
-0.022894 -0.006995 0.00758
-0.010962 -0.027371 -0.337999
0.001226 -0.048981 -0.311001
-0.027852 -0.041872 -0.008667
0.004753 -0.039048 -0.02942
-0.034825 0.052173 -0.07396
0.024845 0.040684 -0.290457
-0.010085 0.025523 -0.342913
-0.0 -0.03658 0.0277
-0.022365 -0.006928 0.008188
0.010828 0.044233 -0.024041
0.016043 -0.032595 -0.005818
-0.019446 -0.029005 -0.337008
0.009599 0.037462 -0.250939
0.023 0.03715 0.0166
0.013662 -0.043424 -0.304704
-0.025339 0.029413 -0.047117
0.038483 -0.005888 -0.053759
0.030758 -0.000726 -0.069505
-0.015738 0.016769 -0.061982
0.031229 -0.017363 0.005178
-0.008409 -0.031565 -0.005808
0.03301 -0.002177 -0.067588
0.006017 -0.0466 -0.289161
0.011206 -0.044142 -0.024043
-0.036831 -0.045709 -0.072826
-0.011158 -0.000207 -0.262844
0.012034 -0.033189 0.015337
0.028547 -0.015031 -0.066978
0.026552 -0.011007 -0.299929
-0.061595 -0.01728 -0.090028
-0.018968 -0.030129 -0.317928
-0.037674 -0.038969 -0.178561
-0.00055 0.042202 0.029056
-0.011158 -0.000303 -0.377156
0.006724 -0.040853 0.029068
-0.022445 0.001448 -0.068727
-0.016847 0.029173 -0.310518
0.021526 -0.010234 -0.000525
-0.01849 0.042348 0.022177
-0.008738 0.042176 0.027741
-0.013455 0.014005 -0.056749
-0.04138 -0.011814 -0.285309
0.028569 -0.029264 -0.141135
0.018786 0.032986 -0.0
-0.011548 -0.03338 0.016632
-0.027633 0.019495 -0.047067
-0.001077 0.043026 -0.028203
-0.021863 -0.000966 -0.363009
0.031752 -0.027986 -0.056913
-0.001637 -0.039034 -0.29858
-4.8e-05 -0.050742 -0.313679
-0.018523 -0.000726 0.009495
-0.028252 -0.04782 -0.289544
-0.017654 -0.02195 0.002016
-0.018642 0.029627 -0.321121
-0.0602 -0.025031 -0.137464
0.030379 -0.011251 -0.286047
-0.03274 -0.013307 -0.272468
-0.006818 0.038142 -0.224409
-0.014396 -0.029674 -0.32218
0.024425 0.037725 -0.015468
-0.01212 -0.037887 0.026438
0.019509 0.045025 -0.015375
-0.00473 -0.04475 0.02493
-0.016875 0.002772 -0.379164
-0.042236 0.029733 -0.211838
-0.027066 -0.028088 -0.028049
-0.012006 0.00318 -0.05373
-0.021088 0.026272 -0.347686
0.00753 0.029839 -0.360138
-0.029556 -0.011413 -0.028048
-0.010664 0.045418 -0.034707
-0.052976 -0.014297 -0.069088
0.005834 -0.045867 -0.282798
-0.027552 0.037312 -0.007251
-0.046093 0.039987 -0.274655
0.028117 -0.029267 -0.147971
-0.004264 0.039831 0.029654
0.00531 -0.048166 -0.011423
-0.018815 -0.024598 0.001031
-0.003642 -0.019256 -0.287432
-0.013863 0.028749 -0.043491
0.0049 0.01635 -0.32001
0.010096 -0.049175 -0.023663
-0.021778 -0.041894 -0.294936
-0.004238 0.04406 -0.026371
-0.032611 -0.049352 -0.079034
-0.015613 -0.041463 -0.207566
0.005691 0.04328 -0.01374
-0.016266 0.002903 0.006935
0.026733 0.035129 -0.012694
0.009757 -0.039484 0.028296
0.008983 -0.03672 0.026394
0.028107 0.023367 -0.062171
-0.017098 0.006995 0.00758
0.026093 0.035554 0.001456
0.02666 0.0 -0.0692
0.003801 -0.014654 -0.36311
-0.000548 0.037358 -0.028647
-0.020001 0.034244 -0.050541
0.006209 -0.04285 -0.027742
-0.015919 0.048562 -0.144059
0.0 -0.04 0.0299
0.00659 0.005008 -0.016084
0.018392 0.010587 -0.014678
-0.001005 0.040843 -0.178403
0.008562 -0.031396 0.001454
-0.054651 -0.010716 -0.282818
-0.001491 -0.044747 -0.340596
-0.0477 0.01115 -0.32001
-0.009042 0.026944 -0.307693
0.027595 -0.003484 0.009511
-0.048535 -0.003229 -0.336973
0.028344 -0.007355 0.009224
-0.024263 0.029391 -0.321121
-0.035543 0.02377 -0.078379
-0.048654 0.001228 -0.302928
0.007662 -0.044384 -0.024936
-0.013521 0.020827 -0.052234
0.040646 -0.021663 -0.010885
-0.017232 0.00437 0.008152
-0.035807 0.023113 -0.300152
0.01712 0.003836 -0.026093
-0.04351 -0.010506 -0.289027
-0.004261 0.03838 -0.026376
-0.01101 0.0454 -0.03877
-0.027003 0.027838 -0.024148
-0.015248 0.047116 0.010031
-0.0 0.031388 0.008604
0.027469 -0.008134 0.008757
0.027779 0.021755 0.031669
0.030328 0.014429 0.006973
-0.010751 -0.041013 -0.241887
-0.007416 -0.03227 -0.021161
-0.028432 -0.040933 0.008759
-0.028351 0.013755 -0.012969
-0.026253 0.029153 -0.018384
-0.021311 0.042714 -0.018953
-0.008197 -0.045345 -0.339179
0.019015 0.044828 0.016666
-0.06795 0.0009 -0.1329
0.010907 0.032046 -0.008605
-0.012665 0.042563 -0.025738
0.00637 -0.00419 -0.01612
0.028335 -0.003188 0.009737
0.002181 -0.037444 -0.028657
-0.028541 0.00318 -0.050502
0.033975 0.004356 0.006062
0.035392 -0.012258 -0.159887
-0.012652 -0.023543 -0.016547
0.02747 -0.038202 0.010181
-0.021595 0.023981 -0.354974
-0.001519 -0.023583 -0.313656
0.032213 0.019563 -0.135283
-0.042231 0.008536 -0.356067
0.003229 0.043734 -0.027065
0.033834 -0.023095 -0.058343
-0.016814 0.026301 -0.34679
-0.002856 -0.031062 0.0
0.040264 -0.011263 -0.037811
0.015592 0.052229 -0.034835
-0.038353 0.041594 -0.274868
-0.011142 0.018483 -0.031952
-0.000889 -0.012984 -0.281895
0.013047 0.041677 -0.128494
-0.041362 0.018729 -0.337639
-0.003592 -0.019304 -0.352538
0.012999 -0.029549 -0.360072
0.04132 -0.021755 0.008219
-0.033848 -0.009236 -0.370009
-0.015888 -0.051094 -0.313649
0.001582 -0.035775 0.026373
0.028069 0.020604 -0.207798
-0.038395 0.051581 -0.084636
0.024339 -0.042398 0.015448
-0.023097 0.001285 -0.260622
-0.012874 -0.041894 -0.032876
0.008035 -0.038975 -0.028675
0.003158 -0.034731 -0.024034
-0.029248 -0.007061 -0.016553
-0.009655 -0.042907 -0.175448
-0.02 -0.0153 0.0069
0.029 0.00392 0.009777
-0.044951 0.002808 -0.313616
-0.017866 0.037699 -0.039876
0.002162 -0.037445 0.028662
0.007136 -0.046903 -0.017785
-0.00165 0.038344 -0.02941
0.013716 -0.04338 -0.024081
-0.013716 0.039303 0.026524
-0.005037 -0.031995 0.012731
0.002813 -0.039823 0.029812
-0.013971 -0.042898 -0.313568
0.019777 0.035879 -0.017882
-0.036422 0.050534 -0.067116
0.032965 0.002912 -0.067593
-0.067007 0.016994 -0.100962
0.0106 -0.03871 0.0277
-0.022049 0.035246 -0.012786
0.025321 0.005742 -0.067575
-0.023022 -0.009353 -0.376695
-0.0278 0.025 -0.36002
-0.019446 0.029636 -0.317317
0.038085 0.006366 -0.055266
-0.020129 0.051478 -0.122373
-0.016868 0.0296 -0.006257
0.026806 -0.011176 -0.067653
-0.004295 0.042037 -0.346327
-0.005463 -0.048578 -0.007217
-0.016482 -0.019241 -0.062086
-0.027426 0.041847 0.010117
0.039841 0.0 -0.047033
-0.018774 -0.005928 -0.069219
-0.046929 0.019193 -0.288044
0.008354 0.004154 -0.336864
-0.033514 -0.018457 -0.35907
-0.0 -0.040904 0.029769
0.018681 -0.017995 -0.039696
0.025378 -0.028481 -0.004729
0.005677 -0.043072 -0.360092
0.009024 -0.046168 -0.288619
0.036244 0.0 -0.027814
0.02744 0.022949 -0.062203
0.003604 0.008328 -0.011523
-0.020001 0.004089 -0.379241
-0.002774 0.020926 -0.362413
-0.028637 0.010586 -0.012952
-0.025682 0.042532 0.012809
-0.027297 0.036569 -0.004356
-0.005663 0.031189 -0.001454
-0.008033 -0.043488 0.026404
0.007294 -0.042445 -0.149213
-0.004762 0.032185 -0.014036
0.040064 0.015231 -0.028049
-0.011455 -0.00318 -0.050502
0.031262 0.006186 -0.330009
0.013161 0.032358 0.008621
-0.003735 0.040661 0.029638
-0.017558 0.0244 -0.313616
-0.017453 0.031505 -0.052351
-0.017644 -0.033409 -0.010029
-0.02 0.0369 -0.0147
-0.041692 0.040245 -0.271457
0.009949 0.042398 0.027113
0.01756 0.040511 0.024171
-0.021389 -0.046656 -0.279656
0.00155 0.020103 -0.311182
-0.038434 -0.047514 -0.100241
0.005483 0.015273 -0.324783
-0.011554 0.010238 -0.048777
-0.013609 0.029423 -0.0203
-0.02963 -0.00751 -0.037811
-0.028671 0.005729 -0.375924
-0.062847 -0.0043 -0.164924
-0.000493 0.037583 -0.217699
-0.01933 0.043228 -0.02017
0.040023 -0.003533 -0.014679
-0.014989 0.0236 -0.055316
-0.02 0.022937 -0.357889
-0.010885 0.014362 -0.299943
0.013381 -0.04337 -0.305677
0.010822 -0.039016 -0.027753
-0.02 0.0399 -0.03
0.028808 -0.041011 0.007294
0.006405 -0.051096 -0.049349
0.019625 0.016448 -0.011198
0.024059 -0.04 0.017816
0.0209 -0.039321 0.021343
0.0077 -0.00027 -0.3428
-0.024365 -0.043093 0.014038
0.013379 -0.042959 -0.321116
-0.043906 -0.043389 -0.282366
-0.006153 0.008639 -0.37002
0.010733 -0.034908 -0.022199
-0.025901 0.015377 -0.001748
0.03726 -0.0122 -0.10394
-0.006416 -0.05234 -0.0766
0.023847 0.041026 -0.330037
-0.018659 -0.047202 -0.293636
-0.025623 0.026039 -0.050559
0.040026 -0.003533 -0.045322
-0.018531 0.054006 -0.066165
0.022184 0.031653 -0.039735
-0.009327 -0.041171 0.028216
0.038637 -0.0 -0.006287
-0.025248 -0.023641 -0.28419
-0.02495 -0.035702 0.008649
-0.041266 -0.018274 -0.341766
-0.024964 0.013183 0.002028
0.018431 -0.043055 0.021276
-0.02852 0.023704 -0.036684
0.009631 -0.004611 -0.32
-0.002738 0.020049 -0.347207
-0.007962 0.048135 0.010017
0.018905 -0.006716 -0.050523
-0.004265 0.039831 -0.029655
-0.020202 0.0 0.040961
0.03745 0.0052 -0.09541
0.021517 0.045474 0.01006
-0.023142 -0.018146 -0.063302
-0.031735 0.016588 -0.36348
0.020792 0.030098 -0.186618
-0.043 0.01636 -0.30101
-0.015177 0.026871 -0.296444
-0.012489 -0.045579 -0.327737
-0.023766 0.025571 -0.056808
-0.011888 0.009536 -0.299939
-0.002658 0.04376 -0.02707
-0.032386 -0.046009 -0.279589
-0.033588 -0.025324 -0.338009
-0.020571 -0.005414 0.009518
-0.049744 -0.001754 -0.325644
0.007117 0.037817 0.028199
-0.013229 0.040097 0.026819
-0.010036 -0.040001 -0.028236
0.018681 0.017995 -0.020304
0.03731 -0.0277 -0.0222
-0.035179 -0.018317 -0.283254
-0.029097 -0.041928 0.00151
-0.00672 0.036727 -0.027085
0.02477 -0.0341 -0.0147
-0.0081 -0.04243 -0.0277
-0.041956 -0.020545 -0.324048
0.019299 -0.020622 -0.018412
-0.021715 0.01363 -0.027819
-0.017306 0.046449 -0.011423
0.021035 -0.042626 -0.286778
0.017633 0.037147 -0.022245
-0.00704 0.040348 -0.02912
-0.02102 -0.033638 -0.002903
0.015469 -0.041219 -0.300993
-0.04736 -0.027486 -0.082173
0.019124 -0.021408 -0.022177
0.005714 0.031209 -0.002907
-0.021518 -0.011992 -0.067622
-0.027852 -0.038128 0.008667
0.028539 -0.009428 -0.068817
0.030311 0.037228 -0.016472
-0.005766 0.036559 -0.02707
0.030573 -0.01241 -0.067593
-0.051835 -0.022379 -0.083552
-0.010888 -0.018199 -0.04696
-0.004207 0.016631 -0.281958
0.006081 -0.010275 -0.298469
0.033194 0.007476 -0.19982
0.01033 0.039346 -0.259252
-0.012745 -0.039999 0.027087
0.014619 0.034602 -0.018959
-0.014589 0.05333 -0.03057
-0.037436 -0.021704 -0.343041
-0.00406 0.039485 0.029634
0.03067 0.021 -0.27539
-0.001581 0.040743 0.029775
0.0149 -0.03553 -0.0212
-0.009949 -0.039819 -0.028279
-0.007335 0.02478 -0.299297
-0.009437 -0.046157 -0.142573
0.026901 0.032246 -0.052434
0.02345 -0.012124 0.003271
-0.026845 0.014482 -0.004748
-0.016095 0.044069 -0.021266
0.00158 -0.046036 0.02217
-0.015882 0.021239 -0.360882
-0.029563 -0.011484 -0.03
0.007 0.03671 -0.36003
0.025999 -0.030524 -0.329974
-0.017206 0.012879 -0.373485
-0.02443 0.04368 -0.278989
-0.015837 0.029389 -0.322221
-0.026726 0.042826 -0.168687
-0.017627 0.006929 0.008188
-0.021042 -0.021663 -0.036437
0.009867 0.013428 -0.362888
0.0332 0.033312 -0.012941
-0.001489 -0.021637 -0.339622
0.006083 0.009796 -0.298484
-0.059534 -0.004731 -0.182144
0.009757 0.040516 0.028296
-0.040215 -0.019445 -0.29824
-0.003005 0.001244 -0.362011
-0.01018 -0.047421 -0.333062
0.025186 -0.023614 -0.059611
0.0367 0.025471 -0.01296
-0.026086 0.007538 0.000752
-0.018226 0.049181 -0.039953
-0.010857 0.042693 -0.02643
0.014267 -0.034532 -0.018961
-0.015334 0.029216 -0.313732
0.004492 -0.015805 -0.334841
-0.009018 0.04414 0.024953
0.01921 -0.013409 -0.048762
-0.033391 -0.021686 -0.352161
0.027463 -0.036538 0.002907
-0.006123 -0.041898 -0.028653
-0.013891 0.028872 -0.312659
0.01865 0.039327 0.023263
-0.013906 0.007537 -0.060752
0.018648 -0.017822 -0.0203
0.029726 -0.040273 -0.058483
-0.01275 0.022916 -0.354876
0.023009 -0.03023 -0.240343
-0.028561 0.024006 -0.289534
-0.04268 -0.04425 -0.119205
-0.024554 0.051597 -0.116106
0.027072 0.028607 -0.056964
-0.009818 0.0456 0.021237
-0.004058 -0.033774 0.021239
-0.018491 0.037651 0.022178
-0.005613 -0.048558 0.007217
0.008251 -0.040694 -0.028727
-0.016247 -0.029004 -0.335355
0.001356 0.040179 -0.02988
0.004163 0.040348 -0.029649
0.004316 -0.054375 -0.329961
0.009515 0.004162 -0.314256
0.02246 0.049655 -0.026027
0.001077 -0.035376 -0.025655
-0.02996 0.002 -0.04695
0.04001 0.010818 -0.018427
-0.018793 0.039524 -0.028052
-0.027591 0.042711 -0.007278
0.007 -0.04329 -0.35997
-0.024181 -0.044068 0.011463
0.008529 -0.043831 -0.025689
-0.014688 -0.00638 0.00323
0.021691 -0.02417 -0.00951
0.007392 -0.009025 -0.336562
-0.016257 -0.032478 -0.002914
0.030745 -0.027344 -0.00158
-0.008 -0.013283 -0.362263
-0.024966 0.034772 -0.028015
0.030875 -0.039938 -0.044617
0.017707 -0.007067 -0.018422
0.011771 0.042298 0.026457
-0.041597 0.0201 -0.311886
0.020977 0.021507 -0.009465
0.005863 -0.000966 -0.363009
0.010203 -0.045598 -0.33501
-0.0395 -0.02147 -0.33618
0.0117 0.04351 -0.0249
-0.039919 -0.045689 -0.116449
0.03135 0.016082 -0.27572
0.016157 -0.047556 0.002908
-0.005179 -0.034771 -0.299853
-0.020989 0.000729 -0.069707
0.010765 -0.042744 -0.134812
-0.002856 0.048938 0.0
0.02971 -0.025006 0.000995
-0.008861 -0.007566 -0.373561
-0.067614 -0.003712 -0.132798
0.035364 -0.006381 0.003241
-0.00194 -0.051676 -0.07966
-0.013585 0.046264 0.016646
0.024077 -0.005039 -0.066058
0.026552 -0.011057 -0.360056
0.004762 0.032185 0.014036
-0.019548 -0.035777 0.017864
-0.007849 -0.020749 -0.356325
-0.026252 0.015861 -0.056763
-0.051656 0.033736 -0.268646
-0.018913 0.02792 -0.330022
0.009369 -0.038099 -0.027758
-0.017165 0.034191 -0.012855
0.000553 0.039575 -0.029866
-0.057632 -0.008867 -0.190144
0.0065 -0.013231 -0.330645
0.027918 -0.004563 0.009523
-0.027106 0.03586 -0.035529
0.024 0.008983 0.005168
-0.029514 -0.022715 -0.3547
0.0011 -0.038312 -0.029414
-0.039951 0.042628 -0.284658
0.022145 -0.022621 -0.006276
0.030786 -0.004852 -0.069216
-0.006164 -0.007816 -0.370859
0.007534 -0.011801 -0.314661
-0.02 0.015203 -0.268702
-0.02 -0.010402 -0.376401
-0.017415 0.005627 -0.068189
0.010917 -0.044627 -0.336505
0.02285 -0.0085 0.0032
0.044104 0.0 0.011812
-0.047739 -0.03438 -0.073624
-0.015903 -0.04733 0.007228
-0.025266 0.016611 -0.059513
-0.020365 -0.007507 -0.069232
0.021112 -0.043456 -0.017861
0.012382 -0.047253 0.012732
-0.012452 0.02434 -0.039696
0.010818 0.036707 -0.025642
0.02891 -0.028041 -0.280141
-0.041222 -0.001754 -0.362264
0.034549 0.012124 -0.06327
-0.020198 0.003768 0.009772
-0.02 -0.010311 -0.263585
-0.0284 -0.028561 -0.330395
-0.017049 0.009558 0.006935
0.011306 -0.048266 -0.002902
0.004202 0.017515 -0.015345
-0.029143 0.041018 -0.005873
-0.0563 0.012576 -0.282738
-0.014301 -0.005161 -0.04726
0.011202 -0.038192 0.02712
0.033773 0.027914 -0.006149
-0.016916 -0.029893 -0.326133
-0.011656 0.017535 -0.043448
-0.034542 -0.03933 -0.186107
-0.019011 0.000729 0.009707
-0.021032 -0.030129 -0.317928
0.027189 0.037337 0.008661
-0.002813 0.039823 -0.029812
0.013372 -0.04119 -0.026489
-0.001578 0.044943 -0.024928
0.001356 -0.040179 0.02988
-0.013716 0.03662 0.024081
0.001224 -0.001755 -0.362265
0.007633 -0.010479 -0.330954
0.014434 0.042365 0.024967
-0.011054 0.048052 0.007203
0.030383 0.023055 -0.062237
0.023068 -0.041173 -0.291667
0.028355 0.021288 -0.250007
0.0106 0.03232 0.0114
0.017143 -0.0 -0.024149
-0.02451 -0.020808 -0.362694
0.0228 0.042199 0.017913
0.025958 -0.031935 -0.293433
0.035816 0.031653 -0.020265
0.005706 0.014055 -0.017323
-0.013688 0.026299 -0.295314
-0.011355 0.031699 0.001451
0.01839 0.014559 -0.018444
0.036128 0.027388 -0.012903
-0.014176 0.025429 -0.348298
-0.025385 -0.040913 -0.015437
-0.041059 -0.034565 -0.208469
-0.00361 0.045238 -0.024034
-0.034906 0.042632 -0.278305
0.028104 -0.027836 -0.001623
0.023026 0.023625 -0.004658
-0.002858 -0.048908 0.002905
-0.024365 0.036907 0.014038
-0.003265 -0.042476 -0.028638
-0.013535 0.021755 0.039895
-0.0041 0.04123 -0.0294
-0.02102 0.03364 -0.002903
0.0176 -0.04528 -0.0166
0.016043 -0.047405 0.005818
-0.023953 -0.013252 -0.064204
-0.026024 -0.036716 0.010016
-0.007412 0.041328 0.028691
-0.025001 0.0236 -0.004685
-0.001412 -0.018274 -0.290068
-0.019974 -0.023153 -0.313606
-0.020855 0.053856 -0.090492
-0.017058 0.043717 -0.169169
0.023549 -0.017833 0.000752
-0.010002 0.027516 -0.309513
0.005808 -0.035709 -0.025632
0.008409 0.048435 0.005808
-0.031587 -0.045017 -0.329964
-0.016828 0.008309 0.006945
0.0 -0.03463 0.023993
-0.031529 -0.039135 -0.201095
-0.017593 0.002187 -0.068731
-0.014679 0.024242 -0.006223
0.031567 0.038176 -0.022085
-0.012944 -0.027968 -0.026098
-0.02571 0.0486 -0.05789
0.037106 0.008108 -0.001762
-0.0256 -0.03682 -0.0114
0.017468 0.039328 0.024142
0.030369 -0.010695 0.008209
-0.026372 -0.0 0.000722
0.03009 -0.032832 -0.007604
0.023216 0.022438 -0.056819
0.02636 0.004291 -0.068739
0.033533 0.018391 -0.062094
-0.02077 0.027824 -0.058375
-0.02695 -0.038212 0.011549
0.035563 0.017653 -0.00175
-0.01307 0.0277 -0.0378
-0.027722 -0.028984 -0.327441
0.02409 0.045107 -0.005843
-0.023838 -0.022057 -0.059614
0.005808 0.03571 -0.025631
-0.005299 -0.041664 -0.005299
-0.002615 -0.021663 -0.296917
-0.001579 -0.044601 0.025656
0.022624 -0.041552 -0.286432
-0.005748 0.015543 -0.277788
-0.023558 0.016931 -0.063267
-0.028284 0.037268 0.002968
-0.002514 -0.023429 -0.334397
0.021813 -0.028208 -0.014632
-0.027578 0.019797 -0.012932
-0.005611 -0.048656 -0.005811
0.03281 0.0307 -0.0522
0.023953 0.024297 -0.003117
-0.006123 0.038102 -0.028653
-0.018887 0.014426 0.00697
-0.032007 -0.044421 -0.289075
0.033122 0.032487 -0.048799
-0.019477 -0.0 -0.069846
-0.02102 0.046362 -0.002903
0.039792 -0.003534 -0.012946
0.021543 -0.020373 -0.053767
-0.048947 0.017112 -0.088297
-0.028541 -0.00318 -0.009498
-0.019394 -0.043254 -0.296322
-0.000455 0.022148 -0.327245
0.00999 0.038395 -0.027744
0.02641 -0.038827 -0.032027
0.018165 -0.01059 -0.016553
-0.027467 0.043467 0.002908
-0.000984 0.023702 -0.033455
-0.023085 -0.000212 -0.260567
-0.01286 0.033528 -0.313644
-0.016916 -0.003391 -0.379113
-0.0254 -0.02965 -0.31558
0.026415 0.036654 -0.00862
0.009844 -0.046841 -0.311863
-0.005605 -0.039667 -0.029424
0.022636 -0.006381 -0.063241
-0.0195 0.04585 -0.0114
0.027971 -0.039065 0.010161
0.006676 0.036256 -0.026388
0.026729 0.014581 -0.346404
-0.011433 0.040129 -0.027607
-0.008191 -0.026776 -0.305546
-0.009949 0.040181 -0.028279
0.014775 -0.048886 -0.03827
-0.04474 -0.044246 -0.093396
0.027291 -0.001455 0.009504
-0.035696 0.024753 -0.329479
0.020013 -0.032994 -0.187946
0.030355 -0.03887 -0.022104
0.00055 -0.041716 -0.02941
0.00158 0.033964 0.02217
0.039176 0.000254 -0.074667
-0.017947 0.025395 -0.059659
-0.021313 0.037283 -0.018955
0.012584 -0.041476 -0.307767
0.021794 -0.045645 0.008634
-0.011797 0.04328 0.009053
-0.023724 -0.002903 0.006935
-0.035 0.043452 -0.289763
-0.016347 -0.037158 0.023181
-0.013405 -0.01634 -0.055266
0.03164 0.004291 0.008739
-0.02201 -0.005593 0.008732
-0.013585 -0.046265 -0.016646
-0.013344 0.028005 -0.334887
-0.016829 -0.005088 0.007543
-0.026433 -0.033232 -0.36008
-0.010888 0.048122 -0.33004
0.01568 -0.041461 -0.024991
-0.003162 0.044139 -0.026383
-0.014149 -0.033272 0.014048
-0.018407 -0.036942 0.021278
-0.006209 -0.042849 -0.027742
0.006437 0.033321 0.018942
-0.045205 -0.003279 -0.346288
0.01388 0.047984 0.0
-0.0 0.035727 0.026341
0.001951 0.040096 0.029841
0.037415 -0.022804 -0.012926
-0.02587 0.0235 -0.0522
-0.0204 0.044287 -0.016702
0.005313 -0.048477 0.008621
-0.028976 -0.041878 0.003015
-0.049744 0.001251 -0.314356
0.01661 -0.040096 -0.024865
0.026126 0.03908 0.01417
0.014267 0.045468 -0.018961
-0.011268 -0.042741 -0.257378
-0.034425 -0.016013 -0.361832
-0.013304 0.04523 -0.346403
0.013312 -0.031399 -0.363207
-0.014118 -0.004256 -0.062009
0.027828 0.000729 0.009717
-0.04601 -0.036917 -0.067515
0.0299 0.04 0.0
-0.024339 0.042398 0.015448
0.035456 -0.034373 -0.044796
0.0215 -0.0317 -0.23965
-0.034036 -0.037614 -0.220624
0.019299 0.020622 -0.041588
0.007959 -0.032034 0.011417
-0.000112 0.044592 -0.313722
-0.001699 0.023369 -0.013851
-0.02 0.039732 -0.033916
0.013629 0.032186 -0.005812
0.035131 -0.017665 -0.346363
-0.0312 0.00559 -0.2658
-0.033667 -0.043842 -0.28726
0.040877 0.00376 -0.026093
0.027931 0.039018 0.010073
-0.020908 -0.004562 0.009516
-0.04228 -0.009112 -0.355699
-0.019892 0.039467 0.02234
-0.023124 -0.0296 -0.006257
-0.0094 -0.0117 -0.37119
-0.014551 -0.046614 0.014051
-0.019254 -0.004989 -0.069522
-0.023884 0.036623 -0.033907
0.009949 -0.040181 -0.028279
-0.053835 -0.02215 -0.081519
-0.014861 -0.00556 -0.298483
0.03074 0.0141 0.0069
0.024457 -0.044833 -0.048935
0.030293 0.025978 -0.115824
-0.007813 -0.027422 -0.313522
-0.019799 -0.003768 -0.069773
-0.024014 -0.027885 -0.006174
-0.016257 0.047522 -0.002914
-0.02555 -0.0 0.0032
-0.010262 -0.012802 -0.29785
0.024535 0.045238 0.001478
-0.002566 -0.021702 -0.343041
0.002224 0.045052 -0.313697
-0.006724 0.039147 -0.029068
-0.010585 -0.007062 -0.04157
0.009933 -0.04486 0.023132
0.029437 0.001381 -0.069854
0.004761 0.047586 -0.015336
-0.02451 0.020299 -0.277305
-0.037284 -0.024477 -0.326299
-0.014367 -0.026039 -0.050559
0.027242 0.042625 0.008728
-0.002658 -0.048584 -0.008616
-0.010758 -0.007287 -0.016553
-0.051992 0.028835 -0.28743
0.018491 -0.042349 -0.022178
-0.027927 0.013055 -0.050482
-0.009847 0.041026 -0.330037
-0.023719 -0.051658 -0.083713
0.009889 -0.046411 -0.328902
-0.024798 0.035876 -0.064442
0.026729 0.014603 -0.31362
-0.005614 0.048441 -0.008621
-0.015952 0.023077 -0.001677
-0.022989 0.035634 -0.043564
0.038518 0.013057 -0.009515
0.002001 -0.005559 -0.361014
0.028006 0.002109 -0.06972
0.0011 0.041688 -0.029414
-0.024215 -0.019079 0.000804
-0.025715 0.006961 0.002
-0.017318 -0.0436 0.021299
0.025417 -0.039182 0.015502
0.001076 -0.036608 -0.027724
0.005175 0.03788 -0.028681
0.039586 -0.018426 -0.026089
-0.002676 0.038471 0.029413
0.024626 0.034688 -0.043447
-0.029247 0.007061 -0.043447
0.021112 0.036544 -0.017861
0.012382 0.032747 0.012732
0.027469 0.011695 -0.346371
0.023223 0.034235 -0.022156
-0.025641 0.044313 0.005832
-0.01348 -0.03047 -0.03
-0.016162 -0.036424 -0.024144
0.008097 -0.006128 -0.303149
-0.017282 0.028052 -0.300992
-0.001097 0.037384 -0.028656
-0.007615 0.039705 -0.196727
0.020476 -0.034676 -0.012752
0.017073 -0.003834 -0.03
-0.02 0.003921 -0.069782
-0.018907 -0.036527 -0.04547
0.020641 0.018146 -0.052262
0.004761 -0.047586 0.015336
0.001633 -0.042143 -0.029065
0.030822 0.019446 -0.06434
-0.004649 0.025442 -0.32002
0.00055 -0.038284 -0.02941
0.027469 -0.018246 -0.346345
-0.003898 -0.040128 -0.029626
-0.00751 0.006533 -0.298148
0.014694 -0.045363 -0.096506
0.002159 -0.042969 -0.028214
0.010755 -0.047831 -0.010004
-0.054707 0.03101 -0.272502
-0.02 -0.01689 -0.36979
0.038545 0.009535 -0.052231
-0.00897 -0.028027 -0.324283
0.015139 0.036036 0.02221
-0.038862 -0.006264 -0.365079
-0.011636 -0.035508 0.023126
0.010664 -0.039694 -0.301977
0.02363 -0.042256 0.01672
-0.027293 -0.043426 0.004356
-0.016241 -0.026835 -0.346597
0.001077 -0.043842 0.027059
-0.01692 -0.036769 -0.020224
0.003077 -0.004767 -0.35723
-0.003582 0.015878 -0.364209
-0.032372 0.03482 -0.212467
-0.013264 0.017667 -0.053761
0.001825 0.010015 -0.28462
0.001134 -0.020543 -0.307801
-0.004341 0.036259 -0.299864
-0.027074 0.022492 -0.047058
-0.015702 0.011455 -0.06422
0.007204 -0.038899 -0.302521
-0.00238 -0.032563 0.016623
0.014523 -0.036355 0.023166
-0.019704 0.035028 0.015382
-0.023569 -0.035966 0.012786
0.0058 0.04 -0.0294
0.035639 0.0314 -0.041676
-0.032667 -0.044307 -0.288359
0.034653 0.012403 -0.137789
0.032446 0.021893 -0.313638
0.005415 0.040369 -0.259524
0.01612 0.043014 -0.01612
-0.011101 0.001294 -0.262991
-0.036077 0.008721 -0.367156
0.028122 -0.004989 -0.069526
-0.003265 0.037524 -0.028638
0.025718 0.041578 0.014249
-0.020495 -0.038683 -0.021372
0.008412 0.048511 -0.004356
-0.030912 0.043615 -0.282159
-0.016044 0.047409 -0.005819
0.02968 0.005414 0.009523
0.02995 -0.040701 -0.053096
-0.015609 0.0109 0.004216
-0.005581 0.025533 -0.310557
0.01857 -0.018214 -0.022184
0.004618 0.045356 -0.313771
-0.012451 0.040512 0.027141
-0.027217 0.025589 -0.293511
0.0209 -0.040679 0.021343
0.026317 0.007533 0.008208
0.0 0.04537 0.023993
0.022412 -0.017653 -0.001748
0.03455 -0.012124 -0.063271
0.03356 -0.017799 -0.164788
0.026363 -0.041702 -0.012914
0.027675 -0.03786 -0.018316
0.001697 -0.048891 -0.31696
-0.011338 0.053976 -0.041164
-0.047356 0.004124 -0.297478
0.029327 0.01802 -0.24384
0.017 0.03135 -0.36003
-0.009597 0.018809 -0.360091
-0.018569 -0.045164 -0.296404
0.033494 0.027018 -0.055374
-0.019596 0.011329 -0.068315
-0.00531 0.048166 -0.011423
-0.008 0.027125 -0.364126
-0.005378 -0.022085 -0.361956
0.027672 -0.014428 -0.066972
-0.033995 0.00725 -0.269225
0.00608 0.038839 -0.0291
-0.00902 -0.037241 -0.027051
0.014415 -0.04814 -0.026062
0.029367 -0.025222 -0.282899
-0.033474 -0.021802 0.025688
0.007862 -0.047222 -0.309185
0.028649 0.037409 -0.08032
0.02308 0.0414 -0.29697
-0.020001 -0.023782 0.002051
-0.005439 0.025534 -0.328486
0.000181 -0.036887 -0.326068
-0.020944 -0.032811 -0.007607
0.037231 -0.011282 -0.003284
-0.06327 0.001 -0.08549
0.022739 -0.028618 -0.011138
0.0063 0.04459 0.0249
0.023127 -0.034469 -0.0359
-0.009833 -0.043027 -0.299844
0.037877 -0.009067 -0.004747
0.001581 -0.039257 -0.029775
-0.02003 0.04348 0.019016
0.00165 -0.038344 -0.02941
-0.063331 -0.017175 -0.139819
-0.014155 -0.037917 -0.346325
0.001579 -0.04534 0.024023
-0.016262 0.035223 -0.018427
-0.00856 -0.003153 -0.265014
0.024922 -0.000723 0.007571
-0.008 -0.033711 -0.364082
-0.0094 0.0111 -0.37121
-0.020185 -0.045139 0.014085
-0.001618 -0.02998 -0.022855
-0.0 -0.03694 -0.028181
0.017143 0.0 -0.035851
-0.023 -0.04285 0.0166
-0.01558 -0.0427 -0.30451
-0.02484 0.022419 -0.056798
-0.029527 0.011413 -0.026095
-0.04762 -0.0409 -0.28088
0.020148 -0.023382 -0.016544
0.035754 0.031779 -0.03977
-0.009848 -0.047552 -0.329963
0.004759 -0.047335 -0.016632
-0.045445 -0.03466 -0.179896
-0.018566 0.001456 -0.069494
-0.015123 -0.017319 -0.368207
-0.009244 -0.019578 -0.360387
-0.016245 -0.027425 -0.295986
-0.010344 0.028042 -0.315714
-0.025727 0.032096 -0.022152
-0.028108 -0.02745 -0.339264
0.020026 -0.038096 0.021317
0.003735 0.03934 -0.029637
0.017573 -0.003761 -0.041573
0.035516 -0.004257 -0.063253
-0.0132 0.026919 -0.041558
0.020059 -0.031924 -0.21538
-0.012706 -0.005409 -0.056746
-0.014725 -0.020815 -0.056717
-0.013585 0.033735 -0.016646
0.020596 0.027843 -0.035853
-0.056472 0.038983 -0.111381
-0.024775 -0.0 0.005092
0.002807 -0.04885 0.004358
0.00531 -0.031834 0.011423
-0.022739 -0.029337 -0.306565
0.038392 -0.027989 -0.045127
0.027469 0.008134 -0.068757
-0.003152 -0.038567 -0.029416
0.029466 0.009417 0.008774
-0.029711 0.007512 -0.035859
-0.024634 -0.026338 -0.053851
-0.006209 0.037151 -0.027742
0.019085 -0.043196 -0.284227
-0.029712 -0.007587 -0.035859
-0.040025 -0.018367 -0.345859
-0.008463 -0.031486 -0.004359
0.012516 0.043801 -0.024003
0.037229 0.011282 -0.003285
0.0106 0.04768 0.0114
-0.010875 -0.022702 -0.355184
-0.006209 -0.04285 0.027742
0.007392 0.008518 -0.303437
-0.047664 -0.001731 -0.342724
-0.02776 -0.046268 -0.292371
-0.007117 0.042183 0.028199
0.033977 -0.00883 -0.193325
-0.019795 -0.001809 -0.069864
-0.014269 0.032096 -0.022152
0.005077 -0.039193 0.029414
0.02293 0.043963 -0.014088
-0.008409 0.048435 0.005808
0.006481 -0.038182 -0.315502
0.038914 0.003182 -0.05223
-0.043469 -0.018246 -0.346345
-0.01147 0.0141 -0.0453
0.027911 0.037297 0.005857
0.023104 0.01605 0.000796
-0.017758 -0.038788 -0.031924
0.020221 -0.034576 -0.249453
-0.011859 0.011539 -0.267348
0.026136 -0.002187 -0.068744
-0.019448 -0.007355 0.009224
-0.036539 -0.007827 -0.367661
0.020027 0.041904 -0.021319
-0.011842 -0.006358 -0.05223
-0.0306 0.0111 -0.37121
0.030358 -0.039402 -0.033909
-0.007157 0.037348 0.027732
-0.003724 0.019261 -0.362254
-0.024933 -0.045101 -0.271327
0.04076 -0.007592 -0.031955
0.02294 0.029023 -0.011079
-0.021322 0.012407 0.007584
-0.035231 0.030298 -0.313762
0.010605 0.043279 0.010605
-0.023221 -0.004362 -0.067562
-0.040931 -0.021615 -0.324043
0.001939 0.041665 -0.00724
0.001097 0.037384 0.028656
-0.00158 -0.033964 0.02217
-0.006668 0.025558 -0.305691
0.034723 -0.0 -0.065105
0.011812 0.0 -0.044104
-0.016755 0.026969 -0.295768
0.020439 -0.042992 -0.087045
0.010036 0.040001 -0.028236
0.021275 -0.017211 -0.055293
0.009033 0.016325 -0.295702
-0.03417 -0.048 -0.11091
-0.024933 -0.016097 -0.270212
0.020045 -0.019913 -0.298077
-0.015202 -0.018868 -0.059478
-0.008983 -0.03672 -0.026394
0.017083 -0.003834 -0.031952
0.024978 0.019608 0.002132
-0.003785 0.042847 0.028186
0.009156 0.033319 0.017761
-0.002655 -0.044558 -0.025669
-0.052504 0.035921 -0.276292
0.013585 -0.033736 -0.016646
-0.007251 -0.027344 -0.31998
-0.049641 0.031849 -0.080771
0.029 0.036104 -0.047092
0.025688 -0.04 0.015349
-0.009479 -0.035483 0.024051
-0.017557 0.024371 -0.346419
-0.047583 -0.029186 -0.208544
-0.022404 0.002187 0.008731
0.000407 0.018899 -0.341095
-0.048243 -0.001033 -0.062287
-0.00044 0.039297 -0.251573
-0.026729 -0.029345 -0.325435
0.002857 -0.006212 -0.356971
-0.027911 -0.042703 -0.005857
-0.024279 -0.045178 0.0044
0.02285 -0.0085 -0.0632
-0.025822 -0.03226 -0.024131
-0.02898 -0.04 -0.00776
-0.006578 0.016276 -0.041398
-0.016844 0.046347 0.012733
-0.011355 -0.010586 -0.012951
-0.007209 -0.045283 0.023076
-0.003158 0.045269 0.024034
0.025389 -0.037625 -0.283519
0.003317 -0.052698 -0.329963
0.004168 -0.038205 0.029078
-0.019799 -0.003768 0.009772
-0.006542 0.038633 -0.210942
-0.016371 -0.046223 -0.01404
0.002711 -0.040352 -0.029794
-0.025673 -0.031731 -0.039754
0.032147 0.003697 -0.222799
-0.024774 -0.022695 -0.05681
-0.048237 0.005099 -0.062282
0.021827 -0.0 -0.061973
0.005697 -0.042506 -0.028233
-0.024117 0.021234 -0.36088
0.038965 0.021545 -0.035871
-0.051875 -0.020142 -0.215715
0.026024 -0.043284 0.010016
-0.017779 -0.038431 -0.035885
0.035616 0.002129 0.003239
-0.029555 -0.011486 -0.031954
-0.041165 0.002704 -0.277912
0.032813 0.023613 -0.05961
0.001633 0.037857 -0.029065
-0.036091 0.042567 -0.071703
-0.005175 0.04212 -0.028681
0.02325 0.0487 -0.04806
0.025885 -0.035089 -0.29136
-0.002811 0.037934 -0.217826
-0.024456 0.030574 -0.048844
-0.022388 -0.038445 0.019093
-0.014372 -0.007854 -0.298448
-0.044577 0.005796 -0.346366
-0.024089 -0.045105 0.005842
0.018905 0.006716 -0.009477
-0.00767 -0.043082 -0.02708
0.008412 0.031489 0.004356
0.028084 0.03051 -0.004493
-0.007734 0.026938 -0.31471
0.00597 0.005638 -0.347336
0.029 -0.037607 -0.016532
-0.066794 -0.00371 -0.140378
-0.021547 -0.014879 -0.346309
-0.004903 0.012948 -0.27547
0.012774 -0.041198 -0.328727
0.017014 -0.035751 0.02015
0.01473 -0.03517 -0.209656
-0.0226 -0.015733 -0.065239
-0.028815 0.0 -0.011243
0.02363 0.037744 0.01672
-0.041389 0.030809 -0.204306
0.011561 0.05373 -0.027249
-0.039295 0.020052 -0.341054
-0.019629 -0.001382 0.009849
-0.017344 0.043019 0.014616
-0.022456 0.016641 -0.369104
-0.015446 0.021499 -0.058278
-0.018852 -0.039362 -0.025988
0.03828 -0.0 -0.004783
0.003357 0.000328 -0.027797
-0.018415 0.02955 -0.324775
-0.027128 -0.008109 -0.003263
0.018441 -0.016027 -0.299892
0.008671 -0.001759 -0.337164
0.013266 0.033155 -0.223346
0.02598 0.04 0.015
-0.020554 -0.028985 -0.302951
-0.011202 -0.038192 -0.02712
0.029461 -0.009428 0.008817
-0.029926 -0.003758 -0.028046
-0.027771 -0.028557 -0.332297
0.004741 0.03731 -0.028215
-0.040136 0.042305 -0.07302
0.031108 0.034287 -0.049075
0.002807 0.03115 0.004358
-0.010376 0.038694 -0.243741
-0.016802 -0.024605 -0.354307
0.001976 0.018916 -0.306423
0.031403 -0.006062 -0.251924
-0.020755 -0.014736 0.006997
-0.013693 -0.019939 -0.053749
0.007501 0.04328 -0.012989
-0.010822 -0.039016 -0.027753
-0.020495 0.041317 -0.021372
0.009478 0.040188 -0.15619
0.006454 0.038239 0.02867
-0.017165 -0.034191 -0.047145
-0.002942 -0.048016 -0.336357
-0.031881 -0.045958 -0.057586
-0.008456 -0.046157 -0.020062
0.028097 -0.02706 -0.26023
0.024975 0.007058 0.006938
-0.016329 -0.022839 -0.358764
-0.013948 -0.000301 -0.378511
-0.015031 0.005711 0.004186
0.014941 -0.034344 -0.017801
-0.025089 -0.02898 -0.048892
0.017091 0.034719 -0.250906
0.0381 0.016096 -0.050525
-0.019409 0.023452 -0.062203
-0.015403 -0.047253 -0.008629
-0.012362 0.024557 -0.022188
0.0008 0.00558 -0.2784
-0.019022 0.012732 -0.06765
-0.031784 -0.041129 -0.313587
-0.023628 -0.042254 0.016719
-0.016589 0.029394 -0.314816
-0.002514 -0.023405 -0.305563
0.00275 0.021755 -0.042039
0.011887 -0.034385 -0.020116
-0.004058 -0.046227 0.021239
0.030325 0.03786 -0.018316
-0.029369 -0.003531 -0.016557
-0.048655 -0.001735 -0.337072
-0.003227 0.036728 0.027724
-0.04136 0.018758 -0.302392
-0.019999 0.026792 -0.000443
-0.003902 0.005112 -0.361888
-0.022863 0.002908 -0.068173
0.006518 -0.039669 -0.305228
-0.01589 -0.033934 0.015339
0.038601 0.014545 -0.06797
-0.000165 0.026379 -0.016448
-0.01868 -0.035879 0.019011
0.017519 -0.011488 -0.03
-0.02 -0.015639 -0.268681
0.0212 -0.04636 0.0
0.004428 0.011302 -0.345773
-0.009386 -0.050327 -0.308148
0.003785 0.037153 0.028186
0.028766 -0.003768 0.009771
-0.020025 -0.041903 0.021317
-0.024771 0.018868 -0.059477
-0.029514 -0.040996 0.002978
0.001581 0.040743 -0.029775
0.013433 -0.043838 -0.326284
-0.023085 -0.029886 -0.313827
-0.043659 0.006975 -0.28777
0.037351 0.012911 -0.084783
-0.012109 -0.032927 0.014036
-0.015445 -0.017826 0.000741
0.000687 0.024874 -0.296792
0.033292 -0.023156 -0.124425
-0.008969 0.027521 -0.324323
0.019494 -0.03881 0.022372
-0.027464 -0.028519 -0.306715
-0.020615 -0.026485 -0.059715
0.025682 0.042532 -0.012809
-0.00388 0.049323 -0.126749
-0.018857 0.037837 -0.01833
-0.027771 0.028046 -0.307703
-0.022258 0.036141 -0.015376
-0.03505 0.00711 -0.30001
-0.037358 -0.013308 -0.360979
0.020288 0.005889 -0.003237
0.029 0.039515 -0.024135
-0.027607 0.040129 0.011433
-0.009124 0.022259 -0.287087
-0.022506 0.023367 0.000786
-0.048114 -0.027759 -0.285169
-0.038668 0.042639 -0.151171
0.001649 -0.037855 -0.029062
0.003079 0.035809 -0.36015
0.015895 -0.014639 -0.297964
0.01768 0.039513 -0.11976
-0.022677 -0.029677 -0.330131
-0.021657 0.028862 -0.333841
-0.005463 0.048315 -0.010023
0.027521 -0.000103 -0.295364
0.034609 0.016705 -0.107997
-0.03092 0.023971 -0.347407
-0.039302 0.019019 -0.295502
0.027649 -0.012571 0.007625
0.013422 0.036743 -0.166587
-0.05837 0.00819 -0.08388
-0.014765 -0.024473 -0.286536
-0.016455 0.044426 -0.280379
-0.012804 -0.02313 -0.045323
-0.028443 0.008736 -0.374557
-0.016044 -0.047409 0.005819
-0.021108 0.028493 -0.336851
-0.023392 -0.001453 -0.067561
-0.021779 -0.034254 -0.049068
0.020912 -0.044498 0.015396
-0.013449 0.043471 0.024066
0.018159 -0.044755 0.017823
-0.022258 -0.007531 -0.068192
-0.055899 -0.020468 -0.179502
-0.03424 0.00427 -0.371878
-0.016002 0.006483 0.006012
0.002857 0.031067 -0.001451
-0.029216 0.015229 -0.028049
-0.045099 0.001216 -0.352762
-0.019778 -0.045468 -0.294439
-0.018919 -0.027465 -0.345027
-0.046593 -0.042977 -0.109266
-0.029148 -0.042091 -0.292312
0.042079 -0.021664 0.0
0.029841 0.040096 0.001951
0.004584 0.005735 -0.287792
-0.0218 -0.0029 -0.0692
0.039376 -0.011679 -0.058389
0.02075 0.027319 -0.020318
-0.005313 0.047989 -0.012731
-0.002658 0.032098 0.014028
-0.014344 -0.009467 -0.375908
0.009016 0.028331 -0.299879
-0.022049 -0.035246 0.012786
0.003248 -0.032943 -0.36372
-0.0146 -0.02966 -0.32438
-0.02555 -0.0 -0.0632
-0.020489 0.033814 0.007206
-0.02 -0.001687 -0.260262
-0.027337 0.023542 -0.016548
-0.020883 -0.049211 -0.313647
0.016907 -0.038507 0.024158
-0.039306 -0.043137 -0.069704
-0.025746 -0.039872 -0.224797
-0.010365 -0.043849 0.02494
-0.02652 -0.0108 -0.0582
0.029331 -0.040096 0.005835
-0.045268 -0.014516 -0.334845
0.03742 -0.002706 -0.058237
0.01875 -0.040526 -0.023283
-0.032391 -0.027439 -0.324287
-0.00158 0.046036 0.02217
-0.015979 -0.027885 -0.053827
-0.009022 -0.034608 0.02218
-0.014642 -0.043254 -0.035172
-0.006183 0.026636 -0.360115
0.036013 -0.004838 0.002029
-0.024701 -0.002903 0.005136
-0.018436 0.046879 -0.005814
-0.001384 0.017764 -0.349933
-0.019629 0.001382 0.009849
0.040436 0.003535 -0.018428
0.008595 0.053236 -0.043839
-0.020027 -0.038096 0.021319
-0.032345 -0.015952 -0.364505
-0.008983 0.04328 -0.026394
0.018436 -0.033121 0.005814
0.02151 0.006533 -0.298148
0.003609 0.034052 0.022182
0.002735 0.03793 -0.029048
0.023383 0.045074 -0.008642
0.023703 -0.030611 -0.011132
0.034348 0.016786 -0.112453
-0.052737 0.011501 -0.089357
0.014691 0.033472 -0.360175
0.037151 0.026926 -0.041561
-0.011671 0.021475 -0.024138
-0.022182 -0.04084 -0.207578
-0.035368 0.023104 -0.341294
0.027591 0.037289 -0.007278
-0.0022 -0.03838 -0.0294
-0.035941 -0.021291 -0.04626
-0.00724 0.041665 0.001939
0.009399 0.03467 -0.022181
-0.011204 -0.033604 -0.017793
-0.00278 0.0128 -0.278634
-0.007071 0.054897 -0.025803
-0.040903 -0.04258 -0.1404
-0.034157 -0.022451 -0.291752
-0.02898 0.04 -0.00776
-0.008 -0.023293 -0.36445
-0.033437 -0.042185 -0.287943
0.01657 -0.046157 -0.01404
0.001103 -0.041277 -0.02962
0.02987 -0.0072 -0.0692
-0.010228 -0.007513 -0.033906
-0.009328 0.041173 0.028219
0.013917 -0.043147 -0.30363
-0.014492 0.021721 -0.004776
-0.0 -0.041335 0.029614
-0.033677 -0.009151 -0.269874
0.004733 -0.034845 -0.024025
0.012406 -0.046051 -0.301976
0.028536 -0.003615 -0.069743
0.026952 0.04179 0.01155
-0.009927 0.036955 0.026363
-0.03108 -0.01834 -0.277843
-0.00537 0.025362 -0.014685
-0.005961 0.0 -0.045299
0.026024 0.036716 0.010016
-0.041026 0.004151 -0.278134
0.020696 -0.005409 -0.001749
-0.026788 0.017239 -0.053759
-0.008573 -0.045091 -0.023112
0.00544 -0.0474 -0.30304
0.031905 -0.011642 -0.066952
-0.011829 -0.046859 -0.015339
0.02477 -0.0058 0.0069
0.034297 -0.030611 -0.048868
0.0061 -0.0469 -0.29235
-0.022388 0.041555 0.019093
0.002656 0.048101 0.012722
0.022169 -0.0372 0.017788
-0.003152 0.041433 0.029416
0.022653 -0.024263 -0.006202
-0.008083 0.038224 -0.028243
-0.022069 0.022258 -0.280609
-0.052255 0.014582 -0.08878
0.032284 0.0 -0.032284
0.032683 -0.01205 -0.066041
-0.024361 0.044654 -0.296269
0.024319 0.040971 -0.29264
-0.023221 0.004362 0.007562
-0.001939 0.041665 -0.00724
0.029 -0.030843 -0.055319
0.003689 -0.038113 -0.029068
-0.01647 -0.0341 -0.0453
-0.024552 -0.044232 -0.010044
-0.02003 0.036521 -0.019016
-0.034337 0.0 0.030114
-0.013416 0.01634 -0.004734
-0.007413 -0.03261 -0.01533
-0.040782 -0.013189 -0.285838
0.027902 -0.035766 -0.047282
-0.032927 -0.044915 -0.287386
-0.02 -0.027348 -0.294551
-0.013541 -0.037209 -0.024985
-0.0 -0.04882 0.0058
0.021122 0.016355 -0.055289
0.0209 -0.040679 -0.021342
0.007773 -0.024203 -0.362984
0.017468 0.040672 -0.024142
-0.048507 0.029485 -0.288337
0.021091 -0.035566 0.015421
0.029684 0.021861 0.003337
-0.05768 0.023 -0.27415
0.021838 0.042758 -0.330038
-0.012242 -0.034094 0.018968
0.019684 -0.032347 -0.227095
-0.028842 -0.000297 -0.377156
-0.018112 0.024017 -0.060954
0.036038 -0.021763 -0.0922
-0.002657 -0.031556 0.010019
-0.042784 -0.016622 -0.055165
-0.055359 0.000424 -0.072206
-0.007415 -0.0388 -0.316421
0.027448 0.025979 -0.295414
-0.010822 0.040984 -0.027753
-0.022432 -0.040508 -0.229386
0.003568 -0.04635 -0.337665
-0.054167 0.012323 -0.285267
0.037511 -0.00859 -0.003247
-0.010303 0.037765 -0.027117
-0.003053 -0.013112 -0.011703
-0.036844 -0.004781 -0.271197
0.008906 0.0 -0.044797
-0.018516 0.027323 -0.058413
-0.012362 -0.024557 -0.037812
-0.007656 -0.045582 -0.022144
-0.044104 0.0 0.011812
0.015895 0.008165 -0.297979
-0.064314 0.008464 -0.155573
-0.028153 -0.006358 -0.00777
-0.014157 0.031402 -0.313668
0.02432 -0.02324 -0.29998
-0.0271 -0.03664 -0.0058
-0.003131 -0.033273 -0.028679
-0.01256 0.01223 -0.00629
-0.0227 -0.0108 0.0069
0.019752 0.044122 0.017884
-0.005663 -0.048735 0.00436
-0.026846 0.037452 0.010127
0.024077 0.005039 0.006058
0.002185 0.042108 0.029061
0.033096 -0.01536 -0.064246
-0.014111 -0.042895 -0.312121
0.017467 -0.046614 0.010023
0.005463 -0.048578 0.007217
-0.028856 -0.018553 -0.03
0.01625 -0.02324 -0.29998
-0.029986 0.043076 -0.277591
0.0248 -0.033312 -0.012941
-0.027988 0.018488 -0.069233
0.034688 0.036415 -0.059157
0.021728 -0.042283 -0.294718
-0.022015 0.005546 0.008746
0.037151 -0.026926 -0.018439
0.0246 0.035832 -0.010074
-0.025513 -0.021721 -0.055224
0.0 0.042224 0.029043
0.0 0.031388 -0.008604
0.01661 -0.040096 0.024865
0.0022 0.03838 -0.0294
0.036159 0.005005 -0.142226
0.02069 0.0277 -0.0222
0.0212 0.03364 0.0
-0.015243 -0.042959 -0.177369
-0.025417 -0.039182 -0.015502
-0.048478 0.00711 -0.33127
-0.030898 -0.026792 -0.337116
0.028316 0.021861 -0.063337
-0.023982 0.050801 -0.047439
0.036007 -0.032641 -0.058577
0.016389 -0.037923 0.024029
-0.031572 -0.038461 -0.229415
-0.020923 -0.009641 -0.055859
-0.019017 0.038185 0.022299
-0.0114 0.04 0.0277
0.02812 0.042774 -0.004406
-0.0112 0.03187 0.0058
0.005995 0.045062 -0.330039
-0.008046 -0.008111 -0.298091
-0.019449 -0.029379 -0.334199
0.00271 0.042934 -0.028208
0.029 0.01884 -0.065218
0.007962 -0.048135 0.010017
0.035285 0.030046 -0.073136
-0.027951 0.009532 -0.052222
0.000315 0.014055 -0.2868
-0.010263 0.006325 -0.297866
-0.000113 0.044565 -0.346352
0.02054 0.0 -0.0582
0.004734 -0.035605 0.025657
0.0022 0.04162 0.0294
-0.01077 0.0153 -0.03
-0.014044 0.012524 -0.059504
0.038855 0.009892 -0.050515
-0.025843 -0.032512 -0.033962
-0.017436 0.017776 0.004277
-0.025752 -0.006382 0.002
0.037138 0.017254 -0.006219
-0.011753 -0.009535 -0.050501
0.026203 -0.035587 0.0
-0.032102 0.015402 -0.36488
-0.022739 0.028826 -0.333435
0.005637 -0.034207 -0.022171
-0.041222 0.001244 -0.277736
0.02576 -0.0108 0.0069
-0.055126 -0.027956 -0.160812
0.020733 -0.017793 -0.298163
0.001956 0.020035 -0.324083
0.017 -0.003238 -0.297869
-0.007941 -0.0145 -0.043134
0.001649 0.042145 -0.029062
-0.011985 0.051865 -0.114536
-0.067108 0.016811 -0.128683
-0.001547 -0.009102 -0.276293
0.003158 -0.045638 0.023114
-0.003102 -0.049961 -0.319033
-0.0195 0.04243 -0.0212
-0.014446 0.053232 -0.093865
0.030606 -0.017855 0.005311
0.034784 0.022438 -0.003181
-0.017562 -0.029172 -0.05538
-0.048344 0.040741 -0.284726
-0.020964 -0.016398 0.006172
0.033201 0.033313 -0.047059
0.027779 0.021755 -0.031669
-0.02219 -0.029378 -0.333598
-0.021922 -0.000725 -0.069213
0.02199 0.049716 -0.035619
-0.014224 0.047846 -0.039339
-0.010093 -0.043061 -0.336096
-0.010057 -0.032656 0.01401
-0.016044 0.032591 0.005819
-0.031731 -0.017155 -0.363456
-0.014462 0.012977 -0.372515
-0.017872 -0.01247 -0.066965
-0.014212 -0.042356 -0.304684
-0.024175 0.041575 0.016778
-0.019015 0.044828 -0.016666
0.023402 -0.029058 -0.2151
-0.018349 0.029169 -0.309018
0.035546 0.008351 -0.313691
-0.0132 -0.029014 -0.330297
-0.015001 -0.034726 -0.031955
0.035614 -0.021729 -0.055233
-0.024453 -0.034786 -0.002954
-0.003735 -0.04066 0.029637
0.007662 -0.035614 -0.024937
0.032965 -0.002912 0.007593
-0.00908 0.024008 -0.292634
-0.016637 -0.002175 -0.067571
-0.002752 -0.01014 -0.298028
-0.037107 -0.032725 -0.28726
0.00441 -0.032893 -0.017794
0.011055 -0.031948 0.007203
0.03323 0.0341 -0.0147
-0.015067 0.015662 -0.270233
-0.022049 0.044754 0.012786
0.021883 -0.00271 -0.062015
0.019455 -0.009535 -0.052231
-0.0095 0.0469 -0.0166
0.016304 -0.047554 -0.001457
-0.014181 0.007465 -0.263329
0.009926 -0.043044 0.026362
0.036789 -0.030296 -0.02606
0.029205 -0.003251 -0.313712
-0.028236 -0.009535 -0.009499
-0.021477 0.007686 0.008774
0.018602 0.010242 -0.047056
-0.01324 -0.027491 -0.341077
0.013222 -0.04373 -0.328843
0.003748 0.041665 -0.00649
0.01678 -0.037 -0.16286
-0.000705 0.023735 -0.297147
-0.0146 0.02915 -0.31562
0.023902 0.016774 -0.06199
0.03261 0.037555 -0.035944
0.01875 0.039474 -0.023283
0.028059 -0.028866 -0.288945
-0.038488 -0.021604 -0.300336
0.015298 0.01024 -0.362176
0.003502 0.022636 -0.363413
-0.013858 0.048482 -0.143866
0.036262 -0.000368 -0.346372
0.007393 0.038658 -0.028718
0.022437 0.017653 -0.05825
-0.007338 0.01412 -0.365878
0.040064 -0.015231 -0.031951
0.021114 -0.046374 -0.001452
-0.026339 0.009139 -0.037972
0.020399 0.044285 -0.0167
0.027089 -0.023947 -0.22216
-0.014367 0.026039 -0.009441
0.036418 0.016302 -0.056788
-0.007125 0.036811 0.027088
0.000551 -0.041309 -0.029621
-0.000845 -0.016612 -0.012834
-0.019383 -0.026486 -0.000285
-0.043688 -0.030707 -0.286608
0.039072 -0.003265 -0.33
-0.0 0.035357 0.025628
0.005256 0.036974 0.02773
-0.002813 -0.040177 0.029812
0.013245 -0.043982 -0.318572
0.005898 0.043015 0.022025
0.027341 -0.00218 -0.069495
-0.0 0.033319 -0.020061
-0.028587 -0.02452 -0.350467
-0.021065 0.004134 -0.069496
-0.008575 -0.018336 -0.278222
0.010431 -0.037197 -0.21061
-0.018968 0.02963 -0.317968
0.017268 -0.036397 -0.021301
-0.042339 -0.006475 -0.287415
0.0271 0.03664 -0.0058
-0.02145 -0.0141 -0.0669
0.012997 0.041649 -0.026391
-0.004991 -0.049888 -0.105707
-0.000963 0.055406 -0.023963
0.038782 -0.006362 -0.007758
0.036528 0.024829 -0.011229
-0.054573 -0.035753 -0.117695
0.021302 -0.02547 -0.047039
-0.018323 -0.03114 -0.005987
0.00353 0.009988 -0.350609
-0.026204 -0.045989 -0.047484
-0.036422 -0.041472 -0.161555
0.0176 0.03472 0.0166
0.030072 -0.029121 -0.056922
-0.029724 0.053064 -0.068978
-0.017542 0.017897 -0.367318
-0.014547 0.028864 -0.310758
-0.004685 0.023138 -0.298746
-0.052289 -0.010475 -0.088791
-0.063679 0.02364 -0.089566
-0.018147 0.011172 -0.067639
-0.004304 -0.025253 -0.310521
-0.018343 0.028876 -0.306199
-0.018323 0.03114 -0.054013
0.027617 0.023055 0.002237
0.035511 0.004608 -0.162375
-0.02 0.018848 -0.27381
0.012386 -0.040689 -0.027177
-0.031738 0.042385 -0.274533
-0.007537 0.014205 -0.273777
-0.006939 0.039484 0.029116
-0.014812 -0.029015 -0.333453
0.038621 0.020974 -0.041594
0.022294 0.014824 -0.000451
0.019235 -0.021195 -0.03971
-0.00531 0.031834 0.011423
0.037834 0.015431 -0.052243
-0.028465 0.009887 -0.048778
-0.013541 0.042791 -0.024985
0.010858 -0.046144 -0.018953
-0.014251 -0.010723 -0.265194
0.025457 0.000723 -0.068178
0.027242 -0.000726 -0.069505
-0.003182 -0.024441 -0.330351
0.011594 -0.039269 -0.300328
0.033054 -0.001453 0.007579
0.002813 0.039823 -0.029812
0.000637 -0.017114 -0.292778
-0.01324 -0.008106 -0.058227
-0.012665 0.037438 0.025738
0.027776 -0.034817 -0.011026
-0.023128 -0.037944 -0.03
-0.02 0.029558 -0.314213
-0.016147 -0.021802 0.038985
0.010057 0.032656 0.01401
-0.0195 0.03757 0.0212
-0.000243 -0.042646 -0.340375
0.020168 -0.003185 -0.056749
0.02184 -0.049284 -0.329963
-0.000733 0.037427 -0.224123
-0.057122 0.027516 -0.157343
0.006571 -0.000235 -0.292147
-0.012972 -0.04302 -0.018607
-0.010639 -0.035293 -0.023134
0.023809 -0.039326 -0.280728
-0.008447 -0.039655 0.02871
0.019804 0.03932 0.022335
-0.033719 0.026276 -0.315711
0.022599 0.030267 -0.045407
-0.017323 -0.029667 -0.309828
0.017406 -0.003535 -0.020306
0.016389 0.042076 -0.024028
-0.029188 -0.015156 -0.033901
0.01093 -0.038054 -0.02711
-0.007656 -0.045582 0.022143
-0.027235 0.016703 -0.272824
-0.008458 -0.040355 0.028747
0.026783 0.022468 -0.062157
0.004569 -0.015774 -0.305696
-0.005663 0.031265 0.00436
0.008643 -0.04 -0.028692
0.037362 0.018146 -0.052263
-0.044574 0.04231 -0.069607
-0.018444 -0.028397 -0.3136
0.013338 0.047636 0.008625
-0.050619 -0.030324 -0.177811
-0.035814 0.048779 -0.058186
0.027728 -0.004134 -0.069503
-0.013377 0.004832 -0.000495
0.027216 -0.031697 -0.132269
0.028121 -0.00499 0.009528
-0.019838 -0.034012 -0.010006
-0.005766 -0.036559 0.02707
-0.021778 0.039209 -0.251206
-0.015577 0.007162 -0.065099
-0.042857 0.005642 -0.356971
0.028589 0.019019 -0.293689
-0.04534 -0.0426 -0.12194
-0.016565 0.024617 -0.058296
0.006789 -0.033344 0.01894
-0.027033 -0.043013 -0.293804
0.001076 0.03661 -0.027723
0.032185 0.019347 -0.063291
-0.003408 0.039192 0.029632
-0.01809 -0.04547 0.015311
0.034742 -0.007836 0.004169
0.032751 0.014141 0.005194
0.00406 -0.039485 -0.029635
-0.022068 -0.02167 -0.278306
-0.015178 0.026832 -0.343596
-0.000552 -0.039126 0.029772
-0.002986 0.0 -0.045576
0.002247 0.001388 -0.298998
0.039234 0.003536 -0.050511
-0.016372 0.03716 -0.023181
-0.002543 -0.009994 -0.361657
0.002606 0.041049 0.029624
0.02247 -0.035206 -0.258822
-0.031227 0.018879 -0.299911
-0.0271 0.03664 0.0058
-0.031822 0.026836 -0.32963
-0.026315 0.038211 -0.012864
0.03099 -0.019299 -0.064306
0.011829 -0.046859 0.015339
0.038094 -0.024187 -0.0397
0.022332 0.04302 0.003984
0.004427 0.038907 0.029415
0.035588 -0.017653 -0.058252
-0.0 -0.036135 -0.027032
-0.016959 -0.00493 -0.378767
-0.018636 -0.01785 0.005302
0.008044 -0.010416 -0.325635
-0.01725 -0.041024 0.024194
-0.010506 -0.045864 0.0201
-0.01758 -0.018143 0.004269
-0.026907 -0.014052 -0.004752
0.008243 0.039314 0.028703
-0.0008 -0.017086 -0.351229
-0.005186 -0.04549 -0.023106
0.012517 -0.036198 0.024004
0.007523 0.011301 -0.314681
-0.005439 -0.026035 -0.311514
0.01509 -0.046958 0.011432
-0.007117 0.037818 0.028198
-0.033313 0.021171 -0.287842
-0.023649 0.034676 -0.016558
0.031179 -0.009023 0.008242
-0.00985 0.039661 -0.028272
-0.024994 0.035768 0.008673
0.0212 -0.04 -0.0212
0.01612 0.043014 0.01612
0.025317 -0.01205 0.006041
0.022746 0.029656 -0.01283
0.022025 -0.043015 -0.005898
-0.033822 -0.043167 -0.287745
-0.010755 -0.047829 -0.010004
0.034688 0.001453 0.005141
-0.022465 -0.034269 -0.005827
0.035995 -0.032462 -0.033892
-0.053494 0.015953 -0.214082
0.025334 0.037751 -0.026011
0.034047 0.024297 -0.056883
-0.021874 0.017358 0.005166
-0.02 -0.003153 -0.26045
0.034641 -0.026117 -0.053854
-0.009102 -0.026765 -0.302844
0.024532 0.002904 0.006945
0.037512 0.00859 -0.056753
0.016752 0.003663 -0.298041
-0.006269 -0.043818 -0.026378
-0.017726 0.038858 -0.03
-0.018743 -0.042145 -0.188961
-0.003898 -0.040128 0.029626
-0.002658 -0.032098 -0.014028
-0.014181 -0.007975 -0.376671
-0.048875 0.039946 -0.287169
-0.020368 0.001382 0.009849
0.022086 -0.032361 -0.035916
0.031755 -0.003639 -0.068719
0.037624 0.018812 -0.050546
-0.023022 0.008843 -0.263305
-0.003735 0.03934 0.029637
-0.020961 0.037929 -0.020215
0.004762 -0.032909 0.017794
-0.016373 -0.029668 -0.311129
-0.002384 0.040498 -0.029788
-0.01868 -0.008112 0.008778
0.0239 0.016775 0.001991
0.029 0.03986 -0.02804
-0.013787 0.04799 0.001455
0.027239 -0.025894 -0.000276
-0.027263 0.005885 -0.003255
-0.017305 0.033555 -0.011422
-0.026923 0.005407 -0.058237
-0.055755 0.00526 -0.088682
-0.02167 0.019291 -0.064289
0.040152 0.011043 -0.020309
0.010368 0.005099 -0.361429
-0.01661 -0.040096 -0.024865
-0.035787 -0.017132 -0.358039
0.018804 0.03156 -0.187035
-0.017089 0.035751 0.020149
0.025988 -0.03153 -0.052359
0.011747 -0.042953 -0.025701
0.029088 0.028958 -0.289116
-0.026372 0.0 -0.060722
-0.020119 0.049958 -0.042414
-0.010907 -0.032046 -0.008605
-0.041825 -0.010465 -0.284605
0.024504 -0.028628 -0.198765
-0.008276 0.033533 -0.042965
0.035027 -0.021755 -0.023404
0.03184 0.01619 0.005235
-0.02109 -0.026051 -0.289719
-0.019549 0.035777 -0.017863
-0.021131 0.011114 -0.346388
-0.05683 -0.0008 -0.20018
-0.014402 -0.0431 -0.024094
-0.020524 0.0 0.009846
-0.011217 -0.018282 -0.035861
-0.011353 -0.042003 -0.313633
-0.021702 0.003551 0.009215
-0.008412 0.031664 0.007214
-0.026093 0.035554 -0.001456
0.003673 -0.018768 -0.019844
-0.007229 0.039998 -0.029078
-0.015922 -0.028992 -0.05229
0.005956 0.048405 -0.097219
0.033467 -0.002904 -0.066944
0.00353 -0.010498 -0.289391
0.033364 0.004353 -0.066934
-0.00203 0.046322 -0.021228
0.022363 -0.009084 -0.061978
-0.051656 0.027418 -0.287649
-0.008 0.03671 -0.36003
0.003162 0.035861 -0.026383
-0.002658 0.036241 0.02707
-0.021104 0.034623 -0.011452
-0.029749 0.035826 -0.212273
-0.021289 -0.002833 -0.069499
-0.021657 -0.029372 -0.306159
-0.015173 -0.033214 -0.041601
-0.011392 0.007306 -0.264709
0.012691 -0.010696 -0.297226
-0.0208 -0.04624 0.0058
-0.0227 -0.0261 -0.0018
-0.049094 0.004189 -0.33137
-0.053224 -0.035389 -0.132954
-0.027911 0.042703 0.005857
0.019592 -0.043851 -0.295528
-0.00158 0.034295 -0.023101
-0.04445 -0.038511 -0.065403
0.03497 0.0199 -0.0582
-0.005313 -0.032214 -0.014036
0.025805 0.008254 -0.067603
-0.017428 -0.008847 0.007582
0.019842 0.02457 -0.022184
-0.023968 0.018461 -0.030752
0.032679 0.005742 0.007575
-0.01251 -0.01973 -0.049066
-0.00275 -0.021755 -0.042039
-0.011206 0.037197 -0.022364
-0.027067 0.003545 -0.063866
0.024925 -0.013284 -0.065135
0.030477 0.01804 -0.28623
-0.02376 -0.026795 -0.293363
-0.0178 0.02915 -0.30922
-0.020915 0.033683 0.004352
0.025783 -0.044403 0.004359
-0.007495 -0.041665 0.0
-0.027362 0.015422 -0.007769
0.0271 -0.03664 0.0058
-0.053805 0.015715 -0.070223
-0.025545 -0.030672 -0.016507
0.019517 -0.005888 -0.006241
-0.006105 -0.03336 -0.295912
-0.022478 -0.040096 0.019718
-0.0191 0.006778 -0.069217
0.034727 0.027233 -0.052337
0.025688 0.04 -0.015349
-0.005446 -0.038554 0.029075
0.033784 0.006485 0.006023
0.032913 -0.003639 -0.067583
-0.015573 0.029164 -0.312769
0.001863 -0.043566 -0.151234
0.017346 0.007593 -0.024137
0.0335 0.0362 -0.0378
0.0367 -0.02547 -0.047039
-0.015724 -0.028554 -0.337953
0.001189 0.008273 -0.010222
0.020448 0.029816 -0.1939
-0.024351 -0.030767 -0.048868
-0.01525 -0.04192 -0.35997
0.021885 -0.039195 -0.020218
-0.027708 0.009062 -0.053733
0.030745 -0.027343 -0.058419
-0.02 0.02098 -0.27762
-0.04823 -0.010284 -0.319992
-0.010062 -0.0 -0.033901
-0.039381 -0.03811 -0.247649
-0.007501 -0.04328 -0.012989
0.023055 -0.034773 -0.028044
-0.016339 -0.042738 -0.301647
0.038588 -0.003182 -0.006257
0.036092 -0.015386 -0.00173
0.025018 -0.023276 -0.000381
0.011202 -0.041808 -0.02712
0.02405 -0.044079 -0.059651
0.020489 0.033814 -0.007206
-0.01307 -0.0277 -0.0378
-0.017939 0.029541 -0.324123
0.006571 -0.000275 -0.347853
0.02576 -0.0261 -0.0018
-0.04406 0.017566 -0.320012
-0.017416 0.037034 -0.022247
-0.021511 0.041342 -0.02029
-0.014256 0.052689 -0.104307
-0.029841 0.040096 -0.001951
-0.002004 0.045431 -0.292484
0.000296 0.008378 -0.360379
-0.018548 0.046949 -0.004364
-0.014192 -0.044284 -0.022153
0.005775 -0.041299 0.029081
-0.005463 0.031685 0.010023
0.00228 -0.009052 -0.28429
-0.00473 -0.03525 -0.02493
-0.049753 -0.039528 -0.091471
-0.001103 -0.041277 0.02962
-0.022361 0.002914 0.008724
0.022332 0.04302 -0.003984
-0.009156 0.033319 -0.017761
0.035824 0.032138 -0.037858
-0.019618 0.01503 -0.066977
-0.028224 0.04 -0.010032
0.038874 -0.021408 -0.022177
0.023851 0.040374 -0.281767
-0.023086 0.044894 -0.01009
-0.026536 0.030361 -0.028045
-0.028991 0.003531 -0.012954
-0.013264 -0.017667 -0.006239
-0.048307 0.042239 -0.070905
-0.022652 0.0342 0.004384
0.040646 0.021663 -0.010885
-0.010839 -0.011038 -0.018434
0.024581 0.0145 -0.064186
-0.03289 -0.0412 -0.28812
-0.022 -0.003293 -0.363015
-0.014243 0.054011 -0.051393
0.024453 -0.034786 0.002954
-0.005766 0.043441 0.02707
-0.008501 -0.04469 0.024037
-0.029331 -0.040096 -0.005835
0.032521 0.023515 -0.104688
0.011175 -0.049779 -0.036808
-0.012406 -0.016083 -0.009489
-0.044119 0.04088 -0.073604
0.026733 -0.035129 -0.047306
-0.041095 0.034082 -0.247319
-0.024262 0.008712 -0.330011
-0.023836 -0.036424 -0.035856
0.03033 0.039389 -0.034003
0.039055 0.021746 -0.031959
0.022811 0.017091 -0.00047
-0.033184 -0.011996 -0.368425
0.00406 0.040515 -0.029635
-0.004304 0.024753 -0.329479
0.020489 -0.043297 -0.289791
0.027242 -0.042625 -0.008728
-0.000552 0.040874 0.029772
0.017278 -0.007518 -0.026091
0.002656 0.031721 0.011416
0.027781 -0.0 -0.069712
-0.022051 0.025395 -0.00034
0.021885 -0.040805 0.020218
0.022146 0.006965 0.002018
0.0256 0.04318 0.0114
-0.026547 -0.030328 -0.028057
-0.029143 -0.041018 0.005873
-0.041806 0.040522 -0.07504
0.005172 -0.037892 -0.028668
0.010906 -0.032048 -0.008604
-0.0024 -0.01688 -0.35519
-0.004347 0.039432 -0.196478
0.006761 -0.038372 0.028699
-0.02884 0.014556 -0.041555
-0.015756 -0.047221 0.008634
-0.001758 -0.019466 -0.013869
-0.005713 0.048819 -0.001454
-0.019449 0.029157 -0.331422
-0.014444 0.030673 -0.016507
-0.003714 -0.024289 -0.036963
0.008754 0.051037 -0.061195
-0.006075 -0.045205 -0.272478
0.03683 -0.0261 -0.0147
-0.004168 -0.038205 -0.029078
-0.021656 -0.029893 -0.311875
-0.021149 -0.039362 -0.034012
-0.014688 0.00638 -0.063231
0.040246 -0.003534 -0.04345
-0.007712 -0.04302 0.021333
-0.00194 0.04328 -0.014745
-0.002937 0.053493 -0.053123
-0.012936 -0.048386 -0.317142
0.014967 0.034341 0.017802
-0.018817 0.003484 0.009502
0.012517 0.043802 0.024004
-0.011761 -0.021392 -0.037816
0.028498 -0.042747 -1e-06
-0.001582 0.036186 0.027064
-0.030151 -0.027498 -0.360109
0.019378 0.01556 -0.298035
-0.000293 -0.038002 -0.309879
0.00406 -0.018066 -0.319987
0.003742 0.037608 0.028654
-0.002383 -0.046639 0.020088
-0.014298 0.014333 -0.000475
-0.053249 0.00523 -0.090016
-7.2e-05 -0.036899 -0.329005
-0.018434 -0.046875 -0.005813
-0.003626 0.038667 0.029411
-0.005375 0.038008 -0.224373
-0.027697 -0.025265 -0.291142
-0.002657 -0.048444 -0.010019
-0.01545 0.032212 -0.014632
-0.037244 0.039621 -0.168046
-0.010304 -0.0 -0.020322
0.036696 -0.008113 -0.00049
0.005611 0.048656 -0.005811
-0.012998 -0.038349 -0.026393
-0.01885 0.018024 0.005273
0.001843 0.023771 -0.363572
0.008738 0.037824 0.027741
0.013945 -0.043922 -0.279056
-0.02042 -0.037408 -0.020091
-0.00193 0.045519 -0.284753
0.011548 -0.046616 -0.016631
0.0 0.03694 -0.028181
0.029453 -0.015031 0.006978
0.016147 -0.021802 -0.038985
-0.04522 -0.028947 -0.286216
0.00753 -0.036366 -0.299862
0.004427 0.038907 -0.029414
-0.009662 -0.03749 0.027096
0.008655 0.035128 -0.229856
0.024173 -0.038427 0.016777
0.004762 0.047091 0.017794
0.03683 0.0261 -0.0453
-0.018506 -0.004852 0.009214
-0.027711 0.002705 -0.055237
0.029921 -0.020816 -0.26022
0.028516 0.020309 0.004375
-0.018713 0.033548 -0.299872
-0.017543 0.016646 -0.369109
-0.0 0.037776 0.029043
-0.046001 0.020171 -0.288121
0.034919 0.02814 -0.050638
-0.000697 -0.019489 -0.295471
0.01509 0.04696 0.011432
0.005446 -0.041446 0.029075
-0.019493 0.03881 0.022371
-0.013981 0.028183 -0.014644
0.012392 0.038013 -0.026441
-0.017095 0.01695 -0.064291
-0.0159 0.02914 -0.32822
-0.010436 0.011413 -0.028048
-0.055198 0.016896 -0.248906
0.001082 0.037382 -0.028656
-0.003467 -0.047647 -0.337679
-0.012034 0.046811 -0.015337
0.0269 -0.032247 -0.052435
-0.015603 -0.045815 -0.016634
0.01589 0.033934 0.015338
0.007412 0.041328 -0.028691
-0.003984 -0.04302 0.022332
-0.016674 -0.002911 0.007576
-0.016231 0.025571 -0.003192
-0.047747 0.008062 -0.061652
0.035901 0.018573 -0.056775
-0.015428 0.038271 -0.218857
-0.008844 -0.045539 -0.338334
-0.006783 -0.041617 -0.028677
-0.026769 -0.036633 0.007213
-0.002384 -0.040498 -0.029788
-0.054605 -0.009254 -0.21746
0.008113 0.048114 0.010019
-0.014402 0.0369 -0.024094
0.022361 -0.0314 -0.041676
-0.0043 0.04318 0.0277
-0.01733 -0.048305 -0.289549
-0.050756 0.021457 -0.287729
0.026744 -0.0062 -0.068753
-0.020551 -0.029365 -0.30576
-0.02145 0.0141 0.0069
-0.023634 -0.025817 -0.056839
0.025233 0.039723 -0.284973
-0.0565 -0.0332 -0.10156
0.023961 0.029928 -0.009383
-0.017655 -0.021949 -0.062016
-0.022833 0.0 0.039537
0.019819 0.036586 -0.130095
0.03435 -0.015187 -0.166665
-0.015592 -0.035275 -0.02007
-0.022069 0.024044 -0.285258
-0.048811 -0.026267 -0.226101
-0.018548 -0.046949 0.004364
-0.02769 0.03835 -0.346272
-0.025332 -0.026679 -0.294044
0.042039 0.021755 -0.00275
-0.02728 0.026301 -0.343484
-0.006322 0.008727 -0.269884
-0.040961 -0.0 -0.020202
-0.025688 -0.021802 0.033474
0.007694 -0.01047 -0.309332
0.010206 0.044857 -0.295438
0.01712 -0.003836 -0.033907
-0.041224 -0.001685 -0.277735
0.009479 0.044517 -0.024051
-0.013868 -0.021661 -0.280013
-0.022258 -0.036141 0.015376
0.017318 -0.0436 0.021299
-0.013465 0.035865 -0.299905
0.003734 0.044108 -0.026376
0.0 0.04 0.03
-0.037107 -0.043023 -0.265441
-0.0153 0.04189 -0.0249
0.027394 0.017855 0.005311
-0.021156 -0.010693 0.008201
0.026134 0.002175 -0.068739
0.035094 -0.003582 -0.064219
-0.060898 -0.025332 -0.128563
-0.020168 -0.046102 0.008608
0.028137 -0.00276 -0.06972
0.028777 0.005721 -0.069554
0.0112 -0.03187 0.0058
-0.003902 -0.011642 -0.298111
0.035105 -0.02061 -0.109353
0.0271 0.04336 0.0058
-0.043823 0.01773 -0.324785
0.017866 -0.043196 -0.281564
-0.019494 -0.03881 -0.022372
-0.029607 0.039015 0.001531
0.01918 0.017135 -0.01467
-0.029353 -0.012288 -0.070969
-0.009933 0.03514 -0.023132
-0.01749 -0.023367 -0.060786
-0.01368 -0.04293 -0.313786
0.026095 0.011642 -0.066952
0.007715 -0.041186 -0.028701
-0.005186 0.04549 0.023106
0.0114 -0.04 -0.0277
-0.006095 -0.03699 -0.032525
-0.035615 -0.040701 -0.329967
0.003785 -0.037153 0.028186
-0.019161 -0.00211 0.00971
0.032622 0.02848 -0.055271
0.024181 -0.044068 -0.011463
-0.021885 0.039195 -0.020218
-0.020495 -0.041317 -0.021373
-0.029116 -0.005807 -0.362792
-0.039992 -0.01585 -0.351829
0.021885 0.040805 -0.020218
0.02987 0.0072 0.0092
0.025439 0.036269 -0.041638
0.029682 -0.024487 -0.279874
-0.002658 -0.031416 0.008616
-0.028278 -0.044749 -0.044448
0.018776 -0.042856 -0.281341
-0.02 -0.029352 -0.334396
0.036052 -0.027579 -0.01289
0.018859 -0.043562 -0.297512
0.023014 0.030999 -0.154797
-0.024929 0.003521 -0.036131
-0.017454 -0.03777 -0.023122
-0.02351 -0.019241 0.002086
0.006765 -0.044151 0.025664
-0.015076 -0.040511 -0.025776
0.017653 -0.045579 -0.077604
0.034462 -0.021513 -0.058294
-0.002383 -0.011876 -0.277707
0.017306 -0.033551 0.011423
-0.007148 0.0543 -0.041974
0.042079 0.021664 0.0
0.005186 -0.045115 -0.024025
0.038759 0.009575 -0.064509
0.002383 -0.046933 -0.018941
-0.0292 0.047228 -0.062752
-0.022217 0.004291 -0.068727
0.030159 -0.019907 0.00441
-0.03144 0.002733 -0.265014
0.0246 -0.045223 -1e-06
-0.049875 -0.001707 -0.32
-0.002314 -0.049586 -0.325799
0.023223 -0.034235 -0.037844
0.019039 0.045751 -0.01271
-0.05468 -0.005584 -0.233722
-0.0195 -0.04585 0.0114
-0.029216 -0.015229 -0.028049
0.003152 -0.038567 -0.029416
0.005605 -0.040333 -0.029424
0.004058 0.046228 0.021239
0.025815 -0.019346 -0.063291
0.0118 -0.03152 -0.29998
-0.056425 -0.008699 -0.198976
-0.004753 -0.039048 -0.029419
-0.0182 -0.0029 0.0092
-0.014765 0.023962 -0.353464
-0.022701 0.045855 0.002903
-0.030959 -0.02744 -0.307652
0.029926 0.011017 -0.068284
-0.022921 -0.034148 -0.0
-0.003003 -0.001024 -0.36208
-0.036626 -0.00634 -0.368377
0.025624 -0.035069 -0.014568
0.022174 -0.014344 -0.00045
-0.041051 -0.020538 -0.307095
-0.025246 -0.011376 -0.062012
0.020003 -0.045192 0.014058
-0.039935 0.000413 -0.084077
-0.006765 0.035849 -0.025664
-0.041902 -0.017076 -0.343118
-0.015577 -0.025451 -0.00463
-0.003155 -0.044869 -0.02494
-0.017654 0.02195 -0.062016
0.020897 -0.036428 -0.01786
-0.052611 -0.016817 -0.230866
-0.018852 -0.039151 -0.035827
-0.017613 0.029548 -0.316868
-0.03354 0.0522 -0.10142
-0.015578 -0.007162 -0.065099
0.01724 -0.007592 -0.028045
0.00491 0.009962 -0.293547
0.037283 -0.014063 -0.055266
-0.027289 -0.005409 -0.003254
0.014838 0.038604 -0.144932
-0.000345 0.031481 -0.021131
0.01875 0.040526 0.023283
-0.015625 -0.007328 -0.04898
0.030916 0.014297 -0.211793
-0.051593 -0.02691 -0.187237
-0.022503 -0.014745 -0.267864
0.027908 -0.03389 -0.050744
0.006121 -0.047357 -0.310075
-0.008456 0.033842 0.020063
-0.016997 0.034507 -0.29991
-0.011181 -0.035859 -0.024042
-0.00203 -0.046647 -0.020089
0.00388 -0.04328 -0.01449
-0.034423 0.023046 -0.343986
-0.022458 -0.019656 -0.365418
-0.020954 -0.008956 0.00874
0.022274 0.011964 0.00079
-0.002658 0.047678 -0.015327
0.009382 -0.051882 -0.346229
0.031261 -0.001451 -0.069218
-0.014159 0.038215 -0.025665
-0.026244 0.013093 -0.001764
-0.026135 0.028437 -0.332235
-0.026952 -0.03821 -0.01155
0.019492 -0.040029 -0.299379
-0.011329 0.00582 -0.264076
-0.025725 0.031605 -0.039721
-0.006085 -0.045751 0.022171
-0.027813 0.016434 -0.011213
-0.021105 -0.02991 -0.328287
0.027928 0.029121 -0.056922
-0.00649 -0.041665 0.003748
0.010036 0.039999 0.028236
-0.043453 -0.015214 -0.287165
-0.012239 -0.020139 -0.014668
-0.015089 0.010313 0.003239
-0.018857 -0.037837 -0.04167
0.020149 -0.002706 -0.003249
0.029001 -0.017087 -0.066095
-0.010245 0.028033 -0.323275
-0.015068 -0.016171 -0.369766
-0.011433 0.040129 0.027607
0.00924 -0.039806 -0.170539
0.002656 0.031899 -0.012722
-0.006939 0.040516 -0.029116
-0.005764 -0.022503 -0.348209
-0.014735 0.027528 -0.300058
-0.023166 -0.008309 0.006945
-0.023844 0.036429 -0.035857
-0.025265 0.028578 -0.048835
-0.056073 -0.001881 -0.25131
-0.011304 -0.018202 -0.037811
0.005614 0.048779 -0.002907
0.007964 -0.038841 -0.299174
0.024534 0.035237 -0.041578
-0.020789 0.031729 -0.006021
-0.02309 -0.037871 -0.028078
-0.054277 0.016899 -0.200447
-0.010245 -0.028538 -0.316726
0.01314 -0.044306 -0.307785
-0.058785 0.020039 -0.168069
-0.035311 -0.045858 -0.279858
0.016324 0.035053 0.018926
-0.009392 0.02693 -0.333446
-0.021124 -0.03949 -0.032066
-0.03722 0.012729 -0.361386
-0.01805 -0.0 0.0092
0.030997 0.010769 -0.248342
-0.016792 -0.035666 0.020138
-0.02938 0.027519 -0.33243
-0.02 0.00559 -0.2612
-0.011661 0.035506 -0.023127
-0.002194 -0.04971 -0.346137
-0.021346 0.010275 0.008233
0.023 0.03715 -0.0166
0.011525 -0.015536 -0.362786
-0.022135 0.025285 -0.059623
-0.005808 -0.03571 -0.025631
0.037553 -0.008112 -0.056752
-0.00184 -0.032524 -0.363838
0.0063 0.04459 -0.0249
0.016324 -0.044948 -0.018926
-0.023654 0.024081 -0.285898
-0.020202 0.001809 0.009864
0.013161 0.047642 -0.008621
0.022025 0.043015 -0.005898
0.024799 0.033313 -0.012941
0.017983 0.043882 -0.020166
0.008077 0.037016 -0.027082
0.037816 0.008912 -0.085237
-0.013605 0.038358 -0.218709
-0.0471 -0.00604 -0.2976
-0.022221 0.038132 -0.022083
0.040133 -0.011266 -0.020305
-0.01923 -0.026396 -0.059707
-0.00441 0.032894 -0.017794
-0.031782 0.034638 -0.313648
-0.024344 -0.034763 0.002898
-0.02268 0.008251 -0.067587
-0.033427 0.022906 -0.346656
0.02832 -0.040097 0.009605
-0.01323 -0.052597 -0.066184
-0.0063 -0.04459 0.0249
-0.014021 -0.0 0.001967
0.034727 -0.027234 -0.007663
-0.027189 0.042663 0.008661
-0.005605 -0.039667 0.029424
-0.007558 0.025598 -0.30298
0.033022 0.019608 -0.062132
0.020894 0.008108 -0.058238
-0.002567 -0.010166 -0.010993
0.029 0.005869 0.009547
-0.00055 0.038284 -0.02941
-0.028874 0.018833 -0.277429
0.004677 -0.017021 -0.315219
-0.024966 -0.041589 0.015526
0.038478 -0.020567 -0.016528
-0.017325 0.026945 -0.344423
-0.018607 0.04302 -0.012972
-0.038779 -0.035837 -0.2083
0.012996 -0.041649 0.026391
-0.018491 0.042349 -0.022178
-0.011905 0.020601 -0.018423
0.00194 0.04328 0.014745
-0.027589 0.015527 -0.271418
0.027297 -0.036569 -0.004356
-0.042243 -0.035697 -0.187745
0.025345 0.047941 -0.033602
-0.016583 -0.000722 -0.067557
-0.026206 -0.027464 -0.341772
0.0 0.04889 -0.004351
0.035566 0.017654 -0.058252
-0.002152 0.043341 -0.027732
0.012999 -0.029499 -0.29988
-0.00902 -0.042758 -0.027049
0.007656 -0.034417 -0.022144
0.01812 -0.046814 0.00722
-0.001579 -0.035399 -0.025656
0.01625 0.01671 -0.36001
0.037478 0.028092 -0.031952
0.030572 0.01241 -0.067591
0.008998 -0.045587 -0.336659
-0.02 0.001962 0.009891
-0.025626 0.037269 -0.236624
-0.025105 0.023345 -0.055286
-0.035653 -0.008477 -0.360117
0.000546 -0.039099 -0.30299
-0.003954 0.024803 -0.31371
0.025556 -0.016963 -0.064316
-0.023627 0.029168 -0.311169
-0.026652 -0.045259 -0.293461
-0.014537 -0.041348 0.025755
-0.04924 -0.00324 -0.331272
-0.028774 -0.003532 -0.048776
0.021211 -0.030296 -0.03394
-0.009846 0.038752 -0.211251
0.02744 -0.022949 0.002203
0.027306 -0.042905 -0.051015
-0.020493 -0.047856 -0.290795
-0.017111 -0.007934 -0.37765
0.002714 -0.037481 0.028654
-0.003626 0.038667 -0.029411
0.007715 0.038814 -0.028701
0.040761 0.007668 -0.031955
-0.004644 0.038311 0.029073
-0.01374 0.04328 -0.005691
0.008447 -0.039655 -0.02871
-0.00388 0.04328 0.01449
0.024181 0.035932 -0.011463
-0.007121 -0.022614 -0.289892
-0.028464 -0.009887 -0.011222
-0.01549 0.020228 -0.36273
-0.01493 0.040893 -0.259284
0.005172 0.037892 0.028668
0.008119 -0.035248 -0.024033
-0.020551 0.029158 -0.331422
0.018482 0.01835 -0.024137
-0.02703 0.042172 -0.330038
-0.018231 -0.041309 -0.023254
0.012745 0.040001 -0.027087
0.025626 -0.038245 -0.014151
0.007 -0.013231 -0.297677
0.032619 0.036816 -0.039781
0.010395 0.0452 -0.290387
-0.024412 -0.007162 0.005099
0.019039 -0.04575 0.012709
-0.002857 0.031067 0.001451
-0.026433 -0.033182 -0.299868
-0.015811 0.008976 -0.065143
-0.023928 -0.041852 -0.294761
-0.036466 0.023058 -0.337876
-0.029387 -0.011259 -0.022192
-0.0106 -0.03232 0.0114
-0.020725 -0.00276 -0.069711
-0.06193 -0.020956 -0.139338
-0.020615 0.026485 -0.000285
-0.009598 0.024795 -0.294784
-0.056161 0.017628 -0.084639
0.011455 -0.046206 -0.309921
0.030709 -0.001455 0.009504
-0.024923 0.041679 0.015478
0.031755 0.003639 0.008719
0.006541 0.012709 -0.330113
0.005052 -0.013027 -0.340661
-0.0119 -0.02142 -0.28098
0.020596 -0.027843 -0.024147
0.005474 -0.015781 -0.325323
0.013116 -0.000776 -0.362797
0.026424 -0.04 0.014067
-0.013657 -0.042569 -0.307717
-0.050384 -0.023215 -0.222072
-0.034716 0.023996 -0.301065
-0.026469 -0.028977 -0.308713
-0.031227 0.018828 -0.360114
-0.02214 0.002544 -0.346399
-0.02652 0.0108 -0.0582
0.008808 0.046435 0.018916
0.029 0.035216 -0.011161
-0.044287 0.016588 -0.310476
-0.014057 0.047615 -0.148842
0.010661 -0.038883 -0.298721
-0.001083 0.042173 -0.029064
-0.016171 0.035932 -0.021266
-0.018393 0.043723 -0.31383
-0.004753 0.040952 -0.029419
0.003155 0.044868 0.02494
0.029458 -0.01319 -0.067667
-0.021993 0.031916 -0.028873
-0.013835 -0.047974 0.001452
-0.012098 0.005166 -0.298125
0.003409 0.039191 0.029633
0.005446 0.041446 -0.029075
0.014241 -0.035379 -0.222068
0.020897 0.043572 -0.01786
-0.01886 -0.021444 -0.063366
0.008066 -0.009066 -0.331264
0.026819 -0.040097 -0.013229
-0.026415 0.043346 -0.00862
-0.027015 -0.043536 -0.161989
-0.029694 0.0 -0.020322
0.002949 0.054808 -0.027453
0.022099 -0.045634 -0.31364
0.02195 -0.0235 -0.0522
-0.031702 0.021191 -0.354534
-0.00055 0.041716 -0.02941
0.025146 -0.030391 -0.16785
-0.019217 0.009114 0.008772
0.030368 0.016233 -0.066196
0.02917 -0.041948 -0.0
0.0219 0.0277 -0.21734
-0.015247 -0.043373 -0.023176
-0.005534 -0.02528 -0.3353
-0.033995 -0.00776 -0.370775
0.006 0.0314 -0.30003
0.013203 0.042227 -0.12325
-0.060494 0.030441 -0.135009
0.005614 -0.048779 0.002907
-0.012586 0.053754 -0.032915
-0.022457 0.016716 -0.270912
-0.034466 0.024755 -0.335341
0.029235 -0.011471 0.008285
0.026476 -0.004897 -0.068757
0.034945 -0.034773 -0.031956
-0.013718 0.024821 -0.011235
-0.031287 0.035661 -0.204991
0.022434 0.017654 -0.001748
-0.014038 -0.012524 -0.000496
-0.013283 0.026268 -0.344176
0.021103 0.034627 -0.011451
0.002232 0.008597 -0.283943
0.008409 -0.031565 -0.005808
0.0095 -0.0331 0.0166
-0.013221 -0.035087 -0.021239
-0.014065 0.04 -0.026421
0.024182 -0.04407 0.011464
-0.02 0.03986 -0.03196
-0.020496 0.041317 0.021374
-0.049875 -0.040513 -0.09778
0.00406 -0.040515 0.029635
0.015247 0.036627 0.023176
-0.044333 0.018311 -0.330013
-0.008808 -0.046435 0.018916
-0.030898 0.026286 -0.302884
-0.023332 -0.031603 -0.050506
0.00545 -0.051199 -0.057689
-0.010828 -0.044234 -0.024042
-0.031064 -0.019573 -0.359986
-0.026952 0.04179 -0.01155
0.033732 -0.013259 0.004226
0.02791 0.042703 0.005855
0.00723 0.0448 -0.29797
-0.018293 0.033207 0.007223
-0.022311 -0.003639 -0.06871
-0.029842 0.003756 -0.035858
0.0041 0.04123 -0.0294
0.032453 -0.006997 -0.067598
-0.02089 0.006778 0.009217
0.022228 0.044689 0.012809
-0.039463 -0.005585 -0.083453
0.001362 0.01876 -0.302391
0.039256 -0.008297 -0.076956
0.031533 -0.008181 0.008182
-0.026756 -0.008106 -0.058228
0.011548 -0.03338 -0.016632
0.011223 -0.040334 0.027753
0.036319 -0.018051 -0.101105
-0.026771 0.043371 -0.007213
-0.014852 0.002129 -0.064182
-0.012733 0.005885 -0.056745
0.032295 0.00437 -0.068165
-0.018506 -0.004852 -0.069215
-0.030059 0.048816 -0.046807
-0.028865 -0.007062 -0.047054
-0.000229 0.055783 -0.018067
-0.0376 0.01637 -0.28481
0.008514 -0.031428 0.002906
0.021241 -0.020836 -0.007755
-0.014503 -0.017646 -0.058238
0.0 -0.032285 0.015306
-0.014069 0.00591 -0.262694
-0.029127 0.038055 -0.001439
0.026622 0.035898 -0.0455
0.002873 0.025352 -0.021025
-0.0408 -0.00602 -0.2784
-0.016707 0.053905 -0.055332
-0.031669 0.021755 -0.027779
-0.027098 0.04 0.012751
-0.062707 -0.012875 -0.089987
0.0043 -0.04318 -0.0277
0.03986 -0.015 -0.0378
0.0011 -0.041688 0.029414
-0.012628 0.043172 0.024958
0.024358 -0.036787 -0.028045
-0.018504 -0.009872 -0.068218
0.000556 -0.021658 -0.311858
-0.01868 0.008112 -0.068778
-0.011978 0.044752 -0.280857
0.01416 0.041785 -0.025665
0.037023 0.021507 -0.050535
0.021312 0.037285 -0.018954
0.021853 -0.034313 -0.155944
0.037274 0.014063 -0.004734
0.026787 -0.024255 -0.228944
-0.043735 -0.021891 -0.286857
0.025935 -0.00885 -0.067597
0.004164 0.038211 0.029066
-0.027038 0.02886 -0.322174
-0.027217 -0.026098 -0.346489
-0.036202 -0.038516 -0.071738
0.016324 0.035052 -0.018926
-0.033465 -0.041148 -0.287843
-0.02194 0.037931 0.019099
-0.028101 0.028041 -0.331388
-0.016975 0.010114 -0.375763
0.003152 0.041433 0.029416
-0.021882 -0.011994 -0.346362
-0.017797 0.046726 0.008624
-0.003229 -0.036266 0.027065
-0.01657 -0.033842 -0.01404
0.036644 -0.029945 -0.022163
-0.016769 -0.028038 -0.341594
-0.055617 0.032009 -0.280834
0.007413 0.032379 0.01403
-0.018877 -0.039491 -0.027933
-0.016942 -0.03487 -0.017768
0.021681 -0.031335 -0.194198
0.039608 -0.010587 -0.014678
-0.024535 -0.034762 -0.001478
0.009381 0.045328 -0.346303
0.010145 -0.046518 -0.317932
-0.001581 0.055043 -0.028936
-0.006454 0.041761 0.02867
-0.022222 -0.038133 -0.022083
-0.04183 -0.043471 -0.129805
0.03923 -0.0141 -0.0453
-0.018964 0.033826 -0.009365
-0.018431 -0.043055 -0.021276
-0.023353 -0.038527 -0.017991
-0.02629 -0.0446 -0.04211
-0.0 -0.037337 -0.028632
-0.062755 -0.012732 -0.155074
-0.057184 0.011672 -0.279532
-0.033414 0.052906 -0.079598
0.035543 0.030843 -0.043546
0.0244 -0.036439 -0.024142
-0.032214 0.042721 -0.276806
0.024341 -0.010793 -0.065189
-0.006169 0.016661 -0.360821
-0.010931 -0.007059 -0.014679
-0.010858 0.046144 -0.018954
-0.011935 0.042068 -0.179067
-0.057152 0.00819 -0.259986
0.012242 0.045906 -0.018968
-0.010902 -0.04645 -0.017796
-0.024966 0.038411 0.015526
-0.026135 -0.028947 -0.307765
-0.053541 -0.013109 -0.231989
0.027776 0.034817 -0.048974
0.03821 0.0127 -0.0078
0.012996 0.038351 0.026391
0.013788 0.032061 -0.002909
-0.010987 0.003181 -0.012952
0.040023 0.003533 -0.045321
-0.013338 0.047636 -0.008625
-0.032345 0.015442 -0.275495
-0.018539 0.007708 0.008753
-0.027597 -0.043462 0.001455
-0.042442 0.012742 -0.349747
0.012998 0.041651 0.026393
0.013527 0.013587 -0.362746
0.025888 0.009536 -0.299939
0.025731 0.037492 -0.012834
-0.013865 0.028437 -0.332235
-0.00035 0.037843 -0.210583
0.009152 -0.012762 -0.298053
-0.01502 0.0199 -0.0018
-0.015724 0.028044 -0.302047
0.007656 0.045583 -0.022144
-0.022944 0.03628 -0.018282
-0.02409 0.034893 -0.005843
-0.003692 -0.041894 0.029076
0.021333 0.04302 -0.007712
0.02598 -0.04 -0.015
-0.010969 -0.023592 -0.28737
0.002808 -0.048568 -0.008617
-0.015993 -0.045804 -0.305949
0.027865 -0.008958 -0.068749
0.024904 -0.01536 0.004246
-0.006616 -0.012332 -0.041412
0.033986 -0.031887 -0.329974
0.02576 0.0108 0.0069
0.002813 -0.040177 0.029812
0.005775 0.041299 -0.029081
-0.018099 -0.006198 0.008742
-0.015185 0.027207 -0.052317
0.017977 0.04166 0.023258
-0.022387 -0.030053 -0.323132
-0.008219 0.021755 -0.04132
0.02813 -0.0072 -0.0692
0.002057 -0.039357 0.029774
0.016944 0.045678 -0.077962
-0.018023 0.008613 0.008192
0.008456 -0.046157 0.020062
-0.022539 -0.031504 -0.052351
-0.023103 -0.043884 0.014107
0.010663 0.04273 -0.131757
0.025308 0.037984 -0.03
-0.024943 0.034855 -0.03
-0.021656 0.029385 -0.328125
0.021472 0.024829 -0.011229
0.033852 -0.029015 -0.007693
-0.02588 -0.03241 -0.026112
0.009818 0.045598 0.021236
-0.0281 0.02746 -0.30382
-0.001868 0.032433 -0.360139
0.033417 -0.014499 0.004184
0.0 -0.04174 -0.0294
-0.019038 -0.008956 -0.068739
-0.034629 0.023088 -0.296753
-0.029711 -0.007512 -0.024141
-0.022869 -0.009284 -0.263176
0.016994 -0.041442 -0.300456
0.012342 -0.053994 -0.329962
-0.027297 0.043432 0.004356
0.005605 0.040333 0.029424
0.020961 0.00213 -0.059509
0.021114 0.046374 -0.001452
0.039807 -0.003184 -0.047058
-0.004762 0.047091 -0.017794
-0.02261 0.029391 -0.326825
-0.00238 0.041123 -0.260179
-0.003106 -0.014555 -0.279946
0.025928 -0.005628 -0.068207
-0.018231 0.038691 -0.023254
-0.010605 0.043279 0.010605
0.029464 0.003615 -0.069743
0.025044 -0.033463 -0.135775
0.0 0.04174 -0.0294
-0.0 0.043015 -0.022801
-0.02261 -0.029906 -0.326784
-0.01655 0.010247 0.006062
-0.050956 0.023784 -0.066522
-0.048117 -0.013285 -0.28675
-0.039099 -0.004826 -0.365355
-0.02 0.003921 0.009782
-0.049102 -0.026281 -0.215319
0.024636 0.004353 0.006934
-0.012422 -0.006362 -0.004753
0.029743 0.025339 -0.275305
-0.016802 0.024095 -0.285693
0.002658 -0.032098 0.014028
0.031046 -0.025456 -0.14596
0.018441 0.009505 -0.360105
-0.01032 0.01676 -0.30001
0.024893 -0.0 -0.067548
0.002735 -0.03793 0.029048
-0.010758 -0.045094 -0.0222
-0.009271 0.019065 -0.279616
-0.022115 0.037117 -0.041617
-0.041091 0.017743 -0.342455
0.02069 -0.0277 -0.0222
-0.016519 -0.043403 0.022265
-0.046259 0.014781 -0.288022
-0.017244 0.037494 -0.054629
0.027098 0.04 0.012751
-0.019434 0.003188 0.00973
0.026828 0.035826 -0.093775
-0.017454 -0.042229 0.023122
0.014551 0.046614 0.014051
0.0246 0.045223 1e-06
-0.026073 -0.001786 -0.261615
-0.014047 0.002128 0.001997
-0.023745 -0.03489 0.007245
0.029 0.0369 -0.0453
0.002658 0.048699 -0.007214
-0.015139 0.036036 -0.02221
0.003079 0.03586 -0.29991
0.022502 -0.041201 -0.294047
-0.01122 -0.037469 0.026431
0.032188 -0.033462 -0.011019
-0.01278 0.044632 -0.022186
-0.007447 0.02383 -0.294995
-0.008 -0.00324 -0.3
-0.000663 -0.042149 -0.257427
-0.033528 -0.024436 -0.297628
-0.0106 -0.03871 -0.0277
-0.001076 -0.036608 0.027724
-0.013231 0.041336 0.026451
0.033009 -0.018038 -0.173428
-0.021882 -0.011966 -0.313622
-0.012916 0.022493 -0.012942
-0.013917 0.028855 -0.32738
0.015587 -0.045017 -0.329964
0.010906 -0.047952 0.008604
-0.00076 0.002803 -0.274274
0.009094 0.004204 -0.30863
-0.019814 0.007655 -0.069225
0.037421 0.002706 -0.001763
-0.016084 -0.018005 -0.062053
-0.004297 -0.048566 -0.313674
0.009662 -0.03749 -0.027096
0.032066 -0.005674 -0.068195
-0.002671 0.042743 -0.16794
0.007501 0.04328 0.012989
-0.015247 0.036627 -0.023176
0.023836 0.029732 -0.050579
0.014318 -0.043739 0.023146
-0.014745 -0.04328 0.00194
0.036525 -0.0121 -0.127589
0.024466 -0.018392 -0.062095
-0.047298 0.022923 -0.288095
-0.018383 0.039387 -0.196683
-0.0086 -0.00021 -0.2646
-0.036181 -0.046135 -0.124294
0.000552 -0.039126 0.029772
-0.036898 -0.041419 -0.068701
-0.002676 -0.041529 -0.029412
0.016339 -0.040508 -0.025005
0.006012 0.044677 -0.135309
0.003031 0.011421 -0.289745
-0.025807 -0.039889 -0.220217
-0.02261 0.029398 -0.313215
-0.026009 -0.028183 -0.014644
-0.033903 0.026245 -0.317865
-0.026093 0.044446 0.001456
0.023363 -0.032705 -0.016515
-0.011511 -0.017761 -0.018427
0.02099 0.038947 -0.105577
0.019482 0.013057 -0.009515
-0.028321 0.021475 -0.035862
0.007962 0.048135 -0.010017
0.033596 0.036436 -0.035857
-0.019431 -0.044959 -0.155751
0.006438 -0.033622 0.020091
0.034862 -0.01494 -0.158023
-0.022539 -0.031503 -0.007649
0.001013 -0.040913 -0.185616
-0.046252 -0.004752 -0.347466
-0.00906 -0.039958 -0.032557
-0.016829 0.005088 -0.067543
0.021846 0.034414 -0.008659
0.026328 -0.016565 -0.065243
-0.032171 0.002024 -0.074651
-0.027161 -0.02748 -0.340524
-0.028637 -0.010586 -0.047048
-0.022675 0.02698 -0.295617
0.021255 0.030092 -0.035885
-0.03003 0.0442 -0.29485
0.016338 -0.039492 -0.025002
-0.02832 -0.040097 0.009605
-0.010066 -0.003758 -0.031954
-0.014116 -0.035719 -0.022151
-0.027073 -0.022492 -0.012942
0.02616 -0.016189 0.005235
-0.015701 0.036834 0.023206
0.021941 -0.03793 0.019099
0.025504 -0.036321 -0.041723
-0.021794 0.034355 -0.008634
0.027291 0.001455 -0.069504
0.011223 0.039666 0.027753
0.0281 -0.029202 -0.056977
-0.022015 -0.023898 0.000895
0.017797 0.033274 0.008624
-0.0256 -0.03682 0.0114
0.026821 -0.009023 -0.068242
-0.015922 -0.028992 -0.00771
-0.027938 0.038228 0.008793
-0.002181 0.037444 -0.028657
0.035312 -0.014253 0.000813
-0.013121 -0.022145 -0.011209
-0.00213 0.03885 -0.029624
-0.029797 -0.007662 -0.031954
0.008322 0.036494 -0.360152
-0.005613 0.031273 -0.004359
-0.003574 -0.022707 -0.342155
-0.003229 0.036266 -0.027065
-0.0041 0.04123 0.0294
0.00182 0.03535 -0.36003
0.027877 0.001457 -0.069711
-0.028684 0.006361 -0.048784
-0.045408 -0.042102 -0.282716
-0.024092 0.009674 -0.065154
-0.015727 -0.00842 -0.065134
-0.010776 -0.015229 -0.028049
0.020645 0.045277 0.012763
0.02 0.030043 -0.236269
-0.027938 0.041772 -0.008793
0.012856 -0.044635 -0.022188
-0.02268 -0.008251 0.007587
-0.025877 0.004257 -0.062009
0.018186 -0.010818 -0.043451
0.037591 0.000911 -0.101627
-0.032559 0.019096 -0.358157
-0.014119 0.03241 -0.026112
-0.00498 -0.032594 -0.022631
0.013165 -0.042313 -0.307798
-0.012239 -0.020139 -0.045332
0.028999 -0.023783 0.002052
-0.002606 0.041049 -0.029624
-0.001315 -0.039482 -0.297342
-0.04024 0.047721 -0.118512
-0.00649 0.041665 -0.003748
0.025988 0.03153 -0.052359
0.000457 0.019856 -0.336935
0.004061 0.045919 0.022183
-0.003229 0.043734 0.027065
0.007157 0.042652 -0.027732
-0.01095 -0.015 -0.0378
0.030383 -0.023055 0.002237
-0.02242 0.0431 -0.27425
-0.019613 0.016826 -0.066192
-0.048171 -0.009071 -0.330659
-0.021174 -0.023042 -0.062227
-0.009896 -0.033413 -0.364043
0.014402 -0.0431 0.024094
-0.016942 0.04513 -0.017768
-0.02309 0.037871 -0.031922
0.032444 -0.016963 0.004316
0.023548 -0.017833 -0.060753
0.005312 0.04396 -0.026346
-0.028686 -0.04 0.008641
0.028264 0.024992 -0.293498
-0.0195 0.04585 0.0114
-0.015456 0.017826 -0.060741
-0.024501 0.044451 -0.28723
-0.013835 0.047974 -0.001452
-0.014922 0.029167 -0.314669
-0.018198 0.013291 0.006949
-0.019955 -0.045711 -0.294388
0.040267 -0.011263 -0.022189
0.030384 -0.039591 -0.03
-0.01861 -0.002181 0.009486
-0.053994 -0.03571 -0.124061
0.007117 0.042182 0.028198
-0.064536 -0.017499 -0.125336
-0.044677 0.016518 -0.324781
0.017006 0.001291 -0.297999
0.0 0.04831 0.0114
-0.005313 -0.031665 0.010023
-0.051042 0.036132 -0.287277
-0.02767 -0.0127 -0.0522
-0.010902 0.03355 -0.017796
-0.010228 0.007663 -0.033907
-0.019604 -0.009415 -0.068764
0.028316 -0.021861 0.003337
0.037922 0.008591 -0.004743
0.019704 0.035028 -0.015382
-0.02039 0.005568 0.009538
-0.018675 0.012408 0.007585
-0.006123 0.041898 -0.028653
-0.01295 -0.0282 -0.03
0.021922 0.009662 -0.060735
-0.006644 0.0423 -0.028219
-0.016345 -0.024535 -0.285857
0.02194 -0.042069 -0.019099
0.026088 0.00145 -0.06874
-0.008265 -0.017163 -0.36346
0.016272 -0.039827 -0.299991
-0.00901 0.038662 0.028251
-0.034404 0.051738 -0.067686
0.013244 0.033963 -0.017812
-0.002813 -0.039823 -0.029812
0.028103 -0.014739 0.007
0.030098 -0.035766 -0.012718
-0.055632 0.01088 -0.283651
-0.0081 -0.03415 -0.0212
0.02598 0.04 -0.015
0.021872 -0.027388 -0.012903
0.005232 -0.010246 -0.363002
-0.028185 -0.017125 -0.014678
-0.051587 -0.02005 -0.226471
-0.015117 0.019135 -0.364534
0.010755 -0.032171 -0.010004
-0.036844 0.004271 -0.368803
-0.011273 -0.028553 -0.329443
0.002658 -0.043759 -0.02707
-0.011546 -0.028979 -0.317776
-0.020125 -0.04 -0.022215
0.01921 -0.013409 -0.011238
0.00406 0.046855 -0.018951
-0.027002 0.051809 -0.050562
-0.02077 -0.027824 -0.001625
-0.014616 -0.043019 -0.017344
-0.049036 -0.036965 -0.078967
-0.009053 -0.04328 -0.011797
0.0 0.048728 0.007203
0.000473 0.013587 -0.362746
-0.019087 -0.03608 -0.01905
-0.001582 0.044225 -0.026373
0.003227 -0.036728 -0.027725
-0.02 0.0153 0.0069
0.0 0.03826 -0.0294
-0.0 0.031063 -0.002901
-0.027426 -0.028991 -0.311566
0.007959 0.032034 0.011417
-0.018904 -0.038091 0.022272
-0.013859 0.022146 -0.357693
0.011593 0.041276 -0.267621
-0.047742 -0.007587 -0.303138
-0.013018 -0.018134 -0.007754
0.039177 0.017776 -0.041582
-0.005574 -0.015949 -0.278147
0.0218 0.027858 -0.223686
-0.02137 -0.0055 0.0092
-0.018056 0.035091 -0.047302
0.021209 -0.030499 -0.03
0.023442 0.009096 -0.064212
0.009032 -0.022799 -0.295671
0.008684 0.035049 -0.223532
-0.018776 -0.03957 -0.03
-0.042846 -0.006211 -0.356967
0.02686 0.033528 -0.313644
-0.01062 -0.028029 -0.30757
0.02741 0.037113 -0.330034
0.031487 0.037743 -0.039874
-4.8e-05 0.04424 -0.313752
0.033164 0.032438 -0.077603
-0.05458 0.032732 -0.277011
0.020194 0.02356 -0.016536
0.029476 -0.018592 0.005325
-0.027293 -0.036574 -0.004356
-0.002292 0.050115 -0.111011
0.010506 0.045862 0.0201
0.030344 -0.039175 -0.035845
-0.010758 0.034906 -0.0222
0.023745 -0.04511 0.007245
-0.042927 -0.018171 -0.287123
-0.018843 -0.042031 -0.296327
0.034899 -0.034892 -0.03
0.036014 0.004838 -0.062029
0.035312 0.016623 -0.000466
-0.014089 0.015377 -0.001748
0.013293 -0.044175 -0.313428
0.038621 -0.020974 -0.018406
0.011047 0.034217 -0.21709
-0.001103 -0.041277 -0.029621
-0.002159 -0.037031 -0.028214
0.03156 -0.037697 -0.039791
0.016907 0.038507 -0.024159
0.020251 -0.043362 -0.019026
0.005704 0.040167 -0.029417
-0.049631 -0.004611 -0.32
0.016257 -0.032478 0.002914
0.013073 -0.042359 -0.306664
0.035045 -0.034777 -0.048988
-0.026766 0.037357 -0.01011
-0.012635 0.003182 -0.056735
0.02645 -0.0205 0.0032
0.00093 -0.021615 -0.324043
0.033419 0.0145 0.004186
0.003984 -0.04302 -0.022332
-0.017306 -0.046449 0.011423
0.025698 -0.045653 -0.329964
-0.0106 0.04129 -0.0277
0.029 0.011606 0.008233
-0.017633 0.037147 0.022245
0.015195 -0.039642 0.025774
0.023536 -0.009652 -0.064217
-0.058585 0.005128 -0.083911
-0.002032 0.045685 -0.023105
-0.00648 0.045098 -0.294952
-0.014399 -0.038526 0.025732
-0.0395 -0.01169 -0.35899
0.027084 -0.004202 0.009222
-0.024288 0.011455 0.004219
-0.017454 -0.031504 -0.052351
-0.021196 -0.038848 -0.0221
0.023404 0.021755 -0.035027
-0.02 0.02914 -0.33162
-0.027231 -0.029333 -0.31998
-0.01218 -0.038986 -0.02716
-0.022061 0.029546 -0.315917
-0.020551 0.029396 -0.328527
0.021572 -0.016302 -0.056788
-0.017832 -0.02811 -0.003069
-0.0 -0.031037 0.001451
-0.013229 0.040097 -0.026819
0.0358 0.012924 -0.103809
-0.001077 0.035376 -0.025655
-0.045199 -0.031198 -0.215156
-0.028816 0.052147 -0.056447
-0.023697 0.04299 -0.015328
-0.0106 -0.03232 -0.0114
-0.010056 -0.003831 -0.03
-0.002676 0.038471 -0.029412
0.02059 -0.0449 -0.06816
-0.013318 -0.026514 -0.016569
0.023517 0.005037 -0.065152
-0.025838 -0.044387 0.004388
-0.010793 0.017575 -0.364329
-0.022387 -0.030047 -0.316828
0.032699 0.015581 -0.162892
-0.042696 -0.033249 -0.229484
-0.016636 0.007056 0.006932
-0.022078 0.038874 -0.196913
-0.021727 0.001361 -0.363004
-0.027297 -0.043431 -0.004356
-0.025773 -0.018561 -0.056755
0.022599 -0.030267 -0.045407
-0.030903 0.02221 -0.352956
-0.026424 0.04 0.014067
-0.008862 -0.007476 -0.266434
-0.024221 0.050086 -0.043308
-0.01299 0.027838 -0.035852
0.022507 -0.041166 -0.28365
-0.009662 0.03749 -0.027096
0.029 0.0332 -0.0078
0.026022 -0.036717 0.010015
0.026013 -0.023375 0.000797
-0.036411 -0.036777 -0.214393
0.024979 -0.019609 -0.062132
-0.0195 0.03415 -0.0114
0.007755 -0.041924 -0.028238
0.026806 0.011176 0.007653
-0.003692 -0.038106 -0.029076
-0.025824 0.025429 -0.348298
-0.0317 -0.02514 -0.29658
-0.018678 -0.022936 -0.062186
0.000553 -0.039575 -0.029866
-0.020551 0.028855 -0.33424
-0.011223 -0.040334 0.027756
0.016338 0.040508 -0.025002
-0.017925 0.02023 -0.276402
-0.024539 0.032211 -0.045367
0.035364 0.006381 -0.063241
-0.014116 0.044281 -0.022151
-0.021884 -0.037829 0.019054
-0.024933 0.015586 -0.369788
-0.017894 -0.036519 -0.043569
0.001103 -0.041277 0.029621
0.007712 -0.04302 -0.021333
0.027689 -0.037228 -0.016472
-0.014724 -0.028579 -0.048835
0.01639 -0.036877 -0.249027
-0.023876 0.036777 -0.028046
-0.044484 -0.031963 -0.233729
-0.042846 0.005701 -0.283033
-0.00858 0.043372 0.026396
-0.007858 0.023058 -0.348511
0.009328 0.041173 -0.028219
0.021473 0.004259 -0.060787
-0.0043 0.03682 0.0277
-0.012745 0.039999 -0.027087
0.004021 0.04621 -0.13038
0.034891 -0.006387 0.004202
-0.022878 0.053962 -0.069785
0.014149 -0.046727 0.014048
-0.019409 0.013049 -0.067703
-0.026579 0.006502 -0.063237
-0.000312 0.042181 -0.167705
-0.016769 -0.028008 -0.298365
0.0 0.032285 0.015306
0.012856 0.035365 -0.022188
-0.015879 0.049481 -0.13892
-0.01857 -0.045625 -0.014014
-0.016026 -0.040997 -0.025028
-0.027971 -0.039065 -0.010161
0.034888 -0.020465 -0.114192
0.006954 -0.037645 -0.327404
-0.056367 0.008221 -0.281608
-0.035 -0.040069 -0.177192
0.029841 0.040096 -0.001951
-0.00724 0.041665 -0.001939
0.027038 -0.031169 -0.054022
-0.049646 -0.003213 -0.325642
0.012825 0.040862 -0.136815
0.027202 0.011995 0.007633
0.018419 -0.0 -0.048761
-0.023033 -0.02847 -0.055261
-0.0157 -0.036835 -0.023204
0.020931 -0.0 -0.059471
0.034098 0.016774 0.00199
-0.010529 -0.033802 0.01895
0.025042 0.042469 -0.014121
-0.018344 -0.029893 -0.311875
-0.015941 -0.023078 -0.058323
0.020749 0.027319 -0.039683
-0.037026 -0.000293 -0.369448
-0.0208 -0.03376 -0.0058
0.002381 -0.047684 0.015328
-0.028572 -0.0 -0.050481
-0.014789 -0.01607 -0.270317
0.023583 -0.032242 -0.014618
0.026835 -0.042024 -0.061754
-0.027852 0.038128 -0.008667
-0.01607 0.0157 0.0032
-0.035273 -0.013428 -0.364149
0.02363 -0.037744 -0.01672
-0.046084 -0.010276 -0.298469
0.0 0.046062 0.022142
0.016043 0.047405 -0.005818
-0.018416 0.029555 -0.315265
0.021303 0.008113 -0.00049
0.011338 -0.046348 -0.308604
-0.005313 0.048335 0.010023
-0.017562 0.009496 -0.067557
-0.018708 -0.002833 -0.069499
-0.014267 0.031606 -0.020279
-0.044711 -0.032253 -0.238124
0.026851 -0.009044 0.008216
-0.04809 0.028067 -0.288274
0.011206 0.035858 -0.024043
0.025415 -0.018435 -0.299892
0.037237 0.027475 -0.063891
-0.009369 0.038099 -0.027758
-0.022168 -0.02811 -0.056931
-0.045482 -0.015783 -0.324762
-0.002042 0.018943 -0.348578
-0.064612 0.016677 -0.145267
-0.027221 -0.045661 -0.291431
0.040713 0.003759 -0.037811
0.006724 0.039147 0.029068
-0.013457 -0.009942 -0.298331
-0.011659 0.036209 -0.360197
-0.024938 -0.016038 -0.060774
-0.011437 0.008684 -0.374396
-0.011548 0.04662 0.016632
0.033562 -0.022079 -0.000358
0.032739 0.037884 -0.031967
-0.014998 -0.003292 -0.361515
-0.020187 0.005721 -0.069556
0.01416 -0.041785 -0.025666
0.015668 -0.044728 -0.020071
0.011631 -0.045867 -0.32387
-0.018919 -0.028538 -0.30035
0.036437 -0.021663 0.021042
0.016519 -0.043403 -0.022265
-0.005575 0.015438 -0.361853
-0.009328 -0.041173 -0.028219
-0.030683 -0.020666 -0.358196
-0.015703 -0.011455 0.00422
0.03296 0.011599 -0.186106
0.0 -0.03118 -0.0058
-0.001147 0.051536 -0.079996
-0.045149 -0.001793 -0.352661
0.030758 0.000726 0.009505
0.036262 -0.000342 -0.313634
0.002658 0.036241 -0.02707
0.022833 0.0 0.039537
0.024925 -0.013284 0.005135
-0.029629 -0.04 0.004361
0.019701 -0.020154 -0.014656
-0.019999 -0.026792 -0.059557
0.036138 -0.012533 -0.000477
0.02992 -0.012888 -0.067666
0.03323 -0.0341 -0.0147
0.019951 0.024358 -0.020295
0.026134 -0.018153 -0.06429
-0.017306 0.01328 -0.066106
-0.020839 0.046343 -0.034902
-0.019087 0.04392 -0.01905
-0.056678 0.027352 -0.274346
-0.017965 -0.035022 -0.047224
0.03961 -0.014559 -0.041556
-0.02 -0.02518 -0.35318
-0.016644 -0.047148 -0.300961
0.01723 0.007665 -0.03
0.022043 0.032564 -0.02603
0.02454 -0.030131 -0.177299
-0.005117 -0.041582 0.029057
-0.02 0.013953 -0.267255
0.024216 -0.006486 -0.066023
0.031533 -0.008181 -0.068182
-0.05556 -0.001304 -0.212497
0.028547 0.015031 -0.066978
-0.019999 0.004179 -0.260758
-0.021081 -0.037239 -0.043641
0.006209 0.03715 -0.027742
-0.033443 -0.044467 -0.286737
0.0 -0.031388 0.008604
0.0 0.04 0.0299
0.040367 -0.011266 -0.035858
0.026952 -0.04179 -0.01155
0.030554 0.008114 -0.068787
-0.026222 -0.028062 -0.338697
-0.008981 -0.008995 -0.372848
0.02968 -0.005414 -0.069523
-0.020758 -0.043986 -0.264345
-0.00717 0.044083 -0.025668
-0.0195 -0.03757 0.0212
-0.025931 -0.006329 -0.262693
0.007662 0.035616 -0.024936
-0.003626 0.028867 -0.016359
-0.004301 0.042902 -0.268806
-0.024319 0.0 0.006007
-0.00203 -0.033676 0.021229
-0.018008 -0.010764 -0.06761
-0.015294 -0.002903 -0.065136
-0.044797 0.0 -0.008906
-0.034671 0.050254 -0.0612
-0.006192 0.044368 -0.276676
0.034622 -0.004529 -0.189867
-0.029767 0.007513 -0.033906
-0.001103 0.038723 -0.029621
0.021416 -0.029566 -0.039723
0.009382 0.045356 -0.313771
-0.032552 -0.045416 -0.286756
0.028539 -0.005568 0.009543
-0.0112 -0.03187 -0.0058
-0.02619 -0.028539 -0.304507
0.021357 0.0 -0.06073
-0.010581 0.05411 -0.03526
-0.0034 0.02465 -0.32002
-0.028693 0.014329 -0.016571
-0.044073 -0.04333 -0.277619
0.017454 0.037771 -0.023122
-0.017464 -0.030312 -0.053864
-0.034325 -0.021929 -0.076754
-0.028999 -0.029549 -0.360072
-0.06176 0.0316 -0.12375
-0.03807 -0.010609 -0.362994
-0.023692 0.050408 -0.051699
-0.022832 -0.034246 -0.047191
0.029001 -0.013471 -0.067617
-0.011156 -0.010583 -0.045315
-0.03672 -0.043069 -0.287013
-0.019421 0.005414 0.009519
0.03164 -0.004291 -0.068739
-0.044576 0.005819 -0.313651
-0.018708 0.002833 -0.069498
0.005794 -0.0464 -0.336182
-0.000551 -0.041309 0.029621
0.013221 -0.035088 -0.021238
-0.008831 -0.027469 -0.360078
0.006501 0.012726 -0.309355
0.001844 0.023826 -0.296474
0.026846 -0.037452 0.010127
0.034921 -0.034669 -0.026052
0.017039 -0.046287 -0.012735
0.030219 -0.0 0.009712
-0.009368 -0.038099 -0.027757
-0.005313 0.032011 0.012731
0.002807 0.048781 0.005808
-0.02 0.002733 -0.260449
-0.047164 0.029041 -0.288382
-0.001077 -0.035376 0.025655
0.032992 -0.031613 -0.009488
-0.021323 0.012408 -0.067585
-0.028863 0.018435 -0.031954
0.001582 0.044225 0.026373
-0.022813 -0.030045 -0.31888
0.008034 0.038976 -0.028672
-0.016637 0.007056 -0.066931
0.034507 0.026369 -0.053881
-0.03152 -0.038552 -0.21397
0.02099 0.026519 -0.016567
-0.01306 -0.021845 -0.04879
-0.00203 -0.033981 -0.02217
0.009093 -0.004709 -0.331369
0.025633 -0.034217 -0.012832
0.00415 0.040869 -0.167341
-0.024754 0.029171 -0.313719
0.004753 0.040952 -0.02942
-0.024748 -0.025275 -0.288683
-0.011736 0.00318 -0.052221
0.002162 0.042555 0.028662
0.007136 0.033097 -0.017785
0.013716 0.03662 -0.024081
-0.022813 0.029548 -0.31892
-0.018121 -0.022455 -0.062141
-0.03363 -0.043681 -0.267107
-0.01449 -0.04328 0.00388
0.020447 -0.008112 -0.003248
-0.001578 -0.035057 -0.024928
-0.022973 -0.000722 0.008161
0.0106 0.04129 0.0277
-0.012082 0.045246 -0.289024
0.017861 -0.038212 -0.023212
0.02644 0.037697 -0.039791
-0.029928 -0.040985 -0.291506
0.015403 -0.032747 -0.008629
-0.0146 0.025368 -0.052273
-0.011054 -0.031948 0.007203
-0.017826 -0.026862 -0.347255
0.004163 -0.039652 0.029648
-0.015603 -0.045813 0.016633
0.032507 -0.001459 0.008191
-0.0284 0.02805 -0.309605
-0.013764 -0.010231 -0.059468
-0.014039 -0.007851 -0.263462
0.023359 -0.026117 -0.006146
0.02075 -0.027319 -0.039682
0.025308 -0.037984 -0.03
0.004279 0.044316 -0.276422
-0.005463 0.031422 -0.007217
-0.005247 -0.040429 -0.234072
0.003733 -0.017045 -0.33427
-0.012038 0.04118 0.027133
-0.0281 0.02091 -0.35902
-0.039937 -0.041589 -0.150971
-0.015668 0.035272 0.020071
-0.0 0.039096 0.029769
0.032692 0.037984 -0.03
0.021314 -0.037282 -0.018956
0.024268 -0.013259 -0.064226
-0.05859 -0.001008 -0.083916
0.02898 -0.04 0.00776
0.018495 -0.046966 0.004358
-0.036385 -0.007762 -0.272208
-0.036976 0.002765 -0.369164
0.02735 -0.0055 0.0092
0.017089 0.035751 -0.020149
-0.006437 0.033622 0.020091
-0.024063 -0.012707 0.004212
-0.028309 -0.021525 -0.035865
0.040594 0.003535 -0.020306
-0.0317 -0.02517 -0.34338
-0.008033 0.036512 0.026404
0.018383 0.035326 -0.017835
-0.002714 -0.042519 0.028654
-0.001411 0.045247 -0.282284
0.021498 -0.013099 -0.001751
-0.01084 -0.0432 -0.33427
-0.045527 -0.031284 -0.208597
0.021846 -0.034414 0.008659
0.013359 0.042777 -0.118007
0.029223 -0.00572 0.009551
0.005505 -0.021802 -0.041837
-0.017644 0.046591 -0.010029
-0.019078 -0.030406 -0.055459
0.032334 0.007603 -0.067613
-0.020945 0.001459 0.009701
-0.028836 0.010583 -0.014685
-0.010526 0.011261 -0.024144
0.036187 0.028208 -0.014632
0.006376 -0.047178 -0.321181
0.02405 0.025634 -0.223791
0.001103 -0.038723 -0.029621
0.000459 -0.020397 -0.3369
0.037473 -0.012345 -0.0991
0.006756 -0.04495 0.023994
-0.041398 0.042271 -0.281351
-0.049356 0.001247 -0.308632
0.001253 0.045221 -0.295224
0.010822 0.040984 -0.027753
0.022171 -0.037197 -0.017789
0.029001 0.032065 -0.006207
0.028808 0.038989 0.007294
-0.013717 0.024822 -0.048765
0.024059 0.04 0.017816
-0.008477 0.038219 -0.224563
-0.022443 -0.001461 -0.06873
-0.000553 -0.039575 -0.029866
0.008983 0.04328 0.026394
-0.010393 -0.041224 -0.213159
0.010733 0.045092 -0.022199
-0.017555 0.001461 -0.06873
0.006409 -0.039319 -0.306446
-0.010502 -0.041124 -0.219778
0.023086 -0.044894 -0.01009
-0.014396 0.029169 -0.31782
-0.0 0.04498 -0.0249
-0.016847 0.029164 -0.329522
0.022035 -0.032746 -0.03
0.032203 0.013289 -0.066127
-0.023686 -0.014495 -0.064173
0.001222 -0.001684 -0.277736
0.033777 0.020665 -0.102841
0.018454 0.003184 -0.048787
-0.024043 0.023076 -0.058323
0.02645 0.0205 -0.0632
-0.028526 -0.045706 -0.292184
0.002333 0.054456 -0.032428
-0.011851 0.012849 -0.371289
0.013689 -0.04949 -0.052289
-0.021056 0.006354 -0.069224
0.004753 -0.040952 -0.029419
-0.022921 -0.045852 0.0
-0.028107 -0.013153 -0.362783
-0.022675 -0.027489 -0.344383
-0.024619 -0.039182 -0.016748
-0.028691 0.004174 -0.362775
-0.02375 0.008298 0.006055
-0.006172 -0.043369 0.027078
-0.010036 0.039999 -0.028236
0.022305 0.035171 -0.123776
-0.013453 -0.030328 -0.031943
-0.022276 0.038154 -0.204383
-0.011687 0.050709 -0.128175
0.018237 0.03204 -0.242495
0.004364 -0.042777 -0.36013
-0.0081 0.03757 -0.0277
0.022801 -0.043015 -0.0
-0.005391 -0.014797 -0.363577
-0.01637 0.025816 -0.056839
0.012624 -0.046121 -0.294006
-0.023217 0.028854 -0.332787
0.024447 0.022078 -0.000359
-0.018713 -0.040028 -0.299811
-0.033778 -0.018502 -0.360111
-0.049066 0.036276 -0.075392
-0.027852 0.041872 0.008667
-0.024163 -0.029893 -0.317779
0.025377 0.0 -0.037972
-0.009328 0.038827 -0.028219
0.012387 0.037323 0.025723
-0.014065 -0.006334 -0.262685
-0.016791 0.023259 -0.283353
0.032012 -0.03153 -0.007641
-0.003227 -0.036728 -0.027724
-0.008738 -0.042176 0.027741
0.027073 -0.028607 -0.003036
-0.065477 0.025026 -0.105309
-0.006105 0.026886 -0.295958
-0.023769 0.035729 -0.020309
-0.016245 0.026915 -0.344014
-0.050817 0.039867 -0.283851
0.0149 0.04447 -0.0212
-0.023409 0.013279 0.005121
-0.029629 0.04 0.004361
0.017576 -0.007518 -0.039698
-0.0153 0.03811 -0.0249
-0.000467 -0.043435 -0.264873
-0.017287 -0.030044 -0.317779
-0.019416 0.009267 0.008776
-0.01647 0.0341 -0.0147
-0.029359 -0.043276 -0.291974
-0.001366 0.007215 -0.275523
-0.005037 0.048005 0.012731
0.025399 0.036779 -0.039749
-0.055734 -0.027422 -0.080841
0.026886 0.006848 -0.06873
0.001579 -0.03466 -0.024023
0.003981 0.045178 -0.295238
-0.01475 0.011377 -0.062012
-0.008464 -0.048565 -0.002906
-0.0 0.04831 -0.0114
-0.00902 -0.042759 0.02705
0.005864 -0.000914 -0.296995
0.009649 0.040683 -0.028273
-0.016265 0.002903 -0.066936
-0.034561 -0.026048 -0.328446
0.013454 -0.043849 -0.323718
-0.011557 -0.009338 -0.374547
0.0246 -0.035832 0.010074
-0.015649 0.020468 -0.059556
-0.011352 0.035508 -0.313698
-0.05838 -0.00407 -0.08389
-0.022882 -0.040693 0.019132
-0.02078 -0.0516 -0.06422
0.016095 0.044069 -0.021267
0.025156 -0.021776 -0.297352
0.02813 0.0072 0.0092
-0.00764 0.05 -0.12772
0.027463 0.043462 0.002907
-0.028106 0.006574 -0.3628
-0.011747 0.028472 -0.324376
-0.017022 -0.000722 -0.068161
0.028335 -0.003188 -0.069737
0.026924 0.029817 -0.055462
-0.02 -0.029337 -0.305564
-0.006281 0.026271 -0.32433
0.025797 0.013289 0.006127
0.01724 0.007592 -0.031955
-0.023885 -0.047612 -0.288963
0.02645 -0.0205 -0.0632
0.013555 -0.042904 -0.323686
0.019548 -0.035777 -0.017864
-0.016769 0.027498 -0.341635
-0.02743 0.01223 -0.05371
0.013286 -0.043167 -0.312308
0.03074 -0.0141 0.0069
-0.030631 0.042093 -0.167588
-0.003 -0.003292 -0.362131
-0.00406 -0.046855 -0.018951
-0.004058 0.046226 0.021239
-0.020264 -0.052146 -0.072029
0.013231 0.041336 -0.026451
-0.028213 0.043646 -0.280664
-0.030729 -0.019509 -0.279585
0.000736 -0.024963 -0.0198
-0.017287 -0.030049 -0.322181
0.034483 -0.005037 -0.065152
0.009932 -0.046526 -0.326442
0.03224 -0.0261 -0.0582
-0.053126 0.035982 -0.140895
-0.023779 0.011482 -0.065155
-0.011454 0.00318 -0.009498
0.031574 0.028131 -0.056945
-0.01897 -0.0 -0.069703
-0.019804 -0.04068 -0.022335
-0.018028 -0.034128 -0.048918
0.007229 -0.039998 -0.029078
-0.011752 0.009535 -0.009498
0.022701 -0.034145 -0.002903
0.019676 0.024959 -0.02804
0.021511 -0.038658 0.02029
0.037944 0.013727 -0.078871
-0.023826 -0.020317 0.000839
0.005663 -0.031189 -0.001454
-0.019061 -0.035747 -0.012719
0.026704 -0.034709 -0.280544
-0.047533 -0.040153 -0.131559
-0.010822 -0.010813 -0.041566
-0.018491 -0.042349 -0.022178
0.016157 0.032444 0.002908
0.012435 -0.035282 -0.022189
-0.041793 -0.023937 -0.313623
-0.018947 0.038403 -0.039881
-0.008928 0.045419 -0.158193
0.026739 -0.001451 -0.069218
0.025352 0.035508 -0.313698
0.000293 -0.008958 -0.360369
-0.022458 0.019146 -0.274582
0.008535 -0.003206 -0.303027
0.018602 -0.047013 0.002907
0.020589 -0.041891 -0.281096
-0.009327 0.038829 0.028216
-0.025783 -0.044403 -0.004359
0.017757 0.051415 -0.042457
0.023375 -0.002905 0.00516
-0.04736 0.03933 -0.06961
-0.00165 -0.038344 -0.02941
-0.031669 -0.021755 0.027779
0.009369 0.041901 -0.027758
-0.0128 -0.0425 -0.30463
-0.018917 -0.035712 -0.047239
-0.018643 -0.030131 -0.32108
0.022882 -0.040693 -0.019132
-0.002658 -0.047678 0.015327
0.010365 0.043848 -0.02494
-0.02 0.021974 -0.360177
-0.014149 -0.046727 -0.014048
-0.011401 -0.043015 -0.019745
0.034192 -0.024046 -0.056859
0.035995 0.032462 -0.026108
0.018728 -0.044317 -0.29424
-0.032214 -0.045954 -0.286134
-0.022171 -0.037197 0.017789
-0.027927 -0.013055 -0.009518
0.018035 -0.04431 -0.296679
-0.038633 -0.007649 -0.275518
-0.014673 -0.010895 -0.062011
-0.020836 0.00211 -0.06971
0.030355 0.03887 -0.037896
-0.03683 0.027879 -0.346369
0.024635 0.009002 -0.066087
0.004163 0.040348 0.029648
-0.012279 0.039724 -0.251679
0.024017 0.028984 -0.164959
0.018189 0.040128 0.023704
0.012311 0.04702 0.014038
0.031513 0.038686 -0.03405
0.031213 0.002176 -0.069214
-0.028432 -0.00636 -0.009491
-0.023231 -0.028038 -0.341594
-0.024001 0.053203 -0.05783
0.031672 -0.016565 0.005243
-0.01922 0.012884 0.007656
-0.016339 -0.040508 0.025005
-0.019704 -0.044972 0.015382
0.022134 0.02695 -0.011135
0.005714 -0.031209 0.002907
-0.026044 -0.003346 -0.261868
0.009564 -0.039773 -0.251716
0.022364 0.009084 0.001978
-0.02738 0.002704 -0.056736
0.0179 -0.007066 -0.016544
0.018193 -0.003184 -0.012942
-0.029094 -0.046017 -0.278343
0.024626 -0.034688 -0.016553
0.013294 -0.044285 -0.308941
0.017306 -0.046449 -0.011423
-0.0022 0.03838 0.0294
0.011776 -0.051554 -0.313623
0.001356 0.039821 0.02988
-0.008113 0.048114 -0.010019
-0.010365 -0.036152 -0.02494
0.01877 0.0141 -0.0147
0.01299 -0.044799 -0.321172
0.029896 0.027836 -0.001623
-0.008264 -0.031642 0.007212
-0.017047 -0.044196 -0.301639
-0.053844 -0.011623 -0.070238
-0.017932 0.023131 -0.357114
0.019275 -0.044211 -0.292789
0.026841 0.039178 -0.012898
0.026586 -0.018949 0.00422
-0.012392 -0.038013 -0.026441
-0.033474 -0.021802 -0.025688
-0.064736 -0.017828 -0.11837
-0.037491 -0.022606 -0.301225
0.019319 -0.03992 -0.120146
-0.027888 -0.014765 -0.369969
0.00047 -0.020171 -0.362715
-0.01104 0.014779 -0.039678
-0.019811 0.00572 -0.069553
-0.01574 0.016769 0.001981
-0.023126 -0.029601 -0.053743
-0.022128 -0.01247 0.006965
0.025384 0.037267 -0.037875
-0.021839 -0.00902 -0.068228
0.005876 0.014033 -0.32956
-0.016257 -0.047522 0.002914
0.031392 -0.023911 -0.060917
0.005202 0.013996 -0.304605
-0.01563 -0.024021 -0.056831
-0.016912 -0.00574 -0.06756
-0.016829 0.008309 -0.066945
0.01112 -0.042998 -0.337225
-0.002858 0.031092 0.002905
-0.046692 0.026377 -0.211513
0.0277 -0.04 -0.0114
-0.010194 -0.036522 -0.02496
-0.021312 0.037285 0.018954
0.013223 0.038555 -0.259238
-0.01682 -0.0307 -0.0078
0.001578 0.044943 0.024928
-0.005179 -0.034821 -0.360091
0.030239 0.037889 -0.041764
-0.01607 0.0157 -0.0632
-0.015092 0.010312 -0.063237
0.0022 0.03838 0.0294
0.022046 0.001586 -0.361909
0.0063 -0.03541 0.0249
0.039319 -0.017995 -0.020304
0.0 -0.04 0.0
-0.02003 -0.03652 0.019016
-0.0256 0.04318 -0.0114
0.006184 0.045271 -0.130069
0.024473 0.020333 -0.060867
-0.02039 0.009428 0.008818
-0.007959 -0.047966 -0.011417
0.014116 -0.035719 0.022151
-0.031332 -0.044502 -0.289805
0.024223 -0.045185 0.004372
-0.025661 -0.005139 -0.062028
0.006519 0.036637 -0.242621
-0.021863 -0.005617 -0.363005
-0.035 -0.02148 -0.34978
0.021955 0.004259 -0.06203
0.039001 0.017549 -0.043457
-0.02695 0.041788 0.011549
0.012663 -0.041531 -0.305518
0.005312 0.043959 0.026346
-0.014482 -0.021721 -0.004776
0.005808 -0.03571 0.025631
0.015603 0.045813 0.016634
-0.01445 0.0 -0.0632
-0.016266 -0.002903 -0.066935
-0.018313 -0.015742 -0.066063
0.024533 -0.002904 0.006944
-0.001579 0.035399 0.025656
-0.014322 0.031731 -0.039754
-0.031696 -0.004009 -0.074024
-0.005613 -0.031273 0.004359
-0.009156 -0.046681 0.017761
-0.018649 -0.016076 -0.066144
-0.025559 -0.046541 -0.346294
0.0054 -0.04066 -0.0294
-0.034857 -0.048393 -0.104202
-0.007449 -0.037954 0.028218
-0.009478 -0.044516 -0.024051
-0.029607 -0.039015 -0.001531
0.024175 -0.041575 0.016778
-0.012382 0.047253 0.012732
-0.023032 0.02847 -0.055261
-0.011582 -0.006711 -0.009491
-0.028121 0.037304 0.004422
0.017633 -0.011266 -0.024142
-0.024865 0.040096 -0.01661
0.019751 -0.009066 -0.006254
0.017974 -0.033291 0.008627
-0.002822 0.054332 -0.038879
0.024361 -0.028622 -0.241054
-0.009857 -0.04444 0.024052
-0.002154 0.043799 0.027071
0.005808 0.035709 0.025632
-0.0024 0.038594 -0.203552
0.003021 0.011364 -0.350272
-0.0241 -0.02965 -0.31178
-0.028503 -0.020453 -0.360794
-0.0173 0.0261 -0.0582
-0.008738 0.037824 0.027741
-0.020945 -0.001459 -0.069701
-0.013465 -0.042388 -0.360095
-0.005605 0.040333 -0.029424
0.026145 0.03293 -0.269471
0.027971 0.040935 0.010161
0.037543 0.014963 -0.053758
-0.007133 0.04715 0.016623
-0.024012 -0.014488 -0.030767
0.027683 -0.039517 -0.032054
-0.006613 -0.026763 -0.312516
-0.028785 -0.043884 -0.292478
-0.026809 0.025529 -0.347071
0.003229 -0.043734 0.027065
0.007546 -0.003187 -0.342631
0.024922 0.000723 -0.067571
-0.011577 -0.045295 0.021255
0.029896 -0.027838 -0.00162
0.00055 0.038284 -0.02941
-0.039239 0.002728 -0.365726
-0.0227 0.0261 -0.0582
0.00398 0.008586 -0.350927
0.010921 0.03586 -0.29991
-0.030401 0.024758 -0.345256
-0.026672 -0.026514 -0.043431
0.039352 -0.017822 -0.0397
0.005313 0.048335 -0.010023
-0.047694 0.009979 -0.309347
-0.039991 0.01534 -0.288172
0.031508 -0.039213 -0.034776
-0.021088 -0.03654 -0.017863
-0.002656 0.048276 -0.011416
-0.014149 0.046728 0.014048
-0.018407 0.043058 0.021278
-0.0277 0.04 -0.0114
-0.025806 -0.032312 -0.035906
-0.01391 0.01904 -0.004743
-0.008458 -0.039645 -0.028747
-0.015837 0.004354 0.006043
-0.011099 -0.00327 -0.263215
0.002807 -0.048781 -0.005808
-0.028976 0.038122 0.003015
0.0212 -0.04 0.0212
0.019081 -0.003182 -0.007769
-0.006167 0.036548 -0.299904
0.014186 0.033754 -0.195116
-0.014139 -0.018133 -0.056752
-0.011472 -0.036948 0.02569
-0.005704 -0.040167 -0.029417
-0.036437 -0.021663 0.021042
-0.023404 0.021755 0.035027
-0.022863 -0.002908 0.008173
-0.0618 0.0322 -0.09602
-0.010154 -0.01562 -0.272606
0.038823 -0.017136 -0.04533
0.026459 -0.025298 -0.000357
0.002658 -0.031416 -0.008616
-0.011747 -0.037047 -0.025702
-0.023166 0.008309 0.006945
0.014398 -0.041473 0.025731
-0.014752 -0.041013 -0.02578
-0.018443 -0.028424 -0.346352
0.01793 0.0 -0.0453
-0.02317 0.0307 -0.0522
-0.028601 -0.017982 -0.03969
-0.012558 -0.008586 -0.05524
-0.004062 -0.045578 0.023115
0.009949 0.039819 -0.028279
-0.022757 -0.045851 0.002932
0.020424 -0.042429 -0.297173
0.002123 0.014068 -0.348382
-0.01065 0.045519 -0.346347
0.0245 0.0362 -0.0378
-0.011355 -0.048301 -0.001451
-0.009895 0.02683 -0.364087
-0.015573 -0.029663 -0.312729
-0.03537 0.0429 -0.28059
-0.048555 -0.003201 -0.302926
0.00181 0.0558 -0.01744
0.005139 -0.00028 -0.352828
-0.020976 -0.012732 -0.06765
-0.014077 -0.015377 -0.001747
0.01303 -0.0447 -0.32375
0.031905 0.011642 0.006952
0.036855 -0.012146 -0.115763
-0.016043 -0.047405 -0.005818
-0.025454 -0.029359 -0.310718
-0.018344 0.029385 -0.328125
0.031542 0.012474 -0.066973
-0.013811 -0.028564 -0.335453
0.01724 0.0 -0.0378
0.009605 -0.040097 -0.02832
0.010902 -0.04645 0.017796
0.0176 0.03472 -0.0166
-0.026024 0.043284 0.010016
0.01287 -0.0451 -0.31344
0.012273 0.014767 -0.296755
-0.002658 0.031416 -0.008616
-0.0166 -0.001453 0.007562
-0.004058 -0.046225 -0.021239
-0.020737 -0.004989 -0.069519
0.013628 0.032188 0.005812
-0.000551 -0.038691 -0.029621
-0.018839 0.010693 -0.068201
-0.01209 -0.005884 -0.053742
0.002384 0.040498 -0.029788
0.013541 -0.042791 -0.024985
0.026044 0.035045 -0.101658
0.04096 0.0 -0.028049
-0.022407 0.002173 -0.068726
-0.053852 0.023514 -0.286712
-0.01077 0.0 -0.0453
-0.018607 0.04302 0.012972
0.007369 -0.040673 -0.254509
-0.04831 0.0364 -0.26712
-0.034494 0.023977 -0.339677
-0.024632 -0.024948 -0.004681
-0.009399 -0.04533 0.022181
0.021272 0.030165 -0.024106
-0.045474 -0.015774 -0.314656
0.002919 -0.018233 -0.306395
0.021259 -0.00754 -0.000489
-0.02659 -0.01634 -0.004734
-0.022171 0.042803 0.017789
0.022801 0.043015 0.0
-0.017318 0.0364 0.021299
-0.025859 -0.018133 -0.003248
0.025417 0.040818 0.015502
0.001104 -0.040841 -0.029768
0.001076 0.043392 -0.027724
0.03825 0.002707 -0.004749
0.032741 -0.02961 -0.053751
-0.039591 0.022848 -0.313659
-0.02791 -0.037297 -0.005855
-0.020001 0.02055 -0.064259
0.017123 0.00376 -0.033907
-0.022061 0.029541 -0.324124
0.023352 -0.041472 -0.017991
-0.015353 -0.040001 -0.025694
-0.026675 -0.030988 -0.066772
-0.010755 -0.032169 -0.010004
-0.027953 -0.009532 -0.052222
0.030359 0.018032 0.005293
-0.030823 -0.028005 -0.313527
0.020476 0.045324 -0.012752
0.02241 -0.017654 -0.058252
0.034241 -0.010908 -0.06424
-0.010579 -0.037882 -0.027129
0.021917 -0.039316 0.020266
0.001104 -0.039159 -0.029768
-0.029579 -0.024515 -0.290782
0.027468 0.011717 -0.313652
-0.013289 -0.042254 -0.025724
0.010755 0.032169 -0.010004
0.014188 -0.037778 -0.170133
0.001597 -0.020589 -0.311851
-0.010194 -0.007662 -0.028046
-0.01626 -0.0417 -0.24969
0.031267 -0.035129 -0.012694
-0.012608 0.045242 -0.286297
-0.00441 0.047107 0.017794
-0.01941 -0.020183 -0.064362
0.039792 0.003534 -0.047054
0.03701 -0.026519 -0.016567
-0.026453 -0.007536 -0.000506
0.010306 0.045043 -0.29291
-0.027293 0.036574 0.004356
0.005605 -0.040333 0.029424
-0.019157 0.038402 -0.243548
0.001077 0.036158 0.027059
0.000829 -0.045425 -0.339841
-0.02609 -0.024165 -0.050487
-0.010186 -0.00766 -0.03
-0.016027 -0.041056 -0.227598
9.5e-05 -0.020171 -0.363652
-0.002431 0.04768 -0.136488
0.03064 -0.013861 -0.229448
-0.00238 0.047437 0.016623
-0.022857 -0.014981 0.0052
0.024116 0.009681 -0.065179
-0.006082 -0.033931 -0.021229
0.023597 -0.025387 -0.360056
-0.026586 0.013574 -0.056748
-0.017598 0.016182 0.005215
0.002441 0.012792 -0.290274
-0.038926 0.019001 -0.345844
-0.028148 -0.013444 -0.371267
-0.024943 -0.034855 -0.03
0.023764 -0.040817 0.017949
-0.007338 -0.01463 -0.274122
-0.016438 -0.009551 0.006068
-0.029662 0.003532 -0.039688
0.025641 -0.035687 0.005832
0.017668 -0.044168 -0.287396
-0.0222 -0.02966 -0.33078
-0.013458 0.003413 -0.361669
-0.017483 -0.013509 -0.373516
-0.044572 -0.006241 -0.352204
-0.020908 0.004562 -0.069516
0.023884 -0.002134 -0.066061
-0.007117 0.042182 -0.028198
-0.045077 -0.022645 -0.286588
0.03224 -0.0108 -0.0669
-0.002728 0.053885 -0.046267
-0.001826 0.039734 -0.189263
-0.046448 -0.003261 -0.347583
-0.0079 -0.0464 -0.33853
0.017031 -0.04128 -0.120386
-0.018516 -0.027322 -0.001587
0.0209 0.039321 0.021343
0.018789 -0.017598 -0.018422
0.026363 0.038298 -0.012914
-0.03294 0.04544 -0.06728
0.007959 0.047966 0.011417
-0.018009 -0.037194 -0.018186
0.038159 0.024571 -0.022184
0.021765 -0.035456 0.014127
-5e-05 -0.050765 -0.346249
0.0 0.04 0.0
0.022752 -0.024509 -0.053814
0.002482 0.018979 -0.310473
-0.05364 -0.0307 -0.07946
-0.014668 -0.026719 -0.345916
-0.056181 -0.004654 -0.279991
0.025545 0.027308 -0.003247
-0.023625 0.025816 -0.003162
0.0 0.041665 0.007495
-0.027552 -0.037312 0.007251
0.028976 -0.038122 0.003015
-0.025124 -0.029336 -0.309769
0.005637 -0.03455 0.023103
0.02475 -0.009557 -0.06609
0.034253 -0.025483 -0.004597
-0.005613 0.048727 0.004359
-0.021779 0.034254 -0.010931
0.002382 -0.047909 0.014027
0.004062 0.034422 -0.023115
0.012017 0.036706 -0.250855
-0.035853 -0.000693 -0.360094
0.029143 -0.041018 -0.005873
0.0054 0.03934 -0.0294
0.009436 0.038996 0.028245
-0.004412 0.04654 -0.020099
-0.024849 0.052767 -0.105126
0.030822 -0.019446 0.00434
-0.029607 0.040985 -0.001531
0.037517 0.027435 -0.054458
0.024175 0.038425 0.016778
-0.012475 0.046795 -0.036915
0.018357 -0.035326 0.017835
-0.022428 0.011639 0.006947
0.035253 -0.017971 -0.124452
0.0213 0.025471 -0.04704
0.035762 0.031148 -0.018394
0.005691 -0.015601 -0.31999
0.029568 0.000729 -0.069849
0.017974 0.046709 0.008627
-0.009857 0.03556 0.024052
0.00165 0.041656 -0.02941
-0.021112 -0.043456 0.017861
-0.01589 -0.046066 -0.015338
0.031267 0.035129 -0.047306
0.001579 0.03466 0.024023
0.022155 0.034324 -0.007236
-0.039099 0.004316 -0.274645
-0.020185 0.034861 0.014085
-0.006005 0.007164 -0.37078
-0.039239 -0.003238 -0.274274
-0.0 0.04306 -0.028181
0.032692 -0.037984 -0.03
-0.008004 -0.029478 -0.299905
-0.055693 -0.032618 -0.133616
-0.025239 0.011377 0.002012
0.034664 -0.002134 0.005149
-0.027683 -0.007321 -0.039699
0.028102 -0.026408 -0.000287
-0.051881 0.038778 -0.28032
0.029081 0.04 -0.00723
0.026242 -0.02931 -0.055466
-0.006045 0.013438 -0.298102
0.027652 0.039182 -0.024037
-0.002123 0.039086 -0.196402
0.037781 -0.021755 0.018637
-0.009875 0.036467 0.025674
-0.016593 -0.037275 -0.023186
-0.023507 0.033303 -0.012946
0.019231 0.030298 -0.313762
0.000997 -0.040987 -0.29985
-0.015978 0.027885 -0.006173
0.013018 -0.04471 -0.326313
0.0071 0.00553 -0.3424
0.00531 0.048166 0.011423
0.032973 0.023274 -0.000383
-0.002711 -0.02225 -0.015058
-0.019838 -0.045988 -0.010006
-0.018189 -0.040128 -0.023704
0.002075 0.053245 -0.050927
0.009215 -0.049017 -0.080731
0.018945 0.021575 -0.03391
-0.012864 -0.008109 -0.056737
-0.016769 0.027528 -0.298406
0.012897 -0.045781 -0.01897
-0.006209 0.03715 0.027742
0.012832 -0.045305 -0.306685
0.027297 -0.043432 0.004356
0.02632 0.00707 -0.36001
-0.011472 0.043052 0.02569
-0.026318 0.037681 -0.242678
-0.051618 -0.020083 -0.230688
-0.023447 0.010246 -0.066062
-0.007662 -0.035616 -0.024936
0.013879 -0.047824 -0.019499
-0.023037 -0.037515 -0.035948
-0.035328 -0.039651 -0.287425
-0.000691 -0.040047 -0.360114
0.003362 -0.001701 -0.282456
-0.018444 -0.041031 0.023316
-0.02 -0.022484 -0.279823
-0.020183 0.007655 0.009224
0.014398 0.038527 0.025731
0.015 -0.04447 -0.0212
-0.002383 0.033067 0.018941
-0.000231 0.017521 -0.011935
0.015016 -0.043845 -0.30161
-0.023383 -0.045074 -0.008642
-0.002815 -0.020559 -0.292792
0.023091 -0.037109 -0.268372
0.025414 0.01191 -0.360102
0.029 0.001962 -0.069887
-0.053351 0.015693 -0.22037
0.02534 -0.034404 -0.293532
-0.025865 -0.019957 -0.297105
0.032493 -0.034081 -0.07456
0.014523 0.043645 0.023166
-0.005582 -0.026031 -0.329442
-0.017226 0.033352 -0.011115
-0.03438 0.002745 -0.372239
0.026023 -0.036036 -0.280652
0.034698 -0.022718 -0.003166
-0.025649 -0.040926 -0.194573
0.038341 -0.024912 -0.031953
0.025882 -0.026654 -0.295376
0.011691 -0.044877 -0.313728
0.040813 0.003836 -0.035858
0.039637 -0.018449 -0.031956
-0.021652 -0.020992 0.003315
-0.023356 -0.045041 -0.152578
-0.009091 -0.050296 -0.311313
-0.004886 0.03651 -0.022597
0.001581 -0.039257 0.029774
0.031041 0.003552 -0.069216
-0.052225 0.030184 -0.261691
0.021311 0.042714 0.018953
0.004163 -0.040348 -0.029648
-0.02375 -0.0362 -0.0378
-0.052035 0.042783 -0.087308
0.014284 -0.039449 -0.299773
-0.021595 -0.024491 -0.285026
-0.01886 -0.021444 0.003365
0.031892 -0.029193 -0.055405
-0.015787 -0.003584 0.006048
0.036591 -0.002709 0.000772
-0.02901 0.010812 -0.016557
-0.012574 -0.042987 -0.320062
-0.024303 -0.013915 -0.063241
-0.023431 0.015354 -0.064227
-0.023065 0.037229 -0.022128
-0.002655 0.035442 -0.025669
0.036528 0.024829 -0.048771
0.029 0.039733 -0.026084
0.013585 0.046264 -0.016646
0.00777 -0.04719 -0.306991
-0.009479 0.044517 0.024051
-0.037612 0.011357 -0.36229
-0.029952 -0.02455 -0.348674
0.031759 0.029311 -0.055466
-0.037004 -0.03837 -0.18639
0.020422 0.042594 -0.020093
0.008013 -0.047029 -0.302353
-0.021684 -0.015742 0.006063
-0.009665 0.026959 -0.305791
-0.012266 -0.0 -0.004788
-0.015571 0.031597 -0.047127
-0.015636 0.02402 -0.003169
0.030355 0.030185 -0.097198
-0.016026 -0.039003 0.025028
-0.024279 0.034822 0.0044
-0.027525 -0.015481 -0.297189
0.019892 -0.040533 -0.02234
0.012107 0.006621 -0.297215
-0.052025 0.034282 -0.270773
0.035957 0.000411 -0.162234
-0.018637 0.021755 -0.037781
-0.029855 0.039389 -0.257118
-0.014393 0.014811 -0.059524
-0.01103 0.040663 0.027771
-0.010805 0.003531 -0.014685
-0.011638 0.013755 -0.012969
0.037211 0.014494 -0.055272
0.004168 0.041795 0.029078
0.013034 -0.041986 -0.331415
0.035818 0.014344 -0.000451
0.002384 -0.040498 -0.029788
-0.057988 0.020605 -0.275226
0.023352 0.038528 -0.017991
0.026723 -0.026878 -0.189593
-0.016371 0.033777 -0.01404
0.002711 0.039648 -0.029794
0.029692 0.016701 0.006166
-0.022139 0.002569 -0.313612
-0.02103 0.0 -0.069703
0.005697 0.037494 -0.028233
-0.01625 -0.0362 -0.0378
0.016026 -0.040997 0.025028
0.009546 0.040857 0.028264
-0.013475 0.030259 -0.033935
-0.021051 0.038402 -0.020119
-0.009949 -0.042398 0.027113
-0.02352 -0.0058 -0.0669
0.035825 -0.011482 -0.060785
0.035601 0.017105 -0.094026
-0.02215 -0.0422 -0.29507
-0.021484 0.027323 -0.058412
0.027467 0.036533 0.002908
-0.024089 0.034895 0.005842
0.014035 -0.035646 -0.227624
0.010579 -0.042118 -0.027129
-0.001653 -0.038757 -0.029614
0.020862 -0.043464 -0.293968
0.037051 -0.022425 -0.080187
-0.025503 -0.029664 -0.31668
-0.03364 0.04861 -0.05179
-0.052952 0.036047 -0.286255
0.013628 -0.032188 -0.005812
0.030768 -0.009874 -0.06823
0.029607 -0.040985 -0.001531
0.003735 -0.03934 0.029637
-0.02 0.001177 -0.379738
0.02812 -0.0325 -0.11559
0.017972 0.015158 -0.026098
-0.014147 0.032512 -0.033962
-0.029521 -0.003758 -0.041566
-0.025377 0.0 0.037972
-0.04785 -0.000106 -0.330003
-0.002388 0.011433 -0.27773
0.026022 -0.043283 -0.010015
0.00902 0.042758 -0.02705
0.006123 0.038102 -0.028653
-0.011498 0.019872 -0.360829
0.004848 -0.012762 -0.298053
0.033044 -0.020656 -0.154868
-0.011127 0.018762 -0.362601
0.013738 0.047957 -0.002906
-0.0117 -0.04351 0.0249
-0.006848 -0.051461 -0.091375
0.002153 0.035787 0.026382
0.016967 -0.04513 -0.017768
0.023764 0.039183 0.017949
-0.006172 -0.037601 0.028224
0.025641 0.044313 0.005832
-0.023606 -0.04217 -0.253905
0.030351 -0.012571 -0.067625
-0.011127 -0.007062 -0.012946
0.013422 -0.043258 -0.308944
0.019015 -0.044827 0.016664
-0.022556 0.017775 -0.064276
-0.050428 -0.001016 -0.0902
-0.023989 -0.006484 -0.066013
0.0022 -0.04162 -0.0294
-0.010506 -0.034138 -0.0201
0.008692 -0.008893 -0.319995
0.005613 -0.048558 -0.007217
-0.022853 0.035035 -0.045427
0.017455 0.03777 0.023122
0.014941 0.045656 -0.017801
-0.018637 -0.021755 0.037781
-0.019446 -0.030135 -0.317277
-0.003162 -0.044139 0.026383
0.038325 -0.024792 -0.033909
-0.006987 -0.026684 -0.330593
-0.026222 0.027521 -0.338737
-0.025257 0.01424 0.000784
-0.012541 0.036199 -0.024003
0.024241 0.025594 -0.207595
0.024833 0.019256 -0.06211
0.021765 0.044544 0.014127
-0.021802 -0.013291 0.006949
-0.023628 0.037746 0.016719
-0.014547 -0.029375 -0.329242
-0.023636 0.004353 0.006927
-0.053568 -0.020146 -0.25778
0.044797 -0.0 0.008906
-0.003419 -0.047386 -0.126208
0.01933 -0.032681 -0.20164
0.011887 0.045615 -0.020116
-0.008456 -0.033844 0.020062
-0.015889 -0.051117 -0.346279
-0.016157 0.047556 0.002908
-0.015363 -0.024948 -0.05532
-0.0 -0.04498 0.0249
0.029331 0.040096 -0.005835
-0.026414 0.025465 -0.047036
-0.016791 -0.023769 -0.356647
-0.014922 -0.029678 -0.325331
-0.01589 0.046066 0.015339
-0.028439 -0.010238 -0.048777
-0.02676 -0.027455 -0.298883
0.004566 0.015264 -0.334304
0.03899 -0.008301 -0.080413
0.003692 0.038106 -0.029076
-0.01868 0.044121 0.019011
-0.050262 0.035148 -0.073048
-0.040073 -0.02162 -0.332148
0.03435 0.032971 -0.071761
-0.040079 0.021096 -0.332189
-0.009177 0.0275 -0.326473
-0.023725 0.002903 0.006936
-0.005754 -0.041305 0.029098
-0.017479 0.013735 0.006107
0.019137 0.036083 -0.019048
-0.020025 0.038097 0.021317
0.009253 -0.006133 -0.314364
0.014551 -0.046614 -0.014051
-0.010527 -0.011338 -0.024142
0.027599 -0.043464 0.001455
-0.009018 -0.035861 -0.024952
-0.052899 0.009523 -0.286605
0.010579 -0.037882 0.027129
0.031524 0.004897 -0.068757
-0.0395 0.02096 -0.30382
0.036704 -0.007863 -0.139595
-0.008562 -0.031396 -0.001454
0.0 -0.03364 -0.0212
-0.064304 -0.004101 -0.156764
0.009646 0.002703 -0.325642
-0.01855 0.0141 -0.0669
0.002796 -0.046684 -0.122384
-0.012268 -0.024641 -0.035857
-0.014186 0.032312 -0.035907
0.018548 -0.033051 0.004364
0.013182 -0.043013 -0.318548
0.022432 -0.036226 0.015406
-0.051016 -0.019702 -0.066545
0.008358 0.004203 -0.303028
-0.016917 0.012046 -0.06603
0.005037 0.031996 0.012731
-0.010776 0.015229 -0.031951
0.020696 -0.005409 -0.058251
0.037948 -0.023965 -0.018415
0.028576 0.005819 -0.313651
-0.0 -0.039096 -0.029769
0.032185 -0.005023 -0.068185
-0.0 -0.048963 -0.001451
-0.023755 0.02695 -0.296026
-0.000706 -0.030262 -0.362852
0.017644 -0.033409 0.010029
-0.016997 0.0 0.008142
0.020638 -0.018146 -0.052262
-0.005077 -0.039193 -0.029414
-0.022221 -0.038132 -0.037917
-0.017468 -0.039328 0.024142
0.025987 -0.030332 -0.006112
-0.028774 0.003532 -0.011224
0.009876 -0.036466 0.025675
-0.017733 0.044997 -0.294782
-0.028432 -0.039067 -0.008759
-0.049485 0.004192 -0.314362
-0.035399 -0.043434 -0.266261
-0.058118 -0.028945 -0.135555
-0.002499 -0.012512 -0.298036
0.020186 0.04514 0.014085
-0.014738 0.029614 -0.047146
-0.011232 0.018335 -0.035859
-0.00406 -0.033443 0.020099
0.030463 -0.005928 -0.069221
0.031562 -0.038463 -0.024014
-0.001929 0.04302 -0.022602
-0.007688 0.032194 -0.012724
-0.029997 0.027515 -0.309513
0.018159 0.035245 0.017823
0.004262 -0.042764 0.028203
0.018769 -0.032856 -0.208698
0.01449 0.04328 -0.00388
-0.045074 -0.015831 -0.309892
-0.031223 0.027507 -0.317868
-0.042854 -0.042913 -0.284305
0.02808 -0.012888 0.007666
0.026892 -0.034286 -0.049075
0.03832 0.019431 -0.057084
-0.020912 -0.044498 -0.015396
-0.003814 -0.021604 -0.293531
0.018126 -0.046577 -0.021909
0.036473 -0.029189 -0.01837
-0.001742 0.014731 -0.363966
-0.00406 -0.046556 -0.020099
-0.018934 0.006354 -0.069224
-0.044673 -0.005535 -0.287379
-0.001029 -0.039675 -0.029868
-0.020942 -0.034848 -0.049027
-0.015737 0.029394 -0.31892
-0.001008 -0.023414 -0.31998
0.007355 0.004124 -0.297478
0.035027 0.021755 0.023404
-0.016587 -0.013279 0.005121
0.006 0.03135 -0.36003
-0.013787 -0.04799 -0.001455
-0.039283 -0.047056 -0.087124
-0.018699 -0.047028 -0.001453
-0.002031 -0.047204 -0.017785
-0.008777 0.027504 -0.322172
0.016907 0.041493 0.024158
0.011548 -0.046621 0.016632
-0.010365 0.036151 0.02494
-0.013584 -0.046262 0.016645
-0.019718 -0.040096 -0.022478
0.028284 -0.042732 -0.002968
0.031217 0.014602 -0.201932
0.025468 -0.009559 -0.066942
0.019015 -0.035173 -0.016664
-0.002159 -0.042969 0.028214
-0.057339 0.021801 -0.280402
0.004882 0.042682 -0.346354
0.016402 -0.034205 -0.216134
-0.009022 0.045392 0.02218
0.001171 -0.004389 -0.010231
0.004572 -0.006191 -0.287796
0.021955 -0.004259 0.00203
-0.024276 -0.02853 -0.302007
0.03723 -0.011282 -0.056715
0.032683 -0.000495 -0.215645
-0.011689 -0.021525 -0.024135
-0.020988 0.019899 0.004404
0.015603 -0.045815 0.016634
-0.021938 0.035089 -0.012699
0.007157 -0.042652 -0.027732
0.023643 0.041951 -0.290417
0.011008 0.015837 -0.363786
0.033025 0.007058 -0.066938
-0.015878 0.023168 -0.356278
0.025208 0.008311 0.006954
-0.013584 -0.033738 -0.016646
0.002807 0.048782 -0.005808
0.005692 0.00511 -0.013394
0.02109 -0.044433 -0.01542
0.014434 -0.042365 -0.024967
-0.022328 0.027963 -0.056895
0.009662 -0.042509 0.027096
-0.034797 0.019008 -0.285054
-0.023794 -0.045047 0.00727
-0.011204 0.046396 -0.017793
-0.026969 0.018133 -0.052245
-0.029184 -0.003531 -0.014685
0.005614 0.048441 0.008621
-0.022127 -0.008179 -0.068171
-0.005762 -0.047297 -0.338377
-0.010987 -0.003181 -0.047048
0.001103 0.038723 -0.02962
-0.028238 0.009535 -0.050502
0.0 -0.04 -0.0299
-0.024775 0.0 -0.065092
0.0012 -0.00022 -0.2776
0.00158 0.046036 -0.02217
0.02644 -0.031 -0.14896
0.018444 -0.038969 0.023316
-0.006777 -0.018489 -0.359485
0.004733 0.045155 -0.024025
0.004977 -0.003267 -0.352669
0.01568 0.041461 0.024991
0.030342 0.008538 -0.068778
-0.049995 0.029759 -0.25304
-0.02 -0.037606 -0.016533
-0.008573 0.034909 -0.023112
-0.006644 -0.027965 -0.040766
0.013526 0.033274 -0.20968
-0.023289 0.037602 -0.237007
-0.011806 -0.050827 -0.103063
-0.01474 0.020815 -0.056718
-0.009159 0.009866 -0.267943
-0.011657 0.044389 -0.278151
0.0 -0.044273 -0.026341
0.020868 -0.045423 -0.062845
-0.057688 0.009521 -0.26979
-0.014129 0.032614 -0.031981
-0.025265 -0.028007 -0.300018
-0.022227 -0.044689 0.012809
0.003689 0.041887 -0.029068
-0.024064 0.012707 -0.064212
-0.017318 0.005022 0.008169
0.008834 0.015571 -0.362958
-0.039243 0.002802 -0.274408
-0.022833 0.0 -0.039537
-0.036358 -0.019255 -0.287433
-0.007413 0.04739 -0.01533
-0.006209 -0.037151 0.027742
0.039021 -0.021676 -0.026083
0.029607 0.039015 -0.001531
-0.028884 -0.006711 -0.012946
0.0 0.03118 0.0058
0.0209 0.039321 -0.021342
0.026377 -0.038901 -0.03
-0.021635 -0.028559 -0.300547
0.008946 0.00709 -0.325342
-0.01812 0.017358 0.005167
-0.024976 0.041485 -0.26587
0.040028 -0.015158 -0.033902
0.019039 0.03425 -0.012709
0.001929 -0.04302 -0.022602
-0.02 0.0 0.0099
-0.051349 0.019829 -0.287562
-0.02353 0.029889 -0.299918
-0.002656 0.031721 -0.011416
0.027595 0.003484 0.009511
-0.0295 -0.01689 -0.36599
-0.019602 -0.003615 0.009738
0.02519 0.0307 -0.0078
-0.018408 -0.025277 -0.287381
-0.014722 -0.01424 0.000785
-0.020368 -0.001382 -0.069849
-0.055589 0.008448 -0.088469
-0.040081 -0.021605 -0.307811
-0.028182 0.017125 -0.014678
-0.031598 -0.038989 -0.238538
-0.019434 0.003188 -0.06973
0.036313 0.024172 -0.050492
-0.035241 0.022097 -0.345581
0.016044 -0.032591 0.005819
0.024674 -0.027506 -0.221358
-0.017095 -0.01695 0.004291
0.006248 0.040122 -0.167213
-0.027376 0.023365 -0.043447
0.021898 -0.010649 -0.361847
-0.002152 -0.043341 0.027732
-0.024748 -0.025324 -0.351277
0.009857 -0.04444 -0.024052
-0.000198 -0.037118 -0.322724
0.01093 0.038054 0.02711
-0.0449 -0.01685 -0.31999
-0.02 0.0055 -0.3788
0.017724 -0.025786 -0.297747
-0.014746 -0.011377 0.002012
0.010057 0.047344 -0.01401
-0.023159 -0.04 0.018988
-0.0271 0.04336 -0.0058
0.0 -0.046062 -0.022142
0.006172 -0.042399 0.028224
-0.019814 -0.007655 -0.069224
-0.013199 0.026919 -0.018442
0.020457 0.014963 -0.006242
-0.01178 0.0384 -0.21856
-0.017843 0.02752 -0.34204
0.038918 -0.012802 -0.077689
0.004459 -0.044007 -0.339712
-0.0 -0.031388 -0.008604
-0.052166 -0.004242 -0.28602
-0.032051 -0.02741 -0.312518
0.017467 0.033386 0.010023
0.005463 0.031422 0.007217
0.027214 -0.004852 0.009216
0.022004 -0.029478 -0.299905
0.031792 0.021954 0.002023
-0.011497 -0.020383 -0.279171
-0.026297 -0.029025 -0.018419
-0.017555 -0.030926 -0.346375
-0.044432 -0.011817 -0.294226
0.032496 -0.036321 -0.018277
0.023928 0.002906 -0.066069
-0.001296 0.010294 -0.29784
0.024902 -0.024632 -0.058312
-0.014935 0.00426 -0.064197
-0.047262 0.006186 -0.330009
-0.017261 0.028826 -0.333435
-0.006123 -0.041898 0.028653
-0.015756 -0.032779 -0.008634
-0.053767 0.026255 -0.081494
-0.012215 -0.034449 -0.020116
-0.001316 -0.023569 -0.324045
-0.018523 0.000726 0.009496
0.01568 0.041461 -0.024991
-0.007117 -0.042182 0.028198
-0.025417 0.040818 -0.015502
-0.019718 0.040096 0.022478
0.013874 -0.036001 -0.233177
-0.043745 0.015088 -0.33958
-0.021196 -0.038848 -0.037899
-0.019449 0.029167 -0.308618
0.016389 0.042077 0.024029
-0.014555 -0.042856 -0.310466
-0.030128 0.053461 -0.090872
-0.041892 -0.017033 -0.296864
0.031239 -0.039471 -0.040393
0.012037 0.035592 -0.023124
0.0041 -0.03877 0.0294
-0.0 -0.032285 -0.015306
0.032012 0.03153 -0.007641
-0.019056 -0.033871 -0.009258
-0.025528 0.009082 -0.06197
-0.02 0.0392 -0.0222
-0.02695 -0.041788 -0.011549
-0.014956 -0.015562 -0.060779
-0.02525 0.020814 -0.003283
-0.01283 -0.011757 -0.004785
-0.068447 0.009012 -0.110199
0.03442 -0.012763 -0.177178
-0.0054 -0.04066 -0.0294
0.013724 -0.04138 -0.134831
0.02791 -0.042703 -0.005855
-0.024263 -0.029896 -0.32108
0.001478 -0.018409 -0.296543
-0.037448 0.047238 -0.056412
0.00117 -0.047514 -0.33453
-0.005077 -0.039192 0.029414
0.013541 -0.042791 0.024986
0.009478 0.035484 0.024051
-0.016916 0.002881 -0.260887
-0.061275 -0.025895 -0.109944
-0.059314 -0.024629 -0.146344
0.02126 -0.0428 -0.28965
0.026203 0.044413 0.0
-0.021851 -0.011172 -0.067639
0.005637 0.045793 -0.022171
-0.037184 -0.024469 -0.31276
-0.013186 -0.047505 0.010024
-0.022172 -0.046547 -0.044958
-0.029578 0.024004 -0.349218
0.023109 0.006387 0.004203
-0.032421 0.02626 -0.307494
-0.010577 -0.0372 0.026408
-0.004734 0.044395 -0.025657
0.028777 -0.005721 0.009554
0.024638 -0.004353 0.006932
-0.029549 -0.04101 -0.002907
-0.004809 -0.04359 0.027036
-0.021144 -0.018023 0.005271
-0.00535 -0.039668 -0.300211
-0.022217 -0.004291 0.008727
-0.022853 0.035036 -0.014573
0.009546 0.039143 -0.028264
0.035131 -0.017637 -0.313609
-0.041971 -0.043859 -0.276003
0.009876 0.043534 0.025675
-0.004262 -0.042764 -0.028203
-0.025641 0.035687 0.005832
0.016184 0.044428 -0.292957
-0.013474 0.036528 -0.024066
0.001582 -0.044225 -0.026373
0.028531 0.011328 0.008312
-0.007501 0.04328 -0.012989
-0.017089 -0.044249 0.020149
-0.045472 -0.03985 -0.284417
-0.005805 0.03808 -0.237225
-0.009843 -0.045603 -0.021238
-0.00776 -0.04 -0.02898
-0.020554 -0.030067 -0.325586
0.004262 0.037236 0.028203
0.00608 -0.038839 0.0291
-0.017885 -0.037118 -0.041617
0.007662 0.044386 -0.024937
0.017039 -0.020855 -0.299888
-0.02705 -0.0282 -0.03
-0.022556 -0.032553 -0.050684
-0.02997 -0.0 -0.03
-0.013688 -0.02681 -0.344686
0.017859 0.030917 -0.229901
0.023252 -0.018873 -0.000514
-0.008412 -0.048336 0.007214
0.00441 0.047107 -0.017794
-0.020606 -0.024998 -0.06099
-0.016544 0.032474 -0.011208
-0.012303 -0.025263 -0.291142
0.030709 0.001455 -0.069504
0.014268 -0.036261 -0.023145
0.030123 -0.001457 0.009711
-0.007755 0.045342 -0.284044
-0.02917 -0.041948 0.0
0.021091 0.044434 0.015421
-0.00075 -0.04192 -0.35997
-0.0 0.031037 -0.001451
0.040439 0.007292 -0.020302
0.016304 0.032446 -0.001457
-0.013535 -0.021755 -0.039895
-0.03039 -0.020506 -0.03905
-0.018699 0.032972 -0.001453
0.009926 0.036956 0.026362
-0.030823 0.027507 -0.313567
0.023085 -0.035831 -0.329971
-0.004644 0.023974 -0.30307
0.036851 0.013035 -0.089642
-0.027629 -0.024557 -0.037812
0.025624 0.035069 -0.014568
0.019615 0.034184 -0.330029
-0.022465 0.034269 0.005827
-0.040458 0.019856 -0.336935
0.0176 -0.03472 0.0166
0.027597 -0.036538 0.001455
-0.0314 0.02745 -0.32002
-0.034072 -0.041094 -0.287644
0.003408 -0.039192 0.029632
-0.010195 -0.007587 -0.031953
0.003152 -0.041433 0.029416
-0.018927 -0.004134 0.009496
0.021114 0.033626 -0.001452
0.02003 0.04348 -0.019016
0.019379 -0.020974 -0.041594
-0.020915 -0.046317 0.004352
0.027761 -0.037889 -0.041764
-0.016946 0.020445 0.002072
-0.005714 0.031209 0.002907
0.00717 -0.035917 0.025668
-0.017894 0.036519 -0.016431
-0.043212 -0.032705 -0.221362
0.007573 -0.046183 -0.335873
-0.046571 -0.000235 -0.292147
-0.024118 0.02131 -0.279158
0.004072 0.045372 -0.29272
-0.03022 -0.046329 -0.050833
-0.027065 0.028087 -0.028049
-0.006908 -0.049543 -0.32665
0.021917 -0.040683 -0.020266
0.005713 -0.048819 -0.001454
-0.020168 -0.033898 -0.008608
0.023962 -0.029927 -0.050616
-0.025098 -0.03761 -0.014177
0.030916 0.004202 -0.069221
-0.003737 0.021097 -0.346469
-0.032506 -0.019604 -0.281846
-0.003155 0.035132 0.02494
0.023101 0.034892 -0.03
0.013584 -0.046262 -0.016645
0.017268 0.043603 -0.021301
-0.036244 0.0 -0.027814
0.005186 -0.03451 -0.023106
-0.017953 -0.014935 0.006117
0.00158 -0.045705 0.023101
0.013186 -0.032495 0.010024
-0.002933 0.039539 -0.251822
-0.025246 -0.046399 -0.278991
-0.010262 0.006272 -0.36215
-0.025417 0.039182 0.015502
0.031232 -0.037345 -0.066934
-0.014482 0.014301 -0.371074
-0.022949 -0.009558 0.006935
-0.047824 -0.007588 -0.336568
0.016095 0.044069 0.021266
0.025261 0.037884 -0.028033
-0.011698 -0.045653 -0.329964
-0.002656 0.048101 -0.012722
0.014719 -0.046253 -0.087049
-0.055604 -0.004328 -0.088477
0.005613 -0.031273 -0.004359
-0.029979 -0.027449 -0.335306
-0.054453 0.019087 -0.286049
0.005702 -0.007625 -0.347059
0.03134 0.0 0.0092
-0.007959 -0.032034 -0.011417
-0.0 -0.031063 0.002901
-0.017484 0.0 0.04221
0.0063 0.03541 0.0249
-0.01032 -0.02329 -0.35998
0.039895 0.021755 0.013535
0.000763 0.011389 -0.010633
-0.0 -0.03826 0.0294
0.025838 -0.044387 -0.004388
0.027474 0.036879 -0.08614
-0.011254 -0.048208 0.004351
0.000459 0.019887 -0.3031
0.021016 -0.041997 -0.297073
0.028103 0.027839 -0.00162
0.0 -0.048728 -0.007203
0.025243 -0.038065 -0.289135
-0.015038 -0.047367 -0.310534
0.012386 0.039311 -0.027177
0.008114 -0.03174 -0.008617
-0.016262 -0.029896 -0.315728
-0.037026 0.002851 -0.271082
-0.011632 -0.017356 -0.04345
-0.023886 0.028125 -0.006172
0.039374 0.007068 -0.048798
0.029679 0.005414 -0.069521
-0.025824 -0.025939 -0.291702
0.0077 -0.00024 -0.2972
-0.026197 -0.016288 -0.056765
0.01328 0.0332 -0.21697
-0.021748 -0.009666 -0.027829
-0.033161 -0.045279 -0.062322
-0.006123 0.038102 0.028653
-0.008 -0.04329 -0.35997
0.004809 0.04359 -0.027037
0.040553 -0.007515 -0.037815
0.024253 -0.031087 -0.297762
-0.027538 0.02434 -0.020304
0.029656 -0.007355 0.009224
0.028616 -0.028778 -0.283166
0.01212 0.042113 -0.026438
-0.006986 0.026166 -0.330633
-0.012286 -0.009061 -0.053732
0.038151 -0.015789 -0.050527
0.024865 -0.040096 -0.01661
-0.028694 0.007349 -0.264874
0.006686 -0.041382 -0.338563
-0.031758 -0.044553 -0.146823
-0.029047 0.050705 -0.049983
-0.006005 -0.007674 -0.26922
-0.033835 0.007219 -0.370864
-0.010885 -0.021663 -0.040646
0.026605 -0.005548 -0.068759
-0.01875 -0.040526 0.023283
-0.008447 0.040345 0.02871
0.003158 0.045638 -0.023114
-0.030486 0.044019 -0.288504
0.001129 -0.048071 -0.33023
-0.021085 0.028869 -0.306001
-0.045659 0.0 0.0
-0.025749 -0.010814 -0.37479
-0.018894 0.028879 -0.305999
-0.023125 0.002863 -0.260836
-0.011527 0.045291 0.021252
-0.019033 -0.016398 -0.066172
0.024089 -0.045105 -0.005842
0.015592 0.044725 0.02007
-0.012089 0.020548 -0.043458
0.00473 -0.04475 -0.02493
0.026009 -0.044427 -0.002937
0.010944 -0.046961 -0.296207
0.008456 -0.046158 -0.020063
-0.019085 -0.004562 0.009515
-0.022889 -0.007842 -0.262345
0.0 0.033938 -0.022142
0.0095 -0.0331 -0.0166
0.022098 -0.045659 -0.346289
0.027645 -0.03208 -0.123928
0.008643 0.04 -0.028692
0.0049 -0.01685 -0.31999
-0.026271 -0.024821 -0.048765
-0.055051 0.010283 -0.284138
-0.015219 0.018868 -0.000522
0.003763 0.005139 -0.011314
0.007133 0.032845 -0.016624
-0.012311 -0.04702 0.014038
0.026245 0.003639 -0.068719
0.027608 0.02461 0.001041
0.028813 -0.038085 0.004454
-0.008124 -0.036087 0.025684
-0.003234 -0.042892 0.028203
-0.024359 0.024019 -0.05683
0.006789 0.046656 0.01894
-0.026469 0.020827 -0.007766
-0.012215 0.045551 -0.020116
-0.027406 -0.0 -0.056709
0.027656 0.039175 -0.035845
-0.017435 0.032554 -0.050685
0.004644 -0.041689 -0.029073
0.02636 -0.004291 0.008739
-0.023672 0.022263 -0.358804
-0.057478 -0.004268 -0.086474
-0.000548 -0.036959 0.028198
-0.015939 -0.029885 -0.316679
-0.007413 0.032379 -0.01403
-0.009103 0.026257 -0.337156
-0.027375 0.01945 -0.0112
-0.02 0.030842 -0.055318
-0.04582 0.0286 -0.28837
-0.02 0.0332 -0.0078
0.000677 -0.04781 -0.33272
0.037876 0.024338 -0.055832
-0.016843 -0.046347 -0.012733
-0.017233 0.00437 -0.068152
0.002663 0.015295 -0.343714
-0.0054 0.03934 -0.0294
0.029 -0.03986 -0.03196
-0.0 0.043865 -0.027032
-0.02521 0.015635 -0.270339
-0.01774 -0.021977 -0.02327
0.02042 -0.037408 0.020091
-0.010057 0.028008 -0.321123
0.020935 0.017683 -0.006216
-0.008514 0.048572 -0.002906
-0.024402 0.02545 -0.004629
0.000551 0.038691 -0.029621
0.027193 0.017709 -0.065258
-0.017675 0.025929 -0.023246
0.01331 0.032254 0.007219
-0.018817 -0.003484 -0.069502
-0.013773 -0.039489 0.026482
0.007688 -0.047806 0.012724
-0.005186 0.03451 -0.023106
-0.020628 0.01391 -0.313608
0.01509 0.033042 0.011432
0.020026 -0.041904 0.021318
-0.02897 -0.039085 -0.22479
0.023558 0.03167 -0.144008
0.037404 0.027843 -0.024147
0.026608 -0.023911 0.000917
0.026536 0.036558 -0.043585
0.02117 0.0108 -0.0582
-0.042796 0.041642 -0.278063
-0.04137 0.011357 -0.285334
-0.029157 -0.011038 -0.041566
0.036173 -0.0 0.001973
-0.022445 -0.001448 0.008727
0.010863 -0.01789 -0.362791
-0.016338 -0.039492 0.025002
0.022176 -0.032138 -0.037858
0.011099 -0.043948 -0.336995
-0.01596 0.0476 -0.14919
0.01268 -0.042232 -0.333983
-0.005808 0.044291 0.025632
-0.030086 0.05034 -0.050784
0.038545 -0.009535 -0.007769
-0.054791 0.037433 -0.129616
0.024619 0.040818 0.016748
-0.036626 0.00583 -0.271623
-0.006644 0.0377 0.028219
0.004345 0.037127 -0.203197
-0.020206 0.013342 0.007682
-0.011416 0.025576 -0.344731
-0.021032 0.02963 -0.317968
0.014434 -0.042365 0.024967
-0.006269 0.036182 -0.026378
0.026203 -0.044413 -0.0
0.026633 0.010768 -0.067626
0.007412 -0.038672 -0.028691
0.024059 -0.04 -0.017816
-0.002658 0.047902 -0.014028
0.030123 0.001457 0.009711
-0.003785 -0.042847 0.028186
-0.033474 0.021802 0.025688
-0.025016 -0.034856 -0.360116
-0.018328 -0.011595 -0.067623
0.022846 0.040809 -0.019106
0.002926 -0.019399 -0.315915
0.020852 -0.017254 -0.006219
0.032453 0.006997 0.007598
-0.019503 -0.029166 -0.296587
-0.02941 0.038 -0.19009
-0.011671 -0.021475 -0.035862
-0.046407 0.002695 -0.347687
-0.030408 -0.013024 -0.269991
0.002031 -0.032796 -0.017785
-0.022121 0.038644 -0.025937
0.026536 -0.036558 -0.016415
0.022674 0.035201 0.011482
-0.046488 -0.008913 -0.341825
0.036473 0.010234 -0.059474
-0.016021 -0.048348 -0.298045
-0.025028 0.015562 -0.060778
-0.042001 0.023994 -0.330017
-0.016153 -0.032523 -0.004367
-0.02917 0.038052 0.0
0.00649 -0.008914 -0.341826
-0.042522 -0.015801 -0.295862
-0.004651 -0.024165 -0.362022
-0.004808 0.025514 -0.322176
0.026573 0.014942 0.006134
0.039427 -0.018213 -0.022185
0.037009 0.026518 -0.016567
-0.054773 -0.00558 -0.238457
-0.025604 -0.029674 -0.32218
-0.006733 -0.017793 -0.298163
-0.007441 0.022177 -0.289419
-0.0095 -0.0331 0.0166
0.0013 0.045783 -0.141112
-0.011367 0.017808 -0.020308
0.021523 -0.042109 -0.296104
0.018125 0.007063 -0.01467
0.023736 -0.031633 -0.04715
-0.015221 0.018867 -0.059477
0.017484 0.0 0.04221
-0.014483 -0.002128 0.003228
0.014857 0.052393 -0.039652
0.005663 -0.031265 0.00436
-0.0228 -0.043228 -0.037248
0.026432 -0.010339 -0.067619
0.038145 -0.019274 -0.077072
0.015896 0.008112 -0.362033
-0.046571 -0.000275 -0.347853
0.020004 -0.034807 -0.014058
0.007229 -0.040002 0.029078
0.02993 0.016541 -0.066218
-0.048692 0.008393 -0.320005
-0.031429 -0.046289 -0.289084
0.019209 0.013409 -0.048762
0.033075 -0.013284 -0.065135
0.001051 0.020053 -0.30713
0.026467 0.008181 -0.068182
-0.061323 -0.025668 -0.116947
0.003723 -0.017016 -0.305711
-0.017325 -0.027455 -0.295577
0.020164 -0.015431 -0.007757
0.011822 0.038954 -0.156012
-0.019509 -0.045024 -0.015375
-0.029752 -0.021664 0.029752
-0.015672 0.0 0.006008
-0.003058 0.023935 -0.32949
-0.019838 0.045988 -0.010006
0.034034 -0.003586 0.006069
0.035603 -0.030717 -0.043511
-0.003005 -0.007822 -0.362002
0.037314 -0.021862 -0.048806
0.015672 0.04988 -0.058802
-0.025236 0.02805 -0.336748
-0.019999 0.02055 0.004259
0.008177 -0.045474 -0.120337
-0.005313 0.047786 -0.014036
0.0 -0.04174 0.0294
-0.035652 -0.020373 -0.288795
0.02747 0.038202 -0.010181
-0.010775 -0.015229 -0.031951
0.031213 -0.002176 0.009214
-0.028563 0.008776 -0.265614
-0.028224 -0.04 0.010032
0.019087 -0.03608 0.01905
0.033239 0.021038 -0.06091
-0.022124 0.004895 0.008743
0.007356 -0.004604 -0.297478
-0.00213 -0.03885 0.029624
-0.0 0.04174 0.0294
-0.01725 0.041024 -0.024194
-0.011254 0.031792 0.004351
0.005611 -0.031344 0.005811
-0.0081 -0.03415 0.0212
-0.034324 -0.004801 -0.371755
-0.003642 0.018795 -0.287463
0.025596 0.030799 -0.261342
-0.023753 0.028475 -0.335395
-0.012422 0.006362 -0.055247
-0.021621 -0.007277 0.008746
0.014159 -0.041838 -0.30258
-0.027245 0.017923 -0.274671
0.017233 0.037887 -0.136398
-0.015048 0.034855 -0.03
0.012109 -0.047073 0.014036
0.027463 -0.002832 0.009508
-0.006573 0.022906 -0.346656
-0.021967 0.034126 -0.048918
-0.044817 -0.004713 -0.287549
-0.028584 -0.026121 -0.34469
-0.009378 0.042634 -0.028443
0.003511 -0.010557 -0.350958
0.008654 -0.001713 -0.302928
0.031812 -0.00693 -0.068205
-0.015426 -0.047105 0.010035
0.025259 -0.02961 -0.006249
0.004504 0.044902 -0.29796
0.040267 0.011263 -0.037811
-0.027188 0.02313 -0.014677
-0.011156 0.014556 -0.018446
-0.020198 -0.003768 -0.069772
-0.057235 -0.016696 -0.179938
-0.017321 0.025647 -0.290389
-0.03377 -0.04459 -0.05184
-0.002032 -0.04532 0.024024
0.037359 0.018146 -0.007738
-0.019916 0.050428 -0.132781
0.011466 -0.046202 -0.311016
-0.026834 -0.029356 -0.315625
0.035641 0.026293 -0.050587
0.027206 -0.005006 -0.295443
0.02344 -0.014993 -0.062042
-0.027607 0.040129 -0.011433
0.020495 -0.038683 0.021372
0.037233 0.014455 -0.330012
0.00406 0.017566 -0.320013
-0.048358 -0.004688 -0.303028
-0.009629 0.04302 -0.020538
0.005775 0.038701 0.029081
-0.001103 0.038723 0.02962
0.017445 0.007515 -0.022185
0.005117 -0.041582 -0.029057
-0.068578 0.000949 -0.119477
-0.018398 -0.004202 0.009219
-0.000793 0.016539 -0.351253
0.004734 0.035605 -0.025657
0.001869 0.027981 -0.022254
0.002605 0.007091 -0.356361
0.001143 -0.049019 -0.309615
-0.021447 -0.034476 0.010057
-0.032096 -0.020681 -0.283645
0.02666 0.0 0.0092
0.024425 -0.042275 -0.015468
0.002057 -0.039357 -0.029774
0.026142 -0.044427 -0.001482
0.022942 -0.004263 -0.06422
-0.02679 -0.026919 -0.018442
-0.008501 0.03531 0.024037
0.032543 0.000723 0.008178
0.022836 0.00213 0.004201
-0.036412 0.023797 -0.333532
0.021566 0.043104 -0.29257
0.013716 -0.040697 -0.026524
0.030076 -0.030419 -0.055472
0.019625 -0.016448 -0.048802
-0.034495 -0.019515 -0.284601
0.006486 0.011313 -0.304068
0.020288 -0.005889 -0.056763
0.036078 0.009662 0.000735
0.002906 0.018929 -0.31524
-0.002089 0.023047 -0.308745
-0.046488 0.008403 -0.298175
0.00158 -0.034295 -0.023101
-0.005299 -0.041664 0.005299
0.027242 0.037375 -0.008728
-0.019605 -0.009428 0.008818
0.005172 0.042108 -0.028668
0.016967 0.034868 0.017769
0.006761 0.041628 0.028699
0.039095 -0.006716 -0.009477
0.008445 -0.038386 -0.197837
-0.015756 0.032779 0.008634
-0.014319 -0.045473 -0.018962
-0.057732 0.011846 -0.18724
0.01387 0.046512 -0.015351
0.034954 -0.013193 0.002053
-0.004168 0.041795 -0.029078
-0.0 0.032285 -0.015306
0.030141 0.016404 0.006185
0.003631 0.005151 -0.298585
-0.004753 -0.040952 0.029419
0.019194 -0.021019 -0.020293
0.037781 0.021755 -0.018637
-0.004341 -0.042739 -0.299803
-0.01899 -0.04 -0.023162
0.005611 0.031344 0.005811
-0.013117 0.027314 -0.02032
0.02434 0.018018 -0.062074
0.01374 0.04328 0.005691
0.00675 -0.037622 -0.330492
-0.036864 0.004351 -0.271324
0.028498 0.037253 -1e-06
0.0 -0.039543 0.029866
0.005678 0.036494 -0.360152
0.020902 -0.021203 -0.009472
-0.028085 -0.046768 -0.289806
-0.01549 -0.020738 -0.27727
-0.001581 -0.039257 -0.029774
-0.017808 0.037655 -0.020224
-0.024342 -0.00731 -0.060308
-0.007219 -0.042182 -0.33821
-0.0208 0.03376 0.0058
-0.01399 -0.004944 -0.377774
0.029 -0.038232 -0.018394
-0.021596 0.02632 -0.292604
-0.022551 -0.040528 -0.220222
0.015756 -0.047221 -0.008634
-0.008215 0.041848 -0.178919
-0.016338 0.040508 0.025002
-0.015725 -0.047341 -0.007224
-0.02901 -0.010812 -0.043443
-0.020778 0.009113 -0.068772
-0.013372 -0.04119 0.026489
0.0275 -0.0237 -0.21538
-0.020183 -0.007655 -0.069224
0.023569 0.035966 0.012786
-0.012998 0.041651 -0.026393
-0.000552 0.022167 -0.311893
-0.008492 0.038175 -0.23087
-0.024618 -0.040818 0.016748
-0.041837 0.021802 0.005505
-0.0052 0.05285 -0.068925
0.01756 -0.040511 -0.024171
-0.04885 0.020323 -0.287949
0.001626 -0.042998 0.028211
-0.032444 -0.020721 -0.355913
-0.014876 -0.029351 -0.330191
-0.009662 0.04251 0.027096
0.01181 -0.038515 -0.02707
0.038158 0.02457 -0.037816
0.024173 0.041573 0.016777
-0.048355 -0.004684 -0.336864
0.03738 0.0244 -0.06987
-0.026092 0.024166 -0.009513
0.017334 0.039564 -0.267608
0.036698 -0.02547 -0.012961
-0.026841 0.040823 -0.012898
0.02785 0.012735 0.007657
-0.008954 -0.045026 0.023119
-0.037385 0.021192 -0.296958
0.001103 -0.038723 0.02962
0.007689 -0.0324 0.014029
0.024438 -0.022079 -0.059642
0.026996 -0.015745 0.00607
0.029688 0.009269 0.008784
-0.018491 -0.037651 -0.022178
0.031518 -0.004944 -0.068747
0.031378 0.035898 -0.0145
0.008128 -0.05036 -0.067517
-0.02121 -0.04 -0.02121
-0.017669 0.029286 -0.05545
-0.039895 -0.021755 0.013535
-0.015603 0.034185 -0.016634
-0.026819 0.040097 0.013229
0.018159 -0.035246 -0.017823
0.022049 0.044754 -0.012786
-0.045346 0.008531 -0.346778
0.033173 0.04018 -0.044497
-0.006783 0.038383 -0.028677
-0.011468 0.003533 -0.050501
0.01583 -0.029126 -0.362549
0.02662 -0.0251 -0.24251
-0.026769 0.043367 0.007213
0.00999 0.041606 -0.027745
0.003586 0.044975 -0.140837
-0.002384 0.039502 -0.029788
-0.022757 -0.034149 -0.002932
-0.026712 -0.016634 -0.067528
-0.06602 0.016783 -0.137
-0.008179 0.026848 -0.310411
0.028999 0.026792 -0.059556
0.00948 -0.036373 -0.02568
-0.028447 -0.042739 -0.001439
0.031305 0.016596 -0.267576
0.013835 -0.032026 0.001452
-0.022891 -0.027301 -0.056746
-0.029273 0.012844 -0.041796
0.011306 0.034307 -0.209802
-0.022466 -0.045734 -0.005827
0.007279 0.044975 -0.282019
-0.017832 -0.027497 -0.344636
0.036223 -0.012056 -0.139416
0.037151 -0.026926 -0.041561
-0.012309 0.022021 -0.283075
-0.015592 0.044725 -0.02007
-0.016665 0.010803 -0.066063
0.024799 -0.033313 -0.047059
0.027428 0.01241 0.007591
0.002885 0.00957 -0.028416
-0.017808 -0.037655 -0.039776
0.019838 -0.045988 -0.010006
0.013252 -0.043088 -0.315983
-0.016389 -0.042076 -0.024029
0.030344 0.039175 -0.024155
-0.011809 -0.041485 -0.02707
-0.010057 -0.047342 0.014009
0.030659 0.00218 0.009495
-0.048065 0.008546 -0.331275
-0.028676 -0.023589 -0.286871
0.031109 -0.031063 -0.053973
-0.003763 -0.001099 -0.037718
-0.025952 -0.002128 0.001997
-0.021106 -0.029376 -0.305959
-0.026168 0.028601 -0.043484
0.027595 -0.003484 -0.069511
-0.046291 0.041656 -0.135355
0.021472 0.024829 -0.048771
0.033384 -0.012043 0.005174
-0.024966 0.041589 -0.015526
-0.022258 0.043859 0.015376
0.004236 0.044444 -0.025659
0.012109 0.047073 -0.014036
0.025956 -0.044441 0.002909
-0.040646 -0.021663 -0.010885
-0.024923 -0.041679 -0.015478
-0.039203 0.016581 -0.288769
0.002023 0.041529 -0.167457
0.00565 -0.037988 0.028671
-0.004644 0.041689 -0.029073
0.012942 -0.046104 0.017812
0.032684 -0.01205 0.006041
-0.034002 0.025304 -0.043807
-0.002031 -0.04694 -0.018939
0.034379 0.031446 -0.012862
-0.020216 0.043294 -0.27449
0.0112 0.04813 0.0058
-0.01855 -0.0141 0.0069
0.027254 0.027344 -0.00158
-0.021468 0.02438 -0.060943
0.019332 0.016492 -0.047068
-0.006412 0.024818 -0.301991
0.035214 0.0 -0.064164
-0.03646 0.033485 -0.20467
-0.003739 0.05497 -0.030483
-0.017932 -0.021739 -0.361653
0.003626 -0.038667 0.029411
0.012832 -0.045144 -0.31119
0.010906 0.047952 -0.008604
0.040366 -0.011343 -0.024138
0.022466 -0.045734 0.005827
-0.02047 0.041639 -0.179442
-0.026302 0.044475 -0.292782
-0.028959 -0.014779 -0.020322
0.003785 0.042847 0.028186
-0.013019 -0.018133 -0.052245
-0.038985 -0.021802 -0.016147
0.0149 -0.03553 0.0212
0.039814 0.010818 -0.043451
0.022831 -0.027419 -0.299877
-0.0081 -0.04243 0.0277
-0.015428 -0.009646 0.004197
-0.027894 -0.047188 -0.28523
-0.028899 -0.001714 -0.262991
-0.015731 0.04207 -0.178865
0.007136 -0.04741 0.015328
-0.015184 0.027207 -0.007683
0.007522 -0.04731 -0.304584
0.005766 -0.043441 0.02707
-0.002658 0.048584 0.008616
0.012582 0.032796 -0.01273
-0.028189 0.023949 -0.351002
-0.042729 0.014581 -0.346404
-0.030839 0.025426 -0.341639
0.035914 -0.032361 -0.024084
0.01103 0.040663 -0.027771
0.006765 0.035849 0.025664
-0.015076 0.039489 -0.025776
-0.025731 0.037492 0.012834
0.009379 -0.04662 -0.293164
0.023273 -0.027234 -0.052337
-0.018434 0.033125 -0.005813
0.0 -0.04889 0.004351
-0.01647 -0.045855 -0.30436
-0.002657 0.031556 -0.010019
0.002655 -0.044558 0.025669
-0.010666 0.027986 -0.312464
-0.034067 -0.026674 -0.31998
0.002383 0.033067 -0.018941
-0.025784 -0.040376 -0.241293
-0.034419 0.025517 -0.329483
0.013684 -0.032103 -0.004363
0.024638 0.004353 -0.066932
-0.023447 -0.010246 0.006062
0.036699 0.02547 -0.047039
-0.015939 0.029385 -0.316719
-0.036802 -0.037241 -0.238634
-0.003734 -0.035892 0.026376
-0.030823 -0.028015 -0.326432
0.030185 0.043366 -0.045715
0.033201 -0.033313 -0.012941
0.0246 0.034777 -1e-06
-0.005172 -0.042108 -0.028668
-0.046487 0.011291 -0.335953
-0.0279 0.020548 -0.016542
0.01612 -0.043014 -0.01612
0.022018 0.032665 -0.028014
0.033122 -0.004747 -0.208202
-0.02216 0.010335 0.007605
-0.006882 -0.038868 -0.31944
-0.0195 0.03415 0.0114
-0.003737 -0.021651 -0.346429
-0.015 -0.04 0.02598
-0.018403 0.026929 -0.34482
0.035447 -0.025387 -0.007712
0.005605 0.039667 -0.029424
0.032845 0.007453 -0.205281
0.031392 0.023911 0.000917
-0.017949 -0.03586 -0.014499
0.031258 0.01145 -0.254058
-0.021885 -0.039195 0.020218
0.01294 -0.008255 -0.362776
0.01949 0.044 -0.28816
-0.01272 -0.02685 -0.343443
-0.014216 0.028873 -0.311708
-0.029848 0.015114 -0.367397
0.017 -0.03793 -0.35997
0.020003 0.034808 0.014058
0.021898 0.004074 -0.361861
0.026894 -0.000649 -0.299936
-0.002735 -0.03793 -0.029048
-0.021447 0.045524 0.010057
-0.020771 0.026397 -0.059707
0.03224 0.0108 -0.0669
0.004265 -0.040169 0.029655
-0.003155 0.035131 -0.02494
0.001025 0.004081 -0.361866
0.034465 0.009652 -0.064217
0.012989 -0.04328 0.007501
-0.006724 -0.039147 0.029068
0.021527 0.029189 -0.01837
0.029221 0.009574 -0.068802
0.037404 -0.027843 -0.035853
-0.006454 -0.041761 -0.02867
-0.005037 0.047572 -0.015336
0.02475 0.038264 -0.278482
-0.019228 0.02919 -0.056973
-0.021103 0.045373 -0.011451
-0.028381 -0.021553 -0.026093
-0.015939 0.029378 -0.323321
0.008044 0.009914 -0.314365
-0.023765 0.040816 0.017949
0.038827 -0.019477 -0.071741
0.013474 0.036528 0.024066
-0.011181 0.044141 -0.024042
-0.013294 -0.002129 -0.059493
-0.029136 0.044236 -0.292073
-0.02077 -0.041 -0.29429
-0.034756 -0.033494 -0.045371
-0.006269 -0.036182 0.026378
-0.018607 -0.04302 0.012972
-0.053858 -0.031732 -0.151357
0.0118 0.025 -0.36002
-0.023 -0.03715 0.0166
-0.021917 0.039317 0.020266
-0.02767 0.0127 -0.0078
-0.0081 -0.04585 -0.0212
0.027 -0.00329 -0.36
0.00194 -0.04328 -0.014745
0.029 0.0282 -0.0018
0.034919 -0.034817 -0.028009
-0.033589 0.02482 -0.30199
0.011999 -0.000972 -0.298986
-0.023635 -0.004352 0.006926
-0.015524 -0.037444 -0.024095
-0.033999 -0.042134 -0.287745
-0.005691 0.04328 0.01374
-0.044428 -0.011853 -0.345752
-0.027597 -0.036538 -0.001455
0.028951 0.002808 -0.313616
-0.006085 0.034249 0.022171
0.038478 0.020567 -0.043472
-0.020543 0.043702 -0.27719
-0.062647 -0.01764 -0.094795
-0.03215 0.020177 -0.35636
-0.01787 -0.0205 0.0032
-0.025703 0.029162 -0.32112
-0.039078 0.004186 -0.365496
-0.05193 0.023092 -0.287511
0.009831 -0.035562 0.024051
-0.02 0.019955 -0.275693
0.015278 -0.037313 -0.024082
-0.042729 0.014603 -0.31362
-0.018405 -0.024546 -0.354934
0.027463 -0.043462 -0.002907
-0.012701 0.015555 -0.27126
0.017318 0.0364 0.021299
-0.05191 0.0182 -0.28731
-0.047615 0.003047 -0.330006
0.004765 0.014469 -0.014654
-0.015532 -0.030574 -0.048845
0.027476 0.032973 -0.278906
-0.02473 0.002132 0.005126
-0.045346 -0.009041 -0.293222
-0.038953 -0.022588 -0.307807
-0.031139 0.007057 -0.266439
0.022832 0.020894 -0.360118
0.014668 -0.041427 -0.301659
-0.017373 0.024748 -0.000491
-0.063164 -0.021807 -0.117661
0.00862 -0.047 -0.1059
-0.01374 -0.04328 0.005691
-0.016792 0.044334 0.020138
-0.02628 0.004256 -0.060764
0.030114 0.0 -0.034337
-0.014462 -0.009082 -0.06197
-0.005869 0.020077 -0.353598
-0.02 -0.028488 -0.29996
0.007743 0.007102 -0.303143
0.030467 -0.027335 -0.133296
-0.005808 0.04429 -0.025631
0.02599 -0.009904 -0.297241
0.030797 -0.0 -0.069495
-0.028686 -0.04 -0.008641
0.027645 0.03887 -0.022104
0.029549 -0.03899 -0.002907
-0.000889 -0.013049 -0.358084
-0.010858 0.033856 0.018953
0.02133 -0.046287 -0.052193
-0.036215 -0.015885 -0.28053
-0.024319 -0.0 -0.066007
0.008113 0.031886 -0.010019
0.036494 0.0337 -0.050614
-0.020495 0.038683 -0.021373
-0.006787 -0.046927 -0.017784
-0.014269 -0.032096 -0.037848
0.017085 -0.003761 -0.028045
-0.02072 0.0072 -0.0692
-0.027245 0.018493 -0.050525
0.00406 0.033444 0.020099
0.027877 -0.001457 -0.069711
0.031275 0.015796 -0.279153
0.008176 -0.046905 -0.324041
0.030233 0.038427 -0.039876
-0.013338 -0.047636 0.008625
-0.008463 -0.048514 0.004359
0.003735 -0.036314 0.027062
0.025731 -0.042508 -0.012834
-0.042518 0.041161 -0.275904
-0.024344 0.045237 0.002898
0.030004 0.025614 -0.121902
0.008447 0.039655 0.02871
0.037628 -0.023143 -0.014668
0.020185 -0.045139 -0.014085
-0.044951 -0.009309 -0.313605
0.011472 -0.036948 -0.02569
0.032752 0.018155 0.003314
0.01975 0.002707 -0.055251
0.020114 0.0 -0.003287
-0.03831 -0.03196 -0.346362
0.03961 0.014559 -0.018443
-0.005605 0.040333 0.029424
0.03775 -0.019252 -0.080519
0.013835 0.047974 0.001452
-0.036346 0.024756 -0.323176
-0.017049 -0.009558 0.006935
-0.042622 -0.038634 -0.071557
-0.002807 -0.048782 -0.005808
-0.008195 -0.003238 -0.298021
0.03506 -0.012714 -0.062054
-0.04785 -0.006423 -0.329997
-0.014711 -0.016611 -0.059515
0.027775 -0.042544 -0.046775
0.034891 0.006387 -0.064203
0.014279 -0.040569 -0.301398
-0.059132 -0.020494 -0.083755
-0.010486 0.022144 -0.35474
-0.051937 0.021197 -0.067781
0.040263 -0.007519 -0.018421
0.017305 -0.046445 0.011422
0.026696 0.000725 0.009214
0.032851 0.004363 -0.067577
-0.034561 0.025546 -0.311554
-0.057774 0.016473 -0.278503
0.029 -0.034245 -0.009458
0.035519 0.004257 -0.063254
-0.052763 -0.007389 -0.089367
-0.001579 0.044601 -0.025656
-0.03118 -0.046692 -0.286071
-0.006486 0.017887 -0.359096
0.032679 -0.037909 -0.031936
-0.016091 -0.046 0.015342
-0.009605 -0.040097 -0.02832
-0.023791 0.028003 -0.301402
-0.003024 0.002845 -0.270836
-0.027573 -0.006362 -0.055247
0.004763 -0.033179 0.01895
-0.025696 0.011474 -0.060764
-0.018407 -0.026073 -0.289958
-0.024539 -0.032211 -0.014633
-0.014537 0.038652 0.025755
0.017904 -0.034357 -0.188532
0.036526 -0.02906 -0.041594
0.03828 -0.0128 -0.08459
0.027499 -0.015646 -0.293393
0.017514 -0.044567 0.018982
0.035182 0.001453 0.0042
0.027928 0.006778 -0.069218
-0.049341 -0.003544 -0.286945
-0.021486 -0.004852 -0.069214
-0.02598 0.0 0.001967
0.002714 0.042519 0.028654
0.029754 -0.030305 -0.116112
0.009053 0.04328 -0.011797
-0.015141 0.033721 -0.020274
0.026188 0.002914 0.008737
-0.01212 0.042113 0.026438
-0.028233 -0.021392 -0.022184
0.008083 -0.038224 -0.028243
0.0149 0.04447 0.0212
-0.02719 0.018795 -0.009474
0.001356 -0.04018 -0.02988
0.036076 0.015386 -0.05827
-0.026717 0.026305 -0.295864
0.00401 0.03647 -0.223764
0.002914 -0.04 -0.029814
0.008119 0.044752 -0.024033
0.0 -0.04 -0.03
0.028542 -0.01319 0.007667
-0.029692 -0.02742 -0.303852
0.025626 0.041755 -0.014151
-0.019662 0.037719 -0.225237
-0.019838 -0.034012 0.010006
-0.019055 0.001459 0.009701
-0.009546 -0.039143 -0.028264
0.018575 -0.042722 -0.299396
0.024181 -0.035932 0.011462
0.028608 0.038075 0.005888
0.024025 0.004356 -0.066062
-0.01295 0.0 -0.0582
-0.035652 0.001947 -0.299884
0.03463 0.021 -0.09353
0.023562 0.021512 -0.058293
0.022182 0.014344 -0.059549
-0.016039 0.038073 -0.224941
-0.027747 0.041125 -0.265176
-0.011394 -0.017982 -0.02031
0.00683 -0.04069 0.029094
-0.042521 0.015291 -0.344138
-0.034419 -0.026018 -0.310517
-0.011583 -0.044088 -0.265021
0.032926 -0.023225 -0.131262
0.031109 0.031063 -0.006027
0.008942 -0.045841 -0.285419
0.022833 0.0 -0.039537
-0.010065 0.003831 -0.031951
-0.025183 -0.0 -0.064154
-0.024383 -0.0109 0.004216
-0.046683 -0.029395 -0.225757
0.032666 -0.037751 -0.026011
0.036966 -0.007897 -0.127758
0.001249 -0.00123 -0.009984
-0.021543 -0.019435 -0.064327
0.038049 0.024358 -0.039705
-0.022038 0.05053 -0.04491
-0.0294 -0.04 0.0058
-0.05274 -0.02656 -0.07652
0.002711 -0.039648 0.029794
0.026046 0.023194 -0.223897
-0.010057 -0.02851 -0.318878
-0.036044 0.03801 -0.255531
-0.04325 -0.0 -0.014679
-0.045796 0.014038 -0.330665
-0.013835 0.032026 0.001452
0.02441 -0.0369 -0.03
-0.022338 -0.02195 -0.062016
0.012038 -0.03882 -0.027133
-0.058142 -0.000578 -0.191515
0.011254 0.031792 0.004351
0.004265 0.039831 0.029655
0.01331 0.047746 -0.007219
-0.031286 -0.02449 -0.346846
-0.01359 0.036699 -0.049878
-0.032926 -0.024232 -0.074931
-0.029125 0.022132 -0.355225
0.038616 0.016793 -0.047065
0.040654 -0.007593 -0.024137
-0.019605 -0.005568 0.009538
0.005077 -0.039192 -0.029414
0.013716 0.040697 0.026524
0.031278 0.00694 -0.246284
-0.030035 0.027982 -0.32002
-7.4e-05 -0.01034 -0.359694
-0.0 -0.037776 -0.029043
0.005614 0.031221 0.002907
-0.023225 -0.021868 0.000853
0.037706 -0.012493 -0.094261
-0.026726 0.017667 -0.006239
0.008243 -0.039314 -0.028703
0.040435 -0.011344 -0.033907
-0.013448 -0.041006 -0.026478
-0.021592 -0.025279 -0.287381
0.005037 -0.032428 0.015336
-0.033438 -0.010567 -0.27069
-0.017051 -0.001459 0.008173
0.001133 -0.038492 -0.30041
-0.020206 -0.013342 -0.067682
-0.036827 -0.034428 -0.346318
-0.002388 -0.011943 -0.36227
0.001902 0.016531 -0.343138
-0.013221 0.044913 -0.021239
-0.016147 0.021802 0.038985
-0.022815 -0.01289 0.006082
-0.029762 -0.003756 -0.037808
-0.03291 -0.048246 -0.073412
-0.02521 -0.016145 -0.369661
-0.010828 0.035766 -0.024042
0.015686 0.041627 -0.114733
0.025468 0.00956 -0.066942
-0.013007 -0.032486 0.010025
0.006458 -0.038045 -0.311103
0.0211 0.013583 -0.056765
0.033025 -0.007058 0.006938
-0.023688 -0.014496 0.004174
-0.000949 0.046508 -0.141396
0.00238 -0.032564 0.016623
-0.02716 -0.011757 -0.055215
-0.04849 0.02003 -0.08746
-0.028253 -0.028989 -0.324336
0.012998 -0.041651 -0.026393
0.003626 -0.038667 -0.029411
-0.014763 -0.024485 -0.006207
-0.021051 0.034798 -0.048959
0.030981 0.011598 0.007635
-0.014544 0.013282 0.000786
0.026427 -0.02813 -0.056945
-0.021358 0.029629 -0.31892
0.011548 0.04662 -0.016632
0.027463 0.036538 -0.002907
0.030089 -0.032829 -0.052393
-0.012769 0.028833 -0.32002
-0.026328 -0.037462 0.011499
-0.003784 -0.042073 -0.339685
0.002031 -0.04694 0.018939
0.010433 0.02666 -0.360133
0.023597 -0.025336 -0.299901
0.032411 -0.002918 0.008198
-0.023159 -0.04 -0.018988
0.031061 0.02628 -0.106513
-0.044572 0.005731 -0.287796
0.0 0.047715 0.015306
0.005148 0.001233 -0.352661
-0.023486 -0.044962 0.008694
0.026513 -0.037743 -0.039874
-0.021651 -0.029669 -0.308978
0.019838 -0.034012 -0.010006
-0.003081 -0.040947 0.029619
0.00138 0.011365 -0.28533
-0.011366 0.043808 -0.168594
-0.017183 -0.012889 -0.066082
-0.065052 0.024802 -0.098438
0.039006 -0.000263 -0.330003
-0.007031 -0.039653 0.02909
-0.022025 0.043015 -0.005898
-0.018899 0.029175 -0.308817
-0.024232 -0.029894 -0.050592
0.002568 0.038732 -0.189083
0.01905 -0.01364 -0.35999
-0.023408 -0.013279 0.005121
0.003564 0.055181 -0.022478
0.022313 0.025405 -0.346408
0.029366 -0.041012 -0.004434
-0.021349 0.016076 -0.066144
-0.015239 -0.033335 -0.018367
-0.023234 -0.020986 -0.329983
0.024182 0.04407 -0.011464
0.022788 -0.039984 -0.09913
-0.001458 -0.04 0.029892
-0.004163 -0.040348 -0.029649
0.033472 0.025595 -0.003167
0.00564 -0.0387 -0.21841
0.007096 0.012499 -0.32001
0.005505 0.021802 0.041837
0.012581 0.04001 -0.145132
-0.022582 -0.034191 0.004376
-0.031784 -0.041156 -0.346347
-0.01002 0.0 -0.03
0.0038 -0.014599 -0.296868
0.04097 0.0 -0.03
-0.01849 -0.037652 0.022177
-0.024535 0.045238 -0.001478
0.025838 -0.035613 0.004388
0.009368 -0.038099 0.027757
0.006542 -0.013214 -0.309888
0.034034 0.003586 -0.066069
0.005463 0.048315 0.010023
-0.022675 0.047203 -0.037208
-0.018431 0.036945 -0.021276
0.032184 0.019346 0.003289
-0.023353 0.041473 -0.017991
0.022388 -0.041555 0.019093
-0.0 0.042663 -0.028632
0.000471 0.013641 -0.297284
-0.046635 0.040676 -0.287983
-0.023178 -0.037835 -0.031966
-0.033392 0.021122 -0.352202
0.002857 -0.031067 0.001451
-0.017843 -0.028061 -0.342
-0.007449 -0.042046 -0.028218
0.02645 0.0205 0.0032
-0.060574 0.021617 -0.156972
-0.021652 0.020991 0.003314
0.027496 -0.025243 -0.196739
-0.011968 -0.0 -0.006291
-0.02495 0.044298 0.008649
0.016752 -0.01014 -0.298028
0.00672 -0.036727 -0.027085
-0.022982 -0.032705 -0.061985
-0.00865 0.004174 -0.26537
-0.035983 0.010187 -0.273814
-0.014501 -0.017646 -0.001761
-0.018932 0.037864 -0.041768
0.035518 -0.004257 0.003254
0.012342 0.047466 -0.330039
0.030928 0.028607 -0.003036
-0.054381 -0.019901 -0.267221
0.018293 0.046793 0.007223
-0.029059 0.007059 -0.045321
0.031866 -0.018153 0.00429
-0.014497 0.029165 -0.31672
0.005786 -0.047408 -0.306557
-0.00535 0.045519 -0.346347
-0.008713 0.038517 -0.028252
0.01839 -0.014559 -0.018443
-0.012993 0.039112 -0.204253
-0.00908 -0.024521 -0.347366
-0.035097 0.012871 -0.36455
-0.001029 -0.040325 0.029868
-0.013577 -0.008109 -0.000507
-0.053826 0.027416 -0.286031
-0.003692 0.038106 0.029076
-0.045629 0.028074 -0.084002
-0.029047 -0.046432 -0.288456
-0.031458 -0.001688 -0.264759
0.002808 0.031432 -0.008617
-0.015426 0.047105 -0.010035
-0.005704 -0.039833 0.029417
0.031115 -0.006848 0.008732
-0.013409 -0.043636 -0.329965
0.03947 -0.0128 -0.07078
0.005175 0.04212 0.028681
-0.002276 0.031755 -0.019198
-0.027599 -0.043464 -0.001455
0.002057 0.040643 0.029774
0.030092 0.012345 -0.330012
-0.008099 -0.045634 -0.31364
-0.023103 0.036116 0.014107
0.029223 0.005721 0.009554
-0.055918 -0.010197 -0.278561
0.029689 0.02019 0.004367
0.010529 -0.033802 -0.01895
-0.022487 0.03041 -0.006097
0.002658 -0.047678 -0.015327
0.032072 0.005628 -0.068207
0.020025 -0.018865 -0.011184
-0.04432 0.0137 -0.28796
-0.029188 -0.015156 -0.026099
-0.026908 0.019098 -0.276418
-0.057113 0.01884 -0.281255
-0.024427 -0.029674 -0.327231
-0.010689 -0.04471 0.023136
-0.01787 0.0205 -0.0632
-0.022282 -0.00993 0.007582
0.033318 -0.025841 -0.003136
-0.048079 -0.010442 -0.325323
0.02399 0.019093 -0.060826
0.021517 -0.045474 -0.01006
0.038668 0.016492 -0.012932
0.024878 0.032487 -0.011201
0.019906 -0.024187 -0.0203
-0.028013 -0.01678 -0.047054
0.001496 0.049979 -0.096391
0.031954 0.000725 0.008733
-0.017261 0.028841 -0.306605
0.002993 -0.022418 -0.363752
-0.016093 0.013641 -0.296348
0.00238 -0.047436 -0.016623
0.030224 0.034817 -0.011026
-0.012411 -0.019797 -0.012932
-0.0 -0.047938 -0.014008
0.002658 0.047902 0.014028
-0.02 0.001962 -0.069891
0.031153 0.013294 -0.066956
0.002735 0.04207 0.029048
0.031153 0.013294 0.006955
-0.000554 -0.02267 -0.328106
0.022941 -0.029022 -0.048921
-0.0136 0.029917 -0.03783
-0.0278 -0.03157 -0.35997
-0.044677 0.016526 -0.315239
-0.025641 -0.035687 -0.005832
0.027918 0.004563 -0.069523
0.019493 -0.04119 -0.022371
0.035027 0.021755 -0.023404
-0.009757 -0.040516 0.028296
0.024761 0.021038 0.00091
0.01725 -0.038976 0.024194
0.026328 -0.042538 0.011499
-0.019412 -0.016697 -0.066154
0.005727 -0.007885 -0.296996
-0.0268 -0.028994 -0.309663
-0.01122 0.042531 0.026431
0.039032 0.017368 -0.01654
-0.027398 -0.028997 -0.328393
-0.053171 0.008389 -0.089769
-0.024853 -0.03372 -0.020274
-0.019791 0.013342 -0.067682
-0.013716 -0.040697 0.026524
-0.027599 -0.036536 0.001455
-0.01525 -0.04188 -0.29997
-0.028115 -0.044475 -0.292872
-0.001076 0.043392 0.027724
-0.035273 0.012918 -0.275851
-0.047547 -0.003187 -0.342632
0.002441 -0.013302 -0.349726
-0.0449 -0.0281 -0.28626
-0.05377 -0.0164 -0.2826
-0.028778 -0.044675 -0.270686
0.010906 0.032048 0.008604
0.03309 0.024631 -0.058312
0.03683 0.0108 -0.0018
-0.052985 0.017928 -0.286672
0.008034 -0.038976 0.028672
-0.007662 -0.044384 0.024936
-0.028836 -0.010583 -0.045315
0.021675 -0.028782 -0.043506
0.005835 -0.040096 0.029331
0.024619 0.039182 0.016747
-0.005312 -0.03604 0.026346
0.009662 0.04251 -0.027096
-0.016091 0.046001 -0.015343
0.017039 -0.033713 0.012735
0.022205 -0.04 -0.020117
0.033365 -0.009002 -0.066087
-0.024412 0.007162 -0.065099
0.012143 0.025871 -0.363522
0.029863 -0.00276 0.00972
-0.009382 0.026276 -0.302083
0.027841 -0.019907 -0.06441
-0.011605 -0.047173 -0.283296
0.014318 0.036261 0.023146
-0.049606 0.003324 -0.287217
-0.024059 -0.04 0.017816
0.006082 0.033932 -0.021229
0.002857 0.048933 0.001451
-0.051725 -0.030762 -0.16901
0.000552 0.040874 0.029772
0.024339 -0.037602 -0.015448
-0.029752 -0.021664 -0.029752
-0.0157 0.02743 -0.34122
-0.02 -0.039514 -0.035865
-0.014294 -0.011474 -0.060765
-0.027935 0.020372 -0.043456
-0.013863 -0.028749 -0.016509
-0.002382 -0.03209 0.014027
-0.030035 -0.028482 -0.31998
-0.005843 0.021986 -0.291793
0.024355 -0.036636 -0.033909
-0.024804 0.027207 -0.007684
-0.052353 -0.020029 -0.209512
0.001243 -0.018243 -0.298207
-0.055673 0.022768 -0.080156
0.013161 -0.047642 0.008621
0.004412 0.04654 0.020099
0.028333 0.018311 -0.330013
-0.012865 -0.029353 -0.318879
-0.06428 -0.0182 -0.10443
-0.038588 0.017809 -0.290094
0.026189 0.023686 -0.238892
0.006438 0.046378 0.020091
0.018528 -0.04159 -0.299859
-0.01787 -0.0205 -0.0632
0.015353 -0.039999 -0.025694
-0.016839 0.037476 -0.024081
-0.027597 0.036538 0.001455
-0.035088 0.025538 -0.323177
0.0277 -0.04 0.0114
0.006407 0.002735 -0.292313
0.022046 -0.008111 -0.298091
-0.024178 0.008976 0.005142
-0.003984 0.04302 -0.022332
0.006724 -0.039147 -0.029068
-0.04258 0.018977 -0.31188
-0.024061 0.029378 -0.323321
0.006509 -0.037859 -0.333163
0.005174 -0.007503 -0.014057
-0.024783 -0.051045 -0.069139
0.03996 0.015081 -0.035852
0.003626 0.041333 -0.029411
0.008832 -0.022098 -0.297038
-0.000273 -0.013624 -0.011947
-0.033647 0.010102 -0.270815
-0.0094 0.02744 -0.32862
0.033261 -0.016938 0.003279
-0.016059 0.025291 -0.05374
-0.003081 -0.040948 -0.02962
0.029896 -0.027836 -0.058377
-0.037519 -0.03464 -0.287558
-0.0 -0.033319 0.020061
0.0058 0.04 0.0294
-0.011545 0.028482 -0.317867
-0.005312 0.036041 0.026346
-0.0256 0.04318 0.0114
-0.026328 0.042538 0.011499
0.023294 0.03388 -0.020238
-0.01648 -0.044333 -0.03756
-0.006676 -0.036256 -0.026388
-0.021685 -0.015743 -0.066065
0.010987 -0.038994 -0.299197
0.026282 -0.025596 -0.215291
0.01865 -0.039327 -0.023263
0.028319 -0.009277 -0.068811
0.036309 -0.019055 -0.055279
0.017572 -0.039004 -0.313625
-0.000539 -0.020543 -0.299616
-0.0 0.036135 0.027032
0.030241 0.014653 -0.243312
0.009684 0.047848 -0.33004
-0.012616 0.023365 -0.016553
0.002606 -0.041049 -0.029624
0.007662 -0.044385 0.024937
0.02396 -0.028813 -0.205827
0.021066 -0.004835 -0.000475
-0.014208 -0.02746 -0.342321
-0.028404 0.042784 -0.001464
0.00307 -0.0459 -0.33876
-0.024108 -0.005036 -0.06604
-0.04322 -0.01452 -0.295303
0.034108 -0.016774 0.001991
-0.0182 0.0029 -0.0692
-0.03989 -0.037811 -0.287633
-0.018201 -0.031035 -0.053954
-0.018188 0.009043 0.008201
0.038299 0.020154 -0.045344
0.027815 0.024245 -0.164625
0.019745 -0.043015 -0.011401
-0.007536 -0.027429 -0.323139
0.014984 -0.045587 -0.295905
-0.004163 0.039652 -0.029649
0.013311 -0.046332 -0.298149
-0.005637 -0.045793 -0.022171
-0.010344 -0.028547 -0.324285
-0.00565 -0.037988 -0.028671
-0.007656 -0.034419 -0.022143
-0.055208 -0.009552 -0.249083
-0.022582 0.045809 0.004376
0.023079 -0.034669 -0.033948
-0.004304 -0.025268 -0.329439
-0.022328 -0.027962 -0.003105
0.014402 0.0369 0.024094
-0.008554 0.040177 -0.028728
0.020312 0.01851 -0.050544
0.03053 0.00022 -0.286714
0.014065 -0.04 -0.026421
-0.007655 -0.015882 -0.275475
-0.025385 0.039087 -0.015437
-0.003379 -0.006339 -0.368373
0.020476 -0.045324 0.012752
-0.025519 -0.012161 -0.373844
-0.01062 0.027519 -0.33243
-0.028686 0.04 0.008641
0.002807 -0.031219 0.005808
0.0 -0.048136 -0.012706
-0.05298 -0.016644 -0.216217
-0.047614 -0.026084 -0.285538
0.020396 0.014537 -0.05376
-0.022686 0.033427 -0.011032
-0.002938 -0.04735 -0.338578
0.022388 0.038445 0.019093
0.025666 0.007603 0.007613
-0.02 -0.005869 -0.069551
0.0054 -0.04066 0.0294
0.036076 0.015386 -0.00173
0.026552 0.004527 -0.299944
0.017123 -0.00376 -0.026093
0.037294 -0.031062 -0.042887
-0.005037 -0.048004 -0.012731
-0.035729 -0.020424 -0.351172
-0.002031 -0.033059 0.018939
-0.009843 -0.0456 0.021237
0.003234 -0.003262 -0.357445
0.002054 0.047637 -0.125457
-0.0499 -0.00025 -0.32
-0.023 -0.04285 -0.0166
-0.054761 0.014701 -0.087403
0.02829 0.025006 0.000995
-0.056281 -0.028058 -0.153307
-0.025956 -0.044441 -0.002909
0.015591 -0.035276 -0.020069
-0.022132 -0.037699 -0.039876
-0.008513 -0.048599 -0.001452
-0.012099 -0.011695 -0.361874
-0.012062 0.013055 -0.009518
0.000306 -0.051849 -0.04676
-0.0277 0.04 0.0114
-0.01445 0.0 0.0032
0.039095 0.006716 -0.050523
-0.023404 -0.021755 -0.035027
-0.044676 -0.017027 -0.324761
-0.004759 -0.022647 -0.345541
0.012972 0.04302 0.018607
0.032437 -0.020805 0.002117
-0.021132 0.008536 0.00877
-0.010062 0.0 -0.026099
-0.037649 0.047888 -0.060617
-0.015243 0.025533 -0.348726
-0.023186 0.02564 -0.290642
0.019379 0.015507 -0.361987
-0.012959 -0.042928 -0.317954
-0.000552 -0.039126 -0.029772
0.022465 0.045731 0.005827
-0.007136 -0.046903 0.017785
-0.0081 0.04585 -0.0212
-0.022666 0.019339 0.00328
0.001452 -0.042205 -0.165684
0.010755 0.047829 -0.010004
-0.009833 0.036548 -0.299904
-0.01462 -0.030231 -0.01461
0.029 -0.01884 0.005218
0.025497 -0.001446 0.00819
0.017747 -0.044478 -0.019006
0.035182 -0.001453 -0.0642
0.003081 0.039053 -0.029619
0.004412 0.03346 -0.020099
0.025688 0.021802 0.033474
-0.020125 0.04 -0.022215
-0.029752 0.021664 0.029752
-0.018236 0.036222 0.020183
0.022486 0.04134 0.019169
-0.012559 -0.01223 -0.053711
-0.027577 -0.024169 -0.020307
-0.053278 0.002058 -0.090095
-0.054848 -0.016118 -0.279917
-0.023209 0.023198 -0.356688
-0.03225 -0.02324 -0.29998
0.009635 -0.042732 -0.29981
-0.02 -0.0369 -0.0147
-0.020789 -0.031729 -0.053979
0.035982 0.032665 -0.031986
-0.017468 -0.040672 -0.024142
0.005037 0.048005 -0.012731
-0.055288 -0.010584 -0.281469
-0.006816 0.0114 -0.368445
-0.022196 -0.041807 -0.188853
0.031532 0.005837 -0.279722
-0.041677 -0.028202 -0.286755
-0.001581 -0.040743 -0.029775
-0.028262 -0.047377 -0.291289
-0.029998 -0.028025 -0.330487
-0.016972 -0.036746 -0.039728
-0.020187 -0.005721 0.009556
-0.032577 -0.027412 -0.322132
0.006269 -0.036182 -0.026378
-0.008298 -0.021762 -0.354494
-0.028606 -0.038076 -0.005887
-0.027293 0.043426 -0.004356
-0.024093 0.019433 0.000831
0.018432 -0.043056 -0.021277
0.007096 -0.012999 -0.31999
0.00203 0.046019 0.02217
-0.014322 -0.031731 -0.020246
-0.035586 0.023947 -0.303784
0.030172 -0.000729 -0.069717
0.028539 0.005568 -0.069543
-0.0 -0.035357 -0.025628
-0.016273 -0.035054 0.018926
0.003295 0.00271 -0.357349
-0.029235 0.007287 -0.016553
0.034177 -0.030805 -0.011108
-0.050755 0.026305 -0.246055
-0.013241 -0.021188 -0.050513
-0.035164 -0.022602 -0.294419
-0.002159 0.042969 -0.028214
-0.015246 0.029161 -0.326321
-0.039926 0.009759 -0.359709
0.016257 0.047522 0.002914
-0.009757 0.039484 0.028296
0.031563 -0.038697 -0.033867
-0.002711 -0.039648 -0.029794
-0.017139 0.035036 -0.014573
-0.014246 0.044579 -0.280624
0.034896 0.034417 -0.024141
-0.025647 0.050336 -0.054197
0.017774 0.030759 -0.223529
-0.009177 -0.028013 -0.326432
-0.005611 0.048656 -0.005811
-0.027756 0.024822 -0.026091
-0.044999 0.040507 -0.288867
-0.049065 -0.004713 -0.331269
-0.011306 -0.031733 0.002902
-0.055047 -0.009145 -0.211268
-0.027599 0.043464 0.001455
-0.032713 -0.026092 -0.336216
0.014399 0.041474 -0.025732
0.004736 -0.012496 -0.296954
-0.033144 -0.019612 -0.357302
-0.021496 -0.025876 -0.000294
0.0063 0.03541 -0.0249
-0.021914 -0.04634 -0.049216
0.025624 0.035069 -0.045432
-0.025556 0.026263 -0.009434
-0.029896 0.003757 -0.033905
-0.022489 -0.040502 -0.224804
-0.0 -0.033938 -0.022142
0.027168 0.015723 -0.297503
-0.022539 0.031503 -0.052351
-0.01218 0.041014 -0.02716
0.023628 -0.042254 -0.016719
-0.012916 -0.022492 -0.047058
0.023121 0.010316 -0.06325
0.010818 -0.043293 -0.025642
-0.023881 0.036622 -0.026093
0.001096 0.045109 -0.146342
-0.016973 0.007264 -0.377587
-0.011136 0.018553 -0.03
-0.02601 0.004343 -0.377774
-0.004058 -0.033772 -0.021239
-0.027971 -0.040935 0.010161
-0.013907 -0.007537 0.000752
-0.05115 -0.002429 -0.286541
-0.005808 -0.044291 -0.025632
0.024116 -0.009681 0.005179
-0.009383 -0.026784 -0.337917
-0.000428 -0.027579 -0.021162
0.02195 0.0235 -0.0078
0.02773 -0.006355 -0.069226
0.020399 -0.044285 0.016699
-0.021391 -0.002181 -0.069486
0.014823 -0.033202 0.012743
0.019509 -0.045024 0.015375
-0.025838 0.035613 0.004388
-0.018505 -0.025875 -0.059706
0.025705 0.00437 0.008165
0.026092 0.009497 0.007567
-0.0218 -0.0029 0.0092
0.039518 -0.01835 -0.024137
-0.01093 0.038054 -0.02711
-0.014258 -0.021261 -0.296034
-0.035261 0.052265 -0.095848
0.034434 0.005717 -0.065146
0.026022 0.043283 0.010015
0.002122 -0.014578 -0.291619
-0.008409 0.048435 -0.005808
0.016026 -0.040998 -0.025029
-0.025503 0.029165 -0.31672
0.019549 0.044223 -0.017864
-0.011919 0.026287 -0.342376
0.027426 -0.038153 -0.010117
-0.023411 -0.029895 -0.314776
-0.023024 -0.006266 -0.261696
-0.003692 0.041894 -0.029076
0.021947 0.02758 -0.012889
0.03083 -0.015592 -0.279646
0.000553 0.040425 -0.029866
0.037834 -0.015431 -0.007758
-0.012996 -0.041649 -0.026391
-0.011223 0.039666 0.027756
-0.019593 0.01859 -0.065324
-0.00055 -0.042202 -0.029056
0.02303 0.0199 -0.0018
0.018879 0.006365 -0.050524
-0.02691 0.03861 -0.250107
0.006279 -0.039748 -0.184837
-0.005071 -0.026375 -0.038709
-0.021884 0.042171 0.019054
0.029691 -0.023458 0.002207
-0.023792 -0.039304 -0.017964
0.02831 0.018459 -0.065302
0.001103 0.038723 0.029621
0.008322 -0.043024 -0.299848
-0.029012 -0.039792 -0.200876
0.021814 0.028142 -0.230027
-0.0166 -0.04 0.0249
-0.031512 -0.026036 -0.300247
0.021511 -0.041341 -0.020289
-0.04351 0.009996 -0.350973
0.036223 0.012054 -0.000476
-0.02338 0.01959 0.002105
0.010303 -0.042235 0.027117
-0.024128 0.022314 -0.281442
-0.047404 0.027668 -0.23955
0.022332 -0.04302 0.003984
0.01612 -0.043014 0.01612
-0.039881 0.006702 -0.083997
0.027426 -0.041847 0.010117
0.0317 0.006163 -0.276343
-0.025385 -0.039087 0.015437
0.011433 -0.040129 0.027607
0.001579 -0.035399 0.025656
-0.017779 0.038431 -0.024115
0.029015 -0.019336 -0.229015
-0.024265 -0.026065 -0.291011
-0.041415 0.015402 -0.292207
-0.028381 0.021553 -0.033907
0.022288 -0.040706 -0.280901
-0.0395 0.01111 -0.35901
0.024364 -0.04309 0.014037
0.029568 -0.000729 0.009849
0.004428 -0.011812 -0.294227
0.022921 -0.045852 -0.0
0.00531 0.031834 -0.011423
0.034161 0.01392 -0.063253
0.017344 0.043019 -0.014616
-0.026532 0.030206 -0.033898
-0.01857 0.034375 -0.014014
-0.016026 0.039003 -0.025028
0.02987 -0.0072 0.0092
-0.027971 0.040935 -0.010161
-0.045137 -0.000249 -0.346361
0.002247 -0.007918 -0.361
-0.02616 0.04859 -0.04207
-0.018904 0.041909 0.022272
0.003862 -0.013212 -0.345222
-0.012686 -0.044182 -0.322779
0.016171 -0.044068 0.021266
0.023451 0.012124 0.00327
-0.034158 0.021987 -0.291792
-0.02938 -0.02803 -0.30757
-0.0157 0.043165 -0.023204
0.005346 0.008572 -0.293233
-0.016411 0.032744 -0.330028
-0.015355 -0.004262 0.005136
0.015248 0.047116 -0.010031
-0.007656 0.045581 -0.022143
0.033498 -0.02067 -0.14653
0.021197 -0.030243 -0.026099
-0.027128 -0.028483 -0.305768
0.016337 -0.040508 0.025002
0.008562 0.048604 0.001454
-0.017972 -0.018943 0.004209
0.023704 0.040128 -0.018189
-0.013144 -0.014482 -0.004748
-0.0208 0.04624 -0.0058
0.01965 -0.032806 -0.194791
-0.027709 0.02693 -0.339864
-0.022539 0.031504 -0.007649
-0.048599 -0.026614 -0.23017
0.021545 0.020373 -0.006233
0.023704 0.040128 0.018189
-0.02 0.008526 -0.262682
-0.021158 -0.019755 0.004356
-0.022255 0.016555 0.005222
-0.023356 0.007056 -0.066932
-0.0034 -0.02515 -0.31998
0.029001 -0.032065 -0.053793
-0.026348 0.002129 -0.06075
0.012106 0.006574 -0.3628
-0.00092 -0.022601 -0.308701
-0.007223 -0.043653 -0.026396
0.028384 0.0 -0.069851
0.020644 0.034724 -0.012763
0.026952 -0.03821 0.01155
0.028537 0.011312 -0.068257
-0.054348 0.012804 -0.070907
0.01103 0.039337 0.027771
0.034659 0.033379 -0.041649
0.019149 0.04304 -0.281992
0.026159 0.040822 0.014211
-0.010344 -0.003756 -0.020314
-0.0 -0.04636 -0.0212
0.016445 0.044469 -0.285094
-0.001572 0.005016 -0.0098
-0.005647 0.013618 -0.040183
-0.023086 -0.044894 0.01009
0.020496 -0.038683 -0.021374
0.020686 -0.021862 -0.011194
0.027584 0.046002 -0.042083
0.02859 0.004156 -0.293608
0.033075 -0.013284 0.005135
-0.021313 -0.042717 -0.018955
0.034417 -0.032242 -0.045382
-0.029797 0.007662 -0.028046
-0.021764 -0.044543 0.014127
-0.02679 0.026919 -0.041558
-0.01257 -0.03532 -0.02429
0.011842 -0.041446 -0.334958
-0.046488 -0.011822 -0.335932
-0.026798 -0.017239 -0.006241
0.03592 -0.018574 -0.003225
-0.029511 -0.048293 -0.119069
-0.040511 -0.014575 -0.352804
-0.04325 0.028893 -0.21938
-0.02 -0.027382 -0.345408
-0.017716 -0.00993 -0.067582
0.01877 -0.0141 -0.0147
-0.019445 -0.028553 -0.339806
0.011177 0.045931 -0.099785
-0.040457 0.019885 -0.3031
0.029097 0.038072 -0.00151
0.036643 -0.029944 -0.037837
0.025187 0.023613 -0.00039
0.037098 -0.021203 -0.050528
0.00704 0.040348 0.02912
-0.010365 0.036152 -0.02494
0.0 0.04882 -0.0058
0.008463 -0.048514 -0.004359
-0.019114 0.03799 -0.23726
0.024216 -0.006485 0.006023
-0.018219 0.006847 0.008722
-0.006172 -0.042399 -0.028224
-0.020945 0.032814 -0.007604
0.027631 0.010695 0.008209
-0.02 0.026838 -0.345449
0.015227 -0.025356 -0.299879
-0.023031 -0.014514 -0.065201
-0.022718 -0.028538 -0.300951
-0.013105 -0.040517 -0.295482
0.03027 -0.006355 -0.069226
0.0 -0.03364 0.0212
-0.028608 0.041925 0.005888
0.00902 -0.037241 0.027051
-0.029059 0.007059 -0.014679
0.03065 0.0055 -0.0692
0.007755 0.038076 -0.028238
-0.001578 0.001945 -0.009721
-0.005117 0.038418 0.029057
-0.015603 -0.034187 -0.016634
-0.015204 -0.018868 -0.000523
0.001258 0.005114 -0.00998
0.0081 -0.03415 -0.0212
-0.020001 -0.004599 -0.260759
0.008512 0.008518 -0.314364
-0.0 0.041335 -0.029614
-0.020304 0.008009 -0.025976
-0.014433 0.026263 -0.050567
-0.028361 -0.017356 -0.01655
0.029421 -0.035308 -0.087893
0.017287 -0.003759 -0.022189
-0.020476 -0.045324 -0.012752
-0.014288 -0.028549 -0.303856
-0.0195 0.04243 0.0212
-0.014941 -0.034344 0.017801
-0.027751 -0.020138 -0.045332
0.03255 -0.025596 -0.117111
-0.023988 -0.006483 0.006012
-0.021092 -0.036528 -0.045471
0.03309 0.035736 -0.070313
-0.019053 -0.009646 -0.053432
-0.016273 0.044946 0.018926
-0.011835 -0.013407 -0.048759
0.025815 -0.005023 0.008185
-0.04431 0.007195 -0.288429
-0.015533 0.030574 -0.011155
-0.005436 -0.021448 -0.014705
-0.00193 -0.010533 -0.276991
-0.028177 -0.020999 -0.020302
-0.017187 0.029545 -0.321121
-0.01616 0.007741 0.006048
-0.024921 0.016038 0.000772
0.000123 0.021963 -0.32002
-0.019074 0.028232 -0.025069
-0.022269 -0.038857 -0.03
0.03281 -0.0307 -0.0078
0.025415 0.011955 -0.299917
0.026766 -0.037357 -0.01011
0.008354 -0.004661 -0.303136
-0.005614 -0.031559 -0.008621
-0.016273 -0.035055 -0.018926
0.029873 -0.04 0.001457
-0.02056 0.003188 0.009729
-0.013901 0.024165 -0.009514
-0.007501 -0.04328 0.012989
-0.000551 0.038691 0.029621
-0.024562 0.009646 0.004196
-0.021231 -0.01019 -0.296984
-0.01886 0.021445 0.003366
0.028114 0.028929 -0.26948
0.023983 -0.039722 -0.283513
0.039581 0.0 -0.048761
0.0209 0.040679 0.021343
0.022115 -0.045723 0.007227
-0.025088 0.00358 -0.064197
0.026846 0.042548 0.010127
-0.0022 -0.03838 0.0294
0.012678 -0.044522 -0.331422
0.005175 -0.04212 -0.028681
-0.009368 0.041901 -0.027757
0.029466 -0.009417 -0.068774
0.026982 0.022606 0.002192
-0.029933 0.0 -0.033901
0.02832 -0.040097 -0.009605
0.017724 -0.02584 -0.362213
0.030224 -0.034817 -0.048974
0.031702 -0.005296 -0.229891
-0.025274 -0.020815 -0.003282
0.01244 -0.041409 -0.312257
0.029 -0.011606 -0.068233
0.022332 -0.04302 -0.003984
-0.005313 -0.048477 -0.008621
-0.014251 0.010213 -0.374806
-0.011437 -0.009194 -0.265604
0.018431 0.036945 0.021276
-0.018839 0.010693 0.0082
-0.029675 -0.041027 1e-06
-0.045139 -0.00023 -0.287172
-0.015095 -0.047324 -0.308996
0.011753 -0.007866 -0.298991
-0.026517 -0.030259 -0.033935
0.01625 0.01676 -0.30001
0.026207 0.021956 0.002025
0.028395 -0.040992 0.008697
-0.01256 -0.01223 -0.00629
-0.022527 -0.045517 -0.04083
-0.017413 0.005672 0.008176
0.031041 0.003552 0.009217
0.017861 0.041788 -0.023212
-0.008 0.045587 -0.346233
0.003984 0.04302 0.022332
-0.024893 -0.018562 -0.366385
0.036139 -0.00907 -0.313601
0.0118 0.02505 -0.30002
0.029 -0.025316 -0.060839
0.026437 0.038697 -0.033867
-0.018892 0.028512 -0.303189
-0.02744 -0.040938 0.011527
0.027607 0.040129 0.011433
0.005217 -0.037407 -0.02822
-0.012996 0.038351 -0.026391
-0.013362 -0.044233 -0.319777
-0.02588 0.03241 -0.033888
0.021936 0.028531 -0.236363
-0.029097 0.038072 0.00151
0.005713 -0.031181 0.001454
-0.011254 -0.048208 -0.004351
0.040877 -0.00376 -0.033907
0.039352 0.017822 -0.0203
-0.04324 0.021222 -0.330014
0.03746 -0.0282 -0.03
-0.017838 -0.010335 0.007604
-0.033253 -0.026743 -0.311515
-0.006411 -0.0253 -0.30195
-0.007209 0.034717 0.023076
-0.010982 -0.049267 -0.29806
-0.034404 -0.000212 -0.267396
0.001939 0.041665 0.00724
-0.037682 0.024519 -0.048585
-0.002714 0.037481 0.028654
-0.056202 -0.013515 -0.084655
0.040915 0.003761 -0.028045
0.017764 -0.033907 -0.233013
-0.0395 0.02093 -0.33622
-0.018156 0.00902 -0.068228
0.02117 -0.0108 -0.0582
-0.032836 0.049597 -0.123318
0.021846 0.045586 0.008659
-0.020545 -0.007355 -0.069223
-0.018012 0.043479 -0.274731
0.001579 0.044601 0.025656
-0.024456 -0.030574 -0.011156
0.026448 -0.02944 -0.293287
-0.018894 0.029396 -0.328327
-0.033014 -0.02667 -0.309367
0.020372 0.023143 -0.014668
0.031615 0.038832 -0.028064
0.01801 0.011044 -0.018427
-0.035327 -0.040101 -0.287409
0.014071 -0.046451 -0.015351
0.001103 0.041277 -0.029621
-0.010442 -0.049823 -0.300827
0.000557 -0.021675 -0.328102
-0.021496 0.025876 -0.059706
0.013293 -0.044251 -0.310069
-0.024535 -0.045238 0.001478
0.01299 0.044383 -0.297932
-0.039778 -0.044908 -0.278722
0.022171 0.042803 -0.017789
0.030752 0.007688 -0.068784
-0.000691 -0.040002 -0.299825
0.016171 0.035932 0.021266
-0.000553 0.040425 -0.029866
-0.013601 0.029917 -0.02217
0.005312 -0.036041 0.026346
-0.026785 0.023855 -0.287282
0.026952 0.03821 -0.01155
0.005691 0.04328 0.01374
-0.013072 0.005407 -0.001763
-0.01231 0.021955 -0.356965
-0.032197 -0.021295 -0.041398
-0.009629 0.04302 0.020538
0.003409 -0.039191 -0.029633
0.006676 -0.036256 0.026388
0.02808 0.009115 -0.068778
0.009557 0.039988 -0.346367
0.02956 0.0341 -0.08783
-0.021484 -0.027322 -0.001588
0.022278 0.026065 -0.050579
-0.00203 0.033679 0.021228
0.033364 -0.004353 0.006934
-0.008737 -0.026821 -0.33602
-0.0011 -0.038312 -0.029413
-0.026726 -0.017667 -0.053761
-0.019624 -0.045214 -0.294511
-0.044495 -0.044618 -0.099758
-0.02 0.03986 -0.02804
-0.052775 -0.019577 -0.084778
0.039027 0.013757 -0.047034
0.019701 0.020154 -0.014656
-0.015436 0.021127 -0.02033
0.025624 -0.035069 -0.045432
0.02673 -0.021107 -0.313591
-0.015429 -0.0215 -0.058279
0.021924 0.015386 -0.05827
0.00424 0.045553 -0.287668
0.004753 0.039048 -0.029419
-0.019276 -0.040868 -0.232176
-0.0112 0.04813 -0.0058
-0.032559 -0.022637 -0.289378
0.016778 -0.03835 -0.024127
-0.010421 0.024049 -0.290823
0.01122 -0.037469 -0.026431
-0.024619 0.040818 -0.016748
-0.029629 -0.00751 -0.022189
0.03785 0.027524 -0.049272
-0.002381 -0.032315 0.015329
-0.045917 -0.013175 -0.335398
-0.01528 -0.042 -0.19491
-0.02 0.030842 -0.004681
-0.026122 -0.00696 0.000756
-0.02 -0.038768 -0.020284
-0.029691 0.026908 -0.336148
-0.00152 0.0525 -0.06474
-0.024181 0.035932 0.011463
-0.01617 -0.0369 -0.03
-0.023086 0.035106 0.01009
0.008529 0.036169 -0.025689
-0.001077 0.036158 -0.027059
-0.016941 -0.020445 -0.062073
-0.004058 0.033773 0.021239
-0.02448 -0.045247 -0.001449
-0.013521 -0.020827 -0.007767
0.013221 0.044912 -0.021238
0.020914 0.046314 -0.004352
-0.017287 0.029544 -0.317819
-0.027607 -0.040129 0.011433
-0.047475 -0.009037 -0.336265
-0.00133 0.013865 -0.282847
0.013844 0.051835 -0.047802
0.005313 0.048477 -0.008621
-0.036365 0.008762 -0.273119
0.028662 0.033224 -0.095696
-0.022095 -0.048173 -0.048089
0.035547 -0.014851 -0.313669
0.003794 0.00194 -0.01127
-0.030147 -0.042176 -0.291185
-0.018386 -0.022753 -0.359568
0.013312 -0.031349 -0.296746
0.039027 0.013757 -0.012966
0.008463 0.031486 -0.004359
-0.022127 -0.008179 0.008171
-0.026727 0.0 -0.000535
-0.028691 -0.010696 -0.297226
-0.037781 0.021755 0.018637
0.030246 0.036547 -0.014533
-0.038166 0.015088 -0.356207
0.01991 -0.019815 -0.047085
-0.023772 -0.024148 -0.296978
0.025149 -0.004363 -0.067577
0.020569 0.05021 -0.045268
0.02974 -0.019297 -0.251918
-0.017454 0.031504 -0.007649
0.001579 0.04534 -0.024023
0.029863 0.00276 0.00972
0.025365 0.026481 -0.175415
-0.008113 -0.048114 0.010019
-0.0063 -0.04459 -0.0249
-0.00902 0.037241 0.02705
-0.065643 -0.012733 -0.132486
-0.014497 -0.029664 -0.31668
-0.008985 0.053541 -0.065716
0.0246 0.044168 0.010074
0.024974 -0.007058 0.006939
0.034166 0.020821 -0.098181
-0.042663 -0.015841 -0.343693
0.026494 0.03715 -0.041647
-0.025899 0.02755 -0.012906
0.025424 0.006346 0.007591
0.008808 -0.046434 0.018916
0.028301 -0.041868 -0.007348
-0.010002 -0.02801 -0.309473
0.0304 -0.0202 -0.27663
-0.011392 -0.007816 -0.375291
0.007209 0.045283 -0.023076
-0.014551 -0.033386 -0.014051
0.021314 0.042718 -0.018956
-0.052455 -0.038387 -0.104836
0.029316 -0.021105 -0.208011
0.02898 0.04 0.00776
0.027919 -0.004562 -0.069521
-0.054708 -0.035898 -0.1119
0.027616 0.039591 -0.03
-0.017108 0.0273 -0.056746
-0.000552 -0.040874 0.029772
-0.016389 -0.042076 0.024029
-0.046827 -0.00747 -0.297876
-0.014922 -0.029667 -0.314629
0.031414 -0.018949 -0.06422
-0.010755 -0.032171 0.010004
-0.016783 0.028868 -0.307253
-0.00406 0.033145 -0.018951
0.020457 -0.014963 -0.053758
-0.02327 0.028439 -0.336041
-0.018793 -0.039524 -0.031948
0.014319 0.034527 0.018962
0.012909 -0.042134 -0.315969
-0.026809 -0.026039 -0.292929
-0.018912 -0.026822 -0.347645
-0.021484 -0.027322 -0.058413
-0.016262 0.029388 -0.324272
-0.017686 0.003639 -0.06871
-0.011812 0.0 0.044104
-0.017861 -0.041789 -0.023212
0.007413 -0.03261 0.01533
-0.029527 0.011338 -0.033905
-0.012553 0.004485 -0.360072
0.007229 0.040002 -0.029078
0.032576 -0.006346 0.007591
-0.049791 -0.000247 -0.314265
0.022701 0.045855 -0.002903
0.013684 0.032103 0.004363
0.025425 -0.0 0.008157
-0.023827 -0.046411 -0.051746
0.012435 0.044718 -0.022189
-0.014616 0.043019 -0.017344
-0.019999 -0.029548 -0.056784
-0.028031 0.047239 -0.146252
-0.011254 -0.031792 0.004351
-0.022379 0.00688 0.008202
0.005637 -0.045793 0.022171
-0.023426 0.043408 -0.276617
0.016043 0.032595 0.005818
0.012628 -0.036827 0.024958
-0.024089 -0.034895 -0.005842
-0.018774 0.005928 0.009219
-0.0176 -0.04528 0.0166
0.011691 -0.044903 -0.3462
-0.000726 -0.000219 -0.273981
-0.005679 -0.009678 -0.040195
-0.043913 -0.009096 -0.288354
-0.016485 0.033301 -0.012947
0.024453 0.034786 -0.002954
-0.022133 0.026746 -0.058344
-0.018607 -0.04302 -0.012972
-0.022338 0.02195 0.002016
0.036304 -0.003251 -0.313685
0.009018 0.035861 -0.024953
-0.030285 -0.00963 -0.072181
0.0095 0.0331 0.0166
-0.005175 -0.03788 -0.028681
0.001578 -0.035053 -0.02493
-0.029675 0.038973 1e-06
0.0252 -0.0197 -0.29733
0.022882 0.039307 -0.019132
-0.046222 0.013989 -0.325343
-0.010047 -0.026674 -0.300154
0.01557 0.032046 -0.217062
-0.01331 -0.032254 0.007219
-0.041774 -0.046143 -0.096625
0.032523 -0.035677 -0.043574
0.022047 -0.026743 -0.011168
-0.01416 -0.032524 -0.363838
-0.018296 -0.003551 -0.069215
0.018297 -0.048566 -0.313674
0.001653 -0.038757 0.029614
0.027866 -0.008957 0.008745
-0.01181 -0.038515 0.02707
-0.023627 0.029157 -0.328871
-0.02744 0.039062 0.011527
0.004264 -0.039831 0.029654
-0.010478 0.007512 -0.039691
-0.023799 0.011593 -0.330011
0.040723 -0.007669 -0.02609
-0.046838 0.026821 -0.204645
0.013372 0.04119 0.026489
-0.014434 -0.037636 0.024966
-0.054095 -0.007824 -0.284419
0.036643 0.029944 -0.022163
0.028915 -0.022053 -0.251699
-0.017613 -0.030052 -0.323132
0.022205 -0.04 0.020117
-0.013576 -0.025465 -0.047036
-0.011154 0.010583 -0.045315
-0.016339 0.039492 0.025005
-0.014192 -0.044282 0.022152
-0.002384 -0.039502 -0.029788
0.026241 0.029311 -0.004534
0.005714 0.048791 0.002907
-0.029998 -0.028012 -0.309473
-0.017626 0.041912 -0.179184
-0.029873 -0.04 0.001457
0.028747 -0.010748 -0.291582
0.011355 -0.048301 0.001451
-0.057676 0.014171 -0.082662
0.008671 0.001251 -0.302836
-0.0 0.038665 0.029614
0.030344 0.021454 -0.063371
-0.015246 0.029172 -0.313719
-0.031139 -0.007476 -0.266435
-0.028231 0.021391 -0.022184
0.032606 -0.014525 0.005227
-0.00978 -0.032866 0.015307
0.025178 -0.021885 0.000878
0.013038 -0.042191 -0.313399
-0.005614 0.048779 0.002907
0.018255 -0.04444 -0.291569
-0.008264 0.048358 0.007212
-0.004729 -0.044749 -0.024929
0.00203 -0.033676 -0.021229
0.01972 0.0 -0.004783
0.030604 0.022034 -0.143195
0.022169 0.0428 0.017788
-0.016571 -0.053617 -0.329962
0.02632 -0.01359 -0.29999
0.023223 -0.033764 -0.020262
-0.018186 -0.03622 -0.020185
-0.0202 -0.011472 -0.068287
-0.019383 0.026486 -0.059715
-0.016217 0.011482 0.005155
-0.014931 0.027901 -0.009417
-0.017187 0.029548 -0.31892
-0.037318 0.03341 -0.235583
0.017976 -0.043787 -0.298685
-0.018894 -0.029911 -0.328287
-0.016257 0.032478 0.002914
0.003631 -0.011681 -0.361414
-0.026846 -0.037452 -0.010127
-0.024102 -0.019434 -0.060832
0.020638 0.018146 -0.007737
0.030834 0.043083 -0.040911
-0.019171 -0.043644 -0.16837
0.033261 0.016938 -0.063279
-0.015903 -0.03267 -0.007228
-0.0393 -0.0361 -0.23872
-0.003621 -0.044341 -0.153228
-0.009926 -0.043044 -0.026362
-0.011142 -0.018483 -0.028048
0.028524 0.018592 0.005325
0.0277 0.04 -0.0114
-0.057077 -0.024485 -0.161355
0.02476 -0.021039 -0.060912
0.023037 -0.035044 -0.010066
0.005313 0.031523 0.008621
0.005843 0.044088 -0.140551
-0.0114 -0.03169 0.0
0.036045 0.004259 0.00203
-0.006734 0.011263 -0.361828
0.032561 0.036269 -0.018362
0.026708 0.033673 -0.275197
-0.033572 -0.039004 -0.313625
0.0114 -0.04831 0.0
-0.00683 -0.04069 -0.029094
-0.014373 -0.011954 0.000767
-0.018708 -0.002833 0.009498
-0.016772 0.004362 -0.067563
0.000548 -0.042642 0.028647
-0.007959 0.032034 -0.011417
0.014116 0.044281 0.022151
-0.022797 -0.034129 0.001449
0.024223 0.034815 0.004372
0.031158 -0.013389 -0.268333
-0.001939 0.041665 0.00724
-0.037221 -0.01324 -0.278613
-0.032877 -0.042237 -0.288231
0.024558 -0.037813 -0.277847
0.005808 0.04429 0.025631
0.021083 -0.03146 -0.201257
-0.02137 0.0055 -0.0692
0.029 -0.0282 -0.0582
-0.015017 -0.034621 -0.026059
-0.034088 -0.037578 -0.225045
-0.0054 -0.04066 0.0294
-0.014745 0.04328 -0.00194
-0.014159 0.025946 -0.363886
-0.039895 0.021755 -0.013535
0.031588 -0.008042 -0.268339
-0.009156 0.033319 0.017761
-0.008981 0.008485 -0.267152
0.040646 -0.021663 0.010885
-0.026821 0.040934 0.012865
0.018745 -0.032992 0.001458
0.02744 -0.040938 -0.011527
-0.017216 0.01284 -0.051074
-0.001076 0.04339 -0.027723
-0.0408 0.00551 -0.3616
-0.017261 -0.029337 -0.306565
-0.011355 0.010586 -0.047049
-0.01412 -0.0235 -0.0522
-0.024059 -0.023077 -0.058323
-0.00608 -0.038839 -0.0291
0.03986 0.015 -0.0378
-0.0477 -0.00027 -0.3428
-0.0137 -0.02513 -0.28938
-0.001104 -0.040841 0.029768
-0.022328 -0.029285 -0.055449
-0.011484 -0.017584 -0.04157
0.0 -0.021664 -0.042079
0.005766 -0.036559 -0.02707
0.022478 0.040096 0.019718
-0.012222 0.024772 -0.026094
0.025693 -0.028724 -0.295344
0.036395 -0.025725 -0.077929
0.003229 0.036266 0.027065
-0.0254 0.02915 -0.31562
-0.008219 -0.021755 -0.04132
-0.023698 -0.029375 -0.307862
-0.02 -0.030137 -0.317076
0.02698 0.031201 -0.295353
0.017572 -0.039031 -0.346312
-0.037034 0.017562 -0.353904
0.000617 -0.048811 -0.30572
-0.018504 0.009872 0.008218
0.018573 -0.018213 -0.037815
-0.042609 -0.013292 -0.349319
-0.002091 -0.023549 -0.331255
-0.023791 0.027975 -0.338637
0.007656 0.034418 -0.022143
0.017778 0.011972 -0.299884
0.040927 0.003834 -0.03
-0.021088 0.04346 -0.017863
-0.02832 -0.040097 -0.009605
-0.012129 0.016132 -0.011215
0.035982 -0.032665 -0.028014
0.033646 -0.026775 -0.055358
0.010433 0.02671 -0.299913
-0.034466 -0.025257 -0.304659
0.020148 0.002706 -0.056751
-0.008 -0.054749 -0.32996
0.006222 0.013997 -0.314677
0.020306 0.038265 -0.113461
-0.015672 -0.0 -0.066008
0.006783 -0.041617 0.028677
0.004761 0.032414 0.015336
0.0176 -0.03472 -0.0166
0.015228 -0.039172 -0.14884
0.020993 0.043002 -0.285054
-0.014498 -0.030799 -0.016474
-0.005704 0.039833 -0.029417
-0.016079 0.026748 -0.004669
-0.013161 0.032358 -0.008621
0.008906 0.0 0.044797
-0.021056 0.006354 0.009224
-0.026464 -0.03013 -0.035888
0.02623 -0.035705 -0.289128
-0.043745 -0.015598 -0.30042
0.002658 0.048584 -0.008616
-0.014752 0.038987 -0.02578
-0.06803 0.001 -0.10605
0.003 -0.01684 -0.30099
0.03195 0.0193 -0.14299
-0.018708 0.002833 0.009499
-0.004062 0.034422 0.023115
0.027029 -0.021001 0.003323
-0.022757 0.034149 0.002932
-0.017843 0.023771 -0.363572
-0.042039 -0.021755 -0.00275
-0.02363 -0.037744 0.01672
0.024885 -0.020892 -0.36005
-0.023166 -0.008309 -0.066945
0.018186 0.010818 -0.016549
0.031562 0.038463 -0.035986
-0.035696 -0.025268 -0.329438
-0.043545 -0.027325 -0.286524
-0.004727 0.012842 -0.36417
0.029675 -0.038973 1e-06
-0.001837 -0.049683 -0.021726
-0.016043 0.032595 -0.005818
0.027436 0.039064 0.011524
0.011597 -0.046122 -0.315709
-0.008982 -0.008904 -0.267142
0.005319 0.054531 -0.027519
-0.028645 0.007063 -0.011217
-0.008098 -0.045659 -0.346289
-0.03523 -0.036814 -0.34623
0.00847 -0.033355 -0.295875
0.034629 0.013888 -0.346415
-0.041301 -0.044069 -0.283978
-0.053963 0.016961 -0.240119
-0.012118 0.006361 -0.053741
0.012896 -0.034221 0.018969
-0.021066 -0.044011 -0.294972
-0.031224 -0.02743 -0.331498
0.029675 -0.041027 -1e-06
0.010902 0.03355 0.017796
0.032559 -0.004891 -0.215612
0.013788 0.036573 -0.313699
0.005117 -0.038419 -0.029056
-0.0281 0.02098 -0.28102
0.031541 0.025298 -0.000357
-0.024089 0.045105 -0.005842
0.001278 0.001942 -0.009905
0.03809 0.019815 -0.047085
-0.034467 0.024778 -0.304699
-0.004058 0.033775 -0.021239
0.012171 -0.043636 -0.335207
0.026509 -0.035362 -0.283551
-0.035384 0.03658 -0.248177
-0.041167 -0.003144 -0.27791
-0.016893 -0.042838 -0.033658
0.020734 0.011263 -0.361828
-0.036618 0.022183 -0.298547
-0.027098 -0.04 -0.012751
0.002656 -0.031899 0.012722
0.02832 0.040097 0.009605
-0.01037 0.00751 -0.037811
0.012972 -0.044914 -0.318595
-0.017268 -0.036397 -0.021301
-0.054828 0.032128 -0.275823
0.00473 0.0381 -0.18898
-0.0083 -0.02514 -0.29658
-0.03092 -0.024479 -0.292593
-0.028029 0.048157 -0.141062
-0.055714 -0.012582 -0.19832
-0.039246 -0.04184 -0.067165
0.00853 0.0448 -0.12452
0.035822 -0.032137 -0.037858
0.001104 0.039159 -0.029768
0.0369 0.013583 -0.003235
-0.00902 0.042759 -0.027051
0.033645 0.036636 -0.033909
0.002676 0.038471 0.029412
-0.018866 -0.016757 -0.363232
-0.0 -0.035727 -0.026341
0.027658 -0.008538 -0.068778
-0.029752 0.021664 -0.029752
0.000688 -0.031349 -0.296746
0.008219 0.021755 0.04132
-0.06295 0.0001 -0.16567
0.006644 -0.03782 -0.320566
0.004264 0.040169 0.029654
-0.015353 0.039999 -0.025694
-0.02561 -0.010765 -0.265053
-0.012452 -0.02434 -0.020304
-0.009176 -0.050416 -0.30984
-0.010755 0.047831 -0.010004
-0.030876 -0.022714 -0.287046
0.026409 0.038475 -0.035896
0.006123 -0.041898 -0.028653
-0.044103 -0.014449 -0.056883
0.022205 0.04 0.020117
-0.009478 0.035484 -0.024051
-0.010579 0.042118 -0.027129
0.027463 0.002832 0.009508
-0.017865 0.025285 -0.000378
0.001104 0.040841 -0.029768
-0.002154 0.036201 -0.027071
-0.001828 -0.029073 -0.297405
-0.011146 -0.003381 -0.376749
-0.013289 0.037746 -0.025724
-0.004762 -0.032184 0.014036
-0.021084 -0.029008 -0.336808
0.012576 0.040337 0.027159
0.013186 -0.047505 -0.010024
0.004432 -0.011857 -0.345754
-0.001578 -0.044947 -0.02493
0.028106 -0.024907 0.000973
-0.011401 0.043015 -0.019745
0.017436 0.038674 -0.128076
-0.011122 0.05412 -0.054354
-0.014065 0.005824 -0.377315
-0.016352 0.048294 -0.037516
-0.012619 0.002704 -0.003264
0.032444 0.016963 -0.064316
0.005605 0.039667 0.029424
-0.028042 -0.028956 -0.326487
-0.027093 -0.008586 -0.056738
-0.025717 -0.041577 0.014249
-0.029031 0.023138 -0.287411
-0.020976 0.012732 0.00765
-0.003735 -0.036314 -0.027062
-0.021584 -0.030059 -0.324734
-0.011577 0.034705 0.021255
-0.017039 0.046287 -0.012735
-0.029855 -0.040759 -0.248371
-0.018186 0.04378 -0.020185
0.03323 -0.0058 0.0069
-0.001653 -0.041243 -0.029614
-0.016696 0.038895 -0.204284
0.005099 -0.001776 -0.352762
-0.0306 -0.01161 -0.26879
-0.014828 0.01708 -0.059509
-0.015603 -0.034186 0.016634
-0.046541 -0.013229 -0.330092
-0.05641 -0.0329 -0.12472
0.031153 -0.013294 0.006956
-0.008463 0.048514 -0.004359
0.02112 -0.045895 -0.057524
0.032357 -0.003644 0.008186
-0.026206 0.026955 -0.298228
-0.036185 0.021138 -0.293571
0.01294 0.001676 -0.362786
0.018491 -0.037651 0.022178
0.010433 -0.033232 -0.36008
0.026573 -0.014942 -0.066134
0.0114 -0.04 0.0277
-0.01545 -0.032212 -0.045368
0.023273 -0.032035 -0.168462
0.039421 -0.006365 -0.048798
0.0114 0.03169 0.0
-0.026315 -0.038211 0.012864
0.005077 0.040807 0.029414
0.036813 -0.030395 -0.028044
-0.055964 0.026086 -0.282982
0.033259 0.016938 0.003278
-0.026125 -0.003393 -0.378197
0.033107 -0.0 0.007548
-0.02109 -0.036526 -0.014531
0.032615 -0.037266 -0.022126
-0.055495 -0.016508 -0.083881
-0.001254 -0.007674 -0.275657
-0.019359 -0.040973 -0.239528
-0.02382 0.0 -0.0669
0.028976 0.041878 0.003015
-0.016571 0.047089 -0.330039
0.030537 0.002832 -0.069508
0.03605 -0.0235 -0.0522
0.002807 -0.031218 -0.005808
0.028516 -0.020309 -0.064375
-0.01634 -0.008996 -0.066066
0.026467 0.008181 0.008182
0.031669 0.021755 0.027779
0.030272 0.004134 -0.069503
0.0 -0.046971 0.018914
-0.011829 0.046859 0.015339
-0.016153 -0.047477 0.004367
-0.037711 0.02211 -0.301971
0.038243 0.000709 -0.089273
0.036139 -0.009098 -0.346388
0.026696 -0.000725 0.009214
0.005037 -0.048004 0.012731
0.036455 0.020373 -0.053767
0.033507 -0.035737 -0.039694
0.018186 -0.03622 0.020185
0.018357 0.044674 0.017835
-0.02 0.005869 0.009551
-0.028813 -0.038085 -0.004454
0.027672 0.014428 0.006972
-0.004763 -0.033179 -0.01895
0.000552 -0.039126 -0.029772
-0.015453 -0.005713 0.005124
0.01589 -0.033934 -0.015339
-0.017372 0.024748 -0.05951
-0.021112 0.036544 0.017861
0.032288 0.033381 -0.01109
-0.011355 0.048301 -0.001451
0.00672 -0.043273 0.027085
0.037886 -0.0 -0.003287
-0.01771 0.030421 -0.330025
0.027098 -0.04 -0.012751
-0.001315 0.023067 -0.315955
0.035346 0.024262 -0.006202
0.031378 0.035058 -0.012758
0.005766 0.043441 -0.02707
0.017812 -0.039999 -0.024054
0.011254 -0.031792 0.004351
0.025688 0.04 0.015349
0.007137 0.011348 -0.330658
-0.023773 0.017625 -0.363022
-0.026766 -0.037357 0.01011
0.039001 -0.017549 -0.016543
-0.041131 -0.020564 -0.332163
-0.048097 0.005622 -0.336851
-0.016593 0.042725 -0.023186
-0.027011 -0.022788 -0.04706
0.000548 -0.037358 -0.028647
-0.014977 -0.041505 -0.329967
-0.051655 -0.027481 -0.078869
0.007656 0.034418 0.022144
0.039177 -0.017776 -0.018418
-0.029472 -0.011261 -0.024144
-0.016963 -0.02847 -0.055261
0.000554 0.021151 -0.328142
-0.012876 0.000452 -0.045414
0.02003 0.036521 0.019016
-0.02 0.009801 -0.376415
-0.048221 0.021946 -0.288007
-0.019838 0.034012 -0.010006
-0.008538 -0.001689 -0.264754
0.00165 -0.041656 0.02941
-0.02791 -0.042703 0.005855
0.027291 0.001455 0.009504
-0.0095 -0.0331 -0.0166
0.017797 0.046726 -0.008624
-0.013898 -0.01904 -0.055257
0.024923 -0.038321 -0.015478
-0.043365 0.014027 -0.295738
0.035095 0.023367 -0.00469
-0.002809 -0.048429 0.010016
-0.007662 0.044384 -0.024936
-0.00767 0.036918 -0.02708
0.035598 0.021728 -0.004767
-0.00931 0.0542 -0.04352
0.02144 -0.03835 -0.268586
-0.02063 -0.020441 -0.346387
-0.024067 -0.028992 -0.007711
-0.00902 0.042758 0.02705
-0.019611 0.013187 0.007663
-0.001139 -0.000967 -0.361517
-0.008178 0.026836 -0.32963
0.039608 0.010587 -0.045322
-0.015349 -0.009091 -0.064194
-0.026348 -0.002129 0.00075
0.013373 -0.04406 -0.023089
0.023125 -0.010316 -0.063249
-0.005448 -0.052498 -0.068251
-0.018371 -0.007277 -0.068746
0.0254 0.016582 -0.064293
-0.052462 0.022363 -0.287323
0.027779 -0.021755 0.031669
-0.023687 0.014495 0.004174
0.030741 0.024392 0.000968
-0.023383 0.034926 -0.008642
-0.022813 -0.030048 -0.32108
0.022634 0.049374 -0.030804
0.027255 -0.027344 -0.05842
-0.028321 -0.021475 -0.024138
0.033468 -0.002904 0.006945
-0.01212 0.037888 -0.026438
0.029684 -0.021861 -0.063337
-0.02202 0.018943 0.004209
0.00136 -0.019238 -0.302362
-0.035858 -0.045476 -0.277953
0.02735 0.0055 -0.0692
-0.02571 -0.022615 -0.053717
-0.010074 -0.0245 -0.291287
-0.022674 0.005022 -0.068168
-0.015469 -0.044293 -0.310449
-0.016823 -0.025326 -0.288015
-0.045977 -0.006148 -0.292662
-0.016967 0.016572 0.00427
-0.027038 -0.029366 -0.322183
0.001581 0.040743 0.029774
0.001182 0.040325 -0.178307
0.004163 0.039652 -0.029648
-0.025144 0.002129 0.004182
0.004316 0.047848 -0.33004
0.028848 -0.038065 -0.004386
-0.04649 -0.008884 -0.298164
0.036586 0.017297 -0.330012
0.01568 -0.038539 0.024991
0.00473 -0.03525 0.02493
-0.056013 -0.032731 -0.095991
0.031229 -0.017363 -0.065178
-0.04431 -0.007705 -0.351571
0.033488 -0.008304 0.006077
0.031018 0.022606 -0.062192
-0.027098 0.04 -0.012751
-0.021434 -0.001456 -0.069495
0.015195 0.039642 -0.025774
-0.007962 0.031865 -0.010017
0.030369 0.019766 0.004373
0.018372 0.018565 -0.03
-0.024883 0.019205 -0.275497
0.028765 -0.011471 -0.068285
-0.012505 0.018847 -0.011202
-0.02293 -0.043963 -0.014088
-0.016026 0.040997 0.025028
-0.017182 -0.045602 -0.301408
0.030761 0.009306 -0.330011
0.018159 0.0 -0.012967
-0.022169 0.02811 -0.003069
0.027919 0.004562 0.009521
-0.008141 -0.040857 -0.028696
0.02489 -0.028 -0.29738
-0.005256 -0.043026 0.02773
-0.024999 -0.043157 0.012727
0.040723 0.007669 -0.03391
-0.048855 -0.026258 -0.221881
0.03056 -0.022949 -0.062203
-0.012733 -0.005885 -0.003255
0.002384 0.039502 -0.029788
0.004058 0.033773 -0.021239
0.00213 -0.041149 -0.029623
0.002382 0.032091 0.014027
0.017848 0.011043 -0.039691
-0.012961 0.028864 -0.317866
-0.019947 -0.047867 -0.130549
-0.01232 0.0127 -0.0522
0.019145 0.009892 -0.009485
-0.025316 0.010895 -0.062011
0.005637 0.03455 -0.023103
-0.023077 0.036769 -0.020224
-0.005969 -0.042529 -0.339819
-0.037958 -0.019498 -0.348548
-0.006588 0.041739 -0.17883
0.031284 0.010528 -0.282877
0.003164 -0.019241 -0.319985
-0.017542 -0.019586 -0.274551
-0.039088 0.029311 -0.330023
-0.027071 0.000479 -0.063869
0.020897 -0.043572 0.01786
0.025797 -0.013289 -0.066127
0.036464 0.005416 -0.060786
-0.040123 -0.022462 -0.31998
-0.016437 0.009551 -0.066068
-0.047325 -0.025243 -0.285663
-0.043148 -0.00474 -0.357118
0.038999 0.000632 -0.060607
-0.0349 0.02097 -0.29022
0.010579 0.037882 -0.027129
-0.021222 0.039569 -0.03
-0.048467 -0.030203 -0.079164
0.011471 -0.043052 0.025689
-0.00649 0.041665 0.003748
-0.021884 -0.04217 -0.019054
0.013628 0.047812 -0.005812
0.003735 0.04066 0.029637
-0.016759 0.028015 -0.338844
0.010057 -0.032656 -0.01401
0.038793 0.004605 -0.061069
-0.021087 0.037412 -0.059607
0.030216 -0.016474 -0.22226
0.014679 0.0 0.04325
-0.024453 0.034786 0.002954
-0.006404 -0.041005 0.029093
-0.038398 0.0157 -0.082082
-0.037932 -0.02995 -0.287163
0.009843 -0.045603 0.021238
0.007393 0.041342 0.028718
0.026022 0.036717 -0.010015
-0.010966 -0.010586 -0.043441
-0.04398 0.008636 -0.289084
0.022757 -0.045851 -0.002932
-0.047277 0.031573 -0.082142
0.0335 0.0362 -0.0222
-0.043823 -0.018232 -0.315216
-0.02248 0.000725 -0.068719
-0.010212 0.016292 -0.364399
0.030273 -0.004134 -0.069504
-0.029654 -0.003756 -0.039686
0.001582 0.036186 -0.027064
0.00847 0.026882 -0.295921
0.0221 -0.045476 -0.029962
0.016967 0.03487 -0.017768
-0.027167 -0.028039 -0.337442
-0.006172 0.042399 0.028224
0.030081 -0.004562 0.009521
0.031909 -0.009498 -0.067568
0.017077 0.0 -0.033902
0.019015 0.035173 0.016664
0.006489 0.011292 -0.335953
-0.016431 -0.016931 0.003268
0.031905 0.011642 -0.066953
-0.010506 0.045862 -0.0201
0.01568 -0.038539 -0.024991
-0.029898 0.003833 -0.026095
-0.015 0.03553 -0.0212
0.022005 0.032462 -0.033892
0.026464 0.046152 -0.052236
0.031502 0.002624 -0.252332
-0.022792 0.011551 -0.265228
-0.0094 0.01119 -0.26881
0.025007 0.031614 -0.050513
0.035302 0.02082 -0.056724
-0.022133 -0.026745 -0.058344
-0.00724 -0.041665 0.001939
-0.039997 0.017857 -0.294141
-0.021922 0.000725 0.009213
0.031076 0.029817 -0.004538
-0.038862 0.005754 -0.274921
0.01868 0.0434 -0.29785
0.006533 -0.001745 -0.347778
0.03097 0.021 -0.063321
0.021813 0.028208 -0.045368
-0.012895 -0.005881 -0.360064
0.023621 -0.031446 -0.012862
-0.007261 0.012877 -0.272489
0.001025 -0.004591 -0.278134
0.022673 -0.044796 -0.011481
-0.00473 0.04475 -0.02493
0.039504 -0.018896 -0.058054
-0.00918 -0.044718 -0.155179
0.0 0.03502 0.0249
0.034873 0.012611 -0.128122
-0.02272 0.028491 -0.303795
-0.0412 -0.00022 -0.2776
-0.007712 -0.04302 -0.021333
0.034933 -0.012515 -0.168534
-0.02525 -0.029613 -0.047145
0.019384 0.038672 0.022338
0.031864 -0.002187 0.008744
0.038587 -0.003795 -0.086577
-0.007393 -0.038658 -0.028718
0.004809 0.03641 -0.027036
0.00788 0.042499 -0.14549
-0.0102 -0.0 -0.0222
-0.020474 -0.048668 -0.124158
-0.003654 -0.025261 -0.323136
0.001083 -0.037827 0.029064
-0.005754 0.038695 0.029098
0.029879 0.00499 0.009528
-0.002711 0.040352 0.029793
0.026207 -0.021956 -0.062025
-0.004734 -0.035605 -0.025657
0.014551 0.033386 -0.014051
-0.020389 0.013187 -0.067663
-0.001939 -0.041665 -0.00724
-0.028231 -0.021391 -0.037816
-0.025393 0.025369 -0.052274
0.010579 0.042118 0.027129
-0.027629 0.024557 -0.022188
0.018637 0.021755 0.037781
-0.013826 0.042109 -0.178973
-0.008562 0.048604 -0.001454
-0.003036 0.037187 -0.028641
0.026513 0.037743 -0.020126
0.0 0.04636 -0.0212
0.02747 0.041797 0.010181
0.011254 0.048208 0.004351
0.030554 -0.008114 0.008787
-0.006783 -0.038383 0.028677
-0.056934 0.021695 -0.28183
-0.040588 -0.00747 -0.27899
-0.0081 -0.04585 0.0212
0.025936 0.00885 0.007597
-0.02333 -0.010803 -0.066062
-0.049088 -0.027703 -0.284223
-0.019416 -0.009267 -0.068776
-0.0306 0.01119 -0.26881
-0.012386 -0.039311 -0.027177
0.002986 0.0 -0.045576
0.011433 -0.040129 -0.027607
0.023966 -0.003586 -0.066069
-0.013215 0.023801 -0.352759
-0.048919 0.007066 -0.32564
-0.055763 -0.001139 -0.088686
-0.0 0.040904 -0.029769
-0.038573 -0.039896 -0.070925
-0.013787 -0.03201 0.001455
0.017644 0.046591 0.010029
-0.024971 0.028102 -0.009389
-0.026517 0.030259 -0.026065
-0.016204 0.001452 -0.066926
0.009253 0.005631 -0.325637
-0.025749 0.010304 -0.26521
-0.036554 -0.040709 -0.287497
-0.020962 -0.037928 0.020215
0.026586 0.018949 -0.064221
-0.011223 -0.039666 -0.027756
0.005835 -0.040096 -0.029331
-0.00406 0.046557 0.020099
0.034191 -0.020638 -0.127861
0.02477 0.0058 -0.0669
0.029656 0.007355 -0.069224
0.033986 -0.027362 -0.09137
0.038985 -0.021802 0.016147
-0.015242 0.022694 -0.05681
0.035822 0.032137 -0.022142
-0.0 -0.04537 0.023993
0.023353 -0.038527 0.017991
0.001424 -0.041771 -0.171511
-0.027658 0.01131 -0.039692
-0.045203 -0.031015 -0.221522
3.5e-05 -0.046474 -0.282939
-0.012311 -0.03298 -0.014038
-0.016917 -0.022212 0.000861
0.005727 -0.007941 -0.362995
-0.014876 0.028824 -0.33023
-0.001653 0.041243 -0.029614
-0.020912 0.035502 -0.015396
-0.016265 -0.002903 0.006936
-0.005588 0.00275 -0.372118
0.013738 -0.047957 0.002906
-0.024552 0.035768 -0.010044
0.020494 -0.041316 -0.021371
-0.022686 -0.033427 -0.048968
0.023089 -0.040441 -0.293902
0.011548 0.033384 -0.016631
0.02003 -0.03652 -0.019016
0.020861 0.017254 -0.053781
-0.033515 0.017949 -0.28093
0.030172 -0.000729 0.009717
-0.022116 -0.004943 0.008734
-0.019611 -0.013187 -0.067663
0.00978 -0.032867 0.015307
0.032909 -0.034439 -0.329972
-0.023097 -0.001795 -0.379378
-0.033338 -0.043232 -0.288039
-0.030316 -0.047117 -0.28977
-0.017325 0.019339 0.003278
-0.030334 0.026937 -0.334249
-0.012242 0.045906 0.018968
0.001542 0.037656 -0.242935
-0.03083 -0.046387 -0.289866
0.021796 0.033991 -0.138181
-0.002031 0.032796 -0.017785
-0.0 -0.046971 -0.018914
-0.029144 -0.041019 -0.005874
-0.015312 -0.036122 -0.02222
0.011548 0.033379 0.016632
-0.002657 0.048444 0.010019
-0.010908 0.053701 -0.06915
0.005446 0.038554 0.029075
-0.001076 -0.04339 0.027723
0.028284 0.037268 -0.002968
-0.038518 0.021944 -0.335334
-0.006279 0.047722 -0.142261
0.028763 -0.001809 0.009867
-0.013117 -0.027314 -0.03968
0.019015 0.044827 -0.016664
-0.02 0.0369 -0.0453
0.025643 0.003644 0.008186
0.023442 -0.009096 0.004212
0.038158 -0.008197 -0.091761
0.0112 -0.04813 -0.0058
0.025315 0.01205 0.006042
-0.042997 0.000251 -0.287579
-0.02 0.025315 0.000838
0.017572 0.032514 -0.313681
0.026751 0.001941 -0.299918
0.022102 0.006384 -0.062019
0.0043 -0.04318 0.0277
0.037835 0.015431 -0.007757
0.016095 -0.035931 0.021266
0.028848 0.041935 -0.004386
-0.024643 -0.009091 0.004194
0.033372 0.034687 -0.043446
-0.009598 0.018859 -0.299933
-0.020026 0.038096 -0.021318
0.03683 -0.0108 -0.0018
0.004915 0.021097 -0.296743
0.003227 -0.043272 -0.027724
-0.012034 -0.046811 0.015337
-0.025754 0.01856 -0.003245
-0.017965 0.035022 -0.012776
-0.018121 -0.017358 0.005167
0.03999 0.011044 -0.041573
-0.011822 0.03832 -0.237482
-0.02 0.019884 -0.364342
-0.012242 -0.024821 -0.026091
-0.013231 0.038664 -0.02645
0.039665 0.006715 -0.012934
-0.023044 0.020445 -0.062072
0.02109 0.035567 -0.01542
-0.01809 -0.034531 0.015311
-0.020184 0.009573 0.008802
0.038415 -0.008305 -0.08732
0.021311 0.04293 -0.295023
-0.013715 0.043379 -0.02408
-0.017206 -0.01207 -0.374781
-0.020554 0.028475 -0.337049
-0.020809 -0.007011 -0.026611
-0.024999 0.036843 0.012727
0.001415 -0.015872 -0.292186
0.016042 0.033199 -0.242448
-0.03516 -0.046056 -0.284429
-0.032051 0.026905 -0.327482
-0.018548 0.033051 0.004364
-0.010149 0.038205 -0.231022
0.0 0.04 -0.0299
0.031377 0.000872 -0.280012
-0.000186 0.038211 -0.203471
-0.011306 -0.007768 -0.264869
-0.040554 -0.021671 -0.328101
-0.050418 0.005126 -0.090195
0.037251 -0.027319 -0.039683
0.021171 -0.015406 -0.298149
-4.7e-05 0.044213 -0.346322
-0.0195 -0.04243 -0.0212
-0.012978 0.022788 -0.04706
0.027599 0.036536 0.001455
0.003219 0.01405 -0.295323
0.002657 -0.031556 -0.010019
0.021882 0.00271 0.002016
-0.017972 0.018943 -0.064209
0.028432 0.000729 -0.069849
0.025087 0.003639 -0.067583
0.014706 -0.030262 -0.362852
-0.002543 -0.009942 -0.298331
-0.011643 -0.021654 -0.026088
-0.048511 -0.009013 -0.314353
-0.008412 -0.031489 0.004356
-0.020168 0.033898 0.008608
-0.039307 -0.030727 -0.287052
0.02477 -0.0341 -0.0453
0.012292 -0.045912 0.01897
-0.006209 0.042849 0.027742
0.016269 0.043943 -0.282008
-0.002057 -0.040643 0.029774
-0.023126 0.029601 -0.006257
-0.009317 0.02009 -0.358231
-0.00213 0.038851 0.029623
0.034561 -0.032827 -0.016474
-0.029275 -0.003293 -0.362783
-0.042013 -0.034746 -0.287194
0.003748 -0.041665 -0.00649
0.024511 0.008304 0.006077
0.023695 -0.042988 0.015327
0.004218 0.0377 0.028661
0.029771 0.022998 -0.289494
-0.01673 0.028458 -0.303999
0.028058 0.018309 0.005364
0.001935 0.020051 -0.315241
-0.018201 0.032216 -0.052432
-0.022045 0.035859 -0.0145
-0.021046 -0.041936 0.020236
0.029878 0.004989 -0.069526
-0.012614 -0.01945 -0.011199
0.032558 -0.015764 -0.193237
-0.025937 0.002707 0.001998
0.016044 0.047409 0.005819
-0.010623 0.003531 -0.016557
0.02813 -0.0072 0.0092
-0.023704 -0.040128 -0.018189
-0.003626 -0.038667 -0.029411
-0.022882 -0.039307 -0.019133
0.005138 -0.046778 -0.331544
-0.012938 0.054102 -0.065188
0.009857 0.03556 -0.024052
0.006012 -0.047386 -0.308903
-0.016482 0.033303 -0.047054
-0.023704 -0.040128 0.018189
-0.023 -0.03715 -0.0166
-0.023159 0.04 0.018988
0.006172 0.037601 0.028224
0.0208 -0.04624 -0.0058
0.013199 -0.042243 -0.308912
-0.022898 0.01695 0.004291
-0.024693 -0.048147 -0.127201
-0.024748 0.024815 -0.288723
-0.02 0.028441 -0.337244
0.025712 -0.033381 -0.01109
-0.029907 0.021184 -0.283235
0.002714 -0.042519 -0.028654
-0.025866 -0.020011 -0.362862
0.026891 -0.031063 -0.006027
-0.0166 -0.04 -0.0249
-0.031809 -0.026802 -0.334413
-0.048741 0.039916 -0.278964
0.030749 0.020038 -0.279011
0.002377 0.012709 -0.02908
0.006109 0.011071 -0.016713
-0.017088 -0.030043 -0.31998
-0.022517 -0.013425 -0.266462
-0.030841 0.009775 -0.372072
-0.001895 -0.014639 -0.297964
-0.008514 -0.031428 -0.002906
-0.019262 -0.040975 -0.220227
-0.023725 -0.002903 -0.066936
-0.04944 0.028511 -0.288172
-0.013763 0.010232 -0.000532
-0.022921 0.045852 -0.0
0.031006 -0.014871 -0.276643
-0.04517 0.041314 -0.280144
0.013789 0.036545 -0.346367
0.035347 -0.024263 -0.053798
-0.0246 -0.044168 0.010074
-0.021669 -0.019291 0.004288
0.00513 -0.0493 -0.01473
-0.003689 -0.038113 0.029068
-0.023653 -0.034678 -0.016557
-0.01147 -0.0141 -0.0147
-0.022174 -0.026823 -0.292704
-0.028293 -0.050754 -0.08082
-0.052616 -0.01289 -0.284723
-0.020755 0.014736 -0.066997
0.026345 -0.034831 -0.1132
-0.033474 0.021802 -0.025688
-0.047392 0.008495 -0.336573
-0.055099 0.019676 -0.285608
0.029001 0.017087 0.006095
-0.018543 0.029628 -0.32002
0.0041 0.04123 0.0294
-0.0 0.047715 -0.015306
0.00683 0.04069 -0.029094
-0.024068 -0.028992 -0.052289
0.00839 -0.041639 -0.028266
-0.020375 0.052275 -0.111937
0.001478 0.011881 -0.363457
-0.011433 -0.040129 0.027607
-0.024163 0.029395 -0.317819
-0.01509 -0.046958 -0.011432
-0.001083 0.037827 0.029064
-0.016968 -0.016572 -0.06427
-0.0106 -0.03871 0.0277
0.007157 0.037348 -0.027732
0.012989 -0.04328 -0.007501
-0.013666 0.002707 -0.060752
0.025934 -0.005674 0.008195
0.033659 -0.010793 0.005189
-0.00291 -0.048519 -0.333178
0.00203 -0.046321 -0.021228
0.02022 -0.043081 -0.286925
0.030123 0.001457 -0.069711
-0.02375 0.0362 -0.0378
-0.0456 0.01113 -0.34121
0.026438 0.038463 -0.024014
-0.051632 -0.02005 -0.222255
-0.026938 -0.029368 -0.323283
-0.010555 -0.028525 -0.326435
-0.03978 -0.0441 -0.27444
-0.016644 -0.023257 -0.059595
-0.002807 0.04885 0.004358
-0.0 -0.042224 0.029043
0.034436 0.017833 -0.060752
0.01218 -0.04188 -0.29997
-0.015727 0.00842 0.005134
-0.006153 -0.009149 -0.26998
-0.045576 0.0 -0.002986
0.0213 -0.02547 -0.012961
0.022797 -0.034129 -0.001449
-0.005577 -0.001855 -0.372505
0.03258 -0.013293 -0.200658
-0.025965 0.02736 -0.047079
0.001582 0.035775 -0.026373
-0.021656 -0.0299 -0.328085
-0.011223 0.040334 -0.027756
-0.016669 0.015727 -0.064243
-0.019986 -0.031887 -0.329974
0.024697 0.048279 -0.038424
0.034558 -0.009096 -0.064212
-0.010057 -0.047344 -0.01401
-0.00776 0.04 -0.02898
-0.018947 -0.034799 -0.048959
0.036587 -0.02383 -0.32998
-0.040411 0.046043 -0.060888
0.031533 -0.026762 -0.001647
-0.01058 0.0405 -0.18968
0.0 -0.048472 -0.010003
-0.047238 -0.041698 -0.090237
-0.01625 0.0362 -0.0378
0.037418 -0.029596 -0.06025
0.008113 -0.031886 0.010019
0.000217 -0.01948 -0.34173
-0.012799 -0.018795 -0.009474
-0.033572 -0.039031 -0.346312
-0.012723 0.053552 -0.07998
-0.049453 -0.02641 -0.20878
-0.008662 0.044206 -0.276186
0.03843 -0.016144 -0.048798
-0.02353 -0.036416 -0.36008
0.028224 0.04 -0.010032
-0.057881 0.022651 -0.278539
0.014268 0.043739 -0.023145
-0.005463 0.048578 0.007217
-0.002032 0.034315 0.023105
0.0 -0.031528 0.010003
0.034896 0.01605 -0.060796
-0.057134 0.001801 -0.260017
0.038919 -0.003182 -0.052231
0.036077 0.009662 -0.060735
-0.0529 0.0378 -0.28516
-0.029144 0.038981 -0.005874
0.039249 -0.003183 -0.050514
-0.018821 0.023043 -0.062228
0.001496 0.037185 -0.236631
-0.014881 -0.023346 -0.055286
0.023101 -0.034892 -0.03
0.007133 -0.03285 -0.016623
-0.021543 0.019435 0.004327
0.02541 -0.036638 -0.277761
-0.022687 -0.01232 -0.029047
-0.027495 0.023771 -0.041573
0.027597 0.043462 0.001455
-0.0525 0.0231 -0.19107
-0.047096 -0.012999 -0.31999
0.012311 -0.04702 -0.014038
-0.01667 -0.015727 0.004243
-0.015903 -0.009674 -0.065155
-0.018479 -0.011992 0.007622
-0.026729 0.028825 -0.325475
-0.013904 0.039648 0.026498
-0.01568 -0.038539 0.024991
0.038694 0.009571 -0.059548
-0.013535 -0.021755 0.039895
-0.039895 -0.002626 -0.084006
-0.013539 -0.007536 -0.059494
0.024218 -0.032738 -0.15246
-0.029228 -0.045117 -0.291835
0.029137 -0.000249 -0.346361
0.031027 0.000547 -0.283371
-0.058013 -0.004944 -0.190774
0.01364 -0.039 -0.2989
0.005195 0.011383 -0.014046
-0.007133 0.032851 -0.016623
0.027649 0.012571 -0.067625
0.037798 0.005049 -0.090545
0.01704 0.0 -0.031951
-0.019056 0.033871 -0.050742
-0.01809 0.045469 0.015311
-0.002382 -0.03189 0.012725
0.016254 0.047574 -0.001454
-0.021051 -0.038402 -0.039881
-0.01901 0.019899 -0.064404
0.00565 -0.042012 -0.028671
-0.024427 0.029155 -0.327271
0.005186 0.04549 -0.023106
0.027297 0.043431 -0.004356
0.0378 -0.018121 -0.329986
-0.003227 0.043272 0.027725
0.01822 -0.040405 -0.299879
-0.017138 -0.014981 -0.065201
0.00158 0.034295 0.023101
-0.054222 -0.00936 -0.228386
0.025589 0.002918 0.008198
0.013186 0.047505 0.010024
0.0 0.021664 -0.042079
0.007209 0.045283 0.023076
-0.017747 0.035522 0.019006
0.004737 0.00602 -0.296969
0.02474 0.020184 -0.346292
0.039195 0.000633 -0.070529
-0.011471 -0.043052 -0.025689
0.033668 -0.018018 -0.062075
0.034637 -0.032705 -0.043485
-0.032166 0.038943 -0.256746
-0.014476 -0.012171 -0.373855
-0.047055 0.009926 -0.304049
-0.045343 -0.009068 -0.3464
0.005613 0.048727 -0.004359
-0.016432 -0.016931 -0.063267
0.020125 -0.04 0.022215
0.026959 -0.003552 -0.069216
0.019482 -0.013057 -0.009515
-0.007959 0.047966 -0.011417
-0.0 0.048937 0.002901
0.040555 0.007515 -0.037815
-0.027188 -0.02313 -0.045323
0.021065 0.004835 -0.059525
-0.003254 0.014167 -0.279574
0.025838 0.035613 -0.004388
0.005704 -0.040167 -0.029417
0.029388 0.043192 -0.056353
0.024879 0.032487 -0.048799
-0.010885 -0.021663 0.040646
0.039059 -0.02181 -0.03
-0.001895 0.008165 -0.297979
-0.027052 0.027968 -0.026098
0.0 0.031272 -0.007203
-0.003003 -0.005558 -0.362076
-0.026044 0.002836 -0.378132
0.003768 0.045591 -0.135599
-0.011306 0.007258 -0.375131
-0.018934 0.006354 0.009224
0.036437 0.021663 0.021042
-0.019446 -0.030067 -0.325586
0.021509 -0.013064 -0.361851
-0.021765 -0.035456 -0.014127
-0.010506 0.034136 0.0201
-0.017932 0.02123 -0.278346
-0.035206 0.017807 -0.356748
-0.009675 0.020164 -0.281411
0.031692 -0.002202 -0.260229
-0.01756 -0.040511 0.024171
-0.041893 0.016522 -0.343136
0.025563 0.020804 0.002117
-0.021144 0.018024 -0.065272
0.03116 -0.0029 -0.0692
0.031419 0.025416 -0.059675
-0.013186 0.032495 0.010024
0.022701 -0.045855 0.002903
0.021702 -0.007542 -0.060771
-0.035512 -0.011975 -0.274553
-0.010755 0.032171 -0.010004
0.001265 -0.049316 -0.101906
0.039876 -0.007063 -0.04533
-0.01875 0.039474 0.023283
0.008954 0.034974 -0.023119
-0.01568 -0.038539 -0.024991
-0.011554 -0.010238 -0.011223
0.01888 -0.006365 -0.009477
0.027655 -0.021455 0.003372
0.016563 0.044693 -0.288074
-0.033903 -0.026747 -0.322135
0.024089 0.034895 -0.005842
0.010752 0.026418 -0.296278
0.006933 -0.040515 0.029098
0.026009 0.035573 -0.002937
-0.039158 -0.046099 -0.080768
-0.022517 0.012914 -0.373538
-0.043733 -0.017023 -0.305709
-0.014065 0.04 0.026421
0.007412 0.038672 0.028691
0.003861 0.012702 -0.294779
-0.019144 -0.024274 -0.025091
-0.006725 -0.040853 0.02907
-0.026415 -0.008109 -0.059493
-0.010255 0.052357 -0.100656
0.017564 -0.037872 -0.148612
-0.01647 -0.0058 -0.0669
-0.022205 -0.04 0.020117
-0.028853 -0.018483 -0.031952
0.033835 -0.015436 -0.175309
0.025356 -0.043813 -0.033436
-0.01242 0.015934 -0.295821
0.033374 0.034688 -0.016553
-0.02587 -0.0235 -0.0522
0.013556 -0.037871 0.025717
0.029994 -0.002109 -0.06972
-0.024805 -0.027207 -0.052316
0.040713 0.003759 -0.022189
0.017936 0.015231 -0.028049
-0.012311 0.03298 0.014038
0.028813 0.041915 0.004454
-0.026922 -0.005407 -0.001763
0.027537 0.005928 -0.069221
-0.003234 0.037108 0.028203
0.03559 -0.017654 -0.001748
-0.005714 -0.031209 -0.002907
-0.009879 -0.041881 -0.194183
0.03056 0.0188 -0.17831
0.037102 -0.015288 -0.097689
-0.022487 -0.03041 -0.053903
-0.003689 0.041887 0.029068
-0.019838 -0.045988 0.010006
0.022818 0.001453 -0.0642
-0.047664 0.001221 -0.297276
0.040927 -0.003834 -0.03
0.002656 -0.048101 -0.012722
-0.010985 -0.028518 -0.311469
0.0176 0.04528 0.0166
0.001147 0.050952 -0.081137
0.025641 -0.044313 0.005832
0.015353 0.039999 0.025694
-0.000112 -0.051094 -0.313649
-0.0058 -0.04 -0.0294
-0.029952 -0.026702 -0.339805
-0.028563 -0.009286 -0.374386
-0.026117 -0.001853 -0.378426
0.038444 0.014536 -0.072949
-0.008725 0.022194 -0.35245
-0.002658 -0.048699 -0.007214
-0.016843 0.033653 -0.012733
-0.016963 0.02847 -0.004738
0.025384 -0.037267 -0.022125
-0.025662 0.028484 -0.307152
-0.0106 0.04129 0.0277
0.023569 -0.044034 0.012786
-0.003107 0.014044 -0.360054
-0.01232 -0.01364 -0.35999
-0.039047 -0.035702 -0.234317
-0.029445 -0.028517 -0.313524
-0.027189 -0.042663 -0.008661
-0.029514 0.040996 -0.002978
-0.013045 0.012725 -0.017215
0.02726 -0.0141 -0.0669
0.008572 0.043734 -0.330039
0.014574 -0.049239 -0.043918
-0.013773 0.040511 0.026482
0.007688 0.032194 0.012724
0.0095 0.0469 0.0166
0.006533 0.001235 -0.292222
0.027271 0.007709 -0.068764
0.001844 -0.030301 -0.296428
0.017344 -0.043019 0.014616
-0.026841 -0.039177 -0.012898
-0.015456 0.017826 0.000741
0.009032 -0.022853 -0.364298
0.0063 -0.03541 -0.0249
-0.002858 -0.031092 -0.002905
-0.017488 -0.035433 0.018982
-0.016217 -0.011482 -0.065155
-0.017867 -0.0299 -0.312524
0.017983 -0.036118 -0.020166
-0.02135 -0.047226 -0.282715
-0.047632 -0.010463 -0.30903
-0.050693 0.022355 -0.287758
-9e-06 -0.015805 -0.288152
0.003249 0.026363 -0.363768
-0.047475 0.00853 -0.303735
0.029 -0.005869 -0.069547
-0.029527 -0.011338 -0.026095
-0.014679 -0.0 0.04325
-0.037487 0.0229 -0.334437
0.006081 -0.033935 -0.021228
0.027271 -0.007709 0.008764
0.024059 0.04 -0.017816
0.013805 -0.04425 -0.303543
-0.026583 0.035011 -0.066743
-0.025529 -0.009082 -0.06197
0.031756 -0.003639 0.008719
0.025731 0.042508 0.012834
0.006564 0.001246 -0.347677
0.004644 -0.038311 0.029073
-0.063858 -0.012771 -0.147576
-0.020489 -0.046189 -0.007206
0.004968 -0.022799 -0.295671
-0.017843 0.027551 -0.298
-0.030419 -0.04724 -0.287333
-0.048616 -0.036549 -0.15174
0.002031 0.047204 -0.017785
-0.0 -0.034268 -0.023073
-0.012214 -0.048205 -0.321373
0.033362 0.004353 0.006932
-0.02497 0.0199 -0.0018
0.031541 -0.012473 -0.066972
-0.024236 0.002904 -0.066049
-0.016153 0.047477 -0.004367
-0.035788 0.016624 -0.281961
0.0294 -0.04 -0.0058
0.03986 -0.015 -0.0222
-0.034065 0.005694 -0.371433
0.0 0.048472 0.010003
-0.019384 0.041328 0.022338
-0.022015 -0.005546 -0.068746
0.008365 -0.047154 -0.29695
-0.036755 -0.04263 -0.287175
-0.009629 -0.04302 0.020538
-0.002152 -0.036659 -0.027732
-0.026536 -0.014005 -0.056749
0.026093 0.044446 -0.001456
-0.019243 0.023361 0.002155
0.02992 0.012888 0.007666
-0.01657 0.046158 -0.01404
0.002857 0.005702 -0.283029
-0.005827 -0.025951 -0.33159
-0.024202 -0.003584 -0.066048
0.001929 0.04302 0.022602
-0.010303 -0.037764 0.027117
-0.027645 0.050101 -0.056648
0.005663 0.048735 0.00436
0.036852 -0.003638 -0.139756
-0.031542 0.037692 -0.249357
-0.035377 0.004489 -0.360099
0.009866 -0.020011 -0.362862
0.011747 0.042953 0.025702
-0.052784 0.035357 -0.275066
0.007229 0.039998 0.029078
-0.029477 -0.040792 -0.185508
0.04088 0.003836 -0.033907
-0.033338 -0.043845 -0.06407
-0.020322 -0.004052 -0.025982
-0.014176 -0.025939 -0.291702
-0.024701 0.002903 -0.065136
-0.016389 -0.037923 -0.024029
-0.025088 -0.00358 0.004197
0.002521 -0.01584 -0.344118
-0.041825 0.009955 -0.355395
-0.055071 0.009407 -0.283986
-0.003151 0.053073 -0.059977
-0.002382 0.04811 0.012725
-0.019412 0.018453 0.005292
-0.027337 -0.023542 -0.043452
-0.019509 0.034976 -0.015375
-0.007959 -0.047966 0.011417
0.031793 0.021956 -0.062025
-0.039448 -0.022657 -0.311853
0.0277 -0.04342 0.0
-0.010858 -0.046144 0.018953
-0.020571 0.005414 -0.069518
-0.016562 -0.048265 -0.295349
0.02077 -0.011282 -0.003285
0.00175 -0.0391 -0.29786
0.028308 -0.016701 0.006166
0.003162 0.044139 0.026383
-0.019973 -0.02318 -0.346355
-0.0 0.03826 0.0294
-0.026952 -0.04179 0.01155
0.001809 0.03714 -0.217571
-0.016111 -0.036623 -0.033908
-0.020783 0.010973 -0.026606
-0.025497 -0.017646 -0.058239
-0.015756 -0.002904 -0.066049
-0.028224 0.04 0.010032
0.019087 0.04392 0.01905
-0.000548 0.043041 0.028198
-0.068487 0.000968 -0.112756
-0.019017 0.041815 -0.022299
0.027672 -0.014429 0.006973
0.023159 -0.04 0.018988
0.029994 0.024418 -0.27894
-0.015195 -0.040358 0.025774
0.005704 0.039833 -0.029417
0.038518 -0.013057 -0.050485
-0.014093 -0.009659 -0.060726
-0.0081 0.04585 0.0212
0.027938 0.041772 0.008793
-0.051298 0.02073 -0.287607
0.0 -0.03103 -0.0
-0.024303 -0.013915 0.003242
-0.029067 -0.025313 -0.29293
0.026317 -0.007533 -0.068208
-0.01787 0.0205 0.0032
-0.00238 -0.047436 -0.016623
-0.011818 0.020999 -0.020302
0.014149 -0.033272 -0.014048
0.03894 0.000411 -0.079539
-0.024537 0.005713 0.005124
-0.046425 0.013817 -0.32001
-0.025042 -0.037531 0.014121
0.028058 -0.018309 -0.065364
-0.017139 -0.035036 -0.045427
0.031421 -0.005431 -0.236855
-0.036187 -0.021606 -0.29353
-0.002383 0.033361 0.020088
-0.021985 -0.037193 -0.041814
0.020726 0.014063 -0.055266
-0.027159 0.011757 -0.055215
-0.012118 -0.006361 -0.006259
0.025098 -0.03761 0.014177
-0.013466 -0.030206 -0.033898
-0.01093 -0.007059 -0.045321
-0.007209 0.034717 -0.023076
0.030089 0.032829 -0.007607
0.007 0.006755 -0.297692
-0.015092 -0.010312 0.003237
-0.016864 0.037946 -0.03
0.026203 0.035587 -0.0
-0.018371 0.007277 0.008746
-0.0 -0.047233 -0.017759
0.029 -0.035216 -0.011161
-0.008776 -0.027413 -0.308462
-0.01209 0.005884 -0.006258
-0.020479 0.000731 -0.069844
-0.025503 -0.029672 -0.32328
0.024974 0.007058 -0.066939
-0.002152 -0.043343 -0.027733
-0.011307 -0.006361 -0.048784
-0.001002 -0.003292 -0.361515
-0.002077 -0.007186 -0.010441
0.029325 -0.017289 -0.288971
0.004619 0.045328 -0.346303
-0.012614 0.01945 -0.048801
-0.012063 -0.013055 -0.050482
-0.00351 -0.01603 -0.01254
-0.009818 0.041062 -0.259439
0.015059 0.039419 -0.136612
0.02969 -0.018459 -0.065302
-0.004176 0.010194 -0.273692
-0.00406 -0.040515 0.029634
0.002057 0.040643 -0.029774
0.026142 0.035573 -0.001482
-0.025236 -0.028561 -0.303252
0.003521 0.042547 -0.268061
-0.04074 0.020184 -0.346292
0.003734 0.016538 -0.30573
-0.018218 0.006847 -0.068724
0.023648 -0.040434 -0.291529
-0.00388 0.04328 -0.01449
0.032395 0.014987 0.005225
0.02903 -0.041907 0.002876
0.025793 0.017431 -0.313656
-0.02809 -0.020601 -0.018423
-0.003327 -0.023535 -0.302831
-0.027779 0.021755 0.031669
0.00158 0.045705 -0.023101
-0.013943 0.00433 -0.377823
-0.040216 0.018934 -0.34176
-0.047275 -0.033651 -0.248582
-0.038952 0.022079 -0.332193
0.00717 -0.044082 -0.025668
-0.028906 0.001362 -0.262958
-0.0295 0.01638 -0.27401
-0.029188 0.015156 -0.026099
0.029926 -0.011017 0.008284
0.026655 0.008615 -0.068206
0.023565 0.017833 -0.060751
-0.0137 0.02462 -0.35062
-0.005 -0.02148 -0.34978
-0.015278 0.042687 0.024082
0.026581 0.025416 -0.000325
-0.014319 0.034527 -0.018962
0.030531 0.008134 0.008757
-0.043352 0.032923 -0.081049
-0.026227 0.010232 -0.059468
0.008537 0.007114 -0.330968
-0.002857 -0.031067 -0.001451
-0.020942 0.034849 -0.010973
-0.025265 0.027497 -0.339982
-0.004753 0.039048 0.029419
-0.035351 0.025442 -0.32002
-0.026007 0.028183 -0.014644
-0.04093 0.021105 -0.324084
0.01232 -0.0443 -0.33395
0.03456 -0.014993 0.002042
-0.041975 0.018893 -0.333607
-0.002914 -0.04 0.029814
-0.003735 -0.039339 0.029638
-0.0228 0.042199 -0.017913
-0.03426 0.025977 -0.07673
-0.019419 -0.009277 0.008812
-0.055302 -0.002612 -0.072146
-0.016186 -0.044779 -0.041814
0.00063 0.016638 -0.2928
0.01979 -0.0127 -0.0078
0.033467 -0.035238 -0.018422
-0.024061 -0.029885 -0.316679
0.023745 0.04511 -0.007245
0.015756 0.032779 -0.008634
0.018407 0.043058 -0.021278
0.033662 0.003977 -0.199281
-0.015725 0.032659 -0.007224
-0.023445 0.032474 -0.048791
0.026433 -0.038176 -0.022085
-0.02049 -0.043409 -0.29481
-0.018404 -0.02679 -0.292563
0.02263 -0.031751 -0.177903
0.023892 -0.016774 -0.061991
-0.01315 -0.0429 -0.3169
-0.017055 0.001444 0.008173
0.019522 -0.020567 -0.043472
0.0 -0.047233 0.017759
0.018633 -0.01059 -0.047059
-0.038767 -0.035616 -0.214669
-0.024618 0.039182 0.016748
-0.026769 -0.043367 -0.007213
0.01756 0.039489 -0.024171
0.018295 0.042037 -0.346327
-0.028849 -0.046855 -0.291327
0.001626 0.037002 0.028211
0.029 -0.039515 -0.035865
-0.054495 -0.009424 -0.24154
-0.02917 -0.038052 -0.0
0.007449 -0.042046 0.028218
-0.013161 -0.032358 0.008621
0.037799 0.011593 -0.330011
0.01181 0.041485 -0.02707
-0.004986 0.04157 -0.178731
-0.036365 -0.009272 -0.366881
0.001029 -0.040325 0.029868
-0.023504 -0.033301 -0.012947
-0.005037 -0.047572 0.015336
0.001103 0.041277 0.02962
0.036437 -0.021663 -0.021042
0.026385 0.038832 -0.031936
0.023268 0.033258 -0.041616
0.013448 -0.041006 0.026478
-0.006825 -0.011982 -0.368416
0.034777 -0.034235 -0.022156
-0.01093 0.041946 0.02711
0.04325 -0.0 0.014679
0.04007 0.0 -0.0147
-0.017137 0.014981 0.005201
0.009791 -0.000248 -0.314265
0.0294 0.04 -0.0058
0.027757 0.037264 -0.016361
-0.02121 0.04 -0.02121
-0.046101 0.040527 -0.071737
0.027655 0.021455 -0.063372
0.023451 -0.004265 -0.065161
0.030606 0.017855 -0.065311
0.00839 0.041639 0.028266
0.005186 0.034885 -0.024025
0.030355 0.038871 -0.022103
-0.018364 -0.029372 -0.30616
0.02843 0.029577 -0.27523
-0.041837 -0.021802 -0.005505
-0.034445 0.001287 -0.267584
0.00948 0.043627 -0.02568
0.026787 0.002176 -0.069213
-0.01095 -0.015 -0.0222
0.027019 0.011598 -0.067635
-0.015533 -0.020124 -0.05954
0.013027 -0.042221 -0.31117
0.006269 -0.043818 0.026378
0.006123 0.038102 0.028653
-0.051091 0.022208 -0.234031
-0.025377 0.0 -0.037972
-0.00704 -0.039652 -0.02912
0.019235 0.021195 -0.02029
-0.038098 -0.044622 -0.275239
-0.013161 0.042408 -0.267379
0.026467 -0.026762 -0.001647
0.031723 0.009932 0.007595
0.00901 -0.041338 -0.028251
0.004238 -0.04406 -0.026371
-0.028901 -0.003361 -0.376786
0.019838 0.034012 -0.010006
-0.017872 -0.01247 0.006965
-0.011809 0.038515 -0.02707
-0.028263 -0.00318 -0.052221
-8e-06 0.015295 -0.351849
-0.014119 -0.03241 -0.033888
-0.023755 -0.02746 -0.343974
-0.010057 0.032658 0.014009
-0.011764 -0.021391 -0.022184
-0.001581 -0.039257 0.029775
0.0 -0.039096 0.029769
0.035547 -0.014879 -0.346309
-0.0494 0.00555 -0.32
-0.012692 0.039719 -0.197038
-0.015244 -0.014503 -0.06202
0.00275 -0.021755 -0.042039
-0.023178 -0.04124 -0.294339
-0.009053 -0.04328 0.011797
-0.021734 0.043628 0.016677
0.022246 -0.031779 -0.03977
-0.021597 -0.027474 -0.34478
-0.017719 -0.046853 -0.296108
0.038603 -0.016047 -0.077388
0.01212 -0.042112 0.026438
-0.036894 0.01411 -0.279966
-0.026952 0.03821 0.01155
-0.023409 0.000722 -0.067557
0.028301 -0.038132 0.007348
-0.033572 0.032514 -0.313681
0.025956 0.035559 0.002909
-0.023555 -0.00955 -0.066067
-0.007898 0.004074 -0.361861
-0.024923 0.038321 -0.015478
-0.044086 -0.015308 -0.313703
-0.022622 -0.040963 -0.244083
-0.011577 -0.045295 -0.021255
-0.040459 -0.020367 -0.303065
-0.017958 0.049495 -0.044194
0.012942 0.033896 0.017812
-0.002031 0.03306 -0.018939
-0.008035 -0.038975 0.028675
-0.046928 -0.040509 -0.083978
0.001164 0.002633 -0.362088
-0.00203 0.033353 -0.020089
-0.021361 0.017849 0.005301
0.009605 0.040097 0.02832
0.016361 0.03626 -0.155491
-0.056212 0.029313 -0.277743
-0.006201 -0.024446 -0.298327
0.003626 0.041333 0.029411
0.013116 -0.005752 -0.297203
0.00238 0.032564 0.016623
-0.002426 -0.024429 -0.316822
-0.013719 -0.024821 -0.048765
-0.002857 0.048933 -0.001451
-0.00473 0.03525 0.02493
-0.052108 0.02444 -0.287465
-0.038438 -0.011638 -0.08209
-0.016486 0.039566 -0.19681
-0.020554 0.029562 -0.314413
-0.011989 -0.002705 -0.053732
-0.0081 0.03757 0.0277
0.005961 0.0 0.045299
-0.023786 0.001452 0.006926
0.023103 -0.036115 0.014107
0.007136 0.03259 0.015328
-0.015359 -0.012118 -0.063256
-0.01899 0.04 -0.023162
0.014149 0.046728 -0.014048
-0.017838 0.010335 -0.067604
-0.031732 0.016646 -0.276543
0.0 0.040457 0.029866
-0.002298 -0.042843 -0.340713
-0.006182 0.026686 -0.299931
0.019817 -0.036133 -0.151069
0.005037 -0.047572 -0.015336
-0.034059 0.043406 -0.284145
0.001857 0.025871 -0.363522
-0.013231 -0.038664 0.026451
0.021473 -0.004259 0.000787
-0.014159 -0.032476 -0.296113
-0.019137 -0.043917 0.019048
0.0 0.03111 0.004351
-0.003689 -0.041887 -0.029068
-0.020001 0.023782 -0.062051
-0.025727 -0.032096 -0.037848
-0.031663 -0.046362 -0.286846
0.015524 0.042556 0.024095
0.041837 0.021802 0.005505
-0.022045 0.014935 0.006117
0.026752 0.023679 -0.190063
-0.02633 -0.03746 -0.0115
0.03886 -0.003792 -0.083122
-0.003734 0.044108 0.026376
0.032622 -0.028481 -0.055271
-0.02495 -0.044298 -0.008649
0.017733 -0.011263 -0.037811
-0.005112 0.048122 -0.33004
0.009818 -0.0344 -0.021237
0.013716 -0.039303 0.026524
0.016493 -0.036596 0.022265
0.01904 0.0 -0.0078
-0.038985 0.021802 0.016147
-0.025434 0.004255 -0.06324
-0.010344 0.003756 -0.039686
0.035518 -0.013293 -0.060812
0.00055 0.041716 0.02941
-0.015 0.04 0.02598
-0.029654 0.003756 -0.020314
-0.011632 0.017356 -0.01655
-0.049433 0.014166 -0.089007
-0.01347 0.0261 -0.0453
-0.0279 -0.020548 -0.043458
-0.018313 0.015743 -0.066065
0.016147 -0.021802 0.038985
0.033331 0.028651 -0.084872
-0.021885 0.040805 0.020218
0.01625 -0.02329 -0.35998
-0.011797 -0.04328 -0.009053
0.023304 -0.03842 -0.017953
-0.034901 0.025571 -0.314709
-0.003636 0.008681 -0.366891
0.032387 0.035769 -0.043597
-0.021289 0.002833 0.009499
0.007689 0.0476 0.014029
-0.019583 0.020308 -0.064374
-0.015453 -0.045865 -0.310531
0.024923 -0.041679 0.015478
0.007962 -0.031865 -0.010017
-0.021521 0.044798 -0.296979
0.007031 -0.040347 0.02909
-0.00075 -0.04188 -0.29997
0.029739 0.025263 -0.127982
-0.038513 -0.02164 -0.339623
-0.02 0.026217 -0.291979
-0.017306 0.033551 0.011423
-0.0477 -0.00024 -0.2972
-0.003735 -0.03934 -0.029637
-0.006454 0.038239 -0.02867
-0.021143 0.037837 -0.04167
0.027259 0.024392 -0.060968
0.001356 -0.03982 0.02988
-0.027277 -0.047355 -0.287134
-0.040558 -0.019099 -0.287152
0.015195 0.040358 0.025774
0.020827 -0.034428 -0.346318
-0.005577 0.001345 -0.267495
-0.017207 0.01146 -0.374793
-0.018365 -0.028583 -0.339412
-0.048825 0.005656 -0.331259
-0.020645 0.045277 -0.012763
0.02633 0.03746 -0.0115
0.02726 0.0141 0.0069
-0.027531 0.039752 -0.257505
0.013342 -0.043215 -0.310071
-0.017562 -0.009496 0.007557
-0.023166 0.008309 -0.066945
-0.021466 -0.041452 -0.020255
-0.022757 0.045851 -0.002932
-0.001076 -0.043392 -0.027724
-0.023323 0.015727 0.004243
-0.032105 -0.04336 -0.288975
-0.006269 0.043818 0.026378
-0.018028 0.034128 -0.011082
0.035517 0.013293 0.000812
-0.023 0.04285 0.0166
-0.012872 0.027974 -0.334233
0.008372 0.044235 -0.129764
-0.0081 0.03415 -0.0212
-0.02458 -0.005034 0.005129
-0.023103 -0.036115 -0.014107
-0.016131 0.044059 -0.277673
-0.002181 -0.042556 -0.028657
-0.0117 -0.04351 -0.0249
-0.021065 -0.004134 0.009496
0.024339 0.037602 0.015448
-0.02178 0.050329 -0.049167
0.008764 0.035376 -0.23621
0.019653 0.001902 -0.360127
-0.010033 0.041967 -0.179158
0.0008 0.00551 -0.3616
0.003158 0.045269 -0.024034
-0.03178 0.023094 -0.349023
-0.004624 -0.049963 -0.303505
0.009649 -0.040683 0.028273
0.015426 -0.032895 0.010035
0.044797 0.0 -0.008906
0.01899 -0.04 0.023162
-0.048043 -0.010408 -0.31435
-0.019011 -0.000729 -0.069707
0.007031 -0.039653 -0.02909
-0.017517 -0.000725 -0.068719
-0.017229 0.053948 -0.079958
0.025207 0.008311 -0.066954
0.0081 -0.03757 -0.0277
-0.001143 -0.006266 -0.365075
-0.053853 0.024495 -0.179763
0.016091 -0.046 -0.015342
0.015278 0.042687 -0.024082
-0.024279 0.045178 -0.0044
0.029601 0.029436 -0.10507
-0.032774 -0.033496 -0.042795
0.024182 -0.03593 -0.011464
-0.00238 -0.032564 -0.016623
0.029001 0.020549 0.004258
-0.011086 -0.034985 -0.0222
0.018607 0.04302 -0.012972
0.021432 -0.030932 -0.227333
0.027753 0.03655 -0.014532
-0.016562 -0.015353 -0.064227
0.013275 -0.003293 -0.362783
0.037041 0.005395 -0.104318
0.029 0.038767 -0.020284
-0.042513 0.042702 -0.071519
-0.022513 -0.040585 -0.236739
0.02293 0.036037 0.014088
-0.0 -0.04498 -0.0249
0.027779 -0.021755 -0.031669
-0.022897 -0.01695 -0.064291
-0.012628 -0.043172 -0.024959
0.023498 -0.024976 -0.00465
0.013221 -0.035087 0.021239
-0.011369 -0.026819 -0.341633
-0.032266 -0.027433 -0.31467
-0.011458 -0.045451 -0.332935
-0.029552 0.02803 -0.314613
-0.025682 0.031099 -0.041589
0.025306 0.0343 -0.109537
-0.036779 0.045469 -0.068662
0.0 -0.033029 -0.018914
-0.005667 0.044218 -0.330038
0.00446 0.01993 -0.01862
0.039521 -0.014694 -0.052569
-0.017707 -0.036934 -0.329971
0.007117 -0.037818 0.028198
-0.012498 -0.023771 -0.041573
0.02151 -0.01301 -0.29813
-0.028686 0.04 -0.008641
0.026851 0.009044 -0.068216
-0.007396 -0.052027 -0.084944
-0.006787 0.033073 -0.017784
-0.024631 0.012119 -0.063256
-0.008777 -0.028007 -0.317828
-0.035377 -0.011062 -0.360083
-0.024452 0.04794 -0.039602
-0.009369 -0.038099 0.027758
-0.014877 -0.042851 -0.307586
0.036299 0.007542 -0.060771
-0.020003 -0.009713 0.008755
0.019332 -0.016492 -0.012932
-0.039352 -0.019526 -0.344496
-0.034069 -0.006289 -0.371436
0.019039 0.03425 0.012709
0.019662 -0.039429 -0.268817
0.00055 -0.037798 -0.029056
0.035816 -0.031653 -0.039735
-0.006527 0.026291 -0.313706
-0.05485 0.003664 -0.284156
-0.006123 -0.038102 -0.028653
-0.02204 0.002 -0.05305
-0.001926 -0.045909 -0.340148
0.011591 -0.044958 -0.282047
-0.054867 0.009666 -0.071574
0.020185 0.034861 -0.014085
0.011472 0.043052 -0.02569
-0.037054 -0.00175 -0.270654
0.002655 0.035442 0.025669
-0.009156 -0.03332 0.017761
-0.04859 -0.0296 -0.19544
-0.02 -0.0282 -0.0582
0.026424 0.04 0.014067
0.022482 -0.004257 -0.063254
-0.017132 -0.002908 -0.068173
0.009774 -0.001717 -0.325737
-0.027722 -0.024641 -0.024143
-0.02743 -0.01223 -0.05371
0.030802 0.009856 -0.068264
-0.013323 -0.035941 -0.023088
-0.026469 0.028466 -0.331287
0.036342 0.006964 0.000776
-0.036437 0.021663 0.021042
-0.013166 0.028856 -0.315665
-0.012176 -0.016435 -0.011213
0.038985 0.021802 0.016147
0.030369 0.010695 -0.068209
-0.011306 -0.048266 0.002902
-0.022466 0.015485 -0.370639
0.006729 -0.037792 -0.323101
0.008164 -0.046213 -0.335056
-0.006724 0.040853 0.029068
0.019035 0.021545 -0.024129
0.027446 -0.008114 -0.068787
-0.027905 -0.005885 -0.006258
0.02917 0.038052 -0.0
-0.033039 -0.020905 -0.360076
-0.059712 -0.013129 -0.171847
-0.012865 0.028851 -0.321121
0.028301 0.041868 0.007348
-0.036745 0.0141 -0.360447
-0.016091 0.034 0.015342
-0.025937 0.037409 -0.204593
0.030114 0.0 0.034337
0.013787 -0.04799 0.001455
0.026221 -0.041533 -0.067609
0.004763 0.046821 0.01895
-0.026414 -0.036655 0.00862
-0.020198 0.003768 -0.069772
-0.029473 0.049517 -0.05917
-0.04221 -0.018063 -0.301669
-0.021887 0.001451 -0.069217
-0.02039 -0.005568 -0.069538
0.030148 0.010854 0.008236
0.040646 0.021663 0.010885
-0.015245 -0.02854 -0.302603
0.032367 -0.034217 -0.047168
0.008476 0.044689 0.024036
0.016519 0.036597 -0.022265
0.017514 0.035433 0.018982
-0.004478 0.011476 -0.365455
-0.015252 0.024815 -0.288723
-0.035697 -0.025254 -0.310521
0.023 -0.0199 -0.0582
-0.022748 -0.037746 0.017887
0.008409 0.048435 -0.005808
-0.029842 -0.003756 -0.024142
0.030922 -0.009902 -0.243615
-0.0 -0.044273 0.026341
-0.038511 0.021091 -0.339662
0.00406 0.039485 0.029635
-0.002397 -0.046882 -0.339393
0.008083 0.041776 -0.028243
0.011386 0.053995 -0.022453
0.001356 0.03982 -0.02988
-0.038924 0.012791 -0.082778
-0.021774 -0.006847 0.008722
-0.017932 0.021163 -0.361695
-0.033647 -0.010612 -0.369185
-0.027597 0.043462 -0.001455
0.002914 0.04 -0.029814
-0.017832 0.02811 -0.056931
0.0 0.04 -0.03
0.020445 0.008112 -0.056752
-0.054753 0.010206 -0.215668
-0.029543 -0.044443 -0.291567
-0.0024 -0.01683 -0.28479
0.031611 0.014568 0.006118
0.035734 -0.011964 0.00079
-0.029533 -0.007287 -0.020309
-0.022193 -0.037655 -0.020224
-0.022996 -0.006344 -0.067574
0.024181 0.044068 0.011462
0.036546 -0.003604 -0.151593
-0.01286 -0.040018 -0.313584
-0.022582 -0.045809 -0.004376
0.027785 -0.03384 -0.009342
-0.015178 -0.027343 -0.296404
-0.012078 0.012938 -0.268578
0.008555 -0.003223 -0.337074
0.002152 -0.043343 0.027733
-0.0243 0.02743 -0.34122
-0.001929 -0.04302 -0.022602
-0.039331 -0.042343 -0.058824
0.039427 0.018213 -0.037815
-0.027484 -0.018847 -0.011203
-0.022169 0.026953 -0.344676
-0.013303 -0.021491 -0.009482
0.002384 -0.039502 0.029788
-0.045815 -0.014278 -0.287046
-0.044011 -0.012263 -0.287212
-0.001077 -0.044624 -0.025655
-0.013201 0.028502 -0.309703
0.027768 0.02001 -0.295596
0.019549 -0.044223 0.017863
0.006725 -0.039147 0.02907
0.03961 -0.014559 -0.018444
0.030358 0.039402 -0.026091
0.003031 -0.011931 -0.350255
0.006082 -0.046068 -0.021229
0.025125 -0.023853 -0.297381
-0.050631 0.032502 -0.162879
0.0043 0.03682 -0.0277
-0.03641 -0.0482 -0.08401
0.0011 0.038312 0.029414
0.022636 0.006381 0.003241
0.02856 0.007507 -0.069232
0.033372 -0.034687 -0.016554
0.020945 -0.041332 -0.297854
0.002711 0.040352 0.029794
0.00553 0.026825 -0.364125
-0.006522 0.054539 -0.037
0.025717 -0.041577 -0.014249
-0.025453 0.028848 -0.329282
0.019772 -0.003184 -0.055253
0.002032 -0.034679 0.024025
0.037315 0.021862 -0.011193
-0.050363 -0.023258 -0.230512
0.037628 0.023143 -0.045332
-0.005808 0.03571 0.025631
0.029 0.037607 -0.016532
0.033587 -0.007745 -0.066067
0.012745 -0.040001 0.027087
-0.026412 -0.025465 -0.047035
-0.019254 0.004989 0.009522
0.007223 0.043653 -0.026396
0.004412 -0.03346 0.020099
0.028826 -0.040928 -0.007349
0.027552 0.028179 -0.263761
-0.00985 -0.039661 0.028272
0.001077 0.044624 -0.025655
-0.0087 0.038386 -0.022966
0.004236 0.035556 0.025659
-0.018804 -0.038848 -0.022101
-0.044293 0.016577 -0.329545
-0.010934 -0.02531 -0.29293
0.029234 0.003768 0.009771
0.014181 -0.042895 -0.120394
0.0 0.041665 -0.007495
-0.007421 0.023797 -0.345045
-0.010147 0.028028 -0.317868
0.015903 0.03267 -0.007228
-0.048354 0.004176 -0.303136
0.02156 -0.030725 -0.221166
0.026434 0.038175 -0.022085
0.013737 -0.047882 -0.00436
0.020079 -0.008591 -0.004744
-0.021105 0.029403 -0.311713
0.004262 -0.037236 -0.028203
-0.010943 0.023088 -0.352632
-0.028682 -0.006361 -0.011216
-0.029382 -0.041 -0.004347
-0.00275 0.021755 -0.042039
0.037211 -0.014494 -0.004728
-0.013448 0.038994 -0.026478
-0.005378 -0.022032 -0.298009
0.031905 0.035178 -0.076149
-0.020784 -0.030496 -0.055502
0.039367 0.01059 -0.047059
0.03323 0.0341 -0.0453
-0.018817 -0.003484 0.009502
0.023838 0.01392 -0.063254
-0.013135 -0.042676 -0.310761
0.011797 0.04328 -0.009053
-0.044871 -0.041959 -0.268392
-0.017931 0.022193 -0.359431
0.02267 0.0285 -0.18619
-0.028284 -0.037268 -0.002968
0.002001 -0.000972 -0.298986
-0.02 -0.030842 -0.004682
-0.008 0.016707 -0.364477
0.02141 0.035322 0.014081
0.03455 0.004265 -0.065161
-0.017344 0.043019 -0.014616
-0.046911 -0.013148 -0.31466
-0.019016 -0.044829 0.016666
-0.019055 -0.001459 -0.069701
0.013454 -0.040969 -0.29986
-0.013007 0.047514 0.010025
-0.018154 -0.002176 0.009212
0.028309 0.023458 0.002207
0.01449 -0.0352 -0.21651
-0.01032 -0.02324 -0.29998
0.022627 0.010902 -0.06203
0.034181 0.0 0.006018
-0.003742 -0.037608 0.028654
0.007031 0.040347 -0.02909
0.00238 0.047436 0.016623
-0.023304 -0.03842 0.017953
-0.018231 -0.038691 0.023253
-0.013531 0.028487 -0.308753
-0.025851 -0.004834 -0.062008
-0.022862 -0.002917 -0.06818
-0.013666 -0.002707 0.000752
-0.010796 -0.018151 -0.364302
0.012998 0.038349 -0.026393
0.017447 0.007515 -0.037815
-0.053754 -0.02647 -0.268314
-0.030503 0.040654 -0.264501
-0.025819 -0.007883 -0.263324
0.008552 0.008509 -0.325343
-0.013716 -0.039303 -0.026524
-0.018827 0.039377 -0.026103
0.034665 0.002134 -0.065149
-0.015903 0.03267 0.007228
-0.019605 0.005568 -0.069538
-0.002807 0.03115 -0.004358
-0.021171 0.039376 -0.033897
-0.00974 0.037361 -0.346277
0.027203 0.0 -0.069495
0.014691 0.033522 -0.299886
-0.064423 0.024249 -0.094013
-0.022133 0.029393 -0.327476
-0.008563 -0.003242 -0.374982
0.002031 0.03306 0.018939
0.005232 0.053007 -0.050812
-0.050476 -0.037909 -0.132268
-0.020954 0.008956 -0.06874
-0.023159 0.04 -0.018988
-0.021597 0.026964 -0.29522
-0.017492 0.0 -0.068702
-0.023486 0.035038 0.008694
-0.012382 -0.047253 -0.012732
-0.019084 -0.004562 -0.069516
0.011202 0.041808 0.02712
-0.01901 -0.019899 0.004404
-0.023569 -0.044034 -0.012786
-0.035704 -0.040749 -0.169371
-0.053683 0.025691 -0.286706
0.021447 0.045524 -0.010057
0.025477 -0.027156 -0.205922
0.026095 -0.011642 0.006952
-0.003623 -0.030292 -0.020868
-0.007031 0.040347 0.02909
0.036791 0.030499 -0.03
-0.050896 -0.030507 -0.258165
-0.038489 0.021131 -0.300376
-0.057757 0.002061 -0.086647
0.029246 0.027898 -0.282666
0.036053 0.02758 -0.047111
0.029366 0.038988 -0.004434
0.036643 0.0 0.00073
0.030405 0.003484 0.009511
-0.038518 0.021973 -0.304706
-0.044126 -0.033567 -0.195562
0.002992 0.015837 -0.363786
-0.004371 -0.043146 -0.340823
-0.001139 -0.005613 -0.361513
0.009994 -0.046702 -0.315404
-0.04294 0.043958 -0.067443
0.030243 0.037264 -0.043639
-0.016967 -0.045132 -0.017769
-0.012557 0.008586 -0.00476
0.035261 0.028618 -0.011138
0.010564 -0.046537 -0.301662
0.006 -0.03793 -0.35997
0.025838 0.044387 0.004388
0.010369 0.005151 -0.298585
-0.01256 0.01223 -0.053711
0.027607 -0.040129 0.011433
0.031108 -0.034286 -0.010925
-0.01525 0.026086 -0.006174
-0.021734 -0.043628 -0.016677
-0.021081 0.026921 -0.345067
-0.049682 -0.003202 -0.314258
-0.024745 -0.014503 0.00202
-0.029931 -0.041505 -0.176586
-0.019795 -0.001809 0.009864
-0.007449 0.037954 -0.028218
-0.035824 -0.010623 -0.273677
-0.02348 -0.019704 -0.063316
0.005808 0.044291 -0.025632
-0.016755 -0.027479 -0.344232
-0.006787 -0.033072 0.017784
-0.016111 0.036623 -0.026092
0.004412 -0.04654 -0.020099
-0.019605 0.009428 -0.068818
-0.017868 0.008179 -0.068171
-0.024155 0.004355 -0.066043
0.026895 -0.005881 -0.360064
-0.017479 -0.018464 -0.36343
-0.018344 -0.0299 -0.328085
-0.0294 0.04 0.0058
0.00105 -0.02056 -0.33287
0.03746 0.0282 -0.03
-0.010818 -0.036706 -0.025643
0.012888 -0.045395 -0.305561
-0.020489 -0.033811 0.007206
-0.021051 -0.034798 -0.011041
-0.019521 0.000731 0.009844
-0.011433 -0.040129 -0.027607
-0.025161 0.01708 -0.000491
-0.022921 0.034148 0.0
-0.002808 -0.048927 -0.001454
-0.02212 -0.0205 -0.0632
-0.038314 0.025434 -0.313628
-0.031265 -0.026803 -0.303939
-0.036437 -0.021663 -0.021042
0.017977 -0.003533 -0.045321
-0.00631 -0.050793 -0.097797
-0.001074 -0.019552 -0.345814
-0.004163 -0.040348 0.029648
-0.014668 0.026209 -0.294084
-0.024819 0.033214 -0.041601
0.013791 -0.043069 -0.313632
-0.001029 0.039675 0.029868
0.034777 0.034235 -0.037844
-0.005933 -0.026674 -0.31998
-0.01307 0.0277 -0.0222
-0.037026 -0.000217 -0.270553
-0.005611 0.031344 -0.005811
0.011254 -0.031792 -0.004351
-0.01761 0.01411 -0.066125
-0.02922 -0.0153 -0.03
-0.021232 0.003714 -0.296996
-0.005704 0.040167 0.029417
0.030411 0.032744 -0.330028
0.004183 0.055565 -0.017506
-0.031891 0.048757 -0.04927
-0.02 -0.003921 -0.069782
-0.013546 -0.017195 -0.004732
-0.027599 0.036536 -0.001455
-0.008832 0.020894 -0.360118
-0.026688 0.021491 -0.009482
0.026622 -0.035058 -0.012758
-0.049689 0.025992 -0.064861
-0.031222 0.022241 -0.287595
-0.018614 -0.047082 -0.293815
0.005663 0.049548 -0.083398
0.039895 -0.021755 0.013535
-0.043747 0.015119 -0.30044
-0.049192 0.043011 -0.075197
-0.009201 0.05408 -0.050921
-0.010689 0.03529 0.023136
-0.022635 -0.042868 -0.174096
0.022905 0.023367 -0.05531
0.029752 0.021664 -0.029752
-0.002976 0.00277 -0.368917
0.01857 0.018214 -0.037816
-0.007662 -0.044385 -0.024937
-0.023217 -0.029364 -0.307213
0.01975 0.024712 -0.024133
-0.033985 -0.037994 -0.207745
0.021517 0.034526 -0.01006
-0.02352 0.0058 0.0069
-0.034683 -0.041045 -0.287459
-0.011768 0.049173 -0.138509
0.02666 -0.0001 -0.2971
0.022466 0.045734 -0.005827
0.024701 -0.030344 -0.250625
0.029 0.036104 -0.012908
0.021526 0.010234 -0.059475
-0.017867 -0.029907 -0.327436
0.020912 -0.035501 -0.015396
-0.029952 0.026162 -0.339845
0.006447 0.035919 -0.217325
-0.008464 0.031435 -0.002906
-0.011776 0.054087 -0.047457
-0.016347 0.042842 0.023181
-0.035785 -0.041253 -0.287364
0.023792 -0.039304 0.017964
-0.019618 -0.015029 -0.066976
0.000551 -0.041309 0.029621
0.013535 0.021755 -0.039895
0.013728 -0.040932 -0.302343
0.028006 -0.002109 -0.06972
-0.02 -0.029902 -0.328686
0.01568 0.038539 -0.024991
0.03746 0.0 -0.0582
-0.013628 -0.047812 -0.005812
0.015076 -0.040511 0.025776
0.002152 0.036657 0.027733
-0.013215 -0.024309 -0.287242
0.015829 0.022597 -0.29745
0.019908 0.029316 -0.217247
-0.048043 0.009906 -0.32565
0.036077 -0.009662 -0.060735
-0.025641 0.044313 -0.005832
-0.0119 0.02746 -0.30382
-0.0176 -0.04528 -0.0166
0.029 -0.0332 -0.0522
0.024117 0.019451 0.000858
0.030062 -0.027377 -0.140134
0.023736 -0.036047 0.012793
0.019838 0.045988 -0.010006
0.016792 -0.035666 -0.020138
0.009436 -0.041004 0.028245
0.004762 0.047816 -0.014036
-0.023699 0.028866 -0.307855
0.018189 0.040128 -0.023704
0.007657 -0.047219 -0.305813
-0.00901 -0.038662 -0.028251
-0.02725 0.022975 -0.285165
0.031477 0.007623 -0.251998
0.0054 -0.03934 -0.0294
0.02917 -0.038052 0.0
0.038637 0.009533 -0.054883
-0.056582 0.039203 -0.104316
-0.021922 -0.000725 0.009213
-0.028154 0.013407 -0.011241
0.015 -0.04447 0.0212
0.021179 0.030364 -0.031946
0.01033 -0.032473 -0.012707
0.006209 -0.03715 0.027742
-0.010057 -0.032658 -0.014009
0.00351 0.010047 -0.289042
0.015297 -0.016819 -0.362152
-0.007579 0.02624 -0.332546
-0.007662 0.035616 0.024936
-0.021352 0.025987 -0.000248
-0.015687 0.013915 -0.063241
0.020521 -0.028093 -0.028048
0.009933 -0.03514 -0.023132
-0.005312 0.04396 0.026346
-0.0119 -0.02794 -0.30378
0.022205 0.04 -0.020117
-0.014169 -0.026714 -0.048812
-0.024787 0.007833 0.004159
0.033474 -0.021802 -0.025688
-0.008983 -0.043279 0.026393
-0.01449 0.04328 -0.00388
0.032752 -0.018155 -0.063315
-0.036819 -0.024424 -0.309608
-0.015668 -0.044728 0.020071
0.004262 0.042764 -0.028203
0.009933 0.03514 0.023132
-0.018909 -0.034439 -0.329972
0.022703 0.014253 0.000812
-0.02769 -0.022531 -0.356925
-0.019245 0.014736 0.006997
-0.029926 0.003758 -0.031954
0.0188 -0.034967 -0.172528
0.030779 -0.030022 -0.004446
-0.019131 -0.03665 0.020148
-0.027003 -0.027838 -0.035852
-0.002382 0.04791 0.014027
-0.0306 0.02744 -0.32862
0.029382 -0.039 -0.004347
-0.026871 -0.027313 -0.03968
0.011267 -0.041373 -0.336041
0.02448 -0.045247 0.001449
-0.002808 0.031073 -0.001454
-0.023786 -0.001452 0.006926
0.015353 0.040001 -0.025694
-0.048556 0.002693 -0.337074
-0.002658 0.032322 0.015327
0.013337 -0.041979 -0.323627
0.045299 -0.0 -0.005961
0.0277 0.04 0.0114
-0.017932 -0.021674 -0.278305
-0.018231 0.041309 0.023253
0.035636 0.009084 0.001977
0.02194 0.037931 -0.019099
0.006724 0.040853 -0.029068
-0.023799 -0.018375 -0.06207
-0.042905 -0.019423 -0.31521
-0.000406 -0.018497 -0.362396
0.0106 0.03871 -0.0277
-0.01779 0.052919 -0.040411
0.024442 0.032808 -0.125765
0.024533 -0.035238 -0.041578
0.036791 -0.030499 -0.03
-0.007136 -0.033097 -0.017785
0.003731 0.02266 -0.019822
0.011797 -0.04328 -0.009053
-0.049356 -0.022156 -0.084964
0.008141 -0.040857 0.028696
0.038765 -0.021195 -0.02029
-0.003081 0.039052 -0.02962
0.01923 -0.036787 -0.313712
0.002713 0.033498 -0.360189
0.019354 0.043626 -0.285057
0.010885 0.021663 -0.040646
-0.0041 -0.04123 -0.0294
0.039532 -0.018296 -0.035866
0.035447 0.025387 -0.052288
-0.018201 0.032215 -0.007569
0.008309 -0.038165 -0.20446
-0.020971 0.010851 -0.068224
-0.006084 -0.046403 -0.02009
-0.010437 -0.011486 -0.028046
-0.026083 0.028865 -0.31266
0.01865 0.040673 -0.023263
0.033474 -0.021802 0.025688
-0.02 -0.001962 0.009891
-0.047742 0.00708 -0.336862
-0.005504 -0.040498 0.029418
-0.007959 -0.032034 0.011417
0.004809 -0.04359 0.027037
0.020168 0.046102 0.008608
0.007662 0.035615 0.024937
0.03184 -0.016189 -0.065235
-0.026142 -0.044427 0.001482
-0.027525 -0.015536 -0.362786
-0.015369 0.042282 -0.267128
0.020045 -0.019966 -0.36189
-0.011636 0.044492 0.023126
0.034297 0.030611 -0.011132
-0.04491 0.009922 -0.346468
-0.019989 0.025363 -0.330019
-0.003408 0.040808 -0.029632
0.02944 0.007507 0.009232
0.032498 0.007429 -0.210736
0.001728 0.014712 -0.363276
0.003265 -0.037524 -0.028638
-0.003048 0.051873 -0.080486
-0.00565 0.042012 -0.028671
0.002381 -0.047197 -0.017782
-0.026135 0.028457 -0.307805
0.03351 0.01149 0.00518
-0.002807 0.048781 -0.005808
-0.012894 -0.000649 -0.299936
-0.020551 0.029167 -0.308618
0.014065 0.04 -0.026421
-0.054989 0.032466 -0.278435
-0.01184 0.0387 -0.24378
-0.020003 -0.045192 -0.014058
-0.021917 -0.039316 -0.020266
-0.016907 -0.041493 0.024159
-0.007501 0.04328 0.012989
-0.017395 -0.015733 0.005239
0.0 0.031864 -0.012706
-0.015567 -0.044275 -0.308997
0.013466 0.044954 -0.285027
-0.020836 -0.00211 -0.06971
-0.023153 0.029174 -0.310518
-0.02 0.02746 -0.29722
0.034521 -0.020537 -0.121028
-0.015364 0.024947 -0.00468
-0.013062 -0.029369 -0.323234
0.0054 0.03934 0.0294
-0.02159 0.0382 -0.24348
-0.006816 -0.01191 -0.271555
0.028767 -0.003768 -0.069771
-0.009843 0.0344 0.021237
-0.021727 -0.007885 -0.296996
0.035921 0.009131 -0.120679
0.01164 -0.037662 -0.241479
0.034549 -0.004265 0.005161
0.015591 0.044724 -0.020069
-0.044584 0.03627 -0.078839
-0.008513 0.031401 -0.001452
0.031414 -0.025396 -0.139122
0.008464 -0.031435 -0.002906
0.024457 -0.020334 0.000869
-0.001235 0.023034 -0.323183
0.022652 -0.0342 0.004384
-0.046919 0.012663 -0.31523
0.018073 -0.04802 -0.045383
0.026622 -0.035898 -0.0145
0.019682 -0.04373 -0.289938
-0.034823 -0.019519 -0.354949
0.038242 0.019494 -0.066438
0.031217 0.022468 0.002157
-0.0643 0.015719 -0.086918
-0.02 -0.02794 -0.29718
0.040434 -0.011419 -0.026092
-0.011932 0.01648 -0.012944
-0.016307 0.040442 -0.189354
-0.014379 0.011954 -0.060767
-0.000552 0.040874 -0.029772
0.017039 0.046287 0.012735
-0.007136 0.033097 0.017785
0.00776 -0.04 0.02898
0.025249 -0.014141 0.005193
0.019363 -0.0 -0.053713
-0.024794 -0.018868 -0.059478
-0.01465 -0.029413 -0.047117
-0.021103 0.034627 0.011451
0.017484 0.0 -0.04221
0.016095 -0.035931 -0.021267
-0.019629 0.007507 0.009232
0.008077 -0.037016 0.027082
0.017239 -0.007668 -0.031955
-0.009369 0.039718 -0.251593
-0.020574 0.009277 0.008812
0.035094 0.003582 0.004219
0.024374 0.028152 -0.006145
-0.038178 -0.020614 -0.295529
0.045576 -0.0 0.002986
0.023739 -0.043914 -0.346206
-0.028395 -0.039008 0.008697
-0.003003 0.055314 -0.024584
-0.014962 0.015562 0.000778
0.005754 -0.041305 -0.029098
-0.00724 -0.041665 -0.001939
-0.019752 0.044122 -0.017884
-0.008643 -0.04 -0.028692
-0.016849 0.018146 0.0033
-0.017468 0.039328 -0.024142
-0.002807 0.048685 -0.007212
0.023449 0.012124 -0.063271
0.030247 -0.03655 -0.014532
0.008097 0.005644 -0.303149
0.0249 -0.04 0.0166
-0.021477 0.000726 0.009496
-0.027671 0.009535 -0.006267
0.021735 -0.036369 0.016679
-0.045275 0.015348 -0.330012
-0.001581 0.039257 -0.029775
-0.015 -0.0199 -0.0582
-0.027525 0.008954 -0.362804
0.040026 0.003533 -0.014678
0.032814 0.021884 0.000877
-0.028826 -0.039072 -0.007349
0.030233 -0.038427 -0.020124
0.02962 0.01785 -0.207901
-0.017534 0.01556 -0.269382
0.006269 0.043818 -0.026378
0.020026 0.041904 0.021317
0.026588 -0.018948 -0.064219
-0.0456 0.01116 -0.29881
-0.028606 0.041924 -0.005887
-0.029018 0.036705 -0.038015
0.023792 0.040696 0.017964
-0.02905 -0.015 -0.0378
-0.007157 -0.037348 0.027732
0.030648 0.026114 -0.111166
-0.058005 0.018197 -0.276317
-0.021114 -0.033626 0.001452
0.008097 -0.006152 -0.336851
-0.011039 -0.014779 -0.039678
-0.027436 -0.039064 0.011524
0.008322 0.036544 -0.299908
-0.006687 -0.021626 -0.287802
0.015076 0.039489 0.025776
-0.04481 -0.02657 -0.08262
-0.02 0.008435 -0.377328
-0.04081 0.042223 -0.290272
-0.0 0.046681 0.020061
-0.003152 0.041433 -0.029416
-0.010026 0.045213 -0.283807
0.04088 -0.003836 -0.026093
-0.020755 0.014736 0.006996
0.028432 -0.039067 0.008759
-0.029926 0.03195 -0.071103
-0.0 0.044643 -0.025628
-0.056122 -0.001052 -0.206331
-0.019231 -0.027824 -0.058375
0.007136 -0.033097 0.017785
-0.021358 -0.030128 -0.31888
0.028103 0.014739 -0.067
-0.007048 -0.038869 -0.318416
-0.017843 -0.02803 -0.29796
-0.016303 0.028879 -0.307902
0.033912 -0.020748 -0.134701
-0.032103 -0.015914 -0.275119
-0.034655 -0.023602 -0.343247
0.031541 0.012473 0.006972
-0.011166 -0.004823 -0.263611
0.002606 0.038951 -0.029624
0.0 0.036135 -0.027032
0.013535 0.021755 0.039895
-0.005099 -0.026065 -0.314668
-0.028154 -0.013407 -0.011241
0.026876 0.033298 -0.009226
0.039478 -0.012057 -0.062518
-0.02705 0.0 -0.0018
-0.054474 -0.035791 -0.100285
0.001633 -0.037857 0.029065
0.0166 0.04 0.0249
-0.031094 -0.046855 -0.288326
-0.00872 -0.05027 -0.313435
-0.014288 0.028038 -0.336144
-0.047875 -0.038795 -0.282645
-0.025897 0.009659 0.000726
0.0154 -0.0449 -0.29998
-0.02109 0.025541 -0.350281
0.003081 -0.039053 0.029619
-0.017562 0.029172 -0.00462
-0.01247 0.03926 -0.02426
-0.041295 -0.046211 -0.102996
-0.04716 0.039838 -0.288117
0.023628 0.037746 -0.016719
-0.021204 -0.039522 -0.028052
0.017039 0.014375 -0.299916
-0.005637 0.034207 -0.022171
-0.005688 -0.047347 -0.286288
0.026696 -0.027362 -0.293337
0.036887 0.033799 -0.045345
-0.045677 0.029675 -0.288417
0.031355 -0.037232 -0.018189
0.002001 -0.005507 -0.298982
0.012272 0.014712 -0.363276
0.011181 -0.035859 0.024042
0.0245 0.0362 -0.0222
0.011306 -0.048267 0.002902
-0.017014 -0.035751 -0.02015
-0.027273 -0.044963 -0.149389
-0.011221 -0.003532 -0.011224
-0.004058 0.046228 -0.021239
-0.027971 0.039065 0.010161
0.002482 -0.019484 -0.329527
-0.018293 -0.033207 -0.007223
0.038375 0.016448 -0.048802
0.014823 0.046798 0.012743
0.020789 -0.014494 -0.055272
0.025641 -0.035687 -0.005832
0.019509 0.034976 0.015375
-0.01774 -0.007531 0.008192
-0.017206 -0.013389 -0.266515
-0.025353 0.044263 -0.007265
0.033817 0.023093 -0.058342
-0.008913 0.03866 -0.243705
-0.012228 0.024941 -0.031957
-0.00406 -0.039485 0.029635
-0.021447 -0.045524 -0.010057
-0.026026 -0.012046 -0.000494
-0.0 -0.04747 0.0166
0.016026 0.039002 -0.025029
-0.018894 0.029403 -0.311713
-0.021592 -0.025326 -0.352578
0.029 -0.0 -0.0699
0.027426 0.041847 -0.010117
0.008643 -0.04 0.028692
0.039319 0.017995 -0.039696
-0.015 0.04328 0.0
-0.003748 0.041665 0.00649
-0.001581 -0.040743 0.029774
-0.014202 -0.042936 -0.310671
7.5e-05 -0.021599 -0.307812
-0.041243 0.017768 -0.298232
-0.013737 -0.032118 -0.00436
-0.00055 0.037798 -0.029056
-0.015185 -0.027207 -0.007683
-0.017867 0.026746 -0.058344
0.019804 -0.03932 -0.022335
0.027631 -0.010695 -0.068209
-0.023792 0.040696 -0.017964
-0.006486 -0.018398 -0.280904
0.007412 0.045207 -0.292937
0.02969 0.018459 0.005302
-0.009949 -0.037602 -0.027113
0.029461 -0.005568 -0.069543
-0.0166 0.04 0.0249
0.042039 -0.021755 -0.00275
0.016491 -0.04687 -0.06974
-0.018341 0.020992 -0.063315
-0.01692 0.036769 -0.039776
0.004676 0.016518 -0.324781
0.036821 -0.030364 -0.031946
0.034289 0.007165 -0.065112
-0.0041 0.03877 -0.0294
-0.064695 -0.018077 -0.111395
0.010303 0.037765 0.027117
-0.0011 -0.037825 0.029062
-0.001372 -0.050704 -0.027038
-0.006084 0.033597 -0.02009
-0.002992 -0.020606 -0.347825
-0.02427 -0.002132 -0.066041
-0.005505 -0.021802 0.041837
-0.003265 -0.037523 -0.028639
-0.005504 0.039502 0.029418
0.029568 0.000729 0.009849
-0.044569 0.015289 -0.305716
-0.024571 -0.0215 -0.058279
0.001578 -0.035057 0.024928
-0.016229 -0.035729 -0.020309
0.024364 0.03691 0.014037
-0.008033 -0.036511 -0.026404
0.0022 -0.04162 0.0294
0.033642 0.036787 -0.028045
-0.008264 -0.048236 0.008616
-0.026142 0.035573 0.001482
0.006123 0.041898 -0.028653
0.032622 0.028481 -0.004729
0.038876 -0.021408 -0.037823
0.012541 -0.043802 -0.024004
-0.013629 -0.032186 -0.005812
-0.022171 -0.042802 -0.017789
0.031615 0.003047 -0.330006
0.022246 0.031779 -0.02023
-0.02129 -0.002833 0.009499
-0.00411 -0.036391 -0.36006
-0.016903 0.001195 -0.379378
0.022388 0.041555 -0.019093
-0.032957 -0.013376 -0.367181
0.017936 -0.015231 -0.031951
0.0 0.048612 0.008604
-0.011202 0.041808 -0.02712
0.021884 -0.04217 0.019054
0.016337 0.039492 0.025002
0.008251 -0.039306 0.028727
0.022971 -0.015574 0.000803
0.029 0.025316 0.000839
-0.016907 0.038507 0.024159
-0.022458 0.017967 -0.272708
-0.009629 -0.04302 -0.020538
0.018479 0.051225 -0.03764
0.017 -0.03788 -0.29997
-0.019054 -0.032812 -0.052394
-0.002809 -0.031571 -0.010016
0.027608 -0.02461 -0.061041
-0.01161 0.021792 -0.03
-0.028121 -0.042696 0.004422
0.01279 -0.0412 -0.32357
-0.067467 0.017166 -0.107785
0.0157 -0.036835 0.023204
0.021573 -0.033934 -0.162503
0.035878 -0.033959 -0.040585
0.037489 0.02251 -0.012928
-0.008456 0.033843 -0.020062
0.020771 0.011282 -0.056715
0.0335 -0.0362 -0.0378
-0.015 0.03553 0.0212
0.025959 -0.032583 -0.050696
-0.011888 -0.016066 -0.360059
-0.052437 -0.038335 -0.11065
0.019745 0.043015 -0.011401
-0.02 0.038768 -0.039716
-0.007133 -0.03285 0.016623
-0.01062 -0.02805 -0.33239
0.0 0.03364 -0.0212
-0.013904 -0.039648 -0.026498
0.005066 0.002739 -0.352463
-0.023024 0.005756 -0.378304
-0.019593 -0.01859 0.005324
-0.021546 0.008351 -0.313691
0.0 0.04328 0.015
-0.005827 0.025449 -0.30841
-0.027552 0.042688 0.007251
0.032892 0.040143 -0.049796
0.00137 0.011297 -0.354687
-0.043308 0.001222 -0.357624
-0.004226 -0.050114 -0.307631
0.01191 0.0532 -0.03684
-0.022626 -0.024748 -0.000489
0.022104 -0.000736 -0.298027
-0.021764 0.035457 0.014127
0.022818 -0.001453 0.0042
0.001653 -0.041243 0.029614
-0.015261 -0.034419 -0.0178
-0.002616 0.021193 -0.296958
0.017039 0.033713 -0.012735
0.024946 0.001453 0.007579
0.003734 -0.044108 0.026376
-0.033677 0.008641 -0.370126
-0.018434 0.046875 0.005813
0.023184 -0.029168 -0.221265
-0.037776 -0.043846 -0.060661
-0.013956 -0.003436 -0.378133
0.020597 0.041657 -0.278866
0.038874 0.021408 -0.037823
-0.02217 -0.042801 0.017788
-0.041667 -0.042006 -0.072118
-0.030007 -0.027916 -0.071127
0.029 0.01884 0.005218
0.01169 0.03835 -0.346272
0.02432 0.01676 -0.30001
-0.013978 -0.019466 -0.004744
0.038608 -0.002708 -0.053746
-0.009018 0.035861 -0.024953
-0.005835 0.040096 0.029331
-0.027589 -0.016037 -0.368582
0.00022 -0.047251 -0.289301
0.017633 0.011266 -0.035858
-0.002606 0.041049 0.029625
-0.051522 0.032933 -0.074765
0.019017 -0.038185 0.022299
-0.015767 -0.029025 -0.334707
-0.061551 -0.012491 -0.085244
-0.023318 -0.002911 -0.067575
0.028282 0.026492 -0.000281
-0.013765 0.010231 -0.059468
-0.006172 0.037601 -0.028224
-0.0365 0.037428 -0.047748
0.007688 0.047806 -0.012724
-0.012363 0.024557 -0.037811
0.008653 0.041865 -0.26769
-0.023876 -0.036777 -0.031954
0.021734 -0.043628 0.016677
0.00753 0.029889 -0.299918
-0.036 -0.00329 -0.36
-0.012109 0.047073 0.014036
-0.016977 0.008752 -0.376706
-0.047924 -0.018715 -0.286276
-0.010466 0.003532 -0.018435
0.023736 -0.043953 -0.012793
0.015 -0.04328 0.0
-0.008643 0.04 -0.028692
0.0 0.04636 0.0212
-0.03944 -0.025 -0.28708
-0.013725 -0.015861 -0.056764
0.011526 0.009004 -0.29721
0.015403 0.047253 -0.008629
0.0249 0.04 0.0166
0.00902 0.042759 0.027051
-0.03978 0.046129 -0.129425
-0.042192 0.042178 -0.286714
-0.015603 0.034187 0.016633
0.023 -0.03715 0.0166
-0.015603 0.045813 -0.016634
-0.028152 0.006358 -0.00777
0.0081 0.04585 -0.0212
-0.038315 0.008616 -0.363845
-0.020916 -0.027568 -0.296704
-0.003409 -0.040809 -0.029633
-0.028826 0.040928 -0.007349
0.028343 0.029954 -0.291162
-0.005826 0.025433 -0.33163
-0.021592 0.024769 -0.352619
0.02549 0.0296 -0.14374
-0.020476 0.034676 -0.012752
0.025385 -0.037266 -0.037874
0.006172 -0.037601 -0.028224
-0.039486 -0.020578 -0.340347
0.0 -0.031864 0.012706
-0.02673 -0.029336 -0.314525
0.03366 0.018018 0.002074
0.028763 -0.001809 -0.069867
0.026458 -0.012474 -0.066973
0.024552 -0.044232 0.010044
-0.014941 0.045656 0.017801
-0.03955 -0.019696 -0.050954
-0.011609 -0.021554 -0.033907
-0.013651 -0.041212 -0.297645
-0.021636 0.028876 -0.306201
0.026819 0.040097 0.013229
-0.025703 0.022615 -0.006283
0.039468 -0.015096 -0.056155
0.019695 -0.024841 -0.033912
-0.029962 -0.04653 -0.05509
-0.014619 0.034602 0.018959
-0.008713 -0.038517 0.028251
-0.012512 -0.045552 -0.326036
-0.012517 -0.036198 -0.024004
-0.045702 0.007146 -0.2933
0.00924 -0.003225 -0.308728
0.025988 -0.03153 -0.007641
0.03033 -0.039389 -0.025997
-0.0 -0.046062 0.022142
0.027426 0.038153 0.010117
-0.015227 -0.024563 -0.353643
0.01103 -0.037794 -0.190519
-0.008456 -0.033842 -0.020063
0.023199 -0.02244 -0.00318
-0.011414 -0.046736 -0.331087
0.000592 0.006961 -0.361011
0.026766 0.042643 -0.01011
-0.012627 0.015422 -0.007769
0.030489 -0.033326 -0.313613
0.040424 -0.007518 -0.020302
-0.027235 -0.017213 -0.367176
0.027828 -0.000729 -0.069717
0.018208 -0.003534 -0.047054
-0.037275 -0.042762 -0.149605
-0.04011 -0.043454 -0.28567
0.029873 0.04 0.001457
-0.010288 0.007512 -0.024141
-0.02308 0.012046 -0.06603
-0.027779 0.021755 -0.031669
-0.03533 -0.0392 -0.28743
-0.02072 -0.0072 -0.0692
0.038325 -0.025021 -0.03
0.014434 -0.037636 -0.024966
0.022115 0.034277 0.007227
-0.021614 -0.022687 -0.280392
-0.015358 -0.026338 -0.006148
-0.015469 0.031408 -0.012882
-0.053343 0.024281 -0.286982
0.021427 -0.040799 -0.297676
0.02208 -0.018574 -0.056775
0.023086 0.035106 -0.01009
-0.016254 -0.032426 0.001454
0.029 -0.0153 0.0069
0.036905 0.005414 -0.059525
0.029511 0.008432 -0.291792
0.029001 0.023783 0.002052
-0.041217 0.045474 -0.065252
-0.005313 0.031523 -0.008621
0.019838 -0.034012 0.010006
0.014151 -0.027448 -0.299846
0.013557 0.037871 -0.025717
-0.029361 0.003758 -0.016559
-0.045111 -0.015841 -0.329534
0.040427 0.003761 -0.041573
-0.004236 0.044444 0.025659
-0.001649 -0.037855 0.029062
-0.00406 0.040515 0.029635
0.033286 -0.037477 -0.046707
-0.013715 -0.004256 -0.060764
-0.024534 0.018 -0.366514
0.031908 -0.009497 0.007567
-0.016116 0.036778 -0.031955
0.018904 -0.038091 -0.022272
-0.020027 0.041904 0.021319
0.0 0.03253 0.0166
-0.003944 -0.050321 -0.309177
0.034968 -0.008545 -0.179212
0.014548 0.036355 -0.023167
0.027595 0.003484 -0.069511
0.035297 0.014253 -0.060812
0.016004 0.032287 -0.202
-0.02 0.037606 -0.043467
0.029144 -0.041019 0.005874
0.019849 0.015789 -0.050528
-0.0022 0.04162 -0.0294
0.005478 0.008268 -0.013526
0.005217 0.042593 -0.02822
-0.029529 -0.003532 -0.018435
-0.014967 -0.045659 -0.017802
0.020496 0.041317 -0.021374
0.029893 -0.023367 -0.062171
0.002734 0.023364 -0.017261
-0.018365 0.028072 -0.300588
-0.016208 0.027978 -0.338638
0.005713 0.048819 0.001454
-0.011254 0.031792 -0.004351
-0.022571 -0.008847 -0.067582
0.00203 -0.046647 0.020089
-0.008562 -0.048604 0.001454
-0.018851 -0.018024 -0.065272
-0.016229 0.035729 -0.039691
0.019804 0.04068 -0.022335
0.036473 0.029189 -0.04163
0.023598 0.018859 -0.299933
0.000582 -0.044556 -0.340327
0.020123 -0.009067 -0.055253
-0.02 -0.03986 -0.03196
-0.001839 0.026001 -0.29616
0.032037 0.017785 0.004295
0.023341 0.033379 -0.018351
0.022361 -0.026292 -0.050587
-0.02317 -0.0307 -0.0078
-0.024552 -0.035768 0.010044
0.011778 -0.051578 -0.346303
-0.018571 -0.034372 -0.014014
-0.02 -0.01161 -0.26459
0.035721 -0.026064 -0.050579
-0.017133 -0.002917 0.00818
0.003991 0.012668 -0.34483
-0.042039 0.021755 0.00275
-0.01332 0.026513 -0.016569
0.005232 0.003714 -0.296996
-0.046761 -0.015831 -0.329988
-0.028672 0.043872 -0.282953
-0.018893 -0.030054 -0.314574
-0.057168 0.018568 -0.179259
-0.003081 0.040947 -0.029619
-0.010526 -0.011261 -0.035856
0.026954 -0.031932 -0.268814
-0.007117 -0.037818 -0.028198
-0.011829 0.033141 -0.015339
-0.009949 0.037602 0.027113
0.01014 0.04443 -0.279119
-0.004213 0.016567 -0.358059
-0.012944 -0.027968 -0.033902
-0.034174 -0.025952 -0.33159
0.01677 0.05082 -0.050653
0.014071 0.033549 -0.015351
-0.029662 -0.003532 -0.020312
0.026995 0.015746 0.006073
0.036909 -0.013583 -0.056766
0.022564 0.030966 -0.250895
0.024534 -0.035237 -0.018422
-0.042919 0.017748 -0.30642
0.012541 0.036198 -0.024004
-0.024535 0.034762 0.001478
-0.044866 0.038458 -0.268057
-0.003361 0.052668 -0.066832
0.006 -0.003237 -0.296985
0.008033 -0.036511 0.026404
-0.044978 0.002707 -0.352669
-0.055326 0.02426 -0.28506
-0.00818 0.047988 -0.142733
0.018266 -0.033122 -0.215758
0.030758 0.000726 -0.069505
0.032656 -0.030132 -0.090238
-0.0005 -0.02144 -0.30378
-0.014318 -0.020519 -0.051415
-0.00406 0.039485 -0.029635
0.035826 -0.014344 -0.05955
-0.018078 0.000725 -0.069213
-0.004651 0.017589 -0.36206
0.01128 -0.038103 -0.183957
-0.022311 0.003639 0.00871
-0.0011 0.041688 -0.029413
-0.004412 -0.03346 -0.020099
-0.002606 -0.041049 -0.029625
0.002057 -0.040643 0.029774
-0.012411 -0.044219 -0.327784
-0.027883 0.050809 -0.052513
-0.016482 -0.033303 -0.012946
0.02141 -0.035322 -0.014081
-0.02 -0.001962 -0.069891
0.01814 -0.015 -0.0378
-0.037215 -0.03881 -0.287674
-0.022528 -0.030311 -0.006137
-0.009833 0.036497 -0.360156
0.029 -0.0392 -0.0378
-0.02118 0.024597 0.00103
0.021091 -0.013583 -0.003234
0.005613 0.031442 -0.007217
0.01122 0.042531 -0.026431
-0.006613 0.026258 -0.327484
0.032542 0.040106 -0.055146
-0.017779 -0.038133 -0.037917
0.025888 0.009493 -0.360081
-0.003162 0.035861 0.026383
-0.020393 0.003615 0.009737
-0.041336 -0.041418 -0.065293
-0.02132 -0.022936 0.002186
-0.028512 -0.017584 -0.01843
0.036644 -0.0224 -0.083632
0.02576 0.0261 -0.0582
-0.002642 0.012727 -0.361
-0.02448 0.034753 -0.001449
0.02686 -0.040018 -0.313585
0.017207 -0.034013 -0.202224
0.007356 0.004094 -0.342522
-0.018491 0.0 -0.069486
0.028077 0.031742 -0.006016
0.001653 0.038757 0.029614
0.032963 -0.015738 0.004265
0.023439 0.032827 -0.016474
-0.01347 -0.0108 -0.0582
-0.017939 0.029545 -0.315917
0.003734 0.035892 0.026376
-0.002564 0.021153 -0.343082
-0.018899 0.029165 -0.331223
-0.02217 0.037199 0.017788
-0.05809 0.011189 -0.083275
0.021908 -0.015386 -0.05827
0.00753 -0.036416 -0.36008
-0.033184 0.011486 -0.271575
-0.03103 -0.028022 -0.315677
0.000997 -0.041029 -0.36009
0.019718 0.040096 -0.022478
-0.01327 -0.029346 -0.325435
-0.018008 0.010764 0.00761
-0.003921 -0.009313 -0.367146
0.018441 0.009547 -0.299915
-0.041026 -0.004661 -0.361866
0.026091 -0.009498 0.007568
-0.00165 0.041656 -0.02941
-0.003265 -0.037524 0.028638
-0.015649 0.029699 -0.009443
0.005878 -0.01454 -0.31044
-0.015 -0.034571 -0.033904
-0.004218 -0.0423 -0.028661
0.000289 0.014475 -0.011209
-0.021333 0.04302 0.007712
-0.020786 0.011016 0.008282
-0.004852 -0.040904 -0.206083
-0.01245 -0.040512 -0.027141
-0.048551 0.008516 -0.314668
0.028395 0.039008 0.008697
0.03922 -0.012802 -0.074236
0.039055 0.021575 -0.02609
0.009327 -0.038829 0.028216
0.028122 0.004989 0.009526
-0.00156 -0.00419 -0.01002
-0.024534 0.017826 0.00074
-0.004341 -0.042784 -0.360137
0.00724 0.041665 0.001939
0.023277 0.018873 -0.059485
-0.045946 -0.031468 -0.20206
0.01763 -0.044713 -0.087056
-0.062894 0.01514 -0.156351
-0.050821 0.02457 -0.287773
-0.017779 0.038133 -0.022083
-0.01346 -0.020643 -0.27819
0.007 0.027206 -0.295799
0.008808 0.033566 0.018916
0.032822 -0.021885 -0.060878
-0.035 0.02092 -0.34982
-0.025688 -0.04 -0.015349
0.026278 0.023174 -0.2077
-0.052954 -0.019952 -0.203325
0.028301 0.038132 -0.007348
0.003735 0.040661 -0.029638
0.020376 0.018812 -0.009454
-0.010906 -0.032048 0.008604
-0.014551 0.046614 -0.014051
0.003158 0.034362 0.023114
-0.044492 0.015275 -0.334861
-0.022364 -0.051144 -0.099358
-0.026413 0.025465 -0.012965
-0.013548 0.017195 -0.055268
-0.031159 -0.045551 -0.289845
-0.01522 0.0 0.005092
0.002794 0.014588 -0.012585
-0.000552 0.039126 0.029772
-0.017844 0.023826 -0.296474
-0.010057 0.047344 0.01401
-0.004061 -0.045918 0.022182
-0.024453 0.045214 -0.002954
-0.023085 -0.000298 -0.379433
-0.017591 0.002173 0.008726
-0.002359 -0.027849 -0.019229
-0.017861 0.038211 -0.023212
-0.019998 0.013472 0.007618
0.007413 0.04739 0.01533
-0.024966 -0.034772 -0.031985
0.029461 0.005568 0.009543
-0.024384 0.0109 -0.064216
-0.057635 -0.028535 -0.091105
-0.019327 -0.033503 -0.057238
-0.011129 0.018829 -0.277432
0.016273 -0.035055 0.018926
0.011055 0.048052 0.007203
-0.035937 -0.036875 -0.287363
0.03701 0.026519 -0.043433
0.032877 0.003924 -0.210199
-0.021171 -0.039376 -0.026103
-0.017687 0.003639 0.008709
-0.0054 -0.03934 -0.0294
0.034264 -0.031633 -0.01285
-0.02202 -0.018943 -0.064209
0.021985 0.027783 -0.209548
-0.011254 0.048208 0.004351
-0.025956 -0.035559 0.002909
0.005637 0.034207 0.022171
-0.00633 0.0552 -0.0199
-0.02 -0.024378 -0.355527
0.014151 0.020923 -0.360149
-0.008 -0.052115 -0.313768
0.013231 -0.041336 0.02645
0.012628 0.043173 0.024958
-0.016866 0.029601 -0.053743
0.0381 -0.016096 -0.009475
0.022728 -0.041656 -0.289391
-0.0176 0.03472 0.0166
0.004883 0.042709 -0.31372
0.021734 -0.036372 -0.016677
-0.0191 0.006778 0.009217
0.007157 -0.037348 0.027732
0.020489 0.046186 0.007206
-0.016778 -0.04165 -0.024127
0.039234 -0.003536 -0.009489
-0.0063 0.04459 0.0249
-0.021846 -0.002175 0.009212
0.009546 -0.039143 0.028264
-0.0129 -0.008586 -0.003262
-0.042481 0.018963 -0.329558
0.02234 0.0 0.0032
0.004977 0.002757 -0.287331
0.0125 -0.049049 -0.065979
-0.0281 -0.02797 -0.33618
0.016778 0.04165 -0.024127
0.008451 0.05422 -0.027389
-0.021615 0.044701 -0.287807
-0.004172 0.050553 -0.111506
-0.010002 -0.028027 -0.330487
0.025815 0.005023 -0.068185
0.001653 0.041243 0.029614
-0.01181 0.041485 0.02707
0.00649 0.008404 -0.298174
-0.032577 0.02691 -0.317868
0.029081 -0.04 0.00723
-0.024997 -0.043155 -0.012726
0.031934 -0.030442 -0.006082
-0.003409 -0.039191 0.029633
-0.002813 0.039823 0.029812
-0.060924 -0.025968 -0.102947
-0.022478 -0.040096 -0.019718
-0.014434 0.042364 0.024966
-0.017953 0.014935 -0.066117
-0.039079 -0.02262 -0.331258
0.039628 0.018565 -0.03
0.02145 -0.0465 -0.04685
0.030916 -0.004202 0.009221
-0.031626 -0.040515 -0.247529
0.021924 0.015386 -0.00173
0.021701 0.007542 0.000771
-0.029873 0.04 0.001457
-0.028976 0.041878 -0.003015
-0.002705 0.046985 -0.141695
-0.046081 0.009795 -0.298484
-0.028357 0.021654 -0.026088
-0.036011 -0.03957 -0.287499
-0.002381 -0.047684 -0.015328
0.005979 -0.047063 -0.326586
0.025705 0.00437 -0.068165
0.029873 -0.04 -0.001457
-0.021486 0.004852 0.009214
-0.003609 -0.034052 0.022182
-0.010067 0.021119 -0.356807
0.017492 -0.042801 -0.10595
-0.054497 0.035457 -0.281845
-0.00978 0.047134 0.015307
0.030117 0.012725 -0.289892
0.004061 -0.045918 -0.022182
-0.022205 -0.04 -0.020117
-0.055607 0.011018 -0.202686
-0.006123 0.041898 0.028653
-0.036263 -0.021651 -0.346429
-0.053119 0.015254 -0.2864
-0.049385 -0.001731 -0.308531
-0.032579 0.023798 -0.345046
-0.028447 -0.037261 0.001439
0.008592 -0.038676 -0.191214
-0.010118 0.0 -0.024149
-0.065129 0.024491 -0.126318
0.008478 -0.00763 -0.331265
0.017145 -0.041165 0.024163
0.021865 0.00213 -0.062014
0.029752 -0.021664 0.029752
-0.031822 0.026849 -0.31041
0.02477 0.0341 -0.0147
-0.0 -0.04889 -0.004351
0.005464 0.039037 -0.178088
-0.047615 -0.009574 -0.329994
-0.001104 -0.039159 0.029768
0.001939 -0.041665 -0.00724
0.03359 0.0 -0.0669
-0.016183 -0.041196 -0.242336
-0.005676 0.040285 -0.189434
0.010858 0.033856 -0.018953
-0.026846 0.042548 -0.010127
0.02765 -0.0308 -0.28905
0.018041 0.015081 -0.035852
0.008079 -0.010434 -0.314661
-0.04537 0.001232 -0.287528
-0.009685 -0.042239 -0.187128
0.02946 0.005568 -0.069541
0.006082 -0.033931 0.021229
-0.047664 -0.001701 -0.297276
0.024552 -0.035768 -0.010044
-0.027751 -0.020139 -0.014668
-0.015353 -0.039999 0.025694
-0.02167 0.011595 -0.067624
-0.008458 0.040355 -0.028747
0.023037 0.044956 -0.010066
-0.0114 0.04831 0.0
-0.045384 0.016332 -0.058587
0.022423 0.042373 -0.294782
-0.065501 -0.00389 -0.095194
-0.018927 -0.004134 -0.069496
0.015714 0.035456 -0.166265
-0.007448 -0.045102 -0.339921
0.019718 -0.040096 0.022478
-0.011205 0.003181 -0.011224
0.02992 0.009115 0.008778
0.035401 0.030267 -0.045407
-0.014861 -0.000918 -0.298487
0.027341 -0.00218 0.009495
0.031742 -0.002681 -0.268335
0.01725 -0.041024 -0.024194
0.023087 -0.01605 -0.060797
-0.0408 -0.00609 -0.3616
0.000548 0.037358 0.028647
0.005863 -0.005617 -0.363005
-0.01525 0.0354 -0.30003
0.028837 -0.019524 -0.235981
-0.0218 0.0029 -0.0692
-0.00766 -0.038577 -0.034637
0.009405 -0.00026 -0.331458
-0.018893 -0.030059 -0.325386
0.009018 -0.044139 0.024953
0.01093 0.041946 -0.02711
-0.037411 0.031834 -0.330026
-0.011747 -0.028981 -0.315624
-0.004809 -0.03641 -0.027036
0.030135 0.008958 -0.068749
-0.024549 -0.017826 0.000741
-0.012291 0.026965 -0.300176
-0.0054 0.03934 0.0294
-0.03505 -0.01364 -0.35999
0.024879 -0.032487 -0.011201
-0.021216 0.005928 -0.069219
0.018745 0.047008 0.001458
0.011219 -0.04253 0.026431
0.02744 0.039062 -0.011527
0.02185 -0.042103 -0.286595
-0.016967 -0.04513 0.017768
0.028165 -0.022189 -0.290828
0.024501 0.038365 -0.092032
0.015585 0.038493 -0.330035
0.027632 -0.016233 -0.066196
-0.014176 -0.025984 -0.348258
-0.017867 -0.026745 -0.058344
-0.018451 -0.019435 0.004328
-0.002057 -0.040643 -0.029774
-0.0 -0.03502 0.0249
0.030572 -0.01241 0.007591
-0.008414 -0.046649 -0.337673
-0.003735 -0.040661 -0.029638
-0.02132 0.022936 -0.062186
-0.008906 0.0 -0.044797
0.009382 -0.051857 -0.313697
0.021922 -0.009662 -0.060735
0.031464 -0.036558 -0.043585
0.005112 -0.015828 -0.310445
-0.0061 -0.038846 0.029076
-0.0209 -0.040679 0.021342
-0.00608 0.041161 -0.0291
-0.023738 0.029388 -0.324272
-0.001104 0.039159 0.029768
-0.000551 0.041309 -0.029621
0.027924 -0.030419 -0.004528
-0.016655 -0.031605 -0.050507
-0.01917 0.0538 -0.05927
-0.018947 0.034799 -0.011041
-0.022388 0.014111 0.006125
0.01259 -0.0414 -0.30889
-0.013472 -0.047091 -0.318875
0.004759 0.045389 -0.285192
0.024582 0.0145 0.004185
0.035289 -0.014952 -0.14968
-0.010048 0.026162 -0.339845
-0.0241 0.02915 -0.31182
0.004968 -0.022853 -0.364298
-0.035585 -0.024451 -0.336216
-0.015466 0.018071 -0.273511
-0.009399 0.03467 0.022181
-0.0433 -0.034386 -0.077034
0.011829 0.033141 0.015339
-0.047569 -0.01867 -0.086455
-0.00902 -0.037242 0.02705
0.023451 -0.012124 -0.06327
0.022748 -0.042254 0.017887
-0.005663 -0.031265 -0.00436
-0.009638 -0.043337 -0.169612
-0.025538 -0.013573 -0.372493
-0.021156 0.010693 -0.068201
-0.02718 -0.014526 -0.006257
-0.01095 0.015 -0.0378
0.022831 -0.027469 -0.360078
-0.022801 -0.043015 0.0
-0.01725 0.038976 0.024194
-0.002381 -0.032804 -0.017782
-0.018724 -0.042473 -0.183119
0.018328 -0.0358 -0.249229
0.003343 -0.000285 -0.357686
0.031583 -0.006552 -0.260025
0.02519 -0.0307 -0.0522
-0.017101 0.02079 -0.062096
0.005046 -0.039504 -0.242006
-0.02089 -0.006778 -0.069217
-0.01212 -0.042112 -0.026438
-0.010478 -0.007512 -0.020309
-0.014192 0.035718 0.022152
0.018607 0.04302 0.012972
0.006783 0.038383 0.028677
-0.020282 0.037693 -0.231324
0.01197 -0.039359 -0.163292
0.01509 -0.03304 0.011432
-0.007962 -0.047783 0.012726
0.030317 0.039517 -0.032054
0.014159 -0.041785 0.025665
0.0 -0.041665 0.007495
0.025752 0.029958 -0.137655
-0.005787 -0.022822 -0.295601
-0.01232 0.00707 -0.36001
0.029894 0.024907 0.000973
0.02695 -0.038212 -0.011549
0.032013 -0.030332 -0.053888
-0.011132 0.044011 -0.275702
-0.040646 0.021663 -0.010885
-0.003626 -0.038667 0.029411
0.026847 0.013294 -0.066955
-0.025417 -0.031011 -0.033257
0.006 -0.03788 -0.29997
0.011355 0.048301 0.001451
-0.021314 -0.037282 0.018956
0.014745 -0.04328 0.00194
0.029484 0.020309 -0.064375
-0.02363 0.042256 0.01672
0.029127 -0.041945 0.001439
-0.007962 -0.048135 -0.010017
-0.006082 0.046069 -0.021229
0.029675 0.041027 1e-06
-0.01323 0.028473 -0.330336
0.016843 -0.044335 0.020138
-0.039081 0.022117 -0.308741
-0.019999 -0.023782 -0.062051
-0.029127 -0.038055 0.001439
-0.014616 -0.043019 0.017344
-0.02 0.039514 -0.024135
0.037832 0.003185 -0.05675
0.012896 0.045779 0.018969
-0.002508 0.022131 -0.301265
-0.025956 0.044441 0.002909
0.005117 0.041581 -0.029056
-0.011719 0.050004 -0.133351
-0.02327 -0.028971 -0.336001
0.036437 0.021663 -0.021042
-0.013883 -0.001762 -0.261574
0.036128 -0.027388 -0.047097
-0.057687 0.011945 -0.268714
0.025645 -0.012896 0.0061
-0.025898 -0.009659 -0.060726
0.011747 0.037047 -0.025701
-0.016778 0.03835 -0.024127
0.005637 -0.04545 -0.023103
-0.013661 -0.045253 -0.020107
-0.010907 0.047954 -0.008605
0.023067 0.0422 -0.292628
-0.022583 0.005627 0.008189
0.02988 0.038002 -0.074541
-0.028413 0.006711 -0.009491
-0.029 -0.039233 -0.213762
-0.02903 -0.038093 0.002876
-0.019245 -0.014736 -0.066997
-0.017268 0.043603 -0.021301
0.031411 -0.001239 -0.244026
-0.036783 -0.03385 -0.287268
-0.036031 -0.048604 -0.090745
-0.004208 0.048094 -0.136778
0.008215 0.04367 -0.135007
0.002211 0.019872 -0.320018
-0.011989 0.002705 -0.006268
-0.033473 -0.02678 -0.313666
-0.059682 -0.024798 -0.091812
0.030729 0.007709 0.008764
-0.0 0.044273 -0.026341
-0.056732 -0.033307 -0.107349
-0.024997 0.036845 -0.012726
-0.014495 -0.014372 -0.019059
0.002526 -0.048201 -0.109785
-0.020168 0.046102 -0.008608
-0.003227 -0.043272 -0.027725
0.002711 -0.040352 0.029793
0.028976 -0.041878 -0.003015
-0.020915 0.021041 -0.363296
-0.023627 -0.029667 -0.311129
-0.050977 0.044047 -0.09303
-0.025434 -0.004255 0.00324
0.008738 -0.037824 -0.027741
-0.022258 0.007531 0.008192
-0.0083 -0.02517 -0.34338
-0.038666 -0.014372 -0.357151
0.015296 0.010294 -0.29784
0.017485 -0.039814 -0.299631
-0.005969 0.033893 -0.019409
0.003835 -0.01823 -0.315916
0.025415 -0.018485 -0.360078
-0.0314 -0.00021 -0.2646
0.022602 0.04302 0.001929
-0.02 -0.028952 -0.302756
-0.01589 0.033934 -0.015338
-0.012368 0.005409 -0.004752
-0.014377 -0.036899 0.024093
0.021272 -0.030165 -0.035894
0.004163 -0.040348 0.029649
0.029873 0.04 -0.001457
0.021814 0.028207 -0.014632
-0.035107 0.046838 -0.066342
-0.001578 0.035053 -0.02493
-0.02281 0.010186 -0.375846
0.027852 -0.041872 0.008667
-0.022407 -0.002173 0.008726
-0.029182 0.003531 -0.014685
0.021527 0.010234 -0.000526
0.030359 -0.018031 -0.065292
-0.024418 -0.031596 -0.047127
-0.045422 -0.012276 -0.058602
-0.025717 0.038423 0.014249
0.026959 -0.003552 0.009217
-0.025503 0.029157 -0.32332
0.034184 0.024045 -0.003142
-0.000675 0.047195 -0.136188
0.030134 -0.008957 -0.068745
0.039539 -0.012431 -0.066649
-0.005446 0.041446 0.029075
-0.003735 0.043686 -0.027062
0.017861 0.038211 0.023212
-0.053704 0.018501 -0.28639
-0.058235 -0.024578 -0.153856
0.033596 -0.036436 -0.024143
-0.0 0.03111 -0.004351
0.027202 -0.011995 -0.067633
0.020311 -0.041355 -0.278384
-0.013063 0.028852 -0.323323
-0.001653 0.038757 -0.029614
-0.02 -0.0153 -0.0669
0.03323 0.0058 -0.0669
-0.020964 0.016398 -0.066172
-0.025265 -0.028578 -0.011165
0.022314 0.025434 -0.313628
-0.03194 0.0464 -0.14513
0.020031 0.037387 -0.121771
0.021908 -0.015386 -0.00173
0.036697 0.008113 -0.05951
-0.00411 0.029813 -0.360118
0.00203 -0.046019 -0.02217
0.01975 -0.024712 -0.035867
0.003164 0.018741 -0.320015
-0.02903 -0.0391 -0.22021
0.008512 -0.00902 -0.325636
-0.055544 0.000755 -0.282734
-0.003181 0.02394 -0.309648
0.014117 -0.035718 -0.022152
0.018397 -0.018376 -0.026092
-0.025436 -0.004255 -0.06324
-0.03943 0.03932 -0.07571
-0.017478 0.011937 -0.296565
-0.015603 0.045814 0.016634
0.033398 0.011794 -0.175613
-0.008563 0.002732 -0.265018
-0.047641 0.038464 -0.073587
0.026787 -0.002176 -0.069214
-0.024671 0.032786 -0.016492
-0.028263 0.00318 -0.007779
0.020914 -0.046314 0.004352
-0.024236 -0.002904 0.006049
-0.018836 -0.019756 -0.064358
0.037543 -0.014963 -0.006242
0.012897 0.034219 -0.01897
-0.021775 -0.006847 -0.068724
0.0176 0.04528 -0.0166
-0.0222 0.02914 -0.33082
-0.023672 -0.022774 -0.281195
-0.01307 -0.0277 -0.0222
-0.026315 0.041789 0.012864
-0.017876 0.004896 -0.068744
0.030693 -0.01623 -0.215485
0.026134 0.018153 0.00429
0.040555 -0.007515 -0.022185
0.023226 0.034233 -0.037844
0.011254 0.031792 -0.004351
0.027214 -0.004852 -0.069216
0.028531 -0.011328 -0.068312
0.009757 -0.040516 -0.028296
0.001976 -0.019423 -0.333576
-0.056835 0.009947 -0.280594
-0.018533 0.02438 0.000943
-0.025538 0.013063 -0.267507
0.013477 0.033569 -0.23609
0.018711 0.048275 -0.061659
0.019853 -0.005413 -0.004734
0.029001 -0.026792 -0.059556
-0.029039 -0.027342 -0.301961
-0.003328 0.023027 -0.337169
-0.019391 -0.024999 0.000991
0.040064 -0.015231 -0.028049
-0.01002 -0.045456 -0.336717
-0.01003 -0.0 -0.031951
-0.014192 0.035716 -0.022153
-0.042606 -0.007662 -0.356356
0.023031 -0.042029 -0.080255
-0.010745 -0.007061 -0.043446
-0.016373 -0.029677 -0.328831
-0.06218 0.03202 -0.116832
0.0095 0.0469 -0.0166
0.028686 -0.04 0.008641
-0.029873 -0.04 -0.001457
-0.005635 -0.041376 -0.24972
-0.025235 0.024018 -0.286577
0.036202 0.01948 -0.055277
-0.009658 0.050385 -0.12795
0.024879 -0.032487 -0.048799
0.0 0.033029 0.018914
-0.025402 0.044469 -0.290005
-0.016153 0.032523 0.004367
0.012143 -0.032448 -0.363472
-0.02205 -0.025395 -0.059659
-0.026921 0.017874 -0.365492
-0.043362 0.001251 -0.282456
0.023859 -0.001453 0.006054
-0.044923 -0.010487 -0.346083
-0.016967 0.03487 0.017768
0.008514 -0.048572 -0.002906
0.022171 -0.042802 0.017789
0.002676 -0.038471 0.029413
-0.0263 -0.02518 -0.35058
0.006761 -0.041628 -0.028699
-0.010365 0.043848 0.02494
0.015603 -0.045813 -0.016633
0.027238 0.025894 -0.059724
-0.028813 0.041915 -0.004454
-0.022862 0.002917 0.00818
-0.004763 0.046821 -0.01895
-0.005932 -0.006203 -0.268564
0.013323 -0.035941 -0.023088
0.000552 0.040874 -0.029772
0.035637 -0.009084 0.001978
0.01589 0.046066 -0.015339
0.01811 -0.036341 -0.299882
0.003155 -0.035131 -0.02494
-0.010666 -0.028486 -0.312424
0.031193 -0.010226 -0.279677
0.00672 0.036727 0.027085
-0.00545 -0.019574 -0.355372
-0.028643 -0.028943 -0.31998
-0.011301 -0.033262 -0.022394
0.027098 0.04 -0.012751
-0.020956 0.008957 0.008744
-0.013563 0.015638 -0.01791
-0.026022 -0.036717 -0.010015
-0.010118 -0.0 -0.035851
-0.016911 -0.037707 -0.026007
-0.002644 0.026156 -0.015036
0.039021 0.021676 -0.033917
-0.011811 -0.038513 -0.027073
0.033502 -0.027019 -0.004626
0.017724 0.019261 -0.362254
0.015868 -0.039011 -0.360078
-0.026766 0.042643 0.01011
-0.003984 -0.04302 -0.022332
-0.005663 0.048735 -0.00436
0.016324 -0.044947 0.018926
-0.021941 -0.03793 -0.019099
0.02042 0.042592 0.020091
-0.036462 -0.034975 -0.2873
0.032455 -0.027309 -0.003247
0.010823 0.043288 -0.126515
0.000548 0.042642 -0.028647
0.031238 0.033233 -0.009288
0.018579 -0.006365 -0.011202
0.008513 -0.048599 0.001452
0.021537 -0.005416 -0.060785
0.009018 -0.03586 -0.024953
0.030123 -0.001457 -0.069711
0.00165 0.038344 0.02941
0.021625 0.028632 -0.043499
0.024923 0.041679 -0.015478
0.025207 -0.008311 0.006954
-0.014427 0.047203 -0.043543
0.022266 -0.011964 -0.06079
0.016026 0.039003 0.025028
0.029514 0.040996 0.002978
-0.036426 0.022162 -0.342196
-0.002809 0.031571 0.010016
-0.052327 -0.034976 -0.141842
-0.00704 -0.040348 0.02912
0.02121 -0.04 0.02121
0.004367 -0.046625 -0.335252
0.032615 0.020458 0.002095
-0.029934 0.003831 -0.03
0.027607 0.040129 -0.011433
0.013186 0.032495 -0.010024
0.027029 0.021001 -0.063323
0.030368 -0.016233 0.006196
-0.015076 -0.039488 0.025776
0.005445 0.053553 -0.04396
0.018571 -0.034372 0.014014
0.02695 0.041788 -0.011549
-0.027065 -0.028087 -0.031951
-0.02716 0.011757 -0.004785
0.013373 0.03594 -0.023089
-0.027691 -0.044877 -0.313728
-0.048537 0.007129 -0.309037
-0.0086 -0.02795 -0.31998
0.00643 -0.039479 -0.306041
0.014537 -0.038652 0.025755
-0.018917 -0.03724 -0.016359
-0.027785 -0.024894 -0.028048
-0.007898 0.015474 -0.275141
-0.020551 -0.029677 -0.331382
-0.017848 0.037919 -0.22509
0.008264 -0.048358 0.007212
-0.00123 0.0458 -0.1466
-0.025249 0.020814 -0.056717
-0.026924 0.005407 -0.001763
0.0102 -0.045917 0.020101
0.0071 -0.00604 -0.2976
-0.025932 0.050862 -0.049976
-0.019745 -0.043015 0.011401
-0.026868 -0.022145 -0.048791
0.015 -0.04 -0.02598
-0.021178 0.003484 -0.069502
-0.011898 -0.028573 -0.331348
0.03953 -0.003535 -0.011212
-0.0117 0.03649 0.0249
0.016843 0.035665 0.020138
-0.043999 -0.044694 -0.106135
-0.023884 -0.036623 -0.026093
-0.02936 -0.046949 -0.329962
-0.048438 0.030166 -0.179788
-0.020554 0.029558 -0.325627
0.0061 -0.041154 0.029076
-0.037941 -0.010515 -0.276827
-0.021032 -0.030132 -0.322032
-0.027434 -0.008586 -0.00476
0.027859 0.016404 -0.066185
0.014192 -0.044284 0.022153
-0.002656 -0.031899 -0.012722
0.034441 0.025287 -0.086264
-0.044764 -0.034085 -0.187725
-0.020399 -0.035715 0.0167
-0.025833 -0.04736 -0.052812
-0.024364 -0.04309 -0.014037
0.02812 -0.042774 0.004406
-0.017977 -0.041659 0.023257
-0.018789 -0.043882 -0.035973
0.00271 -0.042934 0.028208
-0.005691 -0.04328 -0.01374
0.02234 0.0 -0.0632
-0.027135 -0.029355 -0.32108
-0.019037 -0.008957 0.008744
0.0 -0.040457 -0.029866
-0.011099 0.00276 -0.376785
-0.018602 0.032987 -0.002907
0.031379 -0.035899 -0.0145
0.020511 -0.02251 -0.012929
-0.022432 -0.036226 -0.015406
0.000553 -0.040425 0.029866
-0.02072 0.0072 0.0092
-0.02293 0.036037 -0.014088
0.012972 -0.04302 0.018607
-0.046425 -0.014317 -0.31999
-0.017826 0.026352 -0.292745
-0.005256 0.036974 0.02773
-0.029207 0.017645 -0.275696
-0.018444 0.021865 -0.346391
-0.0136 -0.029917 -0.02217
0.028317 0.02086 -0.197947
-0.0119 0.02098 -0.28102
0.013244 0.046037 0.017812
-0.00194 0.04328 0.014745
0.002217 -0.013776 -0.013299
-0.014021 0.0 -0.061967
0.017916 0.007292 -0.016544
-0.017111 0.007424 -0.26235
0.004809 -0.03641 -0.027037
0.022641 0.006381 -0.063239
0.038096 -0.003695 -0.094479
-0.003626 -0.041333 -0.029411
-0.022577 0.005672 -0.068176
-0.012287 -0.024693 -0.024138
-0.022677 -0.029667 -0.309829
0.033973 0.016647 -0.313638
-0.047096 0.012499 -0.32001
0.004218 -0.0423 0.028661
0.015783 0.034609 -0.346413
0.017576 0.007518 -0.020302
-0.04924 0.002735 -0.308728
0.007476 -0.009015 -0.303725
0.010365 -0.036152 0.02494
-0.052597 -0.020296 -0.248355
-0.028572 0.0 -0.009519
0.020897 0.036428 0.01786
0.004923 -0.010447 -0.293901
0.022627 -0.010902 0.00203
-0.024997 -0.036845 0.012726
0.022797 -0.045871 0.001449
-0.014377 0.043101 0.024093
0.003158 -0.034362 -0.023114
0.004163 0.039652 0.029649
-0.025064 -0.047136 -0.285172
0.013448 -0.038994 -0.026478
0.011471 0.036948 0.025689
0.023894 -0.016774 0.001991
0.004492 0.015298 -0.305159
-0.067934 0.009012 -0.10347
-0.057686 0.005231 -0.086601
-0.054386 0.010363 -0.226827
-0.031139 -0.007567 -0.373561
-0.049247 -0.03308 -0.170086
0.020896 -0.008108 -0.001763
-0.027607 -0.040129 -0.011433
-0.006404 0.038995 0.029093
-0.029933 -0.021695 -0.356767
-0.049251 -0.006134 -0.314364
-0.005172 -0.037892 0.028668
-0.02 -0.014383 -0.267234
-0.011582 0.006711 -0.050509
-0.016104 0.028125 -0.053829
0.022757 0.034149 -0.002932
-0.019799 0.003768 0.009773
-0.02 -0.025948 -0.289348
-0.040293 0.008377 -0.360378
-0.011638 -0.013755 -0.047031
-0.025847 -0.032703 -0.03
0.016942 -0.03487 0.017768
-0.014481 -0.002128 -0.063229
-0.011807 -0.017125 -0.014678
-0.043991 -0.013214 -0.34481
-0.033835 -0.007729 -0.269136
-0.045299 0.0 -0.005961
-0.017468 0.040672 0.024142
-0.027928 -0.013055 -0.050482
-0.038765 0.023039 -0.316857
-0.016241 0.026325 -0.293403
-0.003724 -0.02584 -0.362213
-0.022332 0.04302 0.003984
0.009016 0.028281 -0.360171
0.020914 0.033686 0.004352
-0.017454 0.04223 -0.023122
-0.037037 -0.041858 -0.28734
-0.004691 -0.039344 -0.298024
-0.000221 0.01535 -0.287771
-0.026126 -0.03908 0.01417
-0.006241 -0.047526 -0.337362
0.029932 -0.016629 -0.229235
0.023944 -0.032365 -0.15902
0.031093 0.03859 -0.068728
-0.018154 -0.002175 -0.069212
-0.058666 0.00206 -0.083933
0.020749 -0.027319 -0.020317
-0.025934 0.005915 -0.262686
-0.029294 -0.011038 -0.020313
-0.036412 0.023819 -0.306508
-0.0209 -0.040679 -0.021343
-0.023078 0.00574 -0.06756
-0.024059 -0.04 -0.017816
-0.023965 -0.021705 -0.000408
0.026869 -0.009917 -0.295498
-0.010822 -0.040984 0.027753
-0.016328 0.02233 -0.281235
-0.037764 -0.04732 -0.106978
0.022673 0.035204 -0.011481
0.039249 0.003183 -0.009486
-0.025458 -0.045936 -0.289771
0.030761 -0.015831 -0.329988
0.003152 0.041433 -0.029416
-0.029873 0.04 -0.001457
0.025863 0.024755 -0.059519
-0.016887 -0.037714 -0.033883
-0.029797 0.007587 -0.031953
0.023486 -0.044962 -0.008694
-0.014065 -0.04 -0.026421
-0.013 -0.00329 -0.36
-0.020422 -0.037406 0.020093
-0.005505 0.021802 0.041837
-0.052584 -0.016796 -0.226648
0.001083 0.042173 0.029064
-0.015865 0.024937 -0.363761
0.006761 0.038372 -0.028699
-0.065744 -0.013511 -0.104782
-0.018523 -0.000726 -0.069496
-0.021651 0.029159 -0.331022
0.029 -0.0222 0.0032
0.013323 0.044059 -0.023088
-0.02057 0.005413 0.009516
0.003155 0.044869 -0.02494
0.018395 -0.010587 -0.014678
-0.023128 0.037944 -0.03
-0.01535 -0.014983 0.002021
0.028808 -0.038989 -0.007294
0.026645 -0.037232 -0.041811
-0.020585 0.018453 -0.065291
-0.005808 -0.035709 0.025632
0.025662 -0.034287 -0.047201
0.015603 0.034185 0.016634
-0.013365 -0.002509 -0.046044
-0.006711 0.044758 -0.279122
-0.041911 -0.010501 -0.355022
0.010369 -0.011681 -0.361414
0.037627 0.023142 -0.014668
-0.01861 0.002181 -0.069486
-0.034069 0.005779 -0.268564
-0.024742 -0.026086 -0.006174
0.02856 -0.007507 0.009232
-0.006783 0.041617 0.028677
-0.020755 -0.014736 -0.066996
-0.008351 0.021245 -0.285511
0.031387 0.036597 -0.043667
-0.020738 0.005965 -0.363041
-0.000553 -0.040425 0.029866
0.01957 0.016144 -0.048798
-0.0081 0.03415 0.0212
0.014434 0.037635 -0.024967
0.006412 0.019314 -0.363156
-0.001236 -0.023533 -0.316817
-0.019216 -0.030495 -0.004498
0.029358 0.018015 -0.291766
0.027199 0.031726 -0.111489
-0.017552 -0.001449 -0.068727
-0.0106 -0.04129 -0.0277
-0.051206 -0.016513 -0.087179
-0.021807 -0.033261 -0.050766
-0.007117 -0.042183 -0.028199
-0.048356 -0.024217 -0.063065
-0.02 0.026873 -0.294592
-0.01223 0.028025 -0.332338
0.037993 -0.023791 -0.041582
0.008513 0.031401 0.001452
-0.035873 0.025309 -0.046236
0.009018 0.04414 -0.024953
0.023363 0.032705 -0.043485
-0.053597 -0.013121 -0.223048
-0.050422 0.002055 -0.090279
0.008172 0.008551 -0.33067
-0.022832 0.034246 -0.012809
0.023569 -0.035966 -0.012786
0.024227 0.027914 -0.053851
-0.008885 -0.046837 -0.336777
-0.014372 0.001323 -0.36155
-0.011815 0.025626 -0.294755
-0.029933 -0.0 -0.026099
-0.004514 -0.045057 -0.340717
0.009328 -0.041173 0.028219
-0.043834 -0.018236 -0.324059
0.025988 0.03153 -0.007641
-0.0 0.03463 0.023993
-0.025138 0.053744 -0.094126
0.023353 0.041473 0.017991
0.02121 0.04 0.02121
-0.034013 -0.045567 -0.28612
0.000225 -0.039712 -0.226244
-0.01749 0.023367 -0.060786
-0.028575 -0.042694 -0.292847
-0.048195 0.015868 -0.288001
0.01739 -0.037032 -0.022247
-0.040931 -0.021608 -0.315916
-0.015024 -0.034772 -0.028015
-0.006311 -0.047271 -0.346322
-0.012628 0.043173 -0.024958
-0.012311 0.04702 -0.014038
0.004159 0.045518 -0.290194
0.027084 -0.004202 -0.069221
-0.011938 -0.045622 -0.020118
-0.056151 0.016976 -0.283766
0.020538 0.04302 0.009629
0.039752 0.014781 -0.02032
0.02808 0.012888 -0.067666
-0.014497 -0.029672 -0.32328
-0.025604 -0.040231 -0.207451
-0.018821 -0.023043 0.002228
-0.020169 -0.046104 -0.008609
-0.013737 -0.047882 0.00436
0.00978 0.047133 0.015307
-0.017014 0.04425 -0.02015
0.010819 0.043295 -0.025644
-0.037185 0.020094 -0.292828
0.030084 0.022511 -0.286279
-0.048825 0.005672 -0.308741
0.029616 -0.0 -0.069851
-0.016903 -0.001705 -0.260622
0.022104 -0.00574 -0.298022
-0.0 0.033029 -0.018914
-0.01493 -0.0486 -0.30343
0.034161 -0.01392 0.003254
0.007133 -0.047149 0.016623
-0.026391 0.029916 -0.03783
-0.023909 -0.018005 0.002053
-0.026203 -0.035587 -0.0
-0.023705 0.033542 -0.031103
-0.047226 -0.029099 -0.215109
0.03777 0.000804 -0.09718
0.023819 0.0 -0.066018
-0.032463 0.014129 -0.366244
-0.013241 0.021188 -0.009487
0.0112 0.03187 -0.0058
-0.002289 -0.02259 -0.30193
-0.00531 -0.048168 -0.011423
0.027222 -0.028708 -0.057011
0.000381 0.039277 -0.189177
-0.007323 0.036193 -0.021129
0.023257 -0.007835 0.004169
-0.005284 -0.024477 -0.301025
0.034061 -0.023649 -0.109
0.004427 -0.038907 0.029414
-0.045136 -0.000222 -0.313645
-0.019999 0.029548 -0.003216
-0.044141 -0.034704 -0.286583
-0.0063 0.03541 0.0249
0.034723 0.0 0.005105
0.036474 0.010234 -0.000525
-0.003588 0.02382 -0.306508
-0.016718 0.003638 0.007566
-0.012034 0.033189 0.015337
-0.024364 0.03691 -0.014037
0.000592 -0.007471 -0.278989
-0.027573 0.006362 -0.004753
-0.017977 0.038341 0.023257
-0.029762 0.003756 -0.022192
-0.0113 -0.014329 -0.043428
-6.9e-05 -0.039778 -0.305546
-0.013007 -0.047514 -0.010025
-0.005669 -0.050745 -0.329963
0.01905 0.00707 -0.36001
0.024616 -0.012043 -0.065174
-0.0 0.048612 -0.008604
0.009284 -0.003229 -0.331472
0.031541 -0.025298 -0.059643
-0.029521 0.007512 -0.020309
-0.013526 -0.03013 -0.024112
0.017763 -0.003761 -0.043447
-0.003153 -0.045878 -0.138807
-0.03689 -0.045452 -0.284935
-0.009265 -0.016669 -0.044855
0.033587 0.007745 0.006067
-0.033211 0.047882 -0.064027
0.037921 -0.008591 -0.055256
0.025394 -0.014525 -0.065227
-0.028168 0.053626 -0.074638
-0.017344 -0.043019 0.014616
-0.02 -0.03015 -0.31998
-0.047511 0.037791 -0.288148
-0.028501 0.019871 -0.360828
0.037627 -0.023142 -0.045332
0.014888 -0.039142 0.025805
0.013484 -0.032263 0.007216
-0.015756 0.047221 -0.008634
0.02663 0.0311 -0.11941
-0.013684 -0.047897 -0.004363
0.025098 0.03761 -0.014176
-0.020989 -0.000729 0.009707
0.029897 -0.014739 -0.067
-0.017187 -0.030048 -0.32108
-0.024952 -0.034371 -0.024146
0.036152 0.01699 -0.089175
-0.00902 0.037242 -0.027049
-0.022332 0.04302 -0.003984
0.021445 -0.019954 -0.006233
-0.01891 -0.026096 -0.35024
-0.002606 -0.038951 -0.029624
-0.04525 0.0329 -0.28857
0.002658 -0.032322 0.015327
0.032751 -0.014141 -0.065193
-0.010783 -0.041474 -0.034748
0.018414 -0.018426 -0.033911
-0.037735 0.04098 -0.073757
-0.028836 0.018361 -0.033905
0.002657 0.048444 -0.010019
0.002771 0.040696 -0.259712
-0.057195 -0.007383 -0.085954
-0.035589 0.047968 -0.054077
-0.040276 -0.037687 -0.179911
-0.025883 0.032564 -0.031944
0.0166 0.04 -0.0249
-0.013079 -0.018455 -0.365466
-0.001482 -0.022479 -0.335293
0.033634 -0.028152 -0.006146
-0.018444 0.041031 -0.023316
0.012292 0.034088 0.01897
-0.017974 -0.033291 -0.008627
-0.013293 0.002129 -0.000507
0.025919 0.015746 0.005266
0.007412 -0.041328 0.028691
0.00471 -0.0466 -0.33402
-0.036359 0.018796 -0.287462
0.021047 -0.038063 0.020237
0.027243 -0.021363 -0.293028
-0.004359 -0.034464 -0.026413
0.038871 0.000627 -0.055648
-0.016589 -0.029902 -0.325184
-0.012253 0.039157 -0.027153
0.023695 0.037012 0.015327
0.03366 0.010793 -0.065189
0.008409 -0.048435 0.005808
0.002675 -0.019471 -0.017283
-0.02 -0.0332 -0.0522
-0.016355 -0.004352 -0.066926
-0.052669 -0.016848 -0.235084
-0.056954 -0.002093 -0.258923
0.004058 -0.046225 0.021239
0.035462 0.036625 -0.048555
0.029 -0.0078 -0.0692
-0.041898 0.016564 -0.296883
0.03999 -0.011044 -0.018427
-0.034132 -0.020643 -0.353562
-0.018651 -0.033007 -0.00291
0.029002 -0.009713 -0.068757
-0.01647 0.0341 -0.0453
-0.00599 0.0385 -0.24364
0.015022 -0.03524 -0.202804
0.001998 -0.003239 -0.298942
0.001793 -0.014638 -0.349178
-0.054902 -0.001799 -0.234333
-0.023 0.04285 -0.0166
-0.014268 -0.036261 0.023145
-0.054914 0.017554 -0.193626
0.027255 -0.027343 -0.001581
0.00608 0.041161 0.0291
-0.031064 0.019064 -0.280014
-0.056295 0.01158 -0.195977
0.031414 0.018949 0.004221
-0.00924 -0.023626 -0.289663
0.020494 0.038684 -0.021371
-0.013795 -0.016288 -0.003235
-0.002246 0.047761 -0.33004
-0.025559 -0.046516 -0.313633
0.002714 0.037481 -0.028654
0.01579 -0.042519 -0.301007
-0.0166 0.04 -0.0249
0.020169 -0.046104 0.008609
-0.002383 0.046639 -0.020088
-0.045446 0.024875 -0.288267
-0.01536 -0.012118 0.003255
-0.007913 0.039152 -0.203945
-0.011136 -0.018553 -0.03
-0.015245 0.014503 0.00202
0.025087 -0.003639 0.007583
0.029 -0.00392 -0.069777
0.033026 -0.007058 -0.066939
-0.018216 -0.034255 -0.010931
0.028504 -0.039285 -0.070219
-0.033013 0.026165 -0.330633
-0.0173 -0.0261 -0.0582
-0.015207 0.033838 -0.039746
0.023486 0.035038 -0.008694
0.005611 -0.048656 0.005811
0.029382 -0.041 0.004347
0.037852 0.002706 -0.003249
0.023759 -0.010908 0.00424
-0.0246 0.035832 0.010074
-0.01657 0.033843 0.01404
-0.051845 -0.019428 -0.283842
0.026588 -0.024617 -0.235729
0.025457 -0.000723 0.008178
0.017972 -0.015158 -0.026098
0.032601 0.036779 -0.020251
-0.00978 -0.032867 -0.015307
0.035848 0.022621 -0.006276
-0.023231 0.027499 -0.341635
-0.014242 0.028852 -0.32833
0.002181 -0.042556 0.028657
0.023848 -0.047552 -0.329963
-0.016829 -0.008309 0.006945
-0.007712 0.04302 0.021333
-0.01781 -0.029364 -0.306362
-0.009546 0.039175 -0.204023
0.002858 0.048858 0.004356
-0.022411 -0.02584 -0.296845
-0.04105 0.020029 -0.332905
0.03252 0.0039 -0.21566
-0.035852 -0.005884 -0.360089
-0.000553 0.039575 0.029866
-0.011104 0.006711 -0.012946
0.040653 0.007517 -0.024137
0.027652 -0.039182 -0.035963
0.024182 0.03593 0.011464
0.031256 -0.0062 0.008753
-0.032131 0.025299 -0.041377
0.02298 0.027938 -0.050608
-0.02 0.029394 -0.311314
-0.015524 0.042556 -0.024095
0.021209 0.030499 -0.03
0.034659 -0.033379 -0.018351
-0.043991 0.012704 -0.295191
0.02852 -0.033409 -0.106353
0.03046 0.01971 -0.263936
-0.025098 -0.04239 0.014176
-0.011913 -0.044259 -0.331022
-0.024901 0.010313 -0.063239
-0.021013 -0.049456 -0.117763
-0.020479 -0.000731 -0.069844
-0.014887 0.023345 -0.004714
0.022797 0.045871 -0.001449
0.029752 -0.021664 -0.029752
-0.016544 -0.032474 -0.048792
0.029752 0.021664 0.029752
-0.015756 0.002904 0.006049
-0.010118 0.03842 -0.21841
-0.00636 0.051752 -0.098341
-0.013545 -0.044207 -0.318701
0.025545 -0.027308 -0.003247
0.009328 0.038827 0.028219
-0.034169 -0.037823 -0.234027
0.031533 0.026763 -0.001646
0.00999 -0.038394 -0.027745
-0.014156 -0.047234 -0.314396
0.000552 0.039126 0.029772
0.0 0.031528 -0.010003
-0.022586 0.017297 -0.330012
0.016983 -0.047825 -0.059098
0.030463 -0.005928 0.00922
-0.002856 -0.048938 -0.0
-0.033778 0.011972 -0.299884
0.017005 0.001244 -0.362011
0.021357 -0.029944 -0.022163
0.004028 0.048079 -0.111344
-0.059881 -0.020911 -0.154365
0.023404 0.021755 0.035027
0.024489 -0.03574 -0.039695
-0.017797 -0.046726 -0.008624
0.039442 -0.0077 -0.063811
0.039537 0.0 0.022833
-0.03662 -0.006258 -0.271627
-0.018934 -0.006354 -0.069224
0.029898 -0.026408 -0.059713
-0.029334 0.027976 -0.327576
-0.016487 0.019241 0.002085
-0.010131 0.038238 -0.224715
0.040288 -0.0 -0.016571
0.009334 -0.046359 -0.331572
-0.015349 0.009091 0.004194
0.023383 -0.045074 0.008642
-0.05519 -0.004986 -0.282835
0.030503 -0.018714 -0.268323
-0.026332 -0.002707 -0.060752
-0.015929 0.012707 0.004212
0.007133 0.032851 0.016623
0.012541 -0.043801 0.024003
-0.041224 0.001175 -0.362265
-0.012222 -0.024772 -0.033906
0.027828 -0.000729 0.009717
-0.011899 -0.052436 -0.081873
0.035674 -0.015015 -0.137854
-0.016235 0.035725 -0.02031
-0.05697 0.0246 -0.28096
-0.00531 0.031832 -0.011423
-0.043862 0.012662 -0.345242
0.003162 -0.035861 0.026383
0.012311 0.03298 -0.014038
0.026608 0.023911 -0.060917
0.005663 -0.048735 -0.00436
-0.022882 0.040693 -0.019133
0.01811 -0.036391 -0.36006
-0.006761 -0.041628 0.028699
0.037806 0.02356 -0.043464
-0.024241 0.02427 -0.003146
-0.025604 -0.029668 -0.31778
-0.001077 -0.036974 -0.028203
-0.032666 -0.025261 -0.299256
0.033974 -0.023153 -0.313606
-0.0182 0.0029 0.0092
0.022005 -0.032462 -0.026108
-0.024175 0.028872 -0.308505
-0.02362 -0.046524 -0.139982
-0.016729 -0.028952 -0.303958
0.017825 -0.033614 -0.226863
-0.02812 0.042774 0.004406
-0.019449 0.028869 -0.305801
0.027938 -0.038228 0.008793
-0.056507 -0.008921 -0.268001
-0.004741 -0.03731 -0.028215
-0.019745 0.043015 0.011401
-0.007043 0.012786 -0.367202
-0.022652 -0.0342 -0.004384
-0.005775 -0.041299 -0.029081
0.019086 0.003182 -0.00777
-0.049754 -0.021915 -0.064885
0.018941 0.02181 -0.03
-0.005217 -0.037407 0.02822
-0.003589 -0.024299 -0.306468
-0.019583 -0.020308 0.004374
-0.008124 0.043913 0.025684
-0.045139 -0.00028 -0.352828
-0.005312 -0.04396 -0.026346
-0.022505 -0.0 -0.068702
-0.023832 0.007741 -0.066048
-0.013186 -0.032495 -0.010024
0.002247 -0.007866 -0.298991
-0.013684 0.032103 -0.004363
-0.023186 0.026342 -0.29325
-0.011471 0.036948 -0.025689
0.038345 0.019387 -0.052404
-0.008201 -0.026046 -0.301041
0.003503 0.022692 -0.296631
-0.024853 0.03372 -0.039726
0.026766 -0.042643 0.01011
0.020125 0.04 0.022215
-0.024975 0.034621 -0.026059
0.017959 0.031332 -0.236214
0.036839 0.014016 -0.056767
0.002808 -0.031073 -0.001454
0.01103 -0.039337 -0.027771
-0.009833 -0.043075 -0.360096
-0.020001 -0.029548 -0.003216
0.01799 -0.010818 -0.018427
-0.019688 -0.046357 -0.143145
0.004427 -0.038907 -0.029415
-0.0227 -0.0261 -0.0582
-0.012486 0.035278 -0.022191
0.019873 0.04311 -0.297667
0.002813 0.039823 0.029812
0.0 -0.021664 0.042079
-0.037184 0.023966 -0.32724
-0.053602 -0.016681 -0.085857
-0.023568 0.021016 0.000878
-0.021457 0.029628 -0.32002
0.025806 -0.030708 -0.158406
0.034918 -0.028139 -0.009363
-0.045876 -0.014553 -0.32954
0.024139 0.012715 -0.064234
-0.015001 0.034726 -0.028045
0.00531 -0.048168 0.011423
-0.026126 -0.04092 -0.01417
-0.015221 -0.041469 -0.031338
-0.021765 0.044544 -0.014127
0.008456 0.033843 0.020062
-0.025752 0.006382 -0.062
0.00203 0.033679 -0.021228
0.000976 0.018297 -0.030912
0.012582 -0.032796 0.01273
-0.022815 0.01289 -0.066082
-0.038027 -0.023568 -0.330357
0.02441 -0.0 0.0069
0.022701 0.034145 0.002903
-0.021108 -0.029004 -0.303149
0.006083 -0.010306 -0.341516
0.011223 -0.039666 0.027756
-0.001298 0.01024 -0.362176
0.014704 -0.030211 -0.297101
-0.013649 0.029533 -0.039713
-0.011166 0.004313 -0.376389
0.027911 0.042703 -0.005857
-0.006933 -0.039485 0.029098
-0.007223 -0.036347 0.026396
0.010382 0.037069 -0.177657
0.004058 0.033775 0.021239
-0.054579 -0.002089 -0.284365
0.006783 -0.038383 -0.028677
-0.02 0.0282 -0.0582
-0.00576 0.004356 -0.268121
-0.024755 0.028055 -0.302644
-0.005637 -0.03455 -0.023103
-0.000552 -0.040874 -0.029772
-0.027928 0.013055 -0.009518
0.014434 0.037635 0.024967
-0.023559 0.016931 0.003268
-0.046353 -0.009618 -0.059817
-0.033223 0.017918 -0.359511
0.016299 -0.044734 -0.298891
0.029 0.0153 -0.0669
0.010516 0.042186 -0.137003
0.006933 0.039485 0.029098
-0.022944 -0.001459 -0.068172
-0.007538 0.045457 -0.289503
-0.01836 -0.0517 -0.09547
-0.0 -0.033029 0.018914
-0.006725 0.039147 0.02907
0.017858 -0.040088 -0.299791
-0.024933 0.000455 -0.036134
0.013474 -0.043472 0.024066
-0.022205 0.04 0.020117
-0.011725 -0.046874 -0.329189
0.024166 -0.023095 -0.058342
-0.005835 0.040096 -0.029331
-0.019503 0.022692 -0.296631
-0.026216 -0.02036 -0.053748
0.022195 -0.003292 -0.361979
-0.025124 0.028839 -0.30981
-0.023745 0.04511 0.007245
-0.024761 0.040134 -0.258196
-0.041161 0.03989 -0.26915
0.020977 -0.002706 -0.059507
0.009949 -0.039819 0.028279
-0.014628 -0.042995 0.024108
-0.007609 -0.027435 -0.315672
0.022025 -0.043015 0.005898
-0.025697 0.036786 -0.225051
-0.03306 -0.046787 -0.067851
0.019441 -0.044128 -0.294198
0.020511 0.02251 -0.047072
-0.005714 0.048791 -0.002907
-0.015057 -0.016038 0.000773
-0.026424 -0.04 0.014067
-0.004163 -0.039652 -0.029648
-0.0 -0.03463 -0.023993
-0.029116 -0.000723 -0.297209
-0.019838 0.034012 0.010006
0.029 -0.0222 -0.0632
0.038299 -0.020154 -0.014656
-0.023738 -0.029896 -0.315728
-0.005274 0.045468 -0.284536
-0.0 -0.048728 0.007203
0.025641 0.035687 0.005832
0.022757 -0.034149 0.002932
0.007664 0.001191 -0.342724
-0.0058 0.04 -0.0294
0.031114 -0.006848 -0.06873
-0.024751 -0.001452 0.00512
-0.002658 0.031301 -0.007214
-0.024832 -0.022152 -0.362926
0.02084 0.04236 -0.281912
-0.016934 -0.037229 -0.037873
-0.023125 -0.003373 -0.379164
-0.013793 0.053794 -0.045103
0.018189 -0.040128 0.023704
-0.013236 -0.008106 -0.001772
0.02832 0.040097 -0.009605
-0.052821 0.026585 -0.254711
0.030405 0.003484 -0.069511
-0.048628 -0.010325 -0.286777
-0.036901 0.052066 -0.090255
-0.029132 -0.015079 -0.024149
0.01278 -0.035368 0.022186
0.012215 -0.034449 0.020116
0.037972 -0.012644 -0.089424
0.026108 0.029193 -0.055405
0.020346 -0.042012 -0.096484
0.007305 0.041479 -0.346409
0.03309 0.024631 -0.001687
-0.036818 0.023921 -0.330392
-0.000135 -0.031467 -0.296239
-0.012745 -0.040001 -0.027087
-0.041362 -0.01924 -0.302361
0.021104 -0.034623 -0.011452
0.039435 0.014331 -0.01657
0.016026 -0.039002 0.025029
-0.002858 0.048908 -0.002905
-0.017488 0.044567 0.018982
-0.054953 -0.012787 -0.204455
-0.022891 -0.02079 -0.062096
-0.008409 -0.048435 0.005808
0.038609 0.002708 -0.006254
-0.022395 0.049495 -0.040786
-0.04434 0.042577 -0.065363
-0.023108 0.037713 -0.033883
-0.022196 -0.041139 -0.201136
0.03661 -0.00213 -0.060768
0.028977 -0.041505 -0.329967
0.006081 0.046065 -0.021228
0.038206 0.009539 -0.053747
0.032949 0.023681 -0.100033
-0.022428 -0.011639 -0.066947
-0.048065 -0.009051 -0.308726
0.020915 0.033683 -0.004352
-0.023134 -0.004836 -0.378822
-0.00874 -0.024446 -0.293113
0.011685 -0.042852 -0.3363
-0.007898 -0.010595 -0.298139
-0.021702 -0.003551 -0.069215
-0.00576 -0.004866 -0.371879
0.009436 -0.038996 -0.028245
0.034116 -0.002134 0.006061
-0.003081 0.039053 0.029619
-0.0 0.045732 -0.023073
0.024739 0.016938 0.003279
-0.006353 -0.010526 -0.270799
0.003265 0.037524 0.028638
-0.012992 0.027838 -0.024148
-0.015363 -0.043878 0.02222
-0.015426 0.032895 0.010035
0.005757 0.001939 -0.013353
0.032177 -0.025272 -0.125449
0.04007 -0.0153 -0.03
0.023529 -0.035996 -0.125019
-0.002032 0.03468 0.024024
-0.01927 0.00276 0.009711
0.027928 0.006778 0.009219
-0.02852 0.0141 -0.0147
-0.008114 0.03174 -0.008617
-0.012761 -0.042963 -0.319007
-0.005898 -0.043015 -0.022025
-0.049289 0.02625 -0.084942
-0.002656 0.031899 0.012722
-0.021794 0.032215 -0.007569
-0.007559 -0.026104 -0.33702
-0.024994 -0.035768 -0.008673
0.003155 0.035131 0.02494
-0.007904 0.020232 -0.28368
0.033467 0.002904 0.006944
-0.0119 0.02743 -0.33622
0.020495 0.041317 0.021372
-0.0173 -0.0108 -0.0669
0.033642 -0.036787 -0.031955
-0.013577 0.025465 -0.047035
0.013909 -0.037402 -0.176693
0.020114 -0.0 -0.056713
-0.041167 0.002634 -0.36209
0.007738 -0.043294 -0.269376
-0.016389 0.042077 -0.024029
0.010605 -0.043279 -0.010605
0.033663 0.007832 -0.189972
-0.027051 -0.027968 -0.026098
0.018856 0.041994 -0.096112
0.028542 0.01319 -0.067667
-0.021114 -0.046374 0.001452
-0.004741 0.04269 -0.028215
0.023125 0.010316 0.003248
-0.007959 0.032034 0.011417
-0.04991 -0.0266 -0.202231
0.0277 0.03658 -0.0
-0.008 0.0067 -0.362278
-0.02 0.01884 0.005218
-0.051618 -0.020532 -0.238945
-0.019618 0.015029 0.006976
0.022342 -0.040343 -0.296224
-0.036954 -0.020558 -0.292141
-0.0 -0.04636 0.0212
-0.02212 -0.0205 0.0032
-0.013186 0.047505 -0.010024
-0.021803 -0.013291 -0.06695
-0.013718 -0.024821 -0.011235
-0.03282 0.040259 -0.264121
-0.021608 0.023123 -0.357311
-0.020919 0.030405 -0.055458
0.029514 -0.040996 -0.002978
0.0 -0.035727 0.026341
-0.027671 -0.009535 -0.053733
-0.048418 -0.026978 -0.23422
0.001077 -0.044624 0.025655
0.004967 0.016325 -0.295702
-0.028693 -0.014329 -0.016571
-0.049515 0.004154 -0.325744
-0.022673 -0.035204 -0.011481
-0.022466 0.045734 0.005827
-0.000807 -0.051272 -0.033585
0.001552 -0.016786 -0.014158
-0.009757 -0.039484 -0.028296
0.023159 0.04 0.018988
-0.04854 -0.01594 -0.08747
-0.018495 -0.033034 0.004358
-0.002813 0.040177 -0.029812
-0.012769 -0.029333 -0.31998
-0.016915 -0.000302 -0.379433
0.031905 -0.011642 0.006953
-0.007421 -0.024342 -0.345005
-0.0222 -0.02965 -0.30918
-0.00464 0.031486 -0.017827
-0.029767 -0.007513 -0.026094
-0.017207 -0.01197 -0.265207
-0.021333 -0.04302 0.007712
0.023109 -0.006387 -0.064202
0.015524 -0.037444 0.024095
0.031566 -0.038175 -0.022085
0.038248 0.00877 -0.080377
0.030928 0.010907 -0.241219
0.003745 -0.015628 -0.33956
-0.009018 -0.03586 0.024953
-0.0086 -0.0003 -0.3754
0.0 -0.045732 -0.023073
-0.00238 0.032564 -0.016623
0.009875 0.001207 -0.32
-0.022069 -0.024554 -0.354742
0.02644 -0.037697 -0.020209
-0.00535 0.045547 -0.313728
0.036375 -0.028632 -0.043499
-0.012905 -0.047014 -0.321937
-0.021684 0.015742 -0.066063
0.019363 0.0 -0.006287
-0.018398 0.004202 -0.069219
-0.025042 0.042469 0.014121
0.003227 0.043272 -0.027725
-0.017613 -0.030047 -0.316828
-0.057317 0.025443 -0.279124
-0.0025 0.005981 -0.361958
-0.009159 0.025459 -0.2984
-0.0105 0.01631 -0.36601
-0.025706 0.022616 -0.053718
-0.002752 -0.010193 -0.361957
-0.0063 0.04459 -0.0249
-0.023704 0.040128 -0.018189
0.032654 0.02223 -0.060886
0.025604 -0.041036 -0.073463
0.0081 -0.03415 0.0212
0.032692 0.037756 -0.026103
0.027908 0.03389 -0.009256
-0.019664 0.044498 -0.282515
0.03821 -0.0127 -0.0522
0.031565 -0.0011 -0.237063
-0.00372 0.0445 -0.27717
-0.038436 -0.0283 -0.287152
0.006783 0.041617 -0.028677
-0.032981 -0.009637 -0.04658
-0.017039 -0.046287 0.012735
-0.023704 0.040128 0.018189
-0.052452 0.034852 -0.272911
-0.024843 0.034199 -0.022164
0.023745 0.03489 0.007245
-0.002152 0.036657 -0.027733
0.040366 0.011343 -0.035862
-0.0 0.046971 0.018914
-0.002808 0.048899 0.002905
-0.06128 0.031715 -0.091622
0.020251 0.036638 -0.019026
-0.021807 0.033262 -0.009234
0.03065 0.0055 0.0092
0.017712 -0.0 -0.043429
0.019493 0.03881 -0.022371
0.019384 0.016793 -0.012935
-0.011254 -0.031792 -0.004351
-0.004759 0.047332 0.016631
-0.045242 0.03373 -0.253571
0.033374 -0.034688 -0.043447
-0.016426 0.021017 -0.060879
-0.021113 -0.014426 -0.066969
0.009949 0.040181 0.028279
-0.044059 0.0185 -0.056866
-0.03581 -0.040346 -0.287462
0.022483 0.013293 -0.060812
-0.014628 0.037005 0.024108
-0.021081 0.037239 -0.016359
-0.027591 0.037289 0.007278
-0.052644 0.03853 -0.282736
0.012628 -0.043172 -0.024958
-0.01739 -0.029905 -0.326785
-0.040952 -0.040287 -0.069384
0.02903 0.038093 0.002876
0.01202 -0.045628 -0.288076
0.018159 0.044754 -0.017823
0.031669 -0.021755 0.027779
-0.014399 0.041474 0.025732
-0.028135 -0.012039 -0.372642
-0.0233 0.04127 -0.179694
-0.015034 0.014442 -0.268729
0.037241 -0.022163 -0.011193
0.011525 -0.015481 -0.297189
-0.00405 0.0401 -0.18934
0.031834 0.003497 -0.22994
-0.029015 0.028018 -0.311509
0.028965 -0.034355 -0.097123
-0.013289 -0.037745 0.025724
0.0304 -0.018622 -0.208044
-0.022587 -0.02383 -0.32998
-0.003 0.0314 -0.30003
0.005403 0.050882 -0.06817
-0.028447 0.037261 -0.001439
0.028316 0.021861 0.003338
0.03331 0.025839 -0.056863
0.024885 -0.020842 -0.299915
-0.007044 0.054011 -0.04937
0.029457 0.016828 -0.066193
0.016091 -0.033999 0.015343
-0.034425 -0.042781 -0.28716
0.025793 -0.023964 -0.346336
-0.0041 -0.04123 0.0294
-0.006437 -0.046378 0.020091
-0.015203 -0.007834 0.004159
0.035401 -0.030267 -0.045407
0.009847 -0.046807 -0.31085
-0.015829 -0.044132 -0.306132
-0.002914 0.04 0.029814
0.0245 -0.0362 -0.0378
-0.024118 -0.021746 -0.279118
-0.011771 0.037702 0.026457
-0.001029 0.040325 0.029868
-0.02434 -0.029698 -0.009443
-0.0227 -0.0108 -0.0669
-0.023559 -0.016931 -0.063268
-0.006825 0.011472 -0.271584
0.025528 -0.026404 -0.235002
0.024994 -0.035768 0.008673
-0.00948 -0.043626 -0.025679
-0.008409 0.031565 0.005808
0.037855 -0.028813 -0.052934
-0.018495 -0.029999 -0.004456
-0.033585 0.025535 -0.306496
-0.023745 -0.04511 -0.007245
-0.016 0.006484 -0.066013
-0.018637 -0.021755 -0.037781
0.0 -0.031063 -0.002901
0.001595 0.020082 -0.328149
-0.028848 -0.041935 -0.004386
-0.022 0.0314 -0.30003
-0.003379 0.005829 -0.271627
-0.020551 -0.029903 -0.311473
-0.005314 0.044935 -0.157671
-0.021323 -0.012408 0.007586
0.020694 0.005409 -0.001749
-0.026769 0.036633 -0.007213
0.034337 0.0 -0.030114
0.038249 -0.002707 -0.055251
0.005961 0.0 -0.045299
0.033975 -0.004356 -0.066062
-0.02917 0.041948 -0.0
-0.024122 -0.023739 -0.356237
0.007449 0.037954 0.028218
0.0011 -0.038312 0.029413
-0.012983 -0.002704 -0.001774
-0.010238 -0.003756 -0.037808
-0.024152 0.020244 -0.362834
-0.037574 0.023935 -0.316862
0.031511 -0.001714 -0.252127
-0.018877 0.039491 -0.032067
0.006437 -0.03332 -0.018943
0.004365 -0.042732 -0.29981
0.025248 -0.018155 0.003315
-0.0 -0.03502 -0.0249
-0.028768 0.018335 -0.024141
0.001029 0.039675 0.029868
-0.021178 0.003484 0.009502
0.026175 0.006883 0.008221
-0.017861 -0.038212 0.023212
0.014149 0.033273 0.014048
-0.015645 -0.044259 -0.307513
-0.005037 0.032428 0.015336
-0.026312 0.02626 -0.344726
-0.068404 0.000921 -0.126195
0.013448 0.038994 0.026478
-0.014928 -0.012704 -0.06203
0.027733 0.027517 -0.13587
0.030696 0.014297 -0.217252
-0.009739 0.037387 -0.313793
-0.011525 -0.009887 -0.048778
-0.000133 0.024993 -0.296285
-0.017508 0.030411 -0.053904
-0.000693 0.001258 -0.365775
-0.00271 -0.042934 -0.028208
-0.017695 -0.035523 -0.019006
0.028176 -0.04209 -0.042538
-0.048424 -0.04057 -0.122672
-0.02425 0.016769 -0.061981
-0.021887 0.001451 0.009216
0.024999 -0.036842 0.012727
0.007681 -0.038846 -0.29852
0.013773 -0.039489 -0.026482
-0.026424 0.04 -0.014067
-0.02 -0.0392 -0.0378
0.025439 -0.036269 -0.018362
-0.068007 0.008894 -0.130842
-0.057261 -0.028549 -0.144447
-0.036462 0.037451 -0.179281
0.02432 -0.02329 -0.35998
0.002381 0.032316 0.015328
-0.025613 -0.014811 -0.059525
0.006269 0.036182 0.026378
0.010506 -0.045864 -0.0201
0.005175 -0.03788 0.028681
-0.045356 0.031965 -0.059234
-0.02199 -0.010765 0.007611
0.007662 -0.035616 0.024936
-0.028733 0.050823 -0.119731
0.010677 -0.045513 -0.334158
0.02744 -0.039062 0.011527
-0.023791 -0.028485 -0.301363
-0.003609 -0.045948 -0.022182
0.006877 -0.038528 -0.335499
0.004238 0.03594 -0.026371
-0.019413 -0.018453 -0.065291
0.014593 -0.034606 0.018958
-0.002031 0.046941 0.018939
0.012387 -0.042677 0.025723
0.026761 -0.035751 -0.103967
-0.020365 -0.007507 0.009232
0.0249 -0.04 -0.0166
0.036545 0.019953 -0.006233
0.019483 -0.020391 -0.016532
-0.002735 0.04207 -0.029048
-0.020725 0.00276 0.009711
0.009374 -0.034673 0.02218
-0.012266 0.0 -0.055212
-0.018713 0.033498 -0.360189
-0.028239 0.044236 -0.289296
0.0 0.040904 0.029769
0.001626 -0.037002 -0.028211
0.0 0.03364 0.0212
0.002181 0.042556 -0.028657
-0.017904 0.01914 -0.274491
0.025353 -0.04203 -0.346299
-0.028481 0.017761 -0.018427
-0.018774 -0.005928 0.009219
0.011735 0.053465 -0.032045
0.002656 -0.031724 0.011416
-0.026573 0.01634 -0.055266
0.026188 -0.00693 0.008205
-0.020183 -0.007655 0.009224
-0.025965 -0.02736 -0.012921
-0.044951 0.002783 -0.346396
0.022465 -0.045731 -0.005827
-0.007715 -0.038814 -0.028701
0.00717 0.035918 -0.025668
0.036187 -0.028208 -0.045368
0.008156 -0.046833 -0.326496
-0.016964 -0.014514 0.005202
0.030994 0.011064 -0.234096
0.002834 0.017743 -0.305726
-0.024894 -0.03186 -0.064471
-0.023153 -0.029673 -0.310478
0.035615 0.002129 -0.063239
-0.01798 0.005593 0.008732
0.036212 -0.019481 -0.004723
-0.006412 0.024794 -0.338049
-0.023024 0.010205 -0.264253
-0.0117 -0.0 -0.0522
-0.007031 -0.040347 -0.02909
-0.036864 -0.004861 -0.368676
-0.030451 0.043373 -0.279872
-0.016301 -0.029362 -0.307815
-0.026218 0.05033 -0.045757
0.003913 -0.009146 -0.351636
0.008918 -0.007576 -0.325635
0.003081 -0.039052 -0.02962
0.001793 0.014128 -0.290822
-0.010166 0.038321 -0.23733
-9.6e-05 -0.022588 -0.316815
0.023103 0.043885 0.014107
-0.004742 -0.007025 -0.038978
-0.056325 0.028886 -0.279101
0.005691 -0.04328 -0.01374
0.005037 0.032428 -0.015336
-0.001828 0.022543 -0.362595
-0.020387 0.016826 0.006192
-0.004501 -0.041397 -0.193439
0.008079 0.009932 -0.325339
-0.007557 0.02015 -0.355949
-0.047546 0.002647 -0.342631
0.008825 -0.006162 -0.308741
0.007223 -0.036347 -0.026396
0.0081 0.04585 0.0212
-0.02 -0.0003 -0.3798
-0.022677 0.029157 -0.330171
-0.011304 0.018202 -0.022189
0.002819 0.0035 -0.298882
0.023187 0.033115 -0.259023
0.005613 -0.031442 0.007217
0.030348 -0.039182 -0.024037
-0.032553 -0.024306 -0.294954
-0.02633 0.04254 -0.0115
0.040585 -0.003759 -0.020309
0.014616 0.043019 -0.017344
-0.016179 0.020317 0.000837
0.025081 -0.028486 -0.191704
0.009818 0.0456 -0.021237
0.028606 -0.038076 0.005887
0.029 -0.030843 -0.004681
0.015903 -0.04733 -0.007228
0.013964 -0.045175 -0.020109
0.03502 0.027938 -0.009392
-0.015893 -0.019434 0.000832
-0.002181 -0.037444 0.028657
-0.02941 0.007062 -0.04157
-0.001579 -0.03466 0.024023
0.034162 0.01392 0.003254
-0.02 -0.02797 -0.34278
0.028153 -0.02931 -0.269007
-0.0102 -0.045917 -0.020101
-0.02 -0.01682 -0.27019
0.0 -0.04747 -0.0166
-0.022068 0.021159 -0.361693
-0.030873 0.051125 -0.055868
-0.033789 0.026265 -0.323179
-0.011254 0.048208 -0.004351
-0.029225 0.038206 -0.249729
0.022482 -0.013293 0.000812
-0.0283 0.0 -0.0078
0.014823 -0.046798 -0.012743
0.012665 -0.042562 -0.025738
0.007031 0.039653 0.02909
-0.025353 -0.044263 0.007265
0.03631 0.024171 -0.009509
0.021737 -0.041717 -0.29555
0.025501 -0.033866 -0.127434
0.036145 -0.028902 -0.071523
-0.011306 0.048267 0.002902
-0.029066 0.02484 -0.292971
-0.003735 0.04066 -0.029637
0.00724 0.041665 -0.001939
-0.026569 0.053925 -0.080307
0.001356 0.04018 0.02988
-0.02587 0.0235 -0.0078
-0.014483 0.002128 -0.063228
0.027537 0.005928 0.00922
-0.01612 0.043014 0.01612
-0.026225 -0.010231 -0.059468
-0.005738 -0.012802 -0.29785
-0.019999 -0.004689 -0.379242
0.000931 0.021114 -0.315956
0.025316 -0.01205 -0.066041
-0.056084 0.038561 -0.118313
-0.001076 0.036608 -0.027724
0.012311 -0.03298 0.014038
-0.046533 0.001195 -0.347778
0.026007 0.013742 -0.066127
0.021313 -0.042717 0.018955
-0.024841 -0.034198 -0.022164
-0.023103 0.043885 -0.014107
-0.022989 -0.035634 -0.016436
0.00074 0.03056 -0.02348
0.018637 -0.021755 0.037781
-0.00203 0.046019 -0.02217
-0.0146 -0.02965 -0.31558
-0.025072 -0.003265 -0.33
-0.019011 0.000729 -0.069707
0.017523 -0.0 -0.041556
-0.018843 -0.01623 0.006191
-0.051442 0.004443 -0.286866
0.030348 0.039182 -0.035963
-0.028255 -0.028985 -0.315674
0.00649 0.041665 -0.003748
0.022025 0.043015 0.005898
0.01899 0.04 0.023162
-0.02212 0.0205 -0.0632
0.029 -0.036104 -0.047092
-0.014024 -0.02736 -0.047079
0.01579 0.032498 -0.236173
-0.025627 -0.038245 0.014151
-0.048825 -0.006161 -0.308741
0.0081 0.04243 -0.0277
0.037148 -0.017254 -0.053781
-0.001297 -0.016819 -0.362152
0.026086 -0.02249 -0.295367
0.031533 -0.026762 -0.058353
0.001934 -0.020553 -0.324759
-0.00238 0.047436 -0.016623
0.004817 -0.004763 -0.352451
-0.048671 -0.001736 -0.302836
0.01836 -0.007067 -0.047066
-0.016593 -0.042725 0.023187
-0.0376 -0.01688 -0.35519
-0.026898 0.014053 -0.055248
-0.011086 0.045015 -0.0222
0.022602 -0.04302 0.001929
-0.022218 0.03843 -0.035884
-0.011689 0.021525 -0.035865
0.012773 0.035973 -0.177355
-0.001097 -0.037384 0.028656
-0.02044 -0.04269 -0.256685
-0.0112 -0.04813 -0.0058
0.0058 -0.04 -0.0294
0.019852 -0.005884 -0.360089
0.018482 -0.01835 -0.035863
-0.008554 -0.039823 -0.028728
-0.011816 -0.026136 -0.345245
0.0 0.03502 -0.0249
-0.008035 0.041025 0.028675
-0.013442 0.019145 -0.276296
-0.028835 -0.004914 -0.376389
-0.013692 -0.029026 -0.041581
0.026487 -0.038686 -0.03405
-0.008529 -0.043831 0.025689
-0.02 0.01884 -0.065217
-0.041143 -0.034915 -0.202108
0.017406 0.003535 -0.039694
-0.003786 0.015435 -0.280551
0.022582 -0.034191 -0.004376
-0.01502 -0.028102 -0.009389
0.029457 -0.016828 0.006193
-0.01682 0.0307 -0.0078
0.0011 0.041688 0.029413
-0.019978 0.048744 -0.050682
0.024924 0.013284 -0.065136
-0.026926 -0.040945 -0.293323
0.0 0.046971 -0.018914
0.008412 -0.031489 -0.004356
-0.027463 -0.036538 -0.002907
0.004986 -0.038854 -0.298868
0.021455 0.019953 -0.053767
-0.02584 -0.04459 -0.05793
0.019378 -0.022085 -0.361956
-0.056031 -0.005007 -0.205742
-0.010097 0.003833 -0.033905
-0.019245 -0.014736 0.006996
0.005614 0.031559 -0.008621
-0.011747 -0.042953 0.025701
0.008654 0.001205 -0.337072
-0.009369 0.041901 0.027758
-0.024263 0.029394 -0.31892
0.00768 0.0502 -0.0693
-0.01488 0.0451 -0.28606
0.01449 0.04328 0.00388
0.030802 -0.009856 0.008264
-0.049671 -0.027408 -0.247642
-0.019838 0.045988 0.010006
0.003158 -0.045269 0.024034
0.040917 -0.003834 -0.028048
-0.026225 0.010231 -0.000532
-0.009831 -0.035562 -0.024051
-0.003152 0.038567 0.029416
-0.042211 0.019872 -0.320017
-0.014907 -0.00358 -0.064197
0.015303 -0.042683 0.024082
0.014628 -0.037005 0.024107
0.032145 0.02337 -0.109342
-0.005663 0.048811 0.001454
0.032195 -0.008254 -0.067603
-0.018339 0.043896 -0.27743
-0.02 -0.029895 -0.311274
0.002867 -0.005666 -0.028426
-0.016339 -0.039492 -0.025005
0.013773 0.040511 -0.026482
-0.016154 -0.036429 -0.035857
-0.002383 -0.033067 -0.018941
0.015603 -0.034187 0.016634
-0.04223 0.040625 -0.273759
0.010433 -0.033182 -0.299868
-0.005175 0.03788 0.028681
-0.029791 -0.043069 -0.313632
-0.011306 -0.048267 -0.002902
-0.014815 0.0 -0.064154
0.028103 -0.014739 -0.066999
0.029 -0.03986 -0.02804
0.020078 0.008591 -0.055257
-0.013229 -0.040097 -0.026819
-0.007689 -0.0476 0.014029
-0.010808 -0.015156 -0.026099
-0.017022 0.000722 0.008161
-0.011238 -0.004841 -0.376399
-0.007898 0.004118 -0.298153
0.039211 0.017598 -0.018422
0.010439 0.045172 -0.284999
0.010506 0.034136 -0.0201
-0.004488 0.011546 -0.274574
-0.004762 -0.047091 0.017794
0.006447 -0.003221 -0.292417
0.020017 -0.041472 -0.298988
-0.012382 -0.032747 0.012732
0.027552 -0.042688 0.007251
0.03923 0.0141 -0.0147
0.038451 0.006365 -0.053758
-0.018236 -0.043778 0.020183
-0.003609 0.034052 -0.022182
0.022906 -0.003582 0.004219
-0.02367 0.012035 0.005151
-0.018322 0.019292 0.00429
-0.012932 -0.028087 -0.031951
0.025888 -0.016066 -0.360059
-0.013323 0.044059 -0.023088
-0.024769 0.018867 -0.000523
0.035281 0.011386 -0.062033
0.0249 0.04 -0.0166
-0.012363 0.015778 -0.009487
0.018434 -0.046875 0.005813
0.019844 0.019513 -0.047083
0.012038 0.04118 -0.027133
-0.027906 0.005885 -0.053742
0.023 -0.03715 -0.0166
-0.018405 0.024036 -0.285066
-0.023103 -0.043698 -0.165191
-0.003156 0.004352 -0.271197
-0.011306 0.031734 0.002902
-0.022262 -0.00616 -0.313628
-0.010036 -0.039999 0.028236
-0.006172 0.036631 0.027078
-0.02769 -0.022465 -0.283035
-0.019811 0.005721 0.009557
0.001654 -0.048386 -0.327456
0.024533 0.002904 -0.066944
-0.005898 0.043015 -0.022025
0.025262 -0.038861 -0.092325
-0.013577 0.008109 -0.059494
0.022466 -0.034266 -0.005827
-0.028762 0.00424 -0.376398
-0.005505 0.01906 -0.284632
-0.000408 -0.036991 -0.313449
-0.016043 -0.032595 0.005818
-0.021132 -0.008536 -0.06877
0.001222 0.001174 -0.362264
0.041837 -0.021802 -0.005505
-0.021547 0.00833 -0.346331
-0.011958 0.028446 -0.313513
-0.002162 0.042555 -0.028662
0.019111 0.009539 -0.050513
0.0 -0.031037 -0.001451
0.025285 -0.037524 -0.024077
-0.010554 -0.046201 -0.018951
0.024354 -0.026775 -0.004642
-0.050367 0.027539 -0.287963
0.005037 0.047572 0.015336
-0.025062 0.012704 -0.06203
0.02734 -0.033173 -0.286323
-0.022748 0.042254 0.017887
0.028107 -0.023367 0.002171
-0.0277 -0.04 -0.0114
-0.013868 0.021221 -0.280053
-0.0117 0.03649 -0.0249
-0.02137 0.0055 0.0092
-0.039261 -0.044677 -0.075213
0.0208 -0.03376 -0.0058
-0.03973 -0.034638 -0.287557
0.004762 -0.032184 -0.014036
-0.01348 0.03047 -0.03
0.03185 -0.000106 -0.330003
-0.005611 -0.031344 -0.005811
0.009152 0.006232 -0.361947
0.033884 -0.009681 -0.065179
-0.02 -0.024323 -0.284433
-0.043437 -0.028848 -0.08108
0.030098 0.03487 -0.049028
0.014399 -0.038526 -0.025732
-0.011609 0.021554 -0.026093
-0.022218 -0.03843 -0.024116
-0.006725 -0.039147 -0.02907
-0.023411 0.029387 -0.325224
0.017974 -0.003533 -0.014678
-0.02 -0.018096 -0.271957
0.023127 0.034469 -0.0241
-0.002807 -0.031219 -0.005808
-0.024419 -0.025451 -0.05537
-0.016208 -0.028488 -0.301362
0.026163 -0.035398 -0.277681
0.034732 -0.033258 -0.041616
-0.017484 0.0 -0.04221
-0.023085 0.029379 -0.326173
-0.02392 -0.0157 -0.0632
-0.004237 0.007997 -0.038341
0.027865 0.008958 0.008749
-0.0239 0.018005 -0.062052
0.03798 0.0243 -0.05115
-0.054864 0.022947 -0.256568
-0.0246 -0.034777 -1e-06
-0.016847 -0.029683 -0.329482
0.026665 -0.034152 -0.01105
0.011054 -0.031948 -0.007203
-0.010613 0.011259 -0.022192
-0.021518 0.011992 0.007622
0.023794 -0.034953 0.00727
-0.016814 -0.026812 -0.293209
-0.014601 0.045708 -0.158839
0.032615 0.037266 -0.037874
0.019549 0.035777 0.017863
0.0095 0.0331 -0.0166
0.006725 0.040853 0.02907
0.00733 -0.0508 -0.04101
0.02255 -0.025388 -0.007711
-0.012628 0.036828 -0.024959
-0.001579 0.04534 0.024023
-0.024914 0.006384 0.004184
0.010175 -0.034087 -0.0201
0.016347 -0.037158 -0.023181
0.026159 0.039178 -0.014211
-0.013306 -0.051783 -0.346328
-0.036411 -0.024321 -0.333492
-0.032142 -0.023613 -0.348471
0.036071 0.01304 -0.099155
0.0 0.03253 -0.0166
0.025717 0.038423 -0.014249
0.030709 0.001455 0.009504
0.008456 -0.033842 0.020063
-0.01093 -0.041946 -0.02711
-0.034441 -0.016077 -0.360083
0.002032 0.045321 0.024025
0.029 -0.037607 -0.043468
0.03224 0.0261 -0.0018
-0.033038 0.014327 -0.360103
0.012745 0.039999 0.027087
0.014823 0.033202 -0.012743
-0.001458 0.04 0.029892
0.028826 0.039072 -0.007349
0.031262 -0.012712 -0.329991
0.027625 -0.039547 -0.028048
-0.017345 -0.033509 -0.054664
-0.019209 -0.016537 0.006213
0.04047 0.011491 -0.031956
0.034921 0.034669 -0.033948
0.03896 -0.0 -0.0522
-0.013229 -0.040097 0.026819
0.00055 0.042202 -0.029056
-0.023085 0.029386 -0.313867
0.001417 0.015362 -0.347814
-0.04074 -0.026718 -0.313697
-0.012749 -0.023487 -0.354836
0.030355 -0.038871 -0.037897
0.021511 0.041342 0.02029
0.013737 0.032118 -0.00436
-0.023695 -0.037012 0.015327
-0.006415 -0.026014 -0.306456
-0.018386 0.022243 -0.280432
-0.018491 0.037651 -0.022178
0.033835 0.011989 -0.16512
-0.004759 -0.032665 -0.016632
-0.035652 -0.008427 -0.299874
-0.031585 0.038493 -0.330035
-0.029382 0.039 -0.004347
-0.007278 -0.049703 -0.324774
-0.025867 0.013428 -0.362888
-0.005611 -0.048656 0.005811
0.021409 -0.002709 -0.060772
-0.035486 -0.022659 -0.34485
-0.061308 -0.000128 -0.174278
0.03014 -0.016404 -0.066185
-0.026409 -0.029368 -0.326387
-0.009911 0.034982 -0.045078
-0.01579 0.051 -0.12859
-0.009156 0.04668 0.017761
-0.028284 0.042732 -0.002968
0.024166 -0.023095 -0.001657
0.004809 0.04359 0.027036
-0.027167 0.027499 -0.337482
-0.025783 0.035597 -0.004359
-0.036827 -0.034402 -0.313627
-0.017669 -0.029285 -0.004551
-0.019016 0.035171 0.016666
-0.017947 -0.025395 -0.000341
-0.018843 0.01623 -0.066191
0.00672 0.043273 -0.027085
0.021333 -0.04302 0.007712
-0.014462 -0.013487 -0.267485
-0.003711 0.026404 -0.363983
-0.048131 -0.036179 -0.07349
-0.02 0.029638 -0.317116
-0.006105 0.02683 -0.364087
0.02694 0.021 -0.2975
0.036428 -0.016302 -0.003212
-0.007815 0.054621 -0.031707
-0.014149 0.033273 -0.014048
-0.003742 0.042392 0.028654
-0.030153 0.01385 -0.368734
-0.023304 0.04158 0.017953
-0.03707 0.001323 -0.270784
-0.020588 -0.023451 -0.062202
-0.055641 0.004617 -0.210985
-0.045052 0.012488 -0.340681
0.034742 0.007836 -0.064169
0.0 0.021664 0.042079
0.012576 -0.040337 -0.027159
-0.040741 0.020211 -0.313733
-0.043164 -0.019242 -0.319985
-0.008412 -0.031664 -0.007214
-0.028661 -0.010237 -0.012953
0.024457 0.001452 0.006933
-0.012411 -0.015962 -0.271397
-0.02056 -0.003188 0.009729
0.018125 -0.007063 -0.04533
0.034558 0.009096 0.004212
0.008412 -0.031664 0.007214
-0.001097 0.042616 0.028656
-0.013981 -0.028183 -0.045356
0.015248 -0.032884 -0.010031
-0.045629 0.039825 -0.146206
-0.03306 -0.0414 -0.06732
0.038807 0.021019 -0.020293
-0.017006 0.035635 -0.016436
0.036135 0.00213 0.002014
-0.049837 0.029939 -0.288152
-0.04221 0.0 0.017484
-0.026414 0.043345 0.00862
0.022602 0.04302 -0.001929
0.023045 -0.02938 -0.227425
0.01836 0.007067 -0.012934
-0.004062 -0.034421 -0.023115
-0.019355 -0.043225 0.020169
-0.022387 0.029543 -0.323172
-0.01583 -0.01976 -0.364718
0.027204 -0.036696 -0.094737
0.010529 0.046198 -0.01895
-0.010157 -0.003756 -0.035858
0.017306 0.033551 -0.011423
-0.023345 0.023256 -0.059595
0.033121 0.032487 -0.011201
0.019838 -0.045988 0.010006
-0.002996 0.046244 -0.146895
-0.027398 0.028486 -0.311607
-0.050094 0.017016 -0.287821
0.022599 0.030267 -0.014593
0.004883 -0.049211 -0.313647
0.034464 -0.009652 0.004217
-0.012392 0.041987 -0.026441
0.035718 0.00893 -0.130344
-0.034174 0.025451 -0.30841
-0.003636 -0.009191 -0.273109
-0.051307 0.038082 -0.286485
0.008808 -0.033567 -0.018916
0.019652 0.001947 -0.299884
-0.024643 0.009091 -0.064194
0.030411 0.014356 -0.225938
0.03325 -0.009557 0.00609
-0.005613 -0.031442 -0.007217
0.034992 -0.023626 -0.004658
0.009156 -0.033319 0.017761
-0.022168 -0.029015 -0.336407
0.020422 -0.037406 -0.020093
-0.022332 -0.04302 0.003984
-0.02728 -0.026811 -0.296516
-0.024832 0.015627 -0.297064
0.027009 0.019299 -0.064307
-0.022582 0.034191 -0.004376
0.010381 -0.043137 -0.338018
0.029841 -0.040096 0.001951
0.034053 -0.017831 -0.15645
0.023268 -0.033258 -0.018384
0.011306 -0.031734 0.002902
-0.029003 0.003181 -0.047048
-0.014481 0.002128 0.003229
-0.002774 -0.027453 -0.297588
0.005504 -0.040498 0.029418
0.008839 -0.038977 -0.184652
0.036473 -0.010234 -0.000526
0.004062 -0.045578 -0.023115
-0.025725 0.032096 -0.037848
0.003409 0.040809 -0.029633
0.021187 0.030395 -0.028044
-0.029185 0.003531 -0.045315
-0.024865 0.040096 0.01661
-0.024671 -0.032786 -0.043508
0.005686 -0.001231 -0.013399
0.039065 -0.023059 -0.06416
0.027653 -0.03842 -0.020198
0.028311 -0.02019 0.004367
0.012848 -0.04512 -0.312315
-0.03084 -0.010376 -0.372057
-0.007988 0.048723 -0.137738
0.040813 -0.003836 -0.024142
0.026244 0.003639 0.008719
0.018789 0.017598 -0.041578
0.02091 -0.043203 -0.295395
0.042039 0.021755 0.00275
-0.010818 0.043294 -0.025643
-0.007136 -0.04741 -0.015328
-0.020489 0.046189 0.007206
-0.016824 -0.042332 -0.298961
-0.035943 -0.044744 -0.058232
-0.028032 -0.0 -0.053709
0.002609 -0.013247 -0.290661
-0.028608 -0.038075 0.005888
-0.00985 0.040339 0.028272
-0.005179 0.028296 -0.299904
-0.050301 -0.019369 -0.086149
-0.010048 -0.026702 -0.339805
-0.012306 -0.003182 -0.004762
-0.025299 -0.006379 0.003228
-0.004163 0.039652 0.029648
-0.022404 -0.002187 -0.068731
0.038887 -0.009539 -0.050513
-0.029804 -0.00766 -0.03
-0.001628 -0.007854 -0.298448
0.022478 0.040096 -0.019718
-0.0 -0.038665 -0.029614
0.009838 0.051898 -0.053094
-0.010974 -0.026762 -0.298884
-0.002696 0.045258 -0.313672
0.011254 0.048208 -0.004351
-0.025304 0.00638 0.003231
-0.029187 0.015156 -0.033901
-0.029278 -0.011261 -0.039689
0.025308 -0.037756 -0.026103
-0.013484 -0.047737 0.007216
-0.034655 0.037509 -0.045336
-0.005749 -0.016051 -0.362211
-0.024059 0.04 0.017816
-0.016927 0.038414 -0.211775
-0.03236 -0.046333 -0.285729
-0.011892 0.02691 -0.339303
-0.025952 0.002128 -0.061997
0.025928 0.005628 0.008207
0.023312 -0.001453 0.005141
-0.016729 0.028441 -0.336042
0.00275 0.021755 0.042039
0.0189 -0.0441 -0.29557
0.020052 -0.023965 -0.041585
-0.036471 -0.037317 -0.201669
-0.01798 -0.005593 -0.068732
-0.016847 0.018146 -0.063302
0.037424 0.001013 -0.106082
-0.0172 0.0076 -0.067595
0.006787 0.046928 -0.017784
0.008386 -0.043423 -0.338882
-0.057521 0.018995 -0.279786
-0.016388 -0.044179 -0.304528
0.026095 0.011642 0.006953
-0.007157 -0.042652 -0.027732
-0.007662 0.035615 -0.024937
-0.048372 0.03059 -0.288371
0.030076 0.030419 -0.004528
-0.005637 -0.04545 0.023103
0.011775 0.045025 -0.346377
-0.035809 -0.040797 -0.287432
0.022518 0.047681 -0.056289
0.006749 0.036058 -0.210047
-0.011797 -0.04328 0.009053
-0.051791 -0.011105 -0.28555
-0.05159 -0.023346 -0.202799
-0.017051 0.001459 -0.068173
-0.0063 0.03541 -0.0249
0.023823 -0.030805 -0.048892
0.013472 -0.04525 -0.303289
-0.013484 -0.032263 -0.007216
0.029275 0.015348 -0.330012
-0.021727 -0.007941 -0.362994
-0.013628 0.032188 -0.005812
9.3e-05 0.013641 -0.296348
0.011812 0.0 0.044104
0.03683 -0.0261 -0.0453
-0.018292 -0.022595 0.00218
-0.0176 0.03472 -0.0166
0.027467 -0.036533 -0.002908
-0.016785 0.045076 -0.291875
0.010755 -0.032169 0.010004
0.026665 0.034152 -0.04895
0.01868 -0.035879 -0.019011
0.036045 -0.004259 -0.06203
0.011527 -0.034709 -0.021252
-0.012933 -0.028087 -0.028049
0.016792 0.044334 -0.020138
-0.009593 -0.013023 -0.269992
-0.018866 -0.016701 -0.296743
0.037039 0.00213 -0.000491
0.016774 0.020926 -0.362413
0.010175 0.045913 -0.0201
-0.00901 0.041338 -0.028251
-0.027242 -0.042625 0.008728
0.034875 -0.010316 0.003249
0.0054 0.04066 -0.0294
0.012714 -0.041228 -0.321021
0.02917 0.041948 0.0
-0.025353 -0.035737 -0.007265
-0.011747 0.042953 -0.025702
0.02117 0.0261 -0.0147
-0.013119 -0.027313 -0.02032
0.01033 0.047527 -0.012707
-0.05536 0.026 -0.16849
0.006209 0.04285 0.027742
-0.014242 -0.029363 -0.31167
-0.028498 0.042747 -1e-06
-0.009831 -0.049979 -0.304838
0.030587 0.026005 -0.059762
0.032081 -0.015746 0.005266
0.0258 -0.032464 -0.009327
-0.00406 -0.033145 0.018951
0.008573 -0.045091 0.023112
-0.011355 0.031699 -0.001451
-0.015348 -0.029359 -0.309117
0.027446 0.008114 0.008787
-0.0095 0.0331 0.0166
-0.012037 -0.044408 0.023124
0.023159 -0.04 -0.018988
-0.029204 -0.01808 -0.275674
0.036117 -0.00271 0.002015
-0.000648 0.018976 -0.344526
-0.009546 -0.040857 0.028264
-0.008104 -0.000736 -0.298027
0.018408 -0.038841 -0.134373
0.02409 -0.045107 0.005843
0.002676 0.038471 -0.029413
-0.021734 0.036372 -0.016677
0.038012 0.019482 -0.071419
0.026288 -0.028458 -0.17632
-0.02 0.029635 -0.322924
0.01724 0.0 -0.0222
0.036078 -0.009662 0.000735
-0.021434 0.001456 -0.069495
0.037948 0.023965 -0.041585
0.010885 0.021663 0.040646
-0.014186 -0.032312 -0.024093
-0.019131 0.04335 0.020148
-0.006437 -0.046679 -0.018942
-0.014434 -0.026263 -0.009434
-0.006528 -0.026789 -0.326294
0.018495 -0.033034 -0.004358
-0.005713 -0.048819 0.001454
0.02448 0.034753 0.001449
-0.02667 0.026513 -0.043431
-0.019019 0.013637 -0.05342
-0.023233 0.014455 -0.330012
0.028999 -0.032065 -0.006207
0.015248 0.032884 0.010031
-0.041635 0.031408 -0.197568
-0.017832 0.028485 -0.336448
-0.003921 0.008803 -0.272854
-0.012852 0.032637 0.011422
-0.028211 0.009887 -0.009497
0.031993 0.013742 0.006127
-0.004862 0.052191 -0.082585
-0.018827 -0.039377 -0.033897
-0.0005 0.01118 -0.28101
0.027467 -0.043467 0.002908
-0.042183 -0.026549 -0.286748
0.007259 0.037274 -0.18871
0.032814 -0.023614 -0.000389
-0.01331 0.047746 0.007219
0.029453 -0.015031 -0.066978
-0.00327 0.03772 -0.230674
0.006123 -0.038102 -0.028653
-0.012751 -0.008421 -0.299908
0.02735 0.0055 0.0092
-0.005504 -0.040498 -0.029418
-0.028309 0.021525 -0.024135
-0.014287 0.022615 -0.053717
-0.060202 0.012863 -0.172974
0.033468 0.002904 -0.066945
-0.015177 -0.027381 -0.343556
-0.02376 0.026285 -0.346637
0.032376 -0.035069 -0.014568
-0.018906 0.036529 -0.045471
-0.018091 -0.033202 -0.050693
0.036878 0.016355 -0.004711
-0.007136 0.046903 -0.017785
0.006939 -0.039484 0.029116
0.024267 0.013259 0.004227
0.023794 -0.045047 -0.00727
0.031125 0.015944 -0.261848
-0.01448 0.011561 -0.373865
-0.010933 0.024842 -0.29297
-0.006986 -0.026671 -0.309367
-0.004734 -0.044395 0.025657
-0.018201 0.031035 -0.006046
-0.010579 -0.042118 0.027129
0.00346 0.017788 -0.32885
-0.019911 0.043537 -0.169455
0.039367 -0.01059 -0.012942
-0.027953 0.009532 -0.007778
0.002153 -0.044213 0.026382
-0.007959 0.047966 0.011417
-0.01821 0.0403 -0.18923
-0.020333 -0.043123 -0.294801
-0.031458 0.001178 -0.375241
0.006756 0.035049 -0.023994
0.0311 0.032247 -0.052435
-0.000134 -0.031518 -0.363713
-0.061281 -0.021258 -0.093281
-0.020551 0.029403 -0.311513
-0.008919 0.017896 -0.277869
-0.018804 -0.038848 -0.0379
-0.015825 -0.029367 -0.308465
0.02945 0.0176 -0.21777
0.028307 -0.01305 -0.067703
0.036669 -0.014999 -0.107366
0.03825 0.024712 -0.035867
-0.029962 0.0 -0.031951
0.019838 0.034012 0.010006
0.022673 -0.035204 0.011481
0.032532 -0.009559 0.006942
-0.003381 -0.022659 -0.298507
-0.012303 -0.025309 -0.348817
-0.001742 -0.021261 -0.296034
0.03996 -0.015081 -0.024148
-0.020589 -0.013049 -0.067703
-0.012783 -0.026059 -0.29347
-0.055357 0.003672 -0.072203
-0.013516 0.030058 -0.024122
0.003265 0.042476 -0.028638
0.00999 0.038394 0.027745
-0.05641 0.02004 -0.08136
0.021814 -0.028207 -0.045368
-0.018219 -0.006847 -0.068722
-0.025529 0.009082 0.00197
0.006915 -0.037781 -0.32481
0.002381 0.032803 -0.017782
-0.022713 0.029539 -0.322221
-0.054636 0.027533 -0.28484
0.023966 0.003586 0.006069
-0.022379 -0.00688 -0.068202
0.026467 -0.026762 -0.058353
-0.016209 0.027999 -0.301403
0.007413 0.047622 -0.01403
-0.017931 0.025293 -0.056171
0.035239 0.024509 -0.053815
-0.029295 0.035857 -0.225255
0.028861 0.045368 -0.032459
-0.020003 0.034808 -0.014058
-0.0142 0.02915 -0.32002
-0.012303 0.0248 -0.291182
-0.006765 -0.035849 0.025664
-0.007989 -0.050169 -0.317504
0.023839 -0.01392 0.003254
0.028328 -0.021536 -0.222202
-0.051767 0.026479 -0.083529
0.009629 -0.04302 -0.020538
-0.032137 -0.042331 -0.288877
0.028106 0.024907 -0.060973
-0.002736 -0.037931 0.029047
0.00158 -0.033964 -0.02217
-0.019502 0.022636 -0.363413
0.038149 0.005413 -0.004733
-0.028631 -0.026785 -0.298326
-0.003534 -0.023593 -0.337835
0.033473 -0.025596 -0.056833
0.030981 -0.011598 -0.067635
-0.0047 -0.02516 -0.33258
-0.021507 0.03 -0.004457
-0.001487 0.021094 -0.339663
-0.028121 0.042696 -0.004422
-0.002813 -0.039823 0.029812
0.037921 -0.012232 -0.053715
0.026011 0.023433 -0.230236
-0.032985 -0.04644 -0.282571
-0.002185 -0.037892 -0.029061
0.033466 0.035237 -0.018422
0.036078 -0.003814 -0.16208
-0.011947 -0.043004 -0.326115
0.022652 0.0458 0.004384
-0.021808 0.009043 -0.068202
-0.012869 0.014953 -0.053742
0.038177 0.004901 -0.085682
0.021536 0.005416 0.000786
-0.01347 0.0108 -0.0018
-0.02 -0.0222 0.0032
-0.010057 0.047342 -0.014009
-0.021597 -0.004202 -0.069219
0.030048 -0.016973 -0.285654
0.005637 0.04545 0.023103
-0.019443 -0.041388 -0.246881
-0.041997 -0.042205 -0.26698
-0.008559 -0.031389 0.0
-0.019239 0.024898 0.00096
-0.019037 0.008957 -0.068744
-0.026392 0.029917 -0.02217
-0.027431 0.01223 -0.006289
-0.024231 -0.029007 -0.334753
-0.012278 -0.028973 -0.312519
0.00403 0.0372 -0.24272
-0.01865 -0.040673 -0.023263
0.022125 0.042154 -0.297242
0.003817 -0.042147 -0.339611
0.032692 -0.037756 -0.033897
0.00776 0.04 0.02898
-0.02 0.01631 -0.36981
-0.033014 0.026181 -0.309407
0.012222 -0.042052 -0.335111
-0.029908 -0.021628 -0.283194
-0.020736 -0.012496 -0.296954
0.007209 -0.034717 -0.023076
0.003147 0.004169 -0.357118
0.008077 0.042984 0.027082
-0.024361 0.029384 -0.32002
0.039959 -0.015081 -0.035852
-0.00151 -0.021606 -0.300336
-0.015951 -0.041458 -0.29707
0.036763 0.020837 -0.052247
-0.065997 0.000996 -0.09569
-0.028395 0.040992 0.008697
-0.028351 -0.013755 -0.047031
-0.046213 -0.004658 -0.292421
-0.005128 -0.041651 -0.338316
0.005754 0.038695 -0.029098
0.003505 -0.029221 -0.363368
-0.002986 0.0 0.045576
-0.013297 -0.044917 -0.021241
0.031801 -0.023376 -0.153276
-0.031223 0.026923 -0.308502
0.018872 -0.010243 -0.048788
0.021735 0.043631 0.016679
0.03943 0.018214 -0.022184
-0.025392 -0.025369 -0.007726
0.026095 -0.011642 -0.066953
-0.039111 0.012474 -0.358105
-0.020965 -0.029288 -0.329975
-0.00791 0.039698 -0.251552
0.005117 -0.041581 0.029056
0.00388 0.04328 0.01449
0.019667 0.044218 -0.330038
0.037781 -0.021755 -0.018637
0.011181 0.0035 -0.298882
-0.043996 -0.031569 -0.286603
0.034265 0.031633 -0.04715
-0.007157 0.042652 0.027732
-0.010631 0.003758 -0.043441
0.023697 -0.03701 0.015328
-0.011156 -0.018361 -0.033905
-0.022409 0.019371 -0.296877
-0.006082 0.033932 0.021229
-0.013755 -0.054288 -0.329961
-0.021875 0.017358 -0.065167
-0.053032 -0.028721 -0.279358
-0.020002 0.013472 -0.067618
-0.026174 0.02017 -0.361948
0.036803 -0.030243 -0.033901
-0.025934 -0.006425 -0.377314
-0.0281 -0.02142 -0.28098
-0.009022 -0.045393 -0.02218
0.029124 -0.000104 -0.291834
0.007171 0.038094 -0.251044
0.011829 -0.033141 -0.015339
0.01235 -0.0416 -0.33385
0.007136 0.046903 0.017785
-0.003024 -0.003355 -0.369164
-0.047137 0.011363 -0.309362
-0.010733 -0.034908 0.022199
0.024493 0.035737 -0.039694
-0.02434 0.029698 -0.050557
0.036021 0.022694 -0.081701
0.021356 -0.029945 -0.037837
-0.01568 -0.041461 0.024991
0.021466 -0.041452 0.020255
0.002224 -0.051554 -0.313623
-0.016866 -0.029601 -0.006256
0.03174 0.007144 -0.2601
0.034289 0.007165 0.005112
0.0095 -0.0469 0.0166
0.031412 -0.018948 0.004219
0.011797 0.04328 0.009053
-0.017479 -0.013735 -0.066107
-0.055713 -0.010409 -0.280002
-0.016026 -0.040998 0.025029
-0.011678 0.035854 -0.047391
-0.018444 0.038969 0.023316
0.024353 0.026775 -0.055358
0.001633 0.042143 0.029065
0.030159 0.019907 -0.06441
-0.048701 -0.000242 -0.302849
-0.022858 0.014981 -0.0652
-0.013601 -0.029917 -0.03783
-0.024795 -0.018868 -0.000522
-0.012081 -0.046868 -0.327592
-0.026009 -0.044427 0.002937
0.008573 0.034909 0.023112
-0.013765 -0.010231 -0.000532
0.001076 -0.043392 0.027724
-0.043343 -0.000285 -0.357686
0.0271 -0.04336 0.0058
-0.032602 -0.045845 -0.134869
0.03964 -0.007067 -0.012934
0.023159 0.04 -0.018988
0.03326 0.003951 -0.204739
-0.017322 -0.050525 -0.108299
-0.026079 0.019039 -0.055257
0.007223 -0.043653 0.026396
0.036803 0.030243 -0.026099
0.013372 -0.03881 0.026489
0.026751 -0.008421 -0.299908
0.0199 0.016096 -0.009475
-0.014114 0.032563 -0.028056
0.029 0.035216 -0.048839
0.015227 -0.025406 -0.360079
-0.019811 -0.00572 0.009553
-0.012062 0.013055 -0.050482
-0.018293 0.046793 -0.007223
0.035059 -0.029022 -0.011079
-0.053507 -0.01309 -0.227772
-0.003627 0.022197 -0.297844
0.027727 0.004134 -0.069504
0.025641 0.044313 -0.005832
-0.02716 -0.011757 -0.004785
0.017977 0.003533 -0.014679
-0.022713 -0.030049 -0.322181
-0.021447 0.034476 -0.010057
-0.016915 -0.000208 -0.260567
-0.006437 0.033321 -0.018942
0.028311 0.02019 -0.064367
-0.002382 -0.048109 -0.012725
0.018495 0.046966 -0.004358
-0.010422 -0.024559 -0.349177
-0.02375 -0.0362 -0.0222
0.029235 0.011471 -0.068285
-0.003081 -0.039053 -0.029619
0.008643 0.04 0.028692
-0.016657 0.031603 -0.050506
-0.001581 0.039257 0.029774
0.013297 -0.044918 -0.021241
0.033544 0.001452 0.006933
0.025352 0.03548 -0.346366
0.02449 0.01149 -0.06518
0.038603 0.005729 -0.330008
-9e-06 -0.036988 -0.324395
0.038733 -0.026024 -0.058262
-0.020941 -0.031652 -0.006039
-0.014735 -0.028008 -0.300017
-0.029275 -0.003237 -0.297217
-0.02 -0.039732 -0.026084
0.004759 -0.047332 0.016631
-0.046831 0.033445 -0.288568
0.027084 0.004202 0.009221
-0.030841 -0.02594 -0.29836
-0.023306 -0.048032 -0.346336
0.035864 -0.02695 -0.011135
-0.022132 0.037699 -0.020124
-0.024791 -0.033838 -0.039747
-0.023322 -0.015727 -0.064243
-0.043862 -0.013172 -0.294758
0.011493 -0.04622 -0.31315
0.032616 -0.037267 -0.037875
0.022136 -0.02695 -0.048865
-0.024575 -0.050261 -0.329962
-0.028854 -0.003291 -0.263252
-0.0195 -0.04243 0.0212
0.005703 -0.007616 -0.293294
-0.01625 -0.0362 -0.0222
0.021122 0.043414 -0.288168
-0.003265 0.042477 -0.028639
-0.027633 -0.019495 -0.012933
0.026482 -0.004944 0.008747
-0.010828 -0.035767 0.024041
0.026828 -0.031348 -0.140615
-0.008808 -0.046434 -0.018916
-0.028727 -0.028537 -0.310517
-0.0212 -0.03364 0.0
0.002578 0.01896 -0.32815
-0.02894 -0.0082 -0.297214
0.02684 -0.0029 -0.0692
-0.008264 0.031764 0.008616
-0.024231 0.028496 -0.305247
-0.001741 0.014787 -0.296068
0.027762 -0.03173 -0.286206
0.027427 -0.01241 0.007593
-0.009849 0.013848 -0.368732
-0.027297 -0.036569 0.004356
-0.013629 0.047814 -0.005812
-0.002058 -0.010591 -0.363158
-0.02638 0.029422 -0.0397
-0.020365 0.007507 -0.069232
0.001899 -0.01704 -0.296863
-0.010962 0.02683 -0.338038
-0.02 0.028841 -0.305604
0.027967 -0.024148 -0.290977
-0.016586 0.013279 0.005121
0.020579 0.002706 -0.058237
0.008574 0.045092 -0.023112
0.022919 -0.041019 -0.089695
-0.006756 0.035049 -0.023994
0.021884 0.03783 0.019054
-0.030152 0.020973 -0.29988
0.01793 0.0153 -0.03
0.022674 -0.02082 -0.003276
0.006666 0.00194 -0.016067
-0.019226 0.037496 -0.057205
-0.016113 0.036622 -0.033907
0.007501 -0.04328 -0.012989
-0.02596 0.007433 -0.263467
-0.006765 0.044151 0.025664
0.0 -0.033319 -0.020061
-0.027436 0.040936 0.011524
-0.002809 0.048429 -0.010016
-0.01634 0.034678 -0.016557
-0.027455 0.023946 -0.018425
-0.013865 0.028457 -0.307805
-0.023078 0.022211 0.000861
0.010822 -0.040984 0.027753
0.03017 -0.0232 -0.17827
0.040713 -0.003759 -0.037811
-0.036373 -0.022667 -0.297803
0.0157 0.043165 0.023204
0.022011 -0.04225 -0.28952
-0.043723 0.016531 -0.305731
-0.011155 -0.014556 -0.018445
-0.016917 0.022211 -0.060861
0.000551 -0.038691 -0.029621
-0.00075 0.0354 -0.30003
-0.002505 -0.024452 -0.324046
-0.014693 -0.006379 -0.063229
-0.00465 0.017643 -0.297967
-0.026841 -0.040822 0.012898
-0.013904 0.040352 -0.026498
-0.002185 0.042108 -0.029061
-0.0271 -0.04336 0.0058
-0.016273 0.044945 -0.018926
0.034965 -0.029288 -0.329975
-0.019056 0.034849 -0.049027
-0.01574 -0.024271 -0.003145
0.028537 -0.011312 0.008257
0.030829 -0.027655 -0.124956
-0.023558 -0.016931 0.003267
-0.006858 -0.01955 -0.282669
0.020489 -0.033811 -0.007206
0.006213 0.004188 -0.292421
0.01387 0.033489 0.015351
-0.02611 -0.029369 -0.312618
0.011661 -0.044494 0.023127
-0.0173 0.0108 -0.0669
-0.015261 0.045581 -0.0178
0.002606 -0.041049 0.029625
0.015564 -0.039321 -0.299351
-0.011238 0.004331 -0.263601
-0.016323 0.012035 -0.065151
-0.02216 0.038658 -0.033843
0.018023 -0.033332 -0.221311
0.029001 -0.029549 -0.056785
0.003152 -0.041433 -0.029416
0.001929 -0.04302 0.022602
-0.012228 0.025007 -0.03
-0.0 0.039543 0.029866
0.021724 -0.046272 -0.041217
0.003747 -0.015599 -0.30042
0.023973 0.037443 -0.099693
0.005206 -0.03904 -0.234147
-0.0227 0.0108 -0.0669
0.0 -0.044643 -0.025628
0.002639 -0.044338 -0.339968
-0.009018 0.044139 -0.024952
0.03568 -0.0255 -0.08327
-0.012828 0.053864 -0.072585
0.030405 -0.003484 0.009511
0.021734 0.036372 0.016677
-0.057655 0.024386 -0.276309
-0.011698 0.039127 -0.330036
-0.025641 -0.044313 0.005832
0.025805 -0.008254 0.007603
0.0341 0.016775 -0.061991
0.011636 -0.035508 -0.023126
0.025309 -0.044322 0.007245
-0.026433 0.02666 -0.360133
0.002866 -0.016757 -0.363232
0.023736 0.036047 -0.012793
-0.025016 -0.034806 -0.299829
0.017848 -0.011043 -0.020309
0.015064 0.043965 -0.022209
0.024902 -0.024632 -0.001687
0.018436 -0.046879 -0.005814
0.009875 -0.043533 -0.025674
-0.023355 0.002175 -0.06757
0.014971 -0.042689 -0.301729
-0.015064 -0.036035 0.022209
-0.013545 -0.042913 -0.31523
0.028079 -0.011007 0.008246
-0.023355 -0.002175 0.00757
-0.014176 0.025474 -0.291742
-0.024303 0.013915 0.003241
-0.018867 0.010176 -0.363257
-0.027198 0.044459 -0.295559
0.018548 0.046949 0.004364
-0.013956 0.002926 -0.261867
-0.0116 0.028035 -0.330435
-0.013737 0.047882 -0.00436
-0.029532 0.025543 -0.343472
0.024306 0.021723 -0.059617
-0.045099 -0.001726 -0.287237
0.036867 0.000777 -0.130243
-0.026729 0.028834 -0.314565
0.028998 0.009713 -0.068757
0.038262 0.008712 -0.330011
-0.02786 0.016132 -0.048784
-0.026754 0.008106 -0.058227
0.0 0.048136 0.012706
0.023697 0.04299 0.015328
0.025285 0.037524 -0.035923
0.007133 -0.047155 -0.016624
-0.020571 0.053022 -0.101504
-0.020184 -0.009573 -0.068802
-0.039779 0.015299 -0.352249
0.03371 -0.0157 0.0032
-0.028432 0.040933 -0.008759
-0.014281 0.038654 -0.243698
-0.008713 0.041483 0.028251
-0.007008 0.045288 -0.292228
0.029 0.039515 -0.035865
0.001582 -0.036185 0.027064
-0.0 0.033938 0.022142
-0.03981 -0.018339 -0.293457
-0.042015 0.032211 -0.190858
-0.010733 0.045092 0.022199
0.02576 0.0108 -0.0669
-0.0063 -0.03541 0.0249
-0.013769 0.005412 -0.060763
0.021466 0.038548 0.020255
-0.022465 -0.045731 0.005827
0.007056 0.009904 -0.335966
-0.015025 0.013183 -0.062028
0.02139 -0.00213 0.000768
0.006404 -0.041005 -0.029093
-0.031669 -0.021755 -0.027779
-0.029331 -0.040096 0.005835
-0.02 -0.0078 -0.0692
-0.015735 -0.016769 -0.061981
-0.012356 -0.019495 -0.047067
0.036474 -0.010234 -0.059475
-0.00313 -0.049716 -0.322447
-0.001083 -0.042173 0.029064
0.007962 -0.032217 0.012726
-0.017049 0.009558 -0.066935
-0.02272 -0.029001 -0.336205
0.031238 -0.033233 -0.050712
-0.00203 -0.033678 -0.021228
-0.005597 0.037957 -0.230799
0.014434 0.042364 -0.024966
0.029465 0.003615 0.009744
-0.01647 0.0058 0.0069
0.027642 -0.039402 -0.026091
-0.027599 0.037636 -0.197354
0.005139 -0.00023 -0.287172
0.031004 -0.015745 -0.06607
-0.021466 -0.038548 0.020255
0.00657 -0.044668 -0.338987
-0.020368 -0.001382 0.009849
-0.013584 0.033738 0.016645
-0.0 -0.032062 0.014008
0.011797 -0.04328 0.009053
-0.026871 0.027313 -0.02032
-0.016917 -0.012046 0.00603
-0.016397 0.023716 -0.021597
-0.012705 0.005409 -0.003254
0.026605 0.005548 0.008759
-0.021081 -0.027431 -0.294933
0.036507 0.009174 -0.104068
-0.025417 -0.040818 0.015502
-0.001649 0.042145 0.029062
-0.067338 -0.008551 -0.112178
-0.043904 -0.039149 -0.069078
-0.017599 -0.016182 -0.065215
-0.028929 -0.03915 -0.22937
-0.052857 0.027268 -0.287091
0.018904 0.041909 -0.022272
0.006789 -0.046656 -0.01894
0.028429 0.024447 -0.154006
0.005977 0.005678 -0.292662
-0.006123 -0.038102 0.028653
0.027607 -0.040129 -0.011433
0.021884 -0.037829 -0.019054
-0.040933 0.021115 -0.315956
-0.04078 -0.034415 -0.22526
0.029144 0.038981 0.005874
-0.015909 -0.038567 -0.028297
-0.014544 -0.013282 -0.060786
-0.014967 0.034341 -0.017802
-0.023794 0.034953 0.00727
0.004572 0.005681 -0.352204
0.027427 0.01241 -0.067593
-0.005213 -0.046937 -0.339206
0.00203 0.033353 0.020089
-0.008562 0.031396 0.001454
-0.045392 0.031825 -0.288511
-0.022795 0.01147 -0.374802
0.012691 0.00422 -0.29724
-0.02091 0.02911 -0.056902
-0.008141 0.039143 -0.028696
-0.024754 -0.029672 -0.313679
-0.001482 -0.022453 -0.304666
-0.037746 -0.020493 -0.048607
0.005474 0.015279 -0.314677
-0.03898 -0.0366 -0.19558
-0.024552 0.044232 0.010044
-0.00165 -0.041656 0.02941
-0.007287 0.025562 -0.336256
-0.001138 -0.006189 -0.274921
-0.015 0.034571 -0.026096
0.036935 0.004835 -0.000475
-0.011614 0.021725 -0.031956
-0.021997 -0.051589 -0.329962
-0.04702 0.036594 -0.077369
0.009875 -0.001707 -0.32
0.004061 -0.03914 -0.33714
-0.038312 0.036729 -0.050087
-0.018642 0.029629 -0.31892
-0.024969 -0.028102 -0.05061
-0.007171 0.008929 -0.298169
-0.010828 0.044233 0.024041
0.039423 0.006365 -0.011202
-0.028529 -0.003533 -0.0505
-0.010885 -0.020892 -0.36005
-0.047738 0.002218 -0.287406
-0.015578 0.007162 0.005099
0.030779 0.028708 -0.057011
-0.002384 0.040498 0.029788
-0.011548 -0.046616 0.016631
0.006085 -0.033596 -0.02009
-0.017779 0.038781 -0.032034
0.025958 0.032583 -0.009304
0.001167 0.002704 -0.27791
-0.031352 0.004175 -0.265368
-0.001483 0.021972 -0.304707
0.01809 -0.034531 -0.015311
-0.017261 -0.029351 -0.333395
0.019516 0.005888 -0.053759
-0.028958 -0.014779 -0.039678
0.021986 0.004838 0.002029
0.013541 -0.037209 0.024985
0.017901 0.007066 -0.043456
-0.015207 -0.033838 -0.020254
0.030659 -0.00218 -0.069495
0.008033 0.043489 0.026404
0.040436 -0.003535 -0.041572
0.001892 0.016558 -0.296885
-0.004478 -0.011986 -0.274545
-0.012979 -0.002704 -0.058226
-0.015878 -0.023678 -0.283722
-0.017931 0.023989 -0.354783
-0.021477 -0.000726 0.009496
-0.032158 -0.026777 -0.306648
0.031234 -0.028001 -0.116619
-0.055503 0.004476 -0.242533
-0.009599 0.024759 -0.345256
-0.0298 0.0 -0.0378
-0.01032 0.01671 -0.36001
0.030901 0.022314 -0.13549
-0.0395 -0.01162 -0.28099
0.031149 -0.009044 -0.068216
-0.015157 0.034198 -0.022164
0.028686 -0.04 -0.008641
-0.020587 0.020183 -0.064361
0.007 0.047909 -0.330039
-0.008195 -0.003292 -0.361979
-0.014302 -0.0236 -0.284405
-0.005532 0.024005 -0.300363
0.002057 0.039357 0.029774
-0.0047 0.02466 -0.30742
0.03515 0.0085 0.0032
0.02141 0.044678 -0.014081
0.034131 0.011464 -0.064246
-0.00714 -0.03157 -0.35997
-0.021124 0.03949 -0.027934
-0.025917 -0.015376 -0.058252
-0.025641 0.035687 -0.005832
-0.002152 0.036659 0.027732
-0.00365 0.024762 -0.323176
0.001131 0.020033 -0.332199
-0.022269 0.038857 -0.03
-0.021042 0.021663 0.036437
-0.016814 -0.026106 -0.290602
-0.026677 -0.046998 -0.290862
-0.010755 0.047829 0.010004
0.012268 -0.048581 -0.071297
0.014628 -0.042995 -0.024108
-0.0408 0.00558 -0.2784
0.03116 -0.0029 0.0092
0.037261 0.001162 -0.110924
-0.002168 0.048338 -0.131276
0.01847 0.003535 -0.011212
-0.02 -0.0222 -0.0632
-0.034901 -0.026073 -0.325291
-0.01077 -0.0153 -0.03
0.0 -0.041335 -0.029614
-0.017998 -0.021304 -0.056193
-0.040939 -0.03459 -0.234109
-0.029366 -0.041012 0.004434
-0.05444 0.0241 -0.28624
0.006231 -0.047328 -0.311248
0.001361 0.018728 -0.337638
-0.024198 0.019078 -0.060802
0.019412 -0.003182 -0.053743
-0.022129 0.01247 0.006965
-0.02 0.01119 -0.26461
0.028404 -0.037216 0.001464
0.010639 -0.035293 0.023134
0.038588 0.003182 -0.053743
0.011661 0.035506 0.023127
0.014679 0.0 -0.04325
-0.0047 -0.02514 -0.30738
0.005673 -0.047416 -0.305385
-0.013788 -0.032061 -0.002909
-0.020757 -0.02336 0.002155
0.022641 -0.006381 0.003239
0.040722 -0.007518 -0.033909
-0.014234 0.038131 -0.231101
-0.041999 -0.030524 -0.329974
-0.026024 -0.043284 -0.010016
-0.04951 0.0247 -0.28795
-0.003626 -0.041333 0.029411
0.008264 -0.048236 -0.008616
0.014836 0.035701 -0.250899
-0.003265 0.042476 0.028638
0.019838 0.045988 0.010006
0.019081 0.003182 -0.052231
-0.039097 -0.040337 -0.162925
0.00213 0.041149 0.029623
-0.045702 -0.007656 -0.3467
0.032088 -0.00509 -0.222749
0.030489 -0.033353 -0.346333
-0.008034 0.038976 0.028672
0.02791 0.037297 -0.005855
0.037886 0.0 -0.056713
-0.031222 0.027501 -0.322172
0.02835 -0.000103 -0.293612
0.034728 -0.027234 -0.052338
-0.041241 -0.015869 -0.29178
-0.004761 -0.047586 -0.015336
-0.009847 0.01393 -0.271287
-0.0011 -0.041688 -0.029414
-0.005077 0.040808 0.029414
0.009327 0.041171 0.028216
0.012392 -0.038013 0.026441
0.009875 0.036467 -0.025674
-0.002946 0.001321 -0.270654
0.009552 0.035857 -0.195538
0.021179 -0.030364 -0.028054
0.011753 -0.007918 -0.361
-0.011146 0.002871 -0.263251
-0.029081 -0.04 0.00723
0.01975 0.009066 -0.053746
-0.025688 0.04 -0.015349
-0.009156 -0.033319 -0.017761
-0.035522 0.011557 -0.274566
-0.010906 0.047952 0.008604
0.039055 -0.021746 -0.028041
-0.023653 0.034678 -0.043443
-0.029549 0.03899 -0.002907
0.016157 -0.032444 -0.002908
0.003212 -0.041981 0.029063
0.002381 -0.032315 -0.015329
0.006172 -0.043369 -0.027078
0.026438 -0.038463 -0.035986
0.002031 0.046941 -0.018939
-0.028454 0.028479 -0.322173
0.028244 -0.029812 -0.286111
-0.018571 0.045628 -0.014014
-0.035653 0.001902 -0.360127
-0.029 0.022976 -0.360118
-0.001939 -0.041665 0.00724
0.035446 0.000202 -0.172719
-0.010605 -0.043279 -0.010605
-0.015017 0.034621 -0.033941
-0.018416 -0.030059 -0.324735
0.027414 -0.026005 -0.059762
0.038155 -0.019513 -0.047083
0.037596 0.01176 -0.055221
0.039074 0.021696 -0.028045
0.034553 0.004206 -0.18334
-0.014071 -0.033548 -0.015351
-0.004061 0.034082 0.022182
-0.004236 0.035556 -0.025659
-0.010906 -0.047952 -0.008604
0.015195 -0.040358 -0.025774
-0.000412 0.047844 -0.130975
-0.046092 -0.018873 -0.329985
-0.010884 0.014314 -0.360077
0.007962 0.047783 0.012726
-0.036973 -0.041044 -0.256508
0.016273 0.044945 0.018926
-0.014597 0.039674 -0.196927
0.009105 -0.046462 -0.291809
-0.016718 -0.003638 -0.067566
0.030685 0.034603 -0.081977
-0.023037 -0.035044 0.010066
0.021494 0.030367 -0.176006
-0.026799 0.028482 -0.330337
0.030345 0.021455 0.003372
0.015868 0.032483 -0.299922
-0.0054 0.04066 -0.0294
-0.016162 0.036424 -0.035856
-0.010866 -0.015079 -0.024149
0.027341 0.00218 -0.069495
-0.010147 -0.02853 -0.322132
-0.014129 -0.032614 -0.028019
-0.010286 0.007587 -0.035859
-0.024536 -0.005713 -0.065124
0.034585 -0.028391 -0.082167
-0.0209 -0.039321 -0.021343
-0.016659 0.038016 -0.231028
0.007306 -0.048032 -0.346336
0.021734 0.043628 -0.016677
0.007157 0.042652 0.027732
-0.016457 -0.01977 -0.021621
-0.022485 -0.041339 0.019169
-0.035648 -0.044294 -0.062484
0.007206 -0.039552 -0.247039
-0.0149 -0.028981 -0.011107
-0.036564 -0.017127 -0.07967
0.010755 -0.047829 0.010004
-0.024635 0.004262 0.005136
0.021237 -0.020837 -0.052246
0.037768 -0.022652 -0.074853
-0.01412 0.0235 -0.0522
0.016026 -0.039003 -0.025028
0.003227 -0.036728 0.027724
0.009388 0.035458 -0.202652
-0.006789 -0.046656 0.01894
0.02773 -0.006355 0.009226
0.003152 0.038567 0.029416
0.03885 0.0046 -0.07595
0.02747 -0.041798 -0.010181
-0.014753 -0.023702 -0.355769
-0.022135 -0.025285 -0.000377
-0.022304 -0.003251 -0.313685
-0.018349 0.029159 -0.331022
-0.022797 0.045871 0.001449
-0.018664 0.044265 -0.280136
-0.001868 -0.039011 -0.360078
-0.027813 -0.016434 -0.048787
-0.005787 0.016349 -0.295631
-0.019799 0.003768 -0.069772
0.011234 -0.044567 -0.279225
0.00717 0.044083 0.025668
0.028084 -0.030509 -0.055506
-0.026089 0.024165 -0.050486
0.039605 -0.010587 -0.045322
-0.021056 -0.006354 -0.069224
-0.02141 -0.035322 0.014081
-0.01204 0.009532 -0.052222
-0.047694 -0.010484 -0.330653
0.031427 -0.014942 0.006134
-0.01127 0.041048 -0.259487
-0.01656 0.0 -0.067537
0.021917 0.039317 -0.020266
-0.016977 -0.006357 -0.378304
-0.025098 0.04239 -0.014177
-0.02894 -0.008255 -0.362776
-0.003155 0.044868 -0.02494
-0.010808 0.015156 -0.033901
0.023564 0.03961 -0.278555
0.013584 0.033738 -0.016645
0.031623 -0.038901 -0.03
0.024152 0.025467 -0.217449
0.037545 -0.007756 -0.10628
-0.011639 0.013755 -0.047031
0.00694 0.0441 -0.2762
-0.012211 -0.024894 -0.031952
0.013338 0.032364 -0.008625
0.037851 -0.002706 -0.056751
-0.025673 0.031731 -0.020246
-0.016814 0.025594 -0.349398
0.013787 0.04799 -0.001455
-0.005167 -0.040472 -0.226695
0.008575 -0.050261 -0.329962
-0.016037 -0.013252 0.004205
0.039637 0.018449 -0.028044
0.033647 0.036638 -0.026091
-0.011852 -0.021174 -0.0203
-0.011864 -0.038305 -0.02698
-0.01656 -0.024617 -0.058297
0.033234 -0.025894 -0.346294
0.024865 -0.040096 0.01661
-0.008561 0.054378 -0.037613
-0.029804 0.00766 -0.03
-0.015637 -0.020469 -0.000443
-0.003609 0.045948 0.022182
-0.010651 -0.052073 -0.346272
0.031611 -0.014568 -0.066118
-0.002976 -0.00328 -0.271083
-0.022846 0.040809 0.019106
0.004061 0.034082 -0.022182
-0.022205 0.04 -0.020117
0.0069 -0.0411 -0.16367
-0.029067 0.052174 -0.108772
0.018945 0.021746 -0.028041
-0.015639 -0.029884 -0.31998
0.029916 -0.030509 -0.004494
0.028258 0.028218 -0.123706
-0.0471 0.00553 -0.3424
-0.028447 0.042739 0.001439
0.001497 -0.039106 -0.299058
-0.020589 0.013049 0.007703
-0.021181 0.039157 -0.024033
0.017145 0.038835 0.024163
0.008114 0.04826 -0.008617
0.006085 0.046404 -0.02009
-0.046501 0.012711 -0.330665
-0.039806 -0.029079 -0.28698
0.025214 -0.005088 -0.067554
0.032786 -0.005088 0.007554
0.030328 -0.014429 -0.066973
-0.01245 0.039488 -0.027141
-0.011559 0.00636 -0.009491
-0.001104 0.040841 0.029768
0.008458 0.039645 -0.028747
-0.013692 0.029026 -0.018419
0.023277 0.0 -0.065105
-0.028501 -0.020381 -0.279172
0.006082 0.046069 0.021229
-0.010821 0.03973 -0.251636
0.024552 0.044232 -0.010044
-0.015353 0.040001 0.025694
0.018607 -0.04302 -0.012972
0.003967 0.036487 -0.23009
0.007 0.045373 -0.313906
-0.040322 -0.031854 -0.052609
0.001844 0.015623 -0.029762
-0.021391 0.002181 -0.069486
-0.011852 0.021174 -0.0397
-0.002384 -0.040498 0.029788
0.015603 -0.034186 -0.016634
0.015524 0.037444 -0.024095
0.039398 -0.010242 -0.047056
-0.004061 -0.034081 -0.022183
-0.010365 -0.036152 0.02494
-0.0176 -0.03472 0.0166
0.000997 0.034457 -0.36015
-0.02769 0.038377 -0.313799
0.013904 -0.040352 -0.026498
0.006218 0.047188 -0.111037
-0.020393 0.003615 -0.069737
-0.009605 0.040097 0.02832
0.026328 0.016565 0.005243
0.028785 0.008419 -0.293586
0.004709 -0.038883 -0.29821
0.0199 0.029619 -0.229959
0.01875 -0.039474 0.023283
0.00473 0.03525 -0.02493
-0.015449 0.032212 -0.045367
0.008456 0.033842 -0.020063
-0.034237 -0.022504 -0.348209
-0.025229 -0.024485 -0.053793
-0.061503 0.00617 -0.172161
-0.023794 -0.034953 -0.00727
-0.022194 0.038417 -0.024007
-0.0058 -0.04 0.0294
-0.0258 -0.02965 -0.31998
0.030369 -0.010695 -0.068209
0.022725 -0.035076 -0.13926
-0.031007 -0.049637 -0.099252
-0.029845 -0.015695 -0.367374
0.0094 0.00555 -0.32
-0.036396 -0.045044 -0.276056
-0.013778 0.027522 -0.338737
-0.016923 0.039531 -0.251345
0.011219 0.03747 0.026431
0.015848 0.043965 -0.297898
-0.024819 -0.033214 -0.018399
-0.02706 -0.050688 -0.095403
-0.016999 -0.006344 0.007574
-0.043 -0.01684 -0.30099
0.001581 -0.040743 -0.029774
-0.012972 0.04302 0.018607
0.028404 0.042784 0.001464
0.019017 0.021495 -0.035867
-0.02352 0.0341 -0.0147
-0.003735 0.039339 -0.029638
-0.0 -0.047715 -0.015306
-0.03841 -0.032699 -0.050122
0.020183 -0.033208 -0.360062
-0.026175 -0.020682 -0.27805
-0.021985 0.037193 -0.018186
0.022178 -0.032137 -0.022142
0.023404 -0.021755 -0.035027
-0.0061 0.041154 0.029076
0.005704 0.040167 0.029417
0.022115 -0.034277 -0.007227
-0.013788 0.047939 -0.002909
-0.001895 -0.014693 -0.362014
-0.016157 -0.047556 -0.002908
0.001458 -0.04 0.029892
-0.0209 0.039321 0.021342
-0.006101 -0.052537 -0.060389
-0.011415 -0.018435 -0.299892
-0.021333 0.04302 -0.007712
-0.026024 0.036716 -0.010016
0.003689 0.038113 0.029068
0.02898 -0.04 -0.00776
-0.051152 0.02141 -0.211813
-0.043461 0.017804 -0.311176
-0.014066 -0.044259 -0.315395
0.037305 0.005409 -0.001749
0.029514 -0.039004 0.002978
-0.002808 -0.031432 -0.008617
-0.0062 0.023938 -0.341673
0.015197 -0.036624 -0.023176
-0.017778 -0.004291 -0.068727
-0.005117 -0.038418 -0.029057
-0.029026 -0.010586 -0.016559
-0.00755 0.042511 -0.034597
0.039435 -0.014331 -0.04343
-0.01749 0.023366 0.000785
0.021161 0.014016 -0.003234
0.022748 0.037746 0.017887
-0.004761 0.032414 -0.015336
0.03027 -0.006355 0.009226
0.018455 -0.003184 -0.011214
-0.020907 -0.004562 -0.069514
-0.02 -0.02142 -0.27758
-0.01836 -0.04461 -0.04821
0.008713 -0.038517 -0.028251
-0.032417 0.020209 -0.284089
0.027852 0.010854 -0.068236
-0.002381 0.047196 -0.017782
-0.011661 -0.044494 -0.023127
-0.022075 0.020158 -0.363632
-0.004761 -0.032414 0.015336
-0.022115 -0.034277 0.007227
-0.013033 0.045169 -0.291932
-0.029081 0.04 0.00723
-0.039615 -0.04496 -0.28351
0.020026 0.038096 0.021318
0.037069 0.0 -0.059471
0.005321 -0.04277 -0.264749
-0.062311 -0.008656 -0.164103
0.026851 -0.029651 -0.260046
0.03261 -0.037555 -0.024056
-0.008187 0.052014 -0.100438
-0.008514 0.031428 0.002906
0.010057 -0.047342 -0.014009
0.03371 -0.0157 -0.0632
-0.010513 -0.02265 -0.285263
-0.019999 -0.02055 -0.064259
0.028959 0.028763 -0.112974
0.022846 -0.040809 0.019106
-0.007962 0.032217 0.012726
-0.021803 0.013291 0.00695
-0.019409 -0.013049 0.007703
-0.020785 0.030496 -0.004498
0.03359 0.0369 -0.03
0.039128 0.010243 -0.048788
0.038543 -0.009535 -0.052231
-0.01882 0.038396 -0.020202
-0.00743 0.044933 -0.297854
-0.018705 0.008133 0.008747
0.033234 0.019332 -0.346328
-0.014169 0.026714 -0.011188
0.014152 0.020973 -0.29988
-0.017213 -0.045463 -0.272688
-0.018863 -0.012568 -0.067613
0.026297 -0.033249 -0.268876
-6.3e-05 -0.017197 -0.032219
0.028447 0.042739 -0.001439
0.013827 0.033457 -0.202395
-0.021314 0.042718 0.018956
0.030537 -0.002832 0.009508
0.02089 0.008109 -0.001761
-0.013745 0.013093 -0.058236
0.02924 0.01334 -0.067678
0.029127 0.038055 0.001439
0.029689 -0.02019 -0.064367
-0.047559 -0.036425 -0.284021
0.017145 -0.038835 -0.024163
0.018372 -0.018565 -0.03
0.004305 -0.038825 -0.300786
-0.012268 0.024641 -0.024143
-0.023037 0.044956 0.010066
0.006232 0.01397 -0.324789
-0.000911 0.04661 -0.330039
-0.003 0.03135 -0.36003
-0.029127 0.041945 0.001439
-0.021592 0.024817 -0.287421
0.021294 -0.033555 -0.169063
-0.022583 -0.005627 -0.068189
-0.038648 -0.002477 -0.053961
-0.062355 -0.017188 -0.147328
-0.013715 0.004256 0.000764
-0.02504 0.022186 -0.065405
-0.011219 -0.04253 -0.026431
-0.03681 -0.039926 -0.287559
-0.02692 0.0277 -0.0378
0.037852 0.023382 -0.016544
-0.028141 -0.011958 -0.267327
-0.020377 -0.038982 -0.299851
-0.01661 0.040096 0.024865
-0.01388 -0.047984 0.0
0.012912 -0.044654 -0.328873
0.034552 0.014993 -0.062041
0.03927 -0.0113 -0.05426
0.03228 -0.0234 -0.14494
0.031367 -0.010768 -0.067626
0.006233 -0.014474 -0.315211
-0.027756 -0.024822 -0.033909
0.026613 0.036597 -0.016333
-0.02903 0.041907 0.002876
-0.01568 0.041461 0.024991
0.02961 -0.011565 -0.28935
-0.021113 0.014426 -0.06697
0.020004 0.045193 -0.014058
-0.019015 -0.035173 0.016664
-0.013302 0.021491 -0.050518
-0.01658 0.0537 -0.08685
0.017972 0.015158 -0.033902
-0.037026 -0.003361 -0.368918
0.027781 0.0 0.009712
-0.021881 0.005465 -0.313639
-0.006933 -0.040515 -0.029098
-0.023084 -0.003301 -0.260888
-0.00213 -0.041149 0.029623
-0.022193 0.037655 -0.039776
-0.003006 0.001291 -0.297999
-0.0306 0.02745 -0.31142
-0.027922 -0.013362 -0.268556
-0.025124 0.028826 -0.330231
0.010828 -0.044234 0.024042
0.002711 0.039648 0.029793
-0.056806 0.01431 -0.281677
0.000864 0.042719 -0.268284
0.028976 0.038122 -0.003015
-0.003952 0.024795 -0.32633
-0.049023 0.027092 -0.288127
0.008738 0.042176 -0.027741
0.010365 0.036152 0.02494
0.018186 0.04378 0.020185
-0.014755 0.053964 -0.076021
0.034743 0.007835 0.004169
-0.025325 0.034988 -0.033228
-0.001044 -0.019784 -0.033478
0.005172 -0.042108 0.028668
-0.012749 0.022978 -0.285164
0.034896 -0.034417 -0.035859
-0.018861 0.008537 -0.06877
0.030351 0.012571 0.007625
-0.017779 0.038132 -0.037916
-0.047262 -0.012712 -0.329991
0.008172 -0.009056 -0.30933
-0.018649 -0.010275 0.008233
-0.01522 -0.0 -0.065092
0.027852 0.038128 0.008667
0.031563 0.038697 -0.026133
-0.009709 0.044911 -0.281092
0.008845 -0.045427 -0.282241
0.023583 0.032242 -0.045382
-0.01927 -0.00276 0.009711
-0.015321 0.032786 -0.043508
-0.00978 -0.047134 -0.015307
0.005611 0.048656 0.005811
0.038791 0.013409 -0.011238
-0.015449 -0.032212 -0.014633
0.022047 0.026743 -0.048832
-0.017315 -0.008251 -0.067587
-0.005737 0.006325 -0.297866
0.013229 0.040097 0.026819
-0.001047 0.022103 -0.307847
-0.038518 0.03193 -0.224597
-0.016204 -0.001452 0.006926
-0.015769 0.028476 -0.334793
-0.0306 -0.02795 -0.31138
0.012779 0.050988 -0.055958
-0.002781 -0.013309 -0.361365
-0.005031 -0.01467 -0.277154
0.022921 0.045852 0.0
0.025353 -0.044263 -0.007265
0.02785 -0.012735 -0.067657
0.022178 0.032137 -0.037858
-0.02 0.038767 -0.020284
0.032081 0.015746 -0.065266
-0.010866 -0.015079 -0.035851
0.020122 0.009067 -0.004747
0.0256 0.03682 0.0114
0.014117 0.044282 -0.022152
-0.011859 -0.012049 -0.372652
0.037003 0.009195 -0.094963
-0.027379 -0.002704 -0.003264
0.007717 -0.043896 -0.134768
0.031669 0.021755 -0.027779
0.03323 -0.0341 -0.0453
0.020902 0.021203 -0.050528
0.030384 0.039591 -0.03
-0.012098 -0.011642 -0.298111
-0.027038 -0.029362 -0.317826
0.004238 0.04406 0.026371
-0.02 -0.0369 -0.0453
0.01979 0.0127 -0.0522
-0.00451 -0.0499 -0.306088
0.015297 -0.016765 -0.297824
-0.030114 0.0 -0.034337
0.03515 0.0085 -0.0632
0.022035 0.032746 -0.03
-0.004061 0.045919 -0.022183
-0.012852 0.032637 -0.011422
-0.028762 -0.00475 -0.263602
-0.0176 0.04528 0.0166
0.035998 -0.015061 -0.126024
0.009757 0.039484 -0.028296
-0.021232 -0.010246 -0.363002
-0.023153 0.029163 -0.329522
0.008033 0.036512 -0.026404
0.002846 0.005641 -0.356967
-0.024742 0.026086 -0.053826
-0.0169 0.001398 -0.260675
-0.053627 -0.03408 -0.088437
0.011338 0.044508 -0.113584
0.038249 -0.009066 -0.053746
0.040084 0.007292 -0.043456
0.033466 -0.035237 -0.041578
0.009625 -0.046901 -0.306243
-0.025265 -0.028038 -0.339943
-0.02669 -0.002704 -0.059491
0.028686 0.04 0.008641
-0.021651 -0.029678 -0.330982
0.011707 -0.043756 -0.336074
-0.018602 -0.032987 0.002907
0.030392 -0.02461 0.001041
0.030344 -0.021454 0.003371
0.004848 0.006232 -0.361947
-0.045137 -0.006308 -0.346355
-0.006228 0.020166 -0.286006
0.00238 -0.047436 0.016623
0.028925 -0.02958 -0.13279
0.028638 -0.027874 -0.286009
-0.026083 -0.029376 -0.32734
0.02038 0.04356 -0.292802
0.01905 -0.01359 -0.29999
-0.015837 -0.029894 -0.317779
-0.020004 -0.034807 0.014058
0.022599 -0.030267 -0.014593
-0.016817 -0.037836 -0.028033
0.002676 0.041529 0.029413
0.039537 0.0 -0.022833
0.015603 0.034187 -0.016633
0.008052 0.043094 -0.14025
0.007136 -0.032589 -0.015328
-0.017413 -0.005672 -0.068176
-0.003158 -0.045638 -0.023114
-0.027709 -0.02744 -0.300136
0.029333 0.029186 -0.346314
-0.02109 -0.044433 0.01542
0.003302 0.006612 -0.027854
-0.00585 0.043264 -0.168166
-0.014597 0.025369 -0.007726
-0.010666 -0.028496 -0.327536
0.013716 0.039303 -0.026524
-0.001863 -0.043794 -0.340859
0.033076 0.013284 0.005136
0.001458 0.04 0.029892
-0.01424 -0.006382 -0.062001
0.0195 -0.04243 -0.0212
-0.013325 -0.048462 -0.314912
0.02774 -0.026108 -0.291131
0.013244 -0.036476 -0.196439
-0.020779 -0.011003 0.00823
0.032136 0.024755 -0.059519
0.034237 0.025482 -0.055403
-0.015141 -0.02242 -0.056798
0.026248 0.027987 -0.056913
0.007523 -0.011803 -0.325319
-0.026022 0.043283 -0.010015
-0.003212 0.038019 -0.029063
-0.047633 0.009959 -0.33097
-0.016212 0.02699 -0.055347
-0.022128 0.01247 -0.066965
-0.028301 -0.038132 -0.007348
0.028766 0.003768 -0.069771
-0.007813 0.026915 -0.326478
-0.011811 0.041487 -0.027073
-0.007843 0.026286 -0.306689
-0.019033 0.016398 0.006172
-0.019027 0.010851 0.008224
0.015403 -0.047253 0.008629
0.006644 -0.0377 0.028219
-0.00194 -0.04328 -0.014745
-0.021941 0.04207 -0.019099
-0.01255 -0.044225 -0.32441
-0.028834 -0.010583 -0.014685
0.008713 0.041483 -0.028251
0.02195 -0.0235 -0.0078
0.017364 0.045462 -0.330038
-0.016999 0.006344 -0.067574
0.03585 -0.012 -0.15124
-0.027232 0.016626 -0.36719
-0.02 0.025438 -0.350652
-0.02 0.013873 -0.372766
-0.015244 0.001452 0.00512
-0.012534 0.023946 -0.041575
-0.015837 -0.029899 -0.322181
-0.030405 -0.042305 -0.167673
-0.057784 0.015793 -0.277385
0.028999 -0.020549 0.004258
0.022602 -0.04302 -0.001929
-0.013195 -0.01724 -0.05376
-0.012899 0.008586 -0.056738
-0.002311 -0.021992 -0.035139
-0.00704 0.039652 0.02912
-0.04731 -0.0426 -0.09655
-0.021232 0.003663 -0.363013
-0.013303 0.038666 -0.211475
-0.011274 0.028041 -0.310558
-0.005898 -0.043015 0.022025
-0.008124 -0.043912 -0.025684
-0.013372 0.03881 0.026489
0.013248 -0.042022 -0.321073
-0.028899 0.001204 -0.377009
0.021473 -0.024828 -0.011229
-0.028607 0.007215 -0.375296
0.018571 0.045628 0.014014
-0.022801 0.043015 -0.0
0.0081 -0.03757 0.0277
0.008447 -0.040345 0.02871
-0.012388 0.042678 0.025723
-0.01377 -0.005412 0.000762
-0.0159 -0.02965 -0.31178
0.008264 0.031642 0.007212
0.019145 -0.009892 -0.050515
0.020931 0.0 -0.000529
0.004644 0.041689 0.029073
-0.010372 0.00751 -0.022189
0.0102 0.034083 0.020101
0.017187 -0.003836 -0.035858
0.03386 -0.012715 -0.064234
-0.041179 -0.029856 -0.286826
0.0228 -0.042198 -0.017913
-0.005786 -0.046884 -0.283113
-0.00856 0.002643 -0.374986
-0.023753 -0.028985 -0.304605
-0.008954 0.034974 0.023119
0.015 0.04 -0.02598
-0.020942 0.03387 -0.009259
0.012109 0.032927 0.014036
-0.013557 0.037871 0.025717
-0.027625 0.01423 -0.37012
-0.027627 0.005409 -0.055248
0.0117 -0.04351 0.0249
0.015784 -0.041129 -0.313587
-0.030841 0.02546 -0.2984
-0.003227 -0.036728 0.027725
0.0061 0.038846 0.029076
-0.0024 0.01632 -0.35521
0.027989 0.014732 -0.295597
0.012821 -0.045172 -0.310065
0.007209 -0.034717 0.023076
-0.029712 0.007587 -0.024141
0.008323 -0.043072 -0.360092
0.006123 0.041898 0.028653
0.032532 0.00956 0.006942
0.011401 -0.043015 -0.019745
-0.016493 0.026833 -0.313657
0.03351 -0.01149 -0.065179
0.028951 -0.009309 -0.313605
0.02812 0.037226 0.004406
0.022387 -0.021728 -0.055232
-0.037434 0.021152 -0.343081
-0.037573 -0.043203 -0.056457
0.009744 -0.001746 -0.314356
0.02962 0.024699 -0.269566
0.017277 0.007669 -0.02609
-0.015793 0.053378 -0.042756
0.023563 0.021511 -0.001708
-0.014679 -0.0 -0.04325
0.000553 0.039575 0.029866
-0.022466 0.034266 -0.005827
0.005946 -0.047113 -0.295018
-0.013824 -0.045631 -0.31831
0.008264 -0.031764 0.008616
-0.022069 -0.022768 -0.35939
0.03401 0.019093 0.000826
-0.018444 -0.038969 -0.023316
0.017572 0.032485 -0.346374
-0.058836 -0.029658 -0.102242
-0.008862 0.006966 -0.373566
0.024612 0.026693 -0.33002
-0.01062 0.02754 -0.30761
-0.006933 0.039485 -0.029098
-0.050613 -0.02329 -0.215527
-0.013738 -0.013093 -0.058237
-0.022798 -0.0076 -0.067595
-0.025143 -0.002129 -0.064182
-0.026415 -0.043346 0.00862
-0.0259 0.015376 -0.058252
-0.024109 0.005036 0.00604
-0.012253 -0.040843 -0.027153
0.01374 0.04328 -0.005691
-0.024163 -0.029899 -0.322181
0.018249 0.014781 -0.02032
0.010828 0.035766 0.024042
-0.038284 -0.023591 -0.311854
-0.023735 0.035224 -0.018426
0.03074 0.0141 -0.0669
-0.01612 0.043014 -0.01612
-0.012933 0.028087 -0.031951
-0.003158 0.034731 -0.024034
-0.019234 -0.025894 -0.346294
0.024739 -0.016938 -0.063279
-0.062822 0.015563 -0.081752
-0.021106 0.028865 -0.334041
-0.019416 0.021855 0.003335
-0.024997 0.043155 0.012726
-1e-05 0.021113 -0.032199
0.016171 -0.044068 -0.021266
-0.027038 0.028861 -0.317817
0.022797 0.034129 0.001449
-0.007043 0.022112 -0.350111
0.017318 -0.0436 -0.021299
-0.015701 0.001452 0.006036
-0.025167 0.051412 -0.044687
0.013448 0.041006 -0.026478
0.011137 -0.04502 -0.022203
-0.025525 -0.01208 -0.266123
0.011719 -0.046758 -0.096486
0.037624 -0.018812 -0.009455
-0.053928 -0.012967 -0.216838
-0.017284 -0.03243 -0.050658
-0.011643 0.021654 -0.033912
-0.03103 0.027518 -0.324323
0.029 0.034245 -0.050542
-0.00978 0.032866 -0.015307
0.004586 -0.039028 -0.299567
-0.015195 0.039642 0.025774
0.035898 0.006384 0.002019
0.024173 -0.041573 -0.016777
-0.049253 -0.006141 -0.325636
0.01877 -0.0141 -0.0453
0.022466 0.034266 0.005827
0.00978 -0.032866 -0.015307
0.013 0.022976 -0.360118
-0.034603 -0.039998 -0.069575
0.0246 -0.034777 1e-06
-0.013304 -0.051759 -0.313598
-0.0263 0.02467 -0.28942
0.002154 -0.036201 -0.027071
-0.004733 -0.034845 0.024025
-0.012386 0.040689 -0.027177
-0.018932 -0.037864 -0.018232
0.032679 0.037909 -0.028064
-0.038315 -0.009126 -0.276155
0.016942 0.04513 0.017768
-0.032856 0.028274 -0.074909
0.01719 -0.003759 -0.024139
0.017038 0.014327 -0.360103
0.031683 0.007533 -0.068208
0.02781 0.02056 -0.224005
-0.012242 0.024821 -0.033909
-0.027784 0.024894 -0.031952
0.025029 0.039016 -0.281719
-0.02965 -0.041021 -0.00145
-0.021846 0.002175 -0.069212
-0.02884 -0.014556 -0.018445
-0.014235 0.01856 -0.056755
-0.013304 0.045258 -0.313672
0.007117 0.037818 -0.028198
0.016389 0.037924 -0.024029
-0.00683 0.04069 0.029094
-0.02598 -0.0 -0.061967
0.00431 -0.007655 -0.288424
-0.059654 0.030419 -0.082962
0.027683 0.039517 -0.027946
-0.032144 0.035112 -0.230963
-0.01657 -0.046157 0.01404
0.017003 -0.005503 -0.29792
-0.001951 0.040096 -0.029841
-0.020582 0.021854 -0.063334
0.015725 -0.047341 0.007224
-0.003614 0.007334 -0.272213
-0.010099 0.003757 -0.026095
0.04001 -0.010818 -0.041573
0.039895 0.021755 -0.013535
-0.021522 0.017702 -0.06524
-0.012873 0.003516 -0.045412
0.001029 -0.039675 0.029868
0.014888 -0.040858 -0.025805
0.002381 0.047196 0.017782
-0.0209 0.039321 -0.021343
-0.015076 0.040512 0.025776
-0.008269 -0.01709 -0.276523
-0.012833 0.02753 -0.302558
-0.023445 -0.032474 -0.011209
0.02978 -0.0001 -0.29001
0.014537 0.041348 0.025755
0.011938 0.034378 0.020118
0.038159 -0.024571 -0.037816
-0.01749 -0.023367 0.000786
-0.013526 0.020826 -0.007768
-0.023545 0.044386 -0.284325
-0.040588 0.00696 -0.36101
-0.012963 0.028856 -0.322223
-0.009649 0.039317 -0.028273
-0.0228 -0.042198 0.017913
-0.02 -0.03986 -0.02804
-0.033374 -0.02341 -0.293344
-0.020422 0.042594 0.020093
-0.016283 0.04794 -0.045876
-0.015312 0.043878 -0.02222
-0.00971 -0.0471 -0.33491
0.009464 -0.040311 -0.163488
0.008366 -0.044264 -0.338549
0.032503 -0.001446 -0.06819
-0.046204 -0.036449 -0.071775
0.018917 0.043653 -0.295438
-0.0149 -0.03553 -0.0212
0.010365 -0.043849 -0.02494
0.005268 0.013986 -0.334866
-0.002711 -0.040352 -0.029793
-0.0243 0.02746 -0.29882
0.031255 0.01905 -0.16065
-0.007943 -0.0432 -0.339412
0.0043 0.03682 0.0277
0.028808 0.041011 -0.007294
-0.014088 0.015377 -0.058252
-0.028885 0.006711 -0.047054
0.0195 0.03757 -0.0212
-0.011055 -0.031948 -0.007203
-0.008447 -0.040345 -0.02871
-0.018649 0.010275 -0.068233
-0.045484 0.015282 -0.315238
-0.026328 -0.042538 -0.011499
-0.00096 0.038015 -0.243162
-0.013144 0.014482 -0.055252
0.005676 -0.010171 -0.017338
0.01596 -0.034685 -0.227241
0.029 0.011606 -0.068233
-0.029629 0.00751 -0.037811
0.012361 -0.046029 -0.292642
0.014071 -0.033548 0.015351
-0.043621 -0.036915 -0.172094
0.016496 -0.036616 -0.16942
0.009327 -0.041171 -0.028216
-0.011639 -0.013755 -0.012969
-0.05531 -0.0157 -0.27708
-0.005613 -0.048727 -0.004359
0.010751 0.026363 -0.363768
-0.005787 -0.022877 -0.364368
0.003265 -0.042477 -0.028639
-0.014739 -0.029614 -0.012854
-0.018906 -0.036529 -0.014529
-0.0106 0.03871 -0.0277
0.017039 -0.020905 -0.360076
-0.041997 0.035027 -0.054891
-0.017428 0.008847 -0.067582
0.020639 -0.018146 -0.007738
0.026424 -0.04 -0.014067
0.025259 -0.02961 -0.053751
-0.008251 -0.039306 -0.028727
-0.007117 0.037817 -0.028199
-0.0243 -0.02794 -0.29878
-0.018346 -0.041892 -0.296404
-0.008104 -0.005741 -0.298022
0.00165 -0.038344 0.02941
-0.030114 0.0 0.034337
-0.022104 -0.036518 -0.016431
-0.02 -0.003921 0.009782
-0.017139 0.035037 -0.045427
-0.025688 -0.021802 -0.033474
0.026 0.026682 -0.164798
-0.041134 0.020058 -0.307836
-0.030874 -0.041074 -0.290341
-0.026819 -0.040097 0.013229
0.008513 -0.031401 -0.001452
-0.022772 0.037357 -0.219349
0.019378 -0.022032 -0.298009
0.03725 -0.027319 -0.020318
-0.033837 0.016671 -0.360826
-0.04132 0.021755 -0.008219
-0.015702 -0.048268 -0.035719
-0.011253 0.027495 -0.334328
-0.01429 -0.022751 -0.357879
-0.036437 0.021663 -0.021042
0.01739 0.042968 -0.022247
-0.019234 0.019332 -0.346328
0.035131 0.011114 -0.346388
-0.03412 -0.045779 -0.278759
-0.001002 -0.003239 -0.298485
0.034683 -0.014513 -0.062042
-0.055442 -0.005235 -0.211894
0.007892 0.048774 -0.083098
-0.02 -0.013126 -0.374115
-0.044967 0.037994 -0.157056
0.034879 0.010316 0.00325
-0.038029 0.023067 -0.309643
-0.017491 -0.047418 -0.283389
-0.023134 0.004326 -0.261178
0.01313 -0.041939 -0.328768
-0.006404 -0.038995 -0.029093
-0.008203 0.025536 -0.338958
0.028315 -0.037246 -0.002899
-0.008064 0.045505 -0.286772
-0.002057 0.039357 0.029774
-0.04434 0.0413 -0.28873
-0.053296 -0.014664 -0.283749
-0.020169 0.033896 -0.008609
-0.051335 -0.034472 -0.150702
0.030233 -0.020925 -0.279628
-0.013737 0.032118 0.00436
0.017176 -0.044534 -0.297789
0.013007 0.032486 0.010025
0.023898 0.008425 -0.065155
0.03065 -0.0055 -0.0692
-0.02801 0.002705 -0.053733
-0.005172 0.042108 0.028668
-0.004206 -0.017142 -0.358043
0.010259 0.041307 -0.145318
-0.065627 0.025008 -0.112284
0.029549 0.04101 -0.002907
0.008825 0.005672 -0.308741
-0.02 0.02091 -0.36242
-0.046533 -0.001705 -0.292222
-0.002514 0.022924 -0.305603
0.009629 -0.04302 0.020538
-0.021046 0.038064 0.020236
0.01877 0.0141 -0.0453
-0.026547 0.030328 -0.031943
-0.012411 0.015452 -0.368603
-0.020001 -0.026792 -0.000443
-0.02903 0.0 -0.01297
0.025321 -0.005742 0.007575
-0.016963 0.037515 -0.035949
-0.010194 0.007662 -0.031954
0.029275 -0.021878 -0.329982
-0.003626 0.041333 -0.029411
-0.0005 -0.02147 -0.33618
-0.052716 0.02368 -0.084759
-0.043021 -0.011925 -0.350251
-0.00901 -0.041338 0.028251
0.0208 0.03376 0.0058
-0.062343 0.023121 -0.145851
0.023566 -0.005717 -0.065145
-0.015701 -0.001452 -0.066036
-0.025942 0.008893 -0.264353
-0.025619 -0.011954 -0.060767
0.020309 0.040719 -0.346394
-0.002532 0.014066 -0.010983
-0.026854 0.01128 -0.056711
-0.006687 -0.047731 -0.336448
-0.013007 0.032486 -0.010025
-0.003937 -0.044123 -0.340946
-0.016934 0.037229 -0.022127
-0.045836 -0.013161 -0.304041
-0.025937 -0.002707 -0.061998
0.018491 0.037651 0.022178
-0.051434 0.034476 -0.152062
-0.015361 0.012118 -0.063255
-0.029841 -0.040096 0.001951
-0.025331 0.026207 -0.294085
0.003079 -0.042339 -0.29985
0.00194 -0.04328 0.014745
-0.008002 -0.049763 -0.321071
-0.008554 0.039823 0.028728
0.029127 -0.038055 -0.001439
0.036527 -0.024828 -0.048771
-0.017591 -0.002173 -0.068726
0.020826 -0.04349 -0.292564
0.022174 0.011482 -0.060785
-0.0 -0.043865 0.027032
0.00406 -0.033145 -0.018951
-0.026022 -0.043283 0.010015
-0.017544 -0.017221 -0.369084
0.013484 0.047737 0.007216
0.009053 0.04328 0.011797
-0.0246 -0.045223 1e-06
0.002032 0.03468 -0.024024
-0.020738 -0.004989 0.009521
-0.015076 0.006384 -0.064184
-0.035696 0.024768 -0.310562
-0.013628 0.047812 0.005812
-0.015403 -0.032747 0.008629
-0.025898 -0.027549 -0.047094
-0.027931 -0.040982 -0.010073
0.014405 0.01197 -0.2976
0.002807 -0.048782 0.005808
0.027221 0.028709 -0.002989
-0.02 -0.013042 -0.265864
0.029656 0.007355 0.009224
-0.02 -0.025315 -0.060838
-0.02903 -0.041907 -0.002876
0.025792 0.017406 -0.346368
-0.036214 0.015373 -0.359469
-0.048946 -0.0076 -0.325337
0.003745 0.015118 -0.30044
-0.011958 -0.028957 -0.326487
0.02922 0.007655 -0.069224
-0.015882 0.021306 -0.279159
-0.002655 -0.035442 0.025669
-0.005313 -0.031523 0.008621
0.02741 0.010278 0.008245
0.027911 -0.037297 -0.005857
0.021772 -0.041129 -0.296371
0.024228 -0.027914 -0.00615
0.030797 0.0 0.009495
0.00839 0.038361 -0.028266
-0.003 -0.003238 -0.297869
-0.009093 0.05385 -0.05832
-0.05362 -0.013135 -0.236202
-0.026433 0.02671 -0.299913
-0.01509 0.033042 -0.011432
-0.02767 -0.0127 -0.0078
0.00704 -0.040348 -0.02912
-0.007737 -0.04581 -0.339301
-0.011127 0.018435 -0.028046
-0.02 -0.011606 -0.068232
0.031395 -0.005548 0.008759
-0.01753 -0.0468 -0.28034
-0.020382 -0.01503 -0.066977
0.01584 -0.035515 -0.238928
-0.014616 0.043019 0.017344
-0.01374 -0.04328 -0.005691
-0.016772 -0.004362 0.007563
-0.037781 -0.021755 0.018637
-0.024291 -0.001452 0.006036
0.023839 0.01392 0.003253
-0.029334 -0.028486 -0.312424
0.00047 -0.037722 -0.336136
-0.021107 -0.030059 -0.325386
0.025321 0.037909 -0.031936
-0.011016 0.053982 -0.061754
0.005704 -0.039833 -0.029417
0.0195 -0.03415 0.0114
0.02429 0.0157 0.0032
0.008409 0.031565 0.005808
-0.026834 0.028848 -0.324376
-0.037718 -0.005133 -0.052747
-0.041091 -0.018253 -0.297545
0.03515 -0.0085 0.0032
-0.018645 -0.025987 -0.000248
-0.01624 -0.042248 -0.298968
-0.002184 0.023809 -0.32002
-0.022428 0.011639 -0.066946
0.021829 0.03435 -0.259122
0.002808 -0.031101 -0.002905
-0.02247 -0.0468 -0.04276
-0.018651 0.046993 -0.00291
0.021998 0.032614 -0.031947
0.026901 -0.032246 -0.007566
-0.006085 -0.033596 0.02009
-0.021492 0.009872 -0.068219
0.024344 -0.034763 -0.002898
-0.026135 -0.028968 -0.332195
-0.014092 0.009659 0.000726
-0.012576 -0.039663 -0.027159
0.031615 -0.009574 -0.329994
0.025613 0.035769 -0.016403
0.004433 0.013808 -0.340138
-0.032666 0.024754 -0.340744
0.018009 -0.043882 0.020165
0.00373 0.049207 -0.097519
-0.023654 -0.02459 -0.354102
0.027178 0.019446 0.00434
0.030247 0.03655 -0.045468
0.028156 0.031372 -0.346385
-0.014268 0.043739 0.023145
-0.01906 0.0379 -0.21915
0.017736 0.011263 -0.037811
0.02576 -0.0261 -0.0582
0.026385 -0.038832 -0.028064
-0.011938 0.034378 -0.020118
0.000316 -0.039854 -0.218867
0.016493 0.043404 0.022265
0.032653 -0.02223 0.000887
-0.026164 0.036893 -0.212064
0.008554 0.039823 -0.028728
-0.023404 -0.021755 0.035027
-0.025662 -0.028995 -0.332848
0.016103 -0.047494 0.004364
0.020789 0.014494 -0.004728
-0.028315 0.037246 -0.002899
-0.025 -0.0199 -0.0018
0.033385 0.012043 -0.065175
-0.006316 -0.039052 -0.334161
0.01033 -0.047526 0.012707
0.020169 0.033896 0.008609
-0.023829 0.022055 -0.000388
0.019549 0.006365 -0.006242
0.020538 0.027975 -0.033903
-0.015492 -0.044662 -0.158905
-0.0456 -0.01167 -0.34119
-0.006987 0.02618 -0.309407
-0.021611 0.024506 -0.06095
-0.02652 -0.0261 -0.0147
0.031213 0.002176 0.009213
0.036813 0.030395 -0.031956
0.040472 0.011418 -0.028048
0.009022 -0.034608 -0.02218
0.025864 -0.024755 -0.059519
-0.011328 0.010237 -0.012953
-0.010286 -0.007587 -0.024141
-0.037517 0.022098 -0.338774
-0.013575 0.025465 -0.012964
-0.005704 -0.040167 0.029417
0.034417 0.032242 -0.014618
0.011636 0.044493 -0.023126
0.033784 -0.006486 0.006023
0.010365 0.036151 -0.02494
-0.017778 0.004291 0.008727
-0.043232 -0.033117 -0.20863
-0.015649 -0.029699 -0.050557
-0.00978 0.047133 -0.015307
0.03545 -0.025388 -0.052289
0.0256 0.03682 -0.0114
0.036369 -0.007817 -0.151423
-0.023186 -0.026851 -0.34675
0.028224 0.04 0.010032
-0.039525 -0.042795 -0.063085
-0.005697 0.037494 0.028233
0.028108 -0.030741 -0.277356
-0.0 0.042224 -0.029043
-0.0117 -0.03649 0.0249
-0.035088 -0.026037 -0.316823
-0.048811 -0.020552 -0.285599
0.039841 -0.0 -0.012967
-0.026328 0.037462 -0.011499
-0.02 -0.007603 -0.378128
-0.008335 -0.046124 -0.338511
-0.019039 -0.034249 0.01271
-0.005186 -0.034885 -0.024025
-0.045691 0.015101 -0.32001
0.035613 -0.021728 -0.004768
-0.019054 0.032812 -0.007606
0.014071 0.046452 0.015351
-0.01272 0.02634 -0.296557
0.031272 -0.016067 -0.208063
0.039436 0.014331 -0.04343
0.003237 -0.007597 -0.011983
-0.012109 -0.047073 -0.014036
-0.067046 0.008725 -0.139102
-0.057335 0.037825 -0.091602
0.001578 -0.044947 0.02493
-0.02212 0.0205 0.0032
0.00565 0.037988 -0.028671
-0.011401 -0.043015 0.019745
0.008141 -0.039143 -0.028696
0.033923 0.005039 -0.066058
-0.037343 0.040882 -0.270294
-0.01941 0.020183 0.004362
-0.024344 -0.045237 -0.002898
-0.010966 0.010586 -0.016559
0.009649 0.039317 0.028273
0.027293 -0.036574 0.004356
-0.00916 -0.010285 -0.267928
0.002807 0.031218 0.005808
-0.008251 0.040694 -0.028727
0.019902 0.029334 -0.223621
-0.01781 0.028853 -0.333638
-0.034777 0.025567 -0.326334
0.031892 0.029193 -0.004595
0.0 -0.047715 0.015306
0.036759 -0.020836 -0.052245
0.00858 -0.043371 0.026395
-0.036511 0.021184 -0.079651
0.009917 0.043765 -0.276067
0.027071 -0.007279 0.008756
0.022238 -0.031148 -0.018394
-0.02 -0.015713 -0.371298
-0.062971 -0.02149 -0.124634
-0.018392 0.043696 -0.346244
-0.03225 0.01676 -0.30001
-0.039208 0.046386 -0.058782
0.037832 -0.003185 -0.003251
-0.011439 -0.024465 -0.289493
-0.026479 0.030058 -0.035878
0.015426 -0.047105 -0.010035
-0.054966 0.00408 -0.223407
-0.002856 0.031062 -0.0
0.009625 -0.045626 -0.335882
-0.024841 -0.009264 -0.329994
-0.025682 0.037468 -0.012809
0.005702 0.007115 -0.292941
0.026175 -0.006883 -0.068221
0.02114 -0.03157 -0.35997
-0.028135 0.011529 -0.267358
-0.002808 -0.031101 0.002905
0.028315 0.042754 -0.002899
0.004917 -0.027623 -0.363253
0.03059 0.010278 -0.068245
0.006123 -0.041898 0.028653
-0.036942 0.023951 -0.310551
-0.052166 -0.037205 -0.092708
0.0106 0.03871 0.0277
-0.001841 -0.032476 -0.296113
-0.042442 -0.013252 -0.290253
0.033712 -0.021725 -0.05962
0.039287 0.0 -0.050483
-0.02344 -0.024617 -0.058296
0.031912 -0.00145 -0.06874
-0.008643 -0.04 0.028692
-0.0226 0.015733 0.005239
-0.016425 -0.021017 0.00088
0.025247 -0.018155 -0.063316
-0.026592 0.00541 -0.000495
-0.02852 -0.0141 -0.0147
-0.01719 -0.010788 -0.37583
-0.02619 0.028029 -0.335493
-0.021748 -0.029798 -0.004569
0.0 -0.033938 0.022142
0.000742 -0.048842 -0.306902
-0.025578 0.03135 -0.018344
0.002808 0.048899 -0.002905
-0.027467 0.036533 -0.002908
-0.040794 -0.033197 -0.077636
-0.01037 -0.00751 -0.022189
0.020584 -0.002706 -0.058236
0.022005 0.023005 -0.299942
0.023402 -0.041013 -0.289257
0.012541 0.036199 0.024003
