11702
-0.02203 0.012745 -0.003724
-0.020805 -0.01293 0.005526
0.024162 0.00278 -0.004424
0.017375 0.007065 -0.010274
0.028785 -0.0157 0.081261
-0.016415 -0.00234 0.007476
0.01971 0.010357 0.009776
-0.03832 -0.00305 0.031941
-0.016745 0.00886 0.003476
0.025165 0.01655 0.017571
-0.02498 -0.028175 0.040166
0.017738 0.011415 0.004176
0.01718 0.02265 0.071036
0.016993 -1e-05 -0.011874
0.02381 -0.003995 0.005526
0.019197 -0.002292 -0.015299
0.017935 -0.012885 -0.002274
-0.015965 1e-05 -0.007174
0.023612 0.008005 0.001351
-0.01639 -0.00809 0.000626
-0.022342 -0.009455 0.007476
-0.018248 -0.01114 0.006826
-0.02083 0.01422 0.000626
-0.0203 0.02275 0.034796
0.021678 -0.013595 -0.002999
-0.018725 -0.00026 -0.015074
-0.01001 -0.014103 0.003969
0.031605 0.008625 0.016786
-0.022753 -0.003755 -0.011874
0.01 0.000962 0.014048
-0.021603 0.012995 0.004176
0.02015 0.00048 0.014026
-0.00455 -0.030975 0.030129
0.019758 -0.009295 -0.012324
0.027158 -0.0244 0.044246
0.020785 -0.01262 -0.007824
-0.019685 0.00482 0.013201
-0.0224 -0.00653 0.009776
-0.02252 0.006745 -0.010849
-0.01879 0.00971 -0.011424
-0.018025 0.012385 -0.005124
-0.020847 0.007045 0.011926
0.021393 0.018525 0.017324
-0.03997 -0.00395 0.061121
-0.01676 -0.00884 -0.005124
0.019752 -0.00347 -0.015299
-0.019997 0.00637 -0.014274
0.029985 -0.01945 0.015694
0.02444 -2e-05 0.000626
-0.01999 0.01107 -0.010849
-0.034977 0.01335 0.040916
-0.017733 0.00421 -0.012774
-0.019993 0.01101 -0.002764
-0.025455 0.022775 0.050336
0.01873 -0.013862 -0.002999
0.03226 -0.00475 0.061199
0.016995 0.01004 -0.005124
-0.018395 -0.00534 -0.013574
-0.028475 -0.0255 0.030589
-0.01718 0.002785 0.010226
0.031275 0.0094 0.048341
0.02912 -0.021475 0.044571
0.019145 0.000255 -0.015524
-0.020438 -0.014605 -0.000824
0.02277 0.011155 -0.003724
0.00928 0.0237 0.061261
-0.02041 0.013745 -0.005824
0.028187 -0.021775 0.015848
0.02001 0.01468 -0.003724
-0.019685 -0.00408 -0.015074
-0.018742 -0.00611 -0.013574
0.021568 0.00328 0.012626
-0.038625 0.00625 0.063088
-0.016143 0.006885 -0.002274
0.01773 0.009015 -0.009699
-0.019593 0.013567 -0.006524
0.018657 -0.008735 -0.011874
-0.017303 -0.009015 0.006826
-0.02624 -0.0292 0.072166
-0.015747 -0.002815 0.001351
0.01772 -0.00311 -0.013224
-0.020622 -0.004455 -0.014849
0.02 -0.00432 0.013426
0.019563 -0.014493 0.001351
0.020758 -0.003345 0.013426
-0.027435 -0.024225 0.015093
-0.01959 -0.013707 -0.005824
-0.016237 -0.006715 0.002776
-0.03449 0.016825 0.062771
-0.02447 2e-05 -0.000824
-0.01617 -0.00684 0.001351
-0.020465 -0.00233 0.013876
0.018287 -0.013735 -9.9e-05
0.024043 0.002705 -0.005824
-0.01635 0.00811 -9.9e-05
0.02441 -2e-05 -0.003724
0.029365 -0.02075 0.016771
0.015717 -0.002835 -9.9e-05
-0.032398 0.019375 0.076796
-0.037478 0.010575 0.073216
0.019215 0.012935 -0.007174
0.017338 0.00254 -0.012324
-0.0212 -0.00278 -0.014849
0.01835 0.00104 0.012976
0.032858 -0.006775 0.051956
-0.01939 0.010165 0.009776
-0.03957 -0.003275 0.054666
0.023998 0.005505 0.002776
0.023045 -0.004195 -0.010849
0.01807 0.0212 0.081774
0.020315 0.00408 0.013426
-0.020002 -0.003602 0.000149
0.029785 -0.001925 0.081156
0.02 -0.00293 -0.015434
-0.020005 -0.00748 0.039176
0.018897 -0.00209 -0.015074
-0.016865 -0.00859 -0.006524
-0.019528 0.00472 0.013201
-0.022435 0.01222 -0.000824
0.02001 0.009813 0.010381
-0.019338 0.010615 0.009201
-0.022698 0.009045 0.006826
0.02001 0.010005 0.010226
0.02174 0.004655 0.011926
0.024245 0.00278 0.001351
-0.01908 -0.00758 -0.013224
-0.019085 0.004665 0.012976
0.02158 -0.01282 -0.006524
-0.01607 1e-05 -0.007824
0.022412 0.005505 -0.011874
-0.035788 0.01035 0.034471
-0.016825 0.01056 -9.9e-05
-0.023423 0.007595 -0.005824
-0.025573 0.018075 0.013838
0.019315 0.0188 0.016341
-0.020702 0.005895 0.012626
0.021123 -0.009195 0.010226
-0.020707 -0.00833 -0.012774
0.017595 0.01209 0.000626
-0.02219 -0.00153 -0.013574
-0.01758 -0.004415 0.010676
-0.01911 -0.009913 -0.011424
0.019685 -0.00187 -0.015574
0.016685 0.00234 0.008626
-0.01941 -0.00956 -0.011874
0.02076 0.012255 0.006826
-0.023255 -0.025525 0.013526
-0.0242 0.00427 -0.001549
-0.02249 0.00257 0.011126
0.023858 0.017475 0.081201
-0.023518 -0.001155 -0.009699
-0.020005 -0.00748 0.029176
-0.016343 -0.006565 0.004176
0.02001 0.014455 -0.004424
-0.0209 0.00302 0.013426
-0.018702 -0.003515 -0.014624
-0.037023 0.0121 0.062791
0.017233 -0.00101 -0.012324
-0.020705 0.00157 0.013876
0.02383 -0.00687 0.001351
0.029532 -0.021175 0.025346
-0.033367 -0.0166 0.014221
-0.01568 -0.00139 0.002076
0.033112 -0.011625 0.038259
-0.036157 -0.02 0.062321
0.018368 0.008012 -0.011874
-0.01937 -0.00528 0.012976
-0.017705 1e-05 -0.013574
0.019638 -0.011293 0.008626
0.017493 0.0197 0.019779
-0.032268 0.019675 0.069516
0.015882 -0.005685 -9.9e-05
0.02042 0.000255 0.013976
-0.019012 -0.008108 -0.012774
0.022138 0.002305 -0.013574
-0.022955 0.000795 -0.011874
0.02854 -0.02215 0.019873
0.016482 0.00099 -0.009699
-0.019175 0.000845 0.013876
0.019685 -0.00187 0.013926
0.028075 -0.02175 0.015469
0.017565 0.01219 -0.000824
-0.018773 -0.013613 0.002776
0.023537 0.007805 0.002776
-0.01913 2e-05 0.013876
0.029485 -0.02015 0.060601
0.03404 -0.00665 0.017901
-0.021335 -0.00443 0.012626
0.016108 -0.00251 0.005526
-0.00939 -0.0283 0.013813
0.02061 0.01013 0.009776
-0.022595 0.00357 -0.012324
0.017395 -0.028275 0.081138
0.03331 -0.00645 0.016126
0.0304 0.012575 0.025641
0.019195 -0.01354 -0.005824
-0.015642 -0.001415 0.000626
-0.02257 -0.00568 -0.011424
-0.02261 -0.00723 -0.010274
-0.019775 -0.007455 -0.013574
-0.015627 -0.001415 -9.9e-05
-0.022595 0.00357 0.010676
0.033717 -0.010025 0.020611
0.020005 0.004703 -0.010939
0.020683 0.002655 0.013651
-0.018027 -0.003515 0.011926
0.018795 -0.006265 -0.013574
0.02031 0.010805 -0.010849
0.02246 0.004205 0.010676
-0.00999 0.01501 -0.000824
0.01628 -0.003685 0.006176
-0.020343 0.011745 -0.009699
-0.02362 -0.00808 -0.002274
0.016888 -0.00301 0.009201
-0.015733 -0.001315 -0.004424
0.019685 -0.00552 -0.014624
0.019157 -0.009415 -0.011874
0.020405 0.00053 -0.015624
-0.015695 0.00286 -0.000824
-0.01959 -0.014483 0.000626
0.028283 -0.022875 0.041046
-0.018833 0.02295 0.034778
-0.005555 -0.032425 0.055396
0.032365 -0.011375 0.055388
0.021845 -0.00107 -0.014274
0.02217 0.01058 0.006176
0.020363 0.012855 -0.007824
-0.01919 -0.00108 0.013876
-0.01999 0.014127 0.003969
-0.031355 0.01725 0.034731
-0.030858 -0.0253 0.049733
-0.018753 0.013412 0.003476
0.010007 0.006587 -0.014187
-0.018535 -0.00774 0.010676
0.02512 0.01765 0.054636
-0.021773 -0.01113 -0.008474
1e-05 0.009829 -0.012022
-0.02345 -0.00233 -0.009699
0.01586 -1e-05 -0.006524
-0.035168 -0.0194 0.043664
-0.02172 -0.00853 0.009776
-0.019917 0.00357 -0.015299
0.02834 -0.01995 0.014791
0.009998 -0.004797 -0.014931
-0.023083 -0.008355 0.005526
-0.018048 0.01221 -0.005824
-0.038805 -0.00475 0.081916
-0.015665 -0.00139 -0.002999
-0.023658 0.006495 -0.005824
-0.038708 0.00355 0.057096
-0.003227 0.019425 0.013781
0.019595 -0.00057 -0.015624
0.019835 0.00348 0.013651
0.024087 -0.004145 -0.004424
-0.024072 -0.00418 -0.004424
-0.03296 -0.02475 0.068558
-0.016753 0.00101 0.009201
-0.020605 0.02325 0.041296
0.017335 -0.010835 -0.005124
-0.0214 0.00582 0.011926
0.017338 -0.00256 0.010676
0.02091 0.00933 0.010226
0.018665 -0.00446 0.012626
0.018347 0.006637 -0.012774
-0.036527 0.013775 0.065836
-0.01756 0.01216 -0.001549
0.022388 0.011755 0.002776
-0.020832 -0.003155 0.013426
-0.01577 -0.00279 -0.003724
0.013307 0.02345 0.067658
0.018835 0.01775 0.014771
0.008255 0.02035 0.015721
0.03375 -0.01 0.018156
-0.0172 0.011285 0.000626
-0.01873 0.013862 -0.002999
-0.022443 0.00532 -0.011874
-0.03827 -0.00675 0.038364
0.020202 -0.000295 0.014026
-0.01866 0.006715 0.011576
-0.019997 0.002865 0.006046
-1e-05 -0.011201 0.009008
0.01655 -1e-05 0.008626
0.019993 -0.006615 -0.014187
-0.020343 0.012545 0.006826
-0.03449 0.0087 0.014786
0.018148 -0.007585 -0.011874
-0.03054 -0.02085 0.013539
-0.01999 0.011218 0.009008
-0.017168 -0.009465 -0.007174
0.009552 -0.0319 0.045883
-0.020785 0.01332 0.004876
-0.02 0.00147 0.013976
-0.02122 0.024275 0.081273
-0.019385 0.002867 0.013651
-0.021645 -0.01313 -0.005124
0.00704 -0.0278 0.013696
-0.019993 0.01127 -0.000824
-0.019835 -0.00133 0.013976
0.01625 0.001315 0.006826
-0.017495 -0.002315 -0.012774
0.01619 0.003965 0.005526
-0.01839 0.0246 0.053626
-0.016415 0.00236 0.007476
-0.01957 0.013742 0.004176
0.015635 -0.00141 -9.9e-05
-0.020828 -0.013905 -0.004424
-0.017015 0.008235 -0.007824
0.023313 -0.00597 0.006826
-0.0206 0.00202 -0.015524
0.017165 0.007765 0.007476
0.01999 -0.01301 0.006676
-0.024208 0.004295 -9.9e-05
-0.024185 -0.00138 -0.005124
0.031325 -0.017175 0.048331
0.02283 -0.00612 -0.010274
0.01313 -0.02955 0.021846
-0.02426 -0.027375 0.027466
0.02414 -2e-05 0.004876
0.03314 -0.0086 0.045156
0.03309 0.00525 0.017406
-0.021623 -0.010455 -0.009699
0.021203 0.01268 0.005526
-0.01001 -0.009044 -0.012619
0.02084 0.00053 -0.015524
-0.01664 0.00921 -0.003724
0.017587 -0.005485 -0.011874
-0.0176 0.006635 -0.011424
-0.019677 -0.00338 -0.015299
0.023375 0.00923 -0.002999
0.021095 0.00203 0.013426
-0.022367 0.011795 -0.004424
-0.019798 -0.000255 0.014026
0.008407 -0.032825 0.067996
0.018015 0.012365 -0.005124
-0.0194 0.00202 0.013876
0.02244 0.01213 -0.001549
-0.019685 -0.00548 0.012976
0.01916 -0.00057 0.013876
-0.016653 0.005885 0.006826
-0.03927 -0.0017 0.054396
-0.033505 -0.0167 0.014683
0.032022 -0.001675 0.064191
0.02743 -0.0183 0.081546
0.0339 -0.00535 0.017416
-0.023898 0.006945 -0.000824
0.00999 -0.00751 -0.013814
-0.019348 2e-05 -0.015574
0.021297 -0.003545 0.012976
0.0228 0.011255 0.000626
-0.019917 -0.00138 -0.015624
-0.02207 0.000545 -0.013924
-0.019995 0.006515 0.002926
0.02278 -0.011295 -0.002274
0.018237 -0.00236 -0.014274
-0.01001 -0.014862 -0.001794
0.033425 -0.00995 0.016401
-0.018377 0.009935 0.008626
0.01155 -0.0322 0.064601
0.033305 -0.0059 0.016196
0.01664 -0.00921 0.002076
0.019847 0.00688 0.012276
0.02967 -0.0202 0.054821
0.019215 0.013285 -0.006524
0.019215 -0.00647 0.012276
-0.021063 -0.006555 0.011926
-0.00999 0.009837 -0.012022
0.020907 0.003805 -0.014849
-0.039843 -0.004475 0.078076
-0.020165 0.00422 0.013426
-0.01884 0.0193 0.013514
-0.023508 0.00627 0.005526
-0.0173 0.00201 -0.012324
0.02197 0.0181 0.082306
0.018005 -0.00156 -0.013924
0.023795 0.00233 0.006176
-0.019763 0.006845 0.012276
-0.019917 0.002145 -0.015574
0.024342 -2e-05 0.002776
0.03087 0.00825 0.015706
0.0 0.000971 -0.015694
0.032125 -0.014325 0.048459
-0.037835 -0.002925 0.025696
-0.017848 0.02115 0.015906
-0.021983 -0.01218 0.004176
0.021293 0.014005 -9.9e-05
0.02745 -0.0232 0.016646
-0.01843 0.01006 -0.010274
0.019993 -0.00797 -0.008774
0.02769 -0.0232 0.054451
-0.019593 0.013792 -0.005824
0.01655 -1e-05 -0.010274
0.02157 0.009455 0.009201
-0.019348 2e-05 0.013926
-0.018025 0.00806 -0.011424
-0.01796 -0.00104 -0.013924
-0.018735 -0.013937 -0.002274
-0.020165 -0.00133 0.013976
-0.020398 0.002545 0.013876
-0.028105 0.02225 0.080706
-0.01895 0.000542 -0.015299
0.0227 -0.00202 0.010676
-0.035825 -0.012675 0.021916
-0.018725 0.00029 0.013426
0.030568 -0.018675 0.057896
0.02 0.00568 -0.014624
0.02105 0.00508 0.012626
0.0224 0.006605 -0.011424
0.02119 -0.00972 0.009776
0.020405 -0.00337 -0.015299
0.021125 -0.00717 -0.013224
-0.020765 0.00337 -0.015074
0.02 0.00428 -0.015074
-0.017255 0.00746 0.008051
0.018985 -0.010837 0.008626
0.019677 -0.00412 -0.015074
0.031845 0.00915 0.028191
-0.019917 0.002145 0.013926
-0.022438 -0.000755 -0.013224
-0.02339 0.00937 -9.9e-05
-0.017378 -0.01064 -0.005824
-0.0188 0.002812 -0.014849
-0.036345 0.0038 0.022251
0.019638 -0.012192 0.007476
0.02545 -0.02505 0.072906
0.017022 -0.00301 0.009776
0.032127 -0.008375 0.064259
0.02 0.000953 0.010298
0.032148 0.0075 0.044889
0.033985 -0.0061 0.023239
0.01838 0.001565 0.012976
-0.016797 0.008685 0.004176
-0.03168 0.0134 0.013886
-0.023427 -0.009355 -0.000824
0.02063 -0.00532 -0.014624
0.011588 0.019075 0.014543
0.000535 0.025 0.081901
-0.038807 -0.00365 0.038591
0.01793 -0.000535 0.012276
0.020315 0.00548 -0.014624
0.024517 -0.02615 0.054061
0.017745 -0.00526 -0.012324
-0.020715 -0.01228 -0.008474
-0.038305 -0.01315 0.056943
0.021858 -0.006245 -0.012774
-0.019157 0.009415 -0.011874
-0.03689 0.01225 0.073181
-0.02113 0.00492 0.012626
-0.021125 -0.03105 0.079651
-0.01917 -0.013635 -0.005124
0.01999 -0.008895 0.011126
0.018817 0.013037 0.004876
-0.023857 -0.006855 -0.002274
0.0317 0.00865 0.017221
-0.009618 -0.0294 0.018336
-0.020248 0.00277 -0.015524
0.017215 -0.00926 0.006176
-0.022138 0.002345 0.011926
0.02358 -0.00802 0.002076
0.018445 -0.012485 0.005526
-0.03797 -0.0157 0.081006
0.01999 -0.01489 -0.001794
-0.018298 0.004885 -0.013574
-0.037965 -0.0163 0.059746
0.020353 0.000755 0.013976
0.019995 -0.00377 0.005671
0.020715 0.01103 0.008626
-0.038775 0.000925 0.050973
-0.020243 -0.008105 0.011576
0.02431 0.015525 0.015104
0.020825 -0.000845 0.013876
0.034065 -0.00505 0.025686
-0.034105 0.01285 0.028166
0.02677 -0.02205 0.080201
0.020628 0.00653 0.012276
-0.037752 -0.002425 0.025596
0.024095 0.00563 -0.002274
-0.03611 -0.019625 0.076721
0.009995 -0.00751 0.039176
-0.011122 -0.0317 0.046041
0.023202 0.008655 0.004176
0.02 0.001925 -0.015564
-7e-06 -0.006596 0.012541
0.021272 -0.014045 -0.001549
0.01929 -0.02865 0.022111
0.02033 0.02105 0.067511
-0.018303 0.013585 0.001351
0.031233 0.007525 0.064326
-0.02 0.00099 -0.015694
0.019777 0.008105 0.011576
0.01661 0.00934 -9.9e-05
0.022622 -0.01067 -0.005824
-0.010002 -0.004781 -0.014931
-0.02043 -0.01438 -0.003724
-0.020865 -0.01423 0.000626
0.02 -0.00099 0.014048
0.01636 0.0209 0.028026
-0.01631 -0.00234 -0.008474
0.01595 -0.00561 -0.003724
0.008205 0.020225 0.015296
-0.02769 -0.0272 0.040346
-0.02507 0.022375 0.044221
0.01941 0.00956 -0.011874
-0.029617 -0.021925 0.013674
-0.024133 -0.001305 0.004176
0.01853 -0.003785 0.012626
0.016355 -0.00501 0.006176
-0.020007 -0.00716 -0.009372
-0.017612 0.011785 0.002776
-0.017953 -0.000765 0.012276
0.026522 0.0162 0.057826
0.02672 0.014725 0.080741
-0.025825 -0.02415 0.013166
-0.003815 0.02565 0.067461
-0.01941 -0.011035 0.008626
-0.038357 -0.002075 0.035024
-0.020343 0.011295 -0.010274
0.030608 0.01015 0.016051
0.029255 -0.02065 0.016341
0.02285 0.007755 0.007476
0.016018 -0.003985 0.004176
-0.02284 0.00522 0.009201
-0.01976 -0.00343 -0.015299
0.01 -1e-05 0.039176
0.022015 -0.01017 0.007476
0.020772 -0.004995 -0.014624
-0.021203 -0.01303 -0.006524
0.020002 0.004773 0.013291
0.020915 0.00463 0.012976
0.016098 -0.006935 -0.000824
-0.018125 0.000535 0.012626
-5e-06 -0.0075 -0.000824
0.022168 -0.004695 -0.012774
-0.016515 0.00786 -0.005124
-0.03982 -0.003875 0.057939
0.0212 0.00158 -0.015074
-0.01735 0.00881 0.007476
0.020615 0.00363 -0.015074
0.019993 -0.010135 -0.005544
-0.02284 0.01885 0.013661
-0.023518 -0.00098 0.008051
0.0183 0.00854 0.009776
-5e-06 -0.005693 0.012916
-0.02001 -0.01498 0.009176
0.021263 0.01013 -0.010849
-0.021005 -0.00133 -0.015299
0.00999 -0.00751 0.012166
-0.032807 -0.02035 0.024196
0.021697 0.013555 0.001351
-0.02 0.00293 0.013794
-0.022947 -0.007905 0.006826
-0.017733 -0.00619 -0.011874
0.03177 -0.0049 0.067181
-0.01661 -0.00934 -9.9e-05
-0.035508 -0.012525 0.018886
-0.0278 0.01625 0.013643
-0.028687 0.014975 0.013449
-0.021405 -0.00578 -0.013574
-0.02769 0.01865 0.019071
-0.017595 -0.01209 0.000626
-0.018727 -0.014013 -0.001549
0.033992 -0.00475 0.031531
-0.022358 -0.011755 -0.004424
0.01741 -0.010485 0.004876
0.010002 0.004781 0.013291
-0.018665 -0.00444 -0.014274
0.016855 -0.005385 0.008051
0.020248 -0.00277 -0.015524
-0.02024 -0.00343 0.013651
0.0188 -0.00401 0.012976
0.020765 -0.00417 0.013201
0.020165 0.00278 0.013876
0.020545 -0.005995 -0.014274
-0.017675 -0.00489 -0.012324
-0.017657 0.009485 0.007476
0.021008 0.008105 0.011126
-0.020855 -0.000255 -0.015524
-0.022412 -0.005455 -0.011874
0.02042 0.000255 -0.015624
-0.01915 0.005567 -0.014274
0.019197 0.002258 0.013651
0.033838 -0.0023 0.017818
0.016975 -0.01006 0.003476
0.020473 0.00728 0.011926
-0.017215 0.011235 0.001351
0.0053 -0.0333 0.079646
0.019393 -0.000845 -0.015574
-0.02 0.00502 0.013201
0.023135 -0.00862 -0.006524
-0.019245 -0.008282 -0.012774
0.01874 0.00051 0.013426
0.028793 -0.01735 0.080813
-0.016888 -0.00299 -0.010849
-0.02059 0.009595 -0.011874
-0.02001 -0.01483 -0.001549
0.020005 0.00698 -0.013924
0.019993 -0.007195 -0.009372
-0.028305 -0.0253 0.027374
-0.035368 0.01525 0.056651
0.01959 0.014433 0.001351
0.00698 -0.0312 0.026826
-0.017887 -0.008815 0.008626
-0.02001 -0.01193 0.008051
0.022083 -0.010395 -0.008474
0.033958 -0.006075 0.025711
0.02059 -0.01107 0.008626
-0.018698 -0.031125 0.080654
0.023423 -0.007695 0.004176
0.018888 -0.012412 -0.007824
-0.02361 -0.00638 -0.006524
0.019602 0.00473 0.013201
-0.031882 -0.0198 0.015011
-0.023855 -0.001305 -0.007824
-0.035037 0.01545 0.080643
0.016525 0.00764 -0.005124
-0.01919 0.00112 0.013876
-0.022005 -0.012355 0.003476
-0.018068 -0.01219 0.004176
-0.01826 -0.00354 -0.013924
0.02922 -0.018875 0.014874
0.001163 -0.031425 0.032996
-0.022932 0.007945 -0.008474
-0.018237 0.024375 0.050584
0.019393 -0.000845 0.013926
-0.022385 0.00657 -0.011424
-0.02015 -0.00048 0.014026
0.022405 -0.01212 0.000626
-0.018293 -0.010815 0.007476
0.017155 -0.00521 -0.010849
0.020638 0.000255 -0.015574
0.01689 0.01039 0.002076
0.0329 0.0052 0.016536
0.016033 0.00404 0.004176
-0.016107 -0.005365 0.004176
-0.03901 -0.002675 0.044904
-0.021057 -0.004305 0.012976
0.017935 -0.0292 0.080136
0.021675 0.010355 0.008051
-0.020942 0.010845 0.008626
-0.0214 0.01152 0.007476
-0.019595 -0.00333 0.013651
-0.022525 0.01017 -0.007174
-0.027057 0.02 0.028301
-0.0335 0.0182 0.069486
0.01682 -1e-05 0.009776
0.017657 -0.009485 0.007476
-0.02219 0.00157 0.011926
0.022785 0.011205 0.001351
-0.009832 -0.029775 0.021311
-0.02063 -0.00528 0.012976
1e-05 0.009829 0.010381
-0.020687 0.007795 0.011576
-0.020392 -0.006055 0.012626
-0.035958 0.013925 0.080411
0.019835 0.00278 0.013876
-0.02369 -0.00233 0.006826
0.017575 -0.01201 0.001351
0.022558 -0.00157 -0.012774
-0.031167 0.017025 0.031509
0.016093 -0.0297 0.027336
0.020152 -0.0277 0.080221
-0.01781 -0.027575 0.014536
-0.017048 -0.009865 0.004176
0.0185 -1.2e-05 -0.014849
-0.011913 0.020725 0.014636
0.00999 -0.014881 -0.001794
-0.032893 -0.024625 0.072324
-0.03548 0.0102 0.081543
0.021955 -0.00807 -0.011424
0.027785 -0.020525 0.080284
0.01553 -1e-05 -0.000824
0.02 0.000952 0.014048
-0.02372 2e-05 0.007476
0.024275 -2e-05 -0.005124
-0.03181 0.01035 0.013281
-0.038402 -0.00355 0.032041
-0.022665 -0.010805 -0.005124
-0.024988 0.02395 0.077321
-0.020382 0.007395 0.011926
-0.009455 -0.028675 0.014746
-0.01828 0.01381 -0.000824
-0.01952 0.00402 -0.015074
-0.03736 0.00635 0.041083
-0.02 0.00147 -0.015624
-0.023315 -0.0286 0.081031
0.016232 -0.006635 0.002776
-0.020805 -0.013505 -0.005824
-0.019005 -0.010813 -0.010274
0.016922 -0.010235 -0.004424
-0.034852 0.01355 0.081211
0.03352 -0.00625 0.038314
-0.019835 -0.00133 -0.015624
0.018183 -0.011485 -0.007824
-0.02084 -0.00398 0.013201
-0.02001 -0.01447 -0.004704
-0.020157 0.00352 -0.015299
0.019393 -0.002845 -0.015299
0.01999 -0.014127 -0.005609
-0.012773 -0.03105 0.081011
-0.02405 0.00562 -0.003724
0.016118 0.006865 -0.001549
-0.030535 0.0145 0.013923
0.023713 0.003805 -0.007824
-0.020822 0.008845 -0.012324
-0.028735 0.0203 0.081694
0.02 0.001925 0.006421
-0.020843 -0.00938 -0.011874
0.02903 -0.0206 0.015581
0.030097 -0.004825 0.080796
0.016618 -0.001185 -0.010274
-0.018507 -0.002565 -0.014624
0.022525 -0.008495 -0.009699
0.018207 -0.001835 -0.014274
0.02339 0.00928 -0.002274
-0.01939 0.00959 0.010226
-0.021975 0.00662 -0.012324
0.017127 -0.00201 -0.011874
0.023968 -0.001195 -0.007174
-0.01958 -0.000255 0.013976
0.020082 0.00283 -0.015524
-0.019038 0.010387 0.009201
-0.022367 0.00982 0.006826
-0.01874 -0.0308 0.080976
-0.018857 0.009187 -0.011874
0.020315 -0.00482 -0.014849
0.019565 -2e-05 0.013976
0.01706 0.00099 0.010226
0.018375 0.01314 0.003476
-0.021975 0.00662 0.010676
-0.018735 -0.005338 0.012276
-0.017127 0.00201 -0.011874
-0.020312 0.019825 0.013856
0.021795 0.01103 0.006826
-0.02221 0.00742 0.009776
0.02047 0.00663 0.012276
0.019235 -0.004167 -0.014849
-0.01867 -0.006685 0.011576
0.017835 0.008665 -0.010274
0.016183 -0.003835 0.005526
0.01 -0.000981 -0.015694
-0.017148 0.009485 0.005526
0.019038 -0.010387 0.009201
0.033325 -0.01315 0.022996
-0.021865 0.022775 0.037966
0.008895 -0.032675 0.061408
-0.023345 0.00922 -0.003724
-0.016625 0.00926 -0.002999
-0.015795 -0.029925 0.024431
-0.018953 -0.011713 -0.009124
-0.01853 -0.00489 0.012276
-0.017525 -0.03185 0.055624
0.018378 -0.012985 -0.005824
0.0197 -0.00102 0.013976
-0.022555 0.02365 0.050374
-0.021965 0.002095 0.012276
-0.017668 -0.002315 -0.013224
0.01789 0.005915 0.010676
-0.02375 -0.001305 -0.008474
0.020847 -0.002045 -0.015299
0.023875 -0.00692 -9.9e-05
-0.016085 0.003985 -0.006524
0.0217 -0.01382 -0.000824
0.019648 0.000755 0.013976
0.030645 -0.016525 0.015036
0.01941 0.010585 0.009201
-0.035247 -0.00925 0.014698
0.023445 0.006005 0.006176
0.01945 -0.005995 0.012626
-0.018737 0.01016 -0.010849
0.02193 0.012005 0.004876
-0.018798 0.013287 -0.005824
-0.00999 0.009837 0.010381
-0.01904 0.023225 0.038126
-0.014845 -0.02765 0.013491
0.017632 0.00979 0.006826
0.0158 -0.001335 0.003476
-0.020165 -0.00133 -0.015624
-0.018287 0.013735 -0.001549
-0.034385 -0.0152 0.014751
0.020237 0.006805 0.012276
-0.020248 0.002045 -0.015574
-0.023245 0.005745 -0.009124
-0.019453 0.003845 -0.015074
0.019618 -0.001695 0.013926
0.019543 0.00728 -0.013574
-0.009998 0.004797 0.013291
1e-05 0.015 -0.000824
-0.02402 -0.004105 -0.005124
0.01999 -0.012412 -0.009099
0.02734 -0.0231 0.016216
0.01867 0.006685 0.011576
0.03055 0.0007 0.080486
-0.024117 0.00142 0.004176
0.023915 0.003955 0.004876
0.021648 -0.013345 -0.004424
-0.023885 0.00267 0.005526
0.019178 0.00881 -0.012324
-0.02127 -0.01378 0.002076
-0.022765 0.00927 0.006176
0.031193 0.009425 0.051608
-0.020828 -0.013455 0.004176
0.020985 0.00598 0.012276
-0.023412 -0.009305 -9.9e-05
-0.019348 0.001795 0.013876
-0.021397 0.007245 0.011126
0.015837 0.004215 0.001351
0.02061 0.009555 0.010226
0.021258 -0.013945 0.000626
-0.01916 -0.003985 -0.014849
0.019152 0.002007 -0.015299
-0.019658 -0.012157 0.007476
-0.023633 0.008145 -9.9e-05
-0.020002 -0.004773 -0.014931
0.021048 -0.012095 0.006826
-0.0217 0.00857 -0.011424
0.022953 -0.009895 -0.005824
0.01999 -0.014495 -0.004424
-0.019093 0.00384 -0.014849
0.015188 -0.0309 0.049803
0.021623 0.009905 0.008626
0.01999 -0.01382 0.004876
0.030575 -0.00525 0.080326
0.01999 -0.01472 -0.003724
0.0013 0.02415 0.048381
-0.025925 0.0217 0.081849
0.020522 -0.009645 0.010226
-0.019677 0.00342 0.013651
-0.023585 2e-05 0.008051
-0.020857 -0.014155 0.001351
-0.03831 -0.0164 0.065966
0.016147 0.006865 0.000626
0.019638 -0.012892 -0.007824
-0.020222 0.008145 -0.013224
0.032613 0.0071 0.020659
-0.029075 0.021825 0.059736
0.020353 0.000755 -0.015624
0.022665 -0.006095 0.009201
-0.01723 0.011185 -0.003724
-0.019445 0.00107 -0.015574
-0.017788 0.00131 0.011926
0.020225 -0.007495 -0.013574
-0.01956 -0.030125 0.039806
-0.020785 0.01332 -0.006524
-0.017993 -0.01254 -0.004424
0.018635 0.02185 0.070938
-0.038922 0.0009 0.054198
-0.021875 -0.005105 -0.013224
-0.019993 0.010135 0.003898
-0.022388 -0.00978 -0.008474
0.030215 -0.01585 0.073771
0.022335 -0.0276 0.053856
-0.022385 0.00157 -0.013224
-0.021555 -0.012455 0.005526
0.019835 -0.002095 -0.015574
-0.034042 -0.01705 0.018516
-0.03933 -0.00695 0.057558
0.020555 -0.00467 -0.014849
0.024095 -0.00282 0.003476
-0.021315 -0.01058 0.008626
-2e-06 -0.004789 -0.014931
-0.019285 0.012665 -0.007824
-0.026538 0.016975 0.013443
-0.018798 0.013062 -0.006524
0.02414 -2e-05 -0.006524
-0.02043 -0.013705 0.004176
-0.01682 0.00201 0.009201
-0.016658 -0.005865 -0.008474
-0.03977 -0.0029 0.060941
-0.017082 0.00801 -0.008474
-0.023615 0.024675 0.066456
0.02337 -0.0266 0.027641
-0.03689 0.01205 0.059696
0.015875 0.00264 -0.005124
-0.038005 0.005875 0.080666
0.001685 -0.02855 0.013993
-0.019445 0.00107 0.013926
-0.021603 0.012995 -0.005824
-0.02001 -0.00748 0.012166
-0.031927 -0.02185 0.024129
-0.021395 -0.00303 -0.014624
0.01743 -0.00571 0.009776
0.01709 -0.00401 0.009776
0.01807 -0.00981 -0.009699
0.015882 -0.00141 -0.005824
0.0209 -0.00182 -0.015299
0.024162 -0.004245 0.001351
0.02081 -0.00112 0.013876
0.021623 0.012955 0.004176
-0.017522 -0.02655 0.013291
0.021103 -0.002095 0.013426
-0.016175 1e-05 -0.008474
-0.020683 -0.002655 0.013651
0.02094 0.00758 -0.013224
-0.021265 0.00537 0.012276
-0.015747 -0.00139 0.002776
0.02029 -0.009245 -0.012324
0.02084 -0.00402 -0.014849
-0.022018 0.02475 0.063196
-0.01999 0.01242 0.007476
0.02201 -0.00447 0.011576
-0.019363 0.000295 -0.015574
0.023348 0.005855 0.006826
0.01001 0.014103 -0.005609
-0.019638 0.012192 0.007476
-0.039122 -0.001675 0.051171
0.01999 -0.014045 0.004176
-0.039297 -0.00175 0.057498
0.032975 -0.00645 0.015766
-0.012603 -0.0324 0.079676
-0.01999 0.01427 0.003476
-0.020233 -0.001155 0.013976
-0.03929 -0.01025 0.066726
0.019143 -0.01419 0.001351
-0.023185 -0.00718 -0.007824
-0.036092 -0.002775 0.014658
-0.03844 -0.0026 0.035116
0.017455 -0.00846 -0.009699
-0.023818 0.003845 -0.007174
0.02 0.001925 -0.008064
0.01536 0.01985 0.016076
-0.019917 -0.002105 -0.015574
0.024283 0.002805 -9.9e-05
0.01321 -0.029275 0.019149
-0.018142 -0.006215 0.011126
-0.02 0.00099 -0.008194
-0.019997 0.001895 -0.004072
0.020157 0.00418 0.013426
0.021285 0.01398 -0.001549
0.017305 0.005865 -0.010849
-0.03558 -0.0033 0.014441
0.02081 0.00108 -0.015524
0.020405 -0.00057 0.013976
0.01866 -0.006715 0.011576
0.012765 0.02295 0.081578
-0.02249 2e-05 -0.013224
0.019242 -0.001345 0.013876
-0.00999 0.014751 0.001121
0.023125 -0.01047 0.001351
-0.024095 0.00567 -0.002274
0.0212 0.00398 0.012976
0.018125 0.005115 0.011576
-0.034735 0.0133 0.037684
0.02219 0.00153 -0.013574
-0.032282 -0.02005 0.018381
-0.016765 -0.00704 -0.007824
-0.02249 -0.00253 -0.012774
0.019303 0.004308 -0.014849
0.018355 -0.01316 0.003476
-0.021315 -0.01058 -0.010274
0.032658 -0.014375 0.016976
-0.022577 0.004645 0.010226
0.031918 -0.00535 0.064171
-0.019917 -0.002105 0.013926
-0.020005 -0.00373 -0.007319
-0.02043 -0.01393 0.003476
0.01751 -1e-05 0.011576
-0.017875 -0.03215 0.061718
0.018237 0.00234 -0.014274
-0.020202 -0.000255 -0.015674
-0.019292 0.007795 -0.013224
0.023743 0.00513 0.005526
-0.020082 -0.000655 0.014026
-0.02432 0.00142 0.002076
-0.020418 0.014595 -0.001549
0.027597 -0.023175 0.057341
-0.018148 0.000785 -0.014274
0.0218 0.003255 -0.013924
0.018125 -0.005135 0.011576
-0.027425 0.0157 0.013248
-0.015905 0.00566 0.000626
0.029258 -0.0202 0.066368
-0.0212 0.00402 -0.014624
-0.01826 0.00581 0.011576
0.01969 -0.011293 -0.010274
-0.020387 0.006095 -0.014274
0.013292 -0.028825 0.015983
-0.021667 -0.013305 -0.004424
-0.009205 0.0256 0.070533
0.018817 0.013037 -0.006524
0.020698 0.004305 0.013201
0.021875 -0.005145 -0.013224
-0.016753 0.00336 -0.010274
-0.016457 0.006185 0.005526
-0.019993 0.00797 -0.008774
0.017052 -0.007935 0.006826
-0.016863 -0.00689 -0.008474
0.018808 0.00766 0.011126
0.02572 0.0139 0.082029
-0.037277 -0.006575 0.025431
0.018727 0.014062 -0.000824
0.012312 0.02075 0.022361
0.016313 -0.028025 0.015216
-0.01682 -0.00199 -0.010849
-0.026913 0.017525 0.013838
-0.016825 -0.00719 0.006176
0.021042 -0.025725 0.014661
-0.021185 -0.00553 0.012276
-0.017668 0.002335 -0.013224
0.020865 0.01428 -9.9e-05
-0.019917 -0.00283 0.013876
0.021195 -0.00627 0.011926
-0.017615 -0.006615 0.009776
-0.02171 2e-05 0.012976
0.020397 -0.00477 0.013201
-0.020532 -0.02655 0.014031
0.027995 -0.023 0.047771
-0.031922 0.01535 0.025136
-0.0364 0.008675 0.081311
-0.019155 -0.014335 -0.000824
0.019017 -0.003687 0.013201
0.016055 -0.00546 0.003476
0.020005 0.00685 -0.003669
0.020695 -0.01267 0.006176
0.018742 0.00611 -0.013574
0.019167 0.00316 -0.015074
0.02223 0.00748 -0.011424
0.01828 0.007165 0.010676
-0.01607 1e-05 0.006176
0.02671 0.01595 0.048106
0.022807 0.01133 -0.001549
0.033387 -0.006275 0.041726
-0.02 0.000745 -0.015674
0.021395 -0.00307 -0.014624
0.02089 -0.009945 0.009776
-0.016385 -0.003665 0.006826
0.018345 0.010365 -0.009699
-0.037395 0.00375 0.034656
-0.01968 0.00682 -0.013924
0.01841 0.00209 -0.014624
0.01604 0.001315 0.005526
0.020843 0.008805 0.010676
0.019607 -0.006095 0.012626
0.022832 -0.009495 0.005526
-0.015642 0.001435 -0.002274
0.016885 -0.00556 -0.009699
0.03362 0.000225 0.017826
0.023543 0.006155 0.005526
-0.020758 0.023475 0.044338
-0.02001 -0.01343 0.005526
0.02273 -0.0273 0.047016
-0.016888 -0.00099 0.009776
-0.0186 -0.005788 0.011926
-0.02043 -0.014155 0.002776
0.02974 -0.0088 0.081384
0.02131 -0.00812 -0.012324
0.01722 -0.00641 -0.010274
-0.023282 -0.00733 -0.007174
-0.017455 0.008485 0.008051
-0.03476 0.015 0.047256
0.01659 0.0218 0.041926
-0.01829 1e-05 -0.014624
-0.024095 0.00282 0.003476
-0.03753 -0.0098 0.034861
0.020772 0.004955 -0.014624
0.022333 -0.002345 -0.013224
0.01686 0.01049 0.000626
0.02423 0.00278 0.002076
-0.033748 -0.020475 0.081454
-0.003248 0.02335 0.038408
0.01758 0.00439 0.010676
-0.017965 0.021475 0.018943
0.016687 -0.007285 0.005526
-0.0382 -0.0035 0.028766
-0.038715 -0.01315 0.070106
0.020005 0.00588 -0.005349
-0.01595 -0.00559 0.002076
0.017615 0.00154 0.011576
-0.023837 0.006845 -0.002999
0.020963 0.010805 -0.010274
-0.02 -0.00428 -0.015074
-0.021245 -0.00253 0.013201
0.022788 -0.01137 -9.9e-05
0.03389 -0.0085 0.023161
-0.023658 0.006595 0.004176
0.02405 -0.00562 0.002076
0.02211 -0.005995 0.010676
-0.018335 0.002835 0.012626
-0.020805 -0.01373 -0.005124
-0.02994 -0.0246 0.033691
0.018538 -0.007115 0.011126
0.009998 -0.004797 0.013291
0.017325 0.010815 -0.005124
0.03371 0.000325 0.025694
-0.020622 0.00057 0.013926
-0.03934 -0.00375 0.048311
0.001363 0.02545 0.064566
-0.019997 0.00377 -0.000824
-0.02224 0.01127 0.004876
0.017545 -0.01221 -0.000824
-0.01797 -0.012715 0.002076
0.019215 -0.00647 -0.013924
0.01741 -0.010485 -0.006524
-0.01915 0.014165 -0.002999
-0.017815 0.00871 0.008626
-0.017773 -0.00639 0.010226
-0.01958 -0.000255 -0.015624
0.020863 0.007005 0.011926
0.019565 -2e-05 -0.015624
0.0173 0.00759 0.008051
-0.01703 -0.008215 0.006176
-0.016753 0.001185 -0.010849
0.01826 -0.00581 0.011576
0.004602 0.019525 0.014244
-0.02001 -0.011185 0.009008
-0.029538 0.021775 0.073306
0.022267 -0.00622 -0.011874
-0.020343 0.010845 -0.010849
0.02093 0.01955 0.081641
0.019995 -0.00752 0.029176
-0.020315 -0.00478 0.013201
0.021285 0.01393 0.000626
0.01969 -0.008667 0.011126
0.004668 0.02085 0.016581
-0.02029 0.011295 0.008626
-0.02157 -0.010005 -0.010274
-0.019525 0.00797 -0.013224
0.025615 -0.02145 0.081376
-0.01847 0.00351 -0.014274
-0.004597 0.024425 0.082081
0.033462 -0.011525 0.017611
0.0197 -0.00102 -0.015624
0.018015 -0.00661 -0.012324
0.02001 0.014852 -0.001794
0.02001 0.01498 0.009176
0.032942 -0.013125 0.038204
-0.020702 0.005895 -0.014274
-0.038725 -0.00315 0.038491
-0.024358 -0.001405 -0.002274
0.018015 -0.00661 0.010676
0.01875 0.013788 -0.003724
-0.020163 0.018825 0.013339
-0.021963 0.00972 -0.009699
-0.022165 0.008695 -0.010274
0.032357 -0.015775 0.020161
0.019648 0.000755 -0.015624
0.012265 -0.0317 0.052891
0.0182 -0.003285 -0.013924
-0.03202 -0.0199 0.015473
-0.010005 -0.005684 0.012916
-0.018943 -0.004313 0.012976
0.03336 -0.0067 0.016146
0.017185 -0.011335 -9.9e-05
0.03201 -0.01585 0.041531
0.02147 -0.003795 -0.014274
0.019348 0.001755 -0.015524
0.031973 0.0008 0.064281
-0.01999 0.01476 0.001121
0.02 0.001925 0.013921
-0.021228 0.013645 0.002776
-0.024305 0.00287 -0.000824
0.02465 -0.02315 0.014516
-0.01959 -0.013933 -0.005124
0.021935 0.00258 0.012276
0.019995 -0.00752 0.019176
-0.022168 0.004695 -0.012774
-0.021862 -0.00618 0.011126
-0.01959 -0.014158 -0.004424
-0.019163 0.020825 0.015436
0.03239 0.0059 0.055146
-7.3e-05 -0.033125 0.064263
-0.02184 -0.011355 0.006176
-0.034428 -0.020975 0.080779
-0.032963 -0.024875 0.064851
0.021245 -0.00257 -0.014849
0.022533 -0.02745 0.050436
-0.0203 -0.00098 0.013976
0.018205 -0.01106 0.006826
-0.019995 0.00474 -0.010939
0.01699 -0.00521 0.008626
-0.020503 0.001295 0.013926
-0.02 0.002195 0.013926
0.010005 0.005684 0.012916
0.01875 0.013837 0.001351
0.02311 -0.01042 0.002076
0.02084 -0.00057 0.013876
0.020963 0.010355 0.009201
-0.037108 0.00115 0.025309
0.01715 -0.007785 -0.009124
0.024953 0.01775 0.057836
0.01937 -0.00532 -0.014624
-0.02001 -0.008258 -0.013217
-0.01895 -0.003488 -0.014849
-0.021335 0.00447 -0.014274
-0.018228 0.01116 -0.008474
0.031765 0.00915 0.031509
0.018507 -0.002585 0.012976
0.017665 -0.00776 -0.010849
0.02085 0.01413 -0.002999
0.02191 -0.012045 0.004876
-0.01778 0.0237 0.041456
-0.022145 0.003795 0.011576
0.01799 0.00444 0.011576
-0.033845 -0.014875 0.013666
0.016855 -0.01046 0.001351
-0.008555 0.02465 0.054266
0.031918 -0.01405 0.015419
-0.035665 0.0121 0.080976
-0.01853 0.00491 0.012276
-0.01616 -0.00529 0.004876
-0.018005 -0.00154 0.012276
0.019038 -0.010837 -0.010274
-0.02229 -0.009005 0.008051
0.021763 -0.00237 0.012626
0.029468 0.011525 0.070696
0.01853 0.003765 -0.014274
-0.02222 0.02495 0.066466
-0.020005 -0.007225 -0.002764
-0.01001 -0.011193 0.009008
0.01999 -0.01482 0.000626
-0.016115 0.00266 -0.007174
-0.015657 -0.001415 0.001351
-0.020002 -0.001855 -0.004072
0.03126 -0.0101 0.073586
-0.022053 0.01287 -0.002274
-0.017763 0.00916 -0.009699
-0.035345 -0.006225 0.014338
0.029545 -0.02135 0.028021
0.022978 0.00298 -0.011424
-0.035257 0.00105 0.014433
0.023285 0.017925 0.017049
0.017918 0.010365 -0.008474
0.021433 0.003955 -0.014274
-0.020363 -0.026075 0.013406
0.031105 -0.00545 0.073713
0.030923 0.011025 0.038181
-0.018158 -0.01179 0.005526
-0.037395 -0.00365 0.081936
0.030958 -0.00195 0.077196
-0.01826 -0.00579 -0.013224
0.0219 -0.02595 0.080891
0.023025 0.01003 0.003476
-0.023518 0.003545 -0.009124
-0.023635 -0.00803 0.000626
-0.02313 -0.01038 -0.003724
0.01999 -0.01463 -0.003734
-0.03674 -0.0012 0.016486
-0.02133 0.00672 0.011576
-0.018175 0.008935 0.009201
0.033525 -0.006425 0.016361
0.03139 -0.0184 0.017326
-0.02277 0.00642 0.008626
-0.017615 -0.00154 0.011576
-0.018605 -0.001838 -0.014849
0.01939 -0.010615 -0.010849
0.01869 0.00806 -0.012324
0.02001 0.014725 0.001121
-0.01859 -0.001563 0.013201
-0.038477 -0.0132 0.060054
0.02043 0.01393 0.003476
-0.016685 1e-05 0.009201
-0.02126 0.000545 0.013426
-0.016243 0.001185 0.006826
-0.021837 0.00422 0.011926
0.017632 0.011765 -0.004424
0.020165 0.00348 -0.015299
-0.01856 0.001063 -0.014849
0.030552 0.0112 0.051473
-0.02241 -0.01193 -0.003724
0.02962 -0.0044 0.081266
0.02134 0.00668 -0.013224
-0.023543 -0.006155 0.005526
-0.034335 0.016875 0.080398
0.018575 -0.001337 0.013201
0.020343 -0.012895 0.006176
0.024517 0.015675 0.015311
-0.00999 0.009061 0.010976
-0.01001 -0.010598 0.009786
0.01695 -0.00676 -0.009124
-0.01909 0.009938 -0.011424
-0.03611 -0.0033 0.014646
0.019917 -0.000695 -0.015674
0.022545 0.008455 -0.009699
0.015612 0.001415 -0.000824
-0.01835 0.00106 -0.014624
0.001252 0.0233 0.038366
-0.013965 0.025325 0.063596
0.01595 0.00559 -0.003724
-0.03355 -0.0117 0.013449
-0.032003 0.01205 0.013741
0.017755 0.02065 0.082411
-0.016797 0.008785 -0.005824
0.022237 0.00913 -0.009699
-0.01595 0.00561 0.002076
-0.018347 0.008087 0.010226
-0.01916 0.00057 0.013876
-0.016618 -0.003515 0.008051
0.00608 -0.033275 0.061156
-0.021845 -0.00103 0.012626
0.012962 -0.030375 0.030231
-0.020233 -0.001155 -0.015624
-0.003885 -0.02895 0.014916
0.021885 0.01168 0.005526
0.0 0.002914 -0.015434
0.01687 -0.01041 -0.003724
-0.016955 -0.004165 -0.010849
0.030442 0.01215 0.017478
-0.020695 0.01197 0.007476
0.023382 -0.00102 -0.010274
-0.01999 0.014045 0.004176
-0.01917 -0.01386 -0.004424
0.001185 0.023 0.034876
-0.020082 -0.00138 0.013976
-0.010002 -0.004781 0.013291
-0.018795 0.01895 0.013351
0.02193 0.00923 0.008626
0.031117 -0.015775 0.063856
0.020998 0.002505 0.013426
0.01616 0.00529 0.004876
0.02193 0.012005 -0.006524
0.02249 0.00253 -0.012774
0.03296 -0.0048 0.015626
0.020405 -0.00057 -0.015624
0.01917 0.014135 0.001351
-0.03604 -0.0012 0.014696
-0.0212 -0.00158 -0.015074
0.021975 -0.00667 -0.012324
-0.026095 0.0233 0.059888
-0.017563 0.003335 0.011126
-0.029455 0.020425 0.044258
0.01759 -0.01196 -0.003724
-0.031893 -0.023775 0.043271
-0.025977 0.018825 0.015466
0.019995 -0.00739 0.000149
0.023915 0.003955 -0.006524
0.021975 -0.00667 0.010676
-0.018335 -0.002815 -0.014274
0.01955 -0.00152 0.013926
-0.022053 0.01297 -9.9e-05
-0.0188 -0.001585 -0.015074
0.023255 0.00893 -0.005124
0.01892 -1.7e-05 -0.015299
-0.022065 -0.012755 0.001351
-0.035315 -0.0033 0.014339
-0.03855 0.0035 0.073661
0.02423 -0.00282 0.002076
-0.039602 -0.00245 0.066976
-0.016487 0.00626 -0.007174
0.01655 0.002165 -0.009699
-0.037777 -0.01305 0.047469
0.005002 0.02255 0.034893
-0.01945 0.02165 0.021971
0.02345 0.00468 0.007476
0.02384 0.00528 0.004876
0.01911 0.009913 -0.011424
0.020315 -0.00187 -0.015574
-0.01902 -0.005983 -0.013924
-0.024065 -0.001305 -0.006524
0.001622 -0.029425 0.015551
0.02298 0.005355 -0.010274
0.023475 -0.00787 0.003476
0.01828 -0.00856 -0.011424
-0.02 2e-05 0.039176
0.030103 0.0096 0.070736
-0.0158 -0.001315 -0.005124
-0.015575 1e-05 0.001351
-0.018018 0.00971 0.008051
0.021327 0.005205 0.012276
0.02814 -0.0205 0.076719
0.02322 -0.02675 0.034206
0.019453 -0.003845 -0.015074
-0.02866 -0.028275 0.061811
0.029177 -0.0144 0.081304
0.019445 -0.00467 -0.014849
2e-06 0.004789 -0.014931
-0.01686 -0.01049 0.000626
-0.025198 0.017525 0.013443
-0.035705 -0.0014 0.014641
0.019093 0.001807 0.013651
-0.02285 -0.007755 0.007476
-0.019163 -0.01426 -9.9e-05
-0.00672 -0.03205 0.080311
0.018142 0.00619 0.011126
-0.021005 0.00257 0.013426
0.020315 -0.00187 0.013926
0.01656 0.006015 -0.007824
-0.023815 0.00682 0.002076
-0.019593 0.013217 0.005526
-0.02318 -0.002155 -0.010849
0.03386 -0.00675 0.031549
-0.020555 0.00107 0.013926
0.02731 -0.0243 0.040906
0.023108 -0.006995 0.006826
0.013032 -0.030875 0.080406
-0.024253 -0.002805 -0.002999
0.01999 -0.014495 0.002776
0.032522 -0.006125 0.055261
0.01587 -0.0311 0.079696
-0.02841 0.017 0.014969
0.029405 -0.0213 0.034621
-0.03458 -0.00915 0.014031
-0.034315 -0.009025 0.013871
-0.01754 0.004235 0.010676
0.019798 0.000255 0.014026
0.01328 0.0232 0.064438
0.02001 0.014597 0.002093
0.0185 -1.2e-05 0.013201
-0.03018 -0.02685 0.075883
-0.023248 -0.001155 -0.010849
0.020315 -0.00552 -0.014624
0.030093 -0.02005 0.044711
0.019752 -0.00277 0.013876
-0.015928 -0.005615 -0.002999
0.016875 0.01044 0.001351
-0.018725 0.008213 -0.012324
0.01982 -0.02925 0.059443
-0.020907 -0.005405 0.012626
-0.021492 -0.002555 0.012976
0.014722 -0.03135 0.058998
-0.03856 -0.0021 0.038306
-0.018535 0.00916 0.009776
-0.016685 -0.00199 -0.010274
-0.020825 -0.000805 0.013876
0.023625 -0.00807 -0.002274
0.023518 0.003505 0.007476
0.019292 -0.00837 -0.012774
0.01794 0.010465 0.006826
0.02314 -0.01052 0.000626
0.027165 0.0148 0.074046
-0.020103 0.024575 0.056776
0.01756 -0.00811 0.008626
0.033987 -0.00535 0.017839
-0.021815 -0.001555 0.012626
-0.037952 -0.002 0.028466
-0.01659 -0.00609 0.006176
-0.018757 -0.007558 -0.012774
-0.023045 -0.00198 -0.011424
-0.020953 0.002795 0.013426
0.0232 0.01785 0.016641
-0.018817 -0.012688 -0.007174
0.025755 -0.023575 0.080118
-0.01725 -0.011165 0.002076
-0.017598 -0.005515 0.010226
-0.018553 -0.00711 -0.012774
-0.020408 -0.01318 0.005526
-0.02 2e-05 -0.008324
-0.020555 0.00467 -0.014849
-0.018602 0.008637 0.010226
0.021048 -0.011745 0.007476
0.01686 0.005365 -0.009699
0.02345 -0.002195 -0.009699
-0.018723 0.013888 0.001351
-0.021052 0.006595 -0.013574
0.02079 -0.02525 0.014296
0.0 0.003885 0.013666
0.01917 0.01386 -0.004424
-0.01 0.003892 0.013666
0.021263 0.006105 0.011926
0.018878 0.009162 0.010226
0.024253 0.002805 -0.002999
-0.020455 0.00912 0.010676
-0.03824 0.00105 0.041359
0.020608 -0.000845 -0.015574
0.0173 0.00199 0.010676
-0.01999 0.00907 0.010976
-0.003227 0.02025 0.014231
0.02723 -0.023 0.015786
0.018293 0.010815 0.007476
-0.022558 -0.00153 0.011126
0.021297 -0.002345 0.013201
-0.021445 0.011845 0.006826
-0.01976 0.00487 -0.014849
0.020785 -0.01297 -0.007174
0.022455 0.010005 -0.007824
0.017198 0.01139 -0.000824
-0.016685 -0.004515 -0.009699
0.019783 -2e-05 -0.015674
-0.036427 -0.017375 0.081188
0.01642 0.00799 -0.003724
0.01985 -0.00052 0.014026
0.02144 0.00103 -0.014849
0.023518 0.00098 0.008051
0.027805 -0.02135 0.015104
-0.01976 0.007495 0.011926
-0.022835 0.007795 0.007476
-0.00824 0.023925 0.044918
0.01838 -0.001585 -0.014624
0.025265 -0.025525 0.037556
-0.02259 -0.010455 0.004876
0.020005 0.004507 0.005076
0.01577 0.00279 0.002076
-0.025603 -0.0275 0.081059
-0.017048 -0.009865 -0.005824
0.021228 -0.01342 -0.005124
5e-06 0.005693 -0.014559
-0.020455 0.00797 -0.013224
-0.022852 -0.009455 0.005526
-0.01926 -0.01296 0.005526
0.031592 -0.01 0.070329
-0.02265 -0.00878 0.007476
-0.019758 0.008145 0.011576
0.02 -0.00293 0.010043
0.03212 -0.0054 0.061186
0.0194 0.00198 -0.015524
-0.017282 0.009035 -0.008474
0.0186 0.005788 0.011926
0.02241 0.01193 -0.003724
-0.021295 0.0241 0.053496
-0.016158 0.006835 0.001351
0.01999 -0.012412 0.007454
0.0152 0.01935 0.015049
-0.040128 -0.004225 0.071016
0.017475 0.00844 -0.009699
-0.003583 0.025175 0.061026
0.001055 0.020725 0.015003
0.023842 0.006805 0.001351
-0.020405 -0.00333 -0.015299
0.01875 0.013563 -0.004424
0.01756 -0.00811 -0.010274
-0.007715 0.02185 0.021906
0.016888 -0.00101 -0.011424
-0.017995 0.012385 0.003476
-0.023762 0.006645 -0.004424
0.03164 -0.0056 0.067156
-0.017225 -0.03155 0.049339
0.02435 0.00138 0.000626
-0.020157 -0.00348 0.013651
-0.018852 -0.00181 -0.015074
-0.01807 0.012035 -0.006524
0.021447 -0.007145 -0.012774
-0.03705 -0.016125 0.044099
0.024365 0.00138 -9.9e-05
0.020007 0.010472 -0.004639
0.020845 -0.01432 -0.001549
0.02 0.002155 -0.015574
0.02313 0.01038 -0.003724
0.022852 0.009455 -0.007174
-0.017045 -0.000765 -0.011874
0.020398 0.002505 0.013876
-0.023757 0.001195 -0.008474
0.020248 0.002005 -0.015574
-0.01773 -0.009015 -0.009699
0.027462 -0.02325 0.060218
-0.01838 0.001585 0.012976
0.020005 0.00588 0.003703
0.00999 -0.010612 0.009786
0.008155 0.0201 0.014871
-0.0203 -0.00098 -0.015624
0.031878 -0.017075 0.017486
-0.019617 -0.007355 0.011926
0.02023 -0.006195 -0.014274
-0.038365 -0.003 0.081248
0.021368 0.01103 0.008051
0.02159 -0.00212 -0.014624
-0.019477 -0.008457 -0.012774
-0.019685 -0.00478 -0.014849
0.023945 -0.00547 0.003476
-0.02001 -0.01059 -0.011424
-0.020617 0.00657 -0.013924
0.03335 -0.006 0.041696
0.022803 -0.01142 -0.000824
-0.027398 0.020475 0.034773
-0.012212 -0.03255 0.068486
0.033633 -0.008425 0.016518
0.01735 -0.00881 0.007476
0.017783 0.009115 0.008051
0.019593 -0.012867 0.006176
-0.020953 -0.001555 0.013651
0.03341 -0.00695 0.016166
-0.03829 -0.0035 0.081626
7e-06 0.006596 -0.014187
-0.017893 0.00286 0.011926
-0.023385 -0.025875 0.014506
0.02 0.002155 0.013926
-0.035625 0.0119 0.040926
0.020825 0.000805 0.013876
-0.028565 -0.027525 0.079931
0.00999 -0.014119 -0.005609
-0.01999 0.01502 0.039176
-0.01559 1e-05 0.002076
0.023155 -0.01057 -0.001549
-0.019453 -0.003007 -0.015299
-0.030755 -0.02505 0.080426
0.030227 -0.020025 0.041326
-0.023015 -0.00813 0.006176
0.020455 -0.008545 0.011126
-0.022015 0.01017 0.007476
0.019155 0.014285 -0.001549
-0.03978 -0.007175 0.067106
-0.025003 0.02425 0.070071
0.020555 -0.00467 0.013201
0.019458 -0.008492 0.011126
0.022005 0.012355 0.003476
0.02024 0.007455 0.011926
0.029963 0.011375 0.064246
-0.020475 -0.00793 -0.013224
0.016655 0.00919 0.002076
0.01872 0.021525 0.054863
-0.023248 -0.003155 0.008626
-0.022873 -0.00198 -0.011874
-0.030675 -0.02515 0.046546
0.03406 -0.00665 0.023256
0.016617 0.00099 -0.010274
0.02 0.00428 0.013426
0.021837 -0.00422 0.011926
-0.022645 0.010845 0.003476
-0.023423 0.007695 0.004176
0.033125 0.00015 0.016316
-0.01969 0.009817 0.010226
0.02123 0.001055 0.013426
-0.023235 0.00707 -0.007824
0.031808 0.0087 0.017659
0.02669 0.0161 0.054626
-0.021455 0.00082 -0.014849
0.016765 0.00704 -0.007824
0.021492 0.002555 -0.014624
0.020418 -0.014645 -0.000824
-0.021727 -0.010805 -0.009124
0.017177 -0.01141 -0.000824
0.03248 0.0001 0.015621
0.02089 -0.010395 0.009201
-0.01875 -0.013788 -0.003724
0.015928 0.005615 0.001351
-0.019752 0.00277 -0.015524
-0.032632 0.015875 0.034646
0.018965 0.000807 -0.015299
0.021813 0.020125 0.064288
0.02043 0.013705 0.004176
-0.029337 -0.02405 0.024354
-0.0185 1.2e-05 -0.014849
0.01841 -0.00211 -0.014624
0.018203 0.02145 0.081486
-0.019638 0.010843 0.009201
-0.024253 0.002845 0.001351
-0.00999 0.009061 -0.012619
-0.017218 0.000785 0.010676
-0.023968 0.001195 -0.007174
-0.0191 0.001818 0.013651
0.016985 -0.00816 0.006176
0.017985 0.01014 0.007476
-0.019993 0.00767 0.011926
-0.019995 0.00571 -0.014559
0.018715 -0.013963 0.000626
-0.02402 0.004145 0.003476
0.020007 0.011102 -0.001794
0.022805 0.00298 -0.011874
0.019225 -0.008892 -0.012324
-0.019305 -0.011935 -0.009124
0.02121 0.00968 0.009776
0.0209 0.00178 0.013651
-0.02 -0.002155 -0.015574
0.03133 -0.015775 0.058081
0.015935 -0.001335 0.004876
0.017947 0.01284 -0.002274
-0.024117 -0.005655 -9.9e-05
-0.019453 -0.003805 0.013426
0.021015 0.010805 0.008626
-0.003825 -0.02825 0.013826
0.02 -2e-05 0.014176
-0.019602 0.002545 -0.015524
-0.038965 0.0008 0.070234
-0.03676 -0.00225 0.016441
-0.022545 -0.00843 -0.009699
0.032853 -0.014425 0.017806
-0.019993 0.01101 0.001121
-0.019445 0.00467 0.013201
-0.020082 -0.00138 -0.015624
0.021905 -2e-05 -0.014274
-0.038645 -0.01 0.054141
-0.021035 -0.000805 0.013651
-0.038978 -0.010025 0.077776
0.025015 0.01565 0.081496
-0.02126 -0.00053 0.013426
-0.02978 -0.0268 0.055914
0.021515 0.020175 0.074208
-0.024425 2e-05 -0.002999
0.02252 -0.00682 -0.010849
-0.02 -0.002155 0.013926
0.01792 -0.008335 0.009201
0.020245 0.02085 0.061171
0.017615 0.00654 0.009776
0.032267 0.003375 0.058161
-0.023862 0.001195 -0.007824
0.018995 0.001333 -0.015299
0.031248 -0.01685 0.015684
-0.018993 0.008143 0.011126
-0.019835 -0.00348 0.013651
0.032045 0.0058 0.061356
0.022105 -0.01082 0.006176
-0.018185 -0.001565 -0.014274
-0.03914 -0.010175 0.063543
-0.01807 0.00926 0.008626
-0.023788 0.024525 0.070099
-0.013445 0.024875 0.057166
0.025502 -0.024325 0.016536
-0.01892 1.7e-05 0.013651
0.023548 -0.00487 0.006826
0.024095 0.00278 -0.005124
0.0188 0.001585 0.013426
0.024117 -0.00142 0.004176
0.018888 -0.012062 0.006826
-0.034475 0.0033 0.014171
0.02123 -0.00107 0.013426
-0.01955 0.00152 -0.015574
-0.02001 -0.014852 0.000149
-0.024035 -0.00403 0.003476
-0.023915 -0.003955 0.004876
0.023202 0.008755 -0.005824
0.018757 0.01014 -0.010849
0.018555 0.009115 -0.011424
0.017455 -0.01016 0.005526
1e-05 0.014485 0.003066
0.031962 -0.011375 0.064114
0.021623 0.012955 -0.005824
0.032485 -0.0145 0.038263
0.017563 -0.003335 -0.012774
0.033728 -0.006775 0.034961
-0.00999 0.014492 -0.004704
0.0212 0.00158 0.013426
0.020082 0.00353 -0.015299
0.030855 -0.01015 0.077099
-0.019677 0.00412 -0.015074
0.020765 -0.00337 -0.015074
-0.020983 -0.003655 0.013201
-0.018368 -0.008063 -0.011874
-0.01616 -0.00529 -0.006524
-0.018805 -0.006235 0.011926
-0.024635 0.02275 0.081681
-0.021343 -0.002055 0.013201
-0.016955 -0.00199 -0.011424
-0.022033 -0.00533 0.011126
-0.017387 0.01066 -0.005824
-0.02032 -0.00678 -0.013924
0.01999 -0.014045 -0.005824
-0.019997 0.001895 0.002424
0.000423 -0.032725 0.055336
0.020695 -0.01197 -0.009124
-0.021068 -0.011255 0.008051
0.032325 -0.0044 0.061211
0.019612 0.013757 0.004176
0.020233 0.001155 0.013976
-0.020863 -0.007005 0.011926
-0.01727 -0.00744 -0.009699
-0.033162 -0.01855 0.018448
-0.016618 -0.009265 -0.002274
0.022263 -0.00422 0.011126
-0.016633 -0.009215 -0.002999
-0.021028 -0.0297 0.081004
-0.018623 -0.008612 -0.011874
-0.012342 -0.0325 0.072216
-0.012798 0.0234 0.038208
-0.017407 -0.01064 0.004176
0.020615 -0.00367 0.013426
0.01577 -0.00281 0.002076
-0.017893 -0.00284 -0.013574
-0.0173 -0.00759 0.008051
-0.018417 -0.008165 0.010226
0.01761 0.00969 -0.008474
-0.01917 0.025275 0.063271
0.021297 0.002305 -0.014849
-0.01695 0.00676 0.007476
0.01655 -0.002185 0.008051
0.021315 -0.028025 0.069006
-0.03503 0.01015 0.024988
-0.01893 0.005815 -0.013924
-0.019545 -0.00793 -0.013224
-0.016708 -0.009115 0.002776
0.018273 -0.010835 -0.009124
0.030083 0.007775 0.077276
-0.019145 -0.000255 -0.015524
0.02949 0.005675 0.081406
0.023113 -0.00102 -0.011424
-0.0163 0.020775 0.014499
-0.03899 -0.002875 0.077539
-0.021858 0.00622 -0.012774
-0.020608 -0.002805 -0.015299
0.021763 0.00233 0.012626
0.023423 0.01935 0.064216
0.030005 -0.005575 0.080748
0.022087 0.01298 -0.000824
0.00982 -0.03155 0.039099
0.032537 -0.0045 0.058214
-0.022435 0.010045 0.006176
0.021805 -0.008945 -0.010849
0.018852 -0.00184 0.013426
0.020007 0.007938 -0.008774
-0.01771 0.009035 0.008051
0.02133 -0.00672 -0.013224
0.031045 0.0058 0.074066
0.017247 0.003765 0.010226
-0.01618 0.00681 0.002076
0.01826 -0.00356 0.012276
-0.02242 0.00442 0.010676
0.02261 0.007255 -0.010274
0.021983 0.01218 0.004176
-0.020093 0.022475 0.031448
0.019685 0.00478 -0.014849
-0.01781 0.00156 -0.013574
-0.016617 -0.00099 -0.010274
0.021063 0.006555 0.011926
0.02172 0.00858 -0.011424
0.02029 -0.011295 0.008626
0.032628 0.007175 0.023131
-0.03452 0.0134 0.081478
0.018602 -0.008613 0.010226
0.019995 -0.00571 0.012916
0.02105 0.00348 -0.014849
-0.022125 -0.01078 -0.007824
0.033955 -0.00555 0.025686
-0.020248 -0.00273 0.013876
-0.01999 0.01482 -0.002274
-0.023652 0.001195 0.007476
0.02375 -0.001345 0.006826
-0.019143 0.01429 -0.001549
-0.023382 0.00102 -0.010274
-0.020622 0.004495 0.013201
-0.029075 -0.0239 0.021446
0.017048 0.009865 0.004176
0.015635 0.00139 -0.001549
-0.026485 -0.025575 0.018531
0.02505 -0.0232 0.080996
0.01616 0.00529 -0.006524
-0.029695 0.01595 0.015399
-0.02033 0.00272 0.013876
0.022835 -0.007795 -0.009124
-0.018775 0.013237 0.004176
-0.021518 -0.009555 -0.010849
-0.021205 0.013245 -0.005824
-0.020995 0.011295 0.008051
0.00849 0.0208 0.019471
-0.02083 0.01412 -0.003724
0.00561 -0.03335 0.071871
-0.029762 0.013975 0.013451
0.019242 0.001305 0.013876
-0.01985 0.00052 -0.015674
-0.016753 -0.00334 0.008626
0.033415 0.00305 0.031531
0.022048 0.000755 -0.013924
-0.027778 -0.022275 0.013056
-0.017723 0.00621 0.010226
0.02249 -0.00257 0.011126
-0.018507 0.002585 -0.014624
0.01967 -0.00272 -0.015524
0.01684 -0.01051 0.000626
-0.02026 0.0195 0.013679
-0.01999 0.00907 -0.012619
-0.020007 -0.010975 -0.002764
-0.0301 0.01855 0.034766
0.033655 -0.0062 0.034931
-0.015905 -0.00564 -0.002274
-0.020365 0.02015 0.014034
0.024035 -2e-05 -0.007174
0.01909 -0.009363 0.010226
0.027208 -0.020225 0.080871
-0.018307 -0.013715 -9.9e-05
0.01999 0.021 0.074261
-0.022803 0.01142 -0.000824
0.017565 0.010015 0.006176
0.02384 0.00528 -0.006524
0.01744 0.00569 -0.011424
-0.016595 0.00936 -0.001549
-0.021935 -0.00258 -0.013924
0.020007 0.00716 -0.009372
-0.01952 0.00402 0.013426
-0.021048 0.011745 -0.009124
0.031125 0.010425 0.017568
-0.03288 -0.0223 0.036756
0.020418 -0.014545 -0.002274
-0.016347 0.001185 -0.009124
-0.01879 0.00971 0.009776
-0.021555 -0.012455 -0.007174
-0.017283 0.01101 -0.004424
-0.021935 0.00262 0.012276
0.0182 0.003265 0.012276
0.01001 0.012384 -0.009099
0.019995 -0.006888 -0.003669
0.018068 0.01219 0.004176
-0.019348 -0.001755 0.013876
0.0188 -0.002812 -0.014849
-0.022425 -0.00438 -0.012324
-0.02144 -0.00103 -0.014849
0.018762 0.021775 0.064393
0.018943 0.004313 -0.014624
-0.01628 1e-05 -0.009124
0.016365 -0.00806 0.000626
-0.022072 -0.01283 0.000626
0.0186 0.01149 -0.009124
-0.02664 -0.0228 0.012871
0.02087 -2e-05 0.013876
-0.020908 0.001845 0.013651
-0.019648 -0.000755 0.013976
0.023652 0.001155 0.007476
0.021485 -0.000295 -0.014849
-0.027265 0.0181 0.015006
-0.022543 -0.001755 -0.012774
0.020702 -0.005895 0.012626
0.027825 0.01085 0.081593
-0.020992 -0.005205 -0.014274
-0.01895 -0.003488 0.013201
-0.019995 0.00726 -0.002764
-0.02337 0.00752 0.004876
0.01655 -0.00471 0.007476
-0.01931 -0.007105 -0.013574
0.020857 0.014255 -0.001549
-0.02117 0.024925 0.073761
-0.019677 -0.00408 0.013426
-0.01853 0.00491 -0.013924
-1e-05 -0.014742 -0.002764
0.01663 0.00749 0.004876
0.020007 0.010847 0.002093
0.023508 -0.00627 0.005526
0.019993 -0.007195 0.007728
-0.019038 0.010837 -0.010274
-0.022285 0.01162 0.003476
0.019385 -0.00367 -0.015074
-0.02393 2e-05 0.006176
-0.003323 0.021475 0.019186
0.03134 -0.01865 0.034866
-0.02263 0.00882 0.007476
-0.02922 0.0203 0.041246
-0.029773 -0.026475 0.079986
0.018307 0.013715 -9.9e-05
-0.024473 0.019075 0.014496
-0.01809 -0.012015 0.004876
0.024177 -0.002745 -0.004424
-0.01809 -0.00924 -0.010274
0.023248 0.001155 -0.010849
-0.019215 0.00647 0.012276
-0.015882 -0.00139 0.004176
0.004535 0.02385 0.082144
0.01754 -0.004235 0.010676
0.019993 -0.01101 -0.002764
-0.03938 -0.0019 0.066806
0.02224 -0.01127 -0.006524
-0.016845 -0.01054 -0.001549
-0.018743 -0.013912 0.000626
0.016033 0.001165 -0.007174
-0.030892 -0.0211 0.014154
-0.02345 0.00472 0.007476
-0.032647 0.00935 0.013451
0.032963 -0.005075 0.015678
-0.021875 0.000545 -0.014274
-0.035053 -0.002325 0.014519
0.024185 0.00423 -0.002274
0.00528 0.0242 0.058083
0.033537 -0.010125 0.031508
0.021445 -0.00917 -0.011424
0.02958 -0.007025 0.081648
-0.00999 0.012403 -0.009099
0.032898 -0.0049 0.051818
0.018623 0.008588 -0.011874
-0.018605 -0.001838 0.013201
-0.016917 0.008385 0.005526
0.022955 0.000755 0.010226
-0.022705 -0.005855 0.009201
0.019497 -0.001295 -0.015574
-0.035915 -0.006325 0.015341
0.015965 0.00404 -0.005124
-0.022333 0.002345 0.011576
-0.016018 0.003985 0.004176
0.020707 0.005855 -0.014274
0.033437 0.0002 0.016968
-0.016943 -0.010215 -0.004424
0.01925 0.002482 0.013651
0.020343 -0.012195 -0.009124
0.02125 -0.01387 0.001351
-0.01873 0.005362 -0.013924
0.023115 0.00553 -0.009699
0.025285 -0.023325 0.080704
-0.016415 1e-05 -0.009699
0.02001 0.01343 -0.007174
0.02696 0.0151 0.017686
0.02868 -0.0217 0.054636
-0.01911 -0.009913 0.009776
-0.02538 -0.028675 0.049778
0.017715 0.01159 0.003476
-0.021603 0.006795 0.011126
-0.01682 0.002185 -0.010849
0.01737 0.00879 0.007476
0.028432 -0.022725 0.034481
-0.018897 0.00209 -0.015074
0.020755 -0.00832 -0.012774
-0.0171 -0.0314 0.046101
-0.020843 -0.008805 0.010676
0.019497 -0.001295 0.013926
-0.020855 0.00207 0.013651
0.023538 -0.006195 -0.007174
-0.01971 -0.011707 0.008051
0.021555 0.012455 0.005526
0.02959 -0.010225 0.081366
0.02029 -0.010845 0.009201
-0.02671 0.02195 0.047306
-0.017028 0.009885 0.004176
-0.019917 -0.000655 -0.015674
0.018808 -0.004788 0.012626
-0.021148 -0.001805 0.013426
-0.037387 -0.00185 0.022526
-0.00999 0.01501 0.039176
-0.022102 -0.010355 0.006826
-0.016415 -0.00234 -0.009124
0.017255 -0.007435 0.008051
-0.019638 0.012892 -0.007824
-0.01643 -0.0307 0.033516
-0.034095 -0.02335 0.058821
-0.020082 0.000695 -0.015674
0.02165 -0.00107 -0.014624
-0.019602 -0.00403 -0.015074
-0.01999 0.0145 -0.004704
-0.01999 0.01427 -0.005124
0.017668 -0.002335 0.011576
0.020983 0.003655 0.013201
0.023045 0.004155 0.009201
0.01971 0.009782 -0.011874
0.02287 0.019325 0.077531
-0.018432 0.00331 0.012626
-0.019242 -0.001305 -0.015524
-0.02257 -0.00568 0.009776
-0.02153 0.0187 0.013326
0.02 0.000952 -0.015694
0.02228 0.00308 0.011576
0.02047 -0.00607 0.012626
-0.018602 -0.007213 0.011126
-0.018148 -0.000765 0.012626
-0.014867 0.024725 0.081396
-0.029548 -0.0261 0.080371
-0.032825 -0.0245 0.076089
-0.018817 -0.013037 0.004876
-0.00999 0.01501 0.029176
-0.020963 -0.010805 -0.010274
0.015725 -0.00286 -0.002274
-0.031665 -0.0217 0.021221
-0.02 0.02415 0.081576
0.023885 -0.00267 0.005526
0.020005 0.004703 0.009294
0.015905 -0.00566 -0.002274
-0.020243 -0.00868 -0.012774
0.018225 0.020625 0.034896
0.019385 0.002833 -0.015299
-0.017632 -0.011765 -0.004424
-0.016922 0.010235 -0.004424
0.020082 0.000655 -0.015674
-0.025833 -0.029125 0.058918
0.03304 -0.00205 0.048373
0.008955 0.0227 0.041891
0.019993 -0.010135 0.003898
-0.01957 0.014468 -0.002999
-0.01722 0.00641 -0.010274
-0.017942 0.01281 -0.002999
0.022972 0.009855 0.004176
-0.03104 -0.02545 0.052921
0.020005 0.00373 0.005671
-0.020082 0.00497 0.013201
-0.020847 -0.002005 0.013651
-0.019917 -0.00423 0.013426
-0.033315 -0.014625 0.013346
-0.020532 0.002195 0.013876
0.02952 -0.0059 0.081236
0.02239 -0.01197 0.002076
0.023595 -0.00807 0.001351
0.016852 -0.031025 0.068753
-0.018355 0.01316 -0.005124
0.020707 0.00833 -0.012774
0.022007 -0.00852 0.009201
-0.016108 0.00251 0.005526
-0.018525 0.00776 -0.012324
0.02174 -0.004695 -0.013574
0.019917 0.000655 0.014026
0.018725 0.00026 -0.015074
-0.02029 0.010395 -0.011424
-0.017177 0.01141 -0.000824
-0.020418 0.014645 -0.000824
0.00999 -0.014622 -0.003734
0.02 0.000705 -0.015674
0.013008 0.0233 0.077918
-0.020005 -0.004507 -0.006722
0.02001 0.01447 -0.004704
0.0105 -0.03145 0.080406
0.019145 0.000255 0.013876
0.018025 0.00659 -0.012324
-0.01866 0.006715 -0.013224
0.015685 0.0203 0.019701
-0.036242 -0.00225 0.015108
0.010162 -0.0284 0.014311
-0.02081 -0.00108 0.013876
0.020622 0.003655 0.013426
0.001522 -0.02995 0.018676
-0.022427 0.012145 -0.001549
-0.018755 0.002563 0.013201
-0.022735 0.00487 -0.011424
-0.016033 -0.001165 -0.007174
-0.02382 -0.00678 0.002076
-0.017375 -0.007115 -0.010274
-0.028797 -0.028275 0.068423
0.02643 -0.02485 0.060021
-0.000668 -0.033 0.079656
0.019047 -0.00279 -0.015074
-0.018515 0.000288 0.013201
0.023315 0.004505 -0.009699
-0.020343 0.012195 0.007476
0.01999 -0.01427 -0.005124
0.022367 -0.011795 -0.004424
0.020233 0.001155 -0.015624
-0.020007 -0.010847 0.002093
0.021862 0.006205 0.011126
-0.020707 -0.005855 0.012626
-0.01999 0.014045 -0.005824
-0.028793 -0.028025 0.075838
0.02147 -0.00492 0.012276
0.01526 0.0196 0.015226
-0.017642 0.011785 -0.004424
0.01718 -0.002785 0.010226
-0.016493 -0.00624 0.005526
-0.017155 0.00521 -0.010849
0.00156 -0.029625 0.016016
-0.009225 -0.02725 0.013348
-0.015882 0.005685 -0.001549
-0.022128 0.00487 0.011126
-0.02 0.00099 -0.004444
0.019528 0.003155 0.013651
0.018432 -0.004435 -0.013924
-0.03619 0.00585 0.081593
-0.02001 -0.008258 0.011571
0.016753 -0.00336 -0.010274
-0.023767 -0.006705 -0.004424
0.024283 -0.002845 -0.001549
-0.015025 -0.0284 0.014576
-0.036025 -0.01945 0.080481
0.03269 0.0001 0.015853
0.021395 0.00303 0.012976
0.021645 0.01313 -0.005124
-0.019525 0.008545 -0.012774
0.021475 0.00773 -0.012324
-0.020622 -0.00053 0.013926
0.021603 -0.012995 0.004176
0.02043 0.01448 -0.002274
0.023548 0.00483 -0.008474
-0.0176 0.006635 0.009776
-0.02001 -0.01372 0.004871
-0.003315 0.02305 0.034919
0.016933 0.008365 -0.007174
-0.00377 -0.0279 0.013671
-0.01586 -0.00419 0.002076
0.033912 -0.002275 0.023214
-0.035812 0.01035 0.081276
-0.015657 0.001435 -0.002999
-0.019582 -0.014557 -0.001549
-0.017972 0.00851 -0.010849
-0.020555 0.00467 0.013201
-0.019835 0.002095 0.013926
0.024043 -0.002745 0.004176
-0.018155 -0.00104 -0.014274
1e-05 0.014111 -0.005609
0.032547 0.005825 0.051719
-0.018995 -0.001333 0.013651
0.01959 0.014532 -9.9e-05
0.019993 -0.005645 -0.010567
0.01614 -0.027225 0.014429
0.015905 0.00279 0.003476
-0.036272 0.01045 0.040936
-0.024058 -0.00263 0.004176
0.023382 0.00333 0.008051
0.032525 -0.0055 0.055216
0.022358 0.011755 -0.004424
0.021853 0.000755 -0.014274
-0.012032 0.021075 0.015581
0.022845 0.00518 -0.010849
0.033758 -0.00465 0.038261
-0.021245 0.00257 -0.014849
-0.01939 -0.029925 0.036591
-0.038493 0.0062 0.059993
0.01622 0.00264 0.006176
-0.033435 0.01835 0.065846
0.020248 0.00343 -0.015299
-0.019658 -0.010807 -0.010849
0.020408 0.01398 -0.005124
-0.01001 -0.010598 -0.011424
-0.02278 -0.00638 -0.010274
-0.02274 -0.00483 -0.011424
0.01628 -1e-05 0.007476
-0.03949 -0.00425 0.081483
-0.03442 0.01015 0.018833
0.031872 0.00575 0.064461
-0.039205 -0.010075 0.070486
-0.01999 0.01382 -0.006524
-0.01614 -0.00684 -0.002274
-0.022953 0.009895 0.004176
-0.018025 0.00806 0.009776
0.01001 0.013354 0.005774
-0.017458 -0.001765 0.011126
0.031233 0.010475 0.018006
-0.030363 0.020925 0.056449
0.0224 0.006605 0.009776
0.022027 0.00848 -0.010849
-0.019178 -0.00881 -0.012324
-0.02384 -0.00528 0.004876
0.022642 0.01063 0.004176
0.03214 -0.0157 0.016886
0.019602 0.002505 0.013876
0.019658 0.02065 0.081389
-0.024035 2e-05 0.005526
-0.022768 0.00102 0.010676
-0.024133 0.001345 -0.005824
0.015575 -1e-05 -0.002999
-0.022625 0.007095 -0.010274
-0.023915 -0.003955 -0.006524
-0.019995 0.006515 -0.004574
0.016055 0.00544 0.003476
0.02162 -0.001595 0.012976
0.01999 -0.013755 0.004871
0.02919 0.0056 0.081686
-0.020547 0.003045 -0.015299
-0.016195 0.02025 0.013864
-0.029133 0.015425 0.013804
0.020165 0.00133 0.013976
-0.016085 -0.003965 0.004876
-0.02 -0.00387 -0.015304
-0.022092 0.00702 0.010226
0.019777 0.009255 0.010676
-0.024388 -0.001405 -0.000824
-0.02 -0.00568 0.012976
-0.020243 -0.008105 -0.013224
0.020398 -0.002545 -0.015524
0.01711 0.0223 0.054936
-0.029685 -0.022075 0.014189
-0.024365 -0.00138 -9.9e-05
-0.020473 -0.00728 0.011926
-0.021425 -0.001305 0.013201
0.01829 -1e-05 0.012976
0.024305 -0.00287 -0.000824
0.02257 0.00573 -0.011424
-0.019648 -0.000755 -0.015624
-0.018743 -0.013862 -0.002999
0.02147 0.000505 -0.014849
0.020002 0.00633 0.012626
0.030455 -0.0197 0.019998
-0.039505 -0.003775 0.051534
0.02043 0.01438 -0.003724
0.019083 0.006107 0.012276
-0.0183 -0.00859 -0.011424
-0.02 -0.002897 0.013794
0.017668 0.002315 0.011576
-0.003272 0.0206 0.014394
-0.017908 -0.007065 0.010226
0.022503 -0.01027 0.005526
0.019777 0.008105 -0.013224
0.018953 0.011713 0.007476
-0.017685 -0.007815 0.009201
-0.01999 0.010045 0.010226
0.010195 -0.03065 0.081116
0.03219 -0.00635 0.061276
-0.024177 -0.002705 0.002776
-0.02089 0.009945 -0.011424
-0.019612 -0.013183 -0.007174
-0.021837 0.007595 0.010226
0.020408 0.013755 -0.005824
-0.02 0.00099 0.002799
-0.021395 0.00307 0.012976
0.028577 -0.022675 0.027898
0.02001 0.01103 0.009201
0.03354 -0.0057 0.038314
-0.01894 -0.005785 0.012276
0.010092 -0.03005 0.021676
-0.02 -0.000953 0.006549
0.017195 0.00299 0.010226
0.017443 -0.00156 0.011126
-0.023835 -0.00683 -0.002999
0.01807 -0.00926 0.008626
0.018535 -0.009135 -0.011424
0.014365 -0.0316 0.064853
0.033133 -0.00535 0.015911
0.019155 0.005533 0.012626
-0.020082 -0.00283 0.013876
-0.02125 0.01387 0.001351
-5e-06 -0.0075 0.039176
0.031975 -0.01565 0.015986
-0.016317 0.00251 -0.008474
0.03391 -0.0059 0.017846
0.019612 0.013183 -0.007174
-0.02341 0.00612 0.006176
-0.030565 0.02105 0.059601
0.020822 -0.008845 -0.012324
0.023903 0.006905 -0.000824
-0.016367 -0.008115 -9.9e-05
-0.016415 0.00236 -0.009124
-0.026155 0.0224 0.081358
0.017165 0.007765 -0.009124
0.03334 0.0056 0.028166
-0.020218 2e-05 -0.015674
-0.019152 0.002043 0.013651
-0.023412 0.009395 -0.000824
-0.028808 -0.021475 0.013081
0.02216 0.002055 0.011926
0.017273 0.01099 -0.004424
0.027385 -0.024225 0.037624
0.017893 0.00284 0.011926
-0.02444 2e-05 0.000626
-0.020208 0.019175 0.013501
-0.03884 0.0036 0.060191
-0.018878 -0.009162 -0.011874
0.02084 0.00053 0.013876
-0.02116 -0.0278 0.021476
-0.027988 0.016525 0.013841
0.032415 -0.014475 0.041563
-0.023825 2e-05 0.006826
-0.018295 0.01366 0.000626
0.032577 -0.00705 0.058351
0.019835 -0.00757 -0.013574
-0.02423 0.00282 0.002076
-0.0185 1.2e-05 0.013201
-0.02216 0.002095 -0.013574
0.020863 0.007005 -0.013574
-0.026235 -0.02895 0.079581
0.016755 -0.00706 0.006176
-0.034922 0.00085 0.014379
-0.019835 -0.00278 -0.015524
-0.006375 -0.0328 0.072206
-0.017735 0.0208 0.014973
-0.020007 -0.010472 0.002996
-0.025125 0.0201 0.022056
0.019997 -0.00364 0.000149
-0.023548 0.00487 0.006826
-0.020237 -0.006805 0.012276
-0.01999 0.01489 0.000149
0.032028 -0.0063 0.064231
0.026875 0.0159 0.041571
-0.03433 0.0148 0.040906
0.01598 -0.004135 -0.005124
-0.0179 1e-05 0.012276
0.020992 0.005205 -0.014274
-0.03673 -0.0129 0.031328
-0.022108 -0.00698 0.010226
-0.022945 -0.00638 0.008051
-0.019242 0.001345 -0.015524
0.03414 -0.0048 0.020726
-0.017587 0.005535 -0.011874
0.03039 0.0059 0.080566
0.01676 0.00884 -0.005124
-0.03508 -0.006225 0.014236
0.019997 -0.001895 0.002424
0.032675 -0.013025 0.045043
0.016107 0.005365 -0.005824
0.022243 -0.000795 0.011926
-0.02316 -0.01048 -0.002274
0.018025 -0.012385 -0.005124
-0.019393 -0.000805 0.013926
-0.015635 0.00141 -9.9e-05
0.033498 0.002775 0.018268
0.029957 -0.020075 0.048096
0.022418 0.012005 -0.002999
0.012902 0.022375 0.045161
0.021535 -0.00627 0.011576
0.028552 -0.022325 0.022549
0.02015 0.00048 -0.015674
-0.020157 0.00492 -0.014849
0.015837 -0.00281 -0.004424
-0.02174 -0.004655 0.011926
0.016453 -0.00486 0.006826
0.01799 -0.00446 0.011576
-0.018155 -0.0283 0.018491
0.03379 -0.00615 0.031549
0.019638 -0.012192 -0.009124
-0.03641 -0.00225 0.015546
0.016135 -0.00686 0.000626
0.021257 -0.006145 -0.013574
-0.03987 -0.003425 0.061031
0.01664 -0.00921 -0.003724
-0.017615 0.00156 0.011576
-0.034222 -0.023525 0.061859
-0.016617 0.00336 0.008051
0.030798 0.00325 0.077276
-0.01946 -0.00298 0.013651
-0.032075 -0.023925 0.046458
-1e-05 -0.014485 0.003066
-0.02215 0.00577 -0.012324
-0.022312 -0.011405 0.004176
0.021703 -0.004895 0.011926
-0.03554 -0.019575 0.049994
-0.023315 -0.00233 -0.010274
0.034093 -0.006625 0.020801
0.023145 0.00538 0.008051
-0.02 -0.000952 -0.008194
0.020828 0.013905 -0.004424
0.01872 0.021675 0.061223
-0.0209 -0.030675 0.080036
0.017288 0.0192 0.015783
0.02806 0.0132 0.080686
0.034112 -0.005075 0.018254
-0.020005 -0.00698 0.012276
0.03316 -0.0101 0.041706
-0.01709 0.00401 -0.011424
0.01685 -0.00861 0.004876
-0.022385 0.00657 0.009776
-0.017788 -0.00129 -0.013574
0.016483 -0.001185 -0.009699
-0.021335 -0.028075 0.024461
0.01832 0.000515 0.012976
0.032415 -0.007 0.061306
-0.02001 -0.01372 -0.006514
-0.018897 0.003287 -0.014849
0.01663 0.00749 -0.006524
-0.01001 -0.01499 0.029176
-0.016975 0.01006 -0.005124
0.01979 0.0209 0.081101
-0.017465 0.00681 0.009201
-0.023113 -0.00298 0.009201
0.03031 -0.017925 0.015169
0.019993 -0.010507 0.002996
-0.020687 0.007795 -0.013224
-0.023382 0.003545 0.008051
-0.020248 0.00277 0.013876
-0.022545 -0.01013 0.005526
0.00999 -0.013746 0.004871
0.019525 -0.00607 -0.014274
0.02041 -0.01397 -0.005124
-0.01809 -0.012015 -0.006524
0.017218 -0.000785 0.010676
-0.015943 0.00266 0.004176
-0.023138 0.00692 -0.008474
-0.033723 0.00565 0.013738
-0.019768 0.001195 0.013976
0.02988 -0.0102 0.080981
0.020363 0.011255 0.008626
0.025055 -0.02375 0.015064
-0.02275 0.011195 0.002076
-0.018605 0.001862 -0.014849
0.019303 -0.004343 0.013201
-0.022935 0.00642 -0.009699
-0.024087 0.004145 -0.004424
0.021265 -0.00537 0.012276
0.022435 -0.010045 0.006176
-0.00999 0.00751 -0.013814
0.021005 0.00133 0.013651
-0.021763 0.00237 0.012626
0.00999 -0.010612 -0.011424
-0.01001 -0.01499 0.019176
0.033185 0.005275 0.017841
-0.0212 -0.00158 0.013426
-0.028873 0.0217 0.056584
-0.014928 0.0251 0.081136
0.031092 -0.0072 0.076989
0.021887 -0.007545 -0.011874
-0.036435 0.0089 0.034481
-0.01999 0.014495 -0.004424
-0.021862 -0.01178 -0.007174
-0.01877 -0.001035 0.013426
0.02358 -0.00802 -0.003724
-0.02399 -0.00263 -0.006524
-0.018948 -0.006557 -0.013574
0.02041 -0.01457 -9.9e-05
-0.021055 0.00867 -0.012324
0.020248 -0.002045 -0.015574
-0.020408 -0.014205 -0.004424
-0.020785 0.01262 -0.007824
0.018435 0.02175 0.077779
-0.032235 0.0155 0.028251
-0.021055 0.00867 0.010676
0.032327 -0.0099 0.058346
-0.01754 -0.004215 -0.012324
-0.03329 0.00815 0.013446
0.02285 0.007755 -0.009124
0.022535 0.00678 0.009201
-0.032265 0.019425 0.080444
0.022015 -0.01017 -0.009124
0.022285 -0.01162 0.003476
-0.034135 0.016725 0.056681
0.03003 -0.008775 0.080999
0.005455 -0.033325 0.075759
-0.01799 0.003335 0.011926
0.023615 0.003655 -0.008474
0.02063 0.00718 -0.013574
0.03374 -0.0064 0.016596
-0.02 -0.00498 -0.014849
0.009205 0.023225 0.051658
0.020243 0.009255 -0.012324
-0.01735 0.00881 -0.009124
0.01999 -0.013755 -0.006514
0.015912 0.004115 -0.004424
-0.01867 -0.006685 -0.013224
-0.03675 -0.001725 0.016463
-0.022008 0.01257 -0.004424
0.033358 -0.011675 0.031473
0.017893 -0.00286 -0.013574
0.01001 0.014606 -0.003734
0.020248 -0.002045 0.013926
-0.016943 -0.010215 0.002776
-0.023945 0.00547 -0.005124
0.015822 0.004215 -0.002274
0.03396 -0.00615 0.017866
-0.038238 0.0089 0.069619
-0.023398 0.009345 -0.001549
0.017065 0.00639 -0.009699
-0.013005 0.023675 0.041556
0.022168 0.004655 0.011126
0.019285 -0.012665 -0.007824
-0.019595 -0.00333 -0.015299
0.025282 -0.024125 0.015676
0.018303 -0.013585 -0.002999
0.02208 0.008355 0.009201
-0.018397 -0.012965 0.004176
-0.021368 -0.01103 -0.009699
0.019453 0.003805 0.013426
-0.02824 -0.0279 0.053096
-0.01774 0.01126 0.004876
-0.029033 0.020075 0.038024
0.01916 0.003985 -0.014849
0.015935 0.001315 0.004876
1e-05 0.015 0.039176
-0.021665 -0.00393 -0.013924
-0.020005 -0.006475 0.002926
0.019997 -0.00267 0.001829
0.01843 -0.009485 0.009201
-0.016135 0.00686 0.000626
-0.003318 0.02115 0.016328
-0.029098 -0.02535 0.081141
0.02 -0.00099 0.006549
-0.02447 -0.027575 0.030521
0.03121 -0.0158 0.060966
-0.02001 -0.01423 -0.005124
-0.019995 0.00377 -0.007319
-0.03901 -0.0037 0.041866
-0.017657 0.009485 -0.009124
0.018652 0.01104 -0.009699
-0.018775 0.013462 -0.005124
-0.02001 -0.014455 -0.004424
-0.033485 0.0112 0.015731
0.020608 0.000805 -0.015574
0.021632 -0.008095 -0.011874
-0.031295 -0.0234 0.033603
-0.036395 0.013825 0.069484
-0.018445 0.012485 -0.007174
0.022305 0.01158 -0.005124
0.0326 -0.0052 0.055216
0.020248 -0.00277 0.013876
-0.02001 -0.01238 -0.009124
-0.009735 0.0253 0.081216
0.019582 0.014608 -0.000824
-0.02001 -0.008855 0.011126
0.02171 -2e-05 -0.014624
-0.018817 -0.013037 -0.006524
0.01867 0.006685 -0.013224
0.018185 0.001565 -0.014274
0.03379 -0.00665 0.016616
0.00684 -0.0321 0.038876
0.01586 0.00419 0.002076
-0.019602 0.007395 -0.013574
-0.036497 -0.012875 0.028038
0.01607 -1e-05 -0.007824
0.008155 0.019825 0.014721
-0.021935 0.00262 -0.013924
0.01797 0.012715 0.002076
-0.035295 -0.0157 0.021736
-0.026175 -0.025 0.014516
0.020925 -0.02545 0.014479
0.033565 -0.00205 0.038261
-0.015717 0.002835 -9.9e-05
-0.019163 -0.01416 -0.002999
-0.035545 0.0103 0.031239
0.01001 0.012384 0.007454
-0.021623 -0.009905 0.008626
0.021445 -0.011845 0.006826
-0.02001 -0.01483 -9.9e-05
-0.021905 2e-05 -0.014274
0.020465 -0.00237 -0.015524
0.016882 -0.006985 -0.008474
0.029392 -0.020125 0.063491
-0.029473 0.021925 0.069666
-0.018545 -0.000788 -0.014849
0.019342 0.0201 0.082026
-0.020072 -0.03075 0.052706
-0.036568 -0.006475 0.019246
-0.01874 -0.008187 0.010676
-0.019783 2e-05 0.014026
-0.03361 0.0083 0.013586
-0.018293 -0.010815 -0.009124
-0.024342 -0.001405 -0.002999
0.021335 0.00443 0.012626
-0.017577 -0.0269 0.013446
-0.033365 0.01115 0.015271
0.029535 0.00755 0.080908
0.019365 0.018925 0.016766
0.02001 0.00748 0.012166
0.020165 0.00133 -0.015624
0.01672 0.021925 0.045179
0.033585 -0.0086 0.034956
0.033937 -0.005075 0.017409
0.016685 0.004515 -0.009699
-0.023315 2e-05 -0.010849
-0.036535 0.01195 0.053606
0.03245 0.0051 0.016076
0.019638 -0.013242 -0.007174
-0.020838 0.014195 -0.002999
-0.02423 -0.00278 0.002076
-0.02378 0.024375 0.073724
0.01001 0.01499 0.029176
0.021875 0.000505 0.012626
-0.01655 1e-05 0.008626
-0.0214 0.01152 -0.009124
0.015778 -0.004285 -0.000824
0.031425 -0.0071 0.073731
0.021447 -0.026725 0.016356
0.017657 -0.009485 -0.009124
0.018735 0.005338 0.012276
0.033418 -0.0046 0.045024
0.008715 0.021 0.022246
0.027925 0.01475 0.061016
-0.023382 -0.009205 0.001351
-0.01586 -0.00569 -0.000824
-0.01952 -0.00398 -0.015074
-0.019215 0.00647 -0.013924
-0.018995 0.002565 -0.015074
0.020202 -0.000295 -0.015674
-0.018625 0.022675 0.031431
-0.019215 -0.013285 0.004876
0.019612 0.013532 -0.006524
-0.028493 -0.023 0.014126
0.022172 -0.011045 0.005526
-0.021297 0.003545 -0.014624
-0.023548 -0.00483 -0.008474
0.01556 -1e-05 -0.002274
-0.00999 0.00751 0.012166
-0.020855 0.000295 0.013876
-0.01001 -0.011789 -0.009874
0.027572 -0.023475 0.019751
0.01001 0.01499 0.019176
-0.018515 -0.000262 -0.014849
0.01689 0.01039 -0.003724
-0.023485 -0.00783 -0.005124
0.022265 0.000505 0.011926
-0.00999 0.012403 0.007454
-0.022265 0.000545 -0.013574
0.031405 0.007575 0.061221
-0.016855 0.01046 -0.002999
-0.01758 -0.01204 -0.002274
0.00999 -0.009837 -0.012022
-0.021182 0.01272 -0.007174
-0.020315 0.00552 0.012976
-0.039575 -0.0024 0.063873
0.02201 -0.00447 -0.013224
0.021773 0.00903 -0.010849
-0.022915 -0.006555 -0.009699
-0.027787 0.022725 0.063024
-0.01999 0.01301 -0.008324
0.0206 -0.00202 0.013876
-0.03804 0.003625 0.044386
0.024707 -0.023025 0.081291
-0.037147 -0.018175 0.062588
-0.02193 -0.00923 0.008626
-0.019798 -0.000255 -0.015674
-0.004085 -0.03 0.021166
-0.017338 1e-05 -0.012774
-0.018817 -0.013263 0.004176
-0.02191 0.00927 -0.010274
0.004877 0.022025 0.027929
-0.0242 -0.001305 0.003476
0.02414 -0.00572 -0.000824
0.032965 -0.00535 0.015731
-0.021865 0.01172 -0.007174
0.019005 0.010813 -0.010274
0.021397 0.008605 0.010226
-0.02 -0.00143 0.013976
0.020005 0.005675 0.012916
-0.01795 0.012735 0.002076
-0.01655 1e-05 -0.010274
0.01866 -0.006715 -0.013224
-0.024185 0.00142 0.003476
-0.020248 -0.00343 -0.015299
0.020715 0.01148 0.008051
-0.023135 0.00862 0.004876
-0.03767 -0.001925 0.025496
0.02237 -0.0262 0.080306
0.018125 0.005115 -0.013224
0.017458 -0.001785 -0.012774
0.022045 -0.012795 -0.002999
0.028335 0.01325 0.077366
-0.03405 -0.0089 0.013711
0.031065 0.007625 0.067526
0.00999 -0.013746 -0.006514
0.020543 0.008455 0.011126
0.019917 -0.00142 0.013976
0.018338 -0.006663 0.011126
-0.019215 -0.013735 0.003476
0.01001 0.008267 -0.013217
0.020775 0.00828 0.011126
-0.0188 0.00401 -0.014624
-0.020157 0.00562 0.012976
-0.01898 0.001092 -0.015299
0.023855 -0.001345 0.006176
-0.022048 -0.000755 -0.013924
0.021763 0.00233 -0.014274
0.01751 -1e-05 -0.013224
0.032675 0.0026 0.016081
-0.023113 0.003195 0.009201
-0.018022 -0.01254 0.002776
0.019415 0.01905 0.017191
0.017495 -0.002335 0.011126
0.019377 -0.003692 0.013426
0.020418 -0.014595 -0.001549
0.016617 -0.00101 0.008626
-0.024185 -0.00423 -0.002274
0.01871 -1.5e-05 -0.015074
0.033718 -0.008575 0.031544
0.018125 -0.005135 -0.013224
0.017207 -0.01131 -0.002274
-0.0182 0.022125 0.025019
-1e-05 -0.015 0.029176
-0.01826 0.00581 -0.013224
0.019995 -0.00752 0.009176
-0.02743 0.0184 0.015976
0.016158 -0.006835 0.001351
-0.02985 -0.022275 0.015023
0.01877 0.001035 0.013426
0.00129 0.024425 0.051643
-0.018905 -0.002035 -0.015074
-0.016085 -0.003965 -0.006524
-0.020698 -0.004305 0.013201
0.021465 0.00913 -0.011424
0.005238 0.0241 0.054913
-0.020915 -0.00463 -0.014624
-0.016753 -0.001165 0.009201
0.023645 -0.00502 0.006176
0.015793 -1e-05 0.004176
0.02384 -0.00532 0.004876
-0.018575 0.001337 0.013201
0.034025 -0.005075 0.017831
-0.020005 -0.007225 0.001121
0.030335 0.0121 0.017041
-0.018287 0.013735 -9.9e-05
-0.011782 0.01955 0.013661
0.007017 -0.030875 0.024166
0.009995 -0.005701 0.012916
-0.026278 0.01925 0.019016
-0.019658 -0.012157 -0.009124
0.01859 0.001563 0.013201
0.023188 -0.008795 0.004176
-0.022365 -0.01158 0.003476
-0.020855 -0.00203 -0.015299
-1e-05 -0.015 0.019176
-0.017678 -0.009465 0.007476
0.023247 0.00098 0.009201
-0.01969 0.011742 -0.009699
0.02359 0.0185 0.028336
-0.035802 -0.017025 0.081749
0.01913 -2e-05 -0.015524
0.024382 -0.026225 0.056938
0.028297 -0.021875 0.016278
0.01601 -0.00266 0.004876
0.031095 0.0083 0.015936
0.032398 -0.00515 0.058201
0.033545 -0.01155 0.018061
0.030235 -0.0056 0.080501
0.022718 0.009005 -0.008474
0.032972 -0.0046 0.051818
-0.0194 -0.00198 -0.015524
-0.023538 0.006195 -0.007174
-0.017893 0.00286 -0.013574
-0.000538 -0.03305 0.075926
0.02223 0.00748 0.009776
-0.017855 -0.003765 0.011576
0.01655 -0.00236 -0.009699
-0.017993 -0.00849 0.009201
-0.017028 0.009885 -0.005824
-0.019917 0.000695 0.014026
-0.017233 0.00101 -0.012324
0.020312 -0.00617 0.012626
-0.03747 -0.00235 0.022626
0.02381 0.003955 -0.007174
0.015665 -0.00141 0.001351
0.021858 -0.006245 0.011126
-0.02127 -0.01378 -0.003724
0.033705 0.00025 0.020741
-0.02298 -0.005355 -0.010274
0.018702 0.003515 0.012976
0.02147 -0.00492 -0.013924
0.021005 -0.00257 0.013426
-0.018207 -0.001815 0.012626
0.00161 -0.0275 0.013528
-0.019768 0.001195 -0.015624
-0.004795 -0.0314 0.036196
-0.018665 0.00446 0.012626
0.013265 -0.028475 0.015066
-0.03423 -0.020975 0.043423
-0.019093 0.005443 0.012626
0.02041 -0.01442 -0.003724
-0.018045 -0.00804 -0.011424
-0.018045 -0.012365 0.003476
-0.018345 -0.010365 -0.009699
0.02 0.002898 0.013794
0.017615 0.00154 -0.013224
0.022785 0.00923 -0.007824
0.033625 -0.006925 0.016401
0.01886 -0.007167 0.011576
-0.022345 0.01162 -0.005124
-0.026797 0.01975 0.025206
0.020702 -0.005895 -0.014274
-0.02174 0.02 0.014036
-0.02 -0.001925 -0.011814
-0.018035 0.002085 -0.013924
0.018295 -0.01366 -0.002274
0.01916 0.0198 0.082376
0.017635 -0.01161 0.003476
0.016708 0.009015 -0.004424
-0.025785 -0.0282 0.080351
-1e-05 -0.012394 -0.009099
0.02029 -0.011745 0.008051
-0.017243 -0.01124 0.001351
0.012647 0.021725 0.034943
0.016865 0.00859 0.004876
-0.03836 0.00615 0.056898
-0.022978 0.00302 -0.011424
0.01895 -0.000568 0.013651
-0.017338 -0.00254 -0.012324
-0.025645 0.0206 0.028246
-0.01999 0.01242 -0.009124
0.03227 -0.0144 0.045011
-0.039683 -0.003125 0.070676
-0.016995 -0.005215 -0.010274
-0.037385 0.010375 0.056651
-0.037843 -0.003575 0.081781
-0.01838 -0.001565 -0.014624
0.022972 0.009855 -0.005824
0.017325 -0.00606 -0.010849
0.020383 0.001655 -0.015574
-0.0182 0.003285 -0.013924
0.018315 0.01364 0.000626
-0.019993 0.00767 -0.013574
-0.04027 -0.0041 0.067486
0.01826 -0.00581 -0.013224
0.020465 0.00233 -0.015524
-0.024275 2e-05 0.003476
-0.02169 -0.01348 -0.003724
0.016532 0.021575 0.038451
0.023893 0.00248 0.005526
-0.018248 -0.00904 0.009201
-0.020998 -0.002505 0.013426
-0.017458 0.001785 -0.012774
0.017897 -0.010385 0.006826
0.0227 0.00198 -0.012324
0.019993 -0.00642 -0.009969
0.03297 -0.0059 0.015836
0.007135 -0.02955 0.015251
-0.016955 0.004185 -0.010849
-0.02084 0.00057 -0.015524
-0.018227 0.00906 -0.010849
0.021655 -0.010395 -0.009699
0.020503 -0.001295 -0.015574
-0.008023 0.023375 0.038309
-0.023315 0.00237 0.008626
-0.00589 -0.0327 0.061383
0.0267 0.016025 0.051366
-0.01784 -0.002065 -0.013574
0.017655 0.01159 -0.005124
-0.016985 0.00816 0.006176
-0.02318 0.00202 -0.010849
-0.036162 -0.016025 0.031086
0.02001 0.014095 0.003969
0.020383 0.001655 0.013926
0.021605 0.004205 0.012276
-0.022888 0.001795 -0.011874
-0.01001 -0.013354 -0.007419
-0.02191 0.012045 0.004876
-0.0212 -0.00398 -0.014624
0.02204 -0.00107 -0.013924
-0.023125 0.01047 -0.002999
-0.035273 -0.02175 0.068929
0.02001 0.00828 0.011576
-0.037783 0.010525 0.065936
0.009413 -0.0323 0.052614
-0.021257 0.006145 -0.013574
0.022138 -0.002345 0.011926
-0.037105 -0.001775 0.019556
0.01969 -0.010393 -0.011424
0.021215 -0.001345 0.013426
-0.015965 -0.00404 -0.005124
0.02359 0.0186 0.031654
0.020503 -0.001295 0.013926
-0.01245 0.02255 0.028023
-0.015822 0.002735 0.002776
-0.038575 0.0035 0.054001
0.020622 0.004455 -0.014849
0.030605 -0.00875 0.080429
-0.017495 0.002335 0.011126
0.02016 0.00623 -0.014274
0.01826 -0.004685 0.011926
-0.036075 -0.00225 0.014671
-0.020775 -0.00828 0.011126
-0.02085 -0.01408 0.002076
0.032165 -0.00985 0.061301
0.010895 -0.03225 0.071896
-0.02159 0.00212 -0.014624
0.032385 -0.012875 0.051939
0.021603 -0.012995 -0.005824
0.019535 -0.00237 -0.015524
-0.02015 -0.00048 -0.015674
0.021148 0.001805 0.013426
0.024177 -0.004245 -0.002274
0.024742 0.015475 0.081808
0.023493 0.016875 0.081901
-0.019658 -0.012508 0.006826
0.004893 0.0249 0.077958
-0.022145 0.003795 -0.013224
0.01799 0.00444 -0.013224
0.03385 -0.005075 0.016986
0.023585 -2e-05 -0.009699
-0.023382 -0.00098 0.008626
-0.018125 -0.000515 -0.014274
0.019763 -0.006845 0.012276
0.03404 -0.00615 0.018293
-0.019563 0.014543 0.000626
-0.02203 0.012745 0.002076
0.019002 -0.00254 0.013426
-0.00999 0.008286 -0.013217
-0.019995 0.00474 0.009294
-0.020863 -0.007005 -0.013574
-0.023663 -0.006555 -0.005824
-0.01751 -0.00254 0.011126
-0.019835 0.00757 -0.013574
-0.016888 0.00101 -0.011424
0.01999 -0.01197 -0.009699
0.01845 0.010015 0.008626
-0.01971 -0.010357 -0.011424
-0.019593 0.012867 0.006176
-0.022397 0.012045 0.001351
0.022245 -0.00532 0.010676
0.021775 -0.01107 -0.008474
0.020622 -0.00057 -0.015574
-0.02432 0.00142 -0.003724
0.03037 -0.00485 0.080581
0.018702 -0.003535 -0.014624
0.032113 -0.0043 0.064209
0.03245 -0.0058 0.055216
-0.029183 -0.026175 0.043446
0.023382 -0.001195 0.008626
0.0212 0.00278 -0.014849
-0.021015 -0.011255 -0.009699
0.02432 -0.00142 0.002076
0.021242 -0.007595 -0.012774
-0.03556 0.0038 0.015648
0.021555 0.012455 -0.007174
-0.029458 -0.026525 0.049821
-0.02133 0.00672 -0.013224
-0.018888 0.012412 -0.007824
0.022978 0.00298 0.009776
-0.018137 0.01181 -0.007174
-0.017615 -0.00154 -0.013224
-0.018657 0.002087 0.013201
-0.020663 -0.0269 0.015011
-0.018125 0.00401 0.011926
-0.023113 0.00102 -0.011424
-0.023875 0.00692 -9.9e-05
-0.019215 -0.01351 0.004176
-0.022953 0.009895 -0.005824
-0.019017 0.003687 0.013201
-0.03808 2.5e-05 0.081098
0.020622 -0.00057 0.013926
0.019295 0.00153 -0.015524
-0.02001 -0.014005 0.004176
0.02748 -0.022 0.073071
-0.030908 0.012875 0.013414
-0.017338 0.00256 0.010676
-0.020397 0.00477 0.013201
0.018545 -0.000813 0.013201
0.021598 0.008155 -0.011874
-0.031435 -0.02555 0.079751
0.018163 -0.003085 0.012276
-0.03006 -0.02705 0.061723
-0.017165 1e-05 -0.012324
0.021278 -0.026275 0.015026
-0.01999 0.014495 0.002776
-0.01761 -0.00969 -0.008474
0.015868 0.001315 -0.005824
0.02083 -0.01417 0.001351
-0.017165 1e-05 0.010676
-0.022873 0.00202 0.010226
0.017833 -0.004685 0.011126
0.00999 -0.01501 0.019176
-0.03182 0.01345 0.014354
0.02 -0.00099 -0.011944
0.01919 0.00108 -0.015524
-0.021988 0.001845 -0.013924
0.02001 0.01468 0.002076
-0.026108 -0.02485 0.014001
-0.020165 0.002095 -0.015574
0.032465 -0.006725 0.058336
-0.01909 0.009938 0.009776
0.020435 -2e-05 0.013976
-0.019842 0.00422 0.013426
-0.023535 0.023375 0.081464
0.028655 0.0139 0.022951
-0.021678 0.013595 -0.002999
0.016343 0.006565 0.004176
0.018857 -0.009187 0.010226
0.024455 -2e-05 -0.001549
-0.021285 -0.01398 -0.001549
-0.036727 0.010475 0.047276
0.00999 -0.009837 0.010381
0.019685 0.00548 0.012976
0.03267 -0.01125 0.015616
0.033945 -0.00585 0.023221
-0.020005 -0.004703 -0.010939
0.023293 -0.009045 -0.004424
-0.033743 -0.01885 0.024386
0.018195 0.00944 0.008626
-0.0337 0.01435 0.031388
0.0191 -0.003015 -0.015074
-0.015845 0.00421 0.001351
-0.021555 0.024325 0.056711
-0.02 -0.001925 0.010171
-0.02 -0.00143 -0.015624
-0.01999 0.01347 0.005526
-0.023273 -0.028925 0.080709
-0.022535 -0.006705 0.009201
0.018965 -0.000818 -0.015299
-0.02106 0.00582 0.012276
0.02043 0.014155 0.002776
0.022747 0.01098 0.002776
0.01783 -0.01061 0.006176
0.017563 0.003315 0.011126
-0.020165 0.002095 0.013926
0.022888 0.001755 0.010226
-0.034002 0.016725 0.080666
-0.034937 0.00625 0.014993
0.01612 -0.00691 -0.001549
0.016385 -0.003685 -0.008474
-0.021113 -0.01203 0.006826
0.019393 0.002805 0.013651
0.02405 -0.00562 -0.003724
-0.018907 -0.012038 -0.008474
0.019917 -0.00142 -0.015624
-0.022675 -0.00603 -0.010849
-0.018185 0.001585 0.012626
-0.025973 -0.02925 0.061823
-0.030538 -0.024975 0.043358
0.016753 0.00099 -0.010849
-0.01675 0.005735 0.007476
-0.021685 0.01367 0.000626
0.022108 0.00283 -0.013574
0.019842 0.00558 0.012976
0.026295 -0.024925 0.062899
0.019995 -0.00739 -0.001794
0.033613 -0.00535 0.038296
-0.020248 -0.0309 0.055753
0.033865 -0.00535 0.031549
0.020473 -0.00542 0.012976
-0.02147 0.003795 -0.014274
-0.018083 0.0218 0.021981
-0.017955 -0.012865 0.000626
0.023113 -0.00302 -0.010849
0.030295 -0.01165 0.080793
-0.01797 -0.012715 -0.003724
-0.020155 0.00627 0.012626
-0.037685 -0.0156 0.081228
-0.019668 0.021925 0.025036
-0.020758 -0.003305 -0.015074
-0.03114 -0.0214 0.015406
-0.020845 0.01437 -0.000824
0.016145 -0.001335 -0.007824
0.020005 0.007353 0.000149
0.016625 0.00929 0.000626
-0.03604 0.013625 0.056651
0.02107 0.00578 -0.013924
0.018125 -0.000535 0.012626
0.019178 0.009385 0.010226
0.021518 0.00958 -0.010849
-0.019292 0.005895 0.012626
0.01828 -0.00856 0.009776
0.032303 -0.006675 0.061291
0.015793 0.004265 -9.9e-05
-0.021205 0.01347 0.003476
-0.02201 -0.00443 0.011576
0.022745 0.0171 0.015226
0.020322 0.00408 -0.015074
-0.021853 -0.007555 -0.011874
-0.021215 0.001345 0.013426
0.02372 0.003655 0.006176
-0.00771 0.021525 0.019048
0.018095 -1e-05 0.012626
0.02282 0.002755 0.010226
0.019917 0.002105 0.013926
0.02404 0.017775 0.080851
-0.022745 -0.007405 0.008051
0.01717 0.00604 -0.010274
0.02361 -0.00812 0.000626
-0.020622 -0.003655 0.013426
0.018155 -0.00106 0.012626
0.020632 -0.028075 0.076219
0.022195 -0.010945 -0.007174
0.019835 0.00133 0.013976
-0.025693 -0.029 0.056014
0.017685 0.00774 0.009201
-0.019995 0.004545 -0.006722
0.017045 -0.000785 0.010226
0.01781 0.00154 0.011926
0.017827 0.011015 0.005526
0.03411 -0.0048 0.028166
0.00999 -0.01501 -0.000824
0.02127 0.01378 0.002076
-0.023998 -0.005505 -0.004424
-0.03751 0.006075 0.080799
0.031392 -0.014325 0.066836
-0.019228 -0.004957 -0.014624
-0.03534 0.0088 0.021861
0.034095 -0.00695 0.023256
0.023315 -0.004545 0.008051
-0.020005 -0.007353 0.000149
0.032472 -0.00485 0.058201
0.020007 0.00716 0.007728
0.021008 0.008105 -0.012774
-0.018605 0.001862 0.013201
-0.004655 0.024075 0.082343
0.019085 0.004635 -0.014624
0.021433 -0.003995 0.012626
0.030717 0.01115 0.044938
0.0206 0.00198 -0.015524
0.020553 0.006605 -0.013924
-0.036612 -0.0033 0.015958
-0.013015 0.02395 0.044818
-0.018065 -0.00259 0.012276
0.024372 0.001405 -0.001549
0.018757 0.007532 -0.012774
0.02311 -0.01042 -0.003724
0.02092 -0.00762 0.011576
0.018938 -0.006593 0.011926
0.027715 0.0149 0.067406
0.0305 0.012325 0.020491
0.01675 -0.005735 0.007476
-0.029555 0.0159 0.014931
-0.019008 0.00524 -0.014274
0.024072 0.005605 -0.002999
0.019563 -0.014593 -9.9e-05
-0.020785 -0.00643 -0.013924
-0.02104 0.02315 0.082053
-0.031573 -0.025925 0.068513
-0.01718 -0.002765 -0.011874
-0.022335 -0.00773 0.009201
0.018965 -0.000843 0.013651
-0.033175 0.01255 0.018858
0.00999 -0.013373 -0.007419
-0.020802 0.002295 0.013651
0.019687 0.00613 0.012626
0.020438 0.014505 0.000626
0.03381 -0.0056 0.031549
0.01937 0.00528 0.012976
-0.020222 0.00987 0.010226
0.02001 0.01473 -0.002999
-0.023045 -0.00198 0.009776
0.021753 -0.01117 0.006826
0.026875 0.0158 0.038254
0.02 0.000952 -0.011944
-0.02 -0.00498 0.013201
-1e-05 -0.013364 -0.007419
0.02257 -0.010495 0.004876
0.031412 -0.018475 0.020061
0.01898 0.001058 0.013651
0.01698 0.022175 0.051684
-0.017215 0.00926 -0.007824
-0.023135 0.00862 -0.006524
0.01947 0.019175 0.019911
-0.029413 0.01795 0.025206
-0.019993 0.009762 -0.006449
-0.023615 0.003695 0.006826
-0.01577 -0.00279 0.002076
-0.020695 0.01267 0.006176
0.0288 -0.019 0.080366
-0.018333 0.013335 0.002776
-0.032077 -0.023875 0.080528
0.01976 -0.007495 0.011926
-0.021263 -0.01013 0.009201
-0.021275 -0.00818 -0.012324
-0.038835 0.000475 0.073811
-0.023303 0.007295 -0.007174
-0.016343 -0.006465 -0.005824
-0.017893 0.007085 -0.011874
-0.017783 -0.00914 0.008051
0.022435 -0.01222 -0.000824
0.019535 0.00233 -0.015524
0.02975 -0.005925 0.080988
-0.02174 0.004695 -0.013574
0.021798 -0.011495 0.006176
-0.019993 0.009165 0.005579
-0.02291 0.00402 -0.011424
0.03275 -0.0046 0.055216
-0.0374 -0.0155 0.081451
-0.020695 0.01197 -0.009124
0.01625 -0.001335 -0.008474
-0.013705 0.0251 0.060381
0.017675 0.00489 -0.012324
-0.023312 -0.007255 0.005526
0.01772 0.00309 -0.013224
-0.019758 0.008145 -0.013224
0.023715 0.00653 0.003476
0.020855 0.000255 0.013876
-0.020165 -0.00278 -0.015524
0.017015 -0.008235 -0.007824
0.033918 -0.005825 0.025694
-0.016258 -0.00514 -0.007174
0.01574 0.00279 -0.002274
0.02 -0.00572 -0.014624
-0.017067 -0.007915 -0.008474
-0.02157 -0.009455 0.009201
-0.01887 -0.004887 0.012626
0.023245 -0.005745 0.007476
0.034 -0.0069 0.017491
-0.027233 -0.023775 0.013548
0.030738 0.007675 0.070776
-0.023682 0.00252 0.006826
-0.020615 0.00287 -0.015299
0.02794 -0.02155 0.015286
0.03375 -0.0023 0.017396
0.03091 0.010325 0.016693
0.017282 -0.009035 -0.008474
-0.020082 -0.000655 -0.015674
-0.039175 -0.003725 0.045088
0.020652 -0.001795 -0.015524
-0.038073 -0.001525 0.031649
0.026313 0.01635 0.064216
0.02384 -0.00532 -0.006524
0.02001 0.01478 0.000626
-0.023412 0.024475 0.063186
-0.030897 0.01475 0.015344
-0.01595 0.00561 -0.003724
-0.022503 0.01027 0.005526
0.02345 0.00468 -0.009124
0.019995 -0.00532 0.004481
-0.02092 0.00762 0.011576
0.016115 0.00264 0.005526
0.020907 -0.003845 0.013201
0.033525 0.0002 0.017391
-0.023368 0.009245 -0.002999
-0.02075 0.00252 0.013651
0.007137 -0.029375 0.014783
-0.01967 -0.00268 -0.015524
-0.01994 0.023775 0.081836
0.016888 -0.00101 0.009776
-0.022393 0.0248 0.070109
0.03041 0.007725 0.074026
-0.01772 -0.00309 0.011576
-0.01915 0.013665 0.003476
0.02221 -0.00752 -0.011424
0.032357 0.00075 0.058178
-0.021995 0.00157 0.012276
-0.019085 0.004665 -0.014624
0.021603 -0.009945 -0.010274
0.008385 0.0229 0.082436
-0.020473 -0.00538 0.012976
-0.021965 -0.002055 -0.013924
-0.018378 0.012985 0.004176
-0.02606 0.018975 0.015951
0.01171 -0.032075 0.061661
-0.02107 -0.00578 -0.013924
-0.021005 -0.00253 -0.015074
-0.037955 -0.013 0.081311
-0.01785 -0.005765 -0.012324
0.018465 0.012465 -0.007174
-0.01689 -0.01039 0.002076
-0.017845 0.005785 0.010676
0.03364 -0.0059 0.016556
0.02 -0.00362 0.013651
0.022367 -0.00982 0.006826
-0.02285 -0.007755 -0.009124
-0.019535 0.00237 -0.015524
-0.01 0.000981 0.014048
0.020322 -0.00412 0.013426
0.019453 0.003007 -0.015299
-0.021753 0.01117 0.006826
-0.028492 0.01715 0.015454
0.03408 -0.0064 0.018311
-0.021705 -0.01363 0.000626
0.012067 -0.031825 0.055806
0.02 -2e-05 0.019176
-0.01001 -0.014734 -0.002764
0.03035 0.0127 0.028216
0.03376 -0.005075 0.016556
-0.022017 0.023025 0.041216
0.01329 -0.029 0.016451
0.02423 -0.00282 -0.003724
-0.018397 -0.012965 -0.005824
0.017455 -0.00846 0.008051
0.013185 -0.031275 0.080051
0.027192 -0.0234 0.065973
0.030178 -0.014475 0.077374
0.016525 0.00784 0.003476
0.017355 0.010815 0.003476
-0.01756 0.00816 0.008626
0.03017 0.003225 0.080806
-0.022435 0.024 0.081246
-0.018163 -0.003065 -0.013924
0.019997 -0.004805 -0.014931
0.02304 -0.00677 0.007476
0.019135 -0.014365 -0.000824
-0.01999 0.009845 -0.012022
-0.02127 -0.013555 0.002776
-0.017235 -0.00924 -0.007824
0.01942 -0.027925 0.016266
-0.016205 -0.00234 -0.007824
-0.020363 -0.010805 0.009201
0.031105 -0.01155 0.073769
-0.018335 0.00396 -0.013924
0.020522 -0.008495 -0.012774
0.030795 -0.018675 0.051621
0.023518 0.003505 -0.009124
-0.012057 -0.032575 0.064599
0.010215 -0.0291 0.015384
-0.016482 0.00101 0.008051
-0.023815 0.00682 -0.003724
0.015815 -0.00141 -0.005124
-0.024177 0.004245 -0.002274
-0.023762 0.006745 0.002776
0.02085 0.01363 0.003476
-0.02162 -0.001555 -0.014624
0.021113 0.01203 0.006826
-0.019377 -0.004455 0.013201
-0.02041 0.01452 0.000626
-0.023382 -0.003505 -0.009699
0.02697 0.0156 0.028276
-0.01662 0.00751 0.004876
0.01924 -0.01229 0.006826
0.02001 0.013345 0.005774
-0.036262 -0.019925 0.069196
-0.02024 0.00347 -0.015299
0.023308 0.009105 -0.004424
-0.01905 0.020475 0.014503
-0.028875 0.01525 0.013646
-0.016055 0.00546 0.003476
-0.022592 0.01067 0.004176
-0.019477 -0.009607 0.010226
-0.023425 -0.03035 0.064741
0.022783 -0.000795 -0.012324
0.021048 -0.011745 -0.009124
0.033045 -0.0052 0.048421
-0.017097 -0.00799 0.006826
-0.020007 -0.010975 0.001121
-0.01847 -0.00349 0.012626
0.033825 -0.00645 0.031549
-0.015928 0.005635 -0.002999
0.020435 -2e-05 -0.015624
0.01607 -1e-05 0.006176
-0.023025 -0.01003 -0.005124
0.03266 -0.001975 0.055198
-0.01001 -0.01298 -0.008324
-0.037023 0.0122 0.069533
0.02244 0.00813 0.008626
-0.016515 0.00766 0.003476
-0.019458 -0.006605 0.012276
-0.03242 -0.0221 0.030276
0.021057 0.004305 -0.014624
0.016993 -1e-05 0.010226
-0.034817 0.0062 0.014534
-0.021125 0.00717 0.011576
-0.021297 -0.003505 0.012976
-0.02165 -0.00103 -0.014624
0.018293 0.010815 -0.009124
0.017553 -0.00531 0.010226
-0.03374 -0.02295 0.080294
0.032975 -0.00645 0.048516
0.022765 -0.00927 -0.007824
-0.01895 0.003512 -0.014849
0.016237 0.006715 0.002776
-0.022765 0.011245 -0.002999
-0.03613 0.013925 0.076779
0.01751 -0.00256 -0.012774
-0.01756 0.00816 -0.010274
0.019348 -2e-05 -0.015574
0.018657 -0.002087 0.013201
0.017788 0.00129 -0.013574
-0.018953 -0.011263 -0.009699
-0.018655 -0.03145 0.080331
-0.02001 -0.01378 -0.006524
0.01696 0.00674 0.007476
0.02024 -0.00487 0.013201
0.02 -2e-05 -0.000824
0.01921 -0.028925 0.024808
-0.01725 -0.011165 -0.003724
0.00999 -0.014751 0.001121
-0.02265 -0.00878 -0.009124
-0.02045 0.00152 -0.015574
-0.020555 -0.00463 -0.014849
0.019995 -0.006515 0.002926
-0.01001 -0.00749 -0.013814
-0.019995 0.00726 0.001121
0.023505 -0.0257 0.016896
0.01568 0.00139 0.002076
-0.01937 0.00722 -0.013574
-0.017565 -0.01219 -0.000824
-0.017477 0.01026 -0.007174
-1e-05 -0.014742 0.001121
-0.02352 -0.026175 0.015536
-0.019393 0.000845 0.013926
-0.035843 0.0063 0.022056
0.02979 0.00575 0.081126
-0.023663 -0.006455 0.004176
0.0194 0.00198 0.013876
0.019348 -2e-05 0.013926
0.01999 -0.01463 0.002093
0.024117 0.00138 -0.005824
0.020288 0.0208 0.057981
-0.029835 0.016 0.015866
0.019008 -0.00524 -0.014274
-0.01723 -0.00639 0.008626
-0.021933 0.01222 0.004176
-0.020007 -0.009722 0.004801
0.02318 -0.00202 -0.010849
-0.022795 -0.0298 0.052836
-0.02001 -0.014852 -0.001794
-0.023623 -0.003505 0.006826
-0.020622 0.003695 -0.015074
0.02208 0.012905 -9.9e-05
-0.02045 0.00152 0.013926
0.022947 0.007905 0.006826
0.022008 -0.01257 -0.004424
0.019993 -0.01101 0.001121
0.020547 -0.003045 -0.015299
-0.02223 -0.00738 -0.011424
-0.023005 0.00522 -0.010274
-0.016258 0.00516 0.005526
0.01577 0.00279 -0.003724
-0.02 2e-05 0.010426
-0.03017 -0.0247 0.036931
0.03302 -0.0084 0.015826
0.026355 0.0163 0.061026
0.018605 -0.00306 0.012976
-0.020715 -0.01148 0.008051
-0.038145 0.0088 0.059796
0.017235 0.011215 -0.002999
-0.019195 0.013765 -0.005124
-0.016955 -0.00199 0.009776
0.01001 0.011789 -0.009874
0.02244 0.00813 -0.010274
-0.019453 0.003043 0.013651
0.01959 0.013933 -0.005124
0.00107 0.0211 0.016466
-0.018142 -0.006215 -0.012774
0.01001 0.011193 0.009008
-0.037845 -0.00345 0.025674
0.021297 -0.003545 -0.014624
-0.021465 -0.011805 0.006826
0.01958 -0.000295 -0.015624
-0.01895 0.000568 0.013651
1e-05 0.014485 -0.004704
-0.02123 0.001095 -0.015074
-0.028328 0.01685 0.014484
0.023605 -0.00642 0.004876
0.020847 -0.007045 0.011926
0.01735 -0.00881 -0.009124
0.03392 -0.0069 0.017063
0.019835 0.00133 -0.015624
0.019528 -0.00542 -0.014624
0.0295 0.0096 0.077306
0.024995 0.0164 0.016756
-0.022015 0.01017 -0.009124
-0.03297 0.008 0.013306
-0.02123 0.00107 0.013426
-0.023865 -0.00683 0.000626
-0.017543 -0.009915 -0.007824
-0.019528 -0.00538 0.012976
-0.016813 -0.008765 0.004176
0.014038 -0.031625 0.068501
0.015882 0.00139 0.004176
0.018392 -0.006785 -0.012774
0.020473 -0.003195 0.013651
-0.01001 -0.014862 0.000149
0.017237 0.0226 0.064446
0.023508 0.01925 0.057836
-0.006635 -0.0327 0.079666
0.018048 -0.01221 -0.005824
-0.02201 0.003345 -0.013574
-0.019167 -0.00316 -0.015074
0.023155 -0.01057 -9.9e-05
-0.022785 -0.00923 -0.007824
0.017228 0.01129 0.000626
-0.02345 -0.00468 0.007476
0.01999 -0.013383 -0.007419
-0.018657 0.008735 -0.011874
0.02447 -2e-05 -0.000824
-0.01969 0.010843 -0.010849
-0.020233 0.001195 0.013976
0.02399 0.00263 -0.006524
0.023113 -0.00102 0.009776
-0.01726 0.004885 -0.011424
0.033325 0.005525 0.025694
0.02126 0.00053 0.013426
0.020388 -0.01322 -0.007174
0.029495 0.0132 0.061006
0.017893 0.00284 -0.013574
-0.021805 0.00892 -0.010849
-1e-05 -0.012394 0.007454
-0.0333 0.01815 0.080421
0.022027 0.01253 0.002776
-0.031755 -0.0236 0.040083
0.016 -0.029875 0.030401
0.028508 -0.02265 0.031198
-0.02001 -0.00828 0.011576
-0.01892 1.7e-05 -0.015299
0.02249 -0.00697 0.009201
0.016317 0.00249 0.006826
0.018167 0.0203 0.028104
0.033925 -0.0061 0.028166
0.02345 -0.026325 0.024943
0.015793 -1e-05 -0.005824
0.026682 0.0149 0.016433
-0.01865 0.024825 0.056841
-0.02396 -0.001305 -0.007174
0.018535 -0.011835 0.006826
-0.01559 1e-05 -0.003724
-0.017365 0.02315 0.034761
-0.031095 -0.0253 0.080088
-0.01874 -0.00051 0.013426
-0.017575 0.01201 0.001351
-0.015868 0.001335 0.004176
0.027598 -0.023825 0.025101
0.017948 0.01294 -9.9e-05
0.01858 -0.01151 0.007476
-0.02059 0.00902 -0.012324
0.016002 0.005515 -0.004424
0.016685 -1e-05 -0.010849
-0.019195 0.01354 -0.005824
-0.019752 0.00277 0.013876
0.017985 0.01014 -0.009124
0.016655 0.00919 -0.003724
0.01796 0.00104 -0.013924
0.0216 0.01278 0.004876
-0.037385 -0.0128 0.081756
0.02 -2e-05 0.014076
-0.020002 -0.002632 0.001829
-0.017305 0.010835 0.003476
0.023465 0.0193 0.061026
-0.017247 0.003785 -0.011874
0.016797 -0.008785 -0.005824
0.018228 -0.01116 -0.008474
-0.031297 0.01505 0.018906
-0.021242 0.00757 -0.012774
-0.021123 0.009195 -0.011874
-0.035887 0.0013 0.015396
-0.022715 -0.00758 -0.009699
-0.03941 -0.003575 0.077783
-0.029925 0.020675 0.050283
0.02 -0.00502 0.013201
-0.015815 -0.00139 0.003476
0.01851 0.01214 0.006176
0.021343 0.008705 -0.011874
0.01985 0.00753 0.011926
-0.016138 -0.001165 -0.007824
-0.018005 0.00156 -0.013924
-0.016405 -0.00804 0.001351
-0.01909 0.009363 0.010226
-0.0338 0.01285 0.025089
-0.019993 0.007195 0.007728
-0.02001 -0.010005 -0.011874
0.033505 -0.0116 0.023031
0.01999 -0.01489 0.000149
0.018195 0.00889 -0.010849
-0.023405 -0.00933 -0.001549
-0.019997 0.00364 0.000149
-0.023455 -0.029625 0.080001
0.02915 -0.011675 0.081734
-0.017022 0.00301 -0.011424
-0.02733 0.021 0.081771
0.019563 -0.014543 0.000626
-0.019602 0.002545 0.013876
-0.023045 0.004195 0.009201
0.019917 -0.002145 -0.015574
0.01744 0.00569 0.009776
0.017405 -0.00101 -0.012774
-0.020405 0.00337 0.013651
-0.02119 0.00972 -0.011424
-0.020165 -0.00348 -0.015299
-0.022718 -0.009005 -0.008474
1e-05 0.01299 -0.008324
-0.01959 -0.014433 0.001351
0.020838 -0.014295 -9.9e-05
-0.02105 0.00512 -0.014274
0.016463 0.006165 -0.007174
-0.036922 -0.006525 0.022339
0.0209 -0.00302 -0.015074
0.021182 -0.01307 0.004876
0.02 0.000952 -0.004444
0.021838 -0.003095 -0.013924
-0.018008 -0.00554 0.011126
0.03044 -0.006 0.080246
0.022577 -0.00467 0.010226
-0.004543 0.0255 0.081296
0.01915 -0.005567 -0.014274
0.019295 -0.007145 0.011926
0.021148 -0.003045 -0.014849
-0.024342 2e-05 -0.004424
0.022072 0.01293 -0.001549
0.01001 0.008267 0.011571
0.019917 -0.002145 0.013926
0.032352 0.007375 0.038131
0.00713 -0.0299 0.016186
-0.01926 -0.01226 -0.008474
0.01941 0.008985 -0.012324
0.022785 0.00923 0.006176
0.017855 0.003765 0.011576
-0.023345 0.00922 0.002076
-0.022403 0.005495 0.010226
0.022545 0.008455 0.008051
0.016653 -0.005885 0.006826
0.02287 -0.00507 -0.010849
-0.018395 0.00536 0.011926
-0.02102 -0.001055 -0.015299
-0.020315 -0.00183 -0.015574
0.02 -2e-05 -0.015724
0.019602 -0.00477 -0.014849
0.020707 0.007755 0.011576
0.019765 -0.027175 0.080868
-0.007645 0.021025 0.015718
-0.005715 -0.03255 0.058336
0.0238 -0.0246 0.081206
-0.02277 -0.011155 -0.003724
-0.01828 0.00861 0.009776
-0.01642 0.021125 0.015443
-0.021697 -0.013555 0.001351
-0.022448 -0.00528 0.010226
-0.037935 -0.0099 0.041411
-0.003465 0.0239 0.045019
0.029823 -0.0201 0.051481
0.019798 0.000255 -0.015674
0.024072 -0.005645 0.001351
0.019593 -0.013567 -0.006524
0.018298 0.004865 0.011926
0.02356 -0.026525 0.069173
0.02125 -0.0279 0.027573
0.0293 -0.01025 0.081751
0.033048 -0.006775 0.048561
0.019917 -0.00287 0.013876
-0.021798 0.011495 0.006176
0.022128 -0.004895 0.011126
0.022543 0.001755 -0.012774
0.01999 -0.01502 0.029176
0.031278 -0.018375 0.016946
0.030297 0.011175 0.057846
0.001233 -0.030975 0.026971
0.019917 0.00423 0.013426
-0.020315 -0.00183 0.013926
-0.01625 -0.001315 0.006826
-0.02241 -0.00968 0.006826
-0.01695 0.00676 -0.009124
-0.019993 0.006615 -0.014187
-0.02324 0.00897 0.003476
0.02041 -0.013745 -0.005824
-0.024365 0.00142 -0.001549
-0.016033 0.001185 0.005526
0.021445 -0.00917 0.009776
-0.018707 0.014038 -9.9e-05
-0.0158 -0.00424 -0.001549
-0.032602 0.0123 0.014816
-0.022333 0.002345 -0.013224
0.031998 0.00675 0.016236
0.019528 0.00468 -0.014849
0.01895 0.005085 -0.014274
0.023433 0.007655 -0.005824
-0.020987 0.008145 -0.012774
0.021535 -0.012495 0.005526
0.023757 0.001155 0.006826
0.03009 0.005825 0.080846
-0.021862 -0.00618 -0.012774
0.02001 0.01148 0.008626
0.02257 -0.010495 -0.006524
-0.019145 -0.000255 0.013876
0.020007 0.006383 -0.009969
0.020805 0.01328 0.004876
-0.025718 -0.023875 0.013006
0.016453 0.00484 -0.008474
-0.016995 -0.01004 0.003476
-0.022893 0.019175 0.013838
-0.01999 0.009845 0.010381
-0.014962 -0.0282 0.014111
0.022695 0.010805 0.003476
0.024177 0.004205 0.000626
-0.039082 0.0009 0.060396
-0.03572 -0.00935 0.016036
0.01999 -0.01502 0.019176
0.02355 0.0192 0.054646
0.0158 -0.00426 -9.9e-05
0.01828 -0.01381 -0.000824
-0.0207 0.021175 0.018924
0.024035 0.00403 0.003476
-0.02 -0.000952 0.002799
0.01726 -0.00486 -0.011424
0.02074 -0.012295 -0.008474
0.032598 0.007025 0.018186
-0.01739 0.007285 -0.010274
0.01577 -0.00281 -0.003724
0.017938 0.02095 0.082061
-0.018665 0.00446 -0.014274
0.0218 -0.003295 0.012276
0.032253 -0.015725 0.017266
0.015612 -0.001435 -0.000824
0.018507 0.002565 -0.014624
1e-05 0.014614 -0.003734
0.018978 -0.026575 0.014369
-0.023652 0.001195 -0.009124
0.024185 0.00138 -0.005124
0.028917 0.011425 0.077336
0.027757 0.01485 0.064216
-0.019618 -0.001655 -0.015574
0.018202 0.011465 0.006176
0.018038 0.00969 -0.009699
0.02396 -0.001345 0.005526
-0.02001 -0.01273 -0.008474
0.033243 -0.009875 0.016178
0.032282 -0.0142 0.015864
-0.032762 -0.0183 0.015078
0.017668 -0.002335 -0.013224
0.01676 0.00894 0.003476
-0.01831 -0.0322 0.072226
0.01985 -0.00052 -0.015674
-0.02 0.0039 0.013666
0.0242 -0.00427 -0.001549
0.000477 0.02465 0.082163
-0.01952 -0.00398 0.013426
0.016347 0.001165 0.007476
-0.017235 -0.011215 -0.002999
0.03318 0.0056 0.034801
-0.00825 0.0242 0.048181
0.016863 0.00689 -0.008474
0.02228 0.00308 -0.013224
0.01682 0.002165 0.009201
-0.019528 -0.00468 -0.014849
-0.02105 0.00352 -0.014849
-0.02001 -0.01473 -0.002999
-0.017967 -0.00534 -0.012774
-0.016685 0.00201 0.008626
-0.019997 0.004805 -0.014931
0.023412 -0.009395 -0.000824
-0.018395 -0.00534 0.011926
-0.02228 -0.00308 0.011576
-0.01 0.001951 -0.015564
-0.020405 -0.00053 0.013976
-0.022092 0.00702 -0.011874
-0.019685 0.00552 0.012976
-0.023077 -0.010205 -0.004424
0.01 0.003878 -0.015304
0.01895 -0.003512 -0.014849
-0.01618 0.00681 -0.003724
0.019993 -0.00642 0.008323
-0.024072 -0.005605 -0.002999
-0.017745 0.00531 -0.012324
-0.02292 -0.00968 -0.006524
0.021692 -0.013745 -0.001549
-0.023248 0.00337 0.008626
0.019295 -0.00157 0.013876
-0.020383 0.001695 0.013926
0.02001 0.01148 -0.010274
0.01809 0.012015 0.004876
-0.019497 0.023925 0.047461
-0.024125 -0.00263 0.003476
0.022092 -0.007095 0.010226
-0.017908 -0.007065 -0.011874
0.01925 0.002482 -0.015299
-0.022168 0.020975 0.018941
-0.016685 1e-05 -0.010849
-0.040048 -0.00355 0.067316
-0.01999 0.010045 -0.011874
0.023652 0.001155 -0.009124
0.016343 0.006465 -0.005824
0.013032 0.0225 0.048414
-0.018815 -0.005535 -0.013924
-0.03137 -0.019375 0.013598
-0.020082 0.00287 -0.015524
-0.023795 -0.00233 0.006176
-0.034107 0.01 0.015719
-0.023685 -0.03025 0.072201
0.01655 -0.00471 -0.009124
-0.03643 0.006225 0.028104
-0.038132 -0.0131 0.053833
-0.02029 0.010395 0.009776
0.026177 0.0143 0.015388
0.021052 -0.006595 -0.013574
0.023818 -0.003845 -0.007174
-0.03808 0.006125 0.050578
-0.023682 -0.00248 -0.008474
0.032828 -0.012925 0.015944
0.02353 -0.02605 0.022246
-0.01 1e-05 0.014176
0.019385 0.00363 0.013426
-0.036105 -0.017825 0.043903
0.02826 0.01455 0.054616
0.021867 -0.027875 0.062526
0.023245 0.00703 0.006176
0.032595 -0.00645 0.055306
-0.02263 0.00882 -0.009124
0.016482 -0.00101 0.008051
0.02402 0.004105 -0.005124
-0.022735 0.00487 0.009776
0.016112 -0.006885 -9.9e-05
0.01 -1e-05 0.014176
0.028407 -0.021975 0.016709
0.032977 -0.006725 0.015731
-0.01631 0.00236 0.006826
0.01708 -0.00971 -0.006524
-0.03688 -0.0024 0.081646
0.02957 -0.0131 0.081346
0.01739 0.000765 -0.012774
0.033335 0.00305 0.034849
0.03362 -0.0059 0.034931
-0.018065 -0.00259 -0.013924
-0.0191 -0.001782 -0.015299
0.019393 0.000805 -0.015574
-0.017563 0.003335 -0.012774
-0.016685 -0.004515 0.008051
-0.016888 -0.003165 0.009201
-0.02345 0.00472 -0.009124
0.032785 -0.00645 0.051911
0.01722 0.011265 -0.002274
-0.024455 2e-05 -0.001549
0.02033 -0.00272 -0.015524
0.018755 0.002538 -0.014849
-0.003555 0.025425 0.064246
-0.009615 0.02455 0.081736
-0.02297 0.008245 0.006176
0.021837 -0.007645 0.010226
-0.003328 0.0218 0.022044
0.032393 -0.0064 0.058291
-0.021293 -0.014005 -9.9e-05
-0.016845 -0.01054 -9.9e-05
0.02318 0.00198 0.009201
0.017735 0.000515 -0.013574
-0.020998 0.025075 0.070119
0.02 0.00288 -0.015524
0.02985 -0.01925 0.015511
-0.019995 0.00752 0.029176
-0.017705 1e-05 0.011926
-0.019995 0.00702 0.012276
0.024268 0.001305 0.002776
0.018185 -0.001585 0.012626
0.019385 0.00718 0.011926
0.017233 0.00099 0.010676
-0.016232 0.006635 0.002776
0.02031 -0.00682 0.012276
-0.020233 0.001195 -0.015624
-0.017602 -0.012015 0.001351
0.028458 -0.018825 0.080661
0.022388 0.00978 -0.008474
-0.020438 -0.014505 0.000626
0.031165 -0.01835 0.016566
-0.00999 0.014881 -0.001794
-0.016238 -0.006615 -0.004424
0.017733 -0.004185 -0.012774
0.018795 0.013438 0.003476
0.032635 -0.010025 0.051943
0.01737 0.00879 -0.009124
-0.03596 0.0086 0.081576
0.02168 -0.000545 0.012976
-0.016578 -0.007665 0.004176
-0.020248 -0.002005 -0.015574
-0.01571 0.00286 -0.001549
0.018785 -0.00134 -0.015074
0.02689 0.01475 0.077366
0.022033 0.00533 0.011126
0.02181 0.01985 0.051466
0.033975 -0.0048 0.017401
0.018142 0.00619 -0.012774
0.020808 -0.013945 0.002776
0.017377 -0.030875 0.062191
0.021455 -0.00082 -0.014849
-0.020705 -0.00153 -0.015524
-0.033835 0.003 0.013891
-0.024155 0.00422 -0.002999
0.020555 0.00103 -0.015574
0.021933 -0.01222 0.004176
0.032675 -0.00585 0.051836
-0.02399 0.00267 -0.006524
0.01001 0.01298 -0.008324
0.028148 -0.0229 0.044431
-0.024808 0.0242 0.063176
0.02054 0.00298 -0.015299
-0.034468 0.016825 0.076751
0.010005 0.005684 -0.014559
-1e-05 -0.008276 -0.013217
-0.019835 -0.002055 -0.015574
-0.021703 0.004895 0.011926
-0.021582 0.019025 0.013504
-0.02033 -0.00268 0.013876
-0.02274 -0.00483 0.009776
0.01703 0.008215 0.006176
0.029405 0.0006 0.081476
0.01999 -0.01152 0.008626
-0.01601 -0.00264 -0.006524
-0.016175 1e-05 0.006826
0.015385 -0.03075 0.046384
0.016258 -0.0275 0.014611
-0.024275 2e-05 -0.005124
-0.038307 0.0062 0.073456
0.01999 -0.01492 -0.000824
-0.02142 -0.01148 0.007476
0.029968 0.0098 0.015406
-0.02217 -0.01058 0.006176
-0.01468 -0.0266 0.013026
0.016395 0.00639 0.004876
0.016288 -0.003835 -0.007824
-0.023767 -0.006605 0.002776
-0.021343 0.024775 0.077404
-0.020007 -0.007938 -0.008774
-0.021492 0.002595 -0.014624
-0.020638 -0.000255 0.013926
0.0 0.000971 0.014048
-0.019835 -0.002055 0.013926
-0.021678 0.013595 0.001351
-0.019242 -0.001305 0.013876
0.018125 0.000515 -0.014274
0.031835 -0.00455 0.067194
0.017247 -0.003785 0.010226
0.018705 0.01059 0.008626
0.015965 -1e-05 0.005526
0.019685 -0.00552 0.012976
0.03314 -0.00235 0.016089
-0.02001 -0.009035 0.010976
-0.020615 -0.00363 -0.015074
0.02001 0.01193 -0.009699
-0.016755 -0.005715 0.007476
0.017613 -0.00981 -0.008474
-0.018465 -0.006237 0.011576
0.032225 0.00505 0.015846
-0.03505 -0.0033 0.014236
-0.02282 -0.002755 0.010226
-0.020838 0.014295 -9.9e-05
-0.023058 0.010245 0.002776
-0.022972 0.02205 0.031386
0.03134 -0.0057 0.070429
0.023605 0.00803 -0.002999
0.01887 0.004887 0.012626
0.023968 0.001155 0.005526
-0.016625 -0.00929 0.000626
-1e-05 -0.014614 -0.003734
0.03097 0.010975 0.034851
0.017668 0.002315 -0.013224
-0.02001 -0.01498 -0.000824
0.01586 0.00569 -0.000824
0.020987 -0.005245 0.012626
-0.035405 -0.00265 0.014561
0.01723 0.00639 0.008626
-0.02172 0.007195 0.010676
0.019842 0.00418 -0.015074
0.02257 0.00573 0.009776
-0.01598 -0.004115 0.003476
0.019582 0.014557 -0.001549
-0.0183 -0.00859 0.009776
0.017352 0.002765 0.010676
-0.02383 0.00687 0.001351
-0.0334 -0.0227 0.080631
0.017972 -0.008435 -0.010849
0.016815 -0.00721 -0.007824
-0.01001 -0.01499 0.009176
0.032645 -0.01285 0.015721
0.025233 0.0174 0.041589
-0.015868 -0.001315 -0.005824
0.020953 -0.001595 -0.015299
-0.02105 0.000545 0.013651
0.024095 0.00563 0.000626
-0.02089 0.009945 0.009776
0.021465 0.011805 -0.008474
-0.020343 0.012195 -0.009124
0.01999 -0.01152 -0.010274
-0.020007 -0.00763 0.011926
-0.017808 0.011035 -0.007174
0.018113 0.007438 -0.011874
0.019152 -0.002043 0.013651
0.018535 -0.009135 0.009776
-0.017215 0.00926 0.006176
-0.023175 -0.01053 -9.9e-05
0.020005 0.004507 -0.006722
0.019385 -0.002867 0.013651
-0.019292 0.005895 -0.014274
0.023615 -0.003695 0.006826
-0.019152 -0.002007 -0.015299
0.030643 -0.004875 0.080366
0.02239 -0.01197 -0.003724
-0.019997 0.00637 0.012626
0.020457 -0.00732 -0.013574
0.018798 -0.012713 0.005526
-0.018415 0.007565 0.010676
-0.018372 0.003035 -0.014274
-0.01799 0.00446 0.011576
0.031735 -0.013975 0.015196
-0.019458 0.008492 0.011126
0.023375 -0.00932 0.000626
0.018707 -0.014088 -0.000824
-0.016105 0.01955 0.013539
-0.0221 2e-05 -0.013924
0.021625 -0.01317 0.003476
-0.02 0.00099 0.014048
0.018705 0.01059 -0.010274
0.018395 -0.00536 0.011926
-0.03406 -0.019 0.027416
0.018798 -0.013287 -0.005824
-0.015882 0.005685 -9.9e-05
0.022278 0.00618 0.010226
-0.02382 -0.00678 -0.003724
-0.02024 0.00487 0.013201
0.020363 0.012155 0.007476
0.00105 0.02005 0.014216
0.021208 0.007655 -0.012774
-0.003332 0.022125 0.024901
-0.022875 -0.005005 0.009201
0.017152 0.0224 0.058106
0.016603 0.009315 -0.001549
0.031433 0.009325 0.044914
-0.020322 -0.00338 0.013651
-0.023155 0.01057 -9.9e-05
0.00065 0.0257 0.081376
0.030475 -0.01865 0.060786
-0.03848 0.000975 0.044523
0.0216 0.01278 -0.006524
-0.027965 0.021125 0.044276
0.006945 -0.031425 0.029838
0.019458 0.006605 0.012276
0.020002 0.0038 -0.011312
-0.018378 0.012985 -0.005824
-0.016753 -0.00099 -0.010849
0.019193 0.01391 0.002776
0.015725 -1e-05 0.003476
-1e-05 -0.010605 0.009786
-0.02273 -0.00153 0.010676
-0.03157 -0.0258 0.072221
-0.02319 -0.01058 -0.000824
-0.0209 -0.00298 -0.015074
0.0338 -0.0048 0.016556
0.016825 -0.01056 -9.9e-05
0.032365 -0.01575 0.017646
0.02987 0.00315 0.081086
-0.02171 2e-05 -0.014624
-0.021327 0.008745 0.010226
0.03117 -0.0051 0.073726
0.018435 0.007485 -0.012324
0.031008 -0.004425 0.077106
0.024707 0.016075 0.015711
-0.019377 0.00057 -0.015574
-0.02001 -0.01103 0.009201
-0.01999 0.01489 -0.001794
0.020475 0.00793 0.011576
0.01259 0.0215 0.031468
0.017025 0.005365 0.008626
-0.017687 0.011435 0.004176
0.016002 0.005515 0.002776
-0.015665 0.00141 0.001351
-0.016885 0.00556 -0.009699
-0.021972 -0.003505 -0.013574
0.01628 -1e-05 -0.009124
0.021535 -0.00627 -0.013224
0.020388 -0.014245 0.002776
-0.020715 -0.01193 0.007476
0.016317 -0.00251 -0.008474
-0.020608 0.002845 0.013651
-0.037597 0.003725 0.037938
0.022932 -0.007945 -0.008474
0.01799 -0.00446 -0.013224
0.017222 -0.01126 -0.002999
-0.020473 0.00472 -0.014849
0.017378 0.01064 -0.005824
0.019638 -0.012542 -0.008474
0.02153 0.00348 -0.014274
0.020608 0.002805 -0.015299
0.03062 -0.0158 0.070258
0.017388 0.01945 0.016633
0.034085 -0.00505 0.020726
0.023518 0.001155 -0.009699
0.02207 0.000505 0.012276
-0.00071 -0.032675 0.079978
-0.01985 -0.00753 0.011926
0.020383 -0.001695 0.013926
-0.036962 -0.012925 0.034619
-0.017615 0.00156 -0.013224
0.031197 0.010675 0.023053
0.016165 -0.00686 -0.002999
0.018167 0.0204 0.031421
0.017965 -0.01016 0.007476
-0.031565 0.0174 0.037904
-0.020555 -0.00463 0.013201
0.01618 -0.00681 -0.003724
-0.024275 0.00287 0.000626
0.021182 -0.01307 -0.006524
-0.02094 -0.00758 -0.013224
-0.019377 0.00057 0.013926
0.021395 0.00183 -0.014849
1e-05 0.011797 0.008231
-0.02405 -0.00558 0.002076
-0.038012 0.00875 0.056701
-0.022007 0.008445 0.009201
-0.020405 -0.00053 -0.015624
0.024072 -0.00422 0.002776
0.020157 -0.00352 -0.015299
-0.034747 -0.012175 0.014493
0.031237 -0.004725 0.073766
0.01913 -0.0292 0.027506
0.019835 -0.00282 -0.015524
-0.0388 -0.013325 0.066346
-0.024095 -0.00563 -0.002274
-0.022457 0.009945 -0.007824
0.019448 -0.006645 -0.013924
0.01923 0.018725 0.015934
0.019997 -0.003268 -0.002699
-0.016888 0.00301 0.009201
-0.017563 -0.000765 0.011576
-0.023612 -0.008005 0.001351
0.01971 0.011257 0.008626
0.02063 -0.00532 0.012976
-0.020547 -0.003005 0.013651
0.022558 0.00153 0.011126
-0.019593 0.012517 0.006826
0.020663 0.01058 0.009201
0.020315 0.00548 0.012976
0.019305 0.011035 -0.010274
0.018775 -0.013237 0.004176
-0.024233 0.018625 0.013838
-0.023623 0.003545 -0.008474
-0.023415 -0.00608 -0.007824
0.01939 -0.02775 0.015816
-0.017235 -0.00924 0.006176
-0.021158 -0.012705 -0.007174
0.023045 -0.00202 -0.011424
-0.00382 -0.0272 0.013361
-0.028632 0.0172 0.015921
0.01687 -0.01041 0.002076
-0.018018 0.01221 0.004176
0.01565 -0.00141 0.000626
0.01833 0.01349 0.002076
0.031895 0.009025 0.025616
0.023585 -0.00237 0.007476
0.018953 0.011713 -0.009124
-0.037305 -0.00135 0.022426
0.0214 -0.01152 0.007476
0.02 -0.00099 -0.008194
0.018248 0.00899 0.009201
0.01682 0.00434 0.008626
0.01001 0.014862 -0.001794
-0.020608 0.000845 -0.015574
0.01916 0.00053 -0.015524
-0.021605 0.004245 -0.013924
0.01001 0.01499 0.009176
0.021995 -0.00157 0.012276
-0.023113 -0.00098 -0.011424
-0.020157 -0.00488 0.013201
-0.016108 -0.00249 -0.007174
-0.03222 -0.015975 0.013126
0.023645 0.00498 -0.007824
0.017085 -0.006585 -0.009699
-0.016852 0.00691 0.006826
0.024505 -0.024975 0.080329
-0.017265 -0.004865 -0.011424
0.018865 -0.004912 -0.014274
-0.016717 0.00736 -0.007174
0.021463 -0.005695 -0.013574
0.021503 0.018775 0.022763
-0.021103 -0.002055 -0.015074
-0.023187 0.008695 -0.005824
0.004707 0.0249 0.081356
-0.019528 -0.003155 0.013651
0.020165 -0.00137 0.013976
-0.02336 0.00927 0.001351
0.01622 -0.00266 -0.007824
0.017543 0.009915 -0.007824
0.032047 -0.00465 0.064196
-0.016525 -0.00764 -0.005124
0.019377 -0.00057 -0.015574
-0.016395 -0.00639 -0.006524
-0.026485 0.023325 0.073561
-0.020608 0.000845 0.013926
-0.020007 -0.006578 -0.014187
-0.02338 -0.00748 0.004876
-0.028155 -0.0227 0.013414
-0.018993 0.008143 -0.012774
0.020805 0.01328 -0.006524
-0.02752 -0.027 0.037131
-0.021005 -0.00668 -0.013574
0.021247 0.01338 0.003476
-0.02345 2e-05 0.008626
0.01631 0.00234 -0.008474
0.022765 -0.00927 0.006176
-0.02031 -0.011255 -0.010274
-0.021628 -0.003005 -0.014274
0.024035 -0.00407 -0.005124
0.021068 0.011705 0.007476
-0.03305 -0.0145 0.013186
0.018897 0.003263 0.013201
0.017407 0.01064 0.004176
-0.01682 -0.002165 0.009201
0.030853 -0.006225 0.076989
-0.02 0.00362 -0.015299
0.02001 0.014852 0.000149
-0.01001 -0.01298 0.006676
0.01969 -0.009242 0.010676
-0.019497 0.001295 -0.015574
-0.016697 -0.007265 -0.007174
-0.02556 -0.027825 0.080736
0.029918 -0.0187 0.070016
-0.01794 -0.010465 0.006826
0.030078 0.012925 0.044804
-0.02116 0.0239 0.081534
-0.019993 0.010135 -0.005544
0.019377 -0.00057 0.013926
-0.034815 -0.006225 0.014133
0.01295 -0.02705 0.013941
0.016018 0.003965 -0.005824
0.032995 0.005225 0.016971
-0.022045 0.012795 -0.002999
0.020705 0.00153 0.013876
-0.035493 -0.002975 0.014501
-0.022405 0.01212 0.000626
-0.02249 0.00692 0.009201
-0.023527 0.007945 0.002776
0.03415 -0.0048 0.018246
-0.02264 -0.007055 0.008626
0.020288 0.02095 0.064341
-0.017613 0.00981 -0.008474
0.02987 -0.007 0.081263
0.02 -0.0273 0.080576
0.019995 -0.00726 -0.002764
-0.018843 0.012737 -0.007174
-0.023008 2e-05 -0.011874
-0.020165 0.00352 0.013651
-0.03787 -0.0028 0.081381
0.01682 0.00434 -0.010274
-0.00999 0.014751 -0.002764
0.024117 0.005655 -0.001549
-0.02154 -0.00623 0.011576
-0.019497 0.001295 0.013926
-0.023382 -0.00333 0.008051
0.022705 0.005905 0.009201
0.023038 -0.00847 0.005526
-0.036445 -0.0033 0.015521
-0.016875 -0.01044 -0.002999
0.022777 0.01123 -0.002999
0.018905 0.002035 -0.015074
-0.019835 -0.00278 0.013876
-0.02325 -0.005705 0.007476
0.02438 0.017825 0.074101
-0.026238 -0.029075 0.075873
-0.0282 0.02125 0.047288
0.01662 -0.00751 0.004876
-0.023518 0.00102 -0.009699
0.02 0.002898 -0.015434
0.023397 0.009255 0.000626
-0.017022 -0.00299 -0.011424
0.021998 0.01253 -0.004424
-0.036037 -0.0095 0.019066
0.01 -0.002922 0.013794
0.020715 0.01228 -0.008474
0.021005 0.00133 -0.015299
-0.037835 0.0011 0.034793
-0.012215 0.0219 0.021948
0.019835 -0.00137 0.013976
-0.0184 0.01281 -0.006524
0.001625 -0.02925 0.015084
-0.02156 0.022275 0.031466
-0.02091 -0.009905 -0.011424
-0.036675 -0.0179 0.053331
0.020775 0.008855 -0.012324
0.01 -0.000981 0.014048
-0.019845 -0.00623 0.012626
0.020747 0.01925 0.081991
0.021558 0.0189 0.025484
0.018755 -0.002563 0.013201
0.01809 0.012015 -0.006524
-0.020917 0.006145 0.012276
-0.02423 0.00282 -0.003724
0.004543 0.019275 0.014066
0.021818 0.011455 -0.007824
0.018065 0.00259 0.012276
-0.02336 -0.00918 0.002076
0.03355 -0.005075 0.016323
-0.017948 -0.01294 -9.9e-05
-0.015928 0.005635 0.001351
0.017195 0.0225 0.061276
-0.017698 -0.00399 -0.012774
-0.019175 -0.000805 0.013876
-0.023077 -0.010205 0.002776
-0.01969 -0.00678 0.012276
-1e-05 -0.015 0.009176
0.009992 -0.006606 0.012541
0.030658 -0.017175 0.066656
-0.02048 0.00402 0.013426
-0.031388 0.018725 0.081286
0.016162 0.006815 -0.002999
0.03094 -0.0183 0.015806
-0.02721 0.02025 0.031551
-0.015635 -0.00139 -0.001549
0.011223 -0.032225 0.068248
-0.021005 0.00137 0.013651
-0.019683 0.00617 -0.014274
0.019917 0.00353 0.013651
-0.01999 0.01107 0.009201
-0.022622 0.01067 -0.005824
-0.03196 0.0135 0.014821
-0.019195 0.012965 0.005526
0.03327 -0.00525 0.045041
-0.020005 -0.006475 -0.004574
0.03212 -0.012825 0.058271
0.021463 0.007105 0.011126
0.032433 0.007375 0.034814
-0.02 -0.000952 0.010298
0.019917 0.000655 -0.015674
0.02029 -0.010395 -0.011424
0.02024 0.00343 0.013651
-0.01655 0.00471 0.007476
0.020855 -0.00207 0.013651
-0.01574 -0.00279 -0.002274
0.01901 0.006683 0.011926
-0.022785 -0.00923 0.006176
0.01629 0.00654 -0.005124
-0.019235 -0.004132 0.013201
0.02174 -0.00582 0.011576
-0.021793 0.020175 0.014496
-0.033403 0.0055 0.013598
-0.023642 -0.008105 -0.001549
0.02492 -0.02355 0.014881
0.020822 -0.00942 0.010226
-0.019242 0.003342 -0.015074
0.017545 -0.010035 -0.007824
0.033533 0.003 0.028166
-0.022662 -0.00253 0.010676
0.01682 -0.002185 -0.010849
-0.006678 -0.032375 0.079989
-0.017303 -0.01099 0.002776
0.02322 0.0167 0.082213
-0.01925 -0.002482 0.013651
0.031677 -0.006675 0.070474
0.019993 -0.005645 0.008918
-0.016463 0.007935 -0.004424
-0.038035 -0.0025 0.028566
0.020695 -0.01152 -0.009699
0.01999 -0.01301 -0.008324
-0.026748 -0.023075 0.013031
-0.01683 -0.01059 -0.000824
-0.02151 -0.01213 -0.007824
0.01 -0.003892 0.013666
-0.019002 -0.00251 -0.015074
-0.019295 0.00157 -0.015524
-0.02344 0.006045 -0.007824
0.0 -0.003885 0.013666
-0.01 -0.003878 0.013666
0.02241 0.01193 0.002076
-0.020005 -0.00588 -0.005349
0.020698 -0.004345 -0.014849
0.01809 0.00924 -0.010274
0.02157 0.01003 -0.010274
-0.016975 -0.03125 0.042863
0.023045 -0.004195 0.009201
0.019445 0.00103 -0.015574
0.02 -0.00196 -0.015564
0.019685 0.00408 -0.015074
-0.01655 0.002185 0.008051
0.033662 -0.0023 0.016973
-0.019993 0.010507 0.002996
-0.03455 -0.0061 0.013974
-0.01985 0.00052 0.014026
0.032447 -0.001875 0.058196
-0.02305 -0.00673 0.007476
-0.020002 -0.003227 -0.002699
-0.02075 -0.00248 0.013651
0.017213 0.01134 -9.9e-05
0.023335 -0.02525 0.015566
0.020615 -0.00722 0.011926
-0.02275 0.011195 -0.003724
-0.035622 0.01365 0.050441
-0.019292 0.00837 -0.012774
-0.02345 -0.002155 0.008051
-0.02561 -0.0236 0.012846
0.0197 0.00098 0.013976
-0.024058 0.00267 -0.005824
-0.031512 -0.02325 0.081251
-0.01 0.001951 0.013921
-0.020418 0.014545 -0.002274
0.02106 -0.00582 0.012276
0.023652 -0.001195 0.007476
0.032805 -0.008425 0.015591
1e-05 0.0075 0.012166
-0.018507 -0.002565 0.012976
-0.015882 -0.005665 -0.001549
0.019445 0.00103 0.013926
0.015695 0.00284 -0.000824
0.023425 0.018125 0.020176
0.033725 0.0004 0.028166
0.01723 -0.011185 0.002076
-0.021985 0.012395 -0.005124
-0.018315 -0.01364 0.000626
-0.02105 -0.00053 0.013651
-0.036215 -0.0012 0.015144
0.034 -0.0053 0.028166
-0.018303 0.013585 -0.002999
0.01849 -0.01216 -0.007824
0.023762 -0.006645 -0.004424
0.022438 -0.000795 0.011576
-0.020005 -0.00373 0.005671
0.022935 0.0175 0.015626
0.023058 -0.010245 0.002776
-0.018435 -0.007535 -0.012324
-0.017192 0.01136 -0.001549
-0.018273 0.010835 0.007476
0.0188 0.00399 0.012976
0.019545 0.00793 0.011576
0.03159 0.00925 0.041486
-0.022832 0.009495 0.005526
-0.022185 -0.008655 0.008626
0.023915 -0.003995 -0.006524
-0.022048 0.000795 0.012276
-0.016685 0.004535 0.008051
0.019525 -0.008545 -0.012774
0.0329 0.00265 0.016311
-0.018163 0.003085 0.012276
-0.028893 0.01745 0.019016
-0.016833 0.022275 0.025029
0.016232 -0.006735 -0.004424
0.020687 -0.00837 0.011126
-0.024095 0.00567 0.000626
0.03313 -0.005075 0.015859
0.019195 -0.012965 0.005526
-0.02394 0.0177 0.013286
0.030582 -0.014425 0.073861
0.019235 -0.003365 0.013426
-0.019997 0.003268 -0.002699
0.03335 -0.00235 0.016321
-0.021247 -0.013605 -0.004424
-0.034313 0.016775 0.059726
0.021265 -0.01397 -0.002274
0.022065 -0.02775 0.059611
0.01725 0.011165 -0.003724
0.023885 0.00263 -0.007174
0.019497 0.001255 -0.015574
0.02291 0.00398 -0.011424
-0.021015 -0.010805 0.008626
0.020532 0.002155 -0.015524
0.01859 -0.001588 -0.014849
0.02001 0.011185 -0.010649
0.021465 0.00913 0.009776
-0.018397 -0.006765 0.011126
0.030303 -0.005225 0.080541
-0.01 -0.000962 -0.015694
-0.01969 0.008667 0.011126
0.021843 -0.01182 0.005526
-0.01875 -0.013788 0.002076
0.021685 -0.01367 0.000626
-0.021057 0.004345 -0.014624
-0.029725 0.0181 0.028321
0.033425 -0.00655 0.041756
0.000263 -0.03285 0.058276
0.021697 0.013555 -0.002999
0.018672 -0.005237 0.012276
-0.03683 -0.0153 0.081896
0.017195 -0.00301 -0.011874
-0.02287 0.005045 -0.010849
-0.017025 -0.005365 0.008626
-0.039797 -0.00295 0.064044
0.017215 -0.00926 -0.007824
0.020465 -0.00237 0.013876
-0.02206 0.012945 -0.001549
0.022975 -0.005395 0.008626
-0.017855 -0.003765 -0.013224
-0.01785 -0.01059 -0.007824
0.020987 -0.008145 -0.012774
0.03063 -0.0019 0.080446
0.021397 -0.007245 0.011126
-0.017748 -0.027375 0.014071
-0.019085 -0.004635 -0.014624
-0.01001 -0.008267 -0.013217
-0.017282 0.009035 0.006826
0.026565 -0.024775 0.057143
-0.016865 -0.00859 0.004876
0.020353 -0.000795 0.013976
-0.02 0.00196 -0.015564
0.01586 0.00419 -0.003724
0.021985 -0.012395 -0.005124
0.03001 -0.01165 0.080979
-0.01794 -0.027925 0.015516
0.021565 -0.00757 -0.012324
-0.017335 0.010835 -0.005124
-0.020408 -0.01248 0.006826
-0.01699 0.005235 0.008626
0.01797 0.012715 -0.003724
1e-05 0.014742 -0.002764
0.016693 -0.009135 -0.004424
0.031345 -0.006775 0.073731
0.0176 -0.00656 -0.011424
-0.02048 -0.00398 -0.015074
0.01999 -0.01477 0.001351
0.024058 -0.00267 -0.005824
0.03396 -0.0064 0.028166
0.03369 -0.00615 0.016576
0.02158 -0.01282 0.004876
-0.02129 2e-05 -0.015074
0.020007 0.005605 0.008918
0.032463 -0.012775 0.015499
-0.020363 -0.012155 0.007476
-0.024268 -0.001305 0.002776
0.019995 -0.00571 -0.014559
-0.022278 -0.00613 0.010226
0.02105 0.00053 0.013651
0.023815 -0.00682 -0.003724
-0.021463 0.005695 -0.013574
-0.010007 -0.006587 -0.014187
0.01886 -0.007167 -0.013224
-0.01917 -0.014085 0.002076
-0.019997 0.004805 0.013291
0.023382 -0.003545 0.008051
0.02001 0.01498 -0.000824
0.017575 -0.03075 0.059276
0.021972 -0.003545 0.011926
0.02242 -0.00817 0.008626
0.01001 0.00749 -0.013814
0.017875 -0.01081 -0.007824
-0.018045 -0.00804 0.009776
-0.016755 0.00706 0.006176
-0.02973 -0.0204 0.012946
0.018567 -0.003985 -0.014274
0.020683 -0.002695 -0.015299
1e-05 0.013364 -0.007419
-0.039905 -0.003675 0.070846
0.01939 -0.009015 0.010676
-0.015822 0.004235 0.000626
0.016355 -0.00501 -0.007824
-0.037195 -0.01295 0.037909
-0.019593 0.014243 -0.004424
0.02964 -0.019125 0.015299
-0.021035 0.00082 0.013651
-0.016882 0.006985 -0.008474
0.00999 -0.01501 0.009176
-0.03808 -0.00315 0.081503
-0.02426 -0.00278 0.000626
-0.02423 -0.00278 -0.003724
-0.0212 0.00162 -0.015074
-0.024072 0.00422 0.002776
0.020165 -0.00137 -0.015624
-0.03686 0.003175 0.081346
-0.019995 0.00702 -0.013924
-0.03604 0.0038 0.019173
-0.022455 -0.010005 -0.007824
-0.03161 0.0152 0.022021
-0.03963 -0.0071 0.063924
-0.022418 -0.012005 -0.002999
0.020007 0.009127 0.005579
0.01794 0.012915 -0.001549
0.023005 -0.01007 -0.005124
0.01967 0.00268 -0.015524
0.01989 0.02095 0.077681
-0.021605 -0.004205 0.012276
0.019777 0.00983 0.010226
0.00507 0.02285 0.038383
0.03047 -0.007325 0.080631
-0.022263 0.004195 0.011126
-0.021395 -0.00303 0.012976
-0.02204 0.00107 -0.013924
-0.020005 -0.005285 -0.006124
-0.020652 0.001795 -0.015524
-0.019377 -0.00053 -0.015574
-0.022978 0.00302 0.009776
-0.020737 -0.031325 0.064754
0.0188 -0.001615 -0.015074
-0.017985 -0.01014 0.007476
-0.019468 -0.002155 -0.015524
-0.01759 0.01196 0.002076
-0.037632 -0.006625 0.028524
-0.019595 0.00337 0.013651
0.021782 0.0191 0.028258
-0.026963 -0.023625 0.013351
-0.00999 0.014119 -0.005609
0.019228 -0.004992 -0.014624
-0.02718 -0.0266 0.030701
-0.01629 -0.00654 -0.005124
0.020808 -0.013495 -0.005824
0.020007 0.006383 0.008323
0.0242 -0.001345 -0.005124
0.02 0.00498 -0.014849
0.02427 -0.02485 0.080621
-0.039323 -0.002725 0.051351
-0.01838 0.001585 -0.014624
-0.034962 -0.002975 0.014296
-0.015793 1e-05 0.004176
0.023658 -0.006595 0.004176
-0.02114 -0.00713 0.011576
-0.02001 -0.014095 -0.005609
0.02 -0.00196 0.006421
-0.03391 0.0145 0.034561
0.020473 0.00468 0.013201
-0.01 -0.002906 -0.015434
-0.016378 -0.003515 -0.008474
0.029328 0.0133 0.064206
0.01999 -0.011218 0.009008
-0.01601 -0.0303 0.027406
0.02001 0.00828 -0.013224
0.020907 -0.005445 -0.014274
-0.01687 0.01041 0.002076
0.020322 0.00338 0.013651
0.01796 -0.00106 0.012276
0.00999 -0.013 0.006676
-0.018757 -0.01014 -0.010849
0.021862 0.006205 -0.012774
0.03224 -0.0128 0.055386
0.015815 -0.030225 0.036531
0.03127 -0.018625 0.038166
-0.0311 -0.019225 0.013401
0.02365 0.00808 -9.9e-05
-0.02343 0.0228 0.041136
0.021855 0.020075 0.061099
0.031503 0.000675 0.070686
0.02001 0.01058 -0.011424
0.017582 -0.012035 -0.002999
0.02242 -0.00817 -0.010274
-0.017695 0.01161 -0.005124
0.024065 0.001305 -0.006524
-0.016347 -0.001165 0.007476
-0.034315 0.013 0.031338
0.029298 0.0031 0.081581
-0.01965 0.02415 0.050503
-0.02108 2e-05 0.013651
-0.038225 -0.016225 0.069726
0.019545 0.008505 0.011126
-0.02576 0.01835 0.014036
0.01969 -0.010393 0.009776
-0.019917 -0.00493 0.013201
0.021192 -0.007695 0.011126
-0.039763 -0.0038 0.074376
0.018995 0.002535 0.013426
0.020002 0.0038 0.009669
0.019835 -0.00137 -0.015624
-0.021625 0.01317 0.003476
-0.01795 0.012735 -0.003724
-0.038723 0.0035 0.070028
0.0242 0.00423 -9.9e-05
-0.019545 -0.00908 0.010676
-0.02318 -0.00198 0.009201
-0.02046 0.00667 -0.013924
0.016717 -0.00736 -0.007174
0.015117 -0.0311 0.053168
-0.023885 -0.00263 -0.007174
-0.017912 0.01301 -0.000824
-0.022227 0.006345 0.010226
-0.019528 0.00542 0.012976
-0.0212 0.00402 0.012976
-0.02205 -0.012705 0.002076
-0.02131 0.008095 -0.012324
0.019752 0.00273 -0.015524
-0.018015 0.00666 -0.012324
0.019025 0.01815 0.015171
0.018945 -0.02955 0.033636
0.031405 -0.00535 0.070441
0.01827 -0.007185 -0.012324
-0.03724 -0.01615 0.047241
0.03351 -0.00535 0.016323
-0.024043 -0.002705 -0.005824
0.02105 -0.000545 0.013651
-0.017055 0.006435 0.008051
0.016955 0.00199 -0.011424
-0.018015 0.00666 0.010676
0.016285 -0.00666 -0.005124
0.008708 0.02375 0.081598
-0.01916 -0.00053 -0.015524
0.017598 0.005465 0.010226
-0.019563 0.014593 -9.9e-05
0.01853 0.000513 0.013201
0.01001 0.009044 0.010976
0.020847 -0.007045 -0.013574
-0.020082 0.00142 0.013976
-0.038065 0.0089 0.073251
-0.016888 0.00101 0.009776
-0.020615 -0.00283 0.013651
0.01895 -0.000542 -0.015299
-0.01971 -0.010357 0.009776
-0.03201 0.017675 0.044088
0.032713 -0.006125 0.051866
-0.016018 -0.003965 -0.005824
-0.024208 -0.004255 -0.001549
0.015943 0.00264 -0.005824
0.01913 -2e-05 0.013876
0.01001 0.014606 0.002093
-0.018715 0.014013 -0.001549
-0.022783 -0.000755 0.010676
0.017405 0.00099 0.011126
-0.02369 0.00237 -0.008474
0.022112 -0.008845 0.008626
0.019752 0.002005 -0.015574
-0.03139 -0.01745 0.013066
0.021665 -0.00397 0.012276
-0.03519 -0.012375 0.015856
-0.0194 -0.00198 0.013876
-0.021763 -0.00233 -0.014274
-0.020363 -0.011705 0.008051
0.020388 -0.01357 -0.006524
-0.03767 -0.0129 0.081533
0.020455 -0.00797 0.011576
-0.02338 -0.00748 -0.006524
0.019363 -0.000295 -0.015574
0.01001 0.00749 0.012166
0.019658 0.012858 0.006176
0.03298 -0.007 0.015696
0.017522 -0.009935 0.006176
0.01795 -0.012735 0.002076
0.017953 -0.000785 -0.013924
0.021782 0.0192 0.031576
-0.020007 -0.010847 -0.003734
0.020007 0.011102 0.000149
-0.024232 0.0212 0.028191
0.022425 0.004405 -0.012324
-0.019093 0.001842 -0.015299
-0.003948 -0.02915 0.015381
-0.0222 0.0229 0.082011
0.018702 0.002313 0.013201
0.019752 0.002005 0.013926
0.019215 0.013285 0.004876
0.023767 0.006605 0.002776
0.017148 -0.009485 0.005526
-0.036105 0.012175 0.080711
-0.016183 0.003835 0.005526
0.019995 -0.004545 0.005076
0.020772 0.004955 0.012976
-0.018945 -0.008635 -0.012324
0.01709 0.00399 0.009776
-0.026325 0.02155 0.041191
0.021838 0.003055 0.012276
0.0209 -0.00302 0.013426
-0.003475 0.024175 0.048281
0.022835 -2e-05 -0.012324
0.021297 0.003505 -0.014624
-0.018215 0.007113 0.010676
-0.018945 -0.008635 0.010676
-0.00759 0.020725 0.014759
0.02 0.00143 0.013976
0.01886 -0.0263 0.014186
-0.015793 -0.004265 -9.9e-05
-0.019595 -0.00053 0.013976
-0.029323 -0.025725 0.080756
0.022835 -2e-05 0.010676
0.019305 0.012285 0.006826
-0.021605 0.00537 0.011926
0.028885 0.01335 0.070726
-0.01 0.002922 0.013794
-0.018397 -0.01049 0.008051
0.02983 0.013 0.054606
-0.01976 0.00347 0.013651
-0.020435 2e-05 0.013976
-0.037633 0.001125 0.031511
-0.0209 0.00182 -0.015299
-0.020832 0.003195 -0.015074
0.021567 -0.004445 0.012276
-0.015717 -0.002815 -0.001549
0.017022 0.00299 -0.011424
0.0197 0.00098 -0.015624
0.020005 0.00698 0.012276
-0.00999 0.014492 0.003066
-0.015875 -0.00264 -0.005124
0.021263 0.01013 0.009201
0.01321 -0.02795 0.014461
0.01662 -0.00751 -0.006524
0.016288 0.003815 0.006176
0.020157 0.00348 0.013651
-0.019993 0.009762 0.004801
0.020465 0.00233 0.013876
-0.024208 2e-05 0.004176
-0.020808 0.013945 0.002776
0.020157 -0.00492 -0.014849
0.03274 -0.0071 0.055396
-0.020005 -0.004703 0.009294
0.021083 -0.02815 0.033921
0.018018 -0.00971 0.008051
0.023175 0.01053 -0.001549
0.02761 -0.024 0.027776
-0.02084 0.00057 0.013876
0.019468 0.002155 -0.015524
-0.023743 -0.00513 0.005526
0.00714 -0.0292 0.014316
-0.02414 -0.00418 0.002076
0.018993 -0.008143 -0.012774
-0.015725 -0.00284 0.000626
0.02001 0.01103 -0.010849
0.01 0.001934 -0.015564
0.020005 0.00748 0.019176
-0.0203 0.00102 0.013976
0.018515 0.000262 -0.014849
-0.023968 -0.001155 0.005526
0.025173 -0.0257 0.040621
0.02945 -0.008825 0.081768
-0.028815 -0.0259 0.037019
-0.020165 -0.002055 -0.015574
0.017498 0.01024 0.005526
-0.023108 0.006995 0.006826
0.021875 0.00398 0.011926
-0.019235 0.003365 0.013426
-0.033968 -0.023175 0.055784
0.00999 -0.011209 0.009008
-0.024085 -0.0271 0.024481
-0.020315 0.00412 -0.015074
-0.028103 -0.027725 0.049909
0.021395 0.00183 0.013201
0.018537 0.005662 -0.013574
-0.016618 -0.001165 0.008626
0.03215 -0.0159 0.034931
0.01629 0.00664 0.003476
-0.021048 0.012095 0.006826
-0.016598 0.021625 0.018953
0.012772 0.02225 0.041909
-0.035192 0.01345 0.044091
-0.02201 -0.00443 -0.013224
0.020865 0.01433 -0.000824
-0.017475 -0.01014 -0.007174
-0.007595 0.0206 0.014271
0.020082 0.00423 -0.015074
0.020005 0.007353 -0.001794
0.020315 -0.00412 -0.015074
-0.01001 -0.014734 0.001121
-0.01857 -0.0321 0.079686
-0.02242 0.01217 -9.9e-05
0.017808 -0.011035 -0.007174
-0.02165 0.00107 -0.014624
0.033485 -0.00205 0.041579
0.019363 0.000255 0.013926
0.03389 -0.0058 0.028166
-0.0287 -0.0212 0.012921
0.00106 0.02085 0.015491
-0.021843 0.01182 0.005526
-0.020315 0.00187 -0.015574
0.018397 0.012965 0.004176
-0.022057 -0.01278 -0.002999
-0.019783 2e-05 -0.015674
0.033108 0.0005 0.044928
0.02929 0.0114 0.015336
-0.02147 -0.003755 0.012626
0.02 -2e-05 0.009176
0.01873 -0.013813 0.002076
-0.020165 -0.002055 0.013926
-0.021688 0.019675 0.013858
0.018555 0.011815 -0.008474
-0.019658 -0.011707 -0.009699
0.019535 -0.00237 0.013876
0.020608 -0.002845 0.013651
0.00163 -0.0289 0.014148
0.016618 0.003515 0.008051
0.01985 0.00048 0.014026
0.008762 0.021875 0.031436
0.020843 0.00938 -0.011874
-0.020218 2e-05 0.014026
-0.019528 0.003195 -0.015299
-0.01601 0.00266 0.004876
0.023125 -0.01047 -0.002999
0.028045 0.013075 0.015673
-0.03435 -0.0237 0.064896
0.024825 0.0179 0.067406
0.01586 -0.00421 0.002076
-0.019298 -0.005855 -0.014274
0.03416 -0.0069 0.018346
-0.020315 0.00187 0.013926
0.020473 0.00538 -0.014624
-0.022267 0.00617 -0.011874
0.021148 0.003005 0.013201
-0.020005 -0.007353 -0.001794
0.020353 -0.000795 -0.015624
0.019582 0.014508 -0.002274
0.020155 -0.00627 0.012626
-0.023147 -0.00688 0.006826
0.022522 -0.0266 0.079951
0.02092 -0.00762 -0.013224
0.00513 -0.0318 0.081116
-0.02167 0.01352 0.002076
0.018237 0.00234 0.012626
-0.02085 -0.01408 -0.003724
0.022525 -0.01017 -0.007174
0.021975 0.00803 -0.011424
-0.023715 -0.00663 -0.005124
-0.01716 0.00611 0.008626
0.023825 -2e-05 0.006826
0.025805 -0.025025 0.069341
0.023945 0.00543 0.003476
0.032205 0.0069 0.016443
-0.023518 0.001195 0.008051
-0.032842 0.016025 0.037818
0.028885 -0.0203 0.069818
0.02414 -0.00422 -0.003724
-0.0171 -0.00969 0.004876
0.024125 0.00263 0.003476
-0.021463 -0.005655 0.011926
-0.021825 -0.00888 0.009201
0.016755 0.005715 0.007476
0.019135 -0.014265 0.000626
-0.02047 0.00607 0.012626
-0.017935 0.012785 0.001351
0.01952 -0.00402 -0.015074
0.02147 -0.000545 0.013201
-0.004585 -0.0312 0.033141
-0.019047 0.00279 -0.015074
0.03228 -0.0127 0.015276
-0.020532 -0.002155 -0.015524
-0.02311 0.01042 0.002076
0.019758 -0.008145 0.011576
-0.03794 -0.0103 0.081616
-0.022805 0.00302 0.010226
0.009307 0.02395 0.064481
-0.023615 -0.003655 -0.008474
0.019295 0.00153 0.013876
0.018432 -0.00331 0.012626
-0.02315 -0.00858 -0.006524
0.033162 -0.006225 0.045106
0.020005 0.00748 -0.000824
0.02318 -0.00437 0.008626
-0.023247 0.00102 -0.010849
0.02432 -0.00142 -0.003724
-0.02242 0.00812 0.008626
0.020438 0.014555 -9.9e-05
-0.018375 -0.01314 0.003476
0.020007 0.006578 -0.014187
-0.022213 -0.00128 0.011926
0.034127 -0.006925 0.020801
0.02229 0.009005 0.008051
0.030513 -0.020025 0.028143
-0.017572 -0.012115 -0.001549
0.02091 0.010355 -0.010849
0.018333 -0.013335 -0.004424
-0.019155 -0.005533 0.012626
0.02 0.00387 -0.015304
0.02033 0.02075 0.054791
-0.02 0.00196 -0.008064
0.02318 0.002155 -0.010849
-0.019947 0.02505 0.077413
-0.01835 0.00106 0.012976
0.023135 -0.00862 0.004876
-0.034042 0.0058 0.013879
-0.034373 0.01515 0.081179
-0.03378 -0.0169 0.015608
-0.033355 -0.0206 0.030466
0.022665 0.010805 -0.005124
5e-06 0.0075 -0.000824
-0.024537 0.0217 0.034691
-0.017305 -0.005915 -0.010849
-0.0359 0.0154 0.065786
0.033498 -0.011625 0.025546
0.022312 0.011405 0.004176
0.021378 -0.008645 -0.011874
-0.01686 -0.00539 -0.009699
-0.02291 0.00402 0.009776
-0.02361 -0.00638 0.004876
0.016002 -0.005535 -0.004424
0.024455 -2e-05 -9.9e-05
-0.020312 0.00617 0.012626
0.029842 -0.01595 0.077221
-0.03461 0.00875 0.015246
-0.019993 0.008567 0.006356
-0.01628 0.003685 0.006176
-0.017338 1e-05 0.011126
-0.004047 -0.029675 0.018506
0.019758 -0.00987 -0.011874
0.02405 0.00558 -0.003724
-0.01736 0.007135 0.008626
-0.020915 0.00467 0.012976
-0.018943 0.004337 -0.014624
0.020643 -0.01152 0.008051
0.02059 -0.009595 -0.011874
-0.027833 0.021975 0.080994
-0.023983 0.003995 -0.005824
-0.034752 -0.019225 0.037186
0.019145 0.002032 0.013651
-1e-05 -0.010605 -0.011424
-0.01675 0.005735 -0.009124
-0.00999 0.011209 0.009008
-0.032743 0.01235 0.015283
-0.021585 -0.00748 0.010676
-0.036628 -0.016075 0.037666
-0.02092 0.00762 -0.013224
-0.017495 0.00696 -0.010849
0.017783 -0.0288 0.080491
-0.017552 0.012135 -9.9e-05
0.02168 0.000505 -0.014624
-0.018888 0.012062 0.006826
0.02808 0.00905 0.081811
-0.01796 0.00106 0.012276
0.018065 0.00259 -0.013924
-0.038663 -0.006825 0.044781
-0.0221 -0.02895 0.036771
0.012405 -0.0313 0.046161
0.013195 0.023 0.058099
0.02933 -0.021375 0.037904
-0.01772 -0.00309 -0.013224
-0.020825 0.025225 0.066476
0.02304 0.01935 0.074156
-0.03425 0.0086 0.013866
-0.020475 -0.00908 -0.012324
-0.01841 0.00211 -0.014624
0.018013 -0.001835 0.012276
-0.035385 -0.00935 0.015161
0.033213 0.0027 0.016964
-0.02061 -0.00898 0.010676
0.02549 -0.0253 0.027708
-0.020315 -0.00408 0.013426
0.031765 -0.015525 0.015773
0.018605 -0.001862 -0.014849
0.01832 -0.000535 -0.014624
0.02042 -0.000295 0.013976
0.02001 0.01483 -9.9e-05
0.030382 -0.018625 0.063676
-0.016587 -0.009365 -0.000824
0.0323 0.006925 0.016879
-0.03411 -0.015 0.013826
0.023645 0.00498 0.006176
-0.021982 -0.00968 0.008051
0.02221 -0.00752 0.009776
0.02318 -0.00437 -0.010274
-0.023315 -0.00198 0.008626
0.020002 0.003227 -0.002699
-0.02242 0.00812 -0.010274
-0.01655 -0.00469 0.007476
0.026522 -0.019875 0.081461
-0.022138 -0.002305 -0.013574
-0.01869 -0.008085 -0.012324
0.016955 0.004165 -0.010849
-0.017863 -0.002315 0.011926
0.029795 0.011475 0.067446
0.019245 0.008857 0.010676
0.0338 -0.00215 0.031531
-0.032325 0.0107 0.013596
-0.03016 0.0208 0.053296
-0.02125 0.013595 -0.004424
0.018897 -0.003287 -0.014849
0.029462 -0.0144 0.081119
-0.01918 -0.029725 0.033536
0.02 -0.00196 0.013921
-0.026478 0.023175 0.077186
-0.019685 -0.00183 -0.015574
-0.02261 -0.000755 0.011126
0.020007 0.01123 -0.000824
-0.030617 0.01465 0.014409
-0.019917 0.000695 -0.015674
0.015882 -0.005685 -0.001549
0.023968 -0.00407 0.004176
-0.020082 0.00142 -0.015624
-0.00939 0.0256 0.073931
0.01001 0.009044 -0.012619
-0.032675 0.018 0.053451
-0.02371 0.00657 -0.005124
-0.019175 0.000845 -0.015524
-0.02939 0.0156 0.013961
0.011807 0.0201 0.015898
-0.01568 0.00141 -0.003724
-0.019057 -0.010363 -0.010849
-0.01891 0.02505 0.060056
0.016618 0.009265 -0.002274
-0.033065 0.01615 0.081489
-0.02001 -0.008855 -0.012774
-0.01999 0.01472 0.002076
0.03045 0.01245 0.023066
0.018415 -0.007515 0.010676
0.030933 -0.00655 0.076989
0.015545 -1e-05 -0.001549
-0.01999 0.0145 0.003066
-0.018113 -0.007513 -0.011874
-0.022292 0.011445 -0.005824
-0.01939 0.010615 -0.010849
0.023382 0.003505 -0.009699
0.0206 0.00198 0.013876
0.018045 0.007965 -0.011424
0.020315 -0.00552 0.012976
0.01675 -0.005735 -0.009124
0.02943 -0.019 0.015086
-0.023595 0.00807 0.001351
-0.01957 0.014518 -0.002274
0.00592 -0.0334 0.064096
0.031815 -0.0173 0.031599
0.03359 -0.0048 0.016323
-0.034875 -0.00265 0.014356
-0.021535 0.012495 0.005526
0.02127 0.01378 -0.003724
0.030373 -0.019975 0.034744
-0.018685 0.01061 0.008626
0.01999 -0.01062 0.009786
0.024785 -0.02335 0.014698
-0.010928 -0.03135 0.039439
-0.02075 0.00252 -0.015299
0.021485 0.000255 0.013201
0.020622 -0.004495 0.013201
-0.021335 0.00447 0.012626
0.001635 -0.02785 0.013683
-0.030667 0.01665 0.025171
0.017738 0.004165 0.011126
0.016033 -0.001185 0.005526
0.02502 -0.0258 0.043961
-0.02 2e-05 -0.015824
0.029808 0.007725 0.080596
-0.03787 -0.0015 0.028366
0.016855 -0.01046 -0.002999
0.02947 -0.01605 0.080671
-0.03941 -0.00725 0.077926
-0.0191 0.003015 0.013426
0.018065 -0.00261 -0.013924
-0.02291 -0.00398 -0.011424
0.02043 0.01438 0.002076
-0.02041 0.01457 -9.9e-05
-0.023743 0.00517 0.005526
-0.016085 0.003985 0.004876
0.019528 -0.003195 -0.015299
-0.020005 -0.00748 0.019176
0.01916 -0.004015 0.013201
-0.037588 -0.013025 0.044326
0.022135 -0.026075 0.080599
-0.018995 0.001368 0.013651
0.016472 0.007915 0.002776
0.020503 0.001255 -0.015574
0.01774 -0.01126 0.004876
-0.019225 -0.00643 0.012276
0.02 -0.00362 -0.015299
0.02 0.00143 -0.015624
-0.019595 -0.00053 -0.015624
-0.021125 0.00717 -0.013224
0.015815 0.00139 0.003476
-0.019835 0.00137 0.013976
0.016683 -0.00596 -0.008474
-0.01999 0.01487 -0.001549
-0.020435 2e-05 -0.015624
-0.023773 0.024225 0.077349
-0.034595 -0.021275 0.049799
0.008705 0.02165 0.027961
-0.036295 0.012025 0.050441
-0.019648 0.000795 0.013976
-0.01792 0.010485 -0.008474
0.023068 -0.008395 -0.007174
0.03013 0.011275 0.061046
0.01688 0.0225 0.081296
0.022325 0.00488 0.010676
-0.01648 0.0213 0.015916
-0.01999 0.008895 0.011126
-0.038705 0.00015 0.077389
-0.017967 0.00536 0.011126
0.02001 0.01447 0.003066
0.018743 0.013912 0.000626
-0.029912 0.018325 0.031544
-0.032625 -0.0182 0.014616
-0.038995 -0.00405 0.081616
-0.020707 -0.007755 0.011576
0.01001 0.014477 0.003066
-0.022262 0.011445 0.004176
-0.022558 0.00157 -0.012774
0.017708 0.011415 -0.005824
0.028513 -0.0204 0.073269
-0.02042 0.000295 0.013976
-0.01619 -0.003965 0.005526
0.023548 0.00483 0.006826
-0.022065 -0.012855 -0.002274
0.019535 0.00233 0.013876
0.016405 0.00804 0.001351
-0.015657 1e-05 0.002776
0.02378 0.00263 -0.007824
0.016888 0.00099 -0.011424
0.020503 0.001255 0.013926
-0.019993 0.01088 0.002093
-0.012645 -0.032075 0.079999
-0.018953 -0.012063 0.006826
-0.019295 -0.00153 0.013876
0.01799 0.003315 -0.013574
0.023245 -0.005745 -0.009124
-0.022027 -0.01253 0.002776
0.03014 -0.0131 0.080976
-0.021713 0.022525 0.034716
-0.02 0.00196 0.013921
-0.021985 -0.00658 -0.012324
0.01957 -0.014468 -0.002999
0.019155 0.014235 -0.002274
0.019658 0.010807 -0.010849
-0.003795 -0.02755 0.013516
0.020165 -0.00282 0.013876
-0.019612 -0.013982 0.003476
0.019613 0.006055 -0.014274
-0.0203 0.00102 -0.015624
-0.021985 -0.00658 0.010676
-0.028435 0.021375 0.050301
-0.032552 0.01375 0.018871
-0.024185 0.00427 0.000626
-0.018685 0.01061 -0.010274
-0.02368 -0.03 0.079616
-0.037133 0.010575 0.080481
-0.018125 -0.00399 -0.013574
0.01758 0.01204 -0.002274
0.01894 0.005785 0.012276
-0.018323 -0.013565 0.001351
0.013152 0.0229 0.054929
0.021568 -0.00332 -0.014274
-0.02151 -0.01213 0.006176
0.021095 -0.00207 -0.015074
0.019163 0.01416 -0.002999
-0.019835 0.00352 -0.015299
-0.028643 -0.02325 0.015058
-0.0347 -0.002 0.014476
-0.02215 0.01062 -0.007824
0.033873 -0.008425 0.017801
-0.016875 -0.01044 0.001351
-0.023452 -0.026025 0.015021
0.016633 0.009215 -0.002999
0.031675 -0.01725 0.038199
-0.020082 -0.00493 -0.014849
-0.02223 -0.00738 0.009776
0.01916 -0.00057 -0.015524
-0.02147 -0.000505 -0.014849
-0.021445 0.011845 -0.008474
-0.01001 -0.014606 -0.003734
0.03055 0.0122 0.017916
-0.022788 0.018525 0.013484
0.020005 0.007225 -0.002764
-0.023993 0.018025 0.013463
-0.035517 0.01385 0.080676
0.022165 -0.00872 -0.010274
-0.018798 0.013062 0.004876
-0.021343 -0.008705 -0.011874
0.028097 0.011025 0.081281
-0.01799 -0.00444 0.011576
0.028517 -0.022075 0.017138
0.01833 0.02115 0.045106
0.022145 -0.003795 0.011576
0.017168 0.009465 -0.007174
0.02 -2e-05 -0.008324
-0.018852 -0.003013 -0.014849
0.02169 0.01348 0.002076
-0.036238 0.0013 0.016291
0.033343 -0.0049 0.045024
-0.016888 0.003185 -0.010849
0.03251 -0.01145 0.051941
-0.019535 0.00237 0.013876
-0.020005 -0.00748 -0.000824
-0.023585 2e-05 -0.009699
0.01936 -0.027575 0.015366
0.02159 -0.00212 0.012976
0.016243 -0.001185 0.006826
-0.020007 -0.00763 -0.013574
0.023035 -0.0271 0.040336
0.019995 -0.006515 -0.004574
-0.021713 -0.013705 -9.9e-05
0.019993 -0.009165 0.005579
-0.015837 0.00281 -0.004424
0.015845 0.00419 -0.002999
-0.034545 0.0149 0.044081
0.021667 0.013305 -0.004424
0.016797 -0.008685 0.004176
-0.037155 0.01215 0.065886
-0.033717 0.0165 0.050354
-0.021203 -0.013255 -0.005824
0.0312 -0.0186 0.041466
0.032372 -0.015875 0.025411
-0.016463 -0.006165 -0.007174
-0.02133 -0.008055 0.010676
0.021315 0.01058 0.008626
0.015815 0.00424 0.000626
0.02304 -0.00677 -0.009124
0.007857 -0.032 0.080393
0.022618 -0.00447 -0.011874
-0.01969 0.010393 0.009776
-0.01689 -0.01039 -0.003724
-0.021853 -0.000755 -0.014274
0.019993 -0.00797 0.007133
0.01849 -0.01216 0.006176
-0.01842 -0.01279 0.004876
-0.03739 0.001075 0.028278
-0.020927 -0.006105 -0.013924
0.02294 -0.00102 0.010226
1e-05 0.011201 -0.010649
0.02249 -2e-05 0.011576
0.018395 -0.00536 -0.013574
0.023743 -0.00517 0.005526
-0.028657 0.019625 0.031578
-0.02001 -0.00828 -0.013224
-0.02852 -0.02815 0.058906
-0.024305 -0.00283 -0.000824
0.01999 -0.01502 0.009176
-0.015575 1e-05 -0.002999
-0.019777 -0.008105 0.011576
-0.01726 0.004885 0.009776
-0.01758 -0.00814 0.008626
-0.019842 0.00562 0.012976
-0.020383 -0.001655 -0.015574
0.021065 -0.000295 -0.015299
0.020235 0.006155 0.012626
-0.02041 0.01442 0.002076
0.032885 0.0005 0.048326
0.020152 -0.02905 0.053651
-0.020007 -0.010097 0.003898
0.0 0.001943 -0.015564
-0.01971 -0.009208 -0.012324
0.0321 -0.014125 0.015641
0.02162 -0.001595 -0.014624
0.021455 0.00078 0.013201
0.017218 0.000765 -0.012324
0.021492 0.002555 0.012976
-0.017965 0.01016 0.007476
0.02031 0.00863 0.011126
0.021148 -0.001845 -0.015074
0.005307 0.02445 0.061304
-0.020383 -0.001655 0.013926
0.023585 -2e-05 0.008051
-0.033287 0.00965 0.013731
0.01841 -0.00211 0.012976
-0.019197 0.002292 -0.015299
0.016595 -0.00936 -0.001549
0.01999 -0.01242 0.007476
0.02 0.00498 0.013201
0.016515 -0.00766 0.003476
0.023015 0.00813 0.006176
0.01999 -0.01487 -0.001549
-0.021277 -0.013905 -0.002274
0.017405 -0.00356 -0.012324
-0.01999 0.01482 0.000626
-0.02212 -0.005905 -0.012324
0.02216 -0.002095 -0.013574
0.02989 -0.007375 0.081401
0.01682 0.00199 -0.010849
0.01999 -0.01197 0.008051
0.016875 0.01044 -0.002999
0.03273 -0.01455 0.031478
0.016483 -0.003535 0.007476
0.017405 -0.00356 0.010676
-0.023892 -0.005355 0.004176
-0.019193 -0.01346 -0.005824
0.031452 -0.006025 0.070443
-0.01858 0.01151 0.007476
0.019458 -0.009643 -0.011874
0.022092 -0.007095 -0.011874
0.016258 -0.00516 0.005526
0.021315 0.01058 -0.010274
-0.01001 -0.013354 0.005774
0.01696 0.00674 -0.009124
0.020007 0.010975 -0.002764
-1e-05 -0.014111 0.003969
-0.03306 -0.02245 0.080968
-0.019997 0.00364 -0.001794
0.01586 -0.00571 -0.000824
-0.017022 0.00301 0.009776
0.018175 -0.00891 0.009201
-0.02085 -0.01363 0.003476
-0.036225 -0.001725 0.015121
-0.015905 -0.00564 0.000626
-0.02475 0.0231 0.081436
-0.016617 0.00101 0.008626
0.018953 0.012063 0.006826
-0.035613 -0.01585 0.024766
-0.02119 0.00972 0.009776
-0.02147 0.00492 0.012276
0.019768 -0.001195 0.013976
-0.017675 0.00491 0.010676
-0.01758 -0.00814 -0.010274
-0.01895 0.005115 0.012626
-0.020805 -0.01258 0.006176
0.02127 0.013555 0.002776
0.02983 -0.00625 0.080988
0.02315 0.00858 -0.006524
0.018282 0.02085 0.038371
0.020405 -0.00337 0.013651
-0.023175 0.00722 0.006176
0.031845 -0.014275 0.055291
-0.017795 0.020975 0.015446
0.03263 -0.00985 0.015486
0.02744 0.01485 0.070726
0.028607 -0.0144 0.081674
-0.03829 0.00285 0.080816
-0.021127 -0.031175 0.075943
0.034028 -0.006675 0.025711
0.017855 0.003765 -0.013224
-0.00999 0.011209 -0.010649
0.020363 0.013205 -0.007174
-0.022522 -0.01023 -0.007174
0.02042 -0.000295 -0.015624
0.034 -0.0059 0.018276
-0.019612 -0.012833 -0.007824
-0.021875 0.00402 -0.013574
-0.021875 -0.000505 0.012626
-0.023277 0.02255 0.037886
0.025415 -0.025375 0.030991
0.019313 0.007755 0.011576
0.020707 0.007755 -0.013224
-0.01826 0.00356 0.012276
-0.01577 0.00281 0.002076
-0.017893 -0.00284 0.011926
-0.01601 0.00266 -0.006524
0.018808 0.004763 -0.014274
-0.022665 0.00607 0.009201
0.024342 0.001405 -0.002999
0.03047 0.0033 0.080526
-0.01827 0.00721 -0.012324
0.02242 -0.01217 -9.9e-05
0.02372 -0.003695 -0.007824
0.01969 -0.011742 -0.009699
0.017665 -0.00776 0.009201
0.01568 0.00139 -0.003724
-0.016453 0.00486 -0.008474
-0.0273 -0.023925 0.014063
-0.017933 0.023925 0.044498
-0.035185 0.0137 0.080943
-0.03962 -0.003925 0.077906
0.02755 -0.0204 0.080576
0.023113 0.00098 -0.011424
0.02048 0.00398 -0.015074
-0.01565 -0.00139 -0.002274
-0.015793 1e-05 -0.005824
-0.021297 -0.002305 -0.014849
0.030058 -0.00195 0.080941
0.0329 0.0001 0.016086
0.01706 -0.00101 -0.011874
0.012835 -0.030775 0.036308
0.029192 0.011475 0.074016
-0.022955 -0.000755 0.010226
0.020845 -0.00557 0.012626
0.020165 0.00278 -0.015524
-0.0171 -0.00969 -0.006524
-0.034678 -0.01735 0.024576
0.020638 -0.000295 -0.015574
0.030228 0.01205 0.016603
0.017477 -0.01026 -0.007174
-0.020353 0.000795 0.013976
0.01893 -0.005815 -0.013924
0.01915 -0.013665 0.003476
-0.017405 -0.00354 -0.012324
0.01371 -0.03165 0.072149
0.023548 -0.00487 -0.008474
-0.02085 -0.013855 0.002776
-0.017835 -0.00869 -0.010274
-0.019357 -0.011485 0.008051
0.021225 0.013205 0.004176
-0.0346 0.016775 0.073104
-0.01871 1.5e-05 0.013426
-0.023433 -0.007655 -0.005824
-0.017405 -0.00354 0.010676
0.020805 0.01293 0.005526
0.01655 0.00234 0.008051
-0.020405 0.00337 -0.015299
-0.036712 -0.017475 0.080966
0.017942 0.0201 0.025328
0.027525 0.010775 0.081873
0.019195 -0.012615 0.006176
-0.032757 -0.024375 0.079854
0.033608 0.00045 0.031531
0.020157 -0.00562 -0.014624
-0.037305 0.010575 0.076849
-0.017455 0.008485 -0.009699
-0.02 -0.000705 0.014026
-0.021793 0.001845 0.012626
0.016375 0.00804 -0.002274
-0.01001 -0.008267 0.011571
0.031373 0.00575 0.070816
0.02043 0.01453 -0.001549
0.01641 -0.00801 0.002076
-0.01739 -0.000765 -0.012774
-0.036217 0.013675 0.059696
0.01 0.001934 0.013921
-0.021335 0.024625 0.081028
0.02 -0.00293 0.013794
-0.023202 -0.008655 0.004176
0.016693 -0.009035 0.002776
-0.019995 0.00752 0.009176
0.020547 -0.02875 0.046811
-0.022972 -0.009855 -0.005824
-0.022595 -0.00098 -0.012774
0.019677 -0.00342 0.013651
-0.01001 -0.013729 0.004871
-0.038277 0.00885 0.062891
-0.03511 -0.00915 0.014236
0.01858 -0.01151 -0.009124
0.017495 0.002315 -0.012774
0.021343 0.002055 0.013201
-0.021605 -0.00533 -0.013574
0.02142 0.01148 0.007476
-0.02001 -0.01059 0.009786
-0.021675 -0.010355 0.008051
0.021277 0.013855 0.001351
0.02059 -0.01062 0.009201
0.023767 0.006705 -0.004424
-0.03519 0.0152 0.053606
0.018333 -0.013335 0.002776
0.017912 -0.01301 -0.000824
0.021242 -0.01017 -0.010849
-0.019145 0.002067 -0.015299
-0.023603 0.008045 -0.002999
0.033262 -0.00205 0.044976
-0.02932 -0.02635 0.046633
0.021875 -0.000545 -0.014274
-0.02228 -0.00308 -0.013224
-0.020227 0.006845 -0.013924
-0.02 -0.000952 0.014048
-0.019648 0.000795 -0.015624
0.020547 0.003805 -0.015074
0.02 -0.00099 0.002799
-0.031932 0.019275 0.080711
-0.019245 -0.008857 0.010676
-0.020388 0.013795 0.004176
0.022753 0.003755 -0.011874
0.015958 -0.002735 -0.005824
0.017247 -0.003785 -0.011874
0.03111 0.00945 0.054876
-0.024117 -0.00138 -0.005824
-0.017218 -0.000765 -0.012324
-0.036142 -0.012825 0.024946
0.033308 -0.006175 0.016161
-0.024045 0.01835 0.013641
0.022917 0.00798 -0.008474
0.015822 -0.002735 0.002776
0.022915 0.006555 -0.009699
5e-06 0.005693 0.012916
0.004662 0.020725 0.016093
-0.018137 0.006235 0.011126
-0.02042 0.000295 -0.015624
0.016002 -0.005535 0.002776
-0.018507 0.002585 0.012976
-0.021568 0.00332 -0.014274
0.018323 0.013565 0.001351
-0.00437 0.02565 0.077653
0.01953 -0.02705 0.081161
0.020845 -0.01427 -0.002274
0.016135 0.0207 0.025251
-0.037732 -0.00985 0.038136
0.027005 -0.0245 0.047586
-0.02059 0.01017 0.009776
-0.017875 0.01081 -0.007824
0.020855 -0.000295 -0.015524
0.02167 -0.01352 0.002076
0.03372 -0.00535 0.016556
0.018163 0.003065 -0.013924
-0.01001 -0.014103 -0.005609
0.01939 -0.011065 -0.010274
-0.032068 0.010525 0.013439
0.02954 -0.006275 0.081373
-0.035593 0.00125 0.014488
0.028253 0.013225 0.015881
0.022815 0.011305 -9.9e-05
0.017028 -0.009885 -0.005824
0.02063 0.00528 -0.014624
0.018737 -0.01016 -0.010849
0.03175 0.003225 0.067476
0.018672 0.008715 0.010226
0.015928 0.005615 -0.002999
0.020638 0.000255 0.013926
-0.02361 0.00812 0.000626
-1e-05 -0.0075 0.012166
-0.018535 0.011835 -0.008474
-0.020473 -0.003155 -0.015299
-0.03244 -0.024225 0.052834
-0.020202 0.000295 0.014026
-0.018995 0.006717 -0.013574
-0.038545 -0.0128 0.077626
0.00871 0.021325 0.025104
0.017967 0.00534 -0.012774
0.030322 -0.019525 0.016833
0.029677 0.000575 0.081261
-0.022213 0.00132 -0.013574
0.015905 -0.00566 0.000626
0.01842 0.01279 -0.006524
0.012335 -0.0315 0.049526
0.01779 0.00739 -0.011424
0.02 -0.0039 0.013666
0.018325 -0.010385 0.008051
0.018943 0.004313 0.012976
-0.01565 0.00141 0.000626
-0.019152 -0.007005 0.011926
0.020758 0.003305 -0.015074
-0.022045 0.012895 0.000626
-0.034978 -0.01555 0.018706
-0.030757 0.0147 0.014876
0.004882 0.0217 0.025071
0.011862 0.02035 0.016811
-0.02 -0.00358 -0.015299
-0.01793 -0.000515 -0.013924
-0.033337 0.016425 0.081201
-0.02444 2e-05 -0.002274
0.022758 -0.01127 0.001351
0.02098 -0.00602 -0.013924
0.01937 -0.028375 0.019413
-0.030112 -0.026725 0.079648
0.019225 -0.008318 0.011126
-0.022618 -0.00443 0.010226
0.018953 0.011263 -0.009699
-0.02001 -0.00748 -0.013814
-0.01807 0.009835 -0.009699
0.018935 0.000257 -0.015299
-0.021485 0.000295 -0.014849
0.019313 0.00833 0.011126
-0.018465 -0.012465 -0.007174
-1e-05 -0.011201 -0.010649
-0.018295 0.01366 -0.002274
0.029135 -0.017525 0.080518
0.016367 0.008115 -9.9e-05
0.021607 0.006755 -0.012774
-0.017665 0.007835 -0.010849
0.0183 0.00854 -0.011424
0.017563 0.003315 -0.012774
-0.01841 -0.00209 -0.014624
-0.01999 0.011218 -0.010649
0.018985 -0.011287 -0.009699
0.019917 -0.00357 -0.015299
-0.020985 -0.030025 0.080681
0.028587 -0.021675 0.057526
-0.021093 0.01207 -0.008474
-0.019777 -0.009255 0.010676
-0.020465 0.00237 0.013876
-0.022698 0.01102 0.002776
0.021905 -2e-05 0.012626
0.017723 -0.00616 0.010226
-0.01715 0.007785 0.007476
0.01874 0.008187 0.010676
0.02035 -0.0289 0.050231
-0.01 1e-05 -0.000824
0.01784 0.002065 -0.013574
0.02 0.002898 0.010043
-0.024208 2e-05 -0.005824
-0.0182 -0.003265 0.012276
0.021935 -0.00262 0.012276
-0.020775 0.00647 -0.013924
0.02396 0.001305 -0.007174
0.02294 0.00098 -0.011874
0.01 -1e-05 -0.000824
-0.018502 -0.00959 0.009201
-0.024162 -0.00278 -0.004424
0.029512 -0.0019 0.081371
-0.015815 0.00141 -0.005124
0.016617 0.00334 -0.009699
0.031457 -0.016975 0.015896
-0.02191 0.00982 0.008051
-0.022735 0.0182 0.013306
0.02001 0.01238 0.007476
-0.019093 -0.00381 0.013201
0.028985 -0.0215 0.047956
0.016258 0.00514 -0.007174
0.022592 -0.01067 0.004176
-0.018878 -0.009162 0.010226
0.02001 0.014455 0.002776
0.018685 -0.01061 0.008626
-0.023945 -0.00543 -0.005124
-0.023713 0.003845 0.006176
-0.025895 0.018675 0.014981
-0.02318 0.002195 0.009201
0.02001 0.01423 0.003476
-0.036585 -0.00225 0.015993
0.033923 -0.008475 0.020706
0.00999 -0.013373 0.005774
-0.03302 -0.016375 0.013643
-0.018652 -0.01104 -0.009699
-0.015935 -0.001315 -0.006524
0.02193 0.009805 -0.009699
0.023382 0.001155 -0.010274
0.01774 -0.01126 -0.006524
-0.03429 -0.0191 0.030656
0.018397 0.012965 -0.005824
-0.02414 0.00422 -0.003724
0.008887 0.0224 0.038401
-0.023548 -0.00483 0.006826
-1e-05 -0.013364 0.005774
-0.030183 -0.026975 0.072176
0.016385 0.003665 0.006826
0.016812 0.008665 -0.005824
-0.02195 0.0207 0.015876
0.02686 0.01535 0.022836
-0.035333 0.01195 0.081244
-0.022747 -0.01098 0.002776
-0.02 2e-05 0.002926
0.019997 -0.00267 -0.003474
0.016943 0.010215 -0.004424
-0.018595 0.005812 -0.013574
0.022033 -0.00537 -0.012774
-0.020503 -0.001255 -0.015574
0.012367 0.0222 0.082441
-0.030732 0.01905 0.044174
-0.019995 0.00571 0.012916
0.03382 -0.0059 0.017416
0.017595 0.01199 -0.002999
-0.017355 -0.010815 0.003476
-0.03166 0.019 0.080998
-0.03065 0.0127 0.013256
0.033092 -0.013025 0.016616
0.017685 0.00774 -0.010849
0.01754 0.004215 -0.012324
-0.017827 -0.011015 0.005526
-0.022565 0.02465 0.073751
-0.024007 0.0234 0.050309
0.02041 -0.01442 0.002076
0.022108 -0.00287 0.011926
0.03151 0.0086 0.016351
0.016347 0.001165 -0.009124
-0.02048 -0.00398 0.013426
-0.024065 -0.001305 0.004876
0.020363 0.010805 0.009201
-0.020243 -0.00983 -0.011874
-0.020248 0.002045 0.013926
-0.019363 -0.000255 -0.015574
0.02165 -0.00107 0.012976
-0.016365 0.00806 0.000626
-0.01779 -0.00749 -0.011424
0.023883 -0.006895 -0.001549
-0.017473 0.019425 0.013526
0.02083 -0.01367 -0.005124
-0.024177 0.002745 -0.004424
-0.02001 -0.01308 -0.007824
-0.02001 -0.01498 0.039176
-0.02001 -0.009813 -0.012022
-0.01959 -0.014532 -9.9e-05
-0.018465 -0.006237 -0.013224
0.02957 -0.00515 0.081251
0.026793 0.015925 0.044838
-0.02481 -0.027975 0.036951
-0.019197 -0.002258 0.013651
0.019917 -0.00497 -0.014849
-0.0212 0.00162 0.013426
0.018685 -0.01061 -0.010274
0.004593 0.0242 0.081881
-0.024388 0.001445 -0.000824
-0.02261 0.000795 -0.012774
0.017558 0.00529 -0.011874
-0.021035 -0.00078 -0.015299
0.018605 -0.001862 0.013201
-0.01999 0.014127 -0.005609
-0.022335 -0.00773 -0.010849
-0.020397 -0.00473 -0.014849
0.019768 -0.001195 -0.015624
0.033875 -0.0047 0.034896
-0.020315 0.00552 -0.014624
0.021692 -0.013745 -9.9e-05
-0.02666 -0.02585 0.021516
0.017082 0.018625 0.015021
0.02081 -0.00112 -0.015524
-0.01684 0.01051 0.000626
-0.018003 0.00556 -0.012774
-0.01971 -0.010807 0.009201
0.019685 0.00183 -0.015574
-0.02169 -0.01348 0.002076
-0.022243 -0.000755 -0.013574
0.022133 0.008805 -0.010274
-0.018325 0.010385 0.008051
-0.021378 0.00862 -0.011874
-0.022663 2e-05 -0.012774
0.026575 0.01485 0.015996
0.0188 -0.001615 0.013426
-0.019333 0.021325 0.018934
-0.00973 0.02385 0.082261
-0.010048 -0.03015 0.024286
-0.035747 -0.006325 0.014904
-0.037297 -0.009775 0.031571
-0.023005 0.01007 0.003476
0.018715 -0.014013 -0.001549
-0.01832 -0.000515 -0.014624
0.024208 0.004255 -0.001549
0.02032 0.00678 -0.013924
-0.020082 0.00287 0.013876
0.017927 -0.01286 0.000626
-0.01001 -0.013729 -0.006514
0.020002 0.003602 0.000149
-0.01685 0.00861 -0.006524
-0.021192 -0.004755 0.012626
-0.022425 -0.01198 0.001351
-0.0381 -0.0042 0.081926
-0.034775 -0.01875 0.081601
0.02867 0.013575 0.017393
0.019835 -0.002095 0.013926
0.022133 0.004855 -0.012774
0.033932 -0.002275 0.018254
-0.02029 0.00982 -0.011874
-0.021277 -0.013855 0.001351
0.019685 0.00183 0.013926
-0.000838 -0.03155 0.081081
0.011648 0.019325 0.014721
-0.01615 0.0199 0.013701
0.033175 -0.01305 0.017066
0.019195 -0.013765 -0.005124
-0.022133 -0.00483 -0.012774
0.023052 0.00843 -0.007174
-0.019842 0.02435 0.053561
-0.02001 -0.01178 -0.009874
0.021605 -0.00537 -0.013574
-0.01842 -0.01279 -0.006524
-0.02105 0.00057 -0.015299
-0.01799 0.00446 -0.013224
0.032607 -0.014525 0.034871
0.02 -0.00432 -0.015074
-0.02001 -0.01468 0.002076
0.027787 0.013025 0.080999
-0.018395 -0.004215 -0.013924
-0.01515 -0.0288 0.015506
0.02174 -0.00357 -0.013924
-0.01259 0.023125 0.034861
0.021667 0.013305 0.002776
-0.020157 0.00422 -0.015074
0.02491 0.0178 0.061026
-0.018798 0.012713 0.005526
0.0173 -0.00201 -0.012324
-0.014582 0.0254 0.073851
0.028352 0.01445 0.048088
0.02316 0.01048 0.000626
-0.01001 -0.009821 -0.012022
-0.020353 0.000795 -0.015624
0.019995 -0.00726 0.001121
0.029128 -0.015875 0.080966
-0.019363 0.000295 0.013926
-0.024455 2e-05 -9.9e-05
0.033138 -0.0059 0.016016
-0.016232 0.006735 -0.004424
0.021277 0.013905 -0.002274
0.001198 -0.0312 0.029984
0.0179 -1e-05 -0.013924
-0.017475 -0.008465 -0.009699
-0.01739 0.000785 0.011126
0.016995 0.01004 0.003476
-0.02151 -0.02835 0.027446
0.019167 -0.00319 0.013426
-0.01661 0.00931 -0.002274
-0.019445 0.00467 -0.014849
0.02 0.00288 0.013876
0.032592 0.007375 0.028179
0.01909 -0.010387 -0.010849
-0.016162 -0.006815 -0.002999
-0.019613 -0.006055 -0.014274
0.022883 -0.0272 0.043676
-0.021623 -0.012955 0.004176
-0.022333 -0.002305 0.011576
-0.019225 -0.00643 -0.013924
0.02153 -0.00352 0.012626
0.020898 -0.0285 0.040051
-0.023382 0.00337 -0.009699
0.0194 -0.00202 -0.015524
-0.037138 -0.003025 0.081791
-0.019993 0.00797 0.007133
-0.026725 0.01725 0.013641
0.015657 -0.001435 -0.002999
0.01911 0.009337 -0.011874
0.020475 0.00793 -0.013224
-0.018335 -0.00394 0.012276
0.021955 -0.012395 0.003476
0.02321 0.019375 0.070781
-0.00755 0.02025 0.014109
0.015837 -0.004235 -0.002999
0.019047 0.00276 0.013426
0.019298 0.005855 -0.014274
-0.038522 -0.0031 0.035216
0.02429 0.00283 -0.001549
-0.020555 -0.00103 -0.015574
-0.01655 -0.00234 0.008051
-0.01586 0.00571 -0.000824
0.001335 0.0252 0.061346
0.02174 0.00578 0.011576
-0.018907 -0.012388 0.006176
0.01559 -1e-05 0.002076
-0.020705 -0.00153 0.013876
0.022448 0.005305 0.010226
0.02203 -0.012745 0.002076
-0.0183 -0.01379 -0.000824
0.01792 -0.012935 -9.9e-05
0.03229 -0.008425 0.061304
0.01999 -0.011815 -0.009874
-0.016555 0.006035 0.006176
-0.02031 -0.010355 -0.011424
0.026985 -0.0227 0.015174
0.017405 0.00724 0.008626
-0.015965 1e-05 0.005526
-0.01807 0.012035 0.004876
-0.017165 -0.007765 0.007476
-0.023915 0.003995 0.004876
-0.018808 -0.004763 -0.014274
-0.02142 -0.01148 -0.009124
0.02301 0.005205 0.008626
0.019085 0.0184 0.015348
0.01502 0.0186 0.014516
0.03383 -0.0064 0.017026
-0.031737 -0.023625 0.080866
-0.019138 0.007045 0.011926
0.01751 0.00254 0.011126
0.02001 0.009035 0.010976
0.032838 -0.014475 0.022836
0.016415 -0.00236 0.007476
-0.022648 0.002795 0.010676
-0.030968 0.019175 0.047186
-0.0265 0.023625 0.066311
-0.02217 0.02325 0.044258
0.018702 0.003515 -0.014624
0.001628 -0.029075 0.014616
0.020017 -0.029125 0.056529
0.0183 0.01379 -0.000824
-0.02316 -0.01048 0.000626
0.020707 0.005855 0.012626
0.033065 -0.01315 0.034811
-0.011828 0.0199 0.013823
0.017563 -0.000785 0.011576
-0.016335 0.00816 -0.000824
-0.017563 -0.000765 -0.013224
-0.020845 0.01427 -0.002274
-0.034088 -0.020725 0.081116
0.02555 0.016275 0.077421
-0.024162 0.00282 0.002776
-0.019607 0.006095 0.012626
-0.038927 -0.00215 0.044811
-0.019445 -0.00103 -0.015574
-0.023903 -0.006905 -0.000824
-0.021887 0.00747 -0.011874
0.02172 -0.00722 0.010676
0.018045 0.012365 0.003476
-0.021998 -0.005505 -0.012774
-0.026835 -0.026125 0.024501
-0.038548 -0.004125 0.081771
-0.034587 0.00065 0.014324
0.017405 0.00354 -0.012324
0.02123 -0.001095 -0.015074
-0.022395 -0.0293 0.043224
0.01743 -0.00571 -0.011424
-0.017698 0.00401 0.011126
0.017405 0.00354 0.010676
-0.03678 -0.0033 0.016396
-0.020002 -0.00633 -0.014274
-0.02242 0.01207 -0.002274
-0.019393 -0.002805 0.013651
0.023045 -0.00202 0.009776
-0.017927 0.01286 0.000626
-0.018237 -0.00234 -0.014274
0.022888 -0.001795 -0.011874
0.020082 0.002105 -0.015574
0.015413 -0.0299 0.080761
0.020243 0.008105 0.011576
-0.02435 0.00142 -0.002274
-0.03537 -0.0016 0.014586
0.03388 -0.00665 0.017046
0.020758 -0.001345 -0.015524
-0.019842 0.00492 0.013201
-0.01849 0.01216 -0.007824
-0.02393 2e-05 -0.007824
0.015657 0.001415 0.001351
-0.02282 0.002795 -0.011874
-0.019842 -0.00348 -0.015299
-0.023433 -0.007555 0.004176
0.021845 0.00103 0.012626
0.03021 -0.005975 0.080494
-0.01832 0.000535 -0.014624
-0.015778 0.004285 -0.000824
0.028455 0.013475 0.016518
0.0 0.001943 0.013921
0.016567 -0.007585 0.004176
-0.023113 -0.00098 0.009776
-0.016055 -0.00544 -0.005124
-0.007815 0.0231 0.034961
-0.02162 0.001595 -0.014624
-0.01937 0.00532 -0.014624
-0.023893 -0.00248 0.005526
-0.021205 -0.00623 -0.013574
0.022365 0.01158 0.003476
0.02206 -0.012945 -0.001549
1e-05 0.014614 0.002093
0.021855 0.020225 0.067458
-0.019155 -0.014235 -0.002274
0.018148 0.000765 0.012626
0.01793 0.000515 -0.013924
-0.039223 -0.0022 0.051261
-0.017265 -0.004865 0.009776
0.030545 -0.01305 0.077464
-0.019525 0.00912 -0.012324
-0.02168 -0.000505 -0.014624
-0.028245 0.0167 0.013999
0.020082 0.002105 0.013926
-0.02452 0.0224 0.081926
0.01999 -0.00752 -0.013814
-0.019377 0.003692 0.013426
-0.01999 0.01062 0.009786
0.01187 -0.03195 0.058721
-0.01999 0.01197 0.008051
0.019752 0.00343 0.013651
0.021065 0.000255 0.013651
0.018943 -0.004337 -0.014624
-0.022717 -0.01098 -0.004424
-0.038605 -0.0036 0.035316
0.007663 -0.031225 0.081116
-0.024865 0.02345 0.081191
0.022662 0.00253 0.010676
0.022108 0.007055 -0.011874
-0.020683 0.002695 -0.015299
0.016463 -0.007835 0.002776
-0.027982 0.0227 0.069801
-0.023045 -0.004155 0.009201
-0.02126 0.00057 -0.015074
0.028892 -0.0144 0.081489
-0.021605 0.00537 -0.013574
-0.02063 -0.00718 -0.013574
-0.026492 0.023475 0.069936
-0.02061 -0.01103 -0.010274
0.02007 0.0205 0.048286
-0.01886 0.007167 0.011576
-0.016578 -0.007565 -0.005824
-0.020953 0.001595 -0.015299
-0.03911 0.00085 0.063498
-0.024162 0.004245 0.001351
-0.020398 -0.002505 -0.015524
0.020363 0.012155 -0.009124
-0.016587 0.009335 -9.9e-05
-0.019582 -0.014608 -0.000824
-0.022242 -0.006305 -0.011874
0.02151 0.01213 -0.007824
-0.02054 0.00302 0.013651
-0.02226 -0.01123 -0.006524
0.032058 -0.015675 0.016436
-0.015935 0.001335 0.004876
0.02001 0.014005 0.004176
-0.019995 0.00377 0.005671
0.02227 -0.009045 -0.009699
0.02084 -0.00057 -0.015524
0.017192 -0.01136 -0.001549
0.004653 0.020475 0.015119
-0.036825 0.001225 0.022338
-0.02154 -0.00623 -0.013224
-0.020545 0.005995 -0.014274
-0.01967 0.00272 -0.015524
-0.019995 0.006888 0.002023
-0.021935 -0.00258 0.012276
0.03312 -0.0071 0.048606
-0.00999 0.013 0.006676
-0.020868 -0.031275 0.068484
0.019618 0.001655 -0.015574
0.03385 -0.00855 0.028131
-0.020987 0.008145 0.011126
0.01999 -0.01062 -0.011424
0.02141 -0.02735 0.022178
-0.024065 0.001345 0.004876
-0.021102 -0.003255 -0.014849
0.01604 -0.001335 -0.007174
-0.017405 0.00356 -0.012324
0.005137 0.02315 0.041873
0.021907 0.007505 0.010226
-0.021065 0.000295 -0.015299
-0.03784 0.0062 0.047413
0.016813 0.008765 0.004176
0.023862 -0.001195 -0.007824
0.021995 0.00153 -0.013924
-0.039553 -0.007125 0.074396
-0.02239 0.01197 -0.003724
-0.017405 0.00356 0.010676
-0.020715 -0.01193 -0.009124
-0.026113 -0.029375 0.064728
-0.019305 -0.012285 0.006826
-0.021645 -0.01313 0.003476
0.022292 -0.011445 -0.005824
0.020927 0.006105 -0.013924
0.01957 -0.014518 -0.002274
0.021343 0.0184 0.016899
0.03331 -0.0071 0.045211
-0.02085 -0.01413 -0.002999
-0.020765 -0.00413 -0.014849
0.02001 0.008258 -0.013217
-0.02435 -0.00138 0.000626
-0.019468 0.002195 0.013876
0.016955 -0.004185 0.009201
-0.015837 -0.00279 0.002776
-0.024245 0.00282 -0.002999
-0.02091 -0.009905 0.009776
0.017965 -0.01016 -0.009124
-0.02 0.00099 0.006549
-0.035863 0.013575 0.053606
0.02517 0.0168 0.022866
-0.036997 -0.017575 0.080743
-0.02147 0.00492 -0.013924
0.016345 0.00814 -0.000824
-0.021818 -0.011455 -0.007824
0.017338 0.019325 0.016208
0.021652 0.008055 0.010226
-0.019842 -0.00488 -0.014849
0.00999 -0.011806 -0.009874
0.016475 0.02135 0.034976
0.016022 -0.02695 0.014246
-0.021875 -0.00398 0.011926
0.02083 -0.013895 -0.004424
-0.023825 2e-05 -0.008474
-0.032245 0.0178 0.047101
1e-05 0.014742 0.001121
0.02105 -0.00352 -0.014849
0.02083 -0.01412 -0.003724
-0.02381 -0.003955 -0.007174
0.02364 -0.00812 -0.001549
-0.020222 0.00872 0.011126
0.015583 -0.0306 0.042963
-0.02054 -0.00298 -0.015299
-1e-05 -0.011797 -0.009874
-0.036082 -0.006325 0.015779
0.017935 -0.012785 0.001351
-0.019195 0.012615 0.006176
0.02 -2e-05 0.006676
0.00826 0.020475 0.016208
0.019835 -0.00282 0.013876
0.031097 0.010925 0.028204
-0.023548 0.00487 -0.008474
-0.02001 -0.009813 0.010381
-0.011873 0.02025 0.013986
0.033303 -0.005625 0.016144
0.02174 -0.00582 -0.013224
0.021823 0.00128 -0.014274
-0.02141 -0.001555 -0.014849
-0.01971 -0.011257 0.008626
0.02029 -0.010395 0.009776
-0.018738 0.00614 0.011926
-0.01906 0.00762 0.011576
0.01761 0.01194 -0.003724
-0.0288 -0.0284 0.064716
-0.018862 -0.012363 -0.007824
-0.01777 0.00751 -0.011424
0.019917 0.00138 0.013976
0.022728 -0.01102 -0.004424
-0.018773 -0.013388 -0.005124
0.023235 -0.00707 -0.007824
-0.029603 0.021625 0.076946
-0.016683 0.00596 -0.008474
0.023585 -0.00237 -0.009124
0.018315 0.01364 -0.002274
-0.017358 0.01066 0.004176
0.021158 0.012355 0.006176
0.0214 -0.01152 -0.009124
0.023888 0.006855 -9.9e-05
-0.02405 -0.00558 -0.003724
-0.020652 2e-05 -0.015574
0.031605 -0.017225 0.041499
-0.020953 -0.002755 -0.015074
-0.021327 -0.005205 0.012276
0.022045 -0.012895 0.000626
0.03373 -0.0054 0.034931
-0.026243 -0.02515 0.015031
0.00663 -0.0327 0.048971
0.018163 0.00419 0.011926
0.016922 -0.010235 0.002776
0.025992 0.014075 0.081716
0.00128 0.0247 0.054906
0.02336 0.00918 0.002076
-0.021655 0.010395 -0.009699
0.01915 -0.014165 -0.002999
-0.030497 0.018925 0.041161
0.02 -0.00099 0.010298
0.033295 0.005375 0.020748
-0.022133 -0.008755 -0.010274
-0.017168 -0.009465 0.005526
0.020002 0.002632 0.001829
0.017678 0.009465 0.007476
-0.02089 0.00937 -0.011874
0.016143 -0.006885 -0.002274
0.010212 -0.029275 0.015851
0.018798 -0.013062 -0.006524
-0.033257 0.0183 0.062801
0.017758 -0.000785 -0.013574
0.030635 0.011175 0.048206
0.023427 0.009355 -0.000824
0.01999 -0.00752 0.012166
0.019995 -0.00752 -0.000824
0.020663 0.01148 -0.009699
0.017893 -0.00286 0.011926
0.016398 0.008015 -0.002999
-0.02314 0.01052 0.000626
-0.020652 2e-05 0.013926
0.02361 0.00638 0.004876
-0.019775 0.0252 0.073771
0.022345 -0.01162 -0.005124
-0.022662 0.00257 -0.012324
0.019445 0.00463 -0.014849
-0.003227 0.0197 0.013931
-0.03762 -0.0162 0.053526
0.0191 0.001782 -0.015299
-0.03408 -0.0232 0.079956
0.01833 0.01349 -0.003724
0.020082 -0.000695 0.014026
0.032455 -0.011275 0.015381
-0.01789 -0.005965 0.010676
0.020005 0.005285 0.004481
-0.020388 0.01322 -0.007174
0.02282 -0.002795 -0.011874
0.02259 0.010455 0.004876
-0.018672 0.005237 0.012276
0.021068 0.011705 -0.009124
0.016415 0.00234 0.007476
-0.017758 0.000785 -0.013574
0.03029 -0.0063 0.080494
0.004657 0.0206 0.015606
-0.037115 -0.0154 0.081674
0.01514 0.0191 0.014871
-0.005145 -0.032 0.045981
-0.022675 0.010845 -0.005124
0.018815 -0.005565 0.012276
0.019798 -0.000295 0.014026
-0.023892 0.005395 0.004176
-0.011372 -0.032 0.052516
-0.021005 0.00137 -0.015299
-0.022455 -0.01218 -0.000824
-0.02001 -0.01488 -0.000824
-0.030305 -0.0243 0.081196
0.02074 -0.012995 0.005526
0.017662 0.011765 0.002776
0.022438 -0.000795 -0.013224
-0.01001 -0.009821 0.010381
0.033297 -0.011475 0.016711
-0.03595 0.0088 0.028016
-0.022172 0.011045 0.005526
-0.015958 -0.002715 0.004176
-0.02317 0.01062 -0.000824
0.021708 -0.010845 0.007476
-0.030288 0.018775 0.037988
0.018035 0.002065 0.012276
-0.017935 0.012885 -0.002274
-1e-05 -0.014614 0.002093
-0.035645 0.0088 0.024938
0.019545 0.00793 -0.013224
0.022595 -0.007295 0.008626
-0.036063 0.0013 0.015843
0.015905 -0.00281 -0.005124
-0.018935 0.000292 0.013651
0.015657 -1e-05 -0.004424
0.019975 0.0197 0.028181
-0.02147 -0.00488 0.012276
-0.018298 -0.004865 0.011926
-0.02105 -0.000505 -0.015299
-0.035385 0.0038 0.015201
0.024185 -0.00427 0.000626
0.032322 -0.00545 0.058201
0.01716 0.00519 0.009201
-0.01925 -0.002482 -0.015299
-0.021485 -0.000255 0.013201
0.016943 0.010215 0.002776
0.016415 -1e-05 -0.009699
-0.02325 -0.005705 -0.009124
0.02 -0.00293 -0.011684
-0.020943 -0.03035 0.080358
-0.020478 0.0205 0.014966
-0.01756 0.01206 0.000626
-0.018237 0.00236 -0.014274
-0.023555 -0.0303 0.068471
0.021648 -0.013345 0.002776
0.017772 -0.030625 0.056361
0.033518 0.002925 0.025694
0.018605 0.001838 -0.014849
0.024117 0.005655 -9.9e-05
-0.021535 0.00627 0.011576
0.00132 0.0236 0.041856
0.001055 0.022075 0.025038
0.03367 -0.0101 0.028096
0.020622 -0.003695 -0.015074
0.020418 -0.014495 -0.002999
0.019595 0.00053 0.013976
-0.025797 0.02085 0.031496
0.016482 0.02175 0.082159
-0.018938 0.019975 0.013854
0.00624 -0.03315 0.058216
0.02171 -2e-05 0.012976
0.031925 -0.0099 0.067071
0.02291 0.00398 0.009776
0.020343 -0.010845 -0.010849
-0.01837 -0.028675 0.021466
0.021015 0.011255 -0.009699
-0.023145 -0.01043 0.001351
-0.019582 -0.014508 -0.002274
-0.021263 -0.006105 0.011926
0.02697 0.0125 0.081936
0.02001 0.009035 -0.012619
0.012532 0.021275 0.027994
0.023315 0.00198 0.008626
-0.020825 -0.000805 -0.015524
0.021805 -0.00952 0.008626
-0.02 2e-05 0.029176
-0.015837 0.004235 -0.002999
0.016753 0.00334 0.008626
0.021335 -0.00447 -0.014274
-0.015755 -0.00279 -0.002999
0.029475 -0.021325 0.031321
0.020652 0.001755 -0.015524
-0.02301 -0.00518 0.008626
-0.019685 0.00187 -0.015574
-0.02075 -0.00248 -0.015299
0.022325 -0.00492 -0.012324
0.01835 -0.00106 0.012976
0.02242 -0.004445 0.010676
0.021463 0.005655 0.011926
0.022065 0.012855 -0.002274
-0.02153 0.00352 0.012626
-0.033285 -0.0165 0.013803
-0.01598 0.004135 -0.005124
0.018005 0.00154 0.012276
0.01853 -0.00491 0.012276
0.0 0.0 0.014176
0.01957 -0.014567 -0.001549
0.010112 -0.0277 0.014001
0.02224 -0.01127 0.004876
-0.01655 0.00471 -0.009124
0.026922 0.01565 0.031606
-0.03765 0.010575 0.069584
0.020758 0.001305 -0.015524
0.02001 0.01498 0.039176
0.021982 0.00968 0.008051
0.01895 0.003488 -0.014849
0.01531 0.019725 0.015651
-0.016693 0.009135 -0.004424
0.017282 -0.009035 0.006826
0.02393 -2e-05 -0.007824
-0.01616 0.00531 0.004876
-0.020165 -0.00753 -0.013574
0.033422 -0.00565 0.041679
0.019842 -0.00422 0.013426
-0.02087 2e-05 -0.015524
-0.01702 0.005385 -0.010274
-0.0186 -0.01149 0.007476
0.032668 -0.006775 0.055351
0.019842 -0.00562 0.012976
0.019997 -0.00637 -0.014274
-0.02336 -0.00918 -0.003724
0.022905 -0.006595 0.008051
0.02369 0.00233 0.006826
0.0176 -0.00656 0.009776
-0.01636 -0.00809 -0.001549
-0.024605 0.024 0.059906
0.02183 0.0197 0.044946
0.01999 -0.01347 0.005526
-0.020005 -0.004507 0.005076
0.021935 -0.00262 -0.013924
0.017125 -0.005035 0.009201
0.016347 -0.001185 0.007476
0.025995 0.01635 0.070726
0.016927 0.018175 0.014643
-0.027585 0.0226 0.059871
-0.019497 -0.001255 -0.015574
0.021445 -0.011845 -0.008474
0.016525 -0.03105 0.072401
-0.020002 -0.0038 -0.011312
-0.018862 -0.012713 0.005526
-0.022168 -0.004655 0.011126
-0.016107 -0.005365 -0.005824
0.023113 -0.003195 0.009201
-0.019295 0.00157 0.013876
-0.010507 -0.03095 0.033328
0.020165 0.00418 -0.015074
0.015905 0.00564 0.000626
0.023535 0.018375 0.025616
-0.01898 -0.001058 0.013651
-0.018738 0.007593 0.011126
0.030437 -0.004475 0.080621
-0.018353 -0.013315 -0.004424
0.019995 -0.006888 0.002023
0.022335 0.0187 0.081606
-0.02432 -0.00138 -0.003724
-0.008403 0.024425 0.051223
0.030252 -0.017225 0.070168
0.018445 -0.012485 -0.007174
-0.032258 -0.024075 0.049646
0.031452 0.00315 0.070776
0.02029 -0.00982 -0.011874
0.021815 0.001555 0.012626
0.023857 0.006855 -0.002274
0.018295 -0.01366 0.000626
0.020475 0.00908 -0.012324
-0.01706 -0.00099 0.010226
-0.03925 -0.002225 0.070384
-0.02305 -0.00673 -0.009124
-0.019497 -0.001255 0.013926
0.020007 0.00763 0.011926
-0.018965 0.000843 0.013651
-0.021972 0.003545 0.011926
0.01877 -0.001065 -0.015074
0.02 -0.002195 -0.015574
0.016618 -0.003535 -0.009699
0.022215 0.010905 0.005526
0.02001 0.01193 0.008051
0.01772 0.00309 0.011576
0.023652 -0.001195 -0.009124
-0.019228 0.004992 -0.014624
0.020248 0.00273 -0.015524
0.017855 -0.003785 0.011576
0.02102 0.001055 -0.015299
0.020343 -0.012545 0.006826
0.020608 -0.000845 0.013926
-0.016993 1e-05 0.010226
-0.02114 -0.00713 -0.013224
-0.02001 -0.011185 -0.010649
0.020398 0.002505 -0.015524
0.009085 0.022825 0.045143
-0.020772 0.004995 -0.014624
-0.018115 0.01171 0.005526
0.016183 0.003815 -0.007174
-0.031165 0.02085 0.076826
-0.01895 -0.000508 0.013651
-0.016963 -0.00844 0.005526
-0.01606 0.0192 0.013376
0.031535 -0.00465 0.070466
-0.020248 0.00347 0.013651
-0.020785 0.01377 0.003476
-0.015882 -0.005665 -9.9e-05
-0.017443 -0.00154 -0.012774
0.02611 -0.02355 0.076554
0.020005 0.00748 0.009176
0.02 -0.002195 0.013926
-0.02089 0.010395 0.009201
-0.023915 0.003995 -0.006524
-0.022695 0.005895 -0.010849
0.023915 -0.0265 0.065609
0.016238 0.006615 -0.004424
0.02291 -0.00402 -0.011424
0.034063 -0.006975 0.025711
-0.018273 0.010835 -0.009124
0.021993 -0.00557 0.011126
0.019477 0.009607 0.010226
0.02399 -0.00267 -0.006524
0.024275 -2e-05 0.003476
0.033902 -0.002275 0.025694
-0.020425 0.020325 0.014506
-0.01873 0.013813 0.002076
-0.019758 0.00872 -0.012774
-0.017758 -0.000765 0.011926
-0.021667 -0.013305 0.002776
-0.016603 -0.009315 -0.001549
0.01601 0.00264 0.004876
0.02001 0.01058 0.009776
0.02318 0.00433 0.008626
0.01001 0.010598 -0.011424
-0.035457 -0.017625 0.034136
0.021068 0.012055 -0.008474
-0.022295 2e-05 0.011926
-0.02126 -0.000505 -0.015074
-0.015545 1e-05 -0.001549
0.01723 -0.011185 -0.003724
-0.01853 0.003785 0.012626
0.030598 0.00945 0.064286
-0.017405 -0.007265 0.008626
-0.015815 -0.00424 0.000626
-0.016525 -0.00784 0.003476
-0.031418 0.0194 0.053374
0.017755 0.00524 0.010676
0.03274 -0.0144 0.017426
-0.016288 0.003835 -0.007824
0.000847 -0.03205 0.042429
-0.031165 0.01305 0.013571
0.01968 -0.00682 -0.013924
0.020248 0.002005 0.013926
-0.02047 -0.00663 0.012276
0.020532 0.002155 0.013876
0.02359 0.0188 0.038289
0.01971 0.008632 -0.012774
-0.020007 -0.005605 0.008918
-0.017185 0.011335 -9.9e-05
0.03094 -0.0048 0.077066
-0.00902 0.0256 0.067136
0.031018 0.010925 0.031521
-0.020758 -0.001305 -0.015524
-0.02001 -0.01297 -0.008324
-0.015612 0.001435 -0.000824
0.019997 -0.001895 -0.004072
0.021782 0.0194 0.038211
-0.01945 0.005995 0.012626
0.016955 0.00199 0.009776
-0.022255 -0.00523 -0.012324
0.024177 0.002705 0.002776
-0.019595 0.00337 -0.015299
0.020082 -0.002145 -0.015574
-0.00401 -0.02935 0.015846
-0.02789 -0.0264 0.081086
0.017095 0.006565 0.008051
-0.02001 -0.014725 -0.002764
0.02284 0.00608 0.008626
-0.022038 0.01282 0.001351
-0.01001 -0.011193 -0.010649
-0.035035 -0.0018 0.014531
0.0191 0.002985 -0.015074
0.0227 0.0193 0.080906
-0.020652 -0.001755 -0.015524
-0.020638 0.000295 -0.015574
0.01739 -0.00726 -0.010274
-0.03166 -0.0176 0.013264
0.026535 -0.021925 0.080494
-0.01818 -0.03225 0.068496
0.021185 0.00553 0.012276
0.022437 0.003305 0.011126
0.01946 -0.00302 -0.015299
-0.021433 0.003995 0.012626
-0.01999 0.01502 0.029176
-0.03249 -0.016125 0.013324
-0.03162 0.019525 0.056526
0.020455 -0.00797 -0.013224
-0.016138 0.001185 0.006176
-0.035022 -0.012375 0.015418
-0.019602 0.00477 -0.014849
-0.00999 0.014622 -0.003734
-0.039258 -0.003225 0.048219
-0.019135 0.014265 0.000626
-0.020363 -0.012155 -0.009124
0.015868 -0.001335 0.004176
0.021865 -0.01172 -0.007174
0.019758 -0.00872 -0.012774
-0.020002 -0.004773 0.013291
0.020082 -0.002145 0.013926
0.02318 0.00433 -0.010274
0.019993 -0.010507 -0.004639
-0.01776 -0.01124 0.004876
-0.02001 -0.012375 -0.009099
0.021793 0.001805 -0.014274
-0.020638 0.000295 0.013926
0.024425 -2e-05 0.001351
0.023382 -0.009295 -0.002274
-0.017863 0.002335 -0.013574
0.017127 0.00199 0.010226
-0.02108 2e-05 -0.015299
-0.021905 2e-05 0.012626
0.021628 0.003005 -0.014274
-0.019338 0.011515 -0.009699
-0.023185 0.0198 0.014956
0.020543 0.009605 -0.011874
-0.019303 -0.004308 -0.014849
-0.012688 -0.03175 0.080321
-0.022362 0.02345 0.047316
0.01771 -0.009035 0.008051
-0.0218 -0.003255 -0.013924
0.020082 0.00138 0.013976
0.01999 -0.009845 -0.012022
-0.019997 0.002865 -0.007691
-0.02206 0.010495 0.006826
0.010542 -0.031825 0.080038
0.017295 -0.005885 0.009201
0.02447 0.0153 0.082121
-0.021975 -0.007955 -0.011424
-0.036148 0.0063 0.025133
0.019163 0.01426 -9.9e-05
0.029705 0.0117 0.015751
0.00882 0.0221 0.034911
-0.014805 0.023625 0.082179
-0.01999 0.01502 0.019176
-0.032417 -0.024125 0.080191
0.02845 -0.017175 0.081108
0.02336 -0.00927 0.001351
0.02001 0.01478 -0.002274
-0.015935 0.001335 -0.006524
-0.022558 0.0245 0.077376
0.025557 -0.02485 0.022336
-0.036565 -0.0012 0.016038
0.021837 0.00418 -0.013574
0.019305 0.011935 0.007476
-2e-06 -0.004789 0.013291
0.02167 -0.028 0.065441
0.02292 0.00968 -0.006524
-0.017893 0.007085 0.010226
-0.00999 0.011806 -0.009874
-0.023652 -0.001155 0.007476
-0.017985 -0.01014 -0.009124
-0.037795 0.00305 0.080949
0.026875 0.015025 0.017278
0.018567 0.003965 0.012626
0.022873 -0.00202 0.010226
0.023247 -0.00102 -0.010849
-0.01999 0.01382 0.004876
-0.01917 -0.014085 -0.003724
-0.006505 -0.03275 0.075936
0.01856 0.001038 0.013201
0.02344 -0.006045 -0.007824
-0.02001 -0.01308 0.006176
0.016658 0.005865 -0.008474
0.01999 -0.01476 -0.002764
-0.03848 -0.009975 0.050919
0.017022 0.00299 0.009776
-0.020652 0.001795 0.013876
-0.024065 0.001345 -0.006524
-0.02277 -0.011155 0.002076
0.02 0.001925 -0.011814
0.028215 -0.0157 0.081631
0.022595 0.00353 -0.012324
-0.019225 0.008318 0.011126
0.017235 0.00924 -0.007824
-0.02 0.00099 -0.011944
-0.000795 -0.031925 0.080713
-0.019468 -0.002155 0.013876
0.022303 -0.00402 -0.012774
0.015793 -0.004285 -0.001549
0.020002 0.004773 -0.014931
0.022595 0.00353 0.010676
-0.015905 -0.00279 0.003476
0.016975 -0.01006 -0.005124
-0.017545 0.010035 -0.007824
0.018605 -0.00306 -0.014624
0.013295 -0.02865 0.015516
0.022595 -0.00102 0.011126
-0.015733 0.001335 0.002776
-0.0188 -0.002788 0.013201
-0.021705 -0.01363 -0.002274
0.024253 -0.00142 0.002776
0.017867 -0.008785 -0.010274
0.02048 0.00398 0.013426
0.019993 -0.009762 -0.006449
-0.017855 0.003785 0.011576
-0.036395 0.013725 0.062741
0.02756 -0.0233 0.017076
-0.023998 0.005545 -0.004424
-0.020322 -0.00408 -0.015074
0.018025 -0.007985 -0.011424
0.021263 0.007555 0.011126
-0.023375 -0.00923 -0.002999
-1e-05 -0.014871 -0.001794
0.01716 -0.00606 0.008626
0.018995 -0.002565 -0.015074
-0.016347 -0.001165 -0.009124
-0.020995 0.010845 -0.010274
-0.03081 -0.021 0.013736
-0.0212 -0.00398 0.012976
-0.0197 -0.00098 0.013976
-0.020865 -0.01428 -9.9e-05
0.015725 0.00284 0.000626
-0.02977 -0.0244 0.030476
0.010002 0.004781 -0.014931
0.020915 -0.00467 0.012976
-0.038315 -0.00995 0.047696
-0.01759 0.01196 -0.003724
-0.01586 0.00421 0.002076
-0.019528 -0.00538 -0.014624
-0.016483 -0.001165 0.008051
0.018727 0.014013 -0.001549
0.0 -0.000971 -0.015694
0.023603 -0.008045 -0.002999
-0.0318 -0.0197 0.014593
-0.022525 0.00847 -0.009699
0.005215 -0.03255 0.080381
-0.01955 0.00152 0.013926
-0.022595 0.00102 0.011126
0.022663 -2e-05 -0.012774
-0.01805 -0.0323 0.064766
0.019595 0.00053 -0.015624
-0.01273 -0.031425 0.080644
0.01874 -0.00054 -0.015074
-0.02172 -0.02855 0.030501
0.018945 0.008635 -0.012324
-0.019842 0.00352 0.013651
0.02069 -0.007145 -0.013574
-0.035265 0.00375 0.014741
0.007093 -0.030225 0.018846
0.018945 0.008635 0.010676
-0.01687 0.01041 -0.003724
0.019525 0.0204 0.081676
-0.017148 0.009485 -0.007174
0.01818 0.011365 -0.007824
-0.018633 0.01106 0.008051
-0.0373 0.00325 0.081081
-0.039268 -0.007375 0.081456
-0.000228 -0.0331 0.068151
0.023113 0.00298 0.009201
0.018995 0.001333 0.013651
0.028107 -0.017 0.081404
0.021138 -0.012395 -0.007824
-0.02159 0.00212 0.012976
-0.037157 0.006375 0.037801
-0.023475 0.00767 -0.005124
-0.023537 -0.007905 -0.004424
-0.035922 -0.017675 0.040716
0.017423 0.004615 0.010226
-0.021623 -0.012955 -0.005824
0.020785 0.00643 0.012276
0.020007 0.007938 0.007133
0.01945 -0.0281 0.016716
0.01939 -0.00959 0.010226
0.02337 0.018 0.017456
-0.018785 -0.00131 0.013426
-0.016107 0.005385 0.004176
-0.03514 -0.00265 0.014458
0.033255 0.00305 0.038166
-0.01916 -0.00053 0.013876
0.016948 -0.00846 -0.007174
-0.019318 -0.002658 -0.015299
-0.019917 0.00427 -0.015074
-0.035723 0.01535 0.062741
0.03075 -0.0172 0.063766
0.02046 -0.00667 -0.013924
-0.015958 0.002735 -0.005824
0.024342 -2e-05 -0.004424
0.02244 0.01203 0.000626
0.02414 0.00418 0.002076
-0.03952 -0.0023 0.057668
0.018702 -0.003535 0.012976
-0.02001 -0.01103 -0.010849
-0.019995 0.00739 -0.001794
0.03232 -0.006075 0.058246
0.019593 -0.012517 0.006826
-0.02205 -0.012705 -0.003724
0.023175 -0.00722 0.006176
-0.039695 -0.007 0.070866
0.022385 -0.00157 0.011576
0.02121 0.00968 -0.011424
-0.020845 0.00557 0.012626
0.02361 0.00638 -0.006524
0.020805 0.01258 0.006176
0.021975 0.00803 0.009776
0.021975 0.012355 -0.005124
-0.024072 0.005645 -0.002999
-0.021272 0.014045 -0.001549
0.021035 0.00078 -0.015299
0.019157 -0.00884 0.010676
-0.020998 0.002545 -0.015074
0.019758 -0.008145 -0.013224
-0.019995 0.00532 -0.006124
-0.01558 -0.02955 0.021456
0.01681 -0.01061 -0.000824
-0.032195 -0.017875 0.013621
-0.02 -0.00387 0.013666
-0.01706 0.00101 -0.011874
0.02259 0.010455 -0.006524
0.0331 0.0056 0.038119
0.02096 -0.02805 0.072571
-0.020007 -0.00716 0.007728
-0.020005 -0.00748 0.009176
0.021417 -0.02655 0.015906
0.018372 -0.003035 -0.014274
0.017575 -0.01211 -0.002274
-0.01959 -0.014383 -0.003724
0.018815 0.005535 -0.013924
0.019195 -0.013315 0.004876
-0.020363 -0.013205 -0.007174
0.02388 0.00688 -0.001549
5e-06 0.0075 0.039176
-0.029395 0.0212 0.080874
0.03341 0.0005 0.038213
0.022437 -0.003345 0.011126
0.034013 -0.006125 0.020766
0.03333 -0.0086 0.041761
0.01748 0.006715 -0.010849
0.03312 -0.0049 0.048421
0.02201 0.00443 -0.013224
0.01638 -0.00811 -0.002274
0.021225 0.01343 -0.005124
0.018375 0.01314 -0.005124
-0.019348 -0.001755 -0.015524
0.017615 0.00654 -0.011424
0.01853 0.00489 0.012276
-0.01999 0.013383 0.005774
0.031842 -0.0114 0.066999
-0.029932 -0.022375 0.015441
0.018365 -0.0302 0.046606
0.017615 -0.00156 0.011576
-0.020002 -0.002632 -0.003474
-0.019235 0.004167 -0.014849
0.016493 0.00624 0.005526
-0.03749 -0.0034 0.022581
-0.016567 0.007685 -0.005824
0.034038 -0.005625 0.018268
-0.02001 -0.014597 0.002093
-0.024245 -0.00278 0.001351
-0.035035 0.0088 0.018784
0.0298 -0.005175 0.081004
-0.03633 -0.02005 0.065431
0.022108 0.00283 0.011926
-0.01727 -0.00154 -0.012324
0.015912 -0.004135 0.002776
-0.031422 0.013225 0.013728
0.020248 -0.00347 0.013651
-0.020455 0.008545 0.011126
0.030827 -0.0166 0.015259
-0.016147 -0.006865 0.000626
0.01795 -0.012735 -0.003724
-0.031115 0.01845 0.081574
-0.024608 0.0194 0.015441
-0.02208 -0.008305 0.009201
-0.036485 -0.017875 0.050189
-0.016933 -0.008365 -0.007174
-0.021425 0.001345 -0.014849
-0.01999 0.011815 -0.009874
-0.020397 -0.007355 -0.013574
-0.03436 -0.0172 0.021546
-0.021075 -0.00863 -0.012324
0.021665 0.002805 0.012626
0.016453 0.00484 0.006826
0.00999 -0.014751 -0.002764
-0.01001 -0.011789 0.008231
-0.021258 0.013945 0.000626
-0.03791 -0.0049 0.082226
0.015657 -1e-05 0.002776
-0.020007 -0.006383 -0.009969
0.020082 -0.00427 0.013426
-0.021607 -0.006755 -0.012774
0.018725 -0.008213 -0.012324
-0.021075 -0.00863 0.010676
0.018008 0.005515 0.011126
-0.020408 -0.01283 0.006176
-0.02211 0.005945 0.010676
0.03413 -0.0048 0.023206
0.018805 0.021875 0.067564
-0.03709 0.000425 0.081363
-0.035115 -0.019 0.081263
-0.00999 0.013373 0.005774
0.020163 0.00688 -0.013924
0.023175 0.01053 -9.9e-05
-0.022087 -0.01298 -0.000824
0.023633 -0.008145 -9.9e-05
-0.019458 0.009643 -0.011874
0.033992 -0.006375 0.025711
0.020932 0.017725 0.015299
0.019468 0.002155 0.013876
-0.022917 -0.00798 -0.008474
0.023115 0.017775 0.016234
0.02 0.001925 0.010171
0.020005 0.007225 0.001121
-0.01849 0.01216 0.006176
-0.017895 -0.01079 0.006176
-0.028042 -0.02515 0.024466
-0.01954 -0.00663 -0.013924
0.033475 -0.006175 0.016341
0.02429 -0.00287 -9.9e-05
0.022978 -0.00302 -0.011424
0.022945 0.006405 0.008051
-0.02001 -0.01273 0.006826
0.023645 -0.00502 -0.007824
-0.01955 -0.00148 -0.015574
-0.031745 0.011875 0.013583
0.018515 -0.000288 0.013201
0.03338 -0.0048 0.016091
0.02 -0.000745 0.014026
-0.020758 0.001345 -0.015524
0.0158 0.00424 -0.001549
0.022985 0.008205 -0.007824
-0.021225 -0.01343 -0.005124
-0.019152 -0.007005 -0.013574
-0.016715 0.02195 0.021991
0.02105 -0.00352 0.013201
-0.020408 -0.01398 -0.005124
0.01846 -0.006262 0.011576
-0.01622 -0.0305 0.030461
0.032972 -0.00555 0.048438
0.02205 0.012705 0.002076
0.020555 -0.00107 -0.015574
-0.015875 0.00266 0.003476
-0.009998 0.004797 -0.014931
-0.022083 0.010395 -0.008474
-0.020255 -0.0258 0.013246
0.020765 0.00333 0.013426
-0.02246 0.004245 -0.012324
-0.02414 -0.00418 -0.003724
-0.01616 0.00531 -0.006524
0.02207 -0.000545 -0.013924
-0.016483 0.001185 -0.009699
-0.020225 0.007495 -0.013574
-0.017325 0.006085 -0.010849
-0.019752 0.002045 -0.015574
-0.03899 -0.0101 0.060361
-0.021568 -0.00328 0.012626
-0.020235 -0.006155 0.012626
-0.022613 -0.01063 -0.005824
-0.02031 -0.00863 0.011126
-0.02399 -0.00263 0.004876
0.025095 -0.025075 0.076471
-0.034768 -0.021225 0.080441
0.03029 -0.0186 0.066566
0.02001 0.01178 -0.009874
-0.021708 0.010845 0.007476
-0.020963 -0.010355 0.009201
0.01906 -0.00762 0.011576
0.02 -0.00147 0.013976
0.01685 0.02205 0.048431
-0.019228 -0.004957 0.012976
0.019338 -0.011515 -0.009699
-0.018995 -0.002535 0.013426
0.031247 0.01055 0.020478
0.027822 -0.017 0.081589
0.018925 -0.008665 -0.012324
0.023743 0.00513 -0.007174
-0.020317 -0.00613 -0.014274
-0.02 -0.000952 -0.015694
0.018177 -0.00131 -0.014274
0.02151 0.01213 0.006176
0.020475 0.008505 -0.012774
0.018925 -0.008665 0.010676
-0.022072 -0.01293 -0.001549
-0.0215 2e-05 -0.014849
-0.019752 0.002045 0.013926
-0.034667 0.016875 0.065816
-0.017335 -0.006065 0.009201
0.02126 -0.00822 0.010676
-0.021352 0.022 0.028119
0.033308 0.002725 0.017398
0.019085 0.004635 0.012976
0.033463 -0.006825 0.041786
-0.021258 0.013895 -0.002999
0.018093 -0.007463 0.010226
-0.021138 0.012745 0.005526
0.018665 0.00444 -0.014274
0.01873 -0.013813 -0.003724
-0.01655 -0.002165 -0.009699
-0.02228 0.00312 0.011576
-0.019752 -0.00343 0.013651
-0.02201 -0.003305 0.011926
-0.018392 0.006785 -0.012774
0.020987 -0.008145 0.011126
-0.018093 0.007538 0.010226
0.017788 -0.00131 0.011926
0.018045 0.007965 0.009776
-0.02001 -0.013345 -0.007419
0.016755 0.005715 -0.009124
0.033505 -0.00995 0.016828
-0.023052 -0.00843 -0.007174
0.019445 0.00463 0.013201
-0.019685 0.00552 -0.014624
0.01621 -0.0291 0.021978
0.019993 -0.006615 0.012541
0.017383 0.00444 -0.011874
-0.021182 0.013295 0.004176
0.01586 -0.00421 -0.003724
0.020315 0.00183 -0.015574
-0.018195 -0.008915 -0.010849
0.020082 0.00138 -0.015624
0.022675 0.006055 -0.010849
-0.03886 -0.0032 0.081116
0.033685 -0.01005 0.023066
-0.019917 0.00287 -0.015524
0.015928 -0.00421 -0.004424
-0.024125 0.00267 -0.005124
-0.018353 -0.013315 0.002776
-0.021838 0.003095 -0.013924
0.018735 0.013937 -0.002274
0.031053 -0.018325 0.016186
-0.020532 -0.002155 0.013876
-0.022342 -0.009455 -0.009124
0.019917 0.00493 0.013201
-0.01999 0.01062 -0.011424
0.03301 -0.013 0.016166
-0.02291 -0.00398 0.009776
-0.02167 0.01352 -0.003724
-0.017247 0.003785 0.010226
0.01999 -0.009845 0.010381
-0.01744 -0.00574 -0.011424
-0.020532 0.002195 -0.015524
-0.021123 0.009195 0.010226
0.020007 0.010975 0.001121
0.027243 0.012675 0.081624
-0.020707 -0.007755 -0.013224
0.02001 0.01378 -0.006524
0.020547 -0.003845 0.013426
-0.020002 -0.0038 0.009669
0.020315 0.00183 0.013926
0.018335 -0.002835 0.012626
-0.021242 0.01017 0.009201
-0.02147 -0.00488 -0.013924
-0.023008 0.024075 0.056646
0.01873 -0.005362 -0.013924
-0.02085 -0.01418 -0.002274
0.022832 -0.009495 -0.007174
-0.006805 -0.0313 0.081046
0.022108 -0.00287 -0.013574
-0.02001 -0.010005 0.010226
0.02474 -0.0251 0.080036
-0.01917 -0.014185 0.000626
-0.02134 -0.00668 0.011576
-0.02001 -0.01343 -0.007174
0.018355 -0.01316 -0.005124
-0.02081 -0.00108 -0.015524
-0.01874 0.000565 0.013426
-0.017575 0.01211 -0.002274
0.02508 0.016475 0.017164
-0.026542 0.023025 0.080826
0.01601 0.00264 -0.006524
-0.02311 0.01042 -0.003724
0.02299 -0.0246 0.014771
-0.015943 -0.00264 -0.005824
0.03347 -0.005625 0.016323
-0.023308 -0.009105 -0.004424
-0.01999 0.00947 -0.012324
-0.02282 0.0218 0.028136
-0.02 0.00293 -0.015434
0.01999 -0.014127 0.003969
0.016888 0.00099 0.009776
-0.01999 0.00947 0.010676
0.018605 0.001838 0.013201
0.016033 -0.00406 -0.005824
0.017953 0.000765 0.012276
0.005267 0.023275 0.045126
-0.02256 0.00572 -0.011424
0.018037 0.01219 -0.005824
0.0079 -0.032375 0.080026
-0.017213 -0.01134 -9.9e-05
0.023248 0.00333 -0.010274
-0.00999 0.01501 0.019176
-0.024283 -0.002805 -9.9e-05
0.02 -0.00572 0.012976
-0.01716 -0.00519 0.009201
0.01001 0.014477 -0.004704
0.01826 0.00579 0.011576
0.033923 -0.002275 0.020733
0.019602 -0.002545 -0.015524
0.018025 0.00659 0.010676
-0.0197 -0.00098 -0.015624
-0.01641 0.00801 -0.003724
0.020002 0.001855 0.002424
-0.01846 0.006262 0.011576
0.02345 -0.00237 0.008051
-0.015627 0.001435 -0.001549
0.032853 -0.011325 0.015839
-0.01826 0.004685 0.011926
0.020408 0.01353 -0.006524
-0.038038 0.001075 0.038076
0.00105 0.0224 0.027896
-0.01655 -0.00469 -0.009124
0.019612 0.013532 0.004876
-0.020005 -0.005675 0.012916
0.01853 -0.00491 -0.013924
-0.02294 0.00102 0.010226
0.02133 0.00808 0.010676
0.016055 -0.00546 -0.005124
-0.033815 -0.011825 0.013609
-0.016618 0.003535 -0.009699
0.032675 0.00515 0.016306
0.03401 -0.0056 0.020741
-0.03404 0.015 0.081446
0.022303 0.00398 0.011126
0.01631 -0.00236 0.006826
-0.020628 -0.00653 0.012276
-0.01799 -0.00444 -0.013224
-0.018995 0.001368 -0.015299
0.022145 -0.003795 -0.013224
-0.027612 0.015975 0.013446
-0.023892 0.005395 -0.005824
0.016685 -0.00201 0.008626
-0.017927 0.01296 -0.001549
-0.038575 -0.000175 0.080966
-0.018207 0.001835 -0.014274
0.01895 0.003488 0.013201
0.02001 0.008258 0.011571
-0.018613 -0.031775 0.080008
0.03095 -0.013 0.073951
0.01915 -0.014215 -0.002274
0.02168 -0.000545 -0.014624
1e-05 0.010605 0.009786
-0.0285 0.0147 0.013251
-0.0271 0.0178 0.014036
-0.016355 -0.00499 -0.007824
0.0306 -0.00665 0.080246
-0.018175 0.00951 -0.010274
0.018965 0.000783 0.013651
-0.00999 0.014881 0.000149
-0.038125 -0.009925 0.044554
-0.01776 -0.01124 -0.006524
0.02105 0.000505 -0.015299
-0.019072 0.006142 -0.013924
0.019093 0.00381 0.013201
0.0217 -0.00862 -0.011424
0.016625 -0.00926 -0.002999
-0.036803 -0.018075 0.056368
0.009482 -0.0321 0.049249
-0.010005 -0.00749 -0.000824
-0.03056 -0.018925 0.013006
2e-06 0.004789 0.013291
0.021492 -0.002595 -0.014624
0.01618 -0.00681 0.002076
0.02249 -2e-05 -0.013224
0.015733 -0.001335 0.002776
0.02359 0.00798 -0.003724
-0.020388 0.01252 -0.008474
-0.017675 0.020625 0.014501
0.031323 0.0066 0.015546
-0.018605 -0.00304 -0.014624
-0.037585 -0.00295 0.081636
-0.015778 -0.004265 -0.000824
-0.019777 -0.008105 -0.013224
0.020388 -0.01287 -0.007824
0.017698 -0.00401 0.011126
0.033803 -0.00505 0.034914
0.028347 0.013425 0.016081
0.01574 -0.00281 0.000626
0.027852 -0.0219 0.069621
1e-05 0.013364 0.005774
-0.02227 0.009045 -0.009699
0.028635 0.007325 0.081749
-0.01828 -0.00719 0.010676
0.016185 0.00679 0.002076
0.009622 -0.0317 0.042519
0.021963 -0.00972 -0.009699
-0.01895 -0.005085 -0.014274
0.019602 0.002505 -0.015524
-0.017563 0.000785 0.011576
0.01526 -0.0295 0.081116
0.015747 -0.002835 -0.002999
0.015545 -1e-05 -9.9e-05
0.019842 -0.00352 0.013651
-0.020825 0.000845 -0.015524
0.02031 0.010355 -0.011424
-0.020082 0.00357 0.013651
-0.017412 -0.02585 0.012981
-0.03677 -0.002775 0.016418
0.023077 0.010205 -0.004424
-0.02 2e-05 -0.012074
0.016175 -1e-05 -0.008474
-0.02162 -0.001555 0.012976
0.021465 0.011805 0.006826
-0.020907 -0.003805 -0.014849
-0.02172 -0.01378 -0.000824
-0.019565 2e-05 0.013976
0.018535 0.0218 0.074359
-0.017757 0.00641 -0.011874
0.02426 -0.00282 -0.002274
-0.0191 -0.002985 -0.015074
-0.01876 -0.029325 0.027426
0.021192 -0.004795 -0.014274
-0.01741 0.010485 0.004876
0.016893 0.006965 0.006826
-0.023852 0.006895 0.000626
-0.01759 0.00971 0.006826
-0.01831 0.01351 -0.003724
1e-05 0.012394 -0.009099
-0.01999 0.01472 -0.003724
-0.02174 -0.00578 0.011576
0.029225 0.00955 0.080626
-0.017198 -0.01139 -0.000824
-0.02332 0.020125 0.015901
0.015882 0.005665 -0.001549
0.031457 -0.018625 0.025531
0.000102 -0.032975 0.061216
0.02402 -0.004145 0.003476
0.01727 -0.00156 0.010676
-0.018432 -0.00329 -0.014274
0.023855 0.001305 -0.007824
0.01797 -0.0305 0.053446
0.004887 0.021375 0.022213
0.022053 -0.01297 -9.9e-05
0.016205 -0.00236 0.006176
0.021057 0.004305 0.012976
-0.02 -0.00428 0.013426
0.03066 -0.0187 0.055006
0.023518 -0.00102 -0.009699
0.020845 -0.01437 -0.000824
-0.01999 0.01487 -9.9e-05
0.02341 -0.00612 0.006176
-0.02165 -0.00103 0.012976
-0.016955 0.004185 0.009201
-0.036355 -0.00965 0.022096
-0.019138 0.007045 -0.013574
0.017552 -0.012135 -9.9e-05
-0.020772 -0.004955 0.012976
-0.003258 0.020975 0.015856
0.020157 0.00558 -0.014624
-0.021603 0.010495 0.008051
0.019685 -0.00482 0.013201
0.02 0.00358 0.013651
-0.019685 0.00412 0.013426
-0.020082 -0.00283 -0.015524
0.019995 -0.00532 -0.006124
-0.027368 -0.024075 0.014578
-0.023757 -0.001155 0.006826
-0.023315 -0.004505 -0.009699
0.01001 0.014103 0.003969
0.0125 0.02245 0.082153
-0.023998 0.005545 0.002776
0.02393 -2e-05 0.006176
-0.019758 0.00987 -0.011874
0.032953 0.00305 0.044881
-0.0188 -0.00399 0.012976
-0.020805 -0.01328 -0.006524
0.01682 -0.00201 0.009201
0.015822 -0.004235 0.000626
-0.03574 -0.01935 0.080703
0.022645 -0.010845 0.003476
0.02182 0.019775 0.048206
0.0215 -2e-05 -0.014849
0.02265 0.00878 0.007476
-0.022618 0.00447 -0.011874
0.02041 -0.014195 -0.004424
0.019638 -0.011742 0.008051
0.018933 -0.011737 0.007476
0.02241 0.00968 0.006826
0.019313 0.007755 -0.013224
-0.036718 0.01225 0.076814
0.019677 0.00408 0.013426
-0.01761 -0.01194 0.002076
-0.016483 -0.003515 0.007476
0.02339 -0.00937 -9.9e-05
0.021205 -0.013245 -0.005824
0.018595 -0.005812 -0.013574
0.018993 -0.008143 0.011126
-0.020005 -0.00685 0.002023
-0.023125 0.0223 0.034636
0.023045 0.00198 -0.011424
0.016688 0.00594 0.006826
-0.039825 -0.003 0.067146
0.017642 -0.011785 -0.004424
-0.004185 0.02565 0.074256
0.02033 0.00268 -0.015524
0.023485 0.00783 -0.005124
-0.023293 0.009145 0.002776
-0.019768 -0.001155 0.013976
0.01985 0.00048 -0.015674
-0.025933 -0.024425 0.013326
0.033142 -0.00645 0.015946
0.013067 -0.027325 0.014123
-0.01924 0.01229 0.006826
0.016602 -0.009285 0.000626
0.023025 0.01003 -0.005124
-0.0206 0.00202 0.013876
-0.022805 -0.00298 -0.011874
0.023113 0.00098 0.009776
0.020305 -0.0281 0.079866
-0.018403 0.008185 -0.011874
-0.019997 0.00267 0.001829
-0.022905 0.006595 0.008051
-0.020663 -0.01148 -0.009699
0.018793 -0.00769 -0.012774
0.0317 0.0057 0.067566
0.0212 -0.00402 0.012976
-0.019838 0.00692 -0.013924
-0.019612 -0.013532 0.004876
0.019528 -0.00542 0.012976
0.01843 -0.010035 -0.010274
0.02 -0.00147 -0.015624
-0.02001 -0.012375 0.007454
0.019292 -0.007795 0.011576
-0.02159 -0.00208 0.012976
0.020202 0.000255 0.014026
0.019765 -0.006195 0.012626
-0.039985 -0.00435 0.074546
-0.02336 0.02265 0.081969
-0.03686 -0.0161 0.040956
-0.039423 -0.00325 0.051441
0.017995 -0.012385 0.003476
0.031585 -0.015725 0.051811
-0.01622 -0.00264 0.006176
0.033575 -0.0023 0.016551
0.019195 -0.013315 -0.006524
-0.018567 0.003985 -0.014274
0.020007 0.005605 -0.010567
0.005257 -0.032925 0.080013
-0.018417 0.0224 0.028083
0.013235 -0.0283 0.014616
-0.020315 -0.00548 -0.014624
-0.018555 -0.011815 -0.008474
0.01957 -0.014418 0.002076
-0.03473 0.0088 0.015706
-0.02063 0.00532 -0.014624
0.024095 -0.00567 0.000626
-0.0218 0.003295 0.012276
0.02169 0.01348 -0.003724
-0.01941 -0.010585 0.009201
-0.018095 1e-05 -0.014274
0.018215 -0.007063 0.010676
0.021425 -0.001345 -0.014849
-0.02047 -0.02635 0.013566
-0.01943 0.0255 0.066486
0.017475 0.01014 -0.007174
0.02318 -0.002195 0.009201
0.02144 -0.00107 0.013201
-0.01877 0.00109 0.013426
-0.016893 -0.006965 0.006826
-0.021465 -0.011805 -0.008474
0.01541 0.019975 0.016501
0.024275 0.00283 -0.002274
0.025233 0.0171 0.031636
-0.021182 0.01307 0.004876
0.024125 -0.00267 -0.005124
-0.035985 -0.01995 0.059211
-0.017965 0.01016 -0.009124
-0.019798 0.000295 0.014026
-0.015928 0.00421 -0.004424
-0.023818 -0.003805 0.005526
-0.012473 -0.03245 0.075946
0.017387 -0.01066 -0.005824
-0.018852 0.00184 0.013426
-0.02193 -0.00978 -0.009699
0.019215 0.012585 -0.007824
0.020855 0.00203 -0.015299
0.02876 -0.0202 0.015216
-0.020908 -0.001805 -0.015299
-0.018163 0.00421 -0.013574
0.01664 0.00924 0.001351
0.01999 -0.01242 -0.009124
-0.020473 0.00542 -0.014624
-0.02094 -0.00758 0.011576
-0.034985 -0.01925 0.040476
0.02861 0.0133 0.074046
-0.019842 -0.00558 -0.014624
0.02 -2e-05 0.010426
-0.02081 0.00112 -0.015524
0.019772 0.006805 -0.013924
-0.020802 -0.002255 -0.015299
0.016483 -0.003535 -0.009124
-0.016243 -0.001165 -0.008474
-0.03593 -0.016 0.027796
0.019085 -0.004665 0.012976
0.02001 0.00748 -0.013814
-0.02041 0.01442 -0.003724
-0.018378 0.01051 -0.009699
-0.019612 -0.013757 0.004176
0.019995 -0.00474 -0.010939
-0.02041 0.014195 -0.004424
-0.01858 0.01151 -0.009124
0.024275 -0.00287 0.000626
-0.024095 -0.00278 -0.005124
-0.036543 0.0013 0.019368
-0.015612 -0.001415 -0.000824
-0.016317 -0.00249 0.006826
0.02009 0.02035 0.041766
0.01999 -0.01487 -9.9e-05
0.019445 -0.00107 -0.015574
-0.023248 0.003195 -0.010274
0.00465 0.02455 0.081619
0.01999 -0.0145 -0.004704
-0.035388 -0.002125 0.014573
-0.01722 -0.011265 -0.002274
0.022648 0.002755 -0.012324
-0.022237 -0.009105 -0.009699
-0.02501 0.0244 0.066446
0.019175 -0.000845 -0.015524
0.0064 -0.033025 0.055276
-0.02384 0.00532 0.004876
-0.02426 0.00282 -0.002274
-0.021445 0.009145 -0.011424
-0.020847 0.002045 -0.015299
0.021265 -0.01402 -9.9e-05
0.02029 -0.00867 -0.012774
0.017955 0.012765 -0.002999
0.01999 -0.01347 -0.007174
-0.017563 0.020125 0.013851
0.01001 0.014862 0.000149
-0.02001 -0.01297 0.006676
0.018535 -0.011835 -0.008474
-0.018025 -0.00664 -0.012324
-0.020243 -0.009255 -0.012324
-0.024117 0.005695 -0.001549
0.021348 -0.01107 0.008051
-0.023622 0.023 0.044193
0.016963 0.00844 0.005526
0.03033 -0.001975 0.080726
0.020392 0.006055 0.012626
0.013207 0.0234 0.071078
-0.019997 0.003835 -0.011312
0.019173 -0.01394 -0.004424
-0.018025 -0.00664 0.010676
0.019995 -0.004545 -0.006722
0.024072 0.00418 -0.004424
-0.023765 0.024075 0.080973
0.018933 -0.011287 0.008051
0.019445 -0.00107 0.013926
-0.018843 0.012387 0.006176
-0.037925 -0.0076 0.081921
-0.020353 -0.000755 0.013976
-0.022448 -0.012105 -9.9e-05
0.020222 -0.008145 0.011576
0.012633 0.0227 0.081866
0.01779 0.00739 0.009776
0.033858 -0.008525 0.025616
0.021955 -0.00807 0.009776
-0.021293 -0.014055 -0.000824
0.01926 0.01296 0.005526
-0.01 1e-05 0.039176
-0.020222 0.009295 0.010676
-0.022215 -0.010905 0.005526
0.022852 0.009455 0.005526
-0.01743 0.00576 -0.011424
0.02048 -0.00402 -0.015074
0.020408 0.014205 -0.004424
0.020785 0.00643 -0.013924
0.0188 0.001585 -0.015074
0.02345 -2e-05 0.008626
-0.033105 0.01105 0.014344
-0.000383 -0.033075 0.072039
0.022543 -0.001795 0.011126
0.017735 -0.000535 0.011926
-0.0188 -0.001585 0.013426
0.031753 -0.005925 0.067171
-0.023983 -0.003955 0.004176
-0.00928 -0.0276 0.013503
-0.020785 -0.00643 0.012276
-0.016337 0.006485 0.004176
0.01568 -0.00141 0.002076
-0.022852 -0.009455 -0.007174
-0.037655 -0.0102 0.081839
0.019348 -0.001795 -0.015524
0.017763 -0.009135 -0.009699
-0.02627 0.02275 0.081114
-0.02244 -0.01213 -0.001549
0.020222 -0.009295 0.010676
-0.025385 0.0178 0.013641
-0.019765 0.006195 0.012626
-0.021465 -0.009105 -0.011424
-0.016728 -0.00734 0.005526
0.031018 0.010375 0.017131
-0.019995 0.004545 0.005076
-0.02041 0.01397 -0.005124
-0.022505 0.002345 -0.012774
-0.038642 -0.002625 0.038399
0.031603 -0.004275 0.070506
-0.019618 0.001695 -0.015574
0.02261 -0.000795 -0.012774
-0.031718 -0.0196 0.014176
0.01725 0.011165 0.002076
0.02001 0.01297 -0.008324
-0.01642 -0.00799 0.002076
0.018027 -0.003535 -0.013574
0.023205 -0.02655 0.072738
0.028833 -0.0216 0.051296
-0.017383 0.00446 0.010226
-0.022648 -0.002755 -0.012324
-0.02 0.00572 -0.014624
0.019425 -0.0295 0.065273
0.032235 -0.001775 0.061194
-0.018135 -0.01169 -0.007174
-0.02 0.00432 -0.015074
-0.01577 0.00281 -0.003724
0.017235 0.00924 0.006176
0.021875 0.005105 -0.013224
-0.02206 0.008345 -0.010849
0.02685 -0.0225 0.014991
0.016483 0.001165 0.008051
-0.019135 0.014365 -0.000824
0.018707 -0.014038 -9.9e-05
-0.025145 0.0172 0.013266
-0.003455 0.023625 0.041756
0.017845 -0.00576 0.010676
0.01799 -0.003335 0.011926
0.02273 -0.00747 -0.009699
-0.01867 0.008115 0.010676
-0.02001 -0.01238 0.007476
-0.0212 0.00282 0.013201
0.020785 -0.013545 0.004176
-0.023397 -0.009255 0.000626
-0.019618 0.001695 0.013926
0.001307 0.02495 0.058126
0.01853 0.00489 -0.013924
0.02552 -0.02345 0.080411
-0.020785 0.01297 -0.007174
0.009925 -0.030875 0.030061
-0.02123 -0.00103 -0.015074
0.033712 -0.008425 0.016946
0.023663 0.006455 0.004176
-0.021008 -0.008105 0.011126
0.011757 0.019975 0.015473
-0.021652 -0.008005 0.010226
0.01971 0.010807 0.009201
0.0227 -0.00762 0.008051
0.020755 -0.008895 0.010676
-0.01612 0.00691 -0.001549
0.020942 -0.010845 0.008626
-0.020855 -0.000255 0.013876
-0.018657 -0.002062 -0.014849
-0.037588 -0.001425 0.025396
0.02345 -2e-05 -0.010274
0.01074 -0.032225 0.075783
-0.019565 2e-05 -0.015624
0.021875 -0.00402 -0.013574
-0.033502 0.0164 0.047178
-0.02255 0.02435 0.081001
-0.021093 0.01242 0.006176
0.02142 0.01148 -0.009124
-0.034047 -0.020825 0.040236
0.02105 -0.00057 -0.015299
1e-05 0.015 0.029176
-0.018372 -0.003015 0.012626
-0.02314 0.005395 -0.009699
0.020608 0.000805 0.013926
0.018507 0.002565 0.012976
0.021825 0.00948 -0.010274
-0.01001 -0.01499 -0.000824
-0.01915 0.014115 0.002076
-0.023645 0.00502 -0.007824
-0.02847 0.0194 0.028356
0.018817 0.012688 -0.007174
0.023815 -0.00682 0.002076
-0.01001 -0.014606 0.002093
0.017097 0.00799 0.006826
-0.016107 0.005385 -0.005824
0.01794 0.008315 -0.010849
-0.022218 0.009145 0.008051
0.010348 -0.03105 0.080761
-0.019047 0.001593 0.013651
0.03349 -0.01165 0.028061
0.030207 0.01285 0.038206
-0.023755 0.020675 0.022031
0.019997 -0.00377 -0.000824
-0.021975 -0.012355 -0.005124
0.013055 -0.0302 0.027166
0.023983 -0.003995 -0.005824
0.01641 -0.00801 -0.003724
-0.0217 0.00857 0.009776
-0.02059 0.01107 0.008626
-0.017582 0.012035 -0.002999
-0.016922 0.010235 0.002776
-0.038975 -0.00165 0.047946
-0.01779 -0.00749 0.009776
0.004602 0.020075 0.014543
0.031923 0.003275 0.064371
-0.019195 0.013315 0.004876
-0.020855 0.000295 -0.015524
-0.009995 0.005701 -0.014559
0.02085 0.00553 -0.014274
0.02228 -0.00312 -0.013224
0.029235 0.007475 0.081188
-0.01737 -0.00879 0.007476
-0.021192 0.007695 0.011126
-0.033867 0.0099 0.014798
1e-05 0.015 0.019176
0.02159 0.00208 -0.014624
0.010138 -0.02805 0.014156
0.020847 0.002005 0.013651
-0.020165 -0.00418 -0.015074
0.0 -0.001943 -0.015564
-0.022753 0.003795 0.010226
-0.027772 0.020925 0.041219
-0.018537 -0.005662 -0.013574
-0.018933 0.011287 0.008051
-0.02 2e-05 -0.004574
0.017048 0.009865 -0.005824
0.021988 -0.001845 -0.013924
-0.021228 0.01342 -0.005124
0.020785 -0.01377 0.003476
-0.003883 -0.028775 0.014449
0.020855 -0.000295 0.013876
0.019777 0.00868 0.011126
0.021685 0.0202 0.070834
-0.022108 -0.00283 0.011926
0.023382 -0.00337 -0.009699
0.023008 -2e-05 -0.011874
-0.021845 0.02035 0.014956
0.0206 -0.00202 -0.015524
-0.019057 -0.010813 0.008626
0.021785 0.00708 0.010676
-0.02372 2e-05 -0.009124
-0.01682 1e-05 -0.011424
0.0318 0.00075 0.067386
0.020565 0.01895 0.082341
-0.017873 -0.004865 0.011126
-0.01001 -0.014477 -0.004704
0.023945 -0.00547 -0.005124
0.019477 0.008457 -0.012774
0.021057 -0.004345 -0.014624
0.033667 -0.009975 0.017706
0.016355 0.00499 -0.007824
-0.019215 -0.012585 -0.007824
0.020032 0.020125 0.038291
0.033675 -0.00565 0.034931
0.02001 0.01273 -0.008474
0.024208 -0.004295 -9.9e-05
0.019993 -0.01114 -0.001794
-0.022243 0.000795 0.011926
-0.03692 0.009 0.040946
-0.03437 0.00865 0.014326
0.02085 0.01408 0.002076
-0.021785 -0.00703 0.010676
0.020002 0.003602 -0.001794
0.02167 -0.01352 -0.003724
-0.019768 -0.001155 -0.015624
-0.021885 -0.01168 0.005526
-0.016618 0.001185 -0.010274
-0.03 -0.02055 0.013144
-0.020005 -0.005285 0.004481
-0.022888 -0.001755 0.010226
-0.017565 -0.010015 0.006176
0.019155 0.014335 -0.000824
-0.038653 0.0062 0.066191
0.022035 0.01013 0.007476
0.01919 -0.00112 -0.015524
-0.02074 0.012295 -0.008474
0.023315 -0.004545 -0.009699
0.01909 -0.009938 -0.011424
-0.01715 0.007785 -0.009124
0.023513 0.00623 -0.007174
0.02263 -0.00882 0.007476
0.019357 0.010585 -0.010849
0.017575 -0.00441 -0.012324
-0.019313 -0.007755 0.011576
-0.019455 -0.005955 -0.014274
-0.023117 -0.006955 -0.008474
0.01941 0.011035 0.008626
0.016745 -0.00896 -0.005124
0.022955 -0.000795 -0.011874
-0.016453 -0.00484 -0.008474
0.03209 -0.0069 0.067216
-0.03493 0.01165 0.031288
-0.0215 2e-05 0.013201
0.0188 0.00399 -0.014624
0.023998 -0.005545 -0.004424
0.019318 -0.002692 0.013651
0.021005 0.00668 -0.013574
0.019618 -0.001695 -0.015574
0.022315 -0.007845 0.009201
-0.017428 0.019075 0.013364
0.021228 -0.013645 0.002776
0.02001 0.01238 -0.009124
0.020082 0.00283 0.013876
-0.023315 0.00202 -0.010274
0.022068 -0.01302 -0.000824
-0.020598 -0.0312 0.061848
0.02031 0.00978 0.010226
0.031865 -0.00625 0.067186
-0.019638 0.011293 0.008626
0.020007 0.00763 -0.013574
-0.017715 -0.01159 0.003476
-0.022333 -0.002305 -0.013224
0.02133 -0.027625 0.024876
0.02995 0.00055 0.081046
-0.024087 -0.004105 0.002776
0.024372 -0.001445 -9.9e-05
-0.036678 0.00895 0.037713
-0.01741 0.010485 -0.006524
0.018657 0.002062 -0.014849
0.026715 -0.0223 0.014809
0.018738 -0.007567 0.011126
-0.02569 0.0229 0.053349
0.029578 -0.020175 0.057711
-0.023008 2e-05 0.010226
-0.02464 -0.027775 0.033736
0.018115 -0.01171 0.005526
0.00999 -0.014492 -0.004704
0.020007 0.008532 -0.007999
-0.020715 -0.01103 0.008626
0.019212 -0.027125 0.014734
0.023445 -0.02535 0.015996
0.018158 0.01179 0.005526
0.01001 0.011789 0.008231
-0.01479 -0.0273 0.013336
-0.030188 -0.027225 0.064761
-0.019993 0.00642 -0.009969
0.023077 0.010205 0.002776
0.018137 -0.00621 -0.012774
-0.021697 -0.013555 -0.002999
0.02174 0.00578 -0.013224
-0.021138 0.012395 -0.007824
-0.01664 -0.0309 0.036571
0.01816 -0.011385 0.006176
-0.01818 -0.011365 -0.007824
0.0328 -0.0116 0.045046
-0.02429 0.00287 -9.9e-05
-0.024072 0.005645 0.001351
0.024072 -0.005645 -0.002999
0.022698 -0.009045 -0.008474
-0.01958 0.000295 0.013976
0.015943 -0.00266 0.004176
-0.022155 -0.00573 0.010676
0.0191 0.002985 0.013426
0.01001 0.01499 -0.000824
0.01013 -0.029725 0.019016
0.01926 0.01226 -0.008474
0.02162 0.001555 -0.014624
0.01851 0.01214 -0.007824
0.01831 -0.01351 -0.003724
0.023665 0.00813 -0.000824
-0.03118 -0.025575 0.055826
0.031485 -0.01435 0.063946
0.031372 -0.015325 0.015339
0.0158 0.001315 -0.005124
-0.024995 0.0241 0.073696
-0.02031 -0.010355 0.009776
-0.022295 2e-05 -0.013574
0.0 -0.002914 0.013794
0.00989 -0.0311 0.033073
0.01619 -0.003985 -0.007174
0.017563 -0.000785 -0.013224
0.018397 0.006765 0.011126
0.009195 0.0235 0.054921
-0.027885 -0.02255 0.013216
0.022333 0.002305 0.011576
-0.039137 0.0008 0.066601
0.024035 -2e-05 0.005526
0.02054 -0.00302 0.013651
0.017303 0.009015 -0.008474
0.02172 0.01378 -0.000824
-0.023375 0.00932 0.000626
0.018862 0.012713 0.005526
-0.03053 -0.024675 0.080811
-0.038785 -0.0037 0.081493
0.02201 0.003305 0.011926
0.024087 0.004105 0.002776
-0.01835 -0.00104 -0.014624
-0.028725 -0.02335 0.015476
-0.02059 0.01062 0.009201
-0.022505 -0.00688 -0.010849
-0.01826 -0.004665 -0.013574
0.03378 -0.00615 0.017006
-0.021492 0.002595 0.012976
-0.020687 0.00837 0.011126
0.02319 0.01058 -0.000824
0.02855 -0.020075 0.015004
-0.020007 -0.006383 0.008323
0.016685 -0.004535 -0.009699
0.01776 0.01124 0.004876
0.026852 -0.0246 0.050926
0.00105 0.020325 0.014366
0.016115 -0.00266 -0.007174
0.02182 -0.011395 -0.007824
-0.01 -0.001934 -0.015564
-0.024095 -0.00563 0.000626
0.022185 0.00868 0.008626
0.020998 -0.002545 -0.015074
0.01637 -0.02855 0.016584
-0.02359 -0.00798 -0.003724
0.031342 -0.0086 0.073659
0.022227 -0.00642 0.010226
0.019285 -0.011065 0.008626
0.017338 -1e-05 0.011126
-0.0227 -0.00198 -0.012324
-0.02168 0.000545 0.012976
0.020243 0.008105 -0.013224
-0.02879 -0.0279 0.079546
0.02297 -0.008245 0.006176
0.01823 0.007037 -0.012324
0.018875 0.007132 0.011576
0.019602 0.00403 -0.015074
-0.020353 -0.000755 -0.015624
0.030645 0.0082 0.015476
0.020953 0.002755 -0.015074
0.02001 0.013345 -0.007419
0.0267 -0.0247 0.054266
-0.02201 0.00447 0.011576
0.017893 -0.00701 -0.011874
0.016615 0.022 0.081871
0.021112 0.01985 0.081291
0.031553 -0.0018 0.070596
0.018995 -0.001368 0.013651
-0.01999 0.008895 -0.012774
0.029498 -0.020925 0.019936
-0.018315 -0.01364 -0.002274
0.03016 0.0129 0.041536
-0.017273 -0.01099 -0.004424
-0.018707 0.014088 -0.000824
-0.019612 -0.013532 -0.006524
0.000707 -0.03245 0.049158
0.023113 0.003155 -0.010849
0.022218 -0.00917 0.008051
0.033983 -0.005575 0.023214
0.02278 0.00638 -0.010274
0.03369 -0.0065 0.034931
-0.026298 0.0235 0.063158
-0.016617 -0.00334 -0.009699
0.021185 -0.00557 -0.013924
0.017495 -0.00691 -0.010849
0.0296 -0.0074 0.081786
0.01893 0.01795 0.014971
-0.019638 0.012192 -0.009124
-0.019835 -0.00418 0.013426
-0.021692 0.013745 -0.001549
0.022438 0.000755 0.011576
0.03052 -0.01805 0.015381
-0.016602 0.009285 0.000626
-0.036058 -0.001725 0.014683
-0.019285 0.011065 0.008626
-0.02083 0.01417 0.001351
-0.017045 0.000785 0.010226
0.016395 -0.00806 -0.002999
-0.020457 0.00732 -0.013574
-0.01886 0.007167 -0.013224
0.02 -0.00502 -0.014849
-0.01874 0.00054 -0.015074
-0.02 -0.000705 -0.015674
-0.016687 0.007285 0.005526
-1e-05 -0.015 -0.000824
0.022875 0.00503 0.009201
0.021142 0.009155 0.010226
-0.018938 0.006593 0.011926
-0.034522 -0.0153 0.015213
0.018003 -0.005535 -0.012774
-0.021182 0.01307 -0.006524
0.017358 -0.01066 0.004176
-0.021977 0.01257 0.002776
0.02514 0.0175 0.048116
0.02081 0.00108 0.013876
-0.018355 0.01316 0.003476
0.032492 -0.014325 0.016076
0.02001 0.01343 0.005526
-0.021272 0.014095 -0.000824
0.021685 -0.01367 -0.002274
-0.019528 0.00542 -0.014624
0.021102 -0.003295 0.013201
0.00999 -0.014119 0.003969
0.02147 0.00488 0.012276
-0.01788 0.005985 -0.012324
-0.019917 0.00142 0.013976
-0.022068 0.01302 -0.000824
-0.02001 -0.01378 0.004876
0.02016 0.021025 0.070886
0.03193 0.008825 0.020568
0.03386 -0.005625 0.017416
1e-05 0.012394 0.007454
-0.02001 -0.01468 -0.003724
-0.02074 0.012995 0.005526
0.03093 -0.01865 0.048236
-0.02252 -0.02945 0.046461
-0.03311 -0.0224 0.039996
0.023248 -0.00337 0.008626
0.022397 -0.012045 0.001351
0.023537 0.007905 -0.004424
-0.023735 -0.02655 0.018511
-0.016288 -0.003815 0.006176
-0.019385 0.00367 -0.015074
0.020007 0.010097 -0.005544
-0.03972 -0.00335 0.057849
0.01613 -0.029375 0.024676
0.01999 -0.01062 0.009776
-0.03349 0.0142 0.028216
-7e-06 -0.006596 -0.014187
0.0194 -0.00202 0.013876
0.016685 -1e-05 0.009201
0.03141 -0.018675 0.031566
-0.02216 -0.002055 0.011926
0.01999 -0.01427 0.003476
0.02345 -0.00472 0.007476
-0.01985 -0.00048 0.014026
-0.022027 -0.008405 -0.010849
0.021825 0.008905 0.009201
-0.018815 0.005565 0.012276
-0.03265 -0.0222 0.033516
0.019845 0.00623 0.012626
0.03021 -0.0195 0.016454
0.033217 -0.011475 0.016284
0.02414 -0.00422 0.002076
0.03172 -0.0157 0.048426
-0.02384 0.00532 -0.006524
0.021678 -0.013595 0.001351
-0.017165 -0.007765 -0.009124
0.015747 0.00139 0.002776
0.009215 0.02295 0.048396
-0.019445 -0.00463 -0.014849
0.017758 0.000765 0.011926
0.010217 -0.028925 0.014916
0.031675 -0.0085 0.070401
0.016415 -0.00236 -0.009124
0.024365 -0.00142 -0.001549
-0.02604 -0.0247 0.013486
-0.019993 0.01088 -0.003734
0.022935 -0.006445 -0.009699
0.00677 -0.0323 0.042241
-0.03014 0.0196 0.081616
0.021645 0.01313 0.003476
-0.03716 0.008925 0.044111
0.016457 -0.006185 0.005526
-0.019145 -0.002032 0.013651
0.032845 -0.009825 0.015721
-0.036487 0.01055 0.044111
-0.00388 -0.0286 0.013981
-0.016355 -0.00499 0.006176
0.019752 -0.002045 -0.015574
0.0215 -2e-05 0.013201
0.03338 -0.0115 0.017161
-0.018925 0.008665 -0.012324
-0.005395 -0.0323 0.052456
0.02837 0.0112 0.080968
-0.020202 0.000295 -0.015674
0.031745 -0.017275 0.034899
-0.024372 0.001445 -9.9e-05
-0.02345 0.00237 0.008051
-0.018925 0.008665 0.010676
-0.021295 0.01062 0.008626
0.033792 -0.008425 0.017373
-0.016387 0.008035 0.001351
0.01559 -1e-05 -0.003724
0.01876 -0.0299 0.039766
0.019228 0.004957 -0.014624
-0.020622 0.00057 -0.015574
0.017045 0.000765 -0.011874
-0.01906 0.00762 -0.013224
0.02203 -0.012745 -0.003724
-0.0202 -0.02545 0.013091
0.031983 -0.005 0.064184
-0.02 2e-05 0.009176
0.01756 -0.01206 0.000626
-0.020363 -0.012505 -0.008474
0.017265 0.00484 -0.011424
-0.022978 -0.00298 -0.011424
0.021035 0.000805 0.013651
0.02528 0.01705 0.028306
0.02944 -0.01165 0.081349
0.019752 -0.002045 0.013926
0.01616 -0.00531 0.004876
-0.01777 0.00751 0.009776
0.02141 0.001555 -0.014849
0.019995 -0.00752 0.039176
-0.025243 -0.0285 0.046591
0.023315 -0.00237 0.008626
-0.0211 0.023525 0.081794
-0.022035 -0.01013 0.007476
-0.021215 -0.001305 -0.015074
0.02399 0.00263 0.004876
0.02405 0.00558 0.002076
0.021407 0.007205 -0.012774
0.017602 0.012015 0.001351
0.020953 -0.002795 0.013426
-0.017325 -0.010815 -0.005124
-0.019997 0.003835 0.009669
-0.020822 0.00942 0.010226
-0.0311 0.021 0.073186
0.03045 -0.0102 0.080611
-0.036252 0.010425 0.081011
1e-05 0.013737 0.004871
0.02 -0.0039 -0.015304
0.020758 -0.001345 0.013876
-0.01988 0.0234 0.082096
0.022595 0.00098 -0.012774
0.01952 0.00398 -0.015074
0.022385 -0.006645 -0.011424
0.03175 0.007675 0.055011
0.019842 0.00488 -0.014849
-0.020983 0.003695 -0.014849
0.018555 0.011815 0.006826
0.017873 0.00484 0.011126
0.021405 0.00578 -0.013574
-0.00999 0.013746 0.004871
0.019305 0.012635 0.006176
0.016917 -0.008385 0.005526
0.021952 0.01218 -0.005824
1e-05 0.014871 0.000149
0.030442 -0.02 0.031443
-0.02246 -0.004205 0.010676
-0.017735 0.000535 0.011926
-0.01624 0.0206 0.014026
1e-05 0.010605 -0.011424
0.023405 0.00933 -0.001549
0.031945 0.0089 0.023041
-0.018935 -0.000257 -0.015299
-0.02061 -0.01013 -0.011424
0.03012 0.012 0.016166
0.021075 0.00863 -0.012324
-0.015905 0.00281 -0.005124
0.019093 -0.005443 0.012626
0.005765 -0.033375 0.067983
-0.015815 0.00426 -0.002274
-0.016993 1e-05 -0.011874
0.02125 -0.01382 0.002076
0.020765 0.00413 -0.014849
0.020007 0.009722 -0.006449
0.018207 0.001815 0.012626
0.020687 -0.007795 0.011576
-0.019448 0.006645 -0.013924
0.019377 0.003658 -0.015074
-0.0158 0.001335 0.003476
0.021075 0.00863 0.010676
0.03392 -0.0051 0.031549
-0.01556 1e-05 0.000626
-0.023245 -0.00703 0.006176
-0.021295 0.01062 -0.010274
-0.020503 0.001295 -0.015574
-0.023255 -0.00893 -0.005124
-0.02 0.002195 -0.015574
0.019012 0.008108 0.011126
0.018125 -0.00401 0.011926
0.021102 0.003255 -0.014849
0.031205 0.0006 0.073986
-0.021185 0.00557 -0.013924
0.03408 -0.0069 0.017919
-0.030355 0.0165 0.022056
-0.024035 0.00407 -0.005124
0.021665 -0.025825 0.081184
-0.007505 0.01935 0.013646
0.020705 -0.00157 -0.015524
0.022675 -0.010845 -0.005124
0.01659 0.00609 0.006176
-0.02001 -0.014455 0.002776
-0.03684 0.00875 0.081046
-0.01999 0.01277 -0.008474
-0.020398 -0.002505 0.013876
0.01969 -0.009817 0.010226
-0.030108 -0.02265 0.018426
-0.032203 0.019825 0.065876
0.018852 0.00181 -0.015074
-0.027518 -0.024325 0.015511
-0.019638 0.012542 -0.008474
-0.014225 0.02555 0.066811
0.01911 0.009913 0.009776
-0.038402 -0.012925 0.081156
-0.01783 0.01061 0.006176
-0.021142 -0.009155 -0.011874
0.020343 -0.013245 0.005526
0.01969 -0.010843 -0.010849
-0.000753 -0.0323 0.080346
0.01628 0.003665 -0.007824
0.01859 0.0214 0.051611
0.00999 -0.012403 -0.009099
-0.01568 0.00141 0.002076
-0.03912 -0.00255 0.073961
0.018347 -0.008038 0.010226
0.021173 0.01825 0.016084
0.019768 0.001155 0.013976
-0.03308 0.01825 0.059756
-0.01967 0.00272 0.013876
0.02356 0.019125 0.051386
-0.021535 0.00627 -0.013224
0.019348 0.001755 0.013876
-0.021335 -0.00443 -0.014274
-0.01958 0.000295 -0.015624
0.02165 0.00103 0.012976
-0.024177 -0.004205 0.000626
0.02191 -0.00927 -0.010274
0.021853 -0.000795 0.012626
0.01908 0.00758 0.011576
-0.019195 0.013315 -0.006524
-0.017222 0.01126 -0.002999
-0.01853 0.000537 -0.014849
-0.027445 0.02135 0.081526
0.022525 -0.008495 0.008051
0.013108 0.02335 0.074499
-0.022783 0.000795 -0.012324
-0.020408 -0.01353 0.004876
0.025115 0.016675 0.020146
-0.02102 0.001095 0.013651
-0.021665 0.002845 -0.014274
0.02836 -0.021725 0.063294
-0.01604 0.001335 -0.007174
0.01939 -0.010165 -0.011424
-0.019612 -0.014208 0.002776
-0.019993 0.01114 0.000149
-0.02001 -0.014725 0.001121
0.01001 0.014734 -0.002764
0.01959 0.014383 -0.003724
0.03331 -0.0132 0.028026
0.02275 -0.011195 0.002076
0.020157 -0.00422 -0.015074
-0.025385 0.02035 0.025151
-0.02 -0.000952 -0.011944
0.018773 0.013388 -0.005124
-0.018702 0.003535 -0.014624
0.001065 0.021425 0.019323
0.017067 0.007915 -0.008474
-0.020388 0.01287 -0.007824
0.033135 -0.005625 0.015964
-0.033797 0.01135 0.018846
0.022153 0.0184 0.081956
-0.023518 -0.003505 0.007476
-0.021665 -0.002805 0.012626
-0.021955 0.012395 0.003476
0.03257 0.00065 0.055181
0.019593 -0.013567 0.004876
0.02838 0.009125 0.081531
-0.03132 -0.0257 0.058731
-0.017195 -0.00299 0.010226
-0.018652 -0.01104 0.008051
-0.019612 -0.012482 -0.008474
-0.018432 -0.004415 0.012276
0.028755 0.01365 0.017801
0.018665 -0.00446 -0.014274
0.021182 -0.013295 0.004176
-0.017065 -0.006415 -0.009699
-0.031488 0.0117 0.013426
-0.02155 0.010045 0.008626
0.03272 -0.00235 0.015624
0.019612 0.014208 0.002776
-0.01001 -0.012384 -0.009099
-0.03573 -0.0196 0.053136
0.0 -0.0 -0.000824
0.010005 0.00749 -0.000824
-0.020418 0.014495 -0.002999
-0.01 -0.000962 0.014048
-0.018225 -0.01104 -0.008474
0.00131 0.023875 0.045118
0.016387 -0.008035 0.001351
0.02041 -0.01452 0.000626
-0.019993 0.008567 -0.007999
0.016107 -0.005385 0.004176
0.022582 0.00463 -0.011874
0.01785 0.00574 -0.012324
-0.02498 0.0238 0.080946
-0.02718 0.0222 0.053331
0.03368 -0.005625 0.016556
0.033145 -0.006725 0.015911
0.029995 0.01295 0.048071
0.023293 -0.009145 0.002776
-0.020907 0.003845 0.013201
-0.03574 -0.00245 0.014616
-0.025262 0.022575 0.047279
-0.024035 2e-05 -0.007174
-0.019303 0.004343 0.013201
-0.019215 0.021 0.015896
-0.021225 -0.013205 0.004176
-0.018137 0.006235 -0.012774
-0.011973 0.0209 0.015108
0.017678 0.009465 -0.009124
0.00709 -0.0285 0.014006
0.03402 -0.0053 0.023206
-0.01999 0.01502 0.009176
0.020855 0.000255 -0.015524
-0.022663 2e-05 0.011126
0.018417 0.00814 0.010226
0.01955 -0.00152 -0.015574
0.033887 -0.0048 0.016979
-0.013167 0.024175 0.047861
0.02001 0.008855 -0.012774
0.019528 0.00538 0.012976
-0.020915 0.00467 -0.014624
0.01976 0.00343 -0.015299
0.0329 -0.0059 0.048456
0.01999 -0.01476 0.001121
-0.030632 -0.02295 0.024241
-0.022385 0.02125 0.022006
0.020005 0.006475 0.002926
-0.018163 -0.00419 0.011926
0.01959 0.014158 -0.004424
0.028952 0.009375 0.080938
0.032253 -0.00695 0.064261
-0.01772 0.00311 -0.013224
0.018545 0.000788 -0.014849
-0.020157 -0.00418 0.013426
-0.02227 -0.02915 0.039986
-0.02 0.00293 -0.011684
0.023998 -0.005545 0.002776
0.019835 0.00418 0.013426
-0.020157 -0.00558 0.012976
0.034055 -0.00505 0.028166
-0.019772 -0.006805 -0.013924
0.007055 -0.03055 0.021506
0.017855 -0.003785 -0.013224
0.02261 0.000755 0.011126
-0.020002 -0.002827 -0.007691
-0.025518 -0.02885 0.052966
0.016415 0.00234 -0.009124
0.021705 0.01363 0.000626
0.020542 -0.006645 0.012276
-0.01792 0.008385 0.009201
0.030165 -0.00445 0.080836
-0.023145 -0.0301 0.058931
-0.020847 0.007045 -0.013574
0.018738 -0.00614 0.011926
0.021113 0.01238 -0.007824
-0.01999 0.013755 0.004871
-0.02061 -0.01058 -0.010849
-0.018605 0.00306 0.012976
0.02336 0.00918 -0.003724
0.023433 0.007555 0.004176
0.017993 0.008415 0.009201
-0.022642 -0.01063 0.004176
-0.021567 -0.004405 -0.013924
-0.016975 0.01006 0.003476
-0.022388 -0.011755 0.002776
0.000835 0.0257 0.077978
-0.023605 -0.00803 -0.002999
0.019057 0.010813 0.008626
-0.019012 -0.00521 0.012626
-0.020555 0.00107 -0.015574
0.01835 0.00104 -0.014624
0.024065 -0.001345 0.004876
0.023382 0.009205 0.001351
-0.021348 0.01107 -0.009699
0.0 -0.001943 0.013921
-0.03514 0.0118 0.034461
0.021708 -0.010845 -0.009124
-0.02031 -0.009205 0.010676
0.03068 -0.006975 0.080246
-0.035545 0.0153 0.059696
0.01999 -0.01382 -0.006524
-0.019917 0.00142 -0.015624
0.01788 -0.005935 -0.012324
-0.016375 -0.00804 -0.002274
-0.01844 -0.03215 0.075956
-0.02292 -0.00968 0.004876
0.01955 0.00148 -0.015574
-0.01663 -0.00749 0.004876
0.02246 -0.004245 -0.012324
-0.01574 0.00281 0.000626
-0.035058 0.0063 0.015454
-0.017455 0.01016 0.005526
0.019145 0.01865 0.015526
-0.036595 -0.002775 0.015971
-0.02001 -0.01478 0.000626
0.02291 -0.00402 0.009776
0.018125 0.00399 -0.013574
0.02105 -0.00512 -0.014274
-0.018482 0.00961 -0.010849
0.03214 -0.006625 0.064246
-0.019005 -0.011263 0.008051
0.01915 -0.014115 0.002076
-0.02043 -0.01443 -0.002999
0.023898 -0.006945 -0.000824
-0.018177 -0.00129 0.012626
1e-05 0.013737 -0.006514
-0.03933 -0.0029 0.074084
-0.030895 -0.0231 0.027149
-0.01874 -0.000535 -0.015074
0.016055 0.00544 -0.005124
-0.016337 0.006585 -0.005824
0.019993 -0.009762 0.004801
0.033473 -0.0059 0.016376
0.02108 -2e-05 0.013651
0.012537 0.02095 0.025136
0.01955 0.00148 0.013926
0.031915 -0.005975 0.064216
-0.017228 -0.01129 0.000626
0.020995 -0.010845 -0.010274
-0.00999 0.013746 -0.006514
0.01776 0.01124 -0.006524
0.017612 -0.011785 0.002776
-0.02318 -0.00433 0.008626
-0.023315 0.004545 -0.009699
-5e-06 -0.005693 -0.014559
-0.019993 0.009165 -0.007224
-0.024253 -0.00138 -0.004424
0.021345 0.02015 0.077584
-0.01332 0.0244 0.050903
0.01 -0.001951 -0.015564
0.01021 -0.02945 0.016319
-0.01937 -0.00528 -0.014624
0.03018 -0.00735 0.081016
0.018335 -0.00396 -0.013924
0.020828 0.013455 0.004176
0.023865 0.00683 0.000626
0.03334 -0.0131 0.017966
0.020152 -0.00692 0.012276
-0.03882 -0.00745 0.081611
-0.024907 0.019825 0.018991
0.020408 0.01318 0.005526
0.02001 0.01372 0.004871
0.018167 -0.03035 0.050026
0.018907 0.012038 -0.008474
0.030717 0.00585 0.077316
0.01 0.000962 -0.015694
-0.021057 0.004345 0.012976
-0.018038 -0.00969 -0.009699
-0.017475 -0.008465 0.008051
-0.023945 0.00547 0.003476
0.02763 0.012775 0.015259
0.01708 -0.00971 0.004876
0.013383 -0.031675 0.075796
0.02372 -2e-05 0.007476
-0.035232 0.0063 0.015901
-0.017805 -0.010915 -0.007174
0.020652 0.001755 0.013876
-0.0191 -0.002985 0.013426
0.018702 -0.002337 -0.014849
0.02173 0.00718 -0.012324
0.018335 0.0217 0.081198
-0.02125 0.01382 0.002076
-0.016745 0.00896 -0.005124
-0.020007 -0.009127 0.005579
0.017283 -0.01101 -0.004424
0.019173 -0.01349 0.004176
-0.03123 0.0207 0.080466
-0.03772 0.0089 0.080516
0.01727 0.00154 -0.012324
-0.03452 -0.0192 0.033896
-0.025892 0.0231 0.056619
-0.023248 0.001195 0.009201
0.02256 -0.00577 -0.011424
0.02001 0.01297 0.006676
-0.0221 2e-05 0.012276
0.033257 -0.013075 0.017516
0.020758 0.001305 0.013876
-0.019085 -0.004635 0.012976
-0.019658 -0.013207 0.005526
-0.0186 -0.01149 -0.009124
-0.02001 -0.01423 0.003476
-0.03584 0.012 0.044101
-0.020322 0.00342 -0.015299
-0.02055 -0.005955 0.012626
0.022768 0.00098 -0.012324
0.020397 0.00473 -0.014849
-0.018567 -0.003965 0.012626
-0.03246 0.0179 0.050276
-0.02099 0.00672 0.011926
0.022753 -0.003795 -0.011874
-0.038845 -0.00265 0.041681
0.01 0.003878 0.013666
0.031978 -0.006575 0.067201
-0.022145 -0.003755 0.011576
-0.02 0.00293 0.010043
-0.007585 0.02085 0.015246
0.02444 -2e-05 -0.002274
0.032045 -0.0057 0.061186
-0.02087 2e-05 0.013876
0.01682 -0.00436 0.008626
-0.035845 -0.0033 0.014543
0.016347 -0.001185 -0.009124
-0.033125 -0.0205 0.027226
-0.019135 0.014315 -9.9e-05
0.023315 0.00233 -0.010274
-0.01833 -0.01349 -0.003724
-0.01853 -0.00489 -0.013924
0.021175 -0.027975 0.030856
0.018753 -0.013637 -0.004424
-0.03912 -0.0099 0.074246
0.01999 -0.00832 0.011576
0.021027 0.017925 0.015499
-0.023683 -0.030125 0.075908
0.019285 -0.011515 0.008051
0.033683 -0.0021 0.034896
0.019602 -0.00407 0.013426
-0.00361 0.024925 0.057806
-0.022437 0.003345 -0.012774
0.016197 -0.031075 0.076049
0.019993 -0.01088 -0.003734
-0.019305 -0.012635 0.006176
0.0212 -0.00282 0.013201
0.019593 -0.013217 0.005526
0.015965 -0.00406 0.003476
-0.023585 -0.00233 0.007476
-0.02318 -0.00433 -0.010274
-0.021975 -0.007955 0.009776
-0.020608 -0.000805 -0.015574
-0.023645 0.00502 0.006176
0.021425 0.001305 0.013201
0.015695 -0.00286 -0.000824
-0.022265 -0.000505 0.011926
-0.017417 0.00466 -0.011874
-0.02399 0.00267 0.004876
-0.020765 0.00417 0.013201
0.01999 -0.00947 -0.012324
0.010585 -0.0322 0.079671
-0.022835 0.007795 -0.009124
0.021977 -0.01257 0.002776
-0.01743 -0.010465 0.004876
0.02952 -0.021 0.022671
-0.020942 0.010395 -0.010849
-0.035168 -0.021825 0.062054
0.017967 -0.00536 0.011126
0.01999 -0.00947 0.010676
0.03104 -0.0058 0.073701
-0.028795 -0.02815 0.072131
-0.034705 0.0153 0.080911
0.027842 -0.0231 0.051111
0.02272 -0.0242 0.014406
-0.019157 0.00884 0.010676
-0.020547 -0.003805 -0.015074
-0.01601 -0.00264 0.004876
-0.020755 0.008895 0.010676
0.022618 0.00443 0.010226
0.00042 0.0243 0.082426
-0.01689 -0.00554 0.008051
-0.020608 -0.000805 0.013926
-0.021775 0.01107 -0.008474
-0.018202 -0.011465 0.006176
-0.017933 -0.01299 -0.000824
-0.020082 -0.00353 -0.015299
0.023147 0.00688 0.006826
-0.021102 0.0239 0.050439
-0.020007 -0.009127 -0.007224
0.01999 -0.010045 -0.011874
-0.035857 -0.019775 0.056173
0.020248 0.00273 0.013876
-0.017855 0.003785 -0.013224
0.019228 -0.004992 0.012976
-0.038895 0.0035 0.066396
-0.021095 0.00207 -0.015074
-0.02155 0.009495 -0.010849
-0.01625 0.001335 -0.008474
0.009055 -0.03255 0.058468
-0.035053 -0.021325 0.080219
-0.01 -0.001934 0.013921
-0.019752 -0.00273 -0.015524
0.024117 -0.005695 -0.001549
0.03014 -0.0066 0.080741
0.018555 0.009115 0.009776
0.019595 0.00333 0.013651
0.018163 0.007565 0.010226
-0.02083 0.013895 -0.004424
0.017955 0.012865 0.000626
0.01682 -0.00436 -0.010274
0.02001 0.014095 -0.005609
0.018025 -0.007985 0.009776
-0.018445 0.012485 0.005526
0.019768 0.001155 -0.015624
-0.024525 0.01925 0.014956
0.016355 0.00499 0.006176
0.033898 -0.007025 0.031578
-0.019047 -0.00276 0.013426
0.016337 -0.006585 -0.005824
-0.019995 0.006888 -0.003669
-0.016398 -0.008015 -0.002999
-0.019685 -0.00548 -0.014624
0.033175 0.00305 0.041483
-0.03393 0.00845 0.013726
-0.02149 0.01217 -0.007824
0.016372 -0.028375 0.016116
-0.037083 -0.01775 0.076983
0.02015 -0.00052 0.014026
0.016107 0.005365 0.004176
0.016748 0.02225 0.081583
-0.016033 -0.00404 0.004176
-0.019528 0.00732 0.011926
0.022385 0.00153 0.011576
-0.02469 0.02195 0.037941
0.02432 0.00138 -0.003724
0.02382 0.00678 0.002076
0.019338 -0.010615 0.009201
1e-05 0.014111 0.003969
0.029475 -0.02085 0.017201
0.019175 0.000805 -0.015524
-0.018397 -0.009915 -0.010274
-0.01681 0.01061 -0.000824
0.032195 -0.0051 0.061186
-0.015545 1e-05 -9.9e-05
0.024715 -0.026 0.050641
-0.021463 -0.00708 0.011126
0.01881 0.00969 -0.011424
-0.019842 0.00562 -0.014624
0.01845 0.009465 -0.010849
-0.01957 0.014418 0.002076
0.03302 0.0056 0.041436
0.01616 -0.00531 -0.006524
-0.038357 -0.004825 0.082071
-0.01873 0.013813 -0.003724
0.019835 -0.00422 -0.015074
-0.020553 -0.006605 -0.013924
-0.017685 -0.027175 0.013606
0.015815 -0.00426 -0.002274
-0.029152 0.0177 0.022111
0.03306 -0.0098 0.015956
-0.03098 0.0168 0.028286
-0.021397 -0.00858 0.010226
-0.01999 0.013755 -0.006514
0.01999 -0.00907 0.010976
0.022902 -0.00802 0.006826
0.018022 0.01254 0.002776
-0.018432 0.004435 -0.013924
0.020002 0.002827 -0.007691
-0.020758 -0.001305 0.013876
0.01565 0.00139 -0.002274
0.018862 0.012363 -0.007824
-0.02224 0.01127 -0.006524
0.021988 0.001805 0.012276
0.019658 0.013207 0.005526
0.018593 -0.007237 -0.012774
-0.023475 0.00787 0.003476
0.022385 -0.00157 -0.013224
0.02075 0.00248 0.013651
0.01838 0.001565 -0.014624
-0.020652 -0.001755 0.013876
-0.021103 0.002095 0.013426
0.023248 -0.001195 0.009201
-0.017127 -0.00199 0.010226
0.0332 -0.0065 0.045136
-0.03258 -0.02435 0.055739
-0.02083 0.01367 -0.005124
-0.033607 0.0098 0.013871
0.018482 -0.009585 -0.010849
-0.01727 0.00156 0.010676
0.019038 -0.029375 0.030571
-0.02085 -0.00553 -0.014274
0.020438 0.014605 -0.000824
0.026385 0.01445 0.015596
-0.023795 0.00237 -0.007824
-0.02 0.00292 -0.015524
-0.004515 -0.03075 0.027116
0.02172 0.00858 0.009776
-0.023318 -0.00593 -0.008474
0.022717 0.01098 -0.004424
-0.017205 -0.011315 -0.001549
0.020622 0.00053 -0.015574
0.034062 -0.0048 0.017824
0.028565 -0.0225 0.025224
-0.021102 0.003295 0.013201
-0.016483 0.003535 0.007476
-0.02 -0.001925 -0.015564
-0.019083 -0.006107 0.012276
0.019245 0.008282 -0.012774
-0.02 -0.000952 -0.004444
0.029912 0.012975 0.051339
0.017972 -0.01256 0.002776
-0.017405 -0.00099 0.011126
0.0222 -0.027675 0.056734
-0.032322 0.0122 0.013881
0.020082 -0.000695 -0.015674
0.031893 -0.017175 0.022736
-0.016453 0.00486 0.006826
-0.03411 0.0115 0.021961
-0.031525 -0.0235 0.036843
-0.019093 -0.001807 0.013651
0.02127 0.01383 -0.002999
0.017615 -0.00156 -0.013224
-0.03625 -0.006325 0.016216
0.017285 -0.00761 -0.009699
-0.01748 -0.00679 -0.010849
-0.018875 -0.007132 0.011576
0.019798 -0.000295 -0.015674
0.029775 -0.00555 0.080996
0.019305 0.011935 -0.009124
0.01999 -0.01277 -0.008474
0.020622 0.00053 0.013926
0.021258 -0.013895 -0.002999
0.01702 -0.005385 -0.010274
0.019838 -0.00692 -0.013924
0.02147 0.00488 -0.013924
-0.023537 -0.007805 0.002776
-0.023652 -0.001155 -0.009124
0.021297 0.003505 0.012976
0.02001 0.01372 -0.006514
0.018773 0.013613 0.002776
0.018605 0.00304 0.012976
0.027535 -0.024075 0.031058
0.033188 -0.013175 0.031418
0.02048 -0.00402 0.013426
-0.023527 0.007845 -0.004424
0.01941 0.010135 -0.011424
-0.019935 -0.030575 0.049519
-0.019377 0.004495 -0.014849
-0.029045 -0.026 0.040258
-0.01977 -0.006155 -0.014274
-0.02029 0.011745 0.008051
0.01999 -0.01477 -0.002999
-0.019993 0.010507 -0.004639
-0.01953 0.00667 0.012276
-0.022437 -0.003305 -0.012774
-0.022438 0.000795 0.011576
0.010055 -0.030375 0.024336
0.03401 -0.0053 0.025686
-0.019995 0.005917 -0.005349
0.02191 -0.012045 -0.006524
-0.034155 0.00315 0.014031
0.02284 -0.00522 0.009201
-0.014748 0.023975 0.081916
-0.02 -0.00288 -0.015524
0.024388 0.001405 -0.000824
0.031915 -0.01725 0.025471
-0.015912 0.004135 0.002776
0.02 0.000953 0.006549
0.01917 0.013635 -0.005124
0.033495 -0.0053 0.041661
0.031773 0.0067 0.016006
-0.020945 -0.027425 0.018501
-0.00999 0.01501 0.009176
-0.011707 -0.032275 0.058503
-0.021068 -0.011705 0.007476
0.027328 -0.023325 0.063096
-0.020408 -0.01353 -0.006524
-0.0364 -0.001725 0.015569
-0.019993 0.00642 0.008323
-0.019545 -0.008505 0.011126
0.022662 -0.00257 -0.012324
0.021192 0.004755 0.012626
0.023005 -0.005245 -0.010274
0.02001 0.01308 -0.007824
0.023083 0.008355 0.005526
-0.02045 -0.00148 -0.015574
0.0333 -0.00535 0.016091
0.023892 -0.005395 0.004176
0.020915 0.00463 -0.014624
0.016753 -0.00101 0.009201
-0.01792 0.012935 -9.9e-05
0.015755 0.00279 -0.002999
-0.019445 -0.00463 0.013201
-0.032965 0.011 0.013876
0.019917 -0.00287 -0.015524
0.015845 -0.00421 0.001351
-0.018338 0.006687 0.011126
0.020652 -2e-05 -0.015574
0.02001 0.010005 -0.011874
-0.022108 0.00287 0.011926
-0.02244 -0.01203 0.000626
0.01655 0.00469 0.007476
0.019285 -0.011965 0.007476
0.015905 -0.026675 0.014063
-0.02 0.00432 0.013426
-0.03504 -0.02165 0.059016
-0.018148 0.007635 -0.011874
0.021652 -0.006695 -0.012774
-0.028645 -0.0257 0.033804
-0.035723 -0.001925 0.014628
0.022978 -0.00302 0.009776
-0.018037 -0.01219 -0.005824
0.01846 -0.006262 -0.013224
-0.038927 -0.003175 0.041773
0.005172 -0.032175 0.080748
0.028563 0.013525 0.016956
0.021123 -0.009195 -0.011874
0.023655 -0.00817 -0.000824
-0.02635 0.0167 0.013246
-0.02414 0.00422 0.002076
0.020218 -2e-05 0.014026
-0.023998 -0.005505 0.002776
-0.019002 0.00254 0.013426
-0.02045 -0.00148 0.013926
0.019593 -0.013792 -0.005824
0.022102 0.010355 0.006826
-0.027975 0.02255 0.073426
0.032845 -0.01445 0.020321
-0.02165 0.00107 0.012976
-0.023045 -0.004155 -0.010849
-0.02001 -0.01058 -0.011424
0.0188 -0.00401 -0.014624
0.020652 -2e-05 0.013926
0.016845 0.01054 -0.001549
0.019015 -0.006017 0.012276
-0.023585 0.00237 0.007476
0.01287 -0.03055 0.033296
-0.016185 -0.00679 0.002076
0.031355 -0.01295 0.070439
-0.016708 -0.009015 -0.004424
-0.03642 0.0031 0.081611
0.03188 -0.012875 0.064041
0.017698 0.00399 -0.012774
-0.015755 0.00281 0.001351
0.023762 -0.006745 0.002776
0.032045 -0.009875 0.064186
-0.01875 -0.013563 -0.004424
0.01906 -0.00762 -0.013224
0.03326 0.0056 0.031484
0.03003 -0.0052 0.080756
-0.02174 -0.00353 0.012276
0.018853 -0.029725 0.036701
-0.016395 -0.00639 0.004876
-0.01586 0.00421 -0.003724
-0.02174 0.00582 0.011576
0.016283 -0.02785 0.014766
0.022505 0.002305 0.011126
0.022125 0.01078 -0.007824
-0.020857 -0.014255 -0.001549
0.023713 -0.003845 0.006176
-0.01604 -0.001315 0.005526
-0.018535 0.011835 0.006826
0.020473 0.00538 0.012976
0.017203 0.019125 0.015376
-0.034413 -0.021125 0.046611
-0.022773 0.01132 0.000626
-0.02228 0.00312 -0.013224
0.00999 -0.009061 0.010976
0.01954 0.00663 -0.013924
-0.019602 0.00407 0.013426
-0.01823 -0.007088 -0.012324
0.018725 -0.00029 0.013426
0.029595 -0.004775 0.081258
0.004403 0.0236 0.082431
-0.02 -0.002897 -0.015434
0.016415 -1e-05 0.008051
-0.021952 -0.01218 -0.005824
-0.03537 0.0156 0.080376
-0.018347 -0.006663 -0.012774
0.024162 0.004205 -0.002999
0.028435 0.014425 0.044821
0.018353 0.013315 -0.004424
-0.03828 0.00355 0.047551
-0.02091 0.0237 0.047381
-0.021057 -0.004305 -0.014624
0.016955 -0.004185 -0.010849
0.019658 0.012157 0.007476
-0.03534 -0.021875 0.065164
0.011707 0.019575 0.014898
0.022295 -2e-05 0.011926
-0.038867 0.00355 0.063294
0.020165 -0.00422 0.013426
0.019295 -0.00157 -0.015524
0.02 -0.00099 -0.015694
-0.019145 0.000295 -0.015524
0.019995 -0.005917 -0.005349
-0.02063 -0.00528 -0.014624
0.02359 0.0189 0.041606
-0.036055 0.0121 0.047276
0.016888 -0.003185 -0.010849
-0.01664 -0.00924 0.001351
-0.039055 0.00095 0.057293
0.021035 -0.000845 -0.015299
0.000777 -0.03225 0.045793
-0.027867 -0.024875 0.021481
0.020388 -0.013795 0.004176
0.022522 0.01023 -0.007174
0.01578 -0.03045 0.039543
0.02414 0.00418 -0.003724
-0.020007 -0.009722 -0.006449
0.024065 -0.001345 -0.006524
-0.02239 0.00972 -0.008474
-0.014735 -0.02695 0.013181
-0.03937 -0.002225 0.054486
0.019072 -0.006142 -0.013924
-0.01999 0.01062 0.009776
0.027515 0.01285 0.081311
0.019152 0.007005 0.011926
-0.019618 -0.001655 0.013926
0.017927 -0.01296 -0.001549
0.021935 0.00258 -0.013924
0.00999 -0.013 -0.008324
0.016125 0.00689 -9.9e-05
0.0 0.003885 -0.015304
-0.02358 0.00802 -0.003724
0.01957 -0.013742 0.004176
-0.01744 -0.00574 0.009776
0.01967 -0.00272 0.013876
-0.01 0.003892 -0.015304
-0.0184 0.01281 0.004876
-0.038227 0.0061 0.053803
0.02154 0.00623 0.011576
-0.033432 0.0181 0.076774
-0.018125 0.005135 0.011576
-0.02134 -0.00668 -0.013224
-0.021265 0.01402 -9.9e-05
0.022613 0.01063 -0.005824
-0.01663 -0.00749 -0.006524
-0.02 -0.001925 0.006421
0.009237 0.0236 0.058091
0.019995 -0.00377 -0.007319
-0.02001 -0.014005 -0.005824
0.02513 0.017575 0.051376
0.018805 0.006235 0.011926
-0.01751 1e-05 0.011576
-0.021763 -0.00233 0.012626
0.019143 -0.01429 -0.001549
0.023825 -2e-05 -0.008474
0.00999 -0.012403 0.007454
0.015627 -0.001435 -0.001549
0.032795 0.003125 0.048308
-0.023238 0.019975 0.015416
0.029255 -0.02145 0.041186
0.0 0.0 -0.015824
-0.032862 0.0124 0.015743
0.019612 0.013982 0.003476
-0.022325 0.00492 -0.012324
0.02712 -0.0229 0.015356
-0.018125 -0.005115 0.011576
-0.020007 -0.010097 -0.005544
0.012822 0.0233 0.081316
0.025532 -0.0245 0.016986
-0.019385 -0.00363 0.013426
0.023107 -0.024875 0.014953
0.01826 0.00579 -0.013224
-0.034845 -0.00915 0.014133
-0.01828 0.00861 -0.011424
0.029855 -0.0131 0.081161
0.01917 0.014085 -0.003724
-0.018943 0.004337 0.012976
-0.00999 0.014622 0.002093
-0.02256 0.00572 0.009776
0.016515 -0.00786 -0.005124
-0.019225 0.008892 -0.012324
-0.038762 -0.002125 0.041589
0.02435 -0.00142 -0.002274
-0.01846 0.006262 -0.013224
-0.024358 0.001445 0.000626
-0.035 0.0118 0.081511
0.022335 0.007805 0.009201
-0.021475 -0.00773 -0.012324
-0.022505 -0.002305 0.011126
0.021972 0.003505 -0.013574
-0.028115 -0.026775 0.080701
0.010018 -0.0307 0.026996
0.01999 -0.01502 -0.000824
0.023145 0.01043 -0.002999
0.02168 0.000505 0.012976
0.02242 -0.01207 -0.002274
0.022405 -0.01202 -0.002999
-0.022108 -0.00283 -0.013574
0.017465 -0.006735 0.009201
-0.017207 0.01131 -0.002274
-0.019215 -0.012935 -0.007174
0.015958 0.002715 0.004176
0.018035 -0.002085 -0.013924
-0.019563 0.014643 -0.000824
-0.020002 -0.002827 0.006046
-0.020663 -0.01058 0.009201
-0.01841 0.00211 0.012976
-0.021628 0.003045 0.012626
-0.020002 -0.003602 -0.001794
0.004893 0.02105 0.019356
-0.013473 0.024625 0.053946
0.01832 -0.000535 0.012976
0.01847 0.00349 0.012626
0.017243 0.01124 0.001351
0.020388 -0.01402 0.003476
0.00691 -0.03165 0.032851
-0.020007 -0.011102 0.000149
-0.02061 -0.009555 0.010226
0.018852 0.003013 -0.014849
-0.010005 -0.00749 0.039176
0.028517 0.0144 0.041553
-0.020758 0.001345 0.013876
0.01871 -1.5e-05 0.013426
-0.031402 -0.02155 0.018314
-0.024155 -0.00418 0.001351
-0.032755 -0.01625 0.013484
0.01001 0.011193 -0.010649
-0.020007 -0.008532 -0.007999
-0.02381 0.003995 0.005526
0.02325 0.005705 0.007476
0.02916 0.0134 0.067406
0.02866 0.01415 0.028246
0.01933 -0.0274 0.014916
0.019993 -0.00767 0.011926
0.03314 -0.006175 0.015981
-0.01001 -0.012384 0.007454
-0.023045 0.00202 -0.011424
0.03317 -0.0048 0.015859
0.031435 -0.01855 0.022796
0.020082 0.00493 -0.014849
0.019093 -0.001842 -0.015299
-0.036575 -0.001725 0.016016
0.033235 -0.01165 0.034866
0.025545 -0.024675 0.019661
0.021713 0.013705 -0.001549
-0.017558 -0.005315 -0.011874
-0.033475 -0.0227 0.046371
0.034 -0.0064 0.017884
0.01999 -0.00907 -0.012619
-0.021708 0.010845 -0.009124
0.019393 0.000805 0.013926
-0.026538 0.0195 0.022111
-0.03663 0.005925 0.081328
0.016103 0.006915 -0.000824
0.017475 0.00844 0.008051
0.028092 0.01465 0.057816
-0.003382 0.02275 0.031429
-0.010005 -0.005684 -0.014559
0.021135 0.00488 -0.014274
0.018525 -0.00776 -0.012324
0.0217 -0.00862 0.009776
0.033452 -0.008625 0.038369
0.023423 -0.007595 -0.005824
-0.017303 -0.009015 -0.008474
-0.02033 -0.00268 -0.015524
0.027585 -0.02365 0.022426
0.017563 0.000765 0.011576
-0.021113 -0.01238 -0.007824
0.023518 -0.001195 0.008051
0.02205 0.012705 -0.003724
-0.021823 0.00132 0.012626
-0.017553 0.005335 0.010226
-0.01619 0.003985 -0.007174
-0.020002 -0.001855 0.002424
-0.017563 0.000785 -0.013224
-0.017125 0.00506 0.009201
-0.02969 0.02055 0.047271
0.01976 0.00483 0.013201
-0.02259 -0.010455 -0.006524
-0.018702 -0.003515 0.012976
0.019057 0.010363 -0.010849
0.021965 0.002055 -0.013924
-0.019995 0.00752 0.019176
0.017908 0.00699 0.010226
0.016852 -0.00691 0.006826
0.022518 0.019 0.081256
0.015717 -0.0307 0.080051
0.033633 -0.007075 0.038403
0.022648 -0.002795 0.010676
-0.01743 -0.010465 -0.006524
0.02868 0.0092 0.081251
-0.0296 -0.0242 0.027261
0.016483 0.003515 0.007476
0.02031 0.010355 0.009776
-0.02318 2e-05 -0.011424
-0.023968 0.00407 0.004176
-0.022698 0.009045 -0.008474
0.018432 0.00329 -0.014274
-0.018035 -0.002065 0.012276
-0.021635 0.01935 0.013681
-0.018593 0.007237 -0.012774
-0.020248 -0.002005 0.013926
0.030097 -0.019475 0.016074
-0.020007 -0.007938 0.007133
-0.015965 0.00406 0.003476
-0.02604 0.02205 0.081603
-0.021208 -0.007655 -0.012774
0.021793 -0.001845 0.012626
0.018087 -0.0296 0.079781
0.023892 0.005355 0.004176
-0.017572 0.023425 0.038108
0.018633 -0.01106 -0.009699
0.01959 0.013707 -0.005824
-0.02226 0.023275 0.081751
-0.02174 -0.00578 -0.013224
0.01999 -0.01107 0.009201
0.020555 0.00103 0.013926
0.023915 -0.003995 0.004876
0.019993 -0.008567 -0.007999
-0.019298 -0.005855 0.012626
-0.00958 -0.029075 0.015676
0.022342 0.009455 0.007476
0.008035 0.01905 0.014216
-0.03384 -0.023 0.052746
-0.019917 0.00287 0.013876
-0.021192 0.004795 -0.014274
-0.023148 -0.02525 0.013366
-0.02386 0.00687 -0.002274
0.012087 0.02055 0.019586
0.023138 -0.00692 -0.008474
0.019612 0.012833 -0.007824
-0.022815 -0.011305 -9.9e-05
0.022323 -0.009495 0.007476
0.01 -0.001951 0.013921
0.022753 0.003755 0.010226
0.019225 0.00643 0.012276
0.02015 -0.00757 0.011926
-0.03461 -0.012075 0.014031
-0.012333 0.022225 0.024986
0.019445 -0.00467 0.013201
0.03224 0.00255 0.015618
0.016107 -0.005385 -0.005824
-0.034785 -0.0213 0.052941
0.015778 0.004265 -0.000824
0.018843 -0.012387 0.006176
-0.020363 -0.011255 0.008626
-0.033987 0.00995 0.015259
-0.01897 -0.029525 0.030481
0.01953 0.00603 0.012626
-0.024223 -0.004255 -0.000824
-0.012093 0.02125 0.016053
0.021703 0.004855 -0.013574
-0.02 -0.001925 -0.008064
-0.021395 0.00187 -0.014849
-0.020622 0.025025 0.063206
-0.01909 0.010387 -0.010849
-0.016655 -0.00919 0.002076
-0.018757 -0.01014 0.009201
-0.02345 0.002195 -0.009699
-0.02105 -0.00348 -0.014849
0.02001 0.01488 -0.000824
-0.023175 -0.01053 -0.001549
0.021497 -0.00962 0.009201
-0.023255 -0.00883 0.003476
-0.016685 0.004535 -0.009699
-0.018395 0.004235 0.012276
-0.018995 -0.001333 -0.015299
-0.02126 0.00822 0.010676
-0.020408 -0.013755 -0.005824
-0.021263 -0.00753 0.011126
-0.038067 -0.0067 0.035089
-0.020622 -0.00053 -0.015574
0.01856 -0.001063 -0.014849
-0.020758 0.003345 0.013426
-0.035757 -0.002975 0.014604
-0.02006 0.024525 0.081316
0.01867 -0.00809 0.010676
-0.020163 -0.00688 -0.013924
0.032823 -0.0052 0.051818
-0.02029 0.009245 -0.012324
-0.024372 -0.001405 -0.001549
0.01614 0.00684 -0.002274
0.025233 0.0172 0.034953
0.01925 -0.002517 0.013651
0.016472 0.007815 -0.004424
-0.024283 0.002845 -0.001549
0.019582 0.014457 -0.002999
0.019602 -0.002545 0.013876
0.01895 -0.005115 0.012626
-0.018537 0.005687 0.011926
-0.019835 0.002095 -0.015574
-0.01999 0.01347 -0.007174
-0.019995 0.00752 -0.000824
-0.019155 -0.014285 -0.001549
0.020475 0.00603 -0.014274
0.0212 0.00398 -0.014624
0.023045 0.00198 0.009776
-0.022545 -0.00843 0.008051
-0.023155 0.01057 -0.001549
0.020082 -0.00287 -0.015524
0.034075 -0.00535 0.018261
-0.03671 -0.0097 0.025189
0.024868 -0.0259 0.047301
0.016085 0.003965 0.004876
0.019593 -0.014017 -0.005124
-0.03967 -0.0038 0.054756
-0.033293 -0.02255 0.043183
0.02 -2e-05 -0.015824
-0.03865 -0.01325 0.063164
-0.019687 -0.00613 0.012626
-0.033747 0.00985 0.014338
-0.02838 -0.028025 0.056001
0.022663 -2e-05 0.011126
0.021763 -0.00237 -0.014274
0.016888 0.00299 -0.010849
-0.02239 0.01197 0.002076
0.023345 -0.00922 0.002076
-0.015822 -0.004215 -0.002274
-0.017113 -0.001765 -0.011874
-0.017738 -0.011415 0.004176
0.016825 -0.01056 -0.001549
-0.037023 -0.001275 0.019456
0.03381 -0.00535 0.016986
0.016745 -0.00886 0.003476
-0.02388 -0.00688 -0.001549
0.019292 -0.007795 -0.013224
0.01718 0.002765 -0.011874
-0.021135 0.021725 0.025054
-0.021095 -0.00203 0.013426
-0.020322 0.00412 0.013426
0.0301 -0.0178 0.014956
0.000583 -0.0326 0.052396
0.031255 -0.001875 0.073896
-1e-05 -0.013737 0.004871
0.01718 -0.031 0.065106
0.015935 -0.001335 -0.006524
-0.017755 -0.00529 0.010676
-0.01999 0.01312 -0.007824
0.02226 0.01123 0.004876
0.005247 0.023825 0.051651
0.0212 -0.00162 -0.015074
-0.019995 0.005917 0.003703
-0.016378 0.003535 0.006826
-0.020845 0.01432 -0.001549
0.01999 -0.008295 -0.013217
0.020547 0.003005 0.013651
0.02215 -0.005795 -0.012324
0.018465 0.006237 0.011576
-0.020695 0.01152 -0.009699
0.02 0.00358 -0.015299
-0.020082 -0.00423 -0.015074
-0.022195 0.010945 -0.007174
0.032095 0.003325 0.061266
0.00999 -0.009061 -0.012619
-0.037115 -0.0023 0.019534
0.018013 0.001815 -0.013924
0.02083 -0.01412 0.002076
-0.016482 -0.00099 -0.009699
0.015822 0.002715 -0.004424
-0.037517 0.010425 0.059746
0.02627 0.0164 0.067406
-0.022525 0.00847 0.008051
-0.021065 -0.000255 0.013651
0.005078 0.0249 0.074561
0.015733 0.001315 -0.004424
-0.020643 0.01152 0.008051
0.02572 0.0163 0.074046
-0.021648 0.013345 -0.004424
0.03412 -0.00665 0.018329
0.019997 -0.004805 0.013291
-0.037865 -0.00665 0.031814
0.01728 0.0227 0.067616
0.03392 -0.0064 0.017456
0.01761 0.01194 0.002076
-0.020825 0.000845 0.013876
0.022262 -0.011445 0.004176
-0.03728 0.008825 0.080781
-0.032333 0.019525 0.073156
-0.01999 0.01463 0.002093
-0.01568 -0.00139 -0.003724
-0.031503 -0.025675 0.075986
0.031065 -0.018625 0.044851
-0.01684 0.01051 -0.002274
0.024065 0.001305 0.004876
0.023398 -0.009345 -0.001549
0.02 0.00568 0.012976
0.020002 0.002827 0.006046
-0.020082 0.002145 -0.015574
0.021258 0.018325 0.016491
0.02215 -0.01062 -0.007824
0.023315 -2e-05 0.009201
-0.032542 -0.0181 0.014198
0.021665 0.00393 -0.013924
-0.02375 0.001345 0.006826
0.031037 -0.016725 0.015471
0.022437 0.003305 -0.012774
-0.024335 -0.00138 0.001351
-0.020765 -0.00333 0.013426
-0.03764 0.008775 0.050441
-0.02043 -0.01448 -0.002274
-0.020918 0.02145 0.021988
0.033195 -0.006975 0.015931
0.016185 0.00679 -0.003724
0.017805 0.010915 -0.007174
-0.019093 -0.005408 -0.014274
-0.016955 0.00201 -0.011424
-0.01629 -0.00664 0.003476
-0.015845 -0.00419 -0.002999
0.015882 0.005665 -9.9e-05
-0.018965 -0.000783 0.013651
-0.01709 0.00401 0.009776
-0.022753 0.003795 -0.011874
0.025233 0.0173 0.038271
0.030935 -0.01725 0.057986
-0.03962 -0.002825 0.057759
-0.017662 -0.011765 0.002776
1e-05 0.015 0.009176
-0.024335 0.00142 -0.002999
0.025198 0.01595 0.081146
0.033995 -0.0067 0.028166
-0.020082 0.002145 0.013926
0.016955 -0.00201 -0.011424
-0.016258 -0.00514 0.005526
-0.021297 0.002345 0.013201
0.019305 0.011485 -0.009699
0.01952 0.00398 0.013426
-0.035735 0.0038 0.016096
0.033125 -0.00595 0.045076
0.019622 -0.029375 0.062358
0.02348 0.01825 0.022896
0.020398 -0.002545 0.013876
0.019995 -0.00474 0.009294
-0.021445 0.009145 0.009776
-0.024342 2e-05 0.002776
-0.03219 -0.022 0.027036
0.020317 0.00613 -0.014274
-0.02378 -0.00263 -0.007824
-0.02084 -0.00053 -0.015524
-0.024223 0.004295 -0.000824
-0.022323 0.009495 0.007476
0.0191 -0.003015 0.013426
0.020222 -0.008145 -0.013224
0.02265 0.00878 -0.009124
0.026865 -0.02005 0.081166
0.02 -0.000745 -0.015674
-0.03848 0.0062 0.069824
0.018933 -0.011737 -0.009124
-0.020082 0.00427 0.013426
0.02316 0.01048 -0.002274
0.024208 -2e-05 0.004176
0.019357 0.011485 0.008051
-0.017247 -0.003765 0.010226
0.031147 0.0108 0.025628
-0.01957 0.014567 -0.001549
-0.015793 0.004285 -0.001549
-0.016483 -0.003515 -0.009124
0.001128 -0.03165 0.036008
0.017757 -0.006335 -0.011874
-0.02414 0.00572 -0.000824
-0.016033 0.00406 -0.005824
0.020838 0.017525 0.015099
-0.017423 -0.00464 0.010226
-0.017563 -0.003315 0.011126
0.022735 -0.004895 -0.011424
0.027125 -0.022025 0.076636
-0.02 2e-05 0.006676
0.02149 -0.01217 -0.007824
-0.01743 0.00576 0.009776
-0.018545 0.000813 0.013201
-0.02 -0.001925 0.013921
-0.02342 0.023025 0.081709
-0.01925 0.002517 0.013651
0.030302 -0.01995 0.038043
0.018465 0.012465 0.005526
-0.021195 0.00627 0.011926
-0.032463 0.01225 0.014349
0.02201 -0.003345 -0.013574
0.020388 -0.01357 0.004876
-0.023025 -0.01003 0.003476
-0.019373 0.00657 0.012276
-0.018723 0.013938 -0.002274
-0.034913 -0.021475 0.055978
-0.036195 -0.0198 0.072961
-0.022385 -0.00153 0.011576
0.019995 -0.005917 0.003703
0.0188 0.002788 0.013201
0.020705 0.00153 -0.015524
-0.019993 0.007195 -0.009372
-0.017595 -0.01199 -0.002999
-0.033487 0.0127 0.021974
0.022338 -0.011795 0.002776
-0.034885 -0.012275 0.014956
-0.01999 0.012412 -0.009099
-0.020007 -0.005605 -0.010567
0.02033 0.00268 0.013876
-0.018943 -0.004313 -0.014624
0.020007 0.010472 0.002996
-0.02283 0.00607 -0.010274
-0.023382 -0.001155 -0.010274
-0.015905 0.00566 -0.002274
-0.022315 0.00777 0.009201
0.0 -0.002914 -0.015434
-0.015725 0.00286 -0.002274
-0.021465 -0.009105 0.009776
1e-05 0.0075 -0.013814
-0.019393 -0.000805 -0.015574
0.008155 0.01955 0.014571
0.020772 -0.004995 0.012976
-0.015928 -0.005615 0.001351
-0.01761 -0.01194 -0.003724
-0.023855 0.001345 0.006176
0.01777 -0.00741 -0.011424
0.016995 0.00519 -0.010274
-0.022932 -0.0247 0.013046
-0.023285 -0.030225 0.061836
0.016243 0.001165 -0.008474
-0.018323 -0.013565 -0.002999
0.02317 -0.01062 -0.000824
0.018507 -0.002585 -0.014624
-0.016002 0.005535 -0.004424
-0.021605 -0.00533 0.011926
0.019002 0.00251 -0.015074
0.020615 0.00283 0.013651
0.03074 -0.0059 0.076973
0.019138 -0.007045 0.011926
0.033502 0.00285 0.023221
-0.020998 -0.031225 0.072214
0.018553 0.007085 -0.012774
-0.01001 -0.01499 0.039176
0.00999 -0.008286 -0.013217
-0.01571 -0.00284 -9.9e-05
0.018353 0.013315 0.002776
-0.019175 -0.000805 -0.015524
-0.021632 0.008045 -0.011874
0.020157 -0.00562 0.012976
0.015837 0.00279 0.002776
0.018335 0.00394 0.012276
-0.03737 -0.0101 0.082061
0.01 0.002906 0.013794
0.03297 -0.0101 0.045101
-0.023307 -0.009005 0.002776
-0.01639 0.00641 0.004876
0.032395 0.00695 0.017313
0.033715 0.00025 0.018261
-0.019602 -0.002505 -0.015524
0.001118 0.0227 0.031386
-0.019242 0.001345 0.013876
-0.016855 0.00541 0.008051
-0.022792 -0.01128 -0.002274
-0.02149 0.01217 0.006176
0.018785 0.00131 0.013426
0.029142 -0.020625 0.015961
0.021055 -0.00867 -0.012324
0.020382 -0.007395 0.011926
-0.016753 0.003185 0.008626
-0.03948 -0.007025 0.060741
-0.02 0.00362 0.013651
0.029775 0.00965 0.073986
-0.003268 0.020725 0.014881
0.021055 -0.00867 0.010676
0.032 0.005 0.015616
0.02274 0.004855 -0.011424
-0.02337 0.00752 -0.006524
0.022625 -0.007145 -0.010274
-0.017717 0.011435 -0.005824
0.01686 0.01049 -0.002274
-0.02023 0.006195 -0.014274
0.01957 -0.014418 -0.003724
-0.02015 0.00052 0.014026
-0.033657 -0.02285 0.049558
0.01492 -0.031225 0.056084
-0.020343 0.013245 0.005526
0.015907 -0.03005 0.033466
-0.02001 -0.009035 -0.012619
-0.021838 -0.003055 0.012276
-0.016415 1e-05 0.008051
-0.02081 0.00112 0.013876
0.033487 0.002775 0.020748
0.013228 -0.03165 0.079683
-0.01939 0.011065 -0.010274
0.033685 -0.005 0.038279
0.033568 -0.00495 0.041644
-1e-05 -0.013737 -0.006514
-0.02432 -0.00138 0.002076
0.028895 -0.0204 0.015399
-0.016285 0.00656 0.003476
0.021727 0.010805 0.007476
-0.023842 -0.006805 0.001351
0.02 0.000952 -0.008194
0.0171 0.00969 0.004876
0.01598 0.004115 0.003476
0.022437 -0.003345 -0.012774
-0.00876 0.025375 0.063921
-0.035227 -0.002975 0.014399
0.02194 0.019975 0.054719
0.019175 -0.000845 0.013876
0.02265 0.0169 0.015026
-0.021148 0.001845 -0.015074
-0.02441 2e-05 0.002076
-0.020405 0.00057 0.013976
0.019145 -0.000295 -0.015524
0.022282 0.011405 -0.005824
0.02063 0.00528 0.012976
0.020802 0.002255 -0.015299
-0.033585 -0.0207 0.033706
-0.035768 0.01545 0.069433
0.018753 -0.013412 0.003476
-0.03481 0.0035 0.014226
-0.03842 0.003175 0.077239
0.019595 -0.00337 0.013651
-0.02193 -0.012005 0.004876
0.024245 -0.00282 -0.002999
-0.02324 0.00887 -0.005124
-0.020002 -0.00373 -0.000824
-0.020643 0.01062 -0.010849
0.032008 -0.0084 0.067143
-0.024117 0.005695 -9.9e-05
0.023343 -0.005895 -0.008474
-0.01682 1e-05 0.009776
-0.035145 0.0037 0.014281
0.02129 -2e-05 -0.015074
0.02318 -2e-05 -0.011424
0.020908 0.001805 -0.015299
-0.016345 -0.00814 -0.000824
-0.036968 0.0104 0.050441
0.020007 0.010097 0.003898
0.029663 0.0131 0.057806
0.016955 0.004165 0.009201
0.033403 0.00275 0.017834
0.020745 -0.0286 0.043391
-0.021752 0.00902 0.009201
-0.018905 0.002065 0.013426
-0.018672 -0.005212 -0.013924
0.021093 -0.01242 0.006176
0.023127 -0.026925 0.037271
0.01826 0.004665 -0.013574
-0.019917 0.00497 -0.014849
-0.019313 -0.007755 -0.013224
0.020082 -0.00497 0.013201
-0.018027 0.003535 -0.013574
-0.019993 0.005645 -0.010567
-0.035335 0.01015 0.028066
0.020002 0.002632 -0.003474
0.022443 -0.005345 -0.011874
-0.01873 0.013587 0.002776
0.033765 -0.00705 0.034991
0.021035 -0.00082 0.013651
0.018723 -0.013888 0.001351
0.021138 -0.012745 0.005526
0.01909 -0.009938 0.009776
-0.01841 -0.00209 0.012976
0.031577 0.007625 0.058116
-0.02315 -0.00858 0.004876
0.02105 0.00348 0.013201
0.0203 0.00098 0.013976
-0.02031 -0.011705 -0.009699
0.03334 -0.005075 0.016091
0.018065 -0.00261 0.012276
0.02061 0.01103 -0.010274
0.019348 -0.001795 0.013876
0.022792 0.01128 -0.002274
0.021142 0.009155 -0.011874
0.022108 0.007055 0.010226
-0.01915 0.014215 -0.002274
0.03145 -0.01575 0.055196
0.021005 -0.00137 0.013651
-0.023968 -0.00403 -0.005824
0.023892 -0.005395 -0.005824
0.01807 -0.012035 0.004876
0.02212 0.005955 -0.012324
-0.022845 -0.00518 -0.010849
0.020322 -0.00342 -0.015299
-0.020473 0.003195 0.013651
-0.020595 -0.02675 0.014496
0.020532 -0.002195 -0.015524
0.015565 -0.0303 0.080406
-0.01696 -0.00674 0.007476
-0.02001 -0.013345 0.005774
-0.016055 0.00546 -0.005124
-0.016258 0.00516 -0.007174
0.01636 0.00809 -0.001549
0.020405 0.00333 0.013651
-0.02321 0.024275 0.059916
0.03037 -0.006625 0.080494
0.024388 -0.001445 -0.000824
-0.03224 0.0136 0.015756
0.01568 -0.00141 -0.003724
-0.0085 0.02515 0.060706
0.01877 -0.00109 0.013426
0.01001 0.01499 0.039176
0.02114 0.00713 0.011576
0.01999 -0.01482 -0.002274
0.02001 0.01308 0.006176
0.020775 -0.00647 0.012276
-0.019525 0.00607 -0.014274
0.03248 0.003275 0.055164
-0.026243 -0.029325 0.068458
0.023315 0.004505 0.008051
-0.01999 0.00752 -0.013814
0.024035 -0.024725 0.080913
0.033677 -0.010075 0.025581
0.032145 0.00085 0.061176
0.03154 -0.017 0.016346
0.018397 0.010465 0.008051
-0.019012 -0.008108 0.011126
0.0307 -0.0116 0.077281
0.028935 0.0074 0.081468
0.01835 -0.00106 -0.014624
-0.01642 -0.00799 -0.003724
0.02305 0.00673 0.007476
0.024868 0.01785 0.064216
0.028613 0.0142 0.031576
-0.014807 0.02435 0.081656
0.02125 -0.013595 -0.004424
-0.018672 -0.008715 0.010226
0.023225 -0.02515 0.015136
-0.031575 -0.02605 0.064806
0.01971 0.009208 -0.012324
-0.021492 -0.002555 -0.014624
-0.019285 0.011965 0.007476
-0.03764 -0.0075 0.082144
0.007815 -0.031625 0.080761
-0.018205 0.01106 0.006826
-0.020475 -0.00603 -0.014274
-0.017295 0.005935 0.009201
-0.02001 -0.014597 -0.003734
-0.03863 -0.012975 0.073866
-0.034732 0.016725 0.069456
0.03073 -0.018175 0.015594
0.01957 -0.013968 0.003476
0.033585 -0.00995 0.017256
-0.029078 -0.021625 0.013279
0.01957 -0.014193 0.002776
-0.018933 0.011737 0.007476
0.020165 -0.00352 0.013651
-0.017738 -0.00419 0.011126
-0.022822 -0.01138 -0.000824
-0.021327 0.005245 -0.013924
-0.018002 0.01256 -0.004424
0.022333 0.002305 -0.013224
-0.021955 0.007995 -0.011424
-0.020715 -0.01263 -0.007824
0.020455 -0.00912 0.010676
0.018723 -0.013938 -0.002274
0.019842 -0.00562 -0.014624
-0.019383 -0.00653 -0.013924
-0.029473 0.01575 0.014446
-0.021048 0.011295 -0.009699
0.019497 0.001255 0.013926
-0.01685 -0.0311 0.039626
-0.032865 0.0139 0.021986
0.02085 0.01418 -0.002274
0.020388 -0.01252 -0.008474
-0.024425 2e-05 0.001351
-0.021793 -0.001805 -0.014274
-0.01793 0.000535 0.012276
-0.019835 0.00282 -0.015524
-0.02141 0.001595 0.013201
-0.038373 -0.007525 0.081766
-0.01737 -0.00879 -0.009124
0.017055 -0.00641 0.008051
0.020007 0.008532 0.006356
-0.039325 -0.0018 0.060601
0.021962 -0.01222 -0.005824
0.016587 -0.009335 -9.9e-05
0.016378 -0.003535 0.006826
-0.02304 0.00677 0.007476
0.020408 0.01283 0.006176
-0.02601 -0.028575 0.079966
0.022065 0.012755 0.001351
-0.02314 0.01052 -0.002274
-0.034148 -0.023325 0.076191
-0.02244 -0.00808 0.008626
0.033945 -0.00555 0.028166
0.021215 0.001305 -0.015074
-0.019173 0.01349 0.004176
-0.01915 0.014115 -0.003724
0.018875 0.007132 -0.013224
0.02 0.00387 0.013666
0.019525 -0.00797 0.011576
0.00865 0.0234 0.081861
-0.039253 -0.004675 0.081761
0.022038 -0.01282 0.001351
0.021752 -0.00907 0.009201
0.022427 -0.012145 -0.001549
-0.020543 -0.008455 0.011126
0.024253 0.00138 -0.004424
-0.02201 0.00447 -0.013224
0.016085 0.003965 -0.006524
0.02557 -0.025025 0.025011
0.03187 -0.0171 0.020001
0.021605 -0.00537 0.011926
0.019842 -0.00492 0.013201
0.032853 -0.014575 0.028086
0.023045 0.004155 -0.010849
-0.019777 -0.00868 0.011126
0.019648 -0.000795 0.013976
0.018403 -0.00816 -0.011874
0.01874 -0.000565 0.013426
0.023412 0.009305 -9.9e-05
0.02099 -0.028325 0.036986
0.019242 -0.003342 -0.015074
-0.034362 0.00595 0.014019
-0.02091 -0.00933 0.010226
-0.01969 0.011293 -0.010274
0.020715 0.01193 0.007476
0.009992 -0.006606 -0.014187
-0.018333 0.013335 -0.004424
0.018735 0.013988 -9.9e-05
-0.022807 -0.01133 -0.001549
0.017143 0.018875 0.015198
0.033595 -0.0068 0.038374
0.022255 0.00528 -0.012324
0.017863 0.002315 0.011926
0.022768 -0.00102 0.010676
0.03047 0.011225 0.054741
-0.010262 -0.030525 0.027261
-0.018933 0.012087 -0.008474
0.015875 -0.00266 0.003476
-0.020547 0.003845 0.013426
-0.01832 -0.000515 0.012976
-0.019235 -0.003335 -0.015074
0.02226 0.01123 -0.006524
0.02 -2e-05 0.002926
-0.021242 0.01017 -0.010849
-0.020005 -0.00685 -0.003669
0.017022 0.018375 0.014843
0.022438 0.000755 -0.013224
0.022035 0.01013 -0.009124
0.02263 -0.00882 -0.009124
0.018323 0.013565 -0.002999
-1e-05 -0.015 0.039176
-0.024342 0.001445 0.001351
0.023862 0.001155 0.006176
0.016753 0.003165 -0.010274
-0.02372 -0.003655 0.006176
-0.035503 0.01555 0.076729
-0.017833 -0.004665 -0.012774
0.016578 0.007565 -0.005824
0.017695 -0.01161 -0.005124
-0.01859 0.001588 -0.014849
-0.019777 -0.00983 0.010226
-0.021203 -0.01268 0.005526
0.01976 -0.00487 -0.014849
-0.019658 -0.012858 0.006176
0.020202 0.000255 -0.015674
0.01919 -0.00112 0.013876
-0.020165 0.00282 -0.015524
0.020785 -0.01332 0.004876
-0.039158 -0.0069 0.054449
0.01834 0.021075 0.041846
-0.020422 -0.03105 0.058801
-0.020363 0.0248 0.059991
-0.01735 -0.0317 0.052576
-0.01686 -0.01049 -0.002274
0.020995 -0.011295 0.008051
-0.022267 -0.004155 -0.012774
0.031555 -0.0154 0.015561
-0.019377 -0.00053 0.013926
-0.034268 0.0005 0.014184
-0.01911 -0.010363 0.009201
-0.022657 -0.029625 0.049649
-0.010718 -0.03115 0.036383
-0.02384 -0.00528 -0.006524
-0.02244 -0.00808 -0.010274
-0.0242 0.001345 -0.005124
-0.023315 -0.004505 0.008051
0.023663 0.006555 -0.005824
-0.03569 -0.01765 0.037426
0.02085 0.01408 -0.003724
0.024133 0.001305 0.004176
0.008097 -0.032775 0.075771
-0.016585 0.00611 -0.007824
-0.019535 -0.00233 -0.015524
-0.005005 -0.0316 0.039251
-0.02 2e-05 0.014176
0.022048 -0.000795 0.012276
0.02277 -0.00642 0.008626
0.020838 -0.014195 -0.002999
0.03043 0.00955 0.067486
0.01879 -0.00971 -0.011424
0.01689 0.00554 0.008051
0.021465 -0.00777 0.010676
0.020007 0.009722 0.004801
0.032817 -0.00205 0.051771
-0.019917 -0.00353 0.013651
-0.01999 0.00752 0.012166
-0.019017 -0.003663 -0.014849
-0.020082 -0.002105 -0.015574
-0.019798 0.000295 -0.015674
-0.022325 -0.00488 0.010676
-0.01751 -0.00694 0.009201
-0.003227 0.019975 0.014081
-0.01853 -0.003765 -0.014274
-0.021815 0.02455 0.059926
-0.021648 0.013345 0.002776
0.008735 -0.0328 0.064348
-0.037967 -0.013075 0.050611
0.007065 -0.02815 0.013851
0.019225 0.00643 -0.013924
0.032202 -0.011325 0.058343
0.02191 -0.009845 0.008051
0.018995 -0.001368 -0.015299
-0.032645 0.01085 0.013736
-0.02364 0.00812 -0.001549
-0.023343 0.005895 -0.008474
0.01001 0.014734 0.001121
0.020007 0.009127 -0.007224
-0.03603 0.0104 0.037703
0.033755 -0.00585 0.031549
-0.017052 0.007935 0.006826
0.019917 0.00283 -0.015524
0.032642 0.00725 0.025603
0.030878 0.00065 0.077236
0.03045 -0.00695 0.080494
0.02314 -0.01052 -0.002274
-0.01656 -0.006015 -0.007824
0.019593 -0.014243 -0.004424
-0.020082 -0.002105 0.013926
-0.019285 0.011515 0.008051
-0.01875 -0.013837 0.001351
0.021535 -0.012495 -0.007174
-0.021875 0.005145 0.011576
-0.017678 -0.009465 -0.009124
-0.021395 0.00187 0.013201
0.030875 0.011075 0.041511
-0.02105 -0.00348 0.013201
0.03185 -0.001725 0.067296
0.02371 -0.00667 0.003476
-0.019602 0.02535 0.070129
-0.020698 0.004345 -0.014849
-0.0206 -0.00198 -0.015524
-0.03097 0.0213 0.065906
-0.01959 -0.014383 0.002076
-0.032878 0.018125 0.056604
0.018672 0.005212 -0.013924
0.021068 0.011255 0.008051
-0.02821 0.01915 0.025261
-0.01941 -0.010135 -0.011424
0.017675 -0.00491 0.010676
0.015905 0.00564 -0.002274
0.019017 0.003663 -0.014849
-0.028425 -0.02285 0.013611
0.021103 0.002055 -0.015074
0.029825 -0.0048 0.081011
0.021395 -0.00307 0.012976
-0.026517 0.02175 0.044248
-0.003638 0.024675 0.054586
-0.032968 0.018 0.080688
0.019997 -0.003835 -0.011312
0.02123 0.00103 -0.015074
-0.00795 0.0225 0.027981
-0.036277 -0.0033 0.015083
0.022773 -0.01132 0.000626
-0.023113 0.00102 0.009776
0.01847 -0.00351 -0.014274
-0.020405 0.00057 -0.015624
-0.019995 0.00532 0.004481
-0.021995 -0.00153 -0.013924
-0.016205 0.00236 0.006176
0.023518 -0.003545 0.007476
0.023892 0.005355 -0.005824
-0.02024 -0.007455 0.011926
0.018155 0.00104 -0.014274
0.018027 0.003515 0.011926
0.030477 -0.019775 0.022733
-0.018555 -0.00914 -0.011424
0.01841 0.00209 0.012976
-0.03748 -0.002875 0.022604
0.017265 0.00484 0.009776
-0.021407 -0.007205 -0.012774
-0.022978 -0.00298 0.009776
-0.018785 0.00134 -0.015074
0.023318 0.00593 -0.008474
0.03333 0.0005 0.041531
0.032118 -0.006025 0.061231
-0.018015 -0.012365 -0.005124
0.02359 0.0187 0.034971
-0.0229 0.00972 0.004876
0.023585 0.00233 0.007476
0.024342 -0.001445 0.001351
-0.02 0.00196 0.006421
-0.01829 1e-05 0.012976
-0.032422 0.015725 0.031474
0.02 -0.00292 -0.015524
-0.0173 -0.00199 0.010676
-0.031775 0.01755 0.041076
0.033035 -0.0114 0.016061
-0.01713 -0.00504 -0.010849
0.019677 0.00338 -0.015299
0.03384 -0.0069 0.016636
0.023145 0.01043 0.001351
-0.023883 0.006895 -0.001549
-0.021247 -0.01338 0.003476
-0.020315 0.00482 -0.014849
0.019363 -0.000295 0.013926
0.026875 0.0157 0.034936
-0.029668 0.021475 0.080586
0.021247 0.013605 -0.004424
0.02091 0.009905 -0.011424
-0.01832 0.000535 0.012976
-0.032025 0.019775 0.062831
0.019468 -0.002195 -0.015524
-0.016355 0.00501 -0.007824
0.022385 -0.006645 0.009776
-0.02162 0.001595 0.012976
0.019617 0.007355 0.011926
-0.01937 0.00532 0.012976
-0.02273 0.007445 -0.009699
-0.022112 0.008795 0.008626
0.033512 -0.011575 0.020516
0.033695 0.00025 0.023221
-0.023713 -0.003805 -0.007824
0.019005 0.011263 0.008051
0.009135 0.0241 0.074541
0.020687 -0.007795 -0.013224
0.021477 -0.0269 0.016806
0.0203 0.00098 -0.015624
-0.02168 -0.000505 0.012976
-0.037207 0.010325 0.053606
-0.022543 0.001795 0.011126
1e-05 0.014871 -0.001794
-0.033643 -0.0168 0.015146
-0.02 0.00099 0.010298
0.02059 -0.01017 -0.011424
-0.03954 -0.00325 0.074206
-0.016995 -0.01004 -0.005124
-0.02061 -0.01013 0.009776
-0.021692 0.013745 -9.9e-05
0.02155 -0.009495 -0.010849
0.033282 -0.010125 0.038314
-0.032545 -0.0202 0.021288
-0.038472 -0.0068 0.041639
0.020915 -0.00467 -0.014624
0.018943 -0.004337 0.012976
-0.0242 0.0236 0.053366
0.018163 -0.00421 -0.013574
-0.017685 -0.007815 -0.010849
0.02538 0.01625 0.080796
-0.026945 0.022075 0.050319
-0.01639 0.00641 -0.006524
-0.023038 0.00847 0.005526
-0.024253 0.00142 0.002776
-0.01751 0.00256 -0.012774
0.029725 -0.01165 0.081164
0.0229 -0.00972 0.004876
-0.03239 0.009175 0.013294
-0.03665 0.00035 0.081629
-1e-05 -0.014871 0.000149
-0.016002 0.005535 0.002776
0.016138 -0.001185 0.006176
0.019377 0.00053 -0.015574
-0.01881 -0.00969 -0.011424
-0.0177 -0.032 0.058671
0.02147 0.003755 0.012626
-0.028845 0.01985 0.034801
0.030842 -0.017225 0.060876
-0.018852 0.003037 0.013201
0.03293 -0.0071 0.052001
0.01685 -0.00861 -0.006524
0.020942 -0.010395 -0.010849
-0.039075 -0.002175 0.048036
-0.031635 -0.0195 0.013759
-0.01924 0.01299 -0.007174
0.015755 -0.00281 0.001351
-0.0371 -0.0127 0.081978
-0.0242 -0.00423 -9.9e-05
0.0209 0.00298 -0.015074
-0.00454 0.024775 0.081818
0.021182 -0.01272 -0.007174
-0.014755 0.02525 0.077494
0.02273 -0.00157 -0.012324
-0.03466 -0.0154 0.015676
0.00999 -0.01501 0.039176
-0.020005 -0.005675 -0.014559
0.01727 0.007415 -0.009699
-0.02105 -0.00508 0.012626
-0.039352 -0.00185 0.063704
-0.020005 -0.00588 0.003703
0.021275 -0.000295 -0.015074
0.01908 0.00758 -0.013224
0.019377 0.00053 0.013926
-0.036673 0.006275 0.031336
-0.027183 0.01795 0.014521
-0.024402 0.0238 0.056636
0.02345 -0.00472 -0.009124
0.023757 -0.001195 -0.008474
0.016337 -0.006485 0.004176
-0.02091 -0.010355 -0.010849
-0.02121 -0.00968 -0.011424
0.02315 0.00858 0.004876
0.019525 -0.00912 -0.012324
0.021242 -0.01017 0.009201
0.019685 -0.00412 0.013426
-0.022108 0.00287 -0.013574
-0.021275 -0.000255 0.013426
-0.0188 0.001615 -0.015074
-0.01628 -0.003665 -0.007824
0.018175 -0.00946 -0.010274
-0.017632 -0.00979 0.006826
0.016618 0.001165 0.008626
0.01937 -0.00532 0.012976
-0.016118 -0.006865 -0.001549
0.0171 0.00969 -0.006524
0.023623 0.003505 0.006826
0.016463 -0.007935 -0.004424
0.021998 0.00553 -0.012774
-0.01953 -0.00603 0.012626
0.020387 -0.006095 -0.014274
-0.031057 -0.0213 0.014989
0.022715 0.00758 -0.009699
0.01939 -0.010165 0.009776
-0.010297 -0.03075 0.030274
-0.038237 -0.00255 0.031841
-0.037793 -0.01625 0.056636
-0.019993 0.01114 -0.001794
0.03331 0.00545 0.023221
-0.007505 0.0199 0.013946
0.00999 -0.01501 0.029176
0.018843 -0.012737 -0.007174
-0.02084 0.00402 -0.014849
-0.020397 0.00407 -0.015074
-0.033245 0.0111 0.014811
0.0 0.0 0.039176
0.024223 -0.004295 -0.000824
0.010005 0.00749 0.039176
-0.02193 -0.012005 -0.006524
0.017687 -0.011435 0.004176
-0.016463 0.007835 0.002776
-0.021368 -0.01103 0.008051
0.022242 0.00638 -0.011874
-0.017405 0.00101 -0.012774
-0.009995 0.00751 -0.000824
0.02085 0.013855 0.002776
-0.019995 0.00739 0.000149
0.020617 -0.00657 -0.013924
-0.02429 -0.00283 -0.001549
-0.03083 -0.019075 0.013203
0.025957 -0.021625 0.081081
-0.018715 0.013963 0.000626
-0.02173 -0.007155 -0.012324
0.02126 0.000505 -0.015074
0.02767 -0.02115 0.014921
-0.01999 0.01312 0.006176
0.018737 -0.01016 0.009201
0.016697 0.007265 -0.007174
0.021327 -0.008745 0.010226
-0.038117 -0.003 0.028666
-0.03743 -0.016175 0.050384
-0.020775 0.00647 0.012276
0.024268 -0.001345 -0.004424
-0.015725 1e-05 0.003476
0.018652 0.01104 0.008051
-0.017947 -0.01284 -0.002274
0.020363 0.011705 0.008051
0.019298 0.005855 0.012626
-0.03947 -0.00275 0.054576
0.015627 0.001415 -9.9e-05
-0.03535 -0.01955 0.046851
-0.035552 -0.00935 0.015599
-0.021773 -0.00898 -0.010849
-0.023273 0.00737 0.005526
-0.021823 -0.00128 -0.014274
0.02076 0.012955 -0.007174
-0.03209 0.0173 0.081531
0.01709 0.00399 -0.011424
0.01977 0.006155 -0.014274
0.018878 0.009162 -0.011874
0.02277 0.011155 0.002076
0.028115 -0.01865 0.080956
-0.01999 0.012412 0.007454
0.032968 -0.005625 0.015783
0.01999 -0.008895 -0.012774
-1e-05 -0.009829 -0.012022
-0.0329 -0.0184 0.015541
-0.034282 -0.023575 0.068661
-0.018897 -0.00206 0.013426
-0.023382 0.009295 -0.002274
-0.030095 0.01625 0.018961
0.019648 -0.000795 -0.015624
0.020165 0.002055 -0.015574
-0.022035 -0.01013 -0.009124
0.02648 0.01465 0.015796
-0.01851 -0.01214 -0.007824
0.016728 0.00734 0.005526
-0.019842 -0.00418 -0.015074
-0.019143 0.01419 0.001351
0.022403 -0.005545 0.010226
0.03299 -0.0116 0.041651
-0.036295 -0.01785 0.047046
0.02155 -0.01007 0.008626
-0.009562 0.02545 0.077574
-0.020707 -0.005855 -0.014274
0.02998 -0.00595 0.080741
0.02956 -0.00665 0.081511
-0.01774 0.01126 -0.006524
-0.020363 -0.012855 -0.007824
-0.017665 0.007835 0.009201
0.015935 0.001315 -0.006524
0.022072 0.01283 0.000626
-0.018065 0.00261 0.012276
0.02201 0.00443 0.011576
0.01807 -0.012035 -0.006524
-0.01999 0.00832 0.011576
0.015965 -1e-05 -0.007174
-0.023888 -0.006855 -9.9e-05
0.0128 -0.031 0.039321
-0.0179 1e-05 -0.013924
-0.021395 -0.00183 -0.014849
0.02441 -2e-05 0.002076
-0.021998 -0.01253 -0.004424
0.01919 0.00108 0.013876
-0.004483 0.025125 0.081556
0.02423 0.00278 -0.003724
0.016378 0.003515 -0.008474
-0.03814 -0.01605 0.073486
0.016685 0.004515 0.008051
-0.017615 0.02045 0.014029
-0.01641 0.00801 0.002076
-0.02372 0.003695 -0.007824
0.02075 -0.00252 0.013651
-0.01595 -0.00559 -0.003724
0.022295 -2e-05 -0.013574
0.024802 0.016275 0.015911
0.020165 0.002055 0.013926
0.022145 0.003755 0.011576
0.020473 -0.00472 -0.014849
-0.016572 0.009385 -0.000824
0.018227 -0.00901 -0.010849
0.018948 0.006557 -0.013574
-0.02174 0.00357 -0.013924
0.021158 0.012705 -0.007174
-0.01984 0.00627 -0.014274
0.018395 0.004215 -0.013924
0.020227 -0.006845 -0.013924
-0.017443 0.00156 0.011126
0.02001 0.01483 -0.001549
-0.020002 -0.00633 0.012626
0.019152 0.007005 -0.013574
0.018287 -0.013735 -0.001549
0.01915 -0.01389 0.002776
-0.01901 -0.006683 0.011926
0.018743 0.013862 -0.002999
0.016585 -0.00611 -0.007824
-0.020465 -0.00233 -0.015524
-0.018237 -0.00234 0.012626
0.024208 -2e-05 -0.005824
-0.022695 -0.010805 0.003476
-0.01856 -0.001038 0.013201
0.019917 0.002105 -0.015574
-0.037152 0.0037 0.031424
0.00656 -0.0329 0.052336
-0.018737 0.01016 0.009201
0.020082 -0.00142 0.013976
0.023475 -0.00767 -0.005124
0.01999 -0.011218 -0.010649
0.01999 -0.008295 0.011571
-0.020005 -0.00698 -0.013924
0.018415 -0.029575 0.076134
-0.037135 -0.00335 0.019488
0.031548 0.00665 0.015776
0.021628 -0.003045 0.012626
-0.01845 -0.009465 -0.010849
-0.02001 -0.01193 -0.009699
0.020705 -0.00157 0.013876
0.020857 0.014155 0.001351
-0.01809 -0.009815 0.008051
0.01713 0.005015 -0.010849
-0.038135 0.0062 0.077089
0.018002 -0.01256 -0.004424
0.02324 -0.00897 0.003476
0.016708 0.009115 0.002776
-0.022405 0.01202 -0.002999
-0.016825 0.01056 -0.001549
0.022455 0.01218 -0.000824
0.02125 -0.01382 -0.003724
0.02116 -0.026 0.014844
-0.02001 -0.01178 0.008231
0.020005 0.006475 -0.004574
0.02359 0.00798 0.002076
0.01958 -0.000295 0.013976
-0.004 0.02565 0.070859
-0.019752 0.00347 -0.015299
0.021965 -0.002095 0.012276
-0.023348 -0.005855 0.006826
-0.01709 -0.00399 -0.011424
0.02001 0.012375 -0.009099
0.02149 -0.01217 0.006176
-0.019215 -0.013285 -0.006524
-0.019752 -0.002005 -0.015574
0.022057 0.01278 -0.002999
0.01842 0.01279 0.004876
-0.015837 -0.004215 0.001351
-0.015088 -0.0286 0.015041
0.02957 0.003075 0.081366
0.01937 -0.00722 -0.013574
-0.03691 0.00365 0.028191
0.023818 0.003805 0.005526
0.018137 -0.00621 0.011126
0.01751 0.00689 0.009201
-0.01 -0.002906 0.013794
0.015575 -1e-05 0.001351
-0.020705 0.00157 -0.015524
-0.017158 0.022875 0.031413
0.03016 -0.006975 0.080879
0.017717 0.0199 0.022553
0.02338 0.00748 0.004876
0.022053 -0.01287 -0.002274
0.011707 0.01985 0.015049
0.018795 0.013213 -0.005824
-0.01999 0.008295 -0.013217
-0.021497 0.009595 0.009201
0.005335 0.0247 0.064524
-0.034995 -0.0175 0.027606
0.02239 -0.00972 -0.008474
-0.019752 -0.002005 0.013926
0.03198 -0.01425 0.051906
-0.02016 -0.00623 -0.014274
-0.02042 -0.000255 0.013976
-0.021008 -0.008105 -0.012774
-0.023518 -0.003505 -0.009124
0.000592 0.02535 0.081639
-0.01913 2e-05 -0.015524
-0.01831 0.01351 0.002076
0.019993 -0.00767 -0.013574
0.020002 0.00633 -0.014274
0.01971 0.010357 -0.011424
-0.019685 -0.00183 0.013926
-0.021825 -0.00943 -0.010274
0.024223 0.004255 -0.000824
-0.032635 0.01785 0.080956
-0.02048 0.00402 -0.015074
0.020615 -0.00287 -0.015299
0.01684 -0.01051 -0.002274
0.016578 0.007665 0.004176
0.024133 -0.001345 -0.005824
0.017993 0.01254 -0.004424
-0.017518 0.019775 0.013689
0.013162 0.022625 0.051666
-0.020438 -0.014555 -9.9e-05
0.007132 -0.029725 0.015719
-0.018795 -0.013438 0.003476
-0.021447 0.00712 -0.012774
0.01635 0.0215 0.082446
0.031265 -0.00645 0.073731
0.02985 -0.006625 0.081126
0.022805 -0.00302 0.010226
-0.023513 -0.00623 -0.007174
0.018018 -0.01221 0.004176
0.01785 0.01059 -0.007824
-0.022145 -0.003755 -0.013224
-0.038387 -0.010225 0.081461
0.023248 0.003155 0.008626
0.013093 -0.029875 0.024506
0.03245 0.00255 0.015851
0.01781 -0.00156 -0.013574
0.034052 -0.006375 0.020784
0.02256 -0.00577 0.009776
0.01958 0.000255 0.013976
-0.017972 0.01256 0.002776
-0.031202 0.0193 0.050198
-0.033932 0.0166 0.053529
0.02102 -0.001095 0.013651
0.01999 -0.011815 0.008231
0.017887 0.008765 0.008626
0.023485 0.00763 0.003476
-0.01919 -0.00108 -0.015524
0.020715 0.01263 -0.007824
-0.034345 -0.012075 0.013929
0.02275 -0.011195 -0.003724
0.030765 0.00935 0.061086
0.0179 -1e-05 0.012276
-0.035137 -0.0215 0.076458
-0.019582 -0.014457 -0.002999
0.01999 -0.00832 -0.013224
-0.019847 -0.00688 0.012276
-0.0224 -0.00653 -0.011424
0.020785 -0.01332 -0.006524
-0.015935 -0.001315 0.004876
0.032217 0.00585 0.058251
0.019377 -0.004495 -0.014849
-0.01622 0.00266 -0.007824
-0.04002 -0.0035 0.064213
0.021625 -0.01317 -0.005124
0.02 -2e-05 0.039176
0.021585 0.00753 0.010676
-0.019295 -0.00153 -0.015524
0.02108 -2e-05 -0.015299
0.020005 0.005285 -0.006124
-0.023645 -0.00498 -0.007824
-0.020522 0.009645 0.010226
0.004935 0.02225 0.031404
-0.01553 1e-05 -0.000824
0.01288 -0.030475 0.080761
0.018907 0.012388 0.006176
0.020165 -0.00282 -0.015524
-0.018793 0.00769 -0.012774
-0.01845 -0.01004 0.008626
-0.021465 0.00777 0.010676
-0.011917 0.0206 0.014148
0.019373 -0.00657 0.012276
0.015725 -1e-05 -0.005124
-0.00999 0.013 -0.008324
-0.021993 0.005545 0.011126
0.020775 -0.00647 -0.013924
0.025225 0.016925 0.025586
0.03403 -0.007 0.028166
-0.017918 -0.010365 -0.008474
-0.01664 0.00921 0.002076
0.03006 -0.006275 0.080741
0.030432 -0.019625 0.017263
0.016685 0.00199 -0.010274
0.016685 -0.004535 0.008051
0.01838 -0.001585 0.012976
0.02 -2e-05 0.029176
0.023415 0.00608 -0.007824
0.010188 -0.02875 0.014466
-0.024043 0.002745 0.004176
0.024305 0.00283 -0.000824
-0.022582 -0.004605 -0.011874
0.017942 -0.01281 -0.002999
-0.020165 -0.00278 0.013876
-0.019228 0.004992 0.012976
-0.005075 -0.0318 0.042616
0.009995 -0.027425 0.013819
-0.0392 -0.003225 0.077661
-0.009335 -0.02795 0.013658
0.01772 -0.00311 0.011576
-0.022975 0.005395 0.008626
-0.01939 0.010165 -0.011424
-0.03732 -0.018225 0.065699
-0.021565 0.00752 -0.012324
0.01601 -0.00266 -0.006524
-0.021795 -0.01103 0.006826
-0.031065 -0.0233 0.030364
-0.020772 0.004995 0.012976
0.022457 -0.009945 -0.007824
0.027837 0.012925 0.015466
-0.010998 -0.03155 0.042803
0.03208 -0.015875 0.038231
-0.01985 -0.00048 -0.015674
0.020652 -0.001795 0.013876
0.01739 -0.000785 0.011126
0.024335 0.00138 0.001351
0.022213 0.00128 0.011926
0.021395 0.00303 -0.014624
-0.03412 0.01465 0.037734
-0.030185 -0.0271 0.068468
-0.021713 -0.013705 -0.001549
-0.01967 -0.00268 0.013876
0.016175 -1e-05 0.006826
-0.02031 0.00682 0.012276
-0.0194 0.00202 -0.015524
0.01571 0.00284 -9.9e-05
0.00999 -0.011209 -0.010649
0.00999 -0.008286 0.011571
0.019995 -0.00702 0.012276
0.032705 0.00575 0.048291
0.022385 0.00153 -0.013224
0.009335 0.0242 0.067701
0.0212 -0.00162 0.013426
-0.04012 -0.004025 0.064304
-0.02273 0.00157 -0.012324
-0.01908 -0.00758 0.011576
-0.02123 -0.001055 0.013426
-0.01971 -0.009782 -0.011874
0.032395 -0.01595 0.028146
-0.038828 -0.001625 0.044721
-0.0209 -0.00298 0.013426
-0.01939 0.009015 0.010676
0.022315 -0.007845 -0.010849
0.012727 -0.030075 0.081116
-0.018808 0.004788 0.012626
-0.01676 -0.00894 0.003476
0.019093 -0.00384 -0.014849
-0.017545 0.01221 -0.000824
-0.021907 -0.00743 0.010226
-0.02701 -0.0264 0.027486
-0.01685 0.00861 0.004876
-0.017467 -0.0262 0.013136
0.022425 0.01198 0.001351
-0.01794 -0.008365 -0.010849
0.024113 -0.026375 0.062693
0.030987 -0.014375 0.070349
-0.0227 0.00202 0.010676
-0.015928 -0.00419 0.002776
-0.02297 -0.02995 0.055884
0.017247 0.003765 -0.011874
0.022505 -0.002345 -0.012774
0.019193 0.01346 -0.005824
0.017215 -0.011235 0.001351
0.02024 -0.00347 -0.015299
-0.033177 0.01405 0.025101
0.01881 0.00969 0.009776
0.018135 0.01169 -0.007174
0.015665 0.00139 -0.002999
-0.0229 0.00972 -0.006524
0.016865 0.00859 -0.006524
0.02372 -2e-05 -0.009124
-0.015365 -0.029175 0.018481
-0.020985 -0.00598 0.012276
-0.020398 0.002545 -0.015524
0.02386 -0.00687 -0.002274
0.032272 -0.015925 0.031539
0.01915 -0.014115 -0.003724
0.01639 -0.00641 0.004876
0.02303 0.0177 0.015826
0.017895 0.01079 0.006176
0.024253 -0.002845 0.001351
-0.031447 -0.025875 0.061768
-0.03765 0.010475 0.062841
0.02682 -0.0235 0.069423
0.023893 -0.00252 -0.007174
0.02061 0.01013 -0.011424
-0.017833 0.004685 0.011126
-0.021265 0.01397 -0.002274
0.019318 0.002658 -0.015299
-0.018237 0.00236 0.012626
0.022698 -0.01102 0.002776
-0.038627 0.00095 0.047748
-0.02043 -0.01453 -0.001549
0.01911 0.010363 0.009201
0.02061 0.01058 -0.010849
0.0319 -0.0042 0.067206
0.021603 -0.006795 0.011126
-0.02442 0.0189 0.014036
-0.018013 -0.001815 -0.013924
0.019453 -0.003043 0.013651
-0.021763 0.00237 -0.014274
0.019595 0.00333 -0.015299
0.022265 -0.000545 -0.013574
0.025392 -0.024225 0.016106
-0.018965 0.000818 -0.015299
-0.016688 -0.00594 0.006826
0.00166 -0.0282 0.013838
-0.02318 0.00437 0.008626
-0.022877 -0.02435 0.012891
0.031937 -0.017325 0.028206
0.01976 -0.00347 0.013651
1e-05 0.009053 0.010976
0.019997 -0.003835 0.009669
0.020802 -0.002295 0.013651
-0.023145 -0.01043 -0.002999
-0.02 -0.00568 -0.014624
0.023635 0.00803 0.000626
-0.02043 -0.01438 0.002076
-0.02191 0.012045 -0.006524
-0.026855 -0.02335 0.013191
-1e-05 -0.009829 0.010381
0.02206 -0.008395 -0.010849
0.016335 -0.00816 -0.000824
0.021335 -0.00447 0.012626
-0.019393 0.000845 -0.015574
0.020397 0.007355 -0.013574
0.019997 -0.003268 0.001051
-0.020772 -0.004955 -0.014624
-0.022753 -0.003755 0.010226
0.00999 -0.011806 0.008231
0.01829 -1e-05 -0.014624
0.02061 0.00898 0.010676
-0.02172 -0.00853 -0.011424
-0.018875 -0.007132 -0.013224
0.01595 -0.00561 0.002076
0.01902 0.005983 -0.013924
0.020825 -0.000845 -0.015524
-0.02125 0.01382 -0.003724
0.033557 -0.006525 0.038344
0.02126 -0.00057 -0.015074
-0.023585 -0.00233 -0.009124
-0.022768 -0.00098 -0.012324
-0.022305 -0.01158 -0.005124
0.0229 -0.00972 -0.006524
-0.02029 0.00867 -0.012774
-0.00823 0.02365 0.041656
-1e-05 -0.01299 -0.008324
0.02491 0.016325 0.016348
-0.020865 -0.01433 -0.000824
-0.022777 -0.01123 -0.002999
0.03253 -0.01295 0.048491
-0.022193 -0.011005 -0.007174
0.018775 -0.013462 -0.005124
-0.018183 0.011485 -0.007824
0.032513 0.007375 0.031496
0.032637 0.0032 0.051736
0.019993 -0.009165 -0.007224
-0.016815 0.00721 -0.007824
0.03148 -0.0187 0.028266
-1e-05 -0.011797 0.008231
-0.0188 -0.00399 -0.014624
-0.021805 0.00947 0.008626
0.021662 0.006655 0.011126
-0.036975 -0.018125 0.059478
-0.0304 -0.0248 0.040171
0.031685 0.00915 0.034826
-0.019993 0.006615 0.012541
-0.018885 0.01965 0.013676
-0.023058 0.010245 -0.004424
0.021605 0.00533 0.011926
0.017338 -1e-05 -0.012774
-0.018727 -0.014062 -0.000824
-0.02396 0.001345 0.005526
-0.020388 0.01357 0.004876
0.020005 0.00373 -0.007319
0.031638 0.0092 0.038156
-0.021395 0.00307 -0.014624
0.032082 -0.01135 0.061228
0.033333 -0.013125 0.020481
-0.01915 0.01389 0.002776
-0.022438 0.000795 -0.013224
0.02 -0.00099 -0.004444
-0.022747 0.02385 0.053431
0.018303 -0.013585 0.001351
0.019997 -0.00637 0.012626
0.01941 0.010135 0.009776
-0.006763 -0.031675 0.080679
0.021005 0.00253 -0.015074
-0.019758 0.009295 -0.012324
-0.0197 0.00102 0.013976
0.015928 0.00419 0.002776
0.02219 -0.00157 0.011926
-1e-05 -0.0075 -0.013814
-0.019345 0.0237 0.044418
-0.018555 -0.011815 0.006826
0.020082 -0.00142 -0.015624
-0.035537 0.0063 0.018978
-0.01917 -0.014135 0.001351
0.02075 0.00248 -0.015299
0.02658 -0.0221 0.014626
-0.016685 -0.00234 0.008626
0.018395 -0.004235 0.012276
-0.01586 1e-05 0.004876
0.021395 -0.00187 -0.014849
0.01759 -0.00971 0.006826
-0.038817 -0.01005 0.057251
0.019602 -0.007395 -0.013574
-0.02318 0.00437 -0.010274
-0.0378 0.0037 0.041221
0.019997 -0.002865 -0.007691
-0.019752 -0.00273 0.013876
-0.032362 0.017575 0.081244
-0.015747 0.00141 -0.004424
0.023185 0.00718 -0.007824
0.029912 0.01185 0.015958
-0.030412 0.019875 0.081328
0.029545 -0.005525 0.081244
0.024117 -0.005695 -9.9e-05
0.0212 -0.00402 -0.014624
0.02337 -0.00752 0.004876
-0.020145 -0.0251 0.012936
0.032305 0.007425 0.041461
-0.021665 0.00397 0.012276
-0.02159 -0.00208 -0.014624
0.023005 -0.01007 0.003476
0.01846 0.021275 0.048359
-0.02469 0.01955 0.015926
-0.039547 -0.00235 0.060771
-0.036545 0.01225 0.080446
0.033575 -0.006675 0.016381
0.02177 -0.00712 -0.012324
-0.019835 0.00422 -0.015074
0.00895 0.0241 0.077938
0.020005 0.005675 -0.014559
-0.01969 0.010393 -0.011424
0.023983 0.003955 0.004176
-0.01999 0.01301 0.006676
0.017305 -0.010835 0.003476
-0.033815 -0.0208 0.036946
0.021335 0.00443 -0.014274
0.02369 -0.00237 -0.008474
0.017252 -0.01101 0.002776
-0.022303 -0.00398 0.011126
-0.015822 -0.002715 -0.004424
-0.01899 0.0203 0.014031
0.020243 0.00868 -0.012774
-0.03358 -0.01475 0.013506
-0.02001 -0.01058 0.009776
-0.03946 -0.002575 0.070506
0.019175 0.000805 0.013876
-0.009673 0.0242 0.081998
-0.022758 0.01127 0.001351
0.033918 -0.0022 0.028166
-0.02174 0.00582 -0.013224
0.032862 0.005675 0.044863
-0.02042 -0.000255 -0.015624
-0.016183 -0.003815 -0.007174
-0.02345 -0.00468 -0.009124
0.02426 0.00278 0.000626
-0.022832 0.009495 -0.007174
-0.019997 0.00267 -0.003474
0.031565 -0.00635 0.070459
-0.02069 0.007145 -0.013574
-0.027965 -0.02755 0.046721
0.03276 -0.0086 0.051946
0.019528 -0.00472 0.013201
0.022765 -0.011245 -0.002999
0.016567 -0.007685 -0.005824
0.017705 -1e-05 0.011926
0.02 0.002898 -0.011684
-0.032707 -0.024525 0.058776
0.02119 -0.00972 -0.011424
-0.019685 -0.030275 0.043044
0.016085 -0.003985 0.004876
-0.034725 0.01015 0.021911
0.000917 -0.03185 0.039063
0.021582 -0.008195 0.010226
0.020638 -0.000295 0.013926
-0.01919 0.00112 -0.015524
0.017908 0.00699 -0.011874
0.017773 0.006315 0.010226
0.02382 0.00678 -0.003724
-0.020202 -0.000255 0.014026
0.024247 -0.0263 0.059816
0.029805 -0.014575 0.080823
0.017022 -0.00301 -0.011424
-0.027348 0.01825 0.015491
0.018377 -0.009935 0.008626
0.03295 -0.0086 0.048551
0.01958 0.000255 -0.015624
0.020397 0.00403 0.013426
-0.02001 -0.00943 -0.012324
0.024162 -0.00282 0.002776
0.01726 -0.00486 0.009776
1e-05 0.008276 -0.013217
0.015928 -0.005635 -0.002999
0.021125 -0.00717 0.011576
-0.029122 0.020925 0.081161
0.016572 -0.009385 -0.000824
0.01001 0.010598 0.009786
-0.02001 -0.00943 0.010676
-0.022105 0.01082 0.006176
0.024155 0.00418 0.001351
-0.022438 -0.000755 0.011576
-0.01976 -0.00483 0.013201
0.018502 0.009565 0.009201
-0.027693 -0.0246 0.018496
-0.02226 -0.01123 0.004876
-0.020775 -0.008855 -0.012324
0.019085 -0.004665 -0.014624
0.019917 -0.00427 -0.015074
0.020005 0.00685 0.002023
-0.01957 0.014418 -0.003724
-0.016483 0.003535 -0.009124
0.01832 0.000515 -0.014624
-0.016855 0.01046 0.001351
-0.00999 0.010612 0.009786
0.017785 -0.010935 0.005526
0.02358 0.018975 0.044866
0.01999 -0.0145 0.003066
0.019138 -0.007045 -0.013574
0.016753 -0.001185 -0.010849
0.009995 -0.005701 -0.014559
-0.02 0.00292 0.013876
-0.019835 0.00137 -0.015624
-0.01877 0.001065 -0.015074
-0.020165 0.00137 0.013976
0.02055 0.005955 0.012626
-0.034215 -0.02345 0.072426
-0.01999 0.01197 -0.009699
0.03412 -0.0048 0.025686
-0.021005 -0.00133 0.013651
-0.037125 -0.002825 0.019511
-0.037375 -0.0026 0.081514
-0.016472 -0.007815 -0.004424
0.028565 0.01425 0.034906
-0.038828 -0.00685 0.048004
0.031725 -0.0143 0.058176
0.028225 -0.0218 0.066171
-0.019885 0.0222 0.028101
0.019835 0.00278 -0.015524
0.018935 -0.000292 0.013651
-0.016955 -0.004165 0.009201
-0.023247 -0.00098 0.009201
0.007115 -0.02885 0.014161
-0.003263 0.02085 0.015368
-0.03788 0.0087 0.053606
-0.01001 -0.00749 0.012166
0.02154 0.00623 -0.013224
-0.018125 0.005135 -0.013224
0.030165 -0.0102 0.080796
-0.017383 -0.00444 -0.011874
-0.01682 -0.00434 0.008626
-0.02405 0.00562 0.002076
-0.03928 -0.0039 0.081361
0.01826 0.00354 -0.013924
0.01975 0.0195 0.025406
-0.021837 -0.00418 -0.013574
-0.01751 1e-05 -0.013224
-0.019377 -0.003658 -0.015074
0.02129 -2e-05 0.013426
-0.02 0.000745 0.014026
0.02001 0.008855 0.011126
-0.031038 0.0148 0.015811
-0.01999 0.01477 -0.002999
-0.02992 -0.026925 0.058818
0.026915 0.015475 0.025556
0.016753 0.001165 0.009201
-0.02339 -0.00928 -0.002274
0.020315 0.00478 0.013201
-0.037398 -0.013 0.041184
0.005263 0.0249 0.071164
0.031025 -0.01575 0.066746
0.001065 0.020975 0.015979
-0.018125 -0.005115 -0.013224
0.034075 -0.00505 0.023206
0.01999 -0.01312 -0.007824
0.01999 -0.01502 0.039176
-0.019318 0.002692 0.013651
0.01931 0.007105 -0.013574
0.024425 -2e-05 -0.002999
-0.0376 0.006275 0.044248
0.009995 -0.00751 -0.000824
-0.021068 -0.011705 -0.009124
0.017863 -0.002335 -0.013574
-0.020465 0.00237 -0.015524
0.018933 -0.012087 -0.008474
-0.016753 -0.003165 -0.010274
-0.02127 -0.01383 -0.002999
-0.02 -0.00288 0.013876
0.018395 0.00534 0.011926
0.02285 -0.026575 0.076303
0.02 -0.00196 -0.011814
0.01907 -0.029525 0.068838
0.018335 0.002815 -0.014274
0.02338 0.00748 -0.006524
0.03146 -0.01715 0.044946
0.02043 0.01443 -0.002999
-0.015882 0.00141 -0.005824
0.01655 0.00469 -0.009124
-0.021845 0.00107 -0.014274
-0.020002 -0.003227 0.001051
0.019285 -0.011965 -0.009124
0.018537 -0.005687 0.011926
-0.023313 0.00597 0.006826
0.013185 -0.0276 0.014306
-0.02964 -0.026675 0.053009
0.021245 0.00253 0.013201
-0.038575 -0.00335 0.081371
0.02746 -0.021025 0.014709
0.0305 -0.01985 0.025468
-0.01877 -0.00106 -0.015074
0.01969 0.00678 0.012276
0.019012 0.008108 -0.012774
0.01546 0.0201 0.016926
-0.019015 0.006017 0.012276
0.01661 -0.00931 -0.002274
0.019993 -0.01088 0.002093
0.017458 0.001765 0.011126
0.024095 -0.00567 -0.002274
-0.016355 0.00501 0.006176
-0.019047 -0.001557 -0.015299
-0.01682 -0.00434 -0.010274
-0.02365 -0.00808 -9.9e-05
-0.020007 -0.011102 -0.001794
-0.018953 -0.011713 0.007476
-0.023585 0.00237 -0.009124
-0.011882 -0.032425 0.061551
-0.02414 2e-05 0.004876
-0.034975 0.0151 0.050431
-0.029277 0.02195 0.062889
0.018798 -0.013062 0.004876
-0.007505 0.019625 0.013796
-0.018575 -0.001312 -0.014849
-0.023045 0.00202 0.009776
0.016845 0.01054 -9.9e-05
0.01999 -0.01472 0.002076
0.023117 0.006955 -0.008474
0.01831 -0.01351 0.002076
-0.022902 0.00802 0.006826
0.01874 0.000535 -0.015074
0.021875 0.005105 0.011576
-0.021348 0.01107 0.008051
0.0203 -0.00102 0.013976
-0.038055 -0.015875 0.077246
-0.023068 0.008395 -0.007174
0.01898 -0.001092 -0.015299
-0.02 -0.00358 0.013651
0.017933 0.01299 -0.000824
0.02338 0.0194 0.067406
0.017563 0.000765 -0.013224
-0.019997 0.003268 0.001051
-0.03246 -0.018 0.013781
-0.023245 0.005745 0.007476
-0.02015 0.00757 0.011926
-0.018065 0.00261 -0.013924
-0.019348 0.001795 -0.015524
0.02827 0.014475 0.051356
-0.01723 0.011185 0.002076
0.032727 0.000575 0.051753
0.030938 0.0094 0.057981
-0.019595 0.00057 0.013976
-0.018538 0.00714 0.011126
0.019047 -0.001593 0.013651
0.022873 0.00198 -0.011874
-0.022795 0.011345 -0.001549
0.02031 0.011705 -0.009699
-0.02365 0.023725 0.081218
-0.021395 -0.00183 0.013201
0.01001 0.009821 -0.012022
0.020555 0.00463 -0.014849
-0.035383 0.01185 0.037694
-0.016185 -0.00679 -0.003724
0.0067 -0.0325 0.045606
0.01895 0.000532 -0.015299
-0.027383 0.0224 0.056601
0.03147 -0.005 0.070454
0.02001 0.01273 0.006826
-0.020007 -0.008532 0.006356
0.019658 0.012157 -0.009124
-0.020383 0.001695 -0.015574
0.01984 -0.00627 -0.014274
1e-05 0.009053 -0.012619
-0.01655 0.00236 -0.009699
0.020397 -0.00407 -0.015074
0.023 -0.00817 -0.007824
-0.021433 -0.003955 -0.014274
-0.023625 0.00807 -0.002274
-0.036192 0.00885 0.031248
0.019612 0.012482 -0.008474
0.02184 0.019625 0.041686
0.02174 0.00353 0.012276
0.016753 -0.003185 0.008626
0.012602 -0.03115 0.042741
-0.036395 -0.01605 0.034376
0.018562 -0.03005 0.043186
-0.02359 -0.00798 0.002076
-0.02318 2e-05 0.009776
0.028358 -0.0228 0.037763
0.02 0.000952 0.002799
-0.016002 -0.005515 -0.004424
-0.023315 0.004545 0.008051
-0.02129 2e-05 0.013426
0.03249 0.006975 0.017749
-0.021285 -0.01393 0.000626
0.01682 -1e-05 -0.011424
-0.02059 0.01017 -0.011424
-0.035455 -0.01925 0.080926
-0.020503 -0.001255 0.013926
-0.037892 0.0089 0.076884
0.019842 0.00348 -0.015299
-0.020705 -0.007105 0.011926
0.03328 0.0053 0.018276
0.024155 -0.00422 -0.002999
-0.020452 0.023 0.038046
-0.034697 0.00615 0.014074
-0.016453 -0.00484 0.006826
-0.02 0.00196 -0.011814
-0.019145 0.000295 0.013876
0.01617 0.00684 0.001351
0.009235 0.02415 0.071121
-0.019295 0.007145 0.011926
0.023623 -0.003545 -0.008474
-0.019173 0.01394 -0.004424
-0.01001 -0.014477 0.003066
-0.021158 -0.012355 0.006176
-0.00527 -0.03215 0.049218
-0.022437 0.003345 0.011126
0.019993 -0.01127 -0.000824
-0.02001 -0.01447 0.003066
0.00999 -0.014881 0.000149
0.02284 0.0173 0.015426
-0.021275 0.000295 -0.015074
-0.03639 -0.0012 0.015591
-0.0216 -0.01278 0.004876
0.009215 -0.032425 0.055528
0.02184 0.011355 0.006176
0.02228 -0.00312 0.011576
-0.019305 -0.011035 -0.010274
0.00106 0.02175 0.022181
-0.019242 -0.003308 0.013426
-0.01636 0.02095 0.014971
-0.019363 -0.000255 0.013926
0.024335 -0.00142 -0.002999
-0.0197 0.00102 -0.015624
-0.021135 -0.00488 -0.014274
-0.02076 -0.012255 0.006826
0.022193 0.011005 -0.007174
-0.030685 0.02015 0.081041
-0.023125 0.01047 0.001351
-0.011247 -0.03185 0.049278
0.02001 0.012375 0.007454
-0.018705 -0.01059 0.008626
-0.007832 0.022175 0.024944
0.017148 -0.009485 -0.007174
-0.021625 0.01317 -0.005124
0.031605 -0.014325 0.061061
-0.017247 -0.003765 -0.011874
-0.020397 -0.00403 0.013426
-0.02001 -0.01498 0.029176
-0.018702 -0.002313 0.013201
-0.023815 0.0232 0.047251
-0.033052 0.016175 0.040991
0.02015 -0.00052 -0.015674
-0.019995 0.00752 0.039176
0.019993 -0.01114 0.000149
0.019093 0.005408 -0.014274
0.019993 -0.008567 0.006356
-0.01843 0.009485 0.009201
-0.023715 -0.00653 0.003476
-0.021263 -0.01013 -0.010849
0.019292 -0.005895 0.012626
0.019917 -0.000695 0.014026
0.022698 -0.009045 0.006826
-0.019385 -0.002833 -0.015299
-0.01851 -0.01214 0.006176
0.015747 -0.00141 -0.004424
0.020165 0.00753 -0.013574
0.022695 -0.005945 -0.010849
-0.02158 0.01282 0.004876
-0.03868 -0.0016 0.041496
0.01953 -0.00667 0.012276
-0.039175 -0.0027 0.048126
0.028642 0.011375 0.080656
0.01 -0.002922 -0.015434
0.021823 -0.00132 0.012626
-0.01999 0.01152 0.008626
0.01 0.002906 -0.015434
-0.036263 0.013875 0.073131
-0.02221 0.00742 -0.011424
7e-06 0.006596 0.012541
-0.018163 -0.007615 0.010226
0.017352 -0.002785 -0.012324
-0.020152 0.00692 0.012276
0.019242 -0.001345 -0.015524
-0.027585 0.0207 0.037996
-0.01981 -0.030425 0.046281
0.02345 0.002155 0.008051
0.01639 -0.00641 -0.006524
-0.00999 0.011806 0.008231
0.0184 -0.01281 0.004876
-0.035712 0.0013 0.014949
-0.0158 0.00426 -9.9e-05
0.017082 -0.00801 -0.008474
-0.038275 -0.00155 0.034931
0.032972 -0.006175 0.015801
-0.02001 -0.01498 0.019176
-0.020157 0.00562 -0.014624
-0.023893 0.00252 -0.007174
0.033973 -0.005875 0.020748
-0.00999 0.008286 0.011571
-0.01662 0.00751 -0.006524
0.031153 -0.006125 0.073716
0.02 -0.00196 0.010171
0.02325 0.005705 -0.009124
0.017572 0.012115 -0.001549
-0.023605 0.00642 0.004876
0.00999 -0.014492 0.003066
0.017303 0.009015 0.006826
-0.01853 -0.000513 0.013201
-0.017352 -0.002765 0.010676
0.022505 0.00693 -0.010849
0.01683 0.01059 -0.000824
0.033405 -0.01015 0.034921
-0.023743 -0.00513 -0.007174
0.016417 0.021125 0.031501
0.022718 0.009005 0.006826
0.031012 -0.006875 0.076989
0.020695 -0.01107 -0.010274
0.017205 0.011315 -0.001549
-0.01717 -0.00609 -0.010274
0.02033 -0.00272 0.013876
-0.019638 0.011742 0.008051
-0.017668 -0.002315 0.011576
-0.018795 -0.013213 -0.005824
0.033955 -0.00845 0.018251
0.031865 -0.015775 0.044978
0.023315 -0.00202 -0.010274
0.01698 0.02255 0.077876
0.026538 0.014425 0.081091
-0.022108 -0.00698 -0.011874
0.022855 -0.0244 0.014588
0.023058 -0.010245 -0.004424
0.020222 -0.00987 0.010226
-0.024275 -0.00283 -0.002274
0.018465 0.006237 -0.013224
0.020917 -0.006145 0.012276
0.021205 0.00623 -0.013574
0.020907 0.005405 0.012626
-0.016115 -0.00264 0.005526
-0.018705 -0.01059 -0.010274
0.021713 0.013705 -9.9e-05
0.03349 0.0005 0.034896
0.032747 -0.0055 0.051818
-0.02735 -0.0268 0.033916
0.019835 0.002055 -0.015574
0.021492 -0.002595 0.012976
-0.019917 -0.00283 -0.015524
-0.020638 -0.000255 -0.015574
-0.022835 2e-05 -0.012324
-0.018605 -0.00304 0.012976
-0.023973 0.02095 0.025096
0.01946 0.00298 0.013651
-0.021988 -0.001805 0.012276
0.031833 0.00765 0.051743
-0.022835 2e-05 0.010676
-0.0209 0.00302 -0.015074
0.018177 0.00129 0.012626
0.021048 -0.011295 -0.009699
-0.029347 -0.021775 0.013476
0.02001 0.01059 0.009786
0.016483 0.003515 -0.009124
0.023312 0.007255 0.005526
0.01629 -0.028825 0.019281
-0.018085 0.02415 0.047541
-0.01999 0.01152 -0.010274
-0.020388 0.01357 -0.006524
-0.017575 0.004435 -0.012324
0.019455 0.005955 -0.014274
0.001205 0.0257 0.071184
-0.03472 0.0115 0.028116
-0.017873 -0.027775 0.015001
0.01925 -0.002517 -0.015299
0.018248 0.01114 0.006826
-0.020165 0.00137 -0.015624
-0.02076 -0.012955 -0.007174
0.019835 0.002055 0.013926
0.021567 0.004405 -0.013924
0.030815 0.0103 0.016259
0.021448 0.01865 0.020043
0.02399 -0.00267 0.004876
-0.020473 -0.00468 0.013201
-0.020007 -0.006578 0.012541
0.022342 0.009455 -0.009124
0.033238 -0.006775 0.045166
0.030255 0.0128 0.034876
-0.020555 -0.00103 0.013926
-0.023202 -0.008755 -0.005824
-0.009518 -0.028875 0.015211
-0.020543 -0.009605 -0.011874
-0.021567 0.004445 0.012276
-0.020222 0.008145 0.011576
0.01591 0.0205 0.022476
0.016825 0.00719 0.006176
0.021205 -0.01347 0.003476
0.019012 0.00521 0.012626
-0.0191 0.003015 -0.015074
-0.02168 0.000545 -0.014624
0.022323 -0.009495 -0.009124
0.03387 -0.00615 0.017436
-0.017 -0.00814 -0.007824
-0.01586 1e-05 -0.006524
0.02375 0.001305 -0.008474
-0.023445 -0.006005 0.006176
-0.016693 0.009035 0.002776
-0.020615 0.00367 0.013426
0.021272 -0.014095 -0.000824
-0.021875 -0.005105 0.011576
-0.016755 -0.005715 -0.009124
-0.023318 -0.025725 0.013991
-0.022385 0.00157 0.011576
0.033235 -0.008375 0.016061
-0.019178 -0.009385 0.010226
-0.024385 0.02145 0.031441
0.018665 0.00444 0.012626
-0.016955 0.00201 0.009776
0.023605 -0.00642 -0.006524
0.019995 -0.00702 -0.013924
-0.020343 0.012895 0.006176
0.018575 0.001312 -0.014849
0.018148 -0.000785 -0.014274
-0.019305 -0.011485 -0.009699
0.02337 -0.00752 -0.006524
0.01709 -0.00401 -0.011424
0.03119 -0.0172 0.051716
0.018757 0.01014 0.009201
-0.017233 -0.00099 0.010676
0.016955 -0.00201 0.009776
0.032453 -0.008475 0.058348
-0.02 0.00196 0.010171
-0.02371 0.00667 0.003476
0.023527 -0.007845 -0.004424
-0.036142 -0.017275 0.081411
0.03345 -0.00835 0.016296
-0.03707 0.006 0.081064
-1e-05 -0.014111 -0.005609
0.01873 -0.013587 0.002776
-0.017195 0.00301 -0.011874
0.01508 0.01885 0.014693
0.02031 0.011255 -0.010274
0.0304 0.01 0.015843
0.020157 0.00558 0.012976
0.023008 -2e-05 0.010226
-0.022437 -0.003305 0.011126
0.02746 -0.02415 0.034341
-0.019445 -0.00103 0.013926
0.021093 -0.01207 -0.008474
0.018432 0.004415 0.012276
0.01875 0.013788 0.002076
-0.017252 0.01101 0.002776
0.019658 0.012508 0.006826
0.023303 -0.007295 -0.007174
0.021368 0.01103 -0.009699
0.017563 -0.003335 0.011126
-0.00999 0.014119 0.003969
0.021203 0.01303 0.004876
0.02094 0.00758 0.011576
-0.009675 0.024925 0.081476
0.020218 -2e-05 -0.015674
-0.012098 0.021575 0.018911
-0.020615 0.00722 0.011926
-0.02098 0.00602 -0.013924
0.01924 -0.01299 -0.007174
0.022822 0.01138 -0.000824
0.018852 -0.003037 0.013201
0.020695 -0.01232 0.006826
0.020438 0.014455 0.001351
-0.02001 -0.014095 0.003969
0.01736 -0.007085 0.008626
0.008252 -0.0328 0.071883
-0.017867 0.008835 -0.010274
-0.018735 -0.013988 -9.9e-05
0.02001 0.014597 -0.003734
-0.022385 -0.00153 -0.013224
0.004602 0.02035 0.014693
0.018095 -1e-05 -0.014274
0.016555 -0.006035 0.006176
0.022735 -0.004895 0.009776
-0.02856 -0.02315 0.014641
-0.024877 0.022175 0.041164
0.015717 0.002815 -0.001549
-0.016812 -0.008665 -0.005824
-0.018985 0.010837 0.008626
-0.016655 -0.00919 -0.003724
0.032615 -0.008525 0.055394
0.019783 -2e-05 0.014026
0.02008 0.020425 0.045026
-0.018857 0.009187 0.010226
0.02 -2e-05 -0.012074
-0.021343 0.002095 -0.014849
-0.023645 -0.00498 0.006176
0.01999 -0.013383 0.005774
0.016085 -0.003985 -0.006524
-0.020808 0.013495 -0.005824
0.017303 0.01099 0.002776
-0.037253 -0.0181 0.069464
0.018602 0.007213 0.011126
-0.02249 2e-05 0.011576
0.0209 0.00298 0.013426
0.018378 -0.010485 -0.009699
0.020082 -0.00287 0.013876
-0.01999 0.011815 0.008231
0.023273 -0.00737 0.005526
-0.01946 0.00302 -0.015299
-0.016948 0.00846 -0.007174
0.029893 -0.004425 0.081051
0.017963 0.01279 0.001351
-0.015725 1e-05 -0.005124
0.023945 0.00543 -0.005124
-0.01999 0.008295 0.011571
0.02273 0.00153 0.010676
-0.016395 0.00806 -0.002999
-0.038835 -0.01015 0.081306
0.02362 0.00808 -0.002274
0.0203 -0.00102 -0.015624
-0.02001 -0.01148 0.008626
0.0214 -0.00582 0.011926
0.020383 -0.001695 -0.015574
0.016205 0.00234 -0.007824
-0.02304 -0.024975 0.013206
0.019997 -0.002865 0.006046
-0.016125 -0.00689 -9.9e-05
0.03395 -0.005625 0.017846
-0.02207 -0.000505 0.012276
-0.021858 0.00622 0.011126
0.03176 -0.0129 0.066926
0.029545 -0.0188 0.073466
-0.019292 0.007795 0.011576
0.028495 -0.02165 0.060416
0.02292 0.00968 0.004876
0.019997 -0.00364 -0.001794
0.01777 -0.00741 0.009776
0.01959 0.014383 0.002076
0.024072 0.005605 0.001351
-0.0188 0.001615 0.013426
0.022155 0.005755 0.010676
-0.019595 0.00057 -0.015624
-0.019468 0.002195 -0.015524
0.03052 -0.006325 0.080246
-0.020583 0.02085 0.015886
-0.01895 0.003512 0.013201
0.02001 0.011185 0.009008
-0.02313 -0.01038 0.002076
0.0221 -2e-05 0.012276
-0.015695 -0.00284 -0.000824
0.021875 -0.005145 0.011576
0.019047 0.001557 -0.015299
0.01715 -0.007785 0.007476
-0.018375 -0.01314 -0.005124
-0.016472 -0.007915 0.002776
-0.017615 -0.006615 -0.011424
0.02001 0.01473 0.001351
-0.017953 0.000785 -0.013924
-0.018702 0.002337 -0.014849
-0.01586 -0.00419 -0.003724
0.019242 0.003308 0.013426
0.023345 -0.00922 -0.003724
-0.020315 -0.00548 0.012976
-0.016685 0.00236 -0.010274
-0.017113 0.001785 0.010226
-0.02063 0.00532 0.012976
0.02691 0.015225 0.020261
-0.023665 -0.00813 -0.000824
0.020343 -0.011295 -0.010274
0.015642 -0.001435 -0.002274
0.00105 0.019775 0.014066
-0.017022 -0.00299 0.009776
-0.017668 0.002335 0.011576
0.01635 -0.00811 -9.9e-05
0.005362 0.02495 0.067743
-0.023485 -0.00763 0.003476
-0.022985 -0.008205 -0.007824
-0.017785 0.010935 0.005526
0.023307 0.009005 0.002776
0.01001 0.009821 0.010381
0.034025 -0.00635 0.023256
-0.02241 -0.01193 0.002076
-0.021815 0.001595 -0.014274
0.017417 -0.004635 -0.011874
-0.01925 0.002517 -0.015299
0.019618 0.001655 0.013926
0.02988 -0.017325 0.073619
-0.03193 -0.01775 0.013461
0.020082 -0.00357 0.013651
0.02089 -0.009945 -0.011424
-0.02031 -0.010805 -0.010849
0.0335 -0.0071 0.041816
0.020363 0.012505 -0.008474
-0.018985 0.011287 -0.009699
0.01595 0.00559 0.002076
-0.022303 0.00402 -0.012774
-0.029575 0.0137 0.013254
0.02001 0.01178 0.008231
0.01952 -0.00402 0.013426
0.023795 -0.00237 -0.007824
0.028605 0.014025 0.025526
-0.023518 0.003545 0.007476
0.020002 0.00373 -0.000824
0.02274 0.004855 0.009776
0.021275 0.000255 0.013426
-0.02 0.0039 -0.015304
-0.02177 0.00707 -0.012324
0.006875 -0.031875 0.035864
-0.016888 -0.00099 -0.011424
-0.01816 0.011385 0.006176
0.033317 -0.013175 0.025511
0.020908 -0.001845 0.013651
-0.036693 0.0105 0.080746
-0.01695 0.0226 0.028066
0.023527 -0.007945 0.002776
-0.020473 0.00542 0.012976
-0.022595 0.00727 0.008626
-1e-05 -0.014485 -0.004704
-0.02257 0.010495 0.004876
0.021395 -0.00187 0.013201
-0.019842 -0.00558 0.012976
0.02204 0.00103 0.012276
-0.02001 -0.01148 -0.010274
0.020705 0.007105 0.011926
0.020473 0.003155 -0.015299
-0.021535 0.012495 -0.007174
0.03278 -0.0101 0.048496
-0.0217 0.01382 -0.000824
-0.01969 0.009242 0.010676
0.022745 0.00743 0.008051
0.022333 -0.002345 0.011576
-0.03561 -0.006225 0.014441
0.02127 0.00533 -0.013924
-0.01999 0.01277 0.006826
-0.019543 -0.00728 -0.013574
-0.036915 0.006325 0.034568
0.01695 -0.00676 0.007476
-0.02756 0.0217 0.081281
-0.022323 0.009495 -0.009124
-0.01916 0.00057 -0.015524
-0.023743 0.00517 -0.007174
0.01759 -0.01196 0.002076
0.019685 0.00548 -0.014624
0.025172 -0.024025 0.015246
0.02421 0.0178 0.077476
0.022783 0.000755 0.010676
0.03119 -0.01525 0.015116
0.016453 -0.00486 -0.008474
0.017438 0.019575 0.017058
-0.01957 0.014193 0.002776
0.019135 -0.014315 -9.9e-05
-0.02084 -0.00053 0.013876
-0.01957 0.013968 0.003476
0.030508 -0.005625 0.080286
-0.01758 -0.01214 -9.9e-05
0.017113 0.001765 -0.011874
0.017893 -0.00701 0.010226
-0.02414 2e-05 -0.006524
0.01916 0.00053 0.013876
-0.02041 0.01447 0.001351
0.03293 -0.00235 0.015856
-0.023892 -0.005355 -0.005824
0.019528 -0.00732 0.011926
0.031305 -0.00435 0.073806
0.03373 -0.0059 0.016986
-0.03367 0.016575 0.080933
0.02534 -0.02545 0.034273
0.01556 -1e-05 0.000626
-0.018633 0.01106 -0.009699
0.02318 -2e-05 0.009776
-0.020542 0.006645 0.012276
-0.016617 0.009235 0.001351
-0.020007 -0.01123 -0.000824
-0.030958 0.020425 0.080754
-0.018753 0.013637 -0.004424
0.01743 0.010465 0.004876
-0.01999 0.013383 -0.007419
-0.019167 0.00319 0.013426
-0.023045 0.004195 -0.010849
-0.024162 -0.004205 -0.002999
0.023837 -0.006845 -0.002999
0.017168 0.009465 0.005526
0.017815 -0.008685 0.008626
0.019842 0.00558 -0.014624
-0.011782 0.019275 0.013511
-0.02278 0.011295 -0.002274
0.022478 0.009905 0.006176
-0.038428 0.003525 0.050776
0.00105 0.0206 0.014516
0.020473 -0.00542 -0.014624
0.020002 0.001855 -0.004072
0.024358 0.001405 -0.002274
-0.019525 0.00797 0.011576
-0.017635 0.01161 0.003476
-0.01794 -0.012915 -0.001549
0.019545 0.00908 0.010676
0.022267 0.00418 -0.012774
-0.03027 -0.0207 0.013341
-1e-05 -0.009053 0.010976
0.018137 -0.01181 -0.007174
0.023682 -0.00252 0.006826
0.02024 0.00483 -0.014849
0.016587 0.009365 -0.000824
-1e-05 -0.01299 0.006676
0.02515 0.017425 0.044856
-0.034247 -0.0151 0.014288
0.02165 0.00103 -0.014624
-0.009392 -0.028475 0.014281
0.017335 0.00604 0.009201
0.020233 -0.001195 0.013976
0.01784 -0.002085 0.011926
0.024358 -0.001445 0.000626
0.00999 -0.014622 0.002093
-0.02053 0.020675 0.015426
-0.02 0.00572 0.012976
0.020002 0.003227 0.001051
0.0 -0.000971 0.014048
-0.038137 -0.01635 0.062856
0.02114 0.00713 -0.013224
0.0172 -0.011285 0.000626
-0.02867 0.0215 0.053314
-0.010007 -0.006587 0.012541
0.009855 -0.031325 0.036086
-0.00999 0.013373 -0.007419
-0.01781 -0.00154 0.011926
-0.018013 0.001835 0.012276
-0.016145 -0.001315 0.006176
-0.021035 0.000845 -0.015299
0.03282 -0.0131 0.041596
-0.01871 1.5e-05 -0.015074
0.020805 0.01373 -0.005124
0.019595 -0.00337 -0.015299
0.018995 -0.006717 -0.013574
-0.037065 -0.00975 0.028281
0.016617 -0.00336 0.008051
0.02597 0.01415 0.015181
0.021665 -0.002845 -0.014274
-0.01 1e-05 -0.015824
0.033197 -0.0056 0.045059
-0.01708 0.00971 0.004876
-0.02345 2e-05 -0.010274
-0.021455 -0.00078 0.013201
-0.0216 -0.01278 -0.006524
-0.01999 0.01492 -0.000824
0.019752 -0.00277 -0.015524
0.03032 -0.00875 0.080614
-0.016002 -0.005515 0.002776
-0.017735 -0.000515 -0.013574
0.022595 -0.00357 -0.012324
0.01 -1e-05 -0.015824
0.020343 -0.011745 -0.009699
0.017443 0.00154 -0.012774
0.019658 0.011257 -0.010274
-0.032968 0.0095 0.013591
0.018237 -0.00236 0.012626
-0.019602 -0.002505 0.013876
0.022595 -0.00357 0.010676
-0.019563 0.014493 0.001351
-0.01895 -0.000532 -0.015299
-0.021662 -0.00663 0.011126
0.008765 0.0241 0.081336
-0.016567 0.007585 0.004176
0.02089 -0.00937 -0.011874
0.019658 0.011707 -0.009699
0.023852 -0.006895 0.000626
0.019975 0.0198 0.031498
0.023295 -0.026675 0.030923
0.02141 -0.001595 0.013201
0.02099 -0.00672 0.011926
-0.018755 -0.002538 -0.014849
-0.016145 0.001335 -0.007824
-0.017708 -0.011415 -0.005824
-0.01 0.002922 -0.015434
0.03025 0.000625 0.080766
-0.020522 0.008495 -0.012774
0.019383 0.00653 -0.013924
-0.01833 -0.01349 0.002076
0.001448 -0.0306 0.023996
-0.01826 -0.00579 0.011576
0.023743 -0.00517 -0.007174
0.01892 -1.7e-05 0.013651
-0.019193 -0.01391 0.002776
-0.018808 -0.00766 0.011126
0.01853 -0.000537 -0.014849
-0.021955 0.007995 0.009776
-0.031035 0.02115 0.069546
0.021327 -0.005245 -0.013924
0.01937 0.00528 -0.014624
0.023517 -0.025875 0.019571
0.01642 0.00799 0.002076
0.03364 -0.0046 0.041626
0.020408 0.01248 0.006826
-0.012382 0.02285 0.031514
0.015642 0.001415 0.000626
-0.00345 0.02245 0.027939
0.021005 -0.00137 -0.015299
-0.02158 0.01282 -0.006524
0.021727 0.010805 -0.009124
-0.018095 1e-05 0.012626
0.026465 -0.023525 0.072989
0.031653 -0.017025 0.016726
0.019525 0.0193 0.022631
-0.018585 -0.02905 0.024441
-0.019685 0.00187 0.013926
-0.02 2e-05 0.019176
0.019525 -0.00797 -0.013224
0.03377 -0.005625 0.016986
0.019215 0.013735 0.003476
0.008265 0.0206 0.016696
0.018897 0.00206 0.013426
0.021898 0.020025 0.057908
0.02134 0.00668 0.011576
0.019528 0.00538 -0.014624
0.020405 0.00333 -0.015299
0.0184 -0.01281 -0.006524
0.019215 0.01351 0.004176
0.02159 0.00208 0.012976
0.018372 0.003015 0.012626
-0.02029 0.010845 0.009201
-0.00622 -0.032825 0.068319
0.020865 0.01423 0.000626
-0.019658 -0.011257 -0.010274
0.020805 0.013505 -0.005824
-0.038155 -0.00205 0.031741
0.024185 -0.00142 0.003476
-0.023605 0.00642 -0.006524
0.001485 -0.030275 0.021336
-0.0209 -0.00178 0.013651
0.02357 0.01905 0.048126
0.022545 0.01013 0.005526
0.013237 0.0231 0.061269
0.0263 -0.0218 0.080786
-0.020157 -0.00558 -0.014624
0.022243 0.000755 -0.013574
-0.01556 1e-05 -0.002274
0.02001 0.01498 0.029176
-0.021297 0.003545 0.012976
0.01756 -0.01216 -0.001549
-0.035205 -0.021625 0.072694
-0.033565 0.01805 0.073126
0.019145 -0.000295 0.013876
0.020222 -0.00872 0.011126
-0.003485 0.02445 0.051543
-0.02391 -0.026825 0.021496
0.020743 0.017325 0.014898
0.018633 -0.01106 0.008051
-0.016098 0.006935 -0.000824
-0.035635 0.0155 0.073081
0.02264 0.007105 0.008626
-0.02073 -0.02705 0.015526
0.0242 0.001305 0.003476
-0.018605 0.00306 -0.014624
0.014525 -0.031475 0.061913
0.023682 0.00248 -0.008474
0.021057 -0.004345 0.012976
0.02313 0.01038 0.002076
-0.021685 0.01367 -0.002274
0.024613 0.015875 0.015511
-0.023 0.00817 -0.007824
0.021088 0.018175 0.015676
0.016258 -0.00516 -0.007174
0.0285 -0.0157 0.081446
-0.02804 0.0224 0.077066
0.004602 0.0198 0.014394
0.02045 -0.00152 -0.015574
-0.03123 0.011525 0.013269
0.021293 0.014055 -0.000824
-0.033425 -0.0187 0.021356
-0.0321 0.01355 0.015289
-0.021962 0.01222 -0.005824
0.02371 -0.00657 -0.005124
-0.022728 0.01102 -0.004424
0.020983 -0.003695 -0.014849
-0.01772 0.00311 0.011576
-0.017867 0.004885 -0.012774
-0.018177 0.00131 -0.014274
-0.02441 2e-05 -0.003724
0.030872 -0.005175 0.077026
0.02001 0.01498 0.019176
0.017833 0.004665 -0.012774
-0.01638 0.00811 -0.002274
-0.006065 -0.03285 0.064431
-0.020473 -0.00538 -0.014624
0.029507 -0.017425 0.077069
-0.02595 0.0211 0.034746
0.02432 0.00138 0.002076
0.018677 0.021575 0.058054
-0.017655 -0.01159 -0.005124
0.023248 -0.003195 -0.010274
0.020555 0.00463 0.013201
0.021203 0.013255 -0.005824
0.02045 -0.00152 0.013926
0.021773 0.01113 -0.008474
0.016395 0.00639 -0.006524
-0.01696 -0.00674 -0.009124
0.021985 0.00663 -0.012324
0.02001 0.01378 0.004876
-0.031823 0.01965 0.059679
-0.02105 0.00352 0.013201
1e-05 0.01299 0.006676
0.01999 -0.01312 0.006176
-0.023133 0.019625 0.014496
-0.020907 0.005445 -0.014274
0.022335 0.007805 -0.010849
0.021295 -0.01062 0.008626
-0.00925 -0.0269 0.013193
0.01792 -0.010485 -0.008474
0.021985 0.00663 0.010676
0.019975 0.0199 0.034816
0.023187 -0.008695 -0.005824
0.03101 -0.0087 0.076916
0.01895 -0.003512 0.013201
-0.02147 0.000545 0.013201
0.03335 0.0002 0.016546
-0.01999 0.01476 -0.002764
0.020825 0.000805 -0.015524
0.020532 -0.002195 0.013876
0.023642 0.008105 -0.001549
0.017 0.00814 -0.007824
0.020953 0.001555 0.013651
-0.0188 0.00401 0.012976
0.021853 0.007605 -0.011874
0.01879 -0.00971 0.009776
-0.022338 0.011795 0.002776
0.02126 -0.000545 0.013426
0.032938 -0.006175 0.048486
-0.022603 0.021525 0.025071
-0.020007 -0.010472 -0.004639
-0.02 2e-05 -0.000824
0.02 -2e-05 -0.004574
0.02045 0.00148 -0.015574
-0.01916 0.004015 0.013201
0.023998 0.005505 -0.004424
-0.021142 -0.009155 0.010226
-0.00999 0.010612 -0.011424
-0.01911 0.02065 0.014976
-0.036427 -0.002775 0.015533
0.01917 0.014185 0.000626
-0.019593 0.013567 0.004876
-0.007705 0.0212 0.016191
1e-05 0.008276 0.011571
0.015928 -0.005635 0.001351
0.02305 0.00673 -0.009124
0.021387 -0.026375 0.015456
-0.03037 -0.0228 0.021334
0.023368 -0.009245 -0.002999
0.019145 -0.002067 -0.015299
-0.019285 0.011965 -0.009124
0.018298 -0.004885 -0.013574
0.03151 -0.0115 0.070256
-0.0228 -0.011255 0.000626
-0.01941 -0.008985 -0.012324
-0.017498 -0.01024 0.005526
0.019835 -0.00352 -0.015299
-0.030768 0.021175 0.062753
0.019235 0.004132 0.013201
-0.018933 0.011737 -0.009124
0.011528 0.018825 0.014366
-0.021875 0.005145 -0.013224
-0.02 -0.002898 -0.011684
-0.018535 0.00916 -0.011424
-0.020915 -0.00463 0.012976
-0.018665 -0.00444 0.012626
0.023968 0.00403 -0.005824
0.02045 0.00148 0.013926
0.016487 -0.00626 -0.007174
-0.023113 -0.003155 -0.010849
0.032655 -0.011525 0.048494
0.02162 0.001555 0.012976
-0.020987 0.005245 0.012626
0.020408 0.01353 0.004876
-0.039092 -0.0032 0.044996
-0.020405 -0.00333 0.013651
-0.022595 -0.00353 -0.012324
0.017113 -0.001785 0.010226
0.02378 -0.00267 0.006176
0.02083 -0.01422 0.000626
0.029498 0.01155 0.015543
-0.022595 -0.00353 0.010676
-0.021727 -0.010805 0.007476
0.021203 0.01303 -0.006524
0.020007 0.010847 -0.003734
-0.023945 -0.00543 0.003476
-0.029768 -0.022175 0.014606
-0.02304 0.00677 -0.009124
0.02311 -0.00557 0.008051
-0.018195 -0.00949 0.008626
0.032247 -0.00575 0.058201
-0.01999 0.01477 0.001351
0.019917 0.00138 -0.015624
-0.02378 0.00267 0.006176
-0.01835 -0.00104 0.012976
-0.01941 -0.010135 0.009776
0.01001 0.013729 0.004871
-0.019835 0.00282 0.013876
-0.02414 -0.00568 -0.000824
0.01708 0.0226 0.074456
0.021295 -0.01062 -0.010274
-0.0397 -0.0046 0.081606
0.021603 -0.01052 0.008051
-0.02144 0.00107 0.013201
-0.023538 0.0204 0.018966
-0.024117 -0.005655 -0.001549
0.02001 0.014725 -0.002764
-0.021297 -0.003505 -0.014624
-0.017095 -0.006565 0.008051
-0.03272 -0.0222 0.081306
-0.02012 0.0249 0.081056
-0.019385 -0.00718 0.011926
0.033485 -0.00595 0.038314
-0.019917 -0.000655 0.014026
-0.019305 -0.011935 0.007476
0.02084 0.00398 0.013201
-0.021148 0.003045 -0.014849
-0.034787 -0.002325 0.014416
0.019095 -0.02685 0.014551
-0.020695 0.01232 0.006826
0.018535 0.00774 0.010676
0.021705 0.01363 -0.002274
0.018857 -0.009187 -0.011874
-0.023115 -0.00553 -0.009699
0.016617 -0.009235 0.001351
-0.023293 0.009045 -0.004424
0.017383 -0.00446 0.010226
-0.018555 -0.00914 0.009776
0.022213 -0.00132 -0.013574
0.027773 -0.018475 0.081251
0.02324 -0.00887 -0.005124
0.01999 -0.01107 -0.010849
0.03283 -0.0145 0.025351
-0.037652 -0.004275 0.082081
-0.022282 -0.011405 -0.005824
0.03249 -0.00995 0.055391
-0.020082 0.000695 0.014026
0.01001 0.013354 -0.007419
0.020715 0.01193 -0.009124
-0.017285 0.00761 -0.009699
0.020832 0.003155 0.013426
0.02041 -0.01447 0.001351
-0.018465 -0.012465 0.005526
0.02059 -0.00902 -0.012324
-0.034525 0.01315 0.034511
0.023675 0.017175 0.081551
0.019235 0.003335 -0.015074
0.012705 0.02195 0.038419
-0.02323 -0.02925 0.080386
-0.023188 0.008795 0.004176
-0.009993 0.006606 0.012541
-0.0043 -0.030375 0.024141
-0.0149 -0.028 0.013646
-0.020695 0.01107 -0.010274
-0.018865 0.004912 -0.014274
0.020643 -0.01062 -0.010849
-0.020455 0.00797 0.011576
-0.01 0.000981 -0.015694
0.01967 0.00268 0.013876
0.02091 0.009905 0.009776
-0.016385 0.003685 -0.008474
-0.020755 0.00832 -0.012774
-0.015657 1e-05 -0.004424
0.015747 0.002815 0.001351
-0.020475 -0.008505 -0.012774
0.020832 -0.003195 -0.015074
-0.022425 -0.01208 -0.002274
0.01877 0.00106 -0.015074
0.028517 0.0143 0.038236
0.02616 -0.025 0.065776
-0.02001 -0.01478 -0.002274
-0.019313 -0.00833 0.011126
0.018905 -0.002065 0.013426
-0.02885 0.02065 0.081448
-0.01838 -0.001565 0.012976
-0.021652 0.00667 -0.012774
0.01959 0.014483 0.000626
0.020082 0.000655 0.014026
0.031842 -0.00565 0.064171
-1e-05 -0.009053 -0.012619
-0.018897 -0.003263 0.013201
-0.03408 -0.01195 0.013768
-0.01911 -0.009337 -0.011874
-0.023145 -0.005355 0.008051
-0.017522 0.009935 0.006176
-0.02 2e-05 0.014076
0.017717 -0.011435 -0.005824
0.02059 -0.01017 0.009776
0.016258 0.00514 0.005526
-0.020165 0.00282 0.013876
-0.0227 0.00762 0.008051
0.020233 -0.001195 -0.015624
-0.02308 0.01945 0.014036
-0.019638 0.013242 -0.007174
-0.030975 -0.0212 0.014571
0.01586 -1e-05 0.004876
0.021605 0.00533 -0.013574
0.01571 -0.00286 -0.001549
-0.017897 0.010385 0.006826
-0.016103 -0.006915 -0.000824
0.02 0.000705 0.014026
0.017867 -0.00486 -0.012774
0.020695 -0.01197 0.007476
-0.019602 -0.00473 0.013201
0.01758 0.01214 -9.9e-05
-0.01881 -0.00969 0.009776
-0.02 -0.002898 0.010043
0.02001 0.009813 -0.012022
0.021275 0.00818 -0.012324
-0.019535 -0.00233 0.013876
0.016138 0.001165 -0.007824
-0.016165 0.00686 -0.002999
-0.02208 -0.012905 -9.9e-05
-0.037167 -0.017925 0.073224
0.021605 -0.004245 -0.013924
0.028705 0.013775 0.020376
-0.037585 0.000225 0.081231
0.0 0.002914 0.013794
0.020157 0.00488 0.013201
-0.036628 0.003725 0.025221
0.016108 0.00249 -0.007174
0.021782 0.0193 0.034893
0.00102 0.0257 0.074581
0.021815 -0.001595 -0.014274
0.023835 0.00683 -0.002999
-0.02031 -0.00978 0.010226
0.02149 -0.027075 0.019481
-0.01799 -0.003315 -0.013574
-0.022972 -0.009855 0.004176
0.021343 -0.002095 -0.014849
0.03396 -0.00665 0.017474
0.007942 -0.03275 0.079658
-0.02257 0.010495 -0.006524
-0.020805 -0.01328 0.004876
0.0191 -0.001818 0.013651
-0.02015 0.00052 -0.015674
-0.021603 0.009945 -0.010274
0.020007 0.006578 0.012541
-0.02153 -0.00348 -0.014274
0.017733 0.00614 -0.011874
0.018273 -0.010835 0.007476
-0.02001 -0.01473 0.001351
-0.016358 0.008135 -0.001549
-0.019357 -0.010585 -0.010849
0.032575 -0.01435 0.016526
0.019563 -0.014643 -0.000824
0.018817 0.013263 0.004176
-0.019993 0.005645 0.008918
-0.02121 -0.00968 0.009776
-0.009995 0.00751 0.039176
-0.01682 0.00436 0.008626
0.018742 -0.02955 0.072486
-0.02193 -0.02875 0.033556
-0.02083 0.01412 0.002076
-0.020475 -0.00793 0.011576
0.01999 -0.01277 0.006826
0.019917 0.00283 0.013876
-0.008528 0.0249 0.057486
-0.011533 -0.032125 0.055456
-0.019193 0.023475 0.041376
-0.01999 0.01502 -0.000824
0.019752 0.00273 0.013876
-0.01784 0.002085 0.011926
-0.03907 -0.00355 0.081238
0.023255 0.00883 0.003476
-0.024072 -0.005605 0.001351
0.01971 0.011707 0.008051
-0.009995 0.005701 0.012916
-0.021582 0.00817 0.010226
0.029285 -0.0131 0.081531
-0.02 2e-05 -0.015724
-0.035407 0.01355 0.047266
-0.020248 -0.00273 -0.015524
-0.022718 -0.009005 0.006826
-0.017085 0.006585 -0.009699
-0.018795 0.006265 -0.013574
-0.022245 0.00527 0.010676
0.031055 -0.017225 0.055101
-0.034415 0.0115 0.025038
-0.02767 -0.022 0.012896
-0.021148 -0.003005 0.013201
0.019775 0.007455 -0.013574
0.02414 0.00568 -0.000824
-0.0206 -0.00198 0.013876
-0.02033 0.00272 -0.015524
-0.017963 -0.01279 0.001351
0.031765 -0.01705 0.017106
0.033125 0.0027 0.016541
0.031705 -0.00525 0.067169
0.019242 0.001305 -0.015524
0.019638 -0.010843 0.009201
-0.038477 -0.001575 0.038213
0.032 -0.01285 0.061156
0.020005 0.00748 0.039176
0.011858 0.020225 0.016323
-0.02358 0.00802 0.002076
-0.033287 0.0163 0.044004
0.017028 -0.009885 0.004176
0.030303 0.01275 0.031546
-0.019285 0.012315 -0.008474
-0.035225 -0.0176 0.030846
-0.021598 -0.00813 -0.011874
0.01743 0.010465 -0.006524
0.016343 -0.0282 0.015666
0.022835 -0.007795 0.007476
-0.036713 0.012 0.056651
0.019228 0.004957 0.012976
0.023518 -0.003545 -0.009124
0.018397 0.009915 -0.010274
0.031303 0.00845 0.016144
-0.022033 0.00537 -0.012774
0.01758 0.00809 0.008626
-0.02024 -0.00483 -0.014849
0.02314 -0.00542 -0.009699
-0.018307 -0.013715 -0.001549
0.017705 -1e-05 -0.013574
0.019683 -0.00617 -0.014274
0.005257 0.02355 0.048388
0.022753 -0.003795 0.010226
0.023585 0.00233 -0.009124
0.018605 0.00304 -0.014624
-0.021703 -0.004855 -0.013574
0.032675 -0.0049 0.055216
-0.02 0.00502 -0.014849
-0.020438 -0.014455 0.001351
0.03076 -0.0073 0.080246
0.0202 0.020625 0.051538
0.023315 -2e-05 -0.010849
0.020405 0.00053 0.013976
0.01001 0.01298 0.006676
0.021862 0.01178 -0.007174
-0.023862 -0.001155 0.006176
-0.015747 0.002835 -0.002999
0.020243 0.00983 -0.011874
-0.016112 0.006885 -9.9e-05
-0.0289 -0.023625 0.018461
-0.01999 0.00832 -0.013224
0.019292 -0.005895 -0.014274
0.01 -0.003892 -0.015304
0.018225 0.01104 -0.008474
0.00139 0.0257 0.067786
0.020005 0.00748 0.029176
0.0 -0.003885 -0.015304
-0.02631 -0.0253 0.015546
-0.025813 0.018525 0.014496
0.022448 0.012105 -9.9e-05
-0.021048 0.011745 0.007476
0.01917 0.014085 0.002076
-0.016347 0.001185 0.007476
-0.01 -0.003878 -0.015304
-0.01682 0.00436 -0.010274
0.02087 -2e-05 -0.015524
0.02208 0.010455 -0.008474
0.02 -0.00292 0.013876
0.023282 0.00733 -0.007174
0.016145 0.001315 0.006176
-0.023248 -0.00333 -0.010274
0.022145 0.003755 -0.013224
0.030193 0.00985 0.015636
0.023658 -0.006495 -0.005824
-0.03626 -0.002775 0.015096
-0.01628 1e-05 0.007476
-0.017955 -0.012765 -0.002999
0.02001 0.01423 -0.005124
0.0186 0.01149 0.007476
-0.01971 -0.008632 -0.012774
0.0221 -2e-05 -0.013924
0.019468 -0.002195 0.013876
0.019595 -0.00057 0.013976
0.022795 -0.011345 -0.001549
0.01895 0.000508 0.013651
-0.018965 -0.000807 -0.015299
-0.016285 0.00666 -0.005124
0.033195 -0.0046 0.048421
0.019363 0.000255 -0.015574
-0.032835 -0.0247 0.061813
-0.025105 -0.028325 0.043403
-0.01441 0.02555 0.070209
-0.023113 0.00302 -0.010849
-0.03002 0.01415 0.013609
-0.03841 0.0089 0.065986
-0.026137 0.021325 0.037969
0.01639 0.00809 0.000626
0.018307 0.013715 -0.001549
-0.02834 -0.02715 0.080316
0.02 -0.00196 -0.008064
-0.030277 0.014325 0.013766
-0.027828 -0.027375 0.043534
-0.02208 -0.010455 -0.008474
-0.01708 0.00971 -0.006524
0.02455 0.01785 0.070726
0.031758 -0.007 0.070474
-0.017352 0.002785 -0.012324
0.020165 -0.002095 -0.015574
-0.017563 -0.003315 -0.012774
-0.023382 0.001195 0.008626
0.018378 -0.012985 0.004176
0.01001 0.013729 -0.006514
-0.020785 0.013545 0.004176
-0.02311 0.00557 0.008051
0.01999 -0.010045 0.010226
-0.015912 -0.004115 -0.004424
0.023475 -0.025525 0.016446
0.02113 -0.00492 0.012626
0.01758 0.00809 -0.010274
-0.022478 -0.009905 0.006176
0.02001 0.00943 -0.012324
-0.022765 0.00927 -0.007824
-0.021068 -0.012055 -0.008474
0.02206 -0.010495 0.006826
-0.007883 0.0228 0.031471
0.034047 -0.005325 0.020733
0.026265 0.01425 0.081404
-0.020388 0.014245 0.002776
0.02001 0.00943 0.010676
-1e-05 -0.008276 0.011571
-0.02204 -0.00103 0.012276
-0.038993 -0.006875 0.051226
-0.01999 0.01463 -0.003734
0.023382 0.00098 0.008626
0.02001 0.01059 -0.011424
-0.020388 0.01402 0.003476
-0.018155 0.00106 0.012626
0.03235 -0.0158 0.022676
0.02345 0.00233 -0.009699
-0.009993 0.006606 -0.014187
0.020165 -0.002095 0.013926
-0.02294 -0.00098 -0.011874
-0.016055 -0.00544 0.003476
-0.01001 -0.009044 0.010976
0.00105 0.0195 0.013916
-0.018395 0.00536 -0.013574
-0.022785 -0.011205 0.001351
0.017165 -1e-05 -0.012324
0.018395 0.00534 -0.013574
0.031915 0.00875 0.018096
-0.021853 0.000795 0.012626
-0.023655 0.00817 -0.000824
0.019285 -0.012315 -0.008474
0.016685 -0.00236 -0.010274
0.019377 0.004455 0.013201
-0.024268 0.001345 -0.004424
-0.0374 0.00885 0.047276
0.023715 0.00663 -0.005124
-0.02284 -0.00603 0.008626
-0.01709 -0.00399 0.009776
-0.022788 0.01137 -9.9e-05
1e-05 0.011797 -0.009874
0.017165 -1e-05 0.010676
-0.022315 0.00777 -0.010849
-0.02948 0.022075 0.066041
-0.019545 -0.00793 0.011576
0.021245 0.0201 0.081004
0.008518 0.02315 0.082148
0.022425 0.01208 -0.002274
0.016358 -0.008135 -0.001549
-0.02799 0.02285 0.066176
1e-05 0.011201 0.009008
-0.019393 0.002845 -0.015299
0.030805 -0.00555 0.076986
0.020343 -0.012195 0.007476
0.02001 0.014005 -0.005824
0.01809 0.00979 0.008051
0.021623 0.01048 -0.009699
-0.02795 0.0189 0.022166
-0.01955 -0.00148 0.013926
0.03071 -0.0045 0.080406
0.016888 0.003165 0.009201
-0.023315 2e-05 0.009201
0.022953 -0.009895 0.004176
-0.019917 -0.00138 0.013976
0.02075 -0.00252 -0.015299
0.016285 -0.00656 0.003476
0.010007 0.006587 0.012541
0.029 -0.0131 0.081716
-0.021203 -0.01303 0.004876
0.008095 0.0193 0.014394
-0.02232 0.02365 0.081491
0.020555 -0.00107 0.013926
0.01763 -0.0284 0.080846
0.02679 0.01495 0.016871
0.02031 0.009205 0.010676
0.02133 -0.00672 0.011576
0.029172 -0.0189 0.076916
-0.02182 0.011395 -0.007824
-0.021898 0.020525 0.015416
0.021348 -0.01107 -0.009699
0.024058 0.00263 0.004176
-0.019593 0.014017 -0.005124
0.031125 0.0032 0.074026
-0.023005 0.01007 -0.005124
-0.018702 0.003535 0.012976
0.03199 0.007575 0.048316
-0.02127 -0.00533 -0.013924
