5170
0.177125 0.006242 0.004273
0.099245 -0.040084 -0.003989
0.10932 -0.033415 0.00805
0.117815 0.012391 0.010807
0.11424 0.064299 -0.012766
0.11752 0.066442 -0.003979
0.171835 0.000467 0.00203
0.11444 0.018414 0.007512
0.160637 -0.036302 -0.000708
0.15548 -0.019433 0.00384
0.094527 -0.019754 0.015144
0.191092 0.006851 0.001992
0.16146 -0.028283 0.002962
0.188195 0.003032 -0.005677
0.174853 0.019733 -0.001181
0.038917 -0.030255 0.015937
0.185672 0.001878 0.001882
0.177547 0.020644 -0.000425
0.10303 -0.026874 0.00751
0.116647 0.066007 -0.009522
0.165035 0.02154 0.005508
0.16239 -0.034223 0.004023
0.097625 -0.007289 0.016373
0.109857 0.059241 -0.000721
0.114732 0.059465 -0.001282
0.151863 -0.035883 0.004358
0.175138 0.020854 -0.00351
0.173853 0.021759 -0.005101
0.08949 0.065639 -0.001645
0.121268 -0.026315 0.004554
0.179825 -0.006028 0.000341
0.041105 0.006033 0.021369
0.175492 0.020204 -0.001726
0.180358 -0.007164 0.002697
0.116125 0.065765 -0.010246
0.08953 -0.040186 0.00726
0.16535 0.028582 0.006766
0.15009 -0.03007 0.005334
0.069905 0.016713 0.021182
0.075842 0.022577 0.021141
0.172145 0.000227 0.001836
0.115585 0.062736 -0.001767
0.188543 0.00238 -0.004803
0.15849 -0.035633 -0.002923
0.11814 0.063352 -0.00607
0.162565 -0.033549 -0.001095
0.11817 0.064457 -0.005316
0.089322 -0.035114 0.012783
0.116307 0.066066 -0.009934
0.152887 0.029068 0.008616
0.171665 0.005087 0.004436
0.167102 0.018743 0.001659
0.052437 -0.038612 0.010775
0.101835 -0.025181 0.005758
0.084802 -0.042609 -0.004493
0.02317 0.04455 0.009396
0.158647 -0.036114 0.003052
0.18703 0.01211 -0.004654
0.163892 0.031715 0.005947
0.101745 -0.029681 0.00942
0.114822 0.057965 -0.002005
0.105185 0.018022 0.011733
0.105072 0.034082 0.012355
0.150175 -0.030762 0.005406
0.105108 -0.022848 0.001972
0.047822 -0.043675 0.003483
0.076933 -0.008916 0.020388
0.183255 0.00903 0.003882
0.10705 0.014172 -0.003707
0.104945 0.015673 0.010825
0.042922 0.01647 0.021064
0.15842 -0.026639 0.00162
0.02935 0.039832 0.015713
0.18117 0.007435 0.004333
0.181392 0.002017 0.00257
0.16563 -0.012268 0.005586
0.161377 -0.028145 0.002741
0.17285 -0.007745 -0.006183
0.174385 -0.01165 -0.007276
0.16309 -0.030979 0.002028
0.166902 -0.000968 0.001625
0.097515 0.001803 0.016611
0.14804 -0.031118 0.005657
0.181865 -0.016561 0.001619
0.117345 0.064588 -0.008592
0.056242 -0.003863 0.020411
0.13196 -0.031047 0.006051
0.0711 0.038997 0.015729
0.08512 0.022678 0.021051
0.10662 -0.00077 0.012277
0.177738 -0.015289 0.005126
0.165025 -0.017281 0.004346
0.18148 -0.013696 -0.003883
0.162635 -0.031491 -0.001131
0.10803 -0.012814 -0.006683
0.156155 -0.031245 -0.00566
0.100293 -0.026617 0.007777
0.18003 -0.011807 0.00595
0.15796 -0.037624 -0.00128
0.08552 -0.027166 0.016236
0.162505 -0.032852 0.004765
0.132217 -0.036554 0.005058
0.09961 0.022036 0.016571
0.175725 -0.01397 -0.006218
0.09718 -0.020544 0.013539
0.159625 -0.029021 -0.003119
0.18605 0.002383 0.002569
0.11805 0.062007 -0.007016
0.118102 0.007555 0.013481
0.079845 -0.018359 0.019341
0.04858 0.021537 0.020908
0.172937 -0.013222 -0.007055
0.149325 -0.030216 0.005506
0.04905 -0.035535 0.014382
0.076903 -0.041398 0.007834
0.17588 0.019953 -0.00053
0.0724 0.026651 0.020544
0.180375 0.030995 -1e-05
0.088567 0.033046 0.017272
0.073702 0.00603 0.021369
0.186497 0.002987 -0.006882
0.17502 -7.1e-05 -0.007387
0.16246 -0.034073 0.003725
0.182687 0.004698 0.004011
0.182382 -0.008091 -0.001944
0.17647 0.02068 -0.002702
0.1117 0.055867 -0.003226
0.063782 -0.027488 0.016963
0.17131 0.023562 0.006082
0.011208 -0.030508 0.01509
0.121 -0.032202 0.006693
0.179005 -0.007588 -0.003806
0.091385 -0.037649 0.011321
0.181465 -0.011849 -0.003763
0.183828 -0.013252 0.000498
0.117497 0.060723 -0.005549
0.09671 -0.039178 0.004796
0.090103 -0.026211 0.014284
0.100643 -0.008004 0.014984
0.05234 0.049031 -0.021326
0.1086 -4.4e-05 0.012301
0.132165 0.00371 0.010688
0.128125 -0.038899 -0.003297
0.162075 -0.034551 0.001975
0.16202 -0.028614 0.002201
0.157982 -0.026802 0.002274
0.057682 -0.03618 0.014699
0.15024 -0.030012 0.0053
0.063473 -0.023074 0.017958
0.128415 0.019748 0.008637
0.035815 -0.038044 0.008347
0.19097 0.00713 0.003391
0.171638 0.001413 0.002907
0.115468 0.059682 -0.001641
0.1877 0.003023 0.002756
0.095295 -0.021004 0.013628
0.17849 0.027187 -0.004979
0.116665 0.058984 -0.006567
0.16266 -0.030408 -0.000576
0.156648 -0.030944 0.005709
0.180108 0.030906 -0.001058
0.07953 -0.001337 0.02104
0.15338 -0.014722 0.006637
0.101777 -0.024644 0.004925
0.13258 -0.037014 -0.007727
0.173967 0.007764 0.004413
0.1757 -0.018043 0.002282
0.173963 -0.018525 -0.003129
0.16148 -0.03252 -0.002325
0.11691 0.066515 -0.003888
0.18169 0.010888 0.002713
0.11338 -0.011185 0.012881
0.161707 -0.03507 0.002022
0.148405 -0.034368 0.005332
0.078705 -0.039068 -0.010796
0.07 0.006687 -0.017096
0.17985 -0.00618 0.000792
0.111492 0.026442 0.013378
0.171577 -0.015376 0.004936
0.150105 -0.031519 0.005513
0.11794 0.011332 0.011789
0.151197 -0.031025 0.005544
0.10228 0.020671 0.015551
0.184597 0.002819 0.003088
0.16894 0.027766 0.006805
0.096588 0.012494 0.018215
0.061165 0.028119 0.020211
0.111082 0.008609 0.01462
0.152842 -0.031608 0.005928
0.154528 -0.01145 0.006657
0.17665 -0.01065 0.005636
0.114147 0.031691 0.012388
0.18257 0.009808 0.003368
0.01781 0.025536 -0.020652
0.181062 0.000377 0.000402
0.134735 -0.018457 0.007692
0.161388 -0.035656 0.001423
0.17434 0.01254 0.002177
0.158183 0.030483 0.007433
0.04309 0.056256 0.001794
0.1491 -0.028449 0.00503
0.1902 0.003881 -0.003751
0.188595 0.011942 -0.001324
0.15959 -0.027328 0.002323
0.15413 -0.020035 0.002334
0.10778 0.019083 -0.001165
0.182395 0.027228 0.001932
0.03734 0.026545 0.020507
0.18106 -0.007898 -0.002905
0.10084 -0.018309 0.014588
0.183035 0.000215 -0.006089
0.0943 -0.039503 0.005397
0.121045 -0.035267 0.006114
0.15113 -0.034195 0.005358
0.096483 -0.02433 0.008819
0.15933 -0.027113 -0.000534
0.17151 0.004586 0.00438
0.097168 -0.02442 0.007317
0.162903 -0.032242 0.001322
0.087142 -0.043219 0.001071
0.109362 -0.028689 0.007891
0.167127 0.000445 0.002992
0.10105 -0.036436 0.008753
0.153277 -0.038346 -0.001608
0.18754 0.002497 0.002426
0.108165 0.032905 0.012799
0.108315 0.009651 0.015029
0.069587 0.022217 0.021116
0.031163 -0.02183 0.01945
0.116763 0.062392 -0.002224
0.179053 -0.012728 0.005776
0.11524 0.062994 -0.01223
0.15188 -0.029592 0.005216
0.179275 -0.016418 -0.003475
0.03275 -0.009302 0.021503
0.17983 0.007494 0.004324
0.16242 -0.029856 -0.000654
0.038093 -0.022951 0.018294
0.162443 -0.034033 0.001927
0.16023 0.001473 0.004968
0.10696 -0.022324 0.001822
0.089473 -0.036619 -0.010989
0.18996 0.003134 -0.003747
0.1748 7.7e-05 0.000444
0.16724 0.001152 0.003675
0.17845 0.031952 0.000158
0.18213 0.010348 0.00304
0.116295 0.064085 -0.002537
0.120175 -0.020692 0.007652
0.183105 -0.012252 0.004649
0.139063 0.011606 0.008039
0.17607 0.023102 -0.005416
0.08397 0.030705 0.020327
0.116482 0.066675 -0.009263
0.10881 -0.00324 -0.002574
0.115352 0.065084 -0.011261
0.04039 0.057545 -0.013333
0.18299 -0.015599 0.002393
0.115387 -0.026631 0.005608
0.101515 -0.031762 0.009434
0.158555 -0.026883 0.00221
0.06167 -0.04222 -0.011162
0.18357 -0.014183 0.001689
0.18084 -0.016267 0.002941
0.105535 0.011635 0.015331
0.162405 -0.03014 -0.00122
0.179855 0.025116 -0.002972
0.117262 0.060791 -0.004271
0.11673 0.064773 -0.010006
0.17606 0.011869 0.002474
0.185557 0.001435 -0.00621
0.16302 -0.031613 0.001991
0.11426 0.037097 0.005797
0.117752 0.000581 0.011254
0.15916 -0.01681 0.005491
0.098585 0.034429 0.013442
0.159815 -0.032531 -0.003737
0.146143 0.009535 0.007876
0.17926 -0.018142 -0.000179
0.10784 0.016268 0.000644
0.11651 0.059257 -0.003373
0.06786 -0.04084 -0.011027
0.187805 0.006297 -0.006791
0.135345 0.019736 0.007882
0.18278 -0.00825 0.000199
0.035987 0.021424 0.02163
0.04713 -0.018709 0.018785
0.078695 -0.037425 -0.012163
0.135267 0.018972 0.006828
0.025308 -0.000283 0.024881
0.159375 -0.028019 -0.002351
0.116802 0.059112 -0.005424
0.12515 0.004401 0.012106
0.1174 0.065582 -0.008024
0.17785 0.021236 -0.00268
0.11395 0.067656 -0.008492
0.169565 0.008818 0.004568
0.190795 0.009775 0.002515
0.048332 -0.046537 -0.00023
0.003923 -0.033198 0.009686
0.101028 -0.029029 0.009278
0.179397 0.03117 -0.002055
0.097215 -0.023537 0.009971
0.17172 -0.013571 0.005541
0.12644 -0.009331 0.009995
0.169745 0.026727 0.006597
0.115055 -0.040135 -0.000826
0.13754 -0.028861 0.005568
0.17857 0.029796 -0.004209
0.10377 -0.025932 0.006469
0.10854 0.01935 0.010511
0.14984 -0.031182 0.005541
0.1146 0.064247 -0.012506
0.1802 0.031437 0.001089
0.069412 0.024271 0.020802
0.153175 0.003162 0.006877
0.170862 0.021657 0.004077
0.183757 0.003561 0.003716
0.161875 -0.028753 -0.00096
0.183605 -0.009935 0.001951
0.18735 0.009324 -0.006661
0.18019 0.030249 -0.002127
0.115425 0.058139 -0.002611
0.151885 -0.031709 0.005816
0.105587 0.015876 0.009989
0.10265 0.038903 0.006654
0.175012 0.000753 -0.008336
0.154905 -0.038088 -0.000483
0.16234 -0.029006 0.000791
0.100403 -0.002714 0.014796
0.11534 -0.027075 0.006024
0.031973 -0.004357 0.022222
0.097287 -0.024115 0.007653
0.179985 0.007994 0.00438
0.177895 0.009396 0.003679
0.188163 0.009576 -0.005586
0.187898 0.004099 0.003463
0.17202 0.029138 0.00593
0.180358 0.026803 -0.002855
0.160697 -0.029521 0.004752
0.109485 0.014359 0.010228
0.05722 0.021314 0.02094
0.11569 0.066662 -0.003707
0.11676 0.059896 -0.003312
0.13919 -0.001227 0.005827
0.102422 -0.04049 -0.001231
0.09141 0.024199 0.019221
0.17875 -0.009251 0.005238
0.162508 -0.031357 -0.001453
0.135843 -0.037966 -0.005246
0.161295 -0.028007 0.002519
0.136008 -0.006923 0.006753
0.177823 0.030273 -0.004378
0.178755 -0.011154 -0.006007
0.14873 -0.030639 0.005565
0.024967 -0.032173 0.013607
0.148025 -0.03255 0.005581
0.189975 0.002166 -0.00298
0.173908 0.022124 0.003911
0.181518 -0.016554 -0.001841
0.18358 -0.000862 -0.000889
0.1628 -0.031196 0.004331
0.191245 0.005048 0.000351
0.15022 -0.03026 0.005335
0.103335 -0.040066 -0.002704
0.17923 0.021792 -0.002657
0.121008 -0.030139 0.006732
0.16232 -0.029118 -0.000253
0.087767 0.004218 0.020437
0.13851 0.005521 -0.008147
0.11082 0.011668 0.012549
0.041237 0.021643 0.02112
0.178603 -0.018118 0.001459
0.182775 -0.008799 0.003356
0.161305 -0.028882 0.004359
0.178512 0.031876 -0.001952
0.10278 0.011735 0.015847
0.16229 -0.033888 -0.001627
0.181625 0.028105 -0.000817
0.13193 0.012776 0.008304
0.06299 0.011432 -0.019479
0.18648 0.004296 -0.007268
0.160668 -0.036214 -0.000191
0.064153 0.030499 0.019952
0.15791 -0.026746 -0.001191
0.187768 0.012285 -0.002836
0.096265 -0.027842 0.010019
0.105565 0.026996 0.014638
0.166145 -0.01146 0.005674
0.15844 -0.036531 0.002404
0.162897 -0.030514 0.001458
0.186363 0.002728 -0.006871
0.162715 -0.029993 0.00141
0.095702 -0.018259 0.016399
0.1156 0.062942 -0.01197
0.00456 -0.01981 0.022953
0.18238 -0.015724 0.000138
0.186173 0.000135 -0.002973
0.120988 -0.038565 0.002084
0.11701 0.060536 -0.003251
0.178095 -0.017502 -0.002995
0.06188 -0.035291 -0.016452
0.053225 -0.018724 0.018787
0.115215 -0.036605 0.006656
0.1043 -0.023399 0.001569
0.109333 -0.039806 0.001374
0.183935 0.004203 0.004131
0.046802 -0.037951 0.010909
0.100675 -0.023835 0.005014
0.190857 0.009378 0.0005
0.098972 -0.009374 0.015959
0.10562 0.020385 -0.004479
0.135803 -0.010827 0.008993
0.183705 -0.010796 -0.001387
0.03731 0.000609 0.022004
0.159665 -0.020414 -0.003671
0.094035 -0.038406 0.007893
0.13916 0.00454 0.009334
0.18319 -0.009367 0.002653
0.04371 -0.030515 0.015671
0.180782 0.002622 0.003267
0.174482 -0.011476 0.005878
0.167282 0.006448 0.0048
0.159063 -0.035281 0.004349
0.1074 0.01948 0.011528
0.096487 0.02131 0.01791
0.11762 0.063341 -0.003594
0.089985 -0.04204 -0.002023
0.172183 0.027739 0.005924
0.098742 0.002362 0.016103
0.17395 0.007024 0.004517
0.161915 -0.031371 0.005365
0.105322 0.029065 0.014524
0.027788 -0.021724 0.020041
0.181812 -0.007782 0.002506
0.181785 -0.016494 -0.000638
0.038865 -0.009282 0.020566
0.066855 0.005844 0.021193
0.183072 -0.008809 0.0026
0.162803 -0.033505 0.001297
0.080105 -0.022795 0.017843
0.06643 0.028292 0.020187
0.161313 -0.034185 -0.002141
0.170795 -0.013709 0.00546
0.0771 -0.013654 0.019892
0.174895 -0.001496 -0.003551
0.108303 0.010593 0.014922
0.181845 0.028981 0.002695
0.087 0.006196 -0.011675
0.150835 -0.034988 0.005267
0.08726 -0.032578 0.014245
0.1765 0.022861 0.003656
0.190343 0.010577 0.000534
0.18054 0.02968 -0.002148
0.116958 0.059564 -0.004023
0.159757 -0.036498 0.000784
0.11608 0.059273 -0.002467
0.18316 0.001493 0.001734
0.117858 0.062648 -0.005365
0.10183 0.014493 0.014323
0.15936 -0.009281 -0.006977
0.177402 0.022927 -0.004608
0.102145 -0.023214 0.005331
0.115768 0.058355 -0.002818
0.115685 0.064158 -0.002447
0.147113 -0.0344 -0.006226
0.06779 -0.044489 -0.006299
0.103683 0.020105 0.013964
0.182842 0.003203 0.003589
0.046915 0.031526 0.019909
0.11107 0.009551 0.014513
0.071702 -0.031995 0.016383
0.149485 -0.028687 0.005014
0.093502 -0.027869 0.011841
0.095065 -0.021264 0.013286
0.107285 -0.019103 0.012276
0.152155 -0.030924 0.005656
0.1626 -0.033773 0.003127
0.11112 0.020673 0.012345
0.1041 0.06694 -0.007987
0.103685 -0.023509 0.003302
0.08503 -0.006973 0.020292
0.18181 0.02445 0.002322
0.108325 0.018562 0.008855
0.10407 0.066312 -0.003254
0.170225 0.028487 0.0064
0.1179 0.064084 -0.00433
0.125172 0.003717 0.011798
0.097828 -0.024677 0.006621
0.162052 -0.02917 -0.001053
0.106765 0.019263 0.011583
0.179345 -0.015858 0.00402
0.178138 -0.017563 0.002517
0.188545 0.008123 -0.005634
0.179563 -0.017166 0.002108
0.161745 -0.028313 0.001957
0.178875 0.030889 -0.002924
0.150057 -0.032437 0.00554
0.181695 -0.007379 -0.001867
0.162578 -0.030665 0.004534
0.03618 -0.043691 0.001213
0.1152 0.062419 -0.01235
0.079677 -0.013621 0.019837
0.161483 -0.035793 0.000129
0.075555 0.024583 0.02096
0.05428 -0.044295 -0.009507
0.169492 0.006291 0.00467
0.16194 -0.03474 -0.001129
0.117422 0.065894 -0.007865
0.115095 0.058838 -0.001775
0.188558 0.001413 -0.004036
0.182595 0.008938 -0.008728
0.152767 0.020771 0.007509
0.096288 0.001243 0.017119
0.115382 0.065447 -0.003031
0.094435 -0.032785 0.010562
0.17739 0.000729 0.001185
0.135422 0.0205 0.008936
0.14982 -0.030315 0.005444
0.16202 -0.028938 0.004266
0.096567 0.032966 0.015011
0.07951 -0.039774 0.011165
0.189355 0.005684 0.003695
0.16238 -0.031223 -0.001775
0.18411 0.003427 -0.008131
0.162192 -0.029027 -0.000468
0.13711 -0.030569 0.005808
0.176582 -0.010078 0.00548
0.186247 0.003459 0.003276
0.15275 -0.03456 0.005308
0.076775 -0.000405 0.021238
0.085 -0.018293 0.019231
0.02418 -0.018876 0.021837
0.134688 -0.021603 3e-05
0.155055 -0.034382 -0.004007
0.184058 0.001446 -0.007297
0.191035 0.004071 0.000337
0.18161 0.003401 0.003865
0.17185 0.029162 0.005952
0.11576 0.065162 -0.010868
0.107185 0.018692 0.009871
0.132873 -0.039222 -0.002292
0.092705 -0.027988 0.01211
0.164243 0.017988 0.001967
0.159383 -0.035192 -0.002732
0.16946 0.002713 0.004037
0.092973 0.011861 0.019566
0.07389 -0.044808 -0.001205
0.170842 -0.011381 0.005537
0.18681 0.011209 -0.005538
0.0107 -0.036738 0.005311
0.186575 0.001818 -0.005986
0.135285 0.030893 0.010102
0.17299 -0.016625 0.003925
0.1355 0.021264 0.00999
0.181585 -0.010466 -0.004185
0.153392 -0.035252 0.004824
0.16805 0.032095 -0.005012
0.100222 -0.041045 0.000286
0.183353 -0.013667 0.003434
0.11998 -0.01487 0.01148
0.177243 -0.016795 0.003419
0.044372 -0.037545 0.011003
0.116955 0.062461 -0.002436
0.106658 0.018869 0.010755
0.16737 -0.012378 0.005627
0.162513 -0.029583 0.000317
0.05931 -0.013783 0.01933
0.149805 -0.032977 0.00549
0.14611 -0.000962 0.005159
0.175633 -0.012862 0.005795
0.180275 -0.016968 0.001903
0.17688 0.002608 0.003117
0.11706 0.061856 -0.002123
0.042817 -0.022656 0.017951
0.11456 0.063672 -0.012628
0.134745 -0.019387 0.006535
0.169405 0.018564 0.001028
0.11699 0.06702 -0.00608
0.056685 -0.044848 -0.007309
0.14991 -0.030425 0.005435
0.1595 -0.02852 -0.002735
0.179372 -0.018077 -0.000744
0.101535 -0.033224 0.009159
0.189507 0.001593 -0.003077
0.177913 -0.012773 0.005782
0.15024 -0.031127 0.005432
0.087643 0.000622 0.02021
0.144053 -0.016125 0.007743
0.05553 0.043098 0.013942
0.18062 0.024729 -0.00105
0.191285 0.007552 -0.002398
0.176655 -0.014475 0.005365
0.16679 -0.001675 0.000942
0.11112 0.005784 0.014941
0.114798 0.057432 -0.002865
0.105625 0.019393 0.0126
0.104485 -0.022554 0.004101
0.18878 0.002382 0.001988
0.133143 -0.037289 0.004126
0.178955 0.031523 -0.002004
0.1759 0.003976 0.003834
0.14231 0.028687 0.010412
0.184945 -0.000392 -0.00146
0.099027 -0.02953 0.009828
0.117342 0.060271 -0.006949
0.108227 0.055753 -0.00114
0.157697 -0.026394 0.001081
0.121503 -0.021894 0.001156
0.181303 -0.017042 0.001232
0.168745 0.028534 0.006343
0.164207 0.024096 0.007093
0.04323 -0.026308 0.016772
0.098447 0.032907 0.01459
0.11761 0.064176 -0.007751
0.13541 0.026841 0.010873
0.102795 -0.027913 0.008565
0.182572 0.008396 -0.008904
0.096062 -0.022255 0.012113
0.109383 -0.028027 0.007748
0.174932 -0.001597 -0.002578
0.15157 -0.038308 -0.003708
0.098995 -0.027591 0.009076
0.04827 -0.006495 -0.020294
0.160973 -0.030814 0.005287
0.11708 0.066635 -0.007439
0.09885 0.019719 0.016771
0.16349 0.028764 0.007346
0.10335 0.019127 0.013925
0.166983 -0.007505 0.00426
0.087258 -0.014507 0.019028
0.071158 -0.022917 0.018289
0.162652 -0.033708 0.002815
0.1913 0.006791 -0.002519
0.16281 -0.032848 -0.000461
0.034932 0.016125 0.02192
0.11694 0.05924 -0.00428
0.03457 0.000483 0.02235
0.16031 -0.028499 0.0038
0.17247 -0.015482 0.004951
0.105807 0.024926 0.014752
0.10396 -0.023019 -0.003634
0.17719 0.00266 0.003111
0.175525 0.011492 0.002678
0.139365 -0.037582 0.003258
0.17441 0.021057 0.002647
0.169467 -0.000724 0.001389
0.14113 0.029791 -0.006102
0.126875 -0.03393 0.005573
0.18783 0.011843 -0.004112
0.09032 0.016452 0.019754
0.162468 -0.034074 -0.000465
0.05969 0.011162 0.020952
0.162122 -0.034619 0.001327
0.097127 -0.025899 0.008686
0.10425 -0.021942 -0.003583
0.109603 -0.026059 0.005831
0.134358 -0.038594 -0.003769
0.15745 -0.026274 0.000156
0.106448 0.016676 0.009145
0.17626 0.003087 0.003505
0.180455 -0.015334 -0.003956
0.150145 -0.032962 0.005488
0.16467 0.034676 -0.000225
0.162825 -0.032867 0.000703
0.153197 0.009133 0.00672
0.09751 -0.024465 0.006566
0.098442 -0.02584 0.007416
0.1777 -0.00995 0.005437
0.051652 -0.044908 -0.007275
0.187915 0.000945 -0.000537
0.174605 -0.017906 0.00259
0.040455 -0.022804 0.018122
0.183978 -0.013171 -0.000826
0.162758 -0.033579 0.002191
0.16798 0.026118 0.006683
0.070715 -0.045483 0.000405
0.04486 0.038177 0.018016
0.093297 -0.026996 0.012072
0.16177 -0.028614 0.003413
0.181375 -0.009065 -0.003448
0.14925 -0.029627 0.005348
0.097137 -0.024001 0.008647
0.161952 -0.009108 0.005672
0.16442 0.027876 0.007294
0.1598 -0.036245 0.001834
0.04314 0.033976 0.019312
0.17371 0.019568 -0.002748
0.115967 0.065728 -0.010341
0.19098 0.009098 -0.000899
0.1829 -0.010767 0.004617
0.099363 -0.014511 0.015241
0.162065 -0.028936 -0.000682
0.17443 -0.013647 0.005652
0.10123 -0.023004 0.00679
0.116885 0.062561 -0.010099
0.184995 0.009674 -0.007518
0.17819 0.028832 -0.004932
0.17316 -0.018758 0.001069
0.179253 0.02199 0.001809
0.13918 0.003019 0.00927
0.182895 0.003711 -0.008701
0.160805 -0.030216 0.005052
0.12642 -0.008664 0.009371
0.190787 0.009604 0.002917
0.117675 0.065538 -0.006932
0.187538 0.000606 -0.003544
0.07767 -0.025148 0.017694
0.186173 0.009499 -0.00709
0.091495 -0.02573 0.013408
0.04572 0.040277 0.017367
0.081885 -0.044086 0.001168
0.10266 -0.002221 0.012228
0.18082 0.00891 0.00405
0.18302 0.001862 -0.007986
0.033185 0.02117 0.02207
0.147555 -0.031074 0.005702
0.08423 -0.038673 0.014116
0.165685 0.029804 0.006393
0.028522 -0.033189 0.013042
0.109998 0.021409 0.013075
0.154485 -0.036299 0.003835
0.097962 -0.028125 0.009479
0.18038 0.00945 0.003722
0.176917 0.004409 0.004052
0.160135 -0.035756 0.0028
0.108515 0.054518 -0.002961
0.16268 -0.029958 0.002288
0.1586 -0.031947 -0.004627
0.07191 -0.005204 -0.016638
0.17981 -0.016413 0.002961
0.116527 0.058857 -0.00771
0.1858 0.002155 0.002272
0.056263 -0.013775 0.019329
0.17509 0.020124 -0.002725
0.10809 0.031003 0.013924
0.162705 -0.030049 0.000888
0.183978 -0.011745 -4.2e-05
0.109555 -0.026503 0.006247
0.097548 0.060658 0.000923
0.182267 -0.015788 0.000702
0.08977 -0.023749 0.014696
0.173335 -0.018264 0.001984
0.09981 -0.029615 0.009713
0.104927 -0.022806 0.002345
0.17706 0.00848 0.00401
0.169275 -0.016251 0.004453
0.166482 -0.017991 0.003663
0.066985 -0.00867 0.020202
0.135273 0.031634 0.00972
0.149115 -0.030876 0.005548
0.158853 -0.037183 -0.00109
0.15262 -0.037126 0.002967
0.09961 0.00552 -0.008652
0.171732 0.002658 0.003792
0.177253 0.029052 0.003721
0.07398 -0.044447 -0.0032
0.116905 0.064011 -0.002628
0.177862 -0.018428 0.000947
0.05553 0.00519 -0.02042
0.178735 0.022753 -0.003801
0.112172 0.06133 -0.000762
0.089978 -0.029975 0.013399
0.153225 -0.03576 0.004366
0.15186 -0.034723 -0.005222
0.11441 0.026021 0.012604
0.116653 0.066646 -0.009057
0.18993 0.010886 0.001298
0.18405 0.004863 -0.008408
0.089617 -0.041449 0.004054
0.064365 -0.036441 0.015014
0.183733 -0.013326 0.001139
0.184635 0.003369 0.003465
0.17909 -0.010799 -0.005855
0.09165 -0.038747 0.008825
0.175232 0.022316 -0.005078
0.15168 -0.038517 -0.002214
0.02838 -0.035518 0.009633
0.15143 -0.021241 -0.000677
0.10462 -0.022984 0.003051
0.032077 -0.034205 0.012478
0.108875 0.022145 0.013804
0.11515 -0.032077 0.007509
0.159595 -0.018925 -0.005648
0.135803 -0.011617 0.009104
0.120817 -0.021792 0.005206
0.189922 0.010716 0.001701
0.161405 -0.028032 0.002321
0.161748 -0.030773 0.00513
0.110985 0.019229 0.009972
0.182948 -0.013943 0.005189
0.14222 -0.031414 0.00585
0.18951 0.004188 0.003274
0.10614 -0.001751 0.010723
0.09682 0.037009 0.011969
0.179222 0.031612 -0.000956
0.078185 0.028678 0.020435
0.147835 -0.031641 0.005706
0.162497 -0.029437 0.00224
0.181845 -0.015844 -0.002269
0.17832 -0.009967 -0.005719
0.056535 0.030793 0.01991
0.18043 -0.009273 -0.004403
0.191097 0.004449 0.0019
0.182333 -0.009489 0.005094
0.1805 0.007464 0.004329
0.15887 -0.029221 -0.004076
0.18454 0.001053 -0.006434
0.115332 0.064817 -0.011476
0.07479 -0.040874 0.008214
0.10505 0.03508 0.011609
0.058318 0.026017 0.02043
0.16217 -0.034427 -0.001401
0.158275 -0.026576 0.000148
0.089548 0.029097 0.018635
0.098745 -0.02821 0.009364
0.027555 -0.018982 0.021246
0.12541 -0.017144 -0.006883
0.15808 -0.037272 0.000791
0.179607 -0.009133 0.005145
0.183 0.00266 -0.008452
0.172563 -0.010774 0.005502
0.161408 -0.028208 -0.00028
0.11045 -0.004982 0.003426
0.100025 -0.025474 0.006708
0.099535 -0.023015 0.00866
0.100327 -0.039984 -0.004028
0.009995 0.008508 0.024707
0.17676 0.007942 0.004136
0.062965 0.000945 0.021073
0.088255 -0.04239 -0.002252
0.183127 -0.008704 -0.000949
0.1793 0.030548 -0.002977
0.174867 0.009378 0.004035
0.13221 0.002341 0.010072
0.160235 -0.028403 -0.001994
0.11552 0.060259 -0.001343
0.11816 0.064089 -0.005568
0.027988 0.010317 0.023493
0.134537 -0.007785 0.007682
0.16217 -0.034688 0.000681
0.191188 0.0057 0.002027
0.1792 -0.006557 0.002133
0.09737 -0.02383 0.009002
0.15936 -0.02702 0.001245
0.117378 0.065269 -0.008182
0.18027 0.029545 -0.002584
0.17764 0.005712 0.004222
0.11702 0.063835 -0.010177
0.17472 -0.001338 -0.005467
0.19091 0.003314 -0.002788
0.11808 0.062455 -0.006701
0.101307 -0.039898 -0.004066
0.080135 0.034165 0.01863
0.111807 -0.022181 0.0016
0.1779 -0.005312 -3.7e-05
0.096408 -0.006916 0.016548
0.181535 -0.009696 -0.003965
0.04005 0.000735 0.021658
0.102003 0.034261 0.012658
0.03879 0.021678 0.021191
0.10894 -0.00808 -0.005328
0.158505 -0.026811 -0.000526
0.041407 0.029327 0.020268
0.17779 -0.010605 0.00563
0.17765 0.022447 -0.004036
0.18324 0.009779 0.003373
0.172835 -0.014747 -0.006462
0.157872 -0.031871 -0.005117
0.13198 -0.030386 0.005908
0.15912 -0.005429 -0.003782
0.105707 -0.022586 0.001935
0.18613 0.005505 0.004074
0.10366 0.015267 0.012498
0.18166 -0.013889 -0.003805
0.09366 -0.040705 -0.005569
0.11608 0.058702 -0.002917
0.164448 -0.013431 0.005572
0.1505 -0.036005 0.004349
0.1624 -0.029468 0.003154
0.09683 -0.024115 0.008789
0.157773 -0.028856 0.004759
0.169158 -0.000484 0.001583
0.134755 -0.020317 0.005378
0.091108 -0.027595 0.013216
0.117432 0.066394 -0.005184
0.161955 -0.028635 0.00281
0.188667 0.006887 -0.005789
0.17168 0.029185 0.005974
0.190997 0.008002 0.001956
0.15013 -0.03015 0.005345
0.1164 0.064814 -0.010365
0.173325 0.022619 0.004599
0.010095 0.003507 0.025511
0.17221 0.012857 -0.007966
0.115415 0.059105 -0.001938
0.16509 0.023222 0.006837
0.10449 -0.023023 0.002022
0.177803 -0.001318 -0.00234
0.026778 -0.014036 0.021965
0.148555 -0.029741 0.00554
0.16257 -0.029999 0.003253
0.162855 -0.032237 0.00069
0.12659 -0.018696 0.008811
0.093255 0.022958 0.018588
0.182535 -0.015 -0.002135
0.09506 0.000683 0.017627
0.117125 0.065625 -0.009116
0.095362 0.014494 0.018666
0.162003 -0.028844 -0.000746
0.162188 -0.029536 0.004502
0.13923 -0.000473 0.006933
0.178665 0.009613 0.003396
0.103712 -0.02644 0.00697
0.094695 -0.006899 0.017151
0.01012 -0.01033 0.024525
0.180865 -0.010459 -0.004691
0.06173 -0.024436 -0.018683
0.10071 -0.016596 0.014827
0.10834 0.054952 -0.001709
0.167355 0.008976 0.004697
0.094555 0.024959 0.018307
0.16094 -0.027606 0.0011
0.15935 -0.034022 0.005207
0.179865 -0.007564 0.003738
0.189875 0.011038 -0.000641
0.15837 -0.027218 -0.002539
0.149975 -0.03297 0.005489
0.189955 0.009576 -0.003415
0.063152 -0.013704 0.019496
0.117653 0.065225 -0.00709
0.00407 -0.015226 0.023925
0.182747 -0.008202 0.000773
0.177025 -0.010785 -0.006311
0.17281 -0.019748 -0.000761
0.011033 -0.021475 0.02152
0.180165 -0.008289 0.004395
0.183925 0.009 0.003886
0.189417 0.008345 -0.004504
0.107758 0.014729 0.010706
0.160135 0.000228 0.004083
0.16181 -0.028754 -0.001112
0.09928 -0.039731 -0.005427
0.03651 0.02601 -0.024253
0.171525 0.000706 0.002224
0.088265 0.023438 0.020136
0.134578 -0.009119 0.00893
0.102435 0.01874 0.014838
0.160008 -0.027219 0.00044
0.15956 -0.01818 -0.006636
0.183415 0.002047 0.002515
0.043685 0.021607 0.021049
0.116777 0.06022 -0.003055
0.18218 -0.008778 0.004868
0.089835 0.02709 0.018816
0.094687 0.033025 0.015432
0.145393 -0.038717 -0.002489
0.160685 -0.033631 -0.003153
0.100115 -0.027147 0.008332
0.11669 0.063997 -0.010503
0.100965 -0.004548 0.014423
0.175097 -0.008919 0.004888
0.18733 0.01034 0.00284
0.160305 0.010952 0.005253
0.191242 0.007443 -0.000843
0.179978 0.026752 -0.003404
0.161545 -0.028243 0.000457
0.17205 -0.001151 -0.006377
0.16788 -0.010759 0.005601
0.1529 0.028327 0.008998
0.14964 -0.034042 0.005387
0.050807 0.028765 0.02012
0.150577 -0.0345 0.005325
0.146245 0.001037 0.00715
0.0616 -0.04453 -0.009398
0.147568 0.030731 0.008559
0.05155 0.031175 0.019857
0.187593 0.0022 -0.005762
0.18268 -0.009178 -0.002271
0.077892 -0.037103 0.015258
0.17155 -0.015601 0.004791
0.17674 -0.018401 0.000539
0.10239 0.052118 -0.012066
0.15206 -0.032759 0.005711
0.102023 -0.028462 0.008895
0.16295 -0.032247 0.001954
0.102288 -0.039812 -0.004103
0.1838 -0.012543 0.001231
0.155248 -0.031503 0.005989
0.095838 0.02031 0.018051
0.160572 -0.036077 0.001103
0.150833 -0.008029 0.006177
0.142075 -0.037661 -0.005718
0.15004 -0.03004 0.005355
0.169547 0.008078 0.004672
0.116655 -0.022037 0.001378
0.179733 0.02348 -0.00254
0.174798 -0.008204 0.004409
0.10252 -0.025784 0.006549
0.101812 -0.003385 0.013325
0.162635 -0.029978 0.002644
0.167877 -0.010352 0.005544
0.159375 -0.030104 0.005238
0.097913 -0.029038 0.010011
0.178655 0.003061 0.003609
0.06459 -0.038949 0.011125
0.081538 0.035095 0.017792
0.103655 -0.026948 0.00747
0.044597 0.031701 0.019935
0.162832 -0.032876 0.001285
0.121125 -0.027647 0.005801
0.176518 0.02141 -0.003487
0.157895 0.01927 0.00565
0.158095 -0.030941 0.005658
0.08918 0.06712 -0.00771
0.11763 0.064913 -0.007249
0.18053 -0.010814 -0.004843
0.172012 0.027762 0.005946
0.106895 0.019827 0.012489
0.114643 0.02058 0.011071
0.06101 -0.04141 0.007027
0.042817 -0.045646 0.000251
0.17425 0.019917 0.001494
0.162302 -0.029475 0.00366
0.162645 -0.032552 0.004167
0.16208 -0.028944 0.003863
0.149045 -0.03463 0.005318
0.11498 0.065314 -0.002937
0.092458 -0.003139 0.018062
0.153237 0.001255 0.006059
0.177632 -0.009379 0.005281
0.101278 -0.028411 0.008989
0.173918 -0.018038 -0.004258
0.173602 0.028308 0.00534
0.17852 -0.018451 -0.000691
0.167205 0.002229 0.00408
0.162082 -0.015757 0.005545
0.10493 0.0606 0.000224
0.14299 -0.02071 -0.001863
0.17812 0.001943 0.002529
0.17235 0.000117 -0.008297
0.162145 -0.03418 -0.001435
0.16261 -0.030039 -0.000376
0.14072 -0.01327 -0.008638
0.17368 -0.008331 0.004452
0.182572 -0.015726 0.00183
0.157847 -0.026556 0.001685
0.11471 0.057649 -0.002239
0.11345 -0.014613 0.012757
0.111175 0.032773 0.012312
0.16237 -0.032022 -0.001764
0.1054 -0.022764 0.002641
0.04537 0.016434 0.020993
0.105243 0.053386 -0.00207
0.15494 -0.03786 0.000596
0.153945 -0.036995 0.002873
0.183547 -0.010212 -0.001116
0.086318 -0.027047 0.015967
0.18095 -0.011745 0.00589
0.190618 0.002871 0.00091
0.177685 0.000989 -0.008142
0.097385 -0.036821 0.009489
0.117255 0.062975 -0.009652
0.1618 -0.028617 -0.000374
0.087478 0.024884 0.019933
0.096848 -0.027633 0.009662
0.126545 -0.016447 0.010086
0.09204 -0.032511 0.011938
0.082763 -0.032396 0.015557
0.17273 0.029423 0.005638
0.11576 0.058816 -0.002453
0.139105 -0.038917 -0.002764
0.154997 -0.02914 0.005001
0.169495 0.001636 0.003632
0.10032 -0.011459 0.015545
0.187245 0.002852 -0.006636
0.17671 0.010444 0.003179
0.067315 -0.022995 0.018124
0.10045 -0.023224 0.0072
0.16871 0.021143 -0.005696
0.16269 -0.03133 0.005208
0.179287 -0.018031 0.000538
0.14111 0.022082 -0.006131
0.165255 0.026218 0.007072
0.096525 -0.026848 0.009728
0.17818 0.031095 -0.003307
0.17929 0.028339 -0.004611
0.053167 0.006173 0.020945
0.178488 0.023233 -0.004374
0.097713 0.019311 0.017459
0.147258 -0.032608 -0.006983
0.11751 0.065942 -0.00666
0.044557 0.024157 0.020742
0.16375 -0.019351 0.001834
0.1462 0.002406 0.007766
0.107015 -0.00296 0.007434
0.047748 0.026531 0.020408
0.153058 -0.036269 0.003907
0.17825 0.012229 0.00212
0.09767 -0.024058 0.007014
0.107315 0.015506 0.009511
0.173537 -0.01354 0.005638
0.102613 -0.025238 0.005589
0.13894 -0.002718 -0.001739
0.19015 0.002298 0.000813
0.057062 -0.027352 0.016691
0.132195 -0.035021 0.005348
0.111643 0.024083 0.013204
0.185635 0.009296 0.003617
0.12828 0.018305 0.006265
0.116465 0.065706 -0.009833
0.158525 -0.029736 -0.004382
0.15322 0.011448 0.006016
0.16429 0.025594 0.007211
0.185605 0.010793 0.002599
0.180125 0.025995 0.003973
0.1906 0.010332 -0.00236
0.051255 0.016424 0.020919
0.095942 -0.027058 0.010086
0.162688 -0.030531 0.003656
0.157923 0.020111 0.006314
0.082683 -0.022762 0.017788
0.086615 -0.038332 0.013185
0.004108 -0.010808 0.02482
0.098728 -0.03778 0.006972
0.166303 0.020807 0.004601
0.172167 0.024986 0.005958
0.11434 0.017946 0.002529
0.169305 -0.018259 0.003119
0.099755 0.056281 0.000907
0.101205 -0.009839 0.014611
0.09577 -0.040439 0.002599
0.180945 -0.000129 -0.000108
0.147508 0.019827 0.006985
0.1511 -0.0276 0.004229
0.144375 -0.019632 0.004878
0.178957 -0.013273 -0.005584
0.103992 0.016244 0.012537
0.175185 0.021585 -0.004294
0.154563 -0.013559 0.006651
0.11456 0.023661 0.012431
0.10685 -0.011717 0.014268
0.102553 -0.024708 0.004758
0.089237 -0.040382 -0.007381
0.15943 -0.033179 0.005417
0.124885 -0.000273 0.009076
0.103925 -0.023311 0.003022
0.15487 -0.02634 0.001882
0.044767 -0.018856 0.018957
0.109362 -0.03641 0.007486
-0.002115 -0.024075 0.021204
0.132145 0.005231 0.010752
0.117395 0.061617 -0.008552
0.095525 -0.020744 0.01397
0.137587 -0.028417 0.005152
0.15482 -0.035282 0.004753
0.06153 -0.045478 -0.005075
0.076495 -0.044808 0.000916
0.117355 0.064957 -0.00834
0.17896 -0.012089 -0.005927
0.183427 -0.014317 0.002515
0.157947 0.023651 0.007938
0.179165 -0.006032 -0.001678
0.068125 -0.04365 0.003732
0.182893 -0.009357 0.003409
0.11528 0.063569 -0.012109
0.153142 1e-05 0.005174
0.153812 -0.00764 0.005567
0.162595 -0.032919 -0.001107
0.178412 -0.01506 -0.00513
0.10345 -0.031828 0.00914
0.172027 0.020666 0.002702
0.102388 -0.040844 0.000207
0.18655 0.000475 3.4e-05
0.04809 -0.027122 0.016584
0.182895 -0.0089 -0.001502
0.162845 -0.032376 0.002577
0.11544 0.058738 -0.002139
0.174403 -0.018512 0.000958
0.13914 0.006061 0.009398
0.177457 0.003074 0.003557
0.111995 0.018535 0.008051
0.096845 -0.03246 0.009961
0.160155 -0.027415 -0.000542
0.153657 -0.029838 0.005351
0.18178 -0.011028 0.005639
0.11374 0.065841 -0.011569
0.162995 -0.03097 0.000765
0.162625 -0.03229 -0.00112
0.145858 -0.037528 0.002872
0.17812 0.002234 0.002716
0.11119 0.034723 0.011003
0.115785 0.065427 -0.010653
0.18631 7.8e-05 -0.002031
0.186257 0.008482 -0.0073
0.102518 -0.00372 0.01259
0.115083 0.061181 -0.000993
0.162225 -0.029027 -0.000392
0.187935 0.004649 0.003841
0.174815 0.024405 0.005307
0.17272 -0.018773 -0.003019
0.17227 -0.016113 0.004358
0.110027 -0.000286 0.010668
0.162755 -0.032417 0.00329
0.161213 -0.027869 0.002298
0.162533 -0.029472 0.001362
0.114212 0.064437 -0.012684
0.12523 -0.013169 -0.00734
0.183217 0.006947 0.004225
0.10841 0.018786 0.009606
0.15814 -0.026982 -0.001865
0.187933 0.012423 -0.00124
0.091987 -0.010701 0.017963
0.161035 -0.027668 0.001588
0.09511 -0.041027 -0.002469
0.116527 0.059581 -0.003116
0.097148 -0.02516 0.008002
0.108203 0.021095 0.013119
0.115392 0.057269 -0.005771
0.098203 -0.040948 -0.001091
0.18949 0.004447 -0.004714
0.056275 -0.046704 -0.000611
0.1352 0.01825 0.005641
0.18133 0.003218 0.00379
0.183425 -0.010483 0.00276
0.128285 0.031615 0.010556
0.190875 0.003545 7e-06
0.15119 -0.033386 0.005547
0.176807 -0.017261 -0.004013
0.039085 0.031644 0.019892
0.184038 0.005428 -0.008412
0.10804 0.056597 -0.000526
0.076427 -0.040575 -0.009676
0.098125 -0.025628 0.007361
0.125097 0.008385 0.012127
0.055843 0.00106 0.020956
0.116725 0.06731 -0.00713
0.162355 -0.029475 0.003357
0.172672 -0.012878 0.005747
0.09749 -0.025205 0.007251
0.190705 0.010224 -0.000325
0.152108 -0.030368 0.005426
0.12638 -0.007329 0.008123
0.102398 -0.039712 0.002245
0.108575 0.026864 0.014151
0.179798 -0.013809 -0.004902
0.133137 -0.037428 0.003565
0.02902 0.028377 0.020503
0.147522 0.027008 0.009587
0.0951 -0.028262 0.010735
0.162155 -0.034669 -0.000483
0.17497 -0.001698 -0.001604
0.098715 -0.023045 0.010507
0.146128 -0.03718 0.003353
0.09921 -0.040438 -0.002551
0.068395 -0.038995 0.011333
0.11517 -0.03354 0.007234
0.10479 0.061388 -6.3e-05
0.132232 0.001657 0.009764
0.181865 -0.013315 0.005404
0.16062 -0.036146 0.000456
0.12375 -0.038236 -0.005712
0.171305 0.021816 -0.00579
0.162525 -0.030006 0.003456
0.102258 -0.023519 0.004237
0.081315 -0.042741 -0.006722
0.098733 -0.004084 0.015772
0.18143 -0.006976 0.000803
0.165273 0.019398 0.003284
0.100755 -0.023631 0.005238
0.100305 0.033846 0.013423
-0.001943 -0.015704 0.024219
0.159775 -0.036655 -0.000381
0.040868 -0.026455 0.016944
0.1424 0.02311 0.009529
0.162818 -0.032858 0.000121
0.179545 0.008534 0.004052
0.05605 -0.044196 0.003278
0.179673 0.003493 0.003826
0.105548 0.010693 0.015438
0.101213 -0.0251 0.005797
0.17842 -0.011508 -0.006159
0.114988 -0.039796 -0.002262
0.17789 -0.018317 0.001664
0.185775 0.012009 0.000737
0.101483 -0.02728 0.008199
0.11506 0.056782 -0.004743
0.14234 0.026828 0.010118
0.0654 0.044031 0.004621
0.158183 0.028889 0.007909
0.085552 -0.043233 -0.000593
0.142352 0.020487 0.00818
0.17896 -0.017676 -0.001683
0.05929 -0.003871 0.020412
0.116483 0.06165 -0.001489
0.182618 0.00948 -0.008551
0.115737 0.061026 -0.011372
0.18278 0.02679 0.003306
0.1798 -0.005877 -0.000109
0.182245 0.003577 0.003916
0.17998 0.001381 0.001927
0.06256 0.063804 -0.012697
0.162015 -0.028776 0.003132
0.171312 0.012521 0.002533
0.153185 0.009968 0.006224
0.188465 0.003549 -0.005699
0.03145 0.009383 -0.022928
0.157405 -0.03569 0.004128
0.14971 -0.030453 0.005489
0.085415 0.007589 0.021327
0.18621 0.002909 0.002899
0.190455 0.005242 -0.003765
0.089495 -0.018268 0.018117
0.183443 -0.000805 -0.001831
0.18687 0.011606 -0.005265
0.10083 0.014015 -0.006411
0.149717 -0.03241 0.005536
0.1002 -0.008814 0.015451
0.158183 0.03128 0.007195
0.099603 -0.021595 0.011591
0.139905 -0.036886 0.004221
0.170848 -0.012193 0.005651
0.15882 -0.027126 0.002446
0.181405 -0.015566 0.003978
0.175205 -0.016013 0.004369
0.10266 0.000787 0.015113
0.103365 0.000451 0.014377
0.005223 0.018332 0.023504
0.187672 0.007901 -0.006764
0.089515 -0.010722 0.018824
0.16643 -0.019959 -0.000807
0.09566 0.016151 -0.008529
0.114775 0.05857 -0.001611
0.101315 -0.039812 0.002284
0.11483 0.057885 -0.00207
0.13624 -0.020801 0.00484
0.078648 0.024617 0.02093
0.116598 0.060481 -0.002562
0.158617 -0.026758 0.001562
0.06474 -0.044329 -0.008846
0.15321 0.008299 0.007216
0.16281 -0.033514 0.001879
0.107157 0.061893 -0.000487
0.182427 -0.01608 0.002006
0.03668 0.011081 0.02177
0.161735 -0.035301 -0.000824
0.165302 0.027002 0.007038
0.175532 -0.010777 0.005679
0.166462 0.022742 0.005995
0.17304 -0.011697 -0.007648
0.05387 -0.046152 -0.002809
0.01909 0.007347 -0.021531
0.13202 -0.029063 0.005622
0.173682 0.010425 0.003535
0.156782 -0.036941 0.002184
0.157302 -0.033016 -0.005108
0.157835 -0.030766 -0.004995
0.100837 -0.024351 0.00491
0.1627 -0.032485 0.003729
0.18147 0.00331 0.003827
0.164875 0.019605 0.004113
0.177435 0.007243 0.004385
0.11629 0.061581 -0.001277
0.162632 -0.030598 0.004095
0.180118 0.023042 -0.001166
0.182325 -0.008952 -0.002984
0.102375 -0.005219 0.012952
0.100063 -0.034941 0.009174
0.164043 0.020075 0.004982
0.172375 0.009737 0.004186
0.095155 -0.026395 0.010674
0.13842 0.013076 -0.005977
0.18301 -0.009915 0.003462
0.165853 -0.019106 0.001724
0.170823 -0.013154 0.005584
0.17135 -0.016231 0.004198
0.046317 0.035901 0.018638
0.15368 -0.033124 0.005661
0.139215 -0.039127 -0.001271
0.077558 -0.043955 -0.002966
0.07836 0.026624 0.020749
0.179853 0.003049 0.003662
0.099403 -0.025393 0.006747
0.18308 0.012071 -0.006946
0.1163 0.066589 -0.003797
0.12678 -0.038261 0.001587
0.16158 -0.030175 0.004894
0.053705 -0.02293 0.017686
0.11492 -0.039457 -0.003698
0.183818 0.009848 -0.007947
0.162333 -0.029478 0.003458
0.169883 -0.019111 0.000589
0.102103 -0.023824 0.004078
0.19081 0.010116 0.00171
0.17806 -0.007796 -0.004762
0.18376 -0.014035 0.000406
0.138255 -0.02727 0.004386
0.07636 0.015621 -0.015321
0.10887 0.002507 0.013609
0.16048 -0.034191 -0.002848
0.03942 0.011206 0.021425
0.15768 -0.02651 -0.000518
0.178302 0.02106 -5.4e-05
0.172525 -0.015032 0.005242
0.177505 0.020729 0.001128
0.16346 -0.007901 0.004821
0.082342 0.014025 0.021458
0.176492 -0.018519 -0.002221
0.162457 -0.033584 -0.001418
0.121272 0.03308 0.010628
0.054805 -0.035965 0.014594
0.183895 -0.011044 0.001374
0.169968 -0.016989 0.003875
0.13861 0.002019 -0.008059
0.09706 -0.023245 0.010939
0.102768 -0.028513 0.008801
0.087278 -0.006961 0.019735
0.12691 -0.028218 0.005579
0.06494 -0.035756 -0.015503
0.092717 0.004464 0.018913
0.162907 -0.019317 -0.004179
0.158225 -0.036628 -0.002102
0.15032 -0.034012 0.005383
0.137327 -0.037338 -0.006722
0.08285 -0.039992 -0.008976
0.158215 0.018299 0.003766
0.175398 -0.009634 0.005367
0.02356 0.004762 0.025031
0.045575 -0.046092 1e-05
0.09891 -0.023527 0.008101
0.12131 0.027867 0.012143
0.116992 0.060212 -0.003508
0.1899 0.002069 0.000517
0.042005 -0.01408 0.019675
0.168805 0.024505 0.006505
0.167015 -0.000261 0.002308
0.171835 0.026409 0.005985
0.087115 -0.026928 0.015697
0.116405 -0.038829 -0.005175
0.160955 -0.032933 0.005079
0.10689 0.001781 0.013585
0.054135 0.01635 0.02093
0.160197 -0.027344 0.001417
0.105285 0.021516 0.013892
0.035632 -0.035221 0.011914
0.147585 0.020591 0.008039
0.19068 0.00325 0.002472
0.115293 0.064282 -0.011906
0.181157 0.0292 -0.001122
0.14613 0.01037 0.007379
0.115427 0.058922 -0.002039
0.180617 -0.009725 0.005279
0.08327 -0.037699 -0.01167
0.135297 0.030151 0.010484
0.07904 0.019738 0.021237
0.157198 -0.036107 0.00348
0.18304 0.001064 -0.007521
0.104165 -0.023114 0.002742
0.11649 0.066367 -0.009623
0.103683 0.013064 0.014827
0.17263 -0.017797 -0.005276
0.190757 0.01017 0.000693
0.182485 -0.010199 0.00532
0.183408 -0.009709 -0.00106
0.11759 0.063788 -0.007999
0.11991 -0.011443 0.011604
0.181323 -0.008896 0.00496
0.139075 0.010771 0.008535
0.18264 0.010023 -0.008375
0.176995 -0.017549 0.002566
0.177072 -0.012739 -0.006188
0.183705 -0.012617 0.001873
0.07503 0.030745 0.020019
0.18342 -0.012884 0.003526
0.181478 -0.01488 -0.00354
0.098273 -0.040241 -0.003967
0.18264 -0.010119 -0.003527
0.024825 -0.034502 0.010197
0.096913 0.027165 0.017189
0.157675 -0.035342 0.00461
0.180825 -0.006614 0.001206
0.16349 0.030358 0.00687
0.0188 0.041828 -0.010418
0.17256 0.029446 0.00566
0.183295 -0.012003 -0.002202
0.17976 -0.009843 0.005371
0.155068 -0.033931 0.005421
0.174348 0.025501 0.005002
0.117205 0.060144 -0.008093
0.057372 -0.031766 0.015695
0.092885 0.014269 0.019329
0.117022 0.060866 -0.002969
0.177765 -0.001217 -0.003313
0.11564 0.063517 -0.011849
0.142955 -0.019965 -0.002851
0.170772 -0.001901 -0.001147
0.16213 -0.017779 0.004415
0.099837 -0.019327 0.013847
0.053682 -0.046843 -0.000541
0.171775 0.008662 0.004438
0.14059 -0.038289 -0.004241
0.17962 0.029359 -0.003568
0.12078 -0.039492 -0.002759
0.09399 -0.018243 0.017002
0.17972 0.028336 -0.004383
0.115835 -0.022068 0.003225
0.0359 0.044685 -0.021928
0.146158 0.004612 0.008138
0.152375 -0.026673 0.002989
0.095937 -0.014478 0.016448
0.032118 -0.039357 0.005502
0.031807 -0.028223 0.017066
0.18326 -0.01308 -0.002101
0.033877 0.010827 0.02221
0.16287 -0.03159 -0.000486
0.154765 -0.037966 -0.002494
0.070222 0.011209 0.021248
0.0295 0.030949 0.019687
0.1566 -0.030388 0.005479
0.09859 -0.036658 0.009188
0.156247 -0.035312 0.004681
0.18024 0.028925 -0.003153
0.120848 -0.039831 -0.001323
0.182145 -0.008285 0.003309
0.094975 -0.037145 0.010089
0.17867 0.022486 0.002497
0.087055 -0.041956 0.004277
0.06862 -0.041503 0.007444
0.040535 0.026777 0.020576
0.117905 0.064869 -0.006157
0.162848 -0.032228 0.000108
0.102713 -0.029714 0.009273
0.17195 -0.001573 -0.005737
0.153468 -0.037759 0.001743
0.177855 -0.013631 0.00555
0.16105 -0.020556 -0.001177
0.06911 0.047429 0.002427
0.155105 -0.029835 0.005301
0.16442 0.02947 0.006818
0.10222 -0.039474 -0.005539
0.183192 -0.009987 -0.001829
0.154653 -0.035791 0.004294
0.11475 0.058937 -0.00141
0.15551 -0.03018 -0.005405
0.082255 -0.013588 0.019782
0.166055 0.023846 0.006699
0.054185 -0.027137 0.016586
0.07919 -0.044447 0.001042
0.181183 -0.007268 0.00246
0.17349 -0.011043 0.005641
0.18749 0.012373 -0.004111
0.178875 -0.005746 0.000378
0.189145 0.003213 -0.004717
0.16036 -0.027529 0.0022
0.188152 0.001649 0.001005
0.100128 0.026423 0.016258
0.055825 -0.041689 0.007167
0.152765 0.023471 0.008468
0.155585 -0.032391 -0.00565
0.075285 -0.038727 0.011927
0.116185 0.060427 -0.001872
0.047005 0.024122 0.020671
0.132055 0.011718 0.009286
0.188623 0.010443 0.002472
0.11488 0.063046 -0.012489
0.183602 0.005057 0.004137
0.151715 -0.036516 -0.004465
0.189435 0.011423 -0.000847
0.162855 -0.031129 0.003892
0.158112 0.026648 0.008173
0.016107 0.003985 0.025216
0.18201 0.027666 0.000557
0.094225 -0.014462 0.017052
0.15202 -0.031317 0.005736
0.098833 -0.023381 0.008585
0.1621 -0.029589 -0.001449
0.18184 0.007405 0.004337
0.096188 -0.040889 -0.002488
0.180248 -0.01106 -0.005212
0.18 -0.017832 0.000333
0.182173 -0.015135 -0.002696
0.14222 -0.035869 -0.006474
0.162878 -0.031719 0.003015
0.17391 -0.016507 0.004085
0.178555 0.007118 0.004327
0.105958 0.022567 0.014578
0.185298 0.005529 -0.00787
0.121173 -0.027203 0.005386
0.05681 0.011237 0.020941
0.09497 -0.041363 -0.001033
0.161487 -0.02817 0.002542
0.16773 0.022009 0.005088
0.185745 0.007395 0.004162
0.18326 -0.014731 -0.001011
0.029735 0.005273 0.023343
0.16042 -0.027733 -0.000851
0.15803 0.02515 0.008056
0.097107 -0.026639 0.009371
0.061565 -0.045004 -0.007236
0.167547 0.026077 0.006588
0.10155 -0.019344 0.013244
0.160365 -0.031453 0.00568
0.10432 -0.023563 0.001694
0.12513 0.005923 0.01217
0.16547 0.021277 0.005469
0.179795 -0.006845 -0.002825
0.183748 -0.009968 1.1e-05
0.096547 0.008845 0.01797
0.12826 0.033098 0.009792
0.188437 0.008597 -0.0056
0.090115 0.000642 0.019349
0.177957 -0.000913 -0.000856
0.147582 0.023291 0.008998
0.126552 -0.021552 0.004239
0.100547 -0.020361 0.012503
0.17911 -0.01187 0.006009
0.162622 -0.033162 0.003647
0.17871 0.007618 0.004383
0.155333 -0.036933 0.002612
0.116168 0.066602 -0.009454
0.14224 -0.030752 0.005707
0.183368 -0.01211 0.00372
0.17886 0.028343 -0.004839
0.1615 -0.030922 -0.002347
0.18774 0.004397 -0.006726
0.17499 0.011114 0.002883
0.105725 -0.022673 0.001922
0.120165 -0.019762 0.008809
0.17903 0.030413 -0.003413
0.082422 -0.018326 0.019286
0.099003 -0.040023 0.002541
0.10955 0.018656 0.008589
0.116333 0.066331 -0.009719
0.160588 -0.035035 0.004011
0.180025 -0.006661 0.001895
0.03177 0.054963 -0.006406
0.175087 -0.001192 -0.001095
0.18395 -0.012462 -9.3e-05
0.162547 -0.030002 0.003355
0.053457 -0.044335 0.003348
0.175495 0.022244 0.003439
0.102405 -0.026801 0.007551
0.10435 0.036922 -0.00357
0.08513 -0.020511 0.018482
0.1082 0.001249 -0.006133
0.182168 -0.008368 -0.002712
0.087248 -0.018281 0.018674
0.181437 -0.006873 -0.000221
0.09755 -0.024363 0.006678
0.158195 0.028147 0.008291
0.0677 -0.04485 -0.004304
0.078895 0.03173 0.01988
0.081622 -0.040297 0.010785
0.10354 -0.027964 0.008471
0.175728 -0.012787 -0.006561
0.16841 0.028109 0.006479
0.09135 0.034768 0.015187
0.084545 0.026692 0.020689
0.11748 0.060399 -0.005806
0.111107 0.006726 0.014834
0.102312 0.029197 0.015011
0.01715 -0.014603 0.023181
0.143025 -0.021455 -0.000875
0.09521 -0.024527 0.010614
0.101955 -0.001885 0.012963
0.175645 -0.018264 0.000848
0.181065 0.011738 0.00224
0.087195 -0.038126 -0.009869
0.161343 -0.027959 0.001528
0.17905 -0.006227 0.00148
0.162465 -0.03 0.003859
0.04977 0.028034 -0.023931
0.11683 0.060797 -0.002757
0.183137 -0.015025 0.002868
0.092798 0.016677 0.019091
0.135908 -0.016364 0.008862
0.184177 0.001438 0.00154
0.149428 -0.034332 0.005352
0.18089 0.029111 -0.00217
0.054245 -0.044769 -0.007345
0.14059 -0.008746 -0.007557
0.17403 0.032031 0.002368
0.098212 -0.027507 0.00919
0.07457 0.042683 -0.000945
0.115435 -0.026187 0.005193
0.100763 -0.010649 0.015078
0.098063 -0.041284 0.000345
0.153197 0.002478 0.006569
0.059485 0.006124 0.020952
0.167222 0.00169 0.003877
0.183495 -0.013534 0.002608
0.185225 0.006867 -0.007907
0.179432 -0.015789 -0.004371
0.177693 0.000166 -0.007193
0.149635 -0.029864 0.005331
0.09744 -0.017125 -0.00941
0.116175 0.066294 -0.009815
0.18254 -0.008071 -0.001744
0.181325 0.023281 0.00183
0.161585 -0.035284 0.002633
0.172075 0.009199 0.004312
0.104598 0.013451 0.013914
0.101258 -0.021396 0.011159
0.180285 0.00255 -0.008538
0.162522 -0.030732 0.004972
0.17807 0.032229 -0.001901
0.164977 -0.015259 0.005476
0.117545 0.061496 -0.004976
0.1141 -0.028908 -0.008462
0.164477 0.019812 0.004943
0.111212 0.033724 0.011749
0.188662 0.010236 -0.004442
0.09683 -0.023505 0.010597
0.184005 -0.011029 9e-06
0.1771 -0.005359 0.000651
0.180993 0.030515 0.001016
0.109498 -0.027011 0.006747
0.146155 0.008701 0.008372
0.175622 -0.015496 -0.005625
0.18148 -0.007279 0.001704
0.094565 -0.040601 0.0029
0.160795 -0.034619 0.004659
0.18366 -0.009928 0.001268
0.104667 0.055714 5.3e-05
0.152875 0.030607 0.007996
0.11769 0.013449 0.009825
0.15208 -0.037821 0.002004
0.165062 0.022381 0.006173
0.14451 -0.02072 0.002834
0.098125 -0.019311 0.014451
0.19002 0.002267 0.00155
0.17725 -0.005689 0.001304
0.151328 -0.020562 -0.002767
0.09545 0.012086 0.018903
0.1775 0.032594 -0.000235
0.124925 0.000481 0.010182
-0.00508 -0.01317 -0.01562
0.162443 -0.034158 0.003711
0.11058 0.000681 0.012325
0.054042 0.030984 0.019884
0.180788 -0.01078 -0.004747
0.02561 -0.033125 -0.012818
0.087497 -0.042248 -0.004367
0.180247 0.001795 0.002374
0.174008 -0.019013 -0.002
0.177295 0.00832 0.003932
0.15051 -0.030342 0.005271
0.16075 -0.02748 0.000123
0.172507 0.020692 -0.004269
0.113823 -0.009585 0.012303
0.094757 -0.019493 0.015486
0.162773 -0.03052 0.003049
0.07118 0.043542 0.005599
0.097885 -0.010714 0.015895
0.180085 0.021696 0.000967
0.18091 0.031173 0.002085
0.095925 0.017902 0.018288
0.091707 -0.034773 0.011852
0.18372 0.003011 0.003339
0.17822 -0.008426 -0.005279
0.09037 0.00804 0.020002
0.186913 0.001763 0.001444
0.04613 -0.019728 -0.019748
0.150063 -0.033495 0.005436
0.17398 -0.009047 0.004931
0.17554 0.004866 0.004164
0.189567 0.005782 -0.004775
0.090245 0.004443 0.019775
0.18201 -0.016207 0.001443
0.18187 -0.011683 0.005831
-0.00213 0.012553 0.024492
0.101705 0.023671 0.015862
0.182863 -0.014291 -0.002562
0.125085 0.009327 0.01202
0.121023 -0.033735 0.006404
0.18 0.029411 -0.00302
0.11667 0.063608 -0.010751
0.158358 -0.026616 0.000456
0.15542 -0.027013 0.003086
0.09519 0.004484 0.018052
0.116365 0.060166 -0.002365
0.17327 0.029731 0.005367
0.080162 -0.043955 -0.000845
0.167895 -0.009341 0.004998
0.157923 -0.033991 0.005278
0.11601 0.063931 -0.011402
0.074188 -0.004212 0.020939
0.160875 -0.033776 0.00487
0.120885 -0.021726 0.006308
0.070837 -0.013547 0.019826
0.158942 -0.036919 0.000464
0.165905 0.021014 0.00543
0.12636 -0.006662 0.007499
0.17914 -0.012283 -0.005849
0.15011 -0.030398 0.00538
0.10063 -0.028347 -0.008642
0.181965 0.003394 0.00384
0.115862 0.057883 -0.005655
0.10812 0.034901 0.011306
0.161015 -0.027798 -0.000186
0.061495 -0.045952 -0.002913
0.174822 0.001179 0.002283
0.17785 -0.007075 0.003266
0.038213 0.029095 0.0202
0.176795 -0.01818 0.001973
0.17706 0.031642 -0.003636
0.116238 0.061004 -0.001574
0.11616 0.06691 -0.009094
0.169497 -0.019356 -0.00223
0.179118 -0.017047 -0.002579
0.11572 0.064627 -0.011298
0.153705 -0.030394 0.005581
0.183035 -0.009403 -0.001557
0.146398 -0.036832 0.003834
0.157843 -0.034834 0.005069
0.08234 0.006198 -0.012887
0.121197 0.031178 0.011753
0.166185 -0.018964 -0.003698
0.145203 -0.036446 0.004285
0.044555 -0.040368 0.007436
0.17492 -0.000493 -0.006747
0.190645 0.010107 -0.00094
0.162897 -0.032311 0.002265
0.177565 0.031935 -0.002769
0.164373 0.027093 0.007328
0.179485 -0.018012 -0.001308
0.10122 0.02781 0.015634
0.149888 -0.032444 0.005541
0.099137 -0.023787 0.006623
0.175997 0.021178 0.002176
0.13927 0.000281 0.008039
0.109217 0.01098 0.014009
0.177033 -0.007938 0.004145
0.12644 -0.01249 0.010438
0.15196 -0.026245 0.002373
0.098823 0.009661 0.016593
0.162243 -0.029469 0.004063
0.118115 0.006614 0.013588
0.066425 0.021892 0.021061
0.08244 -0.035273 0.015027
0.15901 0.017885 0.002108
0.17997 0.011558 0.002416
0.183832 -0.010478 0.000638
0.117855 0.063376 -0.007159
0.146178 0.003091 0.008074
0.115313 0.064549 -0.011691
0.162677 -0.033095 0.003208
0.15293 -0.030659 0.005618
0.162773 -0.030826 -0.000821
0.178548 -0.01834 2.6e-05
0.168075 0.027684 0.006614
0.028395 -2.8e-05 0.024037
0.056272 -0.018732 0.018788
0.10484 0.05503 -0.000432
0.08292 0.034124 -0.011558
0.179165 -0.008219 -0.004324
0.042125 -0.039961 0.007531
0.173603 0.004976 0.0043
0.149965 -0.029451 0.005196
0.06788 -0.044128 -0.008294
0.183895 0.010498 0.002868
0.16567 0.01919 0.002455
0.090005 -0.039007 -0.008508
0.180775 -0.006311 0.000305
0.099175 -0.040792 -0.001113
0.117148 0.065937 -0.008957
0.08566 -0.040874 -0.007615
0.116172 0.059495 -0.009693
0.162925 -0.031603 0.000727
0.040475 0.016505 0.021135
0.18279 0.004762 -0.008949
0.108158 -0.007829 0.012132
0.10649 0.058254 -0.000178
0.184433 0.001992 0.002321
0.160033 -0.034741 0.004828
0.09428 -0.024769 0.011658
0.17929 -0.009926 -0.00474
0.115185 -0.029414 0.007311
0.153868 -0.031765 -0.006193
0.103123 0.057267 0.000364
0.180358 0.001226 -0.007948
0.170657 -0.015494 0.004776
0.187743 0.005594 0.003885
0.170685 -0.015269 0.004922
0.10286 -0.035674 -0.008824
0.06081 0.025826 0.020457
0.114925 0.064739 -0.011869
0.151293 -0.019817 -0.003755
0.16163 -0.02845 0.003086
0.18328 -0.014891 0.002041
0.187037 0.009732 -0.006592
0.145235 -0.014961 0.007757
0.15923 -0.027602 -0.002182
0.09455 0.031502 0.01658
0.101305 -0.040944 0.000247
0.183795 0.004111 0.004093
0.13215 -0.031956 0.005927
0.112713 0.018822 0.008742
0.05618 0.0285 0.020157
0.09752 -0.023944 0.008008
0.142902 -0.028738 0.005147
0.16185 -0.035274 8.1e-05
0.097595 -0.024001 0.007511
0.159165 -0.036295 0.002321
0.182142 0.001548 0.001929
0.117168 0.066683 -0.006234
0.116598 0.062796 -0.001952
0.172555 0.021423 -0.005053
0.172062 -0.001875 -0.002816
0.174055 0.019402 2e-06
0.11492 0.063621 -0.012368
-0.00223 0.017555 0.023689
0.080845 0.037038 0.01661
0.117285 0.063423 -0.009336
0.069417 0.030672 0.019928
0.06566 0.014162 -0.018954
0.089505 -0.014495 0.01847
0.188995 0.011808 -0.001052
0.031075 0.010573 0.02265
0.161555 -0.028188 0.00098
0.18672 0.011726 -0.005232
0.105185 0.053662 -0.001402
0.180395 -0.010349 -0.004302
0.142715 -0.008908 0.007865
0.147592 0.029248 0.009323
0.102355 -0.040151 -0.002667
0.095307 -0.034884 0.010176
0.08815 0.038034 0.013795
0.17428 -0.014359 -0.00634
0.183922 -0.011753 0.000641
0.099967 -0.024937 0.005875
0.16019 0.005803 0.00585
0.095275 0.016902 0.018429
0.024682 -0.036832 0.006788
0.172497 -0.015257 0.005096
0.02854 0.025805 0.021318
0.159578 -0.027065 0.001907
0.050177 -0.018716 0.018786
0.153302 -0.010533 0.006705
0.14607 -0.001716 0.004053
0.12658 -0.017766 0.009968
0.18868 0.006322 -0.005785
0.182992 -0.015379 0.003044
0.11589 0.062206 -0.011765
0.105388 0.014897 0.01202
0.116325 0.066639 -0.009359
0.097787 -0.03904 0.004776
0.18712 0.011592 -0.00496
0.12689 -0.02888 0.005722
0.17746 0.030659 -0.004306
0.182785 0.011068 0.002536
0.180993 -0.016218 -0.002216
0.109307 -0.02989 0.008363
0.18904 0.001019 -0.003173
0.099332 -0.027063 0.008446
0.116843 0.061127 -0.002476
0.14997 -0.031912 0.005593
0.174967 0.019677 -0.000264
0.18378 -0.010016 -0.000562
0.10059 -0.025019 0.005836
0.132068 0.010883 0.009782
0.063162 -0.01866 0.018955
0.162923 -0.031698 0.002659
0.178778 -0.013079 -0.005661
0.095188 0.01931 0.018191
0.183608 -0.009465 6.7e-05
0.15344 -0.028886 0.004562
0.178375 -0.006453 0.00237
0.178632 -0.018386 -0.001255
0.018038 -0.026648 0.018738
0.10524 0.017165 -0.003824
0.15826 -0.036902 0.001597
0.10935 -0.000172 0.011536
0.16202 -0.02917 -0.001129
0.19123 0.005809 0.000472
0.179155 0.023656 0.002989
0.126958 -0.027774 0.005163
0.149465 -0.032908 0.00548
0.182755 -0.008398 -0.001446
0.12854 0.023136 0.01104
0.116362 0.060968 -0.010153
0.183578 -0.011193 0.002986
0.160615 -0.035824 0.002153
0.102417 -0.037448 0.006319
0.162483 -0.033462 0.004245
0.158755 -0.034638 -0.003744
0.121068 -0.028154 0.006302
0.106885 -0.013036 0.014151
0.11449 0.030629 -0.005816
0.17407 -0.001137 -0.0009
0.172025 -0.001774 -0.00379
0.1487 -0.033503 0.005412
0.102973 -0.027382 0.008011
0.04462 0.052842 -0.01964
0.11815 0.063721 -0.005819
0.070503 -0.004072 0.020818
0.134725 -0.017527 0.008849
0.15795 0.020952 0.006979
0.179008 -0.007682 0.00383
0.177938 -0.018131 -0.002099
0.042307 -0.042784 0.003964
0.028885 -0.004612 0.023065
0.11651 0.058876 -0.003673
0.05932 -0.018739 0.018789
0.087513 -0.003179 0.019785
0.16354 -0.016797 0.004883
0.180725 0.030427 -3.2e-05
0.10708 0.02183 0.013849
0.179665 0.031259 -0.001007
0.18522 0.004195 -0.007809
0.034145 0.026314 0.020439
0.161958 -0.028541 0.001408
0.077942 -0.029687 0.016741
0.11607 0.064854 -0.010724
0.188692 0.005757 -0.005781
0.18767 0.012771 -0.000885
0.177265 -0.005466 -0.001606
0.173595 0.026932 0.005356
0.08526 -0.02273 0.017733
0.09469 -0.026516 0.011196
0.09982 0.062022 -0.016183
0.150255 -0.027849 0.004542
0.10727 0.018916 0.010623
0.040043 -0.019152 0.019301
0.176767 -0.018291 0.001256
0.18046 -0.012967 -0.004642
0.116645 0.066954 -0.008696
0.17957 0.030683 -0.002542
0.069238 0.026325 0.020488
0.17855 0.026028 -0.004892
0.18011 -0.008012 -0.003369
0.170845 -0.011787 0.005594
0.047055 0.011262 0.020937
0.180458 0.030337 -0.001079
0.030153 -0.014142 0.021374
0.137473 -0.035545 -0.007479
0.0232 -0.009707 0.023781
0.105862 -0.022588 0.002263
0.128273 0.032357 0.010174
0.159075 -0.036481 0.001917
0.169362 -0.017893 -0.005616
0.059028 0.030603 0.019937
0.07846 -0.005334 -0.014398
0.175065 0.027162 0.004693
0.176965 -0.016632 -0.004909
0.1789 -0.005897 0.000828
0.149775 -0.030818 0.005515
0.148245 -0.030595 0.005609
0.175023 0.000354 -0.008103
0.16062 -0.030621 -0.00292
0.075205 0.028691 0.020333
0.11605 0.064587 -0.010939
0.182748 -0.010057 0.004391
0.08241 0.001328 0.02107
0.104302 -0.023028 0.003083
0.168982 0.0202 0.002868
0.096327 -0.040553 -0.003924
0.09011 0.022198 0.019503
0.16455 0.018524 -0.003207
0.164932 -0.008718 0.005062
0.179193 -0.011408 -0.00587
0.082275 -0.006042 0.020489
0.159775 -0.027185 0.001849
0.17225 -0.000305 -0.007657
0.109092 0.012039 0.013028
0.188705 0.011935 0.000444
0.175512 -0.01446 0.005413
0.106022 0.017071 0.009973
0.1163 0.063194 -0.011197
0.139225 0.00165 0.008655
0.116295 0.058884 -0.00322
0.183323 -0.011287 -0.002151
0.10149 -0.003618 -0.00858
0.101527 -0.006383 0.01405
0.116468 0.067291 -0.008542
0.115993 0.065374 -0.003122
0.160022 -0.000479 0.0034
0.00378 -0.035527 0.006277
0.184673 0.00392 0.003842
0.183225 0.010528 0.002864
0.10127 -0.025637 0.00663
0.113218 0.018475 0.007781
0.035997 -0.040868 0.00478
0.180438 0.022031 0.000339
0.121563 0.020525 0.010447
0.098203 -0.031346 0.009982
0.17733 0.031953 -0.003074
0.0466 0.040956 -0.023525
0.11477 0.057767 -0.002154
0.162378 -0.029471 0.003255
0.03589 0.031413 0.019824
0.0593 -0.008827 0.019871
0.120145 -0.017902 0.011123
0.185165 0.00764 -0.007939
0.15281 -0.033751 0.005497
0.120015 -0.016189 0.011362
0.08871 -0.026691 0.015159
0.146823 -0.037984 -0.004713
0.109665 0.061611 -0.000624
0.0738 -0.045169 0.00079
0.116 0.058011 -0.004511
0.061235 -0.043918 0.003138
0.132125 0.006752 0.010816
0.151695 -0.036391 0.003899
0.189142 0.009324 -0.00449
0.160095 -0.027287 0.001964
0.124293 -0.001994 0.006313
0.18752 0.011459 -0.004689
0.190903 0.009153 0.00192
0.117048 0.061526 -0.002405
0.06673 0.054748 0.003924
0.160287 0.010212 0.005356
0.109262 -0.040439 -0.000329
0.02758 0.020662 0.022949
0.158083 -0.032306 0.005699
0.0648 -0.040376 -0.011976
0.18928 0.003471 -0.004728
0.177067 -0.015107 -0.005502
0.161987 -0.028625 0.002505
0.069063 0.028379 0.020174
0.167163 0.026819 0.006458
-0.00329 0.02983 0.011362
0.179058 0.021475 0.000316
0.16214 -0.02895 0.00346
0.109325 0.020358 0.012389
0.17974 0.006559 0.004279
0.14289 -0.019148 0.005416
0.137493 -0.034581 0.005412
0.169262 0.003696 0.004404
0.11581 0.065692 -0.010437
0.17279 -0.017256 0.003332
0.087405 -0.036979 -0.011216
0.153255 0.000716 0.005857
0.16173 -0.032893 0.004922
0.171703 0.006134 0.004541
0.16061 -0.03142 -0.002908
0.080005 -0.037626 0.014878
0.090407 0.014044 0.019991
0.059125 -0.044926 -0.007273
0.16135 -0.034913 0.003842
0.186465 0.011452 0.001623
0.17695 -0.005029 -1e-06
0.15959 -0.031494 0.005837
0.19084 0.003776 0.002802
0.08099 0.030718 0.020224
0.183795 0.009306 -0.008123
0.183683 0.002461 0.002962
0.188645 0.011303 -0.003682
0.173987 0.003142 0.00375
0.154105 -0.027057 0.003345
0.15874 -0.02819 0.003555
0.07951 -0.008884 0.020333
0.108967 0.013097 0.012046
0.115888 0.061448 -0.001182
0.179658 0.027091 0.003668
0.091815 -0.019887 0.016223
0.116255 0.058444 -0.004092
0.151025 -0.017979 0.005453
0.092372 -0.030249 0.012024
0.115225 -0.028091 0.007025
0.14848 -0.029152 0.005382
0.191272 0.005919 -0.001084
0.180595 0.010708 0.002889
0.188705 0.005192 -0.005778
0.1759 -0.017412 0.002874
0.086902 0.028897 0.019571
0.109822 0.060296 -0.000465
0.18341 0.013903 -0.003467
0.15482 -0.03121 -0.006018
0.186795 0.011666 -0.005248
0.18124 0.028543 -0.002191
0.08964 -0.021531 0.015445
0.06025 -0.031981 0.015801
0.086525 -0.042741 -0.00248
0.096462 -0.025069 0.009504
0.120353 -0.009053 0.010915
0.151625 -0.038413 -0.002961
0.10209 -0.008218 0.013676
0.126852 -0.032397 0.005862
0.150853 -0.008697 0.006801
0.160845 -0.027543 0.000611
0.09154 -0.036259 -0.010762
0.18783 0.005167 -0.006784
0.10479 -0.022892 0.002004
0.178135 0.030275 -0.004201
0.18919 0.003136 0.002614
0.161992 -0.02878 0.003234
0.0405 -0.035017 -0.015581
0.104765 -0.022851 0.002704
0.098495 -0.028828 0.009653
0.186285 0.004009 0.003653
0.133315 -0.026393 0.00353
0.177628 -0.00116 -0.004255
0.04543 0.026707 0.020434
0.186472 0.007533 -0.007369
0.1084 0.055069 -0.001624
0.167595 0.02686 0.006553
0.048635 0.035726 0.018612
0.189385 0.003959 -0.004721
0.15235 -0.037473 0.002485
0.135803 -0.010038 0.008883
0.181892 0.025541 0.001815
0.082027 0.022644 0.021081
0.1591 -0.026877 0.000139
0.167883 -0.011164 0.005658
0.090622 0.025644 0.019019
0.170713 -0.015044 0.005067
0.160247 0.000934 0.004766
0.18949 0.011272 0.001093
0.17898 0.026024 -0.004665
0.17994 0.009989 0.003394
0.190802 0.009945 0.002112
0.162787 -0.033487 0.000134
0.185545 0.0016 0.001492
0.191182 0.004669 -0.001211
0.181848 -0.008275 0.004065
0.183623 -0.012945 -0.001539
0.182595 -0.009346 0.004165
0.11608 0.058892 -0.002767
0.101375 -0.040237 -0.00263
0.18952 0.001811 0.000957
0.12644 -0.01091 0.010217
0.17935 0.02718 -0.004524
0.189547 0.004739 0.003651
0.116333 0.058498 -0.005539
0.159265 -0.026957 0.000756
0.051927 -0.03575 0.014488
0.099885 0.028492 0.016144
0.121057 -0.037932 0.003787
0.182067 -0.007685 -0.001369
0.100095 -0.038791 0.004539
0.17784 -0.001419 -0.001366
0.109475 -0.001254 0.009012
0.156495 -0.033961 0.00535
0.14811 -0.035232 0.005251
0.177155 0.012049 0.002297
0.035625 0.005782 0.02206
0.177285 0.030956 -0.004095
0.161845 -0.028609 0.003008
0.024645 -0.02436 0.019426
0.17215 -0.000728 -0.007017
0.162775 -0.03301 0.00254
0.077267 -0.018391 0.019396
0.14193 0.034205 0.005193
0.09193 -0.041056 -0.005797
0.092588 0.000663 0.018488
0.181918 -0.01409 0.00521
0.17573 -0.011603 -0.006904
0.039877 -0.042378 0.004058
0.02396 -0.024349 -0.018493
0.185057 0.008114 -0.007905
0.079655 0.00226 0.021267
0.156507 -0.037636 0.000413
0.147353 0.018299 0.004877
-0.00491 -0.022935 -0.014249
0.16274 -0.03053 0.003353
0.035362 -0.029239 0.016502
0.17938 0.029845 -0.003434
0.11553 0.057397 -0.004627
0.04189 0.001611 -0.021028
0.09815 -0.005419 -0.009539
0.059895 0.016201 0.020951
0.107735 -0.009306 0.013223
0.039642 -0.014228 0.019846
0.134755 -0.021537 0.001131
0.185272 0.003669 -0.007685
0.17084 -0.010975 0.00548
0.117712 -0.000173 0.010147
0.17308 -0.006901 0.003494
0.178605 0.030754 -0.00336
0.07978 0.005856 0.021495
0.10721 0.017632 0.000149
0.096363 -0.040199 -0.005362
0.09763 -0.02416 0.006902
0.11683 0.066308 -0.009211
0.14832 -0.031686 0.005661
0.044 0.036077 0.018664
0.11085 0.003233 0.013633
0.13489 -0.021404 0.003334
0.158735 -0.027048 -0.0012
0.163845 0.018196 0.002796
0.084257 0.028698 0.020508
0.099128 -0.018293 0.015192
0.161712 -0.028323 0.002261
0.16717 0.003306 0.004484
0.089265 -0.039088 0.009756
0.10685 0.005963 -0.006795
0.16114 -0.031412 0.005522
0.11717 0.06625 -0.008799
0.117257 0.066298 -0.007594
0.176873 0.02076 -0.001704
0.063375 0.011023 0.021072
0.142297 0.029429 0.01003
0.17604 -0.000297 4.2e-05
0.17991 -0.015157 0.005057
0.079015 -0.041921 0.007453
0.1 0.013719 0.016149
0.15002 -0.030288 0.00539
0.09922 -0.005605 -0.00921
0.10539 -0.001623 0.011488
0.043968 -0.009009 0.020048
0.10198 0.035259 0.011912
0.082117 -0.03815 0.014497
0.183888 -0.010471 -4.5e-05
0.164697 0.032836 0.004578
0.100258 -0.040691 -0.001152
0.1176 0.062604 -0.004097
0.172122 -0.000874 -3e-06
0.153753 -0.03095 0.005811
0.13905 0.01244 0.007543
0.105713 0.017845 0.010848
0.159648 -0.034197 -0.003554
0.121068 -0.0368 0.005825
0.177675 0.001388 -0.008375
0.182898 -0.014866 -0.001573
0.162533 -0.030274 -0.000898
0.097265 -0.04075 -0.002508
0.10124 -0.039559 -0.005502
0.06231 0.061266 -0.015673
0.17986 0.028873 -0.003701
0.159745 -0.036743 -0.000899
0.145582 -0.038015 0.00183
0.161673 -0.028526 -0.000588
0.175765 0.020009 -0.001446
0.17431 -0.015245 0.005271
0.063142 -0.008748 0.020036
0.178708 -0.006956 0.003173
0.179307 -0.008407 0.004488
0.09532 0.008285 0.018477
0.116318 0.066947 -0.008998
0.18279 -0.01162 0.005772
0.166405 -0.009535 0.005303
0.02259 -0.014205 -0.020827
0.17843 0.001995 0.002522
0.0848 0.017506 -0.012254
0.178075 -0.005793 0.001066
0.160215 -0.009403 0.005688
0.116295 0.059265 -0.00292
0.095973 -0.030361 0.010348
0.16614 -0.018476 -0.004827
0.098613 -0.001439 0.015678
0.181507 0.025979 0.000441
0.1024 -0.024726 0.004887
0.162278 -0.034392 -0.001077
0.17697 0.005742 0.004217
0.10812 -0.001025 0.010747
0.063 0.03039 -0.021031
0.10207 0.031266 0.014897
0.18014 -0.016592 -0.002164
0.149215 -0.034622 0.005317
0.15179 -0.038727 -0.000721
0.174383 -0.012834 -0.006933
0.0424 0.011872 -0.022671
0.18064 -0.01316 -0.004564
0.15936 -0.012355 -0.007656
0.181305 -0.016822 0.001883
0.004145 -0.031626 0.012646
0.153313 -0.036345 -0.003858
0.169367 -0.010158 0.005239
0.004083 0.003028 0.025805
0.10351 -0.036215 0.008317
0.105082 -0.022808 0.002673
0.09655 -0.020803 -0.010004
0.146262 0.000499 0.006948
0.17415 0.029992 0.005053
0.182585 0.009059 0.003878
0.10464 -0.001495 0.012252
0.17344 0.029707 0.005346
0.07115 0.044773 -0.00548
0.104327 -0.023068 0.002382
0.158908 -0.030326 -0.004198
0.170058 -0.018617 0.001504
0.189407 0.011499 -0.001816
0.046292 0.006124 0.020952
0.162722 -0.033074 0.002852
0.0999 0.018683 -0.006966
0.177097 0.003964 0.003887
0.11544 0.058548 -0.00229
0.116815 0.066924 -0.00849
0.16128 -0.028117 -0.000494
0.105137 0.020346 0.013274
0.15361 -0.029282 0.005122
0.14735 -0.031597 0.00575
0.173627 0.004031 0.004079
0.104325 0.017221 0.012577
0.10837 -0.003188 0.005699
0.191025 0.008873 0.000521
0.186092 0.002211 -0.006849
0.115195 -0.038869 0.002581
0.16168 -0.028334 0.002565
0.02271 -0.005122 0.024753
0.14758 0.02999 0.008941
0.096785 -0.025854 0.009437
0.116132 0.05985 -0.002169
0.17815 -0.0078 0.003923
0.053215 -0.013768 0.019328
0.116295 0.059074 -0.00307
0.154875 -0.038176 -0.001001
0.17984 0.030817 -0.002106
0.1495 -0.031113 0.005531
0.158255 -0.032462 -0.004933
0.06465 -0.04469 -0.006851
0.18778 0.007427 -0.006799
0.06417 0.061514 -0.000964
0.1667 0.020599 0.003772
0.158562 -0.030841 -0.004505
0.17885 -0.005594 -7.3e-05
0.153155 0.004684 0.006941
0.101797 0.052938 -0.000694
0.190398 0.008092 -0.003408
0.183868 -0.01176 0.001323
-0.00193 0.00255 0.026099
0.162708 -0.01332 0.005532
0.182805 -0.008214 -0.001396
0.18077 -0.010436 0.005505
0.152663 0.019166 0.00579
0.110985 0.004508 0.014287
0.177695 0.00059 -0.007909
0.07538 0.026637 0.020646
0.06733 0.019157 -0.019049
0.063088 0.02362 0.020692
0.04614 -0.030922 0.015577
0.184005 0.004479 -0.008379
0.004183 -0.001974 0.026609
0.117148 0.06253 -0.002647
0.189023 0.011733 -8.3e-05
0.190812 0.009603 -0.00092
0.060455 0.023533 0.020704
0.182275 -0.007928 -0.002093
0.147965 -0.030027 0.005605
0.183815 0.00015 0.00013
0.100523 -0.005359 0.01489
0.1035 -0.037347 0.00628
0.017905 -0.033291 0.011163
0.09637 -0.024025 0.009912
0.117305 0.06157 -0.003674
0.11576 0.059006 -0.002303
0.162755 -0.030499 -0.000438
0.176347 -0.016027 0.004321
0.102522 -0.03472 0.008738
0.128493 0.020512 0.009692
0.163242 0.023472 0.007231
0.102555 0.027127 0.015124
0.179933 0.031348 4.1e-05
0.107995 -0.020138 0.010932
0.11751 0.062503 -0.008879
0.084675 0.038254 0.014698
0.103513 -0.028564 0.008707
0.07415 -0.042081 -0.008556
0.14776 -0.03055 0.005654
0.18071 -0.00114 -0.001127
0.178938 -0.014445 0.005311
0.096705 0.058862 0.0012
0.162277 -0.030006 -0.001542
0.148865 -0.02939 0.005364
0.100715 -0.023733 0.005126
0.06706 0.010883 0.021193
0.093767 0.026405 0.018104
0.179315 -0.01792 0.001255
0.12506 0.010995 0.011028
0.18244 -0.007991 -0.000872
0.183932 0.000655 0.00064
0.173625 -0.012186 0.005952
0.09705 0.024719 0.017533
0.0899 -0.025968 0.013947
0.1774 -0.006019 0.001956
0.158523 -0.026696 0.001073
0.15153 -0.025802 -0.002738
0.184005 -0.012454 -0.000775
0.097208 -0.024318 0.007429
0.16858 0.022057 0.00498
0.167928 -0.013652 0.005654
0.13912 0.007582 0.009463
0.099425 0.016719 0.01646
0.16291 -0.031062 0.003453
0.183468 -0.008962 0.000123
0.109343 -0.038674 0.003412
0.100073 0.059848 0.000658
0.089 -0.03799 0.012253
0.187505 0.012633 -0.002481
0.026648 0.005017 0.024187
0.080982 -0.037562 -0.011916
0.10737 -0.000898 0.011512
0.14279 -0.03414 0.005476
0.09982 -0.036547 0.00897
0.11514 0.057648 -0.003072
0.060785 -0.038903 0.010916
0.089985 -0.003159 0.018924
0.175362 -0.01765 -0.004136
0.16602 0.030229 0.006257
0.096125 0.028611 0.016986
0.054057 -0.04546 -0.005077
0.116867 0.061787 -0.001912
0.156477 -0.037724 -0.000105
0.10559 -0.012107 -0.007691
0.18341 0.006002 0.004181
0.107275 -0.018173 0.013433
0.035347 -0.004463 0.021631
0.190715 0.003019 -0.000323
0.13832 -0.031252 -0.00682
0.09629 -0.028174 -0.010787
0.132273 -0.028095 0.005158
0.15554 -0.036517 0.00326
0.17219 -0.004801 0.000472
0.144008 -0.036059 0.004736
0.03786 0.044837 0.014101
0.13713 -0.029907 0.005664
0.10947 -0.002844 0.001611
0.098853 -0.006729 0.015865
0.11704 0.064223 -0.009929
0.104628 -0.022937 0.002363
0.190778 0.003397 0.00124
0.172632 -0.011752 0.005715
0.181407 0.024371 0.001323
0.162635 -0.033794 0.002802
0.094103 -0.035046 0.010476
0.17998 -0.012819 -0.005168
0.176565 0.022141 -0.004271
0.189822 0.011092 -0.001658
0.158002 -0.033149 0.005488
0.153223 -0.038242 -0.002354
0.10566 -0.002731 0.009169
0.092193 0.029296 0.017698
0.17707 -0.013923 -0.005845
0.110715 0.001957 0.012979
0.15963 -0.019669 -0.004659
0.10009 -0.035908 -0.008691
0.127053 -0.026886 0.004332
0.11789 0.063715 -0.004581
0.1756 -0.011349 0.005835
0.180225 -0.017703 -0.000796
0.16059 -0.028826 0.004452
0.14743 0.019063 0.005931
0.02511 -0.029844 0.017016
0.18392 -0.010518 -0.000618
0.166137 0.025344 0.006817
0.190362 0.010331 0.001907
0.182968 -0.011061 -0.002865
0.163045 -0.031 0.002384
0.17843 0.009774 0.003475
0.097505 -0.004643 0.016279
0.099133 -0.024048 0.005902
0.18738 0.003111 -0.006647
0.163408 0.026469 0.007466
0.191215 0.006571 0.000592
0.151973 -0.032234 0.005764
0.070847 -0.018503 0.019286
0.087825 0.016692 0.020528
0.17339 -0.015363 0.005111
0.166095 -0.017988 -0.005956
0.114265 -0.008775 0.011836
0.150927 -0.03181 0.005705
0.04139 -0.021964 -0.019636
0.161525 -0.014484 0.005518
0.1628 -0.032397 0.002934
0.115395 0.058081 -0.002653
0.10556 0.009751 0.015545
0.12664 -0.039527 -0.00182
0.171947 0.020096 0.002126
0.115135 0.058121 -0.002255
0.15181 -0.038169 0.001523
0.09724 0.015214 -0.007792
0.177808 -0.018649 -0.000486
0.180737 0.026855 -0.002307
0.0966 -0.023765 0.010255
0.096278 -0.005203 0.016787
0.12685 -0.037628 0.003291
0.184325 0.006361 0.004307
0.10242 0.050943 -0.004327
0.15699 -0.036524 0.002832
0.16235 -0.033619 -0.001741
0.172985 -0.019253 0.000154
0.184032 -0.011738 -0.000725
0.07578 -0.03658 0.015639
0.05393 0.011311 0.02093
0.162818 -0.030499 0.002693
0.18314 -0.014805 0.003518
0.152582 -0.026888 0.003296
0.191102 0.008819 -0.002299
0.17219 0.014913 -0.002599
0.076407 -0.037288 -0.01241
0.183402 -0.008867 0.00127
0.179325 -0.008849 -0.004841
0.190443 0.00274 -0.002884
0.06458 -0.045638 -0.002528
0.11426 0.022378 -0.00496
0.162262 -0.028926 0.002749
0.11991 -0.009863 0.011383
0.162705 -0.033643 0.002503
0.04279 0.00086 0.021313
0.17736 0.009018 0.003884
0.11757 0.0634 -0.008248
0.16223 -0.034157 -0.001514
0.18931 0.008819 -0.004469
0.17262 0.01321 0.001881
0.105773 0.020563 0.013218
0.174075 -0.017409 -0.005154
-0.00314 -0.034316 0.007243
0.081875 0.031717 0.019983
0.180027 -0.017722 0.00105
0.17749 -0.016042 0.004273
0.115205 -0.028752 0.007168
0.06504 -0.043964 0.003346
0.08171 -0.04156 0.007579
0.10906 -0.039423 -0.004637
0.171605 -0.015151 0.005081
0.1111 0.030871 0.013438
0.10724 0.013468 0.012524
0.190735 0.009658 0.0019
0.162465 -0.029578 -0.000315
0.190347 0.009989 0.002712
0.153362 -0.038363 -0.000343
0.188975 0.009828 -0.004511
0.163447 0.018403 0.003626
0.052947 -0.041474 0.007061
0.190248 0.002445 -0.000419
0.151063 -0.031418 0.005624
0.104003 -0.023159 0.003101
0.132172 -0.033489 0.005637
0.1518 -0.038448 0.000401
0.162553 -0.033312 0.003946
0.176793 0.020229 -0.000796
0.169445 -0.001825 -0.00045
0.159455 -0.027082 0.001734
0.159853 -0.033636 -0.00386
0.101598 0.058558 0.000511
0.162327 -0.028905 0.002141
0.1761 -0.016781 0.003467
0.051277 -0.046291 -0.002739
0.16349 0.029561 0.007108
0.117035 0.061196 -0.002687
0.17813 0.009236 0.003601
0.178225 -0.006123 0.001718
0.16157 -0.028308 0.002764
0.117317 0.0619 -0.003392
0.13911 -0.002734 0.003615
0.189462 0.011347 0.000123
0.081182 0.033659 0.018802
0.01061 -0.014914 0.023553
0.17216 0.02361 0.005974
0.064093 -0.031902 0.015967
0.17769 -0.000258 -0.006477
0.145165 -0.012323 0.007992
0.180113 -0.017768 -0.000232
0.088017 0.011411 0.020891
0.096047 -0.041225 -0.001052
0.158218 -0.031356 -0.004811
0.10228 0.037691 -0.003779
0.09271 0.019085 0.018854
0.1825 -0.014425 -0.003124
0.11338 -0.011975 0.012992
0.13709 -0.03123 0.005951
0.097718 -0.034559 0.009575
0.17827 0.008158 0.004055
0.058867 -0.046565 -0.000681
0.09992 0.00642 0.015659
0.116475 0.066983 -0.008902
0.15974 -0.03032 -0.003492
0.149597 -0.034325 0.005351
0.16876 0.023418 0.006405
0.17902 -0.011215 0.005816
0.102422 0.060882 0.000361
0.0795 0.011224 -0.014199
0.145588 -0.037876 0.002391
0.149605 -0.030783 0.00551
0.18978 0.001871 -0.000515
0.07054 0.005704 0.021314
0.162777 -0.031807 0.00381
0.155125 -0.03735 0.001963
0.18941 0.001445 -0.001844
0.098445 -0.02974 0.010185
0.110545 -0.038795 -0.006114
0.16911 -0.012488 0.005667
0.02624 0.015362 0.023643
0.07102 -0.043926 -0.007741
0.096522 -0.024228 0.008931
0.080992 -0.039205 -0.01055
0.100737 -0.027229 0.008293
0.08458 -0.043725 0.001294
0.11488 0.063892 -0.002257
0.1826 0.008311 0.004386
0.10128 0.05499 0.00076
0.10037 -0.022846 0.010075
0.18905 0.011657 0.000887
0.11371 -0.018038 0.012278
0.172885 0.026647 0.005649
0.181045 -0.010747 -0.004651
0.191065 0.005979 0.003427
0.18853 0.002154 0.001692
0.083278 0.032647 0.019145
0.132928 -0.039327 -0.001545
0.071 -0.040639 -0.010475
0.173557 -0.011614 0.005797
0.096865 -0.024273 0.00818
0.179875 -0.006331 0.001243
0.11496 0.064195 -0.012247
0.132 -0.029724 0.005765
0.07275 0.022543 0.021171
0.11775 0.060979 -0.006569
0.1412 0.031263 -0.0054
0.095675 -0.024406 0.010092
0.16442 0.028673 0.007056
0.18243 -0.01586 0.002657
0.157977 0.021793 0.007643
0.184535 0.000204 -0.005002
0.17783 0.008698 0.003727
0.158638 -0.033052 -0.00475
0.09458 0.039179 -0.006916
0.17878 -0.011896 -0.006004
0.157037 -0.034012 -0.004287
0.066817 -0.003932 0.020698
0.162667 -0.031941 0.004688
0.10401 -0.023419 0.002582
0.175783 0.028822 0.004384
0.169655 0.024553 0.006397
0.06152 0.030412 0.019964
0.07093 -0.044287 -0.005747
0.097137 -0.023391 0.010455
0.16285 -0.030509 0.000826
0.094135 -0.021506 0.01433
0.076582 0.008695 0.021399
0.102297 -0.023417 0.004349
0.137515 -0.036114 0.005123
0.071705 -0.041189 0.007829
0.1151 0.060654 -0.001121
0.10304 0.022988 0.015352
0.09996 -0.003524 0.015264
0.11802 0.061558 -0.007332
0.1815 -0.010772 -0.003864
0.161955 -0.009513 0.005729
0.046172 0.029116 0.020172
0.156635 -0.032309 0.005749
0.10047 -0.026086 0.007223
0.167892 -0.017009 0.004131
0.107015 -0.014748 0.013912
0.121235 0.032129 0.011191
0.17945 -0.011374 -0.005774
0.10613 0.019046 0.011639
0.189355 0.011553 -0.002834
0.15805 -0.03736 0.000273
0.04128 -0.030108 0.015765
0.176985 0.02403 0.004148
0.010985 -0.03208 0.012129
0.188278 0.012145 -0.000797
0.18604 0.001041 -0.005347
0.15289 -0.036778 0.003448
-0.00198 -0.020122 0.023325
0.08017 0.000747 -0.013737
0.14792 -0.034323 0.005376
0.182933 -0.012138 -0.002764
0.163265 -0.014594 0.005559
0.076265 0.0142 0.021333
0.084405 -0.041199 0.007705
0.160505 -0.029322 -0.002547
0.05154 -0.035036 -0.016791
0.18138 -0.006973 -0.001293
0.175915 -0.008076 0.004366
0.18052 0.023121 -0.000167
0.091905 0.031303 0.017517
0.142285 0.03017 0.009648
0.096172 -0.010697 0.016498
0.106325 -0.022411 0.001885
0.17675 0.020313 0.000757
0.19075 0.009999 0.001095
0.07143 -0.027456 0.017336
0.17862 0.028828 -0.004705
0.17999 -0.011094 -0.005309
0.178575 -0.018229 0.000743
0.162338 -0.034122 -0.001191
0.100647 -0.025556 0.006669
0.155213 -0.026799 0.002779
0.171692 -0.014126 0.005417
0.082585 0.034589 0.017964
0.05909 -0.0454 -0.005111
0.18916 0.001217 -0.002141
-0.00183 -0.002452 0.026903
0.092222 -0.00692 0.018013
0.103705 -0.022774 0.004511
-0.00398 0.031864 0.002695
0.098835 -0.020345 0.013106
0.09524 -0.038243 0.007593
0.14941 -0.028098 0.004855
0.10274 0.008086 0.015602
0.151795 -0.038587 -0.00016
0.099318 -0.031839 0.009799
0.174177 -0.015884 -0.005747
0.09967 -0.026535 0.007817
0.16218 -0.029304 -0.000731
0.133068 -0.038061 0.001862
0.117612 0.060851 -0.007712
0.183922 -0.013178 -0.000143
0.058642 -0.044057 0.003208
0.15581 -0.036169 0.003741
0.09738 -0.028335 0.009836
0.155188 -0.032312 0.0058
0.171707 -0.01189 0.005634
0.075507 -0.032041 0.016592
0.09747 -0.025944 0.007935
0.16183 -0.03498 0.003196
0.10058 -0.014884 0.015067
0.18857 0.004038 -0.005691
0.105117 0.032086 0.013848
0.178253 0.021316 -0.001681
0.16492 -0.010542 0.005722
0.09831 0.031384 0.015739
0.17778 -0.01876 -0.001203
0.109805 0.060824 -0.000338
0.18565 0.008547 0.004126
0.18316 0.003936 0.004042
0.115485 0.061315 -0.001088
0.161952 -0.034766 0.002585
0.158912 -0.037007 -5.4e-05
0.10134 -0.040591 -0.001192
0.16194 -0.02878 0.003537
0.183032 0.001216 0.001344
0.161653 -0.028446 0.002985
0.095137 -0.022896 0.01195
0.09525 -0.040691 -0.003904
0.12692 -0.036995 0.004994
0.096842 0.036011 0.012715
0.004425 -0.023764 0.020832
0.17948 0.028822 -0.004249
0.031483 0.000228 0.023194
0.17757 0.002439 -0.008623
0.103268 -0.039727 -0.00414
0.161413 -0.029577 0.004659
0.181065 -0.006566 -0.000719
0.06828 0.038832 -0.012118
0.191315 0.006029 -0.002639
0.183158 -0.013027 0.004455
0.099035 0.025036 0.016882
0.159268 -0.029409 0.004938
0.188967 0.011884 -0.002022
0.031395 -0.024572 0.018244
0.181075 0.029858 -5.3e-05
0.096847 -0.0403 0.00258
0.117708 0.064015 -0.004118
0.04518 -0.022509 0.017779
0.16622 -0.019709 -0.00271
0.16027 0.009472 0.00546
0.100327 0.032848 0.01417
0.17933 0.02128 0.000597
0.106408 0.02078 0.013163
0.17845 0.031229 -0.002871
0.101647 -0.009028 0.014143
0.152198 -0.015886 0.006624
0.08218 0.042709 -0.00105
0.10026 -0.039645 -0.005464
0.116903 0.066972 -0.007285
0.17207 -0.016744 0.003765
0.09878 -0.025312 0.006786
0.162055 -0.016312 0.005421
0.103195 0.021058 0.014638
0.1775 0.00213 0.00273
0.17406 0.033254 0.001086
0.091915 -0.039845 0.006328
0.097415 -0.018276 0.015795
0.098145 -0.024889 0.006676
0.15916 -0.028714 0.004638
0.17608 0.003532 0.00367
0.108245 -0.002107 0.008223
0.041605 -0.009157 0.02022
0.156417 -0.0379 -0.00114
0.18711 0.002594 -0.006625
0.191225 0.004779 -0.002766
0.058417 -0.04155 0.007097
0.162483 -0.034092 0.000698
0.18704 0.00204 0.001834
0.116818 0.065978 -0.009316
0.079145 0.016865 0.021363
0.152875 0.031404 0.007758
0.180297 -0.015963 -0.00306
0.063798 0.028206 0.020198
0.187785 0.004782 -0.006755
0.12662 -0.021486 0.00534
0.02454 -0.039161 0.003379
0.028237 -0.037848 0.006224
0.18828 0.001926 0.001396
0.100915 -0.026698 0.007738
0.180892 -0.012603 0.005658
0.072225 0.028705 0.02023
0.186365 0.008008 -0.007335
0.166898 0.022479 0.005956
0.08703 0.010774 -0.01151
0.091905 -0.027477 0.012947
0.06819 -0.013348 -0.017817
0.15902 -0.033642 -0.004566
0.131425 -0.002848 0.004136
0.1271 -0.026442 0.003916
0.087893 0.007815 0.020664
0.098865 -0.038902 0.004757
0.04211 0.024192 0.020813
0.11626 0.062619 -0.011319
0.180965 -0.017393 -0.000284
0.134652 -0.020858 -0.000959
0.1552 -0.030947 0.00576
0.170795 -0.000799 0.000693
0.109335 -0.029289 0.008127
0.178448 0.030277 -0.004025
0.184807 -0.000335 -0.002402
0.190427 0.006569 -0.003649
0.16953 0.007338 0.004776
0.08926 0.031103 0.018454
0.180638 -0.014344 -0.004221
0.17342 -0.010065 0.005428
0.115993 0.065993 -0.010126
0.148215 -0.033459 0.005456
0.162162 -0.034679 9.9e-05
0.077737 -0.043233 -0.006955
0.154528 -0.01224 0.006768
0.094745 -0.024648 0.011136
0.115483 0.057864 -0.003279
0.158983 -0.032537 -0.004443
0.09745 -0.026684 0.00862
0.090772 -0.037633 -0.009635
0.178335 0.03062 -0.003795
0.143093 -0.021389 0.000227
0.178 0.028349 -0.005294
0.181122 0.026417 -0.000933
0.180365 0.000403 -0.006999
0.16389 -0.012157 0.005545
0.178075 -0.000407 -0.000346
0.086427 -0.0395 -0.008742
0.047817 0.016399 0.020923
0.160197 -0.030855 0.005444
0.117345 0.066346 -0.006389
0.17759 -0.000681 -0.005837
0.115157 -0.030015 0.007547
0.178595 -0.01407 -0.005395
0.11638 0.064546 -0.01058
0.172733 -0.016272 -0.005869
0.10167 -0.004884 0.013687
0.156575 -0.033119 0.00556
0.117825 0.062927 -0.007474
0.160228 0.00685 0.005955
0.068 -0.036221 -0.014554
0.139635 -0.037234 0.00374
0.073842 0.056099 0.00328
0.12662 -0.024998 -0.000327
0.159483 -0.030799 0.005537
0.11586 0.066222 -0.010007
0.173472 0.000152 0.00114
0.103837 0.018174 0.013251
0.148835 -0.030309 0.005544
0.117427 0.063272 -0.003383
0.126897 -0.035462 0.005284
0.116855 0.061457 -0.002194
0.12857 0.021277 0.010746
0.116822 0.066616 -0.00885
0.161105 -0.035216 0.003279
0.099097 0.029938 0.015942
0.169302 -0.016026 0.004599
0.114185 0.032642 0.011826
0.064815 -0.041457 0.007236
0.18901 0.002954 -0.004707
0.14287 -0.017288 0.00773
0.12851 0.024994 0.011335
0.05963 -0.023153 0.017793
0.17449 -0.012847 0.005843
0.177485 0.031301 -0.003689
0.17246 0.019962 -0.003485
0.0992 0.066356 -0.011137
0.17046 0.023514 0.006189
0.0719 0.046436 -0.011974
0.137945 -0.027622 0.004561
0.07266 0.019873 -0.016827
0.188015 0.012493 -0.000442
0.163325 0.02497 0.007349
0.09196 -0.02315 0.013551
0.183288 0.00177 0.002125
0.10683 -0.020902 -0.003224
0.10614 -0.022355 0.003669
0.178258 0.029794 -0.004386
0.08578 0.029214 -0.01208
0.18643 0.000277 -0.000998
0.18257 -0.015576 -0.001145
0.067005 -0.018582 0.01912
0.096905 -0.024171 0.008292
0.151945 -0.027351 0.003917
0.063442 0.025913 0.020445
0.01143 -0.028936 0.01805
0.10645 0.012022 0.014418
0.162703 -0.032884 -0.000784
0.163442 -0.008913 0.005367
0.180835 -0.013462 0.005425
0.176595 -0.015274 0.005174
0.18785 0.009985 -0.005517
0.09564 -0.032623 0.010262
0.07416 0.039159 -0.007923
0.103762 -0.023357 0.003382
0.157533 -0.026314 0.000464
0.174857 -0.001395 -0.004525
0.149305 -0.035618 0.0048
0.09031 -0.027714 0.013485
0.102228 -0.027331 0.008105
0.145502 -0.038927 -0.000996
-0.002048 -0.022099 0.022264
0.183435 -0.008915 0.000697
0.11785 0.065634 -0.004522
0.13526 0.0292 0.011047
0.11646 0.067599 -0.008181
0.181378 0.030077 0.00239
0.171715 0.003197 0.003995
0.153995 -0.018948 0.004378
0.04228 0.031876 0.019961
0.108055 0.056437 -0.000655
0.097645 0.005604 0.017036
0.04673 -0.013785 0.01933
0.19112 0.00429 -0.002774
0.16788 0.028453 0.006153
0.102925 -0.022994 0.004921
0.11544 0.058358 -0.00244
0.108015 0.056963 -0.000325
0.18335 -0.01057 -0.002101
-0.002182 -0.026051 0.020144
0.116113 0.065434 -0.010351
0.071975 -0.036534 0.01543
0.049323 0.023947 0.020645
0.179915 -0.013524 0.005484
0.091888 -0.021519 0.014887
0.178655 0.021396 -0.000682
0.109415 -0.022207 0.008243
0.135872 -0.015045 0.00898
0.082553 -0.020544 0.018537
0.176215 -0.008791 0.004845
0.171703 -0.011078 0.00552
0.179105 0.023908 -0.003661
0.03211 0.052068 -0.014078
0.077647 -0.043594 -0.004961
0.05623 -0.013798 -0.019369
0.183715 -0.00992 0.000585
0.184538 0.000628 -0.005718
0.07978 0.032729 0.019639
0.168507 0.027725 0.00671
0.18084 0.022111 0.001338
0.12644 -0.010121 0.010106
0.16792 -0.016784 0.004276
0.154987 -0.034773 0.005211
0.07414 -0.040438 -0.009923
0.11468 0.061048 -0.000899
0.09218 -0.040942 0.003831
0.162745 -0.031263 0.004769
0.15899 -0.008485 0.005736
0.172645 -0.013433 0.005623
0.152875 0.02981 0.008234
0.157817 0.018506 0.004596
0.16086 -0.03552 0.002716
0.15608 -0.035821 0.004223
0.11478 0.06247 -0.001578
0.16197 -0.028783 0.003336
0.098288 0.016311 0.017148
0.09377 -0.037308 0.01039
0.09446 -0.010681 0.017102
0.05665 -0.045322 -0.005147
0.167022 0.018172 0.001083
0.126475 -0.013809 0.01032
0.049367 -0.003913 0.020418
0.15788 -0.029551 0.005059
0.1616 -0.028447 0.003288
0.097445 -0.023887 0.008505
0.16535 0.027785 0.007004
0.164503 -0.019709 0.000218
0.188035 0.001143 0.000496
0.162522 -0.029528 0.000839
0.114698 0.06052 -0.001027
0.182605 -0.011196 -0.003426
0.032823 0.005528 0.0225
0.149175 -0.029038 0.005189
0.09494 0.041456 0.000237
0.19041 0.004857 -0.003737
0.172877 0.025271 0.005665
0.189165 0.007986 0.003624
0.117292 0.06124 -0.003956
0.148663 -0.034927 0.005284
0.151805 -0.038309 0.000962
0.088712 -0.027321 0.014592
0.111343 0.028802 0.013551
0.097768 -0.026895 0.008675
0.11515 -0.021966 0.007276
0.182912 -0.008377 -0.001247
0.084875 -0.03292 0.015176
0.11471 0.021302 0.012257
0.18786 0.003549 0.003086
0.17905 0.001808 0.002321
0.171757 0.007921 0.004542
0.184182 0.002104 -0.007541
0.040827 -0.004211 0.020939
0.117575 0.061944 -0.004661
0.076438 -0.042218 -0.008309
0.11057 0.013786 0.010586
0.161822 -0.032132 0.005144
0.16305 0.01861 0.004455
0.161638 -0.033653 0.004701
0.18833 0.009072 -0.005565
0.186525 0.004681 -0.007296
0.160612 -0.027509 0.002021
0.183858 0.007747 -0.00851
0.094767 -0.030523 0.010649
0.06665 0.000805 0.021194
0.036468 0.023996 0.020815
0.09495 -0.025521 0.010905
0.176005 0.006367 0.004332
0.026288 -0.009452 0.022937
0.110987 -0.022211 0.003447
0.18388 0.011247 0.002359
0.18048 0.028439 -0.003287
0.160525 -0.036009 0.00175
0.11609 0.065122 -0.010509
0.04034 0.059094 -0.007693
-0.00203 0.007552 0.025296
0.059055 -0.045874 -0.002949
0.080827 0.032223 0.019811
0.047775 0.033626 0.01926
0.164295 0.032275 0.005263
0.181928 0.028324 0.001626
0.155152 -0.030391 0.00553
0.087268 -0.010734 0.019381
0.088068 0.058801 0.001991
0.10658 0.010196 -0.006279
0.16996 0.020749 -0.004959
0.15303 -0.000697 0.004491
0.151735 -0.038622 -0.001468
0.11663 0.063033 -0.010872
0.161822 -0.028613 0.00311
0.153172 0.007252 0.007111
0.16236 -0.028895 0.001836
0.183165 -0.014805 -0.000369
0.1565 -0.03073 -0.005353
0.093093 -0.026123 0.012302
0.0973 -0.040397 -0.003946
0.15971 -0.03643 0.001431
0.18965 0.001841 0.000221
0.145523 -0.027186 0.003995
0.10119 -0.022815 0.008228
0.117072 0.059692 -0.006187
0.102463 -0.030333 0.009562
0.12481 0.013113 0.009065
0.16211 -0.028947 0.003661
0.108177 -0.008496 0.012756
0.166185 0.026127 0.006783
0.101305 -0.02781 0.008753
0.160103 -0.027281 0.000928
0.11278 0.019543 0.009929
0.17646 0.007405 0.004262
0.17985 -0.010498 0.005564
0.175205 -0.018279 -0.00324
0.162512 -0.034008 0.003413
0.132057 -0.000373 0.008005
0.03423 0.052257 0.005385
0.115127 0.058201 -0.00219
0.180902 -0.007315 -0.002633
0.091752 -0.014482 0.017913
0.162827 -0.018084 -0.006296
0.178935 -0.011441 -0.005967
0.080378 -0.027334 0.01689
0.100545 -0.001214 0.014434
0.056752 -0.022938 0.017687
0.161557 -0.034496 0.004491
0.145572 -0.038294 0.000708
0.178632 -0.016057 0.004224
0.18352 0.013326 4.7e-05
0.107297 0.061106 -0.0002
0.097212 -0.024058 0.00815
0.160195 0.00255 0.005373
0.094485 -0.025642 0.011427
0.04849 0.028941 0.020146
0.186725 0.010141 -0.006524
0.078935 0.022611 0.021111
0.06487 -0.038066 -0.01374
0.16048 -0.00829 0.005431
0.102025 -0.022646 0.009643
0.149745 -0.029726 0.005286
0.074522 -0.013687 0.019947
0.11608 0.058512 -0.003067
0.077397 -0.020609 0.018647
0.185182 0.000312 8.2e-05
0.10006 -0.028996 0.009425
0.189525 0.00787 -0.004538
0.087915 -0.02744 0.014861
0.171867 0.019525 0.001549
0.148875 -0.034637 0.005319
0.183773 0.008763 -0.008299
0.06056 -0.036395 0.014805
0.085923 0.032846 0.018209
0.151258 -0.019073 -0.004743
0.160253 0.008731 0.005564
0.02369 -0.014291 0.022809
0.103955 -0.024838 0.004549
0.107293 -0.010117 0.01369
0.187255 0.011929 -0.004705
0.01764 -0.019187 0.022209
0.04553 0.000986 0.020967
0.12635 -0.021751 0.000934
0.049233 0.03135 0.019883
0.11809 0.008497 0.013373
0.06787 -0.042484 -0.00966
0.105012 0.054346 -0.000917
0.058672 0.02831 0.020184
0.183895 -0.012469 0.00059
0.100547 -0.031728 0.009581
0.182842 -0.012394 0.005578
0.182105 0.003486 0.003878
0.161435 -0.035724 0.000776
0.121027 -0.029477 0.006588
0.084892 -0.042248 -0.006488
0.05245 -0.022654 -0.019438
0.164915 -0.00973 0.005608
0.047178 0.038002 0.01799
0.115502 0.060787 -0.001216
0.169582 0.028127 0.006603
0.085165 0.000397 0.020873
0.10708 -0.006998 -0.006187
0.173808 0.003586 0.003915
0.1736 0.032608 -0.003873
0.15356 -0.034743 0.005283
0.088013 0.036511 0.014943
0.082535 0.004924 0.021297
0.1498 -0.031877 0.005588
0.118023 0.003132 0.012562
0.16464 0.017781 0.001138
0.104465 -0.022982 0.002723
0.157615 -0.026354 0.000773
0.16288 -0.03288 0.001916
0.176773 -0.012817 0.005789
0.11677 0.061675 -0.009772
0.174498 -0.007489 0.00393
0.103665 -0.022585 0.005949
0.161247 -0.027897 0.00104
0.055082 0.023798 0.020666
0.092547 -0.041533 -0.002246
0.05994 -0.027567 0.016797
0.160273 -0.032214 0.005458
0.13747 -0.033048 0.005701
0.152198 -0.034865 0.005275
0.190973 0.003693 -0.001226
0.173805 0.021029 -0.004316
0.180395 0.004797 0.003997
0.168027 0.026901 0.006649
0.031822 0.028631 0.020063
0.01617 -0.005434 0.025125
0.178475 0.003506 0.003774
0.043568 -0.004085 0.020593
0.114223 0.033593 0.011263
0.162602 -0.029989 0.002949
0.177605 0.032439 -0.00188
0.116515 0.062147 -0.010545
0.183163 -0.010625 0.003689
0.17351 -0.017769 0.002899
0.132017 -0.001127 0.006899
0.090697 -0.025849 0.013678
0.16495 -0.015814 0.005352
0.163615 -0.018264 0.003878
0.07987 0.030087 -0.01291
0.179532 -0.00706 0.002935
0.08745 -0.02213 0.016589
0.086967 -0.040693 0.007482
0.17119 0.010785 0.003686
0.181475 0.009629 0.003545
0.183855 -0.013961 -0.000235
0.05058 -0.04412 0.003242
0.162198 -0.034462 0.003148
0.106342 -0.022499 0.001872
0.109762 0.01929 0.010242
0.127005 -0.02733 0.004747
0.12559 -0.005955 -0.002496
0.150668 -0.035496 0.004808
0.12961 -0.03827 -0.004773
0.179632 0.021872 -0.001658
0.093757 0.061524 0.000599
0.14241 -0.032322 0.005726
0.182093 -0.007537 0.000276
0.161142 -0.02789 2.9e-05
0.159617 -0.035575 0.003532
0.157988 -0.030246 0.005358
0.175572 -0.013661 0.005604
0.146118 0.011204 0.006884
0.174567 0.00884 0.004161
0.099528 -0.028294 0.00925
0.115825 0.058079 -0.003486
0.152005 -0.032931 -0.005978
0.04857 -0.031328 0.015483
0.072575 0.024597 0.020857
0.185265 0.00458 -0.007838
0.104947 0.060072 9.6e-05
0.18467 -0.000278 -0.003344
0.186413 0.01055 -0.006455
0.16739 0.010456 0.004489
0.089645 -0.032237 0.013313
0.156493 -0.029693 0.00518
0.145655 -0.007184 0.006007
0.152883 -0.030103 0.005389
0.115193 -0.035072 0.006945
0.175673 -0.018154 0.001565
0.146367 -0.026937 0.003682
0.08719 0.026891 0.019752
0.115083 -0.022033 0.006174
0.191147 0.008594 -0.000879
0.162475 -0.034083 0.000116
0.185075 0.001829 -0.007073
0.18365 -0.012229 -0.001489
0.177278 0.003519 0.003722
0.169708 -0.019606 -0.000327
0.161907 -0.028752 -0.000885
0.18384 -0.011051 0.002057
0.183032 -0.00021 -0.005373
0.158985 -0.036666 0.001514
0.18562 0.010045 0.003108
0.095602 -0.022774 0.011428
0.18395 -0.013887 -0.000877
0.091743 -0.018256 0.017559
0.05672 -0.044374 -0.009471
0.18394 0.008251 0.004395
0.096292 -0.021994 0.012455
0.16165 -0.02825 0.001468
0.187225 0.010801 -0.005379
0.16144 -0.010321 0.005641
0.153135 0.006204 0.007005
0.160172 0.003234 0.005681
0.162412 -0.033612 0.004544
0.089845 -0.042376 -0.000587
0.11574 0.064895 -0.011083
0.100527 -0.030266 0.009855
0.05862 0.00119 -0.019858
0.070335 0.000666 0.021314
0.175295 -0.019254 -0.000982
0.11416 0.037437 0.001104
0.18958 0.005217 -0.004771
0.183697 -0.000356 -0.000379
0.187515 0.003369 -0.006658
0.164755 0.030692 0.006445
0.117515 0.061047 -0.005292
0.010195 -0.001495 0.026314
0.142198 0.018959 0.006072
0.103505 0.017197 0.013211
0.186228 0.00247 -0.00686
0.15951 -0.032336 0.005627
0.177662 0.020589 0.000492
0.03933 -0.033907 0.014759
0.038088 -0.004337 0.021285
0.191 0.004302 0.003132
0.105805 0.016473 0.009981
0.179 0.029793 -0.003982
0.10834 0.007768 0.015243
0.17151 0.029208 0.005996
0.156512 -0.037496 0.000974
0.18363 -0.011968 0.002792
0.187695 0.004013 -0.006698
0.10152 0.018353 0.01575
0.102282 0.061669 7.4e-05
0.097292 -0.023684 0.009486
0.185937 0.00645 0.004118
0.13855 0.014771 -0.001671
0.167115 0.026036 0.006493
0.182085 -0.007641 0.0013
0.191287 0.005157 -0.001204
0.011335 0.013809 0.024013
0.167865 -0.017234 0.003985
0.004358 -0.02574 0.019772
0.156538 -0.031836 -0.005476
0.12116 0.030227 0.012316
0.162497 -0.032155 -0.001442
0.180853 -0.017458 0.00028
0.15956 -0.027349 -0.001208
0.178982 0.022272 -0.003229
0.14265 -0.029706 0.005611
0.181753 -0.010289 -0.004109
0.107115 0.014526 0.011542
0.082923 0.031211 0.020155
0.037735 0.016379 0.021481
0.079103 -0.043184 0.004248
0.135803 -0.012407 0.009215
0.11651 0.059066 -0.003523
0.17074 -0.014819 0.005212
0.13852 0.009191 -0.007754
0.09854 0.036426 0.01195
0.035017 0.028863 0.020131
0.104015 0.021082 0.014004
0.160293 -0.027407 0.001905
0.097247 -0.024216 0.007541
0.162795 -0.033496 0.000715
0.162645 -0.030692 -0.001142
0.1835 -0.00901 -0.000451
0.16249 -0.034101 0.00128
0.15206 -0.029812 0.005196
0.079462 0.01136 0.021428
0.14586 -0.020117 0.00434
0.051137 -0.02713 0.016585
0.098005 0.028552 0.016565
0.044607 0.011297 0.021008
0.16241 -0.030067 0.004298
0.134822 -0.021471 0.002233
0.17749 -0.001104 -0.005197
0.189055 0.009886 0.00308
0.115135 0.059598 -0.001377
0.161108 -0.034746 -0.001836
-0.00492 0.018939 -0.010536
0.18255 0.007853 -0.00908
0.145578 -0.038154 0.001269
0.18086 0.028491 -0.002739
0.115785 0.057829 -0.004208
0.179317 0.002221 0.002768
0.06174 -0.039911 -0.012925
0.113415 -0.013294 0.012874
0.11721 0.059819 -0.005043
0.162495 -0.030003 0.003658
0.178575 0.020864 0.000226
0.163078 0.019451 0.00512
0.17199 0.008447 -0.010174
0.188195 0.012075 -0.001595
0.167935 0.025031 0.006583
0.182842 0.004236 -0.008825
0.161938 -0.028653 0.000363
0.161385 -0.029622 -0.001974
0.09732 -0.036246 -0.008946
0.081893 0.036532 0.016782
0.17818 0.024872 -0.005033
0.11658 0.060202 -0.009313
0.09988 0.002771 0.015415
0.16149 -0.031721 -0.002336
0.18729 0.002268 0.00213
0.151102 -0.032861 0.0056
0.173892 0.001897 0.002864
0.169247 -0.016476 0.004308
-0.001867 -0.006869 0.026008
0.10407 0.000116 0.013642
0.097385 -0.001998 0.016185
0.17455 -0.012048 0.006034
0.151015 -0.032336 0.005652
0.114715 0.059992 -0.001155
0.018048 -0.030962 0.014573
0.117685 0.066038 -0.00425
0.119945 -0.013551 0.011597
0.115117 0.060126 -0.001249
0.189475 0.010489 -0.003367
0.190305 0.004369 -0.003744
0.099847 -0.026005 0.007262
0.10789 0.016584 0.003831
0.08049 0.035602 0.01762
0.17885 -0.017365 0.002313
0.161165 -0.028718 0.004033
0.172675 -0.018285 -0.004147
0.092605 0.021958 0.018728
0.0951 0.037593 0.011988
0.13728 -0.032139 0.005826
0.108797 -0.001139 0.009879
0.08504 -0.0032 0.020646
0.17841 -0.016244 -0.004787
0.186545 0.006196 -0.007333
0.180698 -0.010636 -0.004767
0.181627 -0.010317 0.005413
0.086938 -0.035455 0.013714
0.120683 -0.021925 0.003003
0.09076 0.023198 0.019362
0.094673 -0.023017 0.012472
0.08951 -0.027203 0.014322
0.10715 -0.017643 -0.006409
0.16837 0.024768 0.006544
0.156447 -0.037812 -0.000622
0.097948 -0.021795 0.012023
0.162762 -0.031625 -0.000809
0.10414 -0.023745 0.002628
0.183285 -0.008683 -0.00075
0.162292 -0.029722 -0.000976
0.17812 0.026031 -0.00512
0.07492 0.002665 -0.015824
0.169407 -0.018381 -0.004487
0.117885 0.064132 -0.006659
0.16789 0.023944 0.006483
0.145165 -0.011534 0.007881
0.14967 -0.029138 0.005127
0.18866 0.004807 -0.005749
0.117543 0.064419 -0.003847
0.12136 0.018359 0.006888
0.183778 -0.010486 0.001321
0.117827 0.0622 -0.005681
0.18954 0.007109 -0.004659
0.162803 -0.030504 0.000194
0.16628 0.027693 0.006714
0.117378 0.064823 -0.003575
0.17616 0.006867 0.004388
0.105512 0.013838 0.013002
0.187057 0.001424 -0.005123
0.16239 -0.030424 -0.001786
0.187565 0.008376 -0.00673
0.143212 -0.028387 0.004971
0.152323 -0.007835 0.005872
0.132997 -0.038694 0.000158
0.099332 -0.024514 0.005765
0.175918 0.020608 0.001599
0.142813 -0.035673 0.005187
0.179615 -0.014799 -0.004637
0.107365 0.012409 0.013505
0.1808 -0.006462 0.000756
0.0812 0.038474 0.015601
0.16349 0.031155 0.006632
0.167208 0.004353 0.004589
0.15287 -0.032942 0.005686
0.179953 -0.007428 -0.003097
0.162275 -0.029396 -0.000592
0.17665 -0.01789 -0.003117
0.177835 -0.018538 0.000231
0.1391 -0.027021 0.004073
0.18926 0.006835 0.00366
0.09539 -0.040355 -0.00534
0.158183 0.029686 0.007671
0.162583 -0.033858 0.003114
0.17861 0.024869 -0.004805
0.10037 0.016502 -0.006458
0.103485 -0.029165 0.008943
0.161518 -0.033625 -0.002447
0.183637 -0.0134 0.001781
0.153378 -0.037945 0.00134
0.152977 -0.031215 0.005848
0.183 -0.014718 0.004995
0.162908 -0.030458 0.00198
0.183917 0.006974 -0.008477
0.17503 0.030253 0.004739
0.097137 0.022311 0.01777
0.09518 0.060152 0.001347
0.018787 0.014585 0.023828
0.158143 -0.031497 0.005888
0.109005 0.003783 0.014263
0.18935 0.003662 0.002944
0.14967 -0.031148 0.005536
0.089567 -0.0199 0.01678
0.08266 0.008521 0.021524
0.06763 -0.045797 1.9e-05
0.18391 0.009749 0.003377
0.170868 0.028848 0.006198
0.159183 -0.026917 0.000448
0.153333 -0.038451 -0.000861
0.102408 -0.03858 0.004282
0.17338 0.031412 -0.004916
0.16063 -0.029823 -0.002931
0.1071 0.018468 0.00912
0.043845 0.006159 0.021023
0.122265 -0.038864 -0.004236
0.097088 -0.030854 0.010165
0.15692 -0.032426 -0.005292
0.106045 0.018822 0.010888
0.11532 0.064144 -0.011987
0.11789 -0.038201 -0.006652
0.16235 -0.028951 0.001314
0.102463 -0.026292 0.00705
0.099173 -0.023946 0.006014
0.17965 0.029979 -0.002998
0.177755 0.02931 -0.004924
0.08732 -0.019912 0.017338
0.111138 0.031822 0.012875
0.11811 0.062904 -0.006386
0.0323 -0.042181 0.001935
0.187423 0.012563 -0.003279
0.101155 -0.024563 0.004964
0.11706 0.064612 -0.00968
0.103835 -0.02378 0.002885
0.14394 -0.009826 0.007818
0.10623 0.016079 0.009153
0.103087 -0.026366 0.00701
0.10205 -0.027862 0.008659
0.110267 0.018942 0.009281
0.09965 -0.024726 0.00582
0.16442 0.030267 0.00658
0.11639 0.058729 -0.008854
0.01989 0.045244 -0.002921
0.11593 0.062781 -0.011644
0.182313 0.027886 0.003001
0.098755 -0.023235 0.00907
0.08539 -0.024948 0.016985
0.18188 -0.01642 -0.001279
0.106665 0.017274 0.009136
0.174805 -0.017275 0.003183
0.182385 0.003668 0.003954
0.11615 0.06603 -0.01003
0.10476 -0.018211 -0.006935
0.11666 0.066338 -0.009417
0.12098 -0.03074 0.006968
0.057015 0.016276 0.02094
0.17449 0.021628 0.003223
0.077847 0.032237 0.019708
0.11411 0.03074 0.012951
0.183135 -0.015245 0.002217
0.186435 0.003911 -0.007239
0.116975 0.059888 -0.003766
0.187935 0.011052 -0.004531
0.172743 0.023114 0.005286
0.17791 0.030961 -0.003742
0.06358 0.016061 0.021071
0.115455 0.058198 -0.002569
0.154215 -0.036647 0.003354
0.178593 -0.015254 -0.005052
0.096412 -0.019294 0.015054
0.13915 -0.00198 0.004721
0.103598 -0.027456 0.00797
0.17751 0.030271 -0.004554
0.121048 -0.028816 0.006445
0.16237 -0.029487 -0.000453
0.153372 -0.038084 0.000779
0.188615 0.004422 -0.00572
0.125073 0.010161 0.011524
0.187817 0.005732 -0.006788
0.106025 -0.022542 0.001903
0.168117 -0.00175 0.000246
0.18907 0.009138 0.003589
0.089227 -0.041898 -0.004139
0.117875 0.063764 -0.006911
0.04662 -0.035128 0.014476
0.15802 -0.037448 -0.000244
0.017448 0.009285 0.024522
0.095337 0.030056 0.016783
0.139285 -0.038494 0.000433
0.152735 0.02533 0.008763
0.085128 -0.038485 -0.010096
0.155203 -0.0318 -0.005834
0.09956 -0.030233 0.010002
0.11714 0.062089 -0.009325
0.058192 -0.039042 0.010986
0.06879 0.041394 -0.005813
0.085435 0.014059 0.021428
0.11568 0.064092 -0.011728
0.18894 0.01196 -0.002992
0.075235 -0.027502 0.017545
0.182295 0.02562 0.002814
0.101188 -0.037558 0.006537
0.11634 0.06377 -0.011077
0.097925 -0.040162 0.00256
0.180515 0.002209 0.002821
0.18094 -0.015011 0.005037
0.158855 -0.035698 0.0037
0.176907 0.020173 0.000121
0.179228 0.025544 -0.004092
0.17884 -0.009906 0.005431
0.10343 -0.030366 0.009415
0.020128 0.019885 0.023134
0.087875 0.034988 0.016091
0.167845 -0.015317 0.005282
0.09209 -0.025368 0.012803
0.09483 -0.041699 0.000403
0.088508 -0.026448 0.014822
0.098888 -0.026452 0.007931
0.18531 0.004964 -0.007866
0.152983 0.018195 0.003907
0.08758 -0.024349 0.01584
0.162612 -0.033783 -0.000658
0.151387 -0.034683 0.0053
0.056252 -0.008819 0.01987
0.100233 -0.039912 0.002323
0.12651 -0.015128 0.010203
0.098275 0.022719 0.017081
0.12075 -0.021859 0.004105
0.091625 0.037813 0.012891
0.11403 0.035037 -0.003406
0.076765 -0.004179 0.020884
0.04566 -0.026715 0.016678
0.190938 0.003923 0.001569
0.132105 0.008273 0.010881
0.10125 -0.00155 0.013699
0.08501 -0.01452 0.019585
0.18166 0.00243 0.003017
0.09984 -0.000879 0.01517
0.11552 0.061792 -0.012212
0.12506 0.001757 0.010836
0.142365 -0.034077 -0.007231
0.148493 -0.034934 0.005285
0.182995 -0.010345 -0.002814
0.02523 -0.037699 -0.00541
0.097335 -0.040043 -0.005383
0.18261 0.00708 -0.009047
0.07801 0.030732 0.020121
0.03768 -0.019299 0.019473
0.133523 -0.026607 0.003838
0.111615 0.056477 -0.001847
0.08065 -0.031873 0.015937
0.167338 0.008235 0.004801
0.181118 0.006101 0.004167
0.186785 0.001486 0.001053
0.161763 -0.028471 0.002787
0.09643 0.031443 0.016159
0.085225 0.019805 0.021177
0.16213 -0.028935 -0.000531
0.169477 0.002174 0.003835
0.147605 0.028507 0.009705
0.10603 0.0151 0.011184
0.09934 0.010029 -0.007972
0.180588 -0.006909 -0.002059
0.095832 -0.022514 0.01177
0.18062 0.028977 -0.002605
0.110945 0.01061 0.013531
0.15818 -0.030251 -0.004688
0.1452 -0.013642 0.007874
0.107567 -0.001992 0.00909
0.05633 0.016307 -0.022083
0.14226 0.031653 0.008884
0.114545 0.064523 -0.012343
0.11557 0.057647 -0.003905
0.09765 -0.037918 0.006992
0.06457 0.054021 -0.017786
0.162687 -0.033729 0.00249
0.19114 0.004559 0.000344
0.160265 0.007897 0.00606
0.185325 0.003144 -0.00756
0.179017 0.005255 0.004109
0.177155 0.023407 -0.005181
0.050092 0.03345 0.019235
0.139087 0.009937 0.009031
0.003883 0.013032 0.024198
0.12511 0.007443 0.012234
0.15482 -0.038071 -0.001747
0.169485 0.019134 0.001604
0.178875 0.011379 0.002593
0.003983 0.00803 0.025001
0.107798 0.018739 0.009739
0.18273 0.005535 -0.008982
0.161152 -0.027834 0.000551
0.178418 0.021004 0.000862
0.17788 -0.01126 0.005822
0.114762 0.058754 -0.00151
0.080955 0.05745 0.002635
0.10226 -0.020378 0.0119
0.182155 -0.015853 0.001267
0.15278 -0.020638 0.000829
0.16205 -0.028941 0.004064
0.103528 0.022035 0.014678
0.121495 0.019803 0.009261
0.1137 0.066513 -0.010452
0.150025 -0.034805 0.005292
0.152795 0.021612 0.008174
0.09796 -0.032953 0.009778
-0.002472 -0.0296 0.016123
0.15941 -0.035992 0.002883
0.14817 -0.029504 0.005557
0.156692 -0.037126 0.00178
0.11788 0.063347 -0.004832
0.096512 -0.034722 0.009875
0.16236 -0.03282 -0.001752
0.17437 -0.014446 0.005462
0.176515 -0.009507 0.005324
0.178775 -0.014263 -0.005318
0.0964 0.023718 0.017673
0.18027 -0.008642 -0.003886
0.11513 -0.030615 0.007783
0.089305 -0.026329 0.014553
0.16755 0.020647 0.003664
0.153897 -0.026843 0.003037
0.162162 -0.028947 0.003359
0.04593 -0.003938 0.020421
0.096447 -0.024171 0.009428
0.13871 -0.0365 0.004672
0.176535 0.027392 0.004029
0.14879 -0.028801 0.005206
0.084538 0.036731 0.015846
0.098833 -0.035052 0.009391
0.052805 -0.003888 0.020414
0.167455 0.024207 0.006522
0.18274 -0.008305 0.001797
0.1721 -0.001976 -0.001843
0.132677 -0.026856 0.004151
0.08174 0.024651 0.0209
0.0977 0.025719 0.017392
0.114225 -0.00744 0.010588
0.101495 -0.030299 0.009708
0.171747 -0.013016 0.005665
0.11372 -0.018968 0.011121
0.03603 -0.011045 -0.020766
0.11762 0.064544 -0.0075
0.06597 0.037981 -0.01624
0.152835 -0.029547 0.005159
0.12596 -0.005355 0.002065
0.11556 0.062367 -0.012091
0.10328 -0.028102 -0.008474
0.15004 -0.031155 0.005486
0.08533 0.016932 0.021303
0.18734 0.012494 -0.004077
0.02103 -0.003131 -0.021574
0.185335 0.002745 -0.007328
0.177897 0.021967 -0.003464
0.162505 -0.033818 -0.000981
0.19027 0.002496 0.001846
0.181405 -0.006825 0.000352
0.187792 0.006862 -0.006795
0.190122 0.009071 -0.003394
0.190355 0.01016 0.002309
0.082813 -0.024981 0.01704
0.17778 0.011199 0.00277
0.170005 0.011833 0.003185
0.05007 -0.041258 0.006955
0.162665 -0.011239 0.005593
0.181773 0.00434 0.003884
0.137335 -0.029384 0.005616
0.081225 -0.043102 -0.004727
0.09298 0.02785 0.017901
0.064615 -0.045164 -0.004689
0.116058 0.058242 -0.007826
0.15778 -0.026434 0.00139
0.17652 0.020424 -0.001076
0.11707 0.063607 -0.0029
0.178295 0.003951 0.003939
0.15975 -0.029522 -0.003504
0.101108 -0.003049 0.014061
0.186035 0.000192 -0.003915
0.098987 -0.023674 0.007617
0.180672 -0.00104 -0.002101
0.16316 0.021973 0.007113
0.177275 0.02084 -0.000705
0.116993 0.066587 -0.008644
0.167067 0.025253 0.006527
0.176712 -0.018512 -0.000178
0.116637 0.067262 -0.008336
0.17781 0.002182 0.002723
0.184518 0.005415 0.004263
0.149905 -0.031547 0.005567
0.18823 0.01171 -0.003841
0.180348 0.001625 -0.008181
0.18307 -0.008357 -0.001048
0.166435 -0.016299 0.004814
0.16153 -0.035861 -0.000518
0.15015 -0.029902 0.00531
0.158945 -0.031431 -0.004321
0.104162 0.022252 0.014622
0.19052 0.002724 0.002142
0.118015 0.06523 -0.004794
0.18785 0.012354 -0.002038
0.100977 0.029879 0.015521
0.0111 -0.019499 0.022581
0.17175 0.002119 0.00359
0.14929 -0.031774 0.005573
0.17121 0.020356 -0.004222
0.18187 -0.016121 0.00292
0.0902 -0.041406 -0.006026
0.139738 -0.026558 0.003452
0.19069 0.009883 0.00048
0.11675 0.06504 -0.009791
0.11671 0.064385 -0.010254
0.162733 -0.032254 -0.000797
0.145952 -0.026508 0.003066
0.13867 0.014913 0.002147
0.10548 0.002452 0.015055
0.179173 0.02142 0.001233
0.02842 -0.040671 0.002657
0.182435 -0.015419 0.003958
0.10552 0.006102 0.0153
0.18395 -0.011036 0.000692
0.18906 0.010895 -0.003524
0.09996 0.010069 0.015904
0.151363 -0.021307 -0.001779
0.134517 -0.007118 0.007058
0.15215 -0.031139 -0.006735
0.18211 -0.007792 0.00175
0.115737 0.058296 -0.00286
0.105095 0.033084 0.013101
0.09823 0.057571 0.001053
0.11647 0.058625 -0.004396
0.0728 0.030619 -0.015812
0.183425 -0.014537 0.001865
0.181005 0.024291 0.000325
0.162973 -0.031608 0.001359
-0.00447 0.028776 -0.003839
0.101093 -0.026168 0.007184
0.183225 -0.014156 -0.002
0.047312 -0.040813 0.007196
0.082265 -0.009815 0.020136
0.16232 -0.034247 0.002538
0.162048 -0.034705 -0.000806
0.181753 -0.007279 -0.000795
0.175695 0.005366 0.00422
0.162955 -0.031041 0.003097
0.11642 0.065081 -0.01015
0.12687 -0.029541 0.005865
0.19127 0.008314 -0.002278
0.07591 -0.025397 -0.014812
0.16211 -0.034696 -0.001287
0.081797 -0.042823 0.004374
0.133413 -0.036941 0.004607
0.147552 0.025149 0.009293
0.09759 -0.024262 0.00679
0.18146 0.02942 0.001321
0.08771 -0.026567 0.015091
0.128247 0.030664 0.011119
0.1597 -0.021159 -0.002683
0.171788 0.018955 0.000973
0.173417 -0.015138 0.005256
0.182125 -0.007585 -0.000298
0.172585 -0.014233 0.005432
0.17338 -0.007616 0.003973
0.108127 0.031954 0.013361
0.1148 0.058204 -0.001812
0.179105 0.009074 0.003725
0.117 0.066279 -0.009005
0.18495 0.008589 -0.00787
0.108842 0.014156 0.011064
0.099225 -0.025924 0.007301
0.10348 -0.039611 0.002205
0.100305 -0.033335 0.009377
0.184058 0.003953 -0.008255
0.162863 -0.030479 0.002336
0.096013 0.015494 0.018525
0.18036 -0.000446 -0.005567
0.149892 -0.033502 0.005437
0.12164 0.021289 0.011501
0.00459 -0.028482 0.018566
0.14288 -0.018218 0.006573
0.10031 -0.028377 0.009136
0.114932 0.064333 -0.012165
0.178415 -0.013876 -0.005473
0.180465 -0.009015 0.005053
0.100598 -0.023987 0.004934
0.139248 0.000965 0.008347
0.171047 -0.007102 0.00375
0.16927 0.000222 0.002266
0.15927 -0.034864 0.004997
0.09743 -0.027423 0.009304
0.155035 -0.037535 0.00156
0.0769 0.003191 0.021465
0.182995 -0.015159 0.003694
0.102482 -0.031795 0.009287
0.182805 0.002653 0.003212
0.086615 0.030904 0.01939
0.179972 -0.012666 0.005717
0.156528 -0.026754 0.00252
0.116545 0.059905 -0.002859
0.152817 0.026828 0.00888
0.174228 -0.019006 4.3e-05
0.180888 -0.014236 0.005231
0.1765 0.030483 0.004076
0.11597 0.063356 -0.011523
0.099092 -0.02415 0.00579
0.1032 -0.039388 -0.005576
0.18765 0.003628 -0.006669
0.124935 0.012054 0.010046
0.039695 -0.039554 0.007625
0.17827 -0.009197 -0.005499
0.102233 -0.006719 0.013314
0.106185 0.002117 0.01432
0.111052 0.019951 0.011159
0.025798 -0.004867 0.023909
0.115315 0.057214 -0.004324
0.182537 0.002239 0.002766
0.055825 0.026207 0.020404
0.116742 0.059572 -0.00357
0.10415 -0.023625 0.002409
0.114575 0.019858 0.009884
0.011197 -0.026194 0.019255
0.102745 0.01488 0.013411
0.084552 -0.035796 0.014646
0.09536 -0.027268 0.010444
0.07084 -0.044648 -0.003752
0.099212 -0.023844 0.006126
0.156695 -0.0315 0.005939
0.18303 0.001463 -0.007754
0.15749 -0.031281 -0.005301
0.12161 0.023148 0.011796
0.099958 -0.037669 0.006755
0.101085 -0.007194 0.014517
0.15203 -0.035374 0.004816
0.14922 -0.030546 0.005527
0.09895 0.065771 -0.013074
0.167203 -0.018503 0.00323
0.10341 -0.002348 0.011463
0.17482 -0.000916 -0.006107
0.175995 0.019898 0.000387
0.1651 -0.018748 0.00334
0.190935 0.009323 -0.002319
0.131095 -0.037642 -0.00625
0.100293 -0.040338 -0.00259
0.17949 0.031701 9.2e-05
0.178023 0.030618 -0.003972
0.073068 0.017039 0.021237
0.116608 -0.002107 0.006834
0.11358 -0.016325 0.012517
0.104303 0.01547 0.011662
0.17719 0.002369 0.002924
0.17569 -0.012004 0.006028
0.166187 -0.013541 0.005613
0.183178 -0.00852 -0.000899
0.094825 0.034548 0.014284
0.182715 -0.008154 0.001347
0.186485 0.011282 -0.005826
0.101625 0.053622 -0.00021
0.1707 -0.010208 0.004968
0.102705 -0.024691 0.004629
0.159983 -0.029465 0.004845
0.115282 0.064025 -0.002352
0.174912 0.02274 0.004127
0.19133 0.005267 -0.002759
0.12685 -0.030203 0.006009
0.07685 -0.012619 -0.014789
0.102223 -0.023361 0.004846
0.13677 -0.008434 -0.005985
-0.002695 -0.031172 0.013163
0.167188 0.002768 0.004282
0.090308 -0.027084 0.014053
0.087282 -0.042882 -0.000365
0.188568 0.012018 -0.002294
0.143833 -0.027684 0.00462
0.114507 0.019136 0.008698
0.168415 0.025855 0.006644
0.10365 0.032052 -0.006824
0.101675 0.016423 0.015037
0.166232 0.02691 0.006748
0.11991 -0.012232 0.011715
0.077468 -0.044316 -0.000971
0.15274 0.019931 0.006845
0.180827 -0.000635 -0.000618
0.18835 0.010645 -0.004373
0.159925 -0.027178 0.000131
0.163043 -0.030974 0.001396
0.03222 -0.031875 0.015887
0.066785 0.030585 0.01994
0.183392 -0.008847 -0.0006
0.049767 -0.008837 0.019872
0.18833 0.003291 -0.005688
-0.001905 -0.011287 0.025114
0.04973 0.006149 0.020949
0.149767 -0.034317 0.00535
0.024877 -0.027102 0.018221
0.096825 -0.024375 0.008068
0.083085 -0.029519 0.016087
0.177003 0.026296 0.004335
0.08306 -0.038845 -0.010323
0.08847 -0.041756 -0.006254
0.158895 -0.036851 0.001111
0.0601 0.02124 0.02095
0.183142 -0.014584 0.004169
0.159777 -0.031426 -0.003615
0.178598 -0.012886 -0.005739
0.10417 0.019152 0.013291
0.177245 0.010821 0.002974
0.174415 -0.010905 0.005722
0.115943 0.065463 -0.010557
0.11413 0.06485 -0.01244
0.18201 -0.007785 -0.002441
0.191015 0.003802 -0.002781
0.18143 -0.012925 -0.003663
0.096158 -0.002558 0.016693
0.107905 0.019133 0.010567
0.051617 -0.031336 0.015484
0.1727 -0.012323 0.005871
0.05916 -0.044452 -0.009434
0.183977 0.006201 -0.008444
0.045458 0.033801 0.019286
0.12605 -0.019785 -0.004694
0.15295 -0.002205 0.002279
0.169382 0.000929 0.002949
0.10297 -0.021412 0.010555
0.168842 0.02815 0.006574
0.174203 0.001657 0.00267
0.174513 0.001418 0.002477
0.16174 -0.02861 0.003614
0.108922 -0.002221 0.007356
0.149565 -0.031478 0.005557
0.097125 -0.041086 -0.001072
0.11733 0.06223 -0.00311
0.074295 -0.043022 0.004502
0.09461 0.040828 0.00598
0.144165 -0.007379 0.006312
0.162445 -0.034087 -0.000867
0.00275 -0.029853 -0.008935
0.13916 -0.039022 -0.002017
0.15279 -0.027102 0.003604
0.185345 0.002346 -0.007095
0.11426 0.034544 0.0107
0.017805 -0.023906 0.019943
0.154935 -0.037999 3.5e-05
0.091487 0.036291 0.014039
0.182813 -0.008298 -0.000374
0.15862 -0.028219 -0.003307
0.178702 0.031376 -0.002437
0.05495 0.050924 0.007188
0.18854 0.012093 -0.003263
0.17845 -0.008526 0.00458
0.17936 0.001568 0.002128
0.17585 0.005866 0.004276
0.190185 0.010739 -0.002518
0.10008 -0.006169 0.015357
0.087615 0.022438 0.020277
0.181022 -0.008171 0.004303
0.11734 0.062598 -0.002858
0.16495 -0.007707 0.004516
0.033665 0.023742 0.021254
0.15987 -0.00194 0.00161
0.176715 -0.013675 0.005556
0.10274 -0.029114 0.009037
0.100527 -0.023371 0.006716
0.16134 -0.035588 0.00207
0.17782 0.020449 -0.000145
0.146223 0.001722 0.007458
0.17934 -0.010696 -0.00496
0.162097 -0.028935 -0.000607
0.181928 0.002844 0.003463
0.10135 -0.021383 -0.007802
0.07407 -0.044086 -0.005194
0.1645 0.029151 -0.006417
0.098793 0.027106 0.016768
0.174738 0.019788 -0.002097
0.115988 0.06287 -0.001862
0.115053 0.057865 -0.002446
0.096215 -0.028755 0.010552
0.04956 -0.038397 0.010669
0.066995 -0.013626 0.019661
0.180375 -0.015712 0.003999
0.17843 0.028346 -0.005066
0.1055 0.032031 -0.006114
0.17572 0.004421 0.003999
0.162672 -0.033513 -0.000771
0.1779 -0.007165 -0.004244
0.096985 -0.041422 0.000364
0.1629 -0.03096 -0.000499
0.052945 0.026282 0.020393
0.168325 0.023681 0.006444
0.17216 0.004634 -0.010143
0.14978 -0.029 0.005083
0.102025 0.033262 0.013404
0.111435 0.057241 -0.001298
0.107145 -0.016461 0.013672
0.15194 -0.034378 0.005333
0.096705 0.034488 0.013863
0.181035 0.010169 0.003217
0.189492 0.00256 -0.003844
0.18977 0.011146 -0.002676
0.183037 0.000639 -0.006805
0.18303 -0.000634 -0.004657
0.18615 0.008956 -0.007266
0.06473 -0.042685 -0.010213
0.02806 0.023234 0.022133
0.07413 -0.038795 -0.011289
0.154945 -0.037721 0.001157
0.184305 0.001715 0.00193
0.155005 -0.026584 0.002471
0.096677 -0.023911 0.00977
0.05184 -0.044217 -0.009543
0.117797 0.061751 -0.005996
0.184162 0.002902 -0.008006
0.174347 -0.010333 0.005566
0.189535 0.004832 -0.004743
0.06146 -0.046426 -0.000751
0.080783 -0.040352 -0.009202
0.176175 0.010066 0.003383
0.162035 -0.028843 -0.00067
0.11991 -0.010653 0.011493
0.183677 -0.011512 -0.001438
0.180045 0.000432 0.000596
0.10509 -0.02276 0.001985
0.108142 0.033903 0.012052
0.09618 -0.036983 0.009789
0.10019 0.031325 0.015318
0.095415 -0.0254 0.010383
0.182862 -0.015018 0.001478
0.10323 -0.022634 -0.005203
0.145338 -0.038613 -0.003236
0.160152 0.004755 0.005745
0.10218 -0.023672 0.004158
-0.00272 0.02457 0.018058
0.118135 0.005093 0.013523
0.108332 0.028933 0.014038
0.148525 -0.031162 0.005613
0.11202 -0.035391 -0.00846
0.167885 -0.011571 0.005715
0.161803 -0.035206 0.000728
0.162542 -0.029416 0.001884
0.115853 0.060343 -0.001608
0.177755 0.031436 -0.003253
0.17994 -0.011153 0.005757
0.18764 0.012253 -0.004144
0.115447 0.058278 -0.002504
0.097218 0.029997 0.016362
0.1861 0.010958 -0.006386
0.082082 -0.041366 -0.007849
0.183542 -0.009369 0.001214
0.189902 0.010962 0.000329
0.181475 -0.009607 0.005187
0.109352 -0.037542 0.005449
0.17433 0.023235 0.004815
0.116725 0.059058 -0.003977
0.10193 -0.028264 -0.008552
0.103402 -0.040404 -0.001268
0.146135 0.011944 0.00678
0.188168 0.012151 -0.002565
0.162725 -0.029937 0.001932
0.17878 0.031965 -0.000905
0.096755 -0.024058 0.009286
0.187455 0.007691 0.003893
0.16151 -0.030123 -0.002358
0.15817 -0.037087 0.001194
0.1049 -0.005354 0.008326
0.15805 -0.026924 0.002569
0.162398 -0.033853 -0.001304
0.10508 0.031135 0.01441
0.155302 -0.007446 0.005262
0.179858 -0.014382 0.005251
0.166255 -0.020454 -0.001722
0.17615 0.001104 0.001587
0.162832 -0.03174 0.003371
0.18736 0.008842 0.003857
0.152585 0.018403 0.004736
0.146968 -0.036192 -0.00547
0.162515 -0.029948 -0.000515
0.084492 -0.042462 0.0045
0.186487 0.003386 -0.007115
0.05325 0.005493 -0.020564
0.096445 -0.038081 0.007292
0.18364 -0.009513 -0.000507
0.179353 0.023428 -0.003088
0.183488 -0.009377 0.001897
0.044367 -0.013933 0.019503
0.172765 -0.01926 -0.00189
0.1729 0.029399 0.005616
0.169015 -0.007304 0.004005
0.117305 0.063811 -0.009088
0.10753 0.020044 0.012433
0.01666 -0.010018 0.024153
0.094062 -0.019875 0.015666
0.171632 -0.014926 0.005227
0.108705 -0.021172 0.009588
0.029328 0.015617 0.022799
0.163105 0.020291 0.005784
0.147612 0.021432 0.008704
0.034305 -0.019193 0.020064
0.162295 -0.028916 0.002445
0.149855 -0.029589 0.005241
0.074355 -0.008949 0.020443
0.1391 0.009103 0.009527
0.18193 0.00834 0.004382
0.10624 0.017668 0.009964
0.115083 0.059021 -0.001674
0.117767 0.061303 -0.006312
0.182997 -0.014938 0.004345
0.17806 0.02719 -0.005207
0.12122 -0.026758 0.00497
0.189483 0.011101 0.001495
0.078215 -0.034226 0.015788
0.168698 0.011145 0.003837
0.036903 -0.014354 0.020192
0.028665 -0.03086 0.016452
0.17324 0.028705 -0.006354
0.11818 0.064826 -0.005065
0.19029 0.008567 -0.003374
0.14754 -0.032506 0.005625
0.18105 0.003036 0.003714
0.18227 0.001825 0.002319
0.178965 0.010151 0.003271
0.10538 0.016867 0.010809
0.106755 0.000506 0.012931
0.160113 -0.033899 0.005038
0.092335 0.062895 -0.000149
0.157915 -0.026679 0.00198
0.10416 -0.002476 0.010699
0.142445 -0.030229 0.005659
0.186532 0.006761 -0.007337
0.159875 -0.02877 0.004545
0.102502 -0.033257 0.009013
0.17964 0.024825 0.003481
0.094963 0.03607 0.013136
0.182495 0.005644 0.004055
0.137635 -0.027973 0.004736
0.14161 0.034781 0.000669
0.101325 -0.03868 0.004321
0.117103 0.065312 -0.009274
0.179145 0.031023 -0.002488
0.099102 -0.011086 0.01572
0.114885 0.057216 -0.003491
0.18327 0.008281 0.004391
0.11631 0.067255 -0.008637
0.10197 0.052254 -0.001179
0.10347 -0.03329 0.008866
0.097062 -0.023944 0.009144
0.14316 -0.021322 0.001329
0.100777 -0.029648 0.009566
0.18041 -0.012196 -0.004422
0.180535 -0.000983 -0.003043
0.184192 0.001705 -0.007308
0.17319 -0.015995 0.004518
0.109045 0.019003 0.00955
0.11444 -0.020932 0.00862
0.09588 -0.025279 0.009861
0.167643 0.027643 0.006519
0.117762 0.065586 -0.005727
0.107713 0.018515 0.008987
0.18302 -0.00854 -0.001098
0.02222 -0.000538 0.025725
0.17888 -0.015303 0.005078
0.17801 0.000542 0.000984
0.09828 -0.011429 -0.009402
0.07205 0.030759 0.019916
0.17797 0.030713 0.003412
0.188075 0.001806 -0.004899
0.10984 0.059768 -0.000593
0.177585 0.021299 0.001704
0.057962 0.023724 0.020677
0.10349 -0.034753 0.008592
0.090495 0.011636 0.020229
0.182478 -0.008788 0.004112
0.176077 0.021749 0.002752
0.10689 -0.001878 0.009958
0.087582 -0.029702 0.014774
0.115725 0.057756 -0.006799
0.16407 0.020916 0.005646
0.180338 0.002024 -0.008413
0.115182 0.062603 -0.001673
0.10045 -0.013172 0.015306
0.109257 0.019637 0.011203
0.145447 -0.038822 -0.001742
0.105545 -0.022631 0.002295
0.139203 0.002334 0.008962
0.156385 -0.028998 0.00488
0.103458 -0.029765 0.009179
0.176317 0.022621 -0.004843
0.132367 -0.027208 0.004326
0.180362 -2.2e-05 -0.006283
0.151015 -0.017049 0.00661
0.182015 0.001271 0.001538
0.15322 0.001794 0.006262
0.16652 0.019238 0.002347
0.116725 0.059248 -0.003827
0.162565 -0.033944 0.0031
0.150232 -0.033487 0.005435
0.18321 -0.013801 0.00426
0.173448 0.004476 0.004244
0.056605 0.006198 0.020942
0.183588 -0.014022 -0.001439
0.096798 -0.028545 0.010194
0.10259 0.01681 0.014124
0.180035 0.021952 -0.00066
0.167333 0.022216 0.005917
0.05434 0.021389 0.020929
0.18806 0.002774 -0.005666
0.1266 -0.019626 0.007654
0.042982 0.026742 0.020505
0.066075 0.025999 0.020433
0.11708 0.065 -0.009432
0.170007 0.02148 -0.005743
0.09577 0.032742 -0.009748
0.18119 0.003127 0.003752
0.16197 -0.028844 -0.000821
0.16732 0.007495 0.004905
0.17797 -0.011914 0.006015
0.173825 0.019513 -0.001831
0.173757 0.020298 -0.003532
0.180397 -0.000926 -0.003985
0.1771 0.032146 -0.002747
0.050657 -0.022923 0.017685
0.159118 -0.036188 -0.001911
0.096805 -0.025114 0.008753
0.162717 -0.030534 0.003455
0.106338 -0.002845 0.008302
0.010965 -0.023452 0.02046
0.18086 -0.01109 0.005698
0.182523 -0.008594 -0.001999
0.10368 -0.022447 0.009211
0.173805 0.012162 0.002382
0.159825 -0.035158 0.00418
0.14956 -0.029275 0.005172
0.17919 0.028187 0.003362
0.17219 0.029115 0.005908
0.117 0.063447 -0.010425
0.12374 -0.002961 0.004657
0.18657 0.005066 -0.007325
0.163153 -0.020312 -0.001287
0.184972 0.009131 -0.007694
0.190697 0.010053 7.8e-05
0.067625 -0.027409 0.017128
0.18302 0.003844 0.004004
0.162165 -0.029588 -0.001297
0.07121 -0.043336 0.004117
0.169883 0.010096 0.004338
0.10127 -0.007158 -0.008689
0.179475 0.025064 -0.00352
0.179098 -0.016611 0.003166
0.075948 0.019704 0.021267
0.108035 0.019697 0.011472
0.160903 -0.035306 -0.00153
0.172175 0.026363 0.005941
0.116295 0.058694 -0.00337
0.06625 0.023945 0.020747
0.18405 0.001161 0.00115
0.182535 -0.013349 -0.003225
0.098237 -0.040594 -0.002529
0.16535 0.029378 0.006528
0.182483 -0.009536 -0.003255
0.110772 0.018595 0.00832
0.18977 0.002039 0.001253
0.173597 -0.012741 0.005828
0.10985 -0.005416 -0.001966
0.11608 0.059083 -0.002617
0.093905 0.023959 0.018447
0.18755 0.00654 0.003929
0.18082 -0.013354 -0.004487
0.161535 -0.028299 -6.5e-05
0.10347 0.039377 0.001539
0.163 -0.03102 0.002741
0.10465 0.021299 0.013948
0.098562 0.035428 0.012696
0.15835 -0.036716 0.002001
0.18406 -0.011021 -0.000674
0.14615 -0.000208 0.006265
0.12821 0.029714 0.011681
0.169455 0.005244 0.004565
0.050065 0.026356 0.020383
0.17758 -0.005904 -0.00321
0.077397 -0.039251 0.011546
0.06664 0.049799 -0.016789
0.08554 0.011186 0.021554
0.166027 0.023005 0.006034
0.162052 -0.028604 0.001896
0.16651 -0.017766 0.003808
0.112847 0.020265 0.011115
0.10037 0.024354 0.016372
0.183285 -0.01445 0.003342
0.117795 0.062479 -0.00779
0.116313 0.059589 -0.002663
0.191078 0.004181 -0.001218
0.116795 0.065665 -0.009475
0.115015 -0.022099 0.005073
0.097755 -0.009001 0.016134
0.16038 -0.028821 -0.002163
0.178723 0.029282 0.003057
0.111395 0.057767 -0.000968
0.18337 -0.008819 0.001844
0.10349 -0.038479 0.004243
0.173478 -0.014339 0.005447
0.16197 -0.008096 0.005126
0.16318 -0.010432 0.005681
0.181868 -0.016341 0.002269
0.183167 -0.000691 -0.003715
0.191202 0.004938 0.001907
0.17433 0.020487 0.002071
0.108735 0.001231 0.012955
0.181915 0.009089 0.003873
0.148787 -0.03407 0.005366
0.180922 0.023201 0.000831
0.17907 0.006588 0.004275
0.183053 -0.011478 0.004843
0.174053 -0.019501 -0.000872
0.1801 0.028388 -0.003835
0.120917 -0.039198 0.00038
0.161947 -0.028597 0.000885
0.030382 0.020916 0.02251
0.182975 -0.014953 0.000914
0.17939 -0.011467 -0.00518
0.103145 -0.025858 0.006509
0.190095 0.003393 -0.003758
0.19112 0.007722 0.000556
0.045065 -0.04323 0.003723
0.096575 0.018902 0.018148
0.096907 -0.023651 0.010112
0.16628 0.02849 0.006476
0.0245 0.045611 -0.015191
0.1684 0.020696 0.003556
0.156735 -0.026968 0.002828
0.07075 -0.045009 -0.001757
0.149473 -0.03511 0.005259
0.117887 0.001857 0.011908
0.099015 -0.024302 0.00571
0.053205 -0.008812 0.019869
0.05592 0.038398 -0.021752
0.184532 -0.000221 -0.004286
0.175083 0.019622 0.000652
0.182898 -0.013214 -0.002663
0.135837 -0.013726 0.009097
0.11761 0.062973 -0.003845
0.14603 -0.002469 0.002947
0.162207 -0.02894 0.003155
0.09715 0.015903 0.017837
0.171988 -0.001674 -0.004763
0.089705 -0.042712 0.000848
0.160193 -0.033056 0.005248
0.170687 -0.017501 0.003442
0.117895 0.064501 -0.006408
0.114572 0.064385 -0.012425
0.084317 -0.039936 0.01091
0.1717 -0.010672 0.005462
0.121427 0.019081 0.008075
0.04176 -0.034314 0.014665
0.08529 0.003993 0.0211
0.081165 0.028664 0.020538
0.165005 -0.014704 0.0056
0.159843 -0.027307 0.002143
0.1651 0.033396 0.003893
0.15906 -0.026843 0.001851
0.017572 -0.021164 0.021148
0.017763 -0.03562 0.007754
0.109195 -0.0401 -0.001765
0.105163 0.01627 0.010817
0.17881 0.029311 -0.004343
0.15293 -0.032132 0.005876
0.055315 -0.038827 0.01088
0.18903 0.00261 0.002284
0.15251 -0.018463 0.004916
0.004145 -0.006391 0.025714
0.171257 0.021086 -0.005006
0.106882 0.017871 0.009128
0.10569 -0.022498 0.001948
0.0917 -0.026603 0.013178
0.17411 -0.015876 0.004678
0.183307 -0.009925 0.002707
0.108725 0.024504 0.013978
0.1264 -0.007996 0.008747
0.173912 0.005977 0.004412
0.117587 0.062274 -0.004379
0.07829 0.042385 0.006064
-0.002917 -0.032744 0.010203
0.117245 0.060468 -0.004529
0.116417 0.060743 -0.002068
0.0839 0.006713 -0.012455
0.144677 -0.027435 0.004308
0.182208 -0.01571 -0.001707
0.099915 0.061163 0.000499
0.100605 -0.023517 0.006231
0.112915 0.020987 0.012301
0.075915 0.031744 0.019777
0.11508 0.066736 -0.003616
0.16113 -0.027731 0.002077
0.182475 -0.01565 -0.000503
0.0864 0.001205 -0.011984
0.182838 -0.009761 -0.002542
0.164405 -0.011349 0.005634
0.175453 -0.015259 0.005223
0.031935 -0.036534 0.009069
0.099277 -0.028912 0.009539
0.162488 -0.032954 -0.001431
0.164097 0.021757 0.006311
0.162598 -0.032091 0.004987
0.1624 -0.019954 0.000329
0.124845 -0.001027 0.00797
0.10384 -0.023204 0.003461
0.11149 0.018882 0.009011
0.13936 -0.037721 0.002697
0.170767 -0.014264 0.005336
0.162253 -0.034144 -0.001112
0.169583 0.009559 0.004464
0.18075 -0.00616 -0.000145
0.115143 0.058042 -0.002319
0.052405 0.001036 0.02096
0.085337 -0.037339 -0.011443
0.16284 -0.032219 -0.000473
0.159825 -0.027668 -0.001517
0.115107 0.058654 -0.001875
0.090215 0.019325 0.019628
0.139945 -0.026772 0.00376
0.1894 0.001613 -7.5e-05
0.18085 -0.006765 0.001657
0.104852 0.017044 0.011693
0.162872 -0.018572 -0.005167
0.17838 0.029314 -0.004571
0.183722 -0.010493 0.002004
0.02198 0.045633 -0.009135
0.17962 -0.012431 -0.005323
0.171775 -0.012461 0.005789
0.051465 -0.0456 -0.005007
0.104965 0.059544 -3.2e-05
0.183575 -0.009417 0.000641
0.183282 -0.014671 0.002691
0.190875 0.008282 0.003355
0.17361 0.029684 0.005323
0.160213 0.002011 0.005171
0.158745 -0.02872 -0.003692
0.08975 -0.00694 0.018874
0.04006 -0.045201 0.000491
0.115205 -0.037737 0.004618
0.004493 -0.021787 0.021892
0.17371 -0.017138 0.003492
0.190742 0.009829 0.001497
0.081453 0.026658 0.020719
0.10532 -0.022386 0.005517
0.102845 -0.022616 0.007796
0.12683 -0.030864 0.006152
0.142273 0.030911 0.009266
0.186038 0.000617 -0.004631
0.097807 -0.025416 0.007306
0.118078 0.009439 0.013267
0.160343 -0.015647 0.005505
0.079942 0.031224 0.020052
0.14237 0.024969 0.009823
0.139355 -0.037861 0.002136
0.178385 -0.01681 0.003371
0.12644 -0.0117 0.010327
0.10934 -0.034877 0.007776
0.190412 0.007331 -0.003528
0.175465 -0.010206 0.005523
0.10052 -0.02414 0.004855
0.1675 0.025294 0.006622
0.172892 0.028023 0.005632
0.160647 -0.032525 -0.003031
0.11435 0.019562 -0.002141
0.1027 0.004436 0.015357
0.177332 -0.008663 0.004802
0.181448 -0.016688 0.001056
0.092407 -0.041869 -0.00081
0.101995 -0.029063 0.009131
0.098462 -0.0251 0.006731
0.012675 0.019109 0.023319
0.187587 0.012702 -0.001683
0.074962 -0.022963 0.018498
0.098307 -0.039887 -0.005405
0.114973 0.056999 -0.004117
0.1798 -0.012625 -0.005245
0.10491 -0.002604 0.009934
0.08559 -0.010749 -0.012325
0.111787 0.05565 -0.003852
0.016208 -0.001016 0.026019
0.15166 -0.025513 0.000251
0.03495 -0.025587 0.01768
0.167372 0.009716 0.004593
0.1426 -0.033231 0.005601
0.153675 -0.037343 0.002391
0.16188 -0.028774 0.00394
0.08688 -0.03943 0.010688
0.17547 -0.018759 -6.7e-05
0.189025 0.001986 -0.00394
0.1784 0.006618 0.004271
0.042405 -0.019004 0.019129
0.17728 0.006742 0.004329
0.171355 0.004086 0.004324
0.160685 -0.028051 -0.00116
0.14139 0.019134 -0.003899
0.180643 0.031084 0.001037
0.096985 -0.023798 0.009628
0.17345 -0.000949 -0.0007
0.16846 0.026942 0.006744
0.181515 -0.007772 0.003262
0.12661 -0.020556 0.006497
0.178252 -0.016873 -0.003891
0.15033 -0.030122 0.00529
0.142695 -0.008241 0.007241
0.16233 -0.029062 0.000269
0.104775 -0.00022 0.012906
0.158965 -0.027283 -0.001873
0.18119 -0.017264 -0.001413
0.153168 -0.038137 -0.003101
0.162722 -0.031874 0.004249
0.116663 0.061389 -0.001982
0.160275 -0.034752 -0.002542
0.104648 0.055977 0.000218
0.176537 -0.019007 -0.001093
0.10166 -0.026749 0.007645
0.18206 -0.007489 0.00085
0.168895 0.026679 0.006705
0.14998 -0.034027 0.005385
0.187537 0.010393 -0.005448
0.078715 -0.040712 -0.009429
0.17924 0.029307 -0.004116
0.052203 0.023872 0.020656
0.053688 0.028691 0.02013
0.107692 -0.003074 0.006567
0.04633 -0.008862 0.019876
0.142675 -0.007573 0.006617
0.13232 -0.027651 0.004742
0.169565 0.019705 0.00218
0.183773 -0.011834 0.001965
0.082857 -0.043594 -0.000719
0.116935 0.059564 -0.00733
0.10347 -0.040743 0.000168
0.1042 -0.023207 -0.003103
0.104502 0.020129 0.01333
0.117765 0.06203 -0.008105
0.120155 -0.018832 0.009966
0.11787 0.062978 -0.005083
0.15338 0.017988 0.003078
0.12537 -0.008955 -0.005811
0.142275 0.019723 0.007126
0.174005 0.002603 0.003547
0.095505 -0.039341 0.005096
0.172565 -0.01118 0.005559
0.17428 -0.009762 0.00541
0.043855 0.029291 0.020198
0.165172 0.02472 0.006955
0.111095 0.007667 0.014727
0.17657 0.002848 0.003311
0.188652 0.007649 -0.005669
0.162517 -0.030558 -0.001464
0.117597 0.06599 -0.005455
0.162978 -0.020806 -0.002202
0.180235 0.025167 -0.002424
0.1538 -0.031506 0.00604
0.18069 -0.007668 0.0035
0.1157 0.06436 -0.011513
0.14243 0.021251 0.009234
0.177665 0.021869 0.002281
0.189788 0.01008 -0.003435
0.14212 0.018195 0.005018
0.041942 -0.037138 0.011098
0.13884 -0.001199 -0.005083
0.101462 0.02574 0.015748
0.17714 0.032649 -0.001859
0.097685 0.009253 0.017281
0.067665 -0.045323 -0.002142
0.095683 -0.028052 0.010377
0.187675 0.000549 -0.002602
0.18074 -0.017523 0.000845
0.177595 0.008858 0.003805
0.16194 -0.028752 -0.000809
0.14181 0.017779 0.000836
0.14773 -0.033414 0.005501
0.109347 -0.022273 0.007142
0.08523 0.034789 0.017027
0.152 -0.033568 0.005522
0.181455 -0.007127 0.001253
0.05109 -0.046982 -0.000471
0.16702 0.02447 0.006561
0.028253 -0.027208 0.01763
0.18521 0.002087 -0.007084
0.175838 0.020037 0.001023
0.17525 -0.018766 -0.002111
0.11338 -0.010395 0.01277
0.084833 0.024685 0.02087
0.190237 0.010685 -0.0015
0.050168 -0.01376 0.019327
0.182433 -0.01564 0.003307
0.092887 -0.025249 0.012533
0.17432 0.029969 0.005031
0.169533 -0.020101 -0.001242
0.162185 -0.028943 0.003257
0.15369 -0.026629 0.00273
0.102767 0.012677 0.01574
0.14845 -0.030072 0.005561
0.08568 -0.003923 -0.012476
0.100283 0.034844 0.012677
0.14851 -0.032594 0.005537
0.126417 -0.021685 0.002036
0.126485 -0.021619 0.003137
0.05928 0.001085 0.020953
0.115747 0.059189 -0.002203
0.187458 0.00885 -0.006696
0.173423 -0.010471 0.005484
0.168585 -0.017746 0.003552
0.10928 -0.03049 0.008599
0.15362 -0.033934 0.005472
0.11647 0.06132 -0.00177
0.189915 0.010545 0.002104
0.181078 -0.017329 -0.000849
0.125195 0.003032 0.01149
0.094207 -0.023138 0.012994
0.164125 0.022597 0.006975
0.176995 0.007782 0.004058
0.17755 -0.006349 0.002608
0.177195 0.031797 -0.003355
0.101293 -0.03483 0.008956
0.17563 -0.010062 -0.006463
0.162575 -0.032701 0.004466
0.116797 0.059436 -0.008473
0.190812 0.003167 -0.001555
0.118157 0.004408 0.013216
0.185418 0.001323 0.001102
0.17683 -0.011959 0.006021
0.108938 0.018609 0.008722
0.180367 0.000827 -0.007715
0.189877 0.002019 -0.001748
0.106673 0.015303 0.010348
0.13953 -0.026344 0.003144
0.095907 -0.041561 0.000384
0.15374 -0.032315 0.005851
0.161755 -0.035138 0.001375
0.17372 0.033798 -0.001515
0.16253 -0.033923 0.003426
0.153203 0.010708 0.00612
0.149735 -0.031513 0.005562
0.16232 -0.034373 0.004322
0.12126 0.033821 0.010246
0.17892 0.027183 -0.004752
0.120312 -0.007718 0.009667
0.18743 0.011976 -0.004383
0.11604 0.058261 -0.003789
0.0327 -0.000716 -0.021711
0.162037 -0.028773 0.003031
0.16349 0.027967 0.007584
0.111382 0.05795 -0.000868
0.10099 0.057591 -0.016167
0.18026 -0.000869 -0.004927
0.034538 -0.021935 0.018859
0.167872 -0.014762 0.005406
0.171535 0.003641 0.004159
0.19078 0.009433 0.00332
0.184172 0.002503 -0.007773
0.162355 -0.030134 0.004737
0.030862 0.023488 0.021694
0.02802 -0.024466 0.018835
0.15646 -0.026632 0.002225
0.17552 -0.017021 -0.005032
0.105407 -0.022717 0.001953
0.158495 -0.027719 -0.002923
0.17893 -0.01056 0.005623
0.06317 0.005984 0.021073
0.10703 0.022437 -0.004464
0.100945 0.021353 0.016061
0.180337 -0.017638 -0.00136
0.092847 0.008265 0.019339
0.16236 -0.034109 -0.000789
0.114905 0.064471 -0.012084
0.10228 -0.036326 0.008535
0.16009 -0.03016 0.005145
0.171407 -0.018014 0.003009
0.171355 0.024649 0.006182
0.116145 0.061733 -0.010992
0.111442 0.057161 -0.001363
0.092267 -0.042205 0.000626
0.13544 0.024982 0.010579
0.07469 -0.018424 0.019451
0.169418 0.004196 0.00446
0.06793 -0.038531 -0.012791
0.06813 0.043145 -0.000101
0.18641 0.011342 -0.005809
0.175435 0.012719 0.002
0.1697 0.02564 0.006497
0.145165 -0.010744 0.00777
0.115125 -0.039502 0.000877
0.173757 0.005476 0.004356
0.156603 -0.037311 0.001377
0.06293 0.064476 -0.007843
0.120292 -0.007051 0.009043
0.10353 -0.023814 0.003143
0.16191 -0.028777 0.003738
0.073385 0.011534 0.021303
0.104658 0.018199 0.012617
0.080327 -0.03475 0.015407
0.153368 -0.038224 0.000218
0.08502 -0.010747 0.019939
0.16001 -0.035747 -0.00172
0.054495 -0.031551 0.01559
0.171705 -0.011484 0.005577
0.160645 -0.017295 0.004953
0.116443 0.065394 -0.009992
0.07412 -0.037151 -0.012656
0.06435 -0.004171 -0.018197
0.162942 -0.020062 -0.003191
0.09575 0.022718 0.017814
0.01827 -0.02939 0.017533
0.158613 0.018092 0.002937
0.1739 0.02249 -0.005885
0.08772 0.019565 0.020403
0.190345 0.002593 -0.001652
0.156363 -0.037795 -0.001887
0.15799 -0.037536 -0.000762
0.180665 -0.016928 -0.001788
0.162657 -0.030044 0.000256
0.161927 -0.028708 -0.000159
0.114945 0.065006 -0.011654
0.12671 -0.038894 -0.000117
0.11373 -0.019898 0.009964
0.18288 0.003753 0.003967
0.179812 -0.017302 -0.001736
0.097725 0.012903 0.017526
0.167245 0.005401 0.004695
0.177082 0.022365 0.002968
0.114245 -0.008107 0.011212
0.13526 0.032376 0.009338
0.162948 -0.030965 0.000133
0.099062 -0.023731 0.00712
0.1853 0.000818 0.000592
0.120332 -0.008385 0.010291
0.161048 -0.032173 0.005301
0.164917 -0.010136 0.005665
0.115955 0.060261 -0.010533
0.18307 -0.014879 0.000272
0.162878 -0.031599 9.6e-05
0.12146 0.025508 0.011969
0.13547 0.023123 0.010284
0.15015 -0.03402 0.005384
0.092688 -0.041198 -0.003681
0.15991 -0.001186 0.002716
0.046132 0.021572 0.020979
0.100915 0.014106 0.015236
0.16885 0.025592 0.006605
0.163132 0.021132 0.006448
-0.0051 0.004825 -0.014108
0.17174 0.007181 0.004646
0.101838 -0.026219 0.00709
0.169443 0.003251 0.004239
0.117227 0.060144 -0.004786
0.179585 0.002635 0.003215
0.07054 0.046118 -0.000721
0.1084 0.014933 0.00987
0.179597 0.0267 -0.003952
0.17085 -0.012599 0.005708
0.07402 0.000526 0.021435
0.172603 0.022153 -0.005838
0.078505 -0.041858 -0.008082
0.146138 0.006133 0.008202
0.04216 0.011332 0.021079
0.08383 -0.043102 -0.002606
0.10948 0.015256 0.007249
0.149595 -0.028549 0.004969
0.032695 0.031181 0.019756
0.114815 0.058045 -0.001941
0.182718 -0.015372 0.001654
0.07106 -0.036686 -0.013605
0.146118 0.007654 0.008266
0.174985 0.022796 -0.00565
0.17063 -0.015719 0.004631
0.056462 -0.046013 -0.002879
0.17677 0.000916 0.001386
0.10452 0.016067 0.011653
0.115905 0.06092 -0.00131
0.132093 0.009215 0.010773
0.117325 0.0642 -0.00884
0.082285 -0.002268 0.020843
0.11636 0.064158 -0.010828
0.16009 -0.027986 -0.001826
0.183268 -0.009206 -0.001004
0.182895 -0.013169 0.005383
0.09493 -0.003118 0.017201
0.10026 0.035843 0.011931
0.04761 -0.022916 0.017684
0.17028 0.022153 0.004765
0.155127 -0.033122 0.005611
0.04419 -0.034721 0.014571
0.099075 -0.033445 0.009595
0.038505 -0.026603 0.017116
0.174268 0.008302 0.004287
0.18471 0.00447 0.004219
0.110168 -0.022242 0.005294
0.17876 0.030279 -0.003848
0.18301 0.002261 -0.008219
0.172497 0.011473 0.003034
0.179977 -0.010629 -0.005273
0.171445 0.021162 0.00339
0.19037 0.010501 0.001504
0.17944 0.030943 0.002749
0.14993 -0.030178 0.0054
0.180808 0.029769 -0.001101
0.17417 0.019346 0.000918
0.16038 -0.035452 0.003363
0.100055 0.060376 0.000785
0.18774 0.012361 -0.003806
0.08793 0.013819 0.020654
0.08549 -0.025866 -0.013332
0.166422 -0.008524 0.004757
0.149975 -0.03079 0.00546
0.0951 0.021718 0.017954
0.10032 0.000236 -0.008819
0.101895 -0.025711 0.00659
0.177925 -0.005463 0.000414
0.14963 -0.031843 0.005583
0.105517 0.018999 0.011772
0.01762 -0.03795 0.004345
0.115283 -0.027583 0.006524
0.170505 0.024601 0.006289
0.06817 -0.036487 0.015222
0.131977 -0.00188 0.005792
0.185065 -0.000194 -0.000427
0.15526 -0.029179 -0.004637
0.09855 -0.026979 0.00856
0.1045 -0.022416 0.007364
0.09765 -0.014495 0.015845
0.1618 -0.028616 0.003211
0.117255 0.066731 -0.005029
0.11603 0.064319 -0.011154
0.147568 0.031528 0.008321
0.182637 -0.010909 0.005546
0.117927 0.065182 -0.005998
0.17992 0.030114 -0.002563
0.18953 0.001643 -0.000812
0.06181 -0.037601 -0.014688
0.162432 -0.029457 0.002849
0.132097 0.000381 0.009111
0.118065 0.010273 0.012771
0.090958 -0.041548 -0.00391
0.161437 -0.028022 0.002017
0.098862 0.013311 0.016838
0.182647 -0.008234 -0.001595
0.18836 0.012214 1e-06
0.16943 0.022105 0.004873
0.182442 -0.008295 0.002553
0.18197 -0.014864 0.005016
0.17874 0.001755 0.002329
0.18132 -0.015509 -0.002644
0.116195 0.05837 -0.006683
0.063132 -0.003792 0.020577
0.187795 0.000747 -0.001569
0.087912 -0.02681 0.015428
0.125235 -0.037607 -0.007189
0.035775 -0.032891 0.015323
0.186558 0.005631 -0.007329
0.110695 0.012727 0.011568
0.108328 0.008709 0.015136
0.179027 0.000487 0.00079
0.039662 0.024227 0.020884
0.19029 0.010631 -0.000483
0.10201 -0.022784 0.006381
0.096418 0.005044 0.017544
0.11754 0.062951 -0.008563
0.10534 -0.00632 0.010077
0.096202 -0.026064 0.009795
0.116478 0.066037 -0.009728
0.16933 -0.015801 0.004744
0.132225 -0.028539 0.005573
0.100185 0.019036 0.016261
0.07952 -0.00511 0.020687
0.1679 -0.014207 0.00553
0.15921 -0.004657 -0.001164
0.094895 -0.027389 0.010966
0.11665 0.061058 -0.002264
0.181125 0.001603 0.002123
0.039513 -0.03673 0.011192
0.098105 -0.026368 0.008045
0.184132 0.007306 0.004351
0.03093 -0.019088 0.020655
0.09562 -0.026274 0.010153
0.178995 -0.013586 0.005544
0.180997 0.001326 0.001733
0.134558 -0.008452 0.008306
0.158882 -0.037095 -0.000572
0.07067 -0.008809 0.020322
0.079975 -0.020577 0.018592
0.18267 0.006308 -0.009015
0.167955 -0.018861 0.001614
0.166605 -0.019464 0.000108
0.162272 -0.029472 0.003861
0.187345 0.009591 0.003349
0.18456 0.002269 0.002711
0.09614 -0.024285 0.00957
0.081135 -0.043462 -0.002732
0.190652 0.010278 -0.001342
0.038365 0.005908 0.021714
0.186668 0.00098 0.000544
0.116675 0.061719 -0.0017
0.024413 -0.021618 0.020632
0.099232 -0.012799 0.015481
0.18036 -0.011426 -0.004201
0.03213 0.015871 0.02236
0.18814 0.012227 -0.003535
0.12836 0.027354 0.011508
0.0946 -0.021385 0.013808
0.190443 0.005807 -0.003769
0.12635 -0.024746 -0.003492
0.106573 0.018645 0.010004
0.114185 0.064575 -0.012603
0.04012 -0.042448 -0.008378
0.033528 -0.014248 0.020783
0.156415 -0.034804 0.00514
0.029375 -0.009197 0.022094
0.174578 -0.018017 0.001873
0.178387 0.002648 0.003163
0.152077 -0.009614 0.006753
0.07416 -0.043725 -0.007189
0.15844 -0.026656 0.000765
0.179733 -0.011127 -0.005405
0.18375 0.008221 -0.008475
0.142855 -0.029182 0.005563
0.082237 0.016898 0.021333
0.16961 0.023466 0.006297
0.181843 -0.010433 -0.004089
0.143523 -0.028035 0.004796
0.18257 -0.012272 -0.003326
0.097787 -0.026156 0.00799
0.116055 -0.003075 0.005178
0.159805 -0.036566 0.000137
0.17256 -0.010368 0.005445
0.181672 -0.016559 -7.3e-05
0.190767 0.009828 -0.00234
0.0249 0.010062 0.024337
0.08223 0.033153 0.018973
0.1775 0.002421 0.002917
0.099778 -0.027675 0.008961
0.188623 0.011866 -0.000354
0.162075 -0.034677 0.003759
0.036125 -0.009408 0.020911
0.10944 -0.027519 0.007248
0.18156 -0.016623 0.000491
0.05146 0.021463 0.020918
0.085198 -0.030043 0.015706
0.191258 0.006681 -0.000963
0.10813 0.066212 -0.010511
0.17239 0.029469 0.005682
0.169452 -0.018868 -0.003359
0.076417 -0.038932 -0.011043
0.17824 0.023713 -0.004946
0.17394 0.019457 -0.000915
0.151195 -0.029967 0.005243
-0.00445 -0.030681 -0.009223
0.15989 -0.036059 0.002237
0.175315 -0.006625 0.003051
0.10685 -0.010927 0.014158
0.10499 0.019176 0.012656
0.116773 0.065353 -0.009633
0.162465 -0.029447 0.002545
0.174313 0.028592 0.005048
0.010158 -0.005912 0.025419
0.050492 0.011286 0.020934
0.117213 0.065227 -0.003303
0.109128 -0.039761 -0.003201
0.128348 0.019026 0.007451
0.177235 0.032301 -0.002466
0.16223 -0.028936 0.003054
0.116603 0.0653 -0.003213
0.19116 0.004828 0.003462
0.082132 0.019771 0.021207
0.06155 0.0428 0.012469
0.10049 0.019796 -0.007021
0.11576 0.058435 -0.002753
0.004368 -0.030054 0.015606
0.170387 0.027088 0.006395
0.189555 0.006347 -0.004779
0.111793 0.021723 0.013031
0.08462 0.040234 -0.008175
0.1158 0.059766 -0.001905
0.14616 -0.026723 0.003374
0.101452 0.054306 0.000275
0.07101 -0.042283 -0.009108
0.10465 0.062175 -0.00035
0.10068 -0.023574 0.005735
0.181218 -0.008482 -0.003176
0.101987 -0.025164 0.00563
0.031342 0.02606 0.020878
0.14775 0.018091 0.004048
0.181812 -0.012541 0.005599
0.183665 -0.014109 0.001047
0.048967 0.001011 0.020963
0.17542 -0.00011 0.000243
-0.00225 -0.028028 0.019083
0.15299 -0.001451 0.003385
0.1093 -0.031953 0.008325
0.132188 0.003026 0.01038
0.183563 -0.012751 0.002699
0.07099 -0.038996 -0.011842
0.076963 0.031238 0.019949
0.102048 0.032264 0.014151
0.0722 -0.039041 0.011541
0.10076 0.016036 0.01595
0.18126 0.00837 0.004378
0.182948 0.003185 -0.008576
0.153485 -0.031174 -0.006376
0.117235 0.063203 -0.003171
0.11426 0.028381 0.012777
0.098783 0.006012 0.016348
0.115228 0.057431 -0.003698
0.162968 -0.031677 0.002303
0.102798 0.025058 0.015238
0.177057 -0.000352 -0.000152
0.162828 -0.032945 0.002228
0.09914 -0.041145 0.000325
0.116987 0.060909 -0.008932
0.17218 -0.005242 -0.003101
0.14894 -0.029978 0.005523
0.067897 -0.031948 0.016175
0.17083 0.031786 0.003716
0.064545 -0.046112 -0.000366
0.09733 -0.029248 0.010368
0.175005 -0.016644 0.003776
0.010843 -0.034409 0.00872
0.13208 0.010049 0.010277
0.091212 0.033245 0.016335
0.11716 -0.00114 0.008491
0.10436 -0.023706 0.001613
0.10056 -0.027759 0.008847
0.063262 0.021566 0.021005
0.185285 0.006094 -0.007874
0.16855 0.029303 0.005882
0.161842 -0.035265 -0.0005
0.11576 0.058625 -0.002603
0.178858 0.024388 -0.004233
0.177797 -0.014489 0.005317
0.16721 0.027602 0.006424
0.1795 0.010529 0.003066
0.1083 0.004118 0.014998
0.18754 0.00103 -0.00426
0.116295 0.065735 -0.010039
0.18928 0.001415 -0.001108
0.073982 0.031251 0.019847
0.066743 0.016387 0.021127
0.181543 0.028762 0.000252
0.17674 -0.011304 0.005829
0.17055 0.025688 0.006389
0.10626 0.01961 0.012544
0.106642 -0.022367 0.001854
0.076407 -0.043545 0.004122
0.186322 0.00456 0.00403
0.183315 -0.011335 0.003915
0.16278 -0.033478 -0.000448
0.183305 -0.000748 -0.002773
0.17747 0.0252 0.00464
0.17905 0.028825 -0.004477
0.10618 -0.022544 0.002232
