time, timestamp, robot_q__0, robot_q__1, robot_q__2, robot_q__3, robot_q__4, robot_q__5, robot_q__6, ee_pos__0, ee_pos__1, ee_pos__2, ee_vel__0, ee_vel__1, ee_vel__2, goal_pos__0, goal_pos__1, goal_pos__2, collision_state__0, collision_state__1, collision_state__2, collision_state__3, collision_state__4, collision_distance__0, collision_distance__1, collision_distance__2, collision_distance__3, collision_distance__4, collision_closest_point_in_world__0, collision_closest_point_in_world__1, collision_closest_point_in_world__2, collision_closest_distance, constraint_flag, 
0.0100001, 2025-06-18__17-38-35.290967, 0, -0.436332, 0, -2.35619, 0, 1.8326, 0, 0.39947, -5.59271e-12, 0.381585, 0, 0, 0, 0.39947, -5.59271e-12, 0.381585, 0, 0, 0, 0, 0, 0, 0, 0, 0, 0, 0, 0, 0, 0, 0
0.0200002, 2025-06-18__17-38-35.301016, 0.01996, -0.432524, 0.14221, -2.35769, 0.00457932, 1.82715, 0.846158, 0.39947, -5.59271e-12, 0.381585, 0, 0, 0, 0.39947, -5.59271e-12, 0.381585, 0, 0, 0, 0, 0, inf, inf, inf, inf, inf, 0, 0, 0, inf, 0
0.0300001, 2025-06-18__17-38-35.311020, 0.0194293, -0.432495, 0.141608, -2.35766, 0.00403991, 1.82715, 0.844662, 0.39947, -5.59271e-12, 0.381585, 0, 0, 0, 0.39947, -5.59271e-12, 0.381585, 0, 0, 0, 0, 0, inf, inf, inf, inf, inf, 0, 0, 0, inf, 0
0.0400001, 2025-06-18__17-38-35.321020, 0.0183684, -0.432546, 0.140193, -2.35763, 0.00354619, 1.82716, 0.842245, 0.39947, -5.59271e-12, 0.381585, 0, 0, 0, 0.39947, -5.59271e-12, 0.381585, 0, 0, 0, 0, 0, inf, inf, inf, inf, inf, 0, 0, 0, inf, 0
0.0500002, 2025-06-18__17-38-35.331017, 0.016539, -0.432746, 0.137205, -2.35757, 0.00336103, 1.82717, 0.837311, 0.39947, -5.59271e-12, 0.381585, 0, 0, 0, 0.39947, -5.59271e-12, 0.381585, 0, 0, 0, 0, 0, inf, inf, inf, inf, inf, 0, 0, 0, inf, 0
0.0600002, 2025-06-18__17-38-35.341017, 0.0140995, -0.43302, 0.134868, -2.35755, 0.00314043, 1.82718, 0.832903, 0.39947, -5.59271e-12, 0.381585, 0, 0, 0, 0.39947, -5.59271e-12, 0.381585, 0, 0, 0, 0, 0, inf, inf, inf, inf, inf, 0, 0, 0, inf, 0
0.0700001, 2025-06-18__17-38-35.351016, 0.0110102, -0.433171, 0.132357, -2.35755, 0.00298322, 1.82718, 0.829089, 0.39947, -5.59271e-12, 0.381585, 0, 0, 0, 0.39947, -5.59271e-12, 0.381585, 0, 0, 0, 0, 0, inf, inf, inf, inf, inf, 0, 0, 0, inf, 0
0.0800002, 2025-06-18__17-38-35.361017, 0.00786488, -0.433258, 0.129266, -2.35751, 0.00299657, 1.82718, 0.8257, 0.39947, -5.59271e-12, 0.381585, 0, 0, 0, 0.39947, -5.59271e-12, 0.381585, 0, 0, 0, 0, 0, inf, inf, inf, inf, inf, 0, 0, 0, inf, 0
0.0900002, 2025-06-18__17-38-35.371018, 0.00466442, -0.433382, 0.124739, -2.35743, 0.00297882, 1.82718, 0.822522, 0.39947, -5.59271e-12, 0.381585, 0, 0, 0, 0.39947, -5.59271e-12, 0.381585, 0, 0, 0, 0, 0, inf, inf, inf, inf, inf, 0, 0, 0, inf, 0
0.1, 2025-06-18__17-38-35.381021, 0.00140404, -0.43354, 0.118859, -2.35731, 0.00297646, 1.82719, 0.819493, 0.39947, -5.59271e-12, 0.381585, 0, 0, 0, 0.39947, -5.59271e-12, 0.381585, 0, 0, 0, 0, 0, inf, inf, inf, inf, inf, 0, 0, 0, inf, 0
0.11, 2025-06-18__17-38-35.391017, -0.00201046, -0.43372, 0.112766, -2.3572, 0.00295773, 1.82721, 0.816693, 0.39947, -5.59271e-12, 0.381585, 0, 0, 0, 0.39947, -5.59271e-12, 0.381585, 0, 0, 0, 0, 0, inf, inf, inf, inf, inf, 0, 0, 0, inf, 0
0.12, 2025-06-18__17-38-35.401017, -0.00554081, -0.4338, 0.107184, -2.35711, 0.00295672, 1.82722, 0.814273, 0.39947, -5.59271e-12, 0.381585, 0, 0, 0, 0.39947, -5.59271e-12, 0.381585, 0, 0, 0, 0, 0, inf, inf, inf, inf, inf, 0, 0, 0, inf, 0
0.13, 2025-06-18__17-38-35.411019, -0.00900197, -0.433809, 0.10179, -2.35702, 0.00296941, 1.82721, 0.812412, 0.39947, -5.59271e-12, 0.381585, 0, 0, 0, 0.39947, -5.59271e-12, 0.381585, 0, 0, 0, 0, 0, inf, inf, inf, inf, inf, 0, 0, 0, inf, 0
0.14, 2025-06-18__17-38-35.421016, -0.0122304, -0.433814, 0.0959174, -2.35692, 0.00297719, 1.82721, 0.811074, 0.39947, -5.59271e-12, 0.381585, 0, 0, 0, 0.39947, -5.59271e-12, 0.381585, 0, 0, 0, 0, 0, inf, inf, inf, inf, inf, 0, 0, 0, inf, 0
0.15, 2025-06-18__17-38-35.431016, -0.0152248, -0.433852, 0.0894252, -2.3568, 0.00297596, 1.82722, 0.809983, 0.39947, -5.59271e-12, 0.381585, 0, 0, 0, 0.39947, -5.59271e-12, 0.381585, 0, 0, 0, 0, 0, inf, inf, inf, inf, inf, 0, 0, 0, inf, 0
0.16, 2025-06-18__17-38-35.441017, -0.0180812, -0.433899, 0.0829297, -2.35668, 0.00296251, 1.82722, 0.809087, 0.39947, -5.59271e-12, 0.381585, 0, 0, 0, 0.39947, -5.59271e-12, 0.381585, 0, 0, 0, 0, 0, inf, inf, inf, inf, inf, 0, 0, 0, inf, 0
0.17, 2025-06-18__17-38-35.451016, -0.0207632, -0.433927, 0.0768604, -2.35658, 0.00296322, 1.82722, 0.808199, 0.39947, -5.59271e-12, 0.381585, 0, 0, 0, 0.39947, -5.59271e-12, 0.381585, 0, 0, 0, 0, 0, inf, inf, inf, inf, inf, 0, 0, 0, inf, 0
0.18, 2025-06-18__17-38-35.461016, -0.0231261, -0.433912, 0.071293, -2.35649, 0.0029672, 1.82722, 0.807362, 0.39947, -5.59271e-12, 0.381585, 0, 0, 0, 0.39947, -5.59271e-12, 0.381585, 0, 0, 0, 0, 0, inf, inf, inf, inf, inf, 0, 0, 0, inf, 0
0.19, 2025-06-18__17-38-35.471021, -0.0251221, -0.433919, 0.0659495, -2.35645, 0.00297171, 1.82722, 0.80662, 0.39947, -5.59271e-12, 0.381585, 0, 0, 0, 0.39947, -5.59271e-12, 0.381585, 0, 0, 0, 0, 0, inf, inf, inf, inf, inf, 0, 0, 0, inf, 0
0.2, 2025-06-18__17-38-35.481019, -0.0267969, -0.433945, 0.0605709, -2.35642, 0.00299619, 1.82723, 0.805933, 0.39947, -5.59271e-12, 0.381585, 0, 0, 0, 0.39947, -5.59271e-12, 0.381585, 0, 0, 0, 0, 0, inf, inf, inf, inf, inf, 0, 0, 0, inf, 0
0.21, 2025-06-18__17-38-35.491033, -0.0278672, -0.433959, 0.0563359, -2.3564, 0.00298961, 1.82723, 0.805444, 0.39947, -5.59271e-12, 0.381585, 0, 0, 0, 0.39947, -5.59271e-12, 0.381585, 0, 0, 0, 0, 0, inf, inf, inf, inf, inf, 0, 0, 0, inf, 0
0.22, 2025-06-18__17-38-35.501021, -0.0291835, -0.434013, 0.0504432, -2.35639, 0.00298555, 1.82722, 0.804784, 0.39947, -5.59271e-12, 0.381585, 0, 0, 0, 0.39947, -5.59271e-12, 0.381585, 0, 0, 0, 0, 0, inf, inf, inf, inf, inf, 0, 0, 0, inf, 0
0.23, 2025-06-18__17-38-35.511018, -0.0300323, -0.43406, 0.0461667, -2.35642, 0.00299017, 1.82722, 0.804322, 0.39947, -5.59271e-12, 0.381585, 0, 0, 0, 0.39947, -5.59271e-12, 0.381585, 0, 0, 0, 0, 0, inf, inf, inf, inf, inf, 0, 0, 0, inf, 0
0.24, 2025-06-18__17-38-35.521032, -0.0306304, -0.434084, 0.0423417, -2.35642, 0.0029926, 1.82722, 0.803943, 0.39947, -5.59271e-12, 0.381585, 0, 0, 0, 0.39947, -5.59271e-12, 0.381585, 0, 0, 0, 0, 0, inf, inf, inf, inf, inf, 0, 0, 0, inf, 0
0.25, 2025-06-18__17-38-35.531019, -0.0309045, -0.43411, 0.0387744, -2.35642, 0.00299533, 1.82722, 0.803669, 0.39947, -5.59271e-12, 0.381585, 0, 0, 0, 0.39947, -5.59271e-12, 0.381585, 0, 0, 0, 0, 0, inf, inf, inf, inf, inf, 0, 0, 0, inf, 0
0.26, 2025-06-18__17-38-35.541031, -0.0309816, -0.434138, 0.0353516, -2.3564, 0.00300362, 1.82722, 0.803475, 0.39947, -5.59271e-12, 0.381585, 0, 0, 0, 0.39947, -5.59271e-12, 0.381585, 0, 0, 0, 0, 0, inf, inf, inf, inf, inf, 0, 0, 0, inf, 0
0.27, 2025-06-18__17-38-35.551032, -0.0309327, -0.434182, 0.0322773, -2.3564, 0.00299954, 1.82722, 0.803344, 0.39835, 0.000639282, 0.380169, -0.000351709, -0.111607, 0.00270884, 0.398351, 0.00120438, 0.380151, 0, 0, 0, 0, 0, 0.436242, 0.341497, 0.340495, 0.407582, 0.343173, 0.0550024, 0.0611502, 0.347205, 0.340495, 0
0.28, 2025-06-18__17-38-35.561024, -0.0308411, -0.434176, 0.0298484, -2.35641, 0.00300845, 1.82721, 0.803383, 0.398344, -0.000281836, 0.38018, 0.000520841, -0.0838919, 0.00124495, 0.398351, 0.00120438, 0.380151, 0, 0, 0, 0, 0, 0.436229, 0.341489, 0.34064, 0.40758, 0.343172, 0.0549969, 0.0611552, 0.347205, 0.34064, 0
0.29, 2025-06-18__17-38-35.571033, -0.0308043, -0.434184, 0.0281688, -2.35644, 0.00301128, 1.82719, 0.803447, 0.398331, -0.000928398, 0.380177, -0.000343432, -0.0605086, -1.97761e-05, 0.398351, 0.00120438, 0.380151, 0, 0, 0, 0, 0, 0.436209, 0.341473, 0.340733, 0.407577, 0.34317, 0.0549945, 0.0611572, 0.347205, 0.340733, 0
0.3, 2025-06-18__17-38-35.581032, -0.0306987, -0.434183, 0.0268316, -2.35646, 0.00301524, 1.82719, 0.803518, 0.398322, -0.00140723, 0.38017, -0.000562489, -0.0436291, -0.00121389, 0.398351, 0.00120438, 0.380151, 0, 0, 0, 0, 0, 0.436196, 0.341465, 0.340805, 0.407576, 0.343169, 0.0533763, -0.000943771, 0.348102, 0.340805, 0
0.31, 2025-06-18__17-38-35.591032, -0.0305666, -0.434167, 0.025742, -2.35646, 0.00303622, 1.82718, 0.803573, 0.398318, -0.00180701, 0.380172, -9.73418e-05, -0.0349248, -8.54641e-06, 0.398351, 0.00120438, 0.380151, 0, 0, 0, 0, 0, 0.436188, 0.341461, 0.340803, 0.407575, 0.343168, 0.0533767, -0.000936728, 0.348101, 0.340803, 0
0.32, 2025-06-18__17-38-35.601032, -0.0304791, -0.434147, 0.0249728, -2.35646, 0.00304029, 1.82719, 0.803617, 0.398319, -0.00204351, 0.380167, 0.00058113, -0.024346, -2.78737e-05, 0.398351, 0.00120438, 0.380151, 0, 0, 0, 0, 0, 0.436184, 0.341462, 0.340805, 0.407576, 0.343169, 0.0533771, -0.000932066, 0.3481, 0.340805, 0
0.33, 2025-06-18__17-38-35.611032, -0.0304544, -0.43412, 0.0246592, -2.35647, 0.00304247, 1.82718, 0.803641, 0.398318, -0.00217084, 0.380158, -0.000350547, -0.00940885, -0.000425555, 0.398351, 0.00120438, 0.380151, 0, 0, 0, 0, 0, 0.436172, 0.341456, 0.3408, 0.407575, 0.343168, 0.0533775, -0.00093076, 0.348098, 0.3408, 0
0.34, 2025-06-18__17-38-35.621032, -0.0304322, -0.434081, 0.0247247, -2.35649, 0.00305034, 1.82718, 0.803674, 0.398314, -0.00214683, 0.380133, -0.000224883, 0.00589349, -0.00224421, 0.398351, 0.00120438, 0.380151, 0, 0, 0, 0, 0, 0.436156, 0.34145, 0.340793, 0.407574, 0.343168, 0.0533781, -0.000929593, 0.348096, 0.340793, 0
0.35, 2025-06-18__17-38-35.631019, -0.0303187, -0.43407, 0.0248973, -2.35652, 0.00304851, 1.82717, 0.8037, 0.398302, -0.00204107, 0.380107, 0.000458441, 0.0124799, -0.000871042, 0.398351, 0.00120438, 0.380151, 0, 0, 0, 0, 0, 0.436139, 0.341438, 0.340781, 0.407572, 0.343167, 0.0533784, -0.00092354, 0.348096, 0.340781, 0
0.36, 2025-06-18__17-38-35.641017, -0.0301789, -0.434061, 0.0251196, -2.35656, 0.00305721, 1.82717, 0.803715, 0.398295, -0.00189894, 0.380092, -0.00152363, 0.0151023, -0.00352566, 0.398351, 0.00120438, 0.380151, 0, 0, 0, 0, 0, 0.436119, 0.341425, 0.340768, 0.407569, 0.343167, 0.0533787, -0.000916082, 0.348095, 0.340768, 0
0.37, 2025-06-18__17-38-35.651017, -0.0300669, -0.434053, 0.0254094, -2.35658, 0.00305518, 1.82717, 0.803729, 0.398293, -0.00174797, 0.380076, -0.000917307, 0.0158414, -0.00222456, 0.398351, 0.00120438, 0.380151, 0, 0, 0, 0, 0, 0.436109, 0.341419, 0.340761, 0.407568, 0.343166, 0.0533789, -0.000910107, 0.348095, 0.340761, 0
0.38, 2025-06-18__17-38-35.661019, -0.0299855, -0.434047, 0.025782, -2.35661, 0.00305458, 1.82717, 0.803738, 0.398281, -0.00157517, 0.380057, -0.000629405, 0.0216959, -0.00138683, 0.398351, 0.00120438, 0.380151, 0, 0, 0, 0, 0, 0.436095, 0.341409, 0.340751, 0.407567, 0.343166, 0.053379, -0.000905764, 0.348094, 0.340751, 0
0.39, 2025-06-18__17-38-35.671018, -0.0299333, -0.434058, 0.0262761, -2.35665, 0.0030555, 1.82717, 0.80374, 0.398273, -0.00137202, 0.380043, -0.000746519, 0.0203567, -0.00144334, 0.398351, 0.00120438, 0.380151, 0, 0, 0, 0, 0, 0.43608, 0.341396, 0.340738, 0.407565, 0.343166, 0.0533789, -0.000902973, 0.348095, 0.340738, 0
0.4, 2025-06-18__17-38-35.681019, -0.02991, -0.434066, 0.0268811, -2.35666, 0.00305662, 1.82717, 0.803741, 0.398269, -0.00113102, 0.380034, -0.00010732, 0.0242877, -0.000224544, 0.398351, 0.00120438, 0.380151, 0, 0, 0, 0, 0, 0.436079, 0.341394, 0.340735, 0.407564, 0.343166, 0.0533788, -0.000901726, 0.348095, 0.340735, 0
0.41, 2025-06-18__17-38-35.691032, -0.0299113, -0.434055, 0.0275001, -2.35666, 0.00305473, 1.82717, 0.803742, 0.39827, -0.000895872, 0.380029, -0.000283755, 0.0243899, -0.00111985, 0.398351, 0.00120438, 0.380151, 0, 0, 0, 0, 0, 0.436078, 0.341394, 0.340715, 0.407564, 0.343166, 0.0549417, 0.0612062, 0.347198, 0.340715, 0
0.42, 2025-06-18__17-38-35.701021, -0.0298962, -0.434057, 0.0280206, -2.35666, 0.00305722, 1.82717, 0.803743, 0.398271, -0.000688129, 0.380023, -0.000269702, 0.0217916, -0.00139583, 0.398351, 0.00120438, 0.380151, 0, 0, 0, 0, 0, 0.43608, 0.341395, 0.340683, 0.407564, 0.343166, 0.0549408, 0.0612071, 0.347199, 0.340683, 0
0.43, 2025-06-18__17-38-35.711032, -0.0298862, -0.434061, 0.0284685, -2.35666, 0.00305793, 1.82717, 0.803747, 0.398271, -0.000509349, 0.380021, -7.72877e-05, 0.0196953, -0.00155829, 0.398351, 0.00120438, 0.380151, 0, 0, 0, 0, 0, 0.436082, 0.341395, 0.340656, 0.407564, 0.343166, 0.0549401, 0.0612076, 0.347199, 0.340656, 0
0.44, 2025-06-18__17-38-35.721032, -0.0299038, -0.434055, 0.0289754, -2.35667, 0.00305707, 1.82717, 0.803747, 0.398272, -0.000326054, 0.380022, 0.000224682, 0.0204216, 0.000640896, 0.398351, 0.00120438, 0.380151, 0, 0, 0, 0, 0, 0.436077, 0.341392, 0.340622, 0.407564, 0.343166, 0.0549413, 0.0612067, 0.347198, 0.340622, 0
0.45, 2025-06-18__17-38-35.731027, -0.0299165, -0.434051, 0.0293998, -2.35667, 0.00305722, 1.82717, 0.803752, 0.398269, -0.00015104, 0.380012, -0.000306824, 0.0186923, -0.00120577, 0.398351, 0.00120438, 0.380151, 0, 0, 0, 0, 0, 0.436078, 0.341393, 0.340596, 0.407564, 0.343166, 0.0549421, 0.061206, 0.347198, 0.340596, 0
0.46, 2025-06-18__17-38-35.741032, -0.0298906, -0.434051, 0.0299766, -2.35667, 0.00305926, 1.82717, 0.803751, 0.39827, 6.30533e-05, 0.380011, -6.51979e-05, 0.0192816, 0.000435528, 0.398351, 0.00120438, 0.380151, 0, 0, 0, 0, 0, 0.436079, 0.341393, 0.340561, 0.407564, 0.343166, 0.0549405, 0.0612074, 0.347198, 0.340561, 0
0.47, 2025-06-18__17-38-35.751032, -0.0298569, -0.434051, 0.0303525, -2.35667, 0.00305855, 1.82717, 0.803753, 0.39827, 0.00022286, 0.380006, 0.000260341, 0.0157068, 0.000121453, 0.398351, 0.00120438, 0.380151, 0, 0, 0, 0, 0, 0.43608, 0.341394, 0.340538, 0.407564, 0.343166, 0.0549384, 0.0612092, 0.347198, 0.340538, 0
0.48, 2025-06-18__17-38-35.761029, -0.0298512, -0.43405, 0.030669, -2.35667, 0.00305926, 1.82717, 0.803752, 0.39827, 0.00034675, 0.380004, -0.000233883, 0.0136052, -0.000533502, 0.398351, 0.00120438, 0.380151, 0, 0, 0, 0, 0, 0.436081, 0.341394, 0.340519, 0.407564, 0.343166, 0.0549381, 0.0612095, 0.347198, 0.340519, 0
0.49, 2025-06-18__17-38-35.771029, -0.0298792, -0.43405, 0.0309671, -2.35667, 0.00305855, 1.82717, 0.803756, 0.39827, 0.000453602, 0.380003, 0.000227973, 0.0101738, 0.000208582, 0.398351, 0.00120438, 0.380151, 0, 0, 0, 0, 0, 0.436081, 0.341395, 0.340501, 0.407564, 0.343166, 0.0549398, 0.061208, 0.347198, 0.340501, 0
0.5, 2025-06-18__17-38-35.781032, -0.0298861, -0.434051, 0.0312837, -2.35668, 0.00305688, 1.82717, 0.803759, 0.398267, 0.000567097, 0.379998, -0.000306221, 0.0121309, -0.00039146, 0.398351, 0.00120438, 0.380151, 0, 0, 0, 0, 0, 0.436077, 0.341392, 0.340479, 0.407563, 0.343166, 0.0549402, 0.0612076, 0.347198, 0.340479, 0
0.51, 2025-06-18__17-38-35.791032, -0.0298801, -0.434048, 0.031556, -2.35668, 0.00305794, 1.82717, 0.80376, 0.398268, 0.000677522, 0.379995, -9.76923e-05, 0.0103419, -7.2113e-05, 0.398351, 0.00120438, 0.380151, 0, 0, 0, 0, 0, 0.436078, 0.341392, 0.340462, 0.407563, 0.343166, 0.0549399, 0.061208, 0.347198, 0.340462, 0
0.52, 2025-06-18__17-38-35.801021, -0.0298561, -0.434045, 0.0317775, -2.35667, 0.00305926, 1.82717, 0.80376, 0.398268, 0.000769563, 0.379993, -0.000100926, 0.0106778, 0.000937583, 0.398351, 0.00120438, 0.380151, 0, 0, 0, 0, 0, 0.436082, 0.341395, 0.340452, 0.407564, 0.343166, 0.0549385, 0.0612093, 0.347198, 0.340452, 0
0.53, 2025-06-18__17-38-35.811032, -0.0298607, -0.434044, 0.0319246, -2.35668, 0.00305926, 1.82717, 0.803758, 0.398271, 0.00082959, 0.379995, -0.000528195, 0.00470087, -0.000854798, 0.398351, 0.00120438, 0.380151, 0, 0, 0, 0, 0, 0.436078, 0.341392, 0.34044, 0.407563, 0.343166, 0.0549388, 0.061209, 0.347198, 0.34044, 0
0.54, 2025-06-18__17-38-35.821032, -0.029868, -0.434048, 0.0320565, -2.35668, 0.00305723, 1.82717, 0.803758, 0.39827, 0.000871799, 0.379997, 0.000677447, 0.00306687, 0.00112435, 0.398351, 0.00120438, 0.380151, 0, 0, 0, 0, 0, 0.436079, 0.341393, 0.340432, 0.407563, 0.343166, 0.0549392, 0.0612086, 0.347198, 0.340432, 0
0.55, 2025-06-18__17-38-35.831017, -0.0298888, -0.434047, 0.0321834, -2.35668, 0.00305723, 1.82717, 0.803755, 0.398267, 0.000917425, 0.379993, -0.000451038, 0.00509204, 3.73273e-05, 0.398351, 0.00120438, 0.380151, 0, 0, 0, 0, 0, 0.436079, 0.341393, 0.340424, 0.407563, 0.343166, 0.0549404, 0.0612075, 0.347198, 0.340424, 0
0.56, 2025-06-18__17-38-35.841021, -0.0298815, -0.434039, 0.0322892, -2.35669, 0.00305723, 1.82717, 0.803755, 0.398265, 0.000960245, 0.379984, 2.93704e-05, 0.00383457, -8.40258e-05, 0.398351, 0.00120438, 0.380151, 0, 0, 0, 0, 0, 0.436073, 0.34139, 0.340414, 0.407563, 0.343166, 0.0549401, 0.0612079, 0.347198, 0.340414, 0
0.57, 2025-06-18__17-38-35.851019, -0.0298689, -0.434045, 0.032384, -2.35668, 0.00305662, 1.82717, 0.803759, 0.398265, 0.00100314, 0.379983, -0.000139361, 0.00286811, -0.000954867, 0.398351, 0.00120438, 0.380151, 0, 0, 0, 0, 0, 0.436079, 0.341393, 0.340412, 0.407563, 0.343166, 0.0549393, 0.0612086, 0.347198, 0.340412, 0
0.58, 2025-06-18__17-38-35.861016, -0.0298737, -0.434039, 0.0324497, -2.35668, 0.00305855, 1.82717, 0.80376, 0.398268, 0.00102693, 0.379989, -0.000867236, 0.00299368, 2.26712e-05, 0.398351, 0.00120438, 0.380151, 0, 0, 0, 0, 0, 0.436078, 0.341393, 0.340408, 0.407563, 0.343166, 0.0549396, 0.0612083, 0.347198, 0.340408, 0
0.59, 2025-06-18__17-38-35.871024, -0.029879, -0.434041, 0.032468, -2.35668, 0.00305735, 1.82717, 0.803759, 0.398268, 0.00103196, 0.379987, 0.00100617, -0.000305492, -8.87708e-05, 0.398351, 0.00120438, 0.380151, 0, 0, 0, 0, 0, 0.436078, 0.341393, 0.340407, 0.407563, 0.343166, 0.0549399, 0.061208, 0.347198, 0.340407, 0
0.6, 2025-06-18__17-38-35.881022, -0.0298843, -0.434047, 0.0324885, -2.35669, 0.00305758, 1.82717, 0.803757, 0.398265, 0.0010357, 0.379983, -0.000292042, -6.67195e-05, -0.000774645, 0.398351, 0.00120438, 0.380151, 0, 0, 0, 0, 0, 0.436075, 0.34139, 0.340402, 0.407563, 0.343166, 0.0549402, 0.0612077, 0.347198, 0.340402, 0
0.61, 2025-06-18__17-38-35.891019, -0.0298854, -0.434045, 0.0325087, -2.35669, 0.00305663, 1.82717, 0.803759, 0.398265, 0.00104483, 0.379984, 0.000478024, 0.00320442, 0.000742375, 0.398351, 0.00120438, 0.380151, 0, 0, 0, 0, 0, 0.436075, 0.34139, 0.340401, 0.407563, 0.343166, 0.0549403, 0.0612077, 0.347198, 0.340401, 0
0.62, 2025-06-18__17-38-35.901018, -0.0298802, -0.434042, 0.0325251, -2.35668, 0.00305735, 1.82717, 0.803758, 0.398267, 0.00105443, 0.37999, 0.000283857, 0.000297261, 0.000642979, 0.398351, 0.00120438, 0.380151, 0, 0, 0, 0, 0, 0.436079, 0.341393, 0.340403, 0.407563, 0.343166, 0.05494, 0.0612079, 0.347198, 0.340403, 0
0.63, 2025-06-18__17-38-35.911019, -0.0298731, -0.434042, 0.0325355, -2.35668, 0.00305662, 1.82717, 0.803757, 0.398265, 0.00106082, 0.379984, -7.5827e-05, 0.000575687, 0.00018679, 0.398351, 0.00120438, 0.380151, 0, 0, 0, 0, 0, 0.436079, 0.341393, 0.340402, 0.407563, 0.343166, 0.0549396, 0.0612083, 0.347198, 0.340402, 0
0.64, 2025-06-18__17-38-35.921019, -0.0298833, -0.434044, 0.0325335, -2.35668, 0.00305727, 1.82717, 0.803759, 0.398265, 0.00105891, 0.379984, -0.000166666, -0.000159791, -4.83177e-05, 0.398351, 0.00120438, 0.380151, 0, 0, 0, 0, 0, 0.436079, 0.341393, 0.340403, 0.407563, 0.343166, 0.0549402, 0.0612078, 0.347198, 0.340403, 0
0.65, 2025-06-18__17-38-35.931018, -0.0298949, -0.434044, 0.0325285, -2.35668, 0.00305602, 1.82717, 0.803763, 0.398268, 0.0010486, 0.379988, -0.000113746, -0.00131327, 4.29687e-05, 0.398351, 0.00120438, 0.380151, 0, 0, 0, 0, 0, 0.436079, 0.341393, 0.340403, 0.407563, 0.343166, 0.0549409, 0.0612071, 0.347198, 0.340403, 0
0.66, 2025-06-18__17-38-35.941021, -0.029907, -0.434042, 0.0325313, -2.35669, 0.00305697, 1.82717, 0.803763, 0.398268, 0.0010487, 0.379988, -9.31735e-05, 0.000178618, 0.000348294, 0.398351, 0.00120438, 0.380151, 0, 0, 0, 0, 0, 0.436074, 0.34139, 0.3404, 0.407563, 0.343166, 0.0549416, 0.0612065, 0.347198, 0.3404, 0
0.67, 2025-06-18__17-38-35.951021, -0.0298949, -0.434044, 0.0325331, -2.35669, 0.00305592, 1.82717, 0.803758, 0.398265, 0.00105071, 0.379981, -2.86851e-05, 0.000845161, -0.00114683, 0.398351, 0.00120438, 0.380151, 0, 0, 0, 0, 0, 0.436075, 0.34139, 0.340399, 0.407563, 0.343166, 0.0549409, 0.0612071, 0.347198, 0.340399, 0
0.68, 2025-06-18__17-38-35.961020, -0.029894, -0.434039, 0.0325391, -2.35669, 0.00305768, 1.82717, 0.803764, 0.398268, 0.00105479, 0.379987, -0.000148281, 0.00126902, 0.000734181, 0.398351, 0.00120438, 0.380151, 0, 0, 0, 0, 0, 0.436074, 0.34139, 0.340399, 0.407563, 0.343166, 0.0549409, 0.0612072, 0.347198, 0.340399, 0
0.69, 2025-06-18__17-38-35.971018, -0.0298935, -0.434035, 0.0325366, -2.35668, 0.00305737, 1.82717, 0.803766, 0.398268, 0.00105349, 0.379985, -6.35487e-05, -0.000521512, -0.000781725, 0.398351, 0.00120438, 0.380151, 0, 0, 0, 0, 0, 0.436077, 0.341393, 0.340403, 0.407563, 0.343166, 0.0549409, 0.0612072, 0.347197, 0.340403, 0
0.7, 2025-06-18__17-38-35.981019, -0.0298917, -0.434034, 0.0325421, -2.35668, 0.00306066, 1.82717, 0.803764, 0.398265, 0.00105795, 0.379981, 0.000359739, 0.000722159, 0.000755313, 0.398351, 0.00120438, 0.380151, 0, 0, 0, 0, 0, 0.436077, 0.341393, 0.340402, 0.407563, 0.343166, 0.0549408, 0.0612073, 0.347197, 0.340402, 0
0.71, 2025-06-18__17-38-35.991022, -0.0298992, -0.434033, 0.0325424, -2.35668, 0.00305774, 1.82717, 0.803764, 0.398265, 0.00105462, 0.37998, -0.00037696, 0.000268824, -0.000625127, 0.398351, 0.00120438, 0.380151, 0, 0, 0, 0, 0, 0.436077, 0.341393, 0.340402, 0.407563, 0.343166, 0.0549413, 0.0612069, 0.347197, 0.340402, 0
0.72, 2025-06-18__17-38-36.001020, -0.0298967, -0.434033, 0.032543, -2.35669, 0.00305596, 1.82717, 0.803764, 0.398265, 0.00105536, 0.379982, -0.000440503, 0.000277452, -9.55432e-05, 0.398351, 0.00120438, 0.380151, 0, 0, 0, 0, 0, 0.436073, 0.34139, 0.340399, 0.407563, 0.343166, 0.0549411, 0.061207, 0.347197, 0.340399, 0
0.73, 2025-06-18__17-38-36.011020, -0.0298918, -0.434035, 0.0325455, -2.35669, 0.00306149, 1.82717, 0.803759, 0.398265, 0.00105715, 0.37998, -0.000187828, -1.1766e-05, -0.000421824, 0.398351, 0.00120438, 0.380151, 0, 0, 0, 0, 0, 0.436073, 0.34139, 0.340399, 0.407563, 0.343166, 0.0549408, 0.0612073, 0.347197, 0.340399, 0
0.74, 2025-06-18__17-38-36.021018, -0.0298935, -0.434039, 0.0325405, -2.35669, 0.00305983, 1.82717, 0.803763, 0.398265, 0.00105978, 0.379981, -0.000199691, 0.000832584, -0.000159799, 0.398351, 0.00120438, 0.380151, 0, 0, 0, 0, 0, 0.436074, 0.34139, 0.340399, 0.407563, 0.343166, 0.0549408, 0.0612072, 0.347198, 0.340399, 0
0.75, 2025-06-18__17-38-36.031022, -0.0298914, -0.434037, 0.0325454, -2.35669, 0.00305771, 1.82717, 0.803763, 0.398268, 0.00105496, 0.379986, 0.000213099, -0.000277749, 0.000760632, 0.398351, 0.00120438, 0.380151, 0, 0, 0, 0, 0, 0.436073, 0.34139, 0.340399, 0.407563, 0.343166, 0.0549407, 0.0612073, 0.347197, 0.340399, 0
0.76, 2025-06-18__17-38-36.041017, -0.029902, -0.434041, 0.0325433, -2.35669, 0.00305713, 1.82717, 0.803762, 0.398263, 0.00105555, 0.379981, -0.000269117, 0.000668551, -3.53415e-05, 0.398351, 0.00120438, 0.380151, 0, 0, 0, 0, 0, 0.436074, 0.34139, 0.340399, 0.407563, 0.343166, 0.0549413, 0.0612068, 0.347198, 0.340399, 0
0.77, 2025-06-18__17-38-36.051021, -0.0298971, -0.434036, 0.0325462, -2.35669, 0.00305591, 1.82717, 0.803764, 0.398265, 0.00105441, 0.379982, 7.05937e-05, 0.000591398, 4.82422e-05, 0.398351, 0.00120438, 0.380151, 0, 0, 0, 0, 0, 0.436073, 0.34139, 0.340399, 0.407563, 0.343166, 0.0549411, 0.061207, 0.347197, 0.340399, 0
0.78, 2025-06-18__17-38-36.061021, -0.0298947, -0.434038, 0.0325455, -2.35669, 0.00305771, 1.82717, 0.803761, 0.398265, 0.00105573, 0.379981, -0.000408573, 0.000250436, -0.000427621, 0.398351, 0.00120438, 0.380151, 0, 0, 0, 0, 0, 0.436073, 0.34139, 0.340399, 0.407563, 0.343166, 0.0549409, 0.0612071, 0.347198, 0.340399, 0
0.79, 2025-06-18__17-38-36.071018, -0.0298864, -0.434035, 0.0325487, -2.35669, 0.00305662, 1.82717, 0.803769, 0.398266, 0.0010573, 0.379978, 8.92479e-05, -0.000370305, -0.000870702, 0.398351, 0.00120438, 0.380151, 0, 0, 0, 0, 0, 0.436073, 0.34139, 0.340399, 0.407563, 0.343166, 0.0549405, 0.0612076, 0.347197, 0.340399, 0
0.8, 2025-06-18__17-38-36.081045, -0.0298914, -0.434033, 0.0325444, -2.35669, 0.00305709, 1.82717, 0.803768, 0.398265, 0.00105775, 0.379979, -0.000155197, -0.00135689, -0.000640124, 0.398351, 0.00120438, 0.380151, 0, 0, 0, 0, 0, 0.436072, 0.34139, 0.340399, 0.407563, 0.343166, 0.0549408, 0.0612073, 0.347197, 0.340399, 0
0.81, 2025-06-18__17-38-36.091021, -0.0298914, -0.434033, 0.0325441, -2.35669, 0.00305639, 1.82717, 0.803764, 0.398265, 0.00105938, 0.37998, -0.00042454, 7.55188e-05, -0.000378396, 0.398351, 0.00120438, 0.380151, 0, 0, 0, 0, 0, 0.436073, 0.34139, 0.340399, 0.407563, 0.343166, 0.0549408, 0.0612073, 0.347197, 0.340399, 0
0.82, 2025-06-18__17-38-36.101022, -0.0298961, -0.43403, 0.0325496, -2.35668, 0.00305535, 1.82717, 0.803765, 0.398265, 0.00105724, 0.37998, -4.64732e-06, -0.00054, 0.000207144, 0.398351, 0.00120438, 0.380151, 0, 0, 0, 0, 0, 0.436077, 0.341393, 0.340402, 0.407563, 0.343166, 0.0549411, 0.0612071, 0.347197, 0.340402, 0
0.83, 2025-06-18__17-38-36.111020, -0.029894, -0.434035, 0.0325496, -2.35669, 0.00305546, 1.82717, 0.803762, 0.398268, 0.00105973, 0.379984, -0.00034324, -0.000125473, 0.000267828, 0.398351, 0.00120438, 0.380151, 0, 0, 0, 0, 0, 0.436073, 0.34139, 0.340399, 0.407563, 0.343166, 0.0549409, 0.0612072, 0.347197, 0.340399, 0
0.84, 2025-06-18__17-38-36.121018, -0.0298914, -0.434033, 0.0325526, -2.35669, 0.00305577, 1.82717, 0.803769, 0.398265, 0.00105838, 0.379981, 7.56036e-05, -0.000311452, 0.000192123, 0.398351, 0.00120438, 0.380151, 0, 0, 0, 0, 0, 0.436073, 0.34139, 0.340399, 0.407563, 0.343166, 0.0549408, 0.0612073, 0.347197, 0.340399, 0
0.85, 2025-06-18__17-38-36.131018, -0.0298975, -0.434039, 0.0325498, -2.35668, 0.00306034, 1.82717, 0.803762, 0.398265, 0.0010579, 0.379983, -7.88547e-05, 0.000172857, 0.000728989, 0.398351, 0.00120438, 0.380151, 0, 0, 0, 0, 0, 0.436078, 0.341393, 0.340402, 0.407563, 0.343166, 0.0549411, 0.061207, 0.347198, 0.340402, 0
0.86, 2025-06-18__17-38-36.141018, -0.0298962, -0.434038, 0.0325549, -2.35669, 0.00305701, 1.82717, 0.803769, 0.398268, 0.00105888, 0.379985, 0.000334195, 0.000109768, 0.000149797, 0.398351, 0.00120438, 0.380151, 0, 0, 0, 0, 0, 0.436073, 0.34139, 0.340399, 0.407563, 0.343166, 0.054941, 0.0612071, 0.347198, 0.340399, 0
0.87, 2025-06-18__17-38-36.151012, -0.0298946, -0.434038, 0.0325498, -2.35669, 0.00305649, 1.82717, 0.803762, 0.398265, 0.00105633, 0.379979, 7.12482e-06, -0.000195741, -0.00102326, 0.398351, 0.00120438, 0.380151, 0, 0, 0, 0, 0, 0.436073, 0.34139, 0.340399, 0.407563, 0.343166, 0.0549409, 0.0612072, 0.347198, 0.340399, 0
0.88, 2025-06-18__17-38-36.161018, -0.0298969, -0.434039, 0.0325551, -2.35669, 0.00305664, 1.82717, 0.803765, 0.398265, 0.00105607, 0.379981, -9.83708e-05, -0.00124783, -0.0004752, 0.398351, 0.00120438, 0.380151, 0, 0, 0, 0, 0, 0.436074, 0.34139, 0.340398, 0.407563, 0.343166, 0.0549411, 0.061207, 0.347198, 0.340398, 0
0.89, 2025-06-18__17-38-36.171018, -0.0298968, -0.434035, 0.0325562, -2.35669, 0.00305579, 1.82717, 0.803767, 0.398265, 0.00106058, 0.37998, 3.62084e-06, -0.000925659, -0.000118468, 0.398351, 0.00120438, 0.380151, 0, 0, 0, 0, 0, 0.436073, 0.34139, 0.340398, 0.407563, 0.343166, 0.0549411, 0.061207, 0.347197, 0.340398, 0
0.9, 2025-06-18__17-38-36.181020, -0.0298907, -0.434036, 0.0325558, -2.35669, 0.0030589, 1.82717, 0.803763, 0.398263, 0.00106047, 0.379978, -4.66135e-05, -3.09423e-05, -0.000688402, 0.398351, 0.00120438, 0.380151, 0, 0, 0, 0, 0, 0.436073, 0.34139, 0.340398, 0.407563, 0.343166, 0.0549407, 0.0612074, 0.347197, 0.340398, 0
0.91, 2025-06-18__17-38-36.191020, -0.0298914, -0.434033, 0.0325611, -2.35669, 0.00305914, 1.82717, 0.803767, 0.398265, 0.00106229, 0.379979, -0.000354027, 0.000660216, -0.000847559, 0.398351, 0.00120438, 0.380151, 0, 0, 0, 0, 0, 0.436073, 0.34139, 0.340398, 0.407563, 0.343166, 0.0549408, 0.0612073, 0.347197, 0.340398, 0
0.92, 2025-06-18__17-38-36.201018, -0.029894, -0.434033, 0.032559, -2.35668, 0.00306054, 1.82717, 0.803763, 0.398265, 0.0010608, 0.37998, -0.000125721, -0.000866181, 7.80207e-05, 0.398351, 0.00120438, 0.380151, 0, 0, 0, 0, 0, 0.436077, 0.341393, 0.340401, 0.407563, 0.343166, 0.054941, 0.0612072, 0.347197, 0.340401, 0
0.93, 2025-06-18__17-38-36.211013, -0.0298977, -0.434033, 0.0325582, -2.35669, 0.00305727, 1.82717, 0.803768, 0.398265, 0.00105921, 0.379979, 0.000202928, -0.000125126, 0.000386685, 0.398351, 0.00120438, 0.380151, 0, 0, 0, 0, 0, 0.436072, 0.34139, 0.340398, 0.407563, 0.343166, 0.0549412, 0.061207, 0.347197, 0.340398, 0
0.94, 2025-06-18__17-38-36.221023, -0.0298939, -0.43403, 0.0325589, -2.35669, 0.00305842, 1.82717, 0.803767, 0.398265, 0.00106097, 0.379981, 5.38074e-05, -0.000293733, 0.000601929, 0.398351, 0.00120438, 0.380151, 0, 0, 0, 0, 0, 0.436072, 0.34139, 0.340398, 0.407563, 0.343166, 0.054941, 0.0612072, 0.347197, 0.340398, 0
0.95, 2025-06-18__17-38-36.231020, -0.0298967, -0.434033, 0.032559, -2.35668, 0.00305702, 1.82717, 0.80377, 0.398268, 0.00106191, 0.379985, 0.000361362, 0.000105552, 0.000392613, 0.398351, 0.00120438, 0.380151, 0, 0, 0, 0, 0, 0.436077, 0.341393, 0.340402, 0.407563, 0.343166, 0.0549411, 0.061207, 0.347197, 0.340402, 0
0.96, 2025-06-18__17-38-36.241022, -0.0298939, -0.43404, 0.0325562, -2.35669, 0.00305603, 1.82717, 0.803764, 0.398265, 0.00106236, 0.379981, -8.0021e-05, 0.000385421, 0.000109821, 0.398351, 0.00120438, 0.380151, 0, 0, 0, 0, 0, 0.436074, 0.34139, 0.340398, 0.407563, 0.343166, 0.0549409, 0.0612072, 0.347198, 0.340398, 0
0.97, 2025-06-18__17-38-36.251017, -0.0298939, -0.43404, 0.0325562, -2.35669, 0.0030595, 1.82717, 0.803768, 0.398265, 0.00106161, 0.379981, -0.000706242, -8.43956e-05, -0.000856023, 0.398351, 0.00120438, 0.380151, 0, 0, 0, 0, 0, 0.436074, 0.34139, 0.340399, 0.407563, 0.343166, 0.0549409, 0.0612072, 0.347198, 0.340399, 0
0.98, 2025-06-18__17-38-36.261019, -0.0298921, -0.434035, 0.0325541, -2.35669, 0.0030603, 1.82716, 0.803767, 0.398265, 0.00106024, 0.37998, 0.000379839, 0.00135525, 0.000253406, 0.398351, 0.00120438, 0.380151, 0, 0, 0, 0, 0, 0.436071, 0.341388, 0.340397, 0.407562, 0.343165, 0.0549408, 0.0612073, 0.347197, 0.340397, 0
0.99, 2025-06-18__17-38-36.271016, -0.0298946, -0.434033, 0.0325615, -2.35669, 0.00306124, 1.82717, 0.80377, 0.398265, 0.00106088, 0.379979, -5.06956e-05, -6.08783e-05, -0.000532191, 0.398351, 0.00120438, 0.380151, 0, 0, 0, 0, 0, 0.436072, 0.34139, 0.340398, 0.407563, 0.343166, 0.054941, 0.0612072, 0.347197, 0.340398, 0
1, 2025-06-18__17-38-36.281017, -0.0298968, -0.434032, 0.032559, -2.35669, 0.00305921, 1.82717, 0.803766, 0.398265, 0.00106098, 0.379979, -0.000689553, -0.000469264, 0.000919699, 0.398351, 0.00120438, 0.380151, 0, 0, 0, 0, 0, 0.436072, 0.34139, 0.340398, 0.407563, 0.343166, 0.0549412, 0.061207, 0.347197, 0.340398, 0
1.01, 2025-06-18__17-38-36.291017, -0.0298989, -0.434033, 0.0325639, -2.35669, 0.00305946, 1.82716, 0.803766, 0.398263, 0.00106311, 0.379977, 7.27905e-05, -2.71124e-05, -0.000379127, 0.398351, 0.00120438, 0.380151, 0, 0, 0, 0, 0, 0.436071, 0.341388, 0.340396, 0.407562, 0.343165, 0.0549413, 0.0612069, 0.347197, 0.340396, 0
1.02, 2025-06-18__17-38-36.301019, -0.029894, -0.43403, 0.0325621, -2.35669, 0.00305703, 1.82717, 0.803771, 0.398265, 0.00106327, 0.379979, -0.000332192, -0.000330798, -0.000580833, 0.398351, 0.00120438, 0.380151, 0, 0, 0, 0, 0, 0.436072, 0.34139, 0.340398, 0.407563, 0.343166, 0.054941, 0.0612072, 0.347197, 0.340398, 0
1.03, 2025-06-18__17-38-36.311019, -0.0298961, -0.434035, 0.0325647, -2.35669, 0.00305642, 1.82717, 0.803762, 0.398263, 0.00106486, 0.379979, -0.00022158, 0.000378816, -0.000463066, 0.398351, 0.00120438, 0.380151, 0, 0, 0, 0, 0, 0.436073, 0.34139, 0.340398, 0.407563, 0.343166, 0.0549411, 0.0612071, 0.347197, 0.340398, 0
1.04, 2025-06-18__17-38-36.321016, -0.0298943, -0.434033, 0.0325594, -2.35668, 0.00305993, 1.82717, 0.803772, 0.398265, 0.00106389, 0.37998, 4.57526e-06, 0.00115531, 1.69925e-05, 0.398351, 0.00120438, 0.380151, 0, 0, 0, 0, 0, 0.436077, 0.341393, 0.340402, 0.407563, 0.343166, 0.054941, 0.0612072, 0.347197, 0.340402, 0
1.05, 2025-06-18__17-38-36.331018, -0.029895, -0.434035, 0.0325621, -2.35669, 0.00306165, 1.82717, 0.803768, 0.398265, 0.00106193, 0.37998, -6.71342e-05, -0.000302569, -0.000321389, 0.398351, 0.00120438, 0.380151, 0, 0, 0, 0, 0, 0.436073, 0.34139, 0.340398, 0.407563, 0.343166, 0.054941, 0.0612071, 0.347197, 0.340398, 0
1.06, 2025-06-18__17-38-36.341019, -0.0298946, -0.434037, 0.0325594, -2.35669, 0.0030581, 1.82717, 0.803768, 0.398265, 0.00106106, 0.379979, -0.000163732, -0.000293195, -0.000606782, 0.398351, 0.00120438, 0.380151, 0, 0, 0, 0, 0, 0.436073, 0.34139, 0.340398, 0.407563, 0.343166, 0.0549409, 0.0612072, 0.347197, 0.340398, 0
1.07, 2025-06-18__17-38-36.351017, -0.0298971, -0.434035, 0.0325592, -2.35669, 0.00305746, 1.82717, 0.803765, 0.398265, 0.00106206, 0.379979, -0.000314217, 0.000181899, -0.00121352, 0.398351, 0.00120438, 0.380151, 0, 0, 0, 0, 0, 0.436073, 0.34139, 0.340398, 0.407563, 0.343166, 0.0549411, 0.061207, 0.347197, 0.340398, 0
1.08, 2025-06-18__17-38-36.361019, -0.0298952, -0.43404, 0.0325622, -2.35669, 0.00305699, 1.82717, 0.803769, 0.398266, 0.00106061, 0.379978, -0.000160598, -0.000310944, -0.00120034, 0.398351, 0.00120438, 0.380151, 0, 0, 0, 0, 0, 0.436074, 0.34139, 0.340398, 0.407563, 0.343166, 0.0549409, 0.0612071, 0.347198, 0.340398, 0
1.09, 2025-06-18__17-38-36.371019, -0.0298945, -0.434035, 0.0325622, -2.35669, 0.00305834, 1.82717, 0.803773, 0.398265, 0.00106358, 0.37998, -4.90227e-05, -0.000762261, -0.000321972, 0.398351, 0.00120438, 0.380151, 0, 0, 0, 0, 0, 0.436073, 0.34139, 0.340398, 0.407563, 0.343166, 0.054941, 0.0612072, 0.347197, 0.340398, 0
1.1, 2025-06-18__17-38-36.381017, -0.0298937, -0.434033, 0.0325624, -2.35669, 0.00305915, 1.82716, 0.803769, 0.398268, 0.00106427, 0.379985, 0.000219706, 0.00110323, 0.000522473, 0.398351, 0.00120438, 0.380151, 0, 0, 0, 0, 0, 0.436071, 0.341388, 0.340396, 0.407562, 0.343165, 0.0549409, 0.0612072, 0.347197, 0.340396, 0
1.11, 2025-06-18__17-38-36.391019, -0.0298962, -0.43403, 0.0325668, -2.35669, 0.00305891, 1.82717, 0.803767, 0.398268, 0.00106416, 0.379984, 0.000122899, -9.78971e-05, 0.000667244, 0.398351, 0.00120438, 0.380151, 0, 0, 0, 0, 0, 0.436072, 0.34139, 0.340398, 0.407563, 0.343166, 0.0549411, 0.0612071, 0.347197, 0.340398, 0
1.12, 2025-06-18__17-38-36.401020, -0.0298936, -0.434032, 0.0325651, -2.35669, 0.00305709, 1.82716, 0.803769, 0.398265, 0.001064, 0.379979, -8.20175e-05, -0.000772393, 0.000406475, 0.398351, 0.00120438, 0.380151, 0, 0, 0, 0, 0, 0.436071, 0.341388, 0.340396, 0.407562, 0.343165, 0.054941, 0.0612072, 0.347197, 0.340396, 0
1.13, 2025-06-18__17-38-36.411022, -0.0298939, -0.43403, 0.0325654, -2.35669, 0.00305822, 1.82717, 0.803766, 0.398265, 0.0010668, 0.37998, -0.000339526, 0.000553294, -0.000186735, 0.398351, 0.00120438, 0.380151, 0, 0, 0, 0, 0, 0.436072, 0.34139, 0.340398, 0.407563, 0.343166, 0.054941, 0.0612072, 0.347197, 0.340398, 0
1.14, 2025-06-18__17-38-36.421016, -0.0298939, -0.434034, 0.0325656, -2.35669, 0.00305698, 1.82716, 0.803767, 0.398268, 0.00106588, 0.379983, 0.000346499, 0.000214816, 0.00055486, 0.398351, 0.00120438, 0.380151, 0, 0, 0, 0, 0, 0.436071, 0.341388, 0.340396, 0.407562, 0.343165, 0.0549409, 0.0612072, 0.347197, 0.340396, 0
1.15, 2025-06-18__17-38-36.431021, -0.0298939, -0.434034, 0.0325679, -2.35668, 0.00306004, 1.82717, 0.803764, 0.398266, 0.00106666, 0.379978, 0.000297505, -0.00182278, -0.000224979, 0.398351, 0.00120438, 0.380151, 0, 0, 0, 0, 0, 0.436077, 0.341393, 0.340401, 0.407563, 0.343166, 0.0549409, 0.0612072, 0.347197, 0.340401, 0
1.16, 2025-06-18__17-38-36.441020, -0.0298945, -0.434035, 0.0325679, -2.35669, 0.00305964, 1.82717, 0.80377, 0.398265, 0.00106218, 0.379981, -3.82724e-05, -0.000218946, -7.54163e-05, 0.398351, 0.00120438, 0.380151, 0, 0, 0, 0, 0, 0.436073, 0.34139, 0.340398, 0.407563, 0.343166, 0.054941, 0.0612072, 0.347197, 0.340398, 0
1.17, 2025-06-18__17-38-36.451021, -0.0298942, -0.43404, 0.0325633, -2.35669, 0.00305641, 1.82717, 0.80377, 0.398265, 0.00106193, 0.37998, 0.000546581, -0.000851968, -0.00127547, 0.398351, 0.00120438, 0.380151, 0, 0, 0, 0, 0, 0.436074, 0.34139, 0.340398, 0.407563, 0.343166, 0.0549409, 0.0612072, 0.347198, 0.340398, 0
1.18, 2025-06-18__17-38-36.461028, -0.0298922, -0.434033, 0.0325657, -2.35669, 0.00306141, 1.82717, 0.803768, 0.398265, 0.001065, 0.379982, -0.00015235, 0.000647395, 5.06475e-05, 0.398351, 0.00120438, 0.380151, 0, 0, 0, 0, 0, 0.436072, 0.34139, 0.340398, 0.407563, 0.343166, 0.0549409, 0.0612073, 0.347197, 0.340398, 0
1.19, 2025-06-18__17-38-36.471019, -0.0298942, -0.434038, 0.0325661, -2.35669, 0.0030575, 1.82717, 0.803769, 0.398268, 0.00106715, 0.379984, 0.000368064, 0.000601819, 0.000340966, 0.398351, 0.00120438, 0.380151, 0, 0, 0, 0, 0, 0.436073, 0.34139, 0.340398, 0.407563, 0.343166, 0.0549409, 0.0612072, 0.347198, 0.340398, 0
1.2, 2025-06-18__17-38-36.481019, -0.0298978, -0.434033, 0.0325626, -2.35669, 0.00305963, 1.82717, 0.803773, 0.398265, 0.00106288, 0.37998, -0.000359888, -5.43181e-05, -0.00060617, 0.398351, 0.00120438, 0.380151, 0, 0, 0, 0, 0, 0.436072, 0.34139, 0.340398, 0.407563, 0.343166, 0.0549412, 0.061207, 0.347197, 0.340398, 0
1.21, 2025-06-18__17-38-36.491017, -0.0298969, -0.434033, 0.032565, -2.35669, 0.00305963, 1.82717, 0.803769, 0.398265, 0.00106331, 0.379979, -1.93493e-05, -0.00100623, 0.000349978, 0.398351, 0.00120438, 0.380151, 0, 0, 0, 0, 0, 0.436072, 0.34139, 0.340398, 0.407563, 0.343166, 0.0549411, 0.061207, 0.347197, 0.340398, 0
1.22, 2025-06-18__17-38-36.501019, -0.029894, -0.434024, 0.0325678, -2.35669, 0.00306141, 1.82717, 0.80377, 0.398266, 0.00106705, 0.379978, -0.000445251, 0.000265622, -0.000990116, 0.398351, 0.00120438, 0.380151, 0, 0, 0, 0, 0, 0.436071, 0.34139, 0.340398, 0.407563, 0.343166, 0.0549411, 0.0612072, 0.347197, 0.340398, 0
1.23, 2025-06-18__17-38-36.511022, -0.0298914, -0.434032, 0.0325686, -2.35669, 0.0030575, 1.82717, 0.803771, 0.398263, 0.00106503, 0.379977, -0.000408795, -0.000516776, -0.000815145, 0.398351, 0.00120438, 0.380151, 0, 0, 0, 0, 0, 0.436072, 0.34139, 0.340398, 0.407563, 0.343166, 0.0549408, 0.0612073, 0.347197, 0.340398, 0
1.24, 2025-06-18__17-38-36.521018, -0.0298942, -0.434032, 0.0325685, -2.35669, 0.00305915, 1.82717, 0.803767, 0.398266, 0.00106569, 0.379977, -8.66189e-05, 0.000290061, -0.000797519, 0.398351, 0.00120438, 0.380151, 0, 0, 0, 0, 0, 0.436072, 0.34139, 0.340398, 0.407563, 0.343166, 0.054941, 0.0612072, 0.347197, 0.340398, 0
1.25, 2025-06-18__17-38-36.531012, -0.0298886, -0.434032, 0.0325657, -2.35669, 0.00305679, 1.82717, 0.803767, 0.398263, 0.00106601, 0.379978, -0.000255924, 0.00031864, -0.000404407, 0.398351, 0.00120438, 0.380151, 0, 0, 0, 0, 0, 0.436072, 0.34139, 0.340398, 0.407563, 0.343166, 0.0549406, 0.0612075, 0.347197, 0.340398, 0
1.26, 2025-06-18__17-38-36.541019, -0.0298967, -0.434032, 0.0325686, -2.35669, 0.00306128, 1.82717, 0.803771, 0.398265, 0.00106569, 0.379982, 4.97891e-05, 8.36346e-05, 0.00113369, 0.398351, 0.00120438, 0.380151, 0, 0, 0, 0, 0, 0.436072, 0.34139, 0.340398, 0.407563, 0.343166, 0.0549411, 0.061207, 0.347197, 0.340398, 0
1.27, 2025-06-18__17-38-36.551016, -0.0298971, -0.434035, 0.0325658, -2.35669, 0.00305915, 1.82716, 0.803773, 0.398266, 0.00106577, 0.379978, 0.000107813, 0.00102814, -0.00034303, 0.398351, 0.00120438, 0.380151, 0, 0, 0, 0, 0, 0.436071, 0.341388, 0.340396, 0.407562, 0.343165, 0.0549411, 0.061207, 0.347197, 0.340396, 0
1.28, 2025-06-18__17-38-36.561022, -0.0298936, -0.43403, 0.0325686, -2.35669, 0.00305915, 1.82717, 0.803766, 0.398265, 0.00106411, 0.379979, 1.89766e-05, -0.000433502, -0.000660891, 0.398351, 0.00120438, 0.380151, 0, 0, 0, 0, 0, 0.436072, 0.34139, 0.340398, 0.407563, 0.343166, 0.054941, 0.0612072, 0.347197, 0.340398, 0
1.29, 2025-06-18__17-38-36.571019, -0.0298942, -0.434036, 0.0325711, -2.35668, 0.00305643, 1.82717, 0.803774, 0.398265, 0.00106509, 0.37998, -7.73127e-05, 0.000195417, -0.000333354, 0.398351, 0.00120438, 0.380151, 0, 0, 0, 0, 0, 0.436078, 0.341393, 0.340401, 0.407563, 0.343166, 0.0549409, 0.0612072, 0.347197, 0.340401, 0
1.3, 2025-06-18__17-38-36.581017, -0.0298938, -0.434032, 0.0325686, -2.3567, 0.00305607, 1.82717, 0.80377, 0.398263, 0.00106458, 0.37998, 0.000250503, -0.000379235, 0.000954995, 0.398351, 0.00120438, 0.380151, 0, 0, 0, 0, 0, 0.436068, 0.341387, 0.340395, 0.407562, 0.343166, 0.054941, 0.0612072, 0.347197, 0.340395, 0
1.31, 2025-06-18__17-38-36.591019, -0.0298949, -0.434035, 0.0325707, -2.35669, 0.00305925, 1.82717, 0.80377, 0.398263, 0.00106588, 0.379978, -0.000242074, 0.000387674, -0.00043485, 0.398351, 0.00120438, 0.380151, 0, 0, 0, 0, 0, 0.436073, 0.34139, 0.340398, 0.407563, 0.343166, 0.054941, 0.0612071, 0.347197, 0.340398, 0
1.32, 2025-06-18__17-38-36.601021, -0.029894, -0.434032, 0.0325633, -2.35669, 0.0030603, 1.82717, 0.803773, 0.398263, 0.00106573, 0.379979, 0.00021519, -0.000266797, 0.000835243, 0.398351, 0.00120438, 0.380151, 0, 0, 0, 0, 0, 0.436072, 0.34139, 0.340398, 0.407563, 0.343166, 0.054941, 0.0612072, 0.347197, 0.340398, 0
1.33, 2025-06-18__17-38-36.611019, -0.0298992, -0.434032, 0.0325667, -2.35669, 0.00306069, 1.82717, 0.803764, 0.39826, 0.00106555, 0.379975, -0.00017428, -0.000621007, 0.000376241, 0.398351, 0.00120438, 0.380151, 0, 0, 0, 0, 0, 0.436072, 0.34139, 0.340398, 0.407563, 0.343166, 0.0549413, 0.0612069, 0.347197, 0.340398, 0
1.34, 2025-06-18__17-38-36.621020, -0.0298943, -0.434027, 0.0325718, -2.3567, 0.00305947, 1.82716, 0.803771, 0.398263, 0.00106674, 0.379977, -0.000114555, 0.000433227, -4.82657e-05, 0.398351, 0.00120438, 0.380151, 0, 0, 0, 0, 0, 0.436065, 0.341385, 0.340393, 0.407561, 0.343165, 0.0549411, 0.0612072, 0.347197, 0.340393, 0
1.35, 2025-06-18__17-38-36.631019, -0.0298936, -0.43403, 0.0325715, -2.35669, 0.00305853, 1.82716, 0.803769, 0.398263, 0.00106831, 0.379978, -0.000206238, 0.000312247, -7.47006e-05, 0.398351, 0.00120438, 0.380151, 0, 0, 0, 0, 0, 0.43607, 0.341388, 0.340396, 0.407562, 0.343165, 0.054941, 0.0612072, 0.347197, 0.340396, 0
1.36, 2025-06-18__17-38-36.641015, -0.0298921, -0.434032, 0.0325683, -2.35669, 0.00305571, 1.82716, 0.803773, 0.398266, 0.00106696, 0.379983, 0.000623083, 0.000112023, 0.000982671, 0.398351, 0.00120438, 0.380151, 0, 0, 0, 0, 0, 0.436071, 0.341388, 0.340396, 0.407562, 0.343165, 0.0549409, 0.0612073, 0.347197, 0.340396, 0
1.37, 2025-06-18__17-38-36.651016, -0.0298988, -0.434035, 0.0325718, -2.35669, 0.00305715, 1.82716, 0.803768, 0.398263, 0.00106626, 0.379979, -0.000421556, -0.000401516, -0.00037928, 0.398351, 0.00120438, 0.380151, 0, 0, 0, 0, 0, 0.436071, 0.341388, 0.340396, 0.407562, 0.343165, 0.0549412, 0.0612069, 0.347197, 0.340396, 0
1.38, 2025-06-18__17-38-36.661027, -0.0298977, -0.434029, 0.0325713, -2.35668, 0.00305699, 1.82717, 0.803773, 0.398265, 0.00106601, 0.37998, 0.0002123, -0.00287802, 0.000194024, 0.398351, 0.00120438, 0.380151, 0, 0, 0, 0, 0, 0.436076, 0.341393, 0.340401, 0.407563, 0.343166, 0.0549412, 0.061207, 0.347197, 0.340401, 0
1.39, 2025-06-18__17-38-36.671017, -0.0298914, -0.434035, 0.0325672, -2.35668, 0.0030614, 1.82717, 0.803764, 0.398266, 0.00106626, 0.379985, 0.000458207, -0.000278995, 0.0011863, 0.398351, 0.00120438, 0.380151, 0, 0, 0, 0, 0, 0.436078, 0.341393, 0.340401, 0.407563, 0.343166, 0.0549408, 0.0612073, 0.347197, 0.340401, 0
1.4, 2025-06-18__17-38-36.681020, -0.0298946, -0.434035, 0.0325714, -2.35669, 0.00305678, 1.82717, 0.80377, 0.398265, 0.00106808, 0.379981, -5.07318e-05, 0.000525375, 0.000315303, 0.398351, 0.00120438, 0.380151, 0, 0, 0, 0, 0, 0.436073, 0.34139, 0.340398, 0.407563, 0.343166, 0.054941, 0.0612072, 0.347197, 0.340398, 0
1.41, 2025-06-18__17-38-36.691018, -0.0298914, -0.434029, 0.0325749, -2.35669, 0.00305924, 1.82717, 0.803774, 0.398263, 0.00106622, 0.379979, -0.000152664, -0.000984109, 0.000183989, 0.398351, 0.00120438, 0.380151, 0, 0, 0, 0, 0, 0.436072, 0.34139, 0.340398, 0.407563, 0.343166, 0.0549409, 0.0612073, 0.347197, 0.340398, 0
1.42, 2025-06-18__17-38-36.701010, -0.0298939, -0.434029, 0.0325781, -2.35669, 0.00305776, 1.82717, 0.80377, 0.398263, 0.00106887, 0.379978, -0.000110064, 0.000395609, -0.000294376, 0.398351, 0.00120438, 0.380151, 0, 0, 0, 0, 0, 0.436072, 0.34139, 0.340397, 0.407563, 0.343166, 0.054941, 0.0612072, 0.347197, 0.340397, 0
1.43, 2025-06-18__17-38-36.711021, -0.0298886, -0.434032, 0.0325721, -2.35669, 0.00305715, 1.82717, 0.803775, 0.398263, 0.00106803, 0.379977, 0.000328253, 0.000507431, 0.00037101, 0.398351, 0.00120438, 0.380151, 0, 0, 0, 0, 0, 0.436072, 0.34139, 0.340398, 0.407563, 0.343166, 0.0549406, 0.0612075, 0.347197, 0.340398, 0
1.44, 2025-06-18__17-38-36.721020, -0.0298922, -0.434029, 0.032575, -2.35669, 0.00305745, 1.82717, 0.803769, 0.398266, 0.0010676, 0.379977, 1.5795e-05, -0.000742284, -0.000102023, 0.398351, 0.00120438, 0.380151, 0, 0, 0, 0, 0, 0.436072, 0.34139, 0.340397, 0.407563, 0.343166, 0.0549409, 0.0612073, 0.347197, 0.340397, 0
1.45, 2025-06-18__17-38-36.731022, -0.0298946, -0.434029, 0.0325747, -2.35669, 0.00305677, 1.82717, 0.803771, 0.398265, 0.00107148, 0.379979, -2.52525e-05, 0.00156086, 0.000401584, 0.398351, 0.00120438, 0.380151, 0, 0, 0, 0, 0, 0.436072, 0.34139, 0.340398, 0.407563, 0.343166, 0.0549411, 0.0612072, 0.347197, 0.340398, 0
1.46, 2025-06-18__17-38-36.741018, -0.0298935, -0.434032, 0.0325775, -2.35668, 0.00305643, 1.82716, 0.803773, 0.398265, 0.00106887, 0.379979, 4.64303e-05, 0.00033774, 0.000282403, 0.398351, 0.00120438, 0.380151, 0, 0, 0, 0, 0, 0.436075, 0.341391, 0.340399, 0.407562, 0.343165, 0.0549409, 0.0612072, 0.347197, 0.340399, 0
1.47, 2025-06-18__17-38-36.751019, -0.0298998, -0.434032, 0.0325721, -2.35669, 0.00306031, 1.82717, 0.80377, 0.398265, 0.00106498, 0.379979, 0.000129181, -0.000979205, -3.27699e-06, 0.398351, 0.00120438, 0.380151, 0, 0, 0, 0, 0, 0.436072, 0.34139, 0.340398, 0.407563, 0.343166, 0.0549413, 0.0612069, 0.347197, 0.340398, 0
1.48, 2025-06-18__17-38-36.761022, -0.0298992, -0.434035, 0.0325722, -2.35669, 0.00305786, 1.82716, 0.803772, 0.398265, 0.00106509, 0.379979, -0.000197225, -1.46869e-05, -0.000502805, 0.398351, 0.00120438, 0.380151, 0, 0, 0, 0, 0, 0.436071, 0.341388, 0.340396, 0.407562, 0.343165, 0.0549413, 0.0612069, 0.347197, 0.340396, 0
1.49, 2025-06-18__17-38-36.771019, -0.0298953, -0.43403, 0.0325694, -2.35669, 0.00305958, 1.82717, 0.803775, 0.398265, 0.00106666, 0.379981, -0.000269514, -0.00134796, 0.000150288, 0.398351, 0.00120438, 0.380151, 0, 0, 0, 0, 0, 0.436072, 0.34139, 0.340398, 0.407563, 0.343166, 0.0549411, 0.0612071, 0.347197, 0.340398, 0
1.5, 2025-06-18__17-38-36.781019, -0.0298937, -0.434032, 0.0325758, -2.35669, 0.00306031, 1.82716, 0.803769, 0.398265, 0.00106901, 0.379981, 8.18123e-05, 0.00102521, 0.000595423, 0.398351, 0.00120438, 0.380151, 0, 0, 0, 0, 0, 0.436071, 0.341388, 0.340396, 0.407562, 0.343165, 0.054941, 0.0612072, 0.347197, 0.340396, 0
1.51, 2025-06-18__17-38-36.791019, -0.0298946, -0.434035, 0.0325796, -2.35669, 0.00306058, 1.82716, 0.80377, 0.398263, 0.00106821, 0.379979, -9.86009e-05, -0.000186233, -6.65494e-05, 0.398351, 0.00120438, 0.380151, 0, 0, 0, 0, 0, 0.436071, 0.341388, 0.340395, 0.407562, 0.343165, 0.054941, 0.0612072, 0.347197, 0.340395, 0
1.52, 2025-06-18__17-38-36.801020, -0.0298969, -0.434032, 0.0325775, -2.35669, 0.00306066, 1.82717, 0.803776, 0.398263, 0.00106637, 0.379979, 0.000264844, 0.00114815, 0.000796078, 0.398351, 0.00120438, 0.380151, 0, 0, 0, 0, 0, 0.436072, 0.34139, 0.340398, 0.407563, 0.343166, 0.0549412, 0.061207, 0.347197, 0.340398, 0
1.53, 2025-06-18__17-38-36.811019, -0.0298999, -0.434029, 0.0325743, -2.35669, 0.00305786, 1.82716, 0.803773, 0.398263, 0.00106803, 0.379978, -0.000189791, 0.00111621, 0.000389394, 0.398351, 0.00120438, 0.380151, 0, 0, 0, 0, 0, 0.43607, 0.341388, 0.340396, 0.407562, 0.343165, 0.0549414, 0.0612069, 0.347197, 0.340396, 0
1.54, 2025-06-18__17-38-36.821017, -0.0298948, -0.434032, 0.0325722, -2.35669, 0.00305749, 1.82717, 0.803774, 0.398263, 0.00106525, 0.379976, -0.000353552, -0.00146838, -0.000820857, 0.398351, 0.00120438, 0.380151, 0, 0, 0, 0, 0, 0.436072, 0.34139, 0.340398, 0.407563, 0.343166, 0.054941, 0.0612071, 0.347197, 0.340398, 0
1.55, 2025-06-18__17-38-36.831018, -0.0298971, -0.434026, 0.032576, -2.35669, 0.00306094, 1.82717, 0.803776, 0.398263, 0.00107011, 0.379977, 4.93294e-05, 0.000747389, 0.000405095, 0.398351, 0.00120438, 0.380151, 0, 0, 0, 0, 0, 0.436071, 0.34139, 0.340398, 0.407563, 0.343166, 0.0549413, 0.061207, 0.347197, 0.340398, 0
1.56, 2025-06-18__17-38-36.841018, -0.0298963, -0.434029, 0.0325772, -2.35669, 0.00305745, 1.82716, 0.803771, 0.398261, 0.00106615, 0.379971, -0.000265466, -0.000951473, -0.000696322, 0.398351, 0.00120438, 0.380151, 0, 0, 0, 0, 0, 0.43607, 0.341388, 0.340396, 0.407562, 0.343165, 0.0549412, 0.0612071, 0.347197, 0.340396, 0
1.57, 2025-06-18__17-38-36.851018, -0.0298917, -0.434026, 0.0325732, -2.35669, 0.00305749, 1.82716, 0.803775, 0.398265, 0.00107036, 0.379979, 7.95242e-05, 1.50619e-05, 0.000825783, 0.398351, 0.00120438, 0.380151, 0, 0, 0, 0, 0, 0.43607, 0.341388, 0.340396, 0.407562, 0.343165, 0.0549409, 0.0612073, 0.347197, 0.340396, 0
1.58, 2025-06-18__17-38-36.861019, -0.0298946, -0.434031, 0.032576, -2.3567, 0.0030575, 1.82717, 0.803768, 0.398263, 0.00107035, 0.379977, 6.23482e-05, 0.000679492, 0.00036105, 0.398351, 0.00120438, 0.380151, 0, 0, 0, 0, 0, 0.436068, 0.341387, 0.340394, 0.407562, 0.343166, 0.054941, 0.0612072, 0.347197, 0.340394, 0
1.59, 2025-06-18__17-38-36.871018, -0.0298992, -0.434029, 0.0325754, -2.35668, 0.0030575, 1.82717, 0.803775, 0.398266, 0.00106884, 0.379977, -0.000259966, 0.00232099, -0.000774681, 0.398351, 0.00120438, 0.380151, 0, 0, 0, 0, 0, 0.436076, 0.341393, 0.340401, 0.407563, 0.343166, 0.0549413, 0.0612069, 0.347197, 0.340401, 0
1.6, 2025-06-18__17-38-36.881020, -0.0298971, -0.434032, 0.0325753, -2.35669, 0.00306066, 1.82717, 0.803774, 0.398263, 0.00106708, 0.379975, -0.000654137, -9.04871e-05, -0.000588708, 0.398351, 0.00120438, 0.380151, 0, 0, 0, 0, 0, 0.436072, 0.34139, 0.340398, 0.407563, 0.343166, 0.0549412, 0.061207, 0.347197, 0.340398, 0
1.61, 2025-06-18__17-38-36.891018, -0.029897, -0.434033, 0.0325807, -2.35668, 0.0030589, 1.82716, 0.803769, 0.398265, 0.00107011, 0.379979, -0.000143467, 0.000526671, -0.000248741, 0.398351, 0.00120438, 0.380151, 0, 0, 0, 0, 0, 0.436075, 0.341391, 0.340399, 0.407562, 0.343165, 0.0549411, 0.061207, 0.347197, 0.340399, 0
1.62, 2025-06-18__17-38-36.901017, -0.0298947, -0.434032, 0.0325807, -2.35669, 0.00305631, 1.82717, 0.80377, 0.398263, 0.00106807, 0.379979, -0.00170022, -0.000137864, -0.00213251, 0.398351, 0.00120438, 0.380151, 0, 0, 0, 0, 0, 0.436072, 0.34139, 0.340397, 0.407563, 0.343166, 0.054941, 0.0612071, 0.347197, 0.340397, 0
1.63, 2025-06-18__17-38-36.911019, -0.0298946, -0.434032, 0.0325781, -2.35669, 0.00305639, 1.82716, 0.80377, 0.398263, 0.00106578, 0.379978, -0.000478689, -0.000792164, -0.000440969, 0.398351, 0.00120438, 0.380151, 0, 0, 0, 0, 0, 0.436071, 0.341388, 0.340395, 0.407562, 0.343165, 0.054941, 0.0612072, 0.347197, 0.340395, 0
1.64, 2025-06-18__17-38-36.921017, -0.0298999, -0.434028, 0.0325782, -2.35669, 0.00305689, 1.82717, 0.803775, 0.398264, 0.00106956, 0.379975, -4.52844e-05, -0.000500753, -0.000802586, 0.398351, 0.00120438, 0.380151, 0, 0, 0, 0, 0, 0.436072, 0.34139, 0.340398, 0.407563, 0.343166, 0.0549414, 0.0612069, 0.347197, 0.340398, 0
1.65, 2025-06-18__17-38-36.931018, -0.0298989, -0.434029, 0.0325754, -2.35669, 0.00305735, 1.82716, 0.803771, 0.398263, 0.00106976, 0.379978, 6.9876e-05, 0.000105342, 0.000698916, 0.398351, 0.00120438, 0.380151, 0, 0, 0, 0, 0, 0.43607, 0.341388, 0.340396, 0.407562, 0.343165, 0.0549413, 0.0612069, 0.347197, 0.340396, 0
1.66, 2025-06-18__17-38-36.941017, -0.0298949, -0.434027, 0.0325782, -2.35669, 0.00306019, 1.82716, 0.803772, 0.398266, 0.00106889, 0.379975, 3.98837e-05, 0.000211165, -0.000916485, 0.398351, 0.00120438, 0.380151, 0, 0, 0, 0, 0, 0.43607, 0.341388, 0.340396, 0.407562, 0.343165, 0.0549411, 0.0612071, 0.347197, 0.340396, 0
1.67, 2025-06-18__17-38-36.951019, -0.0298999, -0.434026, 0.0325803, -2.35669, 0.00305962, 1.82717, 0.803773, 0.398263, 0.00106816, 0.379971, -0.000461402, -0.000166263, -0.00112234, 0.398351, 0.00120438, 0.380151, 0, 0, 0, 0, 0, 0.436071, 0.34139, 0.340397, 0.407563, 0.343166, 0.0549414, 0.0612069, 0.347197, 0.340397, 0
1.68, 2025-06-18__17-38-36.961019, -0.0298915, -0.434024, 0.0325807, -2.35669, 0.00306066, 1.82717, 0.803769, 0.398264, 0.00107052, 0.379976, 2.48098e-05, 0.000509201, -4.97419e-05, 0.398351, 0.00120438, 0.380151, 0, 0, 0, 0, 0, 0.436071, 0.34139, 0.340397, 0.407563, 0.343166, 0.0549409, 0.0612073, 0.347197, 0.340397, 0
1.69, 2025-06-18__17-38-36.971018, -0.029897, -0.43403, 0.0325803, -2.35669, 0.00305689, 1.82716, 0.803773, 0.398265, 0.00107033, 0.379979, -0.000307752, 0.000300849, 6.44182e-06, 0.398351, 0.00120438, 0.380151, 0, 0, 0, 0, 0, 0.43607, 0.341388, 0.340395, 0.407562, 0.343165, 0.0549412, 0.061207, 0.347197, 0.340395, 0
1.7, 2025-06-18__17-38-36.981020, -0.0298946, -0.43403, 0.032581, -2.35669, 0.00305703, 1.82716, 0.803773, 0.398265, 0.00106806, 0.379978, -0.000335089, -0.000270028, -0.00097378, 0.398351, 0.00120438, 0.380151, 0, 0, 0, 0, 0, 0.43607, 0.341388, 0.340395, 0.407562, 0.343165, 0.054941, 0.0612072, 0.347197, 0.340395, 0
1.71, 2025-06-18__17-38-36.991020, -0.0298945, -0.434029, 0.0325755, -2.35669, 0.0030575, 1.82716, 0.803769, 0.398263, 0.00107154, 0.379978, -0.000363319, 0.00113626, -0.000898087, 0.398351, 0.00120438, 0.380151, 0, 0, 0, 0, 0, 0.43607, 0.341388, 0.340396, 0.407562, 0.343165, 0.0549411, 0.0612072, 0.347197, 0.340396, 0
1.72, 2025-06-18__17-38-37.001021, -0.0298946, -0.434034, 0.0325837, -2.35668, 0.00305867, 1.82717, 0.803776, 0.398263, 0.00106969, 0.379978, -0.000215282, 0.000540077, -0.000455238, 0.398351, 0.00120438, 0.380151, 0, 0, 0, 0, 0, 0.436077, 0.341393, 0.340401, 0.407563, 0.343166, 0.054941, 0.0612072, 0.347197, 0.340401, 0
1.73, 2025-06-18__17-38-37.011020, -0.0298946, -0.434032, 0.0325776, -2.35669, 0.00305685, 1.82717, 0.803774, 0.398265, 0.00106935, 0.379979, 9.88749e-05, 0.000397038, 0.000400489, 0.398351, 0.00120438, 0.380151, 0, 0, 0, 0, 0, 0.436072, 0.34139, 0.340397, 0.407563, 0.343166, 0.054941, 0.0612072, 0.347197, 0.340397, 0
1.74, 2025-06-18__17-38-37.021019, -0.0298946, -0.434029, 0.0325782, -2.35669, 0.00306058, 1.82716, 0.803769, 0.398266, 0.00106939, 0.379978, 0.000117434, -0.00119613, 0.00028653, 0.398351, 0.00120438, 0.380151, 0, 0, 0, 0, 0, 0.43607, 0.341388, 0.340395, 0.407562, 0.343165, 0.0549411, 0.0612072, 0.347197, 0.340395, 0
1.75, 2025-06-18__17-38-37.031020, -0.0298922, -0.434029, 0.0325762, -2.35669, 0.00306033, 1.82717, 0.803768, 0.398265, 0.0010693, 0.379979, 0.000373416, 0.000397554, 0.00126932, 0.398351, 0.00120438, 0.380151, 0, 0, 0, 0, 0, 0.436072, 0.34139, 0.340397, 0.407563, 0.343166, 0.0549409, 0.0612073, 0.347197, 0.340397, 0
1.76, 2025-06-18__17-38-37.041020, -0.0298971, -0.434029, 0.0325813, -2.3567, 0.00305963, 1.82716, 0.803769, 0.398266, 0.0010679, 0.379976, 3.40804e-05, -0.000587155, -0.000465833, 0.398351, 0.00120438, 0.380151, 0, 0, 0, 0, 0, 0.436065, 0.341385, 0.340392, 0.407561, 0.343165, 0.0549412, 0.061207, 0.347197, 0.340392, 0
1.77, 2025-06-18__17-38-37.051020, -0.0298969, -0.434029, 0.0325838, -2.35669, 0.00306202, 1.82716, 0.803779, 0.398266, 0.00107078, 0.379977, 0.000263337, -0.000227687, 0.000767464, 0.398351, 0.00120438, 0.380151, 0, 0, 0, 0, 0, 0.43607, 0.341388, 0.340396, 0.407562, 0.343165, 0.0549412, 0.061207, 0.347197, 0.340396, 0
1.78, 2025-06-18__17-38-37.061019, -0.029897, -0.434028, 0.0325838, -2.35669, 0.00306054, 1.82717, 0.803777, 0.398266, 0.00106747, 0.379976, 0.000310597, -0.000946077, 0.000915394, 0.398351, 0.00120438, 0.380151, 0, 0, 0, 0, 0, 0.436072, 0.34139, 0.340397, 0.407563, 0.343166, 0.0549412, 0.061207, 0.347197, 0.340397, 0
1.79, 2025-06-18__17-38-37.071018, -0.0298992, -0.434026, 0.0325813, -2.35669, 0.00306058, 1.82716, 0.803773, 0.398266, 0.00107166, 0.379975, 0.000118002, 0.000253885, -0.000290683, 0.398351, 0.00120438, 0.380151, 0, 0, 0, 0, 0, 0.43607, 0.341388, 0.340395, 0.407562, 0.343165, 0.0549414, 0.0612069, 0.347197, 0.340395, 0
1.8, 2025-06-18__17-38-37.081019, -0.0298946, -0.434026, 0.0325839, -2.35669, 0.00305536, 1.82717, 0.803767, 0.398266, 0.00106991, 0.379976, -0.000121222, 0.000566972, -0.000391774, 0.398351, 0.00120438, 0.380151, 0, 0, 0, 0, 0, 0.436071, 0.34139, 0.340397, 0.407563, 0.343166, 0.0549411, 0.0612072, 0.347197, 0.340397, 0
1.81, 2025-06-18__17-38-37.091017, -0.0298971, -0.434026, 0.0325838, -2.35669, 0.00305898, 1.82716, 0.803771, 0.398266, 0.00107113, 0.379975, 0.000162722, 0.000159838, -0.000250171, 0.398351, 0.00120438, 0.380151, 0, 0, 0, 0, 0, 0.43607, 0.341388, 0.340395, 0.407562, 0.343165, 0.0549413, 0.061207, 0.347197, 0.340395, 0
1.82, 2025-06-18__17-38-37.101018, -0.0298925, -0.434032, 0.0325786, -2.35668, 0.00306202, 1.82716, 0.80377, 0.398263, 0.00106957, 0.379974, -0.000396107, -0.000314179, -0.000442632, 0.398351, 0.00120438, 0.380151, 0, 0, 0, 0, 0, 0.436075, 0.341391, 0.340399, 0.407562, 0.343165, 0.0549409, 0.0612073, 0.347197, 0.340399, 0
1.83, 2025-06-18__17-38-37.111017, -0.0298978, -0.434029, 0.0325786, -2.35669, 0.00306034, 1.82716, 0.803777, 0.398263, 0.00106932, 0.379978, -1.75611e-05, -0.000615135, 5.07623e-05, 0.398351, 0.00120438, 0.380151, 0, 0, 0, 0, 0, 0.43607, 0.341388, 0.340396, 0.407562, 0.343165, 0.0549413, 0.061207, 0.347197, 0.340396, 0
1.84, 2025-06-18__17-38-37.121017, -0.0298991, -0.434034, 0.0325807, -2.35669, 0.0030575, 1.82717, 0.803773, 0.398265, 0.00107039, 0.379979, 0.000145799, -9.86153e-05, 0.000429241, 0.398351, 0.00120438, 0.380151, 0, 0, 0, 0, 0, 0.436073, 0.34139, 0.340397, 0.407563, 0.343166, 0.0549413, 0.0612069, 0.347197, 0.340397, 0
1.85, 2025-06-18__17-38-37.131017, -0.0298989, -0.434032, 0.0325867, -2.35669, 0.00306065, 1.82716, 0.803768, 0.398266, 0.00107062, 0.379981, 0.000480463, -0.00104957, 0.000656586, 0.398351, 0.00120438, 0.380151, 0, 0, 0, 0, 0, 0.436071, 0.341388, 0.340395, 0.407562, 0.343165, 0.0549413, 0.0612069, 0.347197, 0.340395, 0
1.86, 2025-06-18__17-38-37.141017, -0.0298943, -0.434029, 0.0325814, -2.35669, 0.00306054, 1.82716, 0.80377, 0.398264, 0.00106848, 0.379976, -7.57967e-05, -0.000587094, -0.000331639, 0.398351, 0.00120438, 0.380151, 0, 0, 0, 0, 0, 0.43607, 0.341388, 0.340395, 0.407562, 0.343165, 0.054941, 0.0612072, 0.347197, 0.340395, 0
1.87, 2025-06-18__17-38-37.151018, -0.0298944, -0.434026, 0.0325847, -2.35669, 0.00305959, 1.82717, 0.803774, 0.398266, 0.00107179, 0.379976, 0.000154996, 0.000673381, -0.00246844, 0.398351, 0.00120438, 0.380151, 0, 0, 0, 0, 0, 0.436071, 0.34139, 0.340397, 0.407563, 0.343166, 0.0549411, 0.0612072, 0.347197, 0.340397, 0
1.88, 2025-06-18__17-38-37.161019, -0.0298971, -0.434029, 0.0325891, -2.35669, 0.00306056, 1.82717, 0.803767, 0.398263, 0.00106881, 0.379977, 0.000384837, -0.000461547, 0.00134068, 0.398351, 0.00120438, 0.380151, 0, 0, 0, 0, 0, 0.436072, 0.34139, 0.340397, 0.407563, 0.343166, 0.0549412, 0.061207, 0.347197, 0.340397, 0
1.89, 2025-06-18__17-38-37.171018, -0.0298961, -0.434028, 0.0325841, -2.35669, 0.0030607, 1.82717, 0.803772, 0.398266, 0.00107211, 0.379976, -8.56158e-06, 0.00176555, 0.000400187, 0.398351, 0.00120438, 0.380151, 0, 0, 0, 0, 0, 0.436072, 0.34139, 0.340397, 0.407563, 0.343166, 0.0549412, 0.0612071, 0.347197, 0.340397, 0
1.9, 2025-06-18__17-38-37.181016, -0.0298946, -0.434031, 0.032587, -2.35669, 0.0030614, 1.82716, 0.803774, 0.398264, 0.00107281, 0.379973, -0.000123389, 0.00026697, -0.00065704, 0.398351, 0.00120438, 0.380151, 0, 0, 0, 0, 0, 0.43607, 0.341388, 0.340395, 0.407562, 0.343165, 0.054941, 0.0612072, 0.347197, 0.340395, 0
1.91, 2025-06-18__17-38-37.191017, -0.029897, -0.434028, 0.0325871, -2.3567, 0.00306202, 1.82716, 0.803773, 0.398264, 0.00107101, 0.379976, 0.000288629, -0.000538586, 0.000438917, 0.398351, 0.00120438, 0.380151, 0, 0, 0, 0, 0, 0.436065, 0.341385, 0.340392, 0.407561, 0.343165, 0.0549412, 0.061207, 0.347197, 0.340392, 0
1.92, 2025-06-18__17-38-37.201019, -0.0298946, -0.434028, 0.032581, -2.35669, 0.00305817, 1.82716, 0.803773, 0.398263, 0.00107122, 0.379978, -0.000288848, 0.000530078, 0.000136911, 0.398351, 0.00120438, 0.380151, 0, 0, 0, 0, 0, 0.43607, 0.341388, 0.340395, 0.407562, 0.343165, 0.0549411, 0.0612072, 0.347197, 0.340395, 0
1.93, 2025-06-18__17-38-37.211016, -0.0298971, -0.434026, 0.0325845, -2.35669, 0.00306034, 1.82716, 0.803775, 0.398263, 0.00107158, 0.379972, -0.000547434, 0.000373087, -0.00124584, 0.398351, 0.00120438, 0.380151, 0, 0, 0, 0, 0, 0.43607, 0.341388, 0.340395, 0.407562, 0.343165, 0.0549413, 0.061207, 0.347197, 0.340395, 0
1.94, 2025-06-18__17-38-37.221019, -0.0298992, -0.434025, 0.0325845, -2.35669, 0.0030607, 1.82716, 0.803776, 0.398266, 0.00106854, 0.379976, -0.000239816, -0.00154982, -0.000536498, 0.398351, 0.00120438, 0.380151, 0, 0, 0, 0, 0, 0.436069, 0.341388, 0.340395, 0.407562, 0.343165, 0.0549414, 0.0612069, 0.347197, 0.340395, 0
1.95, 2025-06-18__17-38-37.231017, -0.0298971, -0.434032, 0.0325848, -2.35669, 0.00305938, 1.82716, 0.803775, 0.398263, 0.00107004, 0.379978, 0.000217428, 3.5424e-05, 0.000656145, 0.398351, 0.00120438, 0.380151, 0, 0, 0, 0, 0, 0.436071, 0.341388, 0.340395, 0.407562, 0.343165, 0.0549412, 0.061207, 0.347197, 0.340395, 0
1.96, 2025-06-18__17-38-37.241019, -0.0298973, -0.434025, 0.0325818, -2.35669, 0.00305926, 1.82717, 0.803776, 0.398263, 0.00107033, 0.379973, -0.000462675, -0.00186297, -0.00035481, 0.398351, 0.00120438, 0.380151, 0, 0, 0, 0, 0, 0.436071, 0.34139, 0.340397, 0.407563, 0.343166, 0.0549413, 0.061207, 0.347197, 0.340397, 0
1.97, 2025-06-18__17-38-37.251019, -0.0298971, -0.434031, 0.0325853, -2.35669, 0.00306141, 1.82716, 0.803772, 0.398263, 0.00107165, 0.379976, -0.000217061, -0.000108641, -0.000299003, 0.398351, 0.00120438, 0.380151, 0, 0, 0, 0, 0, 0.43607, 0.341388, 0.340395, 0.407562, 0.343165, 0.0549412, 0.061207, 0.347197, 0.340395, 0
1.98, 2025-06-18__17-38-37.261017, -0.0298971, -0.434028, 0.0325874, -2.35669, 0.00306105, 1.82716, 0.803772, 0.398266, 0.00107096, 0.379977, 0.000163327, 0.000279101, 0.000817719, 0.398351, 0.00120438, 0.380151, 0, 0, 0, 0, 0, 0.43607, 0.341388, 0.340395, 0.407562, 0.343165, 0.0549412, 0.061207, 0.347197, 0.340395, 0
1.99, 2025-06-18__17-38-37.271011, -0.0298944, -0.434029, 0.0325874, -2.35668, 0.0030607, 1.82716, 0.803769, 0.398263, 0.0010715, 0.379977, 0.000214243, -0.000143536, 0.000293447, 0.398351, 0.00120438, 0.380151, 0, 0, 0, 0, 0, 0.436075, 0.341391, 0.340398, 0.407562, 0.343165, 0.054941, 0.0612072, 0.347197, 0.340398, 0
2, 2025-06-18__17-38-37.281020, -0.0298946, -0.434023, 0.0325902, -2.35669, 0.00306035, 1.82716, 0.803772, 0.398264, 0.00107232, 0.379975, -0.000257997, -0.000181806, -0.000661545, 0.398351, 0.00120438, 0.380151, 0, 0, 0, 0, 0, 0.436069, 0.341388, 0.340395, 0.407562, 0.343165, 0.0549411, 0.0612071, 0.347197, 0.340395, 0
2.01, 2025-06-18__17-38-37.291020, -0.0298942, -0.434023, 0.0325856, -2.35669, 0.00306058, 1.82716, 0.803775, 0.398266, 0.00107387, 0.379977, -7.93731e-05, -0.000101623, 0.000488466, 0.398351, 0.00120438, 0.380151, 0, 0, 0, 0, 0, 0.436069, 0.341388, 0.340395, 0.407562, 0.343165, 0.0549411, 0.0612072, 0.347197, 0.340395, 0
2.02, 2025-06-18__17-38-37.301021, -0.0298911, -0.434026, 0.0325895, -2.35669, 0.00306058, 1.82717, 0.803769, 0.398263, 0.00107303, 0.379976, -2.11611e-05, 9.73194e-05, 0.000538564, 0.398351, 0.00120438, 0.380151, 0, 0, 0, 0, 0, 0.436071, 0.34139, 0.340397, 0.407563, 0.343166, 0.0549409, 0.0612073, 0.347197, 0.340397, 0
2.03, 2025-06-18__17-38-37.311020, -0.0298958, -0.434025, 0.0325877, -2.35669, 0.0030607, 1.82716, 0.803774, 0.398266, 0.00107307, 0.379976, -0.000109746, -0.00023776, -0.000186776, 0.398351, 0.00120438, 0.380151, 0, 0, 0, 0, 0, 0.436069, 0.341388, 0.340395, 0.407562, 0.343165, 0.0549412, 0.0612071, 0.347197, 0.340395, 0
2.04, 2025-06-18__17-38-37.321019, -0.0298946, -0.434028, 0.0325875, -2.35669, 0.00305632, 1.82717, 0.803769, 0.398266, 0.00107218, 0.379977, 0.000191799, 0.000642423, 0.000156899, 0.398351, 0.00120438, 0.380151, 0, 0, 0, 0, 0, 0.436072, 0.34139, 0.340397, 0.407563, 0.343166, 0.0549411, 0.0612072, 0.347197, 0.340397, 0
2.05, 2025-06-18__17-38-37.331024, -0.0298938, -0.434023, 0.0325875, -2.35669, 0.00305512, 1.82716, 0.803769, 0.398263, 0.0010723, 0.379978, -7.88541e-05, -0.000567226, 0.000716319, 0.398351, 0.00120438, 0.380151, 0, 0, 0, 0, 0, 0.436069, 0.341388, 0.340395, 0.407562, 0.343165, 0.0549411, 0.0612072, 0.347197, 0.340395, 0
2.06, 2025-06-18__17-38-37.341024, -0.029897, -0.434029, 0.0325826, -2.35669, 0.00306106, 1.82716, 0.803768, 0.398263, 0.00107169, 0.379978, -4.83303e-05, 1.89158e-05, 0.000264087, 0.398351, 0.00120438, 0.380151, 0, 0, 0, 0, 0, 0.43607, 0.341388, 0.340395, 0.407562, 0.343165, 0.0549412, 0.061207, 0.347197, 0.340395, 0
2.07, 2025-06-18__17-38-37.351020, -0.0298918, -0.434028, 0.0325877, -2.35669, 0.0030575, 1.82716, 0.803771, 0.398263, 0.00107283, 0.379978, 0.000124039, 4.97941e-05, 0.000552439, 0.398351, 0.00120438, 0.380151, 0, 0, 0, 0, 0, 0.43607, 0.341388, 0.340395, 0.407562, 0.343165, 0.0549409, 0.0612073, 0.347197, 0.340395, 0
2.08, 2025-06-18__17-38-37.361019, -0.0298963, -0.434026, 0.0325856, -2.35669, 0.00305821, 1.82716, 0.803772, 0.398266, 0.00107485, 0.379975, -8.17432e-05, 0.000756631, -0.000534684, 0.398351, 0.00120438, 0.380151, 0, 0, 0, 0, 0, 0.43607, 0.341388, 0.340395, 0.407562, 0.343165, 0.0549412, 0.0612071, 0.347197, 0.340395, 0
2.09, 2025-06-18__17-38-37.371019, -0.0298969, -0.434029, 0.032585, -2.3567, 0.00305993, 1.82716, 0.803777, 0.398263, 0.00107305, 0.379977, -7.52792e-05, 0.000137789, 0.00036182, 0.398351, 0.00120438, 0.380151, 0, 0, 0, 0, 0, 0.436065, 0.341385, 0.340392, 0.407561, 0.343165, 0.0549412, 0.061207, 0.347197, 0.340392, 0
2.1, 2025-06-18__17-38-37.381018, -0.0298964, -0.434025, 0.0325902, -2.35669, 0.0030607, 1.82717, 0.803774, 0.398264, 0.00107275, 0.379974, -0.000256463, 0.000126499, -0.000504514, 0.398351, 0.00120438, 0.380151, 0, 0, 0, 0, 0, 0.436071, 0.34139, 0.340397, 0.407563, 0.343166, 0.0549412, 0.0612071, 0.347197, 0.340397, 0
2.11, 2025-06-18__17-38-37.391018, -0.0298968, -0.43402, 0.0325877, -2.35669, 0.00306008, 1.82716, 0.803776, 0.398261, 0.00107446, 0.379969, -0.000445519, 0.000710832, -0.00129301, 0.398351, 0.00120438, 0.380151, 0, 0, 0, 0, 0, 0.436068, 0.341388, 0.340395, 0.407562, 0.343165, 0.0549413, 0.061207, 0.347197, 0.340395, 0
2.12, 2025-06-18__17-38-37.401018, -0.0298937, -0.434026, 0.0325877, -2.35669, 0.00306141, 1.82716, 0.803777, 0.398266, 0.00107214, 0.379975, -0.000115423, -0.000721533, -0.000220029, 0.398351, 0.00120438, 0.380151, 0, 0, 0, 0, 0, 0.43607, 0.341388, 0.340395, 0.407562, 0.343165, 0.054941, 0.0612072, 0.347197, 0.340395, 0
2.13, 2025-06-18__17-38-37.411020, -0.0298925, -0.434023, 0.032585, -2.35669, 0.00305614, 1.82716, 0.803774, 0.398261, 0.0010709, 0.379971, -0.000587792, -0.000455722, -0.000759675, 0.398351, 0.00120438, 0.380151, 0, 0, 0, 0, 0, 0.436069, 0.341388, 0.340395, 0.407562, 0.343165, 0.054941, 0.0612073, 0.347197, 0.340395, 0
2.14, 2025-06-18__17-38-37.421020, -0.0298992, -0.434026, 0.0325877, -2.35669, 0.0030575, 1.82716, 0.803773, 0.398264, 0.00107293, 0.379974, 0.000355405, -0.000143473, 2.81171e-05, 0.398351, 0.00120438, 0.380151, 0, 0, 0, 0, 0, 0.43607, 0.341388, 0.340395, 0.407562, 0.343165, 0.0549414, 0.0612069, 0.347197, 0.340395, 0
2.15, 2025-06-18__17-38-37.431022, -0.0298949, -0.434026, 0.0325903, -2.35669, 0.0030607, 1.82716, 0.803773, 0.398266, 0.00107211, 0.379976, 5.16209e-05, -4.03578e-05, -0.000254176, 0.398351, 0.00120438, 0.380151, 0, 0, 0, 0, 0, 0.43607, 0.341388, 0.340395, 0.407562, 0.343165, 0.0549411, 0.0612071, 0.347197, 0.340395, 0
2.16, 2025-06-18__17-38-37.441023, -0.0298949, -0.434024, 0.032588, -2.35669, 0.00306137, 1.82717, 0.803771, 0.398266, 0.0010714, 0.379977, 0.000138715, -0.000299795, 0.000158906, 0.398351, 0.00120438, 0.380151, 0, 0, 0, 0, 0, 0.436071, 0.34139, 0.340397, 0.407563, 0.343166, 0.0549411, 0.0612071, 0.347197, 0.340397, 0
2.17, 2025-06-18__17-38-37.451018, -0.029897, -0.434023, 0.032585, -2.35669, 0.00306129, 1.82716, 0.803778, 0.398263, 0.00107328, 0.379976, 2.27019e-05, 0.000584856, 0.000219468, 0.398351, 0.00120438, 0.380151, 0, 0, 0, 0, 0, 0.436069, 0.341388, 0.340396, 0.407562, 0.343165, 0.0549413, 0.061207, 0.347197, 0.340396, 0
2.18, 2025-06-18__17-38-37.461019, -0.0298946, -0.434023, 0.0325852, -2.35669, 0.00305963, 1.82716, 0.803776, 0.398263, 0.00107183, 0.379978, -4.79794e-05, 0.000183596, 0.000520428, 0.398351, 0.00120438, 0.380151, 0, 0, 0, 0, 0, 0.436069, 0.341388, 0.340395, 0.407562, 0.343165, 0.0549411, 0.0612071, 0.347197, 0.340395, 0
2.19, 2025-06-18__17-38-37.471021, -0.0298946, -0.434031, 0.0325885, -2.3567, 0.00305938, 1.82716, 0.803773, 0.398263, 0.00107065, 0.379977, -2.65882e-05, -0.000501988, 0.00018854, 0.398351, 0.00120438, 0.380151, 0, 0, 0, 0, 0, 0.436066, 0.341385, 0.340392, 0.407561, 0.343165, 0.054941, 0.0612072, 0.347197, 0.340392, 0
2.2, 2025-06-18__17-38-37.481020, -0.0298971, -0.434028, 0.0325853, -2.35669, 0.00305737, 1.82716, 0.803771, 0.398264, 0.0010733, 0.379976, 0.000148072, 4.12665e-05, -6.58644e-05, 0.398351, 0.00120438, 0.380151, 0, 0, 0, 0, 0, 0.43607, 0.341388, 0.340395, 0.407562, 0.343165, 0.0549412, 0.061207, 0.347197, 0.340395, 0
2.21, 2025-06-18__17-38-37.491017, -0.0298916, -0.434024, 0.032593, -2.35669, 0.00306009, 1.82717, 0.803773, 0.398266, 0.00107144, 0.379976, 0.000469096, -0.000398491, 1.79566e-05, 0.398351, 0.00120438, 0.380151, 0, 0, 0, 0, 0, 0.436071, 0.34139, 0.340397, 0.407563, 0.343166, 0.0549409, 0.0612073, 0.347197, 0.340397, 0
2.22, 2025-06-18__17-38-37.501019, -0.0298946, -0.434023, 0.0325871, -2.35669, 0.0030581, 1.82717, 0.80377, 0.398264, 0.00107295, 0.379976, -3.44691e-05, 7.72158e-05, 0.000101694, 0.398351, 0.00120438, 0.380151, 0, 0, 0, 0, 0, 0.436071, 0.34139, 0.340397, 0.407563, 0.343166, 0.0549411, 0.0612071, 0.347197, 0.340397, 0
2.23, 2025-06-18__17-38-37.511019, -0.0298946, -0.434026, 0.0325885, -2.35669, 0.00305928, 1.82717, 0.803774, 0.398266, 0.00107229, 0.379976, -0.00022088, 0.000413443, -0.000119063, 0.398351, 0.00120438, 0.380151, 0, 0, 0, 0, 0, 0.436071, 0.34139, 0.340397, 0.407563, 0.343166, 0.0549411, 0.0612072, 0.347197, 0.340397, 0
2.24, 2025-06-18__17-38-37.521020, -0.0298946, -0.434023, 0.0325877, -2.35669, 0.00306141, 1.82716, 0.803779, 0.398264, 0.00107198, 0.379976, -0.000120778, -0.000692693, 5.17648e-05, 0.398351, 0.00120438, 0.380151, 0, 0, 0, 0, 0, 0.436069, 0.341388, 0.340395, 0.407562, 0.343165, 0.0549411, 0.0612071, 0.347197, 0.340395, 0
2.25, 2025-06-18__17-38-37.531019, -0.029897, -0.43402, 0.0325932, -2.35669, 0.00306005, 1.82716, 0.803769, 0.398264, 0.00107406, 0.379976, -0.000148604, 0.000508875, 4.273e-06, 0.398351, 0.00120438, 0.380151, 0, 0, 0, 0, 0, 0.436068, 0.341388, 0.340395, 0.407562, 0.343165, 0.0549413, 0.061207, 0.347197, 0.340395, 0
2.26, 2025-06-18__17-38-37.541019, -0.0298923, -0.434023, 0.032588, -2.35669, 0.00305963, 1.82717, 0.803771, 0.398266, 0.00107306, 0.379975, -0.000342744, 0.00226994, 0.000590106, 0.398351, 0.00120438, 0.380151, 0, 0, 0, 0, 0, 0.436071, 0.34139, 0.340397, 0.407563, 0.343166, 0.054941, 0.0612073, 0.347197, 0.340397, 0
2.27, 2025-06-18__17-38-37.551017, -0.0298972, -0.434026, 0.0325905, -2.35669, 0.00306066, 1.82716, 0.803777, 0.398263, 0.00107509, 0.379976, -0.000252036, 0.00087107, 0.000334857, 0.398351, 0.00120438, 0.380151, 0, 0, 0, 0, 0, 0.43607, 0.341388, 0.340395, 0.407562, 0.343165, 0.0549413, 0.061207, 0.347197, 0.340395, 0
2.28, 2025-06-18__17-38-37.561019, -0.0298971, -0.434027, 0.0325873, -2.35669, 0.00306141, 1.82716, 0.803773, 0.398263, 0.00107204, 0.379976, 4.16244e-05, 0.00147716, -3.11919e-05, 0.398351, 0.00120438, 0.380151, 0, 0, 0, 0, 0, 0.43607, 0.341388, 0.340395, 0.407562, 0.343165, 0.0549412, 0.061207, 0.347197, 0.340395, 0
2.29, 2025-06-18__17-38-37.571019, -0.0298975, -0.434028, 0.0325871, -2.35669, 0.00306009, 1.82716, 0.803772, 0.398263, 0.00107218, 0.379976, -8.63622e-05, 0.000179869, -3.4557e-05, 0.398351, 0.00120438, 0.380151, 0, 0, 0, 0, 0, 0.43607, 0.341388, 0.340395, 0.407562, 0.343165, 0.0549413, 0.061207, 0.347197, 0.340395, 0
2.3, 2025-06-18__17-38-37.581020, -0.0298971, -0.434025, 0.0325905, -2.35669, 0.00306057, 1.82716, 0.803773, 0.398264, 0.00107342, 0.379976, 0.000128838, -0.00133762, -0.00117521, 0.398351, 0.00120438, 0.380151, 0, 0, 0, 0, 0, 0.436069, 0.341388, 0.340395, 0.407562, 0.343165, 0.0549413, 0.061207, 0.347197, 0.340395, 0
2.31, 2025-06-18__17-38-37.591020, -0.0298962, -0.434026, 0.0325912, -2.35669, 0.00306009, 1.82716, 0.803773, 0.398266, 0.00107532, 0.379976, 0.000247576, 0.000382309, 9.94045e-05, 0.398351, 0.00120438, 0.380151, 0, 0, 0, 0, 0, 0.43607, 0.341388, 0.340395, 0.407562, 0.343165, 0.0549412, 0.0612071, 0.347197, 0.340395, 0
2.32, 2025-06-18__17-38-37.601020, -0.0298953, -0.434026, 0.0325879, -2.35669, 0.00306066, 1.82716, 0.803778, 0.398266, 0.00107204, 0.379975, 0.000259433, -0.00296209, -8.95814e-05, 0.398351, 0.00120438, 0.380151, 0, 0, 0, 0, 0, 0.436069, 0.341388, 0.340395, 0.407562, 0.343165, 0.0549411, 0.0612071, 0.347197, 0.340395, 0
2.33, 2025-06-18__17-38-37.611020, -0.0298988, -0.434023, 0.0325909, -2.35669, 0.00306095, 1.82716, 0.803775, 0.398263, 0.0010728, 0.379972, -0.000434999, -0.00033045, -0.000490635, 0.398351, 0.00120438, 0.380151, 0, 0, 0, 0, 0, 0.436069, 0.341388, 0.340395, 0.407562, 0.343165, 0.0549414, 0.0612069, 0.347197, 0.340395, 0
2.34, 2025-06-18__17-38-37.621020, -0.0298971, -0.43402, 0.0325934, -2.35669, 0.00306009, 1.82716, 0.803768, 0.398263, 0.00107221, 0.379976, -5.41871e-05, -0.0005011, 0.000698453, 0.398351, 0.00120438, 0.380151, 0, 0, 0, 0, 0, 0.436068, 0.341388, 0.340394, 0.407562, 0.343165, 0.0549413, 0.061207, 0.347197, 0.340394, 0
2.35, 2025-06-18__17-38-37.631022, -0.0298917, -0.434023, 0.0325941, -2.35669, 0.00305689, 1.82716, 0.803772, 0.398264, 0.001073, 0.379973, -0.00034417, -0.000656104, -0.00125448, 0.398351, 0.00120438, 0.380151, 0, 0, 0, 0, 0, 0.436069, 0.341388, 0.340395, 0.407562, 0.343165, 0.054941, 0.0612073, 0.347197, 0.340395, 0
2.36, 2025-06-18__17-38-37.641019, -0.0298908, -0.434026, 0.0325934, -2.35669, 0.00306057, 1.82716, 0.803779, 0.398266, 0.00107554, 0.379977, 0.000228063, -0.000292782, 0.00102788, 0.398351, 0.00120438, 0.380151, 0, 0, 0, 0, 0, 0.43607, 0.341388, 0.340395, 0.407562, 0.343165, 0.0549409, 0.0612074, 0.347197, 0.340395, 0
2.37, 2025-06-18__17-38-37.651018, -0.0298971, -0.434028, 0.0325933, -2.3567, 0.00306021, 1.82716, 0.803774, 0.398263, 0.00107431, 0.379976, -0.000190149, 0.000222354, 0.000164522, 0.398351, 0.00120438, 0.380151, 0, 0, 0, 0, 0, 0.436065, 0.341385, 0.340392, 0.407561, 0.343165, 0.0549412, 0.061207, 0.347197, 0.340392, 0
2.38, 2025-06-18__17-38-37.661023, -0.0298947, -0.434028, 0.0325878, -2.35669, 0.0030614, 1.82716, 0.803776, 0.398263, 0.00107412, 0.379976, 0.000203186, -7.45024e-05, 0.000821772, 0.398351, 0.00120438, 0.380151, 0, 0, 0, 0, 0, 0.43607, 0.341388, 0.340395, 0.407562, 0.343165, 0.0549411, 0.0612071, 0.347197, 0.340395, 0
2.39, 2025-06-18__17-38-37.671023, -0.029897, -0.434026, 0.0325932, -2.35669, 0.00305925, 1.82716, 0.803773, 0.398261, 0.00107125, 0.379973, -0.000516724, -0.000881064, -0.000568854, 0.398351, 0.00120438, 0.380151, 0, 0, 0, 0, 0, 0.43607, 0.341388, 0.340395, 0.407562, 0.343165, 0.0549412, 0.061207, 0.347197, 0.340395, 0
2.4, 2025-06-18__17-38-37.681015, -0.0298971, -0.434028, 0.032591, -2.35669, 0.00305689, 1.82716, 0.803772, 0.398266, 0.00107349, 0.379976, 0.000225648, -2.34228e-05, 0.000203062, 0.398351, 0.00120438, 0.380151, 0, 0, 0, 0, 0, 0.43607, 0.341388, 0.340395, 0.407562, 0.343165, 0.0549412, 0.061207, 0.347197, 0.340395, 0
2.41, 2025-06-18__17-38-37.691021, -0.0298971, -0.434026, 0.0325909, -2.35669, 0.00305952, 1.82716, 0.803777, 0.398264, 0.00107242, 0.379974, -0.000303235, -0.000119117, 0.000953135, 0.398351, 0.00120438, 0.380151, 0, 0, 0, 0, 0, 0.43607, 0.341388, 0.340395, 0.407562, 0.343165, 0.0549413, 0.061207, 0.347197, 0.340395, 0
2.42, 2025-06-18__17-38-37.701022, -0.0298971, -0.434023, 0.0325933, -2.35669, 0.00305938, 1.82716, 0.803776, 0.398264, 0.00107367, 0.379974, -9.25319e-05, -0.000400643, -0.000381004, 0.398351, 0.00120438, 0.380151, 0, 0, 0, 0, 0, 0.436069, 0.341388, 0.340395, 0.407562, 0.343165, 0.0549413, 0.061207, 0.347197, 0.340395, 0
2.43, 2025-06-18__17-38-37.711018, -0.0298999, -0.434022, 0.0325888, -2.35669, 0.0030607, 1.82716, 0.803775, 0.398264, 0.00107446, 0.379973, 0.000534022, -0.000604326, 0.000315429, 0.398351, 0.00120438, 0.380151, 0, 0, 0, 0, 0, 0.436069, 0.341388, 0.340395, 0.407562, 0.343165, 0.0549415, 0.0612069, 0.347197, 0.340395, 0
2.44, 2025-06-18__17-38-37.721016, -0.0298915, -0.434023, 0.0325941, -2.35669, 0.0030607, 1.82716, 0.803773, 0.398264, 0.00107575, 0.379976, -0.000241749, -0.000133469, -0.000619988, 0.398351, 0.00120438, 0.380151, 0, 0, 0, 0, 0, 0.436069, 0.341388, 0.340395, 0.407562, 0.343165, 0.054941, 0.0612073, 0.347197, 0.340395, 0
2.45, 2025-06-18__17-38-37.731018, -0.0298963, -0.434025, 0.0325963, -2.35669, 0.00306009, 1.82716, 0.803769, 0.398264, 0.00107739, 0.379973, -0.000308526, 0.000537794, -0.000588222, 0.398351, 0.00120438, 0.380151, 0, 0, 0, 0, 0, 0.436069, 0.341388, 0.340394, 0.407562, 0.343165, 0.0549412, 0.0612071, 0.347197, 0.340394, 0
2.46, 2025-06-18__17-38-37.741017, -0.0298949, -0.434028, 0.0325941, -2.35668, 0.00306141, 1.82717, 0.803775, 0.398264, 0.00107553, 0.379975, -5.35097e-05, -0.000197941, -9.36304e-05, 0.398351, 0.00120438, 0.380151, 0, 0, 0, 0, 0, 0.436076, 0.341393, 0.3404, 0.407563, 0.343166, 0.0549411, 0.0612071, 0.347197, 0.3404, 0
2.47, 2025-06-18__17-38-37.751021, -0.0298939, -0.434025, 0.0325967, -2.3567, 0.00305972, 1.82717, 0.803772, 0.398264, 0.00107687, 0.379974, 8.20685e-05, 0.000506477, 0.000485115, 0.398351, 0.00120438, 0.380151, 0, 0, 0, 0, 0, 0.436066, 0.341387, 0.340393, 0.407562, 0.343166, 0.0549411, 0.0612072, 0.347197, 0.340393, 0
2.48, 2025-06-18__17-38-37.761012, -0.0299022, -0.434023, 0.0325942, -2.35669, 0.00305993, 1.82716, 0.803771, 0.398264, 0.00107366, 0.379976, -0.000168889, -0.00069681, -0.000542348, 0.398351, 0.00120438, 0.380151, 0, 0, 0, 0, 0, 0.436069, 0.341388, 0.340395, 0.407562, 0.343165, 0.0549416, 0.0612067, 0.347197, 0.340395, 0
2.49, 2025-06-18__17-38-37.771015, -0.0298962, -0.434026, 0.0325967, -2.35669, 0.00305962, 1.82716, 0.803772, 0.398263, 0.00107505, 0.379976, 9.53949e-05, -0.000416803, 0.000543308, 0.398351, 0.00120438, 0.380151, 0, 0, 0, 0, 0, 0.43607, 0.341388, 0.340394, 0.407562, 0.343165, 0.0549412, 0.0612071, 0.347197, 0.340394, 0
2.5, 2025-06-18__17-38-37.781019, -0.0298917, -0.434031, 0.0325994, -2.35669, 0.00306035, 1.82716, 0.803768, 0.398264, 0.00107603, 0.379975, -0.000238555, 0.000421883, -0.000469211, 0.398351, 0.00120438, 0.380151, 0, 0, 0, 0, 0, 0.436071, 0.341388, 0.340394, 0.407562, 0.343165, 0.0549409, 0.0612073, 0.347197, 0.340394, 0
2.51, 2025-06-18__17-38-37.791022, -0.0298968, -0.434026, 0.0325944, -2.35669, 0.00305822, 1.82716, 0.803775, 0.398266, 0.00107386, 0.379975, -0.000201093, -0.000858999, -0.00112407, 0.398351, 0.00120438, 0.380151, 0, 0, 0, 0, 0, 0.43607, 0.341388, 0.340395, 0.407562, 0.343165, 0.0549412, 0.061207, 0.347197, 0.340395, 0
2.52, 2025-06-18__17-38-37.801019, -0.0298995, -0.434029, 0.0325935, -2.35669, 0.00306033, 1.82716, 0.803772, 0.398263, 0.00107289, 0.379976, 0.000534403, -0.000391083, -0.0006824, 0.398351, 0.00120438, 0.380151, 0, 0, 0, 0, 0, 0.43607, 0.341388, 0.340395, 0.407562, 0.343165, 0.0549414, 0.0612069, 0.347197, 0.340395, 0
2.53, 2025-06-18__17-38-37.811019, -0.0298999, -0.434026, 0.0325942, -2.35668, 0.00306141, 1.82717, 0.803777, 0.398263, 0.00107342, 0.379977, 0.000138967, 5.96661e-05, 0.000615604, 0.398351, 0.00120438, 0.380151, 0, 0, 0, 0, 0, 0.436076, 0.341393, 0.3404, 0.407563, 0.343166, 0.0549414, 0.0612069, 0.347197, 0.3404, 0
2.54, 2025-06-18__17-38-37.821011, -0.0298945, -0.43402, 0.032597, -2.35669, 0.00305746, 1.82716, 0.803775, 0.398261, 0.00107852, 0.37997, -0.000311232, 0.000816634, -0.000904523, 0.398351, 0.00120438, 0.380151, 0, 0, 0, 0, 0, 0.436068, 0.341388, 0.340395, 0.407562, 0.343165, 0.0549412, 0.0612072, 0.347197, 0.340395, 0
2.55, 2025-06-18__17-38-37.831023, -0.029897, -0.434026, 0.0325944, -2.35669, 0.00306141, 1.82716, 0.803772, 0.398264, 0.00107501, 0.379974, 5.8309e-05, -0.000287046, -0.000238008, 0.398351, 0.00120438, 0.380151, 0, 0, 0, 0, 0, 0.43607, 0.341388, 0.340395, 0.407562, 0.343165, 0.0549412, 0.061207, 0.347197, 0.340395, 0
2.56, 2025-06-18__17-38-37.841019, -0.0298918, -0.434025, 0.032599, -2.35669, 0.00306141, 1.82717, 0.803774, 0.398266, 0.00107658, 0.379976, -0.000203452, -0.00011128, -5.09786e-05, 0.398351, 0.00120438, 0.380151, 0, 0, 0, 0, 0, 0.436071, 0.34139, 0.340396, 0.407563, 0.343166, 0.0549409, 0.0612073, 0.347197, 0.340396, 0
2.57, 2025-06-18__17-38-37.851016, -0.0298964, -0.434025, 0.0325998, -2.35669, 0.0030607, 1.82716, 0.803776, 0.398264, 0.00107764, 0.379974, -0.000103126, -0.000144594, -0.000211389, 0.398351, 0.00120438, 0.380151, 0, 0, 0, 0, 0, 0.436069, 0.341388, 0.340395, 0.407562, 0.343165, 0.0549412, 0.0612071, 0.347197, 0.340395, 0
2.58, 2025-06-18__17-38-37.861014, -0.0298968, -0.434028, 0.0325945, -2.35669, 0.0030607, 1.82716, 0.80377, 0.398264, 0.00107794, 0.379975, -0.000132422, -3.20082e-05, -0.000255333, 0.398351, 0.00120438, 0.380151, 0, 0, 0, 0, 0, 0.43607, 0.341388, 0.340395, 0.407562, 0.343165, 0.0549412, 0.061207, 0.347197, 0.340395, 0
2.59, 2025-06-18__17-38-37.871022, -0.0298968, -0.434025, 0.0325973, -2.35668, 0.0030607, 1.82716, 0.803771, 0.398266, 0.0010759, 0.37998, 0.000519863, -0.00137061, 0.000615415, 0.398351, 0.00120438, 0.380151, 0, 0, 0, 0, 0, 0.436074, 0.341391, 0.340398, 0.407562, 0.343165, 0.0549413, 0.061207, 0.347197, 0.340398, 0
2.6, 2025-06-18__17-38-37.881018, -0.0298946, -0.434023, 0.0325945, -2.35669, 0.00305822, 1.82716, 0.803777, 0.398264, 0.00107666, 0.379974, -0.000113711, -7.45613e-05, -0.000934576, 0.398351, 0.00120438, 0.380151, 0, 0, 0, 0, 0, 0.436069, 0.341388, 0.340395, 0.407562, 0.343165, 0.0549411, 0.0612071, 0.347197, 0.340395, 0
2.61, 2025-06-18__17-38-37.891020, -0.0298946, -0.434023, 0.0325973, -2.35669, 0.00305938, 1.82716, 0.803775, 0.398263, 0.00107576, 0.379976, 0.000112323, 0.000148198, 0.000482246, 0.398351, 0.00120438, 0.380151, 0, 0, 0, 0, 0, 0.436069, 0.341388, 0.340395, 0.407562, 0.343165, 0.0549411, 0.0612071, 0.347197, 0.340395, 0
2.62, 2025-06-18__17-38-37.901017, -0.0298943, -0.434025, 0.0325966, -2.35669, 0.0030607, 1.82716, 0.803771, 0.398264, 0.00107545, 0.379974, -0.000115821, 6.27041e-05, -0.000247176, 0.398351, 0.00120438, 0.380151, 0, 0, 0, 0, 0, 0.436069, 0.341388, 0.340394, 0.407562, 0.343165, 0.0549411, 0.0612072, 0.347197, 0.340394, 0
2.63, 2025-06-18__17-38-37.911020, -0.0298944, -0.434028, 0.0325973, -2.35669, 0.00306009, 1.82716, 0.803774, 0.398266, 0.001077, 0.379976, 9.01915e-05, 0.000220701, -5.26548e-05, 0.398351, 0.00120438, 0.380151, 0, 0, 0, 0, 0, 0.43607, 0.341388, 0.340395, 0.407562, 0.343165, 0.0549411, 0.0612072, 0.347197, 0.340395, 0
2.64, 2025-06-18__17-38-37.921017, -0.0298925, -0.434023, 0.0325945, -2.35669, 0.0030607, 1.82717, 0.80377, 0.398263, 0.00107844, 0.379972, -0.000410231, 0.000246486, -0.000470382, 0.398351, 0.00120438, 0.380151, 0, 0, 0, 0, 0, 0.436071, 0.34139, 0.340396, 0.407563, 0.343166, 0.054941, 0.0612073, 0.347197, 0.340396, 0
2.65, 2025-06-18__17-38-37.931030, -0.029895, -0.434023, 0.0325973, -2.35669, 0.00306202, 1.82716, 0.803775, 0.398264, 0.00107759, 0.379974, -0.000115961, 0.000140831, -0.000430124, 0.398351, 0.00120438, 0.380151, 0, 0, 0, 0, 0, 0.436069, 0.341388, 0.340395, 0.407562, 0.343165, 0.0549412, 0.0612071, 0.347197, 0.340395, 0
2.66, 2025-06-18__17-38-37.941020, -0.0298964, -0.434023, 0.0325973, -2.3567, 0.00306035, 1.82717, 0.803774, 0.398264, 0.00107529, 0.379974, 0.000363051, -0.000570659, 0.000457932, 0.398351, 0.00120438, 0.380151, 0, 0, 0, 0, 0, 0.436066, 0.341387, 0.340393, 0.407562, 0.343166, 0.0549413, 0.0612071, 0.347197, 0.340393, 0
2.67, 2025-06-18__17-38-37.951019, -0.0298975, -0.434026, 0.0326001, -2.35669, 0.00305902, 1.82716, 0.803773, 0.398264, 0.00107755, 0.379974, 7.53624e-06, 0.000282775, -0.000242464, 0.398351, 0.00120438, 0.380151, 0, 0, 0, 0, 0, 0.43607, 0.341388, 0.340394, 0.407562, 0.343165, 0.0549413, 0.061207, 0.347197, 0.340394, 0
2.68, 2025-06-18__17-38-37.961019, -0.0298939, -0.434025, 0.0325973, -2.35669, 0.00306009, 1.82717, 0.803777, 0.398264, 0.00107543, 0.379974, 0.000482352, -0.000550285, 0.000832326, 0.398351, 0.00120438, 0.380151, 0, 0, 0, 0, 0, 0.436071, 0.34139, 0.340397, 0.407563, 0.343166, 0.0549411, 0.0612072, 0.347197, 0.340397, 0
2.69, 2025-06-18__17-38-37.971021, -0.0298939, -0.434023, 0.0325973, -2.35669, 0.0030607, 1.82716, 0.803773, 0.398266, 0.00107756, 0.379977, -5.56134e-07, 0.000126243, 0.000372202, 0.398351, 0.00120438, 0.380151, 0, 0, 0, 0, 0, 0.436069, 0.341388, 0.340395, 0.407562, 0.343165, 0.0549411, 0.0612072, 0.347197, 0.340395, 0
2.7, 2025-06-18__17-38-37.981023, -0.0298944, -0.434025, 0.0325973, -2.35669, 0.00306035, 1.82717, 0.803773, 0.398266, 0.00107534, 0.379975, -0.000216544, -7.26662e-05, -0.000128475, 0.398351, 0.00120438, 0.380151, 0, 0, 0, 0, 0, 0.436071, 0.34139, 0.340396, 0.407563, 0.343166, 0.0549411, 0.0612072, 0.347197, 0.340396, 0
2.71, 2025-06-18__17-38-37.991019, -0.0298945, -0.434023, 0.0326047, -2.35669, 0.00306069, 1.82716, 0.803777, 0.398264, 0.00107667, 0.379976, -1.64466e-05, 0.000432067, 0.000194397, 0.398351, 0.00120438, 0.380151, 0, 0, 0, 0, 0, 0.436069, 0.341388, 0.340394, 0.407562, 0.343165, 0.0549411, 0.0612072, 0.347197, 0.340394, 0
2.72, 2025-06-18__17-38-38.001022, -0.029896, -0.434025, 0.0325973, -2.35669, 0.00306009, 1.82716, 0.803778, 0.398264, 0.00107866, 0.379975, -0.000113924, 0.000753914, -2.78817e-05, 0.398351, 0.00120438, 0.380151, 0, 0, 0, 0, 0, 0.436069, 0.341388, 0.340395, 0.407562, 0.343165, 0.0549412, 0.0612071, 0.347197, 0.340395, 0
2.73, 2025-06-18__17-38-38.011022, -0.0298968, -0.434026, 0.0325997, -2.35669, 0.00306009, 1.82716, 0.80377, 0.398264, 0.00107664, 0.379976, 0.000344086, -0.000293973, 0.000469603, 0.398351, 0.00120438, 0.380151, 0, 0, 0, 0, 0, 0.43607, 0.341388, 0.340394, 0.407562, 0.343165, 0.0549412, 0.061207, 0.347197, 0.340394, 0
2.74, 2025-06-18__17-38-38.021023, -0.0298935, -0.434028, 0.0326005, -2.35669, 0.00306066, 1.82716, 0.803773, 0.398264, 0.00107918, 0.379975, 1.96404e-05, 0.000608857, 0.000252684, 0.398351, 0.00120438, 0.380151, 0, 0, 0, 0, 0, 0.43607, 0.341388, 0.340394, 0.407562, 0.343165, 0.054941, 0.0612072, 0.347197, 0.340394, 0
2.75, 2025-06-18__17-38-38.031025, -0.0298962, -0.434025, 0.0326005, -2.35669, 0.00306009, 1.82717, 0.803775, 0.398263, 0.00107787, 0.379977, 0.000172369, -1.49314e-05, 0.000868946, 0.398351, 0.00120438, 0.380151, 0, 0, 0, 0, 0, 0.436071, 0.34139, 0.340396, 0.407563, 0.343166, 0.0549412, 0.0612071, 0.347197, 0.340396, 0
2.76, 2025-06-18__17-38-38.041018, -0.0298945, -0.434028, 0.0326005, -2.35669, 0.0030607, 1.82716, 0.803776, 0.398264, 0.00107711, 0.379974, -0.000225939, -0.000490431, -0.000331736, 0.398351, 0.00120438, 0.380151, 0, 0, 0, 0, 0, 0.43607, 0.341388, 0.340394, 0.407562, 0.343165, 0.0549411, 0.0612072, 0.347197, 0.340394, 0
2.77, 2025-06-18__17-38-38.051019, -0.0298946, -0.434023, 0.0325952, -2.35669, 0.00306129, 1.82716, 0.803773, 0.398264, 0.00107775, 0.379976, -0.000249049, 0.00040347, -0.000413884, 0.398351, 0.00120438, 0.380151, 0, 0, 0, 0, 0, 0.436069, 0.341388, 0.340395, 0.407562, 0.343165, 0.0549411, 0.0612071, 0.347197, 0.340395, 0
2.78, 2025-06-18__17-38-38.061018, -0.0298967, -0.434026, 0.0326034, -2.35669, 0.0030607, 1.82717, 0.803775, 0.398264, 0.00107674, 0.379974, -5.4612e-05, -0.000390803, -0.000700954, 0.398351, 0.00120438, 0.380151, 0, 0, 0, 0, 0, 0.436071, 0.34139, 0.340396, 0.407563, 0.343166, 0.0549412, 0.061207, 0.347197, 0.340396, 0
2.79, 2025-06-18__17-38-38.071021, -0.0298971, -0.434026, 0.032603, -2.35669, 0.00306202, 1.82716, 0.803778, 0.398264, 0.00107881, 0.379974, -7.86287e-05, 0.000946978, -0.000655678, 0.398351, 0.00120438, 0.380151, 0, 0, 0, 0, 0, 0.43607, 0.341388, 0.340394, 0.407562, 0.343165, 0.0549413, 0.061207, 0.347197, 0.340394, 0
2.8, 2025-06-18__17-38-38.081019, -0.0298971, -0.434023, 0.032603, -2.35669, 0.00306141, 1.82716, 0.803778, 0.398264, 0.00107703, 0.379975, -8.4665e-05, -0.000178204, -9.09542e-05, 0.398351, 0.00120438, 0.380151, 0, 0, 0, 0, 0, 0.436069, 0.341388, 0.340394, 0.407562, 0.343165, 0.0549413, 0.061207, 0.347197, 0.340394, 0
2.81, 2025-06-18__17-38-38.091020, -0.0298999, -0.434023, 0.0325977, -2.35669, 0.00306068, 1.82716, 0.803777, 0.398264, 0.00107674, 0.379975, -8.63107e-05, -0.00103392, 0.000248733, 0.398351, 0.00120438, 0.380151, 0, 0, 0, 0, 0, 0.436069, 0.341388, 0.340395, 0.407562, 0.343165, 0.0549415, 0.0612069, 0.347197, 0.340395, 0
2.82, 2025-06-18__17-38-38.101020, -0.0298992, -0.434022, 0.0326005, -2.35669, 0.00305997, 1.82716, 0.803774, 0.398263, 0.0010787, 0.379977, -0.000118859, 0.000941807, 0.00069864, 0.398351, 0.00120438, 0.380151, 0, 0, 0, 0, 0, 0.436069, 0.341388, 0.340394, 0.407562, 0.343165, 0.0549414, 0.0612069, 0.347197, 0.340394, 0
2.83, 2025-06-18__17-38-38.111018, -0.0298998, -0.434028, 0.0325952, -2.35669, 0.0030639, 1.82717, 0.803769, 0.398263, 0.00107794, 0.379976, -0.000248645, 0.000550693, -0.000183408, 0.398351, 0.00120438, 0.380151, 0, 0, 0, 0, 0, 0.436072, 0.34139, 0.340396, 0.407563, 0.343166, 0.0549414, 0.0612069, 0.347197, 0.340396, 0
2.84, 2025-06-18__17-38-38.121014, -0.0298897, -0.434026, 0.0326008, -2.35669, 0.00306031, 1.82716, 0.803778, 0.398263, 0.00107642, 0.379976, 0.000231545, -5.6064e-05, 0.000797161, 0.398351, 0.00120438, 0.380151, 0, 0, 0, 0, 0, 0.43607, 0.341388, 0.340395, 0.407562, 0.343165, 0.0549408, 0.0612074, 0.347197, 0.340395, 0
2.85, 2025-06-18__17-38-38.131022, -0.0298918, -0.434025, 0.032603, -2.35669, 0.00306009, 1.82716, 0.803772, 0.398263, 0.00107496, 0.379972, -0.000264335, -0.000965562, 6.0225e-05, 0.398351, 0.00120438, 0.380151, 0, 0, 0, 0, 0, 0.436069, 0.341388, 0.340394, 0.407562, 0.343165, 0.0549409, 0.0612073, 0.347197, 0.340394, 0
2.86, 2025-06-18__17-38-38.141021, -0.0298918, -0.434023, 0.0325984, -2.35669, 0.0030634, 1.82716, 0.803777, 0.398264, 0.00107808, 0.379973, 0.000124044, 0.00032915, -0.000293695, 0.398351, 0.00120438, 0.380151, 0, 0, 0, 0, 0, 0.436069, 0.341388, 0.340395, 0.407562, 0.343165, 0.054941, 0.0612073, 0.347197, 0.340395, 0
2.87, 2025-06-18__17-38-38.151018, -0.0298946, -0.434028, 0.0326059, -2.35669, 0.00306009, 1.82716, 0.803776, 0.398261, 0.00107966, 0.379972, -0.000189253, 0.00158036, -0.000248291, 0.398351, 0.00120438, 0.380151, 0, 0, 0, 0, 0, 0.43607, 0.341388, 0.340394, 0.407562, 0.343165, 0.0549411, 0.0612072, 0.347197, 0.340394, 0
2.88, 2025-06-18__17-38-38.161019, -0.029897, -0.434023, 0.0326037, -2.35669, 0.00306009, 1.82717, 0.803772, 0.398264, 0.00107789, 0.379975, 0.000165125, 0.00037282, 0.000325264, 0.398351, 0.00120438, 0.380151, 0, 0, 0, 0, 0, 0.436071, 0.34139, 0.340396, 0.407563, 0.343166, 0.0549413, 0.061207, 0.347197, 0.340396, 0
2.89, 2025-06-18__17-38-38.171019, -0.0298918, -0.434025, 0.0326008, -2.35669, 0.00305818, 1.82716, 0.803773, 0.398264, 0.00107802, 0.379974, 0.000783639, 9.20753e-07, 0.0011298, 0.398351, 0.00120438, 0.380151, 0, 0, 0, 0, 0, 0.436069, 0.341388, 0.340394, 0.407562, 0.343165, 0.0549409, 0.0612073, 0.347197, 0.340394, 0
2.9, 2025-06-18__17-38-38.181019, -0.0298939, -0.434019, 0.0326027, -2.35669, 0.00306141, 1.82717, 0.803778, 0.398264, 0.00108099, 0.379972, -0.000170261, 0.0014028, -0.00120401, 0.398351, 0.00120438, 0.380151, 0, 0, 0, 0, 0, 0.43607, 0.34139, 0.340396, 0.407563, 0.343166, 0.0549412, 0.0612072, 0.347196, 0.340396, 0
2.91, 2025-06-18__17-38-38.191019, -0.0298985, -0.434023, 0.0326007, -2.35669, 0.00305938, 1.82716, 0.803779, 0.398264, 0.00107698, 0.379976, -1.35923e-05, -0.000658426, -5.22779e-05, 0.398351, 0.00120438, 0.380151, 0, 0, 0, 0, 0, 0.436069, 0.341388, 0.340395, 0.407562, 0.343165, 0.0549414, 0.0612069, 0.347197, 0.340395, 0
2.92, 2025-06-18__17-38-38.201024, -0.0298971, -0.434021, 0.0326037, -2.35669, 0.00306009, 1.82716, 0.803776, 0.398266, 0.00107515, 0.379976, -0.000148786, -0.000819028, -0.000264024, 0.398351, 0.00120438, 0.380151, 0, 0, 0, 0, 0, 0.436069, 0.341388, 0.340394, 0.407562, 0.343165, 0.0549413, 0.061207, 0.347197, 0.340394, 0
2.93, 2025-06-18__17-38-38.211021, -0.0298949, -0.434025, 0.0326036, -2.35669, 0.0030575, 1.82716, 0.803779, 0.398263, 0.00107916, 0.379977, -0.000184716, 0.0017414, 0.000538476, 0.398351, 0.00120438, 0.380151, 0, 0, 0, 0, 0, 0.436069, 0.341388, 0.340394, 0.407562, 0.343165, 0.0549411, 0.0612071, 0.347197, 0.340394, 0
2.94, 2025-06-18__17-38-38.221018, -0.029895, -0.434025, 0.0326034, -2.35669, 0.00306009, 1.82717, 0.803774, 0.398266, 0.00107975, 0.379975, 0.000547426, 0.000505039, 0.000417087, 0.398351, 0.00120438, 0.380151, 0, 0, 0, 0, 0, 0.436071, 0.34139, 0.340396, 0.407563, 0.343166, 0.0549411, 0.0612071, 0.347197, 0.340396, 0
2.95, 2025-06-18__17-38-38.231022, -0.0298998, -0.434023, 0.0326008, -2.35669, 0.00306141, 1.82716, 0.803779, 0.398266, 0.00107845, 0.379977, -0.000255691, -0.00107978, 0.000159026, 0.398351, 0.00120438, 0.380151, 0, 0, 0, 0, 0, 0.436069, 0.341388, 0.340395, 0.407562, 0.343165, 0.0549415, 0.0612069, 0.347197, 0.340395, 0
2.96, 2025-06-18__17-38-38.241018, -0.0298925, -0.434017, 0.0326059, -2.35669, 0.0030607, 1.82716, 0.803773, 0.398264, 0.00107721, 0.379974, 0.000237939, 0.000766667, 0.000616889, 0.398351, 0.00120438, 0.380151, 0, 0, 0, 0, 0, 0.436068, 0.341388, 0.340394, 0.407562, 0.343165, 0.0549411, 0.0612073, 0.347196, 0.340394, 0
2.97, 2025-06-18__17-38-38.251016, -0.0298971, -0.434028, 0.0326037, -2.35669, 0.0030575, 1.82716, 0.803773, 0.398264, 0.00107726, 0.379976, 0.000111205, -0.000612119, -7.22962e-05, 0.398351, 0.00120438, 0.380151, 0, 0, 0, 0, 0, 0.43607, 0.341388, 0.340394, 0.407562, 0.343165, 0.0549412, 0.061207, 0.347197, 0.340394, 0
2.98, 2025-06-18__17-38-38.261015, -0.0298971, -0.434028, 0.0326037, -2.35669, 0.0030607, 1.82717, 0.803773, 0.398264, 0.00108027, 0.379975, 0.000351986, 0.00153632, 0.000312996, 0.398351, 0.00120438, 0.380151, 0, 0, 0, 0, 0, 0.436072, 0.34139, 0.340396, 0.407563, 0.343166, 0.0549412, 0.061207, 0.347197, 0.340396, 0
2.99, 2025-06-18__17-38-38.271017, -0.0298971, -0.434025, 0.032606, -2.35669, 0.00305938, 1.82716, 0.803775, 0.398264, 0.00107987, 0.379975, 0.000183061, -0.00134666, 4.84746e-05, 0.398351, 0.00120438, 0.380151, 0, 0, 0, 0, 0, 0.436069, 0.341388, 0.340394, 0.407562, 0.343165, 0.0549413, 0.061207, 0.347197, 0.340394, 0
3, 2025-06-18__17-38-38.281018, -0.0298971, -0.434026, 0.0326062, -2.3567, 0.00306143, 1.82716, 0.80378, 0.398263, 0.00107916, 0.379976, -8.93033e-05, 0.00013297, 0.000133348, 0.398351, 0.00120438, 0.380151, 0, 0, 0, 0, 0, 0.436065, 0.341385, 0.340391, 0.407561, 0.343165, 0.0549413, 0.061207, 0.347197, 0.340391, 0
3.01, 2025-06-18__17-38-38.291018, -0.0298946, -0.434023, 0.0326037, -2.35669, 0.00305964, 1.82716, 0.803775, 0.398264, 0.00107645, 0.379974, 0.00061256, -0.00198396, 0.000613235, 0.398351, 0.00120438, 0.380151, 0, 0, 0, 0, 0, 0.436069, 0.341388, 0.340394, 0.407562, 0.343165, 0.0549411, 0.0612071, 0.347197, 0.340394, 0
3.02, 2025-06-18__17-38-38.301023, -0.0298999, -0.434031, 0.0325987, -2.35669, 0.00306009, 1.82716, 0.803773, 0.398263, 0.0010793, 0.379976, -0.000178551, 0.000398536, 0.000163806, 0.398351, 0.00120438, 0.380151, 0, 0, 0, 0, 0, 0.43607, 0.341388, 0.340394, 0.407562, 0.343165, 0.0549414, 0.0612069, 0.347197, 0.340394, 0
3.03, 2025-06-18__17-38-38.311020, -0.0298925, -0.434028, 0.0326037, -2.35669, 0.00306141, 1.82716, 0.803773, 0.398261, 0.00107794, 0.37997, -0.000391153, -0.00100415, -0.000947031, 0.398351, 0.00120438, 0.380151, 0, 0, 0, 0, 0, 0.43607, 0.341388, 0.340394, 0.407562, 0.343165, 0.0549409, 0.0612073, 0.347197, 0.340394, 0
3.04, 2025-06-18__17-38-38.321019, -0.0298915, -0.434025, 0.032604, -2.35669, 0.00306248, 1.82716, 0.803778, 0.398264, 0.00108302, 0.379974, -0.000140396, 0.000354574, -0.00066371, 0.398351, 0.00120438, 0.380151, 0, 0, 0, 0, 0, 0.436069, 0.341388, 0.340394, 0.407562, 0.343165, 0.0549409, 0.0612073, 0.347197, 0.340394, 0
3.05, 2025-06-18__17-38-38.331015, -0.0298918, -0.434023, 0.0326087, -2.35669, 0.0030607, 1.82716, 0.803777, 0.398264, 0.00107941, 0.379974, -0.000168027, 8.7631e-05, 2.67115e-06, 0.398351, 0.00120438, 0.380151, 0, 0, 0, 0, 0, 0.436069, 0.341388, 0.340394, 0.407562, 0.343165, 0.054941, 0.0612073, 0.347197, 0.340394, 0
3.06, 2025-06-18__17-38-38.341021, -0.0298969, -0.434023, 0.0326091, -2.35669, 0.00306141, 1.82716, 0.803773, 0.398264, 0.00108126, 0.379975, 0.000322302, 0.000783394, 0.00075141, 0.398351, 0.00120438, 0.380151, 0, 0, 0, 0, 0, 0.436069, 0.341388, 0.340394, 0.407562, 0.343165, 0.0549413, 0.061207, 0.347197, 0.340394, 0
3.07, 2025-06-18__17-38-38.351018, -0.0298944, -0.434023, 0.032604, -2.35669, 0.00306008, 1.82716, 0.803775, 0.398263, 0.00108052, 0.379976, 0.000173613, -0.00161199, 0.000504977, 0.398351, 0.00120438, 0.380151, 0, 0, 0, 0, 0, 0.436069, 0.341388, 0.340394, 0.407562, 0.343165, 0.0549411, 0.0612072, 0.347197, 0.340394, 0
3.08, 2025-06-18__17-38-38.361015, -0.0298998, -0.434021, 0.0326115, -2.35669, 0.00306009, 1.82716, 0.803774, 0.398263, 0.00108034, 0.379976, -0.000475306, -0.000600885, -0.000608716, 0.398351, 0.00120438, 0.380151, 0, 0, 0, 0, 0, 0.436069, 0.341388, 0.340394, 0.407562, 0.343165, 0.0549415, 0.0612069, 0.347197, 0.340394, 0
3.09, 2025-06-18__17-38-38.371019, -0.0298936, -0.434023, 0.0326063, -2.35669, 0.00305939, 1.82716, 0.803772, 0.398266, 0.00107959, 0.379975, -4.2174e-05, -0.000677547, -0.000416422, 0.398351, 0.00120438, 0.380151, 0, 0, 0, 0, 0, 0.436069, 0.341388, 0.340394, 0.407562, 0.343165, 0.0549411, 0.0612072, 0.347197, 0.340394, 0
3.1, 2025-06-18__17-38-38.381018, -0.029894, -0.434023, 0.0326124, -2.35669, 0.00306044, 1.82716, 0.803773, 0.398263, 0.00108363, 0.379976, 0.000186248, 0.000762794, 0.000525046, 0.398351, 0.00120438, 0.380151, 0, 0, 0, 0, 0, 0.436069, 0.341388, 0.340394, 0.407562, 0.343165, 0.0549411, 0.0612072, 0.347197, 0.340394, 0
3.11, 2025-06-18__17-38-38.391017, -0.0298949, -0.434022, 0.0326066, -2.35669, 0.00306141, 1.82716, 0.803778, 0.398264, 0.00108187, 0.379973, -2.56476e-05, 0.000861658, -0.00048945, 0.398351, 0.00120438, 0.380151, 0, 0, 0, 0, 0, 0.436069, 0.341388, 0.340394, 0.407562, 0.343165, 0.0549412, 0.0612071, 0.347197, 0.340394, 0
3.12, 2025-06-18__17-38-38.401023, -0.0298925, -0.434028, 0.0326101, -2.35669, 0.00306461, 1.82716, 0.803778, 0.398266, 0.00107942, 0.379976, 8.21384e-05, -0.000500121, 0.00036051, 0.398351, 0.00120438, 0.380151, 0, 0, 0, 0, 0, 0.43607, 0.341388, 0.340394, 0.407562, 0.343165, 0.0549409, 0.0612073, 0.347197, 0.340394, 0
3.13, 2025-06-18__17-38-38.411023, -0.0298946, -0.434028, 0.0326098, -2.35669, 0.0030607, 1.82716, 0.803779, 0.398264, 0.00108017, 0.379974, 0.000161356, -0.000105726, -0.000172947, 0.398351, 0.00120438, 0.380151, 0, 0, 0, 0, 0, 0.43607, 0.341388, 0.340394, 0.407562, 0.343165, 0.0549411, 0.0612072, 0.347197, 0.340394, 0
3.14, 2025-06-18__17-38-38.421016, -0.0298946, -0.434023, 0.0326154, -2.35669, 0.00306141, 1.82717, 0.803772, 0.398264, 0.00107941, 0.379975, 0.000192992, -0.000536034, 0.000650291, 0.398351, 0.00120438, 0.380151, 0, 0, 0, 0, 0, 0.436071, 0.34139, 0.340395, 0.407563, 0.343166, 0.0549411, 0.0612071, 0.347197, 0.340395, 0
3.15, 2025-06-18__17-38-38.431017, -0.0298946, -0.434025, 0.0326072, -2.3567, 0.0030607, 1.82716, 0.803772, 0.398264, 0.00107738, 0.379975, 0.000203822, -0.0012407, 0.00129643, 0.398351, 0.00120438, 0.380151, 0, 0, 0, 0, 0, 0.436065, 0.341385, 0.340391, 0.407561, 0.343165, 0.0549411, 0.0612071, 0.347197, 0.340391, 0
3.16, 2025-06-18__17-38-38.441020, -0.0298893, -0.434023, 0.0326048, -2.35669, 0.0030607, 1.82716, 0.803772, 0.398264, 0.00108168, 0.379974, -0.000372867, 0.000290849, -0.000468062, 0.398351, 0.00120438, 0.380151, 0, 0, 0, 0, 0, 0.436069, 0.341388, 0.340394, 0.407562, 0.343165, 0.0549408, 0.0612074, 0.347197, 0.340394, 0
3.17, 2025-06-18__17-38-38.451019, -0.0298947, -0.43402, 0.0326126, -2.35669, 0.00305938, 1.82716, 0.803773, 0.398264, 0.00107984, 0.379973, -9.15396e-05, -0.000635856, -0.000359771, 0.398351, 0.00120438, 0.380151, 0, 0, 0, 0, 0, 0.436069, 0.341388, 0.340394, 0.407562, 0.343165, 0.0549412, 0.0612071, 0.347197, 0.340394, 0
3.18, 2025-06-18__17-38-38.461015, -0.0298917, -0.434023, 0.0326073, -2.35669, 0.0030607, 1.82716, 0.803774, 0.398264, 0.00108147, 0.379974, 0.000140729, -5.77888e-06, 4.51037e-05, 0.398351, 0.00120438, 0.380151, 0, 0, 0, 0, 0, 0.436069, 0.341388, 0.340394, 0.407562, 0.343165, 0.054941, 0.0612073, 0.347197, 0.340394, 0
3.19, 2025-06-18__17-38-38.471020, -0.0298924, -0.434025, 0.0326103, -2.35669, 0.00306141, 1.82716, 0.803772, 0.398266, 0.0010809, 0.379974, 0.000169017, -0.000174571, -3.45552e-05, 0.398351, 0.00120438, 0.380151, 0, 0, 0, 0, 0, 0.436069, 0.341388, 0.340394, 0.407562, 0.343165, 0.054941, 0.0612073, 0.347197, 0.340394, 0
3.2, 2025-06-18__17-38-38.481019, -0.0298992, -0.43402, 0.0326109, -2.35669, 0.00306141, 1.82716, 0.803778, 0.398264, 0.0010821, 0.379974, 0.000277829, -0.000131198, 0.000399436, 0.398351, 0.00120438, 0.380151, 0, 0, 0, 0, 0, 0.436068, 0.341388, 0.340394, 0.407562, 0.343165, 0.0549415, 0.0612069, 0.347197, 0.340394, 0
3.21, 2025-06-18__17-38-38.491017, -0.0298969, -0.434025, 0.0326073, -2.35669, 0.0030607, 1.82716, 0.803777, 0.398264, 0.00108063, 0.379974, 1.92084e-05, 0.000479601, -0.0001728, 0.398351, 0.00120438, 0.380151, 0, 0, 0, 0, 0, 0.436069, 0.341388, 0.340394, 0.407562, 0.343165, 0.0549413, 0.061207, 0.347197, 0.340394, 0
3.22, 2025-06-18__17-38-38.501021, -0.0298999, -0.434028, 0.0326104, -2.35669, 0.00306009, 1.82716, 0.803772, 0.398261, 0.00108157, 0.379971, -0.000306167, -0.000124262, -0.000201414, 0.398351, 0.00120438, 0.380151, 0, 0, 0, 0, 0, 0.43607, 0.341388, 0.340394, 0.407562, 0.343165, 0.0549414, 0.0612069, 0.347197, 0.340394, 0
3.23, 2025-06-18__17-38-38.511021, -0.0298946, -0.434028, 0.0326103, -2.35669, 0.00306035, 1.82716, 0.803775, 0.398263, 0.00107849, 0.379977, 0.000140432, -0.0011796, 0.000869438, 0.398351, 0.00120438, 0.380151, 0, 0, 0, 0, 0, 0.43607, 0.341388, 0.340394, 0.407562, 0.343165, 0.0549411, 0.0612072, 0.347197, 0.340394, 0
3.24, 2025-06-18__17-38-38.521017, -0.029895, -0.434028, 0.0326137, -2.35669, 0.0030607, 1.82716, 0.80378, 0.398263, 0.00108294, 0.379976, -4.88842e-05, 8.62726e-05, 1.43705e-05, 0.398351, 0.00120438, 0.380151, 0, 0, 0, 0, 0, 0.43607, 0.341388, 0.340394, 0.407562, 0.343165, 0.0549411, 0.0612071, 0.347197, 0.340394, 0
3.25, 2025-06-18__17-38-38.531018, -0.0298918, -0.434028, 0.0326105, -2.35669, 0.00306136, 1.82716, 0.803774, 0.398264, 0.0010815, 0.379975, 6.68547e-05, -0.00143093, -0.000246687, 0.398351, 0.00120438, 0.380151, 0, 0, 0, 0, 0, 0.43607, 0.341388, 0.340394, 0.407562, 0.343165, 0.0549409, 0.0612073, 0.347197, 0.340394, 0
3.26, 2025-06-18__17-38-38.541020, -0.0298971, -0.434028, 0.0326133, -2.3567, 0.00306177, 1.82716, 0.803774, 0.398261, 0.00108231, 0.379971, -0.000191438, 2.11275e-05, -0.000609922, 0.398351, 0.00120438, 0.380151, 0, 0, 0, 0, 0, 0.436065, 0.341385, 0.34039, 0.407561, 0.343165, 0.0549412, 0.061207, 0.347197, 0.34039, 0
3.27, 2025-06-18__17-38-38.551017, -0.0298945, -0.434025, 0.0326133, -2.35669, 0.0030601, 1.82716, 0.803774, 0.398264, 0.0010839, 0.379975, 0.00080666, 0.000523751, 0.00135834, 0.398351, 0.00120438, 0.380151, 0, 0, 0, 0, 0, 0.436069, 0.341388, 0.340394, 0.407562, 0.343165, 0.0549411, 0.0612072, 0.347197, 0.340394, 0
3.28, 2025-06-18__17-38-38.561015, -0.0298938, -0.434023, 0.0326133, -2.35669, 0.00306141, 1.82716, 0.80378, 0.398264, 0.00108186, 0.379974, 0.0003265, 0.000346579, 2.87436e-05, 0.398351, 0.00120438, 0.380151, 0, 0, 0, 0, 0, 0.436069, 0.341388, 0.340394, 0.407562, 0.343165, 0.0549411, 0.0612072, 0.347197, 0.340394, 0
3.29, 2025-06-18__17-38-38.571017, -0.0298948, -0.434028, 0.0326158, -2.35669, 0.00305857, 1.82716, 0.803777, 0.398264, 0.00108526, 0.379974, 0.000277854, 0.00179798, 0.000117591, 0.398351, 0.00120438, 0.380151, 0, 0, 0, 0, 0, 0.43607, 0.341388, 0.340394, 0.407562, 0.343165, 0.0549411, 0.0612071, 0.347197, 0.340394, 0
3.3, 2025-06-18__17-38-38.581019, -0.0298973, -0.434028, 0.0326133, -2.35669, 0.00306035, 1.82716, 0.803774, 0.398264, 0.00108233, 0.379975, 0.000154807, -0.00169116, -3.02955e-05, 0.398351, 0.00120438, 0.380151, 0, 0, 0, 0, 0, 0.43607, 0.341388, 0.340394, 0.407562, 0.343165, 0.0549412, 0.061207, 0.347197, 0.340394, 0
3.31, 2025-06-18__17-38-38.591017, -0.0298939, -0.434023, 0.032608, -2.35669, 0.00306449, 1.82716, 0.803775, 0.398263, 0.00108398, 0.379976, -0.000553764, 0.000369828, -0.000250454, 0.398351, 0.00120438, 0.380151, 0, 0, 0, 0, 0, 0.436069, 0.341388, 0.340394, 0.407562, 0.343165, 0.0549411, 0.0612072, 0.347197, 0.340394, 0
3.32, 2025-06-18__17-38-38.601017, -0.0298998, -0.434023, 0.032614, -2.35669, 0.00306043, 1.82716, 0.80378, 0.398264, 0.00108095, 0.379974, -0.00023197, -0.000434224, -0.000288692, 0.398351, 0.00120438, 0.380151, 0, 0, 0, 0, 0, 0.436069, 0.341388, 0.340394, 0.407562, 0.343165, 0.0549415, 0.0612069, 0.347197, 0.340394, 0
3.33, 2025-06-18__17-38-38.611017, -0.0298946, -0.434028, 0.0326133, -2.35669, 0.00306021, 1.82716, 0.803771, 0.398264, 0.00108188, 0.379974, 0.000276202, 3.85642e-05, 0.000463916, 0.398351, 0.00120438, 0.380151, 0, 0, 0, 0, 0, 0.43607, 0.341388, 0.340393, 0.407562, 0.343165, 0.0549411, 0.0612072, 0.347197, 0.340393, 0
3.34, 2025-06-18__17-38-38.621018, -0.0298946, -0.434028, 0.0326108, -2.35669, 0.00306567, 1.82716, 0.803779, 0.398264, 0.00108494, 0.379975, 0.000261765, 0.000646814, 0.000872669, 0.398351, 0.00120438, 0.380151, 0, 0, 0, 0, 0, 0.43607, 0.341388, 0.340394, 0.407562, 0.343165, 0.0549411, 0.0612072, 0.347197, 0.340394, 0
3.35, 2025-06-18__17-38-38.631019, -0.0298971, -0.434025, 0.0326133, -2.35669, 0.00306127, 1.82716, 0.803773, 0.398266, 0.0010835, 0.379975, 7.12384e-05, 0.000377806, 0.000106919, 0.398351, 0.00120438, 0.380151, 0, 0, 0, 0, 0, 0.436069, 0.341388, 0.340394, 0.407562, 0.343165, 0.0549413, 0.061207, 0.347197, 0.340394, 0
3.36, 2025-06-18__17-38-38.641018, -0.0298946, -0.434025, 0.0326133, -2.35669, 0.0030607, 1.82716, 0.803777, 0.398264, 0.00108281, 0.379975, 0.000113921, 0.000407739, 0.000363987, 0.398351, 0.00120438, 0.380151, 0, 0, 0, 0, 0, 0.436069, 0.341388, 0.340394, 0.407562, 0.343165, 0.0549411, 0.0612071, 0.347197, 0.340394, 0
3.37, 2025-06-18__17-38-38.651014, -0.0298999, -0.434025, 0.0326158, -2.35669, 0.00306009, 1.82716, 0.80378, 0.398264, 0.0010828, 0.379973, 0.000263492, 0.00152062, -1.34667e-05, 0.398351, 0.00120438, 0.380151, 0, 0, 0, 0, 0, 0.436069, 0.341388, 0.340394, 0.407562, 0.343165, 0.0549414, 0.0612069, 0.347197, 0.340394, 0
3.38, 2025-06-18__17-38-38.661015, -0.0298947, -0.434023, 0.0326235, -2.35669, 0.00305883, 1.82716, 0.803776, 0.398264, 0.00108275, 0.379974, -0.000338674, 0.000240349, -0.000820687, 0.398351, 0.00120438, 0.380151, 0, 0, 0, 0, 0, 0.436069, 0.341388, 0.340393, 0.407562, 0.343165, 0.0549412, 0.0612071, 0.347197, 0.340393, 0
3.39, 2025-06-18__17-38-38.671022, -0.0298946, -0.434022, 0.0326162, -2.35669, 0.0030601, 1.82716, 0.803773, 0.398264, 0.00108457, 0.379974, 0.000382322, -1.85183e-05, 0.000674358, 0.398351, 0.00120438, 0.380151, 0, 0, 0, 0, 0, 0.436069, 0.341388, 0.340393, 0.407562, 0.343165, 0.0549412, 0.0612071, 0.347197, 0.340393, 0
3.4, 2025-06-18__17-38-38.681021, -0.0298971, -0.434025, 0.0326155, -2.35669, 0.00306141, 1.82716, 0.803776, 0.398264, 0.00108292, 0.379974, 1.97936e-05, 0.000438931, 0.000272874, 0.398351, 0.00120438, 0.380151, 0, 0, 0, 0, 0, 0.436069, 0.341388, 0.340394, 0.407562, 0.343165, 0.0549413, 0.061207, 0.347197, 0.340394, 0
3.41, 2025-06-18__17-38-38.691020, -0.0298963, -0.434023, 0.0326143, -2.35669, 0.00306071, 1.82717, 0.803778, 0.398264, 0.0010848, 0.379974, -0.000197199, 0.000340348, 1.10782e-05, 0.398351, 0.00120438, 0.380151, 0, 0, 0, 0, 0, 0.436071, 0.34139, 0.340396, 0.407563, 0.343166, 0.0549412, 0.0612071, 0.347197, 0.340396, 0
3.42, 2025-06-18__17-38-38.701019, -0.0298946, -0.434025, 0.032619, -2.35669, 0.00306009, 1.82716, 0.80378, 0.398264, 0.00108411, 0.379974, 0.000216032, -7.32313e-05, 0.000363626, 0.398351, 0.00120438, 0.380151, 0, 0, 0, 0, 0, 0.436069, 0.341388, 0.340394, 0.407562, 0.343165, 0.0549411, 0.0612071, 0.347197, 0.340394, 0
3.43, 2025-06-18__17-38-38.711022, -0.0298999, -0.434025, 0.0326165, -2.35669, 0.0030607, 1.82716, 0.803777, 0.398263, 0.00108403, 0.379977, 2.14312e-05, 0.000252043, 0.000784196, 0.398351, 0.00120438, 0.380151, 0, 0, 0, 0, 0, 0.436069, 0.341388, 0.340394, 0.407562, 0.343165, 0.0549414, 0.0612069, 0.347197, 0.340394, 0
3.44, 2025-06-18__17-38-38.721019, -0.0298968, -0.434025, 0.0326165, -2.35669, 0.00306141, 1.82716, 0.803777, 0.398264, 0.00108125, 0.379975, -0.000472582, -0.000777341, -0.000817517, 0.398351, 0.00120438, 0.380151, 0, 0, 0, 0, 0, 0.436069, 0.341388, 0.340394, 0.407562, 0.343165, 0.0549413, 0.061207, 0.347197, 0.340394, 0
3.45, 2025-06-18__17-38-38.731020, -0.0298996, -0.434026, 0.0326189, -2.35669, 0.0030607, 1.82716, 0.803776, 0.398264, 0.00108125, 0.379975, -0.000190957, -0.000284975, -0.000483297, 0.398351, 0.00120438, 0.380151, 0, 0, 0, 0, 0, 0.43607, 0.341388, 0.340393, 0.407562, 0.343165, 0.0549414, 0.0612069, 0.347197, 0.340393, 0
3.46, 2025-06-18__17-38-38.741020, -0.0298946, -0.434025, 0.032619, -2.35669, 0.00305938, 1.82716, 0.803769, 0.398264, 0.00108303, 0.379975, -0.000119456, -0.000306395, 4.14586e-05, 0.398351, 0.00120438, 0.380151, 0, 0, 0, 0, 0, 0.436069, 0.341388, 0.340393, 0.407562, 0.343165, 0.0549411, 0.0612071, 0.347197, 0.340393, 0
3.47, 2025-06-18__17-38-38.751012, -0.0298999, -0.434023, 0.0326183, -2.35669, 0.0030607, 1.82716, 0.803776, 0.398261, 0.00108316, 0.37997, -0.000581508, -0.00175009, -0.00120562, 0.398351, 0.00120438, 0.380151, 0, 0, 0, 0, 0, 0.436069, 0.341388, 0.340393, 0.407562, 0.343165, 0.0549415, 0.0612069, 0.347197, 0.340393, 0
3.48, 2025-06-18__17-38-38.761015, -0.029894, -0.434023, 0.0326165, -2.35669, 0.0030607, 1.82717, 0.803778, 0.398263, 0.0010854, 0.379976, 0.00016348, 0.000353894, 0.000826223, 0.398351, 0.00120438, 0.380151, 0, 0, 0, 0, 0, 0.436071, 0.34139, 0.340395, 0.407563, 0.343166, 0.0549411, 0.0612072, 0.347197, 0.340395, 0
3.49, 2025-06-18__17-38-38.771018, -0.029897, -0.434022, 0.0326112, -2.35669, 0.00306116, 1.82716, 0.803775, 0.398264, 0.00108468, 0.379972, 2.22066e-05, 0.00161219, -0.000590245, 0.398351, 0.00120438, 0.380151, 0, 0, 0, 0, 0, 0.436069, 0.341388, 0.340394, 0.407562, 0.343165, 0.0549413, 0.061207, 0.347197, 0.340394, 0
3.5, 2025-06-18__17-38-38.781019, -0.0298946, -0.434023, 0.0326137, -2.35669, 0.00306496, 1.82716, 0.803773, 0.398264, 0.00108445, 0.379974, -0.000145403, 0.000265728, -0.000505742, 0.398351, 0.00120438, 0.380151, 0, 0, 0, 0, 0, 0.436069, 0.341388, 0.340394, 0.407562, 0.343165, 0.0549411, 0.0612071, 0.347197, 0.340394, 0
3.51, 2025-06-18__17-38-38.791017, -0.0298939, -0.434027, 0.0326166, -2.35669, 0.0030607, 1.82716, 0.803771, 0.398264, 0.00108394, 0.379975, -0.000638853, -0.00208497, -0.000532456, 0.398351, 0.00120438, 0.380151, 0, 0, 0, 0, 0, 0.43607, 0.341388, 0.340393, 0.407562, 0.343165, 0.054941, 0.0612072, 0.347197, 0.340393, 0
3.52, 2025-06-18__17-38-38.801021, -0.0298968, -0.434022, 0.0326195, -2.35669, 0.00306009, 1.82716, 0.803779, 0.398264, 0.00108213, 0.379975, 0.000145911, -0.000536494, 0.000139979, 0.398351, 0.00120438, 0.380151, 0, 0, 0, 0, 0, 0.436069, 0.341388, 0.340393, 0.407562, 0.343165, 0.0549413, 0.061207, 0.347197, 0.340393, 0
3.53, 2025-06-18__17-38-38.811020, -0.0298949, -0.434028, 0.0326197, -2.35669, 0.00306141, 1.82716, 0.803774, 0.398261, 0.00108622, 0.379971, -0.000384615, 0.000512211, 3.70558e-05, 0.398351, 0.00120438, 0.380151, 0, 0, 0, 0, 0, 0.43607, 0.341388, 0.340393, 0.407562, 0.343165, 0.0549411, 0.0612071, 0.347197, 0.340393, 0
3.54, 2025-06-18__17-38-38.821019, -0.0298938, -0.434021, 0.0326197, -2.35669, 0.00306141, 1.82716, 0.80378, 0.398263, 0.0010862, 0.379976, 4.20837e-05, -0.000107373, 0.000229017, 0.398351, 0.00120438, 0.380151, 0, 0, 0, 0, 0, 0.436069, 0.341388, 0.340394, 0.407562, 0.343165, 0.0549411, 0.0612072, 0.347197, 0.340394, 0
3.55, 2025-06-18__17-38-38.831017, -0.0298947, -0.434028, 0.032622, -2.35669, 0.00306009, 1.82716, 0.803772, 0.398264, 0.00108419, 0.379975, -0.000252069, -0.000183407, 9.86113e-06, 0.398351, 0.00120438, 0.380151, 0, 0, 0, 0, 0, 0.43607, 0.341388, 0.340393, 0.407562, 0.343165, 0.0549411, 0.0612071, 0.347197, 0.340393, 0
3.56, 2025-06-18__17-38-38.841017, -0.0298968, -0.434023, 0.0326197, -2.3567, 0.0030607, 1.82716, 0.803777, 0.398266, 0.00108656, 0.379976, 0.000177956, 0.000424787, 0.000145214, 0.398351, 0.00120438, 0.380151, 0, 0, 0, 0, 0, 0.436064, 0.341385, 0.34039, 0.407561, 0.343165, 0.0549413, 0.061207, 0.347197, 0.34039, 0
3.57, 2025-06-18__17-38-38.851018, -0.0298946, -0.434026, 0.0326197, -2.35669, 0.00306009, 1.82716, 0.803779, 0.398263, 0.00108398, 0.379977, 0.000135614, 2.41655e-06, 0.00049828, 0.398351, 0.00120438, 0.380151, 0, 0, 0, 0, 0, 0.43607, 0.341388, 0.340393, 0.407562, 0.343165, 0.0549411, 0.0612072, 0.347197, 0.340393, 0
3.58, 2025-06-18__17-38-38.861016, -0.0298971, -0.43402, 0.0326197, -2.35669, 0.00306071, 1.82716, 0.803776, 0.398264, 0.00108426, 0.379974, -0.000123524, -7.95835e-05, -0.000296304, 0.398351, 0.00120438, 0.380151, 0, 0, 0, 0, 0, 0.436068, 0.341388, 0.340393, 0.407562, 0.343165, 0.0549413, 0.061207, 0.347197, 0.340393, 0
3.59, 2025-06-18__17-38-38.871020, -0.0298943, -0.434025, 0.0326197, -2.35669, 0.0030607, 1.82716, 0.803779, 0.398264, 0.00108508, 0.379973, 0.000174591, -0.000127895, -0.000264681, 0.398351, 0.00120438, 0.380151, 0, 0, 0, 0, 0, 0.436069, 0.341388, 0.340393, 0.407562, 0.343165, 0.0549411, 0.0612072, 0.347197, 0.340393, 0
3.6, 2025-06-18__17-38-38.881019, -0.0298997, -0.43402, 0.0326169, -2.35669, 0.00306045, 1.82716, 0.803778, 0.398264, 0.00108473, 0.379975, -7.61822e-05, -0.000252062, 0.000648064, 0.398351, 0.00120438, 0.380151, 0, 0, 0, 0, 0, 0.436068, 0.341388, 0.340394, 0.407562, 0.343165, 0.0549415, 0.0612069, 0.347197, 0.340394, 0
3.61, 2025-06-18__17-38-38.891018, -0.0298971, -0.434022, 0.0326169, -2.35669, 0.0030607, 1.82716, 0.80378, 0.398264, 0.00108394, 0.379974, -0.000145866, -0.000179586, -0.000230384, 0.398351, 0.00120438, 0.380151, 0, 0, 0, 0, 0, 0.436069, 0.341388, 0.340394, 0.407562, 0.343165, 0.0549413, 0.061207, 0.347197, 0.340394, 0
3.62, 2025-06-18__17-38-38.901019, -0.0298897, -0.434023, 0.0326169, -2.3567, 0.00306013, 1.82716, 0.803777, 0.398264, 0.00108324, 0.379974, -8.97986e-05, 0.0009773, -0.000259522, 0.398351, 0.00120438, 0.380151, 0, 0, 0, 0, 0, 0.436064, 0.341385, 0.34039, 0.407561, 0.343165, 0.0549408, 0.0612074, 0.347197, 0.34039, 0
3.63, 2025-06-18__17-38-38.911020, -0.0298946, -0.43402, 0.0326222, -2.35669, 0.00306141, 1.82716, 0.803772, 0.398264, 0.00108632, 0.379973, 0.000307231, 0.000593851, 0.000113598, 0.398351, 0.00120438, 0.380151, 0, 0, 0, 0, 0, 0.436069, 0.341388, 0.340393, 0.407562, 0.343165, 0.0549412, 0.0612071, 0.347197, 0.340393, 0
3.64, 2025-06-18__17-38-38.921017, -0.029894, -0.434028, 0.032625, -2.35669, 0.00306009, 1.82716, 0.803776, 0.398264, 0.00108438, 0.379975, -0.000261078, -0.000294961, -0.000280179, 0.398351, 0.00120438, 0.380151, 0, 0, 0, 0, 0, 0.43607, 0.341388, 0.340393, 0.407562, 0.343165, 0.054941, 0.0612072, 0.347197, 0.340393, 0
3.65, 2025-06-18__17-38-38.931019, -0.0298915, -0.434028, 0.03262, -2.35669, 0.00306129, 1.82716, 0.803775, 0.398264, 0.00108772, 0.379974, 1.29467e-05, 0.000633498, -0.000524046, 0.398351, 0.00120438, 0.380151, 0, 0, 0, 0, 0, 0.43607, 0.341388, 0.340393, 0.407562, 0.343165, 0.0549409, 0.0612073, 0.347197, 0.340393, 0
3.66, 2025-06-18__17-38-38.941021, -0.0298962, -0.434027, 0.0326177, -2.35669, 0.00306009, 1.82716, 0.803773, 0.398264, 0.00108823, 0.379974, 0.000181016, 0.000596582, -6.83935e-05, 0.398351, 0.00120438, 0.380151, 0, 0, 0, 0, 0, 0.43607, 0.341388, 0.340393, 0.407562, 0.343165, 0.0549412, 0.0612071, 0.347197, 0.340393, 0
3.67, 2025-06-18__17-38-38.951020, -0.0298918, -0.434025, 0.0326198, -2.35669, 0.00305938, 1.82716, 0.803774, 0.398264, 0.00108892, 0.379975, 6.36166e-05, 8.46019e-05, -0.000489437, 0.398351, 0.00120438, 0.380151, 0, 0, 0, 0, 0, 0.436069, 0.341388, 0.340393, 0.407562, 0.343165, 0.0549409, 0.0612073, 0.347197, 0.340393, 0
3.68, 2025-06-18__17-38-38.961018, -0.0298971, -0.434028, 0.0326228, -2.35669, 0.00306116, 1.82716, 0.803777, 0.398264, 0.00108689, 0.379975, 8.89994e-05, -0.000117401, 0.00017627, 0.398351, 0.00120438, 0.380151, 0, 0, 0, 0, 0, 0.43607, 0.341388, 0.340393, 0.407562, 0.343165, 0.0549412, 0.061207, 0.347197, 0.340393, 0
3.69, 2025-06-18__17-38-38.971023, -0.0298998, -0.434023, 0.0326219, -2.35669, 0.00306141, 1.82716, 0.803773, 0.398264, 0.00108345, 0.379973, 8.96801e-05, -0.000679889, -0.000224514, 0.398351, 0.00120438, 0.380151, 0, 0, 0, 0, 0, 0.436069, 0.341388, 0.340393, 0.407562, 0.343165, 0.0549415, 0.0612069, 0.347197, 0.340393, 0
3.7, 2025-06-18__17-38-38.981019, -0.0298992, -0.434025, 0.0326246, -2.35669, 0.00306074, 1.82717, 0.803777, 0.398264, 0.00108441, 0.379973, 0.000682606, 0.00031949, 0.000650894, 0.398351, 0.00120438, 0.380151, 0, 0, 0, 0, 0, 0.436071, 0.34139, 0.340395, 0.407563, 0.343166, 0.0549414, 0.0612069, 0.347197, 0.340395, 0
3.71, 2025-06-18__17-38-38.991019, -0.0298944, -0.434025, 0.032625, -2.35669, 0.0030607, 1.82716, 0.803771, 0.398264, 0.00108537, 0.379974, -0.000186587, 0.00138221, -0.00019471, 0.398351, 0.00120438, 0.380151, 0, 0, 0, 0, 0, 0.436069, 0.341388, 0.340393, 0.407562, 0.343165, 0.0549411, 0.0612072, 0.347197, 0.340393, 0
3.72, 2025-06-18__17-38-39.001016, -0.0298962, -0.434023, 0.0326232, -2.3567, 0.00306005, 1.82716, 0.803772, 0.398265, 0.00108615, 0.379978, -2.34648e-05, 0.00039839, 0.000893913, 0.398351, 0.00120438, 0.380151, 0, 0, 0, 0, 0, 0.436064, 0.341385, 0.34039, 0.407561, 0.343165, 0.0549412, 0.0612071, 0.347197, 0.34039, 0
3.73, 2025-06-18__17-38-39.011020, -0.0298946, -0.434026, 0.03262, -2.35669, 0.0030607, 1.82716, 0.803775, 0.398263, 0.00108658, 0.379976, 0.000225906, 0.000355889, 0.000773011, 0.398351, 0.00120438, 0.380151, 0, 0, 0, 0, 0, 0.43607, 0.341388, 0.340393, 0.407562, 0.343165, 0.0549411, 0.0612072, 0.347197, 0.340393, 0
3.74, 2025-06-18__17-38-39.021020, -0.0298962, -0.434028, 0.0326228, -2.35669, 0.00306009, 1.82716, 0.803774, 0.398263, 0.00108512, 0.379977, -1.87169e-05, -0.000604782, 0.000847515, 0.398351, 0.00120438, 0.380151, 0, 0, 0, 0, 0, 0.43607, 0.341388, 0.340393, 0.407562, 0.343165, 0.0549412, 0.0612071, 0.347197, 0.340393, 0
3.75, 2025-06-18__17-38-39.031018, -0.0298999, -0.434022, 0.0326201, -2.35669, 0.00306009, 1.82716, 0.803774, 0.398264, 0.00108522, 0.379973, 0.000140156, -0.000525572, -0.000308054, 0.398351, 0.00120438, 0.380151, 0, 0, 0, 0, 0, 0.436069, 0.341388, 0.340393, 0.407562, 0.343165, 0.0549415, 0.0612069, 0.347197, 0.340393, 0
3.76, 2025-06-18__17-38-39.041018, -0.0298942, -0.434023, 0.0326226, -2.35669, 0.00306145, 1.82717, 0.803775, 0.398261, 0.0010849, 0.379969, -0.000255056, -0.000316022, -0.000703202, 0.398351, 0.00120438, 0.380151, 0, 0, 0, 0, 0, 0.436071, 0.34139, 0.340395, 0.407563, 0.343166, 0.0549411, 0.0612072, 0.347197, 0.340395, 0
3.77, 2025-06-18__17-38-39.051016, -0.0298915, -0.434025, 0.0326229, -2.35669, 0.00306082, 1.82716, 0.803774, 0.398263, 0.0010867, 0.379976, 0.000301121, -9.79443e-05, 0.000776229, 0.398351, 0.00120438, 0.380151, 0, 0, 0, 0, 0, 0.436069, 0.341388, 0.340393, 0.407562, 0.343165, 0.0549409, 0.0612073, 0.347197, 0.340393, 0
3.78, 2025-06-18__17-38-39.061017, -0.0298964, -0.434023, 0.0326201, -2.3567, 0.00306009, 1.82716, 0.803774, 0.398261, 0.00108811, 0.379969, 0.00119173, 0.000393164, 0.00130844, 0.398351, 0.00120438, 0.380151, 0, 0, 0, 0, 0, 0.436064, 0.341385, 0.34039, 0.407561, 0.343165, 0.0549413, 0.0612071, 0.347197, 0.34039, 0
3.79, 2025-06-18__17-38-39.071020, -0.0298925, -0.434022, 0.0326208, -2.35669, 0.00306261, 1.82716, 0.803777, 0.398264, 0.00108683, 0.379974, 0.000120968, 0.00189259, -0.000217942, 0.398351, 0.00120438, 0.380151, 0, 0, 0, 0, 0, 0.436069, 0.341388, 0.340393, 0.407562, 0.343165, 0.054941, 0.0612073, 0.347197, 0.340393, 0
3.8, 2025-06-18__17-38-39.081018, -0.0298971, -0.434025, 0.0326199, -2.3567, 0.0030607, 1.82716, 0.803776, 0.398264, 0.00108608, 0.379973, 0.000152534, -0.00074469, -0.000381351, 0.398351, 0.00120438, 0.380151, 0, 0, 0, 0, 0, 0.436065, 0.341385, 0.34039, 0.407561, 0.343165, 0.0549413, 0.061207, 0.347197, 0.34039, 0
3.81, 2025-06-18__17-38-39.091018, -0.0298939, -0.434023, 0.0326253, -2.35669, 0.00306009, 1.82716, 0.803778, 0.398264, 0.00108623, 0.379974, -9.21897e-05, -0.000131242, -0.000323576, 0.398351, 0.00120438, 0.380151, 0, 0, 0, 0, 0, 0.436069, 0.341388, 0.340393, 0.407562, 0.343165, 0.0549411, 0.0612072, 0.347197, 0.340393, 0
3.82, 2025-06-18__17-38-39.101019, -0.0298939, -0.434026, 0.0326254, -2.35669, 0.0030639, 1.82716, 0.803777, 0.398264, 0.00108428, 0.379974, 0.000203299, -0.000812785, 0.000122028, 0.398351, 0.00120438, 0.380151, 0, 0, 0, 0, 0, 0.43607, 0.341388, 0.340393, 0.407562, 0.343165, 0.0549411, 0.0612072, 0.347197, 0.340393, 0
3.83, 2025-06-18__17-38-39.111019, -0.0298999, -0.434025, 0.0326229, -2.35669, 0.00306142, 1.82716, 0.80378, 0.398264, 0.00108651, 0.379974, 5.91316e-06, 0.000169945, -0.000480494, 0.398351, 0.00120438, 0.380151, 0, 0, 0, 0, 0, 0.436069, 0.341388, 0.340393, 0.407562, 0.343165, 0.0549414, 0.0612069, 0.347197, 0.340393, 0
3.84, 2025-06-18__17-38-39.121019, -0.0298971, -0.434022, 0.0326201, -2.35669, 0.0030595, 1.82716, 0.803778, 0.398264, 0.00108653, 0.379974, -0.000205785, -0.00226947, -0.000230549, 0.398351, 0.00120438, 0.380151, 0, 0, 0, 0, 0, 0.436069, 0.341388, 0.340393, 0.407562, 0.343165, 0.0549413, 0.061207, 0.347197, 0.340393, 0
3.85, 2025-06-18__17-38-39.131023, -0.0298972, -0.434025, 0.0326201, -2.35669, 0.0030607, 1.82716, 0.803781, 0.398264, 0.00108722, 0.379975, -4.44807e-05, -0.000636552, -3.48244e-05, 0.398351, 0.00120438, 0.380151, 0, 0, 0, 0, 0, 0.436069, 0.341388, 0.340394, 0.407562, 0.343165, 0.0549413, 0.061207, 0.347197, 0.340394, 0
3.86, 2025-06-18__17-38-39.141017, -0.0298978, -0.434021, 0.0326229, -2.35669, 0.0030607, 1.82716, 0.803778, 0.398264, 0.00108476, 0.379975, -0.000244396, -0.00189025, -0.000807803, 0.398351, 0.00120438, 0.380151, 0, 0, 0, 0, 0, 0.436069, 0.341388, 0.340393, 0.407562, 0.343165, 0.0549414, 0.061207, 0.347197, 0.340393, 0
3.87, 2025-06-18__17-38-39.151018, -0.0298943, -0.434022, 0.0326203, -2.35669, 0.00305938, 1.82716, 0.803783, 0.398264, 0.00108515, 0.379973, 0.000308232, 0.000727719, -0.000130075, 0.398351, 0.00120438, 0.380151, 0, 0, 0, 0, 0, 0.436069, 0.341388, 0.340394, 0.407562, 0.343165, 0.0549411, 0.0612072, 0.347197, 0.340394, 0
3.88, 2025-06-18__17-38-39.161020, -0.0298996, -0.434023, 0.0326231, -2.35669, 0.00306141, 1.82716, 0.803781, 0.398264, 0.00108415, 0.379972, 0.000280526, -0.000448708, -0.00020162, 0.398351, 0.00120438, 0.380151, 0, 0, 0, 0, 0, 0.436069, 0.341388, 0.340393, 0.407562, 0.343165, 0.0549415, 0.0612069, 0.347197, 0.340393, 0
3.89, 2025-06-18__17-38-39.171023, -0.0298971, -0.434021, 0.0326201, -2.35669, 0.0030639, 1.82716, 0.803776, 0.398263, 0.00108429, 0.379976, -6.37681e-05, -0.000532074, 0.000152422, 0.398351, 0.00120438, 0.380151, 0, 0, 0, 0, 0, 0.436069, 0.341388, 0.340393, 0.407562, 0.343165, 0.0549413, 0.061207, 0.347197, 0.340393, 0
3.9, 2025-06-18__17-38-39.181021, -0.0298971, -0.434023, 0.0326229, -2.3567, 0.00306009, 1.82716, 0.803774, 0.398264, 0.00108539, 0.379973, 0.000175065, 0.000708287, 0.000282346, 0.398351, 0.00120438, 0.380151, 0, 0, 0, 0, 0, 0.436064, 0.341385, 0.34039, 0.407561, 0.343165, 0.0549413, 0.061207, 0.347197, 0.34039, 0
3.91, 2025-06-18__17-38-39.191019, -0.0298971, -0.434025, 0.0326254, -2.35669, 0.00306145, 1.82716, 0.803774, 0.398264, 0.00108637, 0.379974, 5.0785e-05, 0.00017505, 0.000410573, 0.398351, 0.00120438, 0.380151, 0, 0, 0, 0, 0, 0.436069, 0.341388, 0.340393, 0.407562, 0.343165, 0.0549413, 0.061207, 0.347197, 0.340393, 0
3.92, 2025-06-18__17-38-39.201019, -0.0298971, -0.434025, 0.0326238, -2.35669, 0.00306009, 1.82716, 0.803774, 0.398261, 0.00108627, 0.379968, -0.000542284, 0.000450984, -0.00151824, 0.398351, 0.00120438, 0.380151, 0, 0, 0, 0, 0, 0.436069, 0.341388, 0.340393, 0.407562, 0.343165, 0.0549413, 0.061207, 0.347197, 0.340393, 0
3.93, 2025-06-18__17-38-39.211010, -0.0298993, -0.434025, 0.0326229, -2.3567, 0.00305754, 1.82716, 0.803775, 0.398264, 0.00108745, 0.379975, -0.000209744, 0.000225347, -0.000302624, 0.398351, 0.00120438, 0.380151, 0, 0, 0, 0, 0, 0.436065, 0.341385, 0.34039, 0.407561, 0.343165, 0.0549414, 0.0612069, 0.347197, 0.34039, 0
3.94, 2025-06-18__17-38-39.221020, -0.0298978, -0.434025, 0.0326229, -2.35669, 0.0030595, 1.82716, 0.803778, 0.398264, 0.001086, 0.379974, 0.00142569, 2.2384e-05, 0.000728132, 0.398351, 0.00120438, 0.380151, 0, 0, 0, 0, 0, 0.436069, 0.341388, 0.340393, 0.407562, 0.343165, 0.0549413, 0.061207, 0.347197, 0.340393, 0
3.95, 2025-06-18__17-38-39.231018, -0.0298971, -0.434023, 0.0326282, -2.35669, 0.0030607, 1.82716, 0.803775, 0.398263, 0.00108811, 0.379976, 0.000141378, 0.000735459, 0.000336441, 0.398351, 0.00120438, 0.380151, 0, 0, 0, 0, 0, 0.436069, 0.341388, 0.340393, 0.407562, 0.343165, 0.0549413, 0.061207, 0.347197, 0.340393, 0
3.96, 2025-06-18__17-38-39.241018, -0.0298999, -0.434023, 0.0326261, -2.35669, 0.00306177, 1.82716, 0.803775, 0.398261, 0.00108754, 0.37997, -0.000544484, 0.000527788, -0.000846112, 0.398351, 0.00120438, 0.380151, 0, 0, 0, 0, 0, 0.436069, 0.341388, 0.340393, 0.407562, 0.343165, 0.0549415, 0.0612069, 0.347197, 0.340393, 0
3.97, 2025-06-18__17-38-39.251020, -0.0298918, -0.434025, 0.0326229, -2.35669, 0.0030607, 1.82716, 0.803774, 0.398261, 0.00108418, 0.379969, -0.000432597, -0.000303947, -0.000646243, 0.398351, 0.00120438, 0.380151, 0, 0, 0, 0, 0, 0.436069, 0.341388, 0.340393, 0.407562, 0.343165, 0.0549409, 0.0612073, 0.347197, 0.340393, 0
3.98, 2025-06-18__17-38-39.261019, -0.0298999, -0.434022, 0.0326229, -2.35669, 0.00306009, 1.82716, 0.803773, 0.398261, 0.00108517, 0.37997, -0.000433425, -0.000181558, -0.000302562, 0.398351, 0.00120438, 0.380151, 0, 0, 0, 0, 0, 0.436069, 0.341388, 0.340393, 0.407562, 0.343165, 0.0549415, 0.0612069, 0.347197, 0.340393, 0
3.99, 2025-06-18__17-38-39.271019, -0.0298946, -0.43402, 0.0326286, -2.35669, 0.00306045, 1.82716, 0.803779, 0.398264, 0.00108482, 0.379973, 0.000212272, -0.000893372, -0.000143529, 0.398351, 0.00120438, 0.380151, 0, 0, 0, 0, 0, 0.436068, 0.341388, 0.340393, 0.407562, 0.343165, 0.0549412, 0.0612071, 0.347197, 0.340393, 0
4, 2025-06-18__17-38-39.281018, -0.0298953, -0.434022, 0.0326201, -2.3567, 0.0030639, 1.82716, 0.803774, 0.398261, 0.00108557, 0.379969, -0.000166167, -0.000114092, -2.8442e-05, 0.398351, 0.00120438, 0.380151, 0, 0, 0, 0, 0, 0.436064, 0.341385, 0.34039, 0.407561, 0.343165, 0.0549412, 0.0612071, 0.347197, 0.34039, 0
4.01, 2025-06-18__17-38-39.291017, -0.0298921, -0.434022, 0.0326314, -2.35669, 0.00305949, 1.82717, 0.803771, 0.398264, 0.00108793, 0.379974, 0.000536703, 7.29124e-05, 0.000982159, 0.398351, 0.00120438, 0.380151, 0, 0, 0, 0, 0, 0.436071, 0.34139, 0.340394, 0.407563, 0.343166, 0.054941, 0.0612073, 0.347197, 0.340394, 0
4.02, 2025-06-18__17-38-39.301042, -0.0298946, -0.434029, 0.0326261, -2.35669, 0.00306014, 1.82716, 0.803778, 0.398264, 0.00108855, 0.379974, 7.21406e-06, -0.000205383, -0.000194401, 0.398351, 0.00120438, 0.380151, 0, 0, 0, 0, 0, 0.43607, 0.341388, 0.340393, 0.407562, 0.343165, 0.0549411, 0.0612072, 0.347197, 0.340393, 0
4.03, 2025-06-18__17-38-39.311020, -0.0298944, -0.434026, 0.0326261, -2.35669, 0.00306009, 1.82716, 0.803778, 0.398263, 0.00108475, 0.379976, 8.4192e-05, -0.0012622, 0.000339566, 0.398351, 0.00120438, 0.380151, 0, 0, 0, 0, 0, 0.43607, 0.341388, 0.340393, 0.407562, 0.343165, 0.0549411, 0.0612072, 0.347197, 0.340393, 0
4.04, 2025-06-18__17-38-39.321018, -0.0298946, -0.434033, 0.0326286, -2.35669, 0.00306013, 1.82716, 0.803779, 0.398263, 0.00108672, 0.379976, -0.000229684, -1.52297e-05, 0.00021347, 0.398351, 0.00120438, 0.380151, 0, 0, 0, 0, 0, 0.436071, 0.341388, 0.340393, 0.407562, 0.343165, 0.054941, 0.0612072, 0.347197, 0.340393, 0
4.05, 2025-06-18__17-38-39.331017, -0.029897, -0.434021, 0.0326261, -2.35669, 0.00306082, 1.82716, 0.803778, 0.398263, 0.00108684, 0.379976, -3.99233e-05, -0.000262171, 0.000137327, 0.398351, 0.00120438, 0.380151, 0, 0, 0, 0, 0, 0.436069, 0.341388, 0.340393, 0.407562, 0.343165, 0.0549413, 0.061207, 0.347197, 0.340393, 0
4.06, 2025-06-18__17-38-39.341024, -0.0298944, -0.43402, 0.0326261, -2.35669, 0.0030607, 1.82717, 0.80378, 0.398264, 0.00108467, 0.379974, 5.4147e-05, 0.000806285, -0.000229662, 0.398351, 0.00120438, 0.380151, 0, 0, 0, 0, 0, 0.43607, 0.34139, 0.340395, 0.407563, 0.343166, 0.0549412, 0.0612072, 0.347197, 0.340395, 0
4.07, 2025-06-18__17-38-39.351020, -0.0298918, -0.434025, 0.0326233, -2.3567, 0.00306082, 1.82716, 0.803778, 0.398264, 0.00108569, 0.379975, 2.9319e-05, -0.000434698, -5.46974e-05, 0.398351, 0.00120438, 0.380151, 0, 0, 0, 0, 0, 0.436065, 0.341385, 0.34039, 0.407561, 0.343165, 0.0549409, 0.0612073, 0.347197, 0.34039, 0
4.08, 2025-06-18__17-38-39.361021, -0.0298978, -0.434023, 0.0326286, -2.3567, 0.00306006, 1.82716, 0.80378, 0.398264, 0.00108481, 0.379974, 7.80511e-05, -8.24961e-05, 6.69505e-05, 0.398351, 0.00120438, 0.380151, 0, 0, 0, 0, 0, 0.436064, 0.341385, 0.34039, 0.407561, 0.343165, 0.0549413, 0.061207, 0.347197, 0.34039, 0
4.09, 2025-06-18__17-38-39.371020, -0.0298967, -0.434021, 0.0326279, -2.35669, 0.00306389, 1.82716, 0.803778, 0.398261, 0.00108671, 0.37997, -0.000447284, -0.000685199, -0.000769168, 0.398351, 0.00120438, 0.380151, 0, 0, 0, 0, 0, 0.436069, 0.341388, 0.340393, 0.407562, 0.343165, 0.0549413, 0.061207, 0.347197, 0.340393, 0
4.1, 2025-06-18__17-38-39.381019, -0.029897, -0.434022, 0.0326314, -2.35669, 0.00305877, 1.82716, 0.803779, 0.398264, 0.00108769, 0.379973, 1.40083e-05, 8.29326e-05, -0.00026959, 0.398351, 0.00120438, 0.380151, 0, 0, 0, 0, 0, 0.436069, 0.341388, 0.340393, 0.407562, 0.343165, 0.0549413, 0.061207, 0.347197, 0.340393, 0
4.11, 2025-06-18__17-38-39.391016, -0.0298999, -0.434025, 0.032627, -2.35669, 0.00306071, 1.82716, 0.803781, 0.398264, 0.00108967, 0.379974, 0.000350984, 0.000400835, 0.000855319, 0.398351, 0.00120438, 0.380151, 0, 0, 0, 0, 0, 0.436069, 0.341388, 0.340393, 0.407562, 0.343165, 0.0549414, 0.0612069, 0.347197, 0.340393, 0
4.12, 2025-06-18__17-38-39.401019, -0.0298918, -0.434025, 0.0326264, -2.35669, 0.00306071, 1.82716, 0.803778, 0.398263, 0.00108842, 0.379976, -0.000214254, -0.00115098, 1.87476e-05, 0.398351, 0.00120438, 0.380151, 0, 0, 0, 0, 0, 0.436069, 0.341388, 0.340393, 0.407562, 0.343165, 0.0549409, 0.0612073, 0.347197, 0.340393, 0
4.13, 2025-06-18__17-38-39.411024, -0.0298943, -0.434025, 0.0326293, -2.35669, 0.00306009, 1.82716, 0.803773, 0.398263, 0.00108967, 0.379976, -5.15604e-05, -0.000363754, 0.00108866, 0.398351, 0.00120438, 0.380151, 0, 0, 0, 0, 0, 0.436069, 0.341388, 0.340393, 0.407562, 0.343165, 0.0549411, 0.0612072, 0.347197, 0.340393, 0
4.14, 2025-06-18__17-38-39.421020, -0.0298917, -0.434022, 0.0326293, -2.35669, 0.00306082, 1.82716, 0.803776, 0.398264, 0.0010869, 0.379974, -8.15928e-05, -0.000605358, -9.71285e-05, 0.398351, 0.00120438, 0.380151, 0, 0, 0, 0, 0, 0.436069, 0.341388, 0.340393, 0.407562, 0.343165, 0.054941, 0.0612073, 0.347197, 0.340393, 0
4.15, 2025-06-18__17-38-39.431019, -0.0298964, -0.434023, 0.0326318, -2.35669, 0.00306045, 1.82716, 0.803779, 0.398264, 0.00109205, 0.379975, -0.000141657, 0.000888414, -0.000397212, 0.398351, 0.00120438, 0.380151, 0, 0, 0, 0, 0, 0.436069, 0.341388, 0.340393, 0.407562, 0.343165, 0.0549413, 0.0612071, 0.347197, 0.340393, 0
4.16, 2025-06-18__17-38-39.441021, -0.0298946, -0.434028, 0.0326326, -2.35669, 0.00306013, 1.82716, 0.803778, 0.398266, 0.00108874, 0.379976, 0.000234234, -0.000245117, 0.000345553, 0.398351, 0.00120438, 0.380151, 0, 0, 0, 0, 0, 0.43607, 0.341388, 0.340393, 0.407562, 0.343165, 0.0549411, 0.0612072, 0.347197, 0.340393, 0
4.17, 2025-06-18__17-38-39.451019, -0.0298946, -0.434025, 0.0326297, -2.3567, 0.00306153, 1.82716, 0.80377, 0.398264, 0.00108797, 0.379974, -0.000206323, -0.000267757, -0.000181763, 0.398351, 0.00120438, 0.380151, 0, 0, 0, 0, 0, 0.436065, 0.341385, 0.340389, 0.407561, 0.343165, 0.0549411, 0.0612071, 0.347197, 0.340389, 0
4.18, 2025-06-18__17-38-39.461021, -0.0298946, -0.434021, 0.0326321, -2.3567, 0.0030639, 1.82716, 0.803774, 0.398264, 0.00108744, 0.379974, -5.69155e-05, -0.000258008, -0.000191746, 0.398351, 0.00120438, 0.380151, 0, 0, 0, 0, 0, 0.436064, 0.341385, 0.340389, 0.407561, 0.343165, 0.0549412, 0.0612071, 0.347197, 0.340389, 0
4.19, 2025-06-18__17-38-39.471021, -0.0298969, -0.434023, 0.0326347, -2.35669, 0.00306116, 1.82716, 0.803775, 0.398264, 0.00108957, 0.379973, 0.000304837, -8.9866e-05, 0.000236616, 0.398351, 0.00120438, 0.380151, 0, 0, 0, 0, 0, 0.436069, 0.341388, 0.340392, 0.407562, 0.343165, 0.0549413, 0.061207, 0.347197, 0.340392, 0
4.2, 2025-06-18__17-38-39.481020, -0.0298943, -0.434025, 0.0326276, -2.35669, 0.00306013, 1.82716, 0.803773, 0.398264, 0.00109163, 0.379975, 0.000130374, 0.000696513, 0.000129867, 0.398351, 0.00120438, 0.380151, 0, 0, 0, 0, 0, 0.436069, 0.341388, 0.340393, 0.407562, 0.343165, 0.0549411, 0.0612072, 0.347197, 0.340393, 0
4.21, 2025-06-18__17-38-39.491030, -0.0298971, -0.434023, 0.0326322, -2.35669, 0.0030607, 1.82716, 0.803774, 0.398264, 0.00108557, 0.379975, -8.78518e-05, -0.00115729, 0.000377947, 0.398351, 0.00120438, 0.380151, 0, 0, 0, 0, 0, 0.436069, 0.341388, 0.340392, 0.407562, 0.343165, 0.0549413, 0.061207, 0.347197, 0.340392, 0
4.22, 2025-06-18__17-38-39.501017, -0.0298895, -0.434025, 0.0326347, -2.35669, 0.0030607, 1.82716, 0.803774, 0.398264, 0.00109003, 0.379975, 4.72365e-05, 0.00239075, 0.000406081, 0.398351, 0.00120438, 0.380151, 0, 0, 0, 0, 0, 0.436069, 0.341388, 0.340392, 0.407562, 0.343165, 0.0549408, 0.0612074, 0.347197, 0.340392, 0
4.23, 2025-06-18__17-38-39.511018, -0.0298956, -0.434022, 0.0326251, -2.3567, 0.0030607, 1.82716, 0.803774, 0.398261, 0.00108908, 0.37997, -0.000470663, 0.00021288, -0.00057621, 0.398351, 0.00120438, 0.380151, 0, 0, 0, 0, 0, 0.436064, 0.341385, 0.34039, 0.407561, 0.343165, 0.0549412, 0.0612071, 0.347197, 0.34039, 0
4.24, 2025-06-18__17-38-39.521017, -0.029894, -0.434023, 0.0326324, -2.35669, 0.00306141, 1.82716, 0.803777, 0.398263, 0.00109073, 0.379976, 8.02122e-06, -0.000800307, 0.000224591, 0.398351, 0.00120438, 0.380151, 0, 0, 0, 0, 0, 0.436069, 0.341388, 0.340393, 0.407562, 0.343165, 0.0549411, 0.0612072, 0.347197, 0.340393, 0
4.25, 2025-06-18__17-38-39.531020, -0.029897, -0.43402, 0.0326297, -2.35669, 0.0030634, 1.82716, 0.803774, 0.398263, 0.00108941, 0.379976, -0.000244431, -2.75797e-05, 0.000426921, 0.398351, 0.00120438, 0.380151, 0, 0, 0, 0, 0, 0.436068, 0.341388, 0.340393, 0.407562, 0.343165, 0.0549413, 0.061207, 0.347197, 0.340393, 0
4.26, 2025-06-18__17-38-39.541019, -0.0298946, -0.434025, 0.0326346, -2.35669, 0.0030607, 1.82716, 0.803778, 0.398264, 0.00109012, 0.379973, -0.00152299, 0.00155929, -0.000904066, 0.398351, 0.00120438, 0.380151, 0, 0, 0, 0, 0, 0.436069, 0.341388, 0.340393, 0.407562, 0.343165, 0.0549411, 0.0612071, 0.347197, 0.340393, 0
4.27, 2025-06-18__17-38-39.551018, -0.0298948, -0.434025, 0.032635, -2.35669, 0.00306153, 1.82716, 0.803776, 0.398263, 0.00109079, 0.379977, -0.00026735, 0.000492425, 9.44651e-05, 0.398351, 0.00120438, 0.380151, 0, 0, 0, 0, 0, 0.436069, 0.341388, 0.340392, 0.407562, 0.343165, 0.0549411, 0.0612071, 0.347197, 0.340392, 0
4.28, 2025-06-18__17-38-39.561017, -0.0298993, -0.434023, 0.0326269, -2.3567, 0.0030607, 1.82716, 0.803781, 0.398264, 0.00108925, 0.379975, 9.77229e-05, 0.000419887, 0.00192273, 0.398351, 0.00120438, 0.380151, 0, 0, 0, 0, 0, 0.436064, 0.341385, 0.34039, 0.407561, 0.343165, 0.0549414, 0.0612069, 0.347197, 0.34039, 0
4.29, 2025-06-18__17-38-39.571017, -0.0299, -0.434022, 0.0326325, -2.35669, 0.0030607, 1.82716, 0.803772, 0.398264, 0.00108829, 0.379973, 0.000304987, -0.000131967, -0.00117095, 0.398351, 0.00120438, 0.380151, 0, 0, 0, 0, 0, 0.436069, 0.341388, 0.340392, 0.407562, 0.343165, 0.0549415, 0.0612069, 0.347197, 0.340392, 0
4.3, 2025-06-18__17-38-39.581017, -0.0298946, -0.434023, 0.0326326, -2.35669, 0.00305942, 1.82716, 0.803775, 0.398264, 0.00108912, 0.379975, -0.000129169, -0.000660189, 0.000536657, 0.398351, 0.00120438, 0.380151, 0, 0, 0, 0, 0, 0.436069, 0.341388, 0.340392, 0.407562, 0.343165, 0.0549411, 0.0612071, 0.347197, 0.340392, 0
4.31, 2025-06-18__17-38-39.591019, -0.0299006, -0.434023, 0.0326325, -2.3567, 0.0030611, 1.82716, 0.803777, 0.398264, 0.00108946, 0.379974, -0.00078647, 0.0007509, -0.00100412, 0.398351, 0.00120438, 0.380151, 0, 0, 0, 0, 0, 0.436064, 0.341385, 0.340389, 0.407561, 0.343165, 0.0549415, 0.0612068, 0.347197, 0.340389, 0
4.32, 2025-06-18__17-38-39.601018, -0.0298992, -0.434028, 0.0326379, -2.35669, 0.0030607, 1.82716, 0.803778, 0.398264, 0.00109216, 0.379974, -0.000300786, 0.000353403, -9.62424e-06, 0.398351, 0.00120438, 0.380151, 0, 0, 0, 0, 0, 0.43607, 0.341388, 0.340392, 0.407562, 0.343165, 0.0549414, 0.0612069, 0.347197, 0.340392, 0
4.33, 2025-06-18__17-38-39.611017, -0.0298971, -0.434019, 0.0326298, -2.35669, 0.00306435, 1.82716, 0.80378, 0.398264, 0.00109162, 0.379973, -0.000111512, 0.000454263, -0.000438402, 0.398351, 0.00120438, 0.380151, 0, 0, 0, 0, 0, 0.436068, 0.341388, 0.340393, 0.407562, 0.343165, 0.0549414, 0.061207, 0.347196, 0.340393, 0
4.34, 2025-06-18__17-38-39.621019, -0.0298979, -0.434022, 0.0326328, -2.35669, 0.00305973, 1.82716, 0.803778, 0.398261, 0.00108976, 0.379969, -0.00141838, 0.000201858, -0.000881237, 0.398351, 0.00120438, 0.380151, 0, 0, 0, 0, 0, 0.436069, 0.341388, 0.340393, 0.407562, 0.343165, 0.0549414, 0.061207, 0.347197, 0.340393, 0
4.35, 2025-06-18__17-38-39.631016, -0.0298992, -0.434022, 0.0326333, -2.35669, 0.0030601, 1.82716, 0.803779, 0.398264, 0.00109004, 0.379973, 0.000572271, -0.000557031, 0.000323732, 0.398351, 0.00120438, 0.380151, 0, 0, 0, 0, 0, 0.436069, 0.341388, 0.340393, 0.407562, 0.343165, 0.0549414, 0.0612069, 0.347197, 0.340393, 0
4.36, 2025-06-18__17-38-39.641017, -0.029897, -0.434019, 0.0326329, -2.35669, 0.00306212, 1.82716, 0.80378, 0.398264, 0.00109431, 0.379974, -5.32835e-05, 0.00075779, 0.000228837, 0.398351, 0.00120438, 0.380151, 0, 0, 0, 0, 0, 0.436068, 0.341388, 0.340393, 0.407562, 0.343165, 0.0549413, 0.061207, 0.347196, 0.340393, 0
4.37, 2025-06-18__17-38-39.651017, -0.0298927, -0.43402, 0.0326375, -2.35669, 0.0030607, 1.82716, 0.803778, 0.398264, 0.00108708, 0.379973, 0.000307919, -0.00153939, 0.0002199, 0.398351, 0.00120438, 0.380151, 0, 0, 0, 0, 0, 0.436069, 0.341388, 0.340392, 0.407562, 0.343165, 0.0549411, 0.0612073, 0.347197, 0.340392, 0
4.38, 2025-06-18__17-38-39.661019, -0.029897, -0.43402, 0.0326357, -2.3567, 0.00306213, 1.82716, 0.803779, 0.398261, 0.00108943, 0.37997, -0.000684097, -0.000610108, 6.59677e-05, 0.398351, 0.00120438, 0.380151, 0, 0, 0, 0, 0, 0.436064, 0.341385, 0.340389, 0.407561, 0.343165, 0.0549413, 0.061207, 0.347197, 0.340389, 0
4.39, 2025-06-18__17-38-39.671018, -0.0298971, -0.434017, 0.0326351, -2.35669, 0.00306035, 1.82716, 0.803778, 0.398264, 0.00109087, 0.379975, 0.000572159, -0.00117882, 0.00120234, 0.398351, 0.00120438, 0.380151, 0, 0, 0, 0, 0, 0.436068, 0.341388, 0.340392, 0.407562, 0.343165, 0.0549414, 0.061207, 0.347196, 0.340392, 0
4.4, 2025-06-18__17-38-39.681017, -0.0298945, -0.434025, 0.032633, -2.3567, 0.00306496, 1.82716, 0.803776, 0.398264, 0.0010923, 0.379974, -2.40979e-05, 0.000218151, -0.000217485, 0.398351, 0.00120438, 0.380151, 0, 0, 0, 0, 0, 0.436065, 0.341385, 0.340389, 0.407561, 0.343165, 0.0549411, 0.0612072, 0.347197, 0.340389, 0
4.41, 2025-06-18__17-38-39.691017, -0.0298967, -0.434022, 0.0326382, -2.35669, 0.00306009, 1.82716, 0.80378, 0.398263, 0.00109028, 0.379976, -0.000175852, -0.000458068, 0.000654852, 0.398351, 0.00120438, 0.380151, 0, 0, 0, 0, 0, 0.436069, 0.341388, 0.340392, 0.407562, 0.343165, 0.0549413, 0.061207, 0.347197, 0.340392, 0
4.42, 2025-06-18__17-38-39.701019, -0.0298962, -0.434022, 0.0326388, -2.35669, 0.00306145, 1.82716, 0.803775, 0.398264, 0.00109259, 0.379975, -0.000139198, -0.000478432, 0.000380715, 0.398351, 0.00120438, 0.380151, 0, 0, 0, 0, 0, 0.436069, 0.341388, 0.340392, 0.407562, 0.343165, 0.0549413, 0.0612071, 0.347197, 0.340392, 0
4.43, 2025-06-18__17-38-39.711017, -0.0298925, -0.434017, 0.0326389, -2.35669, 0.00306178, 1.82716, 0.803773, 0.398264, 0.00109285, 0.379974, 0.000134061, 0.000227626, -8.99225e-06, 0.398351, 0.00120438, 0.380151, 0, 0, 0, 0, 0, 0.436068, 0.341388, 0.340392, 0.407562, 0.343165, 0.0549411, 0.0612073, 0.347196, 0.340392, 0
4.44, 2025-06-18__17-38-39.721017, -0.0298946, -0.434025, 0.0326413, -2.35669, 0.00306013, 1.82716, 0.803774, 0.398261, 0.0010913, 0.379968, -0.000498731, -0.000326225, -0.00141325, 0.398351, 0.00120438, 0.380151, 0, 0, 0, 0, 0, 0.436069, 0.341388, 0.340392, 0.407562, 0.343165, 0.0549411, 0.0612071, 0.347197, 0.340392, 0
4.45, 2025-06-18__17-38-39.731017, -0.0298943, -0.434025, 0.0326414, -2.35669, 0.00306181, 1.82716, 0.803774, 0.398264, 0.00109452, 0.379975, 9.62808e-05, 0.000837422, 0.000247378, 0.398351, 0.00120438, 0.380151, 0, 0, 0, 0, 0, 0.436069, 0.341388, 0.340392, 0.407562, 0.343165, 0.0549411, 0.0612072, 0.347197, 0.340392, 0
4.46, 2025-06-18__17-38-39.741019, -0.0298946, -0.434022, 0.0326414, -2.35669, 0.00306009, 1.82716, 0.803774, 0.398264, 0.00109364, 0.379974, 6.325e-05, 0.000383785, 2.28803e-05, 0.398351, 0.00120438, 0.380151, 0, 0, 0, 0, 0, 0.436069, 0.341388, 0.340392, 0.407562, 0.343165, 0.0549412, 0.0612071, 0.347197, 0.340392, 0
4.47, 2025-06-18__17-38-39.751017, -0.0298971, -0.434022, 0.0326392, -2.3567, 0.00306106, 1.82716, 0.80378, 0.398261, 0.00109255, 0.379972, -0.000248878, 0.000372927, 0.00039012, 0.398351, 0.00120438, 0.380151, 0, 0, 0, 0, 0, 0.436064, 0.341385, 0.340389, 0.407561, 0.343165, 0.0549413, 0.061207, 0.347197, 0.340389, 0
4.48, 2025-06-18__17-38-39.761019, -0.0298897, -0.434028, 0.0326383, -2.3567, 0.00306248, 1.82716, 0.803778, 0.398263, 0.00109205, 0.379976, 0.000359793, 0.000820452, 0.000551495, 0.398351, 0.00120438, 0.380151, 0, 0, 0, 0, 0, 0.436065, 0.341385, 0.340389, 0.407561, 0.343165, 0.0549408, 0.0612074, 0.347197, 0.340389, 0
4.49, 2025-06-18__17-38-39.771019, -0.0298999, -0.43402, 0.0326389, -2.3567, 0.00306435, 1.82716, 0.803779, 0.398264, 0.00109122, 0.379975, -6.06746e-05, -0.000395374, 0.000372142, 0.398351, 0.00120438, 0.380151, 0, 0, 0, 0, 0, 0.436064, 0.341385, 0.340389, 0.407561, 0.343165, 0.0549415, 0.0612069, 0.347197, 0.340389, 0
4.5, 2025-06-18__17-38-39.781019, -0.0298946, -0.434022, 0.0326362, -2.3567, 0.00306009, 1.82716, 0.803778, 0.398261, 0.0010904, 0.379969, -6.85271e-05, -0.000475452, -7.26918e-05, 0.398351, 0.00120438, 0.380151, 0, 0, 0, 0, 0, 0.436064, 0.341385, 0.340389, 0.407561, 0.343165, 0.0549412, 0.0612071, 0.347197, 0.340389, 0
4.51, 2025-06-18__17-38-39.791017, -0.0298928, -0.434022, 0.0326414, -2.35669, 0.00306086, 1.82716, 0.803775, 0.398264, 0.00109038, 0.379974, -0.00011617, -0.000443822, -0.000288552, 0.398351, 0.00120438, 0.380151, 0, 0, 0, 0, 0, 0.436069, 0.341388, 0.340392, 0.407562, 0.343165, 0.054941, 0.0612072, 0.347197, 0.340392, 0
4.52, 2025-06-18__17-38-39.801016, -0.0298972, -0.434025, 0.0326389, -2.35669, 0.00306141, 1.82716, 0.803777, 0.398264, 0.00109126, 0.379974, 1.06694e-05, 0.00042978, -0.000282602, 0.398351, 0.00120438, 0.380151, 0, 0, 0, 0, 0, 0.436069, 0.341388, 0.340392, 0.407562, 0.343165, 0.0549413, 0.061207, 0.347197, 0.340392, 0
4.53, 2025-06-18__17-38-39.811020, -0.0298968, -0.43402, 0.0326389, -2.35669, 0.00306121, 1.82716, 0.803774, 0.398264, 0.00109273, 0.379975, 0.000115679, 0.000225707, 0.000405883, 0.398351, 0.00120438, 0.380151, 0, 0, 0, 0, 0, 0.436069, 0.341388, 0.340392, 0.407562, 0.343165, 0.0549413, 0.061207, 0.347197, 0.340392, 0
4.54, 2025-06-18__17-38-39.821018, -0.0298971, -0.434022, 0.0326396, -2.35669, 0.0030611, 1.82716, 0.803773, 0.398261, 0.00109571, 0.379968, -0.000274936, 0.000882481, -0.00112761, 0.398351, 0.00120438, 0.380151, 0, 0, 0, 0, 0, 0.436069, 0.341388, 0.340392, 0.407562, 0.343165, 0.0549413, 0.061207, 0.347197, 0.340392, 0
4.55, 2025-06-18__17-38-39.831020, -0.0298946, -0.434025, 0.0326413, -2.3567, 0.00306141, 1.82716, 0.80378, 0.398261, 0.00109282, 0.37997, -0.000311935, -9.67153e-05, -0.000287612, 0.398351, 0.00120438, 0.380151, 0, 0, 0, 0, 0, 0.436065, 0.341385, 0.340389, 0.407561, 0.343165, 0.0549411, 0.0612071, 0.347197, 0.340389, 0
4.56, 2025-06-18__17-38-39.841018, -0.0298973, -0.434022, 0.0326439, -2.35669, 0.00306116, 1.82716, 0.803774, 0.398264, 0.00109418, 0.379974, 0.000579811, 0.000494484, 0.000982568, 0.398351, 0.00120438, 0.380151, 0, 0, 0, 0, 0, 0.436069, 0.341388, 0.340392, 0.407562, 0.343165, 0.0549413, 0.061207, 0.347197, 0.340392, 0
4.57, 2025-06-18__17-38-39.851017, -0.0298971, -0.434022, 0.032642, -2.35669, 0.00306461, 1.82716, 0.803774, 0.398264, 0.00109267, 0.379973, 9.87846e-05, -0.000367484, -0.000319471, 0.398351, 0.00120438, 0.380151, 0, 0, 0, 0, 0, 0.436069, 0.341388, 0.340392, 0.407562, 0.343165, 0.0549413, 0.061207, 0.347197, 0.340392, 0
4.58, 2025-06-18__17-38-39.861016, -0.0298995, -0.434025, 0.0326393, -2.35669, 0.00306009, 1.82716, 0.803774, 0.398263, 0.00109251, 0.379976, -6.83915e-05, -0.00193465, 0.000385875, 0.398351, 0.00120438, 0.380151, 0, 0, 0, 0, 0, 0.436069, 0.341388, 0.340392, 0.407562, 0.343165, 0.0549414, 0.0612069, 0.347197, 0.340392, 0
4.59, 2025-06-18__17-38-39.871019, -0.029897, -0.434022, 0.0326421, -2.35669, 0.00306009, 1.82716, 0.803777, 0.398264, 0.0010929, 0.379972, -0.00119067, 0.00176658, -0.00100064, 0.398351, 0.00120438, 0.380151, 0, 0, 0, 0, 0, 0.436069, 0.341388, 0.340392, 0.407562, 0.343165, 0.0549413, 0.061207, 0.347197, 0.340392, 0
4.6, 2025-06-18__17-38-39.881017, -0.0298972, -0.434023, 0.0326382, -2.35669, 0.00306021, 1.82716, 0.803775, 0.398264, 0.00109037, 0.379975, -0.00137619, -0.000920281, -0.00173839, 0.398351, 0.00120438, 0.380151, 0, 0, 0, 0, 0, 0.436069, 0.341388, 0.340392, 0.407562, 0.343165, 0.0549413, 0.061207, 0.347197, 0.340392, 0
4.61, 2025-06-18__17-38-39.891019, -0.0298971, -0.434028, 0.032642, -2.3567, 0.0030607, 1.82716, 0.803773, 0.398264, 0.00109248, 0.379973, -0.000275584, -8.26397e-05, -0.00078544, 0.398351, 0.00120438, 0.380151, 0, 0, 0, 0, 0, 0.436065, 0.341385, 0.340389, 0.407561, 0.343165, 0.0549412, 0.061207, 0.347197, 0.340389, 0
4.62, 2025-06-18__17-38-39.901019, -0.0298971, -0.43402, 0.032639, -2.35669, 0.00306025, 1.82716, 0.803778, 0.398261, 0.00109367, 0.379969, -0.000582907, 0.000286324, -0.000966712, 0.398351, 0.00120438, 0.380151, 0, 0, 0, 0, 0, 0.436069, 0.341388, 0.340392, 0.407562, 0.343165, 0.0549413, 0.061207, 0.347197, 0.340392, 0
4.63, 2025-06-18__17-38-39.911020, -0.029901, -0.434022, 0.0326446, -2.3567, 0.00306145, 1.82716, 0.803774, 0.398261, 0.00109286, 0.37997, -0.000731057, -0.00266225, -0.000705395, 0.398351, 0.00120438, 0.380151, 0, 0, 0, 0, 0, 0.436064, 0.341385, 0.340388, 0.407561, 0.343165, 0.0549415, 0.0612068, 0.347197, 0.340388, 0
4.64, 2025-06-18__17-38-39.921016, -0.0298944, -0.434022, 0.0326446, -2.35669, 0.00306045, 1.82716, 0.803779, 0.398264, 0.00109326, 0.379974, 0.00011422, -0.000157169, -0.000172034, 0.398351, 0.00120438, 0.380151, 0, 0, 0, 0, 0, 0.436069, 0.341388, 0.340392, 0.407562, 0.343165, 0.0549411, 0.0612072, 0.347197, 0.340392, 0
4.65, 2025-06-18__17-38-39.931019, -0.0298947, -0.43402, 0.0326441, -2.35669, 0.00306544, 1.82716, 0.80378, 0.398264, 0.00109337, 0.379975, -0.000239077, -0.00260038, -0.000168577, 0.398351, 0.00120438, 0.380151, 0, 0, 0, 0, 0, 0.436068, 0.341388, 0.340392, 0.407562, 0.343165, 0.0549412, 0.0612071, 0.347197, 0.340392, 0
4.66, 2025-06-18__17-38-39.941023, -0.0298921, -0.434028, 0.0326446, -2.35669, 0.00306013, 1.82716, 0.803776, 0.398264, 0.00109269, 0.379975, -2.60534e-05, -0.00232525, 0.000294394, 0.398351, 0.00120438, 0.380151, 0, 0, 0, 0, 0, 0.43607, 0.341388, 0.340392, 0.407562, 0.343165, 0.0549409, 0.0612073, 0.347197, 0.340392, 0
4.67, 2025-06-18__17-38-39.951018, -0.029894, -0.434025, 0.0326474, -2.35669, 0.00306486, 1.82716, 0.803777, 0.398264, 0.00109592, 0.379975, 3.23125e-05, 0.000543647, 0.00024727, 0.398351, 0.00120438, 0.380151, 0, 0, 0, 0, 0, 0.436069, 0.341388, 0.340392, 0.407562, 0.343165, 0.0549411, 0.0612072, 0.347197, 0.340392, 0
4.68, 2025-06-18__17-38-39.961019, -0.0298946, -0.43402, 0.0326474, -2.35669, 0.0030607, 1.82716, 0.803772, 0.398261, 0.00109483, 0.37997, -0.0005756, -0.000209496, -0.00074338, 0.398351, 0.00120438, 0.380151, 0, 0, 0, 0, 0, 0.436069, 0.341388, 0.340391, 0.407562, 0.343165, 0.0549412, 0.0612071, 0.347197, 0.340391, 0
4.69, 2025-06-18__17-38-39.971020, -0.0298918, -0.434017, 0.0326453, -2.35669, 0.00306177, 1.82716, 0.803773, 0.398261, 0.00109533, 0.379968, 9.60976e-05, 0.00170761, -0.000269701, 0.398351, 0.00120438, 0.380151, 0, 0, 0, 0, 0, 0.436068, 0.341388, 0.340392, 0.407562, 0.343165, 0.0549411, 0.0612073, 0.347196, 0.340392, 0
4.7, 2025-06-18__17-38-39.981020, -0.0298949, -0.434022, 0.032646, -2.35669, 0.0030607, 1.82716, 0.803776, 0.398261, 0.00109749, 0.379969, -0.000215867, -0.000280683, -0.000161514, 0.398351, 0.00120438, 0.380151, 0, 0, 0, 0, 0, 0.436069, 0.341388, 0.340392, 0.407562, 0.343165, 0.0549412, 0.0612071, 0.347197, 0.340392, 0
4.71, 2025-06-18__17-38-39.991020, -0.0298911, -0.434022, 0.0326484, -2.35669, 0.00305938, 1.82716, 0.803778, 0.398261, 0.00109499, 0.37997, -0.000786558, -0.00041841, -0.000787314, 0.398351, 0.00120438, 0.380151, 0, 0, 0, 0, 0, 0.436069, 0.341388, 0.340392, 0.407562, 0.343165, 0.0549409, 0.0612073, 0.347197, 0.340392, 0
4.72, 2025-06-18__17-38-40.001017, -0.0298964, -0.434025, 0.0326456, -2.35669, 0.0030607, 1.82716, 0.803779, 0.398264, 0.00109683, 0.379973, -0.000188715, -0.000378434, -0.000775341, 0.398351, 0.00120438, 0.380151, 0, 0, 0, 0, 0, 0.436069, 0.341388, 0.340392, 0.407562, 0.343165, 0.0549412, 0.0612071, 0.347197, 0.340392, 0
4.73, 2025-06-18__17-38-40.011022, -0.0298936, -0.434022, 0.0326456, -2.35669, 0.00306074, 1.82716, 0.803776, 0.398264, 0.00109513, 0.379973, 0.000147325, -0.00069286, -0.000222708, 0.398351, 0.00120438, 0.380151, 0, 0, 0, 0, 0, 0.436069, 0.341388, 0.340392, 0.407562, 0.343165, 0.0549411, 0.0612072, 0.347197, 0.340392, 0
4.74, 2025-06-18__17-38-40.021017, -0.0298968, -0.434025, 0.0326457, -2.3567, 0.00306009, 1.82716, 0.803773, 0.398264, 0.00109864, 0.379973, 0.000191522, 0.00112961, -0.00011456, 0.398351, 0.00120438, 0.380151, 0, 0, 0, 0, 0, 0.436065, 0.341385, 0.340388, 0.407561, 0.343165, 0.0549413, 0.061207, 0.347197, 0.340388, 0
4.75, 2025-06-18__17-38-40.031018, -0.0298971, -0.434022, 0.0326485, -2.35669, 0.0030612, 1.82716, 0.803774, 0.398264, 0.00109679, 0.379975, 0.000690874, -0.000369225, 0.00124765, 0.398351, 0.00120438, 0.380151, 0, 0, 0, 0, 0, 0.436069, 0.341388, 0.340391, 0.407562, 0.343165, 0.0549413, 0.061207, 0.347197, 0.340391, 0
4.76, 2025-06-18__17-38-40.041019, -0.0298945, -0.434022, 0.0326485, -2.35669, 0.00306426, 1.82716, 0.803777, 0.398264, 0.00109619, 0.379975, 0.000241207, 0.000307325, 0.000669002, 0.398351, 0.00120438, 0.380151, 0, 0, 0, 0, 0, 0.436069, 0.341388, 0.340392, 0.407562, 0.343165, 0.0549412, 0.0612072, 0.347197, 0.340392, 0
4.77, 2025-06-18__17-38-40.051019, -0.0298945, -0.434022, 0.0326511, -2.3567, 0.00306188, 1.82716, 0.80378, 0.398264, 0.00109807, 0.379974, 5.56476e-05, 0.000201157, 0.00042473, 0.398351, 0.00120438, 0.380151, 0, 0, 0, 0, 0, 0.436064, 0.341385, 0.340388, 0.407561, 0.343165, 0.0549412, 0.0612072, 0.347197, 0.340388, 0
4.78, 2025-06-18__17-38-40.061018, -0.0298918, -0.43402, 0.0326478, -2.3567, 0.00306082, 1.82716, 0.803783, 0.398264, 0.00109628, 0.379972, 0.000247403, 0.000607864, -0.000126569, 0.398351, 0.00120438, 0.380151, 0, 0, 0, 0, 0, 0.436064, 0.341385, 0.340389, 0.407561, 0.343165, 0.054941, 0.0612073, 0.347197, 0.340389, 0
4.79, 2025-06-18__17-38-40.071019, -0.0298971, -0.434025, 0.0326465, -2.3567, 0.00306329, 1.82716, 0.80378, 0.398261, 0.00109486, 0.379969, -0.000548631, -0.00110469, -0.000822416, 0.398351, 0.00120438, 0.380151, 0, 0, 0, 0, 0, 0.436065, 0.341385, 0.340389, 0.407561, 0.343165, 0.0549413, 0.061207, 0.347197, 0.340389, 0
4.8, 2025-06-18__17-38-40.081021, -0.0298946, -0.434025, 0.0326489, -2.3567, 0.00306071, 1.82716, 0.803771, 0.398261, 0.00109743, 0.379968, -0.000658636, 0.00120162, -0.000986614, 0.398351, 0.00120438, 0.380151, 0, 0, 0, 0, 0, 0.436065, 0.341385, 0.340388, 0.407561, 0.343165, 0.0549411, 0.0612071, 0.347197, 0.340388, 0
4.81, 2025-06-18__17-38-40.091019, -0.0299001, -0.434022, 0.0326516, -2.35669, 0.00306151, 1.82716, 0.803772, 0.398264, 0.00109601, 0.379974, 0.000185126, -0.000323125, 0.000281129, 0.398351, 0.00120438, 0.380151, 0, 0, 0, 0, 0, 0.436069, 0.341388, 0.340391, 0.407562, 0.343165, 0.0549415, 0.0612068, 0.347197, 0.340391, 0
4.82, 2025-06-18__17-38-40.101019, -0.0298926, -0.434022, 0.0326513, -2.35669, 0.00306259, 1.82716, 0.803783, 0.398264, 0.00109297, 0.379974, 0.000226596, -0.00108009, 0.000307669, 0.398351, 0.00120438, 0.380151, 0, 0, 0, 0, 0, 0.436069, 0.341388, 0.340392, 0.407562, 0.343165, 0.054941, 0.0612073, 0.347197, 0.340392, 0
4.83, 2025-06-18__17-38-40.111018, -0.0298953, -0.434022, 0.0326516, -2.35669, 0.00306431, 1.82716, 0.803779, 0.398264, 0.00109663, 0.379974, -0.000122921, 4.15697e-06, -5.66847e-05, 0.398351, 0.00120438, 0.380151, 0, 0, 0, 0, 0, 0.436069, 0.341388, 0.340392, 0.407562, 0.343165, 0.0549412, 0.0612071, 0.347197, 0.340392, 0
4.84, 2025-06-18__17-38-40.121020, -0.0298946, -0.434022, 0.0326493, -2.35669, 0.00306009, 1.82716, 0.803779, 0.398264, 0.00109614, 0.379973, 0.000106803, 0.000724627, 4.80309e-05, 0.398351, 0.00120438, 0.380151, 0, 0, 0, 0, 0, 0.436069, 0.341388, 0.340392, 0.407562, 0.343165, 0.0549412, 0.0612071, 0.347197, 0.340392, 0
4.85, 2025-06-18__17-38-40.131018, -0.029895, -0.434022, 0.0326486, -2.35669, 0.00306045, 1.82716, 0.803773, 0.398264, 0.00109808, 0.379974, 0.000678068, 0.000852752, 0.00016149, 0.398351, 0.00120438, 0.380151, 0, 0, 0, 0, 0, 0.436069, 0.341388, 0.340391, 0.407562, 0.343165, 0.0549412, 0.0612071, 0.347197, 0.340391, 0
4.86, 2025-06-18__17-38-40.141019, -0.0298979, -0.434027, 0.0326489, -2.3567, 0.00306009, 1.82716, 0.803771, 0.398264, 0.00109625, 0.379975, -3.20187e-05, -0.00148744, 0.000663209, 0.398351, 0.00120438, 0.380151, 0, 0, 0, 0, 0, 0.436065, 0.341385, 0.340388, 0.407561, 0.343165, 0.0549413, 0.061207, 0.347197, 0.340388, 0
4.87, 2025-06-18__17-38-40.151019, -0.0298925, -0.434026, 0.0326542, -2.35669, 0.00305973, 1.82716, 0.80378, 0.398264, 0.00109434, 0.379974, -0.000159483, -0.000922396, -0.000239625, 0.398351, 0.00120438, 0.380151, 0, 0, 0, 0, 0, 0.43607, 0.341388, 0.340391, 0.407562, 0.343165, 0.054941, 0.0612073, 0.347197, 0.340391, 0
4.88, 2025-06-18__17-38-40.161018, -0.0298945, -0.434022, 0.0326569, -2.35669, 0.00306082, 1.82716, 0.803775, 0.398264, 0.00109748, 0.379975, 0.000144187, -0.000470835, 0.000567656, 0.398351, 0.00120438, 0.380151, 0, 0, 0, 0, 0, 0.436069, 0.341388, 0.340391, 0.407562, 0.343165, 0.0549412, 0.0612072, 0.347197, 0.340391, 0
4.89, 2025-06-18__17-38-40.171019, -0.0298964, -0.434028, 0.0326542, -2.35669, 0.00306426, 1.82717, 0.80378, 0.398264, 0.00109808, 0.379973, -0.00010986, 0.00068504, -0.000536989, 0.398351, 0.00120438, 0.380151, 0, 0, 0, 0, 0, 0.436072, 0.34139, 0.340393, 0.407563, 0.343166, 0.0549412, 0.0612071, 0.347197, 0.340393, 0
4.9, 2025-06-18__17-38-40.181018, -0.0298924, -0.434028, 0.0326517, -2.35669, 0.00306009, 1.82716, 0.803778, 0.398264, 0.00109645, 0.379973, 0.00019105, -0.000429118, -0.000239998, 0.398351, 0.00120438, 0.380151, 0, 0, 0, 0, 0, 0.43607, 0.341388, 0.340391, 0.407562, 0.343165, 0.0549409, 0.0612073, 0.347197, 0.340391, 0
4.91, 2025-06-18__17-38-40.191018, -0.0298946, -0.43402, 0.0326489, -2.3567, 0.00306143, 1.82716, 0.803772, 0.398266, 0.00109745, 0.379974, 9.63512e-05, 0.000561, -0.000444414, 0.398351, 0.00120438, 0.380151, 0, 0, 0, 0, 0, 0.436064, 0.341385, 0.340388, 0.407561, 0.343165, 0.0549412, 0.0612071, 0.347197, 0.340388, 0
4.92, 2025-06-18__17-38-40.201019, -0.0298946, -0.434022, 0.0326539, -2.35669, 0.0030595, 1.82716, 0.803775, 0.398261, 0.00109625, 0.379969, -0.000495058, -0.000639386, -0.000925677, 0.398351, 0.00120438, 0.380151, 0, 0, 0, 0, 0, 0.436069, 0.341388, 0.340391, 0.407562, 0.343165, 0.0549412, 0.0612071, 0.347197, 0.340391, 0
4.93, 2025-06-18__17-38-40.211019, -0.0298911, -0.434022, 0.0326564, -2.35669, 0.00305943, 1.82716, 0.803776, 0.398261, 0.00109835, 0.379968, -0.000368822, 0.000193639, -0.000816376, 0.398351, 0.00120438, 0.380151, 0, 0, 0, 0, 0, 0.436069, 0.341388, 0.340391, 0.407562, 0.343165, 0.0549409, 0.0612073, 0.347197, 0.340391, 0
4.94, 2025-06-18__17-38-40.221020, -0.0298967, -0.43402, 0.0326544, -2.35669, 0.00306407, 1.82716, 0.803775, 0.398261, 0.00109654, 0.37997, -0.000460404, -0.000538379, -0.000444514, 0.398351, 0.00120438, 0.380151, 0, 0, 0, 0, 0, 0.436069, 0.341388, 0.340391, 0.407562, 0.343165, 0.0549413, 0.061207, 0.347197, 0.340391, 0
4.95, 2025-06-18__17-38-40.231018, -0.0298947, -0.434025, 0.032658, -2.35669, 0.00306224, 1.82716, 0.803776, 0.398263, 0.00109875, 0.379976, -0.000610819, -0.000260151, 4.17159e-05, 0.398351, 0.00120438, 0.380151, 0, 0, 0, 0, 0, 0.436069, 0.341388, 0.340391, 0.407562, 0.343165, 0.0549411, 0.0612071, 0.347197, 0.340391, 0
4.96, 2025-06-18__17-38-40.241021, -0.0298918, -0.434022, 0.0326548, -2.35669, 0.00306009, 1.82716, 0.803778, 0.398261, 0.00109845, 0.379969, -0.000196919, -5.71202e-05, -0.000263497, 0.398351, 0.00120438, 0.380151, 0, 0, 0, 0, 0, 0.436069, 0.341388, 0.340391, 0.407562, 0.343165, 0.054941, 0.0612073, 0.347197, 0.340391, 0
4.97, 2025-06-18__17-38-40.251018, -0.0298992, -0.434022, 0.0326521, -2.35669, 0.00306329, 1.82716, 0.803779, 0.398264, 0.00109973, 0.379972, 0.000346504, 0.00127147, 0.000751222, 0.398351, 0.00120438, 0.380151, 0, 0, 0, 0, 0, 0.436069, 0.341388, 0.340392, 0.407562, 0.343165, 0.0549414, 0.0612069, 0.347197, 0.340392, 0
4.98, 2025-06-18__17-38-40.261017, -0.0298947, -0.434022, 0.0326548, -2.3567, 0.00306107, 1.82716, 0.803779, 0.398264, 0.00109953, 0.379972, 0.000225964, -8.56605e-05, -0.0008078, 0.398351, 0.00120438, 0.380151, 0, 0, 0, 0, 0, 0.436064, 0.341385, 0.340388, 0.407561, 0.343165, 0.0549412, 0.0612071, 0.347197, 0.340388, 0
4.99, 2025-06-18__17-38-40.271022, -0.0298946, -0.434022, 0.0326548, -2.35669, 0.00306145, 1.82717, 0.803776, 0.398263, 0.00109778, 0.379976, 0.00161536, -0.000318674, 0.00174569, 0.398351, 0.00120438, 0.380151, 0, 0, 0, 0, 0, 0.436071, 0.34139, 0.340393, 0.407563, 0.343166, 0.0549412, 0.0612071, 0.347197, 0.340393, 0
5, 2025-06-18__17-38-40.281019, -0.0298999, -0.434028, 0.0326542, -2.3567, 0.00306083, 1.82716, 0.803777, 0.398264, 0.00109869, 0.379974, 7.50475e-05, 8.14965e-05, 8.12794e-05, 0.398351, 0.00120438, 0.380151, 0, 0, 0, 0, 0, 0.436065, 0.341385, 0.340388, 0.407561, 0.343165, 0.0549414, 0.0612069, 0.347197, 0.340388, 0
5.01, 2025-06-18__17-38-40.291020, -0.0298939, -0.434025, 0.0326574, -2.3567, 0.00306106, 1.82716, 0.803777, 0.398264, 0.00109627, 0.379975, 0.000193731, -0.000847482, 0.0003415, 0.398351, 0.00120438, 0.380151, 0, 0, 0, 0, 0, 0.436065, 0.341385, 0.340388, 0.407561, 0.343165, 0.0549411, 0.0612072, 0.347197, 0.340388, 0
5.02, 2025-06-18__17-38-40.301019, -0.0299103, -0.434038, 0.0326474, -2.35671, 0.00303617, 1.82712, 0.803735, 0.398259, 0.00109401, 0.37997, -0.0020149, -0.00356527, -0.000334032, -0.401649, -0.398796, 0.180151, 0, 0, 0, 0, 0, 0.436056, 0.341375, 0.340375, 0.407557, 0.343163, 0.0549419, 0.0612063, 0.347198, 0.340375, 0
5.03, 2025-06-18__17-38-40.311019, -0.0303431, -0.435023, 0.0320868, -2.35753, 0.00251523, 1.82615, 0.802891, 0.397844, 0.00067464, 0.379926, -0.0586264, -0.0568946, -0.00407859, -0.401649, -0.398796, 0.180151, 0, 0, 0, 0, 0, 0.4357, 0.340941, 0.339909, 0.407416, 0.34309, 0.0549544, 0.0611829, 0.34725, 0.339909, 0
5.04, 2025-06-18__17-38-40.321020, -0.0309237, -0.438235, 0.0311651, -2.35981, 0.00188406, 1.82492, 0.800886, 0.396841, -4.0296e-05, 0.380061, -0.112897, -0.0718258, 0.0174675, -0.401649, -0.398796, 0.180151, 0, 0, 0, 0, 0, 0.435033, 0.339991, 0.33888, 0.407166, 0.342999, 0.0549439, 0.0611524, 0.34742, 0.33888, 0
5.05, 2025-06-18__17-38-40.331020, -0.0319206, -0.442557, 0.0304801, -2.36375, 0.00115869, 1.8239, 0.797887, 0.395373, -0.000810084, 0.379984, -0.154962, -0.0869883, -0.0315158, -0.401649, -0.398796, 0.180151, 0, 0, 0, 0, 0, 0.433835, 0.338544, 0.33728, 0.406837, 0.34291, 0.054942, 0.0610996, 0.347649, 0.33728, 0
5.06, 2025-06-18__17-38-40.341019, -0.0335478, -0.446926, 0.0295738, -2.36924, 0.000298987, 1.82321, 0.794385, 0.393544, -0.00194221, 0.379195, -0.192503, -0.113665, -0.079572, -0.401649, -0.398796, 0.180151, 0, 0, 0, 0, 0, 0.431976, 0.336649, 0.335216, 0.40644, 0.342846, 0.0549769, 0.0610123, 0.34788, 0.335216, 0
5.07, 2025-06-18__17-38-40.351018, -0.0351909, -0.453351, 0.0285129, -2.37607, -0.000482013, 1.82272, 0.790922, 0.391315, -0.00313582, 0.378557, -0.238137, -0.122057, -0.0593162, -0.401649, -0.398796, 0.180151, 0, 0, 0, 0, 0, 0.429892, 0.334346, 0.332765, 0.405965, 0.3428, 0.0549804, 0.0609253, 0.34822, 0.332765, 0
5.08, 2025-06-18__17-38-40.361016, -0.0369123, -0.46169, 0.0268755, -2.38451, -0.00124629, 1.82196, 0.78765, 0.38849, -0.00452661, 0.377925, -0.294828, -0.148626, -0.0759057, -0.401649, -0.398796, 0.180151, 0, 0, 0, 0, 0, 0.427348, 0.33146, 0.329787, 0.405335, 0.342732, 0.0549566, 0.0608353, 0.34866, 0.329787, 0
5.09, 2025-06-18__17-38-40.371018, -0.0388424, -0.471272, 0.0245974, -2.39388, -0.00199939, 1.8214, 0.7843, 0.385351, -0.00621162, 0.37734, -0.312651, -0.170742, -0.0533366, -0.401649, -0.398796, 0.180151, 0, 0, 0, 0, 0, 0.424616, 0.328299, 0.326579, 0.404626, 0.34268, 0.0549215, 0.0607351, 0.349164, 0.326579, 0
5.1, 2025-06-18__17-38-40.381022, -0.0408831, -0.481446, 0.0221575, -2.40387, -0.00268166, 1.82125, 0.780481, 0.382111, -0.00797389, 0.37673, -0.331329, -0.177317, -0.0721955, -0.401649, -0.398796, 0.180151, 0, 0, 0, 0, 0, 0.421757, 0.325003, 0.323228, 0.40387, 0.342661, 0.0548783, 0.0606297, 0.349697, 0.323228, 0
5.11, 2025-06-18__17-38-40.391017, -0.0431878, -0.492412, 0.019885, -2.41482, -0.00333597, 1.82102, 0.776527, 0.378567, -0.00974151, 0.375899, -0.362936, -0.174704, -0.0806562, -0.401649, -0.398796, 0.180151, 0, 0, 0, 0, 0, 0.418563, 0.321373, 0.319536, 0.402983, 0.342635, 0.0548318, 0.0605111, 0.35027, 0.319536, 0
5.12, 2025-06-18__17-38-40.401016, -0.0455885, -0.504514, 0.0176094, -2.42629, -0.00397498, 1.82089, 0.772917, 0.374827, -0.0114985, 0.375202, -0.376047, -0.175965, -0.0558403, -0.401649, -0.398796, 0.180151, 0, 0, 0, 0, 0, 0.415331, 0.317586, 0.31572, 0.402008, 0.342619, 0.0547643, 0.060389, 0.350901, 0.31572, 0
5.13, 2025-06-18__17-38-40.411019, -0.0479824, -0.517018, 0.0150928, -2.4383, -0.00461948, 1.82078, 0.769813, 0.370941, -0.0132814, 0.374421, -0.392751, -0.178821, -0.0831839, -0.401649, -0.398796, 0.180151, 0, 0, 0, 0, 0, 0.411906, 0.313623, 0.311754, 0.400927, 0.342605, 0.0556891, 0.0603525, 0.347285, 0.311754, 0
5.14, 2025-06-18__17-38-40.421015, -0.0503311, -0.52986, 0.0121112, -2.45064, -0.00536589, 1.82069, 0.76672, 0.366941, -0.0151675, 0.373521, -0.400977, -0.192119, -0.0862649, -0.401649, -0.398796, 0.180151, 0, 0, 0, 0, 0, 0.408372, 0.309551, 0.307649, 0.39975, 0.342593, 0.0567425, 0.0603125, 0.343564, 0.307649, 0
5.15, 2025-06-18__17-38-40.431015, -0.0527639, -0.543374, 0.00892954, -2.46333, -0.00629666, 1.82057, 0.76331, 0.36283, -0.017145, 0.372686, -0.415059, -0.197067, -0.0887625, -0.401649, -0.398796, 0.180151, 0, 0, 0, 0, 0, 0.404768, 0.305354, 0.303346, 0.398465, 0.342579, 0.057918, 0.0602589, 0.339839, 0.303346, 0
5.16, 2025-06-18__17-38-40.441018, -0.0552662, -0.557237, 0.00577665, -2.47627, -0.00733566, 1.82036, 0.759532, 0.358604, -0.0190924, 0.371779, -0.423431, -0.193058, -0.0906686, -0.401649, -0.398796, 0.180151, 0, 0, 0, 0, 0, 0.401072, 0.301052, 0.298877, 0.397069, 0.342557, 0.0580438, 0.0601236, 0.340327, 0.298877, 0
5.17, 2025-06-18__17-38-40.451019, -0.0578564, -0.571302, 0.00271729, -2.48939, -0.00854385, 1.82015, 0.755516, 0.354337, -0.0210184, 0.370822, -0.431708, -0.191163, -0.0976872, -0.401649, -0.398796, 0.180151, 0, 0, 0, 0, 0, 0.397303, 0.296685, 0.294325, 0.395589, 0.342535, 0.058091, 0.0599793, 0.341095, 0.294325, 0
5.18, 2025-06-18__17-38-40.461019, -0.0604871, -0.585701, -0.000474211, -2.50257, -0.00994159, 1.81981, 0.751679, 0.350004, -0.0229559, 0.369859, -0.432995, -0.19272, -0.0871807, -0.401649, -0.398796, 0.180151, 0, 0, 0, 0, 0, 0.393521, 0.292272, 0.289748, 0.394091, 0.342504, 0.0581266, 0.0598337, 0.341879, 0.289748, 0
5.19, 2025-06-18__17-38-40.471039, -0.0630419, -0.600365, -0.00394727, -2.51596, -0.0115819, 1.81937, 0.747959, 0.345603, -0.0249262, 0.368853, -0.442933, -0.194359, -0.104346, -0.401649, -0.398796, 0.180151, 0, 0, 0, 0, 0, 0.389647, 0.287769, 0.285105, 0.392572, 0.342464, 0.0581435, 0.0596935, 0.342676, 0.285105, 0
5.2, 2025-06-18__17-38-40.481022, -0.0656524, -0.615145, -0.00763476, -2.52926, -0.0135161, 1.81883, 0.744027, 0.341181, -0.0269799, 0.367805, -0.438557, -0.202236, -0.0998985, -0.401649, -0.398796, 0.180151, 0, 0, 0, 0, 0, 0.385792, 0.283269, 0.280465, 0.391064, 0.342417, 0.0581506, 0.0595513, 0.343477, 0.280465, 0
5.21, 2025-06-18__17-38-40.491019, -0.0682804, -0.630102, -0.0113728, -2.54262, -0.0156973, 1.81802, 0.739749, 0.336712, -0.0290138, 0.366717, -0.45031, -0.20033, -0.11172, -0.401649, -0.398796, 0.180151, 0, 0, 0, 0, 0, 0.381865, 0.278691, 0.275731, 0.389534, 0.342348, 0.0581445, 0.0594094, 0.344285, 0.275731, 0
5.22, 2025-06-18__17-38-40.501018, -0.0710133, -0.645336, -0.0150763, -2.55591, -0.0180281, 1.81691, 0.735292, 0.332192, -0.0310468, 0.36565, -0.448743, -0.200503, -0.115914, -0.401649, -0.398796, 0.180151, 0, 0, 0, 0, 0, 0.377943, 0.274075, 0.270952, 0.387994, 0.342255, 0.0581289, 0.0592629, 0.345106, 0.270952, 0
5.23, 2025-06-18__17-38-40.511019, -0.0738143, -0.660726, -0.0188659, -2.56918, -0.0204661, 1.81561, 0.731192, 0.327641, -0.0330538, 0.364578, -0.453622, -0.199393, -0.105523, -0.401649, -0.398796, 0.180151, 0, 0, 0, 0, 0, 0.374006, 0.269435, 0.266185, 0.386451, 0.342147, 0.0581025, 0.0591141, 0.345932, 0.266185, 0
5.24, 2025-06-18__17-38-40.521018, -0.076546, -0.676006, -0.0228767, -2.58232, -0.022949, 1.81394, 0.727349, 0.323055, -0.0350312, 0.36343, -0.458743, -0.19265, -0.110547, -0.401649, -0.398796, 0.180151, 0, 0, 0, 0, 0, 0.370035, 0.264776, 0.261438, 0.384898, 0.34201, 0.0580605, 0.0589707, 0.346749, 0.261438, 0
5.25, 2025-06-18__17-38-40.531017, -0.0793137, -0.691502, -0.0270529, -2.59537, -0.0255193, 1.81197, 0.723229, 0.318447, -0.0370064, 0.362294, -0.458145, -0.19282, -0.114185, -0.401649, -0.398796, 0.180151, 0, 0, 0, 0, 0, 0.36607, 0.260088, 0.256663, 0.383338, 0.341848, 0.0580048, 0.0588272, 0.347575, 0.256663, 0
5.26, 2025-06-18__17-38-40.541018, -0.0821341, -0.707167, -0.0312138, -2.6083, -0.0283334, 1.80972, 0.718738, 0.313812, -0.0389488, 0.361165, -0.459365, -0.193806, -0.0954397, -0.401649, -0.398796, 0.180151, 0, 0, 0, 0, 0, 0.362114, 0.255376, 0.251848, 0.381776, 0.341664, 0.0579364, 0.0586826, 0.348406, 0.251848, 0
5.27, 2025-06-18__17-38-40.551017, -0.0850317, -0.722848, -0.0353448, -2.62117, -0.0314761, 1.8073, 0.714103, 0.309169, -0.0408858, 0.359991, -0.464239, -0.192475, -0.123068, -0.401649, -0.398796, 0.180151, 0, 0, 0, 0, 0, 0.358129, 0.250646, 0.247008, 0.380217, 0.341465, 0.057859, 0.0585356, 0.349234, 0.247008, 0
5.28, 2025-06-18__17-38-40.561017, -0.0880206, -0.73851, -0.0395807, -2.63387, -0.0350056, 1.80464, 0.709725, 0.304528, -0.0428693, 0.358767, -0.461898, -0.197831, -0.110235, -0.401649, -0.398796, 0.180151, 0, 0, 0, 0, 0, 0.354156, 0.245927, 0.242217, 0.378667, 0.341247, 0.057774, 0.0583853, 0.350057, 0.242217, 0
5.29, 2025-06-18__17-38-40.571021, -0.0910326, -0.754543, -0.0440215, -2.64642, -0.0388294, 1.8016, 0.705297, 0.299856, -0.0448766, 0.357638, -0.468967, -0.197414, -0.115403, -0.401649, -0.398796, 0.180151, 0, 0, 0, 0, 0, 0.350228, 0.241182, 0.237429, 0.377108, 0.340998, 0.0578389, 0.0582719, 0.350165, 0.237429, 0
5.3, 2025-06-18__17-38-40.581017, -0.0940824, -0.770546, -0.0486529, -2.65881, -0.0428058, 1.79827, 0.70041, 0.295169, -0.0468863, 0.356477, -0.463755, -0.197228, -0.109244, -0.401649, -0.398796, 0.180151, 0, 0, 0, 0, 0, 0.346291, 0.236422, 0.232579, 0.375551, 0.340724, 0.0588291, 0.0583273, 0.346586, 0.232579, 0
5.31, 2025-06-18__17-38-40.591022, -0.0972062, -0.7864, -0.0533238, -2.67106, -0.0468595, 1.79477, 0.695399, 0.290518, -0.0488679, 0.355242, -0.466606, -0.194998, -0.138007, -0.401649, -0.398796, 0.180151, 0, 0, 0, 0, 0, 0.342345, 0.231673, 0.227679, 0.374006, 0.340436, 0.0599201, 0.0583546, 0.343154, 0.227679, 0
5.32, 2025-06-18__17-38-40.601017, -0.100424, -0.802609, -0.0580122, -2.68319, -0.0512084, 1.79086, 0.690807, 0.285819, -0.0508299, 0.354062, -0.467165, -0.195132, -0.110031, -0.401649, -0.398796, 0.180151, 0, 0, 0, 0, 0, 0.33843, 0.2269, 0.222736, 0.372446, 0.340114, 0.0603202, 0.058236, 0.342667, 0.222736, 0
5.33, 2025-06-18__17-38-40.611019, -0.103663, -0.818928, -0.0628012, -2.69515, -0.0559368, 1.78667, 0.686284, 0.281103, -0.0528054, 0.352889, -0.472026, -0.196705, -0.110303, -0.401649, -0.398796, 0.180151, 0, 0, 1, 0, 0, 0.334539, 0.222127, 0.21782, 0.37089, 0.339768, 0.0603445, 0.0580574, 0.34355, 0.21782, 1
5.34, 2025-06-18__17-38-40.621018, -0.106986, -0.834864, -0.0677017, -2.70691, -0.0606886, 1.78235, 0.681319, 0.276448, -0.0547536, 0.351635, -0.464808, -0.190636, -0.129429, -0.401649, -0.398796, 0.180151, 0, 1, 1, 0, 0, 0.330631, 0.217382, 0.212952, 0.369356, 0.339413, 0.0603156, 0.0574956, 0.34444, 0.212952, 1
5.35, 2025-06-18__17-38-40.631021, -0.11045, -0.851164, -0.0726187, -2.71853, -0.0653953, 1.77775, 0.675976, 0.27179, -0.0566498, 0.350419, -0.468392, -0.185087, -0.121679, -0.401649, -0.398796, 0.180151, 0, 1, 1, 0, 0, 0.326784, 0.212626, 0.208085, 0.367823, 0.339034, 0.0601738, 0.0561672, 0.345407, 0.208085, 1
5.36, 2025-06-18__17-38-40.641018, -0.114048, -0.867755, -0.0776565, -2.73005, -0.0701704, 1.77282, 0.670763, 0.267102, -0.0585189, 0.349233, -0.471816, -0.183568, -0.126252, -0.401649, -0.398796, 0.180151, 0, 1, 1, 0, 0, 0.322967, 0.207853, 0.203241, 0.366281, 0.338628, 0.0600116, 0.0548465, 0.346385, 0.203241, 1
5.37, 2025-06-18__17-38-40.651021, -0.117763, -0.884139, -0.0827455, -2.74134, -0.0752797, 1.76771, 0.665571, 0.262441, -0.060407, 0.348012, -0.46646, -0.185425, -0.131972, -0.401649, -0.398796, 0.180151, 0, 1, 1, 0, 0, 0.319169, 0.203116, 0.198462, 0.364757, 0.338207, 0.0598289, 0.053499, 0.347349, 0.198462, 1
5.38, 2025-06-18__17-38-40.661018, -0.121625, -0.900437, -0.0878121, -2.7524, -0.0806031, 1.76251, 0.660191, 0.257845, -0.0622999, 0.346786, -0.456517, -0.185755, -0.122313, -0.401649, -0.398796, 0.180151, 0, 1, 1, 0, 0, 0.31542, 0.198426, 0.193749, 0.363261, 0.337778, 0.0596929, 0.0521158, 0.348017, 0.193749, 1
5.39, 2025-06-18__17-38-40.671024, -0.125635, -0.916862, -0.0928836, -2.7633, -0.0859413, 1.75713, 0.654857, 0.253277, -0.0641495, 0.34558, -0.453231, -0.182476, -0.122201, -0.401649, -0.398796, 0.180151, 0, 1, 1, 0, 0, 0.311728, 0.193766, 0.189071, 0.361777, 0.337334, 0.0596582, 0.0500069, 0.347872, 0.189071, 1
5.4, 2025-06-18__17-38-40.681021, -0.129674, -0.933186, -0.0980205, -2.77396, -0.091439, 1.75167, 0.650099, 0.248773, -0.0659686, 0.344383, -0.448683, -0.178997, -0.125855, -0.401649, -0.398796, 0.180151, 0, 1, 1, 0, 0, 0.308117, 0.189197, 0.18452, 0.360319, 0.336882, 0.0594198, 0.047857, 0.348478, 0.18452, 1
5.41, 2025-06-18__17-38-40.691020, -0.133766, -0.949337, -0.103312, -2.78433, -0.097126, 1.74604, 0.645461, 0.244336, -0.0678006, 0.343185, -0.441252, -0.179358, -0.11547, -0.401649, -0.398796, 0.180151, 0, 1, 1, 0, 0, 0.304574, 0.184695, 0.180062, 0.358869, 0.336414, 0.0591656, 0.0457161, 0.349074, 0.180062, 1
5.42, 2025-06-18__17-38-40.701016, -0.137883, -0.965445, -0.108574, -2.79442, -0.102636, 1.74031, 0.640628, 0.239978, -0.0695319, 0.342026, -0.431263, -0.16707, -0.124374, -0.401649, -0.398796, 0.180151, 0, 1, 1, 0, 0, 0.301136, 0.180271, 0.175681, 0.357427, 0.335938, 0.059305, 0.0438411, 0.348037, 0.175681, 1
5.43, 2025-06-18__17-38-40.711016, -0.142101, -0.981602, -0.113811, -2.80413, -0.107936, 1.73456, 0.635723, 0.235732, -0.0711918, 0.340976, -0.421274, -0.162601, -0.114829, -0.401649, -0.398796, 0.180151, 0, 1, 1, 0, 0, 0.29788, 0.175974, 0.171377, 0.356008, 0.33546, 0.0599463, 0.0422249, 0.345297, 0.171377, 1
5.44, 2025-06-18__17-38-40.721020, -0.146408, -0.997633, -0.119024, -2.81359, -0.113366, 1.72854, 0.631176, 0.231522, -0.0728107, 0.339922, -0.416293, -0.159594, -0.0971166, -0.401649, -0.398796, 0.180151, 0, 1, 1, 0, 0, 0.294677, 0.171731, 0.167081, 0.354575, 0.334957, 0.0606496, 0.0406187, 0.342712, 0.167081, 1
5.45, 2025-06-18__17-38-40.731019, -0.150686, -1.01317, -0.124127, -2.82278, -0.11879, 1.7226, 0.626695, 0.227431, -0.0743755, 0.338839, -0.404564, -0.150003, -0.112005, -0.401649, -0.398796, 0.180151, 0, 1, 1, 0, 0, 0.29153, 0.1676, 0.162872, 0.353167, 0.334454, 0.0606351, 0.0393272, 0.34312, 0.162872, 1
5.46, 2025-06-18__17-38-40.741018, -0.154898, -1.02842, -0.129243, -2.83154, -0.124094, 1.7168, 0.62185, 0.223513, -0.0758699, 0.337814, -0.38938, -0.146516, -0.104278, -0.401649, -0.398796, 0.180151, 0, 1, 1, 0, 0, 0.28855, 0.163615, 0.158827, 0.351717, 0.333953, 0.0604754, 0.0381002, 0.343996, 0.158827, 1
5.47, 2025-06-18__17-38-40.751020, -0.159075, -1.04335, -0.134322, -2.84001, -0.129326, 1.7109, 0.617038, 0.21968, -0.0772923, 0.336778, -0.377048, -0.140515, -0.100823, -0.401649, -0.398796, 0.180151, 0, 1, 1, 0, 0, 0.285643, 0.159715, 0.15489, 0.350267, 0.33343, 0.0603006, 0.0369121, 0.344851, 0.15489, 1
5.48, 2025-06-18__17-38-40.761017, -0.16316, -1.05799, -0.139218, -2.84808, -0.1346, 1.70505, 0.612897, 0.21599, -0.0786556, 0.335835, -0.364185, -0.133781, -0.096938, -0.401649, -0.398796, 0.180151, 0, 1, 1, 0, 0, 0.282896, 0.155987, 0.15116, 0.348867, 0.332903, 0.0601115, 0.0357758, 0.345684, 0.15116, 1
5.49, 2025-06-18__17-38-40.771024, -0.167227, -1.07224, -0.143909, -2.85579, -0.139648, 1.69924, 0.609095, 0.212445, -0.0799361, 0.334925, -0.350954, -0.124627, -0.0942879, -0.401649, -0.398796, 0.180151, 0, 1, 1, 0, 0, 0.280283, 0.152414, 0.147606, 0.347507, 0.332372, 0.0599197, 0.0347195, 0.34649, 0.147606, 1
5.5, 2025-06-18__17-38-40.781018, -0.171308, -1.08601, -0.148535, -2.86318, -0.144425, 1.69343, 0.605265, 0.209008, -0.0811244, 0.334008, -0.343002, -0.116286, -0.0892108, -0.401649, -0.398796, 0.180151, 0, 1, 1, 0, 0, 0.277761, 0.148955, 0.144183, 0.346166, 0.331832, 0.0597253, 0.0337175, 0.347265, 0.144183, 1
5.51, 2025-06-18__17-38-40.791016, -0.175341, -1.09925, -0.153148, -2.87018, -0.149081, 1.68763, 0.60124, 0.205686, -0.0822694, 0.33311, -0.327341, -0.114085, -0.0882553, -0.401649, -0.398796, 0.180151, 0, 1, 1, 0, 0, 0.275344, 0.14561, 0.140889, 0.344844, 0.331283, 0.0595207, 0.0327297, 0.348008, 0.140889, 1
5.52, 2025-06-18__17-38-40.801016, -0.179229, -1.1121, -0.157602, -2.87689, -0.153827, 1.68198, 0.597242, 0.202502, -0.0833691, 0.332244, -0.314661, -0.107224, -0.0880592, -0.401649, -0.398796, 0.180151, 0, 1, 1, 0, 0, 0.273012, 0.142379, 0.137721, 0.343553, 0.330738, 0.0595312, 0.031658, 0.347645, 0.137721, 1
5.53, 2025-06-18__17-38-40.811021, -0.183022, -1.12464, -0.161891, -2.88325, -0.158504, 1.67644, 0.593633, 0.199444, -0.0844262, 0.331426, -0.302452, -0.100865, -0.0811128, -0.401649, -0.398796, 0.180151, 0, 1, 1, 0, 0, 0.270822, 0.1393, 0.134685, 0.342311, 0.330191, 0.0598734, 0.0304868, 0.345875, 0.134685, 1
5.54, 2025-06-18__17-38-40.821020, -0.186729, -1.13666, -0.16598, -2.88929, -0.16304, 1.67101, 0.590261, 0.196515, -0.0854193, 0.330637, -0.28788, -0.0964441, -0.0800663, -0.401649, -0.398796, 0.180151, 0, 1, 1, 0, 0, 0.268731, 0.13636, 0.13176, 0.341109, 0.32962, 0.0600339, 0.0292878, 0.344967, 0.13176, 1
5.55, 2025-06-18__17-38-40.831017, -0.190327, -1.14821, -0.169879, -2.895, -0.167412, 1.66567, 0.586852, 0.193725, -0.086353, 0.329887, -0.276071, -0.0894243, -0.0761185, -0.401649, -0.398796, 0.180151, 0, 1, 1, 0, 0, 0.266742, 0.133538, 0.12895, 0.339935, 0.32905, 0.0598305, 0.0280087, 0.34542, 0.12895, 1
5.56, 2025-06-18__17-38-40.841021, -0.193865, -1.15927, -0.173674, -2.90044, -0.171744, 1.66037, 0.583366, 0.191015, -0.0872555, 0.329143, -0.269538, -0.0880786, -0.0766544, -0.401649, -0.398796, 0.180151, 0, 1, 1, 0, 0, 0.26481, 0.130799, 0.126229, 0.338775, 0.328474, 0.0597738, 0.0268279, 0.345294, 0.126229, 1
5.57, 2025-06-18__17-38-40.851020, -0.197372, -1.16995, -0.177325, -2.90558, -0.17605, 1.65507, 0.579881, 0.188394, -0.0881332, 0.32843, -0.257669, -0.0835911, -0.0702344, -0.401649, -0.398796, 0.180151, 0, 1, 1, 0, 0, 0.262959, 0.128146, 0.123579, 0.337629, 0.327891, 0.0600711, 0.025811, 0.343923, 0.123579, 1
5.58, 2025-06-18__17-38-40.861020, -0.200763, -1.18036, -0.18084, -2.91046, -0.180067, 1.64984, 0.576805, 0.185872, -0.088942, 0.327772, -0.246894, -0.0776988, -0.0642037, -0.401649, -0.398796, 0.180151, 0, 1, 1, 0, 0, 0.261231, 0.125624, 0.121043, 0.336525, 0.327321, 0.0603776, 0.0248656, 0.342672, 0.121043, 1
5.59, 2025-06-18__17-38-40.871022, -0.204035, -1.19029, -0.184103, -2.91512, -0.183738, 1.6448, 0.574251, 0.183485, -0.0896444, 0.327126, -0.235909, -0.0701485, -0.0633507, -0.401649, -0.398796, 0.180151, 0, 1, 1, 0, 0, 0.259598, 0.123255, 0.118642, 0.335483, 0.326782, 0.0605391, 0.0240472, 0.342109, 0.118642, 1
5.6, 2025-06-18__17-38-40.881017, -0.20722, -1.19976, -0.187236, -2.9195, -0.187364, 1.63993, 0.571855, 0.181211, -0.0903349, 0.326515, -0.223929, -0.0681949, -0.0596638, -0.401649, -0.398796, 0.180151, 0, 1, 1, 0, 0, 0.258054, 0.121006, 0.116368, 0.334484, 0.326259, 0.0604105, 0.0233026, 0.342622, 0.116368, 1
5.61, 2025-06-18__17-38-40.891017, -0.210273, -1.20887, -0.190236, -2.92372, -0.191036, 1.63513, 0.569341, 0.179004, -0.0909968, 0.325894, -0.21657, -0.0668812, -0.0584753, -0.401649, -0.398796, 0.180151, 0, 1, 1, 0, 0, 0.256532, 0.118805, 0.11415, 0.333493, 0.325734, 0.0602735, 0.0225664, 0.343115, 0.11415, 1
5.62, 2025-06-18__17-38-40.901017, -0.213205, -1.21768, -0.193061, -2.92771, -0.194687, 1.63033, 0.566622, 0.176863, -0.0916381, 0.325307, -0.210319, -0.0627114, -0.0560578, -0.401649, -0.398796, 0.180151, 0, 1, 1, 0, 0, 0.255064, 0.116652, 0.111988, 0.332502, 0.325198, 0.0601294, 0.0218424, 0.343591, 0.111988, 1
5.63, 2025-06-18__17-38-40.911019, -0.216022, -1.22621, -0.195721, -2.93145, -0.198244, 1.62563, 0.563784, 0.174816, -0.0922483, 0.324777, -0.202907, -0.0596331, -0.0541327, -0.401649, -0.398796, 0.180151, 0, 1, 1, 0, 0, 0.253684, 0.114579, 0.109912, 0.331526, 0.324661, 0.0599809, 0.0211393, 0.34405, 0.109912, 1
5.64, 2025-06-18__17-38-40.921019, -0.218882, -1.23441, -0.198244, -2.93506, -0.20167, 1.62098, 0.560851, 0.172817, -0.0928419, 0.324256, -0.196763, -0.0562475, -0.0564691, -0.401649, -0.398796, 0.180151, 0, 1, 1, 0, 0, 0.25233, 0.112551, 0.107885, 0.330524, 0.32412, 0.0598353, 0.0204607, 0.344492, 0.107885, 1
5.65, 2025-06-18__17-38-40.931017, -0.22169, -1.24249, -0.200709, -2.93852, -0.205055, 1.61631, 0.558028, 0.170859, -0.0934143, 0.323758, -0.194139, -0.0568518, -0.051947, -0.401649, -0.398796, 0.180151, 0, 1, 1, 0, 0, 0.25103, 0.110571, 0.105916, 0.329494, 0.323577, 0.0596852, 0.0197956, 0.344926, 0.105916, 1
5.66, 2025-06-18__17-38-40.941023, -0.224353, -1.25022, -0.203138, -2.94178, -0.208462, 1.6116, 0.5556, 0.168941, -0.0939723, 0.323277, -0.191057, -0.0566492, -0.0481778, -0.401649, -0.398796, 0.180151, 0, 1, 1, 0, 0, 0.249779, 0.108662, 0.104031, 0.328497, 0.323043, 0.0595301, 0.0191412, 0.34534, 0.104031, 1
5.67, 2025-06-18__17-38-40.951020, -0.22701, -1.25762, -0.205447, -2.94492, -0.211854, 1.60711, 0.553369, 0.167097, -0.0945333, 0.3228, -0.18242, -0.0537078, -0.0479976, -0.401649, -0.398796, 0.180151, 0, 1, 1, 0, 0, 0.248568, 0.106838, 0.102241, 0.327547, 0.322534, 0.0593757, 0.0185002, 0.345736, 0.102241, 1
5.68, 2025-06-18__17-38-40.961017, -0.229627, -1.26482, -0.207531, -2.94795, -0.215108, 1.60283, 0.551081, 0.165338, -0.0950716, 0.322343, -0.175905, -0.0508509, -0.0463714, -0.401649, -0.398796, 0.180151, 0, 1, 1, 0, 0, 0.247408, 0.105085, 0.100522, 0.326624, 0.322039, 0.0592247, 0.0178947, 0.346121, 0.100522, 1
5.69, 2025-06-18__17-38-40.971029, -0.232206, -1.27191, -0.209555, -2.95087, -0.218216, 1.59856, 0.548554, 0.163622, -0.0955739, 0.321923, -0.171851, -0.0476279, -0.0445265, -0.401649, -0.398796, 0.180151, 0, 1, 1, 0, 0, 0.24629, 0.103354, 0.0988262, 0.325687, 0.32153, 0.0590724, 0.0173073, 0.346499, 0.0988262, 1
5.7, 2025-06-18__17-38-40.981020, -0.234705, -1.27889, -0.211584, -2.95364, -0.221223, 1.59424, 0.545649, 0.161934, -0.0960495, 0.321532, -0.168453, -0.0461979, -0.0395652, -0.401649, -0.398796, 0.180151, 0, 1, 1, 0, 0, 0.245217, 0.101629, 0.0971396, 0.324719, 0.320996, 0.0589136, 0.0167198, 0.346871, 0.0971396, 1
5.71, 2025-06-18__17-38-40.991023, -0.237115, -1.28564, -0.213596, -2.95622, -0.22415, 1.59002, 0.542638, 0.160311, -0.0965146, 0.321178, -0.16226, -0.0477254, -0.0357565, -0.401649, -0.398796, 0.180151, 0, 1, 1, 0, 0, 0.244214, 0.0999609, 0.095517, 0.32376, 0.320461, 0.0587507, 0.0161345, 0.34723, 0.095517, 1
5.72, 2025-06-18__17-38-41.001019, -0.239515, -1.29226, -0.215503, -2.95876, -0.227037, 1.58575, 0.539825, 0.158695, -0.0969602, 0.320818, -0.162041, -0.0444003, -0.0377161, -0.401649, -0.398796, 0.180151, 0, 1, 1, 0, 0, 0.243215, 0.0983145, 0.0939201, 0.32281, 0.319927, 0.0585895, 0.0155714, 0.347581, 0.0939201, 1
5.73, 2025-06-18__17-38-41.011018, -0.241891, -1.29865, -0.21734, -2.96122, -0.230011, 1.58162, 0.537487, 0.157122, -0.0974186, 0.320464, -0.158543, -0.045939, -0.0388366, -0.401649, -0.398796, 0.180151, 0, 1, 1, 0, 0, 0.242241, 0.0967433, 0.0924102, 0.321917, 0.319425, 0.0584271, 0.0150119, 0.34792, 0.0924102, 1
5.74, 2025-06-18__17-38-41.021019, -0.244311, -1.30497, -0.219119, -2.96361, -0.233121, 1.5775, 0.535493, 0.15556, -0.0979228, 0.320125, -0.156182, -0.0489311, -0.0345985, -0.401649, -0.398796, 0.180151, 0, 1, 1, 0, 0, 0.241287, 0.0952102, 0.0909501, 0.321054, 0.318939, 0.0582594, 0.0144405, 0.348254, 0.0909501, 1
5.75, 2025-06-18__17-38-41.031018, -0.246629, -1.31114, -0.220894, -2.96591, -0.236175, 1.57336, 0.533562, 0.15402, -0.0983983, 0.319789, -0.151717, -0.0492711, -0.0318238, -0.401649, -0.398796, 0.180151, 0, 1, 1, 0, 0, 0.240359, 0.0937039, 0.0895219, 0.320196, 0.318451, 0.0580895, 0.0138819, 0.348579, 0.0895219, 1
5.76, 2025-06-18__17-38-41.041022, -0.24898, -1.31728, -0.222648, -2.96813, -0.23917, 1.56929, 0.5315, 0.152507, -0.0988732, 0.319485, -0.148819, -0.0484925, -0.0268838, -0.401649, -0.398796, 0.180151, 0, 1, 1, 0, 0, 0.239472, 0.0922228, 0.0881224, 0.319337, 0.317961, 0.0579166, 0.0133236, 0.348903, 0.0881224, 1
5.77, 2025-06-18__17-38-41.051018, -0.251297, -1.32325, -0.224402, -2.97028, -0.242081, 1.56524, 0.529193, 0.151024, -0.0993297, 0.319183, -0.147814, -0.0445936, -0.03312, -0.401649, -0.398796, 0.180151, 0, 1, 1, 0, 0, 0.2386, 0.0907484, 0.0867312, 0.318461, 0.317457, 0.0578042, 0.0127541, 0.348863, 0.0867312, 1
5.78, 2025-06-18__17-38-41.061019, -0.253602, -1.32921, -0.226146, -2.9724, -0.244983, 1.56127, 0.526627, 0.149561, -0.0997801, 0.318872, -0.145259, -0.0467065, -0.0284598, -0.401649, -0.398796, 0.180151, 0, 1, 1, 0, 0, 0.237744, 0.089277, 0.0853395, 0.317564, 0.316943, 0.0577919, 0.0121526, 0.348262, 0.0853395, 1
5.79, 2025-06-18__17-38-41.071021, -0.255899, -1.33515, -0.227857, -2.97446, -0.247922, 1.55732, 0.523869, 0.148117, -0.100242, 0.318602, -0.145269, -0.0462236, -0.0278552, -0.401649, -0.398796, 0.180151, 0, 1, 1, 0, 0, 0.236908, 0.0878062, 0.0839452, 0.316646, 0.316418, 0.0577761, 0.011536, 0.347693, 0.0839452, 1
5.8, 2025-06-18__17-38-41.081019, -0.258172, -1.34101, -0.229586, -2.97647, -0.2509, 1.55322, 0.521003, 0.146655, -0.100699, 0.318313, -0.146359, -0.0446636, -0.026511, -0.401649, -0.398796, 0.180151, 0, 1, 1, 0, 0, 0.236069, 0.0863109, 0.0825241, 0.315697, 0.315867, 0.0577578, 0.0109063, 0.347151, 0.0825241, 1
5.81, 2025-06-18__17-38-41.091018, -0.260413, -1.34693, -0.231302, -2.97841, -0.253873, 1.54913, 0.51838, 0.145211, -0.101158, 0.318077, -0.145094, -0.0448105, -0.0264739, -0.401649, -0.398796, 0.180151, 0, 1, 1, 0, 0, 0.235276, 0.0848531, 0.0811378, 0.314774, 0.315328, 0.0577391, 0.0102833, 0.346643, 0.0811378, 1
5.82, 2025-06-18__17-38-41.101017, -0.262636, -1.3526, -0.232976, -2.98034, -0.256713, 1.54511, 0.51602, 0.143788, -0.101588, 0.317793, -0.138453, -0.0417889, -0.0243622, -0.401649, -0.398796, 0.180151, 0, 1, 2, 0, 0, 0.234486, 0.0834411, 0.0797894, 0.313884, 0.314808, 0.0577346, 0.00969356, 0.346138, 0.0797894, 1
5.83, 2025-06-18__17-38-41.111016, -0.264894, -1.35838, -0.234681, -2.98214, -0.259373, 1.54144, 0.513881, 0.142442, -0.102003, 0.317576, -0.12512, -0.0439617, -0.0145006, -0.401649, -0.398796, 0.180151, 0, 1, 2, 0, 0, 0.233819, 0.0821447, 0.0785517, 0.313069, 0.31433, 0.057674, 0.00922008, 0.346049, 0.0785517, 1
5.84, 2025-06-18__17-38-41.121017, -0.267154, -1.36415, -0.236596, -2.98369, -0.261512, 1.54097, 0.513282, 0.141761, -0.102544, 0.317664, -0.0472841, -0.0587091, 0.0136881, -0.401649, -0.398796, 0.180151, 0, 1, 2, 0, 0, 0.233626, 0.081594, 0.0780685, 0.312863, 0.314248, 0.0575657, 0.00893712, 0.346394, 0.0780685, 1
5.85, 2025-06-18__17-38-41.131019, -0.269599, -1.37021, -0.2388, -2.98513, -0.263047, 1.54443, 0.514527, 0.141957, -0.10325, 0.31811, 0.0367692, -0.0751674, 0.0517519, -0.401649, -0.398796, 0.180151, 0, 1, 2, 0, 0, 0.233967, 0.0819173, 0.078465, 0.313388, 0.31465, 0.0574879, 0.00875612, 0.34673, 0.078465, 1
5.86, 2025-06-18__17-38-41.141022, -0.272, -1.37574, -0.241078, -2.98641, -0.26439, 1.54972, 0.515928, 0.142621, -0.104064, 0.318709, 0.0661873, -0.0828386, 0.0589815, -0.401649, -0.398796, 0.180151, 0, 1, 2, 0, 0, 0.234513, 0.0826057, 0.0792352, 0.314183, 0.315233, 0.0574134, 0.00857338, 0.347038, 0.0792352, 1
5.87, 2025-06-18__17-38-41.151019, -0.274255, -1.38092, -0.243215, -2.98738, -0.265913, 1.55332, 0.515622, 0.143028, -0.104845, 0.319286, 0.023756, -0.0750684, 0.0534331, -0.401649, -0.398796, 0.180151, 0, 1, 2, 0, 0, 0.234941, 0.0829142, 0.0796307, 0.314594, 0.315555, 0.0572975, 0.00827077, 0.347355, 0.0796307, 1
5.88, 2025-06-18__17-38-41.161018, -0.276335, -1.38587, -0.24523, -2.98807, -0.267832, 1.55361, 0.513551, 0.142764, -0.105501, 0.319714, -0.0398628, -0.0635806, 0.037588, -0.401649, -0.398796, 0.180151, 0, 1, 2, 0, 0, 0.235072, 0.0825408, 0.079351, 0.314399, 0.315457, 0.0571643, 0.00776366, 0.347447, 0.079351, 1
5.89, 2025-06-18__17-38-41.171027, -0.278397, -1.39056, -0.2472, -2.98848, -0.27001, 1.55252, 0.51088, 0.142167, -0.106148, 0.320115, -0.0584681, -0.0622818, 0.0394199, -0.401649, -0.398796, 0.180151, 0, 1, 2, 0, 0, 0.235122, 0.0819138, 0.0788298, 0.313973, 0.315191, 0.0570094, 0.00714057, 0.347479, 0.0788298, 1
5.9, 2025-06-18__17-38-41.181020, -0.280429, -1.39517, -0.249241, -2.98882, -0.272052, 1.55262, 0.509213, 0.141788, -0.106841, 0.320605, -0.0284581, -0.071585, 0.051343, -0.401649, -0.398796, 0.180151, 0, 1, 2, 0, 0, 0.235342, 0.0815888, 0.0786147, 0.313805, 0.315096, 0.0568632, 0.00656456, 0.347525, 0.0786147, 1
5.91, 2025-06-18__17-38-41.191018, -0.282394, -1.39907, -0.251432, -2.98897, -0.273797, 1.55443, 0.509015, 0.141798, -0.107603, 0.321196, 0.0089597, -0.0766629, 0.0589104, -0.401649, -0.398796, 0.180151, 0, 1, 2, 0, 0, 0.235787, 0.0817242, 0.0788615, 0.314014, 0.315253, 0.0567317, 0.00606316, 0.347598, 0.0788615, 1
5.92, 2025-06-18__17-38-41.201020, -0.284189, -1.4021, -0.253688, -2.98892, -0.275468, 1.55682, 0.509028, 0.141987, -0.1084, 0.321779, 0.0162668, -0.0785677, 0.0571059, -0.401649, -0.398796, 0.180151, 0, 1, 2, 0, 0, 0.236287, 0.0820127, 0.0792673, 0.314327, 0.315477, 0.0565914, 0.00556664, 0.347703, 0.0792673, 1
5.93, 2025-06-18__17-38-41.211019, -0.285803, -1.4048, -0.255854, -2.98866, -0.277227, 1.55806, 0.508528, 0.141998, -0.109152, 0.322329, -0.00809479, -0.0712103, 0.0507487, -0.401649, -0.398796, 0.180151, 0, 1, 2, 0, 0, 0.236707, 0.0820927, 0.0794686, 0.314447, 0.315561, 0.0564226, 0.0050384, 0.347868, 0.0794686, 1
5.94, 2025-06-18__17-38-41.221015, -0.287346, -1.4073, -0.257855, -2.9883, -0.279072, 1.55778, 0.507222, 0.141689, -0.109818, 0.322768, -0.0351693, -0.0643654, 0.0399958, -0.401649, -0.398796, 0.180151, 0, 1, 2, 0, 0, 0.236968, 0.0818576, 0.0793553, 0.314293, 0.315452, 0.0562335, 0.0044769, 0.348061, 0.0793553, 1
5.95, 2025-06-18__17-38-41.231017, -0.288776, -1.4094, -0.259839, -2.98787, -0.280928, 1.55719, 0.505395, 0.141309, -0.110457, 0.323162, -0.0365537, -0.0632666, 0.0387511, -0.401649, -0.398796, 0.180151, 0, 1, 2, 0, 0, 0.237168, 0.0815342, 0.0791587, 0.314053, 0.315279, 0.0560318, 0.0038963, 0.348268, 0.0791587, 1
5.96, 2025-06-18__17-38-41.241017, -0.290171, -1.41098, -0.261915, -2.98741, -0.282749, 1.55712, 0.503877, 0.141024, -0.111117, 0.323508, -0.0245033, -0.0647259, 0.0362167, -0.401649, -0.398796, 0.180151, 0, 1, 2, 0, 0, 0.237383, 0.0813302, 0.0790845, 0.313912, 0.315174, 0.0558356, 0.00332308, 0.348456, 0.0790845, 1
5.97, 2025-06-18__17-38-41.251017, -0.291516, -1.41211, -0.26404, -2.98685, -0.284548, 1.55744, 0.502904, 0.140831, -0.111807, 0.323839, -0.0186241, -0.0696467, 0.0337298, -0.401649, -0.398796, 0.180151, 0, 1, 2, 0, 0, 0.237643, 0.0812582, 0.079142, 0.313878, 0.315139, 0.0556403, 0.00276124, 0.348648, 0.079142, 1
5.98, 2025-06-18__17-38-41.261020, -0.292739, -1.41291, -0.266099, -2.98613, -0.286294, 1.55781, 0.502311, 0.14068, -0.112499, 0.324199, -0.0152614, -0.0699922, 0.0373363, -0.401649, -0.398796, 0.180151, 0, 1, 2, 0, 0, 0.237948, 0.0812606, 0.0792701, 0.313891, 0.315134, 0.0554385, 0.00221655, 0.348874, 0.0792701, 1
5.99, 2025-06-18__17-38-41.271020, -0.293935, -1.41336, -0.268047, -2.98535, -0.288131, 1.55784, 0.501713, 0.140467, -0.113189, 0.324519, -0.0222721, -0.0689483, 0.0300634, -0.401649, -0.398796, 0.180151, 0, 1, 2, 0, 0, 0.238194, 0.0812134, 0.0793465, 0.313861, 0.315096, 0.0552331, 0.00165788, 0.349095, 0.0793465, 1
6, 2025-06-18__17-38-41.281017, -0.29513, -1.4135, -0.270008, -2.98447, -0.289966, 1.55771, 0.500879, 0.140214, -0.113884, 0.324801, -0.0265037, -0.0699889, 0.0278538, -0.401649, -0.398796, 0.180151, 0, 1, 2, 0, 0, 0.238424, 0.0811385, 0.0793946, 0.313792, 0.315027, 0.0550156, 0.00108071, 0.349339, 0.0793946, 1
6.01, 2025-06-18__17-38-41.291019, -0.296227, -1.41348, -0.271941, -2.98356, -0.291787, 1.55747, 0.499846, 0.139953, -0.114562, 0.325076, -0.0266878, -0.0668435, 0.0262421, -0.401649, -0.398796, 0.180151, 0, 1, 2, 0, 0, 0.238632, 0.0810369, 0.0794126, 0.313693, 0.314935, 0.0547935, 0.000502063, 0.34959, 0.0794126, 1
6.02, 2025-06-18__17-38-41.301019, -0.297222, -1.41331, -0.273872, -2.98262, -0.293539, 1.55705, 0.498785, 0.139669, -0.115202, 0.325313, -0.0297202, -0.0631942, 0.0214778, -0.401649, -0.398796, 0.180151, 0, 1, 2, 0, 0, 0.238821, 0.0809146, 0.0794037, 0.313569, 0.314823, 0.0545714, -6.35555e-05, 0.349848, 0.0794037, 1
6.03, 2025-06-18__17-38-41.311019, -0.298147, -1.41304, -0.275769, -2.98162, -0.295267, 1.55658, 0.497796, 0.139384, -0.115833, 0.325554, -0.0283149, -0.0631824, 0.0229246, -0.401649, -0.398796, 0.180151, 0, 1, 2, 0, 0, 0.23902, 0.0808047, 0.0794029, 0.313448, 0.314711, 0.0543456, -0.000623343, 0.350121, 0.0794029, 1
6.04, 2025-06-18__17-38-41.321023, -0.299038, -1.41259, -0.277638, -2.98061, -0.296932, 1.55611, 0.496774, 0.139108, -0.11645, 0.325781, -0.027646, -0.0608566, 0.0220135, -0.401649, -0.398796, 0.180151, 0, 1, 2, 0, 0, 0.239206, 0.0807009, 0.0794019, 0.313325, 0.314596, 0.0541228, -0.00117318, 0.350393, 0.0794019, 1
6.05, 2025-06-18__17-38-41.331018, -0.299877, -1.41202, -0.279497, -2.97958, -0.298539, 1.55568, 0.495781, 0.138846, -0.117055, 0.325988, -0.0256326, -0.059842, 0.0221145, -0.401649, -0.398796, 0.180151, 0, 1, 2, 0, 0, 0.239394, 0.0806163, 0.0794145, 0.313212, 0.314487, 0.0539016, -0.00171252, 0.350668, 0.0794145, 1
6.06, 2025-06-18__17-38-41.341019, -0.300712, -1.41143, -0.281338, -2.97854, -0.300108, 1.55527, 0.494797, 0.138594, -0.11765, 0.326203, -0.0253006, -0.0611966, 0.0231262, -0.401649, -0.398796, 0.180151, 0, 1, 2, 0, 0, 0.239588, 0.0805425, 0.0794331, 0.313103, 0.31438, 0.0536806, -0.00224616, 0.350947, 0.0794331, 1
6.07, 2025-06-18__17-38-41.351019, -0.30151, -1.41079, -0.283174, -2.97751, -0.301743, 1.55484, 0.493607, 0.138334, -0.118256, 0.326405, -0.0263288, -0.0598857, 0.0183949, -0.401649, -0.398796, 0.180151, 0, 1, 2, 0, 0, 0.239757, 0.0804453, 0.0794274, 0.312972, 0.314256, 0.0534787, -0.00283769, 0.35107, 0.0794274, 1
6.08, 2025-06-18__17-38-41.361015, -0.302283, -1.41011, -0.284952, -2.97649, -0.303386, 1.55441, 0.492278, 0.138073, -0.118855, 0.326597, -0.0255451, -0.0604232, 0.0189969, -0.401649, -0.398796, 0.180151, 0, 1, 2, 0, 0, 0.239912, 0.0803374, 0.0794076, 0.312829, 0.314122, 0.053281, -0.00343986, 0.351158, 0.0794076, 1
6.09, 2025-06-18__17-38-41.371018, -0.303092, -1.40938, -0.28666, -2.97547, -0.305074, 1.55413, 0.490858, 0.137832, -0.119476, 0.326796, -0.0235976, -0.0643374, 0.0227708, -0.401649, -0.398796, 0.180151, 0, 1, 2, 0, 0, 0.240067, 0.0802487, 0.0794046, 0.312697, 0.313995, 0.0530804, -0.00405188, 0.351245, 0.0794046, 1
6.1, 2025-06-18__17-38-41.381021, -0.303918, -1.4086, -0.28836, -2.97445, -0.306864, 1.55392, 0.48933, 0.137598, -0.120124, 0.326992, -0.0220784, -0.0645272, 0.0213308, -0.401649, -0.398796, 0.180151, 0, 1, 2, 0, 0, 0.240211, 0.0801611, 0.0794021, 0.312565, 0.313866, 0.0528726, -0.00468415, 0.351334, 0.0794021, 1
6.11, 2025-06-18__17-38-41.391019, -0.304724, -1.40786, -0.290097, -2.97345, -0.308826, 1.55377, 0.487748, 0.137359, -0.120808, 0.327187, -0.0233173, -0.0690835, 0.0200689, -0.401649, -0.398796, 0.180151, 0, 1, 2, 0, 0, 0.240339, 0.0800707, 0.079397, 0.312435, 0.313738, 0.0526537, -0.00534048, 0.351431, 0.079397, 1
6.12, 2025-06-18__17-38-41.401020, -0.305529, -1.40716, -0.291831, -2.97245, -0.310876, 1.55363, 0.486057, 0.137118, -0.121516, 0.327391, -0.0250057, -0.0685477, 0.0174175, -0.401649, -0.398796, 0.180151, 0, 2, 2, 0, 0, 0.240462, 0.0799728, 0.079382, 0.312297, 0.313602, 0.0524267, -0.00601363, 0.351533, 0.079382, 1
6.13, 2025-06-18__17-38-41.411016, -0.306382, -1.40645, -0.293633, -2.97139, -0.31303, 1.55357, 0.484142, 0.136872, -0.122267, 0.32762, -0.0212488, -0.0685207, 0.0223065, -0.401649, -0.398796, 0.180151, 0, 2, 2, 0, 0, 0.2406, 0.0798797, 0.0793713, 0.312152, 0.313455, 0.0521839, -0.00672856, 0.351644, 0.0793713, 1
6.14, 2025-06-18__17-38-41.421017, -0.307177, -1.40583, -0.29529, -2.97041, -0.314832, 1.55363, 0.4825, 0.136681, -0.122935, 0.327845, -0.0180983, -0.0660347, 0.0226765, -0.401649, -0.398796, 0.180151, 0, 2, 2, 0, 0, 0.240761, 0.0798378, 0.0793962, 0.312046, 0.313339, 0.0519691, -0.00735922, 0.351742, 0.0793962, 1
6.15, 2025-06-18__17-38-41.431016, -0.307907, -1.40529, -0.296847, -2.9695, -0.316359, 1.55375, 0.481268, 0.136529, -0.123529, 0.328059, -0.0162008, -0.0641116, 0.0215064, -0.401649, -0.398796, 0.180151, 0, 2, 2, 0, 0, 0.240941, 0.0798446, 0.0794575, 0.311984, 0.313258, 0.0517795, -0.00791427, 0.351828, 0.0794575, 1
6.16, 2025-06-18__17-38-41.441017, -0.308692, -1.40473, -0.298549, -2.96845, -0.317988, 1.55382, 0.480114, 0.136356, -0.124175, 0.328313, -0.0187767, -0.0661346, 0.025848, -0.401649, -0.398796, 0.180151, 0, 2, 2, 0, 0, 0.241167, 0.079873, 0.0795406, 0.311929, 0.313177, 0.051572, -0.00851746, 0.351924, 0.0795406, 1
6.17, 2025-06-18__17-38-41.451018, -0.309508, -1.40413, -0.300193, -2.9674, -0.319528, 1.55372, 0.478991, 0.136158, -0.124798, 0.328567, -0.0221676, -0.0617654, 0.0224476, -0.401649, -0.398796, 0.180151, 0, 2, 2, 0, 0, 0.24138, 0.0798829, 0.0795983, 0.311854, 0.313082, 0.0513705, -0.00910533, 0.352013, 0.0795983, 1
6.18, 2025-06-18__17-38-41.461018, -0.310243, -1.40353, -0.301789, -2.96633, -0.321147, 1.55345, 0.477775, 0.135928, -0.125412, 0.328807, -0.0245003, -0.060636, 0.0244244, -0.401649, -0.398796, 0.180151, 0, 2, 2, 0, 0, 0.241577, 0.0798599, 0.0796203, 0.311749, 0.312963, 0.0511631, -0.00970435, 0.352106, 0.0796203, 1
6.19, 2025-06-18__17-38-41.471019, -0.310942, -1.40295, -0.303411, -2.96529, -0.322816, 1.55297, 0.476332, 0.135651, -0.126012, 0.329017, -0.029735, -0.0606227, 0.020873, -0.401649, -0.398796, 0.180151, 0, 2, 2, 0, 0, 0.241735, 0.079778, 0.07958, 0.311594, 0.312807, 0.0509507, -0.0103124, 0.352203, 0.07958, 1
6.2, 2025-06-18__17-38-41.481018, -0.311618, -1.40238, -0.305107, -2.96425, -0.324473, 1.55263, 0.474923, 0.135395, -0.12662, 0.329237, -0.0239621, -0.0616045, 0.023119, -0.401649, -0.398796, 0.180151, 0, 2, 2, 0, 0, 0.241909, 0.0797273, 0.0795668, 0.311462, 0.312666, 0.0507366, -0.0109218, 0.3523, 0.0795668, 1
6.21, 2025-06-18__17-38-41.491018, -0.312382, -1.40176, -0.306977, -2.96312, -0.326192, 1.55266, 0.473498, 0.135216, -0.127237, 0.329476, -0.0162372, -0.0612974, 0.0258317, -0.401649, -0.398796, 0.180151, 0, 2, 2, 0, 0, 0.242146, 0.0797577, 0.079632, 0.311383, 0.312557, 0.0505067, -0.011575, 0.352404, 0.079632, 1
6.22, 2025-06-18__17-38-41.501019, -0.313028, -1.40117, -0.308446, -2.96224, -0.327574, 1.55264, 0.472303, 0.13501, -0.127901, 0.32971, -0.0203813, -0.060974, 0.0184803, -0.401649, -0.398796, 0.180151, 0, 2, 2, 0, 0, 0.242309, 0.0797688, 0.0796668, 0.311307, 0.312461, 0.0503245, -0.0120972, 0.352482, 0.0796668, 1
6.23, 2025-06-18__17-38-41.511018, -0.313807, -1.40041, -0.310196, -2.96111, -0.32925, 1.55249, 0.470486, 0.134805, -0.128499, 0.329923, -0.0236823, -0.0581337, 0.0192456, -0.401649, -0.398796, 0.180151, 0, 2, 2, 0, 0, 0.242508, 0.0797468, 0.0796693, 0.31117, 0.312304, 0.0500941, -0.0127553, 0.352579, 0.0796693, 1
6.24, 2025-06-18__17-38-41.521020, -0.314429, -1.3998, -0.311645, -2.96019, -0.330696, 1.5523, 0.468648, 0.134597, -0.129044, 0.330105, -0.0216944, -0.0621611, 0.0215882, -0.401649, -0.398796, 0.180151, 0, 2, 2, 0, 0, 0.242649, 0.0796886, 0.0796282, 0.311017, 0.31214, 0.049885, -0.0133007, 0.352723, 0.0796282, 1
6.25, 2025-06-18__17-38-41.531020, -0.315136, -1.39911, -0.313344, -2.95914, -0.332198, 1.55227, 0.466566, 0.134404, -0.129653, 0.330325, -0.0201173, -0.061765, 0.0207023, -0.401649, -0.398796, 0.180151, 0, 2, 2, 0, 0, 0.242842, 0.0796652, 0.0796185, 0.31087, 0.311971, 0.0496298, -0.0138702, 0.353008, 0.0796185, 1
6.26, 2025-06-18__17-38-41.541020, -0.315889, -1.39838, -0.31501, -2.95806, -0.333591, 1.55231, 0.464731, 0.134231, -0.130261, 0.330562, -0.0168351, -0.0607501, 0.0251398, -0.401649, -0.398796, 0.180151, 0, 2, 2, 0, 0, 0.243063, 0.0796881, 0.079649, 0.310757, 0.311826, 0.049437, -0.0144361, 0.353067, 0.079649, 1
6.27, 2025-06-18__17-38-41.551020, -0.316723, -1.39745, -0.316811, -2.95686, -0.334961, 1.5523, 0.46293, 0.134076, -0.130782, 0.33076, -0.0167802, -0.0575791, 0.0219027, -0.401649, -0.398796, 0.180151, 0, 2, 2, 0, 0, 0.24331, 0.0797345, 0.0796982, 0.310646, 0.311678, 0.0492643, -0.0150338, 0.353018, 0.0796982, 1
6.28, 2025-06-18__17-38-41.561019, -0.317431, -1.39662, -0.318252, -2.95587, -0.336023, 1.55227, 0.461557, 0.133885, -0.131405, 0.330991, -0.0196555, -0.0565167, 0.0207265, -0.401649, -0.398796, 0.180151, 0, 2, 2, 0, 0, 0.243513, 0.0797839, 0.0797466, 0.310563, 0.311562, 0.0491275, -0.015511, 0.352974, 0.0797466, 1
6.29, 2025-06-18__17-38-41.571017, -0.318229, -1.39569, -0.319862, -2.95471, -0.337257, 1.55196, 0.46006, 0.133655, -0.131972, 0.331194, -0.025592, -0.0565741, 0.0184648, -0.401649, -0.398796, 0.180151, 0, 2, 2, 0, 0, 0.243734, 0.079807, 0.0797666, 0.310438, 0.311409, 0.0491024, -0.0156491, 0.352926, 0.0797666, 1
6.3, 2025-06-18__17-38-41.581019, -0.31902, -1.39478, -0.321514, -2.95356, -0.338543, 1.55127, 0.458577, 0.133345, -0.132524, 0.331371, -0.033529, -0.0544506, 0.0160177, -0.401649, -0.398796, 0.180151, 0, 2, 2, 0, 0, 0.243914, 0.0797655, 0.0797227, 0.310262, 0.31122, 0.0491072, -0.0156936, 0.352879, 0.0797227, 1
6.31, 2025-06-18__17-38-41.591017, -0.31988, -1.39379, -0.32323, -2.95232, -0.340036, 1.55054, 0.456954, 0.13302, -0.13308, 0.33154, -0.0318622, -0.0575707, 0.0183077, -0.401649, -0.398796, 0.180151, 0, 2, 2, 0, 0, 0.244101, 0.0797221, 0.0796777, 0.310072, 0.311015, 0.0491124, -0.0157421, 0.352828, 0.0796777, 1
6.32, 2025-06-18__17-38-41.601021, -0.320637, -1.39305, -0.324573, -2.95137, -0.341205, 1.55031, 0.455842, 0.132765, -0.133651, 0.331729, -0.0214849, -0.0558739, 0.0193019, -0.401649, -0.398796, 0.180151, 0, 2, 2, 0, 0, 0.244276, 0.0797565, 0.0797133, 0.309983, 0.310899, 0.0491143, -0.0157838, 0.35279, 0.0797133, 1
6.33, 2025-06-18__17-38-41.611018, -0.321488, -1.3922, -0.32612, -2.95039, -0.342573, 1.55017, 0.45465, 0.132509, -0.134292, 0.331905, -0.0240928, -0.0591735, 0.0172518, -0.401649, -0.398796, 0.180151, 0, 2, 2, 0, 0, 0.244442, 0.0798005, 0.0797625, 0.3099, 0.310784, 0.0491168, -0.0158309, 0.352746, 0.0797625, 1
6.34, 2025-06-18__17-38-41.621019, -0.322313, -1.39138, -0.327695, -2.94938, -0.344112, 1.54972, 0.453242, 0.132238, -0.134828, 0.332035, -0.0318087, -0.0589651, 0.0137707, -0.401649, -0.398796, 0.180151, 0, 2, 2, 0, 0, 0.244576, 0.079775, 0.0797468, 0.309755, 0.310622, 0.0491191, -0.0158766, 0.352704, 0.0797468, 1
6.35, 2025-06-18__17-38-41.631019, -0.323088, -1.39067, -0.329243, -2.94838, -0.345749, 1.54903, 0.45159, 0.13188, -0.135419, 0.332183, -0.0356781, -0.0589752, 0.0129832, -0.401649, -0.398796, 0.180151, 0, 2, 2, 0, 0, 0.244681, 0.0796835, 0.0796704, 0.309556, 0.310418, 0.04912, -0.0159191, 0.352667, 0.0796704, 1
6.36, 2025-06-18__17-38-41.641018, -0.323932, -1.39001, -0.330888, -2.94731, -0.347597, 1.54866, 0.449791, 0.131545, -0.136096, 0.332373, -0.0257634, -0.0634191, 0.019687, -0.401649, -0.398796, 0.180151, 0, 2, 2, 0, 0, 0.244831, 0.079643, 0.0796528, 0.30939, 0.310231, 0.0480926, -0.0196769, 0.351625, 0.079643, 1
6.37, 2025-06-18__17-38-41.651019, -0.324665, -1.3895, -0.332194, -2.94645, -0.349069, 1.54874, 0.448564, 0.131357, -0.136675, 0.332571, -0.0217078, -0.0649457, 0.0237624, -0.401649, -0.398796, 0.180151, 0, 2, 2, 0, 0, 0.244995, 0.0796928, 0.0797246, 0.309328, 0.310135, 0.0479115, -0.0201947, 0.351632, 0.0796928, 1
6.38, 2025-06-18__17-38-41.661019, -0.325469, -1.38888, -0.333674, -2.94553, -0.350738, 1.54869, 0.447106, 0.131114, -0.137313, 0.332755, -0.0234539, -0.0627114, 0.0186757, -0.401649, -0.398796, 0.180151, 0, 2, 2, 0, 0, 0.24514, 0.0797081, 0.0797688, 0.309229, 0.310007, 0.0477077, -0.0207747, 0.351641, 0.0797081, 1
6.39, 2025-06-18__17-38-41.671020, -0.326238, -1.38823, -0.335176, -2.94456, -0.352444, 1.54859, 0.445444, 0.130835, -0.138019, 0.33296, -0.0264014, -0.0629278, 0.0168664, -0.401649, -0.398796, 0.180151, 0, 2, 2, 0, 0, 0.24529, 0.079708, 0.0798032, 0.309108, 0.309858, 0.0474959, -0.0213755, 0.35165, 0.079708, 1
6.4, 2025-06-18__17-38-41.681019, -0.327071, -1.38761, -0.336642, -2.94363, -0.354218, 1.54828, 0.443467, 0.130556, -0.138598, 0.333107, -0.0329168, -0.0655932, 0.0172767, -0.401649, -0.398796, 0.180151, 0, 2, 2, 0, 0, 0.245396, 0.0796364, 0.0797724, 0.308928, 0.309663, 0.0472766, -0.0219937, 0.351659, 0.0796364, 1
6.41, 2025-06-18__17-38-41.691019, -0.327882, -1.38703, -0.338051, -2.9427, -0.355965, 1.54806, 0.441587, 0.130259, -0.139234, 0.333275, -0.028621, -0.062594, 0.0168555, -0.401649, -0.398796, 0.180151, 0, 2, 2, 0, 0, 0.245521, 0.0795886, 0.0797694, 0.308769, 0.309485, 0.0470603, -0.0226007, 0.351668, 0.0795886, 1
6.42, 2025-06-18__17-38-41.701020, -0.328818, -1.38633, -0.339591, -2.94163, -0.357794, 1.54807, 0.439973, 0.129994, -0.139955, 0.33351, -0.0246468, -0.0619912, 0.0169996, -0.401649, -0.398796, 0.180151, 0, 2, 2, 0, 0, 0.245712, 0.0796275, 0.0798603, 0.308671, 0.30935, 0.0468285, -0.0232464, 0.351678, 0.0796275, 1
6.43, 2025-06-18__17-38-41.711017, -0.329623, -1.38567, -0.340869, -2.94081, -0.359233, 1.54803, 0.438838, 0.129735, -0.140589, 0.333671, -0.0280717, -0.0639448, 0.0158476, -0.401649, -0.398796, 0.180151, 0, 2, 2, 0, 0, 0.24584, 0.0796555, 0.0799323, 0.308598, 0.309251, 0.0466452, -0.0237531, 0.351685, 0.0796555, 1
6.44, 2025-06-18__17-38-41.721017, -0.330527, -1.38485, -0.342307, -2.93982, -0.360874, 1.54776, 0.437273, 0.129462, -0.141165, 0.333815, -0.0313364, -0.0620363, 0.0135041, -0.401649, -0.398796, 0.180151, 0, 2, 2, 0, 0, 0.245975, 0.0796394, 0.0799721, 0.308462, 0.309095, 0.0464298, -0.0243459, 0.351694, 0.0796394, 1
6.45, 2025-06-18__17-38-41.731020, -0.331449, -1.38404, -0.343722, -2.93888, -0.362579, 1.54712, 0.435362, 0.129077, -0.141782, 0.333925, -0.0401427, -0.0618336, 0.0104715, -0.401649, -0.398796, 0.180151, 0, 2, 2, 0, 0, 0.246044, 0.0795201, 0.0799155, 0.308243, 0.308876, 0.0462084, -0.0249523, 0.351703, 0.0795201, 1
6.46, 2025-06-18__17-38-41.741019, -0.332492, -1.38322, -0.345199, -2.9378, -0.364446, 1.54657, 0.433238, 0.128666, -0.142474, 0.334082, -0.0353662, -0.0635462, 0.0152094, -0.401649, -0.398796, 0.180151, 0, 2, 2, 0, 0, 0.24616, 0.0794239, 0.0798939, 0.308023, 0.308647, 0.0459616, -0.0256239, 0.351713, 0.0794239, 1
6.47, 2025-06-18__17-38-41.751017, -0.333397, -1.38258, -0.346456, -2.93691, -0.365912, 1.5466, 0.431779, 0.128396, -0.143147, 0.334282, -0.0255374, -0.0686923, 0.0223826, -0.401649, -0.398796, 0.180151, 0, 2, 2, 0, 0, 0.246315, 0.0794521, 0.0799853, 0.307934, 0.308529, 0.0457614, -0.0261636, 0.351721, 0.0794521, 1
6.48, 2025-06-18__17-38-41.761020, -0.334389, -1.3818, -0.3479, -2.93596, -0.36753, 1.54659, 0.430216, 0.128146, -0.143742, 0.334429, -0.0290886, -0.0660961, 0.0159659, -0.401649, -0.398796, 0.180151, 0, 2, 1, 0, 0, 0.24646, 0.0794722, 0.0800789, 0.307833, 0.308398, 0.0455405, -0.026756, 0.351729, 0.0794722, 1
6.49, 2025-06-18__17-38-41.771017, -0.335468, -1.38084, -0.349487, -2.93486, -0.369221, 1.54652, 0.428287, 0.12787, -0.144393, 0.334591, -0.0293933, -0.0650205, 0.0172754, -0.401649, -0.398796, 0.180151, 0, 2, 1, 0, 0, 0.246626, 0.0794827, 0.0801755, 0.307697, 0.308232, 0.0452957, -0.027409, 0.351739, 0.0794827, 1
6.5, 2025-06-18__17-38-41.781018, -0.336332, -1.38022, -0.35076, -2.93399, -0.370561, 1.54638, 0.426559, 0.127581, -0.145023, 0.334767, -0.0286691, -0.0624129, 0.016885, -0.401649, -0.398796, 0.180151, 0, 2, 1, 0, 0, 0.246758, 0.0794605, 0.0802271, 0.307561, 0.308076, 0.0450972, -0.0279357, 0.351747, 0.0794605, 1
6.51, 2025-06-18__17-38-41.791016, -0.337295, -1.37959, -0.35215, -2.93305, -0.37198, 1.54619, 0.424626, 0.127255, -0.145684, 0.334951, -0.0283421, -0.0606997, 0.0178997, -0.401649, -0.398796, 0.180151, 0, 2, 1, 0, 0, 0.246902, 0.0794256, 0.080276, 0.307402, 0.3079, 0.0448811, -0.0285052, 0.351755, 0.0794256, 1
6.52, 2025-06-18__17-38-41.801018, -0.338254, -1.37896, -0.353537, -2.93208, -0.373328, 1.54612, 0.422862, 0.126989, -0.146286, 0.335143, -0.0273477, -0.0617376, 0.0217029, -0.401649, -0.398796, 0.180151, 0, 2, 1, 0, 0, 0.247077, 0.0794331, 0.0803679, 0.307277, 0.307748, 0.0446683, -0.0290623, 0.351763, 0.0794331, 1
6.53, 2025-06-18__17-38-41.811019, -0.339307, -1.37826, -0.355124, -2.93108, -0.374743, 1.54611, 0.421237, 0.126736, -0.146871, 0.335307, -0.0243042, -0.0587885, 0.0188941, -0.401649, -0.398796, 0.180151, 0, 2, 1, 0, 0, 0.247257, 0.0794642, 0.0804902, 0.307173, 0.307613, 0.0444432, -0.0296468, 0.351772, 0.0794642, 1
6.54, 2025-06-18__17-38-41.821018, -0.34019, -1.37769, -0.356482, -2.93025, -0.375937, 1.54608, 0.420094, 0.126493, -0.14741, 0.33545, -0.0269445, -0.0602173, 0.0163832, -0.401649, -0.398796, 0.180151, 0, 2, 1, 0, 0, 0.247408, 0.0795007, 0.0806045, 0.307101, 0.307516, 0.0442559, -0.0301299, 0.351779, 0.0795007, 1
6.55, 2025-06-18__17-38-41.831018, -0.341139, -1.3771, -0.357971, -2.92929, -0.377219, 1.54595, 0.418951, 0.126216, -0.147996, 0.335621, -0.0281196, -0.0569015, 0.0158725, -0.401649, -0.398796, 0.180151, 0, 2, 1, 0, 0, 0.247591, 0.0795441, 0.0807354, 0.307021, 0.30741, 0.0440507, -0.0306569, 0.351787, 0.0795441, 1
6.56, 2025-06-18__17-38-41.841019, -0.342151, -1.37653, -0.359378, -2.92835, -0.378436, 1.54565, 0.417652, 0.125903, -0.148558, 0.335786, -0.0317534, -0.0562565, 0.0183092, -0.401649, -0.398796, 0.180151, 0, 2, 1, 0, 0, 0.247755, 0.079545, 0.0808248, 0.306903, 0.307275, 0.0438475, -0.0311732, 0.351794, 0.079545, 1
6.57, 2025-06-18__17-38-41.851018, -0.343175, -1.37597, -0.360748, -2.92745, -0.379714, 1.54519, 0.416246, 0.125511, -0.149167, 0.335943, -0.03563, -0.0558601, 0.0141168, -0.401649, -0.398796, 0.180151, 0, 2, 1, 0, 0, 0.24788, 0.0794996, 0.0808723, 0.306752, 0.307117, 0.043641, -0.0316945, 0.351802, 0.0794996, 1
6.58, 2025-06-18__17-38-41.861018, -0.344194, -1.37541, -0.362171, -2.92655, -0.38097, 1.5448, 0.414659, 0.125199, -0.149666, 0.336071, -0.0361228, -0.0562442, 0.0120952, -0.401649, -0.398796, 0.180151, 0, 2, 1, 0, 0, 0.248008, 0.0794526, 0.0809226, 0.306594, 0.30695, 0.0434305, -0.032224, 0.35181, 0.0794526, 1
6.59, 2025-06-18__17-38-41.871016, -0.345244, -1.37481, -0.363647, -2.92568, -0.38229, 1.5446, 0.413056, 0.124874, -0.150243, 0.336193, -0.032723, -0.0578661, 0.0126768, -0.401649, -0.398796, 0.180151, 0, 2, 1, 0, 0, 0.24813, 0.0794273, 0.080999, 0.30646, 0.3068, 0.0432133, -0.0327669, 0.351817, 0.0794273, 1
6.6, 2025-06-18__17-38-41.881017, -0.346315, -1.37424, -0.365126, -2.92482, -0.383592, 1.5446, 0.411438, 0.124586, -0.150841, 0.33634, -0.0287038, -0.0597631, 0.0156181, -0.401649, -0.398796, 0.180151, 0, 2, 1, 0, 0, 0.248268, 0.0794331, 0.0811079, 0.306352, 0.306669, 0.0429945, -0.0333098, 0.351825, 0.0794331, 1
6.61, 2025-06-18__17-38-41.891018, -0.34753, -1.37363, -0.36668, -2.92383, -0.38502, 1.5446, 0.409535, 0.124296, -0.151441, 0.336501, -0.0299752, -0.060748, 0.0164695, -0.401649, -0.398796, 0.180151, 0, 2, 1, 0, 0, 0.248437, 0.0794403, 0.081233, 0.306224, 0.306514, 0.0427486, -0.0339152, 0.351834, 0.0794403, 1
6.62, 2025-06-18__17-38-41.901017, -0.34861, -1.37298, -0.368061, -2.92294, -0.386462, 1.54459, 0.407667, 0.123963, -0.15213, 0.336667, -0.0301607, -0.0639923, 0.0167688, -0.401649, -0.398796, 0.180151, 0, 2, 1, 0, 0, 0.24856, 0.0794271, 0.0813353, 0.306094, 0.306361, 0.0425153, -0.0344895, 0.351843, 0.0794271, 1
6.63, 2025-06-18__17-38-41.911017, -0.349617, -1.37232, -0.369485, -2.92201, -0.387959, 1.54459, 0.405731, 0.123666, -0.15277, 0.33683, -0.0292288, -0.0638565, 0.0173639, -0.401649, -0.398796, 0.180151, 0, 2, 1, 0, 0, 0.248693, 0.0794167, 0.0814476, 0.30596, 0.306204, 0.0422753, -0.0350816, 0.351851, 0.0794167, 1
6.64, 2025-06-18__17-38-41.921017, -0.350619, -1.37166, -0.370902, -2.92112, -0.389506, 1.5446, 0.403765, 0.123425, -0.153288, 0.33695, -0.0314414, -0.0660173, 0.0146813, -0.401649, -0.398796, 0.180151, 0, 2, 1, 0, 0, 0.248806, 0.0793947, 0.0815519, 0.305823, 0.306046, 0.042033, -0.0356767, 0.35186, 0.0793947, 1
6.65, 2025-06-18__17-38-41.931019, -0.351545, -1.37106, -0.37214, -2.92026, -0.390786, 1.5446, 0.402153, 0.12307, -0.154046, 0.337154, -0.030002, -0.0624031, 0.0132479, -0.401649, -0.398796, 0.180151, 0, 2, 1, 0, 0, 0.248944, 0.0794026, 0.0816724, 0.305716, 0.305916, 0.0418195, -0.0361957, 0.351868, 0.0794026, 1
6.66, 2025-06-18__17-38-41.941016, -0.352666, -1.37025, -0.373713, -2.9192, -0.392277, 1.5446, 0.400513, 0.122808, -0.154606, 0.337304, -0.0289595, -0.060737, 0.0148015, -0.401649, -0.398796, 0.180151, 0, 2, 1, 0, 0, 0.249119, 0.0794408, 0.0818471, 0.305614, 0.305783, 0.041565, -0.03681, 0.351877, 0.0794408, 1
6.67, 2025-06-18__17-38-41.951019, -0.353595, -1.36953, -0.374998, -2.91832, -0.393436, 1.5446, 0.399437, 0.12249, -0.155282, 0.33747, -0.0287537, -0.0619934, 0.0167631, -0.401649, -0.398796, 0.180151, 0, 2, 1, 0, 0, 0.249272, 0.0794967, 0.082013, 0.305554, 0.305696, 0.0413622, -0.0372944, 0.351884, 0.0794967, 1
6.68, 2025-06-18__17-38-41.961019, -0.354622, -1.36876, -0.376341, -2.91736, -0.39478, 1.54458, 0.398135, 0.122224, -0.155834, 0.337609, -0.0310308, -0.0623664, 0.0137683, -0.401649, -0.398796, 0.180151, 0, 2, 1, 0, 0, 0.249432, 0.0795421, 0.0821841, 0.305474, 0.305589, 0.0411339, -0.0378376, 0.351892, 0.0795421, 1
6.69, 2025-06-18__17-38-41.971017, -0.355812, -1.36794, -0.377837, -2.91632, -0.396315, 1.54446, 0.396503, 0.121902, -0.156459, 0.337759, -0.0328448, -0.0636144, 0.0146226, -0.401649, -0.398796, 0.180151, 0, 2, 1, 0, 0, 0.249587, 0.0795541, 0.082342, 0.305355, 0.305446, 0.0408732, -0.0384531, 0.351901, 0.0795541, 1
6.7, 2025-06-18__17-38-41.981017, -0.356782, -1.36732, -0.379102, -2.91546, -0.397542, 1.54425, 0.394904, 0.12155, -0.157071, 0.337907, -0.034896, -0.0593664, 0.0134837, -0.401649, -0.398796, 0.180151, 0, 2, 1, 0, 0, 0.24971, 0.0795277, 0.0824416, 0.30522, 0.305298, 0.0406551, -0.0389661, 0.351909, 0.0795277, 1
6.71, 2025-06-18__17-38-41.991018, -0.357872, -1.36657, -0.380507, -2.91453, -0.39897, 1.54399, 0.392963, 0.121144, -0.157744, 0.338039, -0.0364268, -0.0611355, 0.0103055, -0.401649, -0.398796, 0.180151, 0, 2, 1, 0, 0, 0.249821, 0.0794732, 0.0825333, 0.305051, 0.305118, 0.0404061, -0.0395496, 0.351918, 0.0794732, 1
6.72, 2025-06-18__17-38-42.001018, -0.358947, -1.36585, -0.381918, -2.91361, -0.400374, 1.54383, 0.390783, 0.120796, -0.15836, 0.338167, -0.0351123, -0.0611071, 0.010468, -0.401649, -0.398796, 0.180151, 0, 2, 1, 0, 0, 0.249936, 0.0794161, 0.0826264, 0.304875, 0.304928, 0.0401537, -0.0401392, 0.351926, 0.0794161, 1
6.73, 2025-06-18__17-38-42.011017, -0.360184, -1.36515, -0.383447, -2.91264, -0.401856, 1.54385, 0.388293, 0.120476, -0.158978, 0.338306, -0.0320707, -0.0616213, 0.0139981, -0.401649, -0.398796, 0.180151, 0, 2, 1, 0, 0, 0.250077, 0.0793729, 0.0827424, 0.304701, 0.304731, 0.0398765, -0.0407787, 0.351936, 0.0793729, 1
6.74, 2025-06-18__17-38-42.021018, -0.361193, -1.36464, -0.384647, -2.91183, -0.402976, 1.54385, 0.386376, 0.120195, -0.159518, 0.338454, -0.0323545, -0.0589555, 0.0149356, -0.401649, -0.398796, 0.180151, 0, 2, 1, 0, 0, 0.250215, 0.0793515, 0.0828447, 0.304568, 0.304579, 0.0396563, -0.0412816, 0.351943, 0.0793515, 1
6.75, 2025-06-18__17-38-42.031017, -0.362291, -1.36404, -0.386036, -2.91087, -0.404207, 1.54389, 0.384456, 0.119889, -0.160124, 0.338624, -0.0309778, -0.0609081, 0.0193526, -0.401649, -0.398796, 0.180151, 0, 2, 1, 0, 0, 0.250397, 0.0793631, 0.0829936, 0.304447, 0.30443, 0.0394103, -0.0418423, 0.351952, 0.0793631, 1
6.76, 2025-06-18__17-38-42.041018, -0.363343, -1.3634, -0.387427, -2.90992, -0.405441, 1.54393, 0.382846, 0.119595, -0.16073, 0.338799, -0.0304095, -0.060938, 0.0184611, -0.401649, -0.398796, 0.180151, 0, 2, 1, 0, 0, 0.250577, 0.0793949, 0.0831619, 0.304353, 0.304305, 0.0391701, -0.0423875, 0.35196, 0.0793949, 1
6.77, 2025-06-18__17-38-42.051016, -0.364377, -1.36283, -0.388754, -2.90895, -0.406646, 1.54393, 0.38147, 0.119295, -0.161329, 0.338992, -0.0297668, -0.0599465, 0.0198067, -0.401649, -0.398796, 0.180151, 0, 2, 1, 0, 0, 0.250778, 0.0794436, 0.0833469, 0.304275, 0.304196, 0.0389355, -0.0429164, 0.351968, 0.0794436, 1
6.78, 2025-06-18__17-38-42.061017, -0.365407, -1.36227, -0.390061, -2.908, -0.407819, 1.54391, 0.380231, 0.118998, -0.161909, 0.339179, -0.0301436, -0.0583566, 0.0196325, -0.401649, -0.398796, 0.180151, 0, 2, 1, 0, 0, 0.250976, 0.0794959, 0.0835346, 0.304205, 0.304096, 0.0387058, -0.04343, 0.351975, 0.0794959, 1
6.79, 2025-06-18__17-38-42.071016, -0.366443, -1.36163, -0.391384, -2.90704, -0.409077, 1.54386, 0.378928, 0.118647, -0.162566, 0.339363, -0.031958, -0.0591689, 0.0138691, -0.401649, -0.398796, 0.180151, 0, 2, 1, 0, 0, 0.251159, 0.0795365, 0.0837191, 0.304127, 0.303988, 0.0384674, -0.0439623, 0.351983, 0.0795365, 1
6.8, 2025-06-18__17-38-42.081020, -0.36748, -1.36098, -0.392708, -2.90612, -0.410344, 1.54372, 0.377443, 0.118343, -0.16309, 0.339487, -0.0347169, -0.0586106, 0.0144685, -0.401649, -0.398796, 0.180151, 0, 2, 1, 0, 0, 0.251314, 0.0795388, 0.0838698, 0.304018, 0.303857, 0.0382269, -0.0444967, 0.351991, 0.0795388, 1
6.81, 2025-06-18__17-38-42.091015, -0.368578, -1.36031, -0.393998, -2.90521, -0.411627, 1.54353, 0.375732, 0.117985, -0.163678, 0.339627, -0.0376546, -0.0586625, 0.0113839, -0.401649, -0.398796, 0.180151, 0, 2, 1, 0, 0, 0.251454, 0.0795133, 0.0839988, 0.303883, 0.303704, 0.0379794, -0.0450411, 0.351999, 0.0795133, 1
6.82, 2025-06-18__17-38-42.101016, -0.369789, -1.35953, -0.395423, -2.90425, -0.412966, 1.54332, 0.373689, 0.117625, -0.164245, 0.339736, -0.0353753, -0.0554522, 0.00837045, -0.401649, -0.398796, 0.180151, 0, 2, 1, 0, 0, 0.251589, 0.0794665, 0.0841232, 0.30372, 0.303523, 0.0377095, -0.0456297, 0.352008, 0.0794665, 1
6.83, 2025-06-18__17-38-42.111017, -0.370898, -1.35879, -0.39671, -2.90335, -0.414066, 1.54325, 0.371727, 0.117293, -0.164808, 0.339857, -0.03311, -0.0531431, 0.00910536, -0.401649, -0.398796, 0.180151, 0, 2, 1, 0, 0, 0.251737, 0.0794475, 0.08426, 0.303582, 0.303361, 0.0374658, -0.0461565, 0.352016, 0.0794475, 1
6.84, 2025-06-18__17-38-42.121017, -0.371916, -1.35809, -0.397854, -2.90249, -0.415031, 1.54326, 0.36993, 0.11698, -0.165387, 0.340009, -0.0313717, -0.0587825, 0.0184913, -0.401649, -0.398796, 0.180151, 0, 2, 1, 0, 0, 0.251894, 0.0794527, 0.0844096, 0.303468, 0.303221, 0.0372423, -0.0466368, 0.352023, 0.0794527, 1
6.85, 2025-06-18__17-38-42.131017, -0.373092, -1.35726, -0.399152, -2.90151, -0.416043, 1.54328, 0.367875, 0.116667, -0.165966, 0.340153, -0.0318267, -0.0588551, 0.0162119, -0.401649, -0.398796, 0.180151, 0, 2, 1, 0, 0, 0.252077, 0.079463, 0.0845839, 0.30334, 0.303062, 0.0369909, -0.0471712, 0.352031, 0.079463, 1
6.86, 2025-06-18__17-38-42.141018, -0.374376, -1.3563, -0.400562, -2.90039, -0.417031, 1.54327, 0.365553, 0.116361, -0.166527, 0.340311, -0.0314955, -0.0547594, 0.013883, -0.401649, -0.398796, 0.180151, 0, 2, 1, 0, 0, 0.252295, 0.0794794, 0.0847818, 0.303192, 0.302879, 0.0367178, -0.047747, 0.352039, 0.0794794, 1
6.87, 2025-06-18__17-38-42.151016, -0.375527, -1.35548, -0.401799, -2.89942, -0.417973, 1.54327, 0.363496, 0.116054, -0.167084, 0.34046, -0.0299797, -0.057647, 0.0186058, -0.401649, -0.398796, 0.180151, 0, 2, 1, 0, 0, 0.252479, 0.0794878, 0.0849508, 0.303061, 0.302718, 0.0364712, -0.0482643, 0.352047, 0.0794878, 1
6.88, 2025-06-18__17-38-42.161016, -0.37656, -1.35479, -0.402908, -2.89858, -0.418888, 1.54325, 0.36184, 0.115734, -0.167645, 0.340601, -0.0319594, -0.0558691, 0.0130732, -0.401649, -0.398796, 0.180151, 0, 2, 1, 0, 0, 0.252635, 0.0794959, 0.0850997, 0.302956, 0.302586, 0.0362496, -0.0487265, 0.352054, 0.0794959, 1
6.89, 2025-06-18__17-38-42.171017, -0.377732, -1.35407, -0.404133, -2.89766, -0.419904, 1.54324, 0.360201, 0.115409, -0.168208, 0.340744, -0.0321138, -0.0547235, 0.0154594, -0.401649, -0.398796, 0.180151, 0, 2, 1, 0, 0, 0.252812, 0.0795185, 0.0852724, 0.302858, 0.302457, 0.0360053, -0.04923, 0.352061, 0.0795185, 1
6.9, 2025-06-18__17-38-42.181018, -0.378866, -1.35332, -0.405367, -2.89679, -0.420978, 1.5432, 0.358489, 0.115079, -0.168762, 0.34086, -0.0322714, -0.0555481, 0.0122736, -0.401649, -0.398796, 0.180151, 0, 2, 1, 0, 0, 0.252956, 0.0795164, 0.0854229, 0.302747, 0.30232, 0.0357596, -0.0497367, 0.352069, 0.0795164, 1
6.91, 2025-06-18__17-38-42.191019, -0.380106, -1.35254, -0.406681, -2.89585, -0.422259, 1.5431, 0.356487, 0.114692, -0.169382, 0.340988, -0.0362727, -0.0562845, 0.0115899, -0.401649, -0.398796, 0.180151, 0, 2, 1, 0, 0, 0.253099, 0.0794887, 0.0855706, 0.302607, 0.302155, 0.0354824, -0.0503083, 0.352077, 0.0794887, 1
6.92, 2025-06-18__17-38-42.201016, -0.38128, -1.3519, -0.407869, -2.89503, -0.423449, 1.54302, 0.354569, 0.114332, -0.169947, 0.341096, -0.0379945, -0.0566188, 0.0091547, -0.401649, -0.398796, 0.180151, 0, 2, 1, 0, 0, 0.25322, 0.0794493, 0.0856938, 0.302472, 0.301998, 0.0352255, -0.0508322, 0.352085, 0.0794493, 1
6.93, 2025-06-18__17-38-42.211017, -0.382487, -1.3513, -0.409074, -2.89421, -0.424654, 1.54304, 0.352606, 0.114014, -0.17047, 0.341207, -0.0335257, -0.0591983, 0.0127397, -0.401649, -0.398796, 0.180151, 0, 2, 1, 0, 0, 0.25335, 0.0794221, 0.0858324, 0.302348, 0.301848, 0.0349626, -0.0513643, 0.352093, 0.0794221, 1
6.94, 2025-06-18__17-38-42.221019, -0.383687, -1.35068, -0.410253, -2.89339, -0.425866, 1.54304, 0.350592, 0.11362, -0.171107, 0.341339, -0.0359065, -0.0573789, 0.012202, -0.401649, -0.398796, 0.180151, 0, 2, 1, 0, 0, 0.253474, 0.0793879, 0.0859673, 0.302217, 0.301692, 0.0346981, -0.0518974, 0.352101, 0.0793879, 1
6.95, 2025-06-18__17-38-42.231019, -0.384772, -1.35011, -0.411268, -2.89262, -0.426906, 1.54306, 0.348804, 0.113306, -0.171627, 0.341464, -0.034504, -0.0561169, 0.0124968, -0.401649, -0.398796, 0.180151, 0, 2, 1, 0, 0, 0.253603, 0.0793725, 0.0861036, 0.302106, 0.301556, 0.0344614, -0.0523707, 0.352108, 0.0793725, 1
6.96, 2025-06-18__17-38-42.241018, -0.386138, -1.34945, -0.412503, -2.89172, -0.428187, 1.54308, 0.346798, 0.112951, -0.172203, 0.341597, -0.0353789, -0.0566248, 0.0115508, -0.401649, -0.398796, 0.180151, 0, 2, 1, 0, 0, 0.253749, 0.0793559, 0.0862708, 0.301984, 0.301403, 0.0341738, -0.0529373, 0.352117, 0.0793559, 1
6.97, 2025-06-18__17-38-42.251017, -0.387359, -1.34888, -0.413671, -2.89082, -0.429281, 1.54316, 0.345103, 0.112573, -0.172842, 0.341776, -0.0322614, -0.0576306, 0.0174707, -0.401649, -0.398796, 0.180151, 0, 2, 1, 0, 0, 0.253928, 0.0793811, 0.0864646, 0.301897, 0.30128, 0.0339115, -0.0534525, 0.352124, 0.0793811, 1
6.98, 2025-06-18__17-38-42.261020, -0.388449, -1.34835, -0.414725, -2.89, -0.430232, 1.54319, 0.343713, 0.112265, -0.17336, 0.341925, -0.0346552, -0.057529, 0.0159649, -0.401649, -0.398796, 0.180151, 0, 2, 1, 0, 0, 0.254091, 0.07941, 0.0866445, 0.301825, 0.301176, 0.0336788, -0.0539061, 0.352131, 0.07941, 1
6.99, 2025-06-18__17-38-42.271019, -0.389724, -1.34764, -0.416005, -2.88895, -0.431484, 1.54319, 0.342166, 0.111915, -0.173946, 0.342097, -0.0345151, -0.0579741, 0.0174256, -0.401649, -0.398796, 0.180151, 0, 2, 1, 0, 0, 0.254296, 0.0794568, 0.0868837, 0.301746, 0.301057, 0.0333901, -0.0544727, 0.35214, 0.0794568, 1
7, 2025-06-18__17-38-42.281018, -0.390772, -1.34702, -0.417006, -2.88807, -0.432495, 1.54318, 0.341018, 0.111563, -0.174535, 0.342274, -0.0331861, -0.0567115, 0.0183483, -0.401649, -0.398796, 0.180151, 0, 2, 1, 0, 0, 0.254471, 0.0795079, 0.0870912, 0.301692, 0.300967, 0.0331555, -0.0549291, 0.352147, 0.0795079, 1
7.01, 2025-06-18__17-38-42.291016, -0.391932, -1.34633, -0.4181, -2.88714, -0.433645, 1.54313, 0.339647, 0.111206, -0.175114, 0.342439, -0.0346447, -0.0572148, 0.0157541, -0.401649, -0.398796, 0.180151, 0, 2, 1, 0, 0, 0.254639, 0.0795394, 0.0872991, 0.301616, 0.300857, 0.0328942, -0.0554349, 0.352154, 0.0795394, 1
7.02, 2025-06-18__17-38-42.301016, -0.393097, -1.34562, -0.419177, -2.88624, -0.434895, 1.543, 0.338112, 0.110817, -0.175696, 0.342575, -0.0390696, -0.0601129, 0.0146879, -0.401649, -0.398796, 0.180151, 0, 2, 1, 0, 0, 0.254776, 0.0795346, 0.0874809, 0.301514, 0.300726, 0.0326248, -0.0559562, 0.352162, 0.0795346, 1
7.03, 2025-06-18__17-38-42.311017, -0.394417, -1.34478, -0.420439, -2.88528, -0.436306, 1.54283, 0.336169, 0.110409, -0.176284, 0.342684, -0.0422563, -0.0581545, 0.0102008, -0.401649, -0.398796, 0.180151, 0, 2, 1, 0, 0, 0.254896, 0.0794958, 0.087659, 0.301376, 0.30056, 0.0323175, -0.0565478, 0.352171, 0.0794958, 1
7.04, 2025-06-18__17-38-42.321017, -0.395513, -1.34406, -0.421463, -2.88451, -0.437365, 1.54278, 0.334437, 0.110021, -0.176862, 0.342783, -0.0379557, -0.059078, 0.0127036, -0.401649, -0.398796, 0.180151, 0, 2, 1, 0, 0, 0.254994, 0.0794691, 0.0878069, 0.301264, 0.300422, 0.0320682, -0.0570219, 0.352178, 0.0794691, 1
7.05, 2025-06-18__17-38-42.331016, -0.396741, -1.34324, -0.422571, -2.88368, -0.438527, 1.54278, 0.332411, 0.109647, -0.177435, 0.342877, -0.0372967, -0.0577658, 0.0102244, -0.401649, -0.398796, 0.180151, 0, 2, 1, 0, 0, 0.255094, 0.0794366, 0.0879688, 0.301139, 0.300266, 0.0317907, -0.0575456, 0.352186, 0.0794366, 1
7.06, 2025-06-18__17-38-42.341023, -0.398015, -1.34247, -0.423635, -2.88282, -0.439644, 1.54278, 0.330303, 0.109232, -0.178064, 0.343002, -0.0382121, -0.0577065, 0.0112358, -0.401649, -0.398796, 0.180151, 0, 2, 1, 0, 0, 0.255214, 0.0794084, 0.0881359, 0.301008, 0.300103, 0.0315097, -0.0580692, 0.352194, 0.0794084, 1
7.07, 2025-06-18__17-38-42.351019, -0.399314, -1.34169, -0.424728, -2.88199, -0.440762, 1.54281, 0.328202, 0.108853, -0.178637, 0.343104, -0.0374561, -0.0560556, 0.0103413, -0.401649, -0.398796, 0.180151, 0, 2, 1, 0, 0, 0.255321, 0.0793775, 0.0883024, 0.300881, 0.299944, 0.0312268, -0.0585911, 0.352202, 0.0793775, 1
7.08, 2025-06-18__17-38-42.361016, -0.400602, -1.34095, -0.425892, -2.88108, -0.441852, 1.54286, 0.326174, 0.108513, -0.179167, 0.343226, -0.0388215, -0.0587623, 0.0143179, -0.401649, -0.398796, 0.180151, 0, 2, 1, 0, 0, 0.255466, 0.0793733, 0.0885011, 0.300767, 0.299792, 0.030938, -0.0591239, 0.35221, 0.0793733, 1
7.09, 2025-06-18__17-38-42.371017, -0.401818, -1.34023, -0.427054, -2.88018, -0.44292, 1.54293, 0.324289, 0.108117, -0.179802, 0.343375, -0.0360105, -0.0565971, 0.0135715, -0.401649, -0.398796, 0.180151, 0, 2, 1, 0, 0, 0.255616, 0.0793808, 0.088709, 0.300667, 0.299653, 0.0306568, -0.0596434, 0.352218, 0.0793808, 1
7.1, 2025-06-18__17-38-42.381018, -0.403154, -1.33949, -0.428218, -2.87917, -0.44412, 1.54296, 0.322475, 0.10779, -0.180321, 0.343521, -0.0353262, -0.0577175, 0.0180479, -0.401649, -0.398796, 0.180151, 0, 2, 1, 0, 0, 0.255799, 0.0794062, 0.0889505, 0.300573, 0.299517, 0.0303516, -0.0602016, 0.352226, 0.0794062, 1
7.11, 2025-06-18__17-38-42.391017, -0.40426, -1.33894, -0.42917, -2.87834, -0.445136, 1.54297, 0.321192, 0.107372, -0.18096, 0.343704, -0.037706, -0.057022, 0.0158492, -0.401649, -0.398796, 0.180151, 0, 2, 1, 0, 0, 0.255956, 0.079438, 0.0891595, 0.30051, 0.299419, 0.0301012, -0.0606556, 0.352233, 0.079438, 1
7.12, 2025-06-18__17-38-42.401016, -0.405446, -1.33835, -0.430281, -2.8774, -0.446213, 1.54295, 0.319759, 0.106995, -0.18153, 0.343875, -0.0385366, -0.0572048, 0.0165389, -0.401649, -0.398796, 0.180151, 0, 2, 1, 0, 0, 0.25614, 0.0794726, 0.0893932, 0.300437, 0.299307, 0.0298247, -0.0611574, 0.352241, 0.0794726, 1
7.13, 2025-06-18__17-38-42.411018, -0.406618, -1.33776, -0.431468, -2.87643, -0.447304, 1.54292, 0.318183, 0.106649, -0.182053, 0.344035, -0.0379626, -0.0583546, 0.0170612, -0.401649, -0.398796, 0.180151, 0, 2, 1, 0, 0, 0.25633, 0.0794996, 0.0896302, 0.300352, 0.299182, 0.0295394, -0.0616778, 0.352249, 0.0794996, 1
7.14, 2025-06-18__17-38-42.421019, -0.407976, -1.33711, -0.432719, -2.87542, -0.448502, 1.54291, 0.316161, 0.10622, -0.182688, 0.344206, -0.0401584, -0.0579398, 0.0158048, -0.401649, -0.398796, 0.180151, 0, 2, 1, 0, 0, 0.256515, 0.0795008, 0.0898658, 0.300236, 0.299025, 0.0292199, -0.0622517, 0.352257, 0.0795008, 1
7.15, 2025-06-18__17-38-42.431017, -0.409104, -1.3366, -0.433696, -2.8746, -0.44938, 1.5429, 0.31428, 0.105839, -0.18324, 0.344371, -0.0368562, -0.0532194, 0.0148435, -0.401649, -0.398796, 0.180151, 0, 2, 1, 0, 0, 0.25667, 0.0794903, 0.0900426, 0.300122, 0.298879, 0.0289605, -0.0627115, 0.352264, 0.0794903, 1
7.16, 2025-06-18__17-38-42.441022, -0.410358, -1.336, -0.434833, -2.87372, -0.450372, 1.5429, 0.311854, 0.105492, -0.183734, 0.344496, -0.0401608, -0.0573126, 0.0128975, -0.401649, -0.398796, 0.180151, 0, 2, 1, 0, 0, 0.25682, 0.0794471, 0.0902152, 0.299968, 0.298691, 0.0286636, -0.0632388, 0.352272, 0.0794471, 1
7.17, 2025-06-18__17-38-42.451017, -0.411607, -1.33534, -0.436014, -2.87283, -0.451388, 1.5429, 0.309217, 0.105103, -0.184294, 0.344623, -0.038926, -0.0559011, 0.011127, -0.401649, -0.398796, 0.180151, 0, 2, 1, 0, 0, 0.256962, 0.0793889, 0.0903795, 0.299799, 0.298487, 0.0283292, -0.0637703, 0.352344, 0.0793889, 1
7.18, 2025-06-18__17-38-42.461016, -0.413019, -1.33463, -0.437204, -2.87183, -0.452356, 1.54292, 0.30653, 0.104685, -0.18489, 0.344784, -0.0358811, -0.0534965, 0.0171188, -0.401649, -0.398796, 0.180151, 0, 2, 1, 0, 0, 0.257147, 0.0793577, 0.0905721, 0.299634, 0.298281, 0.0279239, -0.0642953, 0.352533, 0.0793577, 1
7.19, 2025-06-18__17-38-42.471016, -0.414168, -1.334, -0.438163, -2.87099, -0.453027, 1.54297, 0.304717, 0.104365, -0.185363, 0.344931, -0.0347428, -0.0524301, 0.0149423, -0.401649, -0.398796, 0.180151, 0, 2, 1, 0, 0, 0.257319, 0.0793749, 0.090757, 0.299536, 0.298146, 0.0276097, -0.0646933, 0.35268, 0.0793749, 1
7.2, 2025-06-18__17-38-42.481017, -0.415522, -1.33312, -0.439348, -2.8699, -0.453873, 1.54302, 0.303001, 0.10398, -0.185945, 0.345098, -0.0348316, -0.0525417, 0.0151601, -0.401649, -0.398796, 0.180151, 0, 2, 1, 0, 0, 0.257549, 0.0794408, 0.0910269, 0.299459, 0.298018, 0.0272371, -0.0651742, 0.352844, 0.0794408, 1
7.21, 2025-06-18__17-38-42.491019, -0.416742, -1.33231, -0.44045, -2.86891, -0.454661, 1.54302, 0.301737, 0.103617, -0.186479, 0.345247, -0.0349451, -0.051401, 0.0126854, -0.401649, -0.398796, 0.180151, 0, 2, 1, 0, 0, 0.257756, 0.0795112, 0.0912822, 0.299406, 0.297921, 0.0269071, -0.065604, 0.352982, 0.0795112, 1
7.22, 2025-06-18__17-38-42.501015, -0.417833, -1.33157, -0.441405, -2.86806, -0.455365, 1.543, 0.300503, 0.103287, -0.186949, 0.345372, -0.0370186, -0.0522925, 0.0141219, -0.401649, -0.398796, 0.180151, 0, 2, 1, 0, 0, 0.257923, 0.079556, 0.091493, 0.299345, 0.297823, 0.0266156, -0.0659855, 0.353099, 0.079556, 1
7.23, 2025-06-18__17-38-42.511018, -0.419186, -1.33061, -0.44257, -2.86704, -0.456255, 1.54289, 0.298774, 0.102866, -0.187511, 0.345493, -0.0404262, -0.051647, 0.0100905, -0.401649, -0.398796, 0.180151, 0, 2, 1, 0, 0, 0.258103, 0.0795751, 0.091724, 0.299241, 0.297679, 0.0262533, -0.0664625, 0.35324, 0.0795751, 1
7.24, 2025-06-18__17-38-42.521020, -0.420447, -1.32973, -0.443605, -2.86614, -0.457232, 1.54273, 0.296924, 0.102447, -0.188041, 0.345592, -0.041893, -0.0511111, 0.0069465, -0.401649, -0.398796, 0.180151, 0, 2, 1, 0, 0, 0.258238, 0.0795495, 0.0919098, 0.299113, 0.29752, 0.0259082, -0.0669285, 0.353364, 0.0795495, 1
7.25, 2025-06-18__17-38-42.531017, -0.421637, -1.32897, -0.444509, -2.86539, -0.458191, 1.54262, 0.295071, 0.102054, -0.188533, 0.345664, -0.0422777, -0.0543917, 0.00871369, -0.401649, -0.398796, 0.180151, 0, 2, 1, 0, 0, 0.258337, 0.079502, 0.0920597, 0.298985, 0.297366, 0.0255933, -0.0673606, 0.353466, 0.079502, 1
7.26, 2025-06-18__17-38-42.541017, -0.422941, -1.32814, -0.445457, -2.86457, -0.459221, 1.54261, 0.292882, 0.101645, -0.189073, 0.345755, -0.0399084, -0.0524173, 0.00772062, -0.401649, -0.398796, 0.180151, 0, 2, 1, 0, 0, 0.258454, 0.0794586, 0.092233, 0.298848, 0.297195, 0.0252448, -0.0678356, 0.353579, 0.0794586, 1
7.27, 2025-06-18__17-38-42.551017, -0.424355, -1.32725, -0.446595, -2.86367, -0.460416, 1.54262, 0.2904, 0.101193, -0.189677, 0.345846, -0.0401471, -0.0553478, 0.00992327, -0.401649, -0.398796, 0.180151, 0, 2, 1, 0, 0, 0.25858, 0.0794024, 0.0924291, 0.298695, 0.297004, 0.0248533, -0.0683782, 0.353701, 0.0794024, 1
7.28, 2025-06-18__17-38-42.561017, -0.425565, -1.32653, -0.447524, -2.8629, -0.461407, 1.54266, 0.288364, 0.100771, -0.190251, 0.345952, -0.0420729, -0.056809, 0.0109473, -0.401649, -0.398796, 0.180151, 0, 2, 1, 0, 0, 0.2587, 0.0793682, 0.092606, 0.298576, 0.296851, 0.0245206, -0.06883, 0.353809, 0.0793682, 1
7.29, 2025-06-18__17-38-42.571017, -0.426916, -1.32581, -0.448481, -2.86202, -0.462407, 1.54276, 0.286144, 0.100409, -0.190761, 0.346083, -0.0399886, -0.0565415, 0.0152425, -0.401649, -0.398796, 0.180151, 0, 2, 1, 0, 0, 0.258865, 0.079355, 0.0928174, 0.298457, 0.29669, 0.0241486, -0.0693096, 0.353948, 0.079355, 1
7.3, 2025-06-18__17-38-42.581017, -0.428228, -1.32511, -0.449385, -2.86113, -0.463409, 1.54295, 0.284206, 0.0999933, -0.191385, 0.346258, -0.0385989, -0.0571528, 0.0164044, -0.401649, -0.398796, 0.180151, 0, 2, 1, 0, 0, 0.25905, 0.0793794, 0.0930587, 0.298375, 0.29656, 0.023787, -0.0697764, 0.35408, 0.0793794, 1
7.31, 2025-06-18__17-38-42.591017, -0.429553, -1.32444, -0.45032, -2.86024, -0.464552, 1.54313, 0.282614, 0.0996337, -0.19192, 0.346407, -0.0397391, -0.0594637, 0.0159438, -0.401649, -0.398796, 0.180151, 0, 2, 1, 0, 0, 0.259235, 0.0794178, 0.0933218, 0.298319, 0.296456, 0.0234261, -0.0702546, 0.354196, 0.0794178, 1
7.32, 2025-06-18__17-38-42.601015, -0.430862, -1.32379, -0.451308, -2.85935, -0.46574, 1.54324, 0.281245, 0.0992145, -0.192523, 0.346567, -0.0424994, -0.060531, 0.0163479, -0.401649, -0.398796, 0.180151, 0, 2, 1, 0, 0, 0.259416, 0.0794559, 0.0935894, 0.29827, 0.296363, 0.023118, -0.0707342, 0.354213, 0.0794559, 1
7.33, 2025-06-18__17-38-42.611017, -0.432265, -1.32311, -0.452352, -2.85837, -0.467105, 1.54323, 0.279471, 0.0987304, -0.193163, 0.346725, -0.0454776, -0.0586392, 0.0145507, -0.401649, -0.398796, 0.180151, 0, 2, 1, 0, 0, 0.259605, 0.079457, 0.0938572, 0.298176, 0.296227, 0.0227092, -0.0712711, 0.354353, 0.079457, 1
7.34, 2025-06-18__17-38-42.621016, -0.433439, -1.32248, -0.453223, -2.85761, -0.468234, 1.54324, 0.277826, 0.0983297, -0.193695, 0.346846, -0.0447427, -0.0581396, 0.012489, -0.401649, -0.398796, 0.180151, 0, 2, 1, 0, 0, 0.259734, 0.079436, 0.0940618, 0.298084, 0.296102, 0.0223761, -0.0717193, 0.354451, 0.079436, 1
7.35, 2025-06-18__17-38-42.631017, -0.434819, -1.32183, -0.454126, -2.85673, -0.46935, 1.54324, 0.275907, 0.0978808, -0.194267, 0.346991, -0.0443228, -0.0556283, 0.012769, -0.401649, -0.398796, 0.180151, 0, 2, 1, 0, 0, 0.259905, 0.0794217, 0.0942901, 0.297976, 0.295956, 0.0219944, -0.0721965, 0.354588, 0.0794217, 1
7.36, 2025-06-18__17-38-42.641019, -0.436321, -1.3211, -0.455164, -2.85579, -0.470539, 1.54324, 0.273632, 0.0974338, -0.194828, 0.347129, -0.0444539, -0.0565297, 0.0145981, -0.401649, -0.398796, 0.180151, 0, 2, 1, 0, 0, 0.260079, 0.079388, 0.094529, 0.297842, 0.295782, 0.0215756, -0.0727217, 0.354735, 0.079388, 1
7.37, 2025-06-18__17-38-42.651017, -0.437565, -1.32041, -0.456096, -2.85496, -0.471472, 1.54325, 0.27168, 0.0969867, -0.1954, 0.347258, -0.0452215, -0.0562325, 0.0140942, -0.401649, -0.398796, 0.180151, 0, 2, 1, 0, 0, 0.260235, 0.0793681, 0.0947424, 0.29773, 0.295634, 0.0212209, -0.073165, 0.354861, 0.0793681, 1
7.38, 2025-06-18__17-38-42.661020, -0.438994, -1.31962, -0.457103, -2.85406, -0.472427, 1.54334, 0.269544, 0.0965496, -0.195966, 0.347386, -0.0428888, -0.0570732, 0.012468, -0.401649, -0.398796, 0.180151, 0, 2, 1, 0, 0, 0.26041, 0.0793603, 0.0949848, 0.297619, 0.295481, 0.0208346, -0.0736417, 0.354991, 0.0793603, 1
7.39, 2025-06-18__17-38-42.671021, -0.440383, -1.3188, -0.458047, -2.85311, -0.473312, 1.54352, 0.267497, 0.0961459, -0.196531, 0.347534, -0.0399036, -0.0588606, 0.017479, -0.401649, -0.398796, 0.180151, 0, 2, 1, 0, 0, 0.260616, 0.0793898, 0.0952566, 0.297532, 0.295343, 0.0204507, -0.0741058, 0.35513, 0.0793898, 1
7.4, 2025-06-18__17-38-42.681019, -0.441752, -1.31796, -0.459016, -2.85215, -0.474224, 1.54369, 0.265536, 0.0957466, -0.197103, 0.347695, -0.0401701, -0.0593859, 0.0176438, -0.401649, -0.398796, 0.180151, 0, 2, 1, 0, 0, 0.260822, 0.0794231, 0.0955374, 0.297451, 0.295212, 0.0200671, -0.074574, 0.355264, 0.0794231, 1
7.41, 2025-06-18__17-38-42.691018, -0.443122, -1.31707, -0.460024, -2.85116, -0.475148, 1.54374, 0.263727, 0.0953163, -0.197673, 0.347833, -0.0422879, -0.0547435, 0.0135587, -0.401649, -0.398796, 0.180151, 0, 2, 1, 0, 0, 0.261024, 0.0794516, 0.0958195, 0.297366, 0.29508, 0.0196816, -0.0750425, 0.355398, 0.0794516, 1
7.42, 2025-06-18__17-38-42.701020, -0.444472, -1.3162, -0.461036, -2.85011, -0.476033, 1.54373, 0.262093, 0.0948798, -0.198235, 0.347994, -0.0433956, -0.0561841, 0.0157534, -0.401649, -0.398796, 0.180151, 0, 2, 1, 0, 0, 0.26125, 0.0794973, 0.0961182, 0.297289, 0.294955, 0.0192909, -0.0755021, 0.355548, 0.0794973, 1
7.43, 2025-06-18__17-38-42.711020, -0.445806, -1.31532, -0.462055, -2.84909, -0.476988, 1.54371, 0.260425, 0.0943882, -0.198863, 0.348159, -0.0445016, -0.059212, 0.0177958, -0.401649, -0.398796, 0.180151, 0, 2, 1, 0, 0, 0.261458, 0.0795281, 0.0964108, 0.297206, 0.294827, 0.0189013, -0.0759711, 0.355687, 0.0795281, 1
7.44, 2025-06-18__17-38-42.721020, -0.447212, -1.31448, -0.462991, -2.84813, -0.478019, 1.54367, 0.258629, 0.0939673, -0.199375, 0.348285, -0.0471514, -0.0567441, 0.0118981, -0.401649, -0.398796, 0.180151, 0, 2, 1, 0, 0, 0.261642, 0.0795325, 0.0966821, 0.297107, 0.294687, 0.0185072, -0.076443, 0.35582, 0.0795325, 1
7.45, 2025-06-18__17-38-42.731018, -0.448588, -1.31363, -0.463952, -2.84724, -0.47908, 1.54365, 0.256521, 0.0934978, -0.199936, 0.348391, -0.0470882, -0.0578739, 0.0118665, -0.401649, -0.398796, 0.180151, 0, 2, 1, 0, 0, 0.26179, 0.0795001, 0.0969287, 0.296983, 0.294526, 0.0181151, -0.0769262, 0.35594, 0.0795001, 1
7.46, 2025-06-18__17-38-42.741018, -0.450125, -1.31277, -0.465078, -2.8463, -0.480321, 1.54362, 0.253909, 0.0929685, -0.200558, 0.348499, -0.0490331, -0.05715, 0.00851685, -0.401649, -0.398796, 0.180151, 0, 2, 1, 0, 0, 0.261934, 0.0794279, 0.0971849, 0.29682, 0.294325, 0.0176678, -0.0774806, 0.356074, 0.0794279, 1
7.47, 2025-06-18__17-38-42.751019, -0.451433, -1.31213, -0.46606, -2.84554, -0.481305, 1.54367, 0.251644, 0.0925295, -0.201076, 0.348584, -0.0483867, -0.0589108, 0.0105251, -0.401649, -0.398796, 0.180151, 0, 2, 1, 0, 0, 0.262057, 0.0793689, 0.0974005, 0.296689, 0.294159, 0.0172915, -0.0779396, 0.356189, 0.0793689, 1
7.48, 2025-06-18__17-38-42.761017, -0.452933, -1.31144, -0.467071, -2.84471, -0.482282, 1.54378, 0.249191, 0.0920598, -0.201635, 0.348693, -0.0457491, -0.0552639, 0.0114886, -0.401649, -0.398796, 0.180151, 0, 2, 1, 0, 0, 0.262202, 0.0793215, 0.0976416, 0.296555, 0.293985, 0.016881, -0.0784212, 0.356318, 0.0793215, 1
7.49, 2025-06-18__17-38-42.771017, -0.454461, -1.31064, -0.468156, -2.84375, -0.483272, 1.54407, 0.246673, 0.0916427, -0.202187, 0.34882, -0.0418259, -0.0566268, 0.0132227, -0.401649, -0.398796, 0.180151, 0, 2, 1, 0, 0, 0.262396, 0.079324, 0.0979489, 0.296452, 0.293825, 0.0164441, -0.0789369, 0.356457, 0.079324, 1
7.5, 2025-06-18__17-38-42.781018, -0.455722, -1.31, -0.469095, -2.84297, -0.48408, 1.54445, 0.244902, 0.0912149, -0.202822, 0.348979, -0.04006, -0.0614008, 0.018814, -0.401649, -0.398796, 0.180151, 0, 2, 1, 0, 0, 0.262566, 0.0793645, 0.0982313, 0.296411, 0.29373, 0.0160964, -0.0793549, 0.356553, 0.0793645, 1
7.51, 2025-06-18__17-38-42.791019, -0.457114, -1.30927, -0.470142, -2.84208, -0.484941, 1.54484, 0.24323, 0.0908631, -0.203338, 0.349109, -0.0394103, -0.0577266, 0.0164351, -0.401649, -0.398796, 0.180151, 0, 2, 1, 0, 0, 0.262763, 0.0794319, 0.0985574, 0.296385, 0.293645, 0.0159068, -0.0793878, 0.356687, 0.0794319, 1
7.52, 2025-06-18__17-38-42.801018, -0.458617, -1.30847, -0.471245, -2.84108, -0.485871, 1.54497, 0.24155, 0.0903942, -0.203932, 0.349257, -0.0451794, -0.0538177, 0.013666, -0.401649, -0.398796, 0.180151, 0, 2, 1, 0, 0, 0.26297, 0.0794791, 0.0988866, 0.296326, 0.293532, 0.0157078, -0.0793875, 0.356852, 0.0794791, 1
7.53, 2025-06-18__17-38-42.811018, -0.459883, -1.30778, -0.472107, -2.84026, -0.486758, 1.54495, 0.240043, 0.0899641, -0.204423, 0.349376, -0.0476365, -0.0541803, 0.0125842, -0.401649, -0.398796, 0.180151, 0, 2, 1, 0, 0, 0.26312, 0.0794872, 0.0991417, 0.296247, 0.293417, 0.01554, -0.0793869, 0.356992, 0.0794872, 1
7.54, 2025-06-18__17-38-42.821019, -0.461337, -1.30698, -0.473078, -2.83941, -0.487771, 1.54495, 0.238201, 0.0894724, -0.20497, 0.349467, -0.0484754, -0.0551473, 0.0113987, -0.401649, -0.398796, 0.180151, 0, 2, 1, 0, 0, 0.263256, 0.0794755, 0.0994084, 0.296148, 0.293279, 0.0153582, -0.0793892, 0.35713, 0.0794755, 1
7.55, 2025-06-18__17-38-42.831020, -0.462764, -1.30614, -0.474056, -2.83857, -0.488757, 1.54496, 0.236147, 0.0889892, -0.205508, 0.34955, -0.0464399, -0.0530506, 0.0116509, -0.401649, -0.398796, 0.180151, 0, 2, 1, 0, 0, 0.263383, 0.079453, 0.099668, 0.296035, 0.293126, 0.0151785, -0.0793906, 0.357268, 0.079453, 1
7.56, 2025-06-18__17-38-42.841018, -0.46438, -1.30517, -0.475145, -2.83763, -0.489924, 1.54494, 0.23353, 0.0884829, -0.206056, 0.349616, -0.049331, -0.0565842, 0.00841927, -0.401649, -0.398796, 0.180151, 0, 2, 1, 0, 0, 0.263511, 0.0794032, 0.0999508, 0.295879, 0.292927, 0.0149724, -0.0793911, 0.357429, 0.0794032, 1
7.57, 2025-06-18__17-38-42.851021, -0.465727, -1.30435, -0.476008, -2.83683, -0.490856, 1.54496, 0.23117, 0.0879797, -0.206623, 0.349711, -0.0475978, -0.055126, 0.0108613, -0.401649, -0.398796, 0.180151, 0, 2, 1, 0, 0, 0.263627, 0.0793666, 0.100191, 0.295743, 0.292752, 0.0147955, -0.0793895, 0.357575, 0.0793666, 1
7.58, 2025-06-18__17-38-42.861018, -0.467202, -1.30347, -0.476946, -2.8359, -0.491761, 1.54503, 0.228635, 0.0874992, -0.207173, 0.349825, -0.0470588, -0.0559583, 0.0136362, -0.401649, -0.398796, 0.180151, 0, 2, 1, 0, 0, 0.263786, 0.0793583, 0.100475, 0.295608, 0.29257, 0.014594, -0.0793849, 0.357751, 0.0793583, 1
7.59, 2025-06-18__17-38-42.871021, -0.468653, -1.30258, -0.47794, -2.83493, -0.492609, 1.54524, 0.226396, 0.0870485, -0.207742, 0.349966, -0.0446047, -0.0567207, 0.0130055, -0.401649, -0.398796, 0.180151, 0, 2, 1, 0, 0, 0.263973, 0.0794038, 0.100799, 0.295521, 0.292424, 0.0143984, -0.0793808, 0.357918, 0.0794038, 1
7.6, 2025-06-18__17-38-42.881018, -0.470099, -1.30174, -0.478975, -2.834, -0.493457, 1.54549, 0.224515, 0.0865602, -0.20836, 0.350103, -0.0438218, -0.0560089, 0.0134859, -0.401649, -0.398796, 0.180151, 0, 2, 1, 0, 0, 0.264153, 0.0794703, 0.101129, 0.295465, 0.292309, 0.0142137, -0.0793795, 0.358064, 0.0794703, 1
7.61, 2025-06-18__17-38-42.891020, -0.471504, -1.30087, -0.479954, -2.83309, -0.4943, 1.54559, 0.222796, 0.0861487, -0.208842, 0.350202, -0.0468864, -0.0524035, 0.0112364, -0.401649, -0.398796, 0.180151, 0, 2, 1, 0, 0, 0.264317, 0.0795232, 0.101439, 0.295399, 0.292191, 0.0140352, -0.0793782, 0.358203, 0.0795232, 1
7.62, 2025-06-18__17-38-42.901018, -0.473095, -1.29998, -0.481013, -2.83209, -0.495286, 1.54552, 0.2208, 0.0855999, -0.209416, 0.350312, -0.0515373, -0.0537615, 0.00892239, -0.401649, -0.398796, 0.180151, 0, 2, 1, 0, 0, 0.264487, 0.0795473, 0.101756, 0.295291, 0.292035, 0.0138262, -0.0793741, 0.358376, 0.0795473, 1
7.63, 2025-06-18__17-38-42.911018, -0.474633, -1.29923, -0.482015, -2.83127, -0.496312, 1.5455, 0.218813, 0.0851195, -0.209899, 0.350386, -0.0533147, -0.0533925, 0.00726289, -0.401649, -0.398796, 0.180151, 0, 2, 1, 0, 0, 0.264606, 0.0795411, 0.10203, 0.295182, 0.291885, 0.013638, -0.0793741, 0.358514, 0.0795411, 1
7.64, 2025-06-18__17-38-42.921026, -0.475962, -1.29858, -0.482923, -2.83056, -0.497358, 1.5455, 0.216814, 0.0845837, -0.210453, 0.35046, -0.0520909, -0.0537873, 0.0077156, -0.401649, -0.398796, 0.180151, 0, 2, 1, 0, 0, 0.264699, 0.0795172, 0.102273, 0.29507, 0.291737, 0.0134739, -0.0793733, 0.358636, 0.0795172, 1
7.65, 2025-06-18__17-38-42.931017, -0.477479, -1.29782, -0.483936, -2.82982, -0.498577, 1.54548, 0.214377, 0.0840323, -0.211005, 0.350507, -0.0553541, -0.0553094, 0.00348011, -0.401649, -0.398796, 0.180151, 0, 2, 1, 0, 0, 0.264774, 0.079464, 0.102527, 0.294924, 0.291553, 0.0132937, -0.0793744, 0.358761, 0.079464, 1
7.66, 2025-06-18__17-38-42.941020, -0.479079, -1.29709, -0.484914, -2.82908, -0.499901, 1.5455, 0.211758, 0.0834494, -0.211583, 0.350558, -0.0587356, -0.0575664, 0.00550201, -0.401649, -0.398796, 0.180151, 0, 2, 1, 0, 0, 0.264851, 0.0794082, 0.10279, 0.294772, 0.291361, 0.0131037, -0.0793751, 0.358892, 0.0794082, 1
7.67, 2025-06-18__17-38-42.951019, -0.480613, -1.29637, -0.485923, -2.82831, -0.501233, 1.54554, 0.209096, 0.0828821, -0.212165, 0.350622, -0.0562761, -0.058356, 0.00640928, -0.401649, -0.398796, 0.180151, 0, 2, 1, 0, 0, 0.264942, 0.0793631, 0.103068, 0.294623, 0.291168, 0.0129151, -0.0793733, 0.359032, 0.0793631, 1
7.68, 2025-06-18__17-38-42.961018, -0.482163, -1.29562, -0.486931, -2.82748, -0.5026, 1.54568, 0.206635, 0.082319, -0.212778, 0.350711, -0.0577837, -0.0644286, 0.0110473, -0.401649, -0.398796, 0.180151, 0, 2, 1, 0, 0, 0.265064, 0.0793613, 0.103387, 0.294508, 0.291, 0.012904, -0.07943, 0.358798, 0.0793613, 1
7.69, 2025-06-18__17-38-42.971017, -0.483742, -1.29488, -0.487956, -2.82662, -0.503988, 1.54599, 0.20462, 0.081714, -0.213495, 0.350843, -0.0533171, -0.0649663, 0.0110596, -0.401649, -0.398796, 0.180151, 0, 2, 1, 0, 0, 0.265215, 0.0794169, 0.103752, 0.294455, 0.290883, 0.0129157, -0.0794955, 0.358511, 0.0794169, 1
7.7, 2025-06-18__17-38-42.981019, -0.485433, -1.294, -0.489004, -2.82565, -0.50551, 1.54632, 0.202723, 0.0812329, -0.214077, 0.350956, -0.0537992, -0.065666, 0.0143245, -0.401649, -0.398796, 0.180151, 0, 2, 1, 0, 0, 0.265393, 0.0795022, 0.104166, 0.294421, 0.290777, 0.012925, -0.0795649, 0.35821, 0.0795022, 1
7.71, 2025-06-18__17-38-42.991019, -0.486883, -1.29327, -0.489846, -2.82485, -0.506871, 1.54639, 0.200986, 0.0806345, -0.214726, 0.351074, -0.0649316, -0.0648824, 0.0113937, -0.401649, -0.398796, 0.180151, 0, 2, 1, 0, 0, 0.265521, 0.0795249, 0.104486, 0.29435, 0.290656, 0.0129358, -0.0796256, 0.357946, 0.0795249, 1
7.72, 2025-06-18__17-38-43.001019, -0.488488, -1.29239, -0.490847, -2.82393, -0.508365, 1.54638, 0.19879, 0.0800057, -0.21537, 0.351172, -0.0613382, -0.0622139, 0.00891012, -0.401649, -0.398796, 0.180151, 0, 2, 1, 0, 0, 0.265658, 0.0795223, 0.104838, 0.29424, 0.290493, 0.012914, -0.0796819, 0.357723, 0.0795223, 1
7.73, 2025-06-18__17-38-43.011025, -0.490262, -1.29138, -0.491985, -2.82291, -0.510083, 1.54634, 0.196093, 0.0792964, -0.216085, 0.35127, -0.0662711, -0.0655759, 0.00785817, -0.401649, -0.398796, 0.180151, 0, 2, 1, 0, 0, 0.265801, 0.0794983, 0.105228, 0.294096, 0.29029, 0.0126949, -0.0796784, 0.357886, 0.0794983, 1
7.74, 2025-06-18__17-38-43.021034, -0.491803, -1.29057, -0.492914, -2.82208, -0.511492, 1.54637, 0.193668, 0.0787018, -0.216685, 0.351348, -0.0658696, -0.0676349, 0.0119027, -0.401649, -0.398796, 0.180151, 0, 2, 1, 0, 0, 0.265921, 0.079479, 0.105552, 0.293973, 0.290114, 0.0125057, -0.0796754, 0.358026, 0.079479, 1
7.75, 2025-06-18__17-38-43.031032, -0.493609, -1.28959, -0.494031, -2.82111, -0.513151, 1.54638, 0.190638, 0.0779897, -0.21739, 0.351436, -0.0638838, -0.0639194, 0.00736917, -0.401649, -0.398796, 0.180151, 0, 2, 1, 0, 0, 0.266055, 0.0794446, 0.105931, 0.293813, 0.289892, 0.0122829, -0.0796709, 0.358191, 0.0794446, 1
7.76, 2025-06-18__17-38-43.041033, -0.495232, -1.28872, -0.495103, -2.82019, -0.514655, 1.54639, 0.187944, 0.0773438, -0.218035, 0.351522, -0.0634882, -0.0645288, 0.00910479, -0.401649, -0.398796, 0.180151, 0, 2, 1, 0, 0, 0.266194, 0.0794302, 0.106293, 0.293674, 0.289695, 0.012078, -0.0796649, 0.35835, 0.0794302, 1
7.77, 2025-06-18__17-38-43.051033, -0.496726, -1.28797, -0.496104, -2.81939, -0.515925, 1.54644, 0.185721, 0.0767701, -0.218602, 0.351592, -0.0638014, -0.0631366, 0.00869861, -0.401649, -0.398796, 0.180151, 0, 2, 1, 0, 0, 0.266318, 0.0794342, 0.106617, 0.29357, 0.289537, 0.0118969, -0.0796614, 0.35848, 0.0794342, 1
7.78, 2025-06-18__17-38-43.061019, -0.498328, -1.28716, -0.497198, -2.81851, -0.517346, 1.54658, 0.18362, 0.0760905, -0.219301, 0.351688, -0.0602022, -0.0644827, 0.0108807, -0.401649, -0.398796, 0.180151, 0, 2, 1, 0, 0, 0.266465, 0.0794769, 0.106994, 0.293494, 0.289397, 0.0117086, -0.0796594, 0.358608, 0.0794769, 1
7.79, 2025-06-18__17-38-43.071022, -0.500174, -1.28631, -0.498356, -2.81753, -0.518943, 1.54665, 0.181494, 0.0755099, -0.219873, 0.351778, -0.0667252, -0.0643059, 0.00826032, -0.401649, -0.398796, 0.180151, 0, 2, 1, 0, 0, 0.266636, 0.07953, 0.107409, 0.293413, 0.289248, 0.011492, -0.0796566, 0.358754, 0.07953, 1
7.8, 2025-06-18__17-38-43.081019, -0.501869, -1.28559, -0.499469, -2.81669, -0.520483, 1.54666, 0.179396, 0.0748282, -0.220504, 0.35185, -0.0685191, -0.0634434, 0.00685496, -0.401649, -0.398796, 0.180151, 0, 2, 1, 0, 0, 0.266766, 0.0795472, 0.107772, 0.293318, 0.289095, 0.0111212, -0.0798969, 0.358841, 0.0795472, 1
7.81, 2025-06-18__17-38-43.091022, -0.503381, -1.28496, -0.50049, -2.81596, -0.521967, 1.54663, 0.177213, 0.0740636, -0.221205, 0.351918, -0.0689923, -0.0626964, 0.00604822, -0.401649, -0.398796, 0.180151, 0, 2, 1, 0, 0, 0.266866, 0.0795305, 0.108091, 0.293205, 0.288932, 0.0105891, -0.0803841, 0.358876, 0.0795305, 1
7.82, 2025-06-18__17-38-43.101022, -0.505358, -1.28421, -0.501719, -2.81513, -0.52392, 1.54663, 0.174163, 0.0733251, -0.221859, 0.351958, -0.0758997, -0.0670375, 0.00489388, -0.401649, -0.398796, 0.180151, 0, 2, 1, 0, 0, 0.266965, 0.0794759, 0.108474, 0.293043, 0.288708, 0.00990593, -0.081011, 0.358909, 0.0794759, 1
7.83, 2025-06-18__17-38-43.111017, -0.506925, -1.28359, -0.502705, -2.81445, -0.525447, 1.54665, 0.171484, 0.0726826, -0.222437, 0.352002, -0.069704, -0.0621993, 0.00521844, -0.401649, -0.398796, 0.180151, 0, 2, 1, 0, 0, 0.267052, 0.0794261, 0.108787, 0.292902, 0.288514, 0.00934678, -0.0815182, 0.358944, 0.0794261, 1
7.84, 2025-06-18__17-38-43.121020, -0.508845, -1.28277, -0.503998, -2.81353, -0.527251, 1.54673, 0.168241, 0.0719012, -0.223156, 0.352066, -0.07073, -0.0642722, 0.00590776, -0.401649, -0.398796, 0.180151, 0, 2, 1, 0, 0, 0.26719, 0.0793957, 0.109206, 0.292747, 0.288286, 0.00865029, -0.0821421, 0.358996, 0.0793957, 1
7.85, 2025-06-18__17-38-43.131017, -0.510457, -1.28214, -0.505085, -2.81276, -0.528584, 1.54699, 0.165834, 0.0712293, -0.22382, 0.352152, -0.0648862, -0.0654424, 0.00754451, -0.401649, -0.398796, 0.180151, 0, 2, 1, 0, 0, 0.267334, 0.079422, 0.109575, 0.292669, 0.288137, 0.00809908, -0.0826247, 0.359036, 0.079422, 1
7.86, 2025-06-18__17-38-43.141016, -0.512418, -1.28126, -0.506419, -2.81178, -0.530154, 1.5475, 0.163366, 0.0705938, -0.224505, 0.352247, -0.0644877, -0.0711181, 0.00935843, -0.401649, -0.398796, 0.180151, 0, 2, 1, 0, 0, 0.267533, 0.0795225, 0.110065, 0.29264, 0.28801, 0.00745639, -0.0831921, 0.35906, 0.0795225, 1
7.87, 2025-06-18__17-38-43.151018, -0.514254, -1.28039, -0.507618, -2.81086, -0.531558, 1.54778, 0.161185, 0.0699256, -0.225177, 0.352336, -0.0685297, -0.0650096, 0.0070797, -0.401649, -0.398796, 0.180151, 0, 2, 1, 0, 0, 0.26771, 0.0795956, 0.110498, 0.292592, 0.28788, 0.00686481, -0.0837015, 0.35909, 0.0795956, 1
7.88, 2025-06-18__17-38-43.161017, -0.516047, -1.27944, -0.50887, -2.80991, -0.532996, 1.54775, 0.158681, 0.0691998, -0.225812, 0.352384, -0.07317, -0.0644, 0.0058071, -0.401649, -0.398796, 0.180151, 0, 2, 1, 0, 0, 0.267865, 0.0796045, 0.110907, 0.292476, 0.287695, 0.00624256, -0.0842339, 0.359138, 0.0796045, 1
7.89, 2025-06-18__17-38-43.171014, -0.517908, -1.27851, -0.510141, -2.80896, -0.534421, 1.54773, 0.155719, 0.0684503, -0.226453, 0.352434, -0.0735751, -0.0623054, 0.00512373, -0.401649, -0.398796, 0.180151, 0, 2, 1, 0, 0, 0.268019, 0.0795878, 0.111317, 0.292332, 0.287478, 0.00558681, -0.0847847, 0.3592, 0.0795878, 1
7.9, 2025-06-18__17-38-43.181016, -0.5198, -1.27761, -0.511412, -2.80809, -0.535775, 1.54773, 0.152257, 0.0677091, -0.227065, 0.352453, -0.0746502, -0.0618503, 0.00185733, -0.401649, -0.398796, 0.180151, 0, 2, 1, 0, 0, 0.268144, 0.0795276, 0.111699, 0.292154, 0.287228, 0.00492083, -0.0853398, 0.359263, 0.0795276, 1
7.91, 2025-06-18__17-38-43.191017, -0.521648, -1.27673, -0.512737, -2.8072, -0.537158, 1.54775, 0.148779, 0.0669685, -0.227686, 0.352478, -0.0736304, -0.0616275, 0.00144431, -0.401649, -0.398796, 0.180151, 0, 2, 1, 0, 0, 0.268274, 0.0794713, 0.112099, 0.29198, 0.286979, 0.00424552, -0.0859043, 0.359327, 0.0794713, 1
7.92, 2025-06-18__17-38-43.201017, -0.523506, -1.27583, -0.514077, -2.80633, -0.538504, 1.54783, 0.145729, 0.0662371, -0.228301, 0.352492, -0.0719008, -0.0610901, 0.000750839, -0.401649, -0.398796, 0.180151, 0, 2, 1, 0, 0, 0.2684, 0.0794438, 0.112503, 0.291845, 0.286767, 0.00359994, -0.086445, 0.359368, 0.0794438, 1
7.93, 2025-06-18__17-38-43.211017, -0.525339, -1.27497, -0.515413, -2.80545, -0.539846, 1.5481, 0.143369, 0.0655364, -0.22894, 0.352529, -0.0699792, -0.0634924, 0.00181789, -0.401649, -0.398796, 0.180151, 0, 2, 1, 0, 0, 0.268549, 0.0794875, 0.112938, 0.291787, 0.286625, 0.00299306, -0.0869553, 0.359387, 0.0794875, 1
7.94, 2025-06-18__17-38-43.221017, -0.527251, -1.27413, -0.516704, -2.8046, -0.541154, 1.54844, 0.141302, 0.064842, -0.229577, 0.352576, -0.068824, -0.0629104, 0.00292639, -0.401649, -0.398796, 0.180151, 0, 2, 1, 0, 0, 0.268697, 0.0795535, 0.113372, 0.291759, 0.286511, 0.00240526, -0.0874412, 0.359393, 0.0795535, 1
7.95, 2025-06-18__17-38-43.231016, -0.529133, -1.27332, -0.517996, -2.80378, -0.542555, 1.54859, 0.139075, 0.0641103, -0.2302, 0.3526, -0.075572, -0.0633798, 4.98823e-05, -0.401649, -0.398796, 0.180151, 0, 2, 1, 0, 0, 0.268819, 0.07957, 0.113781, 0.29169, 0.286366, 0.00180068, -0.0879412, 0.359405, 0.07957, 1
7.96, 2025-06-18__17-38-43.241015, -0.531074, -1.27257, -0.51933, -2.80294, -0.544137, 1.54859, 0.136486, 0.0633082, -0.230829, 0.352615, -0.081719, -0.0633979, 0.000610367, -0.401649, -0.398796, 0.180151, 0, 2, 1, 0, 0, 0.268932, 0.0795406, 0.114192, 0.291573, 0.28618, 0.00113876, -0.0884834, 0.359435, 0.0795406, 1
7.97, 2025-06-18__17-38-43.251018, -0.533011, -1.27185, -0.520661, -2.80216, -0.54577, 1.5486, 0.133491, 0.0624929, -0.231457, 0.352622, -0.0805375, -0.0627671, 0.000258456, -0.401649, -0.398796, 0.180151, 0, 2, 1, 0, 0, 0.269022, 0.0794742, 0.114587, 0.291425, 0.285966, 0.000553745, -0.089057, 0.359293, 0.0794742, 1
7.98, 2025-06-18__17-38-43.261016, -0.53498, -1.27114, -0.522011, -2.80138, -0.547369, 1.54872, 0.130277, 0.0616879, -0.232092, 0.352629, -0.0787141, -0.0626981, 0.00278033, -0.401649, -0.398796, 0.180151, 0, 2, 1, 0, 0, 0.269117, 0.0794135, 0.114993, 0.291278, 0.285749, -2.22811e-05, -0.08964, 0.359112, 0.0794135, 1
7.99, 2025-06-18__17-38-43.271014, -0.536983, -1.27047, -0.523359, -2.80057, -0.548849, 1.54912, 0.127199, 0.0609277, -0.232756, 0.352684, -0.0747238, -0.0672795, 0.00513169, -0.401649, -0.398796, 0.180151, 0, 2, 1, 0, 0, 0.269249, 0.0794149, 0.115431, 0.291186, 0.285572, -0.000590905, -0.0902026, 0.358938, 0.0794149, 1
8, 2025-06-18__17-38-43.281016, -0.538987, -1.26972, -0.524728, -2.79976, -0.550267, 1.54968, 0.124565, 0.0602098, -0.233424, 0.352724, -0.070924, -0.0658408, 0.00550336, -0.401649, -0.398796, 0.180151, 0, 2, 1, 0, 0, 0.269386, 0.0794667, 0.115886, 0.29115, 0.285443, -0.00114534, -0.0907394, 0.358771, 0.0794667, 1
8.01, 2025-06-18__17-38-43.291017, -0.541055, -1.26896, -0.526163, -2.7989, -0.551687, 1.55025, 0.122072, 0.0594661, -0.234112, 0.352774, -0.0750131, -0.0679541, 0.00448221, -0.401649, -0.398796, 0.180151, 0, 2, 1, 0, 0, 0.269536, 0.0795367, 0.116361, 0.291129, 0.285326, -0.00171125, -0.0912792, 0.358602, 0.0795367, 1
8.02, 2025-06-18__17-38-43.301017, -0.543106, -1.26813, -0.527573, -2.798, -0.553129, 1.55064, 0.119414, 0.0586912, -0.234791, 0.352821, -0.0791787, -0.0682831, 0.00525036, -0.401649, -0.398796, 0.180151, 0, 2, 1, 0, 0, 0.269682, 0.0795794, 0.116827, 0.291073, 0.28518, -0.00228659, -0.0918297, 0.358429, 0.0795794, 1
8.03, 2025-06-18__17-38-43.311017, -0.545205, -1.26728, -0.528886, -2.79709, -0.554532, 1.55073, 0.116434, 0.0578642, -0.235424, 0.352858, -0.0828779, -0.0623215, 0.00526943, -0.401649, -0.398796, 0.180151, 0, 2, 1, 0, 0, 0.269813, 0.0795651, 0.117253, 0.290951, 0.28498, -0.00286854, -0.0923778, 0.358257, 0.0795651, 1
8.04, 2025-06-18__17-38-43.321017, -0.547222, -1.26634, -0.530243, -2.79613, -0.555947, 1.55072, 0.113169, 0.0570251, -0.236047, 0.352885, -0.0837085, -0.0620276, 0.00213755, -0.401649, -0.398796, 0.180151, 0, 2, 1, 0, 0, 0.269944, 0.07953, 0.117686, 0.2908, 0.284751, -0.00346274, -0.0929491, 0.358077, 0.07953, 1
8.05, 2025-06-18__17-38-43.331018, -0.549279, -1.26539, -0.531658, -2.79519, -0.55732, 1.55078, 0.109869, 0.0561857, -0.236671, 0.352895, -0.0820298, -0.0612415, 0.000781214, -0.401649, -0.398796, 0.180151, 0, 2, 1, 0, 0, 0.27007, 0.0794976, 0.118124, 0.290657, 0.284528, -0.00406366, -0.0935192, 0.357896, 0.0794976, 1
8.06, 2025-06-18__17-38-43.341017, -0.551312, -1.26442, -0.533029, -2.79427, -0.558643, 1.551, 0.106749, 0.0553848, -0.237297, 0.352911, -0.0792463, -0.0619908, -0.00051434, -0.401649, -0.398796, 0.180151, 0, 2, 1, 0, 0, 0.270205, 0.0794987, 0.118573, 0.29055, 0.284336, -0.00465163, -0.0940689, 0.357721, 0.0794987, 1
8.07, 2025-06-18__17-38-43.351017, -0.553423, -1.26347, -0.534409, -2.79337, -0.559939, 1.5513, 0.104049, 0.0545871, -0.237928, 0.352926, -0.0792031, -0.0637793, 0.00215622, -0.401649, -0.398796, 0.180151, 0, 2, 1, 0, 0, 0.270342, 0.0795297, 0.119028, 0.290484, 0.284181, -0.00523265, -0.0945931, 0.357553, 0.0795297, 1
8.08, 2025-06-18__17-38-43.361020, -0.555518, -1.26254, -0.535842, -2.79249, -0.561244, 1.55157, 0.101566, 0.0537778, -0.238554, 0.352931, -0.0796428, -0.0620332, 0.00156014, -0.401649, -0.398796, 0.180151, 0, 2, 1, 0, 0, 0.27047, 0.0795592, 0.119479, 0.290427, 0.284038, -0.00581021, -0.0951095, 0.357388, 0.0795592, 1
8.09, 2025-06-18__17-38-43.371016, -0.557672, -1.26161, -0.537291, -2.79161, -0.562617, 1.5517, 0.0989083, 0.0529214, -0.239167, 0.352914, -0.0874432, -0.0607806, -0.00263207, -0.401649, -0.398796, 0.180151, 0, 2, 1, 0, 0, 0.270587, 0.0795551, 0.119922, 0.29034, 0.28387, -0.00640896, -0.0956421, 0.357216, 0.0795551, 1
8.1, 2025-06-18__17-38-43.381017, -0.559774, -1.26072, -0.538714, -2.79078, -0.564025, 1.55178, 0.0958938, 0.0520581, -0.239767, 0.352886, -0.0874013, -0.0610193, -2.34183e-05, -0.401649, -0.398796, 0.180151, 0, 2, 1, 0, 0, 0.270687, 0.0795125, 0.120349, 0.29022, 0.283672, -0.0070155, -0.0961873, 0.35704, 0.0795125, 1
8.11, 2025-06-18__17-38-43.391017, -0.561931, -1.25989, -0.540155, -2.78997, -0.565439, 1.55187, 0.0925987, 0.0511832, -0.240358, 0.352855, -0.0878351, -0.0615741, -0.000147657, -0.401649, -0.398796, 0.180151, 0, 2, 1, 0, 0, 0.270785, 0.0794511, 0.120775, 0.290084, 0.283458, -0.00763961, -0.0967436, 0.35686, 0.0794511, 1
8.12, 2025-06-18__17-38-43.401017, -0.564078, -1.25916, -0.541589, -2.78913, -0.566734, 1.55216, 0.0892686, 0.0503437, -0.240964, 0.352867, -0.078332, -0.0606401, 0.00398303, -0.401649, -0.398796, 0.180151, 0, 2, 1, 0, 0, 0.270922, 0.0794297, 0.121226, 0.289978, 0.283264, -0.00825648, -0.0972858, 0.356683, 0.0794297, 1
8.13, 2025-06-18__17-38-43.411017, -0.566285, -1.25837, -0.542992, -2.78831, -0.567902, 1.55268, 0.0862539, 0.0495518, -0.241574, 0.352881, -0.0783264, -0.0603531, 0.00234693, -0.401649, -0.398796, 0.180151, 0, 2, 1, 0, 0, 0.271068, 0.0794598, 0.121688, 0.289928, 0.283115, -0.00885761, -0.0977927, 0.356516, 0.0794598, 1
8.14, 2025-06-18__17-38-43.421018, -0.568462, -1.25754, -0.544421, -2.78749, -0.569073, 1.55332, 0.0836578, 0.048781, -0.242205, 0.352902, -0.0791361, -0.0631652, 0.00254958, -0.401649, -0.398796, 0.180151, 0, 2, 1, 0, 0, 0.271219, 0.079528, 0.122167, 0.289923, 0.283008, -0.00944772, -0.0982837, 0.356354, 0.079528, 1
8.15, 2025-06-18__17-38-43.431017, -0.570682, -1.25665, -0.545859, -2.78669, -0.570198, 1.55389, 0.0810901, 0.047996, -0.242815, 0.352894, -0.0801778, -0.0599905, -0.00221305, -0.401649, -0.398796, 0.180151, 0, 2, 1, 0, 0, 0.271354, 0.0795817, 0.122629, 0.28991, 0.282897, -0.0100386, -0.0987646, 0.356195, 0.0795817, 1
8.16, 2025-06-18__17-38-43.441019, -0.572864, -1.25584, -0.547242, -2.78591, -0.571291, 1.55424, 0.0781695, 0.047193, -0.243383, 0.352883, -0.0815757, -0.0566834, -0.00228881, -0.401649, -0.398796, 0.180151, 0, 2, 1, 0, 0, 0.271479, 0.0795819, 0.123059, 0.28984, 0.282739, -0.0106296, -0.0992459, 0.356035, 0.0795819, 1
8.17, 2025-06-18__17-38-43.451017, -0.575047, -1.25503, -0.548616, -2.7851, -0.572377, 1.55438, 0.0746853, 0.0463549, -0.243915, 0.352859, -0.0831006, -0.0542602, -0.000708046, -0.401649, -0.398796, 0.180151, 0, 2, 1, 0, 0, 0.271604, 0.0795296, 0.123478, 0.289705, 0.282524, -0.0112421, -0.099751, 0.355866, 0.0795296, 1
8.18, 2025-06-18__17-38-43.461017, -0.577229, -1.25416, -0.549992, -2.78427, -0.57338, 1.55455, 0.0709803, 0.0455215, -0.244444, 0.352839, -0.0782972, -0.0524547, -0.00147211, -0.401649, -0.398796, 0.180151, 0, 2, 1, 0, 0, 0.271736, 0.0794781, 0.123903, 0.289564, 0.282298, -0.0118593, -0.100257, 0.355697, 0.0794781, 1
8.19, 2025-06-18__17-38-43.471016, -0.579451, -1.2532, -0.55137, -2.78343, -0.574293, 1.55487, 0.0675761, 0.0447151, -0.244977, 0.352812, -0.0787909, -0.0535774, -0.00141641, -0.401649, -0.398796, 0.180151, 0, 2, 1, 0, 0, 0.271877, 0.079469, 0.124343, 0.289466, 0.282108, -0.0124667, -0.100739, 0.355534, 0.079469, 1
8.2, 2025-06-18__17-38-43.481017, -0.58165, -1.25219, -0.552788, -2.78257, -0.575247, 1.55537, 0.0647731, 0.0439277, -0.24555, 0.352802, -0.0773404, -0.0578547, -0.00138564, -0.401649, -0.398796, 0.180151, 0, 2, 1, 0, 0, 0.272031, 0.0795213, 0.124812, 0.289436, 0.281978, -0.0127026, -0.100731, 0.355528, 0.0795213, 1
8.21, 2025-06-18__17-38-43.491020, -0.583963, -1.25121, -0.554151, -2.78172, -0.576233, 1.55585, 0.0622415, 0.043116, -0.246123, 0.352786, -0.0840202, -0.0568804, -0.000482159, -0.401649, -0.398796, 0.180151, 0, 2, 1, 0, 0, 0.272187, 0.0795884, 0.125275, 0.28942, 0.281864, -0.0129355, -0.100701, 0.355528, 0.0795884, 1
8.22, 2025-06-18__17-38-43.501019, -0.586239, -1.25028, -0.555427, -2.7809, -0.577262, 1.5561, 0.0595058, 0.0422713, -0.246665, 0.35278, -0.0850756, -0.054134, -0.000921058, -0.401649, -0.398796, 0.180151, 0, 2, 1, 0, 0, 0.27233, 0.0796117, 0.125704, 0.289357, 0.281713, -0.0131647, -0.100671, 0.355528, 0.0796117, 1
8.23, 2025-06-18__17-38-43.511018, -0.58856, -1.2494, -0.556713, -2.78009, -0.578451, 1.55617, 0.056338, 0.041363, -0.247187, 0.352745, -0.0915924, -0.0513573, -0.0027726, -0.401649, -0.398796, 0.180151, 0, 2, 1, 0, 0, 0.272461, 0.0795866, 0.126124, 0.289242, 0.281516, -0.0133983, -0.10064, 0.355528, 0.0795866, 1
8.24, 2025-06-18__17-38-43.521017, -0.590825, -1.24851, -0.558037, -2.77934, -0.579694, 1.55623, 0.0527512, 0.0404492, -0.247705, 0.352689, -0.0916053, -0.0512067, -0.00652419, -0.401649, -0.398796, 0.180151, 0, 2, 1, 0, 0, 0.272565, 0.079528, 0.126528, 0.289099, 0.281293, -0.0138447, -0.100779, 0.355562, 0.079528, 1
8.25, 2025-06-18__17-38-43.531016, -0.593176, -1.24766, -0.559297, -2.77862, -0.58095, 1.55648, 0.0491265, 0.0395468, -0.248239, 0.352649, -0.0894682, -0.0529049, -0.0031679, -0.401649, -0.398796, 0.180151, 0, 2, 1, 0, 0, 0.272682, 0.079494, 0.12694, 0.288983, 0.281088, -0.0146594, -0.101191, 0.355653, 0.079494, 1
8.26, 2025-06-18__17-38-43.541017, -0.595558, -1.24684, -0.560577, -2.77792, -0.582256, 1.55696, 0.0459888, 0.0386663, -0.248807, 0.352621, -0.087328, -0.056849, -0.00320736, -0.401649, -0.398796, 0.180151, 0, 2, 1, 0, 0, 0.272808, 0.0795102, 0.127373, 0.288933, 0.280939, -0.01545, -0.101576, 0.35574, 0.0795102, 1
8.27, 2025-06-18__17-38-43.551018, -0.597951, -1.24606, -0.561875, -2.77725, -0.583632, 1.5576, 0.0431966, 0.0377923, -0.249403, 0.352599, -0.0866686, -0.0614932, 0.00136088, -0.401649, -0.398796, 0.180151, 0, 2, 1, 0, 0, 0.272933, 0.0795567, 0.12782, 0.288927, 0.28083, -0.0162255, -0.101945, 0.355823, 0.0795567, 1
8.28, 2025-06-18__17-38-43.561016, -0.600248, -1.24523, -0.563179, -2.77655, -0.585111, 1.55812, 0.040324, 0.0369966, -0.249941, 0.352573, -0.0911595, -0.0599105, -0.00286424, -0.401649, -0.398796, 0.180151, 0, 2, 1, 0, 0, 0.273056, 0.0795867, 0.128269, 0.288904, 0.280704, -0.0170185, -0.102331, 0.355911, 0.0795867, 1
8.29, 2025-06-18__17-38-43.571017, -0.602566, -1.24446, -0.564468, -2.77587, -0.586645, 1.55843, 0.0371493, 0.035969, -0.250569, 0.352532, -0.0918674, -0.0569386, -0.00411441, -0.401649, -0.398796, 0.180151, 0, 2, 1, 0, 0, 0.273163, 0.0795659, 0.12869, 0.288831, 0.280538, -0.0178432, -0.102734, 0.356003, 0.0795659, 1
8.3, 2025-06-18__17-38-43.581018, -0.604878, -1.24365, -0.565709, -2.77518, -0.588209, 1.55869, 0.0337337, 0.0350274, -0.251127, 0.352492, -0.0947684, -0.0566844, -0.00385723, -0.401649, -0.398796, 0.180151, 0, 2, 1, 0, 0, 0.273269, 0.0795315, 0.129105, 0.288741, 0.280353, -0.0186876, -0.103149, 0.356098, 0.0795315, 1
8.31, 2025-06-18__17-38-43.591019, -0.607235, -1.24285, -0.567013, -2.77448, -0.589776, 1.55904, 0.030228, 0.0340665, -0.251704, 0.352452, -0.0959434, -0.0594901, -0.00434419, -0.401649, -0.398796, 0.180151, 0, 2, 1, 0, 0, 0.273378, 0.0795057, 0.129532, 0.288661, 0.280173, -0.0195503, -0.103568, 0.356194, 0.0795057, 1
8.32, 2025-06-18__17-38-43.601018, -0.609421, -1.24206, -0.568144, -2.77385, -0.591127, 1.55954, 0.0273097, 0.0332322, -0.252238, 0.352426, -0.0936122, -0.0596187, -0.00325544, -0.401649, -0.398796, 0.180151, 0, 2, 1, 0, 0, 0.273486, 0.0795249, 0.12993, 0.288632, 0.280046, -0.0203049, -0.103918, 0.356276, 0.0795249, 1
8.33, 2025-06-18__17-38-43.611020, -0.612089, -1.24108, -0.569554, -2.77305, -0.592743, 1.56032, 0.0242849, 0.0322257, -0.252914, 0.352409, -0.0907492, -0.0619439, -0.000420191, -0.401649, -0.398796, 0.180151, 0, 2, 1, 0, 0, 0.273637, 0.0796046, 0.130444, 0.288657, 0.279944, -0.0211941, -0.104316, 0.356371, 0.0796046, 1
8.34, 2025-06-18__17-38-43.621018, -0.614524, -1.2401, -0.570886, -2.77233, -0.594163, 1.56096, 0.0216019, 0.0313119, -0.253517, 0.352368, -0.0926218, -0.059441, -0.00355497, -0.401649, -0.398796, 0.180151, 0, 2, 1, 0, 0, 0.273755, 0.0796649, 0.130901, 0.288672, 0.279848, -0.0219961, -0.104667, 0.356456, 0.0796649, 1
8.35, 2025-06-18__17-38-43.631017, -0.616952, -1.23907, -0.572204, -2.77157, -0.595642, 1.56134, 0.0184822, 0.0304428, -0.25404, 0.35232, -0.0967574, -0.0578568, -0.00682055, -0.401649, -0.398796, 0.180151, 0, 2, 1, 0, 0, 0.273863, 0.0796761, 0.131346, 0.288629, 0.279699, -0.0228441, -0.105048, 0.356548, 0.0796761, 1
8.36, 2025-06-18__17-38-43.641017, -0.619424, -1.23807, -0.573519, -2.77083, -0.597122, 1.56146, 0.0147593, 0.0293223, -0.254623, 0.352231, -0.103924, -0.0531239, -0.00701016, -0.401649, -0.398796, 0.180151, 0, 2, 1, 0, 0, 0.273946, 0.0796155, 0.131757, 0.288513, 0.279487, -0.023672, -0.105406, 0.356636, 0.0796155, 1
8.37, 2025-06-18__17-38-43.651017, -0.621918, -1.23709, -0.574846, -2.77007, -0.598631, 1.56162, 0.0108378, 0.028286, -0.255161, 0.352161, -0.103791, -0.0543565, -0.00721115, -0.401649, -0.398796, 0.180151, 0, 2, 1, 0, 0, 0.274037, 0.0795559, 0.132185, 0.288396, 0.279269, -0.0245243, -0.105773, 0.356727, 0.0795559, 1
8.38, 2025-06-18__17-38-43.661016, -0.624416, -1.23611, -0.5762, -2.76938, -0.60013, 1.56205, 0.00718165, 0.0272806, -0.255717, 0.35208, -0.0960577, -0.0557865, -0.00843883, -0.401649, -0.398796, 0.180151, 0, 2, 1, 0, 0, 0.274116, 0.0795294, 0.132628, 0.288333, 0.279097, -0.0253302, -0.106102, 0.35681, 0.0795294, 1
8.39, 2025-06-18__17-38-43.671015, -0.626847, -1.23511, -0.577579, -2.76869, -0.601668, 1.56279, 0.00407238, 0.0263352, -0.256318, 0.352009, -0.0943422, -0.0613865, -0.00733894, -0.401649, -0.398796, 0.180151, 0, 2, 1, 0, 0, 0.274215, 0.079571, 0.133113, 0.28835, 0.278991, -0.0260827, -0.106395, 0.356886, 0.079571, 1
8.4, 2025-06-18__17-38-43.681018, -0.629035, -1.23426, -0.578856, -2.76809, -0.603061, 1.56358, 0.00135486, 0.0254045, -0.256945, 0.351954, -0.0928718, -0.0613077, -0.00695149, -0.401649, -0.398796, 0.180151, 0, 2, 1, 0, 0, 0.27431, 0.0796219, 0.133562, 0.288388, 0.278915, -0.0267491, -0.106648, 0.356953, 0.0796219, 1
8.41, 2025-06-18__17-38-43.691019, -0.631495, -1.23335, -0.580244, -2.76748, -0.604513, 1.56447, -0.00199969, 0.0244889, -0.257538, 0.351881, -0.0899405, -0.0583971, -0.00703595, -0.401649, -0.398796, 0.180151, 0, 2, 1, 0, 0, 0.274401, 0.0796538, 0.134037, 0.288411, 0.278813, -0.0274917, -0.106923, 0.357026, 0.0796538, 1
8.42, 2025-06-18__17-38-43.701017, -0.633962, -1.2325, -0.581583, -2.76689, -0.605923, 1.56516, -0.0058534, 0.0235509, -0.258086, 0.351802, -0.0949163, -0.0539749, -0.0092565, -0.401649, -0.398796, 0.180151, 0, 2, 1, 0, 0, 0.274482, 0.0796316, 0.134482, 0.288377, 0.278661, -0.028273, -0.10722, 0.357105, 0.0796316, 1
8.43, 2025-06-18__17-38-43.711020, -0.63674, -1.23154, -0.583129, -2.76624, -0.607391, 1.56576, -0.0102805, 0.0225785, -0.258602, 0.351698, -0.0991595, -0.0517653, -0.0101557, -0.401649, -0.398796, 0.180151, 0, 2, 1, 0, 0, 0.274555, 0.0795707, 0.134952, 0.288308, 0.278464, -0.0291595, -0.107555, 0.357195, 0.0795707, 1
8.44, 2025-06-18__17-38-43.721017, -0.639234, -1.23059, -0.58457, -2.76563, -0.608685, 1.56646, -0.0137272, 0.0216324, -0.259132, 0.351584, -0.0955839, -0.0534724, -0.0125072, -0.401649, -0.398796, 0.180151, 0, 2, 1, 0, 0, 0.27463, 0.0795656, 0.135403, 0.288301, 0.278333, -0.0299175, -0.107824, 0.35727, 0.0795656, 1
8.45, 2025-06-18__17-38-43.731016, -0.641837, -1.22966, -0.585944, -2.76504, -0.609893, 1.5674, -0.0166429, 0.0207148, -0.25968, 0.351495, -0.0888354, -0.0550999, -0.0075801, -0.401649, -0.398796, 0.180151, 0, 2, 1, 0, 0, 0.274722, 0.0796188, 0.135862, 0.288357, 0.278257, -0.0306244, -0.108042, 0.357335, 0.0796188, 1
8.46, 2025-06-18__17-38-43.741017, -0.644449, -1.22867, -0.58735, -2.7645, -0.61111, 1.56831, -0.0196162, 0.0197898, -0.26022, 0.351382, -0.09396, -0.0549465, -0.0122186, -0.401649, -0.398796, 0.180151, 0, 2, 1, 0, 0, 0.274783, 0.0796492, 0.136302, 0.288403, 0.278172, -0.0313279, -0.108253, 0.357399, 0.0796492, 1
8.47, 2025-06-18__17-38-43.751016, -0.64708, -1.22762, -0.588828, -2.76391, -0.612342, 1.56901, -0.0230195, 0.0188129, -0.260739, 0.351243, -0.0996095, -0.0510335, -0.0164868, -0.401649, -0.398796, 0.180151, 0, 2, 1, 0, 0, 0.274833, 0.0796363, 0.136736, 0.288401, 0.278037, -0.0320922, -0.108499, 0.357471, 0.0796363, 1
8.48, 2025-06-18__17-38-43.761016, -0.649756, -1.22652, -0.590309, -2.76331, -0.613469, 1.56962, -0.0268524, 0.0178208, -0.261223, 0.351077, -0.0999647, -0.0471714, -0.0184724, -0.401649, -0.398796, 0.180151, 0, 2, 1, 0, 0, 0.274875, 0.0795947, 0.137151, 0.288365, 0.277861, -0.0328876, -0.108758, 0.357548, 0.0795947, 1
8.49, 2025-06-18__17-38-43.771019, -0.652394, -1.22537, -0.591784, -2.76275, -0.614616, 1.57037, -0.0305883, 0.0168552, -0.261721, 0.350908, -0.0945726, -0.0504653, -0.0176408, -0.401649, -0.398796, 0.180151, 0, 2, 1, 0, 0, 0.274905, 0.0795674, 0.137566, 0.288355, 0.277703, -0.0336565, -0.108998, 0.35762, 0.0795674, 1
8.5, 2025-06-18__17-38-43.781023, -0.655069, -1.22428, -0.593257, -2.76214, -0.615734, 1.57138, -0.0338614, 0.0159105, -0.262259, 0.350782, -0.0934004, -0.0540026, -0.0129102, -0.401649, -0.398796, 0.180151, 0, 2, 1, 0, 0, 0.274979, 0.07961, 0.138021, 0.288412, 0.277597, -0.0342317, -0.1091, 0.357663, 0.07961, 1
8.51, 2025-06-18__17-38-43.791019, -0.657713, -1.22322, -0.594679, -2.76155, -0.616831, 1.57245, -0.0369605, 0.0149975, -0.2628, 0.350671, -0.0899643, -0.0516177, -0.0120928, -0.401649, -0.398796, 0.180151, 0, 2, 1, 0, 0, 0.275056, 0.0796689, 0.13847, 0.288487, 0.277505, -0.0345201, -0.109009, 0.357663, 0.0796689, 1
8.52, 2025-06-18__17-38-43.801017, -0.660351, -1.22208, -0.596132, -2.761, -0.618057, 1.57333, -0.0402417, 0.0140375, -0.26332, 0.350519, -0.0976526, -0.0521993, -0.0131458, -0.401649, -0.398796, 0.180151, 0, 2, 1, 0, 0, 0.275089, 0.0796803, 0.138895, 0.288525, 0.277379, -0.0348075, -0.108917, 0.357663, 0.0796803, 1
8.53, 2025-06-18__17-38-43.811019, -0.663039, -1.22096, -0.597586, -2.76044, -0.619327, 1.57408, -0.0438448, 0.0130307, -0.263822, 0.350351, -0.100575, -0.0497229, -0.0190642, -0.401649, -0.398796, 0.180151, 0, 2, 1, 0, 0, 0.275116, 0.0796641, 0.139308, 0.288531, 0.277216, -0.0351001, -0.108823, 0.357663, 0.0796641, 1
8.54, 2025-06-18__17-38-43.821017, -0.66571, -1.21995, -0.598993, -2.7599, -0.620673, 1.57473, -0.0476061, 0.012009, -0.264304, 0.350191, -0.105209, -0.0475019, -0.016444, -0.401649, -0.398796, 0.180151, 0, 2, 1, 0, 0, 0.27514, 0.0796274, 0.139704, 0.288516, 0.277029, -0.0353907, -0.108729, 0.357663, 0.0796274, 1
8.55, 2025-06-18__17-38-43.831017, -0.668448, -1.21896, -0.600384, -2.75938, -0.62215, 1.57543, -0.0512363, 0.0109497, -0.264805, 0.350048, -0.106015, -0.0511374, -0.013783, -0.401649, -0.398796, 0.180151, 0, 2, 1, 0, 0, 0.275159, 0.079601, 0.140107, 0.288517, 0.276853, -0.0356882, -0.108632, 0.357663, 0.079601, 1
8.56, 2025-06-18__17-38-43.841016, -0.671167, -1.21795, -0.60178, -2.75882, -0.623645, 1.57627, -0.0543169, 0.0098991, -0.265332, 0.349917, -0.106214, -0.0535324, -0.016203, -0.401649, -0.398796, 0.180151, 0, 2, 1, 0, 0, 0.275202, 0.0796285, 0.14054, 0.288569, 0.276725, -0.0359835, -0.108534, 0.357663, 0.0796285, 1
8.57, 2025-06-18__17-38-43.851015, -0.673872, -1.21681, -0.603195, -2.75823, -0.625192, 1.57721, -0.0572297, 0.00885611, -0.26589, 0.349786, -0.105098, -0.0542979, -0.0153931, -0.401649, -0.398796, 0.180151, 0, 2, 1, 0, 0, 0.275249, 0.079685, 0.140998, 0.288647, 0.276614, -0.0362769, -0.108437, 0.357663, 0.079685, 1
8.58, 2025-06-18__17-38-43.861016, -0.676596, -1.21566, -0.604668, -2.75762, -0.626691, 1.57803, -0.0605258, 0.00778761, -0.266427, 0.349634, -0.107362, -0.0529111, -0.0166654, -0.401649, -0.398796, 0.180151, 0, 2, 1, 0, 0, 0.275291, 0.0797145, 0.141443, 0.28869, 0.276464, -0.0365722, -0.108337, 0.357663, 0.0797145, 1
8.59, 2025-06-18__17-38-43.871032, -0.679263, -1.21448, -0.606083, -2.75699, -0.628178, 1.57865, -0.0643289, 0.00670505, -0.266934, 0.349488, -0.110304, -0.0507609, -0.0159062, -0.401649, -0.398796, 0.180151, 0, 2, 1, 0, 0, 0.275331, 0.0797109, 0.141868, 0.288683, 0.276255, -0.036861, -0.108239, 0.357663, 0.0797109, 1
8.6, 2025-06-18__17-38-43.881032, -0.681977, -1.21331, -0.607393, -2.75636, -0.629607, 1.57917, -0.0684329, 0.00561272, -0.267404, 0.349342, -0.109683, -0.0453717, -0.0146254, -0.401649, -0.398796, 0.180151, 0, 2, 1, 0, 0, 0.275378, 0.0796955, 0.142276, 0.288647, 0.276012, -0.0371546, -0.108139, 0.357663, 0.0796955, 1
8.61, 2025-06-18__17-38-43.891032, -0.684719, -1.21201, -0.608743, -2.75579, -0.631069, 1.57976, -0.0722926, 0.00451627, -0.267874, 0.349164, -0.107878, -0.0479769, -0.0177701, -0.401649, -0.398796, 0.180151, 0, 2, 1, 0, 0, 0.275394, 0.079685, 0.142682, 0.288631, 0.27579, -0.037451, -0.108037, 0.357663, 0.079685, 1
8.62, 2025-06-18__17-38-43.901032, -0.687435, -1.21075, -0.610184, -2.75519, -0.632526, 1.58054, -0.0757386, 0.00343914, -0.268375, 0.348989, -0.109045, -0.0510848, -0.0152195, -0.401649, -0.398796, 0.180151, 0, 2, 1, 0, 0, 0.275433, 0.079724, 0.143126, 0.288664, 0.275612, -0.0377443, -0.107935, 0.357663, 0.079724, 1
8.63, 2025-06-18__17-38-43.911032, -0.690226, -1.20955, -0.611639, -2.75466, -0.633954, 1.58141, -0.0792205, 0.00236235, -0.268869, 0.348803, -0.107812, -0.0474949, -0.020192, -0.401649, -0.398796, 0.180151, 0, 2, 1, 0, 0, 0.275458, 0.0797621, 0.14356, 0.288704, 0.275436, -0.0380454, -0.107829, 0.357663, 0.0797621, 1
8.64, 2025-06-18__17-38-43.921032, -0.693048, -1.20831, -0.61306, -2.75419, -0.635458, 1.58221, -0.0832239, 0.00126864, -0.269348, 0.348593, -0.112566, -0.0471868, -0.021539, -0.401649, -0.398796, 0.180151, 0, 2, 1, 0, 0, 0.275458, 0.0797682, 0.143974, 0.288709, 0.275216, -0.0383495, -0.107721, 0.357663, 0.0797682, 1
8.65, 2025-06-18__17-38-43.931032, -0.695886, -1.2071, -0.614479, -2.75373, -0.636965, 1.58292, -0.0875094, 0.000146403, -0.269798, 0.348369, -0.114401, -0.0449528, -0.0218564, -0.401649, -0.398796, 0.180151, 0, 2, 1, 0, 0, 0.275454, 0.07976, 0.14438, 0.28869, 0.27497, -0.0386551, -0.107612, 0.357663, 0.07976, 1
8.66, 2025-06-18__17-38-43.941032, -0.698798, -1.20599, -0.615926, -2.75329, -0.638469, 1.58369, -0.091506, -0.000985517, -0.270247, 0.348152, -0.113383, -0.0431756, -0.0242079, -0.401649, -0.398796, 0.180151, 0, 2, 1, 0, 0, 0.275455, 0.0797703, 0.14479, 0.288691, 0.274752, -0.0389683, -0.107499, 0.357663, 0.0797703, 1
8.67, 2025-06-18__17-38-43.951027, -0.701735, -1.20485, -0.61746, -2.7529, -0.640033, 1.58451, -0.0950835, -0.0020157, -0.270654, 0.347933, -0.115252, -0.0436277, -0.0283179, -0.401649, -0.398796, 0.180151, 0, 2, 1, 0, 0, 0.275432, 0.0797883, 0.145203, 0.288716, 0.274569, -0.0392838, -0.107384, 0.357663, 0.0797883, 1
8.68, 2025-06-18__17-38-43.961017, -0.704596, -1.20361, -0.619033, -2.75251, -0.641661, 1.58523, -0.0986976, -0.00317542, -0.271095, 0.347653, -0.118765, -0.0446754, -0.0271346, -0.401649, -0.398796, 0.180151, 0, 2, 1, 0, 0, 0.275392, 0.0797977, 0.145615, 0.288728, 0.274377, -0.0395909, -0.107271, 0.357663, 0.0797977, 1
8.69, 2025-06-18__17-38-43.971017, -0.707495, -1.20236, -0.620542, -2.75213, -0.643234, 1.58591, -0.102709, -0.00445303, -0.271561, 0.347342, -0.117746, -0.0409928, -0.0281868, -0.401649, -0.398796, 0.180151, 0, 2, 1, 0, 0, 0.275355, 0.0798015, 0.146016, 0.288716, 0.274154, -0.0399017, -0.107156, 0.357663, 0.0798015, 1
8.7, 2025-06-18__17-38-43.981016, -0.710433, -1.20117, -0.621991, -2.75183, -0.644824, 1.5866, -0.107057, -0.00561017, -0.271954, 0.347046, -0.115985, -0.0398599, -0.0292175, -0.401649, -0.398796, 0.180151, 0, 2, 1, 0, 0, 0.275302, 0.0797898, 0.146398, 0.288687, 0.27391, -0.0402164, -0.107038, 0.357663, 0.0797898, 1
8.71, 2025-06-18__17-38-43.991017, -0.713431, -1.19992, -0.623493, -2.75153, -0.646354, 1.5874, -0.111235, -0.00676844, -0.272357, 0.34675, -0.114639, -0.0389365, -0.032883, -0.401649, -0.398796, 0.180151, 0, 2, 1, 0, 0, 0.275242, 0.0798026, 0.146792, 0.288681, 0.27369, -0.0405371, -0.106917, 0.357663, 0.0798026, 1
8.72, 2025-06-18__17-38-44.001017, -0.716493, -1.19864, -0.625079, -2.75125, -0.64791, 1.58825, -0.115126, -0.00795192, -0.272759, 0.346418, -0.116567, -0.0379233, -0.034938, -0.401649, -0.398796, 0.180151, 0, 2, 1, 0, 0, 0.275162, 0.0798269, 0.147193, 0.288694, 0.273497, -0.0408643, -0.106792, 0.357663, 0.0798269, 1
8.73, 2025-06-18__17-38-44.011016, -0.719594, -1.1974, -0.626668, -2.75097, -0.649428, 1.58903, -0.118995, -0.00915442, -0.273144, 0.346087, -0.118949, -0.0379478, -0.0333848, -0.401649, -0.398796, 0.180151, 0, 2, 1, 0, 0, 0.275076, 0.0798502, 0.147586, 0.288699, 0.273301, -0.0411952, -0.106665, 0.357663, 0.0798502, 1
8.74, 2025-06-18__17-38-44.021017, -0.722761, -1.19628, -0.628206, -2.75073, -0.65091, 1.58968, -0.123108, -0.0103742, -0.273484, 0.345758, -0.122457, -0.0318632, -0.0351194, -0.401649, -0.398796, 0.180151, 0, 2, 1, 0, 0, 0.274977, 0.0798516, 0.147953, 0.288672, 0.273077, -0.0415328, -0.106534, 0.357663, 0.0798516, 1
8.75, 2025-06-18__17-38-44.031016, -0.725943, -1.19513, -0.629732, -2.75055, -0.65232, 1.59036, -0.127451, -0.0115816, -0.273799, 0.34541, -0.120604, -0.031332, -0.0340707, -0.401649, -0.398796, 0.180151, 0, 2, 1, 0, 0, 0.274851, 0.0798445, 0.148301, 0.288636, 0.272843, -0.0418716, -0.106402, 0.357663, 0.0798445, 1
8.76, 2025-06-18__17-38-44.041017, -0.72912, -1.19396, -0.631356, -2.75034, -0.65376, 1.59113, -0.13151, -0.0127901, -0.274129, 0.345048, -0.119973, -0.0339117, -0.0352635, -0.401649, -0.398796, 0.180151, 0, 2, 1, 0, 0, 0.274729, 0.0798664, 0.148677, 0.288628, 0.272638, -0.0422094, -0.106268, 0.357663, 0.0798664, 1
8.77, 2025-06-18__17-38-44.051020, -0.732246, -1.19289, -0.63298, -2.75019, -0.655291, 1.59189, -0.135174, -0.0140039, -0.274459, 0.34469, -0.120638, -0.0324939, -0.0356876, -0.401649, -0.398796, 0.180151, 0, 2, 1, 0, 0, 0.274587, 0.0798869, 0.149044, 0.288632, 0.272461, -0.0425414, -0.106135, 0.357663, 0.0798869, 1
8.78, 2025-06-18__17-38-44.061018, -0.735405, -1.19183, -0.634509, -2.75005, -0.656854, 1.59254, -0.138971, -0.0152318, -0.274755, 0.34433, -0.121531, -0.0294395, -0.0372673, -0.401649, -0.398796, 0.180151, 0, 2, 1, 0, 0, 0.274439, 0.0799027, 0.1494, 0.288616, 0.272266, -0.0428765, -0.106001, 0.357663, 0.0799027, 1
8.79, 2025-06-18__17-38-44.071019, -0.738594, -1.19076, -0.636044, -2.74995, -0.658449, 1.59326, -0.143153, -0.0164681, -0.275062, 0.343971, -0.125337, -0.0294459, -0.0356069, -0.401649, -0.398796, 0.180151, 0, 2, 1, 0, 0, 0.274273, 0.0799205, 0.149761, 0.288594, 0.272054, -0.0432143, -0.105863, 0.357663, 0.0799205, 1
8.8, 2025-06-18__17-38-44.081017, -0.741814, -1.18967, -0.637627, -2.74986, -0.660038, 1.59401, -0.147603, -0.0177087, -0.275353, 0.34358, -0.122471, -0.029549, -0.0383152, -0.401649, -0.398796, 0.180151, 0, 2, 1, 0, 0, 0.274099, 0.0799428, 0.150131, 0.288567, 0.271829, -0.043555, -0.105724, 0.357663, 0.0799428, 1
8.81, 2025-06-18__17-38-44.091020, -0.745114, -1.18858, -0.639235, -2.74982, -0.661724, 1.59464, -0.151909, -0.0189962, -0.275622, 0.343169, -0.128626, -0.0264566, -0.0415641, -0.401649, -0.398796, 0.180151, 0, 2, 1, 0, 0, 0.273897, 0.0799482, 0.150486, 0.288528, 0.271605, -0.0439036, -0.105579, 0.357663, 0.0799482, 1
8.82, 2025-06-18__17-38-44.101020, -0.748488, -1.18746, -0.640883, -2.74979, -0.663434, 1.59515, -0.156043, -0.0203276, -0.275861, 0.342725, -0.131796, -0.022189, -0.0452569, -0.401649, -0.398796, 0.180151, 0, 2, 1, 0, 0, 0.27368, 0.0799439, 0.150833, 0.28848, 0.271383, -0.0442596, -0.105431, 0.357663, 0.0799439, 1
8.83, 2025-06-18__17-38-44.111017, -0.751936, -1.18634, -0.642537, -2.7498, -0.665142, 1.59558, -0.160435, -0.0216967, -0.27607, 0.342261, -0.136521, -0.0205431, -0.0471573, -0.401649, -0.398796, 0.180151, 0, 2, 1, 0, 0, 0.273444, 0.0799193, 0.151166, 0.28841, 0.271138, -0.0446229, -0.105277, 0.357663, 0.0799193, 1
8.84, 2025-06-18__17-38-44.121022, -0.755425, -1.18523, -0.644199, -2.74982, -0.666832, 1.59598, -0.165203, -0.0230691, -0.276257, 0.341783, -0.137954, -0.0190165, -0.0464953, -0.401649, -0.398796, 0.180151, 0, 2, 1, 0, 0, 0.273207, 0.0798871, 0.151501, 0.288323, 0.27087, -0.0449899, -0.105121, 0.357663, 0.0798871, 1
8.85, 2025-06-18__17-38-44.131021, -0.758874, -1.18417, -0.645943, -2.74983, -0.668582, 1.59648, -0.169759, -0.0244481, -0.27646, 0.341312, -0.138213, -0.0214823, -0.0459249, -0.401649, -0.398796, 0.180151, 0, 2, 1, 0, 0, 0.272983, 0.079875, 0.151862, 0.288261, 0.270626, -0.0453522, -0.104965, 0.357663, 0.079875, 1
8.86, 2025-06-18__17-38-44.141022, -0.762329, -1.18316, -0.647631, -2.74986, -0.670286, 1.59711, -0.173751, -0.0258009, -0.276673, 0.340863, -0.135426, -0.0205563, -0.0463546, -0.401649, -0.398796, 0.180151, 0, 2, 1, 0, 0, 0.272775, 0.0798863, 0.152219, 0.288236, 0.270433, -0.0457146, -0.104808, 0.357663, 0.0798863, 1
8.87, 2025-06-18__17-38-44.151017, -0.765806, -1.18218, -0.649306, -2.74986, -0.671921, 1.59784, -0.177706, -0.0271349, -0.276891, 0.34043, -0.132854, -0.0201705, -0.0435235, -0.401649, -0.398796, 0.180151, 0, 2, 1, 0, 0, 0.272593, 0.0799221, 0.152591, 0.288226, 0.270253, -0.0459694, -0.104756, 0.357366, 0.0799221, 1
8.88, 2025-06-18__17-38-44.161021, -0.76935, -1.18121, -0.651018, -2.74985, -0.673484, 1.59848, -0.182074, -0.0284975, -0.277083, 0.339999, -0.132758, -0.0175091, -0.0431445, -0.401649, -0.398796, 0.180151, 0, 2, 1, 0, 0, 0.272411, 0.0799358, 0.152962, 0.288191, 0.270041, -0.0460174, -0.104914, 0.356484, 0.0799358, 1
8.89, 2025-06-18__17-38-44.171021, -0.772943, -1.18033, -0.652741, -2.74985, -0.675066, 1.599, -0.186768, -0.0298912, -0.277247, 0.339569, -0.141395, -0.0151553, -0.0429453, -0.401649, -0.398796, 0.180151, 0, 2, 1, 0, 0, 0.272229, 0.079934, 0.153329, 0.28813, 0.2698, -0.0463449, -0.104797, 0.356349, 0.079934, 1
8.9, 2025-06-18__17-38-44.181018, -0.776615, -1.17953, -0.654446, -2.74987, -0.676641, 1.59947, -0.191343, -0.0313095, -0.277381, 0.339137, -0.143382, -0.0127437, -0.0442914, -0.401649, -0.398796, 0.180151, 0, 2, 1, 0, 0, 0.272045, 0.0799319, 0.153687, 0.288067, 0.269565, -0.0466822, -0.104674, 0.356219, 0.0799319, 1
8.91, 2025-06-18__17-38-44.191019, -0.780277, -1.17872, -0.656174, -2.74992, -0.678252, 1.59996, -0.19576, -0.0327285, -0.27751, 0.338698, -0.142178, -0.0135054, -0.046302, -0.401649, -0.398796, 0.180151, 0, 2, 1, 0, 0, 0.271845, 0.0799359, 0.154044, 0.288012, 0.269343, -0.0470119, -0.104556, 0.356072, 0.0799359, 1
8.92, 2025-06-18__17-38-44.201020, -0.783901, -1.17783, -0.657993, -2.74996, -0.679915, 1.60046, -0.200259, -0.0341591, -0.277639, 0.338224, -0.144277, -0.0134788, -0.0463642, -0.401649, -0.398796, 0.180151, 0, 2, 1, 0, 0, 0.27163, 0.0799516, 0.154421, 0.287959, 0.26912, -0.0473329, -0.104444, 0.355912, 0.0799516, 1
8.93, 2025-06-18__17-38-44.211017, -0.787544, -1.17697, -0.659726, -2.75002, -0.681577, 1.60096, -0.205027, -0.0355824, -0.277758, 0.337763, -0.139728, -0.00991807, -0.0480648, -0.401649, -0.398796, 0.180151, 0, 2, 1, 0, 0, 0.271417, 0.0799756, 0.154796, 0.287897, 0.268883, -0.0476611, -0.104324, 0.355768, 0.0799756, 1
8.94, 2025-06-18__17-38-44.221019, -0.791239, -1.17611, -0.661408, -2.75011, -0.683066, 1.60142, -0.209736, -0.0369853, -0.277833, 0.337295, -0.141912, -0.00594532, -0.0488638, -0.401649, -0.398796, 0.180151, 0, 2, 1, 0, 0, 0.27119, 0.079991, 0.15513, 0.287829, 0.268649, -0.0479945, -0.104201, 0.355623, 0.079991, 1
8.95, 2025-06-18__17-38-44.231016, -0.794965, -1.17523, -0.663136, -2.75023, -0.684465, 1.60181, -0.214107, -0.038389, -0.277875, 0.336805, -0.140533, -0.000717905, -0.0547909, -0.401649, -0.398796, 0.180151, 0, 2, 1, 0, 0, 0.270935, 0.0799924, 0.155426, 0.287759, 0.26843, -0.0483244, -0.104082, 0.355461, 0.0799924, 1
8.96, 2025-06-18__17-38-44.241020, -0.798771, -1.17429, -0.664905, -2.75035, -0.685761, 1.60214, -0.218658, -0.0398077, -0.27788, 0.336286, -0.144442, 0.000647175, -0.0527321, -0.401649, -0.398796, 0.180151, 0, 2, 1, 0, 0, 0.270664, 0.079988, 0.155706, 0.287676, 0.268197, -0.0486629, -0.103958, 0.355299, 0.079988, 1
8.97, 2025-06-18__17-38-44.251024, -0.802683, -1.17336, -0.666677, -2.75052, -0.687059, 1.60246, -0.223568, -0.0412492, -0.277859, 0.335745, -0.142616, 0.00131525, -0.05366, -0.401649, -0.398796, 0.180151, 0, 2, 1, 0, 0, 0.270376, 0.0799781, 0.155981, 0.287579, 0.267945, -0.0490129, -0.103827, 0.35514, 0.0799781, 1
8.98, 2025-06-18__17-38-44.261017, -0.806667, -1.17251, -0.668448, -2.75074, -0.688318, 1.60281, -0.228562, -0.0426936, -0.277811, 0.335193, -0.140109, 0.00508433, -0.0558366, -0.401649, -0.398796, 0.180151, 0, 2, 1, 0, 0, 0.270083, 0.0799663, 0.156246, 0.28748, 0.267693, -0.0493691, -0.103692, 0.354978, 0.0799663, 1
8.99, 2025-06-18__17-38-44.271021, -0.810621, -1.17172, -0.670283, -2.75102, -0.689598, 1.60323, -0.233195, -0.0441264, -0.277757, 0.33463, -0.145335, 0.00577913, -0.056745, -0.401649, -0.398796, 0.180151, 0, 2, 1, 0, 0, 0.269773, 0.0799531, 0.156501, 0.287399, 0.26747, -0.049711, -0.103569, 0.354785, 0.0799531, 1
9, 2025-06-18__17-38-44.281017, -0.814578, -1.17093, -0.6722, -2.75135, -0.690887, 1.60374, -0.237717, -0.0455488, -0.277704, 0.334037, -0.141973, 0.0056076, -0.0595789, -0.401649, -0.398796, 0.180151, 0, 2, 1, 0, 0, 0.269445, 0.0799344, 0.156757, 0.287329, 0.267263, -0.0498851, -0.103627, 0.354112, 0.0799344, 1
9.01, 2025-06-18__17-38-44.291020, -0.818608, -1.17022, -0.674046, -2.75176, -0.692082, 1.60439, -0.242592, -0.0469327, -0.277632, 0.333442, -0.138854, 0.00670747, -0.0590926, -0.401649, -0.398796, 0.180151, 0, 2, 1, 0, 0, 0.269115, 0.0799013, 0.157, 0.28726, 0.267051, -0.0500616, -0.10369, 0.35342, 0.0799013, 1
9.02, 2025-06-18__17-38-44.301019, -0.822697, -1.16955, -0.675844, -2.75225, -0.693346, 1.6052, -0.247486, -0.0483112, -0.277569, 0.332855, -0.137285, 0.00597076, -0.0590543, -0.401649, -0.398796, 0.180151, 0, 2, 1, 0, 0, 0.268778, 0.079863, 0.157246, 0.287205, 0.266855, -0.0502397, -0.103756, 0.352711, 0.079863, 1
9.03, 2025-06-18__17-38-44.311017, -0.826933, -1.169, -0.677666, -2.75274, -0.694696, 1.60616, -0.251818, -0.0497269, -0.277522, 0.332285, -0.140159, 0.00186137, -0.0548457, -0.401649, -0.398796, 0.180151, 0, 2, 1, 0, 0, 0.26846, 0.0798388, 0.157508, 0.287188, 0.266706, -0.0504408, -0.103807, 0.352021, 0.0798388, 1
9.04, 2025-06-18__17-38-44.321017, -0.831226, -1.16848, -0.67948, -2.75323, -0.696171, 1.60739, -0.255956, -0.0511572, -0.27753, 0.331753, -0.140624, -0.0036757, -0.0520077, -0.401649, -0.398796, 0.180151, 0, 2, 1, 0, 0, 0.268167, 0.0798498, 0.15781, 0.287211, 0.266595, -0.0506461, -0.10386, 0.351321, 0.0798498, 1
9.05, 2025-06-18__17-38-44.331016, -0.835455, -1.16797, -0.681304, -2.75375, -0.697747, 1.60883, -0.26035, -0.0525573, -0.27757, 0.33122, -0.136816, -0.00307229, -0.0548529, -0.401649, -0.398796, 0.180151, 0, 2, 1, 0, 0, 0.267884, 0.0798771, 0.158144, 0.287251, 0.266491, -0.0508609, -0.103899, 0.350665, 0.0798771, 1
9.06, 2025-06-18__17-38-44.341019, -0.839656, -1.16747, -0.683141, -2.75426, -0.699464, 1.61031, -0.264978, -0.0539726, -0.277633, 0.330701, -0.144588, -0.00693885, -0.0509809, -0.401649, -0.398796, 0.180151, 0, 2, 1, 0, 0, 0.267615, 0.0799149, 0.158511, 0.287294, 0.266379, -0.0512969, -0.103684, 0.350665, 0.0799149, 1
9.07, 2025-06-18__17-38-44.351020, -0.843851, -1.16701, -0.684966, -2.7548, -0.701278, 1.61175, -0.269418, -0.055408, -0.277689, 0.330176, -0.144282, -0.00329025, -0.052763, -0.401649, -0.398796, 0.180151, 0, 2, 1, 0, 0, 0.267339, 0.0799435, 0.158876, 0.287336, 0.266276, -0.0517314, -0.103468, 0.350665, 0.0799435, 1
9.08, 2025-06-18__17-38-44.361022, -0.848064, -1.16658, -0.686686, -2.7554, -0.703078, 1.61305, -0.273737, -0.0568324, -0.277698, 0.329648, -0.143398, 0.000262511, -0.0545416, -0.401649, -0.398796, 0.180151, 0, 2, 1, 0, 0, 0.267047, 0.0799394, 0.159206, 0.287359, 0.266167, -0.0521668, -0.103249, 0.350665, 0.0799394, 1
9.09, 2025-06-18__17-38-44.371016, -0.85237, -1.16614, -0.688441, -2.75598, -0.704806, 1.61424, -0.278212, -0.0582892, -0.277666, 0.329102, -0.146842, 0.00408622, -0.0550234, -0.401649, -0.398796, 0.180151, 0, 2, 1, 0, 0, 0.266756, 0.079923, 0.159532, 0.287366, 0.266041, -0.052611, -0.103024, 0.350665, 0.079923, 1
9.1, 2025-06-18__17-38-44.381016, -0.85675, -1.16571, -0.690205, -2.75658, -0.706463, 1.61535, -0.28303, -0.0597648, -0.277594, 0.328548, -0.144077, 0.00709073, -0.0564344, -0.401649, -0.398796, 0.180151, 0, 2, 1, 0, 0, 0.266459, 0.079895, 0.159851, 0.287352, 0.265891, -0.0530617, -0.102792, 0.350665, 0.079895, 1
9.11, 2025-06-18__17-38-44.391017, -0.86109, -1.16524, -0.691914, -2.7572, -0.708016, 1.61652, -0.287787, -0.0611919, -0.277508, 0.327986, -0.143949, 0.00806673, -0.0563821, -0.401649, -0.398796, 0.180151, 0, 2, 1, 0, 0, 0.266162, 0.0798768, 0.160157, 0.287334, 0.265752, -0.0535073, -0.102561, 0.350665, 0.0798768, 1
9.12, 2025-06-18__17-38-44.401016, -0.865357, -1.16471, -0.693729, -2.75778, -0.709632, 1.61779, -0.29205, -0.0626161, -0.277451, 0.327423, -0.141748, 0.00491735, -0.0570184, -0.401649, -0.398796, 0.180151, 0, 2, 1, 0, 0, 0.26587, 0.0798927, 0.160486, 0.287341, 0.265649, -0.0539444, -0.102332, 0.350665, 0.0798927, 1
9.13, 2025-06-18__17-38-44.411015, -0.86966, -1.16414, -0.695592, -2.75834, -0.71124, 1.61909, -0.296304, -0.0640585, -0.277392, 0.326848, -0.143931, 0.00675231, -0.0582014, -0.401649, -0.398796, 0.180151, 0, 2, 1, 0, 0, 0.265577, 0.0799252, 0.160828, 0.287352, 0.265551, -0.0543843, -0.102099, 0.350665, 0.0799252, 1
9.14, 2025-06-18__17-38-44.421021, -0.874015, -1.16347, -0.697428, -2.75891, -0.712759, 1.62048, -0.300927, -0.065483, -0.277324, 0.326259, -0.143364, 0.00794855, -0.0601521, -0.401649, -0.398796, 0.180151, 0, 2, 1, 0, 0, 0.26528, 0.0799729, 0.161179, 0.287359, 0.265445, -0.0548284, -0.101861, 0.350665, 0.0799729, 1
9.15, 2025-06-18__17-38-44.431017, -0.87845, -1.16278, -0.699274, -2.75947, -0.714208, 1.62184, -0.305844, -0.0669224, -0.277243, 0.32567, -0.14025, 0.0102405, -0.0581143, -0.401649, -0.398796, 0.180151, 0, 1, 1, 0, 0, 0.26498, 0.0800257, 0.161535, 0.287347, 0.265322, -0.0552796, -0.101617, 0.350665, 0.0800257, 1
9.16, 2025-06-18__17-38-44.441021, -0.883002, -1.16208, -0.701092, -2.76004, -0.715654, 1.62338, -0.310432, -0.0683796, -0.277164, 0.325097, -0.144126, 0.00676432, -0.0587803, -0.401649, -0.398796, 0.180151, 0, 1, 1, 0, 0, 0.264684, 0.0801086, 0.161897, 0.287353, 0.265235, -0.0557416, -0.101364, 0.350665, 0.0801086, 1
9.17, 2025-06-18__17-38-44.451020, -0.887469, -1.16133, -0.702904, -2.76064, -0.717171, 1.62529, -0.314683, -0.0697769, -0.277151, 0.324527, -0.135972, 0.000888618, -0.0579626, -0.401649, -0.398796, 0.180151, 0, 1, 1, 0, 0, 0.264391, 0.0802358, 0.162284, 0.287402, 0.265201, -0.0561938, -0.101114, 0.350665, 0.0802358, 1
9.18, 2025-06-18__17-38-44.461019, -0.891867, -1.16047, -0.704723, -2.76123, -0.718821, 1.62742, -0.319166, -0.0711577, -0.277194, 0.323964, -0.139788, -0.00641026, -0.0559345, -0.401649, -0.398796, 0.180151, 0, 1, 1, 0, 0, 0.264109, 0.0804023, 0.162721, 0.287471, 0.265178, -0.056638, -0.100866, 0.350665, 0.0804023, 1
9.19, 2025-06-18__17-38-44.471034, -0.896305, -1.15958, -0.706509, -2.76177, -0.720558, 1.62971, -0.323788, -0.0725632, -0.277277, 0.323426, -0.140293, -0.00856884, -0.0530918, -0.401649, -0.398796, 0.180151, 0, 1, 1, 0, 0, 0.263859, 0.0806092, 0.163205, 0.28756, 0.265165, -0.0570851, -0.100614, 0.350665, 0.0806092, 1
9.2, 2025-06-18__17-38-44.481021, -0.900747, -1.15868, -0.708298, -2.76232, -0.722273, 1.63206, -0.328044, -0.0739582, -0.277361, 0.322896, -0.142203, -0.00903076, -0.0523127, -0.401649, -0.398796, 0.180151, 0, 1, 1, 0, 0, 0.263604, 0.0808174, 0.16368, 0.287666, 0.265177, -0.0575314, -0.100359, 0.350665, 0.0808174, 1
9.21, 2025-06-18__17-38-44.491020, -0.905248, -1.15778, -0.710151, -2.76282, -0.724004, 1.63441, -0.331954, -0.075389, -0.277442, 0.322366, -0.142886, -0.00754931, -0.0518591, -0.401649, -0.398796, 0.180151, 0, 1, 1, 0, 0, 0.263361, 0.0810366, 0.164163, 0.287786, 0.265208, -0.0579826, -0.100099, 0.350665, 0.0810366, 1
9.22, 2025-06-18__17-38-44.501022, -0.909804, -1.15686, -0.711913, -2.76332, -0.725688, 1.63681, -0.336022, -0.0768211, -0.277521, 0.321858, -0.1417, -0.00802174, -0.051694, -0.401649, -0.398796, 0.180151, 0, 1, 1, 0, 0, 0.263135, 0.0812616, 0.164646, 0.287906, 0.265236, -0.058438, -0.0998338, 0.350665, 0.0812616, 1
9.23, 2025-06-18__17-38-44.511017, -0.914244, -1.15591, -0.713583, -2.76385, -0.72731, 1.63935, -0.340484, -0.0781911, -0.277612, 0.321361, -0.135849, -0.00861192, -0.0497592, -0.401649, -0.398796, 0.180151, 0, 1, 1, 0, 0, 0.262922, 0.0814946, 0.165136, 0.288027, 0.265261, -0.0588807, -0.0995733, 0.350665, 0.0814946, 1
9.24, 2025-06-18__17-38-44.521018, -0.918622, -1.15492, -0.715332, -2.76435, -0.728831, 1.64203, -0.345103, -0.0795206, -0.277722, 0.320859, -0.134349, -0.0121533, -0.0492029, -0.401649, -0.398796, 0.180151, 0, 1, 1, 0, 0, 0.262721, 0.081744, 0.165642, 0.288159, 0.265294, -0.0593161, -0.0993146, 0.350665, 0.081744, 1
9.25, 2025-06-18__17-38-44.531016, -0.923043, -1.15395, -0.717116, -2.76485, -0.730258, 1.64491, -0.349417, -0.0808252, -0.277861, 0.320373, -0.127575, -0.0134214, -0.0514248, -0.401649, -0.398796, 0.180151, 0, 1, 1, 0, 0, 0.262529, 0.0820137, 0.166143, 0.288317, 0.265361, -0.0597546, -0.0990514, 0.350665, 0.0820137, 1
9.26, 2025-06-18__17-38-44.541016, -0.927474, -1.1529, -0.718918, -2.76534, -0.731551, 1.64782, -0.353593, -0.0821206, -0.277985, 0.319876, -0.130024, -0.0111021, -0.0498398, -0.401649, -0.398796, 0.180151, 0, 1, 1, 0, 0, 0.262332, 0.0822816, 0.16663, 0.288481, 0.26544, -0.0601929, -0.0987856, 0.350665, 0.0822816, 1
9.27, 2025-06-18__17-38-44.551019, -0.931906, -1.15166, -0.720741, -2.76574, -0.732959, 1.65063, -0.357891, -0.0834563, -0.278104, 0.319364, -0.137678, -0.0105655, -0.0507295, -0.401649, -0.398796, 0.180151, 0, 1, 1, 0, 0, 0.262153, 0.0825621, 0.167158, 0.28864, 0.265505, -0.0605253, -0.0986499, 0.350128, 0.0825621, 1
9.28, 2025-06-18__17-38-44.561019, -0.936338, -1.15043, -0.722555, -2.7661, -0.734348, 1.65338, -0.362397, -0.0848213, -0.278211, 0.31886, -0.134826, -0.0123134, -0.0480254, -0.401649, -0.398796, 0.180151, 0, 1, 1, 0, 0, 0.261994, 0.082836, 0.167699, 0.288791, 0.265556, -0.0608489, -0.0985245, 0.349545, 0.082836, 1
9.29, 2025-06-18__17-38-44.571019, -0.940621, -1.14907, -0.724415, -2.76639, -0.735782, 1.65609, -0.366742, -0.0861759, -0.278326, 0.318351, -0.134952, -0.0122134, -0.0505404, -0.401649, -0.398796, 0.180151, 0, 1, 1, 0, 0, 0.261846, 0.083126, 0.168262, 0.288949, 0.265613, -0.0611798, -0.0983791, 0.349076, 0.083126, 1
9.3, 2025-06-18__17-38-44.581017, -0.944803, -1.14757, -0.726282, -2.76661, -0.7372, 1.65879, -0.370714, -0.0875237, -0.278455, 0.317845, -0.133375, -0.011099, -0.0543571, -0.401649, -0.398796, 0.180151, 0, 1, 1, 0, 0, 0.26171, 0.0834397, 0.16883, 0.289121, 0.265687, -0.0614992, -0.0982408, 0.348599, 0.0834397, 1
9.31, 2025-06-18__17-38-44.591019, -0.948984, -1.14595, -0.728095, -2.7668, -0.738613, 1.66157, -0.374789, -0.088872, -0.278597, 0.317343, -0.133874, -0.0144094, -0.0507488, -0.401649, -0.398796, 0.180151, 0, 1, 1, 0, 0, 0.261592, 0.0837784, 0.169417, 0.289299, 0.265766, -0.0618185, -0.0981016, 0.348122, 0.0837784, 1
9.32, 2025-06-18__17-38-44.601032, -0.953174, -1.14438, -0.729877, -2.76698, -0.740087, 1.6645, -0.37918, -0.0902175, -0.278768, 0.316867, -0.135836, -0.0145735, -0.0487839, -0.401649, -0.398796, 0.180151, 0, 1, 1, 0, 0, 0.261506, 0.0841488, 0.170041, 0.289487, 0.265846, -0.0621407, -0.0979579, 0.347657, 0.0841488, 1
9.33, 2025-06-18__17-38-44.611033, -0.956971, -1.14292, -0.731542, -2.76711, -0.741469, 1.6671, -0.383285, -0.0916033, -0.278934, 0.316387, -0.136817, -0.0175073, -0.0487326, -0.401649, -0.398796, 0.180151, 0, 1, 1, 0, 0, 0.261437, 0.0844913, 0.170626, 0.289654, 0.265909, -0.0624333, -0.0978259, 0.34724, 0.0844913, 1
9.34, 2025-06-18__17-38-44.621019, -0.961574, -1.14096, -0.733597, -2.76722, -0.743261, 1.67023, -0.387983, -0.0930239, -0.279099, 0.315886, -0.141685, -0.0171079, -0.0485173, -0.401649, -0.398796, 0.180151, 0, 1, 1, 0, 0, 0.261353, 0.0849291, 0.171354, 0.289869, 0.265998, -0.0629158, -0.0976597, 0.346685, 0.0849291, 1
9.35, 2025-06-18__17-38-44.631032, -0.965616, -1.13915, -0.735454, -2.76728, -0.744832, 1.67302, -0.391913, -0.0944121, -0.279258, 0.315394, -0.143019, -0.0156405, -0.0489166, -0.401649, -0.398796, 0.180151, 0, 1, 1, 0, 0, 0.261284, 0.0853289, 0.172004, 0.290072, 0.26609, -0.0638742, -0.0974703, 0.346073, 0.0853289, 1
9.36, 2025-06-18__17-38-44.641032, -0.969569, -1.13721, -0.737322, -2.7673, -0.746389, 1.67582, -0.396096, -0.0957845, -0.279424, 0.314885, -0.135867, -0.0155819, -0.0525623, -0.401649, -0.398796, 0.180151, 0, 1, 1, 0, 0, 0.261227, 0.0857392, 0.172677, 0.290278, 0.266175, -0.064852, -0.0972776, 0.345457, 0.0857392, 1
9.37, 2025-06-18__17-38-44.651029, -0.973555, -1.13521, -0.739126, -2.7673, -0.747917, 1.67864, -0.400709, -0.097166, -0.279589, 0.314392, -0.139077, -0.0151311, -0.0502426, -0.401649, -0.398796, 0.180151, 0, 1, 1, 0, 0, 0.261193, 0.0861578, 0.173372, 0.290481, 0.266246, -0.065866, -0.0970691, 0.344852, 0.0861578, 1
9.38, 2025-06-18__17-38-44.661032, -0.977533, -1.13308, -0.740938, -2.76729, -0.749355, 1.68164, -0.40521, -0.0985238, -0.27977, 0.313892, -0.136326, -0.0175069, -0.0499947, -0.401649, -0.398796, 0.180151, 0, 1, 1, 0, 0, 0.261163, 0.0865974, 0.174071, 0.290706, 0.266343, -0.0668423, -0.0968636, 0.344231, 0.0865974, 1
9.39, 2025-06-18__17-38-44.671032, -0.981525, -1.13092, -0.742815, -2.76728, -0.750695, 1.68486, -0.409264, -0.0998591, -0.279983, 0.313391, -0.134235, -0.0198436, -0.0513403, -0.401649, -0.398796, 0.180151, 0, 1, 1, 0, 0, 0.261128, 0.0870577, 0.174763, 0.290961, 0.266481, -0.0677519, -0.0966655, 0.34359, 0.0870577, 1
9.4, 2025-06-18__17-38-44.681032, -0.985582, -1.12877, -0.744712, -2.76728, -0.752007, 1.68808, -0.41331, -0.101205, -0.280174, 0.312873, -0.1337, -0.0184944, -0.0522439, -0.401649, -0.398796, 0.180151, 0, 1, 1, 0, 0, 0.26109, 0.0875118, 0.17545, 0.291218, 0.266622, -0.0686645, -0.0964586, 0.342945, 0.0875118, 1
9.41, 2025-06-18__17-38-44.691033, -0.989533, -1.12656, -0.746631, -2.76728, -0.753299, 1.69126, -0.417683, -0.102533, -0.280353, 0.312336, -0.128709, -0.0188603, -0.0527054, -0.401649, -0.398796, 0.180151, 0, 1, 1, 0, 0, 0.261051, 0.0879578, 0.176148, 0.291468, 0.266748, -0.0696016, -0.0962488, 0.342294, 0.0879578, 1
9.42, 2025-06-18__17-38-44.701032, -0.993342, -1.12413, -0.748595, -2.76727, -0.754549, 1.69434, -0.422291, -0.103836, -0.280517, 0.311759, -0.129075, -0.0160049, -0.0589894, -0.401649, -0.398796, 0.180151, 0, 1, 1, 0, 0, 0.260993, 0.0883891, 0.176848, 0.291708, 0.266859, -0.0705863, -0.0959247, 0.342119, 0.0883891, 1
9.43, 2025-06-18__17-38-44.711032, -0.997134, -1.1216, -0.750584, -2.76723, -0.755843, 1.69735, -0.42665, -0.105153, -0.280661, 0.311148, -0.132944, -0.0148534, -0.0608948, -0.401649, -0.398796, 0.180151, 0, 1, 1, 0, 0, 0.26093, 0.0888234, 0.177547, 0.291952, 0.266976, -0.0715705, -0.0955692, 0.342058, 0.0888234, 1
9.44, 2025-06-18__17-38-44.721029, -1.00097, -1.11913, -0.752519, -2.76722, -0.757111, 1.70052, -0.430764, -0.106472, -0.280817, 0.310565, -0.130628, -0.0177114, -0.0572538, -0.401649, -0.398796, 0.180151, 0, 1, 1, 0, 0, 0.260872, 0.0892748, 0.178236, 0.292214, 0.26712, -0.07251, -0.0952112, 0.342001, 0.0892748, 1
9.45, 2025-06-18__17-38-44.731032, -1.00483, -1.11676, -0.754433, -2.76723, -0.758374, 1.70393, -0.434983, -0.107766, -0.28101, 0.310009, -0.132751, -0.0177918, -0.0568706, -0.401649, -0.398796, 0.180151, 0, 1, 1, 0, 0, 0.260834, 0.0897583, 0.178943, 0.292498, 0.267286, -0.0734398, -0.0948472, 0.341945, 0.0897583, 1
9.46, 2025-06-18__17-38-44.741032, -1.0087, -1.1142, -0.756405, -2.76722, -0.759695, 1.70735, -0.439482, -0.109095, -0.281202, 0.30943, -0.133281, -0.0205023, -0.0565626, -0.401649, -0.398796, 0.180151, 0, 1, 1, 0, 0, 0.26079, 0.090255, 0.17968, 0.292786, 0.267444, -0.0740527, -0.0945248, 0.341921, 0.090255, 1
9.47, 2025-06-18__17-38-44.751029, -1.01256, -1.11152, -0.75836, -2.76721, -0.760894, 1.71076, -0.443937, -0.110397, -0.281374, 0.308819, -0.131721, -0.0167292, -0.0618868, -0.401649, -0.398796, 0.180151, 0, 1, 1, 0, 0, 0.26073, 0.0907502, 0.180399, 0.293073, 0.267607, -0.074417, -0.0942383, 0.341921, 0.0907502, 1
9.48, 2025-06-18__17-38-44.761032, -1.01639, -1.10877, -0.760262, -2.7672, -0.762029, 1.71417, -0.447922, -0.11168, -0.281535, 0.308197, -0.12703, -0.0156738, -0.0629232, -0.401649, -0.398796, 0.180151, 0, 1, 1, 0, 0, 0.260655, 0.0912479, 0.181088, 0.293369, 0.267788, -0.0747774, -0.0939526, 0.341921, 0.0912479, 1
9.49, 2025-06-18__17-38-44.771033, -1.02015, -1.10597, -0.762259, -2.76714, -0.763118, 1.71758, -0.451832, -0.112967, -0.281696, 0.307571, -0.130445, -0.0168743, -0.0622814, -0.401649, -0.398796, 0.180151, 0, 1, 1, 0, 0, 0.26058, 0.0917586, 0.181786, 0.293671, 0.267975, -0.0751301, -0.0936708, 0.341921, 0.0917586, 1
9.5, 2025-06-18__17-38-44.781032, -1.02392, -1.10328, -0.764279, -2.7671, -0.764138, 1.72112, -0.45606, -0.114239, -0.281868, 0.306961, -0.126234, -0.0193069, -0.0593039, -0.401649, -0.398796, 0.180151, 0, 1, 1, 0, 0, 0.260516, 0.0922849, 0.182497, 0.293981, 0.268165, -0.0754827, -0.0933868, 0.341921, 0.0922849, 1
9.51, 2025-06-18__17-38-44.791033, -1.02767, -1.10042, -0.766171, -2.76708, -0.76516, 1.72493, -0.46056, -0.115462, -0.282084, 0.306355, -0.122799, -0.0216796, -0.0618641, -0.401649, -0.398796, 0.180151, 0, 1, 1, 0, 0, 0.26047, 0.0928562, 0.183236, 0.294315, 0.268374, -0.0758324, -0.0931031, 0.341921, 0.0928562, 1
9.52, 2025-06-18__17-38-44.801032, -1.03139, -1.09732, -0.768087, -2.76706, -0.766179, 1.72879, -0.464895, -0.116696, -0.282303, 0.305713, -0.122447, -0.0216477, -0.0651854, -0.401649, -0.398796, 0.180151, 0, 1, 1, 0, 0, 0.2604, 0.0934388, 0.183972, 0.294658, 0.268596, -0.0761782, -0.0928204, 0.341921, 0.0934388, 1
9.53, 2025-06-18__17-38-44.811032, -1.03512, -1.09416, -0.770072, -2.76699, -0.767186, 1.73255, -0.468806, -0.117948, -0.2825, 0.305049, -0.12667, -0.0179896, -0.066903, -0.401649, -0.398796, 0.180151, 0, 1, 1, 0, 0, 0.260318, 0.0940205, 0.184696, 0.295002, 0.268825, -0.0765239, -0.0925356, 0.341921, 0.0940205, 1
9.54, 2025-06-18__17-38-44.821028, -1.0389, -1.0912, -0.772084, -2.76689, -0.76821, 1.73621, -0.472665, -0.11925, -0.282673, 0.304414, -0.130235, -0.0158937, -0.0631496, -0.401649, -0.398796, 0.180151, 0, 1, 1, 0, 0, 0.260253, 0.094602, 0.185421, 0.295343, 0.269048, -0.0768732, -0.0922457, 0.341921, 0.094602, 1
9.55, 2025-06-18__17-38-44.831032, -1.04261, -1.08831, -0.774108, -2.7668, -0.76921, 1.73983, -0.476939, -0.120537, -0.282823, 0.303786, -0.128732, -0.0163878, -0.063118, -0.401649, -0.398796, 0.180151, 0, 1, 1, 0, 0, 0.260196, 0.0951832, 0.186158, 0.295678, 0.269257, -0.0772149, -0.0919598, 0.341921, 0.0951832, 1
9.56, 2025-06-18__17-38-44.841032, -1.04614, -1.08514, -0.776215, -2.7667, -0.770189, 1.7436, -0.481313, -0.12178, -0.28301, 0.303111, -0.123, -0.02059, -0.0689719, -0.401649, -0.398796, 0.180151, 0, 1, 1, 0, 0, 0.260125, 0.0957915, 0.186917, 0.296029, 0.269479, -0.077539, -0.0916867, 0.341921, 0.0957915, 1
9.57, 2025-06-18__17-38-44.851030, -1.04956, -1.0818, -0.778449, -2.76656, -0.771209, 1.74737, -0.485211, -0.123022, -0.283205, 0.302382, -0.126836, -0.018912, -0.0739071, -0.401649, -0.398796, 0.180151, 0, 1, 1, 0, 0, 0.260035, 0.0964108, 0.187673, 0.296391, 0.269718, -0.0778521, -0.091421, 0.341921, 0.0964108, 1
9.58, 2025-06-18__17-38-44.861033, -1.05293, -1.0786, -0.780625, -2.7664, -0.77227, 1.75112, -0.488787, -0.12427, -0.283398, 0.301683, -0.124381, -0.0211594, -0.0662281, -0.401649, -0.398796, 0.180151, 0, 1, 1, 0, 0, 0.259967, 0.0970387, 0.188422, 0.296757, 0.269959, -0.0781598, -0.0911581, 0.341921, 0.0970387, 1
9.59, 2025-06-18__17-38-44.871032, -1.05635, -1.07559, -0.782741, -2.76625, -0.773297, 1.75485, -0.492466, -0.125511, -0.283587, 0.301037, -0.124856, -0.0187221, -0.0647175, -0.401649, -0.398796, 0.180151, 0, 1, 1, 0, 0, 0.259922, 0.0976663, 0.189166, 0.297122, 0.270189, -0.0784711, -0.0908903, 0.341921, 0.0976663, 1
9.6, 2025-06-18__17-38-44.881032, -1.05971, -1.07236, -0.784972, -2.76608, -0.774468, 1.75852, -0.496372, -0.126794, -0.283755, 0.300339, -0.129137, -0.0173641, -0.0707025, -0.401649, -0.398796, 0.180151, 0, 1, 1, 0, 0, 0.259862, 0.0983068, 0.189943, 0.297487, 0.270405, -0.078776, -0.0906261, 0.341921, 0.0983068, 1
9.61, 2025-06-18__17-38-44.891031, -1.06294, -1.06882, -0.787312, -2.76586, -0.77575, 1.76231, -0.500463, -0.128091, -0.283954, 0.299584, -0.128024, -0.0210997, -0.0740634, -0.401649, -0.398796, 0.180151, 0, 1, 1, 0, 0, 0.259814, 0.0989146, 0.190691, 0.297833, 0.270606, -0.0790385, -0.0903973, 0.341921, 0.0989146, 1
9.62, 2025-06-18__17-38-44.901032, -1.06614, -1.06549, -0.789731, -2.7656, -0.777081, 1.76625, -0.50424, -0.129402, -0.284185, 0.298858, -0.132547, -0.0246145, -0.0697359, -0.401649, -0.398796, 0.180151, 0, 1, 1, 0, 0, 0.259785, 0.0996088, 0.191537, 0.298239, 0.270854, -0.0793283, -0.0901431, 0.341921, 0.0996088, 1
9.63, 2025-06-18__17-38-44.911018, -1.06931, -1.06245, -0.79214, -2.76535, -0.778565, 1.77007, -0.507721, -0.130736, -0.284402, 0.298189, -0.135169, -0.0210002, -0.067797, -0.401649, -0.398796, 0.180151, 0, 1, 1, 0, 0, 0.259778, 0.100285, 0.192371, 0.298639, 0.271103, -0.0796145, -0.0898904, 0.341921, 0.100285, 1
9.64, 2025-06-18__17-38-44.921016, -1.07231, -1.05927, -0.794552, -2.76506, -0.780231, 1.77372, -0.511149, -0.132086, -0.284615, 0.297501, -0.136296, -0.0206947, -0.0695247, -0.401649, -0.398796, 0.180151, 0, 1, 1, 0, 0, 0.259777, 0.100958, 0.193226, 0.299036, 0.271342, -0.0798847, -0.0896503, 0.341921, 0.100958, 1
9.65, 2025-06-18__17-38-44.931017, -1.07517, -1.0558, -0.796952, -2.76476, -0.782028, 1.77739, -0.514786, -0.133442, -0.284832, 0.296771, -0.135772, -0.0213943, -0.0750478, -0.401649, -0.398796, 0.180151, 0, 1, 1, 0, 0, 0.259779, 0.10164, 0.19411, 0.299437, 0.271576, -0.0801435, -0.0894191, 0.341921, 0.10164, 1
9.66, 2025-06-18__17-38-44.941032, -1.07801, -1.0524, -0.79952, -2.76445, -0.783816, 1.78121, -0.518565, -0.134788, -0.285068, 0.296016, -0.134945, -0.0236636, -0.0738884, -0.401649, -0.398796, 0.180151, 0, 1, 1, 0, 0, 0.259779, 0.102336, 0.195018, 0.299856, 0.271822, -0.0803962, -0.0891919, 0.341921, 0.102336, 1
9.67, 2025-06-18__17-38-44.951019, -1.08087, -1.04926, -0.802294, -2.76413, -0.785605, 1.78506, -0.522214, -0.136167, -0.285294, 0.295279, -0.139661, -0.0206215, -0.0737841, -0.401649, -0.398796, 0.180151, 0, 1, 1, 0, 0, 0.25979, 0.103038, 0.195936, 0.30028, 0.272075, -0.0806492, -0.0889632, 0.341921, 0.103038, 1
9.68, 2025-06-18__17-38-44.961021, -1.08358, -1.04597, -0.805208, -2.76373, -0.78745, 1.78886, -0.525429, -0.137572, -0.285517, 0.294511, -0.139874, -0.0230114, -0.0775872, -0.401649, -0.398796, 0.180151, 0, 1, 1, 0, 0, 0.259793, 0.103757, 0.196861, 0.300713, 0.272341, -0.0808935, -0.0887411, 0.341921, 0.103757, 1
9.69, 2025-06-18__17-38-44.971021, -1.08617, -1.04237, -0.808088, -2.76325, -0.789358, 1.79264, -0.528483, -0.138982, -0.285753, 0.293708, -0.14155, -0.0228246, -0.0778307, -0.401649, -0.398796, 0.180151, 0, 1, 1, 0, 0, 0.259802, 0.104503, 0.197806, 0.301152, 0.27261, -0.0811231, -0.0885313, 0.341921, 0.104503, 1
9.7, 2025-06-18__17-38-44.981017, -1.08872, -1.03891, -0.810918, -2.76277, -0.79122, 1.79643, -0.531786, -0.140375, -0.285998, 0.292947, -0.140643, -0.0252733, -0.0721692, -0.401649, -0.398796, 0.180151, 0, 1, 1, 0, 0, 0.259846, 0.105264, 0.198763, 0.301596, 0.272876, -0.0813495, -0.0883233, 0.341921, 0.105264, 1
9.71, 2025-06-18__17-38-44.991022, -1.09132, -1.03577, -0.813829, -2.76228, -0.7931, 1.80028, -0.535431, -0.141788, -0.286237, 0.292231, -0.141692, -0.0238178, -0.0720812, -0.401649, -0.398796, 0.180151, 0, 1, 1, 0, 0, 0.259927, 0.106038, 0.199746, 0.302044, 0.273135, -0.081578, -0.0881123, 0.341921, 0.106038, 1
9.72, 2025-06-18__17-38-45.001018, -1.0937, -1.03244, -0.817004, -2.76167, -0.795073, 1.80421, -0.539231, -0.143223, -0.286509, 0.291476, -0.145293, -0.0274426, -0.0769847, -0.401649, -0.398796, 0.180151, 0, 1, 1, 0, 0, 0.260024, 0.106861, 0.200793, 0.302515, 0.273404, -0.0817901, -0.0879155, 0.341921, 0.106861, 1
9.73, 2025-06-18__17-38-45.011017, -1.09582, -1.02879, -0.820265, -2.76097, -0.797035, 1.80814, -0.542776, -0.144642, -0.286815, 0.290681, -0.139538, -0.0313622, -0.0805065, -0.401649, -0.398796, 0.180151, 0, 1, 1, 0, 0, 0.26013, 0.107721, 0.201871, 0.303001, 0.27368, -0.0820337, -0.0877238, 0.34176, 0.107721, 1
9.74, 2025-06-18__17-38-45.021017, -1.09788, -1.02525, -0.823454, -2.76025, -0.799027, 1.81202, -0.545836, -0.146047, -0.287124, 0.289905, -0.14024, -0.0308906, -0.0750916, -0.401649, -0.398796, 0.180151, 0, 1, 1, 0, 0, 0.260241, 0.108575, 0.202928, 0.303485, 0.273966, -0.0825336, -0.0874635, 0.340817, 0.108575, 1
9.75, 2025-06-18__17-38-45.031017, -1.1, -1.02196, -0.826663, -2.75953, -0.801032, 1.81571, -0.548751, -0.147481, -0.287385, 0.289169, -0.145886, -0.0247256, -0.073791, -0.401649, -0.398796, 0.180151, 0, 1, 1, 0, 0, 0.260361, 0.109397, 0.203958, 0.303952, 0.274241, -0.0830294, -0.0871985, 0.339903, 0.109397, 1
9.76, 2025-06-18__17-38-45.041016, -1.10192, -1.01844, -0.830133, -2.75869, -0.803069, 1.81941, -0.551903, -0.148943, -0.287652, 0.288381, -0.149906, -0.0280729, -0.0795962, -0.401649, -0.398796, 0.180151, 0, 1, 1, 0, 0, 0.260492, 0.110245, 0.205042, 0.304432, 0.274511, -0.0835275, -0.0869408, 0.338936, 0.110245, 1
9.77, 2025-06-18__17-38-45.051016, -1.10363, -1.01464, -0.833903, -2.75771, -0.805111, 1.82331, -0.555479, -0.150426, -0.287967, 0.287524, -0.147602, -0.0340427, -0.0814539, -0.401649, -0.398796, 0.180151, 0, 1, 1, 0, 0, 0.260646, 0.111157, 0.20622, 0.304946, 0.274791, -0.0840316, -0.0866923, 0.337893, 0.111157, 1
9.78, 2025-06-18__17-38-45.061018, -1.10525, -1.01108, -0.837741, -2.75668, -0.80709, 1.82721, -0.559162, -0.151903, -0.288308, 0.286719, -0.148797, -0.0336123, -0.0774744, -0.401649, -0.398796, 0.180151, 0, 1, 1, 0, 0, 0.260851, 0.112088, 0.207429, 0.305473, 0.275071, -0.084518, -0.0864545, 0.33687, 0.112088, 1
9.79, 2025-06-18__17-38-45.071017, -1.10702, -1.00771, -0.841492, -2.75568, -0.809016, 1.83101, -0.562482, -0.153393, -0.288593, 0.285938, -0.148519, -0.0282109, -0.077614, -0.401649, -0.398796, 0.180151, 0, 1, 1, 0, 0, 0.261041, 0.112975, 0.208583, 0.305982, 0.27535, -0.0850073, -0.0862055, 0.335875, 0.112975, 1
9.8, 2025-06-18__17-38-45.081032, -1.10858, -1.00408, -0.845353, -2.75457, -0.810954, 1.83486, -0.565416, -0.154891, -0.288908, 0.285139, -0.151348, -0.0347184, -0.0806655, -0.401649, -0.398796, 0.180151, 0, 1, 1, 0, 0, 0.261243, 0.113888, 0.209758, 0.306506, 0.275645, -0.0854851, -0.0859678, 0.334872, 0.113888, 1
9.81, 2025-06-18__17-38-45.091020, -1.10988, -1.0003, -0.849414, -2.75332, -0.812978, 1.83879, -0.56834, -0.1564, -0.289271, 0.284311, -0.152785, -0.0353955, -0.0822717, -0.401649, -0.398796, 0.180151, 0, 1, 1, 0, 0, 0.261472, 0.114844, 0.210993, 0.307052, 0.275948, -0.085951, -0.0857496, 0.333828, 0.114844, 1
9.82, 2025-06-18__17-38-45.101021, -1.11122, -0.996749, -0.85361, -2.7521, -0.815126, 1.84284, -0.571434, -0.15795, -0.289643, 0.283503, -0.159908, -0.0332677, -0.0844212, -0.401649, -0.398796, 0.180151, 0, 1, 1, 0, 0, 0.26173, 0.115822, 0.212268, 0.307616, 0.27626, -0.0864259, -0.0855258, 0.332765, 0.115822, 1
9.83, 2025-06-18__17-38-45.111032, -1.11246, -0.993142, -0.857903, -2.75085, -0.817431, 1.84682, -0.574757, -0.159522, -0.29, 0.282663, -0.159136, -0.0379117, -0.0827843, -0.401649, -0.398796, 0.180151, 0, 1, 1, 0, 0, 0.26199, 0.116806, 0.213572, 0.308183, 0.276566, -0.0869072, -0.0853042, 0.331658, 0.116806, 1
9.84, 2025-06-18__17-38-45.121018, -1.11341, -0.989285, -0.862381, -2.74942, -0.819916, 1.85071, -0.578229, -0.161144, -0.290382, 0.281796, -0.160715, -0.0371951, -0.0850858, -0.401649, -0.398796, 0.180151, 0, 1, 1, 0, 0, 0.262298, 0.117838, 0.214957, 0.308765, 0.276859, -0.0873783, -0.0851017, 0.33051, 0.117838, 1
9.85, 2025-06-18__17-38-45.131033, -1.1143, -0.985506, -0.866886, -2.74794, -0.822477, 1.85451, -0.581496, -0.162799, -0.290758, 0.28094, -0.164154, -0.0341421, -0.0866011, -0.401649, -0.398796, 0.180151, 0, 1, 1, 0, 0, 0.262627, 0.118878, 0.21636, 0.309351, 0.27715, -0.0878352, -0.084907, 0.329385, 0.118878, 1
9.86, 2025-06-18__17-38-45.141033, -1.11516, -0.981895, -0.87146, -2.74643, -0.825101, 1.85838, -0.58441, -0.164472, -0.291137, 0.280111, -0.165968, -0.039441, -0.0821233, -0.401649, -0.398796, 0.180151, 0, 1, 1, 0, 0, 0.26297, 0.119925, 0.217755, 0.30994, 0.277451, -0.0879091, -0.0848306, 0.329385, 0.119925, 1
9.87, 2025-06-18__17-38-45.151029, -1.11587, -0.978075, -0.876153, -2.74477, -0.827774, 1.86248, -0.587256, -0.166179, -0.29159, 0.279299, -0.171937, -0.0453411, -0.0825973, -0.401649, -0.398796, 0.180151, 0, 1, 1, 0, 0, 0.263375, 0.121054, 0.219218, 0.310569, 0.277777, -0.087971, -0.0847664, 0.329385, 0.121054, 1
9.88, 2025-06-18__17-38-45.161021, -1.11645, -0.974037, -0.880983, -2.74305, -0.830434, 1.86658, -0.590243, -0.167903, -0.292041, 0.27843, -0.172864, -0.0422527, -0.0883443, -0.401649, -0.398796, 0.180151, 0, 1, 1, 0, 0, 0.263783, 0.122214, 0.22071, 0.311209, 0.278101, -0.088021, -0.0847145, 0.329385, 0.122214, 1
9.89, 2025-06-18__17-38-45.171017, -1.11692, -0.970129, -0.886042, -2.74124, -0.833161, 1.87054, -0.593499, -0.169661, -0.29246, 0.277536, -0.177813, -0.0405825, -0.0924652, -0.401649, -0.398796, 0.180151, 0, 1, 0, 0, 0, 0.264202, 0.123388, 0.222227, 0.311848, 0.27841, -0.0880616, -0.0846722, 0.329385, 0.123388, 1
9.9, 2025-06-18__17-38-45.181016, -1.11723, -0.966242, -0.891356, -2.7393, -0.835984, 1.87446, -0.596847, -0.171488, -0.292892, 0.276646, -0.18163, -0.0427149, -0.0916771, -0.401649, -0.398796, 0.180151, 0, 1, 0, 0, 0, 0.264677, 0.124622, 0.223811, 0.312506, 0.278713, -0.0882311, -0.0845657, 0.329517, 0.124622, 1
9.91, 2025-06-18__17-38-45.191018, -1.11735, -0.962046, -0.89669, -2.73736, -0.838946, 1.87851, -0.600072, -0.1733, -0.29334, 0.275694, -0.179366, -0.0486515, -0.0928329, -0.401649, -0.398796, 0.180151, 0, 1, 0, 0, 0, 0.265139, 0.125881, 0.225404, 0.313176, 0.279025, -0.0885411, -0.0843908, 0.329796, 0.125881, 1
9.92, 2025-06-18__17-38-45.201017, -1.11738, -0.958022, -0.902131, -2.7353, -0.841917, 1.88281, -0.602898, -0.17513, -0.293862, 0.274795, -0.183525, -0.053312, -0.0873879, -0.401649, -0.398796, 0.180151, 0, 1, 0, 0, 0, 0.265657, 0.127201, 0.22703, 0.313879, 0.279371, -0.0888386, -0.0842264, 0.330071, 0.127201, 1
9.93, 2025-06-18__17-38-45.211017, -1.11739, -0.954167, -0.907773, -2.73321, -0.844875, 1.88705, -0.60547, -0.176997, -0.294365, 0.273911, -0.186492, -0.0457272, -0.0938734, -0.401649, -0.398796, 0.180151, 0, 1, 0, 0, 0, 0.266183, 0.128527, 0.228651, 0.314581, 0.279717, -0.0895089, -0.0838594, 0.330696, 0.128527, 1
9.94, 2025-06-18__17-38-45.221018, -1.11724, -0.94993, -0.913606, -2.73098, -0.847898, 1.89117, -0.60816, -0.17892, -0.294826, 0.272926, -0.19504, -0.0460878, -0.0983854, -0.401649, -0.398796, 0.180151, 0, 1, 0, 0, 0, 0.26669, 0.129862, 0.2303, 0.315287, 0.280052, -0.0910158, -0.0830412, 0.332113, 0.129862, 1
9.95, 2025-06-18__17-38-45.231018, -1.11695, -0.945641, -0.91958, -2.72856, -0.850885, 1.89528, -0.611162, -0.180905, -0.295312, 0.27196, -0.201811, -0.0488191, -0.0955063, -0.401649, -0.398796, 0.180151, 0, 1, 0, 0, 0, 0.267273, 0.131249, 0.232025, 0.316018, 0.28038, -0.0925998, -0.0821885, 0.333614, 0.131249, 1
9.96, 2025-06-18__17-38-45.241017, -1.11661, -0.941447, -0.925674, -2.72612, -0.853923, 1.89955, -0.614455, -0.182907, -0.295813, 0.271006, -0.203356, -0.0524064, -0.0931095, -0.401649, -0.398796, 0.180151, 0, 1, 0, 0, 0, 0.267889, 0.132655, 0.233784, 0.31677, 0.280713, -0.0942494, -0.0813042, 0.33518, 0.132655, 1
9.97, 2025-06-18__17-38-45.251017, -1.11623, -0.937014, -0.931894, -2.72359, -0.857074, 1.904, -0.61794, -0.184971, -0.296334, 0.270021, -0.208695, -0.0492603, -0.100478, -0.401649, -0.398796, 0.180151, 0, 1, 0, 0, 0, 0.268539, 0.134107, 0.2356, 0.317557, 0.281062, -0.0955175, -0.0806315, 0.336392, 0.134107, 1
9.98, 2025-06-18__17-38-45.261017, -1.11575, -0.932481, -0.938224, -2.72098, -0.86051, 1.90841, -0.621208, -0.187126, -0.296847, 0.269012, -0.215827, -0.0513941, -0.099292, -0.401649, -0.398796, 0.180151, 0, 1, 0, 0, 0, 0.269218, 0.135601, 0.237457, 0.31836, 0.281412, -0.0954804, -0.0806754, 0.336392, 0.135601, 1
9.99, 2025-06-18__17-38-45.271032, -1.1152, -0.928134, -0.944879, -2.7182, -0.864014, 1.91276, -0.624091, -0.189372, -0.29734, 0.268008, -0.226157, -0.0477301, -0.100261, -0.401649, -0.398796, 0.180151, 0, 1, 0, 0, 0, 0.269921, 0.137122, 0.239335, 0.319169, 0.281761, -0.0954368, -0.080727, 0.336392, 0.137122, 1
10, 2025-06-18__17-38-45.281032, -1.11443, -0.923473, -0.951685, -2.71523, -0.867529, 1.91714, -0.626874, -0.191441, -0.297799, 0.267083, -0.231235, -0.0492226, -0.107131, -0.401649, -0.398796, 0.180151, 0, 1, 0, 0, 0, 0.270589, 0.138541, 0.241066, 0.319914, 0.282074, -0.0953827, -0.0807909, 0.336392, 0.138541, 1
10.01, 2025-06-18__17-38-45.291033, -1.11358, -0.918738, -0.95866, -2.71218, -0.871031, 1.92186, -0.62993, -0.19401, -0.298422, 0.265942, -0.236372, -0.0560461, -0.102916, -0.401649, -0.398796, 0.180151, 0, 1, 0, 0, 0, 0.271467, 0.140365, 0.24325, 0.320876, 0.282481, -0.0953075, -0.0808796, 0.336392, 0.140365, 1
10.02, 2025-06-18__17-38-45.301021, -1.11263, -0.913977, -0.965758, -2.70909, -0.874616, 1.92653, -0.633467, -0.196374, -0.298966, 0.264878, -0.240695, -0.0527523, -0.109473, -0.401649, -0.398796, 0.180151, 0, 1, 0, 0, 0, 0.272295, 0.142064, 0.245272, 0.321768, 0.282839, -0.0952323, -0.0809682, 0.336392, 0.142064, 1
10.03, 2025-06-18__17-38-45.311020, -1.11138, -0.90903, -0.973171, -2.70579, -0.878295, 1.93099, -0.637149, -0.198815, -0.299478, 0.263747, -0.247693, -0.0485864, -0.116575, -0.401649, -0.398796, 0.180151, 0, 1, 0, 0, 0, 0.273156, 0.143818, 0.247359, 0.322668, 0.283172, -0.0951334, -0.0810843, 0.336392, 0.143818, 1
10.04, 2025-06-18__17-38-45.321019, -1.10984, -0.904194, -0.980705, -2.70222, -0.881962, 1.93547, -0.640609, -0.20131, -0.300064, 0.262696, -0.249603, -0.0585433, -0.103463, -0.401649, -0.398796, 0.180151, 0, 1, 0, 0, 0, 0.27414, 0.145661, 0.249527, 0.323598, 0.283502, -0.0950109, -0.0812278, 0.336392, 0.145661, 1
10.05, 2025-06-18__17-38-45.331018, -1.10821, -0.899401, -0.988518, -2.69856, -0.885578, 1.94022, -0.643729, -0.20383, -0.300683, 0.261639, -0.2562, -0.0615982, -0.107341, -0.401649, -0.398796, 0.180151, 0, 1, 0, 0, 0, 0.275142, 0.14754, 0.251717, 0.324554, 0.283858, -0.0948791, -0.0813817, 0.336392, 0.14754, 1
10.06, 2025-06-18__17-38-45.341023, -1.10635, -0.89425, -0.996682, -2.69472, -0.889077, 1.94502, -0.646886, -0.205898, -0.301166, 0.260717, -0.257304, -0.061009, -0.112871, -0.401649, -0.398796, 0.180151, 0, 1, 0, 0, 0, 0.275952, 0.149089, 0.253512, 0.325336, 0.284143, -0.0947602, -0.0815201, 0.336392, 0.149089, 1
10.07, 2025-06-18__17-38-45.351019, -1.10428, -0.889147, -1.00509, -2.69057, -0.892576, 1.94972, -0.650324, -0.209112, -0.301899, 0.259358, -0.272145, -0.0637931, -0.109436, -0.401649, -0.398796, 0.180151, 0, 1, 0, 0, 0, 0.27728, 0.151506, 0.256306, 0.326544, 0.284556, -0.0956299, -0.0808454, 0.332672, 0.151506, 1
10.08, 2025-06-18__17-38-45.361023, -1.10186, -0.883889, -1.01373, -2.68631, -0.896113, 1.95454, -0.654169, -0.211808, -0.302551, 0.258196, -0.273741, -0.0626399, -0.118539, -0.401649, -0.398796, 0.180151, 0, 1, 0, 0, 0, 0.278588, 0.153791, 0.258967, 0.327696, 0.284935, -0.0969697, -0.079789, 0.32727, 0.153791, 1
10.09, 2025-06-18__17-38-45.371023, -1.09935, -0.87847, -1.02261, -2.68197, -0.899843, 1.95964, -0.658252, -0.214596, -0.303229, 0.257, -0.280765, -0.0663675, -0.123322, -0.401649, -0.398796, 0.180151, 0, 1, 0, 0, 0, 0.279705, 0.155712, 0.261211, 0.328681, 0.285262, -0.0973631, -0.0795263, 0.32528, 0.155712, 1
10.1, 2025-06-18__17-38-45.381018, -1.09651, -0.873095, -1.03176, -2.67732, -0.903603, 1.96481, -0.662129, -0.217462, -0.303968, 0.255835, -0.287159, -0.0743398, -0.119853, -0.401649, -0.398796, 0.180151, 0, 1, 0, 0, 0, 0.281052, 0.157943, 0.263764, 0.329814, 0.285638, -0.0971401, -0.0797986, 0.32528, 0.157943, 1
10.11, 2025-06-18__17-38-45.391023, -1.09326, -0.867488, -1.04115, -2.67244, -0.907318, 1.97006, -0.665874, -0.220359, -0.304768, 0.254653, -0.291602, -0.0785488, -0.118233, -0.401649, -0.398796, 0.180151, 0, 1, 0, 0, 0, 0.282451, 0.16026, 0.266356, 0.33098, 0.286021, -0.0968826, -0.080111, 0.32528, 0.16026, 1
10.12, 2025-06-18__17-38-45.401021, -1.08983, -0.861718, -1.05085, -2.66741, -0.910899, 1.9753, -0.669871, -0.223323, -0.305527, 0.253402, -0.302107, -0.0730216, -0.125013, -0.401649, -0.398796, 0.180151, 0, 1, 0, 0, 0, 0.283846, 0.162624, 0.268956, 0.332165, 0.2864, -0.0966105, -0.080439, 0.32528, 0.162624, 1
10.13, 2025-06-18__17-38-45.411023, -1.08596, -0.855688, -1.06085, -2.66202, -0.914485, 1.98077, -0.674234, -0.226365, -0.306385, 0.252165, -0.304003, -0.0871497, -0.125059, -0.401649, -0.398796, 0.180151, 0, 1, 0, 0, 0, 0.285357, 0.165113, 0.271653, 0.333417, 0.286792, -0.0963017, -0.0808084, 0.32528, 0.165113, 1
10.14, 2025-06-18__17-38-45.421019, -1.08177, -0.849757, -1.07122, -2.65658, -0.918113, 1.98636, -0.678779, -0.22942, -0.307265, 0.250872, -0.307946, -0.0843257, -0.129287, -0.401649, -0.398796, 0.180151, 0, 1, 0, 0, 0, 0.286869, 0.167644, 0.274356, 0.334702, 0.287193, -0.096344, -0.0809075, 0.32543, 0.167644, 1
10.15, 2025-06-18__17-38-45.431018, -1.07734, -0.84371, -1.08193, -2.65079, -0.921672, 1.99186, -0.683034, -0.232604, -0.308129, 0.24956, -0.324495, -0.088879, -0.126697, -0.401649, -0.398796, 0.180151, 0, 1, 0, 0, 0, 0.288416, 0.170217, 0.277068, 0.336012, 0.287594, -0.0981724, -0.0796095, 0.326286, 0.170217, 1
10.16, 2025-06-18__17-38-45.441021, -1.07263, -0.83751, -1.09286, -2.64468, -0.925047, 1.99756, -0.687204, -0.235886, -0.309047, 0.248279, -0.327157, -0.0946572, -0.12595, -0.401649, -0.398796, 0.180151, 0, 1, 0, 0, 0, 0.290049, 0.17284, 0.279804, 0.337365, 0.288009, -0.102783, -0.0761792, 0.328231, 0.17284, 1
10.17, 2025-06-18__17-38-45.451017, -1.06754, -0.831096, -1.10419, -2.63835, -0.92827, 2.00355, -0.691754, -0.239217, -0.310022, 0.246965, -0.334086, -0.099851, -0.129079, -0.401649, -0.398796, 0.180151, 0, 1, 0, 0, 0, 0.29173, 0.175517, 0.282568, 0.338777, 0.288444, -0.102399, -0.0766953, 0.328231, 0.175517, 1
10.18, 2025-06-18__17-38-45.461021, -1.06188, -0.824604, -1.11585, -2.63171, -0.931386, 2.00943, -0.696601, -0.242579, -0.311067, 0.245636, -0.33534, -0.102222, -0.136024, -0.401649, -0.398796, 0.180151, 0, 1, 0, 0, 0, 0.293487, 0.178286, 0.28541, 0.340233, 0.288873, -0.101965, -0.0772706, 0.328231, 0.178286, 1
10.19, 2025-06-18__17-38-45.471022, -1.05586, -0.818107, -1.12794, -2.62488, -0.934455, 2.01527, -0.701353, -0.245997, -0.312074, 0.244231, -0.348208, -0.0991955, -0.140344, -0.401649, -0.398796, 0.180151, 0, 1, 0, 0, 0, 0.295218, 0.18111, 0.28827, 0.3417, 0.289298, -0.101502, -0.0778789, 0.328231, 0.18111, 1
10.2, 2025-06-18__17-38-45.481018, -1.04937, -0.811292, -1.14032, -2.61767, -0.937631, 2.02129, -0.705767, -0.249533, -0.313178, 0.242851, -0.357008, -0.108165, -0.139798, -0.401649, -0.398796, 0.180151, 0, 1, 0, 0, 0, 0.297061, 0.184091, 0.291214, 0.343202, 0.28974, -0.100996, -0.078533, 0.328231, 0.184091, 1
10.21, 2025-06-18__17-38-45.491021, -1.04262, -0.804442, -1.15319, -2.6101, -0.940823, 2.02738, -0.710477, -0.253293, -0.314254, 0.241454, -0.373451, -0.108394, -0.141997, -0.401649, -0.398796, 0.180151, 0, 1, 0, 0, 0, 0.298992, 0.187234, 0.294263, 0.344739, 0.290186, -0.10047, -0.0792059, 0.328231, 0.187234, 1
10.22, 2025-06-18__17-38-45.501020, -1.03508, -0.797518, -1.1662, -2.60246, -0.943802, 2.03343, -0.7157, -0.256889, -0.315458, 0.240031, -0.358169, -0.12808, -0.136057, -0.401649, -0.398796, 0.180151, 0, 1, 0, 0, 0, 0.300944, 0.190458, 0.297317, 0.346298, 0.290628, -0.0998735, -0.0799562, 0.328231, 0.190458, 1
10.23, 2025-06-18__17-38-45.511023, -1.02721, -0.790753, -1.17972, -2.59446, -0.946559, 2.03975, -0.720818, -0.260573, -0.316705, 0.238603, -0.364521, -0.13204, -0.141991, -0.401649, -0.398796, 0.180151, 0, 1, 0, 0, 0, 0.302943, 0.193805, 0.300399, 0.347907, 0.291088, -0.0992411, -0.0807397, 0.328231, 0.193805, 1
10.24, 2025-06-18__17-38-45.521026, -1.01894, -0.783741, -1.19373, -2.58596, -0.949151, 2.04597, -0.725653, -0.264465, -0.317946, 0.237179, -0.393149, -0.122378, -0.143958, -0.401649, -0.398796, 0.180151, 0, 1, 0, 0, 0, 0.305034, 0.197309, 0.303549, 0.349561, 0.29155, -0.0985749, -0.0815517, 0.328231, 0.197309, 1
10.25, 2025-06-18__17-38-45.531017, -1.01006, -0.77672, -1.2081, -2.57732, -0.951542, 2.05211, -0.730671, -0.268384, -0.319189, 0.235691, -0.377205, -0.12463, -0.15523, -0.401649, -0.398796, 0.180151, 0, 1, 0, 0, 0, 0.307125, 0.200906, 0.306717, 0.351237, 0.292004, -0.0978559, -0.0824131, 0.328231, 0.200906, 1
10.26, 2025-06-18__17-38-45.541021, -1.00063, -0.769662, -1.22274, -2.56844, -0.95375, 2.05838, -0.736069, -0.272217, -0.320561, 0.234214, -0.3941, -0.135202, -0.146329, -0.401649, -0.398796, 0.180151, 0, 1, 0, 0, 0, 0.309277, 0.204617, 0.309901, 0.35295, 0.292464, -0.0973762, -0.0829977, 0.328009, 0.204617, 1
10.27, 2025-06-18__17-38-45.551016, -0.990917, -0.762674, -1.23789, -2.55908, -0.95585, 2.0647, -0.741335, -0.27633, -0.321899, 0.232769, -0.412497, -0.136155, -0.146231, -0.401649, -0.398796, 0.180151, 0, 1, 0, 0, 0, 0.311539, 0.208442, 0.313126, 0.354691, 0.292934, -0.0997242, -0.080503, 0.32574, 0.208442, 1
10.28, 2025-06-18__17-38-45.561021, -0.980358, -0.755687, -1.25337, -2.54963, -0.957681, 2.07083, -0.746411, -0.280315, -0.323315, 0.231258, -0.391889, -0.144431, -0.154469, -0.401649, -0.398796, 0.180151, 0, 1, 0, 0, 0, 0.313765, 0.212183, 0.316307, 0.356374, 0.293392, -0.101571, -0.0786723, 0.323819, 0.212183, 1
10.29, 2025-06-18__17-38-45.571019, -0.969229, -0.74869, -1.26921, -2.53987, -0.959292, 2.07702, -0.751729, -0.284326, -0.324806, 0.229752, -0.412106, -0.142054, -0.155407, -0.401649, -0.398796, 0.180151, 0, 1, 0, 0, 0, 0.316059, 0.216017, 0.31953, 0.358045, 0.293855, -0.100693, -0.0797928, 0.323819, 0.216017, 1
10.3, 2025-06-18__17-38-45.581018, -0.957815, -0.741968, -1.28549, -2.5297, -0.96063, 2.08322, -0.757264, -0.288499, -0.326291, 0.22827, -0.41319, -0.149251, -0.150288, -0.401649, -0.398796, 0.180151, 0, 0, 0, 0, 0, 0.318435, 0.220013, 0.32281, 0.359707, 0.294323, -0.0997782, -0.080934, 0.323819, 0.220013, 0
10.31, 2025-06-18__17-38-45.591021, -0.945671, -0.735295, -1.30195, -2.51951, -0.961712, 2.0891, -0.762543, -0.292521, -0.32784, 0.226763, -0.410235, -0.145831, -0.15466, -0.401649, -0.398796, 0.180151, 0, 0, 0, 0, 0, 0.320774, 0.223977, 0.326021, 0.361288, 0.29477, -0.10215, -0.0795402, 0.333947, 0.223977, 0
10.32, 2025-06-18__17-38-45.601017, -0.933118, -0.728782, -1.31881, -2.50893, -0.962506, 2.09481, -0.76775, -0.296659, -0.329358, 0.225251, -0.411923, -0.16673, -0.138215, -0.401649, -0.398796, 0.180151, 0, 0, 0, 0, 0, 0.32315, 0.228034, 0.329231, 0.362819, 0.295203, -0.101148, -0.0808101, 0.333947, 0.228034, 0
10.33, 2025-06-18__17-38-45.611022, -0.919926, -0.72244, -1.33599, -2.49816, -0.962986, 2.10061, -0.773235, -0.30076, -0.331003, 0.223769, -0.411332, -0.154091, -0.156437, -0.401649, -0.398796, 0.180151, 0, 0, 0, 0, 0, 0.325596, 0.232207, 0.332423, 0.364326, 0.295647, -0.101462, -0.0803076, 0.331674, 0.232207, 0
10.34, 2025-06-18__17-38-45.621018, -0.90631, -0.716392, -1.35345, -2.48728, -0.963233, 2.10615, -0.778777, -0.304794, -0.332636, 0.222235, -0.407433, -0.163152, -0.149539, -0.401649, -0.398796, 0.180151, 0, 0, 0, 0, 0, 0.327991, 0.236306, 0.335534, 0.365758, 0.296076, -0.10211, -0.0794382, 0.328849, 0.236306, 0
10.35, 2025-06-18__17-38-45.631018, -0.89222, -0.710382, -1.37118, -2.47613, -0.963307, 2.11161, -0.783915, -0.308899, -0.334296, 0.22073, -0.412245, -0.163351, -0.152914, -0.401649, -0.398796, 0.180151, 0, 0, 0, 0, 0, 0.330434, 0.240479, 0.338619, 0.367127, 0.296496, -0.100986, -0.0808627, 0.328849, 0.240479, 0
10.36, 2025-06-18__17-38-45.641022, -0.87762, -0.704683, -1.38921, -2.46488, -0.963309, 2.11695, -0.78918, -0.31299, -0.335982, 0.21919, -0.410816, -0.168261, -0.152934, -0.401649, -0.398796, 0.180151, 0, 0, 0, 0, 0, 0.332872, 0.244711, 0.341696, 0.368439, 0.296911, -0.0997998, -0.082322, 0.328849, 0.244711, 0
10.37, 2025-06-18__17-38-45.651024, -0.862553, -0.699191, -1.4073, -2.45338, -0.963297, 2.12224, -0.79482, -0.317039, -0.337818, 0.217748, -0.41666, -0.180853, -0.139376, -0.401649, -0.398796, 0.180151, 0, 0, 0, 0, 0, 0.335436, 0.249041, 0.344743, 0.36971, 0.297326, -0.0985496, -0.0838146, 0.328849, 0.249041, 0
10.38, 2025-06-18__17-38-45.661021, -0.847079, -0.694201, -1.42567, -2.44184, -0.963293, 2.12723, -0.800267, -0.321105, -0.33961, 0.216252, -0.404915, -0.184894, -0.143987, -0.401649, -0.398796, 0.180151, 0, 0, 0, 0, 0, 0.337959, 0.253401, 0.34769, 0.370844, 0.29772, -0.0972442, -0.0853258, 0.328849, 0.253401, 0
10.39, 2025-06-18__17-38-45.671019, -0.831216, -0.689499, -1.44436, -2.43007, -0.9633, 2.13196, -0.80544, -0.325211, -0.341371, 0.214727, -0.412889, -0.178726, -0.146605, -0.401649, -0.398796, 0.180151, 0, 0, 0, 0, 0, 0.340462, 0.257827, 0.350597, 0.371866, 0.298093, -0.095884, -0.0868514, 0.328849, 0.257827, 0
10.4, 2025-06-18__17-38-45.681032, -0.8148, -0.68495, -1.4631, -2.41825, -0.963274, 2.13671, -0.810811, -0.329191, -0.34332, 0.213264, -0.393996, -0.183696, -0.157971, -0.401649, -0.398796, 0.180151, 0, 0, 0, 0, 0, 0.343048, 0.262347, 0.353497, 0.372833, 0.298472, -0.0944444, -0.0884148, 0.328849, 0.262347, 0
10.41, 2025-06-18__17-38-45.691018, -0.798098, -0.680804, -1.4821, -2.40622, -0.963272, 2.14132, -0.816412, -0.333262, -0.34522, 0.211777, -0.403174, -0.194147, -0.145751, -0.401649, -0.398796, 0.180151, 0, 0, 0, 0, 0, 0.345668, 0.266969, 0.356412, 0.373733, 0.298842, -0.0947185, -0.0876229, 0.327228, 0.266969, 0
10.42, 2025-06-18__17-38-45.701016, -0.781058, -0.676979, -1.50118, -2.39405, -0.963226, 2.1458, -0.821675, -0.337332, -0.347179, 0.210322, -0.399212, -0.199068, -0.145674, -0.401649, -0.398796, 0.180151, 0, 0, 0, 0, 0, 0.348362, 0.271508, 0.359354, 0.374551, 0.299205, -0.0963559, -0.0851667, 0.324397, 0.271508, 0
10.43, 2025-06-18__17-38-45.711020, -0.763457, -0.67349, -1.52037, -2.38184, -0.963183, 2.14998, -0.826853, -0.341223, -0.349263, 0.208851, -0.397498, -0.201522, -0.145394, -0.401649, -0.398796, 0.180151, 0, 0, 0, 0, 0, 0.351087, 0.276046, 0.362302, 0.375277, 0.299551, -0.0948419, -0.0868494, 0.324397, 0.276046, 0
10.44, 2025-06-18__17-38-45.721020, -0.745686, -0.670552, -1.53982, -2.36933, -0.963105, 2.15419, -0.832247, -0.345264, -0.351322, 0.207391, -0.396557, -0.207131, -0.150271, -0.401649, -0.398796, 0.180151, 0, 0, 0, 0, 0, 0.353898, 0.280724, 0.365339, 0.375935, 0.299894, -0.0940362, -0.0879006, 0.327227, 0.280724, 0
10.45, 2025-06-18__17-38-45.731016, -0.727523, -0.667936, -1.55912, -2.35678, -0.962934, 2.15831, -0.837654, -0.349158, -0.353526, 0.205969, -0.398435, -0.221568, -0.136012, -0.401649, -0.398796, 0.180151, 0, 0, 0, 0, 0, 0.356748, 0.285456, 0.368382, 0.376515, 0.300238, -0.0928192, -0.0892788, 0.328669, 0.285456, 0
10.46, 2025-06-18__17-38-45.741018, -0.708984, -0.66553, -1.57865, -2.34409, -0.962731, 2.16214, -0.842672, -0.353018, -0.355783, 0.204527, -0.388069, -0.21972, -0.14645, -0.401649, -0.398796, 0.180151, 0, 0, 0, 0, 0, 0.359614, 0.290262, 0.371302, 0.376991, 0.300561, -0.0915542, -0.0906751, 0.330175, 0.290262, 0
10.47, 2025-06-18__17-38-45.751019, -0.69022, -0.663625, -1.59818, -2.33125, -0.962475, 2.16558, -0.847726, -0.356866, -0.357992, 0.203037, -0.382343, -0.222733, -0.145982, -0.401649, -0.398796, 0.180151, 0, 0, 0, 0, 0, 0.362448, 0.295073, 0.374167, 0.377358, 0.300855, -0.0916689, -0.0897334, 0.328157, 0.295073, 0
10.48, 2025-06-18__17-38-45.761021, -0.671203, -0.662124, -1.61754, -2.31824, -0.962145, 2.16876, -0.852925, -0.360622, -0.36034, 0.201637, -0.375355, -0.229688, -0.14775, -0.401649, -0.398796, 0.180151, 0, 0, 0, 0, 0, 0.365391, 0.299906, 0.377078, 0.377641, 0.301131, -0.0907368, -0.08991, 0.32421, 0.299906, 0
10.49, 2025-06-18__17-38-45.771019, -0.651925, -0.661046, -1.63707, -2.30515, -0.961765, 2.17173, -0.857887, -0.364313, -0.362681, 0.200142, -0.369564, -0.236987, -0.146891, -0.401649, -0.398796, 0.180151, 0, 0, 0, 0, 0, 0.368288, 0.304732, 0.379989, 0.377906, 0.30139, -0.295363, -0.0336275, 0.510897, 0.30139, 0
10.5, 2025-06-18__17-38-45.781019, -0.632657, -0.660319, -1.65625, -2.292, -0.96137, 2.17468, -0.862332, -0.367631, -0.364895, 0.198895, -0.361637, -0.252669, -0.13272, -0.401649, -0.398796, 0.180151, 0, 0, 0, 0, 0, 0.370991, 0.309143, 0.382638, 0.378145, 0.301621, -0.297727, -0.0361362, 0.510141, 0.301621, 0
10.51, 2025-06-18__17-38-45.791017, -0.613411, -0.660055, -1.67492, -2.27901, -0.960994, 2.1773, -0.866765, -0.371405, -0.367701, 0.197387, -0.334957, -0.25567, -0.140903, -0.401649, -0.398796, 0.180151, 0, 0, 0, 0, 0, 0.374246, 0.314461, 0.385818, 0.378426, 0.301879, -0.300535, -0.0392454, 0.509166, 0.301879, 0
10.52, 2025-06-18__17-38-45.801018, -0.594756, -0.660225, -1.69314, -2.26614, -0.960541, 2.17955, -0.871318, -0.374835, -0.370137, 0.196043, -0.330119, -0.242411, -0.143196, -0.401649, -0.398796, 0.180151, 0, 0, 0, 0, 0, 0.377184, 0.319237, 0.388694, 0.37867, 0.302086, -0.303076, -0.041956, 0.508245, 0.302086, 0
10.53, 2025-06-18__17-38-45.811020, -0.576377, -0.660644, -1.71078, -2.2536, -0.960015, 2.18153, -0.875562, -0.378063, -0.372557, 0.194701, -0.319451, -0.236775, -0.135321, -0.401649, -0.398796, 0.180151, 0, 0, 0, 0, 0, 0.379998, 0.323849, 0.391488, 0.378901, 0.302273, -0.305509, -0.0446432, 0.507299, 0.302273, 0
10.54, 2025-06-18__17-38-45.821018, -0.55822, -0.661099, -1.72796, -2.24133, -0.959413, 2.18328, -0.879094, -0.381127, -0.37498, 0.193371, -0.299299, -0.232036, -0.142304, -0.401649, -0.398796, 0.180151, 0, 0, 0, 0, 0, 0.382706, 0.328325, 0.394195, 0.37911, 0.302438, -0.307774, -0.0473649, 0.50636, 0.302438, 0
10.55, 2025-06-18__17-38-45.831017, -0.540805, -0.661767, -1.74457, -2.22956, -0.958711, 2.18479, -0.882178, -0.38402, -0.377212, 0.191971, -0.282328, -0.24042, -0.122373, -0.401649, -0.398796, 0.180151, 0, 0, 0, 0, 0, 0.385165, 0.332597, 0.396754, 0.379294, 0.302578, -0.309893, -0.0499628, 0.505382, 0.302578, 0
10.56, 2025-06-18__17-38-45.841033, -0.524469, -0.662386, -1.76024, -2.21827, -0.957997, 2.18621, -0.885161, -0.386893, -0.37927, 0.190673, -0.294209, -0.200637, -0.121023, -0.401649, -0.398796, 0.180151, 0, 0, 0, 0, 0, 0.387539, 0.336729, 0.399226, 0.379479, 0.302711, -0.311887, -0.0523936, 0.504474, 0.302711, 0
10.57, 2025-06-18__17-38-45.851033, -0.508593, -0.662965, -1.77505, -2.20767, -0.957352, 2.18746, -0.888102, -0.389439, -0.38135, 0.189433, -0.258828, -0.191829, -0.128878, -0.401649, -0.398796, 0.180151, 0, 0, 0, 0, 0, 0.389787, 0.340659, 0.401575, 0.379662, 0.302835, -0.313722, -0.0548368, 0.503631, 0.302835, 0
10.58, 2025-06-18__17-38-45.861033, -0.493715, -0.663508, -1.78919, -2.19748, -0.95665, 2.18846, -0.890932, -0.391962, -0.383168, 0.188222, -0.252131, -0.182331, -0.11568, -0.401649, -0.398796, 0.180151, 0, 0, 0, 0, 0, 0.391886, 0.344332, 0.403807, 0.379827, 0.302936, -0.315448, -0.0570963, 0.502836, 0.302936, 0
10.59, 2025-06-18__17-38-45.871033, -0.479727, -0.664095, -1.80259, -2.18797, -0.955856, 2.1895, -0.893497, -0.394317, -0.384886, 0.187047, -0.227436, -0.157986, -0.125471, -0.401649, -0.398796, 0.180151, 0, 0, 0, 0, 0, 0.393827, 0.347731, 0.405861, 0.379994, 0.303039, -0.317039, -0.0592323, 0.502062, 0.303039, 0
10.6, 2025-06-18__17-38-45.881032, -0.466487, -0.664478, -1.81509, -2.17935, -0.954979, 2.19043, -0.895522, -0.396354, -0.386458, 0.185851, -0.197878, -0.149149, -0.123595, -0.401649, -0.398796, 0.180151, 0, 0, 0, 0, 0, 0.395488, 0.350805, 0.40763, 0.380138, 0.303128, -0.318409, -0.0612842, 0.501332, 0.303137, 0
10.61, 2025-06-18__17-38-45.891020, -0.45424, -0.664769, -1.82661, -2.17123, -0.954103, 2.19139, -0.897121, -0.39827, -0.387984, 0.184829, -0.186011, -0.142204, -0.107281, -0.401649, -0.398796, 0.180151, 0, 0, 0, 0, 0, 0.39709, 0.35369, 0.409227, 0.380276, 0.303217, -0.319608, -0.0632229, 0.500695, 0.303217, 0
10.62, 2025-06-18__17-38-45.901032, -0.443235, -0.664926, -1.83729, -2.16374, -0.953172, 2.19236, -0.898626, -0.400192, -0.389261, 0.183919, -0.179643, -0.124596, -0.0922483, -0.401649, -0.398796, 0.180151, 0, 0, 0, 0, 0, 0.398583, 0.356378, 0.410706, 0.380411, 0.303302, -0.320698, -0.0649246, 0.500147, 0.303302, 0
10.63, 2025-06-18__17-38-45.911033, -0.432884, -0.664982, -1.847, -2.15727, -0.952144, 2.19334, -0.900082, -0.401635, -0.390537, 0.182987, -0.141108, -0.123611, -0.0900839, -0.401649, -0.398796, 0.180151, 0, 0, 0, 0, 0, 0.399808, 0.358736, 0.411996, 0.380542, 0.30339, -0.321607, -0.0665981, 0.499626, 0.30339, 0
10.64, 2025-06-18__17-38-45.921020, -0.423736, -0.664878, -1.85603, -2.15127, -0.951105, 2.19415, -0.901483, -0.403147, -0.391508, 0.182144, -0.15551, -0.0886265, -0.0827431, -0.401649, -0.398796, 0.180151, 0, 0, 0, 0, 0, 0.400928, 0.360914, 0.413185, 0.380662, 0.303467, -0.322431, -0.0680252, 0.499193, 0.303467, 0
10.65, 2025-06-18__17-38-45.931032, -0.415388, -0.664913, -1.86409, -2.14583, -0.950032, 2.19486, -0.902817, -0.404488, -0.392419, 0.181389, -0.121062, -0.0984518, -0.0707252, -0.401649, -0.398796, 0.180151, 0, 0, 0, 0, 0, 0.401951, 0.362892, 0.41427, 0.380768, 0.303532, -0.323183, -0.0693252, 0.498783, 0.303532, 0
10.66, 2025-06-18__17-38-45.941022, -0.407773, -0.664802, -1.87108, -2.14104, -0.948887, 2.19558, -0.90411, -0.405507, -0.393391, 0.180781, -0.100133, -0.0950233, -0.057158, -0.401649, -0.398796, 0.180151, 0, 0, 0, 0, 0, 0.402888, 0.364619, 0.415227, 0.380871, 0.303599, -0.323779, -0.0705931, 0.498468, 0.303599, 0
10.67, 2025-06-18__17-38-45.951022, -0.401235, -0.664669, -1.87735, -2.13705, -0.947753, 2.19622, -0.905388, -0.406377, -0.394157, 0.180181, -0.0811727, -0.0718423, -0.0620871, -0.401649, -0.398796, 0.180151, 0, 0, 0, 0, 0, 0.40363, 0.366091, 0.416042, 0.380965, 0.30366, -0.324294, -0.0716694, 0.498181, 0.30366, 0
10.68, 2025-06-18__17-38-45.961021, -0.395679, -0.664483, -1.88286, -2.13373, -0.946645, 2.19674, -0.906599, -0.407141, -0.394683, 0.179578, -0.0752311, -0.0552516, -0.0523967, -0.401649, -0.398796, 0.180151, 0, 0, 0, 0, 0, 0.404172, 0.367313, 0.416716, 0.381042, 0.303712, -0.32473, -0.0725424, 0.497922, 0.303712, 0
10.69, 2025-06-18__17-38-45.971019, -0.390812, -0.664241, -1.88754, -2.13083, -0.945428, 2.1973, -0.907794, -0.407761, -0.395217, 0.179119, -0.0524537, -0.056675, -0.0433086, -0.401649, -0.398796, 0.180151, 0, 0, 0, 0, 0, 0.404689, 0.368381, 0.417314, 0.381111, 0.303766, -0.325079, -0.0733365, 0.497734, 0.303766, 0
10.7, 2025-06-18__17-38-45.981020, -0.386609, -0.664012, -1.8915, -2.1284, -0.944241, 2.19776, -0.908828, -0.408221, -0.395713, 0.178736, -0.0432343, -0.0460139, -0.0369664, -0.401649, -0.398796, 0.180151, 0, 0, 0, 0, 0, 0.405121, 0.369271, 0.417812, 0.381166, 0.303813, -0.325346, -0.0740462, 0.497583, 0.303813, 0
10.71, 2025-06-18__17-38-45.991019, -0.383144, -0.663744, -1.89484, -2.1265, -0.943061, 2.19822, -0.909807, -0.40856, -0.396097, 0.178378, -0.0316274, -0.0398758, -0.0314171, -0.401649, -0.398796, 0.180151, 0, 0, 0, 0, 0, 0.405427, 0.369978, 0.418208, 0.381214, 0.303856, -0.325553, -0.0746272, 0.497453, 0.303856, 0
10.72, 2025-06-18__17-38-46.001017, -0.380378, -0.663331, -1.89743, -2.12508, -0.94184, 2.19879, -0.910723, -0.408763, -0.396453, 0.178138, -0.0169852, -0.0350978, -0.0224335, -0.401649, -0.398796, 0.180151, 0, 0, 0, 0, 0, 0.405678, 0.370515, 0.418516, 0.381265, 0.303907, -0.325663, -0.0751206, 0.497401, 0.303907, 0
10.73, 2025-06-18__17-38-46.011020, -0.378233, -0.662956, -1.89951, -2.12405, -0.940656, 2.19936, -0.911513, -0.408912, -0.396727, 0.177945, -0.0103537, -0.0262122, -0.0199899, -0.401649, -0.398796, 0.180151, 0, 0, 0, 0, 0, 0.405857, 0.370925, 0.418754, 0.381314, 0.303958, -0.325733, -0.0754935, 0.497366, 0.303958, 0
10.74, 2025-06-18__17-38-46.021019, -0.37671, -0.662577, -1.90108, -2.12344, -0.939545, 2.19985, -0.912151, -0.408967, -0.39689, 0.177765, -0.00291596, -0.0148271, -0.0183036, -0.401649, -0.398796, 0.180151, 0, 0, 0, 0, 0, 0.405922, 0.371178, 0.418899, 0.381352, 0.304001, -0.325751, -0.0757575, 0.497344, 0.304001, 0
10.75, 2025-06-18__17-38-46.031018, -0.375684, -0.662202, -1.90209, -2.12316, -0.938492, 2.20029, -0.912663, -0.408917, -0.397017, 0.177636, 0.00591987, -0.0146081, -0.0100884, -0.401649, -0.398796, 0.180151, 0, 0, 0, 0, 0, 0.405921, 0.371301, 0.418971, 0.381385, 0.30404, -0.325716, -0.07595, 0.497343, 0.30404, 0
10.76, 2025-06-18__17-38-46.041019, -0.37506, -0.661848, -1.90268, -2.12317, -0.937605, 2.20069, -0.913064, -0.408791, -0.397117, 0.177552, 0.0167933, -0.0101194, -0.00837038, -0.401649, -0.398796, 0.180151, 0, 0, 0, 0, 0, 0.405879, 0.371327, 0.418989, 0.381412, 0.304073, -0.325647, -0.076087, 0.497364, 0.304073, 0
10.77, 2025-06-18__17-38-46.051017, -0.374839, -0.661561, -1.90284, -2.12333, -0.936829, 2.201, -0.913369, -0.408637, -0.397185, 0.177521, 0.0191337, -0.00873151, -0.00250356, -0.401649, -0.398796, 0.180151, 0, 0, 0, 0, 0, 0.40582, 0.371285, 0.418971, 0.381434, 0.3041, -0.325565, -0.0761575, 0.497397, 0.3041, 0
10.78, 2025-06-18__17-38-46.061020, -0.374841, -0.661266, -1.90274, -2.12361, -0.936072, 2.20128, -0.913595, -0.408445, -0.397249, 0.177538, 0.021683, -0.00527938, 0.00168393, -0.401649, -0.398796, 0.180151, 0, 0, 0, 0, 0, 0.405752, 0.371191, 0.418923, 0.38145, 0.304123, -0.325457, -0.0761981, 0.497447, 0.304123, 0
10.79, 2025-06-18__17-38-46.071021, -0.374929, -0.660881, -1.90257, -2.12397, -0.93536, 2.20162, -0.913748, -0.408246, -0.397301, 0.177575, 0.0199283, -0.00293514, 0.00189395, -0.401649, -0.398796, 0.180151, 0, 0, 0, 0, 0, 0.405676, 0.37107, 0.418859, 0.381467, 0.304149, -0.325323, -0.0762264, 0.49752, 0.304149, 0
10.8, 2025-06-18__17-38-46.081021, -0.375091, -0.660516, -1.90235, -2.1243, -0.934717, 2.20205, -0.913855, -0.408088, -0.397374, 0.177658, 0.0167755, -0.0094108, 0.00859544, -0.401649, -0.398796, 0.180151, 0, 0, 0, 0, 0, 0.405643, 0.370968, 0.418812, 0.381492, 0.304182, -0.325193, -0.0762411, 0.497607, 0.304182, 0
10.81, 2025-06-18__17-38-46.091020, -0.375325, -0.660098, -1.90212, -2.12464, -0.934097, 2.2025, -0.913962, -0.407957, -0.397414, 0.17774, 0.0147433, -0.0046699, 0.00932756, -0.401649, -0.398796, 0.180151, 0, 0, 0, 0, 0, 0.405606, 0.370863, 0.418762, 0.381517, 0.304215, -0.325064, -0.0762351, 0.4977, 0.304215, 0
10.82, 2025-06-18__17-38-46.101020, -0.375595, -0.659684, -1.90187, -2.125, -0.933406, 2.20291, -0.91406, -0.407814, -0.397444, 0.177822, 0.0113797, -0.000399707, 0.00783786, -0.401649, -0.398796, 0.180151, 0, 0, 0, 0, 0, 0.405555, 0.370742, 0.418703, 0.38154, 0.304247, -0.324926, -0.076223, 0.497794, 0.304247, 0
10.83, 2025-06-18__17-38-46.111018, -0.375866, -0.659252, -1.90164, -2.12533, -0.932665, 2.20333, -0.914153, -0.407692, -0.397468, 0.177913, 0.0110795, -0.00198793, 0.00842005, -0.401649, -0.398796, 0.180151, 0, 0, 0, 0, 0, 0.405514, 0.37063, 0.418648, 0.381562, 0.304279, -0.324789, -0.076203, 0.49789, 0.304279, 0
10.84, 2025-06-18__17-38-46.121017, -0.376118, -0.65884, -1.90142, -2.12567, -0.931899, 2.20371, -0.914223, -0.407561, -0.397488, 0.177993, 0.0141217, -0.000822681, 0.00771292, -0.401649, -0.398796, 0.180151, 0, 0, 0, 0, 0, 0.405462, 0.370512, 0.418588, 0.381581, 0.304308, -0.324648, -0.0761875, 0.497981, 0.304308, 0
10.85, 2025-06-18__17-38-46.131017, -0.37638, -0.658434, -1.90124, -2.126, -0.931164, 2.20403, -0.914291, -0.40744, -0.397474, 0.17805, 0.0104935, 0.00357798, 0.00494521, -0.401649, -0.398796, 0.180151, 0, 0, 0, 0, 0, 0.405391, 0.37039, 0.418521, 0.381595, 0.304332, -0.324512, -0.076164, 0.498065, 0.304332, 0
10.86, 2025-06-18__17-38-46.141018, -0.376657, -0.658067, -1.90104, -2.12631, -0.930469, 2.20434, -0.914356, -0.407326, -0.397472, 0.178118, 0.0109871, 0.00202823, 0.0073114, -0.401649, -0.398796, 0.180151, 0, 0, 0, 0, 0, 0.405335, 0.370276, 0.418461, 0.381608, 0.304355, -0.324384, -0.0761397, 0.498147, 0.304355, 0
10.87, 2025-06-18__17-38-46.151017, -0.376926, -0.657665, -1.90082, -2.12664, -0.929751, 2.20468, -0.914402, -0.407207, -0.39747, 0.178185, 0.0124585, 0.000597909, 0.00594907, -0.401649, -0.398796, 0.180151, 0, 0, 0, 0, 0, 0.405274, 0.370158, 0.418398, 0.381623, 0.30438, -0.324251, -0.0761151, 0.498229, 0.30438, 0
10.88, 2025-06-18__17-38-46.161019, -0.377191, -0.657272, -1.90066, -2.12696, -0.929011, 2.20505, -0.914442, -0.407109, -0.397455, 0.178246, 0.00701202, 0.00231468, 0.00629405, -0.401649, -0.398796, 0.180151, 0, 0, 0, 0, 0, 0.405211, 0.370046, 0.418339, 0.381639, 0.304407, -0.324121, -0.0760826, 0.49831, 0.304407, 0
10.89, 2025-06-18__17-38-46.171018, -0.37741, -0.656872, -1.90053, -2.12728, -0.92827, 2.20541, -0.914495, -0.40699, -0.397456, 0.178298, 0.0130343, -0.000365653, 0.00413015, -0.401649, -0.398796, 0.180151, 0, 0, 0, 0, 0, 0.405144, 0.369933, 0.418279, 0.381656, 0.304434, -0.323988, -0.0760656, 0.498387, 0.304434, 0
10.9, 2025-06-18__17-38-46.181020, -0.377624, -0.656474, -1.90045, -2.12757, -0.927575, 2.20576, -0.914554, -0.4069, -0.397433, 0.178342, 0.00850791, 0.000504045, 0.00612327, -0.401649, -0.398796, 0.180151, 0, 0, 0, 0, 0, 0.405079, 0.36983, 0.418224, 0.381672, 0.30446, -0.323865, -0.0760406, 0.498464, 0.30446, 0
10.91, 2025-06-18__17-38-46.191019, -0.377807, -0.655987, -1.90038, -2.12784, -0.92683, 2.20608, -0.914593, -0.406821, -0.397408, 0.178401, 0.008144, -0.000796118, 0.00786626, -0.401649, -0.398796, 0.180151, 0, 0, 0, 0, 0, 0.405026, 0.36973, 0.418169, 0.381685, 0.304484, -0.323728, -0.0760253, 0.498558, 0.304484, 0
10.92, 2025-06-18__17-38-46.201016, -0.377959, -0.655505, -1.90037, -2.12809, -0.926022, 2.20635, -0.914641, -0.406745, -0.397365, 0.178444, 0.00422732, 0.00314063, 0.007273, -0.401649, -0.398796, 0.180151, 0, 0, 0, 0, 0, 0.404959, 0.369628, 0.41811, 0.381693, 0.304504, -0.323589, -0.0760117, 0.498648, 0.304504, 0
10.93, 2025-06-18__17-38-46.211019, -0.378082, -0.654987, -1.90038, -2.12832, -0.925268, 2.20658, -0.914685, -0.406681, -0.39732, 0.178495, 0.00595311, 0.00485423, 0.00501926, -0.401649, -0.398796, 0.180151, 0, 0, 0, 0, 0, 0.404907, 0.369534, 0.418054, 0.3817, 0.304522, -0.32345, -0.0760063, 0.498748, 0.304522, 0
10.94, 2025-06-18__17-38-46.221023, -0.378181, -0.654479, -1.90039, -2.12852, -0.924597, 2.20677, -0.914754, -0.406636, -0.397269, 0.178547, 0.00528457, 0.00392319, 0.0057076, -0.401649, -0.398796, 0.180151, 0, 0, 0, 0, 0, 0.404866, 0.369453, 0.418006, 0.381705, 0.304536, -0.323321, -0.0760044, 0.49885, 0.304536, 0
10.95, 2025-06-18__17-38-46.231033, -0.378245, -0.6541, -1.9004, -2.12865, -0.924187, 2.20688, -0.91479, -0.40661, -0.397229, 0.178599, 0.00268908, 0.00550107, 0.00648559, -0.401649, -0.398796, 0.180151, 0, 0, 0, 0, 0, 0.404847, 0.369393, 0.41797, 0.381708, 0.304546, -0.323219, -0.0760081, 0.498941, 0.304546, 0
10.96, 2025-06-18__17-38-46.241032, -0.378347, -0.653436, -1.90041, -2.12884, -0.92337, 2.20705, -0.914832, -0.406573, -0.397176, 0.178679, 0.0067796, 0.00197961, 0.00567262, -0.401649, -0.398796, 0.180151, 0, 0, 0, 0, 0, 0.404823, 0.369309, 0.417918, 0.381708, 0.304557, -0.323067, -0.0760165, 0.499072, 0.304557, 0
10.97, 2025-06-18__17-38-46.251032, -0.378425, -0.652939, -1.90042, -2.12895, -0.922751, 2.20716, -0.91489, -0.406557, -0.397138, 0.178757, 0.000850041, 0.000865667, 0.0105897, -0.401649, -0.398796, 0.180151, 0, 0, 0, 0, 0, 0.404819, 0.369251, 0.417883, 0.381709, 0.304566, -0.322947, -0.0760239, 0.499182, 0.304566, 0
10.98, 2025-06-18__17-38-46.261033, -0.378488, -0.652427, -1.90041, -2.12907, -0.922185, 2.20726, -0.914958, -0.406539, -0.397106, 0.178843, 0.0010621, 0.00115538, 0.0090315, -0.401649, -0.398796, 0.180151, 0, 0, 0, 0, 0, 0.404824, 0.369197, 0.41785, 0.38171, 0.304574, -0.322827, -0.0760388, 0.499299, 0.304574, 0
10.99, 2025-06-18__17-38-46.271021, -0.378531, -0.651907, -1.90041, -2.12916, -0.92169, 2.20736, -0.915038, -0.40653, -0.397071, 0.178926, 0.000460523, 0.00379534, 0.00861632, -0.401649, -0.398796, 0.180151, 0, 0, 0, 0, 0, 0.404834, 0.369147, 0.41782, 0.381712, 0.304582, -0.322713, -0.0760562, 0.49942, 0.304582, 0
11, 2025-06-18__17-38-46.281017, -0.378567, -0.651392, -1.90042, -2.12926, -0.921227, 2.20747, -0.915131, -0.406528, -0.397044, 0.179014, -0.00108761, 0.00304891, 0.0092088, -0.401649, -0.398796, 0.180151, 0, 0, 0, 0, 0, 0.404855, 0.369107, 0.417797, 0.381715, 0.304591, -0.322605, -0.076076, 0.49954, 0.304591, 0
11.01, 2025-06-18__17-38-46.291020, -0.378602, -0.650857, -1.90042, -2.12934, -0.920778, 2.20758, -0.9152, -0.406535, -0.39702, 0.179114, -0.00124087, 0.00377263, 0.00803035, -0.401649, -0.398796, 0.180151, 0, 0, 0, 0, 0, 0.404887, 0.36907, 0.417776, 0.381718, 0.304599, -0.322494, -0.0760979, 0.499669, 0.304599, 0
11.02, 2025-06-18__17-38-46.301017, -0.378632, -0.650379, -1.90042, -2.12941, -0.92029, 2.2077, -0.915278, -0.40653, -0.397008, 0.179187, 0.00222158, -0.000555359, 0.00886117, -0.401649, -0.398796, 0.180151, 0, 0, 0, 0, 0, 0.404907, 0.36904, 0.417758, 0.381721, 0.304606, -0.322408, -0.0761161, 0.499762, 0.304606, 0
11.03, 2025-06-18__17-38-46.311021, -0.378643, -0.649904, -1.90042, -2.12948, -0.91978, 2.20783, -0.915358, -0.406513, -0.397008, 0.179302, 0.000821029, 0.00107821, 0.00927131, -0.401649, -0.398796, 0.180151, 0, 0, 0, 0, 0, 0.404941, 0.368998, 0.417735, 0.381726, 0.304619, -0.322278, -0.0761483, 0.499899, 0.304619, 0
11.04, 2025-06-18__17-38-46.321026, -0.378638, -0.649462, -1.90041, -2.12954, -0.91932, 2.20798, -0.915441, -0.406496, -0.397015, 0.17939, 0.00374821, 0.000268678, 0.00715773, -0.401649, -0.398796, 0.180151, 0, 0, 0, 0, 0, 0.404968, 0.368966, 0.417718, 0.381732, 0.304631, -0.322176, -0.0761776, 0.500006, 0.304631, 0
11.05, 2025-06-18__17-38-46.331020, -0.378646, -0.649093, -1.90041, -2.12959, -0.918884, 2.20817, -0.915529, -0.406482, -0.39704, 0.179476, 0.000632207, -0.0034226, 0.00938778, -0.401649, -0.398796, 0.180151, 0, 0, 0, 0, 0, 0.405004, 0.368947, 0.417711, 0.381741, 0.304645, -0.322091, -0.076204, 0.500097, 0.304645, 0
11.06, 2025-06-18__17-38-46.341023, -0.378641, -0.648746, -1.9004, -2.12962, -0.918491, 2.20841, -0.915634, -0.406469, -0.39708, 0.17956, 0.000767183, -0.0040847, 0.0089657, -0.401649, -0.398796, 0.180151, 0, 0, 0, 0, 0, 0.405044, 0.368936, 0.417712, 0.381755, 0.304663, -0.322017, -0.0762283, 0.50018, 0.304663, 0
11.07, 2025-06-18__17-38-46.351019, -0.378633, -0.648455, -1.9004, -2.12967, -0.918139, 2.2087, -0.915736, -0.406454, -0.397124, 0.179632, 0.00189883, -0.00460995, 0.00716418, -0.401649, -0.398796, 0.180151, 0, 0, 0, 0, 0, 0.405079, 0.368928, 0.417715, 0.381773, 0.304685, -0.321952, -0.0762488, 0.500252, 0.304685, 0
11.08, 2025-06-18__17-38-46.361021, -0.378629, -0.648214, -1.9004, -2.12971, -0.917774, 2.20903, -0.915842, -0.406438, -0.397179, 0.1797, 0.00138144, -0.00526809, 0.00695933, -0.401649, -0.398796, 0.180151, 0, 0, 0, 0, 0, 0.405114, 0.368926, 0.417723, 0.381794, 0.304709, -0.321897, -0.076265, 0.500311, 0.304709, 0
11.09, 2025-06-18__17-38-46.371018, -0.378629, -0.648065, -1.90041, -2.12974, -0.917498, 2.20928, -0.915913, -0.406422, -0.397231, 0.179749, 0.00180645, -0.00570705, 0.00607575, -0.401649, -0.398796, 0.180151, 0, 0, 0, 0, 0, 0.405139, 0.368926, 0.417731, 0.381812, 0.304731, -0.321855, -0.0762767, 0.500349, 0.304731, 0
11.1, 2025-06-18__17-38-46.381020, -0.378631, -0.647798, -1.90041, -2.1298, -0.916933, 2.20976, -0.916049, -0.406387, -0.397313, 0.179822, 0.00306285, -0.00856195, 0.00649002, -0.401649, -0.398796, 0.180151, 0, 0, 0, 0, 0, 0.405171, 0.368922, 0.417741, 0.38184, 0.304765, -0.32179, -0.0762925, 0.500405, 0.304765, 0
11.11, 2025-06-18__17-38-46.391018, -0.378637, -0.647626, -1.90042, -2.12985, -0.916467, 2.21012, -0.916174, -0.406345, -0.397379, 0.179866, 0.00407006, -0.00823523, 0.00539128, -0.401649, -0.398796, 0.180151, 0, 0, 0, 0, 0, 0.405182, 0.368912, 0.417745, 0.381863, 0.304793, -0.321738, -0.0763027, 0.500439, 0.304793, 0
11.12, 2025-06-18__17-38-46.401018, -0.37863, -0.647475, -1.90042, -2.1299, -0.916028, 2.21045, -0.916288, -0.406301, -0.397442, 0.179906, 0.00549524, -0.00521842, 0.00251249, -0.401649, -0.398796, 0.180151, 0, 0, 0, 0, 0, 0.405193, 0.368904, 0.41775, 0.381883, 0.304819, -0.321694, -0.0763125, 0.500468, 0.304819, 0
11.13, 2025-06-18__17-38-46.411018, -0.378642, -0.64735, -1.90042, -2.12996, -0.915655, 2.21079, -0.916412, -0.406265, -0.3975, 0.179942, 0.00439148, -0.00545391, 0.00330393, -0.401649, -0.398796, 0.180151, 0, 0, 0, 0, 0, 0.405204, 0.368898, 0.417756, 0.381903, 0.304842, -0.321659, -0.0763195, 0.500492, 0.304842, 0
11.14, 2025-06-18__17-38-46.421021, -0.378643, -0.647221, -1.90042, -2.12999, -0.915341, 2.21117, -0.916521, -0.406239, -0.397577, 0.17999, 0.00194695, -0.00706997, 0.00559711, -0.401649, -0.398796, 0.180151, 0, 0, 0, 0, 0, 0.405231, 0.368904, 0.417772, 0.381931, 0.304873, -0.321623, -0.076328, 0.500522, 0.304873, 0
11.15, 2025-06-18__17-38-46.431018, -0.378642, -0.647091, -1.90042, -2.13005, -0.915067, 2.2116, -0.916647, -0.40621, -0.397657, 0.180032, 0.00353585, -0.00747816, 0.00325566, -0.401649, -0.398796, 0.180151, 0, 0, 0, 0, 0, 0.405256, 0.368911, 0.41779, 0.381961, 0.304906, -0.321596, -0.0763358, 0.500547, 0.304906, 0
11.16, 2025-06-18__17-38-46.441017, -0.378635, -0.646971, -1.90043, -2.1301, -0.914804, 2.21206, -0.916775, -0.406192, -0.397748, 0.180086, 0.00244818, -0.00921105, 0.00483617, -0.401649, -0.398796, 0.180151, 0, 0, 0, 0, 0, 0.405295, 0.368927, 0.417814, 0.381993, 0.304941, -0.321569, -0.076345, 0.500576, 0.304941, 0
11.17, 2025-06-18__17-38-46.451017, -0.37864, -0.646866, -1.90043, -2.13014, -0.914541, 2.21252, -0.916889, -0.406173, -0.397828, 0.180126, 0.00269504, -0.00805892, 0.0035717, -0.401649, -0.398796, 0.180151, 0, 0, 0, 0, 0, 0.405322, 0.36894, 0.417836, 0.382026, 0.304976, -0.321546, -0.0763487, 0.500597, 0.304976, 0
11.18, 2025-06-18__17-38-46.461018, -0.378636, -0.646757, -1.90043, -2.13019, -0.914251, 2.2129, -0.917003, -0.40614, -0.397909, 0.180168, 0.00463285, -0.00628322, 0.00269905, -0.401649, -0.398796, 0.180151, 0, 0, 0, 0, 0, 0.405346, 0.368945, 0.417851, 0.382053, 0.305005, -0.321518, -0.0763583, 0.500619, 0.305005, 0
11.19, 2025-06-18__17-38-46.471016, -0.378634, -0.646653, -1.90043, -2.13023, -0.913919, 2.21323, -0.917108, -0.406105, -0.397977, 0.180205, 0.0019759, -0.00519992, 0.00443307, -0.401649, -0.398796, 0.180151, 0, 0, 0, 0, 0, 0.405363, 0.368945, 0.417862, 0.382074, 0.305031, -0.321485, -0.0763685, 0.500642, 0.305031, 0
11.2, 2025-06-18__17-38-46.481020, -0.378637, -0.646561, -1.90042, -2.13028, -0.91357, 2.21354, -0.917214, -0.406059, -0.398038, 0.180231, 0.00344848, -0.00544203, 0.00226057, -0.401649, -0.398796, 0.180151, 0, 0, 0, 0, 0, 0.405366, 0.368937, 0.417866, 0.382095, 0.305054, -0.321454, -0.0763744, 0.500656, 0.305054, 0
11.21, 2025-06-18__17-38-46.491021, -0.378634, -0.646447, -1.90043, -2.13034, -0.913222, 2.2138, -0.917288, -0.406025, -0.398091, 0.180265, 0.00279965, -0.00515162, 0.00382933, -0.401649, -0.398796, 0.180151, 0, 0, 0, 0, 0, 0.405374, 0.36893, 0.417869, 0.382111, 0.305075, -0.321416, -0.0763832, 0.500679, 0.305075, 0
11.22, 2025-06-18__17-38-46.501018, -0.378631, -0.646332, -1.90042, -2.13038, -0.912861, 2.21401, -0.917372, -0.405979, -0.398132, 0.180287, 0.00468053, -0.00469708, 0.00287212, -0.401649, -0.398796, 0.180151, 0, 0, 0, 0, 0, 0.40537, 0.368914, 0.417866, 0.382123, 0.305091, -0.321378, -0.0763928, 0.500698, 0.305091, 0
11.23, 2025-06-18__17-38-46.511018, -0.378636, -0.646214, -1.90043, -2.13043, -0.912522, 2.2142, -0.917444, -0.405943, -0.398164, 0.180307, 0.00668558, -0.00213151, -5.73871e-05, -0.401649, -0.398796, 0.180151, 0, 0, 0, 0, 0, 0.405365, 0.368899, 0.417862, 0.382134, 0.305106, -0.321341, -0.076399, 0.500717, 0.305106, 0
11.24, 2025-06-18__17-38-46.521026, -0.378635, -0.646113, -1.90044, -2.13046, -0.912194, 2.21438, -0.917516, -0.405915, -0.398191, 0.18033, 0.0030913, -0.00277599, 0.00204092, -0.401649, -0.398796, 0.180151, 0, 0, 0, 0, 0, 0.405364, 0.368888, 0.417859, 0.382144, 0.305119, -0.321307, -0.0764041, 0.500737, 0.305119, 0
11.25, 2025-06-18__17-38-46.531019, -0.378628, -0.646011, -1.90044, -2.13051, -0.911872, 2.21453, -0.917565, -0.405881, -0.398218, 0.180347, 0.00475642, -0.00167919, 0.00111266, -0.401649, -0.398796, 0.180151, 0, 0, 0, 0, 0, 0.405358, 0.368873, 0.417854, 0.382152, 0.305132, -0.321271, -0.0764106, 0.500754, 0.305132, 0
11.26, 2025-06-18__17-38-46.541019, -0.378628, -0.645899, -1.90044, -2.13055, -0.911539, 2.21469, -0.917629, -0.405842, -0.398248, 0.18037, 0.00230816, -0.00343523, 0.0027148, -0.401649, -0.398796, 0.180151, 0, 0, 0, 0, 0, 0.405354, 0.368856, 0.417847, 0.382159, 0.305143, -0.321233, -0.076419, 0.500774, 0.305143, 0
11.27, 2025-06-18__17-38-46.551017, -0.378636, -0.645811, -1.90044, -2.1306, -0.911204, 2.21483, -0.917681, -0.405802, -0.398271, 0.180382, 0.00436769, -0.0029123, 0.00197697, -0.401649, -0.398796, 0.180151, 0, 0, 0, 0, 0, 0.40534, 0.368837, 0.417839, 0.382167, 0.305155, -0.321197, -0.0764245, 0.500789, 0.305155, 0
11.28, 2025-06-18__17-38-46.561020, -0.378636, -0.6457, -1.90045, -2.13065, -0.910837, 2.21498, -0.917733, -0.405753, -0.398293, 0.180393, 0.00660037, 0.000142685, -0.00109341, -0.401649, -0.398796, 0.180151, 0, 0, 0, 0, 0, 0.40532, 0.36881, 0.417825, 0.382172, 0.305165, -0.321155, -0.0764306, 0.500803, 0.305165, 0
11.29, 2025-06-18__17-38-46.571019, -0.378642, -0.645586, -1.90045, -2.1307, -0.910437, 2.21512, -0.91779, -0.40571, -0.398321, 0.180415, 0.00500512, -0.00086776, 0.00157704, -0.401649, -0.398796, 0.180151, 0, 0, 0, 0, 0, 0.405312, 0.36879, 0.417816, 0.382179, 0.305177, -0.321111, -0.0764387, 0.500823, 0.305177, 0
11.3, 2025-06-18__17-38-46.581023, -0.378644, -0.645484, -1.90046, -2.13074, -0.91003, 2.21527, -0.917862, -0.405665, -0.398347, 0.180433, 0.0051189, -0.00297883, 0.00104338, -0.401649, -0.398796, 0.180151, 0, 0, 0, 0, 0, 0.405299, 0.368768, 0.417806, 0.382185, 0.305187, -0.321069, -0.0764455, 0.50084, 0.305187, 0
11.31, 2025-06-18__17-38-46.591022, -0.378635, -0.645384, -1.90045, -2.13078, -0.909632, 2.21539, -0.917905, -0.405613, -0.398371, 0.180444, 0.00475727, -0.00262984, 0.00149038, -0.401649, -0.398796, 0.180151, 0, 0, 0, 0, 0, 0.40528, 0.368742, 0.417793, 0.38219, 0.305197, -0.321027, -0.0764524, 0.500853, 0.305197, 0
11.32, 2025-06-18__17-38-46.601021, -0.378631, -0.645298, -1.90046, -2.13082, -0.909259, 2.2155, -0.917943, -0.405568, -0.398391, 0.180454, 0.00493147, -0.00112037, 0.000891556, -0.401649, -0.398796, 0.180151, 0, 0, 0, 0, 0, 0.405261, 0.368719, 0.41778, 0.382193, 0.305206, -0.320987, -0.07646, 0.500865, 0.305206, 0
11.33, 2025-06-18__17-38-46.611021, -0.378631, -0.645213, -1.90045, -2.13087, -0.908906, 2.21561, -0.91799, -0.405522, -0.398416, 0.180468, 0.00361215, -0.0014363, 0.00140163, -0.401649, -0.398796, 0.180151, 0, 0, 0, 0, 0, 0.405247, 0.368697, 0.417769, 0.382197, 0.305214, -0.320949, -0.0764675, 0.500877, 0.305214, 0
11.34, 2025-06-18__17-38-46.621021, -0.378639, -0.645132, -1.90045, -2.13091, -0.908561, 2.21572, -0.918044, -0.405478, -0.39843, 0.180474, 0.00353462, -0.00330431, 0.00257875, -0.401649, -0.398796, 0.180151, 0, 0, 0, 0, 0, 0.405227, 0.368673, 0.417757, 0.382201, 0.305222, -0.320913, -0.0764725, 0.500889, 0.305222, 0
11.35, 2025-06-18__17-38-46.631018, -0.378631, -0.645056, -1.90047, -2.13097, -0.908234, 2.21583, -0.918081, -0.405432, -0.398449, 0.18048, 0.00366246, -0.000929332, 0.00173241, -0.401649, -0.398796, 0.180151, 0, 0, 0, 0, 0, 0.405207, 0.36865, 0.417744, 0.382205, 0.305231, -0.320878, -0.0764773, 0.500897, 0.305231, 0
11.36, 2025-06-18__17-38-46.641018, -0.378636, -0.644992, -1.90046, -2.13102, -0.907868, 2.21593, -0.918143, -0.405382, -0.398465, 0.180482, 0.00707696, -0.00262759, -0.000735628, -0.401649, -0.398796, 0.180151, 0, 0, 0, 0, 0, 0.405181, 0.368624, 0.41773, 0.382208, 0.305238, -0.320844, -0.0764802, 0.500902, 0.305238, 0
11.37, 2025-06-18__17-38-46.651019, -0.378639, -0.644933, -1.90046, -2.13107, -0.907462, 2.21601, -0.918185, -0.405322, -0.398476, 0.180476, 0.00636818, -0.000800305, -0.000257121, -0.401649, -0.398796, 0.180151, 0, 0, 0, 0, 0, 0.405146, 0.368591, 0.417711, 0.382209, 0.305245, -0.320806, -0.0764848, 0.500904, 0.305245, 0
11.38, 2025-06-18__17-38-46.661018, -0.378634, -0.644865, -1.90046, -2.13114, -0.907037, 2.2161, -0.918249, -0.405254, -0.398497, 0.180475, 0.00855951, -0.00283697, -0.00174491, -0.401649, -0.398796, 0.180151, 0, 0, 0, 0, 0, 0.405113, 0.368557, 0.417692, 0.382211, 0.305252, -0.320764, -0.0764914, 0.500907, 0.305252, 0
11.39, 2025-06-18__17-38-46.671018, -0.378636, -0.644792, -1.90047, -2.13121, -0.906635, 2.21618, -0.918297, -0.405189, -0.398509, 0.180471, 0.00568574, -0.00188273, 0.000656121, -0.401649, -0.398796, 0.180151, 0, 0, 0, 0, 0, 0.405076, 0.368521, 0.417671, 0.382212, 0.305258, -0.320723, -0.0764974, 0.500912, 0.305258, 0
11.4, 2025-06-18__17-38-46.681020, -0.378633, -0.644719, -1.90047, -2.13127, -0.906287, 2.21626, -0.918334, -0.405138, -0.398518, 0.180468, 0.00608951, -0.00249149, -0.000458027, -0.401649, -0.398796, 0.180151, 0, 0, 0, 0, 0, 0.405045, 0.368491, 0.417653, 0.382213, 0.305264, -0.320685, -0.0765018, 0.500919, 0.305264, 0
11.41, 2025-06-18__17-38-46.691020, -0.378633, -0.64465, -1.90047, -2.13134, -0.905991, 2.21631, -0.91838, -0.405082, -0.398524, 0.180461, 0.00774805, -0.00185437, -0.00111445, -0.401649, -0.398796, 0.180151, 0, 0, 0, 0, 0, 0.405012, 0.36846, 0.417635, 0.382214, 0.305269, -0.320652, -0.0765073, 0.500924, 0.305269, 0
11.42, 2025-06-18__17-38-46.701017, -0.378636, -0.644575, -1.90047, -2.13141, -0.905738, 2.21636, -0.91844, -0.405032, -0.398526, 0.180457, 0.00564315, -0.00063876, 0.000115363, -0.401649, -0.398796, 0.180151, 0, 0, 0, 0, 0, 0.404983, 0.36843, 0.417617, 0.382215, 0.305272, -0.32062, -0.0765148, 0.500934, 0.305272, 0
11.43, 2025-06-18__17-38-46.711023, -0.378628, -0.644511, -1.90046, -2.13148, -0.905521, 2.21639, -0.918493, -0.404984, -0.398527, 0.180447, 0.00503889, -0.000290061, -0.00151238, -0.401649, -0.398796, 0.180151, 0, 0, 0, 0, 0, 0.404953, 0.368402, 0.417601, 0.382216, 0.305276, -0.320594, -0.0765195, 0.500939, 0.305276, 0
11.44, 2025-06-18__17-38-46.721027, -0.378633, -0.644434, -1.90047, -2.13156, -0.905339, 2.21643, -0.918542, -0.404942, -0.398528, 0.180441, 0.0030304, -0.000530327, 0.000746161, -0.401649, -0.398796, 0.180151, 0, 0, 0, 0, 0, 0.404928, 0.368376, 0.417586, 0.382217, 0.305279, -0.320567, -0.0765262, 0.500949, 0.305279, 0
11.45, 2025-06-18__17-38-46.731031, -0.378633, -0.644358, -1.90048, -2.13163, -0.905177, 2.21649, -0.918618, -0.404897, -0.398525, 0.180432, 0.00556646, -0.000298425, -0.000793744, -0.401649, -0.398796, 0.180151, 0, 0, 0, 0, 0, 0.404899, 0.368348, 0.41757, 0.38222, 0.305284, -0.320542, -0.0765317, 0.50096, 0.305284, 0
11.46, 2025-06-18__17-38-46.741031, -0.378637, -0.644288, -1.90048, -2.13172, -0.905033, 2.21654, -0.918691, -0.404862, -0.398518, 0.180422, 0.0040074, 0.000857191, -0.000996166, -0.401649, -0.398796, 0.180151, 0, 0, 0, 0, 0, 0.404873, 0.368324, 0.417558, 0.382224, 0.305289, -0.320522, -0.0765321, 0.500968, 0.305289, 0
11.47, 2025-06-18__17-38-46.751031, -0.378639, -0.64422, -1.90049, -2.1318, -0.90492, 2.21659, -0.918738, -0.404823, -0.398518, 0.180414, 0.00501416, 0.0018187, -0.00277668, -0.401649, -0.398796, 0.180151, 0, 0, 0, 0, 0, 0.40485, 0.368301, 0.417545, 0.382227, 0.305293, -0.320501, -0.0765387, 0.500978, 0.305293, 0
11.48, 2025-06-18__17-38-46.761020, -0.378637, -0.644145, -1.90049, -2.13189, -0.904799, 2.21665, -0.918795, -0.404784, -0.398517, 0.180406, 0.00291797, -0.00057518, 0.000932266, -0.401649, -0.398796, 0.180151, 0, 0, 0, 0, 0, 0.404826, 0.368277, 0.417532, 0.38223, 0.305297, -0.320481, -0.0765441, 0.500988, 0.305297, 0
11.49, 2025-06-18__17-38-46.771018, -0.378637, -0.644067, -1.90049, -2.13197, -0.904692, 2.21669, -0.918857, -0.404742, -0.398508, 0.18039, 0.00407883, 0.00220518, -0.00245572, -0.401649, -0.398796, 0.180151, 0, 0, 0, 0, 0, 0.404794, 0.368249, 0.417516, 0.382233, 0.305301, -0.320459, -0.076549, 0.500998, 0.305301, 0
11.5, 2025-06-18__17-38-46.781017, -0.378637, -0.643992, -1.9005, -2.13206, -0.904579, 2.21674, -0.918903, -0.404706, -0.398505, 0.18038, 0.0036664, -1.70462e-05, -0.000227996, -0.401649, -0.398796, 0.180151, 0, 0, 0, 0, 0, 0.404769, 0.368225, 0.417502, 0.382236, 0.305306, -0.320437, -0.0765548, 0.501007, 0.305306, 0
11.51, 2025-06-18__17-38-46.791019, -0.37864, -0.643905, -1.9005, -2.13215, -0.904462, 2.21679, -0.918955, -0.404672, -0.398499, 0.180375, 0.00169977, -0.000332021, 3.31476e-05, -0.401649, -0.398796, 0.180151, 0, 0, 0, 0, 0, 0.404746, 0.368201, 0.417489, 0.382238, 0.305309, -0.320415, -0.0765593, 0.501021, 0.305309, 0
11.52, 2025-06-18__17-38-46.801017, -0.378639, -0.643806, -1.90051, -2.13223, -0.904332, 2.21682, -0.919036, -0.404632, -0.39849, 0.180364, 0.00295816, 0.000954494, -6.0554e-05, -0.401649, -0.398796, 0.180151, 0, 0, 0, 0, 0, 0.404719, 0.368174, 0.417474, 0.382241, 0.305313, -0.320391, -0.0765657, 0.501035, 0.305313, 0
11.53, 2025-06-18__17-38-46.811032, -0.378634, -0.643714, -1.90051, -2.13232, -0.904194, 2.21687, -0.919115, -0.404593, -0.398483, 0.180358, 0.00357549, 0.00296467, -0.00260894, -0.401649, -0.398796, 0.180151, 0, 0, 0, 0, 0, 0.404694, 0.368147, 0.417459, 0.382243, 0.305317, -0.320365, -0.0765715, 0.501051, 0.305317, 0
11.54, 2025-06-18__17-38-46.821024, -0.37864, -0.643605, -1.90053, -2.1324, -0.904062, 2.21691, -0.9192, -0.404559, -0.398475, 0.180354, 0.00296288, 0.00151883, -0.000312898, -0.401649, -0.398796, 0.180151, 0, 0, 0, 0, 0, 0.404673, 0.368123, 0.417446, 0.382246, 0.30532, -0.320341, -0.0765781, 0.501069, 0.30532, 0
11.55, 2025-06-18__17-38-46.831032, -0.378642, -0.643485, -1.90054, -2.13248, -0.903929, 2.21694, -0.919284, -0.404528, -0.398465, 0.180353, 0.00267125, 0.000747925, 0.000398946, -0.401649, -0.398796, 0.180151, 0, 0, 0, 0, 0, 0.404654, 0.3681, 0.417433, 0.382249, 0.305324, -0.320315, -0.0765852, 0.501092, 0.305324, 0
11.56, 2025-06-18__17-38-46.841032, -0.378645, -0.643367, -1.90055, -2.13255, -0.903799, 2.21698, -0.919378, -0.404503, -0.398452, 0.18035, 0.00139661, -0.000525406, 0.00116638, -0.401649, -0.398796, 0.180151, 0, 0, 0, 0, 0, 0.404637, 0.36808, 0.417422, 0.382252, 0.305327, -0.320292, -0.0765909, 0.501112, 0.305327, 0
11.57, 2025-06-18__17-38-46.851033, -0.378632, -0.643218, -1.90056, -2.13262, -0.90368, 2.217, -0.919453, -0.404483, -0.398438, 0.180359, 0.00220859, 0.00244083, 0.00025125, -0.401649, -0.398796, 0.180151, 0, 0, 0, 0, 0, 0.404626, 0.36806, 0.41741, 0.382254, 0.305331, -0.320263, -0.0765986, 0.501144, 0.305331, 0
11.58, 2025-06-18__17-38-46.861033, -0.378636, -0.643062, -1.90058, -2.13268, -0.903568, 2.21703, -0.919504, -0.404462, -0.398423, 0.180364, 0.00460609, 0.000648704, -0.000295843, -0.401649, -0.398796, 0.180151, 0, 0, 0, 0, 0, 0.404614, 0.368038, 0.417398, 0.382256, 0.305333, -0.320232, -0.0766094, 0.501175, 0.305333, 0
11.59, 2025-06-18__17-38-46.871032, -0.378639, -0.642897, -1.90061, -2.13275, -0.903468, 2.21706, -0.919559, -0.404457, -0.398404, 0.180378, 0.00215522, 0.000411158, 0.00186877, -0.401649, -0.398796, 0.180151, 0, 0, 0, 0, 0, 0.404609, 0.368021, 0.417387, 0.382257, 0.305335, -0.3202, -0.0766156, 0.501211, 0.305335, 0
11.6, 2025-06-18__17-38-46.881032, -0.37864, -0.642714, -1.90063, -2.13283, -0.903377, 2.21708, -0.919623, -0.404442, -0.398384, 0.180388, 0.00213716, 0.00134309, 0.00173405, -0.401649, -0.398796, 0.180151, 0, 0, 0, 0, 0, 0.404599, 0.367998, 0.417374, 0.382259, 0.305338, -0.320166, -0.0766248, 0.501249, 0.305338, 0
11.61, 2025-06-18__17-38-46.891033, -0.378645, -0.642531, -1.90065, -2.1329, -0.903296, 2.21711, -0.919702, -0.404436, -0.398362, 0.1804, 0.00222525, 0.00221411, 0.000134368, -0.401649, -0.398796, 0.180151, 0, 0, 0, 0, 0, 0.404594, 0.36798, 0.417364, 0.382262, 0.305341, -0.320136, -0.0766313, 0.501288, 0.305341, 0
11.62, 2025-06-18__17-38-46.901032, -0.378643, -0.642344, -1.90068, -2.13295, -0.903232, 2.21714, -0.919779, -0.404435, -0.398341, 0.180414, 0.0021974, 0.000887209, 0.00170525, -0.401649, -0.398796, 0.180151, 0, 0, 0, 0, 0, 0.404593, 0.367966, 0.417357, 0.382265, 0.305344, -0.320107, -0.0766401, 0.501329, 0.305344, 0
11.63, 2025-06-18__17-38-46.911033, -0.378643, -0.642151, -1.90071, -2.13301, -0.903172, 2.21717, -0.91984, -0.404442, -0.398313, 0.180428, 5.04415e-05, 0.00192808, 0.000749152, -0.401649, -0.398796, 0.180151, 0, 0, 0, 0, 0, 0.404592, 0.367953, 0.417349, 0.382268, 0.305347, -0.320077, -0.0766459, 0.501372, 0.305347, 0
11.64, 2025-06-18__17-38-46.921025, -0.378642, -0.641927, -1.90074, -2.13309, -0.903097, 2.21722, -0.919926, -0.404437, -0.398297, 0.180452, 0.000956603, 0.00223578, 0.000984427, -0.401649, -0.398796, 0.180151, 0, 0, 0, 0, 0, 0.404597, 0.367937, 0.417341, 0.382273, 0.305352, -0.320041, -0.0766588, 0.501422, 0.305352, 0
11.65, 2025-06-18__17-38-46.931016, -0.378653, -0.641727, -1.90076, -2.13317, -0.903025, 2.21728, -0.920003, -0.404437, -0.39827, 0.180465, -0.00288924, 0.00444385, 0.000877503, -0.401649, -0.398796, 0.180151, 0, 0, 0, 0, 0, 0.404593, 0.367919, 0.417332, 0.382277, 0.305357, -0.32001, -0.0766636, 0.501466, 0.305357, 0
11.66, 2025-06-18__17-38-46.941021, -0.378647, -0.641492, -1.9008, -2.13325, -0.902962, 2.21733, -0.920067, -0.404435, -0.398249, 0.180486, -0.00263086, 0.000604768, 0.00473225, -0.401649, -0.398796, 0.180151, 0, 0, 0, 0, 0, 0.404594, 0.367901, 0.417322, 0.382282, 0.305361, -0.319971, -0.076676, 0.501518, 0.305361, 0
11.67, 2025-06-18__17-38-46.951016, -0.37864, -0.641255, -1.90084, -2.13333, -0.90291, 2.21737, -0.92013, -0.404444, -0.398214, 0.180502, -0.00303802, 0.00272795, 0.00358315, -0.401649, -0.398796, 0.180151, 0, 0, 0, 0, 0, 0.404591, 0.367883, 0.417312, 0.382286, 0.305365, -0.319934, -0.0766821, 0.501569, 0.305365, 0
11.68, 2025-06-18__17-38-46.961022, -0.378642, -0.64099, -1.90088, -2.13341, -0.902851, 2.21742, -0.9202, -0.404448, -0.398187, 0.180525, -0.000954854, 0.00507138, -0.000699411, -0.401649, -0.398796, 0.180151, 0, 0, 0, 0, 0, 0.404594, 0.367866, 0.417302, 0.38229, 0.30537, -0.319893, -0.0766945, 0.501627, 0.30537, 0
11.69, 2025-06-18__17-38-46.971019, -0.378648, -0.640725, -1.9009, -2.13351, -0.902791, 2.21748, -0.920286, -0.404441, -0.398162, 0.180548, 0.000670387, 0.00267913, 0.00258855, -0.401649, -0.398796, 0.180151, 0, 0, 0, 0, 0, 0.404594, 0.367842, 0.417289, 0.382294, 0.305374, -0.319849, -0.0767083, 0.501686, 0.305374, 0
11.7, 2025-06-18__17-38-46.981019, -0.378647, -0.640445, -1.90095, -2.1336, -0.902729, 2.21754, -0.920357, -0.40445, -0.398129, 0.180575, -0.00126484, 0.001989, 0.00401499, -0.401649, -0.398796, 0.180151, 0, 0, 0, 0, 0, 0.404598, 0.367823, 0.417279, 0.3823, 0.30538, -0.319804, -0.0767186, 0.50175, 0.30538, 0
11.71, 2025-06-18__17-38-46.991017, -0.378639, -0.640172, -1.90101, -2.13369, -0.902673, 2.2176, -0.92042, -0.404459, -0.398096, 0.180591, -0.00460531, 0.00388491, 0.00226598, -0.401649, -0.398796, 0.180151, 0, 0, 0, 0, 0, 0.404596, 0.367806, 0.417269, 0.382304, 0.305385, -0.319763, -0.0767298, 0.501805, 0.305385, 0
11.72, 2025-06-18__17-38-47.001017, -0.378645, -0.63987, -1.90106, -2.1338, -0.902608, 2.21768, -0.920489, -0.404458, -0.39806, 0.180609, -0.00153471, 0.00329605, 0.00237407, -0.401649, -0.398796, 0.180151, 0, 0, 0, 0, 0, 0.404589, 0.36778, 0.417254, 0.382311, 0.305391, -0.319715, -0.0767406, 0.501868, 0.305391, 0
11.73, 2025-06-18__17-38-47.011016, -0.378648, -0.63956, -1.90111, -2.13391, -0.902537, 2.21776, -0.920578, -0.404461, -0.398027, 0.180638, 0.000111826, 0.00483777, 0.000945277, -0.401649, -0.398796, 0.180151, 0, 0, 0, 0, 0, 0.40459, 0.367755, 0.417241, 0.382317, 0.305398, -0.319663, -0.0767528, 0.501938, 0.305398, 0
11.74, 2025-06-18__17-38-47.021022, -0.378651, -0.639247, -1.90117, -2.13402, -0.902451, 2.21785, -0.920667, -0.40447, -0.397987, 0.180658, -0.000705093, 0.00683514, -0.000711433, -0.401649, -0.398796, 0.180151, 0, 0, 0, 0, 0, 0.404587, 0.367733, 0.417229, 0.382324, 0.305406, -0.319614, -0.0767623, 0.502005, 0.305406, 0
11.75, 2025-06-18__17-38-47.031016, -0.378646, -0.638896, -1.90124, -2.13415, -0.90237, 2.21796, -0.92075, -0.404474, -0.397947, 0.180681, -0.000527324, 0.00468484, 0.00100112, -0.401649, -0.398796, 0.180151, 0, 0, 0, 0, 0, 0.404582, 0.367706, 0.417215, 0.382333, 0.305415, -0.319559, -0.0767747, 0.502078, 0.305415, 0
11.76, 2025-06-18__17-38-47.041016, -0.378654, -0.638544, -1.90132, -2.13427, -0.902282, 2.21806, -0.920833, -0.404474, -0.397909, 0.180705, 0.00218855, 0.00238747, 0.00290576, -0.401649, -0.398796, 0.180151, 0, 0, 0, 0, 0, 0.404577, 0.367677, 0.417199, 0.38234, 0.305423, -0.319501, -0.076788, 0.502151, 0.305423, 0
11.77, 2025-06-18__17-38-47.051018, -0.378653, -0.638165, -1.90141, -2.13441, -0.902202, 2.21818, -0.920915, -0.404489, -0.39786, 0.180727, -0.0031296, 0.00620593, 0.00332603, -0.401649, -0.398796, 0.180151, 0, 0, 0, 0, 0, 0.404572, 0.367652, 0.417185, 0.382349, 0.305433, -0.319444, -0.076797, 0.502228, 0.305433, 0
11.78, 2025-06-18__17-38-47.061020, -0.378644, -0.637776, -1.9015, -2.13455, -0.902111, 2.2183, -0.921003, -0.404503, -0.397805, 0.180744, -0.00106836, 0.00471861, 0.00067115, -0.401649, -0.398796, 0.180151, 0, 0, 0, 0, 0, 0.404562, 0.367623, 0.417169, 0.382358, 0.305442, -0.319384, -0.0768071, 0.502306, 0.305442, 0
11.79, 2025-06-18__17-38-47.071017, -0.378649, -0.637438, -1.90158, -2.1347, -0.902029, 2.21842, -0.921081, -0.404502, -0.397764, 0.180762, 0.000270541, 0.0055821, 0.00177769, -0.401649, -0.398796, 0.180151, 0, 0, 0, 0, 0, 0.404548, 0.367589, 0.41715, 0.382368, 0.305453, -0.319321, -0.0768197, 0.502384, 0.305453, 0
11.8, 2025-06-18__17-38-47.081019, -0.378645, -0.637049, -1.90167, -2.13487, -0.901927, 2.21855, -0.921197, -0.404496, -0.397709, 0.180775, -0.00168394, 0.00495787, 0.00173695, -0.401649, -0.398796, 0.180151, 0, 0, 0, 0, 0, 0.40453, 0.367553, 0.41713, 0.382376, 0.305462, -0.319262, -0.0768305, 0.502457, 0.305462, 0
11.81, 2025-06-18__17-38-47.091020, -0.378653, -0.636721, -1.90175, -2.13503, -0.901816, 2.21869, -0.921323, -0.404487, -0.397665, 0.180778, -0.00132596, 0.00660883, 0.00081049, -0.401649, -0.398796, 0.180151, 0, 0, 0, 0, 0, 0.404507, 0.367521, 0.417113, 0.382387, 0.305474, -0.319211, -0.0768382, 0.502519, 0.305474, 0
11.82, 2025-06-18__17-38-47.101017, -0.37866, -0.63642, -1.90181, -2.13519, -0.901677, 2.21882, -0.921422, -0.404468, -0.397634, 0.180788, 0.00392448, 0.000797453, 0.0014217, -0.401649, -0.398796, 0.180151, 0, 0, 0, 0, 0, 0.404489, 0.367487, 0.417095, 0.382397, 0.305485, -0.319158, -0.0768497, 0.502579, 0.305485, 0
11.83, 2025-06-18__17-38-47.111016, -0.378662, -0.636144, -1.90186, -2.13533, -0.901508, 2.21895, -0.921554, -0.404442, -0.397609, 0.180796, 0.00320093, 0.00314945, -0.00103139, -0.401649, -0.398796, 0.180151, 0, 0, 0, 0, 0, 0.404467, 0.367453, 0.417078, 0.382407, 0.305496, -0.319108, -0.0768588, 0.502633, 0.305496, 0
11.84, 2025-06-18__17-38-47.121019, -0.378667, -0.635924, -1.90189, -2.13547, -0.901306, 2.21908, -0.9217, -0.404397, -0.397598, 0.180799, 0.00536185, 0.00134748, -0.00038883, -0.401649, -0.398796, 0.180151, 0, 0, 0, 0, 0, 0.404442, 0.367418, 0.417061, 0.382416, 0.305507, -0.319064, -0.0768693, 0.502674, 0.305507, 0
11.85, 2025-06-18__17-38-47.131021, -0.378668, -0.635734, -1.9019, -2.13561, -0.901083, 2.21919, -0.921848, -0.404351, -0.397585, 0.180797, 0.00776581, 0.000338831, -0.00176217, -0.401649, -0.398796, 0.180151, 0, 0, 0, 0, 0, 0.404412, 0.367383, 0.417043, 0.382425, 0.305517, -0.319022, -0.0768777, 0.50271, 0.305517, 0
11.86, 2025-06-18__17-38-47.141020, -0.378672, -0.635578, -1.90193, -2.13574, -0.900831, 2.2193, -0.921999, -0.404294, -0.397582, 0.180792, 0.00503584, 4.31106e-06, 7.33808e-05, -0.401649, -0.398796, 0.180151, 0, 0, 0, 0, 0, 0.40438, 0.367347, 0.417026, 0.382433, 0.305527, -0.318984, -0.0768866, 0.502737, 0.305527, 0
11.87, 2025-06-18__17-38-47.151016, -0.378669, -0.635466, -1.90193, -2.13586, -0.900548, 2.21941, -0.922187, -0.404229, -0.397586, 0.180781, 0.00843926, 0.000772203, -0.0024019, -0.401649, -0.398796, 0.180151, 0, 0, 0, 0, 0, 0.404345, 0.367314, 0.41701, 0.382441, 0.305537, -0.318954, -0.0768944, 0.502753, 0.305537, 0
11.88, 2025-06-18__17-38-47.161017, -0.37867, -0.635362, -1.90194, -2.13599, -0.900275, 2.21951, -0.92239, -0.404165, -0.397586, 0.180766, 0.00597402, 0.00096052, -0.00245088, -0.401649, -0.398796, 0.180151, 0, 0, 0, 0, 0, 0.404309, 0.367282, 0.416995, 0.38245, 0.305546, -0.318928, -0.0769003, 0.502768, 0.305546, 0
11.89, 2025-06-18__17-38-47.171022, -0.378675, -0.635281, -1.90194, -2.13611, -0.900015, 2.21962, -0.922643, -0.40409, -0.397592, 0.180747, 0.00624935, -0.000588062, -0.000863065, -0.401649, -0.398796, 0.180151, 0, 0, 0, 0, 0, 0.404271, 0.367251, 0.416982, 0.38246, 0.305557, -0.318908, -0.0769081, 0.502779, 0.305557, 0
11.9, 2025-06-18__17-38-47.181018, -0.378674, -0.635198, -1.90196, -2.13623, -0.899774, 2.21972, -0.922947, -0.404028, -0.397594, 0.180729, 0.00568902, -0.000559966, -0.00131319, -0.401649, -0.398796, 0.180151, 0, 0, 0, 0, 0, 0.404241, 0.367227, 0.416975, 0.382472, 0.305568, -0.318897, -0.0769116, 0.502791, 0.305568, 0
11.91, 2025-06-18__17-38-47.191018, -0.378674, -0.635121, -1.90196, -2.13635, -0.899553, 2.2198, -0.923304, -0.403971, -0.397589, 0.180706, 0.00764195, 0.0016863, -0.00420122, -0.401649, -0.398796, 0.180151, 0, 0, 0, 0, 0, 0.404211, 0.367209, 0.416972, 0.382485, 0.305578, -0.318896, -0.076914, 0.502802, 0.305578, 0
11.92, 2025-06-18__17-38-47.201018, -0.37867, -0.635033, -1.90197, -2.13646, -0.899358, 2.21988, -0.923693, -0.403909, -0.397591, 0.180691, 0.00518538, 0.000416287, -0.00251763, -0.401649, -0.398796, 0.180151, 0, 0, 0, 0, 0, 0.404189, 0.367191, 0.416969, 0.382498, 0.305589, -0.318892, -0.0769222, 0.502821, 0.305589, 0
11.93, 2025-06-18__17-38-47.211017, -0.378667, -0.634964, -1.90198, -2.13657, -0.899194, 2.21994, -0.924075, -0.403853, -0.397589, 0.180671, 0.00605391, -0.000410356, -0.00307237, -0.401649, -0.398796, 0.180151, 0, 0, 0, 0, 0, 0.404167, 0.367177, 0.416969, 0.382512, 0.305598, -0.318896, -0.0769278, 0.502836, 0.305598, 0
11.94, 2025-06-18__17-38-47.221015, -0.378672, -0.634876, -1.90198, -2.13666, -0.899042, 2.22, -0.924454, -0.403812, -0.397584, 0.180664, 0.00104734, 0.000105234, 0.00167899, -0.401649, -0.398796, 0.180151, 0, 0, 0, 0, 0, 0.404158, 0.367169, 0.416972, 0.382525, 0.305607, -0.318899, -0.076932, 0.502859, 0.305607, 0
11.95, 2025-06-18__17-38-47.231017, -0.37867, -0.634798, -1.90198, -2.13676, -0.898893, 2.22004, -0.924812, -0.403762, -0.397579, 0.180649, 0.00768033, 0.00149499, -0.0031416, -0.401649, -0.398796, 0.180151, 0, 0, 0, 0, 0, 0.404139, 0.367155, 0.416971, 0.382536, 0.305614, -0.318901, -0.0769378, 0.502876, 0.305614, 0
11.96, 2025-06-18__17-38-47.241015, -0.378675, -0.634704, -1.90199, -2.13682, -0.898788, 2.22009, -0.925195, -0.403732, -0.397576, 0.180646, 0.00255468, 0.000491636, -0.000669843, -0.401649, -0.398796, 0.180151, 0, 0, 0, 0, 0, 0.40414, 0.367155, 0.416979, 0.382549, 0.305623, -0.318909, -0.0769449, 0.502902, 0.305623, 0
11.97, 2025-06-18__17-38-47.251016, -0.378669, -0.634621, -1.902, -2.13689, -0.898691, 2.22016, -0.925616, -0.403707, -0.397577, 0.180645, 0.00278186, -0.00159092, 0.000972551, -0.401649, -0.398796, 0.180151, 0, 0, 0, 0, 0, 0.404146, 0.367161, 0.416993, 0.382564, 0.305632, -0.318923, -0.076951, 0.502926, 0.305632, 0
11.98, 2025-06-18__17-38-47.261019, -0.378672, -0.634538, -1.90199, -2.13694, -0.898596, 2.22022, -0.926048, -0.403687, -0.397576, 0.180648, 0.00100264, 6.86984e-06, 0.000865869, -0.401649, -0.398796, 0.180151, 0, 0, 0, 0, 0, 0.404157, 0.367169, 0.417008, 0.38258, 0.305642, -0.318939, -0.0769541, 0.502954, 0.305642, 0
11.99, 2025-06-18__17-38-47.271017, -0.378669, -0.634452, -1.90201, -2.13698, -0.898491, 2.22027, -0.926477, -0.403669, -0.397581, 0.180658, -5.36088e-05, -0.0012376, 0.00163653, -0.401649, -0.398796, 0.180151, 0, 0, 0, 0, 0, 0.404175, 0.367181, 0.417025, 0.382595, 0.305652, -0.318955, -0.0769601, 0.502983, 0.305652, 0
12, 2025-06-18__17-38-47.281016, -0.378663, -0.634374, -1.90201, -2.13703, -0.898383, 2.22032, -0.926857, -0.403654, -0.397581, 0.180662, 0.000804749, 0.000403847, 0.000320552, -0.401649, -0.398796, 0.180151, 0, 0, 0, 0, 0, 0.404187, 0.367191, 0.41704, 0.382609, 0.30566, -0.318969, -0.0769643, 0.503008, 0.30566, 0
12.01, 2025-06-18__17-38-47.291017, -0.378671, -0.634286, -1.90202, -2.13707, -0.898277, 2.22036, -0.927182, -0.403635, -0.397577, 0.180665, 0.00217255, -0.0010818, 0.000933064, -0.401649, -0.398796, 0.180151, 0, 0, 0, 0, 0, 0.404192, 0.367193, 0.417048, 0.38262, 0.305667, -0.318974, -0.0769694, 0.503033, 0.305667, 0
12.02, 2025-06-18__17-38-47.301017, -0.378674, -0.634199, -1.90202, -2.13709, -0.898174, 2.22039, -0.927475, -0.403631, -0.397575, 0.18068, 0.00146471, -0.000246702, 0.00112626, -0.401649, -0.398796, 0.180151, 0, 0, 0, 0, 0, 0.404209, 0.367201, 0.41706, 0.38263, 0.305673, -0.318978, -0.0769727, 0.503062, 0.305673, 0
12.03, 2025-06-18__17-38-47.311017, -0.37867, -0.634097, -1.90203, -2.13712, -0.898066, 2.22043, -0.927725, -0.403624, -0.397571, 0.180691, 0.000150176, -0.000148143, 0.00156359, -0.401649, -0.398796, 0.180151, 0, 0, 0, 0, 0, 0.404219, 0.367204, 0.417067, 0.382638, 0.305679, -0.318978, -0.0769764, 0.503089, 0.305679, 0
12.04, 2025-06-18__17-38-47.321021, -0.378669, -0.634009, -1.90204, -2.13714, -0.897946, 2.22047, -0.927969, -0.403621, -0.397573, 0.180707, 0.00091739, -0.00143201, 0.00163944, -0.401649, -0.398796, 0.180151, 0, 0, 0, 0, 0, 0.404236, 0.367213, 0.417077, 0.382647, 0.305685, -0.318977, -0.0769818, 0.503116, 0.305685, 0
12.05, 2025-06-18__17-38-47.331018, -0.378668, -0.633922, -1.90206, -2.13715, -0.897817, 2.22052, -0.928196, -0.403612, -0.397576, 0.180719, 0.000381498, -0.0013104, 0.00205498, -0.401649, -0.398796, 0.180151, 0, 0, 0, 0, 0, 0.404247, 0.367217, 0.417085, 0.382655, 0.305691, -0.318976, -0.0769866, 0.503139, 0.305691, 0
12.06, 2025-06-18__17-38-47.341021, -0.378668, -0.633845, -1.90206, -2.13717, -0.897677, 2.22055, -0.928451, -0.4036, -0.397577, 0.180729, 0.000936668, -0.000590056, 0.00194079, -0.401649, -0.398796, 0.180151, 0, 0, 0, 0, 0, 0.404257, 0.367221, 0.417093, 0.382663, 0.305697, -0.318975, -0.0769923, 0.503163, 0.305697, 0
12.07, 2025-06-18__17-38-47.351016, -0.378669, -0.63376, -1.90207, -2.13719, -0.89754, 2.22059, -0.928715, -0.403602, -0.397569, 0.180741, -0.000405643, 0.000383507, 0.00186161, -0.401649, -0.398796, 0.180151, 0, 0, 0, 0, 0, 0.404269, 0.367229, 0.417103, 0.382671, 0.305702, -0.318976, -0.0769931, 0.503188, 0.305702, 0
12.08, 2025-06-18__17-38-47.361020, -0.378668, -0.633684, -1.90208, -2.13721, -0.897404, 2.22064, -0.928961, -0.40359, -0.397574, 0.180753, 0.00120272, -0.00119608, 0.00176681, -0.401649, -0.398796, 0.180151, 0, 0, 0, 0, 0, 0.40428, 0.367233, 0.417111, 0.38268, 0.305709, -0.318977, -0.0769965, 0.503209, 0.305709, 0
12.09, 2025-06-18__17-38-47.371015, -0.378674, -0.633611, -1.90209, -2.13721, -0.897272, 2.2207, -0.9292, -0.403587, -0.39758, 0.180769, -0.000216914, -0.000722909, 0.00132221, -0.401649, -0.398796, 0.180151, 0, 0, 0, 0, 0, 0.404297, 0.367242, 0.417123, 0.38269, 0.305716, -0.318978, -0.0770002, 0.503233, 0.305716, 0
12.1, 2025-06-18__17-38-47.381017, -0.378671, -0.633532, -1.9021, -2.13723, -0.89712, 2.22075, -0.929426, -0.403581, -0.397586, 0.180782, 0.000884145, 0.0001966, 0.000202877, -0.401649, -0.398796, 0.180151, 0, 0, 0, 0, 0, 0.404309, 0.367249, 0.417133, 0.382699, 0.305723, -0.318978, -0.0770024, 0.503253, 0.305723, 0
12.11, 2025-06-18__17-38-47.391017, -0.378669, -0.633456, -1.9021, -2.13724, -0.896958, 2.22081, -0.929633, -0.403568, -0.397596, 0.180797, 0.00236282, -0.00298285, 0.00164038, -0.401649, -0.398796, 0.180151, 0, 0, 0, 0, 0, 0.404322, 0.367253, 0.41714, 0.382707, 0.305729, -0.318973, -0.0770086, 0.503274, 0.305729, 0
12.12, 2025-06-18__17-38-47.401017, -0.378669, -0.633374, -1.9021, -2.13724, -0.896815, 2.22088, -0.929806, -0.403567, -0.397602, 0.180817, 8.25574e-05, 0.000155382, 0.00166542, -0.401649, -0.398796, 0.180151, 0, 0, 0, 0, 0, 0.404336, 0.367259, 0.417148, 0.382715, 0.305737, -0.318966, -0.0770101, 0.503298, 0.305737, 0
12.13, 2025-06-18__17-38-47.411018, -0.378665, -0.633285, -1.90212, -2.13724, -0.896681, 2.22095, -0.929952, -0.403565, -0.397613, 0.180837, -0.000654613, -0.00121946, 0.00212865, -0.401649, -0.398796, 0.180151, 0, 0, 0, 0, 0, 0.404353, 0.367265, 0.417156, 0.382722, 0.305744, -0.318957, -0.0770171, 0.503322, 0.305744, 0
12.14, 2025-06-18__17-38-47.421049, -0.378666, -0.633203, -1.90212, -2.13726, -0.896557, 2.22102, -0.930082, -0.403562, -0.397623, 0.180858, 0.00157267, -0.000797235, 0.000617641, -0.401649, -0.398796, 0.180151, 0, 0, 0, 0, 0, 0.404368, 0.367268, 0.417162, 0.382729, 0.30575, -0.318947, -0.077022, 0.503345, 0.30575, 0
12.15, 2025-06-18__17-38-47.431019, -0.378668, -0.633124, -1.90213, -2.13727, -0.896441, 2.22108, -0.930193, -0.40356, -0.397627, 0.180873, 5.61953e-05, -0.000727785, 0.00209797, -0.401649, -0.398796, 0.180151, 0, 0, 0, 0, 0, 0.404377, 0.36727, 0.417166, 0.382735, 0.305756, -0.318937, -0.0770242, 0.503364, 0.305756, 0
12.16, 2025-06-18__17-38-47.441020, -0.378668, -0.633061, -1.90213, -2.13727, -0.896349, 2.22114, -0.930287, -0.403558, -0.397635, 0.180889, -0.00152654, 0.000187809, 0.00251089, -0.401649, -0.398796, 0.180151, 0, 0, 0, 0, 0, 0.404388, 0.367272, 0.417171, 0.382741, 0.305762, -0.31893, -0.0770273, 0.503382, 0.305762, 0
12.17, 2025-06-18__17-38-47.451018, -0.378668, -0.633, -1.90214, -2.13728, -0.896248, 2.2212, -0.930378, -0.403554, -0.397645, 0.180901, 0.000539173, -0.00256888, 0.00262762, -0.401649, -0.398796, 0.180151, 0, 0, 0, 0, 0, 0.404397, 0.367275, 0.417176, 0.382748, 0.305768, -0.318922, -0.0770311, 0.503396, 0.305768, 0
12.18, 2025-06-18__17-38-47.461021, -0.378669, -0.632942, -1.90215, -2.13729, -0.89616, 2.22129, -0.930441, -0.403557, -0.397658, 0.180921, -0.00148982, -0.000637122, 0.00206432, -0.401649, -0.398796, 0.180151, 0, 0, 0, 0, 0, 0.404411, 0.367279, 0.417182, 0.382754, 0.305774, -0.318913, -0.077033, 0.503412, 0.305774, 0
12.19, 2025-06-18__17-38-47.471018, -0.378668, -0.632878, -1.90216, -2.13729, -0.896084, 2.22137, -0.930474, -0.403558, -0.397665, 0.180932, -0.000714293, 0.000254542, 0.0013694, -0.401649, -0.398796, 0.180151, 0, 0, 0, 0, 0, 0.404418, 0.367281, 0.417185, 0.38276, 0.305781, -0.318902, -0.0770354, 0.503425, 0.305781, 0
12.2, 2025-06-18__17-38-47.481018, -0.378663, -0.632821, -1.90217, -2.1373, -0.896005, 2.22145, -0.930519, -0.403553, -0.397675, 0.180942, -0.00050877, -8.06085e-05, 0.00141334, -0.401649, -0.398796, 0.180151, 0, 0, 0, 0, 0, 0.404422, 0.367279, 0.417187, 0.382765, 0.305787, -0.31889, -0.0770392, 0.503438, 0.305787, 0
12.21, 2025-06-18__17-38-47.491022, -0.378663, -0.63278, -1.90217, -2.13731, -0.89594, 2.22153, -0.930553, -0.403551, -0.397695, 0.180959, 0.00227449, -0.00150904, 0.000593247, -0.401649, -0.398796, 0.180151, 0, 0, 0, 0, 0, 0.404435, 0.367285, 0.417193, 0.382772, 0.305794, -0.318884, -0.0770432, 0.503449, 0.305794, 0
12.22, 2025-06-18__17-38-47.501018, -0.378666, -0.632729, -1.90219, -2.13732, -0.895875, 2.22162, -0.930574, -0.403551, -0.397705, 0.180968, 0.0017596, -0.00236434, 0.000271861, -0.401649, -0.398796, 0.180151, 0, 0, 0, 0, 0, 0.404441, 0.367286, 0.417196, 0.382777, 0.3058, -0.318875, -0.0770441, 0.503457, 0.3058, 0
12.23, 2025-06-18__17-38-47.511020, -0.378663, -0.632689, -1.90219, -2.13734, -0.895829, 2.22169, -0.930603, -0.403552, -0.397717, 0.180982, -0.000727306, -0.00256755, 0.0029748, -0.401649, -0.398796, 0.180151, 0, 0, 0, 0, 0, 0.40445, 0.367288, 0.4172, 0.382783, 0.305806, -0.318867, -0.077046, 0.503469, 0.305806, 0
12.24, 2025-06-18__17-38-47.521020, -0.378671, -0.632648, -1.90219, -2.13734, -0.895776, 2.22176, -0.930622, -0.403554, -0.397724, 0.180991, 0.000756762, -0.00200416, 0.000627291, -0.401649, -0.398796, 0.180151, 0, 0, 0, 0, 0, 0.404455, 0.36729, 0.417203, 0.382788, 0.305812, -0.31886, -0.0770461, 0.503478, 0.305812, 0
12.25, 2025-06-18__17-38-47.531018, -0.378666, -0.63261, -1.9022, -2.13735, -0.895731, 2.22183, -0.930648, -0.403559, -0.397731, 0.181001, -0.000151637, 0.000138694, 0.000412704, -0.401649, -0.398796, 0.180151, 0, 0, 0, 0, 0, 0.404462, 0.367293, 0.417206, 0.382792, 0.305816, -0.318854, -0.0770462, 0.503486, 0.305816, 0
12.26, 2025-06-18__17-38-47.541021, -0.378664, -0.632558, -1.9022, -2.13736, -0.895693, 2.22189, -0.930662, -0.403559, -0.397742, 0.181014, -0.000664042, -0.000890242, 0.000873192, -0.401649, -0.398796, 0.180151, 0, 0, 0, 0, 0, 0.404472, 0.367294, 0.41721, 0.382797, 0.305821, -0.318846, -0.0770494, 0.503498, 0.305821, 0
12.27, 2025-06-18__17-38-47.551018, -0.378663, -0.63253, -1.90221, -2.13737, -0.895645, 2.22194, -0.930674, -0.403552, -0.397744, 0.181015, 0.000760671, -0.00046966, -0.000506266, -0.401649, -0.398796, 0.180151, 0, 0, 0, 0, 0, 0.404468, 0.36729, 0.417208, 0.3828, 0.305825, -0.318838, -0.0770511, 0.503503, 0.305825, 0
12.28, 2025-06-18__17-38-47.561020, -0.378663, -0.632492, -1.90221, -2.13737, -0.895594, 2.22197, -0.930695, -0.403551, -0.397754, 0.181026, 0.00144784, -0.000679285, 0.000572667, -0.401649, -0.398796, 0.180151, 0, 0, 0, 0, 0, 0.404475, 0.367291, 0.417209, 0.382802, 0.305827, -0.318829, -0.0770549, 0.503512, 0.305827, 0
12.29, 2025-06-18__17-38-47.571018, -0.378659, -0.632456, -1.90222, -2.13738, -0.895542, 2.22201, -0.93071, -0.403551, -0.397754, 0.181032, -0.000347277, -0.000315112, 0.000800684, -0.401649, -0.398796, 0.180151, 0, 0, 0, 0, 0, 0.404476, 0.36729, 0.41721, 0.382805, 0.305831, -0.318822, -0.077055, 0.50352, 0.305831, 0
12.3, 2025-06-18__17-38-47.581019, -0.378662, -0.63242, -1.90222, -2.13739, -0.895497, 2.22205, -0.93072, -0.403551, -0.397761, 0.181043, 0.000453466, -0.00121938, 0.00113964, -0.401649, -0.398796, 0.180151, 0, 0, 0, 0, 0, 0.404484, 0.36729, 0.417211, 0.382807, 0.305833, -0.318814, -0.0770592, 0.50353, 0.305833, 0
12.31, 2025-06-18__17-38-47.591020, -0.378668, -0.632379, -1.90222, -2.1374, -0.895439, 2.22209, -0.930738, -0.403545, -0.397762, 0.181044, -0.0006601, 0.000801573, 0.00057074, -0.401649, -0.398796, 0.180151, 0, 0, 0, 0, 0, 0.404479, 0.367285, 0.417208, 0.382809, 0.305836, -0.318805, -0.0770593, 0.503535, 0.305836, 0
12.32, 2025-06-18__17-38-47.601019, -0.378667, -0.632344, -1.90223, -2.13741, -0.895386, 2.22212, -0.930751, -0.403541, -0.397766, 0.18105, 0.000862738, -0.000368745, 0.000702802, -0.401649, -0.398796, 0.180151, 0, 0, 0, 0, 0, 0.40448, 0.367282, 0.417208, 0.382811, 0.305839, -0.318797, -0.0770598, 0.503541, 0.305839, 0
12.33, 2025-06-18__17-38-47.611021, -0.378662, -0.632313, -1.90223, -2.13742, -0.895317, 2.22215, -0.930767, -0.403535, -0.397771, 0.181056, 0.000642855, -0.000542657, 0.000961135, -0.401649, -0.398796, 0.180151, 0, 0, 0, 0, 0, 0.40448, 0.367279, 0.417207, 0.382813, 0.305841, -0.318789, -0.0770619, 0.503548, 0.305841, 0
12.34, 2025-06-18__17-38-47.621019, -0.378665, -0.632282, -1.90224, -2.13744, -0.895251, 2.22218, -0.930778, -0.40353, -0.39777, 0.181057, -0.000121435, 0.000106493, 0.0007272, -0.401649, -0.398796, 0.180151, 0, 0, 0, 0, 0, 0.404476, 0.367275, 0.417204, 0.382814, 0.305843, -0.318781, -0.0770629, 0.503552, 0.305843, 0
12.35, 2025-06-18__17-38-47.631018, -0.378662, -0.632254, -1.90224, -2.13744, -0.895191, 2.22221, -0.930785, -0.403522, -0.397777, 0.181063, -0.000276291, -0.000519198, 0.00149937, -0.401649, -0.398796, 0.180151, 0, 0, 0, 0, 0, 0.404476, 0.367271, 0.417203, 0.382815, 0.305845, -0.31877, -0.0770671, 0.503559, 0.305845, 0
12.36, 2025-06-18__17-38-47.641021, -0.378667, -0.632232, -1.90225, -2.13745, -0.895139, 2.22223, -0.930793, -0.403515, -0.397775, 0.181061, 0.000385641, 0.000340451, 8.4264e-05, -0.401649, -0.398796, 0.180151, 0, 0, 0, 0, 0, 0.404469, 0.367265, 0.417199, 0.382816, 0.305848, -0.318763, -0.0770663, 0.503561, 0.305848, 0
12.37, 2025-06-18__17-38-47.651018, -0.378665, -0.63221, -1.90225, -2.13748, -0.895074, 2.22228, -0.930813, -0.403509, -0.397783, 0.181065, 0.00139462, -0.0017969, 0.000386568, -0.401649, -0.398796, 0.180151, 0, 0, 0, 0, 0, 0.404469, 0.367263, 0.4172, 0.38282, 0.305851, -0.318758, -0.0770667, 0.503564, 0.305851, 0
12.38, 2025-06-18__17-38-47.661021, -0.378659, -0.632193, -1.90225, -2.13749, -0.894998, 2.2223, -0.930826, -0.403501, -0.397785, 0.181069, -0.00191784, 0.000135769, 0.000906122, -0.401649, -0.398796, 0.180151, 0, 0, 0, 0, 0, 0.404467, 0.367258, 0.417197, 0.38282, 0.305853, -0.318749, -0.077068, 0.503569, 0.305853, 0
12.39, 2025-06-18__17-38-47.671020, -0.378662, -0.632179, -1.90225, -2.1375, -0.894924, 2.22232, -0.930825, -0.403487, -0.397792, 0.181069, 0.00177383, -0.000884976, -0.000530352, -0.401649, -0.398796, 0.180151, 0, 0, 0, 0, 0, 0.404461, 0.367253, 0.417194, 0.382821, 0.305854, -0.318741, -0.0770712, 0.503569, 0.305854, 0
12.4, 2025-06-18__17-38-47.681019, -0.378662, -0.632152, -1.90226, -2.13751, -0.894839, 2.22236, -0.930835, -0.40348, -0.397793, 0.181069, 0.00050307, -0.00103181, 0.000854707, -0.401649, -0.398796, 0.180151, 0, 0, 0, 0, 0, 0.404456, 0.367248, 0.417192, 0.382822, 0.305857, -0.318733, -0.0770706, 0.503571, 0.305857, 0
12.41, 2025-06-18__17-38-47.691020, -0.378665, -0.632124, -1.90227, -2.13752, -0.894744, 2.22238, -0.930846, -0.403469, -0.397799, 0.181073, 0.000687073, -0.00172312, 0.00175829, -0.401649, -0.398796, 0.180151, 0, 0, 0, 0, 0, 0.404452, 0.367242, 0.417189, 0.382823, 0.305859, -0.318723, -0.0770723, 0.503575, 0.305859, 0
12.42, 2025-06-18__17-38-47.701017, -0.378659, -0.632102, -1.90227, -2.13753, -0.894642, 2.22241, -0.930851, -0.40346, -0.397798, 0.181072, 0.000657232, -0.000499645, 0.000667035, -0.401649, -0.398796, 0.180151, 0, 0, 0, 0, 0, 0.404444, 0.367235, 0.417184, 0.382823, 0.30586, -0.318712, -0.0770719, 0.503576, 0.30586, 0
12.43, 2025-06-18__17-38-47.711016, -0.378659, -0.632091, -1.90227, -2.13754, -0.894539, 2.22242, -0.930856, -0.403446, -0.397803, 0.181073, 0.00181832, 3.55411e-05, -0.00108913, -0.401649, -0.398796, 0.180151, 0, 0, 0, 0, 0, 0.404437, 0.367228, 0.41718, 0.382823, 0.305862, -0.318702, -0.0770741, 0.503577, 0.305862, 0
12.44, 2025-06-18__17-38-47.721016, -0.378658, -0.632072, -1.90227, -2.13754, -0.894434, 2.22244, -0.930865, -0.403434, -0.397806, 0.181074, 0.00242634, 0.000271138, -0.000978797, -0.401649, -0.398796, 0.180151, 0, 0, 0, 0, 0, 0.40443, 0.36722, 0.417175, 0.382823, 0.305863, -0.318691, -0.0770749, 0.503579, 0.305863, 0
12.45, 2025-06-18__17-38-47.731018, -0.378661, -0.632057, -1.90227, -2.13755, -0.894318, 2.22247, -0.930869, -0.40342, -0.397811, 0.181076, 0.000922266, 2.59247e-05, -0.000231001, -0.401649, -0.398796, 0.180151, 0, 0, 0, 0, 0, 0.404423, 0.367212, 0.417171, 0.382823, 0.305865, -0.31868, -0.0770763, 0.503581, 0.305865, 0
12.46, 2025-06-18__17-38-47.741016, -0.378664, -0.632029, -1.90227, -2.13756, -0.894187, 2.22249, -0.930872, -0.403408, -0.39781, 0.181074, 0.000650068, -0.00019201, -0.000276377, -0.401649, -0.398796, 0.180151, 0, 0, 0, 0, 0, 0.404412, 0.367204, 0.417165, 0.382822, 0.305866, -0.318669, -0.0770751, 0.503581, 0.305866, 0
12.47, 2025-06-18__17-38-47.751017, -0.378659, -0.632018, -1.90228, -2.13756, -0.894054, 2.2225, -0.930886, -0.403393, -0.397818, 0.181077, 0.00132594, -0.000384855, -0.000269639, -0.401649, -0.398796, 0.180151, 0, 0, 0, 0, 0, 0.404408, 0.367198, 0.417162, 0.382822, 0.305868, -0.318658, -0.0770776, 0.503581, 0.305868, 0
12.48, 2025-06-18__17-38-47.761021, -0.378658, -0.632006, -1.90228, -2.13757, -0.893921, 2.22252, -0.93089, -0.403372, -0.397822, 0.181075, 0.00268423, 0.000274613, -0.000850177, -0.401649, -0.398796, 0.180151, 0, 0, 0, 0, 0, 0.404395, 0.367186, 0.417154, 0.382822, 0.305869, -0.318644, -0.0770795, 0.503582, 0.305869, 0
12.49, 2025-06-18__17-38-47.771017, -0.378657, -0.631982, -1.90228, -2.13757, -0.893805, 2.22254, -0.930894, -0.403362, -0.397828, 0.181079, 0.00153146, -0.000168706, 0.000375006, -0.401649, -0.398796, 0.180151, 0, 0, 0, 0, 0, 0.404391, 0.36718, 0.417151, 0.382821, 0.305871, -0.318632, -0.0770807, 0.503584, 0.305871, 0
12.5, 2025-06-18__17-38-47.781018, -0.378658, -0.631981, -1.90228, -2.13758, -0.893688, 2.22256, -0.930897, -0.403352, -0.397833, 0.181082, 0.000693689, 0.0011547, -0.000566952, -0.401649, -0.398796, 0.180151, 0, 0, 0, 0, 0, 0.404386, 0.367175, 0.417148, 0.382821, 0.305872, -0.318623, -0.0770804, 0.503584, 0.305872, 0
12.51, 2025-06-18__17-38-47.791018, -0.378661, -0.631958, -1.90228, -2.13758, -0.893591, 2.22258, -0.93091, -0.403337, -0.397839, 0.181083, 0.000776034, 0.000473728, -0.00039401, -0.401649, -0.398796, 0.180151, 0, 0, 0, 0, 0, 0.40438, 0.367168, 0.417144, 0.382821, 0.305874, -0.318613, -0.0770832, 0.503584, 0.305874, 0
12.52, 2025-06-18__17-38-47.801017, -0.378659, -0.63194, -1.90228, -2.1376, -0.89349, 2.22261, -0.930916, -0.403331, -0.397845, 0.181089, 0.000881627, -0.000160573, 0.000854047, -0.401649, -0.398796, 0.180151, 0, 0, 0, 0, 0, 0.404379, 0.367165, 0.417142, 0.382822, 0.305876, -0.318604, -0.0770835, 0.503588, 0.305876, 0
12.53, 2025-06-18__17-38-47.811016, -0.378659, -0.631922, -1.90229, -2.1376, -0.893394, 2.22264, -0.930914, -0.403319, -0.397848, 0.18109, 0.00210013, -0.000991294, 6.37378e-06, -0.401649, -0.398796, 0.180151, 0, 0, 0, 0, 0, 0.404373, 0.367158, 0.417138, 0.382822, 0.305877, -0.318595, -0.0770841, 0.503589, 0.305877, 0
12.54, 2025-06-18__17-38-47.821017, -0.378657, -0.6319, -1.90229, -2.1376, -0.893308, 2.22266, -0.930922, -0.403317, -0.397847, 0.181093, -0.000562497, 0.000855582, 0.000356501, -0.401649, -0.398796, 0.180151, 0, 0, 0, 0, 0, 0.40437, 0.367155, 0.417136, 0.382823, 0.305879, -0.318587, -0.0770829, 0.503592, 0.305879, 0
12.55, 2025-06-18__17-38-47.831017, -0.378653, -0.631881, -1.90229, -2.13761, -0.893248, 2.22268, -0.930926, -0.403307, -0.397853, 0.181096, 0.000111459, 2.06956e-05, 0.000648132, -0.401649, -0.398796, 0.180151, 0, 0, 0, 0, 0, 0.404368, 0.36715, 0.417133, 0.382823, 0.30588, -0.318577, -0.0770867, 0.503596, 0.30588, 0
12.56, 2025-06-18__17-38-47.841017, -0.378658, -0.631857, -1.90229, -2.13761, -0.893197, 2.22269, -0.930931, -0.403305, -0.397857, 0.181102, -0.00184525, 0.00206812, 0.00128309, -0.401649, -0.398796, 0.180151, 0, 0, 0, 0, 0, 0.40437, 0.367149, 0.417133, 0.382824, 0.305882, -0.318571, -0.077088, 0.503601, 0.305882, 0
12.57, 2025-06-18__17-38-47.851016, -0.378655, -0.631836, -1.90229, -2.13762, -0.893147, 2.2227, -0.930942, -0.403298, -0.397857, 0.181102, -0.000977395, 0.00210411, -0.000411184, -0.401649, -0.398796, 0.180151, 0, 0, 0, 0, 0, 0.404365, 0.367144, 0.41713, 0.382824, 0.305882, -0.318565, -0.0770885, 0.503603, 0.305882, 0
12.58, 2025-06-18__17-38-47.861018, -0.37866, -0.631816, -1.90229, -2.13763, -0.8931, 2.22272, -0.93095, -0.403297, -0.397861, 0.181111, 0.000996203, 0.000721112, -0.000584488, -0.401649, -0.398796, 0.180151, 0, 0, 0, 0, 0, 0.40437, 0.367144, 0.417131, 0.382825, 0.305884, -0.318558, -0.077091, 0.50361, 0.305884, 0
12.59, 2025-06-18__17-38-47.871016, -0.378655, -0.631791, -1.90229, -2.13763, -0.893061, 2.22275, -0.930947, -0.403291, -0.397866, 0.181114, -0.00116007, 0.000761916, 0.00175752, -0.401649, -0.398796, 0.180151, 0, 0, 0, 0, 0, 0.404368, 0.367141, 0.417129, 0.382827, 0.305886, -0.318551, -0.0770924, 0.503613, 0.305886, 0
12.6, 2025-06-18__17-38-47.881019, -0.378655, -0.631774, -1.90229, -2.13763, -0.893014, 2.22276, -0.930955, -0.403283, -0.397869, 0.181116, 0.00119007, -0.000714321, -2.4867e-05, -0.401649, -0.398796, 0.180151, 0, 0, 0, 0, 0, 0.404366, 0.367136, 0.417127, 0.382827, 0.305887, -0.318544, -0.077096, 0.503618, 0.305887, 0
12.61, 2025-06-18__17-38-47.891019, -0.378655, -0.631751, -1.90229, -2.13764, -0.892966, 2.22278, -0.93096, -0.403282, -0.397872, 0.181122, 0.000549485, 2.23211e-05, 0.000444514, -0.401649, -0.398796, 0.180151, 0, 0, 0, 0, 0, 0.404368, 0.367135, 0.417126, 0.382828, 0.305888, -0.318538, -0.0770962, 0.503622, 0.305888, 0
12.62, 2025-06-18__17-38-47.901017, -0.378656, -0.631733, -1.9023, -2.13763, -0.892936, 2.22279, -0.930962, -0.403284, -0.397869, 0.181122, -0.00279389, 0.00300634, 0.000275527, -0.401649, -0.398796, 0.180151, 0, 0, 0, 0, 0, 0.404367, 0.367135, 0.417126, 0.382828, 0.305889, -0.318534, -0.0770955, 0.503624, 0.305889, 0
12.63, 2025-06-18__17-38-47.911021, -0.378652, -0.631715, -1.9023, -2.13765, -0.892907, 2.2228, -0.930969, -0.403277, -0.397871, 0.181123, 0.000292566, 0.00112098, -0.00116505, -0.401649, -0.398796, 0.180151, 0, 0, 0, 0, 0, 0.404364, 0.367131, 0.417124, 0.382828, 0.30589, -0.31853, -0.0770975, 0.503626, 0.30589, 0
12.64, 2025-06-18__17-38-47.921018, -0.378655, -0.631706, -1.9023, -2.13765, -0.89288, 2.22281, -0.930973, -0.403277, -0.397872, 0.181127, 0.000563745, 0.000109644, -0.000614096, -0.401649, -0.398796, 0.180151, 0, 0, 0, 0, 0, 0.404365, 0.36713, 0.417124, 0.382829, 0.305891, -0.318526, -0.0770975, 0.50363, 0.305891, 0
12.65, 2025-06-18__17-38-47.931021, -0.378655, -0.631688, -1.9023, -2.13765, -0.892852, 2.22282, -0.930978, -0.403271, -0.397881, 0.181134, 0.000842064, -0.000900928, 0.000657771, -0.401649, -0.398796, 0.180151, 0, 0, 0, 0, 0, 0.40437, 0.36713, 0.417124, 0.382829, 0.305892, -0.31852, -0.0771028, 0.503635, 0.305892, 0
12.66, 2025-06-18__17-38-47.941020, -0.378652, -0.631672, -1.9023, -2.13766, -0.892832, 2.22284, -0.930987, -0.403271, -0.397875, 0.181132, -0.000680604, 0.00179869, -0.00100994, -0.401649, -0.398796, 0.180151, 0, 0, 0, 0, 0, 0.404366, 0.367127, 0.417122, 0.38283, 0.305892, -0.318517, -0.0771007, 0.503637, 0.305892, 0
12.67, 2025-06-18__17-38-47.951017, -0.378651, -0.631663, -1.9023, -2.13766, -0.89281, 2.22285, -0.930985, -0.40327, -0.39788, 0.181135, 0.00193614, -0.00311746, 0.000903211, -0.401649, -0.398796, 0.180151, 0, 0, 0, 0, 0, 0.404368, 0.367127, 0.417123, 0.382831, 0.305894, -0.318515, -0.0771018, 0.503639, 0.305894, 0
12.68, 2025-06-18__17-38-47.961020, -0.378653, -0.631652, -1.9023, -2.13767, -0.892786, 2.22286, -0.93099, -0.40327, -0.397882, 0.181139, -0.000714083, 0.000275558, 0.000775697, -0.401649, -0.398796, 0.180151, 0, 0, 0, 0, 0, 0.40437, 0.367127, 0.417123, 0.382831, 0.305895, -0.318512, -0.0771028, 0.503642, 0.305895, 0
12.69, 2025-06-18__17-38-47.971016, -0.378651, -0.631646, -1.90231, -2.13767, -0.892767, 2.22287, -0.930992, -0.403264, -0.397883, 0.181138, 0.000980325, -0.00104746, 0.000715079, -0.401649, -0.398796, 0.180151, 0, 0, 0, 0, 0, 0.404366, 0.367124, 0.417122, 0.382832, 0.305895, -0.318509, -0.0771035, 0.503642, 0.305895, 0
12.7, 2025-06-18__17-38-47.981018, -0.378653, -0.631635, -1.9023, -2.13767, -0.892748, 2.22288, -0.931, -0.403261, -0.39788, 0.181134, 0.000194878, -6.98506e-05, -6.26072e-05, -0.401649, -0.398796, 0.180151, 0, 0, 0, 0, 0, 0.404361, 0.367121, 0.417119, 0.382832, 0.305896, -0.318506, -0.0771026, 0.503642, 0.305896, 0
12.71, 2025-06-18__17-38-47.991017, -0.37865, -0.631631, -1.90231, -2.13768, -0.892723, 2.22289, -0.931004, -0.403266, -0.397882, 0.18114, -0.000914783, 2.31705e-06, 0.000405806, -0.401649, -0.398796, 0.180151, 0, 0, 0, 0, 0, 0.404366, 0.367124, 0.417122, 0.382833, 0.305897, -0.318505, -0.077102, 0.503644, 0.305897, 0
12.72, 2025-06-18__17-38-48.001021, -0.378655, -0.631622, -1.90232, -2.13768, -0.892701, 2.22289, -0.931017, -0.403261, -0.39788, 0.181138, 0.000597443, -0.00127643, 0.000987213, -0.401649, -0.398796, 0.180151, 0, 0, 0, 0, 0, 0.404361, 0.367119, 0.417119, 0.382833, 0.305897, -0.318502, -0.0771017, 0.503645, 0.305897, 0
12.73, 2025-06-18__17-38-48.011018, -0.378654, -0.63162, -1.90231, -2.13769, -0.892672, 2.2229, -0.931017, -0.403258, -0.397883, 0.18114, 0.00068069, 0.000644014, -0.000979331, -0.401649, -0.398796, 0.180151, 0, 0, 0, 0, 0, 0.404361, 0.367119, 0.417119, 0.382833, 0.305898, -0.318499, -0.0771027, 0.503646, 0.305898, 0
12.74, 2025-06-18__17-38-48.021016, -0.378654, -0.631607, -1.90231, -2.13769, -0.892644, 2.2229, -0.93102, -0.403257, -0.397885, 0.181143, -0.000153713, -0.000549328, 0.000422542, -0.401649, -0.398796, 0.180151, 0, 0, 0, 0, 0, 0.404363, 0.367118, 0.417119, 0.382834, 0.305898, -0.318496, -0.0771038, 0.503649, 0.305898, 0
12.75, 2025-06-18__17-38-48.031019, -0.37865, -0.631596, -1.90232, -2.13769, -0.892623, 2.22292, -0.931021, -0.403251, -0.397885, 0.181141, -0.000262402, 0.000229767, 0.000405935, -0.401649, -0.398796, 0.180151, 0, 0, 0, 0, 0, 0.404359, 0.367115, 0.417117, 0.382834, 0.305899, -0.318494, -0.0771032, 0.503649, 0.305899, 0
12.76, 2025-06-18__17-38-48.041017, -0.378655, -0.631587, -1.90232, -2.13769, -0.892608, 2.22292, -0.931024, -0.403252, -0.397883, 0.18114, 0.000211527, -0.000936399, 0.00102606, -0.401649, -0.398796, 0.180151, 0, 0, 0, 0, 0, 0.404357, 0.367114, 0.417116, 0.382834, 0.305899, -0.318491, -0.0771038, 0.50365, 0.305899, 0
12.77, 2025-06-18__17-38-48.051016, -0.378644, -0.631586, -1.90232, -2.1377, -0.892588, 2.22292, -0.931026, -0.403247, -0.397881, 0.181138, 0.000673316, -0.00052897, 0.000366586, -0.401649, -0.398796, 0.180151, 0, 0, 0, 0, 0, 0.404352, 0.36711, 0.417114, 0.382834, 0.305899, -0.318489, -0.0771037, 0.50365, 0.305899, 0
12.78, 2025-06-18__17-38-48.061021, -0.378655, -0.631574, -1.90232, -2.1377, -0.892574, 2.22293, -0.931036, -0.403248, -0.397881, 0.181139, 0.00013389, -0.000378886, 0.000815188, -0.401649, -0.398796, 0.180151, 0, 0, 0, 0, 0, 0.404353, 0.367111, 0.417114, 0.382834, 0.3059, -0.318488, -0.0771024, 0.503651, 0.3059, 0
12.79, 2025-06-18__17-38-48.071017, -0.378647, -0.631568, -1.90232, -2.1377, -0.892564, 2.22293, -0.931041, -0.403246, -0.397883, 0.18114, 0.0011847, -0.00120707, 0.000258259, -0.401649, -0.398796, 0.180151, 0, 0, 0, 0, 0, 0.404353, 0.36711, 0.417114, 0.382834, 0.3059, -0.318487, -0.0771039, 0.503652, 0.3059, 0
12.8, 2025-06-18__17-38-48.081017, -0.378655, -0.631557, -1.90232, -2.1377, -0.892549, 2.22294, -0.931039, -0.40325, -0.39788, 0.181142, 0.000237136, -9.65413e-05, 0.000954253, -0.401649, -0.398796, 0.180151, 0, 0, 0, 0, 0, 0.404355, 0.367111, 0.417114, 0.382835, 0.305901, -0.318484, -0.0771035, 0.503656, 0.305901, 0
12.81, 2025-06-18__17-38-48.091017, -0.378655, -0.631551, -1.90233, -2.1377, -0.892532, 2.22295, -0.931041, -0.403247, -0.397879, 0.18114, -0.000989316, 0.00120426, 7.60979e-05, -0.401649, -0.398796, 0.180151, 0, 0, 0, 0, 0, 0.404351, 0.367108, 0.417113, 0.382836, 0.305902, -0.318483, -0.0771025, 0.503655, 0.305902, 0
12.82, 2025-06-18__17-38-48.101017, -0.378649, -0.631535, -1.90233, -2.13771, -0.892521, 2.22295, -0.931052, -0.403245, -0.397881, 0.181144, 0.000547277, 0.000351387, -0.00107738, -0.401649, -0.398796, 0.180151, 0, 0, 0, 0, 0, 0.404353, 0.367108, 0.417113, 0.382835, 0.305902, -0.318479, -0.0771051, 0.503659, 0.305902, 0
12.83, 2025-06-18__17-38-48.111020, -0.378655, -0.631519, -1.90234, -2.13771, -0.892504, 2.22296, -0.931044, -0.403249, -0.39788, 0.181149, 0.000484625, -0.00182153, 0.00141341, -0.401649, -0.398796, 0.180151, 0, 0, 0, 0, 0, 0.404356, 0.367107, 0.417113, 0.382836, 0.305902, -0.318475, -0.0771048, 0.503664, 0.305902, 0
12.84, 2025-06-18__17-38-48.121016, -0.378652, -0.6315, -1.90234, -2.13771, -0.892492, 2.22296, -0.931051, -0.403248, -0.397881, 0.181152, -0.000351972, -7.38437e-05, 0.0013959, -0.401649, -0.398796, 0.180151, 0, 0, 0, 0, 0, 0.404358, 0.367107, 0.417112, 0.382836, 0.305902, -0.318472, -0.0771067, 0.503668, 0.305902, 0
12.85, 2025-06-18__17-38-48.131019, -0.378647, -0.631482, -1.90234, -2.13771, -0.892477, 2.22297, -0.931056, -0.403252, -0.397877, 0.181154, -0.000594918, 0.000559128, 0.000317885, -0.401649, -0.398796, 0.180151, 0, 0, 0, 0, 0, 0.404358, 0.367107, 0.417113, 0.382836, 0.305903, -0.318469, -0.0771059, 0.503671, 0.305903, 0
12.86, 2025-06-18__17-38-48.141018, -0.378655, -0.631468, -1.90234, -2.13771, -0.892468, 2.22297, -0.931055, -0.403247, -0.397878, 0.181155, 0.00135962, -0.000887202, 0.000579629, -0.401649, -0.398796, 0.180151, 0, 0, 0, 0, 0, 0.404356, 0.367104, 0.41711, 0.382836, 0.305903, -0.318464, -0.0771091, 0.503675, 0.305903, 0
12.87, 2025-06-18__17-38-48.151017, -0.378655, -0.63144, -1.90234, -2.13772, -0.892455, 2.22298, -0.931064, -0.403255, -0.397879, 0.181164, 0.000100832, -0.00117328, 0.0011109, -0.401649, -0.398796, 0.180151, 0, 0, 0, 0, 0, 0.404365, 0.367108, 0.417113, 0.382837, 0.305904, -0.318462, -0.0771098, 0.503682, 0.305904, 0
12.88, 2025-06-18__17-38-48.161018, -0.378657, -0.631426, -1.90234, -2.13772, -0.892446, 2.22298, -0.931069, -0.403255, -0.397873, 0.181162, -0.000520062, 0.000814217, 4.4922e-05, -0.401649, -0.398796, 0.180151, 0, 0, 0, 0, 0, 0.404361, 0.367104, 0.417111, 0.382837, 0.305904, -0.318459, -0.0771092, 0.503685, 0.305904, 0
12.89, 2025-06-18__17-38-48.171021, -0.378655, -0.631395, -1.90234, -2.13773, -0.892438, 2.22299, -0.931067, -0.403256, -0.397875, 0.181168, 4.25375e-05, 0.00040975, -0.000231344, -0.401649, -0.398796, 0.180151, 0, 0, 0, 0, 0, 0.404365, 0.367105, 0.417111, 0.382838, 0.305905, -0.318454, -0.0771116, 0.503691, 0.305905, 0
12.9, 2025-06-18__17-38-48.181018, -0.378657, -0.631378, -1.90236, -2.13772, -0.89243, 2.22299, -0.931065, -0.403261, -0.397871, 0.181173, -0.000640173, -0.000441108, 0.00175398, -0.401649, -0.398796, 0.180151, 0, 0, 0, 0, 0, 0.404368, 0.367104, 0.417111, 0.382837, 0.305905, -0.318451, -0.0771111, 0.503697, 0.305905, 0
12.91, 2025-06-18__17-38-48.191017, -0.378649, -0.631368, -1.90235, -2.13773, -0.89242, 2.22299, -0.931069, -0.40326, -0.397866, 0.181171, 0.000299993, 0.00040528, -0.000188002, -0.401649, -0.398796, 0.180151, 0, 0, 0, 0, 0, 0.404364, 0.367101, 0.417109, 0.382837, 0.305905, -0.318447, -0.0771119, 0.5037, 0.305905, 0
12.92, 2025-06-18__17-38-48.201017, -0.378652, -0.63135, -1.90235, -2.13773, -0.892411, 2.223, -0.931073, -0.403257, -0.397873, 0.181177, 0.000785743, -0.0008301, 0.000180099, -0.401649, -0.398796, 0.180151, 0, 0, 0, 0, 0, 0.404368, 0.367101, 0.417109, 0.382838, 0.305906, -0.318444, -0.0771147, 0.503703, 0.305906, 0
12.93, 2025-06-18__17-38-48.211019, -0.378652, -0.631332, -1.90235, -2.13773, -0.892403, 2.22301, -0.931075, -0.403262, -0.397869, 0.181178, 0.000607332, -0.000129904, 0.000231966, -0.401649, -0.398796, 0.180151, 0, 0, 0, 0, 0, 0.404369, 0.367102, 0.41711, 0.382839, 0.305906, -0.318442, -0.0771134, 0.503706, 0.305906, 0
12.94, 2025-06-18__17-38-48.221017, -0.378652, -0.631317, -1.90236, -2.13773, -0.892392, 2.22301, -0.931082, -0.403259, -0.397874, 0.181184, 0.000224238, -0.000605465, 0.00019249, -0.401649, -0.398796, 0.180151, 0, 0, 0, 0, 0, 0.404373, 0.367101, 0.41711, 0.382838, 0.305906, -0.318439, -0.0771165, 0.503711, 0.305906, 0
12.95, 2025-06-18__17-38-48.231019, -0.378655, -0.631305, -1.90236, -2.13773, -0.892386, 2.22301, -0.931083, -0.403265, -0.397867, 0.181184, -0.0010877, 0.000271832, 0.000972418, -0.401649, -0.398796, 0.180151, 0, 0, 0, 0, 0, 0.404373, 0.367101, 0.41711, 0.382839, 0.305906, -0.318438, -0.0771142, 0.503714, 0.305906, 0
12.96, 2025-06-18__17-38-48.241017, -0.378655, -0.631305, -1.90236, -2.13773, -0.892386, 2.22301, -0.931083, -0.403265, -0.397867, 0.181184, -0.0010877, 0.000271832, 0.000972418, -0.401649, -0.398796, 0.180151, 0, 0, 0, 0, 0, 0.404373, 0.367101, 0.41711, 0.382839, 0.305906, -0.318438, -0.0771142, 0.503714, 0.305906, 0
12.97, 2025-06-18__17-38-48.251017, -0.378655, -0.631305, -1.90236, -2.13773, -0.892386, 2.22301, -0.931083, -0.403265, -0.397867, 0.181184, -0.0010877, 0.000271832, 0.000972418, -0.401649, -0.398796, 0.180151, 0, 0, 0, 0, 0, 0.404373, 0.367101, 0.41711, 0.382839, 0.305906, -0.318438, -0.0771142, 0.503714, 0.305906, 0
12.98, 2025-06-18__17-38-48.261019, -0.378655, -0.631305, -1.90236, -2.13773, -0.892386, 2.22301, -0.931083, -0.403265, -0.397867, 0.181184, -0.0010877, 0.000271832, 0.000972418, -0.401649, -0.398796, 0.180151, 0, 0, 0, 0, 0, 0.404373, 0.367101, 0.41711, 0.382839, 0.305906, -0.318438, -0.0771142, 0.503714, 0.305906, 0
12.99, 2025-06-18__17-38-48.271017, -0.378655, -0.631305, -1.90236, -2.13773, -0.892386, 2.22301, -0.931083, -0.403265, -0.397867, 0.181184, -0.0010877, 0.000271832, 0.000972418, -0.401649, -0.398796, 0.180151, 0, 0, 0, 0, 0, 0.404373, 0.367101, 0.41711, 0.382839, 0.305906, -0.318438, -0.0771142, 0.503714, 0.305906, 0
13, 2025-06-18__17-38-48.281021, -0.378655, -0.631305, -1.90236, -2.13773, -0.892386, 2.22301, -0.931083, -0.403265, -0.397867, 0.181184, -0.0010877, 0.000271832, 0.000972418, -0.401649, -0.398796, 0.180151, 0, 0, 0, 0, 0, 0.404373, 0.367101, 0.41711, 0.382839, 0.305906, -0.318438, -0.0771142, 0.503714, 0.305906, 0
13.01, 2025-06-18__17-38-48.291019, -0.378655, -0.631305, -1.90236, -2.13773, -0.892386, 2.22301, -0.931083, -0.403265, -0.397867, 0.181184, -0.0010877, 0.000271832, 0.000972418, -0.401649, -0.398796, 0.180151, 0, 0, 0, 0, 0, 0.404373, 0.367101, 0.41711, 0.382839, 0.305906, -0.318438, -0.0771142, 0.503714, 0.305906, 0
13.02, 2025-06-18__17-38-48.301017, -0.378655, -0.631305, -1.90236, -2.13773, -0.892386, 2.22301, -0.931083, -0.403265, -0.397867, 0.181184, -0.0010877, 0.000271832, 0.000972418, -0.401649, -0.398796, 0.180151, 0, 0, 0, 0, 0, 0.404373, 0.367101, 0.41711, 0.382839, 0.305906, -0.318438, -0.0771142, 0.503714, 0.305906, 0
13.03, 2025-06-18__17-38-48.311017, -0.378655, -0.631305, -1.90236, -2.13773, -0.892386, 2.22301, -0.931083, -0.403265, -0.397867, 0.181184, -0.0010877, 0.000271832, 0.000972418, -0.401649, -0.398796, 0.180151, 0, 0, 0, 0, 0, 0.404373, 0.367101, 0.41711, 0.382839, 0.305906, -0.318438, -0.0771142, 0.503714, 0.305906, 0
13.04, 2025-06-18__17-38-48.321016, -0.378655, -0.631305, -1.90236, -2.13773, -0.892386, 2.22301, -0.931083, -0.403265, -0.397867, 0.181184, -0.0010877, 0.000271832, 0.000972418, -0.401649, -0.398796, 0.180151, 0, 0, 0, 0, 0, 0.404373, 0.367101, 0.41711, 0.382839, 0.305906, -0.318438, -0.0771142, 0.503714, 0.305906, 0
13.05, 2025-06-18__17-38-48.331017, -0.378655, -0.631305, -1.90236, -2.13773, -0.892386, 2.22301, -0.931083, -0.403265, -0.397867, 0.181184, -0.0010877, 0.000271832, 0.000972418, -0.401649, -0.398796, 0.180151, 0, 0, 0, 0, 0, 0.404373, 0.367101, 0.41711, 0.382839, 0.305906, -0.318438, -0.0771142, 0.503714, 0.305906, 0
13.06, 2025-06-18__17-38-48.341015, -0.378655, -0.631305, -1.90236, -2.13773, -0.892386, 2.22301, -0.931083, -0.403265, -0.397867, 0.181184, -0.0010877, 0.000271832, 0.000972418, -0.401649, -0.398796, 0.180151, 0, 0, 0, 0, 0, 0.404373, 0.367101, 0.41711, 0.382839, 0.305906, -0.318438, -0.0771142, 0.503714, 0.305906, 0
13.07, 2025-06-18__17-38-48.351019, -0.378655, -0.631305, -1.90236, -2.13773, -0.892386, 2.22301, -0.931083, -0.403265, -0.397867, 0.181184, -0.0010877, 0.000271832, 0.000972418, -0.401649, -0.398796, 0.180151, 0, 0, 0, 0, 0, 0.404373, 0.367101, 0.41711, 0.382839, 0.305906, -0.318438, -0.0771142, 0.503714, 0.305906, 0
13.08, 2025-06-18__17-38-48.361018, -0.378655, -0.631305, -1.90236, -2.13773, -0.892386, 2.22301, -0.931083, -0.403265, -0.397867, 0.181184, -0.0010877, 0.000271832, 0.000972418, -0.401649, -0.398796, 0.180151, 0, 0, 0, 0, 0, 0.404373, 0.367101, 0.41711, 0.382839, 0.305906, -0.318438, -0.0771142, 0.503714, 0.305906, 0
13.09, 2025-06-18__17-38-48.371016, -0.378655, -0.631305, -1.90236, -2.13773, -0.892386, 2.22301, -0.931083, -0.403265, -0.397867, 0.181184, -0.0010877, 0.000271832, 0.000972418, -0.401649, -0.398796, 0.180151, 0, 0, 0, 0, 0, 0.404373, 0.367101, 0.41711, 0.382839, 0.305906, -0.318438, -0.0771142, 0.503714, 0.305906, 0
13.1, 2025-06-18__17-38-48.381018, -0.378655, -0.631305, -1.90236, -2.13773, -0.892386, 2.22301, -0.931083, -0.403265, -0.397867, 0.181184, -0.0010877, 0.000271832, 0.000972418, -0.401649, -0.398796, 0.180151, 0, 0, 0, 0, 0, 0.404373, 0.367101, 0.41711, 0.382839, 0.305906, -0.318438, -0.0771142, 0.503714, 0.305906, 0
13.11, 2025-06-18__17-38-48.391017, -0.378655, -0.631305, -1.90236, -2.13773, -0.892386, 2.22301, -0.931083, -0.403265, -0.397867, 0.181184, -0.0010877, 0.000271832, 0.000972418, -0.401649, -0.398796, 0.180151, 0, 0, 0, 0, 0, 0.404373, 0.367101, 0.41711, 0.382839, 0.305906, -0.318438, -0.0771142, 0.503714, 0.305906, 0
13.12, 2025-06-18__17-38-48.401018, -0.378655, -0.631305, -1.90236, -2.13773, -0.892386, 2.22301, -0.931083, -0.403265, -0.397867, 0.181184, -0.0010877, 0.000271832, 0.000972418, -0.401649, -0.398796, 0.180151, 0, 0, 0, 0, 0, 0.404373, 0.367101, 0.41711, 0.382839, 0.305906, -0.318438, -0.0771142, 0.503714, 0.305906, 0
13.13, 2025-06-18__17-38-48.411018, -0.378655, -0.631305, -1.90236, -2.13773, -0.892386, 2.22301, -0.931083, -0.403265, -0.397867, 0.181184, -0.0010877, 0.000271832, 0.000972418, -0.401649, -0.398796, 0.180151, 0, 0, 0, 0, 0, 0.404373, 0.367101, 0.41711, 0.382839, 0.305906, -0.318438, -0.0771142, 0.503714, 0.305906, 0
13.14, 2025-06-18__17-38-48.421035, -0.378655, -0.631305, -1.90236, -2.13773, -0.892386, 2.22301, -0.931083, -0.403265, -0.397867, 0.181184, -0.0010877, 0.000271832, 0.000972418, -0.401649, -0.398796, 0.180151, 0, 0, 0, 0, 0, 0.404373, 0.367101, 0.41711, 0.382839, 0.305906, -0.318438, -0.0771142, 0.503714, 0.305906, 0
13.15, 2025-06-18__17-38-48.431032, -0.378655, -0.631305, -1.90236, -2.13773, -0.892386, 2.22301, -0.931083, -0.403265, -0.397867, 0.181184, -0.0010877, 0.000271832, 0.000972418, -0.401649, -0.398796, 0.180151, 0, 0, 0, 0, 0, 0.404373, 0.367101, 0.41711, 0.382839, 0.305906, -0.318438, -0.0771142, 0.503714, 0.305906, 0
13.16, 2025-06-18__17-38-48.441033, -0.378655, -0.631305, -1.90236, -2.13773, -0.892386, 2.22301, -0.931083, -0.403265, -0.397867, 0.181184, -0.0010877, 0.000271832, 0.000972418, -0.401649, -0.398796, 0.180151, 0, 0, 0, 0, 0, 0.404373, 0.367101, 0.41711, 0.382839, 0.305906, -0.318438, -0.0771142, 0.503714, 0.305906, 0
13.17, 2025-06-18__17-38-48.451032, -0.378655, -0.631305, -1.90236, -2.13773, -0.892386, 2.22301, -0.931083, -0.403265, -0.397867, 0.181184, -0.0010877, 0.000271832, 0.000972418, -0.401649, -0.398796, 0.180151, 0, 0, 0, 0, 0, 0.404373, 0.367101, 0.41711, 0.382839, 0.305906, -0.318438, -0.0771142, 0.503714, 0.305906, 0
13.18, 2025-06-18__17-38-48.461021, -0.378655, -0.631305, -1.90236, -2.13773, -0.892386, 2.22301, -0.931083, -0.403265, -0.397867, 0.181184, -0.0010877, 0.000271832, 0.000972418, -0.401649, -0.398796, 0.180151, 0, 0, 0, 0, 0, 0.404373, 0.367101, 0.41711, 0.382839, 0.305906, -0.318438, -0.0771142, 0.503714, 0.305906, 0
13.19, 2025-06-18__17-38-48.471033, -0.378655, -0.631305, -1.90236, -2.13773, -0.892386, 2.22301, -0.931083, -0.403265, -0.397867, 0.181184, -0.0010877, 0.000271832, 0.000972418, -0.401649, -0.398796, 0.180151, 0, 0, 0, 0, 0, 0.404373, 0.367101, 0.41711, 0.382839, 0.305906, -0.318438, -0.0771142, 0.503714, 0.305906, 0
13.2, 2025-06-18__17-38-48.481032, -0.378655, -0.631305, -1.90236, -2.13773, -0.892386, 2.22301, -0.931083, -0.403265, -0.397867, 0.181184, -0.0010877, 0.000271832, 0.000972418, -0.401649, -0.398796, 0.180151, 0, 0, 0, 0, 0, 0.404373, 0.367101, 0.41711, 0.382839, 0.305906, -0.318438, -0.0771142, 0.503714, 0.305906, 0
13.21, 2025-06-18__17-38-48.491032, -0.378655, -0.631305, -1.90236, -2.13773, -0.892386, 2.22301, -0.931083, -0.403265, -0.397867, 0.181184, -0.0010877, 0.000271832, 0.000972418, -0.401649, -0.398796, 0.180151, 0, 0, 0, 0, 0, 0.404373, 0.367101, 0.41711, 0.382839, 0.305906, -0.318438, -0.0771142, 0.503714, 0.305906, 0
13.22, 2025-06-18__17-38-48.501033, -0.378655, -0.631305, -1.90236, -2.13773, -0.892386, 2.22301, -0.931083, -0.403265, -0.397867, 0.181184, -0.0010877, 0.000271832, 0.000972418, -0.401649, -0.398796, 0.180151, 0, 0, 0, 0, 0, 0.404373, 0.367101, 0.41711, 0.382839, 0.305906, -0.318438, -0.0771142, 0.503714, 0.305906, 0
13.23, 2025-06-18__17-38-48.511033, -0.378655, -0.631305, -1.90236, -2.13773, -0.892386, 2.22301, -0.931083, -0.403265, -0.397867, 0.181184, -0.0010877, 0.000271832, 0.000972418, -0.401649, -0.398796, 0.180151, 0, 0, 0, 0, 0, 0.404373, 0.367101, 0.41711, 0.382839, 0.305906, -0.318438, -0.0771142, 0.503714, 0.305906, 0
13.24, 2025-06-18__17-38-48.521033, -0.378655, -0.631305, -1.90236, -2.13773, -0.892386, 2.22301, -0.931083, -0.403265, -0.397867, 0.181184, -0.0010877, 0.000271832, 0.000972418, -0.401649, -0.398796, 0.180151, 0, 0, 0, 0, 0, 0.404373, 0.367101, 0.41711, 0.382839, 0.305906, -0.318438, -0.0771142, 0.503714, 0.305906, 0
13.25, 2025-06-18__17-38-48.531033, -0.378655, -0.631305, -1.90236, -2.13773, -0.892386, 2.22301, -0.931083, -0.403265, -0.397867, 0.181184, -0.0010877, 0.000271832, 0.000972418, -0.401649, -0.398796, 0.180151, 0, 0, 0, 0, 0, 0.404373, 0.367101, 0.41711, 0.382839, 0.305906, -0.318438, -0.0771142, 0.503714, 0.305906, 0
13.26, 2025-06-18__17-38-48.541032, -0.378655, -0.631305, -1.90236, -2.13773, -0.892386, 2.22301, -0.931083, -0.403265, -0.397867, 0.181184, -0.0010877, 0.000271832, 0.000972418, -0.401649, -0.398796, 0.180151, 0, 0, 0, 0, 0, 0.404373, 0.367101, 0.41711, 0.382839, 0.305906, -0.318438, -0.0771142, 0.503714, 0.305906, 0
13.27, 2025-06-18__17-38-48.551032, -0.378655, -0.631305, -1.90236, -2.13773, -0.892386, 2.22301, -0.931083, -0.403265, -0.397867, 0.181184, -0.0010877, 0.000271832, 0.000972418, -0.401649, -0.398796, 0.180151, 0, 0, 0, 0, 0, 0.404373, 0.367101, 0.41711, 0.382839, 0.305906, -0.318438, -0.0771142, 0.503714, 0.305906, 0
13.28, 2025-06-18__17-38-48.561030, -0.378655, -0.631305, -1.90236, -2.13773, -0.892386, 2.22301, -0.931083, -0.403265, -0.397867, 0.181184, -0.0010877, 0.000271832, 0.000972418, -0.401649, -0.398796, 0.180151, 0, 0, 0, 0, 0, 0.404373, 0.367101, 0.41711, 0.382839, 0.305906, -0.318438, -0.0771142, 0.503714, 0.305906, 0
13.29, 2025-06-18__17-38-48.571028, -0.378655, -0.631305, -1.90236, -2.13773, -0.892386, 2.22301, -0.931083, -0.403265, -0.397867, 0.181184, -0.0010877, 0.000271832, 0.000972418, -0.401649, -0.398796, 0.180151, 0, 0, 0, 0, 0, 0.404373, 0.367101, 0.41711, 0.382839, 0.305906, -0.318438, -0.0771142, 0.503714, 0.305906, 0
13.3, 2025-06-18__17-38-48.581033, -0.378655, -0.631305, -1.90236, -2.13773, -0.892386, 2.22301, -0.931083, -0.403265, -0.397867, 0.181184, -0.0010877, 0.000271832, 0.000972418, -0.401649, -0.398796, 0.180151, 0, 0, 0, 0, 0, 0.404373, 0.367101, 0.41711, 0.382839, 0.305906, -0.318438, -0.0771142, 0.503714, 0.305906, 0
13.31, 2025-06-18__17-38-48.591033, -0.378655, -0.631305, -1.90236, -2.13773, -0.892386, 2.22301, -0.931083, -0.403265, -0.397867, 0.181184, -0.0010877, 0.000271832, 0.000972418, -0.401649, -0.398796, 0.180151, 0, 0, 0, 0, 0, 0.404373, 0.367101, 0.41711, 0.382839, 0.305906, -0.318438, -0.0771142, 0.503714, 0.305906, 0
13.32, 2025-06-18__17-38-48.601033, -0.378655, -0.631305, -1.90236, -2.13773, -0.892386, 2.22301, -0.931083, -0.403265, -0.397867, 0.181184, -0.0010877, 0.000271832, 0.000972418, -0.401649, -0.398796, 0.180151, 0, 0, 0, 0, 0, 0.404373, 0.367101, 0.41711, 0.382839, 0.305906, -0.318438, -0.0771142, 0.503714, 0.305906, 0
13.33, 2025-06-18__17-38-48.611033, -0.378655, -0.631305, -1.90236, -2.13773, -0.892386, 2.22301, -0.931083, -0.403265, -0.397867, 0.181184, -0.0010877, 0.000271832, 0.000972418, -0.401649, -0.398796, 0.180151, 0, 0, 0, 0, 0, 0.404373, 0.367101, 0.41711, 0.382839, 0.305906, -0.318438, -0.0771142, 0.503714, 0.305906, 0
13.34, 2025-06-18__17-38-48.621019, -0.378655, -0.631305, -1.90236, -2.13773, -0.892386, 2.22301, -0.931083, -0.403265, -0.397867, 0.181184, -0.0010877, 0.000271832, 0.000972418, -0.401649, -0.398796, 0.180151, 0, 0, 0, 0, 0, 0.404373, 0.367101, 0.41711, 0.382839, 0.305906, -0.318438, -0.0771142, 0.503714, 0.305906, 0
13.35, 2025-06-18__17-38-48.631020, -0.378655, -0.631305, -1.90236, -2.13773, -0.892386, 2.22301, -0.931083, -0.403265, -0.397867, 0.181184, -0.0010877, 0.000271832, 0.000972418, -0.401649, -0.398796, 0.180151, 0, 0, 0, 0, 0, 0.404373, 0.367101, 0.41711, 0.382839, 0.305906, -0.318438, -0.0771142, 0.503714, 0.305906, 0
13.36, 2025-06-18__17-38-48.641022, -0.378655, -0.631305, -1.90236, -2.13773, -0.892386, 2.22301, -0.931083, -0.403265, -0.397867, 0.181184, -0.0010877, 0.000271832, 0.000972418, -0.401649, -0.398796, 0.180151, 0, 0, 0, 0, 0, 0.404373, 0.367101, 0.41711, 0.382839, 0.305906, -0.318438, -0.0771142, 0.503714, 0.305906, 0
13.37, 2025-06-18__17-38-48.651019, -0.378655, -0.631305, -1.90236, -2.13773, -0.892386, 2.22301, -0.931083, -0.403265, -0.397867, 0.181184, -0.0010877, 0.000271832, 0.000972418, -0.401649, -0.398796, 0.180151, 0, 0, 0, 0, 0, 0.404373, 0.367101, 0.41711, 0.382839, 0.305906, -0.318438, -0.0771142, 0.503714, 0.305906, 0
13.38, 2025-06-18__17-38-48.661019, -0.378655, -0.631305, -1.90236, -2.13773, -0.892386, 2.22301, -0.931083, -0.403265, -0.397867, 0.181184, -0.0010877, 0.000271832, 0.000972418, -0.401649, -0.398796, 0.180151, 0, 0, 0, 0, 0, 0.404373, 0.367101, 0.41711, 0.382839, 0.305906, -0.318438, -0.0771142, 0.503714, 0.305906, 0
13.39, 2025-06-18__17-38-48.671020, -0.378655, -0.631305, -1.90236, -2.13773, -0.892386, 2.22301, -0.931083, -0.403265, -0.397867, 0.181184, -0.0010877, 0.000271832, 0.000972418, -0.401649, -0.398796, 0.180151, 0, 0, 0, 0, 0, 0.404373, 0.367101, 0.41711, 0.382839, 0.305906, -0.318438, -0.0771142, 0.503714, 0.305906, 0
13.4, 2025-06-18__17-38-48.681021, -0.378655, -0.631305, -1.90236, -2.13773, -0.892386, 2.22301, -0.931083, -0.403265, -0.397867, 0.181184, -0.0010877, 0.000271832, 0.000972418, -0.401649, -0.398796, 0.180151, 0, 0, 0, 0, 0, 0.404373, 0.367101, 0.41711, 0.382839, 0.305906, -0.318438, -0.0771142, 0.503714, 0.305906, 0
