time, timestamp, robot_q__0, robot_q__1, robot_q__2, robot_q__3, robot_q__4, robot_q__5, robot_q__6, robot_dq__0, robot_dq__1, robot_dq__2, robot_dq__3, robot_dq__4, robot_dq__5, robot_dq__6, robot_torque__0, robot_torque__1, robot_torque__2, robot_torque__3, robot_torque__4, robot_torque__5, robot_torque__6, joint_pos_state__0, joint_pos_state__1, joint_pos_state__2, joint_pos_state__3, joint_pos_state__4, joint_pos_state__5, joint_pos_state__6, ee_pos__0, ee_pos__1, ee_pos__2, goal_pos__0, goal_pos__1, goal_pos__2, ee_ori__0, ee_ori__1, ee_ori__2, ee_ori__3, ee_ori__4, ee_ori__5, ee_ori__6, ee_ori__7, ee_ori__8, locked_joint, 
0.0100001, 2025-07-03__00-41-08.759338, 0, -0.436332, 0, -2.35619, 0, 1.8326, 0, 0, 0, 0, 0, 0, 0, 0, 0, 0, 0, 0, 0, 0, 0, 0, 0, 0, 0, 0, 0, 0, 0.387704, -6.74018e-12, 0.247099, 0.387704, -6.74018e-12, 0.247099, 0.996195, -3.71201e-12, -0.0871557, -4.46982e-12, -1, -8.49977e-12, -0.0871557, 8.857e-12, -0.996195, 0
0.0200001, 2025-07-03__00-41-08.769404, -0.0473919, -0.0809075, 0.034602, -2.29069, -0.0218593, 2.13637, 0.731672, 0.00118721, -0.00843943, 0.00606465, -0.0106376, 0.0240095, -0.0300356, -0.0377934, 0, 0, 0, 0, 0, 0, 0, 0, 0, 0, 0, 0, 0, 0, 0.387704, -6.74018e-12, 0.247099, 0.387704, -6.74018e-12, 0.247099, 0.996195, -3.71201e-12, -0.0871557, -4.46982e-12, -1, -8.49977e-12, -0.0871557, 8.857e-12, -0.996195, 0
0.0300001, 2025-07-03__00-41-08.779383, -0.0472301, -0.0818867, 0.0347247, -2.29124, -0.0203578, 2.13351, 0.728997, 0.0107516, -0.138227, 0.0104007, -0.0698148, 0.195304, -0.3767, -0.344996, 0, 0, 0, 0, 0, 0, 0, 0, 0, 0, 0, 0, 0, 0, 0.387704, -6.74018e-12, 0.247099, 0.387704, -6.74018e-12, 0.247099, 0.996195, -3.71201e-12, -0.0871557, -4.46982e-12, -1, -8.49977e-12, -0.0871557, 8.857e-12, -0.996195, 0
0.0400001, 2025-07-03__00-41-08.789381, -0.0470473, -0.0835187, 0.0348277, -2.29229, -0.0176662, 2.12776, 0.724003, 0.0208317, -0.140822, 0.0101029, -0.10544, 0.279689, -0.604547, -0.516856, 0, 0, 0, 0, 0, 0, 0, 0, 0, 0, 0, 0, 0, 0, 0.387704, -6.74018e-12, 0.247099, 0.387704, -6.74018e-12, 0.247099, 0.996195, -3.71201e-12, -0.0871557, -4.46982e-12, -1, -8.49977e-12, -0.0871557, 8.857e-12, -0.996195, 0
0.0500001, 2025-07-03__00-41-08.799382, -0.0468275, -0.0846346, 0.034939, -2.29366, -0.0149157, 2.12093, 0.71875, 0.0245696, -0.116118, 0.0115655, -0.151465, 0.269282, -0.690731, -0.505863, 0, 0, 0, 0, 0, 0, 0, 0, 0, 0, 0, 0, 0, 0, 0.387704, -6.74018e-12, 0.247099, 0.387704, -6.74018e-12, 0.247099, 0.996195, -3.71201e-12, -0.0871557, -4.46982e-12, -1, -8.49977e-12, -0.0871557, 8.857e-12, -0.996195, 0
0.0600001, 2025-07-03__00-41-08.809382, -0.0465997, -0.0866543, 0.0350545, -2.29582, -0.0126336, 2.11371, 0.714287, 0.0284218, -0.238555, 0.0133615, -0.244529, 0.216881, -0.743178, -0.429503, 0, 0, 0, 0, 0, 0, 0, 0, 0, 0, 0, 0, 0, 0, 0.387704, -6.74018e-12, 0.247099, 0.387704, -6.74018e-12, 0.247099, 0.996195, -3.71201e-12, -0.0871557, -4.46982e-12, -1, -8.49977e-12, -0.0871557, 8.857e-12, -0.996195, 0
0.0700001, 2025-07-03__00-41-08.819382, -0.0463358, -0.089797, 0.0352088, -2.29885, -0.0108956, 2.10631, 0.710625, 0.0297203, -0.319251, 0.0194865, -0.318015, 0.165478, -0.731931, -0.362046, 0, 0, 0, 0, 0, 0, 0, 0, 0, 0, 0, 0, 0, 0, 0.387704, -6.74018e-12, 0.247099, 0.387704, -6.74018e-12, 0.247099, 0.996195, -3.71201e-12, -0.0871557, -4.46982e-12, -1, -8.49977e-12, -0.0871557, 8.857e-12, -0.996195, 0
0.0800001, 2025-07-03__00-41-08.829381, -0.0460609, -0.0930817, 0.0354343, -2.30233, -0.00952908, 2.09903, 0.706807, 0.0247588, -0.329105, 0.0249127, -0.350905, 0.129493, -0.724921, -0.397062, 0, 0, 0, 0, 0, 0, 0, 0, 0, 0, 0, 0, 0, 0, 0.387704, -6.74018e-12, 0.247099, 0.387704, -6.74018e-12, 0.247099, 0.996195, -3.71201e-12, -0.0871557, -4.46982e-12, -1, -8.49977e-12, -0.0871557, 8.857e-12, -0.996195, 0
0.0900001, 2025-07-03__00-41-08.839381, -0.0457507, -0.096437, 0.035731, -2.30604, -0.00842834, 2.09197, 0.702213, 0.0301901, -0.345844, 0.03115, -0.382071, 0.100386, -0.703439, -0.480494, 0, 0, 0, 0, 0, 0, 0, 0, 0, 0, 0, 0, 0, 0, 0.387704, -6.74018e-12, 0.247099, 0.387704, -6.74018e-12, 0.247099, 0.996195, -3.71201e-12, -0.0871557, -4.46982e-12, -1, -8.49977e-12, -0.0871557, 8.857e-12, -0.996195, 0
0.1, 2025-07-03__00-41-08.849382, -0.045437, -0.100182, 0.0360571, -2.31015, -0.00757233, 2.08494, 0.697292, 0.0263263, -0.387227, 0.0282862, -0.421594, 0.0816375, -0.716206, -0.48056, 0, 0, 0, 0, 0, 0, 0, 0, 0, 0, 0, 0, 0, 0, 0.387704, -6.74018e-12, 0.247099, 0.387704, -6.74018e-12, 0.247099, 0.996195, -3.71201e-12, -0.0871557, -4.46982e-12, -1, -8.49977e-12, -0.0871557, 8.857e-12, -0.996195, 0
0.11, 2025-07-03__00-41-08.859382, -0.0451496, -0.104489, 0.0363138, -2.31461, -0.00688103, 2.0779, 0.693082, 0.0338643, -0.441407, 0.0250973, -0.453583, 0.0634819, -0.700995, -0.405967, 0, 0, 0, 0, 0, 0, 0, 0, 0, 0, 0, 0, 0, 0, 0.387704, -6.74018e-12, 0.247099, 0.387704, -6.74018e-12, 0.247099, 0.996195, -3.71201e-12, -0.0871557, -4.46982e-12, -1, -8.49977e-12, -0.0871557, 8.857e-12, -0.996195, 0
0.12, 2025-07-03__00-41-08.869381, -0.0448786, -0.108956, 0.0365103, -2.31936, -0.00633985, 2.07098, 0.689372, 0.0284922, -0.440312, 0.0189742, -0.474747, 0.047423, -0.681484, -0.368162, 0, 0, 0, 0, 0, 0, 0, 0, 0, 0, 0, 0, 0, 0, 0.387704, -6.74018e-12, 0.247099, 0.387704, -6.74018e-12, 0.247099, 0.996195, -3.71201e-12, -0.0871557, -4.46982e-12, -1, -8.49977e-12, -0.0871557, 8.857e-12, -0.996195, 0
0.13, 2025-07-03__00-41-08.879381, -0.0445828, -0.113439, 0.0367163, -2.32422, -0.0060047, 2.06421, 0.685358, 0.0299042, -0.452437, 0.025011, -0.491044, 0.0296322, -0.6733, -0.415801, 0, 0, 0, 0, 0, 0, 0, 0, 0, 0, 0, 0, 0, 0, 0.387704, -6.74018e-12, 0.247099, 0.387704, -6.74018e-12, 0.247099, 0.996195, -3.71201e-12, -0.0871557, -4.46982e-12, -1, -8.49977e-12, -0.0871557, 8.857e-12, -0.996195, 0
0.14, 2025-07-03__00-41-08.889381, -0.0442229, -0.118159, 0.0369375, -2.32913, -0.00584613, 2.05744, 0.680808, 0.0397528, -0.487947, 0.0230079, -0.488748, 0.011953, -0.673901, -0.468584, 0, 0, 0, 0, 0, 0, 0, 0, 0, 0, 0, 0, 0, 0, 0.387704, -6.74018e-12, 0.247099, 0.387704, -6.74018e-12, 0.247099, 0.996195, -3.71201e-12, -0.0871557, -4.46982e-12, -1, -8.49977e-12, -0.0871557, 8.857e-12, -0.996195, 0
0.15, 2025-07-03__00-41-08.899383, -0.043805, -0.123176, 0.0371265, -2.33396, -0.00576999, 2.05051, 0.676157, 0.0502999, -0.508237, 0.0178426, -0.473083, 0.00922808, -0.685041, -0.455577, 0, 0, 0, 0, 0, 0, 0, 0, 0, 0, 0, 0, 0, 0, 0.387704, -6.74018e-12, 0.247099, 0.387704, -6.74018e-12, 0.247099, 0.996195, -3.71201e-12, -0.0871557, -4.46982e-12, -1, -8.49977e-12, -0.0871557, 8.857e-12, -0.996195, 0
0.16, 2025-07-03__00-41-08.909386, -0.0433632, -0.128245, 0.0372311, -2.33831, -0.00570149, 2.04376, 0.671993, 0.0411482, -0.509533, 0.00675678, -0.42849, 0.0085701, -0.673151, -0.402972, 0, 0, 0, 0, 0, 0, 0, 0, 0, 0, 0, 0, 0, 0, 0.387704, -6.74018e-12, 0.247099, 0.387704, -6.74018e-12, 0.247099, 0.996195, -3.71201e-12, -0.0871557, -4.46982e-12, -1, -8.49977e-12, -0.0871557, 8.857e-12, -0.996195, 0
0.17, 2025-07-03__00-41-08.919386, -0.0429124, -0.133497, 0.0373161, -2.34227, -0.00569392, 2.03717, 0.667956, 0.0444777, -0.539604, 0.00606382, -0.389807, -0.0071455, -0.655795, -0.396996, 0, 0, 0, 0, 0, 0, 0, 0, 0, 0, 0, 0, 0, 0, 0.387704, -6.74018e-12, 0.247099, 0.387704, -6.74018e-12, 0.247099, 0.996195, -3.71201e-12, -0.0871557, -4.46982e-12, -1, -8.49977e-12, -0.0871557, 8.857e-12, -0.996195, 0
0.18, 2025-07-03__00-41-08.929385, -0.0425183, -0.138902, 0.0373781, -2.34576, -0.00569276, 2.03059, 0.663661, 0.0383237, -0.529684, 0.00642351, -0.329664, -0.00104521, -0.647466, -0.441821, 0, 0, 0, 0, 0, 0, 0, 0, 0, 0, 0, 0, 0, 0, 0.387704, -6.74018e-12, 0.247099, 0.387704, -6.74018e-12, 0.247099, 0.996195, -3.71201e-12, -0.0871557, -4.46982e-12, -1, -8.49977e-12, -0.0871557, 8.857e-12, -0.996195, 0
0.19, 2025-07-03__00-41-08.939383, -0.0421392, -0.144368, 0.0374984, -2.34865, -0.00569383, 2.02403, 0.658574, 0.0412676, -0.55816, 0.0121508, -0.277372, 0.000862927, -0.674953, -0.565857, 0, 0, 0, 0, 0, 0, 0, 0, 0, 0, 0, 0, 0, 0, 0.387704, -6.74018e-12, 0.247099, 0.387704, -6.74018e-12, 0.247099, 0.996195, -3.71201e-12, -0.0871557, -4.46982e-12, -1, -8.49977e-12, -0.0871557, 8.857e-12, -0.996195, 0
0.2, 2025-07-03__00-41-08.949386, -0.0417708, -0.150388, 0.0376444, -2.35098, -0.00570011, 2.01666, 0.651674, 0.0367261, -0.610392, 0.0183545, -0.218428, 0.00660228, -0.759283, -0.72191, 0, 0, 0, 0, 0, 0, 0, 0, 0, 0, 0, 0, 0, 0, 0.387704, -6.74018e-12, 0.247099, 0.387704, -6.74018e-12, 0.247099, 0.996195, -3.71201e-12, -0.0871557, -4.46982e-12, -1, -8.49977e-12, -0.0871557, 8.857e-12, -0.996195, 0
0.21, 2025-07-03__00-41-08.959386, -0.041466, -0.156325, 0.0377611, -2.3526, -0.00570389, 2.00888, 0.64407, 0.0254532, -0.598609, 0.00879989, -0.134848, -0.00216013, -0.778679, -0.769627, 0, 0, 0, 0, 0, 0, 0, 0, 0, 0, 0, 0, 0, 0, 0.387704, -6.74018e-12, 0.247099, 0.387704, -6.74018e-12, 0.247099, 0.996195, -3.71201e-12, -0.0871557, -4.46982e-12, -1, -8.49977e-12, -0.0871557, 8.857e-12, -0.996195, 0
0.22, 2025-07-03__00-41-08.969385, -0.0412321, -0.162385, 0.0378451, -2.35344, -0.00570092, 2.00102, 0.636314, 0.0203866, -0.608352, 0.00962014, -0.0760227, -0.00126708, -0.788809, -0.778109, 0, 0, 0, 0, 0, 0, 0, 0, 0, 0, 0, 0, 0, 0, 0.387704, -6.74018e-12, 0.247099, 0.387704, -6.74018e-12, 0.247099, 0.996195, -3.71201e-12, -0.0871557, -4.46982e-12, -1, -8.49977e-12, -0.0871557, 8.857e-12, -0.996195, 0
0.23, 2025-07-03__00-41-08.979386, -0.0410704, -0.168747, 0.0378719, -2.35379, -0.00570797, 1.99315, 0.62908, 0.0138787, -0.64589, 0.00339937, -0.0284848, -5.0976e-05, -0.783433, -0.719025, 0, 0, 0, 0, 0, 0, 0, 0, 0, 0, 0, 0, 0, 0, 0.387704, -6.74018e-12, 0.247099, 0.387704, -6.74018e-12, 0.247099, 0.996195, -3.71201e-12, -0.0871557, -4.46982e-12, -1, -8.49977e-12, -0.0871557, 8.857e-12, -0.996195, 0
0.24, 2025-07-03__00-41-08.989384, -0.0409606, -0.175496, 0.0378943, -2.35366, -0.00570804, 1.98532, 0.621943, 0.00845136, -0.682434, 0.00173043, 0.0252577, 0.001878, -0.787531, -0.724075, 0, 0, 0, 0, 0, 0, 0, 0, 0, 0, 0, 0, 0, 0, 0.387704, -6.74018e-12, 0.247099, 0.387704, -6.74018e-12, 0.247099, 0.996195, -3.71201e-12, -0.0871557, -4.46982e-12, -1, -8.49977e-12, -0.0871557, 8.857e-12, -0.996195, 0
0.25, 2025-07-03__00-41-08.999382, -0.0408879, -0.182329, 0.0378872, -2.35311, -0.00572877, 1.97777, 0.614608, 0.00954954, -0.674266, -0.00104117, 0.0735106, -0.00646414, -0.750511, -0.7205, 0, 0, 0, 0, 0, 0, 0, 0, 0, 0, 0, 0, 0, 0, 0.387704, -6.74018e-12, 0.247099, 0.387704, -6.74018e-12, 0.247099, 0.996195, -3.71201e-12, -0.0871557, -4.46982e-12, -1, -8.49977e-12, -0.0871557, 8.857e-12, -0.996195, 0
0.26, 2025-07-03__00-41-09.009385, -0.040878, -0.189258, 0.037877, -2.35229, -0.00576391, 1.97027, 0.607603, -0.000262892, -0.703651, -0.00217435, 0.0867481, -0.00400414, -0.749731, -0.701791, 0, 0, 0, 0, 0, 0, 0, 0, 0, 0, 0, 0, 0, 0, 0.387704, -6.74018e-12, 0.247099, 0.387704, -6.74018e-12, 0.247099, 0.996195, -3.71201e-12, -0.0871557, -4.46982e-12, -1, -8.49977e-12, -0.0871557, 8.857e-12, -0.996195, 0
0.27, 2025-07-03__00-41-09.019384, -0.040919, -0.196295, 0.0378343, -2.3513, -0.00580843, 1.96266, 0.600344, -0.00282858, -0.702679, -0.0034614, 0.0913275, -0.00593114, -0.752955, -0.742088, 0, 0, 0, 0, 0, 0, 0, 0, 0, 0, 0, 0, 0, 0, 0.387704, -6.74018e-12, 0.247099, 0.387704, -6.74018e-12, 0.247099, 0.996195, -3.71201e-12, -0.0871557, -4.46982e-12, -1, -8.49977e-12, -0.0871557, 8.857e-12, -0.996195, 0
0.28, 2025-07-03__00-41-09.029386, -0.0409928, -0.203512, 0.0377867, -2.35024, -0.00589934, 1.95503, 0.592906, -0.00800735, -0.731477, -0.00765191, 0.113969, -0.0139713, -0.756638, -0.73889, 0, 0, 0, 0, 0, 0, 0, 0, 0, 0, 0, 0, 0, 0, 0.387704, -6.74018e-12, 0.247099, 0.387704, -6.74018e-12, 0.247099, 0.996195, -3.71201e-12, -0.0871557, -4.46982e-12, -1, -8.49977e-12, -0.0871557, 8.857e-12, -0.996195, 0
0.29, 2025-07-03__00-41-09.039387, -0.0410864, -0.210746, 0.0376893, -2.34893, -0.00600255, 1.94754, 0.585651, -0.00829919, -0.738682, -0.00549795, 0.129454, -0.0136085, -0.758741, -0.728332, 0, 0, 0, 0, 0, 0, 0, 0, 0, 0, 0, 0, 0, 0, 0.387704, -6.74018e-12, 0.247099, 0.387704, -6.74018e-12, 0.247099, 0.996195, -3.71201e-12, -0.0871557, -4.46982e-12, -1, -8.49977e-12, -0.0871557, 8.857e-12, -0.996195, 0
0.3, 2025-07-03__00-41-09.049386, -0.0411855, -0.218016, 0.0375807, -2.34756, -0.00612532, 1.9401, 0.578301, -0.0151019, -0.72933, -0.0137998, 0.141233, -0.00972407, -0.743385, -0.733826, 0, 0, 0, 0, 0, 0, 0, 0, 0, 0, 0, 0, 0, 0, 0.387704, -6.74018e-12, 0.247099, 0.387704, -6.74018e-12, 0.247099, 0.996195, -3.71201e-12, -0.0871557, -4.46982e-12, -1, -8.49977e-12, -0.0871557, 8.857e-12, -0.996195, 0
0.31, 2025-07-03__00-41-09.059384, -0.0412779, -0.225301, 0.0374836, -2.34617, -0.00625164, 1.93302, 0.571321, -0.0102725, -0.7346, -0.00814613, 0.132811, -0.0180138, -0.679543, -0.679658, 0, 0, 0, 0, 0, 0, 0, 0, 0, 0, 0, 0, 0, 0, 0.387704, -6.74018e-12, 0.247099, 0.387704, -6.74018e-12, 0.247099, 0.996195, -3.71201e-12, -0.0871557, -4.46982e-12, -1, -8.49977e-12, -0.0871557, 8.857e-12, -0.996195, 0
0.32, 2025-07-03__00-41-09.069387, -0.0413626, -0.232826, 0.0373678, -2.34487, -0.00639296, 1.9273, 0.564382, -0.00953887, -0.763557, -0.0103144, 0.132663, -0.0174919, -0.520289, -0.705894, 0, 0, 0, 0, 0, 0, 0, 0, 0, 0, 0, 0, 0, 0, 0.387704, -6.74018e-12, 0.247099, 0.387704, -6.74018e-12, 0.247099, 0.996195, -3.71201e-12, -0.0871557, -4.46982e-12, -1, -8.49977e-12, -0.0871557, 8.857e-12, -0.996195, 0
0.33, 2025-07-03__00-41-09.079386, -0.041444, -0.240397, 0.0372307, -2.3437, -0.00654538, 1.92352, 0.557063, -0.00849631, -0.771782, -0.0131028, 0.117249, -0.0169272, -0.326498, -0.730092, 0, 0, 0, 0, 0, 0, 0, 0, 0, 0, 0, 0, 0, 0, 0.387704, -6.74018e-12, 0.247099, 0.387704, -6.74018e-12, 0.247099, 0.996195, -3.71201e-12, -0.0871557, -4.46982e-12, -1, -8.49977e-12, -0.0871557, 8.857e-12, -0.996195, 0
0.34, 2025-07-03__00-41-09.089386, -0.0415361, -0.24784, 0.0370616, -2.34259, -0.00675061, 1.92179, 0.549951, -0.00819364, -0.735754, -0.0135842, 0.104061, -0.0152033, -0.123959, -0.705546, 0, 0, 0, 0, 0, 0, 0, 0, 0, 0, 0, 0, 0, 0, 0.387704, -6.74018e-12, 0.247099, 0.387704, -6.74018e-12, 0.247099, 0.996195, -3.71201e-12, -0.0871557, -4.46982e-12, -1, -8.49977e-12, -0.0871557, 8.857e-12, -0.996195, 0
0.35, 2025-07-03__00-41-09.099386, -0.0416114, -0.25533, 0.0368758, -2.34159, -0.00700254, 1.92166, 0.54265, -0.0107679, -0.758095, -0.0190619, 0.104156, -0.0229918, 0.0150596, -0.749028, 0, 0, 0, 0, 0, 0, 0, 0, 0, 0, 0, 0, 0, 0, 0.387704, -6.74018e-12, 0.247099, 0.387704, -6.74018e-12, 0.247099, 0.996195, -3.71201e-12, -0.0871557, -4.46982e-12, -1, -8.49977e-12, -0.0871557, 8.857e-12, -0.996195, 0
0.36, 2025-07-03__00-41-09.109386, -0.0416789, -0.262874, 0.0367051, -2.34051, -0.00731733, 1.92227, 0.535319, -0.00534838, -0.740538, -0.0193124, 0.106922, -0.0293024, 0.07087, -0.70762, 0, 0, 0, 0, 0, 0, 0, 0, 0, 0, 0, 0, 0, 0, 0.387704, -6.74018e-12, 0.247099, 0.387704, -6.74018e-12, 0.247099, 0.996195, -3.71201e-12, -0.0871557, -4.46982e-12, -1, -8.49977e-12, -0.0871557, 8.857e-12, -0.996195, 0
0.37, 2025-07-03__00-41-09.119387, -0.0417503, -0.270396, 0.0365572, -2.33932, -0.0076714, 1.92342, 0.528492, -0.0120351, -0.743059, -0.0192647, 0.121144, -0.0326183, 0.12699, -0.677919, 0, 0, 0, 0, 0, 0, 0, 0, 0, 0, 0, 0, 0, 0, 0.387704, -6.74018e-12, 0.247099, 0.387704, -6.74018e-12, 0.247099, 0.996195, -3.71201e-12, -0.0871557, -4.46982e-12, -1, -8.49977e-12, -0.0871557, 8.857e-12, -0.996195, 0
0.38, 2025-07-03__00-41-09.129386, -0.0418044, -0.27778, 0.0364123, -2.33806, -0.00806847, 1.92528, 0.521313, -0.0077441, -0.747055, -0.0180919, 0.12459, -0.0364159, 0.201645, -0.736224, 0, 0, 0, 0, 0, 0, 0, 0, 0, 0, 0, 0, 0, 0, 0.387704, -6.74018e-12, 0.247099, 0.387704, -6.74018e-12, 0.247099, 0.996195, -3.71201e-12, -0.0871557, -4.46982e-12, -1, -8.49977e-12, -0.0871557, 8.857e-12, -0.996195, 0
0.39, 2025-07-03__00-41-09.139387, -0.0418497, -0.28535, 0.0362559, -2.33684, -0.00849988, 1.92767, 0.513933, -0.0023182, -0.761618, -0.0126394, 0.122813, -0.0444653, 0.255603, -0.73267, 0, 0, 0, 0, 0, 0, 0, 0, 0, 0, 0, 0, 0, 0, 0.387704, -6.74018e-12, 0.247099, 0.387704, -6.74018e-12, 0.247099, 0.996195, -3.71201e-12, -0.0871557, -4.46982e-12, -1, -8.49977e-12, -0.0871557, 8.857e-12, -0.996195, 0
0.4, 2025-07-03__00-41-09.149386, -0.0419139, -0.292827, 0.0360712, -2.33565, -0.00891147, 1.93055, 0.50673, -0.00317231, -0.742498, -0.0183184, 0.113355, -0.0420269, 0.304067, -0.724315, 0, 0, 0, 0, 0, 0, 0, 0, 0, 0, 0, 0, 0, 0, 0.387704, -6.74018e-12, 0.247099, 0.387704, -6.74018e-12, 0.247099, 0.996195, -3.71201e-12, -0.0871557, -4.46982e-12, -1, -8.49977e-12, -0.0871557, 8.857e-12, -0.996195, 0
0.41, 2025-07-03__00-41-09.159386, -0.0419981, -0.29921, 0.0358731, -2.33454, -0.00933477, 1.93383, 0.499435, -0.00974065, -0.601362, -0.0218014, 0.116224, -0.0393994, 0.338353, -0.733598, 0, 0, 0, 0, 0, 0, 0, 0, 0, 0, 0, 0, 0, 0, 0.387704, -6.74018e-12, 0.247099, 0.387704, -6.74018e-12, 0.247099, 0.996195, -3.71201e-12, -0.0871557, -4.46982e-12, -1, -8.49977e-12, -0.0871557, 8.857e-12, -0.996195, 0
0.42, 2025-07-03__00-41-09.169384, -0.042054, -0.304666, 0.0357326, -2.33341, -0.00975839, 1.93763, 0.492558, -0.00850753, -0.539092, -0.015311, 0.103855, -0.042838, 0.393249, -0.678306, 0, 0, 0, 0, 0, 0, 0, 0, 0, 0, 0, 0, 0, 0, 0.387704, -6.74018e-12, 0.247099, 0.387704, -6.74018e-12, 0.247099, 0.996195, -3.71201e-12, -0.0871557, -4.46982e-12, -1, -8.49977e-12, -0.0871557, 8.857e-12, -0.996195, 0
0.43, 2025-07-03__00-41-09.179383, -0.0420741, -0.309234, 0.0356077, -2.33264, -0.0101464, 1.94112, 0.48641, -0.00202047, -0.494207, -0.0168229, 0.0788062, -0.0475009, 0.376063, -0.693391, 0, 0, 0, 0, 0, 0, 0, 0, 0, 0, 0, 0, 0, 0, 0.387704, -6.74018e-12, 0.247099, 0.387704, -6.74018e-12, 0.247099, 0.996195, -3.71201e-12, -0.0871557, -4.46982e-12, -1, -8.49977e-12, -0.0871557, 8.857e-12, -0.996195, 0
0.44, 2025-07-03__00-41-09.189383, -0.0420715, -0.313467, 0.0354435, -2.33192, -0.0106372, 1.94554, 0.478423, 0.00118328, -0.355752, -0.0205582, 0.0729882, -0.0465908, 0.42687, -0.725107, 0, 0, 0, 0, 0, 0, 0, 0, 0, 0, 0, 0, 0, 0, 0.387704, -6.74018e-12, 0.247099, 0.387704, -6.74018e-12, 0.247099, 0.996195, -3.71201e-12, -0.0871557, -4.46982e-12, -1, -8.49977e-12, -0.0871557, 8.857e-12, -0.996195, 0
0.45, 2025-07-03__00-41-09.199384, -0.042071, -0.316253, 0.0352436, -2.33114, -0.0110758, 1.94993, 0.471272, 0.000427631, -0.257918, -0.0208275, 0.0728109, -0.0453726, 0.429139, -0.716879, 0, 0, 0, 0, 0, 0, 0, 0, 0, 0, 0, 0, 0, 0, 0.387704, -6.74018e-12, 0.247099, 0.387704, -6.74018e-12, 0.247099, 0.996195, -3.71201e-12, -0.0871557, -4.46982e-12, -1, -8.49977e-12, -0.0871557, 8.857e-12, -0.996195, 0
0.46, 2025-07-03__00-41-09.209384, -0.0420824, -0.317965, 0.0350544, -2.33057, -0.0115678, 1.95426, 0.463955, -0.00139117, -0.147199, -0.019688, 0.0511895, -0.0496683, 0.428619, -0.739928, 0, 0, 0, 0, 0, 0, 0, 0, 0, 0, 0, 0, 0, 0, 0.387704, -6.74018e-12, 0.247099, 0.387704, -6.74018e-12, 0.247099, 0.996195, -3.71201e-12, -0.0871557, -4.46982e-12, -1, -8.49977e-12, -0.0871557, 8.857e-12, -0.996195, 0
0.47, 2025-07-03__00-41-09.219384, -0.0420714, -0.318439, 0.0349098, -2.33014, -0.0121102, 1.95866, 0.456725, 0.00056393, -0.0219604, -0.0126139, 0.0426552, -0.0569155, 0.452446, -0.705964, 0, 0, 0, 0, 0, 0, 0, 0, 0, 0, 0, 0, 0, 0, 0.387704, -6.74018e-12, 0.247099, 0.387704, -6.74018e-12, 0.247099, 0.996195, -3.71201e-12, -0.0871557, -4.46982e-12, -1, -8.49977e-12, -0.0871557, 8.857e-12, -0.996195, 0
0.48, 2025-07-03__00-41-09.229385, -0.0420595, -0.317797, 0.0347832, -2.32975, -0.012656, 1.96314, 0.449966, 0.00175151, 0.0926676, -0.0136919, 0.0359823, -0.055916, 0.442353, -0.681968, 0, 0, 0, 0, 0, 0, 0, 0, 0, 0, 0, 0, 0, 0, 0.387704, -6.74018e-12, 0.247099, 0.387704, -6.74018e-12, 0.247099, 0.996195, -3.71201e-12, -0.0871557, -4.46982e-12, -1, -8.49977e-12, -0.0871557, 8.857e-12, -0.996195, 0
0.49, 2025-07-03__00-41-09.239383, -0.0420637, -0.316338, 0.0346611, -2.32945, -0.0131714, 1.96754, 0.442874, 0.000895053, 0.156983, -0.0207609, 0.0299744, -0.0512594, 0.437838, -0.731027, 0, 0, 0, 0, 0, 0, 0, 0, 0, 0, 0, 0, 0, 0, 0.387704, -6.74018e-12, 0.247099, 0.387704, -6.74018e-12, 0.247099, 0.996195, -3.71201e-12, -0.0871557, -4.46982e-12, -1, -8.49977e-12, -0.0871557, 8.857e-12, -0.996195, 0
0.5, 2025-07-03__00-41-09.249384, -0.0421025, -0.314223, 0.0345486, -2.32914, -0.0135967, 1.97195, 0.43561, -0.00374359, 0.23792, -0.00999361, 0.0332082, -0.0420375, 0.439133, -0.724011, 0, 0, 0, 0, 0, 0, 0, 0, 0, 0, 0, 0, 0, 0, 0.387704, -6.74018e-12, 0.247099, 0.387704, -6.74018e-12, 0.247099, 0.996195, -3.71201e-12, -0.0871557, -4.46982e-12, -1, -8.49977e-12, -0.0871557, 8.857e-12, -0.996195, 0
0.51, 2025-07-03__00-41-09.259384, -0.0421315, -0.311228, 0.0344358, -2.32897, -0.0139606, 1.97584, 0.42923, -0.00732444, 0.356917, -0.0150461, 0.0208696, -0.0432051, 0.434854, -0.712652, 0, 0, 0, 0, 0, 0, 0, 0, 0, 0, 0, 0, 0, 0, 0.387704, -6.74018e-12, 0.247099, 0.387704, -6.74018e-12, 0.247099, 0.996195, -3.71201e-12, -0.0871557, -4.46982e-12, -1, -8.49977e-12, -0.0871557, 8.857e-12, -0.996195, 0
0.52, 2025-07-03__00-41-09.269384, -0.0421745, -0.306295, 0.0342872, -2.32872, -0.0144452, 1.98077, 0.421217, -0.0074617, 0.474294, -0.0142938, 0.0268249, -0.0448813, 0.451278, -0.728751, 0, 0, 0, 0, 0, 0, 0, 0, 0, 0, 0, 0, 0, 0, 0.387704, -6.74018e-12, 0.247099, 0.387704, -6.74018e-12, 0.247099, 0.996195, -3.71201e-12, -0.0871557, -4.46982e-12, -1, -8.49977e-12, -0.0871557, 8.857e-12, -0.996195, 0
0.53, 2025-07-03__00-41-09.279388, -0.0422209, -0.301263, 0.0341949, -2.32839, -0.0149266, 1.98532, 0.414886, -0.00300666, 0.505517, -0.00534755, 0.0334989, -0.0465383, 0.446094, -0.567832, 0, 0, 0, 0, 0, 0, 0, 0, 0, 0, 0, 0, 0, 0, 0.387704, -6.74018e-12, 0.247099, 0.387704, -6.74018e-12, 0.247099, 0.996195, -3.71201e-12, -0.0871557, -4.46982e-12, -1, -8.49977e-12, -0.0871557, 8.857e-12, -0.996195, 0
0.54, 2025-07-03__00-41-09.289385, -0.042275, -0.295863, 0.0341062, -2.32799, -0.0154452, 1.98981, 0.411575, -0.00495434, 0.560473, -0.00735443, 0.0422729, -0.051689, 0.447567, -0.235459, 0, 0, 0, 0, 0, 0, 0, 0, 0, 0, 0, 0, 0, 0, 0.387704, -6.74018e-12, 0.247099, 0.387704, -6.74018e-12, 0.247099, 0.996195, -3.71201e-12, -0.0871557, -4.46982e-12, -1, -8.49977e-12, -0.0871557, 8.857e-12, -0.996195, 0
0.55, 2025-07-03__00-41-09.299385, -0.0423303, -0.289865, 0.0340332, -2.32744, -0.0158999, 1.99427, 0.411746, -0.00698214, 0.609069, -0.00641295, 0.0631712, -0.0421593, 0.448795, 0.0758704, 0, 0, 0, 0, 0, 0, 0, 0, 0, 0, 0, 0, 0, 0, 0.387704, -6.74018e-12, 0.247099, 0.387704, -6.74018e-12, 0.247099, 0.996195, -3.71201e-12, -0.0871557, -4.46982e-12, -1, -8.49977e-12, -0.0871557, 8.857e-12, -0.996195, 0
0.56, 2025-07-03__00-41-09.309384, -0.0424057, -0.283698, 0.0339925, -2.32669, -0.0162728, 1.99876, 0.414156, -0.0063324, 0.632909, -0.00394982, 0.0785178, -0.0445872, 0.448743, 0.280205, 0, 0, 0, 0, 0, 0, 0, 0, 0, 0, 0, 0, 0, 0, 0.387704, -6.74018e-12, 0.247099, 0.387704, -6.74018e-12, 0.247099, 0.996195, -3.71201e-12, -0.0871557, -4.46982e-12, -1, -8.49977e-12, -0.0871557, 8.857e-12, -0.996195, 0
0.57, 2025-07-03__00-41-09.319384, -0.0425078, -0.277208, 0.0339673, -2.32582, -0.0166378, 2.00316, 0.418085, -0.00845161, 0.651515, -0.00285337, 0.095553, -0.0344303, 0.435537, 0.428821, 0, 0, 0, 0, 0, 0, 0, 0, 0, 0, 0, 0, 0, 0, 0.387704, -6.74018e-12, 0.247099, 0.387704, -6.74018e-12, 0.247099, 0.996195, -3.71201e-12, -0.0871557, -4.46982e-12, -1, -8.49977e-12, -0.0871557, 8.857e-12, -0.996195, 0
0.58, 2025-07-03__00-41-09.329385, -0.0425999, -0.270697, 0.0339584, -2.32473, -0.0169789, 2.0075, 0.423214, -0.00929942, 0.662209, 0.000866352, 0.111256, -0.0302936, 0.42324, 0.527107, 0, 0, 0, 0, 0, 0, 0, 0, 0, 0, 0, 0, 0, 0, 0.387704, -6.74018e-12, 0.247099, 0.387704, -6.74018e-12, 0.247099, 0.996195, -3.71201e-12, -0.0871557, -4.46982e-12, -1, -8.49977e-12, -0.0871557, 8.857e-12, -0.996195, 0
0.59, 2025-07-03__00-41-09.339383, -0.0426975, -0.264037, 0.0339503, -2.32367, -0.0173601, 2.01179, 0.42896, -0.0117297, 0.662965, -0.000289928, 0.109436, -0.0409245, 0.42481, 0.600208, 0, 0, 0, 0, 0, 0, 0, 0, 0, 0, 0, 0, 0, 0, 0.387704, -6.74018e-12, 0.247099, 0.387704, -6.74018e-12, 0.247099, 0.996195, -3.71201e-12, -0.0871557, -4.46982e-12, -1, -8.49977e-12, -0.0871557, 8.857e-12, -0.996195, 0
0.6, 2025-07-03__00-41-09.349384, -0.0427979, -0.257324, 0.033958, -2.32257, -0.0177991, 2.01615, 0.435655, -0.0081994, 0.67813, 0.000469692, 0.107963, -0.0514052, 0.445369, 0.703894, 0, 0, 0, 0, 0, 0, 0, 0, 0, 0, 0, 0, 0, 0, 0.387704, -6.74018e-12, 0.247099, 0.387704, -6.74018e-12, 0.247099, 0.996195, -3.71201e-12, -0.0871557, -4.46982e-12, -1, -8.49977e-12, -0.0871557, 8.857e-12, -0.996195, 0
0.61, 2025-07-03__00-41-09.359385, -0.0428758, -0.251823, 0.0339473, -2.32164, -0.0181718, 2.01972, 0.441774, -0.00584181, 0.696744, 0.00024767, 0.115872, -0.0505305, 0.444955, 0.771791, 0, 0, 0, 0, 0, 0, 0, 0, 0, 0, 0, 0, 0, 0, 0.387704, -6.74018e-12, 0.247099, 0.387704, -6.74018e-12, 0.247099, 0.996195, -3.71201e-12, -0.0871557, -4.46982e-12, -1, -8.49977e-12, -0.0871557, 8.857e-12, -0.996195, 0
0.62, 2025-07-03__00-41-09.369384, -0.0429763, -0.243568, 0.0339555, -2.3202, -0.0187483, 2.02507, 0.450933, -0.00443951, 0.704366, 4.10305e-05, 0.122021, -0.0441643, 0.446551, 0.751162, 0, 0, 0, 0, 0, 0, 0, 0, 0, 0, 0, 0, 0, 0, 0.387704, -6.74018e-12, 0.247099, 0.387704, -6.74018e-12, 0.247099, 0.996195, -3.71201e-12, -0.0871557, -4.46982e-12, -1, -8.49977e-12, -0.0871557, 8.857e-12, -0.996195, 0
0.63, 2025-07-03__00-41-09.379384, -0.0430739, -0.236609, 0.033963, -2.31904, -0.0192242, 2.0295, 0.458549, -0.00145643, 0.690639, 0.00131954, 0.123964, -0.0432494, 0.444634, 0.766616, 0, 0, 0, 0, 0, 0, 0, 0, 0, 0, 0, 0, 0, 0, 0.387704, -6.74018e-12, 0.247099, 0.387704, -6.74018e-12, 0.247099, 0.996195, -3.71201e-12, -0.0871557, -4.46982e-12, -1, -8.49977e-12, -0.0871557, 8.857e-12, -0.996195, 0
0.64, 2025-07-03__00-41-09.389383, -0.0431634, -0.229813, 0.033958, -2.31786, -0.0196302, 2.03393, 0.466301, -0.00987839, 0.67753, -0.000242703, 0.122009, -0.0410611, 0.438464, 0.765423, 0, 0, 0, 0, 0, 0, 0, 0, 0, 0, 0, 0, 0, 0, 0.387704, -6.74018e-12, 0.247099, 0.387704, -6.74018e-12, 0.247099, 0.996195, -3.71201e-12, -0.0871557, -4.46982e-12, -1, -8.49977e-12, -0.0871557, 8.857e-12, -0.996195, 0
0.65, 2025-07-03__00-41-09.399385, -0.0432593, -0.222952, 0.0339377, -2.31659, -0.0199662, 2.03843, 0.473586, -0.00977995, 0.685951, -0.00217385, 0.129628, -0.0343783, 0.459097, 0.724069, 0, 0, 0, 0, 0, 0, 0, 0, 0, 0, 0, 0, 0, 0, 0.387704, -6.74018e-12, 0.247099, 0.387704, -6.74018e-12, 0.247099, 0.996195, -3.71201e-12, -0.0871557, -4.46982e-12, -1, -8.49977e-12, -0.0871557, 8.857e-12, -0.996195, 0
0.66, 2025-07-03__00-41-09.409384, -0.0433502, -0.216318, 0.0339363, -2.31532, -0.0203051, 2.0429, 0.481079, -0.0110282, 0.675189, -0.00198987, 0.124985, -0.0338497, 0.440507, 0.747033, 0, 0, 0, 0, 0, 0, 0, 0, 0, 0, 0, 0, 0, 0, 0.387704, -6.74018e-12, 0.247099, 0.387704, -6.74018e-12, 0.247099, 0.996195, -3.71201e-12, -0.0871557, -4.46982e-12, -1, -8.49977e-12, -0.0871557, 8.857e-12, -0.996195, 0
0.67, 2025-07-03__00-41-09.419383, -0.0434325, -0.209871, 0.0339396, -2.31402, -0.0206513, 2.04731, 0.488452, -0.00558654, 0.637495, 0.000410304, 0.133838, -0.0304125, 0.439045, 0.735519, 0, 0, 0, 0, 0, 0, 0, 0, 0, 0, 0, 0, 0, 0, 0.387704, -6.74018e-12, 0.247099, 0.387704, -6.74018e-12, 0.247099, 0.996195, -3.71201e-12, -0.0871557, -4.46982e-12, -1, -8.49977e-12, -0.0871557, 8.857e-12, -0.996195, 0
0.68, 2025-07-03__00-41-09.429384, -0.0435305, -0.203639, 0.0339418, -2.31276, -0.0210431, 2.0516, 0.49588, -0.00905673, 0.619352, 0.00180994, 0.130306, -0.0412211, 0.431874, 0.760352, 0, 0, 0, 0, 0, 0, 0, 0, 0, 0, 0, 0, 0, 0, 0.387704, -6.74018e-12, 0.247099, 0.387704, -6.74018e-12, 0.247099, 0.996195, -3.71201e-12, -0.0871557, -4.46982e-12, -1, -8.49977e-12, -0.0871557, 8.857e-12, -0.996195, 0
0.69, 2025-07-03__00-41-09.439383, -0.0436303, -0.197533, 0.0339393, -2.31141, -0.0214932, 2.05589, 0.503684, -0.00780109, 0.606907, 0.000780531, 0.129236, -0.0442096, 0.432537, 0.773147, 0, 0, 0, 0, 0, 0, 0, 0, 0, 0, 0, 0, 0, 0, 0.387704, -6.74018e-12, 0.247099, 0.387704, -6.74018e-12, 0.247099, 0.996195, -3.71201e-12, -0.0871557, -4.46982e-12, -1, -8.49977e-12, -0.0871557, 8.857e-12, -0.996195, 0
0.7, 2025-07-03__00-41-09.449384, -0.0437249, -0.191748, 0.033945, -2.31011, -0.0219357, 2.06033, 0.511043, -0.0151739, 0.579111, 0.00116183, 0.127364, -0.0425283, 0.445793, 0.724926, 0, 0, 0, 0, 0, 0, 0, 0, 0, 0, 0, 0, 0, 0, 0.387704, -6.74018e-12, 0.247099, 0.387704, -6.74018e-12, 0.247099, 0.996195, -3.71201e-12, -0.0871557, -4.46982e-12, -1, -8.49977e-12, -0.0871557, 8.857e-12, -0.996195, 0
0.71, 2025-07-03__00-41-09.459384, -0.0438066, -0.18613, 0.0339429, -2.30892, -0.0223606, 2.06478, 0.518331, -0.00578638, 0.55668, 0.00343394, 0.121645, -0.0410667, 0.441317, 0.739144, 0, 0, 0, 0, 0, 0, 0, 0, 0, 0, 0, 0, 0, 0, 0.387704, -6.74018e-12, 0.247099, 0.387704, -6.74018e-12, 0.247099, 0.996195, -3.71201e-12, -0.0871557, -4.46982e-12, -1, -8.49977e-12, -0.0871557, 8.857e-12, -0.996195, 0
0.72, 2025-07-03__00-41-09.469384, -0.0439055, -0.18078, 0.0339467, -2.30779, -0.0227751, 2.06926, 0.525674, -0.00875814, 0.53024, 0.00115238, 0.111619, -0.0421159, 0.444455, 0.729743, 0, 0, 0, 0, 0, 0, 0, 0, 0, 0, 0, 0, 0, 0, 0.387704, -6.74018e-12, 0.247099, 0.387704, -6.74018e-12, 0.247099, 0.996195, -3.71201e-12, -0.0871557, -4.46982e-12, -1, -8.49977e-12, -0.0871557, 8.857e-12, -0.996195, 0
0.73, 2025-07-03__00-41-09.479388, -0.0440204, -0.175508, 0.0339387, -2.30667, -0.0231532, 2.07378, 0.532929, -0.0131248, 0.520913, -0.00159265, 0.111006, -0.0412812, 0.45088, 0.741801, 0, 0, 0, 0, 0, 0, 0, 0, 0, 0, 0, 0, 0, 0, 0.387704, -6.74018e-12, 0.247099, 0.387704, -6.74018e-12, 0.247099, 0.996195, -3.71201e-12, -0.0871557, -4.46982e-12, -1, -8.49977e-12, -0.0871557, 8.857e-12, -0.996195, 0
0.74, 2025-07-03__00-41-09.489385, -0.0441483, -0.170487, 0.0339477, -2.30556, -0.0235247, 2.07834, 0.540668, -0.0144238, 0.490086, -0.000349121, 0.106933, -0.032184, 0.454619, 0.79317, 0, 0, 0, 0, 0, 0, 0, 0, 0, 0, 0, 0, 0, 0, 0.387704, -6.74018e-12, 0.247099, 0.387704, -6.74018e-12, 0.247099, 0.996195, -3.71201e-12, -0.0871557, -4.46982e-12, -1, -8.49977e-12, -0.0871557, 8.857e-12, -0.996195, 0
0.75, 2025-07-03__00-41-09.499384, -0.044281, -0.165814, 0.0339534, -2.30453, -0.0239573, 2.08277, 0.548217, -0.0101629, 0.469926, -0.00052181, 0.0981327, -0.041653, 0.430873, 0.73772, 0, 0, 0, 0, 0, 0, 0, 0, 0, 0, 0, 0, 0, 0, 0.387704, -6.74018e-12, 0.247099, 0.387704, -6.74018e-12, 0.247099, 0.996195, -3.71201e-12, -0.0871557, -4.46982e-12, -1, -8.49977e-12, -0.0871557, 8.857e-12, -0.996195, 0
0.76, 2025-07-03__00-41-09.509384, -0.0444173, -0.161075, 0.0339532, -2.30351, -0.024489, 2.0871, 0.555515, -0.0134495, 0.479674, 0.000202554, 0.103301, -0.0548587, 0.43596, 0.74534, 0, 0, 0, 0, 0, 0, 0, 0, 0, 0, 0, 0, 0, 0, 0.387704, -6.74018e-12, 0.247099, 0.387704, -6.74018e-12, 0.247099, 0.996195, -3.71201e-12, -0.0871557, -4.46982e-12, -1, -8.49977e-12, -0.0871557, 8.857e-12, -0.996195, 0
0.77, 2025-07-03__00-41-09.519384, -0.0445896, -0.156522, 0.0339612, -2.30247, -0.025143, 2.09142, 0.56309, -0.014895, 0.453066, 0.00160728, 0.103689, -0.0697041, 0.428164, 0.752892, 0, 0, 0, 0, 0, 0, 0, 0, 0, 0, 0, 0, 0, 0, 0.387704, -6.74018e-12, 0.247099, 0.387704, -6.74018e-12, 0.247099, 0.996195, -3.71201e-12, -0.0871557, -4.46982e-12, -1, -8.49977e-12, -0.0871557, 8.857e-12, -0.996195, 0
0.78, 2025-07-03__00-41-09.529384, -0.0447892, -0.152078, 0.0339677, -2.30155, -0.0258117, 2.09579, 0.570377, -0.0172607, 0.448688, 0.00264192, 0.0899499, -0.0689879, 0.436731, 0.73315, 0, 0, 0, 0, 0, 0, 0, 0, 0, 0, 0, 0, 0, 0, 0.387704, -6.74018e-12, 0.247099, 0.387704, -6.74018e-12, 0.247099, 0.996195, -3.71201e-12, -0.0871557, -4.46982e-12, -1, -8.49977e-12, -0.0871557, 8.857e-12, -0.996195, 0
0.79, 2025-07-03__00-41-09.539383, -0.0450141, -0.147516, 0.0339691, -2.30057, -0.0264219, 2.10022, 0.577939, -0.0248385, 0.456987, -0.00192244, 0.101312, -0.0569281, 0.4498, 0.769917, 0, 0, 0, 0, 0, 0, 0, 0, 0, 0, 0, 0, 0, 0, 0.387704, -6.74018e-12, 0.247099, 0.387704, -6.74018e-12, 0.247099, 0.996195, -3.71201e-12, -0.0871557, -4.46982e-12, -1, -8.49977e-12, -0.0871557, 8.857e-12, -0.996195, 0
0.8, 2025-07-03__00-41-09.549384, -0.0452405, -0.143216, 0.0339892, -2.29957, -0.0269989, 2.10464, 0.585206, -0.0222641, 0.417596, 0.00391841, 0.102827, -0.0631842, 0.434251, 0.672691, 0, 0, 0, 0, 0, 0, 0, 0, 0, 0, 0, 0, 0, 0, 0.387704, -6.74018e-12, 0.247099, 0.387704, -6.74018e-12, 0.247099, 0.996195, -3.71201e-12, -0.0871557, -4.46982e-12, -1, -8.49977e-12, -0.0871557, 8.857e-12, -0.996195, 0
0.81, 2025-07-03__00-41-09.559384, -0.0454555, -0.139383, 0.0340156, -2.29869, -0.0275933, 2.10828, 0.589954, -0.0176237, 0.385135, 0.0021717, 0.0871175, -0.062284, 0.351023, 0.422046, 0, 0, 0, 0, 0, 0, 0, 0, 0, 0, 0, 0, 0, 0, 0.387704, -6.74018e-12, 0.247099, 0.387704, -6.74018e-12, 0.247099, 0.996195, -3.71201e-12, -0.0871557, -4.46982e-12, -1, -8.49977e-12, -0.0871557, 8.857e-12, -0.996195, 0
0.82, 2025-07-03__00-41-09.569385, -0.0456926, -0.135254, 0.0340215, -2.2978, -0.0282078, 2.11151, 0.593438, -0.0222581, 0.421551, 0.000939561, 0.0979256, -0.0607855, 0.327307, 0.346212, 0, 0, 0, 0, 0, 0, 0, 0, 0, 0, 0, 0, 0, 0, 0.387704, -6.74018e-12, 0.247099, 0.387704, -6.74018e-12, 0.247099, 0.996195, -3.71201e-12, -0.0871557, -4.46982e-12, -1, -8.49977e-12, -0.0871557, 8.857e-12, -0.996195, 0
0.83, 2025-07-03__00-41-09.579383, -0.0459304, -0.13111, 0.0340317, -2.29686, -0.0287952, 2.11491, 0.597321, -0.021051, 0.39744, -0.000267501, 0.0842637, -0.0596394, 0.348023, 0.409307, 0, 0, 0, 0, 0, 0, 0, 0, 0, 0, 0, 0, 0, 0, 0.387704, -6.74018e-12, 0.247099, 0.387704, -6.74018e-12, 0.247099, 0.996195, -3.71201e-12, -0.0871557, -4.46982e-12, -1, -8.49977e-12, -0.0871557, 8.857e-12, -0.996195, 0
0.84, 2025-07-03__00-41-09.589383, -0.0461571, -0.127517, 0.0340476, -2.29624, -0.0293515, 2.11826, 0.60166, -0.0219954, 0.359543, 0.00328632, 0.0586685, -0.057676, 0.336361, 0.430122, 0, 0, 0, 0, 0, 0, 0, 0, 0, 0, 0, 0, 0, 0, 0.387704, -6.74018e-12, 0.247099, 0.387704, -6.74018e-12, 0.247099, 0.996195, -3.71201e-12, -0.0871557, -4.46982e-12, -1, -8.49977e-12, -0.0871557, 8.857e-12, -0.996195, 0
0.85, 2025-07-03__00-41-09.599384, -0.0463649, -0.123914, 0.0340516, -2.29564, -0.0298504, 2.12159, 0.605839, -0.0209686, 0.366624, 0.00116733, 0.0697347, -0.0473621, 0.3451, 0.412814, 0, 0, 0, 0, 0, 0, 0, 0, 0, 0, 0, 0, 0, 0, 0.387704, -6.74018e-12, 0.247099, 0.387704, -6.74018e-12, 0.247099, 0.996195, -3.71201e-12, -0.0871557, -4.46982e-12, -1, -8.49977e-12, -0.0871557, 8.857e-12, -0.996195, 0
0.86, 2025-07-03__00-41-09.609384, -0.0465573, -0.120328, 0.0340627, -2.29497, -0.0303443, 2.12504, 0.609995, -0.0155347, 0.351184, 0.000712913, 0.0600166, -0.0476001, 0.350717, 0.42831, 0, 0, 0, 0, 0, 0, 0, 0, 0, 0, 0, 0, 0, 0, 0.387704, -6.74018e-12, 0.247099, 0.387704, -6.74018e-12, 0.247099, 0.996195, -3.71201e-12, -0.0871557, -4.46982e-12, -1, -8.49977e-12, -0.0871557, 8.857e-12, -0.996195, 0
0.87, 2025-07-03__00-41-09.619384, -0.0467238, -0.117179, 0.0340634, -2.29445, -0.0308286, 2.12828, 0.614467, -0.0189638, 0.314712, 0.00124638, 0.045128, -0.0521974, 0.318468, 0.455133, 0, 0, 0, 0, 0, 0, 0, 0, 0, 0, 0, 0, 0, 0, 0.387704, -6.74018e-12, 0.247099, 0.387704, -6.74018e-12, 0.247099, 0.996195, -3.71201e-12, -0.0871557, -4.46982e-12, -1, -8.49977e-12, -0.0871557, 8.857e-12, -0.996195, 0
0.88, 2025-07-03__00-41-09.629385, -0.0468795, -0.114078, 0.0340528, -2.29397, -0.0313448, 2.13131, 0.619077, -0.0193365, 0.317161, -0.00098956, 0.0479571, -0.054161, 0.296643, 0.451734, 0, 0, 0, 0, 0, 0, 0, 0, 0, 0, 0, 0, 0, 0, 0.387704, -6.74018e-12, 0.247099, 0.387704, -6.74018e-12, 0.247099, 0.996195, -3.71201e-12, -0.0871557, -4.46982e-12, -1, -8.49977e-12, -0.0871557, 8.857e-12, -0.996195, 0
0.89, 2025-07-03__00-41-09.639383, -0.0470158, -0.110803, 0.0340451, -2.29346, -0.0318591, 2.13438, 0.623253, -0.0137377, 0.32332, 0.000675873, 0.0454287, -0.0543817, 0.31117, 0.404113, 0, 0, 0, 0, 0, 0, 0, 0, 0, 0, 0, 0, 0, 0, 0.387704, -6.74018e-12, 0.247099, 0.387704, -6.74018e-12, 0.247099, 0.996195, -3.71201e-12, -0.0871557, -4.46982e-12, -1, -8.49977e-12, -0.0871557, 8.857e-12, -0.996195, 0
0.9, 2025-07-03__00-41-09.649384, -0.0471471, -0.10783, 0.0340443, -2.29307, -0.0323362, 2.1373, 0.627093, -0.013869, 0.289236, 0.00118605, 0.0381855, -0.0473578, 0.280259, 0.38579, 0, 0, 0, 0, 0, 0, 0, 0, 0, 0, 0, 0, 0, 0, 0.387704, -6.74018e-12, 0.247099, 0.387704, -6.74018e-12, 0.247099, 0.996195, -3.71201e-12, -0.0871557, -4.46982e-12, -1, -8.49977e-12, -0.0871557, 8.857e-12, -0.996195, 0
0.91, 2025-07-03__00-41-09.659384, -0.0472631, -0.105207, 0.0340578, -2.29273, -0.032766, 2.13991, 0.631136, -0.0111036, 0.263803, 0.00314043, 0.0385748, -0.0422672, 0.264734, 0.421385, 0, 0, 0, 0, 0, 0, 0, 0, 0, 0, 0, 0, 0, 0, 0.387704, -6.74018e-12, 0.247099, 0.387704, -6.74018e-12, 0.247099, 0.996195, -3.71201e-12, -0.0871557, -4.46982e-12, -1, -8.49977e-12, -0.0871557, 8.857e-12, -0.996195, 0
0.92, 2025-07-03__00-41-09.669384, -0.0473662, -0.102544, 0.0340552, -2.29236, -0.0330985, 2.14236, 0.635679, -0.0113496, 0.269149, -9.46728e-05, 0.0380269, -0.0299229, 0.238116, 0.453161, 0, 0, 0, 0, 0, 0, 0, 0, 0, 0, 0, 0, 0, 0, 0.387704, -6.74018e-12, 0.247099, 0.387704, -6.74018e-12, 0.247099, 0.996195, -3.71201e-12, -0.0871557, -4.46982e-12, -1, -8.49977e-12, -0.0871557, 8.857e-12, -0.996195, 0
0.93, 2025-07-03__00-41-09.679383, -0.0474515, -0.0999013, 0.0340553, -2.29197, -0.0333734, 2.14461, 0.640102, -0.0059129, 0.254478, 0.00120941, 0.0399493, -0.03045, 0.224771, 0.429904, 0, 0, 0, 0, 0, 0, 0, 0, 0, 0, 0, 0, 0, 0, 0.387704, -6.74018e-12, 0.247099, 0.387704, -6.74018e-12, 0.247099, 0.996195, -3.71201e-12, -0.0871557, -4.46982e-12, -1, -8.49977e-12, -0.0871557, 8.857e-12, -0.996195, 0
0.94, 2025-07-03__00-41-09.689387, -0.0475162, -0.097587, 0.0340525, -2.29165, -0.0336434, 2.14654, 0.644025, -0.00264584, 0.214844, 0.000319802, 0.0385296, -0.0373855, 0.189278, 0.395603, 0, 0, 0, 0, 0, 0, 0, 0, 0, 0, 0, 0, 0, 0, 0.387704, -6.74018e-12, 0.247099, 0.387704, -6.74018e-12, 0.247099, 0.996195, -3.71201e-12, -0.0871557, -4.46982e-12, -1, -8.49977e-12, -0.0871557, 8.857e-12, -0.996195, 0
0.95, 2025-07-03__00-41-09.699386, -0.0475659, -0.095558, 0.0340517, -2.29127, -0.0338831, 2.14815, 0.647904, -0.0114318, 0.199139, 0.000562669, 0.037999, -0.0278687, 0.152103, 0.39536, 0, 0, 0, 0, 0, 0, 0, 0, 0, 0, 0, 0, 0, 0, 0.387704, -6.74018e-12, 0.247099, 0.387704, -6.74018e-12, 0.247099, 0.996195, -3.71201e-12, -0.0871557, -4.46982e-12, -1, -8.49977e-12, -0.0871557, 8.857e-12, -0.996195, 0
0.96, 2025-07-03__00-41-09.709384, -0.0475955, -0.0937753, 0.0340472, -2.2909, -0.0340608, 2.14944, 0.652205, -0.00431224, 0.176131, 0.0014118, 0.0375521, -0.0167107, 0.121888, 0.442059, 0, 0, 0, 0, 0, 0, 0, 0, 0, 0, 0, 0, 0, 0, 0.387704, -6.74018e-12, 0.247099, 0.387704, -6.74018e-12, 0.247099, 0.996195, -3.71201e-12, -0.0871557, -4.46982e-12, -1, -8.49977e-12, -0.0871557, 8.857e-12, -0.996195, 0
0.97, 2025-07-03__00-41-09.719384, -0.0476305, -0.0919421, 0.0340366, -2.29054, -0.0342422, 2.15079, 0.657884, -0.0041434, 0.196865, -0.00027646, 0.0432533, -0.018073, 0.151348, 0.628693, 0, 0, 0, 0, 0, 0, 0, 0, 0, 0, 0, 0, 0, 0, 0.387704, -6.74018e-12, 0.247099, 0.387704, -6.74018e-12, 0.247099, 0.996195, -3.71201e-12, -0.0871557, -4.46982e-12, -1, -8.49977e-12, -0.0871557, 8.857e-12, -0.996195, 0
0.98, 2025-07-03__00-41-09.729384, -0.0476806, -0.0900568, 0.0340529, -2.2902, -0.0344629, 2.15266, 0.665269, -0.00696327, 0.168762, 0.000815096, 0.0315846, -0.0154305, 0.191394, 0.764087, 0, 0, 0, 0, 0, 0, 0, 0, 0, 0, 0, 0, 0, 0, 0.387704, -6.74018e-12, 0.247099, 0.387704, -6.74018e-12, 0.247099, 0.996195, -3.71201e-12, -0.0871557, -4.46982e-12, -1, -8.49977e-12, -0.0871557, 8.857e-12, -0.996195, 0
0.99, 2025-07-03__00-41-09.739383, -0.0476909, -0.0886819, 0.0340485, -2.28998, -0.0347046, 2.15451, 0.672912, -0.00155346, 0.128351, -0.000331759, 0.0198952, -0.0200976, 0.179748, 0.764036, 0, 0, 0, 0, 0, 0, 0, 0, 0, 0, 0, 0, 0, 0, 0.387704, -6.74018e-12, 0.247099, 0.387704, -6.74018e-12, 0.247099, 0.996195, -3.71201e-12, -0.0871557, -4.46982e-12, -1, -8.49977e-12, -0.0871557, 8.857e-12, -0.996195, 0
1, 2025-07-03__00-41-09.749384, -0.0476986, -0.0874153, 0.0340511, -2.28977, -0.0349487, 2.15593, 0.680376, -0.000816124, 0.133456, 0.000369805, 0.0234742, -0.0200383, 0.124048, 0.728842, 0, 0, 0, 0, 0, 0, 0, 0, 0, 0, 0, 0, 0, 0, 0.387704, -6.74018e-12, 0.247099, 0.387704, -6.74018e-12, 0.247099, 0.996195, -3.71201e-12, -0.0871557, -4.46982e-12, -1, -8.49977e-12, -0.0871557, 8.857e-12, -0.996195, 0
1.01, 2025-07-03__00-41-09.759384, -0.047705, -0.0860191, 0.0340541, -2.28944, -0.0351196, 2.15717, 0.687371, -0.000492164, 0.137519, -4.90615e-05, 0.0327084, -0.021403, 0.121866, 0.699243, 0, 0, 0, 0, 0, 0, 0, 0, 0, 0, 0, 0, 0, 0, 0.387704, -6.74018e-12, 0.247099, 0.387704, -6.74018e-12, 0.247099, 0.996195, -3.71201e-12, -0.0871557, -4.46982e-12, -1, -8.49977e-12, -0.0871557, 8.857e-12, -0.996195, 0
1.02, 2025-07-03__00-41-09.769384, -0.0477164, -0.0847443, 0.0340511, -2.2891, -0.0352285, 2.15818, 0.694693, -0.000338786, 0.120044, -0.000616386, 0.0353671, -0.0170515, 0.0921714, 0.743525, 0, 0, 0, 0, 0, 0, 0, 0, 0, 0, 0, 0, 0, 0, 0.387704, -6.74018e-12, 0.247099, 0.387704, -6.74018e-12, 0.247099, 0.996195, -3.71201e-12, -0.0871557, -4.46982e-12, -1, -8.49977e-12, -0.0871557, 8.857e-12, -0.996195, 0
1.03, 2025-07-03__00-41-09.779384, -0.0477137, -0.0837687, 0.0340541, -2.28881, -0.0353166, 2.15882, 0.702369, -0.00196132, 0.0927654, -0.00127687, 0.02798, -0.00807854, 0.0576888, 0.756041, 0, 0, 0, 0, 0, 0, 0, 0, 0, 0, 0, 0, 0, 0, 0.387704, -6.74018e-12, 0.247099, 0.387704, -6.74018e-12, 0.247099, 0.996195, -3.71201e-12, -0.0871557, -4.46982e-12, -1, -8.49977e-12, -0.0871557, 8.857e-12, -0.996195, 0
1.04, 2025-07-03__00-41-09.789383, -0.0477144, -0.083014, 0.0340514, -2.28852, -0.0353736, 2.15925, 0.709537, 0.00089047, 0.0771421, -0.000662801, 0.0277604, -0.00222615, 0.0395009, 0.71422, 0, 0, 0, 0, 0, 0, 0, 0, 0, 0, 0, 0, 0, 0, 0.387704, -6.74018e-12, 0.247099, 0.387704, -6.74018e-12, 0.247099, 0.996195, -3.71201e-12, -0.0871557, -4.46982e-12, -1, -8.49977e-12, -0.0871557, 8.857e-12, -0.996195, 0
1.05, 2025-07-03__00-41-09.799384, -0.0477206, -0.0823673, 0.0340564, -2.28825, -0.0354317, 2.1596, 0.716885, -0.00147476, 0.0634998, 0.00157197, 0.0254198, -0.00381653, 0.0369066, 0.745275, 0, 0, 0, 0, 0, 0, 0, 0, 0, 0, 0, 0, 0, 0, 0.387704, -6.74018e-12, 0.247099, 0.387704, -6.74018e-12, 0.247099, 0.996195, -3.71201e-12, -0.0871557, -4.46982e-12, -1, -8.49977e-12, -0.0871557, 8.857e-12, -0.996195, 0
1.06, 2025-07-03__00-41-09.809384, -0.0477284, -0.0818947, 0.0340514, -2.288, -0.0354589, 2.15984, 0.724113, -0.00111024, 0.0392185, 6.94581e-05, 0.0223889, -0.0037726, 0.0185891, 0.71008, 0, 0, 0, 0, 0, 0, 0, 0, 0, 0, 0, 0, 0, 0, 0.387704, -6.74018e-12, 0.247099, 0.387704, -6.74018e-12, 0.247099, 0.996195, -3.71201e-12, -0.0871557, -4.46982e-12, -1, -8.49977e-12, -0.0871557, 8.857e-12, -0.996195, 0
1.07, 2025-07-03__00-41-09.819384, -0.0477292, -0.0815699, 0.034049, -2.28776, -0.0354795, 2.16, 0.7313, 0.000378602, 0.027396, 0.000380701, 0.021253, -0.000705455, 0.0201705, 0.72689, 0, 0, 0, 0, 0, 0, 0, 0, 0, 0, 0, 0, 0, 0, 0.387704, -6.74018e-12, 0.247099, 0.387704, -6.74018e-12, 0.247099, 0.996195, -3.71201e-12, -0.0871557, -4.46982e-12, -1, -8.49977e-12, -0.0871557, 8.857e-12, -0.996195, 0
1.08, 2025-07-03__00-41-09.829384, -0.0477347, -0.0813841, 0.0340541, -2.28758, -0.035502, 2.1601, 0.738905, 0.000446952, 0.0161914, 1.01475e-05, 0.0116597, -0.00384858, 0.0130859, 0.758434, 0, 0, 0, 0, 0, 0, 0, 0, 0, 0, 0, 0, 0, 0, 0.387704, -6.74018e-12, 0.247099, 0.387704, -6.74018e-12, 0.247099, 0.996195, -3.71201e-12, -0.0871557, -4.46982e-12, -1, -8.49977e-12, -0.0871557, 8.857e-12, -0.996195, 0
1.09, 2025-07-03__00-41-09.839383, -0.0477301, -0.0813758, 0.034052, -2.28745, -0.0355175, 2.16015, 0.745826, 0.000968374, 0.0020053, -0.00237604, 0.00958231, 0.00247266, 0.0032883, 0.625835, 0.082156, 0.133766, 0.0615675, -0.217762, -0.0870719, -0.0713933, -4.19569, 0, 0, 0, 0, 0, 0, 0, 0.486468, -0.0157423, 0.142649, 0.486385, -0.0157403, 0.142593, 0.996195, -3.71201e-12, -0.0871557, -4.46982e-12, -1, -8.49977e-12, -0.0871557, 8.857e-12, -0.996195, 0
1.1, 2025-07-03__00-41-09.849384, -0.0477288, -0.0813755, 0.0340598, -2.28736, -0.0355047, 2.16002, 0.748149, -0.00121154, -0.00177117, 8.69764e-06, 0.00446956, 4.1754e-05, -0.0100423, 0.0885096, 0.0477476, 0.157966, 0.0150723, -0.136259, -0.0441154, 0.0458609, -1.07467, 0, 0, 0, 0, 0, 0, 0, 0.486471, -0.0157355, 0.142676, 0.486385, -0.0157403, 0.142593, 0.996195, -3.71201e-12, -0.0871557, -4.46982e-12, -1, -8.49977e-12, -0.0871557, 8.857e-12, -0.996195, 0
1.11, 2025-07-03__00-41-09.859384, -0.0477116, -0.0814443, 0.0340712, -2.28736, -0.0354755, 2.15987, 0.746273, 0.00139371, -0.00392928, 0.00196217, -0.00272553, 0.0100481, -0.0140761, -0.22276, -0.0863116, 0.124558, -0.11487, -0.0154216, -0.0779771, 0.107367, 0.920375, 0, 0, 0, 0, 0, 0, 0, 0.486431, -0.0157227, 0.142696, 0.486385, -0.0157403, 0.142593, 0.996195, -3.71201e-12, -0.0871557, -4.46982e-12, -1, -8.49977e-12, -0.0871557, 8.857e-12, -0.996195, 0
1.12, 2025-07-03__00-41-09.869384, -0.0476921, -0.0815173, 0.0340935, -2.2874, -0.0354501, 2.15967, 0.744372, 0.000473735, -0.00638481, 0.00686814, -0.00392638, 0.00561096, -0.0176567, -0.148568, -0.187647, 0.201513, -0.212911, -0.017657, -0.0495402, 0.142147, 0.582082, 0, 0, 0, 0, 0, 0, 0, 0.486358, -0.015698, 0.142702, 0.486385, -0.0157403, 0.142593, 0.996195, -3.71201e-12, -0.0871557, -4.46982e-12, -1, -8.49977e-12, -0.0871557, 8.857e-12, -0.996195, 0
1.13, 2025-07-03__00-41-09.879384, -0.0476814, -0.0815936, 0.0341101, -2.28741, -0.0354473, 2.15942, 0.744046, 3.56214e-05, -0.00595528, 0.00253321, 0.00295246, -0.000196796, -0.0194742, -0.00609032, -0.0760631, 0.315893, -0.0963154, -0.149845, -0.0247284, 0.147656, -0.262221, 0, 0, 0, 0, 0, 0, 0, 0.486276, -0.0156814, 0.142713, 0.486385, -0.0157403, 0.142593, 0.996195, -3.71201e-12, -0.0871557, -4.46982e-12, -1, -8.49977e-12, -0.0871557, 8.857e-12, -0.996195, 0
1.14, 2025-07-03__00-41-09.889387, -0.0476776, -0.0816062, 0.0341444, -2.28739, -0.0354398, 2.15916, 0.744147, 0.00101255, 0.000570803, 0.00605443, 0.00217954, 1.85598e-05, -0.0217949, 0.00495021, -0.181258, 0.0710482, -0.204511, -0.0150505, -0.0264231, 0.196284, -0.33447, 0, 0, 0, 0, 0, 0, 0, 0.486206, -0.0156682, 0.142721, 0.486385, -0.0157403, 0.142593, 0.996195, -3.71201e-12, -0.0871557, -4.46982e-12, -1, -8.49977e-12, -0.0871557, 8.857e-12, -0.996195, 0
1.15, 2025-07-03__00-41-09.899385, -0.0476766, -0.0815925, 0.0341952, -2.28739, -0.0354274, 2.15896, 0.744099, 0.000728909, 0.000441945, 0.00539416, -0.00198003, 6.58775e-05, -0.0241939, -0.00201331, -0.172455, -0.00892295, -0.195657, 0.0827015, -0.0251696, 0.239518, -0.289305, 0, 0, 0, 0, 0, 0, 0, 0.486127, -0.0156388, 0.142691, 0.486385, -0.0157403, 0.142593, 0.996195, -3.71201e-12, -0.0871557, -4.46982e-12, -1, -8.49977e-12, -0.0871557, 8.857e-12, -0.996195, 0
1.16, 2025-07-03__00-41-09.909384, -0.0476605, -0.0815628, 0.03424, -2.28741, -0.0354267, 2.15883, 0.744089, 0.00141074, 0.00137275, 0.00563331, -0.00108242, -0.000507453, -0.011324, -0.0014664, -0.207371, -0.0151988, -0.230962, 0.054517, -0.0215089, 0.160127, -0.292157, 0, 0, 0, 0, 0, 0, 0, 0.486068, -0.0156102, 0.142662, 0.486385, -0.0157403, 0.142593, 0.996195, -3.71201e-12, -0.0871557, -4.46982e-12, -1, -8.49977e-12, -0.0871557, 8.857e-12, -0.996195, 0
1.17, 2025-07-03__00-41-09.919384, -0.0476541, -0.0815273, 0.0342843, -2.28743, -0.0354217, 2.15868, 0.744079, -0.000363879, 0.00197018, 0.00287583, -0.000762464, 0.00029433, -0.0106431, -0.000943893, -0.1151, -0.0516913, -0.136841, 0.0691539, -0.0266934, 0.167889, -0.294969, 0, 0, 0, 0, 0, 0, 0, 0.486003, -0.0155841, 0.142627, 0.486385, -0.0157403, 0.142593, 0.996195, -3.71201e-12, -0.0871557, -4.46982e-12, -1, -8.49977e-12, -0.0871557, 8.857e-12, -0.996195, 0
1.18, 2025-07-03__00-41-09.929384, -0.0476554, -0.0815031, 0.0343242, -2.28743, -0.0354179, 2.15851, 0.74406, 0.000381196, 0.0015371, 0.00640093, 0.00212332, 0.000181613, -0.0154337, -0.00388643, -0.219839, -0.00725672, -0.244221, 0.0287942, -0.02741, 0.202966, -0.275656, 0, 0, 0, 0, 0, 0, 0, 0.485934, -0.0155657, 0.142599, 0.486385, -0.0157403, 0.142593, 0.996195, -3.71201e-12, -0.0871557, -4.46982e-12, -1, -8.49977e-12, -0.0871557, 8.857e-12, -0.996195, 0
1.19, 2025-07-03__00-41-09.939383, -0.0476487, -0.0814953, 0.0343438, -2.28745, -0.0354175, 2.15831, 0.744059, -0.000472736, -0.00048563, 0.00225048, -0.000319651, 0.000152953, -0.0140743, 0.000460411, -0.113637, 0.0130819, -0.135339, 0.0502254, -0.0268104, 0.211647, -0.302115, 0, 0, 0, 0, 0, 0, 0, 0.485857, -0.0155552, 0.142575, 0.486385, -0.0157403, 0.142593, 0.996195, -3.71201e-12, -0.0871557, -4.46982e-12, -1, -8.49977e-12, -0.0871557, 8.857e-12, -0.996195, 0
1.2, 2025-07-03__00-41-09.949384, -0.0476442, -0.0815118, 0.0343681, -2.28744, -0.0354185, 2.15814, 0.744054, 0.000726776, -0.00189651, 0.00488299, 0.00189379, -3.52182e-06, -0.0169507, -0.000131808, -0.207324, 0.1011, -0.23103, -0.00782226, -0.0271276, 0.2323, -0.29796, 0, 0, 0, 0, 0, 0, 0, 0.485797, -0.0155417, 0.14257, 0.486385, -0.0157403, 0.142593, 0.996195, -3.71201e-12, -0.0871557, -4.46982e-12, -1, -8.49977e-12, -0.0871557, 8.857e-12, -0.996195, 0
1.21, 2025-07-03__00-41-09.959385, -0.047644, -0.0815163, 0.0344073, -2.28744, -0.0354165, 2.158, 0.744051, 0.0013137, 0.000601045, 0.00428556, -0.00311809, 0.000198335, -0.0136651, -0.00112466, -0.215673, -0.066157, -0.239483, 0.128969, -0.0258897, 0.239841, -0.291614, 0, 0, 0, 0, 0, 0, 0, 0.485756, -0.0155279, 0.14257, 0.486385, -0.0157403, 0.142593, 0.996195, -3.71201e-12, -0.0871557, -4.46982e-12, -1, -8.49977e-12, -0.0871557, 8.857e-12, -0.996195, 0
1.22, 2025-07-03__00-41-09.969384, -0.047638, -0.0815298, 0.034436, -2.28743, -0.0354162, 2.15793, 0.744043, -0.000499388, -0.00163516, -0.000421664, 0.000564209, 0.000131197, -0.00170335, -0.000542669, -0.0774367, 0.101635, -0.0976835, -0.023283, -0.0271804, 0.146265, -0.295447, 0, 0, 0, 0, 0, 0, 0, 0.485733, -0.0155093, 0.142566, 0.486385, -0.0157403, 0.142593, 0.996195, -3.71201e-12, -0.0871557, -4.46982e-12, -1, -8.49977e-12, -0.0871557, 8.857e-12, -0.996195, 0
1.23, 2025-07-03__00-41-09.979384, -0.0476422, -0.0815383, 0.0344589, -2.28745, -0.0354134, 2.15787, 0.744042, -0.0010651, 0.000288495, -0.00118556, -0.000787441, -0.000255214, -0.00555541, 0.00102619, -0.0499554, -0.00045001, -0.069839, 0.0523324, -0.0241142, 0.185699, -0.304762, 0, 0, 0, 0, 0, 0, 0, 0.485712, -0.0154944, 0.14257, 0.486385, -0.0157403, 0.142593, 0.996195, -3.71201e-12, -0.0871557, -4.46982e-12, -1, -8.49977e-12, -0.0871557, 8.857e-12, -0.996195, 0
1.24, 2025-07-03__00-41-09.989384, -0.0476368, -0.081557, 0.0344735, -2.28745, -0.0354126, 2.15779, 0.744032, 0.00041845, -0.00188539, 0.000571055, -0.000240788, -0.000148945, -0.00214158, -0.00113235, -0.130041, 0.100971, -0.151321, -0.00534561, -0.0253038, 0.16063, -0.291039, 0, 0, 0, 0, 0, 0, 0, 0.485686, -0.0154923, 0.142569, 0.486385, -0.0157403, 0.142593, 0.996195, -3.71201e-12, -0.0871557, -4.46982e-12, -1, -8.49977e-12, -0.0871557, 8.857e-12, -0.996195, 0
1.25, 2025-07-03__00-41-09.999384, -0.0476314, -0.0815527, 0.0344886, -2.28743, -0.0354121, 2.15775, 0.744031, 0.00229571, 0.000898375, 0.00515946, 0.00135606, 0.000466155, -0.000712462, -0.00877056, -0.279782, 0.037141, -0.30437, 0.00429826, -0.028981, 0.153613, -0.244376, 0, 0, 0, 0, 0, 0, 0, 0.485678, -0.0154862, 0.142572, 0.486385, -0.0157403, 0.142593, 0.996195, -3.71201e-12, -0.0871557, -4.46982e-12, -1, -8.49977e-12, -0.0871557, 8.857e-12, -0.996195, 0
1.26, 2025-07-03__00-41-10.009385, -0.047629, -0.0815366, 0.034509, -2.28743, -0.0354116, 2.15775, 0.744036, 0.000360263, 0.0028585, 0.00187102, -0.00156764, 7.55699e-05, 0.000222227, -0.00475954, -0.16533, -0.0891138, -0.187756, 0.0948854, -0.0251455, 0.161079, -0.269136, 0, 0, 0, 0, 0, 0, 0, 0.485681, -0.0154688, 0.142571, 0.486385, -0.0157403, 0.142593, 0.996195, -3.71201e-12, -0.0871557, -4.46982e-12, -1, -8.49977e-12, -0.0871557, 8.857e-12, -0.996195, 0
1.27, 2025-07-03__00-41-10.019384, -0.0476147, -0.0815313, 0.0345219, -2.28744, -0.0354086, 2.15774, 0.744034, 0.00142489, 0.000115133, 0.0015439, -0.00172873, -0.000436817, -0.00209363, 0.00828979, -0.189163, -0.00182871, -0.21152, 0.0625059, -0.023446, 0.172311, -0.348006, 0, 0, 0, 0, 0, 0, 0, 0.485664, -0.0154582, 0.142552, 0.486385, -0.0157403, 0.142593, 0.996195, -3.71201e-12, -0.0871557, -4.46982e-12, -1, -8.49977e-12, -0.0871557, 8.857e-12, -0.996195, 0
1.28, 2025-07-03__00-41-10.029384, -0.0476175, -0.0815256, 0.0345388, -2.28745, -0.0354079, 2.15772, 0.744024, -0.00450102, -0.000531909, 0.000248141, 0.000394483, 4.79066e-06, 0.000289783, -0.000348123, -0.0291651, 0.0527507, -0.0503046, 0.00343276, -0.0263366, 0.150813, -0.295628, 0, 0, 0, 0, 0, 0, 0, 0.485647, -0.015449, 0.142541, 0.486385, -0.0157403, 0.142593, 0.996195, -3.71201e-12, -0.0871557, -4.46982e-12, -1, -8.49977e-12, -0.0871557, 8.857e-12, -0.996195, 0
1.29, 2025-07-03__00-41-10.039390, -0.0476238, -0.0815147, 0.034549, -2.28745, -0.0354073, 2.15769, 0.744017, 0.00311806, 0.00222409, 0.00232707, 0.000371437, 0.000259455, -0.00333924, -0.00184073, -0.247849, -0.0514785, -0.270813, 0.0661537, -0.0276806, 0.183094, -0.285479, 0, 0, 0, 0, 0, 0, 0, 0.485644, -0.0154495, 0.142542, 0.486385, -0.0157403, 0.142593, 0.996195, -3.71201e-12, -0.0871557, -4.46982e-12, -1, -8.49977e-12, -0.0871557, 8.857e-12, -0.996195, 0
1.3, 2025-07-03__00-41-10.049388, -0.0476292, -0.0815197, 0.0345538, -2.28745, -0.0354092, 2.15769, 0.744025, -0.00264972, -0.00127599, 0.00013655, 0.000673799, -0.000326071, -0.000883908, 0.000761689, -0.0695559, 0.0798979, -0.0908281, -0.00868984, -0.0246193, 0.158413, -0.302253, 0, 0, 0, 0, 0, 0, 0, 0.48564, -0.0154433, 0.142539, 0.486385, -0.0157403, 0.142593, 0.996195, -3.71201e-12, -0.0871557, -4.46982e-12, -1, -8.49977e-12, -0.0871557, 8.857e-12, -0.996195, 0
1.31, 2025-07-03__00-41-10.059386, -0.0476185, -0.0815196, 0.0345655, -2.28744, -0.0354073, 2.15769, 0.744018, 0.00136444, -0.000167722, 0.00106448, 0.00159846, 5.68838e-05, -0.00072979, -0.00035305, -0.185933, 0.061491, -0.207978, -0.0102158, -0.0273732, 0.156088, -0.294861, 0, 0, 0, 0, 0, 0, 0, 0.485641, -0.0154391, 0.142541, 0.486385, -0.0157403, 0.142593, 0.996195, -3.71201e-12, -0.0871557, -4.46982e-12, -1, -8.49977e-12, -0.0871557, 8.857e-12, -0.996195, 0
1.32, 2025-07-03__00-41-10.069384, -0.0476155, -0.0815278, 0.0345719, -2.28745, -0.035403, 2.15768, 0.744014, -0.00243401, 0.0002109, -0.00115038, 7.18735e-05, 0.000356366, -0.000466923, -0.000529443, -0.0517502, 0.0198486, -0.0721223, 0.0255715, -0.0285863, 0.161215, -0.293892, 0, 0, 0, 0, 0, 0, 0, 0.485639, -0.015432, 0.142544, 0.486385, -0.0157403, 0.142593, 0.996195, -3.71201e-12, -0.0871557, -4.46982e-12, -1, -8.49977e-12, -0.0871557, 8.857e-12, -0.996195, 0
1.33, 2025-07-03__00-41-10.079384, -0.0476206, -0.0815415, 0.0345783, -2.28744, -0.0354036, 2.15767, 0.744017, 0.000306019, -0.00142817, -8.87775e-05, 0.00132835, -4.57534e-05, -0.000176949, 0.000231527, -0.139253, 0.109017, -0.160518, -0.0311496, -0.0270762, 0.151513, -0.298511, 0, 0, 0, 0, 0, 0, 0, 0.485638, -0.0154308, 0.142549, 0.486385, -0.0157403, 0.142593, 0.996195, -3.71201e-12, -0.0871557, -4.46982e-12, -1, -8.49977e-12, -0.0871557, 8.857e-12, -0.996195, 0
1.34, 2025-07-03__00-41-10.089383, -0.0476263, -0.081544, 0.0345814, -2.28744, -0.0354072, 2.15767, 0.744013, -0.000914517, -0.000426291, 0.00129845, 0.000346039, 0.000134639, -0.000302314, -0.000980825, -0.142104, 0.0575575, -0.164389, 0.00557804, -0.0272798, 0.157493, -0.290872, 0, 0, 0, 0, 0, 0, 0, 0.485644, -0.0154332, 0.142556, 0.486385, -0.0157403, 0.142593, 0.996195, -3.71201e-12, -0.0871557, -4.46982e-12, -1, -8.49977e-12, -0.0871557, 8.857e-12, -0.996195, 0
1.35, 2025-07-03__00-41-10.099384, -0.0476181, -0.0815468, 0.0345821, -2.28745, -0.0354041, 2.15767, 0.744018, 0.00189518, -2.13673e-05, -0.000488589, -0.00086893, 0.000223238, -0.000551125, 0.000588675, -0.167163, 0.0223105, -0.188347, 0.0392941, -0.0275963, 0.163864, -0.300595, 0, 0, 0, 0, 0, 0, 0, 0.485644, -0.0154317, 0.142557, 0.486385, -0.0157403, 0.142593, 0.996195, -3.71201e-12, -0.0871557, -4.46982e-12, -1, -8.49977e-12, -0.0871557, 8.857e-12, -0.996195, 0
1.36, 2025-07-03__00-41-10.109383, -0.0476181, -0.0815445, 0.0345903, -2.28744, -0.0354086, 2.15767, 0.744013, 0.000409962, -4.35395e-05, 0.00105289, 0.00118359, -0.000269613, -0.000264083, 0.000516194, -0.16992, 0.0590147, -0.192082, -0.0047514, -0.0250832, 0.155309, -0.299868, 0, 0, 0, 0, 0, 0, 0, 0.485639, -0.015425, 0.14255, 0.486385, -0.0157403, 0.142593, 0.996195, -3.71201e-12, -0.0871557, -4.46982e-12, -1, -8.49977e-12, -0.0871557, 8.857e-12, -0.996195, 0
1.37, 2025-07-03__00-41-10.119384, -0.0476209, -0.0815337, 0.034591, -2.28745, -0.0354057, 2.15767, 0.744008, -0.000689943, 0.000375389, -0.000141989, -0.00111083, 0.000114172, -9.45721e-05, -0.000983027, -0.117607, -0.00117108, -0.138985, 0.0512869, -0.0264015, 0.162866, -0.29058, 0, 0, 0, 0, 0, 0, 0, 0.485642, -0.0154221, 0.14255, 0.486385, -0.0157403, 0.142593, 0.996195, -3.71201e-12, -0.0871557, -4.46982e-12, -1, -8.49977e-12, -0.0871557, 8.857e-12, -0.996195, 0
1.38, 2025-07-03__00-41-10.129383, -0.0476207, -0.0815283, 0.0345889, -2.28744, -0.0354057, 2.15766, 0.744016, -0.00155711, 0.000530747, -0.000929332, 0.00197478, 0.000176799, -0.000223481, 0.00173632, -0.0785535, 0.0431371, -0.0991164, -0.00948473, -0.0282758, 0.155297, -0.307695, 0, 0, 0, 0, 0, 0, 0, 0.485637, -0.0154231, 0.142547, 0.486385, -0.0157403, 0.142593, 0.996195, -3.71201e-12, -0.0871557, -4.46982e-12, -1, -8.49977e-12, -0.0871557, 8.857e-12, -0.996195, 0
1.39, 2025-07-03__00-41-10.139382, -0.0476205, -0.0815283, 0.0345944, -2.28745, -0.0354042, 2.15765, 0.744014, -0.000723311, -1.94622e-05, 0.00107268, -0.000159119, 8.96261e-05, -0.00490394, 0.00134775, -0.144656, 0.0170931, -0.166908, 0.041891, -0.0270945, 0.193558, -0.304893, 0, 0, 0, 0, 0, 0, 0, 0.485633, -0.0154263, 0.142545, 0.486385, -0.0157403, 0.142593, 0.996195, -3.71201e-12, -0.0871557, -4.46982e-12, -1, -8.49977e-12, -0.0871557, 8.857e-12, -0.996195, 0
1.4, 2025-07-03__00-41-10.149384, -0.0476206, -0.081528, 0.0345893, -2.28744, -0.0354025, 2.15766, 0.744005, -0.000105411, -0.000864071, -0.00105192, 0.000166743, 0.000153159, -0.000295032, -0.000280634, -0.110325, 0.0632288, -0.130972, 0.00433114, -0.0276761, 0.158214, -0.29475, 0, 0, 0, 0, 0, 0, 0, 0.485634, -0.0154214, 0.142545, 0.486385, -0.0157403, 0.142593, 0.996195, -3.71201e-12, -0.0871557, -4.46982e-12, -1, -8.49977e-12, -0.0871557, 8.857e-12, -0.996195, 0
1.41, 2025-07-03__00-41-10.159383, -0.0476199, -0.081526, 0.0345999, -2.28745, -0.0354031, 2.15765, 0.744008, -0.000249691, -0.000209839, 0.00290152, -0.0010189, -0.000119833, -0.000324433, -0.00136579, -0.199324, 0.0201023, -0.222992, 0.0433319, -0.0252464, 0.164075, -0.288045, 0, 0, 0, 0, 0, 0, 0, 0.485629, -0.0154229, 0.142542, 0.486385, -0.0157403, 0.142593, 0.996195, -3.71201e-12, -0.0871557, -4.46982e-12, -1, -8.49977e-12, -0.0871557, 8.857e-12, -0.996195, 0
1.42, 2025-07-03__00-41-10.169384, -0.0476207, -0.0815309, 0.034597, -2.28745, -0.0354018, 2.15765, 0.744008, -0.00106159, -0.000446663, 0.00272003, -0.000251817, 0.00042485, 0.000335828, 0.000297914, -0.175972, 0.0439878, -0.199381, 0.0204868, -0.0291709, 0.156658, -0.29827, 0, 0, 0, 0, 0, 0, 0, 0.485626, -0.0154189, 0.142543, 0.486385, -0.0157403, 0.142593, 0.996195, -3.71201e-12, -0.0871557, -4.46982e-12, -1, -8.49977e-12, -0.0871557, 8.857e-12, -0.996195, 0
1.43, 2025-07-03__00-41-10.179383, -0.047621, -0.0815355, 0.0345949, -2.28745, -0.0354038, 2.15764, 0.744005, -0.00018319, -0.00626928, -0.000315037, -0.00106285, -0.000153366, 0.000353021, -0.00133246, -0.130708, 0.237909, -0.152161, -0.0616056, -0.0260434, 0.147341, -0.288388, 0, 0, 0, 0, 0, 0, 0, 0.485632, -0.0154206, 0.142549, 0.486385, -0.0157403, 0.142593, 0.996195, -3.71201e-12, -0.0871557, -4.46982e-12, -1, -8.49977e-12, -0.0871557, 8.857e-12, -0.996195, 0
1.44, 2025-07-03__00-41-10.189382, -0.0476228, -0.0815384, 0.0345954, -2.28744, -0.0354042, 2.15764, 0.744003, -0.000238919, -0.000643147, 0.000127542, 0.000860814, -0.000295845, 0.000445887, -0.00145534, -0.13487, 0.0725285, -0.156363, -0.00884694, -0.0249489, 0.152526, -0.28744, 0, 0, 0, 0, 0, 0, 0, 0.485632, -0.0154211, 0.142551, 0.486385, -0.0157403, 0.142593, 0.996195, -3.71201e-12, -0.0871557, -4.46982e-12, -1, -8.49977e-12, -0.0871557, 8.857e-12, -0.996195, 0
1.45, 2025-07-03__00-41-10.199383, -0.0476174, -0.0815387, 0.0346028, -2.28744, -0.0354038, 2.15764, 0.744008, 0.00129351, -0.000719214, 0.000911409, -0.000339646, -0.000291339, -0.000219099, 0.000217112, -0.190516, 0.0555618, -0.212782, 0.0166931, -0.0247009, 0.160293, -0.297696, 0, 0, 0, 0, 0, 0, 0, 0.485632, -0.0154207, 0.14255, 0.486385, -0.0157403, 0.142593, 0.996195, -3.71201e-12, -0.0871557, -4.46982e-12, -1, -8.49977e-12, -0.0871557, 8.857e-12, -0.996195, 0
1.46, 2025-07-03__00-41-10.209383, -0.0476186, -0.0815387, 0.0345978, -2.28745, -0.0354025, 2.15763, 0.744007, 5.79436e-05, -0.000883315, -0.00119603, -0.000775605, 0.000202216, -0.000551435, 0.00149892, -0.113297, 0.0491795, -0.13397, 0.0249604, -0.0277122, 0.164897, -0.30561, 0, 0, 0, 0, 0, 0, 0, 0.485624, -0.0154177, 0.142545, 0.486385, -0.0157403, 0.142593, 0.996195, -3.71201e-12, -0.0871557, -4.46982e-12, -1, -8.49977e-12, -0.0871557, 8.857e-12, -0.996195, 0
1.47, 2025-07-03__00-41-10.219384, -0.0476206, -0.0815387, 0.0346009, -2.28744, -0.0353993, 2.15763, 0.744004, -0.00113541, -0.00107556, -0.000708265, 0.00177648, 0.0003171, 0.000625336, 0.000927012, -0.0972819, 0.102562, -0.118074, -0.0356717, -0.0296497, 0.148387, -0.302132, 0, 0, 0, 0, 0, 0, 0, 0.485623, -0.0154139, 0.142544, 0.486385, -0.0157403, 0.142593, 0.996195, -3.71201e-12, -0.0871557, -4.46982e-12, -1, -8.49977e-12, -0.0871557, 8.857e-12, -0.996195, 0
1.48, 2025-07-03__00-41-10.229382, -0.0476206, -0.0815333, 0.0346009, -2.28744, -0.0354028, 2.15763, 0.744004, -0.000965406, 0.00227184, 0.000686187, 0.000120063, -0.000316463, 0.000138739, -0.00039302, -0.130819, -0.0466505, -0.152697, 0.0570896, -0.0241144, 0.163951, -0.293861, 0, 0, 0, 0, 0, 0, 0, 0.485628, -0.0154205, 0.142547, 0.486385, -0.0157403, 0.142593, 0.996195, -3.71201e-12, -0.0871557, -4.46982e-12, -1, -8.49977e-12, -0.0871557, 8.857e-12, -0.996195, 0
1.49, 2025-07-03__00-41-10.239382, -0.047617, -0.0815334, 0.0345985, -2.28744, -0.0353993, 2.15763, 0.744, 0.00623214, -0.00137387, 0.000201351, 0.00121028, 0.00919214, -3.96561e-05, -0.00126496, -0.286034, 0.107772, -0.307606, -0.0280438, -0.0850943, 0.153495, -0.288723, 0, 0, 0, 0, 0, 0, 0, 0.485628, -0.0154201, 0.142547, 0.486385, -0.0157403, 0.142593, 0.996195, -3.71201e-12, -0.0871557, -4.46982e-12, -1, -8.49977e-12, -0.0871557, 8.857e-12, -0.996195, 0
1.5, 2025-07-03__00-41-10.249385, -0.0476231, -0.0815281, 0.0345983, -2.28744, -0.0354044, 2.15763, 0.744, -0.00134011, 0.00502835, -0.00264297, -0.000153234, -2.54504e-05, -0.000553438, -3.63347e-05, -0.0434925, -0.155601, -0.0628712, 0.110617, -0.0252039, 0.175989, -0.295942, 0, 0, 0, 0, 0, 0, 0, 0.485627, -0.0154206, 0.142545, 0.486385, -0.0157403, 0.142593, 0.996195, -3.71201e-12, -0.0871557, -4.46982e-12, -1, -8.49977e-12, -0.0871557, 8.857e-12, -0.996195, 0
1.51, 2025-07-03__00-41-10.259383, -0.0476173, -0.0815282, 0.0346017, -2.28745, -0.0354031, 2.15762, 0.744004, 0.00165316, 0.00090987, -6.55693e-05, -0.000649741, -7.29172e-05, 1.3997e-05, 0.00126205, -0.175065, -0.0135478, -0.196602, 0.0536358, -0.0257029, 0.165086, -0.303789, 0, 0, 0, 0, 0, 0, 0, 0.485619, -0.0154182, 0.142542, 0.486385, -0.0157403, 0.142593, 0.996195, -3.71201e-12, -0.0871557, -4.46982e-12, -1, -8.49977e-12, -0.0871557, 8.857e-12, -0.996195, 0
1.52, 2025-07-03__00-41-10.269387, -0.0476157, -0.0815334, 0.0346042, -2.28745, -0.0354025, 2.15762, 0.744001, 0.000511657, -0.00114048, 0.000143477, -0.000977528, 0.00307286, 0.000238837, -0.000254537, -0.156616, 0.0563907, -0.178253, 0.0228865, -0.0455038, 0.160216, -0.294731, 0, 0, 0, 0, 0, 0, 0, 0.485624, -0.0154173, 0.142545, 0.486385, -0.0157403, 0.142593, 0.996195, -3.71201e-12, -0.0871557, -4.46982e-12, -1, -8.49977e-12, -0.0871557, 8.857e-12, -0.996195, 0
1.53, 2025-07-03__00-41-10.279383, -0.047617, -0.0815334, 0.0346049, -2.28744, -0.0354028, 2.15762, 0.743997, 0.000626926, -0.000125723, 0.00102413, 0.00040555, 0.00533859, 5.91726e-05, -0.00129122, -0.178198, 0.0457519, -0.200293, 0.00979766, -0.060021, 0.15908, -0.288333, 0, 0, 0, 0, 0, 0, 0, 0.485624, -0.0154168, 0.142546, 0.486385, -0.0157403, 0.142593, 0.996195, -3.71201e-12, -0.0871557, -4.46982e-12, -1, -8.49977e-12, -0.0871557, 8.857e-12, -0.996195, 0
1.54, 2025-07-03__00-41-10.289383, -0.0476171, -0.081533, 0.0346095, -2.28745, -0.0354038, 2.15762, 0.743999, 7.78867e-05, 0.000996034, 0.00111938, 0.000331866, 0.000235084, -0.000474691, 0.000718225, -0.167835, 0.000345847, -0.190123, 0.03581, -0.0278981, 0.165601, -0.300255, 0, 0, 0, 0, 0, 0, 0, 0.48562, -0.0154127, 0.142543, 0.486385, -0.0157403, 0.142593, 0.996195, -3.71201e-12, -0.0871557, -4.46982e-12, -1, -8.49977e-12, -0.0871557, 8.857e-12, -0.996195, 0
1.55, 2025-07-03__00-41-10.299384, -0.0476153, -0.0815334, 0.0346042, -2.28745, -0.0354025, 2.15762, 0.744, 0.000581426, -2.73371e-05, -0.00131801, -0.00199303, 0.000158061, 0.000188609, 0.000451502, -0.124379, -0.00198446, -0.145068, 0.0630345, -0.0266702, 0.166123, -0.29879, 0, 0, 0, 0, 0, 0, 0, 0.485625, -0.0154145, 0.142547, 0.486385, -0.0157403, 0.142593, 0.996195, -3.71201e-12, -0.0871557, -4.46982e-12, -1, -8.49977e-12, -0.0871557, 8.857e-12, -0.996195, 0
1.56, 2025-07-03__00-41-10.309383, -0.0476117, -0.0815309, 0.03461, -2.28745, -0.0354038, 2.15761, 0.743996, 0.00201372, 0.00048248, 0.000179612, -0.00113839, -0.000168344, 0.000151785, -0.000549532, -0.192524, -0.00498031, -0.214329, 0.0560748, -0.0247968, 0.165301, -0.292299, 0, 0, 0, 0, 0, 0, 0, 0.485625, -0.0154125, 0.142547, 0.486385, -0.0157403, 0.142593, 0.996195, -3.71201e-12, -0.0871557, -4.46982e-12, -1, -8.49977e-12, -0.0871557, 8.857e-12, -0.996195, 0
1.57, 2025-07-03__00-41-10.319384, -0.0476149, -0.0815334, 0.0346101, -2.28744, -0.0354026, 2.15762, 0.744003, 7.81654e-05, -0.000699338, 0.000735677, 0.000594261, 1.92802e-05, 0.000293714, -0.000447933, -0.161004, 0.0684061, -0.183049, -0.00233762, -0.0269851, 0.15561, -0.293501, 0, 0, 0, 0, 0, 0, 0, 0.485625, -0.0154119, 0.142547, 0.486385, -0.0157403, 0.142593, 0.996195, -3.71201e-12, -0.0871557, -4.46982e-12, -1, -8.49977e-12, -0.0871557, 8.857e-12, -0.996195, 0
1.58, 2025-07-03__00-41-10.329382, -0.0476121, -0.0815341, 0.0346019, -2.28744, -0.0354031, 2.15762, 0.743999, 0.00128574, -0.000731672, -0.00118863, 0.000357755, -7.38992e-05, -0.000323634, 0.000371569, -0.143401, 0.063926, -0.164054, 0.00338456, -0.0263575, 0.160558, -0.298255, 0, 0, 0, 0, 0, 0, 0, 0.48562, -0.0154133, 0.142543, 0.486385, -0.0157403, 0.142593, 0.996195, -3.71201e-12, -0.0871557, -4.46982e-12, -1, -8.49977e-12, -0.0871557, 8.857e-12, -0.996195, 0
1.59, 2025-07-03__00-41-10.339382, -0.0476181, -0.0815309, 0.0346028, -2.28744, -0.0354026, 2.15762, 0.743996, -0.000492742, -0.000575653, -0.000564996, 0.00171241, 0.0011317, 0.000276432, -0.000673119, -0.115797, 0.0805798, -0.136704, -0.0234021, -0.0343173, 0.152881, -0.291942, 0, 0, 0, 0, 0, 0, 0, 0.485615, -0.0154148, 0.142538, 0.486385, -0.0157403, 0.142593, 0.996195, -3.71201e-12, -0.0871557, -4.46982e-12, -1, -8.49977e-12, -0.0871557, 8.857e-12, -0.996195, 0
1.6, 2025-07-03__00-41-10.349384, -0.0476206, -0.0815334, 0.0346074, -2.28744, -0.0353993, 2.15761, 0.744, -0.000524116, -0.000800928, 0.000975484, 0.00129676, 0.000170052, 3.80147e-06, 0.00117646, -0.150673, 0.0827182, -0.172775, -0.0172655, -0.0285296, 0.155951, -0.30322, 0, 0, 0, 0, 0, 0, 0, 0.485616, -0.0154158, 0.142541, 0.486385, -0.0157403, 0.142593, 0.996195, -3.71201e-12, -0.0871557, -4.46982e-12, -1, -8.49977e-12, -0.0871557, 8.857e-12, -0.996195, 0
1.61, 2025-07-03__00-41-10.359384, -0.047617, -0.0815383, 0.0346074, -2.28745, -0.0354034, 2.15762, 0.743996, 0.000231891, -0.00156891, 0.000417983, -0.000985302, -0.0002495, 0.000466034, 0.000401453, -0.15717, 0.0732121, -0.179088, 0.0157482, -0.0247606, 0.157567, -0.2982, 0, 0, 0, 0, 0, 0, 0, 0.485621, -0.0154134, 0.142547, 0.486385, -0.0157403, 0.142593, 0.996195, -3.71201e-12, -0.0871557, -4.46982e-12, -1, -8.49977e-12, -0.0871557, 8.857e-12, -0.996195, 0
1.62, 2025-07-03__00-41-10.369383, -0.04762, -0.0815334, 0.0346072, -2.28744, -0.035402, 2.15762, 0.743996, -0.0017236, 0.00654462, -0.000421457, 0.000317346, -9.58763e-05, 0.000438836, -0.000482548, -0.0870295, -0.196618, -0.107957, 0.123526, -0.024775, 0.171355, -0.292904, 0, 0, 0, 0, 0, 0, 0, 0.485621, -0.015409, 0.142546, 0.486385, -0.0157403, 0.142593, 0.996195, -3.71201e-12, -0.0871557, -4.46982e-12, -1, -8.49977e-12, -0.0871557, 8.857e-12, -0.996195, 0
1.63, 2025-07-03__00-41-10.379383, -0.047617, -0.0815394, 0.0346102, -2.28744, -0.0354013, 2.15762, 0.744, 0.000185007, -5.53023e-05, 0.0019202, 0.000497665, 0.000247592, 0.000360073, 0.00117925, -0.189447, 0.0470795, -0.212315, 0.00942046, -0.0284512, 0.156536, -0.303122, 0, 0, 0, 0, 0, 0, 0, 0.485623, -0.0154116, 0.142549, 0.486385, -0.0157403, 0.142593, 0.996195, -3.71201e-12, -0.0871557, -4.46982e-12, -1, -8.49977e-12, -0.0871557, 8.857e-12, -0.996195, 0
1.64, 2025-07-03__00-41-10.389382, -0.0476153, -0.0815356, 0.0346148, -2.28745, -0.0354013, 2.15761, 0.743993, -0.000345213, -0.000102834, 0.00128322, -0.00039396, 0.000167009, -0.000270095, -0.00214518, -0.164707, 0.0283476, -0.18718, 0.0313954, -0.0272848, 0.164764, -0.282578, 0, 0, 0, 0, 0, 0, 0, 0.485616, -0.0154105, 0.142542, 0.486385, -0.0157403, 0.142593, 0.996195, -3.71201e-12, -0.0871557, -4.46982e-12, -1, -8.49977e-12, -0.0871557, 8.857e-12, -0.996195, 0
1.65, 2025-07-03__00-41-10.399384, -0.0476131, -0.0815388, 0.0346105, -2.28744, -0.0353991, 2.15761, 0.743996, 0.00129497, -0.00154595, 0.000395305, -0.000158998, -0.000255983, 0.000330199, -0.00153855, -0.182234, 0.0883287, -0.204121, -0.00168685, -0.0252553, 0.156331, -0.286426, 0, 0, 0, 0, 0, 0, 0, 0.485621, -0.0154092, 0.142547, 0.486385, -0.0157403, 0.142593, 0.996195, -3.71201e-12, -0.0871557, -4.46982e-12, -1, -8.49977e-12, -0.0871557, 8.857e-12, -0.996195, 0
1.66, 2025-07-03__00-41-10.409383, -0.0476167, -0.0815283, 0.0346077, -2.28745, -0.0353997, 2.15761, 0.743995, -0.000362864, 0.00125812, -0.000688886, 0.00038409, -6.74599e-05, 0.000274787, -9.51136e-05, -0.1163, -0.0101155, -0.137216, 0.0374653, -0.026104, 0.161887, -0.295226, 0, 0, 0, 0, 0, 0, 0, 0.485616, -0.0154112, 0.142543, 0.486385, -0.0157403, 0.142593, 0.996195, -3.71201e-12, -0.0871557, -4.46982e-12, -1, -8.49977e-12, -0.0871557, 8.857e-12, -0.996195, 0
1.67, 2025-07-03__00-41-10.419383, -0.0476199, -0.0815309, 0.0346099, -2.28745, -0.0354024, 2.15761, 0.743991, -0.00138635, -0.000489201, -0.00101608, -0.000972435, -0.000296919, 2.50245e-05, -0.00199806, -0.0870307, 0.0288562, -0.107828, 0.0357858, -0.0240884, 0.16412, -0.283505, 0, 0, 0, 0, 0, 0, 0, 0.485615, -0.0154103, 0.14254, 0.486385, -0.0157403, 0.142593, 0.996195, -3.71201e-12, -0.0871557, -4.46982e-12, -1, -8.49977e-12, -0.0871557, 8.857e-12, -0.996195, 0
1.68, 2025-07-03__00-41-10.429384, -0.0476167, -0.0815309, 0.0346134, -2.28744, -0.0354034, 2.15761, 0.744, -0.000345761, -9.25205e-05, 7.17406e-05, -0.000315199, -0.000295053, -0.0002944, 0.00125598, -0.136214, 0.0283384, -0.157829, 0.0285605, -0.0245846, 0.164551, -0.303628, 0, 0, 0, 0, 0, 0, 0, 0.485621, -0.0154097, 0.142545, 0.486385, -0.0157403, 0.142593, 0.996195, -3.71201e-12, -0.0871557, -4.46982e-12, -1, -8.49977e-12, -0.0871557, 8.857e-12, -0.996195, 0
1.69, 2025-07-03__00-41-10.439383, -0.0476195, -0.0815309, 0.0346085, -2.28744, -0.0354001, 2.15761, 0.743998, -8.8837e-05, -0.000386052, 0.000517664, -0.000164846, -8.9737e-05, -0.000177779, 0.00140324, -0.150619, 0.0420757, -0.172506, 0.0203079, -0.026194, 0.162592, -0.304403, 0, 0, 0, 0, 0, 0, 0, 0.485621, -0.0154165, 0.142545, 0.486385, -0.0157403, 0.142593, 0.996195, -3.71201e-12, -0.0871557, -4.46982e-12, -1, -8.49977e-12, -0.0871557, 8.857e-12, -0.996195, 0
1.7, 2025-07-03__00-41-10.449385, -0.0476208, -0.0815309, 0.0346078, -2.28745, -0.0354, 2.15761, 0.743986, -0.00495416, 0.000290929, -0.000335837, -0.00118756, -0.000338435, -0.0011042, -0.00264718, -0.0202909, -0.00706025, -0.0413854, 0.0560775, -0.0235869, 0.17457, -0.279399, 0, 0, 0, 0, 0, 0, 0, 0.485618, -0.015414, 0.142546, 0.486385, -0.0157403, 0.142593, 0.996195, -3.71201e-12, -0.0871557, -4.46982e-12, -1, -8.49977e-12, -0.0871557, 8.857e-12, -0.996195, 0
1.71, 2025-07-03__00-41-10.459383, -0.0476146, -0.0815362, 0.0346085, -2.28744, -0.0354033, 2.15761, 0.743989, 0.0036263, -0.000833336, 0.000629518, 0.000198683, -0.000301334, 0.000174691, 0.000225483, -0.238947, 0.0694175, -0.261044, 0.00449928, -0.0249202, 0.157583, -0.296536, 0, 0, 0, 0, 0, 0, 0, 0.485621, -0.0154123, 0.142546, 0.486385, -0.0157403, 0.142593, 0.996195, -3.71201e-12, -0.0871557, -4.46982e-12, -1, -8.49977e-12, -0.0871557, 8.857e-12, -0.996195, 0
1.72, 2025-07-03__00-41-10.469384, -0.0476216, -0.0815362, 0.0346104, -2.28744, -0.0353994, 2.15761, 0.743987, -0.00120986, -0.000559429, -0.000606773, -0.000714661, -0.000214056, -0.00044809, -3.89429e-05, -0.0999329, 0.0387033, -0.120975, 0.0279779, -0.0250842, 0.165922, -0.295133, 0, 0, 0, 0, 0, 0, 0, 0.485622, -0.0154142, 0.142548, 0.486385, -0.0157403, 0.142593, 0.996195, -3.71201e-12, -0.0871557, -4.46982e-12, -1, -8.49977e-12, -0.0871557, 8.857e-12, -0.996195, 0
1.73, 2025-07-03__00-41-10.479383, -0.0476205, -0.0815362, 0.034605, -2.28745, -0.0353983, 2.15761, 0.743985, 9.85158e-05, -0.000144432, -0.000832902, -0.0010564, 3.44222e-05, 0.000446641, -0.00144008, -0.123494, 0.0191462, -0.144395, 0.0412889, -0.0263681, 0.161919, -0.286488, 0, 0, 0, 0, 0, 0, 0, 0.485622, -0.0154158, 0.142548, 0.486385, -0.0157403, 0.142593, 0.996195, -3.71201e-12, -0.0871557, -4.46982e-12, -1, -8.49977e-12, -0.0871557, 8.857e-12, -0.996195, 0
1.74, 2025-07-03__00-41-10.489382, -0.0476231, -0.0815334, 0.0346081, -2.28744, -0.0354015, 2.1576, 0.74399, -0.000927833, 0.000761694, -0.000895829, 0.000576258, 3.14613e-05, -3.92307e-05, 0.000501389, -0.097665, 0.0128668, -0.118393, 0.023393, -0.0268435, 0.162752, -0.298607, 0, 0, 0, 0, 0, 0, 0, 0.485618, -0.0154147, 0.142546, 0.486385, -0.0157403, 0.142593, 0.996195, -3.71201e-12, -0.0871557, -4.46982e-12, -1, -8.49977e-12, -0.0871557, 8.857e-12, -0.996195, 0
1.75, 2025-07-03__00-41-10.499384, -0.0476174, -0.0815334, 0.0346077, -2.28744, -0.0354015, 2.15761, 0.743987, 0.0014828, 0.000335534, 0.000151059, 0.000428788, -1.41734e-05, 0.000667727, -0.000672982, -0.177853, 0.0297869, -0.199445, 0.0176751, -0.0265482, 0.156374, -0.291145, 0, 0, 0, 0, 0, 0, 0, 0.485616, -0.0154125, 0.142542, 0.486385, -0.0157403, 0.142593, 0.996195, -3.71201e-12, -0.0871557, -4.46982e-12, -1, -8.49977e-12, -0.0871557, 8.857e-12, -0.996195, 0
1.76, 2025-07-03__00-41-10.509382, -0.0476178, -0.0815309, 0.0346125, -2.28745, -0.035399, 2.1576, 0.743988, 0.000370616, 0.000886714, 0.000724413, -0.000774269, -0.00014112, 0.00916482, 0.00260499, -0.167267, 0.00513808, -0.189295, 0.0279872, -0.025286, 0.103704, -0.311232, 0, 0, 0, 0, 0, 0, 0, 0.485621, -0.0154149, 0.142546, 0.486385, -0.0157403, 0.142593, 0.996195, -3.71201e-12, -0.0871557, -4.46982e-12, -1, -8.49977e-12, -0.0871557, 8.857e-12, -0.996195, 0
1.77, 2025-07-03__00-41-10.519383, -0.0476206, -0.0815281, 0.0346106, -2.28745, -0.0353987, 2.1576, 0.743987, -0.000362017, 0.000634057, 0.000425275, -0.000698218, -4.28107e-05, 0.000198716, 9.64288e-05, -0.142079, -0.00563474, -0.163879, 0.0497819, -0.0259769, 0.164943, -0.295836, 0, 0, 0, 0, 0, 0, 0, 0.485612, -0.0154133, 0.142539, 0.486385, -0.0157403, 0.142593, 0.996195, -3.71201e-12, -0.0871557, -4.46982e-12, -1, -8.49977e-12, -0.0871557, 8.857e-12, -0.996195, 0
1.78, 2025-07-03__00-41-10.529382, -0.0476199, -0.0815281, 0.0346105, -2.28744, -0.0353994, 2.1576, 0.743989, -0.00144431, 0.000879104, 0.000131828, 4.22067e-05, -0.000233801, -0.000305717, 0.00717888, -0.110173, -0.00223712, -0.131644, 0.0379858, -0.0255034, 0.166363, -0.338937, 0, 0, 0, 0, 0, 0, 0, 0.485618, -0.0154097, 0.142546, 0.486385, -0.0157403, 0.142593, 0.996195, -3.71201e-12, -0.0871557, -4.46982e-12, -1, -8.49977e-12, -0.0871557, 8.857e-12, -0.996195, 0
1.79, 2025-07-03__00-41-10.539383, -0.0476248, -0.0815281, 0.0346106, -2.28745, -0.035399, 2.1576, 0.743983, -0.00190605, 0.000807695, 2.43091e-05, -0.00103104, -0.00962427, -0.000307652, -0.00232452, -0.0967007, -0.0216804, -0.118396, 0.0645741, 0.0343813, 0.169899, -0.280368, 0, 0, 0, 0, 0, 0, 0, 0.485617, -0.0154119, 0.142545, 0.486385, -0.0157403, 0.142593, 0.996195, -3.71201e-12, -0.0871557, -4.46982e-12, -1, -8.49977e-12, -0.0871557, 8.857e-12, -0.996195, 0
1.8, 2025-07-03__00-41-10.549383, -0.0476206, -0.0815288, 0.0346106, -2.28744, -0.035399, 2.1576, 0.743987, -0.000572006, 0.00409339, 0.000145714, 0.000876505, -0.00050865, 0.000998949, -0.000182438, -0.128265, -0.0994854, -0.149664, 0.0713945, -0.0230714, 0.161796, -0.294143, 0, 0, 0, 0, 0, 0, 0, 0.485617, -0.0154122, 0.142543, 0.486385, -0.0157403, 0.142593, 0.996195, -3.71201e-12, -0.0871557, -4.46982e-12, -1, -8.49977e-12, -0.0871557, 8.857e-12, -0.996195, 0
1.81, 2025-07-03__00-41-10.559383, -0.0476235, -0.0815336, 0.0346134, -2.28745, -0.0353984, 2.1576, 0.743988, -0.00200527, -0.000729362, 0.000452633, 0.000434674, 0.000220356, -3.56468e-06, 0.000763723, -0.106086, 0.0624729, -0.127805, 0.00321743, -0.0283675, 0.160001, -0.300101, 0, 0, 0, 0, 0, 0, 0, 0.485612, -0.0154123, 0.142541, 0.486385, -0.0157403, 0.142593, 0.996195, -3.71201e-12, -0.0871557, -4.46982e-12, -1, -8.49977e-12, -0.0871557, 8.857e-12, -0.996195, 0
1.82, 2025-07-03__00-41-10.569383, -0.0476181, -0.0815334, 0.0346081, -2.28745, -0.0353951, 2.1576, 0.743983, -0.000130957, -7.47631e-05, -0.00132738, 0.00577925, 0.000310558, 0.000256105, -0.00110772, -0.106671, 0.129172, -0.126737, -0.0947981, -0.0311258, 0.143362, -0.288637, 0, 0, 0, 0, 0, 0, 0, 0.485614, -0.0154134, 0.142545, 0.486385, -0.0157403, 0.142593, 0.996195, -3.71201e-12, -0.0871557, -4.46982e-12, -1, -8.49977e-12, -0.0871557, 8.857e-12, -0.996195, 0
1.83, 2025-07-03__00-41-10.579382, -0.0476178, -0.0815362, 0.0346106, -2.28744, -0.0354, 2.1576, 0.743983, -0.000161396, -0.000240393, 0.000431166, 0.000312195, -0.00134641, 4.95739e-05, -0.00113842, -0.147847, 0.0466587, -0.169625, 0.01239, -0.018285, 0.160511, -0.288067, 0, 0, 0, 0, 0, 0, 0, 0.485618, -0.0154149, 0.142547, 0.486385, -0.0157403, 0.142593, 0.996195, -3.71201e-12, -0.0871557, -4.46982e-12, -1, -8.49977e-12, -0.0871557, 8.857e-12, -0.996195, 0
1.84, 2025-07-03__00-41-10.589382, -0.0476182, -0.0815336, 0.0346081, -2.28744, -0.0354001, 2.1576, 0.743986, -9.5681e-05, 0.000374577, -0.00101973, 0.00152712, -0.000174423, 0.000213459, 0.000832155, -0.114917, 0.0437247, -0.135514, -0.00290373, -0.02613, 0.157183, -0.300371, 0, 0, 0, 0, 0, 0, 0, 0.485618, -0.0154126, 0.142546, 0.486385, -0.0157403, 0.142593, 0.996195, -3.71201e-12, -0.0871557, -4.46982e-12, -1, -8.49977e-12, -0.0871557, 8.857e-12, -0.996195, 0
1.85, 2025-07-03__00-41-10.599384, -0.0476146, -0.0815334, 0.0346106, -2.28745, -0.0353966, 2.15759, 0.743985, 0.000250565, 0.000212984, 0.000206855, -0.00136514, 0.00736624, -0.000231443, 0.000956352, -0.153005, 0.000630054, -0.17452, 0.0539043, -0.0723332, 0.16969, -0.301403, 0, 0, 0, 0, 0, 0, 0, 0.485614, -0.0154099, 0.142544, 0.486385, -0.0157403, 0.142593, 0.996195, -3.71201e-12, -0.0871557, -4.46982e-12, -1, -8.49977e-12, -0.0871557, 8.857e-12, -0.996195, 0
1.86, 2025-07-03__00-41-10.609383, -0.0476152, -0.0815334, 0.0346107, -2.28744, -0.0353991, 2.1576, 0.743984, 0.000889993, -5.06213e-05, -7.2133e-05, 0.00106646, 0.00553204, 2.32899e-05, 0.00193226, -0.160603, 0.0531654, -0.181829, -0.00200774, -0.06189, 0.158864, -0.307188, 0, 0, 0, 0, 0, 0, 0, 0.485618, -0.0154108, 0.142546, 0.486385, -0.0157403, 0.142593, 0.996195, -3.71201e-12, -0.0871557, -4.46982e-12, -1, -8.49977e-12, -0.0871557, 8.857e-12, -0.996195, 0
1.87, 2025-07-03__00-41-10.619384, -0.047617, -0.0815336, 0.0346106, -2.28744, -0.0353977, 2.1576, 0.743983, 6.68821e-05, 0.000599216, 0.000318297, 0.000760762, 0.000487036, 0.00037339, 0.000802956, -0.149925, 0.0244345, -0.171519, 0.0160283, -0.0300509, 0.158751, -0.299961, 0, 0, 0, 0, 0, 0, 0, 0.485615, -0.0154124, 0.142547, 0.486385, -0.0157403, 0.142593, 0.996195, -3.71201e-12, -0.0871557, -4.46982e-12, -1, -8.49977e-12, -0.0871557, 8.857e-12, -0.996195, 0
1.88, 2025-07-03__00-41-10.629383, -0.04762, -0.0815334, 0.0346107, -2.28744, -0.0353994, 2.15759, 0.74398, -0.000855341, -0.000233686, 0.000705035, 0.00115181, -0.000937435, -0.0107086, -0.000996063, -0.136457, 0.0359192, -0.158361, 0.0288334, -0.0214234, 0.232893, -0.288575, 0, 0, 0, 0, 0, 0, 0, 0.485615, -0.0154136, 0.142546, 0.486385, -0.0157403, 0.142593, 0.996195, -3.71201e-12, -0.0871557, -4.46982e-12, -1, -8.49977e-12, -0.0871557, 8.857e-12, -0.996195, 0
1.89, 2025-07-03__00-41-10.639382, -0.0476196, -0.0815312, 0.0346134, -2.28744, -0.0353987, 2.1576, 0.743982, 0.000406238, 0.000482598, 0.00114342, 8.94237e-05, -7.35307e-05, -0.000209597, 0.000422199, -0.176579, 0.0159604, -0.198873, 0.0304015, -0.0262244, 0.164488, -0.297454, 0, 0, 0, 0, 0, 0, 0, 0.485618, -0.0154119, 0.142546, 0.486385, -0.0157403, 0.142593, 0.996195, -3.71201e-12, -0.0871557, -4.46982e-12, -1, -8.49977e-12, -0.0871557, 8.857e-12, -0.996195, 0
1.9, 2025-07-03__00-41-10.649384, -0.0476206, -0.0815309, 0.0346135, -2.28744, -0.035399, 2.1576, 0.743976, 0.000189563, 2.61722e-05, 0.000828205, -0.00389659, -0.000162936, 0.000229213, -0.00117285, -0.165642, -0.0341588, -0.187965, 0.10205, -0.0239144, 0.172737, -0.287374, 0, 0, 0, 0, 0, 0, 0, 0.485617, -0.0154157, 0.142545, 0.486385, -0.0157403, 0.142593, 0.996195, -3.71201e-12, -0.0871557, -4.46982e-12, -1, -8.49977e-12, -0.0871557, 8.857e-12, -0.996195, 0
1.91, 2025-07-03__00-41-10.659383, -0.0476224, -0.0815335, 0.0346106, -2.28745, -0.035399, 2.15759, 0.743979, -0.00138998, -0.00269586, -3.97828e-05, -0.00189343, -2.14912e-05, 0.000143456, 4.37611e-05, -0.110408, 0.0936858, -0.131963, 0.0173517, -0.0261321, 0.16255, -0.295169, 0, 0, 0, 0, 0, 0, 0, 0.485609, -0.0154127, 0.142541, 0.486385, -0.0157403, 0.142593, 0.996195, -3.71201e-12, -0.0871557, -4.46982e-12, -1, -8.49977e-12, -0.0871557, 8.857e-12, -0.996195, 0
1.92, 2025-07-03__00-41-10.669384, -0.0476177, -0.0815334, 0.0346102, -2.28745, -0.0353983, 2.15759, 0.743975, 8.29034e-05, -7.13071e-06, -0.00056589, -0.00206779, 0.00395514, 0.000204578, -0.000582909, -0.131186, -0.00371205, -0.152247, 0.0643108, -0.0504761, 0.168429, -0.291307, 0, 0, 0, 0, 0, 0, 0, 0.485609, -0.0154119, 0.142541, 0.486385, -0.0157403, 0.142593, 0.996195, -3.71201e-12, -0.0871557, -4.46982e-12, -1, -8.49977e-12, -0.0871557, 8.857e-12, -0.996195, 0
1.93, 2025-07-03__00-41-10.679383, -0.0476182, -0.0815256, 0.0346107, -2.28744, -0.0353976, 2.15759, 0.743983, -0.000173197, 0.00221228, 9.7581e-05, -0.000120182, 0.00436623, -0.000243161, 0.000871293, -0.138263, -0.0519295, -0.15962, 0.0626719, -0.0536722, 0.170139, -0.300584, 0, 0, 0, 0, 0, 0, 0, 0.485613, -0.0154126, 0.142541, 0.486385, -0.0157403, 0.142593, 0.996195, -3.71201e-12, -0.0871557, -4.46982e-12, -1, -8.49977e-12, -0.0871557, 8.857e-12, -0.996195, 0
1.94, 2025-07-03__00-41-10.689382, -0.0476167, -0.081533, 0.0346163, -2.28744, -0.0353977, 2.15759, 0.74398, 0.000202615, 0.000358847, 0.000812464, 0.0017771, 0.000916826, -0.000429429, 0.00122746, -0.165436, 0.0484641, -0.18735, -0.00570733, -0.0332526, 0.161295, -0.302359, 0, 0, 0, 0, 0, 0, 0, 0.485615, -0.0154071, 0.142545, 0.486385, -0.0157403, 0.142593, 0.996195, -3.71201e-12, -0.0871557, -4.46982e-12, -1, -8.49977e-12, -0.0871557, 8.857e-12, -0.996195, 0
1.95, 2025-07-03__00-41-10.699383, -0.0476175, -0.0815309, 0.0346136, -2.28744, -0.035399, 2.15759, 0.74398, 0.000374571, 0.000259269, -0.000334695, 0.00157871, 0.00509421, -0.00316598, 0.000561378, -0.142438, 0.0420679, -0.163444, 0.00330562, -0.0592497, 0.180792, -0.298593, 0, 0, 0, 0, 0, 0, 0, 0.485614, -0.0154105, 0.142544, 0.486385, -0.0157403, 0.142593, 0.996195, -3.71201e-12, -0.0871557, -4.46982e-12, -1, -8.49977e-12, -0.0871557, 8.857e-12, -0.996195, 0
1.96, 2025-07-03__00-41-10.709383, -0.0476149, -0.0815309, 0.0346092, -2.28744, -0.0353999, 2.15759, 0.743976, 0.000546862, 0.000801169, -0.000417494, 0.000999588, 0.000208717, -0.000291382, -0.00110919, -0.144055, 0.0183279, -0.165107, 0.0174418, -0.0281118, 0.16385, -0.287939, 0, 0, 0, 0, 0, 0, 0, 0.485614, -0.0154131, 0.142544, 0.486385, -0.0157403, 0.142593, 0.996195, -3.71201e-12, -0.0871557, -4.46982e-12, -1, -8.49977e-12, -0.0871557, 8.857e-12, -0.996195, 0
1.97, 2025-07-03__00-41-10.719383, -0.0476146, -0.0815309, 0.0346111, -2.28745, -0.0353989, 2.15759, 0.743981, 0.000742017, 0.0011711, -0.000459835, 6.46415e-05, -0.000253792, 1.91346e-05, 0.00249627, -0.1478, -0.0114453, -0.168917, 0.0437635, -0.025042, 0.165546, -0.310009, 0, 0, 0, 0, 0, 0, 0, 0.485618, -0.0154104, 0.142546, 0.486385, -0.0157403, 0.142593, 0.996195, -3.71201e-12, -0.0871557, -4.46982e-12, -1, -8.49977e-12, -0.0871557, 8.857e-12, -0.996195, 0
1.98, 2025-07-03__00-41-10.729382, -0.047616, -0.0815362, 0.0346084, -2.28745, -0.0353973, 2.15759, 0.743975, 0.00614518, -0.00110781, -0.000384298, -0.000137199, 0.000136821, -0.000879407, 0.000870401, -0.27287, 0.0702983, -0.294292, 0.0125933, -0.0279749, 0.166794, -0.299561, 0, 0, 0, 0, 0, 0, 0, 0.485614, -0.0154122, 0.142545, 0.486385, -0.0157403, 0.142593, 0.996195, -3.71201e-12, -0.0871557, -4.46982e-12, -1, -8.49977e-12, -0.0871557, 8.857e-12, -0.996195, 0
1.99, 2025-07-03__00-41-10.739382, -0.0476174, -0.0815334, 0.0346135, -2.28744, -0.0353984, 2.15759, 0.743977, -0.00142028, -0.000357986, -2.74157e-06, 0.000292119, 6.03121e-05, 0.00014204, 0.0085211, -0.109755, 0.048761, -0.131098, 0.0100702, -0.0277734, 0.160417, -0.346443, 0, 0, 0, 0, 0, 0, 0, 0.485609, -0.0154086, 0.14254, 0.486385, -0.0157403, 0.142593, 0.996195, -3.71201e-12, -0.0871557, -4.46982e-12, -1, -8.49977e-12, -0.0871557, 8.857e-12, -0.996195, 0
2, 2025-07-03__00-41-10.749383, -0.0476174, -0.0815309, 0.0346112, -2.28744, -0.0353983, 2.15759, 0.743975, -9.48945e-05, 0.000767906, -0.000688634, 0.000788645, -4.26025e-05, 6.89113e-05, 0.000926368, -0.12321, 0.016101, -0.144057, 0.0198763, -0.0266549, 0.161986, -0.300257, 0, 0, 0, 0, 0, 0, 0, 0.485614, -0.0154077, 0.142545, 0.486385, -0.0157403, 0.142593, 0.996195, -3.71201e-12, -0.0871557, -4.46982e-12, -1, -8.49977e-12, -0.0871557, 8.857e-12, -0.996195, 0
2.01, 2025-07-03__00-41-10.759384, -0.0476178, -0.0815309, 0.0346107, -2.28744, -0.0353983, 2.15759, 0.743972, 0.000380058, 0.00134815, 7.44541e-06, 0.000995863, 0.00158577, -5.98536e-05, -0.00030693, -0.149267, -0.000311928, -0.17056, 0.0254604, -0.0367546, 0.163427, -0.292644, 0, 0, 0, 0, 0, 0, 0, 0.485613, -0.0154106, 0.142543, 0.486385, -0.0157403, 0.142593, 0.996195, -3.71201e-12, -0.0871557, -4.46982e-12, -1, -8.49977e-12, -0.0871557, 8.857e-12, -0.996195, 0
2.02, 2025-07-03__00-41-10.769386, -0.0476149, -0.0815316, 0.0346142, -2.28744, -0.0353983, 2.1576, 0.743969, -1.78928e-05, -0.00419417, 0.000813772, -0.000646652, 0.000145984, -3.74079e-05, -0.00141394, -0.164304, 0.170532, -0.186459, -0.0338977, -0.0279631, 0.155611, -0.285707, 0, 0, 0, 0, 0, 0, 0, 0.485614, -0.015411, 0.142545, 0.486385, -0.0157403, 0.142593, 0.996195, -3.71201e-12, -0.0871557, -4.46982e-12, -1, -8.49977e-12, -0.0871557, 8.857e-12, -0.996195, 0
2.03, 2025-07-03__00-41-10.779384, -0.0476175, -0.0815281, 0.0346135, -2.28745, -0.035398, 2.15759, 0.743976, -0.000575034, 0.00329952, -0.000286543, -0.00110279, 0.000277013, -0.000262645, 0.00800156, -0.120188, -0.109174, -0.141368, 0.103769, -0.0278576, 0.175691, -0.343096, 0, 0, 0, 0, 0, 0, 0, 0.485614, -0.0154111, 0.142545, 0.486385, -0.0157403, 0.142593, 0.996195, -3.71201e-12, -0.0871557, -4.46982e-12, -1, -8.49977e-12, -0.0871557, 8.857e-12, -0.996195, 0
2.04, 2025-07-03__00-41-10.789382, -0.0476129, -0.0815309, 0.0346166, -2.28745, -0.035399, 2.15759, 0.74397, 0.00134818, 0.000865516, 0.000758409, -0.000238006, -0.000213469, 5.24591e-06, -0.000525577, -0.191355, -0.00434819, -0.213413, 0.0453843, -0.0249937, 0.165779, -0.290957, 0, 0, 0, 0, 0, 0, 0, 0.485609, -0.0154114, 0.142541, 0.486385, -0.0157403, 0.142593, 0.996195, -3.71201e-12, -0.0871557, -4.46982e-12, -1, -8.49977e-12, -0.0871557, 8.857e-12, -0.996195, 0
2.05, 2025-07-03__00-41-10.799384, -0.0476174, -0.0815388, 0.0346138, -2.28744, -0.0353977, 2.15759, 0.743975, 0.000103112, -0.00215612, 0.000145412, -0.000458021, 0.000197872, -1.55238e-05, 0.000535408, -0.149656, 0.102994, -0.171277, -0.00477626, -0.0281947, 0.159815, -0.297877, 0, 0, 0, 0, 0, 0, 0, 0.485614, -0.0154117, 0.142544, 0.486385, -0.0157403, 0.142593, 0.996195, -3.71201e-12, -0.0871557, -4.46982e-12, -1, -8.49977e-12, -0.0871557, 8.857e-12, -0.996195, 0
2.06, 2025-07-03__00-41-10.809385, -0.0476147, -0.081533, 0.0346163, -2.28744, -0.0353983, 2.15759, 0.743973, -0.00252475, 0.000445177, 0.00139801, 0.00104799, 0.00231995, 4.56242e-05, 0.00141036, -0.117524, 0.0329663, -0.139732, 0.00802263, -0.0415656, 0.16069, -0.30326, 0, 0, 0, 0, 0, 0, 0, 0.485609, -0.0154106, 0.14254, 0.486385, -0.0157403, 0.142593, 0.996195, -3.71201e-12, -0.0871557, -4.46982e-12, -1, -8.49977e-12, -0.0871557, 8.857e-12, -0.996195, 0
2.07, 2025-07-03__00-41-10.819384, -0.0476199, -0.0815362, 0.0346166, -2.28745, -0.035398, 2.15759, 0.74397, 0.0011388, -0.0013686, 0.00105698, -0.000928159, 8.00726e-05, -0.000587606, -0.00083274, -0.193517, 0.0645054, -0.215877, 0.0227271, -0.0270022, 0.167063, -0.289126, 0, 0, 0, 0, 0, 0, 0, 0.485609, -0.0154112, 0.14254, 0.486385, -0.0157403, 0.142593, 0.996195, -3.71201e-12, -0.0871557, -4.46982e-12, -1, -8.49977e-12, -0.0871557, 8.857e-12, -0.996195, 0
2.08, 2025-07-03__00-41-10.829385, -0.0476175, -0.0815327, 0.0346166, -2.28744, -0.0353941, 2.15759, 0.743973, 0.000973926, -0.00112242, 0.000629442, -0.000558466, -0.00164117, -0.000407149, 0.00204803, -0.180107, 0.0620767, -0.202135, 0.0178548, -0.0168023, 0.164952, -0.306697, 0, 0, 0, 0, 0, 0, 0, 0.485613, -0.0154132, 0.142543, 0.486385, -0.0157403, 0.142593, 0.996195, -3.71201e-12, -0.0871557, -4.46982e-12, -1, -8.49977e-12, -0.0871557, 8.857e-12, -0.996195, 0
2.09, 2025-07-03__00-41-10.839383, -0.0476177, -0.0815311, 0.0346131, -2.28744, -0.0353983, 2.15759, 0.743975, 0.000788022, 0.000788596, -0.00288245, -0.000202615, 0.000136811, 0.000180295, 0.000850159, -0.0939687, -0.00186856, -0.11334, 0.0393975, -0.0273621, 0.164421, -0.299862, 0, 0, 0, 0, 0, 0, 0, 0.485615, -0.0154104, 0.142545, 0.486385, -0.0157403, 0.142593, 0.996195, -3.71201e-12, -0.0871557, -4.46982e-12, -1, -8.49977e-12, -0.0871557, 8.857e-12, -0.996195, 0
2.1, 2025-07-03__00-41-10.849385, -0.0476228, -0.0815362, 0.0346117, -2.28745, -0.0353951, 2.15759, 0.743969, -0.000229998, -0.00139064, -0.000231805, -0.00218928, 0.000177458, 0.000263997, -0.00136251, -0.13182, 0.0440527, -0.153222, 0.0445404, -0.0271482, 0.165303, -0.286013, 0, 0, 0, 0, 0, 0, 0, 0.485614, -0.0154115, 0.142544, 0.486385, -0.0157403, 0.142593, 0.996195, -3.71201e-12, -0.0871557, -4.46982e-12, -1, -8.49977e-12, -0.0871557, 8.857e-12, -0.996195, 0
2.11, 2025-07-03__00-41-10.859384, -0.0476174, -0.0815334, 0.0346166, -2.28745, -0.0353979, 2.15759, 0.743971, -0.000131955, -0.000244812, 0.000665524, -0.000838011, 6.54285e-05, -0.000345814, 7.73848e-05, -0.155504, 0.0242915, -0.177492, 0.0390608, -0.0267611, 0.167754, -0.294777, 0, 0, 0, 0, 0, 0, 0, 0.485614, -0.0154088, 0.142544, 0.486385, -0.0157403, 0.142593, 0.996195, -3.71201e-12, -0.0871557, -4.46982e-12, -1, -8.49977e-12, -0.0871557, 8.857e-12, -0.996195, 0
2.12, 2025-07-03__00-41-10.869383, -0.0476122, -0.0815309, 0.0346166, -2.28744, -0.0353966, 2.15759, 0.743976, 0.00125187, 0.000268177, 0.000903637, 0.000824208, 0.000205008, -0.000367813, 0.00120876, -0.192661, 0.035811, -0.214748, 0.0127823, -0.0284935, 0.163484, -0.301882, 0, 0, 0, 0, 0, 0, 0, 0.485614, -0.015407, 0.142544, 0.486385, -0.0157403, 0.142593, 0.996195, -3.71201e-12, -0.0871557, -4.46982e-12, -1, -8.49977e-12, -0.0871557, 8.857e-12, -0.996195, 0
2.13, 2025-07-03__00-41-10.879383, -0.0476206, -0.0815334, 0.0346191, -2.28745, -0.0353951, 2.15759, 0.743973, -0.00097204, -6.90375e-05, 0.00147282, -0.000776323, 8.60283e-05, -0.000801139, -0.000582941, -0.154488, 0.018064, -0.177031, 0.042191, -0.0270004, 0.171103, -0.29089, 0, 0, 0, 0, 0, 0, 0, 0.485614, -0.0154101, 0.142544, 0.486385, -0.0157403, 0.142593, 0.996195, -3.71201e-12, -0.0871557, -4.46982e-12, -1, -8.49977e-12, -0.0871557, 8.857e-12, -0.996195, 0
2.14, 2025-07-03__00-41-10.889382, -0.0476146, -0.0815333, 0.0346138, -2.28744, -0.035399, 2.15759, 0.743974, 0.000485004, 0.00257895, -0.00098019, 0.000581596, -0.000198594, -0.000987795, 0.000436589, -0.129675, -0.0532224, -0.150326, 0.0573768, -0.0252241, 0.17371, -0.297141, 0, 0, 0, 0, 0, 0, 0, 0.485615, -0.0154102, 0.142546, 0.486385, -0.0157403, 0.142593, 0.996195, -3.71201e-12, -0.0871557, -4.46982e-12, -1, -8.49977e-12, -0.0871557, 8.857e-12, -0.996195, 0
2.15, 2025-07-03__00-41-10.899384, -0.0476174, -0.0815309, 0.0346166, -2.28744, -0.0353996, 2.15759, 0.743969, 0.00367233, 0.00033006, 0.000866212, -0.00413145, -0.000222006, 0.000124929, -0.0015409, -0.246804, -0.0469046, -0.269311, 0.113363, -0.0234236, 0.175131, -0.284516, 0, 0, 0, 0, 0, 0, 0, 0.485614, -0.0154094, 0.142544, 0.486385, -0.0157403, 0.142593, 0.996195, -3.71201e-12, -0.0871557, -4.46982e-12, -1, -8.49977e-12, -0.0871557, 8.857e-12, -0.996195, 0
2.16, 2025-07-03__00-41-10.909383, -0.0476201, -0.0815334, 0.0346138, -2.28744, -0.0353983, 2.15759, 0.743969, 0.00241768, -0.000555987, -0.000812129, -0.00577995, 0.000176287, 9.21658e-05, -0.00101236, -0.179923, -0.0441358, -0.201259, 0.130579, -0.025449, 0.178741, -0.287892, 0, 0, 0, 0, 0, 0, 0, 0.485615, -0.0154075, 0.142545, 0.486385, -0.0157403, 0.142593, 0.996195, -3.71201e-12, -0.0871557, -4.46982e-12, -1, -8.49977e-12, -0.0871557, 8.857e-12, -0.996195, 0
2.17, 2025-07-03__00-41-10.919384, -0.0476205, -0.0815288, 0.0346084, -2.28745, -0.0353958, 2.15759, 0.743975, -0.000382264, 0.00117441, -0.00131013, -0.00091478, -0.000173534, -0.000683788, 0.0014202, -0.10121, -0.0317057, -0.121684, 0.065598, -0.0251922, 0.173678, -0.303224, 0, 0, 0, 0, 0, 0, 0, 0.485609, -0.0154105, 0.142541, 0.486385, -0.0157403, 0.142593, 0.996195, -3.71201e-12, -0.0871557, -4.46982e-12, -1, -8.49977e-12, -0.0871557, 8.857e-12, -0.996195, 0
2.18, 2025-07-03__00-41-10.929382, -0.0476167, -0.0815362, 0.0346139, -2.28744, -0.0353987, 2.15759, 0.743969, 0.000370799, -0.000925005, 0.00277934, 7.30502e-05, -0.000217511, 3.59683e-05, -0.0010528, -0.214875, 0.0691287, -0.238346, 0.00643961, -0.0254375, 0.160264, -0.287689, 0, 0, 0, 0, 0, 0, 0, 0.485615, -0.0154074, 0.142546, 0.486385, -0.0157403, 0.142593, 0.996195, -3.71201e-12, -0.0871557, -4.46982e-12, -1, -8.49977e-12, -0.0871557, 8.857e-12, -0.996195, 0
2.19, 2025-07-03__00-41-10.939383, -0.0476178, -0.0815334, 0.0346113, -2.28744, -0.0353987, 2.15759, 0.743971, 0.000292402, -0.000159173, -0.00107046, 0.000173671, -0.000207441, 0.000433712, -0.000785387, -0.12419, 0.0404818, -0.144837, 0.015342, -0.0253848, 0.159338, -0.289652, 0, 0, 0, 0, 0, 0, 0, 0.485614, -0.0154103, 0.142545, 0.486385, -0.0157403, 0.142593, 0.996195, -3.71201e-12, -0.0871557, -4.46982e-12, -1, -8.49977e-12, -0.0871557, 8.857e-12, -0.996195, 0
2.2, 2025-07-03__00-41-10.949385, -0.0476156, -0.0815383, 0.0346138, -2.28744, -0.0353958, 2.15759, 0.743968, 0.000808641, -0.000610719, -0.000126035, 0.00170129, -9.24194e-05, 0.000226537, -0.00116765, -0.15847, 0.0845954, -0.179715, -0.0229708, -0.0269929, 0.154883, -0.287143, 0, 0, 0, 0, 0, 0, 0, 0.485614, -0.0154118, 0.142545, 0.486385, -0.0157403, 0.142593, 0.996195, -3.71201e-12, -0.0871557, -4.46982e-12, -1, -8.49977e-12, -0.0871557, 8.857e-12, -0.996195, 0
2.21, 2025-07-03__00-41-10.959383, -0.0476175, -0.0815334, 0.0346085, -2.28744, -0.035398, 2.15759, 0.743973, -0.000194447, 0.000330801, -0.00152166, -7.09347e-05, -0.000152234, 0.00010493, 0.00116846, -0.101885, 0.0175555, -0.122167, 0.0291791, -0.0257075, 0.163461, -0.301644, 0, 0, 0, 0, 0, 0, 0, 0.485614, -0.0154111, 0.142545, 0.486385, -0.0157403, 0.142593, 0.996195, -3.71201e-12, -0.0871557, -4.46982e-12, -1, -8.49977e-12, -0.0871557, 8.857e-12, -0.996195, 0
2.22, 2025-07-03__00-41-10.969384, -0.0476228, -0.0815334, 0.0346166, -2.28744, -0.035395, 2.15759, 0.743966, -0.00094077, -0.0001766, 0.00135199, 0.000616177, 0.000188422, 0.000306761, 0.00466141, -0.150972, 0.0493184, -0.173267, 0.00658995, -0.0285999, 0.158586, -0.322339, 0, 0, 0, 0, 0, 0, 0, 0.485614, -0.0154115, 0.142544, 0.486385, -0.0157403, 0.142593, 0.996195, -3.71201e-12, -0.0871557, -4.46982e-12, -1, -8.49977e-12, -0.0871557, 8.857e-12, -0.996195, 0
2.23, 2025-07-03__00-41-10.979383, -0.0476177, -0.0815309, 0.0346138, -2.28744, -0.0353963, 2.15759, 0.743966, -0.000783488, 0.000707231, 0.00237074, 0.000252754, 0.000250296, 0.000179897, -0.00460435, -0.178167, 0.0112147, -0.20122, 0.0301257, -0.0279831, 0.16261, -0.266097, 0, 0, 0, 0, 0, 0, 0, 0.485614, -0.0154083, 0.142545, 0.486385, -0.0157403, 0.142593, 0.996195, -3.71201e-12, -0.0871557, -4.46982e-12, -1, -8.49977e-12, -0.0871557, 8.857e-12, -0.996195, 0
2.24, 2025-07-03__00-41-10.989382, -0.0476154, -0.0815256, 0.0346113, -2.28744, -0.0353987, 2.15759, 0.743969, -0.000413338, 0.00225063, -0.000659386, -0.000832645, 5.65253e-05, 0.00049528, -7.73286e-05, -0.11653, -0.065157, -0.137439, 0.07705, -0.0261887, 0.167348, -0.293782, 0, 0, 0, 0, 0, 0, 0, 0.485614, -0.0154127, 0.142545, 0.486385, -0.0157403, 0.142593, 0.996195, -3.71201e-12, -0.0871557, -4.46982e-12, -1, -8.49977e-12, -0.0871557, 8.857e-12, -0.996195, 0
2.25, 2025-07-03__00-41-10.999386, -0.0476146, -0.0815309, 0.0346138, -2.28744, -0.0353983, 2.15759, 0.743967, 0.000922985, 0.000745919, -0.000227882, 0.000959918, 8.54955e-05, 0.000199002, 0.0015499, -0.157984, 0.0211455, -0.179177, 0.0159525, -0.0275758, 0.160345, -0.303503, 0, 0, 0, 0, 0, 0, 0, 0.485615, -0.0154093, 0.142546, 0.486385, -0.0157403, 0.142593, 0.996195, -3.71201e-12, -0.0871557, -4.46982e-12, -1, -8.49977e-12, -0.0871557, 8.857e-12, -0.996195, 0
2.26, 2025-07-03__00-41-11.009386, -0.0476175, -0.0815334, 0.0346148, -2.28744, -0.0353989, 2.15759, 0.743967, -0.000197657, 0.000180868, -0.000421617, 0.00138417, -6.2179e-05, 3.12317e-05, 0.00379787, -0.127893, 0.0480326, -0.148893, -0.00231535, -0.0270129, 0.15903, -0.317209, 0, 0, 0, 0, 0, 0, 0, 0.485615, -0.0154092, 0.142546, 0.486385, -0.0157403, 0.142593, 0.996195, -3.71201e-12, -0.0871557, -4.46982e-12, -1, -8.49977e-12, -0.0871557, 8.857e-12, -0.996195, 0
2.27, 2025-07-03__00-41-11.019388, -0.0476144, -0.0815334, 0.0346186, -2.28744, -0.0353978, 2.15759, 0.743965, 0.00416544, -4.03955e-05, 0.00462881, -0.000569961, 0.000142416, 0.000405174, 0.000120708, -0.344104, 0.0307, -0.369096, 0.0348344, -0.0275049, 0.161004, -0.294247, 0, 0, 0, 0, 0, 0, 0, 0.485614, -0.0154117, 0.142544, 0.486385, -0.0157403, 0.142593, 0.996195, -3.71201e-12, -0.0871557, -4.46982e-12, -1, -8.49977e-12, -0.0871557, 8.857e-12, -0.996195, 0
2.28, 2025-07-03__00-41-11.029386, -0.0476171, -0.0815334, 0.0346191, -2.28744, -0.0353947, 2.15759, 0.743968, 2.8899e-05, -9.84389e-05, 0.00175171, 0.000206508, -4.90501e-05, -0.000163606, -0.00036562, -0.184179, 0.0395376, -0.20687, 0.0182068, -0.0266538, 0.163199, -0.291881, 0, 0, 0, 0, 0, 0, 0, 0.485614, -0.0154078, 0.142545, 0.486385, -0.0157403, 0.142593, 0.996195, -3.71201e-12, -0.0871557, -4.46982e-12, -1, -8.49977e-12, -0.0871557, 8.857e-12, -0.996195, 0
2.29, 2025-07-03__00-41-11.039383, -0.0476146, -0.0815362, 0.0346113, -2.28744, -0.0353945, 2.15759, 0.743971, 0.00019668, 0.000105423, -0.00117794, 0.000935694, 0.000315902, 4.11974e-05, 0.010362, -0.119331, 0.0441563, -0.139767, 0.00450363, -0.0299346, 0.159998, -0.35727, 0, 0, 0, 0, 0, 0, 0, 0.485615, -0.0154106, 0.142547, 0.486385, -0.0157403, 0.142593, 0.996195, -3.71201e-12, -0.0871557, -4.46982e-12, -1, -8.49977e-12, -0.0871557, 8.857e-12, -0.996195, 0
2.3, 2025-07-03__00-41-11.049384, -0.0476181, -0.0815364, 0.0346166, -2.28744, -0.0353987, 2.15759, 0.74396, -0.0002139, -0.00089564, 0.00106305, 0.000260945, -0.000196461, -0.000136456, -0.00123602, -0.162841, 0.0692824, -0.185019, 0.00299905, -0.0255654, 0.16119, -0.28619, 0, 0, 0, 0, 0, 0, 0, 0.485614, -0.0154124, 0.142545, 0.486385, -0.0157403, 0.142593, 0.996195, -3.71201e-12, -0.0871557, -4.46982e-12, -1, -8.49977e-12, -0.0871557, 8.857e-12, -0.996195, 0
2.31, 2025-07-03__00-41-11.059384, -0.0476201, -0.0815362, 0.0346134, -2.28744, -0.035398, 2.15759, 0.743958, -0.00104836, -0.000735232, 0.00156299, 0.000427775, -0.000107623, 0.000472336, -0.000495318, -0.153972, 0.0673634, -0.176424, 0.000376397, -0.026212, 0.156865, -0.290603, 0, 0, 0, 0, 0, 0, 0, 0.485609, -0.0154099, 0.142541, 0.486385, -0.0157403, 0.142593, 0.996195, -3.71201e-12, -0.0871557, -4.46982e-12, -1, -8.49977e-12, -0.0871557, 8.857e-12, -0.996195, 0
2.32, 2025-07-03__00-41-11.069384, -0.0476171, -0.0815355, 0.0346113, -2.28744, -0.0353985, 2.15759, 0.743961, -0.000124098, -5.58247e-05, -0.00324079, -0.000112767, -3.27307e-05, -1.14325e-05, 0.000254131, -0.0654931, 0.0299709, -0.0845233, 0.0230557, -0.026357, 0.163713, -0.295518, 0, 0, 0, 0, 0, 0, 0, 0.485609, -0.0154081, 0.142541, 0.486385, -0.0157403, 0.142593, 0.996195, -3.71201e-12, -0.0871557, -4.46982e-12, -1, -8.49977e-12, -0.0871557, 8.857e-12, -0.996195, 0
2.33, 2025-07-03__00-41-11.079383, -0.0476174, -0.081533, 0.0346113, -2.28744, -0.0353972, 2.15759, 0.743961, -0.000764512, 9.04619e-05, -0.00109647, 0.000303396, 0.000279417, 0.000120618, 0.000235335, -0.0994485, 0.0322753, -0.11996, 0.017448, -0.0285207, 0.161752, -0.295352, 0, 0, 0, 0, 0, 0, 0, 0.485609, -0.0154086, 0.14254, 0.486385, -0.0157403, 0.142593, 0.996195, -3.71201e-12, -0.0871557, -4.46982e-12, -1, -8.49977e-12, -0.0871557, 8.857e-12, -0.996195, 0
2.34, 2025-07-03__00-41-11.089382, -0.0476195, -0.0815334, 0.0346138, -2.28744, -0.0353978, 2.15759, 0.743961, -0.000790045, -0.000575465, -0.00017367, 0.000563318, -0.000223493, 7.43739e-05, -0.000496983, -0.120368, 0.0609902, -0.14158, 0.00159841, -0.0255361, 0.159749, -0.290837, 0, 0, 0, 0, 0, 0, 0, 0.485614, -0.015408, 0.142544, 0.486385, -0.0157403, 0.142593, 0.996195, -3.71201e-12, -0.0871557, -4.46982e-12, -1, -8.49977e-12, -0.0871557, 8.857e-12, -0.996195, 0
2.35, 2025-07-03__00-41-11.099384, -0.0476202, -0.0815362, 0.0346141, -2.28745, -0.0353982, 2.15759, 0.743956, -0.00109983, -0.00103984, 2.4514e-05, -0.00103241, 9.91829e-05, 0.00027312, -0.00163002, -0.11858, 0.0505201, -0.140029, 0.0269367, -0.0268001, 0.162538, -0.283678, 0, 0, 0, 0, 0, 0, 0, 0.485611, -0.0154118, 0.142544, 0.486385, -0.0157403, 0.142593, 0.996195, -3.71201e-12, -0.0871557, -4.46982e-12, -1, -8.49977e-12, -0.0871557, 8.857e-12, -0.996195, 0
2.36, 2025-07-03__00-41-11.109382, -0.0476121, -0.0815309, 0.0346123, -2.28745, -0.0353979, 2.15759, 0.743964, 0.00149803, 0.000484799, -0.00110464, -0.00154534, -0.000205126, 0.000426303, 0.00133323, -0.152121, -0.0130022, -0.172869, 0.0635965, -0.0247215, 0.166189, -0.301956, 0, 0, 0, 0, 0, 0, 0, 0.48562, -0.0154095, 0.142549, 0.486385, -0.0157403, 0.142593, 0.996195, -3.71201e-12, -0.0871557, -4.46982e-12, -1, -8.49977e-12, -0.0871557, 8.857e-12, -0.996195, 0
2.37, 2025-07-03__00-41-11.119384, -0.0476148, -0.0815334, 0.0346145, -2.28744, -0.0353955, 2.15758, 0.743961, 0.000435423, -0.000159629, -0.00101203, 0.00156074, -6.17371e-05, -8.12656e-05, 0.000564036, -0.129751, 0.0626497, -0.150315, -0.0108929, -0.0271337, 0.159291, -0.297279, 0, 0, 0, 0, 0, 0, 0, 0.485614, -0.0154085, 0.142545, 0.486385, -0.0157403, 0.142593, 0.996195, -3.71201e-12, -0.0871557, -4.46982e-12, -1, -8.49977e-12, -0.0871557, 8.857e-12, -0.996195, 0
2.38, 2025-07-03__00-41-11.129384, -0.0476146, -0.0815309, 0.0346167, -2.28744, -0.0353977, 2.15759, 0.743959, 0.000825838, -0.000702836, 0.000883944, 0.0048911, 0.000450161, 0.000295156, -0.00068065, -0.182013, 0.139715, -0.203765, -0.0879386, -0.0316202, 0.144536, -0.289626, 0, 0, 0, 0, 0, 0, 0, 0.485613, -0.0154105, 0.142542, 0.486385, -0.0157403, 0.142593, 0.996195, -3.71201e-12, -0.0871557, -4.46982e-12, -1, -8.49977e-12, -0.0871557, 8.857e-12, -0.996195, 0
2.39, 2025-07-03__00-41-11.139382, -0.0476146, -0.0815334, 0.0346113, -2.28745, -0.0353982, 2.15759, 0.743965, 0.000179152, -0.000342137, -0.000429412, -0.00195968, 0.000114784, 0.000359843, 0.00141761, -0.137437, 0.00991762, -0.158658, 0.0576613, -0.0266552, 0.166159, -0.302588, 0, 0, 0, 0, 0, 0, 0, 0.485614, -0.0154114, 0.142544, 0.486385, -0.0157403, 0.142593, 0.996195, -3.71201e-12, -0.0871557, -4.46982e-12, -1, -8.49977e-12, -0.0871557, 8.857e-12, -0.996195, 0
2.4, 2025-07-03__00-41-11.149384, -0.0476206, -0.0815309, 0.0346114, -2.28744, -0.035399, 2.15758, 0.743961, -0.0057891, 0.00048043, -0.000603085, 0.00118656, -8.22973e-05, -0.000104249, 0.000635326, 0.0046001, 0.0284745, -0.0160066, 0.00662594, -0.0263335, 0.162663, -0.297993, 0, 0, 0, 0, 0, 0, 0, 0.48561, -0.0154125, 0.142543, 0.486385, -0.0157403, 0.142593, 0.996195, -3.71201e-12, -0.0871557, -4.46982e-12, -1, -8.49977e-12, -0.0871557, 8.857e-12, -0.996195, 0
2.41, 2025-07-03__00-41-11.159383, -0.0476195, -0.0815309, 0.0346138, -2.28744, -0.0353954, 2.15759, 0.743956, -0.000909671, 0.000992689, -0.000410945, 9.31391e-05, -0.000150701, -0.000111006, -0.00119827, -0.111286, -0.00440191, -0.132286, 0.0382638, -0.0255798, 0.165942, -0.286283, 0, 0, 0, 0, 0, 0, 0, 0.485614, -0.0154117, 0.142545, 0.486385, -0.0157403, 0.142593, 0.996195, -3.71201e-12, -0.0871557, -4.46982e-12, -1, -8.49977e-12, -0.0871557, 8.857e-12, -0.996195, 0
2.42, 2025-07-03__00-41-11.169384, -0.0476174, -0.0815313, 0.0346163, -2.28744, -0.0353985, 2.15759, 0.743963, -9.37683e-05, -0.000611518, 0.000459298, 0.000138889, -2.59961e-06, -3.57884e-06, 0.00105904, -0.151612, 0.0552925, -0.173358, 0.0103888, -0.0268449, 0.161367, -0.300304, 0, 0, 0, 0, 0, 0, 0, 0.485614, -0.0154109, 0.142545, 0.486385, -0.0157403, 0.142593, 0.996195, -3.71201e-12, -0.0871557, -4.46982e-12, -1, -8.49977e-12, -0.0871557, 8.857e-12, -0.996195, 0
2.43, 2025-07-03__00-41-11.179383, -0.0476174, -0.0815316, 0.0346068, -2.28745, -0.0353935, 2.15759, 0.743963, -0.000290585, -0.00467904, -0.00249714, -0.00133951, 0.00014356, 0.000121352, 0.00117379, -0.0809917, 0.172057, -0.100707, -0.0272888, -0.0281002, 0.156914, -0.301257, 0, 0, 0, 0, 0, 0, 0, 0.485611, -0.0154084, 0.142544, 0.486385, -0.0157403, 0.142593, 0.996195, -3.71201e-12, -0.0871557, -4.46982e-12, -1, -8.49977e-12, -0.0871557, 8.857e-12, -0.996195, 0
2.44, 2025-07-03__00-41-11.189382, -0.0476152, -0.0815361, 0.0346176, -2.28744, -0.0353947, 2.15759, 0.743956, -0.000224312, 0.000418199, 0.00105634, 0.00118852, 8.96715e-05, 0.000185563, -0.000500221, -0.162232, 0.0386075, -0.184269, 0.00517268, -0.0277642, 0.158963, -0.29046, 0, 0, 0, 0, 0, 0, 0, 0.485614, -0.0154076, 0.142544, 0.486385, -0.0157403, 0.142593, 0.996195, -3.71201e-12, -0.0871557, -4.46982e-12, -1, -8.49977e-12, -0.0871557, 8.857e-12, -0.996195, 0
2.45, 2025-07-03__00-41-11.199384, -0.0476173, -0.0815316, 0.0346138, -2.28744, -0.0353968, 2.15759, 0.743957, 0.00191773, -0.00381843, -0.00103725, 0.00154656, 0.00015921, 0.000271023, -0.000203716, -0.164735, 0.194337, -0.185422, -0.0727569, -0.0290668, 0.14826, -0.292404, 0, 0, 0, 0, 0, 0, 0, 0.485614, -0.015409, 0.142545, 0.486385, -0.0157403, 0.142593, 0.996195, -3.71201e-12, -0.0871557, -4.46982e-12, -1, -8.49977e-12, -0.0871557, 8.857e-12, -0.996195, 0
2.46, 2025-07-03__00-41-11.209383, -0.0476121, -0.0815331, 0.0346167, -2.28744, -0.0353992, 2.15759, 0.74396, 0.000881262, -0.000299102, 0.000691057, 6.18321e-05, -0.000258232, 0.000270014, 0.00583546, -0.179871, 0.0450108, -0.201805, 0.0163262, -0.0254542, 0.160097, -0.328985, 0, 0, 0, 0, 0, 0, 0, 0.485614, -0.0154076, 0.142545, 0.486385, -0.0157403, 0.142593, 0.996195, -3.71201e-12, -0.0871557, -4.46982e-12, -1, -8.49977e-12, -0.0871557, 8.857e-12, -0.996195, 0
2.47, 2025-07-03__00-41-11.219383, -0.0476174, -0.0815334, 0.0346142, -2.28744, -0.0353985, 2.15759, 0.743955, -0.000431919, -3.7714e-06, -0.000923584, -0.000916481, 6.33732e-05, 0.000443518, -0.00177322, -0.112077, 0.0163254, -0.132825, 0.0397814, -0.0264548, 0.163021, -0.282754, 0, 0, 0, 0, 0, 0, 0, 0.485612, -0.015408, 0.142546, 0.486385, -0.0157403, 0.142593, 0.996195, -3.71201e-12, -0.0871557, -4.46982e-12, -1, -8.49977e-12, -0.0871557, 8.857e-12, -0.996195, 0
2.48, 2025-07-03__00-41-11.229386, -0.0476173, -0.0815281, 0.0346144, -2.28745, -0.0353975, 2.15758, 0.74396, -0.000227748, 0.00129437, -0.00111749, -0.00125657, 1.64795e-05, 7.63815e-05, 0.000803649, -0.111312, -0.040234, -0.13194, 0.072695, -0.0260089, 0.170419, -0.298603, 0, 0, 0, 0, 0, 0, 0, 0.48561, -0.0154081, 0.142543, 0.486385, -0.0157403, 0.142593, 0.996195, -3.71201e-12, -0.0871557, -4.46982e-12, -1, -8.49977e-12, -0.0871557, 8.857e-12, -0.996195, 0
2.49, 2025-07-03__00-41-11.239382, -0.0476199, -0.0815333, 0.0346136, -2.28744, -0.0353955, 2.15758, 0.743955, -0.000941296, -0.000124254, -0.000352057, 7.88614e-05, -0.000146651, -0.000126323, -0.000475846, -0.112518, 0.0358534, -0.133581, 0.019772, -0.0258479, 0.164308, -0.290618, 0, 0, 0, 0, 0, 0, 0, 0.485611, -0.0154124, 0.142544, 0.486385, -0.0157403, 0.142593, 0.996195, -3.71201e-12, -0.0871557, -4.46982e-12, -1, -8.49977e-12, -0.0871557, 8.857e-12, -0.996195, 0
2.5, 2025-07-03__00-41-11.249384, -0.0476195, -0.0815334, 0.0346139, -2.28744, -0.0353978, 2.15758, 0.743957, 0.00118676, 1.69075e-06, 0.000351081, 0.00104013, -0.000254573, -0.000467347, -0.000651975, -0.176602, 0.0487493, -0.198222, 0.00419506, -0.025496, 0.163689, -0.289507, 0, 0, 0, 0, 0, 0, 0, 0.485609, -0.0154104, 0.142541, 0.486385, -0.0157403, 0.142593, 0.996195, -3.71201e-12, -0.0871557, -4.46982e-12, -1, -8.49977e-12, -0.0871557, 8.857e-12, -0.996195, 0
2.51, 2025-07-03__00-41-11.259383, -0.0476199, -0.0815309, 0.0346109, -2.28744, -0.0353971, 2.15758, 0.743959, -0.00125904, 0.00021544, -0.00182369, 0.000802637, -3.07e-05, -0.000335481, 0.000145486, -0.0707611, 0.0332831, -0.090691, 0.0112972, -0.0267578, 0.164505, -0.294728, 0, 0, 0, 0, 0, 0, 0, 0.485614, -0.0154077, 0.142544, 0.486385, -0.0157403, 0.142593, 0.996195, -3.71201e-12, -0.0871557, -4.46982e-12, -1, -8.49977e-12, -0.0871557, 8.857e-12, -0.996195, 0
2.52, 2025-07-03__00-41-11.269386, -0.0476201, -0.0815309, 0.0346116, -2.28744, -0.0353966, 2.15758, 0.743958, -0.00054862, 0.000297588, -0.000797455, 0.00104136, 0.000493795, 0.000229083, 0.000234817, -0.110287, 0.0369053, -0.130956, 0.00635703, -0.0301766, 0.159886, -0.295167, 0, 0, 0, 0, 0, 0, 0, 0.485611, -0.0154098, 0.142544, 0.486385, -0.0157403, 0.142593, 0.996195, -3.71201e-12, -0.0871557, -4.46982e-12, -1, -8.49977e-12, -0.0871557, 8.857e-12, -0.996195, 0
2.53, 2025-07-03__00-41-11.279382, -0.047613, -0.081531, 0.0346096, -2.28744, -0.0353978, 2.15759, 0.743958, 0.00144764, 0.000855504, -0.00123977, 0.000589812, -4.88381e-05, 0.000227159, 0.000590581, -0.14637, 0.010693, -0.166818, 0.0250732, -0.026499, 0.161588, -0.29718, 0, 0, 0, 0, 0, 0, 0, 0.485606, -0.0154098, 0.14254, 0.486385, -0.0157403, 0.142593, 0.996195, -3.71201e-12, -0.0871557, -4.46982e-12, -1, -8.49977e-12, -0.0871557, 8.857e-12, -0.996195, 0
2.54, 2025-07-03__00-41-11.289382, -0.0476146, -0.0815362, 0.0346138, -2.28745, -0.0353949, 2.15758, 0.743959, 0.000872955, -0.00168713, -0.000859339, -0.00602125, 0.000181175, -5.78463e-05, -0.000203144, -0.14589, -0.010103, -0.167118, 0.118444, -0.0257108, 0.179164, -0.292325, 0, 0, 0, 0, 0, 0, 0, 0.485613, -0.0154086, 0.142542, 0.486385, -0.0157403, 0.142593, 0.996195, -3.71201e-12, -0.0871557, -4.46982e-12, -1, -8.49977e-12, -0.0871557, 8.857e-12, -0.996195, 0
2.55, 2025-07-03__00-41-11.299384, -0.0476146, -0.0815334, 0.034619, -2.28744, -0.0353979, 2.15758, 0.743958, -5.24847e-05, -0.000186902, 0.000959087, 0.000605744, 0.000204883, -0.000397818, -0.00080021, -0.16484, 0.0480722, -0.186904, 0.00934782, -0.028169, 0.164202, -0.288725, 0, 0, 0, 0, 0, 0, 0, 0.485615, -0.0154071, 0.142545, 0.486385, -0.0157403, 0.142593, 0.996195, -3.71201e-12, -0.0871557, -4.46982e-12, -1, -8.49977e-12, -0.0871557, 8.857e-12, -0.996195, 0
2.56, 2025-07-03__00-41-11.309384, -0.0476174, -0.0815358, 0.0346198, -2.28744, -0.0353985, 2.15759, 0.743959, -0.00158957, 0.000268503, 0.000939692, -0.000371593, 6.94955e-05, 0.000163841, -0.00162327, -0.129102, 0.0165826, -0.151157, 0.0340604, -0.0266764, 0.163739, -0.283859, 0, 0, 0, 0, 0, 0, 0, 0.485611, -0.015405, 0.142545, 0.486385, -0.0157403, 0.142593, 0.996195, -3.71201e-12, -0.0871557, -4.46982e-12, -1, -8.49977e-12, -0.0871557, 8.857e-12, -0.996195, 0
2.57, 2025-07-03__00-41-11.319383, -0.0476153, -0.0815309, 0.0346144, -2.28744, -0.0353959, 2.15758, 0.743958, -0.00392664, 0.000741089, -0.00068347, 0.000386055, -0.000484275, 0.000239223, 0.00136145, -0.0377096, 0.00773492, -0.0583806, 0.0266919, -0.0237047, 0.16307, -0.302086, 0, 0, 0, 0, 0, 0, 0, 0.485611, -0.0154118, 0.142544, 0.486385, -0.0157403, 0.142593, 0.996195, -3.71201e-12, -0.0871557, -4.46982e-12, -1, -8.49977e-12, -0.0871557, 8.857e-12, -0.996195, 0
2.58, 2025-07-03__00-41-11.329384, -0.0476176, -0.0815334, 0.034617, -2.28744, -0.0353954, 2.15758, 0.743956, 0.00124617, -0.000482983, 6.55839e-05, 0.00397197, -2.66795e-07, -0.000127333, -0.000891856, -0.17235, 0.115828, -0.193578, -0.064446, -0.0285112, 0.151397, -0.288132, 0, 0, 0, 0, 0, 0, 0, 0.48561, -0.0154087, 0.142543, 0.486385, -0.0157403, 0.142593, 0.996195, -3.71201e-12, -0.0871557, -4.46982e-12, -1, -8.49977e-12, -0.0871557, 8.857e-12, -0.996195, 0
2.59, 2025-07-03__00-41-11.339382, -0.0476174, -0.0815334, 0.0346176, -2.28744, -0.035398, 2.15758, 0.743957, 0.000418998, -0.000405977, 0.00126655, 0.000218595, -0.000419993, -0.000100441, 0.000678467, -0.181741, 0.0504787, -0.204079, 0.0130082, -0.0242421, 0.162736, -0.29754, 0, 0, 0, 0, 0, 0, 0, 0.485611, -0.0154086, 0.142544, 0.486385, -0.0157403, 0.142593, 0.996195, -3.71201e-12, -0.0871557, -4.46982e-12, -1, -8.49977e-12, -0.0871557, 8.857e-12, -0.996195, 0
2.6, 2025-07-03__00-41-11.349384, -0.0476167, -0.0815387, 0.0346167, -2.28745, -0.0353953, 2.15758, 0.74396, 0.00115819, -0.00159611, 0.000592062, -0.000970012, 4.10702e-05, -0.000197457, 0.000906886, -0.184282, 0.0731532, -0.206257, 0.0182985, -0.0270129, 0.164655, -0.29913, 0, 0, 0, 0, 0, 0, 0, 0.485606, -0.0154074, 0.14254, 0.486385, -0.0157403, 0.142593, 0.996195, -3.71201e-12, -0.0871557, -4.46982e-12, -1, -8.49977e-12, -0.0871557, 8.857e-12, -0.996195, 0
2.61, 2025-07-03__00-41-11.359383, -0.0476181, -0.0815334, 0.0346187, -2.28744, -0.0353961, 2.15758, 0.743954, -0.000548026, -0.000403842, 0.000861907, -0.000794805, -0.000183127, 2.03976e-05, -0.000777285, -0.151027, 0.0327246, -0.173086, 0.0327817, -0.025255, 0.165185, -0.288627, 0, 0, 0, 0, 0, 0, 0, 0.48561, -0.0154114, 0.142543, 0.486385, -0.0157403, 0.142593, 0.996195, -3.71201e-12, -0.0871557, -4.46982e-12, -1, -8.49977e-12, -0.0871557, 8.857e-12, -0.996195, 0
2.62, 2025-07-03__00-41-11.369383, -0.0476147, -0.0815334, 0.0346168, -2.28744, -0.0353954, 2.15758, 0.743958, 0.00122171, -0.00041411, -0.000261889, -0.000512795, -6.45995e-05, -0.000213171, -0.000439638, -0.165875, 0.037782, -0.187168, 0.0276235, -0.0262556, 0.165831, -0.290881, 0, 0, 0, 0, 0, 0, 0, 0.485611, -0.0154103, 0.142544, 0.486385, -0.0157403, 0.142593, 0.996195, -3.71201e-12, -0.0871557, -4.46982e-12, -1, -8.49977e-12, -0.0871557, 8.857e-12, -0.996195, 0
2.63, 2025-07-03__00-41-11.379383, -0.0476181, -0.0815334, 0.0346176, -2.28744, -0.0353974, 2.15759, 0.743956, -0.000509305, 0.000249711, 0.00129524, 0.000774878, -3.00827e-05, 0.000543458, -0.000521567, -0.160757, 0.0374218, -0.183007, 0.0101403, -0.0266979, 0.15746, -0.290311, 0, 0, 0, 0, 0, 0, 0, 0.485606, -0.0154102, 0.142541, 0.486385, -0.0157403, 0.142593, 0.996195, -3.71201e-12, -0.0871557, -4.46982e-12, -1, -8.49977e-12, -0.0871557, 8.857e-12, -0.996195, 0
2.64, 2025-07-03__00-41-11.389382, -0.0476198, -0.0815281, 0.0346138, -2.28744, -0.0353929, 2.15758, 0.743956, -0.000559831, 0.00071346, -0.00138859, -0.000820587, 0.000450597, 0.000159789, -0.000459992, -0.0973084, -0.0107288, -0.117657, 0.0515348, -0.0292063, 0.167071, -0.290824, 0, 0, 0, 0, 0, 0, 0, 0.485611, -0.0154055, 0.142543, 0.486385, -0.0157403, 0.142593, 0.996195, -3.71201e-12, -0.0871557, -4.46982e-12, -1, -8.49977e-12, -0.0871557, 8.857e-12, -0.996195, 0
2.65, 2025-07-03__00-41-11.399384, -0.0476174, -0.0815362, 0.0346148, -2.28744, -0.0353944, 2.15758, 0.743962, -0.000334598, -0.000854072, -0.000121866, 0.000300838, -0.000204545, 0.000155628, 0.00114931, -0.132768, 0.0679037, -0.154047, 0.00188689, -0.0259244, 0.159923, -0.300858, 0, 0, 0, 0, 0, 0, 0, 0.485606, -0.0154067, 0.14254, 0.486385, -0.0157403, 0.142593, 0.996195, -3.71201e-12, -0.0871557, -4.46982e-12, -1, -8.49977e-12, -0.0871557, 8.857e-12, -0.996195, 0
2.66, 2025-07-03__00-41-11.409382, -0.0476147, -0.0815334, 0.0346145, -2.28744, -0.0353978, 2.15758, 0.743958, 0.000785299, 0.000786436, -0.000778094, -0.000886522, -7.38412e-05, -0.000152865, 0.00648367, -0.142574, -0.0117651, -0.163447, 0.0546948, -0.0261248, 0.169078, -0.332851, 0, 0, 0, 0, 0, 0, 0, 0.485611, -0.0154084, 0.142544, 0.486385, -0.0157403, 0.142593, 0.996195, -3.71201e-12, -0.0871557, -4.46982e-12, -1, -8.49977e-12, -0.0871557, 8.857e-12, -0.996195, 0
2.67, 2025-07-03__00-41-11.419383, -0.0476195, -0.0815342, 0.0346149, -2.28744, -0.0353981, 2.15758, 0.743951, 0.000522909, -0.000356728, 0.000809353, 0.000400517, 8.15482e-05, 0.00056311, -0.000955402, -0.172736, 0.0532441, -0.194688, 0.00771188, -0.0272925, 0.15779, -0.287369, 0, 0, 0, 0, 0, 0, 0, 0.485606, -0.0154098, 0.14254, 0.486385, -0.0157403, 0.142593, 0.996195, -3.71201e-12, -0.0871557, -4.46982e-12, -1, -8.49977e-12, -0.0871557, 8.857e-12, -0.996195, 0
2.68, 2025-07-03__00-41-11.429382, -0.0476174, -0.081533, 0.0346169, -2.28744, -0.0353942, 2.15758, 0.743959, -0.000797352, 0.000776628, 2.17762e-06, 0.00255848, 9.68877e-05, 7.20607e-05, 0.000905931, -0.123917, 0.0460519, -0.145073, -0.0158464, -0.0284223, 0.157238, -0.299277, 0, 0, 0, 0, 0, 0, 0, 0.48561, -0.015408, 0.142543, 0.486385, -0.0157403, 0.142593, 0.996195, -3.71201e-12, -0.0871557, -4.46982e-12, -1, -8.49977e-12, -0.0871557, 8.857e-12, -0.996195, 0
2.69, 2025-07-03__00-41-11.439382, -0.0476199, -0.0815336, 0.034617, -2.28744, -0.0353939, 2.15758, 0.743958, -0.00116908, 0.000158813, 0.000315106, -0.00623153, 0.000139795, 0.000394074, 0.00157619, -0.124449, -0.0783432, -0.146413, 0.150518, -0.0251767, 0.18047, -0.303064, 0, 0, 0, 0, 0, 0, 0, 0.485612, -0.015408, 0.142546, 0.486385, -0.0157403, 0.142593, 0.996195, -3.71201e-12, -0.0871557, -4.46982e-12, -1, -8.49977e-12, -0.0871557, 8.857e-12, -0.996195, 0
2.7, 2025-07-03__00-41-11.449383, -0.0476121, -0.0815334, 0.0346169, -2.28744, -0.0353975, 2.15758, 0.743958, -0.000447755, -0.00063317, 0.0019925, 0.00312681, -4.53642e-05, 0.000345785, 2.69071e-05, -0.179232, 0.108295, -0.201851, -0.0511122, -0.0277971, 0.150342, -0.293778, 0, 0, 0, 0, 0, 0, 0, 0.48561, -0.0154094, 0.142543, 0.486385, -0.0157403, 0.142593, 0.996195, -3.71201e-12, -0.0871557, -4.46982e-12, -1, -8.49977e-12, -0.0871557, 8.857e-12, -0.996195, 0
2.71, 2025-07-03__00-41-11.459383, -0.0476145, -0.0815355, 0.0346163, -2.28744, -0.0353951, 2.15758, 0.743958, 0.00114458, -0.000914572, 1.07562e-05, 0.00437342, 0.000179116, 0.000114566, -0.00065728, -0.169589, 0.139172, -0.190748, -0.0810084, -0.0299122, 0.147546, -0.289719, 0, 0, 0, 0, 0, 0, 0, 0.48561, -0.0154111, 0.142542, 0.486385, -0.0157403, 0.142593, 0.996195, -3.71201e-12, -0.0871557, -4.46982e-12, -1, -8.49977e-12, -0.0871557, 8.857e-12, -0.996195, 0
2.72, 2025-07-03__00-41-11.469384, -0.0476199, -0.0815333, 0.0346145, -2.28745, -0.035399, 2.15758, 0.743959, -0.001454, 0.0022799, -0.000581303, 0.000199867, -0.000132784, 7.5306e-05, -0.000545991, -0.0942057, -0.0496808, -0.115059, 0.0588591, -0.0252891, 0.168102, -0.290416, 0, 0, 0, 0, 0, 0, 0, 0.485611, -0.0154087, 0.142544, 0.486385, -0.0157403, 0.142593, 0.996195, -3.71201e-12, -0.0871557, -4.46982e-12, -1, -8.49977e-12, -0.0871557, 8.857e-12, -0.996195, 0
2.73, 2025-07-03__00-41-11.479382, -0.0476148, -0.0815334, 0.0346148, -2.28744, -0.0353979, 2.15758, 0.743957, 0.00186998, -0.000619618, 0.000923272, -0.000157958, 9.40841e-06, -0.000361791, 0.00142331, -0.20699, 0.0520851, -0.229138, 0.0178639, -0.0269158, 0.165094, -0.302011, 0, 0, 0, 0, 0, 0, 0, 0.485611, -0.0154101, 0.142544, 0.486385, -0.0157403, 0.142593, 0.996195, -3.71201e-12, -0.0871557, -4.46982e-12, -1, -8.49977e-12, -0.0871557, 8.857e-12, -0.996195, 0
2.74, 2025-07-03__00-41-11.489382, -0.0476122, -0.0815364, 0.0346144, -2.28744, -0.0353967, 2.15758, 0.743955, 0.00121552, -0.00110605, -0.00101778, 3.70867e-05, 0.000121813, 0.000257112, 0.000786067, -0.148954, 0.073276, -0.169646, 0.00263751, -0.0277624, 0.159419, -0.298225, 0, 0, 0, 0, 0, 0, 0, 0.485611, -0.0154082, 0.142543, 0.486385, -0.0157403, 0.142593, 0.996195, -3.71201e-12, -0.0871557, -4.46982e-12, -1, -8.49977e-12, -0.0871557, 8.857e-12, -0.996195, 0
2.75, 2025-07-03__00-41-11.499383, -0.0476153, -0.0815364, 0.0346145, -2.28744, -0.0353962, 2.15758, 0.743951, 0.000871179, -0.000304987, -0.00121211, -0.00145166, 0.000391304, 0.000327761, -0.00155092, -0.135967, 0.0194869, -0.156571, 0.0457787, -0.0285161, 0.165316, -0.283835, 0, 0, 0, 0, 0, 0, 0, 0.485617, -0.0154076, 0.14255, 0.486385, -0.0157403, 0.142593, 0.996195, -3.71201e-12, -0.0871557, -4.46982e-12, -1, -8.49977e-12, -0.0871557, 8.857e-12, -0.996195, 0
2.76, 2025-07-03__00-41-11.509382, -0.0476174, -0.0815309, 0.0346115, -2.28744, -0.0353936, 2.15758, 0.743961, 0.00278779, 0.00034156, -0.000743916, -0.00199731, 0.000253034, 0.000180833, 0.000785203, -0.188393, -0.0133377, -0.209444, 0.0695556, -0.0277176, 0.169185, -0.298405, 0, 0, 0, 0, 0, 0, 0, 0.48561, -0.0154083, 0.142543, 0.486385, -0.0157403, 0.142593, 0.996195, -3.71201e-12, -0.0871557, -4.46982e-12, -1, -8.49977e-12, -0.0871557, 8.857e-12, -0.996195, 0
2.77, 2025-07-03__00-41-11.519383, -0.0476135, -0.0815311, 0.0346124, -2.28744, -0.0353965, 2.15758, 0.743953, 0.000988321, 8.46774e-05, -0.000705886, -0.00102855, 0.000228625, -0.00050405, -0.000253182, -0.149483, 0.00943425, -0.170419, 0.0473787, -0.0277061, 0.170607, -0.291744, 0, 0, 0, 0, 0, 0, 0, 0.485611, -0.0154108, 0.142543, 0.486385, -0.0157403, 0.142593, 0.996195, -3.71201e-12, -0.0871557, -4.46982e-12, -1, -8.49977e-12, -0.0871557, 8.857e-12, -0.996195, 0
2.78, 2025-07-03__00-41-11.529383, -0.0476154, -0.0815281, 0.0346145, -2.28744, -0.0353947, 2.15758, 0.743958, 0.000384844, 0.00121275, -0.000874616, 0.00126201, 0.000268598, 0.000236617, 0.00129867, -0.13067, 0.007589, -0.151295, 0.0179401, -0.0289001, 0.161057, -0.301545, 0, 0, 0, 0, 0, 0, 0, 0.485606, -0.0154074, 0.142541, 0.486385, -0.0157403, 0.142593, 0.996195, -3.71201e-12, -0.0871557, -4.46982e-12, -1, -8.49977e-12, -0.0871557, 8.857e-12, -0.996195, 0
2.79, 2025-07-03__00-41-11.539382, -0.0476174, -0.0815281, 0.0346145, -2.28745, -0.0353981, 2.15758, 0.743959, -0.000516305, 0.00115579, -0.000597991, -0.00243011, 0.000131842, -0.000440024, 0.000805688, -0.116879, -0.0558727, -0.137952, 0.0957301, -0.0262318, 0.177235, -0.298507, 0, 0, 0, 0, 0, 0, 0, 0.485611, -0.0154077, 0.142544, 0.486385, -0.0157403, 0.142593, 0.996195, -3.71201e-12, -0.0871557, -4.46982e-12, -1, -8.49977e-12, -0.0871557, 8.857e-12, -0.996195, 0
2.8, 2025-07-03__00-41-11.549384, -0.0476121, -0.0815309, 0.034617, -2.28744, -0.0353978, 2.15758, 0.743952, 0.000995273, 0.000472243, -0.000310884, 0.00086685, -2.45089e-05, 0.000327334, -0.000991068, -0.159414, 0.0293559, -0.180538, 0.0132898, -0.0266989, 0.159901, -0.287231, 0, 0, 0, 0, 0, 0, 0, 0.485611, -0.0154043, 0.142543, 0.486385, -0.0157403, 0.142593, 0.996195, -3.71201e-12, -0.0871557, -4.46982e-12, -1, -8.49977e-12, -0.0871557, 8.857e-12, -0.996195, 0
2.81, 2025-07-03__00-41-11.559383, -0.0476146, -0.0815334, 0.034617, -2.28744, -0.0353944, 2.15758, 0.74395, -0.000473813, -2.99417e-06, -0.000431187, 0.000190168, -4.4675e-05, -0.000296447, -0.000284399, -0.123183, 0.0334084, -0.144191, 0.0201063, -0.0265821, 0.165347, -0.291475, 0, 0, 0, 0, 0, 0, 0, 0.485611, -0.0154068, 0.142544, 0.486385, -0.0157403, 0.142593, 0.996195, -3.71201e-12, -0.0871557, -4.46982e-12, -1, -8.49977e-12, -0.0871557, 8.857e-12, -0.996195, 0
2.82, 2025-07-03__00-41-11.569383, -0.0476117, -0.0815334, 0.0346198, -2.28745, -0.0353986, 2.15758, 0.743961, 0.00150925, -0.00057528, 0.000410874, -5.50439e-05, -0.000115896, 0.000293916, 0.00126669, -0.189036, 0.0513653, -0.210849, 0.016402, -0.0260538, 0.160747, -0.301349, 0, 0, 0, 0, 0, 0, 0, 0.485611, -0.0154057, 0.142544, 0.486385, -0.0157403, 0.142593, 0.996195, -3.71201e-12, -0.0871557, -4.46982e-12, -1, -8.49977e-12, -0.0871557, 8.857e-12, -0.996195, 0
2.83, 2025-07-03__00-41-11.579383, -0.0476146, -0.0815309, 0.0346145, -2.28744, -0.0353953, 2.15758, 0.743953, -9.41333e-05, 0.00082015, -0.00109512, -0.000396463, -0.000349559, -0.000172413, -0.00103893, -0.115711, -0.00672636, -0.136283, 0.0458477, -0.0241906, 0.168146, -0.287041, 0, 0, 0, 0, 0, 0, 0, 0.485616, -0.015407, 0.142549, 0.486385, -0.0157403, 0.142593, 0.996195, -3.71201e-12, -0.0871557, -4.46982e-12, -1, -8.49977e-12, -0.0871557, 8.857e-12, -0.996195, 0
2.84, 2025-07-03__00-41-11.589382, -0.0476174, -0.0815334, 0.0346145, -2.28744, -0.0353937, 2.15758, 0.743949, -0.000244207, -0.000548271, -0.000899019, 6.79962e-05, 0.000226935, -0.000751952, -0.00217322, -0.117028, 0.0496406, -0.137707, 0.0146654, -0.0282541, 0.167766, -0.280004, 0, 0, 0, 0, 0, 0, 0, 0.48561, -0.0154081, 0.142543, 0.486385, -0.0157403, 0.142593, 0.996195, -3.71201e-12, -0.0871557, -4.46982e-12, -1, -8.49977e-12, -0.0871557, 8.857e-12, -0.996195, 0
2.85, 2025-07-03__00-41-11.599384, -0.0476174, -0.0815372, 0.034617, -2.28744, -0.0353935, 2.15758, 0.743954, -0.00011869, -0.000676307, 0.000463271, 0.000302377, 5.22131e-05, -4.08637e-05, -0.000188412, -0.151433, 0.0621265, -0.173117, 0.0054181, -0.0274555, 0.161583, -0.292248, 0, 0, 0, 0, 0, 0, 0, 0.485611, -0.015409, 0.142546, 0.486385, -0.0157403, 0.142593, 0.996195, -3.71201e-12, -0.0871557, -4.46982e-12, -1, -8.49977e-12, -0.0871557, 8.857e-12, -0.996195, 0
2.86, 2025-07-03__00-41-11.609382, -0.0476139, -0.0815362, 0.0346117, -2.28744, -0.0353935, 2.15758, 0.743954, 0.00554816, -0.000813791, -0.00145808, -0.000588457, 0.00023209, -0.000407382, -0.000192197, -0.236168, 0.0535433, -0.256729, 0.0230452, -0.0284015, 0.166141, -0.292012, 0, 0, 0, 0, 0, 0, 0, 0.485611, -0.0154069, 0.142543, 0.486385, -0.0157403, 0.142593, 0.996195, -3.71201e-12, -0.0871557, -4.46982e-12, -1, -8.49977e-12, -0.0871557, 8.857e-12, -0.996195, 0
2.87, 2025-07-03__00-41-11.619383, -0.0476206, -0.0815335, 0.0346149, -2.28744, -0.0353989, 2.15758, 0.74396, -0.00139777, 0.000157017, 0.000434561, -0.00104825, -0.000121779, -0.000127214, 0.00068613, -0.120156, 0.00727627, -0.141878, 0.0473566, -0.0253677, 0.168288, -0.297885, 0, 0, 0, 0, 0, 0, 0, 0.485611, -0.0154087, 0.142544, 0.486385, -0.0157403, 0.142593, 0.996195, -3.71201e-12, -0.0871557, -4.46982e-12, -1, -8.49977e-12, -0.0871557, 8.857e-12, -0.996195, 0
2.88, 2025-07-03__00-41-11.629382, -0.0476174, -0.0815334, 0.0346124, -2.28744, -0.0353966, 2.15758, 0.743953, -0.00209962, -0.000166587, -0.000709095, 0.000765181, -0.000456565, 1.02199e-05, -0.0016201, -0.0783649, 0.0480553, -0.0990741, 0.00455035, -0.0240086, 0.161366, -0.283652, 0, 0, 0, 0, 0, 0, 0, 0.485611, -0.0154072, 0.142544, 0.486385, -0.0157403, 0.142593, 0.996195, -3.71201e-12, -0.0871557, -4.46982e-12, -1, -8.49977e-12, -0.0871557, 8.857e-12, -0.996195, 0
2.89, 2025-07-03__00-41-11.639382, -0.0476146, -0.0815283, 0.0346198, -2.28744, -0.0353949, 2.15758, 0.743952, 0.000173008, 0.00123422, 0.0012911, 0.000612628, -0.000462285, 0.000202822, -0.000261311, -0.176684, -0.00276803, -0.198946, 0.0324553, -0.0239216, 0.163122, -0.291559, 0, 0, 0, 0, 0, 0, 0, 0.485611, -0.0154075, 0.142543, 0.486385, -0.0157403, 0.142593, 0.996195, -3.71201e-12, -0.0871557, -4.46982e-12, -1, -8.49977e-12, -0.0871557, 8.857e-12, -0.996195, 0
2.9, 2025-07-03__00-41-11.649384, -0.0476174, -0.0815334, 0.0346149, -2.28744, -0.0353989, 2.15758, 0.743958, -4.20978e-05, -0.0004419, 0.000465159, 0.00061747, -8.18907e-05, 0.000182555, 0.000244998, -0.152447, 0.0581858, -0.174142, 0.00300461, -0.0264258, 0.159647, -0.295082, 0, 0, 0, 0, 0, 0, 0, 0.48561, -0.015409, 0.142543, 0.486385, -0.0157403, 0.142593, 0.996195, -3.71201e-12, -0.0871557, -4.46982e-12, -1, -8.49977e-12, -0.0871557, 8.857e-12, -0.996195, 0
2.91, 2025-07-03__00-41-11.659384, -0.0476121, -0.0815281, 0.0346223, -2.28744, -0.0353935, 2.15758, 0.743957, 0.000940207, 0.00169447, 0.00113603, 0.00109098, 0.00011107, 0.000132288, -0.000356261, -0.191283, -0.0108328, -0.213435, 0.0306338, -0.0277428, 0.163083, -0.291287, 0, 0, 0, 0, 0, 0, 0, 0.485611, -0.015404, 0.142544, 0.486385, -0.0157403, 0.142593, 0.996195, -3.71201e-12, -0.0871557, -4.46982e-12, -1, -8.49977e-12, -0.0871557, 8.857e-12, -0.996195, 0
2.92, 2025-07-03__00-41-11.669383, -0.0476146, -0.0815334, 0.034617, -2.28744, -0.0353936, 2.15758, 0.743957, 0.00251899, -0.00138528, 1.90405e-05, 0.000929287, 0.000124264, -0.000350405, 0.000319856, -0.202075, 0.0974772, -0.223536, -0.017146, -0.028417, 0.160107, -0.29541, 0, 0, 0, 0, 0, 0, 0, 0.48561, -0.0154078, 0.142542, 0.486385, -0.0157403, 0.142593, 0.996195, -3.71201e-12, -0.0871557, -4.46982e-12, -1, -8.49977e-12, -0.0871557, 8.857e-12, -0.996195, 0
2.93, 2025-07-03__00-41-11.679383, -0.047617, -0.0815309, 0.034617, -2.28744, -0.0353953, 2.15758, 0.743951, -0.000324796, -0.00039243, -0.00326095, -0.00500604, -0.000247597, -0.000506261, -0.00101905, -0.0631123, -0.0431371, -0.0824564, 0.119082, -0.0230961, 0.18215, -0.287081, 0, 0, 0, 0, 0, 0, 0, 0.48561, -0.015406, 0.142542, 0.486385, -0.0157403, 0.142593, 0.996195, -3.71201e-12, -0.0871557, -4.46982e-12, -1, -8.49977e-12, -0.0871557, 8.857e-12, -0.996195, 0
2.94, 2025-07-03__00-41-11.689382, -0.0476191, -0.0815387, 0.0346113, -2.28744, -0.0353974, 2.15758, 0.743955, -0.00159204, -0.00230874, -0.00285899, -0.00043654, -8.01729e-05, 0.000969696, -0.00096462, -0.0422552, 0.107178, -0.0615525, -0.0115434, -0.0262359, 0.153869, -0.287899, 0, 0, 0, 0, 0, 0, 0, 0.485611, -0.0154042, 0.142543, 0.486385, -0.0157403, 0.142593, 0.996195, -3.71201e-12, -0.0871557, -4.46982e-12, -1, -8.49977e-12, -0.0871557, 8.857e-12, -0.996195, 0
2.95, 2025-07-03__00-41-11.699384, -0.0476174, -0.0815362, 0.0346145, -2.28744, -0.0353944, 2.15758, 0.743951, -0.000551759, -0.000489115, -0.000208929, -0.00102122, -0.000215954, 0.000597723, -0.000104782, -0.125971, 0.0334197, -0.147218, 0.0333715, -0.025095, 0.161757, -0.2926, 0, 0, 0, 0, 0, 0, 0, 0.485606, -0.015409, 0.142541, 0.486385, -0.0157403, 0.142593, 0.996195, -3.71201e-12, -0.0871557, -4.46982e-12, -1, -8.49977e-12, -0.0871557, 8.857e-12, -0.996195, 0
2.96, 2025-07-03__00-41-11.709383, -0.0476173, -0.0815282, 0.034617, -2.28744, -0.0353939, 2.15758, 0.743951, -0.000950352, 0.00121084, -0.000377641, 0.00476895, 0.000237914, 0.000213082, -0.000734563, -0.111156, 0.0658008, -0.131845, -0.053071, -0.0300181, 0.150664, -0.288957, 0, 0, 0, 0, 0, 0, 0, 0.485611, -0.0154067, 0.142543, 0.486385, -0.0157403, 0.142593, 0.996195, -3.71201e-12, -0.0871557, -4.46982e-12, -1, -8.49977e-12, -0.0871557, 8.857e-12, -0.996195, 0
2.97, 2025-07-03__00-41-11.719384, -0.0476198, -0.0815362, 0.0346117, -2.28743, -0.0353967, 2.15758, 0.743959, -0.000992765, -0.000359055, -0.00213171, 0.00319533, 0.000176114, 0.000383925, 0.000960032, -0.069937, 0.0990295, -0.0894916, -0.0519855, -0.0292656, 0.15059, -0.299788, 0, 0, 0, 0, 0, 0, 0, 0.485612, -0.0154066, 0.142546, 0.486385, -0.0157403, 0.142593, 0.996195, -3.71201e-12, -0.0871557, -4.46982e-12, -1, -8.49977e-12, -0.0871557, 8.857e-12, -0.996195, 0
2.98, 2025-07-03__00-41-11.729383, -0.0476146, -0.0815334, 0.0346145, -2.28744, -0.0353936, 2.15758, 0.743955, -0.0040346, -0.000417454, -0.00137107, 0.000723889, 0.000152141, 4.50968e-05, 0.000121576, -0.0206443, 0.0547416, -0.0407842, 0.000150003, -0.0280733, 0.160961, -0.294526, 0, 0, 0, 0, 0, 0, 0, 0.485611, -0.0154042, 0.142544, 0.486385, -0.0157403, 0.142593, 0.996195, -3.71201e-12, -0.0871557, -4.46982e-12, -1, -8.49977e-12, -0.0871557, 8.857e-12, -0.996195, 0
2.99, 2025-07-03__00-41-11.739382, -0.0476145, -0.0815309, 0.034617, -2.28744, -0.0353974, 2.15758, 0.743956, 0.00161503, 0.000552246, 0.000617238, -0.000116133, -5.08833e-05, 2.47283e-05, 0.000104561, -0.194088, 0.0104851, -0.215986, 0.0358205, -0.0262575, 0.164964, -0.293977, 0, 0, 0, 0, 0, 0, 0, 0.485606, -0.0154067, 0.14254, 0.486385, -0.0157403, 0.142593, 0.996195, -3.71201e-12, -0.0871557, -4.46982e-12, -1, -8.49977e-12, -0.0871557, 8.857e-12, -0.996195, 0
3, 2025-07-03__00-41-11.749384, -0.0476146, -0.0815281, 0.0346145, -2.28744, -0.0353939, 2.15758, 0.743952, -0.000719821, 0.00111927, -0.0011005, 0.000642414, 0.000142321, 0.000456519, 0.00268842, -0.100813, 8.21563e-05, -0.121244, 0.027943, -0.0279423, 0.161341, -0.309676, 0, 0, 0, 0, 0, 0, 0, 0.485611, -0.0154067, 0.142543, 0.486385, -0.0157403, 0.142593, 0.996195, -3.71201e-12, -0.0871557, -4.46982e-12, -1, -8.49977e-12, -0.0871557, 8.857e-12, -0.996195, 0
3.01, 2025-07-03__00-41-11.759383, -0.0476174, -0.0815334, 0.034617, -2.28744, -0.0353967, 2.15758, 0.743955, 4.96915e-05, -0.000459546, 0.00041972, 1.04257e-05, 3.8063e-05, -0.000149127, 0.000460586, -0.154089, 0.0479994, -0.175786, 0.0159514, -0.0270614, 0.163737, -0.296207, 0, 0, 0, 0, 0, 0, 0, 0.48561, -0.0154087, 0.142543, 0.486385, -0.0157403, 0.142593, 0.996195, -3.71201e-12, -0.0871557, -4.46982e-12, -1, -8.49977e-12, -0.0871557, 8.857e-12, -0.996195, 0
3.02, 2025-07-03__00-41-11.769383, -0.0476146, -0.0815335, 0.0346145, -2.28744, -0.0353947, 2.15758, 0.743956, 0.000603686, -0.000605051, -0.00145046, 0.000771197, -0.000100712, -0.000408469, 0.000995652, -0.124086, 0.0644448, -0.144382, -0.00148952, -0.0267057, 0.163012, -0.2996, 0, 0, 0, 0, 0, 0, 0, 0.485611, -0.0154072, 0.142543, 0.486385, -0.0157403, 0.142593, 0.996195, -3.71201e-12, -0.0871557, -4.46982e-12, -1, -8.49977e-12, -0.0871557, 8.857e-12, -0.996195, 0
3.03, 2025-07-03__00-41-11.779383, -0.0476123, -0.0815362, 0.0346125, -2.28744, -0.0353947, 2.15758, 0.74395, 0.00161358, -0.00114936, -0.00144752, 0.00158812, -0.000196082, -0.000473682, -0.00110536, -0.147471, 0.0990304, -0.167742, -0.0270698, -0.0264159, 0.159681, -0.286496, 0, 0, 0, 0, 0, 0, 0, 0.48561, -0.0154084, 0.142543, 0.486385, -0.0157403, 0.142593, 0.996195, -3.71201e-12, -0.0871557, -4.46982e-12, -1, -8.49977e-12, -0.0871557, 8.857e-12, -0.996195, 0
3.04, 2025-07-03__00-41-11.789386, -0.0476175, -0.0815334, 0.0346124, -2.28744, -0.0353948, 2.15758, 0.74395, -0.00307881, -0.000304764, -0.00233312, -0.00100467, -0.000292128, 0.000175352, -0.00169083, -0.0197389, 0.0218454, -0.0393295, 0.0367767, -0.0243573, 0.165613, -0.283179, 0, 0, 0, 0, 0, 0, 0, 0.485608, -0.0154045, 0.142544, 0.486385, -0.0157403, 0.142593, 0.996195, -3.71201e-12, -0.0871557, -4.46982e-12, -1, -8.49977e-12, -0.0871557, 8.857e-12, -0.996195, 0
3.05, 2025-07-03__00-41-11.799385, -0.0476114, -0.0815369, 0.0346156, -2.28744, -0.0353959, 2.15758, 0.74396, 0.000654157, -0.000706456, 0.000317037, -0.00123898, -0.000447133, -0.000187307, 0.00150516, -0.166906, 0.0373542, -0.18865, 0.0369029, -0.0237044, 0.167107, -0.302745, 0, 0, 0, 0, 0, 0, 0, 0.485612, -0.0154079, 0.142547, 0.486385, -0.0157403, 0.142593, 0.996195, -3.71201e-12, -0.0871557, -4.46982e-12, -1, -8.49977e-12, -0.0871557, 8.857e-12, -0.996195, 0
3.06, 2025-07-03__00-41-11.809383, -0.047617, -0.0815334, 0.0346146, -2.28744, -0.0353981, 2.15758, 0.743953, -0.000140032, -0.000579063, -0.0012455, 0.000508373, -0.000334674, 0.00050292, 8.49393e-06, -0.111534, 0.060581, -0.131978, 0.00152973, -0.0248104, 0.157672, -0.293457, 0, 0, 0, 0, 0, 0, 0, 0.485611, -0.0154058, 0.142543, 0.486385, -0.0157403, 0.142593, 0.996195, -3.71201e-12, -0.0871557, -4.46982e-12, -1, -8.49977e-12, -0.0871557, 8.857e-12, -0.996195, 0
3.07, 2025-07-03__00-41-11.819383, -0.04762, -0.0815362, 0.0346232, -2.28744, -0.0353965, 2.15758, 0.743952, -0.00254851, -0.00128754, 0.00210863, 0.000943196, 0.000402837, -0.00029362, -0.00716593, -0.135174, 0.0932243, -0.157982, -0.0168502, -0.0293102, 0.160336, -0.249925, 0, 0, 0, 0, 0, 0, 0, 0.485611, -0.0154062, 0.142544, 0.486385, -0.0157403, 0.142593, 0.996195, -3.71201e-12, -0.0871557, -4.46982e-12, -1, -8.49977e-12, -0.0871557, 8.857e-12, -0.996195, 0
3.08, 2025-07-03__00-41-11.829383, -0.0476143, -0.0815335, 0.0346145, -2.28744, -0.0353981, 2.15758, 0.743953, 0.000819671, -0.000172731, -0.000510358, -0.000308001, 0.000214504, 9.88092e-05, -0.00036211, -0.150504, 0.0328761, -0.171553, 0.0262846, -0.0278464, 0.163651, -0.291118, 0, 0, 0, 0, 0, 0, 0, 0.485611, -0.0154098, 0.142544, 0.486385, -0.0157403, 0.142593, 0.996195, -3.71201e-12, -0.0871557, -4.46982e-12, -1, -8.49977e-12, -0.0871557, 8.857e-12, -0.996195, 0
3.09, 2025-07-03__00-41-11.839382, -0.0476174, -0.0815309, 0.034622, -2.28744, -0.0353942, 2.15758, 0.743955, -0.000842896, 0.000907415, 0.00111272, 0.000302729, -0.000219885, -0.000162552, 0.000459205, -0.149684, 0.00306368, -0.171818, 0.0335226, -0.0254453, 0.165944, -0.296175, 0, 0, 0, 0, 0, 0, 0, 0.485606, -0.0154064, 0.142541, 0.486385, -0.0157403, 0.142593, 0.996195, -3.71201e-12, -0.0871557, -4.46982e-12, -1, -8.49977e-12, -0.0871557, 8.857e-12, -0.996195, 0
3.1, 2025-07-03__00-41-11.849384, -0.0476125, -0.0815309, 0.0346222, -2.28744, -0.0353935, 2.15758, 0.743956, 0.000938523, 0.000294142, 0.000920121, 0.00038013, 0.00033191, 7.00386e-05, 0.000642206, -0.187328, 0.0279912, -0.209392, 0.0210825, -0.0291475, 0.162614, -0.297315, 0, 0, 0, 0, 0, 0, 0, 0.485606, -0.0154077, 0.14254, 0.486385, -0.0157403, 0.142593, 0.996195, -3.71201e-12, -0.0871557, -4.46982e-12, -1, -8.49977e-12, -0.0871557, 8.857e-12, -0.996195, 0
3.11, 2025-07-03__00-41-11.859381, -0.0476143, -0.0815281, 0.0346171, -2.28744, -0.0353936, 2.15758, 0.743951, -0.000444269, 0.00419892, 8.16905e-05, 0.000163426, 0.000269066, 0.000437061, 0.00447434, -0.132458, -0.116767, -0.153714, 0.089618, -0.0281303, 0.169358, -0.320292, 0, 0, 0, 0, 0, 0, 0, 0.48561, -0.0154065, 0.142542, 0.486385, -0.0157403, 0.142593, 0.996195, -3.71201e-12, -0.0871557, -4.46982e-12, -1, -8.49977e-12, -0.0871557, 8.857e-12, -0.996195, 0
3.12, 2025-07-03__00-41-11.869383, -0.0476175, -0.0815363, 0.0346095, -2.28744, -0.0353948, 2.15758, 0.743956, -0.00161975, -0.0013457, -0.00275489, -0.00149723, -0.00082007, -0.000115478, -0.00114921, -0.0433623, 0.0517631, -0.0627816, 0.0300938, -0.0211508, 0.166682, -0.286721, 0, 0, 0, 0, 0, 0, 0, 0.485611, -0.0154045, 0.142543, 0.486385, -0.0157403, 0.142593, 0.996195, -3.71201e-12, -0.0871557, -4.46982e-12, -1, -8.49977e-12, -0.0871557, 8.857e-12, -0.996195, 0
3.13, 2025-07-03__00-41-11.879383, -0.0476146, -0.0815336, 0.0346146, -2.28743, -0.0353952, 2.15758, 0.743949, 4.16858e-05, 0.000152208, -0.000555099, 0.00265379, -0.000932899, -0.000149937, -0.00169718, -0.130908, 0.0712905, -0.151681, -0.0291562, -0.0219284, 0.156828, -0.282848, 0, 0, 0, 0, 0, 0, 0, 0.485612, -0.0154067, 0.142546, 0.486385, -0.0157403, 0.142593, 0.996195, -3.71201e-12, -0.0871557, -4.46982e-12, -1, -8.49977e-12, -0.0871557, 8.857e-12, -0.996195, 0
3.14, 2025-07-03__00-41-11.889382, -0.0476146, -0.0815362, 0.0346148, -2.28744, -0.0353935, 2.15758, 0.743954, 0.00101405, -0.00118909, -0.000659495, -0.000420747, 0.000214015, 0.000397563, -0.00726133, -0.152703, 0.068766, -0.173686, 0.0103361, -0.027788, 0.159849, -0.249413, 0, 0, 0, 0, 0, 0, 0, 0.48561, -0.0154076, 0.142543, 0.486385, -0.0157403, 0.142593, 0.996195, -3.71201e-12, -0.0871557, -4.46982e-12, -1, -8.49977e-12, -0.0871557, 8.857e-12, -0.996195, 0
3.15, 2025-07-03__00-41-11.899384, -0.0476174, -0.0815309, 0.0346201, -2.28745, -0.0353942, 2.15758, 0.743954, -0.00594831, 0.000813302, 7.74328e-06, -0.000628268, 4.95582e-05, -0.000145553, 0.00235593, -0.00850184, -0.0151232, -0.0296633, 0.0511289, -0.0266621, 0.169405, -0.307953, 0, 0, 0, 0, 0, 0, 0, 0.485606, -0.0154063, 0.142541, 0.486385, -0.0157403, 0.142593, 0.996195, -3.71201e-12, -0.0871557, -4.46982e-12, -1, -8.49977e-12, -0.0871557, 8.857e-12, -0.996195, 0
3.16, 2025-07-03__00-41-11.909382, -0.0476145, -0.0815334, 0.0346177, -2.28744, -0.0353942, 2.15758, 0.743956, -0.000861462, -0.000391045, -0.000864617, -0.00406192, -0.000714982, -8.03655e-05, 0.00358149, -0.105711, -0.0241645, -0.126712, 0.0989332, -0.0209559, 0.175969, -0.315148, 0, 0, 0, 0, 0, 0, 0, 0.485605, -0.0154056, 0.142539, 0.486385, -0.0157403, 0.142593, 0.996195, -3.71201e-12, -0.0871557, -4.46982e-12, -1, -8.49977e-12, -0.0871557, 8.857e-12, -0.996195, 0
3.17, 2025-07-03__00-41-11.919383, -0.0476166, -0.0815334, 0.0346174, -2.28744, -0.0353948, 2.15757, 0.743952, -0.000551922, -0.000221664, 9.31503e-05, 0.00252191, -0.000199049, -0.000343787, -0.000243021, -0.132568, 0.0802595, -0.153819, -0.0300862, -0.0266266, 0.158733, -0.291864, 0, 0, 0, 0, 0, 0, 0, 0.485611, -0.0154064, 0.142544, 0.486385, -0.0157403, 0.142593, 0.996195, -3.71201e-12, -0.0871557, -4.46982e-12, -1, -8.49977e-12, -0.0871557, 8.857e-12, -0.996195, 0
3.18, 2025-07-03__00-41-11.929384, -0.0476174, -0.0815387, 0.0346176, -2.28744, -0.0353942, 2.15758, 0.743951, -0.000316885, -0.00261265, -0.000823334, 0.000240758, 8.76965e-05, -0.00013773, 0.00219767, -0.119064, 0.129505, -0.139851, -0.0262355, -0.028089, 0.158348, -0.306658, 0, 0, 0, 0, 0, 0, 0, 0.485611, -0.0154066, 0.142543, 0.486385, -0.0157403, 0.142593, 0.996195, -3.71201e-12, -0.0871557, -4.46982e-12, -1, -8.49977e-12, -0.0871557, 8.857e-12, -0.996195, 0
3.19, 2025-07-03__00-41-11.939383, -0.0476191, -0.0815281, 0.0346255, -2.28744, -0.035391, 2.15758, 0.743951, -0.00115296, 0.00099295, 0.00415563, 0.000583465, -5.22515e-05, 0.000247645, -0.000566359, -0.212206, 0.00660816, -0.236502, 0.0292614, -0.026703, 0.162243, -0.289603, 0, 0, 0, 0, 0, 0, 0, 0.485611, -0.0154053, 0.142544, 0.486385, -0.0157403, 0.142593, 0.996195, -3.71201e-12, -0.0871557, -4.46982e-12, -1, -8.49977e-12, -0.0871557, 8.857e-12, -0.996195, 0
3.2, 2025-07-03__00-41-11.949384, -0.0476121, -0.0815309, 0.0346175, -2.28744, -0.0353939, 2.15758, 0.743952, 0.00113422, 0.000148273, -0.00149454, 0.00117282, 0.00031507, 6.83834e-05, 0.00047093, -0.135842, 0.0448271, -0.156074, 0.00195178, -0.0293367, 0.16014, -0.296198, 0, 0, 0, 0, 0, 0, 0, 0.485605, -0.0154046, 0.142539, 0.486385, -0.0157403, 0.142593, 0.996195, -3.71201e-12, -0.0871557, -4.46982e-12, -1, -8.49977e-12, -0.0871557, 8.857e-12, -0.996195, 0
3.21, 2025-07-03__00-41-11.959382, -0.0476144, -0.0815334, 0.0346202, -2.28744, -0.0353935, 2.15758, 0.743953, 0.000123952, -0.000429953, -0.000937565, 0.000140254, 0.00407049, 0.0002896, 0.00130546, -0.126427, 0.0499224, -0.147028, 0.0104016, -0.052556, 0.160575, -0.301584, 0, 0, 0, 0, 0, 0, 0, 0.485605, -0.0154036, 0.142539, 0.486385, -0.0157403, 0.142593, 0.996195, -3.71201e-12, -0.0871557, -4.46982e-12, -1, -8.49977e-12, -0.0871557, 8.857e-12, -0.996195, 0
3.22, 2025-07-03__00-41-11.969383, -0.0476145, -0.0815334, 0.0346177, -2.28745, -0.0353974, 2.15758, 0.74395, -0.000431926, -3.03513e-05, -0.000735775, -0.00174224, -0.000192762, 1.68331e-05, -0.000759062, -0.117913, 0.00076454, -0.138864, 0.0598243, -0.024594, 0.16936, -0.288547, 0, 0, 0, 0, 0, 0, 0, 0.485611, -0.0154035, 0.142544, 0.486385, -0.0157403, 0.142593, 0.996195, -3.71201e-12, -0.0871557, -4.46982e-12, -1, -8.49977e-12, -0.0871557, 8.857e-12, -0.996195, 0
3.23, 2025-07-03__00-41-11.979383, -0.0476174, -0.0815334, 0.0346171, -2.28744, -0.0353956, 2.15758, 0.743948, -8.48889e-05, -0.000369462, -0.00107425, 0.00106972, -0.00038435, -6.76817e-05, 4.32351e-05, -0.116833, 0.0614504, -0.13735, -0.00449484, -0.02484, 0.160317, -0.293368, 0, 0, 0, 0, 0, 0, 0, 0.485611, -0.0154062, 0.142544, 0.486385, -0.0157403, 0.142593, 0.996195, -3.71201e-12, -0.0871557, -4.46982e-12, -1, -8.49977e-12, -0.0871557, 8.857e-12, -0.996195, 0
3.24, 2025-07-03__00-41-11.989382, -0.0476174, -0.0815334, 0.03462, -2.28744, -0.0353945, 2.15758, 0.743955, -0.000587054, 0.000589217, 0.00069721, -0.00692875, -8.99973e-05, -0.000323205, 5.06942e-05, -0.147449, -0.106355, -0.169772, 0.174453, -0.0232539, 0.188389, -0.29353, 0, 0, 0, 0, 0, 0, 0, 0.485611, -0.015408, 0.142546, 0.486385, -0.0157403, 0.142593, 0.996195, -3.71201e-12, -0.0871557, -4.46982e-12, -1, -8.49977e-12, -0.0871557, 8.857e-12, -0.996195, 0
3.25, 2025-07-03__00-41-11.999383, -0.0476146, -0.0815387, 0.034622, -2.28744, -0.0353942, 2.15758, 0.743957, 0.00093574, -0.00137336, 0.000485648, -0.000444126, -3.50099e-05, 0.000121346, 0.00164334, -0.178207, 0.0762016, -0.200063, 0.00834245, -0.0268399, 0.16104, -0.303457, 0, 0, 0, 0, 0, 0, 0, 0.485611, -0.0154052, 0.142544, 0.486385, -0.0157403, 0.142593, 0.996195, -3.71201e-12, -0.0871557, -4.46982e-12, -1, -8.49977e-12, -0.0871557, 8.857e-12, -0.996195, 0
3.26, 2025-07-03__00-41-12.009383, -0.0476127, -0.0815312, 0.0346174, -2.28744, -0.0353974, 2.15758, 0.743951, 0.000571488, 2.03712e-05, -0.00117591, 0.000267923, 0.00218922, -0.00036484, -0.00084215, -0.130534, 0.0335436, -0.15101, 0.0186175, -0.0404041, 0.165699, -0.288278, 0, 0, 0, 0, 0, 0, 0, 0.48561, -0.0154073, 0.142542, 0.486385, -0.0157403, 0.142593, 0.996195, -3.71201e-12, -0.0871557, -4.46982e-12, -1, -8.49977e-12, -0.0871557, 8.857e-12, -0.996195, 0
3.27, 2025-07-03__00-41-12.019383, -0.0476171, -0.0815311, 0.0346193, -2.28744, -0.0353946, 2.15758, 0.743947, -0.000317132, 0.00043152, -0.000369648, 0.000254332, 0.000244982, -4.31519e-05, -0.0017439, -0.127881, 0.018876, -0.14893, 0.0256787, -0.0282199, 0.164407, -0.28246, 0, 0, 0, 0, 0, 0, 0, 0.485606, -0.0154082, 0.14254, 0.486385, -0.0157403, 0.142593, 0.996195, -3.71201e-12, -0.0871557, -4.46982e-12, -1, -8.49977e-12, -0.0871557, 8.857e-12, -0.996195, 0
3.28, 2025-07-03__00-41-12.029385, -0.0476174, -0.0815281, 0.0346202, -2.28744, -0.035398, 2.15757, 0.743954, 4.59789e-05, 0.000795982, -5.22384e-05, -0.00586914, -0.000223585, -6.95058e-05, 0.000258167, -0.144393, -0.0976653, -0.166146, 0.156893, -0.0226423, 0.184659, -0.294734, 0, 0, 0, 0, 0, 0, 0, 0.485611, -0.0154067, 0.142543, 0.486385, -0.0157403, 0.142593, 0.996195, -3.71201e-12, -0.0871557, -4.46982e-12, -1, -8.49977e-12, -0.0871557, 8.857e-12, -0.996195, 0
3.29, 2025-07-03__00-41-12.039383, -0.0476196, -0.0815309, 0.0346202, -2.28744, -0.0353942, 2.15758, 0.743954, -0.00128735, 0.000419793, -0.000361845, -4.98748e-05, -4.04455e-06, 4.79285e-05, 5.80159e-05, -0.105644, 0.0136334, -0.12671, 0.031227, -0.0266762, 0.164744, -0.293816, 0, 0, 0, 0, 0, 0, 0, 0.485611, -0.0154047, 0.142544, 0.486385, -0.0157403, 0.142593, 0.996195, -3.71201e-12, -0.0871557, -4.46982e-12, -1, -8.49977e-12, -0.0871557, 8.857e-12, -0.996195, 0
3.3, 2025-07-03__00-41-12.049384, -0.0476136, -0.0815309, 0.0346202, -2.28744, -0.0353942, 2.15758, 0.743953, 0.000198608, 0.000856246, -0.0003114, 0.00165097, -2.11685e-05, -0.000455118, 0.000480439, -0.141109, 0.0266011, -0.162142, 0.00601948, -0.0272814, 0.163779, -0.296259, 0, 0, 0, 0, 0, 0, 0, 0.485607, -0.0154025, 0.142541, 0.486385, -0.0157403, 0.142593, 0.996195, -3.71201e-12, -0.0871557, -4.46982e-12, -1, -8.49977e-12, -0.0871557, 8.857e-12, -0.996195, 0
3.31, 2025-07-03__00-41-12.059383, -0.047617, -0.0815309, 0.0346178, -2.28744, -0.0353942, 2.15758, 0.743947, -0.00168124, 0.00113825, 0.000325623, -0.00038115, -0.000165226, -0.000187349, -0.00132998, -0.112008, -0.0179052, -0.133526, 0.0509062, -0.0252666, 0.16892, -0.284949, 0, 0, 0, 0, 0, 0, 0, 0.485612, -0.0154055, 0.142546, 0.486385, -0.0157403, 0.142593, 0.996195, -3.71201e-12, -0.0871557, -4.46982e-12, -1, -8.49977e-12, -0.0871557, 8.857e-12, -0.996195, 0
3.32, 2025-07-03__00-41-12.069384, -0.0476138, -0.081531, 0.034623, -2.28744, -0.0353942, 2.15758, 0.743947, 0.0011861, 0.0010382, 0.000879225, 0.00518704, 0.000578847, 0.000351138, -0.00124658, -0.190472, 0.0827819, -0.212153, -0.0645755, -0.032367, 0.14765, -0.285472, 0, 0, 0, 0, 0, 0, 0, 0.485611, -0.0154075, 0.142544, 0.486385, -0.0157403, 0.142593, 0.996195, -3.71201e-12, -0.0871557, -4.46982e-12, -1, -8.49977e-12, -0.0871557, 8.857e-12, -0.996195, 0
3.33, 2025-07-03__00-41-12.079383, -0.0476117, -0.0815383, 0.0346156, -2.28744, -0.0353949, 2.15757, 0.743952, 0.0024773, -0.000996156, -0.00108394, -0.00194015, -0.000242376, -0.000274066, 0.000644702, -0.176773, 0.0363069, -0.1976, 0.0465066, -0.0247708, 0.169855, -0.297045, 0, 0, 0, 0, 0, 0, 0, 0.485611, -0.0154026, 0.142544, 0.486385, -0.0157403, 0.142593, 0.996195, -3.71201e-12, -0.0871557, -4.46982e-12, -1, -8.49977e-12, -0.0871557, 8.857e-12, -0.996195, 0
3.34, 2025-07-03__00-41-12.089382, -0.0476184, -0.0815309, 0.0346201, -2.28744, -0.0353981, 2.15758, 0.74395, -0.00182223, 0.000758065, 0.00635065, 0.000833951, -0.000165645, -0.000252384, 0.000262559, -0.24586, 0.0201879, -0.2717, 0.0218378, -0.025789, 0.164182, -0.294444, 0, 0, 0, 0, 0, 0, 0, 0.485611, -0.0154079, 0.142544, 0.486385, -0.0157403, 0.142593, 0.996195, -3.71201e-12, -0.0871557, -4.46982e-12, -1, -8.49977e-12, -0.0871557, 8.857e-12, -0.996195, 0
3.35, 2025-07-03__00-41-12.099384, -0.0476195, -0.0815309, 0.0346202, -2.28745, -0.0353942, 2.15758, 0.743953, -0.000578155, 0.00073634, -8.00429e-05, -0.00101229, 3.69674e-05, -0.000262627, 0.00135043, -0.128074, -0.0154108, -0.149433, 0.0591643, -0.0265455, 0.170666, -0.301495, 0, 0, 0, 0, 0, 0, 0, 0.485611, -0.0154038, 0.142544, 0.486385, -0.0157403, 0.142593, 0.996195, -3.71201e-12, -0.0871557, -4.46982e-12, -1, -8.49977e-12, -0.0871557, 8.857e-12, -0.996195, 0
3.36, 2025-07-03__00-41-12.109382, -0.0476174, -0.0815334, 0.0346202, -2.28744, -0.0353942, 2.15758, 0.743951, -0.000700604, 0.000256705, 0.000377614, 7.0985e-06, -3.11952e-05, -0.000202117, -7.44221e-05, -0.136372, 0.0217129, -0.157986, 0.0280496, -0.0265664, 0.165748, -0.292767, 0, 0, 0, 0, 0, 0, 0, 0.485612, -0.0154063, 0.142546, 0.486385, -0.0157403, 0.142593, 0.996195, -3.71201e-12, -0.0871557, -4.46982e-12, -1, -8.49977e-12, -0.0871557, 8.857e-12, -0.996195, 0
3.37, 2025-07-03__00-41-12.119383, -0.0476167, -0.0815309, 0.0346202, -2.28744, -0.0353929, 2.15758, 0.743947, -0.00407806, 0.000125981, 3.17588e-05, -0.000138386, 0.00048701, -4.8146e-05, -0.00097178, -0.0522387, 0.0208474, -0.0734405, 0.0277055, -0.0296553, 0.16534, -0.287342, 0, 0, 0, 0, 0, 0, 0, 0.485611, -0.0154038, 0.142543, 0.486385, -0.0157403, 0.142593, 0.996195, -3.71201e-12, -0.0871557, -4.46982e-12, -1, -8.49977e-12, -0.0871557, 8.857e-12, -0.996195, 0
3.38, 2025-07-03__00-41-12.129385, -0.0476142, -0.0815364, 0.0346177, -2.28744, -0.0353942, 2.15757, 0.743951, 0.00125713, -0.00197617, -0.0012952, 0.00220129, 1.03956e-05, -0.000150888, 0.000707547, -0.143967, 0.139317, -0.164339, -0.0542053, -0.0282571, 0.154476, -0.297599, 0, 0, 0, 0, 0, 0, 0, 0.485611, -0.0154038, 0.142543, 0.486385, -0.0157403, 0.142593, 0.996195, -3.71201e-12, -0.0871557, -4.46982e-12, -1, -8.49977e-12, -0.0871557, 8.857e-12, -0.996195, 0
3.39, 2025-07-03__00-41-12.139383, -0.0476144, -0.0815334, 0.034623, -2.28744, -0.0353942, 2.15758, 0.74395, -0.000262834, -5.13403e-05, 0.000879309, -0.00109613, -4.10308e-05, 9.47932e-05, -0.00010065, -0.159525, 0.0155595, -0.181615, 0.0445641, -0.0261036, 0.166296, -0.292478, 0, 0, 0, 0, 0, 0, 0, 0.48561, -0.0154009, 0.142542, 0.486385, -0.0157403, 0.142593, 0.996195, -3.71201e-12, -0.0871557, -4.46982e-12, -1, -8.49977e-12, -0.0871557, 8.857e-12, -0.996195, 0
3.4, 2025-07-03__00-41-12.149384, -0.0476146, -0.0815334, 0.034623, -2.28744, -0.035395, 2.15758, 0.743948, 0.000554576, -0.000299455, 0.000428725, -0.000708808, -0.000951087, -0.000128294, -0.00049197, -0.167839, 0.0304948, -0.18964, 0.0336957, -0.0205634, 0.166069, -0.289917, 0, 0, 0, 0, 0, 0, 0, 0.485612, -0.0154029, 0.142546, 0.486385, -0.0157403, 0.142593, 0.996195, -3.71201e-12, -0.0871557, -4.46982e-12, -1, -8.49977e-12, -0.0871557, 8.857e-12, -0.996195, 0
3.41, 2025-07-03__00-41-12.159382, -0.0476121, -0.0815318, 0.0346202, -2.28745, -0.0353938, 2.15758, 0.743951, -0.00062138, 0.000535146, 0.00116228, 0.00249756, 0.00680324, 0.00017543, 0.00113628, -0.156671, 0.0539952, -0.178513, -0.0191614, -0.0703822, 0.156503, -0.300582, 0, 0, 0, 0, 0, 0, 0, 0.485611, -0.0154055, 0.142544, 0.486385, -0.0157403, 0.142593, 0.996195, -3.71201e-12, -0.0871557, -4.46982e-12, -1, -8.49977e-12, -0.0871557, 8.857e-12, -0.996195, 0
3.42, 2025-07-03__00-41-12.169384, -0.0476175, -0.0815309, 0.0346202, -2.28744, -0.0353929, 2.15758, 0.743947, -0.00201355, 0.000558319, 0.00145365, 0.00584322, 0.000951023, 5.36697e-05, -0.000604428, -0.12959, 0.108447, -0.151485, -0.0857104, -0.0350849, 0.146958, -0.289556, 0, 0, 0, 0, 0, 0, 0, 0.485607, -0.0154066, 0.142542, 0.486385, -0.0157403, 0.142593, 0.996195, -3.71201e-12, -0.0871557, -4.46982e-12, -1, -8.49977e-12, -0.0871557, 8.857e-12, -0.996195, 0
3.43, 2025-07-03__00-41-12.179383, -0.047617, -0.0815362, 0.0346184, -2.28744, -0.035394, 2.15758, 0.743953, 1.15209e-05, -0.000765969, 0.00358306, -0.00623022, 0.000448241, 0.000189929, 0.00176523, -0.22715, -0.0415541, -0.251533, 0.136266, -0.027334, 0.179352, -0.303698, 0, 0, 0, 0, 0, 0, 0, 0.485608, -0.0154071, 0.142544, 0.486385, -0.0157403, 0.142593, 0.996195, -3.71201e-12, -0.0871557, -4.46982e-12, -1, -8.49977e-12, -0.0871557, 8.857e-12, -0.996195, 0
3.44, 2025-07-03__00-41-12.189382, -0.0476174, -0.0815309, 0.0346181, -2.28744, -0.0353935, 2.15758, 0.743951, -0.000458741, 0.000624546, 0.000380724, -0.000809595, 0.000262901, 0.000288303, 0.00065117, -0.141381, -0.0047155, -0.163027, 0.0495655, -0.0280893, 0.165667, -0.297149, 0, 0, 0, 0, 0, 0, 0, 0.485605, -0.0154051, 0.142539, 0.486385, -0.0157403, 0.142593, 0.996195, -3.71201e-12, -0.0871557, -4.46982e-12, -1, -8.49977e-12, -0.0871557, 8.857e-12, -0.996195, 0
3.45, 2025-07-03__00-41-12.199384, -0.0476195, -0.0815387, 0.0346174, -2.28744, -0.0353948, 2.15758, 0.743945, -0.00663077, -0.00215985, -0.000139849, -0.000731871, -0.000253133, -0.000321653, -0.00151872, 0.00908739, 0.0925781, -0.01198, 0.000626811, -0.0249604, 0.164255, -0.284037, 0, 0, 0, 0, 0, 0, 0, 0.48561, -0.0154075, 0.142543, 0.486385, -0.0157403, 0.142593, 0.996195, -3.71201e-12, -0.0871557, -4.46982e-12, -1, -8.49977e-12, -0.0871557, 8.857e-12, -0.996195, 0
3.46, 2025-07-03__00-41-12.209382, -0.0476164, -0.0815281, 0.0346223, -2.28744, -0.0353942, 2.15758, 0.74395, -0.0011021, 0.00145249, 0.000810511, -0.000563927, 9.04904e-05, -0.000285418, -0.000713298, -0.137092, -0.0325399, -0.159023, 0.0607982, -0.0268153, 0.170758, -0.288794, 0, 0, 0, 0, 0, 0, 0, 0.485611, -0.0154039, 0.142544, 0.486385, -0.0157403, 0.142593, 0.996195, -3.71201e-12, -0.0871557, -4.46982e-12, -1, -8.49977e-12, -0.0871557, 8.857e-12, -0.996195, 0
3.47, 2025-07-03__00-41-12.219383, -0.0476146, -0.0815281, 0.0346202, -2.28744, -0.0353948, 2.15758, 0.743956, -0.00186117, -0.00123679, 0.000351653, 0.00345119, -0.000117226, 0.00048274, 0.001361, -0.110302, 0.131516, -0.131673, -0.0681212, -0.0277562, 0.147522, -0.30195, 0, 0, 0, 0, 0, 0, 0, 0.485606, -0.0154077, 0.142541, 0.486385, -0.0157403, 0.142593, 0.996195, -3.71201e-12, -0.0871557, -4.46982e-12, -1, -8.49977e-12, -0.0871557, 8.857e-12, -0.996195, 0
3.48, 2025-07-03__00-41-12.229386, -0.0476142, -0.0815334, 0.0346209, -2.28744, -0.0353942, 2.15758, 0.743946, -0.000260163, -0.000324986, -0.000471418, 0.00156899, 2.02661e-05, 0.000100489, -0.00057451, -0.128083, 0.0690154, -0.148994, -0.0143669, -0.0275972, 0.157703, -0.289532, 0, 0, 0, 0, 0, 0, 0, 0.485611, -0.0154021, 0.142544, 0.486385, -0.0157403, 0.142593, 0.996195, -3.71201e-12, -0.0871557, -4.46982e-12, -1, -8.49977e-12, -0.0871557, 8.857e-12, -0.996195, 0
3.49, 2025-07-03__00-41-12.239411, -0.0476149, -0.0815334, 0.0346209, -2.28745, -0.0353942, 2.15758, 0.743948, 4.54368e-06, -0.000667129, -0.00096728, -0.0013569, 1.79164e-05, -0.000314689, -0.000815973, -0.123534, 0.0294311, -0.144321, 0.0423064, -0.0263825, 0.169081, -0.288115, 0, 0, 0, 0, 0, 0, 0, 0.485611, -0.0154018, 0.142543, 0.486385, -0.0157403, 0.142593, 0.996195, -3.71201e-12, -0.0871557, -4.46982e-12, -1, -8.49977e-12, -0.0871557, 8.857e-12, -0.996195, 0
3.5, 2025-07-03__00-41-12.249388, -0.0476173, -0.0815309, 0.0346234, -2.28744, -0.0353944, 2.15758, 0.743953, -0.000201137, 0.000600784, -0.000481944, 0.000537802, -0.00392641, 0.000127427, 0.00102575, -0.12838, 0.0172119, -0.149471, 0.0239644, -0.00242815, 0.16258, -0.299317, 0, 0, 0, 0, 0, 0, 0, 0.485611, -0.0154037, 0.142543, 0.486385, -0.0157403, 0.142593, 0.996195, -3.71201e-12, -0.0871557, -4.46982e-12, -1, -8.49977e-12, -0.0871557, 8.857e-12, -0.996195, 0
3.51, 2025-07-03__00-41-12.259387, -0.0476136, -0.0815334, 0.0346209, -2.28744, -0.0353941, 2.15758, 0.743951, 0.000869748, -0.000307832, -0.00087375, 0.000912245, -0.00543749, 0.000114022, 0.000885251, -0.144574, 0.0569709, -0.165433, 0.00154261, 0.00667182, 0.159421, -0.298242, 0, 0, 0, 0, 0, 0, 0, 0.485607, -0.015402, 0.142542, 0.486385, -0.0157403, 0.142593, 0.996195, -3.71201e-12, -0.0871557, -4.46982e-12, -1, -8.49977e-12, -0.0871557, 8.857e-12, -0.996195, 0
3.52, 2025-07-03__00-41-12.269385, -0.0476198, -0.0815309, 0.0346209, -2.28745, -0.0353948, 2.15757, 0.743951, -0.00122994, 0.000722947, -0.00101136, -0.00164826, -0.000367812, -0.000458378, 0.00113338, -0.0923231, -0.0274379, -0.113035, 0.0724751, -0.0236756, 0.174779, -0.300095, 0, 0, 0, 0, 0, 0, 0, 0.485611, -0.0154024, 0.142544, 0.486385, -0.0157403, 0.142593, 0.996195, -3.71201e-12, -0.0871557, -4.46982e-12, -1, -8.49977e-12, -0.0871557, 8.857e-12, -0.996195, 0
3.53, 2025-07-03__00-41-12.279380, -0.0476089, -0.0815309, 0.0346283, -2.28744, -0.0353956, 2.15757, 0.743954, 0.00124892, 0.000710572, 0.00231868, 0.000188374, -0.00030126, -0.000100645, 0.00100094, -0.228048, 0.0105128, -0.251196, 0.0335326, -0.0249499, 0.165744, -0.2992, 0, 0, 0, 0, 0, 0, 0, 0.485608, -0.0154041, 0.142544, 0.486385, -0.0157403, 0.142593, 0.996195, -3.71201e-12, -0.0871557, -4.46982e-12, -1, -8.49977e-12, -0.0871557, 8.857e-12, -0.996195, 0
3.54, 2025-07-03__00-41-12.289386, -0.0476139, -0.0815334, 0.0346262, -2.28744, -0.0353948, 2.15757, 0.74395, 0.000289291, -0.000283123, 0.000761343, -0.000939492, -9.24077e-05, -0.00018259, 0.000663006, -0.17025, 0.0259706, -0.192298, 0.0387655, -0.0259323, 0.167849, -0.297073, 0, 0, 0, 0, 0, 0, 0, 0.485611, -0.0154025, 0.142543, 0.486385, -0.0157403, 0.142593, 0.996195, -3.71201e-12, -0.0871557, -4.46982e-12, -1, -8.49977e-12, -0.0871557, 8.857e-12, -0.996195, 0
3.55, 2025-07-03__00-41-12.299387, -0.0476121, -0.0815335, 0.0346212, -2.28744, -0.0353903, 2.15758, 0.743946, 0.000486514, 8.60959e-05, -6.89861e-05, -7.95939e-06, 0.000356519, 0.000148211, -0.000973666, -0.154828, 0.0289401, -0.176132, 0.0244081, -0.029194, 0.162953, -0.287037, 0, 0, 0, 0, 0, 0, 0, 0.485612, -0.0154034, 0.142546, 0.486385, -0.0157403, 0.142593, 0.996195, -3.71201e-12, -0.0871557, -4.46982e-12, -1, -8.49977e-12, -0.0871557, 8.857e-12, -0.996195, 0
3.56, 2025-07-03__00-41-12.309383, -0.0476099, -0.0815309, 0.0346209, -2.28744, -0.0353903, 2.15758, 0.743948, 0.00156448, 0.000908084, 0.00206595, 0.00609987, -0.00185587, 0.000205142, -0.000177951, -0.226175, 0.103092, -0.248697, -0.0833581, -0.017858, 0.145353, -0.291796, 0, 0, 0, 0, 0, 0, 0, 0.485608, -0.0154075, 0.142545, 0.486385, -0.0157403, 0.142593, 0.996195, -3.71201e-12, -0.0871557, -4.46982e-12, -1, -8.49977e-12, -0.0871557, 8.857e-12, -0.996195, 0
3.57, 2025-07-03__00-41-12.319383, -0.0476184, -0.081531, 0.0346203, -2.28744, -0.0353938, 2.15757, 0.743947, -0.000460468, 0.000292117, 0.000331926, 0.000727649, -0.000280126, -0.000145276, -0.000555936, -0.140392, 0.0316427, -0.161929, 0.0147575, -0.0252931, 0.163962, -0.2896, 0, 0, 0, 0, 0, 0, 0, 0.485608, -0.0154058, 0.142544, 0.486385, -0.0157403, 0.142593, 0.996195, -3.71201e-12, -0.0871557, -4.46982e-12, -1, -8.49977e-12, -0.0871557, 8.857e-12, -0.996195, 0
3.58, 2025-07-03__00-41-12.329386, -0.0476199, -0.0815309, 0.0346232, -2.28745, -0.0353934, 2.15758, 0.743953, -0.00120468, 0.000190076, 0.000220509, -0.00128781, 0.000303461, 0.000105554, 0.0006809, -0.121813, 9.30276e-05, -0.143404, 0.0543193, -0.0281765, 0.167849, -0.297484, 0, 0, 0, 0, 0, 0, 0, 0.485607, -0.0154039, 0.142541, 0.486385, -0.0157403, 0.142593, 0.996195, -3.71201e-12, -0.0871557, -4.46982e-12, -1, -8.49977e-12, -0.0871557, 8.857e-12, -0.996195, 0
3.59, 2025-07-03__00-41-12.339347, -0.0476174, -0.0815334, 0.0346227, -2.28744, -0.0353948, 2.15758, 0.74395, 0.000322602, -0.00013532, 0.000561637, 0.00123816, -0.000168289, 7.16767e-05, 0.000274496, -0.164345, 0.0577717, -0.186081, -0.00392325, -0.0263128, 0.159121, -0.294786, 0, 0, 0, 0, 0, 0, 0, 0.485611, -0.0154097, 0.142544, 0.486385, -0.0157403, 0.142593, 0.996195, -3.71201e-12, -0.0871557, -4.46982e-12, -1, -8.49977e-12, -0.0871557, 8.857e-12, -0.996195, 0
3.6, 2025-07-03__00-41-12.349385, -0.0476192, -0.0815309, 0.0346262, -2.28744, -0.0353942, 2.15757, 0.743951, -0.00162883, 0.000581411, 0.00133533, 0.000512584, 0.00695754, -0.000273592, 0.000639599, -0.137849, 0.0186856, -0.159945, 0.0213523, -0.0704796, 0.166258, -0.297555, 0, 0, 0, 0, 0, 0, 0, 0.485611, -0.0154026, 0.142544, 0.486385, -0.0157403, 0.142593, 0.996195, -3.71201e-12, -0.0871557, -4.46982e-12, -1, -8.49977e-12, -0.0871557, 8.857e-12, -0.996195, 0
3.61, 2025-07-03__00-41-12.359384, -0.0476174, -0.0815311, 0.0346234, -2.28744, -0.0353942, 2.15758, 0.743954, -0.000525608, 0.000571232, 0.00017622, -0.000422214, 0.000438494, 0.000247938, 0.00100532, -0.136347, 0.00354539, -0.157862, 0.0407838, -0.0293412, 0.164663, -0.29951, 0, 0, 0, 0, 0, 0, 0, 0.485607, -0.0154027, 0.142543, 0.486385, -0.0157403, 0.142593, 0.996195, -3.71201e-12, -0.0871557, -4.46982e-12, -1, -8.49977e-12, -0.0871557, 8.857e-12, -0.996195, 0
3.62, 2025-07-03__00-41-12.369383, -0.0476164, -0.0815281, 0.0346234, -2.28744, -0.0353935, 2.15757, 0.743947, -0.00062273, 0.00163532, -0.000193496, -0.000327628, 0.00022209, -0.000252125, -0.000361532, -0.125197, -0.0356084, -0.146391, 0.0590404, -0.0277684, 0.170938, -0.290794, 0, 0, 0, 0, 0, 0, 0, 0.485607, -0.015402, 0.142541, 0.486385, -0.0157403, 0.142593, 0.996195, -3.71201e-12, -0.0871557, -4.46982e-12, -1, -8.49977e-12, -0.0871557, 8.857e-12, -0.996195, 0
3.63, 2025-07-03__00-41-12.379386, -0.0476117, -0.0815362, 0.0346233, -2.28744, -0.0353942, 2.15757, 0.743944, 0.000435413, -0.00118014, 0.000119192, -0.000302904, -2.85006e-05, -0.000316995, -0.00162327, -0.159442, 0.0689577, -0.18097, 0.0106703, -0.0266225, 0.164956, -0.282942, 0, 0, 0, 0, 0, 0, 0, 0.485611, -0.0154027, 0.142543, 0.486385, -0.0157403, 0.142593, 0.996195, -3.71201e-12, -0.0871557, -4.46982e-12, -1, -8.49977e-12, -0.0871557, 8.857e-12, -0.996195, 0
3.64, 2025-07-03__00-41-12.389386, -0.0476139, -0.0815336, 0.0346234, -2.28745, -0.0353942, 2.15758, 0.743949, 0.000190128, 0.000635792, -0.000608041, -0.00096589, -0.0019866, 3.7194e-06, -0.00121357, -0.135699, -0.00971303, -0.156764, 0.0562315, -0.0137465, 0.168398, -0.28559, 0, 0, 0, 0, 0, 0, 0, 0.485607, -0.0154042, 0.142542, 0.486385, -0.0157403, 0.142593, 0.996195, -3.71201e-12, -0.0871557, -4.46982e-12, -1, -8.49977e-12, -0.0871557, 8.857e-12, -0.996195, 0
3.65, 2025-07-03__00-41-12.399385, -0.0476199, -0.0815309, 0.0346233, -2.28744, -0.0353942, 2.15758, 0.743951, -0.00146855, 0.00104763, -0.000838384, 0.00224895, -0.000170841, 0.000129014, 0.000677424, -0.0903626, 0.0294582, -0.110918, -0.00512269, -0.0264979, 0.158578, -0.297473, 0, 0, 0, 0, 0, 0, 0, 0.485607, -0.0154024, 0.142541, 0.486385, -0.0157403, 0.142593, 0.996195, -3.71201e-12, -0.0871557, -4.46982e-12, -1, -8.49977e-12, -0.0871557, 8.857e-12, -0.996195, 0
3.66, 2025-07-03__00-41-12.409384, -0.0476173, -0.0815362, 0.0346232, -2.28744, -0.0353948, 2.15757, 0.743946, -0.00662967, -0.00118077, -0.000555905, -7.43316e-05, -0.000367357, -0.000148453, -0.00117818, 0.0175675, 0.0676581, -0.0031745, 0.00387127, -0.0243617, 0.163929, -0.286171, 0, 0, 0, 0, 0, 0, 0, 0.485607, -0.015404, 0.142542, 0.486385, -0.0157403, 0.142593, 0.996195, -3.71201e-12, -0.0871557, -4.46982e-12, -1, -8.49977e-12, -0.0871557, 8.857e-12, -0.996195, 0
3.67, 2025-07-03__00-41-12.419386, -0.0476114, -0.0815281, 0.0346209, -2.28744, -0.0353942, 2.15757, 0.743949, -2.64805e-05, 0.00137582, -0.000699736, -0.00126101, 0.00070935, -0.000309697, 0.00241778, -0.128025, -0.0419069, -0.148917, 0.0734635, -0.0306426, 0.173553, -0.307758, 0, 0, 0, 0, 0, 0, 0, 0.485608, -0.0154025, 0.142544, 0.486385, -0.0157403, 0.142593, 0.996195, -3.71201e-12, -0.0871557, -4.46982e-12, -1, -8.49977e-12, -0.0871557, 8.857e-12, -0.996195, 0
3.68, 2025-07-03__00-41-12.429389, -0.0476139, -0.0815309, 0.0346234, -2.28744, -0.0353953, 2.15758, 0.743948, 0.000792328, 0.000128443, 0.000168632, -0.0010776, -0.00011725, 0.000122144, -0.000594154, -0.167393, 0.00882182, -0.189014, 0.0476205, -0.0255181, 0.166461, -0.289344, 0, 0, 0, 0, 0, 0, 0, 0.485611, -0.0154032, 0.142543, 0.486385, -0.0157403, 0.142593, 0.996195, -3.71201e-12, -0.0871557, -4.46982e-12, -1, -8.49977e-12, -0.0871557, 8.857e-12, -0.996195, 0
3.69, 2025-07-03__00-41-12.439385, -0.0476125, -0.081533, 0.0346234, -2.28744, -0.0353935, 2.15758, 0.743946, -0.000458071, 0.00106514, -4.93961e-05, -0.0045466, 0.00546644, 0.000278066, -0.00104656, -0.134757, -0.0816792, -0.156219, 0.130008, -0.0588644, 0.178213, -0.286841, 0, 0, 0, 0, 0, 0, 0, 0.485611, -0.0154072, 0.142546, 0.486385, -0.0157403, 0.142593, 0.996195, -3.71201e-12, -0.0871557, -4.46982e-12, -1, -8.49977e-12, -0.0871557, 8.857e-12, -0.996195, 0
3.7, 2025-07-03__00-41-12.449385, -0.0476196, -0.0815334, 0.0346209, -2.28744, -0.0353942, 2.15757, 0.743952, -0.000583213, -0.000191574, -0.000897179, 0.000407448, 0.000279162, -0.00018115, 0.0013064, -0.10986, 0.0434782, -0.130541, 0.0121666, -0.0288526, 0.164205, -0.301295, 0, 0, 0, 0, 0, 0, 0, 0.485611, -0.0154057, 0.142544, 0.486385, -0.0157403, 0.142593, 0.996195, -3.71201e-12, -0.0871557, -4.46982e-12, -1, -8.49977e-12, -0.0871557, 8.857e-12, -0.996195, 0
3.71, 2025-07-03__00-41-12.459384, -0.0476195, -0.0815309, 0.0346236, -2.28744, -0.0353897, 2.15758, 0.743945, -0.000781828, 0.000715798, 0.000314913, 0.000175531, 0.00987753, 0.000475806, -0.00130033, -0.133512, 0.0103964, -0.154796, 0.0265331, -0.0886936, 0.161849, -0.28569, 0, 0, 0, 0, 0, 0, 0, 0.485602, -0.0154053, 0.142539, 0.486385, -0.0157403, 0.142593, 0.996195, -3.71201e-12, -0.0871557, -4.46982e-12, -1, -8.49977e-12, -0.0871557, 8.857e-12, -0.996195, 0
3.72, 2025-07-03__00-41-12.469387, -0.0476124, -0.0815334, 0.0346234, -2.28744, -0.0353935, 2.15758, 0.743946, 0.000371338, 0.000115611, -0.000233458, 0.000144094, 0.000658365, 0.000118299, 0.00497595, -0.148524, 0.0303138, -0.169698, 0.021592, -0.0313512, 0.162656, -0.323114, 0, 0, 0, 0, 0, 0, 0, 0.485608, -0.0154036, 0.142545, 0.486385, -0.0157403, 0.142593, 0.996195, -3.71201e-12, -0.0871557, -4.46982e-12, -1, -8.49977e-12, -0.0871557, 8.857e-12, -0.996195, 0
3.73, 2025-07-03__00-41-12.479387, -0.0476138, -0.0815334, 0.0346242, -2.28744, -0.0353935, 2.15758, 0.743945, 0.000344897, -0.00045019, 2.37258e-07, -0.00225748, 2.32777e-05, 1.5071e-06, 0.000328463, -0.154257, 0.00994498, -0.175808, 0.0615058, -0.0261572, 0.16964, -0.294786, 0, 0, 0, 0, 0, 0, 0, 0.485606, -0.0154023, 0.142539, 0.486385, -0.0157403, 0.142593, 0.996195, -3.71201e-12, -0.0871557, -4.46982e-12, -1, -8.49977e-12, -0.0871557, 8.857e-12, -0.996195, 0
3.74, 2025-07-03__00-41-12.489385, -0.0476163, -0.0815355, 0.0346234, -2.28744, -0.0353948, 2.15757, 0.743946, -7.20358e-05, -0.000399298, -0.000713387, -0.0010399, -0.000184181, -0.000230185, -0.0012013, -0.127569, 0.0276703, -0.148519, 0.0382119, -0.0251768, 0.168433, -0.285644, 0, 0, 0, 0, 0, 0, 0, 0.485611, -0.0154035, 0.142544, 0.486385, -0.0157403, 0.142593, 0.996195, -3.71201e-12, -0.0871557, -4.46982e-12, -1, -8.49977e-12, -0.0871557, 8.857e-12, -0.996195, 0
3.75, 2025-07-03__00-41-12.499386, -0.0476092, -0.0815302, 0.0346234, -2.28745, -0.0353948, 2.15758, 0.743941, 0.00262478, 0.00141161, -0.00114284, -0.000982986, -0.000719216, 0.000321006, -0.00108113, -0.179367, -0.0366501, -0.200071, 0.0690532, -0.0215308, 0.167815, -0.2859, 0, 0, 0, 0, 0, 0, 0, 0.485611, -0.0154014, 0.142544, 0.486385, -0.0157403, 0.142593, 0.996195, -3.71201e-12, -0.0871557, -4.46982e-12, -1, -8.49977e-12, -0.0871557, 8.857e-12, -0.996195, 0
3.76, 2025-07-03__00-41-12.509379, -0.047617, -0.0815334, 0.0346262, -2.28745, -0.035393, 2.15758, 0.743948, -0.00095521, -0.000406579, 0.00203211, -0.0057713, 2.22125e-05, -6.50082e-05, -0.000717911, -0.171492, -0.0517881, -0.194728, 0.135879, -0.0245821, 0.181159, -0.288471, 0, 0, 0, 0, 0, 0, 0, 0.48561, -0.0154071, 0.142543, 0.486385, -0.0157403, 0.142593, 0.996195, -3.71201e-12, -0.0871557, -4.46982e-12, -1, -8.49977e-12, -0.0871557, 8.857e-12, -0.996195, 0
3.77, 2025-07-03__00-41-12.519384, -0.0476192, -0.0815281, 0.0346236, -2.28744, -0.0353935, 2.15758, 0.743941, -0.000562363, 0.00116, 0.000628507, 0.0001329, 0.000528957, 0.000363135, 0.000530008, -0.144944, -0.00869675, -0.166685, 0.0396697, -0.0299983, 0.163481, -0.295856, 0, 0, 0, 0, 0, 0, 0, 0.485608, -0.0154053, 0.142544, 0.486385, -0.0157403, 0.142593, 0.996195, -3.71201e-12, -0.0871557, -4.46982e-12, -1, -8.49977e-12, -0.0871557, 8.857e-12, -0.996195, 0
3.78, 2025-07-03__00-41-12.529385, -0.0476173, -0.0815336, 0.0346181, -2.28745, -0.0353949, 2.15757, 0.743946, 0.000965166, -0.000189288, 7.45507e-05, -0.000891238, -0.000139926, -0.000124768, 0.000992901, -0.167294, 0.0218354, -0.188811, 0.041112, -0.0256212, 0.167809, -0.298835, 0, 0, 0, 0, 0, 0, 0, 0.485608, -0.0154047, 0.142544, 0.486385, -0.0157403, 0.142593, 0.996195, -3.71201e-12, -0.0871557, -4.46982e-12, -1, -8.49977e-12, -0.0871557, 8.857e-12, -0.996195, 0
3.79, 2025-07-03__00-41-12.539386, -0.0476132, -0.0815331, 0.0346262, -2.28744, -0.0353929, 2.15758, 0.743946, 7.74587e-06, -0.000742389, -0.000474725, -0.000468666, 0.000468064, 0.000284489, 0.000323051, -0.136252, 0.0503755, -0.157334, 0.0192113, -0.0297571, 0.161709, -0.294951, 0, 0, 0, 0, 0, 0, 0, 0.485607, -0.0154034, 0.142543, 0.486385, -0.0157403, 0.142593, 0.996195, -3.71201e-12, -0.0871557, -4.46982e-12, -1, -8.49977e-12, -0.0871557, 8.857e-12, -0.996195, 0
3.8, 2025-07-03__00-41-12.549387, -0.0476145, -0.0815335, 0.0346211, -2.28744, -0.0353949, 2.15758, 0.743947, 0.00110946, -0.000208917, 0.00227579, 0.000683614, -0.0069084, 8.57224e-05, -0.00115759, -0.221497, 0.0517171, -0.244692, 0.00953502, 0.0161527, 0.160183, -0.285322, 0, 0, 0, 0, 0, 0, 0, 0.485606, -0.0154038, 0.14254, 0.486385, -0.0157403, 0.142593, 0.996195, -3.71201e-12, -0.0871557, -4.46982e-12, -1, -8.49977e-12, -0.0871557, 8.857e-12, -0.996195, 0
3.81, 2025-07-03__00-41-12.559386, -0.0476104, -0.081533, 0.0346287, -2.28744, -0.0353909, 2.15758, 0.743947, 0.00198122, 0.00045489, 0.00227719, -0.00016327, -0.00026277, -5.40435e-06, 0.000712658, -0.243806, 0.0153942, -0.266938, 0.0355362, -0.0253389, 0.164814, -0.297032, 0, 0, 0, 0, 0, 0, 0, 0.485611, -0.0154077, 0.142544, 0.486385, -0.0157403, 0.142593, 0.996195, -3.71201e-12, -0.0871557, -4.46982e-12, -1, -8.49977e-12, -0.0871557, 8.857e-12, -0.996195, 0
3.82, 2025-07-03__00-41-12.569382, -0.0476143, -0.0815335, 0.0346255, -2.28744, -0.0353945, 2.15757, 0.743943, -0.00036747, -0.00053286, -0.00112412, -0.000182963, -0.000234341, -0.00029372, -0.00153615, -0.112367, 0.0454543, -0.132957, 0.0190211, -0.0252126, 0.166094, -0.283502, 0, 0, 0, 0, 0, 0, 0, 0.485611, -0.0154007, 0.142543, 0.486385, -0.0157403, 0.142593, 0.996195, -3.71201e-12, -0.0871557, -4.46982e-12, -1, -8.49977e-12, -0.0871557, 8.857e-12, -0.996195, 0
3.83, 2025-07-03__00-41-12.579400, -0.0476145, -0.0815309, 0.0346236, -2.28744, -0.0353942, 2.15757, 0.743944, 0.000847041, 0.00109819, 6.10117e-05, 0.00106313, 0.000321485, -0.0094043, 0.0024965, -0.163743, -0.0105089, -0.18511, 0.0496217, -0.0294475, 0.228289, -0.307682, 0, 0, 0, 0, 0, 0, 0, 0.485608, -0.0154036, 0.142544, 0.486385, -0.0157403, 0.142593, 0.996195, -3.71201e-12, -0.0871557, -4.46982e-12, -1, -8.49977e-12, -0.0871557, 8.857e-12, -0.996195, 0
3.84, 2025-07-03__00-41-12.589384, -0.0476173, -0.0815313, 0.0346237, -2.28744, -0.0353948, 2.15757, 0.743942, -8.22059e-05, -2.44114e-06, 0.000650862, -0.00167644, -0.000156672, -0.000819709, -0.00164207, -0.157988, 0.00103968, -0.179953, 0.0606374, -0.0249816, 0.175247, -0.282624, 0, 0, 0, 0, 0, 0, 0, 0.485611, -0.0154058, 0.142543, 0.486385, -0.0157403, 0.142593, 0.996195, -3.71201e-12, -0.0871557, -4.46982e-12, -1, -8.49977e-12, -0.0871557, 8.857e-12, -0.996195, 0
3.85, 2025-07-03__00-41-12.599386, -0.0476146, -0.0815309, 0.0346234, -2.28744, -0.0353942, 2.15757, 0.743941, 0.000839375, -2.94723e-05, -6.1911e-05, 0.00105855, -0.00930822, -0.000122984, -0.0015954, -0.162425, 0.0476866, -0.18394, 0.00662052, 0.031079, 0.161846, -0.282307, 0, 0, 0, 0, 0, 0, 0, 0.485606, -0.0154062, 0.142541, 0.486385, -0.0157403, 0.142593, 0.996195, -3.71201e-12, -0.0871557, -4.46982e-12, -1, -8.49977e-12, -0.0871557, 8.857e-12, -0.996195, 0
3.86, 2025-07-03__00-41-12.609391, -0.0476173, -0.0815309, 0.0346237, -2.28744, -0.0353935, 2.15758, 0.743942, -0.00019407, 0.000312115, -0.000371948, -0.000581486, 0.00047303, -9.75522e-05, 0.000708597, -0.131722, 0.00913918, -0.152827, 0.0406614, -0.0295336, 0.167009, -0.297019, 0, 0, 0, 0, 0, 0, 0, 0.485611, -0.0154056, 0.142544, 0.486385, -0.0157403, 0.142593, 0.996195, -3.71201e-12, -0.0871557, -4.46982e-12, -1, -8.49977e-12, -0.0871557, 8.857e-12, -0.996195, 0
3.87, 2025-07-03__00-41-12.619377, -0.0476145, -0.081533, 0.0346238, -2.28744, -0.0353935, 2.15758, 0.743946, 0.000137556, 0.000264511, -0.000629459, -0.000262131, 0.000182619, 0.000286406, 0.00112046, -0.134032, 0.0177881, -0.154962, 0.031994, -0.0278985, 0.163215, -0.299749, 0, 0, 0, 0, 0, 0, 0, 0.485607, -0.0154051, 0.142542, 0.486385, -0.0157403, 0.142593, 0.996195, -3.71201e-12, -0.0871557, -4.46982e-12, -1, -8.49977e-12, -0.0871557, 8.857e-12, -0.996195, 0
3.88, 2025-07-03__00-41-12.629385, -0.0476174, -0.0815309, 0.0346236, -2.28744, -0.03539, 2.15757, 0.743946, -0.00148284, 0.000366884, 0.000600253, -0.00221277, 8.82164e-05, -0.000304859, 0.000873255, -0.1248, -0.021079, -0.146669, 0.0756575, -0.0266397, 0.174242, -0.298197, 0, 0, 0, 0, 0, 0, 0, 0.485607, -0.0154051, 0.142542, 0.486385, -0.0157403, 0.142593, 0.996195, -3.71201e-12, -0.0871557, -4.46982e-12, -1, -8.49977e-12, -0.0871557, 8.857e-12, -0.996195, 0
3.89, 2025-07-03__00-41-12.639387, -0.0476143, -0.0815309, 0.0346291, -2.28744, -0.0353948, 2.15758, 0.743941, -0.00023146, 7.6519e-05, 0.00103876, -0.00107145, -0.000244662, 0.000152691, -0.00100064, -0.165222, 0.0107587, -0.187445, 0.046637, -0.0246791, 0.166143, -0.286474, 0, 0, 0, 0, 0, 0, 0, 0.485611, -0.0154009, 0.142543, 0.486385, -0.0157403, 0.142593, 0.996195, -3.71201e-12, -0.0871557, -4.46982e-12, -1, -8.49977e-12, -0.0871557, 8.857e-12, -0.996195, 0
3.9, 2025-07-03__00-41-12.649384, -0.0476167, -0.0815309, 0.0346256, -2.28744, -0.0353942, 2.15758, 0.743942, -0.000243656, 0.000658683, 0.000455621, 0.000682249, 6.42554e-06, -9.78387e-05, 0.0024712, -0.149339, 0.0184808, -0.170969, 0.0212889, -0.0271626, 0.163768, -0.307647, 0, 0, 0, 0, 0, 0, 0, 0.485611, -0.0154036, 0.142544, 0.486385, -0.0157403, 0.142593, 0.996195, -3.71201e-12, -0.0871557, -4.46982e-12, -1, -8.49977e-12, -0.0871557, 8.857e-12, -0.996195, 0
3.91, 2025-07-03__00-41-12.659384, -0.0476122, -0.0815334, 0.0346286, -2.28744, -0.0353943, 2.15758, 0.743944, 0.000963441, 0.000389043, 0.00149454, 0.00150555, 0.00641746, -0.00365291, -0.000564832, -0.202062, 0.0379049, -0.224331, 0.00852045, -0.067584, 0.185069, -0.28962, 0, 0, 0, 0, 0, 0, 0, 0.485611, -0.0154043, 0.142544, 0.486385, -0.0157403, 0.142593, 0.996195, -3.71201e-12, -0.0871557, -4.46982e-12, -1, -8.49977e-12, -0.0871557, 8.857e-12, -0.996195, 0
3.92, 2025-07-03__00-41-12.669384, -0.0476146, -0.0815362, 0.0346263, -2.28744, -0.0353948, 2.15757, 0.743942, 0.000863761, -0.000804459, 0.000141186, 0.00191333, 0.000242115, -0.000646831, 0.000701776, -0.168774, 0.0923954, -0.190182, -0.0269352, -0.0293156, 0.161183, -0.296945, 0, 0, 0, 0, 0, 0, 0, 0.485608, -0.0154048, 0.142544, 0.486385, -0.0157403, 0.142593, 0.996195, -3.71201e-12, -0.0871557, -4.46982e-12, -1, -8.49977e-12, -0.0871557, 8.857e-12, -0.996195, 0
3.93, 2025-07-03__00-41-12.679383, -0.0476173, -0.0815309, 0.0346272, -2.28744, -0.0353935, 2.15758, 0.743946, -0.000642203, 0.00102035, 0.000546747, 0.00233391, 0.000276894, 0.00381216, 0.000857423, -0.142497, 0.0414769, -0.164066, -0.0181176, -0.0293307, 0.132645, -0.298271, 0, 0, 0, 0, 0, 0, 0, 0.485611, -0.0154023, 0.142544, 0.486385, -0.0157403, 0.142593, 0.996195, -3.71201e-12, -0.0871557, -4.46982e-12, -1, -8.49977e-12, -0.0871557, 8.857e-12, -0.996195, 0
3.94, 2025-07-03__00-41-12.689384, -0.0476174, -0.0815362, 0.0346241, -2.28744, -0.0353931, 2.15758, 0.743948, 0.000248169, -0.000952825, 0.000268939, -0.00201297, 5.45531e-05, 0.000406902, 0.00422105, -0.15747, 0.0340383, -0.179203, 0.0463557, -0.0268408, 0.164856, -0.318567, 0, 0, 0, 0, 0, 0, 0, 0.485607, -0.0154057, 0.142544, 0.486385, -0.0157403, 0.142593, 0.996195, -3.71201e-12, -0.0871557, -4.46982e-12, -1, -8.49977e-12, -0.0871557, 8.857e-12, -0.996195, 0
3.95, 2025-07-03__00-41-12.699386, -0.0476163, -0.0815341, 0.0346263, -2.28744, -0.035391, 2.15758, 0.743939, -0.000452139, -0.000343648, 0.000831183, 0.000274128, 6.63267e-05, 0.000266377, 0.000127598, -0.154396, 0.0494377, -0.176321, 0.0111914, -0.027557, 0.160319, -0.293297, 0, 0, 0, 0, 0, 0, 0, 0.485612, -0.0154021, 0.142545, 0.486385, -0.0157403, 0.142593, 0.996195, -3.71201e-12, -0.0871557, -4.46982e-12, -1, -8.49977e-12, -0.0871557, 8.857e-12, -0.996195, 0
3.96, 2025-07-03__00-41-12.709384, -0.0476188, -0.0815335, 0.0346258, -2.28744, -0.0353942, 2.15757, 0.743942, -0.000882904, -0.000757631, 4.52678e-05, 0.000323681, -3.62494e-05, -0.000469487, -0.00085048, -0.126294, 0.0620977, -0.147673, 0.00565222, -0.0267689, 0.165202, -0.287582, 0, 0, 0, 0, 0, 0, 0, 0.485607, -0.0154042, 0.142542, 0.486385, -0.0157403, 0.142593, 0.996195, -3.71201e-12, -0.0871557, -4.46982e-12, -1, -8.49977e-12, -0.0871557, 8.857e-12, -0.996195, 0
3.97, 2025-07-03__00-41-12.719382, -0.047617, -0.0815309, 0.0346241, -2.28744, -0.0353942, 2.15758, 0.743943, -0.000451018, 0.000219439, 0.000351752, 0.00482843, -2.73583e-05, 0.000314709, -5.0321e-05, -0.14143, 0.104247, -0.16271, -0.0712135, -0.028582, 0.147435, -0.292572, 0, 0, 0, 0, 0, 0, 0, 0.485608, -0.0154033, 0.142544, 0.486385, -0.0157403, 0.142593, 0.996195, -3.71201e-12, -0.0871557, -4.46982e-12, -1, -8.49977e-12, -0.0871557, 8.857e-12, -0.996195, 0
3.98, 2025-07-03__00-41-12.729385, -0.0476121, -0.0815281, 0.0346233, -2.28744, -0.0353942, 2.15757, 0.743944, 0.0012345, 0.00183035, -0.000765468, 0.000492026, 1.87099e-05, -4.36352e-05, 0.000312749, -0.154953, -0.0274988, -0.175744, 0.0454184, -0.0268458, 0.167257, -0.294643, 0, 0, 0, 0, 0, 0, 0, 0.485608, -0.0154048, 0.142545, 0.486385, -0.0157403, 0.142593, 0.996195, -3.71201e-12, -0.0871557, -4.46982e-12, -1, -8.49977e-12, -0.0871557, 8.857e-12, -0.996195, 0
3.99, 2025-07-03__00-41-12.739385, -0.0476122, -0.0815362, 0.0346238, -2.28744, -0.0353938, 2.15758, 0.743946, 0.000272973, -0.00142909, -0.000966797, -0.00122648, -0.000236313, 3.11173e-05, 0.000685858, -0.131364, 0.0624408, -0.152172, 0.0234861, -0.0251424, 0.164225, -0.297102, 0, 0, 0, 0, 0, 0, 0, 0.485607, -0.0154016, 0.142542, 0.486385, -0.0157403, 0.142593, 0.996195, -3.71201e-12, -0.0871557, -4.46982e-12, -1, -8.49977e-12, -0.0871557, 8.857e-12, -0.996195, 0
4, 2025-07-03__00-41-12.749385, -0.0476143, -0.0815408, 0.0346241, -2.28744, -0.0353948, 2.15758, 0.743946, -0.000852969, -0.00225632, 8.38864e-05, -0.000231648, -0.000129512, 0.000511636, 0.00127671, -0.129705, 0.111303, -0.151178, -0.0127493, -0.0263261, 0.156006, -0.300744, 0, 0, 0, 0, 0, 0, 0, 0.485607, -0.0154013, 0.142542, 0.486385, -0.0157403, 0.142593, 0.996195, -3.71201e-12, -0.0871557, -4.46982e-12, -1, -8.49977e-12, -0.0871557, 8.857e-12, -0.996195, 0
4.01, 2025-07-03__00-41-12.759385, -0.0476173, -0.0815387, 0.0346244, -2.28744, -0.0353939, 2.15757, 0.743942, -0.000362086, -0.00142844, 0.000315335, 0.000286347, 6.05991e-05, -0.000218128, 0.000462941, -0.144746, 0.0884104, -0.166341, -0.006358, -0.0276018, 0.161917, -0.29553, 0, 0, 0, 0, 0, 0, 0, 0.485611, -0.0154044, 0.142544, 0.486385, -0.0157403, 0.142593, 0.996195, -3.71201e-12, -0.0871557, -4.46982e-12, -1, -8.49977e-12, -0.0871557, 8.857e-12, -0.996195, 0
4.02, 2025-07-03__00-41-12.769377, -0.0476196, -0.0815334, 0.0346287, -2.28744, -0.0353942, 2.15758, 0.743947, -0.00110391, -7.9751e-05, 0.000803684, 0.000548374, -0.00011959, 3.6934e-05, 0.00140012, -0.138404, 0.0433871, -0.160322, 0.0107821, -0.026374, 0.161685, -0.301481, 0, 0, 0, 0, 0, 0, 0, 0.485602, -0.0154049, 0.142538, 0.486385, -0.0157403, 0.142593, 0.996195, -3.71201e-12, -0.0871557, -4.46982e-12, -1, -8.49977e-12, -0.0871557, 8.857e-12, -0.996195, 0
4.03, 2025-07-03__00-41-12.779387, -0.0476124, -0.0815334, 0.0346294, -2.28744, -0.0353942, 2.15757, 0.743942, 0.00028824, -1.95445e-05, 0.000690864, 0.000883322, 0.00305608, 1.35282e-05, -0.000408701, -0.169306, 0.0480614, -0.191087, 0.00441159, -0.0462761, 0.161602, -0.290379, 0, 0, 0, 0, 0, 0, 0, 0.485613, -0.0154011, 0.142548, 0.486385, -0.0157403, 0.142593, 0.996195, -3.71201e-12, -0.0871557, -4.46982e-12, -1, -8.49977e-12, -0.0871557, 8.857e-12, -0.996195, 0
4.04, 2025-07-03__00-41-12.789383, -0.0476175, -0.0815309, 0.0346291, -2.28744, -0.0353942, 2.15757, 0.743945, -0.00130062, 0.000978728, 0.000748164, 0.000468986, -1.01042e-05, -0.000232106, 0.000623318, -0.132515, 0.00243288, -0.15436, 0.0315976, -0.0267728, 0.166843, -0.296644, 0, 0, 0, 0, 0, 0, 0, 0.485612, -0.015402, 0.142546, 0.486385, -0.0157403, 0.142593, 0.996195, -3.71201e-12, -0.0871557, -4.46982e-12, -1, -8.49977e-12, -0.0871557, 8.857e-12, -0.996195, 0
4.05, 2025-07-03__00-41-12.799378, -0.0476196, -0.0815336, 0.0346219, -2.28744, -0.0353924, 2.15758, 0.743944, -0.00096693, -0.00123382, -0.000188217, -0.000463987, 0.000232154, 0.000359713, -0.00529839, -0.11888, 0.0676348, -0.140129, 0.0106565, -0.0279882, 0.160324, -0.260807, 0, 0, 0, 0, 0, 0, 0, 0.48561, -0.0154034, 0.142542, 0.486385, -0.0157403, 0.142593, 0.996195, -3.71201e-12, -0.0871557, -4.46982e-12, -1, -8.49977e-12, -0.0871557, 8.857e-12, -0.996195, 0
4.06, 2025-07-03__00-41-12.809385, -0.0476171, -0.0815334, 0.0346291, -2.28744, -0.0353948, 2.15757, 0.743946, -0.000397736, -0.000814065, 0.00121187, -0.000285393, -0.0041812, -0.000241435, 0.000810859, -0.164919, 0.0548598, -0.187339, 0.0184983, -0.000701992, 0.165062, -0.297493, 0, 0, 0, 0, 0, 0, 0, 0.485611, -0.0154032, 0.142544, 0.486385, -0.0157403, 0.142593, 0.996195, -3.71201e-12, -0.0871557, -4.46982e-12, -1, -8.49977e-12, -0.0871557, 8.857e-12, -0.996195, 0
4.07, 2025-07-03__00-41-12.819382, -0.0476122, -0.0815334, 0.0346266, -2.28744, -0.0353956, 2.15757, 0.743945, 0.000837359, -0.000357889, 0.0010215, -0.0045504, -0.000719119, -0.000255152, 0.00192879, -0.189841, -0.0315454, -0.212344, 0.111223, -0.0205553, 0.179066, -0.304263, 0, 0, 0, 0, 0, 0, 0, 0.485611, -0.0154028, 0.142543, 0.486385, -0.0157403, 0.142593, 0.996195, -3.71201e-12, -0.0871557, -4.46982e-12, -1, -8.49977e-12, -0.0871557, 8.857e-12, -0.996195, 0
4.08, 2025-07-03__00-41-12.829386, -0.0476224, -0.0815309, 0.0346319, -2.28744, -0.0353948, 2.15758, 0.743943, -0.00240722, 0.000258609, 0.00241622, -0.000756165, -6.87695e-05, 0.0004451, 0.000392168, -0.145722, 0.00967607, -0.168847, 0.0422115, -0.0259191, 0.163626, -0.29509, 0, 0, 0, 0, 0, 0, 0, 0.485607, -0.0154035, 0.142542, 0.486385, -0.0157403, 0.142593, 0.996195, -3.71201e-12, -0.0871557, -4.46982e-12, -1, -8.49977e-12, -0.0871557, 8.857e-12, -0.996195, 0
4.09, 2025-07-03__00-41-12.839383, -0.0476174, -0.0815334, 0.0346241, -2.28744, -0.0353928, 2.15757, 0.743941, -0.000250506, -0.000252236, -0.000648224, 9.10763e-05, 0.00024647, 0.00138815, -0.00095201, -0.12473, 0.0441064, -0.145604, 0.0130002, -0.0283924, 0.154214, -0.28697, 0, 0, 0, 0, 0, 0, 0, 0.485608, -0.0154044, 0.142544, 0.486385, -0.0157403, 0.142593, 0.996195, -3.71201e-12, -0.0871557, -4.46982e-12, -1, -8.49977e-12, -0.0871557, 8.857e-12, -0.996195, 0
4.1, 2025-07-03__00-41-12.849384, -0.0476167, -0.0815336, 0.0346244, -2.28744, -0.0353932, 2.15758, 0.743944, 0.000916169, -0.000420108, -1.08634e-05, 0.00136486, 0.000308604, 0.000143679, 0.00152239, -0.165486, 0.0704083, -0.186797, -0.0117773, -0.0295687, 0.157598, -0.302048, 0, 0, 0, 0, 0, 0, 0, 0.485607, -0.0154016, 0.142543, 0.486385, -0.0157403, 0.142593, 0.996195, -3.71201e-12, -0.0871557, -4.46982e-12, -1, -8.49977e-12, -0.0871557, 8.857e-12, -0.996195, 0
4.11, 2025-07-03__00-41-12.859388, -0.0476127, -0.0815362, 0.0346262, -2.28745, -0.0353935, 2.15758, 0.743944, 0.00677588, -0.00113003, 0.00038184, -0.00136499, 0.000423425, 0.000395113, 0.000801308, -0.309894, 0.054203, -0.331956, 0.0337819, -0.0293561, 0.162241, -0.297283, 0, 0, 0, 0, 0, 0, 0, 0.485607, -0.0154032, 0.142542, 0.486385, -0.0157403, 0.142593, 0.996195, -3.71201e-12, -0.0871557, -4.46982e-12, -1, -8.49977e-12, -0.0871557, 8.857e-12, -0.996195, 0
4.12, 2025-07-03__00-41-12.869384, -0.0476123, -0.0815334, 0.0346238, -2.28744, -0.0353956, 2.15757, 0.743947, 0.00176329, -0.000168628, -0.00157282, 0.000942345, -0.000517879, -0.000201707, 0.00153554, -0.149892, 0.0526534, -0.170169, 0.00247741, -0.0240658, 0.16255, -0.302258, 0, 0, 0, 0, 0, 0, 0, 0.485607, -0.0154017, 0.142542, 0.486385, -0.0157403, 0.142593, 0.996195, -3.71201e-12, -0.0871557, -4.46982e-12, -1, -8.49977e-12, -0.0871557, 8.857e-12, -0.996195, 0
4.13, 2025-07-03__00-41-12.879384, -0.0476125, -0.081538, 0.0346244, -2.28744, -0.0353935, 2.15757, 0.743938, 0.00212059, -0.00227162, 6.84973e-05, 0.00184932, 0.000228681, -0.000195954, -0.00484975, -0.197106, 0.14601, -0.218536, -0.0514964, -0.029192, 0.15508, -0.263049, 0, 0, 0, 0, 0, 0, 0, 0.485607, -0.0154047, 0.142541, 0.486385, -0.0157403, 0.142593, 0.996195, -3.71201e-12, -0.0871557, -4.46982e-12, -1, -8.49977e-12, -0.0871557, 8.857e-12, -0.996195, 0
4.14, 2025-07-03__00-41-12.889385, -0.0476148, -0.0815334, 0.0346256, -2.28744, -0.0353948, 2.15757, 0.743946, -0.000177852, 2.28519e-05, 0.000757885, 0.00113466, -0.000216347, 0.00014382, 0.00272316, -0.15848, 0.0501911, -0.180336, 0.00082392, -0.0260761, 0.159939, -0.309395, 0, 0, 0, 0, 0, 0, 0, 0.485606, -0.0154062, 0.14254, 0.486385, -0.0157403, 0.142593, 0.996195, -3.71201e-12, -0.0871557, -4.46982e-12, -1, -8.49977e-12, -0.0871557, 8.857e-12, -0.996195, 0
4.15, 2025-07-03__00-41-12.899386, -0.0476151, -0.0815309, 0.0346237, -2.28744, -0.0353948, 2.15757, 0.743941, -7.63907e-05, 0.00047981, -0.000215998, -0.000943772, -6.85607e-05, -0.000200781, -0.00146272, -0.138475, -0.00329386, -0.159742, 0.051791, -0.0257385, 0.169882, -0.283734, 0, 0, 0, 0, 0, 0, 0, 0.485607, -0.0154032, 0.142542, 0.486385, -0.0157403, 0.142593, 0.996195, -3.71201e-12, -0.0871557, -4.46982e-12, -1, -8.49977e-12, -0.0871557, 8.857e-12, -0.996195, 0
4.16, 2025-07-03__00-41-12.909384, -0.0476174, -0.0815334, 0.0346238, -2.28744, -0.0353939, 2.15757, 0.743946, -0.000485505, -0.000141215, -0.000963737, 0.00154158, 0.000182821, -1.45142e-05, 0.000170407, -0.111527, 0.0610597, -0.132086, -0.0103554, -0.028634, 0.159725, -0.294086, 0, 0, 0, 0, 0, 0, 0, 0.485608, -0.0154052, 0.142544, 0.486385, -0.0157403, 0.142593, 0.996195, -3.71201e-12, -0.0871557, -4.46982e-12, -1, -8.49977e-12, -0.0871557, 8.857e-12, -0.996195, 0
4.17, 2025-07-03__00-41-12.919384, -0.0476146, -0.0815334, 0.0346204, -2.28744, -0.0353932, 2.15757, 0.743941, 0.00704416, -0.000676901, -0.00109291, 0.000174237, 0.00010948, -0.000953329, -0.00170053, -0.279979, 0.0603521, -0.300835, 0.0129084, -0.0278618, 0.168446, -0.281998, 0, 0, 0, 0, 0, 0, 0, 0.48561, -0.0154054, 0.142542, 0.486385, -0.0157403, 0.142593, 0.996195, -3.71201e-12, -0.0871557, -4.46982e-12, -1, -8.49977e-12, -0.0871557, 8.857e-12, -0.996195, 0
4.18, 2025-07-03__00-41-12.929385, -0.0476148, -0.0815334, 0.0346262, -2.28744, -0.0353941, 2.15757, 0.743946, 0.000603027, -0.000514976, 0.00111177, 0.00154782, -2.81389e-05, 5.78896e-05, 0.000659827, -0.184774, 0.0769263, -0.206908, -0.016034, -0.0274556, 0.158044, -0.296864, 0, 0, 0, 0, 0, 0, 0, 0.485602, -0.0154039, 0.142538, 0.486385, -0.0157403, 0.142593, 0.996195, -3.71201e-12, -0.0871557, -4.46982e-12, -1, -8.49977e-12, -0.0871557, 8.857e-12, -0.996195, 0
4.19, 2025-07-03__00-41-12.939388, -0.0476146, -0.0815316, 0.034623, -2.28744, -0.0353942, 2.15757, 0.743946, -5.86981e-06, 0.000211384, -0.000268627, 0.00137033, 0.000194389, -3.51699e-05, 0.000915482, -0.138399, 0.0457859, -0.159476, -0.000327703, -0.0286225, 0.161041, -0.298521, 0, 0, 0, 0, 0, 0, 0, 0.485607, -0.0154053, 0.142543, 0.486385, -0.0157403, 0.142593, 0.996195, -3.71201e-12, -0.0871557, -4.46982e-12, -1, -8.49977e-12, -0.0871557, 8.857e-12, -0.996195, 0
4.2, 2025-07-03__00-41-12.949387, -0.0476168, -0.0815309, 0.0346238, -2.28744, -0.0353967, 2.15757, 0.743947, 0.000815755, 0.000625953, -0.000480762, -0.000947774, -0.00829407, -0.000112863, 0.00128583, -0.151802, -0.00939987, -0.173138, 0.0575415, 0.0256307, 0.169302, -0.300138, 0, 0, 0, 0, 0, 0, 0, 0.485608, -0.0154051, 0.142544, 0.486385, -0.0157403, 0.142593, 0.996195, -3.71201e-12, -0.0871557, -4.46982e-12, -1, -8.49977e-12, -0.0871557, 8.857e-12, -0.996195, 0
4.21, 2025-07-03__00-41-12.959384, -0.0476124, -0.0815362, 0.0346241, -2.28744, -0.0353928, 2.15757, 0.743945, 0.00047712, 0.00219691, -0.000977786, -0.000639387, 0.00665365, -5.98408e-05, 0.00075998, -0.133308, -0.0561519, -0.153812, 0.0701215, -0.0679133, 0.171661, -0.297892, 0, 0, 0, 0, 0, 0, 0, 0.485607, -0.0153988, 0.142542, 0.486385, -0.0157403, 0.142593, 0.996195, -3.71201e-12, -0.0871557, -4.46982e-12, -1, -8.49977e-12, -0.0871557, 8.857e-12, -0.996195, 0
4.22, 2025-07-03__00-41-12.969395, -0.0476124, -0.0815337, 0.0346294, -2.28744, -0.035395, 2.15758, 0.743943, 0.000255189, -0.00028945, 0.000664865, 0.000721669, 0.000259586, 0.00032786, -0.00041082, -0.168145, 0.0554376, -0.189998, 0.00299983, -0.0287005, 0.158604, -0.290252, 0, 0, 0, 0, 0, 0, 0, 0.485607, -0.015401, 0.142543, 0.486385, -0.0157403, 0.142593, 0.996195, -3.71201e-12, -0.0871557, -4.46982e-12, -1, -8.49977e-12, -0.0871557, 8.857e-12, -0.996195, 0
4.23, 2025-07-03__00-41-12.979391, -0.0476125, -0.0815281, 0.0346241, -2.28744, -0.0353945, 2.15758, 0.743939, 0.00136999, 0.00163894, -0.00116797, 0.000544663, -0.000356893, 0.0002845, -0.000525339, -0.149185, -0.0191426, -0.16969, 0.0399354, -0.0244488, 0.163777, -0.289281, 0, 0, 0, 0, 0, 0, 0, 0.485611, -0.0154043, 0.142544, 0.486385, -0.0157403, 0.142593, 0.996195, -3.71201e-12, -0.0871557, -4.46982e-12, -1, -8.49977e-12, -0.0871557, 8.857e-12, -0.996195, 0
4.24, 2025-07-03__00-41-12.989384, -0.0476177, -0.0815369, 0.0346266, -2.28744, -0.0353935, 2.15758, 0.743942, -0.00425539, -0.00110224, -0.000843567, 0.00102878, 0.000350086, 0.00023801, -0.00188302, -0.0302778, 0.0862326, -0.0508205, -0.018564, -0.0293788, 0.157169, -0.281644, 0, 0, 0, 0, 0, 0, 0, 0.485608, -0.0154022, 0.142543, 0.486385, -0.0157403, 0.142593, 0.996195, -3.71201e-12, -0.0871557, -4.46982e-12, -1, -8.49977e-12, -0.0871557, 8.857e-12, -0.996195, 0
4.25, 2025-07-03__00-41-12.999385, -0.0476121, -0.0815312, 0.0346294, -2.28744, -0.0353948, 2.15757, 0.743946, -2.48886e-05, 0.00197105, 0.000744393, 0.000624821, 0.00187253, 2.45986e-06, 0.000583898, -0.162031, -0.0284901, -0.18385, 0.0438224, -0.0384374, 0.166772, -0.296511, 0, 0, 0, 0, 0, 0, 0, 0.485608, -0.015403, 0.142545, 0.486385, -0.0157403, 0.142593, 0.996195, -3.71201e-12, -0.0871557, -4.46982e-12, -1, -8.49977e-12, -0.0871557, 8.857e-12, -0.996195, 0
4.26, 2025-07-03__00-41-13.009386, -0.0476114, -0.0815334, 0.0346213, -2.28745, -0.0353942, 2.15757, 0.743939, 0.000782302, -0.000170724, -0.00291304, -0.0013681, 0.000185724, -0.000384713, 0.000359597, -0.0974275, 0.0103639, -0.116788, 0.0508932, -0.0274001, 0.17145, -0.294779, 0, 0, 0, 0, 0, 0, 0, 0.485608, -0.0154057, 0.142544, 0.486385, -0.0157403, 0.142593, 0.996195, -3.71201e-12, -0.0871557, -4.46982e-12, -1, -8.49977e-12, -0.0871557, 8.857e-12, -0.996195, 0
4.27, 2025-07-03__00-41-13.019384, -0.047617, -0.0815309, 0.0346266, -2.28744, -0.0353948, 2.15758, 0.743943, 0.000168019, 0.00067316, -0.00364065, 8.80766e-06, -0.000214092, 6.5242e-05, 0.000454907, -0.0659831, 0.00427529, -0.0847368, 0.0337153, -0.0252977, 0.165161, -0.295679, 0, 0, 0, 0, 0, 0, 0, 0.485608, -0.0154027, 0.142544, 0.486385, -0.0157403, 0.142593, 0.996195, -3.71201e-12, -0.0871557, -4.46982e-12, -1, -8.49977e-12, -0.0871557, 8.857e-12, -0.996195, 0
4.28, 2025-07-03__00-41-13.029387, -0.0476132, -0.0815334, 0.0346241, -2.28744, -0.0353943, 2.15758, 0.743943, -0.000544145, -0.000568246, 0.000607496, -0.000530068, 0.000103072, -2.98622e-05, 0.00128183, -0.14765, 0.0428951, -0.169479, 0.024598, -0.0273908, 0.164349, -0.300508, 0, 0, 0, 0, 0, 0, 0, 0.485611, -0.0154019, 0.142543, 0.486385, -0.0157403, 0.142593, 0.996195, -3.71201e-12, -0.0871557, -4.46982e-12, -1, -8.49977e-12, -0.0871557, 8.857e-12, -0.996195, 0
4.29, 2025-07-03__00-41-13.039396, -0.0476167, -0.0815281, 0.0346213, -2.28745, -0.0353942, 2.15757, 0.743938, -0.00100368, 0.00171163, -0.00136658, -0.00230678, 0.000243469, -0.000679524, -7.07956e-05, -0.0896991, -0.0752334, -0.110125, 0.103248, -0.0269497, 0.18055, -0.292054, 0, 0, 0, 0, 0, 0, 0, 0.485608, -0.0154021, 0.142544, 0.486385, -0.0157403, 0.142593, 0.996195, -3.71201e-12, -0.0871557, -4.46982e-12, -1, -8.49977e-12, -0.0871557, 8.857e-12, -0.996195, 0
4.3, 2025-07-03__00-41-13.049387, -0.0476142, -0.0815281, 0.0346287, -2.28744, -0.035391, 2.15757, 0.743939, -0.000371802, 0.0012373, -0.000377217, 0.00174604, -2.06015e-05, -2.73367e-05, -0.000319815, -0.128273, 0.0138805, -0.149213, 0.00984669, -0.0273062, 0.162194, -0.29064, 0, 0, 0, 0, 0, 0, 0, 0.485607, -0.0153993, 0.142542, 0.486385, -0.0157403, 0.142593, 0.996195, -3.71201e-12, -0.0871557, -4.46982e-12, -1, -8.49977e-12, -0.0871557, 8.857e-12, -0.996195, 0
4.31, 2025-07-03__00-41-13.059386, -0.0476089, -0.0815334, 0.0346294, -2.28744, -0.0353923, 2.15757, 0.74394, 0.00120558, 7.67522e-05, -0.00165843, -0.000614069, -0.000489034, -0.000357792, -0.00173327, -0.137703, 0.0170252, -0.157994, 0.038495, -0.0234758, 0.169038, -0.282044, 0, 0, 0, 0, 0, 0, 0, 0.485608, -0.0153981, 0.142544, 0.486385, -0.0157403, 0.142593, 0.996195, -3.71201e-12, -0.0871557, -4.46982e-12, -1, -8.49977e-12, -0.0871557, 8.857e-12, -0.996195, 0
4.32, 2025-07-03__00-41-13.069398, -0.0476142, -0.0815334, 0.0346223, -2.28744, -0.0353942, 2.15757, 0.743943, -0.000662399, -0.000580092, -0.00245908, 0.000167174, 2.61807e-05, -0.00015894, 0.00107105, -0.0744562, 0.0521665, -0.0940077, 0.0101094, -0.0271732, 0.16412, -0.299424, 0, 0, 0, 0, 0, 0, 0, 0.485608, -0.0153968, 0.142544, 0.486385, -0.0157403, 0.142593, 0.996195, -3.71201e-12, -0.0871557, -4.46982e-12, -1, -8.49977e-12, -0.0871557, 8.857e-12, -0.996195, 0
4.33, 2025-07-03__00-41-13.079384, -0.0476143, -0.0815334, 0.0346296, -2.28744, -0.0353931, 2.15757, 0.743941, -0.00280457, -0.00055707, 0.000132805, -0.00147513, 1.85168e-05, -0.000512445, 0.000118133, -0.0867811, 0.0234682, -0.108267, 0.0451194, -0.0263782, 0.171586, -0.293453, 0, 0, 0, 0, 0, 0, 0, 0.485612, -0.0153995, 0.142547, 0.486385, -0.0157403, 0.142593, 0.996195, -3.71201e-12, -0.0871557, -4.46982e-12, -1, -8.49977e-12, -0.0871557, 8.857e-12, -0.996195, 0
4.34, 2025-07-03__00-41-13.089385, -0.0476139, -0.0815281, 0.0346294, -2.28744, -0.0353945, 2.15757, 0.743945, 0.000919237, 0.00191966, 0.000602286, -0.00168411, -0.00196796, 1.61515e-05, 0.000918859, -0.180197, -0.0665766, -0.202202, 0.091914, -0.0135163, 0.173501, -0.298115, 0, 0, 0, 0, 0, 0, 0, 0.485608, -0.0153996, 0.142545, 0.486385, -0.0157403, 0.142593, 0.996195, -3.71201e-12, -0.0871557, -4.46982e-12, -1, -8.49977e-12, -0.0871557, 8.857e-12, -0.996195, 0
4.35, 2025-07-03__00-41-13.099388, -0.0476142, -0.0815316, 0.0346266, -2.28744, -0.0353947, 2.15757, 0.743942, -0.00045544, 5.50099e-07, 0.000200127, -0.000793266, -0.000257183, 0.00034569, 0.00102243, -0.140419, 0.0178336, -0.16199, 0.0389872, -0.024865, 0.164544, -0.298861, 0, 0, 0, 0, 0, 0, 0, 0.485608, -0.0154006, 0.142543, 0.486385, -0.0157403, 0.142593, 0.996195, -3.71201e-12, -0.0871557, -4.46982e-12, -1, -8.49977e-12, -0.0871557, 8.857e-12, -0.996195, 0
4.36, 2025-07-03__00-41-13.109387, -0.0476149, -0.0815334, 0.0346294, -2.28744, -0.0353934, 2.15758, 0.743942, -0.000338097, -0.000349133, 0.000915704, 0.0012864, 0.000360979, 0.000680652, -0.00102581, -0.159811, 0.0674431, -0.181772, -0.0105479, -0.0296113, 0.154387, -0.286518, 0, 0, 0, 0, 0, 0, 0, 0.485611, -0.0154015, 0.142544, 0.486385, -0.0157403, 0.142593, 0.996195, -3.71201e-12, -0.0871557, -4.46982e-12, -1, -8.49977e-12, -0.0871557, 8.857e-12, -0.996195, 0
4.37, 2025-07-03__00-41-13.119383, -0.0476142, -0.0815335, 0.0346242, -2.28745, -0.0353948, 2.15757, 0.743946, -0.000398793, -3.80588e-05, -0.000232182, -0.000861923, -0.000253246, 7.17045e-05, 0.000655619, -0.131392, 0.0161786, -0.152663, 0.0421587, -0.0248287, 0.166871, -0.296876, 0, 0, 0, 0, 0, 0, 0, 0.485603, -0.0154019, 0.142541, 0.486385, -0.0157403, 0.142593, 0.996195, -3.71201e-12, -0.0871557, -4.46982e-12, -1, -8.49977e-12, -0.0871557, 8.857e-12, -0.996195, 0
4.38, 2025-07-03__00-41-13.129385, -0.0476167, -0.0815334, 0.0346266, -2.28744, -0.0353945, 2.15758, 0.743941, -0.000713275, 0.000482676, 0.000627468, 0.00129335, -0.00037395, 0.000469501, 0.000536239, -0.142983, 0.0368129, -0.164697, 0.00398718, -0.0248944, 0.157634, -0.295888, 0, 0, 0, 0, 0, 0, 0, 0.485608, -0.0154007, 0.142544, 0.486385, -0.0157403, 0.142593, 0.996195, -3.71201e-12, -0.0871557, -4.46982e-12, -1, -8.49977e-12, -0.0871557, 8.857e-12, -0.996195, 0
4.39, 2025-07-03__00-41-13.139386, -0.0476136, -0.0815288, 0.0346213, -2.28745, -0.0353935, 2.15757, 0.743941, 0.000545546, 0.00195877, -0.00188297, -0.00220154, 0.000266522, -0.000183673, -0.00012988, -0.113682, -0.0802367, -0.133789, 0.103821, -0.0271806, 0.177212, -0.291827, 0, 0, 0, 0, 0, 0, 0, 0.485603, -0.0153992, 0.14254, 0.486385, -0.0157403, 0.142593, 0.996195, -3.71201e-12, -0.0871557, -4.46982e-12, -1, -8.49977e-12, -0.0871557, 8.857e-12, -0.996195, 0
4.4, 2025-07-03__00-41-13.149385, -0.0476164, -0.0815334, 0.0346266, -2.28744, -0.0353952, 2.15757, 0.74394, -0.000918559, -0.000304943, 0.000298262, 0.000397894, -0.000344818, -0.000585115, -0.00109006, -0.131623, 0.0470183, -0.153178, 0.0123202, -0.0247062, 0.166721, -0.285968, 0, 0, 0, 0, 0, 0, 0, 0.485611, -0.0154006, 0.142544, 0.486385, -0.0157403, 0.142593, 0.996195, -3.71201e-12, -0.0871557, -4.46982e-12, -1, -8.49977e-12, -0.0871557, 8.857e-12, -0.996195, 0
4.41, 2025-07-03__00-41-13.159386, -0.0476145, -0.0815309, 0.0346294, -2.28744, -0.0353944, 2.15757, 0.743944, 0.00104724, 0.000839506, 0.000652509, -0.00388894, 0.00260377, -0.000254896, -0.000225274, -0.185558, -0.0636387, -0.207667, 0.116935, -0.0413245, 0.179809, -0.291387, 0, 0, 0, 0, 0, 0, 0, 0.485607, -0.0154026, 0.142542, 0.486385, -0.0157403, 0.142593, 0.996195, -3.71201e-12, -0.0871557, -4.46982e-12, -1, -8.49977e-12, -0.0871557, 8.857e-12, -0.996195, 0
4.42, 2025-07-03__00-41-13.169384, -0.0476145, -0.0815337, 0.0346241, -2.28744, -0.0353931, 2.15758, 0.743943, -0.00310188, -0.000754803, -0.00118414, 0.00173853, 0.000314818, 0.000120967, 0.00169587, -0.0482269, 0.0849609, -0.0684911, -0.0261323, -0.0296942, 0.156452, -0.303351, 0, 0, 0, 0, 0, 0, 0, 0.485611, -0.015399, 0.142544, 0.486385, -0.0157403, 0.142593, 0.996195, -3.71201e-12, -0.0871557, -4.46982e-12, -1, -8.49977e-12, -0.0871557, 8.857e-12, -0.996195, 0
4.43, 2025-07-03__00-41-13.179386, -0.0476089, -0.0815334, 0.0346294, -2.28744, -0.0353909, 2.15757, 0.743943, 0.0017515, -0.000597398, 0.000501567, 2.68043e-06, -0.000318471, 5.66479e-05, 0.0012301, -0.199404, 0.0543497, -0.221246, 0.0140439, -0.0252497, 0.162498, -0.30007, 0, 0, 0, 0, 0, 0, 0, 0.485608, -0.015401, 0.142544, 0.486385, -0.0157403, 0.142593, 0.996195, -3.71201e-12, -0.0871557, -4.46982e-12, -1, -8.49977e-12, -0.0871557, 8.857e-12, -0.996195, 0
4.44, 2025-07-03__00-41-13.189384, -0.0476151, -0.0815318, 0.0346242, -2.28744, -0.0353941, 2.15757, 0.743938, -4.90982e-05, 0.000729109, -0.000513271, -0.000153859, -1.70414e-05, 0.000445031, -0.000559673, -0.132137, 0.00259004, -0.153113, 0.0377419, -0.0264225, 0.16355, -0.289086, 0, 0, 0, 0, 0, 0, 0, 0.485602, -0.0154004, 0.142538, 0.486385, -0.0157403, 0.142593, 0.996195, -3.71201e-12, -0.0871557, -4.46982e-12, -1, -8.49977e-12, -0.0871557, 8.857e-12, -0.996195, 0
4.45, 2025-07-03__00-41-13.199386, -0.0476145, -0.0815309, 0.0346315, -2.28744, -0.0353907, 2.15757, 0.743934, -8.29366e-05, 0.000680353, 0.000432704, -0.00461083, 9.13707e-05, 0.00050695, -0.00217319, -0.155808, -0.0698501, -0.177785, 0.127333, -0.0253308, 0.176561, -0.278917, 0, 0, 0, 0, 0, 0, 0, 0.485608, -0.0153993, 0.142544, 0.486385, -0.0157403, 0.142593, 0.996195, -3.71201e-12, -0.0871557, -4.46982e-12, -1, -8.49977e-12, -0.0871557, 8.857e-12, -0.996195, 0
4.46, 2025-07-03__00-41-13.209386, -0.0476099, -0.0815334, 0.0346296, -2.28744, -0.0353942, 2.15757, 0.743944, 0.0013497, -0.000492057, 0.00115544, 0.000736587, -7.35338e-05, 0.000392339, 0.000266166, -0.204822, 0.0638228, -0.227087, -2.74083e-05, -0.0268018, 0.158176, -0.294301, 0, 0, 0, 0, 0, 0, 0, 0.485611, -0.0154016, 0.142544, 0.486385, -0.0157403, 0.142593, 0.996195, -3.71201e-12, -0.0871557, -4.46982e-12, -1, -8.49977e-12, -0.0871557, 8.857e-12, -0.996195, 0
4.47, 2025-07-03__00-41-13.219383, -0.0476115, -0.0815334, 0.0346262, -2.28744, -0.0353948, 2.15757, 0.743937, 0.000390917, 0.000146095, -0.000771427, 0.000678132, -0.000158481, 0.00010442, -0.000842969, -0.137738, 0.0373074, -0.158518, 0.0120141, -0.0259531, 0.16205, -0.287311, 0, 0, 0, 0, 0, 0, 0, 0.485608, -0.0153996, 0.142544, 0.486385, -0.0157403, 0.142593, 0.996195, -3.71201e-12, -0.0871557, -4.46982e-12, -1, -8.49977e-12, -0.0871557, 8.857e-12, -0.996195, 0
4.48, 2025-07-03__00-41-13.229386, -0.0476152, -0.0815336, 0.0346266, -2.28745, -0.0353932, 2.15757, 0.743938, -0.000855352, -0.000154706, 0.000431622, -0.00130005, 0.000197648, -0.000132962, -0.000411393, -0.136694, 0.0128207, -0.158432, 0.0496074, -0.0274686, 0.169378, -0.289957, 0, 0, 0, 0, 0, 0, 0, 0.485608, -0.0154041, 0.142544, 0.486385, -0.0157403, 0.142593, 0.996195, -3.71201e-12, -0.0871557, -4.46982e-12, -1, -8.49977e-12, -0.0871557, 8.857e-12, -0.996195, 0
4.49, 2025-07-03__00-41-13.239387, -0.0476135, -0.0815281, 0.0346273, -2.28744, -0.0353942, 2.15757, 0.743943, 0.00103081, 0.00184271, 0.000611143, 0.00111339, 0.000789286, -0.000118211, 0.00107921, -0.182046, -0.0166596, -0.203785, 0.0333008, -0.031979, 0.165774, -0.299226, 0, 0, 0, 0, 0, 0, 0, 0.485608, -0.0154009, 0.142545, 0.486385, -0.0157403, 0.142593, 0.996195, -3.71201e-12, -0.0871557, -4.46982e-12, -1, -8.49977e-12, -0.0871557, 8.857e-12, -0.996195, 0
4.5, 2025-07-03__00-41-13.249385, -0.0476167, -0.0815309, 0.0346287, -2.28744, -0.0353948, 2.15757, 0.743942, -0.00137449, 0.000481246, 0.000625516, 0.000483952, -0.000129261, 8.28684e-05, 0.000458364, -0.12853, 0.0209484, -0.150287, 0.0220036, -0.0260556, 0.163581, -0.295489, 0, 0, 0, 0, 0, 0, 0, 0.485607, -0.0154044, 0.142542, 0.486385, -0.0157403, 0.142593, 0.996195, -3.71201e-12, -0.0871557, -4.46982e-12, -1, -8.49977e-12, -0.0871557, 8.857e-12, -0.996195, 0
4.51, 2025-07-03__00-41-13.259385, -0.0476165, -0.0815334, 0.0346301, -2.28744, -0.0353923, 2.15757, 0.743935, -0.00115509, -2.07638e-05, 0.00142449, -0.000307695, 0.000299421, 0.000150499, -0.00146353, -0.152727, 0.0274144, -0.175101, 0.0291304, -0.0285016, 0.164341, -0.283408, 0, 0, 0, 0, 0, 0, 0, 0.485608, -0.0153991, 0.142544, 0.486385, -0.0157403, 0.142593, 0.996195, -3.71201e-12, -0.0871557, -4.46982e-12, -1, -8.49977e-12, -0.0871557, 8.857e-12, -0.996195, 0
4.52, 2025-07-03__00-41-13.269385, -0.0476145, -0.0815334, 0.0346268, -2.28744, -0.0353942, 2.15757, 0.743938, 0.000471754, 0.000174975, 0.000361969, -0.00064031, 3.26239e-05, -0.000234344, -0.000722512, -0.165025, 0.0143499, -0.18672, 0.0404609, -0.0266559, 0.16834, -0.288002, 0, 0, 0, 0, 0, 0, 0, 0.485608, -0.0154043, 0.142544, 0.486385, -0.0157403, 0.142593, 0.996195, -3.71201e-12, -0.0871557, -4.46982e-12, -1, -8.49977e-12, -0.0871557, 8.857e-12, -0.996195, 0
4.53, 2025-07-03__00-41-13.279386, -0.0476124, -0.0815334, 0.0346241, -2.28744, -0.0353952, 2.15757, 0.743945, 0.000503483, -0.000402333, -0.000169671, -0.000627238, -0.000403369, -0.000101038, 0.00116893, -0.153803, 0.0350524, -0.175143, 0.0300967, -0.0241277, 0.166139, -0.299881, 0, 0, 0, 0, 0, 0, 0, 0.485611, -0.0154054, 0.142543, 0.486385, -0.0157403, 0.142593, 0.996195, -3.71201e-12, -0.0871557, -4.46982e-12, -1, -8.49977e-12, -0.0871557, 8.857e-12, -0.996195, 0
4.54, 2025-07-03__00-41-13.289385, -0.0476143, -0.0815362, 0.0346296, -2.28744, -0.0353942, 2.15757, 0.74394, -0.00290943, -0.000688034, 0.000799814, 0.000446919, 5.13713e-05, -0.000155915, -0.000186237, -0.0993052, 0.0625296, -0.121143, 0.00265043, -0.0273202, 0.162877, -0.291581, 0, 0, 0, 0, 0, 0, 0, 0.485603, -0.0154003, 0.142539, 0.486385, -0.0157403, 0.142593, 0.996195, -3.71201e-12, -0.0871557, -4.46982e-12, -1, -8.49977e-12, -0.0871557, 8.857e-12, -0.996195, 0
4.55, 2025-07-03__00-41-13.299386, -0.0476142, -0.0815334, 0.0346296, -2.28744, -0.0353952, 2.15757, 0.743937, 0.000261212, -0.000303412, 0.00113314, 0.00253246, -0.000465532, -0.000341835, -0.000497277, -0.178071, 0.0847119, -0.200146, -0.031027, -0.0249059, 0.158303, -0.289329, 0, 0, 0, 0, 0, 0, 0, 0.485608, -0.0154014, 0.142544, 0.486385, -0.0157403, 0.142593, 0.996195, -3.71201e-12, -0.0871557, -4.46982e-12, -1, -8.49977e-12, -0.0871557, 8.857e-12, -0.996195, 0
4.56, 2025-07-03__00-41-13.309386, -0.0476136, -0.0815334, 0.0346244, -2.28744, -0.0353942, 2.15757, 0.743938, 0.0016379, -0.00031943, -0.000953373, -0.00028041, 0.000129321, 3.58137e-05, 0.000122045, -0.16149, 0.0384915, -0.182249, 0.0238803, -0.0275765, 0.164315, -0.293167, 0, 0, 0, 0, 0, 0, 0, 0.485608, -0.0154042, 0.142544, 0.486385, -0.0157403, 0.142593, 0.996195, -3.71201e-12, -0.0871557, -4.46982e-12, -1, -8.49977e-12, -0.0871557, 8.857e-12, -0.996195, 0
4.57, 2025-07-03__00-41-13.319385, -0.047617, -0.0815334, 0.0346322, -2.28745, -0.0353938, 2.15757, 0.743937, -0.00129115, 0.000184393, 0.000772249, -0.00109844, -0.000199103, -5.85597e-05, -0.000320762, -0.13512, 0.00408604, -0.157111, 0.0511981, -0.0249671, 0.168982, -0.290419, 0, 0, 0, 0, 0, 0, 0, 0.485603, -0.0154007, 0.142539, 0.486385, -0.0157403, 0.142593, 0.996195, -3.71201e-12, -0.0871557, -4.46982e-12, -1, -8.49977e-12, -0.0871557, 8.857e-12, -0.996195, 0
4.58, 2025-07-03__00-41-13.329386, -0.0476145, -0.0815334, 0.0346266, -2.28745, -0.0353939, 2.15757, 0.743938, 0.000603356, -0.000405281, 0.000272858, -0.00183049, 6.24312e-05, 0.000272727, -0.000754812, -0.166687, 0.0145523, -0.18842, 0.0552851, -0.0264247, 0.167528, -0.287789, 0, 0, 0, 0, 0, 0, 0, 0.485607, -0.0154043, 0.142542, 0.486385, -0.0157403, 0.142593, 0.996195, -3.71201e-12, -0.0871557, -4.46982e-12, -1, -8.49977e-12, -0.0871557, 8.857e-12, -0.996195, 0
4.59, 2025-07-03__00-41-13.339386, -0.0476138, -0.0815249, 0.0346303, -2.28744, -0.0353909, 2.15757, 0.743941, 0.000637257, 0.00706745, 0.00116397, 0.00179289, 0.000184963, -0.000537702, 0.000921915, -0.182424, -0.193739, -0.204385, 0.109262, -0.0277064, 0.177866, -0.298023, 0, 0, 0, 0, 0, 0, 0, 0.485606, -0.0154009, 0.142539, 0.486385, -0.0157403, 0.142593, 0.996195, -3.71201e-12, -0.0871557, -4.46982e-12, -1, -8.49977e-12, -0.0871557, 8.857e-12, -0.996195, 0
4.6, 2025-07-03__00-41-13.349386, -0.0476146, -0.0815356, 0.0346266, -2.28744, -0.0353939, 2.15757, 0.743945, 0.000681288, -0.00041512, -5.06317e-05, 0.00056119, 0.00018074, -0.000345313, 0.00161212, -0.160343, 0.0560174, -0.181693, 0.00602917, -0.0284024, 0.164094, -0.302622, 0, 0, 0, 0, 0, 0, 0, 0.485607, -0.0154034, 0.142543, 0.486385, -0.0157403, 0.142593, 0.996195, -3.71201e-12, -0.0871557, -4.46982e-12, -1, -8.49977e-12, -0.0871557, 8.857e-12, -0.996195, 0
4.61, 2025-07-03__00-41-13.359384, -0.0476169, -0.0815341, 0.0346241, -2.28744, -0.0353935, 2.15757, 0.743939, -0.00134401, -0.00022002, -0.000724581, 0.000948167, 0.000373987, -9.1625e-05, -0.000233915, -0.0978948, 0.0536101, -0.118602, 0.000259381, -0.0295409, 0.161964, -0.291262, 0, 0, 0, 0, 0, 0, 0, 0.485611, -0.0154024, 0.142544, 0.486385, -0.0157403, 0.142593, 0.996195, -3.71201e-12, -0.0871557, -4.46982e-12, -1, -8.49977e-12, -0.0871557, 8.857e-12, -0.996195, 0
4.62, 2025-07-03__00-41-13.369383, -0.0476167, -0.0815334, 0.0346315, -2.28744, -0.0353952, 2.15757, 0.743939, -0.0017944, -7.84869e-05, 0.000700883, 0.00214712, -0.0053306, -0.000617889, -0.000468087, -0.121202, 0.067003, -0.143037, -0.0171714, 0.00578667, 0.162034, -0.289407, 0, 0, 0, 0, 0, 0, 0, 0.485611, -0.0154002, 0.142543, 0.486385, -0.0157403, 0.142593, 0.996195, -3.71201e-12, -0.0871557, -4.46982e-12, -1, -8.49977e-12, -0.0871557, 8.857e-12, -0.996195, 0
4.63, 2025-07-03__00-41-13.379384, -0.0476075, -0.0815334, 0.0346294, -2.28744, -0.0353942, 2.15757, 0.743937, 0.00780016, -7.98022e-05, 0.00122829, 0.00125463, -0.000146617, 9.9119e-05, -0.00113898, -0.352984, 0.0616918, -0.37551, -0.00117109, -0.026583, 0.158821, -0.285011, 0, 0, 0, 0, 0, 0, 0, 0.485608, -0.0154042, 0.142544, 0.486385, -0.0157403, 0.142593, 0.996195, -3.71201e-12, -0.0871557, -4.46982e-12, -1, -8.49977e-12, -0.0871557, 8.857e-12, -0.996195, 0
4.64, 2025-07-03__00-41-13.389386, -0.0476146, -0.0815309, 0.0346266, -2.28744, -0.0353932, 2.15757, 0.743941, 0.000647841, 0.0003739, 2.79389e-05, 0.000287646, 0.000277435, -0.000510925, 0.000527891, -0.160898, 0.0212686, -0.182288, 0.0260839, -0.0287049, 0.167889, -0.295792, 0, 0, 0, 0, 0, 0, 0, 0.485611, -0.0154018, 0.142543, 0.486385, -0.0157403, 0.142593, 0.996195, -3.71201e-12, -0.0871557, -4.46982e-12, -1, -8.49977e-12, -0.0871557, 8.857e-12, -0.996195, 0
4.65, 2025-07-03__00-41-13.399387, -0.0476124, -0.0815309, 0.0346296, -2.28744, -0.035392, 2.15757, 0.743946, 0.00171367, 0.000897672, 0.00137179, -0.000324894, -0.000298386, 2.90673e-05, 0.000818941, -0.216595, -0.00487006, -0.239074, 0.0464755, -0.0248853, 0.166878, -0.297666, 0, 0, 0, 0, 0, 0, 0, 0.485602, -0.0154027, 0.142538, 0.486385, -0.0157403, 0.142593, 0.996195, -3.71201e-12, -0.0871557, -4.46982e-12, -1, -8.49977e-12, -0.0871557, 8.857e-12, -0.996195, 0
4.66, 2025-07-03__00-41-13.409381, -0.0476148, -0.0815336, 0.0346241, -2.28744, -0.0353942, 2.15757, 0.743942, 0.000312349, 0.00017342, -0.000778963, -0.0012037, 0.000176867, 4.17392e-05, 0.00106083, -0.134846, 0.00473389, -0.155734, 0.0504735, -0.0274399, 0.168249, -0.299117, 0, 0, 0, 0, 0, 0, 0, 0.485608, -0.0154027, 0.142544, 0.486385, -0.0157403, 0.142593, 0.996195, -3.71201e-12, -0.0871557, -4.46982e-12, -1, -8.49977e-12, -0.0871557, 8.857e-12, -0.996195, 0
4.67, 2025-07-03__00-41-13.419381, -0.0476136, -0.0815362, 0.0346213, -2.28744, -0.0353942, 2.15757, 0.743939, -0.00019225, -0.000422176, -0.0015119, -0.00100146, 2.22184e-05, -0.00023412, 0.000325171, -0.106775, 0.0287745, -0.127086, 0.0365599, -0.0265888, 0.168347, -0.29456, 0, 0, 0, 0, 0, 0, 0, 0.485603, -0.0153982, 0.142541, 0.486385, -0.0157403, 0.142593, 0.996195, -3.71201e-12, -0.0871557, -4.46982e-12, -1, -8.49977e-12, -0.0871557, 8.857e-12, -0.996195, 0
4.68, 2025-07-03__00-41-13.429387, -0.047612, -0.0815309, 0.0346241, -2.28744, -0.0353939, 2.15758, 0.74394, 0.00141037, 0.000172224, -0.000213666, -0.00516656, 0.000678823, 0.000169922, 0.000356419, -0.174194, -0.06084, -0.195782, 0.130607, -0.0289117, 0.178658, -0.294576, 0, 0, 0, 0, 0, 0, 0, 0.485607, -0.0154041, 0.142543, 0.486385, -0.0157403, 0.142593, 0.996195, -3.71201e-12, -0.0871557, -4.46982e-12, -1, -8.49977e-12, -0.0871557, 8.857e-12, -0.996195, 0
4.69, 2025-07-03__00-41-13.439382, -0.0476142, -0.0815309, 0.034629, -2.28745, -0.0353938, 2.15757, 0.743936, -0.000499789, 0.000713026, 0.000427037, -0.00198265, 0.000959785, 1.07926e-06, -0.0015027, -0.145059, -0.0298794, -0.16683, 0.0778062, -0.0316827, 0.172458, -0.283224, 0, 0, 0, 0, 0, 0, 0, 0.485608, -0.0154011, 0.142544, 0.486385, -0.0157403, 0.142593, 0.996195, -3.71201e-12, -0.0871557, -4.46982e-12, -1, -8.49977e-12, -0.0871557, 8.857e-12, -0.996195, 0
4.7, 2025-07-03__00-41-13.449386, -0.0476188, -0.0815364, 0.034629, -2.28744, -0.0353948, 2.15757, 0.74394, -0.00141226, -0.00140118, 0.000825989, -0.000579745, -0.000143925, 9.20536e-05, -0.00784874, -0.133882, 0.0722266, -0.155919, 0.0113006, -0.0252929, 0.162775, -0.245042, 0, 0, 0, 0, 0, 0, 0, 0.485608, -0.0154015, 0.142544, 0.486385, -0.0157403, 0.142593, 0.996195, -3.71201e-12, -0.0871557, -4.46982e-12, -1, -8.49977e-12, -0.0871557, 8.857e-12, -0.996195, 0
4.71, 2025-07-03__00-41-13.459387, -0.0476115, -0.0815309, 0.0346288, -2.28744, -0.0353948, 2.15757, 0.74394, 0.000491133, 0.000518633, 0.000444854, -0.00053264, -0.00017887, -4.77546e-05, 0.00186942, -0.168064, 0.00351713, -0.189825, 0.0439537, -0.025452, 0.167437, -0.303803, 0, 0, 0, 0, 0, 0, 0, 0.485611, -0.0154018, 0.142543, 0.486385, -0.0157403, 0.142593, 0.996195, -3.71201e-12, -0.0871557, -4.46982e-12, -1, -8.49977e-12, -0.0871557, 8.857e-12, -0.996195, 0
4.72, 2025-07-03__00-41-13.469382, -0.0476124, -0.0815336, 0.0346273, -2.28744, -0.0353937, 2.15757, 0.743942, -0.000244867, 9.99335e-05, -0.00117045, 0.000815819, -0.000157825, -0.000104557, 0.00138323, -0.114137, 0.0402017, -0.134607, 0.00873587, -0.0262376, 0.163025, -0.301153, 0, 0, 0, 0, 0, 0, 0, 0.485608, -0.0153978, 0.142544, 0.486385, -0.0157403, 0.142593, 0.996195, -3.71201e-12, -0.0871557, -4.46982e-12, -1, -8.49977e-12, -0.0871557, 8.857e-12, -0.996195, 0
4.73, 2025-07-03__00-41-13.479385, -0.0476136, -0.0815362, 0.0346268, -2.28744, -0.035393, 2.15757, 0.743937, 0.000488255, -0.00145815, -0.000398144, 0.000651091, 0.00958185, -0.000304407, -0.00111051, -0.149535, 0.0963155, -0.17039, -0.0174947, -0.0872774, 0.161596, -0.286354, 0, 0, 0, 0, 0, 0, 0, 0.485608, -0.0154014, 0.142544, 0.486385, -0.0157403, 0.142593, 0.996195, -3.71201e-12, -0.0871557, -4.46982e-12, -1, -8.49977e-12, -0.0871557, 8.857e-12, -0.996195, 0
4.74, 2025-07-03__00-41-13.489381, -0.0476111, -0.0815334, 0.0346213, -2.28744, -0.0353948, 2.15757, 0.743936, 0.00144712, 0.000350712, -0.00167876, -0.00223953, 0.000333522, 0.000258639, -0.00121736, -0.140612, -0.0184348, -0.160924, 0.0737669, -0.0277625, 0.170327, -0.28494, 0, 0, 0, 0, 0, 0, 0, 0.485608, -0.015402, 0.142545, 0.486385, -0.0157403, 0.142593, 0.996195, -3.71201e-12, -0.0871557, -4.46982e-12, -1, -8.49977e-12, -0.0871557, 8.857e-12, -0.996195, 0
4.75, 2025-07-03__00-41-13.499383, -0.0476093, -0.0815362, 0.034629, -2.28744, -0.0353948, 2.15757, 0.743937, 0.000211765, -0.000706291, 7.26385e-05, -0.000601667, 2.82046e-05, -0.000270145, -0.000672675, -0.154856, 0.0470281, -0.176358, 0.0244275, -0.0267568, 0.166565, -0.288295, 0, 0, 0, 0, 0, 0, 0, 0.485608, -0.0154017, 0.142545, 0.486385, -0.0157403, 0.142593, 0.996195, -3.71201e-12, -0.0871557, -4.46982e-12, -1, -8.49977e-12, -0.0871557, 8.857e-12, -0.996195, 0
4.76, 2025-07-03__00-41-13.509382, -0.0476191, -0.0815355, 0.0346248, -2.28744, -0.0353948, 2.15757, 0.743937, -0.00106013, -0.000211346, -0.000751637, 0.000457346, -0.000151154, 0.000167231, -0.000915262, -0.103544, 0.0461876, -0.124297, 0.00960731, -0.0259207, 0.161645, -0.286959, 0, 0, 0, 0, 0, 0, 0, 0.485606, -0.0154025, 0.14254, 0.486385, -0.0157403, 0.142593, 0.996195, -3.71201e-12, -0.0871557, -4.46982e-12, -1, -8.49977e-12, -0.0871557, 8.857e-12, -0.996195, 0
4.77, 2025-07-03__00-41-13.519381, -0.0476115, -0.0815334, 0.0346266, -2.28744, -0.0353948, 2.15758, 0.743943, 0.000581285, 0.000343483, -0.000218158, -0.00577149, -9.86634e-05, 5.3121e-05, -3.46842e-05, -0.155977, -0.0771548, -0.177612, 0.145812, -0.0236802, 0.181702, -0.292344, 0, 0, 0, 0, 0, 0, 0, 0.485612, -0.0153994, 0.142547, 0.486385, -0.0157403, 0.142593, 0.996195, -3.71201e-12, -0.0871557, -4.46982e-12, -1, -8.49977e-12, -0.0871557, 8.857e-12, -0.996195, 0
4.78, 2025-07-03__00-41-13.529384, -0.0476143, -0.0815334, 0.0346241, -2.28744, -0.0353938, 2.15757, 0.743943, -0.000355734, -0.000812627, -0.000623609, -0.00127739, -0.000300457, -7.70528e-05, 0.00181177, -0.123966, 0.0379392, -0.144978, 0.0359085, -0.0246603, 0.167206, -0.303737, 0, 0, 0, 0, 0, 0, 0, 0.485607, -0.0154011, 0.142542, 0.486385, -0.0157403, 0.142593, 0.996195, -3.71201e-12, -0.0871557, -4.46982e-12, -1, -8.49977e-12, -0.0871557, 8.857e-12, -0.996195, 0
4.79, 2025-07-03__00-41-13.539384, -0.0476145, -0.0815387, 0.0346266, -2.28744, -0.0353942, 2.15757, 0.743942, 0.000316773, -0.00182982, 0.000393322, 0.000116311, 0.000147716, -0.000275057, 0.00123227, -0.163331, 0.100357, -0.185042, -0.00934145, -0.0282047, 0.16186, -0.300156, 0, 0, 0, 0, 0, 0, 0, 0.485607, -0.0154009, 0.142542, 0.486385, -0.0157403, 0.142593, 0.996195, -3.71201e-12, -0.0871557, -4.46982e-12, -1, -8.49977e-12, -0.0871557, 8.857e-12, -0.996195, 0
4.8, 2025-07-03__00-41-13.549384, -0.0476114, -0.0815309, 0.0346273, -2.28744, -0.0353945, 2.15758, 0.743935, 0.000428913, -0.000269972, 0.000467394, 0.00155523, -0.0002719, 0.000260719, -0.0015117, -0.167179, 0.0674159, -0.188812, -0.0126326, -0.0256512, 0.156647, -0.283099, 0, 0, 0, 0, 0, 0, 0, 0.485607, -0.0153994, 0.142542, 0.486385, -0.0157403, 0.142593, 0.996195, -3.71201e-12, -0.0871557, -4.46982e-12, -1, -8.49977e-12, -0.0871557, 8.857e-12, -0.996195, 0
4.81, 2025-07-03__00-41-13.559398, -0.0476145, -0.0815334, 0.0346269, -2.28744, -0.0353939, 2.15757, 0.743945, 7.51052e-05, -4.21741e-05, -0.00103676, -0.000987528, -0.000121526, 0.00033131, -0.000324264, -0.124504, 0.0161932, -0.145224, 0.0416784, -0.0256203, 0.165212, -0.290925, 0, 0, 0, 0, 0, 0, 0, 0.485608, -0.0153988, 0.142544, 0.486385, -0.0157403, 0.142593, 0.996195, -3.71201e-12, -0.0871557, -4.46982e-12, -1, -8.49977e-12, -0.0871557, 8.857e-12, -0.996195, 0
4.82, 2025-07-03__00-41-13.569377, -0.0476123, -0.0815334, 0.0346274, -2.28744, -0.0353945, 2.15757, 0.743943, 0.000272811, -0.000298001, 8.71161e-06, 0.000944237, 6.91514e-05, 6.96034e-05, 0.00965842, -0.152542, 0.0582739, -0.173866, -0.000887737, -0.0283241, 0.160212, -0.351282, 0, 0, 0, 0, 0, 0, 0, 0.485608, -0.0154024, 0.142544, 0.486385, -0.0157403, 0.142593, 0.996195, -3.71201e-12, -0.0871557, -4.46982e-12, -1, -8.49977e-12, -0.0871557, 8.857e-12, -0.996195, 0
4.83, 2025-07-03__00-41-13.579385, -0.047615, -0.0815362, 0.0346244, -2.28744, -0.0353928, 2.15757, 0.743941, -0.000340659, -0.00171653, -0.000745561, 0.000180057, 3.98158e-05, -0.000153259, 0.00161739, -0.121793, 0.0954373, -0.142623, -0.00913814, -0.0276043, 0.161309, -0.302533, 0, 0, 0, 0, 0, 0, 0, 0.485608, -0.0154006, 0.142544, 0.486385, -0.0157403, 0.142593, 0.996195, -3.71201e-12, -0.0871557, -4.46982e-12, -1, -8.49977e-12, -0.0871557, 8.857e-12, -0.996195, 0
4.84, 2025-07-03__00-41-13.589382, -0.0476089, -0.0815313, 0.034627, -2.28744, -0.0353935, 2.15757, 0.743941, 0.00178851, 0.000143058, -0.000294433, -0.000296864, 0.000437314, -0.000250057, 0.000769584, -0.18115, 0.0210495, -0.202395, 0.0332807, -0.0295193, 0.16727, -0.297225, 0, 0, 0, 0, 0, 0, 0, 0.485608, -0.0154004, 0.142545, 0.486385, -0.0157403, 0.142593, 0.996195, -3.71201e-12, -0.0871557, -4.46982e-12, -1, -8.49977e-12, -0.0871557, 8.857e-12, -0.996195, 0
4.85, 2025-07-03__00-41-13.599389, -0.0476167, -0.0815316, 0.034629, -2.28744, -0.0353947, 2.15757, 0.743938, -0.00126179, 0.0011434, -0.000278547, 0.000934557, -0.000133511, -0.000371175, 0.00510116, -0.109747, 0.00365547, -0.130781, 0.0248928, -0.026408, 0.16672, -0.323425, 0, 0, 0, 0, 0, 0, 0, 0.485603, -0.0154003, 0.142542, 0.486385, -0.0157403, 0.142593, 0.996195, -3.71201e-12, -0.0871557, -4.46982e-12, -1, -8.49977e-12, -0.0871557, 8.857e-12, -0.996195, 0
4.86, 2025-07-03__00-41-13.609382, -0.0476142, -0.0815309, 0.0346241, -2.28744, -0.0353907, 2.15757, 0.743937, -0.000631273, 0.00147636, -0.000751787, 0.00150638, 0.000101569, -8.89484e-05, -0.00116156, -0.11278, 0.00171989, -0.133406, 0.0182125, -0.0278739, 0.163898, -0.28546, 0, 0, 0, 0, 0, 0, 0, 0.485603, -0.0154005, 0.142541, 0.486385, -0.0157403, 0.142593, 0.996195, -3.71201e-12, -0.0871557, -4.46982e-12, -1, -8.49977e-12, -0.0871557, 8.857e-12, -0.996195, 0
4.87, 2025-07-03__00-41-13.619385, -0.0476136, -0.0815336, 0.0346273, -2.28744, -0.0353916, 2.15757, 0.743935, 0.000560613, -0.000682659, 0.000691571, 0.000520925, -0.000148209, -0.000469516, -0.00682779, -0.17551, 0.0641457, -0.197393, 0.00362754, -0.025899, 0.164666, -0.250853, 0, 0, 0, 0, 0, 0, 0, 0.485607, -0.0154008, 0.142541, 0.486385, -0.0157403, 0.142593, 0.996195, -3.71201e-12, -0.0871557, -4.46982e-12, -1, -8.49977e-12, -0.0871557, 8.857e-12, -0.996195, 0
4.88, 2025-07-03__00-41-13.629384, -0.0476151, -0.0815383, 0.0346214, -2.28744, -0.0353924, 2.15757, 0.743936, -9.14206e-05, -0.00121737, -0.00105005, -0.000625785, 0.000224928, 6.0588e-07, -0.00116964, -0.119855, 0.0651068, -0.140479, 0.0146669, -0.0281565, 0.163812, -0.285348, 0, 0, 0, 0, 0, 0, 0, 0.485608, -0.0154049, 0.142544, 0.486385, -0.0157403, 0.142593, 0.996195, -3.71201e-12, -0.0871557, -4.46982e-12, -1, -8.49977e-12, -0.0871557, 8.857e-12, -0.996195, 0
4.89, 2025-07-03__00-41-13.639384, -0.0476143, -0.0815334, 0.0346266, -2.28744, -0.0353935, 2.15757, 0.743942, -0.000189481, -0.000376369, 0.000473062, 0.000279732, 0.000302168, -0.000390995, 0.000886514, -0.152621, 0.0488106, -0.174319, 0.0128083, -0.0289706, 0.165457, -0.29807, 0, 0, 0, 0, 0, 0, 0, 0.485607, -0.0154032, 0.142542, 0.486385, -0.0157403, 0.142593, 0.996195, -3.71201e-12, -0.0871557, -4.46982e-12, -1, -8.49977e-12, -0.0871557, 8.857e-12, -0.996195, 0
4.9, 2025-07-03__00-41-13.649395, -0.0476135, -0.0815362, 0.0346265, -2.28744, -0.0353932, 2.15757, 0.74394, 0.000908652, -0.00118393, -0.00102469, 0.000698328, 7.95344e-05, 3.34728e-05, -0.000172882, -0.144247, 0.0861852, -0.164895, -0.0110261, -0.027858, 0.159519, -0.291584, 0, 0, 0, 0, 0, 0, 0, 0.485607, -0.0154007, 0.142542, 0.486385, -0.0157403, 0.142593, 0.996195, -3.71201e-12, -0.0871557, -4.46982e-12, -1, -8.49977e-12, -0.0871557, 8.857e-12, -0.996195, 0
4.91, 2025-07-03__00-41-13.659396, -0.04761, -0.0815334, 0.034627, -2.28744, -0.0353942, 2.15757, 0.743942, 0.00115323, -7.13947e-05, -0.000831262, 0.000515728, 0.000113663, -0.000105188, 0.00130555, -0.154243, 0.042497, -0.175035, 0.0122754, -0.0278547, 0.163397, -0.300597, 0, 0, 0, 0, 0, 0, 0, 0.485608, -0.0154012, 0.142544, 0.486385, -0.0157403, 0.142593, 0.996195, -3.71201e-12, -0.0871557, -4.46982e-12, -1, -8.49977e-12, -0.0871557, 8.857e-12, -0.996195, 0
4.92, 2025-07-03__00-41-13.669397, -0.0476163, -0.0815334, 0.0346318, -2.28744, -0.0353945, 2.15758, 0.743942, -0.000944368, 5.66223e-05, 0.000638296, -0.00106553, -0.000311587, 0.000305005, 0.00114354, -0.140033, 0.0120367, -0.161949, 0.0449965, -0.0244096, 0.165048, -0.299586, 0, 0, 0, 0, 0, 0, 0, 0.485608, -0.0153985, 0.142544, 0.486385, -0.0157403, 0.142593, 0.996195, -3.71201e-12, -0.0871557, -4.46982e-12, -1, -8.49977e-12, -0.0871557, 8.857e-12, -0.996195, 0
4.93, 2025-07-03__00-41-13.679398, -0.047615, -0.0815334, 0.0346242, -2.28744, -0.0353939, 2.15758, 0.743933, -8.62069e-05, 7.88715e-05, -0.00112063, 0.00117477, 0.000187407, 8.55407e-06, -0.000685088, -0.117675, 0.0474843, -0.138111, 0.000452847, -0.0283667, 0.160464, -0.288126, 0, 0, 0, 0, 0, 0, 0, 0.485608, -0.015403, 0.142544, 0.486385, -0.0157403, 0.142593, 0.996195, -3.71201e-12, -0.0871557, -4.46982e-12, -1, -8.49977e-12, -0.0871557, 8.857e-12, -0.996195, 0
4.94, 2025-07-03__00-41-13.689394, -0.047617, -0.0815309, 0.0346244, -2.28744, -0.0353945, 2.15757, 0.743933, -0.00137999, 0.00074801, -0.000775886, 0.000372465, -9.24846e-05, 0.00022203, -0.00100712, -0.0954571, 0.00877937, -0.116141, 0.0279124, -0.0260612, 0.163727, -0.286168, 0, 0, 0, 0, 0, 0, 0, 0.485608, -0.0154007, 0.142545, 0.486385, -0.0157403, 0.142593, 0.996195, -3.71201e-12, -0.0871557, -4.46982e-12, -1, -8.49977e-12, -0.0871557, 8.857e-12, -0.996195, 0
4.95, 2025-07-03__00-41-13.699396, -0.0476113, -0.0815309, 0.0346291, -2.28745, -0.0353937, 2.15757, 0.743935, 0.00192764, 0.000916404, 1.91339e-05, -0.00259924, 2.49399e-05, -0.00016619, -0.000738213, -0.191447, -0.0465639, -0.213078, 0.0949983, -0.0256755, 0.175666, -0.287597, 0, 0, 0, 0, 0, 0, 0, 0.485608, -0.0154012, 0.142545, 0.486385, -0.0157403, 0.142593, 0.996195, -3.71201e-12, -0.0871557, -4.46982e-12, -1, -8.49977e-12, -0.0871557, 8.857e-12, -0.996195, 0
4.96, 2025-07-03__00-41-13.709395, -0.0476152, -0.0815387, 0.0346325, -2.28744, -0.0353938, 2.15757, 0.743942, -0.000360675, -0.00171713, 0.000656202, 0.000226307, 0.000100096, 0.000289246, 0.000944953, -0.155094, 0.0991322, -0.176995, -0.0114319, -0.0279033, 0.157926, -0.298448, 0, 0, 0, 0, 0, 0, 0, 0.485608, -0.0153992, 0.142544, 0.486385, -0.0157403, 0.142593, 0.996195, -3.71201e-12, -0.0871557, -4.46982e-12, -1, -8.49977e-12, -0.0871557, 8.857e-12, -0.996195, 0
4.97, 2025-07-03__00-41-13.719399, -0.0476174, -0.0815334, 0.0346248, -2.28744, -0.0353904, 2.15757, 0.743942, -0.000351031, -0.000185216, -0.00134354, 0.00108724, -0.000230834, 0.000388021, 0.00097546, -0.106304, 0.0556472, -0.126606, -0.00306624, -0.0261003, 0.158242, -0.298729, 0, 0, 0, 0, 0, 0, 0, 0.485608, -0.0154015, 0.142544, 0.486385, -0.0157403, 0.142593, 0.996195, -3.71201e-12, -0.0871557, -4.46982e-12, -1, -8.49977e-12, -0.0871557, 8.857e-12, -0.996195, 0
4.98, 2025-07-03__00-41-13.729396, -0.0476167, -0.0815309, 0.0346269, -2.28744, -0.0353939, 2.15757, 0.74394, -0.000119328, 0.000988991, -0.000128364, -0.000486392, -3.64124e-06, 0.000260695, 9.38139e-05, -0.139369, -0.0127201, -0.160661, 0.0496134, -0.0263879, 0.166362, -0.293125, 0, 0, 0, 0, 0, 0, 0, 0.485608, -0.0154018, 0.142545, 0.486385, -0.0157403, 0.142593, 0.996195, -3.71201e-12, -0.0871557, -4.46982e-12, -1, -8.49977e-12, -0.0871557, 8.857e-12, -0.996195, 0
4.99, 2025-07-03__00-41-13.739395, -0.0476097, -0.0815316, 0.0346304, -2.28744, -0.0353956, 2.15758, 0.743939, 0.00148467, 0.000706737, 0.000840842, -0.00426684, -0.000266385, 0.000184833, 5.16305e-05, -0.201225, -0.0638589, -0.223574, 0.121955, -0.0231614, 0.176806, -0.292549, 0, 0, 0, 0, 0, 0, 0, 0.485608, -0.0153992, 0.142545, 0.486385, -0.0157403, 0.142593, 0.996195, -3.71201e-12, -0.0871557, -4.46982e-12, -1, -8.49977e-12, -0.0871557, 8.857e-12, -0.996195, 0
5, 2025-07-03__00-41-13.749396, -0.0476189, -0.0815309, 0.0346288, -2.28744, -0.0353948, 2.15757, 0.743941, -0.00105677, 0.000341115, 0.000284883, -0.000288125, -0.00018329, -3.99077e-05, 0.000874449, -0.127749, 0.0127025, -0.149328, 0.035629, -0.0254477, 0.166472, -0.297935, 0, 0, 0, 0, 0, 0, 0, 0.485607, -0.0154019, 0.142542, 0.486385, -0.0157403, 0.142593, 0.996195, -3.71201e-12, -0.0871557, -4.46982e-12, -1, -8.49977e-12, -0.0871557, 8.857e-12, -0.996195, 0
5.01, 2025-07-03__00-41-13.759395, -0.0476136, -0.0815362, 0.0346269, -2.28744, -0.0353947, 2.15757, 0.743937, -0.000242573, -0.00127761, 0.000951673, 0.00130482, -9.1134e-05, -0.000342009, -0.000801815, -0.163042, 0.0994681, -0.185039, -0.0233095, -0.02691, 0.159983, -0.287535, 0, 0, 0, 0, 0, 0, 0, 0.485608, -0.0154015, 0.142544, 0.486385, -0.0157403, 0.142593, 0.996195, -3.71201e-12, -0.0871557, -4.46982e-12, -1, -8.49977e-12, -0.0871557, 8.857e-12, -0.996195, 0
5.02, 2025-07-03__00-41-13.769397, -0.0476144, -0.0815334, 0.0346325, -2.28744, -0.0353896, 2.15757, 0.743939, -0.000104434, 9.19431e-05, 0.00115075, 0.00205653, -5.08211e-05, -0.000288623, -0.000586988, -0.170651, 0.0625986, -0.192733, -0.0151967, -0.0275452, 0.160283, -0.288951, 0, 0, 0, 0, 0, 0, 0, 0.485608, -0.0153997, 0.142544, 0.486385, -0.0157403, 0.142593, 0.996195, -3.71201e-12, -0.0871557, -4.46982e-12, -1, -8.49977e-12, -0.0871557, 8.857e-12, -0.996195, 0
5.03, 2025-07-03__00-41-13.779385, -0.0476167, -0.0815334, 0.0346315, -2.28744, -0.0353941, 2.15757, 0.743938, -0.00105023, -0.00111547, 0.00103023, -0.000800576, 5.65165e-05, -0.000368967, -0.000503914, -0.147166, 0.0568743, -0.169354, 0.0223328, -0.026951, 0.16707, -0.289389, 0, 0, 0, 0, 0, 0, 0, 0.485607, -0.0154007, 0.142541, 0.486385, -0.0157403, 0.142593, 0.996195, -3.71201e-12, -0.0871557, -4.46982e-12, -1, -8.49977e-12, -0.0871557, 8.857e-12, -0.996195, 0
5.04, 2025-07-03__00-41-13.789384, -0.0476075, -0.0815362, 0.034627, -2.28744, -0.0353945, 2.15757, 0.743938, 0.00724597, -0.000203682, -0.000260083, -9.80049e-05, 2.62352e-05, -0.000290524, -9.95814e-05, -0.306341, 0.0421738, -0.327843, 0.0241753, -0.0271539, 0.165504, -0.291459, 0, 0, 0, 0, 0, 0, 0, 0.485608, -0.0154029, 0.142544, 0.486385, -0.0157403, 0.142593, 0.996195, -3.71201e-12, -0.0871557, -4.46982e-12, -1, -8.49977e-12, -0.0871557, 8.857e-12, -0.996195, 0
5.05, 2025-07-03__00-41-13.799387, -0.047617, -0.081533, 0.0346266, -2.28744, -0.0353906, 2.15757, 0.743938, 0.000125744, 7.85114e-05, -0.000267532, -0.000792616, -0.00012031, 2.81519e-05, -0.000355632, -0.142359, 0.0149299, -0.163581, 0.0409669, -0.0258674, 0.166893, -0.290287, 0, 0, 0, 0, 0, 0, 0, 0.485607, -0.0154008, 0.142542, 0.486385, -0.0157403, 0.142593, 0.996195, -3.71201e-12, -0.0871557, -4.46982e-12, -1, -8.49977e-12, -0.0871557, 8.857e-12, -0.996195, 0
5.06, 2025-07-03__00-41-13.809382, -0.0476118, -0.0815334, 0.0346265, -2.28744, -0.0353932, 2.15758, 0.743937, 0.00149769, -0.00076861, -0.000449936, 0.00665366, 0.000115903, 0.000226667, 1.28138e-05, -0.169457, 0.171658, -0.190123, -0.124695, -0.0305177, 0.140168, -0.292627, 0, 0, 0, 0, 0, 0, 0, 0.485608, -0.0154016, 0.142544, 0.486385, -0.0157403, 0.142593, 0.996195, -3.71201e-12, -0.0871557, -4.46982e-12, -1, -8.49977e-12, -0.0871557, 8.857e-12, -0.996195, 0
5.07, 2025-07-03__00-41-13.819395, -0.0476166, -0.0815334, 0.0346297, -2.28744, -0.0353944, 2.15757, 0.743936, -0.000506701, 0.000569727, 0.000334041, -0.00183517, -0.000247008, 6.0226e-05, -9.99113e-05, -0.142355, -0.0198674, -0.164076, 0.0702318, -0.0243247, 0.170891, -0.291657, 0, 0, 0, 0, 0, 0, 0, 0.485609, -0.0153993, 0.142546, 0.486385, -0.0157403, 0.142593, 0.996195, -3.71201e-12, -0.0871557, -4.46982e-12, -1, -8.49977e-12, -0.0871557, 8.857e-12, -0.996195, 0
5.08, 2025-07-03__00-41-13.829402, -0.0476152, -0.0815309, 0.0346263, -2.28744, -0.0353942, 2.15757, 0.743938, -0.00107836, 0.000351307, -0.000640342, -1.07323e-05, 8.14773e-05, 0.000197919, -0.000741215, -0.106566, 0.0168379, -0.127418, 0.0291222, -0.0271257, 0.164153, -0.288055, 0, 0, 0, 0, 0, 0, 0, 0.485607, -0.0153994, 0.142542, 0.486385, -0.0157403, 0.142593, 0.996195, -3.71201e-12, -0.0871557, -4.46982e-12, -1, -8.49977e-12, -0.0871557, 8.857e-12, -0.996195, 0
5.09, 2025-07-03__00-41-13.839397, -0.0476118, -0.0815589, 0.0346304, -2.28742, -0.0353853, 2.15742, 0.743915, -0.00251678, -0.00891205, 0.00122165, 0.00705198, -9.47008e-05, -0.0464096, -0.00218138, 0.414351, -37.3892, 0.216112, 23.7206, 0.763136, -6.20799, -0.642701, 0, 0, 0, 0, 0, 0, 0, 0.48559, -0.015398, 0.142547, 0.486385, -0.0157403, 0.742593, 0.996195, -3.71201e-12, -0.0871557, -4.46982e-12, -1, -8.49977e-12, -0.0871557, 8.857e-12, -0.996195, 0
5.1, 2025-07-03__00-41-13.849387, -0.0475531, -0.082092, 0.0346492, -2.28656, -0.0352174, 2.15301, 0.743592, 0.00945049, -0.0708765, 0.00216108, 0.120407, 0.0259763, -0.603994, -0.0412716, 0.181828, -34.8183, -0.0118672, 21.9247, 0.514207, -2.6266, -0.37683, 0, 0, 0, 0, 0, 0, 0, 0.484725, -0.0153591, 0.142816, 0.486385, -0.0157403, 0.742593, 0.996195, -3.71201e-12, -0.0871557, -4.46982e-12, -1, -8.49977e-12, -0.0871557, 8.857e-12, -0.996195, 0
5.11, 2025-07-03__00-41-13.859384, -0.0474933, -0.0830729, 0.0346772, -2.28434, -0.0350222, 2.14335, 0.743071, 0.0035066, -0.107966, 0.00275883, 0.269064, 0.0197399, -1.04317, -0.0508048, 0.389892, -32.72, 0.203611, 19.3098, 0.44697, 0.334213, -0.286649, 0, 0, 0, 0, 0, 0, 0, 0.482716, -0.0153306, 0.143514, 0.486385, -0.0157403, 0.742593, 0.996195, -3.71201e-12, -0.0871557, -4.46982e-12, -1, -8.49977e-12, -0.0871557, 8.857e-12, -0.996195, 0
5.12, 2025-07-03__00-41-13.869383, -0.0474321, -0.0845611, 0.0347146, -2.28074, -0.0349527, 2.13065, 0.742624, -0.000877851, -0.162541, 0.00599506, 0.386807, 0.00174937, -1.31238, -0.0430058, 0.453271, -30.2799, 0.267411, 16.4847, 0.470694, 2.26164, -0.317337, 0, 0, 0, 0, 0, 0, 0, 0.480392, -0.0153538, 0.144873, 0.486385, -0.0157403, 0.742593, 0.996195, -3.71201e-12, -0.0871557, -4.46982e-12, -1, -8.49977e-12, -0.0871557, 8.857e-12, -0.996195, 0
5.13, 2025-07-03__00-41-13.879385, -0.0473681, -0.086966, 0.0347702, -2.27657, -0.0348656, 2.11717, 0.742407, 0.00497915, -0.259954, 0.00955888, 0.429966, 0.0105502, -1.32588, -0.0166131, 0.189202, -26.8889, -0.00479765, 13.7311, 0.354894, 2.50987, -0.482487, 0, 0, 0, 0, 0, 0, 0, 0.478161, -0.0153847, 0.146861, 0.486385, -0.0157403, 0.742593, 0.996195, -3.71201e-12, -0.0871557, -4.46982e-12, -1, -8.49977e-12, -0.0871557, 8.857e-12, -0.996195, 0
5.14, 2025-07-03__00-41-13.889383, -0.0473424, -0.089699, 0.0348071, -2.27176, -0.0347919, 2.10473, 0.742228, 0.00193081, -0.279858, 0.00318384, 0.482042, 0.00390743, -1.20308, -0.0233843, 0.379602, -25.5777, 0.187752, 11.8122, 0.36157, 1.81427, -0.454733, 0, 0, 0, 0, 0, 0, 0, 0.476653, -0.0154381, 0.149401, 0.486385, -0.0157403, 0.742593, 0.996195, -3.71201e-12, -0.0871557, -4.46982e-12, -1, -8.49977e-12, -0.0871557, 8.857e-12, -0.996195, 0
5.15, 2025-07-03__00-41-13.899386, -0.0473335, -0.0932897, 0.034828, -2.26692, -0.0347611, 2.0932, 0.741993, -0.00224498, -0.396865, -0.00115178, 0.474898, 0.000199156, -1.13682, -0.026866, 0.451686, -21.609, 0.253263, 9.72494, 0.364189, 1.36077, -0.446687, 0, 0, 0, 0, 0, 0, 0, 0.475635, -0.015517, 0.152398, 0.486385, -0.0157403, 0.742593, 0.996195, -3.71201e-12, -0.0871557, -4.46982e-12, -1, -8.49977e-12, -0.0871557, 8.857e-12, -0.996195, 0
5.16, 2025-07-03__00-41-13.909382, -0.0473435, -0.0984672, 0.03482, -2.26229, -0.0347223, 2.0821, 0.741765, -0.00334122, -0.549563, -0.00146383, 0.471023, 0.00498195, -1.10571, -0.0297073, 0.316444, -16.0344, 0.105351, 7.17168, 0.309037, 0.941868, -0.447974, 0, 0, 0, 0, 0, 0, 0, 0.474921, -0.0156274, 0.156087, 0.486385, -0.0157403, 0.742593, 0.996195, -3.71201e-12, -0.0871557, -4.46982e-12, -1, -8.49977e-12, -0.0871557, 8.857e-12, -0.996195, 0
5.17, 2025-07-03__00-41-13.919382, -0.0473592, -0.104576, 0.0348182, -2.25753, -0.034696, 2.07142, 0.741522, -0.000702777, -0.624557, -0.000395606, 0.476796, 0.00624822, -1.06979, -0.0217928, 0.105229, -12.8122, -0.119909, 5.79679, 0.290457, 0.517951, -0.514401, 0, 0, 0, 0, 0, 0, 0, 0.474548, -0.0157529, 0.160331, 0.486385, -0.0157403, 0.742593, 0.996195, -3.71201e-12, -0.0871557, -4.46982e-12, -1, -8.49977e-12, -0.0871557, 8.857e-12, -0.996195, 0
5.18, 2025-07-03__00-41-13.929385, -0.0473767, -0.111076, 0.0348171, -2.25272, -0.0346681, 2.06111, 0.741262, 0.000909844, -0.659035, -0.00107753, 0.479976, 0.00651893, -1.02829, -0.0261181, -0.0231176, -10.9374, -0.260704, 5.17718, 0.291134, 0.0916925, -0.505957, 0, 0, 0, 0, 0, 0, 0, 0.474377, -0.0158712, 0.16485, 0.486385, -0.0157403, 0.742593, 0.996195, -3.71201e-12, -0.0871557, -4.46982e-12, -1, -8.49977e-12, -0.0871557, 8.857e-12, -0.996195, 0
5.19, 2025-07-03__00-41-13.939385, -0.0473714, -0.117833, 0.0348385, -2.24766, -0.034635, 2.05079, 0.740994, 0.000782565, -0.696826, 0.00204252, 0.506977, 0.0021478, -1.03833, -0.0233062, -0.19664, -8.52883, -0.448715, 4.19559, 0.310348, -0.0887257, -0.538269, 0, 0, 0, 0, 0, 0, 0, 0.474314, -0.0159697, 0.169575, 0.486385, -0.0157403, 0.742593, 0.996195, -3.71201e-12, -0.0871557, -4.46982e-12, -1, -8.49977e-12, -0.0871557, 8.857e-12, -0.996195, 0
5.2, 2025-07-03__00-41-13.949385, -0.0473551, -0.125211, 0.0348481, -2.24262, -0.0345977, 2.04014, 0.740688, -0.00304584, -0.754497, -0.00458495, 0.494964, 0.00227709, -1.07411, -0.0312872, -0.0947982, -6.03391, -0.352673, 3.74019, 0.319248, -0.028631, -0.504685, 0, 0, 0, 0, 0, 0, 0, 0.474209, -0.0160644, 0.174583, 0.486385, -0.0157403, 0.742593, 0.996195, -3.71201e-12, -0.0871557, -4.46982e-12, -1, -8.49977e-12, -0.0871557, 8.857e-12, -0.996195, 0
5.21, 2025-07-03__00-41-13.959384, -0.0473738, -0.132945, 0.0348401, -2.2376, -0.0345591, 2.02936, 0.740303, -0.00390115, -0.773466, -0.00164913, 0.506704, 0.00318144, -1.0766, -0.0328361, -0.24808, -4.40269, -0.522173, 3.37513, 0.318028, -0.205135, -0.508942, 0, 0, 0, 0, 0, 0, 0, 0.474001, -0.0161813, 0.179753, 0.486385, -0.0157403, 0.742593, 0.996195, -3.71201e-12, -0.0871557, -4.46982e-12, -1, -8.49977e-12, -0.0871557, 8.857e-12, -0.996195, 0
5.22, 2025-07-03__00-41-13.969382, -0.0473921, -0.14074, 0.034812, -2.23223, -0.0345092, 2.01853, 0.739898, -0.00135529, -0.768367, -0.00405744, 0.542625, -6.71509e-05, -1.08089, -0.0375931, -0.332398, -3.15424, -0.614573, 2.94904, 0.33947, -0.415018, -0.494175, 0, 0, 0, 0, 0, 0, 0, 0.473896, -0.0163046, 0.185112, 0.486385, -0.0157403, 0.742593, 0.996195, -3.71201e-12, -0.0871557, -4.46982e-12, -1, -8.49977e-12, -0.0871557, 8.857e-12, -0.996195, 0
5.23, 2025-07-03__00-41-13.979383, -0.0474495, -0.148225, 0.0348119, -2.22665, -0.0344678, 2.00747, 0.739459, -0.00379678, -0.751295, -0.0020243, 0.562454, -0.002749, -1.11884, -0.0465575, -0.393116, -2.72554, -0.689027, 3.12712, 0.365496, -0.29703, -0.451146, 0, 0, 0, 0, 0, 0, 0, 0.47371, -0.0164352, 0.190406, 0.486385, -0.0157403, 0.742593, 0.996195, -3.71201e-12, -0.0871557, -4.46982e-12, -1, -8.49977e-12, -0.0871557, 8.857e-12, -0.996195, 0
5.24, 2025-07-03__00-41-13.989383, -0.0474799, -0.155864, 0.0348026, -2.22068, -0.0344149, 1.99613, 0.739023, -0.00167529, -0.774186, -0.000950994, 0.613431, 0.0106686, -1.1369, -0.0410047, -0.570757, -0.161516, -0.876992, 1.93114, 0.268594, -0.498012, -0.499402, 0, 0, 0, 0, 0, 0, 0, 0.47353, -0.0165554, 0.195905, 0.486385, -0.0157403, 0.742593, 0.996195, -3.71201e-12, -0.0871557, -4.46982e-12, -1, -8.49977e-12, -0.0871557, 8.857e-12, -0.996195, 0
5.25, 2025-07-03__00-41-13.999384, -0.0474924, -0.163416, 0.0347793, -2.21458, -0.0343674, 1.98456, 0.738616, 5.49062e-05, -0.749679, -0.00316725, 0.613805, 0.00223502, -1.17699, -0.0431662, -0.619677, -0.277373, -0.938772, 2.62118, 0.339889, -0.294011, -0.498669, 0, 0, 0, 0, 0, 0, 0, 0.473269, -0.0166696, 0.201446, 0.486385, -0.0157403, 0.742593, 0.996195, -3.71201e-12, -0.0871557, -4.46982e-12, -1, -8.49977e-12, -0.0871557, 8.857e-12, -0.996195, 0
5.26, 2025-07-03__00-41-14.009383, -0.0475041, -0.170677, 0.0347031, -2.20822, -0.0343028, 1.97281, 0.738212, -0.00164375, -0.733962, -0.00399246, 0.651247, 0.00765406, -1.17084, -0.0480826, -0.632018, 0.639686, -0.956651, 2.2601, 0.307659, -0.516089, -0.485826, 0, 0, 0, 0, 0, 0, 0, 0.47295, -0.0167905, 0.206933, 0.486385, -0.0157403, 0.742593, 0.996195, -3.71201e-12, -0.0871557, -4.46982e-12, -1, -8.49977e-12, -0.0871557, 8.857e-12, -0.996195, 0
5.27, 2025-07-03__00-41-14.019385, -0.0475197, -0.177813, 0.0346184, -2.20143, -0.0342333, 1.96077, 0.737834, -0.00389221, -0.70853, -0.00921346, 0.682281, 0.00382103, -1.20585, -0.0301776, -0.514938, 1.0316, -0.836576, 2.3095, 0.338435, -0.416395, -0.611994, 0, 0, 0, 0, 0, 0, 0, 0.472632, -0.0169172, 0.212542, 0.486385, -0.0157403, 0.742593, 0.996195, -3.71201e-12, -0.0871557, -4.46982e-12, -1, -8.49977e-12, -0.0871557, 8.857e-12, -0.996195, 0
5.28, 2025-07-03__00-41-14.029385, -0.0475439, -0.184683, 0.0345186, -2.19425, -0.0341623, 1.94849, 0.73747, -0.00282738, -0.689828, -0.00666693, 0.735855, 0.00998016, -1.22274, -0.0357811, -0.650449, 2.11229, -0.983193, 1.72591, 0.290549, -0.509097, -0.598276, 0, 0, 0, 0, 0, 0, 0, 0.472303, -0.0170449, 0.218193, 0.486385, -0.0157403, 0.742593, 0.996195, -3.71201e-12, -0.0871557, -4.46982e-12, -1, -8.49977e-12, -0.0871557, 8.857e-12, -0.996195, 0
5.29, 2025-07-03__00-41-14.039384, -0.0475673, -0.191284, 0.0344202, -2.18682, -0.0341094, 1.93604, 0.737034, -0.00406322, -0.650415, -0.00632747, 0.750557, 0.00473525, -1.24765, -0.0453473, -0.664675, 1.6953, -1.00837, 2.29218, 0.337576, -0.382424, -0.554494, 0, 0, 0, 0, 0, 0, 0, 0.471927, -0.0171794, 0.22385, 0.486385, -0.0157403, 0.742593, 0.996195, -3.71201e-12, -0.0871557, -4.46982e-12, -1, -8.49977e-12, -0.0871557, 8.857e-12, -0.996195, 0
5.3, 2025-07-03__00-41-14.049385, -0.0475909, -0.197504, 0.0343215, -2.17909, -0.0340382, 1.92335, 0.736561, -0.000232635, -0.613174, -0.00814214, 0.791166, 0.0079548, -1.27041, -0.0473357, -0.735385, 1.77224, -1.08507, 2.27902, 0.316287, -0.32675, -0.554533, 0, 0, 0, 0, 0, 0, 0, 0.471449, -0.0173078, 0.229421, 0.486385, -0.0157403, 0.742593, 0.996195, -3.71201e-12, -0.0871557, -4.46982e-12, -1, -8.49977e-12, -0.0871557, 8.857e-12, -0.996195, 0
5.31, 2025-07-03__00-41-14.059383, -0.0476113, -0.203395, 0.0341976, -2.17091, -0.0339581, 1.91055, 0.736104, -0.00240279, -0.575407, -0.0098712, 0.831292, 0.0136116, -1.28758, -0.0447688, -0.679035, 1.8385, -1.02659, 2.26174, 0.282987, -0.306197, -0.583751, 0, 0, 0, 0, 0, 0, 0, 0.47103, -0.0174247, 0.235042, 0.486385, -0.0157403, 0.742593, 0.996195, -3.71201e-12, -0.0871557, -4.46982e-12, -1, -8.49977e-12, -0.0871557, 8.857e-12, -0.996195, 0
5.32, 2025-07-03__00-41-14.069383, -0.0476492, -0.208853, 0.0340677, -2.16224, -0.0339066, 1.89772, 0.735694, -0.00230188, -0.537794, -0.0137586, 0.86248, 0.00676882, -1.28553, -0.0451583, -0.615095, 1.79202, -0.958989, 2.36386, 0.333431, -0.394265, -0.598216, 0, 0, 0, 0, 0, 0, 0, 0.470684, -0.0175625, 0.240686, 0.486385, -0.0157403, 0.742593, 0.996195, -3.71201e-12, -0.0871557, -4.46982e-12, -1, -8.49977e-12, -0.0871557, 8.857e-12, -0.996195, 0
5.33, 2025-07-03__00-41-14.079383, -0.0476939, -0.214065, 0.0339276, -2.15344, -0.0338233, 1.88456, 0.735339, -0.00318993, -0.518758, -0.012138, 0.902828, 0.00869321, -1.31908, -0.0360553, -0.66077, 2.49077, -1.01035, 2.03684, 0.3121, -0.264877, -0.672052, 0, 0, 0, 0, 0, 0, 0, 0.470153, -0.0176942, 0.246231, 0.486385, -0.0157403, 0.742593, 0.996195, -3.71201e-12, -0.0871557, -4.46982e-12, -1, -8.49977e-12, -0.0871557, 8.857e-12, -0.996195, 0
5.34, 2025-07-03__00-41-14.089383, -0.0477145, -0.219051, 0.0337883, -2.14415, -0.033732, 1.87135, 0.73501, -0.00158893, -0.478161, -0.0108899, 0.951736, 0.0123989, -1.3083, -0.0283204, -0.736852, 2.64797, -1.09335, 1.80213, 0.280768, -0.441451, -0.738599, 0, 0, 0, 0, 0, 0, 0, 0.469734, -0.0178, 0.251914, 0.486385, -0.0157403, 0.742593, 0.996195, -3.71201e-12, -0.0871557, -4.46982e-12, -1, -8.49977e-12, -0.0871557, 8.857e-12, -0.996195, 0
5.35, 2025-07-03__00-41-14.099386, -0.0477361, -0.223404, 0.0336407, -2.13449, -0.0336836, 1.85817, 0.734645, -0.00296295, -0.421464, -0.0164442, 0.966131, 9.50605e-05, -1.32883, -0.0389378, -0.569522, 1.43754, -0.915705, 2.62331, 0.377481, -0.263217, -0.689735, 0, 0, 0, 0, 0, 0, 0, 0.469367, -0.017924, 0.257506, 0.486385, -0.0157403, 0.742593, 0.996195, -3.71201e-12, -0.0871557, -4.46982e-12, -1, -8.49977e-12, -0.0871557, 8.857e-12, -0.996195, 0
5.36, 2025-07-03__00-41-14.109385, -0.0477696, -0.227561, 0.0334884, -2.1246, -0.0335894, 1.84475, 0.734212, -0.000616052, -0.410013, -0.0137587, 0.999228, 0.00581469, -1.34668, -0.0447193, -0.707144, 2.30783, -1.06491, 2.23962, 0.328956, -0.217973, -0.666872, 0, 0, 0, 0, 0, 0, 0, 0.468885, -0.018039, 0.263042, 0.486385, -0.0157403, 0.742593, 0.996195, -3.71201e-12, -0.0871557, -4.46982e-12, -1, -8.49977e-12, -0.0871557, 8.857e-12, -0.996195, 0
5.37, 2025-07-03__00-41-14.119384, -0.0477866, -0.231444, 0.0333305, -2.11417, -0.0335013, 1.83139, 0.733774, 0.000622305, -0.374404, -0.0150509, 1.06011, 0.00931198, -1.3321, -0.0431092, -0.71429, 2.86428, -1.06472, 1.66143, 0.295777, -0.453703, -0.689422, 0, 0, 0, 0, 0, 0, 0, 0.468545, -0.0181378, 0.268742, 0.486385, -0.0157403, 0.742593, 0.996195, -3.71201e-12, -0.0871557, -4.46982e-12, -1, -8.49977e-12, -0.0871557, 8.857e-12, -0.996195, 0
5.38, 2025-07-03__00-41-14.129385, -0.0478025, -0.234829, 0.033144, -2.10352, -0.0334117, 1.81794, 0.733296, -0.000625304, -0.331762, -0.0194611, 1.08049, 0.0166033, -1.35493, -0.0473621, -0.588277, 2.25842, -0.92356, 2.10161, 0.259077, -0.284472, -0.6722, 0, 0, 0, 0, 0, 0, 0, 0.468163, -0.0182468, 0.274308, 0.486385, -0.0157403, 0.742593, 0.996195, -3.71201e-12, -0.0871557, -4.46982e-12, -1, -8.49977e-12, -0.0871557, 8.857e-12, -0.996195, 0
5.39, 2025-07-03__00-41-14.139384, -0.0478078, -0.238051, 0.0329827, -2.09249, -0.0333294, 1.80434, 0.732772, 0.00174237, -0.313522, -0.0151759, 1.11807, 0.00809463, -1.36569, -0.049638, -0.73697, 2.98415, -1.0863, 1.73145, 0.29919, -0.29057, -0.662777, 0, 0, 0, 0, 0, 0, 0, 0.467777, -0.018351, 0.27995, 0.486385, -0.0157403, 0.742593, 0.996195, -3.71201e-12, -0.0871557, -4.46982e-12, -1, -8.49977e-12, -0.0871557, 8.857e-12, -0.996195, 0
5.4, 2025-07-03__00-41-14.149386, -0.0478227, -0.240811, 0.0327827, -2.08113, -0.0332604, 1.79073, 0.732244, 5.52719e-06, -0.256991, -0.0212396, 1.13346, 0.00936302, -1.36687, -0.0512311, -0.543315, 1.7406, -0.869914, 2.46951, 0.309893, -0.232183, -0.658765, 0, 0, 0, 0, 0, 0, 0, 0.467401, -0.0184544, 0.285547, 0.486385, -0.0157403, 0.742593, 0.996195, -3.71201e-12, -0.0871557, -4.46982e-12, -1, -8.49977e-12, -0.0871557, 8.857e-12, -0.996195, 0
5.41, 2025-07-03__00-41-14.159382, -0.0478282, -0.243142, 0.0325992, -2.0695, -0.0332032, 1.77715, 0.731793, 0.00101894, -0.227717, -0.0190567, 1.19155, 0.00554393, -1.37511, -0.0419116, -0.603921, 2.341, -0.93006, 1.89095, 0.316867, -0.277595, -0.723644, 0, 0, 0, 0, 0, 0, 0, 0.467031, -0.0185553, 0.291042, 0.486385, -0.0157403, 0.742593, 0.996195, -3.71201e-12, -0.0871557, -4.46982e-12, -1, -8.49977e-12, -0.0871557, 8.857e-12, -0.996195, 0
5.42, 2025-07-03__00-41-14.169380, -0.0478419, -0.24533, 0.0324357, -2.05744, -0.0331431, 1.76349, 0.731325, 0.001796, -0.203476, -0.0107254, 1.19719, 0.00581853, -1.38417, -0.0466697, -0.805953, 2.22205, -1.16507, 2.24598, 0.31069, -0.197987, -0.700587, 0, 0, 0, 0, 0, 0, 0, 0.466732, -0.0186509, 0.296695, 0.486385, -0.0157403, 0.742593, 0.996195, -3.71201e-12, -0.0871557, -4.46982e-12, -1, -8.49977e-12, -0.0871557, 8.857e-12, -0.996195, 0
5.43, 2025-07-03__00-41-14.179381, -0.0478481, -0.247094, 0.0322501, -2.04518, -0.0330945, 1.74977, 0.730797, -0.000697781, -0.164202, -0.0205236, 1.23091, 0.00365066, -1.36627, -0.0568478, -0.523242, 1.97076, -0.83523, 2.26155, 0.338891, -0.337166, -0.64325, 0, 0, 0, 0, 0, 0, 0, 0.466369, -0.0187448, 0.302224, 0.486385, -0.0157403, 0.742593, 0.996195, -3.71201e-12, -0.0871557, -4.46982e-12, -1, -8.49977e-12, -0.0871557, 8.857e-12, -0.996195, 0
5.44, 2025-07-03__00-41-14.189384, -0.0478672, -0.248464, 0.0320761, -2.03241, -0.0330513, 1.73607, 0.730199, -0.00224925, -0.125683, -0.0118003, 1.26371, 0.00409246, -1.3735, -0.0642705, -0.668315, 1.73292, -1.00343, 2.35574, 0.327656, -0.31427, -0.596936, 0, 0, 0, 0, 0, 0, 0, 0.466121, -0.0188389, 0.30783, 0.486385, -0.0157403, 0.742593, 0.996195, -3.71201e-12, -0.0871557, -4.46982e-12, -1, -8.49977e-12, -0.0871557, 8.857e-12, -0.996195, 0
5.45, 2025-07-03__00-41-14.199382, -0.0478939, -0.249508, 0.0318948, -2.01954, -0.0329663, 1.72214, 0.729541, -0.00054666, -0.105298, -0.0156943, 1.2903, 0.0102564, -1.38211, -0.0657324, -0.613241, 2.01583, -0.928332, 2.22179, 0.285166, -0.262647, -0.58247, 0, 0, 0, 0, 0, 0, 0, 0.465754, -0.0189225, 0.313294, 0.486385, -0.0157403, 0.742593, 0.996195, -3.71201e-12, -0.0871557, -4.46982e-12, -1, -8.49977e-12, -0.0871557, 8.857e-12, -0.996195, 0
5.46, 2025-07-03__00-41-14.209382, -0.0479084, -0.250381, 0.0317325, -2.0063, -0.032941, 1.70827, 0.728865, -0.00135069, -0.0768166, -0.0186268, 1.30797, 0.00267181, -1.37813, -0.0645834, -0.513253, 1.86156, -0.80872, 2.39239, 0.342151, -0.280981, -0.582916, 0, 0, 0, 0, 0, 0, 0, 0.465443, -0.0190085, 0.318864, 0.486385, -0.0157403, 0.742593, 0.996195, -3.71201e-12, -0.0871557, -4.46982e-12, -1, -8.49977e-12, -0.0871557, 8.857e-12, -0.996195, 0
5.47, 2025-07-03__00-41-14.219381, -0.0479235, -0.250821, 0.0315892, -1.99275, -0.0328953, 1.69447, 0.728209, -0.00171862, -0.0486434, -0.00992267, 1.36127, 0.00854891, -1.36818, -0.0632107, -0.694268, 2.41199, -1.00984, 1.85448, 0.282321, -0.432284, -0.584408, 0, 0, 0, 0, 0, 0, 0, 0.465167, -0.0190916, 0.324367, 0.486385, -0.0157403, 0.742593, 0.996195, -3.71201e-12, -0.0871557, -4.46982e-12, -1, -8.49977e-12, -0.0871557, 8.857e-12, -0.996195, 0
5.48, 2025-07-03__00-41-14.229382, -0.0479423, -0.251047, 0.0314473, -1.97884, -0.0328629, 1.68061, 0.727479, -0.00572955, -0.0120457, -0.015956, 1.38071, 0.00218313, -1.36673, -0.0756663, -0.451648, 1.93327, -0.72497, 2.16351, 0.342602, -0.430837, -0.497847, 0, 0, 0, 0, 0, 0, 0, 0.464916, -0.0191541, 0.329928, 0.486385, -0.0157403, 0.742593, 0.996195, -3.71201e-12, -0.0871557, -4.46982e-12, -1, -8.49977e-12, -0.0871557, 8.857e-12, -0.996195, 0
5.49, 2025-07-03__00-41-14.239383, -0.047971, -0.251032, 0.0312957, -1.96479, -0.0328263, 1.66676, 0.726721, -0.00480828, -0.00841122, -0.0142357, 1.42502, -0.00148127, -1.38387, -0.0815015, -0.510052, 3.31368, -0.775839, 1.39483, 0.347526, -0.406993, -0.449835, 0, 0, 0, 0, 0, 0, 0, 0.464629, -0.0192338, 0.335422, 0.486385, -0.0157403, 0.742593, 0.996195, -3.71201e-12, -0.0871557, -4.46982e-12, -1, -8.49977e-12, -0.0871557, 8.857e-12, -0.996195, 0
5.5, 2025-07-03__00-41-14.249383, -0.0479792, -0.250812, 0.031167, -1.95043, -0.0327614, 1.65287, 0.725991, -0.00443687, 0.041403, -0.0113264, 1.42001, 0.00943437, -1.39181, -0.069965, -0.552247, 1.77225, -0.828644, 2.46035, 0.288945, -0.264604, -0.504873, 0, 0, 0, 0, 0, 0, 0, 0.464379, -0.0192859, 0.341007, 0.486385, -0.0157403, 0.742593, 0.996195, -3.71201e-12, -0.0871557, -4.46982e-12, -1, -8.49977e-12, -0.0871557, 8.857e-12, -0.996195, 0
5.51, 2025-07-03__00-41-14.259383, -0.0479998, -0.250263, 0.0310278, -1.93584, -0.0327117, 1.6389, 0.725228, -0.0010668, 0.0517749, -0.0121393, 1.45662, 0.00698103, -1.40337, -0.0809261, -0.593184, 2.70401, -0.85817, 1.95958, 0.290119, -0.245355, -0.423219, 0, 0, 0, 0, 0, 0, 0, 0.464086, -0.0193458, 0.346485, 0.486385, -0.0157403, 0.742593, 0.996195, -3.71201e-12, -0.0871557, -4.46982e-12, -1, -8.49977e-12, -0.0871557, 8.857e-12, -0.996195, 0
5.52, 2025-07-03__00-41-14.269381, -0.0480039, -0.249542, 0.0309012, -1.92107, -0.0326639, 1.62505, 0.72451, 0.0042733, 0.0827158, -0.010421, 1.4663, 0.014585, -1.3896, -0.0674386, -0.722007, 2.26946, -1.00019, 2.32151, 0.23603, -0.317136, -0.490697, 0, 0, 0, 0, 0, 0, 0, 0.463805, -0.0193974, 0.352, 0.486385, -0.0157403, 0.742593, 0.996195, -3.71201e-12, -0.0871557, -4.46982e-12, -1, -8.49977e-12, -0.0871557, 8.857e-12, -0.996195, 0
5.53, 2025-07-03__00-41-14.279382, -0.0480157, -0.248625, 0.0307822, -1.90597, -0.0326247, 1.6111, 0.723875, -0.000730176, 0.0986197, -0.0123575, 1.52099, 0.00521992, -1.39705, -0.0626861, -0.559012, 3.37558, -0.795256, 1.58255, 0.289664, -0.375566, -0.510692, 0, 0, 0, 0, 0, 0, 0, 0.463549, -0.0194274, 0.357552, 0.486385, -0.0157403, 0.742593, 0.996195, -3.71201e-12, -0.0871557, -4.46982e-12, -1, -8.49977e-12, -0.0871557, 8.857e-12, -0.996195, 0
5.54, 2025-07-03__00-41-14.289382, -0.0480314, -0.247351, 0.0306553, -1.89076, -0.0325839, 1.59713, 0.723208, -0.00241914, 0.137495, -0.0136312, 1.55133, 0.00226301, -1.38128, -0.0616126, -0.45558, 2.9354, -0.667436, 1.72577, 0.313323, -0.489276, -0.505648, 0, 0, 0, 0, 0, 0, 0, 0.463198, -0.0194703, 0.362971, 0.486385, -0.0157403, 0.742593, 0.996195, -3.71201e-12, -0.0871557, -4.46982e-12, -1, -8.49977e-12, -0.0871557, 8.857e-12, -0.996195, 0
5.55, 2025-07-03__00-41-14.299382, -0.0480281, -0.245997, 0.0305582, -1.87515, -0.0325669, 1.58324, 0.72251, -0.00400541, 0.150563, -0.00841709, 1.53867, -0.000774265, -1.40115, -0.0656899, -0.526664, 2.81827, -0.752169, 2.23878, 0.335044, -0.3154, -0.465383, 0, 0, 0, 0, 0, 0, 0, 0.462978, -0.019499, 0.368548, 0.486385, -0.0157403, 0.742593, 0.996195, -3.71201e-12, -0.0871557, -4.46982e-12, -1, -8.49977e-12, -0.0871557, 8.857e-12, -0.996195, 0
5.56, 2025-07-03__00-41-14.309383, -0.0480424, -0.244191, 0.0304416, -1.85931, -0.0325029, 1.56908, 0.721863, -0.00213072, 0.179697, -0.0087731, 1.61194, 0.0109671, -1.42379, -0.0633801, -0.540743, 3.64545, -0.745007, 1.46681, 0.234891, -0.277509, -0.467581, 0, 0, 0, 0, 0, 0, 0, 0.462631, -0.0195421, 0.373946, 0.486385, -0.0157403, 0.742593, 0.996195, -3.71201e-12, -0.0871557, -4.46982e-12, -1, -8.49977e-12, -0.0871557, 8.857e-12, -0.996195, 0
5.57, 2025-07-03__00-41-14.319387, -0.0480337, -0.242204, 0.0303735, -1.84328, -0.0324623, 1.55502, 0.721291, 0.00320067, 0.219144, -0.00634943, 1.62403, 0.0135059, -1.40896, -0.0647577, -0.661965, 2.79684, -0.882187, 1.98828, 0.21201, -0.349894, -0.447891, 0, 0, 0, 0, 0, 0, 0, 0.462313, -0.0195458, 0.379392, 0.486385, -0.0157403, 0.742593, 0.996195, -3.71201e-12, -0.0871557, -4.46982e-12, -1, -8.49977e-12, -0.0871557, 8.857e-12, -0.996195, 0
5.58, 2025-07-03__00-41-14.329384, -0.0480588, -0.239922, 0.0302796, -1.82684, -0.0324084, 1.54097, 0.720735, -0.00336667, 0.220851, -0.00716165, 1.66729, -0.000622258, -1.39866, -0.0580985, -0.491053, 4.33371, -0.666918, 1.14673, 0.294818, -0.519623, -0.480728, 0, 0, 0, 0, 0, 0, 0, 0.462047, -0.0195543, 0.384838, 0.486385, -0.0157403, 0.742593, 0.996195, -3.71201e-12, -0.0871557, -4.46982e-12, -1, -8.49977e-12, -0.0871557, 8.857e-12, -0.996195, 0
5.59, 2025-07-03__00-41-14.339399, -0.0480594, -0.23741, 0.0301881, -1.81031, -0.0323772, 1.52684, 0.720112, 0.000479984, 0.255496, -0.0158015, 1.69219, 0.00411544, -1.40484, -0.0660174, -0.340302, 3.90554, -0.471527, 1.38685, 0.273325, -0.480486, -0.420061, 0, 0, 0, 0, 0, 0, 0, 0.461709, -0.0195853, 0.390223, 0.486385, -0.0157403, 0.742593, 0.996195, -3.71201e-12, -0.0871557, -4.46982e-12, -1, -8.49977e-12, -0.0871557, 8.857e-12, -0.996195, 0
5.6, 2025-07-03__00-41-14.349384, -0.0480759, -0.234753, 0.0301372, -1.79354, -0.032377, 1.51266, 0.719495, -0.00495623, 0.277216, -0.00411392, 1.65758, -0.01389, -1.42798, -0.0668, -0.432241, 2.79182, -0.598572, -21.8431, 0.394153, -0.211461, -0.399793, 0, 0, 0, 7, 0, 0, 0, 0.461381, -0.0195875, 0.395627, 0.486385, -0.0157403, 0.742593, 0.996195, -3.71201e-12, -0.0871557, -4.46982e-12, -1, -8.49977e-12, -0.0871557, 8.857e-12, -0.996195, 0
5.61, 2025-07-03__00-41-14.359387, -0.0480948, -0.231829, 0.0300787, -1.77679, -0.0322358, 1.4986, 0.718906, 0.000438446, 0.269114, -0.00636465, 1.63409, 0.0172932, -1.38521, -0.0574298, -0.533036, 3.3498, -0.699734, -21.5879, 0.18226, -0.448127, -0.441639, 0, 0, 0, 7, 0, 0, 0, 0.461013, -0.0195699, 0.40089, 0.486385, -0.0157403, 0.742593, 0.996195, -3.71201e-12, -0.0871557, -4.46982e-12, -1, -8.49977e-12, -0.0871557, 8.857e-12, -0.996195, 0
5.62, 2025-07-03__00-41-14.369386, -0.0480957, -0.229302, 0.0300413, -1.76143, -0.0320769, 1.48542, 0.718412, -0.00129936, 0.231678, -0.0101158, 1.4985, 0.014993, -1.2671, -0.0427736, -0.433478, 2.86168, -0.592521, -19.6038, 0.232141, -0.980574, -0.516197, 0, 0, 0, 7, 0, 0, 0, 0.460513, -0.0195087, 0.405781, 0.486385, -0.0157403, 0.742593, 0.996195, -3.71201e-12, -0.0871557, -4.46982e-12, -1, -8.49977e-12, -0.0871557, 8.857e-12, -0.996195, 0
5.63, 2025-07-03__00-41-14.379384, -0.0481154, -0.227646, 0.0299645, -1.74833, -0.031767, 1.47378, 0.717957, -0.00404107, 0.135092, -0.00590458, 1.23367, 0.0293891, -1.12275, -0.0499285, -0.565041, 2.39465, -0.777624, -16.1483, 0.177182, -1.48476, -0.455547, 0, 0, 0, 7, 0, 0, 0, 0.459866, -0.0194275, 0.410164, 0.486385, -0.0157403, 0.742593, 0.996195, -3.71201e-12, -0.0871557, -4.46982e-12, -1, -8.49977e-12, -0.0871557, 8.857e-12, -0.996195, 0
5.64, 2025-07-03__00-41-14.389386, -0.0481271, -0.227039, 0.0298435, -1.73789, -0.0313509, 1.46374, 0.717481, 0.000877032, 0.0372398, -0.0137407, 1.00258, 0.0499944, -0.985078, -0.0411042, -0.583812, 2.6822, -0.806327, -13.5459, 0.0744109, -2.01909, -0.488168, 0, 0, 0, 7, 0, 0, 0, 0.459003, -0.0193226, 0.413914, 0.486385, -0.0157403, 0.742593, 0.996195, -3.71201e-12, -0.0871557, -4.46982e-12, -1, -8.49977e-12, -0.0871557, 8.857e-12, -0.996195, 0
5.65, 2025-07-03__00-41-14.399378, -0.0481553, -0.227194, 0.0296695, -1.72946, -0.0309416, 1.45414, 0.716995, -0.00545838, -0.0214728, -0.017755, 0.795889, 0.0381431, -0.96933, -0.0472054, -0.351852, 1.26709, -0.559899, -10.3038, 0.199985, -1.67009, -0.427541, 0, 0, 0, 8, 0, 0, 0, 0.457731, -0.0192324, 0.417143, 0.486385, -0.0157403, 0.742593, 0.996195, -3.71201e-12, -0.0871557, -4.46982e-12, -1, -8.49977e-12, -0.0871557, 8.857e-12, -0.996195, 0
5.66, 2025-07-03__00-41-14.409383, -0.0482045, -0.227938, 0.0294539, -1.72294, -0.0305152, 1.44448, 0.716533, -0.010846, -0.0937246, -0.022109, 0.627594, 0.0385765, -0.977445, -0.0414803, -0.157383, 1.00086, -0.345346, -8.05206, 0.222059, -1.15963, -0.440278, 0, 0, 0, 8, 0, 0, 0, 0.455891, -0.0191667, 0.419745, 0.486385, -0.0157403, 0.742593, 0.996195, -3.71201e-12, -0.0871557, -4.46982e-12, -1, -8.49977e-12, -0.0871557, 8.857e-12, -0.996195, 0
5.67, 2025-07-03__00-41-14.419384, -0.0482137, -0.229355, 0.029289, -1.71784, -0.0301089, 1.43492, 0.716146, 0.000514332, -0.153864, -0.0188842, 0.484205, 0.0470544, -0.965305, -0.0397101, -0.455645, 0.615095, -0.709507, -6.08901, 0.14297, -0.785979, -0.429151, 0, 0, 0, 8, 0, 0, 0, 0.453658, -0.0190611, 0.42203, 0.486385, -0.0157403, 0.742593, 0.996195, -3.71201e-12, -0.0871557, -4.46982e-12, -1, -8.49977e-12, -0.0871557, 8.857e-12, -0.996195, 0
5.68, 2025-07-03__00-41-14.429383, -0.0482238, -0.23114, 0.0291412, -1.71388, -0.0297337, 1.4254, 0.71589, 0.000211587, -0.179659, -0.0142659, 0.376812, 0.0291784, -0.952816, -0.0238129, -0.47451, -0.842965, -0.758305, -4.07513, 0.256111, -0.408217, -0.509823, 0, 0, 0, 8, 0, 0, 0, 0.451115, -0.0189443, 0.423973, 0.486385, -0.0157403, 0.742593, 0.996195, -3.71201e-12, -0.0871557, -4.46982e-12, -1, -8.49977e-12, -0.0871557, 8.857e-12, -0.996195, 0
5.69, 2025-07-03__00-41-14.439392, -0.0482377, -0.233192, 0.0290146, -1.71065, -0.0294084, 1.41623, 0.715729, -0.00290622, -0.210481, -0.00487327, 0.306339, 0.0316584, -0.923132, -0.0148413, -0.598825, -1.24462, -0.928084, -3.02752, 0.218649, -0.224755, -0.555941, 0, 0, 0, 8, 0, 0, 0, 0.448465, -0.0188419, 0.425724, 0.486385, -0.0157403, 0.742593, 0.996195, -3.71201e-12, -0.0871557, -4.46982e-12, -1, -8.49977e-12, -0.0871557, 8.857e-12, -0.996195, 0
5.7, 2025-07-03__00-41-14.449384, -0.0482369, -0.235496, 0.02886, -1.70815, -0.0291168, 1.40743, 0.715605, 0.000210647, -0.230412, -0.0104212, 0.235336, 0.0313462, -0.876006, -0.00854903, -0.499803, -2.22346, -0.819583, -1.74871, 0.22648, -0.142373, -0.589619, 0, 0, 0, 8, 0, 0, 0, 0.445744, -0.0187469, 0.427292, 0.486385, -0.0157403, 0.742593, 0.996195, -3.71201e-12, -0.0871557, -4.46982e-12, -1, -8.49977e-12, -0.0871557, 8.857e-12, -0.996195, 0
5.71, 2025-07-03__00-41-14.459384, -0.0482707, -0.238097, 0.0286639, -1.70637, -0.0289171, 1.39902, 0.715438, -0.00564652, -0.258263, -0.0203083, 0.174682, 0.0195885, -0.82764, -0.0140828, -0.136804, -2.62624, -0.39399, -0.866314, 0.332765, -0.0943215, -0.555533, 0, 0, 0, 8, 0, 0, 0, 0.442946, -0.0187118, 0.428694, 0.486385, -0.0157403, 0.742593, 0.996195, -3.71201e-12, -0.0871557, -4.46982e-12, -1, -8.49977e-12, -0.0871557, 8.857e-12, -0.996195, 0
5.72, 2025-07-03__00-41-14.469385, -0.048276, -0.240927, 0.0285256, -1.70496, -0.0287667, 1.39111, 0.715276, -0.00117068, -0.282812, -0.0124508, 0.136101, 0.00745879, -0.786564, -0.0199753, -0.35454, -2.59077, -0.669601, -0.426755, 0.38018, -0.0646894, -0.516651, 0, 0, 0, 8, 0, 0, 0, 0.440197, -0.0186734, 0.430056, 0.486385, -0.0157403, 0.742593, 0.996195, -3.71201e-12, -0.0871557, -4.46982e-12, -1, -8.49977e-12, -0.0871557, 8.857e-12, -0.996195, 0
5.73, 2025-07-03__00-41-14.479386, -0.0482761, -0.243864, 0.0284137, -1.70395, -0.0286497, 1.38342, 0.715161, 0.00200399, -0.300053, -0.00966389, 0.093825, 0.0108094, -0.760322, -0.0080293, -0.461115, -3.03675, -0.811247, 0.295613, 0.34458, 0.0858735, -0.588229, 0, 0, 0, 8, 0, 0, 0, 0.437437, -0.0186191, 0.431317, 0.486385, -0.0157403, 0.742593, 0.996195, -3.71201e-12, -0.0871557, -4.46982e-12, -1, -8.49977e-12, -0.0871557, 8.857e-12, -0.996195, 0
5.74, 2025-07-03__00-41-14.489383, -0.0482609, -0.247068, 0.0283078, -1.70318, -0.0285337, 1.37597, 0.715073, 0.000792532, -0.329431, -0.0128612, 0.0687463, 0.0130181, -0.75165, -0.00957015, -0.37978, -2.46228, -0.715777, 0.367477, 0.326637, 0.296582, -0.579864, 0, 0, 0, 8, 0, 0, 0, 0.434666, -0.0185565, 0.432593, 0.486385, -0.0157403, 0.742593, 0.996195, -3.71201e-12, -0.0871557, -4.46982e-12, -1, -8.49977e-12, -0.0871557, 8.857e-12, -0.996195, 0
5.75, 2025-07-03__00-41-14.499387, -0.048263, -0.250316, 0.0281853, -1.70265, -0.0284432, 1.369, 0.714964, -0.00156382, -0.323423, -0.0139981, 0.0501027, 0.0136242, -0.676194, -0.015043, -0.284989, -3.35842, -0.614654, 0.921547, 0.333705, 0.0443318, -0.549482, 0, 0, 0, 8, 0, 0, 0, 0.43198, -0.0185201, 0.43382, 0.486385, -0.0157403, 0.742593, 0.996195, -3.71201e-12, -0.0871557, -4.46982e-12, -1, -8.49977e-12, -0.0871557, 8.857e-12, -0.996195, 0
5.76, 2025-07-03__00-41-14.509382, -0.0482969, -0.253661, 0.028064, -1.70231, -0.0283973, 1.36247, 0.71488, -0.00371773, -0.336137, -0.0107538, 0.0312969, 0.00485033, -0.646074, -0.0132485, -0.291612, -3.30919, -0.637531, 1.12057, 0.384053, 0.0664848, -0.565741, 0, 0, 0, 8, 0, 0, 0, 0.429403, -0.0185077, 0.435019, 0.486385, -0.0157403, 0.742593, 0.996195, -3.71201e-12, -0.0871557, -4.46982e-12, -1, -8.49977e-12, -0.0871557, 8.857e-12, -0.996195, 0
5.77, 2025-07-03__00-41-14.519383, -0.0482956, -0.257155, 0.0279621, -1.70201, -0.0283746, 1.35622, 0.714803, 0.00222653, -0.355923, -0.00630538, 0.0296402, -0.000518559, -0.610011, -0.0117367, -0.491482, -2.41721, -0.884755, 0.720749, 0.386006, -0.0164486, -0.580062, 0, 0, 0, 8, 0, 0, 0, 0.426895, -0.0184908, 0.436285, 0.486385, -0.0157403, 0.742593, 0.996195, -3.71201e-12, -0.0871557, -4.46982e-12, -1, -8.49977e-12, -0.0871557, 8.857e-12, -0.996195, 0
5.78, 2025-07-03__00-41-14.529382, -0.0482768, -0.260768, 0.0278643, -1.70181, -0.0283574, 1.35015, 0.714706, 0.00297522, -0.36598, -0.00684818, 0.021126, -9.79588e-05, -0.599373, -0.00771169, -0.49584, -2.12421, -0.895758, 0.708949, 0.37785, 0.0862879, -0.608088, 0, 0, 0, 8, 0, 0, 0, 0.424423, -0.0184613, 0.437571, 0.486385, -0.0157403, 0.742593, 0.996195, -3.71201e-12, -0.0871557, -4.46982e-12, -1, -8.49977e-12, -0.0871557, 8.857e-12, -0.996195, 0
5.79, 2025-07-03__00-41-14.539381, -0.0482682, -0.264499, 0.0277583, -1.70171, -0.0283321, 1.34424, 0.714602, 0.00109163, -0.367743, -0.0100489, 0.00775636, -0.000490844, -0.582989, -0.00937276, -0.388667, -2.29216, -0.772369, 0.950778, 0.391682, 0.155329, -0.602012, 0, 0, 0, 8, 0, 0, 0, 0.421955, -0.0184305, 0.438861, 0.486385, -0.0157403, 0.742593, 0.996195, -3.71201e-12, -0.0871557, -4.46982e-12, -1, -8.49977e-12, -0.0871557, 8.857e-12, -0.996195, 0
5.8, 2025-07-03__00-41-14.549384, -0.0482839, -0.268225, 0.0276743, -1.70166, -0.0283145, 1.33859, 0.714499, 0.000148152, -0.376477, -0.00525121, 0.00742452, 0.00483731, -0.554485, -0.0144076, -0.486951, -1.77136, -0.903184, 0.706786, 0.341106, 0.0971057, -0.575988, 0, 0, 0, 8, 0, 0, 0, 0.419559, -0.0184134, 0.440139, 0.486385, -0.0157403, 0.742593, 0.996195, -3.71201e-12, -0.0871557, -4.46982e-12, -1, -8.49977e-12, -0.0871557, 8.857e-12, -0.996195, 0
5.81, 2025-07-03__00-41-14.559381, -0.0482963, -0.271988, 0.0275791, -1.70165, -0.0283118, 1.33327, 0.714407, 0.000294547, -0.390355, -0.00492491, 0.00285469, 0.000171262, -0.526557, -0.0140405, -0.500634, -1.02705, -0.925282, 0.407647, 0.363756, 0.0279902, -0.584131, 0, 0, 0, 8, 0, 0, 0, 0.417264, -0.018396, 0.441418, 0.486385, -0.0157403, 0.742593, 0.996195, -3.71201e-12, -0.0871557, -4.46982e-12, -1, -8.49977e-12, -0.0871557, 8.857e-12, -0.996195, 0
5.82, 2025-07-03__00-41-14.569381, -0.0482829, -0.275839, 0.0275054, -1.70165, -0.0283072, 1.3281, 0.714313, 0.00214706, -0.385481, -0.00647544, 0.00289263, 0.00103923, -0.510788, -0.00602838, -0.498222, -1.0294, -0.927325, 0.40919, 0.357462, 0.0337287, -0.636806, 0, 0, 0, 8, 0, 0, 0, 0.415012, -0.018367, 0.442751, 0.486385, -0.0157403, 0.742593, 0.996195, -3.71201e-12, -0.0871557, -4.46982e-12, -1, -8.49977e-12, -0.0871557, 8.857e-12, -0.996195, 0
5.83, 2025-07-03__00-41-14.579380, -0.0482916, -0.279656, 0.0274297, -1.70164, -0.0283003, 1.32312, 0.714204, -0.0011456, -0.382745, -0.00503883, 0.00890747, 0.000533983, -0.490774, -0.013785, -0.471583, -0.762708, -0.903727, 0.209002, 0.360775, -0.0122594, -0.594135, 0, 0, 0, 8, 0, 0, 0, 0.412825, -0.0183384, 0.444072, 0.486385, -0.0157403, 0.742593, 0.996195, -3.71201e-12, -0.0871557, -4.46982e-12, -1, -8.49977e-12, -0.0871557, 8.857e-12, -0.996195, 0
5.84, 2025-07-03__00-41-14.589381, -0.0482967, -0.283411, 0.0273669, -1.70155, -0.0282942, 1.31823, 0.714076, -0.00221133, -0.375395, -0.00652933, 0.0066041, 0.000752725, -0.484362, -0.0100456, -0.418974, -0.885053, -0.845878, 0.302987, 0.366225, 0.0478233, -0.619087, 0, 0, 0, 8, 0, 0, 0, 0.41068, -0.0183155, 0.445391, 0.486385, -0.0157403, 0.742593, 0.996195, -3.71201e-12, -0.0871557, -4.46982e-12, -1, -8.49977e-12, -0.0871557, 8.857e-12, -0.996195, 0
5.85, 2025-07-03__00-41-14.599387, -0.0482913, -0.287265, 0.0273086, -1.7015, -0.0282906, 1.31355, 0.713926, 0.00252388, -0.391301, -0.0025137, -0.00135362, -0.000135847, -0.460703, -0.0124528, -0.599927, 0.0881382, -1.07679, -0.0587384, 0.347956, -0.0304701, -0.605338, 0, 0, 0, 8, 0, 0, 0, 0.408592, -0.0182805, 0.446741, 0.486385, -0.0157403, 0.742593, 0.996195, -3.71201e-12, -0.0871557, -4.46982e-12, -1, -8.49977e-12, -0.0871557, 8.857e-12, -0.996195, 0
5.86, 2025-07-03__00-41-14.609384, -0.0482896, -0.291233, 0.0272417, -1.70153, -0.0282793, 1.30899, 0.713743, 0.000956821, -0.399365, -0.00765317, -0.00533608, -0.000615944, -0.458767, -0.0212678, -0.487565, 0.785418, -0.933392, -0.315719, 0.361782, 0.0322529, -0.551823, 0, 0, 0, 8, 0, 0, 0, 0.40652, -0.0182432, 0.448108, 0.486385, -0.0157403, 0.742593, 0.996195, -3.71201e-12, -0.0871557, -4.46982e-12, -1, -8.49977e-12, -0.0871557, 8.857e-12, -0.996195, 0
5.87, 2025-07-03__00-41-14.619383, -0.0482927, -0.294918, 0.0271521, -1.70149, -0.0282707, 1.30456, 0.713569, -0.00183825, -0.364631, -0.0119406, 0.00794554, 0.00446795, -0.443897, -0.0154353, -0.333721, -0.242786, -0.746834, -0.0161314, 0.352059, 0.00210348, -0.588174, 0, 0, 0, 8, 0, 0, 0, 0.404516, -0.0182264, 0.449393, 0.486385, -0.0157403, 0.742593, 0.996195, -3.71201e-12, -0.0871557, -4.46982e-12, -1, -8.49977e-12, -0.0871557, 8.857e-12, -0.996195, 0
5.88, 2025-07-03__00-41-14.629384, -0.0482999, -0.298584, 0.0270873, -1.70141, -0.0282697, 1.30023, 0.713408, 0.000220159, -0.371289, -0.00245463, 0.00315586, 0.000590064, -0.43061, -0.015271, -0.558039, 0.375037, -1.04648, -0.236838, 0.348639, -0.0159526, -0.589133, 0, 0, 0, 8, 0, 0, 0, 0.402574, -0.0182008, 0.45068, 0.486385, -0.0157403, 0.742593, 0.996195, -3.71201e-12, -0.0871557, -4.46982e-12, -1, -8.49977e-12, -0.0871557, 8.857e-12, -0.996195, 0
5.89, 2025-07-03__00-41-14.639401, -0.0482853, -0.302358, 0.0270483, -1.70143, -0.0282634, 1.29601, 0.713287, 0.00250171, -0.375406, -0.00100392, -0.00507886, 0.000252769, -0.41202, -0.0112498, -0.634848, 0.827561, -1.15088, -0.356293, 0.342191, -0.0673892, -0.614556, 0, 0, 0, 8, 0, 0, 0, 0.400623, -0.0181566, 0.451976, 0.486385, -0.0157403, 0.742593, 0.996195, -3.71201e-12, -0.0871557, -4.46982e-12, -1, -8.49977e-12, -0.0871557, 8.857e-12, -0.996195, 0
5.9, 2025-07-03__00-41-14.649385, -0.0482766, -0.305897, 0.0269848, -1.70142, -0.0282524, 1.29203, 0.713114, 0.00314513, -0.340975, -0.00788851, 0.0012785, 0.00489662, -0.389044, -0.0277084, -0.490402, -0.282974, -0.969917, 0.045408, 0.338072, -0.157099, -0.514227, 0, 0, 0, 8, 0, 0, 0, 0.398779, -0.0181253, 0.453197, 0.486385, -0.0157403, 0.742593, 0.996195, -3.71201e-12, -0.0871557, -4.46982e-12, -1, -8.49977e-12, -0.0871557, 8.857e-12, -0.996195, 0
5.91, 2025-07-03__00-41-14.659384, -0.0482949, -0.309393, 0.0269105, -1.70138, -0.0282484, 1.28814, 0.712961, -0.00277724, -0.346902, -0.00823908, 0.00344225, 0.000214925, -0.388804, -0.0168919, -0.393783, 0.453847, -0.852298, -0.301323, 0.375088, -0.109832, -0.581227, 0, 0, 0, 8, 0, 0, 0, 0.396985, -0.018106, 0.454397, 0.486385, -0.0157403, 0.742593, 0.996195, -3.71201e-12, -0.0871557, -4.46982e-12, -1, -8.49977e-12, -0.0871557, 8.857e-12, -0.996195, 0
5.92, 2025-07-03__00-41-14.669383, -0.0482928, -0.312986, 0.0268474, -1.70138, -0.0282468, 1.28432, 0.712836, 0.000540773, -0.364658, -0.0039018, -0.000453984, 0.0001089, -0.3794, -0.0107726, -0.555825, 1.69155, -1.0629, -0.813445, 0.350489, -0.12711, -0.619978, 0, 0, 0, 8, 0, 0, 0, 0.395198, -0.0180843, 0.455619, 0.486385, -0.0157403, 0.742593, 0.996195, -3.71201e-12, -0.0871557, -4.46982e-12, -1, -8.49977e-12, -0.0871557, 8.857e-12, -0.996195, 0
5.93, 2025-07-03__00-41-14.679384, -0.0482896, -0.316447, 0.0267973, -1.70137, -0.0282364, 1.28052, 0.712691, 0.000398697, -0.342204, -0.00689658, 0.000283445, 0.00140216, -0.382292, -0.0124246, -0.480328, 1.04159, -0.973062, -0.511155, 0.356319, -0.0406294, -0.609462, 0, 0, 0, 8, 0, 0, 0, 0.393416, -0.0180498, 0.456809, 0.486385, -0.0157403, 0.742593, 0.996195, -3.71201e-12, -0.0871557, -4.46982e-12, -1, -8.49977e-12, -0.0871557, 8.857e-12, -0.996195, 0
5.94, 2025-07-03__00-41-14.689383, -0.0482899, -0.319749, 0.0267344, -1.70138, -0.0282323, 1.27682, 0.712531, -0.00137782, -0.333676, -0.0084563, -0.000873693, 0.000651064, -0.369674, -0.021389, -0.418654, 0.983939, -0.899556, -0.477831, 0.37086, -0.0611834, -0.554567, 0, 0, 0, 8, 0, 0, 0, 0.391688, -0.018021, 0.457912, 0.486385, -0.0157403, 0.742593, 0.996195, -3.71201e-12, -0.0871557, -4.46982e-12, -1, -8.49977e-12, -0.0871557, 8.857e-12, -0.996195, 0
5.95, 2025-07-03__00-41-14.699385, -0.0482942, -0.32305, 0.0266641, -1.70138, -0.0282307, 1.27317, 0.712369, 0.00305844, -0.335409, -0.00526445, -0.000352297, -0.000744277, -0.365517, -0.0110984, -0.54923, 1.47849, -1.07343, -0.696297, 0.360629, -0.0356056, -0.615956, 0, 0, 0, 8, 0, 0, 0, 0.389984, -0.0179966, 0.459019, 0.486385, -0.0157403, 0.742593, 0.996195, -3.71201e-12, -0.0871557, -4.46982e-12, -1, -8.49977e-12, -0.0871557, 8.857e-12, -0.996195, 0
5.96, 2025-07-03__00-41-14.709385, -0.0482875, -0.326341, 0.0265872, -1.70137, -0.0282177, 1.26959, 0.712239, 0.000703421, -0.322811, -0.00766875, -0.00126579, 0.00140364, -0.360186, -0.0142306, -0.462619, 1.26026, -0.966986, -0.584481, 0.359965, -0.0109591, -0.597856, 0, 0, 0, 8, 0, 0, 0, 0.388294, -0.0179764, 0.460129, 0.486385, -0.0157403, 0.742593, 0.996195, -3.71201e-12, -0.0871557, -4.46982e-12, -1, -8.49977e-12, -0.0871557, 8.857e-12, -0.996195, 0
5.97, 2025-07-03__00-41-14.719383, -0.048291, -0.329496, 0.0265139, -1.70138, -0.0282154, 1.26617, 0.712126, -0.00047548, -0.308109, -0.00996179, -0.00177317, -0.000304949, -0.340955, -0.00837558, -0.386874, 0.937059, -0.875119, -0.451653, 0.38337, -0.083623, -0.63542, 0, 0, 0, 8, 0, 0, 0, 0.386669, -0.0179554, 0.461176, 0.486385, -0.0157403, 0.742593, 0.996195, -3.71201e-12, -0.0871557, -4.46982e-12, -1, -8.49977e-12, -0.0871557, 8.857e-12, -0.996195, 0
5.98, 2025-07-03__00-41-14.729383, -0.0482861, -0.332518, 0.0264437, -1.70138, -0.028212, 1.26279, 0.712007, 0.00112293, -0.302858, -0.0117318, 0.00456615, 8.72232e-05, -0.33588, -0.0184776, -0.378136, 1.17585, -0.86205, -0.628715, 0.379761, -0.071438, -0.575029, 0, 0, 0, 8, 0, 0, 0, 0.385078, -0.0179329, 0.462173, 0.486385, -0.0157403, 0.742593, 0.996195, -3.71201e-12, -0.0871557, -4.46982e-12, -1, -8.49977e-12, -0.0871557, 8.857e-12, -0.996195, 0
5.99, 2025-07-03__00-41-14.739386, -0.0482906, -0.335496, 0.0263722, -1.70136, -0.0281986, 1.25948, 0.711894, -0.000704789, -0.289932, -0.00601035, 0.00480681, -0.000643394, -0.329829, -0.00880292, -0.4423, 0.926865, -0.966028, -0.512982, 0.377221, -0.0550805, -0.634177, 0, 0, 0, 8, 0, 0, 0, 0.383515, -0.0179152, 0.463158, 0.486385, -0.0157403, 0.742593, 0.996195, -3.71201e-12, -0.0871557, -4.46982e-12, -1, -8.49977e-12, -0.0871557, 8.857e-12, -0.996195, 0
6, 2025-07-03__00-41-14.749385, -0.0482783, -0.338449, 0.0262899, -1.70135, -0.0281907, 1.25632, 0.7118, 0.00245567, -0.298948, -0.00601155, 0.0016501, -0.000203537, -0.312257, -0.00252024, -0.502027, 1.68263, -1.04237, -0.83209, 0.362908, -0.127961, -0.674379, 0, 0, 0, 8, 0, 0, 0, 0.382009, -0.0178942, 0.464138, 0.486385, -0.0157403, 0.742593, 0.996195, -3.71201e-12, -0.0871557, -4.46982e-12, -1, -8.49977e-12, -0.0871557, 8.857e-12, -0.996195, 0
6.01, 2025-07-03__00-41-14.759383, -0.0482758, -0.34139, 0.026194, -1.70136, -0.0281848, 1.25328, 0.711694, -0.000320631, -0.287488, -0.0047779, -0.00181743, -1.08906e-05, -0.301394, -0.00832274, -0.4734, 1.46114, -1.01782, -0.698065, 0.368101, -0.149484, -0.641329, 0, 0, 0, 8, 0, 0, 0, 0.38054, -0.017886, 0.465108, 0.486385, -0.0157403, 0.742593, 0.996195, -3.71201e-12, -0.0871557, -4.46982e-12, -1, -8.49977e-12, -0.0871557, 8.857e-12, -0.996195, 0
6.02, 2025-07-03__00-41-14.769383, -0.0482834, -0.344176, 0.0260949, -1.70138, -0.0281784, 1.2503, 0.711558, 0.000878068, -0.277104, -0.00856475, -0.00349391, -0.000536277, -0.296044, -0.0114761, -0.408782, 1.27833, -0.931941, -0.5945, 0.381071, -0.132031, -0.622707, 0, 0, 0, 8, 0, 0, 0, 0.379107, -0.0178836, 0.466014, 0.486385, -0.0157403, 0.742593, 0.996195, -3.71201e-12, -0.0871557, -4.46982e-12, -1, -8.49977e-12, -0.0871557, 8.857e-12, -0.996195, 0
6.03, 2025-07-03__00-41-14.779383, -0.0482875, -0.346777, 0.0259924, -1.70137, -0.0281733, 1.24745, 0.711403, 0.000162938, -0.260676, -0.00925248, 0.00154962, 0.00229653, -0.287145, -0.0144482, -0.373565, 0.926556, -0.890833, -0.499276, 0.368887, -0.149012, -0.604011, 0, 0, 0, 8, 0, 0, 0, 0.377741, -0.0178795, 0.466858, 0.486385, -0.0157403, 0.742593, 0.996195, -3.71201e-12, -0.0871557, -4.46982e-12, -1, -8.49977e-12, -0.0871557, 8.857e-12, -0.996195, 0
6.04, 2025-07-03__00-41-14.789384, -0.0482751, -0.349403, 0.0259127, -1.70134, -0.0281633, 1.24456, 0.711243, 0.0020782, -0.256426, -0.00944209, 0.003033, 0.00989075, -0.291482, -0.0150584, -0.408652, 1.08735, -0.93675, -0.571705, 0.314496, -0.07313, -0.597729, 0, 0, 0, 8, 0, 0, 0, 0.376376, -0.0178672, 0.467716, 0.486385, -0.0157403, 0.742593, 0.996195, -3.71201e-12, -0.0871557, -4.46982e-12, -1, -8.49977e-12, -0.0871557, 8.857e-12, -0.996195, 0
6.05, 2025-07-03__00-41-14.799384, -0.0482772, -0.35201, 0.0258289, -1.70133, -0.0281574, 1.24165, 0.711087, -0.00157473, -0.253777, -0.0124895, 0.000637238, 0.000678221, -0.294777, -0.0140317, -0.281284, 1.20636, -0.769994, -0.581064, 0.389264, 0.00532899, -0.602188, 0, 0, 0, 8, 0, 0, 0, 0.374987, -0.0178507, 0.468563, 0.486385, -0.0157403, 0.742593, 0.996195, -3.71201e-12, -0.0871557, -4.46982e-12, -1, -8.49977e-12, -0.0871557, 8.857e-12, -0.996195, 0
6.06, 2025-07-03__00-41-14.809382, -0.0482811, -0.354409, 0.0257366, -1.70136, -0.0281514, 1.23887, 0.710954, -4.55971e-05, -0.234965, -0.00837986, 0.00058751, -0.000543098, -0.271797, -0.0223663, -0.351531, 0.56991, -0.880677, -0.314234, 0.391387, -0.0914749, -0.550718, 0, 0, 0, 8, 0, 0, 0, 0.373659, -0.0178491, 0.469315, 0.486385, -0.0157403, 0.742593, 0.996195, -3.71201e-12, -0.0871557, -4.46982e-12, -1, -8.49977e-12, -0.0871557, 8.857e-12, -0.996195, 0
6.07, 2025-07-03__00-41-14.819384, -0.0482814, -0.356744, 0.0256308, -1.7014, -0.0281444, 1.2362, 0.710833, -0.000201543, -0.233947, -0.0141151, -0.00395458, -9.75024e-05, -0.263525, -0.0148265, -0.24252, 0.66752, -0.727524, -0.308907, 0.402169, -0.0879615, -0.596831, 0, 0, 0, 8, 0, 0, 0, 0.372388, -0.0178463, 0.470039, 0.486385, -0.0157403, 0.742593, 0.996195, -3.71201e-12, -0.0871557, -4.46982e-12, -1, -8.49977e-12, -0.0871557, 8.857e-12, -0.996195, 0
6.08, 2025-07-03__00-41-14.829384, -0.0482785, -0.359076, 0.0255337, -1.70138, -0.0281395, 1.23356, 0.710716, -3.16393e-05, -0.239911, -0.00764802, 0.00425801, 0.000455214, -0.259505, -0.0134953, -0.366881, 1.40918, -0.903163, -0.730601, 0.374843, -0.0852024, -0.604745, 0, 0, 0, 8, 0, 0, 0, 0.371127, -0.0178431, 0.470776, 0.486385, -0.0157403, 0.742593, 0.996195, -3.71201e-12, -0.0871557, -4.46982e-12, -1, -8.49977e-12, -0.0871557, 8.857e-12, -0.996195, 0
6.09, 2025-07-03__00-41-14.839387, -0.0482761, -0.361253, 0.0254257, -1.70134, -0.0281276, 1.23093, 0.710583, -0.000807056, -0.21188, -0.01609, 0.00342977, -0.0010866, -0.257151, -0.0168566, -0.168279, 0.266498, -0.633353, -0.203348, 0.417116, -0.036599, -0.583493, 0, 0, 0, 8, 0, 0, 0, 0.369896, -0.0178386, 0.471478, 0.486385, -0.0157403, 0.742593, 0.996195, -3.71201e-12, -0.0871557, -4.46982e-12, -1, -8.49977e-12, -0.0871557, 8.857e-12, -0.996195, 0
6.1, 2025-07-03__00-41-14.849386, -0.0482753, -0.363421, 0.0253537, -1.70132, -0.0281139, 1.22841, 0.710407, 0.000493766, -0.226018, -0.00723279, 6.71441e-05, 0.000332013, -0.251259, -0.0194363, -0.358599, 1.11951, -0.902773, -0.540144, 0.377176, -0.0286662, -0.562943, 0, 0, 0, 8, 0, 0, 0, 0.368703, -0.0178303, 0.472157, 0.486385, -0.0157403, 0.742593, 0.996195, -3.71201e-12, -0.0871557, -4.46982e-12, -1, -8.49977e-12, -0.0871557, 8.857e-12, -0.996195, 0
6.11, 2025-07-03__00-41-14.859385, -0.0482698, -0.365714, 0.0252895, -1.70136, -0.0281053, 1.22598, 0.710249, 0.00401128, -0.224966, -0.00832996, -0.00266829, 0.00102827, -0.23923, -0.0116022, -0.388152, 1.30586, -0.939927, -0.600468, 0.368128, -0.0655912, -0.606937, 0, 0, 0, 8, 0, 0, 0, 0.367512, -0.0178123, 0.47287, 0.486385, -0.0157403, 0.742593, 0.996195, -3.71201e-12, -0.0871557, -4.46982e-12, -1, -8.49977e-12, -0.0871557, 8.857e-12, -0.996195, 0
6.12, 2025-07-03__00-41-14.869384, -0.0482644, -0.3677, 0.0252027, -1.70136, -0.028098, 1.22359, 0.710078, 0.00504596, -0.197266, -0.0045813, -0.000148662, -3.19295e-05, -0.238476, -0.0159502, -0.431527, 0.236931, -1.01795, -0.136727, 0.373888, -0.0161552, -0.575825, 0, 0, 0, 8, 0, 0, 0, 0.366377, -0.0178065, 0.473492, 0.486385, -0.0157403, 0.742593, 0.996195, -3.71201e-12, -0.0871557, -4.46982e-12, -1, -8.49977e-12, -0.0871557, 8.857e-12, -0.996195, 0
6.13, 2025-07-03__00-41-14.879382, -0.0482797, -0.369648, 0.025109, -1.70136, -0.0280922, 1.22125, 0.709868, -0.000520188, -0.201262, -0.0108138, -0.00223904, 9.96617e-05, -0.231092, -0.0262658, -0.248615, 0.560993, -0.761912, -0.262976, 0.396499, -0.0145776, -0.508787, 0, 0, 0, 8, 0, 0, 0, 0.365274, -0.0178087, 0.474085, 0.486385, -0.0157403, 0.742593, 0.996195, -3.71201e-12, -0.0871557, -4.46982e-12, -1, -8.49977e-12, -0.0871557, 8.857e-12, -0.996195, 0
6.14, 2025-07-03__00-41-14.889383, -0.0482782, -0.371668, 0.0250162, -1.70138, -0.0280835, 1.21899, 0.709692, -0.0016524, -0.198798, -0.0086008, -0.00263307, 0.00145803, -0.223243, -0.00905195, -0.267974, 0.668522, -0.795813, -0.30847, 0.383675, -0.0249013, -0.60909, 0, 0, 0, 8, 0, 0, 0, 0.364174, -0.0178043, 0.474705, 0.486385, -0.0157403, 0.742593, 0.996195, -3.71201e-12, -0.0871557, -4.46982e-12, -1, -8.49977e-12, -0.0871557, 8.857e-12, -0.996195, 0
6.15, 2025-07-03__00-41-14.899384, -0.0482725, -0.373543, 0.0249596, -1.70135, -0.0280819, 1.21684, 0.709567, 0.00101211, -0.184986, -0.00262494, 0.00748348, 0.00133397, -0.206253, -0.0112966, -0.394324, 0.45828, -0.981819, -0.346122, 0.366271, -0.115408, -0.592736, 0, 0, 0, 8, 0, 0, 0, 0.363145, -0.0177966, 0.4753, 0.486385, -0.0157403, 0.742593, 0.996195, -3.71201e-12, -0.0871557, -4.46982e-12, -1, -8.49977e-12, -0.0871557, 8.857e-12, -0.996195, 0
6.16, 2025-07-03__00-41-14.909383, -0.0482712, -0.375375, 0.0248932, -1.70131, -0.0280751, 1.21489, 0.709434, -0.00228085, -0.18822, -0.00592078, 0.00379875, 0.000183878, -0.190766, -0.0152142, -0.295242, 0.780667, -0.843649, -0.467318, 0.386747, -0.185868, -0.567018, 0, 0, 0, 8, 0, 0, 0, 0.362195, -0.0177831, 0.475877, 0.486385, -0.0157403, 0.742593, 0.996195, -3.71201e-12, -0.0871557, -4.46982e-12, -1, -8.49977e-12, -0.0871557, 8.857e-12, -0.996195, 0
6.17, 2025-07-03__00-41-14.919384, -0.0482665, -0.377277, 0.0248251, -1.70134, -0.0280659, 1.21297, 0.709283, -0.000376923, -0.185677, -0.00661598, -0.00353932, -5.01248e-05, -0.189456, -0.019147, -0.30414, 0.766026, -0.856746, -0.369225, 0.388543, -0.151947, -0.539272, 0, 0, 0, 8, 0, 0, 0, 0.361238, -0.0177744, 0.476463, 0.486385, -0.0157403, 0.742593, 0.996195, -3.71201e-12, -0.0871557, -4.46982e-12, -1, -8.49977e-12, -0.0871557, 8.857e-12, -0.996195, 0
6.18, 2025-07-03__00-41-14.929384, -0.0482743, -0.379019, 0.0247563, -1.70135, -0.0280647, 1.21106, 0.709168, -0.000994641, -0.163957, -0.00663502, 0.000153212, -0.000270829, -0.184324, -0.0175944, -0.270588, 0.0216445, -0.820889, -0.0785994, 0.397848, -0.152493, -0.547049, 0, 0, 0, 8, 0, 0, 0, 0.360304, -0.0177759, 0.477003, 0.486385, -0.0157403, 0.742593, 0.996195, -3.71201e-12, -0.0871557, -4.46982e-12, -1, -8.49977e-12, -0.0871557, 8.857e-12, -0.996195, 0
6.19, 2025-07-03__00-41-14.939385, -0.0482718, -0.380691, 0.0246735, -1.70137, -0.0280589, 1.20926, 0.709083, 0.00107717, -0.162944, -0.00773467, -0.00127282, -6.86604e-05, -0.184039, -0.0098937, -0.274643, 0.149033, -0.82393, -0.112115, 0.394094, -0.119663, -0.593515, 0, 0, 0, 8, 0, 0, 0, 0.359412, -0.0177732, 0.47751, 0.486385, -0.0157403, 0.742593, 0.996195, -3.71201e-12, -0.0871557, -4.46982e-12, -1, -8.49977e-12, -0.0871557, 8.857e-12, -0.996195, 0
6.2, 2025-07-03__00-41-14.949386, -0.0482741, -0.38234, 0.0246121, -1.70137, -0.0280502, 1.20747, 0.709001, -0.000648096, -0.165541, -0.00644239, -0.00139879, 0.000206181, -0.182062, -0.00398132, -0.275508, 0.474903, -0.83001, -0.252322, 0.389203, -0.102112, -0.628821, 0, 0, 0, 8, 0, 0, 0, 0.358538, -0.0177661, 0.478016, 0.486385, -0.0157403, 0.742593, 0.996195, -3.71201e-12, -0.0871557, -4.46982e-12, -1, -8.49977e-12, -0.0871557, 8.857e-12, -0.996195, 0
6.21, 2025-07-03__00-41-14.959374, -0.0482739, -0.383901, 0.0245577, -1.70135, -0.0280467, 1.20563, 0.708868, 7.38815e-05, -0.155045, -0.00428266, 0.00131562, 0.000673277, -0.180568, -0.00803539, -0.310267, 0.20302, -0.886558, -0.154716, 0.381836, -0.0769524, -0.600421, 0, 0, 0, 8, 0, 0, 0, 0.357666, -0.0177571, 0.478494, 0.486385, -0.0157403, 0.742593, 0.996195, -3.71201e-12, -0.0871557, -4.46982e-12, -1, -8.49977e-12, -0.0871557, 8.857e-12, -0.996195, 0
6.22, 2025-07-03__00-41-14.969382, -0.0482665, -0.385539, 0.0245044, -1.70133, -0.0280416, 1.2038, 0.708706, -0.00299346, -0.162136, -0.00485122, -0.00049466, 0.000129889, -0.187412, -0.0195773, -0.267507, 0.69211, -0.827272, -0.335148, 0.388934, 0.00556473, -0.525377, 0, 0, 0, 8, 0, 0, 0, 0.356777, -0.0177429, 0.478998, 0.486385, -0.0157403, 0.742593, 0.996195, -3.71201e-12, -0.0871557, -4.46982e-12, -1, -8.49977e-12, -0.0871557, 8.857e-12, -0.996195, 0
6.23, 2025-07-03__00-41-14.979383, -0.0482698, -0.387076, 0.0244521, -1.70133, -0.0280381, 1.20207, 0.708549, -0.00263036, -0.151395, -0.00162699, 0.00234663, 0.000116779, -0.165873, -0.0227082, -0.315662, 0.427305, -0.905385, -0.273786, 0.38362, -0.111652, -0.501703, 0, 0, 0, 8, 0, 0, 0, 0.355933, -0.0177342, 0.479466, 0.486385, -0.0157403, 0.742593, 0.996195, -3.71201e-12, -0.0871557, -4.46982e-12, -1, -8.49977e-12, -0.0871557, 8.857e-12, -0.996195, 0
6.24, 2025-07-03__00-41-14.989383, -0.048264, -0.388568, 0.0243948, -1.70132, -0.0280341, 1.20042, 0.708459, 0.00140407, -0.159482, -0.00993957, 0.00411341, 0.000482336, -0.163515, -0.0108173, -0.236488, 1.02583, -0.768568, -0.563198, 0.387761, -0.102263, -0.572759, 0, 0, 0, 8, 0, 0, 0, 0.355129, -0.0177302, 0.479915, 0.486385, -0.0157403, 0.742593, 0.996195, -3.71201e-12, -0.0871557, -4.46982e-12, -1, -8.49977e-12, -0.0871557, 8.857e-12, -0.996195, 0
6.25, 2025-07-03__00-41-14.999384, -0.0482548, -0.390131, 0.024341, -1.70135, -0.028028, 1.19877, 0.708371, 0.0015943, -0.157127, -0.00389867, -0.000417441, -9.61495e-05, -0.168487, -0.00746204, -0.334213, 1.01746, -0.922069, -0.48802, 0.377314, -0.0306673, -0.590846, 0, 0, 0, 8, 0, 0, 0, 0.354315, -0.017717, 0.480389, 0.486385, -0.0157403, 0.742593, 0.996195, -3.71201e-12, -0.0871557, -4.46982e-12, -1, -8.49977e-12, -0.0871557, 8.857e-12, -0.996195, 0
6.26, 2025-07-03__00-41-15.009376, -0.0482569, -0.391496, 0.0242994, -1.70133, -0.0280249, 1.19715, 0.708261, 0.0011669, -0.135566, -0.0018275, 0.00124226, 3.98183e-05, -0.158514, -0.0120848, -0.33987, 0.175034, -0.945626, -0.136983, 0.380063, -0.0634804, -0.559644, 0, 0, 0, 8, 0, 0, 0, 0.353528, -0.0177102, 0.4808, 0.486385, -0.0157403, 0.742593, 0.996195, -3.71201e-12, -0.0871557, -4.46982e-12, -1, -8.49977e-12, -0.0871557, 8.857e-12, -0.996195, 0
6.27, 2025-07-03__00-41-15.019385, -0.0482621, -0.392838, 0.0242557, -1.70134, -0.0280237, 1.19563, 0.708143, -0.000457791, -0.137562, -0.00893918, -0.000939756, -1.20983e-05, -0.149754, -0.014243, -0.20202, 0.362804, -0.73954, -0.206399, 0.399765, -0.089492, -0.544013, 0, 0, 0, 8, 0, 0, 0, 0.352791, -0.0176982, 0.481198, 0.486385, -0.0157403, 0.742593, 0.996195, -3.71201e-12, -0.0871557, -4.46982e-12, -1, -8.49977e-12, -0.0871557, 8.857e-12, -0.996195, 0
6.28, 2025-07-03__00-41-15.029383, -0.0482644, -0.394242, 0.0242221, -1.70138, -0.0280183, 1.19417, 0.708032, -0.000163455, -0.136699, -0.00502614, -0.00141762, 0.000600886, -0.140395, -0.0137247, -0.271822, 0.494113, -0.847195, -0.265704, 0.38504, -0.126968, -0.543754, 0, 0, 0, 8, 0, 0, 0, 0.352054, -0.0176857, 0.481608, 0.486385, -0.0157403, 0.742593, 0.996195, -3.71201e-12, -0.0871557, -4.46982e-12, -1, -8.49977e-12, -0.0871557, 8.857e-12, -0.996195, 0
6.29, 2025-07-03__00-41-15.039377, -0.0482569, -0.395524, 0.0241667, -1.70139, -0.0280191, 1.19271, 0.707917, -0.000518406, -0.12427, -0.0104326, 0.00226335, -0.000127465, -0.142857, -0.0121542, -0.162242, 0.113155, -0.686207, -0.13061, 0.406765, -0.0831775, -0.550348, 0, 0, 0, 8, 0, 0, 0, 0.351343, -0.0176776, 0.481986, 0.486385, -0.0157403, 0.742593, 0.996195, -3.71201e-12, -0.0871557, -4.46982e-12, -1, -8.49977e-12, -0.0871557, 8.857e-12, -0.996195, 0
6.3, 2025-07-03__00-41-15.049388, -0.0482559, -0.396711, 0.0241182, -1.70136, -0.0280127, 1.19127, 0.707797, 0.00166103, -0.119684, -0.00454357, 0.00310699, 0.000182025, -0.144822, -0.0161852, -0.280757, 0.040943, -0.865753, -0.0945753, 0.386779, -0.0399706, -0.521502, 0, 0, 0, 8, 0, 0, 0, 0.350661, -0.0176738, 0.482344, 0.486385, -0.0157403, 0.742593, 0.996195, -3.71201e-12, -0.0871557, -4.46982e-12, -1, -8.49977e-12, -0.0871557, 8.857e-12, -0.996195, 0
6.31, 2025-07-03__00-41-15.059386, -0.0482637, -0.397985, 0.0240857, -1.70137, -0.0280113, 1.18998, 0.70768, 0.00222806, -0.126088, -0.00485945, -0.000663136, -0.000123664, -0.133492, -0.0115709, -0.289158, 0.442995, -0.875546, -0.243079, 0.386141, -0.0924349, -0.546198, 0, 0, 0, 8, 0, 0, 0, 0.350006, -0.0176656, 0.482726, 0.486385, -0.0157403, 0.742593, 0.996195, -3.71201e-12, -0.0871557, -4.46982e-12, -1, -8.49977e-12, -0.0871557, 8.857e-12, -0.996195, 0
6.32, 2025-07-03__00-41-15.069384, -0.0482512, -0.399203, 0.0240495, -1.70136, -0.0280037, 1.18872, 0.707553, 0.000701977, -0.1186, -0.00576501, 0.00118525, 0.00291423, -0.132234, -0.01291, -0.25422, 0.294064, -0.827798, -0.196696, 0.372792, -0.0817914, -0.533574, 0, 0, 0, 8, 0, 0, 0, 0.349371, -0.0176514, 0.483102, 0.486385, -0.0157403, 0.742593, 0.996195, -3.71201e-12, -0.0871557, -4.46982e-12, -1, -8.49977e-12, -0.0871557, 8.857e-12, -0.996195, 0
6.33, 2025-07-03__00-41-15.079386, -0.0482519, -0.400357, 0.0240081, -1.70133, -0.0280021, 1.18745, 0.70741, -0.000668561, -0.116873, -0.00180863, 0.00480279, -0.000145262, -0.119998, -0.0160407, -0.295659, 0.439599, -0.897252, -0.315762, 0.385029, -0.149258, -0.509713, 0, 0, 0, 8, 0, 0, 0, 0.348755, -0.0176423, 0.483452, 0.486385, -0.0157403, 0.742593, 0.996195, -3.71201e-12, -0.0871557, -4.46982e-12, -1, -8.49977e-12, -0.0871557, 8.857e-12, -0.996195, 0
6.34, 2025-07-03__00-41-15.089384, -0.0482527, -0.401504, 0.0239628, -1.70133, -0.0280022, 1.18617, 0.707263, -0.00124312, -0.112846, -0.00565814, 5.61225e-06, -0.000246646, -0.129483, -0.0138548, -0.218319, 0.272108, -0.783603, -0.166472, 0.398691, -0.0498575, -0.517808, 0, 0, 0, 8, 0, 0, 0, 0.34813, -0.0176387, 0.483793, 0.486385, -0.0157403, 0.742593, 0.996195, -3.71201e-12, -0.0871557, -4.46982e-12, -1, -8.49977e-12, -0.0871557, 8.857e-12, -0.996195, 0
6.35, 2025-07-03__00-41-15.099385, -0.0482501, -0.402629, 0.023935, -1.70135, -0.0279997, 1.18488, 0.707133, 0.000503242, -0.112305, -0.000536055, -0.00266616, 0.000163388, -0.126026, -0.0114552, -0.323128, 0.312288, -0.943731, -0.14901, 0.380598, -0.0422207, -0.526926, 0, 0, 0, 8, 0, 0, 0, 0.347491, -0.0176292, 0.484123, 0.486385, -0.0157403, 0.742593, 0.996195, -3.71201e-12, -0.0871557, -4.46982e-12, -1, -8.49977e-12, -0.0871557, 8.857e-12, -0.996195, 0
6.36, 2025-07-03__00-41-15.109383, -0.0482519, -0.40368, 0.0239094, -1.70137, -0.0279945, 1.18371, 0.706975, -0.00109129, -0.101968, -0.000715081, -0.00407708, 0.000425082, -0.116632, -0.0120179, -0.289939, -0.0926321, -0.903881, 0.0390407, 0.38703, -0.0786727, -0.51713, 0, 0, 0, 8, 0, 0, 0, 0.34691, -0.0176178, 0.484423, 0.486385, -0.0157403, 0.742593, 0.996195, -3.71201e-12, -0.0871557, -4.46982e-12, -1, -8.49977e-12, -0.0871557, 8.857e-12, -0.996195, 0
6.37, 2025-07-03__00-41-15.119395, -0.0482501, -0.40465, 0.0238775, -1.70137, -0.0279911, 1.18257, 0.706764, -0.000286654, -0.0990562, -0.00267403, 0.00158968, 2.25915e-05, -0.105244, -0.0248674, -0.266571, -0.0130152, -0.863097, -0.0757418, 0.392716, -0.14106, -0.430407, 0, 0, 0, 8, 0, 0, 0, 0.346361, -0.0176083, 0.484701, 0.486385, -0.0157403, 0.742593, 0.996195, -3.71201e-12, -0.0871557, -4.46982e-12, -1, -8.49977e-12, -0.0871557, 8.857e-12, -0.996195, 0
6.38, 2025-07-03__00-41-15.129395, -0.0482501, -0.405599, 0.0238402, -1.70135, -0.0279882, 1.18148, 0.706569, 9.26425e-05, -0.0895492, -0.00544923, 0.00272463, 0.000678409, -0.102367, -0.016302, -0.216601, -0.333297, -0.788143, 0.0528003, 0.39799, -0.139378, -0.474281, 0, 0, 0, 8, 0, 0, 0, 0.345828, -0.0176032, 0.484989, 0.486385, -0.0157403, 0.742593, 0.996195, -3.71201e-12, -0.0871557, -4.46982e-12, -1, -8.49977e-12, -0.0871557, 8.857e-12, -0.996195, 0
6.39, 2025-07-03__00-41-15.139395, -0.0482498, -0.406569, 0.0238108, -1.70137, -0.0279912, 1.1805, 0.706437, 0.000696963, -0.0968506, -0.00186267, -0.0020612, -0.000474247, -0.0898799, -0.0125695, -0.287869, 0.0463001, -0.896159, -0.0740094, 0.39407, -0.202613, -0.491994, 0, 0, 0, 8, 0, 0, 0, 0.345328, -0.0175978, 0.485271, 0.486385, -0.0157403, 0.742593, 0.996195, -3.71201e-12, -0.0871557, -4.46982e-12, -1, -8.49977e-12, -0.0871557, 8.857e-12, -0.996195, 0
6.4, 2025-07-03__00-41-15.149401, -0.0482526, -0.407521, 0.0237784, -1.70138, -0.0279847, 1.17952, 0.706292, -0.000413521, -0.0913257, -0.00129162, 0.00125421, 0.00131478, -0.0930871, -0.00819786, -0.281035, -0.0200648, -0.889834, -0.0745832, 0.383332, -0.167911, -0.512738, 0, 0, 0, 8, 0, 0, 0, 0.344828, -0.0175937, 0.485545, 0.486385, -0.0157403, 0.742593, 0.996195, -3.71201e-12, -0.0871557, -4.46982e-12, -1, -8.49977e-12, -0.0871557, 8.857e-12, -0.996195, 0
6.41, 2025-07-03__00-41-15.159395, -0.0482501, -0.40842, 0.0237524, -1.70137, -0.0279845, 1.17852, 0.706115, 0.000163129, -0.0928841, -0.00335736, 0.00204147, -0.000149066, -0.0943637, -0.00948925, -0.254541, 0.174199, -0.8448, -0.165071, 0.395954, -0.141327, -0.497397, 0, 0, 0, 8, 0, 0, 0, 0.34434, -0.0175841, 0.485814, 0.486385, -0.0157403, 0.742593, 0.996195, -3.71201e-12, -0.0871557, -4.46982e-12, -1, -8.49977e-12, -0.0871557, 8.857e-12, -0.996195, 0
6.42, 2025-07-03__00-41-15.169395, -0.0482519, -0.409295, 0.02373, -1.70136, -0.0279757, 1.17759, 0.705932, 0.000232352, -0.0893555, -0.00271185, 0.00104052, 1.81656e-05, -0.0863629, -0.00866323, -0.26296, 0.102541, -0.859488, -0.129713, 0.394942, -0.177919, -0.49429, 0, 0, 0, 8, 0, 0, 0, 0.343877, -0.0175766, 0.486076, 0.486385, -0.0157403, 0.742593, 0.996195, -3.71201e-12, -0.0871557, -4.46982e-12, -1, -8.49977e-12, -0.0871557, 8.857e-12, -0.996195, 0
6.43, 2025-07-03__00-41-15.179395, -0.0482526, -0.41021, 0.0237082, -1.70136, -0.0279771, 1.17666, 0.70576, 0.000288418, -0.0953107, -0.00187475, -0.00054601, -0.000407215, -0.0849618, -0.019838, -0.284561, 0.478014, -0.889379, -0.276847, 0.393665, -0.170461, -0.419324, 0, 0, 0, 8, 0, 0, 0, 0.343406, -0.0175668, 0.486348, 0.486385, -0.0157403, 0.742593, 0.996195, -3.71201e-12, -0.0871557, -4.46982e-12, -1, -8.49977e-12, -0.0871557, 8.857e-12, -0.996195, 0
6.44, 2025-07-03__00-41-15.189400, -0.0482471, -0.41108, 0.0236822, -1.70135, -0.0279709, 1.17567, 0.705602, 0.00136185, -0.0855057, -0.00367222, 0.00165463, 0.00179472, -0.0963897, -0.0166089, -0.262184, 0.156391, -0.854179, -0.13793, 0.384263, -0.0736572, -0.431705, 0, 0, 0, 8, 0, 0, 0, 0.342925, -0.0175581, 0.486607, 0.486385, -0.0157403, 0.742593, 0.996195, -3.71201e-12, -0.0871557, -4.46982e-12, -1, -8.49977e-12, -0.0871557, 8.857e-12, -0.996195, 0
6.45, 2025-07-03__00-41-15.199396, -0.0482569, -0.411923, 0.0236598, -1.70135, -0.0279703, 1.17476, 0.705487, -0.00179635, -0.0821679, -0.00490579, -0.000427403, 0.000259454, -0.0932192, -0.00546609, -0.19657, 0.0527511, -0.764789, -0.0695799, 0.40489, -0.0745444, -0.495174, 0, 0, 0, 8, 0, 0, 0, 0.342468, -0.0175492, 0.486853, 0.486385, -0.0157403, 0.742593, 0.996195, -3.71201e-12, -0.0871557, -4.46982e-12, -1, -8.49977e-12, -0.0871557, 8.857e-12, -0.996195, 0
6.46, 2025-07-03__00-41-15.209385, -0.0482544, -0.412722, 0.023641, -1.70135, -0.0279674, 1.17392, 0.705389, -0.00111557, -0.0829152, -0.0049308, 0.00237005, 0.002454, -0.0818826, -0.00684211, -0.211372, 0.253744, -0.782871, -0.206397, 0.387504, -0.142279, -0.483244, 0, 0, 0, 8, 0, 0, 0, 0.342046, -0.0175387, 0.487083, 0.486385, -0.0157403, 0.742593, 0.996195, -3.71201e-12, -0.0871557, -4.46982e-12, -1, -8.49977e-12, -0.0871557, 8.857e-12, -0.996195, 0
6.47, 2025-07-03__00-41-15.219384, -0.0482495, -0.413523, 0.0236307, -1.70134, -0.027966, 1.17307, 0.705289, -0.000299152, -0.0813767, -0.00035933, 0.00331763, 0.000282355, -0.0828156, -0.00305624, -0.290174, 0.310489, -0.907031, -0.234983, 0.388864, -0.122658, -0.50152, 0, 0, 0, 8, 0, 0, 0, 0.341621, -0.0175284, 0.487324, 0.486385, -0.0157403, 0.742593, 0.996195, -3.71201e-12, -0.0871557, -4.46982e-12, -1, -8.49977e-12, -0.0871557, 8.857e-12, -0.996195, 0
6.48, 2025-07-03__00-41-15.229382, -0.0482424, -0.414235, 0.0236119, -1.70133, -0.0279616, 1.17226, 0.705196, 0.00107703, -0.0704193, -0.0029389, 0.00238179, -0.000167934, -0.0827128, -0.0125964, -0.253499, -0.148727, -0.851611, -0.0163758, 0.400423, -0.103594, -0.439708, 0, 0, 0, 8, 0, 0, 0, 0.34122, -0.0175207, 0.487534, 0.486385, -0.0157403, 0.742593, 0.996195, -3.71201e-12, -0.0871557, -4.46982e-12, -1, -8.49977e-12, -0.0871557, 8.857e-12, -0.996195, 0
6.49, 2025-07-03__00-41-15.239382, -0.0482504, -0.414973, 0.0235957, -1.70136, -0.0279614, 1.17157, 0.70511, -0.00129694, -0.080214, -0.00094556, -0.00404962, -9.628e-05, -0.0675982, -0.00294044, -0.266537, 0.286779, -0.877134, -0.155905, 0.397132, -0.188375, -0.495498, 0, 0, 0, 8, 0, 0, 0, 0.340859, -0.0175134, 0.487743, 0.486385, -0.0157403, 0.742593, 0.996195, -3.71201e-12, -0.0871557, -4.46982e-12, -1, -8.49977e-12, -0.0871557, 8.857e-12, -0.996195, 0
6.5, 2025-07-03__00-41-15.249389, -0.0482516, -0.415671, 0.0235714, -1.70137, -0.0279573, 1.17096, 0.705013, -0.000498213, -0.0711066, -0.00314596, -0.0029532, -3.37339e-05, -0.0581005, -0.00925451, -0.233178, -0.00407327, -0.82591, -0.0527919, 0.404107, -0.246929, -0.453803, 0, 0, 0, 8, 0, 0, 0, 0.340528, -0.0175072, 0.487951, 0.486385, -0.0157403, 0.742593, 0.996195, -3.71201e-12, -0.0871557, -4.46982e-12, -1, -8.49977e-12, -0.0871557, 8.857e-12, -0.996195, 0
6.51, 2025-07-03__00-41-15.259384, -0.0482488, -0.416275, 0.0235567, -1.70135, -0.0279547, 1.17029, 0.704947, -0.00176687, -0.0603104, -0.00449282, 0.0015837, -0.00132684, -0.0757354, -0.0100825, -0.18326, -0.348941, -0.755955, 0.0772224, 0.42047, -0.118613, -0.445932, 0, 0, 0, 8, 0, 0, 0, 0.340201, -0.0175038, 0.488131, 0.486385, -0.0157403, 0.742593, 0.996195, -3.71201e-12, -0.0871557, -4.46982e-12, -1, -8.49977e-12, -0.0871557, 8.857e-12, -0.996195, 0
6.52, 2025-07-03__00-41-15.269384, -0.0482516, -0.416909, 0.0235527, -1.70134, -0.0279436, 1.16957, 0.704871, -0.00844388, -0.0658806, 0.000527467, 0.000818188, 1.79492e-05, -0.0716556, -0.00393808, -0.191406, -0.0304405, -0.787304, -0.0581899, 0.408639, -0.132095, -0.479835, 0, 0, 0, 8, 0, 0, 0, 0.339849, -0.017489, 0.488315, 0.486385, -0.0157403, 0.742593, 0.996195, -3.71201e-12, -0.0871557, -4.46982e-12, -1, -8.49977e-12, -0.0871557, 8.857e-12, -0.996195, 0
6.53, 2025-07-03__00-41-15.279384, -0.0482485, -0.417541, 0.0235386, -1.70136, -0.0279429, 1.16888, 0.704789, -0.00174213, -0.0602545, -0.00121543, -0.000687027, -3.41836e-05, -0.075324, -0.00616668, -0.237845, -0.255095, -0.843975, 0.0693039, 0.403352, -0.0894146, -0.46247, 0, 0, 0, 8, 0, 0, 0, 0.339499, -0.0174768, 0.48849, 0.486385, -0.0157403, 0.742593, 0.996195, -3.71201e-12, -0.0871557, -4.46982e-12, -1, -8.49977e-12, -0.0871557, 8.857e-12, -0.996195, 0
6.54, 2025-07-03__00-41-15.289383, -0.0482516, -0.418103, 0.0235237, -1.70136, -0.0279403, 1.16818, 0.704704, 0.00176008, -0.0595997, -0.000970975, -0.00105949, 0.000100798, -0.0726288, -0.00713236, -0.282444, -0.244257, -0.904793, 0.0692614, 0.395412, -0.0909394, -0.452871, 0, 0, 0, 8, 0, 0, 0, 0.339167, -0.017473, 0.488648, 0.486385, -0.0157403, 0.742593, 0.996195, -3.71201e-12, -0.0871557, -4.46982e-12, -1, -8.49977e-12, -0.0871557, 8.857e-12, -0.996195, 0
6.55, 2025-07-03__00-41-15.299383, -0.0482477, -0.418677, 0.0235004, -1.70136, -0.0279374, 1.16748, 0.704617, 0.000907231, -0.053482, -0.00117343, 0.000145088, 0.000555976, -0.0650562, -0.0144639, -0.263441, -0.458387, -0.880276, 0.142351, 0.396681, -0.127919, -0.405043, 0, 0, 0, 8, 0, 0, 0, 0.338831, -0.0174708, 0.488812, 0.486385, -0.0157403, 0.742593, 0.996195, -3.71201e-12, -0.0871557, -4.46982e-12, -1, -8.49977e-12, -0.0871557, 8.857e-12, -0.996195, 0
6.56, 2025-07-03__00-41-15.309385, -0.0482491, -0.419276, 0.0234768, -1.70136, -0.0279317, 1.16673, 0.704576, 0.000665228, -0.0608105, -0.00665771, -0.000250891, 0.000159422, -0.0787389, -0.00773051, -0.177962, -0.0813906, -0.740514, 0.000657142, 0.408826, -0.0159325, -0.444836, 0, 0, 0, 8, 0, 0, 0, 0.338472, -0.0174623, 0.488978, 0.486385, -0.0157403, 0.742593, 0.996195, -3.71201e-12, -0.0871557, -4.46982e-12, -1, -8.49977e-12, -0.0871557, 8.857e-12, -0.996195, 0
6.57, 2025-07-03__00-41-15.319385, -0.0482491, -0.419844, 0.0234665, -1.70136, -0.0279332, 1.16597, 0.704561, 0.0011464, -0.0589086, 0.000820738, 7.72066e-05, 0.000389277, -0.0719166, -0.00820391, -0.299653, -0.122248, -0.937045, 0.0130632, 0.388059, -0.0443037, -0.441503, 0, 0, 0, 8, 0, 0, 0, 0.338109, -0.0174604, 0.489137, 0.486385, -0.0157403, 0.742593, 0.996195, -3.71201e-12, -0.0871557, -4.46982e-12, -1, -8.49977e-12, -0.0871557, 8.857e-12, -0.996195, 0
6.58, 2025-07-03__00-41-15.329383, -0.0482498, -0.420354, 0.023452, -1.70136, -0.0279326, 1.16529, 0.704528, -0.000681391, -0.0530386, -0.000807053, -0.000792973, 0.00021763, -0.0641502, -0.0016701, -0.244199, -0.391161, -0.859695, 0.133799, 0.398965, -0.0782267, -0.480414, 0, 0, 0, 8, 0, 0, 0, 0.337785, -0.0174499, 0.489276, 0.486385, -0.0157403, 0.742593, 0.996195, -3.71201e-12, -0.0871557, -4.46982e-12, -1, -8.49977e-12, -0.0871557, 8.857e-12, -0.996195, 0
6.59, 2025-07-03__00-41-15.339382, -0.048242, -0.420949, 0.0234477, -1.70137, -0.027931, 1.16463, 0.704446, 0.00114657, -0.0648368, 0.00161871, -0.000137016, 0.000147868, -0.0615619, -0.00761484, -0.318367, 0.249257, -0.964474, -0.15866, 0.384461, -0.0851433, -0.440465, 0, 0, 0, 8, 0, 0, 0, 0.33746, -0.0174402, 0.489441, 0.486385, -0.0157403, 0.742593, 0.996195, -3.71201e-12, -0.0871557, -4.46982e-12, -1, -8.49977e-12, -0.0871557, 8.857e-12, -0.996195, 0
6.6, 2025-07-03__00-41-15.349386, -0.0482459, -0.421497, 0.0234297, -1.70136, -0.0279272, 1.164, 0.704365, 0.00500868, -0.0469788, 0.000189219, 0.00760172, 0.000478773, -0.0563495, -0.01109, -0.324851, -0.368023, -0.970141, 0.0211293, 0.383395, -0.118255, -0.41607, 0, 0, 0, 8, 0, 0, 0, 0.337151, -0.017434, 0.489604, 0.486385, -0.0157403, 0.742593, 0.996195, -3.71201e-12, -0.0871557, -4.46982e-12, -1, -8.49977e-12, -0.0871557, 8.857e-12, -0.996195, 0
6.61, 2025-07-03__00-41-15.359383, -0.048252, -0.421993, 0.0234136, -1.70135, -0.0279268, 1.16337, 0.7043, 0.000114316, -0.0532684, -0.00304598, -0.000763513, 6.45492e-05, -0.0523324, -0.00616532, -0.218733, -0.215625, -0.816293, 0.045159, 0.403055, -0.118277, -0.443995, 0, 0, 0, 8, 0, 0, 0, 0.336849, -0.0174314, 0.489742, 0.486385, -0.0157403, 0.742593, 0.996195, -3.71201e-12, -0.0871557, -4.46982e-12, -1, -8.49977e-12, -0.0871557, 8.857e-12, -0.996195, 0
6.62, 2025-07-03__00-41-15.369384, -0.0482467, -0.422558, 0.0233946, -1.70135, -0.0279222, 1.16274, 0.704242, 0.00116821, -0.0575181, -0.00278229, -0.00046514, 0.000728498, -0.0551287, -0.0120212, -0.240929, 0.0556638, -0.845143, -0.0718884, 0.393472, -0.0872168, -0.406176, 0, 0, 0, 8, 0, 0, 0, 0.336534, -0.0174245, 0.4899, 0.486385, -0.0157403, 0.742593, 0.996195, -3.71201e-12, -0.0871557, -4.46982e-12, -1, -8.49977e-12, -0.0871557, 8.857e-12, -0.996195, 0
6.63, 2025-07-03__00-41-15.379383, -0.048247, -0.423068, 0.023382, -1.70136, -0.0279197, 1.16211, 0.704193, -0.000136635, -0.0515972, -0.00112923, -0.00102432, -0.000408708, -0.0549244, -0.00529716, -0.241747, -0.197541, -0.856679, 0.0514322, 0.401501, -0.0720204, -0.444878, 0, 0, 0, 8, 0, 0, 0, 0.336231, -0.017415, 0.490043, 0.486385, -0.0157403, 0.742593, 0.996195, -3.71201e-12, -0.0871557, -4.46982e-12, -1, -8.49977e-12, -0.0871557, 8.857e-12, -0.996195, 0
6.64, 2025-07-03__00-41-15.389383, -0.0482492, -0.423552, 0.0233753, -1.70136, -0.0279169, 1.16155, 0.70418, 0.000268261, -0.0470819, 0.000121755, -0.00053116, 0.00040022, -0.056925, 0.000456754, -0.262219, -0.349273, -0.89198, 0.119671, 0.393139, -0.0467345, -0.479418, 0, 0, 0, 8, 0, 0, 0, 0.335957, -0.0174104, 0.490184, 0.486385, -0.0157403, 0.742593, 0.996195, -3.71201e-12, -0.0871557, -4.46982e-12, -1, -8.49977e-12, -0.0871557, 8.857e-12, -0.996195, 0
6.65, 2025-07-03__00-41-15.399385, -0.0482462, -0.424105, 0.023366, -1.70136, -0.0279172, 1.16105, 0.704124, 0.000429328, -0.0573479, -0.000788354, 0.000653824, 0.000204387, -0.0493973, -0.00921027, -0.263034, 0.250744, -0.884737, -0.172217, 0.391358, -0.095187, -0.419077, 0, 0, 0, 8, 0, 0, 0, 0.335689, -0.0174002, 0.490338, 0.486385, -0.0157403, 0.742593, 0.996195, -3.71201e-12, -0.0871557, -4.46982e-12, -1, -8.49977e-12, -0.0871557, 8.857e-12, -0.996195, 0
6.66, 2025-07-03__00-41-15.409383, -0.0482469, -0.424556, 0.0233534, -1.70135, -0.0279167, 1.16056, 0.704049, 0.000992178, -0.0470479, -0.000121909, 0.00105347, 7.59625e-06, -0.0406989, -0.00763585, -0.269318, -0.168093, -0.899777, -0.000976183, 0.394328, -0.145634, -0.42548, 0, 0, 0, 8, 0, 0, 0, 0.335444, -0.0173973, 0.490475, 0.486385, -0.0157403, 0.742593, 0.996195, -3.71201e-12, -0.0871557, -4.46982e-12, -1, -8.49977e-12, -0.0871557, 8.857e-12, -0.996195, 0
6.67, 2025-07-03__00-41-15.419384, -0.0482463, -0.424978, 0.0233447, -1.70134, -0.0279089, 1.16005, 0.704014, 0.000291778, -0.0418822, 0.000404771, 0.000176857, 0.00483306, -0.0486666, -0.000630204, -0.271155, -0.389214, -0.9072, 0.121798, 0.36385, -0.0776312, -0.46625, 0, 0, 0, 8, 0, 0, 0, 0.335198, -0.0173901, 0.490596, 0.486385, -0.0157403, 0.742593, 0.996195, -3.71201e-12, -0.0871557, -4.46982e-12, -1, -8.49977e-12, -0.0871557, 8.857e-12, -0.996195, 0
6.68, 2025-07-03__00-41-15.429384, -0.048241, -0.425455, 0.0233383, -1.70134, -0.027911, 1.15953, 0.703976, 0.00145791, -0.0477883, -0.000275437, 0.000656319, 0.000459872, -0.0519448, -0.00433997, -0.273342, -0.0460607, -0.904978, -0.0288531, 0.389225, -0.0463771, -0.442242, 0, 0, 0, 8, 0, 0, 0, 0.33494, -0.0173842, 0.490729, 0.486385, -0.0157403, 0.742593, 0.996195, -3.71201e-12, -0.0871557, -4.46982e-12, -1, -8.49977e-12, -0.0871557, 8.857e-12, -0.996195, 0
6.69, 2025-07-03__00-41-15.439386, -0.0482385, -0.42591, 0.0233236, -1.70135, -0.0279073, 1.15907, 0.703934, 0.00223495, -0.0389991, -0.00165517, -0.000174282, 0.000376188, -0.0393328, -0.00428416, -0.251609, -0.418774, -0.873497, 0.129001, 0.395731, -0.122702, -0.441241, 0, 0, 0, 8, 0, 0, 0, 0.334696, -0.0173778, 0.490862, 0.486385, -0.0157403, 0.742593, 0.996195, -3.71201e-12, -0.0871557, -4.46982e-12, -1, -8.49977e-12, -0.0871557, 8.857e-12, -0.996195, 0
6.7, 2025-07-03__00-41-15.449385, -0.0482463, -0.426297, 0.0233171, -1.70134, -0.0279082, 1.15862, 0.703876, 0.000118074, -0.0361683, -0.000776547, 0.000631055, 0.00134816, -0.0473447, -0.0100165, -0.239475, -0.495337, -0.862312, 0.167991, 0.391579, -0.0589887, -0.404097, 0, 0, 0, 8, 0, 0, 0, 0.334482, -0.017373, 0.490972, 0.486385, -0.0157403, 0.742593, 0.996195, -3.71201e-12, -0.0871557, -4.46982e-12, -1, -8.49977e-12, -0.0871557, 8.857e-12, -0.996195, 0
6.71, 2025-07-03__00-41-15.459384, -0.0482465, -0.426707, 0.0233104, -1.70135, -0.0279032, 1.15821, 0.703813, -0.000258263, -0.0362817, 6.75982e-05, -0.000567624, 0.000272403, -0.0346621, -0.00177617, -0.246499, -0.460068, -0.876154, 0.148916, 0.397564, -0.137525, -0.451352, 0, 0, 0, 8, 0, 0, 0, 0.334267, -0.0173674, 0.491092, 0.486385, -0.0157403, 0.742593, 0.996195, -3.71201e-12, -0.0871557, -4.46982e-12, -1, -8.49977e-12, -0.0871557, 8.857e-12, -0.996195, 0
6.72, 2025-07-03__00-41-15.469383, -0.0482438, -0.42708, 0.0232986, -1.70135, -0.0279046, 1.15782, 0.703795, -0.00148442, -0.0358549, -0.00475717, -0.000143166, 0.000801818, -0.0343491, 0.000636563, -0.157703, -0.429393, -0.735926, 0.128377, 0.407842, -0.132881, -0.466098, 0, 0, 0, 8, 0, 0, 0, 0.334068, -0.0173643, 0.491195, 0.486385, -0.0157403, 0.742593, 0.996195, -3.71201e-12, -0.0871557, -4.46982e-12, -1, -8.49977e-12, -0.0871557, 8.857e-12, -0.996195, 0
6.73, 2025-07-03__00-41-15.479384, -0.0482459, -0.427443, 0.0232931, -1.70135, -0.0279042, 1.15743, 0.703767, -0.00039292, -0.0307957, -0.00080321, 0.00060805, -8.76652e-05, -0.0446206, -0.00564247, -0.225171, -0.605051, -0.845886, 0.217959, 0.403289, -0.0555412, -0.426482, 0, 0, 0, 8, 0, 0, 0, 0.333874, -0.0173594, 0.491302, 0.486385, -0.0157403, 0.742593, 0.996195, -3.71201e-12, -0.0871557, -4.46982e-12, -1, -8.49977e-12, -0.0871557, 8.857e-12, -0.996195, 0
6.74, 2025-07-03__00-41-15.489384, -0.0482463, -0.427786, 0.0232893, -1.70135, -0.0278999, 1.15702, 0.703733, 0.000708007, -0.0338791, 9.88781e-05, 0.000448057, -0.00025353, -0.0443446, -0.00102668, -0.25452, -0.42955, -0.888476, 0.143906, 0.398293, -0.048511, -0.452818, 0, 0, 0, 8, 0, 0, 0, 0.333671, -0.0173522, 0.491395, 0.486385, -0.0157403, 0.742593, 0.996195, -3.71201e-12, -0.0871557, -4.46982e-12, -1, -8.49977e-12, -0.0871557, 8.857e-12, -0.996195, 0
6.75, 2025-07-03__00-41-15.499382, -0.0482437, -0.428146, 0.0232791, -1.70135, -0.0278998, 1.15662, 0.703711, 0.000918881, -0.0321981, -0.00138264, -0.000214921, -0.000223508, -0.0366355, -0.000333726, -0.232259, -0.483233, -0.853239, 0.164786, 0.402121, -0.0922633, -0.456609, 0, 0, 0, 8, 0, 0, 0, 0.333474, -0.0173482, 0.491494, 0.486385, -0.0157403, 0.742593, 0.996195, -3.71201e-12, -0.0871557, -4.46982e-12, -1, -8.49977e-12, -0.0871557, 8.857e-12, -0.996195, 0
6.76, 2025-07-03__00-41-15.509387, -0.0482488, -0.42844, 0.0232708, -1.70135, -0.027894, 1.15625, 0.703685, -0.00118417, -0.0315579, -0.00104956, -0.00209676, 2.64311e-05, -0.0324504, -0.00109361, -0.211437, -0.53241, -0.828415, 0.203921, 0.404077, -0.109097, -0.45116, 0, 0, 0, 8, 0, 0, 0, 0.333291, -0.017343, 0.491576, 0.486385, -0.0157403, 0.742593, 0.996195, -3.71201e-12, -0.0871557, -4.46982e-12, -1, -8.49977e-12, -0.0871557, 8.857e-12, -0.996195, 0
6.77, 2025-07-03__00-41-15.519384, -0.0482452, -0.428754, 0.0232642, -1.70135, -0.0278936, 1.15589, 0.703641, 0.000329752, -0.0340137, -0.00193235, -0.000861315, 0.000338261, -0.037497, -0.00373125, -0.219008, -0.357723, -0.832881, 0.120886, 0.399588, -0.0688084, -0.433143, 0, 0, 0, 8, 0, 0, 0, 0.333117, -0.017337, 0.491665, 0.486385, -0.0157403, 0.742593, 0.996195, -3.71201e-12, -0.0871557, -4.46982e-12, -1, -8.49977e-12, -0.0871557, 8.857e-12, -0.996195, 0
6.78, 2025-07-03__00-41-15.529385, -0.0482465, -0.429062, 0.0232543, -1.70135, -0.027893, 1.15557, 0.703613, -0.00396446, -0.0252832, -0.0025896, 0.000587633, 9.90035e-05, -0.0370565, -0.00377084, -0.14951, -0.704889, -0.739925, 0.258058, 0.41374, -0.06728, -0.432235, 0, 0, 0, 8, 0, 0, 0, 0.332947, -0.017334, 0.491753, 0.486385, -0.0157403, 0.742593, 0.996195, -3.71201e-12, -0.0871557, -4.46982e-12, -1, -8.49977e-12, -0.0871557, 8.857e-12, -0.996195, 0
6.79, 2025-07-03__00-41-15.539384, -0.0482477, -0.429351, 0.0232563, -1.70135, -0.0278895, 1.15528, 0.703597, 7.7252e-05, -0.0255808, -0.000858947, -0.000161604, -1.40771e-05, -0.0323413, -0.00233159, -0.22389, -0.660109, -0.847895, 0.24254, 0.402497, -0.0941193, -0.439971, 0, 0, 0, 8, 0, 0, 0, 0.332799, -0.0173285, 0.491834, 0.486385, -0.0157403, 0.742593, 0.996195, -3.71201e-12, -0.0871557, -4.46982e-12, -1, -8.49977e-12, -0.0871557, 8.857e-12, -0.996195, 0
6.8, 2025-07-03__00-41-15.549385, -0.0482436, -0.429652, 0.0232532, -1.70135, -0.0278878, 1.15498, 0.703588, 0.000436655, -0.0284969, -0.000987395, 0.000161415, 0.000240049, -0.0324815, 0.00133331, -0.230023, -0.473093, -0.85461, 0.15666, 0.398564, -0.0891048, -0.461951, 0, 0, 0, 8, 0, 0, 0, 0.332648, -0.0173232, 0.49192, 0.486385, -0.0157403, 0.742593, 0.996195, -3.71201e-12, -0.0871557, -4.46982e-12, -1, -8.49977e-12, -0.0871557, 8.857e-12, -0.996195, 0
6.81, 2025-07-03__00-41-15.559386, -0.0482459, -0.429932, 0.0232469, -1.70135, -0.0278852, 1.1547, 0.703552, 0.00028837, -0.0222078, -0.00273191, 0.00402091, -6.31475e-05, -0.0267678, -0.0046804, -0.195783, -0.651629, -0.801481, 0.182572, 0.406498, -0.129031, -0.424281, 0, 0, 0, 8, 0, 0, 0, 0.3325, -0.0173215, 0.492002, 0.486385, -0.0157403, 0.742593, 0.996195, -3.71201e-12, -0.0871557, -4.46982e-12, -1, -8.49977e-12, -0.0871557, 8.857e-12, -0.996195, 0
6.82, 2025-07-03__00-41-15.569384, -0.0482441, -0.430198, 0.0232467, -1.70135, -0.0278854, 1.15442, 0.703532, 0.000354156, -0.0258008, -0.00147822, -0.000397873, -0.000151634, -0.0258732, -0.00154729, -0.218951, -0.540032, -0.839166, 0.184937, 0.403576, -0.123589, -0.442312, 0, 0, 0, 8, 0, 0, 0, 0.332362, -0.0173159, 0.492077, 0.486385, -0.0157403, 0.742593, 0.996195, -3.71201e-12, -0.0871557, -4.46982e-12, -1, -8.49977e-12, -0.0871557, 8.857e-12, -0.996195, 0
6.83, 2025-07-03__00-41-15.579386, -0.0482412, -0.430463, 0.0232463, -1.70135, -0.0278854, 1.1541, 0.703526, 0.000342432, -0.0267125, 0.00102262, 0.000318298, 0.000202694, -0.0328996, -0.000276703, -0.259112, -0.456461, -0.904367, 0.153009, 0.393805, -0.0692845, -0.449536, 0, 0, 0, 8, 0, 0, 0, 0.332206, -0.0173091, 0.492151, 0.486385, -0.0157403, 0.742593, 0.996195, -3.71201e-12, -0.0871557, -4.46982e-12, -1, -8.49977e-12, -0.0871557, 8.857e-12, -0.996195, 0
6.84, 2025-07-03__00-41-15.589385, -0.0482375, -0.430716, 0.0232347, -1.70134, -0.0278836, 1.15375, 0.703499, 0.00121652, -0.0226874, -0.00279105, 0.000735211, 0.000238403, -0.036495, -0.00494595, -0.205523, -0.627004, -0.816137, 0.229708, 0.402729, -0.0355809, -0.420255, 0, 0, 0, 8, 0, 0, 0, 0.332046, -0.0173055, 0.492219, 0.486385, -0.0157403, 0.742593, 0.996195, -3.71201e-12, -0.0871557, -4.46982e-12, -1, -8.49977e-12, -0.0871557, 8.857e-12, -0.996195, 0
6.85, 2025-07-03__00-41-15.599384, -0.0482412, -0.431001, 0.0232343, -1.70135, -0.0278804, 1.15341, 0.703489, 0.000418656, -0.0278656, -0.000245868, -0.00141595, -0.000162211, -0.0387404, -0.000104721, -0.239115, -0.403849, -0.872659, 0.161901, 0.398394, -0.00936409, -0.449084, 0, 0, 0, 8, 0, 0, 0, 0.33188, -0.0173005, 0.492296, 0.486385, -0.0157403, 0.742593, 0.996195, -3.71201e-12, -0.0871557, -4.46982e-12, -1, -8.49977e-12, -0.0871557, 8.857e-12, -0.996195, 0
6.86, 2025-07-03__00-41-15.609386, -0.0482456, -0.431269, 0.0232308, -1.70136, -0.0278818, 1.15311, 0.703478, -0.00209314, -0.0235411, 0.000252905, -0.00167441, -0.000280676, -0.0340082, 0.000788073, -0.212972, -0.589086, -0.84255, 0.241491, 0.404338, -0.0345063, -0.454514, 0, 0, 0, 8, 0, 0, 0, 0.331727, -0.0173004, 0.492372, 0.486385, -0.0157403, 0.742593, 0.996195, -3.71201e-12, -0.0871557, -4.46982e-12, -1, -8.49977e-12, -0.0871557, 8.857e-12, -0.996195, 0
6.87, 2025-07-03__00-41-15.619384, -0.0482407, -0.431526, 0.0232358, -1.70136, -0.0278799, 1.15284, 0.703456, 0.0103607, -0.0284227, 0.00272777, -0.000108005, 0.000145161, -0.0299399, -0.00864024, -0.40304, -0.277159, -1.10576, 0.0831564, 0.36963, -0.0610326, -0.395419, 0, 0, 0, 8, 0, 0, 0, 0.331591, -0.0172933, 0.492443, 0.486385, -0.0157403, 0.742593, 0.996195, -3.71201e-12, -0.0871557, -4.46982e-12, -1, -8.49977e-12, -0.0871557, 8.857e-12, -0.996195, 0
6.88, 2025-07-03__00-41-15.629385, -0.0482408, -0.431781, 0.0232239, -1.70135, -0.0278786, 1.15259, 0.703461, -0.000905532, -0.0202976, -0.00101878, -0.000553573, 0.000135422, -0.0211236, 0.00344618, -0.205804, -0.645012, -0.828407, 0.23491, 0.403069, -0.116311, -0.470458, 0, 0, 0, 8, 0, 0, 0, 0.331455, -0.0172877, 0.492514, 0.486385, -0.0157403, 0.742593, 0.996195, -3.71201e-12, -0.0871557, -4.46982e-12, -1, -8.49977e-12, -0.0871557, 8.857e-12, -0.996195, 0
6.89, 2025-07-03__00-41-15.639384, -0.0482403, -0.432059, 0.0232156, -1.70136, -0.0278779, 1.15236, 0.70343, 0.00061372, -0.0263332, -0.00173279, -0.00104199, -0.000523832, -0.0227009, -0.00371774, -0.218106, -0.323022, -0.839225, 0.10033, 0.403759, -0.102502, -0.425896, 0, 0, 0, 8, 0, 0, 0, 0.331333, -0.0172857, 0.492595, 0.486385, -0.0157403, 0.742593, 0.996195, -3.71201e-12, -0.0871557, -4.46982e-12, -1, -8.49977e-12, -0.0871557, 8.857e-12, -0.996195, 0
6.9, 2025-07-03__00-41-15.649387, -0.0482456, -0.43234, 0.0232119, -1.70136, -0.0278801, 1.15213, 0.703399, -0.00060794, -0.0305329, -0.00135575, 0.000863155, -0.000190649, -0.0188371, -0.00415065, -0.216356, -0.0337957, -0.836603, -0.0563224, 0.400214, -0.130431, -0.422484, 0, 0, 0, 8, 0, 0, 0, 0.331203, -0.0172838, 0.492677, 0.486385, -0.0157403, 0.742593, 0.996195, -3.71201e-12, -0.0871557, -4.46982e-12, -1, -8.49977e-12, -0.0871557, 8.857e-12, -0.996195, 0
6.91, 2025-07-03__00-41-15.659385, -0.0482409, -0.432531, 0.0232144, -1.70136, -0.0278787, 1.15195, 0.703403, -0.000392572, -0.0219954, 0.000261849, -0.000472648, 4.14315e-05, -0.0184654, -0.00368995, -0.235482, -0.433346, -0.873934, 0.138211, 0.398182, -0.127702, -0.425197, 0, 0, 0, 8, 0, 0, 0, 0.331098, -0.0172794, 0.492739, 0.486385, -0.0157403, 0.742593, 0.996195, -3.71201e-12, -0.0871557, -4.46982e-12, -1, -8.49977e-12, -0.0871557, 8.857e-12, -0.996195, 0
6.92, 2025-07-03__00-41-15.669384, -0.0482378, -0.43286, 0.0232055, -1.70135, -0.0278732, 1.15169, 0.703387, 0.0016256, -0.0317262, -0.000655856, 0.000966996, 0.000346839, -0.0187433, -0.00047154, -0.256164, 0.123293, -0.892897, -0.126058, 0.389254, -0.127522, -0.444327, 0, 0, 0, 8, 0, 0, 0, 0.330968, -0.0172767, 0.492828, 0.486385, -0.0157403, 0.742593, 0.996195, -3.71201e-12, -0.0871557, -4.46982e-12, -1, -8.49977e-12, -0.0871557, 8.857e-12, -0.996195, 0
6.93, 2025-07-03__00-41-15.679384, -0.0482375, -0.43317, 0.0232022, -1.70136, -0.0278745, 1.15149, 0.703366, 0.00114269, -0.0265043, -0.000636262, -0.0025424, -5.13624e-05, -0.0216808, -0.00312521, -0.245125, -0.130772, -0.881762, 0.0327073, 0.395971, -0.101361, -0.42748, 0, 0, 0, 8, 0, 0, 0, 0.330844, -0.0172714, 0.492921, 0.486385, -0.0157403, 0.742593, 0.996195, -3.71201e-12, -0.0871557, -4.46982e-12, -1, -8.49977e-12, -0.0871557, 8.857e-12, -0.996195, 0
6.94, 2025-07-03__00-41-15.689385, -0.0482449, -0.433392, 0.023196, -1.70136, -0.0278695, 1.15128, 0.703356, -0.00040412, -0.0205637, -0.00281722, -0.00125401, 0.000373358, -0.0204823, 0.000943165, -0.187972, -0.353927, -0.796976, 0.114295, 0.403016, -0.107864, -0.452219, 0, 0, 0, 8, 0, 0, 0, 0.330733, -0.0172711, 0.492987, 0.486385, -0.0157403, 0.742593, 0.996195, -3.71201e-12, -0.0871557, -4.46982e-12, -1, -8.49977e-12, -0.0871557, 8.857e-12, -0.996195, 0
6.95, 2025-07-03__00-41-15.699385, -0.0482402, -0.433668, 0.0231983, -1.70136, -0.0278718, 1.15111, 0.703341, 2.64876e-05, -0.0269994, 0.00116033, -0.00043594, 0.000283749, -0.0196511, -0.00131228, -0.263023, 0.036093, -0.913701, -0.0681403, 0.38965, -0.116641, -0.437842, 0, 0, 0, 8, 0, 0, 0, 0.33063, -0.0172678, 0.493067, 0.486385, -0.0157403, 0.742593, 0.996195, -3.71201e-12, -0.0871557, -4.46982e-12, -1, -8.49977e-12, -0.0871557, 8.857e-12, -0.996195, 0
6.96, 2025-07-03__00-41-15.709385, -0.0482381, -0.433923, 0.0231948, -1.70136, -0.0278714, 1.15092, 0.703331, 0.000187424, -0.0226699, 0.000650046, 0.00166262, -0.000174811, -0.0164964, -0.005623, -0.253426, -0.072863, -0.899277, -0.0488225, 0.394634, -0.140316, -0.411599, 0, 0, 0, 8, 0, 0, 0, 0.33052, -0.0172626, 0.493146, 0.486385, -0.0157403, 0.742593, 0.996195, -3.71201e-12, -0.0871557, -4.46982e-12, -1, -8.49977e-12, -0.0871557, 8.857e-12, -0.996195, 0
6.97, 2025-07-03__00-41-15.719383, -0.0482395, -0.434123, 0.0231888, -1.70134, -0.0278698, 1.1507, 0.703322, 0.00017653, -0.0208034, -0.000963992, 0.00139577, 1.03679e-05, -0.0226582, -0.00298178, -0.226227, -0.139145, -0.856136, -0.00701216, 0.397782, -0.0937062, -0.427423, 0, 0, 0, 8, 0, 0, 0, 0.330413, -0.0172565, 0.493204, 0.486385, -0.0157403, 0.742593, 0.996195, -3.71201e-12, -0.0871557, -4.46982e-12, -1, -8.49977e-12, -0.0871557, 8.857e-12, -0.996195, 0
6.98, 2025-07-03__00-41-15.729388, -0.0482401, -0.434392, 0.0231806, -1.70135, -0.0278697, 1.1505, 0.703315, -0.000179063, -0.0316313, -0.00201195, -0.000312463, -4.25714e-05, -0.0213413, -0.000797409, -0.217259, 0.38523, -0.836039, -0.22296, 0.396836, -0.0996084, -0.441039, 0, 0, 0, 8, 0, 0, 0, 0.330299, -0.0172577, 0.493281, 0.486385, -0.0157403, 0.742593, 0.996195, -3.71201e-12, -0.0871557, -4.46982e-12, -1, -8.49977e-12, -0.0871557, 8.857e-12, -0.996195, 0
6.99, 2025-07-03__00-41-15.739385, -0.0482406, -0.434616, 0.0231863, -1.70135, -0.0278697, 1.15029, 0.703311, -4.62601e-05, -0.0228099, 0.00112352, -0.000838091, 0.000214403, -0.0148502, -0.000434763, -0.259121, -0.00367775, -0.91126, -0.0510975, 0.391002, -0.139987, -0.442891, 0, 0, 0, 8, 0, 0, 0, 0.330187, -0.0172544, 0.493351, 0.486385, -0.0157403, 0.742593, 0.996195, -3.71201e-12, -0.0871557, -4.46982e-12, -1, -8.49977e-12, -0.0871557, 8.857e-12, -0.996195, 0
7, 2025-07-03__00-41-15.749388, -0.0482396, -0.434777, 0.0231824, -1.70134, -0.027869, 1.15009, 0.703302, 0.000538145, -0.0145896, -0.000625678, 8.4124e-05, 0.000313373, -0.0157879, -0.00252937, -0.230685, -0.357123, -0.867637, 0.0970982, 0.396672, -0.129852, -0.429893, 0, 0, 0, 8, 0, 0, 0, 0.33009, -0.0172497, 0.493394, 0.486385, -0.0157403, 0.742593, 0.996195, -3.71201e-12, -0.0871557, -4.46982e-12, -1, -8.49977e-12, -0.0871557, 8.857e-12, -0.996195, 0
7.01, 2025-07-03__00-41-15.759385, -0.0482376, -0.435012, 0.0231792, -1.70135, -0.0278685, 1.14987, 0.703285, 0.000336961, -0.0208011, -0.000865283, -0.00103886, -0.000214801, -0.027174, -0.000689845, -0.229821, -0.0563584, -0.86353, -0.00558271, 0.398236, -0.0465118, -0.440217, 0, 0, 0, 8, 0, 0, 0, 0.329979, -0.0172441, 0.49346, 0.486385, -0.0157403, 0.742593, 0.996195, -3.71201e-12, -0.0871557, -4.46982e-12, -1, -8.49977e-12, -0.0871557, 8.857e-12, -0.996195, 0
7.02, 2025-07-03__00-41-15.769384, -0.0482399, -0.435211, 0.0231743, -1.70136, -0.0278684, 1.14968, 0.703283, -0.000966689, -0.0166453, -0.00184248, -0.00054023, -1.7369e-05, -0.0156875, 0.000835258, -0.196368, -0.217125, -0.815943, 0.0425825, 0.403346, -0.122683, -0.450052, 0, 0, 0, 8, 0, 0, 0, 0.329872, -0.0172399, 0.493517, 0.486385, -0.0157403, 0.742593, 0.996195, -3.71201e-12, -0.0871557, -4.46982e-12, -1, -8.49977e-12, -0.0871557, 8.857e-12, -0.996195, 0
7.03, 2025-07-03__00-41-15.779385, -0.0482428, -0.435346, 0.0231679, -1.70135, -0.027865, 1.14951, 0.70327, 0.000391489, -0.0152662, -0.000874694, -2.87609e-06, -6.28276e-05, -0.0163354, -0.00302929, -0.224802, -0.255273, -0.858929, 0.0558916, 0.398908, -0.115343, -0.426022, 0, 0, 0, 8, 0, 0, 0, 0.329793, -0.0172437, 0.493555, 0.486385, -0.0157403, 0.742593, 0.996195, -3.71201e-12, -0.0871557, -4.46982e-12, -1, -8.49977e-12, -0.0871557, 8.857e-12, -0.996195, 0
7.04, 2025-07-03__00-41-15.789387, -0.0482431, -0.435527, 0.0231724, -1.70136, -0.0278648, 1.14935, 0.703266, -0.00102978, -0.0206409, 0.000546067, -0.00270275, 0.00170602, -0.0177372, -5.91804e-05, -0.239094, -0.0310891, -0.884559, -0.00951914, 0.384508, -0.0995381, -0.443841, 0, 0, 0, 8, 0, 0, 0, 0.329708, -0.0172407, 0.493606, 0.486385, -0.0157403, 0.742593, 0.996195, -3.71201e-12, -0.0871557, -4.46982e-12, -1, -8.49977e-12, -0.0871557, 8.857e-12, -0.996195, 0
7.05, 2025-07-03__00-41-15.799384, -0.0482374, -0.435699, 0.0231638, -1.70135, -0.0278638, 1.14919, 0.70325, 0.000264155, -0.011113, -0.00315119, -4.24567e-05, 0.000102774, -0.0162122, -0.00178753, -0.185348, -0.397262, -0.796888, 0.119074, 0.4051, -0.111429, -0.432912, 0, 0, 0, 8, 0, 0, 0, 0.329622, -0.0172345, 0.493657, 0.486385, -0.0157403, 0.742593, 0.996195, -3.71201e-12, -0.0871557, -4.46982e-12, -1, -8.49977e-12, -0.0871557, 8.857e-12, -0.996195, 0
7.06, 2025-07-03__00-41-15.809384, -0.0482393, -0.435839, 0.023172, -1.70135, -0.0278612, 1.14906, 0.703244, -0.00561719, -0.0158326, 0.00200882, -0.000210829, 0.00274012, -0.0161209, -0.00139807, -0.207658, -0.156281, -0.850478, 0.0151372, 0.383299, -0.110397, -0.434914, 0, 0, 0, 8, 0, 0, 0, 0.329553, -0.0172343, 0.493699, 0.486385, -0.0157403, 0.742593, 0.996195, -3.71201e-12, -0.0871557, -4.46982e-12, -1, -8.49977e-12, -0.0871557, 8.857e-12, -0.996195, 0
7.07, 2025-07-03__00-41-15.819384, -0.0482401, -0.436015, 0.0231608, -1.70135, -0.0278651, 1.14891, 0.703241, 0.000292133, -0.0116756, -0.000221933, -0.000538855, -0.000280369, -0.0128309, -0.000174434, -0.230902, -0.325217, -0.872632, 0.090046, 0.39986, -0.130817, -0.442575, 0, 0, 0, 8, 0, 0, 0, 0.329468, -0.0172329, 0.493749, 0.486385, -0.0157403, 0.742593, 0.996195, -3.71201e-12, -0.0871557, -4.46982e-12, -1, -8.49977e-12, -0.0871557, 8.857e-12, -0.996195, 0
7.08, 2025-07-03__00-41-15.829386, -0.0482417, -0.436139, 0.0231576, -1.70135, -0.0278631, 1.14875, 0.703235, -0.000932913, -0.0138539, -0.00309067, -0.000372283, -0.000581377, -0.0162102, -0.00263897, -0.174463, -0.215768, -0.782436, 0.043667, 0.409928, -0.10368, -0.427675, 0, 0, 0, 8, 0, 0, 0, 0.329396, -0.01723, 0.493781, 0.486385, -0.0157403, 0.742593, 0.996195, -3.71201e-12, -0.0871557, -4.46982e-12, -1, -8.49977e-12, -0.0871557, 8.857e-12, -0.996195, 0
7.09, 2025-07-03__00-41-15.839385, -0.0482388, -0.436289, 0.0231579, -1.70135, -0.027862, 1.14859, 0.703229, 0.00139228, -0.0149322, -0.00141122, 0.00135441, 0.000347762, -0.0161456, -0.00102428, -0.23019, -0.105928, -0.86424, -0.023603, 0.39397, -0.104095, -0.436967, 0, 0, 0, 8, 0, 0, 0, 0.329309, -0.0172248, 0.493821, 0.486385, -0.0157403, 0.742593, 0.996195, -3.71201e-12, -0.0871557, -4.46982e-12, -1, -8.49977e-12, -0.0871557, 8.857e-12, -0.996195, 0
7.1, 2025-07-03__00-41-15.849387, -0.0482374, -0.436427, 0.0231542, -1.70136, -0.0278601, 1.14843, 0.703224, 0.00560804, -0.0125826, -0.00135907, -0.00154037, -0.00952028, -0.0123461, -0.000360331, -0.257459, -0.266734, -0.90311, 0.0794386, 0.45359, -0.122097, -0.440407, 0, 0, 0, 8, 0, 0, 0, 0.329233, -0.0172234, 0.493861, 0.486385, -0.0157403, 0.742593, 0.996195, -3.71201e-12, -0.0871557, -4.46982e-12, -1, -8.49977e-12, -0.0871557, 8.857e-12, -0.996195, 0
7.11, 2025-07-03__00-41-15.859384, -0.048242, -0.436554, 0.0231565, -1.70135, -0.0278607, 1.14828, 0.703216, -0.00164819, -0.0115445, 0.00103827, 0.000504196, -0.000401365, -0.0129933, -5.44829e-05, -0.227727, -0.259092, -0.875085, 0.0520486, 0.399894, -0.117493, -0.442425, 0, 0, 0, 8, 0, 0, 0, 0.329159, -0.0172248, 0.493895, 0.486385, -0.0157403, 0.742593, 0.996195, -3.71201e-12, -0.0871557, -4.46982e-12, -1, -8.49977e-12, -0.0871557, 8.857e-12, -0.996195, 0
7.12, 2025-07-03__00-41-15.869385, -0.0482398, -0.436681, 0.0231513, -1.70136, -0.0278607, 1.14812, 0.703212, 0.000330863, -0.00732237, -1.53037e-05, -0.000553344, -0.000141724, -0.0151487, 0.001293, -0.229383, -0.473355, -0.874374, 0.163894, 0.399144, -0.0963576, -0.450376, 0, 0, 0, 8, 0, 0, 0, 0.329085, -0.0172215, 0.493931, 0.486385, -0.0157403, 0.742593, 0.996195, -3.71201e-12, -0.0871557, -4.46982e-12, -1, -8.49977e-12, -0.0871557, 8.857e-12, -0.996195, 0
7.13, 2025-07-03__00-41-15.879395, -0.048243, -0.436813, 0.0231504, -1.70134, -0.0278565, 1.14796, 0.703198, -0.00112014, -0.0114467, -0.000625321, 0.00213602, 3.9911e-05, -0.0132192, -0.000216008, -0.208959, -0.206833, -0.841478, 0.010724, 0.399115, -0.111237, -0.440848, 0, 0, 0, 8, 0, 0, 0, 0.329006, -0.017221, 0.493967, 0.486385, -0.0157403, 0.742593, 0.996195, -3.71201e-12, -0.0871557, -4.46982e-12, -1, -8.49977e-12, -0.0871557, 8.857e-12, -0.996195, 0
7.14, 2025-07-03__00-41-15.889400, -0.0482396, -0.436938, 0.0231473, -1.70135, -0.0278609, 1.14777, 0.703186, -0.000394105, -0.0115742, -0.000520796, -0.000249676, -0.000523781, -0.029992, 0.00811972, -0.215956, -0.253637, -0.852494, 0.0866176, 0.401531, 0.0138122, -0.490448, 0, 0, 0, 8, 0, 0, 0, 0.328919, -0.0172149, 0.493999, 0.486385, -0.0157403, 0.742593, 0.996195, -3.71201e-12, -0.0871557, -4.46982e-12, -1, -8.49977e-12, -0.0871557, 8.857e-12, -0.996195, 0
7.15, 2025-07-03__00-41-15.899388, -0.0482396, -0.437064, 0.0231473, -1.70135, -0.0278553, 1.1476, 0.703183, 0.000414815, -0.0112049, -0.000345409, 0.00147757, -0.000151803, -0.0234301, 0.00243152, -0.228812, -0.226518, -0.870173, 0.0455881, 0.396587, -0.0295844, -0.455821, 0, 0, 0, 8, 0, 0, 0, 0.328833, -0.0172125, 0.49403, 0.486385, -0.0157403, 0.742593, 0.996195, -3.71201e-12, -0.0871557, -4.46982e-12, -1, -8.49977e-12, -0.0871557, 8.857e-12, -0.996195, 0
7.16, 2025-07-03__00-41-15.909387, -0.0482373, -0.43719, 0.0231388, -1.70135, -0.0278572, 1.14746, 0.703161, 0.00081449, -0.0146389, -0.0010619, 0.00128925, -0.00200753, -0.0136253, -0.00150947, -0.223085, -0.0557192, -0.857682, -0.0425741, 0.408844, -0.0941742, -0.431378, 0, 0, 0, 8, 0, 0, 0, 0.328765, -0.0172123, 0.494067, 0.486385, -0.0157403, 0.742593, 0.996195, -3.71201e-12, -0.0871557, -4.46982e-12, -1, -8.49977e-12, -0.0871557, 8.857e-12, -0.996195, 0
7.17, 2025-07-03__00-41-15.919384, -0.0482399, -0.437305, 0.0231384, -1.70135, -0.0278521, 1.14731, 0.703159, -0.00196654, -0.0146584, -0.000134179, 0.000575039, -0.000122303, -0.0188408, 0.00077406, -0.208036, -0.0640775, -0.842608, -0.0221346, 0.398847, -0.0532817, -0.445079, 0, 0, 0, 8, 0, 0, 0, 0.328696, -0.0172102, 0.4941, 0.486385, -0.0157403, 0.742593, 0.996195, -3.71201e-12, -0.0871557, -4.46982e-12, -1, -8.49977e-12, -0.0871557, 8.857e-12, -0.996195, 0
7.18, 2025-07-03__00-41-15.929384, -0.0482396, -0.437392, 0.0231356, -1.70134, -0.027851, 1.14716, 0.703158, 0.00109782, -0.00962465, -0.00012446, 0.00671694, -5.11937e-06, -0.0157566, 0.000747088, -0.239168, -0.169128, -0.883836, -0.0502699, 0.392301, -0.0795778, -0.444863, 0, 0, 0, 8, 0, 0, 0, 0.328627, -0.0172083, 0.494125, 0.486385, -0.0157403, 0.742593, 0.996195, -3.71201e-12, -0.0871557, -4.46982e-12, -1, -8.49977e-12, -0.0871557, 8.857e-12, -0.996195, 0
7.19, 2025-07-03__00-41-15.939386, -0.0482392, -0.4375, 0.0231373, -1.70135, -0.0278524, 1.14701, 0.703143, -0.000425831, -0.00769367, 0.00107438, 4.24868e-05, -0.000534167, -0.0222456, -0.00162835, -0.235335, -0.400557, -0.888293, 0.142133, 0.398742, -0.0198176, -0.429427, 0, 0, 0, 8, 0, 0, 0, 0.328555, -0.0172051, 0.494149, 0.486385, -0.0157403, 0.742593, 0.996195, -3.71201e-12, -0.0871557, -4.46982e-12, -1, -8.49977e-12, -0.0871557, 8.857e-12, -0.996195, 0
7.2, 2025-07-03__00-41-15.949385, -0.0482351, -0.437602, 0.0231362, -1.70135, -0.0278548, 1.14686, 0.703143, 0.00128971, -0.00716499, 0.000874307, -0.00156991, -0.000189088, -0.0147924, 0.000465427, -0.251708, -0.454944, -0.910525, 0.174906, 0.394699, -0.0644926, -0.442207, 0, 0, 0, 8, 0, 0, 0, 0.328489, -0.0172075, 0.494175, 0.486385, -0.0157403, 0.742593, 0.996195, -3.71201e-12, -0.0871557, -4.46982e-12, -1, -8.49977e-12, -0.0871557, 8.857e-12, -0.996195, 0
7.21, 2025-07-03__00-41-15.959383, -0.0482417, -0.437712, 0.0231291, -1.70135, -0.0278509, 1.14674, 0.703138, -0.00099689, -0.0131767, -5.57209e-05, -0.000182984, 4.74666e-05, -0.00605305, 0.000268106, -0.218156, -0.132817, -0.858446, 0.00141824, 0.396395, -0.124754, -0.441537, 0, 0, 0, 8, 0, 0, 0, 0.328429, -0.0172014, 0.494206, 0.486385, -0.0157403, 0.742593, 0.996195, -3.71201e-12, -0.0871557, -4.46982e-12, -1, -8.49977e-12, -0.0871557, 8.857e-12, -0.996195, 0
7.22, 2025-07-03__00-41-15.969384, -0.0482402, -0.437784, 0.0231309, -1.70135, -0.0278498, 1.14659, 0.703135, -0.000512946, -0.00748448, 0.00121093, -0.00131223, 0.000203064, -0.0129989, 0.000951703, -0.236271, -0.432526, -0.89173, 0.160573, 0.39392, -0.0695687, -0.445036, 0, 0, 0, 8, 0, 0, 0, 0.328361, -0.0172023, 0.494228, 0.486385, -0.0157403, 0.742593, 0.996195, -3.71201e-12, -0.0871557, -4.46982e-12, -1, -8.49977e-12, -0.0871557, 8.857e-12, -0.996195, 0
7.23, 2025-07-03__00-41-15.979383, -0.0482399, -0.437851, 0.0231259, -1.70134, -0.0278498, 1.14641, 0.703127, -0.000226494, -0.00881606, -0.000335894, -4.08774e-05, 0.000887813, -0.0138403, 9.42529e-06, -0.217999, -0.360045, -0.858813, 0.115247, 0.391554, -0.0591241, -0.439119, 0, 0, 0, 8, 0, 0, 0, 0.32829, -0.0171994, 0.494242, 0.486385, -0.0157403, 0.742593, 0.996195, -3.71201e-12, -0.0871557, -4.46982e-12, -1, -8.49977e-12, -0.0871557, 8.857e-12, -0.996195, 0
7.24, 2025-07-03__00-41-15.989385, -0.0482395, -0.437935, 0.0231221, -1.70135, -0.0278498, 1.14626, 0.703121, -0.000447824, -0.00769449, -0.000591643, -0.00014014, 0.00020045, -0.013456, -0.000432747, -0.208482, -0.423965, -0.845466, 0.14542, 0.39762, -0.0562026, -0.436223, 0, 0, 0, 8, 0, 0, 0, 0.328218, -0.0171984, 0.494257, 0.486385, -0.0157403, 0.742593, 0.996195, -3.71201e-12, -0.0871557, -4.46982e-12, -1, -8.49977e-12, -0.0871557, 8.857e-12, -0.996195, 0
7.25, 2025-07-03__00-41-15.999384, -0.0482414, -0.437989, 0.0231192, -1.70135, -0.0278511, 1.14613, 0.703118, -0.00058257, -0.00873855, -0.000251309, -0.000523545, -8.98132e-05, -0.00625762, 0.00143576, -0.212082, -0.394008, -0.852131, 0.126814, 0.398724, -0.100484, -0.44766, 0, 0, 0, 8, 0, 0, 0, 0.328163, -0.0171983, 0.49427, 0.486385, -0.0157403, 0.742593, 0.996195, -3.71201e-12, -0.0871557, -4.46982e-12, -1, -8.49977e-12, -0.0871557, 8.857e-12, -0.996195, 0
7.26, 2025-07-03__00-41-16.009386, -0.048243, -0.43807, 0.0231217, -1.70134, -0.0278494, 1.146, 0.703113, -0.00193022, -0.00899211, 0.00330269, 0.00162389, 0.000119583, -0.0219414, -0.00284193, -0.251523, -0.333458, -0.921402, 0.101113, 0.389561, 0.0076187, -0.420976, 0, 0, 0, 8, 0, 0, 0, 0.328104, -0.0171937, 0.494291, 0.486385, -0.0157403, 0.742593, 0.996195, -3.71201e-12, -0.0871557, -4.46982e-12, -1, -8.49977e-12, -0.0871557, 8.857e-12, -0.996195, 0
7.27, 2025-07-03__00-41-16.019382, -0.0482369, -0.438117, 0.0231164, -1.70135, -0.0278459, 1.1459, 0.703106, 0.000149312, -0.0026171, -0.00102457, 0.00084626, -5.85653e-05, -0.00996498, -0.000805093, -0.201788, -0.661713, -0.836228, 0.237047, 0.400985, -0.069101, -0.433151, 0, 0, 0, 8, 0, 0, 0, 0.328056, -0.0171919, 0.494303, 0.486385, -0.0157403, 0.742593, 0.996195, -3.71201e-12, -0.0871557, -4.46982e-12, -1, -8.49977e-12, -0.0871557, 8.857e-12, -0.996195, 0
7.28, 2025-07-03__00-41-16.029383, -0.0482369, -0.438159, 0.0231191, -1.70135, -0.0278494, 1.14579, 0.703102, 0.000211065, -0.00529845, 0.00133062, -0.00069328, -0.000279454, -0.0136335, 5.99278e-05, -0.240098, -0.576949, -0.899094, 0.225153, 0.395804, -0.0375384, -0.437946, 0, 0, 0, 8, 0, 0, 0, 0.328016, -0.0171933, 0.494308, 0.486385, -0.0157403, 0.742593, 0.996195, -3.71201e-12, -0.0871557, -4.46982e-12, -1, -8.49977e-12, -0.0871557, 8.857e-12, -0.996195, 0
7.29, 2025-07-03__00-41-16.039386, -0.0482395, -0.438242, 0.0231175, -1.70136, -0.02785, 1.14572, 0.703095, -0.000356303, -0.00793924, 4.05376e-06, -0.00156755, 9.38557e-05, -0.0144138, -2.9603e-05, -0.216717, -0.461625, -0.860815, 0.18463, 0.396713, -0.0296703, -0.437354, 0, 0, 0, 8, 0, 0, 0, 0.327977, -0.0171917, 0.494334, 0.486385, -0.0157403, 0.742593, 0.996195, -3.71201e-12, -0.0871557, -4.46982e-12, -1, -8.49977e-12, -0.0871557, 8.857e-12, -0.996195, 0
7.3, 2025-07-03__00-41-16.049384, -0.0482367, -0.438269, 0.0231178, -1.70134, -0.0278464, 1.14567, 0.703095, 0.000298578, -0.00342265, 0.000411286, 0.00171916, -0.000157762, -0.00914328, 0.00132398, -0.226111, -0.599138, -0.875625, 0.199867, 0.396944, -0.0701609, -0.445451, 0, 0, 0, 8, 0, 0, 0, 0.32795, -0.0171911, 0.494342, 0.486385, -0.0157403, 0.742593, 0.996195, -3.71201e-12, -0.0871557, -4.46982e-12, -1, -8.49977e-12, -0.0871557, 8.857e-12, -0.996195, 0
7.31, 2025-07-03__00-41-16.059384, -0.0482427, -0.438315, 0.0231104, -1.70135, -0.0278461, 1.14562, 0.703093, -0.00212634, -0.00598158, -0.00122077, -0.00128915, 0.000119833, -0.00101423, 0.000570177, -0.175706, -0.543511, -0.800635, 0.196743, 0.403665, -0.119974, -0.441535, 0, 0, 0, 8, 0, 0, 0, 0.327931, -0.0171882, 0.494358, 0.486385, -0.0157403, 0.742593, 0.996195, -3.71201e-12, -0.0871557, -4.46982e-12, -1, -8.49977e-12, -0.0871557, 8.857e-12, -0.996195, 0
7.32, 2025-07-03__00-41-16.069384, -0.0482367, -0.438384, 0.023115, -1.70135, -0.0278446, 1.14557, 0.703088, -0.00153419, -0.00887932, 0.000944236, 0.000251271, 0.000257333, -0.00509131, 0.00742852, -0.219342, -0.357378, -0.867956, 0.103349, 0.394179, -0.0946274, -0.482395, 0, 0, 0, 8, 0, 0, 0, 0.327901, -0.0171868, 0.494373, 0.486385, -0.0157403, 0.742593, 0.996195, -3.71201e-12, -0.0871557, -4.46982e-12, -1, -8.49977e-12, -0.0871557, 8.857e-12, -0.996195, 0
7.33, 2025-07-03__00-41-16.079387, -0.0482392, -0.438431, 0.0231152, -1.70135, -0.0278457, 1.14548, 0.703083, -0.000310504, -0.00446366, 0.003619, 0.00123364, 4.52085e-05, -0.0055405, 0.000412005, -0.269213, -0.545482, -0.949309, 0.178811, 0.388331, -0.0898186, -0.439399, 0, 0, 0, 8, 0, 0, 0, 0.327865, -0.0171902, 0.494383, 0.486385, -0.0157403, 0.742593, 0.996195, -3.71201e-12, -0.0871557, -4.46982e-12, -1, -8.49977e-12, -0.0871557, 8.857e-12, -0.996195, 0
7.34, 2025-07-03__00-41-16.089385, -0.0482399, -0.438466, 0.0231088, -1.70134, -0.0278457, 1.14541, 0.703078, -0.00115419, -0.00450141, 0.000558927, 0.00150311, -0.000172944, -0.00569106, -0.000762581, -0.21228, -0.543003, -0.857797, 0.173377, 0.398787, -0.0869702, -0.432481, 0, 0, 0, 8, 0, 0, 0, 0.327827, -0.0171882, 0.494392, 0.486385, -0.0157403, 0.742593, 0.996195, -3.71201e-12, -0.0871557, -4.46982e-12, -1, -8.49977e-12, -0.0871557, 8.857e-12, -0.996195, 0
7.35, 2025-07-03__00-41-16.099385, -0.0482367, -0.438515, 0.0231057, -1.70135, -0.0278457, 1.14534, 0.703072, -0.00438774, -0.00083396, 0.000378352, -0.000867093, -3.63959e-05, -0.00206853, -0.0034652, -0.168755, -0.770623, -0.800946, 0.296665, 0.406882, -0.105403, -0.41601, 0, 0, 0, 8, 0, 0, 0, 0.327799, -0.0171889, 0.49441, 0.486385, -0.0157403, 0.742593, 0.996195, -3.71201e-12, -0.0871557, -4.46982e-12, -1, -8.49977e-12, -0.0871557, 8.857e-12, -0.996195, 0
7.36, 2025-07-03__00-41-16.109385, -0.0482345, -0.438563, 0.0231029, -1.70135, -0.0278439, 1.14526, 0.703075, 0.00049379, -0.00864559, -0.000588937, 2.42799e-05, 0.000315443, -0.00996979, 0.000571887, -0.217519, -0.381424, -0.858234, 0.125955, 0.393797, -0.0506032, -0.44032, 0, 0, 0, 8, 0, 0, 0, 0.327763, -0.0171847, 0.494415, 0.486385, -0.0157403, 0.742593, 0.996195, -3.71201e-12, -0.0871557, -4.46982e-12, -1, -8.49977e-12, -0.0871557, 8.857e-12, -0.996195, 0
7.37, 2025-07-03__00-41-16.119387, -0.0482398, -0.438592, 0.0230997, -1.70134, -0.0278413, 1.14518, 0.703069, -0.00169213, -0.00235751, -0.000744761, 0.000772031, 0.000174978, -0.0035044, 0.000469553, -0.183095, -0.669511, -0.813545, 0.235622, 0.401657, -0.0930997, -0.439715, 0, 0, 0, 8, 0, 0, 0, 0.327729, -0.017186, 0.494429, 0.486385, -0.0157403, 0.742593, 0.996195, -3.71201e-12, -0.0871557, -4.46982e-12, -1, -8.49977e-12, -0.0871557, 8.857e-12, -0.996195, 0
7.38, 2025-07-03__00-41-16.129385, -0.048232, -0.438611, 0.0230997, -1.70134, -0.0278448, 1.14512, 0.703065, 0.00116234, -0.00364401, -0.00191344, -3.70777e-06, -0.000252778, -0.00830708, 0.000329671, -0.198181, -0.631725, -0.827757, 0.235769, 0.40192, -0.0564799, -0.438375, 0, 0, 0, 8, 0, 0, 0, 0.327706, -0.0171839, 0.494431, 0.486385, -0.0157403, 0.742593, 0.996195, -3.71201e-12, -0.0871557, -4.46982e-12, -1, -8.49977e-12, -0.0871557, 8.857e-12, -0.996195, 0
7.39, 2025-07-03__00-41-16.139385, -0.0482339, -0.438675, 0.0231004, -1.70134, -0.0278413, 1.14507, 0.703061, 0.0010713, -0.00470704, -0.000108239, 0.000271213, 7.40694e-05, -0.0114738, -0.00060599, -0.226295, -0.561693, -0.873785, 0.207202, 0.394588, -0.0349025, -0.432311, 0, 0, 0, 8, 0, 0, 0, 0.327673, -0.0171831, 0.494444, 0.486385, -0.0157403, 0.742593, 0.996195, -3.71201e-12, -0.0871557, -4.46982e-12, -1, -8.49977e-12, -0.0871557, 8.857e-12, -0.996195, 0
7.4, 2025-07-03__00-41-16.149384, -0.0482332, -0.438701, 0.0230993, -1.70135, -0.0278409, 1.14504, 0.703058, 0.00072107, -0.000629952, 0.000260626, 0.000630045, -3.49669e-05, -0.00541267, 0.000684151, -0.223595, -0.746646, -0.873441, 0.276513, 0.396825, -0.0759123, -0.440058, 0, 0, 0, 8, 0, 0, 0, 0.327657, -0.0171823, 0.494455, 0.486385, -0.0157403, 0.742593, 0.996195, -3.71201e-12, -0.0871557, -4.46982e-12, -1, -8.49977e-12, -0.0871557, 8.857e-12, -0.996195, 0
7.41, 2025-07-03__00-41-16.159383, -0.0482344, -0.438723, 0.0230965, -1.70134, -0.0278415, 1.14502, 0.703046, 0.00174797, -0.00167236, -0.000283281, -0.000191482, -9.01778e-05, -0.000153249, -0.00361776, -0.228213, -0.707194, -0.876784, 0.26041, 0.39674, -0.111033, -0.41362, 0, 0, 0, 8, 0, 0, 0, 0.327648, -0.0171844, 0.494463, 0.486385, -0.0157403, 0.742593, 0.996195, -3.71201e-12, -0.0871557, -4.46982e-12, -1, -8.49977e-12, -0.0871557, 8.857e-12, -0.996195, 0
7.42, 2025-07-03__00-41-16.169385, -0.0482364, -0.438759, 0.0230941, -1.70134, -0.027837, 1.14499, 0.703049, -0.00068916, -0.00436917, -0.000180272, 3.96787e-05, 0.00992298, -0.00544525, -0.000460693, -0.222608, -0.567177, -0.868874, 0.201371, 0.33271, -0.0745073, -0.433115, 0, 0, 0, 8, 0, 0, 0, 0.327632, -0.0171817, 0.494473, 0.486385, -0.0157403, 0.742593, 0.996195, -3.71201e-12, -0.0871557, -4.46982e-12, -1, -8.49977e-12, -0.0871557, 8.857e-12, -0.996195, 0
7.43, 2025-07-03__00-41-16.179382, -0.0482384, -0.438799, 0.0230933, -1.70134, -0.0278409, 1.14494, 0.70305, -0.00169054, -0.00128322, -0.00113858, 0.000513605, 0.000275762, -0.0108673, -1.31326e-05, -0.175631, -0.706546, -0.802141, 0.267284, 0.402118, -0.0366278, -0.435926, 0, 0, 0, 8, 0, 0, 0, 0.327607, -0.0171811, 0.494479, 0.486385, -0.0157403, 0.742593, 0.996195, -3.71201e-12, -0.0871557, -4.46982e-12, -1, -8.49977e-12, -0.0871557, 8.857e-12, -0.996195, 0
7.44, 2025-07-03__00-41-16.189387, -0.0482357, -0.438831, 0.0230933, -1.70135, -0.0278408, 1.1449, 0.703043, 0.000417013, -0.00172442, 0.000436283, -0.000222441, -0.000243374, -0.00318295, -0.000387308, -0.223181, -0.69803, -0.873794, 0.262096, 0.398083, -0.0872696, -0.433152, 0, 0, 0, 8, 0, 0, 0, 0.327589, -0.0171823, 0.494491, 0.486385, -0.0157403, 0.742593, 0.996195, -3.71201e-12, -0.0871557, -4.46982e-12, -1, -8.49977e-12, -0.0871557, 8.857e-12, -0.996195, 0
7.45, 2025-07-03__00-41-16.199387, -0.0482362, -0.438843, 0.0230901, -1.70134, -0.0278409, 1.14487, 0.703046, -0.000349376, -0.00167363, -0.000263537, 0.00157072, -8.90759e-05, -0.00276473, 0.000687167, -0.20419, -0.663648, -0.844191, 0.224732, 0.39952, -0.0921901, -0.44007, 0, 0, 0, 8, 0, 0, 0, 0.327574, -0.0171837, 0.494493, 0.486385, -0.0157403, 0.742593, 0.996195, -3.71201e-12, -0.0871557, -4.46982e-12, -1, -8.49977e-12, -0.0871557, 8.857e-12, -0.996195, 0
7.46, 2025-07-03__00-41-16.209383, -0.0482343, -0.438883, 0.0230901, -1.70135, -0.0278366, 1.14485, 0.703038, 0.000410723, -0.010521, -0.000481645, -7.81189e-05, -7.518e-05, -0.00273658, -0.000982431, -0.218561, -0.273602, -0.859555, 0.0704191, 0.395192, -0.090288, -0.429436, 0, 0, 0, 8, 0, 0, 0, 0.327562, -0.0171808, 0.494509, 0.486385, -0.0157403, 0.742593, 0.996195, -3.71201e-12, -0.0871557, -4.46982e-12, -1, -8.49977e-12, -0.0871557, 8.857e-12, -0.996195, 0
7.47, 2025-07-03__00-41-16.219383, -0.0482368, -0.438901, 0.0230922, -1.70134, -0.0278391, 1.14482, 0.703033, 0.00246492, -0.000155738, 0.000722536, 0.000507903, -6.50545e-05, -0.000440128, -0.00462778, -0.249925, -0.74342, -0.911295, 0.270418, 0.392865, -0.10597, -0.406917, 0, 0, 0, 8, 0, 0, 0, 0.327546, -0.0171838, 0.49451, 0.486385, -0.0157403, 0.742593, 0.996195, -3.71201e-12, -0.0871557, -4.46982e-12, -1, -8.49977e-12, -0.0871557, 8.857e-12, -0.996195, 0
7.48, 2025-07-03__00-41-16.229384, -0.0482396, -0.43892, 0.0230872, -1.70134, -0.027839, 1.14479, 0.703036, -0.00160175, -0.0016921, -0.00050827, 0.000255181, 0.000159578, -0.000244604, 0.000299905, -0.186251, -0.681882, -0.819574, 0.244249, 0.401159, -0.105961, -0.437481, 0, 0, 0, 8, 0, 0, 0, 0.327535, -0.0171816, 0.494517, 0.486385, -0.0157403, 0.742593, 0.996195, -3.71201e-12, -0.0871557, -4.46982e-12, -1, -8.49977e-12, -0.0871557, 8.857e-12, -0.996195, 0
7.49, 2025-07-03__00-41-16.239381, -0.0482367, -0.438956, 0.0230869, -1.70134, -0.0278398, 1.14473, 0.703033, 9.74903e-05, -0.00274107, -0.000575895, 0.00187836, -3.0216e-05, -0.00131857, 0.000958843, -0.205625, -0.597725, -0.844142, 0.190221, 0.398393, -0.0993839, -0.441215, 0, 0, 0, 8, 0, 0, 0, 0.32751, -0.0171825, 0.494522, 0.486385, -0.0157403, 0.742593, 0.996195, -3.71201e-12, -0.0871557, -4.46982e-12, -1, -8.49977e-12, -0.0871557, 8.857e-12, -0.996195, 0
7.5, 2025-07-03__00-41-16.249386, -0.048231, -0.438968, 0.0230862, -1.70134, -0.0278394, 1.14467, 0.703031, 0.000909475, -0.00375806, -0.00052049, 0.0022608, 9.94527e-05, -0.0100684, 0.000548442, -0.216563, -0.551989, -0.858346, 0.179514, 0.395123, -0.0370775, -0.438244, 0, 0, 0, 8, 0, 0, 0, 0.327483, -0.0171811, 0.494523, 0.486385, -0.0157403, 0.742593, 0.996195, -3.71201e-12, -0.0871557, -4.46982e-12, -1, -8.49977e-12, -0.0871557, 8.857e-12, -0.996195, 0
7.51, 2025-07-03__00-41-16.259382, -0.0482358, -0.438982, 0.0230862, -1.70135, -0.0278355, 1.14462, 0.703031, -0.000151988, -0.0058085, -0.000776666, -0.00073223, 0.000110448, -0.00551757, -0.000857059, -0.201549, -0.529594, -0.837703, 0.197798, 0.397782, -0.0612563, -0.42981, 0, 0, 0, 8, 0, 0, 0, 0.327463, -0.0171787, 0.494525, 0.486385, -0.0157403, 0.742593, 0.996195, -3.71201e-12, -0.0871557, -4.46982e-12, -1, -8.49977e-12, -0.0871557, 8.857e-12, -0.996195, 0
7.52, 2025-07-03__00-41-16.269383, -0.0482336, -0.438992, 0.0230838, -1.70135, -0.0278354, 1.1446, 0.703026, -0.000417634, -0.00339901, -0.000661428, -0.000308671, 0.000104381, -0.00282791, -0.00291009, -0.197974, -0.635244, -0.834063, 0.235957, 0.399067, -0.079556, -0.41717, 0, 0, 0, 8, 0, 0, 0, 0.327456, -0.0171785, 0.494532, 0.486385, -0.0157403, 0.742593, 0.996195, -3.71201e-12, -0.0871557, -4.46982e-12, -1, -8.49977e-12, -0.0871557, 8.857e-12, -0.996195, 0
7.53, 2025-07-03__00-41-16.279382, -0.0482332, -0.439005, 0.0230837, -1.70134, -0.0278361, 1.14457, 0.703032, 0.00064479, -0.00184747, -0.00193859, 0.000906816, -2.59516e-05, -0.00872433, 0.00108135, -0.188549, -0.682653, -0.815297, 0.251466, 0.401133, -0.0400956, -0.441587, 0, 0, 0, 8, 0, 0, 0, 0.327446, -0.0171787, 0.494537, 0.486385, -0.0157403, 0.742593, 0.996195, -3.71201e-12, -0.0871557, -4.46982e-12, -1, -8.49977e-12, -0.0871557, 8.857e-12, -0.996195, 0
7.54, 2025-07-03__00-41-16.289386, -0.0482335, -0.439018, 0.0230863, -1.70135, -0.0278362, 1.14455, 0.703025, 0.000630498, 6.65613e-05, -4.84271e-05, -0.000616274, -0.00194525, -0.00245723, -0.00166808, -0.211704, -0.806719, -0.85707, 0.316565, 0.410859, -0.0798996, -0.42442, 0, 0, 0, 8, 0, 0, 0, 0.327432, -0.0171784, 0.494535, 0.486385, -0.0157403, 0.742593, 0.996195, -3.71201e-12, -0.0871557, -4.46982e-12, -1, -8.49977e-12, -0.0871557, 8.857e-12, -0.996195, 0
7.55, 2025-07-03__00-41-16.299386, -0.0482346, -0.439034, 0.0230863, -1.70135, -0.0278329, 1.14453, 0.703021, -0.000835501, -0.00234061, 0.000153573, -7.31775e-05, -0.000214458, -7.30455e-05, 0.000200105, -0.203818, -0.681439, -0.846397, 0.250416, 0.400217, -0.0967939, -0.435645, 0, 0, 0, 8, 0, 0, 0, 0.327423, -0.0171781, 0.494538, 0.486385, -0.0157403, 0.742593, 0.996195, -3.71201e-12, -0.0871557, -4.46982e-12, -1, -8.49977e-12, -0.0871557, 8.857e-12, -0.996195, 0
7.56, 2025-07-03__00-41-16.309387, -0.0482282, -0.439036, 0.0230862, -1.70135, -0.0278317, 1.14449, 0.703017, 0.00174856, 0.00148919, 0.00226683, -0.000670105, 0.000163487, -0.00813837, -0.00358195, -0.261471, -0.878573, -0.935448, 0.359532, 0.389495, -0.0381959, -0.411786, 0, 0, 0, 8, 0, 0, 0, 0.327407, -0.0171782, 0.49454, 0.486385, -0.0157403, 0.742593, 0.996195, -3.71201e-12, -0.0871557, -4.46982e-12, -1, -8.49977e-12, -0.0871557, 8.857e-12, -0.996195, 0
7.57, 2025-07-03__00-41-16.319384, -0.048236, -0.439058, 0.0230833, -1.70135, -0.0278329, 1.14444, 0.703022, -0.000868413, 5.03101e-05, 0.000231838, -0.000196376, 8.63407e-06, -0.0017068, 0.000910135, -0.201589, -0.809449, -0.844933, 0.312146, 0.399573, -0.0813585, -0.440002, 0, 0, 0, 8, 0, 0, 0, 0.327386, -0.0171775, 0.494543, 0.486385, -0.0157403, 0.742593, 0.996195, -3.71201e-12, -0.0871557, -4.46982e-12, -1, -8.49977e-12, -0.0871557, 8.857e-12, -0.996195, 0
7.58, 2025-07-03__00-41-16.329384, -0.0482335, -0.439081, 0.0230806, -1.70135, -0.027832, 1.14441, 0.703015, 0.00115038, -0.00131501, 9.56358e-06, -0.00257754, -0.000238151, -0.000267785, 0.00144363, -0.221344, -0.792127, -0.870671, 0.330526, 0.398341, -0.086994, -0.442764, 0, 0, 0, 8, 0, 0, 0, 0.327377, -0.0171778, 0.494554, 0.486385, -0.0157403, 0.742593, 0.996195, -3.71201e-12, -0.0871557, -4.46982e-12, -1, -8.49977e-12, -0.0871557, 8.857e-12, -0.996195, 0
7.59, 2025-07-03__00-41-16.339386, -0.0482356, -0.439097, 0.0230831, -1.70135, -0.0278319, 1.14438, 0.703009, -0.00137183, -0.000933823, 0.00013864, -0.000520349, 0.000125322, -0.00310498, -0.000572027, -0.19562, -0.770756, -0.836155, 0.301069, 0.399628, -0.0694648, -0.430334, 0, 0, 0, 8, 0, 0, 0, 0.327359, -0.0171745, 0.494552, 0.486385, -0.0157403, 0.742593, 0.996195, -3.71201e-12, -0.0871557, -4.46982e-12, -1, -8.49977e-12, -0.0871557, 8.857e-12, -0.996195, 0
7.6, 2025-07-03__00-41-16.349384, -0.0482359, -0.439114, 0.0230802, -1.70135, -0.0278353, 1.14433, 0.703004, -0.00057238, -0.00428298, -0.000780135, -0.00154079, -0.000162671, -0.0018092, -0.00097288, -0.193301, -0.640295, -0.827802, 0.253089, 0.401384, -0.0749937, -0.427884, 0, 0, 0, 8, 0, 0, 0, 0.32734, -0.0171754, 0.49456, 0.486385, -0.0157403, 0.742593, 0.996195, -3.71201e-12, -0.0871557, -4.46982e-12, -1, -8.49977e-12, -0.0871557, 8.857e-12, -0.996195, 0
7.61, 2025-07-03__00-41-16.359384, -0.0482381, -0.439131, 0.0230775, -1.70135, -0.0278321, 1.14427, 0.703003, -0.00651364, -0.000413299, -0.000320181, -0.00117069, -0.00024577, -0.00375944, -0.00134539, -0.128033, -0.829532, -0.743895, 0.335558, 0.413099, -0.0591131, -0.425804, 0, 0, 0, 8, 0, 0, 0, 0.327318, -0.0171755, 0.49456, 0.486385, -0.0157403, 0.742593, 0.996195, -3.71201e-12, -0.0871557, -4.46982e-12, -1, -8.49977e-12, -0.0871557, 8.857e-12, -0.996195, 0
7.62, 2025-07-03__00-41-16.369384, -0.0482313, -0.439152, 0.0230809, -1.70135, -0.0278313, 1.14422, 0.703, -0.00113018, -0.00585465, 0.000636296, 0.000308412, -0.000103005, -0.00315158, -0.000663374, -0.210235, -0.539267, -0.856068, 0.190163, 0.396985, -0.0644049, -0.429221, 0, 0, 0, 8, 0, 0, 0, 0.327298, -0.0171748, 0.494562, 0.486385, -0.0157403, 0.742593, 0.996195, -3.71201e-12, -0.0871557, -4.46982e-12, -1, -8.49977e-12, -0.0871557, 8.857e-12, -0.996195, 0
7.63, 2025-07-03__00-41-16.379383, -0.0482325, -0.439172, 0.0230774, -1.70135, -0.0278319, 1.14419, 0.702995, 1.77145e-05, 0.000228312, -3.7981e-05, 0.000710464, -2.11186e-06, -0.000347478, -0.0022747, -0.206785, -0.816855, -0.850221, 0.304816, 0.39851, -0.083076, -0.419319, 0, 0, 0, 8, 0, 0, 0, 0.32728, -0.0171728, 0.494568, 0.486385, -0.0157403, 0.742593, 0.996195, -3.71201e-12, -0.0871557, -4.46982e-12, -1, -8.49977e-12, -0.0871557, 8.857e-12, -0.996195, 0
7.64, 2025-07-03__00-41-16.389383, -0.0482302, -0.439191, 0.0230774, -1.70135, -0.0278313, 1.14416, 0.702999, 0.00121391, -0.00294456, -0.00032072, -0.00438547, -4.4762e-05, -0.00138728, 6.33776e-05, -0.217767, -0.773379, -0.864599, 0.3468, 0.397612, -0.067394, -0.433494, 0, 0, 0, 8, 0, 0, 0, 0.327265, -0.0171729, 0.494574, 0.486385, -0.0157403, 0.742593, 0.996195, -3.71201e-12, -0.0871557, -4.46982e-12, -1, -8.49977e-12, -0.0871557, 8.857e-12, -0.996195, 0
7.65, 2025-07-03__00-41-16.399386, -0.048236, -0.439198, 0.0230774, -1.70135, -0.02783, 1.14413, 0.702992, -0.000976782, 0.000938932, -0.000634869, -0.00190681, 0.00026523, -0.00799911, 0.000263932, -0.184578, -0.91204, -0.819007, 0.389282, 0.400946, -0.0239802, -0.434427, 0, 0, 0, 8, 0, 0, 0, 0.327255, -0.0171711, 0.49458, 0.486385, -0.0157403, 0.742593, 0.996195, -3.71201e-12, -0.0871557, -4.46982e-12, -1, -8.49977e-12, -0.0871557, 8.857e-12, -0.996195, 0
7.66, 2025-07-03__00-41-16.409385, -0.0482357, -0.439223, 0.0230801, -1.70135, -0.0278319, 1.14412, 0.702993, 0.00299717, -0.00421169, -0.000163817, 0.000533923, -0.000240045, -0.000109263, -0.000586732, -0.242727, -0.606126, -0.896506, 0.213692, 0.392913, -0.0830438, -0.429342, 0, 0, 0, 8, 0, 0, 0, 0.327247, -0.01717, 0.49458, 0.486385, -0.0157403, 0.742593, 0.996195, -3.71201e-12, -0.0871557, -4.46982e-12, -1, -8.49977e-12, -0.0871557, 8.857e-12, -0.996195, 0
7.67, 2025-07-03__00-41-16.419381, -0.048236, -0.439241, 0.0230766, -1.70134, -0.0278274, 1.1441, 0.702989, -0.000675402, -0.00139775, -0.000461782, 0.00145999, 0.000296107, -0.00365551, -0.00142039, -0.194382, -0.717973, -0.830619, 0.256997, 0.397518, -0.0596869, -0.424223, 0, 0, 0, 8, 0, 0, 0, 0.327236, -0.0171736, 0.494588, 0.486385, -0.0157403, 0.742593, 0.996195, -3.71201e-12, -0.0871557, -4.46982e-12, -1, -8.49977e-12, -0.0871557, 8.857e-12, -0.996195, 0
7.68, 2025-07-03__00-41-16.429386, -0.048231, -0.43925, 0.0230791, -1.70134, -0.0278306, 1.14408, 0.702989, -0.000203328, -0.00332095, 0.000348405, -0.00011738, 0.000225735, -0.000293557, -0.000315648, -0.214131, -0.660469, -0.861146, 0.245397, 0.395027, -0.0799146, -0.430818, 0, 0, 0, 8, 0, 0, 0, 0.32723, -0.0171724, 0.494592, 0.486385, -0.0157403, 0.742593, 0.996195, -3.71201e-12, -0.0871557, -4.46982e-12, -1, -8.49977e-12, -0.0871557, 8.857e-12, -0.996195, 0
7.69, 2025-07-03__00-41-16.439384, -0.0482335, -0.439265, 0.0230717, -1.70134, -0.0278313, 1.14406, 0.702987, -0.000288211, -0.000782992, -0.00104083, -0.00268946, -3.73431e-06, -0.00427798, -0.000187537, -0.187461, -0.835442, -0.820495, 0.358748, 0.402067, -0.0476858, -0.431715, 0, 0, 0, 8, 0, 0, 0, 0.32722, -0.0171732, 0.494596, 0.486385, -0.0157403, 0.742593, 0.996195, -3.71201e-12, -0.0871557, -4.46982e-12, -1, -8.49977e-12, -0.0871557, 8.857e-12, -0.996195, 0
7.7, 2025-07-03__00-41-16.449386, -0.0482357, -0.439284, 0.0230777, -1.70134, -0.0278278, 1.14403, 0.702982, -0.000575526, -0.00359801, 0.000645737, 7.0438e-05, -0.000118783, -0.00293804, -0.000400429, -0.213515, -0.643503, -0.861624, 0.24013, 0.396865, -0.0605894, -0.429952, 0, 0, 0, 8, 0, 0, 0, 0.327208, -0.0171727, 0.494598, 0.486385, -0.0157403, 0.742593, 0.996195, -3.71201e-12, -0.0871557, -4.46982e-12, -1, -8.49977e-12, -0.0871557, 8.857e-12, -0.996195, 0
7.71, 2025-07-03__00-41-16.459387, -0.0482355, -0.439311, 0.023072, -1.70135, -0.0278301, 1.14401, 0.702976, -0.00635648, -0.00203141, -0.00105903, 1.01031e-05, 7.2734e-05, -0.00224767, 0.00167441, -0.120608, -0.724164, -0.729261, 0.273671, 0.411227, -0.0642735, -0.442912, 0, 0, 0, 8, 0, 0, 0, 0.327194, -0.0171692, 0.494604, 0.486385, -0.0157403, 0.742593, 0.996195, -3.71201e-12, -0.0871557, -4.46982e-12, -1, -8.49977e-12, -0.0871557, 8.857e-12, -0.996195, 0
7.72, 2025-07-03__00-41-16.469385, -0.0482335, -0.439322, 0.0230688, -1.70134, -0.0278313, 1.14399, 0.70296, -0.000897257, -0.00127848, -0.000330732, 0.00125469, 9.90743e-05, -0.000229388, -0.000567661, -0.193261, -0.72438, -0.829706, 0.257693, 0.399303, -0.0801004, -0.428283, 0, 0, 0, 8, 0, 0, 0, 0.327184, -0.0171743, 0.494607, 0.486385, -0.0157403, 0.742593, 0.996195, -3.71201e-12, -0.0871557, -4.46982e-12, -1, -8.49977e-12, -0.0871557, 8.857e-12, -0.996195, 0
7.73, 2025-07-03__00-41-16.479385, -0.0482302, -0.439347, 0.0230734, -1.70135, -0.027828, 1.14397, 0.702957, 0.00186099, -0.00158533, -0.000272981, -0.00136109, 1.96758e-05, -0.00173031, -0.000971998, -0.225158, -0.760649, -0.873691, 0.307471, 0.395328, -0.0652158, -0.425126, 0, 0, 0, 8, 0, 0, 0, 0.327174, -0.0171712, 0.494614, 0.486385, -0.0157403, 0.742593, 0.996195, -3.71201e-12, -0.0871557, -4.46982e-12, -1, -8.49977e-12, -0.0871557, 8.857e-12, -0.996195, 0
7.74, 2025-07-03__00-41-16.489385, -0.0482328, -0.439367, 0.023071, -1.70135, -0.0278277, 1.14396, 0.702959, -0.00157634, -0.00241691, -0.000350595, -0.00099245, -8.94714e-05, -0.00214144, 0.000432111, -0.185536, -0.711939, -0.819789, 0.281312, 0.401952, -0.0630725, -0.434099, 0, 0, 0, 8, 0, 0, 0, 0.327166, -0.017172, 0.494621, 0.486385, -0.0157403, 0.742593, 0.996195, -3.71201e-12, -0.0871557, -4.46982e-12, -1, -8.49977e-12, -0.0871557, 8.857e-12, -0.996195, 0
7.75, 2025-07-03__00-41-16.499386, -0.0482303, -0.439379, 0.0230738, -1.70134, -0.0278301, 1.14394, 0.702958, 0.00059093, -0.00265459, 0.000138005, -0.00175859, -4.28037e-06, 0.000350701, -0.000629267, -0.218369, -0.710837, -0.866534, 0.286682, 0.396509, -0.0790178, -0.427461, 0, 0, 0, 8, 0, 0, 0, 0.327157, -0.0171695, 0.494624, 0.486385, -0.0157403, 0.742593, 0.996195, -3.71201e-12, -0.0871557, -4.46982e-12, -1, -8.49977e-12, -0.0871557, 8.857e-12, -0.996195, 0
7.76, 2025-07-03__00-41-16.509388, -0.0482331, -0.439407, 0.0230737, -1.70135, -0.0278265, 1.14392, 0.702961, -0.000482055, -0.00192284, 0.00573705, -0.000822417, 7.33863e-05, -0.00440442, 0.000790127, -0.290102, -0.71871, -0.990253, 0.289428, 0.383675, -0.0475213, -0.435773, 0, 0, 0, 8, 0, 0, 0, 0.327145, -0.0171691, 0.494633, 0.486385, -0.0157403, 0.742593, 0.996195, -3.71201e-12, -0.0871557, -4.46982e-12, -1, -8.49977e-12, -0.0871557, 8.857e-12, -0.996195, 0
7.77, 2025-07-03__00-41-16.519385, -0.0482331, -0.439433, 0.0230759, -1.70135, -0.0278301, 1.14389, 0.702957, -0.000567581, -0.00271816, 0.00207973, -0.000972811, -6.20806e-05, -0.00202269, -6.7223e-05, -0.234829, -0.685971, -0.89807, 0.271192, 0.393712, -0.0628225, -0.430749, 0, 0, 0, 8, 0, 0, 0, 0.327136, -0.0171678, 0.494644, 0.486385, -0.0157403, 0.742593, 0.996195, -3.71201e-12, -0.0871557, -4.46982e-12, -1, -8.49977e-12, -0.0871557, 8.857e-12, -0.996195, 0
7.78, 2025-07-03__00-41-16.529387, -0.0482324, -0.439447, 0.0230706, -1.70135, -0.0278275, 1.14388, 0.702951, 8.0654e-05, -0.00217961, -0.000403392, -0.000612362, -0.000249704, -0.00152798, -0.000930945, -0.203327, -0.702491, -0.843345, 0.272395, 0.400027, -0.0665602, -0.425406, 0, 0, 0, 8, 0, 0, 0, 0.327125, -0.0171707, 0.494643, 0.486385, -0.0157403, 0.742593, 0.996195, -3.71201e-12, -0.0871557, -4.46982e-12, -1, -8.49977e-12, -0.0871557, 8.857e-12, -0.996195, 0
7.79, 2025-07-03__00-41-16.539387, -0.0482303, -0.439462, 0.0230677, -1.70134, -0.0278297, 1.14387, 0.702956, 0.000107566, 7.99241e-05, -0.000310837, 0.00661043, 0.000151687, 0.000226638, 0.00117183, -0.20534, -0.650396, -0.844284, 0.162026, 0.395493, -0.0902406, -0.438689, 0, 0, 0, 8, 0, 0, 0, 0.327119, -0.0171704, 0.494648, 0.486385, -0.0157403, 0.742593, 0.996195, -3.71201e-12, -0.0871557, -4.46982e-12, -1, -8.49977e-12, -0.0871557, 8.857e-12, -0.996195, 0
7.8, 2025-07-03__00-41-16.549388, -0.0482278, -0.439485, 0.0230703, -1.70134, -0.0278265, 1.14385, 0.702952, 0.00107228, -0.00195228, 0.000271478, 0.000632911, -1.46416e-05, -0.000620142, -0.000360244, -0.225636, -0.674861, -0.876041, 0.244602, 0.39456, -0.0750646, -0.42878, 0, 0, 0, 8, 0, 0, 0, 0.32711, -0.0171688, 0.494658, 0.486385, -0.0157403, 0.742593, 0.996195, -3.71201e-12, -0.0871557, -4.46982e-12, -1, -8.49977e-12, -0.0871557, 8.857e-12, -0.996195, 0
7.81, 2025-07-03__00-41-16.559386, -0.0482281, -0.4395, 0.0230674, -1.70134, -0.0278263, 1.14383, 0.702946, -0.000394864, -0.00162072, 0.000458776, 0.000814188, 0.000132201, -0.00508415, 0.00307513, -0.211224, -0.687113, -0.857592, 0.254577, 0.395727, -0.0440598, -0.449354, 0, 0, 0, 8, 0, 0, 0, 0.327102, -0.0171683, 0.494659, 0.486385, -0.0157403, 0.742593, 0.996195, -3.71201e-12, -0.0871557, -4.46982e-12, -1, -8.49977e-12, -0.0871557, 8.857e-12, -0.996195, 0
7.82, 2025-07-03__00-41-16.569385, -0.0482356, -0.43952, 0.0230628, -1.70135, -0.0278252, 1.14381, 0.702948, -0.00158644, -0.000743935, -0.00136325, -0.00117463, 0.000313603, -0.00151914, -0.000879108, -0.168558, -0.774101, -0.792765, 0.310082, 0.402354, -0.06441, -0.425982, 0, 0, 0, 8, 0, 0, 0, 0.327091, -0.0171672, 0.494667, 0.486385, -0.0157403, 0.742593, 0.996195, -3.71201e-12, -0.0871557, -4.46982e-12, -1, -8.49977e-12, -0.0871557, 8.857e-12, -0.996195, 0
7.83, 2025-07-03__00-41-16.579385, -0.0482328, -0.439534, 0.0230674, -1.70135, -0.0278265, 1.1438, 0.702945, 0.00211666, -0.00552832, 0.00108878, 0.000188063, -0.00394646, -0.000516242, -0.000925855, -0.245866, -0.512346, -0.906083, 0.178939, 0.415261, -0.0741735, -0.425067, 0, 0, 0, 8, 0, 0, 0, 0.327082, -0.0171698, 0.49467, 0.486385, -0.0157403, 0.742593, 0.996195, -3.71201e-12, -0.0871557, -4.46982e-12, -1, -8.49977e-12, -0.0871557, 8.857e-12, -0.996195, 0
7.84, 2025-07-03__00-41-16.589387, -0.0482306, -0.43954, 0.0230599, -1.70134, -0.0278265, 1.14378, 0.702941, -8.59402e-05, 0.000148552, -0.000660347, -0.000133457, -0.000371677, -0.00316237, -0.000249348, -0.194308, -0.788659, -0.830387, 0.307735, 0.402445, -0.0543992, -0.429295, 0, 0, 0, 8, 0, 0, 0, 0.327075, -0.01717, 0.494675, 0.486385, -0.0157403, 0.742593, 0.996195, -3.71201e-12, -0.0871557, -4.46982e-12, -1, -8.49977e-12, -0.0871557, 8.857e-12, -0.996195, 0
7.85, 2025-07-03__00-41-16.599387, -0.0482271, -0.439554, 0.0230615, -1.70135, -0.0278265, 1.14375, 0.702942, 0.00107148, -0.00385438, -0.0007434, -4.73833e-05, -0.000106743, -0.00470227, -3.95845e-05, -0.210889, -0.602496, -0.850709, 0.226751, 0.396948, -0.042691, -0.430434, 0, 0, 0, 8, 0, 0, 0, 0.327063, -0.0171683, 0.494677, 0.486385, -0.0157403, 0.742593, 0.996195, -3.71201e-12, -0.0871557, -4.46982e-12, -1, -8.49977e-12, -0.0871557, 8.857e-12, -0.996195, 0
7.86, 2025-07-03__00-41-16.609384, -0.0482303, -0.439568, 0.023067, -1.70134, -0.0278247, 1.14374, 0.702941, -0.00033121, 2.97417e-05, 0.00160399, 0.00661796, 0.000179476, -0.000404439, -0.00154963, -0.22942, -0.638081, -0.885927, 0.159054, 0.39113, -0.0829188, -0.421223, 0, 0, 0, 8, 0, 0, 0, 0.327056, -0.0171671, 0.494682, 0.486385, -0.0157403, 0.742593, 0.996195, -3.71201e-12, -0.0871557, -4.46982e-12, -1, -8.49977e-12, -0.0871557, 8.857e-12, -0.996195, 0
7.87, 2025-07-03__00-41-16.619381, -0.0482302, -0.439574, 0.0230614, -1.70135, -0.0278226, 1.14372, 0.702941, 0.000177614, -0.00207117, -0.000800019, 0.000904424, 0.000180707, -0.00171276, -0.000370895, -0.198567, -0.66695, -0.834244, 0.239688, 0.397178, -0.0637451, -0.428447, 0, 0, 0, 8, 0, 0, 0, 0.327048, -0.01717, 0.494677, 0.486385, -0.0157403, 0.742593, 0.996195, -3.71201e-12, -0.0871557, -4.46982e-12, -1, -8.49977e-12, -0.0871557, 8.857e-12, -0.996195, 0
7.88, 2025-07-03__00-41-16.629382, -0.0482328, -0.439588, 0.0230613, -1.70134, -0.027827, 1.1437, 0.702939, -0.000418495, 0.000265084, -0.000378158, 0.00103112, -0.000238416, -0.000158901, -0.000308534, -0.195285, -0.770932, -0.832949, 0.282287, 0.40111, -0.0744194, -0.428954, 0, 0, 0, 8, 0, 0, 0, 0.327041, -0.0171684, 0.494683, 0.486385, -0.0157403, 0.742593, 0.996195, -3.71201e-12, -0.0871557, -4.46982e-12, -1, -8.49977e-12, -0.0871557, 8.857e-12, -0.996195, 0
7.89, 2025-07-03__00-41-16.639387, -0.0482277, -0.439604, 0.0230641, -1.70135, -0.0278223, 1.14369, 0.702934, 0.000359247, -0.00203616, -0.000172411, 0.000962465, -7.51764e-05, -0.00330093, -0.0014244, -0.210065, -0.662527, -0.852673, 0.240016, 0.396974, -0.0524238, -0.421494, 0, 0, 0, 8, 0, 0, 0, 0.327032, -0.017167, 0.494686, 0.486385, -0.0157403, 0.742593, 0.996195, -3.71201e-12, -0.0871557, -4.46982e-12, -1, -8.49977e-12, -0.0871557, 8.857e-12, -0.996195, 0
7.9, 2025-07-03__00-41-16.649398, -0.0482255, -0.439608, 0.0230585, -1.70134, -0.0278249, 1.14367, 0.702933, 0.000874414, 0.00108473, -0.00111484, 0.00707368, -7.86265e-05, -0.00527942, -0.000587375, -0.19955, -0.682147, -0.832329, 0.180054, 0.397576, -0.0476044, -0.426772, 0, 0, 0, 8, 0, 0, 0, 0.327023, -0.0171659, 0.494689, 0.486385, -0.0157403, 0.742593, 0.996195, -3.71201e-12, -0.0871557, -4.46982e-12, -1, -8.49977e-12, -0.0871557, 8.857e-12, -0.996195, 0
7.91, 2025-07-03__00-41-16.659387, -0.0482278, -0.439619, 0.0230583, -1.70134, -0.0278221, 1.14365, 0.702931, 0.000179366, -0.000661341, -0.000469981, 0.000972764, -7.90274e-05, -0.00120196, -0.00106799, -0.201585, -0.728696, -0.840265, 0.266122, 0.398682, -0.0656865, -0.423713, 0, 0, 0, 8, 0, 0, 0, 0.327017, -0.0171673, 0.494694, 0.486385, -0.0157403, 0.742593, 0.996195, -3.71201e-12, -0.0871557, -4.46982e-12, -1, -8.49977e-12, -0.0871557, 8.857e-12, -0.996195, 0
7.92, 2025-07-03__00-41-16.669385, -0.0482295, -0.439626, 0.0230634, -1.70135, -0.0278232, 1.14364, 0.702932, 0.000292811, -0.000253389, -1.31953e-05, 9.57791e-05, -9.41203e-05, -0.000776219, -0.000637029, -0.209395, -0.768672, -0.853801, 0.293998, 0.397958, -0.0665667, -0.426248, 0, 0, 0, 8, 0, 0, 0, 0.327008, -0.0171659, 0.49469, 0.486385, -0.0157403, 0.742593, 0.996195, -3.71201e-12, -0.0871557, -4.46982e-12, -1, -8.49977e-12, -0.0871557, 8.857e-12, -0.996195, 0
7.93, 2025-07-03__00-41-16.679383, -0.0482292, -0.439642, 0.0230575, -1.70135, -0.0278206, 1.14362, 0.702932, 0.000160616, -0.00319516, -0.000309597, 0.000539335, 0.000477442, -0.000491563, -0.000121511, -0.207037, -0.619936, -0.847734, 0.221975, 0.393573, -0.0688748, -0.429538, 0, 0, 0, 8, 0, 0, 0, 0.327001, -0.0171669, 0.494695, 0.486385, -0.0157403, 0.742593, 0.996195, -3.71201e-12, -0.0871557, -4.46982e-12, -1, -8.49977e-12, -0.0871557, 8.857e-12, -0.996195, 0
7.94, 2025-07-03__00-41-16.689388, -0.0482277, -0.439648, 0.0230582, -1.70134, -0.027821, 1.14361, 0.702927, 0.000986308, -0.00324497, -0.000386308, 0.000724725, 0.000188961, 5.60574e-05, -0.00118653, -0.215117, -0.609394, -0.857986, 0.214392, 0.394145, -0.0731018, -0.422771, 0, 0, 0, 8, 0, 0, 0, 0.326997, -0.0171673, 0.494697, 0.486385, -0.0157403, 0.742593, 0.996195, -3.71201e-12, -0.0871557, -4.46982e-12, -1, -8.49977e-12, -0.0871557, 8.857e-12, -0.996195, 0
7.95, 2025-07-03__00-41-16.699386, -0.0482297, -0.439654, 0.0230557, -1.70135, -0.0278249, 1.1436, 0.70293, -0.000764223, -0.000238243, -0.00127905, -0.000324842, -3.97155e-05, 0.000631332, 0.000414539, -0.177673, -0.779732, -0.805175, 0.300983, 0.402865, -0.074393, -0.43297, 0, 0, 0, 8, 0, 0, 0, 0.326992, -0.0171645, 0.494699, 0.486385, -0.0157403, 0.742593, 0.996195, -3.71201e-12, -0.0871557, -4.46982e-12, -1, -8.49977e-12, -0.0871557, 8.857e-12, -0.996195, 0
7.96, 2025-07-03__00-41-16.709384, -0.0482247, -0.439667, 0.0230553, -1.70135, -0.0278215, 1.14358, 0.70293, 0.00110515, -0.00165875, -0.000540161, -5.30313e-05, 5.48296e-05, -0.00268583, 0.00176336, -0.211488, -0.704554, -0.853288, 0.270274, 0.396061, -0.0516106, -0.440727, 0, 0, 0, 8, 0, 0, 0, 0.326988, -0.0171657, 0.4947, 0.486385, -0.0157403, 0.742593, 0.996195, -3.71201e-12, -0.0871557, -4.46982e-12, -1, -8.49977e-12, -0.0871557, 8.857e-12, -0.996195, 0
7.97, 2025-07-03__00-41-16.719385, -0.0482249, -0.439677, 0.0230577, -1.70134, -0.0278214, 1.14357, 0.702925, 0.00120169, -0.00165757, 0.000554319, 0.00242746, 0.000146332, -0.000256705, -0.000449541, -0.230538, -0.646453, -0.883168, 0.212276, 0.391761, -0.0725241, -0.427039, 0, 0, 0, 8, 0, 0, 0, 0.326977, -0.0171656, 0.494705, 0.486385, -0.0157403, 0.742593, 0.996195, -3.71201e-12, -0.0871557, -4.46982e-12, -1, -8.49977e-12, -0.0871557, 8.857e-12, -0.996195, 0
7.98, 2025-07-03__00-41-16.729396, -0.0482274, -0.439684, 0.0230609, -1.70134, -0.027821, 1.14356, 0.702923, 0.000231394, -0.0010838, 0.00205235, 4.09125e-05, -8.72212e-06, -0.000474753, 0.000691769, -0.240802, -0.722664, -0.905719, 0.275076, 0.391905, -0.0671036, -0.433704, 0, 0, 0, 8, 0, 0, 0, 0.326975, -0.017165, 0.494709, 0.486385, -0.0157403, 0.742593, 0.996195, -3.71201e-12, -0.0871557, -4.46982e-12, -1, -8.49977e-12, -0.0871557, 8.857e-12, -0.996195, 0
7.99, 2025-07-03__00-41-16.739386, -0.0482298, -0.439691, 0.0230494, -1.70135, -0.0278204, 1.14355, 0.702922, 4.90771e-05, -0.00155472, -0.00147618, -0.000789571, 0.000277504, -0.00189557, 0.000644847, -0.184848, -0.72487, -0.813253, 0.286096, 0.399123, -0.055042, -0.433922, 0, 0, 0, 8, 0, 0, 0, 0.326968, -0.0171675, 0.49471, 0.486385, -0.0157403, 0.742593, 0.996195, -3.71201e-12, -0.0871557, -4.46982e-12, -1, -8.49977e-12, -0.0871557, 8.857e-12, -0.996195, 0
8, 2025-07-03__00-41-16.749385, -0.0482256, -0.439702, 0.0230546, -1.70135, -0.027821, 1.14354, 0.702917, 0.000948772, -0.00147388, 0.000187059, 0.00583385, -2.78075e-05, 0.00050603, -0.00155709, -0.222275, -0.585349, -0.868806, 0.144227, 0.393194, -0.0818622, -0.420115, 0, 0, 0, 8, 0, 0, 0, 0.326963, -0.017166, 0.494711, 0.486385, -0.0157403, 0.742593, 0.996195, -3.71201e-12, -0.0871557, -4.46982e-12, -1, -8.49977e-12, -0.0871557, 8.857e-12, -0.996195, 0
8.01, 2025-07-03__00-41-16.759385, -0.0482273, -0.439708, 0.0230521, -1.70134, -0.0278215, 1.14352, 0.702923, 0.000125677, -0.00167175, -0.00140467, 0.00313386, 0.000379928, -0.00198986, 0.0058709, -0.188233, -0.634267, -0.816553, 0.200159, 0.396586, -0.0601062, -0.465626, 0, 0, 0, 8, 0, 0, 0, 0.326956, -0.0171665, 0.494711, 0.486385, -0.0157403, 0.742593, 0.996195, -3.71201e-12, -0.0871557, -4.46982e-12, -1, -8.49977e-12, -0.0871557, 8.857e-12, -0.996195, 0
8.02, 2025-07-03__00-41-16.769388, -0.0482271, -0.439712, 0.0230546, -1.70135, -0.0278204, 1.1435, 0.702909, -0.000112391, 0.000297839, -0.000188011, -0.000535796, 0.000115954, -0.00486919, -0.00271246, -0.200896, -0.810265, -0.841642, 0.326837, 0.398078, -0.0329794, -0.412527, 0, 0, 0, 8, 0, 0, 0, 0.326952, -0.0171638, 0.494719, 0.486385, -0.0157403, 0.742593, 0.996195, -3.71201e-12, -0.0871557, -4.46982e-12, -1, -8.49977e-12, -0.0871557, 8.857e-12, -0.996195, 0
8.03, 2025-07-03__00-41-16.779386, -0.0482292, -0.43972, 0.0230472, -1.70135, -0.0278217, 1.14349, 0.702914, -6.30532e-05, -0.0019248, -0.00296645, -0.000169164, -1.64017e-05, -0.000488355, 0.000240056, -0.160896, -0.70003, -0.773385, 0.265338, 0.404694, -0.063507, -0.431285, 0, 0, 0, 8, 0, 0, 0, 0.326942, -0.017165, 0.494716, 0.486385, -0.0157403, 0.742593, 0.996195, -3.71201e-12, -0.0871557, -4.46982e-12, -1, -8.49977e-12, -0.0871557, 8.857e-12, -0.996195, 0
8.04, 2025-07-03__00-41-16.789386, -0.0482253, -0.439725, 0.0230464, -1.70134, -0.0278217, 1.14348, 0.70291, 0.00137553, -0.000743012, -0.00185463, 0.00226102, 2.66297e-05, -0.000343685, -0.000397576, -0.193716, -0.699236, -0.822088, 0.237216, 0.398697, -0.0684416, -0.427038, 0, 0, 0, 8, 0, 0, 0, 0.326938, -0.0171667, 0.494717, 0.486385, -0.0157403, 0.742593, 0.996195, -3.71201e-12, -0.0871557, -4.46982e-12, -1, -8.49977e-12, -0.0871557, 8.857e-12, -0.996195, 0
8.05, 2025-07-03__00-41-16.799385, -0.0482246, -0.439727, 0.0230514, -1.70135, -0.027821, 1.14347, 0.702909, 0.000765039, 0.00142607, 0.000377885, -0.000758533, 0.000189295, -0.00105727, -0.000921863, -0.218133, -0.867924, -0.868076, 0.349952, 0.395228, -0.0579281, -0.423404, 0, 0, 0, 8, 0, 0, 0, 0.326933, -0.0171658, 0.494718, 0.486385, -0.0157403, 0.742593, 0.996195, -3.71201e-12, -0.0871557, -4.46982e-12, -1, -8.49977e-12, -0.0871557, 8.857e-12, -0.996195, 0
8.06, 2025-07-03__00-41-16.809382, -0.0482271, -0.439741, 0.0230486, -1.70135, -0.0278204, 1.14346, 0.702908, 0.000489837, -0.000298723, 9.88268e-05, -0.00084014, 0.000437889, -0.00342567, -0.00016946, -0.212577, -0.786378, -0.858632, 0.317961, 0.393905, -0.0415312, -0.428043, 0, 0, 0, 8, 0, 0, 0, 0.326928, -0.0171673, 0.494721, 0.486385, -0.0157403, 0.742593, 0.996195, -3.71201e-12, -0.0871557, -4.46982e-12, -1, -8.49977e-12, -0.0871557, 8.857e-12, -0.996195, 0
8.07, 2025-07-03__00-41-16.819387, -0.0482271, -0.439752, 0.0230514, -1.70135, -0.027821, 1.14344, 0.702903, 0.00188928, -0.000544825, 0.000288484, -0.000243861, 0.000188683, -0.00193652, -0.0010559, -0.231592, -0.761458, -0.884786, 0.298239, 0.392285, -0.0521332, -0.4223, 0, 0, 0, 8, 0, 0, 0, 0.326919, -0.0171668, 0.494724, 0.486385, -0.0157403, 0.742593, 0.996195, -3.71201e-12, -0.0871557, -4.46982e-12, -1, -8.49977e-12, -0.0871557, 8.857e-12, -0.996195, 0
8.08, 2025-07-03__00-41-16.829385, -0.0482271, -0.439758, 0.0230457, -1.70135, -0.0278192, 1.14344, 0.702906, -0.000125636, 0.000690321, -0.000546323, -0.00111904, -4.21769e-05, 7.06243e-05, -0.000261779, -0.193727, -0.838684, -0.83061, 0.338858, 0.400407, -0.0646192, -0.427562, 0, 0, 0, 8, 0, 0, 0, 0.326919, -0.0171672, 0.494731, 0.486385, -0.0157403, 0.742593, 0.996195, -3.71201e-12, -0.0871557, -4.46982e-12, -1, -8.49977e-12, -0.0871557, 8.857e-12, -0.996195, 0
8.09, 2025-07-03__00-41-16.839387, -0.0482271, -0.439771, 0.0230461, -1.70135, -0.027821, 1.14343, 0.702903, -0.00030688, -0.000242884, -0.000236212, -0.000123113, 0.000283537, -4.01967e-05, -0.00129127, -0.198487, -0.770864, -0.837782, 0.297329, 0.3971, -0.0653682, -0.421255, 0, 0, 0, 8, 0, 0, 0, 0.326912, -0.0171668, 0.494729, 0.486385, -0.0157403, 0.742593, 0.996195, -3.71201e-12, -0.0871557, -4.46982e-12, -1, -8.49977e-12, -0.0871557, 8.857e-12, -0.996195, 0
8.1, 2025-07-03__00-41-16.849387, -0.048225, -0.43978, 0.0230503, -1.70135, -0.0278205, 1.14343, 0.702908, 0.000164118, -0.00054488, 0.000666046, -0.000509088, 0.000234555, 0.000604577, 0.0012817, -0.217945, -0.759517, -0.868503, 0.296299, 0.394261, -0.0697106, -0.436862, 0, 0, 0, 8, 0, 0, 0, 0.326909, -0.0171663, 0.494735, 0.486385, -0.0157403, 0.742593, 0.996195, -3.71201e-12, -0.0871557, -4.46982e-12, -1, -8.49977e-12, -0.0871557, 8.857e-12, -0.996195, 0
8.11, 2025-07-03__00-41-16.859384, -0.0482224, -0.439795, 0.0230432, -1.70135, -0.0278217, 1.14341, 0.702901, 0.000899797, -0.00445335, -0.000680309, 0.000437614, 3.71783e-05, -0.000185289, -0.00160398, -0.209646, -0.555897, -0.848556, 0.195413, 0.395604, -0.0653284, -0.419289, 0, 0, 0, 8, 0, 0, 0, 0.326902, -0.0171678, 0.494735, 0.486385, -0.0157403, 0.742593, 0.996195, -3.71201e-12, -0.0871557, -4.46982e-12, -1, -8.49977e-12, -0.0871557, 8.857e-12, -0.996195, 0
8.12, 2025-07-03__00-41-16.869398, -0.0482239, -0.4398, 0.023051, -1.70135, -0.0278213, 1.1434, 0.702904, 0.00106273, -0.000818065, 0.00140249, -0.001496, -0.000260825, -0.000684639, 0.000850057, -0.23848, -0.765786, -0.899999, 0.313441, 0.394306, -0.0585379, -0.433874, 0, 0, 0, 8, 0, 0, 0, 0.326897, -0.0171637, 0.494737, 0.486385, -0.0157403, 0.742593, 0.996195, -3.71201e-12, -0.0871557, -4.46982e-12, -1, -8.49977e-12, -0.0871557, 8.857e-12, -0.996195, 0
8.13, 2025-07-03__00-41-16.879398, -0.0482268, -0.439807, 0.023043, -1.70134, -0.0278175, 1.1434, 0.702899, -0.000265111, 0.000412413, -0.000500939, 0.00084615, 0.00947289, 0.000339283, -0.000193891, -0.211139, -0.767914, -0.853339, 0.282369, 0.336376, -0.0693736, -0.427883, 0, 0, 0, 8, 0, 0, 0, 0.326897, -0.0171644, 0.494745, 0.486385, -0.0157403, 0.742593, 0.996195, -3.71201e-12, -0.0871557, -4.46982e-12, -1, -8.49977e-12, -0.0871557, 8.857e-12, -0.996195, 0
8.14, 2025-07-03__00-41-16.889396, -0.0482264, -0.439817, 0.0230422, -1.70135, -0.0278178, 1.14339, 0.702902, 0.000380486, -0.000930426, -8.73823e-05, -0.000300848, 0.000558, -0.00110425, 0.00038064, -0.209209, -0.733699, -0.85261, 0.284723, 0.393184, -0.0574055, -0.431299, 0, 0, 0, 8, 0, 0, 0, 0.326893, -0.0171684, 0.494746, 0.486385, -0.0157403, 0.742593, 0.996195, -3.71201e-12, -0.0871557, -4.46982e-12, -1, -8.49977e-12, -0.0871557, 8.857e-12, -0.996195, 0
8.15, 2025-07-03__00-41-16.899387, -0.0482272, -0.439827, 0.0230422, -1.70135, -0.0278177, 1.14339, 0.7029, -0.00295194, -0.00126598, -0.00111615, -0.000377019, 4.32463e-05, -0.000263928, -0.000215109, -0.155508, -0.720152, -0.77541, 0.277075, 0.405193, -0.0632369, -0.4279, 0, 0, 0, 8, 0, 0, 0, 0.326889, -0.0171654, 0.494745, 0.486385, -0.0157403, 0.742593, 0.996195, -3.71201e-12, -0.0871557, -4.46982e-12, -1, -8.49977e-12, -0.0871557, 8.857e-12, -0.996195, 0
8.16, 2025-07-03__00-41-16.909384, -0.0482245, -0.439828, 0.0230422, -1.70135, -0.0278203, 1.14338, 0.702896, 0.00185613, 0.000353484, -0.000153445, -0.000224519, -0.000205102, 0.000282751, 0.000168327, -0.222526, -0.789384, -0.87054, 0.306934, 0.396404, -0.0669479, -0.429673, 0, 0, 0, 8, 0, 0, 0, 0.326886, -0.0171662, 0.494751, 0.486385, -0.0157403, 0.742593, 0.996195, -3.71201e-12, -0.0871557, -4.46982e-12, -1, -8.49977e-12, -0.0871557, 8.857e-12, -0.996195, 0
8.17, 2025-07-03__00-41-16.919384, -0.0482296, -0.439836, 0.0230415, -1.70135, -0.0278203, 1.14337, 0.702898, -0.00116971, 0.00022066, -0.000102917, -0.0007287, -2.30341e-05, -0.00134903, 0.000726784, -0.189029, -0.796365, -0.826222, 0.317836, 0.400617, -0.0545569, -0.433433, 0, 0, 0, 8, 0, 0, 0, 0.32688, -0.0171665, 0.494749, 0.486385, -0.0157403, 0.742593, 0.996195, -3.71201e-12, -0.0871557, -4.46982e-12, -1, -8.49977e-12, -0.0871557, 8.857e-12, -0.996195, 0
8.18, 2025-07-03__00-41-16.929383, -0.0482267, -0.439835, 0.0230415, -1.70134, -0.0278213, 1.14337, 0.702896, 0.000515349, 0.00176861, 0.000281855, -0.000123812, 1.96981e-05, -0.00226697, -0.00367836, -0.213006, -0.851465, -0.860411, 0.337165, 0.396844, -0.0495082, -0.406467, 0, 0, 0, 8, 0, 0, 0, 0.326881, -0.0171685, 0.494753, 0.486385, -0.0157403, 0.742593, 0.996195, -3.71201e-12, -0.0871557, -4.46982e-12, -1, -8.49977e-12, -0.0871557, 8.857e-12, -0.996195, 0
8.19, 2025-07-03__00-41-16.939385, -0.048227, -0.439847, 0.0230369, -1.70134, -0.0278207, 1.14336, 0.702894, 0.00141376, -0.000176895, 5.67934e-05, 0.00171976, 0.000128289, -0.000583152, -0.00833306, -0.222452, -0.718323, -0.870294, 0.25393, 0.393592, -0.0639034, -0.378344, 0, 0, 0, 8, 0, 0, 0, 0.326879, -0.0171686, 0.49475, 0.486385, -0.0157403, 0.742593, 0.996195, -3.71201e-12, -0.0871557, -4.46982e-12, -1, -8.49977e-12, -0.0871557, 8.857e-12, -0.996195, 0
8.2, 2025-07-03__00-41-16.949387, -0.0482253, -0.439853, 0.023041, -1.70135, -0.0278173, 1.14336, 0.70289, 0.00136299, -0.000733266, 0.000112849, -0.000567423, -0.000126571, -0.000157874, 0.00544813, -0.221672, -0.741202, -0.87041, 0.290149, 0.395579, -0.0633846, -0.461336, 0, 0, 0, 8, 0, 0, 0, 0.326874, -0.017169, 0.494753, 0.486385, -0.0157403, 0.742593, 0.996195, -3.71201e-12, -0.0871557, -4.46982e-12, -1, -8.49977e-12, -0.0871557, 8.857e-12, -0.996195, 0
8.21, 2025-07-03__00-41-16.959386, -0.0482323, -0.439856, 0.023041, -1.70135, -0.027818, 1.14335, 0.702894, -0.00147522, 0.000601178, 0.000814558, -0.000311372, -1.89863e-06, -0.000177325, 0.00220375, -0.198952, -0.801971, -0.844064, 0.314147, 0.398681, -0.0630006, -0.442175, 0, 0, 0, 8, 0, 0, 0, 0.326873, -0.0171683, 0.494756, 0.486385, -0.0157403, 0.742593, 0.996195, -3.71201e-12, -0.0871557, -4.46982e-12, -1, -8.49977e-12, -0.0871557, 8.857e-12, -0.996195, 0
8.22, 2025-07-03__00-41-16.969385, -0.0482293, -0.439868, 0.0230386, -1.70135, -0.0278184, 1.14335, 0.70289, -0.000723172, -0.00122953, 0.000648723, -0.0015454, -5.0259e-05, -0.000281152, 0.000176794, -0.206678, -0.736586, -0.853239, 0.299612, 0.397748, -0.0608783, -0.429683, 0, 0, 0, 8, 0, 0, 0, 0.32687, -0.0171686, 0.49476, 0.486385, -0.0157403, 0.742593, 0.996195, -3.71201e-12, -0.0871557, -4.46982e-12, -1, -8.49977e-12, -0.0871557, 8.857e-12, -0.996195, 0
8.23, 2025-07-03__00-41-16.979384, -0.0482296, -0.439863, 0.0230414, -1.70134, -0.027817, 1.14335, 0.702888, -0.000697199, 0.00149473, 0.00162535, 0.00123338, -0.000199676, -0.000173471, -0.000992194, -0.219608, -0.803994, -0.875195, 0.297477, 0.396453, -0.0661, -0.42234, 0, 0, 0, 8, 0, 0, 0, 0.326868, -0.0171672, 0.494758, 0.486385, -0.0157403, 0.742593, 0.996195, -3.71201e-12, -0.0871557, -4.46982e-12, -1, -8.49977e-12, -0.0871557, 8.857e-12, -0.996195, 0
8.24, 2025-07-03__00-41-16.989386, -0.0482271, -0.439869, 0.0230365, -1.70135, -0.0278166, 1.14334, 0.70289, -5.65604e-05, 0.000500072, 0.000222182, -0.000290837, 0.000115679, -0.00088961, 0.000828289, -0.206259, -0.793427, -0.850536, 0.311153, 0.396723, -0.0580557, -0.433553, 0, 0, 0, 8, 0, 0, 0, 0.326864, -0.0171657, 0.494757, 0.486385, -0.0157403, 0.742593, 0.996195, -3.71201e-12, -0.0871557, -4.46982e-12, -1, -8.49977e-12, -0.0871557, 8.857e-12, -0.996195, 0
8.25, 2025-07-03__00-41-16.999390, -0.0482286, -0.439876, 0.0230386, -1.70134, -0.027817, 1.14334, 0.702889, -0.000470083, 0.000471995, 0.000594998, 0.000731389, -0.000138512, 0.000150475, 0.00292404, -0.207266, -0.764619, -0.853374, 0.284754, 0.397847, -0.0675673, -0.446255, 0, 0, 0, 8, 0, 0, 0, 0.326863, -0.0171651, 0.49476, 0.486385, -0.0157403, 0.742593, 0.996195, -3.71201e-12, -0.0871557, -4.46982e-12, -1, -8.49977e-12, -0.0871557, 8.857e-12, -0.996195, 0
8.26, 2025-07-03__00-41-17.009385, -0.0482293, -0.439877, 0.0230362, -1.70135, -0.0278162, 1.14333, 0.702884, -0.000704782, 0.00223486, 0.000543217, 8.97426e-05, 0.000194986, 9.75379e-05, -0.000536834, -0.192877, -0.784929, -0.838981, 0.323555, 0.39874, -0.0640074, -0.427846, 0, 0, 0, 8, 0, 0, 0, 0.32686, -0.0171668, 0.494766, 0.486385, -0.0157403, 0.742593, 0.996195, -3.71201e-12, -0.0871557, -4.46982e-12, -1, -8.49977e-12, -0.0871557, 8.857e-12, -0.996195, 0
8.27, 2025-07-03__00-41-17.019388, -0.0482268, -0.439882, 0.0230383, -1.70135, -0.0278208, 1.14333, 0.702883, 0.000281799, 0.000855117, 0.00176106, 0.000598807, -0.000455944, -0.000122775, -0.00443543, -0.233043, -0.787516, -0.893835, 0.298069, 0.396163, -0.0646653, -0.401289, 0, 0, 0, 8, 0, 0, 0, 0.326858, -0.0171694, 0.494762, 0.486385, -0.0157403, 0.742593, 0.996195, -3.71201e-12, -0.0871557, -4.46982e-12, -1, -8.49977e-12, -0.0871557, 8.857e-12, -0.996195, 0
8.28, 2025-07-03__00-41-17.029384, -0.0482238, -0.439891, 0.0230354, -1.70135, -0.0278179, 1.14333, 0.702881, 0.00119591, -0.00319361, 0.000812513, -0.00594252, -0.00336609, -0.000239038, 0.000260717, -0.225749, -0.731713, -0.880377, 0.349768, 0.416626, -0.0544191, -0.429464, 0, 0, 0, 8, 0, 0, 0, 0.326857, -0.0171687, 0.494764, 0.486385, -0.0157403, 0.742593, 0.996195, -3.71201e-12, -0.0871557, -4.46982e-12, -1, -8.49977e-12, -0.0871557, 8.857e-12, -0.996195, 0
8.29, 2025-07-03__00-41-17.039387, -0.0482236, -0.439894, 0.0230301, -1.70134, -0.0278176, 1.14332, 0.70288, 0.00129332, -0.00145719, -0.00112851, 0.000417341, 0.0024352, -2.86257e-05, 0.000768813, -0.207539, -0.677344, -0.844273, 0.248951, 0.381163, -0.0653802, -0.432949, 0, 0, 0, 8, 0, 0, 0, 0.326856, -0.0171687, 0.494767, 0.486385, -0.0157403, 0.742593, 0.996195, -3.71201e-12, -0.0871557, -4.46982e-12, -1, -8.49977e-12, -0.0871557, 8.857e-12, -0.996195, 0
8.3, 2025-07-03__00-41-17.049384, -0.0482296, -0.439897, 0.0230272, -1.70134, -0.0278166, 1.14332, 0.702878, 0.000133604, -7.26487e-06, -0.00230395, 2.36327e-05, 0.000325317, 7.37875e-05, -0.000203294, -0.170656, -0.756208, -0.789704, 0.287944, 0.400961, -0.0653888, -0.427237, 0, 0, 0, 8, 0, 0, 0, 0.326853, -0.0171691, 0.494766, 0.486385, -0.0157403, 0.742593, 0.996195, -3.71201e-12, -0.0871557, -4.46982e-12, -1, -8.49977e-12, -0.0871557, 8.857e-12, -0.996195, 0
8.31, 2025-07-03__00-41-17.059383, -0.0482296, -0.439898, 0.0230353, -1.70134, -0.0278169, 1.14331, 0.702877, -0.00101604, 0.000569671, 0.000144566, 0.000976318, -0.000143117, 0.000174124, -0.000353474, -0.19417, -0.764552, -0.833356, 0.281685, 0.400034, -0.0671745, -0.425959, 0, 0, 0, 8, 0, 0, 0, 0.326849, -0.0171665, 0.494766, 0.486385, -0.0157403, 0.742593, 0.996195, -3.71201e-12, -0.0871557, -4.46982e-12, -1, -8.49977e-12, -0.0871557, 8.857e-12, -0.996195, 0
8.32, 2025-07-03__00-41-17.069384, -0.048225, -0.439904, 0.0230294, -1.70135, -0.0278169, 1.14331, 0.702872, 0.00030462, -0.000479885, -0.000168599, -0.000740464, 2.0506e-05, 0.000333487, -0.000909976, -0.205088, -0.750635, -0.84648, 0.295446, 0.397538, -0.0654416, -0.422316, 0, 0, 0, 8, 0, 0, 0, 0.326848, -0.0171699, 0.494767, 0.486385, -0.0157403, 0.742593, 0.996195, -3.71201e-12, -0.0871557, -4.46982e-12, -1, -8.49977e-12, -0.0871557, 8.857e-12, -0.996195, 0
8.33, 2025-07-03__00-41-17.079381, -0.0482241, -0.439904, 0.0230322, -1.70135, -0.0278156, 1.14331, 0.702872, 3.40525e-05, -0.000176066, 0.000425692, -2.0651e-05, 0.00032189, -0.000394899, -0.0012613, -0.21164, -0.749408, -0.858011, 0.287831, 0.394394, -0.0615514, -0.420023, 0, 0, 0, 8, 0, 0, 0, 0.326847, -0.0171669, 0.49477, 0.486385, -0.0157403, 0.742593, 0.996195, -3.71201e-12, -0.0871557, -4.46982e-12, -1, -8.49977e-12, -0.0871557, 8.857e-12, -0.996195, 0
8.34, 2025-07-03__00-41-17.089383, -0.048224, -0.439907, 0.0230323, -1.70135, -0.0278183, 1.1433, 0.702879, 6.13128e-05, 0.00040362, 0.000361654, 0.000193506, -0.00067016, -1.50121e-05, 0.00128757, -0.208534, -0.77403, -0.853845, 0.295915, 0.401271, -0.0641238, -0.435901, 0, 0, 0, 8, 0, 0, 0, 0.326847, -0.0171675, 0.49477, 0.486385, -0.0157403, 0.742593, 0.996195, -3.71201e-12, -0.0871557, -4.46982e-12, -1, -8.49977e-12, -0.0871557, 8.857e-12, -0.996195, 0
8.35, 2025-07-03__00-41-17.099388, -0.0482217, -0.439915, 0.0230322, -1.70135, -0.0278186, 1.1433, 0.702876, 0.00151933, -0.00138404, 0.000673227, -0.000791253, -0.00585846, 9.98473e-05, 0.000694247, -0.222063, -0.707974, -0.873042, 0.279099, 0.431922, -0.0639915, -0.431944, 0, 0, 0, 8, 0, 0, 0, 0.326843, -0.0171711, 0.49477, 0.486385, -0.0157403, 0.742593, 0.996195, -3.71201e-12, -0.0871557, -4.46982e-12, -1, -8.49977e-12, -0.0871557, 8.857e-12, -0.996195, 0
8.36, 2025-07-03__00-41-17.109386, -0.0482268, -0.439911, 0.0230301, -1.70135, -0.0278169, 1.1433, 0.70288, 0.000343241, 0.000483332, -0.00297366, 0.00021805, -0.0026642, 1.33355e-06, 0.00165623, -0.157082, -0.779815, -0.768326, 0.296716, 0.422249, -0.0642518, -0.438447, 0, 0, 0, 8, 0, 0, 0, 0.326843, -0.0171663, 0.49477, 0.486385, -0.0157403, 0.742593, 0.996195, -3.71201e-12, -0.0871557, -4.46982e-12, -1, -8.49977e-12, -0.0871557, 8.857e-12, -0.996195, 0
8.37, 2025-07-03__00-41-17.119384, -0.0482286, -0.439914, 0.0230273, -1.70135, -0.0278162, 1.14329, 0.702871, -0.000667891, -0.000761282, -0.00278862, 0.00287845, -0.00919002, -0.000354659, -4.70698e-05, -0.138223, -0.670833, -0.742039, 0.218762, 0.465555, -0.0656739, -0.427751, 0, 0, 0, 8, 0, 0, 0, 0.326839, -0.0171679, 0.49477, 0.486385, -0.0157403, 0.742593, 0.996195, -3.71201e-12, -0.0871557, -4.46982e-12, -1, -8.49977e-12, -0.0871557, 8.857e-12, -0.996195, 0
8.38, 2025-07-03__00-41-17.129385, -0.0482264, -0.439912, 0.0230294, -1.70135, -0.0278162, 1.14329, 0.702872, 0.000196299, 0.000191003, 0.00132272, -0.00136831, -0.000229838, -0.000907056, -0.00934195, -0.225379, -0.796479, -0.881533, 0.326171, 0.396255, -0.0550474, -0.371079, 0, 0, 0, 8, 0, 0, 0, 0.326839, -0.0171677, 0.49477, 0.486385, -0.0157403, 0.742593, 0.996195, -3.71201e-12, -0.0871557, -4.46982e-12, -1, -8.49977e-12, -0.0871557, 8.857e-12, -0.996195, 0
8.39, 2025-07-03__00-41-17.139386, -0.0482241, -0.439916, 0.0230347, -1.70134, -0.027814, 1.14329, 0.702874, 8.56389e-05, -0.000263484, 0.00123156, 0.000751049, -0.000321029, -0.000133625, 0.00327055, -0.223424, -0.72546, -0.877532, 0.268251, 0.396096, -0.064558, -0.447432, 0, 0, 0, 8, 0, 0, 0, 0.326839, -0.0171673, 0.49477, 0.486385, -0.0157403, 0.742593, 0.996195, -3.71201e-12, -0.0871557, -4.46982e-12, -1, -8.49977e-12, -0.0871557, 8.857e-12, -0.996195, 0
8.4, 2025-07-03__00-41-17.149385, -0.0482235, -0.439917, 0.0230269, -1.70135, -0.0278134, 1.14329, 0.702868, 0.00321434, -0.000587551, -0.000234029, -0.000435497, 2.68815e-05, 7.71072e-05, -0.000945241, -0.236817, -0.73648, -0.888328, 0.286645, 0.392061, -0.0637048, -0.42165, 0, 0, 0, 8, 0, 0, 0, 0.326839, -0.0171676, 0.49477, 0.486385, -0.0157403, 0.742593, 0.996195, -3.71201e-12, -0.0871557, -4.46982e-12, -1, -8.49977e-12, -0.0871557, 8.857e-12, -0.996195, 0
8.41, 2025-07-03__00-41-17.159385, -0.048227, -0.439915, 0.0230255, -1.70134, -0.0278163, 1.14328, 0.702872, 0.00073337, 0.00022726, -0.00299521, 0.000809571, -0.000335026, -0.000639972, 0.000537042, -0.165505, -0.754194, -0.779009, 0.27912, 0.405785, -0.0602321, -0.43138, 0, 0, 0, 8, 0, 0, 0, 0.326836, -0.0171697, 0.494769, 0.486385, -0.0157403, 0.742593, 0.996195, -3.71201e-12, -0.0871557, -4.46982e-12, -1, -8.49977e-12, -0.0871557, 8.857e-12, -0.996195, 0
8.42, 2025-07-03__00-41-17.169384, -0.0482239, -0.43992, 0.0230262, -1.70134, -0.0278168, 1.14329, 0.702868, 0.000478998, 0.000230196, -0.000382436, -0.000334396, -0.000148988, 4.84575e-05, -8.98861e-05, -0.202694, -0.771235, -0.842167, 0.300191, 0.399018, -0.0640668, -0.427158, 0, 0, 0, 8, 0, 0, 0, 0.32684, -0.0171682, 0.494775, 0.486385, -0.0157403, 0.742593, 0.996195, -3.71201e-12, -0.0871557, -4.46982e-12, -1, -8.49977e-12, -0.0871557, 8.857e-12, -0.996195, 0
8.43, 2025-07-03__00-41-17.179385, -0.0482194, -0.439926, 0.0230262, -1.70134, -0.0278175, 1.14328, 0.702865, 0.00200924, -0.00133521, -0.00561215, 0.000714232, -0.000314051, -0.000123851, -0.00162947, -0.142743, -0.6798, -0.73471, 0.245135, 0.409356, -0.0639496, -0.417891, 0, 0, 0, 8, 0, 0, 0, 0.326835, -0.017168, 0.494771, 0.486385, -0.0157403, 0.742593, 0.996195, -3.71201e-12, -0.0871557, -4.46982e-12, -1, -8.49977e-12, -0.0871557, 8.857e-12, -0.996195, 0
8.44, 2025-07-03__00-41-17.189386, -0.0482214, -0.439924, 0.0230262, -1.70135, -0.0278142, 1.14328, 0.702868, 0.0014433, -0.000458701, -0.00111736, -0.000241409, -0.000281809, -0.000561977, 0.00454085, -0.202512, -0.740769, -0.837937, 0.28646, 0.399489, -0.0593005, -0.455045, 0, 0, 0, 8, 0, 0, 0, 0.326835, -0.0171673, 0.494772, 0.486385, -0.0157403, 0.742593, 0.996195, -3.71201e-12, -0.0871557, -4.46982e-12, -1, -8.49977e-12, -0.0871557, 8.857e-12, -0.996195, 0
8.45, 2025-07-03__00-41-17.199386, -0.0482215, -0.439929, 0.0230255, -1.70135, -0.0278123, 1.14328, 0.702863, 0.00299532, -0.000316531, 0.000774222, 0.000166953, -0.000112671, 1.19987e-05, 0.000782104, -0.249116, -0.73332, -0.909503, 0.278813, 0.39076, -0.0641779, -0.431781, 0, 0, 0, 8, 0, 0, 0, 0.326835, -0.0171688, 0.494778, 0.486385, -0.0157403, 0.742593, 0.996195, -3.71201e-12, -0.0871557, -4.46982e-12, -1, -8.49977e-12, -0.0871557, 8.857e-12, -0.996195, 0
8.46, 2025-07-03__00-41-17.209385, -0.0482265, -0.439934, 0.0230262, -1.70134, -0.0278165, 1.14327, 0.702864, -0.00061683, -0.00142009, 0.00105738, 0.000919827, -0.00713619, -0.00461485, 0.000769162, -0.200956, -0.670112, -0.845647, 0.249464, 0.44255, -0.0336586, -0.432014, 0, 0, 0, 8, 0, 0, 0, 0.32683, -0.0171704, 0.494773, 0.486385, -0.0157403, 0.742593, 0.996195, -3.71201e-12, -0.0871557, -4.46982e-12, -1, -8.49977e-12, -0.0871557, 8.857e-12, -0.996195, 0
8.47, 2025-07-03__00-41-17.219389, -0.048226, -0.439933, 0.0230262, -1.70135, -0.0278135, 1.14327, 0.702857, -0.00566155, -0.00150574, -0.000794863, 0.000250462, -0.000987954, -0.000157838, -3.28388e-05, -0.127209, -0.687734, -0.737903, 0.255433, 0.415877, -0.0623226, -0.427267, 0, 0, 0, 8, 0, 0, 0, 0.32683, -0.0171665, 0.494773, 0.486385, -0.0157403, 0.742593, 0.996195, -3.71201e-12, -0.0871557, -4.46982e-12, -1, -8.49977e-12, -0.0871557, 8.857e-12, -0.996195, 0
8.48, 2025-07-03__00-41-17.229388, -0.0482264, -0.439933, 0.0230287, -1.70134, -0.0278125, 1.14327, 0.702856, -0.000783167, -0.000132033, -1.43518e-05, 0.00117145, -6.6973e-05, 0.000443151, -0.000722741, -0.194897, -0.723759, -0.832668, 0.260944, 0.39911, -0.0684979, -0.422639, 0, 0, 0, 8, 0, 0, 0, 0.326829, -0.0171663, 0.494775, 0.486385, -0.0157403, 0.742593, 0.996195, -3.71201e-12, -0.0871557, -4.46982e-12, -1, -8.49977e-12, -0.0871557, 8.857e-12, -0.996195, 0
8.49, 2025-07-03__00-41-17.239387, -0.0482264, -0.439934, 0.0230314, -1.70135, -0.0278114, 1.14327, 0.702858, -0.000957254, 0.000428417, 0.00122568, -0.000340242, 8.00252e-05, 3.03908e-05, 0.00550504, -0.210676, -0.783199, -0.860984, 0.306341, 0.396021, -0.0630746, -0.460243, 0, 0, 0, 8, 0, 0, 0, 0.32683, -0.0171661, 0.494781, 0.486385, -0.0157403, 0.742593, 0.996195, -3.71201e-12, -0.0871557, -4.46982e-12, -1, -8.49977e-12, -0.0871557, 8.857e-12, -0.996195, 0
8.5, 2025-07-03__00-41-17.249384, -0.0482292, -0.439942, 0.023031, -1.70134, -0.0278122, 1.14327, 0.702852, -0.001385, -0.00045608, 0.00131766, 0.00100945, -8.08814e-05, -0.00211856, -0.000591249, -0.208577, -0.707828, -0.857605, 0.260184, 0.396821, -0.0510009, -0.423126, 0, 0, 0, 8, 0, 0, 0, 0.326829, -0.0171682, 0.494776, 0.486385, -0.0157403, 0.742593, 0.996195, -3.71201e-12, -0.0871557, -4.46982e-12, -1, -8.49977e-12, -0.0871557, 8.857e-12, -0.996195, 0
8.51, 2025-07-03__00-41-17.259383, -0.0482235, -0.43994, 0.0230214, -1.70134, -0.0278146, 1.14327, 0.702852, -0.00463139, -0.000628887, -0.00163275, 0.00458549, 0.000208633, -0.000280844, 0.00042034, -0.128511, -0.631331, -0.733754, 0.179256, 0.406991, -0.068815, -0.429978, 0, 0, 0, 8, 0, 0, 0, 0.32683, -0.0171685, 0.494781, 0.486385, -0.0157403, 0.742593, 0.996195, -3.71201e-12, -0.0871557, -4.46982e-12, -1, -8.49977e-12, -0.0871557, 8.857e-12, -0.996195, 0
8.52, 2025-07-03__00-41-17.269385, -0.0482263, -0.439945, 0.0230293, -1.70135, -0.027809, 1.14327, 0.702856, -0.00125215, 3.38186e-05, 0.00180103, 4.24256e-05, -0.00131974, 0.000242442, 0.00146223, -0.214067, -0.752719, -0.867837, 0.288416, 0.404115, -0.0655212, -0.435612, 0, 0, 0, 8, 0, 0, 0, 0.326827, -0.0171671, 0.49478, 0.486385, -0.0157403, 0.742593, 0.996195, -3.71201e-12, -0.0871557, -4.46982e-12, -1, -8.49977e-12, -0.0871557, 8.857e-12, -0.996195, 0
8.53, 2025-07-03__00-41-17.279385, -0.0482243, -0.439946, 0.0230234, -1.70135, -0.0278107, 1.14326, 0.702851, -0.000674699, -0.000751801, -0.00104967, 0.000497205, 0.00107258, -7.17546e-05, -0.000798131, -0.182563, -0.709723, -0.810839, 0.262763, 0.393854, -0.0633135, -0.422028, 0, 0, 0, 8, 0, 0, 0, 0.326824, -0.0171642, 0.494778, 0.486385, -0.0157403, 0.742593, 0.996195, -3.71201e-12, -0.0871557, -4.46982e-12, -1, -8.49977e-12, -0.0871557, 8.857e-12, -0.996195, 0
8.54, 2025-07-03__00-41-17.289384, -0.0482217, -0.439949, 0.0230258, -1.70134, -0.0278114, 1.14326, 0.702847, 0.000399388, -0.00327401, 0.00110811, 0.000733011, -0.00907014, -0.000161597, -0.0011196, -0.211952, -0.58246, -0.859533, 0.206393, 0.452808, -0.0642365, -0.419464, 0, 0, 0, 8, 0, 0, 0, 0.326823, -0.0171687, 0.49478, 0.486385, -0.0157403, 0.742593, 0.996195, -3.71201e-12, -0.0871557, -4.46982e-12, -1, -8.49977e-12, -0.0871557, 8.857e-12, -0.996195, 0
8.55, 2025-07-03__00-41-17.299387, -0.0482214, -0.439943, 0.0230286, -1.70135, -0.0278114, 1.14326, 0.702851, 0.00110476, 0.000920034, 0.00180969, -0.000256625, -0.000319523, -0.000151697, 0.000382686, -0.241944, -0.801314, -0.905598, 0.314613, 0.39377, -0.061745, -0.428635, 0, 0, 0, 8, 0, 0, 0, 0.326824, -0.0171687, 0.494778, 0.486385, -0.0157403, 0.742593, 0.996195, -3.71201e-12, -0.0871557, -4.46982e-12, -1, -8.49977e-12, -0.0871557, 8.857e-12, -0.996195, 0
8.56, 2025-07-03__00-41-17.309389, -0.0482239, -0.439949, 0.0230258, -1.70135, -0.0278122, 1.14326, 0.70285, -0.00019734, 0.00016997, 0.000527619, -0.000632167, -5.14287e-05, 5.94081e-05, 1.04539e-05, -0.208801, -0.77417, -0.854716, 0.305544, 0.39738, -0.0627081, -0.426672, 0, 0, 0, 8, 0, 0, 0, 0.326825, -0.0171675, 0.494784, 0.486385, -0.0157403, 0.742593, 0.996195, -3.71201e-12, -0.0871557, -4.46982e-12, -1, -8.49977e-12, -0.0871557, 8.857e-12, -0.996195, 0
8.57, 2025-07-03__00-41-17.319385, -0.0482262, -0.439946, 0.0230205, -1.70135, -0.0278128, 1.14326, 0.702851, -0.00183977, -2.79027e-05, -0.000913986, -0.000174501, -0.000157768, -0.000101858, 0.00105549, -0.167937, -0.759764, -0.792501, 0.29293, 0.404404, -0.0620609, -0.433472, 0, 0, 0, 8, 0, 0, 0, 0.326823, -0.0171705, 0.494779, 0.486385, -0.0157403, 0.742593, 0.996195, -3.71201e-12, -0.0871557, -4.46982e-12, -1, -8.49977e-12, -0.0871557, 8.857e-12, -0.996195, 0
8.58, 2025-07-03__00-41-17.329385, -0.0482264, -0.439955, 0.0230222, -1.70134, -0.027812, 1.14326, 0.702844, -0.000347356, -0.000435539, -0.000189431, 0.000813903, 4.74547e-05, 0.000245484, -0.00463626, -0.197489, -0.710374, -0.834977, 0.259406, 0.398056, -0.066766, -0.398482, 0, 0, 0, 8, 0, 0, 0, 0.326823, -0.0171702, 0.494786, 0.486385, -0.0157403, 0.742593, 0.996195, -3.71201e-12, -0.0871557, -4.46982e-12, -1, -8.49977e-12, -0.0871557, 8.857e-12, -0.996195, 0
8.59, 2025-07-03__00-41-17.339386, -0.0482239, -0.439955, 0.0230223, -1.70135, -0.0278121, 1.14326, 0.702847, -0.000764649, 0.000538085, -0.000515334, -0.000239129, -6.58154e-06, 9.2013e-06, -0.00085215, -0.186234, -0.782656, -0.819133, 0.304077, 0.400757, -0.0630361, -0.421503, 0, 0, 0, 8, 0, 0, 0, 0.326822, -0.0171674, 0.494783, 0.486385, -0.0157403, 0.742593, 0.996195, -3.71201e-12, -0.0871557, -4.46982e-12, -1, -8.49977e-12, -0.0871557, 8.857e-12, -0.996195, 0
8.6, 2025-07-03__00-41-17.349385, -0.0482231, -0.439961, 0.0230256, -1.70135, -0.027812, 1.14325, 0.702851, 0.000592685, -0.00132027, 0.000959687, -0.00137848, -0.000104229, -7.44345e-05, -0.000685714, -0.225614, -0.716275, -0.879154, 0.28913, 0.394798, -0.0606544, -0.422423, 0, 0, 0, 8, 0, 0, 0, 0.326818, -0.0171677, 0.494782, 0.486385, -0.0157403, 0.742593, 0.996195, -3.71201e-12, -0.0871557, -4.46982e-12, -1, -8.49977e-12, -0.0871557, 8.857e-12, -0.996195, 0
8.61, 2025-07-03__00-41-17.359385, -0.048221, -0.439961, 0.023022, -1.70134, -0.0278127, 1.14325, 0.702844, 0.00146868, -0.00056728, -0.000572683, -0.00117746, -0.000298985, 3.84921e-05, -0.00107192, -0.21121, -0.744701, -0.852196, 0.29849, 0.398636, -0.0620863, -0.419862, 0, 0, 0, 8, 0, 0, 0, 0.326818, -0.017169, 0.494783, 0.486385, -0.0157403, 0.742593, 0.996195, -3.71201e-12, -0.0871557, -4.46982e-12, -1, -8.49977e-12, -0.0871557, 8.857e-12, -0.996195, 0
8.62, 2025-07-03__00-41-17.369382, -0.0482238, -0.439962, 0.0230183, -1.70135, -0.0278122, 1.14325, 0.70285, 0.000372344, 0.000837871, -0.00147104, -0.000699324, -6.34252e-06, -0.000185947, 0.00313343, -0.183569, -0.806061, -0.811152, 0.319877, 0.401237, -0.0607478, -0.445903, 0, 0, 0, 8, 0, 0, 0, 0.326818, -0.0171673, 0.494789, 0.486385, -0.0157403, 0.742593, 0.996195, -3.71201e-12, -0.0871557, -4.46982e-12, -1, -8.49977e-12, -0.0871557, 8.857e-12, -0.996195, 0
8.63, 2025-07-03__00-41-17.379384, -0.0482239, -0.439968, 0.0230255, -1.70135, -0.0278122, 1.14325, 0.702837, -0.00150926, -0.0015598, 0.00059648, 0.000121074, -0.000111522, 0.000383378, -0.000774994, -0.197172, -0.673426, -0.83835, 0.251176, 0.399067, -0.0662828, -0.421389, 0, 0, 0, 8, 0, 0, 0, 0.326817, -0.0171686, 0.494784, 0.486385, -0.0157403, 0.742593, 0.996195, -3.71201e-12, -0.0871557, -4.46982e-12, -1, -8.49977e-12, -0.0871557, 8.857e-12, -0.996195, 0
8.64, 2025-07-03__00-41-17.389384, -0.0482214, -0.439968, 0.023022, -1.70134, -0.0278104, 1.14325, 0.702842, 0.00170277, 0.000238495, -0.000215694, 0.000564017, 6.67201e-05, -0.00345039, 0.000592968, -0.21922, -0.743047, -0.86417, 0.282845, 0.394428, -0.0410022, -0.429703, 0, 0, 0, 8, 0, 0, 0, 0.326813, -0.0171669, 0.494791, 0.486385, -0.0157403, 0.742593, 0.996195, -3.71201e-12, -0.0871557, -4.46982e-12, -1, -8.49977e-12, -0.0871557, 8.857e-12, -0.996195, 0
8.65, 2025-07-03__00-41-17.399384, -0.0482231, -0.439973, 0.0230256, -1.70135, -0.0278122, 1.14325, 0.702841, 0.00015923, -0.000594642, 0.00143204, -0.000549096, -0.000164137, -0.000130344, 0.000564504, -0.22734, -0.728412, -0.883621, 0.285002, 0.394872, -0.0619884, -0.429508, 0, 0, 0, 8, 0, 0, 0, 0.326818, -0.017168, 0.494789, 0.486385, -0.0157403, 0.742593, 0.996195, -3.71201e-12, -0.0871557, -4.46982e-12, -1, -8.49977e-12, -0.0871557, 8.857e-12, -0.996195, 0
8.66, 2025-07-03__00-41-17.409385, -0.0482207, -0.439974, 0.0230203, -1.70135, -0.0278095, 1.14325, 0.70284, 0.000333263, 0.00142214, -0.00112447, 0.000383199, -0.000262125, 0.0053827, 8.75222e-05, -0.188348, -0.805689, -0.81881, 0.298751, 0.402217, -0.101159, -0.426845, 0, 0, 0, 8, 0, 0, 0, 0.326815, -0.0171672, 0.494789, 0.486385, -0.0157403, 0.742593, 0.996195, -3.71201e-12, -0.0871557, -4.46982e-12, -1, -8.49977e-12, -0.0871557, 8.857e-12, -0.996195, 0
8.67, 2025-07-03__00-41-17.419388, -0.0482239, -0.43998, 0.0230206, -1.70135, -0.0278094, 1.14324, 0.702837, -4.48541e-05, -9.82692e-05, -0.000748894, 0.000435011, -0.00019591, 0.000410145, -0.000146303, -0.191166, -0.733527, -0.82388, 0.273799, 0.400697, -0.066745, -0.425245, 0, 0, 0, 8, 0, 0, 0, 0.326811, -0.0171663, 0.494788, 0.486385, -0.0157403, 0.742593, 0.996195, -3.71201e-12, -0.0871557, -4.46982e-12, -1, -8.49977e-12, -0.0871557, 8.857e-12, -0.996195, 0
8.68, 2025-07-03__00-41-17.429386, -0.0482182, -0.439984, 0.0230254, -1.70134, -0.0278079, 1.14324, 0.702836, 0.00347532, 0.000443442, 0.00118675, 0.000709648, -0.000196332, -0.000320945, -0.00101272, -0.260456, -0.742557, -0.926293, 0.277337, 0.389558, -0.0629733, -0.419299, 0, 0, 0, 8, 0, 0, 0, 0.32681, -0.0171662, 0.49479, 0.486385, -0.0157403, 0.742593, 0.996195, -3.71201e-12, -0.0871557, -4.46982e-12, -1, -8.49977e-12, -0.0871557, 8.857e-12, -0.996195, 0
8.69, 2025-07-03__00-41-17.439386, -0.0482264, -0.43999, 0.0230173, -1.70134, -0.0278082, 1.14324, 0.70284, -0.000725629, -0.00255485, -0.00167359, 0.000149385, -3.04239e-05, -0.00020984, 0.000664534, -0.171911, -0.618209, -0.792663, 0.225839, 0.402027, -0.062891, -0.430571, 0, 0, 0, 8, 0, 0, 0, 0.32681, -0.0171651, 0.494792, 0.486385, -0.0157403, 0.742593, 0.996195, -3.71201e-12, -0.0871557, -4.46982e-12, -1, -8.49977e-12, -0.0871557, 8.857e-12, -0.996195, 0
8.7, 2025-07-03__00-41-17.449387, -0.0482215, -0.439997, 0.0230225, -1.70135, -0.0278074, 1.14324, 0.702836, 0.000587753, -0.00216588, 0.000233329, 0.000405774, -0.000264382, -0.0004656, -1.96935e-05, -0.215505, -0.628093, -0.860507, 0.229083, 0.396571, -0.0614966, -0.425723, 0, 0, 0, 8, 0, 0, 0, 0.326809, -0.0171659, 0.494793, 0.486385, -0.0157403, 0.742593, 0.996195, -3.71201e-12, -0.0871557, -4.46982e-12, -1, -8.49977e-12, -0.0871557, 8.857e-12, -0.996195, 0
8.71, 2025-07-03__00-41-17.459386, -0.0482213, -0.440002, 0.0230226, -1.70134, -0.0278111, 1.14324, 0.702833, 0.00143001, -0.00149234, 0.000590694, 0.00138381, 5.94007e-05, -0.000104563, -0.000996753, -0.231027, -0.632989, -0.882955, 0.219454, 0.392058, -0.0661206, -0.419732, 0, 0, 0, 8, 0, 0, 0, 0.326808, -0.0171664, 0.494796, 0.486385, -0.0157403, 0.742593, 0.996195, -3.71201e-12, -0.0871557, -4.46982e-12, -1, -8.49977e-12, -0.0871557, 8.857e-12, -0.996195, 0
8.72, 2025-07-03__00-41-17.469399, -0.0482239, -0.440002, 0.0230198, -1.70134, -0.0278121, 1.14324, 0.702841, 0.000165142, -0.000249126, -0.00358108, 0.0046704, -0.000324253, -0.000111529, -0.000921943, -0.152067, -0.628526, -0.755602, 0.176664, 0.406629, -0.0707539, -0.421165, 0, 0, 0, 8, 0, 0, 0, 0.32681, -0.0171667, 0.494798, 0.486385, -0.0157403, 0.742593, 0.996195, -3.71201e-12, -0.0871557, -4.46982e-12, -1, -8.49977e-12, -0.0871557, 8.857e-12, -0.996195, 0
8.73, 2025-07-03__00-41-17.479385, -0.048226, -0.440006, 0.0230219, -1.70135, -0.0278074, 1.14323, 0.702837, -0.00159251, -0.00121731, -2.81167e-05, 0.000139098, -0.00011863, 0.000315867, -5.3e-05, -0.185902, -0.680124, -0.820158, 0.2536, 0.400726, -0.0660727, -0.425843, 0, 0, 0, 8, 0, 0, 0, 0.326803, -0.0171642, 0.494797, 0.486385, -0.0157403, 0.742593, 0.996195, -3.71201e-12, -0.0871557, -4.46982e-12, -1, -8.49977e-12, -0.0871557, 8.857e-12, -0.996195, 0
8.74, 2025-07-03__00-41-17.489387, -0.0482255, -0.440003, 0.0230226, -1.70135, -0.0278086, 1.14323, 0.702839, -0.00234991, 0.00111428, 0.000582396, -0.00020149, -2.05723e-06, -0.000163506, 0.00109511, -0.184282, -0.798177, -0.822095, 0.311017, 0.400974, -0.0620288, -0.43287, 0, 0, 0, 8, 0, 0, 0, 0.326803, -0.0171677, 0.494797, 0.486385, -0.0157403, 0.742593, 0.996195, -3.71201e-12, -0.0871557, -4.46982e-12, -1, -8.49977e-12, -0.0871557, 8.857e-12, -0.996195, 0
8.75, 2025-07-03__00-41-17.499383, -0.0482251, -0.440009, 0.0230226, -1.70134, -0.0278103, 1.14323, 0.702829, 0.00367785, 0.000288761, 0.000345442, 0.00211929, 8.64366e-05, 0.000427491, -0.00142472, -0.250904, -0.6992, -0.908814, 0.239917, 0.388853, -0.0706106, -0.41688, 0, 0, 0, 8, 0, 0, 0, 0.326802, -0.0171648, 0.494799, 0.486385, -0.0157403, 0.742593, 0.996195, -3.71201e-12, -0.0871557, -4.46982e-12, -1, -8.49977e-12, -0.0871557, 8.857e-12, -0.996195, 0
8.76, 2025-07-03__00-41-17.509387, -0.048221, -0.44001, 0.0230205, -1.70134, -0.0278077, 1.14323, 0.702832, 0.000285795, 0.000114073, 0.000472316, 0.000907266, -0.000132553, -0.000189885, -0.000612806, -0.213771, -0.719102, -0.859893, 0.263231, 0.396499, -0.0644042, -0.421996, 0, 0, 0, 8, 0, 0, 0, 0.326803, -0.0171669, 0.494798, 0.486385, -0.0157403, 0.742593, 0.996195, -3.71201e-12, -0.0871557, -4.46982e-12, -1, -8.49977e-12, -0.0871557, 8.857e-12, -0.996195, 0
8.77, 2025-07-03__00-41-17.519388, -0.0482189, -0.440015, 0.0230195, -1.70135, -0.0278068, 1.14323, 0.702837, 0.00072019, -0.0016449, -0.000227396, 0.0001232, 0.000244067, -0.0022469, -0.00107014, -0.210252, -0.654567, -0.851349, 0.246557, 0.394359, -0.0487934, -0.419416, 0, 0, 0, 8, 0, 0, 0, 0.326805, -0.0171669, 0.494801, 0.486385, -0.0157403, 0.742593, 0.996195, -3.71201e-12, -0.0871557, -4.46982e-12, -1, -8.49977e-12, -0.0871557, 8.857e-12, -0.996195, 0
8.78, 2025-07-03__00-41-17.529384, -0.0482204, -0.440011, 0.0230201, -1.70135, -0.0278099, 1.14322, 0.702832, 0.000610765, 0.000466212, 0.000185027, -0.000671014, 5.80918e-05, -6.30338e-05, 0.00149419, -0.212509, -0.774378, -0.857714, 0.306181, 0.396123, -0.0618973, -0.434779, 0, 0, 0, 8, 0, 0, 0, 0.326802, -0.0171636, 0.494799, 0.486385, -0.0157403, 0.742593, 0.996195, -3.71201e-12, -0.0871557, -4.46982e-12, -1, -8.49977e-12, -0.0871557, 8.857e-12, -0.996195, 0
8.79, 2025-07-03__00-41-17.539384, -0.0482208, -0.440013, 0.0230163, -1.70135, -0.0278062, 1.14323, 0.702829, -0.000574237, 0.000628004, -0.000675359, -0.00170043, 0.000291156, -0.00214988, 3.45962e-05, -0.18566, -0.802286, -0.817673, 0.332914, 0.399202, -0.046352, -0.425853, 0, 0, 0, 8, 0, 0, 0, 0.326803, -0.0171666, 0.494804, 0.486385, -0.0157403, 0.742593, 0.996195, -3.71201e-12, -0.0871557, -4.46982e-12, -1, -8.49977e-12, -0.0871557, 8.857e-12, -0.996195, 0
8.8, 2025-07-03__00-41-17.549384, -0.048226, -0.440017, 0.0230141, -1.70135, -0.0278107, 1.14323, 0.70283, -0.00144013, -0.00111395, -0.000771129, -1.13029e-05, -0.000183495, 1.92496e-06, 0.000914359, -0.175742, -0.684436, -0.802788, 0.257279, 0.402913, -0.064031, -0.431716, 0, 0, 0, 8, 0, 0, 0, 0.326801, -0.0171681, 0.494801, 0.486385, -0.0157403, 0.742593, 0.996195, -3.71201e-12, -0.0871557, -4.46982e-12, -1, -8.49977e-12, -0.0871557, 8.857e-12, -0.996195, 0
8.81, 2025-07-03__00-41-17.559384, -0.0482228, -0.440016, 0.0230225, -1.70134, -0.0278092, 1.14322, 0.702826, -6.34235e-05, 0.000397953, 0.000491737, 0.00102805, 0.000255422, 0.000159106, 0.0019914, -0.21062, -0.73029, -0.85596, 0.266194, 0.394626, -0.0666907, -0.437528, 0, 0, 0, 8, 0, 0, 0, 0.326801, -0.0171636, 0.494801, 0.486385, -0.0157403, 0.742593, 0.996195, -3.71201e-12, -0.0871557, -4.46982e-12, -1, -8.49977e-12, -0.0871557, 8.857e-12, -0.996195, 0
8.82, 2025-07-03__00-41-17.569384, -0.0482214, -0.440017, 0.0230166, -1.70135, -0.0278074, 1.14322, 0.702831, 0.00108055, -0.000206227, -0.00057729, 0.000372253, -0.000196411, 9.1855e-05, 0.00102273, -0.206407, -0.718959, -0.84491, 0.268766, 0.398093, -0.0647969, -0.431969, 0, 0, 0, 8, 0, 0, 0, 0.326796, -0.0171656, 0.494803, 0.486385, -0.0157403, 0.742593, 0.996195, -3.71201e-12, -0.0871557, -4.46982e-12, -1, -8.49977e-12, -0.0871557, 8.857e-12, -0.996195, 0
8.83, 2025-07-03__00-41-17.579384, -0.048219, -0.440022, 0.0230194, -1.70135, -0.0278075, 1.14322, 0.702824, 0.000586679, 0.000375479, 0.000750845, 0.000364306, -4.24775e-05, -7.46322e-05, -0.000109463, -0.221119, -0.743636, -0.871336, 0.280672, 0.395019, -0.0638216, -0.424558, 0, 0, 0, 8, 0, 0, 0, 0.326797, -0.0171674, 0.494802, 0.486385, -0.0157403, 0.742593, 0.996195, -3.71201e-12, -0.0871557, -4.46982e-12, -1, -8.49977e-12, -0.0871557, 8.857e-12, -0.996195, 0
8.84, 2025-07-03__00-41-17.589385, -0.0482232, -0.440025, 0.0230166, -1.70135, -0.0278074, 1.14322, 0.702824, -0.000472453, 0.000793926, -0.000696703, -0.00227338, -0.000182786, 1.30914e-05, 0.000860452, -0.185393, -0.820217, -0.817619, 0.344395, 0.402569, -0.0602795, -0.430712, 0, 0, 0, 8, 0, 0, 0, 0.326798, -0.0171651, 0.494807, 0.486385, -0.0157403, 0.742593, 0.996195, -3.71201e-12, -0.0871557, -4.46982e-12, -1, -8.49977e-12, -0.0871557, 8.857e-12, -0.996195, 0
8.85, 2025-07-03__00-41-17.599383, -0.048221, -0.440026, 0.0230166, -1.70135, -0.0278071, 1.14322, 0.702823, 0.000828505, -0.00195282, -0.000816686, -0.00031461, 0.000355714, 8.29592e-05, -0.000104233, -0.202824, -0.647891, -0.838447, 0.24484, 0.395015, -0.0640235, -0.424769, 0, 0, 0, 8, 0, 0, 0, 0.326796, -0.0171672, 0.494803, 0.486385, -0.0157403, 0.742593, 0.996195, -3.71201e-12, -0.0871557, -4.46982e-12, -1, -8.49977e-12, -0.0871557, 8.857e-12, -0.996195, 0
8.86, 2025-07-03__00-41-17.609385, -0.0482182, -0.440029, 0.0230166, -1.70135, -0.0278096, 1.14322, 0.702823, 0.000961362, 0.000735993, -0.000534161, 0.000110685, 0.00037969, -0.000140609, 0.00011691, -0.206213, -0.764007, -0.845195, 0.292056, 0.395023, -0.063121, -0.426079, 0, 0, 0, 8, 0, 0, 0, 0.326797, -0.0171654, 0.494809, 0.486385, -0.0157403, 0.742593, 0.996195, -3.71201e-12, -0.0871557, -4.46982e-12, -1, -8.49977e-12, -0.0871557, 8.857e-12, -0.996195, 0
8.87, 2025-07-03__00-41-17.619384, -0.0482207, -0.440032, 0.0230141, -1.70135, -0.0278067, 1.14322, 0.702825, 3.93657e-05, -0.000144611, -0.00135015, -0.000748535, -0.00151372, -0.000561156, 0.0014304, -0.180091, -0.74209, -0.80609, 0.292595, 0.411097, -0.0590203, -0.434244, 0, 0, 0, 8, 0, 0, 0, 0.326795, -0.0171661, 0.494805, 0.486385, -0.0157403, 0.742593, 0.996195, -3.71201e-12, -0.0871557, -4.46982e-12, -1, -8.49977e-12, -0.0871557, 8.857e-12, -0.996195, 0
8.88, 2025-07-03__00-41-17.629385, -0.0482207, -0.440032, 0.0230166, -1.70135, -0.0278074, 1.14322, 0.702824, 0.000254279, 0.000594507, 0.000879274, -0.000996589, -0.000198006, -0.00198387, 0.00690288, -0.217712, -0.779171, -0.868116, 0.315135, 0.39673, -0.0490362, -0.467115, 0, 0, 0, 8, 0, 0, 0, 0.326795, -0.0171679, 0.494806, 0.486385, -0.0157403, 0.742593, 0.996195, -3.71201e-12, -0.0871557, -4.46982e-12, -1, -8.49977e-12, -0.0871557, 8.857e-12, -0.996195, 0
8.89, 2025-07-03__00-41-17.639386, -0.0482207, -0.440038, 0.0230166, -1.70134, -0.0278068, 1.14322, 0.70282, 0.00301793, -0.000861756, -0.000280428, 0.000970333, 0.000129974, -2.84207e-05, -0.000462518, -0.234671, -0.661347, -0.883559, 0.236539, 0.391161, -0.0661893, -0.422304, 0, 0, 0, 8, 0, 0, 0, 0.326795, -0.0171671, 0.494806, 0.486385, -0.0157403, 0.742593, 0.996195, -3.71201e-12, -0.0871557, -4.46982e-12, -1, -8.49977e-12, -0.0871557, 8.857e-12, -0.996195, 0
8.9, 2025-07-03__00-41-17.649384, -0.0482207, -0.440033, 0.0230166, -1.70135, -0.0278074, 1.14322, 0.702815, 0.000173918, 0.00191871, -0.00113065, 0.000367827, -8.75828e-05, -0.000151885, -0.001682, -0.186212, -0.814481, -0.815639, 0.311115, 0.401483, -0.0634061, -0.414826, 0, 0, 0, 8, 0, 0, 0, 0.326791, -0.0171643, 0.494807, 0.486385, -0.0157403, 0.742593, 0.996195, -3.71201e-12, -0.0871557, -4.46982e-12, -1, -8.49977e-12, -0.0871557, 8.857e-12, -0.996195, 0
8.91, 2025-07-03__00-41-17.659378, -0.0482232, -0.440037, 0.0230194, -1.70135, -0.0278067, 1.14322, 0.702821, -0.000211367, 0.00103035, 0.000667202, 2.89533e-05, 1.73131e-05, -1.75616e-05, 0.000401661, -0.210067, -0.776645, -0.856565, 0.29885, 0.396628, -0.064153, -0.427636, 0, 0, 0, 8, 0, 0, 0, 0.326793, -0.0171666, 0.494809, 0.486385, -0.0157403, 0.742593, 0.996195, -3.71201e-12, -0.0871557, -4.46982e-12, -1, -8.49977e-12, -0.0871557, 8.857e-12, -0.996195, 0
8.92, 2025-07-03__00-41-17.669388, -0.0482214, -0.440039, 0.023012, -1.70134, -0.0278066, 1.14322, 0.702823, 0.000365533, 0.000578914, -0.000825411, -3.87913e-05, 8.45478e-05, 0.000197525, 0.00967457, -0.193577, -0.75327, -0.826804, 0.287899, 0.398497, -0.0661869, -0.484185, 0, 0, 0, 8, 0, 0, 0, 0.326796, -0.0171675, 0.494811, 0.486385, -0.0157403, 0.742593, 0.996195, -3.71201e-12, -0.0871557, -4.46982e-12, -1, -8.49977e-12, -0.0871557, 8.857e-12, -0.996195, 0
8.93, 2025-07-03__00-41-17.679390, -0.0482215, -0.440044, 0.0230194, -1.70134, -0.0278074, 1.14321, 0.702822, -0.00538044, 2.91078e-06, 0.000758484, 0.000914999, -0.000173392, -0.000147006, 0.00164092, -0.154154, -0.711505, -0.781264, 0.258634, 0.406383, -0.0646763, -0.435523, 0, 0, 0, 8, 0, 0, 0, 0.32679, -0.0171671, 0.494808, 0.486385, -0.0157403, 0.742593, 0.996195, -3.71201e-12, -0.0871557, -4.46982e-12, -1, -8.49977e-12, -0.0871557, 8.857e-12, -0.996195, 0
8.94, 2025-07-03__00-41-17.689388, -0.048226, -0.440047, 0.0230119, -1.70134, -0.027812, 1.14321, 0.702817, -0.00184033, 8.20672e-05, -0.00154591, 0.00123778, -2.97023e-05, -0.000190335, 0.000764035, -0.159049, -0.706052, -0.776323, 0.251946, 0.404694, -0.0649372, -0.430369, 0, 0, 0, 8, 0, 0, 0, 0.326789, -0.0171666, 0.49481, 0.486385, -0.0157403, 0.742593, 0.996195, -3.71201e-12, -0.0871557, -4.46982e-12, -1, -8.49977e-12, -0.0871557, 8.857e-12, -0.996195, 0
8.95, 2025-07-03__00-41-17.699388, -0.0482231, -0.440048, 0.0230166, -1.70135, -0.0278074, 1.14321, 0.702816, 0.000286065, 0.000461142, -0.000207594, -0.000365231, -0.000105048, -0.000575439, -0.00373132, -0.202812, -0.756936, -0.842313, 0.295261, 0.398678, -0.059454, -0.402455, 0, 0, 0, 8, 0, 0, 0, 0.326791, -0.0171668, 0.494813, 0.486385, -0.0157403, 0.742593, 0.996195, -3.71201e-12, -0.0871557, -4.46982e-12, -1, -8.49977e-12, -0.0871557, 8.857e-12, -0.996195, 0
8.96, 2025-07-03__00-41-17.709386, -0.04822, -0.440049, 0.0230113, -1.70135, -0.0278072, 1.14321, 0.702817, 0.00503437, 0.000971014, -0.00124297, 0.000102658, 0.00382463, -0.000323018, 0.00113202, -0.246979, -0.765063, -0.896356, 0.292711, 0.3664, -0.0620672, -0.431905, 0, 0, 0, 8, 0, 0, 0, 0.326788, -0.017166, 0.494811, 0.486385, -0.0157403, 0.742593, 0.996195, -3.71201e-12, -0.0871557, -4.46982e-12, -1, -8.49977e-12, -0.0871557, 8.857e-12, -0.996195, 0
8.97, 2025-07-03__00-41-17.719383, -0.0482207, -0.440051, 0.0230163, -1.70135, -0.0278066, 1.14321, 0.702812, 0.000662185, 0.000255435, 0.000353048, -0.00456658, 0.00969514, -2.72575e-05, -0.000814007, -0.232623, -0.828792, -0.886947, 0.374157, 0.332856, -0.0566993, -0.419885, 0, 0, 0, 8, 0, 0, 0, 0.326789, -0.0171662, 0.494811, 0.486385, -0.0157403, 0.742593, 0.996195, -3.71201e-12, -0.0871557, -4.46982e-12, -1, -8.49977e-12, -0.0871557, 8.857e-12, -0.996195, 0
8.98, 2025-07-03__00-41-17.729385, -0.0482207, -0.440057, 0.0230198, -1.70134, -0.0278066, 1.14321, 0.702812, 0.000275221, -0.000466639, 0.00144208, 0.000588889, 0.000554884, 0.000328708, -0.000681033, -0.230489, -0.684204, -0.88681, 0.250904, 0.38944, -0.0681646, -0.420543, 0, 0, 0, 8, 0, 0, 0, 0.326788, -0.0171658, 0.494812, 0.486385, -0.0157403, 0.742593, 0.996195, -3.71201e-12, -0.0871557, -4.46982e-12, -1, -8.49977e-12, -0.0871557, 8.857e-12, -0.996195, 0
8.99, 2025-07-03__00-41-17.739386, -0.0482207, -0.440055, 0.0230156, -1.70134, -0.0278066, 1.14321, 0.70281, -0.000241003, 0.000672673, -0.000434877, 0.00115102, 0.000167579, 0.000123667, -0.00117784, -0.194153, -0.729581, -0.828832, 0.263804, 0.397948, -0.0673195, -0.417685, 0, 0, 0, 8, 0, 0, 0, 0.326788, -0.0171663, 0.494813, 0.486385, -0.0157403, 0.742593, 0.996195, -3.71201e-12, -0.0871557, -4.46982e-12, -1, -8.49977e-12, -0.0871557, 8.857e-12, -0.996195, 0
9, 2025-07-03__00-41-17.749384, -0.0482216, -0.440061, 0.0230135, -1.70135, -0.0278106, 1.14321, 0.702816, 0.00173987, 0.000198838, 0.000353836, -0.00044532, 0.000107278, 0.00270739, 0.00482776, -0.228129, -0.738751, -0.879102, 0.283451, 0.393143, -0.0827148, -0.45445, 0, 0, 0, 8, 0, 0, 0, 0.326788, -0.0171708, 0.494819, 0.486385, -0.0157403, 0.742593, 0.996195, -3.71201e-12, -0.0871557, -4.46982e-12, -1, -8.49977e-12, -0.0871557, 8.857e-12, -0.996195, 0
9.01, 2025-07-03__00-41-17.759384, -0.0482235, -0.440064, 0.0230162, -1.70135, -0.0278074, 1.14321, 0.702811, -0.00583127, -0.00105811, 0.000552849, -0.000333898, -0.000210156, -4.47622e-05, 0.00134914, -0.146529, -0.684143, -0.770041, 0.26067, 0.407989, -0.0637123, -0.433371, 0, 0, 0, 8, 0, 0, 0, 0.326787, -0.0171664, 0.494813, 0.486385, -0.0157403, 0.742593, 0.996195, -3.71201e-12, -0.0871557, -4.46982e-12, -1, -8.49977e-12, -0.0871557, 8.857e-12, -0.996195, 0
9.02, 2025-07-03__00-41-17.769381, -0.0482252, -0.440067, 0.0230134, -1.70135, -0.0278066, 1.14321, 0.702809, 0.00159646, 0.000107999, -0.000485517, 0.000106232, -3.12698e-05, 0.000506545, 0.000621239, -0.213643, -0.721891, -0.855074, 0.272403, 0.39608, -0.0684607, -0.42859, 0, 0, 0, 8, 0, 0, 0, 0.326786, -0.0171663, 0.494816, 0.486385, -0.0157403, 0.742593, 0.996195, -3.71201e-12, -0.0871557, -4.46982e-12, -1, -8.49977e-12, -0.0871557, 8.857e-12, -0.996195, 0
9.03, 2025-07-03__00-41-17.779396, -0.0482203, -0.44007, 0.0230134, -1.70135, -0.027806, 1.1432, 0.702814, 0.00195307, 0.000752224, -0.000288075, -0.00152542, 0.000388045, -0.000170386, 0.0017659, -0.220339, -0.786793, -0.865907, 0.321551, 0.39297, -0.0608465, -0.435572, 0, 0, 0, 8, 0, 0, 0, 0.326784, -0.0171677, 0.49482, 0.486385, -0.0157403, 0.742593, 0.996195, -3.71201e-12, -0.0871557, -4.46982e-12, -1, -8.49977e-12, -0.0871557, 8.857e-12, -0.996195, 0
9.04, 2025-07-03__00-41-17.789388, -0.0482154, -0.440079, 0.0230134, -1.70135, -0.0278074, 1.1432, 0.702805, 0.0017589, -0.000907422, -0.000837314, 3.26142e-05, 1.1298e-05, -0.000127252, -0.00150435, -0.211959, -0.67364, -0.850396, 0.252643, 0.396095, -0.0638711, -0.415334, 0, 0, 0, 8, 0, 0, 0, 0.326781, -0.017164, 0.494818, 0.486385, -0.0157403, 0.742593, 0.996195, -3.71201e-12, -0.0871557, -4.46982e-12, -1, -8.49977e-12, -0.0871557, 8.857e-12, -0.996195, 0
9.05, 2025-07-03__00-41-17.799385, -0.0482182, -0.440079, 0.0230134, -1.70134, -0.0278074, 1.1432, 0.702811, 0.00556405, -0.000124224, 1.29294e-05, 0.00061148, 6.56699e-05, 0.000112568, 0.000732031, -0.266998, -0.69006, -0.92861, 0.253883, 0.386651, -0.0671007, -0.428999, 0, 0, 0, 8, 0, 0, 0, 0.326782, -0.0171671, 0.494823, 0.486385, -0.0157403, 0.742593, 0.996195, -3.71201e-12, -0.0871557, -4.46982e-12, -1, -8.49977e-12, -0.0871557, 8.857e-12, -0.996195, 0
9.06, 2025-07-03__00-41-17.809385, -0.0482232, -0.440079, 0.0230134, -1.70134, -0.0278066, 1.1432, 0.702809, -0.000779043, 4.58333e-05, -0.000558653, 0.0012298, 4.53405e-05, 0.000265154, 0.000219492, -0.186447, -0.692241, -0.817662, 0.2458, 0.399674, -0.0687698, -0.426304, 0, 0, 0, 8, 0, 0, 0, 0.326782, -0.0171658, 0.494823, 0.486385, -0.0157403, 0.742593, 0.996195, -3.71201e-12, -0.0871557, -4.46982e-12, -1, -8.49977e-12, -0.0871557, 8.857e-12, -0.996195, 0
9.07, 2025-07-03__00-41-17.819396, -0.0482207, -0.440083, 0.0230109, -1.70135, -0.027808, 1.1432, 0.702805, 7.59479e-05, 0.00100865, -0.00141863, -9.62093e-05, -0.000548214, -0.000183176, -0.00142024, -0.180688, -0.767751, -0.806456, 0.295515, 0.405194, -0.0632097, -0.416163, 0, 0, 0, 8, 0, 0, 0, 0.326779, -0.0171662, 0.494822, 0.486385, -0.0157403, 0.742593, 0.996195, -3.71201e-12, -0.0871557, -4.46982e-12, -1, -8.49977e-12, -0.0871557, 8.857e-12, -0.996195, 0
9.08, 2025-07-03__00-41-17.829385, -0.0482183, -0.440089, 0.0230133, -1.70135, -0.0278074, 1.1432, 0.702808, 0.000573642, -0.000307082, -0.000432774, 0.000790946, -0.000327403, 0.000167165, 0.000696015, -0.203456, -0.682684, -0.841033, 0.247289, 0.399423, -0.0674311, -0.428964, 0, 0, 0, 8, 0, 0, 0, 0.32678, -0.0171648, 0.494822, 0.486385, -0.0157403, 0.742593, 0.996195, -3.71201e-12, -0.0871557, -4.46982e-12, -1, -8.49977e-12, -0.0871557, 8.857e-12, -0.996195, 0
9.09, 2025-07-03__00-41-17.839386, -0.0482232, -0.440087, 0.0230183, -1.70135, -0.0278079, 1.14322, 0.702817, 0.00278123, 0.00124946, 0.00211025, -0.00103859, 0.00281349, 0.009021, -0.00206616, 0.524572, 6.63289, 0.711412, -19.2118, -0.467832, 11.6798, 0.261391, 0, 0, 0, 8, 0, 0, 0, 0.326779, -0.0171671, 0.494822, 0.486385, -0.0157403, 0.142593, 0.996195, -3.71201e-12, -0.0871557, -4.46982e-12, -1, -8.49977e-12, -0.0871557, 8.857e-12, -0.996195, 0
9.1, 2025-07-03__00-41-17.849385, -0.0481847, -0.439862, 0.0230517, -1.70182, -0.0278334, 1.14514, 0.702979, 0.00915791, 0.0333848, 0.00190879, -0.0800662, 0.00263359, 0.33292, 0.0202676, 0.483556, 3.82523, 0.609697, -16.8847, -0.427867, 9.50939, 0.113419, 0, 0, 0, 8, 0, 0, 0, 0.327283, -0.0171705, 0.494696, 0.486385, -0.0157403, 0.142593, 0.996195, -3.71201e-12, -0.0871557, -4.46982e-12, -1, -8.49977e-12, -0.0871557, 8.857e-12, -0.996195, 0
9.11, 2025-07-03__00-41-17.859385, -0.0481041, -0.439661, 0.0231181, -1.70395, -0.0278719, 1.1535, 0.703289, 0.0110663, -0.0176368, 0.00615695, -0.261475, -0.00735748, 0.989438, 0.0310845, 0.323554, 4.12018, 0.325007, -14.2561, -0.320755, 4.95711, 0.0181351, 0, 0, 0, 8, 0, 0, 0, 0.329745, -0.0172213, 0.494215, 0.486385, -0.0157403, 0.142593, 0.996195, -3.71201e-12, -0.0871557, -4.46982e-12, -1, -8.49977e-12, -0.0871557, 8.857e-12, -0.996195, 0
9.12, 2025-07-03__00-41-17.869388, -0.0479658, -0.441036, 0.0231416, -1.70853, -0.0278779, 1.1681, 0.703551, 0.0130463, -0.154601, 0.000777755, -0.497238, -0.00240184, 1.54615, 0.0265212, 0.163981, 8.78698, 0.117742, -12.0899, -0.313303, 0.888739, 0.0136582, 0, 0, 0, 8, 0, 0, 0, 0.333851, -0.0173101, 0.493634, 0.486385, -0.0157403, 0.142593, 0.996195, -3.71201e-12, -0.0871557, -4.46982e-12, -1, -8.49977e-12, -0.0871557, 8.857e-12, -0.996195, 0
9.13, 2025-07-03__00-41-17.879387, -0.047819, -0.442776, 0.0231308, -1.71451, -0.0278868, 1.18523, 0.703676, 0.0123298, -0.157887, -0.003945, -0.620104, 0.00057651, 1.72727, 0.00497501, 0.143343, 9.90389, 0.103324, -9.80509, -0.278696, -0.844666, 0.124301, 0, 0, 0, 8, 0, 0, 0, 0.33865, -0.0174262, 0.492837, 0.486385, -0.0157403, 0.142593, 0.996195, -3.71201e-12, -0.0871557, -4.46982e-12, -1, -8.49977e-12, -0.0871557, 8.857e-12, -0.996195, 0
9.14, 2025-07-03__00-41-17.889382, -0.0477385, -0.444059, 0.0231288, -1.72131, -0.0279109, 1.20224, 0.703721, 0.0104568, -0.12438, 0.00166273, -0.695272, -0.00723759, 1.67669, 0.00556589, 0.0461392, 9.89876, -0.060279, -7.58363, -0.199572, -0.990048, 0.111442, 0, 0, 0, 8, 0, 0, 0, 0.343374, -0.0175696, 0.491598, 0.486385, -0.0157403, 0.142593, 0.996195, -3.71201e-12, -0.0871557, -4.46982e-12, -1, -8.49977e-12, -0.0871557, 8.857e-12, -0.996195, 0
9.15, 2025-07-03__00-41-17.899385, -0.0476784, -0.445294, 0.0231717, -1.72863, -0.0279601, 1.21801, 0.70374, 0.00713369, -0.124836, 0.00687469, -0.745406, 0.000467192, 1.55353, 0.00246087, -0.0856524, 11.5211, -0.251084, -6.50939, -0.240717, -0.594646, 0.126073, 0, 0, 0, 8, 0, 0, 0, 0.347587, -0.0176951, 0.490054, 0.486385, -0.0157403, 0.142593, 0.996195, -3.71201e-12, -0.0871557, -4.46982e-12, -1, -8.49977e-12, -0.0871557, 8.857e-12, -0.996195, 0
9.16, 2025-07-03__00-41-17.909387, -0.0476058, -0.446407, 0.0232281, -1.73614, -0.0279725, 1.23253, 0.703737, 0.0107164, -0.097773, 0.00308898, -0.746859, -0.00225054, 1.42911, -0.00195944, -0.110219, 12.4489, -0.245435, -6.13672, -0.208174, -0.18669, 0.153252, 0, 0, 0, 8, 0, 0, 0, 0.351326, -0.0177806, 0.488335, 0.486385, -0.0157403, 0.142593, 0.996195, -3.71201e-12, -0.0871557, -4.46982e-12, -1, -8.49977e-12, -0.0871557, 8.857e-12, -0.996195, 0
9.17, 2025-07-03__00-41-17.919386, -0.0475404, -0.446934, 0.0233437, -1.74346, -0.0279758, 1.24626, 0.703768, 0.0060448, -0.034734, 0.0125389, -0.720551, 0.000814447, 1.361, 0.00792805, -0.219173, 11.984, -0.422918, -5.83236, -0.222986, -0.142446, 0.0951583, 0, 0, 0, 8, 0, 0, 0, 0.35485, -0.0178528, 0.486442, 0.486385, -0.0157403, 0.142593, 0.996195, -3.71201e-12, -0.0871557, -4.46982e-12, -1, -8.49977e-12, -0.0871557, 8.857e-12, -0.996195, 0
9.18, 2025-07-03__00-41-17.929385, -0.0474813, -0.446937, 0.0234963, -1.75056, -0.0279762, 1.25941, 0.703779, 0.00484394, 0.013046, 0.0154056, -0.716578, -2.48982e-05, 1.30263, 4.50349e-05, -0.265828, 11.5258, -0.489889, -5.14454, -0.199072, -0.0826991, 0.148569, 0, 0, 0, 8, 0, 0, 0, 0.358291, -0.0178856, 0.48442, 0.486385, -0.0157403, 0.142593, 0.996195, -3.71201e-12, -0.0871557, -4.46982e-12, -1, -8.49977e-12, -0.0871557, 8.857e-12, -0.996195, 0
9.19, 2025-07-03__00-41-17.939389, -0.0474468, -0.446546, 0.0236536, -1.75778, -0.027981, 1.27164, 0.703786, 0.00110473, 0.0468474, 0.0130743, -0.721316, -0.000869202, 1.21778, 0.0015365, -0.199255, 11.1609, -0.383525, -4.35326, -0.161725, 0.250312, 0.147395, 0, 0, 0, 8, 0, 0, 0, 0.361445, -0.0179263, 0.48215, 0.486385, -0.0157403, 0.142593, 0.996195, -3.71201e-12, -0.0871557, -4.46982e-12, -1, -8.49977e-12, -0.0871557, 8.857e-12, -0.996195, 0
9.2, 2025-07-03__00-41-17.949383, -0.0473905, -0.445848, 0.0237823, -1.76482, -0.027987, 1.28325, 0.703802, 0.00352072, 0.0838018, 0.00942373, -0.698703, 0.000185096, 1.14829, -0.000837229, -0.185312, 11.0375, -0.33081, -4.29234, -0.152639, 0.471113, 0.169421, 0, 0, 0, 8, 0, 0, 0, 0.364393, -0.0179672, 0.479769, 0.486385, -0.0157403, 0.142593, 0.996195, -3.71201e-12, -0.0871557, -4.46982e-12, -1, -8.49977e-12, -0.0871557, 8.857e-12, -0.996195, 0
9.21, 2025-07-03__00-41-17.959384, -0.0473901, -0.444537, 0.0238668, -1.77144, -0.0279785, 1.29461, 0.703831, -0.00240235, 0.151919, 0.0074448, -0.659358, -0.000869866, 1.12833, 0.00122544, -0.0558214, 9.71217, -0.140171, -4.14954, -0.11305, 0.358619, 0.160833, 0, 0, 0, 8, 0, 0, 0, 0.367384, -0.0180273, 0.477338, 0.486385, -0.0157403, 0.142593, 0.996195, -3.71201e-12, -0.0871557, -4.46982e-12, -1, -8.49977e-12, -0.0871557, 8.857e-12, -0.996195, 0
9.22, 2025-07-03__00-41-17.969384, -0.0473898, -0.442602, 0.0239651, -1.77802, -0.0279969, 1.30581, 0.703871, -0.00106978, 0.200582, 0.0126526, -0.655515, 2.98112e-05, 1.10095, 0.000783511, -0.140966, 8.38126, -0.275979, -3.30144, -0.109448, 0.396547, 0.169997, 0, 0, 0, 8, 0, 0, 0, 0.370415, -0.0181044, 0.474677, 0.486385, -0.0157403, 0.142593, 0.996195, -3.71201e-12, -0.0871557, -4.46982e-12, -1, -8.49977e-12, -0.0871557, 8.857e-12, -0.996195, 0
9.23, 2025-07-03__00-41-17.979384, -0.0473761, -0.440362, 0.0240467, -1.78452, -0.0279853, 1.31635, 0.703929, -4.36854e-05, 0.22482, 0.00294063, -0.647862, 0.00014439, 1.04598, 0.00591237, 0.00593285, 8.0121, -0.0274089, -2.98194, -0.0802504, 0.658487, 0.145609, 0, 0, 0, 8, 0, 0, 0, 0.373252, -0.0181607, 0.471864, 0.486385, -0.0157403, 0.142593, 0.996195, -3.71201e-12, -0.0871557, -4.46982e-12, -1, -8.49977e-12, -0.0871557, 8.857e-12, -0.996195, 0
9.24, 2025-07-03__00-41-17.989386, -0.0473693, -0.437777, 0.0241444, -1.7908, -0.0279994, 1.32668, 0.703988, 0.000366816, 0.270141, 0.00668684, -0.616653, -0.000467478, 1.02963, 0.0036087, -0.0424937, 7.10948, -0.0971095, -2.99494, -0.0734808, 0.639091, 0.166774, 0, 0, 0, 8, 0, 0, 0, 0.376047, -0.0182301, 0.468975, 0.486385, -0.0157403, 0.142593, 0.996195, -3.71201e-12, -0.0871557, -4.46982e-12, -1, -8.49977e-12, -0.0871557, 8.857e-12, -0.996195, 0
9.25, 2025-07-03__00-41-17.999385, -0.047382, -0.434823, 0.0242259, -1.79674, -0.0279878, 1.33698, 0.704021, -0.00498572, 0.3057, 0.00983554, -0.589964, -0.00138954, 1.02888, 0.00520981, -0.0122688, 6.53763, -0.0586235, -3.10437, -0.056684, 0.519459, 0.164785, 0, 0, 0, 8, 0, 0, 0, 0.378925, -0.0182901, 0.466078, 0.486385, -0.0157403, 0.142593, 0.996195, -3.71201e-12, -0.0871557, -4.46982e-12, -1, -8.49977e-12, -0.0871557, 8.857e-12, -0.996195, 0
9.26, 2025-07-03__00-41-18.009385, -0.047378, -0.431525, 0.0243056, -1.80265, -0.0279942, 1.34718, 0.704056, -0.000360198, 0.337502, 0.00565205, -0.595245, -0.00741633, 1.01535, 0.00771727, 0.0273152, 5.37528, 0.0119997, -9.68084, 0.00291377, 0.572731, 0.159442, 0, 0, 0, 0, 0, 0, 0, 0.3818, -0.0183631, 0.463062, 0.486385, -0.0157403, 0.142593, 0.996195, -3.71201e-12, -0.0871557, -4.46982e-12, -1, -8.49977e-12, -0.0871557, 8.857e-12, -0.996195, 0
9.27, 2025-07-03__00-41-18.019387, -0.0473768, -0.427932, 0.0243548, -1.80877, -0.0279634, 1.35705, 0.704078, -0.00139761, 0.352767, 0.00470857, -0.63634, 0.00258189, 0.991465, -1.56127e-06, 0.0608987, 4.04424, 0.0518793, -8.6038, -0.0356206, 0.809765, 0.218226, 0, 0, 0, 0, 0, 0, 0, 0.384536, -0.0184277, 0.4598, 0.486385, -0.0157403, 0.142593, 0.996195, -3.71201e-12, -0.0871557, -4.46982e-12, -1, -8.49977e-12, -0.0871557, 8.857e-12, -0.996195, 0
9.28, 2025-07-03__00-41-18.029391, -0.0473714, -0.424567, 0.0244055, -1.8158, -0.0279711, 1.36742, 0.704138, -0.000825836, 0.32676, 0.00530036, -0.718417, -0.00128482, 1.0772, 0.0100348, 0.0292165, 3.80765, -0.00440006, -7.84, 0.0136037, 0.359372, 0.166331, 0, 0, 0, 0, 0, 0, 0, 0.387181, -0.0185028, 0.456229, 0.486385, -0.0157403, 0.142593, 0.996195, -3.71201e-12, -0.0871557, -4.46982e-12, -1, -8.49977e-12, -0.0871557, 8.857e-12, -0.996195, 0
9.29, 2025-07-03__00-41-18.039388, -0.0473709, -0.421556, 0.0244393, -1.82327, -0.0279618, 1.37869, 0.704207, -0.00228861, 0.300984, 0.00395856, -0.76405, -0.000113599, 1.13884, 0.012816, 0.0384644, 4.49088, 0.0172057, -7.71039, 0.0238183, -0.0437194, 0.156201, 0, 0, 0, 0, 0, 0, 0, 0.389982, -0.0185809, 0.452657, 0.486385, -0.0157403, 0.142593, 0.996195, -3.71201e-12, -0.0871557, -4.46982e-12, -1, -8.49977e-12, -0.0871557, 8.857e-12, -0.996195, 0
9.3, 2025-07-03__00-41-18.049386, -0.0473565, -0.418516, 0.0244523, -1.83174, -0.0279764, 1.39003, 0.704266, 0.0032569, 0.316106, -0.000164517, -0.864811, -0.000725131, 1.12587, 0.00751757, 0.0659125, 1.97718, 0.037331, -5.5516, 0.07428, 0.267313, 0.20062, 0, 0, 0, 0, 0, 0, 0, 0.392579, -0.0186678, 0.448657, 0.486385, -0.0157403, 0.142593, 0.996195, -3.71201e-12, -0.0871557, -4.46982e-12, -1, -8.49977e-12, -0.0871557, 8.857e-12, -0.996195, 0
9.31, 2025-07-03__00-41-18.059383, -0.0473832, -0.415511, 0.0244503, -1.84093, -0.0279519, 1.40116, 0.704323, -0.000744676, 0.285664, 0.000403903, -0.921682, 0.000446591, 1.12416, 0.00464661, 0.0940192, 2.25486, 0.0695347, -5.11033, 0.0836768, 0.436671, 0.229386, 0, 0, 0, 0, 0, 0, 0, 0.394903, -0.0187562, 0.444266, 0.486385, -0.0157403, 0.142593, 0.996195, -3.71201e-12, -0.0871557, -4.46982e-12, -1, -8.49977e-12, -0.0871557, 8.857e-12, -0.996195, 0
9.32, 2025-07-03__00-41-18.069387, -0.0473737, -0.412897, 0.0244527, -1.85026, -0.0279514, 1.4125, 0.704417, 0.00159621, 0.259781, 0.000775181, -0.945402, 0.0024157, 1.14296, 0.0129389, 0.0272026, 3.13172, -0.00623895, -5.23494, 0.0692669, 0.37297, 0.187889, 0, 0, 0, 0, 0, 0, 0, 0.397139, -0.0188461, 0.439948, 0.486385, -0.0157403, 0.142593, 0.996195, -3.71201e-12, -0.0871557, -4.46982e-12, -1, -8.49977e-12, -0.0871557, 8.857e-12, -0.996195, 0
9.33, 2025-07-03__00-41-18.079385, -0.0473887, -0.410017, 0.0244583, -1.86014, -0.0279551, 1.42396, 0.704532, -0.00218258, 0.294457, 0.0016171, -1.0106, -0.000117586, 1.1468, 0.0167721, 0.119278, 0.327204, 0.0812618, -3.3142, 0.129909, 0.589539, 0.175416, 0, 0, 0, 0, 0, 0, 0, 0.399304, -0.0189264, 0.435314, 0.486385, -0.0157403, 0.142593, 0.996195, -3.71201e-12, -0.0871557, -4.46982e-12, -1, -8.49977e-12, -0.0871557, 8.857e-12, -0.996195, 0
9.34, 2025-07-03__00-41-18.089385, -0.0473863, -0.407281, 0.0244587, -1.87045, -0.0279558, 1.43536, 0.704658, -0.00255057, 0.253421, 0.000256458, -1.03515, -0.000485691, 1.13173, 0.00558854, 0.118374, 1.65181, 0.0976313, -3.61806, 0.13247, 0.816601, 0.253123, 0, 0, 0, 0, 0, 0, 0, 0.401265, -0.0190089, 0.430454, 0.486385, -0.0157403, 0.142593, 0.996195, -3.71201e-12, -0.0871557, -4.46982e-12, -1, -8.49977e-12, -0.0871557, 8.857e-12, -0.996195, 0
9.35, 2025-07-03__00-41-18.099386, -0.0473632, -0.404908, 0.0244566, -1.88083, -0.0279598, 1.44704, 0.704827, 0.00100612, 0.24674, -0.00167509, -1.0533, -0.00021818, 1.18476, 0.0178275, 0.0951662, 1.77164, 0.0807038, -3.50843, 0.137375, 0.554393, 0.185286, 0, 0, 0, 0, 0, 0, 0, 0.403212, -0.0190761, 0.425736, 0.486385, -0.0157403, 0.142593, 0.996195, -3.71201e-12, -0.0871557, -4.46982e-12, -1, -8.49977e-12, -0.0871557, 8.857e-12, -0.996195, 0
9.36, 2025-07-03__00-41-18.109382, -0.0473836, -0.402083, 0.0244486, -1.89168, -0.027945, 1.45887, 0.705029, -0.00473611, 0.27627, -0.00580144, -1.08893, 0.00240378, 1.16727, 0.0148662, 0.294798, -0.246798, 0.330909, -2.17904, 0.161574, 0.895853, 0.210589, 0, 0, 0, 0, 0, 0, 0, 0.405073, -0.0191593, 0.420623, 0.486385, -0.0157403, 0.142593, 0.996195, -3.71201e-12, -0.0871557, -4.46982e-12, -1, -8.49977e-12, -0.0871557, 8.857e-12, -0.996195, 0
9.37, 2025-07-03__00-41-18.119386, -0.0473868, -0.399335, 0.0244675, -1.90259, -0.0279571, 1.47069, 0.705222, -0.000633223, 0.268505, 0.00110764, -1.0832, 0.000700082, 1.19277, 0.00458712, 0.105825, 0.267217, 0.0843073, -2.4519, 0.151379, 0.820107, 0.281057, 0, 0, 0, 0, 0, 0, 0, 0.406828, -0.0192288, 0.415451, 0.486385, -0.0157403, 0.142593, 0.996195, -3.71201e-12, -0.0871557, -4.46982e-12, -1, -8.49977e-12, -0.0871557, 8.857e-12, -0.996195, 0
9.38, 2025-07-03__00-41-18.129378, -0.0473672, -0.396807, 0.0244683, -1.91363, -0.0279561, 1.48275, 0.705447, 0.00547503, 0.251232, 0.000768454, -1.10698, -0.000196273, 1.20463, 0.0235293, 0.0132108, 0.675266, -0.0226717, -2.34559, 0.152896, 0.876872, 0.173146, 0, 0, 0, 0, 0, 0, 0, 0.408566, -0.0192885, 0.410323, 0.486385, -0.0157403, 0.142593, 0.996195, -3.71201e-12, -0.0871557, -4.46982e-12, -1, -8.49977e-12, -0.0871557, 8.857e-12, -0.996195, 0
9.39, 2025-07-03__00-41-18.139385, -0.0473943, -0.394281, 0.0244686, -1.92489, -0.0279575, 1.49485, 0.705667, -0.00511508, 0.254577, -5.79642e-06, -1.11436, -0.00619503, 1.21177, 0.0259543, 0.207038, 0.475169, 0.221589, -2.11615, 0.215409, 0.962023, 0.164237, 0, 0, 0, 0, 0, 0, 0, 0.410014, -0.0193423, 0.40562, 0.486385, -0.0157403, 0.142593, 0.996195, -3.71201e-12, -0.0871557, -4.46982e-12, -1, -8.49977e-12, -0.0871557, 8.857e-12, -0.996195, 0
9.4, 2025-07-03__00-41-18.149384, -0.0473919, -0.39168, 0.0244719, -1.9362, -0.0279492, 1.50734, 0.705869, -0.000310897, 0.269664, 0.00111556, -1.1396, -0.00039156, 1.26764, 0.0158626, 0.122913, -0.440295, 0.113243, -1.44767, 0.186334, 0.748184, 0.233498, 0, 0, 0, 0, 0, 0, 0, 0.41184, -0.0194187, 0.399819, 0.486385, -0.0157403, 0.142593, 0.996195, -3.71201e-12, -0.0871557, -4.46982e-12, -1, -8.49977e-12, -0.0871557, 8.857e-12, -0.996195, 0
9.41, 2025-07-03__00-41-18.159385, -0.0474006, -0.38893, 0.0244592, -1.9477, -0.0279316, 1.51984, 0.706079, 8.65456e-05, 0.26132, -0.00191009, -1.14721, 0.00130547, 1.26954, 0.0193759, 0.174141, -0.110784, 0.194597, -1.43465, 0.180914, 0.866994, 0.220427, 0, 0, 0, 0, 0, 0, 0, 0.41342, -0.0194776, 0.394362, 0.486385, -0.0157403, 0.142593, 0.996195, -3.71201e-12, -0.0871557, -4.46982e-12, -1, -8.49977e-12, -0.0871557, 8.857e-12, -0.996195, 0
9.42, 2025-07-03__00-41-18.169381, -0.0473903, -0.386421, 0.0244755, -1.95905, -0.0279299, 1.53243, 0.706322, -0.000416004, 0.244782, -0.00145709, -1.13244, -0.000157809, 1.28251, 0.0222135, 0.161213, 1.10764, 0.194987, -2.03039, 0.18205, 0.821941, 0.209693, 0, 0, 0, 0, 0, 0, 0, 0.414948, -0.0195219, 0.389047, 0.486385, -0.0157403, 0.142593, 0.996195, -3.71201e-12, -0.0871557, -4.46982e-12, -1, -8.49977e-12, -0.0871557, 8.857e-12, -0.996195, 0
9.43, 2025-07-03__00-41-18.179385, -0.0473763, -0.383682, 0.0244667, -1.97049, -0.0279078, 1.54521, 0.706533, -0.000492312, 0.270088, -0.00454438, -1.14743, 0.00456564, 1.27409, 0.0131819, 0.247161, -0.045889, 0.308227, -1.21161, 0.171788, 1.04419, 0.274389, 0, 0, 0, 0, 0, 0, 0, 0.416483, -0.0195682, 0.38362, 0.486385, -0.0157403, 0.142593, 0.996195, -3.71201e-12, -0.0871557, -4.46982e-12, -1, -8.49977e-12, -0.0871557, 8.857e-12, -0.996195, 0
9.44, 2025-07-03__00-41-18.189385, -0.0473887, -0.381074, 0.024489, -1.9819, -0.0279184, 1.55818, 0.706758, -0.00177433, 0.248706, 0.000634255, -1.12289, 0.00226658, 1.31386, 0.0146525, 0.151391, 1.64892, 0.198341, -2.14593, 0.167965, 0.77456, 0.272506, 0, 0, 0, 0, 0, 0, 0, 0.417977, -0.0196226, 0.37821, 0.486385, -0.0157403, 0.142593, 0.996195, -3.71201e-12, -0.0871557, -4.46982e-12, -1, -8.49977e-12, -0.0871557, 8.857e-12, -0.996195, 0
9.45, 2025-07-03__00-41-18.199383, -0.0473722, -0.378477, 0.0244955, -1.99339, -0.0279059, 1.57139, 0.707021, 0.000501383, 0.265473, -0.00141291, -1.14742, 0.00353746, 1.31814, 0.0323981, 0.174946, 0.825864, 0.231891, -1.34916, 0.175745, 0.895544, 0.172817, 0, 0, 0, 0, 0, 0, 0, 0.419493, -0.0196455, 0.372823, 0.486385, -0.0157403, 0.142593, 0.996195, -3.71201e-12, -0.0871557, -4.46982e-12, -1, -8.49977e-12, -0.0871557, 8.857e-12, -0.996195, 0
9.46, 2025-07-03__00-41-18.209384, -0.047387, -0.375654, 0.0245141, -2.00479, -0.0279123, 1.58457, 0.707297, -0.00357811, 0.276122, 0.00146549, -1.13641, -0.00399404, 1.32595, 0.0309639, 0.209917, 0.91237, 0.274069, -1.33922, 0.227108, 0.91348, 0.188209, 0, 0, 0, 0, 0, 0, 0, 0.420941, -0.0196958, 0.367339, 0.486385, -0.0157403, 0.142593, 0.996195, -3.71201e-12, -0.0871557, -4.46982e-12, -1, -8.49977e-12, -0.0871557, 8.857e-12, -0.996195, 0
9.47, 2025-07-03__00-41-18.219383, -0.0473813, -0.372787, 0.0245393, -2.01614, -0.0279199, 1.59789, 0.707593, 0.00104316, 0.2937, 0.00306752, -1.14079, 0.00341378, 1.31484, 0.0314632, 0.114419, 0.456709, 0.162064, -0.871036, 0.179495, 1.09899, 0.192455, 0, 0, 0, 0, 0, 0, 0, 0.422369, -0.0197356, 0.361881, 0.486385, -0.0157403, 0.142593, 0.996195, -3.71201e-12, -0.0871557, -4.46982e-12, -1, -8.49977e-12, -0.0871557, 8.857e-12, -0.996195, 0
9.48, 2025-07-03__00-41-18.229384, -0.0473759, -0.369923, 0.0245528, -2.02748, -0.0278938, 1.61124, 0.707903, -0.000278885, 0.27949, 0.00177356, -1.1301, -0.00277986, 1.34888, 0.0350528, 0.161655, 1.6421, 0.236766, -1.38693, 0.217255, 0.90098, 0.175921, 0, 0, 0, 0, 0, 0, 0, 0.42374, -0.0197425, 0.356387, 0.486385, -0.0157403, 0.142593, 0.996195, -3.71201e-12, -0.0871557, -4.46982e-12, -1, -8.49977e-12, -0.0871557, 8.857e-12, -0.996195, 0
9.49, 2025-07-03__00-41-18.239384, -0.0473857, -0.36705, 0.0245992, -2.03864, -0.0279091, 1.62477, 0.708231, -0.00278621, 0.294083, 0.000219109, -1.12679, -0.0026474, 1.3662, 0.0379224, 0.245652, 1.56603, 0.346251, -1.18931, 0.228763, 0.848171, 0.163395, 0, 0, 0, 0, 0, 0, 0, 0.425145, -0.0197734, 0.350996, 0.486385, -0.0157403, 0.142593, 0.996195, -3.71201e-12, -0.0871557, -4.46982e-12, -1, -8.49977e-12, -0.0871557, 8.857e-12, -0.996195, 0
9.5, 2025-07-03__00-41-18.249384, -0.0473767, -0.363827, 0.024638, -2.0498, -0.0278823, 1.63839, 0.708552, 0.000524493, 0.323313, 0.00339472, -1.13143, 0.00280991, 1.38274, 0.0328325, 0.153274, 0.735286, 0.234079, -0.565323, 0.196587, 0.854513, 0.202384, 0, 0, 0, 0, 0, 0, 0, 0.426505, -0.0197785, 0.34544, 0.486385, -0.0157403, 0.142593, 0.996195, -3.71201e-12, -0.0871557, -4.46982e-12, -1, -8.49977e-12, -0.0871557, 8.857e-12, -0.996195, 0
9.51, 2025-07-03__00-41-18.259383, -0.0473858, -0.360548, 0.0246763, -2.06073, -0.0278989, 1.65203, 0.708883, -0.00296856, 0.321357, 0.00643282, -1.08162, -0.00162307, 1.38418, 0.0267526, 0.180157, 2.02005, 0.280818, -1.46434, 0.220888, 0.781705, 0.214209, 0, 0, 0, 0, 0, 0, 0, 0.428008, -0.0197968, 0.339388, 0.486385, -0.0157403, 0.142593, 0.996195, -3.71201e-12, -0.0871557, -4.46982e-12, -1, -8.49977e-12, -0.0871557, 8.857e-12, -0.996195, 0
9.52, 2025-07-03__00-41-18.269385, -0.0473704, -0.357186, 0.0247256, -2.07162, -0.027887, 1.66568, 0.709227, -0.00286384, 0.34246, 0.00130171, -1.09291, 0.00173683, 1.36184, 0.0236749, 0.2785, 1.53978, 0.410275, -0.818013, 0.206599, 1.05715, 0.271486, 0, 0, 0, 0, 0, 0, 0, 0.428812, -0.0197877, 0.336087, 0.486385, -0.0157403, 0.142593, 0.996195, -3.71201e-12, -0.0871557, -4.46982e-12, -1, -8.49977e-12, -0.0871557, 8.857e-12, -0.996195, 0
9.53, 2025-07-03__00-41-18.279386, -0.0473596, -0.353766, 0.024788, -2.08243, -0.0278977, 1.67927, 0.70962, 0.0018781, 0.346851, 0.0101989, -1.07167, 0.000524442, 1.37256, 0.032128, 0.0327023, 2.22564, 0.118164, -1.12289, 0.192212, 1.00348, 0.226003, 0, 0, 0, 0, 0, 0, 0, 0.430415, -0.0197872, 0.328895, 0.486385, -0.0157403, 0.142593, 0.996195, -3.71201e-12, -0.0871557, -4.46982e-12, -1, -8.49977e-12, -0.0871557, 8.857e-12, -0.996195, 0
9.54, 2025-07-03__00-41-18.289382, -0.0473833, -0.350183, 0.0248505, -2.09299, -0.0279075, 1.69322, 0.710032, -0.00407167, 0.381815, 0.00702343, -1.05682, -0.00272363, 1.3917, 0.0394144, 0.233079, 1.6608, 0.362885, -0.778202, 0.230924, 0.921372, 0.185072, 0, 0, 0, 0, 0, 0, 0, 0.431774, -0.0197858, 0.323464, 0.486385, -0.0157403, 0.142593, 0.996195, -3.71201e-12, -0.0871557, -4.46982e-12, -1, -8.49977e-12, -0.0871557, 8.857e-12, -0.996195, 0
9.55, 2025-07-03__00-41-18.299387, -0.0473761, -0.346208, 0.0249188, -2.10355, -0.0278783, 1.70717, 0.710431, 0.000219037, 0.393681, 0.0103825, -1.05475, 0.00235454, 1.39383, 0.0368106, 0.106888, 1.72046, 0.219825, -0.556176, 0.192471, 0.984594, 0.208619, 0, 0, 0, 0, 0, 0, 0, 0.433043, -0.0197621, 0.317841, 0.486385, -0.0157403, 0.142593, 0.996195, -3.71201e-12, -0.0871557, -4.46982e-12, -1, -8.49977e-12, -0.0871557, 8.857e-12, -0.996195, 0
9.56, 2025-07-03__00-41-18.309385, -0.0473691, -0.342269, 0.0250024, -2.1138, -0.027877, 1.72111, 0.710773, -0.00323727, 0.384382, 0.00657522, -1.02021, 3.83388e-05, 1.39931, 0.0351535, 0.241164, 3.22479, 0.400862, -1.34546, 0.204015, 0.893038, 0.227702, 0, 0, 0, 0, 0, 0, 0, 0.434335, -0.0197263, 0.312347, 0.486385, -0.0157403, 0.142593, 0.996195, -3.71201e-12, -0.0871557, -4.46982e-12, -1, -8.49977e-12, -0.0871557, 8.857e-12, -0.996195, 0
9.57, 2025-07-03__00-41-18.319386, -0.0473548, -0.338155, 0.0250856, -2.12394, -0.027865, 1.73518, 0.711165, 0.00291109, 0.433412, 0.0114826, -1.01007, 0.00453658, 1.3848, 0.0389062, 0.0791357, 2.04486, 0.212121, -0.568671, 0.172539, 1.07481, 0.214957, 0, 0, 0, 0, 0, 0, 0, 0.435647, -0.0196948, 0.306867, 0.486385, -0.0157403, 0.142593, 0.996195, -3.71201e-12, -0.0871557, -4.46982e-12, -1, -8.49977e-12, -0.0871557, 8.857e-12, -0.996195, 0
9.58, 2025-07-03__00-41-18.329386, -0.0473589, -0.333517, 0.0251714, -2.13394, -0.0278795, 1.74916, 0.711601, 0.00356165, 0.465705, 0.00921276, -0.989537, 0.00133912, 1.3965, 0.0394083, 0.150782, 1.66153, 0.307272, -0.353353, 0.196874, 1.05768, 0.219511, 0, 0, 0, 0, 0, 0, 0, 0.436859, -0.0196665, 0.301189, 0.486385, -0.0157403, 0.142593, 0.996195, -3.71201e-12, -0.0871557, -4.46982e-12, -1, -8.49977e-12, -0.0871557, 8.857e-12, -0.996195, 0
9.59, 2025-07-03__00-41-18.339387, -0.04736, -0.329001, 0.0252556, -2.14362, -0.0278837, 1.76327, 0.712058, -0.00219463, 0.440932, 0.00806583, -0.977887, -0.000826855, 1.39927, 0.0412064, 0.267723, 3.3719, 0.454695, -0.947922, 0.210174, 1.01189, 0.213771, 0, 0, 0, 0, 0, 0, 0, 0.43817, -0.0196249, 0.295709, 0.486385, -0.0157403, 0.142593, 0.996195, -3.71201e-12, -0.0871557, -4.46982e-12, -1, -8.49977e-12, -0.0871557, 8.857e-12, -0.996195, 0
9.6, 2025-07-03__00-41-18.349387, -0.0473472, -0.324363, 0.0253713, -2.15324, -0.0278674, 1.77739, 0.712457, 0.000252179, 0.473041, 0.0104535, -0.956139, 0.000843669, 1.41231, 0.034262, 0.206285, 3.11899, 0.391156, -0.75854, 0.1963, 0.949954, 0.267093, 0, 0, 0, 0, 0, 0, 0, 0.439416, -0.0195632, 0.29022, 0.486385, -0.0157403, 0.142593, 0.996195, -3.71201e-12, -0.0871557, -4.46982e-12, -1, -8.49977e-12, -0.0871557, 8.857e-12, -0.996195, 0
9.61, 2025-07-03__00-41-18.359385, -0.0473468, -0.319259, 0.0255004, -2.16255, -0.0278786, 1.7915, 0.712773, 0.00204051, 0.516486, 0.0165406, -0.922821, -0.000906775, 1.4209, 0.0276986, 0.0953444, 2.614, 0.266813, -0.581017, 0.200111, 0.913588, 0.324303, 0, 0, 0, 0, 0, 0, 0, 0.440659, -0.0195027, 0.284631, 0.486385, -0.0157403, 0.142593, 0.996195, -3.71201e-12, -0.0871557, -4.46982e-12, -1, -8.49977e-12, -0.0871557, 8.857e-12, -0.996195, 0
9.62, 2025-07-03__00-41-18.369382, -0.0473358, -0.314053, 0.0256251, -2.17154, -0.0278775, 1.80585, 0.713092, 0.00271931, 0.529394, 0.0177072, -0.905253, -3.38927e-05, 1.42492, 0.0322393, 0.0765338, 3.04027, 0.256518, -0.618134, 0.192182, 0.87872, 0.313854, 0, 0, 0, 0, 0, 0, 0, 0.442055, -0.0194343, 0.279193, 0.486385, -0.0157403, 0.142593, 0.996195, -3.71201e-12, -0.0871557, -4.46982e-12, -1, -8.49977e-12, -0.0871557, 8.857e-12, -0.996195, 0
9.63, 2025-07-03__00-41-18.379384, -0.047349, -0.308569, 0.0257445, -2.18049, -0.02787, 1.81989, 0.713477, -0.00428625, 0.550723, 0.01198, -0.887907, 0.00207402, 1.39567, 0.0499664, 0.35163, 3.02553, 0.581544, -0.402105, 0.188129, 1.12123, 0.220898, 0, 0, 0, 0, 0, 0, 0, 0.443263, -0.019365, 0.273623, 0.486385, -0.0157403, 0.142593, 0.996195, -3.71201e-12, -0.0871557, -4.46982e-12, -1, -8.49977e-12, -0.0871557, 8.857e-12, -0.996195, 0
9.64, 2025-07-03__00-41-18.389386, -0.0473524, -0.302817, 0.0258844, -2.18907, -0.0278806, 1.83399, 0.713861, -0.00189462, 0.575649, 0.0164274, -0.842403, -0.000433345, 1.4298, 0.0377575, 0.24961, 3.48687, 0.475499, -0.841966, 0.188577, 0.842448, 0.310233, 0, 0, 0, 0, 0, 0, 0, 0.444489, -0.0192867, 0.268084, 0.486385, -0.0157403, 0.142593, 0.996195, -3.71201e-12, -0.0871557, -4.46982e-12, -1, -8.49977e-12, -0.0871557, 8.857e-12, -0.996195, 0
9.65, 2025-07-03__00-41-18.399385, -0.0473419, -0.296909, 0.0260702, -2.19739, -0.0278877, 1.84833, 0.714244, -0.00116382, 0.616401, 0.0191741, -0.855306, -0.000366667, 1.43825, 0.0349465, 0.215195, 2.3713, 0.434291, 0.209077, 0.201486, 0.904326, 0.346371, 0, 0, 0, 0, 0, 0, 0, 0.445842, -0.0191821, 0.262635, 0.486385, -0.0157403, 0.142593, 0.996195, -3.71201e-12, -0.0871557, -4.46982e-12, -1, -8.49977e-12, -0.0871557, 8.857e-12, -0.996195, 0
9.66, 2025-07-03__00-41-18.409385, -0.0473431, -0.290585, 0.026254, -2.20558, -0.027874, 1.86236, 0.714652, -0.000383518, 0.625181, 0.0237447, -0.810823, -0.000799582, 1.39428, 0.0332295, 0.132722, 3.27279, 0.35204, -0.252338, 0.182738, 1.15556, 0.375704, 0, 0, 0, 0, 0, 0, 0, 0.447044, -0.0190718, 0.257017, 0.486385, -0.0157403, 0.142593, 0.996195, -3.71201e-12, -0.0871557, -4.46982e-12, -1, -8.49977e-12, -0.0871557, 8.857e-12, -0.996195, 0
9.67, 2025-07-03__00-41-18.419386, -0.0473457, -0.284139, 0.0264386, -2.21339, -0.0278631, 1.87654, 0.715089, -0.000394941, 0.648227, 0.0217932, -0.77223, 0.0048962, 1.42502, 0.042348, 0.195456, 3.70435, 0.437756, -0.564116, 0.137672, 0.903158, 0.335944, 0, 0, 0, 0, 0, 0, 0, 0.44832, -0.0189596, 0.251523, 0.486385, -0.0157403, 0.142593, 0.996195, -3.71201e-12, -0.0871557, -4.46982e-12, -1, -8.49977e-12, -0.0871557, 8.857e-12, -0.996195, 0
9.68, 2025-07-03__00-41-18.429383, -0.0473435, -0.277226, 0.0266342, -2.22083, -0.0278785, 1.89087, 0.715502, 0.000704337, 0.702821, 0.0220206, -0.744026, -0.0035191, 1.42179, 0.0405071, 0.227811, 2.75429, 0.479975, -0.0294421, 0.189845, 0.959224, 0.368334, 0, 0, 0, 0, 0, 0, 0, 0.449723, -0.0188376, 0.246009, 0.486385, -0.0157403, 0.142593, 0.996195, -3.71201e-12, -0.0871557, -4.46982e-12, -1, -8.49977e-12, -0.0871557, 8.857e-12, -0.996195, 0
9.69, 2025-07-03__00-41-18.439385, -0.0473613, -0.270123, 0.026871, -2.22813, -0.0278716, 1.90489, 0.715855, 0.00126611, 0.717396, 0.0188854, -0.721908, 0.00222007, 1.39889, 0.0235236, 0.299104, 3.10095, 0.571888, 0.0186622, 0.148483, 1.12602, 0.496219, 0, 0, 0, 0, 0, 0, 0, 0.450967, -0.0187051, 0.240442, 0.486385, -0.0157403, 0.142593, 0.996195, -3.71201e-12, -0.0871557, -4.46982e-12, -1, -8.49977e-12, -0.0871557, 8.857e-12, -0.996195, 0
9.7, 2025-07-03__00-41-18.449384, -0.0473443, -0.262935, 0.0271389, -2.23517, -0.027884, 1.91887, 0.716208, 0.00670281, 0.713529, 0.0254089, -0.687578, -0.000940821, 1.40888, 0.0426374, 0.0624703, 4.40121, 0.32049, -0.557574, 0.144521, 0.987211, 0.406879, 0, 0, 0, 0, 0, 0, 0, 0.452222, -0.0185354, 0.234944, 0.486385, -0.0157403, 0.142593, 0.996195, -3.71201e-12, -0.0871557, -4.46982e-12, -1, -8.49977e-12, -0.0871557, 8.857e-12, -0.996195, 0
9.71, 2025-07-03__00-41-18.459385, -0.047345, -0.255375, 0.0273989, -2.24176, -0.0278682, 1.93309, 0.716615, 0.00196523, 0.768165, 0.0264527, -0.656602, 0.00337723, 1.41331, 0.0438678, 0.172198, 3.53328, 0.445379, -0.0701723, 0.11488, 0.973093, 0.42348, 0, 0, 0, 0, 0, 0, 0, 0.453625, -0.0183688, 0.229514, 0.486385, -0.0157403, 0.142593, 0.996195, -3.71201e-12, -0.0871557, -4.46982e-12, -1, -8.49977e-12, -0.0871557, 8.857e-12, -0.996195, 0
9.72, 2025-07-03__00-41-18.469383, -0.0473358, -0.2474, 0.0276665, -2.24813, -0.0278827, 1.94737, 0.717014, -0.000130884, 0.776891, 0.027658, -0.64167, 0.000513493, 1.42432, 0.0378766, 0.195009, 4.05756, 0.475732, -0.0262167, 0.126697, 0.887738, 0.48653, 0, 0, 0, 0, 0, 0, 0, 0.455032, -0.0181922, 0.22399, 0.486385, -0.0157403, 0.142593, 0.996195, -3.71201e-12, -0.0871557, -4.46982e-12, -1, -8.49977e-12, -0.0871557, 8.857e-12, -0.996195, 0
9.73, 2025-07-03__00-41-18.479384, -0.0473503, -0.239134, 0.0279723, -2.25421, -0.0278882, 1.96138, 0.71744, -0.00276541, 0.80644, 0.0278923, -0.601263, -0.00289547, 1.3949, 0.0391821, 0.267026, 4.16407, 0.561103, 0.00520615, 0.132739, 1.0566, 0.50591, 0, 0, 0, 0, 0, 0, 0, 0.456361, -0.018005, 0.218442, 0.486385, -0.0157403, 0.142593, 0.996195, -3.71201e-12, -0.0871557, -4.46982e-12, -1, -8.49977e-12, -0.0871557, 8.857e-12, -0.996195, 0
9.74, 2025-07-03__00-41-18.489384, -0.0473348, -0.230607, 0.0282806, -2.25996, -0.0278637, 1.97542, 0.717963, 0.00197524, 0.862786, 0.0317262, -0.573241, 0.00646912, 1.40511, 0.0578197, 0.120316, 3.20008, 0.407535, 0.632633, 0.0586563, 1.0245, 0.415615, 0, 0, 0, 0, 0, 0, 0, 0.457748, -0.0177958, 0.212926, 0.486385, -0.0157403, 0.142593, 0.996195, -3.71201e-12, -0.0871557, -4.46982e-12, -1, -8.49977e-12, -0.0871557, 8.857e-12, -0.996195, 0
9.75, 2025-07-03__00-41-18.499383, -0.047342, -0.221697, 0.0285946, -2.26526, -0.0278929, 1.98934, 0.718451, -0.00274565, 0.888722, 0.0286789, -0.520742, -0.00418983, 1.3826, 0.0455311, 0.294335, 3.64228, 0.604038, 0.393453, 0.105273, 1.09297, 0.515929, 0, 0, 0, 0, 0, 0, 0, 0.459161, -0.0175901, 0.207401, 0.486385, -0.0157403, 0.142593, 0.996195, -3.71201e-12, -0.0871557, -4.46982e-12, -1, -8.49977e-12, -0.0871557, 8.857e-12, -0.996195, 0
9.76, 2025-07-03__00-41-18.509384, -0.0473337, -0.212625, 0.0289537, -2.27021, -0.0278895, 2.00332, 0.718911, -0.00116725, 0.914424, 0.0341924, -0.490565, 0.00100571, 1.4084, 0.0448784, 0.132643, 3.84528, 0.434517, 0.474579, 0.0514725, 0.871192, 0.546506, 0, 0, 0, 0, 0, 0, 0, 0.46063, -0.0173578, 0.201968, 0.486385, -0.0157403, 0.142593, 0.996195, -3.71201e-12, -0.0871557, -4.46982e-12, -1, -8.49977e-12, -0.0871557, 8.857e-12, -0.996195, 0
9.77, 2025-07-03__00-41-18.519388, -0.0473418, -0.20316, 0.0293012, -2.27483, -0.0278846, 2.0172, 0.719393, -0.00232004, 0.953498, 0.0352704, -0.457654, 0.000456658, 1.38227, 0.0548264, 0.129735, 2.46142, 0.427248, 1.39626, 0.0410372, 0.862984, 0.504316, 0, 0, 0, 0, 0, 0, 0, 0.462125, -0.0171226, 0.196483, 0.486385, -0.0157403, 0.142593, 0.996195, -3.71201e-12, -0.0871557, -4.46982e-12, -1, -8.49977e-12, -0.0871557, 8.857e-12, -0.996195, 0
9.78, 2025-07-03__00-41-18.529383, -0.0473474, -0.193359, 0.0296405, -2.27896, -0.0279081, 2.0308, 0.719904, -0.00167378, 0.991127, 0.0352169, -0.392347, -0.00252757, 1.35901, 0.0551164, 0.109456, -1.42335, 0.382974, 2.98059, 0.0519021, 0.269973, 0.492269, 0, 0, 0, 0, 0, 0, 0, 0.463601, -0.0168891, 0.191033, 0.486385, -0.0157403, 0.142593, 0.996195, -3.71201e-12, -0.0871557, -4.46982e-12, -1, -8.49977e-12, -0.0871557, 8.857e-12, -0.996195, 0
9.79, 2025-07-03__00-41-18.539386, -0.0473051, -0.183721, 0.0299772, -2.28269, -0.0279005, 2.04392, 0.720443, 0.00392031, 0.950145, 0.0380005, -0.361928, 0.00458516, 1.29689, 0.0498096, -0.141348, -3.09383, 0.0974556, 3.96661, -0.00826294, -0.0799811, 0.512715, 0, 0, 0, 0, 0, 0, 0, 0.465078, -0.0166292, 0.18578, 0.486385, -0.0157403, 0.142593, 0.996195, -3.71201e-12, -0.0871557, -4.46982e-12, -1, -8.49977e-12, -0.0871557, 8.857e-12, -0.996195, 0
9.8, 2025-07-03__00-41-18.549384, -0.0473027, -0.17402, 0.0303113, -2.28589, -0.0279266, 2.05582, 0.72097, 6.20576e-05, 0.972063, 0.032622, -0.305013, -0.0042441, 1.15871, 0.0548352, 0.0480189, -6.71103, 0.277757, 5.61537, 0.0341242, 0.206041, 0.474974, 0, 0, 0, 0, 0, 0, 0, 0.46633, -0.016392, 0.180669, 0.486385, -0.0157403, 0.142593, 0.996195, -3.71201e-12, -0.0871557, -4.46982e-12, -1, -8.49977e-12, -0.0871557, 8.857e-12, -0.996195, 0
9.81, 2025-07-03__00-41-18.559385, -0.0473197, -0.1641, 0.0306547, -2.28837, -0.0279594, 2.06658, 0.721563, -0.000834599, 0.990242, 0.0372417, -0.230924, 0.00231979, 1.0366, 0.0625591, -0.0362828, -9.89609, 0.168883, 6.72138, -0.0359051, 0.384283, 0.417513, 0, 0, 0, 0, 0, 0, 0, 0.467396, -0.0161664, 0.175656, 0.486385, -0.0157403, 0.142593, 0.996195, -3.71201e-12, -0.0871557, -4.46982e-12, -1, -8.49977e-12, -0.0871557, 8.857e-12, -0.996195, 0
9.82, 2025-07-03__00-41-18.569385, -0.0473262, -0.154587, 0.0309773, -2.29027, -0.0279867, 2.07603, 0.72218, -0.00237936, 0.936347, 0.034336, -0.173503, 0.00227325, 0.912347, 0.0549088, 0.00836234, -10.6561, 0.200818, 6.82051, -0.0706077, 0.553221, 0.450333, 0, 0, 0, 0, 0, 0, 0, 0.468282, -0.0159366, 0.170964, 0.486385, -0.0157403, 0.142593, 0.996195, -3.71201e-12, -0.0871557, -4.46982e-12, -1, -8.49977e-12, -0.0871557, 8.857e-12, -0.996195, 0
9.83, 2025-07-03__00-41-18.579387, -0.0473133, -0.147383, 0.031234, -2.29152, -0.0280141, 2.08275, 0.722644, -7.72609e-05, 0.886908, 0.0331349, -0.147974, -0.000846102, 0.826175, 0.0595307, -0.0658156, -11.2032, 0.111672, 7.06118, -0.0741466, 0.686776, 0.413087, 0, 0, 0, 0, 0, 0, 0, 0.468943, -0.0157278, 0.167042, 0.486385, -0.0157403, 0.142593, 0.996195, -3.71201e-12, -0.0871557, -4.46982e-12, -1, -8.49977e-12, -0.0871557, 8.857e-12, -0.996195, 0
9.84, 2025-07-03__00-41-18.589384, -0.0473236, -0.13698, 0.0315724, -2.29265, -0.0280698, 2.09158, 0.723216, -0.000563272, 0.868295, 0.0327682, -0.0874479, -0.00715861, 0.699256, 0.0467637, -0.0654643, -13.4151, 0.0952942, 7.69269, -0.0677333, 0.97082, 0.483103, 0, 0, 0, 0, 0, 0, 0, 0.469688, -0.0155111, 0.162634, 0.486385, -0.0157403, 0.142593, 0.996195, -3.71201e-12, -0.0871557, -4.46982e-12, -1, -8.49977e-12, -0.0871557, 8.857e-12, -0.996195, 0
9.85, 2025-07-03__00-41-18.599385, -0.0473259, -0.128718, 0.0318106, -2.29319, -0.0281162, 2.09793, 0.723659, -0.00367403, 0.831342, 0.0220619, -0.046582, -0.0080464, 0.627413, 0.0481225, 0.210802, -14.4382, 0.371957, 7.82171, -0.0885208, 1.01079, 0.467584, 0, 0, 0, 0, 0, 0, 0, 0.47024, -0.0153369, 0.158896, 0.486385, -0.0157403, 0.142593, 0.996195, -3.71201e-12, -0.0871557, -4.46982e-12, -1, -8.49977e-12, -0.0871557, 8.857e-12, -0.996195, 0
9.86, 2025-07-03__00-41-18.609384, -0.0473079, -0.121284, 0.0320215, -2.29347, -0.0281807, 2.10355, 0.724167, 0.00269761, 0.726994, 0.0194418, -0.0256004, -0.0114389, 0.548398, 0.0521076, 0.0570515, -13.1113, 0.20358, 7.0848, -0.100729, 1.04928, 0.431247, 0, 0, 0, 0, 0, 0, 0, 0.470767, -0.0151766, 0.155586, 0.486385, -0.0157403, 0.142593, 0.996195, -3.71201e-12, -0.0871557, -4.46982e-12, -1, -8.49977e-12, -0.0871557, 8.857e-12, -0.996195, 0
9.87, 2025-07-03__00-41-18.619385, -0.047318, -0.114394, 0.0321973, -2.29339, -0.028233, 2.10852, 0.724649, 0.000157459, 0.661121, 0.0169238, 0.00679853, -0.00463644, 0.489944, 0.0489651, 0.132473, -12.6909, 0.270716, 6.53311, -0.173372, 1.01347, 0.436688, 0, 0, 0, 0, 0, 0, 0, 0.47133, -0.0150441, 0.152655, 0.486385, -0.0157403, 0.142593, 0.996195, -3.71201e-12, -0.0871557, -4.46982e-12, -1, -8.49977e-12, -0.0871557, 8.857e-12, -0.996195, 0
9.88, 2025-07-03__00-41-18.629386, -0.0472931, -0.108187, 0.0323451, -2.29322, -0.0282738, 2.11302, 0.725071, 0.00196181, 0.601323, 0.0162451, 0.0204967, 0.00129019, 0.442457, 0.0482072, 0.0684952, -12.5265, 0.195413, 6.30104, -0.232397, 0.986751, 0.42985, 0, 0, 0, 0, 0, 0, 0, 0.471884, -0.0149172, 0.150064, 0.486385, -0.0157403, 0.142593, 0.996195, -3.71201e-12, -0.0871557, -4.46982e-12, -1, -8.49977e-12, -0.0871557, 8.857e-12, -0.996195, 0
9.89, 2025-07-03__00-41-18.639387, -0.0472952, -0.102782, 0.0324854, -2.29306, -0.0283351, 2.11722, 0.725465, -0.00145427, 0.515486, 0.0135184, 0.0131848, -0.00598676, 0.400263, 0.0442258, 0.148374, -11.5112, 0.265647, 5.91834, -0.201144, 0.93973, 0.442753, 0, 0, 0, 0, 0, 0, 0, 0.472445, -0.014808, 0.147795, 0.486385, -0.0157403, 0.142593, 0.996195, -3.71201e-12, -0.0871557, -4.46982e-12, -1, -8.49977e-12, -0.0871557, 8.857e-12, -0.996195, 0
9.9, 2025-07-03__00-41-18.649387, -0.0473055, -0.0980141, 0.032599, -2.2929, -0.0283927, 2.12086, 0.725821, -0.00117822, 0.45521, 0.00588493, 0.0171801, -0.00378582, 0.3474, 0.0336229, 0.280811, -11.0211, 0.394682, 5.6635, -0.228581, 1.01039, 0.496055, 0, 0, 0, 0, 0, 0, 0, 0.472935, -0.0147275, 0.145812, 0.486385, -0.0157403, 0.142593, 0.996195, -3.71201e-12, -0.0871557, -4.46982e-12, -1, -8.49977e-12, -0.0871557, 8.857e-12, -0.996195, 0
9.91, 2025-07-03__00-41-18.659386, -0.0473162, -0.0937744, 0.0326969, -2.2926, -0.028439, 2.12414, 0.726165, -0.00243676, 0.403586, 0.0117574, 0.0329923, -0.00538488, 0.31833, 0.0449409, 0.155385, -10.3818, 0.256509, 5.13598, -0.238361, 0.907646, 0.416096, 0, 0, 0, 0, 0, 0, 0, 0.473442, -0.0146563, 0.144109, 0.486385, -0.0157403, 0.142593, 0.996195, -3.71201e-12, -0.0871557, -4.46982e-12, -1, -8.49977e-12, -0.0871557, 8.857e-12, -0.996195, 0
9.92, 2025-07-03__00-41-18.669383, -0.0473088, -0.0903024, 0.0327806, -2.29235, -0.0284793, 2.12704, 0.726537, 4.52163e-06, 0.331732, 0.00914038, 0.0252881, -0.00404453, 0.278485, 0.0326589, 0.112773, -9.18335, 0.206819, 4.6665, -0.25837, 0.921635, 0.475808, 0, 0, 0, 0, 0, 0, 0, 0.473942, -0.0145847, 0.14272, 0.486385, -0.0157403, 0.142593, 0.996195, -3.71201e-12, -0.0871557, -4.46982e-12, -1, -8.49977e-12, -0.0871557, 8.857e-12, -0.996195, 0
9.93, 2025-07-03__00-41-18.679386, -0.0472854, -0.0873738, 0.032829, -2.29212, -0.0285215, 2.12949, 0.726886, 0.00244857, 0.28732, 0.0062673, 0.0296336, -0.0105481, 0.236025, 0.0331887, 0.100214, -8.58244, 0.189779, 4.34435, -0.229485, 0.993809, 0.458717, 0, 0, 0, 0, 0, 0, 0, 0.474381, -0.0145362, 0.141564, 0.486385, -0.0157403, 0.142593, 0.996195, -3.71201e-12, -0.0871557, -4.46982e-12, -1, -8.49977e-12, -0.0871557, 8.857e-12, -0.996195, 0
9.94, 2025-07-03__00-41-18.689385, -0.0472947, -0.0848261, 0.0328669, -2.29187, -0.0285615, 2.13166, 0.727287, -0.00147771, 0.241199, 0.00219806, 0.0211693, -0.00618859, 0.218541, 0.0397528, 0.25876, -7.95129, 0.344917, 4.10912, -0.262873, 0.940734, 0.399806, 0, 0, 0, 0, 0, 0, 0, 0.474779, -0.0144964, 0.140567, 0.486385, -0.0157403, 0.142593, 0.996195, -3.71201e-12, -0.0871557, -4.46982e-12, -1, -8.49977e-12, -0.0871557, 8.857e-12, -0.996195, 0
9.95, 2025-07-03__00-41-18.699384, -0.0473102, -0.0831256, 0.0329131, -2.29168, -0.0285765, 2.13326, 0.727646, -0.00737375, 0.198502, 0.00782677, 0.0208672, -0.00244639, 0.196287, 0.0416095, 0.242123, -7.02865, 0.319579, 3.66891, -0.296287, 0.925805, 0.370598, 0, 0, 0, 0, 0, 0, 0, 0.475155, -0.0144703, 0.139853, 0.486385, -0.0157403, 0.142593, 0.996195, -3.71201e-12, -0.0871557, -4.46982e-12, -1, -8.49977e-12, -0.0871557, 8.857e-12, -0.996195, 0
9.96, 2025-07-03__00-41-18.709384, -0.0473047, -0.0812581, 0.0329542, -2.29146, -0.0286051, 2.13547, 0.728122, -0.00497253, 0.1368, 0.00446619, 0.0125278, -0.00281776, 0.171215, 0.0351898, 0.224576, -5.61109, 0.297844, 3.08557, -0.30355, 0.876115, 0.385249, 0, 0, 0, 0, 0, 0, 0, 0.47565, -0.0144406, 0.139238, 0.486385, -0.0157403, 0.142593, 0.996195, -3.71201e-12, -0.0871557, -4.46982e-12, -1, -8.49977e-12, -0.0871557, 8.857e-12, -0.996195, 0
9.97, 2025-07-03__00-41-18.719385, -0.0472914, -0.0801272, 0.032969, -2.29131, -0.0286334, 2.13704, 0.7284, 0.000777102, 0.108391, 0.00424608, 0.0204681, -0.00438836, 0.152284, 0.0183575, 0.0844988, -4.84878, 0.154983, 2.62094, -0.302372, 0.834613, 0.4735, 0, 0, 0, 0, 0, 0, 0, 0.476061, -0.0144174, 0.138849, 0.486385, -0.0157403, 0.142593, 0.996195, -3.71201e-12, -0.0871557, -4.46982e-12, -1, -8.49977e-12, -0.0871557, 8.857e-12, -0.996195, 0
9.98, 2025-07-03__00-41-18.729386, -0.0472939, -0.0792465, 0.0329858, -2.29117, -0.0286636, 2.13847, 0.7286, -0.00119875, 0.0817946, 0.00326393, 0.0101725, -0.0028723, 0.139222, 0.0174339, 0.134534, -4.36168, 0.202549, 2.49744, -0.312269, 0.817054, 0.469075, 0, 0, 0, 0, 0, 0, 0, 0.47646, -0.0144057, 0.138562, 0.486385, -0.0157403, 0.142593, 0.996195, -3.71201e-12, -0.0871557, -4.46982e-12, -1, -8.49977e-12, -0.0871557, 8.857e-12, -0.996195, 0
9.99, 2025-07-03__00-41-18.739386, -0.0473024, -0.0787423, 0.0329962, -2.2911, -0.0286973, 2.13971, 0.728823, -0.00460156, 0.0416493, 0.000522752, 0.00504877, -0.00582302, 0.12097, 0.0252722, 0.250361, -3.2016, 0.317339, 2.01681, -0.298907, 0.798285, 0.409481, 0, 0, 0, 0, 0, 0, 0, 0.476845, -0.0144077, 0.138417, 0.486385, -0.0157403, 0.142593, 0.996195, -3.71201e-12, -0.0871557, -4.46982e-12, -1, -8.49977e-12, -0.0871557, 8.857e-12, -0.996195, 0
10, 2025-07-03__00-41-18.749381, -0.0473055, -0.0785678, 0.0329958, -2.29107, -0.0287363, 2.14081, 0.729071, -0.00337396, 0.0104558, 0.000981894, 0.0042463, -0.0133131, 0.108954, 0.0143583, 0.193866, -2.16099, 0.258317, 1.54019, -0.256058, 0.74577, 0.462192, 0, 0, 0, 0, 0, 0, 0, 0.477208, -0.014416, 0.138402, 0.486385, -0.0157403, 0.142593, 0.996195, -3.71201e-12, -0.0871557, -4.46982e-12, -1, -8.49977e-12, -0.0871557, 8.857e-12, -0.996195, 0
10.01, 2025-07-03__00-41-18.759384, -0.0473083, -0.0785387, 0.0330015, -2.29102, -0.0287633, 2.14175, 0.729331, -0.000429337, -0.0019017, -0.000278242, 0.00694023, -0.00209193, 0.0989677, 0.02984, 0.148664, -1.67107, 0.213219, 1.26856, -0.330999, 0.715326, 0.352925, 0, 0, 0, 0, 0, 0, 0, 0.477559, -0.0144141, 0.13846, 0.486385, -0.0157403, 0.142593, 0.996195, -3.71201e-12, -0.0871557, -4.46982e-12, -1, -8.49977e-12, -0.0871557, 8.857e-12, -0.996195, 0
10.02, 2025-07-03__00-41-18.769387, -0.0473056, -0.0786299, 0.0330185, -2.29099, -0.0287797, 2.14255, 0.729503, 6.73371e-05, -0.00866011, 0.0022525, 0.00281101, -0.00204572, 0.0776468, 0.0190482, 0.0706821, -1.48292, 0.13255, 1.25705, -0.330717, 0.803427, 0.409038, 0, 0, 0, 0, 0, 0, 0, 0.477887, -0.0144128, 0.138573, 0.486385, -0.0157403, 0.142593, 0.996195, -3.71201e-12, -0.0871557, -4.46982e-12, -1, -8.49977e-12, -0.0871557, 8.857e-12, -0.996195, 0
10.03, 2025-07-03__00-41-18.779385, -0.0472975, -0.0787833, 0.0330221, -2.29096, -0.0287958, 2.14331, 0.729596, 0.000383313, -0.0194119, -0.000634634, 0.00501292, -0.000597148, 0.0702059, 0.00759387, 0.117976, -1.00064, 0.181666, 0.997455, -0.341659, 0.77017, 0.472614, 0, 0, 0, 0, 0, 0, 0, 0.478202, -0.0144063, 0.138703, 0.486385, -0.0157403, 0.142593, 0.996195, -3.71201e-12, -0.0871557, -4.46982e-12, -1, -8.49977e-12, -0.0871557, 8.857e-12, -0.996195, 0
10.04, 2025-07-03__00-41-18.789387, -0.0473025, -0.079048, 0.0330288, -2.29095, -0.0288112, 2.1441, 0.729719, -0.000969776, -0.0303442, -9.54595e-06, 0.00355667, -0.000496732, 0.0746057, 0.0149648, 0.124168, -0.508996, 0.187144, 0.757791, -0.343857, 0.661673, 0.420268, 0, 0, 0, 0, 0, 0, 0, 0.478526, -0.0144071, 0.138873, 0.486385, -0.0157403, 0.142593, 0.996195, -3.71201e-12, -0.0871557, -4.46982e-12, -1, -8.49977e-12, -0.0871557, 8.857e-12, -0.996195, 0
10.05, 2025-07-03__00-41-18.799384, -0.0473007, -0.0793584, 0.0330426, -2.29094, -0.0288272, 2.14481, 0.729876, -0.000954644, -0.0338898, 0.00504668, 0.00362405, 0.000378534, 0.0690916, 0.011347, 0.0012974, -0.257024, 0.0606194, 0.637243, -0.349998, 0.636647, 0.433049, 0, 0, 0, 0, 0, 0, 0, 0.478854, -0.0144096, 0.139079, 0.486385, -0.0157403, 0.142593, 0.996195, -3.71201e-12, -0.0871557, -4.46982e-12, -1, -8.49977e-12, -0.0871557, 8.857e-12, -0.996195, 0
10.06, 2025-07-03__00-41-18.809385, -0.0473003, -0.0796027, 0.0330408, -2.29089, -0.0288457, 2.14542, 0.73002, -0.00251693, -0.0216864, 0.00034846, 0.00453185, -0.00303387, 0.0556684, 0.0173076, 0.1519, -0.595988, 0.214828, 0.791161, -0.327088, 0.70454, 0.388703, 0, 0, 0, 0, 0, 0, 0, 0.479144, -0.014411, 0.139261, 0.486385, -0.0157403, 0.142593, 0.996195, -3.71201e-12, -0.0871557, -4.46982e-12, -1, -8.49977e-12, -0.0871557, 8.857e-12, -0.996195, 0
10.07, 2025-07-03__00-41-18.819386, -0.0472937, -0.0798525, 0.0330504, -2.29084, -0.0288579, 2.14599, 0.730161, 0.00159725, -0.0267473, 0.000710478, 0.00565705, -0.00235303, 0.0585757, 0.0225326, 0.0420153, -0.274114, 0.104526, 0.604586, -0.333492, 0.624389, 0.348582, 0, 0, 0, 0, 0, 0, 0, 0.479418, -0.0144077, 0.139437, 0.486385, -0.0157403, 0.142593, 0.996195, -3.71201e-12, -0.0871557, -4.46982e-12, -1, -8.49977e-12, -0.0871557, 8.857e-12, -0.996195, 0
10.08, 2025-07-03__00-41-18.829383, -0.0472946, -0.0801349, 0.033059, -2.2908, -0.0288604, 2.14648, 0.73023, 0.000266948, -0.027654, 0.00303759, 0.00558348, 0.000484533, 0.0483594, 0.003024, 0.014527, -0.142382, 0.0756651, 0.549757, -0.350712, 0.653132, 0.462485, 0, 0, 0, 0, 0, 0, 0, 0.479668, -0.0144116, 0.13962, 0.486385, -0.0157403, 0.142593, 0.996195, -3.71201e-12, -0.0871557, -4.46982e-12, -1, -8.49977e-12, -0.0871557, 8.857e-12, -0.996195, 0
10.09, 2025-07-03__00-41-18.839386, -0.0472993, -0.0803744, 0.0330688, -2.29074, -0.0288692, 2.14686, 0.730299, 0.00141168, -0.0238136, 0.00165331, 0.00535411, -0.00380159, 0.0413432, 0.00598175, 0.0207424, -0.192046, 0.0829574, 0.576257, -0.323559, 0.677571, 0.44073, 0, 0, 0, 0, 0, 0, 0, 0.47988, -0.0144131, 0.139788, 0.486385, -0.0157403, 0.142593, 0.996195, -3.71201e-12, -0.0871557, -4.46982e-12, -1, -8.49977e-12, -0.0871557, 8.857e-12, -0.996195, 0
10.1, 2025-07-03__00-41-18.849386, -0.0473003, -0.0805783, 0.0330581, -2.29069, -0.0288677, 2.14719, 0.730409, -0.0019432, -0.0175737, -0.0011625, 0.00313896, 2.78635e-05, 0.0335064, 0.0111258, 0.166294, -0.380489, 0.230839, 0.69021, -0.346494, 0.723862, 0.402595, 0, 0, 0, 0, 0, 0, 0, 0.480074, -0.0144164, 0.139936, 0.486385, -0.0157403, 0.142593, 0.996195, -3.71201e-12, -0.0871557, -4.46982e-12, -1, -8.49977e-12, -0.0871557, 8.857e-12, -0.996195, 0
10.11, 2025-07-03__00-41-18.859383, -0.0473, -0.0807945, 0.0330671, -2.29064, -0.0288761, 2.14745, 0.730498, 0.00124364, -0.0238705, 0.000673833, 0.0049379, 9.9739e-05, 0.0303578, 0.00859155, 0.0453853, -0.0366121, 0.108485, 0.504443, -0.349123, 0.702624, 0.412683, 0, 0, 0, 0, 0, 0, 0, 0.480231, -0.0144177, 0.140072, 0.486385, -0.0157403, 0.142593, 0.996195, -3.71201e-12, -0.0871557, -4.46982e-12, -1, -8.49977e-12, -0.0871557, 8.857e-12, -0.996195, 0
10.12, 2025-07-03__00-41-18.869374, -0.0473021, -0.0809678, 0.0330729, -2.29059, -0.0288805, 2.14766, 0.73056, -0.000524746, -0.0168408, 0.00150906, 0.00404134, -0.000172004, 0.0236178, -0.000804157, 0.0691802, -0.240319, 0.131908, 0.614318, -0.345461, 0.747611, 0.466034, 0, 0, 0, 0, 0, 0, 0, 0.480366, -0.0144157, 0.140196, 0.486385, -0.0157403, 0.142593, 0.996195, -3.71201e-12, -0.0871557, -4.46982e-12, -1, -8.49977e-12, -0.0871557, 8.857e-12, -0.996195, 0
10.13, 2025-07-03__00-41-18.879383, -0.0472992, -0.0811036, 0.033076, -2.29053, -0.0288856, 2.14785, 0.730643, 0.00182482, -0.0166778, -0.000215133, 0.00704394, -0.000111993, 0.0217493, 0.00321822, 0.054151, -0.13542, 0.118209, 0.520561, -0.347808, 0.733951, 0.436658, 0, 0, 0, 0, 0, 0, 0, 0.480488, -0.0144145, 0.140296, 0.486385, -0.0157403, 0.142593, 0.996195, -3.71201e-12, -0.0871557, -4.46982e-12, -1, -8.49977e-12, -0.0871557, 8.857e-12, -0.996195, 0
10.14, 2025-07-03__00-41-18.889375, -0.0473003, -0.0812522, 0.0330819, -2.29048, -0.0288869, 2.14802, 0.730723, -0.000744863, -0.0137605, 0.000329968, 0.0071356, 0.0001259, 0.0147837, 0.0102169, 0.100974, -0.187201, 0.164808, 0.547089, -0.349806, 0.771704, 0.389465, 0, 0, 0, 0, 0, 0, 0, 0.480598, -0.0144135, 0.140396, 0.486385, -0.0157403, 0.142593, 0.996195, -3.71201e-12, -0.0871557, -4.46982e-12, -1, -8.49977e-12, -0.0871557, 8.857e-12, -0.996195, 0
10.15, 2025-07-03__00-41-18.899387, -0.0473005, -0.081348, 0.0330791, -2.29044, -0.0288962, 2.14815, 0.730778, -0.00172573, -0.00815101, -0.000593071, 0.0065533, -0.000217223, 0.0164687, 0.00529768, 0.1475, -0.349727, 0.212119, 0.61862, -0.345814, 0.761994, 0.415944, 0, 0, 0, 0, 0, 0, 0, 0.480685, -0.0144208, 0.140475, 0.486385, -0.0157403, 0.142593, 0.996195, -3.71201e-12, -0.0871557, -4.46982e-12, -1, -8.49977e-12, -0.0871557, 8.857e-12, -0.996195, 0
10.16, 2025-07-03__00-41-18.909384, -0.0473028, -0.0814204, 0.0330803, -2.29039, -0.0288961, 2.14826, 0.730796, 9.0737e-05, -0.00297627, 0.00170396, 0.00280057, -0.000171635, 0.0090659, 0.0031676, 0.0574319, -0.571997, 0.120325, 0.778553, -0.344073, 0.824614, 0.428277, 0, 0, 0, 0, 0, 0, 0, 0.480773, -0.0144198, 0.140544, 0.486385, -0.0157403, 0.142593, 0.996195, -3.71201e-12, -0.0871557, -4.46982e-12, -1, -8.49977e-12, -0.0871557, 8.857e-12, -0.996195, 0
10.17, 2025-07-03__00-41-18.919383, -0.0473028, -0.0814847, 0.0330863, -2.29036, -0.0289043, 2.14837, 0.730826, 0.00234796, -0.00346171, -0.000263846, 0.00371971, -3.73207e-05, 0.0101845, 0.00258566, 0.0489293, -0.505802, 0.113167, 0.727864, -0.345197, 0.803307, 0.429944, 0, 0, 0, 0, 0, 0, 0, 0.480835, -0.014419, 0.140592, 0.486385, -0.0157403, 0.142593, 0.996195, -3.71201e-12, -0.0871557, -4.46982e-12, -1, -8.49977e-12, -0.0871557, 8.857e-12, -0.996195, 0
10.18, 2025-07-03__00-41-18.929384, -0.0472981, -0.0815424, 0.0330937, -2.29033, -0.0289038, 2.14848, 0.730878, -0.000891824, -0.00462395, 0.0031082, 0.00370378, 0.000191459, 0.0171486, 0.0099652, 0.0417462, -0.420827, 0.103609, 0.668143, -0.347498, 0.743098, 0.381935, 0, 0, 0, 0, 0, 0, 0, 0.480899, -0.0144139, 0.140638, 0.486385, -0.0157403, 0.142593, 0.996195, -3.71201e-12, -0.0871557, -4.46982e-12, -1, -8.49977e-12, -0.0871557, 8.857e-12, -0.996195, 0
10.19, 2025-07-03__00-41-18.939385, -0.047295, -0.0815968, 0.0330978, -2.2903, -0.0289057, 2.14856, 0.730904, 0.00155113, -0.00462555, 0.000306476, 0.00581138, 0.000201754, 0.00770189, 0.00366857, 0.0489774, -0.379369, 0.11285, 0.636292, -0.348373, 0.794439, 0.418606, 0, 0, 0, 0, 0, 0, 0, 0.480962, -0.0144174, 0.140688, 0.486385, -0.0157403, 0.142593, 0.996195, -3.71201e-12, -0.0871557, -4.46982e-12, -1, -8.49977e-12, -0.0871557, 8.857e-12, -0.996195, 0
10.2, 2025-07-03__00-41-18.949386, -0.0473028, -0.0816047, 0.0330935, -2.29028, -0.028907, 2.14864, 0.730915, -0.000475416, -0.0061521, 0.000436268, 0.00608894, -0.000376297, 0.00817062, 3.08687e-05, 0.093372, -0.31274, 0.157205, 0.595659, -0.344864, 0.781141, 0.439898, 0, 0, 0, 0, 0, 0, 0, 0.480989, -0.0144171, 0.140698, 0.486385, -0.0157403, 0.142593, 0.996195, -3.71201e-12, -0.0871557, -4.46982e-12, -1, -8.49977e-12, -0.0871557, 8.857e-12, -0.996195, 0
10.21, 2025-07-03__00-41-18.959385, -0.0473056, -0.0816234, 0.0330984, -2.29027, -0.028911, 2.14869, 0.730953, -0.0014262, -0.00178497, 0.000876387, 0.00134928, 6.00899e-06, 0.00232982, 0.00278276, 0.106947, -0.550154, 0.170175, 0.775101, -0.344718, 0.840974, 0.421294, 0, 0, 0, 0, 0, 0, 0, 0.481033, -0.0144168, 0.140726, 0.486385, -0.0157403, 0.142593, 0.996195, -3.71201e-12, -0.0871557, -4.46982e-12, -1, -8.49977e-12, -0.0871557, 8.857e-12, -0.996195, 0
10.22, 2025-07-03__00-41-18.969382, -0.0473028, -0.0816383, 0.0330991, -2.29026, -0.0289108, 2.14873, 0.73098, -2.59889e-05, 0.000444208, 6.78367e-05, -0.000582722, -1.43253e-05, 0.00402929, 0.000655228, 0.0935594, -0.649663, 0.157196, 0.840522, -0.343433, 0.836523, 0.43269, 0, 0, 0, 0, 0, 0, 0, 0.48105, -0.0144175, 0.140735, 0.486385, -0.0157403, 0.142593, 0.996195, -3.71201e-12, -0.0871557, -4.46982e-12, -1, -8.49977e-12, -0.0871557, 8.857e-12, -0.996195, 0
10.23, 2025-07-03__00-41-18.979383, -0.0472957, -0.0816469, 0.0331016, -2.29026, -0.0289122, 2.14879, 0.73102, 0.000850656, 0.00199768, 0.000752971, -0.00103572, -0.000361036, 0.0100948, 0.00484641, 0.0566958, -0.693824, 0.119711, 0.85422, -0.341108, 0.794861, 0.404988, 0, 0, 0, 0, 0, 0, 0, 0.48107, -0.0144175, 0.140744, 0.486385, -0.0157403, 0.142593, 0.996195, -3.71201e-12, -0.0871557, -4.46982e-12, -1, -8.49977e-12, -0.0871557, 8.857e-12, -0.996195, 0
10.24, 2025-07-03__00-41-18.989383, -0.0473027, -0.0816482, 0.0331026, -2.29024, -0.0289138, 2.14885, 0.731052, -0.000994995, 0.000280701, 0.000307197, 0.00148595, -0.000834678, 0.00430127, 0.00252008, 0.109777, -0.599316, 0.173159, 0.78567, -0.339465, 0.818969, 0.41715, 0, 0, 0, 0, 0, 0, 0, 0.481099, -0.0144151, 0.140752, 0.486385, -0.0157403, 0.142593, 0.996195, -3.71201e-12, -0.0871557, -4.46982e-12, -1, -8.49977e-12, -0.0871557, 8.857e-12, -0.996195, 0
10.25, 2025-07-03__00-41-18.999383, -0.047306, -0.0816597, 0.0331077, -2.29024, -0.0289141, 2.14889, 0.731073, -0.00140271, -0.00210626, 0.000113651, 0.00241236, 7.69454e-05, 0.00142592, 0.000445537, 0.121578, -0.500179, 0.185033, 0.73213, -0.345969, 0.828021, 0.428401, 0, 0, 0, 0, 0, 0, 0, 0.481111, -0.0144146, 0.140759, 0.486385, -0.0157403, 0.142593, 0.996195, -3.71201e-12, -0.0871557, -4.46982e-12, -1, -8.49977e-12, -0.0871557, 8.857e-12, -0.996195, 0
10.26, 2025-07-03__00-41-19.009385, -0.0472981, -0.081657, 0.0331027, -2.29025, -0.0289144, 2.14893, 0.731099, 0.00293935, 0.00083407, -0.00120123, -0.00652757, -4.551e-05, 0.00154704, 0.000714424, 0.0525434, -0.753455, 0.116227, 0.963493, -0.341207, 0.857978, 0.425759, 0, 0, 0, 0, 0, 0, 0, 0.481135, -0.0144136, 0.140769, 0.486385, -0.0157403, 0.142593, 0.996195, -3.71201e-12, -0.0871557, -4.46982e-12, -1, -8.49977e-12, -0.0871557, 8.857e-12, -0.996195, 0
10.27, 2025-07-03__00-41-19.019385, -0.0473006, -0.0816623, 0.0331108, -2.29023, -0.0289159, 2.14899, 0.731135, -0.000359874, -0.00060904, 0.00120925, -0.000526709, -0.000816959, 0.00788312, 0.0024189, 0.071256, -0.582212, 0.133532, 0.792097, -0.339178, 0.78818, 0.413013, 0, 0, 0, 0, 0, 0, 0, 0.481153, -0.0144137, 0.140774, 0.486385, -0.0157403, 0.142593, 0.996195, -3.71201e-12, -0.0871557, -4.46982e-12, -1, -8.49977e-12, -0.0871557, 8.857e-12, -0.996195, 0
10.28, 2025-07-03__00-41-19.029381, -0.047295, -0.0816654, 0.0331109, -2.29023, -0.0289166, 2.14904, 0.731168, 0.00313406, 0.000142095, 0.00125802, 0.000594842, -0.000234934, 0.00433209, 0.00622808, -0.008876, -0.592757, 0.0532428, 0.791107, -0.343763, 0.806935, 0.388246, 0, 0, 0, 0, 0, 0, 0, 0.481176, -0.014412, 0.14078, 0.486385, -0.0157403, 0.142593, 0.996195, -3.71201e-12, -0.0871557, -4.46982e-12, -1, -8.49977e-12, -0.0871557, 8.857e-12, -0.996195, 0
10.29, 2025-07-03__00-41-19.039382, -0.0472982, -0.0816729, 0.0331115, -2.29023, -0.0289191, 2.14907, 0.731181, 0.000972878, -0.00143174, 0.000372625, -0.000275485, -3.84281e-05, -0.000134889, 0.000481803, 0.0594002, -0.559544, 0.122068, 0.793122, -0.344403, 0.835214, 0.422229, 0, 0, 0, 0, 0, 0, 0, 0.481191, -0.0144111, 0.140787, 0.486385, -0.0157403, 0.142593, 0.996195, -3.71201e-12, -0.0871557, -4.46982e-12, -1, -8.49977e-12, -0.0871557, 8.857e-12, -0.996195, 0
10.3, 2025-07-03__00-41-19.049381, -0.0473089, -0.0816722, 0.0331087, -2.29023, -0.0289204, 2.1491, 0.731192, -0.00218437, 0.00133792, -0.000277355, 0.000682901, 8.90602e-06, 0.0022538, 0.000120084, 0.15048, -0.63921, 0.213846, 0.81094, -0.344291, 0.82005, 0.423527, 0, 0, 0, 0, 0, 0, 0, 0.481203, -0.0144138, 0.140792, 0.486385, -0.0157403, 0.142593, 0.996195, -3.71201e-12, -0.0871557, -4.46982e-12, -1, -8.49977e-12, -0.0871557, 8.857e-12, -0.996195, 0
10.31, 2025-07-03__00-41-19.059383, -0.047308, -0.0816731, 0.0331087, -2.29022, -0.0289207, 2.14913, 0.731214, 1.10858e-05, -0.000279391, 0.000650115, 0.00156363, -5.17605e-05, 0.00365562, 0.00591723, 0.07896, -0.558938, 0.141546, 0.759328, -0.345194, 0.801478, 0.387223, 0, 0, 0, 0, 0, 0, 0, 0.481215, -0.0144194, 0.140797, 0.486385, -0.0157403, 0.142593, 0.996195, -3.71201e-12, -0.0871557, -4.46982e-12, -1, -8.49977e-12, -0.0871557, 8.857e-12, -0.996195, 0
10.32, 2025-07-03__00-41-19.069377, -0.0473059, -0.0816761, 0.033109, -2.29022, -0.0289207, 2.14917, 0.731228, -0.000776092, -0.000574378, 0.000204521, 0.000143685, -0.00206832, 0.00167587, 0.000323571, 0.105722, -0.575598, 0.168455, 0.78804, -0.331731, 0.816206, 0.420465, 0, 0, 0, 0, 0, 0, 0, 0.481229, -0.0144164, 0.1408, 0.486385, -0.0157403, 0.142593, 0.996195, -3.71201e-12, -0.0871557, -4.46982e-12, -1, -8.49977e-12, -0.0871557, 8.857e-12, -0.996195, 0
10.33, 2025-07-03__00-41-19.079386, -0.047298, -0.0816765, 0.0331144, -2.29022, -0.0289208, 2.14922, 0.731243, 0.0012368, -0.000332654, -6.22909e-05, 0.000967344, 5.88543e-05, 0.0105255, 0.000719133, 0.0626695, -0.548574, 0.125587, 0.746309, -0.345348, 0.74966, 0.416934, 0, 0, 0, 0, 0, 0, 0, 0.481251, -0.0144114, 0.140804, 0.486385, -0.0157403, 0.142593, 0.996195, -3.71201e-12, -0.0871557, -4.46982e-12, -1, -8.49977e-12, -0.0871557, 8.857e-12, -0.996195, 0
10.34, 2025-07-03__00-41-19.089384, -0.047301, -0.0816811, 0.0331193, -2.29022, -0.0289233, 2.14927, 0.731256, 0.000362061, -0.00174605, 0.0010923, 0.000505543, 0.000217527, 0.00587903, 0.0010429, 0.0551878, -0.512733, 0.117154, 0.743884, -0.346405, 0.776529, 0.414315, 0, 0, 0, 0, 0, 0, 0, 0.481265, -0.0144143, 0.140807, 0.486385, -0.0157403, 0.142593, 0.996195, -3.71201e-12, -0.0871557, -4.46982e-12, -1, -8.49977e-12, -0.0871557, 8.857e-12, -0.996195, 0
10.35, 2025-07-03__00-41-19.099384, -0.0473028, -0.0816815, 0.0331151, -2.29021, -0.0289231, 2.14928, 0.731273, -0.000471239, -0.000807547, -0.000350606, -0.000186399, 0.000219713, 0.00212314, 0.00119429, 0.108971, -0.565185, 0.171956, 0.781927, -0.346088, 0.805718, 0.412399, 0, 0, 0, 0, 0, 0, 0, 0.481278, -0.014412, 0.140816, 0.486385, -0.0157403, 0.142593, 0.996195, -3.71201e-12, -0.0871557, -4.46982e-12, -1, -8.49977e-12, -0.0871557, 8.857e-12, -0.996195, 0
10.36, 2025-07-03__00-41-19.109386, -0.0473005, -0.081679, 0.0331158, -2.29021, -0.0289262, 2.1493, 0.731279, -0.00619475, 6.63644e-05, -0.000791802, 0.00104928, -0.000141676, 0.00509684, 0.000855854, 0.248342, -0.573988, 0.311928, 0.761023, -0.343647, 0.782554, 0.413711, 0, 0, 0, 0, 0, 0, 0, 0.481285, -0.0144075, 0.140816, 0.486385, -0.0157403, 0.142593, 0.996195, -3.71201e-12, -0.0871557, -4.46982e-12, -1, -8.49977e-12, -0.0871557, 8.857e-12, -0.996195, 0
10.37, 2025-07-03__00-41-19.119385, -0.0472999, -0.0816769, 0.0331274, -2.29021, -0.0289249, 2.14931, 0.731293, 0.00152644, 0.00105661, 0.00287384, 0.000191895, 8.23246e-05, 0.00197764, -0.000742126, -0.011394, -0.622711, 0.0491032, 0.807199, -0.345078, 0.807134, 0.423321, 0, 0, 0, 0, 0, 0, 0, 0.481284, -0.0144057, 0.140813, 0.486385, -0.0157403, 0.142593, 0.996195, -3.71201e-12, -0.0871557, -4.46982e-12, -1, -8.49977e-12, -0.0871557, 8.857e-12, -0.996195, 0
10.38, 2025-07-03__00-41-19.129384, -0.0473028, -0.0816846, 0.0331336, -2.29022, -0.028927, 2.14932, 0.731311, -0.000482874, -0.00161153, 0.00142018, -0.00218498, -0.000353735, -0.000294784, 0.000476834, 0.0641286, -0.573421, 0.125395, 0.817336, -0.34175, 0.824066, 0.414801, 0, 0, 0, 0, 0, 0, 0, 0.481291, -0.0144045, 0.140816, 0.486385, -0.0157403, 0.142593, 0.996195, -3.71201e-12, -0.0871557, -4.46982e-12, -1, -8.49977e-12, -0.0871557, 8.857e-12, -0.996195, 0
10.39, 2025-07-03__00-41-19.139385, -0.0472968, -0.0816875, 0.0331368, -2.29022, -0.028931, 2.14934, 0.731329, 0.000633795, -0.000878101, 0.00063125, -0.000119156, -0.000107086, 0.00421229, 0.00056696, 0.0552164, -0.553562, 0.117094, 0.772902, -0.343834, 0.786803, 0.413089, 0, 0, 0, 0, 0, 0, 0, 0.481294, -0.0144027, 0.140816, 0.486385, -0.0157403, 0.142593, 0.996195, -3.71201e-12, -0.0871557, -4.46982e-12, -1, -8.49977e-12, -0.0871557, 8.857e-12, -0.996195, 0
10.4, 2025-07-03__00-41-19.149382, -0.0472974, -0.0816854, 0.0331375, -2.29021, -0.028931, 2.14936, 0.731338, -0.000214561, 0.000147189, -0.000505731, -0.000544324, -0.000316289, 0.00280351, -9.09482e-05, 0.100873, -0.600125, 0.163562, 0.800168, -0.342139, 0.798546, 0.416507, 0, 0, 0, 0, 0, 0, 0, 0.481304, -0.0143999, 0.140822, 0.486385, -0.0157403, 0.142593, 0.996195, -3.71201e-12, -0.0871557, -4.46982e-12, -1, -8.49977e-12, -0.0871557, 8.857e-12, -0.996195, 0
10.41, 2025-07-03__00-41-19.159384, -0.0473, -0.0816879, 0.0331399, -2.29021, -0.0289293, 2.14937, 0.731346, 0.000409979, -0.000585561, -0.00043158, 0.000243719, 0.000272701, 0.000950624, -0.000217947, 0.0849251, -0.563109, 0.147542, 0.776811, -0.34647, 0.806569, 0.416802, 0, 0, 0, 0, 0, 0, 0, 0.481311, -0.0144038, 0.140824, 0.486385, -0.0157403, 0.142593, 0.996195, -3.71201e-12, -0.0871557, -4.46982e-12, -1, -8.49977e-12, -0.0871557, 8.857e-12, -0.996195, 0
10.42, 2025-07-03__00-41-19.169383, -0.0472979, -0.0816847, 0.0331481, -2.29021, -0.0289303, 2.14939, 0.731352, -0.000275006, 0.000272962, 0.00162027, -0.000382413, 0.000182857, 0.00485848, 0.000115211, 0.0517124, -0.5954, 0.112796, 0.792308, -0.345437, 0.781932, 0.414489, 0, 0, 0, 0, 0, 0, 0, 0.481317, -0.0143996, 0.140824, 0.486385, -0.0157403, 0.142593, 0.996195, -3.71201e-12, -0.0871557, -4.46982e-12, -1, -8.49977e-12, -0.0871557, 8.857e-12, -0.996195, 0
10.43, 2025-07-03__00-41-19.179385, -0.0472981, -0.0816802, 0.033147, -2.29021, -0.0289307, 2.14941, 0.73137, -0.000487535, 0.00109351, -0.00123673, -0.000502321, -0.00143007, 0.00244261, 0.00254544, 0.122565, -0.635275, 0.185627, 0.815641, -0.335325, 0.799589, 0.398734, 0, 0, 0, 0, 0, 0, 0, 0.481325, -0.0143952, 0.140827, 0.486385, -0.0157403, 0.142593, 0.996195, -3.71201e-12, -0.0871557, -4.46982e-12, -1, -8.49977e-12, -0.0871557, 8.857e-12, -0.996195, 0
10.44, 2025-07-03__00-41-19.189384, -0.0473027, -0.0816886, 0.0331502, -2.29021, -0.028931, 2.14943, 0.731378, -0.000452139, -0.00106788, -0.00143932, -0.000542581, -0.000165718, 0.000405979, 0.00034663, 0.125127, -0.559804, 0.188254, 0.783973, -0.343532, 0.807692, 0.411506, 0, 0, 0, 0, 0, 0, 0, 0.481332, -0.0143952, 0.140828, 0.486385, -0.0157403, 0.142593, 0.996195, -3.71201e-12, -0.0871557, -4.46982e-12, -1, -8.49977e-12, -0.0871557, 8.857e-12, -0.996195, 0
10.45, 2025-07-03__00-41-19.199384, -0.0473021, -0.0816883, 0.0331475, -2.2902, -0.028931, 2.14944, 0.731381, -0.000215171, -0.000738445, -0.000252482, 0.000873292, -0.00552241, 0.000991743, 0.00323865, 0.0943073, -0.544716, 0.156571, 0.759308, -0.310827, 0.798772, 0.394207, 0, 0, 0, 0, 0, 0, 0, 0.481335, -0.0143977, 0.140828, 0.486385, -0.0157403, 0.142593, 0.996195, -3.71201e-12, -0.0871557, -4.46982e-12, -1, -8.49977e-12, -0.0871557, 8.857e-12, -0.996195, 0
10.46, 2025-07-03__00-41-19.209384, -0.0473056, -0.081691, 0.0331511, -2.2902, -0.0289279, 2.14946, 0.731392, -0.00290903, -0.000846994, -0.000132252, -0.00016619, 0.0085751, 8.6098e-05, 0.00034707, 0.151372, -0.557927, 0.213868, 0.773766, -0.398519, 0.807101, 0.410004, 0, 0, 0, 0, 0, 0, 0, 0.481345, -0.0143967, 0.140836, 0.486385, -0.0157403, 0.142593, 0.996195, -3.71201e-12, -0.0871557, -4.46982e-12, -1, -8.49977e-12, -0.0871557, 8.857e-12, -0.996195, 0
10.47, 2025-07-03__00-41-19.219386, -0.0473024, -0.0816911, 0.033156, -2.2902, -0.028932, 2.14947, 0.731406, 0.00148609, -0.000793954, 0.00109276, 0.00107529, -0.000213559, -0.000110527, 7.23352e-06, 0.023173, -0.53688, 0.084391, 0.754869, -0.344102, 0.803414, 0.412166, 0, 0, 0, 0, 0, 0, 0, 0.481352, -0.0143963, 0.140836, 0.486385, -0.0157403, 0.142593, 0.996195, -3.71201e-12, -0.0871557, -4.46982e-12, -1, -8.49977e-12, -0.0871557, 8.857e-12, -0.996195, 0
10.48, 2025-07-03__00-41-19.229386, -0.0472979, -0.081692, 0.0331591, -2.29021, -0.0289336, 2.14948, 0.731414, 0.00102683, -0.00519754, 0.000399265, 0.000788584, -2.19521e-05, -0.000114246, 0.00130821, 0.0445109, -0.386829, 0.106054, 0.688305, -0.345911, 0.794602, 0.403664, 0, 0, 0, 0, 0, 0, 0, 0.481351, -0.0143936, 0.140835, 0.486385, -0.0157403, 0.142593, 0.996195, -3.71201e-12, -0.0871557, -4.46982e-12, -1, -8.49977e-12, -0.0871557, 8.857e-12, -0.996195, 0
10.49, 2025-07-03__00-41-19.239384, -0.0473003, -0.0816886, 0.0331591, -2.2902, -0.0289298, 2.14949, 0.731424, 0.000460736, -4.78001e-05, -7.86181e-05, 0.000523598, 0.000234526, 0.000932972, 0.00229068, 0.0721504, -0.572181, 0.134186, 0.774274, -0.346796, 0.798314, 0.397133, 0, 0, 0, 0, 0, 0, 0, 0.481354, -0.0143934, 0.140833, 0.486385, -0.0157403, 0.142593, 0.996195, -3.71201e-12, -0.0871557, -4.46982e-12, -1, -8.49977e-12, -0.0871557, 8.857e-12, -0.996195, 0
10.5, 2025-07-03__00-41-19.249386, -0.0473003, -0.0816879, 0.0331596, -2.29021, -0.0289347, 2.1495, 0.731424, 0.000595791, 0.0010457, -0.000204861, -0.0014982, -0.000312805, 0.000955698, -0.00168419, 0.071905, -0.646687, 0.133867, 0.835537, -0.341746, 0.806346, 0.421361, 0, 0, 0, 0, 0, 0, 0, 0.481363, -0.0143924, 0.14084, 0.486385, -0.0157403, 0.142593, 0.996195, -3.71201e-12, -0.0871557, -4.46982e-12, -1, -8.49977e-12, -0.0871557, 8.857e-12, -0.996195, 0
10.51, 2025-07-03__00-41-19.259383, -0.0473009, -0.081689, 0.0331651, -2.29021, -0.0289351, 2.14951, 0.731437, 0.00307028, 0.000760655, 0.000936581, -0.00117302, -9.36715e-05, 0.0026351, -0.0023449, -0.0113363, -0.624327, 0.0496504, 0.819403, -0.343413, 0.792156, 0.424754, 0, 0, 0, 0, 0, 0, 0, 0.481366, -0.01439, 0.140839, 0.486385, -0.0157403, 0.142593, 0.996195, -3.71201e-12, -0.0871557, -4.46982e-12, -1, -8.49977e-12, -0.0871557, 8.857e-12, -0.996195, 0
10.52, 2025-07-03__00-41-19.269383, -0.0473035, -0.0816918, 0.0331649, -2.29021, -0.0289355, 2.14951, 0.731463, -0.000299375, -0.00340553, 0.000832154, -0.00136559, 1.88279e-05, -0.00018174, 0.00289559, 0.0655894, -0.486544, 0.12657, 0.760838, -0.345102, 0.803413, 0.391274, 0, 0, 0, 0, 0, 0, 0, 0.481366, -0.014394, 0.140839, 0.486385, -0.0157403, 0.142593, 0.996195, -3.71201e-12, -0.0871557, -4.46982e-12, -1, -8.49977e-12, -0.0871557, 8.857e-12, -0.996195, 0
10.53, 2025-07-03__00-41-19.279386, -0.0473029, -0.0816943, 0.0331623, -2.29021, -0.0289351, 2.14952, 0.73147, -0.00134168, -0.0011155, 0.000318047, -0.00125769, 1.00323e-05, 0.0045874, 0.00140747, 0.102327, -0.556039, 0.163798, 0.781291, -0.344467, 0.774531, 0.399722, 0, 0, 0, 0, 0, 0, 0, 0.481366, -0.014393, 0.140838, 0.486385, -0.0157403, 0.142593, 0.996195, -3.71201e-12, -0.0871557, -4.46982e-12, -1, -8.49977e-12, -0.0871557, 8.857e-12, -0.996195, 0
10.54, 2025-07-03__00-41-19.289385, -0.047305, -0.081689, 0.0331652, -2.2902, -0.0289351, 2.14953, 0.731472, 0.0002226, 0.000201756, 0.000283992, 0.000165437, -0.00101793, 0.0016738, -0.00149704, 0.068965, -0.584482, 0.130462, 0.782768, -0.338384, 0.792111, 0.417421, 0, 0, 0, 0, 0, 0, 0, 0.481368, -0.0143947, 0.140836, 0.486385, -0.0157403, 0.142593, 0.996195, -3.71201e-12, -0.0871557, -4.46982e-12, -1, -8.49977e-12, -0.0871557, 8.857e-12, -0.996195, 0
10.55, 2025-07-03__00-41-19.299384, -0.0473024, -0.0816918, 0.033163, -2.2902, -0.0289358, 2.14953, 0.731481, 0.00173669, -0.0013608, -0.000735728, -0.000821276, 0.00380891, 0.000411247, 0.000263687, 0.0564191, -0.54582, 0.11859, 0.777973, -0.368647, 0.800437, 0.405952, 0, 0, 0, 0, 0, 0, 0, 0.481373, -0.0143893, 0.140839, 0.486385, -0.0157403, 0.142593, 0.996195, -3.71201e-12, -0.0871557, -4.46982e-12, -1, -8.49977e-12, -0.0871557, 8.857e-12, -0.996195, 0
10.56, 2025-07-03__00-41-19.309384, -0.047306, -0.081692, 0.0331624, -2.2902, -0.0289338, 2.14954, 0.731484, -4.31265e-06, -0.000203387, -0.00176696, 5.97499e-05, 0.000549357, -0.00013705, 0.000134245, 0.121298, -0.575671, 0.184287, 0.781468, -0.348428, 0.803495, 0.406629, 0, 0, 0, 0, 0, 0, 0, 0.481377, -0.0143941, 0.140843, 0.486385, -0.0157403, 0.142593, 0.996195, -3.71201e-12, -0.0871557, -4.46982e-12, -1, -8.49977e-12, -0.0871557, 8.857e-12, -0.996195, 0
10.57, 2025-07-03__00-41-19.319382, -0.0473034, -0.0816893, 0.0331634, -2.2902, -0.0289363, 2.14954, 0.731491, 0.000315771, 0.000766748, -0.000221894, 0.00156074, -9.96611e-05, 0.000341519, 0.000886842, 0.0793049, -0.583835, 0.141236, 0.767102, -0.344787, 0.797546, 0.401788, 0, 0, 0, 0, 0, 0, 0, 0.481371, -0.0143928, 0.140836, 0.486385, -0.0157403, 0.142593, 0.996195, -3.71201e-12, -0.0871557, -4.46982e-12, -1, -8.49977e-12, -0.0871557, 8.857e-12, -0.996195, 0
10.58, 2025-07-03__00-41-19.329384, -0.0473035, -0.0816946, 0.0331687, -2.29021, -0.0289372, 2.14956, 0.731498, 0.00100934, -0.000400977, 0.000514397, -0.00165729, -0.000299862, 0.0043504, 0.000980585, 0.0438311, -0.585808, 0.104912, 0.801442, -0.342327, 0.775916, 0.400893, 0, 0, 0, 0, 0, 0, 0, 0.481381, -0.0143938, 0.140843, 0.486385, -0.0157403, 0.142593, 0.996195, -3.71201e-12, -0.0871557, -4.46982e-12, -1, -8.49977e-12, -0.0871557, 8.857e-12, -0.996195, 0
10.59, 2025-07-03__00-41-19.339385, -0.0473012, -0.081695, 0.0331687, -2.2902, -0.0289388, 2.14956, 0.731501, -0.000444714, -0.00040034, -9.18452e-06, 0.000562269, 0.000105037, 0.00486101, -0.00151087, 0.088373, -0.547143, 0.150028, 0.752332, -0.345486, 0.765569, 0.415606, 0, 0, 0, 0, 0, 0, 0, 0.48138, -0.0143884, 0.140841, 0.486385, -0.0157403, 0.142593, 0.996195, -3.71201e-12, -0.0871557, -4.46982e-12, -1, -8.49977e-12, -0.0871557, 8.857e-12, -0.996195, 0
10.6, 2025-07-03__00-41-19.349382, -0.0473003, -0.0816975, 0.033174, -2.29021, -0.0289382, 2.14957, 0.731516, -7.66894e-05, -0.000644378, 0.000609016, -0.00123601, 0.00025772, 0.00351779, 0.00377985, 0.0644581, -0.571041, 0.125459, 0.790078, -0.346208, 0.779127, 0.382799, 0, 0, 0, 0, 0, 0, 0, 0.481389, -0.0143874, 0.140847, 0.486385, -0.0157403, 0.142593, 0.996195, -3.71201e-12, -0.0871557, -4.46982e-12, -1, -8.49977e-12, -0.0871557, 8.857e-12, -0.996195, 0
10.61, 2025-07-03__00-41-19.359384, -0.0473024, -0.0816952, 0.0331741, -2.29021, -0.0289399, 2.14958, 0.731516, -0.00124141, -6.97515e-05, 0.00129089, -0.00144676, -7.04072e-05, 0.000276556, 0.000369587, 0.0762781, -0.602935, 0.136796, 0.814039, -0.343658, 0.802807, 0.403561, 0, 0, 0, 0, 0, 0, 0, 0.481389, -0.0143871, 0.140847, 0.486385, -0.0157403, 0.142593, 0.996195, -3.71201e-12, -0.0871557, -4.46982e-12, -1, -8.49977e-12, -0.0871557, 8.857e-12, -0.996195, 0
10.62, 2025-07-03__00-41-19.369384, -0.0473006, -0.0816922, 0.0331724, -2.2902, -0.0289406, 2.14958, 0.731519, -0.00431507, 0.00108059, -1.34193e-05, 0.00021177, -0.000100118, -3.60826e-06, -0.0010697, 0.176473, -0.619183, 0.238184, 0.798014, -0.343692, 0.802319, 0.411848, 0, 0, 0, 0, 0, 0, 0, 0.481392, -0.0143893, 0.140846, 0.486385, -0.0157403, 0.142593, 0.996195, -3.71201e-12, -0.0871557, -4.46982e-12, -1, -8.49977e-12, -0.0871557, 8.857e-12, -0.996195, 0
10.63, 2025-07-03__00-41-19.379385, -0.0473031, -0.0816973, 0.0331751, -2.2902, -0.0289399, 2.14959, 0.731529, -0.00420719, 0.000129198, 0.000524682, 0.000286364, -1.36712e-05, 0.000953345, 0.00323325, 0.161291, -0.57941, 0.222565, 0.776547, -0.344812, 0.792526, 0.385178, 0, 0, 0, 0, 0, 0, 0, 0.481396, -0.0143891, 0.140848, 0.486385, -0.0157403, 0.142593, 0.996195, -3.71201e-12, -0.0871557, -4.46982e-12, -1, -8.49977e-12, -0.0871557, 8.857e-12, -0.996195, 0
10.64, 2025-07-03__00-41-19.389386, -0.0473049, -0.0816953, 0.0331731, -2.2902, -0.0289406, 2.14959, 0.731527, -0.00108942, 0.000579571, -0.000381053, 0.000569435, -0.000232097, -0.00052962, -0.009948, 0.111953, -0.593408, 0.173753, 0.784068, -0.342703, 0.802982, 0.465339, 0, 0, 0, 0, 0, 0, 0, 0.481396, -0.0143842, 0.140849, 0.486385, -0.0157403, 0.142593, 0.996195, -3.71201e-12, -0.0871557, -4.46982e-12, -1, -8.49977e-12, -0.0871557, 8.857e-12, -0.996195, 0
10.65, 2025-07-03__00-41-19.399383, -0.0473028, -0.0816953, 0.0331843, -2.2902, -0.0289399, 2.1496, 0.731535, -0.000766654, 0.000609683, 0.00130943, 0.000556715, 0.000153365, -9.95534e-06, -0.00192672, 0.0637351, -0.591606, 0.124247, 0.783147, -0.345774, 0.798452, 0.416353, 0, 0, 0, 0, 0, 0, 0, 0.481399, -0.0143841, 0.140848, 0.486385, -0.0157403, 0.142593, 0.996195, -3.71201e-12, -0.0871557, -4.46982e-12, -1, -8.49977e-12, -0.0871557, 8.857e-12, -0.996195, 0
10.66, 2025-07-03__00-41-19.409384, -0.0473028, -0.0816958, 0.0331815, -2.29021, -0.0289399, 2.1496, 0.731551, -0.000949224, 0.000221297, 1.57997e-05, -0.00390513, 0.00014243, -7.74653e-05, 0.00147197, 0.0967558, -0.654958, 0.157868, 0.868541, -0.344119, 0.812012, 0.394863, 0, 0, 0, 0, 0, 0, 0, 0.4814, -0.014384, 0.140849, 0.486385, -0.0157403, 0.142593, 0.996195, -3.71201e-12, -0.0871557, -4.46982e-12, -1, -8.49977e-12, -0.0871557, 8.857e-12, -0.996195, 0
10.67, 2025-07-03__00-41-19.419385, -0.0472978, -0.0816954, 0.0331814, -2.2902, -0.0289406, 2.14961, 0.731554, 0.000989435, -0.00015236, 0.000286495, -0.000228832, -0.000214003, 0.000241393, 0.00182762, 0.0462656, -0.576288, 0.107333, 0.785355, -0.343632, 0.796631, 0.39257, 0, 0, 0, 0, 0, 0, 0, 0.481402, -0.0143858, 0.140848, 0.486385, -0.0157403, 0.142593, 0.996195, -3.71201e-12, -0.0871557, -4.46982e-12, -1, -8.49977e-12, -0.0871557, 8.857e-12, -0.996195, 0
10.68, 2025-07-03__00-41-19.429384, -0.0473038, -0.0816982, 0.0331846, -2.2902, -0.0289407, 2.14962, 0.731553, -0.000500277, 0.000239658, 4.73921e-05, -0.00409872, -0.000275146, 0.000192646, -0.00090368, 0.0852343, -0.654988, 0.146264, 0.869209, -0.341298, 0.809062, 0.409203, 0, 0, 0, 0, 0, 0, 0, 0.481404, -0.0143864, 0.140852, 0.486385, -0.0157403, 0.142593, 0.996195, -3.71201e-12, -0.0871557, -4.46982e-12, -1, -8.49977e-12, -0.0871557, 8.857e-12, -0.996195, 0
10.69, 2025-07-03__00-41-19.439386, -0.0473003, -0.0816929, 0.0331847, -2.2902, -0.0289413, 2.14962, 0.731558, 0.000433797, 0.00162096, 0.000232373, -0.00178828, 8.74685e-05, 0.000585987, -0.000389125, 0.0605852, -0.665744, 0.121618, 0.845358, -0.344335, 0.802255, 0.40579, 0, 0, 0, 0, 0, 0, 0, 0.481407, -0.0143848, 0.140852, 0.486385, -0.0157403, 0.142593, 0.996195, -3.71201e-12, -0.0871557, -4.46982e-12, -1, -8.49977e-12, -0.0871557, 8.857e-12, -0.996195, 0
10.7, 2025-07-03__00-41-19.449386, -0.0473003, -0.0816985, 0.0331879, -2.2902, -0.02894, 2.14963, 0.731562, 0.000199237, -0.000326785, 0.000174524, 0.00123145, 0.000121966, 0.00040801, -0.000326816, 0.0657922, -0.544302, 0.127001, 0.750955, -0.346257, 0.789362, 0.405037, 0, 0, 0, 0, 0, 0, 0, 0.481411, -0.0143821, 0.140852, 0.486385, -0.0157403, 0.142593, 0.996195, -3.71201e-12, -0.0871557, -4.46982e-12, -1, -8.49977e-12, -0.0871557, 8.857e-12, -0.996195, 0
10.71, 2025-07-03__00-41-19.459384, -0.0473003, -0.0817004, 0.0331854, -2.29021, -0.0289407, 2.14963, 0.731565, -4.65551e-05, 4.93268e-05, -0.000395403, -0.00161743, -4.21245e-05, 0.00056782, -0.000841683, 0.0843876, -0.606574, 0.145832, 0.815939, -0.343832, 0.798077, 0.408028, 0, 0, 0, 0, 0, 0, 0, 0.481411, -0.014381, 0.140852, 0.486385, -0.0157403, 0.142593, 0.996195, -3.71201e-12, -0.0871557, -4.46982e-12, -1, -8.49977e-12, -0.0871557, 8.857e-12, -0.996195, 0
10.72, 2025-07-03__00-41-19.469387, -0.0472978, -0.0817014, 0.0331854, -2.2902, -0.0289445, 2.14964, 0.73158, 0.00126787, 0.000175596, 5.13054e-05, -0.000969005, 6.51534e-05, 0.000319106, 0.00281687, 0.0444859, -0.597122, 0.105558, 0.803461, -0.344951, 0.796832, 0.385074, 0, 0, 0, 0, 0, 0, 0, 0.481415, -0.0143842, 0.140854, 0.486385, -0.0157403, 0.142593, 0.996195, -3.71201e-12, -0.0871557, -4.46982e-12, -1, -8.49977e-12, -0.0871557, 8.857e-12, -0.996195, 0
10.73, 2025-07-03__00-41-19.479385, -0.0473006, -0.0817014, 0.033191, -2.29019, -0.028941, 2.14964, 0.731576, -0.00125964, 4.75814e-05, -0.00037128, 0.00132747, 6.59026e-05, 6.39364e-05, -0.000850897, 0.110825, -0.555121, 0.172438, 0.753023, -0.345819, 0.791373, 0.40731, 0, 0, 0, 0, 0, 0, 0, 0.481415, -0.0143782, 0.140854, 0.486385, -0.0157403, 0.142593, 0.996195, -3.71201e-12, -0.0871557, -4.46982e-12, -1, -8.49977e-12, -0.0871557, 8.857e-12, -0.996195, 0
10.74, 2025-07-03__00-41-19.489385, -0.0473035, -0.0816986, 0.0331943, -2.2902, -0.0289401, 2.14964, 0.731585, -0.000718587, 0.00100677, 0.0010503, 8.92778e-05, 6.88925e-05, 0.000685495, 0.000948922, 0.0667436, -0.609897, 0.127197, 0.795185, -0.345341, 0.793042, 0.396021, 0, 0, 0, 0, 0, 0, 0, 0.481413, -0.0143804, 0.14085, 0.486385, -0.0157403, 0.142593, 0.996195, -3.71201e-12, -0.0871557, -4.46982e-12, -1, -8.49977e-12, -0.0871557, 8.857e-12, -0.996195, 0
10.75, 2025-07-03__00-41-19.499384, -0.0473003, -0.0817014, 0.0331971, -2.2902, -0.028944, 2.14965, 0.731587, -6.50884e-05, -0.000448413, 0.0011546, 0.00048703, -0.000167079, 2.75816e-05, 5.51999e-05, 0.0473164, -0.551126, 0.107611, 0.764373, -0.344077, 0.792464, 0.401377, 0, 0, 0, 0, 0, 0, 0, 0.481418, -0.0143792, 0.140853, 0.486385, -0.0157403, 0.142593, 0.996195, -3.71201e-12, -0.0871557, -4.46982e-12, -1, -8.49977e-12, -0.0871557, 8.857e-12, -0.996195, 0
10.76, 2025-07-03__00-41-19.509385, -0.0473056, -0.0816986, 0.0331971, -2.29019, -0.0289417, 2.14965, 0.731593, -0.002109, 0.000947495, 0.000570056, 0.00127093, -0.000278058, -4.98283e-05, 0.00159988, 0.109281, -0.588988, 0.170158, 0.769859, -0.343662, 0.793541, 0.39154, 0, 0, 0, 0, 0, 0, 0, 0.481418, -0.0143785, 0.140855, 0.486385, -0.0157403, 0.142593, 0.996195, -3.71201e-12, -0.0871557, -4.46982e-12, -1, -8.49977e-12, -0.0871557, 8.857e-12, -0.996195, 0
10.77, 2025-07-03__00-41-19.519384, -0.0473003, -0.0816987, 0.0331925, -2.2902, -0.028945, 2.14966, 0.731594, 0.000221282, 0.000872333, -0.00110667, 0.000219313, -0.000276508, 0.000278428, 9.33358e-05, 0.0939785, -0.604233, 0.155908, 0.790659, -0.342978, 0.793903, 0.400675, 0, 0, 0, 0, 0, 0, 0, 0.481422, -0.0143775, 0.140855, 0.486385, -0.0157403, 0.142593, 0.996195, -3.71201e-12, -0.0871557, -4.46982e-12, -1, -8.49977e-12, -0.0871557, 8.857e-12, -0.996195, 0
10.78, 2025-07-03__00-41-19.529382, -0.0473031, -0.0817014, 0.033195, -2.2902, -0.0289454, 2.14966, 0.731591, 0.000427578, -0.000149382, -0.000580881, -5.72585e-05, -0.000109806, 0.000173539, -0.000557418, 0.0766475, -0.571225, 0.13814, 0.779201, -0.344038, 0.793192, 0.404811, 0, 0, 0, 0, 0, 0, 0, 0.481427, -0.0143789, 0.14086, 0.486385, -0.0157403, 0.142593, 0.996195, -3.71201e-12, -0.0871557, -4.46982e-12, -1, -8.49977e-12, -0.0871557, 8.857e-12, -0.996195, 0
10.79, 2025-07-03__00-41-19.539386, -0.0473028, -0.0816995, 0.0332028, -2.2902, -0.028944, 2.14966, 0.731599, -0.000443441, 0.000477992, 0.00119364, 0.00032184, 0.000334703, -0.000192156, 0.000629051, 0.0549165, -0.587846, 0.115143, 0.783564, -0.347057, 0.795827, 0.397184, 0, 0, 0, 0, 0, 0, 0, 0.481422, -0.0143781, 0.140857, 0.486385, -0.0157403, 0.142593, 0.996195, -3.71201e-12, -0.0871557, -4.46982e-12, -1, -8.49977e-12, -0.0871557, 8.857e-12, -0.996195, 0
10.8, 2025-07-03__00-41-19.549383, -0.0473028, -0.0816969, 0.0332007, -2.29019, -0.0289439, 2.14966, 0.7316, -0.00118929, 0.00164366, 0.000178745, 0.000538755, -0.000133618, -9.06125e-05, -0.00126352, 0.0960519, -0.626073, 0.157083, 0.796514, -0.343865, 0.796893, 0.408537, 0, 0, 0, 0, 0, 0, 0, 0.481426, -0.0143749, 0.140857, 0.486385, -0.0157403, 0.142593, 0.996195, -3.71201e-12, -0.0871557, -4.46982e-12, -1, -8.49977e-12, -0.0871557, 8.857e-12, -0.996195, 0
10.81, 2025-07-03__00-41-19.559383, -0.0473029, -0.0816987, 0.0331975, -2.2902, -0.028945, 2.14967, 0.731609, -0.000733252, 0.000947914, -0.00188387, 1.22835e-05, -0.000342726, 0.0032403, 0.0034682, 0.132585, -0.60495, 0.19503, 0.786274, -0.342629, 0.773666, 0.379204, 0, 0, 0, 0, 0, 0, 0, 0.481425, -0.0143731, 0.140856, 0.486385, -0.0157403, 0.142593, 0.996195, -3.71201e-12, -0.0871557, -4.46982e-12, -1, -8.49977e-12, -0.0871557, 8.857e-12, -0.996195, 0
10.82, 2025-07-03__00-41-19.569388, -0.0473078, -0.0817045, 0.0332038, -2.29019, -0.0289443, 2.14967, 0.73161, -0.00107058, -4.84446e-06, 0.000109587, 0.000712501, -7.3488e-05, 1.80766e-05, -0.000504927, 0.0942726, -0.561249, 0.155271, 0.763493, -0.344699, 0.791242, 0.403324, 0, 0, 0, 0, 0, 0, 0, 0.481426, -0.0143768, 0.140857, 0.486385, -0.0157403, 0.142593, 0.996195, -3.71201e-12, -0.0871557, -4.46982e-12, -1, -8.49977e-12, -0.0871557, 8.857e-12, -0.996195, 0
10.83, 2025-07-03__00-41-19.579386, -0.047301, -0.0817038, 0.0332013, -2.29019, -0.028945, 2.14967, 0.73162, 1.13312e-05, -0.000121274, -0.000980326, 0.00232601, -0.000166816, 2.74744e-05, 0.00231993, 0.0940007, -0.530359, 0.155829, 0.728908, -0.345002, 0.785953, 0.385568, 0, 0, 0, 0, 0, 0, 0, 0.481426, -0.014374, 0.140856, 0.486385, -0.0157403, 0.142593, 0.996195, -3.71201e-12, -0.0871557, -4.46982e-12, -1, -8.49977e-12, -0.0871557, 8.857e-12, -0.996195, 0
10.84, 2025-07-03__00-41-19.589379, -0.0472979, -0.0817045, 0.0332014, -2.2902, -0.0289446, 2.14967, 0.731619, 0.00123353, 0.000184194, -0.000518328, -0.000399736, 5.46376e-05, 0.000656562, 0.000698552, 0.0545648, -0.585669, 0.115852, 0.789502, -0.345144, 0.79074, 0.395615, 0, 0, 0, 0, 0, 0, 0, 0.48143, -0.0143759, 0.140859, 0.486385, -0.0157403, 0.142593, 0.996195, -3.71201e-12, -0.0871557, -4.46982e-12, -1, -8.49977e-12, -0.0871557, 8.857e-12, -0.996195, 0
10.85, 2025-07-03__00-41-19.599394, -0.0473029, -0.0817018, 0.033206, -2.2902, -0.0289454, 2.14968, 0.731623, -0.000470455, 0.000818681, 0.000415643, -0.00179113, -0.000189619, 4.48015e-05, 0.0019341, 0.0723069, -0.63403, 0.132853, 0.830196, -0.342911, 0.799953, 0.387935, 0, 0, 0, 0, 0, 0, 0, 0.481426, -0.0143758, 0.140858, 0.486385, -0.0157403, 0.142593, 0.996195, -3.71201e-12, -0.0871557, -4.46982e-12, -1, -8.49977e-12, -0.0871557, 8.857e-12, -0.996195, 0
10.86, 2025-07-03__00-41-19.609385, -0.0473003, -0.0817046, 0.0332152, -2.2902, -0.0289415, 2.14968, 0.731623, 0.000224999, -0.000183071, 0.00340401, -0.000805703, 0.000193173, 0.0003458, 0.000116139, -0.0144441, -0.57757, 0.0439334, 0.793074, -0.346125, 0.792403, 0.39908, 0, 0, 0, 0, 0, 0, 0, 0.481429, -0.0143743, 0.140857, 0.486385, -0.0157403, 0.142593, 0.996195, -3.71201e-12, -0.0871557, -4.46982e-12, -1, -8.49977e-12, -0.0871557, 8.857e-12, -0.996195, 0
10.87, 2025-07-03__00-41-19.619388, -0.0473003, -0.0817046, 0.0332092, -2.2902, -0.0289454, 2.14968, 0.731624, -0.000273467, -0.000252966, 0.000230768, -0.000394218, -0.000148744, -0.000394259, -0.000785894, 0.0701705, -0.572498, 0.130879, 0.784972, -0.343794, 0.79644, 0.404314, 0, 0, 0, 0, 0, 0, 0, 0.481429, -0.0143716, 0.140857, 0.486385, -0.0157403, 0.142593, 0.996195, -3.71201e-12, -0.0871557, -4.46982e-12, -1, -8.49977e-12, -0.0871557, 8.857e-12, -0.996195, 0
10.88, 2025-07-03__00-41-19.629386, -0.0473028, -0.0817074, 0.0332123, -2.2902, -0.0289447, 2.14968, 0.731627, -0.000483095, 0.000345788, 0.000629301, 0.000551121, 8.27144e-05, 0.000792462, -0.0012693, 0.0662075, -0.5743, 0.126697, 0.771752, -0.345527, 0.786598, 0.407019, 0, 0, 0, 0, 0, 0, 0, 0.481431, -0.0143715, 0.14086, 0.486385, -0.0157403, 0.142593, 0.996195, -3.71201e-12, -0.0871557, -4.46982e-12, -1, -8.49977e-12, -0.0871557, 8.857e-12, -0.996195, 0
10.89, 2025-07-03__00-41-19.639385, -0.0473038, -0.0817049, 0.0332078, -2.2902, -0.0289447, 2.14968, 0.731636, -0.000656337, 0.000231446, -0.000500618, -0.00100259, 6.27703e-05, 0.00109185, 0.00121521, 0.0967066, -0.597346, 0.157913, 0.800333, -0.344933, 0.789133, 0.391405, 0, 0, 0, 0, 0, 0, 0, 0.48143, -0.0143753, 0.14086, 0.486385, -0.0157403, 0.142593, 0.996195, -3.71201e-12, -0.0871557, -4.46982e-12, -1, -8.49977e-12, -0.0871557, 8.857e-12, -0.996195, 0
10.9, 2025-07-03__00-41-19.649385, -0.0473028, -0.081707, 0.0332078, -2.2902, -0.0289457, 2.14969, 0.731639, 0.00175192, -0.00025517, -0.000721201, 0.000222829, 0.00488141, -0.000105718, -0.00058315, 0.0467031, -0.55878, 0.108142, 0.768906, -0.375658, 0.791828, 0.40191, 0, 0, 0, 0, 0, 0, 0, 0.481438, -0.0143723, 0.140864, 0.486385, -0.0157403, 0.142593, 0.996195, -3.71201e-12, -0.0871557, -4.46982e-12, -1, -8.49977e-12, -0.0871557, 8.857e-12, -0.996195, 0
10.91, 2025-07-03__00-41-19.659385, -0.0473035, -0.0817077, 0.0332113, -2.29019, -0.0289448, 2.14969, 0.731642, 0.00218786, -0.000769038, -0.000427082, 0.000607353, 0.00050693, 0.000437564, 0.0007714, 0.0295583, -0.5312, 0.0906553, 0.75072, -0.348744, 0.785319, 0.393817, 0, 0, 0, 0, 0, 0, 0, 0.481438, -0.0143707, 0.140863, 0.486385, -0.0157403, 0.142593, 0.996195, -3.71201e-12, -0.0871557, -4.46982e-12, -1, -8.49977e-12, -0.0871557, 8.857e-12, -0.996195, 0
10.92, 2025-07-03__00-41-19.669387, -0.0473042, -0.0817047, 0.0332078, -2.2902, -0.0289468, 2.14969, 0.731641, 0.000187817, 0.000459071, -0.000570866, -0.00226123, -0.00239848, -9.4629e-05, -0.00147463, 0.079256, -0.628784, 0.140307, 0.834191, -0.328744, 0.800885, 0.407697, 0, 0, 0, 0, 0, 0, 0, 0.481433, -0.0143757, 0.140859, 0.486385, -0.0157403, 0.142593, 0.996195, -3.71201e-12, -0.0871557, -4.46982e-12, -1, -8.49977e-12, -0.0871557, 8.857e-12, -0.996195, 0
10.93, 2025-07-03__00-41-19.679385, -0.0473034, -0.0817077, 0.0332102, -2.2902, -0.0289441, 2.14969, 0.731647, 0.000386974, -0.00035989, -0.000564236, 0.000442444, 0.000155614, -9.20559e-05, -0.00112021, 0.0738012, -0.55277, 0.135038, 0.764286, -0.346224, 0.790849, 0.40494, 0, 0, 0, 0, 0, 0, 0, 0.481434, -0.0143727, 0.14086, 0.486385, -0.0157403, 0.142593, 0.996195, -3.71201e-12, -0.0871557, -4.46982e-12, -1, -8.49977e-12, -0.0871557, 8.857e-12, -0.996195, 0
10.94, 2025-07-03__00-41-19.689385, -0.0473088, -0.0817049, 0.033211, -2.2902, -0.0289453, 2.1497, 0.731654, -0.00185699, 0.000977687, -0.000896941, -0.00059327, 0.000427739, 0.000109923, 0.00184392, 0.133981, -0.619677, 0.195486, 0.806309, -0.347287, 0.795002, 0.38647, 0, 0, 0, 0, 0, 0, 0, 0.481442, -0.0143725, 0.140864, 0.486385, -0.0157403, 0.142593, 0.996195, -3.71201e-12, -0.0871557, -4.46982e-12, -1, -8.49977e-12, -0.0871557, 8.857e-12, -0.996195, 0
10.95, 2025-07-03__00-41-19.699384, -0.0473029, -0.0817103, 0.0332135, -2.2902, -0.0289455, 2.1497, 0.731652, -0.000642131, -0.000675428, 0.000293003, -0.00109999, -9.87014e-05, -2.79124e-05, 0.00032325, 0.0762986, -0.56607, 0.136807, 0.789354, -0.344051, 0.793667, 0.395949, 0, 0, 0, 0, 0, 0, 0, 0.481434, -0.0143705, 0.140862, 0.486385, -0.0157403, 0.142593, 0.996195, -3.71201e-12, -0.0871557, -4.46982e-12, -1, -8.49977e-12, -0.0871557, 8.857e-12, -0.996195, 0
10.96, 2025-07-03__00-41-19.709384, -0.0473039, -0.0817071, 0.0332163, -2.2902, -0.0289437, 2.1497, 0.731657, -0.00077075, 0.00114553, 0.00105913, -0.000108318, 0.000448391, -0.000177904, -0.00242086, 0.0627734, -0.615245, 0.122823, 0.800743, -0.347517, 0.795638, 0.412298, 0, 0, 0, 0, 0, 0, 0, 0.481438, -0.0143706, 0.140862, 0.486385, -0.0157403, 0.142593, 0.996195, -3.71201e-12, -0.0871557, -4.46982e-12, -1, -8.49977e-12, -0.0871557, 8.857e-12, -0.996195, 0
10.97, 2025-07-03__00-41-19.719382, -0.0473039, -0.081705, 0.0332145, -2.2902, -0.0289477, 2.1497, 0.731662, -0.000535764, 0.000254643, 0.000613562, -0.00104636, 0.000395083, 0.000245911, 0.00105318, 0.0673402, -0.599173, 0.127597, 0.80376, -0.346965, 0.793657, 0.390967, 0, 0, 0, 0, 0, 0, 0, 0.481437, -0.0143719, 0.140861, 0.486385, -0.0157403, 0.142593, 0.996195, -3.71201e-12, -0.0871557, -4.46982e-12, -1, -8.49977e-12, -0.0871557, 8.857e-12, -0.996195, 0
10.98, 2025-07-03__00-41-19.729385, -0.0473066, -0.081705, 0.0332195, -2.2902, -0.0289447, 2.1497, 0.731665, -0.00192605, 0.000932533, 0.000574091, -0.000635684, 0.000161333, -0.000293018, 0.000390486, 0.0997397, -0.618599, 0.160079, 0.808207, -0.34561, 0.797699, 0.394728, 0, 0, 0, 0, 0, 0, 0, 0.481442, -0.0143703, 0.140865, 0.486385, -0.0157403, 0.142593, 0.996195, -3.71201e-12, -0.0871557, -4.46982e-12, -1, -8.49977e-12, -0.0871557, 8.857e-12, -0.996195, 0
10.99, 2025-07-03__00-41-19.739383, -0.0473035, -0.0817078, 0.0332167, -2.2902, -0.0289465, 2.1497, 0.731668, -0.000758169, -0.000203805, -3.53586e-05, -0.000642179, -8.91333e-06, 0.000693714, 0.000894314, 0.0862259, -0.574822, 0.146933, 0.786031, -0.344711, 0.788374, 0.3915, 0, 0, 0, 0, 0, 0, 0, 0.481437, -0.0143718, 0.140861, 0.486385, -0.0157403, 0.142593, 0.996195, -3.71201e-12, -0.0871557, -4.46982e-12, -1, -8.49977e-12, -0.0871557, 8.857e-12, -0.996195, 0
11, 2025-07-03__00-41-19.749388, -0.0473009, -0.081713, 0.0332167, -2.2902, -0.0289451, 2.1497, 0.731668, 0.000912029, -0.00188066, 0.000611634, 0.000227297, 0.000232913, -0.000317609, -0.00106732, 0.0321793, -0.49929, 0.0923876, 0.743155, -0.347, 0.788858, 0.403486, 0, 0, 0, 0, 0, 0, 0, 0.481437, -0.0143718, 0.140861, 0.486385, -0.0157403, 0.142593, 0.996195, -3.71201e-12, -0.0871557, -4.46982e-12, -1, -8.49977e-12, -0.0871557, 8.857e-12, -0.996195, 0
11.01, 2025-07-03__00-41-19.759383, -0.0473004, -0.0817133, 0.0332174, -2.2902, -0.0289464, 2.14971, 0.731671, -0.000302647, -0.000645021, -0.000425084, -0.000181408, -0.000335901, -6.04664e-05, 0.000167897, 0.083679, -0.550819, 0.144657, 0.770543, -0.342961, 0.790427, 0.395759, 0, 0, 0, 0, 0, 0, 0, 0.481438, -0.0143653, 0.140862, 0.486385, -0.0157403, 0.142593, 0.996195, -3.71201e-12, -0.0871557, -4.46982e-12, -1, -8.49977e-12, -0.0871557, 8.857e-12, -0.996195, 0
11.02, 2025-07-03__00-41-19.769385, -0.0473, -0.0817108, 0.0332189, -2.29019, -0.028949, 2.14971, 0.731676, 0.00115055, -0.000497389, 0.000490009, 0.0015573, -0.000389955, 0.00269568, 0.000964651, 0.0300109, -0.518693, 0.0903637, 0.728443, -0.343317, 0.765974, 0.390676, 0, 0, 0, 0, 0, 0, 0, 0.481441, -0.0143721, 0.140862, 0.486385, -0.0157403, 0.142593, 0.996195, -3.71201e-12, -0.0871557, -4.46982e-12, -1, -8.49977e-12, -0.0871557, 8.857e-12, -0.996195, 0
11.03, 2025-07-03__00-41-19.779385, -0.0473087, -0.0817109, 0.0332199, -2.29019, -0.0289502, 2.14971, 0.731674, -0.000740835, 0.000103041, 0.000221923, 0.000695376, -0.000172284, 0.000984412, 0.00259842, 0.0810613, -0.559523, 0.141632, 0.760449, -0.344177, 0.781836, 0.380836, 0, 0, 0, 0, 0, 0, 0, 0.481443, -0.0143684, 0.140867, 0.486385, -0.0157403, 0.142593, 0.996195, -3.71201e-12, -0.0871557, -4.46982e-12, -1, -8.49977e-12, -0.0871557, 8.857e-12, -0.996195, 0
11.04, 2025-07-03__00-41-19.789383, -0.0473035, -0.0817082, 0.0332199, -2.29019, -0.0289493, 2.14971, 0.731681, 0.00232681, 0.000929194, 0.00053153, -3.35995e-05, 6.1463e-05, 4.13952e-05, 0.00175259, 0.00394865, -0.601688, 0.0641349, 0.793025, -0.345387, 0.792081, 0.385786, 0, 0, 0, 0, 0, 0, 0, 0.481447, -0.014372, 0.140868, 0.486385, -0.0157403, 0.142593, 0.996195, -3.71201e-12, -0.0871557, -4.46982e-12, -1, -8.49977e-12, -0.0871557, 8.857e-12, -0.996195, 0
11.05, 2025-07-03__00-41-19.799383, -0.0473014, -0.0817109, 0.0332199, -2.29019, -0.0289449, 2.14971, 0.731682, 0.000468742, -0.000165756, -0.000219338, 0.00167919, -0.000109078, 0.000130184, 0.000450447, 0.0620417, -0.534807, 0.122938, 0.738835, -0.345295, 0.784124, 0.393392, 0, 0, 0, 0, 0, 0, 0, 0.481441, -0.014371, 0.140862, 0.486385, -0.0157403, 0.142593, 0.996195, -3.71201e-12, -0.0871557, -4.46982e-12, -1, -8.49977e-12, -0.0871557, 8.857e-12, -0.996195, 0
11.06, 2025-07-03__00-41-19.809383, -0.0473087, -0.0817082, 0.0332227, -2.2902, -0.0289488, 2.14971, 0.731688, -0.00192691, 0.000751263, 0.00232537, -0.000887952, -0.000187205, -3.40318e-05, 0.00428988, 0.0599031, -0.613128, 0.118849, 0.809197, -0.34353, 0.795285, 0.369917, 0, 0, 0, 0, 0, 0, 0, 0.481442, -0.0143662, 0.140863, 0.486385, -0.0157403, 0.142593, 0.996195, -3.71201e-12, -0.0871557, -4.46982e-12, -1, -8.49977e-12, -0.0871557, 8.857e-12, -0.996195, 0
11.07, 2025-07-03__00-41-19.819382, -0.0473088, -0.0817109, 0.0332229, -2.2902, -0.0289497, 2.14971, 0.731688, -0.00142882, 0.000259911, 0.00155748, -0.000703118, -0.000424486, -4.40038e-05, 7.7061e-05, 0.0654743, -0.591935, 0.124932, 0.796931, -0.341879, 0.793802, 0.395427, 0, 0, 0, 0, 0, 0, 0, 0.481448, -0.0143723, 0.14087, 0.486385, -0.0157403, 0.142593, 0.996195, -3.71201e-12, -0.0871557, -4.46982e-12, -1, -8.49977e-12, -0.0871557, 8.857e-12, -0.996195, 0
11.08, 2025-07-03__00-41-19.829384, -0.0473113, -0.0817109, 0.0332223, -2.2902, -0.0289481, 2.14971, 0.731682, -0.00263922, -4.10946e-05, 0.000136289, 0.000201417, 0.000203261, -0.000358218, -0.0015921, 0.125635, -0.568569, 0.186252, 0.773654, -0.346107, 0.792862, 0.405666, 0, 0, 0, 0, 0, 0, 0, 0.481442, -0.0143671, 0.140863, 0.486385, -0.0157403, 0.142593, 0.996195, -3.71201e-12, -0.0871557, -4.46982e-12, -1, -8.49977e-12, -0.0871557, 8.857e-12, -0.996195, 0
11.09, 2025-07-03__00-41-19.839383, -0.0472986, -0.0817083, 0.0332198, -2.2902, -0.0289495, 2.14971, 0.731693, 0.000996267, 0.000262922, -0.000733339, -0.00189585, 1.94291e-05, 5.71843e-05, 0.00112961, 0.0606901, -0.612498, 0.121651, 0.82091, -0.344332, 0.796753, 0.38877, 0, 0, 0, 0, 0, 0, 0, 0.481445, -0.0143688, 0.140863, 0.486385, -0.0157403, 0.142593, 0.996195, -3.71201e-12, -0.0871557, -4.46982e-12, -1, -8.49977e-12, -0.0871557, 8.857e-12, -0.996195, 0
11.1, 2025-07-03__00-41-19.849384, -0.0473028, -0.0817057, 0.0332206, -2.29019, -0.0289495, 2.14972, 0.731688, 0.000593589, 0.00167837, -0.000352217, 0.000298524, -3.15542e-05, 0.000149411, -0.000469506, 0.0633192, -0.62507, 0.124213, 0.79805, -0.344579, 0.791564, 0.39872, 0, 0, 0, 0, 0, 0, 0, 0.48145, -0.0143673, 0.140868, 0.486385, -0.0157403, 0.142593, 0.996195, -3.71201e-12, -0.0871557, -4.46982e-12, -1, -8.49977e-12, -0.0871557, 8.857e-12, -0.996195, 0
11.11, 2025-07-03__00-41-19.859385, -0.0473035, -0.0817065, 0.0332231, -2.29019, -0.0289495, 2.14972, 0.731693, 0.000521829, 0.00104426, -0.000163111, 0.000564577, -8.79118e-05, 3.27939e-05, -0.000592105, 0.0598872, -0.597933, 0.120612, 0.782368, -0.344469, 0.790178, 0.399168, 0, 0, 0, 0, 0, 0, 0, 0.481445, -0.0143678, 0.140864, 0.486385, -0.0157403, 0.142593, 0.996195, -3.71201e-12, -0.0871557, -4.46982e-12, -1, -8.49977e-12, -0.0871557, 8.857e-12, -0.996195, 0
11.12, 2025-07-03__00-41-19.869383, -0.0473088, -0.0817164, 0.0332234, -2.2902, -0.028947, 2.14972, 0.731697, -0.00161796, -0.000991972, 0.00037357, -0.00131666, -0.00026008, 0.000432318, 0.000585249, 0.09541, -0.555323, 0.155648, 0.785257, -0.343059, 0.789033, 0.391698, 0, 0, 0, 0, 0, 0, 0, 0.481451, -0.014369, 0.140869, 0.486385, -0.0157403, 0.142593, 0.996195, -3.71201e-12, -0.0871557, -4.46982e-12, -1, -8.49977e-12, -0.0871557, 8.857e-12, -0.996195, 0
11.13, 2025-07-03__00-41-19.879385, -0.0473052, -0.0817166, 0.0332269, -2.2902, -0.0289502, 2.14972, 0.731694, -0.000728427, -0.000609658, 0.0012129, -0.000962409, -0.000227543, 2.75203e-05, -0.00151007, 0.0549122, -0.562586, 0.114514, 0.786192, -0.343074, 0.791442, 0.404683, 0, 0, 0, 0, 0, 0, 0, 0.481451, -0.0143655, 0.140871, 0.486385, -0.0157403, 0.142593, 0.996195, -3.71201e-12, -0.0871557, -4.46982e-12, -1, -8.49977e-12, -0.0871557, 8.857e-12, -0.996195, 0
11.14, 2025-07-03__00-41-19.889386, -0.047301, -0.0817067, 0.0332238, -2.2902, -0.0289463, 2.14972, 0.731704, 0.000609103, 0.00183395, -0.000675889, -0.000482411, 0.00716095, -1.32128e-06, 0.000142844, 0.0687899, -0.644169, 0.12998, 0.815653, -0.389479, 0.795736, 0.393596, 0, 0, 0, 0, 0, 0, 0, 0.481446, -0.0143657, 0.140865, 0.486385, -0.0157403, 0.142593, 0.996195, -3.71201e-12, -0.0871557, -4.46982e-12, -1, -8.49977e-12, -0.0871557, 8.857e-12, -0.996195, 0
11.15, 2025-07-03__00-41-19.899384, -0.0473057, -0.0817141, 0.0332259, -2.2902, -0.0289495, 2.14972, 0.731701, -0.000581087, -0.000419981, -0.00100911, 0.000155512, 0.00025366, -4.12374e-05, -0.000445506, 0.102719, -0.553079, 0.163988, 0.766534, -0.346614, 0.789131, 0.397649, 0, 0, 0, 0, 0, 0, 0, 0.481445, -0.014366, 0.140864, 0.486385, -0.0157403, 0.142593, 0.996195, -3.71201e-12, -0.0871557, -4.46982e-12, -1, -8.49977e-12, -0.0871557, 8.857e-12, -0.996195, 0
11.16, 2025-07-03__00-41-19.909384, -0.0473009, -0.0817148, 0.0332291, -2.2902, -0.0289484, 2.14972, 0.731705, 0.000830035, -0.000454928, 0.000329946, -0.000761572, 0.00687885, 0.000460064, -6.79557e-05, 0.0380661, -0.562654, 0.0983964, 0.780786, -0.387894, 0.788252, 0.394845, 0, 0, 0, 0, 0, 0, 0, 0.481451, -0.0143648, 0.140869, 0.486385, -0.0157403, 0.142593, 0.996195, -3.71201e-12, -0.0871557, -4.46982e-12, -1, -8.49977e-12, -0.0871557, 8.857e-12, -0.996195, 0
11.17, 2025-07-03__00-41-19.919384, -0.047301, -0.0817163, 0.0332269, -2.29019, -0.0289495, 2.14972, 0.731709, 0.000479653, -0.000138697, -0.000463658, 0.000367506, -0.00268536, -0.000228907, 0.00335271, 0.0657143, -0.556755, 0.126492, 0.766644, -0.328663, 0.789735, 0.374458, 0, 0, 0, 0, 0, 0, 0, 0.481454, -0.014365, 0.14087, 0.486385, -0.0157403, 0.142593, 0.996195, -3.71201e-12, -0.0871557, -4.46982e-12, -1, -8.49977e-12, -0.0871557, 8.857e-12, -0.996195, 0
11.18, 2025-07-03__00-41-19.929385, -0.0473027, -0.0817194, 0.0332294, -2.29019, -0.0289502, 2.14972, 0.731711, -0.000367515, -0.00194552, -0.000276531, 0.000166262, 0.00130698, 0.000199078, 0.000643197, 0.0787656, -0.493566, 0.139445, 0.736979, -0.353627, 0.783688, 0.390413, 0, 0, 0, 0, 0, 0, 0, 0.48145, -0.014362, 0.140868, 0.486385, -0.0157403, 0.142593, 0.996195, -3.71201e-12, -0.0871557, -4.46982e-12, -1, -8.49977e-12, -0.0871557, 8.857e-12, -0.996195, 0
11.19, 2025-07-03__00-41-19.939384, -0.0473014, -0.0817141, 0.0332295, -2.2902, -0.0289498, 2.14973, 0.731712, -0.000257136, -0.000171826, 0.000276835, -0.000770679, 3.86121e-05, 4.06959e-05, 0.000284481, 0.0644826, -0.575786, 0.1247, 0.789373, -0.34496, 0.791055, 0.392726, 0, 0, 0, 0, 0, 0, 0, 0.481451, -0.0143666, 0.14087, 0.486385, -0.0157403, 0.142593, 0.996195, -3.71201e-12, -0.0871557, -4.46982e-12, -1, -8.49977e-12, -0.0871557, 8.857e-12, -0.996195, 0
11.2, 2025-07-03__00-41-19.949385, -0.0473006, -0.0817142, 0.0332295, -2.29019, -0.0289527, 2.14973, 0.731714, 0.000198118, 0.000637058, 1.05434e-05, 0.000252509, 1.29658e-05, 6.72701e-05, 0.000446508, 0.0608568, -0.58555, 0.121325, 0.780097, -0.344989, 0.789153, 0.391634, 0, 0, 0, 0, 0, 0, 0, 0.481446, -0.014363, 0.140867, 0.486385, -0.0157403, 0.142593, 0.996195, -3.71201e-12, -0.0871557, -4.46982e-12, -1, -8.49977e-12, -0.0871557, 8.857e-12, -0.996195, 0
11.21, 2025-07-03__00-41-19.959383, -0.0473088, -0.0817121, 0.0332279, -2.2902, -0.0289502, 2.14973, 0.731712, -0.00175129, 0.000243772, -0.000270208, -0.000334702, -0.000222531, 0.0016807, -0.000927585, 0.112914, -0.582056, 0.173616, 0.782469, -0.343208, 0.779567, 0.399938, 0, 0, 0, 0, 0, 0, 0, 0.481449, -0.0143639, 0.140866, 0.486385, -0.0157403, 0.142593, 0.996195, -3.71201e-12, -0.0871557, -4.46982e-12, -1, -8.49977e-12, -0.0871557, 8.857e-12, -0.996195, 0
11.22, 2025-07-03__00-41-19.969381, -0.0472981, -0.0817188, 0.0332271, -2.2902, -0.0289495, 2.14973, 0.731717, 0.000790246, -0.00152255, -0.000592578, 0.00150982, 6.67592e-05, 5.35299e-05, 0.00351162, 0.0600312, -0.487748, 0.120965, 0.719746, -0.346622, 0.780955, 0.372792, 0, 0, 0, 0, 0, 0, 0, 0.481454, -0.0143641, 0.140869, 0.486385, -0.0157403, 0.142593, 0.996195, -3.71201e-12, -0.0871557, -4.46982e-12, -1, -8.49977e-12, -0.0871557, 8.857e-12, -0.996195, 0
11.23, 2025-07-03__00-41-19.979382, -0.0473039, -0.0817149, 0.0332353, -2.29019, -0.0289514, 2.14973, 0.731713, -0.000524183, -0.000185802, 0.00114227, 0.000922313, -3.27449e-05, -6.10989e-05, 0.00906147, 0.0510589, -0.544628, 0.110755, 0.753043, -0.345785, 0.785999, 0.339487, 0, 0, 0, 0, 0, 0, 0, 0.481449, -0.0143661, 0.140866, 0.486385, -0.0157403, 0.142593, 0.996195, -3.71201e-12, -0.0871557, -4.46982e-12, -1, -8.49977e-12, -0.0871557, 8.857e-12, -0.996195, 0
11.24, 2025-07-03__00-41-19.989388, -0.0473035, -0.0817123, 0.0332326, -2.2902, -0.0289489, 2.14973, 0.731718, 0.000444608, 0.00134869, -0.000169162, -0.000385436, 0.000227662, -8.52798e-05, 0.00162093, 0.0597173, -0.624131, 0.120262, 0.807578, -0.346224, 0.793969, 0.384303, 0, 0, 0, 0, 0, 0, 0, 0.481455, -0.0143638, 0.140872, 0.486385, -0.0157403, 0.142593, 0.996195, -3.71201e-12, -0.0871557, -4.46982e-12, -1, -8.49977e-12, -0.0871557, 8.857e-12, -0.996195, 0
11.25, 2025-07-03__00-41-19.999386, -0.0473059, -0.0817116, 0.0332309, -2.2902, -0.0289489, 2.14973, 0.731717, -0.0015052, 0.000948061, 0.00124146, -0.000619944, 0.000250005, 0.000110555, 0.000645662, 0.0723954, -0.613999, 0.131983, 0.805129, -0.346203, 0.792576, 0.390239, 0, 0, 0, 0, 0, 0, 0, 0.481451, -0.0143629, 0.140869, 0.486385, -0.0157403, 0.142593, 0.996195, -3.71201e-12, -0.0871557, -4.46982e-12, -1, -8.49977e-12, -0.0871557, 8.857e-12, -0.996195, 0
11.26, 2025-07-03__00-41-20.009386, -0.0473014, -0.0817166, 0.0332348, -2.2902, -0.0289545, 2.14973, 0.731717, -5.82052e-05, 0.000181314, 0.00012466, 0.00263796, -0.000254284, -0.000308507, -0.00098959, 0.0632036, -0.531272, 0.12367, 0.727165, -0.344166, 0.783791, 0.400118, 0, 0, 0, 0, 0, 0, 0, 0.48145, -0.014363, 0.140868, 0.486385, -0.0157403, 0.142593, 0.996195, -3.71201e-12, -0.0871557, -4.46982e-12, -1, -8.49977e-12, -0.0871557, 8.857e-12, -0.996195, 0
11.27, 2025-07-03__00-41-20.019386, -0.0473014, -0.0817171, 0.0332358, -2.29019, -0.0289495, 2.14973, 0.731726, 7.95588e-05, 0.000181054, -0.0004106, 0.000367521, 3.52406e-05, -5.74176e-05, 0.00354672, 0.0717271, -0.566895, 0.132442, 0.769807, -0.345693, 0.788597, 0.372097, 0, 0, 0, 0, 0, 0, 0, 0.48145, -0.0143623, 0.140867, 0.486385, -0.0157403, 0.142593, 0.996195, -3.71201e-12, -0.0871557, -4.46982e-12, -1, -8.49977e-12, -0.0871557, 8.857e-12, -0.996195, 0
11.28, 2025-07-03__00-41-20.029389, -0.0473031, -0.0817171, 0.0332366, -2.29019, -0.028954, 2.14973, 0.731725, -0.0016909, -0.000458452, 0.000258392, 0.00119697, -0.000388334, -0.000187706, -0.00078445, 0.096365, -0.53146, 0.156656, 0.74285, -0.342891, 0.785799, 0.398365, 0, 0, 0, 0, 0, 0, 0, 0.481455, -0.0143603, 0.140872, 0.486385, -0.0157403, 0.142593, 0.996195, -3.71201e-12, -0.0871557, -4.46982e-12, -1, -8.49977e-12, -0.0871557, 8.857e-12, -0.996195, 0
11.29, 2025-07-03__00-41-20.039386, -0.0473027, -0.0817146, 0.0332359, -2.29019, -0.0289537, 2.14973, 0.731726, 0.000154521, 0.000602045, 0.000441944, 0.000103574, -4.87792e-05, 9.14035e-05, -0.00464658, 0.050776, -0.586382, 0.110817, 0.782672, -0.344203, 0.789427, 0.421835, 0, 0, 0, 0, 0, 0, 0, 0.48145, -0.0143617, 0.140868, 0.486385, -0.0157403, 0.142593, 0.996195, -3.71201e-12, -0.0871557, -4.46982e-12, -1, -8.49977e-12, -0.0871557, 8.857e-12, -0.996195, 0
11.3, 2025-07-03__00-41-20.049388, -0.0473029, -0.081712, 0.033239, -2.2902, -0.0289505, 2.14973, 0.731736, -0.000675903, 0.0015666, -0.000246917, -0.00108896, 0.000159736, -0.00036809, 0.00182309, 0.0853059, -0.645102, 0.145794, 0.826126, -0.345409, 0.798615, 0.382011, 0, 0, 0, 0, 0, 0, 0, 0.481455, -0.0143604, 0.140872, 0.486385, -0.0157403, 0.142593, 0.996195, -3.71201e-12, -0.0871557, -4.46982e-12, -1, -8.49977e-12, -0.0871557, 8.857e-12, -0.996195, 0
11.31, 2025-07-03__00-41-20.059388, -0.0473027, -0.0817145, 0.0332418, -2.29019, -0.02895, 2.14973, 0.73173, 7.39969e-05, 0.000785684, 0.000515104, 0.000206772, 1.75166e-05, 1.67599e-05, 0.00223548, 0.0501383, -0.591206, 0.110129, 0.783692, -0.345327, 0.789859, 0.379888, 0, 0, 0, 0, 0, 0, 0, 0.481456, -0.0143601, 0.140873, 0.486385, -0.0157403, 0.142593, 0.996195, -3.71201e-12, -0.0871557, -4.46982e-12, -1, -8.49977e-12, -0.0871557, 8.857e-12, -0.996195, 0
11.32, 2025-07-03__00-41-20.069383, -0.0473008, -0.0817173, 0.033239, -2.2902, -0.0289514, 2.14973, 0.731735, 0.00100152, -0.00135565, -1.62021e-05, -8.42235e-05, -0.000168492, -4.0991e-05, 0.00542694, 0.0400414, -0.520418, 0.100296, 0.755603, -0.344575, 0.78671, 0.360268, 0, 0, 0, 0, 0, 0, 0, 0.48145, -0.0143639, 0.140869, 0.486385, -0.0157403, 0.142593, 0.996195, -3.71201e-12, -0.0871557, -4.46982e-12, -1, -8.49977e-12, -0.0871557, 8.857e-12, -0.996195, 0
11.33, 2025-07-03__00-41-20.079384, -0.0473028, -0.0817173, 0.0332391, -2.2902, -0.0289499, 2.14973, 0.731734, 0.000244514, 0.00020172, 0.000934143, -0.000337703, 0.000315397, -0.000117849, 0.000558791, 0.0367773, -0.580087, 0.0964093, 0.786997, -0.346957, 0.791436, 0.389836, 0, 0, 0, 0, 0, 0, 0, 0.48145, -0.0143603, 0.140868, 0.486385, -0.0157403, 0.142593, 0.996195, -3.71201e-12, -0.0871557, -4.46982e-12, -1, -8.49977e-12, -0.0871557, 8.857e-12, -0.996195, 0
11.34, 2025-07-03__00-41-20.089385, -0.047301, -0.081712, 0.0332368, -2.29019, -0.0289505, 2.14973, 0.731737, 0.00105184, 0.00156953, -0.000857658, 0.000617364, -0.000141441, -0.000205358, -0.000102148, 0.0604257, -0.613999, 0.121409, 0.789518, -0.344234, 0.791941, 0.393656, 0, 0, 0, 0, 0, 0, 0, 0.481453, -0.0143621, 0.140867, 0.486385, -0.0157403, 0.142593, 0.996195, -3.71201e-12, -0.0871557, -4.46982e-12, -1, -8.49977e-12, -0.0871557, 8.857e-12, -0.996195, 0
11.35, 2025-07-03__00-41-20.099379, -0.047306, -0.0817173, 0.0332368, -2.29019, -0.0289502, 2.14973, 0.731736, -0.000690017, -0.00036886, -0.000779138, 0.000418195, -0.000266531, -0.000190839, -0.000481631, 0.0977639, -0.547622, 0.158693, 0.759915, -0.343609, 0.788373, 0.395879, 0, 0, 0, 0, 0, 0, 0, 0.481449, -0.0143602, 0.140866, 0.486385, -0.0157403, 0.142593, 0.996195, -3.71201e-12, -0.0871557, -4.46982e-12, -1, -8.49977e-12, -0.0871557, 8.857e-12, -0.996195, 0
11.36, 2025-07-03__00-41-20.109386, -0.0473033, -0.0817198, 0.0332428, -2.29019, -0.0289555, 2.14974, 0.731734, 0.000437508, -0.000469269, 0.00112684, 0.000557261, -0.000268878, 0.000383748, -3.9769e-05, 0.027009, -0.537174, 0.0864817, 0.75377, -0.343478, 0.782754, 0.393491, 0, 0, 0, 0, 0, 0, 0, 0.481451, -0.0143605, 0.140869, 0.486385, -0.0157403, 0.142593, 0.996195, -3.71201e-12, -0.0871557, -4.46982e-12, -1, -8.49977e-12, -0.0871557, 8.857e-12, -0.996195, 0
11.37, 2025-07-03__00-41-20.119388, -0.0473014, -0.0817173, 0.0332422, -2.2902, -0.0289539, 2.14974, 0.731739, 0.000185581, 0.000331584, 0.00030492, -0.000856597, -0.000244757, -0.000193212, 0.000115758, 0.0513276, -0.593851, 0.111315, 0.799643, -0.342952, 0.793178, 0.392261, 0, 0, 0, 0, 0, 0, 0, 0.481459, -0.0143598, 0.140873, 0.486385, -0.0157403, 0.142593, 0.996195, -3.71201e-12, -0.0871557, -4.46982e-12, -1, -8.49977e-12, -0.0871557, 8.857e-12, -0.996195, 0
11.38, 2025-07-03__00-41-20.129388, -0.0473034, -0.0817145, 0.0332415, -2.2902, -0.0289539, 2.14974, 0.731742, 0.000383634, 0.00706919, 0.000491788, -0.000347278, -0.000213323, 0.000655609, -0.000269811, 0.0478761, -0.824017, 0.10793, 0.899851, -0.342124, 0.800155, 0.394542, 0, 0, 0, 0, 0, 0, 0, 0.481449, -0.0143606, 0.140866, 0.486385, -0.0157403, 0.142593, 0.996195, -3.71201e-12, -0.0871557, -4.46982e-12, -1, -8.49977e-12, -0.0871557, 8.857e-12, -0.996195, 0
11.39, 2025-07-03__00-41-20.139388, -0.0473028, -0.0817198, 0.033245, -2.2902, -0.0289496, 2.14974, 0.731744, 0.000652066, 0.00014638, 0.0013326, -0.000964594, 0.000101068, -4.37442e-05, 0.000660178, 0.0170141, -0.586709, 0.0762296, 0.798088, -0.345459, 0.791892, 0.388713, 0, 0, 0, 0, 0, 0, 0, 0.481454, -0.0143585, 0.140869, 0.486385, -0.0157403, 0.142593, 0.996195, -3.71201e-12, -0.0871557, -4.46982e-12, -1, -8.49977e-12, -0.0871557, 8.857e-12, -0.996195, 0
11.4, 2025-07-03__00-41-20.149387, -0.0473002, -0.0817177, 0.033245, -2.29019, -0.0289524, 2.14974, 0.731745, 0.00102436, 0.000866266, 0.00142588, 0.00134415, 0.000250383, 0.000359644, -0.00050392, 0.00683284, -0.571611, 0.0661291, 0.760602, -0.347047, 0.783343, 0.395678, 0, 0, 0, 0, 0, 0, 0, 0.481454, -0.0143608, 0.140869, 0.486385, -0.0157403, 0.142593, 0.996195, -3.71201e-12, -0.0871557, -4.46982e-12, -1, -8.49977e-12, -0.0871557, 8.857e-12, -0.996195, 0
11.41, 2025-07-03__00-41-20.159384, -0.0473038, -0.0817184, 0.0332422, -2.2902, -0.0289495, 2.14974, 0.731747, -0.000770419, -0.000491456, 0.00202482, -0.000519584, 2.45513e-05, -0.000129652, -0.000252727, 0.0340126, -0.557801, 0.092797, 0.77886, -0.345187, 0.789889, 0.394018, 0, 0, 0, 0, 0, 0, 0, 0.481459, -0.0143583, 0.140874, 0.486385, -0.0157403, 0.142593, 0.996195, -3.71201e-12, -0.0871557, -4.46982e-12, -1, -8.49977e-12, -0.0871557, 8.857e-12, -0.996195, 0
11.42, 2025-07-03__00-41-20.169384, -0.0472989, -0.0817177, 0.0332421, -2.29019, -0.0289529, 2.14974, 0.731749, 0.000967914, 0.000156856, 0.00172863, 0.00113668, 0.000614819, 0.000191507, -2.24058e-05, 0.00112059, -0.549948, 0.0601818, 0.753367, -0.349396, 0.783597, 0.392516, 0, 0, 0, 0, 0, 0, 0, 0.481458, -0.0143591, 0.140872, 0.486385, -0.0157403, 0.142593, 0.996195, -3.71201e-12, -0.0871557, -4.46982e-12, -1, -8.49977e-12, -0.0871557, 8.857e-12, -0.996195, 0
11.43, 2025-07-03__00-41-20.179384, -0.0473037, -0.0817205, 0.0332451, -2.29019, -0.0289506, 2.14974, 0.731749, 1.20326e-05, -0.000848488, 0.00016556, 0.00038993, 2.07278e-05, 6.39713e-05, 0.000600145, 0.0577607, -0.527781, 0.117887, 0.751148, -0.345654, 0.78475, 0.388641, 0, 0, 0, 0, 0, 0, 0, 0.481458, -0.0143609, 0.140872, 0.486385, -0.0157403, 0.142593, 0.996195, -3.71201e-12, -0.0871557, -4.46982e-12, -1, -8.49977e-12, -0.0871557, 8.857e-12, -0.996195, 0
11.44, 2025-07-03__00-41-20.189385, -0.0473062, -0.0817258, 0.0332475, -2.29019, -0.0289552, 2.14974, 0.73175, -0.00109356, -0.00181621, 0.00179658, 0.000486303, -0.000210299, 0.00732743, -0.000747318, 0.04445, -0.474034, 0.103399, 0.710398, -0.34391, 0.732218, 0.396621, 0, 0, 0, 0, 0, 0, 0, 0.481455, -0.0143615, 0.140871, 0.486385, -0.0157403, 0.142593, 0.996195, -3.71201e-12, -0.0871557, -4.46982e-12, -1, -8.49977e-12, -0.0871557, 8.857e-12, -0.996195, 0
11.45, 2025-07-03__00-41-20.199384, -0.0473009, -0.0817205, 0.0332429, -2.29019, -0.0289541, 2.14974, 0.731748, 0.00158101, -0.000366032, -0.00028016, 0.00096883, 8.07391e-05, 0.00057108, -0.00118614, 0.0325521, -0.533464, 0.092991, 0.746212, -0.345911, 0.780458, 0.399574, 0, 0, 0, 0, 0, 0, 0, 0.481454, -0.014361, 0.140869, 0.486385, -0.0157403, 0.142593, 0.996195, -3.71201e-12, -0.0871557, -4.46982e-12, -1, -8.49977e-12, -0.0871557, 8.857e-12, -0.996195, 0
11.46, 2025-07-03__00-41-20.209383, -0.0473035, -0.081723, 0.0332429, -2.29019, -0.0289507, 2.14974, 0.731752, 0.0041284, -0.000591576, -0.000998096, -0.000730919, 0.000213001, 0.00215437, 0.00510894, -0.00854669, -0.548201, 0.052224, 0.7717, -0.346786, 0.773887, 0.361279, 0, 0, 0, 0, 0, 0, 0, 0.481459, -0.0143589, 0.140874, 0.486385, -0.0157403, 0.142593, 0.996195, -3.71201e-12, -0.0871557, -4.46982e-12, -1, -8.49977e-12, -0.0871557, 8.857e-12, -0.996195, 0
11.47, 2025-07-03__00-41-20.219386, -0.0473067, -0.0817258, 0.0332422, -2.29019, -0.0289496, 2.14974, 0.731754, 0.000236331, -0.00209209, -0.00127966, 0.000238488, 0.000151293, 0.00041181, 0.000180969, 0.0858006, -0.484307, 0.146929, 0.731055, -0.346651, 0.780179, 0.390771, 0, 0, 0, 0, 0, 0, 0, 0.481454, -0.014358, 0.14087, 0.486385, -0.0157403, 0.142593, 0.996195, -3.71201e-12, -0.0871557, -4.46982e-12, -1, -8.49977e-12, -0.0871557, 8.857e-12, -0.996195, 0
11.48, 2025-07-03__00-41-20.229389, -0.0473068, -0.0817177, 0.0332445, -2.29019, -0.028954, 2.14974, 0.731755, -4.79642e-05, 0.000883008, -0.00041968, 0.00115612, -0.000414178, 0.000192367, -0.000648574, 0.0745516, -0.577904, 0.135142, 0.764688, -0.342649, 0.785352, 0.39587, 0, 0, 0, 0, 0, 0, 0, 0.481459, -0.0143596, 0.140874, 0.486385, -0.0157403, 0.142593, 0.996195, -3.71201e-12, -0.0871557, -4.46982e-12, -1, -8.49977e-12, -0.0871557, 8.857e-12, -0.996195, 0
11.49, 2025-07-03__00-41-20.239385, -0.0473089, -0.0817152, 0.0332482, -2.29019, -0.0289518, 2.14974, 0.731761, -0.000231095, 0.00138626, 0.00110486, 0.000497977, -4.11943e-05, -7.89329e-06, 0.000820805, 0.0440995, -0.607053, 0.103544, 0.787637, -0.344903, 0.789713, 0.386702, 0, 0, 0, 0, 0, 0, 0, 0.481459, -0.0143613, 0.140874, 0.486385, -0.0157403, 0.142593, 0.996195, -3.71201e-12, -0.0871557, -4.46982e-12, -1, -8.49977e-12, -0.0871557, 8.857e-12, -0.996195, 0
11.5, 2025-07-03__00-41-20.249384, -0.0473089, -0.0817212, 0.0332454, -2.29019, -0.0289507, 2.14974, 0.731757, -0.000627185, -0.000508906, 0.000856839, 0.001357, -4.4103e-05, -0.000292449, -0.00200305, 0.0580278, -0.524245, 0.117709, 0.73837, -0.345437, 0.785026, 0.403951, 0, 0, 0, 0, 0, 0, 0, 0.481459, -0.0143596, 0.140874, 0.486385, -0.0157403, 0.142593, 0.996195, -3.71201e-12, -0.0871557, -4.46982e-12, -1, -8.49977e-12, -0.0871557, 8.857e-12, -0.996195, 0
11.51, 2025-07-03__00-41-20.259383, -0.0473037, -0.0817199, 0.0332429, -2.29019, -0.0289542, 2.14974, 0.73176, 6.0544e-05, 0.00132131, -0.000830946, -0.000391057, 4.35713e-05, 0.000175595, -0.00108776, 0.0809802, -0.618708, 0.141784, 0.802705, -0.344772, 0.791107, 0.398247, 0, 0, 0, 0, 0, 0, 0, 0.48146, -0.0143607, 0.140877, 0.486385, -0.0157403, 0.142593, 0.996195, -3.71201e-12, -0.0871557, -4.46982e-12, -1, -8.49977e-12, -0.0871557, 8.857e-12, -0.996195, 0
11.52, 2025-07-03__00-41-20.269380, -0.0473063, -0.0817206, 0.0332506, -2.29019, -0.0289516, 2.14974, 0.731767, -0.000121922, -9.92194e-05, 0.00137504, 0.00140174, -0.000216916, 3.42334e-05, 0.000695241, 0.0335416, -0.536805, 0.0927729, 0.7437, -0.344478, 0.783355, 0.387077, 0, 0, 0, 0, 0, 0, 0, 0.481454, -0.0143627, 0.14087, 0.486385, -0.0157403, 0.142593, 0.996195, -3.71201e-12, -0.0871557, -4.46982e-12, -1, -8.49977e-12, -0.0871557, 8.857e-12, -0.996195, 0
11.53, 2025-07-03__00-41-20.279385, -0.047307, -0.081718, 0.0332436, -2.29019, -0.028951, 2.14974, 0.731764, -0.00219702, 0.00103338, -0.000978391, 0.00123392, 0.00020363, 8.49797e-05, -0.000420739, 0.136195, -0.583815, 0.197288, 0.764977, -0.346642, 0.786416, 0.393775, 0, 0, 0, 0, 0, 0, 0, 0.481454, -0.0143595, 0.14087, 0.486385, -0.0157403, 0.142593, 0.996195, -3.71201e-12, -0.0871557, -4.46982e-12, -1, -8.49977e-12, -0.0871557, 8.857e-12, -0.996195, 0
11.54, 2025-07-03__00-41-20.289384, -0.0473035, -0.0817213, 0.0332461, -2.29019, -0.0289535, 2.14975, 0.731764, 0.000833014, -3.69235e-06, -0.000954193, -0.000376501, -0.000145807, 0.0048386, -0.0011749, 0.0641982, -0.560214, 0.125006, 0.765749, -0.343828, 0.755332, 0.398457, 0, 0, 0, 0, 0, 0, 0, 0.48146, -0.0143565, 0.140875, 0.486385, -0.0157403, 0.142593, 0.996195, -3.71201e-12, -0.0871557, -4.46982e-12, -1, -8.49977e-12, -0.0871557, 8.857e-12, -0.996195, 0
11.55, 2025-07-03__00-41-20.299383, -0.0473035, -0.0817238, 0.0332486, -2.29019, -0.0289556, 2.14975, 0.73177, 0.000446881, -0.00121533, -0.000560035, -0.000318797, -0.000259745, 0.000574897, 0.00468971, 0.0633336, -0.52419, 0.123801, 0.75684, -0.343735, 0.781764, 0.362662, 0, 0, 0, 0, 0, 0, 0, 0.481459, -0.0143578, 0.140874, 0.486385, -0.0157403, 0.142593, 0.996195, -3.71201e-12, -0.0871557, -4.46982e-12, -1, -8.49977e-12, -0.0871557, 8.857e-12, -0.996195, 0
11.56, 2025-07-03__00-41-20.309382, -0.0473014, -0.0817216, 0.0332535, -2.29019, -0.0289537, 2.14975, 0.731767, 0.000200081, -0.000265766, 0.000571014, -0.000304684, 0.000178677, 0.000483561, 0.000369889, 0.0420972, -0.558047, 0.101771, 0.773278, -0.346137, 0.784443, 0.389049, 0, 0, 0, 0, 0, 0, 0, 0.481454, -0.0143562, 0.14087, 0.486385, -0.0157403, 0.142593, 0.996195, -3.71201e-12, -0.0871557, -4.46982e-12, -1, -8.49977e-12, -0.0871557, 8.857e-12, -0.996195, 0
11.57, 2025-07-03__00-41-20.319380, -0.0473009, -0.0817262, 0.033251, -2.29019, -0.0289549, 2.14974, 0.73177, 0.000442476, -0.00184527, -0.000159869, -0.00105106, -0.000282645, -0.000318631, 0.000718897, 0.0524832, -0.515055, 0.112574, 0.764003, -0.343198, 0.789494, 0.386767, 0, 0, 0, 0, 0, 0, 0, 0.481463, -0.0143558, 0.140875, 0.486385, -0.0157403, 0.142593, 0.996195, -3.71201e-12, -0.0871557, -4.46982e-12, -1, -8.49977e-12, -0.0871557, 8.857e-12, -0.996195, 0
11.58, 2025-07-03__00-41-20.329383, -0.0473035, -0.0817235, 0.0332486, -2.2902, -0.0289517, 2.14974, 0.731766, 0.000529519, -0.000497217, -0.00161259, -0.00108263, -9.9319e-05, -0.000194475, -0.000835822, 0.0853626, -0.56697, 0.146558, 0.788815, -0.34405, 0.792126, 0.396325, 0, 0, 0, 0, 0, 0, 0, 0.481462, -0.0143557, 0.140874, 0.486385, -0.0157403, 0.142593, 0.996195, -3.71201e-12, -0.0871557, -4.46982e-12, -1, -8.49977e-12, -0.0871557, 8.857e-12, -0.996195, 0
11.59, 2025-07-03__00-41-20.339383, -0.0473028, -0.0817209, 0.0332546, -2.2902, -0.0289549, 2.14975, 0.731767, 9.1546e-05, 0.000205242, 0.00075275, -0.0016656, -0.0001991, 0.000257147, -0.000942567, 0.0404651, -0.600018, 0.0998968, 0.81174, -0.342908, 0.791479, 0.397081, 0, 0, 0, 0, 0, 0, 0, 0.481454, -0.0143573, 0.14087, 0.486385, -0.0157403, 0.142593, 0.996195, -3.71201e-12, -0.0871557, -4.46982e-12, -1, -8.49977e-12, -0.0871557, 8.857e-12, -0.996195, 0
11.6, 2025-07-03__00-41-20.349380, -0.0473037, -0.0817216, 0.0332518, -2.29019, -0.0289517, 2.14975, 0.731773, 0.000132198, -0.000476005, -0.000313938, 0.000861917, -2.39463e-05, 0.000394097, 0.00360574, 0.0649305, -0.531953, 0.125313, 0.746156, -0.345707, 0.781067, 0.368993, 0, 0, 0, 0, 0, 0, 0, 0.48146, -0.0143552, 0.140874, 0.486385, -0.0157403, 0.142593, 0.996195, -3.71201e-12, -0.0871557, -4.46982e-12, -1, -8.49977e-12, -0.0871557, 8.857e-12, -0.996195, 0
11.61, 2025-07-03__00-41-20.359386, -0.0473006, -0.0817209, 0.0332493, -2.29019, -0.0289532, 2.14975, 0.73177, 0.00396676, 0.000789282, -0.000586316, 6.71826e-05, -0.000112699, 4.97129e-05, -0.00222259, -0.0153696, -0.588923, 0.0450489, 0.785506, -0.34431, 0.788378, 0.404765, 0, 0, 0, 0, 0, 0, 0, 0.481461, -0.0143554, 0.140877, 0.486385, -0.0157403, 0.142593, 0.996195, -3.71201e-12, -0.0871557, -4.46982e-12, -1, -8.49977e-12, -0.0871557, 8.857e-12, -0.996195, 0
11.62, 2025-07-03__00-41-20.369381, -0.047302, -0.0817209, 0.0332518, -2.29019, -0.0289543, 2.14975, 0.731775, -0.000263786, 0.000599015, -0.000124399, -0.000525986, 0.000210794, 0.000481689, 0.000222543, 0.0694255, -0.593584, 0.129606, 0.792002, -0.346036, 0.78709, 0.389435, 0, 0, 0, 0, 0, 0, 0, 0.481464, -0.0143578, 0.140876, 0.486385, -0.0157403, 0.142593, 0.996195, -3.71201e-12, -0.0871557, -4.46982e-12, -1, -8.49977e-12, -0.0871557, 8.857e-12, -0.996195, 0
11.63, 2025-07-03__00-41-20.379383, -0.0473067, -0.0817237, 0.0332466, -2.29019, -0.0289532, 2.14975, 0.731778, -0.00352994, 0.000231537, -0.00165365, 0.000927767, 1.87052e-05, -0.000183493, 0.000453545, 0.180336, -0.560048, 0.241851, 0.756885, -0.345413, 0.786833, 0.387563, 0, 0, 0, 0, 0, 0, 0, 0.481464, -0.0143589, 0.140878, 0.486385, -0.0157403, 0.142593, 0.996195, -3.71201e-12, -0.0871557, -4.46982e-12, -1, -8.49977e-12, -0.0871557, 8.857e-12, -0.996195, 0
11.64, 2025-07-03__00-41-20.389375, -0.0473027, -0.0817262, 0.033255, -2.2902, -0.028952, 2.14975, 0.731774, 0.000199997, -0.000822296, 0.000158111, -0.0016072, -0.000308467, -0.000357769, -0.00120058, 0.050718, -0.562249, 0.110539, 0.794269, -0.342618, 0.793284, 0.398192, 0, 0, 0, 0, 0, 0, 0, 0.481464, -0.0143546, 0.140878, 0.486385, -0.0157403, 0.142593, 0.996195, -3.71201e-12, -0.0871557, -4.46982e-12, -1, -8.49977e-12, -0.0871557, 8.857e-12, -0.996195, 0
11.65, 2025-07-03__00-41-20.399396, -0.047306, -0.0817238, 0.0332578, -2.29019, -0.0289533, 2.14975, 0.731781, -0.00098082, -0.000512688, 0.000716925, 0.00154142, 0.000378221, -1.42632e-05, -0.000533264, 0.0658221, -0.519372, 0.125471, 0.732679, -0.348154, 0.781793, 0.393575, 0, 0, 0, 0, 0, 0, 0, 0.481463, -0.014352, 0.140874, 0.486385, -0.0157403, 0.142593, 0.996195, -3.71201e-12, -0.0871557, -4.46982e-12, -1, -8.49977e-12, -0.0871557, 8.857e-12, -0.996195, 0
11.66, 2025-07-03__00-41-20.409385, -0.0473065, -0.0817259, 0.0332525, -2.2902, -0.0289549, 2.14975, 0.731784, -0.00414702, 0.000596828, -0.00053627, -0.00119961, -0.00017538, -0.000269029, 0.0010027, 0.167392, -0.609283, 0.227917, 0.808211, -0.343137, 0.794864, 0.383985, 0, 0, 0, 0, 0, 0, 0, 0.481464, -0.0143565, 0.140878, 0.486385, -0.0157403, 0.142593, 0.996195, -3.71201e-12, -0.0871557, -4.46982e-12, -1, -8.49977e-12, -0.0871557, 8.857e-12, -0.996195, 0
11.67, 2025-07-03__00-41-20.419383, -0.0473034, -0.0817265, 0.0332525, -2.2902, -0.0289532, 2.14975, 0.731777, 0.0027676, -0.00135938, -0.00142285, -0.00139495, 6.62984e-05, -7.51731e-05, -0.00121836, 0.0288397, -0.538207, 0.0897076, 0.780053, -0.345172, 0.789458, 0.398133, 0, 0, 0, 0, 0, 0, 0, 0.481463, -0.0143536, 0.140875, 0.486385, -0.0157403, 0.142593, 0.996195, -3.71201e-12, -0.0871557, -4.46982e-12, -1, -8.49977e-12, -0.0871557, 8.857e-12, -0.996195, 0
11.68, 2025-07-03__00-41-20.429387, -0.047312, -0.0817237, 0.0332525, -2.29019, -0.0289542, 2.14975, 0.731782, -0.0014022, -0.000540328, -0.000100904, 0.00108069, 0.000169886, 3.32164e-05, 0.000261669, 0.0963827, -0.526977, 0.156628, 0.741119, -0.346651, 0.78291, 0.388679, 0, 0, 0, 0, 0, 0, 0, 0.481458, -0.0143573, 0.140871, 0.486385, -0.0157403, 0.142593, 0.996195, -3.71201e-12, -0.0871557, -4.46982e-12, -1, -8.49977e-12, -0.0871557, 8.857e-12, -0.996195, 0
11.69, 2025-07-03__00-41-20.439384, -0.0473035, -0.081724, 0.0332526, -2.29019, -0.0289542, 2.14975, 0.731787, 0.000768607, -2.12704e-05, -0.000647743, 0.000693815, 0.000110284, 0.000178527, 0.00211616, 0.0580884, -0.550311, 0.118627, 0.757439, -0.346258, 0.783982, 0.377259, 0, 0, 0, 0, 0, 0, 0, 0.481464, -0.0143572, 0.140877, 0.486385, -0.0157403, 0.142593, 0.996195, -3.71201e-12, -0.0871557, -4.46982e-12, -1, -8.49977e-12, -0.0871557, 8.857e-12, -0.996195, 0
11.7, 2025-07-03__00-41-20.449386, -0.0473035, -0.081721, 0.0332603, -2.29019, -0.028955, 2.14975, 0.73178, -0.000790301, 0.000286029, 0.00145098, 0.000845383, 4.57593e-05, 0.000179238, -0.000312269, 0.044159, -0.559377, 0.103222, 0.760388, -0.3456, 0.784239, 0.39243, 0, 0, 0, 0, 0, 0, 0, 0.481463, -0.0143543, 0.140875, 0.486385, -0.0157403, 0.142593, 0.996195, -3.71201e-12, -0.0871557, -4.46982e-12, -1, -8.49977e-12, -0.0871557, 8.857e-12, -0.996195, 0
11.71, 2025-07-03__00-41-20.459389, -0.0473059, -0.0817237, 0.0332582, -2.29019, -0.0289556, 2.14975, 0.731788, -0.00124005, -0.000503855, 3.40167e-05, 0.000295655, -0.000209272, -0.000376162, 0.00015657, 0.0868835, -0.542034, 0.146904, 0.759118, -0.3439, 0.788151, 0.389046, 0, 0, 0, 0, 0, 0, 0, 0.481458, -0.0143531, 0.140871, 0.486385, -0.0157403, 0.142593, 0.996195, -3.71201e-12, -0.0871557, -4.46982e-12, -1, -8.49977e-12, -0.0871557, 8.857e-12, -0.996195, 0
11.72, 2025-07-03__00-41-20.469384, -0.0473011, -0.0817267, 0.0332557, -2.29019, -0.028955, 2.14975, 0.731789, 0.000884484, 7.09007e-06, -0.000419869, 0.000991578, -0.000131802, -9.89578e-05, 0.00639613, 0.0493998, -0.545653, 0.109771, 0.752377, -0.345132, 0.784852, 0.351243, 0, 0, 0, 0, 0, 0, 0, 0.481465, -0.014354, 0.140879, 0.486385, -0.0157403, 0.142593, 0.996195, -3.71201e-12, -0.0871557, -4.46982e-12, -1, -8.49977e-12, -0.0871557, 8.857e-12, -0.996195, 0
11.73, 2025-07-03__00-41-20.479385, -0.0473044, -0.0817238, 0.0332582, -2.29019, -0.0289543, 2.14975, 0.731785, 0.000815833, 0.000594361, 0.000320008, 0.000487146, 0.000120314, -2.7128e-05, -0.000731906, 0.034253, -0.575477, 0.094056, 0.772939, -0.345949, 0.787316, 0.394714, 0, 0, 0, 0, 0, 0, 0, 0.481458, -0.0143569, 0.140872, 0.486385, -0.0157403, 0.142593, 0.996195, -3.71201e-12, -0.0871557, -4.46982e-12, -1, -8.49977e-12, -0.0871557, 8.857e-12, -0.996195, 0
11.74, 2025-07-03__00-41-20.489384, -0.0473035, -0.081721, 0.0332582, -2.29019, -0.028955, 2.14975, 0.731782, 0.000116939, 0.000998969, -0.000302244, 0.000117247, -2.64695e-05, -0.00016119, -0.00169551, 0.0641239, -0.598306, 0.124386, 0.787813, -0.344636, 0.790422, 0.400688, 0, 0, 0, 0, 0, 0, 0, 0.481459, -0.0143532, 0.140872, 0.486385, -0.0157403, 0.142593, 0.996195, -3.71201e-12, -0.0871557, -4.46982e-12, -1, -8.49977e-12, -0.0871557, 8.857e-12, -0.996195, 0
11.75, 2025-07-03__00-41-20.499384, -0.0473067, -0.0817287, 0.0332582, -2.29019, -0.0289543, 2.14975, 0.731789, -0.00120714, -0.000820139, -0.000502024, -0.000658783, 0.000257648, -0.000148621, 0.000452223, 0.0979708, -0.544715, 0.158327, 0.771245, -0.346562, 0.78876, 0.387136, 0, 0, 0, 0, 0, 0, 0, 0.481464, -0.0143533, 0.140877, 0.486385, -0.0157403, 0.142593, 0.996195, -3.71201e-12, -0.0871557, -4.46982e-12, -1, -8.49977e-12, -0.0871557, 8.857e-12, -0.996195, 0
11.76, 2025-07-03__00-41-20.509385, -0.0473035, -0.0817294, 0.0332639, -2.29019, -0.0289555, 2.14975, 0.731793, -0.000334343, -0.000666199, 0.00145109, -5.32213e-05, -0.000313099, 8.75134e-06, 0.00368506, 0.0323985, -0.537488, 0.0913014, 0.761912, -0.343472, 0.785799, 0.367505, 0, 0, 0, 0, 0, 0, 0, 0.481465, -0.014352, 0.140879, 0.486385, -0.0157403, 0.142593, 0.996195, -3.71201e-12, -0.0871557, -4.46982e-12, -1, -8.49977e-12, -0.0871557, 8.857e-12, -0.996195, 0
11.77, 2025-07-03__00-41-20.519384, -0.0473035, -0.0817269, 0.0332583, -2.29019, -0.0289511, 2.14975, 0.731791, -0.000131175, -0.000228746, -0.000673413, -0.00171994, 0.000107421, 0.000229805, 0.00459172, 0.0771538, -0.582637, 0.137557, 0.801875, -0.345587, 0.790497, 0.362019, 0, 0, 0, 0, 0, 0, 0, 0.481464, -0.0143519, 0.140877, 0.486385, -0.0157403, 0.142593, 0.996195, -3.71201e-12, -0.0871557, -4.46982e-12, -1, -8.49977e-12, -0.0871557, 8.857e-12, -0.996195, 0
11.78, 2025-07-03__00-41-20.529389, -0.0473035, -0.0817269, 0.033254, -2.29019, -0.0289511, 2.14975, 0.731795, 0.000728727, -9.73204e-05, -0.0012937, 0.000221372, 0.000117063, 0.00304029, 0.00140843, 0.0728437, -0.54884, 0.133804, 0.756332, -0.346207, 0.765551, 0.380973, 0, 0, 0, 0, 0, 0, 0, 0.481464, -0.0143542, 0.140878, 0.486385, -0.0157403, 0.142593, 0.996195, -3.71201e-12, -0.0871557, -4.46982e-12, -1, -8.49977e-12, -0.0871557, 8.857e-12, -0.996195, 0
11.79, 2025-07-03__00-41-20.539384, -0.0473035, -0.0817269, 0.0332614, -2.29019, -0.0289537, 2.14975, 0.73179, -0.000390269, -0.000294479, 0.000535193, 0.000294095, 0.000435053, -0.000874777, -0.000354495, 0.0551392, -0.548341, 0.114773, 0.763713, -0.348043, 0.79187, 0.392062, 0, 0, 0, 0, 0, 0, 0, 0.481464, -0.0143518, 0.140878, 0.486385, -0.0157403, 0.142593, 0.996195, -3.71201e-12, -0.0871557, -4.46982e-12, -1, -8.49977e-12, -0.0871557, 8.857e-12, -0.996195, 0
11.8, 2025-07-03__00-41-20.549396, -0.0473041, -0.0817294, 0.0332593, -2.29019, -0.028955, 2.14975, 0.731795, 0.00110338, -0.0010701, 0.000642346, -0.000560209, -2.93923e-07, -0.000125957, 0.000515987, 0.0188377, -0.531501, 0.0782441, 0.765856, -0.345153, 0.787436, 0.3866, 0, 0, 0, 0, 0, 0, 0, 0.481465, -0.0143534, 0.140879, 0.486385, -0.0157403, 0.142593, 0.996195, -3.71201e-12, -0.0871557, -4.46982e-12, -1, -8.49977e-12, -0.0871557, 8.857e-12, -0.996195, 0
11.81, 2025-07-03__00-41-20.559387, -0.0473059, -0.0817269, 0.0332621, -2.29019, -0.0289556, 2.14975, 0.731798, 0.000264098, -0.000340929, 0.000604765, -0.000473478, 5.75412e-05, -0.00933025, 0.000972278, 0.0398245, -0.577056, 0.0992573, 0.8045, -0.345584, 0.852267, 0.383847, 0, 0, 0, 0, 0, 0, 0, 0.481464, -0.0143535, 0.140877, 0.486385, -0.0157403, 0.142593, 0.996195, -3.71201e-12, -0.0871557, -4.46982e-12, -1, -8.49977e-12, -0.0871557, 8.857e-12, -0.996195, 0
11.82, 2025-07-03__00-41-20.569398, -0.047306, -0.0817241, 0.0332614, -2.2902, -0.0289539, 2.14975, 0.731792, -0.000312333, 0.00106602, 0.000219477, -0.0016422, 3.00675e-06, -0.000778633, -0.00139005, 0.0615543, -0.631879, 0.121287, 0.827943, -0.34416, 0.800393, 0.398321, 0, 0, 0, 0, 0, 0, 0, 0.481464, -0.0143523, 0.140878, 0.486385, -0.0157403, 0.142593, 0.996195, -3.71201e-12, -0.0871557, -4.46982e-12, -1, -8.49977e-12, -0.0871557, 8.857e-12, -0.996195, 0
11.83, 2025-07-03__00-41-20.579384, -0.0473035, -0.0817294, 0.0332589, -2.29019, -0.0289543, 2.14975, 0.731798, 0.000287946, -0.00102317, -0.000456215, -0.000130366, 0.000216484, -9.91393e-05, -5.76298e-05, 0.0622105, -0.527238, 0.122468, 0.757286, -0.346626, 0.786227, 0.389763, 0, 0, 0, 0, 0, 0, 0, 0.481459, -0.0143529, 0.140874, 0.486385, -0.0157403, 0.142593, 0.996195, -3.71201e-12, -0.0871557, -4.46982e-12, -1, -8.49977e-12, -0.0871557, 8.857e-12, -0.996195, 0
11.84, 2025-07-03__00-41-20.589390, -0.047306, -0.0817294, 0.0332589, -2.29019, -0.0289549, 2.14975, 0.731802, -0.000877201, -0.000931567, 0.00193696, 0.000267489, 0.000785059, 0.000264102, 0.000824621, 0.0350553, -0.522064, 0.0936641, 0.749829, -0.350384, 0.782596, 0.38422, 0, 0, 0, 0, 0, 0, 0, 0.481464, -0.0143528, 0.140878, 0.486385, -0.0157403, 0.142593, 0.996195, -3.71201e-12, -0.0871557, -4.46982e-12, -1, -8.49977e-12, -0.0871557, 8.857e-12, -0.996195, 0
11.85, 2025-07-03__00-41-20.599388, -0.0473059, -0.0817269, 0.0332593, -2.29019, -0.028955, 2.14976, 0.731798, 4.58615e-05, -0.00071047, -0.000513673, -0.000300628, 0.000132467, -0.000346971, 0.00254476, 0.069788, -0.542576, 0.130091, 0.766701, -0.346114, 0.788454, 0.374017, 0, 0, 0, 0, 0, 0, 0, 0.481467, -0.0143498, 0.140877, 0.486385, -0.0157403, 0.142593, 0.996195, -3.71201e-12, -0.0871557, -4.46982e-12, -1, -8.49977e-12, -0.0871557, 8.857e-12, -0.996195, 0
11.86, 2025-07-03__00-41-20.609386, -0.0473071, -0.0817241, 0.0332589, -2.29019, -0.028955, 2.14976, 0.731801, -0.00101157, 0.00065496, -0.000676065, 0.00093524, 8.18354e-06, -3.75018e-05, -1.78191e-05, 0.0988201, -0.571778, 0.159376, 0.763874, -0.345382, 0.785689, 0.389302, 0, 0, 0, 0, 0, 0, 0, 0.481467, -0.0143535, 0.140877, 0.486385, -0.0157403, 0.142593, 0.996195, -3.71201e-12, -0.0871557, -4.46982e-12, -1, -8.49977e-12, -0.0871557, 8.857e-12, -0.996195, 0
11.87, 2025-07-03__00-41-20.619383, -0.0473031, -0.0817216, 0.0332617, -2.29019, -0.0289543, 2.14976, 0.731805, 0.000732157, 0.00155787, -0.000599463, -2.67242e-05, 0.000192326, 0.00046089, 0.00193546, 0.0565834, -0.618441, 0.116962, 0.79761, -0.346236, 0.786944, 0.377356, 0, 0, 0, 0, 0, 0, 0, 0.481462, -0.0143501, 0.140873, 0.486385, -0.0157403, 0.142593, 0.996195, -3.71201e-12, -0.0871557, -4.46982e-12, -1, -8.49977e-12, -0.0871557, 8.857e-12, -0.996195, 0
11.88, 2025-07-03__00-41-20.629387, -0.0473089, -0.0817242, 0.0332614, -2.29019, -0.0289532, 2.14976, 0.731799, -0.00182131, 0.000764048, -0.000265337, -0.000131074, 0.00308879, -0.000273596, -0.000549443, 0.107333, -0.593645, 0.16763, 0.78662, -0.364229, 0.790905, 0.392438, 0, 0, 0, 0, 0, 0, 0, 0.481468, -0.0143486, 0.140879, 0.486385, -0.0157403, 0.142593, 0.996195, -3.71201e-12, -0.0871557, -4.46982e-12, -1, -8.49977e-12, -0.0871557, 8.857e-12, -0.996195, 0
11.89, 2025-07-03__00-41-20.639384, -0.047306, -0.0817269, 0.0332615, -2.29019, -0.0289537, 2.14976, 0.731808, -0.000709739, 1.48154e-06, 0.000556158, 0.000857896, 0.000453614, 1.35198e-05, 0.000982487, 0.0627952, -0.547489, 0.122414, 0.75411, -0.348474, 0.783968, 0.382874, 0, 0, 0, 0, 0, 0, 0, 0.481464, -0.0143527, 0.140878, 0.486385, -0.0157403, 0.142593, 0.996195, -3.71201e-12, -0.0871557, -4.46982e-12, -1, -8.49977e-12, -0.0871557, 8.857e-12, -0.996195, 0
11.9, 2025-07-03__00-41-20.649386, -0.0473035, -0.081727, 0.0332618, -2.29019, -0.0289543, 2.14975, 0.731807, -4.1799e-05, -0.000247913, -0.00103519, 0.00162502, -0.00112199, -0.000416588, 0.00135076, 0.0832623, -0.527867, 0.144002, 0.736393, -0.338955, 0.784783, 0.380727, 0, 0, 0, 0, 0, 0, 0, 0.481468, -0.0143496, 0.14088, 0.486385, -0.0157403, 0.142593, 0.996195, -3.71201e-12, -0.0871557, -4.46982e-12, -1, -8.49977e-12, -0.0871557, 8.857e-12, -0.996195, 0
11.91, 2025-07-03__00-41-20.659384, -0.047301, -0.0817298, 0.0332615, -2.29019, -0.028955, 2.14976, 0.731804, 0.000231471, 0.000297799, 0.000158373, -0.000231046, -0.00960005, -0.000209803, -0.000889008, 0.0497224, -0.577122, 0.109293, 0.785646, -0.284874, 0.78918, 0.395192, 0, 0, 0, 0, 0, 0, 0, 0.481468, -0.0143504, 0.14088, 0.486385, -0.0157403, 0.142593, 0.996195, -3.71201e-12, -0.0871557, -4.46982e-12, -1, -8.49977e-12, -0.0871557, 8.857e-12, -0.996195, 0
11.92, 2025-07-03__00-41-20.669384, -0.047304, -0.0817272, 0.0332645, -2.29019, -0.0289556, 2.14976, 0.731808, -0.000752177, -2.25872e-05, 0.000273005, 9.27416e-05, -0.000813847, -0.000444332, 0.000173488, 0.0689001, -0.560718, 0.128612, 0.771006, -0.340061, 0.789411, 0.387879, 0, 0, 0, 0, 0, 0, 0, 0.481467, -0.0143534, 0.140878, 0.486385, -0.0157403, 0.142593, 0.996195, -3.71201e-12, -0.0871557, -4.46982e-12, -1, -8.49977e-12, -0.0871557, 8.857e-12, -0.996195, 0
11.93, 2025-07-03__00-41-20.679386, -0.0473044, -0.0817291, 0.0332699, -2.29019, -0.0289556, 2.14976, 0.731813, 0.000630377, -0.000131257, 0.00214296, -0.000380548, -0.000975235, -0.000152352, 0.00156525, -0.00599253, -0.561142, 0.0522358, 0.778449, -0.339099, 0.78824, 0.379357, 0, 0, 0, 0, 0, 0, 0, 0.481468, -0.014352, 0.140879, 0.486385, -0.0157403, 0.142593, 0.996195, -3.71201e-12, -0.0871557, -4.46982e-12, -1, -8.49977e-12, -0.0871557, 8.857e-12, -0.996195, 0
11.94, 2025-07-03__00-41-20.689384, -0.0473017, -0.0817319, 0.0332674, -2.2902, -0.0289542, 2.14976, 0.73181, 0.00109268, -0.00124056, 0.00100361, -0.00160978, 0.00417421, 0.000118665, -0.000238643, 0.00786274, -0.541928, 0.0669337, 0.783181, -0.370887, 0.7882, 0.390059, 0, 0, 0, 0, 0, 0, 0, 0.481468, -0.0143526, 0.140879, 0.486385, -0.0157403, 0.142593, 0.996195, -3.71201e-12, -0.0871557, -4.46982e-12, -1, -8.49977e-12, -0.0871557, 8.857e-12, -0.996195, 0
11.95, 2025-07-03__00-41-20.699388, -0.0473015, -0.0817305, 0.0332621, -2.29019, -0.028954, 2.14976, 0.731807, 0.00594722, -0.000767258, -0.00139927, -0.000574615, -0.00460472, -5.75898e-05, -0.0014817, -0.045364, -0.540696, 0.0151637, 0.772975, -0.316441, 0.786631, 0.398472, 0, 0, 0, 0, 0, 0, 0, 0.481469, -0.0143497, 0.140881, 0.486385, -0.0157403, 0.142593, 0.996195, -3.71201e-12, -0.0871557, -4.46982e-12, -1, -8.49977e-12, -0.0871557, 8.857e-12, -0.996195, 0
11.96, 2025-07-03__00-41-20.709385, -0.0473045, -0.0817352, 0.0332646, -2.29019, -0.0289563, 2.14976, 0.731817, 0.00019687, -0.00188149, -0.000496748, 0.000792664, -0.000667384, -0.000166634, 0.000579707, 0.0638189, -0.479283, 0.124021, 0.723527, -0.34164, 0.781215, 0.384815, 0, 0, 0, 0, 0, 0, 0, 0.481468, -0.0143533, 0.14088, 0.486385, -0.0157403, 0.142593, 0.996195, -3.71201e-12, -0.0871557, -4.46982e-12, -1, -8.49977e-12, -0.0871557, 8.857e-12, -0.996195, 0
11.97, 2025-07-03__00-41-20.719387, -0.0473037, -0.0817266, 0.0332621, -2.29019, -0.0289553, 2.14976, 0.731813, 0.000363086, -0.000141588, -0.00096225, 0.00204308, 0.000176026, 8.86353e-05, 0.00117297, 0.0724808, -0.522926, 0.133186, 0.727498, -0.347186, 0.779564, 0.38137, 0, 0, 0, 0, 0, 0, 0, 0.481462, -0.014354, 0.140874, 0.486385, -0.0157403, 0.142593, 0.996195, -3.71201e-12, -0.0871557, -4.46982e-12, -1, -8.49977e-12, -0.0871557, 8.857e-12, -0.996195, 0
11.98, 2025-07-03__00-41-20.729377, -0.047306, -0.081727, 0.0332681, -2.2902, -0.0289529, 2.14976, 0.731812, -0.000298452, 0.000539873, 0.00108879, -0.00136377, 0.000694431, -0.00015818, -0.00114778, 0.0396685, -0.605078, 0.0986905, 0.810795, -0.348842, 0.793322, 0.395643, 0, 0, 0, 0, 0, 0, 0, 0.481463, -0.0143506, 0.140875, 0.486385, -0.0157403, 0.142593, 0.996195, -3.71201e-12, -0.0871557, -4.46982e-12, -1, -8.49977e-12, -0.0871557, 8.857e-12, -0.996195, 0
11.99, 2025-07-03__00-41-20.739386, -0.0473031, -0.08173, 0.0332647, -2.29019, -0.028955, 2.14976, 0.731813, 0.00118445, -0.00017395, 0.000561817, -0.000693693, -0.000185501, -0.000318245, -0.000758738, 0.0179243, -0.565555, 0.0772995, 0.783805, -0.343784, 0.790388, 0.393329, 0, 0, 0, 0, 0, 0, 0, 0.481468, -0.0143524, 0.14088, 0.486385, -0.0157403, 0.142593, 0.996195, -3.71201e-12, -0.0871557, -4.46982e-12, -1, -8.49977e-12, -0.0871557, 8.857e-12, -0.996195, 0
12, 2025-07-03__00-41-20.749383, -0.0473059, -0.081728, 0.0332628, -2.29019, -0.0289585, 2.14976, 0.731816, 0.000118734, 5.93323e-05, -0.00135837, 0.0015676, 0.00016637, 0.000481399, 0.000953657, 0.0873079, -0.537138, 0.148251, 0.738886, -0.346671, 0.778764, 0.382507, 0, 0, 0, 0, 0, 0, 0, 0.481469, -0.014349, 0.14088, 0.486385, -0.0157403, 0.142593, 0.996195, -3.71201e-12, -0.0871557, -4.46982e-12, -1, -8.49977e-12, -0.0871557, 8.857e-12, -0.996195, 0
12.01, 2025-07-03__00-41-20.759384, -0.0473035, -0.0817326, 0.0332617, -2.29019, -0.0289529, 2.14976, 0.731818, 8.70958e-05, -0.00109083, -0.00224703, -0.000442596, 0.000593775, -0.000204865, 0.00111412, 0.106638, -0.530154, 0.168107, 0.761176, -0.34906, 0.787155, 0.381363, 0, 0, 0, 0, 0, 0, 0, 0.481469, -0.01435, 0.140881, 0.486385, -0.0157403, 0.142593, 0.996195, -3.71201e-12, -0.0871557, -4.46982e-12, -1, -8.49977e-12, -0.0871557, 8.857e-12, -0.996195, 0
12.02, 2025-07-03__00-41-20.769389, -0.0473011, -0.0817273, 0.0332657, -2.29019, -0.028955, 2.14976, 0.731816, 0.00116313, 0.000955271, 0.000686301, -0.000679208, -0.000146013, 0.000391897, -0.000199939, 0.0156712, -0.604838, 0.0749752, 0.800672, -0.343871, 0.787885, 0.389782, 0, 0, 0, 0, 0, 0, 0, 0.481468, -0.0143502, 0.14088, 0.486385, -0.0157403, 0.142593, 0.996195, -3.71201e-12, -0.0871557, -4.46982e-12, -1, -8.49977e-12, -0.0871557, 8.857e-12, -0.996195, 0
12.03, 2025-07-03__00-41-20.779387, -0.047301, -0.0817266, 0.0332705, -2.2902, -0.028955, 2.14976, 0.731821, -0.00208599, 0.00127572, 0.00139035, -0.00156777, -6.03192e-05, 0.00014427, 0.00130641, 0.0722035, -0.6352, 0.131024, 0.826316, -0.34392, 0.793483, 0.38026, 0, 0, 0, 0, 0, 0, 0, 0.481469, -0.0143492, 0.14088, 0.486385, -0.0157403, 0.142593, 0.996195, -3.71201e-12, -0.0871557, -4.46982e-12, -1, -8.49977e-12, -0.0871557, 8.857e-12, -0.996195, 0
12.04, 2025-07-03__00-41-20.789386, -0.0473, -0.0817273, 0.03327, -2.29019, -0.0289537, 2.14976, 0.731823, 0.00237702, 0.0012951, 0.00174042, 0.00213405, 0.00190959, -0.000179818, 0.00142838, -0.0359615, -0.569137, 0.0227352, 0.750877, -0.358152, 0.783777, 0.379432, 0, 0, 0, 0, 0, 0, 0, 0.481469, -0.0143497, 0.140881, 0.486385, -0.0157403, 0.142593, 0.996195, -3.71201e-12, -0.0871557, -4.46982e-12, -1, -8.49977e-12, -0.0871557, 8.857e-12, -0.996195, 0
12.05, 2025-07-03__00-41-20.799386, -0.0473038, -0.0817326, 0.0332727, -2.29019, -0.0289556, 2.14976, 0.731819, -0.000349988, -0.00125913, 0.000726966, 0.000239651, -0.00121593, 0.000326153, -0.00120003, 0.0466646, -0.510122, 0.105911, 0.744573, -0.337788, 0.780844, 0.395579, 0, 0, 0, 0, 0, 0, 0, 0.481468, -0.014349, 0.140879, 0.486385, -0.0157403, 0.142593, 0.996195, -3.71201e-12, -0.0871557, -4.46982e-12, -1, -8.49977e-12, -0.0871557, 8.857e-12, -0.996195, 0
12.06, 2025-07-03__00-41-20.809388, -0.0473035, -0.0817273, 0.0332663, -2.29019, -0.028955, 2.14976, 0.731824, 0.000379675, 0.000793114, -0.00115809, 0.000602171, -0.000177357, -0.000177008, 0.000745059, 0.0758865, -0.580713, 0.136593, 0.773054, -0.344264, 0.787765, 0.38342, 0, 0, 0, 0, 0, 0, 0, 0.481468, -0.0143474, 0.140879, 0.486385, -0.0157403, 0.142593, 0.996195, -3.71201e-12, -0.0871557, -4.46982e-12, -1, -8.49977e-12, -0.0871557, 8.857e-12, -0.996195, 0
12.07, 2025-07-03__00-41-20.819386, -0.0473035, -0.0817326, 0.0332728, -2.29019, -0.028955, 2.14976, 0.731825, 0.00460459, -0.000714334, 0.000769782, 0.00179774, -6.44535e-05, -0.000166811, -0.006314, -0.0660174, -0.500988, -0.00687965, 0.724436, -0.345544, 0.780343, 0.42642, 0, 0, 0, 0, 0, 0, 0, 0.481468, -0.0143499, 0.14088, 0.486385, -0.0157403, 0.142593, 0.996195, -3.71201e-12, -0.0871557, -4.46982e-12, -1, -8.49977e-12, -0.0871557, 8.857e-12, -0.996195, 0
12.08, 2025-07-03__00-41-20.829387, -0.0473063, -0.0817301, 0.0332734, -2.29019, -0.028955, 2.14976, 0.73182, -0.000489207, -0.000483767, 0.00104032, -0.000702032, -0.000218515, -0.000212611, -0.00134491, 0.043443, -0.555186, 0.102442, 0.778268, -0.343549, 0.789137, 0.396407, 0, 0, 0, 0, 0, 0, 0, 0.481468, -0.0143493, 0.140879, 0.486385, -0.0157403, 0.142593, 0.996195, -3.71201e-12, -0.0871557, -4.46982e-12, -1, -8.49977e-12, -0.0871557, 8.857e-12, -0.996195, 0
12.09, 2025-07-03__00-41-20.839386, -0.0473081, -0.0817248, 0.0332706, -2.29019, -0.0289551, 2.14976, 0.73182, -0.00105995, 0.00131429, 0.000720786, 0.00112946, -0.003907, 3.11276e-05, -0.00116349, 0.0665031, -0.591274, 0.125841, 0.772721, -0.320862, 0.785823, 0.395486, 0, 0, 0, 0, 0, 0, 0, 0.481469, -0.014349, 0.14088, 0.486385, -0.0157403, 0.142593, 0.996195, -3.71201e-12, -0.0871557, -4.46982e-12, -1, -8.49977e-12, -0.0871557, 8.857e-12, -0.996195, 0
12.1, 2025-07-03__00-41-20.849385, -0.047307, -0.0817301, 0.0332713, -2.2902, -0.0289556, 2.14976, 0.731825, -0.00106926, -0.000701378, 0.000871117, -0.00120409, -0.000569618, 0.000204671, -0.00187536, 0.0607264, -0.557252, 0.119804, 0.785531, -0.341034, 0.787698, 0.39931, 0, 0, 0, 0, 0, 0, 0, 0.481469, -0.0143491, 0.14088, 0.486385, -0.0157403, 0.142593, 0.996195, -3.71201e-12, -0.0871557, -4.46982e-12, -1, -8.49977e-12, -0.0871557, 8.857e-12, -0.996195, 0
12.11, 2025-07-03__00-41-20.859387, -0.0473017, -0.0817302, 0.0332678, -2.29019, -0.028955, 2.14976, 0.73183, 0.00151605, 1.56734e-05, -0.000745721, -0.0015131, -0.000126239, -0.000205099, -0.000128112, 0.0390431, -0.586308, 0.099221, 0.802827, -0.343859, 0.792561, 0.388475, 0, 0, 0, 0, 0, 0, 0, 0.481468, -0.0143518, 0.14088, 0.486385, -0.0157403, 0.142593, 0.996195, -3.71201e-12, -0.0871557, -4.46982e-12, -1, -8.49977e-12, -0.0871557, 8.857e-12, -0.996195, 0
12.12, 2025-07-03__00-41-20.869384, -0.0473067, -0.0817301, 0.0332738, -2.29019, -0.028955, 2.14976, 0.731833, -0.000536503, -0.000168783, 0.00136101, -0.000164408, -5.47435e-05, 0.000127784, 8.98172e-05, 0.0376586, -0.556421, 0.0964327, 0.771592, -0.344892, 0.785765, 0.386952, 0, 0, 0, 0, 0, 0, 0, 0.481468, -0.0143493, 0.140879, 0.486385, -0.0157403, 0.142593, 0.996195, -3.71201e-12, -0.0871557, -4.46982e-12, -1, -8.49977e-12, -0.0871557, 8.857e-12, -0.996195, 0
12.13, 2025-07-03__00-41-20.879386, -0.0473063, -0.0817326, 0.033271, -2.29019, -0.0289556, 2.14976, 0.731824, -0.000189434, -0.00073786, -5.10519e-05, -0.000844095, -0.000914625, 7.80176e-05, -0.00611376, 0.0614743, -0.547799, 0.121201, 0.775754, -0.338806, 0.787137, 0.425051, 0, 0, 0, 0, 0, 0, 0, 0.481469, -0.0143479, 0.14088, 0.486385, -0.0157403, 0.142593, 0.996195, -3.71201e-12, -0.0871557, -4.46982e-12, -1, -8.49977e-12, -0.0871557, 8.857e-12, -0.996195, 0
12.14, 2025-07-03__00-41-20.889386, -0.0473011, -0.0817308, 0.0332678, -2.29019, -0.0289575, 2.14976, 0.731833, 0.00045296, 0.000235737, 0.000183719, 0.00113128, -0.00917425, -0.000440159, -0.00056802, 0.0430892, -0.551964, 0.102573, 0.75748, -0.288121, 0.786424, 0.391523, 0, 0, 0, 0, 0, 0, 0, 0.481469, -0.0143495, 0.140882, 0.486385, -0.0157403, 0.142593, 0.996195, -3.71201e-12, -0.0871557, -4.46982e-12, -1, -8.49977e-12, -0.0871557, 8.857e-12, -0.996195, 0
12.15, 2025-07-03__00-41-20.899391, -0.0473035, -0.0817309, 0.0332738, -2.29019, -0.028955, 2.14976, 0.731836, 4.0359e-05, 4.9407e-05, 0.000528315, 0.000222747, -0.000333704, 0.000106639, 0.00583633, 0.0433289, -0.55759, 0.102717, 0.767196, -0.343691, 0.785059, 0.351962, 0, 0, 0, 0, 0, 0, 0, 0.481469, -0.0143463, 0.140881, 0.486385, -0.0157403, 0.142593, 0.996195, -3.71201e-12, -0.0871557, -4.46982e-12, -1, -8.49977e-12, -0.0871557, 8.857e-12, -0.996195, 0
12.16, 2025-07-03__00-41-20.909387, -0.047306, -0.0817302, 0.033271, -2.29019, -0.0289543, 2.14976, 0.731837, -0.00091881, 7.17867e-05, 0.000159668, -0.000742754, 0.00012052, 0.000126892, 0.00116963, 0.0740952, -0.575678, 0.133734, 0.786747, -0.345783, 0.788161, 0.380089, 0, 0, 0, 0, 0, 0, 0, 0.481469, -0.0143484, 0.14088, 0.486385, -0.0157403, 0.142593, 0.996195, -3.71201e-12, -0.0871557, -4.46982e-12, -1, -8.49977e-12, -0.0871557, 8.857e-12, -0.996195, 0
12.17, 2025-07-03__00-41-20.919388, -0.0473088, -0.0817311, 0.0332759, -2.29019, -0.0289543, 2.14977, 0.731836, -0.00189875, -1.08251e-05, 0.00123996, 0.000554837, 0.000291597, 0.000483249, 0.000662788, 0.0714491, -0.549606, 0.130406, 0.75761, -0.347347, 0.780883, 0.383172, 0, 0, 0, 0, 0, 0, 0, 0.481469, -0.0143486, 0.140882, 0.486385, -0.0157403, 0.142593, 0.996195, -3.71201e-12, -0.0871557, -4.46982e-12, -1, -8.49977e-12, -0.0871557, 8.857e-12, -0.996195, 0
12.18, 2025-07-03__00-41-20.929387, -0.047301, -0.0817304, 0.0332695, -2.29019, -0.0289592, 2.14976, 0.731834, 0.00200057, -0.000143698, -0.00100914, -0.00153306, -8.39261e-05, -0.00096887, -0.000194149, 0.03347, -0.582354, 0.0937663, 0.802897, -0.343944, 0.797517, 0.388683, 0, 0, 0, 0, 0, 0, 0, 0.481469, -0.0143467, 0.140881, 0.486385, -0.0157403, 0.142593, 0.996195, -3.71201e-12, -0.0871557, -4.46982e-12, -1, -8.49977e-12, -0.0871557, 8.857e-12, -0.996195, 0
12.19, 2025-07-03__00-41-20.939385, -0.0473089, -0.0817302, 0.0332741, -2.29019, -0.0289562, 2.14976, 0.731831, -0.00066529, -0.000657523, -0.000491824, -0.000126408, -0.000199188, -0.0001396, -0.00108148, 0.0826152, -0.540396, 0.142706, 0.762985, -0.343887, 0.786648, 0.394059, 0, 0, 0, 0, 0, 0, 0, 0.481469, -0.0143477, 0.14088, 0.486385, -0.0157403, 0.142593, 0.996195, -3.71201e-12, -0.0871557, -4.46982e-12, -1, -8.49977e-12, -0.0871557, 8.857e-12, -0.996195, 0
12.2, 2025-07-03__00-41-20.949388, -0.0473014, -0.0817301, 0.0332717, -2.29019, -0.028955, 2.14977, 0.731837, 0.000136378, -0.000400564, -0.00111252, 4.11608e-05, -0.000176563, 0.00034184, 0.000562675, 0.0776609, -0.545332, 0.138201, 0.762069, -0.344259, 0.782623, 0.383728, 0, 0, 0, 0, 0, 0, 0, 0.481469, -0.0143446, 0.14088, 0.486385, -0.0157403, 0.142593, 0.996195, -3.71201e-12, -0.0871557, -4.46982e-12, -1, -8.49977e-12, -0.0871557, 8.857e-12, -0.996195, 0
12.21, 2025-07-03__00-41-20.959390, -0.0473088, -0.0817322, 0.0332742, -2.29019, -0.0289575, 2.14977, 0.731838, -0.00650637, -0.000143356, -0.000408747, -0.000643407, 0.000316981, -0.000106812, 0.00080989, 0.213094, -0.570086, 0.273322, 0.779721, -0.3466, 0.788847, 0.381859, 0, 0, 0, 0, 0, 0, 0, 0.481469, -0.0143457, 0.14088, 0.486385, -0.0157403, 0.142593, 0.996195, -3.71201e-12, -0.0871557, -4.46982e-12, -1, -8.49977e-12, -0.0871557, 8.857e-12, -0.996195, 0
12.22, 2025-07-03__00-41-20.969387, -0.0473064, -0.0817326, 0.0332741, -2.2902, -0.0289547, 2.14976, 0.731834, -0.00155343, -0.00123236, 0.00135803, -0.000904212, 0.000123797, -0.000112575, -0.000646745, 0.0596404, -0.53293, 0.11837, 0.770855, -0.345762, 0.787768, 0.391281, 0, 0, 0, 0, 0, 0, 0, 0.481468, -0.0143478, 0.140879, 0.486385, -0.0157403, 0.142593, 0.996195, -3.71201e-12, -0.0871557, -4.46982e-12, -1, -8.49977e-12, -0.0871557, 8.857e-12, -0.996195, 0
12.23, 2025-07-03__00-41-20.979388, -0.0473011, -0.0817304, 0.0332745, -2.29019, -0.0289555, 2.14976, 0.731842, 0.000801425, -0.000333851, 0.000725296, -0.00160405, -0.000188471, 0.000123624, 0.000717396, 0.0199944, -0.573991, 0.0790413, 0.798081, -0.343582, 0.789727, 0.382709, 0, 0, 0, 0, 0, 0, 0, 0.481469, -0.0143458, 0.140881, 0.486385, -0.0157403, 0.142593, 0.996195, -3.71201e-12, -0.0871557, -4.46982e-12, -1, -8.49977e-12, -0.0871557, 8.857e-12, -0.996195, 0
12.24, 2025-07-03__00-41-20.989385, -0.047307, -0.0817295, 0.033277, -2.29018, -0.0289556, 2.14976, 0.731841, -0.00818244, 0.00180387, 0.000349675, 0.0019594, -0.000262217, -0.00045272, 0.000355098, 0.234777, -0.59683, 0.294716, 0.759499, -0.343791, 0.787969, 0.3844, 0, 0, 0, 0, 0, 0, 0, 0.481473, -0.0143484, 0.140883, 0.486385, -0.0157403, 0.142593, 0.996195, -3.71201e-12, -0.0871557, -4.46982e-12, -1, -8.49977e-12, -0.0871557, 8.857e-12, -0.996195, 0
12.25, 2025-07-03__00-41-20.999386, -0.0473021, -0.0817358, 0.0332745, -2.29019, -0.0289561, 2.14976, 0.731837, -0.000664025, -0.0015748, -0.00187864, -0.000585229, -0.000103287, 0.000154981, -0.00139727, 0.111568, -0.513705, 0.172594, 0.754683, -0.344416, 0.784066, 0.395502, 0, 0, 0, 0, 0, 0, 0, 0.481469, -0.0143436, 0.140882, 0.486385, -0.0157403, 0.142593, 0.996195, -3.71201e-12, -0.0871557, -4.46982e-12, -1, -8.49977e-12, -0.0871557, 8.857e-12, -0.996195, 0
12.26, 2025-07-03__00-41-21.009386, -0.0473009, -0.0817332, 0.0332777, -2.29018, -0.0289546, 2.14976, 0.73184, 0.0012937, -0.000416009, 0.000654021, 0.000666382, 0.000210306, 0.000143179, 0.00030306, 0.0101142, -0.530027, 0.069349, 0.748163, -0.347111, 0.782124, 0.385248, 0, 0, 0, 0, 0, 0, 0, 0.481474, -0.0143454, 0.140885, 0.486385, -0.0157403, 0.142593, 0.996195, -3.71201e-12, -0.0871557, -4.46982e-12, -1, -8.49977e-12, -0.0871557, 8.857e-12, -0.996195, 0
12.27, 2025-07-03__00-41-21.019387, -0.0473035, -0.0817357, 0.0332806, -2.29019, -0.0289553, 2.14977, 0.731839, -0.000219469, -0.000721327, -0.000515115, -0.000520362, 0.0054156, -0.000139773, -0.000858208, 0.0699258, -0.541089, 0.130073, 0.766399, -0.378979, 0.78697, 0.391872, 0, 0, 0, 0, 0, 0, 0, 0.481469, -0.0143448, 0.140882, 0.486385, -0.0157403, 0.142593, 0.996195, -3.71201e-12, -0.0871557, -4.46982e-12, -1, -8.49977e-12, -0.0871557, 8.857e-12, -0.996195, 0
12.28, 2025-07-03__00-41-21.029375, -0.0473011, -0.0817305, 0.0332806, -2.29019, -0.0289541, 2.14976, 0.73184, -0.000693788, -0.000297596, -0.00109134, -0.00035364, 0.000538694, -0.00011866, -0.0012368, 0.0937453, -0.557055, 0.154225, 0.773018, -0.348477, 0.78801, 0.394394, 0, 0, 0, 0, 0, 0, 0, 0.481469, -0.014339, 0.140881, 0.486385, -0.0157403, 0.142593, 0.996195, -3.71201e-12, -0.0871557, -4.46982e-12, -1, -8.49977e-12, -0.0871557, 8.857e-12, -0.996195, 0
12.29, 2025-07-03__00-41-21.039387, -0.047306, -0.0817284, 0.0332753, -2.29019, -0.0289554, 2.14976, 0.731844, -0.00114232, 0.000915711, -0.00158134, -0.000655747, -5.78127e-05, 6.51148e-05, 0.000588738, 0.118221, -0.606426, 0.179083, 0.799124, -0.344423, 0.790328, 0.383124, 0, 0, 0, 0, 0, 0, 0, 0.481469, -0.0143431, 0.140882, 0.486385, -0.0157403, 0.142593, 0.996195, -3.71201e-12, -0.0871557, -4.46982e-12, -1, -8.49977e-12, -0.0871557, 8.857e-12, -0.996195, 0
12.3, 2025-07-03__00-41-21.049387, -0.0473034, -0.0817333, 0.0332788, -2.29019, -0.0289546, 2.14976, 0.731839, -0.000220011, -0.000178786, -0.00136982, -0.000769149, 3.6216e-05, 5.693e-05, -0.000132024, 0.0903223, -0.566817, 0.150965, 0.782598, -0.345178, 0.788212, 0.387798, 0, 0, 0, 0, 0, 0, 0, 0.481473, -0.0143394, 0.140882, 0.486385, -0.0157403, 0.142593, 0.996195, -3.71201e-12, -0.0871557, -4.46982e-12, -1, -8.49977e-12, -0.0871557, 8.857e-12, -0.996195, 0
12.31, 2025-07-03__00-41-21.059386, -0.047306, -0.0817303, 0.0332835, -2.29019, -0.0289575, 2.14977, 0.731846, -0.00119532, 0.000590544, 0.000697389, -0.000210725, 0.000152372, 0.000289482, 0.00151975, 0.065808, -0.584322, 0.124993, 0.783934, -0.345985, 0.78579, 0.377467, 0, 0, 0, 0, 0, 0, 0, 0.481473, -0.0143414, 0.140882, 0.486385, -0.0157403, 0.142593, 0.996195, -3.71201e-12, -0.0871557, -4.46982e-12, -1, -8.49977e-12, -0.0871557, 8.857e-12, -0.996195, 0
12.32, 2025-07-03__00-41-21.069384, -0.0473059, -0.0817305, 0.0332842, -2.29019, -0.0289582, 2.14977, 0.731841, -0.00117428, -0.000513699, 0.000615823, 0.000215812, -1.66432e-05, 0.000250281, -0.005954, 0.0659231, -0.538132, 0.125149, 0.757205, -0.344752, 0.78258, 0.423031, 0, 0, 0, 0, 0, 0, 0, 0.481472, -0.0143418, 0.14088, 0.486385, -0.0157403, 0.142593, 0.996195, -3.71201e-12, -0.0871557, -4.46982e-12, -1, -8.49977e-12, -0.0871557, 8.857e-12, -0.996195, 0
12.33, 2025-07-03__00-41-21.079379, -0.0473035, -0.0817326, 0.0332838, -2.29019, -0.028955, 2.14977, 0.731843, 0.000363786, -0.000162989, -0.000325853, -0.00110107, -0.000155551, -2.0312e-05, 0.00249604, 0.0524448, -0.571901, 0.112249, 0.790065, -0.344079, 0.788904, 0.371775, 0, 0, 0, 0, 0, 0, 0, 0.481472, -0.0143414, 0.140881, 0.486385, -0.0157403, 0.142593, 0.996195, -3.71201e-12, -0.0871557, -4.46982e-12, -1, -8.49977e-12, -0.0871557, 8.857e-12, -0.996195, 0
12.34, 2025-07-03__00-41-21.089386, -0.0473031, -0.0817326, 0.0332838, -2.29019, -0.0289575, 2.14977, 0.731843, -0.00481229, -0.00100023, 0.00056631, -0.00172918, 9.22213e-05, -9.39376e-05, 6.07568e-05, 0.148361, -0.555661, 0.207645, 0.788075, -0.344961, 0.789989, 0.386278, 0, 0, 0, 0, 0, 0, 0, 0.481477, -0.0143437, 0.140884, 0.486385, -0.0157403, 0.142593, 0.996195, -3.71201e-12, -0.0871557, -4.46982e-12, -1, -8.49977e-12, -0.0871557, 8.857e-12, -0.996195, 0
12.35, 2025-07-03__00-41-21.099388, -0.0473037, -0.0817333, 0.0332813, -2.29019, -0.0289591, 2.14977, 0.731852, -0.000206142, -0.00016145, 0.000894352, 0.00137432, -0.000244442, -0.000363476, 0.00134542, 0.0388634, -0.530655, 0.0979335, 0.741254, -0.344301, 0.783686, 0.378239, 0, 0, 0, 0, 0, 0, 0, 0.481467, -0.0143418, 0.140877, 0.486385, -0.0157403, 0.142593, 0.996195, -3.71201e-12, -0.0871557, -4.46982e-12, -1, -8.49977e-12, -0.0871557, 8.857e-12, -0.996195, 0
12.36, 2025-07-03__00-41-21.109383, -0.0473036, -0.0817326, 0.0332813, -2.29019, -0.0289567, 2.14977, 0.731842, 6.00829e-05, 0.000281457, -0.000966468, -0.00129763, -0.000538086, 2.51193e-05, -0.00141306, 0.0744739, -0.591725, 0.134741, 0.801333, -0.341122, 0.790303, 0.395508, 0, 0, 0, 0, 0, 0, 0, 0.481478, -0.0143421, 0.140886, 0.486385, -0.0157403, 0.142593, 0.996195, -3.71201e-12, -0.0871557, -4.46982e-12, -1, -8.49977e-12, -0.0871557, 8.857e-12, -0.996195, 0
12.37, 2025-07-03__00-41-21.119384, -0.0473036, -0.0817358, 0.0332887, -2.29019, -0.0289555, 2.14977, 0.731845, -0.000514187, -0.000572172, -0.00183532, -0.000817791, 0.000176794, 0.000369021, -0.00117649, 0.104921, -0.55228, 0.165812, 0.775115, -0.34598, 0.784716, 0.393714, 0, 0, 0, 0, 0, 0, 0, 0.481473, -0.0143425, 0.140882, 0.486385, -0.0157403, 0.142593, 0.996195, -3.71201e-12, -0.0871557, -4.46982e-12, -1, -8.49977e-12, -0.0871557, 8.857e-12, -0.996195, 0
12.38, 2025-07-03__00-41-21.129389, -0.0473028, -0.0817386, 0.033287, -2.29019, -0.0289569, 2.14977, 0.731855, -0.000346666, -0.00172142, 0.000278308, -2.82844e-06, 0.000265082, 3.41629e-05, 0.00109318, 0.0530174, -0.495802, 0.112386, 0.740537, -0.347277, 0.781784, 0.379487, 0, 0, 0, 0, 0, 0, 0, 0.481473, -0.0143394, 0.140882, 0.486385, -0.0157403, 0.142593, 0.996195, -3.71201e-12, -0.0871557, -4.46982e-12, -1, -8.49977e-12, -0.0871557, 8.857e-12, -0.996195, 0
12.39, 2025-07-03__00-41-21.139385, -0.0473028, -0.0817333, 0.0332902, -2.29019, -0.0289538, 2.14977, 0.731849, 0.000442376, 0.000428891, 0.000440419, 0.00115792, 0.000340778, 0.0031634, -0.000388286, 0.0321405, -0.547509, 0.0915127, 0.744574, -0.347897, 0.761325, 0.388804, 0, 0, 0, 0, 0, 0, 0, 0.481468, -0.0143387, 0.140878, 0.486385, -0.0157403, 0.142593, 0.996195, -3.71201e-12, -0.0871557, -4.46982e-12, -1, -8.49977e-12, -0.0871557, 8.857e-12, -0.996195, 0
12.4, 2025-07-03__00-41-21.149384, -0.0472989, -0.0817334, 0.0332902, -2.29019, -0.0289587, 2.14977, 0.73185, 0.000638851, 0.000489774, 0.000516754, 0.000863898, 0.000137302, -0.000234417, -0.00176555, 0.0253013, -0.561631, 0.0845505, 0.76208, -0.346194, 0.785758, 0.397224, 0, 0, 0, 0, 0, 0, 0, 0.481473, -0.0143404, 0.140882, 0.486385, -0.0157403, 0.142593, 0.996195, -3.71201e-12, -0.0871557, -4.46982e-12, -1, -8.49977e-12, -0.0871557, 8.857e-12, -0.996195, 0
12.41, 2025-07-03__00-41-21.159386, -0.0472986, -0.0817305, 0.0332932, -2.29019, -0.0289583, 2.14977, 0.731855, 0.000125813, 0.000722031, 0.00204022, 0.000554014, -0.000184764, -3.26681e-05, -0.000751209, 0.00181676, -0.574962, 0.0599314, 0.772541, -0.344129, 0.785743, 0.390884, 0, 0, 0, 0, 0, 0, 0, 0.481472, -0.0143352, 0.14088, 0.486385, -0.0157403, 0.142593, 0.996195, -3.71201e-12, -0.0871557, -4.46982e-12, -1, -8.49977e-12, -0.0871557, 8.857e-12, -0.996195, 0
12.42, 2025-07-03__00-41-21.169383, -0.0473014, -0.0817354, 0.033293, -2.29019, -0.0289582, 2.14977, 0.731851, -0.000903349, -0.00639201, 0.000191291, 0.000277447, -0.000101985, -0.000166068, -0.000440103, 0.0627154, -0.327004, 0.122011, 0.658078, -0.345736, 0.772512, 0.388928, 0, 0, 0, 0, 0, 0, 0, 0.481473, -0.0143336, 0.140882, 0.486385, -0.0157403, 0.142593, 0.996195, -3.71201e-12, -0.0871557, -4.46982e-12, -1, -8.49977e-12, -0.0871557, 8.857e-12, -0.996195, 0
12.43, 2025-07-03__00-41-21.179388, -0.0473002, -0.0817331, 0.033293, -2.29019, -0.0289561, 2.14977, 0.731853, 0.00105077, 0.00340462, 0.000964011, 0.000123625, -0.000219051, -0.000116652, -0.000404179, 0.00742093, -0.676992, 0.0663397, 0.825758, -0.343399, 0.793296, 0.388928, 0, 0, 0, 0, 0, 0, 0, 0.481473, -0.014339, 0.140882, 0.486385, -0.0157403, 0.142593, 0.996195, -3.71201e-12, -0.0871557, -4.46982e-12, -1, -8.49977e-12, -0.0871557, 8.857e-12, -0.996195, 0
12.44, 2025-07-03__00-41-21.189397, -0.0473037, -0.0817357, 0.033293, -2.29019, -0.0289557, 2.14977, 0.731858, -0.000508759, -0.000125175, 0.000377129, -0.000385953, -0.000273629, -0.00017765, -0.000524384, 0.0542633, -0.560621, 0.113516, 0.776351, -0.343416, 0.787894, 0.389183, 0, 0, 0, 0, 0, 0, 0, 0.481473, -0.0143363, 0.140883, 0.486385, -0.0157403, 0.142593, 0.996195, -3.71201e-12, -0.0871557, -4.46982e-12, -1, -8.49977e-12, -0.0871557, 8.857e-12, -0.996195, 0
12.45, 2025-07-03__00-41-21.199386, -0.0473028, -0.0817362, 0.0332931, -2.29019, -0.0289546, 2.14977, 0.73186, 0.00048557, 4.10761e-05, -0.000377593, -0.00142393, 8.57634e-05, 0.000519781, -7.29776e-05, 0.0484713, -0.581982, 0.108177, 0.797751, -0.345319, 0.786564, 0.386329, 0, 0, 0, 0, 0, 0, 0, 0.481473, -0.0143377, 0.140883, 0.486385, -0.0157403, 0.142593, 0.996195, -3.71201e-12, -0.0871557, -4.46982e-12, -1, -8.49977e-12, -0.0871557, 8.857e-12, -0.996195, 0
12.46, 2025-07-03__00-41-21.209388, -0.0473033, -0.0817333, 0.0332934, -2.29019, -0.0289582, 2.14977, 0.73186, 5.96236e-05, -0.00101439, 0.000210754, 0.000704394, -6.30719e-05, -0.000365088, 0.000996944, 0.044752, -0.511689, 0.104133, 0.740386, -0.345345, 0.783952, 0.37983, 0, 0, 0, 0, 0, 0, 0, 0.481472, -0.0143376, 0.14088, 0.486385, -0.0157403, 0.142593, 0.996195, -3.71201e-12, -0.0871557, -4.46982e-12, -1, -8.49977e-12, -0.0871557, 8.857e-12, -0.996195, 0
12.47, 2025-07-03__00-41-21.219384, -0.0473081, -0.0817355, 0.0332933, -2.29019, -0.0289543, 2.14977, 0.731855, -0.000663601, 1.24738e-05, -0.000395814, -0.000460621, 0.000266983, 0.000309088, -0.000803477, 0.0761868, -0.566388, 0.136029, 0.77822, -0.346783, 0.785169, 0.390967, 0, 0, 0, 0, 0, 0, 0, 0.481473, -0.0143361, 0.140882, 0.486385, -0.0157403, 0.142593, 0.996195, -3.71201e-12, -0.0871557, -4.46982e-12, -1, -8.49977e-12, -0.0871557, 8.857e-12, -0.996195, 0
12.48, 2025-07-03__00-41-21.229385, -0.0473035, -0.0817364, 0.0332961, -2.29019, -0.028959, 2.14977, 0.731861, 0.00038987, 0.000396862, 0.000698097, -0.000224328, 0.000125529, -0.000103632, -0.00604015, 0.0259802, -0.575248, 0.0849388, 0.781751, -0.345385, 0.788008, 0.422489, 0, 0, 0, 0, 0, 0, 0, 0.481474, -0.0143381, 0.140885, 0.486385, -0.0157403, 0.142593, 0.996195, -3.71201e-12, -0.0871557, -4.46982e-12, -1, -8.49977e-12, -0.0871557, 8.857e-12, -0.996195, 0
12.49, 2025-07-03__00-41-21.239389, -0.0473007, -0.0817358, 0.0332964, -2.2902, -0.0289597, 2.14977, 0.73186, 0.00495153, -0.000503611, 0.00243933, -0.00291604, -5.06212e-05, -2.94572e-05, -0.000178992, -0.118243, -0.585478, -0.0609105, 0.824518, -0.343897, 0.793386, 0.387463, 0, 0, 0, 0, 0, 0, 0, 0.481473, -0.0143369, 0.140882, 0.486385, -0.0157403, 0.142593, 0.996195, -3.71201e-12, -0.0871557, -4.46982e-12, -1, -8.49977e-12, -0.0871557, 8.857e-12, -0.996195, 0
12.5, 2025-07-03__00-41-21.249382, -0.0473092, -0.0817421, 0.0332933, -2.29019, -0.0289552, 2.14977, 0.73186, -0.000887386, -0.00290164, -0.000182244, 0.000399731, 6.31593e-05, -7.86899e-05, -0.0010262, 0.0748696, -0.446833, 0.134521, 0.712319, -0.346338, 0.778882, 0.391956, 0, 0, 0, 0, 0, 0, 0, 0.481474, -0.0143376, 0.140884, 0.486385, -0.0157403, 0.142593, 0.996195, -3.71201e-12, -0.0871557, -4.46982e-12, -1, -8.49977e-12, -0.0871557, 8.857e-12, -0.996195, 0
12.51, 2025-07-03__00-41-21.259385, -0.0473035, -0.0817363, 0.0332962, -2.29019, -0.0289556, 2.14977, 0.73186, -0.000114917, 0.000180538, 0.000478307, -0.000351249, -0.000398603, -0.000196756, -0.000317275, 0.0425252, -0.570393, 0.101671, 0.780886, -0.342645, 0.788502, 0.387853, 0, 0, 0, 0, 0, 0, 0, 0.481474, -0.0143356, 0.140884, 0.486385, -0.0157403, 0.142593, 0.996195, -3.71201e-12, -0.0871557, -4.46982e-12, -1, -8.49977e-12, -0.0871557, 8.857e-12, -0.996195, 0
12.52, 2025-07-03__00-41-21.269396, -0.0473088, -0.0817365, 0.0332934, -2.29019, -0.0289555, 2.14977, 0.731863, -0.00157243, 8.68945e-05, -0.000308674, 0.00133239, -7.86002e-05, 0.000458718, -0.000174227, 0.0954101, -0.539015, 0.155304, 0.742529, -0.345318, 0.778865, 0.386623, 0, 0, 0, 0, 0, 0, 0, 0.481474, -0.0143359, 0.140884, 0.486385, -0.0157403, 0.142593, 0.996195, -3.71201e-12, -0.0871557, -4.46982e-12, -1, -8.49977e-12, -0.0871557, 8.857e-12, -0.996195, 0
12.53, 2025-07-03__00-41-21.279397, -0.047306, -0.0817337, 0.0332934, -2.29019, -0.0289585, 2.14977, 0.731864, 0.00038551, 0.000936227, -0.000187126, -0.000552377, 0.000154974, -0.000460668, 0.000807531, 0.0480447, -0.602177, 0.10766, 0.798471, -0.345837, 0.792597, 0.380809, 0, 0, 0, 0, 0, 0, 0, 0.481479, -0.014339, 0.140889, 0.486385, -0.0157403, 0.142593, 0.996195, -3.71201e-12, -0.0871557, -4.46982e-12, -1, -8.49977e-12, -0.0871557, 8.857e-12, -0.996195, 0
12.54, 2025-07-03__00-41-21.289396, -0.0473064, -0.081733, 0.0332934, -2.29019, -0.0289543, 2.14977, 0.731862, 0.000669795, 0.000763305, -0.00010384, -6.07255e-05, 0.000237366, -0.000701575, -0.000922892, 0.0397263, -0.588345, 0.0993205, 0.786575, -0.346731, 0.792417, 0.3914, 0, 0, 0, 0, 0, 0, 0, 0.481474, -0.0143408, 0.140884, 0.486385, -0.0157403, 0.142593, 0.996195, -3.71201e-12, -0.0871557, -4.46982e-12, -1, -8.49977e-12, -0.0871557, 8.857e-12, -0.996195, 0
12.55, 2025-07-03__00-41-21.299398, -0.0473039, -0.081733, 0.0332972, -2.29019, -0.0289592, 2.14977, 0.731861, -0.000311431, 0.000965208, 0.00100952, 0.000376694, -0.000357899, 0.000142669, -0.000446605, 0.0354917, -0.586367, 0.0943001, 0.778903, -0.342845, 0.785658, 0.388604, 0, 0, 0, 0, 0, 0, 0, 0.481478, -0.0143351, 0.140886, 0.486385, -0.0157403, 0.142593, 0.996195, -3.71201e-12, -0.0871557, -4.46982e-12, -1, -8.49977e-12, -0.0871557, 8.857e-12, -0.996195, 0
12.56, 2025-07-03__00-41-21.309386, -0.0473037, -0.0817337, 0.033293, -2.29019, -0.0289557, 2.14977, 0.731864, 0.000369244, 0.000698206, -0.000608354, -0.00161058, 9.19062e-05, -9.8979e-05, -0.000856043, 0.0570073, -0.610954, 0.116862, 0.814733, -0.345061, 0.792894, 0.390862, 0, 0, 0, 0, 0, 0, 0, 0.481479, -0.0143394, 0.140889, 0.486385, -0.0157403, 0.142593, 0.996195, -3.71201e-12, -0.0871557, -4.46982e-12, -1, -8.49977e-12, -0.0871557, 8.857e-12, -0.996195, 0
12.57, 2025-07-03__00-41-21.319386, -0.0473081, -0.0817418, 0.0332918, -2.29019, -0.0289582, 2.14977, 0.731867, -0.000723792, -0.00232235, -0.000379594, -0.000738568, -0.00013449, 0.000249249, 0.000706306, 0.0759697, -0.485894, 0.135668, 0.744092, -0.344473, 0.781283, 0.381099, 0, 0, 0, 0, 0, 0, 0, 0.481473, -0.0143343, 0.140883, 0.486385, -0.0157403, 0.142593, 0.996195, -3.71201e-12, -0.0871557, -4.46982e-12, -1, -8.49977e-12, -0.0871557, 8.857e-12, -0.996195, 0
12.58, 2025-07-03__00-41-21.329396, -0.047306, -0.0817344, 0.0332966, -2.29019, -0.0289538, 2.14977, 0.731862, -0.00076163, -0.000994866, 0.000579522, -4.12855e-05, 0.000179681, -4.65945e-05, -0.000674423, 0.0545513, -0.524037, 0.113649, 0.754487, -0.346689, 0.784131, 0.389817, 0, 0, 0, 0, 0, 0, 0, 0.481473, -0.014338, 0.140883, 0.486385, -0.0157403, 0.142593, 0.996195, -3.71201e-12, -0.0871557, -4.46982e-12, -1, -8.49977e-12, -0.0871557, 8.857e-12, -0.996195, 0
12.59, 2025-07-03__00-41-21.339396, -0.0473039, -0.0817344, 0.0332993, -2.29018, -0.0289543, 2.14977, 0.731866, 0.00204295, -0.000379663, 0.0011185, 0.000895818, -5.73139e-05, -1.36618e-06, -0.000932272, -0.0215179, -0.526188, 0.0371268, 0.74454, -0.345625, 0.781672, 0.391316, 0, 0, 0, 0, 0, 0, 0, 0.481478, -0.014339, 0.140887, 0.486385, -0.0157403, 0.142593, 0.996195, -3.71201e-12, -0.0871557, -4.46982e-12, -1, -8.49977e-12, -0.0871557, 8.857e-12, -0.996195, 0
12.6, 2025-07-03__00-41-21.349396, -0.0473035, -0.0817358, 0.0332993, -2.29019, -0.0289537, 2.14977, 0.73187, 0.00110279, 6.03101e-05, 0.000672287, -0.00143217, 0.000200255, 8.18403e-05, 0.00120121, 0.00961741, -0.582617, 0.0684754, 0.800011, -0.346276, 0.789472, 0.378128, 0, 0, 0, 0, 0, 0, 0, 0.481473, -0.014334, 0.140882, 0.486385, -0.0157403, 0.142593, 0.996195, -3.71201e-12, -0.0871557, -4.46982e-12, -1, -8.49977e-12, -0.0871557, 8.857e-12, -0.996195, 0
12.61, 2025-07-03__00-41-21.359396, -0.0473043, -0.081739, 0.0332993, -2.29019, -0.0289548, 2.14977, 0.731866, 0.000190544, -0.0012339, 0.000412249, 0.000530868, 0.000246389, 0.00020303, 0.00048699, 0.0357962, -0.503196, 0.0949833, 0.737509, -0.347452, 0.779962, 0.382547, 0, 0, 0, 0, 0, 0, 0, 0.481474, -0.0143373, 0.140884, 0.486385, -0.0157403, 0.142593, 0.996195, -3.71201e-12, -0.0871557, -4.46982e-12, -1, -8.49977e-12, -0.0871557, 8.857e-12, -0.996195, 0
12.62, 2025-07-03__00-41-21.369398, -0.0473084, -0.0817336, 0.0333016, -2.29019, -0.0289568, 2.14977, 0.73187, -0.000964114, 3.86876e-05, 0.000980535, 0.00088533, -0.000432891, -0.000272246, -0.00138868, 0.0504152, -0.546058, 0.10922, 0.754197, -0.342847, 0.785062, 0.39373, 0, 0, 0, 0, 0, 0, 0, 0.481474, -0.0143364, 0.140884, 0.486385, -0.0157403, 0.142593, 0.996195, -3.71201e-12, -0.0871557, -4.46982e-12, -1, -8.49977e-12, -0.0871557, 8.857e-12, -0.996195, 0
12.63, 2025-07-03__00-41-21.379397, -0.047307, -0.0817365, 0.0332973, -2.29019, -0.0289585, 2.14977, 0.731867, -0.000959493, -0.000533843, -0.000363851, -0.000661305, 0.000101891, -0.00036008, -0.000999246, 0.0806655, -0.551536, 0.140371, 0.775067, -0.34553, 0.78922, 0.391461, 0, 0, 0, 0, 0, 0, 0, 0.481473, -0.0143342, 0.140883, 0.486385, -0.0157403, 0.142593, 0.996195, -3.71201e-12, -0.0871557, -4.46982e-12, -1, -8.49977e-12, -0.0871557, 8.857e-12, -0.996195, 0
12.64, 2025-07-03__00-41-21.389396, -0.0473036, -0.0817337, 0.0333017, -2.29019, -0.0289544, 2.14977, 0.731869, 0.000140573, 0.000664268, 0.00020392, 0.000168535, 0.000104004, 0.000125317, -0.00608034, 0.0418427, -0.579162, 0.101153, 0.777838, -0.345637, 0.785916, 0.422205, 0, 0, 0, 0, 0, 0, 0, 0.481474, -0.0143316, 0.140884, 0.486385, -0.0157403, 0.142593, 0.996195, -3.71201e-12, -0.0871557, -4.46982e-12, -1, -8.49977e-12, -0.0871557, 8.857e-12, -0.996195, 0
12.65, 2025-07-03__00-41-21.399396, -0.0473059, -0.0817337, 0.0332989, -2.29018, -0.0289548, 2.14977, 0.731874, 0.000282414, 0.00124877, 0.000124943, 0.00096595, 0.000298808, 0.000185466, 0.00257168, 0.0426719, -0.584599, 0.102138, 0.768939, -0.347713, 0.783823, 0.369468, 0, 0, 0, 0, 0, 0, 0, 0.481474, -0.0143363, 0.140885, 0.486385, -0.0157403, 0.142593, 0.996195, -3.71201e-12, -0.0871557, -4.46982e-12, -1, -8.49977e-12, -0.0871557, 8.857e-12, -0.996195, 0
12.66, 2025-07-03__00-41-21.409387, -0.0473037, -0.0817337, 0.0333025, -2.29019, -0.0289587, 2.14977, 0.731876, 0.000478752, 0.000999706, 0.00102371, 4.51815e-05, -4.06117e-05, 3.01735e-05, 0.00125755, 0.0161173, -0.592424, 0.0747924, 0.786421, -0.344934, 0.787384, 0.377444, 0, 0, 0, 0, 0, 0, 0, 0.481474, -0.0143363, 0.140884, 0.486385, -0.0157403, 0.142593, 0.996195, -3.71201e-12, -0.0871557, -4.46982e-12, -1, -8.49977e-12, -0.0871557, 8.857e-12, -0.996195, 0
12.67, 2025-07-03__00-41-21.419396, -0.0473089, -0.0817365, 0.0332995, -2.29019, -0.0289579, 2.14977, 0.731866, -0.00154735, -0.000157301, 0.000446166, -4.67154e-06, 0.000145622, 0.000313341, -0.00117697, 0.0758642, -0.552347, 0.135059, 0.766114, -0.346034, 0.783369, 0.3926, 0, 0, 0, 0, 0, 0, 0, 0.481474, -0.0143361, 0.140884, 0.486385, -0.0157403, 0.142593, 0.996195, -3.71201e-12, -0.0871557, -4.46982e-12, -1, -8.49977e-12, -0.0871557, 8.857e-12, -0.996195, 0
12.68, 2025-07-03__00-41-21.429396, -0.0473042, -0.0817337, 0.0332973, -2.29019, -0.0289587, 2.14977, 0.73187, 0.00199005, 0.000623062, -0.00088536, -0.00211786, -6.84545e-05, 0.000231335, 0.000415017, 0.025658, -0.615106, 0.0855541, 0.823067, -0.343888, 0.79184, 0.382935, 0, 0, 0, 0, 0, 0, 0, 0.481473, -0.0143341, 0.140883, 0.486385, -0.0157403, 0.142593, 0.996195, -3.71201e-12, -0.0871557, -4.46982e-12, -1, -8.49977e-12, -0.0871557, 8.857e-12, -0.996195, 0
12.69, 2025-07-03__00-41-21.439388, -0.0473013, -0.0817344, 0.0332998, -2.2902, -0.0289591, 2.14977, 0.731873, 0.000729767, -5.95166e-06, -0.000121183, -0.00178153, 0.000212991, 0.000203607, 4.743e-05, 0.0352185, -0.588861, 0.0945854, 0.80761, -0.345758, 0.790007, 0.384908, 0, 0, 0, 0, 0, 0, 0, 0.481474, -0.0143345, 0.140884, 0.486385, -0.0157403, 0.142593, 0.996195, -3.71201e-12, -0.0871557, -4.46982e-12, -1, -8.49977e-12, -0.0871557, 8.857e-12, -0.996195, 0
12.7, 2025-07-03__00-41-21.449386, -0.0472989, -0.0817365, 0.0332998, -2.29019, -0.02896, 2.14977, 0.731876, 0.00129411, -3.57812e-07, -0.000634784, 0.0014026, -0.000303053, 0.00023343, -0.00570528, 0.0339695, -0.53351, 0.0938658, 0.741178, -0.343514, 0.779885, 0.419558, 0, 0, 0, 0, 0, 0, 0, 0.481474, -0.0143347, 0.140884, 0.486385, -0.0157403, 0.142593, 0.996195, -3.71201e-12, -0.0871557, -4.46982e-12, -1, -8.49977e-12, -0.0871557, 8.857e-12, -0.996195, 0
12.71, 2025-07-03__00-41-21.459386, -0.0473064, -0.0817412, 0.0333025, -2.29019, -0.0289584, 2.14977, 0.731876, 0.000478547, -0.000862994, 0.000666833, -0.000455322, 5.28039e-05, 0.000414648, 0.00370802, 0.0234822, -0.531199, 0.0823527, 0.762782, -0.345827, 0.782119, 0.362536, 0, 0, 0, 0, 0, 0, 0, 0.481474, -0.0143354, 0.140884, 0.486385, -0.0157403, 0.142593, 0.996195, -3.71201e-12, -0.0871557, -4.46982e-12, -1, -8.49977e-12, -0.0871557, 8.857e-12, -0.996195, 0
12.72, 2025-07-03__00-41-21.469384, -0.0473085, -0.0817312, 0.0333033, -2.2902, -0.0289551, 2.14977, 0.731871, -0.000552573, 0.00154047, 0.000241836, -0.00215426, -0.000186898, 0.000367208, -0.000935808, 0.0577638, -0.651643, 0.116919, 0.841009, -0.342935, 0.793477, 0.390996, 0, 0, 0, 0, 0, 0, 0, 0.481474, -0.0143334, 0.140885, 0.486385, -0.0157403, 0.142593, 0.996195, -3.71201e-12, -0.0871557, -4.46982e-12, -1, -8.49977e-12, -0.0871557, 8.857e-12, -0.996195, 0
12.73, 2025-07-03__00-41-21.479384, -0.0473011, -0.0817393, 0.0332998, -2.29019, -0.0289575, 2.14977, 0.73187, 0.00138115, -0.000994787, 0.000175616, -0.00103892, -0.000720446, 3.70531e-05, -0.00150568, 0.0131565, -0.537707, 0.0723122, 0.774378, -0.340468, 0.786322, 0.394557, 0, 0, 0, 0, 0, 0, 0, 0.481473, -0.014336, 0.140883, 0.486385, -0.0157403, 0.142593, 0.996195, -3.71201e-12, -0.0871557, -4.46982e-12, -1, -8.49977e-12, -0.0871557, 8.857e-12, -0.996195, 0
12.74, 2025-07-03__00-41-21.489385, -0.0473035, -0.0817391, 0.0332994, -2.29019, -0.028955, 2.14977, 0.73188, 0.000783496, -0.0010179, -0.00119498, -0.00115935, -0.000161329, 6.97446e-05, 0.000278384, 0.0584111, -0.540152, 0.118564, 0.775531, -0.344163, 0.786561, 0.38301, 0, 0, 0, 0, 0, 0, 0, 0.481474, -0.0143352, 0.140884, 0.486385, -0.0157403, 0.142593, 0.996195, -3.71201e-12, -0.0871557, -4.46982e-12, -1, -8.49977e-12, -0.0871557, 8.857e-12, -0.996195, 0
12.75, 2025-07-03__00-41-21.499387, -0.047306, -0.081739, 0.0333002, -2.29019, -0.0289575, 2.14977, 0.731877, -0.000726283, -0.00154263, -0.000844908, -0.00149949, 0.000202264, 4.52045e-05, -0.00674295, 0.084169, -0.52811, 0.144073, 0.773539, -0.345706, 0.786925, 0.425659, 0, 0, 0, 0, 0, 0, 0, 0.481473, -0.0143329, 0.140881, 0.486385, -0.0157403, 0.142593, 0.996195, -3.71201e-12, -0.0871557, -4.46982e-12, -1, -8.49977e-12, -0.0871557, 8.857e-12, -0.996195, 0
12.76, 2025-07-03__00-41-21.509386, -0.0473004, -0.0817387, 0.0333028, -2.29018, -0.0289579, 2.14977, 0.731875, 0.00188083, 8.16896e-05, 0.00155175, 0.00286693, 5.89001e-05, -7.96753e-06, -0.00660584, -0.0288333, -0.507982, 0.0295698, 0.711895, -0.346541, 0.776704, 0.425144, 0, 0, 0, 0, 0, 0, 0, 0.481469, -0.0143351, 0.14088, 0.486385, -0.0157403, 0.142593, 0.996195, -3.71201e-12, -0.0871557, -4.46982e-12, -1, -8.49977e-12, -0.0871557, 8.857e-12, -0.996195, 0
12.77, 2025-07-03__00-41-21.519384, -0.0473063, -0.0817396, 0.0332997, -2.29019, -0.028958, 2.14977, 0.731879, -0.00091199, 6.40484e-05, -0.000681244, 0.000271489, 0.000127704, 8.51178e-05, 0.00064862, 0.0867556, -0.555287, 0.146723, 0.764177, -0.346163, 0.784498, 0.380743, 0, 0, 0, 0, 0, 0, 0, 0.481474, -0.014333, 0.140885, 0.486385, -0.0157403, 0.142593, 0.996195, -3.71201e-12, -0.0871557, -4.46982e-12, -1, -8.49977e-12, -0.0871557, 8.857e-12, -0.996195, 0
12.78, 2025-07-03__00-41-21.529387, -0.047306, -0.0817422, 0.0333008, -2.29019, -0.0289584, 2.14977, 0.731873, -0.00139055, -0.00113746, -0.000324482, 0.000665103, -6.51165e-05, -3.90011e-05, -0.00158651, 0.0883042, -0.505442, 0.14803, 0.736231, -0.345128, 0.781603, 0.394608, 0, 0, 0, 0, 0, 0, 0, 0.481475, -0.0143315, 0.140887, 0.486385, -0.0157403, 0.142593, 0.996195, -3.71201e-12, -0.0871557, -4.46982e-12, -1, -8.49977e-12, -0.0871557, 8.857e-12, -0.996195, 0
12.79, 2025-07-03__00-41-21.539398, -0.0473042, -0.0817367, 0.0333058, -2.29019, -0.0289541, 2.14977, 0.731885, -0.00454592, 0.000663538, 0.000733375, -0.00123207, 0.000362096, -0.000240902, 0.00182497, 0.135204, -0.60482, 0.194174, 0.805551, -0.347074, 0.79283, 0.373171, 0, 0, 0, 0, 0, 0, 0, 0.481479, -0.0143315, 0.140889, 0.486385, -0.0157403, 0.142593, 0.996195, -3.71201e-12, -0.0871557, -4.46982e-12, -1, -8.49977e-12, -0.0871557, 8.857e-12, -0.996195, 0
12.8, 2025-07-03__00-41-21.549388, -0.047305, -0.0817347, 0.0333087, -2.29019, -0.0289554, 2.14977, 0.731877, -0.000369887, 0.000549761, 0.000743469, -0.00165387, 0.000203709, 3.26543e-05, 0.000552519, 0.0397895, -0.605139, 0.0985519, 0.812738, -0.345934, 0.79168, 0.381601, 0, 0, 0, 0, 0, 0, 0, 0.481474, -0.014332, 0.140885, 0.486385, -0.0157403, 0.142593, 0.996195, -3.71201e-12, -0.0871557, -4.46982e-12, -1, -8.49977e-12, -0.0871557, 8.857e-12, -0.996195, 0
12.81, 2025-07-03__00-41-21.559389, -0.0472989, -0.0817359, 0.0333036, -2.29019, -0.02896, 2.14977, 0.731878, 0.000699114, 0.00111442, -0.00198198, -0.00160142, -0.000395242, -0.000179831, 0.000184007, 0.0775551, -0.625692, 0.138255, 0.821279, -0.341803, 0.794296, 0.383742, 0, 0, 0, 0, 0, 0, 0, 0.481474, -0.0143293, 0.140885, 0.486385, -0.0157403, 0.142593, 0.996195, -3.71201e-12, -0.0871557, -4.46982e-12, -1, -8.49977e-12, -0.0871557, 8.857e-12, -0.996195, 0
12.82, 2025-07-03__00-41-21.569382, -0.0473042, -0.0817397, 0.0333039, -2.29019, -0.0289561, 2.14977, 0.731885, 0.000432009, -0.000476693, -0.00124354, 0.000488767, -3.98839e-05, 0.000256009, 0.000869455, 0.0673588, -0.531477, 0.127638, 0.750425, -0.345504, 0.781416, 0.379084, 0, 0, 0, 0, 0, 0, 0, 0.481474, -0.0143337, 0.140885, 0.486385, -0.0157403, 0.142593, 0.996195, -3.71201e-12, -0.0871557, -4.46982e-12, -1, -8.49977e-12, -0.0871557, 8.857e-12, -0.996195, 0
12.83, 2025-07-03__00-41-21.579386, -0.047301, -0.0817368, 0.0333064, -2.29019, -0.0289567, 2.14978, 0.731878, 0.00100172, 0.000869512, 5.84712e-06, 9.96231e-05, -0.000388424, 0.000650229, -0.00142941, 0.0255378, -0.584629, 0.0849011, 0.780461, -0.342762, 0.782009, 0.39359, 0, 0, 0, 0, 0, 0, 0, 0.481474, -0.0143314, 0.140885, 0.486385, -0.0157403, 0.142593, 0.996195, -3.71201e-12, -0.0871557, -4.46982e-12, -1, -8.49977e-12, -0.0871557, 8.857e-12, -0.996195, 0
12.84, 2025-07-03__00-41-21.589388, -0.047301, -0.0817389, 0.0333113, -2.29019, -0.0289562, 2.14977, 0.73188, 0.00146894, 7.41649e-05, 0.000588635, -0.00126245, -8.94853e-05, 0.000267743, -0.00759527, -0.000518838, -0.578679, 0.0582435, 0.796177, -0.343846, 0.787787, 0.430881, 0, 0, 0, 0, 0, 0, 0, 0.481474, -0.0143329, 0.140884, 0.486385, -0.0157403, 0.142593, 0.996195, -3.71201e-12, -0.0871557, -4.46982e-12, -1, -8.49977e-12, -0.0871557, 8.857e-12, -0.996195, 0
12.85, 2025-07-03__00-41-21.599384, -0.0473043, -0.0817388, 0.033309, -2.29019, -0.0289544, 2.14977, 0.731885, -0.00153507, 8.37768e-05, -0.000280895, 0.000371751, 0.0001841, 0.00030421, 0.000966132, 0.0892358, -0.554175, 0.148887, 0.761906, -0.346801, 0.782742, 0.378448, 0, 0, 0, 0, 0, 0, 0, 0.481474, -0.014327, 0.140884, 0.486385, -0.0157403, 0.142593, 0.996195, -3.71201e-12, -0.0871557, -4.46982e-12, -1, -8.49977e-12, -0.0871557, 8.857e-12, -0.996195, 0
12.86, 2025-07-03__00-41-21.609385, -0.0473053, -0.0817422, 0.0333066, -2.29019, -0.0289576, 2.14977, 0.731888, 0.00092861, -0.00087767, -0.00105541, 0.000371522, 8.07945e-05, -0.000206847, 0.000988671, 0.0512332, -0.518743, 0.111308, 0.747209, -0.346255, 0.783992, 0.378228, 0, 0, 0, 0, 0, 0, 0, 0.481474, -0.0143301, 0.140885, 0.486385, -0.0157403, 0.142593, 0.996195, -3.71201e-12, -0.0871557, -4.46982e-12, -1, -8.49977e-12, -0.0871557, 8.857e-12, -0.996195, 0
12.87, 2025-07-03__00-41-21.619383, -0.0473053, -0.0817415, 0.0333068, -2.29019, -0.0289591, 2.14977, 0.731879, -0.00151725, -0.000886252, -0.00113335, -0.00105279, -6.64157e-05, -0.000522688, -0.00134315, 0.107826, -0.544959, 0.167966, 0.77651, -0.344326, 0.790783, 0.392787, 0, 0, 0, 0, 0, 0, 0, 0.481473, -0.0143307, 0.140883, 0.486385, -0.0157403, 0.142593, 0.996195, -3.71201e-12, -0.0871557, -4.46982e-12, -1, -8.49977e-12, -0.0871557, 8.857e-12, -0.996195, 0
12.88, 2025-07-03__00-41-21.629383, -0.047306, -0.0817397, 0.0333076, -2.29019, -0.0289599, 2.14977, 0.731882, -0.000579891, -0.000506711, 0.00186759, -0.00035069, -0.000255006, 0.000160202, -7.96353e-05, 0.0190841, -0.54316, 0.0770641, 0.768002, -0.343545, 0.784404, 0.38519, 0, 0, 0, 0, 0, 0, 0, 0.481474, -0.0143307, 0.140885, 0.486385, -0.0157403, 0.142593, 0.996195, -3.71201e-12, -0.0871557, -4.46982e-12, -1, -8.49977e-12, -0.0871557, 8.857e-12, -0.996195, 0
12.89, 2025-07-03__00-41-21.639396, -0.0473035, -0.0817422, 0.0333101, -2.29019, -0.028959, 2.14977, 0.731881, -0.00150109, -0.00163798, 0.00066032, 0.00119738, 0.000115214, 0.000248277, -0.00119856, 0.0655886, -0.477379, 0.124547, 0.716438, -0.34661, 0.77684, 0.391807, 0, 0, 0, 0, 0, 0, 0, 0.481473, -0.0143308, 0.140883, 0.486385, -0.0157403, 0.142593, 0.996195, -3.71201e-12, -0.0871557, -4.46982e-12, -1, -8.49977e-12, -0.0871557, 8.857e-12, -0.996195, 0
12.9, 2025-07-03__00-41-21.649397, -0.0473035, -0.0817369, 0.0333118, -2.29019, -0.0289587, 2.14977, 0.731891, 0.000806668, 0.001017, 0.000183288, -0.00154156, 0.000189481, 0.000259491, 0.00107592, 0.0252007, -0.618153, 0.0842608, 0.817322, -0.345749, 0.790642, 0.377663, 0, 0, 0, 0, 0, 0, 0, 0.48148, -0.0143302, 0.140891, 0.486385, -0.0157403, 0.142593, 0.996195, -3.71201e-12, -0.0871557, -4.46982e-12, -1, -8.49977e-12, -0.0871557, 8.857e-12, -0.996195, 0
12.91, 2025-07-03__00-41-21.659396, -0.047301, -0.0817397, 0.0333144, -2.29018, -0.0289548, 2.14977, 0.731888, 0.000672753, -0.000176426, 0.000997069, 0.00114653, 1.96104e-05, 0.000164347, -0.000233437, 0.00834747, -0.527823, 0.0669895, 0.741116, -0.346212, 0.780179, 0.385707, 0, 0, 0, 0, 0, 0, 0, 0.481474, -0.0143283, 0.140885, 0.486385, -0.0157403, 0.142593, 0.996195, -3.71201e-12, -0.0871557, -4.46982e-12, -1, -8.49977e-12, -0.0871557, 8.857e-12, -0.996195, 0
12.92, 2025-07-03__00-41-21.669396, -0.0473035, -0.0817397, 0.0333129, -2.29019, -0.0289587, 2.14977, 0.731886, 7.25958e-05, -4.1127e-05, 0.00101513, -0.000508244, 3.16902e-05, -0.000237315, -0.000869675, 0.0221169, -0.563267, 0.0806524, 0.779989, -0.345254, 0.788644, 0.389739, 0, 0, 0, 0, 0, 0, 0, 0.481474, -0.0143302, 0.140885, 0.486385, -0.0157403, 0.142593, 0.996195, -3.71201e-12, -0.0871557, -4.46982e-12, -1, -8.49977e-12, -0.0871557, 8.857e-12, -0.996195, 0
12.93, 2025-07-03__00-41-21.679389, -0.0473035, -0.0817369, 0.0333125, -2.29019, -0.0289589, 2.14977, 0.731886, -0.00168498, 0.00114274, -0.000594974, -0.000232226, 0.000194682, 7.54091e-05, -0.000428507, 0.0993139, -0.60343, 0.159131, 0.79276, -0.346059, 0.788518, 0.386874, 0, 0, 0, 0, 0, 0, 0, 0.48148, -0.0143268, 0.140891, 0.486385, -0.0157403, 0.142593, 0.996195, -3.71201e-12, -0.0871557, -4.46982e-12, -1, -8.49977e-12, -0.0871557, 8.857e-12, -0.996195, 0
12.94, 2025-07-03__00-41-21.689387, -0.0473088, -0.0817397, 0.0333125, -2.29019, -0.0289543, 2.14977, 0.731886, -0.00235691, 0.00026388, 5.70478e-05, -0.000633358, -9.5517e-05, -8.62361e-05, -0.000589175, 0.100259, -0.578286, 0.159595, 0.78635, -0.344466, 0.788933, 0.387836, 0, 0, 0, 0, 0, 0, 0, 0.481475, -0.0143252, 0.140887, 0.486385, -0.0157403, 0.142593, 0.996195, -3.71201e-12, -0.0871557, -4.46982e-12, -1, -8.49977e-12, -0.0871557, 8.857e-12, -0.996195, 0
12.95, 2025-07-03__00-41-21.699385, -0.0473032, -0.0817369, 0.0333182, -2.29019, -0.0289559, 2.14977, 0.731888, -0.000175747, 0.000614656, 0.000435763, 1.85692e-05, -3.0991e-05, 5.16162e-05, -0.000476537, 0.040176, -0.578743, 0.0991554, 0.779679, -0.345105, 0.786559, 0.387164, 0, 0, 0, 0, 0, 0, 0, 0.481475, -0.0143276, 0.140885, 0.486385, -0.0157403, 0.142593, 0.996195, -3.71201e-12, -0.0871557, -4.46982e-12, -1, -8.49977e-12, -0.0871557, 8.857e-12, -0.996195, 0
12.96, 2025-07-03__00-41-21.709388, -0.0473032, -0.0817397, 0.0333124, -2.29019, -0.0289555, 2.14977, 0.731895, 0.0004304, -0.000231777, -0.000794728, -0.000683621, 0.000168278, -0.000163593, 0.00088315, 0.0550122, -0.560234, 0.114813, 0.779567, -0.346357, 0.788349, 0.378469, 0, 0, 0, 0, 0, 0, 0, 0.481474, -0.0143288, 0.140885, 0.486385, -0.0157403, 0.142593, 0.996195, -3.71201e-12, -0.0871557, -4.46982e-12, -1, -8.49977e-12, -0.0871557, 8.857e-12, -0.996195, 0
12.97, 2025-07-03__00-41-21.719383, -0.0473008, -0.0817422, 0.0333182, -2.29019, -0.0289576, 2.14977, 0.731886, 0.00482174, -0.000841359, 0.000970307, -0.000409589, 0.000128593, 0.000168629, -0.00124826, -0.0866926, -0.528107, -0.0283475, 0.76401, -0.3463, 0.78337, 0.392245, 0, 0, 0, 0, 0, 0, 0, 0.481474, -0.0143281, 0.140885, 0.486385, -0.0157403, 0.142593, 0.996195, -3.71201e-12, -0.0871557, -4.46982e-12, -1, -8.49977e-12, -0.0871557, 8.857e-12, -0.996195, 0
12.98, 2025-07-03__00-41-21.729387, -0.0473014, -0.0817422, 0.033316, -2.29019, -0.0289597, 2.14978, 0.731891, 0.00150942, -0.000495786, 0.000913559, -0.00143588, -7.265e-05, 0.000804488, 0.00032331, -0.00980704, -0.558271, 0.0486395, 0.787562, -0.344374, 0.782428, 0.382285, 0, 0, 0, 0, 0, 0, 0, 0.481475, -0.0143273, 0.140887, 0.486385, -0.0157403, 0.142593, 0.996195, -3.71201e-12, -0.0871557, -4.46982e-12, -1, -8.49977e-12, -0.0871557, 8.857e-12, -0.996195, 0
12.99, 2025-07-03__00-41-21.739392, -0.0473066, -0.0817367, 0.0333147, -2.29019, -0.0289589, 2.14977, 0.731891, 8.08502e-05, 0.000672686, -0.000665592, -0.000388159, 6.32838e-05, 0.000132213, -0.0006465, 0.0608308, -0.588131, 0.120568, 0.788358, -0.345348, 0.787453, 0.388006, 0, 0, 0, 0, 0, 0, 0, 0.481479, -0.0143303, 0.140888, 0.486385, -0.0157403, 0.142593, 0.996195, -3.71201e-12, -0.0871557, -4.46982e-12, -1, -8.49977e-12, -0.0871557, 8.857e-12, -0.996195, 0
13, 2025-07-03__00-41-21.749391, -0.0473038, -0.0817369, 0.0333175, -2.29018, -0.028959, 2.14977, 0.731888, 0.000721976, -2.67746e-05, 0.00101306, 0.000895678, 0.000163706, 7.85751e-05, -0.00139164, 0.00681231, -0.538474, 0.0653803, 0.749426, -0.346664, 0.781933, 0.392752, 0, 0, 0, 0, 0, 0, 0, 0.481479, -0.0143321, 0.140887, 0.486385, -0.0157403, 0.142593, 0.996195, -3.71201e-12, -0.0871557, -4.46982e-12, -1, -8.49977e-12, -0.0871557, 8.857e-12, -0.996195, 0
13.01, 2025-07-03__00-41-21.759387, -0.0473061, -0.0817397, 0.0333132, -2.29019, -0.0289569, 2.14977, 0.731895, -0.000556375, -0.00022894, -0.00107093, -0.00013587, 0.000523414, -5.29205e-05, 0.00277317, 0.0842751, -0.551734, 0.14435, 0.7677, -0.34881, 0.786003, 0.366921, 0, 0, 0, 0, 0, 0, 0, 0.481475, -0.0143283, 0.140887, 0.486385, -0.0157403, 0.142593, 0.996195, -3.71201e-12, -0.0871557, -4.46982e-12, -1, -8.49977e-12, -0.0871557, 8.857e-12, -0.996195, 0
13.02, 2025-07-03__00-41-21.769388, -0.0473038, -0.0817369, 0.0333185, -2.29019, -0.0289585, 2.14978, 0.731896, 0.000538806, 0.000574568, -0.00108604, -0.000455206, -7.59574e-06, 0.00627364, 0.00179192, 0.0580065, -0.572281, 0.118005, 0.76898, -0.344967, 0.744371, 0.372785, 0, 0, 0, 0, 0, 0, 0, 0.481474, -0.0143289, 0.140885, 0.486385, -0.0157403, 0.142593, 0.996195, -3.71201e-12, -0.0871557, -4.46982e-12, -1, -8.49977e-12, -0.0871557, 8.857e-12, -0.996195, 0
13.03, 2025-07-03__00-41-21.779385, -0.047301, -0.0817369, 0.0333207, -2.29019, -0.0289586, 2.14977, 0.731894, 0.00111891, 0.00119833, 0.000827057, -0.000285051, 1.84014e-05, 0.00392277, 0.000146166, 0.000988131, -0.595111, 0.0596008, 0.784166, -0.345113, 0.761879, 0.383097, 0, 0, 0, 0, 0, 0, 0, 0.481479, -0.0143272, 0.140887, 0.486385, -0.0157403, 0.142593, 0.996195, -3.71201e-12, -0.0871557, -4.46982e-12, -1, -8.49977e-12, -0.0871557, 8.857e-12, -0.996195, 0
13.04, 2025-07-03__00-41-21.789386, -0.047306, -0.0817397, 0.0333167, -2.29019, -0.0289566, 2.14977, 0.731897, -0.0014752, 0.000275806, 0.000449354, 0.000273463, 3.76816e-05, 0.00020029, 0.00141402, 0.0701591, -0.561952, 0.129172, 0.767563, -0.345773, 0.784053, 0.375104, 0, 0, 0, 0, 0, 0, 0, 0.48148, -0.0143265, 0.14089, 0.486385, -0.0157403, 0.142593, 0.996195, -3.71201e-12, -0.0871557, -4.46982e-12, -1, -8.49977e-12, -0.0871557, 8.857e-12, -0.996195, 0
13.05, 2025-07-03__00-41-21.799388, -0.0473059, -0.0817369, 0.0333189, -2.29019, -0.0289555, 2.14978, 0.731894, 0.00281818, 0.000463064, 0.000266734, -0.000491659, -9.08698e-05, 7.14115e-05, -0.00195064, -0.0235444, -0.579703, 0.0353731, 0.787764, -0.344637, 0.786747, 0.395921, 0, 0, 0, 0, 0, 0, 0, 0.481478, -0.0143265, 0.140885, 0.486385, -0.0157403, 0.142593, 0.996195, -3.71201e-12, -0.0871557, -4.46982e-12, -1, -8.49977e-12, -0.0871557, 8.857e-12, -0.996195, 0
13.06, 2025-07-03__00-41-21.809387, -0.0473042, -0.0817422, 0.0333168, -2.29019, -0.028959, 2.14977, 0.73189, 0.000575085, -0.000938401, -0.00137968, 0.000791387, 0.000234515, 0.000155426, -0.000809377, 0.0639149, -0.509197, 0.124181, 0.736445, -0.347178, 0.780179, 0.388943, 0, 0, 0, 0, 0, 0, 0, 0.481474, -0.0143227, 0.140884, 0.486385, -0.0157403, 0.142593, 0.996195, -3.71201e-12, -0.0871557, -4.46982e-12, -1, -8.49977e-12, -0.0871557, 8.857e-12, -0.996195, 0
13.07, 2025-07-03__00-41-21.819383, -0.0473032, -0.0817397, 0.0333189, -2.29018, -0.0289593, 2.14977, 0.731899, 0.000684531, 0.000437779, -3.59965e-05, 0.000526532, -5.23214e-05, -0.000100225, 0.00125181, 0.0313859, -0.561278, 0.090656, 0.764434, -0.345256, 0.785242, 0.376068, 0, 0, 0, 0, 0, 0, 0, 0.48148, -0.0143264, 0.140891, 0.486385, -0.0157403, 0.142593, 0.996195, -3.71201e-12, -0.0871557, -4.46982e-12, -1, -8.49977e-12, -0.0871557, 8.857e-12, -0.996195, 0
13.08, 2025-07-03__00-41-21.829385, -0.0473067, -0.0817397, 0.0333217, -2.29019, -0.0289586, 2.14977, 0.731897, -4.35659e-05, -0.000439572, 0.000335544, -0.000275004, -0.000132055, -0.000136471, -8.63932e-05, 0.0387243, -0.545506, 0.0976551, 0.76815, -0.344468, 0.786427, 0.384298, 0, 0, 0, 0, 0, 0, 0, 0.481475, -0.0143257, 0.140885, 0.486385, -0.0157403, 0.142593, 0.996195, -3.71201e-12, -0.0871557, -4.46982e-12, -1, -8.49977e-12, -0.0871557, 8.857e-12, -0.996195, 0
13.09, 2025-07-03__00-41-21.839385, -0.0472993, -0.0817451, 0.0333211, -2.29019, -0.0289562, 2.14978, 0.731902, 0.00310459, -0.00408975, -5.05041e-05, 0.000147488, -0.00137681, -0.0016465, 0.00191782, 0.977937, -38.9246, 0.881057, 23.1797, 0.387964, -5.75375, 0.170285, 0, 0, 0, 0, 0, 0, 0, 0.481477, -0.0143258, 0.140885, 0.486385, -0.0157403, 0.742593, 0.996195, -3.71201e-12, -0.0871557, -4.46982e-12, -1, -8.49977e-12, -0.0871557, 8.857e-12, -0.996195, 0
13.1, 2025-07-03__00-41-21.849387, -0.047266, -0.0820471, 0.0333697, -2.2897, -0.0289793, 2.14758, 0.731883, 0.0018364, -0.0548337, 0.00968068, 0.080789, -0.00240743, -0.366526, 0.00111307, 0.801718, -36.7131, 0.699541, 21.7476, 0.34341, -3.49351, 0.181129, 0, 0, 0, 0, 0, 0, 0, 0.481105, -0.0143053, 0.141039, 0.486385, -0.0157403, 0.742593, 0.996195, -3.71201e-12, -0.0871557, -4.46982e-12, -1, -8.49977e-12, -0.0871557, 8.857e-12, -0.996195, 0
13.11, 2025-07-03__00-41-21.859388, -0.0472184, -0.0830892, 0.0334672, -2.28769, -0.028975, 2.13995, 0.731883, 0.0024622, -0.109351, 0.00868346, 0.239021, 0.00127672, -0.871266, 0.000247696, 0.861088, -33.7497, 0.763757, 18.9583, 0.226511, -0.286099, 0.185046, 0, 0, 0, 0, 0, 0, 0, 0.479736, -0.0142753, 0.141831, 0.486385, -0.0157403, 0.742593, 0.996195, -3.71201e-12, -0.0871557, -4.46982e-12, -1, -8.49977e-12, -0.0871557, 8.857e-12, -0.996195, 0
13.12, 2025-07-03__00-41-21.869384, -0.0471628, -0.084461, 0.0335753, -2.28432, -0.0289454, 2.12841, 0.731879, 0.00718223, -0.152281, 0.0129028, 0.359784, 0.00432538, -1.20547, 0.000111716, 0.701851, -31.7309, 0.602604, 16.5118, 0.128315, 2.04165, 0.177561, 0, 0, 0, 0, 0, 0, 0, 0.47771, -0.0142614, 0.143132, 0.486385, -0.0157403, 0.742593, 0.996195, -3.71201e-12, -0.0871557, -4.46982e-12, -1, -8.49977e-12, -0.0871557, 8.857e-12, -0.996195, 0
13.13, 2025-07-03__00-41-21.879396, -0.0471119, -0.086585, 0.0336884, -2.28015, -0.0289402, 2.11562, 0.731875, 0.00506229, -0.238406, 0.0105786, 0.428824, 0.00335991, -1.26254, -0.000852155, 0.766802, -28.3999, 0.665778, 13.5912, 0.0802788, 2.50483, 0.163939, 0, 0, 0, 0, 0, 0, 0, 0.475674, -0.0142567, 0.145027, 0.486385, -0.0157403, 0.742593, 0.996195, -3.71201e-12, -0.0871557, -4.46982e-12, -1, -8.49977e-12, -0.0871557, 8.857e-12, -0.996195, 0
13.14, 2025-07-03__00-41-21.889387, -0.0470435, -0.0894275, 0.0337912, -2.27549, -0.0289376, 2.10362, 0.731872, 0.0052696, -0.29999, 0.00846912, 0.475351, -0.00488917, -1.16958, -0.00129343, 0.754263, -25.7097, 0.650325, 11.2077, 0.101888, 1.91308, 0.144235, 0, 0, 0, 0, 0, 0, 0, 0.474289, -0.0142539, 0.147579, 0.486385, -0.0157403, 0.742593, 0.996195, -3.71201e-12, -0.0871557, -4.46982e-12, -1, -8.49977e-12, -0.0871557, 8.857e-12, -0.996195, 0
13.15, 2025-07-03__00-41-21.899384, -0.0470128, -0.0930769, 0.0339008, -2.27073, -0.0289176, 2.0926, 0.731866, 0.00172763, -0.392939, 0.00720416, 0.469597, 0.00308048, -1.09486, -0.000387801, 0.756303, -22.5101, 0.644815, 9.50321, 0.0429494, 1.41032, 0.114616, 0, 0, 0, 0, 0, 0, 0, 0.473431, -0.0142775, 0.150615, 0.486385, -0.0157403, 0.742593, 0.996195, -3.71201e-12, -0.0871557, -4.46982e-12, -1, -8.49977e-12, -0.0871557, 8.857e-12, -0.996195, 0
13.16, 2025-07-03__00-41-21.909385, -0.0469895, -0.0981186, 0.0339881, -2.26623, -0.0289102, 2.08208, 0.731863, -0.000390903, -0.536203, 0.00462737, 0.445867, -0.00121151, -1.04246, 0.0012097, 0.698598, -17.558, 0.576986, 7.47356, 0.0646304, 0.900559, 0.077382, 0, 0, 0, 0, 0, 0, 0, 0.472861, -0.0143134, 0.154221, 0.486385, -0.0157403, 0.742593, 0.996195, -3.71201e-12, -0.0871557, -4.46982e-12, -1, -8.49977e-12, -0.0871557, 8.857e-12, -0.996195, 0
13.17, 2025-07-03__00-41-21.919396, -0.0469764, -0.104307, 0.0340698, -2.26179, -0.0288968, 2.07194, 0.731852, 0.00268432, -0.638037, 0.00650941, 0.451007, 0.000440246, -1.00487, -0.00368604, 0.439388, -13.3531, 0.304974, 5.67641, 0.047339, 0.390869, 0.0775992, 0, 0, 0, 0, 0, 0, 0, 0.472565, -0.0143739, 0.158398, 0.486385, -0.0157403, 0.742593, 0.996195, -3.71201e-12, -0.0871557, -4.46982e-12, -1, -8.49977e-12, -0.0871557, 8.857e-12, -0.996195, 0
13.18, 2025-07-03__00-41-21.929383, -0.0469598, -0.111053, 0.0341157, -2.25729, -0.0288963, 2.06203, 0.731849, 0.000902752, -0.68328, 0.00206514, 0.454948, 0.00170411, -0.984828, -1.47465e-05, 0.464523, -11.0837, 0.325259, 4.94453, 0.0484392, 0.0645712, 0.0235305, 0, 0, 0, 0, 0, 0, 0, 0.472433, -0.0144423, 0.162903, 0.486385, -0.0157403, 0.742593, 0.996195, -3.71201e-12, -0.0871557, -4.46982e-12, -1, -8.49977e-12, -0.0871557, 8.857e-12, -0.996195, 0
13.19, 2025-07-03__00-41-21.939386, -0.0469285, -0.118033, 0.0341828, -2.25262, -0.028893, 2.05216, 0.731848, 0.00155298, -0.707111, 0.00829874, 0.469713, 0.000383774, -0.983416, 0.00219552, 0.207386, -9.33395, 0.051767, 4.43167, 0.0629489, -0.151912, -0.0193759, 0, 0, 0, 0, 0, 0, 0, 0.472412, -0.0144972, 0.16759, 0.486385, -0.0157403, 0.742593, 0.996195, -3.71201e-12, -0.0871557, -4.46982e-12, -1, -8.49977e-12, -0.0871557, 8.857e-12, -0.996195, 0
13.2, 2025-07-03__00-41-21.949385, -0.0468971, -0.125595, 0.0342739, -2.2479, -0.02889, 2.04199, 0.731842, 0.00207922, -0.751193, 0.00919315, 0.477274, 0.00432857, -1.03194, 0.000726198, 0.0517332, -6.97833, -0.116528, 3.87766, 0.0458386, -0.0618399, -0.0403094, 0, 0, 0, 0, 0, 0, 0, 0.472346, -0.0145503, 0.17255, 0.486385, -0.0157403, 0.742593, 0.996195, -3.71201e-12, -0.0871557, -4.46982e-12, -1, -8.49977e-12, -0.0871557, 8.857e-12, -0.996195, 0
13.21, 2025-07-03__00-41-21.959385, -0.0468827, -0.133514, 0.0343318, -2.24301, -0.0288845, 2.03156, 0.731834, 0.000101121, -0.810808, 0.00542401, 0.479851, 0.00166509, -1.0441, 0.000259664, 0.0397056, -3.99189, -0.134984, 3.0554, 0.0727432, -0.251187, -0.0715991, 0, 0, 0, 0, 0, 0, 0, 0.47227, -0.0146187, 0.177761, 0.486385, -0.0157403, 0.742593, 0.996195, -3.71201e-12, -0.0871557, -4.46982e-12, -1, -8.49977e-12, -0.0871557, 8.857e-12, -0.996195, 0
13.22, 2025-07-03__00-41-21.969398, -0.0468814, -0.141517, 0.0343507, -2.2381, -0.0288642, 2.021, 0.73182, 0.00027778, -0.783082, 0.00279237, 0.501168, 0.00310512, -1.04301, -0.00525469, 0.0239131, -3.81886, -0.157132, 3.29684, 0.0811247, -0.413584, -0.0731355, 0, 0, 0, 0, 0, 0, 0, 0.472097, -0.0147068, 0.183027, 0.486385, -0.0157403, 0.742593, 0.996195, -3.71201e-12, -0.0871557, -4.46982e-12, -1, -8.49977e-12, -0.0871557, 8.857e-12, -0.996195, 0
13.23, 2025-07-03__00-41-21.979385, -0.0468906, -0.149337, 0.034359, -2.23288, -0.0288616, 2.01024, 0.731809, 0.00427511, -0.801762, 0.00290661, 0.532214, 0.000535085, -1.09385, -0.00319853, -0.162989, -1.8677, -0.355783, 2.69265, 0.0972493, -0.328225, -0.121276, 0, 0, 0, 0, 0, 0, 0, 0.47192, -0.0148017, 0.188319, 0.486385, -0.0157403, 0.742593, 0.996195, -3.71201e-12, -0.0871557, -4.46982e-12, -1, -8.49977e-12, -0.0871557, 8.857e-12, -0.996195, 0
13.24, 2025-07-03__00-41-21.989387, -0.0469071, -0.157172, 0.0343533, -2.22735, -0.0288506, 1.99907, 0.731788, 0.000124587, -0.761145, 4.97694e-05, 0.557475, -0.00148877, -1.1198, 0.00194514, -0.0616987, -2.13331, -0.257515, 3.13371, 0.128441, -0.274771, -0.188805, 0, 0, 0, 0, 0, 0, 0, 0.471681, -0.0149054, 0.193737, 0.486385, -0.0157403, 0.742593, 0.996195, -3.71201e-12, -0.0871557, -4.46982e-12, -1, -8.49977e-12, -0.0871557, 8.857e-12, -0.996195, 0
13.25, 2025-07-03__00-41-21.999387, -0.0469066, -0.165007, 0.0343506, -2.22149, -0.0288451, 1.98778, 0.731672, 0.000745231, -0.799615, -0.000724808, 0.605772, -0.00109892, -1.11993, -0.00991213, -0.177564, 1.02538, -0.37787, 1.67856, 0.119631, -0.626012, -0.150203, 0, 0, 0, 0, 0, 0, 0, 0.471457, -0.015006, 0.19928, 0.486385, -0.0157403, 0.742593, 0.996195, -3.71201e-12, -0.0871557, -4.46982e-12, -1, -8.49977e-12, -0.0871557, 8.857e-12, -0.996195, 0
13.26, 2025-07-03__00-41-22.009386, -0.0469211, -0.172462, 0.0343491, -2.21531, -0.028832, 1.97624, 0.731622, -0.00123773, -0.745897, 0.000315903, 0.611269, 0.00161219, -1.15613, -0.00289178, -0.200991, -0.0545926, -0.414817, 2.74689, 0.12799, -0.408413, -0.225948, 0, 0, 0, 0, 0, 0, 0, 0.471214, -0.0151039, 0.20483, 0.486385, -0.0157403, 0.742593, 0.996195, -3.71201e-12, -0.0871557, -4.46982e-12, -1, -8.49977e-12, -0.0871557, 8.857e-12, -0.996195, 0
13.27, 2025-07-03__00-41-22.019384, -0.0469352, -0.179765, 0.034335, -2.20895, -0.0288182, 1.96429, 0.731609, -0.00361309, -0.741426, -0.000586226, 0.648929, 0.00033816, -1.21101, -0.0012157, -0.200802, 1.15933, -0.418643, 2.3572, 0.137452, -0.218557, -0.272615, 0, 0, 0, 0, 0, 0, 0, 0.470769, -0.0151951, 0.210297, 0.486385, -0.0157403, 0.742593, 0.996195, -3.71201e-12, -0.0871557, -4.46982e-12, -1, -8.49977e-12, -0.0871557, 8.857e-12, -0.996195, 0
13.28, 2025-07-03__00-41-22.029400, -0.0469578, -0.187011, 0.0343162, -2.20211, -0.0288004, 1.95222, 0.731576, -0.00320926, -0.722898, -4.68777e-05, 0.684957, 0.00173975, -1.21003, -0.00417056, -0.28907, 2.01314, -0.516526, 2.08167, 0.133387, -0.40047, -0.291906, 0, 0, 0, 0, 0, 0, 0, 0.470425, -0.0152923, 0.215969, 0.486385, -0.0157403, 0.742593, 0.996195, -3.71201e-12, -0.0871557, -4.46982e-12, -1, -8.49977e-12, -0.0871557, 8.857e-12, -0.996195, 0
13.29, 2025-07-03__00-41-22.039385, -0.0470048, -0.193847, 0.0342958, -2.19488, -0.0287904, 1.94002, 0.731514, -0.00671954, -0.667353, -0.00484905, 0.742342, -0.000325766, -1.20548, -0.00207205, -0.13864, 1.84054, -0.357067, 2.00119, 0.155214, -0.589328, -0.341029, 0, 0, 0, 0, 0, 0, 0, 0.470073, -0.0153999, 0.221622, 0.486385, -0.0157403, 0.742593, 0.996195, -3.71201e-12, -0.0871557, -4.46982e-12, -1, -8.49977e-12, -0.0871557, 8.857e-12, -0.996195, 0
13.3, 2025-07-03__00-41-22.049384, -0.0470619, -0.200116, 0.0342974, -2.18732, -0.0287846, 1.92752, 0.731389, -0.00317367, -0.621586, -0.000600257, 0.760593, -0.00259435, -1.26292, -0.011774, -0.335818, 1.15629, -0.579235, 2.6867, 0.179163, -0.220679, -0.310186, 0, 0, 0, 0, 0, 0, 0, 0.469662, -0.0154986, 0.227156, 0.486385, -0.0157403, 0.742593, 0.996195, -3.71201e-12, -0.0871557, -4.46982e-12, -1, -8.49977e-12, -0.0871557, 8.857e-12, -0.996195, 0
13.31, 2025-07-03__00-41-22.059380, -0.0470942, -0.206245, 0.0342841, -2.17946, -0.0287698, 1.91472, 0.731262, -6.95731e-05, -0.611043, 0.000130495, 0.802617, 0.00114994, -1.27598, -0.0200174, -0.478502, 2.28372, -0.732899, 2.14218, 0.150186, -0.276603, -0.290004, 0, 0, 0, 0, 0, 0, 0, 0.469151, -0.0155888, 0.23272, 0.486385, -0.0157403, 0.742593, 0.996195, -3.71201e-12, -0.0871557, -4.46982e-12, -1, -8.49977e-12, -0.0871557, 8.857e-12, -0.996195, 0
13.32, 2025-07-03__00-41-22.069384, -0.047135, -0.212057, 0.034259, -2.17111, -0.0287318, 1.9019, 0.731149, -0.003413, -0.573958, -0.00556512, 0.840423, 0.00422599, -1.28515, -0.0146611, -0.318913, 2.37313, -0.560588, 2.13182, 0.140011, -0.308625, -0.352954, 0, 0, 0, 0, 0, 0, 0, 0.468732, -0.0156693, 0.23836, 0.486385, -0.0157403, 0.742593, 0.996195, -3.71201e-12, -0.0871557, -4.46982e-12, -1, -8.49977e-12, -0.0871557, 8.857e-12, -0.996195, 0
13.33, 2025-07-03__00-41-22.079386, -0.0471668, -0.217477, 0.0342194, -2.16236, -0.0287226, 1.88896, 0.731, -0.00424139, -0.530658, -0.00412216, 0.869144, 0.000967399, -1.30285, -0.0214931, -0.357633, 2.04086, -0.60949, 2.43243, 0.169227, -0.23828, -0.338778, 0, 0, 0, 0, 0, 0, 0, 0.468355, -0.0157637, 0.244032, 0.486385, -0.0157403, 0.742593, 0.996195, -3.71201e-12, -0.0871557, -4.46982e-12, -1, -8.49977e-12, -0.0871557, 8.857e-12, -0.996195, 0
13.34, 2025-07-03__00-41-22.089385, -0.0472134, -0.222406, 0.0341648, -2.15337, -0.0287, 1.87577, 0.730791, -0.00191212, -0.496818, -0.00812973, 0.910619, -0.0014805, -1.32373, -0.0271218, -0.339369, 2.1932, -0.586485, 2.30375, 0.184976, -0.164762, -0.328528, 0, 0, 0, 0, 0, 0, 0, 0.467832, -0.0158577, 0.249532, 0.486385, -0.0157403, 0.742593, 0.996195, -3.71201e-12, -0.0871557, -4.46982e-12, -1, -8.49977e-12, -0.0871557, 8.857e-12, -0.996195, 0
13.35, 2025-07-03__00-41-22.099386, -0.0472346, -0.227212, 0.0341146, -2.14389, -0.0286645, 1.86266, 0.730514, -0.000377826, -0.468018, -0.00871517, 0.961554, 0.00579876, -1.29227, -0.0307207, -0.399138, 2.90036, -0.646146, 1.75653, 0.13504, -0.515125, -0.327515, 0, 0, 0, 0, 0, 0, 0, 0.467442, -0.0159286, 0.2552, 0.486385, -0.0157403, 0.742593, 0.996195, -3.71201e-12, -0.0871557, -4.46982e-12, -1, -8.49977e-12, -0.0871557, 8.857e-12, -0.996195, 0
13.36, 2025-07-03__00-41-22.109385, -0.047265, -0.231467, 0.0340669, -2.13406, -0.0286357, 1.84942, 0.730199, -0.00259186, -0.407936, -0.00776507, 0.977031, 0.00395059, -1.34855, -0.0317526, -0.367565, 1.54304, -0.621354, 2.70887, 0.162484, -0.0890502, -0.335136, 0, 0, 0, 0, 0, 0, 0, 0.467083, -0.015995, 0.260821, 0.486385, -0.0157403, 0.742593, 0.996195, -3.71201e-12, -0.0871557, -4.46982e-12, -1, -8.49977e-12, -0.0871557, 8.857e-12, -0.996195, 0
13.37, 2025-07-03__00-41-22.119386, -0.0473101, -0.235433, 0.0339982, -2.12392, -0.0286121, 1.83602, 0.729831, -0.00425217, -0.391958, -0.00665483, 1.02055, 0.00125449, -1.34295, -0.0384873, -0.390749, 2.47995, -0.643616, 2.13797, 0.174528, -0.230465, -0.308902, 0, 0, 0, 0, 0, 0, 0, 0.466634, -0.0160864, 0.26637, 0.486385, -0.0157403, 0.742593, 0.996195, -3.71201e-12, -0.0871557, -4.46982e-12, -1, -8.49977e-12, -0.0871557, 8.857e-12, -0.996195, 0
13.38, 2025-07-03__00-41-22.129386, -0.0473396, -0.239326, 0.0339496, -2.1133, -0.0285912, 1.82272, 0.729499, -0.00462293, -0.372401, -0.00814332, 1.07443, 0.00105063, -1.32814, -0.0385675, -0.388279, 3.60218, -0.631682, 1.40779, 0.170397, -0.489711, -0.324768, 0, 0, 0, 0, 0, 0, 0, 0.466339, -0.0161573, 0.272152, 0.486385, -0.0157403, 0.742593, 0.996195, -3.71201e-12, -0.0871557, -4.46982e-12, -1, -8.49977e-12, -0.0871557, 8.857e-12, -0.996195, 0
13.39, 2025-07-03__00-41-22.139385, -0.0473766, -0.24243, 0.033862, -2.10253, -0.0285665, 1.80915, 0.729191, -0.00673841, -0.301687, -0.012668, 1.08793, -3.87074e-05, -1.35758, -0.0266584, -0.215888, 1.6994, -0.446118, 2.50843, 0.198995, -0.193993, -0.410896, 0, 0, 0, 0, 0, 0, 0, 0.465901, -0.0162253, 0.277639, 0.486385, -0.0157403, 0.742593, 0.996195, -3.71201e-12, -0.0871557, -4.46982e-12, -1, -8.49977e-12, -0.0871557, 8.857e-12, -0.996195, 0
13.4, 2025-07-03__00-41-22.149386, -0.0474089, -0.24528, 0.0338155, -2.09121, -0.0285559, 1.79561, 0.728866, -0.00600549, -0.2836, -0.00794971, 1.14315, 9.86628e-05, -1.34445, -0.0350783, -0.363668, 2.78499, -0.60489, 1.72018, 0.182431, -0.410888, -0.373744, 0, 0, 0, 0, 0, 0, 0, 0.465548, -0.0162983, 0.283211, 0.486385, -0.0157403, 0.742593, 0.996195, -3.71201e-12, -0.0871557, -4.46982e-12, -1, -8.49977e-12, -0.0871557, 8.857e-12, -0.996195, 0
13.41, 2025-07-03__00-41-22.159385, -0.0474373, -0.247946, 0.0337698, -2.07973, -0.0285455, 1.78197, 0.728493, -0.00369432, -0.250971, -0.00429755, 1.14663, 0.00227502, -1.36357, -0.0368946, -0.502221, 2.26871, -0.766262, 2.29593, 0.174292, -0.235028, -0.371157, 0, 0, 0, 0, 0, 0, 0, 0.465208, -0.0163561, 0.288843, 0.486385, -0.0157403, 0.742593, 0.996195, -3.71201e-12, -0.0871557, -4.46982e-12, -1, -8.49977e-12, -0.0871557, 8.857e-12, -0.996195, 0
13.42, 2025-07-03__00-41-22.169388, -0.0474681, -0.250127, 0.0337067, -2.06792, -0.0285395, 1.76826, 0.728138, -0.00589886, -0.209231, -0.00910593, 1.1969, -0.00204286, -1.37903, -0.0332353, -0.343888, 2.19094, -0.580459, 2.11716, 0.204424, -0.182419, -0.403819, 0, 0, 0, 0, 0, 0, 0, 0.464812, -0.0164111, 0.294348, 0.486385, -0.0157403, 0.742593, 0.996195, -3.71201e-12, -0.0871557, -4.46982e-12, -1, -8.49977e-12, -0.0871557, 8.857e-12, -0.996195, 0
13.43, 2025-07-03__00-41-22.179385, -0.0474902, -0.251911, 0.0336312, -2.05566, -0.0285183, 1.75469, 0.727775, -0.00201716, -0.157923, -0.0085703, 1.21477, 0.00400158, -1.37719, -0.0405665, -0.423857, 1.18439, -0.671267, 2.70696, 0.171745, -0.162763, -0.367828, 0, 0, 0, 0, 0, 0, 0, 0.464558, -0.0164713, 0.299924, 0.486385, -0.0157403, 0.742593, 0.996195, -3.71201e-12, -0.0871557, -4.46982e-12, -1, -8.49977e-12, -0.0871557, 8.857e-12, -0.996195, 0
13.44, 2025-07-03__00-41-22.189386, -0.0475238, -0.253425, 0.0335662, -2.04316, -0.0284988, 1.74108, 0.727382, -0.00381452, -0.148535, -0.00644789, 1.26643, 0.00249277, -1.37687, -0.0399352, -0.456708, 2.49355, -0.698182, 1.85938, 0.166456, -0.2812, -0.379183, 0, 0, 0, 0, 0, 0, 0, 0.464279, -0.0165222, 0.305444, 0.486385, -0.0157403, 0.742593, 0.996195, -3.71201e-12, -0.0871557, -4.46982e-12, -1, -8.49977e-12, -0.0871557, 8.857e-12, -0.996195, 0
13.45, 2025-07-03__00-41-22.199387, -0.0475498, -0.254698, 0.0335, -2.03027, -0.028507, 1.72732, 0.727007, -0.00473341, -0.103193, -0.00941797, 1.29232, -0.00157332, -1.39886, -0.0338315, -0.354618, 1.81399, -0.580255, 2.25432, 0.202729, -0.125062, -0.423427, 0, 0, 0, 0, 0, 0, 0, 0.463994, -0.0165783, 0.311036, 0.486385, -0.0157403, 0.742593, 0.996195, -3.71201e-12, -0.0871557, -4.46982e-12, -1, -8.49977e-12, -0.0871557, 8.857e-12, -0.996195, 0
13.46, 2025-07-03__00-41-22.209387, -0.0475679, -0.255509, 0.0334517, -2.01715, -0.0284805, 1.71348, 0.726617, -0.00392293, -0.0739397, 0.00158568, 1.3286, 0.00090949, -1.38179, -0.0438059, -0.614744, 1.98742, -0.879709, 2.04215, 0.168134, -0.271348, -0.366786, 0, 0, 0, 0, 0, 0, 0, 0.463661, -0.016608, 0.316506, 0.486385, -0.0157403, 0.742593, 0.996195, -3.71201e-12, -0.0871557, -4.46982e-12, -1, -8.49977e-12, -0.0871557, 8.857e-12, -0.996195, 0
13.47, 2025-07-03__00-41-22.219384, -0.0475817, -0.256152, 0.0334033, -2.00364, -0.0284736, 1.69973, 0.726171, -0.00165525, -0.0449931, -0.00679896, 1.35191, 0.00278754, -1.38824, -0.0478454, -0.477633, 1.94183, -0.709103, 2.13731, 0.166548, -0.242025, -0.343904, 0, 0, 0, 0, 0, 0, 0, 0.463451, -0.0166394, 0.322103, 0.486385, -0.0157403, 0.742593, 0.996195, -3.71201e-12, -0.0871557, -4.46982e-12, -1, -8.49977e-12, -0.0871557, 8.857e-12, -0.996195, 0
13.48, 2025-07-03__00-41-22.229387, -0.0476063, -0.25641, 0.033342, -1.98983, -0.0284484, 1.68589, 0.725796, -0.000442055, -0.0131755, -0.00557386, 1.38715, 0.00219842, -1.38374, -0.0373, -0.518038, 1.9849, -0.749307, 2.03538, 0.162829, -0.30639, -0.412467, 0, 0, 0, 0, 0, 0, 0, 0.463193, -0.0166731, 0.32763, 0.486385, -0.0157403, 0.742593, 0.996195, -3.71201e-12, -0.0871557, -4.46982e-12, -1, -8.49977e-12, -0.0871557, 8.857e-12, -0.996195, 0
13.49, 2025-07-03__00-41-22.239386, -0.0476179, -0.25634, 0.0333035, -1.97573, -0.0284408, 1.67213, 0.725463, 0.00250079, 0.0205818, -0.00155337, 1.40712, 0.00595107, -1.36989, -0.0327176, -0.659365, 1.66385, -0.911227, 2.24613, 0.132439, -0.398449, -0.445522, 0, 0, 0, 0, 0, 0, 0, 0.463015, -0.0166992, 0.333166, 0.486385, -0.0157403, 0.742593, 0.996195, -3.71201e-12, -0.0871557, -4.46982e-12, -1, -8.49977e-12, -0.0871557, 8.857e-12, -0.996195, 0
13.5, 2025-07-03__00-41-22.249387, -0.0476415, -0.256125, 0.033242, -1.96133, -0.0284146, 1.65823, 0.725098, -0.00101503, 0.0190157, -0.00558226, 1.46132, -1.13172e-05, -1.38443, -0.040969, -0.517096, 3.4833, -0.72632, 1.17978, 0.15916, -0.429845, -0.400794, 0, 0, 0, 0, 0, 0, 0, 0.462802, -0.0167119, 0.33873, 0.486385, -0.0157403, 0.742593, 0.996195, -3.71201e-12, -0.0871557, -4.46982e-12, -1, -8.49977e-12, -0.0871557, 8.857e-12, -0.996195, 0
13.51, 2025-07-03__00-41-22.259386, -0.0476454, -0.25552, 0.0331803, -1.94681, -0.028399, 1.64422, 0.724779, 3.60724e-05, 0.0805224, -0.0075535, 1.46797, 0.0054614, -1.39679, -0.0222172, -0.448669, 1.57357, -0.651481, 2.27068, 0.139584, -0.249777, -0.518685, 0, 0, 0, 0, 0, 0, 0, 0.462504, -0.0167345, 0.344204, 0.486385, -0.0157403, 0.742593, 0.996195, -3.71201e-12, -0.0871557, -4.46982e-12, -1, -8.49977e-12, -0.0871557, 8.857e-12, -0.996195, 0
13.52, 2025-07-03__00-41-22.269387, -0.0476625, -0.254733, 0.033134, -1.93189, -0.0283869, 1.63031, 0.724447, -0.00158496, 0.07958, -0.00544978, 1.5195, -6.9738e-05, -1.39562, -0.0361671, -0.478487, 3.34563, -0.669605, 1.23231, 0.153727, -0.37994, -0.439543, 0, 0, 0, 0, 0, 0, 0, 0.462293, -0.0167372, 0.34972, 0.486385, -0.0157403, 0.742593, 0.996195, -3.71201e-12, -0.0871557, -4.46982e-12, -1, -8.49977e-12, -0.0871557, 8.857e-12, -0.996195, 0
13.53, 2025-07-03__00-41-22.279387, -0.0476844, -0.253698, 0.0330845, -1.9169, -0.0283602, 1.61641, 0.724093, -0.00442747, 0.104867, -0.00382162, 1.51551, 0.00578474, -1.3991, -0.0368962, -0.451228, 2.81701, -0.640823, 1.78851, 0.124721, -0.296825, -0.437202, 0, 0, 0, 0, 0, 0, 0, 0.462036, -0.0167655, 0.355193, 0.486385, -0.0157403, 0.742593, 0.996195, -3.71201e-12, -0.0871557, -4.46982e-12, -1, -8.49977e-12, -0.0871557, 8.857e-12, -0.996195, 0
13.54, 2025-07-03__00-41-22.289385, -0.0476828, -0.252529, 0.0330306, -1.90159, -0.028372, 1.60244, 0.723724, -0.00124539, 0.119492, -0.0089852, 1.50003, -0.00301403, -1.38635, -0.0386312, -0.385828, 2.56609, -0.559012, 2.30932, 0.195103, -0.321802, -0.428268, 0, 0, 0, 0, 0, 0, 0, 0.461766, -0.0167691, 0.360696, 0.486385, -0.0157403, 0.742593, 0.996195, -3.71201e-12, -0.0871557, -4.46982e-12, -1, -8.49977e-12, -0.0871557, 8.857e-12, -0.996195, 0
13.55, 2025-07-03__00-41-22.299388, -0.0477204, -0.251065, 0.0329654, -1.88605, -0.0283289, 1.58849, 0.723332, -0.00881139, 0.141642, -0.00874343, 1.59001, -0.000689183, -1.38412, -0.0389205, -0.237629, 4.11421, -0.364331, 1.00822, 0.161223, -0.518474, -0.429128, 0, 0, 0, 0, 0, 0, 0, 0.461501, -0.0167907, 0.36616, 0.486385, -0.0157403, 0.742593, 0.996195, -3.71201e-12, -0.0871557, -4.46982e-12, -1, -8.49977e-12, -0.0871557, 8.857e-12, -0.996195, 0
13.56, 2025-07-03__00-41-22.309385, -0.0477016, -0.249353, 0.0329222, -1.87031, -0.028333, 1.5745, 0.722958, 0.000512658, 0.191463, -0.0049605, 1.54829, 0.00186071, -1.40644, -0.0279584, -0.454436, 1.67324, -0.631107, 2.83838, 0.153968, -0.193706, -0.492164, 0, 0, 0, 0, 0, 0, 0, 0.461234, -0.0167926, 0.371631, 0.486385, -0.0157403, 0.742593, 0.996195, -3.71201e-12, -0.0871557, -4.46982e-12, -1, -8.49977e-12, -0.0871557, 8.857e-12, -0.996195, 0
13.57, 2025-07-03__00-41-22.319382, -0.0477182, -0.247461, 0.0328714, -1.85424, -0.0282967, 1.56034, 0.722601, -0.000597027, 0.187836, -0.00470812, 1.62886, -0.000698568, -1.41978, -0.034497, -0.451246, 4.17953, -0.597963, 1.22987, 0.135032, -0.286803, -0.454564, 0, 0, 0, 0, 0, 0, 0, 0.460944, -0.0167882, 0.377101, 0.486385, -0.0157403, 0.742593, 0.996195, -3.71201e-12, -0.0871557, -4.46982e-12, -1, -8.49977e-12, -0.0871557, 8.857e-12, -0.996195, 0
13.58, 2025-07-03__00-41-22.329382, -0.0477117, -0.245298, 0.0328316, -1.83805, -0.028292, 1.54635, 0.722271, 0.00684486, 0.230714, -0.00688407, 1.64752, 0.0106824, -1.40395, -0.0323811, -0.526204, 3.32834, -0.676083, 1.693, 0.0583701, -0.381787, -0.468872, 0, 0, 0, 0, 0, 0, 0, 0.46065, -0.0167951, 0.38253, 0.486385, -0.0157403, 0.742593, 0.996195, -3.71201e-12, -0.0871557, -4.46982e-12, -1, -8.49977e-12, -0.0871557, 8.857e-12, -0.996195, 0
13.59, 2025-07-03__00-41-22.339387, -0.0477211, -0.242827, 0.0327937, -1.82149, -0.0283139, 1.5323, 0.721961, -0.000610801, 0.265346, -0.007208, 1.66132, -0.0128698, -1.41976, -0.0304854, -0.302738, 2.67067, -0.41843, 2.17114, 0.227293, -0.260989, -0.482575, 0, 0, 0, 0, 0, 0, 0, 0.460411, -0.0167841, 0.387976, 0.486385, -0.0157403, 0.742593, 0.996195, -3.71201e-12, -0.0871557, -4.46982e-12, -1, -8.49977e-12, -0.0871557, 8.857e-12, -0.996195, 0
13.6, 2025-07-03__00-41-22.349398, -0.0477335, -0.239963, 0.0327649, -1.80463, -0.0282582, 1.51831, 0.721706, 0.00204006, 0.275101, -0.000141115, 1.66747, 0.00598223, -1.3935, -0.025203, -0.530056, 3.06127, -0.679989, 2.15444, 0.0814561, -0.443634, -0.518113, 0, 0, 0, 0, 0, 0, 0, 0.460158, -0.0167792, 0.393313, 0.486385, -0.0157403, 0.742593, 0.996195, -3.71201e-12, -0.0871557, -4.46982e-12, -1, -8.49977e-12, -0.0871557, 8.857e-12, -0.996195, 0
13.61, 2025-07-03__00-41-22.359387, -0.0477434, -0.23715, 0.0327591, -1.78758, -0.0282947, 1.50414, 0.721461, -0.00658902, 0.287998, -3.04579e-05, 1.72464, -0.000833768, -1.42802, -0.0187776, -0.352296, 4.35138, -0.457257, -23.3148, 0.118014, -0.324314, -0.563373, 0, 0, 0, 7, 0, 0, 0, 0.459881, -0.0167532, 0.398764, 0.486385, -0.0157403, 0.742593, 0.996195, -3.71201e-12, -0.0871557, -4.46982e-12, -1, -8.49977e-12, -0.0871557, 8.857e-12, -0.996195, 0
13.62, 2025-07-03__00-41-22.369386, -0.0477483, -0.234249, 0.0327201, -1.77097, -0.0281999, 1.49014, 0.721129, -0.00169032, 0.294087, -0.00148874, 1.62708, 0.00466015, -1.38382, -0.0362478, -0.399143, 2.61807, -0.524543, -21.0576, 0.106335, -0.384998, -0.45299, 0, 0, 0, 7, 0, 0, 0, 0.459457, -0.016733, 0.404007, 0.486385, -0.0157403, 0.742593, 0.996195, -3.71201e-12, -0.0871557, -4.46982e-12, -1, -8.49977e-12, -0.0871557, 8.857e-12, -0.996195, 0
13.63, 2025-07-03__00-41-22.379383, -0.0477557, -0.231669, 0.0326988, -1.75636, -0.0281081, 1.47765, 0.720789, 0.00244299, 0.218449, -0.00136803, 1.39756, 0.0135753, -1.17749, -0.0265464, -0.566255, 1.93002, -0.746294, -17.9781, 0.088642, -1.35459, -0.506112, 0, 0, 0, 7, 0, 0, 0, 0.458957, -0.0166897, 0.408564, 0.486385, -0.0157403, 0.742593, 0.996195, -3.71201e-12, -0.0871557, -4.46982e-12, -1, -8.49977e-12, -0.0871557, 8.857e-12, -0.996195, 0
13.64, 2025-07-03__00-41-22.389378, -0.047768, -0.230634, 0.0326661, -1.74435, -0.0279701, 1.46711, 0.720367, -0.00338212, 0.0895391, -0.00389874, 1.14011, 0.0140085, -1.0213, -0.0383672, -0.538664, 3.31123, -0.733843, -15.5353, 0.135905, -2.03419, -0.423647, 0, 0, 0, 7, 0, 0, 0, 0.458356, -0.0166304, 0.412814, 0.486385, -0.0157403, 0.742593, 0.996195, -3.71201e-12, -0.0871557, -4.46982e-12, -1, -8.49977e-12, -0.0871557, 8.857e-12, -0.996195, 0
13.65, 2025-07-03__00-41-22.399385, -0.0477823, -0.230218, 0.032527, -1.73492, -0.0277239, 1.45738, 0.719926, 0.000153533, 0.0301887, -0.0162352, 0.882483, 0.0268062, -0.968077, -0.0408356, -0.374959, 0.915492, -0.567356, -11.2542, 0.126573, -1.85371, -0.391855, 0, 0, 0, 7, 0, 0, 0, 0.457343, -0.0165879, 0.416247, 0.486385, -0.0157403, 0.742593, 0.996195, -3.71201e-12, -0.0871557, -4.46982e-12, -1, -8.49977e-12, -0.0871557, 8.857e-12, -0.996195, 0
13.66, 2025-07-03__00-41-22.409384, -0.0478183, -0.230628, 0.0323341, -1.72743, -0.0274897, 1.44773, 0.719515, -0.000699838, -0.0637759, -0.0200971, 0.714176, 0.0210273, -0.93651, -0.0420813, -0.324915, 1.89987, -0.517406, -9.62159, 0.179875, -1.68449, -0.372087, 0, 0, 0, 8, 0, 0, 0, 0.455773, -0.0165659, 0.41913, 0.486385, -0.0157403, 0.742593, 0.996195, -3.71201e-12, -0.0871557, -4.46982e-12, -1, -8.49977e-12, -0.0871557, 8.857e-12, -0.996195, 0
13.67, 2025-07-03__00-41-22.419385, -0.0478512, -0.231724, 0.0321113, -1.72145, -0.027318, 1.4381, 0.719186, -0.00480327, -0.120084, -0.0192511, 0.557085, 0.0112545, -0.962188, -0.0329823, -0.257383, 1.07817, -0.465004, -7.22384, 0.267563, -1.04999, -0.419935, 0, 0, 0, 8, 0, 0, 0, 0.453777, -0.0165809, 0.421674, 0.486385, -0.0157403, 0.742593, 0.996195, -3.71201e-12, -0.0871557, -4.46982e-12, -1, -8.49977e-12, -0.0871557, 8.857e-12, -0.996195, 0
13.68, 2025-07-03__00-41-22.429386, -0.0478439, -0.233195, 0.0319081, -1.71698, -0.027179, 1.42842, 0.718943, 0.00231241, -0.156062, -0.0196971, 0.42491, 0.0163407, -0.962312, -0.027405, -0.375792, -0.431263, -0.627003, -4.86013, 0.241725, -0.54494, -0.448821, 0, 0, 0, 8, 0, 0, 0, 0.451325, -0.0165902, 0.423698, 0.486385, -0.0157403, 0.742593, 0.996195, -3.71201e-12, -0.0871557, -4.46982e-12, -1, -8.49977e-12, -0.0871557, 8.857e-12, -0.996195, 0
13.69, 2025-07-03__00-41-22.439385, -0.0478416, -0.23509, 0.0317615, -1.71339, -0.027052, 1.41906, 0.71873, -0.00218691, -0.200651, -0.0125098, 0.336757, 0.0078388, -0.92732, -0.0199842, -0.440741, -0.552936, -0.728596, -3.73115, 0.292015, -0.374829, -0.490076, 0, 0, 0, 8, 0, 0, 0, 0.448718, -0.0165554, 0.425513, 0.486385, -0.0157403, 0.742593, 0.996195, -3.71201e-12, -0.0871557, -4.46982e-12, -1, -8.49977e-12, -0.0871557, 8.857e-12, -0.996195, 0
13.7, 2025-07-03__00-41-22.449385, -0.0478588, -0.23727, 0.0316155, -1.71062, -0.0269148, 1.41, 0.718534, -0.00142382, -0.226215, -0.0134081, 0.257198, 0.00950711, -0.893106, -0.0173454, -0.42154, -1.47632, -0.723335, -2.34574, 0.288294, -0.18296, -0.503365, 0, 0, 0, 8, 0, 0, 0, 0.445982, -0.0165346, 0.427135, 0.486385, -0.0157403, 0.742593, 0.996195, -3.71201e-12, -0.0871557, -4.46982e-12, -1, -8.49977e-12, -0.0871557, 8.857e-12, -0.996195, 0
13.71, 2025-07-03__00-41-22.459387, -0.0478642, -0.239607, 0.0314271, -1.70855, -0.0268032, 1.40143, 0.718354, 0.0043189, -0.244347, -0.0211297, 0.188456, 0.0111425, -0.832647, -0.0217476, -0.340285, -2.53854, -0.634396, -1.07666, 0.291726, -0.185213, -0.477023, 0, 0, 0, 8, 0, 0, 0, 0.443209, -0.0165287, 0.428539, 0.486385, -0.0157403, 0.742593, 0.996195, -3.71201e-12, -0.0871557, -4.46982e-12, -1, -8.49977e-12, -0.0871557, 8.857e-12, -0.996195, 0
13.72, 2025-07-03__00-41-22.469384, -0.0478879, -0.242279, 0.0312225, -1.7069, -0.0267271, 1.39328, 0.718162, -0.0020551, -0.285432, -0.0188661, 0.153336, 0.00832691, -0.804977, -0.020351, -0.278725, -1.68786, -0.570094, -1.03489, 0.30413, -0.0735284, -0.488089, 0, 0, 0, 8, 0, 0, 0, 0.44046, -0.0165514, 0.429907, 0.486385, -0.0157403, 0.742593, 0.996195, -3.71201e-12, -0.0871557, -4.46982e-12, -1, -8.49977e-12, -0.0871557, 8.857e-12, -0.996195, 0
13.73, 2025-07-03__00-41-22.479387, -0.0479056, -0.245082, 0.0310221, -1.70565, -0.0266793, 1.38543, 0.718018, -0.00121983, -0.283245, -0.0231949, 0.115864, 0.00369574, -0.781296, -0.0135311, -0.153065, -2.9995, -0.432923, 0.0279035, 0.35013, 0.105868, -0.534026, 0, 0, 0, 8, 0, 0, 0, 0.437705, -0.0165805, 0.431209, 0.486385, -0.0157403, 0.742593, 0.996195, -3.71201e-12, -0.0871557, -4.46982e-12, -1, -8.49977e-12, -0.0871557, 8.857e-12, -0.996195, 0
13.74, 2025-07-03__00-41-22.489386, -0.047893, -0.248115, 0.0308679, -1.70474, -0.0266624, 1.37784, 0.717879, 0.00030986, -0.310464, -0.0162857, 0.0866678, 0.00296718, -0.749773, -0.0170978, -0.33346, -2.63784, -0.663649, 0.21927, 0.331177, 0.178746, -0.515639, 0, 0, 0, 8, 0, 0, 0, 0.434936, -0.016592, 0.432465, 0.486385, -0.0157403, 0.742593, 0.996195, -3.71201e-12, -0.0871557, -4.46982e-12, -1, -8.49977e-12, -0.0871557, 8.857e-12, -0.996195, 0
13.75, 2025-07-03__00-41-22.499387, -0.0478929, -0.251267, 0.0307129, -1.70415, -0.0266255, 1.3707, 0.717718, -0.00186342, -0.309751, -0.0156367, 0.0510974, 0.0100581, -0.694801, -0.0225967, -0.295197, -3.71556, -0.63591, 1.09454, 0.297132, 0.110582, -0.484882, 0, 0, 0, 8, 0, 0, 0, 0.432218, -0.0165872, 0.43367, 0.486385, -0.0157403, 0.742593, 0.996195, -3.71201e-12, -0.0871557, -4.46982e-12, -1, -8.49977e-12, -0.0871557, 8.857e-12, -0.996195, 0
13.76, 2025-07-03__00-41-22.509390, -0.0478902, -0.254538, 0.0305503, -1.70373, -0.0266116, 1.36408, 0.717558, 0.0017329, -0.334798, -0.0183917, 0.0387737, 0.000497516, -0.641332, -0.0223628, -0.296919, -2.92913, -0.636705, 0.842006, 0.349578, -0.0456666, -0.490232, 0, 0, 0, 8, 0, 0, 0, 0.429621, -0.0165965, 0.434865, 0.486385, -0.0157403, 0.742593, 0.996195, -3.71201e-12, -0.0871557, -4.46982e-12, -1, -8.49977e-12, -0.0871557, 8.857e-12, -0.996195, 0
13.77, 2025-07-03__00-41-22.519387, -0.0478957, -0.257915, 0.0303628, -1.70341, -0.026604, 1.35769, 0.717406, -0.00205687, -0.344743, -0.0201136, 0.0244371, -0.000721766, -0.639643, -0.0151033, -0.183607, -2.90509, -0.506976, 1.03941, 0.365518, 0.156892, -0.539322, 0, 0, 0, 8, 0, 0, 0, 0.4271, -0.0166255, 0.436082, 0.486385, -0.0157403, 0.742593, 0.996195, -3.71201e-12, -0.0871557, -4.46982e-12, -1, -8.49977e-12, -0.0871557, 8.857e-12, -0.996195, 0
13.78, 2025-07-03__00-41-22.529388, -0.0478989, -0.261509, 0.0301947, -1.70316, -0.0265985, 1.35156, 0.717251, 0.000239144, -0.363854, -0.0171315, 0.0202613, 0.00197168, -0.621078, -0.0217805, -0.302884, -2.07008, -0.6551, 0.719026, 0.327141, 0.191452, -0.503759, 0, 0, 0, 8, 0, 0, 0, 0.424605, -0.0166529, 0.437364, 0.486385, -0.0157403, 0.742593, 0.996195, -3.71201e-12, -0.0871557, -4.46982e-12, -1, -8.49977e-12, -0.0871557, 8.857e-12, -0.996195, 0
13.79, 2025-07-03__00-41-22.539387, -0.0478889, -0.26517, 0.030056, -1.70306, -0.0265923, 1.34569, 0.717095, 0.00210458, -0.363511, -0.0164807, 0.00687404, 0.000849262, -0.574842, -0.0184524, -0.338096, -2.32599, -0.708158, 0.95666, 0.332797, 0.0573447, -0.527393, 0, 0, 0, 8, 0, 0, 0, 0.422157, -0.0166502, 0.438632, 0.486385, -0.0157403, 0.742593, 0.996195, -3.71201e-12, -0.0871557, -4.46982e-12, -1, -8.49977e-12, -0.0871557, 8.857e-12, -0.996195, 0
13.8, 2025-07-03__00-41-22.549386, -0.047888, -0.268776, 0.0299268, -1.70299, -0.026589, 1.3401, 0.716953, -0.000956266, -0.369492, -0.0109802, 0.00213329, -0.000564765, -0.564769, -0.0159769, -0.395423, -2.0765, -0.792881, 0.919334, 0.33216, 0.138221, -0.545937, 0, 0, 0, 8, 0, 0, 0, 0.419803, -0.0166552, 0.439861, 0.486385, -0.0157403, 0.742593, 0.996195, -3.71201e-12, -0.0871557, -4.46982e-12, -1, -8.49977e-12, -0.0871557, 8.857e-12, -0.996195, 0
13.81, 2025-07-03__00-41-22.559386, -0.0478921, -0.272513, 0.0297903, -1.70296, -0.0265795, 1.33471, 0.716816, -0.000683627, -0.374765, -0.0156998, 0.0016211, 0.000172471, -0.532052, -0.0117826, -0.308301, -1.6784, -0.683876, 0.718485, 0.333017, 0.0391473, -0.576797, 0, 0, 0, 8, 0, 0, 0, 0.417491, -0.0166584, 0.441148, 0.486385, -0.0157403, 0.742593, 0.996195, -3.71201e-12, -0.0871557, -4.46982e-12, -1, -8.49977e-12, -0.0871557, 8.857e-12, -0.996195, 0
13.82, 2025-07-03__00-41-22.569384, -0.047894, -0.276327, 0.0296439, -1.70295, -0.026578, 1.3295, 0.716656, -0.000949605, -0.383705, -0.0178121, 0.00422367, 3.51889e-05, -0.508964, -0.0115637, -0.270743, -0.97619, -0.636064, 0.357197, 0.332449, -0.0155991, -0.582807, 0, 0, 0, 8, 0, 0, 0, 0.415231, -0.0166668, 0.442452, 0.486385, -0.0157403, 0.742593, 0.996195, -3.71201e-12, -0.0871557, -4.46982e-12, -1, -8.49977e-12, -0.0871557, 8.857e-12, -0.996195, 0
13.83, 2025-07-03__00-41-22.579385, -0.0479068, -0.280076, 0.0295096, -1.70291, -0.0265729, 1.32452, 0.71645, -0.000382535, -0.375372, -0.0090448, 0.0104133, -0.00166514, -0.483489, -0.0249996, -0.444516, -0.97586, -0.868122, 0.273306, 0.323046, -0.0945609, -0.502471, 0, 0, 0, 8, 0, 0, 0, 0.41305, -0.0166778, 0.443759, 0.486385, -0.0157403, 0.742593, 0.996195, -3.71201e-12, -0.0871557, -4.46982e-12, -1, -8.49977e-12, -0.0871557, 8.857e-12, -0.996195, 0
13.84, 2025-07-03__00-41-22.589384, -0.0479007, -0.283803, 0.0293793, -1.70284, -0.0265636, 1.31967, 0.716271, 0.00170123, -0.372527, -0.0190319, 0.0109895, 0.000431617, -0.485313, -0.0242203, -0.279672, -0.836688, -0.653261, 0.223543, 0.326532, 0.0147785, -0.509376, 0, 0, 0, 8, 0, 0, 0, 0.410935, -0.0166751, 0.445069, 0.486385, -0.0157403, 0.742593, 0.996195, -3.71201e-12, -0.0871557, -4.46982e-12, -1, -8.49977e-12, -0.0871557, 8.857e-12, -0.996195, 0
13.85, 2025-07-03__00-41-22.599386, -0.0478896, -0.287667, 0.0292683, -1.7028, -0.0265576, 1.31491, 0.716134, 0.00101904, -0.390918, -0.00969946, -0.000335568, -0.000367771, -0.478308, -0.00761035, -0.475701, 0.153648, -0.912467, -0.0768405, 0.305091, 0.0607358, -0.61304, 0, 0, 0, 8, 0, 0, 0, 0.408815, -0.0166671, 0.446414, 0.486385, -0.0157403, 0.742593, 0.996195, -3.71201e-12, -0.0871557, -4.46982e-12, -1, -8.49977e-12, -0.0871557, 8.857e-12, -0.996195, 0
13.86, 2025-07-03__00-41-22.609389, -0.0478936, -0.291578, 0.0291551, -1.70283, -0.026558, 1.31034, 0.716012, -0.000256178, -0.386679, -0.018336, 0.00242056, -0.000510506, -0.452979, -0.0122775, -0.285688, 0.391688, -0.668417, -0.244689, 0.327547, -0.0392982, -0.590985, 0, 0, 0, 8, 0, 0, 0, 0.406737, -0.0166612, 0.447754, 0.486385, -0.0157403, 0.742593, 0.996195, -3.71201e-12, -0.0871557, -4.46982e-12, -1, -8.49977e-12, -0.0871557, 8.857e-12, -0.996195, 0
13.87, 2025-07-03__00-41-22.619386, -0.0479174, -0.295215, 0.0290422, -1.70279, -0.0265549, 1.30588, 0.715836, -0.00552336, -0.360167, -0.00657643, 0.0029213, -0.0011401, -0.434994, -0.0138269, -0.401037, -0.529192, -0.847264, 0.162922, 0.324889, -0.0683991, -0.583206, 0, 0, 0, 8, 0, 0, 0, 0.404739, -0.0166651, 0.449021, 0.486385, -0.0157403, 0.742593, 0.996195, -3.71201e-12, -0.0871557, -4.46982e-12, -1, -8.49977e-12, -0.0871557, 8.857e-12, -0.996195, 0
13.88, 2025-07-03__00-41-22.629387, -0.0479102, -0.298938, 0.0289405, -1.70275, -0.0265519, 1.30151, 0.715654, 0.00194925, -0.372059, -0.00407805, 0.000418235, 0.000309387, -0.435623, -0.0159738, -0.591019, 0.381559, -1.08593, -0.197452, 0.28867, 0.00432465, -0.570283, 0, 0, 0, 8, 0, 0, 0, 0.402765, -0.0166587, 0.450311, 0.486385, -0.0157403, 0.742593, 0.996195, -3.71201e-12, -0.0871557, -4.46982e-12, -1, -8.49977e-12, -0.0871557, 8.857e-12, -0.996195, 0
13.89, 2025-07-03__00-41-22.639387, -0.0478881, -0.302702, 0.02883, -1.70277, -0.0265442, 1.29721, 0.715537, 0.000610136, -0.368399, -0.0120664, -0.000505355, 0.00540754, -0.428945, -0.0106971, -0.424244, 0.577212, -0.868983, -0.274554, 0.27556, 0.0321252, -0.606691, 0, 0, 0, 8, 0, 0, 0, 0.400782, -0.0166421, 0.451593, 0.486385, -0.0157403, 0.742593, 0.996195, -3.71201e-12, -0.0871557, -4.46982e-12, -1, -8.49977e-12, -0.0871557, 8.857e-12, -0.996195, 0
13.9, 2025-07-03__00-41-22.649386, -0.0479014, -0.306236, 0.0287194, -1.70277, -0.0265392, 1.29312, 0.715414, -0.00208855, -0.348043, -0.0103239, -0.00188228, -9.61365e-05, -0.399167, -0.0094085, -0.383607, -0.0509486, -0.835037, -0.00395579, 0.320726, -0.0914551, -0.618724, 0, 0, 0, 8, 0, 0, 0, 0.398904, -0.0166425, 0.452804, 0.486385, -0.0157403, 0.742593, 0.996195, -3.71201e-12, -0.0871557, -4.46982e-12, -1, -8.49977e-12, -0.0871557, 8.857e-12, -0.996195, 0
13.91, 2025-07-03__00-41-22.659384, -0.0479225, -0.309716, 0.0286067, -1.70273, -0.0265416, 1.28921, 0.71528, -0.00112047, -0.353149, -0.0120879, 0.0028948, 0.000346031, -0.38734, -0.0143688, -0.377027, 0.706149, -0.823213, -0.408185, 0.313989, -0.12626, -0.593064, 0, 0, 0, 8, 0, 0, 0, 0.397107, -0.0166516, 0.454004, 0.486385, -0.0157403, 0.742593, 0.996195, -3.71201e-12, -0.0871557, -4.46982e-12, -1, -8.49977e-12, -0.0871557, 8.857e-12, -0.996195, 0
13.92, 2025-07-03__00-41-22.669385, -0.0479093, -0.313309, 0.0285122, -1.70272, -0.026541, 1.28539, 0.715155, 0.00296375, -0.354662, -0.00837713, 0.00265966, -8.22868e-05, -0.380234, -0.014325, -0.519931, 1.24467, -1.01162, -0.643682, 0.297652, -0.126347, -0.595865, 0, 0, 0, 8, 0, 0, 0, 0.395316, -0.016637, 0.455231, 0.486385, -0.0157403, 0.742593, 0.996195, -3.71201e-12, -0.0871557, -4.46982e-12, -1, -8.49977e-12, -0.0871557, 8.857e-12, -0.996195, 0
13.93, 2025-07-03__00-41-22.679386, -0.0478952, -0.316769, 0.028422, -1.70271, -0.0265325, 1.28156, 0.715037, 0.00221354, -0.335119, -0.00875189, 0.0024901, 6.76008e-05, -0.383705, -0.0146294, -0.482827, 0.708293, -0.975193, -0.379368, 0.305123, -0.0341975, -0.596096, 0, 0, 0, 8, 0, 0, 0, 0.393527, -0.0166188, 0.456421, 0.486385, -0.0157403, 0.742593, 0.996195, -3.71201e-12, -0.0871557, -4.46982e-12, -1, -8.49977e-12, -0.0871557, 8.857e-12, -0.996195, 0
13.94, 2025-07-03__00-41-22.689382, -0.0479079, -0.320121, 0.0282943, -1.70271, -0.0265318, 1.27784, 0.714916, -0.000689659, -0.33908, -0.0137528, -0.000660982, -0.000467535, -0.375298, -0.00838128, -0.347978, 1.21549, -0.79854, -0.574368, 0.322708, -0.0302031, -0.638782, 0, 0, 0, 8, 0, 0, 0, 0.39179, -0.0166184, 0.457543, 0.486385, -0.0157403, 0.742593, 0.996195, -3.71201e-12, -0.0871557, -4.46982e-12, -1, -8.49977e-12, -0.0871557, 8.857e-12, -0.996195, 0
13.95, 2025-07-03__00-41-22.699386, -0.0479139, -0.323402, 0.0281662, -1.70271, -0.0265315, 1.27421, 0.714793, 0.000719321, -0.323338, -0.0148872, 0.00400261, -0.00069873, -0.368873, -0.00738373, -0.331037, 0.951782, -0.781171, -0.506589, 0.327078, -0.0187157, -0.648521, 0, 0, 0, 8, 0, 0, 0, 0.390088, -0.0166316, 0.458642, 0.486385, -0.0157403, 0.742593, 0.996195, -3.71201e-12, -0.0871557, -4.46982e-12, -1, -8.49977e-12, -0.0871557, 8.857e-12, -0.996195, 0
13.96, 2025-07-03__00-41-22.709388, -0.0479165, -0.326675, 0.0280606, -1.70271, -0.0265301, 1.27063, 0.714676, -0.000330638, -0.321964, -0.0150056, -0.0060716, -7.90673e-05, -0.364125, -0.0083942, -0.314086, 1.06537, -0.766481, -0.433361, 0.327162, 0.022225, -0.64541, 0, 0, 0, 8, 0, 0, 0, 0.388401, -0.0166256, 0.459737, 0.486385, -0.0157403, 0.742593, 0.996195, -3.71201e-12, -0.0871557, -4.46982e-12, -1, -8.49977e-12, -0.0871557, 8.857e-12, -0.996195, 0
13.97, 2025-07-03__00-41-22.719385, -0.0479001, -0.329882, 0.0279689, -1.70274, -0.0265193, 1.26718, 0.714566, -0.0032695, -0.307838, -0.0140877, -0.00536972, 0.000721755, -0.340231, -0.0107674, -0.278383, 0.807298, -0.731338, -0.350544, 0.329545, -0.0845935, -0.633402, 0, 0, 0, 8, 0, 0, 0, 0.386756, -0.0166116, 0.460803, 0.486385, -0.0157403, 0.742593, 0.996195, -3.71201e-12, -0.0871557, -4.46982e-12, -1, -8.49977e-12, -0.0871557, 8.857e-12, -0.996195, 0
13.98, 2025-07-03__00-41-22.729388, -0.0479073, -0.332892, 0.0278601, -1.70273, -0.0265216, 1.2638, 0.714454, 0.00064702, -0.301282, -0.0129041, 0.000946939, -0.00106878, -0.342039, -0.011696, -0.349378, 0.98288, -0.826418, -0.485367, 0.329105, -0.0249875, -0.630411, 0, 0, 0, 8, 0, 0, 0, 0.385171, -0.0166114, 0.461792, 0.486385, -0.0157403, 0.742593, 0.996195, -3.71201e-12, -0.0871557, -4.46982e-12, -1, -8.49977e-12, -0.0871557, 8.857e-12, -0.996195, 0
13.99, 2025-07-03__00-41-22.739387, -0.0479205, -0.33588, 0.0277662, -1.7027, -0.0265173, 1.26049, 0.714348, -0.000501168, -0.301378, -0.006478, 0.00288821, -0.000601837, -0.329497, -0.0158676, -0.454708, 1.405, -0.978875, -0.702392, 0.309998, -0.0629883, -0.607836, 0, 0, 0, 8, 0, 0, 0, 0.383612, -0.0166103, 0.462788, 0.486385, -0.0157403, 0.742593, 0.996195, -3.71201e-12, -0.0871557, -4.46982e-12, -1, -8.49977e-12, -0.0871557, 8.857e-12, -0.996195, 0
14, 2025-07-03__00-41-22.749390, -0.0479136, -0.338896, 0.0276643, -1.70271, -0.0265131, 1.25734, 0.714246, 0.000917952, -0.301526, -0.00285932, -0.00741396, -2.30723e-06, -0.3054, -0.00629145, -0.543869, 1.60636, -1.10798, -0.696507, 0.296274, -0.16677, -0.66857, 0, 0, 0, 8, 0, 0, 0, 0.382095, -0.0166052, 0.463785, 0.486385, -0.0157403, 0.742593, 0.996195, -3.71201e-12, -0.0871557, -4.46982e-12, -1, -8.49977e-12, -0.0871557, 8.857e-12, -0.996195, 0
14.01, 2025-07-03__00-41-22.759387, -0.0479094, -0.341822, 0.0275513, -1.70272, -0.0265125, 1.25431, 0.714123, -0.000232101, -0.294174, -0.0127103, -0.00265308, -7.86118e-05, -0.30253, -0.0100757, -0.341931, 1.74078, -0.828437, -0.813155, 0.32165, -0.148864, -0.648367, 0, 0, 0, 8, 0, 0, 0, 0.380633, -0.0166048, 0.464747, 0.486385, -0.0157403, 0.742593, 0.996195, -3.71201e-12, -0.0871557, -4.46982e-12, -1, -8.49977e-12, -0.0871557, 8.857e-12, -0.996195, 0
14.02, 2025-07-03__00-41-22.769386, -0.0479138, -0.344586, 0.0274451, -1.70271, -0.0265144, 1.25127, 0.713962, 0.000100172, -0.270749, -0.010598, 0.000897714, -0.00208846, -0.304525, -0.0170418, -0.355333, 1.03644, -0.860597, -0.520463, 0.336541, -0.0821753, -0.605286, 0, 0, 0, 8, 0, 0, 0, 0.379189, -0.0166083, 0.465654, 0.486385, -0.0157403, 0.742593, 0.996195, -3.71201e-12, -0.0871557, -4.46982e-12, -1, -8.49977e-12, -0.0871557, 8.857e-12, -0.996195, 0
14.03, 2025-07-03__00-41-22.779387, -0.0479168, -0.347218, 0.0273428, -1.7027, -0.0265076, 1.24835, 0.713801, 0.00017959, -0.262045, -0.0101402, -0.00121977, 0.000332047, -0.294316, -0.00949903, -0.358394, 0.897252, -0.871314, -0.437385, 0.321893, -0.0964008, -0.649936, 0, 0, 0, 8, 0, 0, 0, 0.377797, -0.0166105, 0.466508, 0.486385, -0.0157403, 0.742593, 0.996195, -3.71201e-12, -0.0871557, -4.46982e-12, -1, -8.49977e-12, -0.0871557, 8.857e-12, -0.996195, 0
14.04, 2025-07-03__00-41-22.789384, -0.0479115, -0.349877, 0.027265, -1.70269, -0.0265038, 1.24552, 0.713639, 0.000920085, -0.263368, -0.00411377, 0.00270353, 0.000696733, -0.281086, -0.0104138, -0.48421, 1.40583, -1.04883, -0.719329, 0.300175, -0.152558, -0.642321, 0, 0, 0, 8, 0, 0, 0, 0.376434, -0.0165979, 0.467367, 0.486385, -0.0157403, 0.742593, 0.996195, -3.71201e-12, -0.0871557, -4.46982e-12, -1, -8.49977e-12, -0.0871557, 8.857e-12, -0.996195, 0
14.05, 2025-07-03__00-41-22.799386, -0.0479118, -0.352511, 0.0271901, -1.70271, -0.0265041, 1.24262, 0.71345, -0.000832623, -0.257946, -0.00963034, -0.000762549, -0.000802783, -0.288305, -0.0158929, -0.352918, 1.37336, -0.870679, -0.643466, 0.328467, -0.0438362, -0.605787, 0, 0, 0, 8, 0, 0, 0, 0.375047, -0.0165826, 0.468214, 0.486385, -0.0157403, 0.742593, 0.996195, -3.71201e-12, -0.0871557, -4.46982e-12, -1, -8.49977e-12, -0.0871557, 8.857e-12, -0.996195, 0
14.06, 2025-07-03__00-41-22.809387, -0.0479143, -0.35487, 0.0270911, -1.70269, -0.026502, 1.23977, 0.713276, -0.000270698, -0.230725, -0.0107105, 0.00133968, 0.0012761, -0.288416, -0.0183108, -0.311792, 0.352751, -0.825664, -0.195911, 0.325783, 0.0214172, -0.588337, 0, 0, 0, 8, 0, 0, 0, 0.373716, -0.0165871, 0.468973, 0.486385, -0.0157403, 0.742593, 0.996195, -3.71201e-12, -0.0871557, -4.46982e-12, -1, -8.49977e-12, -0.0871557, 8.857e-12, -0.996195, 0
14.07, 2025-07-03__00-41-22.819387, -0.0479174, -0.357227, 0.0269949, -1.70272, -0.0264993, 1.23707, 0.713134, -0.000989493, -0.237933, -0.00809704, -0.0020692, 0.000133781, -0.263117, -0.0107182, -0.352512, 0.88544, -0.886389, -0.421674, 0.32497, -0.0979083, -0.633743, 0, 0, 0, 8, 0, 0, 0, 0.372426, -0.0165879, 0.469699, 0.486385, -0.0157403, 0.742593, 0.996195, -3.71201e-12, -0.0871557, -4.46982e-12, -1, -8.49977e-12, -0.0871557, 8.857e-12, -0.996195, 0
14.08, 2025-07-03__00-41-22.829386, -0.0479163, -0.359575, 0.0269082, -1.70273, -0.0265013, 1.23443, 0.712995, 0.00311962, -0.229862, -0.00977557, 0.000287715, -0.000559319, -0.265787, -0.0185061, -0.36962, 0.820851, -0.906772, -0.404104, 0.32665, -0.0323826, -0.585194, 0, 0, 0, 8, 0, 0, 0, 0.371163, -0.016586, 0.470444, 0.486385, -0.0157403, 0.742593, 0.996195, -3.71201e-12, -0.0871557, -4.46982e-12, -1, -8.49977e-12, -0.0871557, 8.857e-12, -0.996195, 0
14.09, 2025-07-03__00-41-22.839386, -0.0479143, -0.361747, 0.0268289, -1.70269, -0.0264993, 1.23181, 0.712854, 8.81939e-05, -0.219331, -0.00785302, 0.00412952, 7.49987e-05, -0.254718, -0.0167866, -0.350599, 0.625932, -0.892865, -0.366876, 0.325334, -0.0592528, -0.593893, 0, 0, 0, 8, 0, 0, 0, 0.369942, -0.0165807, 0.471135, 0.486385, -0.0157403, 0.742593, 0.996195, -3.71201e-12, -0.0871557, -4.46982e-12, -1, -8.49977e-12, -0.0871557, 8.857e-12, -0.996195, 0
14.1, 2025-07-03__00-41-22.849387, -0.0479137, -0.36396, 0.0267708, -1.70267, -0.0264985, 1.22923, 0.712717, -0.00070998, -0.231425, -0.0078428, 0.000669999, 8.18429e-05, -0.260092, -0.0146169, -0.353684, 1.36552, -0.895734, -0.638653, 0.320588, 0.0292533, -0.604764, 0, 0, 0, 8, 0, 0, 0, 0.368718, -0.0165647, 0.471829, 0.486385, -0.0157403, 0.742593, 0.996195, -3.71201e-12, -0.0871557, -4.46982e-12, -1, -8.49977e-12, -0.0871557, 8.857e-12, -0.996195, 0
14.11, 2025-07-03__00-41-22.859386, -0.0479088, -0.366182, 0.0267159, -1.7027, -0.026494, 1.2268, 0.712584, 0.000293575, -0.210826, -0.00984202, -0.0018193, 0.000256438, -0.23872, -0.0169813, -0.311634, 0.600881, -0.845741, -0.289695, 0.331152, -0.0630718, -0.588291, 0, 0, 0, 8, 0, 0, 0, 0.367537, -0.0165467, 0.472527, 0.486385, -0.0157403, 0.742593, 0.996195, -3.71201e-12, -0.0871557, -4.46982e-12, -1, -8.49977e-12, -0.0871557, 8.857e-12, -0.996195, 0
14.12, 2025-07-03__00-41-22.869394, -0.0479077, -0.368201, 0.0266446, -1.70272, -0.0264938, 1.22443, 0.712467, 4.70335e-05, -0.201593, -0.0120485, -0.00135239, 3.07117e-05, -0.245733, -0.00569046, -0.256757, 0.369359, -0.772972, -0.170086, 0.340114, 0.0359728, -0.655337, 0, 0, 0, 8, 0, 0, 0, 0.366413, -0.0165389, 0.473145, 0.486385, -0.0157403, 0.742593, 0.996195, -3.71201e-12, -0.0871557, -4.46982e-12, -1, -8.49977e-12, -0.0871557, 8.857e-12, -0.996195, 0
14.13, 2025-07-03__00-41-22.879388, -0.0479163, -0.370197, 0.0265747, -1.70272, -0.026491, 1.22207, 0.712348, -0.000437757, -0.197736, -0.0106999, 9.8493e-05, -0.000412539, -0.239148, -0.0119858, -0.267749, 0.422235, -0.794269, -0.209235, 0.340239, 0.0375055, -0.615956, 0, 0, 0, 8, 0, 0, 0, 0.365292, -0.0165361, 0.473759, 0.486385, -0.0157403, 0.742593, 0.996195, -3.71201e-12, -0.0871557, -4.46982e-12, -1, -8.49977e-12, -0.0871557, 8.857e-12, -0.996195, 0
14.14, 2025-07-03__00-41-22.889384, -0.047916, -0.372165, 0.0265114, -1.70271, -0.026491, 1.21978, 0.712228, -0.00126843, -0.201558, -0.00407924, 0.00125932, 7.57125e-05, -0.224218, -0.00829047, -0.376845, 0.851644, -0.957207, -0.425226, 0.319093, -0.0240482, -0.636656, 0, 0, 0, 8, 0, 0, 0, 0.364197, -0.016527, 0.474366, 0.486385, -0.0157403, 0.742593, 0.996195, -3.71201e-12, -0.0871557, -4.46982e-12, -1, -8.49977e-12, -0.0871557, 8.857e-12, -0.996195, 0
14.15, 2025-07-03__00-41-22.899388, -0.0478948, -0.374042, 0.0264458, -1.70268, -0.0264891, 1.21761, 0.712122, 0.00801359, -0.18659, -0.00238553, 0.00287099, 7.91389e-05, -0.218215, -0.00289246, -0.513021, 0.400624, -1.14507, -0.238129, 0.301773, -0.0230825, -0.66706, 0, 0, 0, 8, 0, 0, 0, 0.363158, -0.0165129, 0.474958, 0.486385, -0.0157403, 0.742593, 0.996195, -3.71201e-12, -0.0871557, -4.46982e-12, -1, -8.49977e-12, -0.0871557, 8.857e-12, -0.996195, 0
14.16, 2025-07-03__00-41-22.909386, -0.0478902, -0.37592, 0.0263721, -1.70267, -0.0264817, 1.21563, 0.712004, 0.000615647, -0.182081, -0.00900681, -0.000460821, -0.000555916, -0.194514, -0.0161787, -0.295068, 0.356839, -0.844728, -0.214672, 0.338335, -0.146588, -0.586196, 0, 0, 0, 8, 0, 0, 0, 0.362185, -0.0165086, 0.47555, 0.486385, -0.0157403, 0.742593, 0.996195, -3.71201e-12, -0.0871557, -4.46982e-12, -1, -8.49977e-12, -0.0871557, 8.857e-12, -0.996195, 0
14.17, 2025-07-03__00-41-22.919382, -0.0479016, -0.377822, 0.0262975, -1.7027, -0.0264844, 1.21369, 0.711893, -0.0007292, -0.182302, -0.00717036, -0.00525307, -0.000362756, -0.198491, -0.0155389, -0.307704, 0.521204, -0.870584, -0.217745, 0.334965, -0.0804084, -0.589365, 0, 0, 0, 8, 0, 0, 0, 0.36122, -0.0165103, 0.476138, 0.486385, -0.0157403, 0.742593, 0.996195, -3.71201e-12, -0.0871557, -4.46982e-12, -1, -8.49977e-12, -0.0871557, 8.857e-12, -0.996195, 0
14.18, 2025-07-03__00-41-22.929385, -0.04791, -0.379546, 0.026227, -1.7027, -0.0264814, 1.21177, 0.711834, -0.00148565, -0.168048, -0.0101268, 0.00165651, -0.000229184, -0.195917, -0.00548972, -0.230437, 0.190214, -0.764604, -0.14823, 0.344201, -0.0701329, -0.651941, 0, 0, 0, 8, 0, 0, 0, 0.360286, -0.0165095, 0.476663, 0.486385, -0.0157403, 0.742593, 0.996195, -3.71201e-12, -0.0871557, -4.46982e-12, -1, -8.49977e-12, -0.0871557, 8.857e-12, -0.996195, 0
14.19, 2025-07-03__00-41-22.939385, -0.0478994, -0.381207, 0.0261582, -1.70272, -0.0264809, 1.20996, 0.711775, 0.000737091, -0.165609, -0.00930491, -0.00144362, 2.70398e-05, -0.175034, -0.00825346, -0.270903, 0.215637, -0.823296, -0.147054, 0.33734, -0.174981, -0.636244, 0, 0, 0, 8, 0, 0, 0, 0.359395, -0.0165059, 0.477168, 0.486385, -0.0157403, 0.742593, 0.996195, -3.71201e-12, -0.0871557, -4.46982e-12, -1, -8.49977e-12, -0.0871557, 8.857e-12, -0.996195, 0
14.2, 2025-07-03__00-41-22.949385, -0.0478934, -0.382871, 0.0260877, -1.70272, -0.0264771, 1.2082, 0.711697, -0.0023613, -0.164299, -0.0095043, 3.39845e-05, 0.00214419, -0.17415, -0.0075958, -0.229193, 0.399854, -0.769034, -0.2428, 0.327934, -0.153527, -0.640501, 0, 0, 0, 8, 0, 0, 0, 0.358534, -0.0165052, 0.477679, 0.486385, -0.0157403, 0.742593, 0.996195, -3.71201e-12, -0.0871557, -4.46982e-12, -1, -8.49977e-12, -0.0871557, 8.857e-12, -0.996195, 0
14.21, 2025-07-03__00-41-22.959388, -0.047901, -0.384486, 0.0260094, -1.7027, -0.0264768, 1.20638, 0.711624, -0.00011552, -0.165237, -0.0121637, 0.00281008, -7.72907e-05, -0.180351, -0.00572907, -0.207958, 0.690779, -0.731432, -0.388951, 0.341277, -0.0817648, -0.652541, 0, 0, 0, 8, 0, 0, 0, 0.357657, -0.0165083, 0.478177, 0.486385, -0.0157403, 0.742593, 0.996195, -3.71201e-12, -0.0871557, -4.46982e-12, -1, -8.49977e-12, -0.0871557, 8.857e-12, -0.996195, 0
14.22, 2025-07-03__00-41-22.969384, -0.0478958, -0.386114, 0.0259292, -1.70267, -0.0264765, 1.2045, 0.711547, 0.00213841, -0.158511, -0.00429544, 0.00291628, 0.000406721, -0.182439, -0.00905399, -0.360488, 0.568545, -0.961972, -0.318841, 0.315868, -0.0299717, -0.631901, 0, 0, 0, 8, 0, 0, 0, 0.356758, -0.0165126, 0.47868, 0.486385, -0.0157403, 0.742593, 0.996195, -3.71201e-12, -0.0871557, -4.46982e-12, -1, -8.49977e-12, -0.0871557, 8.857e-12, -0.996195, 0
14.23, 2025-07-03__00-41-22.979386, -0.0478904, -0.387608, 0.0258425, -1.70267, -0.0264727, 1.20277, 0.711481, 0.00155126, -0.144253, -0.0110574, 0.000541844, 0.000181563, -0.168503, -0.00582591, -0.2183, -0.00480927, -0.759237, -0.0518289, 0.340572, -0.0828277, -0.652703, 0, 0, 0, 8, 0, 0, 0, 0.355915, -0.016514, 0.479136, 0.486385, -0.0157403, 0.742593, 0.996195, -3.71201e-12, -0.0871557, -4.46982e-12, -1, -8.49977e-12, -0.0871557, 8.857e-12, -0.996195, 0
14.24, 2025-07-03__00-41-22.989386, -0.0478874, -0.389174, 0.0257635, -1.70269, -0.02647, 1.20112, 0.711413, 0.000571468, -0.157436, -0.00415579, -0.00151348, -0.000177391, -0.163245, -0.0108429, -0.333335, 0.783492, -0.931322, -0.378606, 0.321357, -0.0903365, -0.62276, 0, 0, 0, 8, 0, 0, 0, 0.355098, -0.0165136, 0.479601, 0.486385, -0.0157403, 0.742593, 0.996195, -3.71201e-12, -0.0871557, -4.46982e-12, -1, -8.49977e-12, -0.0871557, 8.857e-12, -0.996195, 0
14.25, 2025-07-03__00-41-22.999377, -0.0478951, -0.390708, 0.0256898, -1.70271, -0.0264716, 1.19949, 0.711337, 0.000401344, -0.14449, -0.00545932, -0.000963406, -0.00011322, -0.166414, -0.0105862, -0.292448, 0.369839, -0.879032, -0.188746, 0.328194, -0.0369212, -0.624579, 0, 0, 0, 8, 0, 0, 0, 0.354286, -0.0165198, 0.48007, 0.486385, -0.0157403, 0.742593, 0.996195, -3.71201e-12, -0.0871557, -4.46982e-12, -1, -8.49977e-12, -0.0871557, 8.857e-12, -0.996195, 0
14.26, 2025-07-03__00-41-23.009385, -0.0478895, -0.39205, 0.0256197, -1.70268, -0.0264705, 1.19787, 0.71126, 0.00113838, -0.131162, -0.00664369, 0.0027748, -0.0004162, -0.156507, -0.00636361, -0.264462, -0.0452882, -0.842466, -0.0550903, 0.334954, -0.0743747, -0.649755, 0, 0, 0, 8, 0, 0, 0, 0.353519, -0.0165229, 0.480475, 0.486385, -0.0157403, 0.742593, 0.996195, -3.71201e-12, -0.0871557, -4.46982e-12, -1, -8.49977e-12, -0.0871557, 8.857e-12, -0.996195, 0
14.27, 2025-07-03__00-41-23.019385, -0.0478851, -0.393438, 0.0255522, -1.7027, -0.0264681, 1.19636, 0.711159, -0.00230909, -0.143051, -0.0061873, -0.00329638, -0.000124442, -0.145231, -0.0144221, -0.239645, 0.551922, -0.810026, -0.262819, 0.334474, -0.115809, -0.599581, 0, 0, 0, 8, 0, 0, 0, 0.352774, -0.0165221, 0.480886, 0.486385, -0.0157403, 0.742593, 0.996195, -3.71201e-12, -0.0871557, -4.46982e-12, -1, -8.49977e-12, -0.0871557, 8.857e-12, -0.996195, 0
14.28, 2025-07-03__00-41-23.029384, -0.0478916, -0.394878, 0.0254721, -1.70275, -0.0264685, 1.19485, 0.711072, -0.000902856, -0.139421, -0.00807236, -0.00473485, -7.59768e-05, -0.151192, -0.00102678, -0.217703, 0.520773, -0.776736, -0.216935, 0.336291, -0.0435264, -0.680297, 0, 0, 0, 8, 0, 0, 0, 0.352015, -0.0165262, 0.481302, 0.486385, -0.0157403, 0.742593, 0.996195, -3.71201e-12, -0.0871557, -4.46982e-12, -1, -8.49977e-12, -0.0871557, 8.857e-12, -0.996195, 0
14.29, 2025-07-03__00-41-23.039385, -0.0478979, -0.39608, 0.0253908, -1.70275, -0.0264712, 1.19339, 0.710954, -0.000481363, -0.119409, -0.00790943, 0.00204661, 2.3631e-05, -0.144361, -0.00941112, -0.201293, -0.172065, -0.760909, 0.0105583, 0.340199, -0.064759, -0.627281, 0, 0, 0, 8, 0, 0, 0, 0.351313, -0.0165378, 0.481658, 0.486385, -0.0157403, 0.742593, 0.996195, -3.71201e-12, -0.0871557, -4.46982e-12, -1, -8.49977e-12, -0.0871557, 8.857e-12, -0.996195, 0
14.3, 2025-07-03__00-41-23.049387, -0.0478947, -0.397304, 0.0253155, -1.70271, -0.0264657, 1.19193, 0.710841, -0.00409865, -0.13252, -0.00673693, 0.00192172, -1.32652e-05, -0.144287, -0.0094785, -0.185969, 0.574832, -0.74017, -0.31621, 0.337363, -0.0382168, -0.624638, 0, 0, 0, 8, 0, 0, 0, 0.350611, -0.0165432, 0.482026, 0.486385, -0.0157403, 0.742593, 0.996195, -3.71201e-12, -0.0871557, -4.46982e-12, -1, -8.49977e-12, -0.0871557, 8.857e-12, -0.996195, 0
14.31, 2025-07-03__00-41-23.059385, -0.0478862, -0.398638, 0.0252556, -1.70271, -0.0264652, 1.19059, 0.710739, 0.000976648, -0.13367, -0.00317995, -0.0011745, -0.00209635, -0.129986, -0.00451865, -0.305162, 0.765209, -0.911296, -0.378991, 0.332695, -0.111772, -0.652277, 0, 0, 0, 8, 0, 0, 0, 0.349933, -0.0165447, 0.482433, 0.486385, -0.0157403, 0.742593, 0.996195, -3.71201e-12, -0.0871557, -4.46982e-12, -1, -8.49977e-12, -0.0871557, 8.857e-12, -0.996195, 0
14.32, 2025-07-03__00-41-23.069385, -0.0478869, -0.399783, 0.0251842, -1.7027, -0.0264657, 1.18936, 0.710654, 0.00272184, -0.116359, -0.00483651, 0.00156526, 0.00525851, -0.125979, -0.00751706, -0.292499, 0.153845, -0.893524, -0.140586, 0.290396, -0.118164, -0.633243, 0, 0, 0, 8, 0, 0, 0, 0.349323, -0.0165503, 0.48278, 0.486385, -0.0157403, 0.742593, 0.996195, -3.71201e-12, -0.0871557, -4.46982e-12, -1, -8.49977e-12, -0.0871557, 8.857e-12, -0.996195, 0
14.33, 2025-07-03__00-41-23.079387, -0.0478916, -0.400964, 0.0251077, -1.70269, -0.0264631, 1.1881, 0.710541, -0.00135417, -0.124336, -0.00719196, 0.00267305, 0.000497662, -0.127192, -0.00770504, -0.199832, 0.69796, -0.758842, -0.391783, 0.330263, -0.0909596, -0.630301, 0, 0, 0, 8, 0, 0, 0, 0.348706, -0.0165561, 0.483137, 0.486385, -0.0157403, 0.742593, 0.996195, -3.71201e-12, -0.0871557, -4.46982e-12, -1, -8.49977e-12, -0.0871557, 8.857e-12, -0.996195, 0
14.34, 2025-07-03__00-41-23.089383, -0.0478937, -0.402158, 0.0250479, -1.7027, -0.0264606, 1.18684, 0.710435, 0.00121837, -0.118798, -0.00295293, 0.000630129, 0.000414087, -0.120363, -0.010192, -0.293005, 0.552308, -0.901221, -0.30503, 0.317925, -0.111263, -0.612415, 0, 0, 0, 8, 0, 0, 0, 0.348074, -0.0165595, 0.483496, 0.486385, -0.0157403, 0.742593, 0.996195, -3.71201e-12, -0.0871557, -4.46982e-12, -1, -8.49977e-12, -0.0871557, 8.857e-12, -0.996195, 0
14.35, 2025-07-03__00-41-23.099386, -0.047892, -0.403209, 0.0250057, -1.7027, -0.0264616, 1.18552, 0.710316, 0.000607465, -0.104615, -0.00692515, 0.000672954, -0.00013832, -0.127955, -0.00146424, -0.20109, -0.0404096, -0.770297, -0.0240386, 0.337658, -0.0251056, -0.661286, 0, 0, 0, 8, 0, 0, 0, 0.347447, -0.0165577, 0.483798, 0.486385, -0.0157403, 0.742593, 0.996195, -3.71201e-12, -0.0871557, -4.46982e-12, -1, -8.49977e-12, -0.0871557, 8.857e-12, -0.996195, 0
14.36, 2025-07-03__00-41-23.109386, -0.047893, -0.404198, 0.0249588, -1.70271, -0.0264594, 1.18428, 0.710187, -0.000761725, -0.100858, -0.00362838, -0.00448993, 0.00018057, -0.122809, -0.0118591, -0.231197, -0.247875, -0.826819, 0.129527, 0.333243, -0.0217536, -0.593666, 0, 0, 0, 8, 0, 0, 0, 0.346855, -0.0165523, 0.48408, 0.486385, -0.0157403, 0.742593, 0.996195, -3.71201e-12, -0.0871557, -4.46982e-12, -1, -8.49977e-12, -0.0871557, 8.857e-12, -0.996195, 0
14.37, 2025-07-03__00-41-23.119385, -0.0478894, -0.405254, 0.0249081, -1.70274, -0.0264649, 1.18313, 0.710068, 0.00606944, -0.101255, -0.00444418, -0.00254317, -0.000189948, -0.115877, -0.0094587, -0.301669, -0.0625806, -0.915307, 0.0196402, 0.323613, -0.0500407, -0.604542, 0, 0, 0, 8, 0, 0, 0, 0.346278, -0.0165539, 0.484379, 0.486385, -0.0157403, 0.742593, 0.996195, -3.71201e-12, -0.0871557, -4.46982e-12, -1, -8.49977e-12, -0.0871557, 8.857e-12, -0.996195, 0
14.38, 2025-07-03__00-41-23.129385, -0.0478861, -0.406195, 0.0248422, -1.70273, -0.0264596, 1.18201, 0.709963, 0.000683791, -0.0931446, -0.00139405, -0.000706063, 0.000227036, -0.112886, -0.0175268, -0.273691, -0.316319, -0.892875, 0.112562, 0.325749, -0.0479461, -0.552936, 0, 0, 0, 8, 0, 0, 0, 0.345734, -0.0165571, 0.484659, 0.486385, -0.0157403, 0.742593, 0.996195, -3.71201e-12, -0.0871557, -4.46982e-12, -1, -8.49977e-12, -0.0871557, 8.857e-12, -0.996195, 0
14.39, 2025-07-03__00-41-23.139383, -0.0478918, -0.407144, 0.0247712, -1.70272, -0.0264612, 1.18101, 0.709874, -0.000130715, -0.0956144, -0.00737204, 0.000111359, -0.00458456, -0.093131, -0.0100767, -0.157943, -0.0624368, -0.714509, -0.0402584, 0.371952, -0.168527, -0.597627, 0, 0, 0, 8, 0, 0, 0, 0.345234, -0.0165703, 0.484939, 0.486385, -0.0157403, 0.742593, 0.996195, -3.71201e-12, -0.0871557, -4.46982e-12, -1, -8.49977e-12, -0.0871557, 8.857e-12, -0.996195, 0
14.4, 2025-07-03__00-41-23.149385, -0.0478862, -0.408094, 0.0247152, -1.70273, -0.026463, 1.18011, 0.709812, 0.000962629, -0.0946316, -0.00431672, 0.000228461, -0.000586465, -0.0900526, -0.0133776, -0.226551, 0.0443431, -0.817539, -0.0898557, 0.335526, -0.177099, -0.57695, 0, 0, 0, 8, 0, 0, 0, 0.344762, -0.0165773, 0.485217, 0.486385, -0.0157403, 0.742593, 0.996195, -3.71201e-12, -0.0871557, -4.46982e-12, -1, -8.49977e-12, -0.0871557, 8.857e-12, -0.996195, 0
14.41, 2025-07-03__00-41-23.159387, -0.047893, -0.409029, 0.0246896, -1.70272, -0.0264577, 1.17916, 0.709776, 0.00181595, -0.0956407, -0.00308932, 0.00147336, 0.000445418, -0.0997863, -0.00247645, -0.258974, 0.252246, -0.865414, -0.178284, 0.321337, -0.097484, -0.642643, 0, 0, 0, 8, 0, 0, 0, 0.344289, -0.01657, 0.485503, 0.486385, -0.0157403, 0.742593, 0.996195, -3.71201e-12, -0.0871557, -4.46982e-12, -1, -8.49977e-12, -0.0871557, 8.857e-12, -0.996195, 0
14.42, 2025-07-03__00-41-23.169382, -0.0478862, -0.409944, 0.0246517, -1.70271, -0.0264575, 1.17825, 0.709744, -0.000832356, -0.0914041, -0.00257208, 0.00145517, 0.000257104, -0.0916283, -0.00421166, -0.230275, 0.184873, -0.831854, -0.157783, 0.327292, -0.13912, -0.632704, 0, 0, 0, 8, 0, 0, 0, 0.343819, -0.0165645, 0.485782, 0.486385, -0.0157403, 0.742593, 0.996195, -3.71201e-12, -0.0871557, -4.46982e-12, -1, -8.49977e-12, -0.0871557, 8.857e-12, -0.996195, 0
14.43, 2025-07-03__00-41-23.179382, -0.047883, -0.410807, 0.0245949, -1.70271, -0.0264564, 1.17743, 0.709648, -0.00050516, -0.0902957, -0.0049144, -0.000952211, -0.00027237, -0.0851789, -0.00524728, -0.192741, 0.212985, -0.773123, -0.150703, 0.336837, -0.167883, -0.624209, 0, 0, 0, 8, 0, 0, 0, 0.343397, -0.0165712, 0.486037, 0.486385, -0.0157403, 0.742593, 0.996195, -3.71201e-12, -0.0871557, -4.46982e-12, -1, -8.49977e-12, -0.0871557, 8.857e-12, -0.996195, 0
14.44, 2025-07-03__00-41-23.189383, -0.04789, -0.411731, 0.024554, -1.7027, -0.0264559, 1.17654, 0.709545, 0.000770491, -0.0926686, -0.006211, 0.0012419, -1.08994e-05, -0.0892491, -0.0104619, -0.190989, 0.513258, -0.763145, -0.301877, 0.333265, -0.131203, -0.589686, 0, 0, 0, 8, 0, 0, 0, 0.342943, -0.0165727, 0.486311, 0.486385, -0.0157403, 0.742593, 0.996195, -3.71201e-12, -0.0871557, -4.46982e-12, -1, -8.49977e-12, -0.0871557, 8.857e-12, -0.996195, 0
14.45, 2025-07-03__00-41-23.199384, -0.0478852, -0.41258, 0.0245075, -1.70269, -0.0264592, 1.17556, 0.709455, 0.000936364, -0.0854593, -0.00153312, 0.000448437, 8.14164e-05, -0.0992423, -0.014008, -0.258171, 0.250515, -0.874637, -0.152608, 0.323547, -0.0399584, -0.565052, 0, 0, 0, 8, 0, 0, 0, 0.342468, -0.0165735, 0.48657, 0.486385, -0.0157403, 0.742593, 0.996195, -3.71201e-12, -0.0871557, -4.46982e-12, -1, -8.49977e-12, -0.0871557, 8.857e-12, -0.996195, 0
14.46, 2025-07-03__00-41-23.209388, -0.0478798, -0.413359, 0.0244723, -1.70269, -0.0264548, 1.17466, 0.709369, -0.000684429, -0.0738799, -0.0073248, -0.00259301, 5.28335e-05, -0.0927695, -0.00911275, -0.131051, -0.287408, -0.687503, 0.11388, 0.346641, -0.0584184, -0.592153, 0, 0, 0, 8, 0, 0, 0, 0.342022, -0.0165668, 0.486793, 0.486385, -0.0157403, 0.742593, 0.996195, -3.71201e-12, -0.0871557, -4.46982e-12, -1, -8.49977e-12, -0.0871557, 8.857e-12, -0.996195, 0
14.47, 2025-07-03__00-41-23.219383, -0.0478795, -0.414172, 0.0244533, -1.7027, -0.0264545, 1.17383, 0.709343, 0.000592944, -0.0880864, -0.00348762, -0.00183982, -0.000124061, -0.0839817, -0.00227696, -0.223741, 0.514346, -0.821796, -0.260922, 0.328497, -0.108533, -0.633645, 0, 0, 0, 8, 0, 0, 0, 0.341602, -0.0165609, 0.487025, 0.486385, -0.0157403, 0.742593, 0.996195, -3.71201e-12, -0.0871557, -4.46982e-12, -1, -8.49977e-12, -0.0871557, 8.857e-12, -0.996195, 0
14.48, 2025-07-03__00-41-23.229388, -0.0478795, -0.414942, 0.0244304, -1.7027, -0.0264545, 1.17302, 0.709296, 0.000574161, -0.072073, -0.000821917, 0.00184706, 5.63214e-05, -0.0772604, -0.00655563, -0.250373, -0.0615472, -0.873724, -0.0524786, 0.325954, -0.143888, -0.606586, 0, 0, 0, 8, 0, 0, 0, 0.341189, -0.0165555, 0.48725, 0.486385, -0.0157403, 0.742593, 0.996195, -3.71201e-12, -0.0871557, -4.46982e-12, -1, -8.49977e-12, -0.0871557, 8.857e-12, -0.996195, 0
14.49, 2025-07-03__00-41-23.239386, -0.0478792, -0.415628, 0.0243916, -1.7027, -0.026453, 1.17225, 0.709228, -0.000788354, -0.0671772, -0.00623135, -0.00189486, -0.000443471, -0.081077, -0.00295119, -0.138398, -0.303879, -0.705485, 0.105632, 0.347822, -0.0948908, -0.626834, 0, 0, 0, 8, 0, 0, 0, 0.340812, -0.0165591, 0.487456, 0.486385, -0.0157403, 0.742593, 0.996195, -3.71201e-12, -0.0871557, -4.46982e-12, -1, -8.49977e-12, -0.0871557, 8.857e-12, -0.996195, 0
14.5, 2025-07-03__00-41-23.249386, -0.0478851, -0.416339, 0.0243697, -1.70271, -0.0264508, 1.17159, 0.709135, -0.0055205, -0.0707795, -0.00237721, -0.00173775, 0.000146728, -0.0639321, -0.00699691, -0.149556, -0.0193065, -0.735504, -0.046603, 0.341606, -0.204582, -0.599442, 0, 0, 0, 8, 0, 0, 0, 0.340461, -0.0165549, 0.487657, 0.486385, -0.0157403, 0.742593, 0.996195, -3.71201e-12, -0.0871557, -4.46982e-12, -1, -8.49977e-12, -0.0871557, 8.857e-12, -0.996195, 0
14.51, 2025-07-03__00-41-23.259390, -0.0478772, -0.416989, 0.0243412, -1.70272, -0.0264521, 1.17099, 0.709064, 0.00124482, -0.0674008, -0.00387218, -0.000993057, -0.000170031, -0.0567232, -0.00211796, -0.203502, -0.0555357, -0.801069, -0.0476301, 0.335745, -0.246973, -0.626552, 0, 0, 0, 8, 0, 0, 0, 0.340145, -0.0165536, 0.487849, 0.486385, -0.0157403, 0.742593, 0.996195, -3.71201e-12, -0.0871557, -4.46982e-12, -1, -8.49977e-12, -0.0871557, 8.857e-12, -0.996195, 0
14.52, 2025-07-03__00-41-23.269385, -0.0478787, -0.417614, 0.0243153, -1.7027, -0.02645, 1.17033, 0.708987, -1.91886e-05, -0.0617416, -0.00456695, 0.00235103, 0.000130141, -0.0722059, -0.0087353, -0.17194, -0.170802, -0.756521, -0.00968347, 0.33828, -0.133521, -0.583618, 0, 0, 0, 8, 0, 0, 0, 0.339823, -0.0165492, 0.488041, 0.486385, -0.0157403, 0.742593, 0.996195, -3.71201e-12, -0.0871557, -4.46982e-12, -1, -8.49977e-12, -0.0871557, 8.857e-12, -0.996195, 0
14.53, 2025-07-03__00-41-23.279383, -0.0478745, -0.418249, 0.0242857, -1.70269, -0.0264494, 1.16963, 0.708913, 0.000795271, -0.0609426, -0.00207569, -0.000884789, 7.52177e-05, -0.0675082, -0.0154412, -0.21933, -0.195906, -0.831649, 0.0367454, 0.332282, -0.147354, -0.540313, 0, 0, 0, 8, 0, 0, 0, 0.339474, -0.0165501, 0.488227, 0.486385, -0.0157403, 0.742593, 0.996195, -3.71201e-12, -0.0871557, -4.46982e-12, -1, -8.49977e-12, -0.0871557, 8.857e-12, -0.996195, 0
14.54, 2025-07-03__00-41-23.289384, -0.0478837, -0.418841, 0.0242589, -1.7027, -0.0264507, 1.16894, 0.708881, -0.000257683, -0.0590588, -0.000942626, -0.00137304, -0.000219885, -0.073203, -0.00161787, -0.219088, -0.23991, -0.838164, 0.0745975, 0.333259, -0.092066, -0.623769, 0, 0, 0, 8, 0, 0, 0, 0.339136, -0.0165491, 0.48839, 0.486385, -0.0157403, 0.742593, 0.996195, -3.71201e-12, -0.0871557, -4.46982e-12, -1, -8.49977e-12, -0.0871557, 8.857e-12, -0.996195, 0
14.55, 2025-07-03__00-41-23.299386, -0.0478766, -0.41948, 0.0242255, -1.70273, -0.0264497, 1.16826, 0.70886, 0.00179722, -0.0609551, -0.00139601, -0.00296999, 0.000176107, -0.0668784, -0.0042054, -0.237832, -0.111609, -0.861306, 0.0296962, 0.327058, -0.119346, -0.608373, 0, 0, 0, 8, 0, 0, 0, 0.338788, -0.0165494, 0.488558, 0.486385, -0.0157403, 0.742593, 0.996195, -3.71201e-12, -0.0871557, -4.46982e-12, -1, -8.49977e-12, -0.0871557, 8.857e-12, -0.996195, 0
14.56, 2025-07-03__00-41-23.309386, -0.0478785, -0.420081, 0.0241928, -1.70273, -0.0264462, 1.16756, 0.708794, -2.09561e-05, -0.0555533, -0.00628515, 0.00133407, 0.000118942, -0.0692883, -0.00472613, -0.132164, -0.223592, -0.699578, 0.0332082, 0.343016, -0.0933809, -0.603579, 0, 0, 0, 8, 0, 0, 0, 0.338446, -0.0165507, 0.488737, 0.486385, -0.0157403, 0.742593, 0.996195, -3.71201e-12, -0.0871557, -4.46982e-12, -1, -8.49977e-12, -0.0871557, 8.857e-12, -0.996195, 0
14.57, 2025-07-03__00-41-23.319384, -0.0478864, -0.420619, 0.0241619, -1.70271, -0.0264506, 1.16682, 0.708701, -0.00127795, -0.0551427, -0.00202311, 0.000979987, -2.33286e-05, -0.0652064, -0.00899743, -0.181949, -0.214828, -0.784966, 0.0333052, 0.336064, -0.102436, -0.574337, 0, 0, 0, 8, 0, 0, 0, 0.338103, -0.016552, 0.488891, 0.486385, -0.0157403, 0.742593, 0.996195, -3.71201e-12, -0.0871557, -4.46982e-12, -1, -8.49977e-12, -0.0871557, 8.857e-12, -0.996195, 0
14.58, 2025-07-03__00-41-23.329384, -0.0478763, -0.421196, 0.0241395, -1.7027, -0.0264468, 1.16605, 0.708616, 0.000802231, -0.0568483, -0.00281934, 0.00151694, 0.000203199, -0.0728971, -0.00494131, -0.194875, -0.0857752, -0.797375, -0.0145849, 0.331072, -0.0314036, -0.59499, 0, 0, 0, 8, 0, 0, 0, 0.337744, -0.0165474, 0.489049, 0.486385, -0.0157403, 0.742593, 0.996195, -3.71201e-12, -0.0871557, -4.46982e-12, -1, -8.49977e-12, -0.0871557, 8.857e-12, -0.996195, 0
14.59, 2025-07-03__00-41-23.339385, -0.0478762, -0.42179, 0.0241108, -1.70272, -0.0264503, 1.16534, 0.708536, 0.000409731, -0.0576942, -0.00194047, -0.00164779, -0.000308464, -0.0724031, -0.00803266, -0.202127, -0.0639753, -0.811986, 0.0163185, 0.333598, -0.0129937, -0.573414, 0, 0, 0, 8, 0, 0, 0, 0.337396, -0.0165408, 0.489213, 0.486385, -0.0157403, 0.742593, 0.996195, -3.71201e-12, -0.0871557, -4.46982e-12, -1, -8.49977e-12, -0.0871557, 8.857e-12, -0.996195, 0
14.6, 2025-07-03__00-41-23.349384, -0.0478791, -0.422342, 0.0240828, -1.70272, -0.0264467, 1.1647, 0.708481, 0.000708997, -0.0586733, -0.00334621, 0.000197453, 0.000292033, -0.0689643, -0.00484473, -0.184516, 0.0760487, -0.781255, -0.070895, 0.330808, -0.0260195, -0.591306, 0, 0, 0, 8, 0, 0, 0, 0.337076, -0.0165452, 0.489368, 0.486385, -0.0157403, 0.742593, 0.996195, -3.71201e-12, -0.0871557, -4.46982e-12, -1, -8.49977e-12, -0.0871557, 8.857e-12, -0.996195, 0
14.61, 2025-07-03__00-41-23.359384, -0.0478786, -0.422885, 0.0240462, -1.70271, -0.0264453, 1.1641, 0.708452, 0.00077423, -0.0568676, -0.00649055, 7.95922e-05, 0.000344019, -0.055904, -0.00412658, -0.132606, 0.0517419, -0.698988, -0.0780594, 0.338528, -0.103943, -0.596111, 0, 0, 0, 8, 0, 0, 0, 0.336781, -0.0165457, 0.489531, 0.486385, -0.0157403, 0.742593, 0.996195, -3.71201e-12, -0.0871557, -4.46982e-12, -1, -8.49977e-12, -0.0871557, 8.857e-12, -0.996195, 0
14.62, 2025-07-03__00-41-23.369385, -0.0478809, -0.423413, 0.0240176, -1.7027, -0.0264495, 1.16351, 0.708407, 0.000284916, -0.0506512, -0.000496224, 0.000117436, -2.26435e-05, -0.0550033, -0.00730915, -0.212614, -0.173493, -0.834914, 0.0263877, 0.329423, -0.0982769, -0.575547, 0, 0, 0, 8, 0, 0, 0, 0.336486, -0.0165464, 0.489677, 0.486385, -0.0157403, 0.742593, 0.996195, -3.71201e-12, -0.0871557, -4.46982e-12, -1, -8.49977e-12, -0.0871557, 8.857e-12, -0.996195, 0
14.63, 2025-07-03__00-41-23.379385, -0.0478797, -0.423933, 0.0239927, -1.70271, -0.0264471, 1.16291, 0.708343, 7.03733e-05, -0.0512366, -0.00588457, 0.000250717, 0.000246831, -0.0599127, -0.00619202, -0.125377, -0.0997166, -0.694075, -0.000639619, 0.340442, -0.0510979, -0.580302, 0, 0, 0, 8, 0, 0, 0, 0.336194, -0.0165479, 0.489826, 0.486385, -0.0157403, 0.742593, 0.996195, -3.71201e-12, -0.0871557, -4.46982e-12, -1, -8.49977e-12, -0.0871557, 8.857e-12, -0.996195, 0
14.64, 2025-07-03__00-41-23.389384, -0.047876, -0.424449, 0.0239708, -1.70271, -0.0264463, 1.16231, 0.708289, 0.000199639, -0.0488876, -0.00222698, -0.000443749, 1.29785e-05, -0.0598745, -0.0070764, -0.180316, -0.16994, -0.784893, 0.0437054, 0.333589, -0.0372675, -0.572786, 0, 0, 0, 8, 0, 0, 0, 0.335898, -0.0165429, 0.489969, 0.486385, -0.0157403, 0.742593, 0.996195, -3.71201e-12, -0.0871557, -4.46982e-12, -1, -8.49977e-12, -0.0871557, 8.857e-12, -0.996195, 0
14.65, 2025-07-03__00-41-23.399386, -0.0478779, -0.424922, 0.0239545, -1.70271, -0.0264452, 1.16177, 0.708243, -0.00047052, -0.0514823, -0.00218197, 0.000552715, 0.000231107, -0.0554953, 0.000259854, -0.175772, 0.022822, -0.778015, -0.0584103, 0.33127, -0.0581447, -0.615905, 0, 0, 0, 8, 0, 0, 0, 0.335627, -0.0165395, 0.490105, 0.486385, -0.0157403, 0.742593, 0.996195, -3.71201e-12, -0.0871557, -4.46982e-12, -1, -8.49977e-12, -0.0871557, 8.857e-12, -0.996195, 0
14.66, 2025-07-03__00-41-23.409384, -0.0478805, -0.425373, 0.0239265, -1.7027, -0.026446, 1.16129, 0.70817, 0.00177432, -0.0427819, -0.0017102, 0.000141866, -9.35468e-05, -0.0460265, -0.00450746, -0.19911, -0.333797, -0.814341, 0.0935776, 0.332186, -0.113229, -0.584467, 0, 0, 0, 8, 0, 0, 0, 0.335385, -0.0165416, 0.490235, 0.486385, -0.0157403, 0.742593, 0.996195, -3.71201e-12, -0.0871557, -4.46982e-12, -1, -8.49977e-12, -0.0871557, 8.857e-12, -0.996195, 0
14.67, 2025-07-03__00-41-23.419383, -0.0478763, -0.42584, 0.0239012, -1.7027, -0.0264452, 1.16084, 0.708091, 8.98334e-05, -0.0419201, 0.00123001, 0.000959859, -0.000943814, -0.050737, -0.00762942, -0.222737, -0.28756, -0.858447, 0.0735308, 0.333523, -0.0752442, -0.56232, 0, 0, 0, 8, 0, 0, 0, 0.335149, -0.0165467, 0.490375, 0.486385, -0.0157403, 0.742593, 0.996195, -3.71201e-12, -0.0871557, -4.46982e-12, -1, -8.49977e-12, -0.0871557, 8.857e-12, -0.996195, 0
14.68, 2025-07-03__00-41-23.429387, -0.0478787, -0.426274, 0.0238773, -1.7027, -0.0264452, 1.16037, 0.708035, -0.00338545, -0.0416813, -0.000326369, -0.000621336, 0.000241788, -0.0490163, -0.00775927, -0.158375, -0.285079, -0.766311, 0.088457, 0.336322, -0.0751799, -0.560085, 0, 0, 0, 8, 0, 0, 0, 0.334918, -0.0165442, 0.490498, 0.486385, -0.0157403, 0.742593, 0.996195, -3.71201e-12, -0.0871557, -4.46982e-12, -1, -8.49977e-12, -0.0871557, 8.857e-12, -0.996195, 0
14.69, 2025-07-03__00-41-23.439385, -0.047879, -0.426699, 0.0238664, -1.70271, -0.026446, 1.15989, 0.707985, -0.00163451, -0.0396554, 0.000582183, -0.00184636, 0.00013908, -0.0456111, -0.00551201, -0.190309, -0.36102, -0.814602, 0.134665, 0.332617, -0.0862743, -0.57165, 0, 0, 0, 8, 0, 0, 0, 0.33468, -0.0165412, 0.490618, 0.486385, -0.0157403, 0.742593, 0.996195, -3.71201e-12, -0.0871557, -4.46982e-12, -1, -8.49977e-12, -0.0871557, 8.857e-12, -0.996195, 0
14.7, 2025-07-03__00-41-23.449383, -0.0478786, -0.427064, 0.0238561, -1.7027, -0.0264462, 1.15942, 0.707954, 0.000411593, -0.0358859, -0.00265555, 0.00158622, 0.000211882, -0.0378066, -0.00835697, -0.160797, -0.438787, -0.76077, 0.118305, 0.336654, -0.133776, -0.55364, 0, 0, 0, 8, 0, 0, 0, 0.334455, -0.0165415, 0.490718, 0.486385, -0.0157403, 0.742593, 0.996195, -3.71201e-12, -0.0871557, -4.46982e-12, -1, -8.49977e-12, -0.0871557, 8.857e-12, -0.996195, 0
14.71, 2025-07-03__00-41-23.459387, -0.0478727, -0.427436, 0.023845, -1.7027, -0.0264455, 1.15897, 0.707917, -0.0017436, -0.0365826, -0.000553084, 0.00565491, -0.000372925, -0.0462283, -0.000769985, -0.168073, -0.289174, -0.778243, 0.0198763, 0.336894, -0.072226, -0.598005, 0, 0, 0, 8, 0, 0, 0, 0.334236, -0.0165323, 0.490825, 0.486385, -0.0157403, 0.742593, 0.996195, -3.71201e-12, -0.0871557, -4.46982e-12, -1, -8.49977e-12, -0.0871557, 8.857e-12, -0.996195, 0
14.72, 2025-07-03__00-41-23.469396, -0.0478802, -0.427813, 0.0238302, -1.70271, -0.0264464, 1.15856, 0.707858, -0.000441904, -0.0382671, -0.00327167, -0.000198025, -0.000137047, -0.0421616, -0.00467201, -0.14157, -0.293164, -0.732294, 0.0846243, 0.340958, -0.0824817, -0.572341, 0, 0, 0, 8, 0, 0, 0, 0.334027, -0.016532, 0.490924, 0.486385, -0.0157403, 0.742593, 0.996195, -3.71201e-12, -0.0871557, -4.46982e-12, -1, -8.49977e-12, -0.0871557, 8.857e-12, -0.996195, 0
14.73, 2025-07-03__00-41-23.479400, -0.047879, -0.428132, 0.0238217, -1.7027, -0.0264433, 1.15819, 0.707795, -0.000101158, -0.0306788, 6.54287e-05, 0.000694706, -0.000355596, -0.0352811, -0.00805672, -0.189573, -0.592467, -0.813963, 0.200651, 0.336653, -0.123159, -0.548776, 0, 0, 0, 8, 0, 0, 0, 0.333846, -0.0165296, 0.491019, 0.486385, -0.0157403, 0.742593, 0.996195, -3.71201e-12, -0.0871557, -4.46982e-12, -1, -8.49977e-12, -0.0871557, 8.857e-12, -0.996195, 0
14.74, 2025-07-03__00-41-23.489388, -0.0478802, -0.428443, 0.0238121, -1.7027, -0.0264407, 1.15786, 0.707724, -1.93435e-05, -0.0311607, 3.90702e-05, 0.000364935, -0.00360076, -0.0341318, -0.00947579, -0.184734, -0.539263, -0.806926, 0.180939, 0.358002, -0.124495, -0.536958, 0, 0, 0, 8, 0, 0, 0, 0.333676, -0.0165257, 0.491107, 0.486385, -0.0157403, 0.742593, 0.996195, -3.71201e-12, -0.0871557, -4.46982e-12, -1, -8.49977e-12, -0.0871557, 8.857e-12, -0.996195, 0
14.75, 2025-07-03__00-41-23.499384, -0.0478707, -0.428778, 0.023796, -1.7027, -0.0264412, 1.15752, 0.70772, 0.000884555, -0.0323896, -0.00441972, 0.000894502, -0.000188471, -0.0378825, -0.00334695, -0.133241, -0.427577, -0.716938, 0.129104, 0.343343, -0.0935777, -0.574696, 0, 0, 0, 8, 0, 0, 0, 0.333503, -0.0165251, 0.491201, 0.486385, -0.0157403, 0.742593, 0.996195, -3.71201e-12, -0.0871557, -4.46982e-12, -1, -8.49977e-12, -0.0871557, 8.857e-12, -0.996195, 0
14.76, 2025-07-03__00-41-23.509386, -0.0478731, -0.429064, 0.0237869, -1.70271, -0.0264421, 1.15716, 0.707679, -0.000134666, -0.0312304, -0.00219288, -0.00350633, -0.00023657, -0.0401242, -0.0111922, -0.153266, -0.555856, -0.756396, 0.244389, 0.342051, -0.0618771, -0.52532, 0, 0, 0, 8, 0, 0, 0, 0.333331, -0.0165223, 0.491285, 0.486385, -0.0157403, 0.742593, 0.996195, -3.71201e-12, -0.0871557, -4.46982e-12, -1, -8.49977e-12, -0.0871557, 8.857e-12, -0.996195, 0
14.77, 2025-07-03__00-41-23.519389, -0.0478732, -0.429344, 0.0237924, -1.7027, -0.0264422, 1.1568, 0.707619, 0.000325846, -0.0285248, 0.00119987, 0.00257547, -4.5424e-05, -0.0313878, -0.00384815, -0.211141, -0.527903, -0.84817, 0.151053, 0.330631, -0.123436, -0.566776, 0, 0, 0, 8, 0, 0, 0, 0.33316, -0.016518, 0.49136, 0.486385, -0.0157403, 0.742593, 0.996195, -3.71201e-12, -0.0871557, -4.46982e-12, -1, -8.49977e-12, -0.0871557, 8.857e-12, -0.996195, 0
14.78, 2025-07-03__00-41-23.529386, -0.0478721, -0.429663, 0.023786, -1.70271, -0.0264415, 1.15645, 0.707565, -0.000362961, -0.0332594, 0.000683482, -5.31298e-05, 0.000393522, -0.0360222, -0.00586376, -0.20053, -0.328356, -0.830803, 0.101189, 0.328914, -0.0803037, -0.552137, 0, 0, 0, 8, 0, 0, 0, 0.332984, -0.0165105, 0.491446, 0.486385, -0.0157403, 0.742593, 0.996195, -3.71201e-12, -0.0871557, -4.46982e-12, -1, -8.49977e-12, -0.0871557, 8.857e-12, -0.996195, 0
14.79, 2025-07-03__00-41-23.539386, -0.0478731, -0.429927, 0.0237747, -1.70271, -0.0264412, 1.15611, 0.707503, -0.00161202, -0.0258843, -0.00105756, -0.000456328, -0.000385502, -0.0313071, -0.00163501, -0.148994, -0.66995, -0.75679, 0.251614, 0.344169, -0.102971, -0.575232, 0, 0, 0, 8, 0, 0, 0, 0.332817, -0.0165051, 0.491519, 0.486385, -0.0157403, 0.742593, 0.996195, -3.71201e-12, -0.0871557, -4.46982e-12, -1, -8.49977e-12, -0.0871557, 8.857e-12, -0.996195, 0
14.8, 2025-07-03__00-41-23.549385, -0.0478777, -0.430206, 0.0237652, -1.70271, -0.0264421, 1.15581, 0.707445, -0.00137185, -0.0290626, -0.000802504, -0.000504299, -0.00252474, -0.0310511, -0.00719054, -0.155457, -0.488254, -0.765207, 0.172692, 0.355948, -0.0991802, -0.539183, 0, 0, 0, 8, 0, 0, 0, 0.332664, -0.0165066, 0.491594, 0.486385, -0.0157403, 0.742593, 0.996195, -3.71201e-12, -0.0871557, -4.46982e-12, -1, -8.49977e-12, -0.0871557, 8.857e-12, -0.996195, 0
14.81, 2025-07-03__00-41-23.559385, -0.0478749, -0.430473, 0.0237591, -1.70271, -0.026438, 1.15552, 0.707374, -0.000221176, -0.025709, 0.0011446, -3.05913e-05, -0.000103148, -0.0252988, -0.00817324, -0.200517, -0.599997, -0.835064, 0.210301, 0.334385, -0.133665, -0.52968, 0, 0, 0, 8, 0, 0, 0, 0.332521, -0.0165037, 0.491673, 0.486385, -0.0157403, 0.742593, 0.996195, -3.71201e-12, -0.0871557, -4.46982e-12, -1, -8.49977e-12, -0.0871557, 8.857e-12, -0.996195, 0
14.82, 2025-07-03__00-41-23.569385, -0.0478773, -0.430733, 0.0237513, -1.70271, -0.026438, 1.15524, 0.707306, -0.00141965, -0.025375, -0.000246343, -0.000459066, 0.00701844, -0.0275118, -0.00451274, -0.17768, -0.593524, -0.798159, 0.214772, 0.29296, -0.112049, -0.549052, 0, 0, 0, 8, 0, 0, 0, 0.332382, -0.0165021, 0.49175, 0.486385, -0.0157403, 0.742593, 0.996195, -3.71201e-12, -0.0871557, -4.46982e-12, -1, -8.49977e-12, -0.0871557, 8.857e-12, -0.996195, 0
14.83, 2025-07-03__00-41-23.579385, -0.0478698, -0.431002, 0.0237459, -1.7027, -0.0264404, 1.15494, 0.707259, 0.00192362, -0.0292532, 0.000149027, 0.000501264, 0.000368226, -0.0311294, -0.00240957, -0.215158, -0.356828, -0.847817, 0.106828, 0.327823, -0.0837552, -0.559307, 0, 0, 0, 8, 0, 0, 0, 0.332231, -0.016498, 0.491821, 0.486385, -0.0157403, 0.742593, 0.996195, -3.71201e-12, -0.0871557, -4.46982e-12, -1, -8.49977e-12, -0.0871557, 8.857e-12, -0.996195, 0
14.84, 2025-07-03__00-41-23.589383, -0.0478732, -0.431256, 0.0237386, -1.7027, -0.0264412, 1.15463, 0.707229, 6.18996e-05, -0.0277815, -0.00161334, 0.00134252, -6.58422e-05, -0.0267491, -0.00723363, -0.164343, -0.390954, -0.77215, 0.105844, 0.338843, -0.107658, -0.529329, 0, 0, 0, 8, 0, 0, 0, 0.332081, -0.0164967, 0.491898, 0.486385, -0.0157403, 0.742593, 0.996195, -3.71201e-12, -0.0871557, -4.46982e-12, -1, -8.49977e-12, -0.0871557, 8.857e-12, -0.996195, 0
14.85, 2025-07-03__00-41-23.599385, -0.0478756, -0.431518, 0.0237349, -1.70271, -0.026441, 1.15432, 0.707152, -0.000574959, -0.0284459, 0.000876314, -0.000815532, 1.07986e-05, -0.0288027, -0.0111173, -0.196069, -0.382237, -0.82662, 0.133296, 0.333949, -0.0828567, -0.501927, 0, 0, 0, 8, 0, 0, 0, 0.331931, -0.0164939, 0.491967, 0.486385, -0.0157403, 0.742593, 0.996195, -3.71201e-12, -0.0871557, -4.46982e-12, -1, -8.49977e-12, -0.0871557, 8.857e-12, -0.996195, 0
14.86, 2025-07-03__00-41-23.609384, -0.0478724, -0.431793, 0.0237286, -1.70271, -0.0264407, 1.15402, 0.707077, -0.00020583, -0.0283163, -0.00075546, -0.00112892, -0.000350644, -0.0215924, -0.00246817, -0.174645, -0.363864, -0.790185, 0.118168, 0.340057, -0.126225, -0.551, 0, 0, 0, 8, 0, 0, 0, 0.331779, -0.016486, 0.492041, 0.486385, -0.0157403, 0.742593, 0.996195, -3.71201e-12, -0.0871557, -4.46982e-12, -1, -8.49977e-12, -0.0871557, 8.857e-12, -0.996195, 0
14.87, 2025-07-03__00-41-23.619386, -0.0478724, -0.432056, 0.0237225, -1.70271, -0.0264372, 1.1537, 0.707029, 0.000388481, -0.0215541, 0.000301874, -0.00140228, -0.000138363, -0.03182, -0.00186223, -0.190148, -0.665193, -0.818379, 0.273595, 0.337552, -0.0473989, -0.552011, 0, 0, 0, 8, 0, 0, 0, 0.331625, -0.0164866, 0.492117, 0.486385, -0.0157403, 0.742593, 0.996195, -3.71201e-12, -0.0871557, -4.46982e-12, -1, -8.49977e-12, -0.0871557, 8.857e-12, -0.996195, 0
14.88, 2025-07-03__00-41-23.629384, -0.0478749, -0.432329, 0.023719, -1.70271, -0.026438, 1.1534, 0.706969, -0.000444288, -0.0267376, -3.5583e-05, -0.00759412, 4.2967e-05, -0.025335, -0.0036089, -0.180453, -0.520569, -0.80452, 0.272607, 0.338864, -0.0767455, -0.538884, 0, 0, 0, 8, 0, 0, 0, 0.33147, -0.0164842, 0.492189, 0.486385, -0.0157403, 0.742593, 0.996195, -3.71201e-12, -0.0871557, -4.46982e-12, -1, -8.49977e-12, -0.0871557, 8.857e-12, -0.996195, 0
14.89, 2025-07-03__00-41-23.639386, -0.0478721, -0.432611, 0.0237104, -1.70272, -0.0264369, 1.15313, 0.70692, -0.00289775, -0.0285806, -0.00052652, -0.00132424, 0.000142591, -0.024872, -0.00580297, -0.148938, -0.266716, -0.75639, 0.0857259, 0.340807, -0.0852264, -0.523774, 0, 0, 0, 8, 0, 0, 0, 0.33133, -0.0164773, 0.492269, 0.486385, -0.0157403, 0.742593, 0.996195, -3.71201e-12, -0.0871557, -4.46982e-12, -1, -8.49977e-12, -0.0871557, 8.857e-12, -0.996195, 0
14.9, 2025-07-03__00-41-23.649386, -0.0478724, -0.432887, 0.0237013, -1.70271, -0.026438, 1.15287, 0.706855, -0.000264587, -0.0262339, -0.00274457, 0.00125102, 6.24874e-05, -0.0314403, -0.0110563, -0.14381, -0.277669, -0.738185, 0.0706813, 0.342025, -0.0403033, -0.489029, 0, 0, 0, 8, 0, 0, 0, 0.331196, -0.0164788, 0.49235, 0.486385, -0.0157403, 0.742593, 0.996195, -3.71201e-12, -0.0871557, -4.46982e-12, -1, -8.49977e-12, -0.0871557, 8.857e-12, -0.996195, 0
14.91, 2025-07-03__00-41-23.659384, -0.0478742, -0.43316, 0.0237008, -1.70271, -0.0264408, 1.15264, 0.706773, 0.000128597, -0.0298378, 0.000125408, 0.001876, 4.18192e-05, -0.0248722, -0.00566113, -0.198006, -0.0421936, -0.822347, -0.0494604, 0.332812, -0.0848829, -0.517891, 0, 0, 0, 8, 0, 0, 0, 0.331068, -0.0164745, 0.492429, 0.486385, -0.0157403, 0.742593, 0.996195, -3.71201e-12, -0.0871557, -4.46982e-12, -1, -8.49977e-12, -0.0871557, 8.857e-12, -0.996195, 0
14.92, 2025-07-03__00-41-23.669383, -0.0478699, -0.433428, 0.0237002, -1.70271, -0.0264405, 1.15243, 0.706733, 0.000874022, -0.030769, 0.000273549, 0.000214785, -0.000202012, -0.0238216, 0.000519976, -0.210117, 0.0190591, -0.839483, -0.058366, 0.332715, -0.0883219, -0.553427, 0, 0, 0, 8, 0, 0, 0, 0.330951, -0.016471, 0.492507, 0.486385, -0.0157403, 0.742593, 0.996195, -3.71201e-12, -0.0871557, -4.46982e-12, -1, -8.49977e-12, -0.0871557, 8.857e-12, -0.996195, 0
14.93, 2025-07-03__00-41-23.679385, -0.0478742, -0.433691, 0.0236975, -1.70271, -0.0264387, 1.15225, 0.706678, 0.00236775, -0.0308722, -8.59962e-05, -0.00107725, -0.000628951, -0.0213506, -0.006506, -0.222359, 0.0547614, -0.8543, -0.0626145, 0.334178, -0.103154, -0.508397, 0, 0, 0, 8, 0, 0, 0, 0.330845, -0.0164669, 0.492586, 0.486385, -0.0157403, 0.742593, 0.996195, -3.71201e-12, -0.0871557, -4.46982e-12, -1, -8.49977e-12, -0.0871557, 8.857e-12, -0.996195, 0
14.94, 2025-07-03__00-41-23.689381, -0.0478726, -0.433965, 0.0236853, -1.70271, -0.0264375, 1.15205, 0.70662, -0.00240044, -0.0256748, -0.00178964, -2.65598e-05, 7.73862e-05, -0.0144664, -0.00116411, -0.138006, -0.117698, -0.734475, -0.0105865, 0.344472, -0.150831, -0.53887, 0, 0, 0, 8, 0, 0, 0, 0.330736, -0.0164649, 0.492672, 0.486385, -0.0157403, 0.742593, 0.996195, -3.71201e-12, -0.0871557, -4.46982e-12, -1, -8.49977e-12, -0.0871557, 8.857e-12, -0.996195, 0
14.95, 2025-07-03__00-41-23.699385, -0.0478722, -0.434198, 0.0236884, -1.7027, -0.0264357, 1.15185, 0.706569, 0.000648828, -0.0217677, 0.000419344, -0.000244495, 0.000347098, -0.0210132, -0.00265357, -0.204382, -0.257051, -0.835041, 0.0662744, 0.333184, -0.103547, -0.526788, 0, 0, 0, 8, 0, 0, 0, 0.330623, -0.0164622, 0.492741, 0.486385, -0.0157403, 0.742593, 0.996195, -3.71201e-12, -0.0871557, -4.46982e-12, -1, -8.49977e-12, -0.0871557, 8.857e-12, -0.996195, 0
14.96, 2025-07-03__00-41-23.709384, -0.0478691, -0.434482, 0.0236873, -1.70271, -0.0264364, 1.15167, 0.706519, 0.000601647, -0.027326, 0.000758455, -0.000748424, -6.49278e-05, -0.0161611, -0.00484267, -0.21626, 0.0564094, -0.850349, -0.0745838, 0.333034, -0.136871, -0.511396, 0, 0, 0, 8, 0, 0, 0, 0.330513, -0.0164575, 0.49282, 0.486385, -0.0157403, 0.742593, 0.996195, -3.71201e-12, -0.0871557, -4.46982e-12, -1, -8.49977e-12, -0.0871557, 8.857e-12, -0.996195, 0
14.97, 2025-07-03__00-41-23.719385, -0.0478723, -0.434697, 0.0236782, -1.7027, -0.0264384, 1.1515, 0.706461, -0.00148827, -0.0219855, -0.00212714, 0.00595087, 0.000226029, -0.0181527, -0.00283804, -0.144983, -0.0156924, -0.739927, -0.119715, 0.342038, -0.132149, -0.521528, 0, 0, 0, 8, 0, 0, 0, 0.330413, -0.0164534, 0.492887, 0.486385, -0.0157403, 0.742593, 0.996195, -3.71201e-12, -0.0871557, -4.46982e-12, -1, -8.49977e-12, -0.0871557, 8.857e-12, -0.996195, 0
14.98, 2025-07-03__00-41-23.729385, -0.0478749, -0.434916, 0.0236802, -1.7027, -0.0264365, 1.15132, 0.706436, -0.00336134, -0.0196185, -0.000255258, 0.000827642, -4.77207e-05, -0.0153821, -0.00824433, -0.149153, -0.19519, -0.757728, 0.0170632, 0.345487, -0.141301, -0.487563, 0, 0, 0, 8, 0, 0, 0, 0.330316, -0.0164529, 0.492953, 0.486385, -0.0157403, 0.742593, 0.996195, -3.71201e-12, -0.0871557, -4.46982e-12, -1, -8.49977e-12, -0.0871557, 8.857e-12, -0.996195, 0
14.99, 2025-07-03__00-41-23.739384, -0.0478723, -0.435145, 0.0236768, -1.70271, -0.0264354, 1.15116, 0.706418, 0.000155741, -0.025407, 0.000642427, -0.00167142, 0.000361022, -0.0141066, 0.000697333, -0.209888, 0.0757655, -0.842197, -0.0750926, 0.332066, -0.14636, -0.540856, 0, 0, 0, 8, 0, 0, 0, 0.330223, -0.0164536, 0.493022, 0.486385, -0.0157403, 0.742593, 0.996195, -3.71201e-12, -0.0871557, -4.46982e-12, -1, -8.49977e-12, -0.0871557, 8.857e-12, -0.996195, 0
15, 2025-07-03__00-41-23.749398, -0.0478708, -0.435317, 0.023672, -1.70271, -0.0264367, 1.15099, 0.706365, -0.00264275, -0.0139934, -0.000175177, -0.00176654, 3.67323e-05, -0.0176135, -0.00903116, -0.153419, -0.443952, -0.766641, 0.162665, 0.346722, -0.117917, -0.479485, 0, 0, 0, 8, 0, 0, 0, 0.330137, -0.0164481, 0.493075, 0.486385, -0.0157403, 0.742593, 0.996195, -3.71201e-12, -0.0871557, -4.46982e-12, -1, -8.49977e-12, -0.0871557, 8.857e-12, -0.996195, 0
15.01, 2025-07-03__00-41-23.759385, -0.0478695, -0.435512, 0.0236675, -1.7027, -0.0264363, 1.15082, 0.70632, 0.000734857, -0.0193618, -0.00241288, 0.000886317, 0.00275564, -0.015477, -0.00457801, -0.169838, -0.0960619, -0.774311, -0.0273047, 0.324608, -0.135725, -0.504569, 0, 0, 0, 8, 0, 0, 0, 0.330044, -0.0164476, 0.493127, 0.486385, -0.0157403, 0.742593, 0.996195, -3.71201e-12, -0.0871557, -4.46982e-12, -1, -8.49977e-12, -0.0871557, 8.857e-12, -0.996195, 0
15.02, 2025-07-03__00-41-23.769385, -0.047872, -0.43573, 0.0236623, -1.70271, -0.0264364, 1.15063, 0.706294, 0.000508582, -0.0193376, -0.000921442, -0.000525532, -0.000118059, -0.0238662, 7.94775e-05, -0.183994, -0.0942421, -0.80105, 0.00306621, 0.340467, -0.0732782, -0.531508, 0, 0, 0, 8, 0, 0, 0, 0.329942, -0.0164449, 0.493188, 0.486385, -0.0157403, 0.742593, 0.996195, -3.71201e-12, -0.0871557, -4.46982e-12, -1, -8.49977e-12, -0.0871557, 8.857e-12, -0.996195, 0
15.03, 2025-07-03__00-41-23.779385, -0.0478746, -0.435887, 0.0236621, -1.7027, -0.026437, 1.15043, 0.706257, -0.000598931, -0.0176448, 0.0011778, 0.00252105, -0.000222732, -0.0272801, -0.00517688, -0.20265, -0.0950035, -0.835438, -0.0250426, 0.337617, -0.0499197, -0.497824, 0, 0, 0, 8, 0, 0, 0, 0.329846, -0.016446, 0.493238, 0.486385, -0.0157403, 0.742593, 0.996195, -3.71201e-12, -0.0871557, -4.46982e-12, -1, -8.49977e-12, -0.0871557, 8.857e-12, -0.996195, 0
15.04, 2025-07-03__00-41-23.789383, -0.0478723, -0.436053, 0.0236586, -1.7027, -0.0264364, 1.15025, 0.70621, 0.00066017, -0.016919, -0.000464415, -0.000611132, 0.000131139, -0.0151846, -0.00203074, -0.19167, -0.174709, -0.814293, 0.0286304, 0.338823, -0.12477, -0.514846, 0, 0, 0, 8, 0, 0, 0, 0.329758, -0.016441, 0.493279, 0.486385, -0.0157403, 0.742593, 0.996195, -3.71201e-12, -0.0871557, -4.46982e-12, -1, -8.49977e-12, -0.0871557, 8.857e-12, -0.996195, 0
15.05, 2025-07-03__00-41-23.799387, -0.0478746, -0.436235, 0.0236554, -1.70271, -0.0264357, 1.15008, 0.706192, -0.00164134, -0.0189409, -0.0008602, -0.000974257, -4.2329e-05, -0.016826, -0.00302365, -0.161193, -0.0656558, -0.771097, -0.013144, 0.344207, -0.110004, -0.508313, 0, 0, 0, 8, 0, 0, 0, 0.329668, -0.0164378, 0.493334, 0.486385, -0.0157403, 0.742593, 0.996195, -3.71201e-12, -0.0871557, -4.46982e-12, -1, -8.49977e-12, -0.0871557, 8.857e-12, -0.996195, 0
15.06, 2025-07-03__00-41-23.809386, -0.0478723, -0.436401, 0.0236521, -1.70271, -0.026435, 1.14991, 0.706161, -7.92555e-06, -0.0156343, 0.00119797, 0.000529605, 0.000408759, -0.0179398, -0.00188722, -0.209207, -0.164112, -0.845779, 0.0168795, 0.333912, -0.101618, -0.513486, 0, 0, 0, 8, 0, 0, 0, 0.329579, -0.0164375, 0.493377, 0.486385, -0.0157403, 0.742593, 0.996195, -3.71201e-12, -0.0871557, -4.46982e-12, -1, -8.49977e-12, -0.0871557, 8.857e-12, -0.996195, 0
15.07, 2025-07-03__00-41-23.819386, -0.0478726, -0.436522, 0.0236486, -1.7027, -0.0264369, 1.14975, 0.706108, -0.00287683, -0.0159551, 0.00180638, -0.000275969, 0.0051862, -0.00661093, -0.00293723, -0.195442, -0.154707, -0.830438, 0.00448809, 0.306619, -0.174592, -0.505068, 0, 0, 0, 8, 0, 0, 0, 0.329504, -0.016439, 0.493414, 0.486385, -0.0157403, 0.742593, 0.996195, -3.71201e-12, -0.0871557, -4.46982e-12, -1, -8.49977e-12, -0.0871557, 8.857e-12, -0.996195, 0
15.08, 2025-07-03__00-41-23.829386, -0.0478775, -0.436672, 0.0236436, -1.7027, -0.0264345, 1.14957, 0.706061, -0.00303817, -0.0146742, -0.00138895, 0.000399068, 0.000378749, -0.0171803, -0.00148948, -0.133891, -0.194509, -0.732354, 0.0303844, 0.346782, -0.0985213, -0.511592, 0, 0, 0, 8, 0, 0, 0, 0.329416, -0.0164303, 0.493455, 0.486385, -0.0157403, 0.742593, 0.996195, -3.71201e-12, -0.0871557, -4.46982e-12, -1, -8.49977e-12, -0.0871557, 8.857e-12, -0.996195, 0
15.09, 2025-07-03__00-41-23.839386, -0.0478688, -0.43683, 0.0236401, -1.7027, -0.0264352, 1.14938, 0.706025, 0.0017286, -0.0133755, -0.00141165, 0.000718167, 0.000301479, -0.0154921, -0.00408938, -0.187213, -0.229793, -0.803601, 0.0417861, 0.339225, -0.106351, -0.493749, 0, 0, 0, 8, 0, 0, 0, 0.329322, -0.0164299, 0.493493, 0.486385, -0.0157403, 0.742593, 0.996195, -3.71201e-12, -0.0871557, -4.46982e-12, -1, -8.49977e-12, -0.0871557, 8.857e-12, -0.996195, 0
15.1, 2025-07-03__00-41-23.849386, -0.04787, -0.43695, 0.0236394, -1.70271, -0.0264324, 1.14921, 0.706005, -0.000550525, -0.0122052, -0.000781765, -0.000802735, -0.000209884, -0.0161614, -0.00176352, -0.167718, -0.318581, -0.781812, 0.101222, 0.346132, -0.0941804, -0.506823, 0, 0, 0, 8, 0, 0, 0, 0.329242, -0.0164294, 0.493525, 0.486385, -0.0157403, 0.742593, 0.996195, -3.71201e-12, -0.0871557, -4.46982e-12, -1, -8.49977e-12, -0.0871557, 8.857e-12, -0.996195, 0
15.11, 2025-07-03__00-41-23.859386, -0.0478746, -0.437094, 0.0236366, -1.7027, -0.0264369, 1.14906, 0.705991, -0.0002522, -0.0179398, -0.000462025, 0.0006694, -1.16464e-05, -0.010755, 0.00116951, -0.183209, 0.00542583, -0.801676, -0.0679055, 0.340429, -0.132, -0.524516, 0, 0, 0, 8, 0, 0, 0, 0.329162, -0.0164283, 0.493565, 0.486385, -0.0157403, 0.742593, 0.996195, -3.71201e-12, -0.0871557, -4.46982e-12, -1, -8.49977e-12, -0.0871557, 8.857e-12, -0.996195, 0
15.12, 2025-07-03__00-41-23.869387, -0.0478723, -0.437234, 0.0236334, -1.70271, -0.0264363, 1.14892, 0.705951, 0.0044228, -0.0123245, 0.000135868, -0.00219328, -6.01456e-05, -0.0164674, -0.00176338, -0.238967, -0.298126, -0.882214, 0.111513, 0.334155, -0.0850526, -0.504228, 0, 0, 0, 8, 0, 0, 0, 0.329094, -0.0164246, 0.493605, 0.486385, -0.0157403, 0.742593, 0.996195, -3.71201e-12, -0.0871557, -4.46982e-12, -1, -8.49977e-12, -0.0871557, 8.857e-12, -0.996195, 0
15.13, 2025-07-03__00-41-23.879387, -0.0478725, -0.437328, 0.0236337, -1.7027, -0.0264349, 1.14878, 0.705915, -0.00123477, -0.00761477, 0.000660302, 0.00109935, 8.63193e-06, -0.0126799, 0.000549821, -0.178613, -0.451441, -0.804278, 0.135294, 0.343811, -0.112252, -0.516769, 0, 0, 0, 8, 0, 0, 0, 0.329026, -0.0164229, 0.493635, 0.486385, -0.0157403, 0.742593, 0.996195, -3.71201e-12, -0.0871557, -4.46982e-12, -1, -8.49977e-12, -0.0871557, 8.857e-12, -0.996195, 0
15.14, 2025-07-03__00-41-23.889381, -0.0478695, -0.43746, 0.0236291, -1.70271, -0.0264334, 1.14864, 0.705885, 8.0148e-05, -0.0121486, -9.10566e-05, -0.000645481, 0.000417365, -0.0143799, -0.0011625, -0.18734, -0.260641, -0.811011, 0.0738672, 0.339139, -0.0949875, -0.504906, 0, 0, 0, 8, 0, 0, 0, 0.328958, -0.016422, 0.493666, 0.486385, -0.0157403, 0.742593, 0.996195, -3.71201e-12, -0.0871557, -4.46982e-12, -1, -8.49977e-12, -0.0871557, 8.857e-12, -0.996195, 0
15.15, 2025-07-03__00-41-23.899387, -0.0478714, -0.437563, 0.0236238, -1.7027, -0.0264358, 1.14852, 0.705861, 0.000146835, -0.0104723, -0.000923564, -0.000240363, 2.73109e-05, -0.00778919, -0.00490571, -0.173458, -0.318727, -0.788805, 0.0850322, 0.344536, -0.13861, -0.481516, 0, 0, 0, 8, 0, 0, 0, 0.3289, -0.0164212, 0.4937, 0.486385, -0.0157403, 0.742593, 0.996195, -3.71201e-12, -0.0871557, -4.46982e-12, -1, -8.49977e-12, -0.0871557, 8.857e-12, -0.996195, 0
15.16, 2025-07-03__00-41-23.909385, -0.0478713, -0.437668, 0.023621, -1.7027, -0.026431, 1.14841, 0.705844, 6.34473e-05, -0.0123533, 0.00215117, -0.000404759, 0.00038131, -0.0150219, -0.00218413, -0.22131, -0.217703, -0.867027, 0.0550232, 0.333494, -0.0868631, -0.496793, 0, 0, 0, 8, 0, 0, 0, 0.32884, -0.0164174, 0.49373, 0.486385, -0.0157403, 0.742593, 0.996195, -3.71201e-12, -0.0871557, -4.46982e-12, -1, -8.49977e-12, -0.0871557, 8.857e-12, -0.996195, 0
15.17, 2025-07-03__00-41-23.919385, -0.0478695, -0.437761, 0.0236224, -1.7027, -0.0264306, 1.14829, 0.705841, -0.000852126, -0.00746657, 0.00122877, 0.00215836, 0.000425361, -0.01014, -0.00194957, -0.192747, -0.3895, -0.825305, 0.0940626, 0.33842, -0.121076, -0.498232, 0, 0, 0, 8, 0, 0, 0, 0.328784, -0.0164187, 0.493752, 0.486385, -0.0157403, 0.742593, 0.996195, -3.71201e-12, -0.0871557, -4.46982e-12, -1, -8.49977e-12, -0.0871557, 8.857e-12, -0.996195, 0
15.18, 2025-07-03__00-41-23.929388, -0.0478691, -0.437855, 0.0236148, -1.7027, -0.0264316, 1.14819, 0.705812, 0.000919438, -0.00851156, -0.000499845, 0.00151997, -0.00016707, -0.0122215, -0.00170956, -0.18614, -0.342487, -0.80756, 0.0836984, 0.343175, -0.103887, -0.498455, 0, 0, 0, 8, 0, 0, 0, 0.328732, -0.0164199, 0.493781, 0.486385, -0.0157403, 0.742593, 0.996195, -3.71201e-12, -0.0871557, -4.46982e-12, -1, -8.49977e-12, -0.0871557, 8.857e-12, -0.996195, 0
15.19, 2025-07-03__00-41-23.939385, -0.047872, -0.437949, 0.0236057, -1.7027, -0.0264317, 1.14806, 0.705802, 0.0007434, -0.00841782, -0.000850965, 0.00120616, -9.2572e-05, -0.00630967, -0.00141936, -0.178077, -0.349912, -0.795346, 0.0821372, 0.344051, -0.140614, -0.500218, 0, 0, 0, 8, 0, 0, 0, 0.328671, -0.0164202, 0.493805, 0.486385, -0.0157403, 0.742593, 0.996195, -3.71201e-12, -0.0871557, -4.46982e-12, -1, -8.49977e-12, -0.0871557, 8.857e-12, -0.996195, 0
15.2, 2025-07-03__00-41-23.949386, -0.0478695, -0.438006, 0.0236023, -1.7027, -0.0264354, 1.14793, 0.705785, 0.000512819, -0.00592327, -0.00126935, 0.00162643, -0.000212774, -0.014571, -0.000807476, -0.165644, -0.470083, -0.77738, 0.144148, 0.347187, -0.0793502, -0.503019, 0, 0, 0, 8, 0, 0, 0, 0.328617, -0.0164183, 0.493816, 0.486385, -0.0157403, 0.742593, 0.996195, -3.71201e-12, -0.0871557, -4.46982e-12, -1, -8.49977e-12, -0.0871557, 8.857e-12, -0.996195, 0
15.21, 2025-07-03__00-41-23.959386, -0.0478667, -0.438066, 0.0236017, -1.7027, -0.0264309, 1.14779, 0.705764, 0.000752243, -0.00434601, -0.00103411, 0.000679945, -5.48651e-05, -0.0187598, -0.00133463, -0.169626, -0.575668, -0.78468, 0.20991, 0.345999, -0.0437118, -0.498357, 0, 0, 0, 8, 0, 0, 0, 0.328554, -0.0164142, 0.493827, 0.486385, -0.0157403, 0.742593, 0.996195, -3.71201e-12, -0.0871557, -4.46982e-12, -1, -8.49977e-12, -0.0871557, 8.857e-12, -0.996195, 0
15.22, 2025-07-03__00-41-23.969383, -0.0478675, -0.43815, 0.0236008, -1.7027, -0.0264322, 1.14765, 0.705745, -0.0041826, -0.00872668, -0.000651656, 0.00167202, -0.000232686, -0.0140176, -0.00326082, -0.124138, -0.355645, -0.723685, 0.093284, 0.353186, -0.0737079, -0.486242, 0, 0, 0, 8, 0, 0, 0, 0.328493, -0.016416, 0.493852, 0.486385, -0.0157403, 0.742593, 0.996195, -3.71201e-12, -0.0871557, -4.46982e-12, -1, -8.49977e-12, -0.0871557, 8.857e-12, -0.996195, 0
15.23, 2025-07-03__00-41-23.979386, -0.0478773, -0.438183, 0.0236016, -1.7027, -0.0264316, 1.14751, 0.705728, -0.00104535, -0.00299745, 0.00199792, 0.000168517, 3.42077e-05, -0.00992818, 0.000826361, -0.192911, -0.672909, -0.832148, 0.249231, 0.342131, -0.0933704, -0.50985, 0, 0, 0, 8, 0, 0, 0, 0.32844, -0.0164164, 0.493859, 0.486385, -0.0157403, 0.742593, 0.996195, -3.71201e-12, -0.0871557, -4.46982e-12, -1, -8.49977e-12, -0.0871557, 8.857e-12, -0.996195, 0
15.24, 2025-07-03__00-41-23.989382, -0.04788, -0.438238, 0.0235951, -1.7027, -0.0264329, 1.14739, 0.705712, -0.00248376, -0.00555495, -0.00135312, 0.000235099, -0.000375614, -0.00990054, 3.32885e-05, -0.12676, -0.565221, -0.726168, 0.199342, 0.354698, -0.0892372, -0.50482, 0, 0, 0, 8, 0, 0, 0, 0.328387, -0.0164132, 0.493868, 0.486385, -0.0157403, 0.742593, 0.996195, -3.71201e-12, -0.0871557, -4.46982e-12, -1, -8.49977e-12, -0.0871557, 8.857e-12, -0.996195, 0
15.25, 2025-07-03__00-41-23.999385, -0.0478688, -0.438303, 0.023594, -1.70271, -0.0264279, 1.14725, 0.705694, 0.00066053, -0.00694017, -0.00326225, -0.00139725, -0.000277309, -0.0179075, 0.00141188, -0.134, -0.546036, -0.726243, 0.222919, 0.352748, -0.0261726, -0.511574, 0, 0, 0, 8, 0, 0, 0, 0.328325, -0.0164083, 0.493886, 0.486385, -0.0157403, 0.742593, 0.996195, -3.71201e-12, -0.0871557, -4.46982e-12, -1, -8.49977e-12, -0.0871557, 8.857e-12, -0.996195, 0
15.26, 2025-07-03__00-41-24.009385, -0.0478719, -0.438342, 0.0235918, -1.7027, -0.0264322, 1.14711, 0.705672, -0.00137764, -0.00310213, 9.68727e-05, 0.000903889, -0.000164454, -0.0191169, -5.05288e-05, -0.158148, -0.694001, -0.775694, 0.266314, 0.348419, -0.0157856, -0.50166, 0, 0, 0, 8, 0, 0, 0, 0.328269, -0.0164127, 0.493892, 0.486385, -0.0157403, 0.742593, 0.996195, -3.71201e-12, -0.0871557, -4.46982e-12, -1, -8.49977e-12, -0.0871557, 8.857e-12, -0.996195, 0
15.27, 2025-07-03__00-41-24.019384, -0.0478714, -0.43838, 0.0235912, -1.7027, -0.0264318, 1.147, 0.705655, 0.000743902, -0.00199668, 0.000228144, 0.0004681, -0.000677614, -0.00877844, -0.00120137, -0.182089, -0.764945, -0.809125, 0.28877, 0.348592, -0.0819755, -0.493819, 0, 0, 0, 8, 0, 0, 0, 0.328225, -0.0164088, 0.493899, 0.486385, -0.0157403, 0.742593, 0.996195, -3.71201e-12, -0.0871557, -4.46982e-12, -1, -8.49977e-12, -0.0871557, 8.857e-12, -0.996195, 0
15.28, 2025-07-03__00-41-24.029383, -0.0478688, -0.438456, 0.0235883, -1.7027, -0.0264305, 1.14687, 0.705636, 0.00165237, -0.00626587, -0.00144486, 0.00020333, 7.37859e-05, -0.00565519, -0.00460108, -0.172854, -0.573163, -0.786931, 0.201797, 0.344415, -0.0991143, -0.472402, 0, 0, 0, 8, 0, 0, 0, 0.328169, -0.0164105, 0.493918, 0.486385, -0.0157403, 0.742593, 0.996195, -3.71201e-12, -0.0871557, -4.46982e-12, -1, -8.49977e-12, -0.0871557, 8.857e-12, -0.996195, 0
15.29, 2025-07-03__00-41-24.039386, -0.0478699, -0.438505, 0.0235882, -1.7027, -0.0264315, 1.14673, 0.705629, 0.000326802, -0.00391336, 0.000131311, -0.000360959, 5.21138e-05, -0.0189494, 3.39062e-05, -0.177661, -0.712435, -0.802454, 0.292461, 0.343884, -0.00103103, -0.499782, 0, 0, 0, 8, 0, 0, 0, 0.328112, -0.0164093, 0.493927, 0.486385, -0.0157403, 0.742593, 0.996195, -3.71201e-12, -0.0871557, -4.46982e-12, -1, -8.49977e-12, -0.0871557, 8.857e-12, -0.996195, 0
15.3, 2025-07-03__00-41-24.049388, -0.0478717, -0.438534, 0.0235829, -1.7027, -0.0264261, 1.14662, 0.705618, -0.00208813, 0.000832596, -0.00295587, 0.00218346, 0.000104831, -0.00964752, 0.000391709, -0.0980481, -0.903932, -0.681417, 0.332553, 0.35691, -0.0637681, -0.501875, 0, 0, 0, 8, 0, 0, 0, 0.328063, -0.0164077, 0.493928, 0.486385, -0.0157403, 0.742593, 0.996195, -3.71201e-12, -0.0871557, -4.46982e-12, -1, -8.49977e-12, -0.0871557, 8.857e-12, -0.996195, 0
15.31, 2025-07-03__00-41-24.059385, -0.0478691, -0.438608, 0.0235822, -1.70271, -0.026428, 1.14651, 0.705604, 0.00119627, -0.00267685, 0.000307574, -0.00060492, -5.47685e-05, -0.00330468, -0.00123604, -0.188088, -0.792145, -0.81802, 0.309042, 0.343539, -0.100129, -0.491032, 0, 0, 0, 8, 0, 0, 0, 0.328013, -0.0164077, 0.493946, 0.486385, -0.0157403, 0.742593, 0.996195, -3.71201e-12, -0.0871557, -4.46982e-12, -1, -8.49977e-12, -0.0871557, 8.857e-12, -0.996195, 0
15.32, 2025-07-03__00-41-24.069384, -0.0478738, -0.438678, 0.0235847, -1.7027, -0.0264261, 1.14639, 0.705593, -0.00123734, -0.00810107, 0.000608518, -0.0011875, 0.000427956, -0.0102694, 0.00123867, -0.170926, -0.551099, -0.794898, 0.219413, 0.341493, -0.0482164, -0.505488, 0, 0, 0, 8, 0, 0, 0, 0.327964, -0.016402, 0.493968, 0.486385, -0.0157403, 0.742593, 0.996195, -3.71201e-12, -0.0871557, -4.46982e-12, -1, -8.49977e-12, -0.0871557, 8.857e-12, -0.996195, 0
15.33, 2025-07-03__00-41-24.079386, -0.0478742, -0.438711, 0.0235812, -1.7027, -0.0264279, 1.14629, 0.705576, -0.00171754, 0.00043628, 0.000333609, 0.000878854, -2.10182e-06, -0.007596, -0.00134245, -0.151657, -0.922709, -0.77012, 0.35735, 0.349169, -0.0651531, -0.489133, 0, 0, 0, 8, 0, 0, 0, 0.327916, -0.0164044, 0.493973, 0.486385, -0.0157403, 0.742593, 0.996195, -3.71201e-12, -0.0871557, -4.46982e-12, -1, -8.49977e-12, -0.0871557, 8.857e-12, -0.996195, 0
15.34, 2025-07-03__00-41-24.089382, -0.0478666, -0.438781, 0.0235815, -1.7027, -0.0264278, 1.14618, 0.705572, 0.00152058, -0.0121512, 0.00193376, 0.000349784, -0.000174876, -0.0119396, 0.00182142, -0.225586, -0.336487, -0.872366, 0.111438, 0.334821, -0.0323022, -0.507674, 0, 0, 0, 8, 0, 0, 0, 0.327874, -0.0164049, 0.493988, 0.486385, -0.0157403, 0.742593, 0.996195, -3.71201e-12, -0.0871557, -4.46982e-12, -1, -8.49977e-12, -0.0871557, 8.857e-12, -0.996195, 0
15.35, 2025-07-03__00-41-24.099385, -0.0478691, -0.438833, 0.0235815, -1.70271, -0.026428, 1.14609, 0.705538, -0.000271865, -0.0053483, 0.0006779, -0.000532561, -4.19645e-05, -0.0110822, -0.00551403, -0.179241, -0.684711, -0.806954, 0.275265, 0.343976, -0.0327347, -0.461629, 0, 0, 0, 8, 0, 0, 0, 0.327827, -0.0164003, 0.494002, 0.486385, -0.0157403, 0.742593, 0.996195, -3.71201e-12, -0.0871557, -4.46982e-12, -1, -8.49977e-12, -0.0871557, 8.857e-12, -0.996195, 0
15.36, 2025-07-03__00-41-24.109385, -0.0478691, -0.438874, 0.0235814, -1.70271, -0.0264268, 1.14601, 0.705526, 0.000553495, -0.00402111, 0.0014219, -0.00114625, -9.67938e-05, -0.00514532, -0.00158128, -0.198023, -0.761631, -0.836671, 0.308737, 0.341865, -0.0700565, -0.484801, 0, 0, 0, 8, 0, 0, 0, 0.327793, -0.016401, 0.494016, 0.486385, -0.0157403, 0.742593, 0.996195, -3.71201e-12, -0.0871557, -4.46982e-12, -1, -8.49977e-12, -0.0871557, 8.857e-12, -0.996195, 0
15.37, 2025-07-03__00-41-24.119384, -0.0478667, -0.43892, 0.0235755, -1.7027, -0.0264261, 1.14595, 0.705523, 0.000847532, -0.00611809, -1.0498e-05, 0.000176056, 7.42317e-05, -0.00474488, -0.000487676, -0.182137, -0.63015, -0.806825, 0.233541, 0.342259, -0.0738995, -0.491541, 0, 0, 0, 8, 0, 0, 0, 0.327765, -0.0163988, 0.494027, 0.486385, -0.0157403, 0.742593, 0.996195, -3.71201e-12, -0.0871557, -4.46982e-12, -1, -8.49977e-12, -0.0871557, 8.857e-12, -0.996195, 0
15.38, 2025-07-03__00-41-24.129385, -0.0478659, -0.438969, 0.0235748, -1.7027, -0.026425, 1.14589, 0.705508, 0.000923707, -0.00380396, 0.00062368, -0.000803013, 0.000272942, -0.00846047, -0.000549278, -0.19015, -0.755359, -0.821842, 0.307037, 0.340504, -0.045248, -0.490214, 0, 0, 0, 8, 0, 0, 0, 0.327735, -0.016398, 0.494041, 0.486385, -0.0157403, 0.742593, 0.996195, -3.71201e-12, -0.0871557, -4.46982e-12, -1, -8.49977e-12, -0.0871557, 8.857e-12, -0.996195, 0
15.39, 2025-07-03__00-41-24.139387, -0.0478636, -0.439012, 0.0235772, -1.7027, -0.0264261, 1.14583, 0.705494, 0.00265301, -0.00387966, -3.7387e-05, -0.00106084, -9.77901e-06, -0.00640196, 2.75298e-05, -0.199692, -0.754371, -0.831466, 0.306877, 0.341044, -0.0574736, -0.492897, 0, 0, 0, 8, 0, 0, 0, 0.32771, -0.0163943, 0.494055, 0.486385, -0.0157403, 0.742593, 0.996195, -3.71201e-12, -0.0871557, -4.46982e-12, -1, -8.49977e-12, -0.0871557, 8.857e-12, -0.996195, 0
15.4, 2025-07-03__00-41-24.149385, -0.0478691, -0.439054, 0.0235751, -1.7027, -0.0264306, 1.14579, 0.705484, 0.00681309, -0.00219281, 0.000703942, -0.000976841, -0.000271657, -0.00331086, 0.000383303, -0.255955, -0.820524, -0.911337, 0.332078, 0.334158, -0.0784334, -0.494649, 0, 0, 0, 8, 0, 0, 0, 0.327683, -0.0163973, 0.494063, 0.486385, -0.0157403, 0.742593, 0.996195, -3.71201e-12, -0.0871557, -4.46982e-12, -1, -8.49977e-12, -0.0871557, 8.857e-12, -0.996195, 0
15.41, 2025-07-03__00-41-24.159384, -0.0478699, -0.439086, 0.0235713, -1.7027, -0.0264268, 1.14575, 0.705475, 0.000319825, -0.00360137, 0.000923074, 0.000310123, -1.04476e-05, -0.00461747, -0.000529129, -0.1875, -0.73156, -0.819404, 0.278346, 0.34259, -0.0702826, -0.48906, 0, 0, 0, 8, 0, 0, 0, 0.327664, -0.0164006, 0.494072, 0.486385, -0.0157403, 0.742593, 0.996195, -3.71201e-12, -0.0871557, -4.46982e-12, -1, -8.49977e-12, -0.0871557, 8.857e-12, -0.996195, 0
15.42, 2025-07-03__00-41-24.169382, -0.0478659, -0.439123, 0.023567, -1.7027, -0.0264268, 1.1457, 0.705468, 0.00101229, -0.00339931, 0.000131501, -0.000220623, 3.62993e-05, -0.0012376, -0.00163148, -0.183123, -0.750025, -0.80979, 0.287598, 0.343384, -0.091379, -0.482141, 0, 0, 0, 8, 0, 0, 0, 0.32764, -0.0163947, 0.494082, 0.486385, -0.0157403, 0.742593, 0.996195, -3.71201e-12, -0.0871557, -4.46982e-12, -1, -8.49977e-12, -0.0871557, 8.857e-12, -0.996195, 0
15.43, 2025-07-03__00-41-24.179385, -0.0478683, -0.43917, 0.023561, -1.7027, -0.0264268, 1.14565, 0.705461, -0.000355528, -0.0115488, -0.000586714, 0.00199462, -0.000191802, -0.00471982, -0.000946565, -0.16493, -0.317097, -0.777704, 0.0738434, 0.344616, -0.0703279, -0.486375, 0, 0, 0, 8, 0, 0, 0, 0.32762, -0.0163961, 0.494092, 0.486385, -0.0157403, 0.742593, 0.996195, -3.71201e-12, -0.0871557, -4.46982e-12, -1, -8.49977e-12, -0.0871557, 8.857e-12, -0.996195, 0
15.44, 2025-07-03__00-41-24.189384, -0.0478691, -0.439184, 0.0235599, -1.7027, -0.0264264, 1.14559, 0.705454, 0.000176268, -0.000328451, -0.000337648, 0.000581967, 0.00355252, -0.000768133, -0.000958568, -0.168988, -0.881687, -0.789473, 0.335855, 0.323721, -0.0919332, -0.485874, 0, 0, 0, 8, 0, 0, 0, 0.327591, -0.0163985, 0.494097, 0.486385, -0.0157403, 0.742593, 0.996195, -3.71201e-12, -0.0871557, -4.46982e-12, -1, -8.49977e-12, -0.0871557, 8.857e-12, -0.996195, 0
15.45, 2025-07-03__00-41-24.199387, -0.047867, -0.439221, 0.0235627, -1.7027, -0.0264274, 1.14553, 0.705453, 0.000617889, -0.00446474, 0.000153016, 0.00137246, 0.000105001, -0.00754964, -0.0071128, -0.180109, -0.671912, -0.804766, 0.245012, 0.342408, -0.0448873, -0.448256, 0, 0, 0, 8, 0, 0, 0, 0.327567, -0.0163981, 0.494106, 0.486385, -0.0157403, 0.742593, 0.996195, -3.71201e-12, -0.0871557, -4.46982e-12, -1, -8.49977e-12, -0.0871557, 8.857e-12, -0.996195, 0
15.46, 2025-07-03__00-41-24.209385, -0.0478666, -0.439259, 0.0235624, -1.7027, -0.0264268, 1.14548, 0.705452, 0.00101014, -0.00199229, 0.000930296, -0.000244634, 9.319e-05, -0.00499001, -0.000340649, -0.192909, -0.818507, -0.82758, 0.325957, 0.341407, -0.0588016, -0.489156, 0, 0, 0, 8, 0, 0, 0, 0.327544, -0.0163967, 0.494116, 0.486385, -0.0157403, 0.742593, 0.996195, -3.71201e-12, -0.0871557, -4.46982e-12, -1, -8.49977e-12, -0.0871557, 8.857e-12, -0.996195, 0
15.47, 2025-07-03__00-41-24.219381, -0.0478716, -0.439288, 0.0235536, -1.7027, -0.026426, 1.14543, 0.705436, -0.000942882, -0.00765711, -0.000992869, 0.000571707, 0.00030238, -0.00528, -0.00527863, -0.14753, -0.540234, -0.754562, 0.191874, 0.345624, -0.0565242, -0.459067, 0, 0, 0, 8, 0, 0, 0, 0.327521, -0.0163979, 0.494122, 0.486385, -0.0157403, 0.742593, 0.996195, -3.71201e-12, -0.0871557, -4.46982e-12, -1, -8.49977e-12, -0.0871557, 8.857e-12, -0.996195, 0
15.48, 2025-07-03__00-41-24.229384, -0.0478716, -0.439315, 0.0235535, -1.7027, -0.0264241, 1.14538, 0.705433, -0.00616726, -0.00425456, -0.000782105, -0.000565568, -0.00018183, -0.00610762, -0.000803956, -0.0861691, -0.732115, -0.675251, 0.291255, 0.359679, -0.047077, -0.486168, 0, 0, 0, 8, 0, 0, 0, 0.327499, -0.0163987, 0.494129, 0.486385, -0.0157403, 0.742593, 0.996195, -3.71201e-12, -0.0871557, -4.46982e-12, -1, -8.49977e-12, -0.0871557, 8.857e-12, -0.996195, 0
15.49, 2025-07-03__00-41-24.239386, -0.0478691, -0.439347, 0.0235591, -1.70271, -0.026422, 1.14535, 0.70543, -0.000363217, -0.00169486, 0.00139987, -0.00201419, 3.87104e-05, -0.00968549, 0.00111625, -0.18256, -0.872975, -0.81681, 0.378946, 0.343609, -0.0195425, -0.496762, 0, 0, 0, 8, 0, 0, 0, 0.32748, -0.016395, 0.494138, 0.486385, -0.0157403, 0.742593, 0.996195, -3.71201e-12, -0.0871557, -4.46982e-12, -1, -8.49977e-12, -0.0871557, 8.857e-12, -0.996195, 0
15.5, 2025-07-03__00-41-24.249385, -0.0478669, -0.439377, 0.0235526, -1.7027, -0.0264232, 1.14533, 0.705416, -0.000276028, -0.0045069, -0.000488467, 0.000486069, -6.51677e-07, -0.00330262, -0.000590591, -0.158825, -0.679826, -0.773243, 0.25285, 0.346529, -0.0679093, -0.486257, 0, 0, 0, 8, 0, 0, 0, 0.327467, -0.0163985, 0.494148, 0.486385, -0.0157403, 0.742593, 0.996195, -3.71201e-12, -0.0871557, -4.46982e-12, -1, -8.49977e-12, -0.0871557, 8.857e-12, -0.996195, 0
15.51, 2025-07-03__00-41-24.259385, -0.0478666, -0.439402, 0.0235531, -1.7027, -0.0264235, 1.14532, 0.70541, 0.000781159, -0.00189498, -0.00018869, 9.70303e-05, 9.74103e-07, -0.00391754, 0.00133849, -0.172606, -0.802154, -0.794329, 0.313075, 0.3451, -0.0633564, -0.497524, 0, 0, 0, 8, 0, 0, 0, 0.32746, -0.016396, 0.494155, 0.486385, -0.0157403, 0.742593, 0.996195, -3.71201e-12, -0.0871557, -4.46982e-12, -1, -8.49977e-12, -0.0871557, 8.857e-12, -0.996195, 0
15.52, 2025-07-03__00-41-24.269381, -0.0478716, -0.439423, 0.0235584, -1.7027, -0.0264245, 1.1453, 0.7054, -0.000132383, -0.000300477, 0.00199387, 0.000980326, 0.00015269, -0.000269671, -0.000499165, -0.194834, -0.854098, -0.835352, 0.321395, 0.34088, -0.0895358, -0.485874, 0, 0, 0, 8, 0, 0, 0, 0.327449, -0.0163975, 0.494162, 0.486385, -0.0157403, 0.742593, 0.996195, -3.71201e-12, -0.0871557, -4.46982e-12, -1, -8.49977e-12, -0.0871557, 8.857e-12, -0.996195, 0
15.53, 2025-07-03__00-41-24.279384, -0.0478681, -0.439476, 0.0235552, -1.7027, -0.0264221, 1.14527, 0.705398, 0.00280657, -0.00632019, 0.00149255, 0.00202136, -0.000101293, -0.00237218, -0.000196875, -0.226718, -0.533399, -0.872595, 0.169976, 0.335192, -0.0774482, -0.487501, 0, 0, 0, 8, 0, 0, 0, 0.327434, -0.0163946, 0.494177, 0.486385, -0.0157403, 0.742593, 0.996195, -3.71201e-12, -0.0871557, -4.46982e-12, -1, -8.49977e-12, -0.0871557, 8.857e-12, -0.996195, 0
15.54, 2025-07-03__00-41-24.289384, -0.0478694, -0.43949, 0.0235474, -1.7027, -0.0264213, 1.14525, 0.705394, -0.000326558, -0.000199387, -0.000983845, 0.000905275, 0.000332147, -0.00318032, 0.000535955, -0.146801, -0.850542, -0.755979, 0.32344, 0.347267, -0.068901, -0.492211, 0, 0, 0, 8, 0, 0, 0, 0.32742, -0.0163937, 0.494182, 0.486385, -0.0157403, 0.742593, 0.996195, -3.71201e-12, -0.0871557, -4.46982e-12, -1, -8.49977e-12, -0.0871557, 8.857e-12, -0.996195, 0
15.55, 2025-07-03__00-41-24.299384, -0.0478707, -0.439521, 0.0235471, -1.7027, -0.0264224, 1.14522, 0.705382, -0.000836303, -0.00570369, -0.000399198, 0.00119955, 7.89069e-05, -0.00760112, -0.000512122, -0.155412, -0.581214, -0.768071, 0.20724, 0.345841, -0.0387674, -0.485301, 0, 0, 0, 8, 0, 0, 0, 0.327406, -0.016393, 0.494188, 0.486385, -0.0157403, 0.742593, 0.996195, -3.71201e-12, -0.0871557, -4.46982e-12, -1, -8.49977e-12, -0.0871557, 8.857e-12, -0.996195, 0
15.56, 2025-07-03__00-41-24.309385, -0.0478695, -0.439561, 0.0235497, -1.7027, -0.0264257, 1.1452, 0.705381, -0.000838569, -0.00266748, -0.00103922, 0.000959086, -7.17463e-06, -0.001869, 0.00128013, -0.143057, -0.718663, -0.749853, 0.262071, 0.349625, -0.0780654, -0.496298, 0, 0, 0, 8, 0, 0, 0, 0.327395, -0.0163944, 0.494202, 0.486385, -0.0157403, 0.742593, 0.996195, -3.71201e-12, -0.0871557, -4.46982e-12, -1, -8.49977e-12, -0.0871557, 8.857e-12, -0.996195, 0
15.57, 2025-07-03__00-41-24.319381, -0.047867, -0.439569, 0.0235467, -1.7027, -0.0264213, 1.14519, 0.705371, 0.000269566, -0.000453613, -5.5901e-05, 0.000192644, 0.000269394, -0.00117042, 0.00116554, -0.168188, -0.836231, -0.789216, 0.323046, 0.344528, -0.0814031, -0.494819, 0, 0, 0, 8, 0, 0, 0, 0.327386, -0.0163956, 0.494206, 0.486385, -0.0157403, 0.742593, 0.996195, -3.71201e-12, -0.0871557, -4.46982e-12, -1, -8.49977e-12, -0.0871557, 8.857e-12, -0.996195, 0
15.58, 2025-07-03__00-41-24.329384, -0.0478629, -0.439612, 0.0235517, -1.7027, -0.026422, 1.14517, 0.705359, 0.00197592, -0.00387959, 0.000658564, 0.000853326, -3.79227e-05, 0.000133523, -0.00317362, -0.202931, -0.647004, -0.83756, 0.229876, 0.340094, -0.0921495, -0.467685, 0, 0, 0, 8, 0, 0, 0, 0.327373, -0.0163931, 0.494216, 0.486385, -0.0157403, 0.742593, 0.996195, -3.71201e-12, -0.0871557, -4.46982e-12, -1, -8.49977e-12, -0.0871557, 8.857e-12, -0.996195, 0
15.59, 2025-07-03__00-41-24.339386, -0.0478694, -0.439646, 0.0235468, -1.7027, -0.026422, 1.14515, 0.705359, -0.000538369, -0.00186984, -7.25688e-05, -0.000975684, 3.25014e-05, -0.00483288, 0.000526358, -0.15991, -0.775475, -0.777978, 0.314999, 0.347304, -0.0550084, -0.490464, 0, 0, 0, 8, 0, 0, 0, 0.327363, -0.0163945, 0.494229, 0.486385, -0.0157403, 0.742593, 0.996195, -3.71201e-12, -0.0871557, -4.46982e-12, -1, -8.49977e-12, -0.0871557, 8.857e-12, -0.996195, 0
15.6, 2025-07-03__00-41-24.349384, -0.047872, -0.439652, 0.0235439, -1.7027, -0.026422, 1.14513, 0.705353, -0.00141401, 0.00262658, -0.0015499, 0.000440654, -0.000783487, -0.000194785, -1.54776e-05, -0.121479, -0.962447, -0.720305, 0.373914, 0.359622, -0.0879341, -0.487213, 0, 0, 0, 8, 0, 0, 0, 0.32735, -0.0163919, 0.494233, 0.486385, -0.0157403, 0.742593, 0.996195, -3.71201e-12, -0.0871557, -4.46982e-12, -1, -8.49977e-12, -0.0871557, 8.857e-12, -0.996195, 0
15.61, 2025-07-03__00-41-24.359385, -0.0478685, -0.439689, 0.0235488, -1.7027, -0.0264222, 1.14511, 0.705345, -0.00111553, -0.000135978, 0.000452686, 0.000958576, -0.000177827, -0.00635671, 0.000400622, -0.160007, -0.810137, -0.78044, 0.310485, 0.348531, -0.0468521, -0.488924, 0, 0, 0, 8, 0, 0, 0, 0.327339, -0.0163915, 0.494241, 0.486385, -0.0157403, 0.742593, 0.996195, -3.71201e-12, -0.0871557, -4.46982e-12, -1, -8.49977e-12, -0.0871557, 8.857e-12, -0.996195, 0
15.62, 2025-07-03__00-41-24.369381, -0.0478662, -0.439709, 0.0235446, -1.7027, -0.026422, 1.1451, 0.705334, 0.000230673, -0.00133327, 0.000567585, 0.00159865, 1.18484e-05, -0.00383497, -0.00480758, -0.179154, -0.733453, -0.80561, 0.265344, 0.343945, -0.0654304, -0.456879, 0, 0, 0, 8, 0, 0, 0, 0.327331, -0.016393, 0.494242, 0.486385, -0.0157403, 0.742593, 0.996195, -3.71201e-12, -0.0871557, -4.46982e-12, -1, -8.49977e-12, -0.0871557, 8.857e-12, -0.996195, 0
15.63, 2025-07-03__00-41-24.379384, -0.0478643, -0.439738, 0.0235446, -1.7027, -0.0264212, 1.14508, 0.70533, 0.00051579, -0.00359955, -5.24466e-06, -0.000914781, 0.000258903, -0.00517224, -0.0021148, -0.175884, -0.673488, -0.798564, 0.269749, 0.343017, -0.0524479, -0.472929, 0, 0, 0, 8, 0, 0, 0, 0.32732, -0.0163917, 0.494256, 0.486385, -0.0157403, 0.742593, 0.996195, -3.71201e-12, -0.0871557, -4.46982e-12, -1, -8.49977e-12, -0.0871557, 8.857e-12, -0.996195, 0
15.64, 2025-07-03__00-41-24.389384, -0.0478635, -0.439759, 0.0235408, -1.7027, -0.0264215, 1.14506, 0.705331, 0.000866058, -0.00338009, -0.000552858, 0.00107582, 9.20648e-05, -0.00121189, 0.000947436, -0.171302, -0.638896, -0.788967, 0.224856, 0.344245, -0.0825659, -0.491787, 0, 0, 0, 8, 0, 0, 0, 0.327309, -0.0163929, 0.494261, 0.486385, -0.0157403, 0.742593, 0.996195, -3.71201e-12, -0.0871557, -4.46982e-12, -1, -8.49977e-12, -0.0871557, 8.857e-12, -0.996195, 0
15.65, 2025-07-03__00-41-24.399385, -0.0478663, -0.439774, 0.0235457, -1.7027, -0.0264226, 1.14505, 0.705325, -0.000174277, -0.0019909, 8.51755e-06, -0.000567562, -8.36511e-05, -0.000887396, -0.0002066, -0.166328, -0.735823, -0.786488, 0.28687, 0.3472, -0.0821344, -0.484444, 0, 0, 0, 8, 0, 0, 0, 0.327304, -0.0163916, 0.494264, 0.486385, -0.0157403, 0.742593, 0.996195, -3.71201e-12, -0.0871557, -4.46982e-12, -1, -8.49977e-12, -0.0871557, 8.857e-12, -0.996195, 0
15.66, 2025-07-03__00-41-24.409385, -0.0478661, -0.4398, 0.0235435, -1.7027, -0.0264216, 1.14504, 0.705321, 3.44465e-05, -0.00218449, 0.000767812, -5.758e-05, 6.85678e-05, 0.000161919, 0.00199182, -0.18072, -0.707555, -0.809158, 0.267035, 0.343597, -0.0906708, -0.497593, 0, 0, 0, 8, 0, 0, 0, 0.327297, -0.0163941, 0.494272, 0.486385, -0.0157403, 0.742593, 0.996195, -3.71201e-12, -0.0871557, -4.46982e-12, -1, -8.49977e-12, -0.0871557, 8.857e-12, -0.996195, 0
15.67, 2025-07-03__00-41-24.419386, -0.0478687, -0.439821, 0.02354, -1.7027, -0.0264183, 1.14501, 0.705316, -0.00292746, -0.000189466, -0.000568401, -0.000112127, -0.000113844, -0.00399757, 0.00184626, -0.123709, -0.806697, -0.726794, 0.317, 0.354241, -0.0607479, -0.496658, 0, 0, 0, 8, 0, 0, 0, 0.327282, -0.0163932, 0.494279, 0.486385, -0.0157403, 0.742593, 0.996195, -3.71201e-12, -0.0871557, -4.46982e-12, -1, -8.49977e-12, -0.0871557, 8.857e-12, -0.996195, 0
15.68, 2025-07-03__00-41-24.429385, -0.047866, -0.43984, 0.0235353, -1.7027, -0.0264188, 1.14499, 0.705302, 0.000109237, -0.000183056, -0.00113073, -0.000274264, 9.23898e-05, -5.22665e-05, -4.82921e-05, -0.150052, -0.805385, -0.759124, 0.312674, 0.348983, -0.087343, -0.484496, 0, 0, 0, 8, 0, 0, 0, 0.327271, -0.0163935, 0.494285, 0.486385, -0.0157403, 0.742593, 0.996195, -3.71201e-12, -0.0871557, -4.46982e-12, -1, -8.49977e-12, -0.0871557, 8.857e-12, -0.996195, 0
15.69, 2025-07-03__00-41-24.439384, -0.047866, -0.439858, 0.0235431, -1.7027, -0.0264208, 1.14497, 0.705292, 0.000471724, -0.00485908, 0.00101538, -0.00020449, 0.000163037, -0.00682649, -0.0017013, -0.192505, -0.579411, -0.824862, 0.22299, 0.340375, -0.0407804, -0.473568, 0, 0, 0, 8, 0, 0, 0, 0.327261, -0.0163916, 0.494284, 0.486385, -0.0157403, 0.742593, 0.996195, -3.71201e-12, -0.0871557, -4.46982e-12, -1, -8.49977e-12, -0.0871557, 8.857e-12, -0.996195, 0
15.7, 2025-07-03__00-41-24.449385, -0.047866, -0.439869, 0.0235375, -1.7027, -0.0264226, 1.14495, 0.705296, -8.48884e-05, -4.53515e-05, -0.00156895, 0.00155624, -9.01706e-05, -0.00140834, 0.000285199, -0.141563, -0.773084, -0.74499, 0.278974, 0.351109, -0.0797592, -0.486324, 0, 0, 0, 8, 0, 0, 0, 0.327253, -0.0163917, 0.494292, 0.486385, -0.0157403, 0.742593, 0.996195, -3.71201e-12, -0.0871557, -4.46982e-12, -1, -8.49977e-12, -0.0871557, 8.857e-12, -0.996195, 0
15.71, 2025-07-03__00-41-24.459386, -0.047866, -0.439894, 0.0235376, -1.7027, -0.0264196, 1.14493, 0.705287, 7.41211e-05, -0.0060211, -0.00061286, -0.000885134, -0.000356478, -0.000167195, -0.00300042, -0.16334, -0.537016, -0.77749, 0.201201, 0.348466, -0.0847252, -0.465846, 0, 0, 0, 8, 0, 0, 0, 0.327246, -0.0163905, 0.494297, 0.486385, -0.0157403, 0.742593, 0.996195, -3.71201e-12, -0.0871557, -4.46982e-12, -1, -8.49977e-12, -0.0871557, 8.857e-12, -0.996195, 0
15.72, 2025-07-03__00-41-24.469384, -0.0478685, -0.43991, 0.0235375, -1.70271, -0.0264178, 1.14492, 0.705278, -0.00087624, -0.00338566, -0.000522523, -0.00139256, -9.45302e-05, -0.00255299, -0.00521536, -0.151356, -0.672274, -0.763024, 0.270947, 0.349543, -0.0668313, -0.451926, 0, 0, 0, 8, 0, 0, 0, 0.327235, -0.0163884, 0.494305, 0.486385, -0.0157403, 0.742593, 0.996195, -3.71201e-12, -0.0871557, -4.46982e-12, -1, -8.49977e-12, -0.0871557, 8.857e-12, -0.996195, 0
15.73, 2025-07-03__00-41-24.479385, -0.0478667, -0.439913, 0.0235403, -1.7027, -0.0264209, 1.14489, 0.705285, 0.00291283, 0.000119847, 0.000137096, 0.000757301, 4.24143e-05, -0.000725997, 0.000735687, -0.201339, -0.790305, -0.834004, 0.296812, 0.340809, -0.0818722, -0.488094, 0, 0, 0, 8, 0, 0, 0, 0.327225, -0.0163909, 0.494303, 0.486385, -0.0157403, 0.742593, 0.996195, -3.71201e-12, -0.0871557, -4.46982e-12, -1, -8.49977e-12, -0.0871557, 8.857e-12, -0.996195, 0
15.74, 2025-07-03__00-41-24.489385, -0.0478662, -0.439938, 0.0235406, -1.7027, -0.0264206, 1.14487, 0.705278, -0.000189096, -0.00523315, 0.00162347, -0.00091633, 0.00034934, -0.00426074, 0.00016108, -0.194677, -0.57042, -0.831003, 0.224051, 0.338927, -0.0550351, -0.484293, 0, 0, 0, 8, 0, 0, 0, 0.327214, -0.0163922, 0.494309, 0.486385, -0.0157403, 0.742593, 0.996195, -3.71201e-12, -0.0871557, -4.46982e-12, -1, -8.49977e-12, -0.0871557, 8.857e-12, -0.996195, 0
15.75, 2025-07-03__00-41-24.499387, -0.0478663, -0.439958, 0.0235344, -1.70271, -0.0264225, 1.14486, 0.705273, 0.000879305, -0.00112381, -0.00145259, -0.00118873, -0.000341976, -0.0013481, -0.00014792, -0.154207, -0.770273, -0.763164, 0.310508, 0.351268, -0.0740016, -0.48255, 0, 0, 0, 8, 0, 0, 0, 0.327206, -0.0163901, 0.494317, 0.486385, -0.0157403, 0.742593, 0.996195, -3.71201e-12, -0.0871557, -4.46982e-12, -1, -8.49977e-12, -0.0871557, 8.857e-12, -0.996195, 0
15.76, 2025-07-03__00-41-24.509386, -0.0478692, -0.439966, 0.0235349, -1.7027, -0.0264198, 1.14485, 0.705276, -0.000453825, -0.00135724, 0.000933047, -0.000291514, 0.000156366, -1.31392e-05, 0.000695336, -0.176513, -0.735156, -0.804467, 0.283184, 0.343911, -0.084928, -0.487771, 0, 0, 0, 8, 0, 0, 0, 0.327202, -0.0163927, 0.494319, 0.486385, -0.0157403, 0.742593, 0.996195, -3.71201e-12, -0.0871557, -4.46982e-12, -1, -8.49977e-12, -0.0871557, 8.857e-12, -0.996195, 0
15.77, 2025-07-03__00-41-24.519387, -0.0478734, -0.439983, 0.0235348, -1.7027, -0.0264172, 1.14483, 0.705268, -0.00109169, -0.00478465, 0.000611597, -0.000579944, 7.83393e-05, -0.000402086, -0.000867158, -0.167655, -0.579086, -0.789786, 0.217491, 0.344915, -0.0814823, -0.477998, 0, 0, 0, 8, 0, 0, 0, 0.327195, -0.0163908, 0.494324, 0.486385, -0.0157403, 0.742593, 0.996195, -3.71201e-12, -0.0871557, -4.46982e-12, -1, -8.49977e-12, -0.0871557, 8.857e-12, -0.996195, 0
15.78, 2025-07-03__00-41-24.529387, -0.0478667, -0.439986, 0.0235347, -1.7027, -0.0264211, 1.14482, 0.705261, -8.40706e-05, -0.00155963, 0.000129627, 0.00115801, -0.000196662, -0.00353422, -0.000374288, -0.168639, -0.695764, -0.789012, 0.253985, 0.347021, -0.0620148, -0.48049, 0, 0, 0, 8, 0, 0, 0, 0.327188, -0.0163897, 0.494323, 0.486385, -0.0157403, 0.742593, 0.996195, -3.71201e-12, -0.0871557, -4.46982e-12, -1, -8.49977e-12, -0.0871557, 8.857e-12, -0.996195, 0
15.79, 2025-07-03__00-41-24.539386, -0.0478713, -0.439994, 0.0235312, -1.7027, -0.0264173, 1.1448, 0.705257, 9.16223e-05, 0.000916135, -0.000303499, -0.000780949, 1.80065e-05, -0.000119119, 0.000512282, -0.160608, -0.854979, -0.777909, 0.342203, 0.348076, -0.0815949, -0.485754, 0, 0, 0, 8, 0, 0, 0, 0.327184, -0.0163921, 0.494331, 0.486385, -0.0157403, 0.742593, 0.996195, -3.71201e-12, -0.0871557, -4.46982e-12, -1, -8.49977e-12, -0.0871557, 8.857e-12, -0.996195, 0
15.8, 2025-07-03__00-41-24.549378, -0.047866, -0.440013, 0.0235308, -1.7027, -0.0264172, 1.14479, 0.705253, 0.00137109, -0.000884391, 0.000924671, -0.00099418, 6.266e-06, -0.000235924, -0.000361861, -0.195937, -0.766965, -0.830524, 0.306608, 0.342087, -0.0808386, -0.480024, 0, 0, 0, 8, 0, 0, 0, 0.327176, -0.0163921, 0.494333, 0.486385, -0.0157403, 0.742593, 0.996195, -3.71201e-12, -0.0871557, -4.46982e-12, -1, -8.49977e-12, -0.0871557, 8.857e-12, -0.996195, 0
15.81, 2025-07-03__00-41-24.559376, -0.0478691, -0.440024, 0.0235251, -1.7027, -0.0264165, 1.14478, 0.705251, 0.000172401, -0.000807297, -0.00209164, -0.00132835, 0.00027088, 5.98148e-05, 0.000719564, -0.136314, -0.78028, -0.735827, 0.31405, 0.350114, -0.0819779, -0.486967, 0, 0, 0, 8, 0, 0, 0, 0.327167, -0.0163919, 0.494335, 0.486385, -0.0157403, 0.742593, 0.996195, -3.71201e-12, -0.0871557, -4.46982e-12, -1, -8.49977e-12, -0.0871557, 8.857e-12, -0.996195, 0
15.82, 2025-07-03__00-41-24.569383, -0.0478734, -0.440035, 0.0235223, -1.7027, -0.0264172, 1.14476, 0.705247, -0.0014205, -0.000842395, -0.00155017, -0.000486966, 0.000149176, -0.00292845, 0.00142303, -0.12597, -0.762864, -0.724308, 0.301132, 0.352071, -0.0620255, -0.491226, 0, 0, 0, 8, 0, 0, 0, 0.327159, -0.01639, 0.494337, 0.486385, -0.0157403, 0.742593, 0.996195, -3.71201e-12, -0.0871557, -4.46982e-12, -1, -8.49977e-12, -0.0871557, 8.857e-12, -0.996195, 0
15.83, 2025-07-03__00-41-24.579379, -0.0478635, -0.440039, 0.0235223, -1.7027, -0.0264172, 1.14474, 0.705239, 0.000640632, -0.00160265, -0.00160956, -0.000108757, -8.02334e-06, -0.000433089, -0.00132849, -0.149681, -0.720607, -0.754986, 0.27475, 0.34926, -0.0789857, -0.473856, 0, 0, 0, 8, 0, 0, 0, 0.327153, -0.0163915, 0.494334, 0.486385, -0.0157403, 0.742593, 0.996195, -3.71201e-12, -0.0871557, -4.46982e-12, -1, -8.49977e-12, -0.0871557, 8.857e-12, -0.996195, 0
15.84, 2025-07-03__00-41-24.589385, -0.0478688, -0.440056, 0.0235276, -1.7027, -0.0264172, 1.14472, 0.705236, 0.000399723, -0.00142212, -0.000544166, 0.000703014, 0.000124114, -0.00576505, -0.00081044, -0.163335, -0.710045, -0.77851, 0.26932, 0.345761, -0.0431179, -0.476662, 0, 0, 0, 8, 0, 0, 0, 0.327145, -0.0163903, 0.494343, 0.486385, -0.0157403, 0.742593, 0.996195, -3.71201e-12, -0.0871557, -4.46982e-12, -1, -8.49977e-12, -0.0871557, 8.857e-12, -0.996195, 0
15.85, 2025-07-03__00-41-24.599385, -0.0478682, -0.440061, 0.0235328, -1.7027, -0.0264172, 1.14471, 0.70523, 0.00507355, -0.00183422, 0.00242619, 0.00181171, 0.000858549, -5.93949e-05, -0.00128013, -0.26403, -0.65896, -0.92766, 0.227474, 0.324526, -0.0842263, -0.473027, 0, 0, 0, 8, 0, 0, 0, 0.327137, -0.0163923, 0.494343, 0.486385, -0.0157403, 0.742593, 0.996195, -3.71201e-12, -0.0871557, -4.46982e-12, -1, -8.49977e-12, -0.0871557, 8.857e-12, -0.996195, 0
15.86, 2025-07-03__00-41-24.609385, -0.0478663, -0.440079, 0.0235244, -1.7027, -0.0264165, 1.14469, 0.705231, 0.000610223, -3.52189e-05, 0.00016282, -0.000453512, 0.000343412, -4.18373e-05, -0.000244469, -0.175092, -0.796668, -0.798723, 0.313196, 0.343332, -0.0799822, -0.479885, 0, 0, 0, 8, 0, 0, 0, 0.32713, -0.0163928, 0.494349, 0.486385, -0.0157403, 0.742593, 0.996195, -3.71201e-12, -0.0871557, -4.46982e-12, -1, -8.49977e-12, -0.0871557, 8.857e-12, -0.996195, 0
15.87, 2025-07-03__00-41-24.619386, -0.0478663, -0.440092, 0.0235194, -1.70271, -0.0264179, 1.14468, 0.70523, 0.000186693, -0.00202023, -0.000161795, -0.00199074, -0.00183946, 7.33673e-05, 0.000781812, -0.162669, -0.738118, -0.780298, 0.305152, 0.359118, -0.0780408, -0.486243, 0, 0, 0, 8, 0, 0, 0, 0.32712, -0.0163934, 0.494353, 0.486385, -0.0157403, 0.742593, 0.996195, -3.71201e-12, -0.0871557, -4.46982e-12, -1, -8.49977e-12, -0.0871557, 8.857e-12, -0.996195, 0
15.88, 2025-07-03__00-41-24.629388, -0.0478668, -0.440102, 0.0235249, -1.7027, -0.0264178, 1.14466, 0.705217, 0.000250223, -0.00105536, 0.00148335, -0.000103123, -0.000142169, -0.00154523, -0.000788549, -0.191483, -0.739159, -0.826608, 0.286699, 0.343422, -0.0695586, -0.475827, 0, 0, 0, 8, 0, 0, 0, 0.327112, -0.0163935, 0.494355, 0.486385, -0.0157403, 0.742593, 0.996195, -3.71201e-12, -0.0871557, -4.46982e-12, -1, -8.49977e-12, -0.0871557, 8.857e-12, -0.996195, 0
15.89, 2025-07-03__00-41-24.639386, -0.0478694, -0.440109, 0.023524, -1.7027, -0.0264172, 1.14465, 0.705217, -0.000829401, -0.00249041, 0.00160076, 0.000204056, 2.02584e-05, -0.000123016, 0.000910806, -0.182683, -0.665663, -0.814814, 0.248068, 0.343241, -0.0796492, -0.486302, 0, 0, 0, 8, 0, 0, 0, 0.327108, -0.0163935, 0.494356, 0.486385, -0.0157403, 0.742593, 0.996195, -3.71201e-12, -0.0871557, -4.46982e-12, -1, -8.49977e-12, -0.0871557, 8.857e-12, -0.996195, 0
15.9, 2025-07-03__00-41-24.649387, -0.0478667, -0.440122, 0.0235183, -1.7027, -0.0264178, 1.14462, 0.705214, 0.000276415, -0.000715906, -0.000743822, 0.000191029, -0.000149164, -0.00789672, -0.00146559, -0.156876, -0.753993, -0.769014, 0.298642, 0.348817, -0.0246661, -0.471759, 0, 0, 0, 8, 0, 0, 0, 0.327098, -0.0163928, 0.494361, 0.486385, -0.0157403, 0.742593, 0.996195, -3.71201e-12, -0.0871557, -4.46982e-12, -1, -8.49977e-12, -0.0871557, 8.857e-12, -0.996195, 0
15.91, 2025-07-03__00-41-24.659377, -0.047866, -0.440128, 0.0235184, -1.7027, -0.0264185, 1.14461, 0.705211, -0.000702618, 0.00037764, -9.56631e-05, 0.00054052, -0.0005082, -0.00453344, -0.00225988, -0.154166, -0.798467, -0.768868, 0.309506, 0.351893, -0.0480118, -0.466873, 0, 0, 0, 8, 0, 0, 0, 0.32709, -0.0163928, 0.494361, 0.486385, -0.0157403, 0.742593, 0.996195, -3.71201e-12, -0.0871557, -4.46982e-12, -1, -8.49977e-12, -0.0871557, 8.857e-12, -0.996195, 0
15.92, 2025-07-03__00-41-24.669376, -0.0478685, -0.440152, 0.023516, -1.7027, -0.0264178, 1.1446, 0.705208, -0.000545797, -0.00133013, -6.55637e-05, 8.87005e-05, 0.000229588, -0.000346324, -0.00269041, -0.159478, -0.720259, -0.775726, 0.273443, 0.346079, -0.0765665, -0.464344, 0, 0, 0, 8, 0, 0, 0, 0.327083, -0.016393, 0.494367, 0.486385, -0.0157403, 0.742593, 0.996195, -3.71201e-12, -0.0871557, -4.46982e-12, -1, -8.49977e-12, -0.0871557, 8.857e-12, -0.996195, 0
15.93, 2025-07-03__00-41-24.679383, -0.0478682, -0.44016, 0.0235155, -1.7027, -0.0264133, 1.14459, 0.705204, -0.000882811, -0.000481342, -0.00059794, 9.14123e-05, 0.000371592, -0.0029392, -0.00159202, -0.146528, -0.76062, -0.755873, 0.294972, 0.347254, -0.0583733, -0.470646, 0, 0, 0, 8, 0, 0, 0, 0.327078, -0.0163921, 0.49437, 0.486385, -0.0157403, 0.742593, 0.996195, -3.71201e-12, -0.0871557, -4.46982e-12, -1, -8.49977e-12, -0.0871557, 8.857e-12, -0.996195, 0
15.94, 2025-07-03__00-41-24.689394, -0.0478685, -0.440179, 0.0235152, -1.7027, -0.0264159, 1.14459, 0.705207, -0.000359034, -0.00311009, -0.000926083, -0.0014176, 0.000559526, 0.000253868, 0.00084382, -0.150492, -0.660619, -0.759385, 0.262957, 0.34531, -0.078916, -0.485764, 0, 0, 0, 8, 0, 0, 0, 0.327075, -0.0163913, 0.494376, 0.486385, -0.0157403, 0.742593, 0.996195, -3.71201e-12, -0.0871557, -4.46982e-12, -1, -8.49977e-12, -0.0871557, 8.857e-12, -0.996195, 0
15.95, 2025-07-03__00-41-24.699396, -0.0478659, -0.440195, 0.0235127, -1.7027, -0.026417, 1.14457, 0.705197, 0.000315791, -0.00275702, -0.00124342, 0.00102506, -0.000180188, -0.00043106, -0.00105116, -0.152371, -0.624977, -0.759171, 0.219806, 0.349154, -0.0774682, -0.473816, 0, 0, 0, 8, 0, 0, 0, 0.32707, -0.016391, 0.49438, 0.486385, -0.0157403, 0.742593, 0.996195, -3.71201e-12, -0.0871557, -4.46982e-12, -1, -8.49977e-12, -0.0871557, 8.857e-12, -0.996195, 0
15.96, 2025-07-03__00-41-24.709387, -0.047866, -0.440204, 0.0235127, -1.7027, -0.0264171, 1.14456, 0.705197, -0.00196441, -0.00209079, -0.00144541, 0.00153641, -9.95918e-05, -0.000248788, -0.00109565, -0.123136, -0.646865, -0.719043, 0.222741, 0.353413, -0.0791653, -0.473716, 0, 0, 0, 8, 0, 0, 0, 0.327065, -0.016391, 0.494382, 0.486385, -0.0157403, 0.742593, 0.996195, -3.71201e-12, -0.0871557, -4.46982e-12, -1, -8.49977e-12, -0.0871557, 8.857e-12, -0.996195, 0
15.97, 2025-07-03__00-41-24.719385, -0.0478626, -0.44022, 0.0235152, -1.7027, -0.026416, 1.14455, 0.705196, 0.00052798, -0.00231635, -0.00088209, 0.000939543, 0.000225361, -0.00150206, -0.00421292, -0.161046, -0.641979, -0.772709, 0.230264, 0.345393, -0.0697347, -0.454398, 0, 0, 0, 8, 0, 0, 0, 0.327054, -0.0163884, 0.494388, 0.486385, -0.0157403, 0.742593, 0.996195, -3.71201e-12, -0.0871557, -4.46982e-12, -1, -8.49977e-12, -0.0871557, 8.857e-12, -0.996195, 0
15.98, 2025-07-03__00-41-24.729387, -0.0478659, -0.440233, 0.0235142, -1.7027, -0.0264168, 1.14454, 0.70519, 1.77309e-05, -0.000882063, -0.000759797, -0.000663939, -0.000171116, 1.65535e-05, 0.000145805, -0.154149, -0.740869, -0.765431, 0.290688, 0.349866, -0.0776336, -0.48064, 0, 0, 0, 8, 0, 0, 0, 0.327048, -0.0163906, 0.494393, 0.486385, -0.0157403, 0.742593, 0.996195, -3.71201e-12, -0.0871557, -4.46982e-12, -1, -8.49977e-12, -0.0871557, 8.857e-12, -0.996195, 0
15.99, 2025-07-03__00-41-24.739384, -0.0478684, -0.440243, 0.0235151, -1.7027, -0.0264168, 1.14452, 0.705185, -0.00148417, -0.000938033, -0.00104398, 0.000128262, -5.01288e-05, -0.00026353, 0.00154796, -0.1332, -0.724741, -0.735678, 0.274329, 0.352182, -0.0761914, -0.489025, 0, 0, 0, 8, 0, 0, 0, 0.327043, -0.0163909, 0.494395, 0.486385, -0.0157403, 0.742593, 0.996195, -3.71201e-12, -0.0871557, -4.46982e-12, -1, -8.49977e-12, -0.0871557, 8.857e-12, -0.996195, 0
16, 2025-07-03__00-41-24.749385, -0.0478684, -0.440258, 0.0235151, -1.7027, -0.0264185, 1.1445, 0.705178, -0.000333402, -0.00233558, -0.000683866, -0.001329, -0.000627921, -0.000159916, -0.000266558, -0.151958, -0.687221, -0.762672, 0.275176, 0.353027, -0.0742562, -0.477623, 0, 0, 0, 8, 0, 0, 0, 0.327034, -0.0163906, 0.494399, 0.486385, -0.0157403, 0.742593, 0.996195, -3.71201e-12, -0.0871557, -4.46982e-12, -1, -8.49977e-12, -0.0871557, 8.857e-12, -0.996195, 0
16.01, 2025-07-03__00-41-24.759387, -0.047866, -0.44027, 0.023513, -1.70269, -0.0264164, 1.14448, 0.705175, 0.000140564, -0.000873342, -0.000668758, 0.00178338, 8.83313e-05, 0.000127165, -0.000441752, -0.158042, -0.686855, -0.769923, 0.238163, 0.346834, -0.0808197, -0.476388, 0, 0, 0, 8, 0, 0, 0, 0.327026, -0.0163896, 0.4944, 0.486385, -0.0157403, 0.742593, 0.996195, -3.71201e-12, -0.0871557, -4.46982e-12, -1, -8.49977e-12, -0.0871557, 8.857e-12, -0.996195, 0
16.02, 2025-07-03__00-41-24.769386, -0.047866, -0.440282, 0.0235148, -1.7027, -0.0264146, 1.14446, 0.705169, 0.000571155, 0.000888053, 0.000521537, 0.000811368, -0.000114229, -0.00441417, -0.00165173, -0.178276, -0.793069, -0.80397, 0.304802, 0.345442, -0.046914, -0.468372, 0, 0, 0, 8, 0, 0, 0, 0.327013, -0.0163915, 0.494403, 0.486385, -0.0157403, 0.742593, 0.996195, -3.71201e-12, -0.0871557, -4.46982e-12, -1, -8.49977e-12, -0.0871557, 8.857e-12, -0.996195, 0
16.03, 2025-07-03__00-41-24.779386, -0.047866, -0.440298, 0.0235148, -1.70271, -0.0264165, 1.14443, 0.705168, -8.72313e-05, 0.000648829, 0.000458415, -0.0028016, 0.000296776, -0.00399673, -0.00227275, -0.169934, -0.862481, -0.794108, 0.377425, 0.345354, -0.042679, -0.464601, 0, 0, 0, 8, 0, 0, 0, 0.327, -0.0163919, 0.494413, 0.486385, -0.0157403, 0.742593, 0.996195, -3.71201e-12, -0.0871557, -4.46982e-12, -1, -8.49977e-12, -0.0871557, 8.857e-12, -0.996195, 0
16.04, 2025-07-03__00-41-24.789387, -0.0478684, -0.440305, 0.0235141, -1.70271, -0.0264165, 1.14441, 0.705173, 0.000579288, -0.000101323, 0.000234337, -0.000636825, 0.000469576, -0.00111319, 0.00121096, -0.175386, -0.783465, -0.799319, 0.312668, 0.34237, -0.0652525, -0.48612, 0, 0, 0, 8, 0, 0, 0, 0.326991, -0.0163918, 0.494409, 0.486385, -0.0157403, 0.742593, 0.996195, -3.71201e-12, -0.0871557, -4.46982e-12, -1, -8.49977e-12, -0.0871557, 8.857e-12, -0.996195, 0
16.05, 2025-07-03__00-41-24.799385, -0.0478682, -0.440311, 0.0235168, -1.7027, -0.026416, 1.1444, 0.705174, -0.00135338, 0.00071626, 0.0014468, -0.000211612, 0.000101715, -0.000281579, 0.00123627, -0.170768, -0.810742, -0.799312, 0.318824, 0.345544, -0.0717501, -0.486295, 0, 0, 0, 8, 0, 0, 0, 0.326986, -0.0163881, 0.494412, 0.486385, -0.0157403, 0.742593, 0.996195, -3.71201e-12, -0.0871557, -4.46982e-12, -1, -8.49977e-12, -0.0871557, 8.857e-12, -0.996195, 0
16.06, 2025-07-03__00-41-24.809385, -0.0478632, -0.440323, 0.0235116, -1.7027, -0.0264168, 1.14439, 0.705164, 0.000360331, -0.000289002, -0.000293114, -0.00126034, -0.000140852, -0.000591248, -0.00243392, -0.164303, -0.783043, -0.781689, 0.318722, 0.348432, -0.0678245, -0.463607, 0, 0, 0, 8, 0, 0, 0, 0.326981, -0.0163886, 0.494414, 0.486385, -0.0157403, 0.742593, 0.996195, -3.71201e-12, -0.0871557, -4.46982e-12, -1, -8.49977e-12, -0.0871557, 8.857e-12, -0.996195, 0
16.07, 2025-07-03__00-41-24.819382, -0.0478681, -0.440337, 0.0235088, -1.7027, -0.0264129, 1.14438, 0.705167, 0.000658076, -0.00450532, -0.0014385, 0.000167623, -4.73885e-05, -0.00262742, 0.000375068, -0.154472, -0.552791, -0.760634, 0.202026, 0.347417, -0.0562366, -0.48095, 0, 0, 0, 8, 0, 0, 0, 0.326976, -0.0163882, 0.494416, 0.486385, -0.0157403, 0.742593, 0.996195, -3.71201e-12, -0.0871557, -4.46982e-12, -1, -8.49977e-12, -0.0871557, 8.857e-12, -0.996195, 0
16.08, 2025-07-03__00-41-24.829385, -0.0478634, -0.440344, 0.0235116, -1.7027, -0.0264147, 1.14437, 0.705159, 0.00108423, -0.00102446, 0.000454618, -0.000728179, 0.000317827, 0.000333587, -0.00127489, -0.185505, -0.732621, -0.813273, 0.289176, 0.34162, -0.0748673, -0.470273, 0, 0, 0, 8, 0, 0, 0, 0.326971, -0.0163905, 0.494419, 0.486385, -0.0157403, 0.742593, 0.996195, -3.71201e-12, -0.0871557, -4.46982e-12, -1, -8.49977e-12, -0.0871557, 8.857e-12, -0.996195, 0
16.09, 2025-07-03__00-41-24.839385, -0.0478632, -0.440348, 0.0235115, -1.7027, -0.026416, 1.14435, 0.705158, 0.00149006, 0.000273599, 0.000188066, -0.000316833, 4.85798e-05, -0.000107007, 0.000333676, -0.184136, -0.78864, -0.810506, 0.310142, 0.343754, -0.0715212, -0.47997, 0, 0, 0, 8, 0, 0, 0, 0.326965, -0.016389, 0.494422, 0.486385, -0.0157403, 0.742593, 0.996195, -3.71201e-12, -0.0871557, -4.46982e-12, -1, -8.49977e-12, -0.0871557, 8.857e-12, -0.996195, 0
16.1, 2025-07-03__00-41-24.849385, -0.0478652, -0.440356, 0.0235065, -1.7027, -0.0264117, 1.14434, 0.705151, -0.000292785, -0.00100877, -0.00161025, -0.000190292, 0.000283295, -6.39581e-05, -0.000510835, -0.137937, -0.728841, -0.738878, 0.280625, 0.349226, -0.0716272, -0.474786, 0, 0, 0, 8, 0, 0, 0, 0.326961, -0.0163858, 0.494424, 0.486385, -0.0157403, 0.742593, 0.996195, -3.71201e-12, -0.0871557, -4.46982e-12, -1, -8.49977e-12, -0.0871557, 8.857e-12, -0.996195, 0
16.11, 2025-07-03__00-41-24.859386, -0.0478638, -0.440365, 0.0235081, -1.7027, -0.0264124, 1.14433, 0.705148, -0.000125333, -0.00112908, -7.54544e-05, -0.000736126, -1.41061e-05, 0.000691726, -0.000336455, -0.162805, -0.731719, -0.780014, 0.2881, 0.347281, -0.0759121, -0.475529, 0, 0, 0, 8, 0, 0, 0, 0.326953, -0.0163917, 0.494424, 0.486385, -0.0157403, 0.742593, 0.996195, -3.71201e-12, -0.0871557, -4.46982e-12, -1, -8.49977e-12, -0.0871557, 8.857e-12, -0.996195, 0
16.12, 2025-07-03__00-41-24.869390, -0.0478681, -0.440368, 0.0235091, -1.70269, -0.0264136, 1.14432, 0.705144, -0.00542641, 0.00151735, 0.000608159, 0.00241154, -7.0916e-05, -0.00212317, 0.00847151, -0.110545, -0.793225, -0.713195, 0.282104, 0.355526, -0.0613086, -0.52905, 0, 0, 0, 8, 0, 0, 0, 0.326948, -0.01639, 0.494428, 0.486385, -0.0157403, 0.742593, 0.996195, -3.71201e-12, -0.0871557, -4.46982e-12, -1, -8.49977e-12, -0.0871557, 8.857e-12, -0.996195, 0
16.13, 2025-07-03__00-41-24.879387, -0.0478652, -0.440379, 0.0235059, -1.7027, -0.0264134, 1.1443, 0.705141, 1.3441e-05, -0.000893763, -0.0015042, -0.000637601, -0.000196246, -0.00027414, 0.000295083, -0.141862, -0.744273, -0.744901, 0.293512, 0.351863, -0.0682593, -0.479178, 0, 0, 0, 8, 0, 0, 0, 0.326939, -0.0163883, 0.494431, 0.486385, -0.0157403, 0.742593, 0.996195, -3.71201e-12, -0.0871557, -4.46982e-12, -1, -8.49977e-12, -0.0871557, 8.857e-12, -0.996195, 0
16.14, 2025-07-03__00-41-24.889385, -0.0478685, -0.440387, 0.0235056, -1.7027, -0.0264138, 1.14428, 0.705137, -0.000761586, 0.000154558, -0.00027103, 0.000360151, -0.000435103, -0.0051817, 0.000419873, -0.15007, -0.774719, -0.762022, 0.303607, 0.35177, -0.0352288, -0.479678, 0, 0, 0, 8, 0, 0, 0, 0.326931, -0.0163895, 0.49443, 0.486385, -0.0157403, 0.742593, 0.996195, -3.71201e-12, -0.0871557, -4.46982e-12, -1, -8.49977e-12, -0.0871557, 8.857e-12, -0.996195, 0
16.15, 2025-07-03__00-41-24.899384, -0.0478685, -0.440393, 0.0235084, -1.7027, -0.0264128, 1.14426, 0.705137, -0.000972337, -0.00267745, 0.00143285, -0.00110067, 7.00841e-05, -0.002046, 0.00150341, -0.177196, -0.672729, -0.806534, 0.271474, 0.343868, -0.0540251, -0.486099, 0, 0, 0, 8, 0, 0, 0, 0.326923, -0.0163887, 0.494432, 0.486385, -0.0157403, 0.742593, 0.996195, -3.71201e-12, -0.0871557, -4.46982e-12, -1, -8.49977e-12, -0.0871557, 8.857e-12, -0.996195, 0
16.16, 2025-07-03__00-41-24.909385, -0.047868, -0.4404, 0.0235084, -1.7027, -0.0264168, 1.14425, 0.705126, -0.00121647, -0.000482227, -0.000215589, -0.000397599, 0.000103659, -0.0024628, -0.00118515, -0.147849, -0.763024, -0.759506, 0.30324, 0.349132, -0.0516513, -0.469468, 0, 0, 0, 8, 0, 0, 0, 0.326919, -0.0163871, 0.494432, 0.486385, -0.0157403, 0.742593, 0.996195, -3.71201e-12, -0.0871557, -4.46982e-12, -1, -8.49977e-12, -0.0871557, 8.857e-12, -0.996195, 0
16.17, 2025-07-03__00-41-24.919384, -0.0478613, -0.440415, 0.0235053, -1.7027, -0.0264118, 1.14424, 0.705131, 0.000880825, -0.00130105, -8.07006e-05, 0.000980574, 0.000388114, 0.000149722, 0.000684063, -0.175159, -0.68962, -0.795596, 0.250881, 0.342085, -0.0719903, -0.480807, 0, 0, 0, 8, 0, 0, 0, 0.326913, -0.0163892, 0.494437, 0.486385, -0.0157403, 0.742593, 0.996195, -3.71201e-12, -0.0871557, -4.46982e-12, -1, -8.49977e-12, -0.0871557, 8.857e-12, -0.996195, 0
16.18, 2025-07-03__00-41-24.929387, -0.0478638, -0.440428, 0.0235052, -1.7027, -0.0264118, 1.14423, 0.705129, -0.000255196, -0.000867719, -0.000218578, 0.000257536, 5.1058e-05, 0.00057269, 0.000814856, -0.158908, -0.723956, -0.773677, 0.273728, 0.34719, -0.0736372, -0.481633, 0, 0, 0, 8, 0, 0, 0, 0.326907, -0.0163888, 0.494442, 0.486385, -0.0157403, 0.742593, 0.996195, -3.71201e-12, -0.0871557, -4.46982e-12, -1, -8.49977e-12, -0.0871557, 8.857e-12, -0.996195, 0
16.19, 2025-07-03__00-41-24.939386, -0.047865, -0.440445, 0.0235053, -1.7027, -0.0264173, 1.14421, 0.705121, 0.000272472, -0.00232538, 4.8665e-05, 0.000382152, -0.000334352, -0.000254087, -0.000576368, -0.170185, -0.650872, -0.789608, 0.241462, 0.3476, -0.0678041, -0.472949, 0, 0, 0, 8, 0, 0, 0, 0.326896, -0.0163891, 0.494441, 0.486385, -0.0157403, 0.742593, 0.996195, -3.71201e-12, -0.0871557, -4.46982e-12, -1, -8.49977e-12, -0.0871557, 8.857e-12, -0.996195, 0
16.2, 2025-07-03__00-41-24.949387, -0.047866, -0.440455, 0.0235024, -1.7027, -0.0264132, 1.1442, 0.705122, -9.19384e-05, -0.000703378, -0.000838725, 0.00058409, 0.000244185, -0.00368161, 0.00104551, -0.15127, -0.722962, -0.760261, 0.27576, 0.347001, -0.0441537, -0.482803, 0, 0, 0, 8, 0, 0, 0, 0.326891, -0.0163898, 0.49445, 0.486385, -0.0157403, 0.742593, 0.996195, -3.71201e-12, -0.0871557, -4.46982e-12, -1, -8.49977e-12, -0.0871557, 8.857e-12, -0.996195, 0
16.21, 2025-07-03__00-41-24.959386, -0.0478659, -0.440469, 0.0235052, -1.7027, -0.0264117, 1.1442, 0.705118, 0.000202294, -0.00163474, 0.000419804, -0.000883859, 0.000152284, -0.00238323, -0.000948193, -0.174574, -0.702554, -0.797981, 0.282532, 0.344097, -0.0514416, -0.470321, 0, 0, 0, 8, 0, 0, 0, 0.32689, -0.0163889, 0.494453, 0.486385, -0.0157403, 0.742593, 0.996195, -3.71201e-12, -0.0871557, -4.46982e-12, -1, -8.49977e-12, -0.0871557, 8.857e-12, -0.996195, 0
16.22, 2025-07-03__00-41-24.969385, -0.0478678, -0.440484, 0.0235045, -1.7027, -0.0264125, 1.14418, 0.705113, -0.00148077, -0.000947661, -0.000484524, 0.000456504, -0.00015774, -0.00449344, -0.000985606, -0.140766, -0.709149, -0.747869, 0.272351, 0.351273, -0.0382898, -0.470057, 0, 0, 0, 8, 0, 0, 0, 0.326884, -0.016386, 0.494457, 0.486385, -0.0157403, 0.742593, 0.996195, -3.71201e-12, -0.0871557, -4.46982e-12, -1, -8.49977e-12, -0.0871557, 8.857e-12, -0.996195, 0
16.23, 2025-07-03__00-41-24.979379, -0.0478634, -0.440503, 0.0235014, -1.7027, -0.0264125, 1.14418, 0.705116, 0.00402975, -0.00266121, 0.004483, -0.000694994, -4.01324e-05, -0.00121552, 0.000800312, -0.280105, -0.633895, -0.959039, 0.250954, 0.327712, -0.0604769, -0.480469, 0, 0, 0, 8, 0, 0, 0, 0.326877, -0.0163908, 0.494462, 0.486385, -0.0157403, 0.742593, 0.996195, -3.71201e-12, -0.0871557, -4.46982e-12, -1, -8.49977e-12, -0.0871557, 8.857e-12, -0.996195, 0
16.24, 2025-07-03__00-41-24.989384, -0.0478662, -0.440517, 0.023499, -1.7027, -0.0264117, 1.14417, 0.705113, -0.000335438, -0.00322275, -0.00127434, -0.00114681, 0.000126844, -0.000328879, 0.000429667, -0.144181, -0.624677, -0.748246, 0.246723, 0.348837, -0.0652871, -0.478854, 0, 0, 0, 8, 0, 0, 0, 0.326871, -0.0163887, 0.494468, 0.486385, -0.0157403, 0.742593, 0.996195, -3.71201e-12, -0.0871557, -4.46982e-12, -1, -8.49977e-12, -0.0871557, 8.857e-12, -0.996195, 0
16.25, 2025-07-03__00-41-24.999386, -0.0478652, -0.440526, 0.0234988, -1.7027, -0.0264124, 1.14416, 0.705111, 0.000185468, -0.000301114, 0.000861567, 0.000481478, -1.87521e-05, 5.01008e-05, -0.0017048, -0.179692, -0.724432, -0.806815, 0.272884, 0.344306, -0.0701753, -0.465657, 0, 0, 0, 8, 0, 0, 0, 0.326866, -0.0163909, 0.49447, 0.486385, -0.0157403, 0.742593, 0.996195, -3.71201e-12, -0.0871557, -4.46982e-12, -1, -8.49977e-12, -0.0871557, 8.857e-12, -0.996195, 0
16.26, 2025-07-03__00-41-25.009386, -0.0478659, -0.440541, 0.0234934, -1.7027, -0.026413, 1.14415, 0.705109, 0.000971913, -0.00328217, -0.00116743, -0.000867878, -6.37146e-05, -6.33019e-05, 0.000402723, -0.160103, -0.610236, -0.769863, 0.237018, 0.347333, -0.0674263, -0.478624, 0, 0, 0, 8, 0, 0, 0, 0.326861, -0.0163913, 0.494473, 0.486385, -0.0157403, 0.742593, 0.996195, -3.71201e-12, -0.0871557, -4.46982e-12, -1, -8.49977e-12, -0.0871557, 8.857e-12, -0.996195, 0
16.27, 2025-07-03__00-41-25.019386, -0.0478657, -0.440562, 0.0234985, -1.7027, -0.0264124, 1.14413, 0.705103, -0.000148448, -0.00298062, 0.00213204, 0.00058048, -2.00618e-05, -0.000246598, -0.000610299, -0.198095, -0.588759, -0.836701, 0.212469, 0.340512, -0.0682405, -0.471893, 0, 0, 0, 8, 0, 0, 0, 0.326853, -0.0163918, 0.49448, 0.486385, -0.0157403, 0.742593, 0.996195, -3.71201e-12, -0.0871557, -4.46982e-12, -1, -8.49977e-12, -0.0871557, 8.857e-12, -0.996195, 0
16.28, 2025-07-03__00-41-25.029386, -0.0478677, -0.440562, 0.0234984, -1.7027, -0.0264128, 1.14412, 0.705106, -0.000261902, -0.000684912, 0.00114548, -0.000786476, -2.45815e-05, 4.90104e-05, 0.0015784, -0.178756, -0.728915, -0.807518, 0.289899, 0.344663, -0.0674737, -0.485386, 0, 0, 0, 8, 0, 0, 0, 0.326846, -0.0163885, 0.49448, 0.486385, -0.0157403, 0.742593, 0.996195, -3.71201e-12, -0.0871557, -4.46982e-12, -1, -8.49977e-12, -0.0871557, 8.857e-12, -0.996195, 0
16.29, 2025-07-03__00-41-25.039386, -0.047866, -0.440568, 0.0234963, -1.7027, -0.0264111, 1.14411, 0.705096, 0.000150354, -0.000135773, 0.000898991, -0.000265948, 0.000369028, -0.00049711, 0.0034059, -0.179687, -0.743763, -0.807312, 0.291172, 0.341939, -0.0642092, -0.495895, 0, 0, 0, 8, 0, 0, 0, 0.326842, -0.016388, 0.494481, 0.486385, -0.0157403, 0.742593, 0.996195, -3.71201e-12, -0.0871557, -4.46982e-12, -1, -8.49977e-12, -0.0871557, 8.857e-12, -0.996195, 0
16.3, 2025-07-03__00-41-25.049386, -0.047866, -0.440585, 0.0234928, -1.7027, -0.0264137, 1.14409, 0.705092, -0.000477651, -0.00114194, -0.000181165, 0.000943479, -0.00046597, -0.000756776, 0.000532084, -0.156172, -0.671844, -0.769436, 0.244981, 0.350551, -0.0637645, -0.478597, 0, 0, 0, 8, 0, 0, 0, 0.326836, -0.0163912, 0.494486, 0.486385, -0.0157403, 0.742593, 0.996195, -3.71201e-12, -0.0871557, -4.46982e-12, -1, -8.49977e-12, -0.0871557, 8.857e-12, -0.996195, 0
16.31, 2025-07-03__00-41-25.059386, -0.0478649, -0.440586, 0.0234956, -1.70269, -0.026413, 1.14409, 0.705093, -0.000163798, 0.00102201, -0.000224361, 0.00162275, -0.00021878, -0.00420228, 0.00139949, -0.157519, -0.755453, -0.771533, 0.279357, 0.349025, -0.0414618, -0.483697, 0, 0, 0, 8, 0, 0, 0, 0.326831, -0.0163884, 0.494488, 0.486385, -0.0157403, 0.742593, 0.996195, -3.71201e-12, -0.0871557, -4.46982e-12, -1, -8.49977e-12, -0.0871557, 8.857e-12, -0.996195, 0
16.32, 2025-07-03__00-41-25.069383, -0.0478611, -0.440593, 0.0234924, -1.7027, -0.0264137, 1.14408, 0.705087, 0.00177335, -0.00302426, 0.000518526, 0.000422197, -0.000558133, 1.10864e-05, -0.00119535, -0.194254, -0.590222, -0.823258, 0.214505, 0.34476, -0.0682293, -0.467625, 0, 0, 0, 8, 0, 0, 0, 0.326826, -0.0163909, 0.49449, 0.486385, -0.0157403, 0.742593, 0.996195, -3.71201e-12, -0.0871557, -4.46982e-12, -1, -8.49977e-12, -0.0871557, 8.857e-12, -0.996195, 0
16.33, 2025-07-03__00-41-25.079386, -0.047865, -0.440607, 0.0234952, -1.7027, -0.0264117, 1.14407, 0.705083, 0.00333079, -0.000240093, 0.00128905, 0.00102817, -2.92579e-06, -0.00502847, -0.00100441, -0.221513, -0.703333, -0.864487, 0.266114, 0.337083, -0.0343529, -0.468266, 0, 0, 0, 8, 0, 0, 0, 0.326821, -0.0163899, 0.494493, 0.486385, -0.0157403, 0.742593, 0.996195, -3.71201e-12, -0.0871557, -4.46982e-12, -1, -8.49977e-12, -0.0871557, 8.857e-12, -0.996195, 0
16.34, 2025-07-03__00-41-25.089386, -0.0478629, -0.440616, 0.0234892, -1.7027, -0.0264111, 1.14406, 0.705089, 0.00404403, 0.000117713, -9.33761e-05, 0.000195457, 0.000330315, -0.000751566, 0.000142431, -0.208293, -0.737183, -0.840354, 0.283737, 0.33749, -0.0622555, -0.475761, 0, 0, 0, 8, 0, 0, 0, 0.326814, -0.0163901, 0.494492, 0.486385, -0.0157403, 0.742593, 0.996195, -3.71201e-12, -0.0871557, -4.46982e-12, -1, -8.49977e-12, -0.0871557, 8.857e-12, -0.996195, 0
16.35, 2025-07-03__00-41-25.099386, -0.0478685, -0.440639, 0.0234892, -1.7027, -0.0264124, 1.14404, 0.705079, 6.34451e-05, -0.00190098, -9.99678e-05, -6.24672e-05, -6.19474e-05, -0.000656385, -3.68546e-05, -0.164581, -0.647822, -0.781169, 0.246132, 0.346647, -0.0622244, -0.474598, 0, 0, 0, 8, 0, 0, 0, 0.326809, -0.016391, 0.4945, 0.486385, -0.0157403, 0.742593, 0.996195, -3.71201e-12, -0.0871557, -4.46982e-12, -1, -8.49977e-12, -0.0871557, 8.857e-12, -0.996195, 0
16.36, 2025-07-03__00-41-25.109386, -0.0478634, -0.440643, 0.0234892, -1.7027, -0.0264124, 1.14403, 0.705078, 0.00105717, 0.00161927, 0.00083809, -0.00172745, -8.62837e-05, 0.000148227, -0.000645149, -0.186034, -0.847486, -0.816528, 0.354041, 0.344892, -0.0646867, -0.470563, 0, 0, 0, 8, 0, 0, 0, 0.326801, -0.0163909, 0.494503, 0.486385, -0.0157403, 0.742593, 0.996195, -3.71201e-12, -0.0871557, -4.46982e-12, -1, -8.49977e-12, -0.0871557, 8.857e-12, -0.996195, 0
16.37, 2025-07-03__00-41-25.119385, -0.0478663, -0.440667, 0.0234837, -1.7027, -0.0264124, 1.14401, 0.705084, 5.22378e-05, -0.00531018, -0.000927825, -0.000218663, -2.44068e-05, -0.000185127, 0.0017151, -0.155157, -0.488483, -0.763148, 0.17595, 0.346932, -0.0648437, -0.485702, 0, 0, 0, 8, 0, 0, 0, 0.326794, -0.0163932, 0.494509, 0.486385, -0.0157403, 0.742593, 0.996195, -3.71201e-12, -0.0871557, -4.46982e-12, -1, -8.49977e-12, -0.0871557, 8.857e-12, -0.996195, 0
16.38, 2025-07-03__00-41-25.129387, -0.0478655, -0.440681, 0.023484, -1.7027, -0.026412, 1.14399, 0.705079, 0.00082168, -0.00159014, 0.000104473, 0.000198465, -0.000151639, -0.00632048, 0.000941483, -0.175227, -0.65284, -0.796296, 0.25446, 0.345155, -0.0225188, -0.480434, 0, 0, 0, 8, 0, 0, 0, 0.32678, -0.0163924, 0.494513, 0.486385, -0.0157403, 0.742593, 0.996195, -3.71201e-12, -0.0871557, -4.46982e-12, -1, -8.49977e-12, -0.0871557, 8.857e-12, -0.996195, 0
16.39, 2025-07-03__00-41-25.139386, -0.0478652, -0.44069, 0.0234832, -1.7027, -0.026413, 1.14398, 0.705072, 0.000740669, -5.44552e-05, 0.000369963, -0.000355079, -0.000343833, -0.000162252, -0.0012097, -0.176646, -0.735354, -0.800327, 0.288492, 0.347063, -0.0637789, -0.467183, 0, 0, 0, 8, 0, 0, 0, 0.326775, -0.0163921, 0.494516, 0.486385, -0.0157403, 0.742593, 0.996195, -3.71201e-12, -0.0871557, -4.46982e-12, -1, -8.49977e-12, -0.0871557, 8.857e-12, -0.996195, 0
16.4, 2025-07-03__00-41-25.149387, -0.0478681, -0.440715, 0.023486, -1.7027, -0.0264124, 1.14397, 0.705073, -0.000348561, -0.00401326, 0.000706973, 0.000177523, 0.000119118, -0.00133293, -0.000441349, -0.174792, -0.5314, -0.797937, 0.193083, 0.343065, -0.0571239, -0.471972, 0, 0, 0, 8, 0, 0, 0, 0.326769, -0.0163899, 0.494521, 0.486385, -0.0157403, 0.742593, 0.996195, -3.71201e-12, -0.0871557, -4.46982e-12, -1, -8.49977e-12, -0.0871557, 8.857e-12, -0.996195, 0
16.41, 2025-07-03__00-41-25.159386, -0.0478634, -0.440725, 0.0234902, -1.7027, -0.0264113, 1.14396, 0.705071, 0.00308625, 0.000747282, 0.00173102, 0.000195048, -0.000184035, -0.00057411, -0.000699389, -0.224024, -0.748828, -0.870767, 0.289861, 0.338376, -0.062138, -0.469737, 0, 0, 0, 8, 0, 0, 0, 0.326762, -0.0163884, 0.494527, 0.486385, -0.0157403, 0.742593, 0.996195, -3.71201e-12, -0.0871557, -4.46982e-12, -1, -8.49977e-12, -0.0871557, 8.857e-12, -0.996195, 0
16.42, 2025-07-03__00-41-25.169384, -0.0478627, -0.440751, 0.0234884, -1.7027, -0.0264124, 1.14395, 0.705066, 0.00101115, -0.000727474, 0.000816462, 0.000576701, -0.000115289, -9.53711e-05, -0.00162596, -0.188799, -0.667041, -0.818186, 0.24726, 0.34327, -0.0663398, -0.464197, 0, 0, 0, 8, 0, 0, 0, 0.326755, -0.0163898, 0.494534, 0.486385, -0.0157403, 0.742593, 0.996195, -3.71201e-12, -0.0871557, -4.46982e-12, -1, -8.49977e-12, -0.0871557, 8.857e-12, -0.996195, 0
16.43, 2025-07-03__00-41-25.179387, -0.0478685, -0.440769, 0.0234836, -1.7027, -0.0264116, 1.14393, 0.705067, -0.0017843, -0.00109772, -3.17931e-05, 0.000154258, 0.000192208, -0.000555444, -0.000519648, -0.144465, -0.660212, -0.754687, 0.24883, 0.348305, -0.0619469, -0.471416, 0, 0, 0, 8, 0, 0, 0, 0.326745, -0.0163913, 0.494539, 0.486385, -0.0157403, 0.742593, 0.996195, -3.71201e-12, -0.0871557, -4.46982e-12, -1, -8.49977e-12, -0.0871557, 8.857e-12, -0.996195, 0
16.44, 2025-07-03__00-41-25.189385, -0.0478682, -0.440792, 0.0234828, -1.7027, -0.0264117, 1.14393, 0.705068, 0.000221001, -0.00165877, -0.000576067, 0.00126901, 0.000422852, -0.00102228, 0.00117918, -0.160237, -0.600137, -0.772431, 0.209659, 0.343711, -0.0613905, -0.481759, 0, 0, 0, 8, 0, 0, 0, 0.326742, -0.0163898, 0.494546, 0.486385, -0.0157403, 0.742593, 0.996195, -3.71201e-12, -0.0871557, -4.46982e-12, -1, -8.49977e-12, -0.0871557, 8.857e-12, -0.996195, 0
16.45, 2025-07-03__00-41-25.199388, -0.0478659, -0.440804, 0.0234856, -1.7027, -0.0264099, 1.14392, 0.70506, 0.000626793, -0.000559473, 0.00132921, 0.000517714, -0.000368869, -0.000795212, -8.6045e-05, -0.19124, -0.663164, -0.824052, 0.247438, 0.344288, -0.0617567, -0.473318, 0, 0, 0, 8, 0, 0, 0, 0.326735, -0.0163926, 0.494551, 0.486385, -0.0157403, 0.742593, 0.996195, -3.71201e-12, -0.0871557, -4.46982e-12, -1, -8.49977e-12, -0.0871557, 8.857e-12, -0.996195, 0
16.46, 2025-07-03__00-41-25.209387, -0.0478634, -0.440817, 0.0234856, -1.7027, -0.0264117, 1.14391, 0.705058, 0.000815164, 0.000968236, 0.00125732, 0.00118303, 0.000221535, 0.000337833, -0.00110539, -0.192308, -0.718192, -0.825411, 0.262363, 0.340746, -0.0704078, -0.467075, 0, 0, 0, 8, 0, 0, 0, 0.32673, -0.0163922, 0.494554, 0.486385, -0.0157403, 0.742593, 0.996195, -3.71201e-12, -0.0871557, -4.46982e-12, -1, -8.49977e-12, -0.0871557, 8.857e-12, -0.996195, 0
16.47, 2025-07-03__00-41-25.219386, -0.0478635, -0.440842, 0.0234828, -1.70271, -0.0264117, 1.1439, 0.705061, 0.000207985, -0.000713393, 0.000993733, -0.00171798, 0.000250097, -0.000567827, 0.000489369, -0.18223, -0.69684, -0.811242, 0.287911, 0.342534, -0.0596537, -0.476997, 0, 0, 0, 8, 0, 0, 0, 0.326722, -0.0163918, 0.494562, 0.486385, -0.0157403, 0.742593, 0.996195, -3.71201e-12, -0.0871557, -4.46982e-12, -1, -8.49977e-12, -0.0871557, 8.857e-12, -0.996195, 0
16.48, 2025-07-03__00-41-25.229388, -0.0478679, -0.440868, 0.0234827, -1.7027, -0.0264141, 1.14389, 0.70506, -0.000398737, -0.00201923, -0.000187325, 0.000768801, 0.000620325, -0.00428262, -0.00230017, -0.160455, -0.574389, -0.774687, 0.209007, 0.342564, -0.0386629, -0.460378, 0, 0, 0, 8, 0, 0, 0, 0.326716, -0.0163904, 0.494568, 0.486385, -0.0157403, 0.742593, 0.996195, -3.71201e-12, -0.0871557, -4.46982e-12, -1, -8.49977e-12, -0.0871557, 8.857e-12, -0.996195, 0
16.49, 2025-07-03__00-41-25.239385, -0.0478634, -0.440878, 0.0234769, -1.7027, -0.0264124, 1.14388, 0.705054, 0.00146493, -0.000850525, -0.000313692, -0.00116878, -9.46898e-06, 3.77553e-05, -0.00110837, -0.176461, -0.667029, -0.796501, 0.266708, 0.344967, -0.0652924, -0.467231, 0, 0, 0, 8, 0, 0, 0, 0.32671, -0.0163916, 0.494572, 0.486385, -0.0157403, 0.742593, 0.996195, -3.71201e-12, -0.0871557, -4.46982e-12, -1, -8.49977e-12, -0.0871557, 8.857e-12, -0.996195, 0
16.5, 2025-07-03__00-41-25.249386, -0.047861, -0.440882, 0.0234768, -1.7027, -0.0264124, 1.14387, 0.705058, 0.00152186, -0.000310889, -0.000423975, -0.000324432, 3.03989e-05, -0.00409002, 0.000502834, -0.17493, -0.675993, -0.793705, 0.267137, 0.344663, -0.0377716, -0.477074, 0, 0, 0, 8, 0, 0, 0, 0.326709, -0.0163902, 0.494574, 0.486385, -0.0157403, 0.742593, 0.996195, -3.71201e-12, -0.0871557, -4.46982e-12, -1, -8.49977e-12, -0.0871557, 8.857e-12, -0.996195, 0
16.51, 2025-07-03__00-41-25.259385, -0.0478634, -0.440897, 0.0234849, -1.7027, -0.026411, 1.14385, 0.705058, 0.000639343, -0.00155167, 0.0018182, 8.84367e-06, 2.17187e-05, -0.00400835, -0.000722291, -0.200831, -0.608029, -0.839208, 0.234058, 0.34004, -0.038509, -0.469368, 0, 0, 0, 8, 0, 0, 0, 0.326699, -0.0163891, 0.494578, 0.486385, -0.0157403, 0.742593, 0.996195, -3.71201e-12, -0.0871557, -4.46982e-12, -1, -8.49977e-12, -0.0871557, 8.857e-12, -0.996195, 0
16.52, 2025-07-03__00-41-25.269384, -0.0478634, -0.440905, 0.0234742, -1.7027, -0.0264124, 1.14384, 0.705054, 0.000992234, -0.000726749, -0.00135372, -0.000723549, 1.86992e-05, -0.00456728, -0.000481017, -0.154935, -0.664937, -0.7623, 0.267166, 0.34795, -0.0330186, -0.471122, 0, 0, 0, 8, 0, 0, 0, 0.326691, -0.0163921, 0.494579, 0.486385, -0.0157403, 0.742593, 0.996195, -3.71201e-12, -0.0871557, -4.46982e-12, -1, -8.49977e-12, -0.0871557, 8.857e-12, -0.996195, 0
16.53, 2025-07-03__00-41-25.279387, -0.0478599, -0.440921, 0.0234772, -1.7027, -0.0264124, 1.14383, 0.705056, 0.00200318, -0.00153411, 0.000523511, 0.00105771, -4.32672e-06, -0.00123173, 0.00051312, -0.196598, -0.582484, -0.826466, 0.205783, 0.340645, -0.0590739, -0.477039, 0, 0, 0, 8, 0, 0, 0, 0.326686, -0.0163903, 0.494582, 0.486385, -0.0157403, 0.742593, 0.996195, -3.71201e-12, -0.0871557, -4.46982e-12, -1, -8.49977e-12, -0.0871557, 8.857e-12, -0.996195, 0
16.54, 2025-07-03__00-41-25.289383, -0.0478677, -0.440924, 0.0234794, -1.7027, -0.0264084, 1.14382, 0.705048, -0.00131918, -0.000682447, -0.000130082, 0.000320596, 0.000125526, -0.00286478, -0.000457634, -0.147935, -0.64351, -0.758689, 0.243085, 0.347991, -0.0459907, -0.470904, 0, 0, 0, 8, 0, 0, 0, 0.326681, -0.0163871, 0.494585, 0.486385, -0.0157403, 0.742593, 0.996195, -3.71201e-12, -0.0871557, -4.46982e-12, -1, -8.49977e-12, -0.0871557, 8.857e-12, -0.996195, 0
16.55, 2025-07-03__00-41-25.299387, -0.0478631, -0.440924, 0.023474, -1.7027, -0.026413, 1.14381, 0.705044, -0.000378342, 0.00057268, -0.00097188, -0.000992306, -0.00432241, -0.00196905, -0.00161258, -0.136051, -0.734658, -0.739346, 0.298227, 0.379193, -0.0495986, -0.463799, 0, 0, 0, 8, 0, 0, 0, 0.326677, -0.0163887, 0.494585, 0.486385, -0.0157403, 0.742593, 0.996195, -3.71201e-12, -0.0871557, -4.46982e-12, -1, -8.49977e-12, -0.0871557, 8.857e-12, -0.996195, 0
16.56, 2025-07-03__00-41-25.309385, -0.0478653, -0.440929, 0.0234796, -1.7027, -0.0264098, 1.1438, 0.705049, -0.000789671, 0.000728089, -0.00029753, -0.000331131, -0.00042962, -0.000792954, 0.00141691, -0.148749, -0.726604, -0.759845, 0.284806, 0.352063, -0.0583706, -0.482272, 0, 0, 0, 8, 0, 0, 0, 0.326674, -0.0163872, 0.49459, 0.486385, -0.0157403, 0.742593, 0.996195, -3.71201e-12, -0.0871557, -4.46982e-12, -1, -8.49977e-12, -0.0871557, 8.857e-12, -0.996195, 0
16.57, 2025-07-03__00-41-25.319385, -0.0478654, -0.440934, 0.0234796, -1.7027, -0.0264105, 1.1438, 0.705046, -0.000629149, 0.00070658, 0.000647061, -0.000674366, -0.000475703, -0.000239809, -0.000662175, -0.16495, -0.729709, -0.786369, 0.289901, 0.349914, -0.0618596, -0.469486, 0, 0, 0, 8, 0, 0, 0, 0.326671, -0.0163903, 0.494588, 0.486385, -0.0157403, 0.742593, 0.996195, -3.71201e-12, -0.0871557, -4.46982e-12, -1, -8.49977e-12, -0.0871557, 8.857e-12, -0.996195, 0
16.58, 2025-07-03__00-41-25.329386, -0.0478652, -0.440945, 0.0234747, -1.7027, -0.0264105, 1.14379, 0.705043, 0.000183987, -0.00145387, -0.000463327, -0.000256536, 0.000322924, 0.000263844, 0.000626568, -0.160813, -0.617504, -0.774197, 0.23374, 0.344755, -0.065933, -0.477366, 0, 0, 0, 8, 0, 0, 0, 0.326668, -0.0163884, 0.494588, 0.486385, -0.0157403, 0.742593, 0.996195, -3.71201e-12, -0.0871557, -4.46982e-12, -1, -8.49977e-12, -0.0871557, 8.857e-12, -0.996195, 0
16.59, 2025-07-03__00-41-25.339386, -0.0478634, -0.440948, 0.0234788, -1.7027, -0.0264113, 1.14378, 0.70504, 0.00140324, -0.000863297, 0.000602677, 0.00166531, 0.000303101, -0.000157064, -0.000509522, -0.191037, -0.604012, -0.819443, 0.206874, 0.33963, -0.0656743, -0.470069, 0, 0, 0, 8, 0, 0, 0, 0.326664, -0.0163887, 0.494589, 0.486385, -0.0157403, 0.742593, 0.996195, -3.71201e-12, -0.0871557, -4.46982e-12, -1, -8.49977e-12, -0.0871557, 8.857e-12, -0.996195, 0
16.6, 2025-07-03__00-41-25.349385, -0.0478649, -0.440952, 0.0234711, -1.7027, -0.0264092, 1.14377, 0.705039, -0.00017243, -2.19614e-05, -0.000797307, -0.000182652, -0.000180133, -0.00167531, -4.20292e-05, -0.148853, -0.686632, -0.75684, 0.266592, 0.350122, -0.0517614, -0.473128, 0, 0, 0, 8, 0, 0, 0, 0.326658, -0.0163881, 0.494593, 0.486385, -0.0157403, 0.742593, 0.996195, -3.71201e-12, -0.0871557, -4.46982e-12, -1, -8.49977e-12, -0.0871557, 8.857e-12, -0.996195, 0
16.61, 2025-07-03__00-41-25.359385, -0.0478683, -0.440956, 0.0234736, -1.7027, -0.0264124, 1.14377, 0.705036, -0.00649957, 0.000333899, -0.000537654, -0.00063165, -3.11888e-05, -0.00101575, 0.000688176, -0.0814457, -0.717623, -0.668316, 0.283418, 0.360513, -0.0554957, -0.477879, 0, 0, 0, 8, 0, 0, 0, 0.326657, -0.0163898, 0.494594, 0.486385, -0.0157403, 0.742593, 0.996195, -3.71201e-12, -0.0871557, -4.46982e-12, -1, -8.49977e-12, -0.0871557, 8.857e-12, -0.996195, 0
16.62, 2025-07-03__00-41-25.369386, -0.0478712, -0.440965, 0.0234711, -1.7027, -0.0264122, 1.14376, 0.705033, -0.00204211, -0.00089633, -0.00374494, -0.000404736, 2.6499e-05, 8.61329e-05, 0.000682003, -0.084421, -0.652597, -0.655808, 0.24935, 0.359294, -0.0632667, -0.477813, 0, 0, 0, 8, 0, 0, 0, 0.326653, -0.0163909, 0.494595, 0.486385, -0.0157403, 0.742593, 0.996195, -3.71201e-12, -0.0871557, -4.46982e-12, -1, -8.49977e-12, -0.0871557, 8.857e-12, -0.996195, 0
16.63, 2025-07-03__00-41-25.379389, -0.0478681, -0.440971, 0.0234712, -1.7027, -0.0264076, 1.14376, 0.70503, -0.00181918, -0.000723653, -0.00114645, 0.000219859, -0.000120836, 0.000376841, 0.00260015, -0.125829, -0.642353, -0.72381, 0.238442, 0.353136, -0.0666791, -0.488896, 0, 0, 0, 8, 0, 0, 0, 0.326649, -0.0163871, 0.494596, 0.486385, -0.0157403, 0.742593, 0.996195, -3.71201e-12, -0.0871557, -4.46982e-12, -1, -8.49977e-12, -0.0871557, 8.857e-12, -0.996195, 0
16.64, 2025-07-03__00-41-25.389384, -0.047863, -0.440975, 0.0234734, -1.7027, -0.0264063, 1.14375, 0.705026, 0.000470733, 0.000657545, -0.000948335, 9.67844e-05, 0.000308104, 0.000295503, 0.000362958, -0.15441, -0.707833, -0.763522, 0.26977, 0.34632, -0.0655162, -0.47475, 0, 0, 0, 8, 0, 0, 0, 0.326643, -0.0163865, 0.494594, 0.486385, -0.0157403, 0.742593, 0.996195, -3.71201e-12, -0.0871557, -4.46982e-12, -1, -8.49977e-12, -0.0871557, 8.857e-12, -0.996195, 0
16.65, 2025-07-03__00-41-25.399385, -0.0478605, -0.440984, 0.0234736, -1.7027, -0.0264115, 1.14374, 0.705021, 0.000923232, -0.00213132, -0.00105051, -0.000758347, 0.000216062, -0.000148377, -0.000550744, -0.161065, -0.593233, -0.771257, 0.229564, 0.345623, -0.0610934, -0.469057, 0, 0, 0, 8, 0, 0, 0, 0.326643, -0.0163869, 0.494601, 0.486385, -0.0157403, 0.742593, 0.996195, -3.71201e-12, -0.0871557, -4.46982e-12, -1, -8.49977e-12, -0.0871557, 8.857e-12, -0.996195, 0
16.66, 2025-07-03__00-41-25.409386, -0.0478653, -0.440996, 0.0234764, -1.7027, -0.0264083, 1.14373, 0.705019, -0.000750509, -0.00165075, -2.11624e-05, -4.35757e-05, -0.000300626, -0.000245126, -0.00133493, -0.156397, -0.599758, -0.770085, 0.224599, 0.349397, -0.0613919, -0.464165, 0, 0, 0, 8, 0, 0, 0, 0.326638, -0.0163866, 0.494603, 0.486385, -0.0157403, 0.742593, 0.996195, -3.71201e-12, -0.0871557, -4.46982e-12, -1, -8.49977e-12, -0.0871557, 8.857e-12, -0.996195, 0
16.67, 2025-07-03__00-41-25.419385, -0.0478674, -0.441003, 0.0234742, -1.7027, -0.0264115, 1.14372, 0.705024, 0.00249351, -0.00190987, -7.90399e-05, 0.00044662, 0.000206904, -0.00374311, 0.00137287, -0.193005, -0.573734, -0.818759, 0.213208, 0.339799, -0.037962, -0.480802, 0, 0, 0, 8, 0, 0, 0, 0.326636, -0.0163864, 0.494607, 0.486385, -0.0157403, 0.742593, 0.996195, -3.71201e-12, -0.0871557, -4.46982e-12, -1, -8.49977e-12, -0.0871557, 8.857e-12, -0.996195, 0
16.68, 2025-07-03__00-41-25.429385, -0.0478656, -0.441007, 0.0234743, -1.7027, -0.0264084, 1.14372, 0.705015, -0.0009184, 0.000434791, 0.000332194, -0.00038574, 4.58637e-05, -0.000525635, -0.000331574, -0.157978, -0.703079, -0.774865, 0.275122, 0.347554, -0.0586958, -0.470071, 0, 0, 0, 8, 0, 0, 0, 0.326632, -0.0163877, 0.494608, 0.486385, -0.0157403, 0.742593, 0.996195, -3.71201e-12, -0.0871557, -4.46982e-12, -1, -8.49977e-12, -0.0871557, 8.857e-12, -0.996195, 0
16.69, 2025-07-03__00-41-25.439386, -0.0478681, -0.441012, 0.0234703, -1.7027, -0.0264069, 1.14371, 0.705015, -0.000284948, 0.00050297, -0.00123234, 0.000590519, -8.0588e-05, 0.000272452, -0.000787447, -0.140912, -0.68749, -0.743762, 0.254921, 0.350741, -0.0652702, -0.467525, 0, 0, 0, 8, 0, 0, 0, 0.326631, -0.0163882, 0.494609, 0.486385, -0.0157403, 0.742593, 0.996195, -3.71201e-12, -0.0871557, -4.46982e-12, -1, -8.49977e-12, -0.0871557, 8.857e-12, -0.996195, 0
16.7, 2025-07-03__00-41-25.449387, -0.0478627, -0.441026, 0.0234708, -1.70271, -0.0264081, 1.14371, 0.705017, 0.00222804, -0.00134858, -0.000545084, -0.000935092, 9.31595e-05, -0.0023553, 0.000459472, -0.181763, -0.626667, -0.801836, 0.250578, 0.342975, -0.0451228, -0.474845, 0, 0, 0, 8, 0, 0, 0, 0.326625, -0.0163884, 0.494614, 0.486385, -0.0157403, 0.742593, 0.996195, -3.71201e-12, -0.0871557, -4.46982e-12, -1, -8.49977e-12, -0.0871557, 8.857e-12, -0.996195, 0
16.71, 2025-07-03__00-41-25.459386, -0.0478649, -0.441041, 0.0234679, -1.7027, -0.026411, 1.14371, 0.705015, 0.000234225, -0.00103124, -0.000844671, -0.000732003, -4.62763e-05, -0.000466168, 0.00109769, -0.154312, -0.63057, -0.763616, 0.246243, 0.348449, -0.0593269, -0.479055, 0, 0, 0, 8, 0, 0, 0, 0.326623, -0.0163896, 0.494618, 0.486385, -0.0157403, 0.742593, 0.996195, -3.71201e-12, -0.0871557, -4.46982e-12, -1, -8.49977e-12, -0.0871557, 8.857e-12, -0.996195, 0
16.72, 2025-07-03__00-41-25.469387, -0.0478656, -0.441047, 0.0234732, -1.7027, -0.0264106, 1.1437, 0.705012, 0.000199019, -0.0010582, 0.000709352, -0.000918054, 0.000272727, -0.000303311, -0.00143986, -0.178525, -0.631679, -0.803985, 0.249568, 0.342626, -0.0598936, -0.463281, 0, 0, 0, 8, 0, 0, 0, 0.326617, -0.0163903, 0.494615, 0.486385, -0.0157403, 0.742593, 0.996195, -3.71201e-12, -0.0871557, -4.46982e-12, -1, -8.49977e-12, -0.0871557, 8.857e-12, -0.996195, 0
16.73, 2025-07-03__00-41-25.479387, -0.047861, -0.441058, 0.0234679, -1.7027, -0.0264084, 1.14369, 0.705005, 0.000959685, 0.000207325, -0.00261036, 0.000417999, 0.000296072, -0.000102493, -0.00126328, -0.135685, -0.664191, -0.729544, 0.246467, 0.349416, -0.0629402, -0.464162, 0, 0, 0, 8, 0, 0, 0, 0.326613, -0.0163894, 0.494623, 0.486385, -0.0157403, 0.742593, 0.996195, -3.71201e-12, -0.0871557, -4.46982e-12, -1, -8.49977e-12, -0.0871557, 8.857e-12, -0.996195, 0
16.74, 2025-07-03__00-41-25.489384, -0.0478653, -0.441076, 0.0234679, -1.7027, -0.0264126, 1.14368, 0.705011, 0.000437235, -0.00188476, -0.0010551, 0.00116581, -0.00020167, -0.00179499, 0.00124032, -0.154702, -0.544911, -0.761987, 0.188007, 0.348542, -0.0528256, -0.479826, 0, 0, 0, 8, 0, 0, 0, 0.326606, -0.0163887, 0.494623, 0.486385, -0.0157403, 0.742593, 0.996195, -3.71201e-12, -0.0871557, -4.46982e-12, -1, -8.49977e-12, -0.0871557, 8.857e-12, -0.996195, 0
16.75, 2025-07-03__00-41-25.499386, -0.0478635, -0.44108, 0.0234759, -1.7027, -0.026407, 1.14368, 0.705005, -9.971e-05, -0.000573478, 0.00171353, -0.000178032, 0.000283869, 2.2467e-05, 0.00308365, -0.190129, -0.630234, -0.824318, 0.240177, 0.340408, -0.0635274, -0.490093, 0, 0, 0, 8, 0, 0, 0, 0.326606, -0.0163895, 0.494628, 0.486385, -0.0157403, 0.742593, 0.996195, -3.71201e-12, -0.0871557, -4.46982e-12, -1, -8.49977e-12, -0.0871557, 8.857e-12, -0.996195, 0
16.76, 2025-07-03__00-41-25.509386, -0.0478649, -0.441098, 0.0234704, -1.7027, -0.026408, 1.14367, 0.704996, -0.00039747, -0.00138344, -9.4105e-05, -0.00386696, -0.000139257, -0.00127197, 0.000221838, -0.158347, -0.66799, -0.773806, 0.301095, 0.349287, -0.0488464, -0.472572, 0, 0, 0, 8, 0, 0, 0, 0.3266, -0.0163869, 0.494633, 0.486385, -0.0157403, 0.742593, 0.996195, -3.71201e-12, -0.0871557, -4.46982e-12, -1, -8.49977e-12, -0.0871557, 8.857e-12, -0.996195, 0
16.77, 2025-07-03__00-41-25.519386, -0.0478653, -0.441112, 0.0234739, -1.7027, -0.0264108, 1.14366, 0.704993, -0.00110497, 0.000819486, 0.00185332, -0.000423712, -2.9889e-05, 2.99036e-05, 0.000124318, -0.179167, -0.694813, -0.810924, 0.271734, 0.344863, -0.0630932, -0.471825, 0, 0, 0, 8, 0, 0, 0, 0.326594, -0.0163865, 0.494638, 0.486385, -0.0157403, 0.742593, 0.996195, -3.71201e-12, -0.0871557, -4.46982e-12, -1, -8.49977e-12, -0.0871557, 8.857e-12, -0.996195, 0
16.78, 2025-07-03__00-41-25.529387, -0.0478635, -0.441138, 0.0234739, -1.7027, -0.0264082, 1.14366, 0.704993, 0.000198273, -0.00306299, 0.00132495, 0.000609498, -0.000480503, -0.00222929, -0.000516078, -0.189604, -0.479854, -0.820168, 0.167292, 0.344536, -0.0503007, -0.467833, 0, 0, 0, 8, 0, 0, 0, 0.326586, -0.0163874, 0.494647, 0.486385, -0.0157403, 0.742593, 0.996195, -3.71201e-12, -0.0871557, -4.46982e-12, -1, -8.49977e-12, -0.0871557, 8.857e-12, -0.996195, 0
16.79, 2025-07-03__00-41-25.539386, -0.0478674, -0.441147, 0.0234725, -1.70269, -0.0264076, 1.14365, 0.704993, -0.000492396, -0.00127325, 0.000348932, 0.00167919, -4.24979e-06, -0.00251737, 0.000866745, -0.16597, -0.538952, -0.783922, 0.18066, 0.34536, -0.0500348, -0.476447, 0, 0, 0, 8, 0, 0, 0, 0.326585, -0.0163879, 0.494649, 0.486385, -0.0157403, 0.742593, 0.996195, -3.71201e-12, -0.0871557, -4.46982e-12, -1, -8.49977e-12, -0.0871557, 8.857e-12, -0.996195, 0
16.8, 2025-07-03__00-41-25.549387, -0.0478681, -0.441156, 0.0234711, -1.7027, -0.0264076, 1.14364, 0.704991, 0.00503593, 0.00126931, -0.000116615, 0.000369469, 1.99306e-05, -0.00145422, 0.00030738, -0.218127, -0.683281, -0.853117, 0.25966, 0.337847, -0.054693, -0.472667, 0, 0, 0, 8, 0, 0, 0, 0.326579, -0.0163846, 0.494653, 0.486385, -0.0157403, 0.742593, 0.996195, -3.71201e-12, -0.0871557, -4.46982e-12, -1, -8.49977e-12, -0.0871557, 8.857e-12, -0.996195, 0
16.81, 2025-07-03__00-41-25.559390, -0.0478578, -0.441178, 0.023475, -1.7027, -0.0264077, 1.14364, 0.70499, 0.00312914, 0.000789338, 0.00205152, -0.000160498, -0.000137786, -5.04622e-05, -0.000195085, -0.23062, -0.662461, -0.880481, 0.255107, 0.337115, -0.0644159, -0.469272, 0, 0, 0, 8, 0, 0, 0, 0.326576, -0.0163833, 0.494659, 0.486385, -0.0157403, 0.742593, 0.996195, -3.71201e-12, -0.0871557, -4.46982e-12, -1, -8.49977e-12, -0.0871557, 8.857e-12, -0.996195, 0
16.82, 2025-07-03__00-41-25.569385, -0.0478638, -0.441217, 0.02347, -1.7027, -0.0264082, 1.14362, 0.70499, 0.00106521, -0.00680177, 0.000571884, 0.000584859, -0.000244491, -0.00149719, 0.000554252, -0.192524, -0.283534, -0.818898, 0.078658, 0.341489, -0.0561987, -0.474448, 0, 0, 0, 8, 0, 0, 0, 0.326567, -0.0163891, 0.494669, 0.486385, -0.0157403, 0.742593, 0.996195, -3.71201e-12, -0.0871557, -4.46982e-12, -1, -8.49977e-12, -0.0871557, 8.857e-12, -0.996195, 0
16.83, 2025-07-03__00-41-25.579382, -0.0478653, -0.441223, 0.0234672, -1.7027, -0.0264069, 1.14362, 0.704989, -0.000554047, -0.00178822, 0.000297791, -0.0017457, 0.000238094, -0.00239734, 0.000640233, -0.164684, -0.568105, -0.783078, 0.233297, 0.344919, -0.0461847, -0.474994, 0, 0, 0, 8, 0, 0, 0, 0.326562, -0.016389, 0.494672, 0.486385, -0.0157403, 0.742593, 0.996195, -3.71201e-12, -0.0871557, -4.46982e-12, -1, -8.49977e-12, -0.0871557, 8.857e-12, -0.996195, 0
16.84, 2025-07-03__00-41-25.589336, -0.0478677, -0.44124, 0.0234647, -1.7027, -0.0264076, 1.14361, 0.704986, -0.00051864, -0.00261763, -0.00127292, -0.000604058, 7.58184e-05, 0.000254848, 0.000607526, -0.142172, -0.502697, -0.744294, 0.18596, 0.349115, -0.0662528, -0.474996, 0, 0, 0, 8, 0, 0, 0, 0.326556, -0.0163865, 0.494677, 0.486385, -0.0157403, 0.742593, 0.996195, -3.71201e-12, -0.0871557, -4.46982e-12, -1, -8.49977e-12, -0.0871557, 8.857e-12, -0.996195, 0
16.85, 2025-07-03__00-41-25.599382, -0.0478653, -0.441256, 0.0234673, -1.7027, -0.0264073, 1.1436, 0.704987, -0.000975753, -0.000452038, 0.000719777, -0.000333634, 0.000281191, -0.001313, 0.000789659, -0.165597, -0.593679, -0.786341, 0.226639, 0.344433, -0.055899, -0.475877, 0, 0, 0, 8, 0, 0, 0, 0.326549, -0.0163861, 0.494682, 0.486385, -0.0157403, 0.742593, 0.996195, -3.71201e-12, -0.0871557, -4.46982e-12, -1, -8.49977e-12, -0.0871557, 8.857e-12, -0.996195, 0
16.86, 2025-07-03__00-41-25.609383, -0.0478649, -0.441267, 0.0234665, -1.7027, -0.0264119, 1.14359, 0.704985, 0.000755835, 0.00102143, -0.000212165, -0.00014047, -0.000150529, -0.00180184, 0.000436291, -0.168981, -0.656217, -0.786788, 0.252928, 0.347151, -0.0526229, -0.473739, 0, 0, 0, 8, 0, 0, 0, 0.326543, -0.01639, 0.494686, 0.486385, -0.0157403, 0.742593, 0.996195, -3.71201e-12, -0.0871557, -4.46982e-12, -1, -8.49977e-12, -0.0871557, 8.857e-12, -0.996195, 0
16.87, 2025-07-03__00-41-25.619381, -0.0478663, -0.441292, 0.0234669, -1.7027, -0.026408, 1.14359, 0.70498, -0.000333192, 0.000142194, -0.000260028, 0.000895032, 8.47249e-05, -0.000196988, -0.0020392, -0.157868, -0.584954, -0.770731, 0.206208, 0.346886, -0.066116, -0.458552, 0, 0, 0, 8, 0, 0, 0, 0.32654, -0.0163876, 0.494693, 0.486385, -0.0157403, 0.742593, 0.996195, -3.71201e-12, -0.0871557, -4.46982e-12, -1, -8.49977e-12, -0.0871557, 8.857e-12, -0.996195, 0
16.88, 2025-07-03__00-41-25.629383, -0.0478655, -0.441302, 0.0234669, -1.7027, -0.0264074, 1.14358, 0.704981, 0.00135087, -0.00174517, 0.000593025, 0.00102842, 0.00043854, -0.000246345, 0.00156128, -0.192247, -0.488682, -0.820346, 0.162616, 0.338349, -0.0661173, -0.480263, 0, 0, 0, 8, 0, 0, 0, 0.326535, -0.0163877, 0.494696, 0.486385, -0.0157403, 0.742593, 0.996195, -3.71201e-12, -0.0871557, -4.46982e-12, -1, -8.49977e-12, -0.0871557, 8.857e-12, -0.996195, 0
16.89, 2025-07-03__00-41-25.639352, -0.0478631, -0.441305, 0.0234678, -1.7027, -0.0264076, 1.14357, 0.704976, 0.000247902, -0.00113793, 0.000504189, -0.000894895, -0.000214022, -2.50482e-05, -0.00059727, -0.176435, -0.560879, -0.799653, 0.216845, 0.346001, -0.0641277, -0.466869, 0, 0, 0, 8, 0, 0, 0, 0.326531, -0.0163868, 0.494696, 0.486385, -0.0157403, 0.742593, 0.996195, -3.71201e-12, -0.0871557, -4.46982e-12, -1, -8.49977e-12, -0.0871557, 8.857e-12, -0.996195, 0
16.9, 2025-07-03__00-41-25.649383, -0.0478672, -0.441313, 0.0234718, -1.7027, -0.0264076, 1.14355, 0.704974, 0.00118119, 0.000213432, 0.00140966, -9.57605e-05, 7.72399e-06, -0.0016852, -0.00109994, -0.199857, -0.607388, -0.83596, 0.231574, 0.340802, -0.053162, -0.463545, 0, 0, 0, 8, 0, 0, 0, 0.326525, -0.0163878, 0.494701, 0.486385, -0.0157403, 0.742593, 0.996195, -3.71201e-12, -0.0871557, -4.46982e-12, -1, -8.49977e-12, -0.0871557, 8.857e-12, -0.996195, 0
16.91, 2025-07-03__00-41-25.659387, -0.047861, -0.441327, 0.0234669, -1.7027, -0.0264115, 1.14355, 0.704977, 0.00104505, -0.000779682, -0.000508538, -0.000119668, 0.000143365, -5.33535e-05, 0.00137136, -0.17078, -0.557682, -0.786931, 0.206004, 0.344615, -0.0648439, -0.479015, 0, 0, 0, 8, 0, 0, 0, 0.326521, -0.016387, 0.494702, 0.486385, -0.0157403, 0.742593, 0.996195, -3.71201e-12, -0.0871557, -4.46982e-12, -1, -8.49977e-12, -0.0871557, 8.857e-12, -0.996195, 0
16.92, 2025-07-03__00-41-25.669387, -0.0478656, -0.441337, 0.0234616, -1.7027, -0.0264073, 1.14354, 0.704975, -0.000776133, 0.00022844, -0.00129027, 0.00020824, 0.000223066, -0.00613139, 0.000208933, -0.136547, -0.600153, -0.737182, 0.229555, 0.349379, -0.023066, -0.472011, 0, 0, 0, 8, 0, 0, 0, 0.326515, -0.0163859, 0.494706, 0.486385, -0.0157403, 0.742593, 0.996195, -3.71201e-12, -0.0871557, -4.46982e-12, -1, -8.49977e-12, -0.0871557, 8.857e-12, -0.996195, 0
16.93, 2025-07-03__00-41-25.679386, -0.047866, -0.441345, 0.0234668, -1.70271, -0.0264076, 1.14353, 0.704968, -0.00115526, 0.000618473, 0.000858878, -0.00197382, -7.62109e-05, -0.000499726, -0.00156752, -0.163948, -0.664778, -0.785889, 0.276606, 0.347926, -0.0578737, -0.4607, 0, 0, 0, 8, 0, 0, 0, 0.32651, -0.0163881, 0.494709, 0.486385, -0.0157403, 0.742593, 0.996195, -3.71201e-12, -0.0871557, -4.46982e-12, -1, -8.49977e-12, -0.0871557, 8.857e-12, -0.996195, 0
16.94, 2025-07-03__00-41-25.689384, -0.0478628, -0.441355, 0.0234668, -1.7027, -0.0264076, 1.14352, 0.704976, 0.000482008, -0.00365805, 0.00109391, 7.16154e-05, -7.14607e-05, 2.71664e-05, 0.000424552, -0.191167, -0.414258, -0.821054, 0.140739, 0.341596, -0.0653472, -0.473123, 0, 0, 0, 8, 0, 0, 0, 0.326509, -0.0163857, 0.494711, 0.486385, -0.0157403, 0.742593, 0.996195, -3.71201e-12, -0.0871557, -4.46982e-12, -1, -8.49977e-12, -0.0871557, 8.857e-12, -0.996195, 0
16.95, 2025-07-03__00-41-25.699387, -0.0478682, -0.441357, 0.0234615, -1.7027, -0.0264089, 1.14352, 0.70497, 0.000988895, 0.000608931, -0.000891987, -0.000454433, -0.000678157, -0.000203251, 4.55466e-05, -0.16052, -0.626862, -0.771897, 0.240956, 0.351732, -0.0626476, -0.47086, 0, 0, 0, 8, 0, 0, 0, 0.326503, -0.0163882, 0.494714, 0.486385, -0.0157403, 0.742593, 0.996195, -3.71201e-12, -0.0871557, -4.46982e-12, -1, -8.49977e-12, -0.0871557, 8.857e-12, -0.996195, 0
16.96, 2025-07-03__00-41-25.709386, -0.0478631, -0.441369, 0.0234615, -1.7027, -0.0264083, 1.14351, 0.704964, -0.00614544, -0.000378759, -0.0021007, -0.000247584, -0.000317441, -0.000133433, -0.00169017, -0.0640102, -0.582628, -0.635744, 0.216601, 0.365012, -0.0629877, -0.46044, 0, 0, 0, 8, 0, 0, 0, 0.3265, -0.0163836, 0.494714, 0.486385, -0.0157403, 0.742593, 0.996195, -3.71201e-12, -0.0871557, -4.46982e-12, -1, -8.49977e-12, -0.0871557, 8.857e-12, -0.996195, 0
16.97, 2025-07-03__00-41-25.719386, -0.0478631, -0.441375, 0.0234666, -1.7027, -0.0264077, 1.1435, 0.704971, 0.00152495, -0.000341835, 0.000163408, 0.00124177, 3.57509e-05, -0.00233268, 0.00402531, -0.185574, -0.542709, -0.809685, 0.187547, 0.342209, -0.0504291, -0.494646, 0, 0, 0, 8, 0, 0, 0, 0.326493, -0.016385, 0.494719, 0.486385, -0.0157403, 0.742593, 0.996195, -3.71201e-12, -0.0871557, -4.46982e-12, -1, -8.49977e-12, -0.0871557, 8.857e-12, -0.996195, 0
16.98, 2025-07-03__00-41-25.729385, -0.0478677, -0.441388, 0.023466, -1.7027, -0.0264082, 1.14349, 0.704959, -0.000391289, -0.00161564, 9.96547e-05, -0.000862652, -0.00710929, -0.000872174, -0.0031074, -0.151078, -0.52988, -0.763283, 0.20507, 0.393765, -0.0571673, -0.450971, 0, 0, 0, 8, 0, 0, 0, 0.326489, -0.0163849, 0.49472, 0.486385, -0.0157403, 0.742593, 0.996195, -3.71201e-12, -0.0871557, -4.46982e-12, -1, -8.49977e-12, -0.0871557, 8.857e-12, -0.996195, 0
16.99, 2025-07-03__00-41-25.739386, -0.0478674, -0.441392, 0.0234618, -1.7027, -0.0264075, 1.14349, 0.704961, 0.000446172, -0.00123351, 0.000778502, -0.000214356, -0.00417251, 0.000515581, -3.67824e-05, -0.175476, -0.529325, -0.799287, 0.195094, 0.370899, -0.0679279, -0.469775, 0, 0, 0, 8, 0, 0, 0, 0.326487, -0.0163856, 0.494723, 0.486385, -0.0157403, 0.742593, 0.996195, -3.71201e-12, -0.0871557, -4.46982e-12, -1, -8.49977e-12, -0.0871557, 8.857e-12, -0.996195, 0
17, 2025-07-03__00-41-25.749385, -0.047863, -0.441392, 0.023464, -1.7027, -0.0264082, 1.14348, 0.704959, 2.93962e-05, 0.00157154, -0.000608335, 0.00556453, -0.000534231, 7.90714e-05, 0.00913742, -0.154845, -0.542982, -0.763396, 0.132864, 0.350002, -0.0731941, -0.525342, 0, 0, 0, 8, 0, 0, 0, 0.326484, -0.0163866, 0.494722, 0.486385, -0.0157403, 0.742593, 0.996195, -3.71201e-12, -0.0871557, -4.46982e-12, -1, -8.49977e-12, -0.0871557, 8.857e-12, -0.996195, 0
17.01, 2025-07-03__00-41-25.759386, -0.0478575, -0.441408, 0.0234674, -1.7027, -0.0264101, 1.14347, 0.704956, 0.00136286, -0.000974197, 0.00131375, -0.000227276, -0.00879826, -0.00191917, 0.00103415, -0.186063, -0.541402, -0.816002, 0.205699, 0.398864, -0.050861, -0.475496, 0, 0, 0, 8, 0, 0, 0, 0.326479, -0.0163862, 0.494725, 0.486385, -0.0157403, 0.742593, 0.996195, -3.71201e-12, -0.0871557, -4.46982e-12, -1, -8.49977e-12, -0.0871557, 8.857e-12, -0.996195, 0
17.02, 2025-07-03__00-41-25.769387, -0.0478628, -0.441415, 0.023463, -1.7027, -0.0264082, 1.14347, 0.704953, -4.08081e-05, -0.000466632, -0.00112137, 0.000151818, -0.000554617, 5.05436e-05, -0.000836143, -0.147697, -0.554849, -0.752629, 0.201222, 0.352759, -0.0647519, -0.464614, 0, 0, 0, 8, 0, 0, 0, 0.326478, -0.0163867, 0.494727, 0.486385, -0.0157403, 0.742593, 0.996195, -3.71201e-12, -0.0871557, -4.46982e-12, -1, -8.49977e-12, -0.0871557, 8.857e-12, -0.996195, 0
17.03, 2025-07-03__00-41-25.779385, -0.0478624, -0.441421, 0.0234609, -1.70271, -0.0264069, 1.14346, 0.704954, 0.00199156, -0.00145682, -0.000356557, -0.00221221, 0.000219259, -0.000443869, -0.000233604, -0.183606, -0.557897, -0.805247, 0.231857, 0.342336, -0.0570984, -0.468105, 0, 0, 0, 8, 0, 0, 0, 0.326473, -0.0163888, 0.494729, 0.486385, -0.0157403, 0.742593, 0.996195, -3.71201e-12, -0.0871557, -4.46982e-12, -1, -8.49977e-12, -0.0871557, 8.857e-12, -0.996195, 0
17.04, 2025-07-03__00-41-25.789382, -0.0478653, -0.441422, 0.0234618, -1.7027, -0.0264076, 1.14345, 0.704952, -0.00658428, -0.000283563, -0.000773993, -0.000740004, -0.000100276, -0.00372504, -0.000992559, -0.0791258, -0.591415, -0.662891, 0.232618, 0.361143, -0.0362687, -0.463949, 0, 0, 0, 8, 0, 0, 0, 0.326469, -0.0163841, 0.49473, 0.486385, -0.0157403, 0.742593, 0.996195, -3.71201e-12, -0.0871557, -4.46982e-12, -1, -8.49977e-12, -0.0871557, 8.857e-12, -0.996195, 0
17.05, 2025-07-03__00-41-25.799386, -0.047865, -0.441428, 0.0234639, -1.7027, -0.0264072, 1.14345, 0.704949, 0.00294822, 0.00036344, 0.000406669, 0.00178015, -0.00501491, -8.05461e-06, -0.000152994, -0.195709, -0.557291, -0.824185, 0.185674, 0.372841, -0.0666116, -0.46821, 0, 0, 0, 8, 0, 0, 0, 0.326468, -0.0163857, 0.494733, 0.486385, -0.0157403, 0.742593, 0.996195, -3.71201e-12, -0.0871557, -4.46982e-12, -1, -8.49977e-12, -0.0871557, 8.857e-12, -0.996195, 0
17.06, 2025-07-03__00-41-25.809384, -0.0478653, -0.441441, 0.0234611, -1.7027, -0.0264082, 1.14344, 0.704946, -0.000761818, 9.05557e-05, 0.000371306, 0.00139805, -0.000430096, 9.42984e-05, -0.00112267, -0.161917, -0.551969, -0.778824, 0.186098, 0.349315, -0.0663625, -0.462602, 0, 0, 0, 8, 0, 0, 0, 0.326462, -0.0163865, 0.494737, 0.486385, -0.0157403, 0.742593, 0.996195, -3.71201e-12, -0.0871557, -4.46982e-12, -1, -8.49977e-12, -0.0871557, 8.857e-12, -0.996195, 0
17.07, 2025-07-03__00-41-25.819386, -0.0478624, -0.441444, 0.0234566, -1.7027, -0.0264069, 1.14344, 0.704951, 0.0020382, 0.00118401, -0.00203092, -0.00484008, 0.000340437, -0.000101233, 0.000292457, -0.155334, -0.731907, -0.761034, 0.338457, 0.347694, -0.0553379, -0.471334, 0, 0, 0, 8, 0, 0, 0, 0.326461, -0.0163866, 0.494738, 0.486385, -0.0157403, 0.742593, 0.996195, -3.71201e-12, -0.0871557, -4.46982e-12, -1, -8.49977e-12, -0.0871557, 8.857e-12, -0.996195, 0
17.08, 2025-07-03__00-41-25.829384, -0.0478602, -0.44146, 0.0234609, -1.7027, -0.0264069, 1.14343, 0.704944, 0.0090701, -0.00143246, 7.81158e-05, 0.000493537, 0.000235112, -0.000169063, -0.00103874, -0.271139, -0.483501, -0.923471, 0.168312, 0.327219, -0.0637588, -0.462322, 0, 0, 0, 8, 0, 0, 0, 0.326456, -0.0163847, 0.494742, 0.486385, -0.0157403, 0.742593, 0.996195, -3.71201e-12, -0.0871557, -4.46982e-12, -1, -8.49977e-12, -0.0871557, 8.857e-12, -0.996195, 0
17.09, 2025-07-03__00-41-25.839386, -0.0478632, -0.441467, 0.0234658, -1.7027, -0.0264143, 1.14342, 0.704948, -0.000622974, -0.0013034, 0.007534, -0.0013258, -0.00351555, 0.00838672, 0.00778506, 0.545894, 6.84669, 0.743365, -19.2832, -0.491306, 11.6674, 0.141294, 0, 0, 0, 8, 0, 0, 0, 0.326452, -0.0163843, 0.494741, 0.486385, -0.0157403, 0.142593, 0.996195, -3.71201e-12, -0.0871557, -4.46982e-12, -1, -8.49977e-12, -0.0871557, 8.857e-12, -0.996195, 0
17.1, 2025-07-03__00-41-25.849386, -0.0478371, -0.441192, 0.0234945, -1.7033, -0.0264203, 1.14565, 0.705095, -0.000260326, 0.0451321, 0.00409952, -0.115424, -0.00489888, 0.389951, 0.0111136, 0.64751, 2.66539, 0.827918, -15.7532, -0.403978, 9.14924, 0.108064, 0, 0, 0, 8, 0, 0, 0, 0.327013, -0.0163878, 0.494581, 0.486385, -0.0157403, 0.142593, 0.996195, -3.71201e-12, -0.0871557, -4.46982e-12, -1, -8.49977e-12, -0.0871557, 8.857e-12, -0.996195, 0
17.11, 2025-07-03__00-41-25.859385, -0.0477677, -0.441283, 0.0235498, -1.7065, -0.0264218, 1.15611, 0.705381, 0.010514, -0.0542032, 0.00990407, -0.383567, -0.00128235, 1.22748, 0.0331031, 0.296264, 3.82812, 0.261988, -12.0424, -0.394694, 3.41349, -0.057421, 0, 0, 0, 8, 0, 0, 0, 0.329963, -0.0164524, 0.493891, 0.486385, -0.0157403, 0.142593, 0.996195, -3.71201e-12, -0.0871557, -4.46982e-12, -1, -8.49977e-12, -0.0871557, 8.857e-12, -0.996195, 0
17.12, 2025-07-03__00-41-25.869387, -0.0476177, -0.443309, 0.0235861, -1.71185, -0.026452, 1.17254, 0.705591, 0.0161812, -0.22001, 0.00151597, -0.559647, -0.00183444, 1.6908, 0.0168741, 0.088924, 11.5538, 0.0489672, -12.1427, -0.385003, -0.200081, 0.0103535, 0, 0, 0, 8, 0, 0, 0, 0.334517, -0.0165496, 0.493292, 0.486385, -0.0157403, 0.142593, 0.996195, -3.71201e-12, -0.0871557, -4.46982e-12, -1, -8.49977e-12, -0.0871557, 8.857e-12, -0.996195, 0
17.13, 2025-07-03__00-41-25.879387, -0.0475211, -0.445271, 0.0235715, -1.71843, -0.0264543, 1.19013, 0.705637, 0.0126982, -0.172478, 0.00174808, -0.686374, -0.00197131, 1.75796, 0.0053433, 0.0911885, 10.2175, 0.0200598, -8.47322, -0.315354, -1.14119, 0.0667771, 0, 0, 0, 8, 0, 0, 0, 0.339371, -0.016683, 0.492396, 0.486385, -0.0157403, 0.142593, 0.996195, -3.71201e-12, -0.0871557, -4.46982e-12, -1, -8.49977e-12, -0.0871557, 8.857e-12, -0.996195, 0
17.14, 2025-07-03__00-41-25.889385, -0.0475042, -0.446566, 0.0235749, -1.72588, -0.0265272, 1.20729, 0.705641, 7.75525e-05, -0.134191, 0.00263259, -0.741917, -0.0108899, 1.69487, 0.00262363, 0.193782, 10.2699, 0.14882, -6.6413, -0.20078, -1.2065, 0.0739242, 0, 0, 0, 8, 0, 0, 0, 0.344052, -0.0168529, 0.490899, 0.486385, -0.0157403, 0.142593, 0.996195, -3.71201e-12, -0.0871557, -4.46982e-12, -1, -8.49977e-12, -0.0871557, 8.857e-12, -0.996195, 0
17.15, 2025-07-03__00-41-25.899387, -0.047466, -0.448047, 0.0236086, -1.73343, -0.0265476, 1.22294, 0.70566, 0.000974645, -0.147149, 0.00553476, -0.764518, -0.000785743, 1.51445, 0.00623732, 0.0313132, 13.0106, -0.0548927, -6.50829, -0.277491, -0.461954, 0.0482813, 0, 0, 0, 8, 0, 0, 0, 0.34816, -0.0169779, 0.489347, 0.486385, -0.0157403, 0.142593, 0.996195, -3.71201e-12, -0.0871557, -4.46982e-12, -1, -8.49977e-12, -0.0871557, 8.857e-12, -0.996195, 0
17.16, 2025-07-03__00-41-25.909386, -0.0474142, -0.449105, 0.0237133, -1.74113, -0.0265542, 1.23707, 0.705675, 0.00534163, -0.0857513, 0.0127275, -0.759792, 0.00161078, 1.39924, 0.00415533, -0.144522, 12.3218, -0.319218, -5.56611, -0.293112, -0.0842634, 0.0634315, 0, 0, 0, 8, 0, 0, 0, 0.351716, -0.0170546, 0.487528, 0.486385, -0.0157403, 0.142593, 0.996195, -3.71201e-12, -0.0871557, -4.46982e-12, -1, -8.49977e-12, -0.0871557, 8.857e-12, -0.996195, 0
17.17, 2025-07-03__00-41-25.919386, -0.0473647, -0.449366, 0.0238655, -1.74834, -0.0265612, 1.25068, 0.705679, 0.0064737, -0.0188234, 0.0188884, -0.719203, -0.00221642, 1.348, -0.000914458, -0.259163, 11.9082, -0.484133, -5.6117, -0.266754, -0.164212, 0.0983953, 0, 0, 0, 8, 0, 0, 0, 0.355255, -0.0171017, 0.485564, 0.486385, -0.0157403, 0.142593, 0.996195, -3.71201e-12, -0.0871557, -4.46982e-12, -1, -8.49977e-12, -0.0871557, 8.857e-12, -0.996195, 0
17.18, 2025-07-03__00-41-25.929388, -0.0473118, -0.449349, 0.0240349, -1.75553, -0.0265713, 1.26347, 0.705696, 0.00167689, 0.0114897, 0.0154856, -0.722295, 0.000720342, 1.22665, 0.00480215, -0.182479, 11.9681, -0.354765, -4.93816, -0.252909, 0.363072, 0.0705319, 0, 0, 0, 8, 0, 0, 0, 0.358559, -0.0171379, 0.483483, 0.486385, -0.0157403, 0.142593, 0.996195, -3.71201e-12, -0.0871557, -4.46982e-12, -1, -8.49977e-12, -0.0871557, 8.857e-12, -0.996195, 0
17.19, 2025-07-03__00-41-25.939388, -0.0472562, -0.448973, 0.0242032, -1.76275, -0.0265746, 1.27536, 0.705734, 0.00393176, 0.0426695, 0.0200992, -0.71544, -0.00665727, 1.19378, 0.00146868, -0.292851, 11.9166, -0.512332, -4.61749, -0.202565, 0.333705, 0.0978081, 0, 0, 0, 8, 0, 0, 0, 0.361554, -0.0171607, 0.481171, 0.486385, -0.0157403, 0.142593, 0.996195, -3.71201e-12, -0.0871557, -4.46982e-12, -1, -8.49977e-12, -0.0871557, 8.857e-12, -0.996195, 0
17.2, 2025-07-03__00-41-25.949386, -0.047237, -0.448115, 0.024338, -1.7695, -0.0265716, 1.28703, 0.70575, 0.000773331, 0.100691, 0.01218, -0.665642, 0.000661632, 1.1458, -0.000970246, -0.140525, 11.4223, -0.252099, -4.98183, -0.216747, 0.355289, 0.117745, 0, 0, 0, 8, 0, 0, 0, 0.364591, -0.0172022, 0.478863, 0.486385, -0.0157403, 0.142593, 0.996195, -3.71201e-12, -0.0871557, -4.46982e-12, -1, -8.49977e-12, -0.0871557, 8.857e-12, -0.996195, 0
17.21, 2025-07-03__00-41-25.959388, -0.0472273, -0.446647, 0.024447, -1.77615, -0.0265769, 1.29854, 0.705788, -0.00143277, 0.161941, 0.00994801, -0.671341, -0.00633682, 1.14758, 0.00508974, -0.0405115, 9.48486, -0.117157, -3.67333, -0.129022, 0.175332, 0.0860764, 0, 0, 0, 8, 0, 0, 0, 0.367658, -0.0172586, 0.476383, 0.486385, -0.0157403, 0.142593, 0.996195, -3.71201e-12, -0.0871557, -4.46982e-12, -1, -8.49977e-12, -0.0871557, 8.857e-12, -0.996195, 0
17.22, 2025-07-03__00-41-25.969386, -0.0472368, -0.444723, 0.0245577, -1.78282, -0.0265791, 1.30938, 0.705816, -0.0019724, 0.199788, 0.00687448, -0.663795, -0.000334783, 1.07119, 0.00289708, 0.0165862, 8.59842, -0.0226064, -3.04956, -0.144871, 0.565935, 0.10747, 0, 0, 0, 8, 0, 0, 0, 0.370545, -0.0173221, 0.47365, 0.486385, -0.0157403, 0.142593, 0.996195, -3.71201e-12, -0.0871557, -4.46982e-12, -1, -8.49977e-12, -0.0871557, 8.857e-12, -0.996195, 0
17.23, 2025-07-03__00-41-25.979386, -0.0472255, -0.442415, 0.0246898, -1.78923, -0.0265833, 1.31984, 0.705843, 0.00222829, 0.242422, 0.0188712, -0.636435, -0.000408022, 1.04703, -0.000794569, -0.219508, 7.81912, -0.376709, -2.998, -0.166083, 0.58954, 0.140295, 0, 0, 0, 8, 0, 0, 0, 0.373347, -0.0173701, 0.47083, 0.486385, -0.0157403, 0.142593, 0.996195, -3.71201e-12, -0.0871557, -4.46982e-12, -1, -8.49977e-12, -0.0871557, 8.857e-12, -0.996195, 0
17.24, 2025-07-03__00-41-25.989385, -0.0472124, -0.439577, 0.0247872, -1.79531, -0.0265686, 1.33013, 0.705881, -0.000299089, 0.296799, 0.00710893, -0.596927, 0.00145996, 1.02725, 0.0035761, 0.0288433, 6.62962, 0.0150651, -3.0719, -0.136962, 0.58961, 0.121663, 0, 0, 0, 8, 0, 0, 0, 0.376211, -0.0174196, 0.467945, 0.486385, -0.0157403, 0.142593, 0.996195, -3.71201e-12, -0.0871557, -4.46982e-12, -1, -8.49977e-12, -0.0871557, 8.857e-12, -0.996195, 0
17.25, 2025-07-03__00-41-25.999384, -0.0472106, -0.436321, 0.0248858, -1.80118, -0.0265866, 1.34044, 0.705939, 0.00109348, 0.327698, 0.014655, -0.585853, 0.000137556, 1.02884, 0.0110514, -0.101231, 5.91056, -0.181024, -2.80257, -0.134019, 0.4938, 0.0843859, 0, 0, 0, 8, 0, 0, 0, 0.379138, -0.0174893, 0.464967, 0.486385, -0.0157403, 0.142593, 0.996195, -3.71201e-12, -0.0871557, -4.46982e-12, -1, -8.49977e-12, -0.0871557, 8.857e-12, -0.996195, 0
17.26, 2025-07-03__00-41-26.009385, -0.0472178, -0.433017, 0.0249891, -1.80712, -0.0265813, 1.35037, 0.70597, 0.00173758, 0.342751, 0.0143234, -0.597839, -0.00155378, 0.981161, 0.000331763, -0.0958267, 5.28915, -0.168773, -9.50025, -0.109768, 0.804842, 0.160875, 0, 0, 0, 0, 0, 0, 0, 0.381914, -0.0175408, 0.461915, 0.486385, -0.0157403, 0.142593, 0.996195, -3.71201e-12, -0.0871557, -4.46982e-12, -1, -8.49977e-12, -0.0871557, 8.857e-12, -0.996195, 0
17.27, 2025-07-03__00-41-26.019386, -0.0472129, -0.429664, 0.0250673, -1.81396, -0.0265588, 1.3605, 0.705998, 0.00347293, 0.338464, 0.0106413, -0.705264, -0.00363024, 1.04306, -0.00039296, -0.0446786, 3.51201, -0.116579, -7.78461, -0.0483579, 0.584215, 0.177764, 0, 0, 0, 0, 0, 0, 0, 0.38453, -0.0175875, 0.458457, 0.486385, -0.0157403, 0.142593, 0.996195, -3.71201e-12, -0.0871557, -4.46982e-12, -1, -8.49977e-12, -0.0871557, 8.857e-12, -0.996195, 0
17.28, 2025-07-03__00-41-26.029385, -0.0471972, -0.426394, 0.025112, -1.82126, -0.0265522, 1.37163, 0.706053, 0.000435244, 0.324099, 0.00422479, -0.742315, 0.00490618, 1.12225, 0.00160657, 0.0667316, 3.80662, 0.0583916, -7.60784, -0.0710883, 0.0642601, 0.172685, 0, 0, 0, 0, 0, 0, 0, 0.387345, -0.0176605, 0.454839, 0.486385, -0.0157403, 0.142593, 0.996195, -3.71201e-12, -0.0871557, -4.46982e-12, -1, -8.49977e-12, -0.0871557, 8.857e-12, -0.996195, 0
17.29, 2025-07-03__00-41-26.039384, -0.0471836, -0.423368, 0.0251492, -1.82939, -0.0265504, 1.38317, 0.706175, 0.00177621, 0.294295, 0.00174975, -0.839466, -0.000272089, 1.13906, 0.00798382, 0.0790485, 3.52171, 0.0676229, -6.51404, -0.00558535, 0.0972145, 0.141243, 0, 0, 0, 0, 0, 0, 0, 0.390129, -0.0177333, 0.451018, 0.486385, -0.0157403, 0.142593, 0.996195, -3.71201e-12, -0.0871557, -4.46982e-12, -1, -8.49977e-12, -0.0871557, 8.857e-12, -0.996195, 0
17.3, 2025-07-03__00-41-26.049386, -0.0472149, -0.42049, 0.0251533, -1.83848, -0.0265398, 1.39423, 0.706274, -0.00658219, 0.286419, -0.000824119, -0.923544, 0.00599285, 1.10265, 0.00974953, 0.240629, 2.22871, 0.26285, -5.05202, 0.00195209, 0.567324, 0.139331, 0, 0, 0, 0, 0, 0, 0, 0.392468, -0.0178286, 0.446751, 0.486385, -0.0157403, 0.142593, 0.996195, -3.71201e-12, -0.0871557, -4.46982e-12, -1, -8.49977e-12, -0.0871557, 8.857e-12, -0.996195, 0
17.31, 2025-07-03__00-41-26.059385, -0.0472136, -0.417819, 0.0251688, -1.84776, -0.026554, 1.40557, 0.706384, -0.000598989, 0.265858, 0.00365481, -0.925625, -0.000971522, 1.14123, 0.0101365, 0.0655767, 3.32134, 0.0377401, -5.50126, 0.0262837, 0.325679, 0.144136, 0, 0, 0, 0, 0, 0, 0, 0.394757, -0.0179215, 0.442434, 0.486385, -0.0157403, 0.142593, 0.996195, -3.71201e-12, -0.0871557, -4.46982e-12, -1, -8.49977e-12, -0.0871557, 8.857e-12, -0.996195, 0
17.32, 2025-07-03__00-41-26.069386, -0.0472125, -0.414994, 0.0251756, -1.85744, -0.026553, 1.41713, 0.706484, -0.00202966, 0.294644, 0.000745524, -0.99294, -0.00145683, 1.16146, 0.00925196, 0.178542, 0.813737, 0.16714, -3.70889, 0.0769692, 0.406119, 0.15965, 0, 0, 0, 0, 0, 0, 0, 0.39703, -0.0179984, 0.437953, 0.486385, -0.0157403, 0.142593, 0.996195, -3.71201e-12, -0.0871557, -4.46982e-12, -1, -8.49977e-12, -0.0871557, 8.857e-12, -0.996195, 0
17.33, 2025-07-03__00-41-26.079386, -0.0472096, -0.412099, 0.0251959, -1.86769, -0.026549, 1.42841, 0.706585, 0.00124487, 0.272559, 0.00178285, -1.01878, -0.000361161, 1.1358, 0.0151248, 0.101567, 1.22014, 0.0724148, -3.58041, 0.0652557, 0.735103, 0.136557, 0, 0, 0, 0, 0, 0, 0, 0.399023, -0.0180754, 0.433078, 0.486385, -0.0157403, 0.142593, 0.996195, -3.71201e-12, -0.0871557, -4.46982e-12, -1, -8.49977e-12, -0.0871557, 8.857e-12, -0.996195, 0
17.34, 2025-07-03__00-41-26.089386, -0.0471903, -0.409626, 0.0252027, -1.87799, -0.0265421, 1.43984, 0.706687, 0.000513782, 0.242517, 0.00104394, -1.03449, -0.000236863, 1.17705, 0.0112232, 0.096275, 2.34259, 0.0822303, -3.9524, 0.0664624, 0.545702, 0.169538, 0, 0, 0, 0, 0, 0, 0, 0.40093, -0.0181376, 0.428328, 0.486385, -0.0157403, 0.142593, 0.996195, -3.71201e-12, -0.0871557, -4.46982e-12, -1, -8.49977e-12, -0.0871557, 8.857e-12, -0.996195, 0
17.35, 2025-07-03__00-41-26.099384, -0.0472003, -0.406984, 0.0251957, -1.88868, -0.0265365, 1.45155, 0.706798, -0.000368377, 0.271641, -0.00164033, -1.07811, 0.00326916, 1.16788, 0.0102683, 0.193954, 0.232151, 0.198238, -2.5065, 0.0784483, 0.831378, 0.186744, 0, 0, 0, 0, 0, 0, 0, 0.402797, -0.0182175, 0.423367, 0.486385, -0.0157403, 0.142593, 0.996195, -3.71201e-12, -0.0871557, -4.46982e-12, -1, -8.49977e-12, -0.0871557, 8.857e-12, -0.996195, 0
17.36, 2025-07-03__00-41-26.109381, -0.0472264, -0.404344, 0.0252034, -1.89961, -0.0265393, 1.46349, 0.706931, -0.00130697, 0.252419, 0.0011543, -1.07737, -0.00116289, 1.19097, 0.0146937, 0.148735, 1.17316, 0.145636, -2.91151, 0.0989994, 0.760836, 0.16876, 0, 0, 0, 0, 0, 0, 0, 0.404632, -0.0182994, 0.418261, 0.486385, -0.0157403, 0.142593, 0.996195, -3.71201e-12, -0.0871557, -4.46982e-12, -1, -8.49977e-12, -0.0871557, 8.857e-12, -0.996195, 0
17.37, 2025-07-03__00-41-26.119383, -0.0472166, -0.401846, 0.025208, -1.91055, -0.026544, 1.47566, 0.707111, -0.00118197, 0.256357, -0.000862383, -1.10888, -0.000112533, 1.20817, 0.0204432, 0.191309, 0.545728, 0.20222, -2.25871, 0.111784, 0.801666, 0.141493, 0, 0, 0, 0, 0, 0, 0, 0.406466, -0.0183681, 0.413234, 0.486385, -0.0157403, 0.142593, 0.996195, -3.71201e-12, -0.0871557, -4.46982e-12, -1, -8.49977e-12, -0.0871557, 8.857e-12, -0.996195, 0
17.38, 2025-07-03__00-41-26.129387, -0.0472031, -0.399112, 0.025214, -1.92176, -0.0265292, 1.48778, 0.707306, 0.00116037, 0.272172, 0.00132122, -1.11577, 0.000442608, 1.22291, 0.0231947, 0.137442, -0.191848, 0.130964, -1.8102, 0.109769, 0.85082, 0.133672, 0, 0, 0, 0, 0, 0, 0, 0.408155, -0.0184259, 0.407945, 0.486385, -0.0157403, 0.142593, 0.996195, -3.71201e-12, -0.0871557, -4.46982e-12, -1, -8.49977e-12, -0.0871557, 8.857e-12, -0.996195, 0
17.39, 2025-07-03__00-41-26.139396, -0.0471919, -0.396593, 0.0252311, -1.93286, -0.0265307, 1.50021, 0.70759, 0.00325769, 0.25007, 0.00240359, -1.11151, 0.00374583, 1.25573, 0.0363892, 0.0575269, 1.07278, 0.045911, -2.37023, 0.0765302, 0.680123, 0.0557394, 0, 0, 0, 0, 0, 0, 0, 0.4099, -0.0184848, 0.402791, 0.486385, -0.0157403, 0.142593, 0.996195, -3.71201e-12, -0.0871557, -4.46982e-12, -1, -8.49977e-12, -0.0871557, 8.857e-12, -0.996195, 0
17.4, 2025-07-03__00-41-26.149386, -0.0472107, -0.393975, 0.0252167, -1.94427, -0.0265156, 1.51253, 0.707885, -0.00278284, 0.260962, -0.00237605, -1.14601, 0.00210086, 1.21005, 0.0281908, 0.267476, 0.000566135, 0.310852, -1.36946, 0.120625, 1.20253, 0.108837, 0, 0, 0, 0, 0, 0, 0, 0.411485, -0.0185447, 0.397458, 0.486385, -0.0157403, 0.142593, 0.996195, -3.71201e-12, -0.0871557, -4.46982e-12, -1, -8.49977e-12, -0.0871557, 8.857e-12, -0.996195, 0
17.41, 2025-07-03__00-41-26.159386, -0.047214, -0.391419, 0.0252353, -1.95565, -0.0265355, 1.52502, 0.708165, 0.000863394, 0.255924, -0.000446191, -1.11538, -0.00773488, 1.23782, 0.0257616, 0.181693, 1.01582, 0.218269, -2.06454, 0.165174, 1.0399, 0.126842, 0, 0, 0, 0, 0, 0, 0, 0.413021, -0.0186115, 0.392111, 0.486385, -0.0157403, 0.142593, 0.996195, -3.71201e-12, -0.0871557, -4.46982e-12, -1, -8.49977e-12, -0.0871557, 8.857e-12, -0.996195, 0
17.42, 2025-07-03__00-41-26.169382, -0.0471978, -0.388711, 0.0252436, -1.96704, -0.0265173, 1.53803, 0.708423, 0.00554234, 0.281096, 0.000799207, -1.13598, 0.00540514, 1.28957, 0.0358896, 0.0921491, -0.117587, 0.104857, -1.29229, 0.0890311, 0.839437, 0.0710765, 0, 0, 0, 0, 0, 0, 0, 0.414676, -0.0186633, 0.386746, 0.486385, -0.0157403, 0.142593, 0.996195, -3.71201e-12, -0.0871557, -4.46982e-12, -1, -8.49977e-12, -0.0871557, 8.857e-12, -0.996195, 0
17.43, 2025-07-03__00-41-26.179396, -0.0472071, -0.385954, 0.0252626, -1.97848, -0.0265116, 1.55097, 0.7087, 0.001879, 0.27462, 0.00747991, -1.13346, -0.000491305, 1.30266, 0.030304, 0.0286626, 0.463129, 0.0189099, -1.4595, 0.120315, 0.832969, 0.110171, 0, 0, 0, 0, 0, 0, 0, 0.41621, -0.0187009, 0.381288, 0.486385, -0.0157403, 0.142593, 0.996195, -3.71201e-12, -0.0871557, -4.46982e-12, -1, -8.49977e-12, -0.0871557, 8.857e-12, -0.996195, 0
17.44, 2025-07-03__00-41-26.189384, -0.0472101, -0.383376, 0.0252783, -1.98982, -0.0265243, 1.56395, 0.708954, -0.00016182, 0.267031, 0.00519209, -1.13339, -0.00310867, 1.28149, 0.0242117, 0.102374, 1.06825, 0.125476, -1.5268, 0.144261, 1.04981, 0.153143, 0, 0, 0, 0, 0, 0, 0, 0.417726, -0.0187511, 0.37595, 0.486385, -0.0157403, 0.142593, 0.996195, -3.71201e-12, -0.0871557, -4.46982e-12, -1, -8.49977e-12, -0.0871557, 8.857e-12, -0.996195, 0
17.45, 2025-07-03__00-41-26.199382, -0.0472054, -0.38061, 0.0252841, -2.00122, -0.0264858, 1.57707, 0.709177, 0.00238063, 0.283921, 0.00530538, -1.1263, 0.00131015, 1.30115, 0.0265215, 0.0730029, 0.83474, 0.100699, -1.35829, 0.115665, 1.00143, 0.147743, 0, 0, 0, 0, 0, 0, 0, 0.41919, -0.0187901, 0.37052, 0.486385, -0.0157403, 0.142593, 0.996195, -3.71201e-12, -0.0871557, -4.46982e-12, -1, -8.49977e-12, -0.0871557, 8.857e-12, -0.996195, 0
17.46, 2025-07-03__00-41-26.209382, -0.0472159, -0.377779, 0.0253138, -2.01246, -0.0264945, 1.59025, 0.709419, 0.00126284, 0.279147, 0.00150073, -1.13329, -0.00126954, 1.33023, 0.0293968, 0.163064, 1.26679, 0.226987, -1.3542, 0.144605, 0.891152, 0.137397, 0, 0, 0, 0, 0, 0, 0, 0.420652, -0.018821, 0.365113, 0.486385, -0.0157403, 0.142593, 0.996195, -3.71201e-12, -0.0871557, -4.46982e-12, -1, -8.49977e-12, -0.0871557, 8.857e-12, -0.996195, 0
17.47, 2025-07-03__00-41-26.219384, -0.0472065, -0.374806, 0.0253252, -2.02375, -0.0264745, 1.60344, 0.709658, 0.00116614, 0.299501, 0.00146439, -1.12296, -0.00262339, 1.31728, 0.0256335, 0.1912, 0.93648, 0.269533, -1.10107, 0.156699, 1.06841, 0.169768, 0, 0, 0, 0, 0, 0, 0, 0.422031, -0.018844, 0.359603, 0.486385, -0.0157403, 0.142593, 0.996195, -3.71201e-12, -0.0871557, -4.46982e-12, -1, -8.49977e-12, -0.0871557, 8.857e-12, -0.996195, 0
17.48, 2025-07-03__00-41-26.229384, -0.0472038, -0.371814, 0.0253762, -2.03487, -0.0264757, 1.61682, 0.70992, 0.000929576, 0.298278, 0.00292706, -1.10034, -0.00221275, 1.34099, 0.0296176, 0.162331, 1.8241, 0.247968, -1.57851, 0.146458, 0.919236, 0.153299, 0, 0, 0, 0, 0, 0, 0, 0.423441, -0.0188674, 0.354154, 0.486385, -0.0157403, 0.142593, 0.996195, -3.71201e-12, -0.0871557, -4.46982e-12, -1, -8.49977e-12, -0.0871557, 8.857e-12, -0.996195, 0
17.49, 2025-07-03__00-41-26.239384, -0.0471905, -0.368758, 0.025416, -2.04601, -0.0264628, 1.63038, 0.710211, 0.00255123, 0.310323, 0.00249676, -1.11085, 0.00566298, 1.34798, 0.0304413, 0.14631, 1.57431, 0.235995, -1.14035, 0.104095, 0.977306, 0.155891, 0, 0, 0, 0, 0, 0, 0, 0.424849, -0.0188724, 0.348698, 0.486385, -0.0157403, 0.142593, 0.996195, -3.71201e-12, -0.0871557, -4.46982e-12, -1, -8.49977e-12, -0.0871557, 8.857e-12, -0.996195, 0
17.5, 2025-07-03__00-41-26.249386, -0.047215, -0.365508, 0.0254526, -2.05706, -0.0264836, 1.64393, 0.710504, -0.00232895, 0.32929, 0.00422086, -1.08491, -0.00463827, 1.34199, 0.0355359, 0.226301, 1.68481, 0.336279, -1.22662, 0.172375, 1.05041, 0.13159, 0, 0, 0, 0, 0, 0, 0, 0.426184, -0.0189034, 0.343157, 0.486385, -0.0157403, 0.142593, 0.996195, -3.71201e-12, -0.0871557, -4.46982e-12, -1, -8.49977e-12, -0.0871557, 8.857e-12, -0.996195, 0
17.51, 2025-07-03__00-41-26.259385, -0.0472044, -0.362044, 0.0254947, -2.06789, -0.026476, 1.65782, 0.710831, 0.00375529, 0.357639, 0.0079765, -1.0868, -0.00079209, 1.38251, 0.0407435, 0.0712942, 1.05251, 0.151602, -0.737249, 0.145702, 0.863506, 0.107198, 0, 0, 0, 0, 0, 0, 0, 0.427622, -0.018915, 0.337661, 0.486385, -0.0157403, 0.142593, 0.996195, -3.71201e-12, -0.0871557, -4.46982e-12, -1, -8.49977e-12, -0.0871557, 8.857e-12, -0.996195, 0
17.52, 2025-07-03__00-41-26.269387, -0.0471979, -0.358454, 0.0255389, -2.07871, -0.0264661, 1.67144, 0.711171, 0.00442362, 0.36892, 0.00562716, -1.07547, -0.00295697, 1.3535, 0.0307344, 0.124143, 1.19629, 0.229833, -0.629065, 0.161866, 1.12807, 0.175345, 0, 0, 0, 0, 0, 0, 0, 0.428923, -0.0189069, 0.332089, 0.486385, -0.0157403, 0.142593, 0.996195, -3.71201e-12, -0.0871557, -4.46982e-12, -1, -8.49977e-12, -0.0871557, 8.857e-12, -0.996195, 0
17.53, 2025-07-03__00-41-26.279388, -0.0472055, -0.355001, 0.0255965, -2.08929, -0.0264692, 1.68507, 0.711519, -0.00675538, 0.349605, 0.00688568, -1.05874, -1.68375e-06, 1.37419, 0.03779, 0.270279, 2.76294, 0.411279, -1.30493, 0.146518, 0.975412, 0.136727, 0, 0, 0, 0, 0, 0, 0, 0.430193, -0.0189094, 0.326657, 0.486385, -0.0157403, 0.142593, 0.996195, -3.71201e-12, -0.0871557, -4.46982e-12, -1, -8.49977e-12, -0.0871557, 8.857e-12, -0.996195, 0
17.54, 2025-07-03__00-41-26.289383, -0.0471898, -0.351215, 0.0256609, -2.09981, -0.0264429, 1.69905, 0.711854, 0.000943421, 0.375667, 0.00923613, -1.05251, 0.00169096, 1.40069, 0.0283562, 0.114192, 2.40254, 0.234904, -0.97116, 0.130624, 0.860897, 0.202807, 0, 0, 0, 0, 0, 0, 0, 0.431558, -0.0188839, 0.32115, 0.486385, -0.0157403, 0.142593, 0.996195, -3.71201e-12, -0.0871557, -4.46982e-12, -1, -8.49977e-12, -0.0871557, 8.857e-12, -0.996195, 0
17.55, 2025-07-03__00-41-26.299386, -0.04721, -0.347044, 0.0257174, -2.11016, -0.0264629, 1.71292, 0.712163, 0.00440831, 0.411248, 0.000827742, -1.02037, 0.000656424, 1.38733, 0.0207648, 0.255919, 2.03109, 0.428887, -0.861476, 0.142842, 0.988376, 0.258569, 0, 0, 0, 0, 0, 0, 0, 0.432838, -0.018884, 0.315514, 0.486385, -0.0157403, 0.142593, 0.996195, -3.71201e-12, -0.0871557, -4.46982e-12, -1, -8.49977e-12, -0.0871557, 8.857e-12, -0.996195, 0
17.56, 2025-07-03__00-41-26.309384, -0.0472002, -0.342894, 0.0258056, -2.12026, -0.0264593, 1.72702, 0.712452, 0.000865105, 0.41503, 0.00955286, -1.01691, 0.00189913, 1.40306, 0.0232019, 0.148345, 2.5129, 0.296219, -0.84073, 0.131555, 0.917176, 0.25633, 0, 0, 0, 0, 0, 0, 0, 0.43434, -0.0188595, 0.309483, 0.486385, -0.0157403, 0.142593, 0.996195, -3.71201e-12, -0.0871557, -4.46982e-12, -1, -8.49977e-12, -0.0871557, 8.857e-12, -0.996195, 0
17.57, 2025-07-03__00-41-26.319387, -0.0472051, -0.339034, 0.0258856, -2.1293, -0.0264473, 1.73959, 0.712727, 3.92857e-05, 0.437423, 0.0112484, -1.00948, -0.000346898, 1.39807, 0.0330448, 0.155588, 2.24274, 0.307863, -0.5114, 0.148736, 1.01177, 0.208169, 0, 0, 0, 0, 0, 0, 0, 0.435476, -0.01883, 0.304499, 0.486385, -0.0157403, 0.142593, 0.996195, -3.71201e-12, -0.0871557, -4.46982e-12, -1, -8.49977e-12, -0.0871557, 8.857e-12, -0.996195, 0
17.58, 2025-07-03__00-41-26.329385, -0.0472196, -0.333904, 0.0259779, -2.14005, -0.0264627, 1.75495, 0.713062, -0.00316358, 0.472405, 0.00519093, -0.966869, -0.00161827, 1.41153, 0.0271732, 0.366282, 2.2185, 0.574169, -0.676492, 0.162381, 0.923063, 0.256674, 0, 0, 0, 0, 0, 0, 0, 0.436724, -0.0188106, 0.298911, 0.486385, -0.0157403, 0.142593, 0.996195, -3.71201e-12, -0.0871557, -4.46982e-12, -1, -8.49977e-12, -0.0871557, 8.857e-12, -0.996195, 0
17.59, 2025-07-03__00-41-26.339384, -0.0471991, -0.329012, 0.0260768, -2.14964, -0.0264556, 1.76913, 0.713381, -1.11258e-05, 0.484428, 0.00566598, -0.957281, 0.00165174, 1.4235, 0.0316409, 0.311968, 2.48376, 0.522271, -0.606065, 0.138738, 0.882986, 0.243495, 0, 0, 0, 0, 0, 0, 0, 0.438047, -0.0187517, 0.293322, 0.486385, -0.0157403, 0.142593, 0.996195, -3.71201e-12, -0.0871557, -4.46982e-12, -1, -8.49977e-12, -0.0871557, 8.857e-12, -0.996195, 0
17.6, 2025-07-03__00-41-26.349385, -0.0472002, -0.324218, 0.0262123, -2.15911, -0.026459, 1.78312, 0.713712, 0.00346322, 0.484193, 0.00920408, -0.933663, -0.000485025, 1.38604, 0.0335414, 0.187137, 3.40176, 0.388677, -0.878471, 0.137302, 1.12637, 0.246709, 0, 0, 0, 0, 0, 0, 0, 0.439267, -0.0186968, 0.287808, 0.486385, -0.0157403, 0.142593, 0.996195, -3.71201e-12, -0.0871557, -4.46982e-12, -1, -8.49977e-12, -0.0871557, 8.857e-12, -0.996195, 0
17.61, 2025-07-03__00-41-26.359385, -0.0471955, -0.318997, 0.0263549, -2.16816, -0.0264562, 1.79738, 0.714059, 0.00212381, 0.531655, 0.0132186, -0.905699, 0.000384252, 1.42419, 0.0374117, 0.166189, 2.73093, 0.367095, -0.610498, 0.131835, 0.888116, 0.236916, 0, 0, 0, 0, 0, 0, 0, 0.440628, -0.0186331, 0.282342, 0.486385, -0.0157403, 0.142593, 0.996195, -3.71201e-12, -0.0871557, -4.46982e-12, -1, -8.49977e-12, -0.0871557, 8.857e-12, -0.996195, 0
17.62, 2025-07-03__00-41-26.369385, -0.04721, -0.313415, 0.0264896, -2.17709, -0.0264501, 1.81165, 0.714412, -0.000711875, 0.554693, 0.0159545, -0.884877, 0.00124698, 1.43291, 0.0421082, 0.186637, 2.79088, 0.395109, -0.541129, 0.124392, 0.851614, 0.22291, 0, 0, 0, 0, 0, 0, 0, 0.441955, -0.0185626, 0.276735, 0.486385, -0.0157403, 0.142593, 0.996195, -3.71201e-12, -0.0871557, -4.46982e-12, -1, -8.49977e-12, -0.0871557, 8.857e-12, -0.996195, 0
17.63, 2025-07-03__00-41-26.379385, -0.0472281, -0.307833, 0.0266621, -2.18584, -0.0264707, 1.82557, 0.714742, -0.00263391, 0.56678, 0.021103, -0.866293, -0.000730864, 1.39834, 0.032542, 0.134677, 3.14244, 0.337963, -0.485173, 0.131131, 1.11334, 0.2988, 0, 0, 0, 0, 0, 0, 0, 0.443144, -0.0184881, 0.271204, 0.486385, -0.0157403, 0.142593, 0.996195, -3.71201e-12, -0.0871557, -4.46982e-12, -1, -8.49977e-12, -0.0871557, 8.857e-12, -0.996195, 0
17.64, 2025-07-03__00-41-26.389383, -0.0472165, -0.301974, 0.02684, -2.19419, -0.0264608, 1.83972, 0.715064, 0.00217809, 0.596406, 0.0188289, -0.829268, -0.00208579, 1.42923, 0.0278211, 0.114516, 3.29724, 0.334437, -0.67065, 0.13161, 0.876145, 0.345294, 0, 0, 0, 0, 0, 0, 0, 0.444451, -0.0183833, 0.265735, 0.486385, -0.0157403, 0.142593, 0.996195, -3.71201e-12, -0.0871557, -4.46982e-12, -1, -8.49977e-12, -0.0871557, 8.857e-12, -0.996195, 0
17.65, 2025-07-03__00-41-26.399384, -0.0472093, -0.295713, 0.027023, -2.20241, -0.0264524, 1.85392, 0.715418, -0.000963363, 0.633909, 0.0141872, -0.811266, 0.00126166, 1.41396, 0.0383251, 0.295805, 2.7438, 0.549716, -0.212567, 0.116918, 1.03601, 0.300131, 0, 0, 0, 0, 0, 0, 0, 0.445762, -0.0182743, 0.260175, 0.486385, -0.0157403, 0.142593, 0.996195, -3.71201e-12, -0.0871557, -4.46982e-12, -1, -8.49977e-12, -0.0871557, 8.857e-12, -0.996195, 0
17.66, 2025-07-03__00-41-26.409385, -0.0472013, -0.289266, 0.0272353, -2.21047, -0.0264588, 1.86801, 0.715732, 0.000143739, 0.646086, 0.0206254, -0.790482, -0.000602668, 1.41566, 0.0390493, 0.155053, 3.20112, 0.39537, -0.268831, 0.117376, 1.03849, 0.318234, 0, 0, 0, 0, 0, 0, 0, 0.446974, -0.0181572, 0.254563, 0.486385, -0.0157403, 0.142593, 0.996195, -3.71201e-12, -0.0871557, -4.46982e-12, -1, -8.49977e-12, -0.0871557, 8.857e-12, -0.996195, 0
17.67, 2025-07-03__00-41-26.419384, -0.0472273, -0.282662, 0.0274667, -2.21805, -0.0264581, 1.88227, 0.715988, -0.00358282, 0.669942, 0.0227758, -0.750854, -0.00194915, 1.42946, 0.0281249, 0.197952, 3.60848, 0.452016, -0.533449, 0.117934, 0.890956, 0.408734, 0, 0, 0, 0, 0, 0, 0, 0.448333, -0.0180359, 0.249113, 0.486385, -0.0157403, 0.142593, 0.996195, -3.71201e-12, -0.0871557, -4.46982e-12, -1, -8.49977e-12, -0.0871557, 8.857e-12, -0.996195, 0
17.68, 2025-07-03__00-41-26.429384, -0.0472182, -0.27552, 0.0276908, -2.22546, -0.0264477, 1.89656, 0.716198, -0.000416182, 0.723151, 0.0207844, -0.734605, 0.00332104, 1.42281, 0.0263564, 0.213112, 2.49351, 0.479393, 0.23031, 0.0871295, 1.01743, 0.449865, 0, 0, 0, 0, 0, 0, 0, 0.44967, -0.0179002, 0.243516, 0.486385, -0.0157403, 0.142593, 0.996195, -3.71201e-12, -0.0871557, -4.46982e-12, -1, -8.49977e-12, -0.0871557, 8.857e-12, -0.996195, 0
17.69, 2025-07-03__00-41-26.439384, -0.0472134, -0.268315, 0.0279339, -2.23264, -0.0264665, 1.91057, 0.716464, -0.00386529, 0.730221, 0.0257066, -0.701475, -0.00616377, 1.39545, 0.0327109, 0.187558, 3.29805, 0.455785, -0.0338905, 0.132746, 1.16856, 0.43957, 0, 0, 0, 0, 0, 0, 0, 0.450917, -0.0177488, 0.237944, 0.486385, -0.0157403, 0.142593, 0.996195, -3.71201e-12, -0.0871557, -4.46982e-12, -1, -8.49977e-12, -0.0871557, 8.857e-12, -0.996195, 0
17.7, 2025-07-03__00-41-26.449386, -0.0472056, -0.26099, 0.0281785, -2.23942, -0.0264579, 1.92473, 0.716809, -0.00229584, 0.752733, 0.0233457, -0.666823, 0.00484793, 1.43531, 0.0268959, 0.204022, 3.72098, 0.489746, -0.264748, 0.0527965, 0.848346, 0.49613, 0, 0, 0, 0, 0, 0, 0, 0.45227, -0.0175926, 0.232516, 0.486385, -0.0157403, 0.142593, 0.996195, -3.71201e-12, -0.0871557, -4.46982e-12, -1, -8.49977e-12, -0.0871557, 8.857e-12, -0.996195, 0
17.71, 2025-07-03__00-41-26.459386, -0.0471955, -0.25319, 0.0284381, -2.24589, -0.0264646, 1.93902, 0.717209, 0.0013631, 0.772093, 0.0226256, -0.641537, -0.00121544, 1.42543, 0.0399577, 0.156581, 4.01135, 0.448476, -0.197254, 0.0776409, 0.890402, 0.439612, 0, 0, 0, 0, 0, 0, 0, 0.45372, -0.0174252, 0.227053, 0.486385, -0.0157403, 0.142593, 0.996195, -3.71201e-12, -0.0871557, -4.46982e-12, -1, -8.49977e-12, -0.0871557, 8.857e-12, -0.996195, 0
17.72, 2025-07-03__00-41-26.469383, -0.0472129, -0.244972, 0.028705, -2.25208, -0.0264599, 1.95318, 0.717656, -0.000770919, 0.793774, 0.0259393, -0.608319, 0.000987064, 1.40422, 0.0513103, 0.137202, 4.30524, 0.432186, -0.191009, 0.0459591, 1.00537, 0.391517, 0, 0, 0, 0, 0, 0, 0, 0.455092, -0.0172691, 0.221482, 0.486385, -0.0157403, 0.142593, 0.996195, -3.71201e-12, -0.0871557, -4.46982e-12, -1, -8.49977e-12, -0.0871557, 8.857e-12, -0.996195, 0
17.73, 2025-07-03__00-41-26.479387, -0.0472046, -0.236605, 0.0290106, -2.25801, -0.0264649, 1.96725, 0.718076, -2.24667e-05, 0.813353, 0.030105, -0.584199, -0.000471079, 1.40396, 0.0396127, 0.0253293, 4.56897, 0.315236, -0.0693095, 0.040116, 0.993407, 0.485671, 0, 0, 0, 0, 0, 0, 0, 0.456476, -0.0170678, 0.215956, 0.486385, -0.0157403, 0.142593, 0.996195, -3.71201e-12, -0.0871557, -4.46982e-12, -1, -8.49977e-12, -0.0871557, 8.857e-12, -0.996195, 0
17.74, 2025-07-03__00-41-26.489385, -0.0472055, -0.227858, 0.0292955, -2.26355, -0.0264615, 1.98117, 0.718464, 0.000326999, 0.899506, 0.0285987, -0.54119, -0.000264435, 1.39487, 0.0419211, 0.0881406, 2.73877, 0.390252, 0.834927, 0.0286305, 1.1098, 0.497231, 0, 0, 0, 0, 0, 0, 0, 0.457838, -0.0168763, 0.210421, 0.486385, -0.0157403, 0.142593, 0.996195, -3.71201e-12, -0.0871557, -4.46982e-12, -1, -8.49977e-12, -0.0871557, 8.857e-12, -0.996195, 0
17.75, 2025-07-03__00-41-26.499388, -0.0471988, -0.218797, 0.0295937, -2.26859, -0.0264627, 1.99523, 0.718893, 0.00183085, 0.913875, 0.0276385, -0.499972, 0.00647226, 1.41206, 0.0437858, 0.0485825, 3.50418, 0.359824, 0.514781, -0.0393641, 0.89786, 0.507346, 0, 0, 0, 0, 0, 0, 0, 0.459345, -0.0166754, 0.204961, 0.486385, -0.0157403, 0.142593, 0.996195, -3.71201e-12, -0.0871557, -4.46982e-12, -1, -8.49977e-12, -0.0871557, 8.857e-12, -0.996195, 0
17.76, 2025-07-03__00-41-26.509386, -0.0472022, -0.209441, 0.0298884, -2.27336, -0.0264723, 2.00919, 0.719318, -0.00283626, 0.937245, 0.0309162, -0.463501, 0.00787037, 1.39087, 0.0434653, 0.0474713, 3.79498, 0.361707, 0.603641, -0.0715082, 0.981244, 0.532353, 0, 0, 0, 0, 0, 0, 0, 0.460863, -0.0164596, 0.199498, 0.486385, -0.0157403, 0.142593, 0.996195, -3.71201e-12, -0.0871557, -4.46982e-12, -1, -8.49977e-12, -0.0871557, 8.857e-12, -0.996195, 0
17.77, 2025-07-03__00-41-26.519381, -0.0472015, -0.199799, 0.0301775, -2.27777, -0.0264685, 2.02298, 0.719761, 0.00222151, 0.963399, 0.0312505, -0.425831, 0.00333111, 1.38196, 0.0488512, -0.0789827, 1.236, 0.213109, 1.95128, -0.0522523, 0.546208, 0.502807, 0, 0, 0, 0, 0, 0, 0, 0.462329, -0.0162559, 0.19401, 0.486385, -0.0157403, 0.142593, 0.996195, -3.71201e-12, -0.0871557, -4.46982e-12, -1, -8.49977e-12, -0.0871557, 8.857e-12, -0.996195, 0
17.78, 2025-07-03__00-41-26.529386, -0.0471913, -0.189929, 0.0304704, -2.28167, -0.0264859, 2.03653, 0.720283, 0.00194621, 0.980876, 0.0307767, -0.379691, -0.00531119, 1.32871, 0.0598553, -0.0754742, -2.31332, 0.192566, 3.63696, -0.00469692, 0.176671, 0.42807, 0, 0, 0, 0, 0, 0, 0, 0.463879, -0.0160302, 0.188613, 0.486385, -0.0157403, 0.142593, 0.996195, -3.71201e-12, -0.0871557, -4.46982e-12, -1, -8.49977e-12, -0.0871557, 8.857e-12, -0.996195, 0
17.79, 2025-07-03__00-41-26.539385, -0.0471937, -0.180199, 0.0307813, -2.28507, -0.0265068, 2.04923, 0.720804, -0.00728366, 0.974625, 0.0339247, -0.331064, -0.0022712, 1.24192, 0.0507053, 0.0170744, -4.97599, 0.263681, 4.86037, -0.0364259, 0.0301985, 0.475386, 0, 0, 0, 0, 0, 0, 0, 0.465319, -0.0158169, 0.183446, 0.486385, -0.0157403, 0.142593, 0.996195, -3.71201e-12, -0.0871557, -4.46982e-12, -1, -8.49977e-12, -0.0871557, 8.857e-12, -0.996195, 0
17.8, 2025-07-03__00-41-26.549385, -0.0471928, -0.170391, 0.031092, -2.28793, -0.0265097, 2.06063, 0.721337, -0.00112916, 0.975733, 0.0337007, -0.267843, -0.00144625, 1.11648, 0.0496199, -0.120551, -7.72972, 0.102885, 5.95966, -0.068971, 0.194974, 0.475378, 0, 0, 0, 0, 0, 0, 0, 0.466482, -0.0155806, 0.178378, 0.486385, -0.0157403, 0.142593, 0.996195, -3.71201e-12, -0.0871557, -4.46982e-12, -1, -8.49977e-12, -0.0871557, 8.857e-12, -0.996195, 0
17.81, 2025-07-03__00-41-26.559388, -0.0472097, -0.160553, 0.031374, -2.29006, -0.0265283, 2.07073, 0.721865, -0.000348934, 0.963531, 0.0279966, -0.205467, -0.00313457, 0.989026, 0.0570181, -0.0236559, -10.003, 0.190517, 6.7465, -0.0884092, 0.419579, 0.424521, 0, 0, 0, 0, 0, 0, 0, 0.467476, -0.0153735, 0.173498, 0.486385, -0.0157403, 0.142593, 0.996195, -3.71201e-12, -0.0871557, -4.46982e-12, -1, -8.49977e-12, -0.0871557, 8.857e-12, -0.996195, 0
17.82, 2025-07-03__00-41-26.569396, -0.047214, -0.151078, 0.0316025, -2.29168, -0.0265603, 2.07969, 0.722391, -1.63793e-05, 0.929637, 0.0297242, -0.15412, -0.00152467, 0.872475, 0.0525746, -0.0860197, -11.518, 0.108457, 7.22312, -0.130103, 0.616257, 0.444976, 0, 0, 0, 0, 0, 0, 0, 0.468338, -0.0151918, 0.168932, 0.486385, -0.0157403, 0.142593, 0.996195, -3.71201e-12, -0.0871557, -4.46982e-12, -1, -8.49977e-12, -0.0871557, 8.857e-12, -0.996195, 0
17.83, 2025-07-03__00-41-26.579397, -0.0472051, -0.142245, 0.0318319, -2.29279, -0.0265905, 2.08756, 0.722834, -0.000860387, 0.860677, 0.0184226, -0.098016, -0.000372001, 0.765228, 0.0386315, 0.132119, -11.4576, 0.327844, 6.80314, -0.175106, 0.714069, 0.524407, 0, 0, 0, 0, 0, 0, 0, 0.469094, -0.0150087, 0.164781, 0.486385, -0.0157403, 0.142593, 0.996195, -3.71201e-12, -0.0871557, -4.46982e-12, -1, -8.49977e-12, -0.0871557, 8.857e-12, -0.996195, 0
17.84, 2025-07-03__00-41-26.589388, -0.0471871, -0.13374, 0.0320637, -2.29351, -0.0266083, 2.0944, 0.723229, 0.00193761, 0.846985, 0.0248142, -0.064085, -0.00300939, 0.649746, 0.0417653, -0.0767778, -13.5797, 0.0940704, 7.66076, -0.184838, 1.09563, 0.505466, 0, 0, 0, 0, 0, 0, 0, 0.469713, -0.0148208, 0.160908, 0.486385, -0.0157403, 0.142593, 0.996195, -3.71201e-12, -0.0871557, -4.46982e-12, -1, -8.49977e-12, -0.0871557, 8.857e-12, -0.996195, 0
17.85, 2025-07-03__00-41-26.599386, -0.0472031, -0.125628, 0.0322492, -2.29386, -0.0266363, 2.10049, 0.723642, -0.00129756, 0.784824, 0.0192402, -0.0328913, 0.00174271, 0.588704, 0.0400252, 0.0833986, -13.7792, 0.248034, 7.47604, -0.244247, 1.04854, 0.510643, 0, 0, 0, 0, 0, 0, 0, 0.470271, -0.014671, 0.157297, 0.486385, -0.0157403, 0.142593, 0.996195, -3.71201e-12, -0.0871557, -4.46982e-12, -1, -8.49977e-12, -0.0871557, 8.857e-12, -0.996195, 0
17.86, 2025-07-03__00-41-26.609385, -0.0471957, -0.118379, 0.0324066, -2.29393, -0.026689, 2.10592, 0.724117, 0.00168809, 0.706342, 0.0148731, 0.00151157, -0.0123038, 0.52745, 0.0496674, 0.0760358, -13.0248, 0.231358, 6.77443, -0.191627, 0.979452, 0.442494, 0, 0, 0, 0, 0, 0, 0, 0.47086, -0.0145379, 0.154158, 0.486385, -0.0157403, 0.142593, 0.996195, -3.71201e-12, -0.0871557, -4.46982e-12, -1, -8.49977e-12, -0.0871557, 8.857e-12, -0.996195, 0
17.87, 2025-07-03__00-41-26.619387, -0.0471942, -0.111758, 0.0325341, -2.29378, -0.0267567, 2.11072, 0.724625, 0.00117099, 0.651936, 0.0141474, 0.0157577, -0.00979013, 0.469277, 0.0484082, 0.0800796, -13.2077, 0.22333, 6.72283, -0.228635, 1.02379, 0.436667, 0, 0, 0, 0, 0, 0, 0, 0.471445, -0.0144336, 0.151376, 0.486385, -0.0157403, 0.142593, 0.996195, -3.71201e-12, -0.0871557, -4.46982e-12, -1, -8.49977e-12, -0.0871557, 8.857e-12, -0.996195, 0
17.88, 2025-07-03__00-41-26.629385, -0.0471979, -0.105817, 0.0326404, -2.29356, -0.0268022, 2.1151, 0.725088, 0.000884616, 0.580199, 0.0167277, 0.018033, -0.00484473, 0.432296, 0.043707, -0.00744626, -12.6915, 0.121061, 6.43897, -0.279111, 0.936605, 0.45179, 0, 0, 0, 0, 0, 0, 0, 0.472006, -0.014342, 0.148898, 0.486385, -0.0157403, 0.142593, 0.996195, -3.71201e-12, -0.0871557, -4.46982e-12, -1, -8.49977e-12, -0.0871557, 8.857e-12, -0.996195, 0
17.89, 2025-07-03__00-41-26.639384, -0.0471946, -0.100682, 0.0327385, -2.29337, -0.0268612, 2.1191, 0.725512, -0.000334125, 0.49904, 0.00995367, 0.0160815, -0.00646837, 0.387147, 0.0480835, 0.125169, -11.6647, 0.248445, 5.98369, -0.286004, 0.910816, 0.412049, 0, 0, 0, 0, 0, 0, 0, 0.47257, -0.0142568, 0.146776, 0.486385, -0.0157403, 0.142593, 0.996195, -3.71201e-12, -0.0871557, -4.46982e-12, -1, -8.49977e-12, -0.0871557, 8.857e-12, -0.996195, 0
17.9, 2025-07-03__00-41-26.649385, -0.0472037, -0.0960838, 0.0328158, -2.29313, -0.0269418, 2.1226, 0.725915, -0.00589981, 0.447587, 0.00826964, 0.0260873, -0.010593, 0.335099, 0.0413499, 0.270059, -11.3175, 0.386021, 5.71246, -0.274505, 0.979498, 0.440035, 0, 0, 0, 0, 0, 0, 0, 0.47307, -0.0141941, 0.144892, 0.486385, -0.0157403, 0.142593, 0.996195, -3.71201e-12, -0.0871557, -4.46982e-12, -1, -8.49977e-12, -0.0871557, 8.857e-12, -0.996195, 0
17.91, 2025-07-03__00-41-26.659386, -0.0472048, -0.0921243, 0.0328765, -2.2928, -0.0270103, 2.12579, 0.726257, 0.00212728, 0.377632, 0.00999609, 0.0288165, -0.0027347, 0.31516, 0.0388827, 0.017089, -10.1202, 0.122092, 5.06243, -0.340084, 0.815485, 0.443286, 0, 0, 0, 0, 0, 0, 0, 0.473613, -0.0141481, 0.143318, 0.486385, -0.0157403, 0.142593, 0.996195, -3.71201e-12, -0.0871557, -4.46982e-12, -1, -8.49977e-12, -0.0871557, 8.857e-12, -0.996195, 0
17.92, 2025-07-03__00-41-26.669385, -0.0471983, -0.0889888, 0.0329157, -2.29257, -0.0270825, 2.12852, 0.726592, 0.000877646, 0.303582, 0.00435419, 0.0221879, -0.0075284, 0.265731, 0.0289953, 0.133052, -8.73856, 0.234163, 4.51596, -0.32024, 0.893482, 0.49066, 0, 0, 0, 0, 0, 0, 0, 0.474109, -0.0141073, 0.142076, 0.486385, -0.0157403, 0.142593, 0.996195, -3.71201e-12, -0.0871557, -4.46982e-12, -1, -8.49977e-12, -0.0871557, 8.857e-12, -0.996195, 0
17.93, 2025-07-03__00-41-26.679381, -0.0472003, -0.0862347, 0.0329402, -2.29231, -0.0271699, 2.1308, 0.726945, -0.000580912, 0.26951, 0.00132721, 0.026737, -0.0112931, 0.220512, 0.0424024, 0.229502, -8.44526, 0.326803, 4.33669, -0.30502, 1.0128, 0.395391, 0, 0, 0, 0, 0, 0, 0, 0.474526, -0.0140888, 0.14101, 0.486385, -0.0157403, 0.142593, 0.996195, -3.71201e-12, -0.0871557, -4.46982e-12, -1, -8.49977e-12, -0.0871557, 8.857e-12, -0.996195, 0
17.94, 2025-07-03__00-41-26.689387, -0.0472024, -0.083831, 0.0329581, -2.29203, -0.0272301, 2.13295, 0.727328, -0.00119123, 0.228752, -9.83895e-05, 0.0328247, -0.00417785, 0.217127, 0.0435626, 0.261382, -7.67206, 0.354404, 3.82398, -0.359823, 0.826882, 0.369965, 0, 0, 0, 0, 0, 0, 0, 0.474957, -0.0140729, 0.140094, 0.486385, -0.0157403, 0.142593, 0.996195, -3.71201e-12, -0.0871557, -4.46982e-12, -1, -8.49977e-12, -0.0871557, 8.857e-12, -0.996195, 0
17.95, 2025-07-03__00-41-26.699387, -0.0472053, -0.0820142, 0.0329777, -2.29183, -0.0272825, 2.13493, 0.727662, 0.00144501, 0.167379, 0.00118935, 0.0198676, -0.00337615, 0.186355, 0.032564, 0.138845, -6.34366, 0.224399, 3.3616, -0.370678, 0.846175, 0.421278, 0, 0, 0, 0, 0, 0, 0, 0.475415, -0.0140577, 0.139414, 0.486385, -0.0157403, 0.142593, 0.996195, -3.71201e-12, -0.0871557, -4.46982e-12, -1, -8.49977e-12, -0.0871557, 8.857e-12, -0.996195, 0
17.96, 2025-07-03__00-41-26.709388, -0.0472032, -0.0807763, 0.0329919, -2.2917, -0.0273587, 2.13657, 0.727935, -0.000188159, 0.115498, 0.00116205, 0.0104921, -0.0096788, 0.157863, 0.0245179, 0.146047, -5.10318, 0.226526, 2.9058, -0.334397, 0.872304, 0.457356, 0, 0, 0, 0, 0, 0, 0, 0.475823, -0.0140482, 0.138963, 0.486385, -0.0157403, 0.142593, 0.996195, -3.71201e-12, -0.0871557, -4.46982e-12, -1, -8.49977e-12, -0.0871557, 8.857e-12, -0.996195, 0
17.97, 2025-07-03__00-41-26.719384, -0.047198, -0.0797502, 0.0330062, -2.29154, -0.0274299, 2.13807, 0.72823, 0.000436475, 0.100422, 0.000564243, 0.010013, -0.00180648, 0.150298, 0.0369846, 0.138548, -4.894, 0.216638, 2.7753, -0.38543, 0.808327, 0.366481, 0, 0, 0, 0, 0, 0, 0, 0.476232, -0.0140506, 0.138625, 0.486385, -0.0157403, 0.142593, 0.996195, -3.71201e-12, -0.0871557, -4.46982e-12, -1, -8.49977e-12, -0.0871557, 8.857e-12, -0.996195, 0
17.98, 2025-07-03__00-41-26.729387, -0.0472061, -0.0790141, 0.0330075, -2.29144, -0.0274956, 2.13944, 0.728468, -0.00394904, 0.0619441, -0.000118656, 0.00491657, -0.00627435, 0.132387, 0.0250487, 0.233611, -3.86771, 0.308752, 2.3516, -0.359414, 0.78596, 0.426655, 0, 0, 0, 0, 0, 0, 0, 0.476627, -0.0140575, 0.138386, 0.486385, -0.0157403, 0.142593, 0.996195, -3.71201e-12, -0.0871557, -4.46982e-12, -1, -8.49977e-12, -0.0871557, 8.857e-12, -0.996195, 0
17.99, 2025-07-03__00-41-26.739385, -0.0472107, -0.0787039, 0.033011, -2.29141, -0.0275674, 2.14064, 0.728663, 0.000519461, 0.025097, 0.0002747, 0.00143904, -0.00801733, 0.115682, 0.0250275, 0.101594, -2.72423, 0.173824, 1.86711, -0.351428, 0.757605, 0.416701, 0, 0, 0, 0, 0, 0, 0, 0.476998, -0.0140691, 0.138308, 0.486385, -0.0157403, 0.142593, 0.996195, -3.71201e-12, -0.0871557, -4.46982e-12, -1, -8.49977e-12, -0.0871557, 8.857e-12, -0.996195, 0
18, 2025-07-03__00-41-26.749387, -0.0472069, -0.0785794, 0.033014, -2.29136, -0.0276373, 2.14165, 0.72884, -0.00102691, 0.00930946, 0.000632256, 0.00554013, -0.00408498, 0.0977386, 0.0165086, 0.118647, -2.14238, 0.18962, 1.55127, -0.377435, 0.768369, 0.458407, 0, 0, 0, 0, 0, 0, 0, 0.47737, -0.014086, 0.138337, 0.486385, -0.0157403, 0.142593, 0.996195, -3.71201e-12, -0.0871557, -4.46982e-12, -1, -8.49977e-12, -0.0871557, 8.857e-12, -0.996195, 0
18.01, 2025-07-03__00-41-26.759385, -0.0472068, -0.0786121, 0.0330192, -2.2913, -0.0276831, 2.14254, 0.728983, -0.000858308, -0.0100379, 0.000269451, 0.00547091, -0.00357797, 0.0888196, 0.0193755, 0.109218, -1.42892, 0.179449, 1.20955, -0.382812, 0.726316, 0.432792, 0, 0, 0, 0, 0, 0, 0, 0.477717, -0.0140905, 0.138425, 0.486385, -0.0157403, 0.142593, 0.996195, -3.71201e-12, -0.0871557, -4.46982e-12, -1, -8.49977e-12, -0.0871557, 8.857e-12, -0.996195, 0
18.02, 2025-07-03__00-41-26.769384, -0.0471996, -0.0787293, 0.0330225, -2.29128, -0.0277103, 2.14344, 0.729119, 0.00110148, -0.0113195, 0.00110954, 0.0011566, -0.00386487, 0.0886218, 0.0152719, 0.0402859, -1.38384, 0.10942, 1.22304, -0.378627, 0.673821, 0.450115, 0, 0, 0, 0, 0, 0, 0, 0.478063, -0.0140939, 0.138543, 0.486385, -0.0157403, 0.142593, 0.996195, -3.71201e-12, -0.0871557, -4.46982e-12, -1, -8.49977e-12, -0.0871557, 8.857e-12, -0.996195, 0
18.03, 2025-07-03__00-41-26.779383, -0.0472037, -0.0789251, 0.0330247, -2.29126, -0.0277281, 2.14431, 0.729266, -0.000603502, -0.0266332, 0.000452105, -0.000140571, -0.00256414, 0.0799973, 0.0151956, 0.0825284, -0.783592, 0.151558, 0.952952, -0.388867, 0.641327, 0.441654, 0, 0, 0, 0, 0, 0, 0, 0.478419, -0.0140985, 0.138697, 0.486385, -0.0157403, 0.142593, 0.996195, -3.71201e-12, -0.0871557, -4.46982e-12, -1, -8.49977e-12, -0.0871557, 8.857e-12, -0.996195, 0
18.04, 2025-07-03__00-41-26.789387, -0.0472016, -0.0792381, 0.0330246, -2.29124, -0.0277578, 2.14502, 0.729414, -0.00335331, -0.0298455, 0.000341924, 0.00396614, -0.000282427, 0.0715503, 0.0222485, 0.144223, -0.4848, 0.213642, 0.759769, -0.405049, 0.625087, 0.389742, 0, 0, 0, 0, 0, 0, 0, 0.478745, -0.0141072, 0.138896, 0.486385, -0.0157403, 0.142593, 0.996195, -3.71201e-12, -0.0871557, -4.46982e-12, -1, -8.49977e-12, -0.0871557, 8.857e-12, -0.996195, 0
18.05, 2025-07-03__00-41-26.799379, -0.0472065, -0.0795289, 0.0330334, -2.29119, -0.0278035, 2.14562, 0.729557, -0.00135075, -0.0285631, 0.00186978, 0.008208, -0.00438467, 0.0569269, 0.0175697, 0.0645223, -0.35943, 0.132879, 0.66352, -0.379318, 0.66709, 0.410266, 0, 0, 0, 0, 0, 0, 0, 0.479047, -0.0141179, 0.139102, 0.486385, -0.0157403, 0.142593, 0.996195, -3.71201e-12, -0.0871557, -4.46982e-12, -1, -8.49977e-12, -0.0871557, 8.857e-12, -0.996195, 0
18.06, 2025-07-03__00-41-26.809386, -0.047202, -0.0797704, 0.0330373, -2.29111, -0.0278282, 2.14621, 0.729654, 0.00205856, -0.0236606, 0.00192002, 0.00433595, -0.00349005, 0.0604094, 0.0135419, -0.0155166, -0.471965, 0.0527699, 0.736954, -0.381682, 0.617559, 0.429027, 0, 0, 0, 0, 0, 0, 0, 0.479329, -0.0141229, 0.139281, 0.486385, -0.0157403, 0.142593, 0.996195, -3.71201e-12, -0.0871557, -4.46982e-12, -1, -8.49977e-12, -0.0871557, 8.857e-12, -0.996195, 0
18.07, 2025-07-03__00-41-26.819387, -0.0471964, -0.0800265, 0.0330422, -2.29105, -0.0278444, 2.14673, 0.72974, -0.00129036, -0.0284266, 0.000553843, 0.00612472, -0.0069118, 0.0473306, 0.00467522, 0.0607905, -0.293378, 0.129984, 0.650103, -0.381426, 0.639295, 0.456176, 0, 0, 0, 0, 0, 0, 0, 0.47963, -0.0141198, 0.139489, 0.486385, -0.0157403, 0.142593, 0.996195, -3.71201e-12, -0.0871557, -4.46982e-12, -1, -8.49977e-12, -0.0871557, 8.857e-12, -0.996195, 0
18.08, 2025-07-03__00-41-26.829387, -0.0471987, -0.0803007, 0.0330384, -2.291, -0.027864, 2.14714, 0.729824, 0.00117312, -0.0227931, -0.000145878, 0.00502906, -0.00513293, 0.0397781, 0.0135937, 0.0491654, -0.303071, 0.119284, 0.6576, -0.371089, 0.682123, 0.418572, 0, 0, 0, 0, 0, 0, 0, 0.479834, -0.0141325, 0.139654, 0.486385, -0.0157403, 0.142593, 0.996195, -3.71201e-12, -0.0871557, -4.46982e-12, -1, -8.49977e-12, -0.0871557, 8.857e-12, -0.996195, 0
18.09, 2025-07-03__00-41-26.839386, -0.047201, -0.0805278, 0.0330462, -2.29092, -0.0278708, 2.14747, 0.729876, -0.000174862, -0.0231491, 0.000793442, 0.00851383, -9.02265e-05, 0.0292767, 0.0086416, 0.0564945, -0.149903, 0.126517, 0.545684, -0.404205, 0.71382, 0.444977, 0, 0, 0, 0, 0, 0, 0, 0.480035, -0.0141306, 0.139818, 0.486385, -0.0157403, 0.142593, 0.996195, -3.71201e-12, -0.0871557, -4.46982e-12, -1, -8.49977e-12, -0.0871557, 8.857e-12, -0.996195, 0
18.1, 2025-07-03__00-41-26.849387, -0.0472068, -0.0807195, 0.033045, -2.29084, -0.027882, 2.14773, 0.729931, -0.000839426, -0.0167822, 6.18133e-05, 0.00485691, -0.000601691, 0.017629, 0.00352902, 0.0927542, -0.373781, 0.163394, 0.704129, -0.3981, 0.794894, 0.472909, 0, 0, 0, 0, 0, 0, 0, 0.480205, -0.0141355, 0.139964, 0.486385, -0.0157403, 0.142593, 0.996195, -3.71201e-12, -0.0871557, -4.46982e-12, -1, -8.49977e-12, -0.0871557, 8.857e-12, -0.996195, 0
18.11, 2025-07-03__00-41-26.859386, -0.0472059, -0.0808952, 0.0330465, -2.29077, -0.0279016, 2.14797, 0.730026, -0.000233802, -0.0180355, 0.00077164, 0.00903121, 0.00100655, 0.0190521, 0.00967041, 0.0616445, -0.173755, 0.132015, 0.542255, -0.410161, 0.747381, 0.42977, 0, 0, 0, 0, 0, 0, 0, 0.480365, -0.0141423, 0.140098, 0.486385, -0.0157403, 0.142593, 0.996195, -3.71201e-12, -0.0871557, -4.46982e-12, -1, -8.49977e-12, -0.0871557, 8.857e-12, -0.996195, 0
18.12, 2025-07-03__00-41-26.869387, -0.0471988, -0.0810762, 0.0330473, -2.29069, -0.0279235, 2.14818, 0.730129, 0.00102823, -0.0223553, 0.000468141, 0.00652786, 0.000296091, 0.0247114, 0.00675949, 0.0331174, 0.0348897, 0.10331, 0.450463, -0.404713, 0.686295, 0.441164, 0, 0, 0, 0, 0, 0, 0, 0.480512, -0.0141479, 0.140227, 0.486385, -0.0157403, 0.142593, 0.996195, -3.71201e-12, -0.0871557, -4.46982e-12, -1, -8.49977e-12, -0.0871557, 8.857e-12, -0.996195, 0
18.13, 2025-07-03__00-41-26.879386, -0.047199, -0.0812164, 0.0330458, -2.29063, -0.027934, 2.14836, 0.730197, 0.000367907, -0.0162831, -0.000646078, 0.00649415, 0.000139592, 0.0181801, 0.00176537, 0.0772944, -0.131529, 0.148473, 0.530363, -0.402297, 0.727571, 0.467452, 0, 0, 0, 0, 0, 0, 0, 0.480639, -0.0141484, 0.140338, 0.486385, -0.0157403, 0.142593, 0.996195, -3.71201e-12, -0.0871557, -4.46982e-12, -1, -8.49977e-12, -0.0871557, 8.857e-12, -0.996195, 0
18.14, 2025-07-03__00-41-26.889383, -0.0471987, -0.0813182, 0.0330533, -2.29055, -0.0279476, 2.14852, 0.730261, 0.00103242, -0.0095695, 0.000797257, 0.00788305, -0.000268888, 0.0093585, 0.00306244, 0.0330673, -0.310003, 0.103364, 0.603265, -0.399262, 0.782733, 0.456172, 0, 0, 0, 0, 0, 0, 0, 0.480756, -0.0141534, 0.14043, 0.486385, -0.0157403, 0.142593, 0.996195, -3.71201e-12, -0.0871557, -4.46982e-12, -1, -8.49977e-12, -0.0871557, 8.857e-12, -0.996195, 0
18.15, 2025-07-03__00-41-26.899386, -0.0472013, -0.0814045, 0.0330481, -2.29049, -0.0279556, 2.14866, 0.730352, -0.0022108, -0.00964094, -0.000438128, 0.00708645, -0.000736098, 0.0159042, 0.00724785, 0.135288, -0.265095, 0.206446, 0.565899, -0.396162, 0.727013, 0.425077, 0, 0, 0, 0, 0, 0, 0, 0.480857, -0.014158, 0.140511, 0.486385, -0.0157403, 0.142593, 0.996195, -3.71201e-12, -0.0871557, -4.46982e-12, -1, -8.49977e-12, -0.0871557, 8.857e-12, -0.996195, 0
18.16, 2025-07-03__00-41-26.909385, -0.0471991, -0.0814708, 0.0330536, -2.29044, -0.0279667, 2.14878, 0.730419, 0.000270459, -0.00936361, 0.00106745, 0.00353413, -0.00607075, 0.00984907, 0.0092295, 0.0433656, -0.309821, 0.112845, 0.638755, -0.361528, 0.768547, 0.40994, 0, 0, 0, 0, 0, 0, 0, 0.480933, -0.0141611, 0.140569, 0.486385, -0.0157403, 0.142593, 0.996195, -3.71201e-12, -0.0871557, -4.46982e-12, -1, -8.49977e-12, -0.0871557, 8.857e-12, -0.996195, 0
18.17, 2025-07-03__00-41-26.919386, -0.0471952, -0.0815163, 0.0330565, -2.2904, -0.0279732, 2.14888, 0.730473, 0.00184136, -0.00501046, -0.000181327, 0.00339487, -0.00397313, 0.0125611, 0.00382571, 0.0366907, -0.434993, 0.107055, 0.686208, -0.37345, 0.750673, 0.439384, 0, 0, 0, 0, 0, 0, 0, 0.481004, -0.0141571, 0.14062, 0.486385, -0.0157403, 0.142593, 0.996195, -3.71201e-12, -0.0871557, -4.46982e-12, -1, -8.49977e-12, -0.0871557, 8.857e-12, -0.996195, 0
18.18, 2025-07-03__00-41-26.929385, -0.0471987, -0.0815466, 0.0330628, -2.29035, -0.0279792, 2.14898, 0.730499, 0.000427162, -0.00288692, 0.000575733, 0.00475746, -0.000454683, 0.0143137, 0.00539506, 0.0522857, -0.461873, 0.122348, 0.668652, -0.395648, 0.73009, 0.428015, 0, 0, 0, 0, 0, 0, 0, 0.481066, -0.014158, 0.14066, 0.486385, -0.0157403, 0.142593, 0.996195, -3.71201e-12, -0.0871557, -4.46982e-12, -1, -8.49977e-12, -0.0871557, 8.857e-12, -0.996195, 0
18.19, 2025-07-03__00-41-26.939385, -0.0471987, -0.0815571, 0.0330597, -2.29031, -0.0279862, 2.14907, 0.730539, 0.000188746, -0.000219884, -0.000912358, 0.00477317, 0.000326167, 0.00600923, 0.00640689, 0.094706, -0.562375, 0.165837, 0.724495, -0.400175, 0.785499, 0.419651, 0, 0, 0, 0, 0, 0, 0, 0.481121, -0.0141596, 0.140691, 0.486385, -0.0157403, 0.142593, 0.996195, -3.71201e-12, -0.0871557, -4.46982e-12, -1, -8.49977e-12, -0.0871557, 8.857e-12, -0.996195, 0
18.2, 2025-07-03__00-41-26.949386, -0.0472013, -0.0815669, 0.0330572, -2.29029, -0.0279965, 2.14915, 0.730576, -0.000127699, -0.00102575, -0.00165807, 0.00193698, -0.00256791, 0.00825225, 0.00128813, 0.118406, -0.568754, 0.189685, 0.754335, -0.380254, 0.770828, 0.4487, 0, 0, 0, 0, 0, 0, 0, 0.481161, -0.0141628, 0.140707, 0.486385, -0.0157403, 0.142593, 0.996195, -3.71201e-12, -0.0871557, -4.46982e-12, -1, -8.49977e-12, -0.0871557, 8.857e-12, -0.996195, 0
18.21, 2025-07-03__00-41-26.959386, -0.0472034, -0.0815652, 0.0330633, -2.29028, -0.0280018, 2.14923, 0.730594, 0.000139343, 0.000223641, 0.000175999, 0.00159842, -6.61173e-05, 0.0044859, -0.00157104, 0.0707368, -0.621898, 0.140637, 0.788833, -0.395303, 0.794662, 0.46508, 0, 0, 0, 0, 0, 0, 0, 0.481198, -0.0141631, 0.140719, 0.486385, -0.0157403, 0.142593, 0.996195, -3.71201e-12, -0.0871557, -4.46982e-12, -1, -8.49977e-12, -0.0871557, 8.857e-12, -0.996195, 0
18.22, 2025-07-03__00-41-26.969386, -0.0471987, -0.0815607, 0.0330634, -2.29026, -0.028011, 2.14932, 0.730655, 0.00326725, 0.00038322, 8.85627e-06, 0.00011603, -0.00171604, 0.0112602, 0.00599829, 0.00254627, -0.631969, 0.0721349, 0.795818, -0.384668, 0.745676, 0.415893, 0, 0, 0, 0, 0, 0, 0, 0.481234, -0.0141672, 0.140727, 0.486385, -0.0157403, 0.142593, 0.996195, -3.71201e-12, -0.0871557, -4.46982e-12, -1, -8.49977e-12, -0.0871557, 8.857e-12, -0.996195, 0
18.23, 2025-07-03__00-41-26.979386, -0.0472014, -0.0815499, 0.0330713, -2.29025, -0.0280135, 2.14941, 0.730693, 0.000349271, 0.00134031, 0.00151495, 0.000307983, -0.000123235, 0.00531305, -0.000344388, 0.0341312, -0.67612, 0.102602, 0.822214, -0.394191, 0.782159, 0.452125, 0, 0, 0, 0, 0, 0, 0, 0.481275, -0.0141639, 0.140738, 0.486385, -0.0157403, 0.142593, 0.996195, -3.71201e-12, -0.0871557, -4.46982e-12, -1, -8.49977e-12, -0.0871557, 8.857e-12, -0.996195, 0
18.24, 2025-07-03__00-41-26.989386, -0.0472039, -0.0815496, 0.0330665, -2.29025, -0.0280169, 2.14949, 0.730726, -0.00127322, 0.00183696, 0.000116028, 0.000501925, -1.57644e-05, 0.0104159, 0.0013805, 0.104231, -0.679909, 0.173731, 0.80766, -0.394697, 0.742212, 0.43949, 0, 0, 0, 0, 0, 0, 0, 0.481304, -0.014165, 0.140747, 0.486385, -0.0157403, 0.142593, 0.996195, -3.71201e-12, -0.0871557, -4.46982e-12, -1, -8.49977e-12, -0.0871557, 8.857e-12, -0.996195, 0
18.25, 2025-07-03__00-41-26.999386, -0.0472061, -0.0815533, 0.0330686, -2.29024, -0.028021, 2.14956, 0.730744, 0.000233205, -0.000142725, 0.000596717, 0.00158882, 0.000376352, 0.00647111, 0.00326996, 0.0586115, -0.59349, 0.127658, 0.759995, -0.39813, 0.756495, 0.42711, 0, 0, 0, 0, 0, 0, 0, 0.481332, -0.0141699, 0.140751, 0.486385, -0.0157403, 0.142593, 0.996195, -3.71201e-12, -0.0871557, -4.46982e-12, -1, -8.49977e-12, -0.0871557, 8.857e-12, -0.996195, 0
18.26, 2025-07-03__00-41-27.009388, -0.0472022, -0.0815551, 0.033064, -2.29024, -0.0280303, 2.14963, 0.730783, 0.000986383, 0.000977714, -0.000460918, -0.000658172, -1.34777e-05, 0.00105064, 0.00241809, 0.0664315, -0.680353, 0.135937, 0.838171, -0.394231, 0.798263, 0.430258, 0, 0, 0, 0, 0, 0, 0, 0.481358, -0.0141706, 0.14076, 0.486385, -0.0157403, 0.142593, 0.996195, -3.71201e-12, -0.0871557, -4.46982e-12, -1, -8.49977e-12, -0.0871557, 8.857e-12, -0.996195, 0
18.27, 2025-07-03__00-41-27.019387, -0.0472087, -0.0815572, 0.0330647, -2.29024, -0.0280338, 2.14971, 0.730798, -0.00141029, 0.000752539, -0.000517218, -0.000174428, 9.96388e-05, 0.00347139, 0.00308996, 0.122965, -0.658076, 0.192579, 0.813718, -0.394926, 0.774315, 0.425118, 0, 0, 0, 0, 0, 0, 0, 0.481387, -0.0141667, 0.140768, 0.486385, -0.0157403, 0.142593, 0.996195, -3.71201e-12, -0.0871557, -4.46982e-12, -1, -8.49977e-12, -0.0871557, 8.857e-12, -0.996195, 0
18.28, 2025-07-03__00-41-27.029385, -0.0471967, -0.0815632, 0.0330672, -2.29024, -0.0280367, 2.14977, 0.730814, 0.00175749, -0.000883211, -0.000920992, -7.97302e-05, -0.000203604, 0.0104942, -9.55134e-05, 0.055237, -0.57786, 0.124936, 0.761005, -0.39307, 0.717725, 0.443486, 0, 0, 0, 0, 0, 0, 0, 0.481412, -0.0141671, 0.140774, 0.486385, -0.0157403, 0.142593, 0.996195, -3.71201e-12, -0.0871557, -4.46982e-12, -1, -8.49977e-12, -0.0871557, 8.857e-12, -0.996195, 0
18.29, 2025-07-03__00-41-27.039386, -0.0472037, -0.081567, 0.0330619, -2.29023, -0.0280403, 2.14983, 0.730834, -0.00063114, 7.59785e-06, -0.0023324, -6.06132e-05, -0.00032797, 0.010924, 0.00130865, 0.144708, -0.606474, 0.215505, 0.768636, -0.391977, 0.712416, 0.433614, 0, 0, 0, 0, 0, 0, 0, 0.48144, -0.0141686, 0.140785, 0.486385, -0.0157403, 0.142593, 0.996195, -3.71201e-12, -0.0871557, -4.46982e-12, -1, -8.49977e-12, -0.0871557, 8.857e-12, -0.996195, 0
18.3, 2025-07-03__00-41-27.049387, -0.0472065, -0.0815692, 0.0330672, -2.29022, -0.0280438, 2.14984, 0.730845, -0.00261813, 0.000182483, -0.000235438, 0.00349928, 0.00339634, 0.000358272, -0.00075175, 0.143136, -0.572188, 0.212717, 0.727678, -0.416685, 0.773834, 0.445402, 0, 0, 0, 0, 0, 0, 0, 0.481448, -0.0141717, 0.140788, 0.486385, -0.0157403, 0.142593, 0.996195, -3.71201e-12, -0.0871557, -4.46982e-12, -1, -8.49977e-12, -0.0871557, 8.857e-12, -0.996195, 0
18.31, 2025-07-03__00-41-27.059384, -0.0472037, -0.0815639, 0.0330699, -2.29022, -0.0280452, 2.14987, 0.730864, 6.67864e-06, 0.000536152, 3.74072e-05, 0.000766183, 0.000159952, 0.00180199, 0.00534493, 0.0763884, -0.626963, 0.145358, 0.786274, -0.395728, 0.770549, 0.407795, 0, 0, 0, 0, 0, 0, 0, 0.481459, -0.0141655, 0.14079, 0.486385, -0.0157403, 0.142593, 0.996195, -3.71201e-12, -0.0871557, -4.46982e-12, -1, -8.49977e-12, -0.0871557, 8.857e-12, -0.996195, 0
18.32, 2025-07-03__00-41-27.069384, -0.0472016, -0.0815664, 0.0330754, -2.29022, -0.0280515, 2.14991, 0.730875, 0.000657734, -0.00199658, 0.000676118, -0.00070933, 1.73232e-05, 0.00450729, 0.0013956, 0.0429279, -0.552999, 0.111149, 0.764402, -0.394085, 0.748181, 0.431124, 0, 0, 0, 0, 0, 0, 0, 0.481472, -0.0141711, 0.140792, 0.486385, -0.0157403, 0.142593, 0.996195, -3.71201e-12, -0.0871557, -4.46982e-12, -1, -8.49977e-12, -0.0871557, 8.857e-12, -0.996195, 0
18.33, 2025-07-03__00-41-27.079384, -0.0472038, -0.0815611, 0.0330729, -2.29023, -0.0280551, 2.14993, 0.730891, -0.00103297, 0.000135839, -0.000328232, -0.00167228, -0.000456142, 0.000275981, 0.00150791, 0.106678, -0.659051, 0.175586, 0.834193, -0.390133, 0.784068, 0.429586, 0, 0, 0, 0, 0, 0, 0, 0.481479, -0.014169, 0.140792, 0.486385, -0.0157403, 0.142593, 0.996195, -3.71201e-12, -0.0871557, -4.46982e-12, -1, -8.49977e-12, -0.0871557, 8.857e-12, -0.996195, 0
18.34, 2025-07-03__00-41-27.089385, -0.0472013, -0.0815586, 0.0330704, -2.29022, -0.0280546, 2.14994, 0.730912, 0.00408042, 0.00110805, -0.00060665, 0.00302068, 0.000199163, 0.000481591, 0.00418652, -0.000762142, -0.6103, 0.0684599, 0.753676, -0.396573, 0.769019, 0.412233, 0, 0, 0, 0, 0, 0, 0, 0.481483, -0.0141714, 0.140794, 0.486385, -0.0157403, 0.142593, 0.996195, -3.71201e-12, -0.0871557, -4.46982e-12, -1, -8.49977e-12, -0.0871557, 8.857e-12, -0.996195, 0
18.35, 2025-07-03__00-41-27.099387, -0.04721, -0.0815611, 0.0330704, -2.29022, -0.0280559, 2.14996, 0.730936, -0.0010354, -4.90404e-05, -0.000217916, -0.000149162, -0.000266257, 0.00115007, 0.00315018, 0.106566, -0.6226, 0.175363, 0.794522, -0.392259, 0.770606, 0.416954, 0, 0, 0, 0, 0, 0, 0, 0.481489, -0.014173, 0.140794, 0.486385, -0.0157403, 0.142593, 0.996195, -3.71201e-12, -0.0871557, -4.46982e-12, -1, -8.49977e-12, -0.0871557, 8.857e-12, -0.996195, 0
18.36, 2025-07-03__00-41-27.109385, -0.047209, -0.0815643, 0.0330732, -2.29022, -0.0280563, 2.14998, 0.730943, 0.00310947, 0.000403678, 0.00135168, -0.000681759, 0.000198886, 0.000317842, -0.00195628, -0.0236907, -0.643779, 0.04376, 0.815542, -0.394781, 0.777117, 0.447822, 0, 0, 0, 0, 0, 0, 0, 0.481496, -0.0141727, 0.140795, 0.486385, -0.0157403, 0.142593, 0.996195, -3.71201e-12, -0.0871557, -4.46982e-12, -1, -8.49977e-12, -0.0871557, 8.857e-12, -0.996195, 0
18.37, 2025-07-03__00-41-27.119383, -0.0472044, -0.0815639, 0.0330752, -2.29022, -0.0280589, 2.15, 0.730959, -0.000141903, -0.000542617, -0.000333813, -0.000457068, 2.51123e-05, 0.000393822, 0.00140938, 0.0861469, -0.609168, 0.154853, 0.79318, -0.393919, 0.772864, 0.426229, 0, 0, 0, 0, 0, 0, 0, 0.481501, -0.0141688, 0.140799, 0.486385, -0.0157403, 0.142593, 0.996195, -3.71201e-12, -0.0871557, -4.46982e-12, -1, -8.49977e-12, -0.0871557, 8.857e-12, -0.996195, 0
18.38, 2025-07-03__00-41-27.129386, -0.0472069, -0.0815661, 0.0330739, -2.29022, -0.0280613, 2.15002, 0.730974, 7.68823e-05, -0.0067121, 2.82192e-05, -0.000140715, -0.000455537, -0.00189769, 0.00457587, 0.0701425, -0.38759, 0.138372, 0.689965, -0.392382, 0.773004, 0.406189, 0, 0, 0, 0, 0, 0, 0, 0.481511, -0.0141759, 0.140799, 0.486385, -0.0157403, 0.142593, 0.996195, -3.71201e-12, -0.0871557, -4.46982e-12, -1, -8.49977e-12, -0.0871557, 8.857e-12, -0.996195, 0
18.39, 2025-07-03__00-41-27.139385, -0.0472019, -0.0815664, 0.0330761, -2.29022, -0.0280646, 2.15005, 0.73099, 0.000435088, -3.67028e-05, 0.000363338, 0.00145115, -6.28133e-05, 0.00592197, 0.00201622, 0.0568822, -0.580471, 0.125096, 0.744552, -0.393865, 0.726419, 0.420702, 0, 0, 0, 0, 0, 0, 0, 0.481522, -0.0141728, 0.140804, 0.486385, -0.0157403, 0.142593, 0.996195, -3.71201e-12, -0.0871557, -4.46982e-12, -1, -8.49977e-12, -0.0871557, 8.857e-12, -0.996195, 0
18.4, 2025-07-03__00-41-27.149386, -0.0472067, -0.0815639, 0.0330736, -2.29021, -0.0280643, 2.15007, 0.731001, 0.000164544, 0.000753653, -7.32974e-06, 0.00248831, 5.41034e-05, 0.00175886, 0.00176543, 0.0742293, -0.59931, 0.142783, 0.746967, -0.39504, 0.752081, 0.421624, 0, 0, 0, 0, 0, 0, 0, 0.481529, -0.0141712, 0.140804, 0.486385, -0.0157403, 0.142593, 0.996195, -3.71201e-12, -0.0871557, -4.46982e-12, -1, -8.49977e-12, -0.0871557, 8.857e-12, -0.996195, 0
18.41, 2025-07-03__00-41-27.159386, -0.0472045, -0.0815664, 0.0330738, -2.29021, -0.0280655, 2.15008, 0.731007, -0.000426742, -7.41077e-05, -0.000573743, 8.78949e-05, -0.000356064, -0.000227971, -0.000330379, 0.0988493, -0.613937, 0.167611, 0.786933, -0.391428, 0.770716, 0.434029, 0, 0, 0, 0, 0, 0, 0, 0.481538, -0.0141737, 0.14081, 0.486385, -0.0157403, 0.142593, 0.996195, -3.71201e-12, -0.0871557, -4.46982e-12, -1, -8.49977e-12, -0.0871557, 8.857e-12, -0.996195, 0
18.42, 2025-07-03__00-41-27.169384, -0.0472009, -0.0815695, 0.0330782, -2.29021, -0.0280655, 2.15011, 0.73102, 0.000377896, -0.00145845, 0.000263845, -0.000548267, -0.000112656, 0.00773102, 0.00309431, 0.0582346, -0.555203, 0.126259, 0.751203, -0.393094, 0.712518, 0.412387, 0, 0, 0, 0, 0, 0, 0, 0.481539, -0.0141706, 0.140805, 0.486385, -0.0157403, 0.142593, 0.996195, -3.71201e-12, -0.0871557, -4.46982e-12, -1, -8.49977e-12, -0.0871557, 8.857e-12, -0.996195, 0
18.43, 2025-07-03__00-41-27.179387, -0.0471994, -0.0815667, 0.0330766, -2.29022, -0.0280662, 2.15011, 0.73104, -0.000115759, -0.000689411, -0.00154964, -0.000557154, -0.000460518, 0.000326745, 0.00194418, 0.111686, -0.602879, 0.180945, 0.788824, -0.390777, 0.765765, 0.418282, 0, 0, 0, 0, 0, 0, 0, 0.481548, -0.0141676, 0.14081, 0.486385, -0.0157403, 0.142593, 0.996195, -3.71201e-12, -0.0871557, -4.46982e-12, -1, -8.49977e-12, -0.0871557, 8.857e-12, -0.996195, 0
18.44, 2025-07-03__00-41-27.189383, -0.0471967, -0.081564, 0.0330795, -2.29021, -0.0280671, 2.15012, 0.731041, 0.00685222, -0.000142047, -0.000406191, 0.00154911, -9.05391e-05, 0.00348816, -0.00129758, -0.0727146, -0.573855, -0.00439002, 0.745682, -0.39398, 0.737175, 0.43821, 0, 0, 0, 0, 0, 0, 0, 0.481546, -0.0141715, 0.140806, 0.486385, -0.0157403, 0.142593, 0.996195, -3.71201e-12, -0.0871557, -4.46982e-12, -1, -8.49977e-12, -0.0871557, 8.857e-12, -0.996195, 0
18.45, 2025-07-03__00-41-27.199386, -0.0472055, -0.0815614, 0.0330767, -2.29021, -0.0280703, 2.15013, 0.731061, 0.00343292, 0.000559667, -0.000816802, -8.21578e-07, -0.00150445, 0.00017532, 0.00257448, 0.0173571, -0.635323, 0.0859076, 0.798539, -0.384378, 0.765805, 0.413598, 0, 0, 0, 0, 0, 0, 0, 0.481554, -0.014174, 0.14081, 0.486385, -0.0157403, 0.142593, 0.996195, -3.71201e-12, -0.0871557, -4.46982e-12, -1, -8.49977e-12, -0.0871557, 8.857e-12, -0.996195, 0
18.46, 2025-07-03__00-41-27.209385, -0.0472017, -0.0815619, 0.0330792, -2.29021, -0.0280703, 2.15015, 0.731065, 0.00241532, -0.000998962, 0.000460473, -0.0013253, -0.000178202, -0.00033143, -0.000604003, 0.0084266, -0.60196, 0.0759685, 0.799793, -0.392199, 0.768704, 0.43257, 0, 0, 0, 0, 0, 0, 0, 0.481566, -0.0141727, 0.140815, 0.486385, -0.0157403, 0.142593, 0.996195, -3.71201e-12, -0.0871557, -4.46982e-12, -1, -8.49977e-12, -0.0871557, 8.857e-12, -0.996195, 0
18.47, 2025-07-03__00-41-27.219384, -0.0472044, -0.0815639, 0.0330792, -2.29022, -0.0280709, 2.15017, 0.731079, -0.000817488, -0.000918568, -0.000280393, -0.000627405, -0.000387846, 0.00342308, 0.00172203, 0.0989596, -0.588393, 0.167159, 0.775726, -0.391056, 0.740051, 0.417358, 0, 0, 0, 0, 0, 0, 0, 0.481559, -0.014169, 0.140806, 0.486385, -0.0157403, 0.142593, 0.996195, -3.71201e-12, -0.0871557, -4.46982e-12, -1, -8.49977e-12, -0.0871557, 8.857e-12, -0.996195, 0
18.48, 2025-07-03__00-41-27.229384, -0.0472023, -0.0815639, 0.0330768, -2.29021, -0.0280696, 2.15017, 0.731086, 0.000345428, -1.37417e-05, -0.000799175, 0.00087052, 0.000191629, 0.000524162, 0.00111016, 0.085652, -0.599507, 0.154321, 0.767216, -0.395382, 0.757057, 0.420711, 0, 0, 0, 0, 0, 0, 0, 0.481569, -0.0141705, 0.140814, 0.486385, -0.0157403, 0.142593, 0.996195, -3.71201e-12, -0.0871557, -4.46982e-12, -1, -8.49977e-12, -0.0871557, 8.857e-12, -0.996195, 0
18.49, 2025-07-03__00-41-27.239385, -0.0472051, -0.0815634, 0.0330817, -2.29021, -0.0280696, 2.15018, 0.731097, -0.00406499, 0.000661299, -6.50337e-05, -0.000236704, 3.70162e-05, 0.000668658, 0.00111887, 0.16854, -0.644141, 0.236713, 0.799501, -0.393649, 0.76051, 0.419847, 0, 0, 0, 0, 0, 0, 0, 0.481572, -0.0141708, 0.140815, 0.486385, -0.0157403, 0.142593, 0.996195, -3.71201e-12, -0.0871557, -4.46982e-12, -1, -8.49977e-12, -0.0871557, 8.857e-12, -0.996195, 0
18.5, 2025-07-03__00-41-27.249386, -0.0472038, -0.0815664, 0.0330769, -2.29021, -0.0280742, 2.15019, 0.731104, -0.000450935, -0.000603883, -0.000967168, 0.000589058, 0.00014866, -0.000378111, 0.000411428, 0.107389, -0.584425, 0.176082, 0.764556, -0.394809, 0.761546, 0.423861, 0, 0, 0, 0, 0, 0, 0, 0.481576, -0.0141725, 0.140816, 0.486385, -0.0157403, 0.142593, 0.996195, -3.71201e-12, -0.0871557, -4.46982e-12, -1, -8.49977e-12, -0.0871557, 8.857e-12, -0.996195, 0
18.51, 2025-07-03__00-41-27.259386, -0.0472036, -0.0815672, 0.0330799, -2.29021, -0.0280733, 2.1502, 0.731113, -0.00548813, -0.000707979, -0.000387075, 0.000498052, 0.000276, -0.000354058, 0.00100528, 0.207403, -0.584611, 0.275825, 0.763099, -0.395504, 0.761106, 0.419492, 0, 0, 0, 0, 0, 0, 0, 0.481584, -0.0141708, 0.14082, 0.486385, -0.0157403, 0.142593, 0.996195, -3.71201e-12, -0.0871557, -4.46982e-12, -1, -8.49977e-12, -0.0871557, 8.857e-12, -0.996195, 0
18.52, 2025-07-03__00-41-27.269384, -0.0472012, -0.0815642, 0.0330831, -2.29021, -0.0280763, 2.15021, 0.731123, 0.000491919, 0.000139314, -0.000469831, -0.000386786, 0.00349146, 0.00200967, 0.000844164, 0.0727774, -0.620699, 0.141011, 0.788133, -0.415179, 0.748238, 0.419993, 0, 0, 0, 0, 0, 0, 0, 0.481578, -0.01417, 0.140813, 0.486385, -0.0157403, 0.142593, 0.996195, -3.71201e-12, -0.0871557, -4.46982e-12, -1, -8.49977e-12, -0.0871557, 8.857e-12, -0.996195, 0
18.53, 2025-07-03__00-41-27.279385, -0.0472012, -0.0815621, 0.0330831, -2.29021, -0.0280741, 2.15022, 0.731127, 0.000388317, 0.000792032, -0.000949987, -0.000230071, 0.000900497, 0.00134534, 0.000175679, 0.0866388, -0.644125, 0.155178, 0.798857, -0.399011, 0.753099, 0.423973, 0, 0, 0, 0, 0, 0, 0, 0.481593, -0.0141677, 0.140824, 0.486385, -0.0157403, 0.142593, 0.996195, -3.71201e-12, -0.0871557, -4.46982e-12, -1, -8.49977e-12, -0.0871557, 8.857e-12, -0.996195, 0
18.54, 2025-07-03__00-41-27.289384, -0.047202, -0.0815612, 0.0330884, -2.29021, -0.0280794, 2.15023, 0.731142, 9.96754e-05, 0.000727937, 0.000434933, -9.43714e-05, -0.000363278, 0.000891383, 0.00378136, 0.061094, -0.639953, 0.128521, 0.797055, -0.391199, 0.754799, 0.401437, 0, 0, 0, 0, 0, 0, 0, 0.481586, -0.0141707, 0.140817, 0.486385, -0.0157403, 0.142593, 0.996195, -3.71201e-12, -0.0871557, -4.46982e-12, -1, -8.49977e-12, -0.0871557, 8.857e-12, -0.996195, 0
18.55, 2025-07-03__00-41-27.299386, -0.0472034, -0.0815612, 0.0330912, -2.29021, -0.0280749, 2.15023, 0.731146, -2.0083e-05, -0.000283727, 0.00181391, -8.98556e-05, 8.59445e-05, 0.000809366, 0.00120704, 0.0313957, -0.60311, 0.0978009, 0.780555, -0.394329, 0.753155, 0.416816, 0, 0, 0, 0, 0, 0, 0, 0.481594, -0.0141709, 0.14082, 0.486385, -0.0157403, 0.142593, 0.996195, -3.71201e-12, -0.0871557, -4.46982e-12, -1, -8.49977e-12, -0.0871557, 8.857e-12, -0.996195, 0
18.56, 2025-07-03__00-41-27.309385, -0.0471987, -0.081564, 0.0330886, -2.29021, -0.0280798, 2.15024, 0.731148, 0.000973243, -0.00152807, -0.000189292, -0.00118899, -9.70727e-05, -0.000156192, -0.00056011, 0.0527073, -0.578786, 0.120397, 0.783931, -0.3926, 0.759877, 0.427419, 0, 0, 0, 0, 0, 0, 0, 0.481592, -0.0141691, 0.140815, 0.486385, -0.0157403, 0.142593, 0.996195, -3.71201e-12, -0.0871557, -4.46982e-12, -1, -8.49977e-12, -0.0871557, 8.857e-12, -0.996195, 0
18.57, 2025-07-03__00-41-27.319385, -0.0472016, -0.0815613, 0.0330888, -2.29021, -0.0280782, 2.15024, 0.73116, 1.73866e-05, 0.000259823, 0.000323545, 0.00116539, 0.000413518, 0.000279953, 0.00239022, 0.0652342, -0.60327, 0.132769, 0.764937, -0.396729, 0.753547, 0.408729, 0, 0, 0, 0, 0, 0, 0, 0.481593, -0.0141706, 0.140817, 0.486385, -0.0157403, 0.142593, 0.996195, -3.71201e-12, -0.0871557, -4.46982e-12, -1, -8.49977e-12, -0.0871557, 8.857e-12, -0.996195, 0
18.58, 2025-07-03__00-41-27.329383, -0.047204, -0.0815693, 0.0330888, -2.2902, -0.0280782, 2.15025, 0.731171, -0.00107683, -0.00167624, 0.000223464, 9.2558e-05, 0.000514976, -4.19735e-05, 0.00199132, 0.0912237, -0.548965, 0.158733, 0.751251, -0.397292, 0.753872, 0.410429, 0, 0, 0, 0, 0, 0, 0, 0.481597, -0.0141671, 0.140819, 0.486385, -0.0157403, 0.142593, 0.996195, -3.71201e-12, -0.0871557, -4.46982e-12, -1, -8.49977e-12, -0.0871557, 8.857e-12, -0.996195, 0
18.59, 2025-07-03__00-41-27.339385, -0.0472068, -0.0815695, 0.0330916, -2.29021, -0.0280788, 2.15026, 0.73117, -0.000673337, -0.00101343, 0.00160332, 0.000155182, 8.91199e-05, -1.41099e-05, -0.00110919, 0.0511065, -0.571721, 0.117586, 0.763412, -0.394295, 0.754423, 0.429425, 0, 0, 0, 0, 0, 0, 0, 0.4816, -0.0141727, 0.14082, 0.486385, -0.0157403, 0.142593, 0.996195, -3.71201e-12, -0.0871557, -4.46982e-12, -1, -8.49977e-12, -0.0871557, 8.857e-12, -0.996195, 0
18.6, 2025-07-03__00-41-27.349387, -0.0472062, -0.0815647, 0.0330863, -2.29021, -0.0280792, 2.15027, 0.731184, 0.000112069, 0.000790486, 0.000358144, -0.00114007, 0.000220444, 0.00257301, 0.000990007, 0.0635136, -0.653817, 0.13082, 0.81204, -0.394379, 0.743787, 0.415875, 0, 0, 0, 0, 0, 0, 0, 0.481611, -0.0141724, 0.140829, 0.486385, -0.0157403, 0.142593, 0.996195, -3.71201e-12, -0.0871557, -4.46982e-12, -1, -8.49977e-12, -0.0871557, 8.857e-12, -0.996195, 0
18.61, 2025-07-03__00-41-27.359385, -0.0472044, -0.0815639, 0.0330888, -2.2902, -0.0280799, 2.15027, 0.731192, -0.000309702, 0.00036319, 0.000931764, 0.000183283, -0.000123199, 0.00145595, 0.00156415, 0.0592726, -0.617364, 0.126206, 0.779849, -0.392936, 0.746221, 0.411938, 0, 0, 0, 0, 0, 0, 0, 0.481604, -0.0141715, 0.140821, 0.486385, -0.0157403, 0.142593, 0.996195, -3.71201e-12, -0.0871557, -4.46982e-12, -1, -8.49977e-12, -0.0871557, 8.857e-12, -0.996195, 0
18.62, 2025-07-03__00-41-27.369384, -0.0472062, -0.0815663, 0.0330873, -2.29021, -0.0280788, 2.15028, 0.731196, -0.000505492, -0.000401827, -0.000222504, -0.00155748, -0.000928268, 0.00511754, -0.00163403, 0.0891985, -0.613193, 0.156814, 0.792467, -0.387034, 0.724399, 0.431017, 0, 0, 0, 0, 0, 0, 0, 0.481604, -0.0141694, 0.14082, 0.486385, -0.0157403, 0.142593, 0.996195, -3.71201e-12, -0.0871557, -4.46982e-12, -1, -8.49977e-12, -0.0871557, 8.857e-12, -0.996195, 0
18.63, 2025-07-03__00-41-27.379388, -0.0472038, -0.0815661, 0.0330888, -2.29021, -0.0280792, 2.15028, 0.731204, -0.000568633, -0.000696682, 0.000601676, -0.00038948, 0.000157465, 0.000559686, 0.000463046, 0.0716055, -0.592162, 0.138679, 0.777558, -0.394616, 0.751528, 0.417877, 0, 0, 0, 0, 0, 0, 0, 0.481612, -0.0141703, 0.140824, 0.486385, -0.0157403, 0.142593, 0.996195, -3.71201e-12, -0.0871557, -4.46982e-12, -1, -8.49977e-12, -0.0871557, 8.857e-12, -0.996195, 0
18.64, 2025-07-03__00-41-27.389401, -0.0472018, -0.0815687, 0.0330918, -2.2902, -0.0280831, 2.15028, 0.731215, 0.000734974, -0.00116071, -0.000226851, -0.000478827, -0.000215301, -0.000114897, 0.00450777, 0.0597584, -0.575582, 0.127299, 0.771318, -0.392535, 0.754951, 0.392808, 0, 0, 0, 0, 0, 0, 0, 0.481612, -0.0141678, 0.140824, 0.486385, -0.0157403, 0.142593, 0.996195, -3.71201e-12, -0.0871557, -4.46982e-12, -1, -8.49977e-12, -0.0871557, 8.857e-12, -0.996195, 0
18.65, 2025-07-03__00-41-27.399386, -0.0472023, -0.0815664, 0.0330975, -2.2902, -0.0280806, 2.15029, 0.731215, 0.000403006, -0.000323047, 0.00192339, 0.00126521, 0.000295333, -7.17374e-05, 0.000126505, 0.0180524, -0.575403, 0.0841697, 0.75043, -0.396195, 0.750443, 0.419393, 0, 0, 0, 0, 0, 0, 0, 0.481616, -0.0141704, 0.140827, 0.486385, -0.0157403, 0.142593, 0.996195, -3.71201e-12, -0.0871557, -4.46982e-12, -1, -8.49977e-12, -0.0871557, 8.857e-12, -0.996195, 0
18.66, 2025-07-03__00-41-27.409387, -0.0472022, -0.0815668, 0.033092, -2.29021, -0.0280802, 2.15029, 0.731219, 4.14447e-05, -0.000817057, 0.000170094, 0.000218662, 4.73747e-05, 9.66268e-06, -0.000767477, 0.0665528, -0.578281, 0.133867, 0.76459, -0.394155, 0.752507, 0.424478, 0, 0, 0, 0, 0, 0, 0, 0.481611, -0.014168, 0.140821, 0.486385, -0.0157403, 0.142593, 0.996195, -3.71201e-12, -0.0871557, -4.46982e-12, -1, -8.49977e-12, -0.0871557, 8.857e-12, -0.996195, 0
18.67, 2025-07-03__00-41-27.419384, -0.0472041, -0.081567, 0.0330895, -2.29021, -0.0280816, 2.1503, 0.73123, -0.000649514, -0.00103728, -0.000855437, -0.000387063, -0.000335102, -0.000135735, 0.00599423, 0.106571, -0.581713, 0.174587, 0.772771, -0.391931, 0.75418, 0.38283, 0, 0, 0, 0, 0, 0, 0, 0.481619, -0.014168, 0.140826, 0.486385, -0.0157403, 0.142593, 0.996195, -3.71201e-12, -0.0871557, -4.46982e-12, -1, -8.49977e-12, -0.0871557, 8.857e-12, -0.996195, 0
18.68, 2025-07-03__00-41-27.429387, -0.0472034, -0.0815662, 0.0330952, -2.29021, -0.0280822, 2.1503, 0.731231, -0.00182681, -0.000478165, 0.000761401, -0.000962635, 0.000381098, 0.000134059, -0.000505503, 0.0949472, -0.610537, 0.161778, 0.793158, -0.395576, 0.755402, 0.42216, 0, 0, 0, 0, 0, 0, 0, 0.48162, -0.0141678, 0.140827, 0.486385, -0.0157403, 0.142593, 0.996195, -3.71201e-12, -0.0871557, -4.46982e-12, -1, -8.49977e-12, -0.0871557, 8.857e-12, -0.996195, 0
18.69, 2025-07-03__00-41-27.439391, -0.0472037, -0.0815636, 0.0330927, -2.29021, -0.0280845, 2.15031, 0.731231, -0.000422318, 0.00125056, -0.000208638, -0.000210572, -0.000132755, -0.000185857, -0.00047889, 0.0872082, -0.660706, 0.15477, 0.808167, -0.392281, 0.758319, 0.422088, 0, 0, 0, 0, 0, 0, 0, 0.481624, -0.014168, 0.140829, 0.486385, -0.0157403, 0.142593, 0.996195, -3.71201e-12, -0.0871557, -4.46982e-12, -1, -8.49977e-12, -0.0871557, 8.857e-12, -0.996195, 0
18.7, 2025-07-03__00-41-27.449386, -0.0471997, -0.0815671, 0.0330983, -2.29021, -0.0280833, 2.15031, 0.731239, 0.00186657, 0.000706483, 0.00168706, -0.00150962, -0.000173095, 0.000116455, -0.00100189, -0.0104346, -0.658183, 0.055528, 0.824952, -0.391797, 0.758598, 0.425043, 0, 0, 0, 0, 0, 0, 0, 0.481619, -0.0141682, 0.140826, 0.486385, -0.0157403, 0.142593, 0.996195, -3.71201e-12, -0.0871557, -4.46982e-12, -1, -8.49977e-12, -0.0871557, 8.857e-12, -0.996195, 0
18.71, 2025-07-03__00-41-27.459385, -0.0472087, -0.081567, 0.0330927, -2.2902, -0.0280835, 2.15032, 0.731252, -0.00164166, 0.00060021, -0.000633621, -9.84687e-06, -0.000111751, 8.51255e-05, 0.00270316, 0.125353, -0.631538, 0.193214, 0.788977, -0.392944, 0.753466, 0.401462, 0, 0, 0, 0, 0, 0, 0, 0.481624, -0.0141682, 0.140829, 0.486385, -0.0157403, 0.142593, 0.996195, -3.71201e-12, -0.0871557, -4.46982e-12, -1, -8.49977e-12, -0.0871557, 8.857e-12, -0.996195, 0
18.72, 2025-07-03__00-41-27.469384, -0.0471994, -0.0815643, 0.0330955, -2.29021, -0.0280872, 2.15032, 0.731257, 0.00124171, 0.00105697, 7.05597e-05, -0.00193204, -0.00465022, -0.000672351, 0.000207509, 0.0414545, -0.682512, 0.10841, 0.843142, -0.363419, 0.765506, 0.416902, 0, 0, 0, 0, 0, 0, 0, 0.481627, -0.0141665, 0.14083, 0.486385, -0.0157403, 0.142593, 0.996195, -3.71201e-12, -0.0871557, -4.46982e-12, -1, -8.49977e-12, -0.0871557, 8.857e-12, -0.996195, 0
18.73, 2025-07-03__00-41-27.479387, -0.0472061, -0.0815636, 0.0330957, -2.2902, -0.028084, 2.15032, 0.731263, -0.000457202, 0.000831402, -0.00116167, 0.000290131, -2.78544e-05, 0.00234617, 0.00150083, 0.10926, -0.630685, 0.177423, 0.780582, -0.393487, 0.737494, 0.408093, 0, 0, 0, 0, 0, 0, 0, 0.481627, -0.0141651, 0.140827, 0.486385, -0.0157403, 0.142593, 0.996195, -3.71201e-12, -0.0871557, -4.46982e-12, -1, -8.49977e-12, -0.0871557, 8.857e-12, -0.996195, 0
18.74, 2025-07-03__00-41-27.489389, -0.0472033, -0.0815671, 0.0330984, -2.2902, -0.028086, 2.15033, 0.731264, -0.00181077, -0.000535096, 9.1859e-06, 0.000689526, -0.000472647, 3.79141e-05, -0.000168717, 0.11135, -0.578971, 0.178667, 0.756084, -0.390903, 0.748557, 0.418192, 0, 0, 0, 0, 0, 0, 0, 0.48163, -0.014167, 0.140829, 0.486385, -0.0157403, 0.142593, 0.996195, -3.71201e-12, -0.0871557, -4.46982e-12, -1, -8.49977e-12, -0.0871557, 8.857e-12, -0.996195, 0
18.75, 2025-07-03__00-41-27.499386, -0.0472038, -0.0815669, 0.0331012, -2.2902, -0.0280847, 2.15033, 0.731273, -0.000921846, -5.59138e-05, 0.00111436, 0.00108098, 0.000146355, -0.000138936, 0.000715245, 0.0661489, -0.588388, 0.13265, 0.756981, -0.395099, 0.749423, 0.412387, 0, 0, 0, 0, 0, 0, 0, 0.481631, -0.0141661, 0.140831, 0.486385, -0.0157403, 0.142593, 0.996195, -3.71201e-12, -0.0871557, -4.46982e-12, -1, -8.49977e-12, -0.0871557, 8.857e-12, -0.996195, 0
18.76, 2025-07-03__00-41-27.509386, -0.0472009, -0.0815644, 0.0330984, -2.2902, -0.0280847, 2.15033, 0.731276, 0.00105589, 0.000884598, 0.000353559, 2.36659e-06, 6.50318e-05, 0.000213617, 0.00115577, 0.0390508, -0.639215, 0.105988, 0.7941, -0.394078, 0.752213, 0.409657, 0, 0, 0, 0, 0, 0, 0, 0.481631, -0.0141655, 0.140831, 0.486385, -0.0157403, 0.142593, 0.996195, -3.71201e-12, -0.0871557, -4.46982e-12, -1, -8.49977e-12, -0.0871557, 8.857e-12, -0.996195, 0
18.77, 2025-07-03__00-41-27.519386, -0.0472068, -0.0815615, 0.033097, -2.2902, -0.0280872, 2.15034, 0.731277, -0.00159569, 0.00104713, -0.000734866, 0.000918938, 0.00131107, 0.000337706, 0.00152652, 0.125639, -0.63262, 0.193536, 0.776617, -0.401946, 0.748635, 0.407037, 0, 0, 0, 0, 0, 0, 0, 0.481635, -0.0141657, 0.140831, 0.486385, -0.0157403, 0.142593, 0.996195, -3.71201e-12, -0.0871557, -4.46982e-12, -1, -8.49977e-12, -0.0871557, 8.857e-12, -0.996195, 0
18.78, 2025-07-03__00-41-27.529387, -0.047199, -0.0815671, 0.0331009, -2.2902, -0.0280884, 2.15034, 0.731282, -0.00215276, -0.000275632, 0.000155142, -0.000335583, 0.00140121, 4.22e-05, -0.000167857, 0.114125, -0.604798, 0.18125, 0.780018, -0.402074, 0.751557, 0.417048, 0, 0, 0, 0, 0, 0, 0, 0.481634, -0.0141662, 0.14083, 0.486385, -0.0157403, 0.142593, 0.996195, -3.71201e-12, -0.0871557, -4.46982e-12, -1, -8.49977e-12, -0.0871557, 8.857e-12, -0.996195, 0
18.79, 2025-07-03__00-41-27.539390, -0.0472065, -0.0815644, 0.0331016, -2.2902, -0.0280881, 2.15034, 0.731284, -0.000831004, 0.00100034, 0.000110981, -0.000283127, 0.000345577, 4.23209e-05, -0.00174186, 0.0876451, -0.649688, 0.15474, 0.801479, -0.395241, 0.754079, 0.426642, 0, 0, 0, 0, 0, 0, 0, 0.48163, -0.0141663, 0.140828, 0.486385, -0.0157403, 0.142593, 0.996195, -3.71201e-12, -0.0871557, -4.46982e-12, -1, -8.49977e-12, -0.0871557, 8.857e-12, -0.996195, 0
18.8, 2025-07-03__00-41-27.549387, -0.0472015, -0.0815671, 0.0331044, -2.2902, -0.0280888, 2.15034, 0.731292, -0.00175099, -0.000774867, 0.000801729, 0.00480068, 8.28721e-05, -4.58152e-05, 0.00156129, 0.091166, -0.50088, 0.158042, 0.668859, -0.39624, 0.735295, 0.406003, 0, 0, 0, 0, 0, 0, 0, 0.481635, -0.0141655, 0.140831, 0.486385, -0.0157403, 0.142593, 0.996195, -3.71201e-12, -0.0871557, -4.46982e-12, -1, -8.49977e-12, -0.0871557, 8.857e-12, -0.996195, 0
18.81, 2025-07-03__00-41-27.559385, -0.0472012, -0.0815669, 0.0331093, -2.2902, -0.0280886, 2.15035, 0.731297, 0.000373584, -0.000121728, 0.0018071, 0.000995754, 0.00013174, 0.000202506, 0.000771031, 0.0186646, -0.584784, 0.0844622, 0.756459, -0.394932, 0.745624, 0.410784, 0, 0, 0, 0, 0, 0, 0, 0.481638, -0.0141652, 0.140832, 0.486385, -0.0157403, 0.142593, 0.996195, -3.71201e-12, -0.0871557, -4.46982e-12, -1, -8.49977e-12, -0.0871557, 8.857e-12, -0.996195, 0
18.82, 2025-07-03__00-41-27.569388, -0.0472073, -0.0815669, 0.033102, -2.2902, -0.0280888, 2.15034, 0.731304, -0.00407447, -0.000843967, -0.00121601, -0.000345856, 0.00249194, -0.000359346, 0.00045214, 0.189993, -0.587765, 0.258092, 0.770667, -0.408993, 0.753436, 0.41176, 0, 0, 0, 0, 0, 0, 0, 0.481632, -0.014163, 0.140825, 0.486385, -0.0157403, 0.142593, 0.996195, -3.71201e-12, -0.0871557, -4.46982e-12, -1, -8.49977e-12, -0.0871557, 8.857e-12, -0.996195, 0
18.83, 2025-07-03__00-41-27.579388, -0.0472012, -0.0815644, 0.0331031, -2.2902, -0.0280889, 2.15035, 0.731311, 0.000629669, 0.00119915, -0.000120881, -0.000157444, -0.00377834, 0.000162518, 0.000989149, 0.0588706, -0.653955, 0.125897, 0.803507, -0.369764, 0.752333, 0.408879, 0, 0, 0, 0, 0, 0, 0, 0.481639, -0.0141603, 0.140833, 0.486385, -0.0157403, 0.142593, 0.996195, -3.71201e-12, -0.0871557, -4.46982e-12, -1, -8.49977e-12, -0.0871557, 8.857e-12, -0.996195, 0
18.84, 2025-07-03__00-41-27.589383, -0.0472044, -0.0815671, 0.0331054, -2.2902, -0.0280888, 2.15035, 0.73131, -0.000429623, -0.000167072, -0.000831474, 0.000819916, -0.00208667, 0.000112797, -0.00154483, 0.0981848, -0.589122, 0.16581, 0.759528, -0.380772, 0.746979, 0.424021, 0, 0, 0, 0, 0, 0, 0, 0.481638, -0.0141641, 0.140832, 0.486385, -0.0157403, 0.142593, 0.996195, -3.71201e-12, -0.0871557, -4.46982e-12, -1, -8.49977e-12, -0.0871557, 8.857e-12, -0.996195, 0
18.85, 2025-07-03__00-41-27.599386, -0.0472015, -0.0815643, 0.0331053, -2.2902, -0.028089, 2.15035, 0.731319, -0.000240169, 0.0008415, -0.00101829, -0.00138275, -0.0026248, -0.000121553, 0.000331163, 0.0978911, -0.663353, 0.165482, 0.822278, -0.376431, 0.757447, 0.412234, 0, 0, 0, 0, 0, 0, 0, 0.481643, -0.0141599, 0.140836, 0.486385, -0.0157403, 0.142593, 0.996195, -3.71201e-12, -0.0871557, -4.46982e-12, -1, -8.49977e-12, -0.0871557, 8.857e-12, -0.996195, 0
18.86, 2025-07-03__00-41-27.609386, -0.0471988, -0.0815671, 0.0331115, -2.2902, -0.0280886, 2.15036, 0.73132, 0.000448193, -0.00024468, 0.00361059, -0.000614553, -0.00109228, 0.000183335, 0.000147184, -0.0253023, -0.605886, 0.0389622, 0.787757, -0.38669, 0.749525, 0.413445, 0, 0, 0, 0, 0, 0, 0, 0.481642, -0.0141581, 0.140833, 0.486385, -0.0157403, 0.142593, 0.996195, -3.71201e-12, -0.0871557, -4.46982e-12, -1, -8.49977e-12, -0.0871557, 8.857e-12, -0.996195, 0
18.87, 2025-07-03__00-41-27.619387, -0.0471988, -0.0815671, 0.0331115, -2.2902, -0.0280886, 2.15036, 0.73132, 0.000448193, -0.00024468, 0.00361059, -0.000614553, -0.00109228, 0.000183335, 0.000147184, -0.0253023, -0.605886, 0.0389622, 0.787757, -0.38669, 0.749525, 0.413445, 0, 0, 0, 0, 0, 0, 0, 0.481642, -0.0141581, 0.140833, 0.486385, -0.0157403, 0.142593, 0.996195, -3.71201e-12, -0.0871557, -4.46982e-12, -1, -8.49977e-12, -0.0871557, 8.857e-12, -0.996195, 0
18.88, 2025-07-03__00-41-27.629387, -0.0471988, -0.0815671, 0.0331115, -2.2902, -0.0280886, 2.15036, 0.73132, 0.000448193, -0.00024468, 0.00361059, -0.000614553, -0.00109228, 0.000183335, 0.000147184, -0.0253023, -0.605886, 0.0389622, 0.787757, -0.38669, 0.749525, 0.413445, 0, 0, 0, 0, 0, 0, 0, 0.481642, -0.0141581, 0.140833, 0.486385, -0.0157403, 0.142593, 0.996195, -3.71201e-12, -0.0871557, -4.46982e-12, -1, -8.49977e-12, -0.0871557, 8.857e-12, -0.996195, 0
18.89, 2025-07-03__00-41-27.639382, -0.0471988, -0.0815671, 0.0331115, -2.2902, -0.0280886, 2.15036, 0.73132, 0.000448193, -0.00024468, 0.00361059, -0.000614553, -0.00109228, 0.000183335, 0.000147184, -0.0253023, -0.605886, 0.0389622, 0.787757, -0.38669, 0.749525, 0.413445, 0, 0, 0, 0, 0, 0, 0, 0.481642, -0.0141581, 0.140833, 0.486385, -0.0157403, 0.142593, 0.996195, -3.71201e-12, -0.0871557, -4.46982e-12, -1, -8.49977e-12, -0.0871557, 8.857e-12, -0.996195, 0
18.9, 2025-07-03__00-41-27.649386, -0.0471988, -0.0815671, 0.0331115, -2.2902, -0.0280886, 2.15036, 0.73132, 0.000448193, -0.00024468, 0.00361059, -0.000614553, -0.00109228, 0.000183335, 0.000147184, -0.0253023, -0.605886, 0.0389622, 0.787757, -0.38669, 0.749525, 0.413445, 0, 0, 0, 0, 0, 0, 0, 0.481642, -0.0141581, 0.140833, 0.486385, -0.0157403, 0.142593, 0.996195, -3.71201e-12, -0.0871557, -4.46982e-12, -1, -8.49977e-12, -0.0871557, 8.857e-12, -0.996195, 0
18.91, 2025-07-03__00-41-27.659384, -0.0471988, -0.0815671, 0.0331115, -2.2902, -0.0280886, 2.15036, 0.73132, 0.000448193, -0.00024468, 0.00361059, -0.000614553, -0.00109228, 0.000183335, 0.000147184, -0.0253023, -0.605886, 0.0389622, 0.787757, -0.38669, 0.749525, 0.413445, 0, 0, 0, 0, 0, 0, 0, 0.481642, -0.0141581, 0.140833, 0.486385, -0.0157403, 0.142593, 0.996195, -3.71201e-12, -0.0871557, -4.46982e-12, -1, -8.49977e-12, -0.0871557, 8.857e-12, -0.996195, 0
18.92, 2025-07-03__00-41-27.669386, -0.0471988, -0.0815671, 0.0331115, -2.2902, -0.0280886, 2.15036, 0.73132, 0.000448193, -0.00024468, 0.00361059, -0.000614553, -0.00109228, 0.000183335, 0.000147184, -0.0253023, -0.605886, 0.0389622, 0.787757, -0.38669, 0.749525, 0.413445, 0, 0, 0, 0, 0, 0, 0, 0.481642, -0.0141581, 0.140833, 0.486385, -0.0157403, 0.142593, 0.996195, -3.71201e-12, -0.0871557, -4.46982e-12, -1, -8.49977e-12, -0.0871557, 8.857e-12, -0.996195, 0
18.93, 2025-07-03__00-41-27.679398, -0.0471988, -0.0815671, 0.0331115, -2.2902, -0.0280886, 2.15036, 0.73132, 0.000448193, -0.00024468, 0.00361059, -0.000614553, -0.00109228, 0.000183335, 0.000147184, -0.0253023, -0.605886, 0.0389622, 0.787757, -0.38669, 0.749525, 0.413445, 0, 0, 0, 0, 0, 0, 0, 0.481642, -0.0141581, 0.140833, 0.486385, -0.0157403, 0.142593, 0.996195, -3.71201e-12, -0.0871557, -4.46982e-12, -1, -8.49977e-12, -0.0871557, 8.857e-12, -0.996195, 0
18.94, 2025-07-03__00-41-27.689398, -0.0471988, -0.0815671, 0.0331115, -2.2902, -0.0280886, 2.15036, 0.73132, 0.000448193, -0.00024468, 0.00361059, -0.000614553, -0.00109228, 0.000183335, 0.000147184, -0.0253023, -0.605886, 0.0389622, 0.787757, -0.38669, 0.749525, 0.413445, 0, 0, 0, 0, 0, 0, 0, 0.481642, -0.0141581, 0.140833, 0.486385, -0.0157403, 0.142593, 0.996195, -3.71201e-12, -0.0871557, -4.46982e-12, -1, -8.49977e-12, -0.0871557, 8.857e-12, -0.996195, 0
18.95, 2025-07-03__00-41-27.699388, -0.0471988, -0.0815671, 0.0331115, -2.2902, -0.0280886, 2.15036, 0.73132, 0.000448193, -0.00024468, 0.00361059, -0.000614553, -0.00109228, 0.000183335, 0.000147184, -0.0253023, -0.605886, 0.0389622, 0.787757, -0.38669, 0.749525, 0.413445, 0, 0, 0, 0, 0, 0, 0, 0.481642, -0.0141581, 0.140833, 0.486385, -0.0157403, 0.142593, 0.996195, -3.71201e-12, -0.0871557, -4.46982e-12, -1, -8.49977e-12, -0.0871557, 8.857e-12, -0.996195, 0
18.96, 2025-07-03__00-41-27.709384, -0.0471988, -0.0815671, 0.0331115, -2.2902, -0.0280886, 2.15036, 0.73132, 0.000448193, -0.00024468, 0.00361059, -0.000614553, -0.00109228, 0.000183335, 0.000147184, -0.0253023, -0.605886, 0.0389622, 0.787757, -0.38669, 0.749525, 0.413445, 0, 0, 0, 0, 0, 0, 0, 0.481642, -0.0141581, 0.140833, 0.486385, -0.0157403, 0.142593, 0.996195, -3.71201e-12, -0.0871557, -4.46982e-12, -1, -8.49977e-12, -0.0871557, 8.857e-12, -0.996195, 0
18.97, 2025-07-03__00-41-27.719386, -0.0471988, -0.0815671, 0.0331115, -2.2902, -0.0280886, 2.15036, 0.73132, 0.000448193, -0.00024468, 0.00361059, -0.000614553, -0.00109228, 0.000183335, 0.000147184, -0.0253023, -0.605886, 0.0389622, 0.787757, -0.38669, 0.749525, 0.413445, 0, 0, 0, 0, 0, 0, 0, 0.481642, -0.0141581, 0.140833, 0.486385, -0.0157403, 0.142593, 0.996195, -3.71201e-12, -0.0871557, -4.46982e-12, -1, -8.49977e-12, -0.0871557, 8.857e-12, -0.996195, 0
18.98, 2025-07-03__00-41-27.729384, -0.0471988, -0.0815671, 0.0331115, -2.2902, -0.0280886, 2.15036, 0.73132, 0.000448193, -0.00024468, 0.00361059, -0.000614553, -0.00109228, 0.000183335, 0.000147184, -0.0253023, -0.605886, 0.0389622, 0.787757, -0.38669, 0.749525, 0.413445, 0, 0, 0, 0, 0, 0, 0, 0.481642, -0.0141581, 0.140833, 0.486385, -0.0157403, 0.142593, 0.996195, -3.71201e-12, -0.0871557, -4.46982e-12, -1, -8.49977e-12, -0.0871557, 8.857e-12, -0.996195, 0
18.99, 2025-07-03__00-41-27.739389, -0.0471988, -0.0815671, 0.0331115, -2.2902, -0.0280886, 2.15036, 0.73132, 0.000448193, -0.00024468, 0.00361059, -0.000614553, -0.00109228, 0.000183335, 0.000147184, -0.0253023, -0.605886, 0.0389622, 0.787757, -0.38669, 0.749525, 0.413445, 0, 0, 0, 0, 0, 0, 0, 0.481642, -0.0141581, 0.140833, 0.486385, -0.0157403, 0.142593, 0.996195, -3.71201e-12, -0.0871557, -4.46982e-12, -1, -8.49977e-12, -0.0871557, 8.857e-12, -0.996195, 0
19, 2025-07-03__00-41-27.749383, -0.0471988, -0.0815671, 0.0331115, -2.2902, -0.0280886, 2.15036, 0.73132, 0.000448193, -0.00024468, 0.00361059, -0.000614553, -0.00109228, 0.000183335, 0.000147184, -0.0253023, -0.605886, 0.0389622, 0.787757, -0.38669, 0.749525, 0.413445, 0, 0, 0, 0, 0, 0, 0, 0.481642, -0.0141581, 0.140833, 0.486385, -0.0157403, 0.142593, 0.996195, -3.71201e-12, -0.0871557, -4.46982e-12, -1, -8.49977e-12, -0.0871557, 8.857e-12, -0.996195, 0
19.01, 2025-07-03__00-41-27.759383, -0.0471988, -0.0815671, 0.0331115, -2.2902, -0.0280886, 2.15036, 0.73132, 0.000448193, -0.00024468, 0.00361059, -0.000614553, -0.00109228, 0.000183335, 0.000147184, -0.0253023, -0.605886, 0.0389622, 0.787757, -0.38669, 0.749525, 0.413445, 0, 0, 0, 0, 0, 0, 0, 0.481642, -0.0141581, 0.140833, 0.486385, -0.0157403, 0.142593, 0.996195, -3.71201e-12, -0.0871557, -4.46982e-12, -1, -8.49977e-12, -0.0871557, 8.857e-12, -0.996195, 0
19.02, 2025-07-03__00-41-27.769382, -0.0471988, -0.0815671, 0.0331115, -2.2902, -0.0280886, 2.15036, 0.73132, 0.000448193, -0.00024468, 0.00361059, -0.000614553, -0.00109228, 0.000183335, 0.000147184, -0.0253023, -0.605886, 0.0389622, 0.787757, -0.38669, 0.749525, 0.413445, 0, 0, 0, 0, 0, 0, 0, 0.481642, -0.0141581, 0.140833, 0.486385, -0.0157403, 0.142593, 0.996195, -3.71201e-12, -0.0871557, -4.46982e-12, -1, -8.49977e-12, -0.0871557, 8.857e-12, -0.996195, 0
19.03, 2025-07-03__00-41-27.779383, -0.0471988, -0.0815671, 0.0331115, -2.2902, -0.0280886, 2.15036, 0.73132, 0.000448193, -0.00024468, 0.00361059, -0.000614553, -0.00109228, 0.000183335, 0.000147184, -0.0253023, -0.605886, 0.0389622, 0.787757, -0.38669, 0.749525, 0.413445, 0, 0, 0, 0, 0, 0, 0, 0.481642, -0.0141581, 0.140833, 0.486385, -0.0157403, 0.142593, 0.996195, -3.71201e-12, -0.0871557, -4.46982e-12, -1, -8.49977e-12, -0.0871557, 8.857e-12, -0.996195, 0
19.04, 2025-07-03__00-41-27.789386, -0.0471988, -0.0815671, 0.0331115, -2.2902, -0.0280886, 2.15036, 0.73132, 0.000448193, -0.00024468, 0.00361059, -0.000614553, -0.00109228, 0.000183335, 0.000147184, -0.0253023, -0.605886, 0.0389622, 0.787757, -0.38669, 0.749525, 0.413445, 0, 0, 0, 0, 0, 0, 0, 0.481642, -0.0141581, 0.140833, 0.486385, -0.0157403, 0.142593, 0.996195, -3.71201e-12, -0.0871557, -4.46982e-12, -1, -8.49977e-12, -0.0871557, 8.857e-12, -0.996195, 0
19.05, 2025-07-03__00-41-27.799383, -0.0471988, -0.0815671, 0.0331115, -2.2902, -0.0280886, 2.15036, 0.73132, 0.000448193, -0.00024468, 0.00361059, -0.000614553, -0.00109228, 0.000183335, 0.000147184, -0.0253023, -0.605886, 0.0389622, 0.787757, -0.38669, 0.749525, 0.413445, 0, 0, 0, 0, 0, 0, 0, 0.481642, -0.0141581, 0.140833, 0.486385, -0.0157403, 0.142593, 0.996195, -3.71201e-12, -0.0871557, -4.46982e-12, -1, -8.49977e-12, -0.0871557, 8.857e-12, -0.996195, 0
19.06, 2025-07-03__00-41-27.809383, -0.0471988, -0.0815671, 0.0331115, -2.2902, -0.0280886, 2.15036, 0.73132, 0.000448193, -0.00024468, 0.00361059, -0.000614553, -0.00109228, 0.000183335, 0.000147184, -0.0253023, -0.605886, 0.0389622, 0.787757, -0.38669, 0.749525, 0.413445, 0, 0, 0, 0, 0, 0, 0, 0.481642, -0.0141581, 0.140833, 0.486385, -0.0157403, 0.142593, 0.996195, -3.71201e-12, -0.0871557, -4.46982e-12, -1, -8.49977e-12, -0.0871557, 8.857e-12, -0.996195, 0
19.07, 2025-07-03__00-41-27.819383, -0.0471988, -0.0815671, 0.0331115, -2.2902, -0.0280886, 2.15036, 0.73132, 0.000448193, -0.00024468, 0.00361059, -0.000614553, -0.00109228, 0.000183335, 0.000147184, -0.0253023, -0.605886, 0.0389622, 0.787757, -0.38669, 0.749525, 0.413445, 0, 0, 0, 0, 0, 0, 0, 0.481642, -0.0141581, 0.140833, 0.486385, -0.0157403, 0.142593, 0.996195, -3.71201e-12, -0.0871557, -4.46982e-12, -1, -8.49977e-12, -0.0871557, 8.857e-12, -0.996195, 0
19.08, 2025-07-03__00-41-27.829384, -0.0471988, -0.0815671, 0.0331115, -2.2902, -0.0280886, 2.15036, 0.73132, 0.000448193, -0.00024468, 0.00361059, -0.000614553, -0.00109228, 0.000183335, 0.000147184, -0.0253023, -0.605886, 0.0389622, 0.787757, -0.38669, 0.749525, 0.413445, 0, 0, 0, 0, 0, 0, 0, 0.481642, -0.0141581, 0.140833, 0.486385, -0.0157403, 0.142593, 0.996195, -3.71201e-12, -0.0871557, -4.46982e-12, -1, -8.49977e-12, -0.0871557, 8.857e-12, -0.996195, 0
19.09, 2025-07-03__00-41-27.839385, -0.0471988, -0.0815671, 0.0331115, -2.2902, -0.0280886, 2.15036, 0.73132, 0.000448193, -0.00024468, 0.00361059, -0.000614553, -0.00109228, 0.000183335, 0.000147184, -0.0253023, -0.605886, 0.0389622, 0.787757, -0.38669, 0.749525, 0.413445, 0, 0, 0, 0, 0, 0, 0, 0.481642, -0.0141581, 0.140833, 0.486385, -0.0157403, 0.142593, 0.996195, -3.71201e-12, -0.0871557, -4.46982e-12, -1, -8.49977e-12, -0.0871557, 8.857e-12, -0.996195, 0
19.1, 2025-07-03__00-41-27.849383, -0.0471988, -0.0815671, 0.0331115, -2.2902, -0.0280886, 2.15036, 0.73132, 0.000448193, -0.00024468, 0.00361059, -0.000614553, -0.00109228, 0.000183335, 0.000147184, -0.0253023, -0.605886, 0.0389622, 0.787757, -0.38669, 0.749525, 0.413445, 0, 0, 0, 0, 0, 0, 0, 0.481642, -0.0141581, 0.140833, 0.486385, -0.0157403, 0.142593, 0.996195, -3.71201e-12, -0.0871557, -4.46982e-12, -1, -8.49977e-12, -0.0871557, 8.857e-12, -0.996195, 0
19.11, 2025-07-03__00-41-27.859383, -0.0471988, -0.0815671, 0.0331115, -2.2902, -0.0280886, 2.15036, 0.73132, 0.000448193, -0.00024468, 0.00361059, -0.000614553, -0.00109228, 0.000183335, 0.000147184, -0.0253023, -0.605886, 0.0389622, 0.787757, -0.38669, 0.749525, 0.413445, 0, 0, 0, 0, 0, 0, 0, 0.481642, -0.0141581, 0.140833, 0.486385, -0.0157403, 0.142593, 0.996195, -3.71201e-12, -0.0871557, -4.46982e-12, -1, -8.49977e-12, -0.0871557, 8.857e-12, -0.996195, 0
19.12, 2025-07-03__00-41-27.869383, -0.0471988, -0.0815671, 0.0331115, -2.2902, -0.0280886, 2.15036, 0.73132, 0.000448193, -0.00024468, 0.00361059, -0.000614553, -0.00109228, 0.000183335, 0.000147184, -0.0253023, -0.605886, 0.0389622, 0.787757, -0.38669, 0.749525, 0.413445, 0, 0, 0, 0, 0, 0, 0, 0.481642, -0.0141581, 0.140833, 0.486385, -0.0157403, 0.142593, 0.996195, -3.71201e-12, -0.0871557, -4.46982e-12, -1, -8.49977e-12, -0.0871557, 8.857e-12, -0.996195, 0
19.13, 2025-07-03__00-41-27.879383, -0.0471988, -0.0815671, 0.0331115, -2.2902, -0.0280886, 2.15036, 0.73132, 0.000448193, -0.00024468, 0.00361059, -0.000614553, -0.00109228, 0.000183335, 0.000147184, -0.0253023, -0.605886, 0.0389622, 0.787757, -0.38669, 0.749525, 0.413445, 0, 0, 0, 0, 0, 0, 0, 0.481642, -0.0141581, 0.140833, 0.486385, -0.0157403, 0.142593, 0.996195, -3.71201e-12, -0.0871557, -4.46982e-12, -1, -8.49977e-12, -0.0871557, 8.857e-12, -0.996195, 0
19.14, 2025-07-03__00-41-27.889385, -0.0471988, -0.0815671, 0.0331115, -2.2902, -0.0280886, 2.15036, 0.73132, 0.000448193, -0.00024468, 0.00361059, -0.000614553, -0.00109228, 0.000183335, 0.000147184, -0.0253023, -0.605886, 0.0389622, 0.787757, -0.38669, 0.749525, 0.413445, 0, 0, 0, 0, 0, 0, 0, 0.481642, -0.0141581, 0.140833, 0.486385, -0.0157403, 0.142593, 0.996195, -3.71201e-12, -0.0871557, -4.46982e-12, -1, -8.49977e-12, -0.0871557, 8.857e-12, -0.996195, 0
19.15, 2025-07-03__00-41-27.899383, -0.0471988, -0.0815671, 0.0331115, -2.2902, -0.0280886, 2.15036, 0.73132, 0.000448193, -0.00024468, 0.00361059, -0.000614553, -0.00109228, 0.000183335, 0.000147184, -0.0253023, -0.605886, 0.0389622, 0.787757, -0.38669, 0.749525, 0.413445, 0, 0, 0, 0, 0, 0, 0, 0.481642, -0.0141581, 0.140833, 0.486385, -0.0157403, 0.142593, 0.996195, -3.71201e-12, -0.0871557, -4.46982e-12, -1, -8.49977e-12, -0.0871557, 8.857e-12, -0.996195, 0
