time, timestamp, robot_q__0, robot_q__1, robot_q__2, robot_q__3, robot_q__4, robot_q__5, robot_q__6, robot_dq__0, robot_dq__1, robot_dq__2, robot_dq__3, robot_dq__4, robot_dq__5, robot_dq__6, robot_torque__0, robot_torque__1, robot_torque__2, robot_torque__3, robot_torque__4, robot_torque__5, robot_torque__6, joint_pos_state__0, joint_pos_state__1, joint_pos_state__2, joint_pos_state__3, joint_pos_state__4, joint_pos_state__5, joint_pos_state__6, ee_pos__0, ee_pos__1, ee_pos__2, goal_pos__0, goal_pos__1, goal_pos__2, ee_ori__0, ee_ori__1, ee_ori__2, ee_ori__3, ee_ori__4, ee_ori__5, ee_ori__6, ee_ori__7, ee_ori__8, locked_joint, 
0.0100001, 2025-07-03__00-38-46.292066, 0, -0.436332, 0, -2.35619, 0, 1.8326, 0, 0, 0, 0, 0, 0, 0, 0, 0, 0, 0, 0, 0, 0, 0, 0, 0, 0, 0, 0, 0, 0, 0.387704, -6.74018e-12, 0.247099, 0.387704, -6.74018e-12, 0.247099, 0.996195, -3.71201e-12, -0.0871557, -4.46982e-12, -1, -8.49977e-12, -0.0871557, 8.857e-12, -0.996195, 0
0.0200001, 2025-07-03__00-38-46.302128, -0.0469824, -0.0811576, 0.0327127, -2.29074, -0.0227604, 2.13619, 0.732397, -0.00438333, -0.00530942, 0.0089402, -0.0122825, 0.0256015, -0.019271, -0.0418411, 0, 0, 0, 0, 0, 0, 0, 0, 0, 0, 0, 0, 0, 0, 0.387704, -6.74018e-12, 0.247099, 0.387704, -6.74018e-12, 0.247099, 0.996195, -3.71201e-12, -0.0871557, -4.46982e-12, -1, -8.49977e-12, -0.0871557, 8.857e-12, -0.996195, 0
0.0300001, 2025-07-03__00-38-46.312115, -0.0468034, -0.0821392, 0.0329133, -2.29129, -0.0211781, 2.13333, 0.729706, 0.013092, -0.145548, 0.0236121, -0.0676953, 0.203718, -0.37931, -0.341813, 0, 0, 0, 0, 0, 0, 0, 0, 0, 0, 0, 0, 0, 0, 0.387704, -6.74018e-12, 0.247099, 0.387704, -6.74018e-12, 0.247099, 0.996195, -3.71201e-12, -0.0871557, -4.46982e-12, -1, -8.49977e-12, -0.0871557, 8.857e-12, -0.996195, 0
0.0400001, 2025-07-03__00-38-46.322127, -0.0466165, -0.0837442, 0.0331069, -2.29236, -0.0183162, 2.12756, 0.724711, 0.027154, -0.135259, 0.0210643, -0.108398, 0.289801, -0.605627, -0.518063, 0, 0, 0, 0, 0, 0, 0, 0, 0, 0, 0, 0, 0, 0, 0.387704, -6.74018e-12, 0.247099, 0.387704, -6.74018e-12, 0.247099, 0.996195, -3.71201e-12, -0.0871557, -4.46982e-12, -1, -8.49977e-12, -0.0871557, 8.857e-12, -0.996195, 0
0.0500001, 2025-07-03__00-38-46.332112, -0.0463578, -0.0848776, 0.0332928, -2.29374, -0.0153787, 2.12074, 0.719403, 0.0319727, -0.119692, 0.0197977, -0.159805, 0.289531, -0.684219, -0.518182, 0, 0, 0, 0, 0, 0, 0, 0, 0, 0, 0, 0, 0, 0, 0.387704, -6.74018e-12, 0.247099, 0.387704, -6.74018e-12, 0.247099, 0.996195, -3.71201e-12, -0.0871557, -4.46982e-12, -1, -8.49977e-12, -0.0871557, 8.857e-12, -0.996195, 0
0.0600001, 2025-07-03__00-38-46.342127, -0.0460697, -0.0869098, 0.0334998, -2.29593, -0.0129191, 2.11348, 0.714843, 0.0336137, -0.238649, 0.0253302, -0.242673, 0.233954, -0.732252, -0.432688, 0, 0, 0, 0, 0, 0, 0, 0, 0, 0, 0, 0, 0, 0, 0.387704, -6.74018e-12, 0.247099, 0.387704, -6.74018e-12, 0.247099, 0.996195, -3.71201e-12, -0.0871557, -4.46982e-12, -1, -8.49977e-12, -0.0871557, 8.857e-12, -0.996195, 0
0.0700001, 2025-07-03__00-38-46.352127, -0.0457539, -0.0900163, 0.0337544, -2.29895, -0.0110793, 2.10606, 0.711092, 0.0320937, -0.31336, 0.0291008, -0.323166, 0.171727, -0.733949, -0.362504, 0, 0, 0, 0, 0, 0, 0, 0, 0, 0, 0, 0, 0, 0, 0.387704, -6.74018e-12, 0.247099, 0.387704, -6.74018e-12, 0.247099, 0.996195, -3.71201e-12, -0.0871557, -4.46982e-12, -1, -8.49977e-12, -0.0871557, 8.857e-12, -0.996195, 0
0.0800001, 2025-07-03__00-38-46.362127, -0.0454224, -0.0929789, 0.0340383, -2.30206, -0.00978007, 2.09945, 0.707715, 0.0391365, -0.330477, 0.0332909, -0.351387, 0.133857, -0.71833, -0.386278, 0, 0, 0, 0, 0, 0, 0, 0, 0, 0, 0, 0, 0, 0, 0.387704, -6.74018e-12, 0.247099, 0.387704, -6.74018e-12, 0.247099, 0.996195, -3.71201e-12, -0.0871557, -4.46982e-12, -1, -8.49977e-12, -0.0871557, 8.857e-12, -0.996195, 0
0.0900001, 2025-07-03__00-38-46.372126, -0.0449894, -0.0963125, 0.0344722, -2.30573, -0.00858291, 2.09238, 0.703347, 0.0445385, -0.341347, 0.0459943, -0.376498, 0.101356, -0.704787, -0.461547, 0, 0, 0, 0, 0, 0, 0, 0, 0, 0, 0, 0, 0, 0, 0.387704, -6.74018e-12, 0.247099, 0.387704, -6.74018e-12, 0.247099, 0.996195, -3.71201e-12, -0.0871557, -4.46982e-12, -1, -8.49977e-12, -0.0871557, 8.857e-12, -0.996195, 0
0.1, 2025-07-03__00-38-46.382127, -0.0444851, -0.10045, 0.0349188, -2.31023, -0.00754399, 2.08469, 0.697922, 0.0441067, -0.402815, 0.0357607, -0.414802, 0.090674, -0.698894, -0.485781, 0, 0, 0, 0, 0, 0, 0, 0, 0, 0, 0, 0, 0, 0, 0.387704, -6.74018e-12, 0.247099, 0.387704, -6.74018e-12, 0.247099, 0.996195, -3.71201e-12, -0.0871557, -4.46982e-12, -1, -8.49977e-12, -0.0871557, 8.857e-12, -0.996195, 0
0.11, 2025-07-03__00-38-46.392127, -0.0440233, -0.104719, 0.0352439, -2.3147, -0.00677306, 2.07763, 0.693523, 0.0442537, -0.426841, 0.0314867, -0.452599, 0.0763303, -0.70299, -0.420839, 0, 0, 0, 0, 0, 0, 0, 0, 0, 0, 0, 0, 0, 0, 0.387704, -6.74018e-12, 0.247099, 0.387704, -6.74018e-12, 0.247099, 0.996195, -3.71201e-12, -0.0871557, -4.46982e-12, -1, -8.49977e-12, -0.0871557, 8.857e-12, -0.996195, 0
0.12, 2025-07-03__00-38-46.402127, -0.0435565, -0.109166, 0.0354929, -2.31945, -0.00622961, 2.07071, 0.689741, 0.0474037, -0.455059, 0.0207733, -0.478621, 0.0478378, -0.691384, -0.383923, 0, 0, 0, 0, 0, 0, 0, 0, 0, 0, 0, 0, 0, 0, 0.387704, -6.74018e-12, 0.247099, 0.387704, -6.74018e-12, 0.247099, 0.996195, -3.71201e-12, -0.0871557, -4.46982e-12, -1, -8.49977e-12, -0.0871557, 8.857e-12, -0.996195, 0
0.13, 2025-07-03__00-38-46.412127, -0.0430634, -0.113688, 0.0357639, -2.32432, -0.00591867, 2.06392, 0.685892, 0.0466279, -0.456637, 0.0285897, -0.491543, 0.0282779, -0.686305, -0.395491, 0, 0, 0, 0, 0, 0, 0, 0, 0, 0, 0, 0, 0, 0, 0.387704, -6.74018e-12, 0.247099, 0.387704, -6.74018e-12, 0.247099, 0.996195, -3.71201e-12, -0.0871557, -4.46982e-12, -1, -8.49977e-12, -0.0871557, 8.857e-12, -0.996195, 0
0.14, 2025-07-03__00-38-46.422127, -0.0426057, -0.117933, 0.036063, -2.32876, -0.0058081, 2.05784, 0.681955, 0.0544931, -0.481566, 0.0360391, -0.491521, 0.014477, -0.691906, -0.445456, 0, 0, 0, 0, 0, 0, 0, 0, 0, 0, 0, 0, 0, 0, 0.387704, -6.74018e-12, 0.247099, 0.387704, -6.74018e-12, 0.247099, 0.996195, -3.71201e-12, -0.0871557, -4.46982e-12, -1, -8.49977e-12, -0.0871557, 8.857e-12, -0.996195, 0
0.15, 2025-07-03__00-38-46.432127, -0.042052, -0.123412, 0.036457, -2.33408, -0.00573539, 2.05025, 0.676912, 0.0531211, -0.503406, 0.0353751, -0.47446, 0.00369867, -0.686176, -0.447181, 0, 0, 0, 0, 0, 0, 0, 0, 0, 0, 0, 0, 0, 0, 0.387704, -6.74018e-12, 0.247099, 0.387704, -6.74018e-12, 0.247099, 0.996195, -3.71201e-12, -0.0871557, -4.46982e-12, -1, -8.49977e-12, -0.0871557, 8.857e-12, -0.996195, 0
0.16, 2025-07-03__00-38-46.442127, -0.0415766, -0.128442, 0.0367495, -2.33842, -0.00567388, 2.04355, 0.672683, 0.0479399, -0.511686, 0.0250961, -0.423179, 0.00498577, -0.670552, -0.41409, 0, 0, 0, 0, 0, 0, 0, 0, 0, 0, 0, 0, 0, 0, 0.387704, -6.74018e-12, 0.247099, 0.387704, -6.74018e-12, 0.247099, 0.996195, -3.71201e-12, -0.0871557, -4.46982e-12, -1, -8.49977e-12, -0.0871557, 8.857e-12, -0.996195, 0
0.17, 2025-07-03__00-38-46.452128, -0.0411838, -0.133691, 0.0369601, -2.34235, -0.0056629, 2.037, 0.668641, 0.0387353, -0.531791, 0.0188996, -0.386144, -0.00549953, -0.659276, -0.396694, 0, 0, 0, 0, 0, 0, 0, 0, 0, 0, 0, 0, 0, 0, 0.387704, -6.74018e-12, 0.247099, 0.387704, -6.74018e-12, 0.247099, 0.996195, -3.71201e-12, -0.0871557, -4.46982e-12, -1, -8.49977e-12, -0.0871557, 8.857e-12, -0.996195, 0
0.18, 2025-07-03__00-38-46.462126, -0.0409204, -0.138027, 0.0371082, -2.34518, -0.00566269, 2.03169, 0.665244, 0.0354655, -0.535698, 0.0223483, -0.349033, -0.000800644, -0.657059, -0.431442, 0, 0, 0, 0, 0, 0, 0, 0, 0, 0, 0, 0, 0, 0, 0.387704, -6.74018e-12, 0.247099, 0.387704, -6.74018e-12, 0.247099, 0.996195, -3.71201e-12, -0.0871557, -4.46982e-12, -1, -8.49977e-12, -0.0871557, 8.857e-12, -0.996195, 0
0.19, 2025-07-03__00-38-46.472127, -0.0405688, -0.144471, 0.0373398, -2.34869, -0.0056658, 2.02397, 0.659578, 0.0303999, -0.541951, 0.0226501, -0.274543, 0.000674715, -0.651576, -0.509065, 0, 0, 0, 0, 0, 0, 0, 0, 0, 0, 0, 0, 0, 0, 0.387704, -6.74018e-12, 0.247099, 0.387704, -6.74018e-12, 0.247099, 0.996195, -3.71201e-12, -0.0871557, -4.46982e-12, -1, -8.49977e-12, -0.0871557, 8.857e-12, -0.996195, 0
0.2, 2025-07-03__00-38-46.482127, -0.0402981, -0.150423, 0.0375383, -2.351, -0.00567757, 2.01688, 0.652986, 0.0292183, -0.608894, 0.0218105, -0.215855, 0.000622397, -0.732173, -0.692675, 0, 0, 0, 0, 0, 0, 0, 0, 0, 0, 0, 0, 0, 0, 0.387704, -6.74018e-12, 0.247099, 0.387704, -6.74018e-12, 0.247099, 0.996195, -3.71201e-12, -0.0871557, -4.46982e-12, -1, -8.49977e-12, -0.0871557, 8.857e-12, -0.996195, 0
0.21, 2025-07-03__00-38-46.492127, -0.0400913, -0.155848, 0.0376609, -2.35252, -0.00568198, 2.00992, 0.646202, 0.0216645, -0.595105, 0.00854359, -0.140521, -0.000512952, -0.777163, -0.765526, 0, 0, 0, 0, 0, 0, 0, 0, 0, 0, 0, 0, 0, 0, 0.387704, -6.74018e-12, 0.247099, 0.387704, -6.74018e-12, 0.247099, 0.996195, -3.71201e-12, -0.0871557, -4.46982e-12, -1, -8.49977e-12, -0.0871557, 8.857e-12, -0.996195, 0
0.22, 2025-07-03__00-38-46.502126, -0.0399103, -0.162421, 0.0376685, -2.35343, -0.00567666, 2.0012, 0.637456, 0.0149543, -0.601498, -0.00185711, -0.0670184, 0.000295199, -0.791721, -0.791655, 0, 0, 0, 0, 0, 0, 0, 0, 0, 0, 0, 0, 0, 0, 0.387704, -6.74018e-12, 0.247099, 0.387704, -6.74018e-12, 0.247099, 0.996195, -3.71201e-12, -0.0871557, -4.46982e-12, -1, -8.49977e-12, -0.0871557, 8.857e-12, -0.996195, 0
0.23, 2025-07-03__00-38-46.512127, -0.0398249, -0.168696, 0.0376364, -2.35371, -0.00568394, 1.99334, 0.63, 0.0065416, -0.632621, -0.00346738, -0.0192764, 0.00100238, -0.785685, -0.722435, 0, 0, 0, 0, 0, 0, 0, 0, 0, 0, 0, 0, 0, 0, 0.387704, -6.74018e-12, 0.247099, 0.387704, -6.74018e-12, 0.247099, 0.996195, -3.71201e-12, -0.0871557, -4.46982e-12, -1, -8.49977e-12, -0.0871557, 8.857e-12, -0.996195, 0
0.24, 2025-07-03__00-38-46.522126, -0.0398041, -0.175416, 0.037619, -2.35357, -0.00570572, 1.98545, 0.622797, 0.00256152, -0.679559, 0.000268482, 0.0276832, 0.00342182, -0.787848, -0.726051, 0, 0, 0, 0, 0, 0, 0, 0, 0, 0, 0, 0, 0, 0, 0.387704, -6.74018e-12, 0.247099, 0.387704, -6.74018e-12, 0.247099, 0.996195, -3.71201e-12, -0.0871557, -4.46982e-12, -1, -8.49977e-12, -0.0871557, 8.857e-12, -0.996195, 0
0.25, 2025-07-03__00-38-46.532126, -0.0398016, -0.182274, 0.03762, -2.353, -0.00571911, 1.97783, 0.615286, 0.00199714, -0.67449, 0.00174323, 0.0716444, -0.000669302, -0.756451, -0.738528, 0, 0, 0, 0, 0, 0, 0, 0, 0, 0, 0, 0, 0, 0, 0.387704, -6.74018e-12, 0.247099, 0.387704, -6.74018e-12, 0.247099, 0.996195, -3.71201e-12, -0.0871557, -4.46982e-12, -1, -8.49977e-12, -0.0871557, 8.857e-12, -0.996195, 0
0.26, 2025-07-03__00-38-46.542126, -0.0398007, -0.189206, 0.0375769, -2.35214, -0.00576548, 1.97031, 0.608147, -0.00159986, -0.701872, -0.0113, 0.0957468, -0.00544996, -0.75175, -0.709061, 0, 0, 0, 0, 0, 0, 0, 0, 0, 0, 0, 0, 0, 0, 0.387704, -6.74018e-12, 0.247099, 0.387704, -6.74018e-12, 0.247099, 0.996195, -3.71201e-12, -0.0871557, -4.46982e-12, -1, -8.49977e-12, -0.0871557, 8.857e-12, -0.996195, 0
0.27, 2025-07-03__00-38-46.552126, -0.0398332, -0.196163, 0.0374861, -2.35113, -0.00580529, 1.9627, 0.600889, -0.00126765, -0.707355, -0.0101815, 0.099295, -0.00655179, -0.762989, -0.731413, 0, 0, 0, 0, 0, 0, 0, 0, 0, 0, 0, 0, 0, 0, 0.387704, -6.74018e-12, 0.247099, 0.387704, -6.74018e-12, 0.247099, 0.996195, -3.71201e-12, -0.0871557, -4.46982e-12, -1, -8.49977e-12, -0.0871557, 8.857e-12, -0.996195, 0
0.28, 2025-07-03__00-38-46.562127, -0.0398865, -0.203347, 0.0373408, -2.35004, -0.00588805, 1.95511, 0.593465, -0.00678735, -0.728173, -0.0158563, 0.117388, -0.00827632, -0.74838, -0.739279, 0, 0, 0, 0, 0, 0, 0, 0, 0, 0, 0, 0, 0, 0, 0.387704, -6.74018e-12, 0.247099, 0.387704, -6.74018e-12, 0.247099, 0.996195, -3.71201e-12, -0.0871557, -4.46982e-12, -1, -8.49977e-12, -0.0871557, 8.857e-12, -0.996195, 0
0.29, 2025-07-03__00-38-46.572126, -0.0399588, -0.210588, 0.0371573, -2.34875, -0.00598936, 1.94762, 0.586213, -0.00287743, -0.727742, -0.0147811, 0.127554, -0.0111844, -0.756208, -0.724874, 0, 0, 0, 0, 0, 0, 0, 0, 0, 0, 0, 0, 0, 0, 0.387704, -6.74018e-12, 0.247099, 0.387704, -6.74018e-12, 0.247099, 0.996195, -3.71201e-12, -0.0871557, -4.46982e-12, -1, -8.49977e-12, -0.0871557, 8.857e-12, -0.996195, 0
0.3, 2025-07-03__00-38-46.582128, -0.0400154, -0.217878, 0.0369833, -2.34741, -0.00612702, 1.94014, 0.578851, -0.00195824, -0.721143, -0.0181683, 0.138915, -0.00799222, -0.745342, -0.732669, 0, 0, 0, 0, 0, 0, 0, 0, 0, 0, 0, 0, 0, 0, 0.387704, -6.74018e-12, 0.247099, 0.387704, -6.74018e-12, 0.247099, 0.996195, -3.71201e-12, -0.0871557, -4.46982e-12, -1, -8.49977e-12, -0.0871557, 8.857e-12, -0.996195, 0
0.31, 2025-07-03__00-38-46.592126, -0.0400795, -0.225177, 0.0368083, -2.34602, -0.00628091, 1.93299, 0.57182, -0.00539742, -0.724202, -0.0148619, 0.131594, -0.0154568, -0.683466, -0.686331, 0, 0, 0, 0, 0, 0, 0, 0, 0, 0, 0, 0, 0, 0, 0.387704, -6.74018e-12, 0.247099, 0.387704, -6.74018e-12, 0.247099, 0.996195, -3.71201e-12, -0.0871557, -4.46982e-12, -1, -8.49977e-12, -0.0871557, 8.857e-12, -0.996195, 0
0.32, 2025-07-03__00-38-46.602127, -0.0401252, -0.231926, 0.0366496, -2.34486, -0.00642442, 1.9277, 0.565639, -0.00667295, -0.751165, -0.0182731, 0.12916, -0.0137521, -0.523123, -0.702288, 0, 0, 0, 0, 0, 0, 0, 0, 0, 0, 0, 0, 0, 0, 0.387704, -6.74018e-12, 0.247099, 0.387704, -6.74018e-12, 0.247099, 0.996195, -3.71201e-12, -0.0871557, -4.46982e-12, -1, -8.49977e-12, -0.0871557, 8.857e-12, -0.996195, 0
0.33, 2025-07-03__00-38-46.612126, -0.0401928, -0.240267, 0.0364131, -2.34357, -0.00663633, 1.92337, 0.557644, -0.00705356, -0.770664, -0.0206197, 0.111781, -0.0174395, -0.335141, -0.728861, 0, 0, 0, 0, 0, 0, 0, 0, 0, 0, 0, 0, 0, 0, 0.387704, -6.74018e-12, 0.247099, 0.387704, -6.74018e-12, 0.247099, 0.996195, -3.71201e-12, -0.0871557, -4.46982e-12, -1, -8.49977e-12, -0.0871557, 8.857e-12, -0.996195, 0
0.34, 2025-07-03__00-38-46.622127, -0.040297, -0.247745, 0.0361615, -2.34249, -0.0068264, 1.9216, 0.550483, -0.00843658, -0.739392, -0.0266484, 0.108086, -0.0167592, -0.135446, -0.716721, 0, 0, 0, 0, 0, 0, 0, 0, 0, 0, 0, 0, 0, 0, 0.387704, -6.74018e-12, 0.247099, 0.387704, -6.74018e-12, 0.247099, 0.996195, -3.71201e-12, -0.0871557, -4.46982e-12, -1, -8.49977e-12, -0.0871557, 8.857e-12, -0.996195, 0
0.35, 2025-07-03__00-38-46.632127, -0.0403859, -0.254463, 0.0359704, -2.34161, -0.00701373, 1.92143, 0.54395, -0.0112241, -0.76297, -0.023701, 0.0956144, -0.0256002, 0.0113985, -0.748362, 0, 0, 0, 0, 0, 0, 0, 0, 0, 0, 0, 0, 0, 0, 0.387704, -6.74018e-12, 0.247099, 0.387704, -6.74018e-12, 0.247099, 0.996195, -3.71201e-12, -0.0871557, -4.46982e-12, -1, -8.49977e-12, -0.0871557, 8.857e-12, -0.996195, 0
0.36, 2025-07-03__00-38-46.642127, -0.0405075, -0.262781, 0.035791, -2.34043, -0.00732113, 1.92209, 0.535884, -0.0161969, -0.742886, -0.01717, 0.110603, -0.0333673, 0.0716799, -0.707183, 0, 0, 0, 0, 0, 0, 0, 0, 0, 0, 0, 0, 0, 0, 0.387704, -6.74018e-12, 0.247099, 0.387704, -6.74018e-12, 0.247099, 0.996195, -3.71201e-12, -0.0871557, -4.46982e-12, -1, -8.49977e-12, -0.0871557, 8.857e-12, -0.996195, 0
0.37, 2025-07-03__00-38-46.652127, -0.0405977, -0.270366, 0.0356743, -2.33926, -0.00762974, 1.9233, 0.529069, -0.00464674, -0.751699, -0.0133716, 0.120763, -0.0316334, 0.134112, -0.687397, 0, 0, 0, 0, 0, 0, 0, 0, 0, 0, 0, 0, 0, 0, 0.387704, -6.74018e-12, 0.247099, 0.387704, -6.74018e-12, 0.247099, 0.996195, -3.71201e-12, -0.0871557, -4.46982e-12, -1, -8.49977e-12, -0.0871557, 8.857e-12, -0.996195, 0
0.38, 2025-07-03__00-38-46.662127, -0.0407109, -0.27774, 0.0355392, -2.33803, -0.00799578, 1.92521, 0.52195, -0.00900168, -0.733848, -0.015664, 0.118226, -0.0387178, 0.210062, -0.738904, 0, 0, 0, 0, 0, 0, 0, 0, 0, 0, 0, 0, 0, 0, 0.387704, -6.74018e-12, 0.247099, 0.387704, -6.74018e-12, 0.247099, 0.996195, -3.71201e-12, -0.0871557, -4.46982e-12, -1, -8.49977e-12, -0.0871557, 8.857e-12, -0.996195, 0
0.39, 2025-07-03__00-38-46.672127, -0.0408423, -0.285315, 0.035406, -2.3368, -0.00839532, 1.92765, 0.514585, -0.0104012, -0.765116, -0.00988547, 0.12586, -0.038747, 0.254174, -0.725162, 0, 0, 0, 0, 0, 0, 0, 0, 0, 0, 0, 0, 0, 0, 0.387704, -6.74018e-12, 0.247099, 0.387704, -6.74018e-12, 0.247099, 0.996195, -3.71201e-12, -0.0871557, -4.46982e-12, -1, -8.49977e-12, -0.0871557, 8.857e-12, -0.996195, 0
0.4, 2025-07-03__00-38-46.682127, -0.0409967, -0.292717, 0.0352621, -2.33563, -0.0088006, 1.93054, 0.507429, -0.0203394, -0.719268, -0.0162697, 0.113192, -0.0368028, 0.299153, -0.713881, 0, 0, 0, 0, 0, 0, 0, 0, 0, 0, 0, 0, 0, 0, 0.387704, -6.74018e-12, 0.247099, 0.387704, -6.74018e-12, 0.247099, 0.996195, -3.71201e-12, -0.0871557, -4.46982e-12, -1, -8.49977e-12, -0.0871557, 8.857e-12, -0.996195, 0
0.41, 2025-07-03__00-38-46.692127, -0.0411585, -0.298993, 0.0351369, -2.33446, -0.00923688, 1.93387, 0.500095, -0.0153886, -0.598417, -0.00719065, 0.124084, -0.0389951, 0.343992, -0.729058, 0, 0, 0, 0, 0, 0, 0, 0, 0, 0, 0, 0, 0, 0, 0.387704, -6.74018e-12, 0.247099, 0.387704, -6.74018e-12, 0.247099, 0.996195, -3.71201e-12, -0.0871557, -4.46982e-12, -1, -8.49977e-12, -0.0871557, 8.857e-12, -0.996195, 0
0.42, 2025-07-03__00-38-46.702127, -0.0412691, -0.304584, 0.0350513, -2.33331, -0.00971138, 1.93763, 0.49312, -0.0114536, -0.55343, -0.0102332, 0.10593, -0.0461769, 0.380937, -0.680382, 0, 0, 0, 0, 0, 0, 0, 0, 0, 0, 0, 0, 0, 0, 0.387704, -6.74018e-12, 0.247099, 0.387704, -6.74018e-12, 0.247099, 0.996195, -3.71201e-12, -0.0871557, -4.46982e-12, -1, -8.49977e-12, -0.0871557, 8.857e-12, -0.996195, 0
0.43, 2025-07-03__00-38-46.712126, -0.0413305, -0.309664, 0.0349492, -2.33249, -0.0101625, 1.94145, 0.486272, -0.0072358, -0.478218, -0.0128828, 0.077329, -0.0452589, 0.391739, -0.696892, 0, 0, 0, 0, 0, 0, 0, 0, 0, 0, 0, 0, 0, 0, 0.387704, -6.74018e-12, 0.247099, 0.387704, -6.74018e-12, 0.247099, 0.996195, -3.71201e-12, -0.0871557, -4.46982e-12, -1, -8.49977e-12, -0.0871557, 8.857e-12, -0.996195, 0
0.44, 2025-07-03__00-38-46.722127, -0.0413929, -0.313209, 0.0348159, -2.33183, -0.0105932, 1.94555, 0.479005, -0.0027343, -0.328887, -0.0101508, 0.0729618, -0.0354719, 0.422425, -0.723212, 0, 0, 0, 0, 0, 0, 0, 0, 0, 0, 0, 0, 0, 0, 0.387704, -6.74018e-12, 0.247099, 0.387704, -6.74018e-12, 0.247099, 0.996195, -3.71201e-12, -0.0871557, -4.46982e-12, -1, -8.49977e-12, -0.0871557, 8.857e-12, -0.996195, 0
0.45, 2025-07-03__00-38-46.732127, -0.0414415, -0.315821, 0.034629, -2.33099, -0.0110148, 1.94997, 0.471849, -0.00390411, -0.24724, -0.0175159, 0.0774825, -0.0479812, 0.442758, -0.712414, 0, 0, 0, 0, 0, 0, 0, 0, 0, 0, 0, 0, 0, 0, 0.387704, -6.74018e-12, 0.247099, 0.387704, -6.74018e-12, 0.247099, 0.996195, -3.71201e-12, -0.0871557, -4.46982e-12, -1, -8.49977e-12, -0.0871557, 8.857e-12, -0.996195, 0
0.46, 2025-07-03__00-38-46.742126, -0.0414684, -0.317725, 0.0344294, -2.33045, -0.0115227, 1.95429, 0.464586, -0.000826873, -0.154966, -0.0212402, 0.0501005, -0.0476396, 0.435897, -0.735529, 0, 0, 0, 0, 0, 0, 0, 0, 0, 0, 0, 0, 0, 0, 0.387704, -6.74018e-12, 0.247099, 0.387704, -6.74018e-12, 0.247099, 0.996195, -3.71201e-12, -0.0871557, -4.46982e-12, -1, -8.49977e-12, -0.0871557, 8.857e-12, -0.996195, 0
0.47, 2025-07-03__00-38-46.752127, -0.0414746, -0.318201, 0.0342767, -2.33004, -0.0121167, 1.95864, 0.457287, 0.00192758, -0.00918567, -0.012549, 0.0457254, -0.0558252, 0.44, -0.714128, 0, 0, 0, 0, 0, 0, 0, 0, 0, 0, 0, 0, 0, 0, 0.387704, -6.74018e-12, 0.247099, 0.387704, -6.74018e-12, 0.247099, 0.996195, -3.71201e-12, -0.0871557, -4.46982e-12, -1, -8.49977e-12, -0.0871557, 8.857e-12, -0.996195, 0
0.48, 2025-07-03__00-38-46.762127, -0.0414725, -0.317479, 0.034153, -2.32959, -0.0127004, 1.96319, 0.450456, 0.00204293, 0.0921853, -0.0121748, 0.0378731, -0.0598295, 0.450052, -0.689632, 0, 0, 0, 0, 0, 0, 0, 0, 0, 0, 0, 0, 0, 0, 0.387704, -6.74018e-12, 0.247099, 0.387704, -6.74018e-12, 0.247099, 0.996195, -3.71201e-12, -0.0871557, -4.46982e-12, -1, -8.49977e-12, -0.0871557, 8.857e-12, -0.996195, 0
0.49, 2025-07-03__00-38-46.772127, -0.0414838, -0.316047, 0.0340161, -2.32931, -0.0132271, 1.96766, 0.443359, -0.00732909, 0.157346, -0.011682, 0.0226787, -0.0485882, 0.435986, -0.718935, 0, 0, 0, 0, 0, 0, 0, 0, 0, 0, 0, 0, 0, 0, 0.387704, -6.74018e-12, 0.247099, 0.387704, -6.74018e-12, 0.247099, 0.996195, -3.71201e-12, -0.0871557, -4.46982e-12, -1, -8.49977e-12, -0.0871557, 8.857e-12, -0.996195, 0
0.5, 2025-07-03__00-38-46.782127, -0.0415178, -0.314028, 0.0338801, -2.32904, -0.0136853, 1.97209, 0.436015, -0.00479562, 0.233743, -0.0182429, 0.0309519, -0.0409857, 0.443868, -0.721195, 0, 0, 0, 0, 0, 0, 0, 0, 0, 0, 0, 0, 0, 0, 0.387704, -6.74018e-12, 0.247099, 0.387704, -6.74018e-12, 0.247099, 0.996195, -3.71201e-12, -0.0871557, -4.46982e-12, -1, -8.49977e-12, -0.0871557, 8.857e-12, -0.996195, 0
0.51, 2025-07-03__00-38-46.792127, -0.0415619, -0.310674, 0.0337584, -2.32886, -0.0141321, 1.97647, 0.428892, -0.0118377, 0.376225, -0.0142423, 0.0150276, -0.0475008, 0.443105, -0.714726, 0, 0, 0, 0, 0, 0, 0, 0, 0, 0, 0, 0, 0, 0, 0.387704, -6.74018e-12, 0.247099, 0.387704, -6.74018e-12, 0.247099, 0.996195, -3.71201e-12, -0.0871557, -4.46982e-12, -1, -8.49977e-12, -0.0871557, 8.857e-12, -0.996195, 0
0.52, 2025-07-03__00-38-46.802126, -0.0416158, -0.306092, 0.0336535, -2.32864, -0.0145733, 1.98099, 0.421644, -0.00657168, 0.464469, -0.00598624, 0.0237976, -0.0447641, 0.457425, -0.733205, 0, 0, 0, 0, 0, 0, 0, 0, 0, 0, 0, 0, 0, 0, 0.387704, -6.74018e-12, 0.247099, 0.387704, -6.74018e-12, 0.247099, 0.996195, -3.71201e-12, -0.0871557, -4.46982e-12, -1, -8.49977e-12, -0.0871557, 8.857e-12, -0.996195, 0
0.53, 2025-07-03__00-38-46.812127, -0.0416775, -0.301247, 0.0335768, -2.32831, -0.0150458, 1.98549, 0.41543, -0.000857196, 0.496296, -0.0113934, 0.0318332, -0.0405702, 0.447899, -0.552932, 0, 0, 0, 0, 0, 0, 0, 0, 0, 0, 0, 0, 0, 0, 0.387704, -6.74018e-12, 0.247099, 0.387704, -6.74018e-12, 0.247099, 0.996195, -3.71201e-12, -0.0871557, -4.46982e-12, -1, -8.49977e-12, -0.0871557, 8.857e-12, -0.996195, 0
0.54, 2025-07-03__00-38-46.822127, -0.0417532, -0.295836, 0.0335145, -2.32793, -0.0155425, 1.98993, 0.412346, -0.00885609, 0.565787, -0.00550587, 0.0426937, -0.0534761, 0.440234, -0.222164, 0, 0, 0, 0, 0, 0, 0, 0, 0, 0, 0, 0, 0, 0, 0.387704, -6.74018e-12, 0.247099, 0.387704, -6.74018e-12, 0.247099, 0.996195, -3.71201e-12, -0.0871557, -4.46982e-12, -1, -8.49977e-12, -0.0871557, 8.857e-12, -0.996195, 0
0.55, 2025-07-03__00-38-46.832127, -0.0418333, -0.289825, 0.0334753, -2.32735, -0.0159511, 1.99441, 0.412533, -0.00596913, 0.604936, -0.00261075, 0.0654717, -0.0436742, 0.447308, 0.0672069, 0, 0, 0, 0, 0, 0, 0, 0, 0, 0, 0, 0, 0, 0, 0.387704, -6.74018e-12, 0.247099, 0.387704, -6.74018e-12, 0.247099, 0.996195, -3.71201e-12, -0.0871557, -4.46982e-12, -1, -8.49977e-12, -0.0871557, 8.857e-12, -0.996195, 0
0.56, 2025-07-03__00-38-46.842127, -0.0419477, -0.283722, 0.033447, -2.32661, -0.0162915, 1.99887, 0.414714, -0.00817224, 0.627424, -0.00103469, 0.0797603, -0.0400748, 0.441139, 0.251356, 0, 0, 0, 0, 0, 0, 0, 0, 0, 0, 0, 0, 0, 0, 0.387704, -6.74018e-12, 0.247099, 0.387704, -6.74018e-12, 0.247099, 0.996195, -3.71201e-12, -0.0871557, -4.46982e-12, -1, -8.49977e-12, -0.0871557, 8.857e-12, -0.996195, 0
0.57, 2025-07-03__00-38-46.852127, -0.0420553, -0.277276, 0.0334403, -2.32576, -0.0166479, 2.00324, 0.418465, -0.013419, 0.654581, -0.000622457, 0.0928895, -0.0345757, 0.43773, 0.420294, 0, 0, 0, 0, 0, 0, 0, 0, 0, 0, 0, 0, 0, 0, 0.387704, -6.74018e-12, 0.247099, 0.387704, -6.74018e-12, 0.247099, 0.996195, -3.71201e-12, -0.0871557, -4.46982e-12, -1, -8.49977e-12, -0.0871557, 8.857e-12, -0.996195, 0
0.58, 2025-07-03__00-38-46.862127, -0.0421651, -0.270828, 0.0334495, -2.32466, -0.0170051, 2.00758, 0.42349, -0.0087585, 0.646443, 0.00125971, 0.107935, -0.0414087, 0.425568, 0.521816, 0, 0, 0, 0, 0, 0, 0, 0, 0, 0, 0, 0, 0, 0, 0.387704, -6.74018e-12, 0.247099, 0.387704, -6.74018e-12, 0.247099, 0.996195, -3.71201e-12, -0.0871557, -4.46982e-12, -1, -8.49977e-12, -0.0871557, 8.857e-12, -0.996195, 0
0.59, 2025-07-03__00-38-46.872128, -0.0422646, -0.264196, 0.0334435, -2.32363, -0.0173676, 2.01184, 0.429244, -0.0126653, 0.671168, 0.00041811, 0.10551, -0.0334286, 0.430774, 0.589415, 0, 0, 0, 0, 0, 0, 0, 0, 0, 0, 0, 0, 0, 0, 0.387704, -6.74018e-12, 0.247099, 0.387704, -6.74018e-12, 0.247099, 0.996195, -3.71201e-12, -0.0871557, -4.46982e-12, -1, -8.49977e-12, -0.0871557, 8.857e-12, -0.996195, 0
0.6, 2025-07-03__00-38-46.882128, -0.0423659, -0.257518, 0.0334467, -2.32253, -0.0177561, 2.01621, 0.436043, -0.0115305, 0.683456, 0.000608396, 0.111424, -0.0335149, 0.44596, 0.712478, 0, 0, 0, 0, 0, 0, 0, 0, 0, 0, 0, 0, 0, 0, 0.387704, -6.74018e-12, 0.247099, 0.387704, -6.74018e-12, 0.247099, 0.996195, -3.71201e-12, -0.0871557, -4.46982e-12, -1, -8.49977e-12, -0.0871557, 8.857e-12, -0.996195, 0
0.61, 2025-07-03__00-38-46.892123, -0.0424599, -0.25136, 0.0334383, -2.32149, -0.0181523, 2.02023, 0.443046, -0.00964252, 0.673782, -0.00107933, 0.116245, -0.0458862, 0.443528, 0.779071, 0, 0, 0, 0, 0, 0, 0, 0, 0, 0, 0, 0, 0, 0, 0.387704, -6.74018e-12, 0.247099, 0.387704, -6.74018e-12, 0.247099, 0.996195, -3.71201e-12, -0.0871557, -4.46982e-12, -1, -8.49977e-12, -0.0871557, 8.857e-12, -0.996195, 0
0.62, 2025-07-03__00-38-46.902128, -0.0425515, -0.244501, 0.0334436, -2.32031, -0.0186408, 2.02469, 0.450668, -0.013965, 0.694608, 0.000102001, 0.119871, -0.0459161, 0.449194, 0.745202, 0, 0, 0, 0, 0, 0, 0, 0, 0, 0, 0, 0, 0, 0, 0.387704, -6.74018e-12, 0.247099, 0.387704, -6.74018e-12, 0.247099, 0.996195, -3.71201e-12, -0.0871557, -4.46982e-12, -1, -8.49977e-12, -0.0871557, 8.857e-12, -0.996195, 0
0.63, 2025-07-03__00-38-46.912127, -0.042644, -0.237557, 0.0334422, -2.31915, -0.0191419, 2.02914, 0.458217, -0.00855006, 0.690382, 0.000400904, 0.117508, -0.0481757, 0.439356, 0.764544, 0, 0, 0, 0, 0, 0, 0, 0, 0, 0, 0, 0, 0, 0, 0.387704, -6.74018e-12, 0.247099, 0.387704, -6.74018e-12, 0.247099, 0.996195, -3.71201e-12, -0.0871557, -4.46982e-12, -1, -8.49977e-12, -0.0871557, 8.857e-12, -0.996195, 0
0.64, 2025-07-03__00-38-46.922126, -0.0427401, -0.230062, 0.0334495, -2.31787, -0.0196288, 2.03402, 0.466694, -0.00697198, 0.677447, 0.00117506, 0.117483, -0.0354638, 0.439009, 0.760807, 0, 0, 0, 0, 0, 0, 0, 0, 0, 0, 0, 0, 0, 0, 0.387704, -6.74018e-12, 0.247099, 0.387704, -6.74018e-12, 0.247099, 0.996195, -3.71201e-12, -0.0871557, -4.46982e-12, -1, -8.49977e-12, -0.0871557, 8.857e-12, -0.996195, 0
0.65, 2025-07-03__00-38-46.932126, -0.0428465, -0.223177, 0.0334397, -2.31659, -0.0200059, 2.03855, 0.474001, -0.0125043, 0.686596, -0.000277731, 0.132554, -0.0353947, 0.457955, 0.737471, 0, 0, 0, 0, 0, 0, 0, 0, 0, 0, 0, 0, 0, 0, 0.387704, -6.74018e-12, 0.247099, 0.387704, -6.74018e-12, 0.247099, 0.996195, -3.71201e-12, -0.0871557, -4.46982e-12, -1, -8.49977e-12, -0.0871557, 8.857e-12, -0.996195, 0
0.66, 2025-07-03__00-38-46.942121, -0.0429435, -0.216538, 0.0334447, -2.31532, -0.0203825, 2.04305, 0.481529, -0.00902792, 0.666009, -0.000195774, 0.127311, -0.0332613, 0.449936, 0.768406, 0, 0, 0, 0, 0, 0, 0, 0, 0, 0, 0, 0, 0, 0, 0.387704, -6.74018e-12, 0.247099, 0.387704, -6.74018e-12, 0.247099, 0.996195, -3.71201e-12, -0.0871557, -4.46982e-12, -1, -8.49977e-12, -0.0871557, 8.857e-12, -0.996195, 0
0.67, 2025-07-03__00-38-46.952126, -0.0430227, -0.210725, 0.0334348, -2.31418, -0.0207092, 2.047, 0.488168, -0.00529808, 0.638589, -0.00248624, 0.126782, -0.0363648, 0.43744, 0.725825, 0, 0, 0, 0, 0, 0, 0, 0, 0, 0, 0, 0, 0, 0, 0.387704, -6.74018e-12, 0.247099, 0.387704, -6.74018e-12, 0.247099, 0.996195, -3.71201e-12, -0.0871557, -4.46982e-12, -1, -8.49977e-12, -0.0871557, 8.857e-12, -0.996195, 0
0.68, 2025-07-03__00-38-46.962127, -0.0431319, -0.204448, 0.0334392, -2.3129, -0.0211008, 2.05129, 0.495507, -0.0106831, 0.631401, 0.000722932, 0.133646, -0.0349126, 0.425972, 0.741784, 0, 0, 0, 0, 0, 0, 0, 0, 0, 0, 0, 0, 0, 0, 0.387704, -6.74018e-12, 0.247099, 0.387704, -6.74018e-12, 0.247099, 0.996195, -3.71201e-12, -0.0871557, -4.46982e-12, -1, -8.49977e-12, -0.0871557, 8.857e-12, -0.996195, 0
0.69, 2025-07-03__00-38-46.972127, -0.0432549, -0.197629, 0.0334366, -2.31139, -0.0216163, 2.056, 0.504037, -0.013266, 0.610627, 0.00609636, 0.139471, -0.0456211, 0.435422, 0.778169, 0, 0, 0, 0, 0, 0, 0, 0, 0, 0, 0, 0, 0, 0, 0.387704, -6.74018e-12, 0.247099, 0.387704, -6.74018e-12, 0.247099, 0.996195, -3.71201e-12, -0.0871557, -4.46982e-12, -1, -8.49977e-12, -0.0871557, 8.857e-12, -0.996195, 0
0.7, 2025-07-03__00-38-46.982128, -0.0433515, -0.191813, 0.0334372, -2.3101, -0.0220702, 2.06044, 0.511379, -0.0104206, 0.580742, 0.00098136, 0.122841, -0.0419475, 0.432193, 0.737838, 0, 0, 0, 0, 0, 0, 0, 0, 0, 0, 0, 0, 0, 0, 0.387704, -6.74018e-12, 0.247099, 0.387704, -6.74018e-12, 0.247099, 0.996195, -3.71201e-12, -0.0871557, -4.46982e-12, -1, -8.49977e-12, -0.0871557, 8.857e-12, -0.996195, 0
0.71, 2025-07-03__00-38-46.992119, -0.0434488, -0.186169, 0.0334316, -2.30891, -0.0224837, 2.06489, 0.518665, -0.00839242, 0.556381, -0.000115099, 0.12176, -0.0407966, 0.447055, 0.744899, 0, 0, 0, 0, 0, 0, 0, 0, 0, 0, 0, 0, 0, 0, 0.387704, -6.74018e-12, 0.247099, 0.387704, -6.74018e-12, 0.247099, 0.996195, -3.71201e-12, -0.0871557, -4.46982e-12, -1, -8.49977e-12, -0.0871557, 8.857e-12, -0.996195, 0
0.72, 2025-07-03__00-38-47.002114, -0.0435492, -0.181301, 0.0334256, -2.3079, -0.0228109, 2.06896, 0.525257, -0.0146256, 0.531339, -0.00115649, 0.109779, -0.0387684, 0.458841, 0.725358, 0, 0, 0, 0, 0, 0, 0, 0, 0, 0, 0, 0, 0, 0, 0.387704, -6.74018e-12, 0.247099, 0.387704, -6.74018e-12, 0.247099, 0.996195, -3.71201e-12, -0.0871557, -4.46982e-12, -1, -8.49977e-12, -0.0871557, 8.857e-12, -0.996195, 0
0.73, 2025-07-03__00-38-47.012113, -0.0436604, -0.175417, 0.0334235, -2.30668, -0.023185, 2.07388, 0.533212, -0.00520196, 0.530014, 0.000671268, 0.11334, -0.0295984, 0.451245, 0.73702, 0, 0, 0, 0, 0, 0, 0, 0, 0, 0, 0, 0, 0, 0, 0.387704, -6.74018e-12, 0.247099, 0.387704, -6.74018e-12, 0.247099, 0.996195, -3.71201e-12, -0.0871557, -4.46982e-12, -1, -8.49977e-12, -0.0871557, 8.857e-12, -0.996195, 0
0.74, 2025-07-03__00-38-47.022114, -0.0437753, -0.170355, 0.0334368, -2.30555, -0.0235572, 2.07842, 0.540917, -0.011937, 0.499439, 0.0022936, 0.109332, -0.0407877, 0.452706, 0.780661, 0, 0, 0, 0, 0, 0, 0, 0, 0, 0, 0, 0, 0, 0, 0.387704, -6.74018e-12, 0.247099, 0.387704, -6.74018e-12, 0.247099, 0.996195, -3.71201e-12, -0.0871557, -4.46982e-12, -1, -8.49977e-12, -0.0871557, 8.857e-12, -0.996195, 0
0.75, 2025-07-03__00-38-47.032111, -0.0438753, -0.165652, 0.0334397, -2.30452, -0.0240019, 2.08282, 0.548498, -0.0078869, 0.470093, 0.000768233, 0.101712, -0.0488015, 0.439847, 0.746024, 0, 0, 0, 0, 0, 0, 0, 0, 0, 0, 0, 0, 0, 0, 0.387704, -6.74018e-12, 0.247099, 0.387704, -6.74018e-12, 0.247099, 0.996195, -3.71201e-12, -0.0871557, -4.46982e-12, -1, -8.49977e-12, -0.0871557, 8.857e-12, -0.996195, 0
0.76, 2025-07-03__00-38-47.042113, -0.0439945, -0.160889, 0.0334453, -2.30349, -0.0244885, 2.08712, 0.555825, -0.00954545, 0.475102, 0.00133757, 0.106441, -0.0516552, 0.432012, 0.740617, 0, 0, 0, 0, 0, 0, 0, 0, 0, 0, 0, 0, 0, 0, 0.387704, -6.74018e-12, 0.247099, 0.387704, -6.74018e-12, 0.247099, 0.996195, -3.71201e-12, -0.0871557, -4.46982e-12, -1, -8.49977e-12, -0.0871557, 8.857e-12, -0.996195, 0
0.77, 2025-07-03__00-38-47.052112, -0.0441263, -0.156763, 0.033445, -2.30258, -0.0249896, 2.09099, 0.562582, -0.0164375, 0.450611, 0.000991606, 0.0978848, -0.0609817, 0.4279, 0.736376, 0, 0, 0, 0, 0, 0, 0, 0, 0, 0, 0, 0, 0, 0, 0.387704, -6.74018e-12, 0.247099, 0.387704, -6.74018e-12, 0.247099, 0.996195, -3.71201e-12, -0.0871557, -4.46982e-12, -1, -8.49977e-12, -0.0871557, 8.857e-12, -0.996195, 0
0.78, 2025-07-03__00-38-47.062111, -0.0443103, -0.151816, 0.0334535, -2.30158, -0.025686, 2.0958, 0.570548, -0.0165126, 0.452194, 0.0011275, 0.0921945, -0.0594839, 0.438223, 0.715205, 0, 0, 0, 0, 0, 0, 0, 0, 0, 0, 0, 0, 0, 0, 0.387704, -6.74018e-12, 0.247099, 0.387704, -6.74018e-12, 0.247099, 0.996195, -3.71201e-12, -0.0871557, -4.46982e-12, -1, -8.49977e-12, -0.0871557, 8.857e-12, -0.996195, 0
0.79, 2025-07-03__00-38-47.072110, -0.0444673, -0.14727, 0.033457, -2.30061, -0.026328, 2.10025, 0.578159, -0.0201193, 0.446749, 0.000287946, 0.101847, -0.0632903, 0.445356, 0.774724, 0, 0, 0, 0, 0, 0, 0, 0, 0, 0, 0, 0, 0, 0, 0.387704, -6.74018e-12, 0.247099, 0.387704, -6.74018e-12, 0.247099, 0.996195, -3.71201e-12, -0.0871557, -4.46982e-12, -1, -8.49977e-12, -0.0871557, 8.857e-12, -0.996195, 0
0.8, 2025-07-03__00-38-47.082111, -0.0446333, -0.143008, 0.0334637, -2.29963, -0.0270055, 2.10464, 0.585433, -0.0134501, 0.416713, 0.00309243, 0.0962741, -0.0724925, 0.425609, 0.664491, 0, 0, 0, 0, 0, 0, 0, 0, 0, 0, 0, 0, 0, 0, 0.387704, -6.74018e-12, 0.247099, 0.387704, -6.74018e-12, 0.247099, 0.996195, -3.71201e-12, -0.0871557, -4.46982e-12, -1, -8.49977e-12, -0.0871557, 8.857e-12, -0.996195, 0
0.81, 2025-07-03__00-38-47.092110, -0.0447942, -0.139229, 0.0334639, -2.29875, -0.0276683, 2.10825, 0.590104, -0.01153, 0.387408, 0.00054723, 0.0900863, -0.0606591, 0.351624, 0.4197, 0, 0, 0, 0, 0, 0, 0, 0, 0, 0, 0, 0, 0, 0, 0.387704, -6.74018e-12, 0.247099, 0.387704, -6.74018e-12, 0.247099, 0.996195, -3.71201e-12, -0.0871557, -4.46982e-12, -1, -8.49977e-12, -0.0871557, 8.857e-12, -0.996195, 0
0.82, 2025-07-03__00-38-47.102110, -0.045009, -0.135049, 0.0334597, -2.29784, -0.0283131, 2.11149, 0.593545, -0.0180038, 0.429608, 0.00584339, 0.0959315, -0.0580729, 0.325078, 0.351478, 0, 0, 0, 0, 0, 0, 0, 0, 0, 0, 0, 0, 0, 0, 0.387704, -6.74018e-12, 0.247099, 0.387704, -6.74018e-12, 0.247099, 0.996195, -3.71201e-12, -0.0871557, -4.46982e-12, -1, -8.49977e-12, -0.0871557, 8.857e-12, -0.996195, 0
0.83, 2025-07-03__00-38-47.112110, -0.045241, -0.130967, 0.0334756, -2.29691, -0.0289367, 2.11489, 0.597321, -0.0161713, 0.389443, 0.00371392, 0.086015, -0.0684472, 0.342743, 0.394053, 0, 0, 0, 0, 0, 0, 0, 0, 0, 0, 0, 0, 0, 0, 0.387704, -6.74018e-12, 0.247099, 0.387704, -6.74018e-12, 0.247099, 0.996195, -3.71201e-12, -0.0871557, -4.46982e-12, -1, -8.49977e-12, -0.0871557, 8.857e-12, -0.996195, 0
0.84, 2025-07-03__00-38-47.122112, -0.045481, -0.127374, 0.0335032, -2.29628, -0.0294968, 2.11819, 0.601497, -0.0202391, 0.365206, 0.00109829, 0.0652251, -0.0525807, 0.321236, 0.415198, 0, 0, 0, 0, 0, 0, 0, 0, 0, 0, 0, 0, 0, 0, 0.387704, -6.74018e-12, 0.247099, 0.387704, -6.74018e-12, 0.247099, 0.996195, -3.71201e-12, -0.0871557, -4.46982e-12, -1, -8.49977e-12, -0.0871557, 8.857e-12, -0.996195, 0
0.85, 2025-07-03__00-38-47.132113, -0.0457155, -0.123756, 0.0335327, -2.29566, -0.0299852, 2.12153, 0.605535, -0.0224684, 0.370514, 0.00181645, 0.0644824, -0.0444477, 0.341744, 0.385487, 0, 0, 0, 0, 0, 0, 0, 0, 0, 0, 0, 0, 0, 0, 0.387704, -6.74018e-12, 0.247099, 0.387704, -6.74018e-12, 0.247099, 0.996195, -3.71201e-12, -0.0871557, -4.46982e-12, -1, -8.49977e-12, -0.0871557, 8.857e-12, -0.996195, 0
0.86, 2025-07-03__00-38-47.142117, -0.0459477, -0.120272, 0.0335632, -2.29499, -0.030478, 2.12499, 0.609692, -0.0252073, 0.337264, -0.000826001, 0.0590168, -0.0541069, 0.338032, 0.42403, 0, 0, 0, 0, 0, 0, 0, 0, 0, 0, 0, 0, 0, 0, 0.387704, -6.74018e-12, 0.247099, 0.387704, -6.74018e-12, 0.247099, 0.996195, -3.71201e-12, -0.0871557, -4.46982e-12, -1, -8.49977e-12, -0.0871557, 8.857e-12, -0.996195, 0
0.87, 2025-07-03__00-38-47.152127, -0.0461394, -0.117442, 0.0335969, -2.29454, -0.0309158, 2.12797, 0.613814, -0.0240857, 0.315163, 0.00255842, 0.0527065, -0.0443764, 0.324211, 0.478954, 0, 0, 0, 0, 0, 0, 0, 0, 0, 0, 0, 0, 0, 0, 0.387704, -6.74018e-12, 0.247099, 0.387704, -6.74018e-12, 0.247099, 0.996195, -3.71201e-12, -0.0871557, -4.46982e-12, -1, -8.49977e-12, -0.0871557, 8.857e-12, -0.996195, 0
0.88, 2025-07-03__00-38-47.162114, -0.0463755, -0.113963, 0.0336175, -2.29399, -0.0314892, 2.13141, 0.61899, -0.0214232, 0.329467, 8.44758e-05, 0.0543833, -0.049901, 0.311246, 0.470271, 0, 0, 0, 0, 0, 0, 0, 0, 0, 0, 0, 0, 0, 0, 0.387704, -6.74018e-12, 0.247099, 0.387704, -6.74018e-12, 0.247099, 0.996195, -3.71201e-12, -0.0871557, -4.46982e-12, -1, -8.49977e-12, -0.0871557, 8.857e-12, -0.996195, 0
0.89, 2025-07-03__00-38-47.172110, -0.0465562, -0.110698, 0.0336295, -2.29349, -0.0320111, 2.13455, 0.623076, -0.0157627, 0.321326, 0.00202127, 0.0442363, -0.0517134, 0.310469, 0.387921, 0, 0, 0, 0, 0, 0, 0, 0, 0, 0, 0, 0, 0, 0, 0.387704, -6.74018e-12, 0.247099, 0.387704, -6.74018e-12, 0.247099, 0.996195, -3.71201e-12, -0.0871557, -4.46982e-12, -1, -8.49977e-12, -0.0871557, 8.857e-12, -0.996195, 0
0.9, 2025-07-03__00-38-47.182113, -0.0467095, -0.108072, 0.0336335, -2.29314, -0.0324554, 2.13718, 0.626406, -0.0181547, 0.278141, 0.00134381, 0.03464, -0.0482196, 0.27862, 0.374393, 0, 0, 0, 0, 0, 0, 0, 0, 0, 0, 0, 0, 0, 0, 0.387704, -6.74018e-12, 0.247099, 0.387704, -6.74018e-12, 0.247099, 0.996195, -3.71201e-12, -0.0871557, -4.46982e-12, -1, -8.49977e-12, -0.0871557, 8.857e-12, -0.996195, 0
0.91, 2025-07-03__00-38-47.192114, -0.0468682, -0.105166, 0.0336401, -2.29278, -0.0328853, 2.14008, 0.63078, -0.0139977, 0.266648, -0.000452057, 0.0338772, -0.0350145, 0.256146, 0.415039, 0, 0, 0, 0, 0, 0, 0, 0, 0, 0, 0, 0, 0, 0, 0.387704, -6.74018e-12, 0.247099, 0.387704, -6.74018e-12, 0.247099, 0.996195, -3.71201e-12, -0.0871557, -4.46982e-12, -1, -8.49977e-12, -0.0871557, 8.857e-12, -0.996195, 0
0.92, 2025-07-03__00-38-47.202115, -0.046979, -0.10244, 0.033635, -2.29239, -0.0331946, 2.14256, 0.635325, -0.013717, 0.275515, -0.00106106, 0.0383794, -0.0305279, 0.240604, 0.461616, 0, 0, 0, 0, 0, 0, 0, 0, 0, 0, 0, 0, 0, 0, 0.387704, -6.74018e-12, 0.247099, 0.387704, -6.74018e-12, 0.247099, 0.996195, -3.71201e-12, -0.0871557, -4.46982e-12, -1, -8.49977e-12, -0.0871557, 8.857e-12, -0.996195, 0
0.93, 2025-07-03__00-38-47.212113, -0.0470836, -0.0998519, 0.0336363, -2.29202, -0.0334658, 2.14481, 0.639754, -0.00677172, 0.251116, 0.00105738, 0.0361077, -0.0287748, 0.222123, 0.429183, 0, 0, 0, 0, 0, 0, 0, 0, 0, 0, 0, 0, 0, 0, 0.387704, -6.74018e-12, 0.247099, 0.387704, -6.74018e-12, 0.247099, 0.996195, -3.71201e-12, -0.0871557, -4.46982e-12, -1, -8.49977e-12, -0.0871557, 8.857e-12, -0.996195, 0
0.94, 2025-07-03__00-38-47.222115, -0.0471701, -0.0975887, 0.0336436, -2.29169, -0.0337183, 2.14672, 0.643623, -0.00984364, 0.218472, 0.00132457, 0.0350937, -0.0299043, 0.181421, 0.379874, 0, 0, 0, 0, 0, 0, 0, 0, 0, 0, 0, 0, 0, 0, 0.387704, -6.74018e-12, 0.247099, 0.387704, -6.74018e-12, 0.247099, 0.996195, -3.71201e-12, -0.0871557, -4.46982e-12, -1, -8.49977e-12, -0.0871557, 8.857e-12, -0.996195, 0
0.95, 2025-07-03__00-38-47.232114, -0.0472547, -0.0955471, 0.0336466, -2.29131, -0.0339382, 2.14833, 0.647516, -0.00650377, 0.200401, 9.73135e-05, 0.0404812, -0.0246319, 0.147244, 0.395995, 0, 0, 0, 0, 0, 0, 0, 0, 0, 0, 0, 0, 0, 0, 0.387704, -6.74018e-12, 0.247099, 0.387704, -6.74018e-12, 0.247099, 0.996195, -3.71201e-12, -0.0871557, -4.46982e-12, -1, -8.49977e-12, -0.0871557, 8.857e-12, -0.996195, 0
0.96, 2025-07-03__00-38-47.242114, -0.0473064, -0.093782, 0.0336413, -2.29093, -0.0341316, 2.14961, 0.651863, -0.00305831, 0.173368, -8.37074e-05, 0.0373398, -0.0148736, 0.125689, 0.446645, 0, 0, 0, 0, 0, 0, 0, 0, 0, 0, 0, 0, 0, 0, 0.387704, -6.74018e-12, 0.247099, 0.387704, -6.74018e-12, 0.247099, 0.996195, -3.71201e-12, -0.0871557, -4.46982e-12, -1, -8.49977e-12, -0.0871557, 8.857e-12, -0.996195, 0
0.97, 2025-07-03__00-38-47.252114, -0.0473595, -0.092159, 0.0336346, -2.29061, -0.0343046, 2.15081, 0.656931, -0.0112044, 0.193915, 0.00172657, 0.0386946, -0.0206709, 0.155245, 0.634339, 0, 0, 0, 0, 0, 0, 0, 0, 0, 0, 0, 0, 0, 0, 0.387704, -6.74018e-12, 0.247099, 0.387704, -6.74018e-12, 0.247099, 0.996195, -3.71201e-12, -0.0871557, -4.46982e-12, -1, -8.49977e-12, -0.0871557, 8.857e-12, -0.996195, 0
0.98, 2025-07-03__00-38-47.262115, -0.0474173, -0.0900856, 0.0336546, -2.29022, -0.0345281, 2.15288, 0.665111, -0.00538049, 0.171698, 0.000980718, 0.0289363, -0.0183321, 0.198964, 0.762873, 0, 0, 0, 0, 0, 0, 0, 0, 0, 0, 0, 0, 0, 0, 0.387704, -6.74018e-12, 0.247099, 0.387704, -6.74018e-12, 0.247099, 0.996195, -3.71201e-12, -0.0871557, -4.46982e-12, -1, -8.49977e-12, -0.0871557, 8.857e-12, -0.996195, 0
0.99, 2025-07-03__00-38-47.272114, -0.0474319, -0.0887341, 0.0336519, -2.29, -0.0347286, 2.15472, 0.672819, -0.000136768, 0.125847, 1.94968e-05, 0.0205898, -0.0198921, 0.174227, 0.773785, 0, 0, 0, 0, 0, 0, 0, 0, 0, 0, 0, 0, 0, 0, 0.387704, -6.74018e-12, 0.247099, 0.387704, -6.74018e-12, 0.247099, 0.996195, -3.71201e-12, -0.0871557, -4.46982e-12, -1, -8.49977e-12, -0.0871557, 8.857e-12, -0.996195, 0
1, 2025-07-03__00-38-47.282114, -0.0474514, -0.0874482, 0.0336497, -2.28977, -0.0349127, 2.15607, 0.680242, -0.0033055, 0.138105, -0.0010984, 0.0328099, -0.0159611, 0.133136, 0.721801, 0, 0, 0, 0, 0, 0, 0, 0, 0, 0, 0, 0, 0, 0, 0.387704, -6.74018e-12, 0.247099, 0.387704, -6.74018e-12, 0.247099, 0.996195, -3.71201e-12, -0.0871557, -4.46982e-12, -1, -8.49977e-12, -0.0871557, 8.857e-12, -0.996195, 0
1.01, 2025-07-03__00-38-47.292114, -0.047478, -0.0860378, 0.0336519, -2.28943, -0.0350568, 2.15724, 0.687132, -0.00756761, 0.139804, 0.000475861, 0.033389, -0.0165687, 0.110333, 0.67945, 0, 0, 0, 0, 0, 0, 0, 0, 0, 0, 0, 0, 0, 0, 0.387704, -6.74018e-12, 0.247099, 0.387704, -6.74018e-12, 0.247099, 0.996195, -3.71201e-12, -0.0871557, -4.46982e-12, -1, -8.49977e-12, -0.0871557, 8.857e-12, -0.996195, 0
1.02, 2025-07-03__00-38-47.302116, -0.0474863, -0.0847688, 0.0336549, -2.2891, -0.0351616, 2.15816, 0.694421, -0.000174087, 0.124118, 0.00433316, 0.029895, -0.00703352, 0.0822421, 0.732612, 0, 0, 0, 0, 0, 0, 0, 0, 0, 0, 0, 0, 0, 0, 0.387704, -6.74018e-12, 0.247099, 0.387704, -6.74018e-12, 0.247099, 0.996195, -3.71201e-12, -0.0871557, -4.46982e-12, -1, -8.49977e-12, -0.0871557, 8.857e-12, -0.996195, 0
1.03, 2025-07-03__00-38-47.312113, -0.0474868, -0.083795, 0.0336621, -2.28881, -0.0352612, 2.15873, 0.702102, 0.000895118, 0.0914958, 0.00166643, 0.0291869, -0.00788548, 0.053211, 0.753417, 0, 0, 0, 0, 0, 0, 0, 0, 0, 0, 0, 0, 0, 0, 0.387704, -6.74018e-12, 0.247099, 0.387704, -6.74018e-12, 0.247099, 0.996195, -3.71201e-12, -0.0871557, -4.46982e-12, -1, -8.49977e-12, -0.0871557, 8.857e-12, -0.996195, 0
1.04, 2025-07-03__00-38-47.322113, -0.0474917, -0.0830351, 0.0336595, -2.28853, -0.0353438, 2.15916, 0.7093, -0.000743409, 0.0742122, -0.000211945, 0.0239451, -0.00439851, 0.0505968, 0.713852, 0, 0, 0, 0, 0, 0, 0, 0, 0, 0, 0, 0, 0, 0, 0.387704, -6.74018e-12, 0.247099, 0.387704, -6.74018e-12, 0.247099, 0.996195, -3.71201e-12, -0.0871557, -4.46982e-12, -1, -8.49977e-12, -0.0871557, 8.857e-12, -0.996195, 0
1.05, 2025-07-03__00-38-47.332114, -0.0475048, -0.0823504, 0.0336469, -2.28827, -0.0354124, 2.15952, 0.716674, -0.00200786, 0.0712476, -0.00146275, 0.0265061, -0.00337057, 0.0338721, 0.734858, 0, 0, 0, 0, 0, 0, 0, 0, 0, 0, 0, 0, 0, 0, 0.387704, -6.74018e-12, 0.247099, 0.387704, -6.74018e-12, 0.247099, 0.996195, -3.71201e-12, -0.0871557, -4.46982e-12, -1, -8.49977e-12, -0.0871557, 8.857e-12, -0.996195, 0
1.06, 2025-07-03__00-38-47.342113, -0.0475163, -0.0818935, 0.0336495, -2.28802, -0.0354661, 2.15975, 0.72395, -0.00143799, 0.0368898, 0.000955508, 0.0213559, -0.014177, 0.0223347, 0.717131, 0, 0, 0, 0, 0, 0, 0, 0, 0, 0, 0, 0, 0, 0, 0.387704, -6.74018e-12, 0.247099, 0.387704, -6.74018e-12, 0.247099, 0.996195, -3.71201e-12, -0.0871557, -4.46982e-12, -1, -8.49977e-12, -0.0871557, 8.857e-12, -0.996195, 0
1.07, 2025-07-03__00-38-47.352116, -0.0475215, -0.0815756, 0.0336494, -2.28779, -0.0354855, 2.15992, 0.731178, -0.00147919, 0.0319733, 0.000547291, 0.0255335, -0.00114079, 0.0147708, 0.733022, 0, 0, 0, 0, 0, 0, 0, 0, 0, 0, 0, 0, 0, 0, 0.387704, -6.74018e-12, 0.247099, 0.387704, -6.74018e-12, 0.247099, 0.996195, -3.71201e-12, -0.0871557, -4.46982e-12, -1, -8.49977e-12, -0.0871557, 8.857e-12, -0.996195, 0
1.08, 2025-07-03__00-38-47.362114, -0.0475223, -0.0813919, 0.0336547, -2.28762, -0.0354986, 2.16005, 0.738744, -0.000380046, 0.0161018, -0.000277614, 0.0205844, -0.00115259, 0.00370744, 0.744567, 0, 0, 0, 0, 0, 0, 0, 0, 0, 0, 0, 0, 0, 0, 0.387704, -6.74018e-12, 0.247099, 0.387704, -6.74018e-12, 0.247099, 0.996195, -3.71201e-12, -0.0871557, -4.46982e-12, -1, -8.49977e-12, -0.0871557, 8.857e-12, -0.996195, 0
1.09, 2025-07-03__00-38-47.372115, -0.0475197, -0.0813701, 0.0336575, -2.28749, -0.0355109, 2.16013, 0.745582, 0.00508722, -0.00302202, -0.00164094, 0.0126758, -0.00285606, 0.00729247, 0.614785, -0.0324988, 0.371689, -0.0536074, -0.37181, -0.0550747, -0.121375, -4.12355, 0, 0, 0, 0, 0, 0, 0, 0.486431, -0.0158235, 0.142622, 0.486346, -0.0158237, 0.142576, 0.996195, -3.71201e-12, -0.0871557, -4.46982e-12, -1, -8.49977e-12, -0.0871557, 8.857e-12, -0.996195, 0
1.1, 2025-07-03__00-38-47.382113, -0.047522, -0.0813614, 0.0336657, -2.28741, -0.0354942, 2.16001, 0.747619, -0.000667554, -0.0015734, 0.000630012, 0.00986766, -0.00135165, -0.0148107, 0.0619528, 0.0211857, 0.222229, -0.0104258, -0.221426, -0.0348834, 0.0612886, -0.892161, 0, 0, 0, 0, 0, 0, 0, 0.486437, -0.015816, 0.142648, 0.486346, -0.0158237, 0.142576, 0.996195, -3.71201e-12, -0.0871557, -4.46982e-12, -1, -8.49977e-12, -0.0871557, 8.857e-12, -0.996195, 0
1.11, 2025-07-03__00-38-47.392114, -0.0475081, -0.0814237, 0.0336719, -2.28741, -0.0354643, 2.15988, 0.74564, 0.00166174, -0.00585476, 0.000484191, -0.000415978, -6.99322e-05, -0.0125763, -0.221543, -0.0581506, 0.221548, -0.084081, -0.0901006, -0.014625, 0.0826738, 0.940933, 0, 0, 0, 0, 0, 0, 0, 0.486404, -0.0158035, 0.14267, 0.486346, -0.0158237, 0.142576, 0.996195, -3.71201e-12, -0.0871557, -4.46982e-12, -1, -8.49977e-12, -0.0871557, 8.857e-12, -0.996195, 0
1.12, 2025-07-03__00-38-47.402114, -0.0475084, -0.0814906, 0.0336957, -2.28745, -0.0354431, 2.1597, 0.743736, -0.000329478, -0.00562462, 0.0018967, -0.00336026, 0.000331882, -0.0205115, -0.146442, -0.0496948, 0.159781, -0.0697283, -0.00165869, -0.0151154, 0.157901, 0.596943, 0, 0, 0, 0, 0, 0, 0, 0.486344, -0.0157922, 0.142674, 0.486346, -0.0158237, 0.142576, 0.996195, -3.71201e-12, -0.0871557, -4.46982e-12, -1, -8.49977e-12, -0.0871557, 8.857e-12, -0.996195, 0
1.13, 2025-07-03__00-38-47.412113, -0.0474956, -0.0815568, 0.0337287, -2.28746, -0.0354319, 2.15947, 0.743462, -0.00040327, -0.000489251, 0.00207903, -0.000414421, 0.000671418, -0.0263886, -0.00041173, -0.0503448, 0.0331955, -0.0688976, 0.0368193, -0.0272645, 0.211839, -0.271788, 0, 0, 0, 0, 0, 0, 0, 0.486268, -0.0157669, 0.142685, 0.486346, -0.0158237, 0.142576, 0.996195, -3.71201e-12, -0.0871557, -4.46982e-12, -1, -8.49977e-12, -0.0871557, 8.857e-12, -0.996195, 0
1.14, 2025-07-03__00-38-47.422113, -0.0474921, -0.0815658, 0.0337624, -2.28745, -0.0354271, 2.15925, 0.743555, -0.00139084, 0.00269285, 0.00584291, 0.00202016, 0.00514403, -0.0167834, -0.00283671, -0.120116, -0.0156138, -0.141523, 0.013911, -0.0560744, 0.159531, -0.262802, 0, 0, 0, 0, 0, 0, 0, 0.486187, -0.0157477, 0.142676, 0.486346, -0.0158237, 0.142576, 0.996195, -3.71201e-12, -0.0871557, -4.46982e-12, -1, -8.49977e-12, -0.0871557, 8.857e-12, -0.996195, 0
1.15, 2025-07-03__00-38-47.432113, -0.0474906, -0.0815472, 0.033815, -2.28744, -0.035421, 2.15903, 0.743493, 1.1185e-05, 0.00230462, 0.00146838, -3.79109e-05, 0.000397542, -0.0112736, -0.00336788, -0.065658, -0.0368208, -0.0843283, 0.041254, -0.025686, 0.14245, -0.255808, 0, 0, 0, 0, 0, 0, 0, 0.486128, -0.015727, 0.142662, 0.486346, -0.0158237, 0.142576, 0.996195, -3.71201e-12, -0.0871557, -4.46982e-12, -1, -8.49977e-12, -0.0871557, 8.857e-12, -0.996195, 0
1.16, 2025-07-03__00-38-47.442113, -0.0474837, -0.0815197, 0.0338618, -2.28746, -0.0354175, 2.15887, 0.743484, 0.000511759, 0.00196601, 0.00851257, -0.00232827, -0.000188038, -0.0180077, -0.00139702, -0.248902, -0.0885527, -0.273188, 0.118486, -0.0215577, 0.206408, -0.266432, 0, 0, 0, 0, 0, 0, 0, 0.486054, -0.0157027, 0.142629, 0.486346, -0.0158237, 0.142576, 0.996195, -3.71201e-12, -0.0871557, -4.46982e-12, -1, -8.49977e-12, -0.0871557, 8.857e-12, -0.996195, 0
1.17, 2025-07-03__00-38-47.452116, -0.0474842, -0.0814975, 0.0339143, -2.28748, -0.0354143, 2.15869, 0.743483, 0.00104753, 0.00334187, 0.00566264, -0.00107297, 0.000113098, -0.0197621, -0.000566827, -0.206253, -0.136808, -0.228755, 0.134059, -0.02396, 0.231288, -0.271415, 0, 0, 0, 0, 0, 0, 0, 0.485972, -0.0156729, 0.142592, 0.486346, -0.0158237, 0.142576, 0.996195, -3.71201e-12, -0.0871557, -4.46982e-12, -1, -8.49977e-12, -0.0871557, 8.857e-12, -0.996195, 0
1.18, 2025-07-03__00-38-47.462114, -0.0474781, -0.0814825, 0.0339446, -2.28749, -0.0354122, 2.15853, 0.743473, 0.00153192, 0.000105703, 0.00468568, 0.00038733, 0.000233084, -0.0127981, -0.005878, -0.205987, 0.00745266, -0.227969, 0.0384831, -0.0255062, 0.183675, -0.238867, 0, 0, 0, 0, 0, 0, 0, 0.485917, -0.0156594, 0.142573, 0.486346, -0.0158237, 0.142576, 0.996195, -3.71201e-12, -0.0871557, -4.46982e-12, -1, -8.49977e-12, -0.0871557, 8.857e-12, -0.996195, 0
1.19, 2025-07-03__00-38-47.472115, -0.047474, -0.0814783, 0.0339685, -2.2875, -0.035414, 2.15838, 0.743478, 0.000365835, 0.00126565, 0.0035208, -0.00198823, -0.000302987, -0.0125583, -0.00121398, -0.158651, -0.0811512, -0.180077, 0.112164, -0.0211401, 0.202583, -0.26735, 0, 0, 0, 0, 0, 0, 0, 0.485851, -0.015641, 0.142552, 0.486346, -0.0158237, 0.142576, 0.996195, -3.71201e-12, -0.0871557, -4.46982e-12, -1, -8.49977e-12, -0.0871557, 8.857e-12, -0.996195, 0
1.2, 2025-07-03__00-38-47.482113, -0.0474725, -0.0815021, 0.0339942, -2.28749, -0.0354102, 2.1582, 0.743477, -0.000700916, -0.00346793, -0.00129586, 0.000570204, -0.000181707, -0.0140727, -0.00515065, -0.0338209, 0.129605, -0.0518296, -0.0163426, -0.0238733, 0.207309, -0.24387, 0, 0, 0, 0, 0, 0, 0, 0.485795, -0.0156304, 0.14255, 0.486346, -0.0158237, 0.142576, 0.996195, -3.71201e-12, -0.0871557, -4.46982e-12, -1, -8.49977e-12, -0.0871557, 8.857e-12, -0.996195, 0
1.21, 2025-07-03__00-38-47.492114, -0.0474684, -0.0815021, 0.0340301, -2.28749, -0.035409, 2.15808, 0.74348, 0.00131114, 0.000160768, 0.000959504, 0.00149742, -2.67534e-05, -0.00520611, 0.000138699, -0.137634, 0.0355148, -0.157412, 0.00336804, -0.0249546, 0.158834, -0.275963, 0, 0, 0, 0, 0, 0, 0, 0.485748, -0.0156112, 0.142544, 0.486346, -0.0158237, 0.142576, 0.996195, -3.71201e-12, -0.0871557, -4.46982e-12, -1, -8.49977e-12, -0.0871557, 8.857e-12, -0.996195, 0
1.22, 2025-07-03__00-38-47.502113, -0.0474681, -0.0815128, 0.0340664, -2.28748, -0.0354041, 2.15796, 0.74347, 0.000938611, -0.000294126, 0.00525388, -0.000990493, 0.00469302, -0.00532772, 0.000472775, -0.236046, 0.0166096, -0.259153, 0.045577, -0.0539165, 0.173643, -0.277401, 0, 0, 0, 0, 0, 0, 0, 0.485717, -0.0155945, 0.142544, 0.486346, -0.0158237, 0.142576, 0.996195, -3.71201e-12, -0.0871557, -4.46982e-12, -1, -8.49977e-12, -0.0871557, 8.857e-12, -0.996195, 0
1.23, 2025-07-03__00-38-47.512113, -0.0474684, -0.0815236, 0.0340821, -2.28749, -0.0354078, 2.15787, 0.743469, -0.000134924, -0.000358968, 0.00143653, -0.001439, 0.000169173, -0.00287844, -0.000602403, -0.128714, 0.0126496, -0.149283, 0.0497058, -0.0250341, 0.164704, -0.270801, 0, 0, 0, 0, 0, 0, 0, 0.485684, -0.0155888, 0.142543, 0.486346, -0.0158237, 0.142576, 0.996195, -3.71201e-12, -0.0871557, -4.46982e-12, -1, -8.49977e-12, -0.0871557, 8.857e-12, -0.996195, 0
1.24, 2025-07-03__00-38-47.522110, -0.0474708, -0.0815244, 0.0340924, -2.28749, -0.0354086, 2.15779, 0.743465, 0.00115954, 0.000274855, 0.000956317, -2.57636e-06, -6.624e-05, -0.00358552, 0.000495162, -0.147954, 0.0116973, -0.168194, 0.0359926, -0.0241433, 0.171921, -0.277131, 0, 0, 0, 0, 0, 0, 0, 0.485655, -0.0155834, 0.142533, 0.486346, -0.0158237, 0.142576, 0.996195, -3.71201e-12, -0.0871557, -4.46982e-12, -1, -8.49977e-12, -0.0871557, 8.857e-12, -0.996195, 0
1.25, 2025-07-03__00-38-47.532111, -0.047469, -0.0815276, 0.0341004, -2.28748, -0.0354018, 2.15772, 0.743463, 0.000791081, -0.000304574, 0.00132907, 0.00117804, 0.00041159, -0.00343071, -0.00081615, -0.150468, 0.0539331, -0.170898, 0.00137216, -0.0280946, 0.170487, -0.269145, 0, 0, 0, 0, 0, 0, 0, 0.485636, -0.0155829, 0.142534, 0.486346, -0.0158237, 0.142576, 0.996195, -3.71201e-12, -0.0871557, -4.46982e-12, -1, -8.49977e-12, -0.0871557, 8.857e-12, -0.996195, 0
1.26, 2025-07-03__00-38-47.542109, -0.0474662, -0.0815111, 0.0341074, -2.28747, -0.0354025, 2.1577, 0.743462, -0.000164152, 0.0025687, 0.00341937, 0.00155581, -8.51197e-05, -1.11271e-05, 8.57027e-05, -0.176596, -0.0387421, -0.198447, 0.0334248, -0.0245845, 0.153218, -0.274462, 0, 0, 0, 0, 0, 0, 0, 0.485628, -0.0155744, 0.14253, 0.486346, -0.0158237, 0.142576, 0.996195, -3.71201e-12, -0.0871557, -4.46982e-12, -1, -8.49977e-12, -0.0871557, 8.857e-12, -0.996195, 0
1.27, 2025-07-03__00-38-47.552111, -0.0474651, -0.0814979, 0.0341286, -2.28748, -0.035403, 2.15768, 0.743456, -0.000943016, 0.0008007, 0.00291509, -0.00129625, -0.00205212, -0.00054425, -0.00146427, -0.154268, -0.032566, -0.17615, 0.0685857, -0.0111826, 0.163861, -0.264571, 0, 0, 0, 0, 0, 0, 0, 0.485614, -0.0155651, 0.142519, 0.486346, -0.0158237, 0.142576, 0.996195, -3.71201e-12, -0.0871557, -4.46982e-12, -1, -8.49977e-12, -0.0871557, 8.857e-12, -0.996195, 0
1.28, 2025-07-03__00-38-47.562113, -0.0474653, -0.0814978, 0.0341332, -2.2875, -0.0354008, 2.15765, 0.743456, -0.000285756, 0.0005187, -0.000390778, -0.00196845, -0.000384241, -0.00329172, 3.42344e-05, -0.0950507, -0.0452903, -0.114624, 0.08928, -0.0215946, 0.187184, -0.273834, 0, 0, 0, 0, 0, 0, 0, 0.485594, -0.0155613, 0.142508, 0.486346, -0.0158237, 0.142576, 0.996195, -3.71201e-12, -0.0871557, -4.46982e-12, -1, -8.49977e-12, -0.0871557, 8.857e-12, -0.996195, 0
1.29, 2025-07-03__00-38-47.572111, -0.0474711, -0.0814948, 0.0341341, -2.28749, -0.0354, 2.15762, 0.743457, -0.00152104, 0.0001068, 0.000923403, 0.00226633, -0.00422986, -0.000546981, 0.00900443, -0.0947094, 0.0457671, -0.114978, -0.0108117, -8.64904e-06, 0.156015, -0.328149, 0, 0, 0, 0, 0, 0, 0, 0.485582, -0.0155653, 0.142503, 0.486346, -0.0158237, 0.142576, 0.996195, -3.71201e-12, -0.0871557, -4.46982e-12, -1, -8.49977e-12, -0.0871557, 8.857e-12, -0.996195, 0
1.3, 2025-07-03__00-38-47.582113, -0.0474761, -0.0814972, 0.0341329, -2.28749, -0.035398, 2.15762, 0.74345, -0.00542523, -0.00054083, -0.000524791, 0.00368653, -0.000197297, 2.4549e-05, 0.000253083, 0.0273446, 0.0915344, 0.00848287, -0.0553048, -0.0253061, 0.147179, -0.27536, 0, 0, 0, 0, 0, 0, 0, 0.485588, -0.0155643, 0.142508, 0.486346, -0.0158237, 0.142576, 0.996195, -3.71201e-12, -0.0871557, -4.46982e-12, -1, -8.49977e-12, -0.0871557, 8.857e-12, -0.996195, 0
1.31, 2025-07-03__00-38-47.592111, -0.0474697, -0.0815053, 0.0341383, -2.28748, -0.0353958, 2.15761, 0.743449, 0.000556263, -0.000330214, 0.000667129, 0.000534805, 6.39494e-06, -0.000361005, 0.000898728, -0.13866, 0.0398594, -0.158841, 0.0116871, -0.0256456, 0.159305, -0.27875, 0, 0, 0, 0, 0, 0, 0, 0.485591, -0.0155649, 0.142516, 0.486346, -0.0158237, 0.142576, 0.996195, -3.71201e-12, -0.0871557, -4.46982e-12, -1, -8.49977e-12, -0.0871557, 8.857e-12, -0.996195, 0
1.32, 2025-07-03__00-38-47.602111, -0.0474651, -0.0815131, 0.0341468, -2.28749, -0.0353934, 2.1576, 0.743449, 0.00065794, -0.00186308, 0.000726729, 0.00045169, 0.000478788, -0.000774991, 0.000653218, -0.146443, 0.0934532, -0.16675, -0.0101622, -0.0289515, 0.159926, -0.277305, 0, 0, 0, 0, 0, 0, 0, 0.485584, -0.0155567, 0.142516, 0.486346, -0.0158237, 0.142576, 0.996195, -3.71201e-12, -0.0871557, -4.46982e-12, -1, -8.49977e-12, -0.0871557, 8.857e-12, -0.996195, 0
1.33, 2025-07-03__00-38-47.612109, -0.0474674, -0.0815181, 0.03415, -2.28749, -0.0353976, 2.1576, 0.743448, 0.000613473, -0.000769331, -0.00033477, -0.000758264, -7.73923e-05, -0.000142562, -0.000728606, -0.12118, 0.0363666, -0.140822, 0.0298544, -0.024407, 0.161638, -0.268849, 0, 0, 0, 0, 0, 0, 0, 0.485585, -0.0155528, 0.142516, 0.486346, -0.0158237, 0.142576, 0.996195, -3.71201e-12, -0.0871557, -4.46982e-12, -1, -8.49977e-12, -0.0871557, 8.857e-12, -0.996195, 0
1.34, 2025-07-03__00-38-47.622109, -0.0474644, -0.0815244, 0.0341525, -2.28749, -0.0353935, 2.1576, 0.743442, 0.00200145, -0.00269388, -0.00083155, -0.000839639, -8.04119e-06, -7.79643e-05, -0.000946675, -0.144076, 0.106725, -0.16344, -0.0018664, -0.0254051, 0.157074, -0.26719, 0, 0, 0, 0, 0, 0, 0, 0.485586, -0.0155507, 0.14252, 0.486346, -0.0158237, 0.142576, 0.996195, -3.71201e-12, -0.0871557, -4.46982e-12, -1, -8.49977e-12, -0.0871557, 8.857e-12, -0.996195, 0
1.35, 2025-07-03__00-38-47.632110, -0.0474736, -0.0815163, 0.0341564, -2.28749, -0.0353939, 2.15759, 0.743449, -0.00212665, -2.05025e-05, 0.000514804, -0.00185426, 0.000151228, 0.000785527, 0.00774024, -0.0777098, -0.00867178, -0.0979055, 0.0616576, -0.0259398, 0.160938, -0.320323, 0, 0, 0, 0, 0, 0, 0, 0.485586, -0.015553, 0.142519, 0.486346, -0.0158237, 0.142576, 0.996195, -3.71201e-12, -0.0871557, -4.46982e-12, -1, -8.49977e-12, -0.0871557, 8.857e-12, -0.996195, 0
1.36, 2025-07-03__00-38-47.642110, -0.0474627, -0.0815089, 0.0341617, -2.28749, -0.0353935, 2.15758, 0.743436, -7.56603e-06, 0.00644736, 0.000709994, -0.000103783, 0.000153962, -0.00193922, -0.000784526, -0.12916, -0.217326, -0.149321, 0.1453, -0.0250237, 0.189058, -0.26764, 0, 0, 0, 0, 0, 0, 0, 0.485585, -0.0155494, 0.142517, 0.486346, -0.0158237, 0.142576, 0.996195, -3.71201e-12, -0.0871557, -4.46982e-12, -1, -8.49977e-12, -0.0871557, 8.857e-12, -0.996195, 0
1.37, 2025-07-03__00-38-47.652110, -0.0474658, -0.0815031, 0.0341629, -2.28748, -0.0353935, 2.15759, 0.743439, 0.00144946, 7.80366e-05, 0.000830194, -0.000874614, 7.95345e-05, 0.000235122, 0.000256039, -0.169236, 0.00265629, -0.18977, 0.0465171, -0.0255153, 0.161671, -0.274176, 0, 0, 0, 0, 0, 0, 0, 0.485584, -0.0155464, 0.142513, 0.486346, -0.0158237, 0.142576, 0.996195, -3.71201e-12, -0.0871557, -4.46982e-12, -1, -8.49977e-12, -0.0871557, 8.857e-12, -0.996195, 0
1.38, 2025-07-03__00-38-47.662113, -0.0474619, -0.0815029, 0.0341663, -2.28748, -0.0353891, 2.15758, 0.74344, -0.00102215, -0.000555782, 3.60289e-06, -0.00166931, 0.00686104, -0.000302269, -0.000970933, -0.0968759, 0.00945881, -0.116617, 0.0503587, -0.0678251, 0.167642, -0.267439, 0, 0, 0, 0, 0, 0, 0, 0.48558, -0.0155419, 0.142513, 0.486346, -0.0158237, 0.142576, 0.996195, -3.71201e-12, -0.0871557, -4.46982e-12, -1, -8.49977e-12, -0.0871557, 8.857e-12, -0.996195, 0
1.39, 2025-07-03__00-38-47.672111, -0.0474676, -0.0814975, 0.0341611, -2.28748, -0.0353935, 2.15758, 0.743435, 0.00113114, 0.00143136, -0.00115898, 0.000994886, 0.000406546, 0.00053966, -0.000168478, -0.114641, -0.017505, -0.133537, 0.0309145, -0.0280128, 0.157858, -0.271556, 0, 0, 0, 0, 0, 0, 0, 0.48558, -0.0155483, 0.142512, 0.486346, -0.0158237, 0.142576, 0.996195, -3.71201e-12, -0.0871557, -4.46982e-12, -1, -8.49977e-12, -0.0871557, 8.857e-12, -0.996195, 0
1.4, 2025-07-03__00-38-47.682113, -0.0474728, -0.0815078, 0.0341609, -2.28748, -0.0353942, 2.15758, 0.743435, -0.000421429, -0.0019701, -0.000105675, 0.00114145, -0.000205889, 0.00021177, -0.000807592, -0.104517, 0.108835, -0.124204, -0.0295656, -0.0247567, 0.152204, -0.267729, 0, 0, 0, 0, 0, 0, 0, 0.485575, -0.015551, 0.142508, 0.486346, -0.0158237, 0.142576, 0.996195, -3.71201e-12, -0.0871557, -4.46982e-12, -1, -8.49977e-12, -0.0871557, 8.857e-12, -0.996195, 0
1.41, 2025-07-03__00-38-47.692110, -0.0474701, -0.0815078, 0.0341639, -2.28749, -0.0353942, 2.15757, 0.743437, 0.000490274, -0.000309093, 0.000363583, -0.000346784, 0.00371234, -0.000107451, 0.000147382, -0.136387, 0.0237696, -0.156444, 0.0303777, -0.0484248, 0.163404, -0.27373, 0, 0, 0, 0, 0, 0, 0, 0.485576, -0.0155473, 0.142511, 0.486346, -0.0158237, 0.142576, 0.996195, -3.71201e-12, -0.0871557, -4.46982e-12, -1, -8.49977e-12, -0.0871557, 8.857e-12, -0.996195, 0
1.42, 2025-07-03__00-38-47.702111, -0.0474644, -0.0815107, 0.0341685, -2.28749, -0.0353942, 2.15757, 0.743438, 0.00143804, 0.000271542, 0.000257177, 0.000240655, -9.25489e-05, -0.00061407, 0.00048346, -0.157101, 0.01281, -0.177188, 0.0310695, -0.0248234, 0.166102, -0.275517, 0, 0, 0, 0, 0, 0, 0, 0.485574, -0.0155459, 0.142513, 0.486346, -0.0158237, 0.142576, 0.996195, -3.71201e-12, -0.0871557, -4.46982e-12, -1, -8.49977e-12, -0.0871557, 8.857e-12, -0.996195, 0
1.43, 2025-07-03__00-38-47.712109, -0.0474599, -0.0815142, 0.0341696, -2.28749, -0.0353935, 2.15757, 0.743433, 0.00100071, 3.26773e-05, -3.94585e-05, -6.6556e-05, 9.74151e-05, 0.000358894, -0.000905546, -0.142173, 0.0190508, -0.162029, 0.0295146, -0.025818, 0.159858, -0.26689, 0, 0, 0, 0, 0, 0, 0, 0.485574, -0.0155439, 0.142514, 0.486346, -0.0158237, 0.142576, 0.996195, -3.71201e-12, -0.0871557, -4.46982e-12, -1, -8.49977e-12, -0.0871557, 8.857e-12, -0.996195, 0
1.44, 2025-07-03__00-38-47.722110, -0.0474645, -0.0815184, 0.0341703, -2.28748, -0.0353918, 2.15757, 0.743435, 0.000484381, -0.000463093, 0.00121791, -0.00412937, -0.0003138, 0.000871727, -0.0010652, -0.159465, -0.0266175, -0.180497, 0.0995182, -0.021762, 0.167172, -0.265891, 0, 0, 0, 0, 0, 0, 0, 0.485579, -0.015541, 0.142516, 0.486346, -0.0158237, 0.142576, 0.996195, -3.71201e-12, -0.0871557, -4.46982e-12, -1, -8.49977e-12, -0.0871557, 8.857e-12, -0.996195, 0
1.45, 2025-07-03__00-38-47.732111, -0.0474675, -0.0815138, 0.0341724, -2.28749, -0.0353929, 2.15757, 0.743439, 3.24587e-05, 2.77751e-05, 0.00106947, -0.00138156, 0.000306898, -0.0004582, 0.00167966, -0.144377, -0.0045231, -0.165115, 0.0585292, -0.0268109, 0.16943, -0.282851, 0, 0, 0, 0, 0, 0, 0, 0.485579, -0.0155455, 0.142517, 0.486346, -0.0158237, 0.142576, 0.996195, -3.71201e-12, -0.0871557, -4.46982e-12, -1, -8.49977e-12, -0.0871557, 8.857e-12, -0.996195, 0
1.46, 2025-07-03__00-38-47.742110, -0.0474651, -0.0815076, 0.0341757, -2.28749, -0.0353942, 2.15756, 0.743432, 0.000375756, 0.000193465, 0.0017599, -0.0019671, -4.17994e-05, -0.000157824, -0.000464253, -0.169263, -0.0213749, -0.190569, 0.0740879, -0.0241172, 0.17025, -0.26934, 0, 0, 0, 0, 0, 0, 0, 0.485569, -0.0155432, 0.142508, 0.486346, -0.0158237, 0.142576, 0.996195, -3.71201e-12, -0.0871557, -4.46982e-12, -1, -8.49977e-12, -0.0871557, 8.857e-12, -0.996195, 0
1.47, 2025-07-03__00-38-47.752111, -0.0474626, -0.0815028, 0.0341703, -2.28748, -0.0353903, 2.15756, 0.743438, 0.000755509, -8.23089e-05, -0.000596423, 0.00296195, 0.0002112, 0.000502072, 0.000682166, -0.122706, 0.0710836, -0.141952, -0.0342504, -0.0281525, 0.150072, -0.276942, 0, 0, 0, 0, 0, 0, 0, 0.485568, -0.0155423, 0.142506, 0.486346, -0.0158237, 0.142576, 0.996195, -3.71201e-12, -0.0871557, -4.46982e-12, -1, -8.49977e-12, -0.0871557, 8.857e-12, -0.996195, 0
1.48, 2025-07-03__00-38-47.762109, -0.0474645, -0.0815007, 0.0341704, -2.28748, -0.035393, 2.15756, 0.743436, 2.00042e-05, 0.0010651, -0.000643696, 0.00249284, 6.65351e-05, 4.5106e-05, -0.000131952, -0.103816, 0.0199387, -0.123016, -0.0038717, -0.0266063, 0.157265, -0.271869, 0, 0, 0, 0, 0, 0, 0, 0.485569, -0.0155421, 0.142508, 0.486346, -0.0158237, 0.142576, 0.996195, -3.71201e-12, -0.0871557, -4.46982e-12, -1, -8.49977e-12, -0.0871557, 8.857e-12, -0.996195, 0
1.49, 2025-07-03__00-38-47.772113, -0.0474703, -0.0815025, 0.0341676, -2.28748, -0.0353927, 2.15756, 0.743429, -0.00131513, 0.000290199, -0.000768608, 0.00139069, 0.000214903, -0.0003807, -0.000840558, -0.0695352, 0.0277788, -0.0886408, 0.00603942, -0.0271194, 0.162045, -0.267242, 0, 0, 0, 0, 0, 0, 0, 0.485573, -0.0155463, 0.142511, 0.486346, -0.0158237, 0.142576, 0.996195, -3.71201e-12, -0.0871557, -4.46982e-12, -1, -8.49977e-12, -0.0871557, 8.857e-12, -0.996195, 0
1.5, 2025-07-03__00-38-47.782114, -0.0474705, -0.0815075, 0.0341749, -2.28749, -0.0353924, 2.15756, 0.743432, -0.00098123, -0.000436237, 0.000549248, -0.00151476, 6.76569e-05, -0.000439945, -0.00101056, -0.10989, 0.00619156, -0.130241, 0.0545537, -0.0251237, 0.169762, -0.26621, 0, 0, 0, 0, 0, 0, 0, 0.485568, -0.0155443, 0.142507, 0.486346, -0.0158237, 0.142576, 0.996195, -3.71201e-12, -0.0871557, -4.46982e-12, -1, -8.49977e-12, -0.0871557, 8.857e-12, -0.996195, 0
1.51, 2025-07-03__00-38-47.792110, -0.0474675, -0.0815162, 0.034171, -2.28749, -0.035391, 2.15755, 0.743432, 0.00116189, -0.00163218, 0.000479895, 0.00122329, -0.000279777, -0.000242028, -0.000763404, -0.157, 0.0994473, -0.177207, -0.0220543, -0.024489, 0.157745, -0.26768, 0, 0, 0, 0, 0, 0, 0, 0.485567, -0.0155431, 0.142513, 0.486346, -0.0158237, 0.142576, 0.996195, -3.71201e-12, -0.0871557, -4.46982e-12, -1, -8.49977e-12, -0.0871557, 8.857e-12, -0.996195, 0
1.52, 2025-07-03__00-38-47.802111, -0.0474654, -0.0815187, 0.0341738, -2.28749, -0.0353931, 2.15755, 0.74343, 0.000464717, -0.00139353, 0.000991292, -0.000273981, -9.61457e-05, 0.000410437, -0.000248503, -0.154158, 0.0680873, -0.174811, 0.00975262, -0.0248371, 0.158282, -0.270673, 0, 0, 0, 0, 0, 0, 0, 0.485572, -0.0155439, 0.142515, 0.486346, -0.0158237, 0.142576, 0.996195, -3.71201e-12, -0.0871557, -4.46982e-12, -1, -8.49977e-12, -0.0871557, 8.857e-12, -0.996195, 0
1.53, 2025-07-03__00-38-47.812110, -0.0474647, -0.0815163, 0.034176, -2.28748, -0.0353895, 2.15756, 0.743431, -0.000248961, -0.000710999, 0.000132313, -0.000148884, -0.00023248, 0.000362917, -0.00067685, -0.118595, 0.0456464, -0.138565, 0.0165283, -0.0241028, 0.158928, -0.268224, 0, 0, 0, 0, 0, 0, 0, 0.485576, -0.0155392, 0.142516, 0.486346, -0.0158237, 0.142576, 0.996195, -3.71201e-12, -0.0871557, -4.46982e-12, -1, -8.49977e-12, -0.0871557, 8.857e-12, -0.996195, 0
1.54, 2025-07-03__00-38-47.822110, -0.0474665, -0.0815138, 0.034182, -2.28749, -0.0353938, 2.15756, 0.743431, -0.0012162, 0.000734924, -0.00103289, 0.000517271, -0.000265683, -0.000574381, 0.0010205, -0.0697638, -0.000836218, -0.0888397, 0.0320316, -0.0237099, 0.167005, -0.278572, 0, 0, 0, 0, 0, 0, 0, 0.485571, -0.0155381, 0.142512, 0.486346, -0.0158237, 0.142576, 0.996195, -3.71201e-12, -0.0871557, -4.46982e-12, -1, -8.49977e-12, -0.0871557, 8.857e-12, -0.996195, 0
1.55, 2025-07-03__00-38-47.832110, -0.0474665, -0.0815085, 0.0341815, -2.28749, -0.0353898, 2.15755, 0.743428, -0.000174535, 0.0010564, 0.00209133, 0.000254085, 6.84871e-07, -0.000317274, -0.00559891, -0.164499, -0.0153862, -0.185872, 0.0443465, -0.0250379, 0.167244, -0.238064, 0, 0, 0, 0, 0, 0, 0, 0.485567, -0.0155376, 0.142511, 0.486346, -0.0158237, 0.142576, 0.996195, -3.71201e-12, -0.0871557, -4.46982e-12, -1, -8.49977e-12, -0.0871557, 8.857e-12, -0.996195, 0
1.56, 2025-07-03__00-38-47.842109, -0.0474644, -0.0815085, 0.034176, -2.28749, -0.0353892, 2.15755, 0.74343, -0.000415098, 0.000589941, 0.000318963, -0.00142609, -3.16691e-05, -5.94993e-06, 0.000715656, -0.118355, -0.0275803, -0.138506, 0.0688339, -0.0246628, 0.169288, -0.276529, 0, 0, 0, 0, 0, 0, 0, 0.485572, -0.0155388, 0.142514, 0.486346, -0.0158237, 0.142576, 0.996195, -3.71201e-12, -0.0871557, -4.46982e-12, -1, -8.49977e-12, -0.0871557, 8.857e-12, -0.996195, 0
1.57, 2025-07-03__00-38-47.852111, -0.0474621, -0.0815001, 0.0341738, -2.28749, -0.0353882, 2.15755, 0.743431, -0.0013231, 0.00027295, 0.00129538, -0.000295668, 0.000261116, -0.000475925, -0.000491875, -0.119902, -0.00122888, -0.140638, 0.0434792, -0.0269837, 0.168607, -0.269307, 0, 0, 0, 0, 0, 0, 0, 0.485565, -0.0155365, 0.142506, 0.486346, -0.0158237, 0.142576, 0.996195, -3.71201e-12, -0.0871557, -4.46982e-12, -1, -8.49977e-12, -0.0871557, 8.857e-12, -0.996195, 0
1.58, 2025-07-03__00-38-47.862113, -0.0474693, -0.0815034, 0.0341794, -2.28749, -0.0353894, 2.15755, 0.743427, 0.00133784, 2.7308e-05, 0.00354358, -0.0014468, -0.000229394, -0.000247914, 0.000676189, -0.231414, -0.00669836, -0.254013, 0.0628269, -0.0235809, 0.169383, -0.275812, 0, 0, 0, 0, 0, 0, 0, 0.485571, -0.0155372, 0.142513, 0.486346, -0.0158237, 0.142576, 0.996195, -3.71201e-12, -0.0871557, -4.46982e-12, -1, -8.49977e-12, -0.0871557, 8.857e-12, -0.996195, 0
1.59, 2025-07-03__00-38-47.872127, -0.0474682, -0.0815032, 0.0341792, -2.28748, -0.0353885, 2.15755, 0.743422, -0.00146445, -0.000436676, 0.000331262, 0.000929578, 0.00027992, -0.000116435, -0.00176857, -0.0949705, 0.0473651, -0.114945, 0.00287726, -0.0276203, 0.160652, -0.261178, 0, 0, 0, 0, 0, 0, 0, 0.485565, -0.0155377, 0.142507, 0.486346, -0.0158237, 0.142576, 0.996195, -3.71201e-12, -0.0871557, -4.46982e-12, -1, -8.49977e-12, -0.0871557, 8.857e-12, -0.996195, 0
1.6, 2025-07-03__00-38-47.882127, -0.0474673, -0.0815056, 0.0341792, -2.28749, -0.0353888, 2.15755, 0.743427, -0.000136694, -0.000602235, 8.26484e-05, -0.000641254, 0.000264612, -4.82176e-05, 0.00396773, -0.119831, 0.0271313, -0.139797, 0.0333743, -0.0272989, 0.164612, -0.296118, 0, 0, 0, 0, 0, 0, 0, 0.485565, -0.0155387, 0.142508, 0.486346, -0.0158237, 0.142576, 0.996195, -3.71201e-12, -0.0871557, -4.46982e-12, -1, -8.49977e-12, -0.0871557, 8.857e-12, -0.996195, 0
1.61, 2025-07-03__00-38-47.892127, -0.0474696, -0.0815082, 0.0341739, -2.28749, -0.0353892, 2.15755, 0.74342, -0.000523253, 0.000107561, -0.000632998, -0.000214279, 0.000298663, -0.000159653, -0.000203588, -0.0927304, 0.0087292, -0.11207, 0.0363244, -0.0272142, 0.165774, -0.270502, 0, 0, 0, 0, 0, 0, 0, 0.485571, -0.0155398, 0.142513, 0.486346, -0.0158237, 0.142576, 0.996195, -3.71201e-12, -0.0871557, -4.46982e-12, -1, -8.49977e-12, -0.0871557, 8.857e-12, -0.996195, 0
1.62, 2025-07-03__00-38-47.902127, -0.0474696, -0.0815138, 0.0341813, -2.28749, -0.0353887, 2.15755, 0.743424, 0.000213531, 0.000786588, 0.000401936, -8.97048e-05, 0.000169111, 0.000188381, -0.000492062, -0.134241, -0.00938279, -0.154395, 0.0437272, -0.0263873, 0.164141, -0.268879, 0, 0, 0, 0, 0, 0, 0, 0.485573, -0.0155415, 0.142518, 0.486346, -0.0158237, 0.142576, 0.996195, -3.71201e-12, -0.0871557, -4.46982e-12, -1, -8.49977e-12, -0.0871557, 8.857e-12, -0.996195, 0
1.63, 2025-07-03__00-38-47.912127, -0.0474591, -0.081511, 0.0341799, -2.28749, -0.03539, 2.15755, 0.743422, 0.00121148, 0.00131694, 6.19647e-05, -0.00097869, -0.000344698, 6.51781e-05, -0.000946553, -0.151031, -0.0440713, -0.171024, 0.0718232, -0.0226131, 0.168818, -0.265898, 0, 0, 0, 0, 0, 0, 0, 0.485572, -0.0155322, 0.142516, 0.486346, -0.0158237, 0.142576, 0.996195, -3.71201e-12, -0.0871557, -4.46982e-12, -1, -8.49977e-12, -0.0871557, 8.857e-12, -0.996195, 0
1.64, 2025-07-03__00-38-47.922126, -0.0474672, -0.0815163, 0.0341767, -2.28749, -0.0353896, 2.15755, 0.743424, -0.000110997, -0.000814115, -0.00132657, -0.000849941, -0.00135241, 0.000262814, -0.000670842, -0.0883545, 0.0342849, -0.107344, 0.0316976, -0.0167459, 0.162647, -0.267828, 0, 0, 0, 0, 0, 0, 0, 0.485572, -0.015534, 0.142516, 0.486346, -0.0158237, 0.142576, 0.996195, -3.71201e-12, -0.0871557, -4.46982e-12, -1, -8.49977e-12, -0.0871557, 8.857e-12, -0.996195, 0
1.65, 2025-07-03__00-38-47.932126, -0.0474719, -0.081511, 0.0341842, -2.28748, -0.0353894, 2.15755, 0.743422, -0.00195077, 3.75188e-05, 0.00138888, 0.00418105, -8.58145e-05, -0.00022656, -0.000392995, -0.107178, 0.0878807, -0.127708, -0.055608, -0.0266535, 0.152251, -0.269528, 0, 0, 0, 0, 0, 0, 0, 0.485567, -0.0155364, 0.14251, 0.486346, -0.0158237, 0.142576, 0.996195, -3.71201e-12, -0.0871557, -4.46982e-12, -1, -8.49977e-12, -0.0871557, 8.857e-12, -0.996195, 0
1.66, 2025-07-03__00-38-47.942127, -0.047464, -0.0815082, 0.0341844, -2.28748, -0.0353887, 2.15755, 0.74342, 0.00120186, 0.000572602, 0.00137705, 0.00112537, 0.00398919, -4.34138e-05, -0.000741942, -0.180748, 0.0199314, -0.201479, 0.0141146, -0.0508775, 0.161254, -0.267312, 0, 0, 0, 0, 0, 0, 0, 0.485566, -0.0155384, 0.14251, 0.486346, -0.0158237, 0.142576, 0.996195, -3.71201e-12, -0.0871557, -4.46982e-12, -1, -8.49977e-12, -0.0871557, 8.857e-12, -0.996195, 0
1.67, 2025-07-03__00-38-47.952127, -0.0474681, -0.0815029, 0.0341852, -2.28749, -0.03539, 2.15754, 0.743428, -0.00108297, 0.000803167, 0.000750428, 1.13288e-05, -0.000166745, 8.76393e-05, 0.000842262, -0.113741, -0.0132572, -0.134144, 0.044339, -0.0243079, 0.165544, -0.277207, 0, 0, 0, 0, 0, 0, 0, 0.485561, -0.0155364, 0.142505, 0.486346, -0.0158237, 0.142576, 0.996195, -3.71201e-12, -0.0871557, -4.46982e-12, -1, -8.49977e-12, -0.0871557, 8.857e-12, -0.996195, 0
1.68, 2025-07-03__00-38-47.962127, -0.0474646, -0.0815028, 0.0341824, -2.28749, -0.03539, 2.15754, 0.743425, -0.00056703, -0.000773824, -0.000422165, 0.000156671, -0.000271043, -6.08579e-05, 0.000955161, -0.0999941, 0.0445988, -0.119572, 0.0152552, -0.0240064, 0.1628, -0.277782, 0, 0, 0, 0, 0, 0, 0, 0.485561, -0.0155348, 0.142504, 0.486346, -0.0158237, 0.142576, 0.996195, -3.71201e-12, -0.0871557, -4.46982e-12, -1, -8.49977e-12, -0.0871557, 8.857e-12, -0.996195, 0
1.69, 2025-07-03__00-38-47.972126, -0.0474652, -0.0815026, 0.0341799, -2.28749, -0.0353894, 2.15755, 0.743423, 0.00010644, -0.000211645, -0.000718291, -0.00102614, -0.000216762, 6.40166e-05, 0.000191122, -0.107784, 0.0053585, -0.127213, 0.0480049, -0.0237434, 0.166051, -0.272984, 0, 0, 0, 0, 0, 0, 0, 0.485567, -0.0155383, 0.142511, 0.486346, -0.0158237, 0.142576, 0.996195, -3.71201e-12, -0.0871557, -4.46982e-12, -1, -8.49977e-12, -0.0871557, 8.857e-12, -0.996195, 0
1.7, 2025-07-03__00-38-47.982127, -0.0474618, -0.0815032, 0.0341771, -2.28748, -0.0353887, 2.15754, 0.743425, 0.00102035, 0.000749184, -0.00126415, 0.00154949, 0.000105894, -7.92791e-05, 3.63252e-05, -0.114974, 0.0159039, -0.13382, 0.010529, -0.0267661, 0.16159, -0.272224, 0, 0, 0, 0, 0, 0, 0, 0.485567, -0.0155381, 0.142512, 0.486346, -0.0158237, 0.142576, 0.996195, -3.71201e-12, -0.0871557, -4.46982e-12, -1, -8.49977e-12, -0.0871557, 8.857e-12, -0.996195, 0
1.71, 2025-07-03__00-38-47.992127, -0.0474644, -0.0815026, 0.0341799, -2.28749, -0.0353884, 2.15754, 0.743426, 0.000553153, -0.000775866, 0.000832472, -0.000349491, 0.000307885, -0.000135495, -0.000326689, -0.1536, 0.0377053, -0.174135, 0.0261155, -0.0274779, 0.164645, -0.269967, 0, 0, 0, 0, 0, 0, 0, 0.485562, -0.0155381, 0.142507, 0.486346, -0.0158237, 0.142576, 0.996195, -3.71201e-12, -0.0871557, -4.46982e-12, -1, -8.49977e-12, -0.0871557, 8.857e-12, -0.996195, 0
1.72, 2025-07-03__00-38-48.002127, -0.0474629, -0.0815131, 0.0341799, -2.28749, -0.0353894, 2.15755, 0.743421, 0.000602218, -0.000225283, -0.000599769, 0.000106709, -5.00222e-05, 0.000162774, -0.000408508, -0.122137, 0.0292532, -0.141581, 0.0228913, -0.0252271, 0.161612, -0.269263, 0, 0, 0, 0, 0, 0, 0, 0.485563, -0.0155361, 0.14251, 0.486346, -0.0158237, 0.142576, 0.996195, -3.71201e-12, -0.0871557, -4.46982e-12, -1, -8.49977e-12, -0.0871557, 8.857e-12, -0.996195, 0
1.73, 2025-07-03__00-38-48.012127, -0.0474669, -0.0815163, 0.0341824, -2.28749, -0.0353894, 2.15754, 0.743422, -0.000552012, -0.00123446, -1.65113e-05, -0.000960772, -0.000217705, 9.62462e-05, 0.00467906, -0.10952, 0.047836, -0.129443, 0.027389, -0.0242484, 0.163719, -0.300146, 0, 0, 0, 0, 0, 0, 0, 0.485568, -0.015535, 0.142514, 0.486346, -0.0158237, 0.142576, 0.996195, -3.71201e-12, -0.0871557, -4.46982e-12, -1, -8.49977e-12, -0.0871557, 8.857e-12, -0.996195, 0
1.74, 2025-07-03__00-38-48.022126, -0.0474694, -0.0815142, 0.0341845, -2.28748, -0.0353894, 2.15754, 0.743426, -0.000804895, -0.000252468, 0.000127889, 0.000303952, -0.000149617, 0.00519707, 0.000513588, -0.106758, 0.0457459, -0.126687, 0.0011051, -0.024686, 0.12668, -0.275285, 0, 0, 0, 0, 0, 0, 0, 0.485572, -0.015536, 0.142516, 0.486346, -0.0158237, 0.142576, 0.996195, -3.71201e-12, -0.0871557, -4.46982e-12, -1, -8.49977e-12, -0.0871557, 8.857e-12, -0.996195, 0
1.75, 2025-07-03__00-38-48.032126, -0.0474697, -0.0815163, 0.0341861, -2.28748, -0.03539, 2.15754, 0.743415, -0.00188285, 0.000693388, 0.00165024, 0.00478869, -0.000412505, 0.000169839, -0.00138555, -0.115127, 0.0773613, -0.135788, -0.0584305, -0.0246199, 0.149631, -0.263076, 0, 0, 0, 0, 0, 0, 0, 0.485563, -0.0155356, 0.142509, 0.486346, -0.0158237, 0.142576, 0.996195, -3.71201e-12, -0.0871557, -4.46982e-12, -1, -8.49977e-12, -0.0871557, 8.857e-12, -0.996195, 0
1.76, 2025-07-03__00-38-48.042127, -0.0474669, -0.0815131, 0.0341756, -2.28749, -0.0353887, 2.15754, 0.743422, 0.000150897, -0.000426051, -0.00237069, -0.00014474, -0.000642176, -0.000627014, 6.90878e-05, -0.0698051, 0.0285462, -0.0879606, 0.0269252, -0.0215326, 0.1683, -0.272274, 0, 0, 0, 0, 0, 0, 0, 0.485563, -0.0155401, 0.14251, 0.486346, -0.0158237, 0.142576, 0.996195, -3.71201e-12, -0.0871557, -4.46982e-12, -1, -8.49977e-12, -0.0871557, 8.857e-12, -0.996195, 0
1.77, 2025-07-03__00-38-48.052126, -0.0474674, -0.0815057, 0.0341834, -2.28749, -0.0353891, 2.15754, 0.743417, -0.000309241, 0.000958756, 0.00020869, -0.000738307, -0.000207277, 4.60393e-06, -0.00806007, -0.119315, -0.030599, -0.139375, 0.0621667, -0.0231427, 0.16886, -0.222596, 0, 0, 0, 0, 0, 0, 0, 0.485562, -0.0155367, 0.142507, 0.486346, -0.0158237, 0.142576, 0.996195, -3.71201e-12, -0.0871557, -4.46982e-12, -1, -8.49977e-12, -0.0871557, 8.857e-12, -0.996195, 0
1.78, 2025-07-03__00-38-48.062127, -0.0474693, -0.0815034, 0.0341856, -2.28749, -0.0353877, 2.15754, 0.743419, -0.000512497, 0.00101224, 0.000282983, 3.63989e-07, 0.000207249, 0.00566143, 0.00148156, -0.116345, -0.00861372, -0.136362, 0.0308005, -0.0266521, 0.127596, -0.280713, 0, 0, 0, 0, 0, 0, 0, 0.485562, -0.0155337, 0.142506, 0.486346, -0.0158237, 0.142576, 0.996195, -3.71201e-12, -0.0871557, -4.46982e-12, -1, -8.49977e-12, -0.0871557, 8.857e-12, -0.996195, 0
1.79, 2025-07-03__00-38-48.072126, -0.0474646, -0.081506, 0.0341856, -2.28748, -0.0353894, 2.15754, 0.743419, 0.000469703, -0.000394342, 0.000171579, 0.000269231, -1.44036e-06, 0.000642751, 0.00109056, -0.137543, 0.0384954, -0.157555, 0.0149263, -0.0257557, 0.157877, -0.278204, 0, 0, 0, 0, 0, 0, 0, 0.485567, -0.0155362, 0.142511, 0.486346, -0.0158237, 0.142576, 0.996195, -3.71201e-12, -0.0871557, -4.46982e-12, -1, -8.49977e-12, -0.0871557, 8.857e-12, -0.996195, 0
1.8, 2025-07-03__00-38-48.082126, -0.0474651, -0.0815064, 0.0341809, -2.28748, -0.0353877, 2.15754, 0.743417, 0.00513087, -0.000212495, -0.000452279, 0.000255909, 0.000218571, 0.00622237, -0.00121709, -0.228565, 0.0466672, -0.248259, 0.00197696, -0.0270714, 0.119478, -0.264028, 0, 0, 0, 0, 0, 0, 0, 0.485563, -0.0155326, 0.142508, 0.486346, -0.0158237, 0.142576, 0.996195, -3.71201e-12, -0.0871557, -4.46982e-12, -1, -8.49977e-12, -0.0871557, 8.857e-12, -0.996195, 0
1.81, 2025-07-03__00-38-48.092127, -0.0474623, -0.0815056, 0.0341831, -2.28749, -0.0353914, 2.15753, 0.74342, 0.00233564, 0.000189114, -0.00119619, 0.000477769, -0.000611972, -0.000123432, 0.00124814, -0.148176, 0.0176791, -0.167269, 0.0254985, -0.0218524, 0.1647, -0.279106, 0, 0, 0, 0, 0, 0, 0, 0.485563, -0.0155371, 0.14251, 0.486346, -0.0158237, 0.142576, 0.996195, -3.71201e-12, -0.0871557, -4.46982e-12, -1, -8.49977e-12, -0.0871557, 8.857e-12, -0.996195, 0
1.82, 2025-07-03__00-38-48.102127, -0.0474694, -0.0815081, 0.0341853, -2.28749, -0.0353894, 2.15753, 0.743417, -0.000875996, -0.000645189, 0.000286404, 0.000412997, -7.92529e-05, -0.000120686, -0.00116646, -0.108671, 0.0461221, -0.128717, 0.0119371, -0.0251648, 0.163298, -0.26445, 0, 0, 0, 0, 0, 0, 0, 0.485563, -0.0155361, 0.142508, 0.486346, -0.0158237, 0.142576, 0.996195, -3.71201e-12, -0.0871557, -4.46982e-12, -1, -8.49977e-12, -0.0871557, 8.857e-12, -0.996195, 0
1.83, 2025-07-03__00-38-48.112113, -0.0474721, -0.0815117, 0.0341856, -2.28748, -0.0353893, 2.15754, 0.74342, -0.00146027, -0.000751483, 0.000994468, -0.000409752, -0.000292701, 0.000306187, 0.000311569, -0.111195, 0.0403109, -0.13179, 0.0226797, -0.0236356, 0.161519, -0.273562, 0, 0, 0, 0, 0, 0, 0, 0.485563, -0.0155345, 0.142508, 0.486346, -0.0158237, 0.142576, 0.996195, -3.71201e-12, -0.0871557, -4.46982e-12, -1, -8.49977e-12, -0.0871557, 8.857e-12, -0.996195, 0
1.84, 2025-07-03__00-38-48.122111, -0.0474668, -0.081511, 0.0341884, -2.28749, -0.0353883, 2.15754, 0.743423, 0.00021469, -0.000190173, 0.00151052, -0.000455644, -0.000148038, -0.000190702, 8.0992e-05, -0.16236, 0.0181262, -0.183415, 0.0371573, -0.0244966, 0.16637, -0.272204, 0, 0, 0, 0, 0, 0, 0, 0.485562, -0.0155376, 0.142508, 0.486346, -0.0158237, 0.142576, 0.996195, -3.71201e-12, -0.0871557, -4.46982e-12, -1, -8.49977e-12, -0.0871557, 8.857e-12, -0.996195, 0
1.85, 2025-07-03__00-38-48.132113, -0.0474668, -0.0815082, 0.0341856, -2.28748, -0.0353893, 2.15753, 0.743417, -9.0517e-05, -0.000514752, -0.000124302, 0.0022674, 0.000108885, 7.3236e-05, -0.000549816, -0.117287, 0.0749941, -0.136928, -0.0260604, -0.0271925, 0.156228, -0.268241, 0, 0, 0, 0, 0, 0, 0, 0.485559, -0.0155336, 0.142506, 0.486346, -0.0158237, 0.142576, 0.996195, -3.71201e-12, -0.0871557, -4.46982e-12, -1, -8.49977e-12, -0.0871557, 8.857e-12, -0.996195, 0
1.86, 2025-07-03__00-38-48.142114, -0.0474672, -0.0815082, 0.0341912, -2.28748, -0.03539, 2.15753, 0.743418, 0.000134783, 0.000809997, 0.00239175, 0.00119799, -0.00020119, -0.000157991, -0.00125832, -0.180093, 0.0112339, -0.201656, 0.019428, -0.0245126, 0.163641, -0.263762, 0, 0, 0, 0, 0, 0, 0, 0.485558, -0.0155357, 0.142506, 0.486346, -0.0158237, 0.142576, 0.996195, -3.71201e-12, -0.0871557, -4.46982e-12, -1, -8.49977e-12, -0.0871557, 8.857e-12, -0.996195, 0
1.87, 2025-07-03__00-38-48.152116, -0.0474673, -0.0815064, 0.0341833, -2.28748, -0.0353862, 2.15753, 0.743414, -8.81503e-05, -4.84361e-05, -0.000116232, 0.00215202, -0.000140092, 0.000330489, -0.00100457, -0.116632, 0.056264, -0.136242, -0.0162923, -0.0256351, 0.155857, -0.265299, 0, 0, 0, 0, 0, 0, 0, 0.485558, -0.0155364, 0.142506, 0.486346, -0.0158237, 0.142576, 0.996195, -3.71201e-12, -0.0871557, -4.46982e-12, -1, -8.49977e-12, -0.0871557, 8.857e-12, -0.996195, 0
1.88, 2025-07-03__00-38-48.162115, -0.0474619, -0.081511, 0.0341891, -2.28749, -0.0353875, 2.15753, 0.743413, 0.00158181, -0.000321583, 0.00104517, -0.000926777, -0.000645333, -9.93016e-05, -0.00165421, -0.184372, 0.0154166, -0.205162, 0.044954, -0.0211467, 0.16751, -0.261015, 0, 0, 0, 0, 0, 0, 0, 0.485565, -0.0155382, 0.142513, 0.486346, -0.0158237, 0.142576, 0.996195, -3.71201e-12, -0.0871557, -4.46982e-12, -1, -8.49977e-12, -0.0871557, 8.857e-12, -0.996195, 0
1.89, 2025-07-03__00-38-48.172111, -0.0474674, -0.0815078, 0.0341853, -2.28749, -0.0353886, 2.15753, 0.743421, -0.000624347, 0.00092192, -0.000705785, -0.000399699, 0.000171084, -3.72998e-05, 0.000633652, -0.0912839, -0.0237936, -0.110635, 0.0540545, -0.0262876, 0.168614, -0.275605, 0, 0, 0, 0, 0, 0, 0, 0.485568, -0.015533, 0.142514, 0.486346, -0.0158237, 0.142576, 0.996195, -3.71201e-12, -0.0871557, -4.46982e-12, -1, -8.49977e-12, -0.0871557, 8.857e-12, -0.996195, 0
1.9, 2025-07-03__00-38-48.182110, -0.0474679, -0.0815084, 0.0341865, -2.28749, -0.0353868, 2.15753, 0.743416, -0.000826842, 0.000904205, 0.000812116, -0.000109493, -0.000208446, -0.000274526, 1.9485e-05, -0.121314, -0.0177194, -0.141729, 0.0490759, -0.0240895, 0.169182, -0.271502, 0, 0, 0, 0, 0, 0, 0, 0.485559, -0.0155354, 0.142507, 0.486346, -0.0158237, 0.142576, 0.996195, -3.71201e-12, -0.0871557, -4.46982e-12, -1, -8.49977e-12, -0.0871557, 8.857e-12, -0.996195, 0
1.91, 2025-07-03__00-38-48.192112, -0.0474673, -0.0815101, 0.0341906, -2.28749, -0.0353888, 2.15753, 0.74342, -0.000227718, -0.000145077, 0.00131272, -0.000640933, -0.000351273, -0.000379256, 0.00143512, -0.148108, 0.0120137, -0.169023, 0.0425956, -0.0231844, 0.169071, -0.280236, 0, 0, 0, 0, 0, 0, 0, 0.485559, -0.0155331, 0.142507, 0.486346, -0.0158237, 0.142576, 0.996195, -3.71201e-12, -0.0871557, -4.46982e-12, -1, -8.49977e-12, -0.0871557, 8.857e-12, -0.996195, 0
1.92, 2025-07-03__00-38-48.202109, -0.0474665, -0.081511, 0.0341862, -2.28748, -0.0353849, 2.15753, 0.743418, 0.000299054, 0.000183116, -0.000567989, 0.000390263, 0.000324522, -0.000448179, 0.00132238, -0.116053, 0.0185462, -0.13547, 0.0245345, -0.0280403, 0.166948, -0.279605, 0, 0, 0, 0, 0, 0, 0, 0.485565, -0.0155345, 0.142513, 0.486346, -0.0158237, 0.142576, 0.996195, -3.71201e-12, -0.0871557, -4.46982e-12, -1, -8.49977e-12, -0.0871557, 8.857e-12, -0.996195, 0
1.93, 2025-07-03__00-38-48.212112, -0.0474651, -0.0815108, 0.0341888, -2.28749, -0.0353882, 2.15753, 0.743415, 0.000239532, 0.00032451, -0.000620581, 2.0205e-05, -0.000141746, -0.000167269, -6.7492e-05, -0.114508, 0.00597972, -0.133952, 0.0358228, -0.0245916, 0.166784, -0.270963, 0, 0, 0, 0, 0, 0, 0, 0.485564, -0.0155324, 0.142511, 0.486346, -0.0158237, 0.142576, 0.996195, -3.71201e-12, -0.0871557, -4.46982e-12, -1, -8.49977e-12, -0.0871557, 8.857e-12, -0.996195, 0
1.94, 2025-07-03__00-38-48.222110, -0.0474619, -0.0815102, 0.0341916, -2.28748, -0.0353852, 2.15753, 0.743418, 0.00143234, -0.000856522, 0.000816927, 0.000911307, 4.47377e-05, 0.000138645, -0.00062248, -0.176283, 0.0671205, -0.196788, -0.00423512, -0.0265787, 0.158857, -0.267704, 0, 0, 0, 0, 0, 0, 0, 0.485564, -0.0155335, 0.142511, 0.486346, -0.0158237, 0.142576, 0.996195, -3.71201e-12, -0.0871557, -4.46982e-12, -1, -8.49977e-12, -0.0871557, 8.857e-12, -0.996195, 0
1.95, 2025-07-03__00-38-48.232112, -0.0474675, -0.0815084, 0.0341888, -2.28748, -0.0353855, 2.15753, 0.743422, -0.00200683, 0.000643912, -0.000567931, -0.00165105, 0.000329348, 0.00030311, 0.000709484, -0.0643223, -0.0330219, -0.0838037, 0.0712079, -0.0269743, 0.169304, -0.276204, 0, 0, 0, 0, 0, 0, 0, 0.485564, -0.0155335, 0.142512, 0.486346, -0.0158237, 0.142576, 0.996195, -3.71201e-12, -0.0871557, -4.46982e-12, -1, -8.49977e-12, -0.0871557, 8.857e-12, -0.996195, 0
1.96, 2025-07-03__00-38-48.242115, -0.0474694, -0.0815004, 0.0341863, -2.28749, -0.0353867, 2.15753, 0.743418, -0.000711389, 0.00204428, -0.000489111, -0.000849535, -0.000409185, 0.000345021, -0.000399337, -0.0933602, -0.0732453, -0.112876, 0.0823487, -0.0222721, 0.169923, -0.269105, 0, 0, 0, 0, 0, 0, 0, 0.485564, -0.0155353, 0.142511, 0.486346, -0.0158237, 0.142576, 0.996195, -3.71201e-12, -0.0871557, -4.46982e-12, -1, -8.49977e-12, -0.0871557, 8.857e-12, -0.996195, 0
1.97, 2025-07-03__00-38-48.252110, -0.0474644, -0.0815101, 0.0341863, -2.28749, -0.035388, 2.15753, 0.74342, 0.000156054, -0.000383971, -0.000561008, -0.000513665, 0.000389247, -0.000234944, 0.0012151, -0.114094, 0.022018, -0.133614, 0.0348074, -0.0279356, 0.167354, -0.27906, 0, 0, 0, 0, 0, 0, 0, 0.485564, -0.0155317, 0.142512, 0.486346, -0.0158237, 0.142576, 0.996195, -3.71201e-12, -0.0871557, -4.46982e-12, -1, -8.49977e-12, -0.0871557, 8.857e-12, -0.996195, 0
1.98, 2025-07-03__00-38-48.262111, -0.0474693, -0.081511, 0.0341863, -2.28749, -0.0353886, 2.15753, 0.743419, -0.000733326, -0.000573824, -0.000491702, -0.000627107, 0.00250231, 0.000209492, 0.0001449, -0.0947193, 0.0279293, -0.114218, 0.0313736, -0.0409987, 0.164373, -0.272714, 0, 0, 0, 0, 0, 0, 0, 0.48556, -0.0155316, 0.142509, 0.486346, -0.0158237, 0.142576, 0.996195, -3.71201e-12, -0.0871557, -4.46982e-12, -1, -8.49977e-12, -0.0871557, 8.857e-12, -0.996195, 0
1.99, 2025-07-03__00-38-48.272112, -0.0474668, -0.0815131, 0.034186, -2.28749, -0.0353843, 2.15753, 0.743413, 0.000103249, 0.00345364, -0.000749825, -0.000899055, 0.000356612, -6.40323e-05, -0.0006281, -0.105575, -0.120189, -0.124844, 0.105876, -0.0269331, 0.17561, -0.267436, 0, 0, 0, 0, 0, 0, 0, 0.485559, -0.0155325, 0.142506, 0.486346, -0.0158237, 0.142576, 0.996195, -3.71201e-12, -0.0871557, -4.46982e-12, -1, -8.49977e-12, -0.0871557, 8.857e-12, -0.996195, 0
2, 2025-07-03__00-38-48.282126, -0.047465, -0.0815085, 0.0341888, -2.28749, -0.0353876, 2.15753, 0.743418, 0.00111837, 0.000260958, 0.000805949, -0.00110008, -2.08626e-05, -0.000123486, 0.000737894, -0.167135, -0.0095742, -0.187726, 0.0582089, -0.0250382, 0.169545, -0.275859, 0, 0, 0, 0, 0, 0, 0, 0.485564, -0.0155361, 0.142512, 0.486346, -0.0158237, 0.142576, 0.996195, -3.71201e-12, -0.0871557, -4.46982e-12, -1, -8.49977e-12, -0.0871557, 8.857e-12, -0.996195, 0
2.01, 2025-07-03__00-38-48.292126, -0.0474644, -0.0815107, 0.0341835, -2.28748, -0.0353894, 2.15753, 0.743413, 0.00042288, -0.000173163, -0.0010332, 0.000296072, -0.000252587, 6.72086e-05, -0.00066714, -0.108566, 0.0302764, -0.127672, 0.0191528, -0.0240265, 0.162997, -0.267241, 0, 0, 0, 0, 0, 0, 0, 0.485564, -0.0155352, 0.142513, 0.486346, -0.0158237, 0.142576, 0.996195, -3.71201e-12, -0.0871557, -4.46982e-12, -1, -8.49977e-12, -0.0871557, 8.857e-12, -0.996195, 0
2.02, 2025-07-03__00-38-48.302117, -0.0474653, -0.0815085, 0.0341889, -2.28749, -0.0353876, 2.15753, 0.743419, 0.00043392, 0.000496891, 0.000519908, -0.000805974, -2.59881e-07, 2.73824e-05, 0.00388549, -0.144666, -0.0133603, -0.164991, 0.055423, -0.0254283, 0.168149, -0.295058, 0, 0, 0, 0, 0, 0, 0, 0.48556, -0.0155344, 0.142509, 0.486346, -0.0158237, 0.142576, 0.996195, -3.71201e-12, -0.0871557, -4.46982e-12, -1, -8.49977e-12, -0.0871557, 8.857e-12, -0.996195, 0
2.03, 2025-07-03__00-38-48.312115, -0.0474644, -0.0815063, 0.0341895, -2.28748, -0.0353885, 2.15753, 0.743416, 0.00671093, 9.3204e-05, 0.000839324, 0.00114338, -0.000124592, 0.000377969, -0.00158492, -0.294836, 0.0398354, -0.315549, 0.00819621, -0.0253473, 0.158071, -0.261427, 0, 0, 0, 0, 0, 0, 0, 0.485564, -0.0155348, 0.14251, 0.486346, -0.0158237, 0.142576, 0.996195, -3.71201e-12, -0.0871557, -4.46982e-12, -1, -8.49977e-12, -0.0871557, 8.857e-12, -0.996195, 0
2.04, 2025-07-03__00-38-48.322113, -0.047465, -0.081511, 0.034189, -2.28749, -0.0353876, 2.15753, 0.743418, 0.00411108, 9.7348e-05, 0.000315088, -0.00121899, 0.000201931, -0.000303877, 0.000608386, -0.224074, -0.00345922, -0.244446, 0.05844, -0.0265002, 0.170478, -0.274953, 0, 0, 0, 0, 0, 0, 0, 0.485565, -0.0155342, 0.142513, 0.486346, -0.0158237, 0.142576, 0.996195, -3.71201e-12, -0.0871557, -4.46982e-12, -1, -8.49977e-12, -0.0871557, 8.857e-12, -0.996195, 0
2.05, 2025-07-03__00-38-48.332115, -0.0474676, -0.0815138, 0.0341919, -2.28748, -0.0353847, 2.15753, 0.743412, -0.000525868, -0.000868283, 0.000611353, 0.000863127, 8.61203e-05, 8.98103e-05, -0.00106184, -0.126033, 0.0663638, -0.14629, -0.00442645, -0.026738, 0.159493, -0.264817, 0, 0, 0, 0, 0, 0, 0, 0.48556, -0.0155333, 0.142509, 0.486346, -0.0158237, 0.142576, 0.996195, -3.71201e-12, -0.0871557, -4.46982e-12, -1, -8.49977e-12, -0.0871557, 8.857e-12, -0.996195, 0
2.06, 2025-07-03__00-38-48.342114, -0.0474626, -0.0815057, 0.0341889, -2.28748, -0.035385, 2.15753, 0.743418, 0.00087366, 0.000160048, 9.55644e-05, 2.45071e-07, -1.24374e-05, -0.000148348, 0.000655188, -0.145796, 0.0124319, -0.165773, 0.0325103, -0.0257318, 0.166003, -0.275462, 0, 0, 0, 0, 0, 0, 0, 0.485564, -0.0155309, 0.14251, 0.486346, -0.0158237, 0.142576, 0.996195, -3.71201e-12, -0.0871557, -4.46982e-12, -1, -8.49977e-12, -0.0871557, 8.857e-12, -0.996195, 0
2.07, 2025-07-03__00-38-48.352110, -0.0474651, -0.0815055, 0.0341863, -2.28749, -0.0353878, 2.15753, 0.743419, 0.000929175, 0.00139945, -0.000679814, -0.0014874, 7.76927e-06, -4.13293e-05, 0.00111499, -0.127735, -0.0587976, -0.14723, 0.0848773, -0.0248359, 0.172844, -0.278275, 0, 0, 0, 0, 0, 0, 0, 0.485564, -0.0155345, 0.142511, 0.486346, -0.0158237, 0.142576, 0.996195, -3.71201e-12, -0.0871557, -4.46982e-12, -1, -8.49977e-12, -0.0871557, 8.857e-12, -0.996195, 0
2.08, 2025-07-03__00-38-48.362114, -0.047465, -0.0815064, 0.0341896, -2.28749, -0.0353846, 2.15753, 0.74342, 0.000995395, 0.000295381, 0.000410933, 0.000385655, -1.42586e-05, 0.000317226, 0.00117735, -0.155202, 0.0139457, -0.175399, 0.0275694, -0.0258884, 0.162143, -0.278728, 0, 0, 0, 0, 0, 0, 0, 0.485559, -0.0155306, 0.142507, 0.486346, -0.0158237, 0.142576, 0.996195, -3.71201e-12, -0.0871557, -4.46982e-12, -1, -8.49977e-12, -0.0871557, 8.857e-12, -0.996195, 0
2.09, 2025-07-03__00-38-48.372113, -0.0474628, -0.0815078, 0.0341919, -2.28748, -0.0353853, 2.15753, 0.743411, 0.000708773, 0.000194923, 0.00101015, 0.000209477, -0.000430996, 0.000110532, -0.00120273, -0.163558, 0.0164465, -0.184184, 0.0281854, -0.0230226, 0.163567, -0.263735, 0, 0, 0, 0, 0, 0, 0, 0.485563, -0.0155325, 0.142509, 0.486346, -0.0158237, 0.142576, 0.996195, -3.71201e-12, -0.0871557, -4.46982e-12, -1, -8.49977e-12, -0.0871557, 8.857e-12, -0.996195, 0
2.1, 2025-07-03__00-38-48.382113, -0.0474666, -0.0815085, 0.0341898, -2.28748, -0.0353843, 2.15753, 0.743417, 0.000487463, 0.000728611, -0.000140033, 5.60993e-05, 6.3516e-05, 5.28268e-05, 0.000787094, -0.130608, -0.00593135, -0.150377, 0.0396275, -0.0261598, 0.165679, -0.276242, 0, 0, 0, 0, 0, 0, 0, 0.485565, -0.0155332, 0.142513, 0.486346, -0.0158237, 0.142576, 0.996195, -3.71201e-12, -0.0871557, -4.46982e-12, -1, -8.49977e-12, -0.0871557, 8.857e-12, -0.996195, 0
2.11, 2025-07-03__00-38-48.392115, -0.0474653, -0.081511, 0.0341891, -2.28749, -0.0353847, 2.15753, 0.743417, 0.000220109, -0.000497288, -8.32406e-05, -0.000433371, -0.000181964, 0.000100588, 0.000624147, -0.126973, 0.0287396, -0.146845, 0.0305114, -0.0245608, 0.164479, -0.275257, 0, 0, 0, 0, 0, 0, 0, 0.485559, -0.01553, 0.142507, 0.486346, -0.0158237, 0.142576, 0.996195, -3.71201e-12, -0.0871557, -4.46982e-12, -1, -8.49977e-12, -0.0871557, 8.857e-12, -0.996195, 0
2.12, 2025-07-03__00-38-48.402115, -0.0474647, -0.0815108, 0.0341912, -2.28749, -0.0353847, 2.15753, 0.743412, -0.000206691, -8.38724e-05, 0.000451718, -0.000716414, -0.000243305, 0.00012823, -0.0010191, -0.129941, 0.00929101, -0.150192, 0.0432547, -0.0238419, 0.166069, -0.264982, 0, 0, 0, 0, 0, 0, 0, 0.485559, -0.0155305, 0.142508, 0.486346, -0.0158237, 0.142576, 0.996195, -3.71201e-12, -0.0871557, -4.46982e-12, -1, -8.49977e-12, -0.0871557, 8.857e-12, -0.996195, 0
2.13, 2025-07-03__00-38-48.412114, -0.0474669, -0.0815088, 0.034194, -2.28749, -0.0353864, 2.15753, 0.743414, -0.000194917, -0.000239421, 0.00100144, -0.000347422, -0.000299963, 0.000191612, -0.00111553, -0.142852, 0.0208444, -0.16352, 0.0335223, -0.0235706, 0.164156, -0.264485, 0, 0, 0, 0, 0, 0, 0, 0.48556, -0.0155315, 0.142509, 0.486346, -0.0158237, 0.142576, 0.996195, -3.71201e-12, -0.0871557, -4.46982e-12, -1, -8.49977e-12, -0.0871557, 8.857e-12, -0.996195, 0
2.14, 2025-07-03__00-38-48.422115, -0.0474666, -0.0815137, 0.0341887, -2.28749, -0.0353839, 2.15753, 0.743418, -0.000528494, -0.000948127, -0.00121698, -0.000705583, 7.0872e-05, 0.000108009, 0.000227248, -0.0842571, 0.0399388, -0.103298, 0.0273887, -0.0261034, 0.164449, -0.273042, 0, 0, 0, 0, 0, 0, 0, 0.48556, -0.0155277, 0.142509, 0.486346, -0.0158237, 0.142576, 0.996195, -3.71201e-12, -0.0871557, -4.46982e-12, -1, -8.49977e-12, -0.0871557, 8.857e-12, -0.996195, 0
2.15, 2025-07-03__00-38-48.432118, -0.0474651, -0.0815117, 0.0341919, -2.28748, -0.035385, 2.15753, 0.743416, 0.000169056, -0.00109655, 0.000335167, 0.00109846, 0.000160829, -5.33093e-05, 0.000456796, -0.136075, 0.0777427, -0.156161, -0.0122164, -0.0274655, 0.159231, -0.27424, 0, 0, 0, 0, 0, 0, 0, 0.485559, -0.0155319, 0.142507, 0.486346, -0.0158237, 0.142576, 0.996195, -3.71201e-12, -0.0871557, -4.46982e-12, -1, -8.49977e-12, -0.0871557, 8.857e-12, -0.996195, 0
2.16, 2025-07-03__00-38-48.442114, -0.0474629, -0.0815079, 0.0341898, -2.28749, -0.0353889, 2.15753, 0.743413, 0.00156656, 0.000170464, 9.04907e-05, 0.000266243, -7.28283e-05, 0.000387952, 0.000293405, -0.161587, 0.0172315, -0.181587, 0.0275324, -0.0251671, 0.161709, -0.272937, 0, 0, 0, 0, 0, 0, 0, 0.48556, -0.0155326, 0.142508, 0.486346, -0.0158237, 0.142576, 0.996195, -3.71201e-12, -0.0871557, -4.46982e-12, -1, -8.49977e-12, -0.0871557, 8.857e-12, -0.996195, 0
2.17, 2025-07-03__00-38-48.452113, -0.0474681, -0.08151, 0.0341895, -2.28748, -0.0353846, 2.15753, 0.743411, 0.000149997, 0.000585412, 0.000304077, 8.03184e-05, 0.000223486, 0.000175955, 0.00173686, -0.132719, 0.000500571, -0.152768, 0.0360705, -0.0272135, 0.164391, -0.281658, 0, 0, 0, 0, 0, 0, 0, 0.485564, -0.0155333, 0.142512, 0.486346, -0.0158237, 0.142576, 0.996195, -3.71201e-12, -0.0871557, -4.46982e-12, -1, -8.49977e-12, -0.0871557, 8.857e-12, -0.996195, 0
2.18, 2025-07-03__00-38-48.462113, -0.0474594, -0.081511, 0.0341895, -2.28749, -0.0353839, 2.15753, 0.743418, 0.00172631, -0.000560536, -0.00027922, -0.000784956, 0.000208827, -2.9286e-05, 0.00075516, -0.158235, 0.0258459, -0.178042, 0.0370836, -0.026973, 0.166164, -0.276059, 0, 0, 0, 0, 0, 0, 0, 0.485564, -0.0155319, 0.142512, 0.486346, -0.0158237, 0.142576, 0.996195, -3.71201e-12, -0.0871557, -4.46982e-12, -1, -8.49977e-12, -0.0871557, 8.857e-12, -0.996195, 0
2.19, 2025-07-03__00-38-48.472112, -0.047468, -0.0815055, 0.0341895, -2.28748, -0.0353871, 2.15753, 0.743419, -0.00048447, 0.00133849, 0.000105504, 0.000187579, 0.00025306, -0.000140435, 0.0013009, -0.113223, -0.0274456, -0.133121, 0.0480489, -0.0271408, 0.168057, -0.279498, 0, 0, 0, 0, 0, 0, 0, 0.485564, -0.0155326, 0.142511, 0.486346, -0.0158237, 0.142576, 0.996195, -3.71201e-12, -0.0871557, -4.46982e-12, -1, -8.49977e-12, -0.0871557, 8.857e-12, -0.996195, 0
2.2, 2025-07-03__00-38-48.482113, -0.0474665, -0.0815057, 0.034192, -2.28749, -0.0353872, 2.15753, 0.743418, 0.000344174, 0.000915634, -0.000204803, -0.000784609, 0.000380911, -0.000807905, 0.00115961, -0.12635, -0.0312947, -0.146154, 0.0647144, -0.027586, 0.174955, -0.278528, 0, 0, 0, 0, 0, 0, 0, 0.485559, -0.0155307, 0.142506, 0.486346, -0.0158237, 0.142576, 0.996195, -3.71201e-12, -0.0871557, -4.46982e-12, -1, -8.49977e-12, -0.0871557, 8.857e-12, -0.996195, 0
2.21, 2025-07-03__00-38-48.492113, -0.0474666, -0.0815107, 0.0341948, -2.28748, -0.0353853, 2.15753, 0.743414, -0.000265346, -0.00102543, 0.00117143, 0.000616078, -0.000314254, 1.87323e-06, -0.00123957, -0.145686, 0.067072, -0.166421, -0.000868865, -0.0241292, 0.160483, -0.263772, 0, 0, 0, 0, 0, 0, 0, 0.485564, -0.015529, 0.142511, 0.486346, -0.0158237, 0.142576, 0.996195, -3.71201e-12, -0.0871557, -4.46982e-12, -1, -8.49977e-12, -0.0871557, 8.857e-12, -0.996195, 0
2.22, 2025-07-03__00-38-48.502113, -0.0474666, -0.0815078, 0.0341913, -2.28749, -0.035386, 2.15753, 0.743412, 0.000106763, 0.000522735, -0.00408321, -0.000280787, -0.000372985, 0.000348866, 0.000474861, -0.0329553, -0.0087095, -0.0499034, 0.0432098, -0.0230969, 0.165001, -0.274269, 0, 0, 0, 0, 0, 0, 0, 0.485559, -0.0155329, 0.142506, 0.486346, -0.0158237, 0.142576, 0.996195, -3.71201e-12, -0.0871557, -4.46982e-12, -1, -8.49977e-12, -0.0871557, 8.857e-12, -0.996195, 0
2.23, 2025-07-03__00-38-48.512115, -0.0474666, -0.0815138, 0.0341927, -2.28749, -0.035385, 2.15753, 0.74341, -0.00226417, -0.000597592, 0.000250491, -0.00196233, -3.4409e-05, 0.000169039, -0.000771736, -0.0792558, 0.00636659, -0.0993674, 0.0586139, -0.0246458, 0.168663, -0.266483, 0, 0, 0, 0, 0, 0, 0, 0.485565, -0.0155298, 0.142514, 0.486346, -0.0158237, 0.142576, 0.996195, -3.71201e-12, -0.0871557, -4.46982e-12, -1, -8.49977e-12, -0.0871557, 8.857e-12, -0.996195, 0
2.24, 2025-07-03__00-38-48.522113, -0.0474645, -0.0815063, 0.0341945, -2.28748, -0.0353847, 2.15753, 0.743419, 0.00108352, 0.00117132, 0.00100737, 0.00133345, -1.2008e-05, 0.000349702, 0.000485663, -0.17119, 0.000798578, -0.191761, 0.0211929, -0.02612, 0.160549, -0.274458, 0, 0, 0, 0, 0, 0, 0, 0.485559, -0.0155338, 0.142509, 0.486346, -0.0158237, 0.142576, 0.996195, -3.71201e-12, -0.0871557, -4.46982e-12, -1, -8.49977e-12, -0.0871557, 8.857e-12, -0.996195, 0
2.25, 2025-07-03__00-38-48.532114, -0.0474697, -0.0815057, 0.0341952, -2.28748, -0.035385, 2.15753, 0.743409, -0.00134358, 0.00124248, 0.000481864, 0.000194857, 0.00026539, 8.91549e-06, -0.00164523, -0.103469, -0.0238625, -0.123605, 0.0458034, -0.0270947, 0.166917, -0.261104, 0, 0, 0, 0, 0, 0, 0, 0.485564, -0.0155296, 0.142512, 0.486346, -0.0158237, 0.142576, 0.996195, -3.71201e-12, -0.0871557, -4.46982e-12, -1, -8.49977e-12, -0.0871557, 8.857e-12, -0.996195, 0
2.26, 2025-07-03__00-38-48.542113, -0.0474644, -0.0815102, 0.0341952, -2.28748, -0.0353853, 2.15753, 0.743412, 0.000940453, -0.000214464, 3.46752e-05, 0.00107809, -0.000158743, 0.000166055, -8.10551e-05, -0.147088, 0.0461333, -0.166986, 0.00280919, -0.0252438, 0.159661, -0.270686, 0, 0, 0, 0, 0, 0, 0, 0.485559, -0.0155313, 0.142506, 0.486346, -0.0158237, 0.142576, 0.996195, -3.71201e-12, -0.0871557, -4.46982e-12, -1, -8.49977e-12, -0.0871557, 8.857e-12, -0.996195, 0
2.27, 2025-07-03__00-38-48.552111, -0.0474644, -0.0815109, 0.0341919, -2.28749, -0.0353834, 2.15753, 0.743409, -0.000104889, 0.000263235, -0.000177961, -0.000732075, 0.000440081, -0.000215045, -0.00133269, -0.117941, -0.00432002, -0.137705, 0.0499803, -0.0280961, 0.169303, -0.262975, 0, 0, 0, 0, 0, 0, 0, 0.485565, -0.0155323, 0.142514, 0.486346, -0.0158237, 0.142576, 0.996195, -3.71201e-12, -0.0871557, -4.46982e-12, -1, -8.49977e-12, -0.0871557, 8.857e-12, -0.996195, 0
2.28, 2025-07-03__00-38-48.562111, -0.0474705, -0.0815085, 0.0341952, -2.28748, -0.0353853, 2.15753, 0.743417, -0.0024497, 0.000592268, -0.000290672, -0.000244509, -0.000100321, 2.94608e-05, 0.000289411, -0.061068, -0.00833088, -0.0806766, 0.0428885, -0.0248443, 0.166806, -0.273376, 0, 0, 0, 0, 0, 0, 0, 0.485564, -0.0155301, 0.142512, 0.486346, -0.0158237, 0.142576, 0.996195, -3.71201e-12, -0.0871557, -4.46982e-12, -1, -8.49977e-12, -0.0871557, 8.857e-12, -0.996195, 0
2.29, 2025-07-03__00-38-48.572110, -0.047464, -0.0815084, 0.0341952, -2.28749, -0.0353839, 2.15753, 0.74341, 0.00103927, 0.000146397, 4.01177e-06, 4.53646e-05, 0.000104859, 0.00017503, -0.00133772, -0.148792, 0.0137148, -0.168724, 0.0319844, -0.0263434, 0.163893, -0.262936, 0, 0, 0, 0, 0, 0, 0, 0.485559, -0.0155313, 0.142508, 0.486346, -0.0158237, 0.142576, 0.996195, -3.71201e-12, -0.0871557, -4.46982e-12, -1, -8.49977e-12, -0.0871557, 8.857e-12, -0.996195, 0
2.3, 2025-07-03__00-38-48.582113, -0.0474641, -0.0815107, 0.0341927, -2.28749, -0.0353851, 2.15753, 0.743414, -0.000342061, 0.000211396, -0.000550632, 2.42335e-05, -4.51638e-05, 0.000278823, 0.00131147, -0.104079, 0.0107341, -0.123549, 0.0323166, -0.0254591, 0.163479, -0.279319, 0, 0, 0, 0, 0, 0, 0, 0.48556, -0.0155288, 0.14251, 0.486346, -0.0158237, 0.142576, 0.996195, -3.71201e-12, -0.0871557, -4.46982e-12, -1, -8.49977e-12, -0.0871557, 8.857e-12, -0.996195, 0
2.31, 2025-07-03__00-38-48.592114, -0.0474672, -0.0815025, 0.0341927, -2.28749, -0.0353856, 2.15753, 0.743411, -0.00095746, 0.00192841, -0.00118829, -0.000508121, -9.85238e-05, -9.3827e-05, -0.000534749, -0.07385, -0.0641459, -0.0928308, 0.074122, -0.0244089, 0.171716, -0.267954, 0, 0, 0, 0, 0, 0, 0, 0.485559, -0.0155266, 0.142506, 0.486346, -0.0158237, 0.142576, 0.996195, -3.71201e-12, -0.0871557, -4.46982e-12, -1, -8.49977e-12, -0.0871557, 8.857e-12, -0.996195, 0
2.32, 2025-07-03__00-38-48.602113, -0.0474644, -0.0815082, 0.0341952, -2.28748, -0.0353846, 2.15753, 0.743415, 0.000388696, 0.000378685, 0.00182601, 0.00116867, 7.55282e-06, -2.27443e-05, 0.00182401, -0.174714, 0.0263406, -0.195864, 0.0120996, -0.026395, 0.161831, -0.282328, 0, 0, 0, 0, 0, 0, 0, 0.485565, -0.0155288, 0.142512, 0.486346, -0.0158237, 0.142576, 0.996195, -3.71201e-12, -0.0871557, -4.46982e-12, -1, -8.49977e-12, -0.0871557, 8.857e-12, -0.996195, 0
2.33, 2025-07-03__00-38-48.612111, -0.0474673, -0.0815163, 0.0341952, -2.28748, -0.0353839, 2.15753, 0.743418, 0.000757544, 0.0011525, -0.000497205, 6.328e-05, -0.000333232, 0.000220941, 0.000560482, -0.129466, -0.0179015, -0.149019, 0.044905, -0.0236247, 0.165243, -0.274909, 0, 0, 0, 0, 0, 0, 0, 0.485564, -0.0155313, 0.142512, 0.486346, -0.0158237, 0.142576, 0.996195, -3.71201e-12, -0.0871557, -4.46982e-12, -1, -8.49977e-12, -0.0871557, 8.857e-12, -0.996195, 0
2.34, 2025-07-03__00-38-48.622124, -0.047462, -0.0815107, 0.0341979, -2.28748, -0.0353853, 2.15753, 0.743411, 0.000973539, -0.000223688, 0.00134498, 0.000259076, 0.000789538, -0.00037199, -0.000996864, -0.179002, 0.0329133, -0.199897, 0.0208093, -0.0307918, 0.165727, -0.26503, 0, 0, 0, 0, 0, 0, 0, 0.485565, -0.0155266, 0.142513, 0.486346, -0.0158237, 0.142576, 0.996195, -3.71201e-12, -0.0871557, -4.46982e-12, -1, -8.49977e-12, -0.0871557, 8.857e-12, -0.996195, 0
2.35, 2025-07-03__00-38-48.632124, -0.0474675, -0.0815131, 0.0341979, -2.28749, -0.035385, 2.15753, 0.743416, -0.000760383, -0.00148933, 0.00176318, -0.00128831, -2.67073e-05, 0.000120379, 0.000987197, -0.149085, 0.0513366, -0.170385, 0.0310318, -0.0253417, 0.16467, -0.27735, 0, 0, 0, 0, 0, 0, 0, 0.485558, -0.0155306, 0.142505, 0.486346, -0.0158237, 0.142576, 0.996195, -3.71201e-12, -0.0871557, -4.46982e-12, -1, -8.49977e-12, -0.0871557, 8.857e-12, -0.996195, 0
2.36, 2025-07-03__00-38-48.642117, -0.0474679, -0.0815085, 0.0341952, -2.28749, -0.0353839, 2.15753, 0.743409, -0.000518258, 0.000461432, -0.000104301, -0.00192697, 0.000171298, 0.000117772, -0.000579128, -0.110283, -0.0318305, -0.130191, 0.0768895, -0.0258763, 0.171145, -0.26751, 0, 0, 0, 0, 0, 0, 0, 0.485564, -0.0155297, 0.142512, 0.486346, -0.0158237, 0.142576, 0.996195, -3.71201e-12, -0.0871557, -4.46982e-12, -1, -8.49977e-12, -0.0871557, 8.857e-12, -0.996195, 0
2.37, 2025-07-03__00-38-48.652112, -0.0474629, -0.081511, 0.0341959, -2.28749, -0.0353847, 2.15753, 0.743417, 0.00145287, -6.82086e-05, -0.000121244, -0.000642408, -0.00288995, -0.000116454, 0.000549936, -0.15581, 0.00985563, -0.175822, 0.0440164, -0.00748054, 0.167341, -0.274544, 0, 0, 0, 0, 0, 0, 0, 0.485565, -0.0155281, 0.142514, 0.486346, -0.0158237, 0.142576, 0.996195, -3.71201e-12, -0.0871557, -4.46982e-12, -1, -8.49977e-12, -0.0871557, 8.857e-12, -0.996195, 0
2.38, 2025-07-03__00-38-48.662114, -0.0474675, -0.0815107, 0.0341927, -2.28749, -0.0353878, 2.15753, 0.743408, 0.000477639, -0.000185028, -0.000771464, -0.000483783, -0.000184858, 0.000249201, -0.00149348, -0.11743, 0.0166049, -0.136825, 0.0362995, -0.0241055, 0.164381, -0.261911, 0, 0, 0, 0, 0, 0, 0, 0.485564, -0.0155313, 0.142511, 0.486346, -0.0158237, 0.142576, 0.996195, -3.71201e-12, -0.0871557, -4.46982e-12, -1, -8.49977e-12, -0.0871557, 8.857e-12, -0.996195, 0
2.39, 2025-07-03__00-38-48.672112, -0.0474672, -0.0815138, 0.0341927, -2.28749, -0.0353868, 2.15753, 0.743414, -0.000500636, -0.00131883, -0.000825192, -0.000410678, -0.00948614, 9.90422e-05, 0.000800713, -0.0944156, 0.0567234, -0.113991, 0.019343, 0.0336494, 0.162559, -0.275619, 0, 0, 0, 0, 0, 0, 0, 0.485559, -0.0155279, 0.142507, 0.486346, -0.0158237, 0.142576, 0.996195, -3.71201e-12, -0.0871557, -4.46982e-12, -1, -8.49977e-12, -0.0871557, 8.857e-12, -0.996195, 0
2.4, 2025-07-03__00-38-48.682115, -0.0474665, -0.0815088, 0.0341899, -2.28749, -0.0353833, 2.15753, 0.743408, -0.00614886, -0.0003895, -0.00116938, -0.00129778, 0.000832706, -7.04819e-05, -0.00177459, 0.0420365, 0.00417454, 0.0232136, 0.0485985, -0.0301911, 0.169462, -0.260662, 0, 0, 0, 0, 0, 0, 0, 0.485559, -0.0155297, 0.142507, 0.486346, -0.0158237, 0.142576, 0.996195, -3.71201e-12, -0.0871557, -4.46982e-12, -1, -8.49977e-12, -0.0871557, 8.857e-12, -0.996195, 0
2.41, 2025-07-03__00-38-48.692115, -0.0474694, -0.0815103, 0.0341909, -2.28749, -0.0353839, 2.15753, 0.743411, 0.000395498, 9.18608e-05, -0.0022867, -0.000397594, 0.000135831, 9.31246e-05, -0.0006918, -0.0800149, 0.00659582, -0.09827, 0.0391005, -0.026377, 0.165959, -0.267069, 0, 0, 0, 0, 0, 0, 0, 0.485559, -0.0155243, 0.142508, 0.486346, -0.0158237, 0.142576, 0.996195, -3.71201e-12, -0.0871557, -4.46982e-12, -1, -8.49977e-12, -0.0871557, 8.857e-12, -0.996195, 0
2.42, 2025-07-03__00-38-48.702113, -0.0474672, -0.0815035, 0.0341983, -2.28748, -0.0353853, 2.15753, 0.743409, -0.000851466, 0.00137164, 0.000296098, 0.000984855, 0.00680767, -8.64991e-05, -0.00126672, -0.111585, -0.0147845, -0.131413, 0.0299716, -0.0683518, 0.165575, -0.26384, 0, 0, 0, 0, 0, 0, 0, 0.485565, -0.0155272, 0.142513, 0.486346, -0.0158237, 0.142576, 0.996195, -3.71201e-12, -0.0871557, -4.46982e-12, -1, -8.49977e-12, -0.0871557, 8.857e-12, -0.996195, 0
2.43, 2025-07-03__00-38-48.712114, -0.0474644, -0.0815081, 0.0341961, -2.28748, -0.0353856, 2.15752, 0.743413, 0.000380169, 8.07792e-05, 0.000261664, 0.0003798, -0.000964135, -0.00454697, -0.00513435, -0.139399, 0.012332, -0.159539, 0.0373297, -0.019584, 0.195767, -0.239947, 0, 0, 0, 0, 0, 0, 0, 0.485564, -0.0155304, 0.142512, 0.486346, -0.0158237, 0.142576, 0.996195, -3.71201e-12, -0.0871557, -4.46982e-12, -1, -8.49977e-12, -0.0871557, 8.857e-12, -0.996195, 0
2.44, 2025-07-03__00-38-48.722113, -0.0474672, -0.081511, 0.0341983, -2.28749, -0.0353836, 2.15753, 0.743412, -0.000794179, -0.000638557, -9.22107e-05, -0.000138489, 0.000226762, -0.00020592, -2.86323e-05, -0.105481, 0.0374636, -0.125319, 0.0227494, -0.0272388, 0.165517, -0.271101, 0, 0, 0, 0, 0, 0, 0, 0.485559, -0.0155268, 0.142507, 0.486346, -0.0158237, 0.142576, 0.996195, -3.71201e-12, -0.0871557, -4.46982e-12, -1, -8.49977e-12, -0.0871557, 8.857e-12, -0.996195, 0
2.45, 2025-07-03__00-38-48.732113, -0.0474672, -0.0815101, 0.0342011, -2.28749, -0.0353892, 2.15753, 0.743411, -0.000470981, -8.86419e-05, 0.00125982, -0.000148179, -0.000459345, -0.000333699, -0.000515999, -0.143775, 0.018157, -0.164655, 0.0334968, -0.0224977, 0.167443, -0.267912, 0, 0, 0, 0, 0, 0, 0, 0.485564, -0.0155285, 0.142511, 0.486346, -0.0158237, 0.142576, 0.996195, -3.71201e-12, -0.0871557, -4.46982e-12, -1, -8.49977e-12, -0.0871557, 8.857e-12, -0.996195, 0
2.46, 2025-07-03__00-38-48.742116, -0.0474644, -0.0815084, 0.0341959, -2.28748, -0.0353829, 2.15753, 0.743414, 3.96601e-05, 0.000455594, -0.000737317, -0.00139911, 0.000410579, -0.00181025, 0.000364897, -0.109115, -0.0252475, -0.128556, 0.0698001, -0.0278282, 0.182489, -0.27352, 0, 0, 0, 0, 0, 0, 0, 0.485564, -0.0155281, 0.142512, 0.486346, -0.0158237, 0.142576, 0.996195, -3.71201e-12, -0.0871557, -4.46982e-12, -1, -8.49977e-12, -0.0871557, 8.857e-12, -0.996195, 0
2.47, 2025-07-03__00-38-48.752113, -0.0474697, -0.081511, 0.0342011, -2.28748, -0.0353853, 2.15753, 0.743414, -0.0016533, -0.000662904, 0.000652475, -0.000539566, -0.00012294, 0.000170557, 0.000687207, -0.103055, 0.0339935, -0.123457, 0.0274413, -0.0248542, 0.163779, -0.275531, 0, 0, 0, 0, 0, 0, 0, 0.485564, -0.0155261, 0.142512, 0.486346, -0.0158237, 0.142576, 0.996195, -3.71201e-12, -0.0871557, -4.46982e-12, -1, -8.49977e-12, -0.0871557, 8.857e-12, -0.996195, 0
2.48, 2025-07-03__00-38-48.762112, -0.047464, -0.0815075, 0.0341984, -2.28749, -0.0353839, 2.15753, 0.743409, 0.000386621, 9.2155e-05, -6.39141e-05, -0.0019497, 0.000348896, -0.000118085, -0.00119857, -0.133616, -0.0191714, -0.153619, 0.0722212, -0.0270334, 0.171974, -0.263717, 0, 0, 0, 0, 0, 0, 0, 0.485564, -0.0155262, 0.14251, 0.486346, -0.0158237, 0.142576, 0.996195, -3.71201e-12, -0.0871557, -4.46982e-12, -1, -8.49977e-12, -0.0871557, 8.857e-12, -0.996195, 0
2.49, 2025-07-03__00-38-48.772111, -0.0474619, -0.0815128, 0.0341958, -2.28749, -0.0353846, 2.15753, 0.743416, 0.00074649, -0.00151018, -0.00183822, 0.000134415, 0.000158777, 5.72127e-05, 0.00155662, -0.101873, 0.0742003, -0.120511, 0.00134652, -0.027175, 0.160935, -0.280984, 0, 0, 0, 0, 0, 0, 0, 0.485559, -0.0155285, 0.142506, 0.486346, -0.0158237, 0.142576, 0.996195, -3.71201e-12, -0.0871557, -4.46982e-12, -1, -8.49977e-12, -0.0871557, 8.857e-12, -0.996195, 0
2.5, 2025-07-03__00-38-48.782113, -0.0474668, -0.0815063, 0.034199, -2.28748, -0.0353846, 2.15753, 0.743408, -0.000981181, 0.000428707, -0.000151588, 0.00081386, -7.78965e-06, -0.000437014, -0.00152761, -0.0991872, 0.0146016, -0.118885, 0.0209247, -0.0258321, 0.166354, -0.261781, 0, 0, 0, 0, 0, 0, 0, 0.485559, -0.0155272, 0.142507, 0.486346, -0.0158237, 0.142576, 0.996195, -3.71201e-12, -0.0871557, -4.46982e-12, -1, -8.49977e-12, -0.0871557, 8.857e-12, -0.996195, 0
2.51, 2025-07-03__00-38-48.792114, -0.0474672, -0.0815056, 0.0342013, -2.28749, -0.0353846, 2.15753, 0.743414, -0.00306194, 0.00219803, 0.000398273, -0.00107893, 0.00181627, -0.000143435, 0.000802323, -0.0640656, -0.0822176, -0.0841472, 0.0889924, -0.0362, 0.174371, -0.276373, 0, 0, 0, 0, 0, 0, 0, 0.48556, -0.0155278, 0.14251, 0.486346, -0.0158237, 0.142576, 0.996195, -3.71201e-12, -0.0871557, -4.46982e-12, -1, -8.49977e-12, -0.0871557, 8.857e-12, -0.996195, 0
2.52, 2025-07-03__00-38-48.802115, -0.0474663, -0.0815085, 0.0342016, -2.28749, -0.0353846, 2.15752, 0.743411, -0.000568896, -0.000941497, -0.000591947, 0.000890252, 2.04828e-05, 0.000564422, 0.00220812, -0.100091, 0.0658868, -0.119539, -0.00481501, -0.02651, 0.157132, -0.284639, 0, 0, 0, 0, 0, 0, 0, 0.485556, -0.0155267, 0.142507, 0.486346, -0.0158237, 0.142576, 0.996195, -3.71201e-12, -0.0871557, -4.46982e-12, -1, -8.49977e-12, -0.0871557, 8.857e-12, -0.996195, 0
2.53, 2025-07-03__00-38-48.812112, -0.0474672, -0.0815109, 0.0342034, -2.28749, -0.0353839, 2.15753, 0.743413, -0.000859726, -0.000174962, 0.00115223, -0.00042438, 0.000180043, -0.000284705, 0.00130767, -0.133092, 0.0168265, -0.153872, 0.0369046, -0.0268247, 0.167768, -0.279165, 0, 0, 0, 0, 0, 0, 0, 0.485564, -0.015528, 0.142511, 0.486346, -0.0158237, 0.142576, 0.996195, -3.71201e-12, -0.0871557, -4.46982e-12, -1, -8.49977e-12, -0.0871557, 8.857e-12, -0.996195, 0
2.54, 2025-07-03__00-38-48.822112, -0.0474644, -0.0815086, 0.0342034, -2.28749, -0.0353842, 2.15753, 0.743411, 0.000261444, 0.000523236, 0.00057807, 0.000336576, -0.00132781, 3.94799e-05, 0.00047138, -0.145483, 0.00463177, -0.165858, 0.0333538, -0.0175248, 0.164689, -0.273861, 0, 0, 0, 0, 0, 0, 0, 0.48556, -0.0155276, 0.14251, 0.486346, -0.0158237, 0.142576, 0.996195, -3.71201e-12, -0.0871557, -4.46982e-12, -1, -8.49977e-12, -0.0871557, 8.857e-12, -0.996195, 0
2.55, 2025-07-03__00-38-48.832113, -0.0474669, -0.0815103, 0.034196, -2.28748, -0.035386, 2.15753, 0.743408, -0.00125638, -0.000192172, -0.00168676, 0.00160417, -0.000380716, -0.000274347, 0.000538015, -0.057515, 0.0504343, -0.0760409, -0.00704699, -0.0239791, 0.161544, -0.274413, 0, 0, 0, 0, 0, 0, 0, 0.485559, -0.0155248, 0.142508, 0.486346, -0.0158237, 0.142576, 0.996195, -3.71201e-12, -0.0871557, -4.46982e-12, -1, -8.49977e-12, -0.0871557, 8.857e-12, -0.996195, 0
2.56, 2025-07-03__00-38-48.842114, -0.0474644, -0.0815064, 0.0341993, -2.28749, -0.0353843, 2.15753, 0.743414, -1.86249e-05, 0.000415462, -0.000819428, -0.000875689, 2.71501e-06, 0.000395564, 0.00070993, -0.106822, -0.0128416, -0.126209, 0.0543147, -0.0253547, 0.16595, -0.275645, 0, 0, 0, 0, 0, 0, 0, 0.485561, -0.0155253, 0.142512, 0.486346, -0.0158237, 0.142576, 0.996195, -3.71201e-12, -0.0871557, -4.46982e-12, -1, -8.49977e-12, -0.0871557, 8.857e-12, -0.996195, 0
2.57, 2025-07-03__00-38-48.852110, -0.0474619, -0.0815063, 0.0341991, -2.28748, -0.0353835, 2.15752, 0.743406, 0.0010323, 1.96519e-05, -0.00105606, 0.000641071, 0.000172154, -0.000262544, -0.00158955, -0.125791, 0.0272688, -0.144922, 0.0174619, -0.0270688, 0.165364, -0.261251, 0, 0, 0, 0, 0, 0, 0, 0.485564, -0.0155241, 0.142512, 0.486346, -0.0158237, 0.142576, 0.996195, -3.71201e-12, -0.0871557, -4.46982e-12, -1, -8.49977e-12, -0.0871557, 8.857e-12, -0.996195, 0
2.58, 2025-07-03__00-38-48.862114, -0.0474623, -0.0815082, 0.0341991, -2.28749, -0.0353846, 2.15753, 0.743411, -0.000573465, 0.001035, -0.00125724, -8.40988e-05, 0.000175091, 0.000100327, 0.000275819, -0.0841242, -0.0223442, -0.103086, 0.0489761, -0.0265776, 0.166984, -0.272912, 0, 0, 0, 0, 0, 0, 0, 0.48556, -0.015522, 0.142508, 0.486346, -0.0158237, 0.142576, 0.996195, -3.71201e-12, -0.0871557, -4.46982e-12, -1, -8.49977e-12, -0.0871557, 8.857e-12, -0.996195, 0
2.59, 2025-07-03__00-38-48.872110, -0.0474619, -0.0815109, 0.0342015, -2.28749, -0.0353807, 2.15753, 0.743402, 0.000986935, -0.0013263, 6.24599e-06, -0.00164966, 0.000349778, -0.00031586, -0.00211192, -0.15101, 0.0377502, -0.171084, 0.0425925, -0.0275488, 0.169246, -0.257781, 0, 0, 0, 0, 0, 0, 0, 0.485565, -0.0155252, 0.142513, 0.486346, -0.0158237, 0.142576, 0.996195, -3.71201e-12, -0.0871557, -4.46982e-12, -1, -8.49977e-12, -0.0871557, 8.857e-12, -0.996195, 0
2.6, 2025-07-03__00-38-48.882111, -0.047465, -0.0815137, 0.0341991, -2.28748, -0.0353829, 2.15753, 0.74341, 0.00456244, -0.00108314, -0.000408599, 0.000821175, 0.000231237, 0.000255686, 0.00154758, -0.220564, 0.0765932, -0.240326, -0.00693829, -0.0280939, 0.157504, -0.280312, 0, 0, 0, 0, 0, 0, 0, 0.48556, -0.0155274, 0.142508, 0.486346, -0.0158237, 0.142576, 0.996195, -3.71201e-12, -0.0871557, -4.46982e-12, -1, -8.49977e-12, -0.0871557, 8.857e-12, -0.996195, 0
2.61, 2025-07-03__00-38-48.892114, -0.047464, -0.081506, 0.0342016, -2.28749, -0.0353846, 2.15753, 0.743408, 0.0014082, 0.000544089, 0.000197165, -0.000479695, 8.63117e-05, 0.000110169, -0.00121992, -0.162824, -0.00983554, -0.182976, 0.0500371, -0.0259135, 0.166776, -0.263465, 0, 0, 0, 0, 0, 0, 0, 0.485564, -0.015526, 0.142511, 0.486346, -0.0158237, 0.142576, 0.996195, -3.71201e-12, -0.0871557, -4.46982e-12, -1, -8.49977e-12, -0.0871557, 8.857e-12, -0.996195, 0
2.62, 2025-07-03__00-38-48.902113, -0.0474621, -0.0815103, 0.0341969, -2.28749, -0.0353839, 2.15753, 0.74341, 0.00135511, -7.13929e-05, 0.000157889, -0.000840567, 0.000411332, 0.000166025, 0.00111444, -0.160514, 0.00775615, -0.180628, 0.045896, -0.0281116, 0.166041, -0.277768, 0, 0, 0, 0, 0, 0, 0, 0.48556, -0.0155289, 0.142509, 0.486346, -0.0158237, 0.142576, 0.996195, -3.71201e-12, -0.0871557, -4.46982e-12, -1, -8.49977e-12, -0.0871557, 8.857e-12, -0.996195, 0
2.63, 2025-07-03__00-38-48.912113, -0.0474644, -0.0815102, 0.0342016, -2.28749, -0.0353825, 2.15753, 0.743404, 5.99297e-05, 0.000116954, 0.00225705, -0.000651386, -0.00911546, -0.000128801, -0.0019341, -0.179049, 0.00237684, -0.200859, 0.0505304, 0.0316208, 0.167699, -0.258252, 0, 0, 0, 0, 0, 0, 0, 0.485565, -0.0155261, 0.142513, 0.486346, -0.0158237, 0.142576, 0.996195, -3.71201e-12, -0.0871557, -4.46982e-12, -1, -8.49977e-12, -0.0871557, 8.857e-12, -0.996195, 0
2.64, 2025-07-03__00-38-48.922109, -0.0474674, -0.0815064, 0.0342015, -2.28749, -0.0353846, 2.15753, 0.743409, -0.00125437, 0.00107498, 0.000153119, -0.00120043, 0.000144584, 5.94779e-05, 0.00055305, -0.100307, -0.0426875, -0.120349, 0.0729161, -0.0259119, 0.170714, -0.274396, 0, 0, 0, 0, 0, 0, 0, 0.485565, -0.0155275, 0.142514, 0.486346, -0.0158237, 0.142576, 0.996195, -3.71201e-12, -0.0871557, -4.46982e-12, -1, -8.49977e-12, -0.0871557, 8.857e-12, -0.996195, 0
2.65, 2025-07-03__00-38-48.932114, -0.0474644, -0.0815138, 0.0342016, -2.28748, -0.0353804, 2.15753, 0.743408, -0.00127316, 0.00101265, 0.000135985, 0.000367232, -0.000147212, 9.45479e-05, -0.00128711, -0.100035, -0.00987878, -0.119933, 0.0369337, -0.0249163, 0.165136, -0.26324, 0, 0, 0, 0, 0, 0, 0, 0.485565, -0.0155248, 0.142514, 0.486346, -0.0158237, 0.142576, 0.996195, -3.71201e-12, -0.0871557, -4.46982e-12, -1, -8.49977e-12, -0.0871557, 8.857e-12, -0.996195, 0
2.66, 2025-07-03__00-38-48.942112, -0.0474645, -0.081511, 0.0341993, -2.28749, -0.0353811, 2.15753, 0.743411, 0.000247836, -8.84663e-05, 0.000255209, -0.0011458, -6.28411e-05, 0.000191276, 0.000681105, -0.137704, 0.00276609, -0.157883, 0.0515716, -0.0251236, 0.166858, -0.275227, 0, 0, 0, 0, 0, 0, 0, 0.485565, -0.0155268, 0.142513, 0.486346, -0.0158237, 0.142576, 0.996195, -3.71201e-12, -0.0871557, -4.46982e-12, -1, -8.49977e-12, -0.0871557, 8.857e-12, -0.996195, 0
2.67, 2025-07-03__00-38-48.952114, -0.0474672, -0.0815138, 0.034199, -2.28749, -0.0353867, 2.15753, 0.743407, -0.000207035, -0.00122099, -0.000776916, -0.00192693, -0.000517048, -3.57251e-05, -0.0013535, -0.104294, 0.029392, -0.123818, 0.0484777, -0.0216653, 0.16851, -0.262697, 0, 0, 0, 0, 0, 0, 0, 0.48556, -0.0155273, 0.14251, 0.486346, -0.0158237, 0.142576, 0.996195, -3.71201e-12, -0.0871557, -4.46982e-12, -1, -8.49977e-12, -0.0871557, 8.857e-12, -0.996195, 0
2.68, 2025-07-03__00-38-48.962112, -0.0474651, -0.0815084, 0.0342015, -2.28749, -0.0353845, 2.15753, 0.74341, -0.000284486, 0.00061579, 0.000628674, -0.000152164, 0.000112418, 6.79036e-05, 0.00089864, -0.133727, -0.00696537, -0.154095, 0.0440135, -0.0263052, 0.166263, -0.276501, 0, 0, 0, 0, 0, 0, 0, 0.485564, -0.0155268, 0.142512, 0.486346, -0.0158237, 0.142576, 0.996195, -3.71201e-12, -0.0871557, -4.46982e-12, -1, -8.49977e-12, -0.0871557, 8.857e-12, -0.996195, 0
2.69, 2025-07-03__00-38-48.972109, -0.0474649, -0.0815131, 0.0342016, -2.28749, -0.0353852, 2.15753, 0.743402, -0.000239774, -0.00130665, 0.00576529, -0.00153169, -0.000165982, 0.000358841, -0.00225926, -0.253456, 0.0444389, -0.277671, 0.0397346, -0.0240945, 0.16375, -0.256586, 0, 0, 0, 0, 0, 0, 0, 0.485559, -0.0155239, 0.142508, 0.486346, -0.0158237, 0.142576, 0.996195, -3.71201e-12, -0.0871557, -4.46982e-12, -1, -8.49977e-12, -0.0871557, 8.857e-12, -0.996195, 0
2.7, 2025-07-03__00-38-48.982113, -0.0474682, -0.0815057, 0.0341991, -2.28749, -0.0353841, 2.15753, 0.743407, -0.00121766, 0.000674645, -0.000922723, -0.000806748, -0.000180571, 0.000171343, -7.48016e-05, -0.076183, -0.0226563, -0.0954176, 0.057858, -0.0240839, 0.16802, -0.270537, 0, 0, 0, 0, 0, 0, 0, 0.485559, -0.0155276, 0.142506, 0.486346, -0.0158237, 0.142576, 0.996195, -3.71201e-12, -0.0871557, -4.46982e-12, -1, -8.49977e-12, -0.0871557, 8.857e-12, -0.996195, 0
2.71, 2025-07-03__00-38-48.992113, -0.0474644, -0.0815077, 0.0341991, -2.28748, -0.0353854, 2.15752, 0.743404, 0.000239425, 0.000710069, -0.00234917, 0.0014526, -0.00690348, 9.28718e-05, -0.00184138, -0.0770082, 0.0147054, -0.0952753, 0.0137122, 0.0171655, 0.161985, -0.25926, 0, 0, 0, 0, 0, 0, 0, 0.485559, -0.0155251, 0.142506, 0.486346, -0.0158237, 0.142576, 0.996195, -3.71201e-12, -0.0871557, -4.46982e-12, -1, -8.49977e-12, -0.0871557, 8.857e-12, -0.996195, 0
2.72, 2025-07-03__00-38-49.002112, -0.0474671, -0.0815128, 0.0342016, -2.28748, -0.0353852, 2.15753, 0.743411, -0.000354434, -0.000657513, 0.000573473, 0.00152481, 0.000564996, 0.000131945, -0.00015283, -0.131053, 0.0699314, -0.15129, -0.014408, -0.0300012, 0.157623, -0.270303, 0, 0, 0, 0, 0, 0, 0, 0.485561, -0.0155296, 0.142512, 0.486346, -0.0158237, 0.142576, 0.996195, -3.71201e-12, -0.0871557, -4.46982e-12, -1, -8.49977e-12, -0.0871557, 8.857e-12, -0.996195, 0
2.73, 2025-07-03__00-38-49.012115, -0.0474641, -0.0815063, 0.0342043, -2.28749, -0.0353846, 2.15753, 0.743411, 0.000210472, 0.00039123, 0.000881691, -0.000326302, 1.56007e-05, 0.000400164, -0.000480548, -0.151858, -0.00139586, -0.172476, 0.0433843, -0.0255843, 0.164011, -0.268155, 0, 0, 0, 0, 0, 0, 0, 0.48556, -0.0155254, 0.142509, 0.486346, -0.0158237, 0.142576, 0.996195, -3.71201e-12, -0.0871557, -4.46982e-12, -1, -8.49977e-12, -0.0871557, 8.857e-12, -0.996195, 0
2.74, 2025-07-03__00-38-49.022115, -0.0474612, -0.0815109, 0.0342046, -2.28749, -0.0353846, 2.15753, 0.743406, 0.000597545, -0.00263689, 4.68248e-07, -0.00106189, 0.00015269, -0.000191064, -0.000656066, -0.1436, 0.0943827, -0.163701, 0.00833414, -0.0266679, 0.163777, -0.266872, 0, 0, 0, 0, 0, 0, 0, 0.48556, -0.0155256, 0.14251, 0.486346, -0.0158237, 0.142576, 0.996195, -3.71201e-12, -0.0871557, -4.46982e-12, -1, -8.49977e-12, -0.0871557, 8.857e-12, -0.996195, 0
2.75, 2025-07-03__00-38-49.032113, -0.0474643, -0.0815078, 0.0342019, -2.28748, -0.0353839, 2.15752, 0.743407, -0.000147832, -0.000357683, -0.000623732, 0.000145774, 0.000394674, -2.37311e-05, 0.000473687, -0.109234, 0.0330585, -0.128684, 0.0198953, -0.0284045, 0.164424, -0.273864, 0, 0, 0, 0, 0, 0, 0, 0.485564, -0.0155236, 0.142511, 0.486346, -0.0158237, 0.142576, 0.996195, -3.71201e-12, -0.0871557, -4.46982e-12, -1, -8.49977e-12, -0.0871557, 8.857e-12, -0.996195, 0
2.76, 2025-07-03__00-38-49.042113, -0.0474657, -0.0815108, 0.0342047, -2.28748, -0.0353833, 2.15752, 0.743408, -0.006305, -0.000594236, 0.000603218, 0.000540236, 0.000419214, 1.03134e-05, 0.00011922, 0.00212816, 0.0458727, -0.0179451, 0.00632492, -0.0285896, 0.162963, -0.272067, 0, 0, 0, 0, 0, 0, 0, 0.485559, -0.0155232, 0.142507, 0.486346, -0.0158237, 0.142576, 0.996195, -3.71201e-12, -0.0871557, -4.46982e-12, -1, -8.49977e-12, -0.0871557, 8.857e-12, -0.996195, 0
2.77, 2025-07-03__00-38-49.052112, -0.0474636, -0.0815084, 0.0342048, -2.28748, -0.0353841, 2.15753, 0.743406, 0.000162291, 0.000548537, 6.2307e-05, -0.00044635, -0.000196123, 0.000181697, -8.98314e-05, -0.132241, -0.00771327, -0.152246, 0.0465695, -0.0242494, 0.165952, -0.270269, 0, 0, 0, 0, 0, 0, 0, 0.485565, -0.0155238, 0.142513, 0.486346, -0.0158237, 0.142576, 0.996195, -3.71201e-12, -0.0871557, -4.46982e-12, -1, -8.49977e-12, -0.0871557, 8.857e-12, -0.996195, 0
2.78, 2025-07-03__00-38-49.062115, -0.0474644, -0.0815078, 0.0342022, -2.28748, -0.0353821, 2.15753, 0.743407, -0.000204224, 3.77343e-06, -0.000710401, 0.00082083, -0.000166181, 0.000192079, 0.0023243, -0.105548, 0.0319928, -0.124877, 0.0114707, -0.0253311, 0.160929, -0.285075, 0, 0, 0, 0, 0, 0, 0, 0.485555, -0.0155243, 0.142506, 0.486346, -0.0158237, 0.142576, 0.996195, -3.71201e-12, -0.0871557, -4.46982e-12, -1, -8.49977e-12, -0.0871557, 8.857e-12, -0.996195, 0
2.79, 2025-07-03__00-38-49.072111, -0.0474598, -0.0815063, 0.0342048, -2.28748, -0.0353846, 2.15752, 0.743409, 0.00126113, 0.000321777, -6.6804e-05, 0.00087685, -7.9066e-05, -3.48791e-05, -0.00403196, -0.155126, 0.0217628, -0.175025, 0.0175939, -0.0253309, 0.163638, -0.24654, 0, 0, 0, 0, 0, 0, 0, 0.485565, -0.0155246, 0.142513, 0.486346, -0.0158237, 0.142576, 0.996195, -3.71201e-12, -0.0871557, -4.46982e-12, -1, -8.49977e-12, -0.0871557, 8.857e-12, -0.996195, 0
2.8, 2025-07-03__00-38-49.082112, -0.0474644, -0.0815078, 0.0342022, -2.28748, -0.0353817, 2.15753, 0.743409, -0.000545195, 0.000220152, -0.000440175, -7.39044e-05, -7.24336e-05, -0.000312132, 0.000543302, -0.104048, 0.0081349, -0.123622, 0.0347448, -0.0254161, 0.167647, -0.274371, 0, 0, 0, 0, 0, 0, 0, 0.485564, -0.015524, 0.142511, 0.486346, -0.0158237, 0.142576, 0.996195, -3.71201e-12, -0.0871557, -4.46982e-12, -1, -8.49977e-12, -0.0871557, 8.857e-12, -0.996195, 0
2.81, 2025-07-03__00-38-49.092114, -0.0474643, -0.0815108, 0.0342022, -2.28748, -0.0353849, 2.15752, 0.743404, 0.000825613, -0.000339874, -0.000438672, 0.00205598, -0.000302721, -0.000135589, -0.000530454, -0.135203, 0.0659312, -0.154714, -0.0180194, -0.0247377, 0.15923, -0.26754, 0, 0, 0, 0, 0, 0, 0, 0.485556, -0.0155275, 0.142508, 0.486346, -0.0158237, 0.142576, 0.996195, -3.71201e-12, -0.0871557, -4.46982e-12, -1, -8.49977e-12, -0.0871557, 8.857e-12, -0.996195, 0
2.82, 2025-07-03__00-38-49.102113, -0.0474672, -0.0815054, 0.0342048, -2.28748, -0.0353852, 2.15753, 0.743411, -0.000542834, 0.00170439, 0.000495715, 0.00156464, 3.73827e-05, -0.000207053, 0.00388803, -0.12373, -0.0172463, -0.143868, 0.0267022, -0.02655, 0.164993, -0.29471, 0, 0, 0, 0, 0, 0, 0, 0.48556, -0.0155258, 0.14251, 0.486346, -0.0158237, 0.142576, 0.996195, -3.71201e-12, -0.0871557, -4.46982e-12, -1, -8.49977e-12, -0.0871557, 8.857e-12, -0.996195, 0
2.83, 2025-07-03__00-38-49.112110, -0.0474696, -0.0815108, 0.0342048, -2.28748, -0.0353845, 2.15752, 0.743405, 0.0062011, -0.000423435, 0.000275314, 0.000596548, 2.44632e-05, -0.00053665, 0.000684024, -0.273058, 0.0479075, -0.293427, 0.0125602, -0.0264948, 0.165581, -0.27459, 0, 0, 0, 0, 0, 0, 0, 0.485556, -0.0155229, 0.142508, 0.486346, -0.0158237, 0.142576, 0.996195, -3.71201e-12, -0.0871557, -4.46982e-12, -1, -8.49977e-12, -0.0871557, 8.857e-12, -0.996195, 0
2.84, 2025-07-03__00-38-49.122109, -0.0474653, -0.0815107, 0.0342045, -2.28749, -0.0353801, 2.15753, 0.743409, 0.000145555, -0.000363063, -0.00045941, -0.0009524, 0.000626911, 1.44759e-05, 0.001042, -0.120278, 0.0148962, -0.139936, 0.0431278, -0.0296377, 0.166991, -0.2774, 0, 0, 0, 0, 0, 0, 0, 0.485564, -0.0155275, 0.14251, 0.486346, -0.0158237, 0.142576, 0.996195, -3.71201e-12, -0.0871557, -4.46982e-12, -1, -8.49977e-12, -0.0871557, 8.857e-12, -0.996195, 0
2.85, 2025-07-03__00-38-49.132113, -0.0474619, -0.0815061, 0.0342022, -2.28748, -0.0353814, 2.15752, 0.743404, 0.000785495, 0.00108675, -0.00086887, 5.38622e-05, 3.13083e-05, 0.000213821, -0.000911204, -0.124558, -0.0197281, -0.143828, 0.0458484, -0.0258922, 0.166156, -0.26522, 0, 0, 0, 0, 0, 0, 0, 0.485565, -0.0155267, 0.142513, 0.486346, -0.0158237, 0.142576, 0.996195, -3.71201e-12, -0.0871557, -4.46982e-12, -1, -8.49977e-12, -0.0871557, 8.857e-12, -0.996195, 0
2.86, 2025-07-03__00-38-49.142114, -0.0474644, -0.0815084, 0.0342025, -2.28749, -0.0353832, 2.15752, 0.743409, 0.000491928, 0.000110926, -0.000368251, -0.000389322, 0.000130082, 0.000347278, 0.00162848, -0.129452, 0.00730823, -0.149153, 0.0396629, -0.026549, 0.164667, -0.280889, 0, 0, 0, 0, 0, 0, 0, 0.485556, -0.0155255, 0.142507, 0.486346, -0.0158237, 0.142576, 0.996195, -3.71201e-12, -0.0871557, -4.46982e-12, -1, -8.49977e-12, -0.0871557, 8.857e-12, -0.996195, 0
2.87, 2025-07-03__00-38-49.152112, -0.047467, -0.0815082, 0.0342048, -2.28749, -0.0353814, 2.15753, 0.743402, -0.00267916, 0.000789069, 0.00069693, -0.000347511, 9.41357e-05, -0.000124528, -0.000699916, -0.0812785, -0.0185496, -0.101588, 0.051022, -0.0260452, 0.168854, -0.266475, 0, 0, 0, 0, 0, 0, 0, 0.485561, -0.0155254, 0.142512, 0.486346, -0.0158237, 0.142576, 0.996195, -3.71201e-12, -0.0871557, -4.46982e-12, -1, -8.49977e-12, -0.0871557, 8.857e-12, -0.996195, 0
2.88, 2025-07-03__00-38-49.162114, -0.0474671, -0.0815064, 0.0342051, -2.28748, -0.0353848, 2.15752, 0.743406, 0.000225602, 0.000772776, 0.000230578, 0.000314898, -0.000116864, 0.000266291, 0.00110559, -0.136363, -0.00352961, -0.156442, 0.0353052, -0.0250695, 0.164213, -0.277513, 0, 0, 0, 0, 0, 0, 0, 0.485562, -0.0155249, 0.142514, 0.486346, -0.0158237, 0.142576, 0.996195, -3.71201e-12, -0.0871557, -4.46982e-12, -1, -8.49977e-12, -0.0871557, 8.857e-12, -0.996195, 0
2.89, 2025-07-03__00-38-49.172111, -0.0474672, -0.0815108, 0.0342076, -2.28748, -0.035382, 2.15752, 0.743405, -0.00108337, 0.000174054, -0.000355589, 0.000226115, -8.56064e-05, -0.000179548, -0.000515613, -0.0944068, 0.0156246, -0.114028, 0.0272524, -0.0253509, 0.166417, -0.267753, 0, 0, 0, 0, 0, 0, 0, 0.485562, -0.0155222, 0.142513, 0.486346, -0.0158237, 0.142576, 0.996195, -3.71201e-12, -0.0871557, -4.46982e-12, -1, -8.49977e-12, -0.0871557, 8.857e-12, -0.996195, 0
2.9, 2025-07-03__00-38-49.182113, -0.0474644, -0.0815101, 0.034211, -2.28749, -0.0353827, 2.15753, 0.74341, 0.000313515, -0.000470963, 0.00188564, -0.00148076, -0.000280954, -0.000242318, 0.000982875, -0.179203, 0.0108151, -0.200685, 0.0540209, -0.0236316, 0.169859, -0.276862, 0, 0, 0, 0, 0, 0, 0, 0.485561, -0.015523, 0.142511, 0.486346, -0.0158237, 0.142576, 0.996195, -3.71201e-12, -0.0871557, -4.46982e-12, -1, -8.49977e-12, -0.0871557, 8.857e-12, -0.996195, 0
2.91, 2025-07-03__00-38-49.192114, -0.0474618, -0.0815063, 0.0342069, -2.28748, -0.0353848, 2.15752, 0.743403, -0.00491235, 3.0004e-05, -0.000298828, 0.000727105, -0.000196112, 0.00014828, -0.00153616, -0.00993748, 0.0256256, -0.0294125, 0.0137156, -0.0245132, 0.162846, -0.261667, 0, 0, 0, 0, 0, 0, 0, 0.485561, -0.015524, 0.142511, 0.486346, -0.0158237, 0.142576, 0.996195, -3.71201e-12, -0.0871557, -4.46982e-12, -1, -8.49977e-12, -0.0871557, 8.857e-12, -0.996195, 0
2.92, 2025-07-03__00-38-49.202112, -0.0474641, -0.0815056, 0.0342054, -2.28748, -0.0353821, 2.15753, 0.743408, -0.00148019, 0.00150322, -0.000834139, 0.00118283, -0.000149853, 0.000192207, 0.000327043, -0.0735542, -0.0172219, -0.0927089, 0.029382, -0.0251345, 0.16329, -0.27309, 0, 0, 0, 0, 0, 0, 0, 0.485565, -0.0155204, 0.142513, 0.486346, -0.0158237, 0.142576, 0.996195, -3.71201e-12, -0.0871557, -4.46982e-12, -1, -8.49977e-12, -0.0871557, 8.857e-12, -0.996195, 0
2.93, 2025-07-03__00-38-49.212114, -0.0474613, -0.0815056, 0.0342058, -2.28748, -0.0353795, 2.15752, 0.743406, 0.00065085, 0.00105371, 0.000711105, 0.00043785, 0.000171118, -8.36955e-05, -0.00086818, -0.158275, -0.0118275, -0.178678, 0.0388882, -0.0270684, 0.166819, -0.265532, 0, 0, 0, 0, 0, 0, 0, 0.485564, -0.0155242, 0.142512, 0.486346, -0.0158237, 0.142576, 0.996195, -3.71201e-12, -0.0871557, -4.46982e-12, -1, -8.49977e-12, -0.0871557, 8.857e-12, -0.996195, 0
2.94, 2025-07-03__00-38-49.222113, -0.0474644, -0.0815026, 0.0342054, -2.28748, -0.0353851, 2.15753, 0.743403, -0.000863679, 0.000207441, -0.000179156, 0.000947452, -0.000105723, -0.000537466, 0.00137591, -0.103159, 0.0233544, -0.122861, 0.0154488, -0.0254616, 0.166155, -0.279072, 0, 0, 0, 0, 0, 0, 0, 0.485563, -0.0155241, 0.142509, 0.486346, -0.0158237, 0.142576, 0.996195, -3.71201e-12, -0.0871557, -4.46982e-12, -1, -8.49977e-12, -0.0871557, 8.857e-12, -0.996195, 0
2.95, 2025-07-03__00-38-49.232113, -0.0474634, -0.0815054, 0.0342054, -2.28749, -0.0353805, 2.15753, 0.743411, 0.000366258, -0.000113264, -0.000304498, -0.00100228, -8.35526e-05, -0.000158428, 0.00150809, -0.129167, 0.00304707, -0.148976, 0.0501263, -0.0251515, 0.168915, -0.280252, 0, 0, 0, 0, 0, 0, 0, 0.48556, -0.0155215, 0.142508, 0.486346, -0.0158237, 0.142576, 0.996195, -3.71201e-12, -0.0871557, -4.46982e-12, -1, -8.49977e-12, -0.0871557, 8.857e-12, -0.996195, 0
2.96, 2025-07-03__00-38-49.242114, -0.0474641, -0.0815056, 0.0342054, -2.28748, -0.0353852, 2.15752, 0.743404, 0.000681069, 0.000522556, -0.000421977, 0.000134342, -0.000250777, 0.000320052, -0.000842437, -0.132936, 0.00200797, -0.152584, 0.0347659, -0.0240439, 0.163932, -0.265597, 0, 0, 0, 0, 0, 0, 0, 0.485556, -0.0155247, 0.142507, 0.486346, -0.0158237, 0.142576, 0.996195, -3.71201e-12, -0.0871557, -4.46982e-12, -1, -8.49977e-12, -0.0871557, 8.857e-12, -0.996195, 0
2.97, 2025-07-03__00-38-49.252111, -0.0474643, -0.0815057, 0.0342054, -2.28748, -0.0353827, 2.15752, 0.743405, 0.000604399, 0.000223945, -0.000692849, 0.000518368, 0.000141053, -0.000329219, 0.000762516, -0.124972, 0.0175963, -0.144382, 0.023641, -0.0269774, 0.166599, -0.275437, 0, 0, 0, 0, 0, 0, 0, 0.485555, -0.015523, 0.142506, 0.486346, -0.0158237, 0.142576, 0.996195, -3.71201e-12, -0.0871557, -4.46982e-12, -1, -8.49977e-12, -0.0871557, 8.857e-12, -0.996195, 0
2.98, 2025-07-03__00-38-49.262114, -0.0474641, -0.0815108, 0.0342072, -2.28748, -0.0353846, 2.15753, 0.743401, -0.000387078, -0.000828053, 0.000298089, -0.00080942, 0.000255275, 0.000106337, -0.000808367, -0.12668, 0.0358877, -0.146882, 0.0304565, -0.0270617, 0.164628, -0.265686, 0, 0, 0, 0, 0, 0, 0, 0.485561, -0.0155213, 0.142511, 0.486346, -0.0158237, 0.142576, 0.996195, -3.71201e-12, -0.0871557, -4.46982e-12, -1, -8.49977e-12, -0.0871557, 8.857e-12, -0.996195, 0
2.99, 2025-07-03__00-38-49.272112, -0.0474618, -0.0815082, 0.0342072, -2.28748, -0.0353836, 2.15752, 0.743406, 0.00131967, 0.000732672, 0.000748957, 0.000972343, 0.00022982, -0.000189468, -4.33391e-05, -0.174575, 0.00980888, -0.19503, 0.0227126, -0.0275607, 0.165076, -0.270498, 0, 0, 0, 0, 0, 0, 0, 0.485561, -0.0155286, 0.142512, 0.486346, -0.0158237, 0.142576, 0.996195, -3.71201e-12, -0.0871557, -4.46982e-12, -1, -8.49977e-12, -0.0871557, 8.857e-12, -0.996195, 0
3, 2025-07-03__00-38-49.282116, -0.0474672, -0.0815081, 0.0342079, -2.28748, -0.035381, 2.15752, 0.743404, -0.0042399, -0.000357875, 6.25504e-05, 0.00143786, 0.000149415, 0.000143491, -0.000892168, -0.0325116, 0.0527917, -0.0522238, -0.00738376, -0.027343, 0.159725, -0.265633, 0, 0, 0, 0, 0, 0, 0, 0.485564, -0.0155225, 0.142511, 0.486346, -0.0158237, 0.142576, 0.996195, -3.71201e-12, -0.0871557, -4.46982e-12, -1, -8.49977e-12, -0.0871557, 8.857e-12, -0.996195, 0
3.01, 2025-07-03__00-38-49.292115, -0.0474661, -0.0815101, 0.0342054, -2.28748, -0.0353858, 2.15753, 0.743406, -0.000343405, -0.000109319, 7.53244e-05, 0.000943068, -0.000472825, 0.000289641, 0.000847342, -0.120738, 0.0395005, -0.140673, 0.0068037, -0.0231667, 0.15955, -0.276003, 0, 0, 0, 0, 0, 0, 0, 0.485561, -0.0155263, 0.142511, 0.486346, -0.0158237, 0.142576, 0.996195, -3.71201e-12, -0.0871557, -4.46982e-12, -1, -8.49977e-12, -0.0871557, 8.857e-12, -0.996195, 0
3.02, 2025-07-03__00-38-49.302113, -0.0474644, -0.0815083, 0.0342076, -2.28749, -0.0353859, 2.15752, 0.743403, 0.00034801, 0.000334899, -0.000378644, -0.000924523, -0.000267995, 0.000275654, -0.000757051, -0.127191, -0.0100439, -0.146953, 0.0547031, -0.0234387, 0.167336, -0.266041, 0, 0, 0, 0, 0, 0, 0, 0.48556, -0.0155228, 0.142508, 0.486346, -0.0158237, 0.142576, 0.996195, -3.71201e-12, -0.0871557, -4.46982e-12, -1, -8.49977e-12, -0.0871557, 8.857e-12, -0.996195, 0
3.03, 2025-07-03__00-38-49.312113, -0.0474669, -0.0815117, 0.0342079, -2.28748, -0.0353834, 2.15752, 0.74341, -0.000938204, -0.00123321, 0.000199704, 2.72295e-06, -3.50329e-05, 0.000274328, 0.00172177, -0.111405, 0.0639558, -0.131503, 0.00676903, -0.0259111, 0.160798, -0.281596, 0, 0, 0, 0, 0, 0, 0, 0.485561, -0.0155228, 0.142511, 0.486346, -0.0158237, 0.142576, 0.996195, -3.71201e-12, -0.0871557, -4.46982e-12, -1, -8.49977e-12, -0.0871557, 8.857e-12, -0.996195, 0
3.04, 2025-07-03__00-38-49.322114, -0.0474644, -0.0815089, 0.0342132, -2.28748, -0.0353827, 2.15752, 0.743402, -0.000607058, -0.000308623, 0.00135737, 0.00091892, 0.000389881, 7.55872e-05, -0.001061, -0.146307, 0.0460252, -0.167172, 0.00513222, -0.0286335, 0.16133, -0.264209, 0, 0, 0, 0, 0, 0, 0, 0.485556, -0.0155196, 0.142508, 0.486346, -0.0158237, 0.142576, 0.996195, -3.71201e-12, -0.0871557, -4.46982e-12, -1, -8.49977e-12, -0.0871557, 8.857e-12, -0.996195, 0
3.05, 2025-07-03__00-38-49.332112, -0.0474612, -0.0815138, 0.0342054, -2.28748, -0.0353809, 2.15753, 0.743409, 0.0055274, -0.00179899, -0.00051402, 0.000539564, -3.63294e-05, -4.04757e-05, 0.000934392, -0.242921, 0.0974228, -0.262719, -0.0120202, -0.0265317, 0.158767, -0.276482, 0, 0, 0, 0, 0, 0, 0, 0.485556, -0.0155201, 0.142507, 0.486346, -0.0158237, 0.142576, 0.996195, -3.71201e-12, -0.0871557, -4.46982e-12, -1, -8.49977e-12, -0.0871557, 8.857e-12, -0.996195, 0
3.06, 2025-07-03__00-38-49.342118, -0.0474644, -0.081511, 0.0342079, -2.28748, -0.0353825, 2.15752, 0.743403, -0.000169915, -0.000397379, -5.28711e-05, 0.000103578, 0.000266436, 0.000493801, -0.000425727, -0.123226, 0.0364182, -0.143112, 0.0182201, -0.0275925, 0.160789, -0.268159, 0, 0, 0, 0, 0, 0, 0, 0.485562, -0.0155194, 0.142512, 0.486346, -0.0158237, 0.142576, 0.996195, -3.71201e-12, -0.0871557, -4.46982e-12, -1, -8.49977e-12, -0.0871557, 8.857e-12, -0.996195, 0
3.07, 2025-07-03__00-38-49.352114, -0.0474619, -0.0815076, 0.0342058, -2.28748, -0.0353819, 2.15752, 0.743408, 0.00046279, 0.00101826, 0.000390914, 0.000476485, -0.000389696, -1.668e-06, 0.00124109, -0.14649, -0.00945166, -0.166676, 0.0369767, -0.023584, 0.166011, -0.278416, 0, 0, 0, 0, 0, 0, 0, 0.485561, -0.0155225, 0.142511, 0.486346, -0.0158237, 0.142576, 0.996195, -3.71201e-12, -0.0871557, -4.46982e-12, -1, -8.49977e-12, -0.0871557, 8.857e-12, -0.996195, 0
3.08, 2025-07-03__00-38-49.362116, -0.047464, -0.0815128, 0.0342079, -2.28749, -0.0353797, 2.15752, 0.743408, 0.000953216, -0.00108027, 0.000534963, -0.00100908, 0.000407404, 0.000111535, 0.000656926, -0.162814, 0.0415416, -0.183269, 0.0324954, -0.0284021, 0.165403, -0.274904, 0, 0, 0, 0, 0, 0, 0, 0.485561, -0.015524, 0.142511, 0.486346, -0.0158237, 0.142576, 0.996195, -3.71201e-12, -0.0871557, -4.46982e-12, -1, -8.49977e-12, -0.0871557, 8.857e-12, -0.996195, 0
3.09, 2025-07-03__00-38-49.372114, -0.0474672, -0.0815057, 0.0342107, -2.28748, -0.0353813, 2.15752, 0.743403, -0.00109163, 0.000402942, 0.00155432, 0.000579521, 0.000131511, -0.000179841, 0.00021932, -0.138034, 0.013001, -0.159013, 0.0252433, -0.0269087, 0.165725, -0.271996, 0, 0, 0, 0, 0, 0, 0, 0.485555, -0.0155241, 0.142506, 0.486346, -0.0158237, 0.142576, 0.996195, -3.71201e-12, -0.0871557, -4.46982e-12, -1, -8.49977e-12, -0.0871557, 8.857e-12, -0.996195, 0
3.1, 2025-07-03__00-38-49.382115, -0.0474672, -0.0815082, 0.0342079, -2.28749, -0.0353805, 2.15752, 0.743405, -7.75057e-05, 0.000766353, 0.000219588, -0.000159213, 9.99127e-05, -0.000145471, 0.00120601, -0.129957, -0.0133238, -0.150043, 0.0475954, -0.0264401, 0.168782, -0.278088, 0, 0, 0, 0, 0, 0, 0, 0.485556, -0.0155246, 0.142507, 0.486346, -0.0158237, 0.142576, 0.996195, -3.71201e-12, -0.0871557, -4.46982e-12, -1, -8.49977e-12, -0.0871557, 8.857e-12, -0.996195, 0
3.11, 2025-07-03__00-38-49.392116, -0.0474623, -0.081511, 0.0342079, -2.28748, -0.035382, 2.15752, 0.7434, 0.00601955, -0.00107627, 0.00298065, 0.00154937, -5.28261e-05, -5.7159e-05, -0.00148943, -0.333227, 0.0901123, -0.35549, -0.0183022, -0.0265097, 0.157737, -0.261037, 0, 0, 0, 0, 0, 0, 0, 0.485555, -0.0155228, 0.142505, 0.486346, -0.0158237, 0.142576, 0.996195, -3.71201e-12, -0.0871557, -4.46982e-12, -1, -8.49977e-12, -0.0871557, 8.857e-12, -0.996195, 0
3.12, 2025-07-03__00-38-49.402112, -0.0474675, -0.0815081, 0.0342107, -2.28749, -0.0353812, 2.15752, 0.743403, 0.000452913, -0.000598772, 0.000872393, -0.00170679, -0.000387439, 0.000329147, -0.000610481, -0.158832, 0.011171, -0.179582, 0.0551672, -0.0228325, 0.167201, -0.266856, 0, 0, 0, 0, 0, 0, 0, 0.485564, -0.0155242, 0.142511, 0.486346, -0.0158237, 0.142576, 0.996195, -3.71201e-12, -0.0871557, -4.46982e-12, -1, -8.49977e-12, -0.0871557, 8.857e-12, -0.996195, 0
3.13, 2025-07-03__00-38-49.412114, -0.0474644, -0.0815089, 0.0342054, -2.28748, -0.0353846, 2.15753, 0.743402, 0.000362637, -0.000385656, -0.000921887, 0.000167161, 5.12889e-05, -0.000180553, -1.74535e-05, -0.114857, 0.0347783, -0.134129, 0.0191784, -0.0261898, 0.164646, -0.270563, 0, 0, 0, 0, 0, 0, 0, 0.48556, -0.0155228, 0.142509, 0.486346, -0.0158237, 0.142576, 0.996195, -3.71201e-12, -0.0871557, -4.46982e-12, -1, -8.49977e-12, -0.0871557, 8.857e-12, -0.996195, 0
3.14, 2025-07-03__00-38-49.422110, -0.0474622, -0.0815102, 0.0342055, -2.28748, -0.0353816, 2.15752, 0.743403, -0.000309539, -0.000352987, -0.000692762, 0.000682872, -0.000151506, -0.000128346, 0.000558445, -0.105167, 0.0423034, -0.124531, 0.009201, -0.0253318, 0.163474, -0.274144, 0, 0, 0, 0, 0, 0, 0, 0.485556, -0.0155223, 0.142508, 0.486346, -0.0158237, 0.142576, 0.996195, -3.71201e-12, -0.0871557, -4.46982e-12, -1, -8.49977e-12, -0.0871557, 8.857e-12, -0.996195, 0
3.15, 2025-07-03__00-38-49.432114, -0.0474644, -0.0815083, 0.0342054, -2.28748, -0.0353834, 2.15752, 0.743399, -0.000579449, 0.000310978, -0.000550381, 0.000857974, 1.16255e-05, -8.99934e-05, -0.00115096, -0.101351, 0.0208382, -0.120777, 0.016951, -0.0260601, 0.164205, -0.263555, 0, 0, 0, 0, 0, 0, 0, 0.485556, -0.0155194, 0.142508, 0.486346, -0.0158237, 0.142576, 0.996195, -3.71201e-12, -0.0871557, -4.46982e-12, -1, -8.49977e-12, -0.0871557, 8.857e-12, -0.996195, 0
3.16, 2025-07-03__00-38-49.442111, -0.0474694, -0.0815137, 0.0342054, -2.28748, -0.0353834, 2.15752, 0.743405, -0.000768478, -0.00141162, -0.000772328, 0.00210497, 6.00646e-05, -0.000223732, -0.000194872, -0.0917601, 0.104562, -0.110997, -0.0378127, -0.027288, 0.157533, -0.26979, 0, 0, 0, 0, 0, 0, 0, 0.485561, -0.0155221, 0.142511, 0.486346, -0.0158237, 0.142576, 0.996195, -3.71201e-12, -0.0871557, -4.46982e-12, -1, -8.49977e-12, -0.0871557, 8.857e-12, -0.996195, 0
3.17, 2025-07-03__00-38-49.452110, -0.0474644, -0.081511, 0.0342129, -2.28749, -0.0353806, 2.15752, 0.743403, 0.00056078, 0.00019889, 0.00158622, -0.000330159, -0.000114212, -5.59165e-05, -0.00150603, -0.177892, 0.00664412, -0.199054, 0.0415231, -0.0249686, 0.167243, -0.261416, 0, 0, 0, 0, 0, 0, 0, 0.485556, -0.0155243, 0.142508, 0.486346, -0.0158237, 0.142576, 0.996195, -3.71201e-12, -0.0871557, -4.46982e-12, -1, -8.49977e-12, -0.0871557, 8.857e-12, -0.996195, 0
3.18, 2025-07-03__00-38-49.462113, -0.0474641, -0.08151, 0.034208, -2.28749, -0.0353849, 2.15752, 0.743404, 0.000420523, 3.44906e-06, 0.000502131, -0.000697037, -0.000153419, 0.000231691, 0.000768172, -0.149124, 0.00685336, -0.169511, 0.0445738, -0.0244964, 0.166061, -0.275304, 0, 0, 0, 0, 0, 0, 0, 0.485561, -0.0155248, 0.142511, 0.486346, -0.0158237, 0.142576, 0.996195, -3.71201e-12, -0.0871557, -4.46982e-12, -1, -8.49977e-12, -0.0871557, 8.857e-12, -0.996195, 0
3.19, 2025-07-03__00-38-49.472123, -0.0474646, -0.0815085, 0.034205, -2.28749, -0.0353847, 2.15752, 0.743399, -0.000900464, 0.00154513, -0.00116661, -0.00260558, -0.000211815, -0.000107153, -0.00148235, -0.0798673, -0.083617, -0.0990504, 0.109608, -0.0228379, 0.177938, -0.261458, 0, 0, 0, 0, 0, 0, 0, 0.485557, -0.0155209, 0.142509, 0.486346, -0.0158237, 0.142576, 0.996195, -3.71201e-12, -0.0871557, -4.46982e-12, -1, -8.49977e-12, -0.0871557, 8.857e-12, -0.996195, 0
3.2, 2025-07-03__00-38-49.482124, -0.0474665, -0.0815075, 0.0342089, -2.28748, -0.0353855, 2.15752, 0.7434, -0.00241197, 0.00125335, 0.000367861, -0.00114871, -0.000377317, -0.000281279, -0.0012147, -0.0807155, -0.047793, -0.100886, 0.0740944, -0.0224484, 0.173776, -0.263159, 0, 0, 0, 0, 0, 0, 0, 0.485562, -0.0155201, 0.142512, 0.486346, -0.0158237, 0.142576, 0.996195, -3.71201e-12, -0.0871557, -4.46982e-12, -1, -8.49977e-12, -0.0871557, 8.857e-12, -0.996195, 0
3.21, 2025-07-03__00-38-49.492115, -0.0474644, -0.0815082, 0.0342111, -2.28749, -0.0353813, 2.15752, 0.743404, 0.000960102, -0.000518759, -0.000255181, 7.71673e-05, -0.000369696, 0.000299495, 0.000373936, -0.144997, 0.0377727, -0.164832, 0.0202502, -0.0237484, 0.162174, -0.272962, 0, 0, 0, 0, 0, 0, 0, 0.485555, -0.015523, 0.142506, 0.486346, -0.0158237, 0.142576, 0.996195, -3.71201e-12, -0.0871557, -4.46982e-12, -1, -8.49977e-12, -0.0871557, 8.857e-12, -0.996195, 0
3.22, 2025-07-03__00-38-49.502123, -0.0474636, -0.0815107, 0.0342111, -2.28748, -0.0353838, 2.15752, 0.743407, 0.000385761, -0.000672792, 0.00051653, 9.33717e-05, 0.000497366, 5.26962e-05, 0.00020778, -0.149792, 0.0459006, -0.170157, 0.0153955, -0.0290957, 0.163137, -0.272171, 0, 0, 0, 0, 0, 0, 0, 0.485561, -0.0155217, 0.14251, 0.486346, -0.0158237, 0.142576, 0.996195, -3.71201e-12, -0.0871557, -4.46982e-12, -1, -8.49977e-12, -0.0871557, 8.857e-12, -0.996195, 0
3.23, 2025-07-03__00-38-49.512126, -0.0474619, -0.081511, 0.034209, -2.28749, -0.0353814, 2.15752, 0.743401, -0.00284519, 0.00108187, -0.000773049, 0.000782838, -0.000221762, 0.000228007, -0.000748024, -0.0457991, -0.00968755, -0.0649809, 0.0315171, -0.0244581, 0.164396, -0.266232, 0, 0, 0, 0, 0, 0, 0, 0.485556, -0.0155204, 0.142508, 0.486346, -0.0158237, 0.142576, 0.996195, -3.71201e-12, -0.0871557, -4.46982e-12, -1, -8.49977e-12, -0.0871557, 8.857e-12, -0.996195, 0
3.24, 2025-07-03__00-38-49.522123, -0.047464, -0.0815082, 0.0342111, -2.28749, -0.0353815, 2.15752, 0.743403, -6.17352e-05, 0.00041435, 0.000141236, -0.000921766, -8.59009e-05, -8.15329e-05, -0.00083906, -0.130526, -0.0134818, -0.150642, 0.0570631, -0.0248166, 0.169954, -0.265553, 0, 0, 0, 0, 0, 0, 0, 0.485556, -0.0155209, 0.142507, 0.486346, -0.0158237, 0.142576, 0.996195, -3.71201e-12, -0.0871557, -4.46982e-12, -1, -8.49977e-12, -0.0871557, 8.857e-12, -0.996195, 0
3.25, 2025-07-03__00-38-49.532125, -0.047462, -0.0815085, 0.0342111, -2.28748, -0.0353806, 2.15752, 0.743404, 0.000520657, 0.00124051, 0.000127967, 0.00131856, -0.000336145, -4.63667e-05, 0.000726506, -0.14271, -0.00315988, -0.162661, 0.0235898, -0.0242564, 0.164241, -0.275103, 0, 0, 0, 0, 0, 0, 0, 0.485557, -0.0155198, 0.142509, 0.486346, -0.0158237, 0.142576, 0.996195, -3.71201e-12, -0.0871557, -4.46982e-12, -1, -8.49977e-12, -0.0871557, 8.857e-12, -0.996195, 0
3.26, 2025-07-03__00-38-49.542125, -0.0474648, -0.081511, 0.0342086, -2.28749, -0.0353806, 2.15752, 0.7434, -0.000830029, -0.00044799, -0.000785247, -0.00117005, -0.000179943, 5.16323e-05, -0.00128231, -0.0920038, 0.0131659, -0.111425, 0.0463579, -0.0242598, 0.168075, -0.262802, 0, 0, 0, 0, 0, 0, 0, 0.485561, -0.0155212, 0.142512, 0.486346, -0.0158237, 0.142576, 0.996195, -3.71201e-12, -0.0871557, -4.46982e-12, -1, -8.49977e-12, -0.0871557, 8.857e-12, -0.996195, 0
3.27, 2025-07-03__00-38-49.552126, -0.047465, -0.0815109, 0.0342111, -2.28748, -0.0353802, 2.15752, 0.7434, -0.00153581, -0.000526028, 0.000135301, 0.00141309, 8.56619e-05, -0.000223304, -0.000381501, -0.0968236, 0.0605502, -0.116711, -0.00840242, -0.0271206, 0.161587, -0.26834, 0, 0, 0, 0, 0, 0, 0, 0.485556, -0.0155204, 0.142507, 0.486346, -0.0158237, 0.142576, 0.996195, -3.71201e-12, -0.0871557, -4.46982e-12, -1, -8.49977e-12, -0.0871557, 8.857e-12, -0.996195, 0
3.28, 2025-07-03__00-38-49.562112, -0.0474671, -0.081513, 0.0342111, -2.28749, -0.0353838, 2.15752, 0.743405, -0.0010227, -0.000675328, 0.000127836, -0.0019007, 1.59921e-06, -0.000506338, 0.0011009, -0.108566, 0.00915478, -0.128735, 0.058789, -0.0251405, 0.173485, -0.277462, 0, 0, 0, 0, 0, 0, 0, 0.485562, -0.0155192, 0.142512, 0.486346, -0.0158237, 0.142576, 0.996195, -3.71201e-12, -0.0871557, -4.46982e-12, -1, -8.49977e-12, -0.0871557, 8.857e-12, -0.996195, 0
3.29, 2025-07-03__00-38-49.572110, -0.0474672, -0.0815079, 0.0342133, -2.28749, -0.0353828, 2.15752, 0.743405, -0.000439231, -0.000868773, 0.00097441, -0.00315031, -0.000568227, 0.00139971, 0.000998342, -0.142096, -0.00168396, -0.163013, 0.0764926, -0.0211216, 0.16369, -0.276734, 0, 0, 0, 0, 0, 0, 0, 0.485559, -0.0155236, 0.142507, 0.486346, -0.0158237, 0.142576, 0.996195, -3.71201e-12, -0.0871557, -4.46982e-12, -1, -8.49977e-12, -0.0871557, 8.857e-12, -0.996195, 0
3.3, 2025-07-03__00-38-49.582111, -0.0474644, -0.0815138, 0.0342139, -2.28748, -0.0353808, 2.15752, 0.7434, 0.000191858, -0.00128387, 0.00126724, 0.000608774, -0.000370114, 0.000455321, -0.0006308, -0.163327, 0.0785619, -0.184208, -0.00646436, -0.0240765, 0.157356, -0.266642, 0, 0, 0, 0, 0, 0, 0, 0.485556, -0.0155213, 0.142507, 0.486346, -0.0158237, 0.142576, 0.996195, -3.71201e-12, -0.0871557, -4.46982e-12, -1, -8.49977e-12, -0.0871557, 8.857e-12, -0.996195, 0
3.31, 2025-07-03__00-38-49.592111, -0.0474619, -0.081511, 0.0342111, -2.28748, -0.0353854, 2.15752, 0.743403, 0.00131603, -0.000176496, -0.000290471, 0.00128384, -0.000297919, -7.05356e-05, 0.000897919, -0.15226, 0.0479236, -0.171998, 0.000252919, -0.0244908, 0.161368, -0.276076, 0, 0, 0, 0, 0, 0, 0, 0.485562, -0.0155187, 0.142512, 0.486346, -0.0158237, 0.142576, 0.996195, -3.71201e-12, -0.0871557, -4.46982e-12, -1, -8.49977e-12, -0.0871557, 8.857e-12, -0.996195, 0
3.32, 2025-07-03__00-38-49.602110, -0.0474671, -0.081511, 0.0342111, -2.28749, -0.0353813, 2.15752, 0.743401, -0.000224589, -0.000430837, 0.000359297, -0.0013208, -0.000492212, -0.000290628, -0.00032476, -0.131719, 0.0105011, -0.152035, 0.0513144, -0.0223053, 0.170713, -0.268524, 0, 0, 0, 0, 0, 0, 0, 0.485561, -0.0155227, 0.142512, 0.486346, -0.0158237, 0.142576, 0.996195, -3.71201e-12, -0.0871557, -4.46982e-12, -1, -8.49977e-12, -0.0871557, 8.857e-12, -0.996195, 0
3.33, 2025-07-03__00-38-49.612113, -0.0474651, -0.0815138, 0.0342139, -2.28749, -0.0353808, 2.15752, 0.743401, -0.00292621, -0.00159388, -4.23282e-05, -0.00134089, -0.000107937, -0.000748524, -0.000373178, -0.0631892, 0.0496209, -0.0831355, 0.0322862, -0.0248547, 0.171711, -0.268446, 0, 0, 0, 0, 0, 0, 0, 0.485561, -0.0155194, 0.142511, 0.486346, -0.0158237, 0.142576, 0.996195, -3.71201e-12, -0.0871557, -4.46982e-12, -1, -8.49977e-12, -0.0871557, 8.857e-12, -0.996195, 0
3.34, 2025-07-03__00-38-49.622110, -0.0474639, -0.0815088, 0.0342116, -2.28748, -0.0353817, 2.15752, 0.743405, 1.93902e-05, -0.000733314, -0.00016467, 0.000231404, 6.17226e-05, 0.000147079, 0.00147723, -0.125972, 0.0490999, -0.145814, 0.0114816, -0.0266178, 0.162051, -0.27979, 0, 0, 0, 0, 0, 0, 0, 0.485561, -0.01552, 0.142511, 0.486346, -0.0158237, 0.142576, 0.996195, -3.71201e-12, -0.0871557, -4.46982e-12, -1, -8.49977e-12, -0.0871557, 8.857e-12, -0.996195, 0
3.35, 2025-07-03__00-38-49.632112, -0.0474641, -0.081511, 0.0342143, -2.28748, -0.0353808, 2.15752, 0.743401, -0.000699434, -0.000175195, 0.000613096, 0.000128541, -0.000202397, -5.86045e-05, -0.00715277, -0.128022, 0.0276658, -0.14842, 0.0235882, -0.0242627, 0.165124, -0.22723, 0, 0, 0, 0, 0, 0, 0, 0.485561, -0.0155201, 0.142511, 0.486346, -0.0158237, 0.142576, 0.996195, -3.71201e-12, -0.0871557, -4.46982e-12, -1, -8.49977e-12, -0.0871557, 8.857e-12, -0.996195, 0
3.36, 2025-07-03__00-38-49.642114, -0.0474636, -0.081506, 0.0342119, -2.28749, -0.0353811, 2.15752, 0.743397, -0.000228783, 0.000197059, -0.000777107, 0.000246156, -1.21717e-05, -0.00031677, -0.00440513, -0.106193, 0.0117252, -0.125559, 0.0306454, -0.0255496, 0.167795, -0.243697, 0, 0, 0, 0, 0, 0, 0, 0.485555, -0.0155166, 0.142505, 0.486346, -0.0158237, 0.142576, 0.996195, -3.71201e-12, -0.0871557, -4.46982e-12, -1, -8.49977e-12, -0.0871557, 8.857e-12, -0.996195, 0
3.37, 2025-07-03__00-38-49.652123, -0.0474634, -0.0815084, 0.0342111, -2.28748, -0.0353793, 2.15752, 0.743409, 0.000222868, 0.000686893, -0.00140596, -0.000415926, 0.000340923, -0.000563901, 0.000795793, -0.101494, -0.0148119, -0.12045, 0.050191, -0.0279559, 0.172114, -0.275922, 0, 0, 0, 0, 0, 0, 0, 0.485562, -0.0155188, 0.142512, 0.486346, -0.0158237, 0.142576, 0.996195, -3.71201e-12, -0.0871557, -4.46982e-12, -1, -8.49977e-12, -0.0871557, 8.857e-12, -0.996195, 0
3.38, 2025-07-03__00-38-49.662112, -0.0474622, -0.0815064, 0.0342118, -2.28749, -0.0353802, 2.15752, 0.743404, 0.000255259, 6.2153e-05, -0.000625112, -0.000645327, 9.5232e-05, -0.00390095, 0.000317985, -0.120563, -0.00539077, -0.140133, 0.0572553, -0.0263652, 0.194729, -0.27259, 0, 0, 0, 0, 0, 0, 0, 0.485561, -0.0155189, 0.142511, 0.486346, -0.0158237, 0.142576, 0.996195, -3.71201e-12, -0.0871557, -4.46982e-12, -1, -8.49977e-12, -0.0871557, 8.857e-12, -0.996195, 0
3.39, 2025-07-03__00-38-49.672110, -0.0474636, -0.0815082, 0.034209, -2.28749, -0.0353848, 2.15752, 0.743401, 0.00034644, 0.00130315, -0.00100557, -0.000584976, -0.000199339, -0.00243588, -0.00122472, -0.112395, -0.0452048, -0.131659, 0.072148, -0.023908, 0.187145, -0.263064, 0, 0, 0, 0, 0, 0, 0, 0.485561, -0.0155209, 0.142512, 0.486346, -0.0158237, 0.142576, 0.996195, -3.71201e-12, -0.0871557, -4.46982e-12, -1, -8.49977e-12, -0.0871557, 8.857e-12, -0.996195, 0
3.4, 2025-07-03__00-38-49.682114, -0.0474661, -0.0815089, 0.034217, -2.28749, -0.0353799, 2.15752, 0.743405, -0.000512256, -0.00044888, 0.000951327, -3.92396e-05, 9.18961e-05, -0.000182536, 0.00128504, -0.139864, 0.0325217, -0.16054, 0.0249388, -0.0266904, 0.166002, -0.278574, 0, 0, 0, 0, 0, 0, 0, 0.485556, -0.0155174, 0.142507, 0.486346, -0.0158237, 0.142576, 0.996195, -3.71201e-12, -0.0871557, -4.46982e-12, -1, -8.49977e-12, -0.0871557, 8.857e-12, -0.996195, 0
3.41, 2025-07-03__00-38-49.692111, -0.0474644, -0.0815108, 0.0342118, -2.28749, -0.0353832, 2.15752, 0.743406, -0.000500352, -0.000378398, -0.000387252, -0.00137438, 8.83079e-06, -0.000607475, 0.0067162, -0.108818, 0.00650007, -0.128582, 0.0536125, -0.0257815, 0.173126, -0.311554, 0, 0, 0, 0, 0, 0, 0, 0.485561, -0.0155186, 0.142512, 0.486346, -0.0158237, 0.142576, 0.996195, -3.71201e-12, -0.0871557, -4.46982e-12, -1, -8.49977e-12, -0.0871557, 8.857e-12, -0.996195, 0
3.42, 2025-07-03__00-38-49.702111, -0.047462, -0.081511, 0.0342136, -2.28749, -0.0353806, 2.15752, 0.743398, 0.00038702, -0.000356044, 0.000772641, -0.00232716, 0.000229274, -0.000331409, -0.00113975, -0.156965, -0.00823481, -0.177654, 0.0730457, -0.0263798, 0.174138, -0.263376, 0, 0, 0, 0, 0, 0, 0, 0.485565, -0.0155229, 0.142513, 0.486346, -0.0158237, 0.142576, 0.996195, -3.71201e-12, -0.0871557, -4.46982e-12, -1, -8.49977e-12, -0.0871557, 8.857e-12, -0.996195, 0
3.43, 2025-07-03__00-38-49.712114, -0.0474608, -0.081511, 0.034212, -2.28748, -0.0353805, 2.15752, 0.743398, 0.00124297, 0.000194875, 0.000298127, 0.000183164, -0.000212905, 0.000355718, -0.000922904, -0.164594, 0.0175079, -0.184783, 0.0276013, -0.0246323, 0.162575, -0.26472, 0, 0, 0, 0, 0, 0, 0, 0.485562, -0.0155176, 0.142514, 0.486346, -0.0158237, 0.142576, 0.996195, -3.71201e-12, -0.0871557, -4.46982e-12, -1, -8.49977e-12, -0.0871557, 8.857e-12, -0.996195, 0
3.44, 2025-07-03__00-38-49.722112, -0.0474623, -0.0815108, 0.034209, -2.28749, -0.0353819, 2.15752, 0.7434, 0.000174971, -0.000170343, -0.00105408, -0.00132119, 6.80182e-07, -0.000268149, -0.000604415, -0.109124, 0.000533711, -0.128399, 0.0551417, -0.0252817, 0.171243, -0.26686, 0, 0, 0, 0, 0, 0, 0, 0.485561, -0.0155188, 0.142512, 0.486346, -0.0158237, 0.142576, 0.996195, -3.71201e-12, -0.0871557, -4.46982e-12, -1, -8.49977e-12, -0.0871557, 8.857e-12, -0.996195, 0
3.45, 2025-07-03__00-38-49.732114, -0.0474621, -0.0815078, 0.0342194, -2.28749, -0.0353809, 2.15752, 0.743401, -0.000763334, 0.00059905, 0.001662, -0.00126511, -8.0343e-05, -0.000128831, -0.00593539, -0.151724, -0.025491, -0.172987, 0.0677619, -0.0243398, 0.171756, -0.234496, 0, 0, 0, 0, 0, 0, 0, 0.485562, -0.0155199, 0.142512, 0.486346, -0.0158237, 0.142576, 0.996195, -3.71201e-12, -0.0871557, -4.46982e-12, -1, -8.49977e-12, -0.0871557, 8.857e-12, -0.996195, 0
3.46, 2025-07-03__00-38-49.742112, -0.0474594, -0.0815064, 0.0342169, -2.28749, -0.0353817, 2.15752, 0.743398, -0.0011746, -0.000370112, -0.00099068, 0.00114355, -0.000118835, -0.000257515, 0.00314553, -0.0817552, 0.0466531, -0.100895, 0.00232881, -0.0258049, 0.163362, -0.289596, 0, 0, 0, 0, 0, 0, 0, 0.485556, -0.0155155, 0.142506, 0.486346, -0.0158237, 0.142576, 0.996195, -3.71201e-12, -0.0871557, -4.46982e-12, -1, -8.49977e-12, -0.0871557, 8.857e-12, -0.996195, 0
3.47, 2025-07-03__00-38-49.752111, -0.0474667, -0.0815135, 0.0342143, -2.28748, -0.035384, 2.15752, 0.743405, -0.00192372, -0.00128392, 0.000570802, -0.000379831, -0.000116686, -0.000272415, 0.000558891, -0.0991316, 0.0584102, -0.119515, 0.0149989, -0.0251054, 0.165672, -0.274257, 0, 0, 0, 0, 0, 0, 0, 0.485561, -0.0155188, 0.142512, 0.486346, -0.0158237, 0.142576, 0.996195, -3.71201e-12, -0.0871557, -4.46982e-12, -1, -8.49977e-12, -0.0871557, 8.857e-12, -0.996195, 0
3.48, 2025-07-03__00-38-49.762114, -0.0474588, -0.0815085, 0.0342111, -2.28748, -0.0353848, 2.15752, 0.743398, 0.00196339, 0.000785494, -0.00100354, 0.000156641, -0.000428941, -0.000607447, -0.0104142, -0.151586, -0.00763259, -0.170903, 0.0415419, -0.022297, 0.170889, -0.207179, 0, 0, 0, 0, 0, 0, 0, 0.485561, -0.015521, 0.142512, 0.486346, -0.0158237, 0.142576, 0.996195, -3.71201e-12, -0.0871557, -4.46982e-12, -1, -8.49977e-12, -0.0871557, 8.857e-12, -0.996195, 0
3.49, 2025-07-03__00-38-49.772113, -0.047462, -0.081511, 0.0342171, -2.28748, -0.035381, 2.15752, 0.743401, 0.000314937, -0.000793823, 0.000958946, 0.000294319, 9.1565e-05, 9.64621e-05, -0.000278651, -0.160049, 0.0540257, -0.180734, 0.00942472, -0.0267683, 0.161914, -0.268844, 0, 0, 0, 0, 0, 0, 0, 0.485562, -0.0155166, 0.142512, 0.486346, -0.0158237, 0.142576, 0.996195, -3.71201e-12, -0.0871557, -4.46982e-12, -1, -8.49977e-12, -0.0871557, 8.857e-12, -0.996195, 0
3.5, 2025-07-03__00-38-49.782113, -0.0474612, -0.0815138, 0.0342143, -2.28749, -0.0353799, 2.15752, 0.743399, -4.89772e-05, -0.00143084, 2.72991e-05, -0.000512321, 0.000164459, 0.00026384, 0.000169227, -0.130825, 0.0620016, -0.150861, 0.0157101, -0.0270303, 0.162228, -0.271518, 0, 0, 0, 0, 0, 0, 0, 0.485561, -0.015516, 0.142511, 0.486346, -0.0158237, 0.142576, 0.996195, -3.71201e-12, -0.0871557, -4.46982e-12, -1, -8.49977e-12, -0.0871557, 8.857e-12, -0.996195, 0
3.51, 2025-07-03__00-38-49.792115, -0.0474598, -0.0815103, 0.0342118, -2.28748, -0.0353819, 2.15752, 0.743401, 0.00137099, -0.000151566, -0.00103809, -4.01343e-05, -0.000564843, -0.000240748, 0.00133797, -0.137382, 0.0237086, -0.156653, 0.0279819, -0.0224858, 0.166702, -0.278622, 0, 0, 0, 0, 0, 0, 0, 0.485561, -0.0155214, 0.142511, 0.486346, -0.0158237, 0.142576, 0.996195, -3.71201e-12, -0.0871557, -4.46982e-12, -1, -8.49977e-12, -0.0871557, 8.857e-12, -0.996195, 0
3.52, 2025-07-03__00-38-49.802113, -0.0474623, -0.0815116, 0.0342141, -2.28748, -0.0353834, 2.15752, 0.743402, 0.000191981, -0.00144728, 0.000206768, 0.000317159, 0.000201153, -0.000435155, 0.00116421, -0.139718, 0.0761942, -0.15986, -0.000799281, -0.0275416, 0.164155, -0.277698, 0, 0, 0, 0, 0, 0, 0, 0.485561, -0.0155206, 0.142511, 0.486346, -0.0158237, 0.142576, 0.996195, -3.71201e-12, -0.0871557, -4.46982e-12, -1, -8.49977e-12, -0.0871557, 8.857e-12, -0.996195, 0
3.53, 2025-07-03__00-38-49.812116, -0.0474623, -0.0815056, 0.0342143, -2.28748, -0.0353806, 2.15752, 0.743399, 0.000439885, 0.00121359, 0.000764121, -0.000119636, -3.25305e-05, -0.000406211, -0.00154965, -0.156423, -0.0276824, -0.176933, 0.0539304, -0.0253928, 0.171108, -0.260959, 0, 0, 0, 0, 0, 0, 0, 0.485561, -0.0155202, 0.142511, 0.486346, -0.0158237, 0.142576, 0.996195, -3.71201e-12, -0.0871557, -4.46982e-12, -1, -8.49977e-12, -0.0871557, 8.857e-12, -0.996195, 0
3.54, 2025-07-03__00-38-49.822114, -0.0474669, -0.0815137, 0.0342118, -2.28748, -0.03538, 2.15752, 0.743402, 8.51825e-05, -0.000993576, 6.53593e-05, 0.000556284, 1.58397e-05, -0.000288605, -1.60059e-06, -0.132243, 0.0648023, -0.152228, 0.0011815, -0.0265215, 0.163404, -0.270648, 0, 0, 0, 0, 0, 0, 0, 0.485556, -0.0155224, 0.142508, 0.486346, -0.0158237, 0.142576, 0.996195, -3.71201e-12, -0.0871557, -4.46982e-12, -1, -8.49977e-12, -0.0871557, 8.857e-12, -0.996195, 0
3.55, 2025-07-03__00-38-49.832112, -0.0474671, -0.0815138, 0.0342142, -2.28748, -0.0353831, 2.15752, 0.743397, -0.000364752, -0.000890219, 0.000573349, -0.000508098, 0.000124941, -0.000209182, -0.00172485, -0.134362, 0.0435284, -0.15478, 0.0242572, -0.0264064, 0.166358, -0.259881, 0, 0, 0, 0, 0, 0, 0, 0.485561, -0.0155214, 0.142512, 0.486346, -0.0158237, 0.142576, 0.996195, -3.71201e-12, -0.0871557, -4.46982e-12, -1, -8.49977e-12, -0.0871557, 8.857e-12, -0.996195, 0
3.56, 2025-07-03__00-38-49.842112, -0.0474619, -0.0815076, 0.0342143, -2.28748, -0.0353799, 2.15752, 0.743399, 0.0011736, 0.000400301, 0.000283009, 1.3488e-05, 6.0038e-05, -9.81119e-05, -0.000254343, -0.162741, 0.00515687, -0.182934, 0.0362803, -0.0263193, 0.166731, -0.268832, 0, 0, 0, 0, 0, 0, 0, 0.485561, -0.0155175, 0.142511, 0.486346, -0.0158237, 0.142576, 0.996195, -3.71201e-12, -0.0871557, -4.46982e-12, -1, -8.49977e-12, -0.0871557, 8.857e-12, -0.996195, 0
3.57, 2025-07-03__00-38-49.852113, -0.0474643, -0.0815081, 0.0342118, -2.28748, -0.0353832, 2.15752, 0.743404, 0.00175198, 9.52281e-05, -0.000741286, 0.000279734, 0.000217803, -0.000451172, 0.000952236, -0.151505, 0.0196089, -0.170985, 0.0265059, -0.0274015, 0.167709, -0.276464, 0, 0, 0, 0, 0, 0, 0, 0.485556, -0.0155191, 0.142507, 0.486346, -0.0158237, 0.142576, 0.996195, -3.71201e-12, -0.0871557, -4.46982e-12, -1, -8.49977e-12, -0.0871557, 8.857e-12, -0.996195, 0
3.58, 2025-07-03__00-38-49.862112, -0.0474623, -0.08151, 0.0342141, -2.28749, -0.0353844, 2.15752, 0.743394, -0.000347745, -0.000152806, 0.000538455, -0.00162707, -0.000384103, 0.000272093, -0.00101462, -0.134748, -0.00360975, -0.155207, 0.0606548, -0.0225259, 0.168394, -0.263931, 0, 0, 0, 0, 0, 0, 0, 0.485561, -0.0155191, 0.142511, 0.486346, -0.0158237, 0.142576, 0.996195, -3.71201e-12, -0.0871557, -4.46982e-12, -1, -8.49977e-12, -0.0871557, 8.857e-12, -0.996195, 0
3.59, 2025-07-03__00-38-49.872113, -0.0474665, -0.0815064, 0.0342118, -2.28748, -0.0353808, 2.15752, 0.7434, -0.00118628, 0.000311273, -0.000756365, 0.000995619, 0.0032934, -0.000128185, -0.00116294, -0.0839437, 0.0224332, -0.103141, 0.0130424, -0.0467824, 0.16424, -0.263818, 0, 0, 0, 0, 0, 0, 0, 0.485556, -0.0155152, 0.142507, 0.486346, -0.0158237, 0.142576, 0.996195, -3.71201e-12, -0.0871557, -4.46982e-12, -1, -8.49977e-12, -0.0871557, 8.857e-12, -0.996195, 0
3.6, 2025-07-03__00-38-49.882114, -0.0474619, -0.0815088, 0.0342143, -2.28748, -0.0353824, 2.15752, 0.743405, 0.00146327, -0.000719257, 0.000955852, 6.51069e-05, -0.000204726, 3.86574e-05, 0.000819604, -0.185311, 0.0473606, -0.206063, 0.016203, -0.024855, 0.163063, -0.275628, 0, 0, 0, 0, 0, 0, 0, 0.485561, -0.0155206, 0.14251, 0.486346, -0.0158237, 0.142576, 0.996195, -3.71201e-12, -0.0871557, -4.46982e-12, -1, -8.49977e-12, -0.0871557, 8.857e-12, -0.996195, 0
3.61, 2025-07-03__00-38-49.892113, -0.0474619, -0.0815075, 0.0342115, -2.28748, -0.0353812, 2.15752, 0.743399, 0.000521911, 0.000373077, -0.00138935, 0.000638527, -0.000322261, 0.000196367, -0.000170971, -0.109196, 0.0154546, -0.128106, 0.0218226, -0.0240819, 0.162982, -0.269465, 0, 0, 0, 0, 0, 0, 0, 0.485555, -0.0155168, 0.142505, 0.486346, -0.0158237, 0.142576, 0.996195, -3.71201e-12, -0.0871557, -4.46982e-12, -1, -8.49977e-12, -0.0871557, 8.857e-12, -0.996195, 0
3.62, 2025-07-03__00-38-49.902113, -0.0474598, -0.0815082, 0.0342143, -2.28749, -0.0353832, 2.15752, 0.743401, 0.000467305, -0.000659901, 0.000637807, -0.000524503, 1.48226e-05, 0.000124547, 0.000148637, -0.156129, 0.0327649, -0.17664, 0.0306124, -0.0257854, 0.164875, -0.271396, 0, 0, 0, 0, 0, 0, 0, 0.485561, -0.0155211, 0.14251, 0.486346, -0.0158237, 0.142576, 0.996195, -3.71201e-12, -0.0871557, -4.46982e-12, -1, -8.49977e-12, -0.0871557, 8.857e-12, -0.996195, 0
3.63, 2025-07-03__00-38-49.912114, -0.0474644, -0.0815107, 0.0342118, -2.28748, -0.0353831, 2.15752, 0.7434, 0.000958751, -0.000698635, -0.00045749, 0.000277905, 0.000196398, 0.000390681, -0.000121841, -0.140667, 0.0502716, -0.160324, 0.0101792, -0.0272902, 0.160235, -0.269787, 0, 0, 0, 0, 0, 0, 0, 0.485561, -0.0155228, 0.142511, 0.486346, -0.0158237, 0.142576, 0.996195, -3.71201e-12, -0.0871557, -4.46982e-12, -1, -8.49977e-12, -0.0871557, 8.857e-12, -0.996195, 0
3.64, 2025-07-03__00-38-49.922114, -0.0474669, -0.0815054, 0.0342143, -2.28748, -0.0353806, 2.15752, 0.743397, -0.000194098, 0.000293754, 0.000309412, 4.78893e-05, -6.063e-05, -0.000376678, -0.00022985, -0.13119, 0.00716317, -0.15135, 0.0347619, -0.0255129, 0.168513, -0.268921, 0, 0, 0, 0, 0, 0, 0, 0.48556, -0.0155209, 0.14251, 0.486346, -0.0158237, 0.142576, 0.996195, -3.71201e-12, -0.0871557, -4.46982e-12, -1, -8.49977e-12, -0.0871557, 8.857e-12, -0.996195, 0
3.65, 2025-07-03__00-38-49.932114, -0.0474615, -0.0815109, 0.0342143, -2.28748, -0.0353806, 2.15752, 0.743401, 0.000322929, -0.000491717, -0.000592683, 0.000248458, -0.00023529, 0.00034785, 0.00100847, -0.124183, 0.0418175, -0.143723, 0.0143119, -0.0247419, 0.161103, -0.276712, 0, 0, 0, 0, 0, 0, 0, 0.485562, -0.0155192, 0.142512, 0.486346, -0.0158237, 0.142576, 0.996195, -3.71201e-12, -0.0871557, -4.46982e-12, -1, -8.49977e-12, -0.0871557, 8.857e-12, -0.996195, 0
3.66, 2025-07-03__00-38-49.942115, -0.0474633, -0.0815082, 0.0342144, -2.28749, -0.0353837, 2.15752, 0.743399, -0.000387673, 0.000401253, 6.27693e-05, -0.000664169, -9.17257e-05, 0.000106844, -0.000915923, -0.122235, -0.00855684, -0.142282, 0.050988, -0.0247208, 0.167885, -0.264882, 0, 0, 0, 0, 0, 0, 0, 0.485561, -0.015516, 0.142512, 0.486346, -0.0158237, 0.142576, 0.996195, -3.71201e-12, -0.0871557, -4.46982e-12, -1, -8.49977e-12, -0.0871557, 8.857e-12, -0.996195, 0
3.67, 2025-07-03__00-38-49.952112, -0.0474613, -0.0815103, 0.0342151, -2.28748, -0.03538, 2.15752, 0.743404, 0.00034737, 0.000166848, 0.000566631, 0.000871749, 0.000259676, -2.13354e-06, 0.000517491, -0.150716, 0.0287382, -0.171042, 0.0140536, -0.0280103, 0.162937, -0.273874, 0, 0, 0, 0, 0, 0, 0, 0.485561, -0.0155191, 0.142511, 0.486346, -0.0158237, 0.142576, 0.996195, -3.71201e-12, -0.0871557, -4.46982e-12, -1, -8.49977e-12, -0.0871557, 8.857e-12, -0.996195, 0
3.68, 2025-07-03__00-38-49.962113, -0.0474623, -0.0815084, 0.034214, -2.28749, -0.0353805, 2.15752, 0.7434, 0.00030071, 0.00103059, -0.00109342, -0.000794622, -0.000165091, 8.07589e-05, 0.00011829, -0.111243, -0.0335268, -0.130458, 0.0640301, -0.0243671, 0.169832, -0.271228, 0, 0, 0, 0, 0, 0, 0, 0.485562, -0.0155187, 0.142512, 0.486346, -0.0158237, 0.142576, 0.996195, -3.71201e-12, -0.0871557, -4.46982e-12, -1, -8.49977e-12, -0.0871557, 8.857e-12, -0.996195, 0
3.69, 2025-07-03__00-38-49.972112, -0.0474634, -0.0815107, 0.0342144, -2.28748, -0.0353792, 2.15752, 0.743401, 7.49754e-05, -0.000833131, -0.000151869, 8.86544e-05, 0.000280527, -0.000388385, -0.00621522, -0.12878, 0.0497601, -0.148656, 0.0141436, -0.0275688, 0.166095, -0.232955, 0, 0, 0, 0, 0, 0, 0, 0.485555, -0.015517, 0.142505, 0.486346, -0.0158237, 0.142576, 0.996195, -3.71201e-12, -0.0871557, -4.46982e-12, -1, -8.49977e-12, -0.0871557, 8.857e-12, -0.996195, 0
3.7, 2025-07-03__00-38-49.982113, -0.0474643, -0.0815101, 0.0342168, -2.28748, -0.0353805, 2.15752, 0.743405, -0.000329426, -0.000849892, -0.000105493, -0.000791516, -0.000207261, -6.43793e-05, 0.00111028, -0.120806, 0.0359064, -0.140784, 0.0307202, -0.0245667, 0.166378, -0.277539, 0, 0, 0, 0, 0, 0, 0, 0.485561, -0.0155183, 0.14251, 0.486346, -0.0158237, 0.142576, 0.996195, -3.71201e-12, -0.0871557, -4.46982e-12, -1, -8.49977e-12, -0.0871557, 8.857e-12, -0.996195, 0
3.71, 2025-07-03__00-38-49.992112, -0.0474665, -0.081511, 0.0342119, -2.28749, -0.0353815, 2.15752, 0.743402, -0.00125834, -4.63089e-05, -0.00111662, 0.000391745, -0.0002473, -0.000147603, -0.000894956, -0.0744401, 0.0240501, -0.0935256, 0.0219344, -0.0243868, 0.165619, -0.265329, 0, 0, 0, 0, 0, 0, 0, 0.485557, -0.0155169, 0.142508, 0.486346, -0.0158237, 0.142576, 0.996195, -3.71201e-12, -0.0871557, -4.46982e-12, -1, -8.49977e-12, -0.0871557, 8.857e-12, -0.996195, 0
3.72, 2025-07-03__00-38-50.002111, -0.0474615, -0.0815082, 0.0342122, -2.28748, -0.0353805, 2.15752, 0.743402, -0.000524744, 0.000395907, -0.00172014, -0.000836888, 3.23228e-05, -7.83045e-05, 0.00104668, -0.0784089, -0.011295, -0.0971329, 0.0522631, -0.0257825, 0.169533, -0.277076, 0, 0, 0, 0, 0, 0, 0, 0.485561, -0.0155164, 0.142512, 0.486346, -0.0158237, 0.142576, 0.996195, -3.71201e-12, -0.0871557, -4.46982e-12, -1, -8.49977e-12, -0.0871557, 8.857e-12, -0.996195, 0
3.73, 2025-07-03__00-38-50.012113, -0.0474613, -0.0815075, 0.0342151, -2.28748, -0.0353795, 2.15752, 0.743396, 0.000773637, 0.000192724, 0.000944589, -0.000967276, 0.000333104, -0.00029965, -0.000785476, -0.169409, -0.00409609, -0.190122, 0.0532807, -0.0276271, 0.170656, -0.265415, 0, 0, 0, 0, 0, 0, 0, 0.48556, -0.0155204, 0.142509, 0.486346, -0.0158237, 0.142576, 0.996195, -3.71201e-12, -0.0871557, -4.46982e-12, -1, -8.49977e-12, -0.0871557, 8.857e-12, -0.996195, 0
3.74, 2025-07-03__00-38-50.022113, -0.0474675, -0.0815103, 0.034215, -2.28749, -0.0353799, 2.15752, 0.743398, -0.00109428, 0.00030619, -0.000369679, -0.000773424, 0.000152694, 0.000152564, -0.00108971, -0.0956929, -0.00692904, -0.115384, 0.0507106, -0.0264049, 0.16779, -0.263867, 0, 0, 0, 0, 0, 0, 0, 0.485562, -0.01552, 0.142514, 0.486346, -0.0158237, 0.142576, 0.996195, -3.71201e-12, -0.0871557, -4.46982e-12, -1, -8.49977e-12, -0.0871557, 8.857e-12, -0.996195, 0
3.75, 2025-07-03__00-38-50.032114, -0.0474616, -0.0815061, 0.0342127, -2.28748, -0.0353825, 2.15752, 0.743396, 0.000730293, 0.000694797, -9.21264e-05, -0.000130194, 0.000406949, -0.000710146, -0.000306093, -0.143625, -0.0101433, -0.163516, 0.0458968, -0.0282027, 0.172149, -0.268379, 0, 0, 0, 0, 0, 0, 0, 0.485561, -0.0155187, 0.142511, 0.486346, -0.0158237, 0.142576, 0.996195, -3.71201e-12, -0.0871557, -4.46982e-12, -1, -8.49977e-12, -0.0871557, 8.857e-12, -0.996195, 0
3.76, 2025-07-03__00-38-50.042113, -0.0474637, -0.0815064, 0.0342166, -2.28748, -0.0353808, 2.15752, 0.743399, 0.000612302, 4.26198e-05, 0.00104655, 0.00172924, -0.000153575, -0.00053909, 0.00100687, -0.167206, 0.0454497, -0.187847, -0.00272327, -0.025794, 0.163742, -0.276483, 0, 0, 0, 0, 0, 0, 0, 0.485556, -0.0155219, 0.142507, 0.486346, -0.0158237, 0.142576, 0.996195, -3.71201e-12, -0.0871557, -4.46982e-12, -1, -8.49977e-12, -0.0871557, 8.857e-12, -0.996195, 0
3.77, 2025-07-03__00-38-50.052113, -0.0474636, -0.0815054, 0.0342144, -2.28749, -0.0353792, 2.15752, 0.743399, 2.03636e-05, 0.000939622, 0.000312321, -0.00022103, 0.00045394, -0.000250761, 0.000391678, -0.13652, -0.0215198, -0.156683, 0.0524869, -0.0286022, 0.170125, -0.272807, 0, 0, 0, 0, 0, 0, 0, 0.485556, -0.0155175, 0.142506, 0.486346, -0.0158237, 0.142576, 0.996195, -3.71201e-12, -0.0871557, -4.46982e-12, -1, -8.49977e-12, -0.0871557, 8.857e-12, -0.996195, 0
3.78, 2025-07-03__00-38-50.062113, -0.0474661, -0.0815049, 0.0342129, -2.28748, -0.0353815, 2.15752, 0.743399, -0.000401061, 0.00149888, -0.000476579, 0.000129825, -0.000391506, 0.000542136, -0.00273166, -0.107856, -0.0334958, -0.127417, 0.0505174, -0.0230112, 0.164691, -0.25391, 0, 0, 0, 0, 0, 0, 0, 0.485561, -0.0155197, 0.142511, 0.486346, -0.0158237, 0.142576, 0.996195, -3.71201e-12, -0.0871557, -4.46982e-12, -1, -8.49977e-12, -0.0871557, 8.857e-12, -0.996195, 0
3.79, 2025-07-03__00-38-50.072114, -0.0474641, -0.0815109, 0.0342142, -2.28748, -0.0353805, 2.15752, 0.743404, 0.000270235, -0.000638463, -0.000613482, 0.0015127, -0.000118644, 0.000227174, 0.00180275, -0.121661, 0.0679535, -0.141111, -0.0134526, -0.0261004, 0.157759, -0.281745, 0, 0, 0, 0, 0, 0, 0, 0.485556, -0.0155181, 0.142508, 0.486346, -0.0158237, 0.142576, 0.996195, -3.71201e-12, -0.0871557, -4.46982e-12, -1, -8.49977e-12, -0.0871557, 8.857e-12, -0.996195, 0
3.8, 2025-07-03__00-38-50.082112, -0.0474669, -0.0815109, 0.0342175, -2.28748, -0.0353805, 2.15752, 0.7434, -0.001035, 0.000304548, 0.000279587, 0.000811294, -0.000171936, -3.44445e-05, -0.000582383, -0.112073, 0.0216652, -0.132156, 0.0173987, -0.0250966, 0.16383, -0.267033, 0, 0, 0, 0, 0, 0, 0, 0.485562, -0.0155171, 0.142513, 0.486346, -0.0158237, 0.142576, 0.996195, -3.71201e-12, -0.0871557, -4.46982e-12, -1, -8.49977e-12, -0.0871557, 8.857e-12, -0.996195, 0
3.81, 2025-07-03__00-38-50.092112, -0.0474622, -0.0815138, 0.0342142, -2.28749, -0.0353845, 2.15752, 0.743402, -9.2207e-05, -0.00147464, -0.000455215, -0.0012095, 0.00680064, -0.000487393, 0.00188227, -0.11884, 0.0511141, -0.138442, 0.0284154, -0.0681371, 0.169585, -0.282498, 0, 0, 0, 0, 0, 0, 0, 0.485561, -0.0155197, 0.142511, 0.486346, -0.0158237, 0.142576, 0.996195, -3.71201e-12, -0.0871557, -4.46982e-12, -1, -8.49977e-12, -0.0871557, 8.857e-12, -0.996195, 0
3.82, 2025-07-03__00-38-50.102112, -0.0474672, -0.0815108, 0.034215, -2.28749, -0.0353838, 2.15752, 0.743396, 2.49524e-05, -0.000377473, -0.000216837, -0.000203721, 0.000433143, 0.00019397, -0.000917563, -0.124981, 0.0282219, -0.144814, 0.0277056, -0.0283356, 0.164151, -0.264756, 0, 0, 0, 0, 0, 0, 0, 0.485556, -0.01552, 0.142506, 0.486346, -0.0158237, 0.142576, 0.996195, -3.71201e-12, -0.0871557, -4.46982e-12, -1, -8.49977e-12, -0.0871557, 8.857e-12, -0.996195, 0
3.83, 2025-07-03__00-38-50.112114, -0.0474706, -0.0815085, 0.0342127, -2.28748, -0.0353815, 2.15752, 0.7434, -0.001357, -0.000132234, -0.000658891, 0.000512175, 1.33076e-05, 0.00088033, 0.000928566, -0.0818733, 0.0324516, -0.101261, 0.0132644, -0.0262178, 0.157663, -0.276289, 0, 0, 0, 0, 0, 0, 0, 0.485561, -0.0155188, 0.14251, 0.486346, -0.0158237, 0.142576, 0.996195, -3.71201e-12, -0.0871557, -4.46982e-12, -1, -8.49977e-12, -0.0871557, 8.857e-12, -0.996195, 0
3.84, 2025-07-03__00-38-50.122113, -0.0474638, -0.081511, 0.0342126, -2.28749, -0.0353799, 2.15752, 0.743394, 0.0049033, -0.000244928, -0.000455059, -0.000929251, 6.4481e-05, -0.000260472, -0.00155041, -0.230528, 0.0135739, -0.250407, 0.0471346, -0.0260468, 0.169275, -0.260507, 0, 0, 0, 0, 0, 0, 0, 0.485562, -0.0155167, 0.142512, 0.486346, -0.0158237, 0.142576, 0.996195, -3.71201e-12, -0.0871557, -4.46982e-12, -1, -8.49977e-12, -0.0871557, 8.857e-12, -0.996195, 0
3.85, 2025-07-03__00-38-50.132112, -0.0474673, -0.0815089, 0.0342114, -2.28748, -0.0353812, 2.15752, 0.743396, -0.000566176, -0.000713098, -0.00167321, 0.000613551, -0.000308154, -5.08652e-05, -0.000903325, -0.0775963, 0.0527558, -0.0962801, 0.00432043, -0.0242672, 0.16257, -0.264945, 0, 0, 0, 0, 0, 0, 0, 0.485561, -0.0155161, 0.14251, 0.486346, -0.0158237, 0.142576, 0.996195, -3.71201e-12, -0.0871557, -4.46982e-12, -1, -8.49977e-12, -0.0871557, 8.857e-12, -0.996195, 0
3.86, 2025-07-03__00-38-50.142113, -0.0474619, -0.0815061, 0.0342154, -2.28748, -0.0353805, 2.15752, 0.743401, 0.00123499, -0.000347166, -0.000248171, 0.000954912, -0.000105693, -0.00031139, 0.000472743, -0.152532, 0.0462692, -0.172321, 0.00552289, -0.0258374, 0.163783, -0.273398, 0, 0, 0, 0, 0, 0, 0, 0.485555, -0.015516, 0.142505, 0.486346, -0.0158237, 0.142576, 0.996195, -3.71201e-12, -0.0871557, -4.46982e-12, -1, -8.49977e-12, -0.0871557, 8.857e-12, -0.996195, 0
3.87, 2025-07-03__00-38-50.152113, -0.0474661, -0.0815085, 0.034215, -2.28749, -0.0353791, 2.15752, 0.7434, -0.00114634, -0.000101326, -0.000332248, -0.000164075, 0.000333567, 0.000205739, 2.98562e-05, -0.0957619, 0.0173548, -0.115444, 0.0315853, -0.0279902, 0.164706, -0.270807, 0, 0, 0, 0, 0, 0, 0, 0.485555, -0.0155183, 0.142505, 0.486346, -0.0158237, 0.142576, 0.996195, -3.71201e-12, -0.0871557, -4.46982e-12, -1, -8.49977e-12, -0.0871557, 8.857e-12, -0.996195, 0
3.88, 2025-07-03__00-38-50.162113, -0.0474661, -0.0815109, 0.0342196, -2.28748, -0.0353805, 2.15752, 0.743403, -0.000860758, -0.00029353, 0.00124105, 0.000997863, -0.000176676, 0.000477502, 0.00145546, -0.138852, 0.0481102, -0.159656, 0.0023109, -0.0254053, 0.158275, -0.279517, 0, 0, 0, 0, 0, 0, 0, 0.485556, -0.0155154, 0.142508, 0.486346, -0.0158237, 0.142576, 0.996195, -3.71201e-12, -0.0871557, -4.46982e-12, -1, -8.49977e-12, -0.0871557, 8.857e-12, -0.996195, 0
3.89, 2025-07-03__00-38-50.172113, -0.047464, -0.0815056, 0.0342173, -2.28748, -0.0353802, 2.15752, 0.743397, -0.000956198, 0.000426227, 0.000917042, 0.00042427, 9.7119e-06, 2.41538e-05, 0.000300857, -0.128897, 0.00964822, -0.149447, 0.0280873, -0.0261147, 0.164886, -0.272167, 0, 0, 0, 0, 0, 0, 0, 0.485561, -0.0155176, 0.142511, 0.486346, -0.0158237, 0.142576, 0.996195, -3.71201e-12, -0.0871557, -4.46982e-12, -1, -8.49977e-12, -0.0871557, 8.857e-12, -0.996195, 0
3.9, 2025-07-03__00-38-50.182115, -0.0474715, -0.0815116, 0.034215, -2.28749, -0.0353834, 2.15752, 0.743399, -0.00224796, -0.00101749, -0.000870084, -0.00257565, 0.000208234, 4.03982e-05, 5.26371e-05, -0.0584871, 0.00916864, -0.0779397, 0.0646595, -0.0260826, 0.171341, -0.270902, 0, 0, 0, 0, 0, 0, 0, 0.485562, -0.0155157, 0.142512, 0.486346, -0.0158237, 0.142576, 0.996195, -3.71201e-12, -0.0871557, -4.46982e-12, -1, -8.49977e-12, -0.0871557, 8.857e-12, -0.996195, 0
3.91, 2025-07-03__00-38-50.192114, -0.0474612, -0.0815061, 0.0342143, -2.28748, -0.0353834, 2.15752, 0.743399, 0.00162449, 0.00100619, -0.000287172, 0.00125642, 0.000643511, -0.000230451, 0.000580422, -0.159412, 0.00357051, -0.179115, 0.0216282, -0.0302424, 0.16519, -0.273942, 0, 0, 0, 0, 0, 0, 0, 0.485556, -0.0155208, 0.142508, 0.486346, -0.0158237, 0.142576, 0.996195, -3.71201e-12, -0.0871557, -4.46982e-12, -1, -8.49977e-12, -0.0871557, 8.857e-12, -0.996195, 0
3.92, 2025-07-03__00-38-50.202114, -0.0474637, -0.0815088, 0.0342173, -2.28748, -0.0353816, 2.15752, 0.743402, -0.00125463, -0.00025281, -0.000192493, 0.000989234, 0.000183923, -0.00034629, 0.000898505, -0.097262, 0.0427387, -0.116993, 0.00539608, -0.027537, 0.164326, -0.276186, 0, 0, 0, 0, 0, 0, 0, 0.485556, -0.0155188, 0.142507, 0.486346, -0.0158237, 0.142576, 0.996195, -3.71201e-12, -0.0871557, -4.46982e-12, -1, -8.49977e-12, -0.0871557, 8.857e-12, -0.996195, 0
3.93, 2025-07-03__00-38-50.212113, -0.0474619, -0.0815101, 0.034215, -2.28749, -0.0353808, 2.15752, 0.743394, -0.000189397, -0.000544812, -0.00063653, -0.000611945, 0.000111024, 0.000156269, -0.000992115, -0.111988, 0.0265468, -0.131522, 0.0333603, -0.0263316, 0.165369, -0.264204, 0, 0, 0, 0, 0, 0, 0, 0.485561, -0.0155173, 0.14251, 0.486346, -0.0158237, 0.142576, 0.996195, -3.71201e-12, -0.0871557, -4.46982e-12, -1, -8.49977e-12, -0.0871557, 8.857e-12, -0.996195, 0
3.94, 2025-07-03__00-38-50.222113, -0.047459, -0.0815079, 0.0342201, -2.28748, -0.0353819, 2.15752, 0.7434, 0.00123044, -0.000630419, -0.00209715, 0.000514101, -1.9657e-05, -6.94068e-05, 0.00117063, -0.112431, 0.0488943, -0.130945, 0.00808811, -0.0261772, 0.162987, -0.277681, 0, 0, 0, 0, 0, 0, 0, 0.485561, -0.0155188, 0.142511, 0.486346, -0.0158237, 0.142576, 0.996195, -3.71201e-12, -0.0871557, -4.46982e-12, -1, -8.49977e-12, -0.0871557, 8.857e-12, -0.996195, 0
3.95, 2025-07-03__00-38-50.232113, -0.0474595, -0.0815107, 0.0342197, -2.28749, -0.0353802, 2.15752, 0.743397, 0.00145143, 0.000231837, -2.04873e-05, -0.000375487, 0.00033924, 5.57732e-05, -0.00059385, -0.164216, 0.0044774, -0.184259, 0.042252, -0.0278504, 0.16674, -0.266672, 0, 0, 0, 0, 0, 0, 0, 0.485557, -0.0155139, 0.142508, 0.486346, -0.0158237, 0.142576, 0.996195, -3.71201e-12, -0.0871557, -4.46982e-12, -1, -8.49977e-12, -0.0871557, 8.857e-12, -0.996195, 0
3.96, 2025-07-03__00-38-50.242113, -0.047465, -0.0815137, 0.0342175, -2.28748, -0.0353805, 2.15752, 0.743403, -0.00111959, -0.00110847, 0.000470549, -6.44582e-05, -0.000114782, 0.000318653, 0.000562971, -0.116097, 0.0592979, -0.136411, 0.00987306, -0.0254222, 0.16093, -0.274162, 0, 0, 0, 0, 0, 0, 0, 0.485562, -0.0155172, 0.142512, 0.486346, -0.0158237, 0.142576, 0.996195, -3.71201e-12, -0.0871557, -4.46982e-12, -1, -8.49977e-12, -0.0871557, 8.857e-12, -0.996195, 0
3.97, 2025-07-03__00-38-50.252113, -0.047465, -0.0815084, 0.0342178, -2.28748, -0.0353805, 2.15752, 0.743404, -0.000460045, 8.16559e-05, 0.000778057, 0.000528197, -8.71517e-05, -0.000167946, 0.000690415, -0.137058, 0.0245118, -0.157561, 0.0204236, -0.0256728, 0.16504, -0.274914, 0, 0, 0, 0, 0, 0, 0, 0.485561, -0.0155207, 0.142511, 0.486346, -0.0158237, 0.142576, 0.996195, -3.71201e-12, -0.0871557, -4.46982e-12, -1, -8.49977e-12, -0.0871557, 8.857e-12, -0.996195, 0
3.98, 2025-07-03__00-38-50.262113, -0.0474644, -0.0815089, 0.034215, -2.28749, -0.0353844, 2.15752, 0.743401, 0.000213732, -0.000593251, -0.000538152, -0.00142853, -0.000405399, -0.000219175, 0.000461427, -0.122846, 0.0136249, -0.142579, 0.0507163, -0.0227015, 0.170268, -0.273313, 0, 0, 0, 0, 0, 0, 0, 0.485561, -0.0155173, 0.142511, 0.486346, -0.0158237, 0.142576, 0.996195, -3.71201e-12, -0.0871557, -4.46982e-12, -1, -8.49977e-12, -0.0871557, 8.857e-12, -0.996195, 0
3.99, 2025-07-03__00-38-50.272113, -0.0474595, -0.081511, 0.0342182, -2.28749, -0.0353806, 2.15752, 0.743401, 0.00180866, 3.26548e-05, -0.000350584, -0.00149556, 0.000648046, 0.000299163, 0.000446255, -0.164836, -0.00647733, -0.18473, 0.0606048, -0.0294175, 0.168021, -0.273205, 0, 0, 0, 0, 0, 0, 0, 0.485562, -0.0155163, 0.142512, 0.486346, -0.0158237, 0.142576, 0.996195, -3.71201e-12, -0.0871557, -4.46982e-12, -1, -8.49977e-12, -0.0871557, 8.857e-12, -0.996195, 0
4, 2025-07-03__00-38-50.282111, -0.0474623, -0.0815103, 0.0342175, -2.28749, -0.0353834, 2.15752, 0.743401, 0.000544555, 0.000137145, -0.0042649, -0.000677506, 0.000460968, -0.00013933, 0.000613379, -0.0460551, -0.00144511, -0.0630247, 0.0459203, -0.0283486, 0.169338, -0.274506, 0, 0, 0, 0, 0, 0, 0, 0.485561, -0.015522, 0.142511, 0.486346, -0.0158237, 0.142576, 0.996195, -3.71201e-12, -0.0871557, -4.46982e-12, -1, -8.49977e-12, -0.0871557, 8.857e-12, -0.996195, 0
4.01, 2025-07-03__00-38-50.292112, -0.0474661, -0.0815064, 0.0342204, -2.28748, -0.0353809, 2.15752, 0.743393, -0.000452125, 0.00079389, 0.00154049, 0.000784444, -1.61575e-05, 6.16692e-05, -0.00190686, -0.154532, 0.00368612, -0.17554, 0.027086, -0.0258503, 0.164232, -0.258494, 0, 0, 0, 0, 0, 0, 0, 0.485562, -0.0155186, 0.142512, 0.486346, -0.0158237, 0.142576, 0.996195, -3.71201e-12, -0.0871557, -4.46982e-12, -1, -8.49977e-12, -0.0871557, 8.857e-12, -0.996195, 0
4.02, 2025-07-03__00-38-50.302113, -0.0474696, -0.081511, 0.034215, -2.28748, -0.0353819, 2.15752, 0.743398, -0.00262939, -0.000366946, -0.00103373, 0.000566488, -9.44402e-05, -0.000489682, 0.000217861, -0.0452959, 0.0385198, -0.0643764, 0.0116713, -0.0255131, 0.16657, -0.271926, 0, 0, 0, 0, 0, 0, 0, 0.485562, -0.0155143, 0.142512, 0.486346, -0.0158237, 0.142576, 0.996195, -3.71201e-12, -0.0871557, -4.46982e-12, -1, -8.49977e-12, -0.0871557, 8.857e-12, -0.996195, 0
4.03, 2025-07-03__00-38-50.312114, -0.0474634, -0.0815083, 0.0342157, -2.28748, -0.0353799, 2.15752, 0.743395, 1.93822e-05, 0.00113242, 0.000726981, 0.0012042, 0.000100639, -0.000503073, -0.00136235, -0.145881, -0.00213373, -0.166247, 0.0254639, -0.0268232, 0.167557, -0.261935, 0, 0, 0, 0, 0, 0, 0, 0.485562, -0.0155149, 0.142512, 0.486346, -0.0158237, 0.142576, 0.996195, -3.71201e-12, -0.0871557, -4.46982e-12, -1, -8.49977e-12, -0.0871557, 8.857e-12, -0.996195, 0
4.04, 2025-07-03__00-38-50.322110, -0.0474672, -0.0815085, 0.0342153, -2.28748, -0.03538, 2.15752, 0.743398, -0.00196601, 0.000878423, 0.00250836, 0.00126618, 8.26423e-05, -0.000359111, 0.000225886, -0.140457, 0.0082563, -0.162037, 0.0195078, -0.0268454, 0.165819, -0.271746, 0, 0, 0, 0, 0, 0, 0, 0.485561, -0.0155197, 0.142511, 0.486346, -0.0158237, 0.142576, 0.996195, -3.71201e-12, -0.0871557, -4.46982e-12, -1, -8.49977e-12, -0.0871557, 8.857e-12, -0.996195, 0
4.05, 2025-07-03__00-38-50.332114, -0.0474651, -0.0815109, 0.034215, -2.28748, -0.0353831, 2.15752, 0.7434, -0.00451208, -0.000215732, -0.00107231, 0.000556639, 0.000110896, 0.00036018, 0.00141918, -0.00265175, 0.0335031, -0.0216191, 0.0112949, -0.0267019, 0.161251, -0.279456, 0, 0, 0, 0, 0, 0, 0, 0.485556, -0.015516, 0.142508, 0.486346, -0.0158237, 0.142576, 0.996195, -3.71201e-12, -0.0871557, -4.46982e-12, -1, -8.49977e-12, -0.0871557, 8.857e-12, -0.996195, 0
4.06, 2025-07-03__00-38-50.342113, -0.0474613, -0.0815089, 0.034213, -2.28749, -0.0353802, 2.15752, 0.7434, 0.000726463, -0.000513579, -0.000850781, 0.000102248, -0.0052597, -0.000330917, 0.000307009, -0.127073, 0.0354554, -0.146577, 0.0234649, 0.00679577, 0.166425, -0.272032, 0, 0, 0, 0, 0, 0, 0, 0.485556, -0.0155198, 0.142507, 0.486346, -0.0158237, 0.142576, 0.996195, -3.71201e-12, -0.0871557, -4.46982e-12, -1, -8.49977e-12, -0.0871557, 8.857e-12, -0.996195, 0
4.07, 2025-07-03__00-38-50.352113, -0.0474619, -0.0815108, 0.0342204, -2.28748, -0.0353847, 2.15752, 0.743399, 0.000846151, -0.000447263, 0.000410803, 0.000801837, -0.000234987, 0.000240246, 0.000448678, -0.160022, 0.0503483, -0.180329, 0.00466196, -0.0247083, 0.160099, -0.273111, 0, 0, 0, 0, 0, 0, 0, 0.485556, -0.0155172, 0.142508, 0.486346, -0.0158237, 0.142576, 0.996195, -3.71201e-12, -0.0871557, -4.46982e-12, -1, -8.49977e-12, -0.0871557, 8.857e-12, -0.996195, 0
4.08, 2025-07-03__00-38-50.362113, -0.0474643, -0.081511, 0.0342151, -2.28748, -0.0353799, 2.15752, 0.743401, 0.000370477, -0.000302244, -0.000710068, 0.000578232, -4.46638e-05, 0.000494899, 0.00138356, -0.121936, 0.0409127, -0.141366, 0.0102307, -0.0261038, 0.159495, -0.279013, 0, 0, 0, 0, 0, 0, 0, 0.485562, -0.0155181, 0.142512, 0.486346, -0.0158237, 0.142576, 0.996195, -3.71201e-12, -0.0871557, -4.46982e-12, -1, -8.49977e-12, -0.0871557, 8.857e-12, -0.996195, 0
4.09, 2025-07-03__00-38-50.372114, -0.0474612, -0.08151, 0.034215, -2.28749, -0.0353817, 2.15752, 0.743393, 6.32527e-05, -0.000472967, -0.000565956, -0.000757575, -1.42942e-05, -0.000283222, -0.00185033, -0.119458, 0.0207515, -0.139069, 0.0390252, -0.0253729, 0.16898, -0.258903, 0, 0, 0, 0, 0, 0, 0, 0.485561, -0.0155161, 0.142511, 0.486346, -0.0158237, 0.142576, 0.996195, -3.71201e-12, -0.0871557, -4.46982e-12, -1, -8.49977e-12, -0.0871557, 8.857e-12, -0.996195, 0
4.1, 2025-07-03__00-38-50.382115, -0.0474569, -0.0815103, 0.0342232, -2.28748, -0.0353802, 2.15752, 0.743402, 0.00205882, -9.98583e-05, 0.0018672, 0.000394884, 5.71755e-05, -2.02093e-05, 0.000784566, -0.222225, 0.0324035, -0.243651, 0.0201569, -0.0266538, 0.163594, -0.275181, 0, 0, 0, 0, 0, 0, 0, 0.485561, -0.0155178, 0.142511, 0.486346, -0.0158237, 0.142576, 0.996195, -3.71201e-12, -0.0871557, -4.46982e-12, -1, -8.49977e-12, -0.0871557, 8.857e-12, -0.996195, 0
4.11, 2025-07-03__00-38-50.392113, -0.0474696, -0.0815085, 0.0342174, -2.28748, -0.0353799, 2.15752, 0.743396, -0.00152236, 0.000460006, -0.000684637, 0.000836003, 0.000240865, -0.000112507, -0.000105552, -0.0783181, 0.0145355, -0.0976512, 0.0195644, -0.0276901, 0.164835, -0.269796, 0, 0, 0, 0, 0, 0, 0, 0.485557, -0.015517, 0.142508, 0.486346, -0.0158237, 0.142576, 0.996195, -3.71201e-12, -0.0871557, -4.46982e-12, -1, -8.49977e-12, -0.0871557, 8.857e-12, -0.996195, 0
4.12, 2025-07-03__00-38-50.402112, -0.0474643, -0.0815108, 0.0342179, -2.28748, -0.0353799, 2.15752, 0.743396, -0.0017234, -0.00044848, -0.00114066, -0.000277426, 0.00017236, 0.000270486, -0.000789425, -0.0656815, 0.0294845, -0.0847742, 0.0251945, -0.026891, 0.163667, -0.265688, 0, 0, 0, 0, 0, 0, 0, 0.485561, -0.0155139, 0.142511, 0.486346, -0.0158237, 0.142576, 0.996195, -3.71201e-12, -0.0871557, -4.46982e-12, -1, -8.49977e-12, -0.0871557, 8.857e-12, -0.996195, 0
4.13, 2025-07-03__00-38-50.412112, -0.0474641, -0.0815036, 0.034218, -2.28748, -0.0353812, 2.15752, 0.743401, 0.000583974, 0.0015351, -0.000517794, 0.00018266, -0.000142495, 0.00010239, 0.00123979, -0.130571, -0.0344844, -0.150161, 0.0516274, -0.0249199, 0.167466, -0.278042, 0, 0, 0, 0, 0, 0, 0, 0.485556, -0.0155173, 0.142507, 0.486346, -0.0158237, 0.142576, 0.996195, -3.71201e-12, -0.0871557, -4.46982e-12, -1, -8.49977e-12, -0.0871557, 8.857e-12, -0.996195, 0
4.14, 2025-07-03__00-38-50.422110, -0.0474641, -0.0815089, 0.0342176, -2.28748, -0.0353805, 2.15752, 0.743394, 0.000465951, -0.00051591, 0.000307282, 0.000701514, 0.000100398, 0.000324616, -0.000869983, -0.148072, 0.0502824, -0.168238, 0.00535604, -0.0268996, 0.159814, -0.264895, 0, 0, 0, 0, 0, 0, 0, 0.485561, -0.0155185, 0.142511, 0.486346, -0.0158237, 0.142576, 0.996195, -3.71201e-12, -0.0871557, -4.46982e-12, -1, -8.49977e-12, -0.0871557, 8.857e-12, -0.996195, 0
4.15, 2025-07-03__00-38-50.432114, -0.0474647, -0.081511, 0.0342182, -2.28748, -0.0353812, 2.15752, 0.743399, -0.000818202, -0.000466082, -0.000459275, 0.00107587, -0.0033, 4.06661e-05, 0.000384768, -0.101186, 0.0528854, -0.120821, 1.06563e-05, -0.00579344, 0.160813, -0.272676, 0, 0, 0, 0, 0, 0, 0, 0.485556, -0.0155153, 0.142507, 0.486346, -0.0158237, 0.142576, 0.996195, -3.71201e-12, -0.0871557, -4.46982e-12, -1, -8.49977e-12, -0.0871557, 8.857e-12, -0.996195, 0
4.16, 2025-07-03__00-38-50.442113, -0.0474641, -0.081511, 0.0342179, -2.28749, -0.0353812, 2.15752, 0.743396, -0.000126733, -0.000238737, 0.000427657, -0.00169436, -0.000463732, -4.99843e-05, 0.000133546, -0.137686, -0.0019035, -0.158097, 0.0614027, -0.0223049, 0.17057, -0.270994, 0, 0, 0, 0, 0, 0, 0, 0.485561, -0.0155149, 0.142511, 0.486346, -0.0158237, 0.142576, 0.996195, -3.71201e-12, -0.0871557, -4.46982e-12, -1, -8.49977e-12, -0.0871557, 8.857e-12, -0.996195, 0
4.17, 2025-07-03__00-38-50.452113, -0.0474671, -0.0815061, 0.0342198, -2.28748, -0.0353812, 2.15752, 0.7434, -0.000867228, 0.00122749, 0.00124074, -0.000153251, -0.00015155, 0.000344018, 0.000740215, -0.137711, -0.0274855, -0.158553, 0.0523135, -0.024703, 0.166096, -0.27494, 0, 0, 0, 0, 0, 0, 0, 0.485561, -0.0155191, 0.142511, 0.486346, -0.0158237, 0.142576, 0.996195, -3.71201e-12, -0.0871557, -4.46982e-12, -1, -8.49977e-12, -0.0871557, 8.857e-12, -0.996195, 0
4.18, 2025-07-03__00-38-50.462114, -0.0474661, -0.0815085, 0.0342178, -2.28749, -0.0353834, 2.15752, 0.743399, -2.03291e-05, 0.000312064, 0.000191632, -8.76802e-06, 0.000205128, -0.000281137, -0.00589411, -0.133799, 0.0051963, -0.153945, 0.0374981, -0.0265712, 0.168429, -0.23472, 0, 0, 0, 0, 0, 0, 0, 0.485556, -0.0155184, 0.142508, 0.486346, -0.0158237, 0.142576, 0.996195, -3.71201e-12, -0.0871557, -4.46982e-12, -1, -8.49977e-12, -0.0871557, 8.857e-12, -0.996195, 0
4.19, 2025-07-03__00-38-50.472116, -0.0474643, -0.0815061, 0.0342158, -2.28748, -0.03538, 2.15752, 0.743403, -0.000190685, 0.000461416, -0.000898558, 0.000979227, 0.000248193, 0.000722815, 0.00046925, -0.104505, 0.018637, -0.123738, 0.0147684, -0.0278753, 0.158555, -0.273648, 0, 0, 0, 0, 0, 0, 0, 0.485562, -0.0155165, 0.142512, 0.486346, -0.0158237, 0.142576, 0.996195, -3.71201e-12, -0.0871557, -4.46982e-12, -1, -8.49977e-12, -0.0871557, 8.857e-12, -0.996195, 0
4.2, 2025-07-03__00-38-50.482114, -0.0474616, -0.0815102, 0.0342235, -2.28749, -0.0353812, 2.15752, 0.743395, 0.000758096, -0.000791912, 0.00117423, -0.000304306, -0.000305297, 0.000616862, -0.000831666, -0.176773, 0.0434985, -0.197713, 0.022506, -0.023923, 0.160407, -0.265071, 0, 0, 0, 0, 0, 0, 0, 0.485556, -0.0155153, 0.142505, 0.486346, -0.0158237, 0.142576, 0.996195, -3.71201e-12, -0.0871557, -4.46982e-12, -1, -8.49977e-12, -0.0871557, 8.857e-12, -0.996195, 0
4.21, 2025-07-03__00-38-50.492116, -0.0474615, -0.0815032, 0.0342205, -2.28749, -0.0353799, 2.15752, 0.743399, -0.000927216, 0.00111859, 0.000397389, -0.00157207, 0.000128544, 2.79056e-05, 0.000416621, -0.118997, -0.0513376, -0.139319, 0.082313, -0.02588, 0.172834, -0.272951, 0, 0, 0, 0, 0, 0, 0, 0.485561, -0.0155165, 0.14251, 0.486346, -0.0158237, 0.142576, 0.996195, -3.71201e-12, -0.0871557, -4.46982e-12, -1, -8.49977e-12, -0.0871557, 8.857e-12, -0.996195, 0
4.22, 2025-07-03__00-38-50.502114, -0.0474647, -0.0815103, 0.0342207, -2.28748, -0.0353812, 2.15752, 0.743394, -0.00296824, -0.000537678, 0.000801826, 5.78312e-05, -9.393e-05, 7.29332e-05, -0.00543719, -0.0823565, 0.0380955, -0.10282, 0.0181378, -0.0249648, 0.163856, -0.237345, 0, 0, 0, 0, 0, 0, 0, 0.485561, -0.0155193, 0.142511, 0.486346, -0.0158237, 0.142576, 0.996195, -3.71201e-12, -0.0871557, -4.46982e-12, -1, -8.49977e-12, -0.0871557, 8.857e-12, -0.996195, 0
4.23, 2025-07-03__00-38-50.512114, -0.0474587, -0.0815057, 0.0342182, -2.28748, -0.0353812, 2.15752, 0.743399, -0.00296242, -6.41482e-05, -0.000151671, -0.000259242, -0.000444559, -0.000213473, 0.000744856, -0.0609216, 0.0130218, -0.0806947, 0.0338427, -0.0229798, 0.167856, -0.2751, 0, 0, 0, 0, 0, 0, 0, 0.48556, -0.0155177, 0.142509, 0.486346, -0.0158237, 0.142576, 0.996195, -3.71201e-12, -0.0871557, -4.46982e-12, -1, -8.49977e-12, -0.0871557, 8.857e-12, -0.996195, 0
4.24, 2025-07-03__00-38-50.522113, -0.0474591, -0.0815085, 0.0342207, -2.28748, -0.0353805, 2.15752, 0.743394, -0.000215502, 9.76727e-05, 0.000431507, 0.00125599, -0.000108951, -0.00013977, -0.00122353, -0.136687, 0.0361633, -0.156885, 0.0059052, -0.0256694, 0.162707, -0.262762, 0, 0, 0, 0, 0, 0, 0, 0.485561, -0.0155154, 0.142511, 0.486346, -0.0158237, 0.142576, 0.996195, -3.71201e-12, -0.0871557, -4.46982e-12, -1, -8.49977e-12, -0.0871557, 8.857e-12, -0.996195, 0
4.25, 2025-07-03__00-38-50.532113, -0.0474647, -0.0815085, 0.0342207, -2.28748, -0.0353795, 2.15752, 0.743394, -0.000516786, 0.00121334, 0.000341071, 0.000643375, -0.00472264, 5.6409e-05, -0.0047621, -0.125951, -0.01471, -0.146205, 0.0383143, 0.00384792, 0.165659, -0.240999, 0, 0, 0, 0, 0, 0, 0, 0.485563, -0.0155184, 0.142515, 0.486346, -0.0158237, 0.142576, 0.996195, -3.71201e-12, -0.0871557, -4.46982e-12, -1, -8.49977e-12, -0.0871557, 8.857e-12, -0.996195, 0
4.26, 2025-07-03__00-38-50.542116, -0.0474643, -0.0815103, 0.0342207, -2.28748, -0.0353798, 2.15752, 0.743399, -0.000615361, -0.000670054, 0.000587678, -0.000896193, 0.00156884, -0.00034698, 0.0011179, -0.130899, 0.0278429, -0.151327, 0.0360848, -0.0356194, 0.169018, -0.277323, 0, 0, 0, 0, 0, 0, 0, 0.485561, -0.0155135, 0.14251, 0.486346, -0.0158237, 0.142576, 0.996195, -3.71201e-12, -0.0871557, -4.46982e-12, -1, -8.49977e-12, -0.0871557, 8.857e-12, -0.996195, 0
4.27, 2025-07-03__00-38-50.552115, -0.0474619, -0.0815084, 0.0342182, -2.28749, -0.0353843, 2.15752, 0.743394, 0.0011838, 0.000634533, -0.000849468, -0.00174513, -0.00251519, 8.76383e-06, -0.000937214, -0.138336, -0.0351122, -0.157924, 0.0781509, -0.00905187, 0.172226, -0.264226, 0, 0, 0, 0, 0, 0, 0, 0.485562, -0.0155174, 0.142512, 0.486346, -0.0158237, 0.142576, 0.996195, -3.71201e-12, -0.0871557, -4.46982e-12, -1, -8.49977e-12, -0.0871557, 8.857e-12, -0.996195, 0
4.28, 2025-07-03__00-38-50.562113, -0.0474644, -0.0815109, 0.0342182, -2.28749, -0.0353799, 2.15752, 0.743401, -7.84513e-05, 0.00062147, -0.00115536, -0.000753942, -6.84458e-05, 0.0003816, 0.000406711, -0.102028, -0.0169723, -0.121213, 0.0548672, -0.0251082, 0.166743, -0.273081, 0, 0, 0, 0, 0, 0, 0, 0.485562, -0.0155122, 0.142513, 0.486346, -0.0158237, 0.142576, 0.996195, -3.71201e-12, -0.0871557, -4.46982e-12, -1, -8.49977e-12, -0.0871557, 8.857e-12, -0.996195, 0
4.29, 2025-07-03__00-38-50.572116, -0.0474662, -0.081511, 0.0342235, -2.28749, -0.0353792, 2.15752, 0.743401, -0.000682815, 7.37905e-05, 0.00102667, -0.00135936, 0.000238921, -5.4433e-05, 0.00128913, -0.139143, -0.00722474, -0.15996, 0.0596024, -0.0269855, 0.17023, -0.278339, 0, 0, 0, 0, 0, 0, 0, 0.485557, -0.0155151, 0.142508, 0.486346, -0.0158237, 0.142576, 0.996195, -3.71201e-12, -0.0871557, -4.46982e-12, -1, -8.49977e-12, -0.0871557, 8.857e-12, -0.996195, 0
4.3, 2025-07-03__00-38-50.582116, -0.0474642, -0.0815135, 0.0342207, -2.28749, -0.0353812, 2.15752, 0.743399, -0.000368946, -0.00152521, 0.000380223, -0.00176604, -0.000370401, -0.000609466, -0.00448593, -0.132849, 0.0422432, -0.153294, 0.0426028, -0.0227955, 0.171962, -0.243212, 0, 0, 0, 0, 0, 0, 0, 0.485561, -0.0155147, 0.142511, 0.486346, -0.0158237, 0.142576, 0.996195, -3.71201e-12, -0.0871557, -4.46982e-12, -1, -8.49977e-12, -0.0871557, 8.857e-12, -0.996195, 0
4.31, 2025-07-03__00-38-50.592115, -0.0474641, -0.0815102, 0.0342189, -2.28749, -0.0353799, 2.15752, 0.7434, 4.67522e-05, 3.11251e-06, -3.14267e-05, -0.000935265, 0.000140399, -0.000155595, 0.000900625, -0.131028, 0.00160053, -0.151056, 0.0501833, -0.026501, 0.169542, -0.275953, 0, 0, 0, 0, 0, 0, 0, 0.485562, -0.0155144, 0.142512, 0.486346, -0.0158237, 0.142576, 0.996195, -3.71201e-12, -0.0871557, -4.46982e-12, -1, -8.49977e-12, -0.0871557, 8.857e-12, -0.996195, 0
4.32, 2025-07-03__00-38-50.602114, -0.0474595, -0.0815079, 0.0342182, -2.28748, -0.0353812, 2.15752, 0.743398, 0.00141526, -0.000773664, -0.00047058, 0.00158497, -0.000321068, -0.000121525, -0.00507933, -0.153249, 0.0729511, -0.172883, -0.0150198, -0.0243976, 0.159724, -0.239602, 0, 0, 0, 0, 0, 0, 0, 0.485561, -0.0155174, 0.142511, 0.486346, -0.0158237, 0.142576, 0.996195, -3.71201e-12, -0.0871557, -4.46982e-12, -1, -8.49977e-12, -0.0871557, 8.857e-12, -0.996195, 0
4.33, 2025-07-03__00-38-50.612114, -0.0474644, -0.0815117, 0.0342207, -2.28748, -0.0353805, 2.15752, 0.743391, 8.77027e-05, -0.00138945, 2.39191e-05, 0.000457228, -0.000297329, -0.000369704, -0.00177324, -0.134337, 0.0763308, -0.154343, -0.00266183, -0.0243958, 0.163488, -0.259253, 0, 0, 0, 0, 0, 0, 0, 0.485557, -0.0155144, 0.142508, 0.486346, -0.0158237, 0.142576, 0.996195, -3.71201e-12, -0.0871557, -4.46982e-12, -1, -8.49977e-12, -0.0871557, 8.857e-12, -0.996195, 0
4.34, 2025-07-03__00-38-50.622112, -0.0474588, -0.0815088, 0.0342207, -2.28748, -0.0353805, 2.15752, 0.743397, 0.000995779, 0.000203754, -0.000149121, 0.00156923, -0.000129079, 0.000526836, 0.000217075, -0.150884, 0.0396194, -0.170694, -0.000665552, -0.025786, 0.157275, -0.271653, 0, 0, 0, 0, 0, 0, 0, 0.485562, -0.0155131, 0.142513, 0.486346, -0.0158237, 0.142576, 0.996195, -3.71201e-12, -0.0871557, -4.46982e-12, -1, -8.49977e-12, -0.0871557, 8.857e-12, -0.996195, 0
4.35, 2025-07-03__00-38-50.632112, -0.047465, -0.0815078, 0.0342147, -2.28749, -0.0353806, 2.15752, 0.743397, -0.00109479, -4.30868e-05, -0.00585213, -0.00149691, -0.000171191, 0.000314942, -0.000543393, 0.0280726, -0.0111201, 0.0122867, 0.0579586, -0.0240763, 0.168741, -0.267406, 0, 0, 0, 0, 0, 0, 0, 0.48556, -0.0155163, 0.142509, 0.486346, -0.0158237, 0.142576, 0.996195, -3.71201e-12, -0.0871557, -4.46982e-12, -1, -8.49977e-12, -0.0871557, 8.857e-12, -0.996195, 0
4.36, 2025-07-03__00-38-50.642116, -0.0474647, -0.0815131, 0.0342154, -2.28748, -0.0353832, 2.15752, 0.743395, -0.000177267, -0.00139083, -0.0025741, 2.71492e-05, -0.00283091, 0.00020246, 0.0018233, -0.0678683, 0.0684168, -0.0860538, 0.00418041, -0.00842539, 0.160998, -0.281267, 0, 0, 0, 0, 0, 0, 0, 0.485561, -0.0155167, 0.14251, 0.486346, -0.0158237, 0.142576, 0.996195, -3.71201e-12, -0.0871557, -4.46982e-12, -1, -8.49977e-12, -0.0871557, 8.857e-12, -0.996195, 0
4.37, 2025-07-03__00-38-50.652114, -0.047462, -0.081513, 0.0342207, -2.28749, -0.0353815, 2.15752, 0.743398, 0.000470436, -0.00164215, 0.000952839, -0.000709271, -0.000286677, -0.000308442, 0.000525774, -0.165009, 0.0657156, -0.185815, 0.0186184, -0.024125, 0.166156, -0.273483, 0, 0, 0, 0, 0, 0, 0, 0.485561, -0.0155199, 0.142511, 0.486346, -0.0158237, 0.142576, 0.996195, -3.71201e-12, -0.0871557, -4.46982e-12, -1, -8.49977e-12, -0.0871557, 8.857e-12, -0.996195, 0
4.38, 2025-07-03__00-38-50.662116, -0.0474696, -0.0815101, 0.0342235, -2.28749, -0.035383, 2.15752, 0.743393, -0.00187077, -0.000407243, 0.000980626, -0.000902002, 0.000252377, -0.000432096, -0.00174694, -0.110733, 0.0155259, -0.131452, 0.0433984, -0.026859, 0.170634, -0.259544, 0, 0, 0, 0, 0, 0, 0, 0.485561, -0.0155145, 0.14251, 0.486346, -0.0158237, 0.142576, 0.996195, -3.71201e-12, -0.0871557, -4.46982e-12, -1, -8.49977e-12, -0.0871557, 8.857e-12, -0.996195, 0
4.39, 2025-07-03__00-38-50.672116, -0.0474637, -0.081511, 0.0342229, -2.28748, -0.0353806, 2.15752, 0.743399, -0.000127219, 0.000147169, 0.000150049, -0.00109019, -8.5629e-05, -0.000227654, 0.00108983, -0.132103, -0.00432387, -0.152285, 0.05391, -0.0249993, 0.170486, -0.277019, 0, 0, 0, 0, 0, 0, 0, 0.485562, -0.015516, 0.142512, 0.486346, -0.0158237, 0.142576, 0.996195, -3.71201e-12, -0.0871557, -4.46982e-12, -1, -8.49977e-12, -0.0871557, 8.857e-12, -0.996195, 0
4.4, 2025-07-03__00-38-50.682114, -0.0474634, -0.0815064, 0.0342208, -2.28748, -0.0353791, 2.15752, 0.743395, 0.000319204, 0.00096558, -8.86977e-05, 0.000338893, 0.00953517, -3.28931e-05, -0.00011818, -0.135895, -0.00895924, -0.155541, 0.0349235, -0.0856427, 0.166848, -0.270135, 0, 0, 0, 0, 0, 0, 0, 0.485562, -0.0155143, 0.142512, 0.486346, -0.0158237, 0.142576, 0.996195, -3.71201e-12, -0.0871557, -4.46982e-12, -1, -8.49977e-12, -0.0871557, 8.857e-12, -0.996195, 0
4.41, 2025-07-03__00-38-50.692114, -0.0474594, -0.081511, 0.0342237, -2.28748, -0.0353812, 2.15752, 0.743396, 0.00155916, -0.000369678, 0.00166605, 0.000932883, -0.000484124, 0.000243226, 0.00141614, -0.20592, 0.0512678, -0.227149, 0.00387135, -0.0234808, 0.159598, -0.278684, 0, 0, 0, 0, 0, 0, 0, 0.485561, -0.0155176, 0.142511, 0.486346, -0.0158237, 0.142576, 0.996195, -3.71201e-12, -0.0871557, -4.46982e-12, -1, -8.49977e-12, -0.0871557, 8.857e-12, -0.996195, 0
4.42, 2025-07-03__00-38-50.702113, -0.0474618, -0.0815101, 0.0342207, -2.28748, -0.0353799, 2.15752, 0.743398, 0.000953846, 3.46837e-05, 0.00012085, 0.000713322, 0.000272635, 0.000113749, 0.000398896, -0.155662, 0.0311081, -0.17572, 0.0147448, -0.0280362, 0.162322, -0.272799, 0, 0, 0, 0, 0, 0, 0, 0.485556, -0.0155146, 0.142507, 0.486346, -0.0158237, 0.142576, 0.996195, -3.71201e-12, -0.0871557, -4.46982e-12, -1, -8.49977e-12, -0.0871557, 8.857e-12, -0.996195, 0
4.43, 2025-07-03__00-38-50.712113, -0.0474644, -0.0815085, 0.0342182, -2.28749, -0.0353785, 2.15752, 0.743397, -0.000585462, 0.000703748, -0.000623289, -0.00129672, 0.000433714, -7.38084e-05, 0.00087291, -0.102613, -0.0307134, -0.122165, 0.0688331, -0.0280975, 0.171764, -0.275683, 0, 0, 0, 0, 0, 0, 0, 0.485562, -0.0155152, 0.142512, 0.486346, -0.0158237, 0.142576, 0.996195, -3.71201e-12, -0.0871557, -4.46982e-12, -1, -8.49977e-12, -0.0871557, 8.857e-12, -0.996195, 0
4.44, 2025-07-03__00-38-50.722114, -0.0474647, -0.0815086, 0.0342208, -2.28748, -0.0353799, 2.15752, 0.743388, -0.00104315, -0.00121451, 0.00017554, -7.10309e-05, 0.000308769, -0.000339029, -0.00196636, -0.112095, 0.0596192, -0.132168, 0.0109261, -0.0279062, 0.165454, -0.257986, 0, 0, 0, 0, 0, 0, 0, 0.485561, -0.015514, 0.142509, 0.486346, -0.0158237, 0.142576, 0.996195, -3.71201e-12, -0.0871557, -4.46982e-12, -1, -8.49977e-12, -0.0871557, 8.857e-12, -0.996195, 0
4.45, 2025-07-03__00-38-50.732114, -0.047469, -0.0815078, 0.034221, -2.28749, -0.0353834, 2.15752, 0.743392, -0.00107027, 8.31552e-05, 0.00016746, -0.000372591, 0.000430203, 0.000269342, -0.00134161, -0.10956, 0.0075783, -0.129653, 0.0390084, -0.0281043, 0.165286, -0.261978, 0, 0, 0, 0, 0, 0, 0, 0.485556, -0.0155151, 0.142506, 0.486346, -0.0158237, 0.142576, 0.996195, -3.71201e-12, -0.0871557, -4.46982e-12, -1, -8.49977e-12, -0.0871557, 8.857e-12, -0.996195, 0
4.46, 2025-07-03__00-38-50.742117, -0.047459, -0.081513, 0.0342207, -2.28748, -0.0353805, 2.15752, 0.743398, 0.000314835, -0.00146089, 0.000110346, 0.000566051, -0.00700904, -0.000365779, 0.000234106, -0.142371, 0.0802596, -0.162622, -0.00345411, 0.0173756, 0.162723, -0.271362, 0, 0, 0, 0, 0, 0, 0, 0.485562, -0.0155144, 0.142512, 0.486346, -0.0158237, 0.142576, 0.996195, -3.71201e-12, -0.0871557, -4.46982e-12, -1, -8.49977e-12, -0.0871557, 8.857e-12, -0.996195, 0
4.47, 2025-07-03__00-38-50.752113, -0.0474618, -0.0815085, 0.0342231, -2.28749, -0.0353805, 2.15752, 0.743396, 0.000918095, 0.000710656, 0.000502586, -0.00101408, -0.000337072, -0.000161223, -0.00097726, -0.164023, -0.0246816, -0.184495, 0.064559, -0.0232038, 0.171255, -0.26421, 0, 0, 0, 0, 0, 0, 0, 0.485562, -0.0155166, 0.142512, 0.486346, -0.0158237, 0.142576, 0.996195, -3.71201e-12, -0.0871557, -4.46982e-12, -1, -8.49977e-12, -0.0871557, 8.857e-12, -0.996195, 0
4.48, 2025-07-03__00-38-50.762116, -0.0474644, -0.0815075, 0.0342229, -2.28748, -0.0353802, 2.15752, 0.743398, 0.000449704, 0.000393334, 0.000400773, 0.000865323, -0.00507447, -0.000438461, -0.000648341, -0.150012, 0.0176026, -0.170387, 0.0220343, 0.00551002, 0.166432, -0.26608, 0, 0, 0, 0, 0, 0, 0, 0.485561, -0.0155161, 0.142511, 0.486346, -0.0158237, 0.142576, 0.996195, -3.71201e-12, -0.0871557, -4.46982e-12, -1, -8.49977e-12, -0.0871557, 8.857e-12, -0.996195, 0
4.49, 2025-07-03__00-38-50.772116, -0.0474649, -0.0815061, 0.0342155, -2.28749, -0.0353799, 2.15752, 0.743393, -0.0008589, 0.000896316, -0.00127318, -0.000603674, 3.95891e-05, 0.000433878, 0.00545745, -0.0803947, -0.026406, -0.0993845, 0.0566841, -0.0260733, 0.166607, -0.303276, 0, 0, 0, 0, 0, 0, 0, 0.485556, -0.0155181, 0.142507, 0.486346, -0.0158237, 0.142576, 0.996195, -3.71201e-12, -0.0871557, -4.46982e-12, -1, -8.49977e-12, -0.0871557, 8.857e-12, -0.996195, 0
4.5, 2025-07-03__00-38-50.782115, -0.0474643, -0.0815135, 0.0342189, -2.28749, -0.0353805, 2.15752, 0.743394, -0.00110857, -0.00188057, -0.000293658, -0.000495276, -5.88465e-06, -0.000322356, 0.000568666, -0.100055, 0.0759859, -0.119847, 0.00940677, -0.0260002, 0.165391, -0.273704, 0, 0, 0, 0, 0, 0, 0, 0.485561, -0.0155152, 0.142511, 0.486346, -0.0158237, 0.142576, 0.996195, -3.71201e-12, -0.0871557, -4.46982e-12, -1, -8.49977e-12, -0.0871557, 8.857e-12, -0.996195, 0
4.51, 2025-07-03__00-38-50.792119, -0.0474643, -0.081511, 0.0342265, -2.28748, -0.0353837, 2.15752, 0.74339, -0.00110412, 0.00157074, 0.00194859, -0.00120936, -0.00927215, -5.19797e-05, -0.00129461, -0.1504, -0.0578295, -0.172052, 0.0838768, 0.0331853, 0.172483, -0.261336, 0, 0, 0, 0, 0, 0, 0, 0.485562, -0.0155138, 0.142512, 0.486346, -0.0158237, 0.142576, 0.996195, -3.71201e-12, -0.0871557, -4.46982e-12, -1, -8.49977e-12, -0.0871557, 8.857e-12, -0.996195, 0
4.52, 2025-07-03__00-38-50.802113, -0.0474612, -0.081511, 0.0342207, -2.28748, -0.0353791, 2.15752, 0.743396, 0.000557908, -0.000217586, -0.000117649, 0.000727663, 3.96703e-05, 0.000103482, 0.00130177, -0.141519, 0.0401815, -0.161384, 0.0100213, -0.0267161, 0.161831, -0.278183, 0, 0, 0, 0, 0, 0, 0, 0.485562, -0.015514, 0.142512, 0.486346, -0.0158237, 0.142576, 0.996195, -3.71201e-12, -0.0871557, -4.46982e-12, -1, -8.49977e-12, -0.0871557, 8.857e-12, -0.996195, 0
4.53, 2025-07-03__00-38-50.812114, -0.0474669, -0.081511, 0.0342231, -2.28748, -0.0353799, 2.15752, 0.743395, -0.00108491, -0.000965281, -0.000607839, 0.000637117, 0.000108025, 5.57021e-05, -8.42617e-05, -0.0929691, 0.0637127, -0.112459, -0.00103429, -0.0270423, 0.161098, -0.269857, 0, 0, 0, 0, 0, 0, 0, 0.485561, -0.0155138, 0.142511, 0.486346, -0.0158237, 0.142576, 0.996195, -3.71201e-12, -0.0871557, -4.46982e-12, -1, -8.49977e-12, -0.0871557, 8.857e-12, -0.996195, 0
4.54, 2025-07-03__00-38-50.822111, -0.0474623, -0.0815063, 0.0342161, -2.28749, -0.0353812, 2.15752, 0.743394, -0.000174299, 0.000772322, -0.00200496, -0.00017498, -0.000238845, 0.000341868, -0.000977069, -0.0803482, -0.0151269, -0.0988503, 0.0464233, -0.0240416, 0.165806, -0.26434, 0, 0, 0, 0, 0, 0, 0, 0.485557, -0.0155136, 0.142508, 0.486346, -0.0158237, 0.142576, 0.996195, -3.71201e-12, -0.0871557, -4.46982e-12, -1, -8.49977e-12, -0.0871557, 8.857e-12, -0.996195, 0
4.55, 2025-07-03__00-38-50.832113, -0.0474622, -0.0815108, 0.0342229, -2.28748, -0.0353812, 2.15752, 0.7434, 1.51575e-05, 0.000294652, 0.000397114, -0.000104922, -0.000190194, 0.000313709, 0.00156333, -0.140993, 0.00829496, -0.161295, 0.0349712, -0.0247257, 0.164017, -0.279951, 0, 0, 0, 0, 0, 0, 0, 0.485562, -0.0155169, 0.142512, 0.486346, -0.0158237, 0.142576, 0.996195, -3.71201e-12, -0.0871557, -4.46982e-12, -1, -8.49977e-12, -0.0871557, 8.857e-12, -0.996195, 0
4.56, 2025-07-03__00-38-50.842115, -0.0474619, -0.0815102, 0.0342236, -2.28749, -0.0353768, 2.15752, 0.743394, 0.00106524, -0.000347257, 0.000515876, -0.000906416, 0.00824552, -5.31153e-05, -0.00097265, -0.168785, 0.0173886, -0.189059, 0.0404715, -0.0773538, 0.168029, -0.264735, 0, 0, 0, 0, 0, 0, 0, 0.485562, -0.0155134, 0.142512, 0.486346, -0.0158237, 0.142576, 0.996195, -3.71201e-12, -0.0871557, -4.46982e-12, -1, -8.49977e-12, -0.0871557, 8.857e-12, -0.996195, 0
4.57, 2025-07-03__00-38-50.852114, -0.047469, -0.0815032, 0.0342218, -2.28749, -0.0353799, 2.15752, 0.743403, -0.00226356, 0.00198368, 6.72968e-05, -0.000438375, 0.000681665, 0.000212545, 0.00153615, -0.0788817, -0.063892, -0.0988208, 0.0726423, -0.0297106, 0.170137, -0.280108, 0, 0, 0, 0, 0, 0, 0, 0.485557, -0.0155132, 0.142508, 0.486346, -0.0158237, 0.142576, 0.996195, -3.71201e-12, -0.0871557, -4.46982e-12, -1, -8.49977e-12, -0.0871557, 8.857e-12, -0.996195, 0
4.58, 2025-07-03__00-38-50.862114, -0.0474644, -0.0815081, 0.0342238, -2.28748, -0.0353812, 2.15752, 0.743394, 0.000233565, -0.000117229, 9.45207e-05, -7.36144e-05, -0.000108592, 0.000153639, -0.000938863, -0.139174, 0.0220978, -0.159269, 0.0283706, -0.0251414, 0.164268, -0.264451, 0, 0, 0, 0, 0, 0, 0, 0.485562, -0.0155175, 0.142513, 0.486346, -0.0158237, 0.142576, 0.996195, -3.71201e-12, -0.0871557, -4.46982e-12, -1, -8.49977e-12, -0.0871557, 8.857e-12, -0.996195, 0
4.59, 2025-07-03__00-38-50.872115, -0.0474594, -0.0815077, 0.0342161, -2.28749, -0.0353791, 2.15752, 0.743396, 0.000281396, 0.000929042, -0.00154213, -0.00202527, 0.000384383, -2.02152e-05, 0.00102411, -0.102055, -0.0511826, -0.121002, 0.087271, -0.0274342, 0.174112, -0.276517, 0, 0, 0, 0, 0, 0, 0, 0.485561, -0.0155132, 0.14251, 0.486346, -0.0158237, 0.142576, 0.996195, -3.71201e-12, -0.0871557, -4.46982e-12, -1, -8.49977e-12, -0.0871557, 8.857e-12, -0.996195, 0
4.6, 2025-07-03__00-38-50.882112, -0.0474643, -0.081511, 0.0342183, -2.28748, -0.0353805, 2.15752, 0.743392, -0.00100457, -0.000121713, -0.00146338, 0.000450035, 6.03801e-05, 7.24432e-05, -0.00131541, -0.0743685, 0.0298961, -0.0931975, 0.0166566, -0.0263744, 0.163479, -0.262246, 0, 0, 0, 0, 0, 0, 0, 0.485557, -0.0155153, 0.142508, 0.486346, -0.0158237, 0.142576, 0.996195, -3.71201e-12, -0.0871557, -4.46982e-12, -1, -8.49977e-12, -0.0871557, 8.857e-12, -0.996195, 0
4.61, 2025-07-03__00-38-50.892114, -0.0474647, -0.0815063, 0.034219, -2.28748, -0.0353809, 2.15752, 0.743398, -0.000534251, 0.000493045, -0.000773993, 0.00013105, 0.000261404, -4.41755e-05, 0.000803598, -0.100254, 0.00159049, -0.119627, 0.0347213, -0.0275531, 0.166505, -0.27535, 0, 0, 0, 0, 0, 0, 0, 0.485562, -0.0155139, 0.142512, 0.486346, -0.0158237, 0.142576, 0.996195, -3.71201e-12, -0.0871557, -4.46982e-12, -1, -8.49977e-12, -0.0871557, 8.857e-12, -0.996195, 0
4.62, 2025-07-03__00-38-50.902113, -0.0474641, -0.0815089, 0.0342231, -2.28749, -0.0353812, 2.15752, 0.743396, -0.000392657, -0.000111023, 0.000561707, -0.00133133, -0.000381845, -0.000313282, -0.000376326, -0.135697, -0.00174019, -0.156203, 0.0573276, -0.0229018, 0.17162, -0.267918, 0, 0, 0, 0, 0, 0, 0, 0.485561, -0.015518, 0.142511, 0.486346, -0.0158237, 0.142576, 0.996195, -3.71201e-12, -0.0871557, -4.46982e-12, -1, -8.49977e-12, -0.0871557, 8.857e-12, -0.996195, 0
4.63, 2025-07-03__00-38-50.912114, -0.0474609, -0.0815057, 0.0342232, -2.28748, -0.0353792, 2.15752, 0.743394, 0.00153533, 0.00211607, 0.000150082, 0.0018217, 0.000491206, 0.000313046, -0.00107915, -0.168687, -0.0252798, -0.188663, 0.0274299, -0.0294251, 0.162108, -0.263585, 0, 0, 0, 0, 0, 0, 0, 0.485563, -0.0155179, 0.142515, 0.486346, -0.0158237, 0.142576, 0.996195, -3.71201e-12, -0.0871557, -4.46982e-12, -1, -8.49977e-12, -0.0871557, 8.857e-12, -0.996195, 0
4.64, 2025-07-03__00-38-50.922110, -0.047465, -0.0815064, 0.0342232, -2.28749, -0.0353805, 2.15752, 0.743396, -0.00053186, 0.000459993, 0.000498692, -0.000530464, -1.79876e-05, 0.000214981, 0.00130744, -0.130308, -0.00850185, -0.150679, 0.0492527, -0.0255468, 0.16681, -0.27818, 0, 0, 0, 0, 0, 0, 0, 0.485556, -0.0155177, 0.142507, 0.486346, -0.0158237, 0.142576, 0.996195, -3.71201e-12, -0.0871557, -4.46982e-12, -1, -8.49977e-12, -0.0871557, 8.857e-12, -0.996195, 0
4.65, 2025-07-03__00-38-50.932116, -0.0474614, -0.081511, 0.034219, -2.28748, -0.0353791, 2.15752, 0.743397, 0.000360495, -0.000874427, -0.000289593, 0.000532676, 0.000541075, 6.69539e-05, 0.000326359, -0.133264, 0.0600748, -0.15301, 0.00278641, -0.029822, 0.16134, -0.272393, 0, 0, 0, 0, 0, 0, 0, 0.485556, -0.0155162, 0.142507, 0.486346, -0.0158237, 0.142576, 0.996195, -3.71201e-12, -0.0871557, -4.46982e-12, -1, -8.49977e-12, -0.0871557, 8.857e-12, -0.996195, 0
4.66, 2025-07-03__00-38-50.942116, -0.0474623, -0.0815086, 0.0342204, -2.28748, -0.0353799, 2.15752, 0.743399, 0.000747399, -0.000240853, -0.00131784, 0.000333872, 0.00721925, -0.00537838, 0.00118249, -0.117944, 0.0223308, -0.136832, 0.0314075, -0.0715388, 0.201058, -0.278038, 0, 0, 0, 0, 0, 0, 0, 0.485561, -0.0155172, 0.142512, 0.486346, -0.0158237, 0.142576, 0.996195, -3.71201e-12, -0.0871557, -4.46982e-12, -1, -8.49977e-12, -0.0871557, 8.857e-12, -0.996195, 0
4.67, 2025-07-03__00-38-50.952114, -0.0474594, -0.0815089, 0.0342267, -2.28748, -0.035383, 2.15752, 0.74339, 0.00156584, -0.000907005, 0.000810285, 0.000521356, 0.000447848, -6.5339e-05, -0.00104735, -0.187895, 0.0616568, -0.208541, 0.00393336, -0.0289382, 0.162033, -0.263504, 0, 0, 0, 0, 0, 0, 0, 0.485556, -0.0155151, 0.142505, 0.486346, -0.0158237, 0.142576, 0.996195, -3.71201e-12, -0.0871557, -4.46982e-12, -1, -8.49977e-12, -0.0871557, 8.857e-12, -0.996195, 0
4.68, 2025-07-03__00-38-50.962115, -0.0474641, -0.081511, 0.0342243, -2.28748, -0.0353806, 2.15752, 0.743393, 0.000492678, -0.000472497, 0.000228218, 0.000671616, -0.000181902, 4.04766e-05, 0.000561133, -0.148281, 0.0483556, -0.168435, 0.00728432, -0.0252061, 0.161871, -0.273484, 0, 0, 0, 0, 0, 0, 0, 0.485556, -0.0155131, 0.142507, 0.486346, -0.0158237, 0.142576, 0.996195, -3.71201e-12, -0.0871557, -4.46982e-12, -1, -8.49977e-12, -0.0871557, 8.857e-12, -0.996195, 0
4.69, 2025-07-03__00-38-50.972115, -0.0474616, -0.0815086, 0.034219, -2.28748, -0.0353803, 2.15752, 0.743392, 0.00119408, -0.000625209, -7.40068e-05, 0.000266191, -0.00368091, 0.000140077, -0.000171812, -0.156801, 0.0459683, -0.176843, 0.0145679, -0.00315609, 0.162049, -0.268718, 0, 0, 0, 0, 0, 0, 0, 0.485556, -0.0155184, 0.142506, 0.486346, -0.0158237, 0.142576, 0.996195, -3.71201e-12, -0.0871557, -4.46982e-12, -1, -8.49977e-12, -0.0871557, 8.857e-12, -0.996195, 0
4.7, 2025-07-03__00-38-50.982113, -0.0474643, -0.0815085, 0.0342239, -2.28748, -0.0353805, 2.15752, 0.743393, 6.00854e-05, 0.000484866, 0.00054038, -0.000625521, -8.45663e-05, -0.000403408, 0.000589511, -0.144982, -0.00945661, -0.165402, 0.0512954, -0.0251064, 0.171011, -0.273599, 0, 0, 0, 0, 0, 0, 0, 0.485557, -0.015514, 0.142508, 0.486346, -0.0158237, 0.142576, 0.996195, -3.71201e-12, -0.0871557, -4.46982e-12, -1, -8.49977e-12, -0.0871557, 8.857e-12, -0.996195, 0
4.71, 2025-07-03__00-38-50.992113, -0.0474634, -0.081511, 0.0342212, -2.28749, -0.0353805, 2.15752, 0.74339, -3.44324e-05, -0.000691362, -0.000949583, -0.000878782, 0.00289969, 7.19923e-06, -0.000490503, -0.109684, 0.0277331, -0.128975, 0.035385, -0.0437364, 0.166933, -0.267202, 0, 0, 0, 0, 0, 0, 0, 0.485561, -0.0155131, 0.142511, 0.486346, -0.0158237, 0.142576, 0.996195, -3.71201e-12, -0.0871557, -4.46982e-12, -1, -8.49977e-12, -0.0871557, 8.857e-12, -0.996195, 0
4.72, 2025-07-03__00-38-51.002114, -0.0474668, -0.081511, 0.0342265, -2.28748, -0.0353799, 2.15752, 0.743398, -0.000718524, -0.000617472, 0.00122632, 0.000472868, 0.000443299, 9.56189e-05, 0.000383902, -0.143548, 0.0503074, -0.164406, 0.00846522, -0.0290777, 0.161827, -0.272752, 0, 0, 0, 0, 0, 0, 0, 0.485556, -0.0155142, 0.142507, 0.486346, -0.0158237, 0.142576, 0.996195, -3.71201e-12, -0.0871557, -4.46982e-12, -1, -8.49977e-12, -0.0871557, 8.857e-12, -0.996195, 0
4.73, 2025-07-03__00-38-51.012114, -0.0474595, -0.0815082, 0.0342239, -2.28748, -0.0353812, 2.15752, 0.743394, 0.000354221, 0.000350401, 1.56085e-05, -0.000176513, -0.000304887, 0.000372397, -6.56454e-05, -0.140923, 0.00423186, -0.160958, 0.0376796, -0.0238401, 0.164043, -0.269722, 0, 0, 0, 0, 0, 0, 0, 0.485561, -0.0155128, 0.142511, 0.486346, -0.0158237, 0.142576, 0.996195, -3.71201e-12, -0.0871557, -4.46982e-12, -1, -8.49977e-12, -0.0871557, 8.857e-12, -0.996195, 0
4.74, 2025-07-03__00-38-51.022126, -0.047465, -0.0815079, 0.0342232, -2.28748, -0.0353773, 2.15752, 0.743392, -0.000804761, -0.000128692, 0.000106666, 0.000419746, -0.000127323, -0.00026297, -0.00177784, -0.115528, 0.0290706, -0.135528, 0.0192853, -0.0253706, 0.165748, -0.259326, 0, 0, 0, 0, 0, 0, 0, 0.485562, -0.0155153, 0.142512, 0.486346, -0.0158237, 0.142576, 0.996195, -3.71201e-12, -0.0871557, -4.46982e-12, -1, -8.49977e-12, -0.0871557, 8.857e-12, -0.996195, 0
4.75, 2025-07-03__00-38-51.032115, -0.0474647, -0.0815085, 0.0342267, -2.28748, -0.0353791, 2.15752, 0.743397, -0.000769894, 7.34319e-05, 0.00144375, 0.000829446, 0.00144797, -0.00131975, 0.00132673, -0.1471, 0.0280285, -0.168042, 0.0171732, -0.0355191, 0.17201, -0.27843, 0, 0, 0, 0, 0, 0, 0, 0.485556, -0.015515, 0.142505, 0.486346, -0.0158237, 0.142576, 0.996195, -3.71201e-12, -0.0871557, -4.46982e-12, -1, -8.49977e-12, -0.0871557, 8.857e-12, -0.996195, 0
4.76, 2025-07-03__00-38-51.042124, -0.0474637, -0.0815056, 0.0342186, -2.28749, -0.0353805, 2.15752, 0.743394, -0.000193995, 0.00189741, -0.00101991, -0.000739715, -0.00055178, 0.000409586, -0.000372263, -0.101849, -0.0641847, -0.12109, 0.0770121, -0.0217391, 0.16937, -0.267887, 0, 0, 0, 0, 0, 0, 0, 0.485562, -0.0155161, 0.142512, 0.486346, -0.0158237, 0.142576, 0.996195, -3.71201e-12, -0.0871557, -4.46982e-12, -1, -8.49977e-12, -0.0871557, 8.857e-12, -0.996195, 0
4.77, 2025-07-03__00-38-51.052124, -0.047458, -0.0815054, 0.0342239, -2.28749, -0.0353805, 2.15752, 0.743395, 0.00174269, 0.00151906, 0.000712254, -0.000989774, 0.000111985, 2.73601e-05, -7.05652e-05, -0.18794, -0.0529729, -0.208563, 0.0776049, -0.025954, 0.171557, -0.269606, 0, 0, 0, 0, 0, 0, 0, 0.485556, -0.0155117, 0.142506, 0.486346, -0.0158237, 0.142576, 0.996195, -3.71201e-12, -0.0871557, -4.46982e-12, -1, -8.49977e-12, -0.0871557, 8.857e-12, -0.996195, 0
4.78, 2025-07-03__00-38-51.062126, -0.0474615, -0.0815131, 0.0342267, -2.28748, -0.0353805, 2.15752, 0.743395, -0.000323792, -0.00145738, 0.000982376, 2.56266e-06, -9.84683e-05, -0.0006395, 0.000975254, -0.148788, 0.0716131, -0.169541, 0.00603577, -0.0256613, 0.166429, -0.276103, 0, 0, 0, 0, 0, 0, 0, 0.485556, -0.0155132, 0.142506, 0.486346, -0.0158237, 0.142576, 0.996195, -3.71201e-12, -0.0871557, -4.46982e-12, -1, -8.49977e-12, -0.0871557, 8.857e-12, -0.996195, 0
4.79, 2025-07-03__00-38-51.072126, -0.0474644, -0.0815082, 0.0342184, -2.28748, -0.0353797, 2.15752, 0.743397, -0.000245074, -0.000377632, -0.00177389, 0.000294385, 0.000264724, -0.000257431, 0.00019058, -0.0846155, 0.0350867, -0.103276, 0.0169407, -0.0278319, 0.165654, -0.271643, 0, 0, 0, 0, 0, 0, 0, 0.485561, -0.0155136, 0.142511, 0.486346, -0.0158237, 0.142576, 0.996195, -3.71201e-12, -0.0871557, -4.46982e-12, -1, -8.49977e-12, -0.0871557, 8.857e-12, -0.996195, 0
4.8, 2025-07-03__00-38-51.082124, -0.0474611, -0.0815138, 0.0342239, -2.28748, -0.0353805, 2.15752, 0.743392, 0.000829117, -0.00205029, 0.000607391, 0.000188256, -0.000224291, -0.00049819, -0.000856819, -0.16637, 0.0968914, -0.186881, -0.00796129, -0.0249571, 0.163558, -0.264798, 0, 0, 0, 0, 0, 0, 0, 0.485561, -0.0155118, 0.142511, 0.486346, -0.0158237, 0.142576, 0.996195, -3.71201e-12, -0.0871557, -4.46982e-12, -1, -8.49977e-12, -0.0871557, 8.857e-12, -0.996195, 0
4.81, 2025-07-03__00-38-51.092123, -0.0474651, -0.0815109, 0.034226, -2.28748, -0.0353811, 2.15752, 0.743399, 0.000467908, -0.000637502, 0.000957224, -4.05927e-05, -0.000336984, 0.000401154, 0.00130509, -0.164697, 0.0435508, -0.185467, 0.0180979, -0.0240069, 0.161107, -0.278281, 0, 0, 0, 0, 0, 0, 0, 0.485561, -0.015515, 0.142511, 0.486346, -0.0158237, 0.142576, 0.996195, -3.71201e-12, -0.0871557, -4.46982e-12, -1, -8.49977e-12, -0.0871557, 8.857e-12, -0.996195, 0
4.82, 2025-07-03__00-38-51.102114, -0.0474665, -0.0815082, 0.0342237, -2.28749, -0.0353767, 2.15752, 0.743391, -0.00121441, -0.000990264, 0.000129025, -0.00106403, -0.00102931, -0.00212926, -0.000319174, -0.107154, 0.0289537, -0.127303, 0.0427785, -0.0193795, 0.181567, -0.267996, 0, 0, 0, 0, 0, 0, 0, 0.485556, -0.0155149, 0.142506, 0.486346, -0.0158237, 0.142576, 0.996195, -3.71201e-12, -0.0871557, -4.46982e-12, -1, -8.49977e-12, -0.0871557, 8.857e-12, -0.996195, 0
4.83, 2025-07-03__00-38-51.112115, -0.047465, -0.081511, 0.0342207, -2.28749, -0.0353791, 2.15752, 0.743396, -0.00128882, 0.000131005, -0.000492749, -0.00130321, 0.000459339, 2.32907e-07, -0.000183086, -0.0905459, -0.00972829, -0.110193, 0.0586271, -0.0282304, 0.170075, -0.269269, 0, 0, 0, 0, 0, 0, 0, 0.485562, -0.0155154, 0.142513, 0.486346, -0.0158237, 0.142576, 0.996195, -3.71201e-12, -0.0871557, -4.46982e-12, -1, -8.49977e-12, -0.0871557, 8.857e-12, -0.996195, 0
4.84, 2025-07-03__00-38-51.122113, -0.0474669, -0.081511, 0.0342239, -2.28749, -0.0353799, 2.15752, 0.743392, -0.00125302, -0.000357776, -0.000110555, -0.000973878, -0.00264087, 0.000207115, -0.000189259, -0.100534, 0.0134224, -0.120538, 0.0445664, -0.00899726, 0.166488, -0.268783, 0, 0, 0, 0, 0, 0, 0, 0.485561, -0.015513, 0.142511, 0.486346, -0.0158237, 0.142576, 0.996195, -3.71201e-12, -0.0871557, -4.46982e-12, -1, -8.49977e-12, -0.0871557, 8.857e-12, -0.996195, 0
4.85, 2025-07-03__00-38-51.132115, -0.047459, -0.0815078, 0.0342214, -2.28748, -0.0353805, 2.15752, 0.743393, 0.0015049, 0.000441874, -0.000148507, 1.2433e-05, 0.00157179, -0.000212108, 0.000541467, -0.162698, 0.00375279, -0.182579, 0.0366391, -0.035768, 0.167618, -0.27341, 0, 0, 0, 0, 0, 0, 0, 0.485561, -0.015513, 0.142511, 0.486346, -0.0158237, 0.142576, 0.996195, -3.71201e-12, -0.0871557, -4.46982e-12, -1, -8.49977e-12, -0.0871557, 8.857e-12, -0.996195, 0
4.86, 2025-07-03__00-38-51.142113, -0.0474665, -0.0815103, 0.0342214, -2.28748, -0.035383, 2.15752, 0.743392, -0.000418789, 0.00050076, -0.000467915, 0.000178114, -0.00896277, -0.000367688, -0.000295798, -0.109705, 0.00144171, -0.129536, 0.0382274, 0.0303488, 0.168316, -0.267682, 0, 0, 0, 0, 0, 0, 0, 0.485562, -0.0155149, 0.142512, 0.486346, -0.0158237, 0.142576, 0.996195, -3.71201e-12, -0.0871557, -4.46982e-12, -1, -8.49977e-12, -0.0871557, 8.857e-12, -0.996195, 0
4.87, 2025-07-03__00-38-51.152114, -0.0474672, -0.0815057, 0.0342214, -2.28748, -0.0353799, 2.15752, 0.743396, -0.000845342, 0.00113856, 3.47434e-05, 0.00169989, -0.000262106, -0.000149577, 0.000486493, -0.110748, 0.00467156, -0.130592, 0.0146126, -0.024845, 0.163794, -0.273277, 0, 0, 0, 0, 0, 0, 0, 0.485556, -0.0155184, 0.142508, 0.486346, -0.0158237, 0.142576, 0.996195, -3.71201e-12, -0.0871557, -4.46982e-12, -1, -8.49977e-12, -0.0871557, 8.857e-12, -0.996195, 0
4.88, 2025-07-03__00-38-51.162113, -0.0474622, -0.0815088, 0.0342242, -2.28748, -0.0353811, 2.15752, 0.743395, -0.000192184, -0.000621015, 0.000226278, 0.000289341, -0.000233986, 0.000164734, -0.000507939, -0.133347, 0.0462359, -0.153512, 0.012422, -0.0246246, 0.162004, -0.267149, 0, 0, 0, 0, 0, 0, 0, 0.485561, -0.0155165, 0.142511, 0.486346, -0.0158237, 0.142576, 0.996195, -3.71201e-12, -0.0871557, -4.46982e-12, -1, -8.49977e-12, -0.0871557, 8.857e-12, -0.996195, 0
4.89, 2025-07-03__00-38-51.172114, -0.0474612, -0.0815082, 0.0342239, -2.28749, -0.0353794, 2.15752, 0.743395, 0.000357401, -0.000777538, 0.000403445, -0.00224855, 0.00693189, -0.000206215, 0.00036548, -0.150843, 0.00842688, -0.171154, 0.0615506, -0.0685734, 0.172323, -0.272812, 0, 0, 0, 0, 0, 0, 0, 0.485556, -0.0155125, 0.142506, 0.486346, -0.0158237, 0.142576, 0.996195, -3.71201e-12, -0.0871557, -4.46982e-12, -1, -8.49977e-12, -0.0871557, 8.857e-12, -0.996195, 0
4.9, 2025-07-03__00-38-51.182114, -0.0474611, -0.0815109, 0.0342267, -2.28748, -0.0353791, 2.15752, 0.743396, 7.01178e-05, -0.000389089, 0.00311136, 0.000848475, 0.000672942, -6.46158e-05, 0.000668302, -0.205364, 0.0500616, -0.22757, 0.00582853, -0.0307226, 0.161986, -0.274232, 0, 0, 0, 0, 0, 0, 0, 0.485557, -0.0155119, 0.142508, 0.486346, -0.0158237, 0.142576, 0.996195, -3.71201e-12, -0.0871557, -4.46982e-12, -1, -8.49977e-12, -0.0871557, 8.857e-12, -0.996195, 0
4.91, 2025-07-03__00-38-51.192115, -0.0474644, -0.0815056, 0.0342239, -2.28748, -0.0353794, 2.15752, 0.743392, -0.0040845, 0.00143605, 0.000649149, 0.000661301, -8.16489e-05, -0.00543274, -0.0005505, -0.0519491, -0.0365037, -0.0721716, 0.0561531, -0.0254356, 0.204315, -0.26676, 0, 0, 0, 0, 0, 0, 0, 0.485557, -0.0155148, 0.142508, 0.486346, -0.0158237, 0.142576, 0.996195, -3.71201e-12, -0.0871557, -4.46982e-12, -1, -8.49977e-12, -0.0871557, 8.857e-12, -0.996195, 0
4.92, 2025-07-03__00-38-51.202113, -0.047464, -0.0815057, 0.0342239, -2.28748, -0.0353799, 2.15752, 0.743393, -0.000982346, 0.00162829, 0.000412039, 0.000666047, 5.80856e-05, -0.000502605, -0.000857443, -0.117456, -0.0306457, -0.137624, 0.044809, -0.0262277, 0.170438, -0.264921, 0, 0, 0, 0, 0, 0, 0, 0.485562, -0.0155127, 0.142512, 0.486346, -0.0158237, 0.142576, 0.996195, -3.71201e-12, -0.0871557, -4.46982e-12, -1, -8.49977e-12, -0.0871557, 8.857e-12, -0.996195, 0
4.93, 2025-07-03__00-38-51.212115, -0.0474668, -0.0815083, 0.0342239, -2.28748, -0.0353791, 2.15752, 0.743393, 0.000619499, 0.000102034, 9.5589e-05, -0.000563819, 0.00179464, 0.000153501, 0.000672233, -0.147367, 0.00676063, -0.167442, 0.0411639, -0.0370518, 0.166192, -0.274249, 0, 0, 0, 0, 0, 0, 0, 0.485556, -0.0155152, 0.142506, 0.486346, -0.0158237, 0.142576, 0.996195, -3.71201e-12, -0.0871557, -4.46982e-12, -1, -8.49977e-12, -0.0871557, 8.857e-12, -0.996195, 0
4.94, 2025-07-03__00-38-51.222111, -0.0474644, -0.0815101, 0.0342239, -2.28749, -0.0353805, 2.15752, 0.743396, 4.11994e-05, -0.000305902, 0.00223789, -0.00137983, -1.86939e-05, 0.00677327, 0.000569108, -0.184647, 0.0216601, -0.206361, 0.0336418, -0.0251843, 0.122255, -0.273717, 0, 0, 0, 0, 0, 0, 0, 0.485561, -0.0155155, 0.142511, 0.486346, -0.0158237, 0.142576, 0.996195, -3.71201e-12, -0.0871557, -4.46982e-12, -1, -8.49977e-12, -0.0871557, 8.857e-12, -0.996195, 0
4.95, 2025-07-03__00-38-51.232113, -0.0474669, -0.0815137, 0.0342214, -2.28748, -0.035378, 2.15752, 0.743392, -0.00162674, -0.00135991, -0.000418451, 0.000505104, 0.00888378, 6.80718e-05, -0.00088257, -0.0852653, 0.0778965, -0.104643, -0.00919266, -0.0819951, 0.160747, -0.265476, 0, 0, 0, 0, 0, 0, 0, 0.485561, -0.0155112, 0.142511, 0.486346, -0.0158237, 0.142576, 0.996195, -3.71201e-12, -0.0871557, -4.46982e-12, -1, -8.49977e-12, -0.0871557, 8.857e-12, -0.996195, 0
4.96, 2025-07-03__00-38-51.242113, -0.0474671, -0.0815108, 0.0342261, -2.28749, -0.0353805, 2.15752, 0.743392, -0.000855711, -0.000254826, 0.00040306, -0.0011596, 0.00197198, 0.000188991, -0.00131194, -0.121859, 0.00799971, -0.14217, 0.0484855, -0.037669, 0.167424, -0.26223, 0, 0, 0, 0, 0, 0, 0, 0.485562, -0.015515, 0.142512, 0.486346, -0.0158237, 0.142576, 0.996195, -3.71201e-12, -0.0871557, -4.46982e-12, -1, -8.49977e-12, -0.0871557, 8.857e-12, -0.996195, 0
4.97, 2025-07-03__00-38-51.252114, -0.0474674, -0.081511, 0.0342239, -2.28748, -0.0353799, 2.15752, 0.743395, 0.000596853, -0.000153106, 0.000114614, 0.000915139, 0.000137425, -6.91329e-05, 0.00124494, -0.146902, 0.040843, -0.166948, 0.00787091, -0.02735, 0.162565, -0.277766, 0, 0, 0, 0, 0, 0, 0, 0.485562, -0.0155146, 0.142512, 0.486346, -0.0158237, 0.142576, 0.996195, -3.71201e-12, -0.0871557, -4.46982e-12, -1, -8.49977e-12, -0.0871557, 8.857e-12, -0.996195, 0
4.98, 2025-07-03__00-38-51.262116, -0.0474619, -0.0815049, 0.0342214, -2.28748, -0.0353799, 2.15752, 0.743389, 0.000548202, 0.00155928, -0.000270425, 0.000701708, 5.83244e-05, 0.000271497, -0.00128515, -0.136727, -0.0256514, -0.156433, 0.0408599, -0.0262401, 0.164782, -0.262073, 0, 0, 0, 0, 0, 0, 0, 0.485562, -0.0155143, 0.142512, 0.486346, -0.0158237, 0.142576, 0.996195, -3.71201e-12, -0.0871557, -4.46982e-12, -1, -8.49977e-12, -0.0871557, 8.857e-12, -0.996195, 0
4.99, 2025-07-03__00-38-51.272114, -0.0474644, -0.0815082, 0.0342267, -2.28748, -0.0353791, 2.15752, 0.743391, 1.00533e-05, 8.81067e-05, 0.00133362, -0.000914559, 0.00221273, 0.000272352, -0.000739604, -0.163061, 0.00215013, -0.184032, 0.047781, -0.0394059, 0.166386, -0.265561, 0, 0, 0, 0, 0, 0, 0, 0.485561, -0.0155154, 0.14251, 0.486346, -0.0158237, 0.142576, 0.996195, -3.71201e-12, -0.0871557, -4.46982e-12, -1, -8.49977e-12, -0.0871557, 8.857e-12, -0.996195, 0
5, 2025-07-03__00-38-51.282111, -0.0474619, -0.0815102, 0.0342239, -2.28748, -0.0353805, 2.15752, 0.743395, 3.47277e-05, -0.000434712, 0.000360025, -9.99253e-05, 0.00939512, 0.000513101, 0.000476637, -0.141807, 0.0363305, -0.161854, 0.0181572, -0.0847805, 0.161294, -0.273744, 0, 0, 0, 0, 0, 0, 0, 0.485562, -0.0155137, 0.142512, 0.486346, -0.0158237, 0.142576, 0.996195, -3.71201e-12, -0.0871557, -4.46982e-12, -1, -8.49977e-12, -0.0871557, 8.857e-12, -0.996195, 0
5.01, 2025-07-03__00-38-51.292113, -0.047465, -0.0815078, 0.0342239, -2.28748, -0.0353804, 2.15752, 0.743392, -0.000724898, 0.00059124, -8.91659e-05, 0.000440339, 0.000524136, -0.000237535, 8.99762e-05, -0.112457, 0.00381246, -0.132298, 0.0305262, -0.0292701, 0.16704, -0.27067, 0, 0, 0, 0, 0, 0, 0, 0.485556, -0.0155145, 0.142507, 0.486346, -0.0158237, 0.142576, 0.996195, -3.71201e-12, -0.0871557, -4.46982e-12, -1, -8.49977e-12, -0.0871557, 8.857e-12, -0.996195, 0
5.02, 2025-07-03__00-38-51.302113, -0.0474665, -0.0815085, 0.0342214, -2.28749, -0.0353773, 2.15752, 0.743391, -0.000771988, 0.000428435, -0.000412293, -0.000494418, -0.00539435, 0.00888964, -1.61648e-05, -0.104289, 0.0107773, -0.124054, 0.0231445, 0.00818053, 0.106869, -0.269789, 0, 0, 0, 0, 0, 0, 0, 0.485557, -0.0155145, 0.142509, 0.486346, -0.0158237, 0.142576, 0.996195, -3.71201e-12, -0.0871557, -4.46982e-12, -1, -8.49977e-12, -0.0871557, 8.857e-12, -0.996195, 0
5.03, 2025-07-03__00-38-51.312117, -0.0474619, -0.081511, 0.0342246, -2.28748, -0.0353805, 2.15752, 0.743397, 0.00124561, 0.000177673, 0.000538799, 0.000212929, -0.000228892, -0.00594199, 0.00173581, -0.171915, 0.0053884, -0.192368, 0.0459479, -0.0248502, 0.205739, -0.280608, 0, 0, 0, 0, 0, 0, 0, 0.485558, -0.0155148, 0.142511, 0.486346, -0.0158237, 0.142576, 0.996195, -3.71201e-12, -0.0871557, -4.46982e-12, -1, -8.49977e-12, -0.0871557, 8.857e-12, -0.996195, 0
5.04, 2025-07-03__00-38-51.322113, -0.0474643, -0.0815109, 0.0342269, -2.28748, -0.0353799, 2.15752, 0.743391, 0.000304293, 7.90842e-05, 0.00136412, 0.00120284, 0.000393775, -0.000624029, 0.00134758, -0.169778, 0.0369332, -0.190689, 0.00785371, -0.0290329, 0.165909, -0.278106, 0, 0, 0, 0, 0, 0, 0, 0.485562, -0.0155167, 0.142512, 0.486346, -0.0158237, 0.142576, 0.996195, -3.71201e-12, -0.0871557, -4.46982e-12, -1, -8.49977e-12, -0.0871557, 8.857e-12, -0.996195, 0
5.05, 2025-07-03__00-38-51.332114, -0.0474622, -0.0815063, 0.0342267, -2.28748, -0.0353812, 2.15751, 0.743395, 0.00020643, -7.86298e-05, 0.000715878, 0.000658568, -0.000196585, 0.000167662, 0.000517812, -0.153539, 0.0326355, -0.174053, 0.0149553, -0.0250011, 0.162645, -0.273305, 0, 0, 0, 0, 0, 0, 0, 0.485561, -0.0155145, 0.142511, 0.486346, -0.0158237, 0.142576, 0.996195, -3.71201e-12, -0.0871557, -4.46982e-12, -1, -8.49977e-12, -0.0871557, 8.857e-12, -0.996195, 0
5.06, 2025-07-03__00-38-51.342114, -0.0474591, -0.081511, 0.0342214, -2.28748, -0.0353766, 2.15752, 0.74339, -0.00156444, -0.000677541, -0.000201092, 0.00151176, 0.000176535, 0.000189525, -0.000775704, -0.0923989, 0.0683885, -0.112044, -0.014313, -0.0278915, 0.15815, -0.26542, 0, 0, 0, 0, 0, 0, 0, 0.485556, -0.0155143, 0.142507, 0.486346, -0.0158237, 0.142576, 0.996195, -3.71201e-12, -0.0871557, -4.46982e-12, -1, -8.49977e-12, -0.0871557, 8.857e-12, -0.996195, 0
5.07, 2025-07-03__00-38-51.352114, -0.0474642, -0.0815089, 0.0342194, -2.28748, -0.0353799, 2.15752, 0.743395, -0.00147273, -8.14536e-05, -0.000759652, 0.000379649, 0.00201272, 0.00010137, 0.000505461, -0.0799526, 0.0271756, -0.0992359, 0.0182532, -0.0387181, 0.163597, -0.273563, 0, 0, 0, 0, 0, 0, 0, 0.485562, -0.0155137, 0.142512, 0.486346, -0.0158237, 0.142576, 0.996195, -3.71201e-12, -0.0871557, -4.46982e-12, -1, -8.49977e-12, -0.0871557, 8.857e-12, -0.996195, 0
5.08, 2025-07-03__00-38-51.362115, -0.0474674, -0.0815103, 0.0342214, -2.28748, -0.0353823, 2.15752, 0.743393, -0.00255953, -8.10177e-05, -0.000411039, 3.7282e-05, 0.00048311, 4.56091e-05, -0.00734614, -0.063415, 0.0208589, -0.0830089, 0.0258412, -0.0282917, 0.165231, -0.225792, 0, 0, 0, 0, 0, 0, 0, 0.485557, -0.015513, 0.142508, 0.486346, -0.0158237, 0.142576, 0.996195, -3.71201e-12, -0.0871557, -4.46982e-12, -1, -8.49977e-12, -0.0871557, 8.857e-12, -0.996195, 0
5.09, 2025-07-03__00-38-51.372114, -0.0474531, -0.0815319, 0.0342261, -2.28745, -0.0353716, 2.15737, 0.74337, 0.00549445, -0.0103919, -0.00132494, 0.00973068, 0.00525661, -0.0487593, -0.00345084, 0.290583, -37.2974, 0.0968429, 23.645, 0.726441, -6.2019, -0.613558, 0, 0, 0, 0, 0, 0, 0, 0.485545, -0.0155135, 0.142518, 0.486346, -0.0158237, 0.742576, 0.996195, -3.71201e-12, -0.0871557, -4.46982e-12, -1, -8.49977e-12, -0.0871557, 8.857e-12, -0.996195, 0
5.1, 2025-07-03__00-38-51.382115, -0.0473962, -0.0820934, 0.0342501, -2.28656, -0.035233, 2.15293, 0.743075, 0.0108986, -0.0755661, 0.00512758, 0.127818, 0.0162311, -0.613699, -0.0446263, 0.0787809, -34.5473, -0.114807, 21.7311, 0.571397, -2.59322, -0.336603, 0, 0, 0, 0, 0, 0, 0, 0.48469, -0.0154735, 0.142801, 0.486346, -0.0158237, 0.742576, 0.996195, -3.71201e-12, -0.0871557, -4.46982e-12, -1, -8.49977e-12, -0.0871557, 8.857e-12, -0.996195, 0
5.11, 2025-07-03__00-38-51.392114, -0.0473287, -0.0831086, 0.0342728, -2.2843, -0.0350472, 2.14292, 0.742574, 0.00868318, -0.103114, 0.00307076, 0.269684, 0.0202386, -1.08594, -0.0485136, 0.271465, -33.005, 0.086722, 19.4958, 0.442823, 0.656036, -0.281804, 0, 0, 0, 0, 0, 0, 0, 0.482606, -0.0154471, 0.14353, 0.486346, -0.0158237, 0.742576, 0.996195, -3.71201e-12, -0.0871557, -4.46982e-12, -1, -8.49977e-12, -0.0871557, 8.857e-12, -0.996195, 0
5.12, 2025-07-03__00-38-51.402113, -0.0472793, -0.0846687, 0.0343191, -2.2807, -0.0349485, 2.13019, 0.742216, 0.000877658, -0.18418, 0.00555995, 0.377567, 0.00541549, -1.30163, -0.0258281, 0.405584, -29.6644, 0.22057, 16.2635, 0.444394, 2.18573, -0.409273, 0, 0, 0, 0, 0, 0, 0, 0.480244, -0.0154645, 0.144892, 0.486346, -0.0158237, 0.742576, 0.996195, -3.71201e-12, -0.0871557, -4.46982e-12, -1, -8.49977e-12, -0.0871557, 8.857e-12, -0.996195, 0
5.13, 2025-07-03__00-38-51.412116, -0.0472217, -0.0873179, 0.0343741, -2.27667, -0.0348617, 2.11692, 0.742041, 0.00677695, -0.273433, 0.00648268, 0.42258, 0.00857123, -1.30578, -0.0164418, 0.202626, -26.4685, 0.0110293, 13.6015, 0.366989, 2.35897, -0.474117, 0, 0, 0, 0, 0, 0, 0, 0.478081, -0.015499, 0.146973, 0.486346, -0.0158237, 0.742576, 0.996195, -3.71201e-12, -0.0871557, -4.46982e-12, -1, -8.49977e-12, -0.0871557, 8.857e-12, -0.996195, 0
5.14, 2025-07-03__00-38-51.422110, -0.0472066, -0.0899529, 0.034405, -2.2719, -0.0347941, 2.10465, 0.741864, -0.000248455, -0.282065, 0.00284551, 0.48441, 0.00979501, -1.19387, -0.0183173, 0.431778, -25.4185, 0.241964, 11.7044, 0.322282, 1.73046, -0.476878, 0, 0, 0, 0, 0, 0, 0, 0.47658, -0.015563, 0.149443, 0.486346, -0.0158237, 0.742576, 0.996195, -3.71201e-12, -0.0871557, -4.46982e-12, -1, -8.49977e-12, -0.0871557, 8.857e-12, -0.996195, 0
5.15, 2025-07-03__00-38-51.432114, -0.0472123, -0.0936571, 0.0344281, -2.26715, -0.0347699, 2.09322, 0.741613, -0.00382116, -0.416271, 0.00119327, 0.473383, -0.00127888, -1.1272, -0.0208803, 0.416273, -20.8741, 0.216451, 9.41476, 0.369764, 1.24142, -0.473957, 0, 0, 0, 0, 0, 0, 0, 0.475596, -0.0156415, 0.152469, 0.486346, -0.0158237, 0.742576, 0.996195, -3.71201e-12, -0.0871557, -4.46982e-12, -1, -8.49977e-12, -0.0871557, 8.857e-12, -0.996195, 0
5.16, 2025-07-03__00-38-51.442114, -0.0472197, -0.0990421, 0.0344238, -2.26266, -0.0347374, 2.08207, 0.741374, -0.00821352, -0.559881, -0.000876045, 0.459519, -0.000462093, -1.11913, -0.0223575, 0.401735, -15.8394, 0.190296, 7.28904, 0.346291, 1.02868, -0.482021, 0, 0, 0, 0, 0, 0, 0, 0.474835, -0.015759, 0.156207, 0.486346, -0.0158237, 0.742576, 0.996195, -3.71201e-12, -0.0871557, -4.46982e-12, -1, -8.49977e-12, -0.0871557, 8.857e-12, -0.996195, 0
5.17, 2025-07-03__00-38-51.452113, -0.0472418, -0.105254, 0.0344109, -2.25798, -0.0346884, 2.07137, 0.741128, -0.00147484, -0.635523, -0.00227951, 0.465734, 0.0103604, -1.06454, -0.0256034, 0.151737, -12.5436, -0.0717691, 5.83565, 0.266861, 0.473591, -0.481863, 0, 0, 0, 0, 0, 0, 0, 0.47443, -0.0158847, 0.160467, 0.486346, -0.0158237, 0.742576, 0.996195, -3.71201e-12, -0.0871557, -4.46982e-12, -1, -8.49977e-12, -0.0871557, 8.857e-12, -0.996195, 0
5.18, 2025-07-03__00-38-51.462116, -0.0472577, -0.111708, 0.0344111, -2.25315, -0.0346447, 2.06107, 0.740834, 0.00225213, -0.650325, 0.000123373, 0.485561, 0.00825521, -1.02306, -0.0328004, -0.0734991, -11.099, -0.311179, 5.21582, 0.277333, 0.0378013, -0.452904, 0, 0, 0, 0, 0, 0, 0, 0.474253, -0.0160013, 0.164963, 0.486346, -0.0158237, 0.742576, 0.996195, -3.71201e-12, -0.0871557, -4.46982e-12, -1, -8.49977e-12, -0.0871557, 8.857e-12, -0.996195, 0
5.19, 2025-07-03__00-38-51.472114, -0.0472689, -0.118528, 0.0344502, -2.24821, -0.0346177, 2.05067, 0.740553, 0.00124889, -0.708452, 0.00491449, 0.494819, 0.0088125, -1.05103, -0.020542, -0.282065, -8.30902, -0.538138, 4.29168, 0.267845, 0.0026956, -0.541755, 0, 0, 0, 0, 0, 0, 0, 0.474118, -0.0160949, 0.169656, 0.486346, -0.0158237, 0.742576, 0.996195, -3.71201e-12, -0.0871557, -4.46982e-12, -1, -8.49977e-12, -0.0871557, 8.857e-12, -0.996195, 0
5.2, 2025-07-03__00-38-51.482116, -0.047249, -0.12596, 0.0344528, -2.24318, -0.0345846, 2.03997, 0.740246, -0.000810473, -0.754369, -0.000680795, 0.505335, 0.0108996, -1.07575, -0.0264614, -0.231947, -5.83249, -0.493695, 3.55176, 0.256706, -0.0568988, -0.521437, 0, 0, 0, 0, 0, 0, 0, 0.473989, -0.0161921, 0.174693, 0.486346, -0.0158237, 0.742576, 0.996195, -3.71201e-12, -0.0871557, -4.46982e-12, -1, -8.49977e-12, -0.0871557, 8.857e-12, -0.996195, 0
5.21, 2025-07-03__00-38-51.492114, -0.0472658, -0.13364, 0.0344425, -2.23817, -0.0345647, 2.02919, 0.739815, -0.00343956, -0.783828, -0.00107333, 0.508343, 0.00184954, -1.07599, -0.041281, -0.277583, -3.98031, -0.551699, 3.17593, 0.323232, -0.238034, -0.442714, 0, 0, 0, 0, 0, 0, 0, 0.473763, -0.0163104, 0.17982, 0.486346, -0.0158237, 0.742576, 0.996195, -3.71201e-12, -0.0871557, -4.46982e-12, -1, -8.49977e-12, -0.0871557, 8.857e-12, -0.996195, 0
5.22, 2025-07-03__00-38-51.502112, -0.0472984, -0.141406, 0.034414, -2.23284, -0.0345274, 2.01837, 0.739379, -0.00459039, -0.751702, -0.00308463, 0.53941, 0.000660608, -1.08659, -0.0417574, -0.268978, -3.83084, -0.550318, 3.32499, 0.340493, -0.333653, -0.452484, 0, 0, 0, 0, 0, 0, 0, 0.473646, -0.0164486, 0.185154, 0.486346, -0.0158237, 0.742576, 0.996195, -3.71201e-12, -0.0871557, -4.46982e-12, -1, -8.49977e-12, -0.0871557, 8.857e-12, -0.996195, 0
5.23, 2025-07-03__00-38-51.512115, -0.0473402, -0.148937, 0.034416, -2.22729, -0.0344975, 2.0073, 0.738985, -0.00236784, -0.747245, -0.00150864, 0.568369, 0.00616187, -1.12007, -0.04022, -0.434874, -2.76666, -0.730967, 3.08858, 0.307146, -0.298446, -0.476075, 0, 0, 0, 0, 0, 0, 0, 0.47345, -0.0165769, 0.190449, 0.486346, -0.0158237, 0.742576, 0.996195, -3.71201e-12, -0.0871557, -4.46982e-12, -1, -8.49977e-12, -0.0871557, 8.857e-12, -0.996195, 0
5.24, 2025-07-03__00-38-51.522112, -0.0473858, -0.15653, 0.0344064, -2.22137, -0.0344653, 1.99593, 0.738627, -0.0038219, -0.756987, -0.000803264, 0.604487, 0.00177917, -1.1378, -0.0346632, -0.508711, -0.974719, -0.815512, 2.41795, 0.332499, -0.42475, -0.5281, 0, 0, 0, 0, 0, 0, 0, 0.473237, -0.0167037, 0.195915, 0.486346, -0.0158237, 0.742576, 0.996195, -3.71201e-12, -0.0871557, -4.46982e-12, -1, -8.49977e-12, -0.0871557, 8.857e-12, -0.996195, 0
5.25, 2025-07-03__00-38-51.532115, -0.0473933, -0.16409, 0.0343784, -2.21524, -0.0344316, 1.98437, 0.7383, -0.0015239, -0.744787, 0.000380056, 0.60721, 0.00489623, -1.17558, -0.0356267, -0.662405, -0.576999, -0.988221, 2.83982, 0.326118, -0.270116, -0.540217, 0, 0, 0, 0, 0, 0, 0, 0.472992, -0.0168197, 0.201461, 0.486346, -0.0158237, 0.742576, 0.996195, -3.71201e-12, -0.0871557, -4.46982e-12, -1, -8.49977e-12, -0.0871557, 8.857e-12, -0.996195, 0
5.26, 2025-07-03__00-38-51.542116, -0.0474103, -0.171368, 0.0342942, -2.20891, -0.034366, 1.97255, 0.737958, 0.00069207, -0.736264, -0.00354138, 0.644971, 0.0115099, -1.18375, -0.0391219, -0.692517, 0.573218, -1.02189, 2.38577, 0.282714, -0.402189, -0.539646, 0, 0, 0, 0, 0, 0, 0, 0.472642, -0.0169499, 0.206945, 0.486346, -0.0158237, 0.742576, 0.996195, -3.71201e-12, -0.0871557, -4.46982e-12, -1, -8.49977e-12, -0.0871557, 8.857e-12, -0.996195, 0
5.27, 2025-07-03__00-38-51.552088, -0.0474175, -0.178474, 0.034194, -2.20211, -0.0342895, 1.96052, 0.737616, -0.000865383, -0.699879, -0.0137125, 0.684177, 0.0141923, -1.21736, -0.0287758, -0.472407, 0.697245, -0.788356, 2.45411, 0.273518, -0.314285, -0.622585, 0, 0, 0, 0, 0, 0, 0, 0.472326, -0.0170741, 0.212549, 0.486346, -0.0158237, 0.742576, 0.996195, -3.71201e-12, -0.0871557, -4.46982e-12, -1, -8.49977e-12, -0.0871557, 8.857e-12, -0.996195, 0
5.28, 2025-07-03__00-38-51.562114, -0.0474547, -0.185326, 0.0340982, -2.19495, -0.0342344, 1.94831, 0.73724, -0.00238091, -0.682632, -0.00843548, 0.73141, 0.00388476, -1.25144, -0.0422275, -0.604704, 1.68972, -0.936497, 2.02935, 0.332457, -0.275352, -0.559691, 0, 0, 0, 0, 0, 0, 0, 0.472002, -0.0172082, 0.218177, 0.486346, -0.0158237, 0.742576, 0.996195, -3.71201e-12, -0.0871557, -4.46982e-12, -1, -8.49977e-12, -0.0871557, 8.857e-12, -0.996195, 0
5.29, 2025-07-03__00-38-51.572111, -0.0474834, -0.191969, 0.0340041, -2.18753, -0.0341846, 1.93599, 0.736836, -0.00361642, -0.653183, -0.00811845, 0.740777, 0.00364003, -1.24327, -0.0380733, -0.634329, 1.64282, -0.977525, 2.43416, 0.348539, -0.390259, -0.602133, 0, 0, 0, 0, 0, 0, 0, 0.471652, -0.0173498, 0.223845, 0.486346, -0.0158237, 0.742576, 0.996195, -3.71201e-12, -0.0871557, -4.46982e-12, -1, -8.49977e-12, -0.0871557, 8.857e-12, -0.996195, 0
5.3, 2025-07-03__00-38-51.582112, -0.0475044, -0.198154, 0.0339063, -2.1798, -0.0340905, 1.92346, 0.736429, -0.00124616, -0.613797, -0.0101032, 0.796092, 0.0122603, -1.25009, -0.0407379, -0.671041, 1.9453, -1.01526, 2.12098, 0.288252, -0.49084, -0.601794, 0, 0, 0, 0, 0, 0, 0, 0.47123, -0.0174648, 0.229408, 0.486346, -0.0158237, 0.742576, 0.996195, -3.71201e-12, -0.0871557, -4.46982e-12, -1, -8.49977e-12, -0.0871557, 8.857e-12, -0.996195, 0
5.31, 2025-07-03__00-38-51.592112, -0.047519, -0.204014, 0.0337851, -2.17159, -0.0340056, 1.91078, 0.735984, -0.000551896, -0.576973, -0.0125237, 0.854987, 0.0168289, -1.29204, -0.0380962, -0.655699, 2.35865, -0.995862, 1.78835, 0.252367, -0.36267, -0.631336, 0, 0, 0, 0, 0, 0, 0, 0.470865, -0.0175811, 0.235028, 0.486346, -0.0158237, 0.742576, 0.996195, -3.71201e-12, -0.0871557, -4.46982e-12, -1, -8.49977e-12, -0.0871557, 8.857e-12, -0.996195, 0
5.32, 2025-07-03__00-38-51.602114, -0.047564, -0.209458, 0.033655, -2.16296, -0.0339729, 1.89798, 0.735542, -0.00122421, -0.534527, -0.00627442, 0.853582, 0.00258819, -1.28623, -0.0452745, -0.793788, 1.55736, -1.16188, 2.61573, 0.357878, -0.375071, -0.601797, 0, 0, 0, 0, 0, 0, 0, 0.470526, -0.0177232, 0.240666, 0.486346, -0.0158237, 0.742576, 0.996195, -3.71201e-12, -0.0871557, -4.46982e-12, -1, -8.49977e-12, -0.0871557, 8.857e-12, -0.996195, 0
5.33, 2025-07-03__00-38-51.612111, -0.0476165, -0.2147, 0.0334931, -2.15417, -0.0338861, 1.8849, 0.735158, -0.00478813, -0.520331, -0.0152238, 0.892185, 0.00670885, -1.31119, -0.0376628, -0.555708, 2.4322, -0.897703, 2.21092, 0.332758, -0.313327, -0.667201, 0, 0, 0, 0, 0, 0, 0, 0.47003, -0.0178636, 0.246222, 0.486346, -0.0158237, 0.742576, 0.996195, -3.71201e-12, -0.0871557, -4.46982e-12, -1, -8.49977e-12, -0.0871557, 8.857e-12, -0.996195, 0
5.34, 2025-07-03__00-38-51.622111, -0.0476451, -0.219637, 0.0333572, -2.14488, -0.0337734, 1.87172, 0.734834, -0.00317296, -0.478541, -0.0205522, 0.929532, 0.0194343, -1.31091, -0.0435773, -0.490772, 2.30859, -0.822495, 2.24829, 0.254094, -0.380731, -0.65109, 0, 0, 0, 0, 0, 0, 0, 0.469608, -0.0179689, 0.251883, 0.486346, -0.0158237, 0.742576, 0.996195, -3.71201e-12, -0.0871557, -4.46982e-12, -1, -8.49977e-12, -0.0871557, 8.857e-12, -0.996195, 0
5.35, 2025-07-03__00-38-51.632113, -0.0476728, -0.223979, 0.0332322, -2.13518, -0.0336984, 1.85851, 0.734498, -0.00296568, -0.426122, -0.0124281, 0.962506, 0.00516596, -1.3221, -0.0269557, -0.657391, 1.62851, -1.01631, 2.60129, 0.339417, -0.328115, -0.767131, 0, 0, 0, 0, 0, 0, 0, 0.469296, -0.0180631, 0.256937, 0.486346, -0.0158237, 0.742576, 0.996195, -3.71201e-12, -0.0871557, -4.46982e-12, -1, -8.49977e-12, -0.0871557, 8.857e-12, -0.996195, 0
5.36, 2025-07-03__00-38-51.642112, -0.0477032, -0.228081, 0.0330829, -2.12525, -0.0336052, 1.84505, 0.73412, -0.00448799, -0.406458, -0.0135141, 1.00188, 0.00541436, -1.34564, -0.0356528, -0.619202, 2.26477, -0.971979, 2.25762, 0.331328, -0.243098, -0.729224, 0, 0, 0, 0, 0, 0, 0, 0.468765, -0.0181939, 0.263023, 0.486346, -0.0158237, 0.742576, 0.996195, -3.71201e-12, -0.0871557, -4.46982e-12, -1, -8.49977e-12, -0.0871557, 8.857e-12, -0.996195, 0
5.37, 2025-07-03__00-38-51.652111, -0.04771, -0.231518, 0.0329268, -2.11584, -0.0335061, 1.83294, 0.733751, -0.00191947, -0.37272, -0.0157551, 1.05512, 0.0183842, -1.33221, -0.0438608, -0.636128, 2.64957, -0.981043, 1.79087, 0.238947, -0.441964, -0.692239, 0, 0, 0, 0, 0, 0, 0, 0.468395, -0.0182871, 0.268675, 0.486346, -0.0158237, 0.742576, 0.996195, -3.71201e-12, -0.0871557, -4.46982e-12, -1, -8.49977e-12, -0.0871557, 8.857e-12, -0.996195, 0
5.38, 2025-07-03__00-38-51.662111, -0.0477191, -0.235322, 0.0327209, -2.10407, -0.0334277, 1.81807, 0.7332, 0.000692801, -0.333121, -0.018683, 1.07217, 0.00243059, -1.36758, -0.0541328, -0.606976, 2.17327, -0.949027, 2.28536, 0.346804, -0.186912, -0.636765, 0, 0, 0, 0, 0, 0, 0, 0.468008, -0.0183979, 0.27428, 0.486346, -0.0158237, 0.742576, 0.996195, -3.71201e-12, -0.0871557, -4.46982e-12, -1, -8.49977e-12, -0.0871557, 8.857e-12, -0.996195, 0
5.39, 2025-07-03__00-38-51.672112, -0.0477402, -0.238537, 0.0325395, -2.09303, -0.0333377, 1.80436, 0.732641, 6.33249e-05, -0.317034, -0.010377, 1.11703, 0.00760287, -1.36705, -0.0524848, -0.796067, 3.1219, -1.15862, 1.69476, 0.294758, -0.286676, -0.65138, 0, 0, 0, 0, 0, 0, 0, 0.467583, -0.0185127, 0.27991, 0.486346, -0.0158237, 0.742576, 0.996195, -3.71201e-12, -0.0871557, -4.46982e-12, -1, -8.49977e-12, -0.0871557, 8.857e-12, -0.996195, 0
5.4, 2025-07-03__00-38-51.682113, -0.0477449, -0.241176, 0.0323404, -2.08164, -0.0332495, 1.79074, 0.73213, 0.00158907, -0.246046, -0.019034, 1.13841, 0.0176201, -1.37004, -0.0457323, -0.603567, 1.388, -0.939606, 2.58235, 0.248736, -0.20312, -0.697774, 0, 0, 0, 0, 0, 0, 0, 0.467218, -0.018612, 0.285478, 0.486346, -0.0158237, 0.742576, 0.996195, -3.71201e-12, -0.0871557, -4.46982e-12, -1, -8.49977e-12, -0.0871557, 8.857e-12, -0.996195, 0
5.41, 2025-07-03__00-38-51.692111, -0.0477665, -0.243483, 0.0321614, -2.06997, -0.0331845, 1.77713, 0.731668, 0.00021032, -0.233709, -0.015041, 1.17906, -6.96321e-05, -1.37811, -0.0478973, -0.656023, 2.33594, -0.996325, 2.03338, 0.346776, -0.228051, -0.691795, 0, 0, 0, 0, 0, 0, 0, 0.466861, -0.0187095, 0.290977, 0.486346, -0.0158237, 0.742576, 0.996195, -3.71201e-12, -0.0871557, -4.46982e-12, -1, -8.49977e-12, -0.0871557, 8.857e-12, -0.996195, 0
5.42, 2025-07-03__00-38-51.702114, -0.0477846, -0.245515, 0.0320313, -2.05912, -0.0331346, 1.76478, 0.731248, 0.00479623, -0.204602, -0.0190928, 1.19767, 0.0103756, -1.38597, -0.0449767, -0.667843, 2.1908, -1.00149, 2.21508, 0.282413, -0.182654, -0.716542, 0, 0, 0, 0, 0, 0, 0, 0.466541, -0.018801, 0.29665, 0.486346, -0.0158237, 0.742576, 0.996195, -3.71201e-12, -0.0871557, -4.46982e-12, -1, -8.49977e-12, -0.0871557, 8.857e-12, -0.996195, 0
5.43, 2025-07-03__00-38-51.712112, -0.0477996, -0.247397, 0.0318384, -2.04562, -0.033063, 1.74971, 0.730683, 0.000614494, -0.163354, -0.0156355, 1.2423, 0.00447404, -1.36319, -0.0486445, -0.637316, 2.14344, -0.967129, 2.04753, 0.315532, -0.38002, -0.697755, 0, 0, 0, 0, 0, 0, 0, 0.466201, -0.0188928, 0.30216, 0.486346, -0.0158237, 0.742576, 0.996195, -3.71201e-12, -0.0871557, -4.46982e-12, -1, -8.49977e-12, -0.0871557, 8.857e-12, -0.996195, 0
5.44, 2025-07-03__00-38-51.722110, -0.0478367, -0.248709, 0.0316796, -2.03282, -0.0330333, 1.73605, 0.730073, -0.00502124, -0.123521, -0.0159804, 1.27383, 0.00550232, -1.37042, -0.07043, -0.502486, 1.81549, -0.813272, 2.19061, 0.318695, -0.350861, -0.564956, 0, 0, 0, 0, 0, 0, 0, 0.465976, -0.0189922, 0.307755, 0.486346, -0.0158237, 0.742576, 0.996195, -3.71201e-12, -0.0871557, -4.46982e-12, -1, -8.49977e-12, -0.0871557, 8.857e-12, -0.996195, 0
5.45, 2025-07-03__00-38-51.732113, -0.0478549, -0.249756, 0.0314983, -2.01997, -0.0329624, 1.72215, 0.729415, -0.00198868, -0.107663, -0.0137552, 1.29462, 0.00323187, -1.37954, -0.0681862, -0.604432, 2.18094, -0.922496, 2.08849, 0.322383, -0.28897, -0.572069, 0, 0, 0, 0, 0, 0, 0, 0.465603, -0.0190788, 0.313218, 0.486346, -0.0158237, 0.742576, 0.996195, -3.71201e-12, -0.0871557, -4.46982e-12, -1, -8.49977e-12, -0.0871557, 8.857e-12, -0.996195, 0
5.46, 2025-07-03__00-38-51.742111, -0.0478665, -0.250628, 0.0313329, -2.00671, -0.0329444, 1.70831, 0.728787, -0.00254926, -0.0716009, -0.0191471, 1.32495, -0.000913301, -1.37018, -0.061225, -0.453238, 1.97298, -0.740561, 2.14573, 0.357808, -0.369155, -0.611254, 0, 0, 0, 0, 0, 0, 0, 0.465303, -0.0191688, 0.318793, 0.486346, -0.0158237, 0.742576, 0.996195, -3.71201e-12, -0.0871557, -4.46982e-12, -1, -8.49977e-12, -0.0871557, 8.857e-12, -0.996195, 0
5.47, 2025-07-03__00-38-51.752111, -0.0478764, -0.251047, 0.0311919, -1.99313, -0.0328839, 1.6945, 0.728142, 0.00210094, -0.0437572, -0.0102704, 1.35672, 0.0113273, -1.36779, -0.0695582, -0.743668, 2.11343, -1.06807, 2.03476, 0.258321, -0.413344, -0.553151, 0, 0, 0, 0, 0, 0, 0, 0.465032, -0.0192417, 0.324285, 0.486346, -0.0158237, 0.742576, 0.996195, -3.71201e-12, -0.0871557, -4.46982e-12, -1, -8.49977e-12, -0.0871557, 8.857e-12, -0.996195, 0
5.48, 2025-07-03__00-38-51.762111, -0.0479024, -0.251257, 0.0310605, -1.97927, -0.0328537, 1.68066, 0.727435, -0.00372985, -0.0183937, -0.0126833, 1.38555, 0.001283, -1.37226, -0.0721787, -0.55105, 2.27464, -0.841527, 1.95985, 0.331648, -0.408442, -0.527203, 0, 0, 0, 0, 0, 0, 0, 0.46479, -0.0193052, 0.329835, 0.486346, -0.0158237, 0.742576, 0.996195, -3.71201e-12, -0.0871557, -4.46982e-12, -1, -8.49977e-12, -0.0871557, 8.857e-12, -0.996195, 0
5.49, 2025-07-03__00-38-51.772113, -0.0479333, -0.251229, 0.0309142, -1.96519, -0.0328264, 1.66678, 0.726703, -0.00817235, -0.00445579, -0.015814, 1.40652, -0.00269389, -1.38416, -0.0794214, -0.38542, 2.74889, -0.641717, 1.82878, 0.365074, -0.345402, -0.472294, 0, 0, 0, 0, 0, 0, 0, 0.4645, -0.0193837, 0.335331, 0.486346, -0.0158237, 0.742576, 0.996195, -3.71201e-12, -0.0871557, -4.46982e-12, -1, -8.49977e-12, -0.0871557, 8.857e-12, -0.996195, 0
5.5, 2025-07-03__00-38-51.782112, -0.0479357, -0.251007, 0.0307829, -1.95083, -0.0327662, 1.6529, 0.725932, -0.007371, 0.0398566, -0.00943374, 1.41244, 0.00695238, -1.39064, -0.0779151, -0.518925, 1.6658, -0.798421, 2.57264, 0.304404, -0.249088, -0.46445, 0, 0, 0, 0, 0, 0, 0, 0.464261, -0.0194403, 0.340921, 0.486346, -0.0158237, 0.742576, 0.996195, -3.71201e-12, -0.0871557, -4.46982e-12, -1, -8.49977e-12, -0.0871557, 8.857e-12, -0.996195, 0
5.51, 2025-07-03__00-38-51.792112, -0.0479519, -0.250455, 0.030621, -1.93622, -0.0327225, 1.63892, 0.725175, -0.000619995, 0.0489237, -0.0164836, 1.48211, 0.00131705, -1.40294, -0.0713503, -0.484971, 3.31569, -0.725969, 1.41509, 0.317427, -0.309284, -0.49111, 0, 0, 0, 0, 0, 0, 0, 0.463994, -0.0194999, 0.345854, 0.486346, -0.0158237, 0.742576, 0.996195, -3.71201e-12, -0.0871557, -4.46982e-12, -1, -8.49977e-12, -0.0871557, 8.857e-12, -0.996195, 0
5.52, 2025-07-03__00-38-51.802114, -0.0479595, -0.249721, 0.030508, -1.92143, -0.0326827, 1.62512, 0.72452, -0.00772381, 0.0869823, -0.00961046, 1.47501, 0.0107043, -1.38781, -0.065733, -0.480175, 2.2391, -0.730805, 2.23951, 0.27131, -0.342118, -0.514252, 0, 0, 0, 0, 0, 0, 0, 0.463708, -0.0195594, 0.351926, 0.486346, -0.0158237, 0.742576, 0.996195, -3.71201e-12, -0.0871557, -4.46982e-12, -1, -8.49977e-12, -0.0871557, 8.857e-12, -0.996195, 0
5.53, 2025-07-03__00-38-51.812112, -0.0479714, -0.248784, 0.0303865, -1.90636, -0.0326376, 1.61124, 0.723904, -0.00226384, 0.0994382, -0.01339, 1.49324, -0.0027418, -1.4048, -0.0602826, -0.474784, 2.74889, -0.709125, 2.14838, 0.350658, -0.252516, -0.537756, 0, 0, 0, 0, 0, 0, 0, 0.463459, -0.0195879, 0.357457, 0.486346, -0.0158237, 0.742576, 0.996195, -3.71201e-12, -0.0871557, -4.46982e-12, -1, -8.49977e-12, -0.0871557, 8.857e-12, -0.996195, 0
5.54, 2025-07-03__00-38-51.822113, -0.0479746, -0.247569, 0.030263, -1.89117, -0.0325902, 1.59728, 0.723239, 0.00015259, 0.130373, -0.0113981, 1.55417, 0.0119783, -1.3835, -0.0696061, -0.563728, 3.32284, -0.793951, 1.52616, 0.235587, -0.492022, -0.470518, 0, 0, 0, 0, 0, 0, 0, 0.463118, -0.0196325, 0.362898, 0.486346, -0.0158237, 0.742576, 0.996195, -3.71201e-12, -0.0871557, -4.46982e-12, -1, -8.49977e-12, -0.0871557, 8.857e-12, -0.996195, 0
5.55, 2025-07-03__00-38-51.832113, -0.0479711, -0.246177, 0.0301738, -1.87553, -0.032562, 1.5834, 0.722575, 0.00190087, 0.148193, -0.0104161, 1.54161, 0.000333289, -1.38454, -0.0684808, -0.588515, 3.01575, -0.821258, 2.09197, 0.315842, -0.442487, -0.463005, 0, 0, 0, 0, 0, 0, 0, 0.462908, -0.0196507, 0.368456, 0.486346, -0.0158237, 0.742576, 0.996195, -3.71201e-12, -0.0871557, -4.46982e-12, -1, -8.49977e-12, -0.0871557, 8.857e-12, -0.996195, 0
5.56, 2025-07-03__00-38-51.842112, -0.0479913, -0.244411, 0.0300565, -1.85971, -0.0325053, 1.56924, 0.721972, -0.0010981, 0.176295, -0.0151911, 1.61276, 0.00481885, -1.42617, -0.0578146, -0.397394, 3.81738, -0.57532, 1.38524, 0.277402, -0.270481, -0.518658, 0, 0, 0, 0, 0, 0, 0, 0.462564, -0.0196921, 0.37388, 0.486346, -0.0158237, 0.742576, 0.996195, -3.71201e-12, -0.0871557, -4.46982e-12, -1, -8.49977e-12, -0.0871557, 8.857e-12, -0.996195, 0
5.57, 2025-07-03__00-38-51.852111, -0.0479862, -0.24238, 0.0299953, -1.8437, -0.0324733, 1.55513, 0.721421, 0.000786232, 0.224322, -0.00314031, 1.61654, 0.0110705, -1.41349, -0.0546923, -0.660458, 2.37949, -0.892976, 2.25038, 0.225312, -0.291288, -0.526772, 0, 0, 0, 0, 0, 0, 0, 0.462218, -0.0197054, 0.379294, 0.486346, -0.0158237, 0.742576, 0.996195, -3.71201e-12, -0.0871557, -4.46982e-12, -1, -8.49977e-12, -0.0871557, 8.857e-12, -0.996195, 0
5.58, 2025-07-03__00-38-51.862112, -0.0480108, -0.240141, 0.0299165, -1.82725, -0.0324224, 1.54108, 0.72085, -0.00340073, 0.223374, -0.00391453, 1.66075, 0.00148678, -1.41193, -0.0650375, -0.549297, 4.06502, -0.744916, 1.35277, 0.274377, -0.409438, -0.455423, 0, 0, 0, 0, 0, 0, 0, 0.461959, -0.019707, 0.384759, 0.486346, -0.0158237, 0.742576, 0.996195, -3.71201e-12, -0.0871557, -4.46982e-12, -1, -8.49977e-12, -0.0871557, 8.857e-12, -0.996195, 0
5.59, 2025-07-03__00-38-51.872111, -0.0480167, -0.237696, 0.0298699, -1.81074, -0.0323998, 1.52698, 0.720189, -0.000394713, 0.243789, -0.0066019, 1.66405, 0.00385576, -1.4024, -0.0763948, -0.530906, 3.87908, -0.712283, 1.65625, 0.262518, -0.451036, -0.370544, 0, 0, 0, 0, 0, 0, 0, 0.461628, -0.0197187, 0.390167, 0.486346, -0.0158237, 0.742576, 0.996195, -3.71201e-12, -0.0871557, -4.46982e-12, -1, -8.49977e-12, -0.0871557, 8.857e-12, -0.996195, 0
5.6, 2025-07-03__00-38-51.882114, -0.0480229, -0.23499, 0.0298148, -1.79394, -0.0323898, 1.51291, 0.719532, -0.00527278, 0.286435, -0.00686852, 1.69651, -0.0135195, -1.41538, -0.0591004, -0.352499, 3.24749, -0.499422, 1.95471, 0.384112, -0.386851, -0.459279, 0, 0, 0, 0, 0, 0, 0, 0.461341, -0.0197142, 0.395582, 0.486346, -0.0158237, 0.742576, 0.996195, -3.71201e-12, -0.0871557, -4.46982e-12, -1, -8.49977e-12, -0.0871557, 8.857e-12, -0.996195, 0
5.61, 2025-07-03__00-38-51.892112, -0.0480452, -0.231936, 0.0297795, -1.77671, -0.0323091, 1.49882, 0.718874, -0.00271868, 0.305397, -0.0028293, 1.71037, 0.013395, -1.40572, -0.0635666, -0.510227, 3.38709, -0.672573, 2.0276, 0.193381, -0.470689, -0.414763, 0, 0, 0, 0, 0, 0, 0, 0.461076, -0.0197122, 0.40097, 0.486346, -0.0158237, 0.742576, 0.996195, -3.71201e-12, -0.0871557, -4.46982e-12, -1, -8.49977e-12, -0.0871557, 8.857e-12, -0.996195, 0
5.62, 2025-07-03__00-38-51.902113, -0.0480544, -0.228537, 0.0297576, -1.75937, -0.0322972, 1.48448, 0.718288, -0.000835185, 0.332099, -0.00551193, 1.74709, 0.00219641, -1.42891, -0.0616486, -0.431706, 3.47708, -0.56591, 1.94558, 0.258855, -0.34195, -0.411649, 0, 0, 0, 0, 0, 0, 0, 0.460736, -0.0196944, 0.406234, 0.486346, -0.0158237, 0.742576, 0.996195, -3.71201e-12, -0.0871557, -4.46982e-12, -1, -8.49977e-12, -0.0871557, 8.857e-12, -0.996195, 0
5.63, 2025-07-03__00-38-51.912114, -0.0480593, -0.22516, 0.0297467, -1.74162, -0.0322995, 1.47013, 0.717836, 0.00089141, 0.350251, -0.000318552, 1.77708, -0.000575133, -1.43169, -0.0479962, -0.554501, 3.99485, -0.701428, 1.74505, 0.253314, -0.379131, -0.488005, 0, 0, 0, 0, 0, 0, 0, 0.460381, -0.0196953, 0.411642, 0.486346, -0.0158237, 0.742576, 0.996195, -3.71201e-12, -0.0871557, -4.46982e-12, -1, -8.49977e-12, -0.0871557, 8.857e-12, -0.996195, 0
5.64, 2025-07-03__00-38-51.922115, -0.0480474, -0.221505, 0.029727, -1.72346, -0.0322375, 1.45586, 0.717445, -0.00100053, 0.370592, 0.00014252, 1.83681, 0.00315655, -1.41025, -0.0391962, -0.511753, 5.14802, -0.631841, -20.4821, 0.209208, -0.662293, -0.537685, 0, 0, 0, 8, 0, 0, 0, 0.460126, -0.0196523, 0.417098, 0.486346, -0.0158237, 0.742576, 0.996195, -3.71201e-12, -0.0871557, -4.46982e-12, -1, -8.49977e-12, -0.0871557, 8.857e-12, -0.996195, 1
5.65, 2025-07-03__00-38-51.932112, -0.0480726, -0.217395, 0.029716, -1.70551, -0.032219, 1.44157, 0.717056, -0.00922055, 0.404184, -0.00235497, 1.78529, 0.00118272, -1.40344, -0.044717, -0.236091, 2.93638, -0.321268, -17.9516, 0.266487, -0.546556, -0.498673, 0, 0, 0, 8, 0, 0, 0, 0.459761, -0.01964, 0.422282, 0.486346, -0.0158237, 0.742576, 0.996195, -3.71201e-12, -0.0871557, -4.46982e-12, -1, -8.49977e-12, -0.0871557, 8.857e-12, -0.996195, 1
5.66, 2025-07-03__00-38-51.942113, -0.0480525, -0.213918, 0.0297328, -1.68924, -0.0320885, 1.42834, 0.716622, -0.000933115, 0.32429, 0.00223172, 1.54871, 0.0122015, -1.26516, -0.0391812, -0.579034, 2.24625, -0.745295, -12.8767, 0.209798, -1.06565, -0.516222, 0, 0, 0, 8, 0, 0, 0, 0.459287, -0.0195608, 0.427058, 0.486346, -0.0158237, 0.742576, 0.996195, -3.71201e-12, -0.0871557, -4.46982e-12, -1, -8.49977e-12, -0.0871557, 8.857e-12, -0.996195, 1
5.67, 2025-07-03__00-38-51.952111, -0.0480606, -0.211532, 0.0297057, -1.67504, -0.0319051, 1.41677, 0.716168, -0.0058051, 0.219342, -0.00285347, 1.37976, 0.0146325, -1.12522, -0.0461804, -0.48179, 4.45313, -0.629499, -10.6247, 0.216716, -1.81214, -0.46061, 0, 0, 0, 8, 0, 0, 0, 0.458734, -0.0194824, 0.431475, 0.486346, -0.0158237, 0.742576, 0.996195, -3.71201e-12, -0.0871557, -4.46982e-12, -1, -8.49977e-12, -0.0871557, 8.857e-12, -0.996195, 1
5.68, 2025-07-03__00-38-51.962114, -0.0480856, -0.20953, 0.029673, -1.66275, -0.0316868, 1.40593, 0.715746, -0.00152993, 0.206695, -0.0072941, 1.17892, 0.027606, -1.11588, -0.0401957, -0.455431, 0.989301, -0.624378, -5.27958, 0.182847, -1.44822, -0.4776, 0, 0, 0, 8, 0, 0, 0, 0.457958, -0.0194151, 0.435327, 0.486346, -0.0158237, 0.742576, 0.996195, -3.71201e-12, -0.0871557, -4.46982e-12, -1, -8.49977e-12, -0.0871557, 8.857e-12, -0.996195, 1
5.69, 2025-07-03__00-38-51.972114, -0.0481295, -0.208098, 0.0295603, -1.65198, -0.0314998, 1.39464, 0.715439, -0.00431716, 0.133377, -0.00960884, 1.06694, 0.0117122, -1.13364, -0.0232155, -0.356166, 2.20544, -0.510915, -4.16239, 0.284839, -1.04633, -0.572078, 0, 0, 0, 8, 0, 0, 0, 0.456578, -0.0193699, 0.438635, 0.486346, -0.0158237, 0.742576, 0.996195, -3.71201e-12, -0.0871557, -4.46982e-12, -1, -8.49977e-12, -0.0871557, 8.857e-12, -0.996195, 1
5.7, 2025-07-03__00-38-51.982113, -0.0481608, -0.207122, 0.0294519, -1.64176, -0.0313519, 1.38325, 0.715194, -0.00184881, 0.107157, -0.00892822, 0.999897, 0.0171524, -1.15321, -0.0131169, -0.41631, 2.10885, -0.585097, -3.92685, 0.237512, -0.664585, -0.629607, 0, 0, 0, 8, 0, 0, 0, 0.454939, -0.019342, 0.441912, 0.486346, -0.0158237, 0.742576, 0.996195, -3.71201e-12, -0.0871557, -4.46982e-12, -1, -8.49977e-12, -0.0871557, 8.857e-12, -0.996195, 1
5.71, 2025-07-03__00-38-51.992113, -0.0481729, -0.206041, 0.0293664, -1.63251, -0.031219, 1.37177, 0.715004, 0.000526504, 0.0966926, -0.00981952, 0.908251, 0.00954295, -1.12417, -0.0242824, -0.388916, 0.354015, -0.568233, -3.98644, 0.29762, -0.474313, -0.557709, 0, 0, 0, 8, 0, 0, 0, 0.453033, -0.0192959, 0.444701, 0.486346, -0.0158237, 0.742576, 0.996195, -3.71201e-12, -0.0871557, -4.46982e-12, -1, -8.49977e-12, -0.0871557, 8.857e-12, -0.996195, 1
5.72, 2025-07-03__00-38-52.002115, -0.0481689, -0.205458, 0.0293243, -1.62382, -0.0310884, 1.36068, 0.714824, -0.00302509, 0.0398748, -0.00397955, 0.859145, 0.0132715, -1.09311, -0.0148096, -0.490234, 2.03717, -0.68863, -9.8927, 0.243032, -0.44769, -0.611545, 0, 0, 0, 8, 0, 0, 0, 0.451066, -0.0192125, 0.447458, 0.486346, -0.0158237, 0.742576, 0.996195, -3.71201e-12, -0.0871557, -4.46982e-12, -1, -8.49977e-12, -0.0871557, 8.857e-12, -0.996195, 1
5.73, 2025-07-03__00-38-52.012114, -0.0481708, -0.205293, 0.029297, -1.61699, -0.030928, 1.35131, 0.714658, -0.00323168, 0.0112657, -0.00755801, 0.703852, 0.0312905, -1.02281, -0.0160407, -0.433536, -0.149404, -0.643344, -18.9586, 0.162489, -0.471696, -0.597578, 0, 0, 0, 8, 0, 0, 0, 0.449241, -0.0191294, 0.449775, 0.486346, -0.0158237, 0.742576, 0.996195, -3.71201e-12, -0.0871557, -4.46982e-12, -1, -8.49977e-12, -0.0871557, 8.857e-12, -0.996195, 1
5.74, 2025-07-03__00-38-52.022114, -0.0482048, -0.205604, 0.0292441, -1.6117, -0.0306426, 1.3419, 0.71445, -0.00117212, -0.0586106, -0.000508015, 0.464434, 0.0393074, -0.891618, -0.0251311, -0.649708, -2.43208, -0.939205, -40.2331, 0.1271, -0.708653, -0.528766, 0, 0, 0, 8, 0, 0, 0, 0.447007, -0.0190214, 0.451642, 0.486346, -0.0158237, 0.742576, 0.996195, -3.71201e-12, -0.0871557, -4.46982e-12, -1, -8.49977e-12, -0.0871557, 8.857e-12, -0.996195, 1
5.75, 2025-07-03__00-38-52.032113, -0.0482386, -0.207722, 0.0291294, -1.60927, -0.0301683, 1.33353, 0.714248, -0.00400019, -0.239196, -0.00943865, 0.12184, 0.0546678, -0.705213, -0.0157782, -0.56099, -1.42607, -0.859872, -60.2178, 0.0687669, -1.20356, -0.569931, 0, 0, 0, 8, 0, 0, 0, 0.444343, -0.0188583, 0.45313, 0.486346, -0.0158237, 0.742576, 0.996195, -3.71201e-12, -0.0871557, -4.46982e-12, -1, -8.49977e-12, -0.0871557, 8.857e-12, -0.996195, 1
5.76, 2025-07-03__00-38-52.042112, -0.0482858, -0.211462, 0.0289438, -1.61132, -0.0295145, 1.32806, 0.71412, -0.00881088, -0.418139, -0.0201217, -0.329365, 0.0694339, -0.500962, -0.0106214, -0.362391, -3.11714, -0.677331, -29.7401, 0.0611162, -1.5987, -0.582864, 0, 0, 0, 8, 0, 0, 0, 0.441592, -0.0186755, 0.453667, 0.486346, -0.0158237, 0.742576, 0.996195, -3.71201e-12, -0.0871557, -4.46982e-12, -1, -8.49977e-12, -0.0871557, 8.857e-12, -0.996195, 1
5.77, 2025-07-03__00-38-52.052110, -0.0483196, -0.217308, 0.0286922, -1.61869, -0.0286846, 1.32504, 0.713939, 0.000933197, -0.648286, -0.0247094, -0.838204, 0.0931828, -0.24489, -0.0233707, -0.612676, -3.74887, -1.03015, 13.0346, -0.0500685, -2.20848, -0.477105, 0, 0, 0, 8, 0, 0, 0, 0.438346, -0.0184511, 0.452987, 0.486346, -0.0158237, 0.742576, 0.996195, -3.71201e-12, -0.0871557, -4.46982e-12, -1, -8.49977e-12, -0.0871557, 8.857e-12, -0.996195, 1
5.78, 2025-07-03__00-38-52.062141, -0.0483395, -0.224991, 0.0283412, -1.62992, -0.0279077, 1.32376, 0.713743, -0.000352699, -0.817135, -0.0345224, -1.21042, 0.075781, -0.12365, -0.0226313, -0.396157, -4.56697, -0.822695, 32.9738, 0.128587, -2.06739, -0.454909, 0, 0, 0, 8, 0, 0, 0, 0.434709, -0.0182599, 0.451567, 0.486346, -0.0158237, 0.742576, 0.996195, -3.71201e-12, -0.0871557, -4.46982e-12, -1, -8.49977e-12, -0.0871557, 8.857e-12, -0.996195, 1
5.79, 2025-07-03__00-38-52.072114, -0.0483465, -0.233895, 0.0278984, -1.64385, -0.0272184, 1.32219, 0.713621, -0.00192185, -0.91331, -0.0454109, -1.43566, 0.0724561, -0.164883, -0.0120545, -0.0889165, -6.20843, -0.492841, 41.8922, 0.200865, -0.909967, -0.498906, 0, 0, 0, 8, 0, 0, 0, 0.430746, -0.0181275, 0.449689, 0.486346, -0.0158237, 0.742576, 0.996195, -3.71201e-12, -0.0871557, -4.46982e-12, -1, -8.49977e-12, -0.0871557, 8.857e-12, -0.996195, 1
5.8, 2025-07-03__00-38-52.082113, -0.0483663, -0.242749, 0.0275347, -1.65781, -0.0267275, 1.32036, 0.713558, -0.00221017, -1.01164, -0.0391439, -1.5373, 0.0552771, -0.21164, -0.0153814, -0.174969, -5.02381, -0.62684, 44.524, 0.283409, 0.0582522, -0.46607, 0, 0, 0, 8, 0, 0, 0, 0.425174, -0.0180162, 0.447011, 0.486346, -0.0158237, 0.742576, 0.996195, -3.71201e-12, -0.0871557, -4.46982e-12, -1, -8.49977e-12, -0.0871557, 8.857e-12, -0.996195, 1
5.81, 2025-07-03__00-38-52.092113, -0.0483703, -0.252914, 0.0272017, -1.67367, -0.0263126, 1.31846, 0.713544, 0.000440604, -1.02095, -0.0311868, -1.61226, 0.0332083, -0.18714, 0.000259592, -0.242702, -7.70586, -0.766561, 47.6629, 0.425988, 0.587033, -0.551606, 0, 0, 0, 8, 0, 0, 0, 0.420494, -0.0179259, 0.444801, 0.486346, -0.0158237, 0.742576, 0.996195, -3.71201e-12, -0.0871557, -4.46982e-12, -1, -8.49977e-12, -0.0871557, 8.857e-12, -0.996195, 1
5.82, 2025-07-03__00-38-52.102114, -0.0483615, -0.263866, 0.0268772, -1.69125, -0.0260036, 1.31646, 0.71353, 0.00271856, -0.996151, -0.0355456, -1.60376, 0.0230774, -0.165999, -0.00430125, -0.0510218, -10.4483, -0.568392, 48.9529, 0.508545, 1.05681, -0.517999, 0, 0, 0, 8, 0, 0, 0, 0.414752, -0.0178457, 0.441902, 0.486346, -0.0158237, 0.742576, 0.996195, -3.71201e-12, -0.0871557, -4.46982e-12, -1, -8.49977e-12, -0.0871557, 8.857e-12, -0.996195, 1
5.83, 2025-07-03__00-38-52.112112, -0.0483327, -0.274136, 0.0266531, -1.70687, -0.0258647, 1.31489, 0.713517, 0.00652305, -1.00908, -0.0240384, -1.54415, 0.0146873, -0.14056, -0.00420995, -0.298696, -9.79135, -0.900159, 47.6349, 0.508392, 1.24812, -0.516473, 0, 0, 0, 8, 0, 0, 0, 0.409643, -0.0177785, 0.439521, 0.486346, -0.0158237, 0.742576, 0.996195, -3.71201e-12, -0.0871557, -4.46982e-12, -1, -8.49977e-12, -0.0871557, 8.857e-12, -0.996195, 1
5.84, 2025-07-03__00-38-52.122114, -0.0483357, -0.284503, 0.0263956, -1.72118, -0.0257368, 1.31362, 0.713515, 0.00295947, -1.01017, -0.0275384, -1.36924, 0.00438338, -0.146556, -0.00124358, -0.128575, -6.80148, -0.67049, 43.0462, 0.53014, 1.33445, -0.541087, 0, 0, 0, 8, 0, 0, 0, 0.404892, -0.0177433, 0.43768, 0.486346, -0.0158237, 0.742576, 0.996195, -3.71201e-12, -0.0871557, -4.46982e-12, -1, -8.49977e-12, -0.0871557, 8.857e-12, -0.996195, 1
5.85, 2025-07-03__00-38-52.132113, -0.04835, -0.29196, 0.02616, -1.73093, -0.0257773, 1.31225, 0.713508, -0.00183215, -0.905167, -0.0294299, -1.1702, -0.00137197, -0.200689, 0.00222964, 0.115385, -8.11178, -0.365534, 39.8751, 0.558188, 1.65226, -0.572643, 0, 0, 0, 8, 0, 0, 0, 0.401007, -0.0177939, 0.43644, 0.486346, -0.0158237, 0.742576, 0.996195, -3.71201e-12, -0.0871557, -4.46982e-12, -1, -8.49977e-12, -0.0871557, 8.857e-12, -0.996195, 1
5.86, 2025-07-03__00-38-52.142113, -0.0483723, -0.300656, 0.0258982, -1.74019, -0.0257559, 1.30869, 0.713493, -0.00311977, -0.745618, -0.0162551, -0.716297, 0.000328435, -0.374535, -6.62489e-05, 0.0182165, -6.5132, -0.44517, 21.9593, 0.41804, 2.36976, -0.570965, 0, 0, 0, 0, 0, 0, 0, 0.396774, -0.0178111, 0.43594, 0.486346, -0.0158237, 0.742576, 0.996195, -3.71201e-12, -0.0871557, -4.46982e-12, -1, -8.49977e-12, -0.0871557, 8.857e-12, -0.996195, 0
5.87, 2025-07-03__00-38-52.152112, -0.0483388, -0.308103, 0.0258544, -1.74497, -0.0257773, 1.30372, 0.713484, -0.00173244, -0.642667, -0.00395023, -0.338754, 0.00237246, -0.446657, 0.000306997, -0.200343, -3.26782, -0.672889, 17.5275, 0.277874, 2.38918, -0.583668, 0, 0, 0, 0, 0, 0, 0, 0.393451, -0.0177479, 0.436605, 0.486346, -0.0158237, 0.742576, 0.996195, -3.71201e-12, -0.0871557, -4.46982e-12, -1, -8.49977e-12, -0.0871557, 8.857e-12, -0.996195, 0
5.88, 2025-07-03__00-38-52.162112, -0.0482646, -0.313469, 0.0258805, -1.74618, -0.0257701, 1.2995, 0.713454, 0.00878231, -0.499916, 0.000537118, -0.0623843, -2.12759e-05, -0.406198, -0.00513131, -0.36645, -3.47703, -0.851293, 15.4128, 0.222956, 1.70951, -0.557534, 0, 0, 0, 0, 0, 0, 0, 0.391036, -0.0176354, 0.437984, 0.486346, -0.0158237, 0.742576, 0.996195, -3.71201e-12, -0.0871557, -4.46982e-12, -1, -8.49977e-12, -0.0871557, 8.857e-12, -0.996195, 0
5.89, 2025-07-03__00-38-52.172114, -0.0482069, -0.317983, 0.0258512, -1.74536, -0.0257519, 1.29565, 0.713431, 0.0108989, -0.449904, -0.00126357, 0.121763, -0.000369795, -0.375877, -0.00385198, -0.371267, -0.908747, -0.812851, 12.9138, 0.177679, 1.13821, -0.57662, 0, 0, 0, 0, 0, 0, 0, 0.389331, -0.0175683, 0.439863, 0.486346, -0.0158237, 0.742576, 0.996195, -3.71201e-12, -0.0871557, -4.46982e-12, -1, -8.49977e-12, -0.0871557, 8.857e-12, -0.996195, 0
5.9, 2025-07-03__00-38-52.182115, -0.048215, -0.322167, 0.0258343, -1.74276, -0.0257806, 1.29194, 0.713398, -0.000536812, -0.397853, -0.00214215, 0.30395, -0.00489719, -0.374656, -0.00284526, -0.187479, 1.96514, -0.542262, 10.4546, 0.185102, 0.687634, -0.599279, 0, 0, 0, 0, 0, 0, 0, 0.388072, -0.0175325, 0.442346, 0.486346, -0.0158237, 0.742576, 0.996195, -3.71201e-12, -0.0871557, -4.46982e-12, -1, -8.49977e-12, -0.0871557, 8.857e-12, -0.996195, 0
5.91, 2025-07-03__00-38-52.192112, -0.0482249, -0.325352, 0.0258212, -1.73841, -0.0257675, 1.28815, 0.713365, -0.000927667, -0.296037, -0.00106387, 0.470757, 0.00100287, -0.379031, -0.00692483, -0.176879, 2.36795, -0.502252, 9.29404, 0.122973, 0.288164, -0.588873, 0, 0, 0, 0, 0, 0, 0, 0.387265, -0.0174948, 0.445183, 0.486346, -0.0158237, 0.742576, 0.996195, -3.71201e-12, -0.0871557, -4.46982e-12, -1, -8.49977e-12, -0.0871557, 8.857e-12, -0.996195, 0
5.92, 2025-07-03__00-38-52.202114, -0.0482177, -0.327682, 0.0258413, -1.73243, -0.0257771, 1.28401, 0.713285, 0.00213231, -0.22881, 0.00108011, 0.63106, 0.00159498, -0.433392, -0.00389735, -0.270365, 4.36671, -0.582459, 7.58662, 0.0735438, 0.201342, -0.617719, 0, 0, 0, 0, 0, 0, 0, 0.386781, -0.0174508, 0.448311, 0.486346, -0.0158237, 0.742576, 0.996195, -3.71201e-12, -0.0871557, -4.46982e-12, -1, -8.49977e-12, -0.0871557, 8.857e-12, -0.996195, 0
5.93, 2025-07-03__00-38-52.212116, -0.0481654, -0.329585, 0.0258669, -1.72497, -0.0257672, 1.2793, 0.713215, 0.00494162, -0.170929, 0.00389467, 0.775692, 0.00107023, -0.489972, -0.00428096, -0.382318, 6.66934, -0.686235, -3.09814, 0.0310156, 0.127852, -0.625308, 0, 0, 0, 8, 0, 0, 0, 0.386459, -0.0173909, 0.451507, 0.486346, -0.0158237, 0.742576, 0.996195, -3.71201e-12, -0.0871557, -4.46982e-12, -1, -8.49977e-12, -0.0871557, 8.857e-12, -0.996195, 1
5.94, 2025-07-03__00-38-52.222113, -0.0481354, -0.330636, 0.0258841, -1.71698, -0.0257412, 1.27431, 0.713123, 0.00454991, -0.0922165, 0.000976171, 0.798694, 0.00232325, -0.498657, -0.00531438, -0.287039, 5.1949, -0.563322, -2.41037, 0.0502743, -0.0147215, -0.625808, 0, 0, 0, 8, 0, 0, 0, 0.386167, -0.0173166, 0.455356, 0.486346, -0.0158237, 0.742576, 0.996195, -3.71201e-12, -0.0871557, -4.46982e-12, -1, -8.49977e-12, -0.0871557, 8.857e-12, -0.996195, 1
5.95, 2025-07-03__00-38-52.232112, -0.0480814, -0.3316, 0.0258962, -1.70903, -0.0257481, 1.26976, 0.713033, 0.00654382, -0.0982086, 0.000877519, 0.794532, -0.000487802, -0.437914, -0.00558697, -0.371043, 7.26468, -0.653408, -2.8876, 0.0611067, -0.647579, -0.633274, 0, 0, 0, 8, 0, 0, 0, 0.386022, -0.017263, 0.458395, 0.486346, -0.0158237, 0.742576, 0.996195, -3.71201e-12, -0.0871557, -4.46982e-12, -1, -8.49977e-12, -0.0871557, 8.857e-12, -0.996195, 1
5.96, 2025-07-03__00-38-52.242112, -0.0480346, -0.332545, 0.025886, -1.70092, -0.0257255, 1.26547, 0.712918, 0.00662092, -0.0844357, -9.1783e-05, 0.820695, -0.000808074, -0.421374, -0.0143477, -0.396189, 9.14592, -0.661471, -3.78285, 0.0564942, -1.04615, -0.58807, 0, 0, 0, 8, 0, 0, 0, 0.385987, -0.0172054, 0.462249, 0.486346, -0.0158237, 0.742576, 0.996195, -3.71201e-12, -0.0871557, -4.46982e-12, -1, -8.49977e-12, -0.0871557, 8.857e-12, -0.996195, 1
5.97, 2025-07-03__00-38-52.252112, -0.048024, -0.332883, 0.0258833, -1.69308, -0.0257482, 1.26066, 0.71282, 0.00145518, -0.0224363, -0.0021553, 0.776991, -0.00057801, -0.48388, -0.00935365, -0.239169, 6.72356, -0.481337, -1.3898, 0.106436, -0.678303, -0.623487, 0, 0, 0, 8, 0, 0, 0, 0.385787, -0.0171726, 0.465385, 0.486346, -0.0158237, 0.742576, 0.996195, -3.71201e-12, -0.0871557, -4.46982e-12, -1, -8.49977e-12, -0.0871557, 8.857e-12, -0.996195, 1
5.98, 2025-07-03__00-38-52.262113, -0.0480134, -0.333084, 0.0258808, -1.68524, -0.0257246, 1.25551, 0.712726, 0.00140879, -0.0241058, -0.000919397, 0.805611, 5.0644e-05, -0.51797, -0.00206221, -0.300356, 8.82684, -0.538467, -2.53312, 0.079624, -0.640087, -0.673136, 0, 0, 0, 8, 0, 0, 0, 0.385446, -0.0171242, 0.468401, 0.486346, -0.0158237, 0.742576, 0.996195, -3.71201e-12, -0.0871557, -4.46982e-12, -1, -8.49977e-12, -0.0871557, 8.857e-12, -0.996195, 1
5.99, 2025-07-03__00-38-52.272114, -0.0479997, -0.333117, 0.025881, -1.67793, -0.0257305, 1.25061, 0.712623, 0.00149282, 0.0185102, -0.000176325, 0.829202, 0.00126023, -0.5508, -0.011305, -0.302318, 8.51903, -0.537642, -2.56148, 0.0733869, -0.559595, -0.62113, 0, 0, 0, 8, 0, 0, 0, 0.385094, -0.0170873, 0.47117, 0.486346, -0.0158237, 0.742576, 0.996195, -3.71201e-12, -0.0871557, -4.46982e-12, -1, -8.49977e-12, -0.0871557, 8.857e-12, -0.996195, 1
6, 2025-07-03__00-38-52.282112, -0.0480115, -0.332573, 0.02588, -1.66895, -0.0257459, 1.2444, 0.712485, 0.00718754, 0.0622677, -0.00107417, 0.814106, -0.00206575, -0.578913, -0.0151238, -0.332908, 7.32288, -0.582109, -1.53685, 0.10403, -0.430496, -0.600766, 0, 0, 0, 8, 0, 0, 0, 0.384641, -0.017053, 0.474312, 0.486346, -0.0158237, 0.742576, 0.996195, -3.71201e-12, -0.0871557, -4.46982e-12, -1, -8.49977e-12, -0.0871557, 8.857e-12, -0.996195, 1
6.01, 2025-07-03__00-38-52.292114, -0.0479958, -0.331802, 0.0258822, -1.66088, -0.0257216, 1.23846, 0.712363, 0.00458133, 0.0757355, -0.000645418, 0.815642, 0.00150098, -0.595473, -0.0140704, -0.310247, 7.64729, -0.547354, -1.70518, 0.08146, -0.378461, -0.607945, 0, 0, 0, 8, 0, 0, 0, 0.384144, -0.0170024, 0.476999, 0.486346, -0.0158237, 0.742576, 0.996195, -3.71201e-12, -0.0871557, -4.46982e-12, -1, -8.49977e-12, -0.0871557, 8.857e-12, -0.996195, 1
6.02, 2025-07-03__00-38-52.302115, -0.0479829, -0.330836, 0.0258963, -1.65264, -0.0257362, 1.23234, 0.712254, -0.000172743, 0.110617, 0.00144826, 0.830891, -0.000362756, -0.599038, -0.0116798, -0.256547, 7.17262, -0.482095, -1.99385, 0.101265, -0.421156, -0.624742, 0, 0, 0, 8, 0, 0, 0, 0.383595, -0.0169586, 0.479659, 0.486346, -0.0158237, 0.742576, 0.996195, -3.71201e-12, -0.0871557, -4.46982e-12, -1, -8.49977e-12, -0.0871557, 8.857e-12, -0.996195, 1
6.03, 2025-07-03__00-38-52.312113, -0.0479832, -0.32963, 0.0258888, -1.64511, -0.0257246, 1.22683, 0.712169, -0.00217777, 0.138121, 2.48175e-05, 0.845473, -2.2646e-05, -0.610634, -0.0125559, -0.182348, 6.86044, -0.37908, -2.65055, 0.105648, -0.396763, -0.621749, 0, 0, 0, 8, 0, 0, 0, 0.383115, -0.0169182, 0.482215, 0.486346, -0.0158237, 0.742576, 0.996195, -3.71201e-12, -0.0871557, -4.46982e-12, -1, -8.49977e-12, -0.0871557, 8.857e-12, -0.996195, 1
6.04, 2025-07-03__00-38-52.322114, -0.0479768, -0.327908, 0.0258838, -1.63626, -0.0257209, 1.21988, 0.712069, 0.00138335, 0.153972, -0.000468996, 0.807323, 0.0015531, -0.635608, -0.0133411, -0.201978, 5.8436, -0.412045, -2.99015, 0.101676, -0.156102, -0.616996, 0, 0, 0, 8, 0, 0, 0, 0.382534, -0.0168813, 0.484539, 0.486346, -0.0158237, 0.742576, 0.996195, -3.71201e-12, -0.0871557, -4.46982e-12, -1, -8.49977e-12, -0.0871557, 8.857e-12, -0.996195, 1
6.05, 2025-07-03__00-38-52.332113, -0.047963, -0.326442, 0.0258918, -1.62836, -0.0257236, 1.21367, 0.711991, 0.00293473, 0.146293, 0.00149851, 0.795924, 9.10995e-05, -0.614293, -0.014521, -0.269796, 6.56695, -0.496795, -6.3693, 0.0964373, -0.294149, -0.611701, 0, 0, 0, 8, 0, 0, 0, 0.381917, -0.0168378, 0.48682, 0.486346, -0.0158237, 0.742576, 0.996195, -3.71201e-12, -0.0871557, -4.46982e-12, -1, -8.49977e-12, -0.0871557, 8.857e-12, -0.996195, 1
6.06, 2025-07-03__00-38-52.342126, -0.0479578, -0.324859, 0.0258812, -1.62084, -0.025706, 1.20799, 0.711922, -0.00100565, 0.171489, -0.000471311, 0.728677, 0.000398134, -0.553358, -0.00917855, -0.13863, 4.3702, -0.348677, -12.0012, 0.136902, -0.60364, -0.646021, 0, 0, 0, 8, 0, 0, 0, 0.381434, -0.0167955, 0.488975, 0.486346, -0.0158237, 0.742576, 0.996195, -3.71201e-12, -0.0871557, -4.46982e-12, -1, -8.49977e-12, -0.0871557, 8.857e-12, -0.996195, 1
6.07, 2025-07-03__00-38-52.352127, -0.0479697, -0.323379, 0.0258706, -1.61476, -0.0256842, 1.20274, 0.711873, 0.000221806, 0.128479, -0.00282145, 0.55124, 0.00496921, -0.509648, -0.00207294, -0.126821, 2.74764, -0.368553, -24.813, 0.147149, -0.583639, -0.68831, 0, 0, 0, 8, 0, 0, 0, 0.380868, -0.0167671, 0.490629, 0.486346, -0.0158237, 0.742576, 0.996195, -3.71201e-12, -0.0871557, -4.46982e-12, -1, -8.49977e-12, -0.0871557, 8.857e-12, -0.996195, 1
6.08, 2025-07-03__00-38-52.362126, -0.0479566, -0.32307, 0.0258624, -1.61137, -0.0255773, 1.19855, 0.711787, 0.00225494, 0.00222508, -0.000338977, 0.253321, 0.0122893, -0.378355, -0.00104819, -0.288383, 2.42163, -0.636175, -40.3065, 0.130691, -0.961038, -0.686952, 0, 0, 0, 8, 0, 0, 0, 0.380029, -0.0166989, 0.491698, 0.486346, -0.0158237, 0.742576, 0.996195, -3.71201e-12, -0.0871557, -4.46982e-12, -1, -8.49977e-12, -0.0871557, 8.857e-12, -0.996195, 1
6.09, 2025-07-03__00-38-52.372125, -0.0479668, -0.324, 0.0258318, -1.61161, -0.0253633, 1.19648, 0.711683, 0.00144234, -0.13136, -0.00803711, -0.121438, 0.0270729, -0.182589, -0.0115868, -0.226861, 0.527819, -0.618106, -31.1777, 0.122191, -1.63341, -0.611166, 0, 0, 0, 8, 0, 0, 0, 0.379014, -0.0166028, 0.491905, 0.486346, -0.0158237, 0.742576, 0.996195, -3.71201e-12, -0.0871557, -4.46982e-12, -1, -8.49977e-12, -0.0871557, 8.857e-12, -0.996195, 1
6.1, 2025-07-03__00-38-52.382111, -0.0479796, -0.327259, 0.0256996, -1.61747, -0.0248968, 1.19648, 0.711561, -0.00296693, -0.356968, -0.0134675, -0.670071, 0.0439208, 0.0534214, -0.00992356, -0.1968, -1.12338, -0.678207, 7.10552, 0.119049, -2.23115, -0.598529, 0, 0, 0, 8, 0, 0, 0, 0.377678, -0.0164799, 0.490931, 0.486346, -0.0158237, 0.742576, 0.996195, -3.71201e-12, -0.0871557, -4.46982e-12, -1, -8.49977e-12, -0.0871557, 8.857e-12, -0.996195, 1
6.11, 2025-07-03__00-38-52.392111, -0.0479889, -0.332496, 0.0254774, -1.62729, -0.0243884, 1.19748, 0.711465, -0.00151949, -0.560556, -0.0232342, -1.07278, 0.0519326, 0.0933012, -0.00559946, -0.134467, -0.960248, -0.647853, 28.5355, 0.129853, -1.63244, -0.600694, 0, 0, 0, 8, 0, 0, 0, 0.375649, -0.0163585, 0.489094, 0.486346, -0.0158237, 0.742576, 0.996195, -3.71201e-12, -0.0871557, -4.46982e-12, -1, -8.49977e-12, -0.0871557, 8.857e-12, -0.996195, 1
6.12, 2025-07-03__00-38-52.402111, -0.0479965, -0.338805, 0.0251339, -1.64009, -0.0238042, 1.19809, 0.71136, -0.00196211, -0.640809, -0.0363022, -1.31886, 0.05675, 0.0530078, -0.0131552, 0.16575, -4.08764, -0.296656, 39.3585, 0.176962, -0.558247, -0.528144, 0, 0, 0, 8, 0, 0, 0, 0.372762, -0.0162415, 0.486421, 0.486346, -0.0158237, 0.742576, 0.996195, -3.71201e-12, -0.0871557, -4.46982e-12, -1, -8.49977e-12, -0.0871557, 8.857e-12, -0.996195, 1
6.13, 2025-07-03__00-38-52.412113, -0.0480047, -0.345845, 0.0248093, -1.65443, -0.0233349, 1.19837, 0.711283, 0.000448343, -0.712006, -0.0274261, -1.43632, 0.0445035, 0.0160309, -0.00557839, 0.0548882, -5.07699, -0.502626, 43.5865, 0.239899, 0.343044, -0.550858, 0, 0, 0, 8, 0, 0, 0, 0.369349, -0.0161434, 0.483333, 0.486346, -0.0158237, 0.742576, 0.996195, -3.71201e-12, -0.0871557, -4.46982e-12, -1, -8.49977e-12, -0.0871557, 8.857e-12, -0.996195, 1
6.14, 2025-07-03__00-38-52.422115, -0.048003, -0.353084, 0.0245519, -1.66882, -0.0229907, 1.19828, 0.711254, 0.000161006, -0.712808, -0.0223463, -1.42093, 0.0256631, -0.0112526, -0.00105326, 0.0978766, -6.61998, -0.483729, 44.5487, 0.349366, 0.978919, -0.561502, 0, 0, 0, 8, 0, 0, 0, 0.365696, -0.0160514, 0.480247, 0.486346, -0.0158237, 0.742576, 0.996195, -3.71201e-12, -0.0871557, -4.46982e-12, -1, -8.49977e-12, -0.0871557, 8.857e-12, -0.996195, 1
6.15, 2025-07-03__00-38-52.432114, -0.0479913, -0.359121, 0.0244368, -1.68097, -0.0229169, 1.19794, 0.711255, 0.00109964, -0.645704, -0.00927374, -1.28623, 0.0100585, -0.0550895, 0.000641022, -0.00626214, -8.62955, -0.664125, 43.1526, 0.408913, 1.48139, -0.562724, 0, 0, 0, 8, 0, 0, 0, 0.362156, -0.0159996, 0.477308, 0.486346, -0.0158237, 0.742576, 0.996195, -3.71201e-12, -0.0871557, -4.46982e-12, -1, -8.49977e-12, -0.0871557, 8.857e-12, -0.996195, 1
6.16, 2025-07-03__00-38-52.442112, -0.04798, -0.365715, 0.0243388, -1.69309, -0.0228988, 1.19688, 0.711251, 0.00100125, -0.578227, -0.0101168, -1.00565, -0.00624626, -0.119268, 3.84882e-05, 0.107011, -7.52384, -0.468381, 37.3544, 0.452513, 1.87955, -0.554618, 0, 0, 0, 8, 0, 0, 0, 0.358934, -0.0159553, 0.475024, 0.486346, -0.0158237, 0.742576, 0.996195, -3.71201e-12, -0.0871557, -4.46982e-12, -1, -8.49977e-12, -0.0871557, 8.857e-12, -0.996195, 1
6.17, 2025-07-03__00-38-52.452112, -0.0479922, -0.370454, 0.0242642, -1.70018, -0.0229839, 1.19512, 0.711254, -0.000581036, -0.430896, -0.00785133, -0.593632, -0.00670707, -0.2091, 0.00159846, 0.188783, -6.68324, -0.292012, 29.1319, 0.371277, 2.10574, -0.569196, 0, 0, 0, 8, 0, 0, 0, 0.356265, -0.0159606, 0.473744, 0.486346, -0.0158237, 0.742576, 0.996195, -3.71201e-12, -0.0871557, -4.46982e-12, -1, -8.49977e-12, -0.0871557, 8.857e-12, -0.996195, 1
6.18, 2025-07-03__00-38-52.462113, -0.0480258, -0.37297, 0.0242254, -1.70248, -0.022991, 1.19224, 0.711245, -0.0017303, -0.252657, -0.00105531, -0.181456, 0.000290217, -0.349613, -0.00172882, 0.20171, -6.88685, -0.217776, 21.3933, 0.234652, 2.59579, -0.551773, 0, 0, 0, 8, 0, 0, 0, 0.354417, -0.0159493, 0.473523, 0.486346, -0.0158237, 0.742576, 0.996195, -3.71201e-12, -0.0871557, -4.46982e-12, -1, -8.49977e-12, -0.0871557, 8.857e-12, -0.996195, 1
6.19, 2025-07-03__00-38-52.472110, -0.0480032, -0.374713, 0.0242844, -1.7013, -0.0230236, 1.18792, 0.711247, 0.00887327, -0.132366, 0.00278611, 0.199287, 0.000588843, -0.376921, -0.000606007, 0.0378353, -4.4909, -0.348326, 12.9776, 0.113603, 2.28204, -0.563651, 0, 0, 0, 8, 0, 0, 0, 0.35277, -0.0158803, 0.474331, 0.486346, -0.0158237, 0.742576, 0.996195, -3.71201e-12, -0.0871557, -4.46982e-12, -1, -8.49977e-12, -0.0871557, 8.857e-12, -0.996195, 1
6.2, 2025-07-03__00-38-52.482112, -0.0479132, -0.375456, 0.0243833, -1.69742, -0.0230062, 1.18467, 0.711239, 0.0102787, -0.049298, 0.00778356, 0.427362, 0.00162278, -0.305915, -0.00312612, -0.0600997, -2.78929, -0.430675, 7.84219, 0.0425984, 1.38916, -0.552363, 0, 0, 0, 8, 0, 0, 0, 0.352139, -0.0157749, 0.475924, 0.486346, -0.0158237, 0.742576, 0.996195, -3.71201e-12, -0.0871557, -4.46982e-12, -1, -8.49977e-12, -0.0871557, 8.857e-12, -0.996195, 1
6.21, 2025-07-03__00-38-52.492112, -0.0478345, -0.375584, 0.0244644, -1.69248, -0.0229869, 1.18212, 0.711233, 0.00323195, -0.0146349, 0.00759759, 0.50668, 0.000771647, -0.23609, -0.00191209, 0.0197287, -1.67389, -0.299506, 5.90306, 0.0453489, 0.675722, -0.564406, 0, 0, 0, 8, 0, 0, 0, 0.352076, -0.0156875, 0.4778, 0.486346, -0.0158237, 0.742576, 0.996195, -3.71201e-12, -0.0871557, -4.46982e-12, -1, -8.49977e-12, -0.0871557, 8.857e-12, -0.996195, 1
6.22, 2025-07-03__00-38-52.502111, -0.0477825, -0.375676, 0.0245409, -1.68682, -0.0230171, 1.18019, 0.711227, 0.00710775, -0.00737952, 0.000886041, 0.585308, -0.00203308, -0.179864, -0.00127545, 0.0276953, 1.12202, -0.226243, 3.33085, 0.0437583, -0.0160456, -0.57695, 0, 0, 0, 8, 0, 0, 0, 0.352347, -0.0156319, 0.479924, 0.486346, -0.0158237, 0.742576, 0.996195, -3.71201e-12, -0.0871557, -4.46982e-12, -1, -8.49977e-12, -0.0871557, 8.857e-12, -0.996195, 1
6.23, 2025-07-03__00-38-52.512114, -0.0477299, -0.375546, 0.0245652, -1.68044, -0.0229753, 1.1785, 0.711219, 0.00430379, 0.0194807, 0.00288143, 0.646132, 0.000786932, -0.174518, -0.00367807, -0.00464837, 2.82429, -0.243874, 1.7063, 0.00754922, -0.365454, -0.569517, 0, 0, 0, 8, 0, 0, 0, 0.352882, -0.015578, 0.482299, 0.486346, -0.0158237, 0.742576, 0.996195, -3.71201e-12, -0.0871557, -4.46982e-12, -1, -8.49977e-12, -0.0871557, 8.857e-12, -0.996195, 1
6.24, 2025-07-03__00-38-52.522111, -0.047713, -0.375086, 0.024593, -1.67372, -0.022996, 1.17664, 0.71121, 0.00233037, 0.0444053, 0.00284587, 0.680505, -0.00303404, -0.187453, -0.00093495, 0.00368976, 3.99633, -0.213121, 0.812669, 0.0285206, -0.542771, -0.59491, 0, 0, 0, 8, 0, 0, 0, 0.353461, -0.0155626, 0.484684, 0.486346, -0.0158237, 0.742576, 0.996195, -3.71201e-12, -0.0871557, -4.46982e-12, -1, -8.49977e-12, -0.0871557, 8.857e-12, -0.996195, 1
6.25, 2025-07-03__00-38-52.532110, -0.0476893, -0.374508, 0.0246239, -1.66667, -0.0229852, 1.17437, 0.7112, 0.00220673, 0.0598168, 0.00478797, 0.702995, 0.000692289, -0.244167, 1.86306e-05, -0.0629323, 5.34158, -0.286536, 0.0708541, -0.0116152, -0.392061, -0.606921, 0, 0, 0, 8, 0, 0, 0, 0.353924, -0.0155279, 0.486912, 0.486346, -0.0158237, 0.742576, 0.996195, -3.71201e-12, -0.0871557, -4.46982e-12, -1, -8.49977e-12, -0.0871557, 8.857e-12, -0.996195, 1
6.26, 2025-07-03__00-38-52.542110, -0.0476731, -0.373693, 0.0246848, -1.65955, -0.0229884, 1.17163, 0.711188, -0.0035325, 0.0839479, 0.0034406, 0.723922, -0.000884534, -0.278909, 0.000210452, 0.019889, 6.04543, -0.159572, -0.518966, 0.00813085, -0.35749, -0.613934, 0, 0, 0, 8, 0, 0, 0, 0.354331, -0.0154814, 0.489536, 0.486346, -0.0158237, 0.742576, 0.996195, -3.71201e-12, -0.0871557, -4.46982e-12, -1, -8.49977e-12, -0.0871557, 8.857e-12, -0.996195, 1
6.27, 2025-07-03__00-38-52.552110, -0.0476397, -0.372553, 0.0247612, -1.65201, -0.0229799, 1.1688, 0.711174, 0.00299685, 0.122493, 0.00690356, 0.753603, 0.00146757, -0.276872, -0.000963403, -0.130275, 6.26627, -0.355186, -1.28289, -0.0295808, -0.593173, -0.611106, 0, 0, 0, 8, 0, 0, 0, 0.354757, -0.0154251, 0.491965, 0.486346, -0.0158237, 0.742576, 0.996195, -3.71201e-12, -0.0871557, -4.46982e-12, -1, -8.49977e-12, -0.0871557, 8.857e-12, -0.996195, 1
6.28, 2025-07-03__00-38-52.562110, -0.0476269, -0.371353, 0.0248064, -1.64508, -0.0229792, 1.16605, 0.711163, 0.00242277, 0.133875, 0.00669738, 0.756875, -0.00166112, -0.321762, 0.000579604, -0.131124, 6.9974, -0.344645, -2.00875, -0.0119224, -0.440277, -0.624815, 0, 0, 0, 8, 0, 0, 0, 0.355156, -0.0153819, 0.49436, 0.486346, -0.0158237, 0.742576, 0.996195, -3.71201e-12, -0.0871557, -4.46982e-12, -1, -8.49977e-12, -0.0871557, 8.857e-12, -0.996195, 1
6.29, 2025-07-03__00-38-52.572109, -0.0476244, -0.369677, 0.0248397, -1.63689, -0.0229739, 1.16222, 0.711138, 0.000821534, 0.153043, 0.00289452, 0.74422, 0.000546488, -0.355831, -0.00480323, -0.0527147, 6.98023, -0.22564, -2.96525, -0.0102083, -0.319916, -0.596839, 0, 0, 0, 8, 0, 0, 0, 0.355386, -0.0153488, 0.496576, 0.486346, -0.0158237, 0.742576, 0.996195, -3.71201e-12, -0.0871557, -4.46982e-12, -1, -8.49977e-12, -0.0871557, 8.857e-12, -0.996195, 1
6.3, 2025-07-03__00-38-52.582110, -0.0476048, -0.368239, 0.0248938, -1.63019, -0.0229758, 1.15905, 0.711127, 0.00137463, 0.15875, 0.00620757, 0.747011, 0.000289129, -0.344345, 0.000405629, -0.133612, 7.72853, -0.332755, -5.63626, -0.0236436, -0.513679, -0.632119, 0, 0, 0, 8, 0, 0, 0, 0.355585, -0.0153025, 0.498745, 0.486346, -0.0158237, 0.742576, 0.996195, -3.71201e-12, -0.0871557, -4.46982e-12, -1, -8.49977e-12, -0.0871557, 8.857e-12, -0.996195, 1
6.31, 2025-07-03__00-38-52.592113, -0.0475899, -0.366356, 0.0249311, -1.62226, -0.0229573, 1.1554, 0.711114, 0.000517614, 0.176175, 0.00377223, 0.69995, 0.0013325, -0.329643, 0.00124883, -0.0761803, 6.92102, -0.259853, -10.9762, -0.00571372, -0.666139, -0.641161, 0, 0, 0, 8, 0, 0, 0, 0.355815, -0.0152708, 0.500617, 0.486346, -0.0158237, 0.742576, 0.996195, -3.71201e-12, -0.0871557, -4.46982e-12, -1, -8.49977e-12, -0.0871557, 8.857e-12, -0.996195, 1
6.32, 2025-07-03__00-38-52.602111, -0.0475763, -0.36475, 0.0249478, -1.61671, -0.0229463, 1.15254, 0.711084, 0.000277646, 0.173164, 0.0010294, 0.582879, 0.00137958, -0.308715, -0.00213465, -0.0125966, 5.05189, -0.202426, -19.5171, 0.0373137, -0.689633, -0.620613, 0, 0, 0, 8, 0, 0, 0, 0.355981, -0.0152352, 0.502312, 0.486346, -0.0158237, 0.742576, 0.996195, -3.71201e-12, -0.0871557, -4.46982e-12, -1, -8.49977e-12, -0.0871557, 8.857e-12, -0.996195, 1
6.33, 2025-07-03__00-38-52.612114, -0.0475732, -0.363611, 0.024979, -1.61222, -0.022857, 1.14974, 0.711005, -0.000279903, 0.069989, 0.00709238, 0.330503, 0.00828312, -0.230701, -0.00410988, -0.180512, 4.99008, -0.494114, -36.3802, 0.0139082, -0.879616, -0.601753, 0, 0, 0, 8, 0, 0, 0, 0.355902, -0.0151801, 0.503567, 0.486346, -0.0158237, 0.742576, 0.996195, -3.71201e-12, -0.0871557, -4.46982e-12, -1, -8.49977e-12, -0.0871557, 8.857e-12, -0.996195, 1
6.34, 2025-07-03__00-38-52.622109, -0.04756, -0.363895, 0.0249659, -1.61156, -0.0226507, 1.14867, 0.710966, 0.000673073, -0.0577795, -0.00100544, -0.0360029, 0.0192558, -0.0613131, -0.00235523, -0.128765, 3.29187, -0.48685, -34.3383, 0.0283183, -1.4811, -0.603446, 0, 0, 0, 8, 0, 0, 0, 0.3556, -0.0150973, 0.503966, 0.486346, -0.0158237, 0.742576, 0.996195, -3.71201e-12, -0.0871557, -4.46982e-12, -1, -8.49977e-12, -0.0871557, 8.857e-12, -0.996195, 1
6.35, 2025-07-03__00-38-52.632108, -0.0475757, -0.36565, 0.0249154, -1.61554, -0.0223058, 1.14935, 0.710943, -0.0011984, -0.225011, -0.00747579, -0.504879, 0.0348203, 0.117138, -0.00219834, -0.0724547, 0.705214, -0.510279, -2.89688, 0.0337352, -1.90413, -0.588638, 0, 0, 0, 8, 0, 0, 0, 0.355064, -0.014999, 0.503315, 0.486346, -0.0158237, 0.742576, 0.996195, -3.71201e-12, -0.0871557, -4.46982e-12, -1, -8.49977e-12, -0.0871557, 8.857e-12, -0.996195, 1
6.36, 2025-07-03__00-38-52.642109, -0.0475847, -0.369521, 0.0247981, -1.62342, -0.0219267, 1.15107, 0.71091, 0.000602311, -0.429297, -0.0127846, -0.899415, 0.0415105, 0.177688, 0.00114028, -0.110674, 1.34996, -0.623812, 20.7936, 0.0429386, -1.57303, -0.590367, 0, 0, 0, 8, 0, 0, 0, 0.353782, -0.014888, 0.501622, 0.486346, -0.0158237, 0.742576, 0.996195, -3.71201e-12, -0.0871557, -4.46982e-12, -1, -8.49977e-12, -0.0871557, 8.857e-12, -0.996195, 1
6.37, 2025-07-03__00-38-52.652109, -0.0475857, -0.37482, 0.0245381, -1.63524, -0.021541, 1.15278, 0.710869, -0.000616451, -0.554341, -0.0319996, -1.24671, 0.0327034, 0.165549, -0.00126559, 0.264527, -1.67046, -0.164304, 35.6838, 0.222335, -0.647018, -0.555801, 0, 0, 0, 8, 0, 0, 0, 0.351967, -0.0148236, 0.49936, 0.486346, -0.0158237, 0.742576, 0.996195, -3.71201e-12, -0.0871557, -4.46982e-12, -1, -8.49977e-12, -0.0871557, 8.857e-12, -0.996195, 1
6.38, 2025-07-03__00-38-52.662127, -0.0476168, -0.380821, 0.0242601, -1.6492, -0.021222, 1.15454, 0.710862, -0.00147227, -0.630925, -0.0260749, -1.4297, 0.0231563, 0.181952, -0.000674819, 0.246809, -3.83286, -0.275534, 42.354, 0.311447, -0.0927541, -0.54367, 0, 0, 0, 8, 0, 0, 0, 0.349164, -0.0147862, 0.495841, 0.486346, -0.0158237, 0.742576, 0.996195, -3.71201e-12, -0.0871557, -4.46982e-12, -1, -8.49977e-12, -0.0871557, 8.857e-12, -0.996195, 1
6.39, 2025-07-03__00-38-52.672126, -0.0476205, -0.387584, 0.0240361, -1.66417, -0.0210313, 1.15619, 0.710861, 0.000402956, -0.674199, -0.0224684, -1.50304, 0.0220704, 0.15102, -0.00373155, 0.216509, -5.27907, -0.370686, 45.2544, 0.323942, 0.638938, -0.51205, 0, 0, 0, 8, 0, 0, 0, 0.346245, -0.0147644, 0.492445, 0.486346, -0.0158237, 0.742576, 0.996195, -3.71201e-12, -0.0871557, -4.46982e-12, -1, -8.49977e-12, -0.0871557, 8.857e-12, -0.996195, 1
6.4, 2025-07-03__00-38-52.682115, -0.0476065, -0.394131, 0.0238914, -1.67884, -0.0209882, 1.15719, 0.710857, 0.00155095, -0.634583, -0.0136815, -1.45928, 0.00205122, 0.0820502, 0.00086263, 0.200037, -8.32789, -0.459089, 46.1966, 0.448975, 1.47388, -0.52799, 0, 0, 0, 8, 0, 0, 0, 0.34314, -0.0147421, 0.489034, 0.486346, -0.0158237, 0.742576, 0.996195, -3.71201e-12, -0.0871557, -4.46982e-12, -1, -8.49977e-12, -0.0871557, 8.857e-12, -0.996195, 1
6.41, 2025-07-03__00-38-52.692114, -0.047616, -0.400086, 0.0237945, -1.69159, -0.0209775, 1.15743, 0.71085, -0.000429062, -0.583743, -0.00790549, -1.20111, 0.000818276, 0.00859905, -0.00160728, 0.183821, -7.11833, -0.451864, 40.9292, 0.384923, 1.95731, -0.507205, 0, 0, 0, 8, 0, 0, 0, 0.34012, -0.0147317, 0.486041, 0.486346, -0.0158237, 0.742576, 0.996195, -3.71201e-12, -0.0871557, -4.46982e-12, -1, -8.49977e-12, -0.0871557, 8.857e-12, -0.996195, 1
6.42, 2025-07-03__00-38-52.702110, -0.0476187, -0.404863, 0.0237386, -1.701, -0.0210519, 1.15691, 0.710852, -0.000729374, -0.438076, -0.00730425, -0.858741, -0.00426408, -0.0626329, -0.00101305, 0.300242, -8.19093, -0.244968, 34.9035, 0.365531, 2.21586, -0.510413, 0, 0, 0, 8, 0, 0, 0, 0.337533, -0.0147302, 0.483917, 0.486346, -0.0158237, 0.742576, 0.996195, -3.71201e-12, -0.0871557, -4.46982e-12, -1, -8.49977e-12, -0.0871557, 8.857e-12, -0.996195, 1
6.43, 2025-07-03__00-38-52.712115, -0.047646, -0.407571, 0.0237422, -1.70583, -0.0211357, 1.15548, 0.710856, -0.00467272, -0.268381, 0.000840456, -0.438213, -0.0128707, -0.181394, 0.00062212, 0.338337, -8.27088, -0.139359, 26.9094, 0.332888, 2.58275, -0.522089, 0, 0, 0, 8, 0, 0, 0, 0.335729, -0.0147268, 0.48281, 0.486346, -0.0158237, 0.742576, 0.996195, -3.71201e-12, -0.0871557, -4.46982e-12, -1, -8.49977e-12, -0.0871557, 8.857e-12, -0.996195, 1
6.44, 2025-07-03__00-38-52.722112, -0.0476083, -0.409423, 0.0237989, -1.70671, -0.0212416, 1.15253, 0.710849, 0.000749899, -0.137483, 0.00442732, 0.0329236, -0.0114443, -0.269197, -0.00204809, 0.237392, -4.8579, -0.153913, 16.3444, 0.188217, 2.57929, -0.510539, 0, 0, 0, 8, 0, 0, 0, 0.334176, -0.0146916, 0.482851, 0.486346, -0.0158237, 0.742576, 0.996195, -3.71201e-12, -0.0871557, -4.46982e-12, -1, -8.49977e-12, -0.0871557, 8.857e-12, -0.996195, 1
6.45, 2025-07-03__00-38-52.732124, -0.0475786, -0.409719, 0.0239351, -1.70394, -0.0212993, 1.14995, 0.710852, 0.00126479, -0.00344698, 0.0144496, 0.339132, -0.00246628, -0.227942, -0.000155986, 0.0978617, -4.32632, -0.305444, 10.1829, 0.0487922, 1.82021, -0.52683, 0, 0, 0, 8, 0, 0, 0, 0.333603, -0.0146325, 0.483853, 0.486346, -0.0158237, 0.742576, 0.996195, -3.71201e-12, -0.0871557, -4.46982e-12, -1, -8.49977e-12, -0.0871557, 8.857e-12, -0.996195, 1
6.46, 2025-07-03__00-38-52.742124, -0.0475585, -0.409346, 0.0240953, -1.69891, -0.0213098, 1.1481, 0.710858, 0.000286082, 0.0442502, 0.0118758, 0.525478, 0.00253657, -0.18287, 0.00216143, 0.10417, -1.57092, -0.219644, 5.48872, -0.0281525, 1.10258, -0.546901, 0, 0, 0, 8, 0, 0, 0, 0.333818, -0.0145557, 0.48554, 0.486346, -0.0158237, 0.742576, 0.996195, -3.71201e-12, -0.0871557, -4.46982e-12, -1, -8.49977e-12, -0.0871557, 8.857e-12, -0.996195, 1
6.47, 2025-07-03__00-38-52.752126, -0.0475452, -0.408692, 0.0242539, -1.69309, -0.021298, 1.14662, 0.710854, 0.00294605, 0.0725258, 0.0176846, 0.592963, 6.64748e-05, -0.13758, 0.000963586, -0.0499964, -0.126049, -0.418712, 3.73026, -0.0490427, 0.5217, -0.542933, 0, 0, 0, 8, 0, 0, 0, 0.334354, -0.0144845, 0.487486, 0.486346, -0.0158237, 0.742576, 0.996195, -3.71201e-12, -0.0871557, -4.46982e-12, -1, -8.49977e-12, -0.0871557, 8.857e-12, -0.996195, 1
6.48, 2025-07-03__00-38-52.762124, -0.0475277, -0.407918, 0.0243692, -1.68679, -0.0213037, 1.14565, 0.710849, 0.00174917, 0.0782917, 0.0126692, 0.648245, 0.00150027, -0.0866952, -0.00105832, -0.0195522, 2.36881, -0.321161, 1.77109, -0.0675839, -0.125784, -0.537888, 0, 0, 0, 8, 0, 0, 0, 0.335155, -0.0144359, 0.489586, 0.486346, -0.0158237, 0.742576, 0.996195, -3.71201e-12, -0.0871557, -4.46982e-12, -1, -8.49977e-12, -0.0871557, 8.857e-12, -0.996195, 1
6.49, 2025-07-03__00-38-52.772126, -0.0475198, -0.407098, 0.0244113, -1.67998, -0.0212834, 1.14484, 0.71085, -0.000551436, 0.0891649, 0.00452999, 0.679029, -0.00131148, -0.0902966, 4.84835e-05, 0.0979386, 4.3, -0.102633, 0.634377, -0.0400011, -0.392515, -0.553066, 0, 0, 0, 8, 0, 0, 0, 0.336125, -0.0144048, 0.491897, 0.486346, -0.0158237, 0.742576, 0.996195, -3.71201e-12, -0.0871557, -4.46982e-12, -1, -8.49977e-12, -0.0871557, 8.857e-12, -0.996195, 1
6.5, 2025-07-03__00-38-52.782127, -0.0475292, -0.40607, 0.024456, -1.67302, -0.0212979, 1.14372, 0.710852, -0.00391259, 0.107414, 0.005215, 0.706104, -0.000438547, -0.116801, 0.000718364, 0.0924426, 5.70965, -0.0901526, -0.212618, -0.0518389, -0.481331, -0.565573, 0, 0, 0, 8, 0, 0, 0, 0.337116, -0.0143956, 0.494421, 0.486346, -0.0158237, 0.742576, 0.996195, -3.71201e-12, -0.0871557, -4.46982e-12, -1, -8.49977e-12, -0.0871557, 8.857e-12, -0.996195, 1
6.51, 2025-07-03__00-38-52.792123, -0.0475091, -0.404806, 0.0245151, -1.66586, -0.0212899, 1.14225, 0.710847, 0.00308236, 0.135049, 0.00268837, 0.719679, -0.00106519, -0.164438, 0.000142391, 0.0343535, 6.28033, -0.142688, -0.478471, -0.0566648, -0.387578, -0.566658, 0, 0, 0, 8, 0, 0, 0, 0.337872, -0.0143656, 0.496472, 0.486346, -0.0158237, 0.742576, 0.996195, -3.71201e-12, -0.0871557, -4.46982e-12, -1, -8.49977e-12, -0.0871557, 8.857e-12, -0.996195, 1
6.52, 2025-07-03__00-38-52.802113, -0.0474951, -0.403319, 0.0245965, -1.65861, -0.0212841, 1.14044, 0.710845, 0.000518245, 0.153094, 0.00686017, 0.734594, -0.000551279, -0.188501, 0.000401893, -0.0271177, 7.20034, -0.225339, -1.08577, -0.0720485, -0.439311, -0.57274, 0, 0, 0, 8, 0, 0, 0, 0.338626, -0.014324, 0.498688, 0.486346, -0.0158237, 0.742576, 0.996195, -3.71201e-12, -0.0871557, -4.46982e-12, -1, -8.49977e-12, -0.0871557, 8.857e-12, -0.996195, 1
6.53, 2025-07-03__00-38-52.812115, -0.0474765, -0.401556, 0.0246723, -1.65102, -0.0212773, 1.13841, 0.710841, -0.00139149, 0.185582, 0.00716121, 0.771423, 0.000702706, -0.19683, 0.000534791, -0.0244816, 7.85127, -0.202677, -2.20413, -0.084886, -0.628025, -0.57865, 0, 0, 0, 8, 0, 0, 0, 0.339382, -0.0142771, 0.500929, 0.486346, -0.0158237, 0.742576, 0.996195, -3.71201e-12, -0.0871557, -4.46982e-12, -1, -8.49977e-12, -0.0871557, 8.857e-12, -0.996195, 1
6.54, 2025-07-03__00-38-52.822111, -0.0474695, -0.399328, 0.0247304, -1.64333, -0.0212915, 1.13624, 0.710831, 0.000136799, 0.227659, 0.00418898, 0.758549, -0.00177961, -0.229391, -0.000813039, 0.0283635, 6.76997, -0.125952, -2.00318, -0.0474205, -0.553966, -0.574325, 0, 0, 0, 8, 0, 0, 0, 0.340182, -0.0142561, 0.503061, 0.486346, -0.0158237, 0.742576, 0.996195, -3.71201e-12, -0.0871557, -4.46982e-12, -1, -8.49977e-12, -0.0871557, 8.857e-12, -0.996195, 1
6.55, 2025-07-03__00-38-52.832113, -0.0474591, -0.396968, 0.0247722, -1.63585, -0.0212726, 1.13366, 0.710828, 0.00121865, 0.228283, 0.00394903, 0.743311, 0.000863947, -0.256793, -0.00108444, -0.00333657, 7.42572, -0.15822, -3.30624, -0.0698102, -0.479712, -0.575658, 0, 0, 0, 8, 0, 0, 0, 0.340823, -0.0142229, 0.505022, 0.486346, -0.0158237, 0.742576, 0.996195, -3.71201e-12, -0.0871557, -4.46982e-12, -1, -8.49977e-12, -0.0871557, 8.857e-12, -0.996195, 1
6.56, 2025-07-03__00-38-52.842113, -0.0474446, -0.394724, 0.024841, -1.6284, -0.0212791, 1.13098, 0.710821, 0.00220149, 0.236254, 0.00988104, 0.744833, -0.00380523, -0.259847, -0.00126102, -0.118453, 8.10903, -0.324495, -6.61619, -0.0604622, -0.597745, -0.577644, 0, 0, 0, 8, 0, 0, 0, 0.341379, -0.0141924, 0.507012, 0.486346, -0.0158237, 0.742576, 0.996195, -3.71201e-12, -0.0871557, -4.46982e-12, -1, -8.49977e-12, -0.0871557, 8.857e-12, -0.996195, 1
6.57, 2025-07-03__00-38-52.852110, -0.047435, -0.392127, 0.0248799, -1.62134, -0.0212563, 1.12845, 0.710818, 0.00104089, 0.264827, 0.00384067, 0.689958, -0.000513034, -0.249615, -0.000145565, 0.015948, 6.29276, -0.141974, -11.7196, -0.0379275, -0.695366, -0.586557, 0, 0, 0, 8, 0, 0, 0, 0.341989, -0.0141616, 0.508768, 0.486346, -0.0158237, 0.742576, 0.996195, -3.71201e-12, -0.0871557, -4.46982e-12, -1, -8.49977e-12, -0.0871557, 8.857e-12, -0.996195, 1
6.58, 2025-07-03__00-38-52.862113, -0.0474276, -0.389784, 0.0249065, -1.61596, -0.0212421, 1.12625, 0.710811, 0.0035142, 0.244859, 0.0010846, 0.564636, 0.00333267, -0.239601, -0.0047357, 0.0281973, 4.90948, -0.150489, -21.4998, -0.0295027, -0.634487, -0.558078, 0, 0, 0, 8, 0, 0, 0, 0.342443, -0.014143, 0.509971, 0.486346, -0.0158237, 0.742576, 0.996195, -3.71201e-12, -0.0871557, -4.46982e-12, -1, -8.49977e-12, -0.0871557, 8.857e-12, -0.996195, 1
6.59, 2025-07-03__00-38-52.872110, -0.0474123, -0.388073, 0.0249478, -1.612, -0.0211497, 1.12429, 0.710804, 0.000289121, 0.121053, 0.00476777, 0.281898, 0.00528675, -0.142074, -0.0030079, -0.0643203, 5.00042, -0.349691, -37.021, -0.00633773, -0.916482, -0.563718, 0, 0, 0, 8, 0, 0, 0, 0.342664, -0.014086, 0.51087, 0.486346, -0.0158237, 0.742576, 0.996195, -3.71201e-12, -0.0871557, -4.46982e-12, -1, -8.49977e-12, -0.0871557, 8.857e-12, -0.996195, 1
6.6, 2025-07-03__00-38-52.882113, -0.0473961, -0.387798, 0.0249346, -1.61196, -0.0209727, 1.12412, 0.710803, 0.00203452, -0.00509529, -0.000138858, -0.0955051, 0.0176041, 0.0239311, 0.000126022, -0.0637765, 2.78245, -0.433834, -29.9055, -0.00211104, -1.48428, -0.574774, 0, 0, 0, 8, 0, 0, 0, 0.342677, -0.0140255, 0.510883, 0.486346, -0.0158237, 0.742576, 0.996195, -3.71201e-12, -0.0871557, -4.46982e-12, -1, -8.49977e-12, -0.0871557, 8.857e-12, -0.996195, 1
6.61, 2025-07-03__00-38-52.892114, -0.0474143, -0.389085, 0.0248742, -1.61636, -0.0206877, 1.12539, 0.710799, -0.00170417, -0.182908, -0.00780545, -0.535269, 0.0271552, 0.167258, 0.00020411, 0.0310386, 1.17309, -0.392142, 0.381673, 0.0374401, -1.71832, -0.56179, 0, 0, 0, 8, 0, 0, 0, 0.342308, -0.0139564, 0.509781, 0.486346, -0.0158237, 0.742576, 0.996195, -3.71201e-12, -0.0871557, -4.46982e-12, -1, -8.49977e-12, -0.0871557, 8.857e-12, -0.996195, 1
6.62, 2025-07-03__00-38-52.902110, -0.0474149, -0.392246, 0.0247369, -1.62412, -0.0203855, 1.12732, 0.710789, -0.00154913, -0.33947, -0.0164498, -0.846484, 0.0259034, 0.185435, -0.00191538, 0.120742, 1.09016, -0.311962, 20.7877, 0.107192, -1.217, -0.533856, 0, 0, 0, 8, 0, 0, 0, 0.341363, -0.0138915, 0.508033, 0.486346, -0.0158237, 0.742576, 0.996195, -3.71201e-12, -0.0871557, -4.46982e-12, -1, -8.49977e-12, -0.0871557, 8.857e-12, -0.996195, 1
6.63, 2025-07-03__00-38-52.912114, -0.0474216, -0.396143, 0.024497, -1.63437, -0.0201417, 1.12842, 0.710792, -0.000912188, -0.402195, -0.0245067, -1.06156, 0.0226087, 0.0911662, -0.000947524, 0.313856, -2.25611, -0.102763, 32.4186, 0.202137, 0.066283, -0.524835, 0, 0, 0, 8, 0, 0, 0, 0.339615, -0.0138763, 0.50553, 0.486346, -0.0158237, 0.742576, 0.996195, -3.71201e-12, -0.0871557, -4.46982e-12, -1, -8.49977e-12, -0.0871557, 8.857e-12, -0.996195, 1
6.64, 2025-07-03__00-38-52.922110, -0.0474567, -0.400473, 0.0242815, -1.64555, -0.0200296, 1.12914, 0.710791, -0.0015513, -0.450755, -0.0190763, -1.11515, 0.0072855, 0.0806653, 0.00143655, 0.299857, -2.98183, -0.171646, 35.906, 0.299026, 0.572125, -0.530959, 0, 0, 0, 8, 0, 0, 0, 0.337435, -0.0138959, 0.50272, 0.486346, -0.0158237, 0.742576, 0.996195, -3.71201e-12, -0.0871557, -4.46982e-12, -1, -8.49977e-12, -0.0871557, 8.857e-12, -0.996195, 1
6.65, 2025-07-03__00-38-52.932113, -0.0474706, -0.404686, 0.0241547, -1.65679, -0.0200029, 1.12975, 0.710791, -0.000290057, -0.420711, -0.0118258, -1.12156, 0.0069994, 0.0472236, -0.0010014, 0.272452, -6.56603, -0.282564, 38.4513, 0.310581, 1.17516, -0.506685, 0, 0, 0, 8, 0, 0, 0, 0.335435, -0.0139193, 0.500135, 0.486346, -0.0158237, 0.742576, 0.996195, -3.71201e-12, -0.0871557, -4.46982e-12, -1, -8.49977e-12, -0.0871557, 8.857e-12, -0.996195, 1
6.66, 2025-07-03__00-38-52.942113, -0.0474371, -0.40875, 0.0241135, -1.66735, -0.0200188, 1.12989, 0.710796, 0.00216502, -0.398171, -0.0048914, -1.01958, -0.00287672, 0.0167011, 0.00136346, 0.203255, -7.39018, -0.400141, 37.2211, 0.34026, 1.57971, -0.512047, 0, 0, 0, 8, 0, 0, 0, 0.332905, -0.0138895, 0.497122, 0.486346, -0.0158237, 0.742576, 0.996195, -3.71201e-12, -0.0871557, -4.46982e-12, -1, -8.49977e-12, -0.0871557, 8.857e-12, -0.996195, 1
6.67, 2025-07-03__00-38-52.952113, -0.0474229, -0.41223, 0.024105, -1.67581, -0.02007, 1.12983, 0.71079, 0.00430015, -0.312919, -0.00278761, -0.761876, -0.00504726, -0.0401, 0.00112572, 0.212992, -7.47624, -0.346245, 32.5606, 0.299345, 1.85613, -0.50609, 0, 0, 0, 8, 0, 0, 0, 0.33092, -0.0138742, 0.494973, 0.486346, -0.0158237, 0.742576, 0.996195, -3.71201e-12, -0.0871557, -4.46982e-12, -1, -8.49977e-12, -0.0871557, 8.857e-12, -0.996195, 1
6.68, 2025-07-03__00-38-52.962116, -0.0474622, -0.414196, 0.0240604, -1.68079, -0.0200845, 1.12871, 0.710794, -0.00896339, -0.164004, -0.00352347, -0.400059, -0.0051182, -0.145133, 0.000374567, 0.48968, -8.10506, 0.103587, 26.0814, 0.264145, 2.25141, -0.502009, 0, 0, 0, 8, 0, 0, 0, 0.32936, -0.0138739, 0.49359, 0.486346, -0.0158237, 0.742576, 0.996195, -3.71201e-12, -0.0871557, -4.46982e-12, -1, -8.49977e-12, -0.0871557, 8.857e-12, -0.996195, 1
6.69, 2025-07-03__00-38-52.972124, -0.0474829, -0.414849, 0.0241134, -1.68165, -0.0201703, 1.12642, 0.710794, -0.000507085, -0.0430828, 0.00952517, 0.00695849, -0.013986, -0.232734, 0.000468886, 0.242333, -5.8348, -0.168174, 17.4149, 0.179505, 2.37169, -0.504572, 0, 0, 0, 8, 0, 0, 0, 0.328338, -0.0138742, 0.493258, 0.486346, -0.0158237, 0.742576, 0.996195, -3.71201e-12, -0.0871557, -4.46982e-12, -1, -8.49977e-12, -0.0871557, 8.857e-12, -0.996195, 1
6.7, 2025-07-03__00-38-52.982112, -0.0474297, -0.414671, 0.0242118, -1.67953, -0.0202271, 1.12428, 0.710785, 0.0078502, 0.0315718, 0.0134508, 0.254364, -0.0103456, -0.177668, -0.000151379, 0.0776561, -4.02185, -0.329764, 11.8352, 0.0731445, 1.63897, -0.503583, 0, 0, 0, 8, 0, 0, 0, 0.327779, -0.0138193, 0.493879, 0.486346, -0.0158237, 0.742576, 0.996195, -3.71201e-12, -0.0871557, -4.46982e-12, -1, -8.49977e-12, -0.0871557, 8.857e-12, -0.996195, 1
6.71, 2025-07-03__00-38-52.992113, -0.047392, -0.413621, 0.0243554, -1.67571, -0.0202279, 1.12318, 0.710788, 0.00202168, 0.114846, 0.0153732, 0.399742, 0.00115911, -0.0954163, -0.00104658, 0.118193, -4.29135, -0.249373, 9.15069, -0.0139605, 0.77624, -0.50073, 0, 0, 0, 8, 0, 0, 0, 0.328112, -0.0137529, 0.494912, 0.486346, -0.0158237, 0.742576, 0.996195, -3.71201e-12, -0.0871557, -4.46982e-12, -1, -8.49977e-12, -0.0871557, 8.857e-12, -0.996195, 1
6.72, 2025-07-03__00-38-53.002110, -0.0473874, -0.412352, 0.0245056, -1.67084, -0.0202257, 1.12237, 0.710792, -0.00237736, 0.120291, 0.0102845, 0.502582, -0.00079838, -0.0793967, 0.000909589, 0.194809, -1.41475, -0.0728645, 6.01319, -0.020881, 0.377383, -0.516177, 0, 0, 0, 8, 0, 0, 0, 0.328803, -0.0136965, 0.496275, 0.486346, -0.0158237, 0.742576, 0.996195, -3.71201e-12, -0.0871557, -4.46982e-12, -1, -8.49977e-12, -0.0871557, 8.857e-12, -0.996195, 1
6.73, 2025-07-03__00-38-53.012116, -0.047388, -0.411174, 0.0246225, -1.66536, -0.0202241, 1.12147, 0.71079, -0.00554363, 0.125953, 0.0124932, 0.563654, 0.000695748, -0.08254, -0.000683865, 0.145143, 0.808472, -0.11151, 3.98412, -0.0575401, 0.145743, -0.510293, 0, 0, 0, 8, 0, 0, 0, 0.329536, -0.013659, 0.497913, 0.486346, -0.0158237, 0.742576, 0.996195, -3.71201e-12, -0.0871557, -4.46982e-12, -1, -8.49977e-12, -0.0871557, 8.857e-12, -0.996195, 1
6.74, 2025-07-03__00-38-53.022109, -0.0473837, -0.409703, 0.0246956, -1.65924, -0.0202259, 1.12062, 0.710788, 0.00106038, 0.157072, 0.00361017, 0.626389, 0.00100969, -0.0828174, -0.000860352, 0.184987, 1.97198, 0.0107369, 2.33974, -0.065818, -0.1305, -0.514786, 0, 0, 0, 8, 0, 0, 0, 0.330422, -0.0136326, 0.499709, 0.486346, -0.0158237, 0.742576, 0.996195, -3.71201e-12, -0.0871557, -4.46982e-12, -1, -8.49977e-12, -0.0871557, 8.857e-12, -0.996195, 1
6.75, 2025-07-03__00-38-53.032111, -0.0473767, -0.408013, 0.0247388, -1.65259, -0.0202093, 1.11968, 0.710791, -0.00227183, 0.169576, 0.00245576, 0.67088, 0.00022641, -0.0979588, 0.00177369, 0.20836, 3.71843, 0.0796651, 0.67287, -0.0712526, -0.291887, -0.536814, 0, 0, 0, 8, 0, 0, 0, 0.331402, -0.0136097, 0.501633, 0.486346, -0.0158237, 0.742576, 0.996195, -3.71201e-12, -0.0871557, -4.46982e-12, -1, -8.49977e-12, -0.0871557, 8.857e-12, -0.996195, 1
6.76, 2025-07-03__00-38-53.042110, -0.0473753, -0.406263, 0.0248091, -1.64569, -0.0202161, 1.11857, 0.710787, -0.00152807, 0.175922, 0.00319147, 0.692814, 0.000294059, -0.110324, -0.00128488, 0.148272, 5.31386, 0.0208393, -0.769982, -0.0889045, -0.441961, -0.523638, 0, 0, 0, 8, 0, 0, 0, 0.332368, -0.0135895, 0.503634, 0.486346, -0.0158237, 0.742576, 0.996195, -3.71201e-12, -0.0871557, -4.46982e-12, -1, -8.49977e-12, -0.0871557, 8.857e-12, -0.996195, 1
6.77, 2025-07-03__00-38-53.052109, -0.0473568, -0.404265, 0.0248987, -1.63876, -0.0202087, 1.1172, 0.710787, 0.000617485, 0.208613, 0.00491009, 0.687675, 0.00170935, -0.14086, -0.000198449, 0.0963359, 4.89906, -0.0549169, -1.31292, -0.0980757, -0.406083, -0.532412, 0, 0, 0, 8, 0, 0, 0, 0.333281, -0.0135518, 0.505575, 0.486346, -0.0158237, 0.742576, 0.996195, -3.71201e-12, -0.0871557, -4.46982e-12, -1, -8.49977e-12, -0.0871557, 8.857e-12, -0.996195, 1
6.78, 2025-07-03__00-38-53.062111, -0.0473451, -0.402085, 0.0249902, -1.63186, -0.0202087, 1.11565, 0.710794, -0.000373657, 0.218919, 0.00913271, 0.689067, -0.000944736, -0.153282, 0.000837871, 0.0250307, 5.58201, -0.156528, -3.51343, -0.0930787, -0.49025, -0.541788, 0, 0, 0, 8, 0, 0, 0, 0.334141, -0.0135147, 0.507401, 0.486346, -0.0158237, 0.742576, 0.996195, -3.71201e-12, -0.0871557, -4.46982e-12, -1, -8.49977e-12, -0.0871557, 8.857e-12, -0.996195, 1
6.79, 2025-07-03__00-38-53.072108, -0.0473379, -0.399923, 0.0250543, -1.62497, -0.0201984, 1.11403, 0.710795, -0.000302462, 0.222556, 0.00801881, 0.681229, -0.000355197, -0.164229, 0.00148652, 0.0163109, 6.37513, -0.152111, -7.92576, -0.0984681, -0.569258, -0.549317, 0, 0, 0, 8, 0, 0, 0, 0.334974, -0.0134844, 0.509249, 0.486346, -0.0158237, 0.742576, 0.996195, -3.71201e-12, -0.0871557, -4.46982e-12, -1, -8.49977e-12, -0.0871557, 8.857e-12, -0.996195, 1
6.8, 2025-07-03__00-38-53.082111, -0.0473258, -0.397679, 0.0250923, -1.61879, -0.0201885, 1.11248, 0.710789, 0.00192356, 0.218757, 0.000643121, 0.576915, 0.000128991, -0.154959, 0.000642573, 0.107455, 5.15425, -0.0287587, -14.4755, -0.0568487, -0.612309, -0.545882, 0, 0, 0, 8, 0, 0, 0, 0.335737, -0.0134667, 0.510813, 0.486346, -0.0158237, 0.742576, 0.996195, -3.71201e-12, -0.0871557, -4.46982e-12, -1, -8.49977e-12, -0.0871557, 8.857e-12, -0.996195, 1
6.81, 2025-07-03__00-38-53.092114, -0.0473241, -0.395992, 0.0251373, -1.61435, -0.0201363, 1.1114, 0.710789, -0.000694723, 0.141826, 0.00490127, 0.377006, 0.00737373, -0.0900001, 0.000864365, 0.00891998, 5.17104, -0.222858, -25.4086, -0.0797027, -0.864458, -0.54627, 0, 0, 0, 8, 0, 0, 0, 0.336325, -0.0134347, 0.511943, 0.486346, -0.0158237, 0.742576, 0.996195, -3.71201e-12, -0.0871557, -4.46982e-12, -1, -8.49977e-12, -0.0871557, 8.857e-12, -0.996195, 1
6.82, 2025-07-03__00-38-53.102109, -0.0472959, -0.395468, 0.0251691, -1.61307, -0.0200447, 1.11138, 0.710784, 0.00371327, 0.0160191, 0.00152663, 0.0383494, 0.00308191, 0.0314572, -0.000772737, -0.0407312, 4.16755, -0.364032, -25.8414, 0.0118888, -1.2496, -0.530572, 0, 0, 0, 8, 0, 0, 0, 0.336629, -0.0133874, 0.512346, 0.486346, -0.0158237, 0.742576, 0.996195, -3.71201e-12, -0.0871557, -4.46982e-12, -1, -8.49977e-12, -0.0871557, 8.857e-12, -0.996195, 1
6.83, 2025-07-03__00-38-53.112114, -0.047291, -0.396158, 0.0251527, -1.61508, -0.0199172, 1.11252, 0.710785, 0.00223931, -0.101875, -0.00263956, -0.287768, 0.00527953, 0.149021, 0.000938684, -0.00198999, 2.6729, -0.387027, -9.60813, 0.0755156, -1.57074, -0.534477, 0, 0, 0, 8, 0, 0, 0, 0.336634, -0.0133487, 0.511858, 0.486346, -0.0158237, 0.742576, 0.996195, -3.71201e-12, -0.0871557, -4.46982e-12, -1, -8.49977e-12, -0.0871557, 8.857e-12, -0.996195, 1
6.84, 2025-07-03__00-38-53.122109, -0.0472931, -0.398501, 0.0250712, -1.62109, -0.0197401, 1.11469, 0.710787, 0.00165674, -0.254175, -0.0116733, -0.639257, 0.00579694, 0.186087, 0.00765192, 0.093693, 1.83534, -0.315742, 12.5919, 0.155014, -1.21765, -0.564758, 0, 0, 0, 8, 0, 0, 0, 0.336199, -0.0133242, 0.510616, 0.486346, -0.0158237, 0.742576, 0.996195, -3.71201e-12, -0.0871557, -4.46982e-12, -1, -8.49977e-12, -0.0871557, 8.857e-12, -0.996195, 1
6.85, 2025-07-03__00-38-53.132111, -0.0473253, -0.40149, 0.0249438, -1.62835, -0.0196304, 1.11597, 0.710779, -0.00207927, -0.349327, -0.0139392, -0.846907, 0.00644059, 0.115343, 0.00153559, 0.16337, 0.948153, -0.276192, 24.174, 0.199151, -0.242365, -0.518574, 0, 0, 0, 8, 0, 0, 0, 0.335126, -0.0133276, 0.508954, 0.486346, -0.0158237, 0.742576, 0.996195, -3.71201e-12, -0.0871557, -4.46982e-12, -1, -8.49977e-12, -0.0871557, 8.857e-12, -0.996195, 1
6.86, 2025-07-03__00-38-53.142110, -0.0473438, -0.405191, 0.0247694, -1.63754, -0.0195576, 1.11676, 0.710783, -0.00214088, -0.374502, -0.0124716, -0.933686, -0.000793606, 0.0720658, 0.000988487, 0.209278, -1.21451, -0.269048, 30.3453, 0.272978, 0.458072, -0.508074, 0, 0, 0, 8, 0, 0, 0, 0.333241, -0.0133537, 0.506501, 0.486346, -0.0158237, 0.742576, 0.996195, -3.71201e-12, -0.0871557, -4.46982e-12, -1, -8.49977e-12, -0.0871557, 8.857e-12, -0.996195, 1
6.87, 2025-07-03__00-38-53.152109, -0.0473467, -0.409291, 0.024633, -1.64776, -0.019585, 1.11762, 0.710786, -0.00252573, -0.364944, -0.013001, -0.913819, -0.0047127, 0.0652451, 0.000457566, 0.286299, -2.92237, -0.185458, 32.2551, 0.31196, 0.774003, -0.501043, 0, 0, 0, 8, 0, 0, 0, 0.331471, -0.0133895, 0.504218, 0.486346, -0.0158237, 0.742576, 0.996195, -3.71201e-12, -0.0871557, -4.46982e-12, -1, -8.49977e-12, -0.0871557, 8.857e-12, -0.996195, 1
6.88, 2025-07-03__00-38-53.162111, -0.0473506, -0.412307, 0.024561, -1.65618, -0.0195673, 1.11757, 0.710784, -0.00253948, -0.281875, -0.00163868, -0.80105, 0.00134288, -0.0309626, 0.00124849, 0.217257, -6.18934, -0.337003, 32.25, 0.249552, 1.5644, -0.496921, 0, 0, 0, 8, 0, 0, 0, 0.329657, -0.0133887, 0.501991, 0.486346, -0.0158237, 0.742576, 0.996195, -3.71201e-12, -0.0871557, -4.46982e-12, -1, -8.49977e-12, -0.0871557, 8.857e-12, -0.996195, 1
6.89, 2025-07-03__00-38-53.172109, -0.0473406, -0.414557, 0.0245684, -1.66202, -0.0196746, 1.1168, 0.710783, 0.00223333, -0.200186, 0.00669175, -0.494419, -0.0113211, -0.0954427, 0.0017819, 0.094223, -4.84258, -0.460323, 26.1812, 0.237034, 1.78288, -0.498957, 0, 0, 0, 8, 0, 0, 0, 0.32806, -0.0133919, 0.50038, 0.486346, -0.0158237, 0.742576, 0.996195, -3.71201e-12, -0.0871557, -4.46982e-12, -1, -8.49977e-12, -0.0871557, 8.857e-12, -0.996195, 1
6.9, 2025-07-03__00-38-53.182112, -0.0473286, -0.415424, 0.0245673, -1.66388, -0.0197583, 1.11517, 0.710782, 0.00193471, -0.0416758, -0.000896483, -0.0992071, -0.00666665, -0.189003, -0.000239207, 0.293741, -4.72349, -0.0621373, 18.8648, 0.155892, 1.97904, -0.489998, 0, 0, 0, 8, 0, 0, 0, 0.326991, -0.0133958, 0.4998, 0.486346, -0.0158237, 0.742576, 0.996195, -3.71201e-12, -0.0871557, -4.46982e-12, -1, -8.49977e-12, -0.0871557, 8.857e-12, -0.996195, 1
6.91, 2025-07-03__00-38-53.192113, -0.0473471, -0.414919, 0.0246321, -1.66267, -0.0197945, 1.11283, 0.710779, -0.00712094, 0.0662833, 0.00607039, 0.174346, -0.00563883, -0.225501, -0.0007516, 0.343269, -4.44427, 0.0433597, 13.5852, 0.0970792, 1.90703, -0.488454, 0, 0, 0, 8, 0, 0, 0, 0.326385, -0.0133757, 0.49994, 0.486346, -0.0158237, 0.742576, 0.996195, -3.71201e-12, -0.0871557, -4.46982e-12, -1, -8.49977e-12, -0.0871557, 8.857e-12, -0.996195, 1
6.92, 2025-07-03__00-38-53.202113, -0.0473344, -0.413773, 0.0247737, -1.65943, -0.0198225, 1.11114, 0.710784, 0.00834754, 0.125342, 0.0134114, 0.361953, 0.00237349, -0.146367, 0.000764322, 0.033085, -3.01163, -0.345956, 9.26423, -0.04612, 1.06297, -0.499385, 0, 0, 0, 8, 0, 0, 0, 0.326403, -0.0133238, 0.500664, 0.486346, -0.0158237, 0.742576, 0.996195, -3.71201e-12, -0.0871557, -4.46982e-12, -1, -8.49977e-12, -0.0871557, 8.857e-12, -0.996195, 1
6.93, 2025-07-03__00-38-53.212115, -0.0472866, -0.412125, 0.0249146, -1.6548, -0.019819, 1.11006, 0.710785, 0.00575885, 0.170215, 0.00976868, 0.478679, 0.00117042, -0.109467, 0.00116592, 0.110427, -2.00925, -0.18425, 6.49441, -0.0495764, 0.53925, -0.503186, 0, 0, 0, 8, 0, 0, 0, 0.32699, -0.0132541, 0.501816, 0.486346, -0.0158237, 0.742576, 0.996195, -3.71201e-12, -0.0871557, -4.46982e-12, -1, -8.49977e-12, -0.0871557, 8.857e-12, -0.996195, 1
6.94, 2025-07-03__00-38-53.222110, -0.0472894, -0.410336, 0.0250195, -1.64938, -0.0198196, 1.10908, 0.710777, -0.00162256, 0.169192, 0.0141065, 0.568519, -0.0019305, -0.0919088, -0.00160699, 0.0769111, 0.88168, -0.196004, 3.31271, -0.0658006, 0.151252, -0.49008, 0, 0, 0, 8, 0, 0, 0, 0.327759, -0.0132207, 0.503192, 0.486346, -0.0158237, 0.742576, 0.996195, -3.71201e-12, -0.0871557, -4.46982e-12, -1, -8.49977e-12, -0.0871557, 8.857e-12, -0.996195, 1
6.95, 2025-07-03__00-38-53.232112, -0.0472939, -0.408578, 0.0250683, -1.64328, -0.0198109, 1.10819, 0.710778, -0.000740735, 0.188129, 0.00558728, 0.610837, 0.00231028, -0.0954048, -0.000862017, 0.167744, 2.06813, -0.00995894, 1.54309, -0.0888116, -0.059412, -0.500282, 0, 0, 0, 8, 0, 0, 0, 0.328666, -0.0132055, 0.504887, 0.486346, -0.0158237, 0.742576, 0.996195, -3.71201e-12, -0.0871557, -4.46982e-12, -1, -8.49977e-12, -0.0871557, 8.857e-12, -0.996195, 1
6.96, 2025-07-03__00-38-53.242112, -0.0473102, -0.406419, 0.0250897, -1.63712, -0.0198136, 1.10714, 0.710785, -0.00144167, 0.217209, 0.00313264, 0.615682, -0.000984273, -0.110225, 0.000764433, 0.228302, 1.77856, 0.0865846, 0.61628, -0.0544277, -0.118864, -0.515363, 0, 0, 0, 8, 0, 0, 0, 0.329586, -0.0132089, 0.506474, 0.486346, -0.0158237, 0.742576, 0.996195, -3.71201e-12, -0.0871557, -4.46982e-12, -1, -8.49977e-12, -0.0871557, 8.857e-12, -0.996195, 1
6.97, 2025-07-03__00-38-53.252110, -0.047295, -0.404368, 0.0251469, -1.6307, -0.0198078, 1.10614, 0.710781, 0.00526341, 0.203202, 0.00552583, 0.649558, 0.00200597, -0.100036, 0.00015466, 0.0493442, 4.38103, -0.126383, -3.20261, -0.120523, -0.415233, -0.515877, 0, 0, 0, 8, 0, 0, 0, 0.330538, -0.0131892, 0.508163, 0.486346, -0.0158237, 0.742576, 0.996195, -3.71201e-12, -0.0871557, -4.46982e-12, -1, -8.49977e-12, -0.0871557, 8.857e-12, -0.996195, 1
6.98, 2025-07-03__00-38-53.262112, -0.0472717, -0.402321, 0.0252165, -1.62435, -0.0197935, 1.10517, 0.710781, 0.00345584, 0.208175, 0.00620986, 0.617112, 7.45523e-05, -0.0924855, 0.000263618, 0.0445809, 4.59595, -0.13552, -7.02057, -0.0993022, -0.596089, -0.519165, 0, 0, 0, 8, 0, 0, 0, 0.331496, -0.0131571, 0.509869, 0.486346, -0.0158237, 0.742576, 0.996195, -3.71201e-12, -0.0871557, -4.46982e-12, -1, -8.49977e-12, -0.0871557, 8.857e-12, -0.996195, 1
6.99, 2025-07-03__00-38-53.272110, -0.0472639, -0.40018, 0.0252569, -1.61877, -0.0197946, 1.1043, 0.710785, 0.000910394, 0.203725, 0.00191604, 0.543887, 0.000227561, -0.0800733, 0.00135411, 0.131653, 4.09135, -0.0171241, -13.8811, -0.0653188, -0.717649, -0.528834, 0, 0, 0, 8, 0, 0, 0, 0.332387, -0.0131459, 0.511267, 0.486346, -0.0158237, 0.742576, 0.996195, -3.71201e-12, -0.0871557, -4.46982e-12, -1, -8.49977e-12, -0.0871557, 8.857e-12, -0.996195, 1
7, 2025-07-03__00-38-53.282112, -0.0472727, -0.398558, 0.025281, -1.61459, -0.0197388, 1.10379, 0.710779, 0.00163476, 0.140944, -0.000835634, 0.358889, 0.00598018, -0.0380631, -0.000888968, 0.1186, 3.81723, -0.0659631, -23.7541, -0.0657435, -0.853343, -0.51476, 0, 0, 0, 8, 0, 0, 0, 0.333129, -0.0131308, 0.512338, 0.486346, -0.0158237, 0.742576, 0.996195, -3.71201e-12, -0.0871557, -4.46982e-12, -1, -8.49977e-12, -0.0871557, 8.857e-12, -0.996195, 1
7.01, 2025-07-03__00-38-53.292114, -0.0472637, -0.397988, 0.0252929, -1.6131, -0.0196935, 1.10404, 0.710778, 0.00264782, 0.0314412, 0.000720742, 0.0671938, 0.00818315, 0.0442443, 0.000276529, 0.023444, 3.17468, -0.276093, -26.0176, -0.0332536, -1.0622, -0.519099, 0, 0, 0, 8, 0, 0, 0, 0.33357, -0.0131148, 0.512804, 0.486346, -0.0158237, 0.742576, 0.996195, -3.71201e-12, -0.0871557, -4.46982e-12, -1, -8.49977e-12, -0.0871557, 8.857e-12, -0.996195, 1
7.02, 2025-07-03__00-38-53.302110, -0.0472586, -0.398596, 0.0252815, -1.6148, -0.0196085, 1.10511, 0.71078, 0.001657, -0.0995441, -0.00216782, -0.253975, 0.0111881, 0.142143, 0.00049525, 0.0147968, 2.49675, -0.361005, -11.5629, 0.0126535, -1.26682, -0.515302, 0, 0, 0, 8, 0, 0, 0, 0.333627, -0.013094, 0.512486, 0.486346, -0.0158237, 0.742576, 0.996195, -3.71201e-12, -0.0871557, -4.46982e-12, -1, -8.49977e-12, -0.0871557, 8.857e-12, -0.996195, 1
7.03, 2025-07-03__00-38-53.312115, -0.0472683, -0.400831, 0.0252082, -1.62029, -0.0194782, 1.10738, 0.710784, -0.00134427, -0.232543, -0.0076681, -0.593693, 0.0171558, 0.207269, 0.00137312, 0.0838236, 1.14174, -0.344022, 10.4577, 0.0579858, -1.15493, -0.513223, 0, 0, 0, 8, 0, 0, 0, 0.333294, -0.0130788, 0.511324, 0.486346, -0.0158237, 0.742576, 0.996195, -3.71201e-12, -0.0871557, -4.46982e-12, -1, -8.49977e-12, -0.0871557, 8.857e-12, -0.996195, 1
7.04, 2025-07-03__00-38-53.322111, -0.0472794, -0.404027, 0.0250883, -1.62813, -0.0194115, 1.10915, 0.710778, -0.00140102, -0.334907, -0.00878696, -0.809296, 0.00865232, 0.158505, -0.000976884, 0.0984564, 0.441418, -0.385604, 23.2609, 0.154631, -0.331706, -0.490613, 0, 0, 0, 8, 0, 0, 0, 0.33228, -0.0130916, 0.509545, 0.486346, -0.0158237, 0.742576, 0.996195, -3.71201e-12, -0.0871557, -4.46982e-12, -1, -8.49977e-12, -0.0871557, 8.857e-12, -0.996195, 1
7.05, 2025-07-03__00-38-53.332111, -0.047286, -0.407698, 0.0249156, -1.63693, -0.0194054, 1.11035, 0.710784, -0.000742228, -0.360442, -0.0141693, -0.862675, -0.00150196, 0.103726, -0.00010273, 0.226788, -0.766422, -0.222183, 28.4317, 0.252151, 0.354037, -0.492442, 0, 0, 0, 8, 0, 0, 0, 0.33078, -0.0131376, 0.507472, 0.486346, -0.0158237, 0.742576, 0.996195, -3.71201e-12, -0.0871557, -4.46982e-12, -1, -8.49977e-12, -0.0871557, 8.857e-12, -0.996195, 1
7.06, 2025-07-03__00-38-53.342113, -0.047313, -0.410892, 0.0247789, -1.64506, -0.0194381, 1.11094, 0.710778, 0.000986338, -0.297236, -0.0120508, -0.788251, -0.00139149, 0.031212, -0.00117656, 0.274052, -3.60545, -0.183637, 29.8255, 0.255766, 0.987599, -0.482727, 0, 0, 0, 8, 0, 0, 0, 0.329227, -0.0131966, 0.50546, 0.486346, -0.0158237, 0.742576, 0.996195, -3.71201e-12, -0.0871557, -4.46982e-12, -1, -8.49977e-12, -0.0871557, 8.857e-12, -0.996195, 1
7.07, 2025-07-03__00-38-53.352114, -0.0473286, -0.413265, 0.0247313, -1.65153, -0.0194622, 1.11049, 0.710781, 0.000795172, -0.217203, -0.00103373, -0.59105, -0.00203323, -0.0696788, -0.00195528, 0.18723, -4.61239, -0.316251, 27.2943, 0.20427, 1.63429, -0.473441, 0, 0, 0, 8, 0, 0, 0, 0.327662, -0.0132071, 0.503706, 0.486346, -0.0158237, 0.742576, 0.996195, -3.71201e-12, -0.0871557, -4.46982e-12, -1, -8.49977e-12, -0.0871557, 8.857e-12, -0.996195, 1
7.08, 2025-07-03__00-38-53.362112, -0.0473093, -0.414733, 0.0247669, -1.65539, -0.0194958, 1.1093, 0.710777, 0.00453285, -0.122356, 0.0076754, -0.309092, -0.0071491, -0.131655, -0.00336123, 0.073951, -4.16948, -0.43802, 22.107, 0.15424, 1.83216, -0.461282, 0, 0, 0, 8, 0, 0, 0, 0.326362, -0.0131773, 0.502599, 0.486346, -0.0158237, 0.742576, 0.996195, -3.71201e-12, -0.0871557, -4.46982e-12, -1, -8.49977e-12, -0.0871557, 8.857e-12, -0.996195, 1
7.09, 2025-07-03__00-38-53.372110, -0.0472671, -0.414923, 0.024809, -1.65577, -0.0195742, 1.1076, 0.710781, 0.00518227, 0.0105777, 0.00526745, 0.0256166, -0.00927456, -0.187646, 8.1092e-05, 0.172193, -3.89129, -0.210005, 15.8193, 0.113952, 1.82166, -0.484305, 0, 0, 0, 8, 0, 0, 0, 0.325615, -0.0131559, 0.502364, 0.486346, -0.0158237, 0.742576, 0.996195, -3.71201e-12, -0.0871557, -4.46982e-12, -1, -8.49977e-12, -0.0871557, 8.857e-12, -0.996195, 1
7.1, 2025-07-03__00-38-53.382114, -0.0472893, -0.414155, 0.0248809, -1.65381, -0.0196078, 1.10568, 0.710782, -0.00318349, 0.0904563, 0.0117289, 0.237188, -0.00478735, -0.177896, 0.000345147, 0.19132, -3.32474, -0.155552, 11.4989, 0.0421946, 1.47907, -0.488853, 0, 0, 0, 8, 0, 0, 0, 0.325312, -0.013133, 0.502731, 0.486346, -0.0158237, 0.742576, 0.996195, -3.71201e-12, -0.0871557, -4.46982e-12, -1, -8.49977e-12, -0.0871557, 8.857e-12, -0.996195, 1
7.11, 2025-07-03__00-38-53.392113, -0.0472983, -0.41271, 0.0249747, -1.65008, -0.0196386, 1.10438, 0.710781, -0.000857795, 0.151275, 0.0115292, 0.408673, -0.00385072, -0.112306, 0.00102679, 0.169268, -2.19362, -0.129843, 7.53681, -0.00393109, 0.722736, -0.49757, 0, 0, 0, 8, 0, 0, 0, 0.325604, -0.0131134, 0.503567, 0.486346, -0.0158237, 0.742576, 0.996195, -3.71201e-12, -0.0871557, -4.46982e-12, -1, -8.49977e-12, -0.0871557, 8.857e-12, -0.996195, 1
7.12, 2025-07-03__00-38-53.402109, -0.0472664, -0.410971, 0.0250618, -1.64522, -0.0196432, 1.1034, 0.710777, 0.00377229, 0.17517, 0.00749861, 0.502697, -9.67806e-05, -0.0936478, -0.00200702, 0.145338, -0.579848, -0.101286, 4.70797, -0.0554963, 0.346358, -0.481838, 0, 0, 0, 8, 0, 0, 0, 0.326278, -0.013075, 0.504769, 0.486346, -0.0158237, 0.742576, 0.996195, -3.71201e-12, -0.0871557, -4.46982e-12, -1, -8.49977e-12, -0.0871557, 8.857e-12, -0.996195, 1
7.13, 2025-07-03__00-38-53.412116, -0.0472574, -0.40916, 0.025121, -1.63992, -0.0196283, 1.10245, 0.710779, 0.000353323, 0.183948, 0.00298823, 0.541186, 0.000962218, -0.0852115, -0.000830518, 0.225663, 0.698171, 0.0531253, 2.75976, -0.0611074, 0.101945, -0.492667, 0, 0, 0, 8, 0, 0, 0, 0.327037, -0.0130488, 0.506121, 0.486346, -0.0158237, 0.742576, 0.996195, -3.71201e-12, -0.0871557, -4.46982e-12, -1, -8.49977e-12, -0.0871557, 8.857e-12, -0.996195, 1
7.14, 2025-07-03__00-38-53.422116, -0.0472726, -0.407248, 0.0251562, -1.63418, -0.0196379, 1.10174, 0.710779, -0.0014725, 0.194486, 0.00806878, 0.582647, 0.000302259, -0.0651132, -0.00103661, 0.14133, 2.14757, -0.0542634, 0.0597608, -0.0830601, -0.258759, -0.497344, 0, 0, 0, 8, 0, 0, 0, 0.327961, -0.0130521, 0.507612, 0.486346, -0.0158237, 0.742576, 0.996195, -3.71201e-12, -0.0871557, -4.46982e-12, -1, -8.49977e-12, -0.0871557, 8.857e-12, -0.996195, 1
7.15, 2025-07-03__00-38-53.432115, -0.0472806, -0.405462, 0.025165, -1.6288, -0.0196249, 1.10112, 0.710783, 0.0016116, 0.199596, 0.00304227, 0.597389, 0.000542661, -0.0718677, 0.000240662, 0.160613, 3.2308, 0.0129928, -2.9133, -0.0884606, -0.38983, -0.5102, 0, 0, 0, 8, 0, 0, 0, 0.328945, -0.0130539, 0.509191, 0.486346, -0.0158237, 0.742576, 0.996195, -3.71201e-12, -0.0871557, -4.46982e-12, -1, -8.49977e-12, -0.0871557, 8.857e-12, -0.996195, 1
7.16, 2025-07-03__00-38-53.442118, -0.0472464, -0.403257, 0.025202, -1.62241, -0.0196186, 1.10036, 0.710781, 0.00509468, 0.19749, 0.00475186, 0.567386, 0.00101209, -0.0714597, -0.00638922, 0.0676727, 3.85717, -0.114062, -8.18351, -0.0999563, -0.531202, -0.473083, 0, 0, 0, 8, 0, 0, 0, 0.329908, -0.0130381, 0.510701, 0.486346, -0.0158237, 0.742576, 0.996195, -3.71201e-12, -0.0871557, -4.46982e-12, -1, -8.49977e-12, -0.0871557, 8.857e-12, -0.996195, 1
7.17, 2025-07-03__00-38-53.452116, -0.0472471, -0.401413, 0.025253, -1.61744, -0.0195999, 1.0999, 0.710776, -0.000446774, 0.181427, 0.00394657, 0.461489, 0.000613914, -0.0396843, -0.0015862, 0.130903, 3.21868, -0.0525598, -15.4748, -0.058856, -0.742492, -0.503808, 0, 0, 0, 8, 0, 0, 0, 0.330801, -0.0130224, 0.511988, 0.486346, -0.0158237, 0.742576, 0.996195, -3.71201e-12, -0.0871557, -4.46982e-12, -1, -8.49977e-12, -0.0871557, 8.857e-12, -0.996195, 1
7.18, 2025-07-03__00-38-53.462115, -0.0472393, -0.400203, 0.0252802, -1.61446, -0.019556, 1.09992, 0.710782, 0.00179453, 0.0932039, 0.000608184, 0.234825, 0.00455467, 0.0284151, 0.000261504, 0.0950677, 3.16361, -0.139561, -22.0557, -0.0433775, -0.983852, -0.51431, 0, 0, 0, 8, 0, 0, 0, 0.331489, -0.0130027, 0.512777, 0.486346, -0.0158237, 0.742576, 0.996195, -3.71201e-12, -0.0871557, -4.46982e-12, -1, -8.49977e-12, -0.0871557, 8.857e-12, -0.996195, 1
7.19, 2025-07-03__00-38-53.472113, -0.0472202, -0.400207, 0.0252794, -1.61428, -0.0195153, 1.10064, 0.710772, 0.00416244, -0.0306746, -0.000153791, -0.0558159, 0.00835516, 0.0967813, -0.0013355, 0.00245598, 3.14287, -0.332049, -17.7766, -0.0244401, -1.08149, -0.500982, 0, 0, 0, 8, 0, 0, 0, 0.331808, -0.0129927, 0.512948, 0.486346, -0.0158237, 0.742576, 0.996195, -3.71201e-12, -0.0871557, -4.46982e-12, -1, -8.49977e-12, -0.0871557, 8.857e-12, -0.996195, 1
7.2, 2025-07-03__00-38-53.482111, -0.0472286, -0.401254, 0.0252409, -1.61684, -0.0194547, 1.10211, 0.710781, -0.00113757, -0.119299, -0.00658775, -0.302672, 0.00766254, 0.147069, -0.000513562, 0.135955, 1.97821, -0.197867, -3.19417, 0.0571158, -1.06201, -0.503092, 0, 0, 0, 8, 0, 0, 0, 0.331803, -0.0129902, 0.512453, 0.486346, -0.0158237, 0.742576, 0.996195, -3.71201e-12, -0.0871557, -4.46982e-12, -1, -8.49977e-12, -0.0871557, 8.857e-12, -0.996195, 1
7.21, 2025-07-03__00-38-53.492114, -0.0472509, -0.403072, 0.0251701, -1.621, -0.0194529, 1.10328, 0.710776, -0.00336885, -0.196128, -0.00773285, -0.43826, 3.22345e-05, 0.0812906, -0.00103137, 0.159839, 2.3448, -0.194974, 8.39828, 0.130459, -0.33836, -0.496656, 0, 0, 0, 8, 0, 0, 0, 0.331354, -0.0130147, 0.511554, 0.486346, -0.0158237, 0.742576, 0.996195, -3.71201e-12, -0.0871557, -4.46982e-12, -1, -8.49977e-12, -0.0871557, 8.857e-12, -0.996195, 1
7.22, 2025-07-03__00-38-53.502111, -0.0472672, -0.404938, 0.0250654, -1.62546, -0.0194722, 1.1032, 0.710783, -0.00098068, -0.167291, -0.00677592, -0.419363, -0.00252809, -0.0200757, 0.000739534, 0.184167, 0.515169, -0.182419, 14.2918, 0.151545, 0.486067, -0.505125, 0, 0, 0, 8, 0, 0, 0, 0.330369, -0.0130565, 0.510484, 0.486346, -0.0158237, 0.742576, 0.996195, -3.71201e-12, -0.0871557, -4.46982e-12, -1, -8.49977e-12, -0.0871557, 8.857e-12, -0.996195, 1
7.23, 2025-07-03__00-38-53.512114, -0.047288, -0.405934, 0.0249762, -1.62837, -0.0195278, 1.10245, 0.710778, -0.00288948, -0.0751077, -0.00338055, -0.229227, -0.000217564, -0.0948896, -0.00187195, 0.231644, -0.656827, -0.0994587, 13.5644, 0.109566, 0.868448, -0.490772, 0, 0, 0, 8, 0, 0, 0, 0.329469, -0.0130979, 0.509625, 0.486346, -0.0158237, 0.742576, 0.996195, -3.71201e-12, -0.0871557, -4.46982e-12, -1, -8.49977e-12, -0.0871557, 8.857e-12, -0.996195, 1
7.24, 2025-07-03__00-38-53.522111, -0.0472892, -0.405889, 0.0249722, -1.62888, -0.0195292, 1.10089, 0.710782, 0.000878565, 0.027644, 0.000231309, 0.00271412, 0.000724803, -0.177074, -0.000167626, 0.205532, -1.21584, -0.0973697, 9.95853, 0.0504998, 1.20529, -0.499879, 0, 0, 0, 8, 0, 0, 0, 0.328832, -0.0130938, 0.509297, 0.486346, -0.0158237, 0.742576, 0.996195, -3.71201e-12, -0.0871557, -4.46982e-12, -1, -8.49977e-12, -0.0871557, 8.857e-12, -0.996195, 1
7.25, 2025-07-03__00-38-53.532114, -0.0472574, -0.40518, 0.0250504, -1.62766, -0.0195313, 1.09895, 0.710781, 0.00500503, 0.0776438, 0.00944014, 0.150041, 0.000376912, -0.184674, 0.00240523, 0.0389697, -0.792934, -0.320518, 6.27836, -0.00907998, 1.11339, -0.512546, 0, 0, 0, 8, 0, 0, 0, 0.328412, -0.0130449, 0.509401, 0.486346, -0.0158237, 0.742576, 0.996195, -3.71201e-12, -0.0871557, -4.46982e-12, -1, -8.49977e-12, -0.0871557, 8.857e-12, -0.996195, 1
7.26, 2025-07-03__00-38-53.542112, -0.0472153, -0.403967, 0.0251604, -1.62534, -0.0195195, 1.09771, 0.710781, 0.00436195, 0.129041, 0.0117023, 0.253327, 0.00213204, -0.107612, 0.000715747, 0.0286156, -1.04663, -0.319103, 2.59402, -0.0380016, 0.431882, -0.501245, 0, 0, 0, 8, 0, 0, 0, 0.328475, -0.0129814, 0.509798, 0.486346, -0.0158237, 0.742576, 0.996195, -3.71201e-12, -0.0871557, -4.46982e-12, -1, -8.49977e-12, -0.0871557, 8.857e-12, -0.996195, 1
7.27, 2025-07-03__00-38-53.552112, -0.0471983, -0.402595, 0.0252316, -1.62255, -0.0195152, 1.09688, 0.710778, 0.000558847, 0.141997, 0.0087505, 0.272409, 8.75804e-06, -0.0845869, -0.000898762, 0.12064, -1.06022, -0.174868, -0.769772, -0.0115252, 0.207305, -0.491273, 0, 0, 0, 8, 0, 0, 0, 0.328828, -0.0129467, 0.510361, 0.486346, -0.0158237, 0.742576, 0.996195, -3.71201e-12, -0.0871557, -4.46982e-12, -1, -8.49977e-12, -0.0871557, 8.857e-12, -0.996195, 1
7.28, 2025-07-03__00-38-53.562114, -0.0472133, -0.401415, 0.0252705, -1.62, -0.0195147, 1.09632, 0.710779, -0.00222504, 0.115041, 0.00339763, 0.24941, -0.00100193, -0.0431564, -0.00241557, 0.202213, 0.0238114, -0.0360354, -4.82579, 0.00770507, -0.0930023, -0.484277, 0, 0, 0, 8, 0, 0, 0, 0.329204, -0.0129374, 0.510906, 0.486346, -0.0158237, 0.742576, 0.996195, -3.71201e-12, -0.0871557, -4.46982e-12, -1, -8.49977e-12, -0.0871557, 8.857e-12, -0.996195, 1
7.29, 2025-07-03__00-38-53.572110, -0.0472162, -0.400522, 0.0252674, -1.61799, -0.0195009, 1.09627, 0.710783, -0.00636671, 0.0847857, 0.000252277, 0.173905, 0.00152504, 0.00480451, 0.00118185, 0.271305, 0.185473, 0.0556623, -7.92352, 0.0183538, -0.374719, -0.508222, 0, 0, 0, 8, 0, 0, 0, 0.329637, -0.0129447, 0.511388, 0.486346, -0.0158237, 0.742576, 0.996195, -3.71201e-12, -0.0871557, -4.46982e-12, -1, -8.49977e-12, -0.0871557, 8.857e-12, -0.996195, 1
7.3, 2025-07-03__00-38-53.582111, -0.0472123, -0.399948, 0.0252652, -1.61717, -0.0194885, 1.09639, 0.710777, -0.00100165, 0.0399944, -0.000216493, 0.0515587, -0.000387738, 0.00748296, -0.0059842, 0.201872, -0.196442, -0.0675088, -7.77031, 0.0447744, -0.240797, -0.462579, 0, 0, 0, 8, 0, 0, 0, 0.329927, -0.012943, 0.511548, 0.486346, -0.0158237, 0.742576, 0.996195, -3.71201e-12, -0.0871557, -4.46982e-12, -1, -8.49977e-12, -0.0871557, 8.857e-12, -0.996195, 1
7.31, 2025-07-03__00-38-53.592113, -0.0471966, -0.400112, 0.0252677, -1.61757, -0.0194913, 1.09667, 0.71078, 0.00154509, -0.0301605, -0.000981516, -0.0625049, -1.80182e-05, 0.0258524, -0.0030539, 0.132114, 0.753429, -0.178166, -5.07407, 0.0479571, -0.20395, -0.479082, 0, 0, 0, 8, 0, 0, 0, 0.329964, -0.0129389, 0.511484, 0.486346, -0.0158237, 0.742576, 0.996195, -3.71201e-12, -0.0871557, -4.46982e-12, -1, -8.49977e-12, -0.0871557, 8.857e-12, -0.996195, 1
7.32, 2025-07-03__00-38-53.602113, -0.0472043, -0.400559, 0.0252512, -1.61883, -0.0194935, 1.09693, 0.710781, -0.00193105, -0.0431208, -0.000217477, -0.137786, -0.00139136, 0.0210206, 0.00029914, 0.175869, -0.453695, -0.153479, -0.136328, 0.0850895, -0.0310941, -0.497933, 0, 0, 0, 8, 0, 0, 0, 0.329811, -0.0129462, 0.511189, 0.486346, -0.0158237, 0.742576, 0.996195, -3.71201e-12, -0.0871557, -4.46982e-12, -1, -8.49977e-12, -0.0871557, 8.857e-12, -0.996195, 1
7.33, 2025-07-03__00-38-53.612112, -0.0472294, -0.401121, 0.0252164, -1.62036, -0.0195068, 1.09686, 0.710781, -0.00404621, -0.0668133, -0.00223541, -0.15439, -0.000533714, -0.0159045, -0.00726358, 0.218637, 0.0128984, -0.0889478, 2.97708, 0.0843239, 0.304622, -0.451936, 0, 0, 0, 8, 0, 0, 0, 0.329476, -0.0129678, 0.510784, 0.486346, -0.0158237, 0.742576, 0.996195, -3.71201e-12, -0.0871557, -4.46982e-12, -1, -8.49977e-12, -0.0871557, 8.857e-12, -0.996195, 1
7.34, 2025-07-03__00-38-53.622112, -0.0472476, -0.401694, 0.0252107, -1.62151, -0.0195127, 1.09665, 0.710779, 0.000399938, -0.055088, 0.000672191, -0.101605, 0.000511012, -0.0292232, -0.00164049, 0.127256, 0.371534, -0.21043, 3.72723, 0.0484848, 0.364969, -0.485645, 0, 0, 0, 8, 0, 0, 0, 0.329124, -0.0129743, 0.51052, 0.486346, -0.0158237, 0.742576, 0.996195, -3.71201e-12, -0.0871557, -4.46982e-12, -1, -8.49977e-12, -0.0871557, 8.857e-12, -0.996195, 1
7.35, 2025-07-03__00-38-53.632111, -0.0472417, -0.401782, 0.0252367, -1.62202, -0.0195144, 1.0964, 0.710777, 0.0026263, 0.00185109, 0.00489782, -0.0291399, 0.000206088, -0.0271434, -0.000995992, 0.0869289, -1.03538, -0.278607, 3.75963, 0.0380677, 0.279458, -0.487982, 0, 0, 0, 8, 0, 0, 0, 0.328923, -0.0129652, 0.510335, 0.486346, -0.0158237, 0.742576, 0.996195, -3.71201e-12, -0.0871557, -4.46982e-12, -1, -8.49977e-12, -0.0871557, 8.857e-12, -0.996195, 1
7.36, 2025-07-03__00-38-53.642113, -0.0472144, -0.401598, 0.025254, -1.62191, -0.0195039, 1.0962, 0.710782, 0.000737991, 0.0113064, 0.00164709, 0.0176965, 0.00137915, -0.0223845, 0.00108086, 0.154347, -0.569421, -0.1572, 2.53551, 0.0295796, 0.190907, -0.500232, 0, 0, 0, 8, 0, 0, 0, 0.328895, -0.0129452, 0.510293, 0.486346, -0.0158237, 0.742576, 0.996195, -3.71201e-12, -0.0871557, -4.46982e-12, -1, -8.49977e-12, -0.0871557, 8.857e-12, -0.996195, 1
7.37, 2025-07-03__00-38-53.652111, -0.0471967, -0.401412, 0.025278, -1.62154, -0.0195096, 1.09605, 0.710781, 0.000838751, 0.0220677, 0.0022411, 0.042937, -0.000524407, -0.0145853, 0.000475607, 0.14957, -0.529697, -0.159238, 1.52034, 0.0367128, 0.0975395, -0.496187, 0, 0, 0, 8, 0, 0, 0, 0.328919, -0.01293, 0.510363, 0.486346, -0.0158237, 0.742576, 0.996195, -3.71201e-12, -0.0871557, -4.46982e-12, -1, -8.49977e-12, -0.0871557, 8.857e-12, -0.996195, 1
7.38, 2025-07-03__00-38-53.662112, -0.0472013, -0.401094, 0.0252855, -1.62101, -0.0195056, 1.09602, 0.710774, -0.000240663, 0.0324647, 0.00175372, 0.054579, 0.000477429, -0.00203788, -0.010854, 0.174115, -0.736124, -0.122279, 0.574749, 0.0341032, -0.0176962, -0.427702, 0, 0, 0, 8, 0, 0, 0, 0.329032, -0.0129263, 0.51045, 0.486346, -0.0158237, 0.742576, 0.996195, -3.71201e-12, -0.0871557, -4.46982e-12, -1, -8.49977e-12, -0.0871557, 8.857e-12, -0.996195, 1
7.39, 2025-07-03__00-38-53.672111, -0.0471958, -0.400836, 0.0252952, -1.62044, -0.0195038, 1.096, 0.710779, 0.00179596, 0.0241336, 0.00276465, 0.0560516, 6.12949e-05, 0.000426299, -0.00116642, 0.123183, -0.201603, -0.189353, -0.629876, 0.0248929, -0.0538825, -0.486644, 0, 0, 0, 8, 0, 0, 0, 0.329161, -0.0129221, 0.510579, 0.486346, -0.0158237, 0.742576, 0.996195, -3.71201e-12, -0.0871557, -4.46982e-12, -1, -8.49977e-12, -0.0871557, 8.857e-12, -0.996195, 1
7.4, 2025-07-03__00-38-53.682113, -0.0471843, -0.40066, 0.0253047, -1.61998, -0.0194997, 1.09602, 0.710781, 0.000494899, 0.0164265, 0.00274336, 0.0446534, -5.74167e-05, 0.00260812, 0.000742938, 0.129309, 0.0211642, -0.181031, -1.34152, 0.0280103, -0.0690244, -0.498133, 0, 0, 0, 8, 0, 0, 0, 0.329269, -0.0129137, 0.510696, 0.486346, -0.0158237, 0.742576, 0.996195, -3.71201e-12, -0.0871557, -4.46982e-12, -1, -8.49977e-12, -0.0871557, 8.857e-12, -0.996195, 1
7.41, 2025-07-03__00-38-53.692114, -0.047187, -0.400564, 0.0252949, -1.61974, -0.0194987, 1.09603, 0.710779, -0.00112034, 0.00571051, -0.00182903, 0.0183815, 0.000400939, -0.000219366, 0.000324233, 0.212024, 0.0145108, -0.056218, -1.31623, 0.0438039, -0.0196288, -0.496038, 0, 0, 0, 8, 0, 0, 0, 0.329333, -0.0129207, 0.510759, 0.486346, -0.0158237, 0.742576, 0.996195, -3.71201e-12, -0.0871557, -4.46982e-12, -1, -8.49977e-12, -0.0871557, 8.857e-12, -0.996195, 1
7.42, 2025-07-03__00-38-53.702112, -0.0471992, -0.400609, 0.0252808, -1.61974, -0.0195037, 1.09601, 0.710786, -0.000435281, -0.00552704, -0.0014444, -0.00188623, -0.000757178, -0.000578164, 0.0039954, 0.194493, 0.136116, -0.0857692, -1.00661, 0.0510071, 0.0115898, -0.519216, 0, 0, 0, 8, 0, 0, 0, 0.32932, -0.0129313, 0.510781, 0.486346, -0.0158237, 0.742576, 0.996195, -3.71201e-12, -0.0871557, -4.46982e-12, -1, -8.49977e-12, -0.0871557, 8.857e-12, -0.996195, 1
7.43, 2025-07-03__00-38-53.712113, -0.0472126, -0.40066, 0.0252678, -1.61985, -0.0195044, 1.09601, 0.710778, -0.000991523, -0.0058873, -0.000663106, -0.0113749, -0.00515184, -0.000518195, -0.000696834, 0.201342, -0.073023, -0.084232, -0.536033, 0.0828784, 0.0283267, -0.490748, 0, 0, 0, 8, 0, 0, 0, 0.329294, -0.0129374, 0.510757, 0.486346, -0.0158237, 0.742576, 0.996195, -3.71201e-12, -0.0871557, -4.46982e-12, -1, -8.49977e-12, -0.0871557, 8.857e-12, -0.996195, 1
7.44, 2025-07-03__00-38-53.722112, -0.047211, -0.400745, 0.0252597, -1.61994, -0.0195037, 1.09599, 0.71078, -0.00390793, -0.0108186, -0.00100738, -0.0109681, -7.29081e-05, -0.000646198, -0.00154149, 0.224925, 0.173146, -0.0486849, -0.485498, 0.0528268, 0.0312182, -0.486212, 0, 0, 0, 8, 0, 0, 0, 0.329263, -0.0129381, 0.51075, 0.486346, -0.0158237, 0.742576, 0.996195, -3.71201e-12, -0.0871557, -4.46982e-12, -1, -8.49977e-12, -0.0871557, 8.857e-12, -0.996195, 1
7.45, 2025-07-03__00-38-53.732114, -0.0472119, -0.400787, 0.0252624, -1.62002, -0.0195043, 1.09599, 0.710783, -0.00129502, -0.00440641, 0.00161991, -0.00824064, -0.000157271, 0.000443162, 0.0010541, 0.161832, -0.0864976, -0.146844, -0.270884, 0.0439487, 0.0217675, -0.501662, 0, 0, 0, 8, 0, 0, 0, 0.329239, -0.0129412, 0.510735, 0.486346, -0.0158237, 0.742576, 0.996195, -3.71201e-12, -0.0871557, -4.46982e-12, -1, -8.49977e-12, -0.0871557, 8.857e-12, -0.996195, 1
7.46, 2025-07-03__00-38-53.742113, -0.0472119, -0.400796, 0.0252621, -1.62006, -0.019506, 1.096, 0.710783, -0.000626204, 0.00168125, 0.00091449, -0.00146137, -0.00707847, -0.000327557, 0.00121391, 0.183607, -0.247917, -0.114345, -0.24519, 0.0912209, 0.0180895, -0.502613, 0, 0, 0, 8, 0, 0, 0, 0.329233, -0.0129414, 0.510721, 0.486346, -0.0158237, 0.742576, 0.996195, -3.71201e-12, -0.0871557, -4.46982e-12, -1, -8.49977e-12, -0.0871557, 8.857e-12, -0.996195, 1
7.47, 2025-07-03__00-38-53.752111, -0.047203, -0.40082, 0.0252673, -1.62007, -0.0195029, 1.09599, 0.710778, 0.00496536, -0.000416857, 0.000637017, -0.00236468, -8.7728e-05, 0.000160325, -0.00175556, 0.107442, -0.151869, -0.21489, -0.25363, 0.034025, 0.0163056, -0.483707, 0, 0, 0, 8, 0, 0, 0, 0.329226, -0.012935, 0.510728, 0.486346, -0.0158237, 0.742576, 0.996195, -3.71201e-12, -0.0871557, -4.46982e-12, -1, -8.49977e-12, -0.0871557, 8.857e-12, -0.996195, 1
7.48, 2025-07-03__00-38-53.762113, -0.0471989, -0.400796, 0.0252748, -1.62006, -0.019503, 1.09599, 0.710779, 0.000992182, 0.0021455, 0.000158796, 0.000162771, 9.29623e-06, 7.60048e-05, -0.00354967, 0.161558, -0.233065, -0.140037, -0.282889, 0.0426096, 0.0137654, -0.472846, 0, 0, 0, 8, 0, 0, 0, 0.329234, -0.0129326, 0.510726, 0.486346, -0.0158237, 0.742576, 0.996195, -3.71201e-12, -0.0871557, -4.46982e-12, -1, -8.49977e-12, -0.0871557, 8.857e-12, -0.996195, 1
7.49, 2025-07-03__00-38-53.772110, -0.0471984, -0.400792, 0.0252786, -1.62007, -0.0194997, 1.09599, 0.710782, 0.00123694, 0.000282384, -0.00172399, -0.00209911, 0.000122119, -0.000921862, 0.000173016, 0.186214, -0.198194, -0.0991044, -0.240118, 0.0459851, 0.0245467, -0.495375, 0, 0, 0, 8, 0, 0, 0, 0.329234, -0.0129293, 0.510721, 0.486346, -0.0158237, 0.742576, 0.996195, -3.71201e-12, -0.0871557, -4.46982e-12, -1, -8.49977e-12, -0.0871557, 8.857e-12, -0.996195, 1
7.5, 2025-07-03__00-38-53.782115, -0.0471923, -0.400786, 0.0252926, -1.62008, -0.0195024, 1.09599, 0.710781, 0.000996628, -0.00121492, 0.00146895, -0.000504494, 8.08597e-05, -0.000391641, -0.000434718, 0.136194, -0.0924437, -0.178857, -0.297092, 0.0373907, 0.0191248, -0.491019, 0, 0, 0, 8, 0, 0, 0, 0.329229, -0.0129261, 0.510709, 0.486346, -0.0158237, 0.742576, 0.996195, -3.71201e-12, -0.0871557, -4.46982e-12, -1, -8.49977e-12, -0.0871557, 8.857e-12, -0.996195, 1
7.51, 2025-07-03__00-38-53.792113, -0.0471874, -0.400779, 0.0252962, -1.62008, -0.0194992, 1.09599, 0.710775, 0.000881205, -0.00139712, 0.000383386, -0.00063363, 1.05885e-05, -0.000204965, -0.00157958, 0.153771, -0.0905072, -0.150335, -0.296958, 0.0408615, 0.0183582, -0.483526, 0, 0, 0, 8, 0, 0, 0, 0.329231, -0.01292, 0.510706, 0.486346, -0.0158237, 0.742576, 0.996195, -3.71201e-12, -0.0871557, -4.46982e-12, -1, -8.49977e-12, -0.0871557, 8.857e-12, -0.996195, 1
7.52, 2025-07-03__00-38-53.802112, -0.0471923, -0.400778, 0.025296, -1.62008, -0.019503, 1.096, 0.710784, 0.00110098, -0.000137385, 0.000284064, 0.000578865, 5.93178e-05, 4.831e-05, 0.00294045, 0.154134, -0.123377, -0.149813, -0.30386, 0.0405023, 0.0142349, -0.511631, 0, 0, 0, 8, 0, 0, 0, 0.329234, -0.0129231, 0.510707, 0.486346, -0.0158237, 0.742576, 0.996195, -3.71201e-12, -0.0871557, -4.46982e-12, -1, -8.49977e-12, -0.0871557, 8.857e-12, -0.996195, 1
7.53, 2025-07-03__00-38-53.812116, -0.0471934, -0.400784, 0.0252864, -1.62007, -0.019503, 1.09599, 0.710781, -0.000127033, -0.00084265, -0.000915725, 0.000142642, 7.72661e-06, -6.11425e-05, 0.000518152, 0.186603, -0.0978156, -0.100631, -0.326291, 0.0460638, 0.0156428, -0.497268, 0, 0, 0, 8, 0, 0, 0, 0.329231, -0.0129231, 0.510713, 0.486346, -0.0158237, 0.742576, 0.996195, -3.71201e-12, -0.0871557, -4.46982e-12, -1, -8.49977e-12, -0.0871557, 8.857e-12, -0.996195, 1
7.54, 2025-07-03__00-38-53.822112, -0.047192, -0.400784, 0.0252832, -1.62007, -0.0195024, 1.09599, 0.710777, -0.000611034, 0.000824169, -0.00121876, 0.00121683, 0.000166225, -0.000172906, 0.00417387, 0.198577, -0.156846, -0.0833744, -0.319375, 0.0471172, 0.0148011, -0.519306, 0, 0, 0, 8, 0, 0, 0, 0.329234, -0.0129238, 0.510715, 0.486346, -0.0158237, 0.742576, 0.996195, -3.71201e-12, -0.0871557, -4.46982e-12, -1, -8.49977e-12, -0.0871557, 8.857e-12, -0.996195, 1
7.55, 2025-07-03__00-38-53.832113, -0.0471942, -0.400784, 0.025278, -1.62006, -0.0195037, 1.09599, 0.71078, 0.000542629, 0.00108404, -0.000940263, 0.000676969, -0.00016873, 0.00030007, -0.003028, 0.182171, -0.176686, -0.106906, -0.31889, 0.0468335, 0.0119627, -0.475986, 0, 0, 0, 8, 0, 0, 0, 0.32923, -0.0129298, 0.510715, 0.486346, -0.0158237, 0.742576, 0.996195, -3.71201e-12, -0.0871557, -4.46982e-12, -1, -8.49977e-12, -0.0871557, 8.857e-12, -0.996195, 1
7.56, 2025-07-03__00-38-53.842112, -0.0471994, -0.400797, 0.0252737, -1.62007, -0.019505, 1.096, 0.710778, -0.000607361, -0.00199118, 0.000618499, -3.06939e-05, -0.000412909, 0.000405214, 0.000698934, 0.168955, -0.0367174, -0.13038, -0.348957, 0.0453167, 0.0116074, -0.498751, 0, 0, 0, 8, 0, 0, 0, 0.32923, -0.012935, 0.510714, 0.486346, -0.0158237, 0.742576, 0.996195, -3.71201e-12, -0.0871557, -4.46982e-12, -1, -8.49977e-12, -0.0871557, 8.857e-12, -0.996195, 1
7.57, 2025-07-03__00-38-53.852112, -0.0472109, -0.400804, 0.0252659, -1.62007, -0.0195043, 1.09599, 0.710779, 0.000401587, -0.000110194, 1.51182e-05, -0.000388968, -0.000173841, -5.99026e-05, 5.93545e-05, 0.169813, -0.136005, -0.12781, -0.298032, 0.0442707, 0.0156621, -0.495336, 0, 0, 0, 8, 0, 0, 0, 0.329227, -0.0129402, 0.510719, 0.486346, -0.0158237, 0.742576, 0.996195, -3.71201e-12, -0.0871557, -4.46982e-12, -1, -8.49977e-12, -0.0871557, 8.857e-12, -0.996195, 1
7.58, 2025-07-03__00-38-53.862114, -0.0472033, -0.400804, 0.0252709, -1.62006, -0.0195047, 1.096, 0.710779, 0.00105388, -0.000743436, 0.00129154, 0.00083373, -0.000334173, -7.06042e-05, 0.000797041, 0.140991, -0.0699695, -0.171063, -0.36554, 0.0400913, 0.0128179, -0.49943, 0, 0, 0, 8, 0, 0, 0, 0.329233, -0.0129354, 0.510723, 0.486346, -0.0158237, 0.742576, 0.996195, -3.71201e-12, -0.0871557, -4.46982e-12, -1, -8.49977e-12, -0.0871557, 8.857e-12, -0.996195, 1
7.59, 2025-07-03__00-38-53.872113, -0.0471983, -0.400801, 0.0252737, -1.62007, -0.0195015, 1.09599, 0.710782, -0.000259174, 0.000182684, 2.86013e-05, -0.00194332, 0.000362453, -0.000575235, 0.00184819, 0.176017, -0.185968, -0.120139, -0.247721, 0.0426424, 0.0215392, -0.505726, 0, 0, 0, 8, 0, 0, 0, 0.329232, -0.0129303, 0.510723, 0.486346, -0.0158237, 0.742576, 0.996195, -3.71201e-12, -0.0871557, -4.46982e-12, -1, -8.49977e-12, -0.0871557, 8.857e-12, -0.996195, 1
7.6, 2025-07-03__00-38-53.882115, -0.0472004, -0.400799, 0.0252762, -1.62008, -0.0195037, 1.09599, 0.710776, 0.0018886, 0.00097621, -9.70001e-05, -0.000579536, -0.000279286, -0.000684097, -0.00101751, 0.154856, -0.19735, -0.147927, -0.248535, 0.0431912, 0.020847, -0.487966, 0, 0, 0, 8, 0, 0, 0, 0.329226, -0.0129296, 0.510715, 0.486346, -0.0158237, 0.742576, 0.996195, -3.71201e-12, -0.0871557, -4.46982e-12, -1, -8.49977e-12, -0.0871557, 8.857e-12, -0.996195, 1
7.61, 2025-07-03__00-38-53.892093, -0.0471977, -0.400801, 0.0252734, -1.62008, -0.0195024, 1.09599, 0.710779, 0.00024717, -0.000358155, -0.00114302, 0.000565129, 0.000458293, 0.000328527, 0.000509442, 0.186603, -0.109003, -0.099538, -0.31073, 0.0429454, 0.0122254, -0.497589, 0, 0, 0, 8, 0, 0, 0, 0.329227, -0.01293, 0.510714, 0.486346, -0.0158237, 0.742576, 0.996195, -3.71201e-12, -0.0871557, -4.46982e-12, -1, -8.49977e-12, -0.0871557, 8.857e-12, -0.996195, 1
7.62, 2025-07-03__00-38-53.902112, -0.0471948, -0.400796, 0.0252851, -1.62006, -0.019503, 1.09599, 0.710782, 0.000240814, -0.000108617, 0.000646761, 0.000821653, 0.000187285, 0.000151691, 0.00042311, 0.158641, -0.108579, -0.14492, -0.350066, 0.0402083, 0.0122012, -0.496735, 0, 0, 0, 8, 0, 0, 0, 0.32923, -0.0129249, 0.51072, 0.486346, -0.0158237, 0.742576, 0.996195, -3.71201e-12, -0.0871557, -4.46982e-12, -1, -8.49977e-12, -0.0871557, 8.857e-12, -0.996195, 1
7.63, 2025-07-03__00-38-53.912114, -0.0471892, -0.400783, 0.0252884, -1.62007, -0.0195024, 1.09599, 0.710774, 0.00129798, 0.00193499, -0.00130238, -0.00248601, 0.000310005, -6.77075e-07, -0.00140629, 0.179268, -0.290123, -0.111074, -0.193884, 0.0448202, 0.0190876, -0.484943, 0, 0, 0, 8, 0, 0, 0, 0.329231, -0.0129208, 0.510713, 0.486346, -0.0158237, 0.742576, 0.996195, -3.71201e-12, -0.0871557, -4.46982e-12, -1, -8.49977e-12, -0.0871557, 8.857e-12, -0.996195, 1
7.64, 2025-07-03__00-38-53.922109, -0.0471956, -0.400786, 0.0252906, -1.62009, -0.019503, 1.09599, 0.710775, -0.00325467, -0.000290804, -0.000164676, -0.00224287, -0.000105716, 7.48304e-05, -0.00125955, 0.212119, -0.185964, -0.070904, -0.209276, 0.0521232, 0.0191218, -0.486177, 0, 0, 0, 8, 0, 0, 0, 0.329229, -0.0129213, 0.510709, 0.486346, -0.0158237, 0.742576, 0.996195, -3.71201e-12, -0.0871557, -4.46982e-12, -1, -8.49977e-12, -0.0871557, 8.857e-12, -0.996195, 1
7.65, 2025-07-03__00-38-53.932113, -0.0471968, -0.40079, 0.0252879, -1.62009, -0.019503, 1.09599, 0.710777, -0.0014346, -0.000621771, 0.000529236, 0.00130837, 0.000204806, -0.000205821, 0.00063728, 0.179004, -0.0878436, -0.11673, -0.314857, 0.043234, 0.0156464, -0.497794, 0, 0, 0, 8, 0, 0, 0, 0.329226, -0.012926, 0.510703, 0.486346, -0.0158237, 0.742576, 0.996195, -3.71201e-12, -0.0871557, -4.46982e-12, -1, -8.49977e-12, -0.0871557, 8.857e-12, -0.996195, 1
7.66, 2025-07-03__00-38-53.942113, -0.0471913, -0.400785, 0.02529, -1.62007, -0.0195024, 1.09599, 0.710779, -0.000538337, 0.00192766, 0.00164251, 0.00283942, 0.000179787, 0.00445719, 8.2529e-05, 0.153581, -0.171726, -0.156023, -0.346611, 0.0396597, -0.0195626, -0.494329, 0, 0, 0, 8, 0, 0, 0, 0.32923, -0.0129252, 0.510714, 0.486346, -0.0158237, 0.742576, 0.996195, -3.71201e-12, -0.0871557, -4.46982e-12, -1, -8.49977e-12, -0.0871557, 8.857e-12, -0.996195, 1
7.67, 2025-07-03__00-38-53.952111, -0.0471942, -0.400785, 0.0252854, -1.62007, -0.0194998, 1.09599, 0.710781, 0.00142831, 0.000179187, 0.000635216, -0.00112686, 0.00011735, -1.30141e-05, -0.000717685, 0.146573, -0.171475, -0.162046, -0.269668, 0.0392957, 0.0170226, -0.489497, 0, 0, 0, 8, 0, 0, 0, 0.32923, -0.0129263, 0.510714, 0.486346, -0.0158237, 0.742576, 0.996195, -3.71201e-12, -0.0871557, -4.46982e-12, -1, -8.49977e-12, -0.0871557, 8.857e-12, -0.996195, 1
7.68, 2025-07-03__00-38-53.962114, -0.0471969, -0.40079, 0.0252798, -1.62008, -0.0195017, 1.09599, 0.710779, -0.000170478, 0.000335187, -0.00109295, -0.00131088, 0.000462034, -0.000372456, -0.000347308, 0.191535, -0.188389, -0.0943349, -0.241655, 0.0446599, 0.0201987, -0.492118, 0, 0, 0, 8, 0, 0, 0, 0.329228, -0.0129302, 0.510711, 0.486346, -0.0158237, 0.742576, 0.996195, -3.71201e-12, -0.0871557, -4.46982e-12, -1, -8.49977e-12, -0.0871557, 8.857e-12, -0.996195, 1
7.69, 2025-07-03__00-38-53.972123, -0.0471994, -0.400798, 0.0252748, -1.62009, -0.0195043, 1.09599, 0.710777, 0.00134119, -0.000822244, -0.000505021, -0.00114048, -5.69964e-05, 0.000242616, -0.00665072, 0.164773, -0.126251, -0.132233, -0.254138, 0.0432355, 0.015955, -0.453998, 0, 0, 0, 8, 0, 0, 0, 0.329225, -0.0129309, 0.51071, 0.486346, -0.0158237, 0.742576, 0.996195, -3.71201e-12, -0.0871557, -4.46982e-12, -1, -8.49977e-12, -0.0871557, 8.857e-12, -0.996195, 1
7.7, 2025-07-03__00-38-53.982094, -0.0472008, -0.400798, 0.025266, -1.62007, -0.019503, 1.09599, 0.71078, 0.000219485, 0.000636131, -0.000805193, 0.000463601, 0.00245194, -7.96232e-05, -0.00662088, 0.179395, -0.156188, -0.111005, -0.305393, 0.0294103, 0.0150176, -0.45473, 0, 0, 0, 8, 0, 0, 0, 0.329227, -0.0129356, 0.510719, 0.486346, -0.0158237, 0.742576, 0.996195, -3.71201e-12, -0.0871557, -4.46982e-12, -1, -8.49977e-12, -0.0871557, 8.857e-12, -0.996195, 1
7.71, 2025-07-03__00-38-53.992112, -0.0471981, -0.400801, 0.0252737, -1.62006, -0.019503, 1.09599, 0.71078, 0.000817463, 1.10322e-05, 0.000968122, 0.00129933, 0.000280244, -0.000249443, -0.000206327, 0.14794, -0.100859, -0.160361, -0.360884, 0.0374976, 0.0140845, -0.493176, 0, 0, 0, 8, 0, 0, 0, 0.329228, -0.0129347, 0.510718, 0.486346, -0.0158237, 0.742576, 0.996195, -3.71201e-12, -0.0871557, -4.46982e-12, -1, -8.49977e-12, -0.0871557, 8.857e-12, -0.996195, 1
7.72, 2025-07-03__00-38-54.002110, -0.0471952, -0.400803, 0.0252783, -1.62008, -0.0195037, 1.09599, 0.710779, 0.00602253, -0.00025341, 0.000744916, -0.0021409, -0.000221306, -7.30299e-07, 0.00023, 0.0931801, -0.163578, -0.234642, -0.235043, 0.0327593, 0.0180708, -0.495206, 0, 0, 0, 8, 0, 0, 0, 0.329228, -0.0129301, 0.510718, 0.486346, -0.0158237, 0.742576, 0.996195, -3.71201e-12, -0.0871557, -4.46982e-12, -1, -8.49977e-12, -0.0871557, 8.857e-12, -0.996195, 1
7.73, 2025-07-03__00-38-54.012113, -0.0471976, -0.400802, 0.0252737, -1.62008, -0.0195005, 1.09599, 0.71078, -0.00286797, -0.000285983, -0.0007694, -0.000275009, -0.000246619, -0.00132678, -4.71686e-05, 0.218203, -0.134067, -0.0589323, -0.282546, 0.0528738, 0.0248854, -0.494298, 0, 0, 0, 8, 0, 0, 0, 0.329226, -0.0129302, 0.510715, 0.486346, -0.0158237, 0.742576, 0.996195, -3.71201e-12, -0.0871557, -4.46982e-12, -1, -8.49977e-12, -0.0871557, 8.857e-12, -0.996195, 1
7.74, 2025-07-03__00-38-54.022112, -0.047198, -0.400799, 0.0252772, -1.62007, -0.0195024, 1.09599, 0.710782, -0.000902807, -0.00085881, -0.00103385, 0.00260175, 0.000239783, 0.00513721, -0.00589776, 0.196416, -0.03856, -0.0857056, -0.403373, 0.0454608, -0.0241131, -0.459038, 0, 0, 0, 8, 0, 0, 0, 0.329227, -0.0129269, 0.510713, 0.486346, -0.0158237, 0.742576, 0.996195, -3.71201e-12, -0.0871557, -4.46982e-12, -1, -8.49977e-12, -0.0871557, 8.857e-12, -0.996195, 1
7.75, 2025-07-03__00-38-54.032111, -0.0471963, -0.400791, 0.0252822, -1.62007, -0.0195024, 1.09599, 0.710781, -0.00282138, 0.00400123, -0.000214443, -0.000621667, 0.000208602, -0.00184712, 8.17697e-05, 0.212647, -0.351248, -0.0709986, -0.197128, 0.0506804, 0.0288555, -0.494814, 0, 0, 0, 8, 0, 0, 0, 0.329229, -0.0129261, 0.510717, 0.486346, -0.0158237, 0.742576, 0.996195, -3.71201e-12, -0.0871557, -4.46982e-12, -1, -8.49977e-12, -0.0871557, 8.857e-12, -0.996195, 1
7.76, 2025-07-03__00-38-54.042111, -0.0471916, -0.400794, 0.0252878, -1.62008, -0.019503, 1.09599, 0.710781, -0.00531034, -0.00215941, -0.000138657, 0.000282944, -2.42803e-05, -0.000557675, 0.000814474, 0.232127, -0.0352353, -0.0420035, -0.338263, 0.0534426, 0.0190694, -0.499248, 0, 0, 0, 8, 0, 0, 0, 0.329229, -0.0129231, 0.510711, 0.486346, -0.0158237, 0.742576, 0.996195, -3.71201e-12, -0.0871557, -4.46982e-12, -1, -8.49977e-12, -0.0871557, 8.857e-12, -0.996195, 1
7.77, 2025-07-03__00-38-54.052113, -0.047186, -0.400788, 0.0252875, -1.62009, -0.0195037, 1.09599, 0.710776, 0.000910686, -0.00131016, 0.000739409, -0.00117158, -0.000321842, 0.000338443, -0.000707865, 0.149287, -0.105944, -0.158128, -0.26273, 0.042481, 0.015494, -0.489198, 0, 0, 0, 8, 0, 0, 0, 0.32923, -0.0129259, 0.510709, 0.486346, -0.0158237, 0.742576, 0.996195, -3.71201e-12, -0.0871557, -4.46982e-12, -1, -8.49977e-12, -0.0871557, 8.857e-12, -0.996195, 1
7.78, 2025-07-03__00-38-54.062112, -0.0471993, -0.400788, 0.0252854, -1.62008, -0.019503, 1.09599, 0.710779, -0.00207612, -0.000622059, -0.000198857, 0.00135589, 0.000164104, 0.000153583, 0.00012137, 0.197824, -0.0857765, -0.08828, -0.335614, 0.0465349, 0.0127656, -0.495009, 0, 0, 0, 8, 0, 0, 0, 0.329228, -0.0129257, 0.510705, 0.486346, -0.0158237, 0.742576, 0.996195, -3.71201e-12, -0.0871557, -4.46982e-12, -1, -8.49977e-12, -0.0871557, 8.857e-12, -0.996195, 1
7.79, 2025-07-03__00-38-54.072112, -0.0471939, -0.400788, 0.0252847, -1.62008, -0.019503, 1.09599, 0.710779, 0.000318691, 1.27496e-05, -0.00026905, -9.67433e-05, 0.000155488, 5.2497e-05, -0.000296033, 0.172516, -0.145737, -0.122818, -0.282352, 0.0431236, 0.0155075, -0.492202, 0, 0, 0, 8, 0, 0, 0, 0.329229, -0.0129268, 0.51071, 0.486346, -0.0158237, 0.742576, 0.996195, -3.71201e-12, -0.0871557, -4.46982e-12, -1, -8.49977e-12, -0.0871557, 8.857e-12, -0.996195, 1
7.8, 2025-07-03__00-38-54.082111, -0.0471967, -0.400793, 0.0252801, -1.62008, -0.0195037, 1.09599, 0.710778, -0.000149795, -0.00128563, -0.000269034, -0.000480568, -0.000210076, -7.24889e-05, -0.000209788, 0.177556, -0.0893208, -0.11561, -0.300214, 0.0459221, 0.0167596, -0.492929, 0, 0, 0, 8, 0, 0, 0, 0.329228, -0.0129275, 0.510711, 0.486346, -0.0158237, 0.742576, 0.996195, -3.71201e-12, -0.0871557, -4.46982e-12, -1, -8.49977e-12, -0.0871557, 8.857e-12, -0.996195, 1
7.81, 2025-07-03__00-38-54.092113, -0.0471942, -0.400795, 0.0252773, -1.62008, -0.0195032, 1.09599, 0.710781, 0.000196159, -0.000385714, -6.24531e-05, 0.000941945, -0.0010578, -0.000495049, -0.000282739, 0.17284, -0.101356, -0.122497, -0.319158, 0.050263, 0.0174862, -0.492619, 0, 0, 0, 8, 0, 0, 0, 0.329228, -0.0129277, 0.510712, 0.486346, -0.0158237, 0.742576, 0.996195, -3.71201e-12, -0.0871557, -4.46982e-12, -1, -8.49977e-12, -0.0871557, 8.857e-12, -0.996195, 1
7.82, 2025-07-03__00-38-54.102113, -0.0471994, -0.400795, 0.0252742, -1.62008, -0.019503, 1.09599, 0.710781, -0.000957797, 0.000590449, -5.51459e-06, -0.000388773, 0.000113088, -0.000405629, 0.00116172, 0.185064, -0.178947, -0.107409, -0.261496, 0.0454337, 0.0188274, -0.501613, 0, 0, 0, 8, 0, 0, 0, 0.329229, -0.0129308, 0.510717, 0.486346, -0.0158237, 0.742576, 0.996195, -3.71201e-12, -0.0871557, -4.46982e-12, -1, -8.49977e-12, -0.0871557, 8.857e-12, -0.996195, 1
7.83, 2025-07-03__00-38-54.112113, -0.0472039, -0.400801, 0.0252716, -1.62008, -0.0195037, 1.09599, 0.710778, -0.00375148, -0.000246568, -0.000814719, 0.000174006, 0.000661895, -0.000227221, -0.00268775, 0.227282, -0.127364, -0.0464989, -0.295538, 0.0485775, 0.016804, -0.478597, 0, 0, 0, 8, 0, 0, 0, 0.329227, -0.0129313, 0.510714, 0.486346, -0.0158237, 0.742576, 0.996195, -3.71201e-12, -0.0871557, -4.46982e-12, -1, -8.49977e-12, -0.0871557, 8.857e-12, -0.996195, 1
7.84, 2025-07-03__00-38-54.122111, -0.0472026, -0.400799, 0.0252786, -1.62008, -0.0195037, 1.09599, 0.710782, 0.000443621, 0.00149511, 0.000996236, -0.000563432, -0.000224548, 0.00297307, 0.000845757, 0.155013, -0.222813, -0.152833, -0.242543, 0.0430424, -0.00443937, -0.499631, 0, 0, 0, 8, 0, 0, 0, 0.329226, -0.0129326, 0.510715, 0.486346, -0.0158237, 0.742576, 0.996195, -3.71201e-12, -0.0871557, -4.46982e-12, -1, -8.49977e-12, -0.0871557, 8.857e-12, -0.996195, 1
7.85, 2025-07-03__00-38-54.132113, -0.0471963, -0.400799, 0.0252794, -1.62007, -0.0195039, 1.09599, 0.710781, 4.633e-05, 0.000250957, -7.60161e-05, -0.0003974, 5.97148e-05, -0.000239927, 0.00563364, 0.173872, -0.155975, -0.122082, -0.289188, 0.0438812, 0.0169637, -0.528497, 0, 0, 0, 8, 0, 0, 0, 0.329228, -0.0129302, 0.510718, 0.486346, -0.0158237, 0.742576, 0.996195, -3.71201e-12, -0.0871557, -4.46982e-12, -1, -8.49977e-12, -0.0871557, 8.857e-12, -0.996195, 1
7.86, 2025-07-03__00-38-54.142113, -0.0471917, -0.400801, 0.0252822, -1.62007, -0.019503, 1.09599, 0.710781, -0.000259165, -0.00101397, 0.000258356, -0.00067611, -9.9876e-05, -0.000344259, 0.00771334, 0.170806, -0.0994755, -0.127126, -0.308958, 0.044122, 0.0179516, -0.540886, 0, 0, 0, 8, 0, 0, 0, 0.329228, -0.0129251, 0.510718, 0.486346, -0.0158237, 0.742576, 0.996195, -3.71201e-12, -0.0871557, -4.46982e-12, -1, -8.49977e-12, -0.0871557, 8.857e-12, -0.996195, 1
7.87, 2025-07-03__00-38-54.152113, -0.0471941, -0.400799, 0.0252794, -1.62007, -0.0195026, 1.09599, 0.710781, 0.000496327, -0.000328541, -0.00146365, 0.00146844, -0.000155062, -0.000170845, 0.000984552, 0.188933, -0.0883255, -0.094658, -0.353238, 0.0470563, 0.0139334, -0.500341, 0, 0, 0, 8, 0, 0, 0, 0.329227, -0.0129249, 0.510713, 0.486346, -0.0158237, 0.742576, 0.996195, -3.71201e-12, -0.0871557, -4.46982e-12, -1, -8.49977e-12, -0.0871557, 8.857e-12, -0.996195, 1
7.88, 2025-07-03__00-38-54.162112, -0.0471944, -0.400791, 0.0252849, -1.62007, -0.0195024, 1.09599, 0.710782, -0.000484396, 0.00153806, 0.000200666, 0.00133144, 0.000232198, 0.000175158, 0.00103139, 0.175718, -0.184734, -0.120558, -0.308208, 0.0430836, 0.0119779, -0.500438, 0, 0, 0, 8, 0, 0, 0, 0.329229, -0.012926, 0.510717, 0.486346, -0.0158237, 0.742576, 0.996195, -3.71201e-12, -0.0871557, -4.46982e-12, -1, -8.49977e-12, -0.0871557, 8.857e-12, -0.996195, 1
7.89, 2025-07-03__00-38-54.172112, -0.0471886, -0.400784, 0.0252825, -1.62008, -0.019503, 1.09599, 0.710776, -0.000487257, 0.00149372, -0.00208751, -0.000330311, -2.47833e-06, -0.000431249, -0.00136977, 0.211716, -0.228067, -0.0628402, -0.242268, 0.0512863, 0.0194498, -0.485619, 0, 0, 0, 8, 0, 0, 0, 0.329229, -0.0129223, 0.51071, 0.486346, -0.0158237, 0.742576, 0.996195, -3.71201e-12, -0.0871557, -4.46982e-12, -1, -8.49977e-12, -0.0871557, 8.857e-12, -0.996195, 1
7.9, 2025-07-03__00-38-54.182113, -0.0471893, -0.400788, 0.0252848, -1.62008, -0.0194998, 1.09599, 0.710782, -0.000271332, -0.000608769, 0.000461072, -0.0011247, 0.00938283, -0.00277764, 0.000965025, 0.150136, -0.132594, -0.156057, -0.266931, -0.0192183, 0.0367029, -0.499811, 0, 0, 0, 8, 0, 0, 0, 0.329229, -0.0129249, 0.51071, 0.486346, -0.0158237, 0.742576, 0.996195, -3.71201e-12, -0.0871557, -4.46982e-12, -1, -8.49977e-12, -0.0871557, 8.857e-12, -0.996195, 1
7.91, 2025-07-03__00-38-54.192113, -0.0471932, -0.40079, 0.0252853, -1.62008, -0.0195017, 1.09599, 0.710781, -0.000521774, 8.3617e-05, 6.75723e-05, 0.000889888, 0.000946506, -0.000336546, 0.00929046, 0.175793, -0.12674, -0.119534, -0.307964, 0.0380824, 0.0165082, -0.550368, 0, 0, 0, 8, 0, 0, 0, 0.329227, -0.012926, 0.510706, 0.486346, -0.0158237, 0.742576, 0.996195, -3.71201e-12, -0.0871557, -4.46982e-12, -1, -8.49977e-12, -0.0871557, 8.857e-12, -0.996195, 1
7.92, 2025-07-03__00-38-54.202112, -0.0471919, -0.400793, 0.0252793, -1.62007, -0.0195034, 1.09599, 0.71078, 0.00931684, -0.00163805, 1.73861e-05, 0.00215671, 0.000178593, -1.58057e-06, 0.000533238, 0.0628961, 0.000958791, -0.269698, -0.403001, 0.0233783, 0.011678, -0.496932, 0, 0, 0, 8, 0, 0, 0, 0.329229, -0.0129294, 0.51071, 0.486346, -0.0158237, 0.742576, 0.996195, -3.71201e-12, -0.0871557, -4.46982e-12, -1, -8.49977e-12, -0.0871557, 8.857e-12, -0.996195, 1
7.93, 2025-07-03__00-38-54.212113, -0.0472001, -0.40079, 0.0252769, -1.62008, -0.019503, 1.09599, 0.710779, 0.000228462, 0.000976287, 3.90008e-05, -0.000124582, -3.60521e-05, -0.000116792, 0.000924931, 0.171326, -0.192686, -0.126205, -0.260476, 0.0441851, 0.0166049, -0.499936, 0, 0, 0, 8, 0, 0, 0, 0.329228, -0.0129309, 0.510711, 0.486346, -0.0158237, 0.742576, 0.996195, -3.71201e-12, -0.0871557, -4.46982e-12, -1, -8.49977e-12, -0.0871557, 8.857e-12, -0.996195, 1
7.94, 2025-07-03__00-38-54.222112, -0.0471994, -0.400796, 0.0252741, -1.62008, -0.0195023, 1.09599, 0.710776, -0.000422916, -0.000565874, -0.000270785, -0.00102086, 0.000301344, 8.29103e-05, -0.00138576, 0.18132, -0.135305, -0.110978, -0.270326, 0.0435568, 0.0164167, -0.485903, 0, 0, 0, 8, 0, 0, 0, 0.329229, -0.0129303, 0.510716, 0.486346, -0.0158237, 0.742576, 0.996195, -3.71201e-12, -0.0871557, -4.46982e-12, -1, -8.49977e-12, -0.0871557, 8.857e-12, -0.996195, 1
7.95, 2025-07-03__00-38-54.232112, -0.0472026, -0.400799, 0.0252741, -1.62008, -0.019503, 1.09599, 0.710781, -0.0033767, -0.000106597, -1.61529e-05, -0.00120743, 0.000122594, 0.000435736, 9.23619e-05, 0.212284, -0.163976, -0.0708476, -0.255108, 0.0499647, 0.0141785, -0.495375, 0, 0, 0, 8, 0, 0, 0, 0.329228, -0.0129302, 0.510717, 0.486346, -0.0158237, 0.742576, 0.996195, -3.71201e-12, -0.0871557, -4.46982e-12, -1, -8.49977e-12, -0.0871557, 8.857e-12, -0.996195, 1
7.96, 2025-07-03__00-38-54.242112, -0.0472001, -0.400804, 0.0252747, -1.62007, -0.0195037, 1.09599, 0.710779, 0.000819048, -0.000887031, 0.000346316, 0.00222987, -0.000138488, 0.000578757, -0.000122302, 0.156951, -0.0398137, -0.144888, -0.388109, 0.0411252, 0.00741334, -0.493743, 0, 0, 0, 8, 0, 0, 0, 0.329226, -0.01293, 0.510715, 0.486346, -0.0158237, 0.742576, 0.996195, -3.71201e-12, -0.0871557, -4.46982e-12, -1, -8.49977e-12, -0.0871557, 8.857e-12, -0.996195, 1
7.97, 2025-07-03__00-38-54.252112, -0.0471973, -0.400799, 0.0252818, -1.62007, -0.0195024, 1.09599, 0.710776, 0.000181848, 0.000190174, 0.00172021, -0.00058234, -0.00894983, 1.53356e-05, -0.00140009, 0.161316, -0.159421, -0.146562, -0.28222, 0.0991852, 0.0152941, -0.485295, 0, 0, 0, 8, 0, 0, 0, 0.329228, -0.0129316, 0.510718, 0.486346, -0.0158237, 0.742576, 0.996195, -3.71201e-12, -0.0871557, -4.46982e-12, -1, -8.49977e-12, -0.0871557, 8.857e-12, -0.996195, 1
7.98, 2025-07-03__00-38-54.262112, -0.0471931, -0.400801, 0.0252846, -1.62008, -0.0195044, 1.09599, 0.710782, 0.00312605, -0.000246691, 0.00081907, -0.0010706, 0.00313305, -0.000614708, 0.00113841, 0.117884, -0.142949, -0.201353, -0.263653, 0.0153342, 0.0209623, -0.500867, 0, 0, 0, 8, 0, 0, 0, 0.329228, -0.0129287, 0.510718, 0.486346, -0.0158237, 0.742576, 0.996195, -3.71201e-12, -0.0871557, -4.46982e-12, -1, -8.49977e-12, -0.0871557, 8.857e-12, -0.996195, 1
7.99, 2025-07-03__00-38-54.272112, -0.0471964, -0.400793, 0.0252847, -1.62007, -0.019503, 1.09599, 0.710774, -0.00136677, 0.000433353, -0.00451268, 0.00159573, 0.000182232, 6.28476e-06, -0.000701117, 0.256886, -0.13062, 0.00944343, -0.339475, 0.0566082, 0.0129894, -0.489984, 0, 0, 0, 8, 0, 0, 0, 0.329229, -0.0129259, 0.510717, 0.486346, -0.0158237, 0.742576, 0.996195, -3.71201e-12, -0.0871557, -4.46982e-12, -1, -8.49977e-12, -0.0871557, 8.857e-12, -0.996195, 1
8, 2025-07-03__00-38-54.282113, -0.0471885, -0.400793, 0.0252906, -1.62008, -0.0195024, 1.09599, 0.710782, 0.000102163, 0.000508701, 0.00240628, 0.000495204, 0.00013935, -0.000136464, 0.00145087, 0.133648, -0.152187, -0.186486, -0.287973, 0.0367842, 0.0155861, -0.502472, 0, 0, 0, 8, 0, 0, 0, 0.329228, -0.0129231, 0.510712, 0.486346, -0.0158237, 0.742576, 0.996195, -3.71201e-12, -0.0871557, -4.46982e-12, -1, -8.49977e-12, -0.0871557, 8.857e-12, -0.996195, 1
8.01, 2025-07-03__00-38-54.292113, -0.0471889, -0.400791, 0.0252878, -1.62008, -0.0195029, 1.09599, 0.710777, 4.11345e-05, -0.000589915, 3.34484e-06, -0.00139159, 0.000182681, -0.000209797, -0.00119628, 0.170522, -0.143192, -0.126849, -0.25972, 0.0430164, 0.0190963, -0.486423, 0, 0, 0, 8, 0, 0, 0, 0.329229, -0.0129233, 0.51071, 0.486346, -0.0158237, 0.742576, 0.996195, -3.71201e-12, -0.0871557, -4.46982e-12, -1, -8.49977e-12, -0.0871557, 8.857e-12, -0.996195, 1
8.02, 2025-07-03__00-38-54.302112, -0.0471906, -0.400785, 0.0252879, -1.62008, -0.019503, 1.09599, 0.710783, 0.000258042, 0.000926149, -0.00035579, -0.00034268, -9.43426e-05, 6.55034e-05, 0.00118864, 0.175906, -0.197001, -0.118446, -0.255382, 0.0456799, 0.0158423, -0.501229, 0, 0, 0, 8, 0, 0, 0, 0.329228, -0.0129227, 0.510712, 0.486346, -0.0158237, 0.742576, 0.996195, -3.71201e-12, -0.0871557, -4.46982e-12, -1, -8.49977e-12, -0.0871557, 8.857e-12, -0.996195, 1
8.03, 2025-07-03__00-38-54.312113, -0.0471959, -0.400788, 0.0252826, -1.62008, -0.019502, 1.09599, 0.710772, -0.00103031, -0.000144319, -0.000264588, 3.86974e-05, -0.00183983, -0.000232595, -0.00153717, 0.191643, -0.137754, -0.096842, -0.287922, 0.058862, 0.0172934, -0.484452, 0, 0, 0, 8, 0, 0, 0, 0.329229, -0.0129257, 0.51071, 0.486346, -0.0158237, 0.742576, 0.996195, -3.71201e-12, -0.0871557, -4.46982e-12, -1, -8.49977e-12, -0.0871557, 8.857e-12, -0.996195, 1
8.04, 2025-07-03__00-38-54.322113, -0.0471941, -0.400793, 0.0252773, -1.62008, -0.019503, 1.09599, 0.710784, 0.00105498, -0.00137391, -0.00140474, -0.00123098, 4.15835e-05, 0.000165863, 0.00131292, 0.181168, -0.101078, -0.106162, -0.282379, 0.0450422, 0.0161951, -0.502464, 0, 0, 0, 8, 0, 0, 0, 0.329229, -0.0129297, 0.51071, 0.486346, -0.0158237, 0.742576, 0.996195, -3.71201e-12, -0.0871557, -4.46982e-12, -1, -8.49977e-12, -0.0871557, 8.857e-12, -0.996195, 1
8.05, 2025-07-03__00-38-54.332112, -0.0471912, -0.40079, 0.0252749, -1.62008, -0.0195013, 1.09599, 0.710776, 0.000698544, 0.000241525, -0.000381159, -0.000559451, 0.000391277, -0.000239272, -0.00124786, 0.170542, -0.165857, -0.124954, -0.264656, 0.0413858, 0.0181452, -0.486424, 0, 0, 0, 8, 0, 0, 0, 0.329228, -0.0129274, 0.510711, 0.486346, -0.0158237, 0.742576, 0.996195, -3.71201e-12, -0.0871557, -4.46982e-12, -1, -8.49977e-12, -0.0871557, 8.857e-12, -0.996195, 1
8.06, 2025-07-03__00-38-54.342113, -0.0471942, -0.400795, 0.0252763, -1.62008, -0.0195037, 1.09599, 0.710779, 0.000314973, 0.000594424, -0.000391085, -5.67652e-05, -0.000140874, -5.12935e-05, 0.00112975, 0.176356, -0.1709, -0.117243, -0.271365, 0.0456661, 0.0158855, -0.501127, 0, 0, 0, 8, 0, 0, 0, 0.329227, -0.0129289, 0.510713, 0.486346, -0.0158237, 0.742576, 0.996195, -3.71201e-12, -0.0871557, -4.46982e-12, -1, -8.49977e-12, -0.0871557, 8.857e-12, -0.996195, 1
8.07, 2025-07-03__00-38-54.352113, -0.0472001, -0.400801, 0.0252667, -1.62008, -0.0195037, 1.09599, 0.710778, -9.88182e-06, -0.00034138, -0.00122352, -0.00152511, -0.00285324, -5.6568e-05, -0.000679139, 0.19825, -0.157553, -0.0843924, -0.250926, 0.0665277, 0.0178663, -0.49056, 0, 0, 0, 8, 0, 0, 0, 0.329226, -0.0129323, 0.510715, 0.486346, -0.0158237, 0.742576, 0.996195, -3.71201e-12, -0.0871557, -4.46982e-12, -1, -8.49977e-12, -0.0871557, 8.857e-12, -0.996195, 1
8.08, 2025-07-03__00-38-54.362113, -0.0471971, -0.400799, 0.0252741, -1.62007, -0.0194998, 1.09599, 0.710782, 0.000673368, 0.000218256, 7.30223e-05, -0.000158039, -0.000190171, 0.000112202, 0.00115465, 0.165219, -0.148671, -0.134018, -0.296933, 0.0437785, 0.0142587, -0.501407, 0, 0, 0, 8, 0, 0, 0, 0.329229, -0.0129306, 0.510717, 0.486346, -0.0158237, 0.742576, 0.996195, -3.71201e-12, -0.0871557, -4.46982e-12, -1, -8.49977e-12, -0.0871557, 8.857e-12, -0.996195, 1
8.09, 2025-07-03__00-38-54.372112, -0.0471949, -0.400793, 0.0252794, -1.62007, -0.019503, 1.09599, 0.710776, 0.000152737, 0.00166941, -0.000515571, 0.001221, 0.00015288, -0.00013612, -0.00155081, 0.18003, -0.19297, -0.111628, -0.302235, 0.044414, 0.0142945, -0.484677, 0, 0, 0, 8, 0, 0, 0, 0.329228, -0.012928, 0.510712, 0.486346, -0.0158237, 0.742576, 0.996195, -3.71201e-12, -0.0871557, -4.46982e-12, -1, -8.49977e-12, -0.0871557, 8.857e-12, -0.996195, 1
8.1, 2025-07-03__00-38-54.382113, -0.0471913, -0.400801, 0.0252794, -1.62008, -0.0195037, 1.09598, 0.710779, -0.00498253, -0.000633898, -0.000324889, -0.000629727, -0.000169534, -0.000365777, 0.000766112, 0.234221, -0.129615, -0.0393228, -0.280445, 0.0553952, 0.0193664, -0.499076, 0, 0, 0, 8, 0, 0, 0, 0.329226, -0.0129277, 0.510714, 0.486346, -0.0158237, 0.742576, 0.996195, -3.71201e-12, -0.0871557, -4.46982e-12, -1, -8.49977e-12, -0.0871557, 8.857e-12, -0.996195, 1
8.11, 2025-07-03__00-38-54.392114, -0.0471895, -0.400796, 0.0252871, -1.62008, -0.0195005, 1.09599, 0.71078, 1.6363e-05, 0.000541826, 0.00109735, -0.000164134, -0.000228191, 0.00012578, 0.000693669, 0.156034, -0.16882, -0.150961, -0.269732, 0.0429777, 0.0147174, -0.497933, 0, 0, 0, 8, 0, 0, 0, 0.329227, -0.0129258, 0.510714, 0.486346, -0.0158237, 0.742576, 0.996195, -3.71201e-12, -0.0871557, -4.46982e-12, -1, -8.49977e-12, -0.0871557, 8.857e-12, -0.996195, 1
8.12, 2025-07-03__00-38-54.402113, -0.0471916, -0.400793, 0.0252896, -1.62008, -0.019503, 1.09599, 0.710781, -2.99161e-05, -7.02374e-05, 0.000837154, -0.000404144, 3.67336e-06, 0.000242346, 0.000251042, 0.159236, -0.145522, -0.14556, -0.276348, 0.0420381, 0.0143917, -0.495381, 0, 0, 0, 8, 0, 0, 0, 0.329228, -0.0129249, 0.510712, 0.486346, -0.0158237, 0.742576, 0.996195, -3.71201e-12, -0.0871557, -4.46982e-12, -1, -8.49977e-12, -0.0871557, 8.857e-12, -0.996195, 1
8.13, 2025-07-03__00-38-54.412115, -0.0471892, -0.400787, 0.0252879, -1.62008, -0.0195037, 1.09599, 0.71078, -6.28633e-05, 0.00115155, -2.41708e-05, 0.000299554, -0.000182223, 0.000405574, 0.000516184, 0.174514, -0.193532, -0.121481, -0.268599, 0.0459579, 0.0124904, -0.497003, 0, 0, 0, 8, 0, 0, 0, 0.329229, -0.0129228, 0.51071, 0.486346, -0.0158237, 0.742576, 0.996195, -3.71201e-12, -0.0871557, -4.46982e-12, -1, -8.49977e-12, -0.0871557, 8.857e-12, -0.996195, 1
8.14, 2025-07-03__00-38-54.422114, -0.0471918, -0.400785, 0.0252879, -1.62008, -0.019503, 1.09599, 0.710783, -0.00065724, -0.000663544, -5.47025e-05, -0.000973401, -3.61192e-05, 0.000162351, 0.000350044, 0.179977, -0.133618, -0.113825, -0.272543, 0.0456938, 0.01613, -0.496201, 0, 0, 0, 8, 0, 0, 0, 0.329229, -0.0129241, 0.510709, 0.486346, -0.0158237, 0.742576, 0.996195, -3.71201e-12, -0.0871557, -4.46982e-12, -1, -8.49977e-12, -0.0871557, 8.857e-12, -0.996195, 1
8.15, 2025-07-03__00-38-54.432115, -0.0471917, -0.400785, 0.0252801, -1.62008, -0.0195033, 1.09599, 0.710782, -0.000566387, 0.00117795, -0.00154616, 0.000225075, -0.000170029, 0.000407747, 0.000575106, 0.204534, -0.199673, -0.0745734, -0.26569, 0.050725, 0.0127538, -0.497861, 0, 0, 0, 8, 0, 0, 0, 0.329228, -0.0129245, 0.510711, 0.486346, -0.0158237, 0.742576, 0.996195, -3.71201e-12, -0.0871557, -4.46982e-12, -1, -8.49977e-12, -0.0871557, 8.857e-12, -0.996195, 1
8.16, 2025-07-03__00-38-54.442113, -0.0471948, -0.400792, 0.0252801, -1.62008, -0.0195037, 1.09599, 0.710779, -0.000441371, -0.000591204, -0.000712973, 0.00116015, -9.65339e-05, -0.000145969, -0.000565238, 0.187749, -0.0887494, -0.0995344, -0.329995, 0.0466044, 0.0149514, -0.490852, 0, 0, 0, 8, 0, 0, 0, 0.329229, -0.012928, 0.51071, 0.486346, -0.0158237, 0.742576, 0.996195, -3.71201e-12, -0.0871557, -4.46982e-12, -1, -8.49977e-12, -0.0871557, 8.857e-12, -0.996195, 1
8.17, 2025-07-03__00-38-54.452112, -0.0471934, -0.400793, 0.0252747, -1.62008, -0.0195037, 1.09599, 0.71078, 0.00122092, -0.000240412, -0.00132285, -0.000358444, -8.02407e-05, -0.000296658, 0.000679728, 0.179424, -0.137373, -0.108866, -0.281002, 0.0456198, 0.0181158, -0.498482, 0, 0, 0, 8, 0, 0, 0, 0.329228, -0.0129292, 0.510712, 0.486346, -0.0158237, 0.742576, 0.996195, -3.71201e-12, -0.0871557, -4.46982e-12, -1, -8.49977e-12, -0.0871557, 8.857e-12, -0.996195, 1
8.18, 2025-07-03__00-38-54.462112, -0.0471966, -0.400794, 0.0252716, -1.62008, -0.0195037, 1.09599, 0.710776, -9.03992e-05, -0.000275828, -7.03058e-05, -0.000951676, 4.06413e-05, 4.77983e-05, -0.00129387, 0.175284, -0.148307, -0.119974, -0.265617, 0.0443279, 0.0165971, -0.486473, 0, 0, 0, 8, 0, 0, 0, 0.329229, -0.0129325, 0.510715, 0.486346, -0.0158237, 0.742576, 0.996195, -3.71201e-12, -0.0871557, -4.46982e-12, -1, -8.49977e-12, -0.0871557, 8.857e-12, -0.996195, 1
8.19, 2025-07-03__00-38-54.472109, -0.0471942, -0.400801, 0.0252741, -1.62008, -0.0195024, 1.09599, 0.710782, 0.000673779, -0.000415426, 0.000888993, -0.000827978, -0.00272295, 1.3236e-05, 0.000294618, 0.156675, -0.135284, -0.149018, -0.272002, 0.0586221, 0.0162237, -0.496113, 0, 0, 0, 8, 0, 0, 0, 0.329228, -0.0129319, 0.510718, 0.486346, -0.0158237, 0.742576, 0.996195, -3.71201e-12, -0.0871557, -4.46982e-12, -1, -8.49977e-12, -0.0871557, 8.857e-12, -0.996195, 1
8.2, 2025-07-03__00-38-54.482114, -0.0471991, -0.400799, 0.0252741, -1.62007, -0.0195029, 1.09599, 0.710777, -0.00124879, 0.00159391, -0.000449965, 0.000606439, 7.79652e-05, 2.04216e-05, -0.000330333, 0.195914, -0.201961, -0.0907919, -0.287467, 0.0475266, 0.0139064, -0.492448, 0, 0, 0, 8, 0, 0, 0, 0.329227, -0.0129299, 0.51072, 0.486346, -0.0158237, 0.742576, 0.996195, -3.71201e-12, -0.0871557, -4.46982e-12, -1, -8.49977e-12, -0.0871557, 8.857e-12, -0.996195, 1
8.21, 2025-07-03__00-38-54.492113, -0.0471969, -0.400799, 0.0252769, -1.62008, -0.0195044, 1.09599, 0.710778, -0.000603773, -0.000193438, -3.83835e-05, -0.000212231, -0.00425708, -0.000106069, 0.000869198, 0.188354, -0.136889, -0.102384, -0.282792, 0.0736062, 0.0162522, -0.499557, 0, 0, 0, 8, 0, 0, 0, 0.329228, -0.0129299, 0.510718, 0.486346, -0.0158237, 0.742576, 0.996195, -3.71201e-12, -0.0871557, -4.46982e-12, -1, -8.49977e-12, -0.0871557, 8.857e-12, -0.996195, 1
8.22, 2025-07-03__00-38-54.502112, -0.0471942, -0.400801, 0.0252854, -1.62008, -0.0195043, 1.09599, 0.710777, -4.38977e-06, -0.00165457, 0.00196685, -0.000848983, -0.000474345, -0.000273277, 0.000973069, 0.141065, -0.0729487, -0.174282, -0.298803, 0.0416429, 0.018231, -0.499705, 0, 0, 0, 8, 0, 0, 0, 0.329228, -0.0129276, 0.510712, 0.486346, -0.0158237, 0.742576, 0.996195, -3.71201e-12, -0.0871557, -4.46982e-12, -1, -8.49977e-12, -0.0871557, 8.857e-12, -0.996195, 1
8.23, 2025-07-03__00-38-54.512114, -0.0471894, -0.400795, 0.0252882, -1.62007, -0.0195037, 1.09599, 0.710772, -0.00265651, -0.000347953, 0.00168396, 0.000515351, -0.000191867, 8.12284e-05, -0.00148533, 0.175676, -0.10981, -0.126257, -0.326172, 0.0457824, 0.0137075, -0.484545, 0, 0, 0, 8, 0, 0, 0, 0.329228, -0.0129259, 0.510711, 0.486346, -0.0158237, 0.742576, 0.996195, -3.71201e-12, -0.0871557, -4.46982e-12, -1, -8.49977e-12, -0.0871557, 8.857e-12, -0.996195, 1
8.24, 2025-07-03__00-38-54.522110, -0.047191, -0.400791, 0.0252904, -1.62008, -0.0195019, 1.09599, 0.710782, -0.00123087, -0.000422368, 0.000694606, 0.000128392, 4.41083e-05, 0.00028566, 0.00038295, 0.174497, -0.119017, -0.124001, -0.298193, 0.0440138, 0.0134364, -0.496251, 0, 0, 0, 8, 0, 0, 0, 0.32923, -0.0129214, 0.510715, 0.486346, -0.0158237, 0.742576, 0.996195, -3.71201e-12, -0.0871557, -4.46982e-12, -1, -8.49977e-12, -0.0871557, 8.857e-12, -0.996195, 1
8.25, 2025-07-03__00-38-54.532112, -0.0471884, -0.400786, 0.025291, -1.62008, -0.0195024, 1.09599, 0.710779, -0.000230477, 0.00152843, 0.000810502, 0.00122512, 0.00027893, 0.000252013, -0.000300647, 0.162626, -0.191189, -0.140774, -0.285593, 0.0408933, 0.0122379, -0.49182, 0, 0, 0, 8, 0, 0, 0, 0.329229, -0.0129218, 0.510711, 0.486346, -0.0158237, 0.742576, 0.996195, -3.71201e-12, -0.0871557, -4.46982e-12, -1, -8.49977e-12, -0.0871557, 8.857e-12, -0.996195, 1
8.26, 2025-07-03__00-38-54.542112, -0.0471838, -0.400788, 0.0252875, -1.62008, -0.0195037, 1.09599, 0.710776, 0.00062849, -0.000183852, -0.000136367, 0.000521197, -0.000251225, 0.000531674, -0.0016164, 0.166426, -0.122221, -0.130971, -0.304267, 0.0447396, 0.0113048, -0.483758, 0, 0, 0, 8, 0, 0, 0, 0.329228, -0.0129239, 0.510711, 0.486346, -0.0158237, 0.742576, 0.996195, -3.71201e-12, -0.0871557, -4.46982e-12, -1, -8.49977e-12, -0.0871557, 8.857e-12, -0.996195, 1
8.27, 2025-07-03__00-38-54.552110, -0.0471938, -0.400792, 0.0252826, -1.62008, -0.0195033, 1.09599, 0.710777, 6.66124e-05, -0.000607738, -0.00073587, -0.00127507, -3.73504e-05, -0.000159251, 0.000182895, 0.182677, -0.140383, -0.107339, -0.263488, 0.0462178, 0.0185536, -0.495103, 0, 0, 0, 8, 0, 0, 0, 0.32923, -0.0129238, 0.510714, 0.486346, -0.0158237, 0.742576, 0.996195, -3.71201e-12, -0.0871557, -4.46982e-12, -1, -8.49977e-12, -0.0871557, 8.857e-12, -0.996195, 1
8.28, 2025-07-03__00-38-54.562111, -0.047191, -0.400798, 0.0252801, -1.62007, -0.0195043, 1.09599, 0.710779, 0.000579836, -0.00110432, -0.000845178, -5.02875e-05, -0.000263808, 0.000249487, 0.000516392, 0.177856, -0.0830628, -0.112485, -0.328777, 0.0463275, 0.0132451, -0.497307, 0, 0, 0, 8, 0, 0, 0, 0.329227, -0.012925, 0.510713, 0.486346, -0.0158237, 0.742576, 0.996195, -3.71201e-12, -0.0871557, -4.46982e-12, -1, -8.49977e-12, -0.0871557, 8.857e-12, -0.996195, 1
8.29, 2025-07-03__00-38-54.572109, -0.0471939, -0.400796, 0.0252765, -1.62008, -0.0195024, 1.09599, 0.710784, 0.00215158, -9.17542e-05, -0.000788898, -0.00105721, 0.000337903, 0.000258394, 0.00161673, 0.160148, -0.15673, -0.137538, -0.260103, 0.0399533, 0.0151355, -0.504198, 0, 0, 0, 8, 0, 0, 0, 0.329227, -0.0129284, 0.510714, 0.486346, -0.0158237, 0.742576, 0.996195, -3.71201e-12, -0.0871557, -4.46982e-12, -1, -8.49977e-12, -0.0871557, 8.857e-12, -0.996195, 1
8.3, 2025-07-03__00-38-54.582111, -0.0471972, -0.400799, 0.0252741, -1.62008, -0.0195024, 1.09599, 0.710777, 0.000704339, -0.000418656, -2.17289e-05, -0.000199968, 0.000350887, 0.000310468, -0.000807923, 0.164344, -0.121744, -0.134552, -0.290744, 0.0402107, 0.0134884, -0.489353, 0, 0, 0, 8, 0, 0, 0, 0.329227, -0.012932, 0.510714, 0.486346, -0.0158237, 0.742576, 0.996195, -3.71201e-12, -0.0871557, -4.46982e-12, -1, -8.49977e-12, -0.0871557, 8.857e-12, -0.996195, 1
8.31, 2025-07-03__00-38-54.592114, -0.0472005, -0.400799, 0.0252769, -1.62007, -0.0195037, 1.09599, 0.710782, -0.00135538, -0.000109675, 0.000811357, 8.71902e-05, -0.000148047, 5.14628e-05, 0.00129684, 0.176223, -0.128603, -0.122333, -0.310194, 0.0452961, 0.0143436, -0.50247, 0, 0, 0, 8, 0, 0, 0, 0.329228, -0.0129312, 0.510718, 0.486346, -0.0158237, 0.742576, 0.996195, -3.71201e-12, -0.0871557, -4.46982e-12, -1, -8.49977e-12, -0.0871557, 8.857e-12, -0.996195, 1
8.32, 2025-07-03__00-38-54.602111, -0.047197, -0.400801, 0.0252761, -1.62008, -0.019503, 1.09599, 0.710777, 0.00120901, -0.0009464, -7.31907e-05, -0.000741304, -0.000104318, 0.000102423, 0.000935561, 0.159647, -0.106551, -0.140729, -0.287283, 0.0423463, 0.0155723, -0.499836, 0, 0, 0, 8, 0, 0, 0, 0.329228, -0.0129311, 0.510718, 0.486346, -0.0158237, 0.742576, 0.996195, -3.71201e-12, -0.0871557, -4.46982e-12, -1, -8.49977e-12, -0.0871557, 8.857e-12, -0.996195, 1
8.33, 2025-07-03__00-38-54.612114, -0.0471949, -0.400796, 0.0252764, -1.62007, -0.0195037, 1.09599, 0.710778, 0.000933725, 0.000364339, -0.000179131, 0.000596758, 0.00666953, -0.000266564, -5.89264e-05, 0.152436, -0.137071, -0.14991, -0.316263, -0.00182529, 0.0160965, -0.493941, 0, 0, 0, 8, 0, 0, 0, 0.329227, -0.0129311, 0.510713, 0.486346, -0.0158237, 0.742576, 0.996195, -3.71201e-12, -0.0871557, -4.46982e-12, -1, -8.49977e-12, -0.0871557, 8.857e-12, -0.996195, 1
8.34, 2025-07-03__00-38-54.622109, -0.047197, -0.400796, 0.0252847, -1.62008, -0.0195031, 1.09599, 0.710775, -0.00179745, -0.000209668, 0.00151724, 7.5866e-05, 0.00731287, 0.000182383, -0.00160505, 0.155206, -0.124777, -0.153562, -0.29502, -0.00530615, 0.0142663, -0.484251, 0, 0, 0, 8, 0, 0, 0, 0.329226, -0.0129273, 0.510708, 0.486346, -0.0158237, 0.742576, 0.996195, -3.71201e-12, -0.0871557, -4.46982e-12, -1, -8.49977e-12, -0.0871557, 8.857e-12, -0.996195, 1
8.35, 2025-07-03__00-38-54.632111, -0.0471914, -0.400793, 0.0252847, -1.62007, -0.0195024, 1.09599, 0.710777, 0.00118999, 0.00034198, 0.000641215, 0.00207109, -9.31499e-05, -0.000321166, -0.000685147, 0.148528, -0.107105, -0.158003, -0.354382, 0.040118, 0.0142211, -0.489604, 0, 0, 0, 8, 0, 0, 0, 0.329226, -0.0129287, 0.510708, 0.486346, -0.0158237, 0.742576, 0.996195, -3.71201e-12, -0.0871557, -4.46982e-12, -1, -8.49977e-12, -0.0871557, 8.857e-12, -0.996195, 1
8.36, 2025-07-03__00-38-54.642110, -0.047186, -0.400791, 0.0252877, -1.62008, -0.0195024, 1.09599, 0.710771, 0.000725196, 0.000369783, 0.00364992, 0.000324977, 0.00188311, 0.000437793, -0.0014992, 0.103839, -0.146892, -0.231645, -0.287646, 0.020938, 0.0119947, -0.483969, 0, 0, 0, 8, 0, 0, 0, 0.329228, -0.012925, 0.510712, 0.486346, -0.0158237, 0.742576, 0.996195, -3.71201e-12, -0.0871557, -4.46982e-12, -1, -8.49977e-12, -0.0871557, 8.857e-12, -0.996195, 1
8.37, 2025-07-03__00-38-54.652109, -0.0471892, -0.40079, 0.0252871, -1.62008, -0.0195024, 1.09599, 0.710777, 0.000120136, 0.000458739, 0.000278468, -0.000234198, 0.00351806, 1.08652e-05, -0.000496552, 0.160085, -0.167626, -0.142019, -0.270204, 0.0200001, 0.0159875, -0.490701, 0, 0, 0, 8, 0, 0, 0, 0.329228, -0.0129246, 0.510712, 0.486346, -0.0158237, 0.742576, 0.996195, -3.71201e-12, -0.0871557, -4.46982e-12, -1, -8.49977e-12, -0.0871557, 8.857e-12, -0.996195, 1
8.38, 2025-07-03__00-38-54.662110, -0.0471892, -0.400785, 0.0252896, -1.62007, -0.0195024, 1.09599, 0.710778, -0.000193231, 0.00140064, 0.00169098, 0.000940404, 0.000354614, -0.000307375, 0.000187299, 0.148559, -0.186934, -0.163477, -0.298994, 0.0380633, 0.0160204, -0.494723, 0, 0, 0, 8, 0, 0, 0, 0.329228, -0.0129269, 0.510711, 0.486346, -0.0158237, 0.742576, 0.996195, -3.71201e-12, -0.0871557, -4.46982e-12, -1, -8.49977e-12, -0.0871557, 8.857e-12, -0.996195, 1
8.39, 2025-07-03__00-38-54.672110, -0.0471906, -0.400791, 0.0252804, -1.62008, -0.0195024, 1.09599, 0.710777, -0.000376052, 0.000397496, 0.000716455, 0.00155934, -0.000221934, -4.88533e-05, -0.000790303, 0.16612, -0.127175, -0.13484, -0.319362, 0.0440183, 0.013661, -0.489144, 0, 0, 0, 8, 0, 0, 0, 0.329228, -0.0129263, 0.510711, 0.486346, -0.0158237, 0.742576, 0.996195, -3.71201e-12, -0.0871557, -4.46982e-12, -1, -8.49977e-12, -0.0871557, 8.857e-12, -0.996195, 1
8.4, 2025-07-03__00-38-54.682110, -0.0471889, -0.400793, 0.0252825, -1.62008, -0.0195044, 1.09599, 0.710782, 0.000344428, -0.0010228, 0.000269897, -0.000542991, -0.00706498, 0.000231288, 0.00157177, 0.176528, -0.105681, -0.119356, -0.290789, 0.0894941, 0.0144837, -0.503568, 0, 0, 0, 8, 0, 0, 0, 0.32923, -0.0129272, 0.510715, 0.486346, -0.0158237, 0.742576, 0.996195, -3.71201e-12, -0.0871557, -4.46982e-12, -1, -8.49977e-12, -0.0871557, 8.857e-12, -0.996195, 1
8.41, 2025-07-03__00-38-54.692112, -0.0471938, -0.400795, 0.0252741, -1.62008, -0.0195036, 1.09599, 0.710776, -2.91575e-05, -0.00127155, -0.0011333, -0.000964169, -0.00049117, 0.000336895, -0.00116268, 0.190421, -0.100785, -0.0946067, -0.287394, 0.0500169, 0.0146189, -0.487213, 0, 0, 0, 8, 0, 0, 0, 0.329228, -0.0129277, 0.510711, 0.486346, -0.0158237, 0.742576, 0.996195, -3.71201e-12, -0.0871557, -4.46982e-12, -1, -8.49977e-12, -0.0871557, 8.857e-12, -0.996195, 1
8.42, 2025-07-03__00-38-54.702110, -0.0471987, -0.400793, 0.0252769, -1.62008, -0.019503, 1.09599, 0.710779, -0.00174549, 0.000257501, 0.000685563, -0.000642727, -1.29276e-05, -0.000189708, 4.19693e-05, 0.183033, -0.169164, -0.113051, -0.261507, 0.0459811, 0.0177965, -0.494634, 0, 0, 0, 8, 0, 0, 0, 0.329229, -0.0129283, 0.510716, 0.486346, -0.0158237, 0.742576, 0.996195, -3.71201e-12, -0.0871557, -4.46982e-12, -1, -8.49977e-12, -0.0871557, 8.857e-12, -0.996195, 1
8.43, 2025-07-03__00-38-54.712113, -0.0471969, -0.400801, 0.0252769, -1.62008, -0.0195024, 1.09599, 0.710779, -0.000339778, -0.000997049, 0.000627768, -0.000904205, 0.00025706, 0.000572819, 0.000537602, 0.1658, -0.108463, -0.135499, -0.284226, 0.041112, 0.012599, -0.497542, 0, 0, 0, 8, 0, 0, 0, 0.329228, -0.0129314, 0.510718, 0.486346, -0.0158237, 0.742576, 0.996195, -3.71201e-12, -0.0871557, -4.46982e-12, -1, -8.49977e-12, -0.0871557, 8.857e-12, -0.996195, 1
8.44, 2025-07-03__00-38-54.722109, -0.0471941, -0.400799, 0.0252769, -1.62008, -0.0194987, 1.09599, 0.710778, 0.000216821, -0.000855101, 0.000204935, -0.000669076, 7.22278e-05, -0.000509136, -0.000589521, 0.166443, -0.110997, -0.132586, -0.285921, 0.0422615, 0.0198007, -0.490443, 0, 0, 0, 8, 0, 0, 0, 0.329229, -0.0129263, 0.510716, 0.486346, -0.0158237, 0.742576, 0.996195, -3.71201e-12, -0.0871557, -4.46982e-12, -1, -8.49977e-12, -0.0871557, 8.857e-12, -0.996195, 1
8.45, 2025-07-03__00-38-54.732109, -0.0471916, -0.400801, 0.0252741, -1.62007, -0.019503, 1.09599, 0.710779, 0.00335267, -0.00159703, -0.00179804, 0.000119205, 3.52013e-05, 0.000315591, 0.000286558, 0.160177, -0.0517522, -0.131796, -0.345612, 0.0411308, 0.0124265, -0.495975, 0, 0, 0, 8, 0, 0, 0, 0.329229, -0.012928, 0.510717, 0.486346, -0.0158237, 0.742576, 0.996195, -3.71201e-12, -0.0871557, -4.46982e-12, -1, -8.49977e-12, -0.0871557, 8.857e-12, -0.996195, 1
8.46, 2025-07-03__00-38-54.742109, -0.047197, -0.400794, 0.0252847, -1.62007, -0.0195037, 1.09599, 0.710776, -0.00122501, -0.000233884, 0.000749166, 0.00133469, -5.1547e-05, -0.000301853, -8.24142e-05, 0.174121, -0.0971259, -0.124256, -0.346192, 0.0441392, 0.0151699, -0.493506, 0, 0, 0, 8, 0, 0, 0, 0.329228, -0.0129256, 0.510713, 0.486346, -0.0158237, 0.742576, 0.996195, -3.71201e-12, -0.0871557, -4.46982e-12, -1, -8.49977e-12, -0.0871557, 8.857e-12, -0.996195, 1
8.47, 2025-07-03__00-38-54.752113, -0.0471946, -0.40079, 0.0252905, -1.62007, -0.0195037, 1.09599, 0.710779, -0.00754218, 0.000755329, 0.00117468, 0.000771097, -0.00951362, -0.000325691, 0.00148436, 0.258675, -0.171337, -0.0130337, -0.303114, 0.118863, 0.0161642, -0.503142, 0, 0, 0, 8, 0, 0, 0, 0.329228, -0.0129249, 0.510711, 0.486346, -0.0158237, 0.742576, 0.996195, -3.71201e-12, -0.0871557, -4.46982e-12, -1, -8.49977e-12, -0.0871557, 8.857e-12, -0.996195, 1
8.48, 2025-07-03__00-38-54.762110, -0.0471885, -0.400793, 0.0252906, -1.62008, -0.0194991, 1.09599, 0.710773, 0.000596635, -9.45504e-05, 0.00147075, 0.00109963, 0.00382656, 0.000128022, -0.00125661, 0.134415, -0.108139, -0.180712, -0.319691, 0.0131453, 0.0130855, -0.485598, 0, 0, 0, 8, 0, 0, 0, 0.329228, -0.0129259, 0.510711, 0.486346, -0.0158237, 0.742576, 0.996195, -3.71201e-12, -0.0871557, -4.46982e-12, -1, -8.49977e-12, -0.0871557, 8.857e-12, -0.996195, 1
8.49, 2025-07-03__00-38-54.772124, -0.0471859, -0.400788, 0.0252906, -1.62008, -0.0194991, 1.09599, 0.710782, -0.000113817, 0.000752785, 0.00114707, -0.000495884, 0.000503279, -0.00013116, 0.00138388, 0.155482, -0.189238, -0.152139, -0.254957, 0.0384407, 0.0172531, -0.501976, 0, 0, 0, 8, 0, 0, 0, 0.329228, -0.0129229, 0.510711, 0.486346, -0.0158237, 0.742576, 0.996195, -3.71201e-12, -0.0871557, -4.46982e-12, -1, -8.49977e-12, -0.0871557, 8.857e-12, -0.996195, 1
8.5, 2025-07-03__00-38-54.782111, -0.0471902, -0.400788, 0.0252854, -1.62008, -0.019503, 1.09599, 0.710778, -0.000358254, 0.000633927, -0.000632688, 0.00129903, 6.53271e-06, -0.000439346, -0.000655753, 0.186202, -0.146997, -0.102392, -0.306283, 0.0461587, 0.0169003, -0.489939, 0, 0, 0, 8, 0, 0, 0, 0.329227, -0.0129241, 0.510707, 0.486346, -0.0158237, 0.742576, 0.996195, -3.71201e-12, -0.0871557, -4.46982e-12, -1, -8.49977e-12, -0.0871557, 8.857e-12, -0.996195, 1
8.51, 2025-07-03__00-38-54.792115, -0.047191, -0.400793, 0.0252803, -1.62008, -0.0195037, 1.09599, 0.710781, 0.000327785, -0.000512975, -0.00078014, -0.000897572, -0.00032002, -5.89665e-05, 0.00137224, 0.181035, -0.136251, -0.109189, -0.27208, 0.0476132, 0.017233, -0.502526, 0, 0, 0, 8, 0, 0, 0, 0.329228, -0.0129272, 0.510711, 0.486346, -0.0158237, 0.742576, 0.996195, -3.71201e-12, -0.0871557, -4.46982e-12, -1, -8.49977e-12, -0.0871557, 8.857e-12, -0.996195, 1
8.52, 2025-07-03__00-38-54.802114, -0.0471937, -0.40079, 0.0252826, -1.62007, -0.0195037, 1.09599, 0.710779, -8.8253e-05, 0.000880847, 0.000743674, -0.000173907, -0.00010712, 0.000212592, 0.0010434, 0.163227, -0.185062, -0.140006, -0.280901, 0.0435, 0.0138929, -0.500362, 0, 0, 0, 8, 0, 0, 0, 0.329229, -0.0129278, 0.510716, 0.486346, -0.0158237, 0.742576, 0.996195, -3.71201e-12, -0.0871557, -4.46982e-12, -1, -8.49977e-12, -0.0871557, 8.857e-12, -0.996195, 1
8.53, 2025-07-03__00-38-54.812115, -0.047192, -0.400796, 0.0252773, -1.62008, -0.019503, 1.09599, 0.710776, 0.000866734, 0.000218987, -0.000754214, -0.000870915, 0.000100413, 1.09123e-05, -0.00636592, 0.174335, -0.169567, -0.118419, -0.257485, 0.0441661, 0.0167727, -0.455437, 0, 0, 0, 8, 0, 0, 0, 0.329229, -0.0129286, 0.510717, 0.486346, -0.0158237, 0.742576, 0.996195, -3.71201e-12, -0.0871557, -4.46982e-12, -1, -8.49977e-12, -0.0871557, 8.857e-12, -0.996195, 1
8.54, 2025-07-03__00-38-54.822112, -0.0471962, -0.400793, 0.0252751, -1.62007, -0.019503, 1.09599, 0.710776, -0.000526082, 0.00599051, -0.000295375, 0.00122678, 0.000175714, -0.000196491, -0.000977666, 0.18993, -0.405046, -0.10112, -0.207924, 0.0471385, 0.014686, -0.488279, 0, 0, 0, 8, 0, 0, 0, 0.329228, -0.0129282, 0.510712, 0.486346, -0.0158237, 0.742576, 0.996195, -3.71201e-12, -0.0871557, -4.46982e-12, -1, -8.49977e-12, -0.0871557, 8.857e-12, -0.996195, 1
8.55, 2025-07-03__00-38-54.832115, -0.0471917, -0.400797, 0.02528, -1.62007, -0.0195069, 1.09599, 0.710779, -1.78267e-05, -0.000471241, 0.000303562, 0.00121933, -7.42357e-06, -0.00042003, 0.000319384, 0.166822, -0.085855, -0.132016, -0.348776, 0.0427037, 0.0160213, -0.496178, 0, 0, 0, 8, 0, 0, 0, 0.329227, -0.0129275, 0.510714, 0.486346, -0.0158237, 0.742576, 0.996195, -3.71201e-12, -0.0871557, -4.46982e-12, -1, -8.49977e-12, -0.0871557, 8.857e-12, -0.996195, 1
8.56, 2025-07-03__00-38-54.842113, -0.0471967, -0.400796, 0.0252769, -1.62007, -0.019503, 1.09599, 0.710774, -0.000779642, 0.000577489, 1.47693e-05, 0.000454919, 6.56105e-05, -0.00020702, -0.00125814, 0.181883, -0.155572, -0.11122, -0.304866, 0.0451324, 0.0157871, -0.486481, 0, 0, 0, 8, 0, 0, 0, 0.329227, -0.0129294, 0.510713, 0.486346, -0.0158237, 0.742576, 0.996195, -3.71201e-12, -0.0871557, -4.46982e-12, -1, -8.49977e-12, -0.0871557, 8.857e-12, -0.996195, 1
8.57, 2025-07-03__00-38-54.852112, -0.0471917, -0.400799, 0.0252795, -1.62008, -0.0195043, 1.09599, 0.710781, -0.00117519, -0.000773859, -0.000137907, -0.000546019, -0.000301168, -6.28794e-05, 0.00128904, 0.187869, -0.114464, -0.102456, -0.287661, 0.0484365, 0.0165485, -0.502146, 0, 0, 0, 8, 0, 0, 0, 0.329229, -0.0129289, 0.510717, 0.486346, -0.0158237, 0.742576, 0.996195, -3.71201e-12, -0.0871557, -4.46982e-12, -1, -8.49977e-12, -0.0871557, 8.857e-12, -0.996195, 1
8.58, 2025-07-03__00-38-54.862113, -0.0471913, -0.400793, 0.0252854, -1.62008, -0.019503, 1.09599, 0.710779, 0.00110482, 0.000823192, 0.000388826, -3.13645e-05, -0.00687232, 0.000169983, -0.00293649, 0.167346, -0.183858, -0.132803, -0.264744, 0.0872118, 0.0142307, -0.475954, 0, 0, 0, 8, 0, 0, 0, 0.329229, -0.012924, 0.510716, 0.486346, -0.0158237, 0.742576, 0.996195, -3.71201e-12, -0.0871557, -4.46982e-12, -1, -8.49977e-12, -0.0871557, 8.857e-12, -0.996195, 1
8.59, 2025-07-03__00-38-54.872114, -0.0471945, -0.400793, 0.0252826, -1.62008, -0.0194998, 1.09599, 0.710778, -0.00109902, 0.000442047, -0.00088088, -0.000310629, -0.00031258, -0.000145551, -0.00296403, 0.199746, -0.172099, -0.0836788, -0.266808, 0.0507303, 0.0171185, -0.476074, 0, 0, 0, 8, 0, 0, 0, 0.329227, -0.0129246, 0.510713, 0.486346, -0.0158237, 0.742576, 0.996195, -3.71201e-12, -0.0871557, -4.46982e-12, -1, -8.49977e-12, -0.0871557, 8.857e-12, -0.996195, 1
8.6, 2025-07-03__00-38-54.882113, -0.0471863, -0.40079, 0.0252879, -1.62008, -0.019503, 1.09599, 0.710778, 7.47419e-05, 0.000763297, -0.000393655, -0.00030244, 0.000204637, 0.000142681, 0.000233132, 0.177442, -0.186483, -0.115931, -0.260668, 0.0441099, 0.0151051, -0.495111, 0, 0, 0, 8, 0, 0, 0, 0.329228, -0.0129205, 0.510712, 0.486346, -0.0158237, 0.742576, 0.996195, -3.71201e-12, -0.0871557, -4.46982e-12, -1, -8.49977e-12, -0.0871557, 8.857e-12, -0.996195, 1
8.61, 2025-07-03__00-38-54.892114, -0.0471884, -0.400793, 0.0252879, -1.62008, -0.0195037, 1.09599, 0.710781, 0.00067938, -0.0013681, 0.000677413, -0.00146351, -7.21031e-05, -0.000160992, 0.000902562, 0.152501, -0.104166, -0.153741, -0.275216, 0.0413756, 0.0186836, -0.499284, 0, 0, 0, 8, 0, 0, 0, 0.329229, -0.012925, 0.51071, 0.486346, -0.0158237, 0.742576, 0.996195, -3.71201e-12, -0.0871557, -4.46982e-12, -1, -8.49977e-12, -0.0871557, 8.857e-12, -0.996195, 1
8.62, 2025-07-03__00-38-54.902114, -0.0471906, -0.400792, 0.0252823, -1.62008, -0.0195024, 1.09599, 0.710778, -0.00461051, -0.000826354, -0.000686962, 0.000790937, -0.00373265, 0.000424722, -0.0011728, 0.241358, -0.0919763, -0.0274135, -0.323195, 0.0787708, 0.0115915, -0.487135, 0, 0, 0, 8, 0, 0, 0, 0.329229, -0.0129251, 0.51071, 0.486346, -0.0158237, 0.742576, 0.996195, -3.71201e-12, -0.0871557, -4.46982e-12, -1, -8.49977e-12, -0.0871557, 8.857e-12, -0.996195, 1
8.63, 2025-07-03__00-38-54.912115, -0.047191, -0.400791, 0.0252801, -1.62008, -0.0195024, 1.09599, 0.710779, 0.00165707, 0.000779303, -0.00116224, 0.00021702, 0.000210444, -0.000184285, 0.000209005, 0.171951, -0.174659, -0.119796, -0.274767, 0.0427459, 0.0165669, -0.49529, 0, 0, 0, 8, 0, 0, 0, 0.329229, -0.012925, 0.510716, 0.486346, -0.0158237, 0.742576, 0.996195, -3.71201e-12, -0.0871557, -4.46982e-12, -1, -8.49977e-12, -0.0871557, 8.857e-12, -0.996195, 1
8.64, 2025-07-03__00-38-54.922112, -0.047196, -0.400796, 0.0252765, -1.62007, -0.0195049, 1.09599, 0.710773, -0.000901093, -0.000732532, -0.000888617, 9.94509e-05, -0.000468937, 2.48795e-05, -0.000623137, 0.196648, -0.100812, -0.0870948, -0.323697, 0.0507839, 0.0147239, -0.490407, 0, 0, 0, 8, 0, 0, 0, 0.329229, -0.0129287, 0.510716, 0.486346, -0.0158237, 0.742576, 0.996195, -3.71201e-12, -0.0871557, -4.46982e-12, -1, -8.49977e-12, -0.0871557, 8.857e-12, -0.996195, 1
8.65, 2025-07-03__00-38-54.932112, -0.0471938, -0.400798, 0.0252744, -1.62008, -0.0195029, 1.09599, 0.71078, -8.87348e-05, -0.000652586, -0.000919686, 0.00053318, 0.000212711, -0.000551904, 0.00040901, 0.186897, -0.0967014, -0.0999091, -0.314444, 0.0445407, 0.0184327, -0.496912, 0, 0, 0, 8, 0, 0, 0, 0.329227, -0.0129286, 0.510713, 0.486346, -0.0158237, 0.742576, 0.996195, -3.71201e-12, -0.0871557, -4.46982e-12, -1, -8.49977e-12, -0.0871557, 8.857e-12, -0.996195, 1
8.66, 2025-07-03__00-38-54.942113, -0.0471969, -0.400796, 0.0252698, -1.62008, -0.0195024, 1.09599, 0.710773, 9.87922e-05, 0.000589753, -0.00231919, 0.000341613, 0.000384337, 9.30795e-05, -0.00057196, 0.207931, -0.163904, -0.0661737, -0.282968, 0.0473653, 0.0144425, -0.490871, 0, 0, 0, 8, 0, 0, 0, 0.329226, -0.012929, 0.510715, 0.486346, -0.0158237, 0.742576, 0.996195, -3.71201e-12, -0.0871557, -4.46982e-12, -1, -8.49977e-12, -0.0871557, 8.857e-12, -0.996195, 1
8.67, 2025-07-03__00-38-54.952113, -0.0471931, -0.400799, 0.0252769, -1.62008, -0.0195029, 1.09599, 0.710778, 0.000312282, -0.000179196, 0.000339127, -0.000149722, 8.13402e-05, -0.000246317, -0.000166508, 0.163657, -0.132497, -0.137067, -0.285875, 0.0419581, 0.0172172, -0.493112, 0, 0, 0, 8, 0, 0, 0, 0.329227, -0.0129289, 0.510714, 0.486346, -0.0158237, 0.742576, 0.996195, -3.71201e-12, -0.0871557, -4.46982e-12, -1, -8.49977e-12, -0.0871557, 8.857e-12, -0.996195, 1
8.68, 2025-07-03__00-38-54.962113, -0.0471962, -0.400796, 0.0252801, -1.62008, -0.019503, 1.09599, 0.710773, -0.000514284, 0.000433448, 0.000270539, 0.000352543, 0.000134265, 0.000378296, -0.000911949, 0.174447, -0.1538, -0.122387, -0.286659, 0.0435257, 0.0123372, -0.488386, 0, 0, 0, 8, 0, 0, 0, 0.329229, -0.0129277, 0.510716, 0.486346, -0.0158237, 0.742576, 0.996195, -3.71201e-12, -0.0871557, -4.46982e-12, -1, -8.49977e-12, -0.0871557, 8.857e-12, -0.996195, 1
8.69, 2025-07-03__00-38-54.972112, -0.0471967, -0.400799, 0.0252769, -1.62007, -0.0195037, 1.09599, 0.710775, -0.000341899, -0.000817102, -0.00134032, 0.00135579, 0.00290031, -0.000109, -0.00106519, 0.190342, -0.0660456, -0.0930703, -0.36182, 0.0278416, 0.0138165, -0.487861, 0, 0, 0, 8, 0, 0, 0, 0.329229, -0.0129278, 0.510717, 0.486346, -0.0158237, 0.742576, 0.996195, -3.71201e-12, -0.0871557, -4.46982e-12, -1, -8.49977e-12, -0.0871557, 8.857e-12, -0.996195, 1
8.7, 2025-07-03__00-38-54.982111, -0.0471917, -0.400796, 0.025285, -1.62007, -0.0195025, 1.09599, 0.710773, -0.000153814, 0.00237944, -0.000150911, 0.00172022, -0.00664835, -0.000129558, -0.000387053, 0.191, -0.219153, -0.0984843, -0.298114, 0.0895913, 0.0131927, -0.491244, 0, 0, 0, 8, 0, 0, 0, 0.329227, -0.0129258, 0.510713, 0.486346, -0.0158237, 0.742576, 0.996195, -3.71201e-12, -0.0871557, -4.46982e-12, -1, -8.49977e-12, -0.0871557, 8.857e-12, -0.996195, 1
8.71, 2025-07-03__00-38-54.992114, -0.0471907, -0.400797, 0.0252906, -1.62007, -0.0195005, 1.09598, 0.710774, -0.000584939, -0.000960238, 0.0021292, -0.00143409, -0.000380489, -0.00052906, -0.000937418, 0.145537, -0.121038, -0.169367, -0.285236, 0.0422392, 0.0211076, -0.48762, 0, 0, 0, 8, 0, 0, 0, 0.329229, -0.0129241, 0.510717, 0.486346, -0.0158237, 0.742576, 0.996195, -3.71201e-12, -0.0871557, -4.46982e-12, -1, -8.49977e-12, -0.0871557, 8.857e-12, -0.996195, 1
8.72, 2025-07-03__00-38-55.002114, -0.0471958, -0.400796, 0.0252854, -1.62007, -0.0194998, 1.09599, 0.710779, -0.00180296, 6.74283e-05, -0.000363559, 0.000255302, 0.000177396, -0.00037696, 0.00111911, 0.198247, -0.136428, -0.0875857, -0.31005, 0.046984, 0.0172311, -0.500859, 0, 0, 0, 8, 0, 0, 0, 0.329229, -0.0129237, 0.510716, 0.486346, -0.0158237, 0.742576, 0.996195, -3.71201e-12, -0.0871557, -4.46982e-12, -1, -8.49977e-12, -0.0871557, 8.857e-12, -0.996195, 1
8.73, 2025-07-03__00-38-55.012116, -0.0471907, -0.400785, 0.0252879, -1.62008, -0.0195033, 1.09599, 0.710775, -0.000632129, 0.0018057, 0.000426771, -0.00050905, -3.82151e-05, -0.000448973, 0.000245143, 0.174908, -0.244104, -0.123483, -0.230464, 0.0455558, 0.0196267, -0.495085, 0, 0, 0, 8, 0, 0, 0, 0.32923, -0.0129226, 0.510714, 0.486346, -0.0158237, 0.742576, 0.996195, -3.71201e-12, -0.0871557, -4.46982e-12, -1, -8.49977e-12, -0.0871557, 8.857e-12, -0.996195, 1
8.74, 2025-07-03__00-38-55.022112, -0.0471937, -0.400799, 0.0252801, -1.62007, -0.0195005, 1.09599, 0.71078, -0.00072953, -0.000947627, -0.00149545, 0.000463213, -0.000132958, -5.23011e-05, 0.0016702, 0.20301, -0.0811837, -0.0756881, -0.338999, 0.0493371, 0.0145978, -0.504412, 0, 0, 0, 8, 0, 0, 0, 0.329228, -0.0129247, 0.510718, 0.486346, -0.0158237, 0.742576, 0.996195, -3.71201e-12, -0.0871557, -4.46982e-12, -1, -8.49977e-12, -0.0871557, 8.857e-12, -0.996195, 1
8.75, 2025-07-03__00-38-55.032113, -0.0471882, -0.400793, 0.0252801, -1.62007, -0.019503, 1.09599, 0.710777, 0.000805971, 0.00164487, -0.000638418, 0.000659161, 9.89983e-05, -0.000372404, 0.000603722, 0.174456, -0.20352, -0.118722, -0.2871, 0.0440629, 0.0166638, -0.497562, 0, 0, 0, 8, 0, 0, 0, 0.329227, -0.0129264, 0.510713, 0.486346, -0.0158237, 0.742576, 0.996195, -3.71201e-12, -0.0871557, -4.46982e-12, -1, -8.49977e-12, -0.0871557, 8.857e-12, -0.996195, 1
8.76, 2025-07-03__00-38-55.042113, -0.047191, -0.400799, 0.0252802, -1.62008, -0.0195037, 1.09599, 0.710777, 0.000329215, -0.000123029, 0.000675983, -1.84715e-06, 3.56061e-05, 0.000462198, 0.000762002, 0.158003, -0.131583, -0.146106, -0.289733, 0.0414008, 0.0120748, -0.498565, 0, 0, 0, 8, 0, 0, 0, 0.329227, -0.0129255, 0.510714, 0.486346, -0.0158237, 0.742576, 0.996195, -3.71201e-12, -0.0871557, -4.46982e-12, -1, -8.49977e-12, -0.0871557, 8.857e-12, -0.996195, 1
8.77, 2025-07-03__00-38-55.052110, -0.0471992, -0.400796, 0.0252793, -1.62008, -0.0195037, 1.09599, 0.710782, -0.00121905, 3.55844e-05, -2.08663e-05, -0.00028154, -0.000176446, 9.93628e-05, 0.00103829, 0.187649, -0.149466, -0.103691, -0.277193, 0.0476186, 0.0151603, -0.500822, 0, 0, 0, 8, 0, 0, 0, 0.329227, -0.0129293, 0.510713, 0.486346, -0.0158237, 0.742576, 0.996195, -3.71201e-12, -0.0871557, -4.46982e-12, -1, -8.49977e-12, -0.0871557, 8.857e-12, -0.996195, 1
8.78, 2025-07-03__00-38-55.062114, -0.0471993, -0.400802, 0.0252723, -1.62007, -0.0195037, 1.09599, 0.710781, -0.00242413, -0.00181663, -0.00113141, 0.00144634, -0.000726364, -0.000322644, 0.000768451, 0.217247, -0.0180068, -0.0573226, -0.384191, 0.0547995, 0.014972, -0.499554, 0, 0, 0, 8, 0, 0, 0, 0.329229, -0.0129295, 0.510716, 0.486346, -0.0158237, 0.742576, 0.996195, -3.71201e-12, -0.0871557, -4.46982e-12, -1, -8.49977e-12, -0.0871557, 8.857e-12, -0.996195, 1
8.79, 2025-07-03__00-38-55.072109, -0.0471932, -0.400802, 0.0252797, -1.62008, -0.0195029, 1.09599, 0.710779, 0.00056741, -0.00129592, 0.000251992, -0.000746444, 7.86811e-05, 0.000536536, 0.000840441, 0.160723, -0.0893726, -0.140498, -0.295373, 0.0413742, 0.0125583, -0.499205, 0, 0, 0, 8, 0, 0, 0, 0.329228, -0.0129278, 0.510718, 0.486346, -0.0158237, 0.742576, 0.996195, -3.71201e-12, -0.0871557, -4.46982e-12, -1, -8.49977e-12, -0.0871557, 8.857e-12, -0.996195, 1
8.8, 2025-07-03__00-38-55.082116, -0.0471931, -0.400794, 0.025285, -1.62008, -0.0194998, 1.09599, 0.710776, 0.000736065, 0.00103107, 0.00144452, -0.00102384, 0.00018145, 0.000299713, -0.000397953, 0.142835, -0.210937, -0.170794, -0.235745, 0.0385535, 0.0148366, -0.49115, 0, 0, 0, 8, 0, 0, 0, 0.329229, -0.0129282, 0.510717, 0.486346, -0.0158237, 0.742576, 0.996195, -3.71201e-12, -0.0871557, -4.46982e-12, -1, -8.49977e-12, -0.0871557, 8.857e-12, -0.996195, 1
8.81, 2025-07-03__00-38-55.092096, -0.0471919, -0.400796, 0.0252832, -1.62007, -0.0195019, 1.09599, 0.710778, 7.64336e-05, -0.000687675, 5.43576e-05, 0.000961411, 0.000202471, -0.000119988, 0.00047411, 0.169025, -0.0813192, -0.127943, -0.346854, 0.0416322, 0.0143782, -0.49683, 0, 0, 0, 8, 0, 0, 0, 0.329229, -0.0129251, 0.510716, 0.486346, -0.0158237, 0.742576, 0.996195, -3.71201e-12, -0.0871557, -4.46982e-12, -1, -8.49977e-12, -0.0871557, 8.857e-12, -0.996195, 1
8.82, 2025-07-03__00-38-55.102115, -0.047186, -0.400793, 0.0252853, -1.62007, -0.019504, 1.09599, 0.710779, 0.00154118, 0.000266707, 0.00014201, 0.00118196, -0.00711159, -0.000136006, -0.000295209, 0.165367, -0.12624, -0.133502, -0.329405, 0.0878899, 0.0140427, -0.491902, 0, 0, 0, 8, 0, 0, 0, 0.329228, -0.0129258, 0.510711, 0.486346, -0.0158237, 0.742576, 0.996195, -3.71201e-12, -0.0871557, -4.46982e-12, -1, -8.49977e-12, -0.0871557, 8.857e-12, -0.996195, 1
8.83, 2025-07-03__00-38-55.112117, -0.047191, -0.400788, 0.0252871, -1.62008, -0.019503, 1.09599, 0.710778, -0.000735676, 0.00202756, 0.000819576, -0.000355379, -0.000354272, -0.000470148, 0.000381118, 0.170964, -0.250252, -0.130513, -0.230011, 0.0468653, 0.0194151, -0.496065, 0, 0, 0, 8, 0, 0, 0, 0.329229, -0.0129246, 0.510716, 0.486346, -0.0158237, 0.742576, 0.996195, -3.71201e-12, -0.0871557, -4.46982e-12, -1, -8.49977e-12, -0.0871557, 8.857e-12, -0.996195, 1
8.84, 2025-07-03__00-38-55.122112, -0.0471885, -0.400794, 0.0252854, -1.62008, -0.0195024, 1.09599, 0.71078, 0.000115264, -4.52797e-05, -0.000217964, -0.000716881, 0.0025925, -0.000538062, 0.000330077, 0.16923, -0.152905, -0.127566, -0.267267, 0.0273278, 0.0203069, -0.495912, 0, 0, 0, 8, 0, 0, 0, 0.329228, -0.0129231, 0.510712, 0.486346, -0.0158237, 0.742576, 0.996195, -3.71201e-12, -0.0871557, -4.46982e-12, -1, -8.49977e-12, -0.0871557, 8.857e-12, -0.996195, 1
8.85, 2025-07-03__00-38-55.132116, -0.047191, -0.400791, 0.0252825, -1.62008, -0.019503, 1.09599, 0.710776, 0.0027067, 0.000715668, -0.000286175, -0.00137917, 0.000177413, 5.5995e-05, -0.000982478, 0.146612, -0.203852, -0.158331, -0.232905, 0.0393597, 0.017181, -0.487724, 0, 0, 0, 8, 0, 0, 0, 0.329229, -0.0129279, 0.510716, 0.486346, -0.0158237, 0.742576, 0.996195, -3.71201e-12, -0.0871557, -4.46982e-12, -1, -8.49977e-12, -0.0871557, 8.857e-12, -0.996195, 1
8.86, 2025-07-03__00-38-55.142111, -0.047191, -0.400796, 0.0252854, -1.62008, -0.019503, 1.09599, 0.710778, -0.000179491, -0.000923965, 0.00107216, -0.00181537, -0.000115032, 5.28578e-05, -0.000421625, 0.157185, -0.133286, -0.149424, -0.256077, 0.0426313, 0.0176501, -0.491237, 0, 0, 0, 8, 0, 0, 0, 0.32923, -0.0129265, 0.510715, 0.486346, -0.0158237, 0.742576, 0.996195, -3.71201e-12, -0.0871557, -4.46982e-12, -1, -8.49977e-12, -0.0871557, 8.857e-12, -0.996195, 1
8.87, 2025-07-03__00-38-55.152112, -0.0471884, -0.400796, 0.0252773, -1.62008, -0.0195029, 1.09599, 0.710781, 0.00138573, -0.000521452, -0.0010821, 0.000478965, -0.00226383, 0.000411286, 0.00104318, 0.176982, -0.104707, -0.11259, -0.310789, 0.05881, 0.0118266, -0.50051, 0, 0, 0, 8, 0, 0, 0, 0.329227, -0.0129285, 0.510713, 0.486346, -0.0158237, 0.742576, 0.996195, -3.71201e-12, -0.0871557, -4.46982e-12, -1, -8.49977e-12, -0.0871557, 8.857e-12, -0.996195, 1
8.88, 2025-07-03__00-38-55.162112, -0.0471884, -0.400801, 0.0252773, -1.62008, -0.0195028, 1.09599, 0.710774, 0.00384489, -0.000940586, -0.000112421, -0.00102299, 0.000246571, -5.87706e-05, -0.00120396, 0.128913, -0.109657, -0.181786, -0.280055, 0.0353103, 0.0170704, -0.486323, 0, 0, 0, 8, 0, 0, 0, 0.329228, -0.0129278, 0.510718, 0.486346, -0.0158237, 0.742576, 0.996195, -3.71201e-12, -0.0871557, -4.46982e-12, -1, -8.49977e-12, -0.0871557, 8.857e-12, -0.996195, 1
8.89, 2025-07-03__00-38-55.172111, -0.0471942, -0.400793, 0.025277, -1.62007, -0.0195024, 1.09599, 0.710782, 0.000395244, 0.00146037, -0.00149546, 0.000795934, 0.000452809, 0.000180825, 0.00111138, 0.191998, -0.192867, -0.091483, -0.295747, 0.0444392, 0.0127181, -0.501214, 0, 0, 0, 8, 0, 0, 0, 0.329229, -0.0129287, 0.510716, 0.486346, -0.0158237, 0.742576, 0.996195, -3.71201e-12, -0.0871557, -4.46982e-12, -1, -8.49977e-12, -0.0871557, 8.857e-12, -0.996195, 1
8.9, 2025-07-03__00-38-55.182152, -0.0471919, -0.400793, 0.0252742, -1.62008, -0.019505, 1.09599, 0.710776, 0.000688552, 0.000545506, -0.000960088, -0.000162823, -0.000645885, -0.000170089, -0.000965175, 0.181642, -0.17211, -0.107602, -0.269019, 0.0498971, 0.0169755, -0.488328, 0, 0, 0, 8, 0, 0, 0, 0.329227, -0.0129287, 0.510714, 0.486346, -0.0158237, 0.742576, 0.996195, -3.71201e-12, -0.0871557, -4.46982e-12, -1, -8.49977e-12, -0.0871557, 8.857e-12, -0.996195, 1
8.91, 2025-07-03__00-38-55.192127, -0.0471913, -0.400801, 0.0252741, -1.62008, -0.0195005, 1.09599, 0.710782, 0.000217833, -0.001249, -0.000547369, -0.000812963, 5.49435e-06, -0.000424434, 0.0010403, 0.177804, -0.094916, -0.113964, -0.290947, 0.0445157, 0.0193587, -0.500661, 0, 0, 0, 8, 0, 0, 0, 0.329227, -0.0129295, 0.510714, 0.486346, -0.0158237, 0.742576, 0.996195, -3.71201e-12, -0.0871557, -4.46982e-12, -1, -8.49977e-12, -0.0871557, 8.857e-12, -0.996195, 1
8.92, 2025-07-03__00-38-55.202127, -0.0471939, -0.400796, 0.0252801, -1.62008, -0.0195062, 1.09599, 0.710775, 0.000244158, -3.57795e-05, 0.000294199, -0.000794383, -0.00625459, -0.000430643, -0.00161313, 0.177078, -0.158099, -0.119267, -0.26194, 0.0848816, 0.0193933, -0.484137, 0, 0, 0, 8, 0, 0, 0, 0.329228, -0.012927, 0.510712, 0.486346, -0.0158237, 0.742576, 0.996195, -3.71201e-12, -0.0871557, -4.46982e-12, -1, -8.49977e-12, -0.0871557, 8.857e-12, -0.996195, 1
8.93, 2025-07-03__00-38-55.212126, -0.0471945, -0.400796, 0.025285, -1.62008, -0.0195024, 1.09599, 0.710779, -0.0015295, -0.000509238, 0.000192205, -0.00061254, 0.0021305, 0.000268843, 0.000224724, 0.182271, -0.128883, -0.111648, -0.280964, 0.0321863, 0.0145457, -0.495462, 0, 0, 0, 8, 0, 0, 0, 0.329227, -0.012926, 0.510713, 0.486346, -0.0158237, 0.742576, 0.996195, -3.71201e-12, -0.0871557, -4.46982e-12, -1, -8.49977e-12, -0.0871557, 8.857e-12, -0.996195, 1
8.94, 2025-07-03__00-38-55.222126, -0.0471912, -0.400791, 0.0252832, -1.62008, -0.0195026, 1.09599, 0.710775, -0.000456677, 0.00109545, 6.91899e-05, -0.00155113, -6.08212e-05, -0.00052851, -0.00125696, 0.178205, -0.229664, -0.117545, -0.218003, 0.0462997, 0.0215303, -0.486123, 0, 0, 0, 8, 0, 0, 0, 0.329229, -0.0129239, 0.510717, 0.486346, -0.0158237, 0.742576, 0.996195, -3.71201e-12, -0.0871557, -4.46982e-12, -1, -8.49977e-12, -0.0871557, 8.857e-12, -0.996195, 1
8.95, 2025-07-03__00-38-55.232126, -0.047191, -0.400788, 0.0252871, -1.62008, -0.019504, 1.09599, 0.710778, -0.00103026, 0.00109635, 0.001269, -0.00103324, -0.00704962, 0.000223086, -0.00014532, 0.179161, -0.222193, -0.121294, -0.230221, 0.0907436, 0.0154451, -0.492832, 0, 0, 0, 8, 0, 0, 0, 0.329228, -0.012925, 0.510711, 0.486346, -0.0158237, 0.742576, 0.996195, -3.71201e-12, -0.0871557, -4.46982e-12, -1, -8.49977e-12, -0.0871557, 8.857e-12, -0.996195, 1
8.96, 2025-07-03__00-38-55.242127, -0.0471937, -0.400793, 0.0252879, -1.62008, -0.0195015, 1.09599, 0.710777, -0.000934656, -0.000315971, 0.00077322, -0.00048131, 0.00197307, 0.000119917, -0.000571595, 0.166782, -0.135126, -0.134977, -0.279985, 0.0306762, 0.0154582, -0.490321, 0, 0, 0, 8, 0, 0, 0, 0.329229, -0.0129232, 0.51071, 0.486346, -0.0158237, 0.742576, 0.996195, -3.71201e-12, -0.0871557, -4.46982e-12, -1, -8.49977e-12, -0.0871557, 8.857e-12, -0.996195, 1
8.97, 2025-07-03__00-38-55.252126, -0.0471931, -0.400794, 0.0252854, -1.62007, -0.0195031, 1.09599, 0.710781, -0.00153592, -0.00103661, 0.000177287, 0.00115437, 0.000216215, -2.23747e-07, 0.000682873, 0.184917, -0.0625792, -0.106976, -0.359231, 0.044057, 0.0133722, -0.498343, 0, 0, 0, 8, 0, 0, 0, 0.329228, -0.0129261, 0.510712, 0.486346, -0.0158237, 0.742576, 0.996195, -3.71201e-12, -0.0871557, -4.46982e-12, -1, -8.49977e-12, -0.0871557, 8.857e-12, -0.996195, 1
8.98, 2025-07-03__00-38-55.262127, -0.0471909, -0.400793, 0.0252832, -1.62007, -0.0195036, 1.09599, 0.710774, -0.000114131, -0.000491454, 0.000630458, 0.0012412, 0.00205266, -0.000253786, -0.0011696, 0.158734, -0.0848802, -0.144166, -0.350216, 0.0282854, 0.0150649, -0.486683, 0, 0, 0, 8, 0, 0, 0, 0.329229, -0.0129248, 0.51071, 0.486346, -0.0158237, 0.742576, 0.996195, -3.71201e-12, -0.0871557, -4.46982e-12, -1, -8.49977e-12, -0.0871557, 8.857e-12, -0.996195, 1
8.99, 2025-07-03__00-38-55.272126, -0.047191, -0.400796, 0.0252773, -1.62008, -0.019503, 1.09599, 0.710782, 0.000245325, -0.00133601, -0.00222192, -0.00086525, 0.000180134, 0.000259073, 0.00172511, 0.202483, -0.0955624, -0.0737407, -0.291972, 0.0476769, 0.0149769, -0.50491, 0, 0, 0, 8, 0, 0, 0, 0.329227, -0.0129277, 0.510713, 0.486346, -0.0158237, 0.742576, 0.996195, -3.71201e-12, -0.0871557, -4.46982e-12, -1, -8.49977e-12, -0.0871557, 8.857e-12, -0.996195, 1
9, 2025-07-03__00-38-55.282127, -0.0471937, -0.400801, 0.0252771, -1.62008, -0.019503, 1.09599, 0.710776, -0.000752054, -0.00131834, 0.000191835, -0.000629639, 0.0023253, 0.000211502, 0.000145726, 0.172569, -0.0866735, -0.124156, -0.298939, 0.0290291, 0.014776, -0.49503, 0, 0, 0, 8, 0, 0, 0, 0.329227, -0.0129278, 0.510714, 0.486346, -0.0158237, 0.742576, 0.996195, -3.71201e-12, -0.0871557, -4.46982e-12, -1, -8.49977e-12, -0.0871557, 8.857e-12, -0.996195, 1
9.01, 2025-07-03__00-38-55.292127, -0.0471969, -0.400798, 0.0252769, -1.62008, -0.019503, 1.09599, 0.710773, -0.000205643, -0.000658435, -0.000142941, 0.000998894, 0.00011802, 5.77476e-05, -0.00050514, 0.176138, -0.0855783, -0.117534, -0.328139, 0.0432829, 0.0135438, -0.49099, 0, 0, 0, 8, 0, 0, 0, 0.329229, -0.0129279, 0.510716, 0.486346, -0.0158237, 0.742576, 0.996195, -3.71201e-12, -0.0871557, -4.46982e-12, -1, -8.49977e-12, -0.0871557, 8.857e-12, -0.996195, 1
9.02, 2025-07-03__00-38-55.302126, -0.0471931, -0.400799, 0.0252748, -1.62008, -0.0195043, 1.09599, 0.710778, 2.93617e-05, -0.000403461, -0.000905062, -0.000619373, -0.000351582, -0.000213778, -0.000515052, 0.186794, -0.133761, -0.100724, -0.277692, 0.048678, 0.0177405, -0.491199, 0, 0, 0, 8, 0, 0, 0, 0.329227, -0.0129262, 0.510713, 0.486346, -0.0158237, 0.742576, 0.996195, -3.71201e-12, -0.0871557, -4.46982e-12, -1, -8.49977e-12, -0.0871557, 8.857e-12, -0.996195, 1
9.03, 2025-07-03__00-38-55.312127, -0.0471966, -0.400796, 0.0252796, -1.62008, -0.0195042, 1.09599, 0.710778, -0.000892456, -0.000730572, 0.000182365, -0.000656427, -0.000330737, -0.000486229, 0.00121833, 0.180109, -0.119547, -0.114431, -0.282759, 0.0473072, 0.0197192, -0.501613, 0, 0, 0, 8, 0, 0, 0, 0.329229, -0.0129278, 0.510716, 0.486346, -0.0158237, 0.742576, 0.996195, -3.71201e-12, -0.0871557, -4.46982e-12, -1, -8.49977e-12, -0.0871557, 8.857e-12, -0.996195, 1
9.04, 2025-07-03__00-38-55.322126, -0.0471888, -0.400796, 0.0252822, -1.62008, -0.019503, 1.09599, 0.710775, 0.000883641, -0.000117904, 0.000333097, -0.00113458, 4.13293e-05, 0.000205172, -0.00107868, 0.156954, -0.157443, -0.146481, -0.257875, 0.0416555, 0.0156454, -0.487138, 0, 0, 0, 8, 0, 0, 0, 0.329227, -0.0129264, 0.510713, 0.486346, -0.0158237, 0.742576, 0.996195, -3.71201e-12, -0.0871557, -4.46982e-12, -1, -8.49977e-12, -0.0871557, 8.857e-12, -0.996195, 1
9.05, 2025-07-03__00-38-55.332126, -0.0471945, -0.400793, 0.0252856, -1.62008, -0.0195019, 1.09599, 0.710777, -0.001239, 0.000592109, 0.000701393, -0.00169113, 9.63461e-05, -0.000304157, 0.00100142, 0.176683, -0.207615, -0.122294, -0.225394, 0.0448325, 0.0200612, -0.499907, 0, 0, 0, 8, 0, 0, 0, 0.329227, -0.0129236, 0.510713, 0.486346, -0.0158237, 0.742576, 0.996195, -3.71201e-12, -0.0871557, -4.46982e-12, -1, -8.49977e-12, -0.0871557, 8.857e-12, -0.996195, 1
9.06, 2025-07-03__00-38-55.342125, -0.0471912, -0.400789, 0.0252871, -1.62008, -0.019503, 1.09599, 0.710775, -0.000406922, 0.000793439, 0.000927524, 0.000288754, -9.90588e-06, 8.39833e-05, 0.000260085, 0.163194, -0.174685, -0.140567, -0.275784, 0.0428359, 0.0146318, -0.4952, 0, 0, 0, 8, 0, 0, 0, 0.329229, -0.012927, 0.51071, 0.486346, -0.0158237, 0.742576, 0.996195, -3.71201e-12, -0.0871557, -4.46982e-12, -1, -8.49977e-12, -0.0871557, 8.857e-12, -0.996195, 1
9.07, 2025-07-03__00-38-55.352127, -0.047191, -0.400793, 0.0252854, -1.62008, -0.0195037, 1.09599, 0.710783, -0.00382996, 0.00051025, 0.000107383, 0.000474237, -0.000478149, 0.000145352, 0.00113418, 0.215566, -0.160403, -0.0664434, -0.286497, 0.0543127, 0.0139025, -0.501244, 0, 0, 0, 8, 0, 0, 0, 0.329227, -0.0129253, 0.510713, 0.486346, -0.0158237, 0.742576, 0.996195, -3.71201e-12, -0.0871557, -4.46982e-12, -1, -8.49977e-12, -0.0871557, 8.857e-12, -0.996195, 1
9.08, 2025-07-03__00-38-55.362125, -0.0471884, -0.400793, 0.0252878, -1.62007, -0.0195024, 1.09599, 0.71078, 0.00201432, 7.43846e-05, 0.000491969, 0.00156605, 0.0001868, 5.5839e-05, 0.00118138, 0.140425, -0.103985, -0.168426, -0.347251, 0.0371183, 0.0122988, -0.500879, 0, 0, 0, 8, 0, 0, 0, 0.329224, -0.0129226, 0.510711, 0.486346, -0.0158237, 0.742576, 0.996195, -3.71201e-12, -0.0871557, -4.46982e-12, -1, -8.49977e-12, -0.0871557, 8.857e-12, -0.996195, 1
9.09, 2025-07-03__00-38-55.372126, -0.0471889, -0.400784, 0.0252952, -1.62009, -0.0195106, 1.09602, 0.710785, 0.0018581, 0.00564963, 0.00472999, -0.00289698, -0.00323391, 0.0197535, 0.00791144, 1.11704, 2.91752, 1.67792, -34.1291, -0.756277, 12, 0.0385734, 0, 0, 0, 8, 0, 0, 0, 0.329232, -0.0129263, 0.510711, 0.486346, -0.0158237, 0.142576, 0.996195, -3.71201e-12, -0.0871557, -4.46982e-12, -1, -8.49977e-12, -0.0871557, 8.857e-12, -0.996195, 1
9.1, 2025-07-03__00-38-55.382125, -0.0471855, -0.400776, 0.0254501, -1.62095, -0.0196346, 1.09886, 0.710894, 0.000699483, -0.00398382, 0.0217112, -0.146262, -0.0137449, 0.476739, 0.0137478, 0.87341, 0.831454, 1.21232, -29.7351, -0.66382, 9.18913, -0.00702661, 0, 0, 0, 8, 0, 0, 0, 0.330124, -0.0129353, 0.510508, 0.486346, -0.0158237, 0.142576, 0.996195, -3.71201e-12, -0.0871557, -4.46982e-12, -1, -8.49977e-12, -0.0871557, 8.857e-12, -0.996195, 1
9.11, 2025-07-03__00-38-55.392114, -0.0471256, -0.401903, 0.0256786, -1.62523, -0.0198595, 1.1117, 0.711153, 0.0111419, -0.155967, 0.021009, -0.497279, -0.0137133, 1.38162, 0.0334748, 0.545131, 3.37141, 0.695846, -20.2248, -0.605749, 2.94946, -0.158293, 0, 0, 0, 8, 0, 0, 0, 0.333425, -0.0130112, 0.509941, 0.486346, -0.0158237, 0.142576, 0.996195, -3.71201e-12, -0.0871557, -4.46982e-12, -1, -8.49977e-12, -0.0871557, 8.857e-12, -0.996195, 1
9.12, 2025-07-03__00-38-55.402112, -0.0470399, -0.404746, 0.025761, -1.63303, -0.0199306, 1.1294, 0.71137, 0.00281816, -0.315729, 0.00207637, -0.840956, -0.00873025, 1.85434, 0.0130298, 0.688626, 7.32159, 0.921696, -11.1604, -0.523153, -0.497672, -0.0619325, 0, 0, 0, 8, 0, 0, 0, 0.337988, -0.0131132, 0.508849, 0.486346, -0.0158237, 0.142576, 0.996195, -3.71201e-12, -0.0871557, -4.46982e-12, -1, -8.49977e-12, -0.0871557, 8.857e-12, -0.996195, 1
9.13, 2025-07-03__00-38-55.412111, -0.0469674, -0.408181, 0.0257491, -1.64223, -0.0199945, 1.14903, 0.711479, 0.00446092, -0.337691, -0.000696488, -0.935782, -0.00806836, 1.95714, 0.00963446, 0.574133, 10.2767, 0.790895, -7.78751, -0.504746, -1.83641, -0.0611658, 0, 0, 0, 8, 0, 0, 0, 0.342963, -0.0132677, 0.507553, 0.486346, -0.0158237, 0.142576, 0.996195, -3.71201e-12, -0.0871557, -4.46982e-12, -1, -8.49977e-12, -0.0871557, 8.857e-12, -0.996195, 1
9.14, 2025-07-03__00-38-55.422110, -0.0469433, -0.411024, 0.0257531, -1.65249, -0.0201107, 1.16741, 0.711529, -0.0010834, -0.266281, 0.0028105, -1.03899, -0.0180774, 1.78147, 0.0036004, 0.607445, 7.69237, 0.775848, -2.60732, -0.369093, -1.07879, -0.0312951, 0, 0, 0, 8, 0, 0, 0, 0.347512, -0.0134408, 0.505659, 0.486346, -0.0158237, 0.142576, 0.996195, -3.71201e-12, -0.0871557, -4.46982e-12, -1, -8.49977e-12, -0.0871557, 8.857e-12, -0.996195, 1
9.15, 2025-07-03__00-38-55.432109, -0.0469164, -0.413702, 0.0258785, -1.66259, -0.0203, 1.18358, 0.711541, 0.0038329, -0.281125, 0.0159311, -0.9775, -0.0289617, 1.58341, 0.0054047, 0.225328, 12.2804, 0.263996, -4.31219, -0.367747, -0.329929, -0.0434077, 0, 0, 0, 8, 0, 0, 0, 0.35128, -0.0135855, 0.503537, 0.486346, -0.0158237, 0.142576, 0.996195, -3.71201e-12, -0.0871557, -4.46982e-12, -1, -8.49977e-12, -0.0871557, 8.857e-12, -0.996195, 1
9.16, 2025-07-03__00-38-55.442109, -0.0468174, -0.416063, 0.0261011, -1.67181, -0.0204324, 1.19846, 0.711564, 0.00507453, -0.208012, 0.0226023, -0.922011, -0.0116329, 1.465, 0.00187311, 0.0393429, 12.2523, 0.00195728, -4.28972, -0.482331, -0.0622088, -0.0182271, 0, 0, 0, 8, 0, 0, 0, 0.35471, -0.0136364, 0.50165, 0.486346, -0.0158237, 0.142576, 0.996195, -3.71201e-12, -0.0871557, -4.46982e-12, -1, -8.49977e-12, -0.0871557, 8.857e-12, -0.996195, 1
9.17, 2025-07-03__00-38-55.452110, -0.0467599, -0.417384, 0.0264332, -1.68095, -0.0205255, 1.21213, 0.711624, -0.00128413, -0.111413, 0.0370398, -0.902383, -0.00388665, 1.3455, 0.00122497, -0.108134, 9.7503, -0.276113, -2.70039, -0.513297, 0.401651, -0.00426961, 0, 0, 0, 8, 0, 0, 0, 0.357588, -0.0136236, 0.499583, 0.486346, -0.0158237, 0.142576, 0.996195, -3.71201e-12, -0.0871557, -4.46982e-12, -1, -8.49977e-12, -0.0871557, 8.857e-12, -0.996195, 1
9.18, 2025-07-03__00-38-55.462110, -0.0467228, -0.41839, 0.0267834, -1.68949, -0.0206196, 1.22513, 0.711682, -0.00145728, -0.103407, 0.0375304, -0.825509, -0.0124337, 1.29238, 0.0122042, -0.197954, 12.6265, -0.350443, -4.81901, -0.474967, 0.304872, -0.0639669, 0, 0, 0, 8, 0, 0, 0, 0.36096, -0.01361, 0.497075, 0.486346, -0.0158237, 0.142576, 0.996195, -3.71201e-12, -0.0871557, -4.46982e-12, -1, -8.49977e-12, -0.0871557, 8.857e-12, -0.996195, 1
9.19, 2025-07-03__00-38-55.472110, -0.0466831, -0.418946, 0.0270927, -1.69738, -0.0206579, 1.23777, 0.711757, 0.000952567, -0.0320382, 0.0295653, -0.788857, -0.00557746, 1.24319, 0.00215008, -0.116334, 11.5255, -0.203147, -4.45547, -0.480152, 0.280543, 0.00351232, 0, 0, 0, 8, 0, 0, 0, 0.364047, -0.0135806, 0.494942, 0.486346, -0.0158237, 0.142576, 0.996195, -3.71201e-12, -0.0871557, -4.46982e-12, -1, -8.49977e-12, -0.0871557, 8.857e-12, -0.996195, 1
9.2, 2025-07-03__00-38-55.482109, -0.0467036, -0.418552, 0.0273332, -1.70528, -0.0207122, 1.24974, 0.711797, -0.00489616, 0.0477329, 0.0234793, -0.769311, -0.00706663, 1.18055, -0.000849095, 0.0874328, 9.23541, 0.0809091, -3.31683, -0.410758, 0.477193, 0.028881, 0, 0, 0, 8, 0, 0, 0, 0.366462, -0.0135978, 0.492928, 0.486346, -0.0158237, 0.142576, 0.996195, -3.71201e-12, -0.0871557, -4.46982e-12, -1, -8.49977e-12, -0.0871557, 8.857e-12, -0.996195, 1
9.21, 2025-07-03__00-38-55.492112, -0.0467038, -0.418068, 0.027582, -1.71279, -0.0207388, 1.26133, 0.711844, 0.000373627, 0.0560537, 0.0224613, -0.734283, -0.00743677, 1.15336, 0.00338806, -0.0154961, 10.6839, -0.0242037, -4.23817, -0.419369, 0.377749, 0.0105432, 0, 0, 0, 8, 0, 0, 0, 0.369948, -0.0136182, 0.489921, 0.486346, -0.0158237, 0.142576, 0.996195, -3.71201e-12, -0.0871557, -4.46982e-12, -1, -8.49977e-12, -0.0871557, 8.857e-12, -0.996195, 1
9.22, 2025-07-03__00-38-55.502110, -0.0466962, -0.417071, 0.0278782, -1.71987, -0.0207332, 1.27253, 0.711893, 0.00017352, 0.125672, 0.0346067, -0.69923, -0.00107682, 1.11812, 6.70229e-05, -0.20164, 9.09239, -0.322576, -3.81864, -0.466114, 0.387359, 0.042699, 0, 0, 0, 8, 0, 0, 0, 0.372835, -0.0135898, 0.487432, 0.486346, -0.0158237, 0.142576, 0.996195, -3.71201e-12, -0.0871557, -4.46982e-12, -1, -8.49977e-12, -0.0871557, 8.857e-12, -0.996195, 1
9.23, 2025-07-03__00-38-55.512109, -0.0466698, -0.415312, 0.028163, -1.72695, -0.0207558, 1.28344, 0.711992, 0.00351234, 0.181839, 0.0288159, -0.699592, -0.0054883, 1.08411, 0.0108602, -0.117566, 7.11076, -0.199687, -2.60431, -0.398789, 0.510197, -0.0120031, 0, 0, 0, 8, 0, 0, 0, 0.375725, -0.0135677, 0.484616, 0.486346, -0.0158237, 0.142576, 0.996195, -3.71201e-12, -0.0871557, -4.46982e-12, -1, -8.49977e-12, -0.0871557, 8.857e-12, -0.996195, 1
9.24, 2025-07-03__00-38-55.522110, -0.0466671, -0.413357, 0.0283989, -1.73385, -0.0207409, 1.29394, 0.712065, -0.00278666, 0.197788, 0.0213463, -0.689341, -0.00034013, 1.04599, 0.0070601, 0.0593565, 7.13951, 0.0742022, -10.6153, -0.397691, 0.650157, 0.0205788, 0, 0, 0, 0, 0, 0, 0, 0.378499, -0.0135537, 0.481743, 0.486346, -0.0158237, 0.142576, 0.996195, -3.71201e-12, -0.0871557, -4.46982e-12, -1, -8.49977e-12, -0.0871557, 8.857e-12, -0.996195, 0
9.25, 2025-07-03__00-38-55.532109, -0.0466879, -0.411144, 0.0286327, -1.74076, -0.0207319, 1.30429, 0.712145, -0.00382159, 0.220414, 0.0210902, -0.716674, 0.00189739, 1.03594, 0.0099078, 0.0789076, 5.97903, 0.0879837, -9.70457, -0.386043, 0.695116, 0.0135482, 0, 0, 0, 0, 0, 0, 0, 0.381236, -0.0135542, 0.478765, 0.486346, -0.0158237, 0.142576, 0.996195, -3.71201e-12, -0.0871557, -4.46982e-12, -1, -8.49977e-12, -0.0871557, 8.857e-12, -0.996195, 0
9.26, 2025-07-03__00-38-55.542110, -0.0466901, -0.409043, 0.0288746, -1.74849, -0.0207302, 1.31538, 0.712205, -0.00190168, 0.198966, 0.0258692, -0.787173, -0.0027358, 1.13399, 0.00133342, -0.0623865, 6.07408, -0.128031, -9.15876, -0.344437, 0.0517454, 0.0766465, 0, 0, 0, 0, 0, 0, 0, 0.38401, -0.0135472, 0.475503, 0.486346, -0.0158237, 0.142576, 0.996195, -3.71201e-12, -0.0871557, -4.46982e-12, -1, -8.49977e-12, -0.0871557, 8.857e-12, -0.996195, 0
9.27, 2025-07-03__00-38-55.552111, -0.0466728, -0.407024, 0.0290441, -1.75712, -0.0207225, 1.32703, 0.712254, 0.00416685, 0.202188, 0.013086, -0.890359, 0.0038904, 1.14378, 0.00276899, 0.0666601, 4.23185, 0.0551659, -7.32417, -0.324517, 0.112428, 0.0803091, 0, 0, 0, 0, 0, 0, 0, 0.38681, -0.0135634, 0.471943, 0.486346, -0.0158237, 0.142576, 0.996195, -3.71201e-12, -0.0871557, -4.46982e-12, -1, -8.49977e-12, -0.0871557, 8.857e-12, -0.996195, 0
9.28, 2025-07-03__00-38-55.562110, -0.0466854, -0.405196, 0.0291694, -1.76672, -0.0207276, 1.33851, 0.712308, -0.00352609, 0.174549, 0.0191741, -0.959934, -0.0060527, 1.14686, 0.000318115, 0.0471607, 4.35556, -0.00536264, -6.67629, -0.240142, 0.196364, 0.106172, 0, 0, 0, 0, 0, 0, 0, 0.389294, -0.0136063, 0.467963, 0.486346, -0.0158237, 0.142576, 0.996195, -3.71201e-12, -0.0871557, -4.46982e-12, -1, -8.49977e-12, -0.0871557, 8.857e-12, -0.996195, 0
9.29, 2025-07-03__00-38-55.572110, -0.0466955, -0.403606, 0.0292809, -1.77663, -0.0207047, 1.3501, 0.712407, 0.00334926, 0.165401, 0.0136782, -1.00979, 0.0023744, 1.16002, 0.00489877, 0.0189678, 4.07545, -0.0288336, -6.01911, -0.276845, 0.184825, 0.0863503, 0, 0, 0, 0, 0, 0, 0, 0.391679, -0.0136571, 0.463949, 0.486346, -0.0158237, 0.142576, 0.996195, -3.71201e-12, -0.0871557, -4.46982e-12, -1, -8.49977e-12, -0.0871557, 8.857e-12, -0.996195, 0
9.3, 2025-07-03__00-38-55.582109, -0.0466942, -0.401698, 0.0293568, -1.78726, -0.0207085, 1.36152, 0.712489, 0.000562157, 0.193345, 0.00838323, -1.07322, -0.00106755, 1.14577, 0.00429644, 0.195575, 1.52188, 0.184673, -4.22833, -0.199031, 0.489519, 0.100778, 0, 0, 0, 0, 0, 0, 0, 0.393856, -0.0137115, 0.459459, 0.486346, -0.0158237, 0.142576, 0.996195, -3.71201e-12, -0.0871557, -4.46982e-12, -1, -8.49977e-12, -0.0871557, 8.857e-12, -0.996195, 0
9.31, 2025-07-03__00-38-55.592110, -0.0467027, -0.400032, 0.0294549, -1.79816, -0.0207115, 1.3729, 0.712585, 0.00499323, 0.160382, 0.0113326, -1.08548, -0.000205932, 1.14895, 0.00318652, 0.0342886, 2.8854, -0.0183133, -4.67202, -0.224031, 0.537922, 0.116852, 0, 0, 0, 0, 0, 0, 0, 0.395863, -0.0137643, 0.454864, 0.486346, -0.0158237, 0.142576, 0.996195, -3.71201e-12, -0.0871557, -4.46982e-12, -1, -8.49977e-12, -0.0871557, 8.857e-12, -0.996195, 0
9.32, 2025-07-03__00-38-55.602110, -0.0466737, -0.398337, 0.0295618, -1.80931, -0.0207037, 1.38467, 0.712685, 0.00860379, 0.180183, 0.0123266, -1.13938, 0.00915336, 1.18463, 0.00574389, -0.0290198, 1.02644, -0.125092, -3.33044, -0.26033, 0.47873, 0.112715, 0, 0, 0, 0, 0, 0, 0, 0.39791, -0.0137895, 0.450209, 0.486346, -0.0158237, 0.142576, 0.996195, -3.71201e-12, -0.0871557, -4.46982e-12, -1, -8.49977e-12, -0.0871557, 8.857e-12, -0.996195, 0
9.33, 2025-07-03__00-38-55.612109, -0.0466835, -0.396656, 0.0296182, -1.81972, -0.02069, 1.3951, 0.712777, -0.00143242, 0.178184, 0.00783314, -1.15346, -0.00065313, 1.16747, 0.00639894, 0.208287, 0.782994, 0.192022, -3.03099, -0.163593, 0.72542, 0.117069, 0, 0, 0, 0, 0, 0, 0, 0.399582, -0.0138388, 0.445724, 0.486346, -0.0158237, 0.142576, 0.996195, -3.71201e-12, -0.0871557, -4.46982e-12, -1, -8.49977e-12, -0.0871557, 8.857e-12, -0.996195, 0
9.34, 2025-07-03__00-38-55.622110, -0.0467001, -0.394994, 0.0296764, -1.83254, -0.020712, 1.40809, 0.712878, -0.000133249, 0.15105, 0.00253577, -1.17598, 0.00122726, 1.17534, 0.0020546, 0.244879, 1.66961, 0.263495, -3.15357, -0.165508, 0.791621, 0.152426, 0, 0, 0, 0, 0, 0, 0, 0.401565, -0.0139194, 0.440341, 0.486346, -0.0158237, 0.142576, 0.996195, -3.71201e-12, -0.0871557, -4.46982e-12, -1, -8.49977e-12, -0.0871557, 8.857e-12, -0.996195, 0
9.35, 2025-07-03__00-38-55.632111, -0.0467066, -0.393354, 0.0296986, -1.84453, -0.0206791, 1.42007, 0.712992, 0.00409968, 0.170318, 0.00445873, -1.19087, 0.00426011, 1.19787, 0.00956936, 0.168011, 0.589061, 0.15358, -2.49137, -0.181995, 0.786152, 0.115281, 0, 0, 0, 0, 0, 0, 0, 0.403296, -0.013986, 0.435253, 0.486346, -0.0158237, 0.142576, 0.996195, -3.71201e-12, -0.0871557, -4.46982e-12, -1, -8.49977e-12, -0.0871557, 8.857e-12, -0.996195, 0
9.36, 2025-07-03__00-38-55.642110, -0.0467112, -0.391712, 0.0297345, -1.85659, -0.0207061, 1.43219, 0.71313, 0.00389196, 0.164516, 0.00147724, -1.21558, -0.000591498, 1.21271, 0.0136167, 0.223918, 0.448982, 0.230653, -2.14392, -0.133576, 0.83379, 0.0972672, 0, 0, 0, 0, 0, 0, 0, 0.404989, -0.0140599, 0.430113, 0.486346, -0.0158237, 0.142576, 0.996195, -3.71201e-12, -0.0871557, -4.46982e-12, -1, -8.49977e-12, -0.0871557, 8.857e-12, -0.996195, 0
9.37, 2025-07-03__00-38-55.652110, -0.0466995, -0.390056, 0.0297479, -1.86886, -0.0206685, 1.44442, 0.713238, -0.000517345, 0.163142, 0.00164429, -1.22274, 0.000728193, 1.21427, 0.0113611, 0.282527, 0.453425, 0.308191, -1.99825, -0.132309, 0.948565, 0.120052, 0, 0, 0, 0, 0, 0, 0, 0.406611, -0.0141092, 0.424861, 0.486346, -0.0158237, 0.142576, 0.996195, -3.71201e-12, -0.0871557, -4.46982e-12, -1, -8.49977e-12, -0.0871557, 8.857e-12, -0.996195, 0
9.38, 2025-07-03__00-38-55.662110, -0.0467115, -0.388536, 0.0297908, -1.88107, -0.0206989, 1.45692, 0.713348, -0.00592911, 0.157425, 0.00123274, -1.22766, -0.00555955, 1.24869, 0.0123001, 0.363644, 0.824633, 0.414925, -2.06159, -0.0776211, 0.801937, 0.121477, 0, 0, 0, 0, 0, 0, 0, 0.408252, -0.0141788, 0.419681, 0.486346, -0.0158237, 0.142576, 0.996195, -3.71201e-12, -0.0871557, -4.46982e-12, -1, -8.49977e-12, -0.0871557, 8.857e-12, -0.996195, 0
9.39, 2025-07-03__00-38-55.672110, -0.0467034, -0.386734, 0.0298142, -1.89347, -0.0206538, 1.46959, 0.713468, -0.00343893, 0.181438, 0.00180633, -1.24595, 0.00413159, 1.27691, 0.0131974, 0.327771, -0.409177, 0.361991, -1.27012, -0.12927, 0.772968, 0.125496, 0, 0, 0, 0, 0, 0, 0, 0.409867, -0.0142315, 0.414305, 0.486346, -0.0158237, 0.142576, 0.996195, -3.71201e-12, -0.0871557, -4.46982e-12, -1, -8.49977e-12, -0.0871557, 8.857e-12, -0.996195, 0
9.4, 2025-07-03__00-38-55.682110, -0.0467004, -0.385019, 0.0298468, -1.90569, -0.020677, 1.48235, 0.713595, 0.00619784, 0.16307, 0.00479284, -1.22563, -0.00417536, 1.29748, 0.0150121, 0.103785, 1.05773, 0.0984187, -2.02671, -0.107146, 0.653846, 0.122281, 0, 0, 0, 0, 0, 0, 0, 0.411455, -0.0142922, 0.408987, 0.486346, -0.0158237, 0.142576, 0.996195, -3.71201e-12, -0.0871557, -4.46982e-12, -1, -8.49977e-12, -0.0871557, 8.857e-12, -0.996195, 0
9.41, 2025-07-03__00-38-55.692112, -0.0467168, -0.383321, 0.0298522, -1.91803, -0.0206501, 1.49504, 0.713715, -0.00455931, 0.169533, -0.000972803, -1.23429, -0.00229791, 1.27358, 0.0107744, 0.380708, 0.778318, 0.457641, -1.64928, -0.0859939, 0.941531, 0.155649, 0, 0, 0, 0, 0, 0, 0, 0.412936, -0.0143507, 0.403643, 0.486346, -0.0158237, 0.142576, 0.996195, -3.71201e-12, -0.0871557, -4.46982e-12, -1, -8.49977e-12, -0.0871557, 8.857e-12, -0.996195, 0
9.42, 2025-07-03__00-38-55.702111, -0.0467031, -0.381522, 0.0298748, -1.93028, -0.0206421, 1.50785, 0.7139, -0.00804583, 0.179088, 0.00383832, -1.21843, -0.00152218, 1.26977, 0.0234167, 0.345588, 0.917029, 0.409662, -1.7153, -0.0965774, 1.032, 0.0848004, 0, 0, 0, 0, 0, 0, 0, 0.414381, -0.0144053, 0.398246, 0.486346, -0.0158237, 0.142576, 0.996195, -3.71201e-12, -0.0871557, -4.46982e-12, -1, -8.49977e-12, -0.0871557, 8.857e-12, -0.996195, 0
9.43, 2025-07-03__00-38-55.712109, -0.0467, -0.379635, 0.0299201, -1.94267, -0.0206201, 1.52085, 0.714105, 0.0030295, 0.188787, 0.00457346, -1.23685, 0.00475694, 1.31117, 0.0177645, 0.153801, 0.449002, 0.173812, -1.24662, -0.143483, 0.893314, 0.124917, 0, 0, 0, 0, 0, 0, 0, 0.415816, -0.0144509, 0.392777, 0.486346, -0.0158237, 0.142576, 0.996195, -3.71201e-12, -0.0871557, -4.46982e-12, -1, -8.49977e-12, -0.0871557, 8.857e-12, -0.996195, 0
9.44, 2025-07-03__00-38-55.722110, -0.0466952, -0.37793, 0.0299439, -1.95495, -0.0206338, 1.53397, 0.714241, -0.000550845, 0.17224, 0.00144975, -1.20669, -0.00399046, 1.30771, 0.0191701, 0.249097, 2.06388, 0.322031, -2.09488, -0.0902342, 0.904058, 0.123375, 0, 0, 0, 0, 0, 0, 0, 0.417228, -0.0144895, 0.387393, 0.486346, -0.0158237, 0.142576, 0.996195, -3.71201e-12, -0.0871557, -4.46982e-12, -1, -8.49977e-12, -0.0871557, 8.857e-12, -0.996195, 0
9.45, 2025-07-03__00-38-55.732110, -0.0467101, -0.37589, 0.0299653, -1.9672, -0.0206229, 1.54722, 0.71438, -0.0012374, 0.220065, 0.000322986, -1.22045, 0.00167155, 1.31954, 0.0219472, 0.318441, 0.107865, 0.398409, -0.913146, -0.101721, 0.986913, 0.115147, 0, 0, 0, 0, 0, 0, 0, 0.418639, -0.0145482, 0.381933, 0.486346, -0.0158237, 0.142576, 0.996195, -3.71201e-12, -0.0871557, -4.46982e-12, -1, -8.49977e-12, -0.0871557, 8.857e-12, -0.996195, 0
9.46, 2025-07-03__00-38-55.742109, -0.0466969, -0.373761, 0.0299853, -1.97936, -0.0206143, 1.5606, 0.714524, 0.00578306, 0.214142, 0.00357112, -1.21121, -0.00128067, 1.33225, 0.0138673, 0.13112, 0.909823, 0.179645, -1.2015, -0.101666, 0.949434, 0.173116, 0, 0, 0, 0, 0, 0, 0, 0.42003, -0.0145952, 0.376414, 0.486346, -0.0158237, 0.142576, 0.996195, -3.71201e-12, -0.0871557, -4.46982e-12, -1, -8.49977e-12, -0.0871557, 8.857e-12, -0.996195, 0
9.47, 2025-07-03__00-38-55.752111, -0.046715, -0.371658, 0.0300169, -1.99142, -0.020614, 1.57404, 0.714678, -0.00315728, 0.231851, 0.00202148, -1.20805, 0.00246885, 1.33953, 0.022847, 0.307375, 0.627917, 0.399167, -0.914291, -0.104274, 0.979388, 0.125604, 0, 0, 0, 0, 0, 0, 0, 0.421419, -0.0146371, 0.370979, 0.486346, -0.0158237, 0.142576, 0.996195, -3.71201e-12, -0.0871557, -4.46982e-12, -1, -8.49977e-12, -0.0871557, 8.857e-12, -0.996195, 0
9.48, 2025-07-03__00-38-55.762112, -0.0467094, -0.369385, 0.0300375, -2.00348, -0.0205811, 1.58752, 0.714833, 0.000565604, 0.233786, 0.0053175, -1.19574, -0.00413566, 1.35075, 0.01628, 0.186076, 1.1825, 0.259474, -1.10294, -0.0754074, 0.952057, 0.174503, 0, 0, 0, 0, 0, 0, 0, 0.422721, -0.014668, 0.365427, 0.486346, -0.0158237, 0.142576, 0.996195, -3.71201e-12, -0.0871557, -4.46982e-12, -1, -8.49977e-12, -0.0871557, 8.857e-12, -0.996195, 0
9.49, 2025-07-03__00-38-55.772111, -0.0467181, -0.367069, 0.0300745, -2.01538, -0.0205808, 1.60123, 0.714992, -0.00232632, 0.244364, 0.00776247, -1.20086, -6.11925e-05, 1.37292, 0.0140085, 0.178674, 1.1302, 0.249806, -0.83169, -0.0932466, 0.881478, 0.196127, 0, 0, 0, 0, 0, 0, 0, 0.424081, -0.014706, 0.359959, 0.486346, -0.0158237, 0.142576, 0.996195, -3.71201e-12, -0.0871557, -4.46982e-12, -1, -8.49977e-12, -0.0871557, 8.857e-12, -0.996195, 0
9.5, 2025-07-03__00-38-55.782127, -0.0467226, -0.364516, 0.0300956, -2.02721, -0.020561, 1.61489, 0.715143, -0.00533548, 0.257585, 0.00491641, -1.18837, -0.00106501, 1.3792, 0.0171361, 0.289247, 1.24917, 0.398532, -0.801219, -0.0781892, 0.89539, 0.185897, 0, 0, 0, 0, 0, 0, 0, 0.425372, -0.0147429, 0.354395, 0.486346, -0.0158237, 0.142576, 0.996195, -3.71201e-12, -0.0871557, -4.46982e-12, -1, -8.49977e-12, -0.0871557, 8.857e-12, -0.996195, 0
9.51, 2025-07-03__00-38-55.792127, -0.0467063, -0.362244, 0.0301237, -2.03767, -0.0205605, 1.62724, 0.715303, 0.00218483, 0.258428, 0.00215771, -1.16503, 0.000269608, 1.38545, 0.0211856, 0.202998, 2.09248, 0.322037, -1.21644, -0.0996601, 0.84511, 0.168323, 0, 0, 0, 0, 0, 0, 0, 0.426674, -0.0147621, 0.348919, 0.486346, -0.0158237, 0.142576, 0.996195, -3.71201e-12, -0.0871557, -4.46982e-12, -1, -8.49977e-12, -0.0871557, 8.857e-12, -0.996195, 0
9.52, 2025-07-03__00-38-55.802126, -0.0467077, -0.359059, 0.0301526, -2.05041, -0.0205335, 1.64235, 0.715466, -0.000876628, 0.288342, -0.000725448, -1.15214, 0.00219956, 1.37655, 0.015949, 0.328477, 1.58477, 0.484, -0.841864, -0.0996927, 0.992791, 0.211483, 0, 0, 0, 0, 0, 0, 0, 0.427924, -0.014773, 0.343302, 0.486346, -0.0158237, 0.142576, 0.996195, -3.71201e-12, -0.0871557, -4.46982e-12, -1, -8.49977e-12, -0.0871557, 8.857e-12, -0.996195, 0
9.53, 2025-07-03__00-38-55.812127, -0.0467043, -0.356228, 0.0301919, -2.06168, -0.0205271, 1.65619, 0.715597, -0.00379988, 0.272041, 0.000713261, -1.12387, 0.00598194, 1.38915, 0.017526, 0.314294, 3.28407, 0.486789, -1.67492, -0.135248, 0.862336, 0.211729, 0, 0, 0, 0, 0, 0, 0, 0.429201, -0.0148048, 0.337835, 0.486346, -0.0158237, 0.142576, 0.996195, -3.71201e-12, -0.0871557, -4.46982e-12, -1, -8.49977e-12, -0.0871557, 8.857e-12, -0.996195, 0
9.54, 2025-07-03__00-38-55.822126, -0.0467074, -0.353139, 0.0302423, -2.07296, -0.0205055, 1.67, 0.715724, 0.00026018, 0.323177, 0.00327004, -1.12593, 0.0142908, 1.37407, 0.0123201, 0.224902, 1.67711, 0.376, -0.617314, -0.181395, 1.09947, 0.256995, 0, 0, 0, 0, 0, 0, 0, 0.430424, -0.0148065, 0.332298, 0.486346, -0.0158237, 0.142576, 0.996195, -3.71201e-12, -0.0871557, -4.46982e-12, -1, -8.49977e-12, -0.0871557, 8.857e-12, -0.996195, 0
9.55, 2025-07-03__00-38-55.832127, -0.0467174, -0.349831, 0.0303006, -2.084, -0.0205109, 1.68379, 0.715855, 0.0018203, 0.336581, 0.00399166, -1.09174, -0.00109176, 1.3778, 0.00819243, 0.201001, 2.25159, 0.362616, -0.983255, -0.093262, 1.06953, 0.294796, 0, 0, 0, 0, 0, 0, 0, 0.431608, -0.0148176, 0.326718, 0.486346, -0.0158237, 0.142576, 0.996195, -3.71201e-12, -0.0871557, -4.46982e-12, -1, -8.49977e-12, -0.0871557, 8.857e-12, -0.996195, 0
9.56, 2025-07-03__00-38-55.842125, -0.0466964, -0.346323, 0.030354, -2.09487, -0.020495, 1.69795, 0.715988, 0.00401862, 0.363926, 0.00583002, -1.08829, 0.00423052, 1.39984, 0.0146919, 0.13096, 1.81588, 0.285637, -0.563038, -0.124341, 0.98968, 0.268726, 0, 0, 0, 0, 0, 0, 0, 0.432907, -0.0148136, 0.321179, 0.486346, -0.0158237, 0.142576, 0.996195, -3.71201e-12, -0.0871557, -4.46982e-12, -1, -8.49977e-12, -0.0871557, 8.857e-12, -0.996195, 0
9.57, 2025-07-03__00-38-55.852127, -0.046698, -0.343001, 0.0303901, -2.10461, -0.0204798, 1.71053, 0.716145, -0.000166438, 0.362749, 0.000318167, -1.0818, -0.00164945, 1.40683, 0.0176031, 0.308946, 2.4278, 0.512557, -0.670319, -0.0766957, 0.983651, 0.259786, 0, 0, 0, 0, 0, 0, 0, 0.434078, -0.0148133, 0.315548, 0.486346, -0.0158237, 0.142576, 0.996195, -3.71201e-12, -0.0871557, -4.46982e-12, -1, -8.49977e-12, -0.0871557, 8.857e-12, -0.996195, 0
9.58, 2025-07-03__00-38-55.862125, -0.0467285, -0.338933, 0.03048, -2.11612, -0.0204853, 1.72604, 0.716363, -0.00190349, 0.381702, 0.00794905, -1.04446, 0.00233215, 1.42119, 0.0237073, 0.182269, 3.01553, 0.368123, -1.02422, -0.117786, 0.85314, 0.233357, 0, 0, 0, 0, 0, 0, 0, 0.435325, -0.0148181, 0.310091, 0.486346, -0.0158237, 0.142576, 0.996195, -3.71201e-12, -0.0871557, -4.46982e-12, -1, -8.49977e-12, -0.0871557, 8.857e-12, -0.996195, 0
9.59, 2025-07-03__00-38-55.872126, -0.0467229, -0.334666, 0.0305506, -2.12645, -0.020453, 1.74016, 0.716518, -0.000327927, 0.435577, 0.00510923, -1.03347, 0.000764277, 1.41688, 0.0170861, 0.249435, 1.64198, 0.454158, -0.198588, -0.0972918, 0.990007, 0.288321, 0, 0, 0, 0, 0, 0, 0, 0.436545, -0.0147899, 0.304447, 0.486346, -0.0158237, 0.142576, 0.996195, -3.71201e-12, -0.0871557, -4.46982e-12, -1, -8.49977e-12, -0.0871557, 8.857e-12, -0.996195, 0
9.6, 2025-07-03__00-38-55.882127, -0.0467148, -0.330237, 0.0306281, -2.13654, -0.0204765, 1.75414, 0.716679, -0.00469983, 0.42762, 0.00766527, -1.00029, -0.00279349, 1.41946, 0.0162934, 0.255787, 3.04419, 0.474997, -0.911636, -0.0861336, 0.940909, 0.306279, 0, 0, 0, 0, 0, 0, 0, 0.437695, -0.0147676, 0.298791, 0.486346, -0.0158237, 0.142576, 0.996195, -3.71201e-12, -0.0871557, -4.46982e-12, -1, -8.49977e-12, -0.0871557, 8.857e-12, -0.996195, 0
9.61, 2025-07-03__00-38-55.892126, -0.0466935, -0.326017, 0.0307248, -2.14641, -0.0204624, 1.76832, 0.716841, 0.00412906, 0.43377, 0.00570253, -0.993343, 0.00188476, 1.41251, 0.0130364, 0.11829, 3.53421, 0.336946, -0.841822, -0.122806, 1.00663, 0.340337, 0, 0, 0, 0, 0, 0, 0, 0.438934, -0.0147266, 0.293365, 0.486346, -0.0158237, 0.142576, 0.996195, -3.71201e-12, -0.0871557, -4.46982e-12, -1, -8.49977e-12, -0.0871557, 8.857e-12, -0.996195, 0
9.62, 2025-07-03__00-38-55.902127, -0.0467166, -0.321215, 0.0308135, -2.1562, -0.0204551, 1.78246, 0.716993, -0.00324836, 0.486685, 0.00634474, -0.981821, -0.000388556, 1.41272, 0.0247371, 0.272091, 2.26099, 0.510515, -0.0464518, -0.0943182, 1.11149, 0.284724, 0, 0, 0, 0, 0, 0, 0, 0.440107, -0.0147032, 0.287753, 0.486346, -0.0158237, 0.142576, 0.996195, -3.71201e-12, -0.0871557, -4.46982e-12, -1, -8.49977e-12, -0.0871557, 8.857e-12, -0.996195, 0
9.63, 2025-07-03__00-38-55.912126, -0.0467303, -0.316222, 0.0309029, -2.16548, -0.0204677, 1.79677, 0.717164, -0.00466297, 0.488142, 0.000435296, -0.915958, 0.00207836, 1.4337, 0.0165751, 0.393865, 3.96961, 0.683727, -1.27357, -0.126758, 0.822055, 0.345506, 0, 0, 0, 0, 0, 0, 0, 0.441392, -0.0146815, 0.282223, 0.486346, -0.0158237, 0.142576, 0.996195, -3.71201e-12, -0.0871557, -4.46982e-12, -1, -8.49977e-12, -0.0871557, 8.857e-12, -0.996195, 0
9.64, 2025-07-03__00-38-55.922126, -0.0467215, -0.311096, 0.0310277, -2.17468, -0.0204579, 1.81106, 0.717364, -0.00202492, 0.53054, 0.0114795, -0.919185, 0.0037712, 1.41654, 0.0239254, 0.138375, 2.90241, 0.380165, -0.322957, -0.141097, 1.04479, 0.316965, 0, 0, 0, 0, 0, 0, 0, 0.442662, -0.014623, 0.276731, 0.486346, -0.0158237, 0.142576, 0.996195, -3.71201e-12, -0.0871557, -4.46982e-12, -1, -8.49977e-12, -0.0871557, 8.857e-12, -0.996195, 0
9.65, 2025-07-03__00-38-55.932126, -0.0467269, -0.30549, 0.0311681, -2.18369, -0.0204692, 1.82515, 0.717615, 0.000386208, 0.555807, 0.019807, -0.891162, -0.000964216, 1.42508, 0.0279266, -0.0714468, 2.99606, 0.144242, -0.33801, -0.127757, 1.0108, 0.305654, 0, 0, 0, 0, 0, 0, 0, 0.443791, -0.0145636, 0.271065, 0.486346, -0.0158237, 0.142576, 0.996195, -3.71201e-12, -0.0871557, -4.46982e-12, -1, -8.49977e-12, -0.0871557, 8.857e-12, -0.996195, 0
9.66, 2025-07-03__00-38-55.942127, -0.046714, -0.299905, 0.031281, -2.19221, -0.0204471, 1.83947, 0.717842, 0.000816586, 0.556481, 0.0141667, -0.849177, 0.00179876, 1.43755, 0.0212156, 0.00595866, 4.32241, 0.260585, -1.06989, -0.157988, 0.827243, 0.357261, 0, 0, 0, 0, 0, 0, 0, 0.445092, -0.0144911, 0.265618, 0.486346, -0.0158237, 0.142576, 0.996195, -3.71201e-12, -0.0871557, -4.46982e-12, -1, -8.49977e-12, -0.0871557, 8.857e-12, -0.996195, 0
9.67, 2025-07-03__00-38-55.952127, -0.046709, -0.293861, 0.0314054, -2.2007, -0.0204574, 1.8537, 0.718, -0.000452822, 0.617427, 0.0112706, -0.851664, -0.00111196, 1.4094, 0.0210288, 0.114712, 2.54534, 0.384523, 0.237448, -0.123876, 1.17109, 0.377522, 0, 0, 0, 0, 0, 0, 0, 0.446321, -0.0144225, 0.260048, 0.486346, -0.0158237, 0.142576, 0.996195, -3.71201e-12, -0.0871557, -4.46982e-12, -1, -8.49977e-12, -0.0871557, 8.857e-12, -0.996195, 0
9.68, 2025-07-03__00-38-55.962127, -0.0467272, -0.287555, 0.0315167, -2.20895, -0.0204576, 1.86785, 0.718177, 0.00114708, 0.623932, 0.0124332, -0.819377, -0.00470417, 1.42398, 0.0114322, 0.0435765, 3.43702, 0.31959, -0.175272, -0.117145, 1.04492, 0.451228, 0, 0, 0, 0, 0, 0, 0, 0.447478, -0.014365, 0.254415, 0.486346, -0.0158237, 0.142576, 0.996195, -3.71201e-12, -0.0871557, -4.46982e-12, -1, -8.49977e-12, -0.0871557, 8.857e-12, -0.996195, 0
9.69, 2025-07-03__00-38-55.972126, -0.046736, -0.281026, 0.0316344, -2.21669, -0.0204528, 1.88215, 0.718408, -0.000369981, 0.666553, 0.00955991, -0.767269, -0.00308421, 1.44044, 0.0279491, 0.134284, 3.37812, 0.437519, -0.375306, -0.140693, 0.877208, 0.363178, 0, 0, 0, 0, 0, 0, 0, 0.448796, -0.0142888, 0.248933, 0.486346, -0.0158237, 0.142576, 0.996195, -3.71201e-12, -0.0871557, -4.46982e-12, -1, -8.49977e-12, -0.0871557, 8.857e-12, -0.996195, 0
9.7, 2025-07-03__00-38-55.982125, -0.0467235, -0.27407, 0.0317744, -2.22422, -0.0204553, 1.89649, 0.718673, 0.00154466, 0.703728, 0.0188762, -0.761676, 0.00212431, 1.43453, 0.0279966, -0.104, 2.6968, 0.169331, 0.329994, -0.181818, 0.995461, 0.3767, 0, 0, 0, 0, 0, 0, 0, 0.450116, -0.0142025, 0.243351, 0.486346, -0.0158237, 0.142576, 0.996195, -3.71201e-12, -0.0871557, -4.46982e-12, -1, -8.49977e-12, -0.0871557, 8.857e-12, -0.996195, 0
9.71, 2025-07-03__00-38-55.992127, -0.0467237, -0.267012, 0.0319013, -2.23155, -0.0204544, 1.91057, 0.718923, -0.00101402, 0.700114, 0.00973041, -0.733287, -0.000883186, 1.40526, 0.0199132, 0.0930908, 3.81452, 0.408816, -0.0179169, -0.173281, 1.15341, 0.437818, 0, 0, 0, 0, 0, 0, 0, 0.451349, -0.0141057, 0.237806, 0.486346, -0.0158237, 0.142576, 0.996195, -3.71201e-12, -0.0871557, -4.46982e-12, -1, -8.49977e-12, -0.0871557, 8.857e-12, -0.996195, 0
9.72, 2025-07-03__00-38-56.002126, -0.0467254, -0.259779, 0.0320357, -2.23848, -0.0204583, 1.92472, 0.719132, -0.00351568, 0.723943, 0.0124134, -0.686626, 0.00178159, 1.43487, 0.016472, 0.056084, 4.374, 0.378591, -0.424638, -0.209977, 0.875964, 0.471701, 0, 0, 0, 0, 0, 0, 0, 0.452638, -0.0140189, 0.232344, 0.486346, -0.0158237, 0.142576, 0.996195, -3.71201e-12, -0.0871557, -4.46982e-12, -1, -8.49977e-12, -0.0871557, 8.857e-12, -0.996195, 0
9.73, 2025-07-03__00-38-56.012126, -0.0467391, -0.252065, 0.0321697, -2.24503, -0.0204543, 1.93903, 0.719373, -0.00366942, 0.797752, 0.0130991, -0.649182, -0.000920904, 1.42539, 0.0310483, 0.0563977, 2.91438, 0.383491, 0.31171, -0.204393, 0.971831, 0.396831, 0, 0, 0, 0, 0, 0, 0, 0.454053, -0.0139122, 0.226874, 0.486346, -0.0158237, 0.142576, 0.996195, -3.71201e-12, -0.0871557, -4.46982e-12, -1, -8.49977e-12, -0.0871557, 8.857e-12, -0.996195, 0
9.74, 2025-07-03__00-38-56.022126, -0.0467403, -0.244052, 0.0322991, -2.25132, -0.0204591, 1.95327, 0.719584, 0.00315768, 0.781208, 0.0173301, -0.624198, 0.00287877, 1.4208, 0.0190158, -0.238995, 4.50494, 0.0751153, -0.205561, -0.257846, 0.91938, 0.483344, 0, 0, 0, 0, 0, 0, 0, 0.455418, -0.0138207, 0.221348, 0.486346, -0.0158237, 0.142576, 0.996195, -3.71201e-12, -0.0871557, -4.46982e-12, -1, -8.49977e-12, -0.0871557, 8.857e-12, -0.996195, 0
9.75, 2025-07-03__00-38-56.032127, -0.0467235, -0.235741, 0.0324186, -2.25736, -0.0204612, 1.96734, 0.719828, 0.00689581, 0.819816, 0.0114463, -0.600955, -0.00146395, 1.40268, 0.0303099, -0.229306, 4.03813, 0.0990511, 0.306364, -0.244979, 1.06998, 0.426793, 0, 0, 0, 0, 0, 0, 0, 0.45676, -0.0137048, 0.215817, 0.486346, -0.0158237, 0.142576, 0.996195, -3.71201e-12, -0.0871557, -4.46982e-12, -1, -8.49977e-12, -0.0871557, 8.857e-12, -0.996195, 0
9.76, 2025-07-03__00-38-56.042126, -0.0467361, -0.227019, 0.0325276, -2.26298, -0.0204625, 1.98132, 0.720107, -0.00143507, 0.89091, 0.0114976, -0.543587, -0.00108775, 1.38694, 0.0321308, -0.087871, 2.96961, 0.25616, 0.697299, -0.269001, 1.16411, 0.423464, 0, 0, 0, 0, 0, 0, 0, 0.458096, -0.0135987, 0.210252, 0.486346, -0.0158237, 0.142576, 0.996195, -3.71201e-12, -0.0871557, -4.46982e-12, -1, -8.49977e-12, -0.0871557, 8.857e-12, -0.996195, 0
9.77, 2025-07-03__00-38-56.052127, -0.0467424, -0.218139, 0.0326463, -2.26811, -0.020467, 1.99541, 0.720421, -0.000593506, 0.901438, 0.0142786, -0.510166, 0.00801699, 1.40908, 0.031124, -0.257997, 3.76593, 0.0815717, 0.4551, -0.35717, 0.926054, 0.431937, 0, 0, 0, 0, 0, 0, 0, 0.459603, -0.0134936, 0.204833, 0.486346, -0.0158237, 0.142576, 0.996195, -3.71201e-12, -0.0871557, -4.46982e-12, -1, -8.49977e-12, -0.0871557, 8.857e-12, -0.996195, 0
9.78, 2025-07-03__00-38-56.062130, -0.0467575, -0.208957, 0.0327623, -2.27299, -0.0204853, 2.00935, 0.720728, -0.00375316, 0.932184, 0.00793365, -0.481463, -0.00243277, 1.39355, 0.0303967, -0.15061, 3.67444, 0.204255, 0.812728, -0.313979, 1.00374, 0.438323, 0, 0, 0, 0, 0, 0, 0, 0.461076, -0.0133798, 0.199392, 0.486346, -0.0158237, 0.142576, 0.996195, -3.71201e-12, -0.0871557, -4.46982e-12, -1, -8.49977e-12, -0.0871557, 8.857e-12, -0.996195, 0
9.79, 2025-07-03__00-38-56.072127, -0.0467666, -0.199351, 0.0328663, -2.27745, -0.0204771, 2.02318, 0.721078, -0.000334511, 0.973955, 0.00688291, -0.424865, -0.00312135, 1.37933, 0.0351927, -0.195097, 0.77243, 0.142604, 2.09729, -0.324997, 0.562495, 0.411157, 0, 0, 0, 0, 0, 0, 0, 0.462384, -0.0132728, 0.194452, 0.486346, -0.0158237, 0.142576, 0.996195, -3.71201e-12, -0.0871557, -4.46982e-12, -1, -8.49977e-12, -0.0871557, 8.857e-12, -0.996195, 0
9.8, 2025-07-03__00-38-56.082126, -0.0467945, -0.189514, 0.0329724, -2.28143, -0.0205047, 2.0368, 0.721458, -0.00181697, 0.977234, 0.0104752, -0.38555, -0.00520294, 1.35099, 0.0379736, -0.219331, -2.33791, 0.0878973, 3.61801, -0.317417, 0.0127149, 0.398809, 0, 0, 0, 0, 0, 0, 0, 0.464079, -0.0131481, 0.188497, 0.486346, -0.0158237, 0.142576, 0.996195, -3.71201e-12, -0.0871557, -4.46982e-12, -1, -8.49977e-12, -0.0871557, 8.857e-12, -0.996195, 0
9.81, 2025-07-03__00-38-56.092127, -0.0468109, -0.179901, 0.0330806, -2.28493, -0.0205447, 2.04952, 0.721788, -0.000795741, 0.979459, 0.011349, -0.336502, -0.00753522, 1.2312, 0.0284752, -0.233261, -5.32621, 0.0506188, 5.07222, -0.316343, 0.107915, 0.465951, 0, 0, 0, 0, 0, 0, 0, 0.465492, -0.0130435, 0.183335, 0.486346, -0.0158237, 0.142576, 0.996195, -3.71201e-12, -0.0871557, -4.46982e-12, -1, -8.49977e-12, -0.0871557, 8.857e-12, -0.996195, 0
9.82, 2025-07-03__00-38-56.102126, -0.0468372, -0.170246, 0.0331696, -2.28785, -0.0205524, 2.06086, 0.722102, -0.0034811, 0.970151, 0.010907, -0.269201, -0.00184951, 1.12024, 0.0279516, -0.141135, -7.58224, 0.129271, 5.85772, -0.379501, 0.145164, 0.47839, 0, 0, 0, 0, 0, 0, 0, 0.466627, -0.0129281, 0.178313, 0.486346, -0.0158237, 0.142576, 0.996195, -3.71201e-12, -0.0871557, -4.46982e-12, -1, -8.49977e-12, -0.0871557, 8.857e-12, -0.996195, 0
9.83, 2025-07-03__00-38-56.112126, -0.0468868, -0.160398, 0.0332455, -2.29005, -0.0206459, 2.07096, 0.722414, -0.00266314, 0.961635, 0.00825426, -0.208357, -0.0148464, 0.990025, 0.0381985, -0.0541262, -10.0312, 0.202325, 6.76561, -0.32456, 0.402519, 0.429729, 0, 0, 0, 0, 0, 0, 0, 0.467582, -0.0128492, 0.173419, 0.486346, -0.0158237, 0.142576, 0.996195, -3.71201e-12, -0.0871557, -4.46982e-12, -1, -8.49977e-12, -0.0871557, 8.857e-12, -0.996195, 0
9.84, 2025-07-03__00-38-56.122127, -0.0469159, -0.150989, 0.0333112, -2.29172, -0.0207739, 2.0799, 0.722743, -0.00210453, 0.933521, 0.00547165, -0.159, -0.0134799, 0.869378, 0.0360481, 0.0191556, -11.7798, 0.262324, 7.38761, -0.358539, 0.646898, 0.453405, 0, 0, 0, 0, 0, 0, 0, 0.4684, -0.0127807, 0.168847, 0.486346, -0.0158237, 0.142576, 0.996195, -3.71201e-12, -0.0871557, -4.46982e-12, -1, -8.49977e-12, -0.0871557, 8.857e-12, -0.996195, 0
9.85, 2025-07-03__00-38-56.132127, -0.0469242, -0.142228, 0.0333694, -2.2929, -0.0208829, 2.08771, 0.723065, -0.00370736, 0.849419, -0.000528623, -0.107673, -0.0167463, 0.748198, 0.0358681, 0.168254, -11.2775, 0.405179, 6.86215, -0.376423, 0.829175, 0.462483, 0, 0, 0, 0, 0, 0, 0, 0.46912, -0.0127114, 0.1647, 0.486346, -0.0158237, 0.142576, 0.996195, -3.71201e-12, -0.0871557, -4.46982e-12, -1, -8.49977e-12, -0.0871557, 8.857e-12, -0.996195, 0
9.86, 2025-07-03__00-38-56.142127, -0.0469175, -0.13382, 0.033412, -2.29368, -0.0209488, 2.09455, 0.723375, 0.00187383, 0.832135, 0.00407962, -0.0659855, -0.00621175, 0.6582, 0.0311804, -0.0253294, -13.0675, 0.189297, 7.41713, -0.471288, 1.00514, 0.498975, 0, 0, 0, 0, 0, 0, 0, 0.469714, -0.0126309, 0.160843, 0.486346, -0.0158237, 0.142576, 0.996195, -3.71201e-12, -0.0871557, -4.46982e-12, -1, -8.49977e-12, -0.0871557, 8.857e-12, -0.996195, 0
9.87, 2025-07-03__00-38-56.152126, -0.0469326, -0.125802, 0.0334432, -2.29409, -0.0210319, 2.10069, 0.723705, -0.00353677, 0.767159, 0.00336357, -0.0330609, -0.00857087, 0.599867, 0.026153, 0.106739, -13.1086, 0.309901, 7.14072, -0.486704, 0.924651, 0.533868, 0, 0, 0, 0, 0, 0, 0, 0.470274, -0.0125729, 0.157249, 0.486346, -0.0158237, 0.142576, 0.996195, -3.71201e-12, -0.0871557, -4.46982e-12, -1, -8.49977e-12, -0.0871557, 8.857e-12, -0.996195, 0
9.88, 2025-07-03__00-38-56.162127, -0.0469528, -0.118515, 0.0334542, -2.29421, -0.0211394, 2.10611, 0.724129, -0.00150217, 0.711412, -0.000527271, -0.00192774, -0.0156976, 0.516433, 0.0476145, 0.163217, -13.2761, 0.356454, 6.96099, -0.47261, 1.06688, 0.402079, 0, 0, 0, 0, 0, 0, 0, 0.470833, -0.0125417, 0.154085, 0.486346, -0.0158237, 0.142576, 0.996195, -3.71201e-12, -0.0871557, -4.46982e-12, -1, -8.49977e-12, -0.0871557, 8.857e-12, -0.996195, 0
9.89, 2025-07-03__00-38-56.172126, -0.0469612, -0.111988, 0.0334695, -2.29411, -0.0212465, 2.11089, 0.72461, 0.000646834, 0.637137, 0.00192309, 0.0100155, -0.0136577, 0.465638, 0.0429556, 0.0495948, -12.7526, 0.225812, 6.60123, -0.509867, 1.0276, 0.422015, 0, 0, 0, 0, 0, 0, 0, 0.471393, -0.0125091, 0.151314, 0.486346, -0.0158237, 0.142576, 0.996195, -3.71201e-12, -0.0871557, -4.46982e-12, -1, -8.49977e-12, -0.0871557, 8.857e-12, -0.996195, 0
9.9, 2025-07-03__00-38-56.182127, -0.0469614, -0.106133, 0.0334755, -2.29396, -0.0213711, 2.11529, 0.725045, -0.00268454, 0.564207, 0.000635672, 0.0169713, -0.0186332, 0.432334, 0.0426819, 0.136604, -12.096, 0.301782, 6.19297, -0.497322, 0.897531, 0.415494, 0, 0, 0, 0, 0, 0, 0, 0.47195, -0.0124785, 0.14886, 0.486346, -0.0158237, 0.142576, 0.996195, -3.71201e-12, -0.0871557, -4.46982e-12, -1, -8.49977e-12, -0.0871557, 8.857e-12, -0.996195, 0
9.91, 2025-07-03__00-38-56.192126, -0.0469595, -0.100967, 0.0334835, -2.29378, -0.0214747, 2.11927, 0.725412, -0.000119222, 0.508499, 0.000503304, 0.0177892, -0.00855522, 0.383174, 0.0349343, 0.0736363, -11.9358, 0.227146, 6.12165, -0.574027, 0.945046, 0.455921, 0, 0, 0, 0, 0, 0, 0, 0.472486, -0.0124556, 0.146714, 0.486346, -0.0158237, 0.142576, 0.996195, -3.71201e-12, -0.0871557, -4.46982e-12, -1, -8.49977e-12, -0.0871557, 8.857e-12, -0.996195, 0
9.92, 2025-07-03__00-38-56.202113, -0.0469697, -0.0963464, 0.0334735, -2.29355, -0.021575, 2.12275, 0.725747, -0.000810151, 0.440877, -0.00105282, 0.0168943, -0.0101321, 0.348028, 0.0345712, 0.111484, -11.1699, 0.255734, 5.75782, -0.578114, 0.89846, 0.451639, 0, 0, 0, 0, 0, 0, 0, 0.472965, -0.0124422, 0.144815, 0.486346, -0.0158237, 0.142576, 0.996195, -3.71201e-12, -0.0871557, -4.46982e-12, -1, -8.49977e-12, -0.0871557, 8.857e-12, -0.996195, 0
9.93, 2025-07-03__00-38-56.212112, -0.0469801, -0.0924413, 0.0334753, -2.29326, -0.021697, 2.12582, 0.726074, 0.000517153, 0.371566, 0.00185448, 0.02289, -0.0170755, 0.296466, 0.0393978, 0.000959731, -10.0036, 0.133293, 5.15618, -0.551094, 0.951935, 0.415142, 0, 0, 0, 0, 0, 0, 0, 0.473466, -0.0124456, 0.14325, 0.486346, -0.0158237, 0.142576, 0.996195, -3.71201e-12, -0.0871557, -4.46982e-12, -1, -8.49977e-12, -0.0871557, 8.857e-12, -0.996195, 0
9.94, 2025-07-03__00-38-56.222112, -0.0469835, -0.0893273, 0.0334725, -2.29305, -0.0218309, 2.12845, 0.726419, 0.00380032, 0.303261, -0.000773247, 0.0217665, -0.0190111, 0.257721, 0.0425817, -0.0367809, -8.70483, 0.0888506, 4.56594, -0.549774, 0.957472, 0.384762, 0, 0, 0, 0, 0, 0, 0, 0.473914, -0.0124468, 0.142005, 0.486346, -0.0158237, 0.142576, 0.996195, -3.71201e-12, -0.0871557, -4.46982e-12, -1, -8.49977e-12, -0.0871557, 8.857e-12, -0.996195, 0
9.95, 2025-07-03__00-38-56.232111, -0.0469867, -0.0865543, 0.033483, -2.2928, -0.0219399, 2.13068, 0.726764, 0.0041425, 0.265562, 0.00119002, 0.0281712, -0.0110624, 0.223145, 0.0339731, -0.0957749, -8.23376, 0.0219131, 4.26131, -0.608149, 0.994398, 0.424263, 0, 0, 0, 0, 0, 0, 0, 0.474303, -0.0124467, 0.140913, 0.486346, -0.0158237, 0.142576, 0.996195, -3.71201e-12, -0.0871557, -4.46982e-12, -1, -8.49977e-12, -0.0871557, 8.857e-12, -0.996195, 0
9.96, 2025-07-03__00-38-56.242110, -0.0469867, -0.0841711, 0.0334805, -2.29253, -0.0220256, 2.13277, 0.727109, -0.000281502, 0.227459, -0.000705485, 0.0265536, -0.00568704, 0.205764, 0.0278557, 0.0364654, -7.7115, 0.149728, 3.99155, -0.647188, 0.938083, 0.44693, 0, 0, 0, 0, 0, 0, 0, 0.474716, -0.0124462, 0.140004, 0.486346, -0.0158237, 0.142576, 0.996195, -3.71201e-12, -0.0871557, -4.46982e-12, -1, -8.49977e-12, -0.0871557, 8.857e-12, -0.996195, 0
9.97, 2025-07-03__00-38-56.252111, -0.0469885, -0.0823491, 0.0334806, -2.29234, -0.022123, 2.13469, 0.727494, -0.000564075, 0.166716, -0.00066645, 0.016272, -0.0117706, 0.187632, 0.0380232, 0.0133279, -6.34396, 0.119688, 3.45389, -0.615221, 0.867555, 0.368156, 0, 0, 0, 0, 0, 0, 0, 0.47514, -0.012449, 0.139314, 0.486346, -0.0158237, 0.142576, 0.996195, -3.71201e-12, -0.0871557, -4.46982e-12, -1, -8.49977e-12, -0.0871557, 8.857e-12, -0.996195, 0
9.98, 2025-07-03__00-38-56.262110, -0.0469948, -0.0810608, 0.0334806, -2.29219, -0.0222241, 2.13631, 0.727867, -0.000588747, 0.122284, 4.42852e-05, 0.016858, -0.00572085, 0.157085, 0.0365494, -0.0203782, -5.21801, 0.0808354, 2.92765, -0.659465, 0.894823, 0.358811, 0, 0, 0, 0, 0, 0, 0, 0.475539, -0.0124693, 0.13885, 0.486346, -0.0158237, 0.142576, 0.996195, -3.71201e-12, -0.0871557, -4.46982e-12, -1, -8.49977e-12, -0.0871557, 8.857e-12, -0.996195, 0
9.99, 2025-07-03__00-38-56.272111, -0.0470006, -0.0800288, 0.0334858, -2.29203, -0.0223245, 2.13777, 0.728166, -0.00110433, 0.0966158, 0.00215451, 0.0156145, -0.00357802, 0.143638, 0.0348471, -0.0661987, -4.66161, 0.0299082, 2.65991, -0.674222, 0.854365, 0.354681, 0, 0, 0, 0, 0, 0, 0, 0.475928, -0.012482, 0.138496, 0.486346, -0.0158237, 0.142576, 0.996195, -3.71201e-12, -0.0871557, -4.46982e-12, -1, -8.49977e-12, -0.0871557, 8.857e-12, -0.996195, 0
10, 2025-07-03__00-38-56.282111, -0.0469963, -0.0792837, 0.0334805, -2.29193, -0.0224223, 2.13912, 0.728385, 0.00241317, 0.067313, -0.00039486, 0.00935045, -0.00549497, 0.13003, 0.0190632, -0.104115, -3.97082, -0.00969167, 2.40222, -0.660617, 0.826339, 0.44011, 0, 0, 0, 0, 0, 0, 0, 0.476318, -0.0125022, 0.138262, 0.486346, -0.0158237, 0.142576, 0.996195, -3.71201e-12, -0.0871557, -4.46982e-12, -1, -8.49977e-12, -0.0871557, 8.857e-12, -0.996195, 0
10.01, 2025-07-03__00-38-56.292110, -0.0469967, -0.0789275, 0.0334882, -2.2919, -0.0224837, 2.1403, 0.728594, 0.000866816, 0.0278036, 0.000693798, 0.000419924, -0.00213564, 0.120863, 0.0109223, -0.12234, -2.82803, -0.0316407, 1.96624, -0.682529, 0.760051, 0.47812, 0, 0, 0, 0, 0, 0, 0, 0.476682, -0.0125112, 0.138166, 0.486346, -0.0158237, 0.142576, 0.996195, -3.71201e-12, -0.0871557, -4.46982e-12, -1, -8.49977e-12, -0.0871557, 8.857e-12, -0.996195, 0
10.02, 2025-07-03__00-38-56.302112, -0.0470029, -0.0788134, 0.0334827, -2.29188, -0.0225264, 2.14135, 0.728847, -0.000743678, 0.0091266, -0.000555125, 0.00490682, -0.00136665, 0.106795, 0.0231411, -0.0643661, -2.13076, 0.0260421, 1.58593, -0.692495, 0.734369, 0.389743, 0, 0, 0, 0, 0, 0, 0, 0.477044, -0.0125223, 0.13818, 0.486346, -0.0158237, 0.142576, 0.996195, -3.71201e-12, -0.0871557, -4.46982e-12, -1, -8.49977e-12, -0.0871557, 8.857e-12, -0.996195, 0
10.03, 2025-07-03__00-38-56.312112, -0.0470077, -0.0788091, 0.0334875, -2.29182, -0.0225712, 2.14222, 0.7291, 0.0010232, -0.00402956, 0.0019518, 0.00416426, -0.00202793, 0.0903664, 0.0258342, -0.168652, -1.67512, -0.0812999, 1.39245, -0.690096, 0.760908, 0.35961, 0, 0, 0, 0, 0, 0, 0, 0.47738, -0.012535, 0.13825, 0.486346, -0.0158237, 0.142576, 0.996195, -3.71201e-12, -0.0871557, -4.46982e-12, -1, -8.49977e-12, -0.0871557, 8.857e-12, -0.996195, 0
10.04, 2025-07-03__00-38-56.322111, -0.0470079, -0.078938, 0.0334849, -2.29179, -0.0226114, 2.14303, 0.729291, 0.0015418, -0.0148197, 0.000205484, 0.00247907, -0.00722818, 0.0865167, 0.0166352, -0.148876, -1.25636, -0.0612636, 1.20551, -0.656928, 0.711423, 0.404541, 0, 0, 0, 0, 0, 0, 0, 0.47771, -0.0125468, 0.138375, 0.486346, -0.0158237, 0.142576, 0.996195, -3.71201e-12, -0.0871557, -4.46982e-12, -1, -8.49977e-12, -0.0871557, 8.857e-12, -0.996195, 0
10.05, 2025-07-03__00-38-56.332112, -0.0470074, -0.0791298, 0.0334873, -2.29176, -0.0226536, 2.14387, 0.72943, 0.00104349, -0.0238503, 0.000355219, 0.00609766, -0.00701414, 0.0771431, 0.0153202, -0.148095, -0.798194, -0.0607387, 0.943758, -0.659893, 0.684102, 0.404303, 0, 0, 0, 0, 0, 0, 0, 0.478057, -0.012556, 0.13853, 0.486346, -0.0158237, 0.142576, 0.996195, -3.71201e-12, -0.0871557, -4.46982e-12, -1, -8.49977e-12, -0.0871557, 8.857e-12, -0.996195, 0
10.06, 2025-07-03__00-38-56.342112, -0.047012, -0.0794268, 0.0334936, -2.29175, -0.022679, 2.14459, 0.729588, 0.00291782, -0.0293573, 0.0010892, 0.0011419, -0.0015913, 0.0647719, 0.0159714, -0.214046, -0.58016, -0.127602, 0.911996, -0.692427, 0.717363, 0.390888, 0, 0, 0, 0, 0, 0, 0, 0.478376, -0.012557, 0.138719, 0.486346, -0.0158237, 0.142576, 0.996195, -3.71201e-12, -0.0871557, -4.46982e-12, -1, -8.49977e-12, -0.0871557, 8.857e-12, -0.996195, 0
10.07, 2025-07-03__00-38-56.352114, -0.0470123, -0.0797152, 0.0334908, -2.29171, -0.022691, 2.14519, 0.729755, -0.00239077, -0.0245616, -0.000331075, 0.00168818, -0.000414258, 0.0604658, 0.0136327, -0.0596497, -0.627865, 0.0281487, 0.915112, -0.698886, 0.708145, 0.394609, 0, 0, 0, 0, 0, 0, 0, 0.478666, -0.0125638, 0.138912, 0.486346, -0.0158237, 0.142576, 0.996195, -3.71201e-12, -0.0871557, -4.46982e-12, -1, -8.49977e-12, -0.0871557, 8.857e-12, -0.996195, 0
10.08, 2025-07-03__00-38-56.362129, -0.0470152, -0.0799824, 0.0334858, -2.29165, -0.0227088, 2.14576, 0.7299, -0.00148618, -0.0236075, -0.000997525, 0.0052604, -0.000806838, 0.054824, 0.0146953, -0.0631608, -0.492187, 0.0254352, 0.799854, -0.697809, 0.692055, 0.379438, 0, 0, 0, 0, 0, 0, 0, 0.478956, -0.0125735, 0.139109, 0.486346, -0.0158237, 0.142576, 0.996195, -3.71201e-12, -0.0871557, -4.46982e-12, -1, -8.49977e-12, -0.0871557, 8.857e-12, -0.996195, 0
10.09, 2025-07-03__00-38-56.372127, -0.0470134, -0.080237, 0.0334883, -2.29158, -0.0227328, 2.14632, 0.730034, 0.000550106, -0.0274415, -0.000466273, 0.00807492, -0.00470357, 0.0503868, 0.0239371, -0.124945, -0.198533, -0.0367172, 0.618804, -0.6756, 0.66, 0.315639, 0, 0, 0, 0, 0, 0, 0, 0.479228, -0.0125788, 0.139289, 0.486346, -0.0158237, 0.142576, 0.996195, -3.71201e-12, -0.0871557, -4.46982e-12, -1, -8.49977e-12, -0.0871557, 8.857e-12, -0.996195, 0
10.1, 2025-07-03__00-38-56.382127, -0.0470106, -0.0804854, 0.0334911, -2.29153, -0.0227583, 2.14679, 0.730127, -8.16577e-05, -0.0241177, 0.000528867, 0.00399277, -0.00499616, 0.0459856, 0.00522505, -0.135659, -0.283697, -0.04823, 0.703383, -0.669315, 0.67156, 0.423508, 0, 0, 0, 0, 0, 0, 0, 0.479475, -0.0125897, 0.139462, 0.486346, -0.0158237, 0.142576, 0.996195, -3.71201e-12, -0.0871557, -4.46982e-12, -1, -8.49977e-12, -0.0871557, 8.857e-12, -0.996195, 0
10.11, 2025-07-03__00-38-56.392127, -0.0470059, -0.080701, 0.0334932, -2.29147, -0.0227733, 2.14719, 0.730211, 0.00118172, -0.0212126, -0.000407313, 0.00838611, -0.0011629, 0.0370492, 0.00444057, -0.142753, -0.233293, -0.0541145, 0.626885, -0.694497, 0.692489, 0.422908, 0, 0, 0, 0, 0, 0, 0, 0.479672, -0.012593, 0.139609, 0.486346, -0.0158237, 0.142576, 0.996195, -3.71201e-12, -0.0871557, -4.46982e-12, -1, -8.49977e-12, -0.0871557, 8.857e-12, -0.996195, 0
10.12, 2025-07-03__00-38-56.402127, -0.0470155, -0.0808963, 0.0334904, -2.29138, -0.0227836, 2.14749, 0.730301, -0.00403858, -0.0167917, -0.00126564, 0.0117082, -0.000515722, 0.0232214, 0.0094828, 0.001307, -0.274759, 0.0911785, 0.612525, -0.699588, 0.760205, 0.386681, 0, 0, 0, 0, 0, 0, 0, 0.479886, -0.0125976, 0.139774, 0.486346, -0.0158237, 0.142576, 0.996195, -3.71201e-12, -0.0871557, -4.46982e-12, -1, -8.49977e-12, -0.0871557, 8.857e-12, -0.996195, 0
10.13, 2025-07-03__00-38-56.412127, -0.0470212, -0.0810688, 0.0334883, -2.29129, -0.0227969, 2.14773, 0.73039, -0.000572284, -0.021553, 0.00075392, 0.00803986, -0.00114905, 0.0184885, 0.00658853, -0.125874, -0.0893653, -0.0378783, 0.568049, -0.695013, 0.770924, 0.399196, 0, 0, 0, 0, 0, 0, 0, 0.48005, -0.0126098, 0.13991, 0.486346, -0.0158237, 0.142576, 0.996195, -3.71201e-12, -0.0871557, -4.46982e-12, -1, -8.49977e-12, -0.0871557, 8.857e-12, -0.996195, 0
10.14, 2025-07-03__00-38-56.422127, -0.0470188, -0.0812152, 0.0334859, -2.2912, -0.0228112, 2.14796, 0.730465, 0.000962999, -0.011059, -4.52672e-05, 0.0114217, -0.000312062, 0.0185243, 0.00683694, -0.135437, -0.331175, -0.0463199, 0.623827, -0.699662, 0.7612, 0.393147, 0, 0, 0, 0, 0, 0, 0, 0.480207, -0.0126133, 0.140038, 0.486346, -0.0158237, 0.142576, 0.996195, -3.71201e-12, -0.0871557, -4.46982e-12, -1, -8.49977e-12, -0.0871557, 8.857e-12, -0.996195, 0
10.15, 2025-07-03__00-38-56.432127, -0.0470137, -0.0813485, 0.033497, -2.29111, -0.0228262, 2.14814, 0.730516, -0.000269484, -0.00788178, 0.0039981, 0.012988, -0.00139195, 0.016447, 0.00456315, -0.200968, -0.352504, -0.114519, 0.606247, -0.692563, 0.759589, 0.403985, 0, 0, 0, 0, 0, 0, 0, 0.480347, -0.012611, 0.140154, 0.486346, -0.0158237, 0.142576, 0.996195, -3.71201e-12, -0.0871557, -4.46982e-12, -1, -8.49977e-12, -0.0871557, 8.857e-12, -0.996195, 0
10.16, 2025-07-03__00-38-56.442127, -0.0470151, -0.0814529, 0.0334883, -2.29101, -0.0228328, 2.14829, 0.730583, -0.00109246, -0.012778, -0.00297767, 0.0126613, -0.00351767, 0.0147109, 0.00418095, -0.025823, -0.134983, 0.065521, 0.492198, -0.680077, 0.747254, 0.401816, 0, 0, 0, 0, 0, 0, 0, 0.480466, -0.0126188, 0.140254, 0.486346, -0.0158237, 0.142576, 0.996195, -3.71201e-12, -0.0871557, -4.46982e-12, -1, -8.49977e-12, -0.0871557, 8.857e-12, -0.996195, 0
10.17, 2025-07-03__00-38-56.452127, -0.0470156, -0.0815014, 0.0334858, -2.29092, -0.0228411, 2.1484, 0.73065, 0.00144113, -0.00424057, -0.00259986, 0.00597517, -0.00235281, 0.0107467, 0.00836597, -0.0862438, -0.520577, 0.00449176, 0.751925, -0.683671, 0.80156, 0.372983, 0, 0, 0, 0, 0, 0, 0, 0.480567, -0.0126174, 0.14033, 0.486346, -0.0158237, 0.142576, 0.996195, -3.71201e-12, -0.0871557, -4.46982e-12, -1, -8.49977e-12, -0.0871557, 8.857e-12, -0.996195, 0
10.18, 2025-07-03__00-38-56.462127, -0.0470174, -0.0815689, 0.0334883, -2.29084, -0.0228446, 2.1485, 0.730696, 0.000824511, -0.00475165, -0.000229635, 0.00723117, -4.70557e-05, 0.008298, 0.00546879, -0.126569, -0.444488, -0.0373898, 0.694153, -0.698888, 0.80289, 0.387655, 0, 0, 0, 0, 0, 0, 0, 0.480659, -0.012628, 0.140401, 0.486346, -0.0158237, 0.142576, 0.996195, -3.71201e-12, -0.0871557, -4.46982e-12, -1, -8.49977e-12, -0.0871557, 8.857e-12, -0.996195, 0
10.19, 2025-07-03__00-38-56.472127, -0.0470215, -0.081638, 0.0334883, -2.29077, -0.0228533, 2.14859, 0.730715, 0.000219713, -0.00559538, -0.000610576, 0.00948072, -0.00243011, 0.00485884, 0.00486607, -0.10346, -0.346299, -0.01384, 0.616974, -0.68495, 0.808317, 0.390199, 0, 0, 0, 0, 0, 0, 0, 0.480737, -0.0126298, 0.140471, 0.486346, -0.0158237, 0.142576, 0.996195, -3.71201e-12, -0.0871557, -4.46982e-12, -1, -8.49977e-12, -0.0871557, 8.857e-12, -0.996195, 0
10.2, 2025-07-03__00-38-56.482127, -0.0470173, -0.0816665, 0.0334884, -2.2907, -0.0228575, 2.14868, 0.730745, -0.00147497, -0.00164049, -0.00134744, 0.00761965, -2.87553e-06, 0.00964585, -0.000371025, -0.0479591, -0.484676, 0.0423039, 0.682593, -0.698244, 0.780898, 0.419818, 0, 0, 0, 0, 0, 0, 0, 0.480811, -0.0126268, 0.140522, 0.486346, -0.0158237, 0.142576, 0.996195, -3.71201e-12, -0.0871557, -4.46982e-12, -1, -8.49977e-12, -0.0871557, 8.857e-12, -0.996195, 0
10.21, 2025-07-03__00-38-56.492127, -0.0470176, -0.081675, 0.0334883, -2.29064, -0.022863, 2.14876, 0.730794, 5.98124e-05, -0.000840845, -0.000774487, 0.00573207, 4.15609e-05, 0.0100394, 0.00180708, -0.0952098, -0.52694, -0.00562637, 0.717107, -0.697928, 0.777975, 0.403918, 0, 0, 0, 0, 0, 0, 0, 0.480875, -0.0126311, 0.140558, 0.486346, -0.0158237, 0.142576, 0.996195, -3.71201e-12, -0.0871557, -4.46982e-12, -1, -8.49977e-12, -0.0871557, 8.857e-12, -0.996195, 0
10.22, 2025-07-03__00-38-56.502127, -0.0470197, -0.081681, 0.033483, -2.2906, -0.0228688, 2.14882, 0.730835, -0.00382981, 6.95527e-05, -0.00200224, 0.00284744, -0.0037697, 0.00182635, 0.00368441, 0.0231847, -0.618655, 0.113442, 0.804857, -0.672812, 0.840093, 0.390439, 0, 0, 0, 0, 0, 0, 0, 0.480914, -0.0126342, 0.14058, 0.486346, -0.0158237, 0.142576, 0.996195, -3.71201e-12, -0.0871557, -4.46982e-12, -1, -8.49977e-12, -0.0871557, 8.857e-12, -0.996195, 0
10.23, 2025-07-03__00-38-56.512127, -0.0470222, -0.0816887, 0.0334862, -2.29057, -0.0228747, 2.14888, 0.730878, -0.000771029, 0.000344332, 8.73355e-05, 0.00445024, -0.000344816, 0.0102128, 0.00219565, -0.0936906, -0.570225, -0.00498559, 0.742057, -0.69474, 0.772568, 0.396789, 0, 0, 0, 0, 0, 0, 0, 0.480962, -0.0126394, 0.140609, 0.486346, -0.0158237, 0.142576, 0.996195, -3.71201e-12, -0.0871557, -4.46982e-12, -1, -8.49977e-12, -0.0871557, 8.857e-12, -0.996195, 0
10.24, 2025-07-03__00-38-56.522127, -0.0470255, -0.0816864, 0.0334883, -2.29054, -0.0228775, 2.14895, 0.730937, 2.93343e-06, -0.0002308, -0.000202194, 0.00227981, 0.000226796, 0.011445, 0.00726294, -0.104912, -0.576768, -0.0163538, 0.764324, -0.698075, 0.763655, 0.362688, 0, 0, 0, 0, 0, 0, 0, 0.480991, -0.0126366, 0.140615, 0.486346, -0.0158237, 0.142576, 0.996195, -3.71201e-12, -0.0871557, -4.46982e-12, -1, -8.49977e-12, -0.0871557, 8.857e-12, -0.996195, 0
10.25, 2025-07-03__00-38-56.532127, -0.047023, -0.0816752, 0.0334932, -2.29052, -0.0228849, 2.14899, 0.730962, -0.00131403, 0.00178686, 2.9422e-05, 0.0021741, -0.000190546, 0.0028694, 0.00264394, -0.0801672, -0.668987, 0.00812697, 0.822891, -0.694641, 0.82441, 0.389495, 0, 0, 0, 0, 0, 0, 0, 0.481023, -0.0126368, 0.140629, 0.486346, -0.0158237, 0.142576, 0.996195, -3.71201e-12, -0.0871557, -4.46982e-12, -1, -8.49977e-12, -0.0871557, 8.857e-12, -0.996195, 0
10.26, 2025-07-03__00-38-56.542127, -0.0470191, -0.0816751, 0.0334883, -2.29052, -0.0228878, 2.14901, 0.730979, 0.000618392, -2.2209e-06, -0.000909405, 0.00206882, -2.92355e-06, 0.000705753, 0.00241968, -0.103468, -0.610554, -0.0146649, 0.8012, -0.696079, 0.834395, 0.389927, 0, 0, 0, 0, 0, 0, 0, 0.481033, -0.0126375, 0.14063, 0.486346, -0.0158237, 0.142576, 0.996195, -3.71201e-12, -0.0871557, -4.46982e-12, -1, -8.49977e-12, -0.0871557, 8.857e-12, -0.996195, 0
10.27, 2025-07-03__00-38-56.552127, -0.047022, -0.0816705, 0.0334883, -2.29051, -0.0228936, 2.14905, 0.730994, 0.000252909, 0.000937133, -0.00106788, 2.13514e-05, -0.00273631, -0.000164363, -0.000302648, -0.0906665, -0.67988, -0.00199707, 0.859497, -0.677528, 0.845722, 0.405833, 0, 0, 0, 0, 0, 0, 0, 0.481044, -0.0126402, 0.140632, 0.486346, -0.0158237, 0.142576, 0.996195, -3.71201e-12, -0.0871557, -4.46982e-12, -1, -8.49977e-12, -0.0871557, 8.857e-12, -0.996195, 0
10.28, 2025-07-03__00-38-56.562127, -0.0470199, -0.081673, 0.0334868, -2.29052, -0.022898, 2.14911, 0.731024, 0.00201563, -0.000523715, -0.00112361, -0.00176395, 4.86938e-05, 0.00766728, 0.00552196, -0.131188, -0.638579, -0.0426973, 0.846113, -0.694623, 0.790012, 0.368577, 0, 0, 0, 0, 0, 0, 0, 0.481065, -0.0126436, 0.140636, 0.486346, -0.0158237, 0.142576, 0.996195, -3.71201e-12, -0.0871557, -4.46982e-12, -1, -8.49977e-12, -0.0871557, 8.857e-12, -0.996195, 0
10.29, 2025-07-03__00-38-56.572127, -0.0470255, -0.0816705, 0.0334883, -2.29051, -0.0229028, 2.14917, 0.73105, 2.21438e-05, 0.000530756, -0.00038628, -0.000464576, 0.000186968, 0.0132831, 0.00256347, -0.101384, -0.641024, -0.0133348, 0.816586, -0.695329, 0.745402, 0.384806, 0, 0, 0, 0, 0, 0, 0, 0.481086, -0.0126439, 0.14064, 0.486346, -0.0158237, 0.142576, 0.996195, -3.71201e-12, -0.0871557, -4.46982e-12, -1, -8.49977e-12, -0.0871557, 8.857e-12, -0.996195, 0
10.3, 2025-07-03__00-38-56.582126, -0.0470255, -0.0816751, 0.0334883, -2.29051, -0.0229076, 2.1492, 0.731055, -0.000599668, -0.000161972, -0.000713895, 0.00184723, 7.45077e-05, 0.00192159, -0.00142831, -0.079307, -0.600303, 0.00906128, 0.791054, -0.695406, 0.813184, 0.408868, 0, 0, 0, 0, 0, 0, 0, 0.481101, -0.0126437, 0.140645, 0.486346, -0.0158237, 0.142576, 0.996195, -3.71201e-12, -0.0871557, -4.46982e-12, -1, -8.49977e-12, -0.0871557, 8.857e-12, -0.996195, 0
10.31, 2025-07-03__00-38-56.592126, -0.0470195, -0.0816804, 0.0334918, -2.2905, -0.022912, 2.14922, 0.731081, 0.000985557, 0.00150781, 0.00029564, -0.00119019, -0.000723307, 0.000765276, 0.000358691, -0.139459, -0.706999, -0.0521598, 0.881283, -0.688947, 0.831912, 0.396859, 0, 0, 0, 0, 0, 0, 0, 0.48111, -0.0126452, 0.140651, 0.486346, -0.0158237, 0.142576, 0.996195, -3.71201e-12, -0.0871557, -4.46982e-12, -1, -8.49977e-12, -0.0871557, 8.857e-12, -0.996195, 0
10.32, 2025-07-03__00-38-56.602126, -0.0470282, -0.0816843, 0.0334914, -2.2905, -0.0229139, 2.14926, 0.731098, -0.002559, 7.75629e-05, -0.000215923, -0.000933536, -0.000419334, 0.00542176, 0.000276565, -0.0469613, -0.64231, 0.040783, 0.834999, -0.69092, 0.793481, 0.396006, 0, 0, 0, 0, 0, 0, 0, 0.481126, -0.0126475, 0.140659, 0.486346, -0.0158237, 0.142576, 0.996195, -3.71201e-12, -0.0871557, -4.46982e-12, -1, -8.49977e-12, -0.0871557, 8.857e-12, -0.996195, 0
10.33, 2025-07-03__00-38-56.612115, -0.0470286, -0.0816815, 0.0334913, -2.2905, -0.0229137, 2.1493, 0.731108, 0.000697212, 0.000106085, 0.00117355, -0.00015419, -0.000200612, 0.00491954, 0.000127757, -0.15173, -0.628154, -0.0650852, 0.821476, -0.692818, 0.791628, 0.39655, 0, 0, 0, 0, 0, 0, 0, 0.481142, -0.0126482, 0.140658, 0.486346, -0.0158237, 0.142576, 0.996195, -3.71201e-12, -0.0871557, -4.46982e-12, -1, -8.49977e-12, -0.0871557, 8.857e-12, -0.996195, 0
10.34, 2025-07-03__00-38-56.622127, -0.0470226, -0.0816843, 0.0334904, -2.2905, -0.0229179, 2.14934, 0.731129, 0.00148552, -0.00132819, 3.9366e-05, 0.000397335, 0.000124086, 0.00107599, 0.000672613, -0.145585, -0.574244, -0.058224, 0.796033, -0.695352, 0.810584, 0.392078, 0, 0, 0, 0, 0, 0, 0, 0.481156, -0.0126506, 0.140662, 0.486346, -0.0158237, 0.142576, 0.996195, -3.71201e-12, -0.0871557, -4.46982e-12, -1, -8.49977e-12, -0.0871557, 8.857e-12, -0.996195, 0
10.35, 2025-07-03__00-38-56.632116, -0.0470177, -0.0816815, 0.0334932, -2.2905, -0.0229185, 2.14937, 0.731149, 0.00101701, -0.000395839, 9.61108e-05, -0.00152606, -0.000329138, 0.0043635, 0.00685442, -0.137657, -0.632986, -0.0504895, 0.839954, -0.691903, 0.793638, 0.35346, 0, 0, 0, 0, 0, 0, 0, 0.481172, -0.0126446, 0.140667, 0.486346, -0.0158237, 0.142576, 0.996195, -3.71201e-12, -0.0871557, -4.46982e-12, -1, -8.49977e-12, -0.0871557, 8.857e-12, -0.996195, 0
10.36, 2025-07-03__00-38-56.642111, -0.0470209, -0.0816815, 0.0334907, -2.29049, -0.0229219, 2.14938, 0.731168, 0.000336394, -0.00311763, -0.00103171, 0.000112474, -9.91175e-07, -0.000371577, 0.00124021, -0.0968455, -0.518236, -0.00888978, 0.772947, -0.69472, 0.814756, 0.386276, 0, 0, 0, 0, 0, 0, 0, 0.481175, -0.0126476, 0.140667, 0.486346, -0.0158237, 0.142576, 0.996195, -3.71201e-12, -0.0871557, -4.46982e-12, -1, -8.49977e-12, -0.0871557, 8.857e-12, -0.996195, 0
10.37, 2025-07-03__00-38-56.652110, -0.0470257, -0.0816762, 0.0334913, -2.29048, -0.0229247, 2.14939, 0.731174, -0.00086302, 0.000876862, 0.000359559, 0.00456375, -2.72104e-05, -2.2942e-05, 0.00184509, -0.0964605, -0.585059, -0.00909906, 0.74724, -0.695616, 0.806401, 0.382249, 0, 0, 0, 0, 0, 0, 0, 0.481179, -0.0126487, 0.14067, 0.486346, -0.0158237, 0.142576, 0.996195, -3.71201e-12, -0.0871557, -4.46982e-12, -1, -8.49977e-12, -0.0871557, 8.857e-12, -0.996195, 0
10.38, 2025-07-03__00-38-56.662111, -0.0470233, -0.0816737, 0.0334912, -2.29048, -0.0229278, 2.14941, 0.731181, 0.000740534, 0.00140188, 0.000447591, 0.000289439, -0.000432966, -0.000308179, 0.000755867, -0.135844, -0.675043, -0.0489237, 0.843695, -0.691046, 0.821073, 0.388714, 0, 0, 0, 0, 0, 0, 0, 0.481191, -0.0126503, 0.140674, 0.486346, -0.0158237, 0.142576, 0.996195, -3.71201e-12, -0.0871557, -4.46982e-12, -1, -8.49977e-12, -0.0871557, 8.857e-12, -0.996195, 0
10.39, 2025-07-03__00-38-56.672110, -0.0470263, -0.0816762, 0.0334932, -2.29049, -0.0229313, 2.14943, 0.731194, -0.000520419, 0.000238157, 1.2388e-07, -0.00134963, -0.000252818, 0.00473427, 0.000777198, -0.0985277, -0.651743, -0.0114379, 0.842548, -0.691317, 0.787838, 0.387632, 0, 0, 0, 0, 0, 0, 0, 0.481193, -0.0126482, 0.140671, 0.486346, -0.0158237, 0.142576, 0.996195, -3.71201e-12, -0.0871557, -4.46982e-12, -1, -8.49977e-12, -0.0871557, 8.857e-12, -0.996195, 0
10.4, 2025-07-03__00-38-56.682113, -0.0470284, -0.0816761, 0.033489, -2.29049, -0.0229312, 2.14945, 0.731204, -0.000701327, 0.00121246, 0.000171565, 0.000810618, 0.00012544, 0.000530381, 0.0034825, -0.0952918, -0.658734, -0.00814978, 0.827071, -0.694727, 0.810883, 0.370695, 0, 0, 0, 0, 0, 0, 0, 0.4812, -0.0126504, 0.140674, 0.486346, -0.0158237, 0.142576, 0.996195, -3.71201e-12, -0.0871557, -4.46982e-12, -1, -8.49977e-12, -0.0871557, 8.857e-12, -0.996195, 0
10.41, 2025-07-03__00-38-56.692112, -0.0470261, -0.0816843, 0.0334919, -2.29049, -0.0229316, 2.14947, 0.731217, 0.000233358, -0.00160753, 0.000646248, -0.000370817, 0.000206997, 0.00142729, 0.0049413, -0.13058, -0.571725, -0.044005, 0.799399, -0.695417, 0.800618, 0.361121, 0, 0, 0, 0, 0, 0, 0, 0.481209, -0.0126503, 0.140678, 0.486346, -0.0158237, 0.142576, 0.996195, -3.71201e-12, -0.0871557, -4.46982e-12, -1, -8.49977e-12, -0.0871557, 8.857e-12, -0.996195, 0
10.42, 2025-07-03__00-38-56.702110, -0.0470287, -0.0816811, 0.0334911, -2.29048, -0.0229357, 2.1495, 0.731228, -0.00044579, 0.000300619, -6.30516e-05, -0.00112251, 0.000475801, 0.00153019, 0.00510286, -0.0972022, -0.651576, -0.0101283, 0.843219, -0.696249, 0.80407, 0.35948, 0, 0, 0, 0, 0, 0, 0, 0.481223, -0.0126509, 0.140681, 0.486346, -0.0158237, 0.142576, 0.996195, -3.71201e-12, -0.0871557, -4.46982e-12, -1, -8.49977e-12, -0.0871557, 8.857e-12, -0.996195, 0
10.43, 2025-07-03__00-38-56.712111, -0.0470279, -0.081679, 0.033489, -2.29048, -0.0229364, 2.14952, 0.731236, -5.52562e-05, -0.00166158, -0.000157249, 0.000783658, 0.000110798, 0.0030146, 4.34917e-05, -0.104893, -0.546998, -0.017727, 0.767436, -0.694783, 0.782619, 0.38962, 0, 0, 0, 0, 0, 0, 0, 0.481225, -0.0126525, 0.140679, 0.486346, -0.0158237, 0.142576, 0.996195, -3.71201e-12, -0.0871557, -4.46982e-12, -1, -8.49977e-12, -0.0871557, 8.857e-12, -0.996195, 0
10.44, 2025-07-03__00-38-56.722110, -0.0470279, -0.081679, 0.0334911, -2.29049, -0.0229419, 2.14956, 0.731247, -0.000580175, -6.11772e-05, 8.02729e-05, -0.00109808, -3.83421e-05, 0.00518225, 0.00473036, -0.0981197, -0.63158, -0.0112473, 0.826284, -0.692711, 0.774284, 0.36064, 0, 0, 0, 0, 0, 0, 0, 0.481244, -0.0126535, 0.140684, 0.486346, -0.0158237, 0.142576, 0.996195, -3.71201e-12, -0.0871557, -4.46982e-12, -1, -8.49977e-12, -0.0871557, 8.857e-12, -0.996195, 0
10.45, 2025-07-03__00-38-56.732110, -0.0470261, -0.081679, 0.0334939, -2.29048, -0.0229451, 2.14958, 0.731247, 0.000255445, -0.000767284, 0.001365, 0.00207087, 5.94002e-06, 0.000928553, -0.00153436, -0.146974, -0.558996, -0.0609202, 0.761408, -0.694014, 0.790766, 0.398712, 0, 0, 0, 0, 0, 0, 0, 0.481245, -0.0126544, 0.140679, 0.486346, -0.0158237, 0.142576, 0.996195, -3.71201e-12, -0.0871557, -4.46982e-12, -1, -8.49977e-12, -0.0871557, 8.857e-12, -0.996195, 0
10.46, 2025-07-03__00-38-56.742109, -0.0470239, -0.0816815, 0.0334884, -2.29048, -0.0229449, 2.1496, 0.731269, 0.000407647, -0.000562361, -0.00058308, -0.000211348, 0.000223983, 0.00226787, 0.00340419, -0.105718, -0.601301, -0.0184185, 0.805079, -0.694755, 0.787509, 0.367421, 0, 0, 0, 0, 0, 0, 0, 0.481254, -0.0126545, 0.140686, 0.486346, -0.0158237, 0.142576, 0.996195, -3.71201e-12, -0.0871557, -4.46982e-12, -1, -8.49977e-12, -0.0871557, 8.857e-12, -0.996195, 0
10.47, 2025-07-03__00-38-56.752109, -0.0470287, -0.0816815, 0.0334861, -2.29048, -0.0229505, 2.14961, 0.731272, -0.000171491, -0.000736722, -0.00152045, -0.000578827, -0.00491728, 0.00232018, 0.00135588, -0.0698575, -0.602956, 0.0179537, 0.810931, -0.66198, 0.787265, 0.379964, 0, 0, 0, 0, 0, 0, 0, 0.481261, -0.0126554, 0.140686, 0.486346, -0.0158237, 0.142576, 0.996195, -3.71201e-12, -0.0871557, -4.46982e-12, -1, -8.49977e-12, -0.0871557, 8.857e-12, -0.996195, 0
10.48, 2025-07-03__00-38-56.762112, -0.0470284, -0.0816737, 0.0334939, -2.29048, -0.022947, 2.14963, 0.731277, 0.00308938, 0.00146106, 0.00207859, -0.000277878, -0.000335547, -9.70647e-05, -0.000528595, -0.225511, -0.677925, -0.140292, 0.849493, -0.690765, 0.806121, 0.391275, 0, 0, 0, 0, 0, 0, 0, 0.481269, -0.0126576, 0.14069, 0.486346, -0.0158237, 0.142576, 0.996195, -3.71201e-12, -0.0871557, -4.46982e-12, -1, -8.49977e-12, -0.0871557, 8.857e-12, -0.996195, 0
10.49, 2025-07-03__00-38-56.772111, -0.0470317, -0.0816815, 0.0334911, -2.29048, -0.0229513, 2.14965, 0.73129, 0.000271219, -0.000804148, 0.000556799, 0.000215033, 0.00017068, 0.000320601, -0.000711687, -0.127453, -0.587862, -0.0410802, 0.797179, -0.694185, 0.795709, 0.391301, 0, 0, 0, 0, 0, 0, 0, 0.481272, -0.0126582, 0.14069, 0.486346, -0.0158237, 0.142576, 0.996195, -3.71201e-12, -0.0871557, -4.46982e-12, -1, -8.49977e-12, -0.0871557, 8.857e-12, -0.996195, 0
10.5, 2025-07-03__00-38-56.782111, -0.0470294, -0.081679, 0.0334911, -2.29048, -0.0229472, 2.14967, 0.731301, -0.000179242, 0.000466821, 0.00181757, -0.000403985, 0.000212505, 0.0012615, 0.000377325, -0.145596, -0.641187, -0.0601319, 0.828051, -0.694265, 0.792414, 0.384092, 0, 0, 0, 0, 0, 0, 0, 0.481279, -0.0126567, 0.140692, 0.486346, -0.0158237, 0.142576, 0.996195, -3.71201e-12, -0.0871557, -4.46982e-12, -1, -8.49977e-12, -0.0871557, 8.857e-12, -0.996195, 0
10.51, 2025-07-03__00-38-56.792111, -0.0470301, -0.0816762, 0.0334858, -2.29048, -0.0229483, 2.14968, 0.731306, -0.000348517, 0.00153534, -0.00124353, 0.000831539, -0.000157603, 0.00059975, -0.00132879, -0.0700673, -0.663167, 0.0177093, 0.822336, -0.692074, 0.795115, 0.394004, 0, 0, 0, 0, 0, 0, 0, 0.481286, -0.0126592, 0.140694, 0.486346, -0.0158237, 0.142576, 0.996195, -3.71201e-12, -0.0871557, -4.46982e-12, -1, -8.49977e-12, -0.0871557, 8.857e-12, -0.996195, 0
10.52, 2025-07-03__00-38-56.802127, -0.0470322, -0.0816762, 0.0334913, -2.29047, -0.0229515, 2.14969, 0.731323, 0.00111825, 0.000592141, 0.000171499, 0.000932678, 1.76208e-05, -0.000259384, 0.00462992, -0.136247, -0.625594, -0.0496465, 0.805324, -0.693833, 0.797389, 0.357078, 0, 0, 0, 0, 0, 0, 0, 0.481294, -0.0126589, 0.140696, 0.486346, -0.0158237, 0.142576, 0.996195, -3.71201e-12, -0.0871557, -4.46982e-12, -1, -8.49977e-12, -0.0871557, 8.857e-12, -0.996195, 0
10.53, 2025-07-03__00-38-56.812127, -0.0470318, -0.0816811, 0.0334883, -2.29048, -0.0229522, 2.14972, 0.731329, 0.000972284, -9.7153e-07, -0.000875014, -0.000803553, 0.00019962, 0.00294183, 0.00131764, -0.109924, -0.626777, -0.0226907, 0.8207, -0.693953, 0.777661, 0.376664, 0, 0, 0, 0, 0, 0, 0, 0.4813, -0.0126609, 0.140695, 0.486346, -0.0158237, 0.142576, 0.996195, -3.71201e-12, -0.0871557, -4.46982e-12, -1, -8.49977e-12, -0.0871557, 8.857e-12, -0.996195, 0
10.54, 2025-07-03__00-38-56.822127, -0.0470345, -0.0816821, 0.0334911, -2.29048, -0.0229563, 2.14973, 0.731331, 0.000606845, 0.000115393, 0.000168152, 0.000978469, -5.61774e-05, 0.000246575, -0.00045366, -0.124756, -0.605868, -0.0382006, 0.794712, -0.692812, 0.790338, 0.387388, 0, 0, 0, 0, 0, 0, 0, 0.481309, -0.0126581, 0.140701, 0.486346, -0.0158237, 0.142576, 0.996195, -3.71201e-12, -0.0871557, -4.46982e-12, -1, -8.49977e-12, -0.0871557, 8.857e-12, -0.996195, 0
10.55, 2025-07-03__00-38-56.832127, -0.0470326, -0.0816737, 0.0334911, -2.29047, -0.0229569, 2.14974, 0.731337, 0.000404651, 0.00142467, -0.000330121, 0.00022565, -0.000289731, 0.0027178, 0.00026087, -0.108633, -0.661332, -0.0217474, 0.823233, -0.69081, 0.777601, 0.38269, 0, 0, 0, 0, 0, 0, 0, 0.481311, -0.0126622, 0.140699, 0.486346, -0.0158237, 0.142576, 0.996195, -3.71201e-12, -0.0871557, -4.46982e-12, -1, -8.49977e-12, -0.0871557, 8.857e-12, -0.996195, 0
10.56, 2025-07-03__00-38-56.842126, -0.047025, -0.0816793, 0.0334883, -2.29047, -0.0229569, 2.14975, 0.731343, 0.00444566, 0.000291472, -0.000373184, 0.000746045, -0.00022134, -6.48768e-05, 0.000545218, -0.200624, -0.613197, -0.113845, 0.801857, -0.691967, 0.791679, 0.380868, 0, 0, 0, 0, 0, 0, 0, 0.481312, -0.0126595, 0.140701, 0.486346, -0.0158237, 0.142576, 0.996195, -3.71201e-12, -0.0871557, -4.46982e-12, -1, -8.49977e-12, -0.0871557, 8.857e-12, -0.996195, 0
10.57, 2025-07-03__00-38-56.852127, -0.04703, -0.0816815, 0.0334911, -2.29047, -0.0229574, 2.14976, 0.73135, 0.00143493, -0.000283605, 8.82174e-05, -2.606e-05, -2.7929e-05, 0.00319991, 0.00127155, -0.143264, -0.599333, -0.056796, 0.796588, -0.692811, 0.769749, 0.375843, 0, 0, 0, 0, 0, 0, 0, 0.481314, -0.012662, 0.140699, 0.486346, -0.0158237, 0.142576, 0.996195, -3.71201e-12, -0.0871557, -4.46982e-12, -1, -8.49977e-12, -0.0871557, 8.857e-12, -0.996195, 0
10.58, 2025-07-03__00-38-56.862127, -0.047036, -0.0816822, 0.0334858, -2.29047, -0.0229565, 2.14977, 0.731358, -0.00047403, -0.000486643, -0.00188517, 0.000881624, 0.000581172, 0.00144103, 0.000552765, -0.0526832, -0.582873, 0.0353474, 0.778493, -0.696982, 0.778282, 0.37948, 0, 0, 0, 0, 0, 0, 0, 0.481318, -0.0126607, 0.1407, 0.486346, -0.0158237, 0.142576, 0.996195, -3.71201e-12, -0.0871557, -4.46982e-12, -1, -8.49977e-12, -0.0871557, 8.857e-12, -0.996195, 0
10.59, 2025-07-03__00-38-56.872127, -0.0470376, -0.0816814, 0.033496, -2.29047, -0.0229611, 2.14978, 0.731361, -0.0019041, 0.00027629, 0.000868861, 0.000878641, 0.000137784, 0.00413481, 0.00124658, -0.0842854, -0.603415, 0.00173358, 0.783588, -0.693761, 0.760564, 0.375159, 0, 0, 0, 0, 0, 0, 0, 0.481326, -0.0126596, 0.140704, 0.486346, -0.0158237, 0.142576, 0.996195, -3.71201e-12, -0.0871557, -4.46982e-12, -1, -8.49977e-12, -0.0871557, 8.857e-12, -0.996195, 0
10.6, 2025-07-03__00-38-56.882127, -0.0470405, -0.0816844, 0.0334883, -2.29047, -0.0229611, 2.14978, 0.731358, -0.0014782, -0.000920386, -0.000447863, 0.000650103, 9.00466e-06, 0.00123437, -0.00135866, -0.0625052, -0.570541, 0.0244412, 0.776363, -0.692935, 0.778766, 0.391116, 0, 0, 0, 0, 0, 0, 0, 0.481327, -0.0126619, 0.140705, 0.486346, -0.0158237, 0.142576, 0.996195, -3.71201e-12, -0.0871557, -4.46982e-12, -1, -8.49977e-12, -0.0871557, 8.857e-12, -0.996195, 0
10.61, 2025-07-03__00-38-56.892113, -0.0470354, -0.0816814, 0.0334858, -2.29047, -0.0229634, 2.14979, 0.731373, 0.00113502, 0.000263954, -0.00163382, 0.00202859, 0.00024708, 0.00143235, 0.000688115, -0.0940666, -0.589, -0.0062779, 0.767944, -0.694948, 0.774942, 0.377903, 0, 0, 0, 0, 0, 0, 0, 0.48133, -0.0126621, 0.140706, 0.486346, -0.0158237, 0.142576, 0.996195, -3.71201e-12, -0.0871557, -4.46982e-12, -1, -8.49977e-12, -0.0871557, 8.857e-12, -0.996195, 0
10.62, 2025-07-03__00-38-56.902114, -0.0470333, -0.0816836, 0.0334939, -2.29047, -0.0229653, 2.14979, 0.731382, 0.0025169, -0.000760724, 0.000162983, -0.000501574, -0.000157917, 0.00461169, 0.00204202, -0.169743, -0.584988, -0.0835788, 0.792942, -0.691594, 0.758235, 0.369368, 0, 0, 0, 0, 0, 0, 0, 0.48133, -0.0126634, 0.140705, 0.486346, -0.0158237, 0.142576, 0.996195, -3.71201e-12, -0.0871557, -4.46982e-12, -1, -8.49977e-12, -0.0871557, 8.857e-12, -0.996195, 0
10.63, 2025-07-03__00-38-56.912127, -0.0470349, -0.0816793, 0.033486, -2.29048, -0.0229626, 2.1498, 0.731377, 0.000827036, 0.000193393, -0.00130709, -0.00105851, 3.06018e-06, 0.000617537, -0.000801295, -0.0954224, -0.642043, -0.00809467, 0.833918, -0.692069, 0.789492, 0.386822, 0, 0, 0, 0, 0, 0, 0, 0.481333, -0.0126656, 0.140705, 0.486346, -0.0158237, 0.142576, 0.996195, -3.71201e-12, -0.0871557, -4.46982e-12, -1, -8.49977e-12, -0.0871557, 8.857e-12, -0.996195, 0
10.64, 2025-07-03__00-38-56.922126, -0.0470407, -0.0816791, 0.0334858, -2.29047, -0.0229664, 2.1498, 0.731388, -0.00148797, -0.000311719, -0.00128858, -5.04577e-05, -5.12669e-05, 0.000303014, -0.000326796, -0.0421463, -0.607857, 0.0452559, 0.803543, -0.692063, 0.787371, 0.383184, 0, 0, 0, 0, 0, 0, 0, 0.481333, -0.0126632, 0.140704, 0.486346, -0.0158237, 0.142576, 0.996195, -3.71201e-12, -0.0871557, -4.46982e-12, -1, -8.49977e-12, -0.0871557, 8.857e-12, -0.996195, 0
10.65, 2025-07-03__00-38-56.932115, -0.047033, -0.0816797, 0.0334912, -2.29047, -0.0229651, 2.14981, 0.731399, 0.00123057, 0.000168128, 0.000244799, -0.000615169, 0.000336092, -0.000115026, 0.000844633, -0.141057, -0.631643, -0.0549288, 0.824713, -0.694551, 0.791957, 0.375708, 0, 0, 0, 0, 0, 0, 0, 0.481337, -0.0126637, 0.140707, 0.486346, -0.0158237, 0.142576, 0.996195, -3.71201e-12, -0.0871557, -4.46982e-12, -1, -8.49977e-12, -0.0871557, 8.857e-12, -0.996195, 0
10.66, 2025-07-03__00-38-56.942111, -0.0470336, -0.0816783, 0.0334858, -2.29047, -0.022966, 2.14981, 0.731401, 0.00481931, 0.0012976, -0.00110493, 0.000250553, 3.69683e-05, -1.88547e-05, 0.000336586, -0.189309, -0.656268, -0.102246, 0.826552, -0.692893, 0.790937, 0.378815, 0, 0, 0, 0, 0, 0, 0, 0.481332, -0.0126661, 0.140702, 0.486346, -0.0158237, 0.142576, 0.996195, -3.71201e-12, -0.0871557, -4.46982e-12, -1, -8.49977e-12, -0.0871557, 8.857e-12, -0.996195, 0
10.67, 2025-07-03__00-38-56.952109, -0.0470361, -0.0816793, 0.0334933, -2.29047, -0.0229668, 2.14982, 0.731407, 0.00502696, -0.000360625, 0.000216995, 0.000521694, -0.000173289, 0.00030881, 0.000716579, -0.226155, -0.590359, -0.140159, 0.792412, -0.691992, 0.783492, 0.376197, 0, 0, 0, 0, 0, 0, 0, 0.48134, -0.0126636, 0.140705, 0.486346, -0.0158237, 0.142576, 0.996195, -3.71201e-12, -0.0871557, -4.46982e-12, -1, -8.49977e-12, -0.0871557, 8.857e-12, -0.996195, 0
10.68, 2025-07-03__00-38-56.962117, -0.0470357, -0.0816791, 0.033488, -2.29048, -0.0229719, 2.14983, 0.731414, 1.28004e-05, -0.000382403, -0.00308343, -0.000930048, -0.000426698, 6.59557e-05, 0.000871125, -0.0371848, -0.621722, 0.0512575, 0.82192, -0.689241, 0.789735, 0.374496, 0, 0, 0, 0, 0, 0, 0, 0.48134, -0.0126662, 0.140706, 0.486346, -0.0158237, 0.142576, 0.996195, -3.71201e-12, -0.0871557, -4.46982e-12, -1, -8.49977e-12, -0.0871557, 8.857e-12, -0.996195, 0
10.69, 2025-07-03__00-38-56.972112, -0.0470414, -0.0816837, 0.0334884, -2.29047, -0.0229702, 2.14983, 0.731418, -0.00579578, -0.000653728, -0.000670817, 0.000207873, 4.83513e-05, 0.00019954, -0.000196372, 0.0407145, -0.59165, 0.127718, 0.790363, -0.692564, 0.784666, 0.380426, 0, 0, 0, 0, 0, 0, 0, 0.481344, -0.0126664, 0.140707, 0.486346, -0.0158237, 0.142576, 0.996195, -3.71201e-12, -0.0871557, -4.46982e-12, -1, -8.49977e-12, -0.0871557, 8.857e-12, -0.996195, 0
10.7, 2025-07-03__00-38-56.982114, -0.0470351, -0.0816784, 0.0334915, -2.29047, -0.0229712, 2.14984, 0.731418, 0.001734, 0.000930262, 1.7323e-05, 0.000784508, -0.000198553, 0.000234075, 0.00175904, -0.145958, -0.634257, -0.059678, 0.807588, -0.691455, 0.784823, 0.369119, 0, 0, 0, 0, 0, 0, 0, 0.481344, -0.0126652, 0.140707, 0.486346, -0.0158237, 0.142576, 0.996195, -3.71201e-12, -0.0871557, -4.46982e-12, -1, -8.49977e-12, -0.0871557, 8.857e-12, -0.996195, 0
10.71, 2025-07-03__00-38-56.992111, -0.0470387, -0.0816823, 0.0334861, -2.29048, -0.0229744, 2.14984, 0.731422, -0.00183358, -0.000779406, -0.00201475, -0.00077827, 9.53925e-06, -2.72169e-05, -0.000271684, -0.0188465, -0.604332, 0.0688805, 0.811383, -0.691855, 0.788413, 0.380882, 0, 0, 0, 0, 0, 0, 0, 0.481348, -0.012666, 0.140709, 0.486346, -0.0158237, 0.142576, 0.996195, -3.71201e-12, -0.0871557, -4.46982e-12, -1, -8.49977e-12, -0.0871557, 8.857e-12, -0.996195, 0
10.72, 2025-07-03__00-38-57.002113, -0.0470329, -0.0816818, 0.0334883, -2.29047, -0.0229706, 2.14984, 0.731427, 0.0015994, -0.000889234, -0.00026638, 0.000952454, 0.000308023, -6.97015e-05, 0.000733506, -0.137511, -0.566364, -0.0510537, 0.773853, -0.694999, 0.782519, 0.374695, 0, 0, 0, 0, 0, 0, 0, 0.481347, -0.0126671, 0.140707, 0.486346, -0.0158237, 0.142576, 0.996195, -3.71201e-12, -0.0871557, -4.46982e-12, -1, -8.49977e-12, -0.0871557, 8.857e-12, -0.996195, 0
10.73, 2025-07-03__00-38-57.012115, -0.0470382, -0.0816825, 0.0334884, -2.29047, -0.0229706, 2.14985, 0.731435, -0.000379402, -0.000570535, 0.000150007, -0.000787569, -0.000110415, 0.000891419, 0.00194466, -0.101164, -0.605355, -0.0150723, 0.810809, -0.691587, 0.781254, 0.366852, 0, 0, 0, 0, 0, 0, 0, 0.481352, -0.0126669, 0.140711, 0.486346, -0.0158237, 0.142576, 0.996195, -3.71201e-12, -0.0871557, -4.46982e-12, -1, -8.49977e-12, -0.0871557, 8.857e-12, -0.996195, 0
10.74, 2025-07-03__00-38-57.022113, -0.0470435, -0.0816814, 0.0334921, -2.29048, -0.0229723, 2.14985, 0.731434, -0.00258696, 0.000321705, 0.00120118, -0.00123125, -0.000122881, 0.0019827, -0.000913525, -0.0744245, -0.645117, 0.0109407, 0.833478, -0.690723, 0.777459, 0.384188, 0, 0, 0, 0, 0, 0, 0, 0.481351, -0.0126675, 0.14071, 0.486346, -0.0158237, 0.142576, 0.996195, -3.71201e-12, -0.0871557, -4.46982e-12, -1, -8.49977e-12, -0.0871557, 8.857e-12, -0.996195, 0
10.75, 2025-07-03__00-38-57.032118, -0.0470357, -0.0816837, 0.0334912, -2.29047, -0.0229728, 2.14985, 0.731443, 0.000667833, -0.000390071, 0.000252559, -0.000593402, -0.000144184, 0.000369579, 8.08397e-05, -0.128264, -0.608418, -0.0423298, 0.811629, -0.691263, 0.784566, 0.377765, 0, 0, 0, 0, 0, 0, 0, 0.481351, -0.012667, 0.14071, 0.486346, -0.0158237, 0.142576, 0.996195, -3.71201e-12, -0.0871557, -4.46982e-12, -1, -8.49977e-12, -0.0871557, 8.857e-12, -0.996195, 0
10.76, 2025-07-03__00-38-57.042114, -0.0470304, -0.0816783, 0.0334884, -2.29047, -0.0229754, 2.14986, 0.731446, 0.00179517, 0.000813064, -5.21699e-05, 0.00136143, -1.08831e-05, 0.000394307, 6.50799e-05, -0.146132, -0.619622, -0.0598636, 0.792823, -0.692608, 0.780369, 0.377714, 0, 0, 0, 0, 0, 0, 0, 0.481355, -0.0126668, 0.14071, 0.486346, -0.0158237, 0.142576, 0.996195, -3.71201e-12, -0.0871557, -4.46982e-12, -1, -8.49977e-12, -0.0871557, 8.857e-12, -0.996195, 0
10.77, 2025-07-03__00-38-57.052114, -0.0470357, -0.0816814, 0.0334914, -2.29047, -0.0229756, 2.14986, 0.731447, -0.000129618, 0.000171924, -4.72609e-05, -0.000347553, -0.000217862, 0.000118608, -0.00131817, -0.103089, -0.626205, -0.0169104, 0.816683, -0.690566, 0.786211, 0.38601, 0, 0, 0, 0, 0, 0, 0, 0.481354, -0.0126638, 0.140709, 0.486346, -0.0158237, 0.142576, 0.996195, -3.71201e-12, -0.0871557, -4.46982e-12, -1, -8.49977e-12, -0.0871557, 8.857e-12, -0.996195, 0
10.78, 2025-07-03__00-38-57.062110, -0.0470431, -0.0816798, 0.0334886, -2.29047, -0.0229751, 2.14986, 0.731459, -0.000350804, -3.2493e-05, -4.66688e-06, -0.000155825, 0.000107865, 0.00138395, 0.00105144, -0.0967505, -0.613672, -0.0105996, 0.805546, -0.692928, 0.776474, 0.370893, 0, 0, 0, 0, 0, 0, 0, 0.481354, -0.0126705, 0.140709, 0.486346, -0.0158237, 0.142576, 0.996195, -3.71201e-12, -0.0871557, -4.46982e-12, -1, -8.49977e-12, -0.0871557, 8.857e-12, -0.996195, 0
10.79, 2025-07-03__00-38-57.072111, -0.0470414, -0.0816814, 0.0334933, -2.29047, -0.0229747, 2.14986, 0.731462, -0.000893185, 0.000336019, 0.000510799, -0.000298371, 0.000326861, 0.000163641, 0.000677268, -0.0973497, -0.631116, -0.0115831, 0.81799, -0.694192, 0.786077, 0.373005, 0, 0, 0, 0, 0, 0, 0, 0.481354, -0.0126671, 0.140709, 0.486346, -0.0158237, 0.142576, 0.996195, -3.71201e-12, -0.0871557, -4.46982e-12, -1, -8.49977e-12, -0.0871557, 8.857e-12, -0.996195, 0
10.8, 2025-07-03__00-38-57.082112, -0.0470383, -0.0816772, 0.0334883, -2.29047, -0.022976, 2.14986, 0.731465, 0.00115777, 0.000880126, -0.00076296, 0.000736502, -4.36086e-05, 0.00319214, -4.79917e-05, -0.114036, -0.627844, -0.0273393, 0.797896, -0.692104, 0.763251, 0.377218, 0, 0, 0, 0, 0, 0, 0, 0.481354, -0.0126647, 0.140709, 0.486346, -0.0158237, 0.142576, 0.996195, -3.71201e-12, -0.0871557, -4.46982e-12, -1, -8.49977e-12, -0.0871557, 8.857e-12, -0.996195, 0
10.81, 2025-07-03__00-38-57.092113, -0.0470447, -0.081684, 0.0334891, -2.29047, -0.0229768, 2.14987, 0.731468, -0.00213256, -0.000665945, -0.000991888, 0.0018001, -0.000325214, 0.000309339, 0.00073297, -0.0337658, -0.561016, 0.05322, 0.757162, -0.690948, 0.775993, 0.372102, 0, 0, 0, 0, 0, 0, 0, 0.481358, -0.012665, 0.140711, 0.486346, -0.0158237, 0.142576, 0.996195, -3.71201e-12, -0.0871557, -4.46982e-12, -1, -8.49977e-12, -0.0871557, 8.857e-12, -0.996195, 0
10.82, 2025-07-03__00-38-57.102113, -0.0470397, -0.0816812, 0.0334858, -2.29047, -0.0229747, 2.14987, 0.731464, 9.35761e-05, 0.000113036, -0.00141657, 0.000538315, 0.000141581, 0.000155488, -0.000621147, -0.0746966, -0.60985, 0.0125035, 0.796841, -0.693328, 0.782523, 0.380669, 0, 0, 0, 0, 0, 0, 0, 0.481358, -0.012668, 0.14071, 0.486346, -0.0158237, 0.142576, 0.996195, -3.71201e-12, -0.0871557, -4.46982e-12, -1, -8.49977e-12, -0.0871557, 8.857e-12, -0.996195, 0
10.83, 2025-07-03__00-38-57.112114, -0.0470362, -0.0816814, 0.0334911, -2.29047, -0.022976, 2.14987, 0.731474, 0.000421776, 0.000400708, 0.00103805, 0.000111006, 8.36439e-05, 5.04488e-05, 0.000634562, -0.139526, -0.625317, -0.0541954, 0.811374, -0.692855, 0.784918, 0.372672, 0, 0, 0, 0, 0, 0, 0, 0.481358, -0.0126712, 0.140711, 0.486346, -0.0158237, 0.142576, 0.996195, -3.71201e-12, -0.0871557, -4.46982e-12, -1, -8.49977e-12, -0.0871557, 8.857e-12, -0.996195, 0
10.84, 2025-07-03__00-38-57.122113, -0.0470436, -0.0816847, 0.0334894, -2.29047, -0.0229758, 2.14987, 0.731483, -2.15337e-05, -0.000776104, -1.26732e-05, -0.00118171, 0.000344537, -0.000472716, 0.00110259, -0.104669, -0.606, -0.0186969, 0.818353, -0.694205, 0.789989, 0.36923, 0, 0, 0, 0, 0, 0, 0, 0.481358, -0.0126677, 0.14071, 0.486346, -0.0158237, 0.142576, 0.996195, -3.71201e-12, -0.0871557, -4.46982e-12, -1, -8.49977e-12, -0.0871557, 8.857e-12, -0.996195, 0
10.85, 2025-07-03__00-38-57.132113, -0.0470415, -0.0816794, 0.0334904, -2.29047, -0.0229754, 2.14988, 0.731481, -0.00041452, 0.000643534, 0.00012527, -0.00211647, 2.60962e-05, -4.80395e-05, 0.000669899, -0.0988831, -0.673092, -0.0130265, 0.860351, -0.691548, 0.792378, 0.372042, 0, 0, 0, 0, 0, 0, 0, 0.481358, -0.0126686, 0.140711, 0.486346, -0.0158237, 0.142576, 0.996195, -3.71201e-12, -0.0871557, -4.46982e-12, -1, -8.49977e-12, -0.0871557, 8.857e-12, -0.996195, 0
10.86, 2025-07-03__00-38-57.142113, -0.0470362, -0.0816822, 0.0334884, -2.29046, -0.0229791, 2.14988, 0.731481, 0.00101537, -0.000317228, 0.00013076, 0.00183061, 0.000434495, -8.8823e-05, 0.00349098, -0.131727, -0.569237, -0.0456641, 0.762186, -0.696017, 0.778073, 0.354881, 0, 0, 0, 0, 0, 0, 0, 0.481361, -0.0126705, 0.14071, 0.486346, -0.0158237, 0.142576, 0.996195, -3.71201e-12, -0.0871557, -4.46982e-12, -1, -8.49977e-12, -0.0871557, 8.857e-12, -0.996195, 0
10.87, 2025-07-03__00-38-57.152111, -0.0470415, -0.0816822, 0.0334905, -2.29047, -0.0229797, 2.14988, 0.731491, -0.000570294, 9.87578e-05, -0.00018625, 0.00210364, 0.000160246, -0.000193654, 0.00190866, -0.0876512, -0.582806, -0.00135006, 0.765676, -0.694101, 0.779311, 0.363799, 0, 0, 0, 0, 0, 0, 0, 0.481362, -0.0126703, 0.140713, 0.486346, -0.0158237, 0.142576, 0.996195, -3.71201e-12, -0.0871557, -4.46982e-12, -1, -8.49977e-12, -0.0871557, 8.857e-12, -0.996195, 0
10.88, 2025-07-03__00-38-57.162113, -0.0470424, -0.0816792, 0.0334883, -2.29047, -0.0229776, 2.14988, 0.731494, -0.00135626, 0.0010324, -0.000158819, -0.000242831, 0.000106365, -0.000311025, 0.00115214, -0.0696863, -0.657101, 0.0164989, 0.829447, -0.692639, 0.789388, 0.368236, 0, 0, 0, 0, 0, 0, 0, 0.481361, -0.01267, 0.14071, 0.486346, -0.0158237, 0.142576, 0.996195, -3.71201e-12, -0.0871557, -4.46982e-12, -1, -8.49977e-12, -0.0871557, 8.857e-12, -0.996195, 0
10.89, 2025-07-03__00-38-57.172114, -0.0470419, -0.0816801, 0.0334865, -2.29047, -0.0229815, 2.14989, 0.731491, 0.000666067, 0.000252947, -0.00139701, 0.000136866, -0.000328383, 9.27845e-05, -0.00787698, -0.0880646, -0.621354, -0.00109137, 0.80757, -0.689428, 0.783227, 0.423168, 0, 0, 0, 0, 0, 0, 0, 0.481361, -0.0126699, 0.14071, 0.486346, -0.0158237, 0.142576, 0.996195, -3.71201e-12, -0.0871557, -4.46982e-12, -1, -8.49977e-12, -0.0871557, 8.857e-12, -0.996195, 0
10.9, 2025-07-03__00-38-57.182115, -0.0470411, -0.0816772, 0.0334914, -2.29047, -0.0229798, 2.14989, 0.731496, -0.000874224, 0.00136052, 0.00106135, -0.00173282, 0.00715178, 8.39967e-05, 0.00239329, -0.109615, -0.690755, -0.0242751, 0.861359, -0.736048, 0.791249, 0.360272, 0, 0, 0, 0, 0, 0, 0, 0.481371, -0.0126689, 0.140718, 0.486346, -0.0158237, 0.142576, 0.996195, -3.71201e-12, -0.0871557, -4.46982e-12, -1, -8.49977e-12, -0.0871557, 8.857e-12, -0.996195, 0
10.91, 2025-07-03__00-38-57.192112, -0.0470414, -0.0816846, 0.033492, -2.29047, -0.0229792, 2.14989, 0.73151, 0.000722399, -0.00104642, 0.000815919, 0.000340706, 0.0075828, 0.00146407, 0.00113469, -0.141624, -0.563892, -0.0561223, 0.77391, -0.740118, 0.770078, 0.367, 0, 0, 0, 0, 0, 0, 0, 0.481365, -0.0126704, 0.140711, 0.486346, -0.0158237, 0.142576, 0.996195, -3.71201e-12, -0.0871557, -4.46982e-12, -1, -8.49977e-12, -0.0871557, 8.857e-12, -0.996195, 0
10.92, 2025-07-03__00-38-57.202071, -0.0470418, -0.0816784, 0.0334883, -2.29047, -0.0229796, 2.14989, 0.731509, 0.000397526, 0.00110752, -0.00101764, -0.000955592, -0.00225261, 0.000121565, -0.000389017, -0.0901123, -0.670642, -0.00354383, 0.844795, -0.677461, 0.787981, 0.376935, 0, 0, 0, 0, 0, 0, 0, 0.481365, -0.0126692, 0.140712, 0.486346, -0.0158237, 0.142576, 0.996195, -3.71201e-12, -0.0871557, -4.46982e-12, -1, -8.49977e-12, -0.0871557, 8.857e-12, -0.996195, 0
10.93, 2025-07-03__00-38-57.212113, -0.0470422, -0.0816847, 0.0334893, -2.29047, -0.0229804, 2.14989, 0.731514, -0.000510328, -0.00186327, -0.000609613, 9.36519e-05, 0.000151804, -3.27086e-05, 0.000394096, -0.0808447, -0.54535, 0.00549881, 0.772253, -0.693502, 0.779457, 0.371636, 0, 0, 0, 0, 0, 0, 0, 0.481364, -0.0126686, 0.14071, 0.486346, -0.0158237, 0.142576, 0.996195, -3.71201e-12, -0.0871557, -4.46982e-12, -1, -8.49977e-12, -0.0871557, 8.857e-12, -0.996195, 0
10.94, 2025-07-03__00-38-57.222111, -0.0470421, -0.0816822, 0.0334932, -2.29047, -0.0229842, 2.14989, 0.731515, 0.00010623, 0.00044621, 0.00119089, 0.000205946, -4.98636e-06, 0.0031274, 0.000566229, -0.135064, -0.618105, -0.0500161, 0.800094, -0.691947, 0.762128, 0.370675, 0, 0, 0, 0, 0, 0, 0, 0.481366, -0.0126714, 0.140714, 0.486346, -0.0158237, 0.142576, 0.996195, -3.71201e-12, -0.0871557, -4.46982e-12, -1, -8.49977e-12, -0.0871557, 8.857e-12, -0.996195, 0
10.95, 2025-07-03__00-38-57.232112, -0.0470412, -0.0816741, 0.0334893, -2.29047, -0.0229806, 2.1499, 0.731515, 0.000491906, 0.00186584, -0.000287113, 0.000984694, 0.00014375, 4.1012e-05, -0.000362177, -0.108271, -0.66565, -0.0220614, 0.818101, -0.693128, 0.783631, 0.376291, 0, 0, 0, 0, 0, 0, 0, 0.481365, -0.0126699, 0.140712, 0.486346, -0.0158237, 0.142576, 0.996195, -3.71201e-12, -0.0871557, -4.46982e-12, -1, -8.49977e-12, -0.0871557, 8.857e-12, -0.996195, 0
10.96, 2025-07-03__00-38-57.242113, -0.0470413, -0.0816822, 0.0334939, -2.29046, -0.0229809, 2.14989, 0.73152, -0.000223411, 7.8807e-05, 0.00173496, 0.00123844, 0.000250344, -0.00051069, 0.000381756, -0.14004, -0.593612, -0.0553155, 0.782093, -0.694338, 0.782963, 0.371515, 0, 0, 0, 0, 0, 0, 0, 0.481365, -0.0126695, 0.140713, 0.486346, -0.0158237, 0.142576, 0.996195, -3.71201e-12, -0.0871557, -4.46982e-12, -1, -8.49977e-12, -0.0871557, 8.857e-12, -0.996195, 0
10.97, 2025-07-03__00-38-57.252111, -0.0470443, -0.0816794, 0.0334886, -2.29047, -0.0229848, 2.1499, 0.731526, -0.00147941, 0.00111499, -0.000255179, -0.000550018, -0.000115079, 3.10226e-05, 0.00130629, -0.0642952, -0.664027, 0.0217967, 0.835369, -0.69084, 0.786757, 0.3655, 0, 0, 0, 0, 0, 0, 0, 0.481369, -0.0126693, 0.140713, 0.486346, -0.0158237, 0.142576, 0.996195, -3.71201e-12, -0.0871557, -4.46982e-12, -1, -8.49977e-12, -0.0871557, 8.857e-12, -0.996195, 0
10.98, 2025-07-03__00-38-57.262112, -0.0470438, -0.0816801, 0.033489, -2.29047, -0.0229846, 2.1499, 0.731522, -0.000532075, 0.000200503, -0.00116484, -0.000638996, 0.000200509, -0.000333176, -0.000962688, -0.0660963, -0.633485, 0.0205972, 0.822764, -0.692816, 0.787631, 0.379449, 0, 0, 0, 0, 0, 0, 0, 0.481369, -0.0126688, 0.140714, 0.486346, -0.0158237, 0.142576, 0.996195, -3.71201e-12, -0.0871557, -4.46982e-12, -1, -8.49977e-12, -0.0871557, 8.857e-12, -0.996195, 0
10.99, 2025-07-03__00-38-57.272112, -0.0470414, -0.0816847, 0.0334914, -2.29047, -0.0229853, 2.1499, 0.731524, 0.000383707, 0.000374876, 0.000196871, 0.000242261, -4.82047e-05, -5.40337e-05, -0.00115746, -0.118486, -0.621143, -0.0327663, 0.806951, -0.691616, 0.783134, 0.380627, 0, 0, 0, 0, 0, 0, 0, 0.481368, -0.0126694, 0.140712, 0.486346, -0.0158237, 0.142576, 0.996195, -3.71201e-12, -0.0871557, -4.46982e-12, -1, -8.49977e-12, -0.0871557, 8.857e-12, -0.996195, 0
11, 2025-07-03__00-38-57.282112, -0.0470397, -0.0816849, 0.0334905, -2.29046, -0.022985, 2.1499, 0.731531, -0.000185315, -0.00102063, -0.000988266, 0.00122039, 0.000131971, -0.000115012, 0.00225518, -0.0794791, -0.554625, 0.00715011, 0.761337, -0.693696, 0.777344, 0.359387, 0, 0, 0, 0, 0, 0, 0, 0.481368, -0.0126695, 0.140712, 0.486346, -0.0158237, 0.142576, 0.996195, -3.71201e-12, -0.0871557, -4.46982e-12, -1, -8.49977e-12, -0.0871557, 8.857e-12, -0.996195, 0
11.01, 2025-07-03__00-38-57.292114, -0.047037, -0.0816822, 0.0334891, -2.29046, -0.0229874, 2.14991, 0.731533, 0.00150794, 0.000174563, -0.000372919, 0.000732603, 0.000313242, 0.000176613, 0.00116669, -0.131366, -0.603788, -0.045255, 0.790931, -0.69425, 0.778598, 0.365999, 0, 0, 0, 0, 0, 0, 0, 0.481369, -0.012672, 0.140713, 0.486346, -0.0158237, 0.142576, 0.996195, -3.71201e-12, -0.0871557, -4.46982e-12, -1, -8.49977e-12, -0.0871557, 8.857e-12, -0.996195, 0
11.02, 2025-07-03__00-38-57.302117, -0.0470363, -0.0816822, 0.0334883, -2.29047, -0.0229818, 2.14991, 0.731534, 0.00152813, 0.000337281, 0.000120965, -0.000788392, -0.00106618, 0.000130517, -0.000387162, -0.143254, -0.636697, -0.0576092, 0.827339, -0.685166, 0.784166, 0.375524, 0, 0, 0, 0, 0, 0, 0, 0.481373, -0.0126723, 0.140715, 0.486346, -0.0158237, 0.142576, 0.996195, -3.71201e-12, -0.0871557, -4.46982e-12, -1, -8.49977e-12, -0.0871557, 8.857e-12, -0.996195, 0
11.03, 2025-07-03__00-38-57.312115, -0.0470443, -0.0816847, 0.0334933, -2.29047, -0.0229863, 2.14991, 0.731536, 0.000303171, -0.000850323, 0.000504482, 0.000174431, -0.00342106, 0.000362048, 0.000809919, -0.124002, -0.577958, -0.0386744, 0.78771, -0.670826, 0.777046, 0.368231, 0, 0, 0, 0, 0, 0, 0, 0.481372, -0.012674, 0.140713, 0.486346, -0.0158237, 0.142576, 0.996195, -3.71201e-12, -0.0871557, -4.46982e-12, -1, -8.49977e-12, -0.0871557, 8.857e-12, -0.996195, 0
11.04, 2025-07-03__00-38-57.322113, -0.0470443, -0.0816847, 0.0334858, -2.29047, -0.0229856, 2.14991, 0.731541, -4.41351e-05, -0.000567936, -0.00130185, -0.000921006, -0.00464636, 0.00286144, 0.00181757, -0.0736206, -0.602748, 0.0129711, 0.806833, -0.66267, 0.763867, 0.361766, 0, 0, 0, 0, 0, 0, 0, 0.481378, -0.0126719, 0.140719, 0.486346, -0.0158237, 0.142576, 0.996195, -3.71201e-12, -0.0871557, -4.46982e-12, -1, -8.49977e-12, -0.0871557, 8.857e-12, -0.996195, 0
11.05, 2025-07-03__00-38-57.332117, -0.0470339, -0.0816847, 0.0334882, -2.29046, -0.0229831, 2.14991, 0.73154, 0.00154835, 0.00310377, -0.00136467, 0.000873391, -0.000290523, -0.000467071, -0.000852688, -0.108323, -0.706928, -0.0214252, 0.838563, -0.690131, 0.788882, 0.377856, 0, 0, 0, 0, 0, 0, 0, 0.481372, -0.0126686, 0.140713, 0.486346, -0.0158237, 0.142576, 0.996195, -3.71201e-12, -0.0871557, -4.46982e-12, -1, -8.49977e-12, -0.0871557, 8.857e-12, -0.996195, 0
11.06, 2025-07-03__00-38-57.342114, -0.047039, -0.0816794, 0.0334912, -2.29047, -0.022985, 2.14991, 0.731549, -0.000270051, 0.00112458, -4.93424e-05, -0.000847229, 0.000155632, 0.000440023, 0.000697667, -0.0982155, -0.667116, -0.0124211, 0.840221, -0.692522, 0.784075, 0.367934, 0, 0, 0, 0, 0, 0, 0, 0.481377, -0.0126684, 0.140718, 0.486346, -0.0158237, 0.142576, 0.996195, -3.71201e-12, -0.0871557, -4.46982e-12, -1, -8.49977e-12, -0.0871557, 8.857e-12, -0.996195, 0
11.07, 2025-07-03__00-38-57.352114, -0.0470412, -0.0816822, 0.0334911, -2.29046, -0.0229856, 2.14991, 0.73155, 8.96418e-05, 4.52504e-05, 0.0001467, 0.000789884, 5.39504e-05, 0.000335983, 0.000889056, -0.110607, -0.598533, -0.0248899, 0.787066, -0.692775, 0.777109, 0.366655, 0, 0, 0, 0, 0, 0, 0, 0.481372, -0.0126697, 0.140714, 0.486346, -0.0158237, 0.142576, 0.996195, -3.71201e-12, -0.0871557, -4.46982e-12, -1, -8.49977e-12, -0.0871557, 8.857e-12, -0.996195, 0
11.08, 2025-07-03__00-38-57.362116, -0.0470438, -0.0816796, 0.0334855, -2.29046, -0.0229856, 2.14991, 0.731545, -0.00112647, 0.000879141, -0.00194676, 0.00106535, -2.04575e-05, -0.000286501, -0.000357638, -0.0331784, -0.628276, 0.0541739, 0.79692, -0.6921, 0.782658, 0.374354, 0, 0, 0, 0, 0, 0, 0, 0.481378, -0.012671, 0.140718, 0.486346, -0.0158237, 0.142576, 0.996195, -3.71201e-12, -0.0871557, -4.46982e-12, -1, -8.49977e-12, -0.0871557, 8.857e-12, -0.996195, 0
11.09, 2025-07-03__00-38-57.372113, -0.0470446, -0.0816822, 0.0334912, -2.29046, -0.0229863, 2.14991, 0.73155, -0.000796364, -0.000315401, 0.000402475, 0.000604184, -0.000203409, 0.00374248, 0.000124913, -0.0961655, -0.582052, -0.0106241, 0.774422, -0.690976, 0.753495, 0.371207, 0, 0, 0, 0, 0, 0, 0, 0.481377, -0.012671, 0.140718, 0.486346, -0.0158237, 0.142576, 0.996195, -3.71201e-12, -0.0871557, -4.46982e-12, -1, -8.49977e-12, -0.0871557, 8.857e-12, -0.996195, 0
11.1, 2025-07-03__00-38-57.382114, -0.0470446, -0.0816822, 0.0334946, -2.29047, -0.0229856, 2.14991, 0.731558, -0.00125285, -0.000631408, 0.00149173, 0.000443572, -4.73192e-05, 0.000750907, 0.00310187, -0.11118, -0.580994, -0.0264774, 0.783618, -0.692221, 0.774109, 0.352791, 0, 0, 0, 0, 0, 0, 0, 0.481372, -0.0126686, 0.140714, 0.486346, -0.0158237, 0.142576, 0.996195, -3.71201e-12, -0.0871557, -4.46982e-12, -1, -8.49977e-12, -0.0871557, 8.857e-12, -0.996195, 0
11.11, 2025-07-03__00-38-57.392114, -0.0470368, -0.0816824, 0.0334883, -2.29047, -0.0229864, 2.14992, 0.731557, 0.00316018, 7.47378e-05, 1.42751e-05, 0.000184583, 0.000130544, 0.000180248, 0.000325204, -0.177571, -0.609383, -0.0919271, 0.802595, -0.693039, 0.779496, 0.369854, 0, 0, 0, 0, 0, 0, 0, 0.481376, -0.0126746, 0.140715, 0.486346, -0.0158237, 0.142576, 0.996195, -3.71201e-12, -0.0871557, -4.46982e-12, -1, -8.49977e-12, -0.0871557, 8.857e-12, -0.996195, 0
11.12, 2025-07-03__00-38-57.402111, -0.0470447, -0.0816822, 0.0334886, -2.29046, -0.0229867, 2.14992, 0.731561, -0.000825034, 0.000461869, -0.000154526, 0.00160417, 4.00034e-06, -0.000109495, 0.00128591, -0.0811777, -0.601317, 0.00482764, 0.778297, -0.692718, 0.777977, 0.363566, 0, 0, 0, 0, 0, 0, 0, 0.481376, -0.012674, 0.140715, 0.486346, -0.0158237, 0.142576, 0.996195, -3.71201e-12, -0.0871557, -4.46982e-12, -1, -8.49977e-12, -0.0871557, 8.857e-12, -0.996195, 0
11.13, 2025-07-03__00-38-57.412114, -0.0470422, -0.0816847, 0.0334884, -2.29046, -0.0229868, 2.14992, 0.731559, 0.00157854, -0.000328318, -0.000436491, 0.00118436, -0.000331044, -0.000326582, -0.000155687, -0.130386, -0.57841, -0.0443174, 0.774471, -0.690584, 0.778889, 0.372552, 0, 0, 0, 0, 0, 0, 0, 0.481376, -0.0126725, 0.140716, 0.486346, -0.0158237, 0.142576, 0.996195, -3.71201e-12, -0.0871557, -4.46982e-12, -1, -8.49977e-12, -0.0871557, 8.857e-12, -0.996195, 0
11.14, 2025-07-03__00-38-57.422110, -0.047047, -0.0816822, 0.0334883, -2.29046, -0.0229902, 2.14992, 0.731564, -0.000452068, -0.000279587, -0.000895278, 0.00253031, 8.06539e-05, 2.13623e-05, 0.000110701, -0.0726223, -0.559479, 0.0139147, 0.746657, -0.69347, 0.772728, 0.370474, 0, 0, 0, 0, 0, 0, 0, 0.481376, -0.0126737, 0.140715, 0.486346, -0.0158237, 0.142576, 0.996195, -3.71201e-12, -0.0871557, -4.46982e-12, -1, -8.49977e-12, -0.0871557, 8.857e-12, -0.996195, 0
11.15, 2025-07-03__00-38-57.432115, -0.0470454, -0.0816794, 0.0334883, -2.29047, -0.0229867, 2.14992, 0.731569, -0.00354583, 0.00137691, -0.000269155, -0.00119889, -9.1856e-05, -0.000228265, 0.00091448, -0.0168107, -0.685623, 0.0691759, 0.852553, -0.690597, 0.789842, 0.365291, 0, 0, 0, 0, 0, 0, 0, 0.481381, -0.0126718, 0.14072, 0.486346, -0.0158237, 0.142576, 0.996195, -3.71201e-12, -0.0871557, -4.46982e-12, -1, -8.49977e-12, -0.0871557, 8.857e-12, -0.996195, 0
11.16, 2025-07-03__00-38-57.442114, -0.0470415, -0.0816822, 0.033488, -2.29046, -0.0229872, 2.14992, 0.731567, 0.000122071, 0.000341964, -0.0005308, 0.00242932, -0.000119252, 0.000181279, -0.000491644, -0.0946612, -0.582303, -0.0083945, 0.758936, -0.69222, 0.773194, 0.373999, 0, 0, 0, 0, 0, 0, 0, 0.481376, -0.0126744, 0.140716, 0.486346, -0.0158237, 0.142576, 0.996195, -3.71201e-12, -0.0871557, -4.46982e-12, -1, -8.49977e-12, -0.0871557, 8.857e-12, -0.996195, 0
11.17, 2025-07-03__00-38-57.452124, -0.0470426, -0.0816822, 0.0334887, -2.29046, -0.0229884, 2.14992, 0.731572, -0.000225094, -0.000506242, -0.000520971, 0.000535648, 0.000166966, 0.000104259, 0.00122089, -0.0878435, -0.584054, -0.00173523, 0.783065, -0.693422, 0.777675, 0.363336, 0, 0, 0, 0, 0, 0, 0, 0.481375, -0.0126704, 0.140713, 0.486346, -0.0158237, 0.142576, 0.996195, -3.71201e-12, -0.0871557, -4.46982e-12, -1, -8.49977e-12, -0.0871557, 8.857e-12, -0.996195, 0
11.18, 2025-07-03__00-38-57.462115, -0.0470442, -0.0816822, 0.0334904, -2.29047, -0.0229876, 2.14992, 0.731575, 0.00211395, 0.000185349, -0.000439838, -0.00043639, -0.000363172, 0.000292921, 0.00121185, -0.142361, -0.624637, -0.0564875, 0.816509, -0.689674, 0.780921, 0.363412, 0, 0, 0, 0, 0, 0, 0, 0.481381, -0.012672, 0.140719, 0.486346, -0.0158237, 0.142576, 0.996195, -3.71201e-12, -0.0871557, -4.46982e-12, -1, -8.49977e-12, -0.0871557, 8.857e-12, -0.996195, 0
11.19, 2025-07-03__00-38-57.472124, -0.0470471, -0.0816847, 0.0334883, -2.29046, -0.0229884, 2.14992, 0.73157, -0.000578072, -0.000583471, -0.000906981, 0.000109058, 0.000267068, 0.000101253, -0.00150323, -0.0703296, -0.588122, 0.0160436, 0.789818, -0.693665, 0.778901, 0.379913, 0, 0, 0, 0, 0, 0, 0, 0.481381, -0.0126717, 0.14072, 0.486346, -0.0158237, 0.142576, 0.996195, -3.71201e-12, -0.0871557, -4.46982e-12, -1, -8.49977e-12, -0.0871557, 8.857e-12, -0.996195, 0
11.2, 2025-07-03__00-38-57.482124, -0.047045, -0.0816829, 0.0334911, -2.29047, -0.0229883, 2.14992, 0.731575, 0.00157853, 0.000715338, 0.000684395, -0.000801091, 0.00026256, 0.000305934, 4.98454e-05, -0.155517, -0.648777, -0.0704368, 0.832554, -0.69322, 0.783056, 0.370468, 0, 0, 0, 0, 0, 0, 0, 0.481382, -0.0126724, 0.140721, 0.486346, -0.0158237, 0.142576, 0.996195, -3.71201e-12, -0.0871557, -4.46982e-12, -1, -8.49977e-12, -0.0871557, 8.857e-12, -0.996195, 0
11.21, 2025-07-03__00-38-57.492124, -0.0470453, -0.0816822, 0.0334939, -2.29047, -0.0229866, 2.14993, 0.731582, 0.00100244, -0.000138828, 0.00151778, -0.00169747, 0.000130739, -9.21079e-05, 0.00295145, -0.162518, -0.63396, -0.078127, 0.837518, -0.6925, 0.785949, 0.352521, 0, 0, 0, 0, 0, 0, 0, 0.481381, -0.0126724, 0.140719, 0.486346, -0.0158237, 0.142576, 0.996195, -3.71201e-12, -0.0871557, -4.46982e-12, -1, -8.49977e-12, -0.0871557, 8.857e-12, -0.996195, 0
11.22, 2025-07-03__00-38-57.502126, -0.0470446, -0.0816847, 0.0334964, -2.29047, -0.0229904, 2.14993, 0.731582, -0.000140633, -0.00105448, 0.000739438, -0.000836565, -3.68549e-07, -0.000167792, -0.00450474, -0.12062, -0.587744, -0.0356498, 0.804411, -0.691412, 0.782146, 0.397569, 0, 0, 0, 0, 0, 0, 0, 0.481384, -0.012674, 0.140718, 0.486346, -0.0158237, 0.142576, 0.996195, -3.71201e-12, -0.0871557, -4.46982e-12, -1, -8.49977e-12, -0.0871557, 8.857e-12, -0.996195, 0
11.23, 2025-07-03__00-38-57.512124, -0.0470499, -0.0816822, 0.0334888, -2.29046, -0.0229894, 2.14993, 0.731588, -0.00212331, -0.000199454, -0.000385116, 0.000299391, -6.1015e-05, 0.000578414, 0.000121751, -0.0462463, -0.598945, 0.0397556, 0.790927, -0.691681, 0.77524, 0.368996, 0, 0, 0, 0, 0, 0, 0, 0.481381, -0.0126754, 0.14072, 0.486346, -0.0158237, 0.142576, 0.996195, -3.71201e-12, -0.0871557, -4.46982e-12, -1, -8.49977e-12, -0.0871557, 8.857e-12, -0.996195, 0
11.24, 2025-07-03__00-38-57.522124, -0.0470422, -0.0816869, 0.0334884, -2.29046, -0.0229894, 2.14993, 0.731585, 0.00130002, -0.00049068, 0.000688887, -0.00179516, -5.76186e-05, -0.000328094, -0.00150366, -0.150408, -0.620687, -0.0654338, 0.831527, -0.690948, 0.786861, 0.37933, 0, 0, 0, 0, 0, 0, 0, 0.48138, -0.0126761, 0.140717, 0.486346, -0.0158237, 0.142576, 0.996195, -3.71201e-12, -0.0871557, -4.46982e-12, -1, -8.49977e-12, -0.0871557, 8.857e-12, -0.996195, 0
11.25, 2025-07-03__00-38-57.532127, -0.0470446, -0.0816822, 0.0334884, -2.29047, -0.0229904, 2.14993, 0.731589, 0.00621151, -4.15507e-05, -0.000463064, 0.000715469, -1.13701e-06, -4.60014e-05, -0.000800438, -0.233935, -0.594976, -0.148178, 0.79095, -0.692419, 0.778335, 0.374985, 0, 0, 0, 0, 0, 0, 0, 0.481379, -0.0126739, 0.140715, 0.486346, -0.0158237, 0.142576, 0.996195, -3.71201e-12, -0.0871557, -4.46982e-12, -1, -8.49977e-12, -0.0871557, 8.857e-12, -0.996195, 0
11.26, 2025-07-03__00-38-57.542124, -0.0470478, -0.0816822, 0.0334911, -2.29047, -0.0229896, 2.14993, 0.731592, -0.0006019, -0.000367365, -0.00149087, -8.33836e-05, 0.000179557, -5.89845e-05, 0.00062968, -0.0567544, -0.602088, 0.0299238, 0.79976, -0.693114, 0.780692, 0.365719, 0, 0, 0, 0, 0, 0, 0, 0.481379, -0.0126735, 0.140715, 0.486346, -0.0158237, 0.142576, 0.996195, -3.71201e-12, -0.0871557, -4.46982e-12, -1, -8.49977e-12, -0.0871557, 8.857e-12, -0.996195, 0
11.27, 2025-07-03__00-38-57.552115, -0.047045, -0.0816843, 0.033494, -2.29046, -0.0229904, 2.14993, 0.731597, -1.84359e-05, 0.000389387, 0.00191283, 0.0017875, 6.93302e-05, 9.68728e-05, -0.000254144, -0.147461, -0.592142, -0.0631412, 0.772897, -0.693124, 0.774922, 0.370979, 0, 0, 0, 0, 0, 0, 0, 0.48138, -0.0126756, 0.140717, 0.486346, -0.0158237, 0.142576, 0.996195, -3.71201e-12, -0.0871557, -4.46982e-12, -1, -8.49977e-12, -0.0871557, 8.857e-12, -0.996195, 0
11.28, 2025-07-03__00-38-57.562111, -0.0470454, -0.0816847, 0.0334886, -2.29047, -0.0229904, 2.14993, 0.731597, -0.00185441, -0.000906128, 0.000105959, -0.000278262, 6.85247e-05, -0.000641789, 0.000647079, -0.0649592, -0.586255, 0.020586, 0.796286, -0.692377, 0.784077, 0.365345, 0, 0, 0, 0, 0, 0, 0, 0.481379, -0.0126747, 0.140715, 0.486346, -0.0158237, 0.142576, 0.996195, -3.71201e-12, -0.0871557, -4.46982e-12, -1, -8.49977e-12, -0.0871557, 8.857e-12, -0.996195, 0
11.29, 2025-07-03__00-38-57.572109, -0.0470477, -0.0816801, 0.0334912, -2.29046, -0.0229912, 2.14993, 0.731597, -0.000701877, 0.00134704, 0.00101764, 0.000264533, -0.000271004, -0.000271428, -0.00148592, -0.110165, -0.655163, -0.0252552, 0.821273, -0.690029, 0.784361, 0.37847, 0, 0, 0, 0, 0, 0, 0, 0.481385, -0.0126773, 0.140722, 0.486346, -0.0158237, 0.142576, 0.996195, -3.71201e-12, -0.0871557, -4.46982e-12, -1, -8.49977e-12, -0.0871557, 8.857e-12, -0.996195, 0
11.3, 2025-07-03__00-38-57.582109, -0.0470493, -0.0816875, 0.033489, -2.29046, -0.0229904, 2.14993, 0.731604, -0.00160653, -0.00197236, -0.000686711, -0.000691194, -6.5474e-05, -0.000306865, 0.000537961, -0.0526334, -0.552215, 0.0333979, 0.783175, -0.691628, 0.780436, 0.365565, 0, 0, 0, 0, 0, 0, 0, 0.481384, -0.0126725, 0.140719, 0.486346, -0.0158237, 0.142576, 0.996195, -3.71201e-12, -0.0871557, -4.46982e-12, -1, -8.49977e-12, -0.0871557, 8.857e-12, -0.996195, 0
11.31, 2025-07-03__00-38-57.592113, -0.0470457, -0.0816847, 0.0334918, -2.29046, -0.0229898, 2.14993, 0.731597, -0.00237314, -0.00096766, 0.000866082, -0.000145015, 0.00047684, -0.000342922, -0.00135066, -0.0712461, -0.579252, 0.0137762, 0.789604, -0.694946, 0.781218, 0.377433, 0, 0, 0, 0, 0, 0, 0, 0.481384, -0.0126756, 0.14072, 0.486346, -0.0158237, 0.142576, 0.996195, -3.71201e-12, -0.0871557, -4.46982e-12, -1, -8.49977e-12, -0.0871557, 8.857e-12, -0.996195, 0
11.32, 2025-07-03__00-38-57.602112, -0.047047, -0.0816849, 0.0334922, -2.29046, -0.0229904, 2.14994, 0.731604, 0.00127125, 0.000647327, -0.000571741, 0.000818068, -1.16869e-05, -6.83956e-05, -0.00423556, -0.119742, -0.618384, -0.0337648, 0.796589, -0.691952, 0.779033, 0.394679, 0, 0, 0, 0, 0, 0, 0, 0.481388, -0.0126742, 0.140721, 0.486346, -0.0158237, 0.142576, 0.996195, -3.71201e-12, -0.0871557, -4.46982e-12, -1, -8.49977e-12, -0.0871557, 8.857e-12, -0.996195, 0
11.33, 2025-07-03__00-38-57.612114, -0.0470451, -0.0816896, 0.0334868, -2.29047, -0.0229898, 2.14994, 0.731603, 0.00043923, -0.00130196, -0.000756918, -0.00105531, 0.000157124, -6.86067e-05, -0.000983983, -0.097555, -0.580979, -0.0115329, 0.802759, -0.692719, 0.780798, 0.374955, 0, 0, 0, 0, 0, 0, 0, 0.481384, -0.0126745, 0.14072, 0.486346, -0.0158237, 0.142576, 0.996195, -3.71201e-12, -0.0871557, -4.46982e-12, -1, -8.49977e-12, -0.0871557, 8.857e-12, -0.996195, 0
11.34, 2025-07-03__00-38-57.622110, -0.0470425, -0.0816796, 0.0334967, -2.29046, -0.0229942, 2.14994, 0.731616, 0.000154269, 0.000806053, 0.00197625, 0.000588682, 0.000107804, 8.49198e-06, -0.000436257, -0.153917, -0.628385, -0.0698215, 0.804908, -0.692664, 0.779452, 0.371077, 0, 0, 0, 0, 0, 0, 0, 0.481383, -0.0126735, 0.140716, 0.486346, -0.0158237, 0.142576, 0.996195, -3.71201e-12, -0.0871557, -4.46982e-12, -1, -8.49977e-12, -0.0871557, 8.857e-12, -0.996195, 0
11.35, 2025-07-03__00-38-57.632115, -0.0470372, -0.0816794, 0.0334893, -2.29046, -0.0229898, 2.14994, 0.731616, 0.00127264, 0.00165198, 8.0618e-05, -0.000398213, 0.000282421, 0.000603053, 0.00107139, -0.135398, -0.674312, -0.0499371, 0.836785, -0.693543, 0.780187, 0.36189, 0, 0, 0, 0, 0, 0, 0, 0.481389, -0.0126742, 0.140723, 0.486346, -0.0158237, 0.142576, 0.996195, -3.71201e-12, -0.0871557, -4.46982e-12, -1, -8.49977e-12, -0.0871557, 8.857e-12, -0.996195, 0
11.36, 2025-07-03__00-38-57.642114, -0.0470453, -0.0816822, 0.0334889, -2.29046, -0.0229936, 2.14994, 0.731617, -0.000548249, 0.000288549, -0.000783953, 0.00210864, 0.000113737, -0.000113375, -4.81092e-05, -0.0730719, -0.586427, 0.013171, 0.764461, -0.693368, 0.774749, 0.368379, 0, 0, 0, 0, 0, 0, 0, 0.481388, -0.0126756, 0.14072, 0.486346, -0.0158237, 0.142576, 0.996195, -3.71201e-12, -0.0871557, -4.46982e-12, -1, -8.49977e-12, -0.0871557, 8.857e-12, -0.996195, 0
11.37, 2025-07-03__00-38-57.652111, -0.0470453, -0.0816769, 0.0334866, -2.29047, -0.0229915, 2.14994, 0.731621, 0.000373424, 0.0014529, -0.000884461, -0.000774633, -0.000246181, -0.000117047, 0.000423876, -0.0908996, -0.679124, -0.00478634, 0.845465, -0.689905, 0.786365, 0.365496, 0, 0, 0, 0, 0, 0, 0, 0.481387, -0.0126753, 0.140719, 0.486346, -0.0158237, 0.142576, 0.996195, -3.71201e-12, -0.0871557, -4.46982e-12, -1, -8.49977e-12, -0.0871557, 8.857e-12, -0.996195, 0
11.38, 2025-07-03__00-38-57.662115, -0.0470503, -0.0816847, 0.0334974, -2.29046, -0.0229935, 2.14994, 0.731617, -0.00122878, -0.000360053, 0.00254489, 1.07066e-05, 0.000183872, 0.00015715, -0.00570827, -0.135162, -0.595072, -0.0515113, 0.795754, -0.692721, 0.777789, 0.402878, 0, 0, 0, 0, 0, 0, 0, 0.481388, -0.0126743, 0.140721, 0.486346, -0.0158237, 0.142576, 0.996195, -3.71201e-12, -0.0871557, -4.46982e-12, -1, -8.49977e-12, -0.0871557, 8.857e-12, -0.996195, 0
11.39, 2025-07-03__00-38-57.672111, -0.0470432, -0.0816815, 0.0334912, -2.29046, -0.0229941, 2.14994, 0.731626, 0.000350596, 0.000509832, 0.000451484, 0.000800099, -0.00149979, -0.00042336, 0.000580235, -0.122373, -0.615813, -0.0372202, 0.796915, -0.682807, 0.78115, 0.364333, 0, 0, 0, 0, 0, 0, 0, 0.481387, -0.0126761, 0.140719, 0.486346, -0.0158237, 0.142576, 0.996195, -3.71201e-12, -0.0871557, -4.46982e-12, -1, -8.49977e-12, -0.0871557, 8.857e-12, -0.996195, 0
11.4, 2025-07-03__00-38-57.682115, -0.047048, -0.0816829, 0.0334967, -2.29046, -0.0229911, 2.14994, 0.731626, -0.0036173, 0.000353872, 0.000831604, 0.000742689, -0.000304255, 0.000393609, 0.000623648, -0.0416593, -0.611192, 0.0433753, 0.791457, -0.69032, 0.775615, 0.363786, 0, 0, 0, 0, 0, 0, 0, 0.481388, -0.0126732, 0.140721, 0.486346, -0.0158237, 0.142576, 0.996195, -3.71201e-12, -0.0871557, -4.46982e-12, -1, -8.49977e-12, -0.0871557, 8.857e-12, -0.996195, 0
11.41, 2025-07-03__00-38-57.692113, -0.0470446, -0.081683, 0.0334936, -2.29046, -0.0229916, 2.14994, 0.731627, -0.000380086, -0.000262316, -0.00508653, 0.000634888, 1.92263e-05, 0.000129374, -0.00114027, 0.0186109, -0.593572, 0.107773, 0.783055, -0.692272, 0.77667, 0.374208, 0, 0, 0, 0, 0, 0, 0, 0.481388, -0.0126738, 0.14072, 0.486346, -0.0158237, 0.142576, 0.996195, -3.71201e-12, -0.0871557, -4.46982e-12, -1, -8.49977e-12, -0.0871557, 8.857e-12, -0.996195, 0
11.42, 2025-07-03__00-38-57.702112, -0.0470473, -0.0816769, 0.0334936, -2.29047, -0.0229945, 2.14994, 0.731631, -0.0019972, 0.0020082, 0.000340621, -0.00109305, -0.000271318, 0.000262919, 0.000562713, -0.0658564, -0.704096, 0.0193624, 0.859874, -0.689299, 0.785969, 0.364041, 0, 0, 0, 0, 0, 0, 0, 0.481382, -0.0126745, 0.140713, 0.486346, -0.0158237, 0.142576, 0.996195, -3.71201e-12, -0.0871557, -4.46982e-12, -1, -8.49977e-12, -0.0871557, 8.857e-12, -0.996195, 0
11.43, 2025-07-03__00-38-57.712115, -0.0470477, -0.0816822, 0.0334912, -2.29047, -0.0229958, 2.14994, 0.731634, -0.000663076, 0.000155341, -0.000215054, -0.000408206, -4.22076e-05, 0.000226113, 0.00961126, -0.083433, -0.624198, 0.00216752, 0.814098, -0.691934, 0.779825, 0.308992, 0, 0, 0, 0, 0, 0, 0, 0.481383, -0.0126764, 0.140716, 0.486346, -0.0158237, 0.142576, 0.996195, -3.71201e-12, -0.0871557, -4.46982e-12, -1, -8.49977e-12, -0.0871557, 8.857e-12, -0.996195, 0
11.44, 2025-07-03__00-38-57.722113, -0.0470453, -0.0816875, 0.0334906, -2.29047, -0.0229936, 2.14994, 0.731627, 0.000417736, -0.0015142, 7.75805e-05, -0.000613585, 0.000118037, 0.000336028, -0.00285669, -0.116889, -0.565343, -0.0315802, 0.789724, -0.69246, 0.776222, 0.384961, 0, 0, 0, 0, 0, 0, 0, 0.481388, -0.0126763, 0.140721, 0.486346, -0.0158237, 0.142576, 0.996195, -3.71201e-12, -0.0871557, -4.46982e-12, -1, -8.49977e-12, -0.0871557, 8.857e-12, -0.996195, 0
11.45, 2025-07-03__00-38-57.732113, -0.0470478, -0.0816856, 0.0334933, -2.29046, -0.0229899, 2.14994, 0.731634, -0.00110534, -0.000397089, 0.000112355, 0.000695066, 0.000140192, 0.00928419, 0.000534762, -0.0826195, -0.564097, 0.00285429, 0.752505, -0.693213, 0.712721, 0.363689, 0, 0, 0, 0, 0, 0, 0, 0.481384, -0.0126725, 0.140719, 0.486346, -0.0158237, 0.142576, 0.996195, -3.71201e-12, -0.0871557, -4.46982e-12, -1, -8.49977e-12, -0.0871557, 8.857e-12, -0.996195, 0
11.46, 2025-07-03__00-38-57.742113, -0.0470503, -0.0816854, 0.0334859, -2.29046, -0.0229922, 2.14994, 0.731633, -0.00143367, -0.00077223, -0.000942731, 0.00119981, -0.000468726, 0.000418075, 0.000289065, -0.0485245, -0.562423, 0.0377396, 0.762933, -0.689668, 0.771584, 0.365387, 0, 0, 0, 0, 0, 0, 0, 0.481383, -0.0126753, 0.140716, 0.486346, -0.0158237, 0.142576, 0.996195, -3.71201e-12, -0.0871557, -4.46982e-12, -1, -8.49977e-12, -0.0871557, 8.857e-12, -0.996195, 0
11.47, 2025-07-03__00-38-57.752111, -0.0470447, -0.0816822, 0.033494, -2.29046, -0.0229915, 2.14994, 0.731636, 0.00143572, 0.000253458, 0.000488058, -0.000193548, 0.000185115, -0.000280446, -0.00122018, -0.148602, -0.621655, -0.063592, 0.811763, -0.693118, 0.782618, 0.374635, 0, 0, 0, 0, 0, 0, 0, 0.481388, -0.0126761, 0.14072, 0.486346, -0.0158237, 0.142576, 0.996195, -3.71201e-12, -0.0871557, -4.46982e-12, -1, -8.49977e-12, -0.0871557, 8.857e-12, -0.996195, 0
11.48, 2025-07-03__00-38-57.762112, -0.0470453, -0.0816801, 0.0334883, -2.29046, -0.0229952, 2.14994, 0.731632, -0.000384468, 0.00132771, -0.000407101, -8.25326e-05, 4.81378e-07, 8.17873e-05, -0.00287267, -0.0850647, -0.660006, 0.000714175, 0.82616, -0.691339, 0.782349, 0.384749, 0, 0, 0, 0, 0, 0, 0, 0.481389, -0.0126764, 0.140722, 0.486346, -0.0158237, 0.142576, 0.996195, -3.71201e-12, -0.0871557, -4.46982e-12, -1, -8.49977e-12, -0.0871557, 8.857e-12, -0.996195, 0
11.49, 2025-07-03__00-38-57.772110, -0.0470457, -0.0816875, 0.0334884, -2.29046, -0.0229943, 2.14995, 0.731646, 3.79573e-05, -0.00234442, -0.000513744, 0.000127397, 0.000179091, 5.30315e-07, 0.00521792, -0.0941797, -0.5227, -0.00842647, 0.759034, -0.693907, 0.773402, 0.334846, 0, 0, 0, 0, 0, 0, 0, 0.481387, -0.012674, 0.140719, 0.486346, -0.0158237, 0.142576, 0.996195, -3.71201e-12, -0.0871557, -4.46982e-12, -1, -8.49977e-12, -0.0871557, 8.857e-12, -0.996195, 0
11.5, 2025-07-03__00-38-57.782114, -0.0470486, -0.0816847, 0.0334887, -2.29047, -0.0229952, 2.14994, 0.731643, -0.00054157, -0.00133399, -0.00139977, -0.00071684, -1.10344e-05, -0.00012536, 0.000603195, -0.060136, -0.577144, 0.0262157, 0.79601, -0.691718, 0.780241, 0.362969, 0, 0, 0, 0, 0, 0, 0, 0.481387, -0.0126751, 0.140719, 0.486346, -0.0158237, 0.142576, 0.996195, -3.71201e-12, -0.0871557, -4.46982e-12, -1, -8.49977e-12, -0.0871557, 8.857e-12, -0.996195, 0
11.51, 2025-07-03__00-38-57.792112, -0.0470475, -0.0816797, 0.0334921, -2.29046, -0.0229934, 2.14995, 0.731645, 0.000354565, 0.000445389, 0.00042024, -0.000873764, 0.000202288, -0.000141978, -0.000131604, -0.121497, -0.64098, -0.0364626, 0.8281, -0.692873, 0.783568, 0.367502, 0, 0, 0, 0, 0, 0, 0, 0.481391, -0.0126726, 0.14072, 0.486346, -0.0158237, 0.142576, 0.996195, -3.71201e-12, -0.0871557, -4.46982e-12, -1, -8.49977e-12, -0.0871557, 8.857e-12, -0.996195, 0
11.52, 2025-07-03__00-38-57.802111, -0.0470454, -0.081683, 0.0334992, -2.29047, -0.0229914, 2.14995, 0.731648, 0.000476646, 0.000395995, 0.0022499, -0.00134882, -5.34955e-05, 0.000150246, 0.00107356, -0.167913, -0.645637, -0.084284, 0.838125, -0.691269, 0.782948, 0.360138, 0, 0, 0, 0, 0, 0, 0, 0.481389, -0.0126768, 0.140723, 0.486346, -0.0158237, 0.142576, 0.996195, -3.71201e-12, -0.0871557, -4.46982e-12, -1, -8.49977e-12, -0.0871557, 8.857e-12, -0.996195, 0
11.53, 2025-07-03__00-38-57.812114, -0.0470454, -0.0816794, 0.0334912, -2.29046, -0.0229947, 2.14995, 0.731646, 0.000535756, 0.00112049, 0.000513008, 0.000528876, -1.24072e-05, 1.01803e-05, -0.000802202, -0.127215, -0.641219, -0.0421577, 0.810777, -0.691846, 0.779681, 0.371484, 0, 0, 0, 0, 0, 0, 0, 0.481391, -0.0126756, 0.140721, 0.486346, -0.0158237, 0.142576, 0.996195, -3.71201e-12, -0.0871557, -4.46982e-12, -1, -8.49977e-12, -0.0871557, 8.857e-12, -0.996195, 0
11.54, 2025-07-03__00-38-57.822110, -0.0470502, -0.08168, 0.0334939, -2.29046, -0.0229948, 2.14995, 0.73165, -0.000367349, 0.00256243, 0.00175767, 0.000237228, 7.72776e-05, -0.000434428, 4.31022e-05, -0.133506, -0.697829, -0.0493221, 0.842107, -0.692085, 0.786652, 0.366193, 0, 0, 0, 0, 0, 0, 0, 0.481393, -0.0126788, 0.140725, 0.486346, -0.0158237, 0.142576, 0.996195, -3.71201e-12, -0.0871557, -4.46982e-12, -1, -8.49977e-12, -0.0871557, 8.857e-12, -0.996195, 0
11.55, 2025-07-03__00-38-57.832114, -0.0470475, -0.0816822, 0.0334913, -2.29046, -0.0229914, 2.14995, 0.731655, 0.000259942, -0.000168787, -2.15098e-05, -0.000475427, 0.000217106, 0.000132999, 0.000563841, -0.109476, -0.611346, -0.0241235, 0.808344, -0.693429, 0.779117, 0.362635, 0, 0, 0, 0, 0, 0, 0, 0.481391, -0.0126765, 0.140721, 0.486346, -0.0158237, 0.142576, 0.996195, -3.71201e-12, -0.0871557, -4.46982e-12, -1, -8.49977e-12, -0.0871557, 8.857e-12, -0.996195, 0
11.56, 2025-07-03__00-38-57.842113, -0.0470484, -0.0816794, 0.0334886, -2.29046, -0.0229959, 2.14995, 0.731655, -0.00154073, 0.0010414, -0.000781007, -6.01832e-05, -0.000312794, 0.000204375, 0.00072008, -0.0497433, -0.650211, 0.0362611, 0.820012, -0.689716, 0.780164, 0.361612, 0, 0, 0, 0, 0, 0, 0, 0.481392, -0.012676, 0.140722, 0.486346, -0.0158237, 0.142576, 0.996195, -3.71201e-12, -0.0871557, -4.46982e-12, -1, -8.49977e-12, -0.0871557, 8.857e-12, -0.996195, 0
11.57, 2025-07-03__00-38-57.852112, -0.0470425, -0.081685, 0.0334942, -2.29047, -0.0229958, 2.14995, 0.731656, 0.000954971, -4.04798e-05, 0.000685929, -0.00189301, -0.000328179, 0.00020287, -0.000146905, -0.14329, -0.639225, -0.0586235, 0.84115, -0.68908, 0.783364, 0.367039, 0, 0, 0, 0, 0, 0, 0, 0.481392, -0.0126735, 0.140722, 0.486346, -0.0158237, 0.142576, 0.996195, -3.71201e-12, -0.0871557, -4.46982e-12, -1, -8.49977e-12, -0.0871557, 8.857e-12, -0.996195, 0
11.58, 2025-07-03__00-38-57.862110, -0.0470425, -0.0816847, 0.0334913, -2.29046, -0.0229952, 2.14995, 0.731656, 0.00111376, -0.00101034, -0.00036911, -0.00118988, 4.47951e-05, -0.000122076, -0.000457323, -0.122815, -0.592667, -0.0373383, 0.809305, -0.691932, 0.781183, 0.368804, 0, 0, 0, 0, 0, 0, 0, 0.481391, -0.0126739, 0.14072, 0.486346, -0.0158237, 0.142576, 0.996195, -3.71201e-12, -0.0871557, -4.46982e-12, -1, -8.49977e-12, -0.0871557, 8.857e-12, -0.996195, 0
11.59, 2025-07-03__00-38-57.872126, -0.0470456, -0.0816871, 0.0334966, -2.29046, -0.0229935, 2.14995, 0.731658, 0.00145181, -0.000406494, 0.00317829, -0.000801966, 0.000144352, -7.03019e-06, 1.37774e-05, -0.210831, -0.603761, -0.127905, 0.811843, -0.692836, 0.780165, 0.366045, 0, 0, 0, 0, 0, 0, 0, 0.481392, -0.0126781, 0.140723, 0.486346, -0.0158237, 0.142576, 0.996195, -3.71201e-12, -0.0871557, -4.46982e-12, -1, -8.49977e-12, -0.0871557, 8.857e-12, -0.996195, 0
11.6, 2025-07-03__00-38-57.882113, -0.0470485, -0.0816847, 0.0334911, -2.29046, -0.0229959, 2.14995, 0.73166, 0.00010816, -0.00108057, -0.000298279, 0.000490579, -0.000350482, -0.000517333, -0.00124774, -0.099938, -0.563695, -0.0143989, 0.77532, -0.690084, 0.77872, 0.373321, 0, 0, 0, 0, 0, 0, 0, 0.481391, -0.0126752, 0.140721, 0.486346, -0.0158237, 0.142576, 0.996195, -3.71201e-12, -0.0871557, -4.46982e-12, -1, -8.49977e-12, -0.0871557, 8.857e-12, -0.996195, 0
11.61, 2025-07-03__00-38-57.892114, -0.0470514, -0.0816846, 0.0334905, -2.29046, -0.0229942, 2.14995, 0.73166, -0.00145134, -0.000244928, -0.000754783, 1.64e-05, 0.000129316, 0.000238574, -0.000694648, -0.0530898, -0.601096, 0.032852, 0.795871, -0.692754, 0.776881, 0.369812, 0, 0, 0, 0, 0, 0, 0, 0.481391, -0.0126758, 0.14072, 0.486346, -0.0158237, 0.142576, 0.996195, -3.71201e-12, -0.0871557, -4.46982e-12, -1, -8.49977e-12, -0.0871557, 8.857e-12, -0.996195, 0
11.62, 2025-07-03__00-38-57.902110, -0.0470505, -0.0816844, 0.0334933, -2.29046, -0.0229952, 2.14995, 0.731669, -0.0011991, -4.92835e-05, 0.00101998, 0.00200391, -0.000102417, -0.000255941, 0.000106327, -0.0991486, -0.574541, -0.0144166, 0.761142, -0.692197, 0.774484, 0.364541, 0, 0, 0, 0, 0, 0, 0, 0.481391, -0.0126763, 0.140721, 0.486346, -0.0158237, 0.142576, 0.996195, -3.71201e-12, -0.0871557, -4.46982e-12, -1, -8.49977e-12, -0.0871557, 8.857e-12, -0.996195, 0
11.63, 2025-07-03__00-38-57.912113, -0.047046, -0.0816823, 0.033494, -2.29046, -0.0229927, 2.14995, 0.73167, -0.00010591, 0.000143334, 3.99891e-05, 0.00104021, -0.00311985, -0.000404326, 0.000835701, -0.102743, -0.599014, -0.0174754, 0.785869, -0.673089, 0.778801, 0.360282, 0, 0, 0, 0, 0, 0, 0, 0.481386, -0.0126724, 0.140717, 0.486346, -0.0158237, 0.142576, 0.996195, -3.71201e-12, -0.0871557, -4.46982e-12, -1, -8.49977e-12, -0.0871557, 8.857e-12, -0.996195, 0
11.64, 2025-07-03__00-38-57.922096, -0.0470447, -0.0816797, 0.0334914, -2.29046, -0.022992, 2.14995, 0.731665, 0.00113025, 0.000713161, 0.000830287, -0.000340269, 0.000117929, 0.000212102, -0.00130437, -0.148525, -0.64002, -0.0638357, 0.821061, -0.692622, 0.78, 0.373486, 0, 0, 0, 0, 0, 0, 0, 0.481391, -0.0126772, 0.14072, 0.486346, -0.0158237, 0.142576, 0.996195, -3.71201e-12, -0.0871557, -4.46982e-12, -1, -8.49977e-12, -0.0871557, 8.857e-12, -0.996195, 0
11.65, 2025-07-03__00-38-57.932114, -0.047048, -0.0816876, 0.0334905, -2.29046, -0.0229946, 2.14995, 0.731671, -0.00106315, -0.000264676, 0.000144443, -0.000324972, 0.000202074, -0.000141927, 0.000707463, -0.0829902, -0.604839, 0.00224131, 0.803385, -0.693248, 0.780307, 0.360776, 0, 0, 0, 0, 0, 0, 0, 0.481392, -0.0126765, 0.140723, 0.486346, -0.0158237, 0.142576, 0.996195, -3.71201e-12, -0.0871557, -4.46982e-12, -1, -8.49977e-12, -0.0871557, 8.857e-12, -0.996195, 0
11.66, 2025-07-03__00-38-57.942113, -0.0470464, -0.0816844, 0.0334912, -2.29046, -0.0229977, 2.14995, 0.73167, 0.000475574, -9.48694e-05, 0.000713756, -0.00137798, -0.00896907, -0.000225244, -0.000804311, -0.13097, -0.630023, -0.0465237, 0.83273, -0.635167, 0.784215, 0.370772, 0, 0, 0, 0, 0, 0, 0, 0.481391, -0.0126775, 0.140721, 0.486346, -0.0158237, 0.142576, 0.996195, -3.71201e-12, -0.0871557, -4.46982e-12, -1, -8.49977e-12, -0.0871557, 8.857e-12, -0.996195, 0
11.67, 2025-07-03__00-38-57.952114, -0.0470478, -0.0816793, 0.0334887, -2.29046, -0.0229958, 2.14995, 0.731668, -0.000385917, 0.00184841, -0.000175136, -0.00103102, 0.00334657, -0.000234434, -0.00144891, -0.0896272, -0.694242, -0.00411158, 0.853433, -0.712007, 0.787855, 0.373875, 0, 0, 0, 0, 0, 0, 0, 0.481391, -0.0126794, 0.140721, 0.486346, -0.0158237, 0.142576, 0.996195, -3.71201e-12, -0.0871557, -4.46982e-12, -1, -8.49977e-12, -0.0871557, 8.857e-12, -0.996195, 0
11.68, 2025-07-03__00-38-57.962113, -0.0470448, -0.0816815, 0.0334918, -2.29046, -0.0229946, 2.14995, 0.731675, 0.00110474, 0.00137733, 0.000607637, 0.000664323, 0.000363124, 0.000461307, -0.00291382, -0.142397, -0.645838, -0.0575085, 0.810651, -0.694226, 0.776651, 0.382614, 0, 0, 0, 0, 0, 0, 0, 0.481391, -0.0126767, 0.140721, 0.486346, -0.0158237, 0.142576, 0.996195, -3.71201e-12, -0.0871557, -4.46982e-12, -1, -8.49977e-12, -0.0871557, 8.857e-12, -0.996195, 0
11.69, 2025-07-03__00-38-57.972114, -0.0470489, -0.0816869, 0.0334963, -2.29046, -0.0229939, 2.14995, 0.731677, -0.00353524, -0.00147429, 0.00186365, 0.00104821, 0.000291865, -8.81421e-05, 5.5639e-06, -0.067703, -0.539435, 0.0163843, 0.755301, -0.69453, 0.773262, 0.364564, 0, 0, 0, 0, 0, 0, 0, 0.481391, -0.0126773, 0.14072, 0.486346, -0.0158237, 0.142576, 0.996195, -3.71201e-12, -0.0871557, -4.46982e-12, -1, -8.49977e-12, -0.0871557, 8.857e-12, -0.996195, 0
11.7, 2025-07-03__00-38-57.982114, -0.047046, -0.0816794, 0.0334943, -2.29046, -0.0229959, 2.14995, 0.73168, 0.00184378, -0.0024627, 0.00101375, 0.00107515, 0.00509736, 0.000424916, 0.00219774, -0.171044, -0.501415, -0.0864663, 0.73684, -0.725059, 0.767412, 0.351029, 0, 0, 0, 0, 0, 0, 0, 0.481391, -0.0126782, 0.140721, 0.486346, -0.0158237, 0.142576, 0.996195, -3.71201e-12, -0.0871557, -4.46982e-12, -1, -8.49977e-12, -0.0871557, 8.857e-12, -0.996195, 0
11.71, 2025-07-03__00-38-57.992114, -0.0470508, -0.0816847, 0.0334893, -2.29046, -0.0229956, 2.14995, 0.731678, 2.94686e-05, -0.000785016, 0.000270271, 0.00055167, 0.00025028, 0.000485519, 0.000210623, -0.10984, -0.570571, -0.024727, 0.775812, -0.693973, 0.772191, 0.363397, 0, 0, 0, 0, 0, 0, 0, 0.481391, -0.0126764, 0.140721, 0.486346, -0.0158237, 0.142576, 0.996195, -3.71201e-12, -0.0871557, -4.46982e-12, -1, -8.49977e-12, -0.0871557, 8.857e-12, -0.996195, 0
11.72, 2025-07-03__00-38-58.002114, -0.0470501, -0.0816875, 0.033488, -2.29046, -0.0229956, 2.14995, 0.731683, -0.000269444, -0.00152337, -0.0020151, 0.00110781, 5.91942e-06, 0.00686588, 0.00485664, -0.051743, -0.52221, 0.0350652, 0.731577, -0.692954, 0.724967, 0.334641, 0, 0, 0, 0, 0, 0, 0, 0.481391, -0.0126753, 0.140721, 0.486346, -0.0158237, 0.142576, 0.996195, -3.71201e-12, -0.0871557, -4.46982e-12, -1, -8.49977e-12, -0.0871557, 8.857e-12, -0.996195, 0
11.73, 2025-07-03__00-38-58.012113, -0.0470492, -0.0816796, 0.0334911, -2.29046, -0.0229953, 2.14995, 0.731679, 0.000916545, 0.00185064, 0.000528062, 0.00121995, 1.68633e-05, 0.000436827, -0.000551914, -0.134566, -0.654358, -0.0495841, 0.807723, -0.692354, 0.776135, 0.368099, 0, 0, 0, 0, 0, 0, 0, 0.481392, -0.0126762, 0.140722, 0.486346, -0.0158237, 0.142576, 0.996195, -3.71201e-12, -0.0871557, -4.46982e-12, -1, -8.49977e-12, -0.0871557, 8.857e-12, -0.996195, 0
11.74, 2025-07-03__00-38-58.022114, -0.0470493, -0.0816822, 0.033496, -2.29046, -0.0229956, 2.14995, 0.73168, 0.00111159, 0.000145413, 0.00133183, -0.00104443, -0.000116868, -8.40941e-05, -0.000830871, -0.159947, -0.63097, -0.0757846, 0.826539, -0.69088, 0.782865, 0.369835, 0, 0, 0, 0, 0, 0, 0, 0.481391, -0.0126803, 0.140721, 0.486346, -0.0158237, 0.142576, 0.996195, -3.71201e-12, -0.0871557, -4.46982e-12, -1, -8.49977e-12, -0.0871557, 8.857e-12, -0.996195, 0
11.75, 2025-07-03__00-38-58.032113, -0.0470511, -0.0816829, 0.0334904, -2.29046, -0.0229966, 2.14995, 0.731686, -0.000471932, 0.000441876, -0.000204074, 0.000500972, -0.000512184, -0.000279869, 0.000749297, -0.0869507, -0.618137, -0.00151064, 0.800023, -0.688952, 0.780304, 0.359716, 0, 0, 0, 0, 0, 0, 0, 0.481392, -0.012678, 0.140722, 0.486346, -0.0158237, 0.142576, 0.996195, -3.71201e-12, -0.0871557, -4.46982e-12, -1, -8.49977e-12, -0.0871557, 8.857e-12, -0.996195, 0
11.76, 2025-07-03__00-38-58.042113, -0.0470492, -0.0816816, 0.0334912, -2.29046, -0.0229967, 2.14995, 0.731687, 0.000343141, 0.00083967, 0.000342077, 0.00523358, 0.00012444, 0.000377317, 0.00344175, -0.11695, -0.551186, -0.0315968, 0.709182, -0.695069, 0.762088, 0.34325, 0, 0, 0, 0, 0, 0, 0, 0.481397, -0.0126798, 0.140725, 0.486346, -0.0158237, 0.142576, 0.996195, -3.71201e-12, -0.0871557, -4.46982e-12, -1, -8.49977e-12, -0.0871557, 8.857e-12, -0.996195, 0
11.77, 2025-07-03__00-38-58.052113, -0.0470507, -0.081683, 0.0334883, -2.29046, -0.0229959, 2.14995, 0.731681, 0.000121248, -0.000171099, 0.000349054, 0.0010537, -0.000237961, -0.000294309, -0.00125939, -0.112945, -0.586298, -0.0278693, 0.778859, -0.690935, 0.777389, 0.372195, 0, 0, 0, 0, 0, 0, 0, 0.481391, -0.0126801, 0.140721, 0.486346, -0.0158237, 0.142576, 0.996195, -3.71201e-12, -0.0871557, -4.46982e-12, -1, -8.49977e-12, -0.0871557, 8.857e-12, -0.996195, 0
11.78, 2025-07-03__00-38-58.062114, -0.0470517, -0.0816857, 0.0334884, -2.29046, -0.0229953, 2.14995, 0.731686, 0.000425971, -0.00136497, -0.000173865, 0.00100163, -0.000100344, 7.21159e-05, 0.000872203, -0.108537, -0.543037, -0.0231333, 0.7582, -0.692186, 0.772391, 0.35893, 0, 0, 0, 0, 0, 0, 0, 0.481391, -0.0126792, 0.140721, 0.486346, -0.0158237, 0.142576, 0.996195, -3.71201e-12, -0.0871557, -4.46982e-12, -1, -8.49977e-12, -0.0871557, 8.857e-12, -0.996195, 0
11.79, 2025-07-03__00-38-58.072114, -0.0470488, -0.0816851, 0.0334886, -2.29046, -0.0229964, 2.14996, 0.731688, 0.000104475, -0.000309107, -0.00053416, -0.0052939, -3.34779e-05, 9.98732e-05, -0.000127108, -0.0945621, -0.686121, -0.00928297, 0.902682, -0.68962, 0.793016, 0.365014, 0, 0, 0, 0, 0, 0, 0, 0.481392, -0.0126764, 0.140722, 0.486346, -0.0158237, 0.142576, 0.996195, -3.71201e-12, -0.0871557, -4.46982e-12, -1, -8.49977e-12, -0.0871557, 8.857e-12, -0.996195, 0
11.8, 2025-07-03__00-38-58.082112, -0.0470514, -0.0816823, 0.0334921, -2.29047, -0.0229952, 2.14996, 0.731689, -0.000123301, 0.000279081, 0.000641034, -0.0027021, 0.000184063, 0.000526449, 0.000111555, -0.115295, -0.664829, -0.0306936, 0.861493, -0.692042, 0.783725, 0.363511, 0, 0, 0, 0, 0, 0, 0, 0.481392, -0.0126777, 0.140722, 0.486346, -0.0158237, 0.142576, 0.996195, -3.71201e-12, -0.0871557, -4.46982e-12, -1, -8.49977e-12, -0.0871557, 8.857e-12, -0.996195, 0
11.81, 2025-07-03__00-38-58.092113, -0.0470495, -0.0816843, 0.0334904, -2.29046, -0.0229966, 2.14995, 0.731684, -0.000155097, 9.92383e-07, -0.000592259, 0.00169141, -0.000367387, 0.000222002, -0.00030733, -0.0858402, -0.581043, -5.39304e-05, 0.766748, -0.690354, 0.772283, 0.366164, 0, 0, 0, 0, 0, 0, 0, 0.481386, -0.0126768, 0.140717, 0.486346, -0.0158237, 0.142576, 0.996195, -3.71201e-12, -0.0871557, -4.46982e-12, -1, -8.49977e-12, -0.0871557, 8.857e-12, -0.996195, 0
11.82, 2025-07-03__00-38-58.102113, -0.0470458, -0.0816878, 0.0334887, -2.29045, -0.022998, 2.14995, 0.731688, 0.0010813, -0.00079107, 0.000288145, 0.00193721, 0.000300901, -0.000292728, 6.272e-05, -0.134662, -0.545267, -0.0495379, 0.747736, -0.694867, 0.772875, 0.363747, 0, 0, 0, 0, 0, 0, 0, 0.481392, -0.0126788, 0.140722, 0.486346, -0.0158237, 0.142576, 0.996195, -3.71201e-12, -0.0871557, -4.46982e-12, -1, -8.49977e-12, -0.0871557, 8.857e-12, -0.996195, 0
11.83, 2025-07-03__00-38-58.112115, -0.0470515, -0.0816822, 0.0334893, -2.29046, -0.0229961, 2.14995, 0.731697, -0.00273421, -0.000153353, -0.000193549, -0.000670485, -0.000303684, -0.000325664, 0.0018547, -0.0362621, -0.618349, 0.0491416, 0.813403, -0.689919, 0.783069, 0.352262, 0, 0, 0, 0, 0, 0, 0, 0.481391, -0.0126763, 0.14072, 0.486346, -0.0158237, 0.142576, 0.996195, -3.71201e-12, -0.0871557, -4.46982e-12, -1, -8.49977e-12, -0.0871557, 8.857e-12, -0.996195, 0
11.84, 2025-07-03__00-38-58.122116, -0.0470535, -0.0816857, 0.033494, -2.29046, -0.022996, 2.14996, 0.731692, -0.00105246, -0.000756, 0.000608676, 0.00208424, -0.000203425, -4.63779e-05, -4.36009e-05, -0.09307, -0.547089, -0.00815178, 0.746491, -0.69176, 0.770586, 0.364092, 0, 0, 0, 0, 0, 0, 0, 0.481392, -0.012677, 0.140722, 0.486346, -0.0158237, 0.142576, 0.996195, -3.71201e-12, -0.0871557, -4.46982e-12, -1, -8.49977e-12, -0.0871557, 8.857e-12, -0.996195, 0
11.85, 2025-07-03__00-38-58.132113, -0.0470535, -0.0816849, 0.0334942, -2.29046, -0.0229963, 2.14996, 0.731697, -0.00134781, -6.98579e-05, 0.000875208, 0.000359336, -9.75885e-05, 0.000501868, 0.00462352, -0.0921521, -0.599328, -0.00751276, 0.791145, -0.691873, 0.773434, 0.335564, 0, 0, 0, 0, 0, 0, 0, 0.481396, -0.0126772, 0.140724, 0.486346, -0.0158237, 0.142576, 0.996195, -3.71201e-12, -0.0871557, -4.46982e-12, -1, -8.49977e-12, -0.0871557, 8.857e-12, -0.996195, 0
11.86, 2025-07-03__00-38-58.142115, -0.0470458, -0.0816823, 0.0334914, -2.29046, -0.0229966, 2.14995, 0.731697, 1.64214e-05, 0.000850768, 0.000594583, -0.000505879, -1.59668e-05, 0.000309965, 0.00992459, -0.116986, -0.647242, -0.0321944, 0.825424, -0.692253, 0.779886, 0.303546, 0, 0, 0, 0, 0, 0, 0, 0.481395, -0.0126773, 0.140723, 0.486346, -0.0158237, 0.142576, 0.996195, -3.71201e-12, -0.0871557, -4.46982e-12, -1, -8.49977e-12, -0.0871557, 8.857e-12, -0.996195, 0
11.87, 2025-07-03__00-38-58.152114, -0.0470535, -0.0816824, 0.0334942, -2.29046, -0.0229963, 2.14995, 0.73169, -0.00140196, 0.00179832, 0.0011972, 0.000399711, -9.6977e-05, -0.000402981, -0.000737162, -0.0971542, -0.668105, -0.0126919, 0.825251, -0.691185, 0.784367, 0.368526, 0, 0, 0, 0, 0, 0, 0, 0.481396, -0.0126781, 0.140724, 0.486346, -0.0158237, 0.142576, 0.996195, -3.71201e-12, -0.0871557, -4.46982e-12, -1, -8.49977e-12, -0.0871557, 8.857e-12, -0.996195, 0
11.88, 2025-07-03__00-38-58.162113, -0.0470457, -0.0816858, 0.0334914, -2.29046, -0.0229985, 2.14995, 0.731696, 0.00154462, -0.0013159, 0.000948319, -0.000417299, 3.38547e-05, -0.000254939, 0.000473443, -0.161573, -0.567487, -0.0771748, 0.789254, -0.692329, 0.778906, 0.360944, 0, 0, 0, 0, 0, 0, 0, 0.481395, -0.0126786, 0.140722, 0.486346, -0.0158237, 0.142576, 0.996195, -3.71201e-12, -0.0871557, -4.46982e-12, -1, -8.49977e-12, -0.0871557, 8.857e-12, -0.996195, 0
11.89, 2025-07-03__00-38-58.172114, -0.0470485, -0.0816851, 0.033489, -2.29046, -0.0229996, 2.14996, 0.731692, -0.000468068, 0.000201102, -8.08688e-05, -0.000572281, 0.000118778, -0.000264484, -0.00107824, -0.0906524, -0.626238, -0.00538623, 0.816798, -0.69222, 0.782264, 0.370436, 0, 0, 0, 0, 0, 0, 0, 0.481396, -0.0126765, 0.140724, 0.486346, -0.0158237, 0.142576, 0.996195, -3.71201e-12, -0.0871557, -4.46982e-12, -1, -8.49977e-12, -0.0871557, 8.857e-12, -0.996195, 0
11.9, 2025-07-03__00-38-58.182112, -0.047051, -0.0816795, 0.0334907, -2.29046, -0.0229976, 2.14996, 0.731699, -0.000984677, 0.00109878, -0.000760452, 0.000671623, -0.000369753, -0.000238488, 0.000512658, -0.0623425, -0.640248, 0.0234949, 0.807341, -0.689762, 0.780357, 0.360361, 0, 0, 0, 0, 0, 0, 0, 0.481395, -0.0126758, 0.140722, 0.486346, -0.0158237, 0.142576, 0.996195, -3.71201e-12, -0.0871557, -4.46982e-12, -1, -8.49977e-12, -0.0871557, 8.857e-12, -0.996195, 0
11.91, 2025-07-03__00-38-58.192113, -0.0470493, -0.0816832, 0.0334907, -2.29046, -0.0229972, 2.14995, 0.731695, -0.00236821, -0.000410325, -0.000505161, 0.00131554, -0.000238506, 8.87123e-05, 0.00170027, -0.038085, -0.574739, 0.0476507, 0.767496, -0.691127, 0.773595, 0.353246, 0, 0, 0, 0, 0, 0, 0, 0.48139, -0.0126782, 0.140718, 0.486346, -0.0158237, 0.142576, 0.996195, -3.71201e-12, -0.0871557, -4.46982e-12, -1, -8.49977e-12, -0.0871557, 8.857e-12, -0.996195, 0
11.92, 2025-07-03__00-38-58.202113, -0.0470489, -0.0816875, 0.0334941, -2.29046, -0.0229972, 2.14996, 0.7317, 0.00532391, -0.0019621, 0.00169513, -6.00166e-05, -0.000137237, 0.000314854, 0.00646073, -0.263931, -0.533256, -0.180216, 0.769869, -0.692204, 0.771334, 0.324662, 0, 0, 0, 0, 0, 0, 0, 0.481391, -0.0126789, 0.14072, 0.486346, -0.0158237, 0.142576, 0.996195, -3.71201e-12, -0.0871557, -4.46982e-12, -1, -8.49977e-12, -0.0871557, 8.857e-12, -0.996195, 0
11.93, 2025-07-03__00-38-58.212114, -0.0470495, -0.0816824, 0.0334883, -2.29046, -0.0229951, 2.14996, 0.7317, 0.000291809, -0.00065991, 0.000106333, -0.000292686, 0.000263714, 4.99753e-05, 0.000475656, -0.112124, -0.590527, -0.0270239, 0.796366, -0.693837, 0.777366, 0.360562, 0, 0, 0, 0, 0, 0, 0, 0.481394, -0.012681, 0.140721, 0.486346, -0.0158237, 0.142576, 0.996195, -3.71201e-12, -0.0871557, -4.46982e-12, -1, -8.49977e-12, -0.0871557, 8.857e-12, -0.996195, 0
11.94, 2025-07-03__00-38-58.222114, -0.0470461, -0.0816844, 0.0334889, -2.29046, -0.0229971, 2.14996, 0.731695, 0.00100896, -0.000183299, -0.00119959, -0.000109335, -0.000248745, 0.00520021, -0.00128943, -0.0997735, -0.593285, -0.0137287, 0.784654, -0.690263, 0.742359, 0.371432, 0, 0, 0, 0, 0, 0, 0, 0.481394, -0.0126766, 0.14072, 0.486346, -0.0158237, 0.142576, 0.996195, -3.71201e-12, -0.0871557, -4.46982e-12, -1, -8.49977e-12, -0.0871557, 8.857e-12, -0.996195, 0
11.95, 2025-07-03__00-38-58.232112, -0.0470513, -0.0816857, 0.0334858, -2.29046, -0.0229995, 2.14996, 0.731703, -0.000790827, -0.000569496, -0.00150885, 0.000554171, 7.22977e-05, 0.00765402, -0.000154414, -0.0503971, -0.564185, 0.0359682, 0.756422, -0.692452, 0.722715, 0.363878, 0, 0, 0, 0, 0, 0, 0, 0.481396, -0.0126779, 0.140724, 0.486346, -0.0158237, 0.142576, 0.996195, -3.71201e-12, -0.0871557, -4.46982e-12, -1, -8.49977e-12, -0.0871557, 8.857e-12, -0.996195, 0
11.96, 2025-07-03__00-38-58.242114, -0.0470493, -0.0816857, 0.0334866, -2.29046, -0.0229965, 2.14996, 0.731701, 0.000746524, -0.00129538, -0.00085631, -0.00121765, -0.00014928, -6.5292e-05, -0.00100735, -0.100978, -0.582907, -0.0152893, 0.804289, -0.690802, 0.779616, 0.369499, 0, 0, 0, 0, 0, 0, 0, 0.481395, -0.0126795, 0.140722, 0.486346, -0.0158237, 0.142576, 0.996195, -3.71201e-12, -0.0871557, -4.46982e-12, -1, -8.49977e-12, -0.0871557, 8.857e-12, -0.996195, 0
11.97, 2025-07-03__00-38-58.252115, -0.0470488, -0.0816869, 0.0334918, -2.29046, -0.0229989, 2.14995, 0.731704, 0.000528515, -0.000954081, 0.00111974, -0.000492406, 0.000118381, -0.000501458, 0.000804257, -0.141584, -0.582299, -0.0572973, 0.797154, -0.692755, 0.781634, 0.358438, 0, 0, 0, 0, 0, 0, 0, 0.481394, -0.0126776, 0.14072, 0.486346, -0.0158237, 0.142576, 0.996195, -3.71201e-12, -0.0871557, -4.46982e-12, -1, -8.49977e-12, -0.0871557, 8.857e-12, -0.996195, 0
11.98, 2025-07-03__00-38-58.262114, -0.0470493, -0.0816819, 0.0334915, -2.29046, -0.0229993, 2.14996, 0.731706, 0.000328307, 0.000758516, -0.000277333, 0.00094008, 0.000304991, -6.23668e-05, 0.000487134, -0.103753, -0.62103, -0.018322, 0.795451, -0.694132, 0.777432, 0.360135, 0, 0, 0, 0, 0, 0, 0, 0.481395, -0.0126798, 0.140721, 0.486346, -0.0158237, 0.142576, 0.996195, -3.71201e-12, -0.0871557, -4.46982e-12, -1, -8.49977e-12, -0.0871557, 8.857e-12, -0.996195, 0
11.99, 2025-07-03__00-38-58.272114, -0.0470511, -0.0816801, 0.0334935, -2.29046, -0.0229996, 2.14996, 0.731708, -0.000691531, 0.000880371, 0.000795783, 0.000124112, 9.58476e-05, -1.02271e-05, 0.000375261, -0.105124, -0.639497, -0.0205086, 0.814308, -0.692418, 0.779851, 0.360747, 0, 0, 0, 0, 0, 0, 0, 0.481395, -0.0126797, 0.140723, 0.486346, -0.0158237, 0.142576, 0.996195, -3.71201e-12, -0.0871557, -4.46982e-12, -1, -8.49977e-12, -0.0871557, 8.857e-12, -0.996195, 0
12, 2025-07-03__00-38-58.282113, -0.0470503, -0.0816871, 0.0334912, -2.29046, -0.0229958, 2.14996, 0.731709, -0.000774201, -0.000105961, 2.58936e-05, 0.000393474, -4.14095e-05, -0.0024402, 0.000407305, -0.085963, -0.603206, -0.000766804, 0.798406, -0.692104, 0.793587, 0.360452, 0, 0, 0, 0, 0, 0, 0, 0.481396, -0.0126786, 0.140723, 0.486346, -0.0158237, 0.142576, 0.996195, -3.71201e-12, -0.0871557, -4.46982e-12, -1, -8.49977e-12, -0.0871557, 8.857e-12, -0.996195, 0
12.01, 2025-07-03__00-38-58.292113, -0.0470519, -0.0816853, 0.0334913, -2.29046, -0.0230003, 2.14996, 0.731712, 0.000107722, 9.63064e-05, 0.000756613, 0.00132553, -0.000116847, -0.000767521, 0.00633029, -0.121528, -0.590705, -0.0368422, 0.77844, -0.692161, 0.779439, 0.324451, 0, 0, 0, 0, 0, 0, 0, 0.481395, -0.0126809, 0.140723, 0.486346, -0.0158237, 0.142576, 0.996195, -3.71201e-12, -0.0871557, -4.46982e-12, -1, -8.49977e-12, -0.0871557, 8.857e-12, -0.996195, 0
12.02, 2025-07-03__00-38-58.302112, -0.0470535, -0.0816857, 0.0334883, -2.29046, -0.0229986, 2.14996, 0.731705, -0.000558791, -0.000207103, -0.00128454, 0.000138745, 2.23055e-05, -0.000111637, -0.000635556, -0.0601058, -0.600241, 0.0260247, 0.794677, -0.692099, 0.778239, 0.3669, 0, 0, 0, 0, 0, 0, 0, 0.481396, -0.0126779, 0.140724, 0.486346, -0.0158237, 0.142576, 0.996195, -3.71201e-12, -0.0871557, -4.46982e-12, -1, -8.49977e-12, -0.0871557, 8.857e-12, -0.996195, 0
12.03, 2025-07-03__00-38-58.312116, -0.0470508, -0.0816854, 0.0334908, -2.29046, -0.0229967, 2.14996, 0.731713, 0.000160383, -0.000245349, 0.000194371, -0.000734508, 7.06224e-05, -0.000322576, -4.09008e-05, -0.111218, -0.612412, -0.0262676, 0.812951, -0.692295, 0.782101, 0.362978, 0, 0, 0, 0, 0, 0, 0, 0.481396, -0.0126785, 0.140723, 0.486346, -0.0158237, 0.142576, 0.996195, -3.71201e-12, -0.0871557, -4.46982e-12, -1, -8.49977e-12, -0.0871557, 8.857e-12, -0.996195, 0
12.04, 2025-07-03__00-38-58.322115, -0.047054, -0.0816824, 0.0334961, -2.29046, -0.023, 2.14996, 0.731711, -0.00310839, 0.000708882, 0.00161661, -0.00078034, 5.2245e-05, 0.000261913, -0.0042233, -0.0695975, -0.648255, 0.0144137, 0.828355, -0.691374, 0.780536, 0.388364, 0, 0, 0, 0, 0, 0, 0, 0.481395, -0.0126799, 0.140723, 0.486346, -0.0158237, 0.142576, 0.996195, -3.71201e-12, -0.0871557, -4.46982e-12, -1, -8.49977e-12, -0.0871557, 8.857e-12, -0.996195, 0
12.05, 2025-07-03__00-38-58.332115, -0.047045, -0.0816831, 0.0334915, -2.29046, -0.0229968, 2.14996, 0.731715, 0.00114012, 3.62727e-05, 0.000183916, -0.000925361, -0.000168109, -0.000107496, 0.0017444, -0.13435, -0.625294, -0.0494456, 0.821532, -0.690834, 0.781724, 0.352125, 0, 0, 0, 0, 0, 0, 0, 0.481396, -0.0126762, 0.140723, 0.486346, -0.0158237, 0.142576, 0.996195, -3.71201e-12, -0.0871557, -4.46982e-12, -1, -8.49977e-12, -0.0871557, 8.857e-12, -0.996195, 0
12.06, 2025-07-03__00-38-58.342117, -0.047051, -0.0816851, 0.0334913, -2.29046, -0.023, 2.14996, 0.731711, -0.00104298, -0.000611832, 1.57921e-05, 0.00133062, 2.8621e-05, -0.000119971, -0.00119504, -0.0798876, -0.565543, 0.00534534, 0.764236, -0.692625, 0.773766, 0.36996, 0, 0, 0, 0, 0, 0, 0, 0.481394, -0.012679, 0.14072, 0.486346, -0.0158237, 0.142576, 0.996195, -3.71201e-12, -0.0871557, -4.46982e-12, -1, -8.49977e-12, -0.0871557, 8.857e-12, -0.996195, 0
12.07, 2025-07-03__00-38-58.352111, -0.0470485, -0.0816825, 0.0334915, -2.29046, -0.0229964, 2.14996, 0.731714, 0.00110793, 0.00023482, 0.00168294, 0.00141863, 0.000114222, 0.000390975, 0.00089139, -0.166235, -0.591302, -0.0822383, 0.776348, -0.693553, 0.771514, 0.357367, 0, 0, 0, 0, 0, 0, 0, 0.481396, -0.0126782, 0.140725, 0.486346, -0.0158237, 0.142576, 0.996195, -3.71201e-12, -0.0871557, -4.46982e-12, -1, -8.49977e-12, -0.0871557, 8.857e-12, -0.996195, 0
12.08, 2025-07-03__00-38-58.362110, -0.0470488, -0.0816829, 0.0334893, -2.29046, -0.0230007, 2.14996, 0.731717, 0.000350034, 0.000130694, -0.000258891, -0.00066159, -0.000102029, -0.000251002, 0.000936489, -0.104984, -0.625516, -0.0197276, 0.817931, -0.691024, 0.782225, 0.356844, 0, 0, 0, 0, 0, 0, 0, 0.481395, -0.0126792, 0.140723, 0.486346, -0.0158237, 0.142576, 0.996195, -3.71201e-12, -0.0871557, -4.46982e-12, -1, -8.49977e-12, -0.0871557, 8.857e-12, -0.996195, 0
12.09, 2025-07-03__00-38-58.372109, -0.0470479, -0.0816844, 0.033494, -2.29046, -0.0230013, 2.14996, 0.731715, 0.0010709, 0.000460505, 0.000732938, 0.000120919, -0.000336431, 2.57536e-05, 0.00244721, -0.144574, -0.621838, -0.0600221, 0.807042, -0.689934, 0.778443, 0.347899, 0, 0, 0, 0, 0, 0, 0, 0.481395, -0.0126778, 0.140723, 0.486346, -0.0158237, 0.142576, 0.996195, -3.71201e-12, -0.0871557, -4.46982e-12, -1, -8.49977e-12, -0.0871557, 8.857e-12, -0.996195, 0
12.1, 2025-07-03__00-38-58.382109, -0.0470486, -0.0816876, 0.0334965, -2.29046, -0.0229993, 2.14996, 0.731717, 0.00065029, -0.000402157, 0.00299782, 0.000983116, -0.000251821, 0.000262489, -5.56324e-05, -0.187364, -0.573784, -0.104406, 0.774527, -0.690962, 0.772214, 0.362995, 0, 0, 0, 0, 0, 0, 0, 0.481396, -0.0126792, 0.140724, 0.486346, -0.0158237, 0.142576, 0.996195, -3.71201e-12, -0.0871557, -4.46982e-12, -1, -8.49977e-12, -0.0871557, 8.857e-12, -0.996195, 0
12.11, 2025-07-03__00-38-58.392113, -0.047051, -0.0816879, 0.0334905, -2.29046, -0.0229997, 2.14996, 0.731719, 0.000154394, -0.000379073, -0.000618877, 0.00013854, 0.000198586, -0.000157166, 0.000912508, -0.092403, -0.59236, -0.00683781, 0.791828, -0.693378, 0.777999, 0.356774, 0, 0, 0, 0, 0, 0, 0, 0.481396, -0.012678, 0.140723, 0.486346, -0.0158237, 0.142576, 0.996195, -3.71201e-12, -0.0871557, -4.46982e-12, -1, -8.49977e-12, -0.0871557, 8.857e-12, -0.996195, 0
12.12, 2025-07-03__00-38-58.402110, -0.047054, -0.0816879, 0.0334914, -2.29046, -0.0230007, 2.14996, 0.731716, -0.00104057, -0.000827704, 0.000350117, 0.00171381, -0.000146149, -8.04204e-05, -0.00157507, -0.0869408, -0.55018, -0.00195436, 0.752465, -0.691691, 0.77179, 0.371987, 0, 0, 0, 0, 0, 0, 0, 0.481395, -0.0126786, 0.140722, 0.486346, -0.0158237, 0.142576, 0.996195, -3.71201e-12, -0.0871557, -4.46982e-12, -1, -8.49977e-12, -0.0871557, 8.857e-12, -0.996195, 0
12.13, 2025-07-03__00-38-58.412114, -0.0470564, -0.0816843, 0.0334884, -2.29046, -0.0230007, 2.14996, 0.731722, -0.000425406, 0.000664497, -0.000560264, -0.000795866, -0.000235704, 2.04737e-05, -0.000204944, -0.0784269, -0.646509, 0.00705674, 0.828306, -0.689911, 0.781977, 0.363411, 0, 0, 0, 0, 0, 0, 0, 0.481395, -0.0126811, 0.140722, 0.486346, -0.0158237, 0.142576, 0.996195, -3.71201e-12, -0.0871557, -4.46982e-12, -1, -8.49977e-12, -0.0871557, 8.857e-12, -0.996195, 0
12.14, 2025-07-03__00-38-58.422110, -0.0470541, -0.0816816, 0.0334942, -2.29046, -0.023, 2.14996, 0.731721, -0.000707534, 0.00123877, 0.00121576, -0.00057183, -9.58709e-05, 2.75948e-05, -0.000184701, -0.113673, -0.663008, -0.0294558, 0.83421, -0.690841, 0.782417, 0.363434, 0, 0, 0, 0, 0, 0, 0, 0.481395, -0.01268, 0.140723, 0.486346, -0.0158237, 0.142576, 0.996195, -3.71201e-12, -0.0871557, -4.46982e-12, -1, -8.49977e-12, -0.0871557, 8.857e-12, -0.996195, 0
12.15, 2025-07-03__00-38-58.432095, -0.0470542, -0.0816831, 0.0334921, -2.29046, -0.0229999, 2.14996, 0.731717, -0.000929724, 5.26755e-05, 0.00104174, 0.00123414, -4.03033e-05, 0.00118301, -0.00630103, -0.105055, -0.588042, -0.0205983, 0.774135, -0.69172, 0.766572, 0.400614, 0, 0, 0, 0, 0, 0, 0, 0.481395, -0.0126788, 0.140723, 0.486346, -0.0158237, 0.142576, 0.996195, -3.71201e-12, -0.0871557, -4.46982e-12, -1, -8.49977e-12, -0.0871557, 8.857e-12, -0.996195, 0
12.16, 2025-07-03__00-38-58.442114, -0.047051, -0.0816825, 0.033497, -2.29045, -0.0230004, 2.14996, 0.731727, -0.0024535, 0.00147368, 0.00157836, 0.00235219, -5.81277e-05, 0.000217261, 0.000768672, -0.0828625, -0.620964, 0.00133467, 0.775916, -0.692293, 0.772457, 0.357146, 0, 0, 0, 0, 0, 0, 0, 0.481396, -0.0126769, 0.140724, 0.486346, -0.0158237, 0.142576, 0.996195, -3.71201e-12, -0.0871557, -4.46982e-12, -1, -8.49977e-12, -0.0871557, 8.857e-12, -0.996195, 0
12.17, 2025-07-03__00-38-58.452114, -0.0470511, -0.0816823, 0.0334887, -2.29046, -0.0229994, 2.14996, 0.731728, -0.000616131, 0.000374123, -0.0010459, -0.000497832, 0.000233135, 0.000125706, 0.00607978, -0.0641579, -0.631925, 0.0217117, 0.816906, -0.693547, 0.779671, 0.324909, 0, 0, 0, 0, 0, 0, 0, 0.4814, -0.0126793, 0.140727, 0.486346, -0.0158237, 0.142576, 0.996195, -3.71201e-12, -0.0871557, -4.46982e-12, -1, -8.49977e-12, -0.0871557, 8.857e-12, -0.996195, 0
12.18, 2025-07-03__00-38-58.462112, -0.0470533, -0.0816876, 0.0334941, -2.29046, -0.0230013, 2.14996, 0.731722, -0.000903695, -0.000904582, 0.000373759, -0.000962561, -0.00105834, -0.000471695, -0.00359032, -0.092026, -0.593145, -0.00731106, 0.807034, -0.684741, 0.782488, 0.384003, 0, 0, 0, 0, 0, 0, 0, 0.481395, -0.0126779, 0.140723, 0.486346, -0.0158237, 0.142576, 0.996195, -3.71201e-12, -0.0871557, -4.46982e-12, -1, -8.49977e-12, -0.0871557, 8.857e-12, -0.996195, 0
12.19, 2025-07-03__00-38-58.472114, -0.0470488, -0.0816906, 0.0334891, -2.29046, -0.0230038, 2.14996, 0.731729, 0.000104514, -0.00203882, -4.76777e-05, -0.000266121, -0.00947886, -9.30004e-05, -0.000141558, -0.105235, -0.540349, -0.0204305, 0.775902, -0.632691, 0.774985, 0.363256, 0, 0, 0, 0, 0, 0, 0, 0.481395, -0.0126783, 0.140722, 0.486346, -0.0158237, 0.142576, 0.996195, -3.71201e-12, -0.0871557, -4.46982e-12, -1, -8.49977e-12, -0.0871557, 8.857e-12, -0.996195, 0
12.2, 2025-07-03__00-38-58.482112, -0.0470543, -0.0816795, 0.0334968, -2.29046, -0.0230003, 2.14996, 0.731733, -0.00120268, 0.00107262, 0.00179432, 0.00087711, -0.00084255, 0.00020153, 0.00116483, -0.115773, -0.633287, -0.0319404, 0.802297, -0.686919, 0.776435, 0.354581, 0, 0, 0, 0, 0, 0, 0, 0.481395, -0.0126808, 0.140722, 0.486346, -0.0158237, 0.142576, 0.996195, -3.71201e-12, -0.0871557, -4.46982e-12, -1, -8.49977e-12, -0.0871557, 8.857e-12, -0.996195, 0
12.21, 2025-07-03__00-38-58.492119, -0.0470514, -0.0816854, 0.0334942, -2.29046, -0.023, 2.14996, 0.731729, -0.000513255, -0.000648067, 0.00132868, -0.000410029, 0.000226988, -5.24645e-05, -0.000612251, -0.122533, -0.591682, -0.038456, 0.798983, -0.693306, 0.778366, 0.365525, 0, 0, 0, 0, 0, 0, 0, 0.481395, -0.0126821, 0.140722, 0.486346, -0.0158237, 0.142576, 0.996195, -3.71201e-12, -0.0871557, -4.46982e-12, -1, -8.49977e-12, -0.0871557, 8.857e-12, -0.996195, 0
12.22, 2025-07-03__00-38-58.502113, -0.0470534, -0.0816825, 0.0334922, -2.29046, -0.023, 2.14996, 0.731726, -0.000158648, -0.000460609, 0.000169031, 0.000704371, 1.28215e-05, 9.35473e-05, -0.00155879, -0.10303, -0.58114, -0.0180439, 0.77947, -0.692314, 0.774503, 0.371378, 0, 0, 0, 0, 0, 0, 0, 0.481395, -0.0126791, 0.140721, 0.486346, -0.0158237, 0.142576, 0.996195, -3.71201e-12, -0.0871557, -4.46982e-12, -1, -8.49977e-12, -0.0871557, 8.857e-12, -0.996195, 0
12.23, 2025-07-03__00-38-58.512115, -0.0470465, -0.0816907, 0.0334906, -2.29046, -0.023, 2.14996, 0.731733, 0.00123317, -0.00150148, -0.000150565, -0.000610327, -9.81266e-05, 7.08311e-05, 0.000974088, -0.129383, -0.562372, -0.0443241, 0.78757, -0.691509, 0.77613, 0.355686, 0, 0, 0, 0, 0, 0, 0, 0.481396, -0.0126797, 0.140724, 0.486346, -0.0158237, 0.142576, 0.996195, -3.71201e-12, -0.0871557, -4.46982e-12, -1, -8.49977e-12, -0.0871557, 8.857e-12, -0.996195, 0
12.24, 2025-07-03__00-38-58.522112, -0.0470535, -0.0816853, 0.0334943, -2.29046, -0.0230026, 2.14996, 0.731736, 0.000117822, 0.000395661, 0.000436189, -2.1447e-05, 0.000378822, -2.67212e-05, 4.86282e-05, -0.115278, -0.622472, -0.0305637, 0.8083, -0.694161, 0.779231, 0.361108, 0, 0, 0, 0, 0, 0, 0, 0.481396, -0.0126782, 0.140724, 0.486346, -0.0158237, 0.142576, 0.996195, -3.71201e-12, -0.0871557, -4.46982e-12, -1, -8.49977e-12, -0.0871557, 8.857e-12, -0.996195, 0
12.25, 2025-07-03__00-38-58.532113, -0.0470489, -0.0816854, 0.0334912, -2.29046, -0.0230008, 2.14996, 0.731736, -0.00188018, 0.000390898, 0.000762503, 0.000282721, -0.000181696, 0.00130594, 0.000547152, -0.0778036, -0.615572, 0.00679776, 0.797858, -0.690808, 0.769206, 0.357984, 0, 0, 0, 0, 0, 0, 0, 0.481396, -0.0126804, 0.140724, 0.486346, -0.0158237, 0.142576, 0.996195, -3.71201e-12, -0.0871557, -4.46982e-12, -1, -8.49977e-12, -0.0871557, 8.857e-12, -0.996195, 0
12.26, 2025-07-03__00-38-58.542115, -0.0470545, -0.0816819, 0.0334935, -2.29046, -0.023, 2.14996, 0.731733, -0.00150473, 0.00130562, 0.000372069, -0.000122454, 0.000181265, -0.00160446, -0.000964849, -0.0760354, -0.662342, 0.00881445, 0.830634, -0.692745, 0.792562, 0.367394, 0, 0, 0, 0, 0, 0, 0, 0.481395, -0.0126777, 0.140722, 0.486346, -0.0158237, 0.142576, 0.996195, -3.71201e-12, -0.0871557, -4.46982e-12, -1, -8.49977e-12, -0.0871557, 8.857e-12, -0.996195, 0
12.27, 2025-07-03__00-38-58.552114, -0.0470517, -0.0816857, 0.0334968, -2.29046, -0.0230049, 2.14996, 0.731735, 0.000277681, -0.000966327, 0.00168091, -0.00236626, -0.00972911, -0.000225496, -0.000566631, -0.149107, -0.614279, -0.0657559, 0.83819, -0.630052, 0.784543, 0.365725, 0, 0, 0, 0, 0, 0, 0, 0.481395, -0.0126811, 0.140723, 0.486346, -0.0158237, 0.142576, 0.996195, -3.71201e-12, -0.0871557, -4.46982e-12, -1, -8.49977e-12, -0.0871557, 8.857e-12, -0.996195, 0
12.28, 2025-07-03__00-38-58.562114, -0.0470488, -0.0816879, 0.0334906, -2.29046, -0.0229999, 2.14996, 0.731739, -0.000460577, -0.000704604, -0.000472603, 0.000302714, 0.00368683, -0.000199871, 0.000602951, -0.0826423, -0.577767, 0.00285775, 0.78165, -0.71536, 0.777196, 0.357222, 0, 0, 0, 0, 0, 0, 0, 0.481396, -0.0126795, 0.140724, 0.486346, -0.0158237, 0.142576, 0.996195, -3.71201e-12, -0.0871557, -4.46982e-12, -1, -8.49977e-12, -0.0871557, 8.857e-12, -0.996195, 0
12.29, 2025-07-03__00-38-58.572115, -0.0470493, -0.0816878, 0.0334894, -2.29046, -0.0230007, 2.14996, 0.731743, -0.00236404, -0.000695586, 0.000152156, -0.00136197, -9.93946e-05, 0.000318616, 0.00137959, -0.0535314, -0.606361, 0.031383, 0.815228, -0.690904, 0.778713, 0.352506, 0, 0, 0, 0, 0, 0, 0, 0.481397, -0.0126774, 0.140726, 0.486346, -0.0158237, 0.142576, 0.996195, -3.71201e-12, -0.0871557, -4.46982e-12, -1, -8.49977e-12, -0.0871557, 8.857e-12, -0.996195, 0
12.3, 2025-07-03__00-38-58.582115, -0.047051, -0.0816826, 0.033489, -2.29046, -0.0230011, 2.14996, 0.731739, -0.000725298, 0.00144547, -0.000410578, 0.0009885, -0.000137543, 3.2306e-05, -0.000241432, -0.0754097, -0.645095, 0.0100568, 0.80546, -0.691185, 0.778155, 0.36262, 0, 0, 0, 0, 0, 0, 0, 0.481396, -0.0126804, 0.140724, 0.486346, -0.0158237, 0.142576, 0.996195, -3.71201e-12, -0.0871557, -4.46982e-12, -1, -8.49977e-12, -0.0871557, 8.857e-12, -0.996195, 0
12.31, 2025-07-03__00-38-58.592116, -0.0470511, -0.0816854, 0.0334908, -2.29046, -0.023, 2.14996, 0.731739, -0.00143765, 0.000430537, 0.000216731, -0.00179044, -3.12962e-05, 2.74583e-05, 0.000118577, -0.0752423, -0.654397, 0.00959376, 0.844222, -0.690956, 0.784433, 0.360488, 0, 0, 0, 0, 0, 0, 0, 0.481396, -0.0126774, 0.140724, 0.486346, -0.0158237, 0.142576, 0.996195, -3.71201e-12, -0.0871557, -4.46982e-12, -1, -8.49977e-12, -0.0871557, 8.857e-12, -0.996195, 0
12.32, 2025-07-03__00-38-58.602112, -0.0470488, -0.0816854, 0.0334908, -2.29046, -0.023, 2.14996, 0.731743, 0.000453643, -6.99325e-05, -0.000115989, -0.000317444, -1.60337e-05, 0.000159215, -0.00575371, -0.11133, -0.610742, -0.0262739, 0.806152, -0.691437, 0.77799, 0.395856, 0, 0, 0, 0, 0, 0, 0, 0.481396, -0.0126775, 0.140723, 0.486346, -0.0158237, 0.142576, 0.996195, -3.71201e-12, -0.0871557, -4.46982e-12, -1, -8.49977e-12, -0.0871557, 8.857e-12, -0.996195, 0
12.33, 2025-07-03__00-38-58.612116, -0.0470487, -0.0816857, 0.0334914, -2.29046, -0.023, 2.14996, 0.731742, 0.00155078, -0.000704335, -0.000555457, 0.000138422, 3.97422e-05, -6.06163e-05, -0.000500216, -0.126376, -0.580371, -0.0410165, 0.786915, -0.69249, 0.776593, 0.364095, 0, 0, 0, 0, 0, 0, 0, 0.481396, -0.01268, 0.140724, 0.486346, -0.0158237, 0.142576, 0.996195, -3.71201e-12, -0.0871557, -4.46982e-12, -1, -8.49977e-12, -0.0871557, 8.857e-12, -0.996195, 0
12.34, 2025-07-03__00-38-58.622115, -0.0470513, -0.0816879, 0.0334913, -2.29046, -0.0230008, 2.14996, 0.73174, -0.000724364, -0.00022589, 0.000303041, 0.000335996, -0.000320687, 0.000251861, -0.000459678, -0.0934061, -0.593669, -0.00855394, 0.789474, -0.690085, 0.774911, 0.363907, 0, 0, 0, 0, 0, 0, 0, 0.481396, -0.0126793, 0.140724, 0.486346, -0.0158237, 0.142576, 0.996195, -3.71201e-12, -0.0871557, -4.46982e-12, -1, -8.49977e-12, -0.0871557, 8.857e-12, -0.996195, 0
12.35, 2025-07-03__00-38-58.632114, -0.047051, -0.0816823, 0.0334912, -2.29045, -0.0230032, 2.14996, 0.731743, -6.29726e-05, 0.00124649, 0.000872171, 0.00685491, 0.00518719, -0.000222546, -0.000303042, -0.118976, -0.536624, -0.0339804, 0.680579, -0.726982, 0.761297, 0.36235, 0, 0, 0, 0, 0, 0, 0, 0.481395, -0.0126792, 0.140723, 0.486346, -0.0158237, 0.142576, 0.996195, -3.71201e-12, -0.0871557, -4.46982e-12, -1, -8.49977e-12, -0.0871557, 8.857e-12, -0.996195, 0
12.36, 2025-07-03__00-38-58.642113, -0.0470536, -0.0816854, 0.0334921, -2.29046, -0.0230031, 2.14996, 0.731745, -0.00208689, 0.000206461, 0.000739351, -0.000254894, 0.00104993, -4.92566e-05, 1.33841e-05, -0.0719478, -0.620823, 0.0126088, 0.80922, -0.698207, 0.77984, 0.360654, 0, 0, 0, 0, 0, 0, 0, 0.481401, -0.0126767, 0.140729, 0.486346, -0.0158237, 0.142576, 0.996195, -3.71201e-12, -0.0871557, -4.46982e-12, -1, -8.49977e-12, -0.0871557, 8.857e-12, -0.996195, 0
12.37, 2025-07-03__00-38-58.652115, -0.0470501, -0.0816854, 0.0334894, -2.29046, -0.0230004, 2.14996, 0.73175, -0.00755813, -0.000315689, -0.000299272, 0.000256239, 0.00016425, 0.000148778, 0.00042425, 0.0749578, -0.597919, 0.160487, 0.788382, -0.692902, 0.77624, 0.357526, 0, 0, 0, 0, 0, 0, 0, 0.481396, -0.0126755, 0.140723, 0.486346, -0.0158237, 0.142576, 0.996195, -3.71201e-12, -0.0871557, -4.46982e-12, -1, -8.49977e-12, -0.0871557, 8.857e-12, -0.996195, 0
12.38, 2025-07-03__00-38-58.662115, -0.0470518, -0.0816907, 0.0334943, -2.29046, -0.0230001, 2.14996, 0.731745, -7.94152e-05, -0.00129742, 7.39439e-05, -0.000227383, 0.000402406, 0.000402551, -9.42005e-05, -0.104268, -0.563186, -0.0193524, 0.781809, -0.694675, 0.77322, 0.36136, 0, 0, 0, 0, 0, 0, 0, 0.481396, -0.0126807, 0.140724, 0.486346, -0.0158237, 0.142576, 0.996195, -3.71201e-12, -0.0871557, -4.46982e-12, -1, -8.49977e-12, -0.0871557, 8.857e-12, -0.996195, 0
12.39, 2025-07-03__00-38-58.672115, -0.047054, -0.0816853, 0.0334943, -2.29046, -0.0229998, 2.14997, 0.731749, -0.000670621, 0.00025047, 0.000874073, 0.00105395, 0.000559457, 0.000374068, -0.000433207, -0.107157, -0.598437, -0.022687, 0.78246, -0.695921, 0.772235, 0.363195, 0, 0, 0, 0, 0, 0, 0, 0.481395, -0.0126795, 0.140723, 0.486346, -0.0158237, 0.142576, 0.996195, -3.71201e-12, -0.0871557, -4.46982e-12, -1, -8.49977e-12, -0.0871557, 8.857e-12, -0.996195, 0
12.4, 2025-07-03__00-38-58.682115, -0.0470517, -0.0816851, 0.033489, -2.29046, -0.0230001, 2.14996, 0.731752, -0.000244912, -1.60811e-05, -0.00068068, -0.00130573, 7.97186e-05, -0.000331264, 0.000962424, -0.0814166, -0.63107, 0.00400622, 0.828035, -0.692063, 0.784438, 0.354602, 0, 0, 0, 0, 0, 0, 0, 0.481395, -0.0126793, 0.140723, 0.486346, -0.0158237, 0.142576, 0.996195, -3.71201e-12, -0.0871557, -4.46982e-12, -1, -8.49977e-12, -0.0871557, 8.857e-12, -0.996195, 0
12.41, 2025-07-03__00-38-58.692114, -0.0470535, -0.0816824, 0.0334915, -2.29046, -0.0230005, 2.14996, 0.731752, 0.00429133, 0.000978303, -0.000438788, 0.000364152, 1.7182e-05, -5.82533e-05, 0.000212075, -0.18865, -0.635686, -0.103462, 0.811632, -0.692349, 0.779317, 0.359415, 0, 0, 0, 0, 0, 0, 0, 0.481395, -0.0126785, 0.140723, 0.486346, -0.0158237, 0.142576, 0.996195, -3.71201e-12, -0.0871557, -4.46982e-12, -1, -8.49977e-12, -0.0871557, 8.857e-12, -0.996195, 0
12.42, 2025-07-03__00-38-58.702116, -0.0470489, -0.0816801, 0.0334932, -2.29046, -0.0230036, 2.14997, 0.73175, 0.000878734, 0.00170876, 0.0006334, -0.0021913, -3.79521e-06, 0.000270552, -0.000823051, -0.137344, -0.705797, -0.0529655, 0.874183, -0.690613, 0.785941, 0.365765, 0, 0, 0, 0, 0, 0, 0, 0.481401, -0.0126796, 0.140727, 0.486346, -0.0158237, 0.142576, 0.996195, -3.71201e-12, -0.0871557, -4.46982e-12, -1, -8.49977e-12, -0.0871557, 8.857e-12, -0.996195, 0
12.43, 2025-07-03__00-38-58.712114, -0.0470542, -0.0816879, 0.0334914, -2.29046, -0.0230001, 2.14996, 0.731748, -0.000606328, -0.000114, 0.000693456, 0.000666178, 0.000201061, 0.000195418, -0.000225848, -0.104119, -0.591801, -0.0195421, 0.784742, -0.693573, 0.774501, 0.362015, 0, 0, 0, 0, 0, 0, 0, 0.481396, -0.0126815, 0.140724, 0.486346, -0.0158237, 0.142576, 0.996195, -3.71201e-12, -0.0871557, -4.46982e-12, -1, -8.49977e-12, -0.0871557, 8.857e-12, -0.996195, 0
12.44, 2025-07-03__00-38-58.722113, -0.0470517, -0.0816854, 0.0334915, -2.29046, -0.0229994, 2.14996, 0.731752, 9.02653e-05, 0.000510916, 0.000714978, -0.000961242, 0.000298982, -0.000154253, 0.000873018, -0.120779, -0.642305, -0.0363426, 0.829674, -0.69356, 0.783169, 0.355224, 0, 0, 0, 0, 0, 0, 0, 0.481396, -0.0126801, 0.140724, 0.486346, -0.0158237, 0.142576, 0.996195, -3.71201e-12, -0.0871557, -4.46982e-12, -1, -8.49977e-12, -0.0871557, 8.857e-12, -0.996195, 0
12.45, 2025-07-03__00-38-58.732113, -0.0470567, -0.0816876, 0.0334862, -2.29046, -0.0229994, 2.14996, 0.731757, -0.00116447, -0.000429412, -0.00057696, 2.55693e-05, 0.000439338, 5.61182e-05, 0.00148528, -0.0611974, -0.592928, 0.0242776, 0.792245, -0.694996, 0.776842, 0.351017, 0, 0, 0, 0, 0, 0, 0, 0.481396, -0.0126804, 0.140724, 0.486346, -0.0158237, 0.142576, 0.996195, -3.71201e-12, -0.0871557, -4.46982e-12, -1, -8.49977e-12, -0.0871557, 8.857e-12, -0.996195, 0
12.46, 2025-07-03__00-38-58.742118, -0.0470517, -0.0816832, 0.0334884, -2.29046, -0.0230032, 2.14996, 0.731755, 0.000803522, -0.000186261, -0.0001923, 0.000692905, 0.000100083, -0.000171486, 0.000568597, -0.115748, -0.59091, -0.0306132, 0.784991, -0.692943, 0.776825, 0.356874, 0, 0, 0, 0, 0, 0, 0, 0.481395, -0.0126806, 0.140722, 0.486346, -0.0158237, 0.142576, 0.996195, -3.71201e-12, -0.0871557, -4.46982e-12, -1, -8.49977e-12, -0.0871557, 8.857e-12, -0.996195, 0
12.47, 2025-07-03__00-38-58.752115, -0.0470525, -0.0816826, 0.0334886, -2.29045, -0.0230014, 2.14997, 0.731753, -0.000393786, 0.000967789, -0.000661582, 0.00131938, -3.73703e-05, 0.000623192, -0.000180026, -0.077041, -0.619285, 0.00856775, 0.786584, -0.692123, 0.771063, 0.3614, 0, 0, 0, 0, 0, 0, 0, 0.481396, -0.0126798, 0.140723, 0.486346, -0.0158237, 0.142576, 0.996195, -3.71201e-12, -0.0871557, -4.46982e-12, -1, -8.49977e-12, -0.0871557, 8.857e-12, -0.996195, 0
12.48, 2025-07-03__00-38-58.762115, -0.0470543, -0.0816854, 0.0334908, -2.29046, -0.0230001, 2.14996, 0.731759, 0.00115781, 8.37901e-05, -0.00148055, -0.000625503, 1.60831e-05, -0.000119341, 0.00281191, -0.0945096, -0.622283, -0.00855174, 0.81531, -0.69213, 0.78102, 0.343007, 0, 0, 0, 0, 0, 0, 0, 0.481395, -0.0126789, 0.140722, 0.486346, -0.0158237, 0.142576, 0.996195, -3.71201e-12, -0.0871557, -4.46982e-12, -1, -8.49977e-12, -0.0871557, 8.857e-12, -0.996195, 0
12.49, 2025-07-03__00-38-58.772112, -0.0470498, -0.0816854, 0.0334918, -2.29046, -0.0230028, 2.14996, 0.731752, 0.00108264, -0.000238381, 0.000655382, 0.000598153, 0.000226635, 4.02785e-05, -0.00107415, -0.142653, -0.588586, -0.0581535, 0.785332, -0.69361, 0.775457, 0.367033, 0, 0, 0, 0, 0, 0, 0, 0.481395, -0.0126808, 0.140722, 0.486346, -0.0158237, 0.142576, 0.996195, -3.71201e-12, -0.0871557, -4.46982e-12, -1, -8.49977e-12, -0.0871557, 8.857e-12, -0.996195, 0
12.5, 2025-07-03__00-38-58.782116, -0.0470574, -0.0816854, 0.0334911, -2.29046, -0.0230014, 2.14996, 0.731758, -0.000204389, 0.000422082, 0.000756374, -0.000131265, 1.36877e-05, -0.000351932, -0.000466512, -0.113565, -0.625979, -0.0291409, 0.812101, -0.69195, 0.781859, 0.36299, 0, 0, 0, 0, 0, 0, 0, 0.481396, -0.0126843, 0.140724, 0.486346, -0.0158237, 0.142576, 0.996195, -3.71201e-12, -0.0871557, -4.46982e-12, -1, -8.49977e-12, -0.0871557, 8.857e-12, -0.996195, 0
12.51, 2025-07-03__00-38-58.792115, -0.0470547, -0.0816832, 0.0334935, -2.29046, -0.0230056, 2.14996, 0.731756, 0.000523746, -0.000494838, 0.000546128, -0.000161341, -0.000492078, 2.49887e-05, -0.000412809, -0.127051, -0.59356, -0.042572, 0.796956, -0.688713, 0.777393, 0.362839, 0, 0, 0, 0, 0, 0, 0, 0.481399, -0.0126832, 0.140724, 0.486346, -0.0158237, 0.142576, 0.996195, -3.71201e-12, -0.0871557, -4.46982e-12, -1, -8.49977e-12, -0.0871557, 8.857e-12, -0.996195, 0
12.52, 2025-07-03__00-38-58.802111, -0.0470528, -0.0816879, 0.0334914, -2.29046, -0.0230012, 2.14996, 0.731762, 0.000579877, -0.0007021, 0.000320385, -9.73253e-07, 4.0392e-05, -0.000279937, 0.0010062, -0.123217, -0.58246, -0.0385327, 0.790058, -0.692527, 0.778454, 0.353818, 0, 0, 0, 0, 0, 0, 0, 0.481399, -0.0126812, 0.140724, 0.486346, -0.0158237, 0.142576, 0.996195, -3.71201e-12, -0.0871557, -4.46982e-12, -1, -8.49977e-12, -0.0871557, 8.857e-12, -0.996195, 0
12.53, 2025-07-03__00-38-58.812112, -0.0470527, -0.0816878, 0.0334943, -2.29046, -0.0230043, 2.14996, 0.731761, 0.000133283, -0.000579469, 0.000725482, -0.00121419, 1.07474e-05, 2.10794e-05, 0.00179819, -0.12314, -0.606467, -0.0388347, 0.815769, -0.691661, 0.780321, 0.349117, 0, 0, 0, 0, 0, 0, 0, 0.481395, -0.01268, 0.140723, 0.486346, -0.0158237, 0.142576, 0.996195, -3.71201e-12, -0.0871557, -4.46982e-12, -1, -8.49977e-12, -0.0871557, 8.857e-12, -0.996195, 0
12.54, 2025-07-03__00-38-58.822110, -0.0470543, -0.0816804, 0.033489, -2.29046, -0.0230018, 2.14996, 0.731763, -0.00107693, 0.00177237, -0.000871068, 0.000254714, -0.000195593, -0.000424846, 0.00120783, -0.0560323, -0.671273, 0.0296478, 0.827289, -0.690616, 0.784291, 0.352468, 0, 0, 0, 0, 0, 0, 0, 0.481399, -0.01268, 0.140725, 0.486346, -0.0158237, 0.142576, 0.996195, -3.71201e-12, -0.0871557, -4.46982e-12, -1, -8.49977e-12, -0.0871557, 8.857e-12, -0.996195, 0
12.55, 2025-07-03__00-38-58.832110, -0.047055, -0.0816854, 0.0334933, -2.29046, -0.0230036, 2.14996, 0.731757, -0.000441256, -0.000246987, 0.000397998, -2.63896e-05, 9.55736e-05, -0.000236649, 0.00259418, -0.101414, -0.600497, -0.0167418, 0.7982, -0.692682, 0.77929, 0.344452, 0, 0, 0, 0, 0, 0, 0, 0.481395, -0.0126833, 0.140723, 0.486346, -0.0158237, 0.142576, 0.996195, -3.71201e-12, -0.0871557, -4.46982e-12, -1, -8.49977e-12, -0.0871557, 8.857e-12, -0.996195, 0
12.56, 2025-07-03__00-38-58.842118, -0.047052, -0.0816854, 0.0334919, -2.29046, -0.023005, 2.14997, 0.731764, -7.36361e-05, 0.000419797, 0.000770733, 0.00464753, -0.000157717, 0.000103918, -0.00227571, -0.11731, -0.544788, -0.0326327, 0.713883, -0.692576, 0.763492, 0.373502, 0, 0, 0, 0, 0, 0, 0, 0.481399, -0.0126818, 0.140724, 0.486346, -0.0158237, 0.142576, 0.996195, -3.71201e-12, -0.0871557, -4.46982e-12, -1, -8.49977e-12, -0.0871557, 8.857e-12, -0.996195, 0
12.57, 2025-07-03__00-38-58.852114, -0.0470543, -0.0816826, 0.0334866, -2.29045, -0.0230011, 2.14996, 0.731766, -3.92973e-05, 0.000571475, -0.00124276, 0.00183143, -0.000125424, -0.000301839, -0.00458219, -0.0713136, -0.599114, 0.0146694, 0.7728, -0.691654, 0.775826, 0.387313, 0, 0, 0, 0, 0, 0, 0, 0.481398, -0.0126801, 0.140722, 0.486346, -0.0158237, 0.142576, 0.996195, -3.71201e-12, -0.0871557, -4.46982e-12, -1, -8.49977e-12, -0.0871557, 8.857e-12, -0.996195, 0
12.58, 2025-07-03__00-38-58.862115, -0.0470525, -0.0816853, 0.0334912, -2.29046, -0.0230049, 2.14997, 0.731766, 0.000268149, 0.000603616, -0.00027289, 0.000470205, -0.000488506, -0.000194054, -0.000977164, -0.101819, -0.622314, -0.0166814, 0.802235, -0.688818, 0.778671, 0.365617, 0, 0, 0, 0, 0, 0, 0, 0.4814, -0.0126809, 0.140726, 0.486346, -0.0158237, 0.142576, 0.996195, -3.71201e-12, -0.0871557, -4.46982e-12, -1, -8.49977e-12, -0.0871557, 8.857e-12, -0.996195, 0
12.59, 2025-07-03__00-38-58.872112, -0.0470574, -0.0816853, 0.0334943, -2.29046, -0.0230013, 2.14997, 0.73177, -0.000846353, 5.47399e-05, 0.000887474, 0.0002251, -0.000371972, 3.45072e-05, 0.00125059, -0.102813, -0.606274, -0.0185093, 0.797295, -0.689892, 0.776626, 0.351866, 0, 0, 0, 0, 0, 0, 0, 0.481399, -0.0126792, 0.140724, 0.486346, -0.0158237, 0.142576, 0.996195, -3.71201e-12, -0.0871557, -4.46982e-12, -1, -8.49977e-12, -0.0871557, 8.857e-12, -0.996195, 0
12.6, 2025-07-03__00-38-58.882112, -0.0470548, -0.0816879, 0.0334914, -2.29046, -0.0230006, 2.14996, 0.731765, 0.00083047, 7.97718e-05, 0.000153686, -0.000217429, 0.000323698, 0.00012326, -0.00128065, -0.12433, -0.61298, -0.0395359, 0.806209, -0.693959, 0.778051, 0.367495, 0, 0, 0, 0, 0, 0, 0, 0.481402, -0.0126829, 0.14073, 0.486346, -0.0158237, 0.142576, 0.996195, -3.71201e-12, -0.0871557, -4.46982e-12, -1, -8.49977e-12, -0.0871557, 8.857e-12, -0.996195, 0
12.61, 2025-07-03__00-38-58.892112, -0.0470599, -0.0816854, 0.0334943, -2.29046, -0.0230044, 2.14997, 0.731765, -0.000946929, 0.000164691, 0.000801829, -0.000819086, 0.000216518, 0.000269115, -0.0012916, -0.0983834, -0.627179, -0.0140719, 0.819295, -0.692731, 0.77851, 0.367544, 0, 0, 0, 0, 0, 0, 0, 0.481399, -0.012683, 0.140725, 0.486346, -0.0158237, 0.142576, 0.996195, -3.71201e-12, -0.0871557, -4.46982e-12, -1, -8.49977e-12, -0.0871557, 8.857e-12, -0.996195, 0
12.62, 2025-07-03__00-38-58.902113, -0.0470518, -0.0816854, 0.0334942, -2.29046, -0.0230028, 2.14996, 0.731771, 0.00194125, 0.000762099, 0.000690045, -6.30922e-05, 0.000386036, -0.00041184, -0.00937643, -0.162806, -0.635663, -0.0784876, 0.817145, -0.693713, 0.782832, 0.416327, 0, 0, 0, 0, 0, 0, 0, 0.4814, -0.0126829, 0.140726, 0.486346, -0.0158237, 0.142576, 0.996195, -3.71201e-12, -0.0871557, -4.46982e-12, -1, -8.49977e-12, -0.0871557, 8.857e-12, -0.996195, 0
12.63, 2025-07-03__00-38-58.912112, -0.0470567, -0.0816853, 0.0334915, -2.29046, -0.0230023, 2.14996, 0.731776, -0.000440483, 0.00147969, -5.42186e-06, 0.000310302, -0.000185309, -0.000301341, 0.00504857, -0.0900296, -0.656764, -0.00504934, 0.820365, -0.691064, 0.782346, 0.328497, 0, 0, 0, 0, 0, 0, 0, 0.481399, -0.0126807, 0.140724, 0.486346, -0.0158237, 0.142576, 0.996195, -3.71201e-12, -0.0871557, -4.46982e-12, -1, -8.49977e-12, -0.0871557, 8.857e-12, -0.996195, 0
12.64, 2025-07-03__00-38-58.922116, -0.0470545, -0.0816907, 0.0334866, -2.29046, -0.0229998, 2.14996, 0.731773, -0.000861471, -0.00155594, -0.00166621, 0.000408942, 0.000364842, 0.000107882, -0.0020861, -0.0448361, -0.545826, 0.0413395, 0.764878, -0.694684, 0.772974, 0.371651, 0, 0, 0, 0, 0, 0, 0, 0.481395, -0.0126776, 0.140722, 0.486346, -0.0158237, 0.142576, 0.996195, -3.71201e-12, -0.0871557, -4.46982e-12, -1, -8.49977e-12, -0.0871557, 8.857e-12, -0.996195, 0
12.65, 2025-07-03__00-38-58.932113, -0.0470574, -0.0816826, 0.0334907, -2.29046, -0.0230043, 2.14996, 0.731774, -0.000634869, 0.000952066, -0.00084737, 0.000430879, 0.000129776, -0.000357524, 0.0017328, -0.0667287, -0.637816, 0.0188532, 0.809411, -0.692809, 0.781455, 0.348624, 0, 0, 0, 0, 0, 0, 0, 0.4814, -0.0126801, 0.140725, 0.486346, -0.0158237, 0.142576, 0.996195, -3.71201e-12, -0.0871557, -4.46982e-12, -1, -8.49977e-12, -0.0871557, 8.857e-12, -0.996195, 0
12.66, 2025-07-03__00-38-58.942130, -0.0470513, -0.0816805, 0.0334935, -2.29046, -0.023005, 2.14997, 0.731773, 0.00125351, 0.00709799, -0.00187373, -0.0015265, -4.39668e-05, 4.02275e-05, 0.000451531, -0.0845522, -0.88827, 0.00171422, 0.950719, -0.689726, 0.797071, 0.35668, 0, 0, 0, 0, 0, 0, 0, 0.481401, -0.0126805, 0.140727, 0.486346, -0.0158237, 0.142576, 0.996195, -3.71201e-12, -0.0871557, -4.46982e-12, -1, -8.49977e-12, -0.0871557, 8.857e-12, -0.996195, 0
12.67, 2025-07-03__00-38-58.952126, -0.0470504, -0.0816827, 0.0334913, -2.29046, -0.0230052, 2.14997, 0.731774, 0.00367024, -0.000697719, -0.000567631, 0.000674595, -9.33883e-05, 0.000167311, 0.000420149, -0.173357, -0.570523, -0.0881763, 0.776185, -0.691868, 0.772587, 0.356805, 0, 0, 0, 0, 0, 0, 0, 0.481399, -0.0126792, 0.140724, 0.486346, -0.0158237, 0.142576, 0.996195, -3.71201e-12, -0.0871557, -4.46982e-12, -1, -8.49977e-12, -0.0871557, 8.857e-12, -0.996195, 0
12.68, 2025-07-03__00-38-58.962124, -0.0470552, -0.0816932, 0.0334942, -2.29046, -0.0230041, 2.14997, 0.731775, -0.00127972, -0.00238638, 0.000772755, -4.42241e-05, -6.94961e-06, 0.0002402, 0.000260881, -0.0927598, -0.520953, -0.00844931, 0.759766, -0.692266, 0.770732, 0.357466, 0, 0, 0, 0, 0, 0, 0, 0.481401, -0.0126811, 0.140727, 0.486346, -0.0158237, 0.142576, 0.996195, -3.71201e-12, -0.0871557, -4.46982e-12, -1, -8.49977e-12, -0.0871557, 8.857e-12, -0.996195, 0
12.69, 2025-07-03__00-38-58.972124, -0.0470497, -0.0816928, 0.0334894, -2.29046, -0.0230051, 2.14997, 0.731775, 0.00147786, -0.00215516, -0.000520125, -0.00144455, -0.000120586, 0.000232568, -0.00140335, -0.126217, -0.551809, -0.0411462, 0.792377, -0.690831, 0.775475, 0.367664, 0, 0, 0, 0, 0, 0, 0, 0.481404, -0.0126809, 0.140727, 0.486346, -0.0158237, 0.142576, 0.996195, -3.71201e-12, -0.0871557, -4.46982e-12, -1, -8.49977e-12, -0.0871557, 8.857e-12, -0.996195, 0
12.7, 2025-07-03__00-38-58.982124, -0.0470546, -0.0816826, 0.0334894, -2.29047, -0.0230016, 2.14997, 0.731777, -0.00051813, 0.00109875, -0.000258339, -0.00353976, 3.07704e-06, 0.00023258, -0.00150814, -0.0841107, -0.709121, 0.000785374, 0.892412, -0.690257, 0.789427, 0.368243, 0, 0, 0, 0, 0, 0, 0, 0.481399, -0.012682, 0.140724, 0.486346, -0.0158237, 0.142576, 0.996195, -3.71201e-12, -0.0871557, -4.46982e-12, -1, -8.49977e-12, -0.0871557, 8.857e-12, -0.996195, 0
12.71, 2025-07-03__00-38-58.992116, -0.0470539, -0.0816829, 0.0334869, -2.29046, -0.0230044, 2.14997, 0.731778, -2.70806e-05, 0.000565605, -0.00128593, -0.000530774, -0.000186495, 0.00019548, -0.000346961, -0.0710987, -0.638586, 0.0147063, 0.820543, -0.690373, 0.779085, 0.361029, 0, 0, 0, 0, 0, 0, 0, 0.481399, -0.0126795, 0.140723, 0.486346, -0.0158237, 0.142576, 0.996195, -3.71201e-12, -0.0871557, -4.46982e-12, -1, -8.49977e-12, -0.0871557, 8.857e-12, -0.996195, 0
12.72, 2025-07-03__00-38-59.002113, -0.0470545, -0.0816826, 0.0334936, -2.29046, -0.0230036, 2.14996, 0.73178, -0.00116095, 0.000705292, 0.000773257, 0.00018416, -7.34869e-05, -0.000306892, 0.00289052, -0.0930077, -0.632225, -0.00862966, 0.810542, -0.691632, 0.781218, 0.34134, 0, 0, 0, 0, 0, 0, 0, 0.481399, -0.0126806, 0.140724, 0.486346, -0.0158237, 0.142576, 0.996195, -3.71201e-12, -0.0871557, -4.46982e-12, -1, -8.49977e-12, -0.0871557, 8.857e-12, -0.996195, 0
12.73, 2025-07-03__00-38-59.012111, -0.0470525, -0.0816854, 0.0334915, -2.29046, -0.0230023, 2.14997, 0.731778, 0.000161185, 0.000658327, 0.000566836, -0.0011597, -0.00020274, 0.000204268, -0.00207168, -0.118898, -0.650021, -0.0344912, 0.835003, -0.690043, 0.780978, 0.371605, 0, 0, 0, 0, 0, 0, 0, 0.481405, -0.0126825, 0.140729, 0.486346, -0.0158237, 0.142576, 0.996195, -3.71201e-12, -0.0871557, -4.46982e-12, -1, -8.49977e-12, -0.0871557, 8.857e-12, -0.996195, 0
12.74, 2025-07-03__00-38-59.022112, -0.0470566, -0.0816879, 0.0334834, -2.29045, -0.0230045, 2.14996, 0.731781, -0.00101582, -0.000786611, -0.00231384, 0.000618527, -0.000142292, 0.0003218, 0.00158472, -0.024606, -0.569151, 0.062046, 0.771166, -0.691483, 0.772221, 0.348956, 0, 0, 0, 0, 0, 0, 0, 0.481399, -0.0126785, 0.140724, 0.486346, -0.0158237, 0.142576, 0.996195, -3.71201e-12, -0.0871557, -4.46982e-12, -1, -8.49977e-12, -0.0871557, 8.857e-12, -0.996195, 0
12.75, 2025-07-03__00-38-59.032110, -0.0470521, -0.0816854, 0.0334918, -2.29046, -0.0230055, 2.14996, 0.731782, 0.00137811, 0.000261073, 0.000393205, -0.00181333, -0.00159688, -0.000385582, -0.0065382, -0.143182, -0.647917, -0.0588344, 0.844641, -0.680708, 0.786866, 0.398624, 0, 0, 0, 0, 0, 0, 0, 0.481399, -0.0126809, 0.140724, 0.486346, -0.0158237, 0.142576, 0.996195, -3.71201e-12, -0.0871557, -4.46982e-12, -1, -8.49977e-12, -0.0871557, 8.857e-12, -0.996195, 0
12.76, 2025-07-03__00-38-59.042113, -0.0470525, -0.0816854, 0.033494, -2.29046, -0.0230049, 2.14996, 0.731786, 0.000373484, -6.26872e-05, 0.000688767, -0.000109316, -0.000357233, -0.000553047, 0.000919665, -0.127023, -0.608394, -0.0427201, 0.804427, -0.68976, 0.782043, 0.353032, 0, 0, 0, 0, 0, 0, 0, 0.481395, -0.0126823, 0.140723, 0.486346, -0.0158237, 0.142576, 0.996195, -3.71201e-12, -0.0871557, -4.46982e-12, -1, -8.49977e-12, -0.0871557, 8.857e-12, -0.996195, 0
12.77, 2025-07-03__00-38-59.052109, -0.0470545, -0.0816886, 0.0334912, -2.29045, -0.0230042, 2.14997, 0.731779, -0.000482739, -0.00130901, -0.000574967, 0.000748116, 0.000270007, 0.000408658, -0.00154741, -0.0788622, -0.546037, 0.00647888, 0.759672, -0.694091, 0.769329, 0.368152, 0, 0, 0, 0, 0, 0, 0, 0.481399, -0.0126796, 0.140725, 0.486346, -0.0158237, 0.142576, 0.996195, -3.71201e-12, -0.0871557, -4.46982e-12, -1, -8.49977e-12, -0.0871557, 8.857e-12, -0.996195, 0
12.78, 2025-07-03__00-38-59.062112, -0.0470574, -0.0816879, 0.0334869, -2.29046, -0.0230055, 2.14997, 0.731781, -0.000614703, -0.000230172, -0.00113666, -0.000244569, -0.00542412, 0.000179964, -0.000982051, -0.0606985, -0.605011, 0.0248771, 0.802793, -0.657743, 0.776466, 0.365006, 0, 0, 0, 0, 0, 0, 0, 0.481396, -0.0126819, 0.140724, 0.486346, -0.0158237, 0.142576, 0.996195, -3.71201e-12, -0.0871557, -4.46982e-12, -1, -8.49977e-12, -0.0871557, 8.857e-12, -0.996195, 0
12.79, 2025-07-03__00-38-59.072110, -0.0470543, -0.0816854, 0.0334893, -2.29046, -0.0230019, 2.14996, 0.73178, -0.000915808, 0.000214201, -0.000125739, -0.000382253, -0.000572604, -0.000314982, 0.00534143, -0.0775771, -0.623769, 0.00742449, 0.813272, -0.688615, 0.781878, 0.326476, 0, 0, 0, 0, 0, 0, 0, 0.481399, -0.0126799, 0.140724, 0.486346, -0.0158237, 0.142576, 0.996195, -3.71201e-12, -0.0871557, -4.46982e-12, -1, -8.49977e-12, -0.0871557, 8.857e-12, -0.996195, 0
12.8, 2025-07-03__00-38-59.082110, -0.0470573, -0.0816827, 0.0334891, -2.29046, -0.0230055, 2.14997, 0.731787, -0.000470853, 0.000418624, -0.000356217, 0.000226359, -2.68235e-05, 0.0019156, -0.00738537, -0.0822829, -0.616854, 0.0028491, 0.79786, -0.69118, 0.764744, 0.40312, 0, 0, 0, 0, 0, 0, 0, 0.481394, -0.0126822, 0.140721, 0.486346, -0.0158237, 0.142576, 0.996195, -3.71201e-12, -0.0871557, -4.46982e-12, -1, -8.49977e-12, -0.0871557, 8.857e-12, -0.996195, 0
12.81, 2025-07-03__00-38-59.092111, -0.0470546, -0.0816907, 0.0334963, -2.29046, -0.0230039, 2.14997, 0.731789, -0.000207565, -0.00186568, 0.00164448, 0.000682974, -0.00012974, -0.000139197, 0.002139, -0.136659, -0.52763, -0.0530187, 0.755834, -0.691983, 0.772098, 0.345401, 0, 0, 0, 0, 0, 0, 0, 0.481398, -0.0126801, 0.140722, 0.486346, -0.0158237, 0.142576, 0.996195, -3.71201e-12, -0.0871557, -4.46982e-12, -1, -8.49977e-12, -0.0871557, 8.857e-12, -0.996195, 0
12.82, 2025-07-03__00-38-59.102110, -0.0470572, -0.0816808, 0.0334915, -2.29046, -0.0230023, 2.14996, 0.731788, -0.000463621, 0.00216913, -0.000107194, 0.000474453, -0.000152982, -0.000380202, 0.00560873, -0.0864916, -0.680387, -0.00145411, 0.829494, -0.691319, 0.783939, 0.324436, 0, 0, 0, 0, 0, 0, 0, 0.4814, -0.0126815, 0.140727, 0.486346, -0.0158237, 0.142576, 0.996195, -3.71201e-12, -0.0871557, -4.46982e-12, -1, -8.49977e-12, -0.0871557, 8.857e-12, -0.996195, 0
12.83, 2025-07-03__00-38-59.112113, -0.0470565, -0.0816854, 0.0334894, -2.29046, -0.0230043, 2.14997, 0.731786, -0.000861589, 0.00057514, -2.63477e-05, 7.26418e-05, -7.18259e-05, -0.000140481, -0.00152323, -0.0806438, -0.628326, 0.00428278, 0.809261, -0.691296, 0.779529, 0.3677, 0, 0, 0, 0, 0, 0, 0, 0.4814, -0.0126797, 0.140725, 0.486346, -0.0158237, 0.142576, 0.996195, -3.71201e-12, -0.0871557, -4.46982e-12, -1, -8.49977e-12, -0.0871557, 8.857e-12, -0.996195, 0
12.84, 2025-07-03__00-38-59.122110, -0.0470591, -0.08169, 0.0334887, -2.29046, -0.0230061, 2.14996, 0.731785, -0.00113943, -0.000716402, -0.00145919, -0.00194499, -0.000425462, -0.000268885, -0.00139824, -0.042458, -0.616235, 0.0433341, 0.828098, -0.688306, 0.78451, 0.366937, 0, 0, 0, 0, 0, 0, 0, 0.481405, -0.0126798, 0.140729, 0.486346, -0.0158237, 0.142576, 0.996195, -3.71201e-12, -0.0871557, -4.46982e-12, -1, -8.49977e-12, -0.0871557, 8.857e-12, -0.996195, 0
12.85, 2025-07-03__00-38-59.132111, -0.0470596, -0.0816854, 0.0334906, -2.29046, -0.0230011, 2.14997, 0.731789, -0.00173382, 0.000269603, -0.000268392, 0.000348238, 6.19064e-05, -2.80844e-05, -1.37087e-05, -0.0550738, -0.61334, 0.0300728, 0.797867, -0.692559, 0.777312, 0.358282, 0, 0, 0, 0, 0, 0, 0, 0.4814, -0.0126797, 0.140725, 0.486346, -0.0158237, 0.142576, 0.996195, -3.71201e-12, -0.0871557, -4.46982e-12, -1, -8.49977e-12, -0.0871557, 8.857e-12, -0.996195, 0
12.86, 2025-07-03__00-38-59.142114, -0.0470573, -0.0816861, 0.0334893, -2.29045, -0.0230042, 2.14996, 0.731791, -0.000511729, -0.00162567, 3.35169e-05, 0.00203113, 0.00036342, -0.000603124, 0.00123623, -0.090568, -0.516171, -0.00562117, 0.732306, -0.695524, 0.772351, 0.350595, 0, 0, 0, 0, 0, 0, 0, 0.481399, -0.0126806, 0.140725, 0.486346, -0.0158237, 0.142576, 0.996195, -3.71201e-12, -0.0871557, -4.46982e-12, -1, -8.49977e-12, -0.0871557, 8.857e-12, -0.996195, 0
12.87, 2025-07-03__00-38-59.152116, -0.0470528, -0.0816879, 0.0334883, -2.29046, -0.0230049, 2.14997, 0.731791, 0.000506947, -0.00317615, -0.0011898, -0.00140073, -0.000172579, 3.29674e-05, 0.00136219, -0.0885832, -0.518033, -0.00306911, 0.775398, -0.690944, 0.77469, 0.349903, 0, 0, 0, 0, 0, 0, 0, 0.481404, -0.012681, 0.140727, 0.486346, -0.0158237, 0.142576, 0.996195, -3.71201e-12, -0.0871557, -4.46982e-12, -1, -8.49977e-12, -0.0871557, 8.857e-12, -0.996195, 0
12.88, 2025-07-03__00-38-59.162117, -0.0470518, -0.0816826, 0.033497, -2.29045, -0.0230055, 2.14997, 0.731788, -0.000266281, 0.000972927, 0.00141317, 0.00166706, -0.000255675, -0.00289115, 0.00489728, -0.12828, -0.61941, -0.044345, 0.790962, -0.691274, 0.793927, 0.328844, 0, 0, 0, 0, 0, 0, 0, 0.481399, -0.0126787, 0.140724, 0.486346, -0.0158237, 0.142576, 0.996195, -3.71201e-12, -0.0871557, -4.46982e-12, -1, -8.49977e-12, -0.0871557, 8.857e-12, -0.996195, 0
12.89, 2025-07-03__00-38-59.172112, -0.0470548, -0.0816879, 0.0334943, -2.29045, -0.0230031, 2.14997, 0.731787, 0.000250855, -0.00109926, 0.00102074, 0.00185635, 0.000181996, 0.000593866, -0.000720666, -0.131798, -0.533183, -0.0476003, 0.740962, -0.694167, 0.764949, 0.362776, 0, 0, 0, 0, 0, 0, 0, 0.481395, -0.0126822, 0.140723, 0.486346, -0.0158237, 0.142576, 0.996195, -3.71201e-12, -0.0871557, -4.46982e-12, -1, -8.49977e-12, -0.0871557, 8.857e-12, -0.996195, 0
12.9, 2025-07-03__00-38-59.182116, -0.0470567, -0.0816854, 0.0334933, -2.29045, -0.0230015, 2.14997, 0.731791, -0.000460424, -0.00040202, 0.00137863, 0.00138817, 0.00020809, 8.86942e-05, 0.000927044, -0.122629, -0.567992, -0.0386747, 0.763915, -0.694215, 0.771382, 0.352577, 0, 0, 0, 0, 0, 0, 0, 0.481399, -0.0126833, 0.140724, 0.486346, -0.0158237, 0.142576, 0.996195, -3.71201e-12, -0.0871557, -4.46982e-12, -1, -8.49977e-12, -0.0871557, 8.857e-12, -0.996195, 0
12.91, 2025-07-03__00-38-59.192115, -0.04705, -0.0816833, 0.0334914, -2.29046, -0.0230001, 2.14997, 0.73179, 0.000805192, 0.00175357, 9.19567e-05, -0.00117028, 1.26546e-05, -0.000197524, 0.000124113, -0.122317, -0.69056, -0.0375857, 0.854942, -0.691542, 0.786085, 0.357625, 0, 0, 0, 0, 0, 0, 0, 0.481406, -0.0126808, 0.140732, 0.486346, -0.0158237, 0.142576, 0.996195, -3.71201e-12, -0.0871557, -4.46982e-12, -1, -8.49977e-12, -0.0871557, 8.857e-12, -0.996195, 0
12.92, 2025-07-03__00-38-59.202115, -0.0470553, -0.0816854, 0.0334908, -2.29046, -0.0230022, 2.14997, 0.731791, -0.00100098, 3.11098e-05, -0.000487324, -0.000206808, -0.00021688, 0.00718659, -0.00105573, -0.0685584, -0.598458, 0.0166766, 0.783394, -0.690382, 0.728755, 0.364375, 0, 0, 0, 0, 0, 0, 0, 0.481404, -0.0126814, 0.140728, 0.486346, -0.0158237, 0.142576, 0.996195, -3.71201e-12, -0.0871557, -4.46982e-12, -1, -8.49977e-12, -0.0871557, 8.857e-12, -0.996195, 0
12.93, 2025-07-03__00-38-59.212116, -0.0470549, -0.0816854, 0.0334943, -2.29046, -0.0230048, 2.14996, 0.73179, 0.000599412, -0.000207724, 0.00057102, 0.000188892, 3.83837e-05, -5.42492e-05, -0.000148032, -0.129123, -0.597074, -0.0447378, 0.794328, -0.692336, 0.777413, 0.359228, 0, 0, 0, 0, 0, 0, 0, 0.481399, -0.0126817, 0.140724, 0.486346, -0.0158237, 0.142576, 0.996195, -3.71201e-12, -0.0871557, -4.46982e-12, -1, -8.49977e-12, -0.0871557, 8.857e-12, -0.996195, 0
12.94, 2025-07-03__00-38-59.222113, -0.0470553, -0.0816857, 0.0334912, -2.29046, -0.023005, 2.14997, 0.731795, -0.00201438, 0.000434354, -0.000174042, -0.000121224, -4.14757e-05, 0.000200013, 0.00964637, -0.0514248, -0.626377, 0.0336249, 0.809143, -0.69212, 0.777297, 0.299422, 0, 0, 0, 0, 0, 0, 0, 0.4814, -0.0126796, 0.140725, 0.486346, -0.0158237, 0.142576, 0.996195, -3.71201e-12, -0.0871557, -4.46982e-12, -1, -8.49977e-12, -0.0871557, 8.857e-12, -0.996195, 0
12.95, 2025-07-03__00-38-59.232114, -0.0470567, -0.0816879, 0.0334883, -2.29046, -0.0230068, 2.14997, 0.731794, -0.000364541, -0.000639026, -0.0011494, 0.000132497, -0.000578523, 0.000313184, 0.000856362, -0.0668359, -0.582769, 0.0188171, 0.785908, -0.688409, 0.773556, 0.352784, 0, 0, 0, 0, 0, 0, 0, 0.481395, -0.0126819, 0.140723, 0.486346, -0.0158237, 0.142576, 0.996195, -3.71201e-12, -0.0871557, -4.46982e-12, -1, -8.49977e-12, -0.0871557, 8.857e-12, -0.996195, 0
12.96, 2025-07-03__00-38-59.242112, -0.0470574, -0.0816854, 0.0334943, -2.29046, -0.0230011, 2.14997, 0.731789, -0.000502148, 0.000310927, 0.000676231, -0.000688151, 8.39371e-05, 0.00012403, -0.00104383, -0.10595, -0.630256, -0.0216218, 0.819636, -0.692258, 0.779373, 0.364671, 0, 0, 0, 0, 0, 0, 0, 0.481399, -0.0126816, 0.140725, 0.486346, -0.0158237, 0.142576, 0.996195, -3.71201e-12, -0.0871557, -4.46982e-12, -1, -8.49977e-12, -0.0871557, 8.857e-12, -0.996195, 0
12.97, 2025-07-03__00-38-59.252115, -0.047052, -0.0816861, 0.0334943, -2.29045, -0.0230048, 2.14997, 0.731795, 0.000112575, -0.000100626, 0.000345282, 0.000799333, -1.45296e-05, 0.0004587, 0.000774806, -0.113419, -0.587856, -0.0288102, 0.77956, -0.692329, 0.771272, 0.353276, 0, 0, 0, 0, 0, 0, 0, 0.481395, -0.0126795, 0.140723, 0.486346, -0.0158237, 0.142576, 0.996195, -3.71201e-12, -0.0871557, -4.46982e-12, -1, -8.49977e-12, -0.0871557, 8.857e-12, -0.996195, 0
12.98, 2025-07-03__00-38-59.262114, -0.0470511, -0.0816854, 0.0334922, -2.29046, -0.0230042, 2.14997, 0.731794, 0.00143687, 0.000213289, 0.000711279, -0.000782275, 0.000309555, 0.000599914, -0.000446643, -0.151638, -0.625901, -0.0674215, 0.81881, -0.693608, 0.776014, 0.360858, 0, 0, 0, 0, 0, 0, 0, 0.481395, -0.012683, 0.140723, 0.486346, -0.0158237, 0.142576, 0.996195, -3.71201e-12, -0.0871557, -4.46982e-12, -1, -8.49977e-12, -0.0871557, 8.857e-12, -0.996195, 0
12.99, 2025-07-03__00-38-59.272112, -0.0470595, -0.0816854, 0.0334858, -2.29046, -0.0230055, 2.14997, 0.731794, -0.00048338, -0.000474743, -0.000152161, -0.000345947, -0.000326651, 0.000154945, 0.000105946, -0.0855501, -0.597212, -0.000616954, 0.799392, -0.689799, 0.776473, 0.357388, 0, 0, 0, 0, 0, 0, 0, 0.481399, -0.0126793, 0.140724, 0.486346, -0.0158237, 0.142576, 0.996195, -3.71201e-12, -0.0871557, -4.46982e-12, -1, -8.49977e-12, -0.0871557, 8.857e-12, -0.996195, 0
13, 2025-07-03__00-38-59.282117, -0.0470579, -0.0816856, 0.0334948, -2.29046, -0.0230048, 2.14997, 0.731795, -5.50998e-05, 0.000234218, 0.00136574, -0.000760325, -5.70777e-05, 0.000100386, 5.07009e-05, -0.131662, -0.627907, -0.0478968, 0.820195, -0.691279, 0.779477, 0.357783, 0, 0, 0, 0, 0, 0, 0, 0.481396, -0.0126818, 0.140725, 0.486346, -0.0158237, 0.142576, 0.996195, -3.71201e-12, -0.0871557, -4.46982e-12, -1, -8.49977e-12, -0.0871557, 8.857e-12, -0.996195, 0
13.01, 2025-07-03__00-38-59.292116, -0.0470549, -0.0816855, 0.0334914, -2.29045, -0.0230048, 2.14997, 0.731797, -7.84343e-05, 6.08094e-05, -0.000694356, 0.0015745, 0.000173035, 9.5154e-05, -0.000328551, -0.0839729, -0.582533, 0.00145473, 0.76738, -0.693709, 0.771891, 0.359754, 0, 0, 0, 0, 0, 0, 0, 0.481398, -0.012682, 0.140723, 0.486346, -0.0158237, 0.142576, 0.996195, -3.71201e-12, -0.0871557, -4.46982e-12, -1, -8.49977e-12, -0.0871557, 8.857e-12, -0.996195, 0
13.02, 2025-07-03__00-38-59.302114, -0.047055, -0.0816879, 0.0334883, -2.29046, -0.0230055, 2.14996, 0.731795, 0.00431786, -0.000852268, -0.000527227, -0.000951551, -0.000117545, -0.00012262, -0.000407193, -0.187656, -0.590734, -0.102698, 0.806989, -0.691107, 0.779748, 0.36068, 0, 0, 0, 0, 0, 0, 0, 0.481399, -0.0126867, 0.140724, 0.486346, -0.0158237, 0.142576, 0.996195, -3.71201e-12, -0.0871557, -4.46982e-12, -1, -8.49977e-12, -0.0871557, 8.857e-12, -0.996195, 0
13.03, 2025-07-03__00-38-59.312116, -0.0470585, -0.0816882, 0.0334942, -2.29046, -0.0230049, 2.14996, 0.731802, -0.000216706, -0.000955044, 0.000247392, -6.96893e-05, -0.000366479, -0.000278014, 0.00152629, -0.102922, -0.575109, -0.0183571, 0.787127, -0.689946, 0.778124, 0.348345, 0, 0, 0, 0, 0, 0, 0, 0.481404, -0.0126825, 0.140728, 0.486346, -0.0158237, 0.142576, 0.996195, -3.71201e-12, -0.0871557, -4.46982e-12, -1, -8.49977e-12, -0.0871557, 8.857e-12, -0.996195, 0
13.04, 2025-07-03__00-38-59.322112, -0.0470603, -0.0816879, 0.033494, -2.29046, -0.0230055, 2.14997, 0.731796, -0.0015531, -0.000378604, 0.000443166, 0.000324963, -0.00011826, 0.000377717, -0.000604272, -0.0763964, -0.588287, 0.00814183, 0.786212, -0.691287, 0.773095, 0.361511, 0, 0, 0, 0, 0, 0, 0, 0.481399, -0.0126816, 0.140725, 0.486346, -0.0158237, 0.142576, 0.996195, -3.71201e-12, -0.0871557, -4.46982e-12, -1, -8.49977e-12, -0.0871557, 8.857e-12, -0.996195, 0
13.05, 2025-07-03__00-38-59.332111, -0.0470545, -0.0816854, 0.0334921, -2.29046, -0.0230022, 2.14997, 0.731796, 0.0020837, 0.000812358, 0.000903781, 0.000475204, -0.000412373, 0.000589421, -0.000769922, -0.169118, -0.625815, -0.0849849, 0.803916, -0.689647, 0.773468, 0.36277, 0, 0, 0, 0, 0, 0, 0, 0.481396, -0.0126854, 0.140724, 0.486346, -0.0158237, 0.142576, 0.996195, -3.71201e-12, -0.0871557, -4.46982e-12, -1, -8.49977e-12, -0.0871557, 8.857e-12, -0.996195, 0
13.06, 2025-07-03__00-38-59.342118, -0.0470582, -0.0816826, 0.0334893, -2.29046, -0.0230048, 2.14997, 0.7318, -0.000476263, 0.00109332, -0.00028634, -0.000197646, -9.34873e-05, -0.000290511, -0.000375854, -0.0826453, -0.652493, 0.00239658, 0.824297, -0.691097, 0.782503, 0.359991, 0, 0, 0, 0, 0, 0, 0, 0.481399, -0.0126831, 0.140724, 0.486346, -0.0158237, 0.142576, 0.996195, -3.71201e-12, -0.0871557, -4.46982e-12, -1, -8.49977e-12, -0.0871557, 8.857e-12, -0.996195, 0
13.07, 2025-07-03__00-38-59.352113, -0.0470596, -0.0816855, 0.0334921, -2.29045, -0.0230048, 2.14997, 0.731803, -0.000892529, 0.000247426, 0.0004792, 0.00241884, 5.88982e-05, 5.93576e-05, 0.000528536, -0.0908468, -0.574888, -0.0062022, 0.753705, -0.693388, 0.76992, 0.354229, 0, 0, 0, 0, 0, 0, 0, 0.4814, -0.0126805, 0.140725, 0.486346, -0.0158237, 0.142576, 0.996195, -3.71201e-12, -0.0871557, -4.46982e-12, -1, -8.49977e-12, -0.0871557, 8.857e-12, -0.996195, 0
13.08, 2025-07-03__00-38-59.362126, -0.0470557, -0.0816854, 0.0334942, -2.29046, -0.0230055, 2.14997, 0.731805, -0.00177844, -0.000298939, -0.000845081, 0.000142183, -3.55962e-05, 8.90828e-05, -0.000291744, -0.101693, -0.588286, -0.017017, 0.788646, -0.691824, 0.774911, 0.355226, 0, 0, 0, 0, 0, 0, 0, 0.481399, -0.0126811, 0.140724, 0.486346, -0.0158237, 0.142576, 0.996195, -3.71201e-12, -0.0871557, -4.46982e-12, -1, -8.49977e-12, -0.0871557, 8.857e-12, -0.996195, 0
13.09, 2025-07-03__00-38-59.372126, -0.0470497, -0.0816903, 0.0334967, -2.29045, -0.0230055, 2.14996, 0.731809, 0.00363401, -0.00345938, 0.00457079, 0.00365889, -0.00102399, -0.0138366, 0.00752413, 1.3998, -38.9326, 1.34519, 23.1153, 0.0347634, -5.6749, 0.330643, 0, 0, 0, 0, 0, 0, 0, 0.4814, -0.0126792, 0.140726, 0.486346, -0.0158237, 0.742576, 0.996195, -3.71201e-12, -0.0871557, -4.46982e-12, -1, -8.49977e-12, -0.0871557, 8.857e-12, -0.996195, 0
13.1, 2025-07-03__00-38-59.382124, -0.0469929, -0.0819251, 0.0335557, -2.29007, -0.0230447, 2.14815, 0.7318, 0.00480975, -0.0423127, 0.00900363, 0.0661984, -0.00339547, -0.321092, 0.000161769, 1.27957, -37.3019, 1.2228, 22.0823, 0.0122776, -3.74618, 0.381633, 0, 0, 0, 0, 0, 0, 0, 0.4811, -0.012645, 0.140843, 0.486346, -0.0158237, 0.742576, 0.996195, -3.71201e-12, -0.0871557, -4.46982e-12, -1, -8.49977e-12, -0.0871557, 8.857e-12, -0.996195, 0
13.11, 2025-07-03__00-38-59.392118, -0.046906, -0.082951, 0.033679, -2.28821, -0.0230364, 2.14098, 0.731809, 0.00867948, -0.109712, 0.00966806, 0.225867, 0.00143799, -0.845868, 0.000746956, 1.2135, -33.8585, 1.16043, 19.1246, -0.111775, -0.454076, 0.379812, 0, 0, 0, 0, 0, 0, 0, 0.479821, -0.0125698, 0.141586, 0.486346, -0.0158237, 0.742576, 0.996195, -3.71201e-12, -0.0871557, -4.46982e-12, -1, -8.49977e-12, -0.0871557, 8.857e-12, -0.996195, 0
13.12, 2025-07-03__00-38-59.402124, -0.046826, -0.0844635, 0.0338189, -2.28502, -0.0230048, 2.1299, 0.731808, 0.0112557, -0.174978, 0.0155861, 0.335516, 0.0050715, -1.15044, 0.000411116, 1.04017, -31.1065, 0.983135, 16.4598, -0.206435, 1.62655, 0.37448, 0, 0, 0, 0, 0, 0, 0, 0.477874, -0.0125129, 0.142891, 0.486346, -0.0158237, 0.742576, 0.996195, -3.71201e-12, -0.0871557, -4.46982e-12, -1, -8.49977e-12, -0.0871557, 8.857e-12, -0.996195, 0
13.13, 2025-07-03__00-38-59.412127, -0.0467361, -0.0869704, 0.0339926, -2.28126, -0.0229942, 2.11754, 0.731814, 0.00861512, -0.261591, 0.0185585, 0.384901, 0.00896307, -1.23137, 0.00218027, 0.991859, -28.0657, 0.928047, 14.0191, -0.271136, 2.28306, 0.348064, 0, 0, 0, 0, 0, 0, 0, 0.475877, -0.0124463, 0.144841, 0.486346, -0.0158237, 0.742576, 0.996195, -3.71201e-12, -0.0871557, -4.46982e-12, -1, -8.49977e-12, -0.0871557, 8.857e-12, -0.996195, 0
13.14, 2025-07-03__00-38-59.422124, -0.0466673, -0.0896093, 0.0341715, -2.27683, -0.0229874, 2.1059, 0.731815, 0.0067182, -0.279346, 0.0186572, 0.449922, 0.00125771, -1.13066, 0.000986424, 1.01829, -26.6354, 0.9531, 11.9632, -0.248538, 1.67753, 0.336582, 0, 0, 0, 0, 0, 0, 0, 0.474444, -0.0123935, 0.147215, 0.486346, -0.0158237, 0.742576, 0.996195, -3.71201e-12, -0.0871557, -4.46982e-12, -1, -8.49977e-12, -0.0871557, 8.857e-12, -0.996195, 0
13.15, 2025-07-03__00-38-59.432124, -0.0466005, -0.0932489, 0.0343981, -2.27219, -0.0230009, 2.09496, 0.731806, 0.00523797, -0.403825, 0.0226508, 0.454121, -0.00393485, -1.08954, -0.00261556, 0.836387, -22.214, 0.759025, 9.63337, -0.229587, 1.31407, 0.340686, 0, 0, 0, 0, 0, 0, 0, 0.473571, -0.0123297, 0.150175, 0.486346, -0.0158237, 0.742576, 0.996195, -3.71201e-12, -0.0871557, -4.46982e-12, -1, -8.49977e-12, -0.0871557, 8.857e-12, -0.996195, 0
13.16, 2025-07-03__00-38-59.442124, -0.0465564, -0.0986036, 0.0346104, -2.26791, -0.0229711, 2.08426, 0.731812, 0.00144289, -0.570757, 0.0242083, 0.421554, -0.00220946, -1.07261, -0.00250823, 0.703738, -16.6361, 0.612395, 7.48815, -0.24321, 1.03236, 0.317275, 0, 0, 0, 0, 0, 0, 0, 0.472913, -0.0122863, 0.153831, 0.486346, -0.0158237, 0.742576, 0.996195, -3.71201e-12, -0.0871557, -4.46982e-12, -1, -8.49977e-12, -0.0871557, 8.857e-12, -0.996195, 0
13.17, 2025-07-03__00-38-59.452124, -0.0465266, -0.104996, 0.0348249, -2.26366, -0.0229614, 2.07391, 0.731801, 0.00256793, -0.660275, 0.0225629, 0.424607, 0.00191313, -1.02987, -0.010076, 0.571485, -12.9298, 0.471916, 5.91701, -0.265819, 0.531789, 0.337858, 0, 0, 0, 0, 0, 0, 0, 0.472464, -0.012271, 0.158003, 0.486346, -0.0158237, 0.742576, 0.996195, -3.71201e-12, -0.0871557, -4.46982e-12, -1, -8.49977e-12, -0.0871557, 8.857e-12, -0.996195, 0
13.18, 2025-07-03__00-38-59.462129, -0.0465303, -0.111755, 0.0350305, -2.2592, -0.0229515, 2.06391, 0.731801, -0.00256299, -0.687984, 0.0225891, 0.458125, 0.00022542, -1.01102, -0.00592939, 0.586159, -10.8127, 0.48164, 4.88685, -0.250963, 0.168099, 0.285429, 0, 0, 0, 0, 0, 0, 0, 0.472301, -0.0122567, 0.162484, 0.486346, -0.0158237, 0.742576, 0.996195, -3.71201e-12, -0.0871557, -4.46982e-12, -1, -8.49977e-12, -0.0871557, 8.857e-12, -0.996195, 0
13.19, 2025-07-03__00-38-59.472116, -0.0465179, -0.118676, 0.035297, -2.25461, -0.0229474, 2.05401, 0.731802, 0.00310521, -0.713394, 0.0278583, 0.461865, 0.00387476, -1.00044, 0.000990237, 0.228226, -9.19956, 0.106152, 4.53242, -0.259836, -0.0703913, 0.220465, 0, 0, 0, 0, 0, 0, 0, 0.472222, -0.012228, 0.167111, 0.486346, -0.0158237, 0.742576, 0.996195, -3.71201e-12, -0.0871557, -4.46982e-12, -1, -8.49977e-12, -0.0871557, 8.857e-12, -0.996195, 0
13.2, 2025-07-03__00-38-59.482114, -0.0464977, -0.126338, 0.0355888, -2.24995, -0.0229411, 2.04376, 0.731798, 0.00385832, -0.765438, 0.0296122, 0.471027, 0.00491568, -1.03647, -0.000263097, 0.032332, -6.50784, -0.103304, 3.77604, -0.255633, -0.0841545, 0.204439, 0, 0, 0, 0, 0, 0, 0, 0.472117, -0.0121746, 0.172077, 0.486346, -0.0158237, 0.742576, 0.996195, -3.71201e-12, -0.0871557, -4.46982e-12, -1, -8.49977e-12, -0.0871557, 8.857e-12, -0.996195, 0
13.21, 2025-07-03__00-38-59.492115, -0.0464752, -0.134447, 0.0358344, -2.24509, -0.0229399, 2.03327, 0.731802, 0.00402173, -0.829374, 0.0237111, 0.483248, 0.00131329, -1.05374, 0.00136168, 0.00677369, -3.18888, -0.132247, 2.70959, -0.221949, -0.282038, 0.166113, 0, 0, 0, 0, 0, 0, 0, 0.472043, -0.0121506, 0.177354, 0.486346, -0.0158237, 0.742576, 0.996195, -3.71201e-12, -0.0871557, -4.46982e-12, -1, -8.49977e-12, -0.0871557, 8.857e-12, -0.996195, 0
13.22, 2025-07-03__00-38-59.502114, -0.0464885, -0.142315, 0.0360304, -2.24018, -0.022925, 2.02259, 0.731795, -0.000362915, -0.758565, 0.0206671, 0.501956, 0.00246045, -1.06595, 0.00157095, 0.128468, -4.70254, -0.0146309, 3.76449, -0.196679, -0.24436, 0.136311, 0, 0, 0, 0, 0, 0, 0, 0.471822, -0.012153, 0.182565, 0.486346, -0.0158237, 0.742576, 0.996195, -3.71201e-12, -0.0871557, -4.46982e-12, -1, -8.49977e-12, -0.0871557, 8.857e-12, -0.996195, 0
13.23, 2025-07-03__00-38-59.512115, -0.04649, -0.150189, 0.0362015, -2.23498, -0.0229169, 2.01184, 0.731792, 0.00153959, -0.814511, 0.0164069, 0.533926, 0.0058764, -1.0799, 0.00223897, 0.0387069, -1.29995, -0.106351, 2.39562, -0.217742, -0.4893, 0.100185, 0, 0, 0, 0, 0, 0, 0, 0.471632, -0.0121538, 0.187836, 0.486346, -0.0158237, 0.742576, 0.996195, -3.71201e-12, -0.0871557, -4.46982e-12, -1, -8.49977e-12, -0.0871557, 8.857e-12, -0.996195, 0
13.24, 2025-07-03__00-38-59.522112, -0.0464851, -0.158125, 0.0363462, -2.22946, -0.0229039, 2.00062, 0.731786, 0.00139145, -0.787153, 0.0156472, 0.557393, -0.000818086, -1.13738, 0.00166035, -0.0114106, -1.15076, -0.165374, 2.74231, -0.157601, -0.241092, 0.073938, 0, 0, 0, 0, 0, 0, 0, 0.471404, -0.0121712, 0.193303, 0.486346, -0.0158237, 0.742576, 0.996195, -3.71201e-12, -0.0871557, -4.46982e-12, -1, -8.49977e-12, -0.0871557, 8.857e-12, -0.996195, 0
13.25, 2025-07-03__00-38-59.532113, -0.0464682, -0.165887, 0.0364941, -2.22366, -0.0228971, 1.98922, 0.731775, 0.000387313, -0.783277, 0.016799, 0.600673, 0.00237757, -1.13373, 2.58776e-05, -0.111614, 0.327857, -0.273385, 2.09436, -0.171688, -0.508224, 0.0521977, 0, 0, 0, 0, 0, 0, 0, 0.471109, -0.0121782, 0.198784, 0.486346, -0.0158237, 0.742576, 0.996195, -3.71201e-12, -0.0871557, -4.46982e-12, -1, -8.49977e-12, -0.0871557, 8.857e-12, -0.996195, 0
13.26, 2025-07-03__00-38-59.542115, -0.0464615, -0.173395, 0.036633, -2.21739, -0.0228925, 1.97767, 0.731771, 4.51907e-05, -0.742336, 0.0190939, 0.627416, -0.00180854, -1.16802, 0.000165623, -0.215062, 0.119846, -0.39154, 2.52038, -0.127678, -0.398381, 0.0212479, 0, 0, 0, 0, 0, 0, 0, 0.470904, -0.0121929, 0.20436, 0.486346, -0.0158237, 0.742576, 0.996195, -3.71201e-12, -0.0871557, -4.46982e-12, -1, -8.49977e-12, -0.0871557, 8.857e-12, -0.996195, 0
13.27, 2025-07-03__00-38-59.552115, -0.0464709, -0.180693, 0.0367029, -2.21104, -0.0228654, 1.96565, 0.731766, -0.00222416, -0.738179, 0.00737242, 0.650805, 0.000546361, -1.21168, 0.0013126, 0.0118276, 1.09756, -0.148548, 2.37034, -0.12744, -0.238107, -0.0195529, 0, 0, 0, 0, 0, 0, 0, 0.470472, -0.0122302, 0.209842, 0.486346, -0.0158237, 0.742576, 0.996195, -3.71201e-12, -0.0871557, -4.46982e-12, -1, -8.49977e-12, -0.0871557, 8.857e-12, -0.996195, 0
13.28, 2025-07-03__00-38-59.562118, -0.0464868, -0.187926, 0.0367464, -2.20422, -0.0228319, 1.95347, 0.731758, -0.00189991, -0.730099, 0.00278458, 0.693669, 0.0068058, -1.21266, 0.00201913, 0.0241326, 2.42835, -0.131383, 1.77458, -0.163109, -0.43486, -0.0599052, 0, 0, 0, 0, 0, 0, 0, 0.470069, -0.0122791, 0.215469, 0.486346, -0.0158237, 0.742576, 0.996195, -3.71201e-12, -0.0871557, -4.46982e-12, -1, -8.49977e-12, -0.0871557, 8.857e-12, -0.996195, 0
13.29, 2025-07-03__00-38-59.572112, -0.0464957, -0.194719, 0.0367612, -2.19702, -0.022806, 1.9412, 0.73175, -0.00154631, -0.664699, 0.000913889, 0.734627, 0.00258078, -1.20848, 0.000226172, 0.0350848, 1.58263, -0.123267, 2.18928, -0.122081, -0.547062, -0.0833128, 0, 0, 0, 0, 0, 0, 0, 0.469739, -0.0123319, 0.220552, 0.486346, -0.0158237, 0.742576, 0.996195, -3.71201e-12, -0.0871557, -4.46982e-12, -1, -8.49977e-12, -0.0871557, 8.857e-12, -0.996195, 0
13.3, 2025-07-03__00-38-59.582113, -0.0464851, -0.201016, 0.0367929, -2.18942, -0.0227976, 1.92868, 0.73173, -0.000951144, -0.625697, 0.00229925, 0.757024, -0.00109748, -1.25709, -0.00120506, -0.0480765, 1.24852, -0.219205, 2.64851, -0.0865834, -0.265815, -0.10468, 0, 0, 0, 0, 0, 0, 0, 0.469309, -0.0123771, 0.226661, 0.486346, -0.0158237, 0.742576, 0.996195, -3.71201e-12, -0.0871557, -4.46982e-12, -1, -8.49977e-12, -0.0871557, 8.857e-12, -0.996195, 0
13.31, 2025-07-03__00-38-59.592114, -0.046483, -0.207131, 0.0368055, -2.18157, -0.0227656, 1.91579, 0.731715, 0.00508565, -0.610515, 0.00274956, 0.803894, 0.00173301, -1.30295, -0.00771377, -0.240409, 2.21178, -0.422808, 2.17943, -0.113212, -0.0938928, -0.0967278, 0, 0, 0, 0, 0, 0, 0, 0.468762, -0.0124183, 0.232193, 0.486346, -0.0158237, 0.742576, 0.996195, -3.71201e-12, -0.0871557, -4.46982e-12, -1, -8.49977e-12, -0.0871557, 8.857e-12, -0.996195, 0
13.32, 2025-07-03__00-38-59.602114, -0.0464805, -0.212945, 0.036796, -2.17327, -0.0227092, 1.90294, 0.731712, 0.00235901, -0.578473, 0.000567632, 0.852156, 0.0113806, -1.27907, 0.00226373, -0.183529, 2.72581, -0.358816, 1.77411, -0.172522, -0.387179, -0.191315, 0, 0, 0, 0, 0, 0, 0, 0.468319, -0.0124546, 0.237811, 0.486346, -0.0158237, 0.742576, 0.996195, -3.71201e-12, -0.0871557, -4.46982e-12, -1, -8.49977e-12, -0.0871557, 8.857e-12, -0.996195, 0
13.33, 2025-07-03__00-38-59.612116, -0.0465193, -0.218356, 0.0367784, -2.16449, -0.0226776, 1.89004, 0.73167, -0.00203627, -0.521877, -0.00167173, 0.867235, -0.00260613, -1.29062, -0.0070082, -0.0497987, 1.66154, -0.223382, 2.56649, -0.0615208, -0.301347, -0.165604, 0, 0, 0, 0, 0, 0, 0, 0.467965, -0.0125162, 0.243485, 0.486346, -0.0158237, 0.742576, 0.996195, -3.71201e-12, -0.0871557, -4.46982e-12, -1, -8.49977e-12, -0.0871557, 8.857e-12, -0.996195, 0
13.34, 2025-07-03__00-38-59.622114, -0.0465683, -0.223272, 0.036767, -2.1556, -0.0226491, 1.87682, 0.731575, -0.00780949, -0.499086, 0.000368375, 0.904469, 0.00602281, -1.32676, -0.0130051, -0.0189418, 2.10603, -0.192573, 2.36115, -0.115083, -0.119749, -0.157065, 0, 0, 0, 0, 0, 0, 0, 0.467408, -0.012577, 0.248932, 0.486346, -0.0158237, 0.742576, 0.996195, -3.71201e-12, -0.0871557, -4.46982e-12, -1, -8.49977e-12, -0.0871557, 8.857e-12, -0.996195, 0
13.35, 2025-07-03__00-38-59.632113, -0.0465744, -0.228097, 0.0367751, -2.14621, -0.0226134, 1.86368, 0.73154, -0.00249407, -0.476204, 0.000488127, 0.950977, 0.00485255, -1.29478, -0.0024184, -0.174698, 2.94579, -0.356561, 1.79431, -0.116115, -0.465461, -0.250579, 0, 0, 0, 0, 0, 0, 0, 0.467001, -0.0126017, 0.254574, 0.486346, -0.0158237, 0.742576, 0.996195, -3.71201e-12, -0.0871557, -4.46982e-12, -1, -8.49977e-12, -0.0871557, 8.857e-12, -0.996195, 0
13.36, 2025-07-03__00-38-59.642115, -0.046599, -0.232363, 0.0367732, -2.13634, -0.0225908, 1.85057, 0.731525, -0.00308492, -0.41164, 0.000129774, 0.974767, 0.00182536, -1.33142, 8.97838e-05, -0.149896, 1.6352, -0.337561, 2.61054, -0.083171, -0.202508, -0.293872, 0, 0, 0, 0, 0, 0, 0, 0.466694, -0.0126404, 0.260206, 0.486346, -0.0158237, 0.742576, 0.996195, -3.71201e-12, -0.0871557, -4.46982e-12, -1, -8.49977e-12, -0.0871557, 8.857e-12, -0.996195, 0
13.37, 2025-07-03__00-38-59.652113, -0.0466428, -0.236306, 0.0367623, -2.12632, -0.0225927, 1.83715, 0.731458, -0.00633489, -0.400514, -0.000378164, 1.01359, -0.0013294, -1.35195, -0.00154567, -0.114693, 2.59647, -0.295987, 2.11283, -0.0657654, -0.148148, -0.311677, 0, 0, 0, 0, 0, 0, 0, 0.466204, -0.0126916, 0.265696, 0.486346, -0.0158237, 0.742576, 0.996195, -3.71201e-12, -0.0871557, -4.46982e-12, -1, -8.49977e-12, -0.0871557, 8.857e-12, -0.996195, 0
13.38, 2025-07-03__00-38-59.662115, -0.0466713, -0.240242, 0.0367584, -2.11579, -0.0225651, 1.82384, 0.731355, -0.0032812, -0.374797, -0.00159201, 1.06706, 0.00106266, -1.32667, -0.0104043, -0.190068, 3.48037, -0.369208, 1.47138, -0.0884745, -0.464753, -0.283855, 0, 0, 0, 0, 0, 0, 0, 0.465875, -0.0127261, 0.271435, 0.486346, -0.0158237, 0.742576, 0.996195, -3.71201e-12, -0.0871557, -4.46982e-12, -1, -8.49977e-12, -0.0871557, 8.857e-12, -0.996195, 0
13.39, 2025-07-03__00-38-59.672114, -0.0467061, -0.243292, 0.0367481, -2.10502, -0.0225494, 1.81038, 0.731229, -0.00426766, -0.289228, -0.00242642, 1.09467, 0.00633718, -1.34932, -0.0111041, -0.120382, 1.27714, -0.301077, 2.54668, -0.105028, -0.234927, -0.299875, 0, 0, 0, 0, 0, 0, 0, 0.465495, -0.0127584, 0.276923, 0.486346, -0.0158237, 0.742576, 0.996195, -3.71201e-12, -0.0871557, -4.46982e-12, -1, -8.49977e-12, -0.0871557, 8.857e-12, -0.996195, 0
13.4, 2025-07-03__00-38-59.682110, -0.0467377, -0.246156, 0.0367311, -2.09383, -0.0225547, 1.79683, 0.731091, -0.0018932, -0.293436, -0.00252705, 1.13505, 0.00243164, -1.33897, -0.0213001, -0.218253, 2.93601, -0.398667, 1.64592, -0.0928324, -0.418817, -0.260115, 0, 0, 0, 0, 0, 0, 0, 0.465115, -0.0127918, 0.282446, 0.486346, -0.0158237, 0.742576, 0.996195, -3.71201e-12, -0.0871557, -4.46982e-12, -1, -8.49977e-12, -0.0871557, 8.857e-12, -0.996195, 0
13.41, 2025-07-03__00-38-59.692114, -0.0467477, -0.248849, 0.0367375, -2.08236, -0.0225495, 1.78326, 0.730956, -0.00518345, -0.254284, 0.00250171, 1.13943, 0.000183664, -1.36784, -0.0170569, -0.269759, 2.17613, -0.469272, 2.35316, -0.0672669, -0.17354, -0.303343, 0, 0, 0, 0, 0, 0, 0, 0.46478, -0.0128098, 0.288071, 0.486346, -0.0158237, 0.742576, 0.996195, -3.71201e-12, -0.0871557, -4.46982e-12, -1, -8.49977e-12, -0.0871557, 8.857e-12, -0.996195, 0
13.42, 2025-07-03__00-38-59.702111, -0.0467736, -0.251049, 0.0367271, -2.07066, -0.0225243, 1.76961, 0.73081, -0.00308516, -0.210056, 0.000847156, 1.18809, 1.15368e-05, -1.37923, -0.0187935, -0.27211, 1.97462, -0.465658, 2.23864, -0.0714152, -0.139509, -0.310503, 0, 0, 0, 0, 0, 0, 0, 0.464388, -0.012821, 0.293546, 0.486346, -0.0158237, 0.742576, 0.996195, -3.71201e-12, -0.0871557, -4.46982e-12, -1, -8.49977e-12, -0.0871557, 8.857e-12, -0.996195, 0
13.43, 2025-07-03__00-38-59.712115, -0.0468042, -0.25285, 0.0367059, -2.05843, -0.0225236, 1.75603, 0.730613, -0.00109957, -0.162719, -0.00250163, 1.20797, -0.000652899, -1.35972, -0.0169914, -0.232476, 1.18369, -0.419749, 2.66791, -0.0559716, -0.251259, -0.337162, 0, 0, 0, 0, 0, 0, 0, 0.464129, -0.0128526, 0.299108, 0.486346, -0.0158237, 0.742576, 0.996195, -3.71201e-12, -0.0871557, -4.46982e-12, -1, -8.49977e-12, -0.0871557, 8.857e-12, -0.996195, 0
13.44, 2025-07-03__00-38-59.722111, -0.0468435, -0.25436, 0.0366918, -2.04603, -0.0224972, 1.74242, 0.730373, -0.00274782, -0.149585, 0.00133352, 1.24728, 0.00138718, -1.36565, -0.0281721, -0.310498, 2.07384, -0.502458, 2.1458, -0.0808114, -0.281603, -0.281564, 0, 0, 0, 0, 0, 0, 0, 0.463811, -0.0128712, 0.304566, 0.486346, -0.0158237, 0.742576, 0.996195, -3.71201e-12, -0.0871557, -4.46982e-12, -1, -8.49977e-12, -0.0871557, 8.857e-12, -0.996195, 0
13.45, 2025-07-03__00-38-59.732112, -0.0468716, -0.255721, 0.0366875, -2.03319, -0.0224986, 1.72866, 0.730112, -0.0031385, -0.121751, 0.000254948, 1.28303, -0.000465379, -1.37326, -0.0294671, -0.289565, 2.33707, -0.471839, 1.97711, -0.0697238, -0.278247, -0.284567, 0, 0, 0, 0, 0, 0, 0, 0.463542, -0.0128769, 0.310183, 0.486346, -0.0158237, 0.742576, 0.996195, -3.71201e-12, -0.0871557, -4.46982e-12, -1, -8.49977e-12, -0.0871557, 8.857e-12, -0.996195, 0
13.46, 2025-07-03__00-38-59.742115, -0.0468983, -0.256579, 0.0366643, -2.02017, -0.0224737, 1.71484, 0.729874, -0.0013914, -0.0864679, -0.00210077, 1.31504, 0.000941167, -1.37502, -0.0223683, -0.267697, 2.13675, -0.439589, 2.00684, -0.0799292, -0.271793, -0.338012, 0, 0, 0, 0, 0, 0, 0, 0.463211, -0.012884, 0.315635, 0.486346, -0.0158237, 0.742576, 0.996195, -3.71201e-12, -0.0871557, -4.46982e-12, -1, -8.49977e-12, -0.0871557, 8.857e-12, -0.996195, 0
13.47, 2025-07-03__00-38-59.752126, -0.0469023, -0.257326, 0.036663, -2.0067, -0.0224832, 1.7012, 0.729623, 0.00374387, -0.0671988, 0.00104875, 1.35135, -0.00589626, -1.3628, -0.0224603, -0.451009, 2.82707, -0.640067, 1.61966, -0.0515036, -0.430743, -0.346679, 0, 0, 0, 0, 0, 0, 0, 0.463018, -0.0128892, 0.321253, 0.486346, -0.0158237, 0.742576, 0.996195, -3.71201e-12, -0.0871557, -4.46982e-12, -1, -8.49977e-12, -0.0871557, 8.857e-12, -0.996195, 0
13.48, 2025-07-03__00-38-59.762115, -0.046944, -0.257601, 0.0366431, -1.99303, -0.0224547, 1.68737, 0.729365, -0.00620944, -0.0211424, -0.000224563, 1.37146, -0.000789619, -1.38152, -0.0166745, -0.209058, 1.91093, -0.368123, 2.14068, -0.0647801, -0.267377, -0.390325, 0, 0, 0, 0, 0, 0, 0, 0.462747, -0.0128888, 0.326737, 0.486346, -0.0158237, 0.742576, 0.996195, -3.71201e-12, -0.0871557, -4.46982e-12, -1, -8.49977e-12, -0.0871557, 8.857e-12, -0.996195, 0
13.49, 2025-07-03__00-38-59.772126, -0.0469693, -0.257621, 0.0366287, -1.97898, -0.0224657, 1.67368, 0.729125, -0.0046511, 0.0128805, 0.000108353, 1.39577, 0.000481253, -1.36309, -0.0186138, -0.245314, 1.6916, -0.405431, 2.25997, -0.0721449, -0.407901, -0.388519, 0, 0, 0, 0, 0, 0, 0, 0.462568, -0.0128979, 0.332302, 0.486346, -0.0158237, 0.742576, 0.996195, -3.71201e-12, -0.0871557, -4.46982e-12, -1, -8.49977e-12, -0.0871557, 8.857e-12, -0.996195, 0
13.5, 2025-07-03__00-38-59.782127, -0.0469955, -0.257429, 0.0366063, -1.96474, -0.0224265, 1.65982, 0.728852, -0.00235164, 0.0152142, 0.000873604, 1.44096, 0.000779823, -1.38828, -0.0242293, -0.330477, 3.13751, -0.484756, 1.46787, -0.0970513, -0.332388, -0.360716, 0, 0, 0, 0, 0, 0, 0, 0.46233, -0.0128816, 0.3378, 0.486346, -0.0158237, 0.742576, 0.996195, -3.71201e-12, -0.0871557, -4.46982e-12, -1, -8.49977e-12, -0.0871557, 8.857e-12, -0.996195, 0
13.51, 2025-07-03__00-38-59.792113, -0.0470054, -0.256998, 0.036598, -1.95028, -0.0224378, 1.64583, 0.728598, 0.00132886, 0.0668865, -0.00585313, 1.44222, 0.00311527, -1.40181, -0.03102, -0.224556, 1.58059, -0.361007, 2.46551, -0.0908635, -0.151457, -0.325766, 0, 0, 0, 0, 0, 0, 0, 0.462047, -0.0128864, 0.343325, 0.486346, -0.0158237, 0.742576, 0.996195, -3.71201e-12, -0.0871557, -4.46982e-12, -1, -8.49977e-12, -0.0871557, 8.857e-12, -0.996195, 0
13.52, 2025-07-03__00-38-59.802116, -0.0470333, -0.256216, 0.0365872, -1.9355, -0.0223814, 1.63202, 0.728388, 0.000770413, 0.0751344, -0.000848281, 1.49629, 0.00522174, -1.35997, -0.0151783, -0.342503, 3.04885, -0.482263, 1.45693, -0.132692, -0.55479, -0.430919, 0, 0, 0, 0, 0, 0, 0, 0.461816, -0.0128568, 0.348772, 0.486346, -0.0158237, 0.742576, 0.996195, -3.71201e-12, -0.0871557, -4.46982e-12, -1, -8.49977e-12, -0.0871557, 8.857e-12, -0.996195, 0
13.53, 2025-07-03__00-38-59.812117, -0.0470644, -0.255213, 0.0365651, -1.92051, -0.0223973, 1.61814, 0.728169, -0.0052211, 0.108911, -0.00218712, 1.51208, 0.00626666, -1.3981, -0.0211668, -0.179589, 2.50686, -0.293972, 1.89394, -0.125343, -0.273439, -0.40333, 0, 0, 0, 0, 0, 0, 0, 0.461594, -0.0128633, 0.354262, 0.486346, -0.0158237, 0.742576, 0.996195, -3.71201e-12, -0.0871557, -4.46982e-12, -1, -8.49977e-12, -0.0871557, 8.857e-12, -0.996195, 0
13.54, 2025-07-03__00-38-59.822111, -0.0470768, -0.254108, 0.0365645, -1.90523, -0.0223736, 1.60422, 0.727925, 0.00328921, 0.106796, 0.000206448, 1.55358, -0.00283425, -1.3898, -0.0246217, -0.413446, 4.18791, -0.544023, 1.00222, -0.102442, -0.433403, -0.387716, 0, 0, 0, 0, 0, 0, 0, 0.461339, -0.0128342, 0.359785, 0.486346, -0.0158237, 0.742576, 0.996195, -3.71201e-12, -0.0871557, -4.46982e-12, -1, -8.49977e-12, -0.0871557, 8.857e-12, -0.996195, 0
13.55, 2025-07-03__00-38-59.832110, -0.0471226, -0.252701, 0.0365405, -1.88983, -0.0223633, 1.59026, 0.727647, -0.0096293, 0.145812, -0.00866903, 1.53757, 0.00592704, -1.39334, -0.031883, 0.0525685, 2.77184, -0.00639758, 2.06762, -0.107728, -0.304966, -0.349464, 0, 0, 0, 0, 0, 0, 0, 0.461057, -0.012827, 0.365236, 0.486346, -0.0158237, 0.742576, 0.996195, -3.71201e-12, -0.0871557, -4.46982e-12, -1, -8.49977e-12, -0.0871557, 8.857e-12, -0.996195, 0
13.56, 2025-07-03__00-38-59.842115, -0.0471362, -0.25105, 0.0365506, -1.87405, -0.0223861, 1.57637, 0.727409, -0.00197978, 0.173507, 8.11982e-05, 1.56719, -0.00956371, -1.39335, -0.0298884, -0.256495, 2.87411, -0.364895, 2.03986, -0.0375263, -0.345366, -0.365872, 0, 0, 0, 0, 0, 0, 0, 0.460843, -0.0128203, 0.370758, 0.486346, -0.0158237, 0.742576, 0.996195, -3.71201e-12, -0.0871557, -4.46982e-12, -1, -8.49977e-12, -0.0871557, 8.857e-12, -0.996195, 0
13.57, 2025-07-03__00-38-59.852127, -0.0471585, -0.249181, 0.0365367, -1.85806, -0.0223245, 1.56234, 0.727194, -0.00117173, 0.181889, 0.000231075, 1.62914, 0.00961608, -1.39096, -0.0179783, -0.312503, 4.49384, -0.403309, 0.985028, -0.190769, -0.492304, -0.445115, 0, 0, 0, 0, 0, 0, 0, 0.460548, -0.0127818, 0.376199, 0.486346, -0.0158237, 0.742576, 0.996195, -3.71201e-12, -0.0871557, -4.46982e-12, -1, -8.49977e-12, -0.0871557, 8.857e-12, -0.996195, 0
13.58, 2025-07-03__00-38-59.862114, -0.0471658, -0.247066, 0.0365573, -1.84194, -0.0223699, 1.5483, 0.726947, -0.000998118, 0.223581, 0.00155081, 1.63027, 0.00274187, -1.39254, -0.0222543, -0.302278, 3.28597, -0.397812, 1.80083, -0.135954, -0.422308, -0.422537, 0, 0, 0, 0, 0, 0, 0, 0.460246, -0.0127676, 0.381632, 0.486346, -0.0158237, 0.742576, 0.996195, -3.71201e-12, -0.0871557, -4.46982e-12, -1, -8.49977e-12, -0.0871557, 8.857e-12, -0.996195, 0
13.59, 2025-07-03__00-38-59.872126, -0.0471657, -0.244692, 0.0365512, -1.82538, -0.0223237, 1.53439, 0.726656, -0.000126212, 0.24071, 0.0017808, 1.66103, -0.00521719, -1.39226, -0.0294943, -0.304866, 3.89124, -0.387321, 1.53781, -0.0973827, -0.487378, -0.378352, 0, 0, 0, 0, 0, 0, 0, 0.460055, -0.0127105, 0.38712, 0.486346, -0.0158237, 0.742576, 0.996195, -3.71201e-12, -0.0871557, -4.46982e-12, -1, -8.49977e-12, -0.0871557, 8.857e-12, -0.996195, 0
13.6, 2025-07-03__00-38-59.882124, -0.0471972, -0.241932, 0.036534, -1.80868, -0.0223516, 1.5202, 0.726312, -0.00504049, 0.275995, -0.00157456, 1.72301, -0.00248946, -1.42449, -0.0365598, -0.111095, 4.15211, -0.143121, 1.16267, -0.115342, -0.345602, -0.335955, 0, 0, 0, 0, 0, 0, 0, 0.459733, -0.0127151, 0.392442, 0.486346, -0.0158237, 0.742576, 0.996195, -3.71201e-12, -0.0871557, -4.46982e-12, -1, -8.49977e-12, -0.0871557, 8.857e-12, -0.996195, 0
13.61, 2025-07-03__00-38-59.892113, -0.0471731, -0.238977, 0.0365598, -1.79169, -0.0223522, 1.50616, 0.726033, 0.00324883, 0.306804, 0.0038724, 1.67345, -0.00480368, -1.40329, -0.0300119, -0.352363, 2.36399, -0.441403, 2.6588, -0.0986147, -0.344118, -0.372262, 0, 0, 0, 0, 0, 0, 0, 0.459477, -0.0126661, 0.397808, 0.486346, -0.0158237, 0.742576, 0.996195, -3.71201e-12, -0.0871557, -4.46982e-12, -1, -8.49977e-12, -0.0871557, 8.857e-12, -0.996195, 0
13.62, 2025-07-03__00-38-59.902112, -0.0471843, -0.235879, 0.0365465, -1.77429, -0.0223255, 1.492, 0.7258, 0.000973684, 0.313041, -5.17075e-05, 1.75303, -0.00307302, -1.41961, -0.0192366, -0.23303, 4.50156, -0.267052, 1.29504, -0.135224, -0.415312, -0.442445, 0, 0, 0, 0, 0, 0, 0, 0.459221, -0.0126238, 0.403244, 0.486346, -0.0158237, 0.742576, 0.996195, -3.71201e-12, -0.0871557, -4.46982e-12, -1, -8.49977e-12, -0.0871557, 8.857e-12, -0.996195, 0
13.63, 2025-07-03__00-38-59.912115, -0.0471757, -0.2324, 0.0365514, -1.75687, -0.0223356, 1.47775, 0.725603, 0.00363057, 0.358042, -0.0066266, 1.75224, 0.00311307, -1.41098, -0.00722063, -0.0943864, 2.9681, -0.101137, 2.23058, -0.155738, -0.408366, -0.519033, 0, 0, 0, 0, 0, 0, 0, 0.458876, -0.0125981, 0.40852, 0.486346, -0.0158237, 0.742576, 0.996195, -3.71201e-12, -0.0871557, -4.46982e-12, -1, -8.49977e-12, -0.0871557, 8.857e-12, -0.996195, 0
13.64, 2025-07-03__00-38-59.922111, -0.0471833, -0.228548, 0.0365635, -1.739, -0.0223498, 1.46352, 0.725352, 0.00296223, 0.39875, 0.00231496, 1.78307, 0.000539687, -1.43441, -0.0208592, -0.225912, 2.30723, -0.259711, 2.57266, -0.157679, -0.267362, -0.436218, 0, 0, 0, 0, 0, 0, 0, 0.458632, -0.012557, 0.413789, 0.486346, -0.0158237, 0.742576, 0.996195, -3.71201e-12, -0.0871557, -4.46982e-12, -1, -8.49977e-12, -0.0871557, 8.857e-12, -0.996195, 0
13.65, 2025-07-03__00-38-59.932111, -0.0471792, -0.224634, 0.0365709, -1.72071, -0.0223324, 1.44929, 0.7251, 0.00439852, 0.384149, 0.0021622, 1.82072, -0.000923101, -1.43282, -0.0217046, -0.277261, 4.59923, -0.292766, -19.7234, -0.181141, -0.398422, -0.432063, 0, 0, 0, 8, 0, 0, 0, 0.458402, -0.0125161, 0.419188, 0.486346, -0.0158237, 0.742576, 0.996195, -3.71201e-12, -0.0871557, -4.46982e-12, -1, -8.49977e-12, -0.0871557, 8.857e-12, -0.996195, 1
13.66, 2025-07-03__00-38-59.942112, -0.0471842, -0.220607, 0.0365758, -1.70239, -0.0223108, 1.43496, 0.72491, -0.00315821, 0.394958, -0.00215031, 1.83353, 0.0119759, -1.42574, -0.022125, -0.0509542, 5.083, -0.014241, -19.6581, -0.253622, -0.475307, -0.434349, 0, 0, 0, 8, 0, 0, 0, 0.458091, -0.0124631, 0.424521, 0.486346, -0.0158237, 0.742576, 0.996195, -3.71201e-12, -0.0871557, -4.46982e-12, -1, -8.49977e-12, -0.0871557, 8.857e-12, -0.996195, 1
13.67, 2025-07-03__00-38-59.952110, -0.0471692, -0.216382, 0.0365924, -1.68476, -0.0223145, 1.42109, 0.724757, 0.00113245, 0.426262, 0.00569663, 1.70211, 0.00284533, -1.36751, -0.0232618, -0.223759, 1.21622, -0.260988, -15.0173, -0.164157, -0.556066, -0.427919, 0, 0, 0, 8, 0, 0, 0, 0.457706, -0.0124293, 0.42952, 0.486346, -0.0158237, 0.742576, 0.996195, -3.71201e-12, -0.0871557, -4.46982e-12, -1, -8.49977e-12, -0.0871557, 8.857e-12, -0.996195, 1
13.68, 2025-07-03__00-38-59.962113, -0.0471724, -0.212929, 0.036583, -1.66885, -0.0222351, 1.40849, 0.724596, 1.11763e-05, 0.295607, 0.00126131, 1.52118, 0.000177187, -1.20395, -0.016934, -0.258046, 4.3596, -0.295259, -13.0733, -0.139647, -1.44561, -0.469806, 0, 0, 0, 8, 0, 0, 0, 0.457274, -0.0123681, 0.434129, 0.486346, -0.0158237, 0.742576, 0.996195, -3.71201e-12, -0.0871557, -4.46982e-12, -1, -8.49977e-12, -0.0871557, 8.857e-12, -0.996195, 1
13.69, 2025-07-03__00-38-59.972110, -0.0471938, -0.21061, 0.0365559, -1.65524, -0.0221815, 1.39718, 0.724388, -0.00800844, 0.225781, -0.00468489, 1.31693, 0.0111047, -1.09427, -0.0347199, -0.0711336, 3.9259, -0.0965588, -9.36836, -0.149059, -1.86196, -0.363651, 0, 0, 0, 8, 0, 0, 0, 0.456587, -0.0123356, 0.438332, 0.486346, -0.0158237, 0.742576, 0.996195, -3.71201e-12, -0.0871557, -4.46982e-12, -1, -8.49977e-12, -0.0871557, 8.857e-12, -0.996195, 1
13.7, 2025-07-03__00-38-59.982110, -0.0472297, -0.208505, 0.0365063, -1.64319, -0.0221299, 1.3864, 0.724185, -0.0136941, 0.204252, -0.0064115, 1.16057, -0.0018813, -1.07743, -0.0155908, 0.103586, 1.81895, 0.0773794, -6.44838, -0.0139941, -1.64051, -0.4782, 0, 0, 0, 8, 0, 0, 0, 0.455706, -0.0123208, 0.441981, 0.486346, -0.0158237, 0.742576, 0.996195, -3.71201e-12, -0.0871557, -4.46982e-12, -1, -8.49977e-12, -0.0871557, 8.857e-12, -0.996195, 1
13.71, 2025-07-03__00-38-59.992112, -0.0472955, -0.206819, 0.0364456, -1.63263, -0.022088, 1.37515, 0.723968, -0.00316547, 0.139159, -0.00433555, 1.03101, 0.00553222, -1.13353, -0.0245752, -0.200914, 2.10555, -0.288468, -6.67689, -0.0855878, -0.905668, -0.420955, 0, 0, 0, 8, 0, 0, 0, 0.454284, -0.012336, 0.445081, 0.486346, -0.0158237, 0.742576, 0.996195, -3.71201e-12, -0.0871557, -4.46982e-12, -1, -8.49977e-12, -0.0871557, 8.857e-12, -0.996195, 1
13.72, 2025-07-03__00-39-00.002110, -0.0473354, -0.20598, 0.0364051, -1.62301, -0.0220722, 1.3639, 0.723745, -0.0021173, 0.0716602, -0.00444465, 0.933173, 0.00410801, -1.11497, -0.0195661, -0.283535, 3.34042, -0.387828, -12.3989, -0.0861613, -0.741462, -0.451053, 0, 0, 0, 8, 0, 0, 0, 0.452476, -0.0123297, 0.448139, 0.486346, -0.0158237, 0.742576, 0.996195, -3.71201e-12, -0.0871557, -4.46982e-12, -1, -8.49977e-12, -0.0871557, 8.857e-12, -0.996195, 1
13.73, 2025-07-03__00-39-00.012117, -0.0473922, -0.205299, 0.0363522, -1.61494, -0.0220007, 1.35324, 0.723538, -0.00463252, 0.0579448, -0.00516214, 0.749332, 0.00882427, -1.04775, -0.0196996, -0.192103, -0.376056, -0.325357, -26.6663, -0.0589634, -0.636981, -0.447046, 0, 0, 0, 8, 0, 0, 0, 0.450535, -0.0123134, 0.450693, 0.486346, -0.0158237, 0.742576, 0.996195, -3.71201e-12, -0.0871557, -4.46982e-12, -1, -8.49977e-12, -0.0871557, 8.857e-12, -0.996195, 1
13.74, 2025-07-03__00-39-00.022113, -0.0474559, -0.205596, 0.036301, -1.60977, -0.0218673, 1.34384, 0.723335, -0.00711193, -0.0788347, -0.0101688, 0.424669, 0.023005, -0.899317, -0.0233719, -0.177125, -1.27898, -0.348833, -58.6029, -0.0917952, -0.871461, -0.419232, 0, 0, 0, 8, 0, 0, 0, 0.448295, -0.0122852, 0.452498, 0.486346, -0.0158237, 0.742576, 0.996195, -3.71201e-12, -0.0871557, -4.46982e-12, -1, -8.49977e-12, -0.0871557, 8.857e-12, -0.996195, 1
13.75, 2025-07-03__00-39-00.032110, -0.0474843, -0.207965, 0.036254, -1.60894, -0.0215668, 1.33672, 0.723131, 0.00137936, -0.292544, -0.00478069, -0.0393505, 0.033742, -0.656423, -0.02037, -0.665544, -1.43455, -0.986358, -61.7232, -0.133996, -1.53689, -0.423009, 0, 0, 0, 8, 0, 0, 0, 0.445711, -0.0121808, 0.453534, 0.486346, -0.0158237, 0.742576, 0.996195, -3.71201e-12, -0.0871557, -4.46982e-12, -1, -8.49977e-12, -0.0871557, 8.857e-12, -0.996195, 1
13.76, 2025-07-03__00-39-00.042124, -0.0475612, -0.212634, 0.0360832, -1.61384, -0.0210178, 1.33261, 0.722977, -0.00910332, -0.526972, -0.0227206, -0.650637, 0.0639415, -0.349878, -0.0161714, -0.315185, -4.15801, -0.658058, -6.59499, -0.167942, -2.3179, -0.43467, 0, 0, 0, 8, 0, 0, 0, 0.442751, -0.0120591, 0.453372, 0.486346, -0.0158237, 0.742576, 0.996195, -3.71201e-12, -0.0871557, -4.46982e-12, -1, -8.49977e-12, -0.0871557, 8.857e-12, -0.996195, 1
13.77, 2025-07-03__00-39-00.052125, -0.0476512, -0.220071, 0.035762, -1.62487, -0.0202926, 1.33144, 0.722819, -0.00892643, -0.777082, -0.0397358, -1.22759, 0.0788299, -0.0833841, -0.015878, -0.146288, -5.46564, -0.533626, 30.2857, -0.14303, -2.84425, -0.420189, 0, 0, 0, 8, 0, 0, 0, 0.439216, -0.0119462, 0.451955, 0.486346, -0.0158237, 0.742576, 0.996195, -3.71201e-12, -0.0871557, -4.46982e-12, -1, -8.49977e-12, -0.0871557, 8.857e-12, -0.996195, 1
13.78, 2025-07-03__00-39-00.062113, -0.0477354, -0.229592, 0.0352972, -1.64047, -0.0195335, 1.33118, 0.722659, -0.00565926, -1.00861, -0.0530346, -1.63766, 0.0697716, -0.0362498, -0.00941319, -0.025117, -4.45185, -0.437952, 44.4113, -0.0278228, -2.04025, -0.442396, 0, 0, 0, 8, 0, 0, 0, 0.434864, -0.0118662, 0.449505, 0.486346, -0.0158237, 0.742576, 0.996195, -3.71201e-12, -0.0871557, -4.46982e-12, -1, -8.49977e-12, -0.0871557, 8.857e-12, -0.996195, 1
13.79, 2025-07-03__00-39-00.072110, -0.0477794, -0.240549, 0.0347545, -1.65936, -0.0189468, 1.33079, 0.722535, -0.0012063, -1.10481, -0.0536145, -1.93068, 0.0631334, -0.0430448, -0.0110504, -0.012204, -8.03096, -0.508816, 53.4566, 0.0740876, -0.850605, -0.421098, 0, 0, 0, 8, 0, 0, 0, 0.429534, -0.0118645, 0.446264, 0.486346, -0.0158237, 0.742576, 0.996195, -3.71201e-12, -0.0871557, -4.46982e-12, -1, -8.49977e-12, -0.0871557, 8.857e-12, -0.996195, 1
13.8, 2025-07-03__00-39-00.082110, -0.0477729, -0.252238, 0.0342014, -1.67974, -0.0186003, 1.33044, 0.722442, -0.00120422, -1.17099, -0.0562045, -2.08179, 0.0276109, -0.0297294, -0.00753506, 0.179123, -10.0426, -0.343257, 57.9265, 0.350339, -0.0166786, -0.44033, 0, 0, 0, 8, 0, 0, 0, 0.42375, -0.0119217, 0.442641, 0.486346, -0.0158237, 0.742576, 0.996195, -3.71201e-12, -0.0871557, -4.46982e-12, -1, -8.49977e-12, -0.0871557, 8.857e-12, -0.996195, 1
13.81, 2025-07-03__00-39-00.092113, -0.0477565, -0.264491, 0.033775, -1.70033, -0.0184093, 1.32997, 0.722361, 0.000208575, -1.21726, -0.0428125, -2.0566, 0.0104788, -0.0255555, -0.0110465, -0.0540802, -8.99364, -0.666624, 57.3972, 0.414114, 0.522264, -0.420404, 0, 0, 0, 8, 0, 0, 0, 0.417746, -0.0119715, 0.439046, 0.486346, -0.0158237, 0.742576, 0.996195, -3.71201e-12, -0.0871557, -4.46982e-12, -1, -8.49977e-12, -0.0871557, 8.857e-12, -0.996195, 1
13.82, 2025-07-03__00-39-00.102112, -0.0477527, -0.276282, 0.033407, -1.71985, -0.0184234, 1.3291, 0.722329, -0.00415345, -1.14581, -0.0363809, -1.89541, -0.00107809, -0.0903411, 0.00208472, 0.0569903, -10.6896, -0.567966, 55.3878, 0.472281, 1.31386, -0.509128, 0, 0, 0, 8, 0, 0, 0, 0.411826, -0.0120695, 0.435666, 0.486346, -0.0158237, 0.742576, 0.996195, -3.71201e-12, -0.0871557, -4.46982e-12, -1, -8.49977e-12, -0.0871557, 8.857e-12, -0.996195, 1
13.83, 2025-07-03__00-39-00.112115, -0.0477284, -0.287296, 0.0330721, -1.73671, -0.018474, 1.32758, 0.722307, 0.00066557, -1.06886, -0.035391, -1.6191, -0.00397237, -0.187946, -0.00126775, 0.0704219, -9.83792, -0.532124, 30.8011, 0.421908, 2.0114, -0.500927, 0, 0, 0, 0, 0, 0, 0, 0.406319, -0.0121665, 0.432965, 0.486346, -0.0158237, 0.742576, 0.996195, -3.71201e-12, -0.0871557, -4.46982e-12, -1, -8.49977e-12, -0.0871557, 8.857e-12, -0.996195, 0
13.84, 2025-07-03__00-39-00.122115, -0.0477529, -0.297151, 0.0327263, -1.74947, -0.018532, 1.32484, 0.722272, 0.000645792, -0.9627, -0.0281991, -1.16524, -0.00899654, -0.334267, -0.0073831, 0.0341499, -6.14176, -0.509065, 25.5046, 0.318977, 2.59742, -0.4823, 0, 0, 0, 0, 0, 0, 0, 0.401409, -0.0122863, 0.431396, 0.486346, -0.0158237, 0.742576, 0.996195, -3.71201e-12, -0.0871557, -4.46982e-12, -1, -8.49977e-12, -0.0871557, 8.857e-12, -0.996195, 0
13.85, 2025-07-03__00-39-00.132113, -0.0477666, -0.305268, 0.0325041, -1.7583, -0.0186175, 1.32086, 0.72223, 0.000410771, -0.788929, -0.0174642, -0.787317, -0.0167139, -0.425632, -0.00313068, 0.0145601, -6.97955, -0.516195, 22.7733, 0.282612, 2.91704, -0.522239, 0, 0, 0, 0, 0, 0, 0, 0.397116, -0.012358, 0.430739, 0.486346, -0.0158237, 0.742576, 0.996195, -3.71201e-12, -0.0871557, -4.46982e-12, -1, -8.49977e-12, -0.0871557, 8.857e-12, -0.996195, 0
13.86, 2025-07-03__00-39-00.142113, -0.0477489, -0.312134, 0.0324056, -1.76355, -0.018731, 1.31678, 0.72218, 0.00270779, -0.660562, -0.00466206, -0.439461, -0.00924737, -0.400528, -0.00476379, -0.205922, -5.66539, -0.757101, 19.2252, 0.130335, 2.33108, -0.527401, 0, 0, 0, 0, 0, 0, 0, 0.393688, -0.0123831, 0.431022, 0.486346, -0.0158237, 0.742576, 0.996195, -3.71201e-12, -0.0871557, -4.46982e-12, -1, -8.49977e-12, -0.0871557, 8.857e-12, -0.996195, 0
13.87, 2025-07-03__00-39-00.152112, -0.0477155, -0.318237, 0.0323601, -1.76578, -0.0188415, 1.31286, 0.722115, 0.000800758, -0.586296, -0.00589453, -0.157294, -0.0116257, -0.397538, -0.00849531, -0.148701, -2.59397, -0.622188, 15.6096, 0.0816899, 1.85931, -0.519984, 0, 0, 0, 0, 0, 0, 0, 0.391114, -0.0123719, 0.432264, 0.486346, -0.0158237, 0.742576, 0.996195, -3.71201e-12, -0.0871557, -4.46982e-12, -1, -8.49977e-12, -0.0871557, 8.857e-12, -0.996195, 0
13.88, 2025-07-03__00-39-00.162115, -0.0477338, -0.323238, 0.0323286, -1.76552, -0.0189059, 1.30892, 0.72202, -0.0107576, -0.463992, -0.00243675, 0.081353, -0.0110817, -0.394632, -0.00273069, 0.0259226, -2.3129, -0.379269, 13.6996, 0.0556534, 1.41949, -0.568568, 0, 0, 0, 0, 0, 0, 0, 0.389202, -0.0123687, 0.434115, 0.486346, -0.0158237, 0.742576, 0.996195, -3.71201e-12, -0.0871557, -4.46982e-12, -1, -8.49977e-12, -0.0871557, 8.857e-12, -0.996195, 0
13.89, 2025-07-03__00-39-00.172112, -0.0477554, -0.327355, 0.0322952, -1.76331, -0.0189802, 1.30521, 0.721884, -0.00255225, -0.405876, -0.000361251, 0.267666, -0.0104536, -0.371425, -0.0139666, -0.165777, 0.222821, -0.569545, 11.2688, -0.0125775, 0.832534, -0.512946, 0, 0, 0, 0, 0, 0, 0, 0.387905, -0.0123796, 0.436411, 0.486346, -0.0158237, 0.742576, 0.996195, -3.71201e-12, -0.0871557, -4.46982e-12, -1, -8.49977e-12, -0.0871557, 8.857e-12, -0.996195, 0
13.9, 2025-07-03__00-39-00.182112, -0.0477428, -0.331081, 0.0322793, -1.75938, -0.0190072, 1.30135, 0.721731, 0.00360587, -0.359082, 0.00220876, 0.422347, 0.000338104, -0.390921, -0.0138803, -0.368284, 2.97172, -0.775323, 9.16955, -0.141145, 0.531503, -0.522821, 0, 0, 0, 0, 0, 0, 0, 0.386981, -0.0123551, 0.439262, 0.486346, -0.0158237, 0.742576, 0.996195, -3.71201e-12, -0.0871557, -4.46982e-12, -1, -8.49977e-12, -0.0871557, 8.857e-12, -0.996195, 0
13.91, 2025-07-03__00-39-00.192113, -0.0477387, -0.333887, 0.0322826, -1.75396, -0.0190271, 1.29712, 0.721598, 0.000278677, -0.259983, 0.00219303, 0.580203, -0.000269247, -0.428747, -0.0105202, -0.288161, 3.38201, -0.643067, 8.14186, -0.151015, 0.363641, -0.552405, 0, 0, 0, 0, 0, 0, 0, 0.386323, -0.0123113, 0.442379, 0.486346, -0.0158237, 0.742576, 0.996195, -3.71201e-12, -0.0871557, -4.46982e-12, -1, -8.49977e-12, -0.0871557, 8.857e-12, -0.996195, 0
13.92, 2025-07-03__00-39-00.202112, -0.0477054, -0.335888, 0.0323001, -1.747, -0.0190782, 1.29269, 0.721444, 0.00299026, -0.187042, 0.000469719, 0.714701, -0.00266641, -0.463515, -0.0172316, -0.301823, 4.68019, -0.616464, 6.94958, -0.15798, 0.172612, -0.519757, 0, 0, 0, 0, 0, 0, 0, 0.385997, -0.0122704, 0.445792, 0.486346, -0.0158237, 0.742576, 0.996195, -3.71201e-12, -0.0871557, -4.46982e-12, -1, -8.49977e-12, -0.0871557, 8.857e-12, -0.996195, 0
13.93, 2025-07-03__00-39-00.212118, -0.0476805, -0.3374, 0.0323171, -1.73893, -0.0190937, 1.28768, 0.721282, 0.00172963, -0.143841, 0.00361145, 0.841397, 0.00346931, -0.508158, -0.0156583, -0.394952, 7.25995, -0.689744, 5.27672, -0.237458, 0.0464865, -0.536448, 0, 0, 0, 0, 0, 0, 0, 0.38574, -0.012217, 0.449442, 0.486346, -0.0158237, 0.742576, 0.996195, -3.71201e-12, -0.0871557, -4.46982e-12, -1, -8.49977e-12, -0.0871557, 8.857e-12, -0.996195, 0
13.94, 2025-07-03__00-39-00.222113, -0.0476578, -0.338189, 0.0323564, -1.72937, -0.0191109, 1.28235, 0.7211, 0.00512051, -0.0558274, 0.0020457, 0.99272, -0.00101661, -0.539256, -0.0164386, -0.403742, 8.41092, -0.651064, -7.5096, -0.234431, -0.225416, -0.53782, 0, 0, 0, 8, 0, 0, 0, 0.3857, -0.0121543, 0.453393, 0.486346, -0.0158237, 0.742576, 0.996195, -3.71201e-12, -0.0871557, -4.46982e-12, -1, -8.49977e-12, -0.0871557, 8.857e-12, -0.996195, 1
13.95, 2025-07-03__00-39-00.232116, -0.0476368, -0.338023, 0.03238, -1.71881, -0.0191042, 1.27666, 0.720877, 0.00610187, 0.0361395, 0.00129076, 1.0464, 0.00948244, -0.582521, -0.0245812, -0.381088, 7.17503, -0.613006, -7.37392, -0.289669, -0.221429, -0.48948, 0, 0, 0, 8, 0, 0, 0, 0.385856, -0.012098, 0.457434, 0.486346, -0.0158237, 0.742576, 0.996195, -3.71201e-12, -0.0871557, -4.46982e-12, -1, -8.49977e-12, -0.0871557, 8.857e-12, -0.996195, 1
13.96, 2025-07-03__00-39-00.242118, -0.0476446, -0.337724, 0.0323973, -1.71278, -0.019055, 1.27314, 0.720729, -0.00133925, 0.0437802, 0.000514009, 1.00481, 0.00789001, -0.580605, -0.0266677, -0.261435, 6.90627, -0.467838, -6.15908, -0.24919, -0.267315, -0.47458, 0, 0, 0, 8, 0, 0, 0, 0.385856, -0.0120403, 0.460009, 0.486346, -0.0158237, 0.742576, 0.996195, -3.71201e-12, -0.0871557, -4.46982e-12, -1, -8.49977e-12, -0.0871557, 8.857e-12, -0.996195, 1
13.97, 2025-07-03__00-39-00.252113, -0.0475862, -0.337569, 0.0324721, -1.6991, -0.0190877, 1.26602, 0.720351, 0.00237197, 0.0215908, -0.0015103, 0.967426, 0.0111462, -0.463971, -0.0264565, -0.405212, 9.90967, -0.615791, -6.26043, -0.273096, -1.34931, -0.475032, 0, 0, 0, 8, 0, 0, 0, 0.386017, -0.0119523, 0.464853, 0.486346, -0.0158237, 0.742576, 0.996195, -3.71201e-12, -0.0871557, -4.46982e-12, -1, -8.49977e-12, -0.0871557, 8.857e-12, -0.996195, 1
13.98, 2025-07-03__00-39-00.262112, -0.0475708, -0.337002, 0.0324448, -1.69009, -0.0190591, 1.26107, 0.720065, 0.000464574, 0.0633882, -0.00458837, 0.889564, -0.000457665, -0.510704, -0.0281476, -0.264241, 7.72549, -0.458707, -3.32648, -0.144897, -1.05396, -0.457932, 0, 0, 0, 8, 0, 0, 0, 0.386106, -0.0119055, 0.468147, 0.486346, -0.0158237, 0.742576, 0.996195, -3.71201e-12, -0.0871557, -4.46982e-12, -1, -8.49977e-12, -0.0871557, 8.857e-12, -0.996195, 1
13.99, 2025-07-03__00-39-00.272112, -0.0476067, -0.336399, 0.0324343, -1.68153, -0.0190899, 1.25549, 0.719795, -0.00549213, 0.0549778, -0.00227612, 0.878246, -0.000372851, -0.561783, -0.0273165, -0.262294, 9.10308, -0.447494, -3.3984, -0.146811, -0.807694, -0.460372, 0, 0, 0, 8, 0, 0, 0, 0.385844, -0.0118955, 0.471116, 0.486346, -0.0158237, 0.742576, 0.996195, -3.71201e-12, -0.0871557, -4.46982e-12, -1, -8.49977e-12, -0.0871557, 8.857e-12, -0.996195, 1
14, 2025-07-03__00-39-00.282110, -0.047612, -0.335811, 0.0324149, -1.67267, -0.0190733, 1.24969, 0.719591, -0.00114634, 0.0775971, -0.00379048, 0.88656, 0.00218385, -0.600711, -0.02499, -0.306772, 9.48887, -0.487957, -3.46066, -0.17074, -0.671824, -0.47358, 0, 0, 0, 8, 0, 0, 0, 0.385569, -0.0118634, 0.473933, 0.486346, -0.0158237, 0.742576, 0.996195, -3.71201e-12, -0.0871557, -4.46982e-12, -1, -8.49977e-12, -0.0871557, 8.857e-12, -0.996195, 1
14.01, 2025-07-03__00-39-00.292110, -0.0476077, -0.334469, 0.0324003, -1.66422, -0.0190823, 1.24349, 0.71941, 0.000704826, 0.139662, -0.00205655, 0.82899, -0.00106416, -0.64551, -0.0177663, -0.274231, 5.9826, -0.490666, -0.730342, -0.114101, -0.279144, -0.512952, 0, 0, 0, 8, 0, 0, 0, 0.385095, -0.0118305, 0.476884, 0.486346, -0.0158237, 0.742576, 0.996195, -3.71201e-12, -0.0871557, -4.46982e-12, -1, -8.49977e-12, -0.0871557, 8.857e-12, -0.996195, 1
14.02, 2025-07-03__00-39-00.302116, -0.0475986, -0.333434, 0.0324214, -1.65737, -0.019083, 1.23835, 0.719242, 0.00283852, 0.122331, 0.00232965, 0.872777, -0.000769043, -0.643356, -0.0164292, -0.436222, 8.44628, -0.672006, -2.77762, -0.162112, -0.410854, -0.518214, 0, 0, 0, 8, 0, 0, 0, 0.384611, -0.0117807, 0.479243, 0.486346, -0.0158237, 0.742576, 0.996195, -3.71201e-12, -0.0871557, -4.46982e-12, -1, -8.49977e-12, -0.0871557, 8.857e-12, -0.996195, 1
14.03, 2025-07-03__00-39-00.312111, -0.0475802, -0.331715, 0.0324256, -1.64678, -0.0190608, 1.23059, 0.719012, -0.00209216, 0.164272, -0.00250253, 0.882347, 0.00064544, -0.656959, -0.0223833, -0.248827, 7.5882, -0.418037, -3.10678, -0.144443, -0.371143, -0.478107, 0, 0, 0, 8, 0, 0, 0, 0.384062, -0.0117209, 0.482217, 0.486346, -0.0158237, 0.742576, 0.996195, -3.71201e-12, -0.0871557, -4.46982e-12, -1, -8.49977e-12, -0.0871557, 8.857e-12, -0.996195, 1
14.04, 2025-07-03__00-39-00.322095, -0.0476031, -0.329566, 0.0324215, -1.63839, -0.0190806, 1.22407, 0.71881, -0.00381689, 0.215527, -0.000180931, 0.830656, -0.000217086, -0.645864, -0.0223369, -0.182465, 4.31913, -0.375738, -1.94436, -0.102831, -0.321935, -0.472939, 0, 0, 0, 8, 0, 0, 0, 0.383551, -0.0116958, 0.48448, 0.486346, -0.0158237, 0.742576, 0.996195, -3.71201e-12, -0.0871557, -4.46982e-12, -1, -8.49977e-12, -0.0871557, 8.857e-12, -0.996195, 1
14.05, 2025-07-03__00-39-00.332113, -0.0475933, -0.327763, 0.0324226, -1.63008, -0.0190716, 1.21753, 0.718663, 0.00168527, 0.168084, 0.000126357, 0.836379, 1.5639e-05, -0.647746, -0.0117889, -0.337958, 7.30736, -0.53959, -6.17744, -0.151132, -0.333563, -0.534696, 0, 0, 0, 8, 0, 0, 0, 0.38296, -0.0116599, 0.486755, 0.486346, -0.0158237, 0.742576, 0.996195, -3.71201e-12, -0.0871557, -4.46982e-12, -1, -8.49977e-12, -0.0871557, 8.857e-12, -0.996195, 1
14.06, 2025-07-03__00-39-00.342116, -0.0475823, -0.326043, 0.0324279, -1.62209, -0.0190553, 1.2112, 0.71856, 0.00194129, 0.18579, -0.00108497, 0.782099, 0.0103074, -0.626756, -0.01803, -0.306892, 5.7202, -0.516733, -11.356, -0.19596, -0.372427, -0.495596, 0, 0, 0, 8, 0, 0, 0, 0.382359, -0.0116078, 0.489031, 0.486346, -0.0158237, 0.742576, 0.996195, -3.71201e-12, -0.0871557, -4.46982e-12, -1, -8.49977e-12, -0.0871557, 8.857e-12, -0.996195, 1
14.07, 2025-07-03__00-39-00.352114, -0.0475865, -0.323955, 0.0324226, -1.61541, -0.0190418, 1.20559, 0.718456, 0.000348669, 0.188168, -0.000517117, 0.621005, 0.00270169, -0.540902, -0.00524371, -0.223425, 2.08948, -0.474913, -22.8465, -0.0868853, -0.637231, -0.569001, 0, 0, 0, 8, 0, 0, 0, 0.381831, -0.011581, 0.490658, 0.486346, -0.0158237, 0.742576, 0.996195, -3.71201e-12, -0.0871557, -4.46982e-12, -1, -8.49977e-12, -0.0871557, 8.857e-12, -0.996195, 1
14.08, 2025-07-03__00-39-00.362116, -0.0476025, -0.32318, 0.0323955, -1.61132, -0.0189431, 1.20103, 0.718356, -0.00160458, 0.0345365, -0.00189192, 0.319767, 0.0121735, -0.424758, -0.01453, -0.305478, 2.99956, -0.625464, -41.9183, -0.112542, -0.909397, -0.506728, 0, 0, 0, 8, 0, 0, 0, 0.381069, -0.0115389, 0.491811, 0.486346, -0.0158237, 0.742576, 0.996195, -3.71201e-12, -0.0871557, -4.46982e-12, -1, -8.49977e-12, -0.0871557, 8.857e-12, -0.996195, 1
14.09, 2025-07-03__00-39-00.372112, -0.0476057, -0.324022, 0.0323496, -1.61126, -0.0187293, 1.19835, 0.718247, 0.000465784, -0.111209, -0.00622005, -0.0899381, 0.0290722, -0.208205, -0.0123943, -0.354759, 0.861234, -0.778863, -34.591, -0.139818, -1.64625, -0.507816, 0, 0, 0, 8, 0, 0, 0, 0.380003, -0.0114583, 0.492111, 0.486346, -0.0158237, 0.742576, 0.996195, -3.71201e-12, -0.0871557, -4.46982e-12, -1, -8.49977e-12, -0.0871557, 8.857e-12, -0.996195, 1
14.1, 2025-07-03__00-39-00.382116, -0.0476145, -0.326483, 0.032193, -1.61574, -0.0184026, 1.19799, 0.718147, -0.00170638, -0.303615, -0.015474, -0.558063, 0.0387649, 0.0120594, -0.0126844, -0.267255, -0.594622, -0.752163, -0.448922, -0.0981828, -2.27883, -0.492127, 0, 0, 0, 8, 0, 0, 0, 0.37878, -0.0113926, 0.491313, 0.486346, -0.0158237, 0.742576, 0.996195, -3.71201e-12, -0.0871557, -4.46982e-12, -1, -8.49977e-12, -0.0871557, 8.857e-12, -0.996195, 1
14.11, 2025-07-03__00-39-00.392115, -0.0476167, -0.331017, 0.0319334, -1.62445, -0.0181294, 1.19854, 0.718042, 0.00456829, -0.496329, -0.0289837, -0.958027, 0.0184497, 0.0460598, -0.0039971, -0.15945, -0.945441, -0.66976, 24.1955, 0.112553, -1.64557, -0.529953, 0, 0, 0, 8, 0, 0, 0, 0.37689, -0.0113747, 0.48965, 0.486346, -0.0158237, 0.742576, 0.996195, -3.71201e-12, -0.0871557, -4.46982e-12, -1, -8.49977e-12, -0.0871557, 8.857e-12, -0.996195, 1
14.12, 2025-07-03__00-39-00.402114, -0.0476309, -0.336766, 0.0315726, -1.63627, -0.0178862, 1.19863, 0.717956, 0.00103465, -0.59356, -0.038654, -1.22107, 0.0218746, 0.00906123, -0.0110787, 0.0924675, -3.63815, -0.408591, 36.6018, 0.176776, -0.569279, -0.475375, 0, 0, 0, 8, 0, 0, 0, 0.374081, -0.0114106, 0.487142, 0.486346, -0.0158237, 0.742576, 0.996195, -3.71201e-12, -0.0871557, -4.46982e-12, -1, -8.49977e-12, -0.0871557, 8.857e-12, -0.996195, 1
14.13, 2025-07-03__00-39-00.412114, -0.0476541, -0.343208, 0.0312217, -1.64971, -0.0177549, 1.1988, 0.717873, 0.000666367, -0.648985, -0.035429, -1.35841, 0.00420819, 0.0149346, -0.00843525, 0.134196, -5.79963, -0.429335, 42.1485, 0.322925, 0.0609994, -0.483593, 0, 0, 0, 8, 0, 0, 0, 0.370858, -0.0114799, 0.4842, 0.486346, -0.0158237, 0.742576, 0.996195, -3.71201e-12, -0.0871557, -4.46982e-12, -1, -8.49977e-12, -0.0871557, 8.857e-12, -0.996195, 1
14.14, 2025-07-03__00-39-00.422111, -0.0476553, -0.350102, 0.030924, -1.66345, -0.0177008, 1.1986, 0.717857, -0.000122753, -0.686916, -0.0306806, -1.36022, 0.00300307, -0.0199433, 0.000612016, 0.100346, -5.8516, -0.506403, 42.945, 0.315021, 0.75756, -0.536143, 0, 0, 0, 8, 0, 0, 0, 0.367352, -0.0115436, 0.481238, 0.486346, -0.0158237, 0.742576, 0.996195, -3.71201e-12, -0.0871557, -4.46982e-12, -1, -8.49977e-12, -0.0871557, 8.857e-12, -0.996195, 1
14.15, 2025-07-03__00-39-00.432113, -0.0476363, -0.356428, 0.0307288, -1.67623, -0.0177797, 1.19808, 0.717823, -0.000357268, -0.618614, -0.00985854, -1.23361, -0.0143516, -0.0583812, -0.00730576, -0.105753, -8.23362, -0.852852, 41.8965, 0.379919, 1.27074, -0.485256, 0, 0, 0, 8, 0, 0, 0, 0.363922, -0.0116037, 0.478413, 0.486346, -0.0158237, 0.742576, 0.996195, -3.71201e-12, -0.0871557, -4.46982e-12, -1, -8.49977e-12, -0.0871557, 8.857e-12, -0.996195, 1
14.16, 2025-07-03__00-39-00.442114, -0.047639, -0.36201, 0.0305599, -1.68684, -0.0177706, 1.19704, 0.717791, -0.00058223, -0.543811, -0.0158226, -0.993002, -0.00177379, -0.107351, -0.00350682, 0.0700281, -8.20035, -0.569863, 37.3772, 0.264412, 1.60285, -0.508191, 0, 0, 0, 8, 0, 0, 0, 0.360792, -0.0116342, 0.476106, 0.486346, -0.0158237, 0.742576, 0.996195, -3.71201e-12, -0.0871557, -4.46982e-12, -1, -8.49977e-12, -0.0871557, 8.857e-12, -0.996195, 1
14.17, 2025-07-03__00-39-00.452115, -0.0476352, -0.366584, 0.0304312, -1.69412, -0.0179397, 1.19535, 0.717782, -0.00208546, -0.415535, -0.0129162, -0.617828, -0.0305313, -0.183962, 0.000122805, 0.188551, -7.34089, -0.350932, 29.8742, 0.377362, 1.81039, -0.538646, 0, 0, 0, 8, 0, 0, 0, 0.358153, -0.011697, 0.474702, 0.486346, -0.0158237, 0.742576, 0.996195, -3.71201e-12, -0.0871557, -4.46982e-12, -1, -8.49977e-12, -0.0871557, 8.857e-12, -0.996195, 1
14.18, 2025-07-03__00-39-00.462116, -0.0476553, -0.369498, 0.0303433, -1.69688, -0.0181297, 1.19238, 0.717755, -0.000341546, -0.249495, -0.0046802, -0.178125, -0.0123595, -0.325485, -0.0033977, 0.0943399, -6.37788, -0.399033, 21.1328, 0.147031, 2.27338, -0.527622, 0, 0, 0, 8, 0, 0, 0, 0.356121, -0.0117769, 0.474439, 0.486346, -0.0158237, 0.742576, 0.996195, -3.71201e-12, -0.0871557, -4.46982e-12, -1, -8.49977e-12, -0.0871557, 8.857e-12, -0.996195, 1
14.19, 2025-07-03__00-39-00.472114, -0.0476531, -0.371016, 0.0303532, -1.69609, -0.018336, 1.18848, 0.717714, 0.00084644, -0.134733, 0.00657148, 0.139167, -0.017929, -0.375453, -0.00637705, -0.0531119, -5.17889, -0.550928, 14.5258, 0.0905367, 2.22642, -0.518118, 0, 0, 0, 8, 0, 0, 0, 0.354605, -0.0118083, 0.475058, 0.486346, -0.0158237, 0.742576, 0.996195, -3.71201e-12, -0.0871557, -4.46982e-12, -1, -8.49977e-12, -0.0871557, 8.857e-12, -0.996195, 1
14.2, 2025-07-03__00-39-00.482116, -0.047603, -0.37183, 0.0304115, -1.69317, -0.0184829, 1.18529, 0.717681, 0.00597129, -0.0711242, 0.00410854, 0.330342, -0.009392, -0.294147, -0.00637623, -0.100344, -3.60567, -0.548468, 10.0917, -0.00932358, 1.3599, -0.527235, 0, 0, 0, 8, 0, 0, 0, 0.353805, -0.0117949, 0.476302, 0.486346, -0.0158237, 0.742576, 0.996195, -3.71201e-12, -0.0871557, -4.46982e-12, -1, -8.49977e-12, -0.0871557, 8.857e-12, -0.996195, 1
14.21, 2025-07-03__00-39-00.492114, -0.0475439, -0.372306, 0.030439, -1.68879, -0.0185336, 1.18286, 0.717639, 0.00217827, -0.0439479, -0.000477757, 0.461319, -0.00511938, -0.223587, -0.00536369, -0.0237367, -1.05323, -0.37799, 6.5103, -0.057434, 0.561235, -0.541683, 0, 0, 0, 8, 0, 0, 0, 0.353621, -0.0117519, 0.478054, 0.486346, -0.0158237, 0.742576, 0.996195, -3.71201e-12, -0.0871557, -4.46982e-12, -1, -8.49977e-12, -0.0871557, 8.857e-12, -0.996195, 1
14.22, 2025-07-03__00-39-00.502114, -0.0475328, -0.372404, 0.0304414, -1.68335, -0.0185481, 1.18076, 0.717587, 0.00174702, -0.00122484, -0.000566032, 0.564891, -0.00507446, -0.211867, -0.00440516, -0.0330742, 0.466596, -0.347941, 4.07474, -0.081408, 0.160832, -0.554808, 0, 0, 0, 8, 0, 0, 0, 0.353802, -0.0117284, 0.480112, 0.486346, -0.0158237, 0.742576, 0.996195, -3.71201e-12, -0.0871557, -4.46982e-12, -1, -8.49977e-12, -0.0871557, 8.857e-12, -0.996195, 1
14.23, 2025-07-03__00-39-00.512115, -0.0475315, -0.372246, 0.0304309, -1.67712, -0.0185372, 1.17883, 0.717523, 0.00639206, 0.0214805, -0.00131188, 0.6366, -0.000298418, -0.190346, -0.00241665, -0.126963, 2.48924, -0.42612, 2.039, -0.143833, -0.298391, -0.574003, 0, 0, 0, 8, 0, 0, 0, 0.354214, -0.0117129, 0.48239, 0.486346, -0.0158237, 0.742576, 0.996195, -3.71201e-12, -0.0871557, -4.46982e-12, -1, -8.49977e-12, -0.0871557, 8.857e-12, -0.996195, 1
14.24, 2025-07-03__00-39-00.522114, -0.047548, -0.371805, 0.0304284, -1.67043, -0.0185415, 1.17691, 0.717444, -0.00212686, 0.0504543, 3.83635e-05, 0.672245, 0.00092627, -0.195199, -0.0088637, -0.0612779, 3.47122, -0.322715, 1.16841, -0.146301, -0.529411, -0.54145, 0, 0, 0, 8, 0, 0, 0, 0.354757, -0.0117029, 0.48478, 0.486346, -0.0158237, 0.742576, 0.996195, -3.71201e-12, -0.0871557, -4.46982e-12, -1, -8.49977e-12, -0.0871557, 8.857e-12, -0.996195, 1
14.25, 2025-07-03__00-39-00.532116, -0.0475329, -0.371211, 0.0304345, -1.66365, -0.0185372, 1.17447, 0.717354, 0.00357955, 0.0558636, 0.000451197, 0.680589, -0.00188708, -0.250394, -0.00421705, -0.173265, 4.854, -0.448587, 0.615235, -0.149769, -0.345961, -0.571378, 0, 0, 0, 8, 0, 0, 0, 0.355168, -0.0116728, 0.487128, 0.486346, -0.0158237, 0.742576, 0.996195, -3.71201e-12, -0.0871557, -4.46982e-12, -1, -8.49977e-12, -0.0871557, 8.857e-12, -0.996195, 1
14.26, 2025-07-03__00-39-00.542117, -0.0475237, -0.370505, 0.0304421, -1.65654, -0.0185352, 1.17175, 0.717265, 0.000234136, 0.0817856, -0.000269508, 0.719918, -1.86622e-05, -0.274424, -0.00422951, -0.141313, 5.9192, -0.37884, -0.539909, -0.165325, -0.420715, -0.575132, 0, 0, 0, 8, 0, 0, 0, 0.355509, -0.0116432, 0.489538, 0.486346, -0.0158237, 0.742576, 0.996195, -3.71201e-12, -0.0871557, -4.46982e-12, -1, -8.49977e-12, -0.0871557, 8.857e-12, -0.996195, 1
14.27, 2025-07-03__00-39-00.552115, -0.0475229, -0.369438, 0.0304369, -1.64907, -0.0185313, 1.169, 0.717169, 0.000278938, 0.112243, -0.00107427, 0.751855, 0.00719263, -0.272884, -0.0060186, -0.152027, 6.59491, -0.369209, -1.64485, -0.217232, -0.662451, -0.56837, 0, 0, 0, 8, 0, 0, 0, 0.355946, -0.0116193, 0.491969, 0.486346, -0.0158237, 0.742576, 0.996195, -3.71201e-12, -0.0871557, -4.46982e-12, -1, -8.49977e-12, -0.0871557, 8.857e-12, -0.996195, 1
14.28, 2025-07-03__00-39-00.562117, -0.0475392, -0.368158, 0.0304334, -1.64164, -0.0185353, 1.16586, 0.717072, 0.00345615, 0.127731, 0.000537103, 0.729556, 0.000446137, -0.331771, -0.00941936, -0.210828, 6.61194, -0.450775, -1.81238, -0.176762, -0.372794, -0.548804, 0, 0, 0, 8, 0, 0, 0, 0.35628, -0.0116113, 0.494289, 0.486346, -0.0158237, 0.742576, 0.996195, -3.71201e-12, -0.0871557, -4.46982e-12, -1, -8.49977e-12, -0.0871557, 8.857e-12, -0.996195, 1
14.29, 2025-07-03__00-39-00.572112, -0.0475345, -0.366735, 0.0304449, -1.63434, -0.0185305, 1.16233, 0.716984, 0.00281804, 0.142592, 0.00192447, 0.734286, -0.000326428, -0.355459, -0.00232755, -0.232703, 7.0606, -0.47254, -3.58526, -0.177668, -0.335219, -0.592756, 0, 0, 0, 8, 0, 0, 0, 0.356448, -0.011582, 0.496476, 0.486346, -0.0158237, 0.742576, 0.996195, -3.71201e-12, -0.0871557, -4.46982e-12, -1, -8.49977e-12, -0.0871557, 8.857e-12, -0.996195, 1
14.3, 2025-07-03__00-39-00.582116, -0.0475018, -0.365179, 0.0304506, -1.62698, -0.0185121, 1.15881, 0.716902, 0.00137641, 0.161734, -0.000333573, 0.727503, 0.00353306, -0.350079, -0.00256001, -0.183631, 7.02116, -0.395033, -6.94427, -0.191532, -0.477821, -0.592225, 0, 0, 0, 8, 0, 0, 0, 0.356627, -0.0115393, 0.49864, 0.486346, -0.0158237, 0.742576, 0.996195, -3.71201e-12, -0.0871557, -4.46982e-12, -1, -8.49977e-12, -0.0871557, 8.857e-12, -0.996195, 1
14.31, 2025-07-03__00-39-00.592115, -0.0475018, -0.363491, 0.0304485, -1.62017, -0.0185027, 1.15549, 0.716799, -0.00044873, 0.162371, -0.00124404, 0.658102, 0.000949959, -0.323608, -0.011085, -0.138939, 6.31726, -0.350179, -13.2918, -0.149149, -0.648824, -0.539975, 0, 0, 0, 8, 0, 0, 0, 0.356814, -0.0115127, 0.50057, 0.486346, -0.0158237, 0.742576, 0.996195, -3.71201e-12, -0.0871557, -4.46982e-12, -1, -8.49977e-12, -0.0871557, 8.857e-12, -0.996195, 1
14.32, 2025-07-03__00-39-00.602115, -0.0475119, -0.362095, 0.0304469, -1.6148, -0.0184729, 1.15248, 0.716716, 0.0011503, 0.122864, 0.0010956, 0.476112, 0.0119411, -0.2899, -0.0118616, -0.226634, 4.81058, -0.525201, -24.6088, -0.188822, -0.655329, -0.53195, 0, 0, 0, 8, 0, 0, 0, 0.356848, -0.011495, 0.502077, 0.486346, -0.0158237, 0.742576, 0.996195, -3.71201e-12, -0.0871557, -4.46982e-12, -1, -8.49977e-12, -0.0871557, 8.857e-12, -0.996195, 1
14.33, 2025-07-03__00-39-00.612116, -0.0475073, -0.361697, 0.0304297, -1.61236, -0.0183778, 1.15055, 0.716661, -0.000228216, 0.00934194, -0.00259518, 0.158755, 0.0129301, -0.151571, -0.00323508, -0.204592, 3.61755, -0.566292, -31.9455, -0.124131, -1.13382, -0.579295, 0, 0, 0, 8, 0, 0, 0, 0.356632, -0.0114484, 0.502871, 0.486346, -0.0158237, 0.742576, 0.996195, -3.71201e-12, -0.0871557, -4.46982e-12, -1, -8.49977e-12, -0.0871557, 8.857e-12, -0.996195, 1
14.34, 2025-07-03__00-39-00.622114, -0.0475039, -0.362728, 0.0303912, -1.61363, -0.018236, 1.15052, 0.716613, 0.000717046, -0.140408, -0.00595389, -0.219873, 0.016903, 0.0241111, -0.00649463, -0.246758, 2.63289, -0.708126, -17.3406, -0.0760297, -1.75131, -0.552295, 0, 0, 0, 8, 0, 0, 0, 0.356273, -0.0114044, 0.50282, 0.486346, -0.0158237, 0.742576, 0.996195, -3.71201e-12, -0.0871557, -4.46982e-12, -1, -8.49977e-12, -0.0871557, 8.857e-12, -0.996195, 1
14.35, 2025-07-03__00-39-00.632117, -0.0475141, -0.365392, 0.0302657, -1.61854, -0.0180358, 1.15146, 0.716529, -0.00388196, -0.300418, -0.012579, -0.563019, 0.0211804, 0.0846494, -0.0129122, -0.166276, 2.55319, -0.662, 6.2651, -0.0296315, -1.55858, -0.502112, 0, 0, 0, 8, 0, 0, 0, 0.355458, -0.0113757, 0.501962, 0.486346, -0.0158237, 0.742576, 0.996195, -3.71201e-12, -0.0871557, -4.46982e-12, -1, -8.49977e-12, -0.0871557, 8.857e-12, -0.996195, 1
14.36, 2025-07-03__00-39-00.642115, -0.0475356, -0.368988, 0.0300412, -1.62601, -0.0178954, 1.15204, 0.716453, -0.00286809, -0.375591, -0.0236151, -0.791884, 0.0112566, 0.0339036, -0.0113341, 0.0497285, 0.201321, -0.421343, 22.0357, 0.114132, -0.642649, -0.501683, 0, 0, 0, 8, 0, 0, 0, 0.35396, -0.0114042, 0.500423, 0.486346, -0.0158237, 0.742576, 0.996195, -3.71201e-12, -0.0871557, -4.46982e-12, -1, -8.49977e-12, -0.0871557, 8.857e-12, -0.996195, 1
14.37, 2025-07-03__00-39-00.652113, -0.0475553, -0.37298, 0.0297746, -1.63491, -0.0178564, 1.15184, 0.716429, -0.00130256, -0.411057, -0.0252582, -0.88801, 0.00116798, -0.0173424, -0.000892404, 0.130688, -1.67323, -0.359266, 29.1836, 0.209079, 0.175441, -0.561199, 0, 0, 0, 8, 0, 0, 0, 0.351842, -0.0114759, 0.498365, 0.486346, -0.0158237, 0.742576, 0.996195, -3.71201e-12, -0.0871557, -4.46982e-12, -1, -8.49977e-12, -0.0871557, 8.857e-12, -0.996195, 1
14.38, 2025-07-03__00-39-00.662114, -0.0475798, -0.377099, 0.0295806, -1.6436, -0.0178882, 1.15174, 0.716408, -0.00538069, -0.396081, -0.0186026, -0.836528, -0.00270663, -0.0151141, -0.00211442, 0.137077, -2.61483, -0.38436, 30.4075, 0.225119, 0.374112, -0.554336, 0, 0, 0, 8, 0, 0, 0, 0.349722, -0.0115477, 0.496392, 0.486346, -0.0158237, 0.742576, 0.996195, -3.71201e-12, -0.0871557, -4.46982e-12, -1, -8.49977e-12, -0.0871557, 8.857e-12, -0.996195, 1
14.39, 2025-07-03__00-39-00.672114, -0.0475684, -0.380466, 0.0294717, -1.65096, -0.0179191, 1.1509, 0.71637, 9.63542e-05, -0.311553, -0.00865977, -0.683279, -0.00350192, -0.115174, -0.00493388, 0.0192637, -4.74918, -0.569918, 29.3277, 0.186064, 1.12415, -0.531562, 0, 0, 0, 8, 0, 0, 0, 0.347682, -0.0115738, 0.494637, 0.486346, -0.0158237, 0.742576, 0.996195, -3.71201e-12, -0.0871557, -4.46982e-12, -1, -8.49977e-12, -0.0871557, 8.857e-12, -0.996195, 1
14.4, 2025-07-03__00-39-00.682117, -0.0475549, -0.382789, 0.0294377, -1.65575, -0.0179754, 1.14884, 0.71635, 8.89927e-05, -0.209608, -0.000281112, -0.38833, -0.0177048, -0.231721, -0.00106658, -0.00830709, -4.52023, -0.57234, 24.0818, 0.202024, 1.73995, -0.552259, 0, 0, 0, 8, 0, 0, 0, 0.345761, -0.0115748, 0.493404, 0.486346, -0.0158237, 0.742576, 0.996195, -3.71201e-12, -0.0871557, -4.46982e-12, -1, -8.49977e-12, -0.0871557, 8.857e-12, -0.996195, 1
14.41, 2025-07-03__00-39-00.692114, -0.0475377, -0.383692, 0.0294358, -1.6566, -0.0181501, 1.14583, 0.716335, 0.00192179, -0.0566887, -0.00210023, -0.0105087, -0.0071832, -0.320099, 0.00174585, 0.0758734, -4.43245, -0.367815, 17.0753, 0.0686565, 1.94848, -0.575132, 0, 0, 0, 8, 0, 0, 0, 0.344351, -0.011599, 0.493168, 0.486346, -0.0158237, 0.742576, 0.996195, -3.71201e-12, -0.0871557, -4.46982e-12, -1, -8.49977e-12, -0.0871557, 8.857e-12, -0.996195, 1
14.42, 2025-07-03__00-39-00.702116, -0.0475502, -0.383543, 0.0294609, -1.65479, -0.0182787, 1.14246, 0.716306, 0.000915544, 0.0265635, 0.00686015, 0.229655, -0.00761777, -0.325107, 0.000107704, -0.0189161, -3.54426, -0.462572, 12.0581, 0.00269738, 1.71817, -0.570173, 0, 0, 0, 8, 0, 0, 0, 0.343425, -0.011614, 0.493617, 0.486346, -0.0158237, 0.742576, 0.996195, -3.71201e-12, -0.0871557, -4.46982e-12, -1, -8.49977e-12, -0.0871557, 8.857e-12, -0.996195, 1
14.43, 2025-07-03__00-39-00.712117, -0.0475455, -0.382852, 0.0295506, -1.65108, -0.0183909, 1.13974, 0.716274, 0.00400723, 0.0754242, 0.00928161, 0.402605, -0.00657212, -0.252737, -0.000261511, -0.109788, -1.84182, -0.534418, 7.78543, -0.0564605, 0.949775, -0.573648, 0, 0, 0, 8, 0, 0, 0, 0.343103, -0.0115993, 0.494632, 0.486346, -0.0158237, 0.742576, 0.996195, -3.71201e-12, -0.0871557, -4.46982e-12, -1, -8.49977e-12, -0.0871557, 8.857e-12, -0.996195, 1
14.44, 2025-07-03__00-39-00.722115, -0.0474983, -0.381781, 0.0296337, -1.64624, -0.0184469, 1.13763, 0.716236, 0.00599985, 0.1109, 0.00372612, 0.493577, -0.00368262, -0.206602, -0.00425259, -0.0626532, -0.883677, -0.417054, 5.28151, -0.084522, 0.415056, -0.552581, 0, 0, 0, 8, 0, 0, 0, 0.34328, -0.0115607, 0.496027, 0.486346, -0.0158237, 0.742576, 0.996195, -3.71201e-12, -0.0871557, -4.46982e-12, -1, -8.49977e-12, -0.0871557, 8.857e-12, -0.996195, 1
14.45, 2025-07-03__00-39-00.732113, -0.0474985, -0.380438, 0.0296827, -1.64088, -0.0184594, 1.13562, 0.716187, -0.00114244, 0.137479, 0.00143425, 0.543983, -0.00123253, -0.185911, -0.00588593, 0.0515486, -0.284665, -0.235254, 3.4387, -0.09216, 0.0967035, -0.545514, 0, 0, 0, 8, 0, 0, 0, 0.343639, -0.0115312, 0.497525, 0.486346, -0.0158237, 0.742576, 0.996195, -3.71201e-12, -0.0871557, -4.46982e-12, -1, -8.49977e-12, -0.0871557, 8.857e-12, -0.996195, 1
14.46, 2025-07-03__00-39-00.742115, -0.0475133, -0.379205, 0.0297082, -1.63508, -0.0184664, 1.1338, 0.716138, -0.000628173, 0.121927, 0.00183661, 0.588067, 0.000463365, -0.182749, -0.00178451, -0.0278477, 2.49045, -0.298487, 0.223554, -0.137115, -0.133169, -0.574565, 0, 0, 0, 8, 0, 0, 0, 0.344109, -0.0115204, 0.499224, 0.486346, -0.0158237, 0.742576, 0.996195, -3.71201e-12, -0.0871557, -4.46982e-12, -1, -8.49977e-12, -0.0871557, 8.857e-12, -0.996195, 1
14.47, 2025-07-03__00-39-00.752114, -0.0475171, -0.3778, 0.0297127, -1.62898, -0.0184579, 1.13204, 0.716087, -0.000354432, 0.154029, 0.00219095, 0.602955, 0.000240549, -0.176496, -0.00109706, -0.0285284, 2.35916, -0.292386, -2.39564, -0.134345, -0.347429, -0.581882, 0, 0, 0, 8, 0, 0, 0, 0.344664, -0.0115107, 0.501017, 0.486346, -0.0158237, 0.742576, 0.996195, -3.71201e-12, -0.0871557, -4.46982e-12, -1, -8.49977e-12, -0.0871557, 8.857e-12, -0.996195, 1
14.48, 2025-07-03__00-39-00.762115, -0.0475084, -0.376236, 0.0297267, -1.62302, -0.0184555, 1.13044, 0.716037, 0.00300555, 0.143499, 0.000518752, 0.586403, 0.000139954, -0.152162, -0.00512517, -0.080722, 3.56174, -0.341101, -7.56341, -0.141701, -0.640078, -0.560137, 0, 0, 0, 8, 0, 0, 0, 0.345288, -0.0114903, 0.5027, 0.486346, -0.0158237, 0.742576, 0.996195, -3.71201e-12, -0.0871557, -4.46982e-12, -1, -8.49977e-12, -0.0871557, 8.857e-12, -0.996195, 1
14.49, 2025-07-03__00-39-00.772115, -0.0474919, -0.375031, 0.0297298, -1.61779, -0.0184236, 1.12892, 0.715986, 0.000248153, 0.112141, 0.000467402, 0.498553, 0.00222384, -0.149229, -0.0129489, -0.0890964, 4.12905, -0.361066, -15.5093, -0.140431, -0.662019, -0.51282, 0, 0, 0, 8, 0, 0, 0, 0.34578, -0.0114659, 0.504251, 0.486346, -0.0158237, 0.742576, 0.996195, -3.71201e-12, -0.0871557, -4.46982e-12, -1, -8.49977e-12, -0.0871557, 8.857e-12, -0.996195, 1
14.5, 2025-07-03__00-39-00.782114, -0.0474886, -0.374319, 0.0297274, -1.61447, -0.0183826, 1.12774, 0.715959, 0.000191494, 0.0487383, 0.000436848, 0.268543, 0.00369133, -0.0999762, -0.00668122, -0.116095, 2.76933, -0.462196, -22.3263, -0.10006, -0.733835, -0.54894, 0, 0, 0, 8, 0, 0, 0, 0.34602, -0.0114455, 0.505301, 0.486346, -0.0158237, 0.742576, 0.996195, -3.71201e-12, -0.0871557, -4.46982e-12, -1, -8.49977e-12, -0.0871557, 8.857e-12, -0.996195, 1
14.51, 2025-07-03__00-39-00.792114, -0.047502, -0.374719, 0.0297057, -1.61405, -0.0183113, 1.12771, 0.715946, -0.00351028, -0.0721966, -0.00213883, -0.0292434, 0.00886786, 0.0344731, -0.00358597, -0.112152, 2.47912, -0.522139, -19.0511, -0.0703657, -1.25679, -0.566562, 0, 0, 0, 8, 0, 0, 0, 0.346024, -0.0114291, 0.505659, 0.486346, -0.0158237, 0.742576, 0.996195, -3.71201e-12, -0.0871557, -4.46982e-12, -1, -8.49977e-12, -0.0871557, 8.857e-12, -0.996195, 1
14.52, 2025-07-03__00-39-00.802114, -0.0475017, -0.376456, 0.0296379, -1.61647, -0.0182006, 1.12861, 0.715912, -0.00019422, -0.193653, -0.0127793, -0.295173, 0.0119777, 0.0912629, -0.00122359, -0.0582864, 2.68949, -0.474574, -4.75862, -0.0321388, -1.25129, -0.576061, 0, 0, 0, 8, 0, 0, 0, 0.34572, -0.0114057, 0.505426, 0.486346, -0.0158237, 0.742576, 0.996195, -3.71201e-12, -0.0871557, -4.46982e-12, -1, -8.49977e-12, -0.0871557, 8.857e-12, -0.996195, 1
14.53, 2025-07-03__00-39-00.812157, -0.0475085, -0.378926, 0.029509, -1.62084, -0.0181313, 1.12921, 0.715877, -0.00257698, -0.252763, -0.0206576, -0.467074, 0.00499304, 0.0358624, -0.00242869, 0.11225, 1.42063, -0.276458, 9.10652, 0.0748759, -0.519581, -0.563653, 0, 0, 0, 8, 0, 0, 0, 0.344905, -0.0114215, 0.504677, 0.486346, -0.0158237, 0.742576, 0.996195, -3.71201e-12, -0.0871557, -4.46982e-12, -1, -8.49977e-12, -0.0871557, 8.857e-12, -0.996195, 1
14.54, 2025-07-03__00-39-00.822112, -0.0475352, -0.38163, 0.0293455, -1.62634, -0.0181306, 1.12898, 0.715866, -0.00250341, -0.276013, -0.0140059, -0.553034, -0.00297867, -0.0220407, -0.00156846, 0.0572266, -0.200351, -0.418486, 17.7342, 0.13643, 0.195746, -0.566524, 0, 0, 0, 8, 0, 0, 0, 0.343546, -0.0114748, 0.503502, 0.486346, -0.0158237, 0.742576, 0.996195, -3.71201e-12, -0.0871557, -4.46982e-12, -1, -8.49977e-12, -0.0871557, 8.857e-12, -0.996195, 1
14.55, 2025-07-03__00-39-00.832114, -0.0475737, -0.384208, 0.0292337, -1.63134, -0.0181843, 1.12861, 0.715859, -0.00429315, -0.23904, -0.0120844, -0.463888, -0.00420111, -0.0478025, -0.00380897, 0.101224, -0.849755, -0.36089, 19.3854, 0.134363, 0.414621, -0.555527, 0, 0, 0, 8, 0, 0, 0, 0.342183, -0.0115303, 0.502415, 0.486346, -0.0158237, 0.742576, 0.996195, -3.71201e-12, -0.0871557, -4.46982e-12, -1, -8.49977e-12, -0.0871557, 8.857e-12, -0.996195, 1
14.56, 2025-07-03__00-39-00.842116, -0.047568, -0.385828, 0.0291665, -1.63431, -0.0182108, 1.12741, 0.715842, 0.00147498, -0.128998, -0.00329843, -0.230569, -0.00523791, -0.15138, 0.000472869, -0.0104059, -1.80419, -0.49904, 16.7904, 0.0764111, 0.934896, -0.580235, 0, 0, 0, 8, 0, 0, 0, 0.341005, -0.0115503, 0.501725, 0.486346, -0.0158237, 0.742576, 0.996195, -3.71201e-12, -0.0871557, -4.46982e-12, -1, -8.49977e-12, -0.0871557, 8.857e-12, -0.996195, 1
14.57, 2025-07-03__00-39-00.852114, -0.0475499, -0.386196, 0.0291892, -1.63449, -0.018275, 1.12487, 0.715832, 0.00190637, -0.0190591, 0.00169417, 0.0437031, -0.00828219, -0.274057, -0.00183629, -0.0166097, -1.7517, -0.460471, 11.913, 0.033942, 1.50669, -0.565559, 0, 0, 0, 8, 0, 0, 0, 0.339988, -0.0115373, 0.501601, 0.486346, -0.0158237, 0.742576, 0.996195, -3.71201e-12, -0.0871557, -4.46982e-12, -1, -8.49977e-12, -0.0871557, 8.857e-12, -0.996195, 1
14.58, 2025-07-03__00-39-00.862115, -0.0475124, -0.385929, 0.0292605, -1.63261, -0.0183249, 1.12216, 0.715818, 0.00328981, 0.0385721, 0.00701289, 0.223162, -0.00462314, -0.259113, -0.00506903, -0.109897, -0.783614, -0.551853, 7.47793, -0.0453009, 1.20249, -0.546712, 0, 0, 0, 8, 0, 0, 0, 0.339315, -0.0114943, 0.502063, 0.486346, -0.0158237, 0.742576, 0.996195, -3.71201e-12, -0.0871557, -4.46982e-12, -1, -8.49977e-12, -0.0871557, 8.857e-12, -0.996195, 1
14.59, 2025-07-03__00-39-00.872112, -0.04749, -0.385021, 0.0293482, -1.62937, -0.01832, 1.12006, 0.715806, 0.000573212, 0.107425, 0.00607002, 0.330488, 0.00149293, -0.19771, -0.00374093, -0.0308771, -1.5758, -0.423006, 4.29129, -0.0861685, 0.613275, -0.555533, 0, 0, 0, 8, 0, 0, 0, 0.339183, -0.0114397, 0.502884, 0.486346, -0.0158237, 0.742576, 0.996195, -3.71201e-12, -0.0871557, -4.46982e-12, -1, -8.49977e-12, -0.0871557, 8.857e-12, -0.996195, 1
14.6, 2025-07-03__00-39-00.882113, -0.0474992, -0.383834, 0.029438, -1.62557, -0.0183286, 1.11839, 0.715798, -0.000813083, 0.113292, 0.010812, 0.381098, -0.000870038, -0.155774, -0.0055199, -0.111141, -0.331232, -0.521255, 0.154393, -0.0990537, 0.198695, -0.546307, 0, 0, 0, 8, 0, 0, 0, 0.339356, -0.0114022, 0.503838, 0.486346, -0.0158237, 0.742576, 0.996195, -3.71201e-12, -0.0871557, -4.46982e-12, -1, -8.49977e-12, -0.0871557, 8.857e-12, -0.996195, 1
14.61, 2025-07-03__00-39-00.892114, -0.047497, -0.382833, 0.0294892, -1.62165, -0.0183095, 1.11705, 0.715789, 0.000708875, 0.0929048, 0.000711959, 0.377871, 0.00174527, -0.127698, 0.000606697, -0.017812, 1.21442, -0.340163, -4.89381, -0.107963, -0.0720896, -0.585675, 0, 0, 0, 8, 0, 0, 0, 0.339646, -0.0113678, 0.504926, 0.486346, -0.0158237, 0.742576, 0.996195, -3.71201e-12, -0.0871557, -4.46982e-12, -1, -8.49977e-12, -0.0871557, 8.857e-12, -0.996195, 1
14.62, 2025-07-03__00-39-00.902112, -0.0474901, -0.381957, 0.0294983, -1.61834, -0.0183, 1.11611, 0.71576, 0.00198183, 0.0813862, 0.00135625, 0.306587, 0.000489669, -0.0792215, -0.00317186, -0.0503466, 0.787808, -0.404447, -9.63386, -0.0858459, -0.378886, -0.563374, 0, 0, 0, 8, 0, 0, 0, 0.339967, -0.0113529, 0.505878, 0.486346, -0.0158237, 0.742576, 0.996195, -3.71201e-12, -0.0871557, -4.46982e-12, -1, -8.49977e-12, -0.0871557, 8.857e-12, -0.996195, 1
14.63, 2025-07-03__00-39-00.912116, -0.0474991, -0.381638, 0.0294839, -1.61632, -0.0182739, 1.11577, 0.71574, -0.00417905, 0.0106649, -0.000956691, 0.162975, 0.00801853, -0.0158418, -0.00208282, -0.0137676, 1.60174, -0.371917, -13.1472, -0.102473, -0.674947, -0.571456, 0, 0, 0, 8, 0, 0, 0, 0.340219, -0.0113503, 0.506555, 0.486346, -0.0158237, 0.742576, 0.996195, -3.71201e-12, -0.0871557, -4.46982e-12, -1, -8.49977e-12, -0.0871557, 8.857e-12, -0.996195, 1
14.64, 2025-07-03__00-39-00.922113, -0.0475016, -0.382133, 0.0294618, -1.61618, -0.0182653, 1.11601, 0.715721, -0.0019521, -0.0642813, -0.00141882, -0.0231565, -2.27361e-05, 0.0280952, 0.00127843, -0.0656327, 1.51221, -0.486707, -10.2729, -0.0203665, -0.744407, -0.590951, 0, 0, 0, 8, 0, 0, 0, 0.340267, -0.0113497, 0.506832, 0.486346, -0.0158237, 0.742576, 0.996195, -3.71201e-12, -0.0871557, -4.46982e-12, -1, -8.49977e-12, -0.0871557, 8.857e-12, -0.996195, 1
14.65, 2025-07-03__00-39-00.932112, -0.0475054, -0.383196, 0.0294233, -1.61761, -0.0182697, 1.11644, 0.715695, 0.000544427, -0.124416, -0.00753365, -0.17048, -0.00102622, 0.0433514, -0.00547797, -0.0288551, 1.26929, -0.455295, -3.23616, 0.0236403, -0.625946, -0.548707, 0, 0, 0, 8, 0, 0, 0, 0.340051, -0.0113653, 0.506694, 0.486346, -0.0158237, 0.742576, 0.996195, -3.71201e-12, -0.0871557, -4.46982e-12, -1, -8.49977e-12, -0.0871557, 8.857e-12, -0.996195, 1
14.66, 2025-07-03__00-39-00.942116, -0.0475135, -0.384707, 0.0293333, -1.6199, -0.0182847, 1.11644, 0.715681, -0.00147589, -0.156372, -0.0067253, -0.235307, -0.0016686, -0.0234412, 0.000868722, -0.0239952, 1.2206, -0.471412, 3.17625, 0.038426, -0.0139877, -0.586683, 0, 0, 0, 8, 0, 0, 0, 0.339477, -0.0113957, 0.506352, 0.486346, -0.0158237, 0.742576, 0.996195, -3.71201e-12, -0.0871557, -4.46982e-12, -1, -8.49977e-12, -0.0871557, 8.857e-12, -0.996195, 1
14.67, 2025-07-03__00-39-00.952115, -0.0475466, -0.386116, 0.0292357, -1.62207, -0.0182996, 1.11585, 0.715683, -0.00676827, -0.12944, -0.00931132, -0.202518, -0.00149236, -0.0632576, 0.000970268, 0.124155, 0.264974, -0.269145, 6.52658, 0.0564105, 0.300496, -0.590044, 0, 0, 0, 8, 0, 0, 0, 0.338691, -0.0114357, 0.505966, 0.486346, -0.0158237, 0.742576, 0.996195, -3.71201e-12, -0.0871557, -4.46982e-12, -1, -8.49977e-12, -0.0871557, 8.857e-12, -0.996195, 1
14.68, 2025-07-03__00-39-00.962117, -0.0475551, -0.386963, 0.0292004, -1.62327, -0.0183286, 1.115, 0.715662, -0.000265219, -0.0733206, -0.00335497, -0.0891974, -0.00133919, -0.0947892, -0.00541946, -2.23483e-05, -0.286566, -0.43803, 6.26977, 0.0147036, 0.42565, -0.55126, 0, 0, 0, 8, 0, 0, 0, 0.338044, -0.0114546, 0.505731, 0.486346, -0.0158237, 0.742576, 0.996195, -3.71201e-12, -0.0871557, -4.46982e-12, -1, -8.49977e-12, -0.0871557, 8.857e-12, -0.996195, 1
14.69, 2025-07-03__00-39-00.972113, -0.0475282, -0.387298, 0.029222, -1.62325, -0.0183067, 1.11376, 0.715662, 0.00246165, -0.0258067, 0.00207849, 0.0220177, 0.00142852, -0.134123, -0.000801408, -0.0913393, -0.346577, -0.554138, 4.29426, -0.04245, 0.587463, -0.576978, 0, 0, 0, 8, 0, 0, 0, 0.337542, -0.011417, 0.505773, 0.486346, -0.0158237, 0.742576, 0.996195, -3.71201e-12, -0.0871557, -4.46982e-12, -1, -8.49977e-12, -0.0871557, 8.857e-12, -0.996195, 1
14.7, 2025-07-03__00-39-00.982113, -0.0475053, -0.387328, 0.0292492, -1.62278, -0.0183104, 1.11284, 0.715648, 0.00289287, -0.00156881, 0.00397855, 0.0704002, 6.45301e-05, -0.131159, -0.00332982, -0.108715, -0.531578, -0.574682, 2.91138, -0.0451153, 0.522268, -0.560255, 0, 0, 0, 8, 0, 0, 0, 0.337234, -0.0113898, 0.505937, 0.486346, -0.0158237, 0.742576, 0.996195, -3.71201e-12, -0.0871557, -4.46982e-12, -1, -8.49977e-12, -0.0871557, 8.857e-12, -0.996195, 1
14.71, 2025-07-03__00-39-00.992114, -0.047484, -0.387138, 0.0292918, -1.62131, -0.0183006, 1.11168, 0.715642, 0.00195322, 0.0212048, 0.00127343, 0.12027, 7.12523e-07, -0.0758737, 0.000817264, -0.0484486, -0.417785, -0.469827, -0.153138, -0.0440272, 0.0668517, -0.586183, 0, 0, 0, 8, 0, 0, 0, 0.337078, -0.0113539, 0.506342, 0.486346, -0.0158237, 0.742576, 0.996195, -3.71201e-12, -0.0871557, -4.46982e-12, -1, -8.49977e-12, -0.0871557, 8.857e-12, -0.996195, 1
14.72, 2025-07-03__00-39-01.002112, -0.0474959, -0.386899, 0.0293037, -1.62014, -0.0182988, 1.1111, 0.715626, -0.0016597, 0.0213989, 0.00476972, 0.117111, 0.00380978, -0.0489626, -0.00337337, -0.0721955, -0.329118, -0.514685, -2.11392, -0.0710411, -0.130412, -0.561394, 0, 0, 0, 8, 0, 0, 0, 0.337086, -0.0113489, 0.506686, 0.486346, -0.0158237, 0.742576, 0.996195, -3.71201e-12, -0.0871557, -4.46982e-12, -1, -8.49977e-12, -0.0871557, 8.857e-12, -0.996195, 1
14.73, 2025-07-03__00-39-01.012113, -0.047507, -0.386783, 0.0293033, -1.61927, -0.0182982, 1.11071, 0.715616, -0.000106838, 0.00371072, 7.80918e-05, 0.0797212, 1.58528e-05, -0.0367565, -0.00132792, -0.0239148, -0.126965, -0.438831, -3.22513, -0.0328552, -0.176881, -0.574383, 0, 0, 0, 8, 0, 0, 0, 0.337103, -0.0113475, 0.50697, 0.486346, -0.0158237, 0.742576, 0.996195, -3.71201e-12, -0.0871557, -4.46982e-12, -1, -8.49977e-12, -0.0871557, 8.857e-12, -0.996195, 1
14.74, 2025-07-03__00-39-01.022111, -0.0474986, -0.386923, 0.0292971, -1.61887, -0.0182894, 1.11057, 0.715612, 0.00291257, -0.0178187, 0.000405852, 0.0287479, -0.000232241, -0.00650112, 1.07507e-05, -0.0810784, -0.0203863, -0.527987, -3.23662, -0.029987, -0.328208, -0.582598, 0, 0, 0, 8, 0, 0, 0, 0.337091, -0.0113439, 0.50717, 0.486346, -0.0158237, 0.742576, 0.996195, -3.71201e-12, -0.0871557, -4.46982e-12, -1, -8.49977e-12, -0.0871557, 8.857e-12, -0.996195, 1
14.75, 2025-07-03__00-39-01.032110, -0.0475049, -0.387231, 0.0292879, -1.61896, -0.0182921, 1.11054, 0.715605, -0.00124038, -0.0338567, -0.000725586, -0.0136131, -6.43664e-05, -0.00428361, -0.00226348, -0.0238448, -0.0822107, -0.459043, -2.24914, -0.012627, -0.286717, -0.569182, 0, 0, 0, 8, 0, 0, 0, 0.337022, -0.0113478, 0.507248, 0.486346, -0.0158237, 0.742576, 0.996195, -3.71201e-12, -0.0871557, -4.46982e-12, -1, -8.49977e-12, -0.0871557, 8.857e-12, -0.996195, 1
14.76, 2025-07-03__00-39-01.042113, -0.0475048, -0.387687, 0.0292637, -1.61927, -0.018294, 1.11047, 0.715588, -5.98997e-05, -0.0458771, -0.00369339, -0.0366867, -0.0023617, -0.0108803, -3.71442e-05, 0.00523577, 0.0565702, -0.413453, -1.22602, 0.0103055, -0.20561, -0.582557, 0, 0, 0, 8, 0, 0, 0, 0.336877, -0.01135, 0.507284, 0.486346, -0.0158237, 0.742576, 0.996195, -3.71201e-12, -0.0871557, -4.46982e-12, -1, -8.49977e-12, -0.0871557, 8.857e-12, -0.996195, 1
14.77, 2025-07-03__00-39-01.052110, -0.0475271, -0.388135, 0.029238, -1.61974, -0.0182969, 1.11034, 0.715574, -0.00126293, -0.0451137, -0.000576264, -0.0437626, 0.00690275, -0.00566047, -0.000890376, -0.0413197, -0.146017, -0.493117, -0.0822488, -0.0536959, -0.217403, -0.577963, 0, 0, 0, 8, 0, 0, 0, 0.336684, -0.0113645, 0.507253, 0.486346, -0.0158237, 0.742576, 0.996195, -3.71201e-12, -0.0871557, -4.46982e-12, -1, -8.49977e-12, -0.0871557, 8.857e-12, -0.996195, 1
14.78, 2025-07-03__00-39-01.062114, -0.0475339, -0.388521, 0.0292173, -1.62017, -0.0183017, 1.11015, 0.715569, -0.000679871, -0.0401977, -0.00253975, -0.0376816, 0.000236815, -0.0147078, 0.00182772, 0.00336761, -0.303186, -0.426796, 0.686444, -0.00514899, -0.14692, -0.594832, 0, 0, 0, 8, 0, 0, 0, 0.336487, -0.0113726, 0.507213, 0.486346, -0.0158237, 0.742576, 0.996195, -3.71201e-12, -0.0871557, -4.46982e-12, -1, -8.49977e-12, -0.0871557, 8.857e-12, -0.996195, 1
14.79, 2025-07-03__00-39-01.072110, -0.0475253, -0.388886, 0.0292247, -1.62038, -0.0183054, 1.10981, 0.71555, 3.5471e-05, -0.0393402, 0.00112126, -0.0201492, 9.58367e-05, -0.0457355, -0.0010157, -0.0671772, 0.0296758, -0.528307, 0.639897, -0.0217278, 0.0560918, -0.575713, 0, 0, 0, 8, 0, 0, 0, 0.33627, -0.0113629, 0.507231, 0.486346, -0.0158237, 0.742576, 0.996195, -3.71201e-12, -0.0871557, -4.46982e-12, -1, -8.49977e-12, -0.0871557, 8.857e-12, -0.996195, 1
14.8, 2025-07-03__00-39-01.082127, -0.0475124, -0.38904, 0.0292411, -1.62036, -0.0183019, 1.10939, 0.715543, -0.000202065, -0.012434, 0.00120368, 0.0102384, 0.000112445, -0.0457365, -0.000598957, -0.0407, -0.663524, -0.493055, 0.358344, -0.0194309, 0.0284628, -0.577198, 0, 0, 0, 8, 0, 0, 0, 0.336089, -0.0113475, 0.507274, 0.486346, -0.0158237, 0.742576, 0.996195, -3.71201e-12, -0.0871557, -4.46982e-12, -1, -8.49977e-12, -0.0871557, 8.857e-12, -0.996195, 1
14.81, 2025-07-03__00-39-01.092123, -0.0475013, -0.389132, 0.0292465, -1.62025, -0.0182968, 1.10906, 0.715528, 0.00105137, -0.0111319, 9.84026e-05, 0.00983553, -0.000256096, -0.0294011, -0.00529202, -0.0364503, -0.743734, -0.483836, 0.175027, -0.0154488, -0.0741747, -0.547813, 0, 0, 0, 8, 0, 0, 0, 0.33597, -0.0113369, 0.50733, 0.486346, -0.0158237, 0.742576, 0.996195, -3.71201e-12, -0.0871557, -4.46982e-12, -1, -8.49977e-12, -0.0871557, 8.857e-12, -0.996195, 1
14.82, 2025-07-03__00-39-01.102126, -0.0475087, -0.38929, 0.0292507, -1.62017, -0.0182986, 1.10877, 0.715525, -0.000266193, -0.0155698, -0.000235117, 0.00916167, -8.94754e-05, -0.0330714, 0.000514842, -0.0214543, -0.525798, -0.461141, -0.0513614, -0.0157113, -0.0421048, -0.58319, 0, 0, 0, 8, 0, 0, 0, 0.335852, -0.0113361, 0.507398, 0.486346, -0.0158237, 0.742576, 0.996195, -3.71201e-12, -0.0871557, -4.46982e-12, -1, -8.49977e-12, -0.0871557, 8.857e-12, -0.996195, 1
14.83, 2025-07-03__00-39-01.112115, -0.0475055, -0.389437, 0.029254, -1.62009, -0.0182994, 1.10852, 0.715517, -0.00111525, -0.0174246, -0.000315254, 0.0118918, 0.00035394, -0.0251516, 0.00100537, -0.0155193, -0.352247, -0.450801, -0.335415, -0.0188351, -0.0965004, -0.586116, 0, 0, 0, 8, 0, 0, 0, 0.33575, -0.011328, 0.507467, 0.486346, -0.0158237, 0.742576, 0.996195, -3.71201e-12, -0.0871557, -4.46982e-12, -1, -8.49977e-12, -0.0871557, 8.857e-12, -0.996195, 1
14.84, 2025-07-03__00-39-01.122110, -0.0475035, -0.389563, 0.0292568, -1.62006, -0.0183003, 1.10828, 0.715502, -0.000929626, -0.0107958, 0.00151279, 0.00200355, -5.21109e-05, -0.0275327, -0.0058768, -0.0345747, -0.891459, -0.49173, 0.027075, -0.014053, -0.0582694, -0.543173, 0, 0, 0, 8, 0, 0, 0, 0.335644, -0.0113247, 0.507515, 0.486346, -0.0158237, 0.742576, 0.996195, -3.71201e-12, -0.0871557, -4.46982e-12, -1, -8.49977e-12, -0.0871557, 8.857e-12, -0.996195, 1
14.85, 2025-07-03__00-39-01.132114, -0.0475054, -0.389755, 0.0292543, -1.62005, -0.0182972, 1.10804, 0.715499, -0.000821098, -0.0224015, -0.000577234, -0.00145074, 0.000244083, -0.0218195, 0.000162419, -0.0172627, -0.379831, -0.45641, -0.168345, -0.0158259, -0.0875432, -0.580149, 0, 0, 0, 8, 0, 0, 0, 0.335529, -0.0113218, 0.507568, 0.486346, -0.0158237, 0.742576, 0.996195, -3.71201e-12, -0.0871557, -4.46982e-12, -1, -8.49977e-12, -0.0871557, 8.857e-12, -0.996195, 1
14.86, 2025-07-03__00-39-01.142113, -0.0475077, -0.389935, 0.0292482, -1.62006, -0.0183017, 1.10778, 0.715487, -0.00119512, -0.0144385, 8.14922e-06, 0.00094677, -8.98419e-05, -0.0280475, 0.000286455, -0.0112897, -0.71589, -0.454004, -0.037422, -0.0114249, -0.0399219, -0.580552, 0, 0, 0, 8, 0, 0, 0, 0.335416, -0.0113223, 0.507612, 0.486346, -0.0158237, 0.742576, 0.996195, -3.71201e-12, -0.0871557, -4.46982e-12, -1, -8.49977e-12, -0.0871557, 8.857e-12, -0.996195, 1
14.87, 2025-07-03__00-39-01.152115, -0.0475116, -0.390067, 0.0292402, -1.62004, -0.0183017, 1.10754, 0.715479, -0.00076763, -0.0149334, -0.00142019, 0.0015368, 7.16889e-05, -0.0254558, 5.00882e-05, 0.00594218, -0.680709, -0.425009, -0.109262, -0.0102623, -0.0513981, -0.579258, 0, 0, 0, 8, 0, 0, 0, 0.335296, -0.0113239, 0.507653, 0.486346, -0.0158237, 0.742576, 0.996195, -3.71201e-12, -0.0871557, -4.46982e-12, -1, -8.49977e-12, -0.0871557, 8.857e-12, -0.996195, 1
14.88, 2025-07-03__00-39-01.162112, -0.0475137, -0.390215, 0.0292356, -1.62004, -0.0182966, 1.10736, 0.715474, 0.000921741, -0.0167193, -0.000198658, 4.77434e-05, 0.000323664, -0.021727, -0.000966402, -0.0351567, -0.608388, -0.484744, -0.120076, -0.0189034, -0.0707136, -0.572881, 0, 0, 0, 8, 0, 0, 0, 0.335198, -0.0113213, 0.507702, 0.486346, -0.0158237, 0.742576, 0.996195, -3.71201e-12, -0.0871557, -4.46982e-12, -1, -8.49977e-12, -0.0871557, 8.857e-12, -0.996195, 1
14.89, 2025-07-03__00-39-01.172110, -0.0475122, -0.390434, 0.0292315, -1.62006, -0.018297, 1.10716, 0.715464, 0.00153641, -0.0182792, 0.000249195, -0.00348732, 8.66086e-05, -0.0186012, -0.0010797, -0.050576, -0.577682, -0.508168, -0.036456, -0.0192309, -0.0833957, -0.571947, 0, 0, 0, 8, 0, 0, 0, 0.335096, -0.0113223, 0.507754, 0.486346, -0.0158237, 0.742576, 0.996195, -3.71201e-12, -0.0871557, -4.46982e-12, -1, -8.49977e-12, -0.0871557, 8.857e-12, -0.996195, 1
14.9, 2025-07-03__00-39-01.182113, -0.0475197, -0.390588, 0.0292258, -1.62006, -0.0182985, 1.107, 0.715465, 0.000534167, -0.0165053, -0.000797374, 0.00164213, 0.000120997, -0.015445, 0.00118642, -0.0214899, -0.533875, -0.463924, -0.15232, -0.0161159, -0.109604, -0.586549, 0, 0, 0, 8, 0, 0, 0, 0.335011, -0.0113218, 0.5078, 0.486346, -0.0158237, 0.742576, 0.996195, -3.71201e-12, -0.0871557, -4.46982e-12, -1, -8.49977e-12, -0.0871557, 8.857e-12, -0.996195, 1
14.91, 2025-07-03__00-39-01.192114, -0.04752, -0.390735, 0.0292363, -1.62005, -0.018298, 1.10685, 0.715458, 0.000578667, -0.0127858, 0.00153941, 0.00134496, -0.000192256, -0.00681625, 0.000507752, -0.0549835, -0.695423, -0.520456, -0.103093, -0.0180286, -0.166401, -0.581911, 0, 0, 0, 8, 0, 0, 0, 0.33493, -0.011316, 0.507846, 0.486346, -0.0158237, 0.742576, 0.996195, -3.71201e-12, -0.0871557, -4.46982e-12, -1, -8.49977e-12, -0.0871557, 8.857e-12, -0.996195, 1
14.92, 2025-07-03__00-39-01.202113, -0.0475191, -0.390876, 0.0292388, -1.62004, -0.0183026, 1.10672, 0.715448, -0.000490086, -0.0173501, 0.00105164, 0.00139523, -0.000341963, -0.0128071, -0.000870964, -0.0416752, -0.445754, -0.498412, -0.223296, -0.0162552, -0.123894, -0.573283, 0, 0, 0, 8, 0, 0, 0, 0.33486, -0.0113135, 0.507886, 0.486346, -0.0158237, 0.742576, 0.996195, -3.71201e-12, -0.0871557, -4.46982e-12, -1, -8.49977e-12, -0.0871557, 8.857e-12, -0.996195, 1
14.93, 2025-07-03__00-39-01.212114, -0.0475137, -0.391066, 0.0292448, -1.62006, -0.0183016, 1.10659, 0.715438, 0.00232052, -0.0184751, 0.00046939, -0.000872108, -0.00025325, -0.0106875, -0.00360204, -0.0684695, -0.400858, -0.532361, -0.165022, -0.0205505, -0.134169, -0.555997, 0, 0, 0, 8, 0, 0, 0, 0.33478, -0.0113044, 0.50794, 0.486346, -0.0158237, 0.742576, 0.996195, -3.71201e-12, -0.0871557, -4.46982e-12, -1, -8.49977e-12, -0.0871557, 8.857e-12, -0.996195, 1
14.94, 2025-07-03__00-39-01.222113, -0.0475094, -0.391215, 0.0292476, -1.62006, -0.0182984, 1.10646, 0.715444, 0.00045365, -0.015498, 0.000851764, 0.00472989, -0.000245846, -0.0140688, -0.00228864, -0.0512873, -0.399899, -0.509783, -0.258589, -0.0190358, -0.117462, -0.564234, 0, 0, 0, 8, 0, 0, 0, 0.334708, -0.0113033, 0.507984, 0.486346, -0.0158237, 0.742576, 0.996195, -3.71201e-12, -0.0871557, -4.46982e-12, -1, -8.49977e-12, -0.0871557, 8.857e-12, -0.996195, 1
14.95, 2025-07-03__00-39-01.232113, -0.0475066, -0.391362, 0.029248, -1.62005, -0.0182973, 1.10635, 0.715436, -0.000860388, -0.0171286, -0.00120324, 0.00124045, -0.000272797, -0.014012, -0.00108215, -0.0056953, -0.366059, -0.441203, -0.227817, -0.0108183, -0.112596, -0.571399, 0, 0, 0, 8, 0, 0, 0, 0.334644, -0.0112946, 0.508032, 0.486346, -0.0158237, 0.742576, 0.996195, -3.71201e-12, -0.0871557, -4.46982e-12, -1, -8.49977e-12, -0.0871557, 8.857e-12, -0.996195, 1
14.96, 2025-07-03__00-39-01.242113, -0.0475027, -0.391493, 0.0292543, -1.62005, -0.0182997, 1.10625, 0.715427, 0.000768116, -0.0108822, 0.00125041, -0.000115255, 0.000302838, -0.0167582, -0.00114527, -0.057435, -0.66905, -0.524123, -0.0600846, -0.0204421, -0.0910209, -0.570111, 0, 0, 0, 8, 0, 0, 0, 0.334585, -0.0112918, 0.508073, 0.486346, -0.0158237, 0.742576, 0.996195, -3.71201e-12, -0.0871557, -4.46982e-12, -1, -8.49977e-12, -0.0871557, 8.857e-12, -0.996195, 1
14.97, 2025-07-03__00-39-01.252113, -0.0475104, -0.391664, 0.0292511, -1.62006, -0.0183016, 1.10616, 0.715431, -0.000236902, -0.0100577, 0.000708833, 0.000306121, -8.4554e-05, -0.00666052, 0.00151639, -0.0363148, -0.660445, -0.494281, -0.0630532, -0.0143839, -0.162153, -0.58732, 0, 0, 0, 8, 0, 0, 0, 0.334521, -0.0112946, 0.508123, 0.486346, -0.0158237, 0.742576, 0.996195, -3.71201e-12, -0.0871557, -4.46982e-12, -1, -8.49977e-12, -0.0871557, 8.857e-12, -0.996195, 1
14.98, 2025-07-03__00-39-01.262112, -0.0475065, -0.391824, 0.0292474, -1.62006, -0.0182975, 1.10607, 0.715421, 0.00076135, -0.0118002, 0.000296747, -4.73184e-05, -0.000190741, -0.00885736, 0.000661568, -0.0444328, -0.540604, -0.502326, -0.101849, -0.0156322, -0.147551, -0.58168, 0, 0, 0, 8, 0, 0, 0, 0.334464, -0.0112932, 0.508175, 0.486346, -0.0158237, 0.742576, 0.996195, -3.71201e-12, -0.0871557, -4.46982e-12, -1, -8.49977e-12, -0.0871557, 8.857e-12, -0.996195, 1
14.99, 2025-07-03__00-39-01.272113, -0.0475112, -0.391976, 0.0292399, -1.62005, -0.0182962, 1.10597, 0.715412, -0.000152797, -0.0134771, -0.000302412, -0.000271191, 0.00046848, -0.00865244, -0.000912217, -0.0280976, -0.426041, -0.47711, -0.163781, -0.0177973, -0.149221, -0.572307, 0, 0, 0, 8, 0, 0, 0, 0.334402, -0.0112937, 0.50822, 0.486346, -0.0158237, 0.742576, 0.996195, -3.71201e-12, -0.0871557, -4.46982e-12, -1, -8.49977e-12, -0.0871557, 8.857e-12, -0.996195, 1
15, 2025-07-03__00-39-01.282113, -0.0475116, -0.392112, 0.02924, -1.62006, -0.0182978, 1.1059, 0.715404, -0.000746424, -0.0157402, 0.000889946, -0.00137216, -0.000274729, -0.00876518, -0.0025861, -0.0422189, -0.305965, -0.500178, -0.174219, -0.0155924, -0.147643, -0.561942, 0, 0, 0, 8, 0, 0, 0, 0.334349, -0.0112919, 0.508264, 0.486346, -0.0158237, 0.742576, 0.996195, -3.71201e-12, -0.0871557, -4.46982e-12, -1, -8.49977e-12, -0.0871557, 8.857e-12, -0.996195, 1
15.01, 2025-07-03__00-39-01.292114, -0.0475201, -0.392245, 0.0292374, -1.62006, -0.0182966, 1.10581, 0.715401, -0.00222161, -0.0145286, -3.97167e-05, -0.000181879, 0.000498709, -0.00813767, -0.000321847, -0.0108035, -0.311421, -0.454562, -0.191695, -0.0157, -0.153616, -0.5761, 0, 0, 0, 8, 0, 0, 0, 0.334297, -0.0112931, 0.508306, 0.486346, -0.0158237, 0.742576, 0.996195, -3.71201e-12, -0.0871557, -4.46982e-12, -1, -8.49977e-12, -0.0871557, 8.857e-12, -0.996195, 1
15.02, 2025-07-03__00-39-01.302115, -0.0475144, -0.392404, 0.0292316, -1.62005, -0.0183026, 1.10571, 0.715396, 0.000441879, -0.0139654, 0.000106114, 0.000659397, -0.000302471, -0.0115208, -0.000977159, -0.0435841, -0.275792, -0.498682, -0.23014, -0.0159976, -0.132512, -0.5721, 0, 0, 0, 8, 0, 0, 0, 0.334236, -0.0112936, 0.508356, 0.486346, -0.0158237, 0.742576, 0.996195, -3.71201e-12, -0.0871557, -4.46982e-12, -1, -8.49977e-12, -0.0871557, 8.857e-12, -0.996195, 1
15.03, 2025-07-03__00-39-01.312112, -0.0475144, -0.392529, 0.0292368, -1.62005, -0.0182967, 1.10565, 0.715391, -0.000109501, -0.01395, 0.000301984, -0.0012283, 4.51186e-05, -0.00618408, -0.000638607, -0.0415559, -0.282914, -0.497578, -0.196597, -0.0172351, -0.167857, -0.573851, 0, 0, 0, 8, 0, 0, 0, 0.334186, -0.0112883, 0.508393, 0.486346, -0.0158237, 0.742576, 0.996195, -3.71201e-12, -0.0871557, -4.46982e-12, -1, -8.49977e-12, -0.0871557, 8.857e-12, -0.996195, 1
15.04, 2025-07-03__00-39-01.322110, -0.047514, -0.392661, 0.0292342, -1.62006, -0.0182981, 1.10557, 0.715387, -0.000368372, -0.0121995, -0.00206432, -0.00209619, -0.000407643, -0.00352106, -0.00170828, 0.000984854, -0.362009, -0.432288, -0.12945, -0.00650024, -0.184775, -0.567634, 0, 0, 0, 8, 0, 0, 0, 0.334137, -0.0112854, 0.50843, 0.486346, -0.0158237, 0.742576, 0.996195, -3.71201e-12, -0.0871557, -4.46982e-12, -1, -8.49977e-12, -0.0871557, 8.857e-12, -0.996195, 1
15.05, 2025-07-03__00-39-01.332109, -0.0475144, -0.392804, 0.0292448, -1.62006, -0.0182967, 1.10547, 0.715386, 0.000303814, -0.0140398, 0.0024542, -0.00142875, 0.000123658, -0.0123048, -0.00442242, -0.0827887, -0.218854, -0.561654, -0.186051, -0.0245425, -0.125273, -0.550474, 0, 0, 0, 8, 0, 0, 0, 0.334077, -0.0112833, 0.508472, 0.486346, -0.0158237, 0.742576, 0.996195, -3.71201e-12, -0.0871557, -4.46982e-12, -1, -8.49977e-12, -0.0871557, 8.857e-12, -0.996195, 1
15.06, 2025-07-03__00-39-01.342112, -0.0475141, -0.39296, 0.0292444, -1.62006, -0.0183009, 1.10536, 0.715384, 8.26669e-05, -0.0137906, -0.00117896, 0.000114247, -5.35789e-05, -0.0185561, -0.000639247, -0.0240726, -0.168128, -0.467718, -0.225637, -0.0144477, -0.084128, -0.573782, 0, 0, 0, 8, 0, 0, 0, 0.33401, -0.0112792, 0.50852, 0.486346, -0.0158237, 0.742576, 0.996195, -3.71201e-12, -0.0871557, -4.46982e-12, -1, -8.49977e-12, -0.0871557, 8.857e-12, -0.996195, 1
15.07, 2025-07-03__00-39-01.352110, -0.0475108, -0.393089, 0.0292533, -1.62006, -0.0183011, 1.10529, 0.715377, -0.00119574, -0.0142584, 0.000679758, -0.00059108, -0.000162672, -0.00878629, -0.00187477, -0.040696, -0.125696, -0.49772, -0.241107, -0.0158396, -0.151419, -0.565951, 0, 0, 0, 8, 0, 0, 0, 0.333962, -0.0112728, 0.508561, 0.486346, -0.0158237, 0.742576, 0.996195, -3.71201e-12, -0.0871557, -4.46982e-12, -1, -8.49977e-12, -0.0871557, 8.857e-12, -0.996195, 1
15.08, 2025-07-03__00-39-01.362113, -0.0475066, -0.393198, 0.0292452, -1.62006, -0.0182975, 1.10523, 0.715376, -0.000640161, -0.0121008, -0.00113974, 0.00041563, 0.000153465, -0.00715007, -0.0035905, -0.0172038, -0.182275, -0.459061, -0.23374, -0.0138379, -0.164742, -0.555806, 0, 0, 0, 8, 0, 0, 0, 0.333919, -0.0112732, 0.508593, 0.486346, -0.0158237, 0.742576, 0.996195, -3.71201e-12, -0.0871557, -4.46982e-12, -1, -8.49977e-12, -0.0871557, 8.857e-12, -0.996195, 1
15.09, 2025-07-03__00-39-01.372113, -0.0475112, -0.393351, 0.0292434, -1.62007, -0.0182977, 1.10515, 0.715371, 0.00163679, -0.0155164, -0.000829315, -0.00112495, -0.000132729, -0.00461519, -0.000771133, -0.0527036, -0.00771441, -0.506984, -0.263967, -0.0184702, -0.180984, -0.572911, 0, 0, 0, 8, 0, 0, 0, 0.333868, -0.0112725, 0.50864, 0.486346, -0.0158237, 0.742576, 0.996195, -3.71201e-12, -0.0871557, -4.46982e-12, -1, -8.49977e-12, -0.0871557, 8.857e-12, -0.996195, 1
15.1, 2025-07-03__00-39-01.382110, -0.047514, -0.393492, 0.0292452, -1.62005, -0.0182978, 1.10504, 0.715369, -0.00107065, -0.013671, 0.000737176, 0.00203078, -2.92452e-05, -0.00885926, -0.000175916, -0.0453152, 0.00452728, -0.502942, -0.35229, -0.0186275, -0.156491, -0.576638, 0, 0, 0, 8, 0, 0, 0, 0.333803, -0.0112744, 0.508684, 0.486346, -0.0158237, 0.742576, 0.996195, -3.71201e-12, -0.0871557, -4.46982e-12, -1, -8.49977e-12, -0.0871557, 8.857e-12, -0.996195, 1
15.11, 2025-07-03__00-39-01.392115, -0.0475137, -0.393621, 0.0292364, -1.62005, -0.0183008, 1.10494, 0.715364, -0.000997665, -0.0117634, -0.000984954, -0.000543048, 0.000340339, -0.00843459, -0.00137145, -0.017003, -0.121154, -0.460085, -0.249592, -0.0149495, -0.154768, -0.569701, 0, 0, 0, 8, 0, 0, 0, 0.333748, -0.0112732, 0.508724, 0.486346, -0.0158237, 0.742576, 0.996195, -3.71201e-12, -0.0871557, -4.46982e-12, -1, -8.49977e-12, -0.0871557, 8.857e-12, -0.996195, 1
15.12, 2025-07-03__00-39-01.402110, -0.0475135, -0.393765, 0.0292371, -1.62007, -0.018298, 1.10486, 0.715356, -8.67373e-06, -0.0175632, -0.000517244, -0.00150899, 0.000166117, -0.0135789, -0.00115958, -0.0434372, 0.174348, -0.494786, -0.315715, -0.0198509, -0.118092, -0.570474, 0, 0, 0, 8, 0, 0, 0, 0.333688, -0.0112689, 0.50876, 0.486346, -0.0158237, 0.742576, 0.996195, -3.71201e-12, -0.0871557, -4.46982e-12, -1, -8.49977e-12, -0.0871557, 8.857e-12, -0.996195, 1
15.13, 2025-07-03__00-39-01.412113, -0.0475145, -0.393883, 0.0292368, -1.62006, -0.0183021, 1.10476, 0.715358, -0.00328702, -0.011293, 0.00374892, 0.00285014, 1.48296e-05, -0.0141632, 0.00180055, -0.0654651, -0.0116009, -0.543088, -0.324083, -0.0220943, -0.119862, -0.58873, 0, 0, 0, 8, 0, 0, 0, 0.333633, -0.0112725, 0.508799, 0.486346, -0.0158237, 0.742576, 0.996195, -3.71201e-12, -0.0871557, -4.46982e-12, -1, -8.49977e-12, -0.0871557, 8.857e-12, -0.996195, 1
15.14, 2025-07-03__00-39-01.422110, -0.0475201, -0.393992, 0.0292334, -1.62006, -0.018299, 1.10469, 0.715349, -0.00181769, -0.011409, -6.73113e-05, -0.00059652, -0.00024837, -0.00210289, 0.000802982, -0.0220494, -0.0581667, -0.47092, -0.258408, -0.0120757, -0.197959, -0.58287, 0, 0, 0, 8, 0, 0, 0, 0.333588, -0.011274, 0.508833, 0.486346, -0.0158237, 0.742576, 0.996195, -3.71201e-12, -0.0871557, -4.46982e-12, -1, -8.49977e-12, -0.0871557, 8.857e-12, -0.996195, 1
15.15, 2025-07-03__00-39-01.432115, -0.0475191, -0.394119, 0.029234, -1.62006, -0.0183006, 1.1046, 0.71534, -0.000115537, -0.0131525, -0.000311964, -0.00104154, -2.85562e-05, -0.0134829, -0.000256371, -0.0414125, 0.0472777, -0.49501, -0.277666, -0.0172791, -0.118698, -0.575846, 0, 0, 0, 8, 0, 0, 0, 0.333538, -0.0112679, 0.508871, 0.486346, -0.0158237, 0.742576, 0.996195, -3.71201e-12, -0.0871557, -4.46982e-12, -1, -8.49977e-12, -0.0871557, 8.857e-12, -0.996195, 1
15.16, 2025-07-03__00-39-01.442115, -0.0475127, -0.394242, 0.029241, -1.62006, -0.0182964, 1.10452, 0.71534, -0.00119832, -0.0133555, 0.0013687, 0.000312266, 0.000343664, -0.00734467, 0.00081287, -0.0580344, 0.116691, -0.523381, -0.337751, -0.022716, -0.16323, -0.582119, 0, 0, 0, 8, 0, 0, 0, 0.333486, -0.011265, 0.508906, 0.486346, -0.0158237, 0.742576, 0.996195, -3.71201e-12, -0.0871557, -4.46982e-12, -1, -8.49977e-12, -0.0871557, 8.857e-12, -0.996195, 1
15.17, 2025-07-03__00-39-01.452113, -0.0475097, -0.394345, 0.029242, -1.62007, -0.0182966, 1.10446, 0.715329, 0.000767875, -0.0111202, 0.00058619, -0.00159817, 0.000165534, -0.0064205, -0.00108818, -0.0659768, -0.010224, -0.532709, -0.227445, -0.0214177, -0.166756, -0.569964, 0, 0, 0, 8, 0, 0, 0, 0.333444, -0.0112623, 0.508941, 0.486346, -0.0158237, 0.742576, 0.996195, -3.71201e-12, -0.0871557, -4.46982e-12, -1, -8.49977e-12, -0.0871557, 8.857e-12, -0.996195, 1
15.18, 2025-07-03__00-39-01.462115, -0.0475091, -0.394463, 0.0292421, -1.62006, -0.0183002, 1.10439, 0.71533, 0.000447, -0.0139573, 0.00201931, -0.000473799, 9.64525e-05, -0.00870007, 0.00101776, -0.0895088, 0.187331, -0.568208, -0.34575, -0.0260995, -0.153884, -0.582977, 0, 0, 0, 8, 0, 0, 0, 0.333398, -0.0112573, 0.508978, 0.486346, -0.0158237, 0.742576, 0.996195, -3.71201e-12, -0.0871557, -4.46982e-12, -1, -8.49977e-12, -0.0871557, 8.857e-12, -0.996195, 1
15.19, 2025-07-03__00-39-01.472114, -0.0475119, -0.394551, 0.0292497, -1.62005, -0.0182972, 1.10432, 0.715315, 0.000310356, -0.0075006, 0.000580011, 0.00187519, 0.0001666, -0.00997858, -0.0012698, -0.0591314, -0.059027, -0.52365, -0.293151, -0.0203719, -0.148136, -0.568259, 0, 0, 0, 8, 0, 0, 0, 0.333362, -0.0112596, 0.509005, 0.486346, -0.0158237, 0.742576, 0.996195, -3.71201e-12, -0.0871557, -4.46982e-12, -1, -8.49977e-12, -0.0871557, 8.857e-12, -0.996195, 1
15.2, 2025-07-03__00-39-01.482114, -0.0475136, -0.394646, 0.0292452, -1.62005, -0.0182998, 1.10424, 0.71532, -0.000703426, -0.0108944, -0.00124649, 0.000162237, -5.62462e-06, -0.00628129, 0.000669301, -0.0225349, 0.0845361, -0.4664, -0.33188, -0.0137607, -0.170263, -0.580906, 0, 0, 0, 8, 0, 0, 0, 0.333318, -0.011253, 0.509037, 0.486346, -0.0158237, 0.742576, 0.996195, -3.71201e-12, -0.0871557, -4.46982e-12, -1, -8.49977e-12, -0.0871557, 8.857e-12, -0.996195, 1
15.21, 2025-07-03__00-39-01.492114, -0.0475059, -0.394753, 0.0292452, -1.62006, -0.0182978, 1.10416, 0.715315, 0.00143128, -0.00876571, -0.000446787, -0.000113341, -0.000356328, -0.00778729, 0.000216696, -0.0571006, -0.00362362, -0.517011, -0.264338, -0.0165105, -0.158625, -0.577532, 0, 0, 0, 8, 0, 0, 0, 0.333265, -0.0112542, 0.509065, 0.486346, -0.0158237, 0.742576, 0.996195, -3.71201e-12, -0.0871557, -4.46982e-12, -1, -8.49977e-12, -0.0871557, 8.857e-12, -0.996195, 1
15.22, 2025-07-03__00-39-01.502113, -0.0475087, -0.394826, 0.0292398, -1.62006, -0.018299, 1.10409, 0.715308, 2.27852e-05, -0.00676187, -0.00157868, 0.000165585, -0.000438454, -0.00436101, -0.000856093, -0.0204333, -0.087705, -0.464102, -0.237263, -0.00940945, -0.181348, -0.571226, 0, 0, 0, 8, 0, 0, 0, 0.33323, -0.0112532, 0.509083, 0.486346, -0.0158237, 0.742576, 0.996195, -3.71201e-12, -0.0871557, -4.46982e-12, -1, -8.49977e-12, -0.0871557, 8.857e-12, -0.996195, 1
15.23, 2025-07-03__00-39-01.512115, -0.0475159, -0.394905, 0.0292377, -1.62006, -0.0182974, 1.10401, 0.715306, 0.000143665, -0.00991859, -0.00011181, 0.00148214, 1.01578e-05, -0.00817439, 0.000865844, -0.0495472, 0.10935, -0.5071, -0.341776, -0.0188476, -0.155734, -0.581684, 0, 0, 0, 8, 0, 0, 0, 0.333186, -0.0112566, 0.509108, 0.486346, -0.0158237, 0.742576, 0.996195, -3.71201e-12, -0.0871557, -4.46982e-12, -1, -8.49977e-12, -0.0871557, 8.857e-12, -0.996195, 1
15.24, 2025-07-03__00-39-01.522112, -0.0475143, -0.394997, 0.029237, -1.62006, -0.018298, 1.10394, 0.715298, 0.00028984, -0.00464517, 0.00024095, 0.00133656, -0.0003105, -0.00443337, -0.00156867, -0.0501313, -0.132882, -0.512016, -0.234551, -0.0150712, -0.180717, -0.566625, 0, 0, 0, 8, 0, 0, 0, 0.333144, -0.0112533, 0.509136, 0.486346, -0.0158237, 0.742576, 0.996195, -3.71201e-12, -0.0871557, -4.46982e-12, -1, -8.49977e-12, -0.0871557, 8.857e-12, -0.996195, 1
15.25, 2025-07-03__00-39-01.532113, -0.0475169, -0.39508, 0.0292368, -1.62006, -0.0182977, 1.10389, 0.7153, -0.000845672, -0.0125766, -0.000147479, -0.000713703, -4.34086e-05, -0.00997794, -0.00121809, -0.0413004, 0.229913, -0.495548, -0.34972, -0.0173126, -0.139948, -0.56905, 0, 0, 0, 8, 0, 0, 0, 0.333116, -0.0112517, 0.509161, 0.486346, -0.0158237, 0.742576, 0.996195, -3.71201e-12, -0.0871557, -4.46982e-12, -1, -8.49977e-12, -0.0871557, 8.857e-12, -0.996195, 1
15.26, 2025-07-03__00-39-01.542115, -0.0475144, -0.395151, 0.0292335, -1.62006, -0.0182971, 1.10384, 0.71529, 0.000404658, -0.00469719, -0.00037436, 0.00109123, -9.88965e-05, -0.00427851, -0.00142595, -0.0430424, -0.10001, -0.499914, -0.241404, -0.015299, -0.181591, -0.567391, 0, 0, 0, 8, 0, 0, 0, 0.333079, -0.0112533, 0.509181, 0.486346, -0.0158237, 0.742576, 0.996195, -3.71201e-12, -0.0871557, -4.46982e-12, -1, -8.49977e-12, -0.0871557, 8.857e-12, -0.996195, 1
15.27, 2025-07-03__00-39-01.552112, -0.04752, -0.395197, 0.0292335, -1.62006, -0.0182968, 1.10378, 0.715295, -0.00116219, -0.00436283, -0.000113085, -0.000496417, 0.00025058, -0.012154, -0.00121608, -0.0281464, -0.149312, -0.482163, -0.180496, -0.014899, -0.123371, -0.568955, 0, 0, 0, 8, 0, 0, 0, 0.333056, -0.011254, 0.509196, 0.486346, -0.0158237, 0.742576, 0.996195, -3.71201e-12, -0.0871557, -4.46982e-12, -1, -8.49977e-12, -0.0871557, 8.857e-12, -0.996195, 1
15.28, 2025-07-03__00-39-01.562115, -0.0475119, -0.395286, 0.0292374, -1.62007, -0.0182977, 1.10372, 0.715292, 0.0012322, -0.00803094, 0.000686989, -0.00138127, -0.000107463, -0.00273407, 0.000992194, -0.0735677, 0.0322267, -0.544988, -0.238132, -0.0204642, -0.186765, -0.582039, 0, 0, 0, 8, 0, 0, 0, 0.333018, -0.0112481, 0.509224, 0.486346, -0.0158237, 0.742576, 0.996195, -3.71201e-12, -0.0871557, -4.46982e-12, -1, -8.49977e-12, -0.0871557, 8.857e-12, -0.996195, 1
15.29, 2025-07-03__00-39-01.572113, -0.0475119, -0.395341, 0.0292364, -1.62007, -0.0182996, 1.10369, 0.715283, 0.000228863, -0.00439833, -0.000532319, -0.00152071, 0.000253687, 0.000264564, -0.00124264, -0.0396211, -0.137015, -0.496258, -0.163855, -0.0157876, -0.207392, -0.568374, 0, 0, 0, 8, 0, 0, 0, 0.332994, -0.0112491, 0.509241, 0.486346, -0.0158237, 0.742576, 0.996195, -3.71201e-12, -0.0871557, -4.46982e-12, -1, -8.49977e-12, -0.0871557, 8.857e-12, -0.996195, 1
15.3, 2025-07-03__00-39-01.582114, -0.0475144, -0.395396, 0.0292441, -1.62006, -0.0182976, 1.10364, 0.71528, 0.000275925, -0.00617894, 4.43598e-07, 0.00205249, 0.000283116, -0.00210406, 0.000797599, -0.0525712, 0.041374, -0.513322, -0.320484, -0.0199402, -0.196192, -0.580421, 0, 0, 0, 8, 0, 0, 0, 0.33297, -0.0112479, 0.509258, 0.486346, -0.0158237, 0.742576, 0.996195, -3.71201e-12, -0.0871557, -4.46982e-12, -1, -8.49977e-12, -0.0871557, 8.857e-12, -0.996195, 1
15.31, 2025-07-03__00-39-01.592115, -0.0475115, -0.39544, 0.0292395, -1.62006, -0.0183007, 1.10359, 0.715281, -0.000783883, -0.000404845, -0.000849317, -3.21683e-05, -0.000280947, -0.00975096, 0.000844069, -0.0176448, -0.284971, -0.46684, -0.127566, -0.00841285, -0.139159, -0.580803, 0, 0, 0, 8, 0, 0, 0, 0.332941, -0.0112442, 0.50927, 0.486346, -0.0158237, 0.742576, 0.996195, -3.71201e-12, -0.0871557, -4.46982e-12, -1, -8.49977e-12, -0.0871557, 8.857e-12, -0.996195, 1
15.32, 2025-07-03__00-39-01.602114, -0.0475147, -0.395494, 0.0292448, -1.62006, -0.0182964, 1.10354, 0.715272, -0.00147729, -0.0068206, -0.0001311, -0.0013132, 0.000115133, -0.000886159, 0.00070167, -0.0300368, 0.0110215, -0.483896, -0.248758, -0.0142795, -0.197775, -0.579556, 0, 0, 0, 8, 0, 0, 0, 0.332914, -0.0112411, 0.509285, 0.486346, -0.0158237, 0.742576, 0.996195, -3.71201e-12, -0.0871557, -4.46982e-12, -1, -8.49977e-12, -0.0871557, 8.857e-12, -0.996195, 1
15.33, 2025-07-03__00-39-01.612118, -0.0475109, -0.395551, 0.0292395, -1.62006, -0.018301, 1.10349, 0.71527, 6.53588e-05, -0.00523461, -0.000909515, 0.000646191, 4.79429e-06, -0.0038216, 0.000657141, -0.0343979, -0.0131517, -0.4863, -0.267968, -0.0144333, -0.179757, -0.579375, 0, 0, 0, 8, 0, 0, 0, 0.332884, -0.0112424, 0.509299, 0.486346, -0.0158237, 0.742576, 0.996195, -3.71201e-12, -0.0871557, -4.46982e-12, -1, -8.49977e-12, -0.0871557, 8.857e-12, -0.996195, 1
15.34, 2025-07-03__00-39-01.622114, -0.0475066, -0.395568, 0.0292395, -1.62006, -0.0182967, 1.10343, 0.715261, 0.00393346, -0.00325556, -0.000996208, -0.000679526, 7.6965e-05, -0.00285623, -0.00141968, -0.0749011, -0.142698, -0.541739, -0.189459, -0.0205482, -0.181831, -0.565822, 0, 0, 0, 8, 0, 0, 0, 0.332865, -0.0112413, 0.509306, 0.486346, -0.0158237, 0.742576, 0.996195, -3.71201e-12, -0.0871557, -4.46982e-12, -1, -8.49977e-12, -0.0871557, 8.857e-12, -0.996195, 1
15.35, 2025-07-03__00-39-01.632114, -0.0475144, -0.395617, 0.0292368, -1.62006, -0.0182975, 1.10338, 0.715264, 0.000622582, -0.0062933, -0.000442623, -0.00126779, -2.39825e-05, -0.00747809, 0.000852608, -0.0480155, -0.00337002, -0.506955, -0.234629, -0.0165951, -0.148253, -0.580158, 0, 0, 0, 8, 0, 0, 0, 0.332836, -0.0112438, 0.509318, 0.486346, -0.0158237, 0.742576, 0.996195, -3.71201e-12, -0.0871557, -4.46982e-12, -1, -8.49977e-12, -0.0871557, 8.857e-12, -0.996195, 1
15.36, 2025-07-03__00-39-01.642115, -0.0475169, -0.395659, 0.0292319, -1.62006, -0.018296, 1.10335, 0.71526, 0.000208811, -0.000735571, -0.00366952, -0.000208796, 0.000218884, -0.000917681, 0.00069336, 0.0134926, -0.247712, -0.413382, -0.155386, -0.00666187, -0.194627, -0.579538, 0, 0, 0, 8, 0, 0, 0, 0.332817, -0.0112441, 0.509333, 0.486346, -0.0158237, 0.742576, 0.996195, -3.71201e-12, -0.0871557, -4.46982e-12, -1, -8.49977e-12, -0.0871557, 8.857e-12, -0.996195, 1
15.37, 2025-07-03__00-39-01.652115, -0.0475191, -0.39569, 0.0292342, -1.62006, -0.0183017, 1.10332, 0.715252, 8.35595e-05, -0.000274449, -0.00130699, -0.000194105, 0.000138961, -5.8358e-05, -0.000293753, -0.0217211, -0.262887, -0.470808, -0.14845, -0.0115103, -0.200152, -0.573204, 0, 0, 0, 8, 0, 0, 0, 0.332802, -0.0112449, 0.509338, 0.486346, -0.0158237, 0.742576, 0.996195, -3.71201e-12, -0.0871557, -4.46982e-12, -1, -8.49977e-12, -0.0871557, 8.857e-12, -0.996195, 1
15.38, 2025-07-03__00-39-01.662112, -0.0475169, -0.395738, 0.029236, -1.62006, -0.0183017, 1.10329, 0.715251, -0.00525257, -0.00183271, 1.22355e-06, 0.000845006, -7.0558e-05, -0.00331617, 0.000454733, 0.0173536, -0.157601, -0.422446, -0.208362, -0.00459551, -0.179325, -0.577847, 0, 0, 0, 8, 0, 0, 0, 0.332779, -0.011243, 0.509354, 0.486346, -0.0158237, 0.742576, 0.996195, -3.71201e-12, -0.0871557, -4.46982e-12, -1, -8.49977e-12, -0.0871557, 8.857e-12, -0.996195, 1
15.39, 2025-07-03__00-39-01.672109, -0.0475119, -0.395755, 0.0292367, -1.62006, -0.018297, 1.10325, 0.715247, -0.00809577, -0.0010288, 8.16141e-05, 0.000475269, 9.25823e-05, -0.00590277, 0.00467979, 0.0503022, -0.212115, -0.379009, -0.175709, -9.72337e-05, -0.159414, -0.603044, 0, 0, 0, 8, 0, 0, 0, 0.332763, -0.0112427, 0.509356, 0.486346, -0.0158237, 0.742576, 0.996195, -3.71201e-12, -0.0871557, -4.46982e-12, -1, -8.49977e-12, -0.0871557, 8.857e-12, -0.996195, 1
15.4, 2025-07-03__00-39-01.682114, -0.0475138, -0.395782, 0.0292367, -1.62006, -0.0182987, 1.10322, 0.715242, -0.000938067, 0.000198997, -0.00319988, -0.00114973, -0.000536235, -0.00567764, -0.000709588, 0.0212446, -0.299472, -0.405821, -0.108135, 0.00014651, -0.157843, -0.569999, 0, 0, 0, 8, 0, 0, 0, 0.332749, -0.0112383, 0.509368, 0.486346, -0.0158237, 0.742576, 0.996195, -3.71201e-12, -0.0871557, -4.46982e-12, -1, -8.49977e-12, -0.0871557, 8.857e-12, -0.996195, 1
15.41, 2025-07-03__00-39-01.692114, -0.0475137, -0.395827, 0.0292346, -1.62006, -0.0183003, 1.10319, 0.715243, -0.00103297, -0.00414491, -0.00133727, 0.00229153, -1.47326e-05, -0.00540979, 0.00102496, -0.014478, 0.00150165, -0.457613, -0.301859, -0.0114954, -0.164947, -0.580737, 0, 0, 0, 8, 0, 0, 0, 0.332741, -0.0112412, 0.509375, 0.486346, -0.0158237, 0.742576, 0.996195, -3.71201e-12, -0.0871557, -4.46982e-12, -1, -8.49977e-12, -0.0871557, 8.857e-12, -0.996195, 1
15.42, 2025-07-03__00-39-01.702113, -0.0475109, -0.395856, 0.0292396, -1.62006, -0.0182975, 1.10318, 0.715242, 0.000509678, -0.00295751, -0.000739113, 0.00130546, -0.000214165, -0.00175684, 4.84101e-05, -0.0402451, -0.0664614, -0.495685, -0.257242, -0.013654, -0.189236, -0.574424, 0, 0, 0, 8, 0, 0, 0, 0.332721, -0.0112371, 0.509392, 0.486346, -0.0158237, 0.742576, 0.996195, -3.71201e-12, -0.0871557, -4.46982e-12, -1, -8.49977e-12, -0.0871557, 8.857e-12, -0.996195, 1
15.43, 2025-07-03__00-39-01.712114, -0.0475115, -0.395872, 0.0292448, -1.62006, -0.0182982, 1.10317, 0.715236, 0.000902237, -0.00105078, -0.00564093, -0.00140084, -1.45464e-05, 0.000147691, -1.08388e-05, 0.0337059, -0.220561, -0.37852, -0.145504, -0.00109586, -0.198172, -0.573945, 0, 0, 0, 8, 0, 0, 0, 0.332716, -0.0112394, 0.509395, 0.486346, -0.0158237, 0.742576, 0.996195, -3.71201e-12, -0.0871557, -4.46982e-12, -1, -8.49977e-12, -0.0871557, 8.857e-12, -0.996195, 1
15.44, 2025-07-03__00-39-01.722111, -0.0475113, -0.395895, 0.0292448, -1.62006, -0.0182966, 1.10315, 0.715234, -0.000446613, -0.00162409, 0.000224086, -0.000413397, 8.51588e-05, -0.000408704, -0.00137508, -0.0431898, -0.161371, -0.505147, -0.185196, -0.0149213, -0.195762, -0.565245, 0, 0, 0, 8, 0, 0, 0, 0.332704, -0.0112367, 0.509402, 0.486346, -0.0158237, 0.742576, 0.996195, -3.71201e-12, -0.0871557, -4.46982e-12, -1, -8.49977e-12, -0.0871557, 8.857e-12, -0.996195, 1
15.45, 2025-07-03__00-39-01.732113, -0.047509, -0.39593, 0.0292395, -1.62006, -0.0182975, 1.10312, 0.715235, 0.000759548, -0.00199777, -0.000812158, 0.00047436, -0.000226593, -0.00075234, 0.000412171, -0.0410073, -0.117088, -0.497229, -0.220073, -0.0130842, -0.194385, -0.576304, 0, 0, 0, 8, 0, 0, 0, 0.332688, -0.011237, 0.509411, 0.486346, -0.0158237, 0.742576, 0.996195, -3.71201e-12, -0.0871557, -4.46982e-12, -1, -8.49977e-12, -0.0871557, 8.857e-12, -0.996195, 1
15.46, 2025-07-03__00-39-01.742113, -0.047514, -0.39595, 0.0292395, -1.62007, -0.0182961, 1.10309, 0.715234, -0.00104523, -0.00143088, -0.000674519, -0.000419201, 0.000311343, 0.000472783, -0.000112084, -0.0218819, -0.169372, -0.473046, -0.165726, -0.0129885, -0.200055, -0.573253, 0, 0, 0, 8, 0, 0, 0, 0.332674, -0.0112367, 0.509417, 0.486346, -0.0158237, 0.742576, 0.996195, -3.71201e-12, -0.0871557, -4.46982e-12, -1, -8.49977e-12, -0.0871557, 8.857e-12, -0.996195, 1
15.47, 2025-07-03__00-39-01.752115, -0.0475167, -0.395971, 0.0292395, -1.62006, -0.018297, 1.10306, 0.715226, -0.000555605, -0.0023066, 0.000115811, -0.000340664, 7.41655e-06, -0.00507118, -0.00073833, -0.0403772, -0.119524, -0.500606, -0.198831, -0.0145273, -0.16163, -0.568963, 0, 0, 0, 8, 0, 0, 0, 0.332659, -0.0112378, 0.509424, 0.486346, -0.0158237, 0.742576, 0.996195, -3.71201e-12, -0.0871557, -4.46982e-12, -1, -8.49977e-12, -0.0871557, 8.857e-12, -0.996195, 1
15.48, 2025-07-03__00-39-01.762112, -0.0475169, -0.395979, 0.0292393, -1.62006, -0.0182977, 1.10303, 0.715233, 0.00217535, -0.000708652, 0.00139967, 6.7703e-05, -4.49279e-05, -0.00158253, 0.00121689, -0.0896929, -0.18809, -0.572955, -0.180419, -0.0219925, -0.185085, -0.581006, 0, 0, 0, 8, 0, 0, 0, 0.332648, -0.0112406, 0.509422, 0.486346, -0.0158237, 0.742576, 0.996195, -3.71201e-12, -0.0871557, -4.46982e-12, -1, -8.49977e-12, -0.0871557, 8.857e-12, -0.996195, 1
15.49, 2025-07-03__00-39-01.772110, -0.047518, -0.395999, 0.0292318, -1.62006, -0.0183018, 1.10301, 0.715224, 0.000675687, -0.00469986, -0.000529159, -0.000153496, -3.82588e-05, -1.86014e-05, -0.000963107, -0.0473389, 0.0015639, -0.506101, -0.264662, -0.0159876, -0.195087, -0.568034, 0, 0, 0, 8, 0, 0, 0, 0.332637, -0.0112394, 0.509429, 0.486346, -0.0158237, 0.742576, 0.996195, -3.71201e-12, -0.0871557, -4.46982e-12, -1, -8.49977e-12, -0.0871557, 8.857e-12, -0.996195, 1
15.5, 2025-07-03__00-39-01.782113, -0.0475194, -0.396016, 0.0292336, -1.62006, -0.0182986, 1.10299, 0.715225, -0.00027777, -0.000992598, 0.000126144, 0.0007824, -0.000276298, -0.00309247, -0.000377186, -0.041327, -0.158916, -0.502202, -0.205283, -0.0129421, -0.174759, -0.571438, 0, 0, 0, 8, 0, 0, 0, 0.332624, -0.0112413, 0.509439, 0.486346, -0.0158237, 0.742576, 0.996195, -3.71201e-12, -0.0871557, -4.46982e-12, -1, -8.49977e-12, -0.0871557, 8.857e-12, -0.996195, 1
15.51, 2025-07-03__00-39-01.792113, -0.0475168, -0.396023, 0.0292363, -1.62006, -0.0183007, 1.10298, 0.715218, 0.000855054, -0.00677522, 6.32446e-05, 0.000251371, -0.000153413, 0.00019958, -0.000791496, -0.0616685, 0.11466, -0.52654, -0.32235, -0.0182943, -0.19652, -0.568571, 0, 0, 0, 8, 0, 0, 0, 0.332622, -0.0112383, 0.509436, 0.486346, -0.0158237, 0.742576, 0.996195, -3.71201e-12, -0.0871557, -4.46982e-12, -1, -8.49977e-12, -0.0871557, 8.857e-12, -0.996195, 1
15.52, 2025-07-03__00-39-01.802114, -0.0475129, -0.396033, 0.0292336, -1.62006, -0.0182988, 1.10296, 0.715222, 0.00101664, -0.000839269, -0.000679404, 8.03974e-05, -0.000212173, -0.000318406, 0.000372149, -0.0438234, -0.181674, -0.502529, -0.187479, -0.0133043, -0.191847, -0.575711, 0, 0, 0, 8, 0, 0, 0, 0.332616, -0.011241, 0.50944, 0.486346, -0.0158237, 0.742576, 0.996195, -3.71201e-12, -0.0871557, -4.46982e-12, -1, -8.49977e-12, -0.0871557, 8.857e-12, -0.996195, 1
15.53, 2025-07-03__00-39-01.812113, -0.0475172, -0.396037, 0.0292389, -1.62006, -0.0182962, 1.10295, 0.715219, -0.00134872, -0.00324241, 0.00213372, -0.000589259, 0.000228506, -0.0020498, 0.00108735, -0.0638647, -0.0786845, -0.540307, -0.218209, -0.020037, -0.178668, -0.579683, 0, 0, 0, 8, 0, 0, 0, 0.332607, -0.0112362, 0.509436, 0.486346, -0.0158237, 0.742576, 0.996195, -3.71201e-12, -0.0871557, -4.46982e-12, -1, -8.49977e-12, -0.0871557, 8.857e-12, -0.996195, 1
15.54, 2025-07-03__00-39-01.822112, -0.0475098, -0.39604, 0.0292385, -1.62006, -0.0182974, 1.10293, 0.715217, 0.00268608, -0.000645799, -0.00197186, 0.000526872, -0.000220438, -0.00609192, 0.000775936, -0.0431076, -0.185654, -0.496024, -0.186883, -0.0133315, -0.151337, -0.577497, 0, 0, 0, 8, 0, 0, 0, 0.332605, -0.0112346, 0.50944, 0.486346, -0.0158237, 0.742576, 0.996195, -3.71201e-12, -0.0871557, -4.46982e-12, -1, -8.49977e-12, -0.0871557, 8.857e-12, -0.996195, 1
15.55, 2025-07-03__00-39-01.832115, -0.0475116, -0.396048, 0.0292374, -1.62006, -0.0182992, 1.10292, 0.71521, 0.000371069, -9.03833e-05, -0.00138994, 3.78725e-06, 0.000145427, -0.000342042, -0.00899233, -0.0258788, -0.225826, -0.475797, -0.168267, -0.0120025, -0.189667, -0.518299, 0, 0, 0, 8, 0, 0, 0, 0.332598, -0.0112333, 0.509445, 0.486346, -0.0158237, 0.742576, 0.996195, -3.71201e-12, -0.0871557, -4.46982e-12, -1, -8.49977e-12, -0.0871557, 8.857e-12, -0.996195, 1
15.56, 2025-07-03__00-39-01.842115, -0.0475087, -0.396056, 0.0292388, -1.62006, -0.0182998, 1.10292, 0.715207, 0.000838671, -0.00117478, -0.000581034, -0.00114458, -4.99661e-05, -0.00214076, -0.0017404, -0.0444531, -0.192729, -0.50407, -0.158861, -0.0138649, -0.176132, -0.561882, 0, 0, 0, 8, 0, 0, 0, 0.332595, -0.0112347, 0.509444, 0.486346, -0.0158237, 0.742576, 0.996195, -3.71201e-12, -0.0871557, -4.46982e-12, -1, -8.49977e-12, -0.0871557, 8.857e-12, -0.996195, 1
15.57, 2025-07-03__00-39-01.852112, -0.0475137, -0.396055, 0.0292441, -1.62006, -0.018301, 1.1029, 0.715208, -0.00147455, 0.00102682, 0.00105928, 0.000490838, -0.000105226, -0.000181994, -0.000764821, -0.0407851, -0.271484, -0.506651, -0.156588, -0.012722, -0.190888, -0.567902, 0, 0, 0, 8, 0, 0, 0, 0.332589, -0.0112338, 0.509442, 0.486346, -0.0158237, 0.742576, 0.996195, -3.71201e-12, -0.0871557, -4.46982e-12, -1, -8.49977e-12, -0.0871557, 8.857e-12, -0.996195, 1
15.58, 2025-07-03__00-39-01.862115, -0.0475145, -0.396066, 0.0292399, -1.62006, -0.0183003, 1.10289, 0.715208, -0.00092701, -0.000125768, 0.00116412, -0.000748218, 0.000381266, -0.00235949, -0.000461296, -0.0503239, -0.239239, -0.519815, -0.145464, -0.017515, -0.173959, -0.569777, 0, 0, 0, 8, 0, 0, 0, 0.332586, -0.0112371, 0.509447, 0.486346, -0.0158237, 0.742576, 0.996195, -3.71201e-12, -0.0871557, -4.46982e-12, -1, -8.49977e-12, -0.0871557, 8.857e-12, -0.996195, 1
15.59, 2025-07-03__00-39-01.872112, -0.0475197, -0.396073, 0.0292367, -1.62006, -0.0182985, 1.10289, 0.715208, -0.0012797, 0.000448713, -2.04027e-05, 0.000454769, -0.000182506, -0.00015997, 0.000771507, -0.0258592, -0.240548, -0.481848, -0.169856, -0.0102916, -0.191105, -0.577569, 0, 0, 0, 8, 0, 0, 0, 0.332579, -0.0112385, 0.509446, 0.486346, -0.0158237, 0.742576, 0.996195, -3.71201e-12, -0.0871557, -4.46982e-12, -1, -8.49977e-12, -0.0871557, 8.857e-12, -0.996195, 1
15.6, 2025-07-03__00-39-01.882112, -0.0475144, -0.396082, 0.0292372, -1.62006, -0.0183002, 1.10288, 0.715207, 0.000538519, 0.000192635, 0.00043771, -0.000122455, 0.000210026, -0.00037778, 0.000630776, -0.0553522, -0.236432, -0.523381, -0.160386, -0.0173834, -0.188607, -0.576445, 0, 0, 0, 8, 0, 0, 0, 0.332578, -0.011237, 0.509453, 0.486346, -0.0158237, 0.742576, 0.996195, -3.71201e-12, -0.0871557, -4.46982e-12, -1, -8.49977e-12, -0.0871557, 8.857e-12, -0.996195, 1
15.61, 2025-07-03__00-39-01.892114, -0.0475176, -0.396092, 0.0292311, -1.62006, -0.0183012, 1.10288, 0.715207, -0.000759212, -0.00193374, -0.00119325, -0.000381333, 0.000173923, 0.000436663, 0.000279026, -0.0171556, -0.137637, -0.464388, -0.201662, -0.01148, -0.194131, -0.574841, 0, 0, 0, 8, 0, 0, 0, 0.332573, -0.0112402, 0.509456, 0.486346, -0.0158237, 0.742576, 0.996195, -3.71201e-12, -0.0871557, -4.46982e-12, -1, -8.49977e-12, -0.0871557, 8.857e-12, -0.996195, 1
15.62, 2025-07-03__00-39-01.902114, -0.0475144, -0.396099, 0.0292363, -1.62006, -0.0183013, 1.10287, 0.7152, 5.71763e-05, -0.000178275, 9.47573e-05, 0.000596396, 7.50056e-05, 0.000195366, -0.000806171, -0.0451736, -0.199248, -0.507675, -0.190396, -0.0150542, -0.19364, -0.567549, 0, 0, 0, 8, 0, 0, 0, 0.332567, -0.0112363, 0.509455, 0.486346, -0.0158237, 0.742576, 0.996195, -3.71201e-12, -0.0871557, -4.46982e-12, -1, -8.49977e-12, -0.0871557, 8.857e-12, -0.996195, 1
15.63, 2025-07-03__00-39-01.912115, -0.0475172, -0.396108, 0.0292364, -1.62006, -0.0182977, 1.10286, 0.715198, -0.000217201, 9.97291e-05, 0.000632247, 0.000604963, -3.488e-05, 0.000390012, -0.00120059, -0.0495153, -0.211466, -0.515845, -0.185141, -0.0151545, -0.194785, -0.564989, 0, 0, 0, 8, 0, 0, 0, 0.332563, -0.0112389, 0.509461, 0.486346, -0.0158237, 0.742576, 0.996195, -3.71201e-12, -0.0871557, -4.46982e-12, -1, -8.49977e-12, -0.0871557, 8.857e-12, -0.996195, 1
15.64, 2025-07-03__00-39-01.922111, -0.0475144, -0.396122, 0.0292364, -1.62006, -0.0182968, 1.10285, 0.715198, -0.00491627, -0.00408957, -0.000184466, -0.000364663, 0.000109203, -0.00157351, -0.0113214, 0.0114531, -0.0314655, -0.428734, -0.246439, -0.0067746, -0.179496, -0.503909, 0, 0, 0, 8, 0, 0, 0, 0.332559, -0.0112339, 0.509463, 0.486346, -0.0158237, 0.742576, 0.996195, -3.71201e-12, -0.0871557, -4.46982e-12, -1, -8.49977e-12, -0.0871557, 8.857e-12, -0.996195, 1
15.65, 2025-07-03__00-39-01.932112, -0.0475119, -0.396129, 0.0292424, -1.62006, -0.0183014, 1.10284, 0.715197, -0.000208784, -0.000906921, 0.000998146, -2.26183e-05, -2.28653e-05, -0.0015073, -0.000879028, -0.0574072, -0.172299, -0.527807, -0.188181, -0.0163843, -0.180523, -0.56666, 0, 0, 0, 8, 0, 0, 0, 0.332553, -0.011234, 0.509465, 0.486346, -0.0158237, 0.742576, 0.996195, -3.71201e-12, -0.0871557, -4.46982e-12, -1, -8.49977e-12, -0.0871557, 8.857e-12, -0.996195, 1
15.66, 2025-07-03__00-39-01.942112, -0.0475112, -0.396135, 0.0292389, -1.62006, -0.0183002, 1.10284, 0.7152, 0.000191039, -0.00146573, -2.8217e-05, 4.95944e-05, -8.88533e-05, 6.68532e-05, 0.000724543, -0.0463892, -0.14168, -0.508394, -0.205567, -0.0144401, -0.191711, -0.576673, 0, 0, 0, 8, 0, 0, 0, 0.332553, -0.0112332, 0.509467, 0.486346, -0.0158237, 0.742576, 0.996195, -3.71201e-12, -0.0871557, -4.46982e-12, -1, -8.49977e-12, -0.0871557, 8.857e-12, -0.996195, 1
15.67, 2025-07-03__00-39-01.952114, -0.0475144, -0.396135, 0.0292396, -1.62006, -0.0183002, 1.10283, 0.715194, -0.000633854, 0.00115258, -0.000157964, -0.000173111, -2.06583e-05, -0.000402583, -0.00128117, -0.0314562, -0.278286, -0.489282, -0.140913, -0.0115216, -0.187474, -0.564278, 0, 0, 0, 8, 0, 0, 0, 0.332548, -0.0112313, 0.509469, 0.486346, -0.0158237, 0.742576, 0.996195, -3.71201e-12, -0.0871557, -4.46982e-12, -1, -8.49977e-12, -0.0871557, 8.857e-12, -0.996195, 1
15.68, 2025-07-03__00-39-01.962110, -0.0475144, -0.396146, 0.0292413, -1.62006, -0.0182977, 1.10282, 0.715195, 0.000300071, -0.000511063, 0.00028327, 0.000252034, 8.3782e-05, 0.000360805, -0.000380368, -0.0516271, -0.183804, -0.517134, -0.1911, -0.0162359, -0.193308, -0.569627, 0, 0, 0, 8, 0, 0, 0, 0.332543, -0.0112353, 0.50947, 0.486346, -0.0158237, 0.742576, 0.996195, -3.71201e-12, -0.0871557, -4.46982e-12, -1, -8.49977e-12, -0.0871557, 8.857e-12, -0.996195, 1
15.69, 2025-07-03__00-39-01.972110, -0.0475094, -0.396151, 0.0292392, -1.62007, -0.0182975, 1.10282, 0.715192, 0.000646428, -0.000483453, -0.000409196, -0.000779333, -0.000237436, -0.00153892, -0.00141501, -0.0439453, -0.210003, -0.504262, -0.140394, -0.0125501, -0.178383, -0.563095, 0, 0, 0, 8, 0, 0, 0, 0.332542, -0.0112319, 0.509472, 0.486346, -0.0158237, 0.742576, 0.996195, -3.71201e-12, -0.0871557, -4.46982e-12, -1, -8.49977e-12, -0.0871557, 8.857e-12, -0.996195, 1
15.7, 2025-07-03__00-39-01.982115, -0.0475167, -0.396158, 0.0292413, -1.62006, -0.0182998, 1.10281, 0.715195, -0.00107966, 9.57935e-07, 0.000945729, 5.12386e-05, 7.22406e-05, 7.61257e-05, 0.00177715, -0.0451236, -0.212275, -0.51167, -0.174209, -0.01489, -0.190986, -0.582853, 0, 0, 0, 8, 0, 0, 0, 0.332538, -0.0112339, 0.509473, 0.486346, -0.0158237, 0.742576, 0.996195, -3.71201e-12, -0.0871557, -4.46982e-12, -1, -8.49977e-12, -0.0871557, 8.857e-12, -0.996195, 1
15.71, 2025-07-03__00-39-01.992113, -0.0475144, -0.396167, 0.0292336, -1.62006, -0.0182967, 1.1028, 0.715195, -6.97279e-05, -0.00239696, -0.00078695, -0.000463121, 0.000167177, 8.64547e-05, 0.000735858, -0.032409, -0.105803, -0.486165, -0.21332, -0.0141407, -0.190048, -0.576695, 0, 0, 0, 8, 0, 0, 0, 0.332533, -0.0112358, 0.509475, 0.486346, -0.0158237, 0.742576, 0.996195, -3.71201e-12, -0.0871557, -4.46982e-12, -1, -8.49977e-12, -0.0871557, 8.857e-12, -0.996195, 1
15.72, 2025-07-03__00-39-02.002113, -0.0475169, -0.396167, 0.0292336, -1.62006, -0.0182977, 1.1028, 0.715192, -1.10538e-05, -0.000598456, 4.83295e-05, 0.00100689, -0.000159495, 4.64735e-05, 0.000373956, -0.0435594, -0.160951, -0.504851, -0.214339, -0.0138177, -0.191935, -0.57438, 0, 0, 0, 8, 0, 0, 0, 0.332533, -0.0112378, 0.509475, 0.486346, -0.0158237, 0.742576, 0.996195, -3.71201e-12, -0.0871557, -4.46982e-12, -1, -8.49977e-12, -0.0871557, 8.857e-12, -0.996195, 1
15.73, 2025-07-03__00-39-02.012112, -0.0475176, -0.396172, 0.0292336, -1.62006, -0.0183, 1.10279, 0.715186, -0.00471758, 0.000651884, 0.000123655, 0.00386144, 6.35935e-05, -0.00235105, -0.000524551, 0.00991886, -0.166231, -0.432636, -0.260825, -0.00688529, -0.179051, -0.568988, 0, 0, 0, 8, 0, 0, 0, 0.332527, -0.0112379, 0.509479, 0.486346, -0.0158237, 0.742576, 0.996195, -3.71201e-12, -0.0871557, -4.46982e-12, -1, -8.49977e-12, -0.0871557, 8.857e-12, -0.996195, 1
15.74, 2025-07-03__00-39-02.022112, -0.0475109, -0.396172, 0.0292364, -1.62006, -0.0182989, 1.10278, 0.715185, 0.000700525, 0.000807176, 0.000219036, -0.000293014, -0.000133461, -0.000267761, -0.000629598, -0.0528313, -0.259989, -0.519226, -0.147099, -0.0144199, -0.186936, -0.567656, 0, 0, 0, 8, 0, 0, 0, 0.332524, -0.0112347, 0.509478, 0.486346, -0.0158237, 0.742576, 0.996195, -3.71201e-12, -0.0871557, -4.46982e-12, -1, -8.49977e-12, -0.0871557, 8.857e-12, -0.996195, 1
15.75, 2025-07-03__00-39-02.032115, -0.0475169, -0.396178, 0.0292357, -1.62006, -0.0182979, 1.10278, 0.715182, -0.0014167, 0.000226281, 0.0058862, -0.000257357, -0.000134012, -9.29193e-05, 0.00721626, -0.116345, -0.224089, -0.627844, -0.160864, -0.0253517, -0.188809, -0.614934, 0, 0, 0, 8, 0, 0, 0, 0.332522, -0.0112356, 0.50948, 0.486346, -0.0158237, 0.742576, 0.996195, -3.71201e-12, -0.0871557, -4.46982e-12, -1, -8.49977e-12, -0.0871557, 8.857e-12, -0.996195, 1
15.76, 2025-07-03__00-39-02.042114, -0.047514, -0.396183, 0.0292391, -1.62006, -0.0183006, 1.10277, 0.715179, 0.00130102, -0.00195967, 0.000654474, -0.000205534, -0.000338488, -0.00049368, -0.000955175, -0.0700505, -0.119036, -0.542789, -0.210542, -0.0167107, -0.185456, -0.565394, 0, 0, 0, 8, 0, 0, 0, 0.332518, -0.0112323, 0.509476, 0.486346, -0.0158237, 0.742576, 0.996195, -3.71201e-12, -0.0871557, -4.46982e-12, -1, -8.49977e-12, -0.0871557, 8.857e-12, -0.996195, 1
15.77, 2025-07-03__00-39-02.052116, -0.0475144, -0.39618, 0.0292363, -1.62006, -0.0182966, 1.10277, 0.715176, -0.000165345, 0.00116361, -0.000153263, -0.000263607, 3.54066e-05, -0.000452138, -0.00252865, -0.0367763, -0.277342, -0.496216, -0.140164, -0.0127899, -0.185365, -0.555772, 0, 0, 0, 8, 0, 0, 0, 0.332519, -0.011233, 0.50948, 0.486346, -0.0158237, 0.742576, 0.996195, -3.71201e-12, -0.0871557, -4.46982e-12, -1, -8.49977e-12, -0.0871557, 8.857e-12, -0.996195, 1
15.78, 2025-07-03__00-39-02.062114, -0.0475144, -0.396189, 0.0292416, -1.62006, -0.018296, 1.10276, 0.715177, 0.00226051, -0.00185064, 0.00106241, 0.000153792, 0.000185383, -0.00352485, 0.00331498, -0.0880626, -0.114921, -0.568496, -0.21422, -0.0234238, -0.16489, -0.590809, 0, 0, 0, 8, 0, 0, 0, 0.332515, -0.0112331, 0.50948, 0.486346, -0.0158237, 0.742576, 0.996195, -3.71201e-12, -0.0871557, -4.46982e-12, -1, -8.49977e-12, -0.0871557, 8.857e-12, -0.996195, 1
15.79, 2025-07-03__00-39-02.072113, -0.0475144, -0.396187, 0.0292363, -1.62006, -0.0182993, 1.10275, 0.715172, -0.00292852, 6.2253e-05, -0.000477465, 0.0012142, 0.000229102, 1.40942e-05, -0.000370661, -0.00201123, -0.197345, -0.447042, -0.20448, -0.00900222, -0.189879, -0.568967, 0, 0, 0, 8, 0, 0, 0, 0.332514, -0.0112329, 0.509482, 0.486346, -0.0158237, 0.742576, 0.996195, -3.71201e-12, -0.0871557, -4.46982e-12, -1, -8.49977e-12, -0.0871557, 8.857e-12, -0.996195, 1
15.8, 2025-07-03__00-39-02.082115, -0.0475144, -0.396187, 0.0292395, -1.62006, -0.0182968, 1.10275, 0.715172, -4.10907e-05, 0.000864448, -0.000147233, 0.00101099, 0.000106641, -0.000190831, 0.000270054, -0.0393042, -0.236987, -0.498967, -0.181953, -0.0141442, -0.188273, -0.572459, 0, 0, 0, 8, 0, 0, 0, 0.33251, -0.0112327, 0.509483, 0.486346, -0.0158237, 0.742576, 0.996195, -3.71201e-12, -0.0871557, -4.46982e-12, -1, -8.49977e-12, -0.0871557, 8.857e-12, -0.996195, 1
15.81, 2025-07-03__00-39-02.092115, -0.0475159, -0.396188, 0.0292385, -1.62006, -0.018296, 1.10274, 0.715171, -0.000844187, -0.000247866, 0.000248742, 0.000921068, 0.000269857, 0.000319829, 0.00021106, -0.0376308, -0.187321, -0.497867, -0.20373, -0.0152608, -0.191162, -0.572122, 0, 0, 0, 8, 0, 0, 0, 0.332508, -0.0112337, 0.50948, 0.486346, -0.0158237, 0.742576, 0.996195, -3.71201e-12, -0.0871557, -4.46982e-12, -1, -8.49977e-12, -0.0871557, 8.857e-12, -0.996195, 1
15.82, 2025-07-03__00-39-02.102116, -0.0475169, -0.396192, 0.0292336, -1.62006, -0.0183, 1.10274, 0.715169, 4.6663e-05, -0.00176696, -0.000325224, -0.00041757, 0.000197393, -0.00122761, 0.00080173, -0.0401846, -0.140168, -0.498784, -0.19848, -0.0152214, -0.178726, -0.575844, 0, 0, 0, 8, 0, 0, 0, 0.332505, -0.0112357, 0.509484, 0.486346, -0.0158237, 0.742576, 0.996195, -3.71201e-12, -0.0871557, -4.46982e-12, -1, -8.49977e-12, -0.0871557, 8.857e-12, -0.996195, 1
15.83, 2025-07-03__00-39-02.112113, -0.0475162, -0.396194, 0.0292314, -1.62006, -0.0182977, 1.10273, 0.715167, -0.000393877, -0.000183986, -0.00131823, -0.00129926, 5.72135e-05, 9.61637e-05, 0.000178077, -0.0167976, -0.240653, -0.464413, -0.141068, -0.00976896, -0.185972, -0.572016, 0, 0, 0, 8, 0, 0, 0, 0.332506, -0.0112337, 0.509483, 0.486346, -0.0158237, 0.742576, 0.996195, -3.71201e-12, -0.0871557, -4.46982e-12, -1, -8.49977e-12, -0.0871557, 8.857e-12, -0.996195, 1
15.84, 2025-07-03__00-39-02.122112, -0.0475145, -0.396194, 0.0292363, -1.62006, -0.0183002, 1.10273, 0.715169, -0.00135974, 0.00133123, 0.00104642, -0.000149365, 0.000106159, -0.00197105, 0.000709389, -0.0413738, -0.288108, -0.507536, -0.136226, -0.0139416, -0.17349, -0.575099, 0, 0, 0, 8, 0, 0, 0, 0.332501, -0.011239, 0.509485, 0.486346, -0.0158237, 0.742576, 0.996195, -3.71201e-12, -0.0871557, -4.46982e-12, -1, -8.49977e-12, -0.0871557, 8.857e-12, -0.996195, 1
15.85, 2025-07-03__00-39-02.132114, -0.0475144, -0.396198, 0.0292336, -1.62006, -0.0182992, 1.10273, 0.715158, -0.000207646, 0.000313726, -0.000153256, -0.000121616, 0.000276376, -0.000302586, -0.00296562, -0.0378516, -0.235979, -0.497053, -0.162545, -0.0146067, -0.185081, -0.552376, 0, 0, 0, 8, 0, 0, 0, 0.332501, -0.0112329, 0.509485, 0.486346, -0.0158237, 0.742576, 0.996195, -3.71201e-12, -0.0871557, -4.46982e-12, -1, -8.49977e-12, -0.0871557, 8.857e-12, -0.996195, 1
15.86, 2025-07-03__00-39-02.142112, -0.0475144, -0.396201, 0.0292388, -1.62006, -0.0183002, 1.10272, 0.715167, 0.00186326, -3.18973e-06, 0.00112942, 0.00503468, 0.000217841, -0.000398825, 0.000848619, -0.0838522, -0.104481, -0.561737, -0.312037, -0.0236577, -0.191752, -0.575715, 0, 0, 0, 8, 0, 0, 0, 0.332497, -0.011235, 0.509486, 0.486346, -0.0158237, 0.742576, 0.996195, -3.71201e-12, -0.0871557, -4.46982e-12, -1, -8.49977e-12, -0.0871557, 8.857e-12, -0.996195, 1
15.87, 2025-07-03__00-39-02.152115, -0.0475119, -0.396209, 0.0292338, -1.62006, -0.0183003, 1.10272, 0.715166, 0.000908353, -0.00159602, -0.00166277, -0.00221461, -2.09262e-05, -0.000259655, 0.000938981, -0.0285126, -0.186506, -0.478418, -0.147822, -0.0111521, -0.182269, -0.576448, 0, 0, 0, 8, 0, 0, 0, 0.332497, -0.0112308, 0.509486, 0.486346, -0.0158237, 0.742576, 0.996195, -3.71201e-12, -0.0871557, -4.46982e-12, -1, -8.49977e-12, -0.0871557, 8.857e-12, -0.996195, 1
15.88, 2025-07-03__00-39-02.162112, -0.0475178, -0.396204, 0.0292336, -1.62006, -0.0182989, 1.10272, 0.715162, -0.00214119, -0.000471645, -0.00100528, 2.15365e-05, -9.04787e-05, -0.00173683, 0.000106941, -0.00215789, -0.198077, -0.44532, -0.181086, -0.00689165, -0.175088, -0.571423, 0, 0, 0, 8, 0, 0, 0, 0.332497, -0.0112355, 0.509486, 0.486346, -0.0158237, 0.742576, 0.996195, -3.71201e-12, -0.0871557, -4.46982e-12, -1, -8.49977e-12, -0.0871557, 8.857e-12, -0.996195, 1
15.89, 2025-07-03__00-39-02.172113, -0.0475141, -0.396206, 0.0292388, -1.62006, -0.0183004, 1.10271, 0.71516, 0.00101711, 0.00113625, 0.000317702, 0.000829657, 0.000288986, -0.000337866, -0.000378601, -0.0588774, -0.255026, -0.527399, -0.171029, -0.0181862, -0.185542, -0.567938, 0, 0, 0, 8, 0, 0, 0, 0.332493, -0.0112342, 0.509487, 0.486346, -0.0158237, 0.742576, 0.996195, -3.71201e-12, -0.0871557, -4.46982e-12, -1, -8.49977e-12, -0.0871557, 8.857e-12, -0.996195, 1
15.9, 2025-07-03__00-39-02.182113, -0.0475144, -0.39621, 0.0292388, -1.62006, -0.0183006, 1.10271, 0.71516, -0.00240296, 4.91691e-05, -0.000221444, 0.00199776, -0.000145662, 0.00926176, -0.000138904, -0.0121645, -0.179773, -0.461473, -0.240233, -0.00811809, -0.253472, -0.569893, 0, 0, 0, 8, 0, 0, 0, 0.332492, -0.0112317, 0.509488, 0.486346, -0.0158237, 0.742576, 0.996195, -3.71201e-12, -0.0871557, -4.46982e-12, -1, -8.49977e-12, -0.0871557, 8.857e-12, -0.996195, 1
15.91, 2025-07-03__00-39-02.192111, -0.0475116, -0.396207, 0.0292363, -1.62006, -0.0182998, 1.1027, 0.71516, 0.00108959, 0.000625828, -0.000561204, -0.00124964, 0.000118769, 0.000189529, 0.0012322, -0.0454455, -0.278858, -0.506412, -0.125127, -0.0144154, -0.185632, -0.577718, 0, 0, 0, 8, 0, 0, 0, 0.332489, -0.0112313, 0.509487, 0.486346, -0.0158237, 0.742576, 0.996195, -3.71201e-12, -0.0871557, -4.46982e-12, -1, -8.49977e-12, -0.0871557, 8.857e-12, -0.996195, 1
15.92, 2025-07-03__00-39-02.202115, -0.0475137, -0.396215, 0.0292367, -1.62007, -0.0182973, 1.10269, 0.715155, 0.00490315, -0.000327827, -0.000438423, -0.000411585, -0.000304577, -0.000261076, -0.000716505, -0.0920339, -0.211461, -0.568514, -0.150566, -0.0200382, -0.183116, -0.565372, 0, 0, 0, 8, 0, 0, 0, 0.332483, -0.0112318, 0.509484, 0.486346, -0.0158237, 0.742576, 0.996195, -3.71201e-12, -0.0871557, -4.46982e-12, -1, -8.49977e-12, -0.0871557, 8.857e-12, -0.996195, 1
15.93, 2025-07-03__00-39-02.212113, -0.0475151, -0.396216, 0.0292373, -1.62006, -0.0182999, 1.10269, 0.715158, 0.000255195, 6.51786e-05, -0.000197073, 0.00151774, -9.35302e-05, -0.00509654, 0.000891603, -0.0424973, -0.190635, -0.502378, -0.206046, -0.013838, -0.15305, -0.575575, 0, 0, 0, 8, 0, 0, 0, 0.332483, -0.0112325, 0.509485, 0.486346, -0.0158237, 0.742576, 0.996195, -3.71201e-12, -0.0871557, -4.46982e-12, -1, -8.49977e-12, -0.0871557, 8.857e-12, -0.996195, 1
15.94, 2025-07-03__00-39-02.222113, -0.0475154, -0.396219, 0.0292363, -1.62006, -0.0183007, 1.10268, 0.71516, 0.000822059, 0.000198531, 0.000684033, -0.00170746, -6.52526e-05, -0.000380782, 0.0011743, -0.0615737, -0.266809, -0.533383, -0.12119, -0.015948, -0.180437, -0.5774, 0, 0, 0, 8, 0, 0, 0, 0.332484, -0.0112345, 0.509489, 0.486346, -0.0158237, 0.742576, 0.996195, -3.71201e-12, -0.0871557, -4.46982e-12, -1, -8.49977e-12, -0.0871557, 8.857e-12, -0.996195, 1
15.95, 2025-07-03__00-39-02.232116, -0.04752, -0.39622, 0.0292336, -1.62006, -0.0183019, 1.10268, 0.715149, -0.00102463, 0.000591948, -0.000259495, 0.00097432, -0.000574422, 0.000201561, -0.00159073, -0.0248243, -0.231057, -0.478992, -0.186665, -0.00730883, -0.188265, -0.560528, 0, 0, 0, 8, 0, 0, 0, 0.33248, -0.0112343, 0.509489, 0.486346, -0.0158237, 0.742576, 0.996195, -3.71201e-12, -0.0871557, -4.46982e-12, -1, -8.49977e-12, -0.0871557, 8.857e-12, -0.996195, 1
15.96, 2025-07-03__00-39-02.242112, -0.0475204, -0.396223, 0.0292336, -1.62006, -0.0183014, 1.10268, 0.715148, -0.00143489, 0.000441502, 0.000209973, 0.000835565, 5.68804e-05, -0.00282256, -0.00172155, -0.0286546, -0.225211, -0.486009, -0.182121, -0.0120525, -0.167327, -0.559622, 0, 0, 0, 8, 0, 0, 0, 0.332479, -0.0112372, 0.50949, 0.486346, -0.0158237, 0.742576, 0.996195, -3.71201e-12, -0.0871557, -4.46982e-12, -1, -8.49977e-12, -0.0871557, 8.857e-12, -0.996195, 1
15.97, 2025-07-03__00-39-02.252115, -0.0475151, -0.396225, 0.0292342, -1.62006, -0.0183, 1.10268, 0.715155, 0.000603843, 0.00101908, 0.000607017, -7.75341e-05, 0.000143018, -0.000664487, 0.00104115, -0.0576255, -0.269343, -0.527252, -0.148481, -0.0169223, -0.181061, -0.576414, 0, 0, 0, 8, 0, 0, 0, 0.332479, -0.0112337, 0.509492, 0.486346, -0.0158237, 0.742576, 0.996195, -3.71201e-12, -0.0871557, -4.46982e-12, -1, -8.49977e-12, -0.0871557, 8.857e-12, -0.996195, 1
15.98, 2025-07-03__00-39-02.262115, -0.0475144, -0.396229, 0.0292363, -1.62006, -0.0182975, 1.10268, 0.715151, 1.36585e-05, -0.000268725, 0.000663351, -0.000271943, -0.000224987, 0.000174806, 0.000942156, -0.0527508, -0.209729, -0.520295, -0.172598, -0.0140835, -0.186728, -0.575521, 0, 0, 0, 8, 0, 0, 0, 0.332478, -0.011233, 0.509492, 0.486346, -0.0158237, 0.742576, 0.996195, -3.71201e-12, -0.0871557, -4.46982e-12, -1, -8.49977e-12, -0.0871557, 8.857e-12, -0.996195, 1
15.99, 2025-07-03__00-39-02.272111, -0.0475145, -0.396234, 0.0292416, -1.62006, -0.0182982, 1.10267, 0.715145, -9e-05, -0.000803513, 0.00183177, -0.000835323, 0.000155049, 0.000166131, -0.00129416, -0.0715605, -0.195107, -0.550429, -0.168634, -0.0193741, -0.185474, -0.561457, 0, 0, 0, 8, 0, 0, 0, 0.332474, -0.0112338, 0.509493, 0.486346, -0.0158237, 0.742576, 0.996195, -3.71201e-12, -0.0871557, -4.46982e-12, -1, -8.49977e-12, -0.0871557, 8.857e-12, -0.996195, 1
16, 2025-07-03__00-39-02.282114, -0.047512, -0.396233, 0.0292381, -1.62006, -0.0182975, 1.10267, 0.715149, 0.000827844, 7.38843e-05, 8.5169e-06, -0.000446119, -0.000174919, -9.16259e-05, -8.15843e-05, -0.0518922, -0.231232, -0.51664, -0.160012, -0.014014, -0.184197, -0.569087, 0, 0, 0, 8, 0, 0, 0, 0.332474, -0.0112346, 0.509493, 0.486346, -0.0158237, 0.742576, 0.996195, -3.71201e-12, -0.0871557, -4.46982e-12, -1, -8.49977e-12, -0.0871557, 8.857e-12, -0.996195, 1
16.01, 2025-07-03__00-39-02.292111, -0.0475136, -0.39624, 0.0292423, -1.62006, -0.0182983, 1.10267, 0.715148, 0.000628228, -0.0008967, 0.00159499, -0.000279692, -0.000377139, 0.000245394, 0.000242163, -0.0755524, -0.175607, -0.554523, -0.186857, -0.016894, -0.187118, -0.570872, 0, 0, 0, 8, 0, 0, 0, 0.332474, -0.0112295, 0.509494, 0.486346, -0.0158237, 0.742576, 0.996195, -3.71201e-12, -0.0871557, -4.46982e-12, -1, -8.49977e-12, -0.0871557, 8.857e-12, -0.996195, 1
16.02, 2025-07-03__00-39-02.302114, -0.0475119, -0.396236, 0.0292363, -1.62006, -0.0182999, 1.10267, 0.715141, 0.000185372, 0.00120417, -0.000676269, -0.000415903, 9.43892e-05, 0.000202527, 0.00101497, -0.0329109, -0.286116, -0.488826, -0.136972, -0.0121473, -0.186326, -0.575536, 0, 0, 0, 8, 0, 0, 0, 0.332473, -0.0112313, 0.509496, 0.486346, -0.0158237, 0.742576, 0.996195, -3.71201e-12, -0.0871557, -4.46982e-12, -1, -8.49977e-12, -0.0871557, 8.857e-12, -0.996195, 1
16.03, 2025-07-03__00-39-02.312114, -0.0475148, -0.396244, 0.0292363, -1.62006, -0.0182992, 1.10266, 0.715141, -0.00111022, -0.00372411, -0.000675642, 0.00111037, -0.000522143, -0.00198419, -0.00013274, -0.0234757, -0.0127175, -0.47295, -0.283092, -0.00876917, -0.173285, -0.568736, 0, 0, 0, 8, 0, 0, 0, 0.33247, -0.0112328, 0.509494, 0.486346, -0.0158237, 0.742576, 0.996195, -3.71201e-12, -0.0871557, -4.46982e-12, -1, -8.49977e-12, -0.0871557, 8.857e-12, -0.996195, 1
16.04, 2025-07-03__00-39-02.322112, -0.0475138, -0.396238, 0.0292389, -1.62007, -0.0182966, 1.10266, 0.715143, -0.0055327, 0.00163808, 0.000749158, -0.000741492, 6.65075e-05, 0.000164375, 0.000377004, 0.0120577, -0.325237, -0.434879, -0.0968963, -0.00442764, -0.184525, -0.571846, 0, 0, 0, 8, 0, 0, 0, 0.332468, -0.0112315, 0.509492, 0.486346, -0.0158237, 0.742576, 0.996195, -3.71201e-12, -0.0871557, -4.46982e-12, -1, -8.49977e-12, -0.0871557, 8.857e-12, -0.996195, 1
16.05, 2025-07-03__00-39-02.332096, -0.0475112, -0.39625, 0.0292335, -1.62006, -0.0182992, 1.10266, 0.715141, 0.000830873, -0.000977883, -0.000888055, 0.000603827, -0.000163498, 1.21886e-05, 0.0013404, -0.0395843, -0.153469, -0.495214, -0.213601, -0.012679, -0.186534, -0.577576, 0, 0, 0, 8, 0, 0, 0, 0.332468, -0.0112351, 0.509498, 0.486346, -0.0158237, 0.742576, 0.996195, -3.71201e-12, -0.0871557, -4.46982e-12, -1, -8.49977e-12, -0.0871557, 8.857e-12, -0.996195, 1
16.06, 2025-07-03__00-39-02.342117, -0.0475168, -0.396248, 0.0292336, -1.62006, -0.0182985, 1.10266, 0.715136, -0.000822674, 0.000676515, -5.9531e-05, 0.00128169, -0.000242082, 0.000331544, -0.000649666, -0.0310717, -0.222001, -0.487805, -0.195648, -0.0105188, -0.189576, -0.565401, 0, 0, 0, 8, 0, 0, 0, 0.332466, -0.011234, 0.509496, 0.486346, -0.0158237, 0.742576, 0.996195, -3.71201e-12, -0.0871557, -4.46982e-12, -1, -8.49977e-12, -0.0871557, 8.857e-12, -0.996195, 1
16.07, 2025-07-03__00-39-02.352116, -0.0475198, -0.396248, 0.0292336, -1.62006, -0.0182977, 1.10265, 0.715141, -0.00145631, 0.000799876, -0.000283215, -0.00588609, 3.12866e-05, 0.00049079, 0.0011145, -0.0178929, -0.387637, -0.472904, 0.00477615, -0.00787505, -0.179623, -0.57631, 0, 0, 0, 8, 0, 0, 0, 0.332464, -0.0112333, 0.509498, 0.486346, -0.0158237, 0.742576, 0.996195, -3.71201e-12, -0.0871557, -4.46982e-12, -1, -8.49977e-12, -0.0871557, 8.857e-12, -0.996195, 1
16.08, 2025-07-03__00-39-02.362116, -0.0475151, -0.396255, 0.0292336, -1.62006, -0.0182995, 1.10265, 0.715138, 0.000778515, 0.000284894, -0.000343134, 0.000386137, 0.00076479, -0.00283699, 0.000723547, -0.0472991, -0.219487, -0.508633, -0.17625, -0.0195066, -0.166176, -0.573677, 0, 0, 0, 8, 0, 0, 0, 0.332462, -0.0112358, 0.509496, 0.486346, -0.0158237, 0.742576, 0.996195, -3.71201e-12, -0.0871557, -4.46982e-12, -1, -8.49977e-12, -0.0871557, 8.857e-12, -0.996195, 1
16.09, 2025-07-03__00-39-02.372114, -0.0475119, -0.396259, 0.0292283, -1.62006, -0.0182975, 1.10265, 0.715138, 0.00114764, 0.00128963, -0.00210441, 0.0004542, -9.42222e-06, 0.000261897, -5.90129e-05, -0.0212394, -0.267692, -0.466617, -0.161113, -0.0100119, -0.187689, -0.569105, 0, 0, 0, 8, 0, 0, 0, 0.332462, -0.0112339, 0.509502, 0.486346, -0.0158237, 0.742576, 0.996195, -3.71201e-12, -0.0871557, -4.46982e-12, -1, -8.49977e-12, -0.0871557, 8.857e-12, -0.996195, 1
16.1, 2025-07-03__00-39-02.382114, -0.0475169, -0.396261, 0.0292363, -1.62006, -0.0182974, 1.10265, 0.715139, -0.000938076, 0.000420673, 0.000147422, 0.0064712, -0.000133239, 0.00017318, 0.00107206, -0.0352777, -0.0929081, -0.491738, -0.345158, -0.0137482, -0.196065, -0.575981, 0, 0, 0, 8, 0, 0, 0, 0.332462, -0.0112315, 0.509502, 0.486346, -0.0158237, 0.742576, 0.996195, -3.71201e-12, -0.0871557, -4.46982e-12, -1, -8.49977e-12, -0.0871557, 8.857e-12, -0.996195, 1
16.11, 2025-07-03__00-39-02.392140, -0.0475142, -0.396266, 0.0292416, -1.62006, -0.0182967, 1.10264, 0.715131, 0.000661013, 0.00238186, 0.00182215, 0.00117477, 6.63952e-05, -0.00087861, -0.000954508, -0.0765718, -0.301011, -0.557579, -0.155302, -0.0193434, -0.180733, -0.562711, 0, 0, 0, 8, 0, 0, 0, 0.332458, -0.0112325, 0.509502, 0.486346, -0.0158237, 0.742576, 0.996195, -3.71201e-12, -0.0871557, -4.46982e-12, -1, -8.49977e-12, -0.0871557, 8.857e-12, -0.996195, 1
16.12, 2025-07-03__00-39-02.402114, -0.0475126, -0.396268, 0.0292388, -1.62007, -0.0182967, 1.10264, 0.715133, 0.000631489, -0.000645646, -0.000811337, -0.000617066, 9.94502e-05, 2.87754e-05, -0.00267803, -0.0386214, -0.197939, -0.495001, -0.154208, -0.0135867, -0.183846, -0.552594, 0, 0, 0, 8, 0, 0, 0, 0.332457, -0.01123, 0.509503, 0.486346, -0.0158237, 0.742576, 0.996195, -3.71201e-12, -0.0871557, -4.46982e-12, -1, -8.49977e-12, -0.0871557, 8.857e-12, -0.996195, 1
16.13, 2025-07-03__00-39-02.412114, -0.0475144, -0.396274, 0.0292444, -1.62006, -0.0183013, 1.10264, 0.715133, -0.00157924, -0.000120901, 0.0019744, 0.000798152, -0.000344185, 0.000412224, -0.00385944, -0.0561302, -0.186283, -0.529842, -0.201407, -0.013678, -0.189317, -0.545464, 0, 0, 0, 8, 0, 0, 0, 0.332455, -0.0112318, 0.509501, 0.486346, -0.0158237, 0.742576, 0.996195, -3.71201e-12, -0.0871557, -4.46982e-12, -1, -8.49977e-12, -0.0871557, 8.857e-12, -0.996195, 1
16.14, 2025-07-03__00-39-02.422112, -0.0475144, -0.396279, 0.0292389, -1.62006, -0.0182975, 1.10264, 0.715129, 0.000387157, -0.000458275, 0.000437513, -0.000347522, -0.00012278, -0.00011404, -0.00189059, -0.0547952, -0.192029, -0.521821, -0.177863, -0.0148561, -0.184213, -0.557195, 0, 0, 0, 8, 0, 0, 0, 0.332455, -0.0112316, 0.509507, 0.486346, -0.0158237, 0.742576, 0.996195, -3.71201e-12, -0.0871557, -4.46982e-12, -1, -8.49977e-12, -0.0871557, 8.857e-12, -0.996195, 1
16.15, 2025-07-03__00-39-02.432116, -0.0475143, -0.396276, 0.029241, -1.62006, -0.0182981, 1.10264, 0.715133, -0.00219697, 0.00130884, 0.000387348, -2.8429e-05, 0.000113488, -0.00153488, -0.000420225, -0.0223958, -0.27615, -0.478985, -0.144929, -0.0106382, -0.174704, -0.566375, 0, 0, 0, 8, 0, 0, 0, 0.332455, -0.011232, 0.509507, 0.486346, -0.0158237, 0.742576, 0.996195, -3.71201e-12, -0.0871557, -4.46982e-12, -1, -8.49977e-12, -0.0871557, 8.857e-12, -0.996195, 1
16.16, 2025-07-03__00-39-02.442116, -0.0475169, -0.396285, 0.0292364, -1.62006, -0.0183, 1.10263, 0.715133, -0.000253986, -0.00314676, -0.000292269, 0.000507054, 0.000136863, -2.31556e-05, 0.000777757, -0.0399157, -0.0433948, -0.497218, -0.260318, -0.0152167, -0.185814, -0.573921, 0, 0, 0, 8, 0, 0, 0, 0.332455, -0.0112332, 0.509508, 0.486346, -0.0158237, 0.742576, 0.996195, -3.71201e-12, -0.0871557, -4.46982e-12, -1, -8.49977e-12, -0.0871557, 8.857e-12, -0.996195, 1
16.17, 2025-07-03__00-39-02.452116, -0.0475168, -0.396288, 0.0292357, -1.62006, -0.0182984, 1.10263, 0.715131, -0.00129488, -0.000203252, -0.000166825, 0.000333876, -8.12357e-05, -0.000230907, 0.000109421, -0.02547, -0.191563, -0.479846, -0.190891, -0.0105579, -0.184143, -0.569751, 0, 0, 0, 8, 0, 0, 0, 0.33245, -0.0112332, 0.509509, 0.486346, -0.0158237, 0.742576, 0.996195, -3.71201e-12, -0.0871557, -4.46982e-12, -1, -8.49977e-12, -0.0871557, 8.857e-12, -0.996195, 1
16.18, 2025-07-03__00-39-02.462115, -0.047516, -0.396287, 0.0292371, -1.62006, -0.0182966, 1.10263, 0.715129, -0.00023667, 0.00173653, 0.00117693, 0.00159721, 0.000141422, 6.25117e-05, 5.2923e-05, -0.0569684, -0.256297, -0.528013, -0.184033, -0.017007, -0.188031, -0.569042, 0, 0, 0, 8, 0, 0, 0, 0.332448, -0.0112321, 0.509507, 0.486346, -0.0158237, 0.742576, 0.996195, -3.71201e-12, -0.0871557, -4.46982e-12, -1, -8.49977e-12, -0.0871557, 8.857e-12, -0.996195, 1
16.19, 2025-07-03__00-39-02.472110, -0.0475169, -0.396292, 0.0292336, -1.62006, -0.018301, 1.10263, 0.715132, -0.00191487, 0.000659656, 0.000135155, 0.00116025, -5.18478e-05, 0.000185019, 0.00130071, -0.0221423, -0.214631, -0.476728, -0.195701, -0.0101633, -0.188388, -0.577206, 0, 0, 0, 8, 0, 0, 0, 0.332449, -0.0112355, 0.509511, 0.486346, -0.0158237, 0.742576, 0.996195, -3.71201e-12, -0.0871557, -4.46982e-12, -1, -8.49977e-12, -0.0871557, 8.857e-12, -0.996195, 1
16.2, 2025-07-03__00-39-02.482111, -0.0475145, -0.396293, 0.0292363, -1.62006, -0.0183016, 1.10263, 0.715122, -5.68963e-05, 0.00149617, 0.000233182, -0.00156345, -8.81259e-05, 0.000327737, -0.000921477, -0.0437238, -0.312382, -0.507705, -0.103145, -0.0121118, -0.185402, -0.562939, 0, 0, 0, 8, 0, 0, 0, 0.332449, -0.0112331, 0.509511, 0.486346, -0.0158237, 0.742576, 0.996195, -3.71201e-12, -0.0871557, -4.46982e-12, -1, -8.49977e-12, -0.0871557, 8.857e-12, -0.996195, 1
16.21, 2025-07-03__00-39-02.492112, -0.0475169, -0.396299, 0.0292363, -1.62006, -0.0182982, 1.10263, 0.715126, -0.000718516, -0.000567077, 0.00087724, -0.00047381, 0.000354924, 0.000222154, -0.00105929, -0.049689, -0.184929, -0.516814, -0.178683, -0.0170796, -0.186527, -0.562308, 0, 0, 0, 8, 0, 0, 0, 0.332445, -0.011236, 0.509512, 0.486346, -0.0158237, 0.742576, 0.996195, -3.71201e-12, -0.0871557, -4.46982e-12, -1, -8.49977e-12, -0.0871557, 8.857e-12, -0.996195, 1
16.22, 2025-07-03__00-39-02.502112, -0.0475123, -0.396296, 0.0292363, -1.62006, -0.0182996, 1.10262, 0.715126, -0.00103252, 0.00252505, -6.55569e-06, -8.60396e-05, 0.000546283, -0.000207919, 0.00143073, -0.0288244, -0.333144, -0.486511, -0.12037, -0.0140086, -0.183416, -0.577364, 0, 0, 0, 8, 0, 0, 0, 0.332446, -0.0112311, 0.509511, 0.486346, -0.0158237, 0.742576, 0.996195, -3.71201e-12, -0.0871557, -4.46982e-12, -1, -8.49977e-12, -0.0871557, 8.857e-12, -0.996195, 1
16.23, 2025-07-03__00-39-02.512116, -0.0475119, -0.3963, 0.0292336, -1.62006, -0.0182978, 1.10262, 0.715122, 0.0012399, 0.000102584, -0.00104614, 0.000869076, 0.00030813, -0.00205279, 0.000147884, -0.0417732, -0.190491, -0.497673, -0.198024, -0.0157716, -0.172274, -0.569337, 0, 0, 0, 8, 0, 0, 0, 0.332445, -0.0112332, 0.509513, 0.486346, -0.0158237, 0.742576, 0.996195, -3.71201e-12, -0.0871557, -4.46982e-12, -1, -8.49977e-12, -0.0871557, 8.857e-12, -0.996195, 1
16.24, 2025-07-03__00-39-02.522112, -0.0475144, -0.396303, 0.0292388, -1.62006, -0.0182976, 1.10262, 0.715119, 0.00243096, 0.0013638, 9.83335e-05, -0.000231054, 0.000263432, 7.44703e-05, 0.00368106, -0.0714543, -0.272097, -0.543624, -0.143991, -0.019606, -0.185582, -0.590362, 0, 0, 0, 8, 0, 0, 0, 0.332444, -0.0112332, 0.509515, 0.486346, -0.0158237, 0.742576, 0.996195, -3.71201e-12, -0.0871557, -4.46982e-12, -1, -8.49977e-12, -0.0871557, 8.857e-12, -0.996195, 1
16.25, 2025-07-03__00-39-02.532113, -0.0475144, -0.39631, 0.0292452, -1.62006, -0.0182961, 1.10261, 0.71512, -0.000642038, -0.000537999, 0.0020682, -0.00111588, 0.000278933, -0.000437626, 1.01648e-05, -0.069341, -0.199556, -0.548483, -0.159443, -0.0195377, -0.180437, -0.567982, 0, 0, 0, 8, 0, 0, 0, 0.332443, -0.0112291, 0.509517, 0.486346, -0.0158237, 0.742576, 0.996195, -3.71201e-12, -0.0871557, -4.46982e-12, -1, -8.49977e-12, -0.0871557, 8.857e-12, -0.996195, 1
16.26, 2025-07-03__00-39-02.542117, -0.0475144, -0.396309, 0.0292388, -1.62006, -0.0183009, 1.10262, 0.715119, -0.000434818, 0.00039421, 6.1434e-06, 0.00091386, -6.03853e-05, 0.000378555, -0.00141675, -0.0384456, -0.201227, -0.497901, -0.196694, -0.0125103, -0.189415, -0.559804, 0, 0, 0, 8, 0, 0, 0, 0.332443, -0.0112308, 0.509516, 0.486346, -0.0158237, 0.742576, 0.996195, -3.71201e-12, -0.0871557, -4.46982e-12, -1, -8.49977e-12, -0.0871557, 8.857e-12, -0.996195, 1
16.27, 2025-07-03__00-39-02.552114, -0.0475169, -0.396312, 0.0292364, -1.62006, -0.0182998, 1.10262, 0.715116, -0.000435534, 0.000333609, -0.000356759, 6.47559e-05, 1.09499e-05, -0.000521498, -0.00111933, -0.0323809, -0.215619, -0.488576, -0.173901, -0.0118315, -0.182056, -0.561539, 0, 0, 0, 8, 0, 0, 0, 0.332442, -0.0112322, 0.509517, 0.486346, -0.0158237, 0.742576, 0.996195, -3.71201e-12, -0.0871557, -4.46982e-12, -1, -8.49977e-12, -0.0871557, 8.857e-12, -0.996195, 1
16.28, 2025-07-03__00-39-02.562116, -0.0475119, -0.39632, 0.0292364, -1.62006, -0.0182962, 1.10261, 0.715122, 0.00111763, -0.000552296, 0.000296138, 0.00266339, 0.00010202, 9.51047e-05, 0.000115976, -0.0626017, -0.111911, -0.53002, -0.266655, -0.0186323, -0.189972, -0.569047, 0, 0, 0, 8, 0, 0, 0, 0.33244, -0.0112333, 0.509521, 0.486346, -0.0158237, 0.742576, 0.996195, -3.71201e-12, -0.0871557, -4.46982e-12, -1, -8.49977e-12, -0.0871557, 8.857e-12, -0.996195, 1
16.29, 2025-07-03__00-39-02.572113, -0.0475144, -0.396318, 0.0292363, -1.62006, -0.018299, 1.10261, 0.715111, -0.00023089, 0.00130144, 0.000279105, 0.00345706, -0.000308175, -9.87375e-05, -0.00154726, -0.0439798, -0.188732, -0.505511, -0.246687, -0.0124728, -0.189626, -0.558612, 0, 0, 0, 8, 0, 0, 0, 0.332437, -0.0112326, 0.509519, 0.486346, -0.0158237, 0.742576, 0.996195, -3.71201e-12, -0.0871557, -4.46982e-12, -1, -8.49977e-12, -0.0871557, 8.857e-12, -0.996195, 1
16.3, 2025-07-03__00-39-02.582114, -0.0475162, -0.396323, 0.0292311, -1.62006, -0.0182991, 1.10261, 0.715121, -0.00257275, -0.000389502, -0.00115856, 0.00085463, -0.000365341, -3.42804e-05, 0.000670945, 0.00485503, -0.165076, -0.434491, -0.212107, -0.00394542, -0.1864, -0.572984, 0, 0, 0, 8, 0, 0, 0, 0.332438, -0.0112316, 0.509519, 0.486346, -0.0158237, 0.742576, 0.996195, -3.71201e-12, -0.0871557, -4.46982e-12, -1, -8.49977e-12, -0.0871557, 8.857e-12, -0.996195, 1
16.31, 2025-07-03__00-39-02.592110, -0.0475146, -0.39633, 0.0292363, -1.62006, -0.0182966, 1.10261, 0.715123, -0.00269639, -0.002326, 0.00112788, 0.00387957, 0.000281654, -0.00043318, 0.00167884, -0.034321, 0.00171649, -0.49411, -0.338079, -0.0161132, -0.188491, -0.578867, 0, 0, 0, 8, 0, 0, 0, 0.332435, -0.0112321, 0.509518, 0.486346, -0.0158237, 0.742576, 0.996195, -3.71201e-12, -0.0871557, -4.46982e-12, -1, -8.49977e-12, -0.0871557, 8.857e-12, -0.996195, 1
16.32, 2025-07-03__00-39-02.602114, -0.0475168, -0.396321, 0.0292363, -1.62006, -0.0182984, 1.1026, 0.715111, -0.000525324, 0.000368142, 0.000268351, -0.00040651, -4.64805e-05, 0.00118216, -0.00119655, -0.0406799, -0.228747, -0.502529, -0.162354, -0.0126496, -0.192363, -0.560755, 0, 0, 0, 8, 0, 0, 0, 0.332437, -0.011233, 0.509521, 0.486346, -0.0158237, 0.742576, 0.996195, -3.71201e-12, -0.0871557, -4.46982e-12, -1, -8.49977e-12, -0.0871557, 8.857e-12, -0.996195, 1
16.33, 2025-07-03__00-39-02.612113, -0.0475112, -0.396322, 0.0292336, -1.62006, -0.018297, 1.1026, 0.71511, 0.000561674, 0.000544186, -0.00103245, 0.000443283, 0.000326695, -0.00149419, -0.0014591, -0.0337506, -0.21825, -0.487219, -0.178795, -0.0141709, -0.17516, -0.559012, 0, 0, 0, 8, 0, 0, 0, 0.332433, -0.01123, 0.509521, 0.486346, -0.0158237, 0.742576, 0.996195, -3.71201e-12, -0.0871557, -4.46982e-12, -1, -8.49977e-12, -0.0871557, 8.857e-12, -0.996195, 1
16.34, 2025-07-03__00-39-02.622111, -0.0475168, -0.396321, 0.0292389, -1.62006, -0.0182984, 1.1026, 0.715115, -0.000814372, 0.000475913, 0.000925726, -1.36353e-05, -0.000287493, -0.000628105, 0.0056194, -0.0468006, -0.225077, -0.513503, -0.168076, -0.0124187, -0.180652, -0.602129, 0, 0, 0, 8, 0, 0, 0, 0.332434, -0.0112322, 0.50952, 0.486346, -0.0158237, 0.742576, 0.996195, -3.71201e-12, -0.0871557, -4.46982e-12, -1, -8.49977e-12, -0.0871557, 8.857e-12, -0.996195, 1
16.35, 2025-07-03__00-39-02.632113, -0.0475144, -0.396322, 0.0292416, -1.62006, -0.0182966, 1.1026, 0.715114, -0.000174206, 0.000367311, 0.00105761, 0.000868868, 0.000282536, -2.19215e-05, 0.000755404, -0.0583371, -0.198803, -0.528915, -0.19611, -0.0181174, -0.186062, -0.572399, 0, 0, 0, 8, 0, 0, 0, 0.332433, -0.011231, 0.509515, 0.486346, -0.0158237, 0.742576, 0.996195, -3.71201e-12, -0.0871557, -4.46982e-12, -1, -8.49977e-12, -0.0871557, 8.857e-12, -0.996195, 1
16.36, 2025-07-03__00-39-02.642115, -0.0475135, -0.396325, 0.0292438, -1.62006, -0.0183002, 1.1026, 0.715109, -0.000631504, 1.4748e-05, 0.000538792, 0.000640859, 3.74178e-05, 0.000308279, -0.000414236, -0.0454912, -0.186651, -0.509481, -0.198096, -0.0142044, -0.188076, -0.565162, 0, 0, 0, 8, 0, 0, 0, 0.332433, -0.011229, 0.509521, 0.486346, -0.0158237, 0.742576, 0.996195, -3.71201e-12, -0.0871557, -4.46982e-12, -1, -8.49977e-12, -0.0871557, 8.857e-12, -0.996195, 1
16.37, 2025-07-03__00-39-02.652115, -0.0475169, -0.396327, 0.0292439, -1.62006, -0.0183003, 1.1026, 0.715109, -0.00142848, -0.00131137, 0.000844217, 0.000259774, 0.000241328, 1.90195e-05, 0.00806716, -0.0423579, -0.12967, -0.506252, -0.2163, -0.0154946, -0.185793, -0.616667, 0, 0, 0, 8, 0, 0, 0, 0.332433, -0.0112306, 0.509521, 0.486346, -0.0158237, 0.742576, 0.996195, -3.71201e-12, -0.0871557, -4.46982e-12, -1, -8.49977e-12, -0.0871557, 8.857e-12, -0.996195, 1
16.38, 2025-07-03__00-39-02.662116, -0.0475137, -0.396319, 0.0292359, -1.62006, -0.0182966, 1.1026, 0.715106, -8.45891e-05, 0.00177126, -0.00163436, -0.000375572, 9.76567e-05, 0.000358889, -7.73066e-05, -0.0146375, -0.299332, -0.460193, -0.131463, -0.00888972, -0.186588, -0.567234, 0, 0, 0, 8, 0, 0, 0, 0.332433, -0.0112295, 0.509521, 0.486346, -0.0158237, 0.742576, 0.996195, -3.71201e-12, -0.0871557, -4.46982e-12, -1, -8.49977e-12, -0.0871557, 8.857e-12, -0.996195, 1
16.39, 2025-07-03__00-39-02.672113, -0.0475168, -0.396327, 0.0292392, -1.62006, -0.0183021, 1.10259, 0.715108, -0.000861296, -0.00153699, -0.000372016, -0.000467722, -0.000200284, 5.61017e-05, 0.00133182, -0.0292835, -0.138192, -0.483784, -0.200605, -0.0102233, -0.184254, -0.576021, 0, 0, 0, 8, 0, 0, 0, 0.33243, -0.011232, 0.50952, 0.486346, -0.0158237, 0.742576, 0.996195, -3.71201e-12, -0.0871557, -4.46982e-12, -1, -8.49977e-12, -0.0871557, 8.857e-12, -0.996195, 1
16.4, 2025-07-03__00-39-02.682115, -0.0475169, -0.396325, 0.0292311, -1.62007, -0.018297, 1.10259, 0.715108, -0.0007554, -0.00152331, -0.00140527, -0.000523847, 0.000185779, -0.000538988, 0.00130927, -0.0140605, -0.145427, -0.458859, -0.178526, -0.0104852, -0.179458, -0.57599, 0, 0, 0, 8, 0, 0, 0, 0.33243, -0.0112308, 0.50952, 0.486346, -0.0158237, 0.742576, 0.996195, -3.71201e-12, -0.0871557, -4.46982e-12, -1, -8.49977e-12, -0.0871557, 8.857e-12, -0.996195, 1
16.41, 2025-07-03__00-39-02.692112, -0.0475167, -0.396329, 0.0292283, -1.62006, -0.0183003, 1.10259, 0.715104, -0.000495186, 0.000188413, -0.00252932, -0.000547098, -0.00523859, 1.20838e-05, -0.00233197, 0.0126055, -0.228579, -0.419209, -0.159189, 0.0290818, -0.183826, -0.553916, 0, 0, 0, 8, 0, 0, 0, 0.332429, -0.0112307, 0.509521, 0.486346, -0.0158237, 0.742576, 0.996195, -3.71201e-12, -0.0871557, -4.46982e-12, -1, -8.49977e-12, -0.0871557, 8.857e-12, -0.996195, 1
16.42, 2025-07-03__00-39-02.702114, -0.0475188, -0.39633, 0.0292364, -1.62006, -0.0182974, 1.10259, 0.715101, -0.00125575, -0.000509091, 0.000286289, 0.00219023, 0.000237012, 0.000398423, -0.00164396, -0.0349882, -0.128896, -0.493165, -0.252224, -0.0146197, -0.190531, -0.557639, 0, 0, 0, 8, 0, 0, 0, 0.332429, -0.0112322, 0.509522, 0.486346, -0.0158237, 0.742576, 0.996195, -3.71201e-12, -0.0871557, -4.46982e-12, -1, -8.49977e-12, -0.0871557, 8.857e-12, -0.996195, 1
16.43, 2025-07-03__00-39-02.712114, -0.0475123, -0.396329, 0.0292336, -1.62006, -0.0182978, 1.10259, 0.715107, 0.00092788, -0.00210729, 0.000179329, 5.51996e-05, -7.41237e-05, -1.89523e-05, 0.0011604, -0.059247, -0.094972, -0.525394, -0.22822, -0.0164775, -0.184653, -0.574727, 0, 0, 0, 8, 0, 0, 0, 0.332429, -0.0112339, 0.509522, 0.486346, -0.0158237, 0.742576, 0.996195, -3.71201e-12, -0.0871557, -4.46982e-12, -1, -8.49977e-12, -0.0871557, 8.857e-12, -0.996195, 1
16.44, 2025-07-03__00-39-02.722111, -0.0475179, -0.396325, 0.0292388, -1.62007, -0.0182974, 1.10259, 0.715099, -0.00177201, 0.00118314, 0.00164745, -0.001491, -3.51099e-05, 0.000107945, -0.00227135, -0.0463684, -0.296605, -0.516781, -0.0931947, -0.0129846, -0.182498, -0.553463, 0, 0, 0, 8, 0, 0, 0, 0.33243, -0.0112317, 0.50952, 0.486346, -0.0158237, 0.742576, 0.996195, -3.71201e-12, -0.0871557, -4.46982e-12, -1, -8.49977e-12, -0.0871557, 8.857e-12, -0.996195, 1
16.45, 2025-07-03__00-39-02.732112, -0.0475117, -0.39633, 0.0292363, -1.62006, -0.0183007, 1.10259, 0.715101, 0.000504852, 0.00034219, 0.000933208, -0.000485843, -0.000104888, 0.00041775, -0.00134864, -0.0632845, -0.22608, -0.535463, -0.160332, -0.0157537, -0.186831, -0.559164, 0, 0, 0, 8, 0, 0, 0, 0.332428, -0.0112334, 0.509522, 0.486346, -0.0158237, 0.742576, 0.996195, -3.71201e-12, -0.0871557, -4.46982e-12, -1, -8.49977e-12, -0.0871557, 8.857e-12, -0.996195, 1
16.46, 2025-07-03__00-39-02.742142, -0.0475136, -0.396331, 0.0292338, -1.62007, -0.0182968, 1.10258, 0.715106, -0.000264454, 5.49778e-05, -0.000990065, -0.00135908, -4.84609e-06, 0.000248038, 0.000835377, -0.0239283, -0.239852, -0.474995, -0.122489, -0.0100252, -0.183333, -0.572784, 0, 0, 0, 8, 0, 0, 0, 0.332428, -0.0112303, 0.509522, 0.486346, -0.0158237, 0.742576, 0.996195, -3.71201e-12, -0.0871557, -4.46982e-12, -1, -8.49977e-12, -0.0871557, 8.857e-12, -0.996195, 1
16.47, 2025-07-03__00-39-02.752115, -0.0475091, -0.396331, 0.0292363, -1.62006, -0.0182967, 1.10259, 0.715106, 0.00243112, -0.00195527, -0.000282213, -0.000815334, 5.85971e-05, 0.000147315, 0.000532682, -0.0696386, -0.119147, -0.537839, -0.201938, -0.0186281, -0.184609, -0.570618, 0, 0, 0, 8, 0, 0, 0, 0.332429, -0.0112315, 0.509521, 0.486346, -0.0158237, 0.742576, 0.996195, -3.71201e-12, -0.0871557, -4.46982e-12, -1, -8.49977e-12, -0.0871557, 8.857e-12, -0.996195, 1
16.48, 2025-07-03__00-39-02.762114, -0.0475119, -0.396331, 0.0292389, -1.62007, -0.0182961, 1.10258, 0.715103, 0.000507142, -9.72945e-05, 0.000431346, -0.00170602, -0.00051764, 0.000177687, 0.000263035, -0.0545557, -0.237438, -0.522084, -0.116118, -0.0116354, -0.182436, -0.568795, 0, 0, 0, 8, 0, 0, 0, 0.332425, -0.0112314, 0.509522, 0.486346, -0.0158237, 0.742576, 0.996195, -3.71201e-12, -0.0871557, -4.46982e-12, -1, -8.49977e-12, -0.0871557, 8.857e-12, -0.996195, 1
16.49, 2025-07-03__00-39-02.772111, -0.0475142, -0.396334, 0.0292385, -1.62006, -0.0182964, 1.10258, 0.715102, -0.000465485, -0.000901817, -0.000954991, 9.79229e-05, 0.000428257, 0.00024949, 0.000344968, -0.0252248, -0.156659, -0.475674, -0.203236, -0.0136599, -0.186056, -0.569541, 0, 0, 0, 8, 0, 0, 0, 0.332425, -0.0112287, 0.509522, 0.486346, -0.0158237, 0.742576, 0.996195, -3.71201e-12, -0.0871557, -4.46982e-12, -1, -8.49977e-12, -0.0871557, 8.857e-12, -0.996195, 1
16.5, 2025-07-03__00-39-02.782116, -0.0475095, -0.396331, 0.0292424, -1.62006, -0.0182981, 1.10258, 0.715099, 0.000192214, -0.000116694, 0.000544409, 0.000969011, -0.000265629, -7.8292e-05, -0.000514398, -0.0547279, -0.174933, -0.521426, -0.209128, -0.0139331, -0.185051, -0.563859, 0, 0, 0, 8, 0, 0, 0, 0.332425, -0.0112276, 0.509522, 0.486346, -0.0158237, 0.742576, 0.996195, -3.71201e-12, -0.0871557, -4.46982e-12, -1, -8.49977e-12, -0.0871557, 8.857e-12, -0.996195, 1
16.51, 2025-07-03__00-39-02.792114, -0.0475089, -0.396328, 0.0292314, -1.62006, -0.0182961, 1.10258, 0.715102, -0.00245845, 0.00193879, -0.00251921, 0.00096307, 0.000561791, 0.000195767, 0.000893814, 0.0257338, -0.283843, -0.401561, -0.163811, -0.00557886, -0.186569, -0.573139, 0, 0, 0, 8, 0, 0, 0, 0.332424, -0.0112287, 0.509523, 0.486346, -0.0158237, 0.742576, 0.996195, -3.71201e-12, -0.0871557, -4.46982e-12, -1, -8.49977e-12, -0.0871557, 8.857e-12, -0.996195, 1
16.52, 2025-07-03__00-39-02.802114, -0.0475159, -0.396339, 0.0292346, -1.62006, -0.0182981, 1.10258, 0.715101, -0.000492262, -0.000805298, 3.65501e-05, 0.00156745, 0.000103207, 0.000282833, 0.00105538, -0.0397587, -0.125877, -0.498637, -0.242279, -0.0144685, -0.188691, -0.573974, 0, 0, 0, 8, 0, 0, 0, 0.332423, -0.011233, 0.509524, 0.486346, -0.0158237, 0.742576, 0.996195, -3.71201e-12, -0.0871557, -4.46982e-12, -1, -8.49977e-12, -0.0871557, 8.857e-12, -0.996195, 1
16.53, 2025-07-03__00-39-02.812114, -0.0475144, -0.396334, 0.029232, -1.62006, -0.0182967, 1.10258, 0.715097, -0.000210674, -3.76053e-05, -0.000717326, -0.00156531, 0.000140086, -5.14218e-06, -5.90382e-05, -0.029177, -0.234678, -0.483041, -0.138235, -0.0117308, -0.181863, -0.566959, 0, 0, 0, 8, 0, 0, 0, 0.332425, -0.0112303, 0.509522, 0.486346, -0.0158237, 0.742576, 0.996195, -3.71201e-12, -0.0871557, -4.46982e-12, -1, -8.49977e-12, -0.0871557, 8.857e-12, -0.996195, 1
16.54, 2025-07-03__00-39-02.822113, -0.047519, -0.396334, 0.0292363, -1.62006, -0.0182981, 1.10257, 0.715101, -0.00278409, 0.000629952, 0.00131501, 0.00101039, 0.0001702, 0.000146329, 0.000777283, -0.0310315, -0.214817, -0.493393, -0.193231, -0.0128778, -0.186168, -0.572308, 0, 0, 0, 8, 0, 0, 0, 0.332424, -0.011235, 0.509524, 0.486346, -0.0158237, 0.742576, 0.996195, -3.71201e-12, -0.0871557, -4.46982e-12, -1, -8.49977e-12, -0.0871557, 8.857e-12, -0.996195, 1
16.55, 2025-07-03__00-39-02.832114, -0.0475168, -0.396334, 0.0292366, -1.62006, -0.018302, 1.10258, 0.715097, -0.000177126, 0.000349949, 0.00115145, -0.00140051, -7.01058e-05, 2.83974e-05, -0.00128564, -0.0583706, -0.248086, -0.530371, -0.134026, -0.01489, -0.182412, -0.559488, 0, 0, 0, 8, 0, 0, 0, 0.332421, -0.0112347, 0.509523, 0.486346, -0.0158237, 0.742576, 0.996195, -3.71201e-12, -0.0871557, -4.46982e-12, -1, -8.49977e-12, -0.0871557, 8.857e-12, -0.996195, 1
16.56, 2025-07-03__00-39-02.842113, -0.0475144, -0.39634, 0.0292388, -1.62006, -0.0182988, 1.10257, 0.715097, 0.000568532, -0.00102451, 0.000972335, -0.000689223, -0.000129407, -1.45435e-05, 0.000465838, -0.0661134, -0.164367, -0.53891, -0.18407, -0.0165245, -0.182898, -0.569876, 0, 0, 0, 8, 0, 0, 0, 0.332419, -0.0112327, 0.509519, 0.486346, -0.0158237, 0.742576, 0.996195, -3.71201e-12, -0.0871557, -4.46982e-12, -1, -8.49977e-12, -0.0871557, 8.857e-12, -0.996195, 1
16.57, 2025-07-03__00-39-02.852115, -0.0475169, -0.396337, 0.029241, -1.62006, -0.0182962, 1.10257, 0.7151, -0.000787738, -0.000291208, 0.000136977, -8.45703e-05, 0.000421173, -9.88569e-06, 0.000601249, -0.0375935, -0.190813, -0.497323, -0.184203, -0.0154318, -0.183605, -0.570902, 0, 0, 0, 8, 0, 0, 0, 0.33242, -0.0112305, 0.509523, 0.486346, -0.0158237, 0.742576, 0.996195, -3.71201e-12, -0.0871557, -4.46982e-12, -1, -8.49977e-12, -0.0871557, 8.857e-12, -0.996195, 1
16.58, 2025-07-03__00-39-02.862119, -0.0475119, -0.39634, 0.0292385, -1.62006, -0.0182979, 1.10257, 0.715096, 0.000979866, -0.000330331, -0.000760875, -0.000731354, 5.4031e-05, -6.72751e-05, 0.000734955, -0.0434303, -0.2008, -0.501539, -0.167981, -0.0137276, -0.182393, -0.571461, 0, 0, 0, 8, 0, 0, 0, 0.332419, -0.0112322, 0.509525, 0.486346, -0.0158237, 0.742576, 0.996195, -3.71201e-12, -0.0871557, -4.46982e-12, -1, -8.49977e-12, -0.0871557, 8.857e-12, -0.996195, 1
16.59, 2025-07-03__00-39-02.872112, -0.0475144, -0.396338, 0.0292424, -1.62006, -0.0182992, 1.10257, 0.715093, -0.000257836, 0.000340764, 0.000652398, 0.000895842, 0.000168186, 0.000374777, -0.00176809, -0.0513655, -0.198585, -0.517717, -0.198188, -0.0159255, -0.187715, -0.556136, 0, 0, 0, 8, 0, 0, 0, 0.33242, -0.011228, 0.509524, 0.486346, -0.0158237, 0.742576, 0.996195, -3.71201e-12, -0.0871557, -4.46982e-12, -1, -8.49977e-12, -0.0871557, 8.857e-12, -0.996195, 1
16.6, 2025-07-03__00-39-02.882113, -0.0475144, -0.396341, 0.0292419, -1.62006, -0.0183017, 1.10257, 0.715093, 0.000250413, -0.000444197, 0.000796267, -0.00114337, -0.000323411, -0.00393316, 0.00469014, -0.058532, -0.203066, -0.528614, -0.15315, -0.0137438, -0.155339, -0.595199, 0, 0, 0, 8, 0, 0, 0, 0.33242, -0.011231, 0.509523, 0.486346, -0.0158237, 0.742576, 0.996195, -3.71201e-12, -0.0871557, -4.46982e-12, -1, -8.49977e-12, -0.0871557, 8.857e-12, -0.996195, 1
16.61, 2025-07-03__00-39-02.892109, -0.0475077, -0.396341, 0.0292389, -1.62006, -0.0183017, 1.10257, 0.71509, 0.00287677, -0.000553445, 0.000206758, 0.000733239, -0.000263192, -0.000387888, -0.00124375, -0.0811782, -0.153997, -0.555284, -0.213258, -0.0181791, -0.182438, -0.559021, 0, 0, 0, 8, 0, 0, 0, 0.33242, -0.0112302, 0.509523, 0.486346, -0.0158237, 0.742576, 0.996195, -3.71201e-12, -0.0871557, -4.46982e-12, -1, -8.49977e-12, -0.0871557, 8.857e-12, -0.996195, 1
16.62, 2025-07-03__00-39-02.902111, -0.0475144, -0.396343, 0.0292417, -1.62006, -0.0182975, 1.10257, 0.715092, 0.000476529, -0.000943544, 0.0012541, 0.000126098, -0.000250916, 0.000208962, -0.000815902, -0.0696767, -0.148967, -0.544446, -0.205421, -0.0165111, -0.185736, -0.561737, 0, 0, 0, 8, 0, 0, 0, 0.33242, -0.0112299, 0.509524, 0.486346, -0.0158237, 0.742576, 0.996195, -3.71201e-12, -0.0871557, -4.46982e-12, -1, -8.49977e-12, -0.0871557, 8.857e-12, -0.996195, 1
16.63, 2025-07-03__00-39-02.912114, -0.0475118, -0.396346, 0.0292336, -1.62007, -0.0183009, 1.10257, 0.715093, -0.00373062, -0.000466794, -0.00108759, -0.00216829, 0.000261474, 0.000190775, 0.00099879, 0.0162823, -0.23304, -0.420658, -0.111601, -0.00468163, -0.181672, -0.573427, 0, 0, 0, 8, 0, 0, 0, 0.332416, -0.0112321, 0.509524, 0.486346, -0.0158237, 0.742576, 0.996195, -3.71201e-12, -0.0871557, -4.46982e-12, -1, -8.49977e-12, -0.0871557, 8.857e-12, -0.996195, 1
16.64, 2025-07-03__00-39-02.922108, -0.0475169, -0.396341, 0.0292332, -1.62006, -0.0183023, 1.10257, 0.715088, -0.000810899, 0.00116941, -0.00165763, 0.00359655, -0.000287912, -0.00027566, -0.00715235, -0.0076925, -0.183207, -0.448458, -0.253482, -0.00638515, -0.187045, -0.523892, 0, 0, 0, 8, 0, 0, 0, 0.332419, -0.0112324, 0.509525, 0.486346, -0.0158237, 0.742576, 0.996195, -3.71201e-12, -0.0871557, -4.46982e-12, -1, -8.49977e-12, -0.0871557, 8.857e-12, -0.996195, 1
16.65, 2025-07-03__00-39-02.932110, -0.0475169, -0.396346, 0.0292336, -1.62006, -0.0182967, 1.10256, 0.71509, -0.000771418, 0.000278633, -5.1292e-06, 0.00146784, 0.000232576, 0.000286435, 5.28121e-05, -0.0345341, -0.183966, -0.491933, -0.215457, -0.0140601, -0.187678, -0.567343, 0, 0, 0, 8, 0, 0, 0, 0.332415, -0.0112333, 0.509526, 0.486346, -0.0158237, 0.742576, 0.996195, -3.71201e-12, -0.0871557, -4.46982e-12, -1, -8.49977e-12, -0.0871557, 8.857e-12, -0.996195, 1
16.66, 2025-07-03__00-39-02.942108, -0.0475119, -0.396347, 0.0292289, -1.62006, -0.0182993, 1.10256, 0.715088, -0.00274956, -0.000364589, -0.00102015, -0.00106533, 0.000452419, -0.000209967, -0.00076542, 0.00362359, -0.211265, -0.437222, -0.158475, -0.00839253, -0.180465, -0.562524, 0, 0, 0, 8, 0, 0, 0, 0.332415, -0.0112304, 0.509526, 0.486346, -0.0158237, 0.742576, 0.996195, -3.71201e-12, -0.0871557, -4.46982e-12, -1, -8.49977e-12, -0.0871557, 8.857e-12, -0.996195, 1
16.67, 2025-07-03__00-39-02.952109, -0.0475148, -0.396344, 0.0292364, -1.62006, -0.0182967, 1.10256, 0.715086, -0.000770019, 0.00115054, 0.000661141, 0.000218862, 0.000131543, -0.00101563, -0.00139668, -0.0435567, -0.254211, -0.507785, -0.159672, -0.0141331, -0.176785, -0.558112, 0, 0, 0, 8, 0, 0, 0, 0.332414, -0.0112322, 0.509527, 0.486346, -0.0158237, 0.742576, 0.996195, -3.71201e-12, -0.0871557, -4.46982e-12, -1, -8.49977e-12, -0.0871557, 8.857e-12, -0.996195, 1
16.68, 2025-07-03__00-39-02.962110, -0.0475112, -0.396349, 0.0292338, -1.62007, -0.0182974, 1.10256, 0.715092, 0.000351856, -0.000266403, -0.000604645, -0.00231099, -3.29176e-05, 0.000212911, 0.00150625, -0.0373576, -0.241624, -0.494747, -0.104299, -0.0117031, -0.181322, -0.576027, 0, 0, 0, 8, 0, 0, 0, 0.332415, -0.0112294, 0.509527, 0.486346, -0.0158237, 0.742576, 0.996195, -3.71201e-12, -0.0871557, -4.46982e-12, -1, -8.49977e-12, -0.0871557, 8.857e-12, -0.996195, 1
16.69, 2025-07-03__00-39-02.972109, -0.0475137, -0.396345, 0.0292396, -1.62006, -0.0182984, 1.10256, 0.715085, -3.91944e-05, 0.000966126, 0.000720044, -0.000119982, 0.000128182, -0.000185151, -0.00123856, -0.0534971, -0.2511, -0.52151, -0.155917, -0.0155308, -0.182085, -0.558923, 0, 0, 0, 8, 0, 0, 0, 0.332414, -0.0112309, 0.509527, 0.486346, -0.0158237, 0.742576, 0.996195, -3.71201e-12, -0.0871557, -4.46982e-12, -1, -8.49977e-12, -0.0871557, 8.857e-12, -0.996195, 1
16.7, 2025-07-03__00-39-02.982110, -0.0475168, -0.396353, 0.0292363, -1.62006, -0.0182997, 1.10256, 0.715086, 0.00430794, -0.00156385, -0.000597155, -0.000214248, 0.000262951, 0.000234869, -0.00130363, -0.0866081, -0.121922, -0.55928, -0.211604, -0.0226355, -0.185228, -0.558671, 0, 0, 0, 8, 0, 0, 0, 0.332415, -0.0112312, 0.509526, 0.486346, -0.0158237, 0.742576, 0.996195, -3.71201e-12, -0.0871557, -4.46982e-12, -1, -8.49977e-12, -0.0871557, 8.857e-12, -0.996195, 1
16.71, 2025-07-03__00-39-02.992065, -0.0475144, -0.396345, 0.0292416, -1.62006, -0.0183006, 1.10256, 0.715088, 8.15153e-05, 0.00102076, 0.000531152, 0.000371439, -4.60572e-05, 0.000740694, 0.00101688, -0.0518398, -0.243157, -0.518476, -0.169631, -0.0142411, -0.189236, -0.572808, 0, 0, 0, 8, 0, 0, 0, 0.332415, -0.0112292, 0.509526, 0.486346, -0.0158237, 0.742576, 0.996195, -3.71201e-12, -0.0871557, -4.46982e-12, -1, -8.49977e-12, -0.0871557, 8.857e-12, -0.996195, 1
16.72, 2025-07-03__00-39-03.002112, -0.0475098, -0.396347, 0.0292416, -1.62006, -0.018301, 1.10256, 0.71509, 0.000717035, 0.000623868, 0.00068395, -0.000152076, -0.000229063, -0.000123671, 0.00125509, -0.0617821, -0.233389, -0.532407, -0.162977, -0.0146292, -0.182636, -0.574188, 0, 0, 0, 8, 0, 0, 0, 0.332414, -0.0112307, 0.509527, 0.486346, -0.0158237, 0.742576, 0.996195, -3.71201e-12, -0.0871557, -4.46982e-12, -1, -8.49977e-12, -0.0871557, 8.857e-12, -0.996195, 1
16.73, 2025-07-03__00-39-03.012112, -0.0475119, -0.396348, 0.0292389, -1.62006, -0.0183021, 1.10256, 0.715081, -0.00102804, 0.000543951, -0.000314009, -0.00117872, -0.000239843, 5.38905e-05, -0.0013541, -0.0258214, -0.255064, -0.480354, -0.136228, -0.00820083, -0.182229, -0.558236, 0, 0, 0, 8, 0, 0, 0, 0.332414, -0.0112306, 0.509527, 0.486346, -0.0158237, 0.742576, 0.996195, -3.71201e-12, -0.0871557, -4.46982e-12, -1, -8.49977e-12, -0.0871557, 8.857e-12, -0.996195, 1
16.74, 2025-07-03__00-39-03.022110, -0.0475166, -0.396351, 0.0292417, -1.62006, -0.0183017, 1.10256, 0.715081, -0.000942421, 7.25506e-05, 0.000423326, -0.000366656, 0.000147863, -0.00259464, -0.00112894, -0.0398104, -0.211879, -0.501686, -0.165493, -0.0135154, -0.165318, -0.559532, 0, 0, 0, 8, 0, 0, 0, 0.332413, -0.0112316, 0.509529, 0.486346, -0.0158237, 0.742576, 0.996195, -3.71201e-12, -0.0871557, -4.46982e-12, -1, -8.49977e-12, -0.0871557, 8.857e-12, -0.996195, 1
16.75, 2025-07-03__00-39-03.032111, -0.0475148, -0.39635, 0.0292371, -1.62006, -0.0183004, 1.10256, 0.715086, -0.000893983, 0.000881281, 3.42722e-05, 0.00645605, 0.000594154, -0.000355759, 0.000861538, -0.0358663, -0.103096, -0.49182, -0.339276, -0.0177899, -0.190704, -0.572093, 0, 0, 0, 8, 0, 0, 0, 0.332414, -0.0112317, 0.509528, 0.486346, -0.0158237, 0.742576, 0.996195, -3.71201e-12, -0.0871557, -4.46982e-12, -1, -8.49977e-12, -0.0871557, 8.857e-12, -0.996195, 1
16.76, 2025-07-03__00-39-03.042110, -0.0475166, -0.396352, 0.0292373, -1.62006, -0.018299, 1.10255, 0.715082, -0.000404291, 0.00127234, 0.00102069, 0.00145526, -0.000228642, -0.000704327, 6.30389e-05, -0.0530034, -0.231845, -0.521536, -0.191849, -0.0136985, -0.180558, -0.566822, 0, 0, 0, 8, 0, 0, 0, 0.332414, -0.0112321, 0.509528, 0.486346, -0.0158237, 0.742576, 0.996195, -3.71201e-12, -0.0871557, -4.46982e-12, -1, -8.49977e-12, -0.0871557, 8.857e-12, -0.996195, 1
16.77, 2025-07-03__00-39-03.052111, -0.0475119, -0.396353, 0.0292336, -1.62006, -0.0182981, 1.10256, 0.715081, 0.00200127, 0.000628564, 0.000156232, 0.000448257, 5.03457e-05, 0.00065904, -0.000725175, -0.0685165, -0.21706, -0.538669, -0.181781, -0.0178313, -0.189079, -0.561915, 0, 0, 0, 8, 0, 0, 0, 0.33241, -0.011235, 0.509529, 0.486346, -0.0158237, 0.742576, 0.996195, -3.71201e-12, -0.0871557, -4.46982e-12, -1, -8.49977e-12, -0.0871557, 8.857e-12, -0.996195, 1
16.78, 2025-07-03__00-39-03.062112, -0.0475169, -0.396356, 0.0292361, -1.62006, -0.0183005, 1.10255, 0.715085, -0.000608629, -9.71072e-05, -0.00191974, -0.000280732, 4.5378e-05, -5.6785e-05, 0.00106942, -0.00667798, -0.204753, -0.44736, -0.175519, -0.00763861, -0.18252, -0.573383, 0, 0, 0, 8, 0, 0, 0, 0.33241, -0.0112334, 0.509529, 0.486346, -0.0158237, 0.742576, 0.996195, -3.71201e-12, -0.0871557, -4.46982e-12, -1, -8.49977e-12, -0.0871557, 8.857e-12, -0.996195, 1
16.79, 2025-07-03__00-39-03.072109, -0.0475173, -0.396354, 0.0292336, -1.62006, -0.0183021, 1.10255, 0.715086, 0.00124951, -0.000479211, -0.000403171, 0.000682215, -7.13092e-05, -0.000345888, 0.00122114, -0.0521199, -0.161611, -0.514005, -0.210223, -0.0148305, -0.182003, -0.574287, 0, 0, 0, 8, 0, 0, 0, 0.33241, -0.0112352, 0.509528, 0.486346, -0.0158237, 0.742576, 0.996195, -3.71201e-12, -0.0871557, -4.46982e-12, -1, -8.49977e-12, -0.0871557, 8.857e-12, -0.996195, 1
16.8, 2025-07-03__00-39-03.082110, -0.0475119, -0.396351, 0.0292363, -1.62006, -0.0182966, 1.10255, 0.715084, -0.00399713, 0.00115721, -0.000129077, 0.000292403, 0.000170445, -0.000218288, -0.00016672, 0.00587213, -0.257823, -0.438075, -0.161981, -0.00619428, -0.18201, -0.565662, 0, 0, 0, 8, 0, 0, 0, 0.33241, -0.01123, 0.509528, 0.486346, -0.0158237, 0.742576, 0.996195, -3.71201e-12, -0.0871557, -4.46982e-12, -1, -8.49977e-12, -0.0871557, 8.857e-12, -0.996195, 1
16.81, 2025-07-03__00-39-03.092109, -0.0475117, -0.396354, 0.0292363, -1.62006, -0.0182977, 1.10255, 0.715078, 0.00278525, 0.000509472, 0.000114741, 0.00096254, 0.000218154, -0.000158708, -0.000604205, -0.0777146, -0.201133, -0.550548, -0.197209, -0.0206065, -0.1837, -0.562339, 0, 0, 0, 8, 0, 0, 0, 0.332411, -0.011231, 0.509527, 0.486346, -0.0158237, 0.742576, 0.996195, -3.71201e-12, -0.0871557, -4.46982e-12, -1, -8.49977e-12, -0.0871557, 8.857e-12, -0.996195, 1
16.82, 2025-07-03__00-39-03.102110, -0.0475172, -0.396354, 0.0292388, -1.62006, -0.0182984, 1.10255, 0.715079, -0.00114467, 0.000437715, -0.000812995, 0.00131176, -0.000173852, 0.000275997, -0.000361375, -0.0172673, -0.19645, -0.465595, -0.207645, -0.00829466, -0.187074, -0.564247, 0, 0, 0, 8, 0, 0, 0, 0.33241, -0.01123, 0.509528, 0.486346, -0.0158237, 0.742576, 0.996195, -3.71201e-12, -0.0871557, -4.46982e-12, -1, -8.49977e-12, -0.0871557, 8.857e-12, -0.996195, 1
16.83, 2025-07-03__00-39-03.112111, -0.0475118, -0.396351, 0.0292417, -1.62006, -0.0183, 1.10255, 0.715081, 0.000688652, 0.00196522, 0.000898378, -0.000150253, 0.000117554, -0.00053927, 0.000802674, -0.0636019, -0.299731, -0.536365, -0.133107, -0.0167332, -0.179334, -0.570959, 0, 0, 0, 8, 0, 0, 0, 0.33241, -0.0112299, 0.509529, 0.486346, -0.0158237, 0.742576, 0.996195, -3.71201e-12, -0.0871557, -4.46982e-12, -1, -8.49977e-12, -0.0871557, 8.857e-12, -0.996195, 1
16.84, 2025-07-03__00-39-03.122110, -0.0475111, -0.396354, 0.0292391, -1.62006, -0.0182975, 1.10255, 0.715082, 6.00842e-05, -0.00207336, 2.82619e-05, 0.00193694, -0.000214875, -0.000190865, 0.000651652, -0.047825, -0.057094, -0.50838, -0.279383, -0.0140224, -0.184932, -0.570262, 0, 0, 0, 8, 0, 0, 0, 0.33241, -0.0112288, 0.509529, 0.486346, -0.0158237, 0.742576, 0.996195, -3.71201e-12, -0.0871557, -4.46982e-12, -1, -8.49977e-12, -0.0871557, 8.857e-12, -0.996195, 1
16.85, 2025-07-03__00-39-03.132110, -0.0475113, -0.396358, 0.0292371, -1.62006, -0.0183021, 1.10255, 0.715078, -0.000137014, -0.0053082, -0.000524338, 0.000166878, -0.000212336, -0.00468882, 0.000785937, -0.0406278, 0.0633587, -0.495615, -0.295049, -0.0132031, -0.151517, -0.571043, 0, 0, 0, 8, 0, 0, 0, 0.33241, -0.0112305, 0.509529, 0.486346, -0.0158237, 0.742576, 0.996195, -3.71201e-12, -0.0871557, -4.46982e-12, -1, -8.49977e-12, -0.0871557, 8.857e-12, -0.996195, 1
16.86, 2025-07-03__00-39-03.142109, -0.0475119, -0.396358, 0.0292367, -1.62006, -0.0182968, 1.10255, 0.715074, 0.00113832, -0.000182138, 0.000140438, -0.00106701, 0.000122089, -0.000328232, -0.000150622, -0.0591357, -0.211859, -0.526292, -0.156142, -0.0164768, -0.179686, -0.564916, 0, 0, 0, 8, 0, 0, 0, 0.33241, -0.0112327, 0.509529, 0.486346, -0.0158237, 0.742576, 0.996195, -3.71201e-12, -0.0871557, -4.46982e-12, -1, -8.49977e-12, -0.0871557, 8.857e-12, -0.996195, 1
16.87, 2025-07-03__00-39-03.152114, -0.0475172, -0.396357, 0.0292364, -1.62006, -0.0182998, 1.10254, 0.715079, -0.00449465, 0.000363262, 0.000504018, 0.00114829, 0.00035249, -0.000260987, 9.33883e-05, 0.00020501, -0.200247, -0.447674, -0.202796, -0.00873742, -0.182674, -0.567216, 0, 0, 0, 8, 0, 0, 0, 0.332409, -0.0112314, 0.50953, 0.486346, -0.0158237, 0.742576, 0.996195, -3.71201e-12, -0.0871557, -4.46982e-12, -1, -8.49977e-12, -0.0871557, 8.857e-12, -0.996195, 1
16.88, 2025-07-03__00-39-03.162114, -0.0475087, -0.396362, 0.0292385, -1.62006, -0.0182978, 1.10254, 0.715077, 0.000306677, -0.00116454, 4.03298e-05, -0.00304293, -4.12691e-05, -0.000157484, 9.83688e-05, -0.0485689, -0.209325, -0.512197, -0.122835, -0.0132693, -0.177586, -0.566517, 0, 0, 0, 8, 0, 0, 0, 0.332406, -0.0112295, 0.509528, 0.486346, -0.0158237, 0.742576, 0.996195, -3.71201e-12, -0.0871557, -4.46982e-12, -1, -8.49977e-12, -0.0871557, 8.857e-12, -0.996195, 1
16.89, 2025-07-03__00-39-03.172110, -0.0475196, -0.39636, 0.0292313, -1.62006, -0.0182961, 1.10255, 0.715081, -0.00178661, 0.000198777, -0.00186893, 0.000486666, 0.000369843, -0.000102197, 0.000934941, 0.00636743, -0.202276, -0.429658, -0.190354, -0.00795678, -0.183431, -0.572508, 0, 0, 0, 8, 0, 0, 0, 0.332409, -0.0112312, 0.50953, 0.486346, -0.0158237, 0.742576, 0.996195, -3.71201e-12, -0.0871557, -4.46982e-12, -1, -8.49977e-12, -0.0871557, 8.857e-12, -0.996195, 1
16.9, 2025-07-03__00-39-03.182114, -0.0475144, -0.396363, 0.0292283, -1.62006, -0.0183006, 1.10255, 0.715074, 0.000276794, -0.000563933, -0.00175334, 0.000745812, -2.43095e-05, 0.000222015, 0.00620019, -0.0196572, -0.155346, -0.464458, -0.215567, -0.00989585, -0.186361, -0.604058, 0, 0, 0, 8, 0, 0, 0, 0.33241, -0.0112338, 0.509529, 0.486346, -0.0158237, 0.742576, 0.996195, -3.71201e-12, -0.0871557, -4.46982e-12, -1, -8.49977e-12, -0.0871557, 8.857e-12, -0.996195, 1
16.91, 2025-07-03__00-39-03.192116, -0.0475167, -0.396365, 0.0292363, -1.62006, -0.0182968, 1.10254, 0.715067, 0.000352304, -0.000981464, 0.00133005, 4.85185e-05, 0.000297808, -0.000201732, -0.0107568, -0.0706675, -0.148014, -0.545683, -0.204172, -0.0198962, -0.18171, -0.500416, 0, 0, 0, 8, 0, 0, 0, 0.332405, -0.0112337, 0.50953, 0.486346, -0.0158237, 0.742576, 0.996195, -3.71201e-12, -0.0871557, -4.46982e-12, -1, -8.49977e-12, -0.0871557, 8.857e-12, -0.996195, 1
16.92, 2025-07-03__00-39-03.202114, -0.0475144, -0.396363, 0.0292363, -1.62006, -0.0182966, 1.10254, 0.715076, 0.000463244, -0.000680104, 0.000912541, -0.000261524, 0.000260092, -0.00491158, 0.000290632, -0.0641289, -0.170426, -0.53561, -0.18229, -0.0188226, -0.148949, -0.567663, 0, 0, 0, 8, 0, 0, 0, 0.332408, -0.0112339, 0.509526, 0.486346, -0.0158237, 0.742576, 0.996195, -3.71201e-12, -0.0871557, -4.46982e-12, -1, -8.49977e-12, -0.0871557, 8.857e-12, -0.996195, 1
16.93, 2025-07-03__00-39-03.212111, -0.0475116, -0.396363, 0.0292417, -1.62006, -0.0182999, 1.10254, 0.715075, 0.000937961, 0.000166427, 0.000556342, 0.000188663, 0.000339405, -7.58245e-05, 0.000460321, -0.064186, -0.201703, -0.53457, -0.183486, -0.0188207, -0.182926, -0.568629, 0, 0, 0, 8, 0, 0, 0, 0.332409, -0.0112281, 0.50953, 0.486346, -0.0158237, 0.742576, 0.996195, -3.71201e-12, -0.0871557, -4.46982e-12, -1, -8.49977e-12, -0.0871557, 8.857e-12, -0.996195, 1
16.94, 2025-07-03__00-39-03.222113, -0.0475144, -0.396368, 0.0292416, -1.62006, -0.0183003, 1.10254, 0.715073, -0.00531688, -0.00178812, 0.00134352, -0.0015964, 0.00021648, 5.06632e-05, 0.000793559, -0.00570341, -0.15011, -0.459282, -0.175609, -0.00838854, -0.181275, -0.570949, 0, 0, 0, 8, 0, 0, 0, 0.332405, -0.0112305, 0.50953, 0.486346, -0.0158237, 0.742576, 0.996195, -3.71201e-12, -0.0871557, -4.46982e-12, -1, -8.49977e-12, -0.0871557, 8.857e-12, -0.996195, 1
16.95, 2025-07-03__00-39-03.232114, -0.0475169, -0.396363, 0.0292388, -1.62006, -0.0182966, 1.10254, 0.71507, -0.000839963, 0.000231013, -0.000320493, 0.000674547, 2.33897e-05, 3.35765e-05, -0.00201443, -0.0289739, -0.198166, -0.483387, -0.194817, -0.0113024, -0.184249, -0.553644, 0, 0, 0, 8, 0, 0, 0, 0.332405, -0.0112291, 0.50953, 0.486346, -0.0158237, 0.742576, 0.996195, -3.71201e-12, -0.0871557, -4.46982e-12, -1, -8.49977e-12, -0.0871557, 8.857e-12, -0.996195, 1
16.96, 2025-07-03__00-39-03.242110, -0.047509, -0.396366, 0.0292371, -1.62006, -0.0183018, 1.10254, 0.715071, 0.00127152, -0.000969545, -0.000505848, 0.000725471, 0.000136659, 0.000251687, -0.00156722, -0.0528584, -0.13437, -0.513938, -0.22384, -0.0160476, -0.186015, -0.556358, 0, 0, 0, 8, 0, 0, 0, 0.332405, -0.0112306, 0.50953, 0.486346, -0.0158237, 0.742576, 0.996195, -3.71201e-12, -0.0871557, -4.46982e-12, -1, -8.49977e-12, -0.0871557, 8.857e-12, -0.996195, 1
16.97, 2025-07-03__00-39-03.252111, -0.0475123, -0.39636, 0.0292411, -1.62006, -0.0182984, 1.10254, 0.715074, 0.00163989, 0.00095256, -7.44592e-05, -0.000419137, -0.000244102, -0.000259004, 0.000131631, -0.0599952, -0.254893, -0.526985, -0.148996, -0.0140632, -0.180646, -0.566534, 0, 0, 0, 8, 0, 0, 0, 0.332405, -0.0112304, 0.509531, 0.486346, -0.0158237, 0.742576, 0.996195, -3.71201e-12, -0.0871557, -4.46982e-12, -1, -8.49977e-12, -0.0871557, 8.857e-12, -0.996195, 1
16.98, 2025-07-03__00-39-03.262111, -0.0475119, -0.396371, 0.0292417, -1.62006, -0.0182976, 1.10254, 0.715073, 0.00012816, -0.000894424, 0.00106851, -0.00133196, 0.000317889, -5.83406e-05, 0.00158863, -0.0635156, -0.180137, -0.535924, -0.165417, -0.018488, -0.181159, -0.575307, 0, 0, 0, 8, 0, 0, 0, 0.332404, -0.0112303, 0.509533, 0.486346, -0.0158237, 0.742576, 0.996195, -3.71201e-12, -0.0871557, -4.46982e-12, -1, -8.49977e-12, -0.0871557, 8.857e-12, -0.996195, 1
16.99, 2025-07-03__00-39-03.272111, -0.047515, -0.396369, 0.0292364, -1.62006, -0.0183006, 1.10254, 0.71507, -0.00412727, -0.000683145, 0.00129343, 0.00141412, -0.000112408, -0.000148091, 0.00018645, -0.0172236, -0.137142, -0.473522, -0.23441, -0.00890602, -0.18436, -0.567255, 0, 0, 0, 8, 0, 0, 0, 0.332403, -0.0112342, 0.509528, 0.486346, -0.0158237, 0.742576, 0.996195, -3.71201e-12, -0.0871557, -4.46982e-12, -1, -8.49977e-12, -0.0871557, 8.857e-12, -0.996195, 1
17, 2025-07-03__00-39-03.282110, -0.0475187, -0.396366, 0.0292364, -1.62006, -0.0183009, 1.10254, 0.71507, -0.000944372, 0.000291468, 0.00110198, 0.000979446, -1.25338e-05, 0.000119246, -8.54078e-05, -0.0496835, -0.191685, -0.517107, -0.202263, -0.0145117, -0.185503, -0.565507, 0, 0, 0, 8, 0, 0, 0, 0.332404, -0.0112329, 0.509532, 0.486346, -0.0158237, 0.742576, 0.996195, -3.71201e-12, -0.0871557, -4.46982e-12, -1, -8.49977e-12, -0.0871557, 8.857e-12, -0.996195, 1
17.01, 2025-07-03__00-39-03.292110, -0.0475167, -0.396371, 0.0292371, -1.62006, -0.0182976, 1.10254, 0.715066, -0.000658746, -0.000885157, 0.00584424, 0.00132495, 0.000412374, 0.000531186, -0.0013175, -0.129217, -0.118038, -0.642591, -0.238657, -0.0307916, -0.189244, -0.557371, 0, 0, 0, 8, 0, 0, 0, 0.332404, -0.0112325, 0.509532, 0.486346, -0.0158237, 0.742576, 0.996195, -3.71201e-12, -0.0871557, -4.46982e-12, -1, -8.49977e-12, -0.0871557, 8.857e-12, -0.996195, 1
17.02, 2025-07-03__00-39-03.302108, -0.047514, -0.396369, 0.0292336, -1.62006, -0.0182977, 1.10254, 0.715072, 0.000972461, -7.4606e-05, -0.000266822, 0.00402497, 0.000202531, 0.000164181, 0.00153862, -0.0522221, -0.104649, -0.512938, -0.295634, -0.0175368, -0.190403, -0.57537, 0, 0, 0, 8, 0, 0, 0, 0.332404, -0.0112332, 0.509532, 0.486346, -0.0158237, 0.742576, 0.996195, -3.71201e-12, -0.0871557, -4.46982e-12, -1, -8.49977e-12, -0.0871557, 8.857e-12, -0.996195, 1
17.03, 2025-07-03__00-39-03.312110, -0.0475177, -0.396369, 0.0292363, -1.62006, -0.0182975, 1.10254, 0.715063, -0.000472895, -0.000517426, 0.000728162, 0.000867578, -0.00396186, -8.58388e-05, -0.0014032, -0.0428116, -0.155175, -0.505775, -0.215552, 0.0114542, -0.184119, -0.556988, 0, 0, 0, 8, 0, 0, 0, 0.332405, -0.0112317, 0.509531, 0.486346, -0.0158237, 0.742576, 0.996195, -3.71201e-12, -0.0871557, -4.46982e-12, -1, -8.49977e-12, -0.0871557, 8.857e-12, -0.996195, 1
17.04, 2025-07-03__00-39-03.322108, -0.0475169, -0.396364, 0.0292388, -1.62006, -0.0183006, 1.10254, 0.715066, -0.000216353, 0.00227834, 0.000943942, 0.00126191, -0.000281111, -0.000152456, -0.00120686, -0.0529911, -0.282628, -0.521691, -0.16637, -0.0127426, -0.183933, -0.558324, 0, 0, 0, 8, 0, 0, 0, 0.332403, -0.0112305, 0.509533, 0.486346, -0.0158237, 0.742576, 0.996195, -3.71201e-12, -0.0871557, -4.46982e-12, -1, -8.49977e-12, -0.0871557, 8.857e-12, -0.996195, 1
17.05, 2025-07-03__00-39-03.332114, -0.0475144, -0.396375, 0.0292363, -1.62006, -0.0182973, 1.10254, 0.715067, 0.000439357, -0.000217165, -0.000459782, 0.000451749, -3.78779e-05, 0.000202533, -0.0010559, -0.0420786, -0.174346, -0.500134, -0.200717, -0.0130966, -0.185591, -0.559301, 0, 0, 0, 8, 0, 0, 0, 0.3324, -0.0112297, 0.509534, 0.486346, -0.0158237, 0.742576, 0.996195, -3.71201e-12, -0.0871557, -4.46982e-12, -1, -8.49977e-12, -0.0871557, 8.857e-12, -0.996195, 1
17.06, 2025-07-03__00-39-03.342111, -0.0475196, -0.396369, 0.0292385, -1.62006, -0.0182998, 1.10253, 0.715068, -0.00270009, -0.000368779, -0.000523581, -0.000657852, 8.26532e-05, -0.000372288, 0.00109957, -0.0045876, -0.200439, -0.450335, -0.170288, -0.00739544, -0.179189, -0.572687, 0, 0, 0, 8, 0, 0, 0, 0.332401, -0.0112277, 0.509531, 0.486346, -0.0158237, 0.742576, 0.996195, -3.71201e-12, -0.0871557, -4.46982e-12, -1, -8.49977e-12, -0.0871557, 8.857e-12, -0.996195, 1
17.07, 2025-07-03__00-39-03.352112, -0.0475119, -0.396369, 0.0292363, -1.62006, -0.0183006, 1.10253, 0.715065, 0.000484778, 0.000958514, -0.000585491, 0.000939057, -9.18213e-05, -0.000359489, -0.00339793, -0.039463, -0.226463, -0.496466, -0.186334, -0.0119204, -0.181586, -0.545023, 0, 0, 0, 8, 0, 0, 0, 0.3324, -0.0112298, 0.509532, 0.486346, -0.0158237, 0.742576, 0.996195, -3.71201e-12, -0.0871557, -4.46982e-12, -1, -8.49977e-12, -0.0871557, 8.857e-12, -0.996195, 1
17.08, 2025-07-03__00-39-03.362113, -0.0475169, -0.396367, 0.0292417, -1.62006, -0.0182967, 1.10254, 0.71507, -0.000804237, 0.00196848, 0.0013843, 0.00107636, 0.000151574, 0.000345757, 0.000372098, -0.0541439, -0.270236, -0.525019, -0.169091, -0.0158703, -0.187243, -0.567914, 0, 0, 0, 8, 0, 0, 0, 0.3324, -0.0112295, 0.509533, 0.486346, -0.0158237, 0.742576, 0.996195, -3.71201e-12, -0.0871557, -4.46982e-12, -1, -8.49977e-12, -0.0871557, 8.857e-12, -0.996195, 1
17.09, 2025-07-03__00-39-03.372114, -0.0475097, -0.396372, 0.0292356, -1.62006, -0.0183, 1.10253, 0.715067, -2.33669e-05, 0.000338074, -0.00306349, 0.00110345, 0.00168897, 0.00112935, -0.00201249, 1.11799, 3.89236, 1.65684, -34.6045, -0.814311, 12, 0.0340374, 0, 0, 0, 8, 0, 0, 0, 0.332399, -0.0112295, 0.509534, 0.486346, -0.0158237, 0.142576, 0.996195, -3.71201e-12, -0.0871557, -4.46982e-12, -1, -8.49977e-12, -0.0871557, 8.857e-12, -0.996195, 1
17.1, 2025-07-03__00-39-03.382111, -0.0475092, -0.396316, 0.0293917, -1.62068, -0.018426, 1.10463, 0.71515, -0.000499987, -0.00138261, 0.0231592, -0.114272, -0.0236841, 0.373594, 0.00887781, 0.760597, 1.88431, 1.00731, -31.0248, -0.655052, 9.77723, -0.0380882, 0, 0, 0, 8, 0, 0, 0, 0.33291, -0.0112309, 0.50941, 0.486346, -0.0158237, 0.142576, 0.996195, -3.71201e-12, -0.0871557, -4.46982e-12, -1, -8.49977e-12, -0.0871557, 8.857e-12, -0.996195, 1
17.11, 2025-07-03__00-39-03.392109, -0.0474549, -0.39704, 0.0296135, -1.62411, -0.018668, 1.1147, 0.715245, 0.0030621, -0.11565, 0.0203719, -0.430877, -0.0231039, 1.21254, 0.00805772, 0.591513, 2.67378, 0.706004, -22.0189, -0.572757, 4.06457, -0.0537544, 0, 0, 0, 8, 0, 0, 0, 0.335629, -0.0112899, 0.508877, 0.486346, -0.0158237, 0.142576, 0.996195, -3.71201e-12, -0.0871557, -4.46982e-12, -1, -8.49977e-12, -0.0871557, 8.857e-12, -0.996195, 1
17.12, 2025-07-03__00-39-03.402111, -0.0473275, -0.399564, 0.0296995, -1.6315, -0.0187619, 1.13151, 0.715322, 0.0110599, -0.293334, 0.00696477, -0.802722, -0.012339, 1.78109, 0.00749781, 0.425714, 6.69667, 0.487816, -12.1966, -0.5668, 0.0384749, -0.0691663, 0, 0, 0, 8, 0, 0, 0, 0.339957, -0.011368, 0.507789, 0.486346, -0.0158237, 0.142576, 0.996195, -3.71201e-12, -0.0871557, -4.46982e-12, -1, -8.49977e-12, -0.0871557, 8.857e-12, -0.996195, 1
17.13, 2025-07-03__00-39-03.412112, -0.0472338, -0.403223, 0.029673, -1.64107, -0.0187965, 1.15168, 0.71536, 0.00916937, -0.358728, -0.00923327, -0.973638, -0.00359572, 2.03846, -0.00501363, 0.501515, 10.2273, 0.660581, -7.48397, -0.55069, -2.27646, -0.0127317, 0, 0, 0, 8, 0, 0, 0, 0.344979, -0.0114918, 0.506436, 0.486346, -0.0158237, 0.142576, 0.996195, -3.71201e-12, -0.0871557, -4.46982e-12, -1, -8.49977e-12, -0.0871557, 8.857e-12, -0.996195, 1
17.14, 2025-07-03__00-39-03.422109, -0.0472053, -0.406446, 0.0296539, -1.65167, -0.0189457, 1.17098, 0.715378, 0.00220839, -0.307731, 0.000959251, -1.07852, -0.0197704, 1.87375, 0.00137287, 0.42683, 8.85549, 0.481517, -2.62978, -0.395751, -1.65086, -0.0588475, 0, 0, 0, 8, 0, 0, 0, 0.349738, -0.0116686, 0.504577, 0.486346, -0.0158237, 0.142576, 0.996195, -3.71201e-12, -0.0871557, -4.46982e-12, -1, -8.49977e-12, -0.0871557, 8.857e-12, -0.996195, 1
17.15, 2025-07-03__00-39-03.432110, -0.0472015, -0.409367, 0.029752, -1.66225, -0.0191816, 1.18735, 0.715377, -0.000694818, -0.296683, 0.0115225, -1.03604, -0.0235019, 1.58985, 0.00383767, 0.193899, 11.7444, 0.1665, -3.02698, -0.402102, -0.274338, -0.0749749, 0, 0, 0, 8, 0, 0, 0, 0.353473, -0.0118328, 0.502395, 0.486346, -0.0158237, 0.142576, 0.996195, -3.71201e-12, -0.0871557, -4.46982e-12, -1, -8.49977e-12, -0.0871557, 8.857e-12, -0.996195, 1
17.16, 2025-07-03__00-39-03.442108, -0.04712, -0.411904, 0.0299614, -1.67195, -0.0194147, 1.20197, 0.715394, 0.00703409, -0.225709, 0.0228835, -0.967792, -0.0194794, 1.45984, 0.000768293, -0.127237, 11.966, -0.292112, -3.32468, -0.453836, 0.081559, -0.0536367, 0, 0, 0, 8, 0, 0, 0, 0.356701, -0.0119122, 0.500335, 0.486346, -0.0158237, 0.142576, 0.996195, -3.71201e-12, -0.0871557, -4.46982e-12, -1, -8.49977e-12, -0.0871557, 8.857e-12, -0.996195, 1
17.17, 2025-07-03__00-39-03.452111, -0.0470517, -0.413328, 0.0302079, -1.68123, -0.0195665, 1.21554, 0.715407, 0.00188039, -0.124901, 0.0231869, -0.922282, -0.00943479, 1.33512, 0.00241043, -0.0644104, 9.77003, -0.218645, -2.35963, -0.473601, 0.547875, -0.056411, 0, 0, 0, 8, 0, 0, 0, 0.359802, -0.0119437, 0.498003, 0.486346, -0.0158237, 0.142576, 0.996195, -3.71201e-12, -0.0871557, -4.46982e-12, -1, -8.49977e-12, -0.0871557, 8.857e-12, -0.996195, 1
17.18, 2025-07-03__00-39-03.462111, -0.0470208, -0.413889, 0.0303855, -1.68661, -0.0196309, 1.22338, 0.715408, 0.00364316, -0.101069, 0.02953, -0.886304, -0.00959188, 1.29445, -6.02817e-06, -0.219167, 10.3158, -0.435117, -2.89012, -0.488628, 0.588784, -0.0356826, 0, 0, 0, 8, 0, 0, 0, 0.361909, -0.0119481, 0.496292, 0.486346, -0.0158237, 0.142576, 0.996195, -3.71201e-12, -0.0871557, -4.46982e-12, -1, -8.49977e-12, -0.0871557, 8.857e-12, -0.996195, 1
17.19, 2025-07-03__00-39-03.472110, -0.0469513, -0.414919, 0.0308025, -1.6979, -0.0196952, 1.24097, 0.715425, 0.000914904, -0.0412118, 0.0319161, -0.789265, -0.00754176, 1.22955, 0.000639254, -0.296768, 11.67, -0.500445, -4.5488, -0.502501, 0.439292, -0.0271676, 0, 0, 0, 8, 0, 0, 0, 0.36581, -0.0119087, 0.493468, 0.486346, -0.0158237, 0.142576, 0.996195, -3.71201e-12, -0.0871557, -4.46982e-12, -1, -8.49977e-12, -0.0871557, 8.857e-12, -0.996195, 1
17.2, 2025-07-03__00-39-03.482112, -0.0469149, -0.414565, 0.0310322, -1.70573, -0.0196996, 1.25292, 0.715444, 0.00420674, 0.0537758, 0.0207627, -0.784664, -6.59613e-07, 1.16927, 0.00245132, -0.107613, 8.36059, -0.227794, -2.66417, -0.485635, 0.647791, -0.0276787, 0, 0, 0, 8, 0, 0, 0, 0.368777, -0.0118984, 0.49097, 0.486346, -0.0158237, 0.142576, 0.996195, -3.71201e-12, -0.0871557, -4.46982e-12, -1, -8.49977e-12, -0.0871557, 8.857e-12, -0.996195, 1
17.21, 2025-07-03__00-39-03.492109, -0.0469131, -0.413993, 0.0312478, -1.71319, -0.0197141, 1.26454, 0.715465, 0.00166308, 0.0636401, 0.0265268, -0.724786, -0.00112114, 1.13503, 0.00310472, -0.230185, 10.2602, -0.371079, -4.26203, -0.500946, 0.553375, -0.0243219, 0, 0, 0, 8, 0, 0, 0, 0.371694, -0.0119032, 0.488462, 0.486346, -0.0158237, 0.142576, 0.996195, -3.71201e-12, -0.0871557, -4.46982e-12, -1, -8.49977e-12, -0.0871557, 8.857e-12, -0.996195, 1
17.22, 2025-07-03__00-39-03.502110, -0.046902, -0.412951, 0.0314573, -1.72019, -0.0197118, 1.27579, 0.715495, 0.00377016, 0.123938, 0.0239998, -0.697431, -0.000224882, 1.10533, 0.00798468, -0.196977, 8.94918, -0.315115, -3.83229, -0.48371, 0.530269, -0.0451503, 0, 0, 0, 8, 0, 0, 0, 0.374605, -0.0119033, 0.48598, 0.486346, -0.0158237, 0.142576, 0.996195, -3.71201e-12, -0.0871557, -4.46982e-12, -1, -8.49977e-12, -0.0871557, 8.857e-12, -0.996195, 1
17.23, 2025-07-03__00-39-03.512110, -0.046907, -0.411149, 0.0316646, -1.72723, -0.0197362, 1.28674, 0.715513, 0.00113098, 0.187705, 0.0253671, -0.706856, -0.00595521, 1.07165, 0.00070416, -0.131993, 6.41914, -0.257658, -2.18732, -0.407311, 0.669886, 0.0103392, 0, 0, 0, 8, 0, 0, 0, 0.377507, -0.0119249, 0.483166, 0.486346, -0.0158237, 0.142576, 0.996195, -3.71201e-12, -0.0871557, -4.46982e-12, -1, -8.49977e-12, -0.0871557, 8.857e-12, -0.996195, 1
17.24, 2025-07-03__00-39-03.522110, -0.0468982, -0.409325, 0.0318492, -1.73411, -0.0197168, 1.29744, 0.715534, 0.00161709, 0.186232, 0.0152999, -0.683148, -4.85584e-05, 1.07822, 0.00138766, -0.0261117, 7.66768, -0.0489304, -10.9989, -0.429857, 0.446888, 0.0148356, 0, 0, 0, 0, 0, 0, 0, 0.380324, -0.01192, 0.480339, 0.486346, -0.0158237, 0.142576, 0.996195, -3.71201e-12, -0.0871557, -4.46982e-12, -1, -8.49977e-12, -0.0871557, 8.857e-12, -0.996195, 0
17.25, 2025-07-03__00-39-03.532111, -0.0469148, -0.40727, 0.0320372, -1.74092, -0.0197288, 1.30782, 0.715564, -0.00289687, 0.218888, 0.0178478, -0.697008, 0.00145726, 1.0476, -0.0015259, 0.0019315, 6.37127, -0.0336989, -10.0873, -0.414264, 0.59673, 0.0429157, 0, 0, 0, 0, 0, 0, 0, 0.383053, -0.01194, 0.477459, 0.486346, -0.0158237, 0.142576, 0.996195, -3.71201e-12, -0.0871557, -4.46982e-12, -1, -8.49977e-12, -0.0871557, 8.857e-12, -0.996195, 0
17.26, 2025-07-03__00-39-03.542108, -0.0469059, -0.404939, 0.0321988, -1.7484, -0.0197084, 1.31874, 0.71561, 0.00367851, 0.223722, 0.0108765, -0.772605, 0.00286436, 1.11992, 0.00509572, 0.0321793, 5.05928, 0.00709026, -8.84147, -0.383786, 0.164555, 0.012598, 0, 0, 0, 0, 0, 0, 0, 0.385836, -0.0119502, 0.474208, 0.486346, -0.0158237, 0.142576, 0.996195, -3.71201e-12, -0.0871557, -4.46982e-12, -1, -8.49977e-12, -0.0871557, 8.857e-12, -0.996195, 0
17.27, 2025-07-03__00-39-03.552110, -0.046889, -0.402863, 0.03232, -1.75675, -0.0197056, 1.33024, 0.715653, 0.00161817, 0.207543, 0.00841919, -0.875046, 0.00428899, 1.12676, 0.00962357, 0.0818434, 4.1453, 0.0522096, -7.42312, -0.348411, 0.228595, -0.00447845, 0, 0, 0, 0, 0, 0, 0, 0.388636, -0.0119838, 0.470722, 0.486346, -0.0158237, 0.142576, 0.996195, -3.71201e-12, -0.0871557, -4.46982e-12, -1, -8.49977e-12, -0.0871557, 8.857e-12, -0.996195, 0
17.28, 2025-07-03__00-39-03.562110, -0.0468846, -0.401077, 0.0323964, -1.76601, -0.0197012, 1.34161, 0.715679, 0.00245949, 0.176189, 0.010236, -0.93416, 0.000527297, 1.1323, 0.00356169, 0.00292868, 4.72224, -0.058945, -7.06312, -0.316654, 0.256591, 0.042263, 0, 0, 0, 0, 0, 0, 0, 0.391133, -0.0120391, 0.466898, 0.486346, -0.0158237, 0.142576, 0.996195, -3.71201e-12, -0.0871557, -4.46982e-12, -1, -8.49977e-12, -0.0871557, 8.857e-12, -0.996195, 0
17.29, 2025-07-03__00-39-03.572108, -0.0468911, -0.399283, 0.0324533, -1.77574, -0.0196874, 1.35308, 0.715689, -0.000931907, 0.192234, 0.00893658, -0.983062, 0.00309051, 1.1465, 0.00103572, 0.0860572, 3.24006, 0.0328012, -5.88477, -0.29593, 0.260739, 0.0680106, 0, 0, 0, 0, 0, 0, 0, 0.393489, -0.0121021, 0.462856, 0.486346, -0.0158237, 0.142576, 0.996195, -3.71201e-12, -0.0871557, -4.46982e-12, -1, -8.49977e-12, -0.0871557, 8.857e-12, -0.996195, 0
17.3, 2025-07-03__00-39-03.582112, -0.0468974, -0.397339, 0.0324786, -1.78612, -0.019701, 1.36455, 0.715739, 0.00245521, 0.189924, 0.000979664, -1.05748, 0.000212735, 1.13257, 0.0185003, 0.19484, 1.90803, 0.175351, -4.54325, -0.23654, 0.549112, -0.0286442, 0, 0, 0, 0, 0, 0, 0, 0.395737, -0.0121796, 0.45845, 0.486346, -0.0158237, 0.142576, 0.996195, -3.71201e-12, -0.0871557, -4.46982e-12, -1, -8.49977e-12, -0.0871557, 8.857e-12, -0.996195, 0
17.31, 2025-07-03__00-39-03.592110, -0.0468927, -0.395784, 0.0325165, -1.79692, -0.0196909, 1.37599, 0.715807, 0.000871042, 0.147257, 0.00365546, -1.06886, 4.25465e-05, 1.15611, 0.00607823, 0.108294, 3.79722, 0.0770284, -5.25574, -0.248628, 0.432301, 0.053814, 0, 0, 0, 0, 0, 0, 0, 0.397757, -0.0122401, 0.453943, 0.486346, -0.0158237, 0.142576, 0.996195, -3.71201e-12, -0.0871557, -4.46982e-12, -1, -8.49977e-12, -0.0871557, 8.857e-12, -0.996195, 0
17.32, 2025-07-03__00-39-03.602111, -0.0468941, -0.394188, 0.0325678, -1.80803, -0.0197062, 1.38764, 0.715834, -0.00146689, 0.175494, 0.000727703, -1.12718, -0.000865639, 1.16221, -0.00125951, 0.234211, 1.41883, 0.214671, -3.59277, -0.194799, 0.591519, 0.109911, 0, 0, 0, 0, 0, 0, 0, 0.399739, -0.0123095, 0.449328, 0.486346, -0.0158237, 0.142576, 0.996195, -3.71201e-12, -0.0871557, -4.46982e-12, -1, -8.49977e-12, -0.0871557, 8.857e-12, -0.996195, 0
17.33, 2025-07-03__00-39-03.612110, -0.0468934, -0.392366, 0.032591, -1.81956, -0.0196805, 1.39935, 0.715872, -0.000217349, 0.168173, 0.00418787, -1.15631, -0.00129287, 1.18329, 0.00684253, 0.151167, 1.19962, 0.0948167, -3.21231, -0.191877, 0.600352, 0.0721463, 0, 0, 0, 0, 0, 0, 0, 0.401621, -0.0123822, 0.444387, 0.486346, -0.0158237, 0.142576, 0.996195, -3.71201e-12, -0.0871557, -4.46982e-12, -1, -8.49977e-12, -0.0871557, 8.857e-12, -0.996195, 0
17.34, 2025-07-03__00-39-03.622112, -0.046887, -0.390887, 0.0325987, -1.83118, -0.0196866, 1.41115, 0.715902, 0.000375214, 0.157344, -0.000542822, -1.17549, 0.000425798, 1.19552, -0.000337082, 0.208312, 1.41867, 0.187227, -3.07825, -0.188229, 0.629584, 0.125223, 0, 0, 0, 0, 0, 0, 0, 0.403407, -0.0124553, 0.439524, 0.486346, -0.0158237, 0.142576, 0.996195, -3.71201e-12, -0.0871557, -4.46982e-12, -1, -8.49977e-12, -0.0871557, 8.857e-12, -0.996195, 0
17.35, 2025-07-03__00-39-03.632111, -0.0469013, -0.389175, 0.0325845, -1.84309, -0.0196662, 1.42309, 0.715955, -0.0036525, 0.169826, 7.78678e-05, -1.19425, -0.000304778, 1.19477, 0.00818377, 0.277608, 0.521975, 0.265234, -2.43137, -0.165748, 0.790171, 0.0827977, 0, 0, 0, 0, 0, 0, 0, 0.405138, -0.012531, 0.434424, 0.486346, -0.0158237, 0.142576, 0.996195, -3.71201e-12, -0.0871557, -4.46982e-12, -1, -8.49977e-12, -0.0871557, 8.857e-12, -0.996195, 0
17.36, 2025-07-03__00-39-03.642109, -0.0469058, -0.387525, 0.0326006, -1.85505, -0.019691, 1.43508, 0.716054, -0.00125848, 0.156244, -0.00069263, -1.2041, -0.00383977, 1.22921, 0.0118063, 0.240561, 1.03989, 0.228181, -2.55782, -0.143668, 0.666938, 0.0672974, 0, 0, 0, 0, 0, 0, 0, 0.406809, -0.0126206, 0.429313, 0.486346, -0.0158237, 0.142576, 0.996195, -3.71201e-12, -0.0871557, -4.46982e-12, -1, -8.49977e-12, -0.0871557, 8.857e-12, -0.996195, 0
17.37, 2025-07-03__00-39-03.652111, -0.0468895, -0.385791, 0.032595, -1.86717, -0.0196599, 1.44719, 0.71613, 0.00176848, 0.172033, 0.000138651, -1.20744, 0.00446201, 1.24555, 0.011021, 0.184473, 0.363515, 0.156915, -2.17146, -0.196564, 0.688079, 0.0814062, 0, 0, 0, 0, 0, 0, 0, 0.408421, -0.0126852, 0.424082, 0.486346, -0.0158237, 0.142576, 0.996195, -3.71201e-12, -0.0871557, -4.46982e-12, -1, -8.49977e-12, -0.0871557, 8.857e-12, -0.996195, 0
17.38, 2025-07-03__00-39-03.662110, -0.0468887, -0.384146, 0.0326193, -1.87927, -0.0196849, 1.45935, 0.716179, 0.00360968, 0.161996, 0.00310793, -1.21625, 0.00091504, 1.22322, 0.00546729, 0.0895809, 0.733042, 0.0370896, -2.122, -0.180446, 0.957977, 0.126521, 0, 0, 0, 0, 0, 0, 0, 0.409962, -0.0127632, 0.418855, 0.486346, -0.0158237, 0.142576, 0.996195, -3.71201e-12, -0.0871557, -4.46982e-12, -1, -8.49977e-12, -0.0871557, 8.857e-12, -0.996195, 0
17.39, 2025-07-03__00-39-03.672108, -0.0468843, -0.382599, 0.0326091, -1.89031, -0.0196667, 1.47038, 0.716239, 0.00139908, 0.182334, -0.00257603, -1.22609, 0.00345537, 1.22141, 0.0085135, 0.249075, -0.271973, 0.247718, -1.49172, -0.171183, 1.11477, 0.116698, 0, 0, 0, 0, 0, 0, 0, 0.411439, -0.0128276, 0.413526, 0.486346, -0.0158237, 0.142576, 0.996195, -3.71201e-12, -0.0871557, -4.46982e-12, -1, -8.49977e-12, -0.0871557, 8.857e-12, -0.996195, 0
17.4, 2025-07-03__00-39-03.682108, -0.0468992, -0.380821, 0.0326175, -1.90382, -0.0196761, 1.48406, 0.71631, -0.000552897, 0.157271, 0.00280662, -1.2192, -0.00400879, 1.25766, 0.00927415, 0.150138, 1.18416, 0.129246, -2.15622, -0.138748, 0.938854, 0.121519, 0, 0, 0, 0, 0, 0, 0, 0.412895, -0.012903, 0.408205, 0.486346, -0.0158237, 0.142576, 0.996195, -3.71201e-12, -0.0871557, -4.46982e-12, -1, -8.49977e-12, -0.0871557, 8.857e-12, -0.996195, 0
17.41, 2025-07-03__00-39-03.692108, -0.0469164, -0.379134, 0.0326152, -1.91619, -0.0196649, 1.49681, 0.716342, -0.00338149, 0.177639, -0.00110916, -1.22438, 0.00466259, 1.27065, 0.00143578, 0.271607, 0.424391, 0.28997, -1.65704, -0.172451, 0.97441, 0.179473, 0, 0, 0, 0, 0, 0, 0, 0.414359, -0.012982, 0.402849, 0.486346, -0.0158237, 0.142576, 0.996195, -3.71201e-12, -0.0871557, -4.46982e-12, -1, -8.49977e-12, -0.0871557, 8.857e-12, -0.996195, 0
17.42, 2025-07-03__00-39-03.702108, -0.0468969, -0.377396, 0.032629, -1.92851, -0.019656, 1.5097, 0.716405, -0.00253709, 0.176154, 0.00365102, -1.22913, -0.00856037, 1.3019, 0.00523165, 0.177685, 0.684812, 0.168492, -1.63431, -0.0931396, 0.85506, 0.167826, 0, 0, 0, 0, 0, 0, 0, 0.415815, -0.0130323, 0.397458, 0.486346, -0.0158237, 0.142576, 0.996195, -3.71201e-12, -0.0871557, -4.46982e-12, -1, -8.49977e-12, -0.0871557, 8.857e-12, -0.996195, 0
17.43, 2025-07-03__00-39-03.712108, -0.0468954, -0.375598, 0.0326268, -1.94092, -0.0196457, 1.52266, 0.716511, 0.000958888, 0.181573, -0.000525466, -1.24132, 0.00344038, 1.29134, 0.00616269, 0.185218, 0.467255, 0.194238, -1.25053, -0.161998, 1.05544, 0.170341, 0, 0, 0, 0, 0, 0, 0, 0.417209, -0.0130885, 0.39201, 0.486346, -0.0158237, 0.142576, 0.996195, -3.71201e-12, -0.0871557, -4.46982e-12, -1, -8.49977e-12, -0.0871557, 8.857e-12, -0.996195, 0
17.44, 2025-07-03__00-39-03.722108, -0.0469097, -0.373814, 0.0326211, -1.95324, -0.0196527, 1.5357, 0.716601, -0.00237754, 0.182073, 0.00132445, -1.21588, -0.00400356, 1.32082, 0.00108707, 0.199485, 1.26816, 0.22402, -1.75266, -0.119141, 0.878583, 0.208284, 0, 0, 0, 0, 0, 0, 0, 0.418574, -0.0131642, 0.386576, 0.486346, -0.0158237, 0.142576, 0.996195, -3.71201e-12, -0.0871557, -4.46982e-12, -1, -8.49977e-12, -0.0871557, 8.857e-12, -0.996195, 0
17.45, 2025-07-03__00-39-03.732113, -0.0469106, -0.371802, 0.0326304, -1.96549, -0.0196456, 1.549, 0.716755, 0.00159098, 0.224476, 0.00241618, -1.22964, 0.00169639, 1.32446, 0.00998344, 0.146214, -0.443363, 0.148307, -0.659932, -0.144243, 1.00791, 0.161442, 0, 0, 0, 0, 0, 0, 0, 0.419976, -0.0132271, 0.381118, 0.486346, -0.0158237, 0.142576, 0.996195, -3.71201e-12, -0.0871557, -4.46982e-12, -1, -8.49977e-12, -0.0871557, 8.857e-12, -0.996195, 0
17.46, 2025-07-03__00-39-03.742111, -0.0469038, -0.369771, 0.0326389, -1.97771, -0.0196335, 1.56241, 0.716914, -0.00130997, 0.194785, 0.0030725, -1.22071, -0.00134033, 1.33434, 0.00631484, 0.139382, 1.35122, 0.161314, -1.39358, -0.133341, 0.962766, 0.189119, 0, 0, 0, 0, 0, 0, 0, 0.421357, -0.0132711, 0.37561, 0.486346, -0.0158237, 0.142576, 0.996195, -3.71201e-12, -0.0871557, -4.46982e-12, -1, -8.49977e-12, -0.0871557, 8.857e-12, -0.996195, 0
17.47, 2025-07-03__00-39-03.752113, -0.0469107, -0.367749, 0.0326554, -1.98981, -0.0196454, 1.57596, 0.717076, -0.00414887, 0.220494, 0.00343352, -1.21329, -0.00129198, 1.35987, 0.009769, 0.189523, 0.870021, 0.224639, -1.07847, -0.122415, 0.855632, 0.173232, 0, 0, 0, 0, 0, 0, 0, 0.422729, -0.0133313, 0.37019, 0.486346, -0.0158237, 0.142576, 0.996195, -3.71201e-12, -0.0871557, -4.46982e-12, -1, -8.49977e-12, -0.0871557, 8.857e-12, -0.996195, 0
17.48, 2025-07-03__00-39-03.762112, -0.0469043, -0.36548, 0.0326657, -2.00196, -0.0196145, 1.58941, 0.717242, -0.00105849, 0.226897, 0.00422121, -1.20895, 0.00157465, 1.35316, 0.0151165, 0.118292, 1.05139, 0.149033, -0.991521, -0.147158, 0.983055, 0.148013, 0, 0, 0, 0, 0, 0, 0, 0.423995, -0.0133665, 0.364597, 0.486346, -0.0158237, 0.142576, 0.996195, -3.71201e-12, -0.0871557, -4.46982e-12, -1, -8.49977e-12, -0.0871557, 8.857e-12, -0.996195, 0
17.49, 2025-07-03__00-39-03.772111, -0.046904, -0.36326, 0.0326738, -2.0139, -0.0196327, 1.60294, 0.717394, 0.00213945, 0.229495, -0.000233092, -1.20451, -0.000169833, 1.35553, 0.0116545, 0.141902, 1.46132, 0.200192, -1.00167, -0.132148, 1.02446, 0.17535, 0, 0, 0, 0, 0, 0, 0, 0.425276, -0.0134119, 0.359121, 0.486346, -0.0158237, 0.142576, 0.996195, -3.71201e-12, -0.0871557, -4.46982e-12, -1, -8.49977e-12, -0.0871557, 8.857e-12, -0.996195, 0
17.5, 2025-07-03__00-39-03.782110, -0.0469096, -0.360764, 0.0326837, -2.0258, -0.0196033, 1.61662, 0.717499, 0.00130584, 0.254591, 0.00125658, -1.18231, 0.00325525, 1.37921, 0.0142535, 0.134435, 1.30655, 0.200273, -0.977369, -0.155792, 0.907414, 0.169034, 0, 0, 0, 0, 0, 0, 0, 0.426524, -0.0134551, 0.353545, 0.486346, -0.0158237, 0.142576, 0.996195, -3.71201e-12, -0.0871557, -4.46982e-12, -1, -8.49977e-12, -0.0871557, 8.857e-12, -0.996195, 0
17.51, 2025-07-03__00-39-03.792109, -0.046904, -0.358134, 0.0327152, -2.03746, -0.0196156, 1.63045, 0.717627, 0.001211, 0.267306, 0.000852465, -1.17035, 0.00228772, 1.403, 0.00833413, 0.138517, 1.51522, 0.21794, -0.993681, -0.146733, 0.786093, 0.213763, 0, 0, 0, 0, 0, 0, 0, 0.427836, -0.0134833, 0.34803, 0.486346, -0.0158237, 0.142576, 0.996195, -3.71201e-12, -0.0871557, -4.46982e-12, -1, -8.49977e-12, -0.0871557, 8.857e-12, -0.996195, 0
17.52, 2025-07-03__00-39-03.802111, -0.046908, -0.355439, 0.032734, -2.04912, -0.0196083, 1.64427, 0.71774, -0.00326187, 0.262628, -0.00105065, -1.1618, 0.00414376, 1.38712, 0.0137903, 0.231282, 2.3112, 0.345997, -1.16575, -0.154204, 0.93216, 0.190497, 0, 0, 0, 0, 0, 0, 0, 0.429075, -0.0135092, 0.342467, 0.486346, -0.0158237, 0.142576, 0.996195, -3.71201e-12, -0.0871557, -4.46982e-12, -1, -8.49977e-12, -0.0871557, 8.857e-12, -0.996195, 0
17.53, 2025-07-03__00-39-03.812111, -0.0468846, -0.352695, 0.0327609, -2.06052, -0.0195987, 1.6582, 0.71788, 0.00145274, 0.273195, 0.000703794, -1.12239, 0.00601949, 1.39985, 0.0159216, 0.103537, 3.16084, 0.216123, -1.71884, -0.185347, 0.801599, 0.186378, 0, 0, 0, 0, 0, 0, 0, 0.43033, -0.0135327, 0.33698, 0.486346, -0.0158237, 0.142576, 0.996195, -3.71201e-12, -0.0871557, -4.46982e-12, -1, -8.49977e-12, -0.0871557, 8.857e-12, -0.996195, 0
17.54, 2025-07-03__00-39-03.822109, -0.0468931, -0.349514, 0.0327883, -2.07185, -0.0195892, 1.67213, 0.718004, -0.00248728, 0.322085, 0.00664945, -1.12933, 0.0115266, 1.38431, 0.0125643, 0.084794, 1.54486, 0.177153, -0.605292, -0.207229, 1.05345, 0.21852, 0, 0, 0, 0, 0, 0, 0, 0.431562, -0.013552, 0.331384, 0.486346, -0.0158237, 0.142576, 0.996195, -3.71201e-12, -0.0871557, -4.46982e-12, -1, -8.49977e-12, -0.0871557, 8.857e-12, -0.996195, 0
17.55, 2025-07-03__00-39-03.832111, -0.0468963, -0.346246, 0.0328051, -2.08299, -0.0196124, 1.68599, 0.718146, 0.00254653, 0.317032, 0.00262999, -1.09995, -0.00629697, 1.38163, 0.0176738, 0.0775947, 2.75898, 0.198835, -1.19882, -0.10554, 1.0562, 0.197137, 0, 0, 0, 0, 0, 0, 0, 0.432715, -0.0135972, 0.325772, 0.486346, -0.0158237, 0.142576, 0.996195, -3.71201e-12, -0.0871557, -4.46982e-12, -1, -8.49977e-12, -0.0871557, 8.857e-12, -0.996195, 0
17.56, 2025-07-03__00-39-03.842110, -0.0468989, -0.343599, 0.0328279, -2.09177, -0.0195896, 1.69731, 0.718278, -0.000926302, 0.339671, 0.00183841, -1.1013, 0.00307581, 1.40377, 0.017056, 0.150909, 2.31733, 0.289436, -0.78243, -0.153006, 0.96941, 0.207082, 0, 0, 0, 0, 0, 0, 0, 0.433849, -0.0135986, 0.320809, 0.486346, -0.0158237, 0.142576, 0.996195, -3.71201e-12, -0.0871557, -4.46982e-12, -1, -8.49977e-12, -0.0871557, 8.857e-12, -0.996195, 0
17.57, 2025-07-03__00-39-03.852110, -0.0469205, -0.339306, 0.0328776, -2.10485, -0.0196018, 1.71417, 0.718446, -0.0063407, 0.359676, 0.00884922, -1.08236, -0.00936251, 1.41227, 0.0131659, 0.119077, 2.51167, 0.249722, -0.730866, -0.0764471, 0.959673, 0.243769, 0, 0, 0, 0, 0, 0, 0, 0.43512, -0.0136124, 0.314625, 0.486346, -0.0158237, 0.142576, 0.996195, -3.71201e-12, -0.0871557, -4.46982e-12, -1, -8.49977e-12, -0.0871557, 8.857e-12, -0.996195, 0
17.58, 2025-07-03__00-39-03.862111, -0.0469143, -0.335449, 0.0329034, -2.11535, -0.0195774, 1.72843, 0.718591, -0.00152295, 0.401361, -5.58899e-05, -1.05377, 0.00100869, 1.4571, 0.0134077, 0.218868, 2.03482, 0.396729, -0.60195, -0.137161, 0.671801, 0.251331, 0, 0, 0, 0, 0, 0, 0, 0.436385, -0.0136189, 0.309084, 0.486346, -0.0158237, 0.142576, 0.996195, -3.71201e-12, -0.0871557, -4.46982e-12, -1, -8.49977e-12, -0.0871557, 8.857e-12, -0.996195, 0
17.59, 2025-07-03__00-39-03.872111, -0.0469045, -0.331227, 0.0329325, -2.12574, -0.0195683, 1.74255, 0.718723, 0.00267323, 0.425892, 0.00805955, -1.03217, 0.00352452, 1.39979, 0.00974257, -0.00915669, 1.92613, 0.134301, -0.364345, -0.171537, 1.10725, 0.287879, 0, 0, 0, 0, 0, 0, 0, 0.437586, -0.0136148, 0.303422, 0.486346, -0.0158237, 0.142576, 0.996195, -3.71201e-12, -0.0871557, -4.46982e-12, -1, -8.49977e-12, -0.0871557, 8.857e-12, -0.996195, 0
17.6, 2025-07-03__00-39-03.882110, -0.0469105, -0.327144, 0.0329816, -2.13594, -0.0195843, 1.75653, 0.718857, -0.00209343, 0.416784, 0.00842012, -1.00529, 0.000356514, 1.41522, 0.0118565, 0.0410721, 3.31957, 0.210578, -1.01078, -0.157917, 0.970351, 0.285881, 0, 0, 0, 0, 0, 0, 0, 0.438695, -0.0136247, 0.297876, 0.486346, -0.0158237, 0.142576, 0.996195, -3.71201e-12, -0.0871557, -4.46982e-12, -1, -8.49977e-12, -0.0871557, 8.857e-12, -0.996195, 0
17.61, 2025-07-03__00-39-03.892109, -0.0469066, -0.322807, 0.0330074, -2.14586, -0.019583, 1.7708, 0.718988, -9.45729e-05, 0.459993, 0.00562627, -0.988971, -0.0104405, 1.42319, 0.0177816, 0.092235, 2.5642, 0.281183, -0.505756, -0.0839067, 0.965071, 0.262694, 0, 0, 0, 0, 0, 0, 0, 0.439922, -0.013614, 0.292392, 0.486346, -0.0158237, 0.142576, 0.996195, -3.71201e-12, -0.0871557, -4.46982e-12, -1, -8.49977e-12, -0.0871557, 8.857e-12, -0.996195, 0
17.62, 2025-07-03__00-39-03.902110, -0.0469184, -0.317898, 0.0330659, -2.15563, -0.0195703, 1.78505, 0.71913, -0.00460386, 0.489382, 0.00882023, -0.96513, -0.00108472, 1.4264, 0.0151169, 0.107001, 2.41377, 0.304154, -0.377597, -0.146101, 0.981919, 0.291513, 0, 0, 0, 0, 0, 0, 0, 0.441091, -0.0135986, 0.286712, 0.486346, -0.0158237, 0.142576, 0.996195, -3.71201e-12, -0.0871557, -4.46982e-12, -1, -8.49977e-12, -0.0871557, 8.857e-12, -0.996195, 0
17.63, 2025-07-03__00-39-03.912111, -0.0469124, -0.313164, 0.0331181, -2.16504, -0.0195629, 1.79931, 0.719283, 0.00802309, 0.478796, 0.0041932, -0.925326, 0.000910717, 1.43832, 0.0102816, -0.0653845, 4.14374, 0.146744, -1.28076, -0.184612, 0.802017, 0.33181, 0, 0, 0, 0, 0, 0, 0, 0.442314, -0.0135764, 0.281236, 0.486346, -0.0158237, 0.142576, 0.996195, -3.71201e-12, -0.0871557, -4.46982e-12, -1, -8.49977e-12, -0.0871557, 8.857e-12, -0.996195, 0
17.64, 2025-07-03__00-39-03.922110, -0.0469139, -0.307947, 0.0331714, -2.17429, -0.0195668, 1.81359, 0.71945, -0.00279623, 0.534917, 0.0105538, -0.926153, 0.00702438, 1.41352, 0.0214834, 0.0265327, 2.55898, 0.237136, -0.118809, -0.208533, 1.10228, 0.277046, 0, 0, 0, 0, 0, 0, 0, 0.443542, -0.0135495, 0.275683, 0.486346, -0.0158237, 0.142576, 0.996195, -3.71201e-12, -0.0871557, -4.46982e-12, -1, -8.49977e-12, -0.0871557, 8.857e-12, -0.996195, 0
17.65, 2025-07-03__00-39-03.932112, -0.046915, -0.302358, 0.0332269, -2.1833, -0.0195722, 1.82777, 0.719676, 0.0015638, 0.548545, 0.00522906, -0.903684, -0.000146826, 1.42973, 0.0258188, 0.0481324, 3.00894, 0.284035, -0.250636, -0.170727, 1.00755, 0.260068, 0, 0, 0, 0, 0, 0, 0, 0.444687, -0.0135313, 0.270022, 0.486346, -0.0158237, 0.142576, 0.996195, -3.71201e-12, -0.0871557, -4.46982e-12, -1, -8.49977e-12, -0.0871557, 8.857e-12, -0.996195, 0
17.66, 2025-07-03__00-39-03.942109, -0.0469192, -0.296871, 0.0332978, -2.19189, -0.0195636, 1.84194, 0.719893, 9.08542e-05, 0.567759, 0.00584062, -0.851673, -0.00226666, 1.41631, 0.0249789, 0.0538666, 3.7728, 0.308508, -0.783889, -0.176183, 1.01029, 0.274253, 0, 0, 0, 0, 0, 0, 0, 0.445921, -0.0134829, 0.264591, 0.486346, -0.0158237, 0.142576, 0.996195, -3.71201e-12, -0.0871557, -4.46982e-12, -1, -8.49977e-12, -0.0871557, 8.857e-12, -0.996195, 0
17.67, 2025-07-03__00-39-03.952110, -0.0469136, -0.29077, 0.033386, -2.20041, -0.0195691, 1.85625, 0.720069, -0.00108454, 0.608714, 0.0111827, -0.851681, -0.000155735, 1.42617, 0.0190915, -0.0330618, 2.84462, 0.207602, 0.028054, -0.186983, 1.05503, 0.324097, 0, 0, 0, 0, 0, 0, 0, 0.447123, -0.0134263, 0.258964, 0.486346, -0.0158237, 0.142576, 0.996195, -3.71201e-12, -0.0871557, -4.46982e-12, -1, -8.49977e-12, -0.0871557, 8.857e-12, -0.996195, 0
17.68, 2025-07-03__00-39-03.962111, -0.0469298, -0.284503, 0.0334657, -2.20869, -0.0195744, 1.8705, 0.720268, 7.79162e-05, 0.62958, 0.00793951, -0.824304, -0.00246265, 1.42969, 0.0224263, -0.00215941, 3.12209, 0.259361, -0.0149493, -0.181715, 1.03463, 0.315129, 0, 0, 0, 0, 0, 0, 0, 0.448304, -0.013378, 0.253344, 0.486346, -0.0158237, 0.142576, 0.996195, -3.71201e-12, -0.0871557, -4.46982e-12, -1, -8.49977e-12, -0.0871557, 8.857e-12, -0.996195, 0
17.69, 2025-07-03__00-39-03.972110, -0.0469377, -0.277918, 0.0335561, -2.21646, -0.019571, 1.88484, 0.7205, -0.00144833, 0.665793, 0.0116853, -0.764045, -0.00851521, 1.44078, 0.0222567, -0.0527387, 3.4289, 0.215592, -0.463348, -0.167356, 0.873577, 0.325734, 0, 0, 0, 0, 0, 0, 0, 0.449601, -0.0133224, 0.247811, 0.486346, -0.0158237, 0.142576, 0.996195, -3.71201e-12, -0.0871557, -4.46982e-12, -1, -8.49977e-12, -0.0871557, 8.857e-12, -0.996195, 0
17.7, 2025-07-03__00-39-03.982112, -0.0469314, -0.271125, 0.0336611, -2.22402, -0.019568, 1.8991, 0.7208, 0.000482388, 0.685824, 0.0115154, -0.76471, 0.000840783, 1.4217, 0.0335684, -0.121038, 3.24706, 0.147977, 0.110402, -0.231702, 1.0695, 0.264289, 0, 0, 0, 0, 0, 0, 0, 0.450901, -0.0132463, 0.242305, 0.486346, -0.0158237, 0.142576, 0.996195, -3.71201e-12, -0.0871557, -4.46982e-12, -1, -8.49977e-12, -0.0871557, 8.857e-12, -0.996195, 0
17.71, 2025-07-03__00-39-03.992109, -0.046942, -0.264023, 0.0337511, -2.23135, -0.0195738, 1.91313, 0.721101, -0.00093474, 0.70618, 0.00789438, -0.723702, -0.00260207, 1.39036, 0.0261939, -0.0453631, 3.69892, 0.247711, -0.0732736, -0.227731, 1.25034, 0.314963, 0, 0, 0, 0, 0, 0, 0, 0.45206, -0.0131721, 0.236704, 0.486346, -0.0158237, 0.142576, 0.996195, -3.71201e-12, -0.0871557, -4.46982e-12, -1, -8.49977e-12, -0.0871557, 8.857e-12, -0.996195, 0
17.72, 2025-07-03__00-39-04.002111, -0.046945, -0.257533, 0.0338458, -2.23764, -0.0195758, 1.92594, 0.721402, -0.00488045, 0.746989, 0.00877687, -0.690361, 0.0015039, 1.43863, 0.0388072, -0.0107787, 3.4025, 0.292029, -0.00543634, -0.265146, 0.906326, 0.240326, 0, 0, 0, 0, 0, 0, 0, 0.45336, -0.0130923, 0.231239, 0.486346, -0.0158237, 0.142576, 0.996195, -3.71201e-12, -0.0871557, -4.46982e-12, -1, -8.49977e-12, -0.0871557, 8.857e-12, -0.996195, 0
17.73, 2025-07-03__00-39-04.012110, -0.0469562, -0.249102, 0.0339555, -2.24484, -0.0195773, 1.94159, 0.721737, -0.00256785, 0.768467, 0.0127529, -0.646634, -0.00334938, 1.42372, 0.0366581, -0.184012, 3.98242, 0.113804, -0.22947, -0.264816, 0.93587, 0.258853, 0, 0, 0, 0, 0, 0, 0, 0.454736, -0.0130078, 0.225782, 0.486346, -0.0158237, 0.142576, 0.996195, -3.71201e-12, -0.0871557, -4.46982e-12, -1, -8.49977e-12, -0.0871557, 8.857e-12, -0.996195, 0
17.74, 2025-07-03__00-39-04.022113, -0.0469506, -0.241043, 0.0340568, -2.25122, -0.0195657, 1.9558, 0.721997, -0.00505774, 0.829465, 0.0125415, -0.63389, 0.00220625, 1.42486, 0.0271624, -0.164102, 2.57976, 0.138052, 0.783549, -0.304737, 1.02417, 0.323067, 0, 0, 0, 0, 0, 0, 0, 0.456045, -0.012912, 0.220195, 0.486346, -0.0158237, 0.142576, 0.996195, -3.71201e-12, -0.0871557, -4.46982e-12, -1, -8.49977e-12, -0.0871557, 8.857e-12, -0.996195, 0
17.75, 2025-07-03__00-39-04.032111, -0.0469665, -0.232829, 0.0341409, -2.25724, -0.0195936, 1.96985, 0.722227, -0.00376419, 0.835771, 0.00946546, -0.596555, -0.00649448, 1.40031, 0.0207282, -0.198103, 3.50512, 0.116463, 0.497482, -0.276802, 1.11628, 0.368472, 0, 0, 0, 0, 0, 0, 0, 0.457373, -0.0128228, 0.214684, 0.486346, -0.0158237, 0.142576, 0.996195, -3.71201e-12, -0.0871557, -4.46982e-12, -1, -8.49977e-12, -0.0871557, 8.857e-12, -0.996195, 0
17.76, 2025-07-03__00-39-04.042109, -0.0469675, -0.224319, 0.034215, -2.26289, -0.0195846, 1.98387, 0.722453, 0.000827689, 0.860712, 0.00148846, -0.551017, -0.0055756, 1.40284, 0.0217945, -0.202387, 3.94678, 0.132391, 0.301821, -0.312558, 1.02235, 0.36505, 0, 0, 0, 0, 0, 0, 0, 0.458723, -0.0127378, 0.209218, 0.486346, -0.0158237, 0.142576, 0.996195, -3.71201e-12, -0.0871557, -4.46982e-12, -1, -8.49977e-12, -0.0871557, 8.857e-12, -0.996195, 0
17.77, 2025-07-03__00-39-04.052111, -0.0469801, -0.215404, 0.0342969, -2.26806, -0.0195863, 1.99792, 0.722723, -0.000108245, 0.884616, 0.00254727, -0.512485, -0.00046681, 1.40764, 0.0292606, -0.308805, 4.31093, 0.0265193, 0.244909, -0.377164, 0.918348, 0.318097, 0, 0, 0, 0, 0, 0, 0, 0.460186, -0.0126349, 0.20376, 0.486346, -0.0158237, 0.142576, 0.996195, -3.71201e-12, -0.0871557, -4.46982e-12, -1, -8.49977e-12, -0.0871557, 8.857e-12, -0.996195, 0
17.78, 2025-07-03__00-39-04.062113, -0.0469991, -0.206143, 0.0343691, -2.27287, -0.0196161, 2.01202, 0.722985, 0.00152285, 0.930136, 0.00341073, -0.477167, -0.00186939, 1.40269, 0.0310838, -0.467389, 3.83987, -0.136965, 0.678544, -0.398415, 0.91955, 0.303556, 0, 0, 0, 0, 0, 0, 0, 0.461701, -0.0125514, 0.198331, 0.486346, -0.0158237, 0.142576, 0.996195, -3.71201e-12, -0.0871557, -4.46982e-12, -1, -8.49977e-12, -0.0871557, 8.857e-12, -0.996195, 0
17.79, 2025-07-03__00-39-04.072109, -0.0470121, -0.196671, 0.0344385, -2.27737, -0.0196226, 2.02584, 0.723232, -0.00198405, 0.96929, 0.00240715, -0.428428, -0.00173788, 1.39116, 0.024688, -0.341671, 0.0648108, -0.0275339, 2.44219, -0.398118, 0.342572, 0.350763, 0, 0, 0, 0, 0, 0, 0, 0.463158, -0.0124411, 0.192889, 0.486346, -0.0158237, 0.142576, 0.996195, -3.71201e-12, -0.0871557, -4.46982e-12, -1, -8.49977e-12, -0.0871557, 8.857e-12, -0.996195, 0
17.8, 2025-07-03__00-39-04.082111, -0.0470369, -0.187159, 0.0344763, -2.28138, -0.0196935, 2.03917, 0.723418, 0.00475011, 0.94313, 0.000669635, -0.3872, -0.00804281, 1.31056, 0.0144305, -0.425624, -1.9754, -0.134984, 3.5486, -0.367699, 0.107795, 0.429599, 0, 0, 0, 0, 0, 0, 0, 0.464607, -0.0123742, 0.187585, 0.486346, -0.0158237, 0.142576, 0.996195, -3.71201e-12, -0.0871557, -4.46982e-12, -1, -8.49977e-12, -0.0871557, 8.857e-12, -0.996195, 0
17.81, 2025-07-03__00-39-04.092110, -0.04707, -0.177588, 0.0345237, -2.28483, -0.0197193, 2.05171, 0.723636, 0.000868092, 0.957384, 0.00401199, -0.333502, 0.00318367, 1.2268, 0.0164025, -0.371318, -5.2319, -0.10168, 4.98079, -0.450293, -0.0256399, 0.432042, 0, 0, 0, 0, 0, 0, 0, 0.465964, -0.0123004, 0.18245, 0.486346, -0.0158237, 0.142576, 0.996195, -3.71201e-12, -0.0871557, -4.46982e-12, -1, -8.49977e-12, -0.0871557, 8.857e-12, -0.996195, 0
17.82, 2025-07-03__00-39-04.102110, -0.047114, -0.167891, 0.0345394, -2.28765, -0.0197739, 2.06278, 0.723894, -0.00901108, 0.967486, 0.000283611, -0.262912, -0.00572069, 1.07736, 0.0252502, -0.015584, -8.21487, 0.250827, 6.13226, -0.415954, 0.321118, 0.393631, 0, 0, 0, 0, 0, 0, 0, 0.46705, -0.0122294, 0.177418, 0.486346, -0.0158237, 0.142576, 0.996195, -3.71201e-12, -0.0871557, -4.46982e-12, -1, -8.49977e-12, -0.0871557, 8.857e-12, -0.996195, 0
17.83, 2025-07-03__00-39-04.112111, -0.0471344, -0.158308, 0.0345693, -2.28982, -0.0198243, 2.07265, 0.724221, -0.00125552, 0.945422, -0.000267476, -0.207489, -0.00258426, 0.961361, 0.0343379, -0.131214, -10.1519, 0.114946, 6.83017, -0.466773, 0.480643, 0.349341, 0, 0, 0, 0, 0, 0, 0, 0.46797, -0.012158, 0.172622, 0.486346, -0.0158237, 0.142576, 0.996195, -3.71201e-12, -0.0871557, -4.46982e-12, -1, -8.49977e-12, -0.0871557, 8.857e-12, -0.996195, 0
17.84, 2025-07-03__00-39-04.122111, -0.0471864, -0.149167, 0.0345854, -2.29151, -0.0199158, 2.08136, 0.724556, -0.00446403, 0.896336, 0.00150746, -0.163683, -0.0156658, 0.843326, 0.0286028, -0.0746464, -11.1681, 0.15393, 7.17891, -0.412996, 0.693746, 0.394617, 0, 0, 0, 0, 0, 0, 0, 0.468738, -0.0121153, 0.168155, 0.486346, -0.0158237, 0.142576, 0.996195, -3.71201e-12, -0.0871557, -4.46982e-12, -1, -8.49977e-12, -0.0871557, 8.857e-12, -0.996195, 0
17.85, 2025-07-03__00-39-04.132112, -0.047213, -0.140525, 0.0345757, -2.29265, -0.0200116, 2.08905, 0.7249, -0.00535955, 0.82927, -0.000216164, -0.103652, -0.0108535, 0.744661, 0.0355241, -0.00441106, -11.0306, 0.214725, 6.66191, -0.483877, 0.732859, 0.358828, 0, 0, 0, 0, 0, 0, 0, 0.469433, -0.0120789, 0.164076, 0.486346, -0.0158237, 0.142576, 0.996195, -3.71201e-12, -0.0871557, -4.46982e-12, -1, -8.49977e-12, -0.0871557, 8.857e-12, -0.996195, 0
17.86, 2025-07-03__00-39-04.142110, -0.0472335, -0.132134, 0.0345708, -2.29339, -0.0200801, 2.09577, 0.725223, -0.00396836, 0.838505, -0.0019239, -0.0649246, -0.00272248, 0.648032, 0.0300251, 0.0665002, -13.8186, 0.273314, 7.72385, -0.555621, 1.02411, 0.399982, 0, 0, 0, 0, 0, 0, 0, 0.470014, -0.0120267, 0.160242, 0.486346, -0.0158237, 0.142576, 0.996195, -3.71201e-12, -0.0871557, -4.46982e-12, -1, -8.49977e-12, -0.0871557, 8.857e-12, -0.996195, 0
17.87, 2025-07-03__00-39-04.152111, -0.0472693, -0.124394, 0.0345714, -2.29382, -0.0202012, 2.10175, 0.725508, -0.00298819, 0.747379, 0.00641966, -0.0360654, -0.00858326, 0.575345, 0.0390709, -0.144921, -12.9328, 0.0380727, 7.10507, -0.55309, 1.00739, 0.353079, 0, 0, 0, 0, 0, 0, 0, 0.470544, -0.0120084, 0.156756, 0.486346, -0.0158237, 0.142576, 0.996195, -3.71201e-12, -0.0871557, -4.46982e-12, -1, -8.49977e-12, -0.0871557, 8.857e-12, -0.996195, 0
17.88, 2025-07-03__00-39-04.162111, -0.0473084, -0.117318, 0.0345503, -2.29393, -0.0203331, 2.10703, 0.725757, -0.0023576, 0.708789, -0.000638314, -0.00311842, -0.0196929, 0.517586, 0.0278225, 0.0308016, -13.5564, 0.209921, 7.0609, -0.50546, 1.00838, 0.42877, 0, 0, 0, 0, 0, 0, 0, 0.471091, -0.0119983, 0.153682, 0.486346, -0.0158237, 0.142576, 0.996195, -3.71201e-12, -0.0871557, -4.46982e-12, -1, -8.49977e-12, -0.0871557, 8.857e-12, -0.996195, 0
17.89, 2025-07-03__00-39-04.172112, -0.0473425, -0.110876, 0.0345747, -2.29381, -0.0204561, 2.11174, 0.726017, -0.00815378, 0.628546, 0.00206362, 0.010985, -0.00761547, 0.451782, 0.0294551, 0.0841017, -12.7895, 0.249726, 6.58096, -0.604737, 1.05727, 0.422116, 0, 0, 0, 0, 0, 0, 0, 0.471646, -0.0119775, 0.150956, 0.486346, -0.0158237, 0.142576, 0.996195, -3.71201e-12, -0.0871557, -4.46982e-12, -1, -8.49977e-12, -0.0871557, 8.857e-12, -0.996195, 0
17.9, 2025-07-03__00-39-04.182111, -0.0473665, -0.105147, 0.034559, -2.29368, -0.0205386, 2.11611, 0.726323, -0.00566933, 0.553414, -0.002237, 0.0148191, -0.0115377, 0.432177, 0.0388316, 0.117059, -12.0358, 0.27437, 6.1396, -0.599971, 0.837781, 0.363718, 0, 0, 0, 0, 0, 0, 0, 0.4722, -0.0119611, 0.14855, 0.486346, -0.0158237, 0.142576, 0.996195, -3.71201e-12, -0.0871557, -4.46982e-12, -1, -8.49977e-12, -0.0871557, 8.857e-12, -0.996195, 0
17.91, 2025-07-03__00-39-04.192111, -0.0473776, -0.100176, 0.0345565, -2.29355, -0.0206632, 2.11997, 0.726648, -0.00116263, 0.489273, -0.00149707, 0.0125419, -0.0178105, 0.37012, 0.0375228, -0.00743706, -11.597, 0.136696, 6.01714, -0.573602, 0.971426, 0.36871, 0, 0, 0, 0, 0, 0, 0, 0.472717, -0.0119553, 0.146475, 0.486346, -0.0158237, 0.142576, 0.996195, -3.71201e-12, -0.0871557, -4.46982e-12, -1, -8.49977e-12, -0.0871557, 8.857e-12, -0.996195, 0
17.92, 2025-07-03__00-39-04.202111, -0.0473939, -0.0957121, 0.0345495, -2.29335, -0.0208163, 2.12333, 0.726967, 0.000885761, 0.43314, -9.72155e-05, 0.0256244, -0.0201785, 0.331138, 0.0374784, -0.0858552, -10.961, 0.0475657, 5.55762, -0.573837, 0.938136, 0.36374, 0, 0, 0, 0, 0, 0, 0, 0.473171, -0.0119635, 0.144634, 0.486346, -0.0158237, 0.142576, 0.996195, -3.71201e-12, -0.0871557, -4.46982e-12, -1, -8.49977e-12, -0.0871557, 8.857e-12, -0.996195, 0
17.93, 2025-07-03__00-39-04.212111, -0.0474158, -0.0919124, 0.0345577, -2.29309, -0.0209587, 2.12639, 0.727296, -0.00147391, 0.361748, 0.0030012, 0.0222584, -0.0148124, 0.294375, 0.0324274, -0.125185, -9.81281, -0.00350102, 5.04793, -0.61747, 0.913887, 0.385742, 0, 0, 0, 0, 0, 0, 0, 0.473664, -0.0119729, 0.143099, 0.486346, -0.0158237, 0.142576, 0.996195, -3.71201e-12, -0.0871557, -4.46982e-12, -1, -8.49977e-12, -0.0871557, 8.857e-12, -0.996195, 0
17.94, 2025-07-03__00-39-04.222111, -0.0474253, -0.0888632, 0.0345578, -2.29291, -0.0211216, 2.12897, 0.727634, -0.00121754, 0.296428, 0.000845961, 0.0163695, -0.023192, 0.247482, 0.0286353, -0.10412, -8.70147, 0.0103831, 4.62692, -0.570578, 0.999351, 0.398599, 0, 0, 0, 0, 0, 0, 0, 0.474092, -0.0119827, 0.141867, 0.486346, -0.0158237, 0.142576, 0.996195, -3.71201e-12, -0.0871557, -4.46982e-12, -1, -8.49977e-12, -0.0871557, 8.857e-12, -0.996195, 0
17.95, 2025-07-03__00-39-04.232111, -0.0474246, -0.0861526, 0.0345575, -2.29269, -0.0212832, 2.13119, 0.727965, -0.000461303, 0.263493, 7.57476e-05, 0.0231613, -0.0226502, 0.22253, 0.039592, -0.105367, -8.35798, 0.00335628, 4.36203, -0.579479, 0.978601, 0.320669, 0, 0, 0, 0, 0, 0, 0, 0.474469, -0.0119979, 0.140802, 0.486346, -0.0158237, 0.142576, 0.996195, -3.71201e-12, -0.0871557, -4.46982e-12, -1, -8.49977e-12, -0.0871557, 8.857e-12, -0.996195, 0
17.96, 2025-07-03__00-39-04.242112, -0.0474354, -0.0838857, 0.0345494, -2.29246, -0.0214411, 2.1333, 0.728284, 0.000257808, 0.209954, -0.00145157, 0.0217353, -0.0101046, 0.212291, 0.0314374, -0.106193, -7.22955, -0.0025945, 3.79606, -0.661779, 0.837622, 0.356555, 0, 0, 0, 0, 0, 0, 0, 0.474887, -0.0120218, 0.139925, 0.486346, -0.0158237, 0.142576, 0.996195, -3.71201e-12, -0.0871557, -4.46982e-12, -1, -8.49977e-12, -0.0871557, 8.857e-12, -0.996195, 0
17.97, 2025-07-03__00-39-04.252110, -0.047442, -0.0821406, 0.0345547, -2.29229, -0.0216041, 2.13523, 0.728552, 0.000209255, 0.164194, 0.000266808, 0.0150795, -0.0178596, 0.18887, 0.0272966, -0.163254, -6.31829, -0.0669397, 3.44264, -0.61284, 0.822419, 0.371778, 0, 0, 0, 0, 0, 0, 0, 0.475324, -0.0120443, 0.139269, 0.486346, -0.0158237, 0.142576, 0.996195, -3.71201e-12, -0.0871557, -4.46982e-12, -1, -8.49977e-12, -0.0871557, 8.857e-12, -0.996195, 0
17.98, 2025-07-03__00-39-04.262111, -0.0474381, -0.0810887, 0.0345574, -2.29217, -0.0217246, 2.13653, 0.728761, 0.000857511, 0.130077, -0.000490941, 0.0141249, -0.0125539, 0.157643, 0.0196637, -0.177826, -5.51431, -0.0846194, 3.09817, -0.647155, 0.898704, 0.408822, 0, 0, 0, 0, 0, 0, 0, 0.475679, -0.012064, 0.138841, 0.486346, -0.0158237, 0.142576, 0.996195, -3.71201e-12, -0.0871557, -4.46982e-12, -1, -8.49977e-12, -0.0871557, 8.857e-12, -0.996195, 0
17.99, 2025-07-03__00-39-04.272111, -0.0474392, -0.0799043, 0.0345631, -2.29201, -0.0218677, 2.13828, 0.729072, -0.00285122, 0.0878069, 0.000728445, 0.00952688, -0.00887218, 0.144962, 0.0159346, -0.144602, -4.4732, -0.0567807, 2.63435, -0.670328, 0.812069, 0.416271, 0, 0, 0, 0, 0, 0, 0, 0.47611, -0.0120791, 0.138478, 0.486346, -0.0158237, 0.142576, 0.996195, -3.71201e-12, -0.0871557, -4.46982e-12, -1, -8.49977e-12, -0.0871557, 8.857e-12, -0.996195, 0
18, 2025-07-03__00-39-04.282111, -0.0474459, -0.0792725, 0.03456, -2.29193, -0.0219522, 2.13957, 0.729318, -0.00152361, 0.0534237, -0.00136107, 0.00485884, -0.00413911, 0.122616, 0.0325439, -0.143576, -3.55732, -0.0573733, 2.26918, -0.702793, 0.830572, 0.303044, 0, 0, 0, 0, 0, 0, 0, 0.476488, -0.0121001, 0.138279, 0.486346, -0.0158237, 0.142576, 0.996195, -3.71201e-12, -0.0871557, -4.46982e-12, -1, -8.49977e-12, -0.0871557, 8.857e-12, -0.996195, 0
18.01, 2025-07-03__00-39-04.292110, -0.0474488, -0.0789385, 0.034559, -2.29187, -0.022042, 2.14074, 0.729505, -0.00413095, 0.029248, -9.64377e-05, 0.00666159, -0.0156624, 0.11222, 0.0245329, -0.125566, -2.77308, -0.0423378, 1.8719, -0.631535, 0.771479, 0.342517, 0, 0, 0, 0, 0, 0, 0, 0.476865, -0.0121211, 0.138209, 0.486346, -0.0158237, 0.142576, 0.996195, -3.71201e-12, -0.0871557, -4.46982e-12, -1, -8.49977e-12, -0.0871557, 8.857e-12, -0.996195, 0
18.02, 2025-07-03__00-39-04.302111, -0.0474493, -0.0788052, 0.0345568, -2.29182, -0.0221101, 2.14177, 0.72964, 0.000501777, 0.00407466, 0.000651402, 0.00275941, -0.00937387, 0.0962199, 0.0146041, -0.264319, -1.98519, -0.183215, 1.557, -0.670861, 0.771855, 0.395479, 0, 0, 0, 0, 0, 0, 0, 0.477188, -0.0121376, 0.138214, 0.486346, -0.0158237, 0.142576, 0.996195, -3.71201e-12, -0.0871557, -4.46982e-12, -1, -8.49977e-12, -0.0871557, 8.857e-12, -0.996195, 0
18.03, 2025-07-03__00-39-04.312111, -0.0474469, -0.0788872, 0.0345621, -2.29181, -0.0221727, 2.14268, 0.729758, 0.0012136, -0.00957965, 0.00106725, 0.00102254, -0.00477696, 0.0892618, 0.0183826, -0.302094, -1.48625, -0.222013, 1.33785, -0.698897, 0.732462, 0.36572, 0, 0, 0, 0, 0, 0, 0, 0.477574, -0.0121503, 0.13832, 0.486346, -0.0158237, 0.142576, 0.996195, -3.71201e-12, -0.0871557, -4.46982e-12, -1, -8.49977e-12, -0.0871557, 8.857e-12, -0.996195, 0
18.04, 2025-07-03__00-39-04.322111, -0.0474399, -0.0790003, 0.0345646, -2.29179, -0.0222118, 2.14357, 0.729897, 0.0029434, -0.013584, 0.0016149, 0.000652257, -0.00270493, 0.086784, 0.0128637, -0.360093, -1.28521, -0.280749, 1.23317, -0.710712, 0.67884, 0.391138, 0, 0, 0, 0, 0, 0, 0, 0.477917, -0.0121585, 0.138438, 0.486346, -0.0158237, 0.142576, 0.996195, -3.71201e-12, -0.0871557, -4.46982e-12, -1, -8.49977e-12, -0.0871557, 8.857e-12, -0.996195, 0
18.05, 2025-07-03__00-39-04.332111, -0.0474477, -0.0792396, 0.0345667, -2.29176, -0.0222534, 2.14437, 0.730042, 0.000693203, -0.0292538, 0.000246448, 0.00193825, -0.00416613, 0.078794, 0.0123924, -0.28883, -0.613876, -0.208973, 0.896901, -0.703252, 0.636941, 0.385141, 0, 0, 0, 0, 0, 0, 0, 0.478264, -0.0121671, 0.138608, 0.486346, -0.0158237, 0.142576, 0.996195, -3.71201e-12, -0.0871557, -4.46982e-12, -1, -8.49977e-12, -0.0871557, 8.857e-12, -0.996195, 0
18.06, 2025-07-03__00-39-04.342110, -0.0474512, -0.0795275, 0.0345669, -2.29173, -0.0222906, 2.14505, 0.730177, -0.00103477, -0.0219212, 0.000522014, 0.00325824, -0.00740297, 0.0618059, 0.00438826, -0.251158, -0.762642, -0.171283, 0.968082, -0.680413, 0.712691, 0.426042, 0, 0, 0, 0, 0, 0, 0, 0.478574, -0.0121781, 0.138802, 0.486346, -0.0158237, 0.142576, 0.996195, -3.71201e-12, -0.0871557, -4.46982e-12, -1, -8.49977e-12, -0.0871557, 8.857e-12, -0.996195, 0
18.07, 2025-07-03__00-39-04.352110, -0.0474452, -0.0797673, 0.0345648, -2.29167, -0.0223111, 2.14566, 0.730309, 0.00185832, -0.0238797, 0.000943607, 0.00571651, -0.00123157, 0.0544984, 0.0174783, -0.3287, -0.550779, -0.24882, 0.832878, -0.721235, 0.702796, 0.338549, 0, 0, 0, 0, 0, 0, 0, 0.47887, -0.0121917, 0.138983, 0.486346, -0.0158237, 0.142576, 0.996195, -3.71201e-12, -0.0871557, -4.46982e-12, -1, -8.49977e-12, -0.0871557, 8.857e-12, -0.996195, 0
18.08, 2025-07-03__00-39-04.362110, -0.0474512, -0.0800468, 0.0345639, -2.29162, -0.0223247, 2.14626, 0.730443, -0.000780035, -0.0263424, 0.000242723, 0.00621177, -0.00391795, 0.0596896, 0.00887073, -0.255985, -0.321777, -0.175512, 0.689333, -0.704158, 0.612588, 0.382269, 0, 0, 0, 0, 0, 0, 0, 0.479157, -0.0121947, 0.139173, 0.486346, -0.0158237, 0.142576, 0.996195, -3.71201e-12, -0.0871557, -4.46982e-12, -1, -8.49977e-12, -0.0871557, 8.857e-12, -0.996195, 0
18.09, 2025-07-03__00-39-04.372110, -0.0474438, -0.0803079, 0.0345702, -2.29157, -0.0223382, 2.14679, 0.730551, 0.00238909, -0.0271061, 0.00083904, 0.00683654, -0.000702774, 0.055707, 0.0112271, -0.346377, -0.1727, -0.266155, 0.603866, -0.724938, 0.593273, 0.361321, 0, 0, 0, 0, 0, 0, 0, 0.479429, -0.012196, 0.13936, 0.486346, -0.0158237, 0.142576, 0.996195, -3.71201e-12, -0.0871557, -4.46982e-12, -1, -8.49977e-12, -0.0871557, 8.857e-12, -0.996195, 0
18.1, 2025-07-03__00-39-04.382108, -0.0474512, -0.0805311, 0.0345674, -2.29149, -0.0223464, 2.14721, 0.730679, -0.000587906, -0.0212687, 0.000368313, 0.00738989, -0.00114525, 0.0353695, 0.00660336, -0.262203, -0.311446, -0.181389, 0.683597, -0.721596, 0.708823, 0.381867, 0, 0, 0, 0, 0, 0, 0, 0.479663, -0.0122008, 0.139526, 0.486346, -0.0158237, 0.142576, 0.996195, -3.71201e-12, -0.0871557, -4.46982e-12, -1, -8.49977e-12, -0.0871557, 8.857e-12, -0.996195, 0
18.11, 2025-07-03__00-39-04.392108, -0.0474562, -0.080742, 0.034567, -2.29141, -0.0223579, 2.14754, 0.730786, -0.00206112, -0.0217343, -0.000368442, 0.01048, -0.00131257, 0.0283895, 0.00992113, -0.211277, -0.161387, -0.129638, 0.571286, -0.722262, 0.717352, 0.355113, 0, 0, 0, 0, 0, 0, 0, 0.479861, -0.0122093, 0.139684, 0.486346, -0.0158237, 0.142576, 0.996195, -3.71201e-12, -0.0871557, -4.46982e-12, -1, -8.49977e-12, -0.0871557, 8.857e-12, -0.996195, 0
18.12, 2025-07-03__00-39-04.402109, -0.0474559, -0.0809296, 0.0345677, -2.29133, -0.0223673, 2.14778, 0.730886, 0.000290736, -0.0184, 0.00196258, 0.00709709, -0.00162962, 0.0287659, 0.0090955, -0.317085, -0.244701, -0.237265, 0.63968, -0.71853, 0.709176, 0.354382, 0, 0, 0, 0, 0, 0, 0, 0.480027, -0.0122162, 0.139826, 0.486346, -0.0158237, 0.142576, 0.996195, -3.71201e-12, -0.0871557, -4.46982e-12, -1, -8.49977e-12, -0.0871557, 8.857e-12, -0.996195, 0
18.13, 2025-07-03__00-39-04.412109, -0.0474544, -0.0811057, 0.0345646, -2.29123, -0.0223755, 2.14798, 0.730941, 0.000578625, -0.0163474, 0.000205645, 0.00949183, -0.000303228, 0.0170623, 0.00316758, -0.282142, -0.217785, -0.200671, 0.603613, -0.727325, 0.766893, 0.386749, 0, 0, 0, 0, 0, 0, 0, 0.480186, -0.0122183, 0.139966, 0.486346, -0.0158237, 0.142576, 0.996195, -3.71201e-12, -0.0871557, -4.46982e-12, -1, -8.49977e-12, -0.0871557, 8.857e-12, -0.996195, 0
18.14, 2025-07-03__00-39-04.422108, -0.0474552, -0.0812487, 0.0345674, -2.29114, -0.0223867, 2.14816, 0.730991, 4.82399e-05, -0.016298, 0.00030475, 0.0127098, -0.000247778, 0.0220488, 0.00820633, -0.27305, -0.0839028, -0.191267, 0.47559, -0.729139, 0.704828, 0.352812, 0, 0, 0, 0, 0, 0, 0, 0.480321, -0.0122209, 0.140086, 0.486346, -0.0158237, 0.142576, 0.996195, -3.71201e-12, -0.0871557, -4.46982e-12, -1, -8.49977e-12, -0.0871557, 8.857e-12, -0.996195, 0
18.15, 2025-07-03__00-39-04.432111, -0.0474463, -0.0813629, 0.03456, -2.29105, -0.0223907, 2.14831, 0.731046, -0.00466408, -0.011221, -0.00109072, 0.011586, 0.000106678, 0.00995789, 0.0142341, -0.13144, -0.252548, -0.0483027, 0.575548, -0.730681, 0.787342, 0.31286, 0, 0, 0, 0, 0, 0, 0, 0.480447, -0.0122197, 0.140194, 0.486346, -0.0158237, 0.142576, 0.996195, -3.71201e-12, -0.0871557, -4.46982e-12, -1, -8.49977e-12, -0.0871557, 8.857e-12, -0.996195, 0
18.16, 2025-07-03__00-39-04.442108, -0.0474544, -0.0814481, 0.0345677, -2.29095, -0.0224038, 2.14844, 0.731074, -7.94592e-05, -0.00627005, 0.000766906, 0.00889267, -0.00168174, 0.0154748, 0.00309959, -0.275587, -0.40673, -0.194009, 0.659473, -0.716606, 0.754197, 0.379046, 0, 0, 0, 0, 0, 0, 0, 0.480555, -0.0122278, 0.140281, 0.486346, -0.0158237, 0.142576, 0.996195, -3.71201e-12, -0.0871557, -4.46982e-12, -1, -8.49977e-12, -0.0871557, 8.857e-12, -0.996195, 0
18.17, 2025-07-03__00-39-04.452110, -0.0474542, -0.0815108, 0.0345621, -2.29087, -0.0224139, 2.14856, 0.73109, 0.00303637, -0.00627168, -0.0010102, 0.0100705, -0.00226165, 0.0108389, -0.000110589, -0.304473, -0.356927, -0.221559, 0.619467, -0.713248, 0.770642, 0.397619, 0, 0, 0, 0, 0, 0, 0, 0.480656, -0.0122322, 0.140359, 0.486346, -0.0158237, 0.142576, 0.996195, -3.71201e-12, -0.0871557, -4.46982e-12, -1, -8.49977e-12, -0.0871557, 8.857e-12, -0.996195, 0
18.18, 2025-07-03__00-39-04.462110, -0.0474547, -0.0815696, 0.0345638, -2.2908, -0.0224206, 2.14865, 0.731126, -3.29988e-05, -0.00510709, -6.16114e-05, 0.0056286, -0.000405756, 0.0116603, 0.00387393, -0.257184, -0.436367, -0.175038, 0.697833, -0.722899, 0.771614, 0.371104, 0, 0, 0, 0, 0, 0, 0, 0.48074, -0.0122349, 0.140425, 0.486346, -0.0158237, 0.142576, 0.996195, -3.71201e-12, -0.0871557, -4.46982e-12, -1, -8.49977e-12, -0.0871557, 8.857e-12, -0.996195, 0
18.19, 2025-07-03__00-39-04.472109, -0.047454, -0.0815995, 0.0345645, -2.29072, -0.022425, 2.14875, 0.73118, 0.00101693, -0.00290618, -0.000159647, 0.00682722, -0.000145999, 0.0117925, 0.00785638, -0.277039, -0.466569, -0.19478, 0.685334, -0.725248, 0.761711, 0.343814, 0, 0, 0, 0, 0, 0, 0, 0.480819, -0.012237, 0.140481, 0.486346, -0.0158237, 0.142576, 0.996195, -3.71201e-12, -0.0871557, -4.46982e-12, -1, -8.49977e-12, -0.0871557, 8.857e-12, -0.996195, 0
18.2, 2025-07-03__00-39-04.482109, -0.0474576, -0.081616, 0.0345642, -2.29064, -0.0224311, 2.14885, 0.731222, -0.00050346, -0.00015768, -0.000601693, 0.0117569, -0.000865592, 0.00489021, 0.0010859, -0.228534, -0.476219, -0.145622, 0.630232, -0.722055, 0.790801, 0.382369, 0, 0, 0, 0, 0, 0, 0, 0.480902, -0.0122366, 0.140532, 0.486346, -0.0158237, 0.142576, 0.996195, -3.71201e-12, -0.0871557, -4.46982e-12, -1, -8.49977e-12, -0.0871557, 8.857e-12, -0.996195, 0
18.21, 2025-07-03__00-39-04.492108, -0.0474547, -0.0816274, 0.0345621, -2.29058, -0.0224342, 2.14897, 0.731233, 0.0018897, -0.000932403, -0.000824468, 0.00519609, -0.000419707, 0.0149097, 0.000917897, -0.280572, -0.518003, -0.197944, 0.701727, -0.722237, 0.729717, 0.382728, 0, 0, 0, 0, 0, 0, 0, 0.480978, -0.01224, 0.140572, 0.486346, -0.0158237, 0.142576, 0.996195, -3.71201e-12, -0.0871557, -4.46982e-12, -1, -8.49977e-12, -0.0871557, 8.857e-12, -0.996195, 0
18.22, 2025-07-03__00-39-04.502108, -0.0474633, -0.081631, 0.0345611, -2.29053, -0.0224386, 2.14907, 0.731258, -0.000714222, -0.00281693, -0.000398212, 0.00308516, -0.00238525, 0.0076083, 2.66735e-05, -0.230341, -0.491356, -0.148224, 0.721542, -0.709442, 0.774178, 0.386887, 0, 0, 0, 0, 0, 0, 0, 0.48104, -0.0122468, 0.140603, 0.486346, -0.0158237, 0.142576, 0.996195, -3.71201e-12, -0.0871557, -4.46982e-12, -1, -8.49977e-12, -0.0871557, 8.857e-12, -0.996195, 0
18.23, 2025-07-03__00-39-04.512108, -0.0474579, -0.0816373, 0.0345627, -2.29049, -0.0224455, 2.14917, 0.731288, 0.00113145, -0.00168472, 0.000606513, 0.00671887, -0.000605086, 0.0177846, 0.000643345, -0.295572, -0.435334, -0.213973, 0.623504, -0.72174, 0.687037, 0.381145, 0, 0, 0, 0, 0, 0, 0, 0.481096, -0.0122435, 0.140628, 0.486346, -0.0158237, 0.142576, 0.996195, -3.71201e-12, -0.0871557, -4.46982e-12, -1, -8.49977e-12, -0.0871557, 8.857e-12, -0.996195, 0
18.24, 2025-07-03__00-39-04.522108, -0.0474598, -0.0816268, 0.0345627, -2.29047, -0.0224496, 2.14926, 0.731316, 0.00393118, 0.000755748, -9.67917e-05, 0.00369801, -0.000402984, 0.0126851, 0.00174334, -0.341001, -0.580079, -0.259252, 0.73599, -0.721538, 0.729848, 0.373226, 0, 0, 0, 0, 0, 0, 0, 0.481137, -0.0122407, 0.14064, 0.486346, -0.0158237, 0.142576, 0.996195, -3.71201e-12, -0.0871557, -4.46982e-12, -1, -8.49977e-12, -0.0871557, 8.857e-12, -0.996195, 0
18.25, 2025-07-03__00-39-04.532108, -0.0474559, -0.0816215, 0.0345674, -2.29044, -0.0224562, 2.14932, 0.731337, 0.000189628, 0.000768345, 0.000409247, 0.000113348, 0.00419164, 0.00467132, 0.00592352, -0.269908, -0.653996, -0.188625, 0.823252, -0.74891, 0.791326, 0.346506, 0, 0, 0, 0, 0, 0, 0, 0.481171, -0.0122425, 0.140651, 0.486346, -0.0158237, 0.142576, 0.996195, -3.71201e-12, -0.0871557, -4.46982e-12, -1, -8.49977e-12, -0.0871557, 8.857e-12, -0.996195, 0
18.26, 2025-07-03__00-39-04.542108, -0.0474555, -0.0816268, 0.0345649, -2.29044, -0.0224632, 2.14938, 0.731349, 0.00304425, -0.00144352, -3.27905e-05, 9.11244e-05, -0.00130884, 0.0116226, 0.00122738, -0.326079, -0.556937, -0.244806, 0.765738, -0.714193, 0.734396, 0.374595, 0, 0, 0, 0, 0, 0, 0, 0.481194, -0.0122468, 0.140659, 0.486346, -0.0158237, 0.142576, 0.996195, -3.71201e-12, -0.0871557, -4.46982e-12, -1, -8.49977e-12, -0.0871557, 8.857e-12, -0.996195, 0
18.27, 2025-07-03__00-39-04.552110, -0.0474611, -0.081627, 0.0345619, -2.29044, -0.0224682, 2.14943, 0.731366, 0.00148076, 0.000142729, -0.000913034, 0.000205182, -0.00123548, 0.00306864, 0.00603028, -0.266824, -0.630024, -0.184882, 0.813564, -0.714598, 0.793003, 0.344611, 0, 0, 0, 0, 0, 0, 0, 0.481217, -0.0122512, 0.140668, 0.486346, -0.0158237, 0.142576, 0.996195, -3.71201e-12, -0.0871557, -4.46982e-12, -1, -8.49977e-12, -0.0871557, 8.857e-12, -0.996195, 0
18.28, 2025-07-03__00-39-04.562110, -0.0474639, -0.0816272, 0.0345626, -2.29043, -0.0224686, 2.14946, 0.731385, -0.000782574, 0.000934158, 0.000293695, -0.00121475, -0.00019714, 0.00609714, 0.000629232, -0.242791, -0.673535, -0.161748, 0.842783, -0.719946, 0.776001, 0.376094, 0, 0, 0, 0, 0, 0, 0, 0.481232, -0.012251, 0.140673, 0.486346, -0.0158237, 0.142576, 0.996195, -3.71201e-12, -0.0871557, -4.46982e-12, -1, -8.49977e-12, -0.0871557, 8.857e-12, -0.996195, 0
18.29, 2025-07-03__00-39-04.572108, -0.047464, -0.0816236, 0.0345627, -2.29042, -0.0224713, 2.14951, 0.731398, -0.000336551, 0.00012821, 1.19768e-05, -0.00053229, 8.23658e-05, 0.00404998, 0.00160261, -0.246687, -0.635995, -0.165474, 0.818599, -0.722194, 0.782634, 0.369465, 0, 0, 0, 0, 0, 0, 0, 0.48125, -0.0122509, 0.140676, 0.486346, -0.0158237, 0.142576, 0.996195, -3.71201e-12, -0.0871557, -4.46982e-12, -1, -8.49977e-12, -0.0871557, 8.857e-12, -0.996195, 0
18.3, 2025-07-03__00-39-04.582109, -0.0474636, -0.0816247, 0.0345646, -2.29042, -0.0224767, 2.14955, 0.731421, -0.0014362, -0.000404869, 0.000303645, 0.000810378, -0.00198762, 0.00356628, 0.00104917, -0.228904, -0.59516, -0.147946, 0.783295, -0.709613, 0.777997, 0.371572, 0, 0, 0, 0, 0, 0, 0, 0.481262, -0.0122536, 0.140675, 0.486346, -0.0158237, 0.142576, 0.996195, -3.71201e-12, -0.0871557, -4.46982e-12, -1, -8.49977e-12, -0.0871557, 8.857e-12, -0.996195, 0
18.31, 2025-07-03__00-39-04.592110, -0.0474665, -0.0816247, 0.0345627, -2.29043, -0.0224751, 2.14959, 0.73143, -0.00212434, 0.000219937, 0.000730081, -0.00141094, 7.55088e-05, 0.000993908, 0.00102034, -0.221926, -0.660508, -0.141351, 0.846331, -0.721595, 0.801442, 0.371206, 0, 0, 0, 0, 0, 0, 0, 0.481282, -0.0122542, 0.140684, 0.486346, -0.0158237, 0.142576, 0.996195, -3.71201e-12, -0.0871557, -4.46982e-12, -1, -8.49977e-12, -0.0871557, 8.857e-12, -0.996195, 0
18.32, 2025-07-03__00-39-04.602108, -0.047464, -0.0816218, 0.03456, -2.29041, -0.022479, 2.14963, 0.731443, 0.00055696, 0.00101483, -0.000945459, 0.0011396, -0.000441306, 0.0100201, 0.000323852, -0.244033, -0.623068, -0.162174, 0.77602, -0.71906, 0.729818, 0.374515, 0, 0, 0, 0, 0, 0, 0, 0.481296, -0.0122529, 0.140685, 0.486346, -0.0158237, 0.142576, 0.996195, -3.71201e-12, -0.0871557, -4.46982e-12, -1, -8.49977e-12, -0.0871557, 8.857e-12, -0.996195, 0
18.33, 2025-07-03__00-39-04.612111, -0.0474665, -0.0816268, 0.0345572, -2.29042, -0.0224813, 2.14967, 0.731454, -0.000466593, -0.000922552, -0.00187726, -0.000872953, 0.00044289, 0.00963754, -0.000882996, -0.200514, -0.588767, -0.118138, 0.784597, -0.723828, 0.732098, 0.381052, 0, 0, 0, 0, 0, 0, 0, 0.481306, -0.0122528, 0.140687, 0.486346, -0.0158237, 0.142576, 0.996195, -3.71201e-12, -0.0871557, -4.46982e-12, -1, -8.49977e-12, -0.0871557, 8.857e-12, -0.996195, 0
18.34, 2025-07-03__00-39-04.622110, -0.0474612, -0.0816302, 0.0345642, -2.29041, -0.022483, 2.14968, 0.731479, 0.000274849, -0.0022955, -0.00043389, 0.00256493, 5.14376e-05, 0.00191463, 0.00237336, -0.252177, -0.494107, -0.170815, 0.713419, -0.723579, 0.770609, 0.360097, 0, 0, 0, 0, 0, 0, 0, 0.481314, -0.0122539, 0.14069, 0.486346, -0.0158237, 0.142576, 0.996195, -3.71201e-12, -0.0871557, -4.46982e-12, -1, -8.49977e-12, -0.0871557, 8.857e-12, -0.996195, 0
18.35, 2025-07-03__00-39-04.632111, -0.0474612, -0.0816224, 0.0345649, -2.29042, -0.0224836, 2.1497, 0.731491, -0.000533715, 0.000887104, -0.000569937, -0.000746263, 5.62579e-05, 0.000651579, 0.00236888, -0.229358, -0.669987, -0.148082, 0.839876, -0.721584, 0.79532, 0.359564, 0, 0, 0, 0, 0, 0, 0, 0.481321, -0.0122522, 0.140691, 0.486346, -0.0158237, 0.142576, 0.996195, -3.71201e-12, -0.0871557, -4.46982e-12, -1, -8.49977e-12, -0.0871557, 8.857e-12, -0.996195, 0
18.36, 2025-07-03__00-39-04.642108, -0.0474642, -0.0816219, 0.0345649, -2.29042, -0.0224872, 2.14972, 0.731498, -0.00443584, 0.00108666, -0.000173469, -0.000804156, 0.000204075, 0.0061801, 0.00324353, -0.149604, -0.668383, -0.0684816, 0.826157, -0.722003, 0.756698, 0.353519, 0, 0, 0, 0, 0, 0, 0, 0.481327, -0.0122555, 0.140691, 0.486346, -0.0158237, 0.142576, 0.996195, -3.71201e-12, -0.0871557, -4.46982e-12, -1, -8.49977e-12, -0.0871557, 8.857e-12, -0.996195, 0
18.37, 2025-07-03__00-39-04.652110, -0.0474605, -0.0816272, 0.0345649, -2.29041, -0.0224886, 2.14974, 0.731507, 0.000543025, 9.10284e-05, 0.000498584, 0.00112115, -0.000246074, 0.00341148, 0.00131035, -0.27847, -0.598727, -0.197952, 0.777005, -0.720382, 0.765647, 0.365075, 0, 0, 0, 0, 0, 0, 0, 0.481335, -0.0122545, 0.140695, 0.486346, -0.0158237, 0.142576, 0.996195, -3.71201e-12, -0.0871557, -4.46982e-12, -1, -8.49977e-12, -0.0871557, 8.857e-12, -0.996195, 0
18.38, 2025-07-03__00-39-04.662110, -0.047464, -0.0816247, 0.0345649, -2.29041, -0.0224916, 2.14976, 0.73151, -0.000862317, 0.00268936, 0.000347501, 0.0026534, -0.000120954, 0.00425797, 0.00141655, -0.240345, -0.665272, -0.159521, 0.786203, -0.721078, 0.759473, 0.364153, 0, 0, 0, 0, 0, 0, 0, 0.481347, -0.0122557, 0.140699, 0.486346, -0.0158237, 0.142576, 0.996195, -3.71201e-12, -0.0871557, -4.46982e-12, -1, -8.49977e-12, -0.0871557, 8.857e-12, -0.996195, 0
18.39, 2025-07-03__00-39-04.672110, -0.047461, -0.0816247, 0.0345642, -2.29041, -0.0224927, 2.14978, 0.731521, 0.000260515, 0.000337997, -0.00484687, -8.99395e-06, 0.000127527, 0.000300527, -0.000974528, -0.150681, -0.636942, -0.0664475, 0.810894, -0.721822, 0.788797, 0.377897, 0, 0, 0, 0, 0, 0, 0, 0.481354, -0.0122556, 0.1407, 0.486346, -0.0158237, 0.142576, 0.996195, -3.71201e-12, -0.0871557, -4.46982e-12, -1, -8.49977e-12, -0.0871557, 8.857e-12, -0.996195, 0
18.4, 2025-07-03__00-39-04.682112, -0.0474683, -0.0816249, 0.0345596, -2.29041, -0.0224966, 2.1498, 0.731536, -0.00161389, 0.000140119, -0.00208339, 0.000220509, -0.000239985, 0.00266933, 0.00155583, -0.168245, -0.619859, -0.0859557, 0.795516, -0.719546, 0.769866, 0.361704, 0, 0, 0, 0, 0, 0, 0, 0.481357, -0.0122566, 0.140701, 0.486346, -0.0158237, 0.142576, 0.996195, -3.71201e-12, -0.0871557, -4.46982e-12, -1, -8.49977e-12, -0.0871557, 8.857e-12, -0.996195, 0
18.41, 2025-07-03__00-39-04.692113, -0.047469, -0.0816249, 0.0345614, -2.29041, -0.0224975, 2.14982, 0.731545, -0.00123061, -0.00040878, -0.000692023, -0.000817757, 8.04207e-05, 0.00354488, 0.00109314, -0.209399, -0.613981, -0.128242, 0.80441, -0.7212, 0.764349, 0.364073, 0, 0, 0, 0, 0, 0, 0, 0.481367, -0.0122573, 0.140701, 0.486346, -0.0158237, 0.142576, 0.996195, -3.71201e-12, -0.0871557, -4.46982e-12, -1, -8.49977e-12, -0.0871557, 8.857e-12, -0.996195, 0
18.42, 2025-07-03__00-39-04.702114, -0.0474675, -0.0816256, 0.0345649, -2.29041, -0.0224943, 2.14984, 0.731548, -0.000712148, -6.8798e-05, 3.08251e-05, -0.000332552, 0.000226264, 0.00277492, -5.09022e-05, -0.23835, -0.617945, -0.157703, 0.802155, -0.722474, 0.767455, 0.370924, 0, 0, 0, 0, 0, 0, 0, 0.481375, -0.0122585, 0.140704, 0.486346, -0.0158237, 0.142576, 0.996195, -3.71201e-12, -0.0871557, -4.46982e-12, -1, -8.49977e-12, -0.0871557, 8.857e-12, -0.996195, 0
18.43, 2025-07-03__00-39-04.712113, -0.0474633, -0.0816227, 0.0345641, -2.2904, -0.022497, 2.14985, 0.731556, 0.00135545, 0.000563224, -0.000537635, -6e-05, -0.000225776, -0.000513003, -0.00147947, -0.272292, -0.641023, -0.191333, 0.81588, -0.719596, 0.789611, 0.379305, 0, 0, 0, 0, 0, 0, 0, 0.481383, -0.0122586, 0.140708, 0.486346, -0.0158237, 0.142576, 0.996195, -3.71201e-12, -0.0871557, -4.46982e-12, -1, -8.49977e-12, -0.0871557, 8.857e-12, -0.996195, 0
18.44, 2025-07-03__00-39-04.722114, -0.0474661, -0.0816221, 0.0345649, -2.2904, -0.0225007, 2.14986, 0.731571, -0.000739443, 0.000877899, 0.00065499, -9.89771e-05, 3.12637e-05, 0.000954101, 0.00134718, -0.251163, -0.650213, -0.171036, 0.816939, -0.721048, 0.779619, 0.36122, 0, 0, 0, 0, 0, 0, 0, 0.481387, -0.0122577, 0.140708, 0.486346, -0.0158237, 0.142576, 0.996195, -3.71201e-12, -0.0871557, -4.46982e-12, -1, -8.49977e-12, -0.0871557, 8.857e-12, -0.996195, 0
18.45, 2025-07-03__00-39-04.732113, -0.0474669, -0.0816274, 0.0345646, -2.29041, -0.022503, 2.14988, 0.731578, -0.000595887, 0.000183661, 0.000137433, 0.000442845, -0.000217537, 0.000895732, 0.00249383, -0.242787, -0.616188, -0.162306, 0.795028, -0.719812, 0.775704, 0.353872, 0, 0, 0, 0, 0, 0, 0, 0.48139, -0.0122589, 0.14071, 0.486346, -0.0158237, 0.142576, 0.996195, -3.71201e-12, -0.0871557, -4.46982e-12, -1, -8.49977e-12, -0.0871557, 8.857e-12, -0.996195, 0
18.46, 2025-07-03__00-39-04.742116, -0.0474674, -0.0816279, 0.034562, -2.2904, -0.0225023, 2.1499, 0.731587, -0.000538479, -0.000776549, -0.000142956, 0.000409058, 5.80841e-05, 0.00530787, 0.00152763, -0.238047, -0.570964, -0.157372, 0.763308, -0.721638, 0.741723, 0.359032, 0, 0, 0, 0, 0, 0, 0, 0.481398, -0.0122636, 0.140712, 0.486346, -0.0158237, 0.142576, 0.996195, -3.71201e-12, -0.0871557, -4.46982e-12, -1, -8.49977e-12, -0.0871557, 8.857e-12, -0.996195, 0
18.47, 2025-07-03__00-39-04.752114, -0.047465, -0.0816303, 0.0345677, -2.2904, -0.0225023, 2.14991, 0.731589, 7.04369e-05, -0.000426721, 0.000499226, 0.000284637, 0.000266085, 0.0045932, 0.00122956, -0.268002, -0.584935, -0.187846, 0.773379, -0.722868, 0.746953, 0.360801, 0, 0, 0, 0, 0, 0, 0, 0.481405, -0.0122605, 0.140715, 0.486346, -0.0158237, 0.142576, 0.996195, -3.71201e-12, -0.0871557, -4.46982e-12, -1, -8.49977e-12, -0.0871557, 8.857e-12, -0.996195, 0
18.48, 2025-07-03__00-39-04.762115, -0.0474653, -0.0816275, 0.0345621, -2.2904, -0.0225071, 2.14992, 0.731601, -0.00100461, -0.000136907, -0.000394149, -0.000163949, -0.000139015, 0.000454335, 0.0022487, -0.221589, -0.613782, -0.140825, 0.799694, -0.719927, 0.776933, 0.353967, 0, 0, 0, 0, 0, 0, 0, 0.481408, -0.0122613, 0.140714, 0.486346, -0.0158237, 0.142576, 0.996195, -3.71201e-12, -0.0871557, -4.46982e-12, -1, -8.49977e-12, -0.0871557, 8.857e-12, -0.996195, 0
18.49, 2025-07-03__00-39-04.772115, -0.0474697, -0.0816331, 0.0345625, -2.2904, -0.022507, 2.14993, 0.731597, -0.00144674, -0.00103472, 0.000255781, 0.000613291, 6.57438e-05, -0.000198312, -0.0010411, -0.22606, -0.567884, -0.145704, 0.769784, -0.721489, 0.776425, 0.374114, 0, 0, 0, 0, 0, 0, 0, 0.481413, -0.0122603, 0.140717, 0.486346, -0.0158237, 0.142576, 0.996195, -3.71201e-12, -0.0871557, -4.46982e-12, -1, -8.49977e-12, -0.0871557, 8.857e-12, -0.996195, 0
18.5, 2025-07-03__00-39-04.782115, -0.0474643, -0.0816279, 0.0345642, -2.2904, -0.0225121, 2.14995, 0.731606, -0.000443467, -0.000266566, 0.000640325, -5.55419e-05, -0.00489818, 0.00164667, -0.000611549, -0.258528, -0.603699, -0.178694, 0.793196, -0.689797, 0.765903, 0.371427, 0, 0, 0, 0, 0, 0, 0, 0.481419, -0.0122607, 0.140717, 0.486346, -0.0158237, 0.142576, 0.996195, -3.71201e-12, -0.0871557, -4.46982e-12, -1, -8.49977e-12, -0.0871557, 8.857e-12, -0.996195, 0
18.51, 2025-07-03__00-39-04.792115, -0.0474697, -0.0816304, 0.034562, -2.2904, -0.0225116, 2.14996, 0.731621, -0.00062435, -0.000995826, 5.9054e-05, -0.000368352, -0.000469741, 0.000469094, -0.000764727, -0.240231, -0.584108, -0.159941, 0.788102, -0.717592, 0.772825, 0.37116, 0, 0, 0, 0, 0, 0, 0, 0.481423, -0.0122614, 0.140717, 0.486346, -0.0158237, 0.142576, 0.996195, -3.71201e-12, -0.0871557, -4.46982e-12, -1, -8.49977e-12, -0.0871557, 8.857e-12, -0.996195, 0
18.52, 2025-07-03__00-39-04.802112, -0.0474697, -0.0816251, 0.0345627, -2.2904, -0.0225072, 2.14998, 0.731634, -0.000368911, 0.000140819, -0.000861295, -0.000266802, 0.00011412, 3.40882e-05, 0.00203099, -0.224303, -0.625506, -0.143338, 0.806068, -0.721567, 0.776658, 0.353399, 0, 0, 0, 0, 0, 0, 0, 0.481426, -0.0122602, 0.140717, 0.486346, -0.0158237, 0.142576, 0.996195, -3.71201e-12, -0.0871557, -4.46982e-12, -1, -8.49977e-12, -0.0871557, 8.857e-12, -0.996195, 0
18.53, 2025-07-03__00-39-04.812113, -0.047465, -0.081625, 0.0345642, -2.2904, -0.0225132, 2.15, 0.731648, -0.000662803, 0.00150972, 0.000102605, 7.17535e-05, -0.000355963, 0.00606447, 0.00172203, -0.240277, -0.654807, -0.16001, 0.803545, -0.718092, 0.735559, 0.354436, 0, 0, 0, 0, 0, 0, 0, 0.481438, -0.0122634, 0.140723, 0.486346, -0.0158237, 0.142576, 0.996195, -3.71201e-12, -0.0871557, -4.46982e-12, -1, -8.49977e-12, -0.0871557, 8.857e-12, -0.996195, 0
18.54, 2025-07-03__00-39-04.822115, -0.0474669, -0.0816304, 0.0345639, -2.2904, -0.0225126, 2.15001, 0.731651, -0.00333739, -0.00114023, 0.000295466, -1.84861e-06, 8.2491e-05, 0.00126906, -0.00485247, -0.185599, -0.571551, -0.10546, 0.773587, -0.720885, 0.762723, 0.393994, 0, 0, 0, 0, 0, 0, 0, 0.48144, -0.0122636, 0.140721, 0.486346, -0.0158237, 0.142576, 0.996195, -3.71201e-12, -0.0871557, -4.46982e-12, -1, -8.49977e-12, -0.0871557, 8.857e-12, -0.996195, 0
18.55, 2025-07-03__00-39-04.832112, -0.047464, -0.0816276, 0.0345621, -2.2904, -0.0225132, 2.15002, 0.731659, -0.000696362, -3.67466e-05, -0.000364519, -0.000576915, -0.00144074, 0.000880847, 2.11005e-05, -0.229601, -0.620821, -0.149142, 0.805894, -0.711335, 0.768584, 0.364252, 0, 0, 0, 0, 0, 0, 0, 0.481449, -0.012261, 0.140725, 0.486346, -0.0158237, 0.142576, 0.996195, -3.71201e-12, -0.0871557, -4.46982e-12, -1, -8.49977e-12, -0.0871557, 8.857e-12, -0.996195, 0
18.56, 2025-07-03__00-39-04.842112, -0.0474616, -0.0816279, 0.0345677, -2.2904, -0.0225119, 2.15003, 0.731676, 0.000944472, -0.000143893, 0.000909365, -0.000396361, 0.000165107, 0.00283054, 0.00075001, -0.297569, -0.607045, -0.218116, 0.794199, -0.721757, 0.753477, 0.35887, 0, 0, 0, 0, 0, 0, 0, 0.481452, -0.012261, 0.140725, 0.486346, -0.0158237, 0.142576, 0.996195, -3.71201e-12, -0.0871557, -4.46982e-12, -1, -8.49977e-12, -0.0871557, 8.857e-12, -0.996195, 0
18.57, 2025-07-03__00-39-04.852115, -0.0474672, -0.0816269, 0.0345677, -2.2904, -0.0225165, 2.15004, 0.731681, -0.00716302, -0.000204903, 0.00181063, -0.00733117, -1.74631e-05, -3.2882e-05, 0.000128559, -0.134731, -0.731973, -0.0561463, 0.940548, -0.71711, 0.794058, 0.36221, 0, 0, 0, 0, 0, 0, 0, 0.48145, -0.0122617, 0.14072, 0.486346, -0.0158237, 0.142576, 0.996195, -3.71201e-12, -0.0871557, -4.46982e-12, -1, -8.49977e-12, -0.0871557, 8.857e-12, -0.996195, 0
18.58, 2025-07-03__00-39-04.862114, -0.0474642, -0.0816271, 0.0345648, -2.2904, -0.0225148, 2.15005, 0.731685, -0.000816893, 1.14807e-07, 0.00100308, 0.000466123, 0.000356601, 0.00031604, -0.000283861, -0.258183, -0.60408, -0.1787, 0.785889, -0.723064, 0.767276, 0.36456, 0, 0, 0, 0, 0, 0, 0, 0.481458, -0.0122619, 0.140725, 0.486346, -0.0158237, 0.142576, 0.996195, -3.71201e-12, -0.0871557, -4.46982e-12, -1, -8.49977e-12, -0.0871557, 8.857e-12, -0.996195, 0
18.59, 2025-07-03__00-39-04.872114, -0.0474644, -0.0816251, 0.0345649, -2.29039, -0.0225167, 2.15006, 0.7317, 0.00124495, 0.000439104, 0.000240576, 0.000628113, 0.000131359, 0.000817882, 0.0013039, -0.287059, -0.613801, -0.20714, 0.786691, -0.721792, 0.763174, 0.354142, 0, 0, 0, 0, 0, 0, 0, 0.481462, -0.0122647, 0.140727, 0.486346, -0.0158237, 0.142576, 0.996195, -3.71201e-12, -0.0871557, -4.46982e-12, -1, -8.49977e-12, -0.0871557, 8.857e-12, -0.996195, 0
18.6, 2025-07-03__00-39-04.882112, -0.0474644, -0.0816304, 0.0345648, -2.29039, -0.0225167, 2.15007, 0.731698, 0.000696932, -0.00119548, 0.000139129, 0.000875654, -2.94586e-05, -0.000137948, -0.000858645, -0.273522, -0.551922, -0.193528, 0.756053, -0.721042, 0.764825, 0.367324, 0, 0, 0, 0, 0, 0, 0, 0.481462, -0.0122635, 0.140727, 0.486346, -0.0158237, 0.142576, 0.996195, -3.71201e-12, -0.0871557, -4.46982e-12, -1, -8.49977e-12, -0.0871557, 8.857e-12, -0.996195, 0
18.61, 2025-07-03__00-39-04.892114, -0.0474672, -0.0816306, 0.0345648, -2.2904, -0.0225174, 2.15007, 0.731708, 0.001616, -0.00416334, 0.000470925, -0.00065636, -9.38689e-05, -7.93025e-05, -0.000872116, -0.303582, -0.472573, -0.22409, 0.739625, -0.720501, 0.762971, 0.366866, 0, 0, 0, 0, 0, 0, 0, 0.481462, -0.0122652, 0.140726, 0.486346, -0.0158237, 0.142576, 0.996195, -3.71201e-12, -0.0871557, -4.46982e-12, -1, -8.49977e-12, -0.0871557, 8.857e-12, -0.996195, 0
18.62, 2025-07-03__00-39-04.902114, -0.0474704, -0.0816278, 0.0345666, -2.2904, -0.0225174, 2.15008, 0.731717, -0.00085433, 0.00170946, 0.000908699, -0.00150462, -8.14917e-05, 0.0015949, 0.00207268, -0.253343, -0.694221, -0.174017, 0.849412, -0.719276, 0.76597, 0.348505, 0, 0, 0, 0, 0, 0, 0, 0.48147, -0.0122639, 0.140731, 0.486346, -0.0158237, 0.142576, 0.996195, -3.71201e-12, -0.0871557, -4.46982e-12, -1, -8.49977e-12, -0.0871557, 8.857e-12, -0.996195, 0
18.63, 2025-07-03__00-39-04.912113, -0.0474676, -0.0816279, 0.0345593, -2.2904, -0.022518, 2.15009, 0.731715, 0.000622787, -3.78336e-05, -0.00102459, -0.000889915, -0.000377348, 0.000875727, 0.00193335, -0.242956, -0.623491, -0.16225, 0.809534, -0.718008, 0.764675, 0.349438, 0, 0, 0, 0, 0, 0, 0, 0.481473, -0.0122647, 0.140731, 0.486346, -0.0158237, 0.142576, 0.996195, -3.71201e-12, -0.0871557, -4.46982e-12, -1, -8.49977e-12, -0.0871557, 8.857e-12, -0.996195, 0
18.64, 2025-07-03__00-39-04.922115, -0.0474729, -0.0816279, 0.0345638, -2.29039, -0.0225214, 2.15008, 0.731716, -0.00120221, 0.000130788, 0.000325066, -0.000330803, 2.67117e-05, -0.000244897, -0.000244027, -0.231852, -0.621337, -0.152054, 0.802621, -0.720409, 0.771534, 0.362545, 0, 0, 0, 0, 0, 0, 0, 0.481474, -0.012269, 0.140732, 0.486346, -0.0158237, 0.142576, 0.996195, -3.71201e-12, -0.0871557, -4.46982e-12, -1, -8.49977e-12, -0.0871557, 8.857e-12, -0.996195, 0
18.65, 2025-07-03__00-39-04.932114, -0.0474704, -0.0816304, 0.0345654, -2.2904, -0.0225212, 2.15009, 0.731727, -0.000291988, -0.00121346, 0.000509747, -0.00120414, -0.000357297, 3.83204e-05, 0.000427174, -0.258678, -0.58731, -0.179195, 0.798672, -0.717984, 0.768832, 0.357922, 0, 0, 0, 0, 0, 0, 0, 0.481473, -0.0122625, 0.140729, 0.486346, -0.0158237, 0.142576, 0.996195, -3.71201e-12, -0.0871557, -4.46982e-12, -1, -8.49977e-12, -0.0871557, 8.857e-12, -0.996195, 0
18.66, 2025-07-03__00-39-04.942114, -0.0474704, -0.0816279, 0.0345669, -2.29039, -0.0225214, 2.1501, 0.731731, 0.000179471, 0.00039631, 0.000888391, 0.000943391, 0.000213012, -0.000385626, -7.84104e-06, -0.276641, -0.607864, -0.197271, 0.781472, -0.722178, 0.767668, 0.36029, 0, 0, 0, 0, 0, 0, 0, 0.481477, -0.0122674, 0.140731, 0.486346, -0.0158237, 0.142576, 0.996195, -3.71201e-12, -0.0871557, -4.46982e-12, -1, -8.49977e-12, -0.0871557, 8.857e-12, -0.996195, 0
18.67, 2025-07-03__00-39-04.952116, -0.0474704, -0.0816281, 0.0345591, -2.29039, -0.0225222, 2.1501, 0.731731, 0.000366027, -0.000462017, -0.000805568, 0.000453679, 5.79702e-05, 0.00128876, 0.00165692, -0.241422, -0.583005, -0.160842, 0.771464, -0.721162, 0.755859, 0.350084, 0, 0, 0, 0, 0, 0, 0, 0.481471, -0.0122688, 0.140726, 0.486346, -0.0158237, 0.142576, 0.996195, -3.71201e-12, -0.0871557, -4.46982e-12, -1, -8.49977e-12, -0.0871557, 8.857e-12, -0.996195, 0
18.68, 2025-07-03__00-39-04.962116, -0.0474676, -0.0816253, 0.034562, -2.29039, -0.0225228, 2.15011, 0.731742, 0.000410713, 0.000356293, -0.000510479, 0.000495277, -0.000239188, 0.000516701, -0.000209302, -0.249854, -0.613619, -0.169539, 0.787075, -0.719102, 0.762168, 0.360852, 0, 0, 0, 0, 0, 0, 0, 0.481475, -0.0122663, 0.140728, 0.486346, -0.0158237, 0.142576, 0.996195, -3.71201e-12, -0.0871557, -4.46982e-12, -1, -8.49977e-12, -0.0871557, 8.857e-12, -0.996195, 0
18.69, 2025-07-03__00-39-04.972113, -0.0474729, -0.0816325, 0.0345655, -2.29039, -0.0225227, 2.15011, 0.731746, -0.00102518, -0.00125802, 0.00117238, -0.00025713, 0.000155332, 0.000189139, 0.000921475, -0.25634, -0.566558, -0.177289, 0.775082, -0.721619, 0.7631, 0.353743, 0, 0, 0, 0, 0, 0, 0, 0.48148, -0.0122684, 0.140731, 0.486346, -0.0158237, 0.142576, 0.996195, -3.71201e-12, -0.0871557, -4.46982e-12, -1, -8.49977e-12, -0.0871557, 8.857e-12, -0.996195, 0
18.7, 2025-07-03__00-39-04.982114, -0.0474704, -0.0816314, 0.0345618, -2.29039, -0.0225234, 2.15012, 0.731747, -0.000448043, -0.000255356, -0.00030337, -0.000101207, 0.000433063, -0.00021827, -0.000411874, -0.235017, -0.601296, -0.15487, 0.789399, -0.723098, 0.767002, 0.361704, 0, 0, 0, 0, 0, 0, 0, 0.481476, -0.012266, 0.140729, 0.486346, -0.0158237, 0.142576, 0.996195, -3.71201e-12, -0.0871557, -4.46982e-12, -1, -8.49977e-12, -0.0871557, 8.857e-12, -0.996195, 0
18.71, 2025-07-03__00-39-04.992114, -0.0474732, -0.0816339, 0.034567, -2.29039, -0.0225215, 2.15012, 0.731753, -0.000731691, -0.00169779, 0.00159558, 0.000674592, 0.000180751, 9.4851e-05, 0.000751887, -0.272949, -0.534276, -0.194186, 0.748805, -0.722362, 0.759212, 0.354368, 0, 0, 0, 0, 0, 0, 0, 0.481484, -0.0122693, 0.140732, 0.486346, -0.0158237, 0.142576, 0.996195, -3.71201e-12, -0.0871557, -4.46982e-12, -1, -8.49977e-12, -0.0871557, 8.857e-12, -0.996195, 0
18.72, 2025-07-03__00-39-05.002115, -0.0474651, -0.0816286, 0.0345618, -2.29039, -0.0225229, 2.15012, 0.731758, 0.00370108, 0.000456006, 0.000220487, 0.00156718, 0.00022288, -5.7201e-05, 0.00114332, -0.340952, -0.596094, -0.261244, 0.768651, -0.722772, 0.762002, 0.351923, 0, 0, 0, 0, 0, 0, 0, 0.481479, -0.0122674, 0.140729, 0.486346, -0.0158237, 0.142576, 0.996195, -3.71201e-12, -0.0871557, -4.46982e-12, -1, -8.49977e-12, -0.0871557, 8.857e-12, -0.996195, 0
18.73, 2025-07-03__00-39-05.012115, -0.0474707, -0.0816279, 0.034562, -2.29039, -0.0225249, 2.15013, 0.731753, 0.0009821, 0.000354443, 0.000833172, 0.000884437, 0.000643935, 0.000487734, -0.000958532, -0.292514, -0.604182, -0.213184, 0.778345, -0.724739, 0.759656, 0.364818, 0, 0, 0, 0, 0, 0, 0, 0.481483, -0.0122709, 0.140732, 0.486346, -0.0158237, 0.142576, 0.996195, -3.71201e-12, -0.0871557, -4.46982e-12, -1, -8.49977e-12, -0.0871557, 8.857e-12, -0.996195, 0
18.74, 2025-07-03__00-39-05.022114, -0.0474711, -0.0816282, 0.0345655, -2.29039, -0.022527, 2.15013, 0.731758, 8.3029e-05, 0.000613964, 0.00134761, 0.000152864, -0.000231347, -4.04437e-05, -0.00119957, -0.284445, -0.627043, -0.205569, 0.799371, -0.718769, 0.76608, 0.366072, 0, 0, 0, 0, 0, 0, 0, 0.481487, -0.0122709, 0.140733, 0.486346, -0.0158237, 0.142576, 0.996195, -3.71201e-12, -0.0871557, -4.46982e-12, -1, -8.49977e-12, -0.0871557, 8.857e-12, -0.996195, 0
18.75, 2025-07-03__00-39-05.032114, -0.047475, -0.0816251, 0.0345645, -2.29039, -0.0225263, 2.15013, 0.731766, -0.0011794, 0.000600915, 0.000903487, 0.000452686, 3.29785e-05, -0.000491541, 0.000844635, -0.244471, -0.624774, -0.165224, 0.794398, -0.720709, 0.768389, 0.353116, 0, 0, 0, 0, 0, 0, 0, 0.481482, -0.0122687, 0.140729, 0.486346, -0.0158237, 0.142576, 0.996195, -3.71201e-12, -0.0871557, -4.46982e-12, -1, -8.49977e-12, -0.0871557, 8.857e-12, -0.996195, 0
18.76, 2025-07-03__00-39-05.042113, -0.0474739, -0.0816279, 0.0345627, -2.29039, -0.022527, 2.15013, 0.731771, -0.0012436, 0.000707862, -0.000255793, -0.00127034, -0.000134436, -0.000239586, 0.000464775, -0.216943, -0.656726, -0.136981, 0.82952, -0.718837, 0.772156, 0.355105, 0, 0, 0, 0, 0, 0, 0, 0.481488, -0.0122676, 0.140735, 0.486346, -0.0158237, 0.142576, 0.996195, -3.71201e-12, -0.0871557, -4.46982e-12, -1, -8.49977e-12, -0.0871557, 8.857e-12, -0.996195, 0
18.77, 2025-07-03__00-39-05.052116, -0.0474676, -0.0816304, 0.0345611, -2.29039, -0.0225264, 2.15014, 0.731772, 0.000926243, 5.04655e-05, -0.00128827, 3.80278e-05, 0.000200657, 0.000442028, -0.000838234, -0.244035, -0.608063, -0.163312, 0.789347, -0.721616, 0.761286, 0.362908, 0, 0, 0, 0, 0, 0, 0, 0.481492, -0.0122667, 0.140737, 0.486346, -0.0158237, 0.142576, 0.996195, -3.71201e-12, -0.0871557, -4.46982e-12, -1, -8.49977e-12, -0.0871557, 8.857e-12, -0.996195, 0
18.78, 2025-07-03__00-39-05.062112, -0.0474758, -0.0816286, 0.0345625, -2.29039, -0.0225287, 2.15014, 0.731773, -0.00126986, -0.000252472, 3.61423e-05, -0.0056395, -0.000196801, 0.000170382, -0.00991342, -0.224747, -0.694189, -0.145354, 0.900535, -0.715988, 0.780113, 0.417987, 0, 0, 0, 0, 0, 0, 0, 0.481491, -0.0122683, 0.140734, 0.486346, -0.0158237, 0.142576, 0.996195, -3.71201e-12, -0.0871557, -4.46982e-12, -1, -8.49977e-12, -0.0871557, 8.857e-12, -0.996195, 0
18.79, 2025-07-03__00-39-05.072114, -0.0474761, -0.0816301, 0.0345645, -2.29039, -0.0225272, 2.15014, 0.73178, -0.00117987, 0.000256866, 0.000380387, -0.00548506, 0.000459682, 0.000714928, 0.00217414, -0.233965, -0.70736, -0.154775, 0.903534, -0.721003, 0.776646, 0.344306, 0, 0, 0, 0, 0, 0, 0, 0.481492, -0.0122692, 0.140735, 0.486346, -0.0158237, 0.142576, 0.996195, -3.71201e-12, -0.0871557, -4.46982e-12, -1, -8.49977e-12, -0.0871557, 8.857e-12, -0.996195, 0
18.8, 2025-07-03__00-39-05.082113, -0.0474707, -0.081631, 0.0345627, -2.29039, -0.0225303, 2.15014, 0.731787, 0.000725265, -0.000230438, -0.000209437, -0.00152493, 0.000104303, 0.00014632, 0.00188664, -0.263916, -0.623902, -0.184153, 0.817309, -0.720445, 0.767343, 0.345647, 0, 0, 0, 0, 0, 0, 0, 0.481495, -0.0122692, 0.140736, 0.486346, -0.0158237, 0.142576, 0.996195, -3.71201e-12, -0.0871557, -4.46982e-12, -1, -8.49977e-12, -0.0871557, 8.857e-12, -0.996195, 0
18.81, 2025-07-03__00-39-05.092112, -0.0474715, -0.0816308, 0.0345614, -2.29039, -0.0225286, 2.15015, 0.731782, -0.000440442, -0.000723272, -0.000650997, 0.00101675, 4.18105e-05, 0.000100184, -0.000122633, -0.226975, -0.565043, -0.146664, 0.757209, -0.721095, 0.758352, 0.357944, 0, 0, 0, 0, 0, 0, 0, 0.481494, -0.0122725, 0.140735, 0.486346, -0.0158237, 0.142576, 0.996195, -3.71201e-12, -0.0871557, -4.46982e-12, -1, -8.49977e-12, -0.0871557, 8.857e-12, -0.996195, 0
18.82, 2025-07-03__00-39-05.102115, -0.0474705, -0.0816336, 0.0345648, -2.29039, -0.0225311, 2.15015, 0.731789, 0.000798551, -0.000401856, 0.000837521, -0.000906189, 0.000166985, -0.000393679, 0.000693107, -0.289846, -0.606636, -0.210823, 0.803152, -0.721024, 0.768025, 0.3528, 0, 0, 0, 0, 0, 0, 0, 0.481496, -0.012271, 0.140737, 0.486346, -0.0158237, 0.142576, 0.996195, -3.71201e-12, -0.0871557, -4.46982e-12, -1, -8.49977e-12, -0.0871557, 8.857e-12, -0.996195, 0
18.83, 2025-07-03__00-39-05.112113, -0.0474707, -0.0816283, 0.0345639, -2.29039, -0.0225318, 2.15015, 0.73179, 0.000506887, 0.00134375, -0.000543047, 0.000856929, 2.67435e-05, 3.47265e-06, 0.000565926, -0.250107, -0.64158, -0.169932, 0.795929, -0.720499, 0.763859, 0.353432, 0, 0, 0, 0, 0, 0, 0, 0.481495, -0.012268, 0.140736, 0.486346, -0.0158237, 0.142576, 0.996195, -3.71201e-12, -0.0871557, -4.46982e-12, -1, -8.49977e-12, -0.0871557, 8.857e-12, -0.996195, 0
18.84, 2025-07-03__00-39-05.122112, -0.0474735, -0.0816303, 0.0345648, -2.29039, -0.0225323, 2.15016, 0.731792, -7.90188e-05, -0.000129005, 0.000128067, -0.000952073, -0.000823731, -0.000582336, -7.03316e-05, -0.253017, -0.619781, -0.173498, 0.80948, -0.714599, 0.769538, 0.357252, 0, 0, 0, 0, 0, 0, 0, 0.481498, -0.0122701, 0.140736, 0.486346, -0.0158237, 0.142576, 0.996195, -3.71201e-12, -0.0871557, -4.46982e-12, -1, -8.49977e-12, -0.0871557, 8.857e-12, -0.996195, 0
18.85, 2025-07-03__00-39-05.132113, -0.0474786, -0.081631, 0.0345646, -2.29039, -0.0225314, 2.15016, 0.731793, -0.00115127, 0.00035154, -0.000256812, 0.00126472, -0.00512617, 8.59572e-05, -0.000147389, -0.217881, -0.600015, -0.137988, 0.771966, -0.688524, 0.759212, 0.357818, 0, 0, 0, 0, 0, 0, 0, 0.481499, -0.0122716, 0.140738, 0.486346, -0.0158237, 0.142576, 0.996195, -3.71201e-12, -0.0871557, -4.46982e-12, -1, -8.49977e-12, -0.0871557, 8.857e-12, -0.996195, 0
18.86, 2025-07-03__00-39-05.142113, -0.0474732, -0.0816283, 0.0345625, -2.29038, -0.0225324, 2.15016, 0.731792, -0.000110918, 0.00164327, -7.30796e-05, 0.00178723, -0.000846054, 8.64297e-05, 0.000145938, -0.245443, -0.63486, -0.165527, 0.779877, -0.7153, 0.760117, 0.355859, 0, 0, 0, 0, 0, 0, 0, 0.481503, -0.0122713, 0.14074, 0.486346, -0.0158237, 0.142576, 0.996195, -3.71201e-12, -0.0871557, -4.46982e-12, -1, -8.49977e-12, -0.0871557, 8.857e-12, -0.996195, 0
18.87, 2025-07-03__00-39-05.152113, -0.0474686, -0.081631, 0.0345625, -2.29039, -0.0225324, 2.15016, 0.731801, 0.00688152, 2.9121e-05, 2.31326e-05, -0.00135733, -0.00107079, -0.00057289, -0.00058844, -0.408677, -0.627162, -0.329386, 0.821812, -0.713182, 0.770545, 0.3603, 0, 0, 0, 0, 0, 0, 0, 0.481502, -0.012269, 0.140736, 0.486346, -0.0158237, 0.142576, 0.996195, -3.71201e-12, -0.0871557, -4.46982e-12, -1, -8.49977e-12, -0.0871557, 8.857e-12, -0.996195, 0
18.88, 2025-07-03__00-39-05.162114, -0.0474739, -0.0816336, 0.0345652, -2.29039, -0.0225324, 2.15017, 0.731802, -0.000992477, -0.000865803, 5.80824e-05, 0.000117548, -0.0055552, 0.000282751, 0.00105844, -0.230838, -0.573944, -0.151321, 0.773764, -0.685626, 0.75794, 0.350032, 0, 0, 0, 0, 0, 0, 0, 0.481502, -0.0122707, 0.140738, 0.486346, -0.0158237, 0.142576, 0.996195, -3.71201e-12, -0.0871557, -4.46982e-12, -1, -8.49977e-12, -0.0871557, 8.857e-12, -0.996195, 0
18.89, 2025-07-03__00-39-05.172115, -0.0474707, -0.081631, 0.0345676, -2.29039, -0.0225324, 2.15017, 0.731807, 0.00693138, 0.000577974, 0.000957693, 0.000297489, -0.000464723, 7.60464e-05, -0.00261591, -0.431098, -0.616616, -0.3524, 0.795303, -0.717468, 0.761503, 0.372209, 0, 0, 0, 0, 0, 0, 0, 0.481503, -0.01227, 0.140739, 0.486346, -0.0158237, 0.142576, 0.996195, -3.71201e-12, -0.0871557, -4.46982e-12, -1, -8.49977e-12, -0.0871557, 8.857e-12, -0.996195, 0
18.9, 2025-07-03__00-39-05.182112, -0.0474732, -0.081631, 0.0345625, -2.29039, -0.0225318, 2.15017, 0.731814, 0.000896183, -0.000187798, 0.000153457, 0.00229063, 7.70314e-05, -0.000174657, 0.00096885, -0.274502, -0.561263, -0.19485, 0.741046, -0.721857, 0.755941, 0.349597, 0, 0, 0, 0, 0, 0, 0, 0.481502, -0.0122711, 0.140738, 0.486346, -0.0158237, 0.142576, 0.996195, -3.71201e-12, -0.0871557, -4.46982e-12, -1, -8.49977e-12, -0.0871557, 8.857e-12, -0.996195, 0
18.91, 2025-07-03__00-39-05.192113, -0.0474737, -0.081631, 0.0345646, -2.29039, -0.0225318, 2.15017, 0.731809, -5.01723e-05, -0.000263904, -0.000382623, -0.000611951, -0.000132404, 3.64652e-06, -0.000124772, -0.242089, -0.607755, -0.162218, 0.797688, -0.719188, 0.763515, 0.356513, 0, 0, 0, 0, 0, 0, 0, 0.481502, -0.01227, 0.140738, 0.486346, -0.0158237, 0.142576, 0.996195, -3.71201e-12, -0.0871557, -4.46982e-12, -1, -8.49977e-12, -0.0871557, 8.857e-12, -0.996195, 0
18.92, 2025-07-03__00-39-05.202116, -0.0474771, -0.0816335, 0.0345648, -2.29039, -0.0225335, 2.15018, 0.731816, -0.000947729, -0.000574755, 0.000100674, -0.00017871, -0.000169317, 0.000477214, 0.000856003, -0.232116, -0.587583, -0.152564, 0.78148, -0.719151, 0.757542, 0.350121, 0, 0, 0, 0, 0, 0, 0, 0.481502, -0.0122726, 0.140738, 0.486346, -0.0158237, 0.142576, 0.996195, -3.71201e-12, -0.0871557, -4.46982e-12, -1, -8.49977e-12, -0.0871557, 8.857e-12, -0.996195, 0
18.93, 2025-07-03__00-39-05.212112, -0.0474707, -0.081631, 0.0345642, -2.29039, -0.0225325, 2.15017, 0.731812, 0.00203096, 0.0003839, 0.000389361, -0.000830645, 0.000257884, 0.000244096, 0.00477154, -0.306597, -0.63176, -0.227341, 0.812603, -0.721828, 0.763598, 0.326821, 0, 0, 0, 0, 0, 0, 0, 0.481506, -0.0122726, 0.140738, 0.486346, -0.0158237, 0.142576, 0.996195, -3.71201e-12, -0.0871557, -4.46982e-12, -1, -8.49977e-12, -0.0871557, 8.857e-12, -0.996195, 0
18.94, 2025-07-03__00-39-05.222113, -0.047474, -0.081631, 0.034559, -2.29039, -0.0225365, 2.15018, 0.731815, 0.000735167, 0.000628162, -0.000735287, -0.000207177, 0.000159796, 0.000481242, 0.000274799, -0.249821, -0.631149, -0.169671, 0.802567, -0.72082, 0.760174, 0.353761, 0, 0, 0, 0, 0, 0, 0, 0.481506, -0.0122743, 0.14074, 0.486346, -0.0158237, 0.142576, 0.996195, -3.71201e-12, -0.0871557, -4.46982e-12, -1, -8.49977e-12, -0.0871557, 8.857e-12, -0.996195, 0
18.95, 2025-07-03__00-39-05.232113, -0.0474732, -0.0816339, 0.0345655, -2.29039, -0.0225372, 2.15018, 0.731818, 0.000885803, 3.31073e-05, 0.000657688, -0.000811327, -0.000412787, 0.000492163, 0.000994142, -0.286936, -0.617939, -0.207913, 0.805004, -0.717125, 0.760471, 0.349343, 0, 0, 0, 0, 0, 0, 0, 0.481506, -0.0122713, 0.140738, 0.486346, -0.0158237, 0.142576, 0.996195, -3.71201e-12, -0.0871557, -4.46982e-12, -1, -8.49977e-12, -0.0871557, 8.857e-12, -0.996195, 0
18.96, 2025-07-03__00-39-05.242114, -0.0474761, -0.0816311, 0.034559, -2.29039, -0.0225365, 2.15018, 0.731819, 0.00102521, -0.000172569, -0.00144291, 0.000206283, -6.58482e-05, -0.000152609, -0.00566012, -0.240588, -0.597537, -0.159975, 0.78285, -0.719332, 0.761733, 0.389454, 0, 0, 0, 0, 0, 0, 0, 0.481506, -0.0122719, 0.140738, 0.486346, -0.0158237, 0.142576, 0.996195, -3.71201e-12, -0.0871557, -4.46982e-12, -1, -8.49977e-12, -0.0871557, 8.857e-12, -0.996195, 0
18.97, 2025-07-03__00-39-05.252114, -0.0474814, -0.0816284, 0.0345641, -2.29038, -0.0225372, 2.15018, 0.731823, -0.00147891, 0.000546694, -0.000539382, 0.000269701, -0.000174148, -0.000173636, 0.000939331, -0.203442, -0.622355, -0.123397, 0.791642, -0.718944, 0.762934, 0.349188, 0, 0, 0, 0, 0, 0, 0, 0.481511, -0.0122714, 0.140743, 0.486346, -0.0158237, 0.142576, 0.996195, -3.71201e-12, -0.0871557, -4.46982e-12, -1, -8.49977e-12, -0.0871557, 8.857e-12, -0.996195, 0
18.98, 2025-07-03__00-39-05.262114, -0.0474767, -0.0816304, 0.0345597, -2.29038, -0.0225366, 2.15018, 0.73183, 0.00172174, 0.000994692, -0.00146228, -0.000191955, 0.000162341, -0.000428896, 0.00110358, -0.254761, -0.644197, -0.17417, 0.809198, -0.720956, 0.766847, 0.347891, 0, 0, 0, 0, 0, 0, 0, 0.481511, -0.0122751, 0.140744, 0.486346, -0.0158237, 0.142576, 0.996195, -3.71201e-12, -0.0871557, -4.46982e-12, -1, -8.49977e-12, -0.0871557, 8.857e-12, -0.996195, 0
18.99, 2025-07-03__00-39-05.272127, -0.0474761, -0.0816321, 0.0345647, -2.29039, -0.0225358, 2.15018, 0.731829, 0.000334815, -0.000278999, 0.000316882, -0.000588232, 0.000112675, 0.0048852, 0.00174262, -0.26634, -0.594918, -0.187047, 0.781727, -0.720643, 0.728944, 0.34399, 0, 0, 0, 0, 0, 0, 0, 0.481506, -0.0122714, 0.140738, 0.486346, -0.0158237, 0.142576, 0.996195, -3.71201e-12, -0.0871557, -4.46982e-12, -1, -8.49977e-12, -0.0871557, 8.857e-12, -0.996195, 0
19, 2025-07-03__00-39-05.282113, -0.0474768, -0.0816318, 0.0345647, -2.29038, -0.0225372, 2.15018, 0.731824, -0.000831539, 0.000148864, 0.00100412, 0.000817332, -0.000258941, 0.00160529, -0.00144975, -0.254663, -0.592512, -0.175726, 0.768632, -0.71856, 0.747988, 0.363652, 0, 0, 0, 0, 0, 0, 0, 0.481511, -0.0122731, 0.140743, 0.486346, -0.0158237, 0.142576, 0.996195, -3.71201e-12, -0.0871557, -4.46982e-12, -1, -8.49977e-12, -0.0871557, 8.857e-12, -0.996195, 0
19.01, 2025-07-03__00-39-05.292116, -0.0474768, -0.0816318, 0.0345647, -2.29038, -0.0225372, 2.15018, 0.731824, -0.000831539, 0.000148864, 0.00100412, 0.000817332, -0.000258941, 0.00160529, -0.00144975, -0.254663, -0.592512, -0.175726, 0.768632, -0.71856, 0.747988, 0.363652, 0, 0, 0, 0, 0, 0, 0, 0.481511, -0.0122731, 0.140743, 0.486346, -0.0158237, 0.142576, 0.996195, -3.71201e-12, -0.0871557, -4.46982e-12, -1, -8.49977e-12, -0.0871557, 8.857e-12, -0.996195, 0
19.02, 2025-07-03__00-39-05.302116, -0.0474768, -0.0816318, 0.0345647, -2.29038, -0.0225372, 2.15018, 0.731824, -0.000831539, 0.000148864, 0.00100412, 0.000817332, -0.000258941, 0.00160529, -0.00144975, -0.254663, -0.592512, -0.175726, 0.768632, -0.71856, 0.747988, 0.363652, 0, 0, 0, 0, 0, 0, 0, 0.481511, -0.0122731, 0.140743, 0.486346, -0.0158237, 0.142576, 0.996195, -3.71201e-12, -0.0871557, -4.46982e-12, -1, -8.49977e-12, -0.0871557, 8.857e-12, -0.996195, 0
19.03, 2025-07-03__00-39-05.312113, -0.0474768, -0.0816318, 0.0345647, -2.29038, -0.0225372, 2.15018, 0.731824, -0.000831539, 0.000148864, 0.00100412, 0.000817332, -0.000258941, 0.00160529, -0.00144975, -0.254663, -0.592512, -0.175726, 0.768632, -0.71856, 0.747988, 0.363652, 0, 0, 0, 0, 0, 0, 0, 0.481511, -0.0122731, 0.140743, 0.486346, -0.0158237, 0.142576, 0.996195, -3.71201e-12, -0.0871557, -4.46982e-12, -1, -8.49977e-12, -0.0871557, 8.857e-12, -0.996195, 0
19.04, 2025-07-03__00-39-05.322114, -0.0474768, -0.0816318, 0.0345647, -2.29038, -0.0225372, 2.15018, 0.731824, -0.000831539, 0.000148864, 0.00100412, 0.000817332, -0.000258941, 0.00160529, -0.00144975, -0.254663, -0.592512, -0.175726, 0.768632, -0.71856, 0.747988, 0.363652, 0, 0, 0, 0, 0, 0, 0, 0.481511, -0.0122731, 0.140743, 0.486346, -0.0158237, 0.142576, 0.996195, -3.71201e-12, -0.0871557, -4.46982e-12, -1, -8.49977e-12, -0.0871557, 8.857e-12, -0.996195, 0
19.05, 2025-07-03__00-39-05.332112, -0.0474768, -0.0816318, 0.0345647, -2.29038, -0.0225372, 2.15018, 0.731824, -0.000831539, 0.000148864, 0.00100412, 0.000817332, -0.000258941, 0.00160529, -0.00144975, -0.254663, -0.592512, -0.175726, 0.768632, -0.71856, 0.747988, 0.363652, 0, 0, 0, 0, 0, 0, 0, 0.481511, -0.0122731, 0.140743, 0.486346, -0.0158237, 0.142576, 0.996195, -3.71201e-12, -0.0871557, -4.46982e-12, -1, -8.49977e-12, -0.0871557, 8.857e-12, -0.996195, 0
19.06, 2025-07-03__00-39-05.342115, -0.0474768, -0.0816318, 0.0345647, -2.29038, -0.0225372, 2.15018, 0.731824, -0.000831539, 0.000148864, 0.00100412, 0.000817332, -0.000258941, 0.00160529, -0.00144975, -0.254663, -0.592512, -0.175726, 0.768632, -0.71856, 0.747988, 0.363652, 0, 0, 0, 0, 0, 0, 0, 0.481511, -0.0122731, 0.140743, 0.486346, -0.0158237, 0.142576, 0.996195, -3.71201e-12, -0.0871557, -4.46982e-12, -1, -8.49977e-12, -0.0871557, 8.857e-12, -0.996195, 0
19.07, 2025-07-03__00-39-05.352115, -0.0474768, -0.0816318, 0.0345647, -2.29038, -0.0225372, 2.15018, 0.731824, -0.000831539, 0.000148864, 0.00100412, 0.000817332, -0.000258941, 0.00160529, -0.00144975, -0.254663, -0.592512, -0.175726, 0.768632, -0.71856, 0.747988, 0.363652, 0, 0, 0, 0, 0, 0, 0, 0.481511, -0.0122731, 0.140743, 0.486346, -0.0158237, 0.142576, 0.996195, -3.71201e-12, -0.0871557, -4.46982e-12, -1, -8.49977e-12, -0.0871557, 8.857e-12, -0.996195, 0
19.08, 2025-07-03__00-39-05.362116, -0.0474768, -0.0816318, 0.0345647, -2.29038, -0.0225372, 2.15018, 0.731824, -0.000831539, 0.000148864, 0.00100412, 0.000817332, -0.000258941, 0.00160529, -0.00144975, -0.254663, -0.592512, -0.175726, 0.768632, -0.71856, 0.747988, 0.363652, 0, 0, 0, 0, 0, 0, 0, 0.481511, -0.0122731, 0.140743, 0.486346, -0.0158237, 0.142576, 0.996195, -3.71201e-12, -0.0871557, -4.46982e-12, -1, -8.49977e-12, -0.0871557, 8.857e-12, -0.996195, 0
19.09, 2025-07-03__00-39-05.372114, -0.0474768, -0.0816318, 0.0345647, -2.29038, -0.0225372, 2.15018, 0.731824, -0.000831539, 0.000148864, 0.00100412, 0.000817332, -0.000258941, 0.00160529, -0.00144975, -0.254663, -0.592512, -0.175726, 0.768632, -0.71856, 0.747988, 0.363652, 0, 0, 0, 0, 0, 0, 0, 0.481511, -0.0122731, 0.140743, 0.486346, -0.0158237, 0.142576, 0.996195, -3.71201e-12, -0.0871557, -4.46982e-12, -1, -8.49977e-12, -0.0871557, 8.857e-12, -0.996195, 0
19.1, 2025-07-03__00-39-05.382113, -0.0474768, -0.0816318, 0.0345647, -2.29038, -0.0225372, 2.15018, 0.731824, -0.000831539, 0.000148864, 0.00100412, 0.000817332, -0.000258941, 0.00160529, -0.00144975, -0.254663, -0.592512, -0.175726, 0.768632, -0.71856, 0.747988, 0.363652, 0, 0, 0, 0, 0, 0, 0, 0.481511, -0.0122731, 0.140743, 0.486346, -0.0158237, 0.142576, 0.996195, -3.71201e-12, -0.0871557, -4.46982e-12, -1, -8.49977e-12, -0.0871557, 8.857e-12, -0.996195, 0
19.11, 2025-07-03__00-39-05.392115, -0.0474768, -0.0816318, 0.0345647, -2.29038, -0.0225372, 2.15018, 0.731824, -0.000831539, 0.000148864, 0.00100412, 0.000817332, -0.000258941, 0.00160529, -0.00144975, -0.254663, -0.592512, -0.175726, 0.768632, -0.71856, 0.747988, 0.363652, 0, 0, 0, 0, 0, 0, 0, 0.481511, -0.0122731, 0.140743, 0.486346, -0.0158237, 0.142576, 0.996195, -3.71201e-12, -0.0871557, -4.46982e-12, -1, -8.49977e-12, -0.0871557, 8.857e-12, -0.996195, 0
19.12, 2025-07-03__00-39-05.402116, -0.0474768, -0.0816318, 0.0345647, -2.29038, -0.0225372, 2.15018, 0.731824, -0.000831539, 0.000148864, 0.00100412, 0.000817332, -0.000258941, 0.00160529, -0.00144975, -0.254663, -0.592512, -0.175726, 0.768632, -0.71856, 0.747988, 0.363652, 0, 0, 0, 0, 0, 0, 0, 0.481511, -0.0122731, 0.140743, 0.486346, -0.0158237, 0.142576, 0.996195, -3.71201e-12, -0.0871557, -4.46982e-12, -1, -8.49977e-12, -0.0871557, 8.857e-12, -0.996195, 0
19.13, 2025-07-03__00-39-05.412116, -0.0474768, -0.0816318, 0.0345647, -2.29038, -0.0225372, 2.15018, 0.731824, -0.000831539, 0.000148864, 0.00100412, 0.000817332, -0.000258941, 0.00160529, -0.00144975, -0.254663, -0.592512, -0.175726, 0.768632, -0.71856, 0.747988, 0.363652, 0, 0, 0, 0, 0, 0, 0, 0.481511, -0.0122731, 0.140743, 0.486346, -0.0158237, 0.142576, 0.996195, -3.71201e-12, -0.0871557, -4.46982e-12, -1, -8.49977e-12, -0.0871557, 8.857e-12, -0.996195, 0
19.14, 2025-07-03__00-39-05.422116, -0.0474768, -0.0816318, 0.0345647, -2.29038, -0.0225372, 2.15018, 0.731824, -0.000831539, 0.000148864, 0.00100412, 0.000817332, -0.000258941, 0.00160529, -0.00144975, -0.254663, -0.592512, -0.175726, 0.768632, -0.71856, 0.747988, 0.363652, 0, 0, 0, 0, 0, 0, 0, 0.481511, -0.0122731, 0.140743, 0.486346, -0.0158237, 0.142576, 0.996195, -3.71201e-12, -0.0871557, -4.46982e-12, -1, -8.49977e-12, -0.0871557, 8.857e-12, -0.996195, 0
19.15, 2025-07-03__00-39-05.432114, -0.0474768, -0.0816318, 0.0345647, -2.29038, -0.0225372, 2.15018, 0.731824, -0.000831539, 0.000148864, 0.00100412, 0.000817332, -0.000258941, 0.00160529, -0.00144975, -0.254663, -0.592512, -0.175726, 0.768632, -0.71856, 0.747988, 0.363652, 0, 0, 0, 0, 0, 0, 0, 0.481511, -0.0122731, 0.140743, 0.486346, -0.0158237, 0.142576, 0.996195, -3.71201e-12, -0.0871557, -4.46982e-12, -1, -8.49977e-12, -0.0871557, 8.857e-12, -0.996195, 0
19.16, 2025-07-03__00-39-05.442112, -0.0474768, -0.0816318, 0.0345647, -2.29038, -0.0225372, 2.15018, 0.731824, -0.000831539, 0.000148864, 0.00100412, 0.000817332, -0.000258941, 0.00160529, -0.00144975, -0.254663, -0.592512, -0.175726, 0.768632, -0.71856, 0.747988, 0.363652, 0, 0, 0, 0, 0, 0, 0, 0.481511, -0.0122731, 0.140743, 0.486346, -0.0158237, 0.142576, 0.996195, -3.71201e-12, -0.0871557, -4.46982e-12, -1, -8.49977e-12, -0.0871557, 8.857e-12, -0.996195, 0
19.17, 2025-07-03__00-39-05.452115, -0.0474768, -0.0816318, 0.0345647, -2.29038, -0.0225372, 2.15018, 0.731824, -0.000831539, 0.000148864, 0.00100412, 0.000817332, -0.000258941, 0.00160529, -0.00144975, -0.254663, -0.592512, -0.175726, 0.768632, -0.71856, 0.747988, 0.363652, 0, 0, 0, 0, 0, 0, 0, 0.481511, -0.0122731, 0.140743, 0.486346, -0.0158237, 0.142576, 0.996195, -3.71201e-12, -0.0871557, -4.46982e-12, -1, -8.49977e-12, -0.0871557, 8.857e-12, -0.996195, 0
19.18, 2025-07-03__00-39-05.462112, -0.0474768, -0.0816318, 0.0345647, -2.29038, -0.0225372, 2.15018, 0.731824, -0.000831539, 0.000148864, 0.00100412, 0.000817332, -0.000258941, 0.00160529, -0.00144975, -0.254663, -0.592512, -0.175726, 0.768632, -0.71856, 0.747988, 0.363652, 0, 0, 0, 0, 0, 0, 0, 0.481511, -0.0122731, 0.140743, 0.486346, -0.0158237, 0.142576, 0.996195, -3.71201e-12, -0.0871557, -4.46982e-12, -1, -8.49977e-12, -0.0871557, 8.857e-12, -0.996195, 0
19.19, 2025-07-03__00-39-05.472114, -0.0474768, -0.0816318, 0.0345647, -2.29038, -0.0225372, 2.15018, 0.731824, -0.000831539, 0.000148864, 0.00100412, 0.000817332, -0.000258941, 0.00160529, -0.00144975, -0.254663, -0.592512, -0.175726, 0.768632, -0.71856, 0.747988, 0.363652, 0, 0, 0, 0, 0, 0, 0, 0.481511, -0.0122731, 0.140743, 0.486346, -0.0158237, 0.142576, 0.996195, -3.71201e-12, -0.0871557, -4.46982e-12, -1, -8.49977e-12, -0.0871557, 8.857e-12, -0.996195, 0
19.2, 2025-07-03__00-39-05.482114, -0.0474768, -0.0816318, 0.0345647, -2.29038, -0.0225372, 2.15018, 0.731824, -0.000831539, 0.000148864, 0.00100412, 0.000817332, -0.000258941, 0.00160529, -0.00144975, -0.254663, -0.592512, -0.175726, 0.768632, -0.71856, 0.747988, 0.363652, 0, 0, 0, 0, 0, 0, 0, 0.481511, -0.0122731, 0.140743, 0.486346, -0.0158237, 0.142576, 0.996195, -3.71201e-12, -0.0871557, -4.46982e-12, -1, -8.49977e-12, -0.0871557, 8.857e-12, -0.996195, 0
19.21, 2025-07-03__00-39-05.492112, -0.0474768, -0.0816318, 0.0345647, -2.29038, -0.0225372, 2.15018, 0.731824, -0.000831539, 0.000148864, 0.00100412, 0.000817332, -0.000258941, 0.00160529, -0.00144975, -0.254663, -0.592512, -0.175726, 0.768632, -0.71856, 0.747988, 0.363652, 0, 0, 0, 0, 0, 0, 0, 0.481511, -0.0122731, 0.140743, 0.486346, -0.0158237, 0.142576, 0.996195, -3.71201e-12, -0.0871557, -4.46982e-12, -1, -8.49977e-12, -0.0871557, 8.857e-12, -0.996195, 0
19.22, 2025-07-03__00-39-05.502117, -0.0474768, -0.0816318, 0.0345647, -2.29038, -0.0225372, 2.15018, 0.731824, -0.000831539, 0.000148864, 0.00100412, 0.000817332, -0.000258941, 0.00160529, -0.00144975, -0.254663, -0.592512, -0.175726, 0.768632, -0.71856, 0.747988, 0.363652, 0, 0, 0, 0, 0, 0, 0, 0.481511, -0.0122731, 0.140743, 0.486346, -0.0158237, 0.142576, 0.996195, -3.71201e-12, -0.0871557, -4.46982e-12, -1, -8.49977e-12, -0.0871557, 8.857e-12, -0.996195, 0
19.23, 2025-07-03__00-39-05.512112, -0.0474768, -0.0816318, 0.0345647, -2.29038, -0.0225372, 2.15018, 0.731824, -0.000831539, 0.000148864, 0.00100412, 0.000817332, -0.000258941, 0.00160529, -0.00144975, -0.254663, -0.592512, -0.175726, 0.768632, -0.71856, 0.747988, 0.363652, 0, 0, 0, 0, 0, 0, 0, 0.481511, -0.0122731, 0.140743, 0.486346, -0.0158237, 0.142576, 0.996195, -3.71201e-12, -0.0871557, -4.46982e-12, -1, -8.49977e-12, -0.0871557, 8.857e-12, -0.996195, 0
19.24, 2025-07-03__00-39-05.522114, -0.0474768, -0.0816318, 0.0345647, -2.29038, -0.0225372, 2.15018, 0.731824, -0.000831539, 0.000148864, 0.00100412, 0.000817332, -0.000258941, 0.00160529, -0.00144975, -0.254663, -0.592512, -0.175726, 0.768632, -0.71856, 0.747988, 0.363652, 0, 0, 0, 0, 0, 0, 0, 0.481511, -0.0122731, 0.140743, 0.486346, -0.0158237, 0.142576, 0.996195, -3.71201e-12, -0.0871557, -4.46982e-12, -1, -8.49977e-12, -0.0871557, 8.857e-12, -0.996195, 0
19.25, 2025-07-03__00-39-05.532115, -0.0474768, -0.0816318, 0.0345647, -2.29038, -0.0225372, 2.15018, 0.731824, -0.000831539, 0.000148864, 0.00100412, 0.000817332, -0.000258941, 0.00160529, -0.00144975, -0.254663, -0.592512, -0.175726, 0.768632, -0.71856, 0.747988, 0.363652, 0, 0, 0, 0, 0, 0, 0, 0.481511, -0.0122731, 0.140743, 0.486346, -0.0158237, 0.142576, 0.996195, -3.71201e-12, -0.0871557, -4.46982e-12, -1, -8.49977e-12, -0.0871557, 8.857e-12, -0.996195, 0
19.26, 2025-07-03__00-39-05.542112, -0.0474768, -0.0816318, 0.0345647, -2.29038, -0.0225372, 2.15018, 0.731824, -0.000831539, 0.000148864, 0.00100412, 0.000817332, -0.000258941, 0.00160529, -0.00144975, -0.254663, -0.592512, -0.175726, 0.768632, -0.71856, 0.747988, 0.363652, 0, 0, 0, 0, 0, 0, 0, 0.481511, -0.0122731, 0.140743, 0.486346, -0.0158237, 0.142576, 0.996195, -3.71201e-12, -0.0871557, -4.46982e-12, -1, -8.49977e-12, -0.0871557, 8.857e-12, -0.996195, 0
19.27, 2025-07-03__00-39-05.552115, -0.0474768, -0.0816318, 0.0345647, -2.29038, -0.0225372, 2.15018, 0.731824, -0.000831539, 0.000148864, 0.00100412, 0.000817332, -0.000258941, 0.00160529, -0.00144975, -0.254663, -0.592512, -0.175726, 0.768632, -0.71856, 0.747988, 0.363652, 0, 0, 0, 0, 0, 0, 0, 0.481511, -0.0122731, 0.140743, 0.486346, -0.0158237, 0.142576, 0.996195, -3.71201e-12, -0.0871557, -4.46982e-12, -1, -8.49977e-12, -0.0871557, 8.857e-12, -0.996195, 0
19.28, 2025-07-03__00-39-05.562112, -0.0474768, -0.0816318, 0.0345647, -2.29038, -0.0225372, 2.15018, 0.731824, -0.000831539, 0.000148864, 0.00100412, 0.000817332, -0.000258941, 0.00160529, -0.00144975, -0.254663, -0.592512, -0.175726, 0.768632, -0.71856, 0.747988, 0.363652, 0, 0, 0, 0, 0, 0, 0, 0.481511, -0.0122731, 0.140743, 0.486346, -0.0158237, 0.142576, 0.996195, -3.71201e-12, -0.0871557, -4.46982e-12, -1, -8.49977e-12, -0.0871557, 8.857e-12, -0.996195, 0
19.29, 2025-07-03__00-39-05.572114, -0.0474768, -0.0816318, 0.0345647, -2.29038, -0.0225372, 2.15018, 0.731824, -0.000831539, 0.000148864, 0.00100412, 0.000817332, -0.000258941, 0.00160529, -0.00144975, -0.254663, -0.592512, -0.175726, 0.768632, -0.71856, 0.747988, 0.363652, 0, 0, 0, 0, 0, 0, 0, 0.481511, -0.0122731, 0.140743, 0.486346, -0.0158237, 0.142576, 0.996195, -3.71201e-12, -0.0871557, -4.46982e-12, -1, -8.49977e-12, -0.0871557, 8.857e-12, -0.996195, 0
19.3, 2025-07-03__00-39-05.582116, -0.0474768, -0.0816318, 0.0345647, -2.29038, -0.0225372, 2.15018, 0.731824, -0.000831539, 0.000148864, 0.00100412, 0.000817332, -0.000258941, 0.00160529, -0.00144975, -0.254663, -0.592512, -0.175726, 0.768632, -0.71856, 0.747988, 0.363652, 0, 0, 0, 0, 0, 0, 0, 0.481511, -0.0122731, 0.140743, 0.486346, -0.0158237, 0.142576, 0.996195, -3.71201e-12, -0.0871557, -4.46982e-12, -1, -8.49977e-12, -0.0871557, 8.857e-12, -0.996195, 0
19.31, 2025-07-03__00-39-05.592111, -0.0474768, -0.0816318, 0.0345647, -2.29038, -0.0225372, 2.15018, 0.731824, -0.000831539, 0.000148864, 0.00100412, 0.000817332, -0.000258941, 0.00160529, -0.00144975, -0.254663, -0.592512, -0.175726, 0.768632, -0.71856, 0.747988, 0.363652, 0, 0, 0, 0, 0, 0, 0, 0.481511, -0.0122731, 0.140743, 0.486346, -0.0158237, 0.142576, 0.996195, -3.71201e-12, -0.0871557, -4.46982e-12, -1, -8.49977e-12, -0.0871557, 8.857e-12, -0.996195, 0
19.32, 2025-07-03__00-39-05.602114, -0.0474768, -0.0816318, 0.0345647, -2.29038, -0.0225372, 2.15018, 0.731824, -0.000831539, 0.000148864, 0.00100412, 0.000817332, -0.000258941, 0.00160529, -0.00144975, -0.254663, -0.592512, -0.175726, 0.768632, -0.71856, 0.747988, 0.363652, 0, 0, 0, 0, 0, 0, 0, 0.481511, -0.0122731, 0.140743, 0.486346, -0.0158237, 0.142576, 0.996195, -3.71201e-12, -0.0871557, -4.46982e-12, -1, -8.49977e-12, -0.0871557, 8.857e-12, -0.996195, 0
19.33, 2025-07-03__00-39-05.612112, -0.0474768, -0.0816318, 0.0345647, -2.29038, -0.0225372, 2.15018, 0.731824, -0.000831539, 0.000148864, 0.00100412, 0.000817332, -0.000258941, 0.00160529, -0.00144975, -0.254663, -0.592512, -0.175726, 0.768632, -0.71856, 0.747988, 0.363652, 0, 0, 0, 0, 0, 0, 0, 0.481511, -0.0122731, 0.140743, 0.486346, -0.0158237, 0.142576, 0.996195, -3.71201e-12, -0.0871557, -4.46982e-12, -1, -8.49977e-12, -0.0871557, 8.857e-12, -0.996195, 0
