time, timestamp, robot_q__0, robot_q__1, robot_q__2, robot_q__3, robot_q__4, robot_q__5, robot_q__6, robot_dq__0, robot_dq__1, robot_dq__2, robot_dq__3, robot_dq__4, robot_dq__5, robot_dq__6, robot_torque__0, robot_torque__1, robot_torque__2, robot_torque__3, robot_torque__4, robot_torque__5, robot_torque__6, joint_pos_state__0, joint_pos_state__1, joint_pos_state__2, joint_pos_state__3, joint_pos_state__4, joint_pos_state__5, joint_pos_state__6, ee_pos__0, ee_pos__1, ee_pos__2, goal_pos__0, goal_pos__1, goal_pos__2, ee_ori__0, ee_ori__1, ee_ori__2, ee_ori__3, ee_ori__4, ee_ori__5, ee_ori__6, ee_ori__7, ee_ori__8, locked_joint, 
0.0100002, 2025-07-03__01-13-29.884885, 0, -0.436332, 0, -2.35619, 0, 1.8326, 0, 0, 0, 0, 0, 0, 0, 0, 0, 0, 0, 0, 0, 0, 0, 0, 0, 0, 0, 0, 0, 0, 0.387704, -6.74018e-12, 0.247099, 0.387704, -6.74018e-12, 0.247099, 0.996195, -3.71201e-12, -0.0871557, -4.46982e-12, -1, -8.49977e-12, -0.0871557, 8.857e-12, -0.996195, 0
0.0200002, 2025-07-03__01-13-29.894930, -0.0728777, -0.0811703, 0.0589036, -2.29015, -0.0219797, 2.13652, 0.730027, 0.00362249, -0.00738546, -0.000578603, -0.00597678, 0.00871999, -0.0203576, -0.0306734, 0, 0, 0, 0, 0, 0, 0, 0, 0, 0, 0, 0, 0, 0, 0.387704, -6.74018e-12, 0.247099, 0.387704, -6.74018e-12, 0.247099, 0.996195, -3.71201e-12, -0.0871557, -4.46982e-12, -1, -8.49977e-12, -0.0871557, 8.857e-12, -0.996195, 0
0.0300002, 2025-07-03__01-13-29.904930, -0.0728632, -0.0820021, 0.0588956, -2.29063, -0.0205655, 2.13401, 0.727595, 0.00229749, -0.129777, -0.00146073, -0.0617343, 0.185417, -0.356801, -0.312068, 0, 0, 0, 0, 0, 0, 0, 0, 0, 0, 0, 0, 0, 0, 0.387704, -6.74018e-12, 0.247099, 0.387704, -6.74018e-12, 0.247099, 0.996195, -3.71201e-12, -0.0871557, -4.46982e-12, -1, -8.49977e-12, -0.0871557, 8.857e-12, -0.996195, 0
0.0400002, 2025-07-03__01-13-29.914928, -0.0728432, -0.0836728, 0.0588844, -2.29164, -0.0178012, 2.12839, 0.722689, 0.00315372, -0.148771, -0.00207027, -0.102893, 0.284039, -0.600571, -0.520379, 0, 0, 0, 0, 0, 0, 0, 0, 0, 0, 0, 0, 0, 0, 0.387704, -6.74018e-12, 0.247099, 0.387704, -6.74018e-12, 0.247099, 0.996195, -3.71201e-12, -0.0871557, -4.46982e-12, -1, -8.49977e-12, -0.0871557, 8.857e-12, -0.996195, 0
0.0500002, 2025-07-03__01-13-29.924927, -0.0728646, -0.0848316, 0.0588727, -2.29295, -0.0148245, 2.12128, 0.71695, -0.00265635, -0.123337, -0.00332455, -0.144384, 0.287391, -0.726057, -0.574294, 0, 0, 0, 0, 0, 0, 0, 0, 0, 0, 0, 0, 0, 0, 0.387704, -6.74018e-12, 0.247099, 0.387704, -6.74018e-12, 0.247099, 0.996195, -3.71201e-12, -0.0871557, -4.46982e-12, -1, -8.49977e-12, -0.0871557, 8.857e-12, -0.996195, 0
0.0600002, 2025-07-03__01-13-29.934927, -0.0728838, -0.0867751, 0.0588595, -2.29502, -0.0123841, 2.11382, 0.712181, -3.6729e-05, -0.228538, -0.00051493, -0.223951, 0.220907, -0.753379, -0.444692, 0, 0, 0, 0, 0, 0, 0, 0, 0, 0, 0, 0, 0, 0, 0.387704, -6.74018e-12, 0.247099, 0.387704, -6.74018e-12, 0.247099, 0.996195, -3.71201e-12, -0.0871557, -4.46982e-12, -1, -8.49977e-12, -0.0871557, 8.857e-12, -0.996195, 0
0.0700002, 2025-07-03__01-13-29.944927, -0.0728793, -0.0898542, 0.0588412, -2.29796, -0.0105854, 2.10632, 0.708489, 0.00155726, -0.312213, -0.00172314, -0.309034, 0.162602, -0.741963, -0.365263, 0, 0, 0, 0, 0, 0, 0, 0, 0, 0, 0, 0, 0, 0, 0.387704, -6.74018e-12, 0.247099, 0.387704, -6.74018e-12, 0.247099, 0.996195, -3.71201e-12, -0.0871557, -4.46982e-12, -1, -8.49977e-12, -0.0871557, 8.857e-12, -0.996195, 0
0.0800002, 2025-07-03__01-13-29.954927, -0.0728776, -0.0931359, 0.0588226, -2.30143, -0.00918872, 2.099, 0.704517, -0.000324253, -0.325365, -0.00343895, -0.35215, 0.126286, -0.724556, -0.416955, 0, 0, 0, 0, 0, 0, 0, 0, 0, 0, 0, 0, 0, 0, 0.387704, -6.74018e-12, 0.247099, 0.387704, -6.74018e-12, 0.247099, 0.996195, -3.71201e-12, -0.0871557, -4.46982e-12, -1, -8.49977e-12, -0.0871557, 8.857e-12, -0.996195, 0
0.0900002, 2025-07-03__01-13-29.964928, -0.0728709, -0.0965175, 0.0587789, -2.30508, -0.00807877, 2.09192, 0.699801, 0.000858425, -0.342465, -0.00632324, -0.374063, 0.0998866, -0.694571, -0.480481, 0, 0, 0, 0, 0, 0, 0, 0, 0, 0, 0, 0, 0, 0, 0.387704, -6.74018e-12, 0.247099, 0.387704, -6.74018e-12, 0.247099, 0.996195, -3.71201e-12, -0.0871557, -4.46982e-12, -1, -8.49977e-12, -0.0871557, 8.857e-12, -0.996195, 0
0.1, 2025-07-03__01-13-29.974927, -0.0728751, -0.100253, 0.0587655, -2.30917, -0.00722247, 2.08485, 0.695183, -0.00679449, -0.385443, 1.80572e-05, -0.420302, 0.0927997, -0.716723, -0.445776, 0, 0, 0, 0, 0, 0, 0, 0, 0, 0, 0, 0, 0, 0, 0.387704, -6.74018e-12, 0.247099, 0.387704, -6.74018e-12, 0.247099, 0.996195, -3.71201e-12, -0.0871557, -4.46982e-12, -1, -8.49977e-12, -0.0871557, 8.857e-12, -0.996195, 0
0.11, 2025-07-03__01-13-29.984927, -0.0728629, -0.104517, 0.0587527, -2.31358, -0.00655342, 2.07778, 0.691363, 0.00116164, -0.435769, -0.00109523, -0.44708, 0.0640035, -0.70437, -0.36761, 0, 0, 0, 0, 0, 0, 0, 0, 0, 0, 0, 0, 0, 0, 0.387704, -6.74018e-12, 0.247099, 0.387704, -6.74018e-12, 0.247099, 0.996195, -3.71201e-12, -0.0871557, -4.46982e-12, -1, -8.49977e-12, -0.0871557, 8.857e-12, -0.996195, 0
0.12, 2025-07-03__01-13-29.994929, -0.0728549, -0.108989, 0.0587457, -2.31829, -0.00610929, 2.07086, 0.687599, 0.00150887, -0.45249, -0.0048929, -0.471338, 0.0434708, -0.681819, -0.385448, 0, 0, 0, 0, 0, 0, 0, 0, 0, 0, 0, 0, 0, 0, 0.387704, -6.74018e-12, 0.247099, 0.387704, -6.74018e-12, 0.247099, 0.996195, -3.71201e-12, -0.0871557, -4.46982e-12, -1, -8.49977e-12, -0.0871557, 8.857e-12, -0.996195, 0
0.13, 2025-07-03__01-13-30.004929, -0.0728603, -0.113477, 0.0587254, -2.32312, -0.00582784, 2.06405, 0.683366, -6.73451e-05, -0.457373, -0.00108686, -0.48182, 0.031559, -0.680365, -0.439702, 0, 0, 0, 0, 0, 0, 0, 0, 0, 0, 0, 0, 0, 0, 0.387704, -6.74018e-12, 0.247099, 0.387704, -6.74018e-12, 0.247099, 0.996195, -3.71201e-12, -0.0871557, -4.46982e-12, -1, -8.49977e-12, -0.0871557, 8.857e-12, -0.996195, 0
0.14, 2025-07-03__01-13-30.014927, -0.0728713, -0.118178, 0.0586946, -2.32805, -0.00571844, 2.05729, 0.678759, -0.000484863, -0.481821, -0.000638246, -0.4923, 0.0104405, -0.684085, -0.459255, 0, 0, 0, 0, 0, 0, 0, 0, 0, 0, 0, 0, 0, 0, 0.387704, -6.74018e-12, 0.247099, 0.387704, -6.74018e-12, 0.247099, 0.996195, -3.71201e-12, -0.0871557, -4.46982e-12, -1, -8.49977e-12, -0.0871557, 8.857e-12, -0.996195, 0
0.15, 2025-07-03__01-13-30.024927, -0.0728613, -0.123183, 0.0586407, -2.33289, -0.00568119, 2.05034, 0.674422, 0.00185139, -0.506669, -0.00713139, -0.476823, 0.00220193, -0.696032, -0.415011, 0, 0, 0, 0, 0, 0, 0, 0, 0, 0, 0, 0, 0, 0, 0.387704, -6.74018e-12, 0.247099, 0.387704, -6.74018e-12, 0.247099, 0.996195, -3.71201e-12, -0.0871557, -4.46982e-12, -1, -8.49977e-12, -0.0871557, 8.857e-12, -0.996195, 0
0.16, 2025-07-03__01-13-30.034927, -0.072852, -0.128262, 0.0585812, -2.33733, -0.00566286, 2.04356, 0.670414, 0.0023002, -0.508323, -0.00384843, -0.431042, 0.00388587, -0.680116, -0.400312, 0, 0, 0, 0, 0, 0, 0, 0, 0, 0, 0, 0, 0, 0, 0.387704, -6.74018e-12, 0.247099, 0.387704, -6.74018e-12, 0.247099, 0.996195, -3.71201e-12, -0.0871557, -4.46982e-12, -1, -8.49977e-12, -0.0871557, 8.857e-12, -0.996195, 0
0.17, 2025-07-03__01-13-30.044927, -0.0728504, -0.133484, 0.0585347, -2.34132, -0.00567533, 2.03705, 0.666278, 0.00112763, -0.533743, -0.00327428, -0.392952, -0.000202189, -0.651405, -0.429345, 0, 0, 0, 0, 0, 0, 0, 0, 0, 0, 0, 0, 0, 0, 0.387704, -6.74018e-12, 0.247099, 0.387704, -6.74018e-12, 0.247099, 0.996195, -3.71201e-12, -0.0871557, -4.46982e-12, -1, -8.49977e-12, -0.0871557, 8.857e-12, -0.996195, 0
0.18, 2025-07-03__01-13-30.054927, -0.0728641, -0.13887, 0.0584621, -2.3449, -0.00566616, 2.03046, 0.661811, -0.00127098, -0.536829, -0.00787899, -0.342411, -0.000411215, -0.648212, -0.451135, 0, 0, 0, 0, 0, 0, 0, 0, 0, 0, 0, 0, 0, 0, 0.387704, -6.74018e-12, 0.247099, 0.387704, -6.74018e-12, 0.247099, 0.996195, -3.71201e-12, -0.0871557, -4.46982e-12, -1, -8.49977e-12, -0.0871557, 8.857e-12, -0.996195, 0
0.19, 2025-07-03__01-13-30.064927, -0.0728596, -0.144359, 0.0583868, -2.34789, -0.00567326, 2.02388, 0.656773, -0.000513972, -0.56607, -0.00435703, -0.281206, 0.000979327, -0.673141, -0.550669, 0, 0, 0, 0, 0, 0, 0, 0, 0, 0, 0, 0, 0, 0, 0.387704, -6.74018e-12, 0.247099, 0.387704, -6.74018e-12, 0.247099, 0.996195, -3.71201e-12, -0.0871557, -4.46982e-12, -1, -8.49977e-12, -0.0871557, 8.857e-12, -0.996195, 0
0.2, 2025-07-03__01-13-30.074927, -0.0728711, -0.150316, 0.058316, -2.3503, -0.00567862, 2.01666, 0.650168, -0.00271954, -0.603246, -0.00301654, -0.220779, 0.00113887, -0.751815, -0.681897, 0, 0, 0, 0, 0, 0, 0, 0, 0, 0, 0, 0, 0, 0, 0.387704, -6.74018e-12, 0.247099, 0.387704, -6.74018e-12, 0.247099, 0.996195, -3.71201e-12, -0.0871557, -4.46982e-12, -1, -8.49977e-12, -0.0871557, 8.857e-12, -0.996195, 0
0.21, 2025-07-03__01-13-30.084927, -0.0728797, -0.156233, 0.0582173, -2.35203, -0.00568448, 2.00892, 0.642511, -0.00114764, -0.597373, -0.00521834, -0.148938, -0.00094552, -0.773312, -0.78517, 0, 0, 0, 0, 0, 0, 0, 0, 0, 0, 0, 0, 0, 0, 0.387704, -6.74018e-12, 0.247099, 0.387704, -6.74018e-12, 0.247099, 0.996195, -3.71201e-12, -0.0871557, -4.46982e-12, -1, -8.49977e-12, -0.0871557, 8.857e-12, -0.996195, 0
0.22, 2025-07-03__01-13-30.094927, -0.0728776, -0.162304, 0.0581, -2.35302, -0.00568795, 2.00107, 0.63465, -0.000474697, -0.61603, -0.00895177, -0.0831949, -0.000732706, -0.775923, -0.769441, 0, 0, 0, 0, 0, 0, 0, 0, 0, 0, 0, 0, 0, 0, 0.387704, -6.74018e-12, 0.247099, 0.387704, -6.74018e-12, 0.247099, 0.996195, -3.71201e-12, -0.0871557, -4.46982e-12, -1, -8.49977e-12, -0.0871557, 8.857e-12, -0.996195, 0
0.23, 2025-07-03__01-13-30.104929, -0.0728695, -0.168649, 0.0579784, -2.35347, -0.00568909, 1.99318, 0.627417, 0.00477508, -0.640213, -0.00822624, -0.0374803, 0.00022757, -0.795698, -0.718606, 0, 0, 0, 0, 0, 0, 0, 0, 0, 0, 0, 0, 0, 0, 0.387704, -6.74018e-12, 0.247099, 0.387704, -6.74018e-12, 0.247099, 0.996195, -3.71201e-12, -0.0871557, -4.46982e-12, -1, -8.49977e-12, -0.0871557, 8.857e-12, -0.996195, 0
0.24, 2025-07-03__01-13-30.114927, -0.072862, -0.175345, 0.0578771, -2.35344, -0.00570305, 1.98526, 0.620068, 0.00169457, -0.677526, -0.0122033, 0.0154153, 0.00414156, -0.794089, -0.734674, 0, 0, 0, 0, 0, 0, 0, 0, 0, 0, 0, 0, 0, 0, 0.387704, -6.74018e-12, 0.247099, 0.387704, -6.74018e-12, 0.247099, 0.996195, -3.71201e-12, -0.0871557, -4.46982e-12, -1, -8.49977e-12, -0.0871557, 8.857e-12, -0.996195, 0
0.25, 2025-07-03__01-13-30.124927, -0.0728677, -0.182179, 0.0577549, -2.35294, -0.00571179, 1.97766, 0.612777, 0.000645682, -0.68251, -0.0126145, 0.062494, 0.0028999, -0.748839, -0.708932, 0, 0, 0, 0, 0, 0, 0, 0, 0, 0, 0, 0, 0, 0, 0.387704, -6.74018e-12, 0.247099, 0.387704, -6.74018e-12, 0.247099, 0.996195, -3.71201e-12, -0.0871557, -4.46982e-12, -1, -8.49977e-12, -0.0871557, 8.857e-12, -0.996195, 0
0.26, 2025-07-03__01-13-30.134927, -0.0728783, -0.189104, 0.0576226, -2.35218, -0.00574442, 1.97016, 0.605813, -0.0015952, -0.70156, -0.0149516, 0.0771146, -0.00523085, -0.748002, -0.698983, 0, 0, 0, 0, 0, 0, 0, 0, 0, 0, 0, 0, 0, 0, 0.387704, -6.74018e-12, 0.247099, 0.387704, -6.74018e-12, 0.247099, 0.996195, -3.71201e-12, -0.0871557, -4.46982e-12, -1, -8.49977e-12, -0.0871557, 8.857e-12, -0.996195, 0
0.27, 2025-07-03__01-13-30.144926, -0.0728812, -0.196107, 0.0574606, -2.35122, -0.00578632, 1.96258, 0.598551, 0.000573122, -0.711879, -0.0117818, 0.094084, -0.00460224, -0.753382, -0.730925, 0, 0, 0, 0, 0, 0, 0, 0, 0, 0, 0, 0, 0, 0, 0.387704, -6.74018e-12, 0.247099, 0.387704, -6.74018e-12, 0.247099, 0.996195, -3.71201e-12, -0.0871557, -4.46982e-12, -1, -8.49977e-12, -0.0871557, 8.857e-12, -0.996195, 0
0.28, 2025-07-03__01-13-30.154929, -0.0728661, -0.203252, 0.0572819, -2.35019, -0.00586572, 1.955, 0.591252, 0.000127312, -0.72379, -0.0231736, 0.1125, -0.00292326, -0.751515, -0.723915, 0, 0, 0, 0, 0, 0, 0, 0, 0, 0, 0, 0, 0, 0, 0.387704, -6.74018e-12, 0.247099, 0.387704, -6.74018e-12, 0.247099, 0.996195, -3.71201e-12, -0.0871557, -4.46982e-12, -1, -8.49977e-12, -0.0871557, 8.857e-12, -0.996195, 0
0.29, 2025-07-03__01-13-30.164927, -0.0728699, -0.210485, 0.0571072, -2.3489, -0.0059712, 1.94752, 0.583988, 0.000227124, -0.72483, -0.017444, 0.126884, -0.0159163, -0.757437, -0.728533, 0, 0, 0, 0, 0, 0, 0, 0, 0, 0, 0, 0, 0, 0, 0.387704, -6.74018e-12, 0.247099, 0.387704, -6.74018e-12, 0.247099, 0.996195, -3.71201e-12, -0.0871557, -4.46982e-12, -1, -8.49977e-12, -0.0871557, 8.857e-12, -0.996195, 0
0.3, 2025-07-03__01-13-30.174929, -0.0728635, -0.217775, 0.0568969, -2.34756, -0.00610099, 1.94004, 0.576603, 0.00347354, -0.722515, -0.0251866, 0.138781, -0.00854577, -0.753039, -0.724617, 0, 0, 0, 0, 0, 0, 0, 0, 0, 0, 0, 0, 0, 0, 0.387704, -6.74018e-12, 0.247099, 0.387704, -6.74018e-12, 0.247099, 0.996195, -3.71201e-12, -0.0871557, -4.46982e-12, -1, -8.49977e-12, -0.0871557, 8.857e-12, -0.996195, 0
0.31, 2025-07-03__01-13-30.184927, -0.0728624, -0.225025, 0.0566758, -2.34616, -0.00623984, 1.93289, 0.56972, 0.00083142, -0.721319, -0.0219011, 0.132269, -0.0123685, -0.686796, -0.681954, 0, 0, 0, 0, 0, 0, 0, 0, 0, 0, 0, 0, 0, 0, 0.387704, -6.74018e-12, 0.247099, 0.387704, -6.74018e-12, 0.247099, 0.996195, -3.71201e-12, -0.0871557, -4.46982e-12, -1, -8.49977e-12, -0.0871557, 8.857e-12, -0.996195, 0
0.32, 2025-07-03__01-13-30.194926, -0.0728593, -0.232532, 0.0564332, -2.34486, -0.00639035, 1.92714, 0.56274, -0.000219414, -0.742652, -0.0225393, 0.131, -0.0181174, -0.525708, -0.718985, 0, 0, 0, 0, 0, 0, 0, 0, 0, 0, 0, 0, 0, 0, 0.387704, -6.74018e-12, 0.247099, 0.387704, -6.74018e-12, 0.247099, 0.996195, -3.71201e-12, -0.0871557, -4.46982e-12, -1, -8.49977e-12, -0.0871557, 8.857e-12, -0.996195, 0
0.33, 2025-07-03__01-13-30.204929, -0.0728624, -0.240077, 0.056172, -2.34368, -0.00657942, 1.92341, 0.555439, 0.000846879, -0.767199, -0.0305909, 0.117691, -0.0203114, -0.325415, -0.725743, 0, 0, 0, 0, 0, 0, 0, 0, 0, 0, 0, 0, 0, 0, 0.387704, -6.74018e-12, 0.247099, 0.387704, -6.74018e-12, 0.247099, 0.996195, -3.71201e-12, -0.0871557, -4.46982e-12, -1, -8.49977e-12, -0.0871557, 8.857e-12, -0.996195, 0
0.34, 2025-07-03__01-13-30.214927, -0.0728673, -0.247531, 0.0558773, -2.34256, -0.00678231, 1.92173, 0.548433, -0.00133226, -0.738035, -0.0323424, 0.106484, -0.0224373, -0.119712, -0.700638, 0, 0, 0, 0, 0, 0, 0, 0, 0, 0, 0, 0, 0, 0, 0.387704, -6.74018e-12, 0.247099, 0.387704, -6.74018e-12, 0.247099, 0.996195, -3.71201e-12, -0.0871557, -4.46982e-12, -1, -8.49977e-12, -0.0871557, 8.857e-12, -0.996195, 0
0.35, 2025-07-03__01-13-30.224927, -0.0728583, -0.254985, 0.0555648, -2.34153, -0.00698062, 1.92171, 0.541154, 0.00187652, -0.757408, -0.0329293, 0.104429, -0.0258837, 0.0199709, -0.739168, 0, 0, 0, 0, 0, 0, 0, 0, 0, 0, 0, 0, 0, 0, 0.387704, -6.74018e-12, 0.247099, 0.387704, -6.74018e-12, 0.247099, 0.996195, -3.71201e-12, -0.0871557, -4.46982e-12, -1, -8.49977e-12, -0.0871557, 8.857e-12, -0.996195, 0
0.36, 2025-07-03__01-13-30.234927, -0.0728628, -0.262498, 0.0552331, -2.34041, -0.0072328, 1.92232, 0.534012, 0.00525021, -0.755358, -0.0332449, 0.117983, -0.0190698, 0.0732035, -0.697395, 0, 0, 0, 0, 0, 0, 0, 0, 0, 0, 0, 0, 0, 0, 0.387704, -6.74018e-12, 0.247099, 0.387704, -6.74018e-12, 0.247099, 0.996195, -3.71201e-12, -0.0871557, -4.46982e-12, -1, -8.49977e-12, -0.0871557, 8.857e-12, -0.996195, 0
0.37, 2025-07-03__01-13-30.244927, -0.0728571, -0.270071, 0.0548824, -2.33915, -0.00755604, 1.92346, 0.527121, -0.00182263, -0.753681, -0.0402798, 0.128296, -0.0359077, 0.116113, -0.69691, 0, 0, 0, 0, 0, 0, 0, 0, 0, 0, 0, 0, 0, 0, 0.387704, -6.74018e-12, 0.247099, 0.387704, -6.74018e-12, 0.247099, 0.996195, -3.71201e-12, -0.0871557, -4.46982e-12, -1, -8.49977e-12, -0.0871557, 8.857e-12, -0.996195, 0
0.38, 2025-07-03__01-13-30.254927, -0.07284, -0.277424, 0.0544885, -2.33787, -0.00791431, 1.9253, 0.519785, 0.00619928, -0.746886, -0.0408622, 0.125028, -0.0339801, 0.194535, -0.739301, 0, 0, 0, 0, 0, 0, 0, 0, 0, 0, 0, 0, 0, 0, 0.387704, -6.74018e-12, 0.247099, 0.387704, -6.74018e-12, 0.247099, 0.996195, -3.71201e-12, -0.0871557, -4.46982e-12, -1, -8.49977e-12, -0.0871557, 8.857e-12, -0.996195, 0
0.39, 2025-07-03__01-13-30.264927, -0.0728446, -0.284972, 0.0540751, -2.33661, -0.00831177, 1.92772, 0.512467, -0.000944329, -0.743851, -0.0443367, 0.123416, -0.0421032, 0.257131, -0.716825, 0, 0, 0, 0, 0, 0, 0, 0, 0, 0, 0, 0, 0, 0, 0.387704, -6.74018e-12, 0.247099, 0.387704, -6.74018e-12, 0.247099, 0.996195, -3.71201e-12, -0.0871557, -4.46982e-12, -1, -8.49977e-12, -0.0871557, 8.857e-12, -0.996195, 0
0.4, 2025-07-03__01-13-30.274927, -0.0728486, -0.292288, 0.0536444, -2.33537, -0.0087151, 1.93058, 0.50525, -0.00235609, -0.719468, -0.048622, 0.119024, -0.0383759, 0.291245, -0.725563, 0, 0, 0, 0, 0, 0, 0, 0, 0, 0, 0, 0, 0, 0, 0.387704, -6.74018e-12, 0.247099, 0.387704, -6.74018e-12, 0.247099, 0.996195, -3.71201e-12, -0.0871557, -4.46982e-12, -1, -8.49977e-12, -0.0871557, 8.857e-12, -0.996195, 0
0.41, 2025-07-03__01-13-30.284927, -0.0728451, -0.298661, 0.0531477, -2.33414, -0.00914479, 1.93384, 0.497957, -0.00132857, -0.613974, -0.0525258, 0.127155, -0.0377274, 0.339628, -0.723493, 0, 0, 0, 0, 0, 0, 0, 0, 0, 0, 0, 0, 0, 0, 0.387704, -6.74018e-12, 0.247099, 0.387704, -6.74018e-12, 0.247099, 0.996195, -3.71201e-12, -0.0871557, -4.46982e-12, -1, -8.49977e-12, -0.0871557, 8.857e-12, -0.996195, 0
0.42, 2025-07-03__01-13-30.294927, -0.0727989, -0.304279, 0.0526456, -2.33297, -0.00958471, 1.93755, 0.491143, 0.00302917, -0.554711, -0.0491181, 0.111454, -0.0369786, 0.370862, -0.6703, 0, 0, 0, 0, 0, 0, 0, 0, 0, 0, 0, 0, 0, 0, 0.387704, -6.74018e-12, 0.247099, 0.387704, -6.74018e-12, 0.247099, 0.996195, -3.71201e-12, -0.0871557, -4.46982e-12, -1, -8.49977e-12, -0.0871557, 8.857e-12, -0.996195, 0
0.43, 2025-07-03__01-13-30.304929, -0.0727511, -0.309503, 0.0520963, -2.33209, -0.0100095, 1.94142, 0.484334, 0.00722461, -0.483512, -0.0559329, 0.0754899, -0.037801, 0.386487, -0.699543, 0, 0, 0, 0, 0, 0, 0, 0, 0, 0, 0, 0, 0, 0, 0.387704, -6.74018e-12, 0.247099, 0.387704, -6.74018e-12, 0.247099, 0.996195, -3.71201e-12, -0.0871557, -4.46982e-12, -1, -8.49977e-12, -0.0871557, 8.857e-12, -0.996195, 0
0.44, 2025-07-03__01-13-30.314927, -0.0727345, -0.313037, 0.051573, -2.3314, -0.0104339, 1.94551, 0.477076, 0.00401327, -0.33207, -0.0508407, 0.0718122, -0.0434912, 0.413384, -0.719544, 0, 0, 0, 0, 0, 0, 0, 0, 0, 0, 0, 0, 0, 0, 0.387704, -6.74018e-12, 0.247099, 0.387704, -6.74018e-12, 0.247099, 0.996195, -3.71201e-12, -0.0871557, -4.46982e-12, -1, -8.49977e-12, -0.0871557, 8.857e-12, -0.996195, 0
0.45, 2025-07-03__01-13-30.324927, -0.072718, -0.31563, 0.0510907, -2.33053, -0.010849, 1.94992, 0.470013, -0.000827338, -0.248059, -0.0487222, 0.0767875, -0.0421294, 0.441175, -0.712865, 0, 0, 0, 0, 0, 0, 0, 0, 0, 0, 0, 0, 0, 0, 0.387704, -6.74018e-12, 0.247099, 0.387704, -6.74018e-12, 0.247099, 0.996195, -3.71201e-12, -0.0871557, -4.46982e-12, -1, -8.49977e-12, -0.0871557, 8.857e-12, -0.996195, 0
0.46, 2025-07-03__01-13-30.334926, -0.0726612, -0.317509, 0.0506347, -2.32996, -0.0112999, 1.95419, 0.462697, 0.00522808, -0.15636, -0.0462569, 0.0496979, -0.0393783, 0.421323, -0.745169, 0, 0, 0, 0, 0, 0, 0, 0, 0, 0, 0, 0, 0, 0, 0.387704, -6.74018e-12, 0.247099, 0.387704, -6.74018e-12, 0.247099, 0.996195, -3.71201e-12, -0.0871557, -4.46982e-12, -1, -8.49977e-12, -0.0871557, 8.857e-12, -0.996195, 0
0.47, 2025-07-03__01-13-30.344927, -0.0725632, -0.318162, 0.0502459, -2.32952, -0.011831, 1.95852, 0.455565, 0.00798838, -0.0297485, -0.0363352, 0.0440911, -0.0550928, 0.443973, -0.706137, 0, 0, 0, 0, 0, 0, 0, 0, 0, 0, 0, 0, 0, 0, 0.387704, -6.74018e-12, 0.247099, 0.387704, -6.74018e-12, 0.247099, 0.996195, -3.71201e-12, -0.0871557, -4.46982e-12, -1, -8.49977e-12, -0.0871557, 8.857e-12, -0.996195, 0
0.48, 2025-07-03__01-13-30.354926, -0.0724342, -0.317442, 0.0498795, -2.32908, -0.0123442, 1.96307, 0.448848, 0.0133743, 0.0970037, -0.0351559, 0.0388484, -0.0493607, 0.45786, -0.664683, 0, 0, 0, 0, 0, 0, 0, 0, 0, 0, 0, 0, 0, 0, 0.387704, -6.74018e-12, 0.247099, 0.387704, -6.74018e-12, 0.247099, 0.996195, -3.71201e-12, -0.0871557, -4.46982e-12, -1, -8.49977e-12, -0.0871557, 8.857e-12, -0.996195, 0
0.49, 2025-07-03__01-13-30.364927, -0.0722883, -0.315903, 0.0496218, -2.3288, -0.0128475, 1.96749, 0.441736, 0.0153591, 0.170789, -0.0267855, 0.0268184, -0.0457125, 0.436054, -0.725943, 0, 0, 0, 0, 0, 0, 0, 0, 0, 0, 0, 0, 0, 0, 0.387704, -6.74018e-12, 0.247099, 0.387704, -6.74018e-12, 0.247099, 0.996195, -3.71201e-12, -0.0871557, -4.46982e-12, -1, -8.49977e-12, -0.0871557, 8.857e-12, -0.996195, 0
0.5, 2025-07-03__01-13-30.374927, -0.0721163, -0.313844, 0.0494482, -2.32853, -0.0133028, 1.97184, 0.434504, 0.0148587, 0.241649, -0.0153128, 0.025291, -0.0442267, 0.427822, -0.717633, 0, 0, 0, 0, 0, 0, 0, 0, 0, 0, 0, 0, 0, 0, 0.387704, -6.74018e-12, 0.247099, 0.387704, -6.74018e-12, 0.247099, 0.996195, -3.71201e-12, -0.0871557, -4.46982e-12, -1, -8.49977e-12, -0.0871557, 8.857e-12, -0.996195, 0
0.51, 2025-07-03__01-13-30.384927, -0.0719145, -0.310604, 0.0493781, -2.32835, -0.0137118, 1.97618, 0.427339, 0.0184333, 0.359066, -0.00815923, 0.0132252, -0.0355843, 0.434228, -0.72381, 0, 0, 0, 0, 0, 0, 0, 0, 0, 0, 0, 0, 0, 0, 0.387704, -6.74018e-12, 0.247099, 0.387704, -6.74018e-12, 0.247099, 0.996195, -3.71201e-12, -0.0871557, -4.46982e-12, -1, -8.49977e-12, -0.0871557, 8.857e-12, -0.996195, 0
0.52, 2025-07-03__01-13-30.394927, -0.0716943, -0.306178, 0.0493695, -2.32814, -0.0141122, 1.98068, 0.420069, 0.0230145, 0.455238, 0.0035631, 0.0251291, -0.0461298, 0.443966, -0.715467, 0, 0, 0, 0, 0, 0, 0, 0, 0, 0, 0, 0, 0, 0, 0.387704, -6.74018e-12, 0.247099, 0.387704, -6.74018e-12, 0.247099, 0.996195, -3.71201e-12, -0.0871557, -4.46982e-12, -1, -8.49977e-12, -0.0871557, 8.857e-12, -0.996195, 0
0.53, 2025-07-03__01-13-30.404928, -0.0714159, -0.30117, 0.0493963, -2.32783, -0.014544, 1.98524, 0.413848, 0.0316564, 0.503385, 0.000486399, 0.0382542, -0.0512548, 0.457244, -0.557266, 0, 0, 0, 0, 0, 0, 0, 0, 0, 0, 0, 0, 0, 0, 0.387704, -6.74018e-12, 0.247099, 0.387704, -6.74018e-12, 0.247099, 0.996195, -3.71201e-12, -0.0871557, -4.46982e-12, -1, -8.49977e-12, -0.0871557, 8.857e-12, -0.996195, 0
0.54, 2025-07-03__01-13-30.414928, -0.0710664, -0.295731, 0.0494671, -2.32742, -0.0149806, 1.98977, 0.410732, 0.0371945, 0.564315, 0.00154374, 0.0456369, -0.0374112, 0.451267, -0.216172, 0, 0, 0, 0, 0, 0, 0, 0, 0, 0, 0, 0, 0, 0, 0.387704, -6.74018e-12, 0.247099, 0.387704, -6.74018e-12, 0.247099, 0.996195, -3.71201e-12, -0.0871557, -4.46982e-12, -1, -8.49977e-12, -0.0871557, 8.857e-12, -0.996195, 0
0.55, 2025-07-03__01-13-30.424926, -0.0706113, -0.2898, 0.0495712, -2.32687, -0.0154495, 1.99422, 0.411175, 0.0485466, 0.598452, 0.00669648, 0.0635297, -0.0511275, 0.438484, 0.0954273, 0, 0, 0, 0, 0, 0, 0, 0, 0, 0, 0, 0, 0, 0, 0.387704, -6.74018e-12, 0.247099, 0.387704, -6.74018e-12, 0.247099, 0.996195, -3.71201e-12, -0.0871557, -4.46982e-12, -1, -8.49977e-12, -0.0871557, 8.857e-12, -0.996195, 0
0.56, 2025-07-03__01-13-30.434927, -0.0700735, -0.283695, 0.0496908, -2.32615, -0.0159097, 1.99863, 0.413804, 0.0591257, 0.629558, 0.0137518, 0.0738426, -0.0447997, 0.447806, 0.300419, 0, 0, 0, 0, 0, 0, 0, 0, 0, 0, 0, 0, 0, 0, 0.387704, -6.74018e-12, 0.247099, 0.387704, -6.74018e-12, 0.247099, 0.996195, -3.71201e-12, -0.0871557, -4.46982e-12, -1, -8.49977e-12, -0.0871557, 8.857e-12, -0.996195, 0
0.57, 2025-07-03__01-13-30.444927, -0.0694364, -0.277209, 0.0497989, -2.32528, -0.0163346, 2.00304, 0.417931, 0.0641315, 0.654014, 0.0135424, 0.0957208, -0.0453663, 0.438981, 0.452664, 0, 0, 0, 0, 0, 0, 0, 0, 0, 0, 0, 0, 0, 0, 0.387704, -6.74018e-12, 0.247099, 0.387704, -6.74018e-12, 0.247099, 0.996195, -3.71201e-12, -0.0871557, -4.46982e-12, -1, -8.49977e-12, -0.0871557, 8.857e-12, -0.996195, 0
0.58, 2025-07-03__01-13-30.454927, -0.0687265, -0.270724, 0.049953, -2.32428, -0.0167289, 2.00739, 0.423186, 0.07125, 0.659363, 0.0171456, 0.103052, -0.0370338, 0.424929, 0.534867, 0, 0, 0, 0, 0, 0, 0, 0, 0, 0, 0, 0, 0, 0, 0.387704, -6.74018e-12, 0.247099, 0.387704, -6.74018e-12, 0.247099, 0.996195, -3.71201e-12, -0.0871557, -4.46982e-12, -1, -8.49977e-12, -0.0871557, 8.857e-12, -0.996195, 0
0.59, 2025-07-03__01-13-30.464927, -0.0679894, -0.264106, 0.0501357, -2.32329, -0.0170806, 2.01169, 0.429021, 0.0756547, 0.665116, 0.0188122, 0.101495, -0.0297619, 0.428367, 0.607968, 0, 0, 0, 0, 0, 0, 0, 0, 0, 0, 0, 0, 0, 0, 0.387704, -6.74018e-12, 0.247099, 0.387704, -6.74018e-12, 0.247099, 0.996195, -3.71201e-12, -0.0871557, -4.46982e-12, -1, -8.49977e-12, -0.0871557, 8.857e-12, -0.996195, 0
0.6, 2025-07-03__01-13-30.474926, -0.0672704, -0.257428, 0.0503319, -2.32225, -0.0174497, 2.01606, 0.435804, 0.0724865, 0.676427, 0.0186448, 0.0993598, -0.0349756, 0.438037, 0.712867, 0, 0, 0, 0, 0, 0, 0, 0, 0, 0, 0, 0, 0, 0, 0.387704, -6.74018e-12, 0.247099, 0.387704, -6.74018e-12, 0.247099, 0.996195, -3.71201e-12, -0.0871557, -4.46982e-12, -1, -8.49977e-12, -0.0871557, 8.857e-12, -0.996195, 0
0.61, 2025-07-03__01-13-30.484927, -0.0665547, -0.250578, 0.0505476, -2.32113, -0.0178967, 2.02051, 0.443526, 0.0728777, 0.682452, 0.0230339, 0.112253, -0.0482198, 0.45367, 0.767604, 0, 0, 0, 0, 0, 0, 0, 0, 0, 0, 0, 0, 0, 0, 0.387704, -6.74018e-12, 0.247099, 0.387704, -6.74018e-12, 0.247099, 0.996195, -3.71201e-12, -0.0871557, -4.46982e-12, -1, -8.49977e-12, -0.0871557, 8.857e-12, -0.996195, 0
0.62, 2025-07-03__01-13-30.494927, -0.0658273, -0.243714, 0.0507723, -2.31996, -0.0183553, 2.02499, 0.451063, 0.0776946, 0.698645, 0.0157868, 0.120689, -0.0498312, 0.445216, 0.744263, 0, 0, 0, 0, 0, 0, 0, 0, 0, 0, 0, 0, 0, 0, 0.387704, -6.74018e-12, 0.247099, 0.387704, -6.74018e-12, 0.247099, 0.996195, -3.71201e-12, -0.0871557, -4.46982e-12, -1, -8.49977e-12, -0.0871557, 8.857e-12, -0.996195, 0
0.63, 2025-07-03__01-13-30.504927, -0.0650716, -0.236819, 0.050954, -2.31886, -0.0188296, 2.02945, 0.458613, 0.0724681, 0.686057, 0.0167187, 0.114269, -0.0477127, 0.438777, 0.766858, 0, 0, 0, 0, 0, 0, 0, 0, 0, 0, 0, 0, 0, 0, 0.387704, -6.74018e-12, 0.247099, 0.387704, -6.74018e-12, 0.247099, 0.996195, -3.71201e-12, -0.0871557, -4.46982e-12, -1, -8.49977e-12, -0.0871557, 8.857e-12, -0.996195, 0
0.64, 2025-07-03__01-13-30.514927, -0.0643329, -0.230045, 0.0510916, -2.3177, -0.0193067, 2.03389, 0.466327, 0.0726325, 0.682199, 0.0135047, 0.117761, -0.0455663, 0.441001, 0.759059, 0, 0, 0, 0, 0, 0, 0, 0, 0, 0, 0, 0, 0, 0, 0.387704, -6.74018e-12, 0.247099, 0.387704, -6.74018e-12, 0.247099, 0.996195, -3.71201e-12, -0.0871557, -4.46982e-12, -1, -8.49977e-12, -0.0871557, 8.857e-12, -0.996195, 0
0.65, 2025-07-03__01-13-30.524927, -0.0636796, -0.223176, 0.0511923, -2.31646, -0.0197166, 2.03842, 0.473601, 0.0661829, 0.67853, 0.00818347, 0.127884, -0.0362337, 0.455342, 0.709678, 0, 0, 0, 0, 0, 0, 0, 0, 0, 0, 0, 0, 0, 0, 0.387704, -6.74018e-12, 0.247099, 0.387704, -6.74018e-12, 0.247099, 0.996195, -3.71201e-12, -0.0871557, -4.46982e-12, -1, -8.49977e-12, -0.0871557, 8.857e-12, -0.996195, 0
0.66, 2025-07-03__01-13-30.534926, -0.0631228, -0.216554, 0.0512755, -2.31519, -0.0201083, 2.04289, 0.481102, 0.0531579, 0.662573, 0.0125135, 0.126609, -0.0459969, 0.430797, 0.753788, 0, 0, 0, 0, 0, 0, 0, 0, 0, 0, 0, 0, 0, 0, 0.387704, -6.74018e-12, 0.247099, 0.387704, -6.74018e-12, 0.247099, 0.996195, -3.71201e-12, -0.0871557, -4.46982e-12, -1, -8.49977e-12, -0.0871557, 8.857e-12, -0.996195, 0
0.67, 2025-07-03__01-13-30.544927, -0.0626687, -0.210141, 0.0513228, -2.31392, -0.0204893, 2.0473, 0.488578, 0.0428925, 0.634913, 0.0023032, 0.125599, -0.0329586, 0.437206, 0.741624, 0, 0, 0, 0, 0, 0, 0, 0, 0, 0, 0, 0, 0, 0, 0.387704, -6.74018e-12, 0.247099, 0.387704, -6.74018e-12, 0.247099, 0.996195, -3.71201e-12, -0.0871557, -4.46982e-12, -1, -8.49977e-12, -0.0871557, 8.857e-12, -0.996195, 0
0.68, 2025-07-03__01-13-30.554927, -0.0622888, -0.20392, 0.0513643, -2.31266, -0.020868, 2.05164, 0.496063, 0.0412172, 0.631219, 0.00598893, 0.133477, -0.0387147, 0.428127, 0.762805, 0, 0, 0, 0, 0, 0, 0, 0, 0, 0, 0, 0, 0, 0, 0.387704, -6.74018e-12, 0.247099, 0.387704, -6.74018e-12, 0.247099, 0.996195, -3.71201e-12, -0.0871557, -4.46982e-12, -1, -8.49977e-12, -0.0871557, 8.857e-12, -0.996195, 0
0.69, 2025-07-03__01-13-30.564927, -0.0619994, -0.197768, 0.0513751, -2.31131, -0.0212927, 2.05597, 0.503924, 0.0258675, 0.605076, 0.000218656, 0.136576, -0.0495432, 0.430279, 0.785704, 0, 0, 0, 0, 0, 0, 0, 0, 0, 0, 0, 0, 0, 0, 0.387704, -6.74018e-12, 0.247099, 0.387704, -6.74018e-12, 0.247099, 0.996195, -3.71201e-12, -0.0871557, -4.46982e-12, -1, -8.49977e-12, -0.0871557, 8.857e-12, -0.996195, 0
0.7, 2025-07-03__01-13-30.574928, -0.0617581, -0.192001, 0.0513734, -2.31002, -0.0217669, 2.06043, 0.511312, 0.0221639, 0.569057, -0.000642013, 0.128798, -0.050286, 0.441583, 0.742802, 0, 0, 0, 0, 0, 0, 0, 0, 0, 0, 0, 0, 0, 0, 0.387704, -6.74018e-12, 0.247099, 0.387704, -6.74018e-12, 0.247099, 0.996195, -3.71201e-12, -0.0871557, -4.46982e-12, -1, -8.49977e-12, -0.0871557, 8.857e-12, -0.996195, 0
0.71, 2025-07-03__01-13-30.584927, -0.0615959, -0.186376, 0.0513343, -2.30886, -0.0221982, 2.06484, 0.5186, 0.0119763, 0.559849, -0.00106651, 0.122669, -0.0437621, 0.438834, 0.747166, 0, 0, 0, 0, 0, 0, 0, 0, 0, 0, 0, 0, 0, 0, 0.387704, -6.74018e-12, 0.247099, 0.387704, -6.74018e-12, 0.247099, 0.996195, -3.71201e-12, -0.0871557, -4.46982e-12, -1, -8.49977e-12, -0.0871557, 8.857e-12, -0.996195, 0
0.72, 2025-07-03__01-13-30.594927, -0.0615303, -0.181005, 0.0513023, -2.30773, -0.0225809, 2.06931, 0.52591, 0.00939193, 0.537133, -0.00322617, 0.111979, -0.038968, 0.442879, 0.72384, 0, 0, 0, 0, 0, 0, 0, 0, 0, 0, 0, 0, 0, 0, 0.387704, -6.74018e-12, 0.247099, 0.387704, -6.74018e-12, 0.247099, 0.996195, -3.71201e-12, -0.0871557, -4.46982e-12, -1, -8.49977e-12, -0.0871557, 8.857e-12, -0.996195, 0
0.73, 2025-07-03__01-13-30.604929, -0.0615274, -0.175688, 0.0512754, -2.30662, -0.0229454, 2.07379, 0.533161, 0.00161976, 0.527416, -0.00447232, 0.110598, -0.0360297, 0.446025, 0.743165, 0, 0, 0, 0, 0, 0, 0, 0, 0, 0, 0, 0, 0, 0, 0.387704, -6.74018e-12, 0.247099, 0.387704, -6.74018e-12, 0.247099, 0.996195, -3.71201e-12, -0.0871557, -4.46982e-12, -1, -8.49977e-12, -0.0871557, 8.857e-12, -0.996195, 0
0.74, 2025-07-03__01-13-30.614927, -0.0615457, -0.170636, 0.0512494, -2.30551, -0.0233361, 2.07832, 0.54095, -0.00338319, 0.486556, -0.00615116, 0.108905, -0.0383198, 0.447344, 0.783969, 0, 0, 0, 0, 0, 0, 0, 0, 0, 0, 0, 0, 0, 0, 0.387704, -6.74018e-12, 0.247099, 0.387704, -6.74018e-12, 0.247099, 0.996195, -3.71201e-12, -0.0871557, -4.46982e-12, -1, -8.49977e-12, -0.0871557, 8.857e-12, -0.996195, 0
0.75, 2025-07-03__01-13-30.624928, -0.0615629, -0.165937, 0.0512347, -2.30449, -0.0237734, 2.08273, 0.548481, -0.00171897, 0.475232, -0.00131164, 0.102717, -0.0390821, 0.438128, 0.740527, 0, 0, 0, 0, 0, 0, 0, 0, 0, 0, 0, 0, 0, 0, 0.387704, -6.74018e-12, 0.247099, 0.387704, -6.74018e-12, 0.247099, 0.996195, -3.71201e-12, -0.0871557, -4.46982e-12, -1, -8.49977e-12, -0.0871557, 8.857e-12, -0.996195, 0
0.76, 2025-07-03__01-13-30.634927, -0.0615862, -0.1612, 0.0511845, -2.30348, -0.0242756, 2.08703, 0.555782, -0.00345304, 0.472553, -0.00528521, 0.108752, -0.0509518, 0.432337, 0.740669, 0, 0, 0, 0, 0, 0, 0, 0, 0, 0, 0, 0, 0, 0, 0.387704, -6.74018e-12, 0.247099, 0.387704, -6.74018e-12, 0.247099, 0.996195, -3.71201e-12, -0.0871557, -4.46982e-12, -1, -8.49977e-12, -0.0871557, 8.857e-12, -0.996195, 0
0.77, 2025-07-03__01-13-30.644927, -0.0616302, -0.156632, 0.0511131, -2.30248, -0.0248757, 2.09133, 0.563264, -0.00395191, 0.452923, -0.0059791, 0.0914232, -0.0622054, 0.426938, 0.737158, 0, 0, 0, 0, 0, 0, 0, 0, 0, 0, 0, 0, 0, 0, 0.387704, -6.74018e-12, 0.247099, 0.387704, -6.74018e-12, 0.247099, 0.996195, -3.71201e-12, -0.0871557, -4.46982e-12, -1, -8.49977e-12, -0.0871557, 8.857e-12, -0.996195, 0
0.78, 2025-07-03__01-13-30.654928, -0.0616921, -0.152129, 0.0510355, -2.30155, -0.025548, 2.09569, 0.570502, -0.00517933, 0.454571, -0.00919281, 0.0891763, -0.0611052, 0.434704, 0.733824, 0, 0, 0, 0, 0, 0, 0, 0, 0, 0, 0, 0, 0, 0, 0.387704, -6.74018e-12, 0.247099, 0.387704, -6.74018e-12, 0.247099, 0.996195, -3.71201e-12, -0.0871557, -4.46982e-12, -1, -8.49977e-12, -0.0871557, 8.857e-12, -0.996195, 0
0.79, 2025-07-03__01-13-30.664926, -0.0617675, -0.147563, 0.0509647, -2.30056, -0.0262014, 2.10012, 0.578098, -0.00446597, 0.457393, -0.00860231, 0.106355, -0.0561266, 0.44606, 0.768432, 0, 0, 0, 0, 0, 0, 0, 0, 0, 0, 0, 0, 0, 0, 0.387704, -6.74018e-12, 0.247099, 0.387704, -6.74018e-12, 0.247099, 0.996195, -3.71201e-12, -0.0871557, -4.46982e-12, -1, -8.49977e-12, -0.0871557, 8.857e-12, -0.996195, 0
0.8, 2025-07-03__01-13-30.674929, -0.0618432, -0.14329, 0.0509296, -2.29957, -0.0268705, 2.10454, 0.585369, -0.00343473, 0.40817, -0.00219233, 0.0965781, -0.0690269, 0.433235, 0.665538, 0, 0, 0, 0, 0, 0, 0, 0, 0, 0, 0, 0, 0, 0, 0.387704, -6.74018e-12, 0.247099, 0.387704, -6.74018e-12, 0.247099, 0.996195, -3.71201e-12, -0.0871557, -4.46982e-12, -1, -8.49977e-12, -0.0871557, 8.857e-12, -0.996195, 0
0.81, 2025-07-03__01-13-30.684930, -0.0619191, -0.139462, 0.0508948, -2.29867, -0.0275293, 2.10816, 0.590029, -0.00685397, 0.390671, -0.0025742, 0.0947364, -0.0577514, 0.341101, 0.425046, 0, 0, 0, 0, 0, 0, 0, 0, 0, 0, 0, 0, 0, 0, 0.387704, -6.74018e-12, 0.247099, 0.387704, -6.74018e-12, 0.247099, 0.996195, -3.71201e-12, -0.0871557, -4.46982e-12, -1, -8.49977e-12, -0.0871557, 8.857e-12, -0.996195, 0
0.82, 2025-07-03__01-13-30.694929, -0.0620185, -0.135271, 0.0508476, -2.29775, -0.0282039, 2.11141, 0.593486, -0.00713113, 0.423202, -0.00438727, 0.0997199, -0.0666667, 0.325852, 0.348054, 0, 0, 0, 0, 0, 0, 0, 0, 0, 0, 0, 0, 0, 0, 0.387704, -6.74018e-12, 0.247099, 0.387704, -6.74018e-12, 0.247099, 0.996195, -3.71201e-12, -0.0871557, -4.46982e-12, -1, -8.49977e-12, -0.0871557, 8.857e-12, -0.996195, 0
0.83, 2025-07-03__01-13-30.704929, -0.062121, -0.131134, 0.0507858, -2.29681, -0.0288561, 2.11485, 0.597388, -0.00686927, 0.395931, -0.00606479, 0.0865872, -0.0667436, 0.343039, 0.412584, 0, 0, 0, 0, 0, 0, 0, 0, 0, 0, 0, 0, 0, 0, 0.387704, -6.74018e-12, 0.247099, 0.387704, -6.74018e-12, 0.247099, 0.996195, -3.71201e-12, -0.0871557, -4.46982e-12, -1, -8.49977e-12, -0.0871557, 8.857e-12, -0.996195, 0
0.84, 2025-07-03__01-13-30.714928, -0.0622384, -0.127548, 0.0507664, -2.29616, -0.0294494, 2.11815, 0.601609, -0.0157838, 0.358852, -0.00503552, 0.0627801, -0.0564416, 0.323949, 0.407857, 0, 0, 0, 0, 0, 0, 0, 0, 0, 0, 0, 0, 0, 0, 0.387704, -6.74018e-12, 0.247099, 0.387704, -6.74018e-12, 0.247099, 0.996195, -3.71201e-12, -0.0871557, -4.46982e-12, -1, -8.49977e-12, -0.0871557, 8.857e-12, -0.996195, 0
0.85, 2025-07-03__01-13-30.724926, -0.0623446, -0.1239, 0.050766, -2.29552, -0.0299756, 2.12145, 0.605621, -0.010218, 0.368348, -0.000224614, 0.0743194, -0.0523913, 0.333073, 0.397791, 0, 0, 0, 0, 0, 0, 0, 0, 0, 0, 0, 0, 0, 0, 0.387704, -6.74018e-12, 0.247099, 0.387704, -6.74018e-12, 0.247099, 0.996195, -3.71201e-12, -0.0871557, -4.46982e-12, -1, -8.49977e-12, -0.0871557, 8.857e-12, -0.996195, 0
0.86, 2025-07-03__01-13-30.734930, -0.0624518, -0.120315, 0.0507678, -2.29482, -0.0304638, 2.12489, 0.609776, -0.015234, 0.355221, 0.000193554, 0.064389, -0.0480748, 0.341039, 0.423979, 0, 0, 0, 0, 0, 0, 0, 0, 0, 0, 0, 0, 0, 0, 0.387704, -6.74018e-12, 0.247099, 0.387704, -6.74018e-12, 0.247099, 0.996195, -3.71201e-12, -0.0871557, -4.46982e-12, -1, -8.49977e-12, -0.0871557, 8.857e-12, -0.996195, 0
0.87, 2025-07-03__01-13-30.744928, -0.0625525, -0.117164, 0.0507809, -2.2943, -0.0309465, 2.12818, 0.614324, -0.00840693, 0.3133, 0.000514925, 0.0459461, -0.0425633, 0.329115, 0.465238, 0, 0, 0, 0, 0, 0, 0, 0, 0, 0, 0, 0, 0, 0, 0.387704, -6.74018e-12, 0.247099, 0.387704, -6.74018e-12, 0.247099, 0.996195, -3.71201e-12, -0.0871557, -4.46982e-12, -1, -8.49977e-12, -0.0871557, 8.857e-12, -0.996195, 0
0.88, 2025-07-03__01-13-30.754929, -0.0626636, -0.114062, 0.0507706, -2.29381, -0.0314836, 2.13127, 0.619051, -0.0159126, 0.320997, -0.00203519, 0.0550663, -0.0530158, 0.31129, 0.463426, 0, 0, 0, 0, 0, 0, 0, 0, 0, 0, 0, 0, 0, 0, 0.387704, -6.74018e-12, 0.247099, 0.387704, -6.74018e-12, 0.247099, 0.996195, -3.71201e-12, -0.0871557, -4.46982e-12, -1, -8.49977e-12, -0.0871557, 8.857e-12, -0.996195, 0
0.89, 2025-07-03__01-13-30.764927, -0.0627723, -0.110784, 0.0507661, -2.29331, -0.032003, 2.13437, 0.623259, -0.00399519, 0.321378, 0.000784421, 0.0461886, -0.0464697, 0.304589, 0.405011, 0, 0, 0, 0, 0, 0, 0, 0, 0, 0, 0, 0, 0, 0, 0.387704, -6.74018e-12, 0.247099, 0.387704, -6.74018e-12, 0.247099, 0.996195, -3.71201e-12, -0.0871557, -4.46982e-12, -1, -8.49977e-12, -0.0871557, 8.857e-12, -0.996195, 0
0.9, 2025-07-03__01-13-30.774930, -0.062883, -0.107801, 0.0507702, -2.2929, -0.0324798, 2.13727, 0.627042, -0.0121464, 0.286137, 0.000403748, 0.0330547, -0.049491, 0.284564, 0.380621, 0, 0, 0, 0, 0, 0, 0, 0, 0, 0, 0, 0, 0, 0, 0.387704, -6.74018e-12, 0.247099, 0.387704, -6.74018e-12, 0.247099, 0.996195, -3.71201e-12, -0.0871557, -4.46982e-12, -1, -8.49977e-12, -0.0871557, 8.857e-12, -0.996195, 0
0.91, 2025-07-03__01-13-30.784929, -0.0629774, -0.105196, 0.0507875, -2.29256, -0.0328753, 2.13991, 0.631031, -0.0116433, 0.260797, 0.00302291, 0.0342372, -0.0341353, 0.253768, 0.424997, 0, 0, 0, 0, 0, 0, 0, 0, 0, 0, 0, 0, 0, 0, 0.387704, -6.74018e-12, 0.247099, 0.387704, -6.74018e-12, 0.247099, 0.996195, -3.71201e-12, -0.0871557, -4.46982e-12, -1, -8.49977e-12, -0.0871557, 8.857e-12, -0.996195, 0
0.92, 2025-07-03__01-13-30.794927, -0.06307, -0.102509, 0.0507752, -2.29218, -0.03316, 2.14239, 0.635551, -0.0130263, 0.270835, -0.00267241, 0.0415931, -0.0320451, 0.240008, 0.458432, 0, 0, 0, 0, 0, 0, 0, 0, 0, 0, 0, 0, 0, 0, 0.387704, -6.74018e-12, 0.247099, 0.387704, -6.74018e-12, 0.247099, 0.996195, -3.71201e-12, -0.0871557, -4.46982e-12, -1, -8.49977e-12, -0.0871557, 8.857e-12, -0.996195, 0
0.93, 2025-07-03__01-13-30.804930, -0.0631617, -0.099825, 0.0507671, -2.29181, -0.0333883, 2.14471, 0.640007, -0.00961106, 0.261353, -0.00109347, 0.0333841, -0.0255913, 0.233281, 0.430851, 0, 0, 0, 0, 0, 0, 0, 0, 0, 0, 0, 0, 0, 0, 0.387704, -6.74018e-12, 0.247099, 0.387704, -6.74018e-12, 0.247099, 0.996195, -3.71201e-12, -0.0871557, -4.46982e-12, -1, -8.49977e-12, -0.0871557, 8.857e-12, -0.996195, 0
0.94, 2025-07-03__01-13-30.814927, -0.0632313, -0.0975584, 0.0507671, -2.29145, -0.033617, 2.14669, 0.643891, -0.00542885, 0.217218, -0.000489712, 0.034002, -0.0211962, 0.184675, 0.392301, 0, 0, 0, 0, 0, 0, 0, 0, 0, 0, 0, 0, 0, 0, 0.387704, -6.74018e-12, 0.247099, 0.387704, -6.74018e-12, 0.247099, 0.996195, -3.71201e-12, -0.0871557, -4.46982e-12, -1, -8.49977e-12, -0.0871557, 8.857e-12, -0.996195, 0
0.95, 2025-07-03__01-13-30.824929, -0.0633182, -0.0955404, 0.0507718, -2.29109, -0.0338357, 2.1483, 0.647804, -0.00569897, 0.197746, 0.00198239, 0.0414177, -0.0199388, 0.149229, 0.399775, 0, 0, 0, 0, 0, 0, 0, 0, 0, 0, 0, 0, 0, 0, 0.387704, -6.74018e-12, 0.247099, 0.387704, -6.74018e-12, 0.247099, 0.996195, -3.71201e-12, -0.0871557, -4.46982e-12, -1, -8.49977e-12, -0.0871557, 8.857e-12, -0.996195, 0
0.96, 2025-07-03__01-13-30.834931, -0.0633931, -0.0937166, 0.0507724, -2.29069, -0.03405, 2.14957, 0.652154, -0.00428852, 0.174592, -0.00044336, 0.0393407, -0.0257594, 0.116067, 0.443048, 0, 0, 0, 0, 0, 0, 0, 0, 0, 0, 0, 0, 0, 0, 0.387704, -6.74018e-12, 0.247099, 0.387704, -6.74018e-12, 0.247099, 0.996195, -3.71201e-12, -0.0871557, -4.46982e-12, -1, -8.49977e-12, -0.0871557, 8.857e-12, -0.996195, 0
0.97, 2025-07-03__01-13-30.844927, -0.0634613, -0.0918656, 0.0507601, -2.29032, -0.0342452, 2.15095, 0.657855, -0.00284281, 0.192391, -0.00186271, 0.0379519, -0.0178335, 0.160206, 0.627849, 0, 0, 0, 0, 0, 0, 0, 0, 0, 0, 0, 0, 0, 0, 0.387704, -6.74018e-12, 0.247099, 0.387704, -6.74018e-12, 0.247099, 0.996195, -3.71201e-12, -0.0871557, -4.46982e-12, -1, -8.49977e-12, -0.0871557, 8.857e-12, -0.996195, 0
0.98, 2025-07-03__01-13-30.854927, -0.0635494, -0.0899832, 0.0507756, -2.28998, -0.0344396, 2.15278, 0.665259, -0.00629294, 0.169836, 0.00199329, 0.0328368, -0.0196893, 0.190822, 0.749485, 0, 0, 0, 0, 0, 0, 0, 0, 0, 0, 0, 0, 0, 0, 0.387704, -6.74018e-12, 0.247099, 0.387704, -6.74018e-12, 0.247099, 0.996195, -3.71201e-12, -0.0871557, -4.46982e-12, -1, -8.49977e-12, -0.0871557, 8.857e-12, -0.996195, 0
0.99, 2025-07-03__01-13-30.864927, -0.0636042, -0.088625, 0.0507802, -2.28976, -0.0346515, 2.15457, 0.672963, -0.000661787, 0.130777, 0.000490866, 0.0209223, -0.0152522, 0.165929, 0.771626, 0, 0, 0, 0, 0, 0, 0, 0, 0, 0, 0, 0, 0, 0, 0.387704, -6.74018e-12, 0.247099, 0.387704, -6.74018e-12, 0.247099, 0.996195, -3.71201e-12, -0.0871557, -4.46982e-12, -1, -8.49977e-12, -0.0871557, 8.857e-12, -0.996195, 0
1, 2025-07-03__01-13-30.874927, -0.0636398, -0.0873391, 0.0507678, -2.28955, -0.0348645, 2.15594, 0.680473, -0.00226575, 0.137718, -0.0012523, 0.0288242, -0.0218348, 0.129218, 0.737774, 0, 0, 0, 0, 0, 0, 0, 0, 0, 0, 0, 0, 0, 0, 0.387704, -6.74018e-12, 0.247099, 0.387704, -6.74018e-12, 0.247099, 0.996195, -3.71201e-12, -0.0871557, -4.46982e-12, -1, -8.49977e-12, -0.0871557, 8.857e-12, -0.996195, 0
1.01, 2025-07-03__01-13-30.884927, -0.0636771, -0.0859291, 0.0507649, -2.28923, -0.0350409, 2.15715, 0.687452, -0.00521742, 0.143233, -0.000459248, 0.035933, -0.0219255, 0.115828, 0.700545, 0, 0, 0, 0, 0, 0, 0, 0, 0, 0, 0, 0, 0, 0, 0.387704, -6.74018e-12, 0.247099, 0.387704, -6.74018e-12, 0.247099, 0.996195, -3.71201e-12, -0.0871557, -4.46982e-12, -1, -8.49977e-12, -0.0871557, 8.857e-12, -0.996195, 0
1.02, 2025-07-03__01-13-30.894927, -0.0637037, -0.0846603, 0.0507616, -2.28891, -0.0351597, 2.1581, 0.694773, -0.000847363, 0.120505, -0.000529731, 0.0317243, -0.00738335, 0.0902554, 0.753755, 0, 0, 0, 0, 0, 0, 0, 0, 0, 0, 0, 0, 0, 0, 0.387704, -6.74018e-12, 0.247099, 0.387704, -6.74018e-12, 0.247099, 0.996195, -3.71201e-12, -0.0871557, -4.46982e-12, -1, -8.49977e-12, -0.0871557, 8.857e-12, -0.996195, 0
1.03, 2025-07-03__01-13-30.904928, -0.0637192, -0.0837106, 0.0507669, -2.28864, -0.0352689, 2.15871, 0.702354, -0.000647489, 0.089946, 0.000416062, 0.0288907, -0.0113666, 0.0563175, 0.747587, 0, 0, 0, 0, 0, 0, 0, 0, 0, 0, 0, 0, 0, 0, 0.387704, -6.74018e-12, 0.247099, 0.387704, -6.74018e-12, 0.247099, 0.996195, -3.71201e-12, -0.0871557, -4.46982e-12, -1, -8.49977e-12, -0.0871557, 8.857e-12, -0.996195, 0
1.04, 2025-07-03__01-13-30.914927, -0.0637231, -0.0829511, 0.0507728, -2.28838, -0.0353468, 2.15913, 0.709451, -0.00202248, 0.0766718, 0.0020265, 0.0287488, -0.00848165, 0.042154, 0.712845, 0, 0, 0, 0, 0, 0, 0, 0, 0, 0, 0, 0, 0, 0, 0.387704, -6.74018e-12, 0.247099, 0.387704, -6.74018e-12, 0.247099, 0.996195, -3.71201e-12, -0.0871557, -4.46982e-12, -1, -8.49977e-12, -0.0871557, 8.857e-12, -0.996195, 0
1.05, 2025-07-03__01-13-30.924926, -0.0637376, -0.0823034, 0.0507696, -2.28811, -0.0354179, 2.15949, 0.716787, -0.00054332, 0.0603321, -0.000209605, 0.0269167, -0.00892097, 0.0333494, 0.735766, 0, 0, 0, 0, 0, 0, 0, 0, 0, 0, 0, 0, 0, 0, 0.387704, -6.74018e-12, 0.247099, 0.387704, -6.74018e-12, 0.247099, 0.996195, -3.71201e-12, -0.0871557, -4.46982e-12, -1, -8.49977e-12, -0.0871557, 8.857e-12, -0.996195, 0
1.06, 2025-07-03__01-13-30.934927, -0.0637497, -0.0818493, 0.0507724, -2.28786, -0.0354443, 2.15973, 0.724036, -0.00131086, 0.0428277, 0.000326836, 0.0281679, -0.00397508, 0.0253235, 0.720586, 0, 0, 0, 0, 0, 0, 0, 0, 0, 0, 0, 0, 0, 0, 0.387704, -6.74018e-12, 0.247099, 0.387704, -6.74018e-12, 0.247099, 0.996195, -3.71201e-12, -0.0871557, -4.46982e-12, -1, -8.49977e-12, -0.0871557, 8.857e-12, -0.996195, 0
1.07, 2025-07-03__01-13-30.944926, -0.0637479, -0.0815317, 0.0507777, -2.28764, -0.0354695, 2.15989, 0.731333, 0.000277588, 0.0307401, 0.000915404, 0.0225926, -0.00695674, 0.0141839, 0.742011, 0, 0, 0, 0, 0, 0, 0, 0, 0, 0, 0, 0, 0, 0, 0.387704, -6.74018e-12, 0.247099, 0.387704, -6.74018e-12, 0.247099, 0.996195, -3.71201e-12, -0.0871557, -4.46982e-12, -1, -8.49977e-12, -0.0871557, 8.857e-12, -0.996195, 0
1.08, 2025-07-03__01-13-30.954927, -0.0637402, -0.0813791, 0.0507831, -2.28749, -0.0354936, 2.16001, 0.738985, 0.00121522, 0.0118114, 0.000226118, 0.0124909, -0.000277157, 0.0125564, 0.760109, 0.0217948, -0.170105, 0.0195918, -0.115689, -0.058235, -0.118997, -4.69326, 0, 0, 0, 0, 0, 0, 0, 0.486382, -0.0156758, 0.142601, 0.48638, -0.0156758, 0.142604, 0.996195, -3.71201e-12, -0.0871557, -4.46982e-12, -1, -8.49977e-12, -0.0871557, 8.857e-12, -0.996195, 0
1.09, 2025-07-03__01-13-30.964927, -0.0637377, -0.081353, 0.0507901, -2.28738, -0.0355042, 2.16002, 0.745241, 0.00114586, 0.00277085, 0.000143684, 0.00979441, 0.00458183, -0.00464143, 0.501006, 0.0139527, 0.081716, -0.0117283, -0.175812, -0.0951482, -0.0112477, -3.48763, 0, 0, 0, 0, 0, 0, 0, 0.486449, -0.0156761, 0.142641, 0.48638, -0.0156758, 0.142604, 0.996195, -3.71201e-12, -0.0871557, -4.46982e-12, -1, -8.49977e-12, -0.0871557, 8.857e-12, -0.996195, 0
1.1, 2025-07-03__01-13-30.974927, -0.0637533, -0.0813306, 0.0508012, -2.28731, -0.035487, 2.15987, 0.745615, -9.62714e-05, -0.000655874, 0.000274544, 0.000856091, 0.000951337, -0.0141884, -0.0782014, 0.00565952, 0.0221126, -0.0240693, -0.0122587, -0.0329788, 0.0965516, 0.000728808, 0, 0, 0, 0, 0, 0, 0, 0.486435, -0.0156712, 0.142651, 0.48638, -0.0156758, 0.142604, 0.996195, -3.71201e-12, -0.0871557, -4.46982e-12, -1, -8.49977e-12, -0.0871557, 8.857e-12, -0.996195, 0
1.11, 2025-07-03__01-13-30.984927, -0.0637515, -0.0814079, 0.0508108, -2.28733, -0.0354678, 2.1597, 0.742922, 0.000792052, -0.00934881, -0.000448564, -0.00326462, -0.000334591, -0.016934, -0.274859, -0.024922, 0.2714, -0.0453627, -0.0630685, -0.00252684, 0.125335, 1.34919, 0, 0, 0, 0, 0, 0, 0, 0.486385, -0.0156628, 0.142671, 0.48638, -0.0156758, 0.142604, 0.996195, -3.71201e-12, -0.0871557, -4.46982e-12, -1, -8.49977e-12, -0.0871557, 8.857e-12, -0.996195, 0
1.12, 2025-07-03__01-13-30.994927, -0.0637459, -0.0814612, 0.0508363, -2.28736, -0.0354433, 2.15946, 0.740843, 0.00140705, -0.00647614, 0.00273467, -0.00133264, 0.00550558, -0.023078, -0.139872, -0.111509, 0.201902, -0.126146, -0.0351262, -0.0422623, 0.181458, 0.65227, 0, 0, 0, 0, 0, 0, 0, 0.486293, -0.0156477, 0.142661, 0.48638, -0.0156758, 0.142604, 0.996195, -3.71201e-12, -0.0871557, -4.46982e-12, -1, -8.49977e-12, -0.0871557, 8.857e-12, -0.996195, 0
1.13, 2025-07-03__01-13-31.004927, -0.0637437, -0.0815268, 0.0508593, -2.28735, -0.0354333, 2.1592, 0.740815, 0.00108258, -0.00665356, -0.00194937, 0.00102569, 0.000311059, -0.0268245, 0.00921759, 0.00550864, 0.256855, -0.00516598, -0.0826906, -0.0215934, 0.212863, -0.249386, 0, 0, 0, 0, 0, 0, 0, 0.486214, -0.0156335, 0.142672, 0.48638, -0.0156758, 0.142604, 0.996195, -3.71201e-12, -0.0871557, -4.46982e-12, -1, -8.49977e-12, -0.0871557, 8.857e-12, -0.996195, 0
1.14, 2025-07-03__01-13-31.014927, -0.0637535, -0.0815298, 0.050911, -2.28734, -0.0354277, 2.159, 0.741179, 0.000203189, -0.000742036, 0.00559401, 0.000776012, 0.000759821, -0.0226733, 0.019521, -0.149566, 0.0559341, -0.167292, 0.0138177, -0.0256933, 0.210062, -0.332554, 0, 0, 0, 0, 0, 0, 0, 0.486155, -0.0156147, 0.142675, 0.48638, -0.0156758, 0.142604, 0.996195, -3.71201e-12, -0.0871557, -4.46982e-12, -1, -8.49977e-12, -0.0871557, 8.857e-12, -0.996195, 0
1.15, 2025-07-03__01-13-31.024926, -0.0637523, -0.0815131, 0.0509528, -2.28734, -0.0354234, 2.15882, 0.741114, 0.00104676, 0.00109484, 0.00506763, 0.0010875, -0.00288635, -0.0142847, -0.00865395, -0.167015, 0.00327928, -0.184571, 0.0234346, -0.000683334, 0.168539, -0.157872, 0, 0, 0, 0, 0, 0, 0, 0.486088, -0.0155964, 0.142652, 0.48638, -0.0156758, 0.142604, 0.996195, -3.71201e-12, -0.0871557, -4.46982e-12, -1, -8.49977e-12, -0.0871557, 8.857e-12, -0.996195, 0
1.16, 2025-07-03__01-13-31.034927, -0.0637363, -0.0814992, 0.0509758, -2.28737, -0.0354204, 2.1587, 0.741045, 0.00107746, 0.00215658, 0.00226513, -0.00217845, -0.000114428, -0.0146752, -0.00612247, -0.112391, -0.104269, -0.128085, 0.118639, -0.0164515, 0.193221, -0.169363, 0, 0, 0, 0, 0, 0, 0, 0.486026, -0.0155756, 0.142623, 0.48638, -0.0156758, 0.142604, 0.996195, -3.71201e-12, -0.0871557, -4.46982e-12, -1, -8.49977e-12, -0.0871557, 8.857e-12, -0.996195, 0
1.17, 2025-07-03__01-13-31.044926, -0.0637426, -0.0814856, 0.0510078, -2.28738, -0.0354197, 2.15852, 0.741054, -0.00104143, 7.91741e-06, 0.0025548, 0.00118865, 0.000260237, -0.0222156, 0.00121906, -0.0762884, 0.000927802, -0.0921069, 0.0467088, -0.0212612, 0.243293, -0.214353, 0, 0, 0, 0, 0, 0, 0, 0.485958, -0.0155649, 0.142599, 0.48638, -0.0156758, 0.142604, 0.996195, -3.71201e-12, -0.0871557, -4.46982e-12, -1, -8.49977e-12, -0.0871557, 8.857e-12, -0.996195, 0
1.18, 2025-07-03__01-13-31.054926, -0.063756, -0.0814774, 0.051047, -2.28738, -0.0354176, 2.15835, 0.741049, -0.00134279, 0.00032943, 0.00569369, -0.000509476, 8.91048e-05, -0.0140996, 0.000363841, -0.14741, -0.02555, -0.165877, 0.0693086, -0.0193728, 0.204813, -0.208757, 0, 0, 0, 0, 0, 0, 0, 0.4859, -0.0155474, 0.142588, 0.48638, -0.0156758, 0.142604, 0.996195, -3.71201e-12, -0.0871557, -4.46982e-12, -1, -8.49977e-12, -0.0871557, 8.857e-12, -0.996195, 0
1.19, 2025-07-03__01-13-31.064927, -0.0637497, -0.0814862, 0.0510663, -2.28738, -0.035415, 2.1582, 0.741044, 0.000810808, -0.00137891, 0.00236855, -0.000442062, -0.000158531, -0.0161929, -0.00109566, -0.127692, 0.0309961, -0.143958, 0.0485084, -0.0183353, 0.225612, -0.199618, 0, 0, 0, 0, 0, 0, 0, 0.485846, -0.0155362, 0.142575, 0.48638, -0.0156758, 0.142604, 0.996195, -3.71201e-12, -0.0871557, -4.46982e-12, -1, -8.49977e-12, -0.0871557, 8.857e-12, -0.996195, 0
1.2, 2025-07-03__01-13-31.074927, -0.0637388, -0.0815029, 0.0510911, -2.28738, -0.0354131, 2.15809, 0.741043, 0.00168829, -0.00270437, 0.00623421, 2.18679e-05, 0.000139633, -0.00624599, 0.000738617, -0.245695, 0.115396, -0.264812, -0.0116222, -0.0207545, 0.159444, -0.210664, 0, 0, 0, 0, 0, 0, 0, 0.485807, -0.0155255, 0.142573, 0.48638, -0.0156758, 0.142604, 0.996195, -3.71201e-12, -0.0871557, -4.46982e-12, -1, -8.49977e-12, -0.0871557, 8.857e-12, -0.996195, 0
1.21, 2025-07-03__01-13-31.084927, -0.063744, -0.0815116, 0.0511033, -2.28737, -0.0354127, 2.15802, 0.741047, 0.000398585, -0.00162738, -0.000253803, -0.00229326, 1.80569e-05, -0.0111509, 0.00217996, -0.069375, 0.024356, -0.0840775, 0.0647679, -0.0190577, 0.207734, -0.21986, 0, 0, 0, 0, 0, 0, 0, 0.485787, -0.0155169, 0.142579, 0.48638, -0.0156758, 0.142604, 0.996195, -3.71201e-12, -0.0871557, -4.46982e-12, -1, -8.49977e-12, -0.0871557, 8.857e-12, -0.996195, 0
1.22, 2025-07-03__01-13-31.094926, -0.0637493, -0.0815116, 0.0511133, -2.28736, -0.0354089, 2.15797, 0.741039, -0.000448654, -0.00125926, -0.00028643, 0.000212406, 0.00414058, -0.00614566, -0.00100322, -0.0504677, 0.0644875, -0.0647881, 0.00267529, -0.0457418, 0.16979, -0.200607, 0, 0, 0, 0, 0, 0, 0, 0.485775, -0.0155173, 0.142579, 0.48638, -0.0156758, 0.142604, 0.996195, -3.71201e-12, -0.0871557, -4.46982e-12, -1, -8.49977e-12, -0.0871557, 8.857e-12, -0.996195, 0
1.23, 2025-07-03__01-13-31.104927, -0.0637515, -0.0815116, 0.0511239, -2.28737, -0.0354097, 2.15794, 0.741034, 0.00054415, 7.55048e-05, 0.000914726, -0.00287172, 0.000387725, -0.00232354, -0.00149647, -0.102008, -0.0275853, -0.117666, 0.0808794, -0.020572, 0.157786, -0.196905, 0, 0, 0, 0, 0, 0, 0, 0.485755, -0.0155124, 0.14257, 0.48638, -0.0156758, 0.142604, 0.996195, -3.71201e-12, -0.0871557, -4.46982e-12, -1, -8.49977e-12, -0.0871557, 8.857e-12, -0.996195, 0
1.24, 2025-07-03__01-13-31.114929, -0.0637495, -0.0815127, 0.0511377, -2.28737, -0.0354101, 2.15787, 0.741041, 0.000515328, -0.00010848, 0.00296074, 0.000916452, 0.00012059, -0.00466355, 0.00637171, -0.150057, 0.0382021, -0.166974, 0.0107829, -0.0211393, 0.166338, -0.244871, 0, 0, 0, 0, 0, 0, 0, 0.485734, -0.0155085, 0.142566, 0.48638, -0.0156758, 0.142604, 0.996195, -3.71201e-12, -0.0871557, -4.46982e-12, -1, -8.49977e-12, -0.0871557, 8.857e-12, -0.996195, 0
1.25, 2025-07-03__01-13-31.124927, -0.0637475, -0.0815095, 0.0511381, -2.28736, -0.0354083, 2.15782, 0.741036, -0.000500138, 0.00108639, 0.00135932, 0.00142932, 1.94752e-05, -0.00129896, 0.0012398, -0.0905787, 0.00853359, -0.10623, 0.00971848, -0.0201916, 0.147766, -0.213686, 0, 0, 0, 0, 0, 0, 0, 0.485721, -0.0155023, 0.142566, 0.48638, -0.0156758, 0.142604, 0.996195, -3.71201e-12, -0.0871557, -4.46982e-12, -1, -8.49977e-12, -0.0871557, 8.857e-12, -0.996195, 0
1.26, 2025-07-03__01-13-31.134926, -0.0637465, -0.0814958, 0.0511389, -2.28736, -0.0354075, 2.15779, 0.741035, -7.23422e-05, 0.000296157, 0.000488513, -0.000203051, 0.000196154, -0.00330223, 0.000371856, -0.0815705, -0.00082833, -0.0967803, 0.0386208, -0.020789, 0.167272, -0.208308, 0, 0, 0, 0, 0, 0, 0, 0.485709, -0.0154997, 0.142559, 0.48638, -0.0156758, 0.142604, 0.996195, -3.71201e-12, -0.0871557, -4.46982e-12, -1, -8.49977e-12, -0.0871557, 8.857e-12, -0.996195, 0
1.27, 2025-07-03__01-13-31.144927, -0.0637522, -0.0814894, 0.051134, -2.28738, -0.0354087, 2.15776, 0.741034, 0.000249655, 0.00363283, -0.00255917, -0.00505539, -0.00018599, -0.000280368, -0.000344538, -0.0155781, -0.203326, -0.029053, 0.188841, -0.0155151, 0.171534, -0.20389, 0, 0, 0, 0, 0, 0, 0, 0.485688, -0.0155033, 0.142548, 0.48638, -0.0156758, 0.142604, 0.996195, -3.71201e-12, -0.0871557, -4.46982e-12, -1, -8.49977e-12, -0.0871557, 8.857e-12, -0.996195, 0
1.28, 2025-07-03__01-13-31.154928, -0.06376, -0.0814975, 0.0511378, -2.28739, -0.0354119, 2.15773, 0.741029, -0.00157008, 0.00109509, -0.000445608, 0.000843954, -0.00014551, -0.00527618, -0.00136666, -0.0219757, -0.0240698, -0.0364287, 0.044078, -0.0184488, 0.184721, -0.197451, 0, 0, 0, 0, 0, 0, 0, 0.485671, -0.0155057, 0.142538, 0.48638, -0.0156758, 0.142604, 0.996195, -3.71201e-12, -0.0871557, -4.46982e-12, -1, -8.49977e-12, -0.0871557, 8.857e-12, -0.996195, 0
1.29, 2025-07-03__01-13-31.164927, -0.0637498, -0.0814929, 0.0511425, -2.28738, -0.0354092, 2.15769, 0.741036, 0.000884031, 0.000900724, 0.000875553, 0.00140594, -0.000170531, -0.00223661, 0.00039073, -0.111267, 0.00136161, -0.126737, 0.021018, -0.0189387, 0.163719, -0.208377, 0, 0, 0, 0, 0, 0, 0, 0.485664, -0.0155045, 0.142544, 0.48638, -0.0156758, 0.142604, 0.996195, -3.71201e-12, -0.0871557, -4.46982e-12, -1, -8.49977e-12, -0.0871557, 8.857e-12, -0.996195, 0
1.3, 2025-07-03__01-13-31.174926, -0.0637522, -0.0814988, 0.0511425, -2.28737, -0.0354073, 2.15767, 0.74103, -1.21664e-05, -0.00140796, -9.08453e-05, -0.000816147, -0.000740291, -3.51192e-05, -0.000433057, -0.0711407, 0.0527845, -0.0860238, 0.0179934, -0.0148559, 0.151525, -0.203146, 0, 0, 0, 0, 0, 0, 0, 0.485661, -0.0155047, 0.142544, 0.48638, -0.0156758, 0.142604, 0.996195, -3.71201e-12, -0.0871557, -4.46982e-12, -1, -8.49977e-12, -0.0871557, 8.857e-12, -0.996195, 0
1.31, 2025-07-03__01-13-31.184930, -0.0637515, -0.0815063, 0.0511425, -2.28737, -0.0354069, 2.15766, 0.741033, -5.34226e-05, -0.00124121, 7.27687e-05, -0.000343302, 0.000296471, -0.000477247, -0.000707871, -0.0738977, 0.0565565, -0.0888337, 0.0112279, -0.0215486, 0.154029, -0.20172, 0, 0, 0, 0, 0, 0, 0, 0.48566, -0.0155011, 0.14255, 0.48638, -0.0156758, 0.142604, 0.996195, -3.71201e-12, -0.0871557, -4.46982e-12, -1, -8.49977e-12, -0.0871557, 8.857e-12, -0.996195, 0
1.32, 2025-07-03__01-13-31.194927, -0.0637522, -0.0815063, 0.0511421, -2.28738, -0.0354079, 2.15764, 0.741035, 0.00108066, 0.000372455, -0.000492555, -0.00111585, 0.000191463, -0.00065278, 0.000882406, -0.0851712, -0.0159019, -0.0998459, 0.0571204, -0.0203439, 0.162637, -0.211366, 0, 0, 0, 0, 0, 0, 0, 0.485657, -0.0155053, 0.142551, 0.48638, -0.0156758, 0.142604, 0.996195, -3.71201e-12, -0.0871557, -4.46982e-12, -1, -8.49977e-12, -0.0871557, 8.857e-12, -0.996195, 0
1.33, 2025-07-03__01-13-31.204928, -0.0637545, -0.0815116, 0.0511407, -2.28737, -0.0354082, 2.15764, 0.74103, 0.000310815, -0.000460176, 9.56329e-06, 0.000313592, 0.000113469, -0.000482372, -0.00175401, -0.0789072, 0.0413196, -0.0937492, 0.0109126, -0.020406, 0.154996, -0.195175, 0, 0, 0, 0, 0, 0, 0, 0.485654, -0.0155048, 0.142551, 0.48638, -0.0156758, 0.142604, 0.996195, -3.71201e-12, -0.0871557, -4.46982e-12, -1, -8.49977e-12, -0.0871557, 8.857e-12, -0.996195, 0
1.34, 2025-07-03__01-13-31.214930, -0.0637548, -0.0815088, 0.0511456, -2.28737, -0.0354067, 2.15763, 0.741033, -0.000392777, 0.000296051, 0.000247638, 0.000374938, 0.000183891, -0.00119966, 0.000707836, -0.068481, 0.01233, -0.0835, 0.0251375, -0.0209985, 0.162117, -0.210265, 0, 0, 0, 0, 0, 0, 0, 0.485651, -0.015503, 0.142552, 0.48638, -0.0156758, 0.142604, 0.996195, -3.71201e-12, -0.0871557, -4.46982e-12, -1, -8.49977e-12, -0.0871557, 8.857e-12, -0.996195, 0
1.35, 2025-07-03__01-13-31.224928, -0.063747, -0.0815057, 0.0511509, -2.28738, -0.0354065, 2.15763, 0.741035, 0.00208455, -0.0049267, 0.000673508, -0.000208905, 0.000137318, 9.62447e-05, 0.000802929, -0.142092, 0.19132, -0.157589, -0.0512488, -0.021423, 0.143774, -0.210894, 0, 0, 0, 0, 0, 0, 0, 0.485645, -0.0155003, 0.142545, 0.48638, -0.0156758, 0.142604, 0.996195, -3.71201e-12, -0.0871557, -4.46982e-12, -1, -8.49977e-12, -0.0871557, 8.857e-12, -0.996195, 0
1.36, 2025-07-03__01-13-31.234929, -0.0637448, -0.081498, 0.0511509, -2.28737, -0.0354035, 2.15762, 0.741034, 0.00146244, 0.00394921, -0.000440854, 7.30969e-05, 7.24894e-05, -0.000494117, 0.000636475, -0.0952978, -0.124382, -0.109968, 0.0926283, -0.0197461, 0.166794, -0.209761, 0, 0, 0, 0, 0, 0, 0, 0.48564, -0.0154997, 0.14254, 0.48638, -0.0156758, 0.142604, 0.996195, -3.71201e-12, -0.0871557, -4.46982e-12, -1, -8.49977e-12, -0.0871557, 8.857e-12, -0.996195, 0
1.37, 2025-07-03__01-13-31.244927, -0.0637469, -0.0814957, 0.0511481, -2.28738, -0.035407, 2.15762, 0.741031, 0.000755471, 0.000298616, 0.000256885, -0.000764529, -0.000267114, -0.00357203, 0.000624282, -0.096948, -0.0175132, -0.11218, 0.0604443, -0.0177033, 0.183067, -0.209441, 0, 0, 0, 0, 0, 0, 0, 0.485644, -0.0155009, 0.142542, 0.48638, -0.0156758, 0.142604, 0.996195, -3.71201e-12, -0.0871557, -4.46982e-12, -1, -8.49977e-12, -0.0871557, 8.857e-12, -0.996195, 0
1.38, 2025-07-03__01-13-31.254928, -0.0637547, -0.0814929, 0.0511414, -2.28738, -0.0354074, 2.15762, 0.741027, -0.000330483, 0.000529706, -0.0072546, -0.00145344, -0.000104218, -0.000581911, -0.000777263, 0.101421, -0.0393368, 0.091661, 0.067151, -0.0181055, 0.166095, -0.20127, 0, 0, 0, 0, 0, 0, 0, 0.485645, -0.0155, 0.142543, 0.48638, -0.0156758, 0.142604, 0.996195, -3.71201e-12, -0.0871557, -4.46982e-12, -1, -8.49977e-12, -0.0871557, 8.857e-12, -0.996195, 0
1.39, 2025-07-03__01-13-31.264927, -0.0637565, -0.0814979, 0.0511411, -2.28738, -0.0354074, 2.15761, 0.741026, -0.000533321, -0.0010431, -0.00174176, 8.44008e-05, -6.5133e-05, -6.56173e-05, -0.00111461, -0.0199821, 0.0496722, -0.0335595, 0.00914022, -0.0192826, 0.154498, -0.19894, 0, 0, 0, 0, 0, 0, 0, 0.485636, -0.0155009, 0.142538, 0.48638, -0.0156758, 0.142604, 0.996195, -3.71201e-12, -0.0871557, -4.46982e-12, -1, -8.49977e-12, -0.0871557, 8.857e-12, -0.996195, 0
1.4, 2025-07-03__01-13-31.274927, -0.0637513, -0.0814932, 0.0511495, -2.28737, -0.0354025, 2.15761, 0.741033, 0.00051671, 0.000982712, -0.000694532, 0.002247, 0.000333529, 6.68554e-05, 0.00204317, -0.0683289, 0.0160153, -0.0825478, -0.00205721, -0.0229275, 0.150832, -0.218427, 0, 0, 0, 0, 0, 0, 0, 0.485636, -0.015497, 0.142538, 0.48638, -0.0156758, 0.142604, 0.996195, -3.71201e-12, -0.0871557, -4.46982e-12, -1, -8.49977e-12, -0.0871557, 8.857e-12, -0.996195, 0
1.41, 2025-07-03__01-13-31.284927, -0.0637469, -0.081501, 0.0511495, -2.28737, -0.0354042, 2.1576, 0.74103, 0.000907914, 0.000899805, -0.000857186, 0.00105627, -0.000143029, 3.98469e-07, -0.00103266, -0.0750279, 0.001538, -0.0892597, 0.0201768, -0.0191602, 0.155294, -0.199539, 0, 0, 0, 0, 0, 0, 0, 0.485634, -0.0154978, 0.142541, 0.48638, -0.0156758, 0.142604, 0.996195, -3.71201e-12, -0.0871557, -4.46982e-12, -1, -8.49977e-12, -0.0871557, 8.857e-12, -0.996195, 0
1.42, 2025-07-03__01-13-31.294926, -0.0637548, -0.0815088, 0.0511495, -2.28737, -0.0354035, 2.1576, 0.741026, -0.00639497, -0.000586315, -3.26212e-05, 0.00036432, -0.000129082, -0.000104281, -0.00142866, 0.0722391, 0.0398333, 0.0576754, 0.0070669, -0.0189911, 0.155516, -0.197284, 0, 0, 0, 0, 0, 0, 0, 0.485635, -0.0154994, 0.142543, 0.48638, -0.0156758, 0.142604, 0.996195, -3.71201e-12, -0.0871557, -4.46982e-12, -1, -8.49977e-12, -0.0871557, 8.857e-12, -0.996195, 0
1.43, 2025-07-03__01-13-31.304928, -0.0637548, -0.0815141, 0.0511506, -2.28738, -0.0354035, 2.1576, 0.741028, -0.00054373, -0.00153501, 0.00141944, -0.00112954, -9.16383e-06, 0.000174623, -0.00102214, -0.0949918, 0.0557584, -0.110986, 0.0232224, -0.0194911, 0.15548, -0.19944, 0, 0, 0, 0, 0, 0, 0, 0.485641, -0.0154998, 0.14255, 0.48638, -0.0156758, 0.142604, 0.996195, -3.71201e-12, -0.0871557, -4.46982e-12, -1, -8.49977e-12, -0.0871557, 8.857e-12, -0.996195, 0
1.44, 2025-07-03__01-13-31.314927, -0.0637547, -0.0815109, 0.0511548, -2.28737, -0.0354025, 2.1576, 0.74103, 6.32136e-05, -0.000276529, 0.00104563, 0.00133568, 0.000407946, -0.000244531, 0.000971212, -0.0994785, 0.0521692, -0.115023, -0.00599808, -0.0231717, 0.153251, -0.21169, 0, 0, 0, 0, 0, 0, 0, 0.485636, -0.015501, 0.142546, 0.48638, -0.0156758, 0.142604, 0.996195, -3.71201e-12, -0.0871557, -4.46982e-12, -1, -8.49977e-12, -0.0871557, 8.857e-12, -0.996195, 0
1.45, 2025-07-03__01-13-31.324926, -0.0637522, -0.0815042, 0.0511521, -2.28738, -0.0354038, 2.15759, 0.741034, -0.000145094, -0.000380629, -0.00125836, -0.000347381, -0.0018115, -0.000572122, 0.000221263, -0.0426152, 0.0201486, -0.0567174, 0.0310058, -0.00842089, 0.161791, -0.207309, 0, 0, 0, 0, 0, 0, 0, 0.48563, -0.0154932, 0.142539, 0.48638, -0.0156758, 0.142604, 0.996195, -3.71201e-12, -0.0871557, -4.46982e-12, -1, -8.49977e-12, -0.0871557, 8.857e-12, -0.996195, 0
1.46, 2025-07-03__01-13-31.334927, -0.0637522, -0.0815043, 0.0511581, -2.28738, -0.0354031, 2.15759, 0.741029, -0.000262252, -9.21466e-05, 0.000768234, -0.000862798, 0.00309617, 0.000427234, 0.000170492, -0.0875416, 0.00596128, -0.103041, 0.0417298, -0.0388763, 0.156987, -0.206932, 0, 0, 0, 0, 0, 0, 0, 0.485631, -0.015497, 0.142542, 0.48638, -0.0156758, 0.142604, 0.996195, -3.71201e-12, -0.0871557, -4.46982e-12, -1, -8.49977e-12, -0.0871557, 8.857e-12, -0.996195, 0
1.47, 2025-07-03__01-13-31.344927, -0.0637547, -0.0814982, 0.0511534, -2.28738, -0.0354051, 2.15759, 0.741024, -0.000825808, 0.000193822, -0.000835965, -0.000206464, -0.000472377, 0.000101069, -0.00141217, -0.0361477, 0.00130031, -0.0504734, 0.0362061, -0.0164993, 0.158186, -0.196929, 0, 0, 0, 0, 0, 0, 0, 0.48563, -0.0154945, 0.142538, 0.48638, -0.0156758, 0.142604, 0.996195, -3.71201e-12, -0.0871557, -4.46982e-12, -1, -8.49977e-12, -0.0871557, 8.857e-12, -0.996195, 0
1.48, 2025-07-03__01-13-31.354927, -0.0637575, -0.0814961, 0.0511527, -2.28737, -0.0354037, 2.15759, 0.74103, -0.000602321, -0.000188961, -0.000348212, 0.00230255, -0.000152037, 0.000301915, 0.000736418, -0.0512061, 0.0590047, -0.0656556, -0.0232725, -0.0199178, 0.147953, -0.210364, 0, 0, 0, 0, 0, 0, 0, 0.485634, -0.0154991, 0.142541, 0.48638, -0.0156758, 0.142604, 0.996195, -3.71201e-12, -0.0871557, -4.46982e-12, -1, -8.49977e-12, -0.0871557, 8.857e-12, -0.996195, 0
1.49, 2025-07-03__01-13-31.364927, -0.0637522, -0.0814957, 0.0511552, -2.28738, -0.0354031, 2.15759, 0.741033, 0.000846386, 0.000547043, 0.000994415, 5.69067e-06, 0.00559315, 7.36587e-05, -0.00624622, -0.116772, -0.0046583, -0.132371, 0.0367888, -0.0543706, 0.158385, -0.168374, 0, 0, 0, 0, 0, 0, 0, 0.485629, -0.0155022, 0.142538, 0.48638, -0.0156758, 0.142604, 0.996195, -3.71201e-12, -0.0871557, -4.46982e-12, -1, -8.49977e-12, -0.0871557, 8.857e-12, -0.996195, 0
1.5, 2025-07-03__01-13-31.374926, -0.0637522, -0.081501, 0.0511552, -2.28738, -0.0354031, 2.15758, 0.741027, -0.000226599, -0.000282343, -0.000576588, -0.000597322, 0.000484161, 0.000182799, -0.00162568, -0.0571735, 0.0136256, -0.0717285, 0.0355307, -0.0225458, 0.158343, -0.19583, 0, 0, 0, 0, 0, 0, 0, 0.485632, -0.0154958, 0.142543, 0.48638, -0.0156758, 0.142604, 0.996195, -3.71201e-12, -0.0871557, -4.46982e-12, -1, -8.49977e-12, -0.0871557, 8.857e-12, -0.996195, 0
1.51, 2025-07-03__01-13-31.384928, -0.0637522, -0.0815063, 0.0511581, -2.28738, -0.0354038, 2.15757, 0.741028, 0.00182871, -0.00481661, 0.0011357, -0.000687469, -2.18652e-05, 8.61897e-05, -0.000996349, -0.147283, 0.17838, -0.16318, -0.0377478, -0.0202331, 0.149674, -0.199534, 0, 0, 0, 0, 0, 0, 0, 0.485623, -0.0154983, 0.142538, 0.48638, -0.0156758, 0.142604, 0.996195, -3.71201e-12, -0.0871557, -4.46982e-12, -1, -8.49977e-12, -0.0871557, 8.857e-12, -0.996195, 0
1.52, 2025-07-03__01-13-31.394926, -0.0637607, -0.0815115, 0.0511527, -2.28738, -0.0354026, 2.15758, 0.741031, -0.000954004, -0.00230859, -0.000798927, -0.000578027, -3.87638e-05, 0.000611691, 0.000475664, -0.0348501, 0.0898865, -0.0491972, -0.00193414, -0.0198065, 0.150808, -0.208871, 0, 0, 0, 0, 0, 0, 0, 0.485632, -0.0154992, 0.142544, 0.48638, -0.0156758, 0.142604, 0.996195, -3.71201e-12, -0.0871557, -4.46982e-12, -1, -8.49977e-12, -0.0871557, 8.857e-12, -0.996195, 0
1.53, 2025-07-03__01-13-31.404928, -0.0637551, -0.0815063, 0.0511527, -2.28738, -0.0354014, 2.15757, 0.741031, -0.000185611, 0.000174938, -0.000703884, -0.00189662, 0.000233197, -0.0048929, 0.00339565, -0.0530194, -0.0337318, -0.0676105, 0.084287, -0.0209204, 0.198727, -0.226323, 0, 0, 0, 0, 0, 0, 0, 0.485633, -0.0154978, 0.142546, 0.48638, -0.0156758, 0.142604, 0.996195, -3.71201e-12, -0.0871557, -4.46982e-12, -1, -8.49977e-12, -0.0871557, 8.857e-12, -0.996195, 0
1.54, 2025-07-03__01-13-31.414927, -0.0637552, -0.0815063, 0.0511552, -2.28738, -0.0354031, 2.15757, 0.741025, 0.000607879, -0.00160881, 5.76391e-05, -0.000266873, 1.05373e-05, -0.000209577, -0.000553577, -0.0908387, 0.0684387, -0.105852, 0.00776212, -0.0200709, 0.157572, -0.202119, 0, 0, 0, 0, 0, 0, 0, 0.485624, -0.0154995, 0.142541, 0.48638, -0.0156758, 0.142604, 0.996195, -3.71201e-12, -0.0871557, -4.46982e-12, -1, -8.49977e-12, -0.0871557, 8.857e-12, -0.996195, 0
1.55, 2025-07-03__01-13-31.424926, -0.0637554, -0.0815063, 0.051155, -2.28738, -0.0354044, 2.15757, 0.741022, -5.97179e-05, -0.000939478, -0.000582211, -0.00116729, -0.000120287, -0.000191498, -0.000857519, -0.0606749, 0.0283836, -0.0752807, 0.0368816, -0.018622, 0.16178, -0.200127, 0, 0, 0, 0, 0, 0, 0, 0.485629, -0.0154987, 0.142544, 0.48638, -0.0156758, 0.142604, 0.996195, -3.71201e-12, -0.0871557, -4.46982e-12, -1, -8.49977e-12, -0.0871557, 8.857e-12, -0.996195, 0
1.56, 2025-07-03__01-13-31.434928, -0.0637526, -0.0815034, 0.0511581, -2.28738, -0.0354021, 2.15757, 0.741026, 0.000770514, -0.000111672, 0.000710886, -0.000359187, 0.000289842, 0.000157174, 0.000891664, -0.109307, 0.0141022, -0.12482, 0.0341434, -0.0216748, 0.158484, -0.210885, 0, 0, 0, 0, 0, 0, 0, 0.485624, -0.015498, 0.142539, 0.48638, -0.0156758, 0.142604, 0.996195, -3.71201e-12, -0.0871557, -4.46982e-12, -1, -8.49977e-12, -0.0871557, 8.857e-12, -0.996195, 0
1.57, 2025-07-03__01-13-31.444926, -0.0637579, -0.081501, 0.0511584, -2.28737, -0.0354031, 2.15757, 0.741029, -0.00107777, -4.62601e-05, 0.000571577, 0.000874515, 8.11966e-05, -0.000124044, 0.000690916, -0.0626829, 0.0308601, -0.0779308, 0.00918878, -0.0207969, 0.156776, -0.209963, 0, 0, 0, 0, 0, 0, 0, 0.485628, -0.0154986, 0.142542, 0.48638, -0.0156758, 0.142604, 0.996195, -3.71201e-12, -0.0871557, -4.46982e-12, -1, -8.49977e-12, -0.0871557, 8.857e-12, -0.996195, 0
1.58, 2025-07-03__01-13-31.454927, -0.0637585, -0.0814982, 0.0511603, -2.28737, -0.0354041, 2.15757, 0.741024, -0.000949982, -0.000386199, 0.00139812, 0.000417944, -0.000183664, -0.000235383, -0.000552454, -0.0850796, 0.0348457, -0.100984, 0.0139619, -0.0188553, 0.158185, -0.202051, 0, 0, 0, 0, 0, 0, 0, 0.485627, -0.0155006, 0.142538, 0.48638, -0.0156758, 0.142604, 0.996195, -3.71201e-12, -0.0871557, -4.46982e-12, -1, -8.49977e-12, -0.0871557, 8.857e-12, -0.996195, 0
1.59, 2025-07-03__01-13-31.464927, -0.0637584, -0.081495, 0.0511538, -2.28738, -0.0354037, 2.15757, 0.741027, -0.00148402, 0.00119896, 0.000622496, -0.000289654, 1.87281e-05, 0.000347561, 0.000559193, -0.0526431, -0.0361907, -0.0680048, 0.0551395, -0.0195807, 0.160231, -0.20901, 0, 0, 0, 0, 0, 0, 0, 0.485619, -0.0155017, 0.142536, 0.48638, -0.0156758, 0.142604, 0.996195, -3.71201e-12, -0.0871557, -4.46982e-12, -1, -8.49977e-12, -0.0871557, 8.857e-12, -0.996195, 0
1.6, 2025-07-03__01-13-31.474927, -0.0637525, -0.081501, 0.0511582, -2.28738, -0.0354006, 2.15756, 0.741028, -0.000479354, -0.000795968, -0.000126378, -0.00144006, 5.31522e-05, -0.00269392, 0.000319983, -0.0624275, 0.0113543, -0.0774063, 0.0535695, -0.0199298, 0.180931, -0.207557, 0, 0, 0, 0, 0, 0, 0, 0.485628, -0.0154942, 0.142542, 0.48638, -0.0156758, 0.142604, 0.996195, -3.71201e-12, -0.0871557, -4.46982e-12, -1, -8.49977e-12, -0.0871557, 8.857e-12, -0.996195, 0
1.61, 2025-07-03__01-13-31.484927, -0.0637507, -0.081501, 0.0511665, -2.28738, -0.0354038, 2.15757, 0.741029, 0.000362895, 0.00121084, 0.00253348, -0.000481236, -1.95442e-05, -0.000299195, -5.30633e-05, -0.142684, -0.0356952, -0.159603, 0.0611869, -0.0193084, 0.164749, -0.205182, 0, 0, 0, 0, 0, 0, 0, 0.485624, -0.0154946, 0.142539, 0.48638, -0.0156758, 0.142604, 0.996195, -3.71201e-12, -0.0871557, -4.46982e-12, -1, -8.49977e-12, -0.0871557, 8.857e-12, -0.996195, 0
1.62, 2025-07-03__01-13-31.494927, -0.0637507, -0.0815085, 0.0511538, -2.28737, -0.0354011, 2.15756, 0.741026, 0.00148459, -0.00203205, -0.000922394, 0.000755132, -0.0002583, -0.00011647, -0.000598432, -0.0893137, 0.102978, -0.103537, -0.022372, -0.0190667, 0.153241, -0.201947, 0, 0, 0, 0, 0, 0, 0, 0.485629, -0.0154982, 0.142544, 0.48638, -0.0156758, 0.142604, 0.996195, -3.71201e-12, -0.0871557, -4.46982e-12, -1, -8.49977e-12, -0.0871557, 8.857e-12, -0.996195, 0
1.63, 2025-07-03__01-13-31.504928, -0.0637565, -0.0815063, 0.0511584, -2.28738, -0.0354027, 2.15756, 0.741025, -0.000374233, -0.000416009, 4.23927e-05, -0.00072024, -0.000199666, 0.000492549, -0.000159502, -0.0677407, 0.0187471, -0.0827705, 0.0349563, -0.018363, 0.157465, -0.204526, 0, 0, 0, 0, 0, 0, 0, 0.48562, -0.0154968, 0.142539, 0.48638, -0.0156758, 0.142604, 0.996195, -3.71201e-12, -0.0871557, -4.46982e-12, -1, -8.49977e-12, -0.0871557, 8.857e-12, -0.996195, 0
1.64, 2025-07-03__01-13-31.514927, -0.0637548, -0.0815035, 0.0511559, -2.28738, -0.0354031, 2.15756, 0.741024, -0.000528351, 0.000423536, -0.000500404, 0.000883233, 0.000164589, -0.000269741, -0.0002475, -0.0505857, 0.0124932, -0.0650567, 0.0190278, -0.0211343, 0.159778, -0.204007, 0, 0, 0, 0, 0, 0, 0, 0.485621, -0.0154969, 0.14254, 0.48638, -0.0156758, 0.142604, 0.996195, -3.71201e-12, -0.0871557, -4.46982e-12, -1, -8.49977e-12, -0.0871557, 8.857e-12, -0.996195, 0
1.65, 2025-07-03__01-13-31.524927, -0.0637527, -0.0815035, 0.0511637, -2.28737, -0.0353996, 2.15756, 0.741025, 0.000728798, 0.000647498, 0.00481011, 0.00230488, 0.000124711, -0.000116647, 0.000193165, -0.201594, 0.0360326, -0.219854, -0.00667003, -0.0217921, 0.153839, -0.20641, 0, 0, 0, 0, 0, 0, 0, 0.485626, -0.0154968, 0.142544, 0.48638, -0.0156758, 0.142604, 0.996195, -3.71201e-12, -0.0871557, -4.46982e-12, -1, -8.49977e-12, -0.0871557, 8.857e-12, -0.996195, 0
1.66, 2025-07-03__01-13-31.534928, -0.0637579, -0.081501, 0.0511612, -2.28737, -0.0354017, 2.15756, 0.741026, -0.000808916, 0.00104029, 0.000986982, -0.000301303, 0.000207582, 0.000157326, 0.000908889, -0.078181, -0.0265408, -0.0938483, 0.0507404, -0.020997, 0.161366, -0.211036, 0, 0, 0, 0, 0, 0, 0, 0.485625, -0.0154963, 0.142543, 0.48638, -0.0156758, 0.142604, 0.996195, -3.71201e-12, -0.0871557, -4.46982e-12, -1, -8.49977e-12, -0.0871557, 8.857e-12, -0.996195, 0
1.67, 2025-07-03__01-13-31.544926, -0.0637552, -0.0815004, 0.0511584, -2.28738, -0.0354001, 2.15756, 0.741025, 0.000494452, 0.00151323, -0.000387662, -0.00208353, -0.000368011, 0.000131724, 0.000480028, -0.0764552, -0.0753549, -0.091339, 0.0970278, -0.0166219, 0.168308, -0.208291, 0, 0, 0, 0, 0, 0, 0, 0.485624, -0.0154947, 0.14254, 0.48638, -0.0156758, 0.142604, 0.996195, -3.71201e-12, -0.0871557, -4.46982e-12, -1, -8.49977e-12, -0.0871557, 8.857e-12, -0.996195, 0
1.68, 2025-07-03__01-13-31.554928, -0.0637569, -0.0815065, 0.0511531, -2.28738, -0.0354026, 2.15756, 0.741023, -0.000432451, -0.00190641, -0.00156347, 0.000252897, 0.000249679, -0.000518175, -0.000151831, -0.0296083, 0.0846743, -0.0433332, -0.00732172, -0.0218495, 0.158448, -0.204616, 0, 0, 0, 0, 0, 0, 0, 0.48562, -0.0154978, 0.142538, 0.48638, -0.0156758, 0.142604, 0.996195, -3.71201e-12, -0.0871557, -4.46982e-12, -1, -8.49977e-12, -0.0871557, 8.857e-12, -0.996195, 0
1.69, 2025-07-03__01-13-31.564927, -0.0637554, -0.0815017, 0.0511584, -2.28738, -0.0354002, 2.15756, 0.741023, 0.000122621, 2.7863e-05, 0.000303668, -0.000408064, 7.71977e-05, 0.000283483, -0.00137689, -0.0847814, 0.00674953, -0.0999776, 0.0375673, -0.0202223, 0.158956, -0.19701, 0, 0, 0, 0, 0, 0, 0, 0.485616, -0.0154983, 0.142538, 0.48638, -0.0156758, 0.142604, 0.996195, -3.71201e-12, -0.0871557, -4.46982e-12, -1, -8.49977e-12, -0.0871557, 8.857e-12, -0.996195, 0
1.7, 2025-07-03__01-13-31.574926, -0.0637529, -0.081501, 0.0511584, -2.28737, -0.0353991, 2.15756, 0.74102, 0.00122116, 0.000184112, -0.000142557, 0.00191628, 0.00148054, 0.000269739, -0.000924591, -0.0995363, 0.0423383, -0.114184, -0.00921461, -0.0300977, 0.151952, -0.199707, 0, 0, 0, 0, 0, 0, 0, 0.485625, -0.0154985, 0.142542, 0.48638, -0.0156758, 0.142604, 0.996195, -3.71201e-12, -0.0871557, -4.46982e-12, -1, -8.49977e-12, -0.0871557, 8.857e-12, -0.996195, 0
1.71, 2025-07-03__01-13-31.584928, -0.0637535, -0.081501, 0.0511584, -2.28737, -0.0353984, 2.15756, 0.741026, -0.000116138, 0.000342706, 0.00171539, -0.000789243, 0.000155526, 0.000150608, 0.00116477, -0.111512, -0.00863073, -0.127736, 0.0493034, -0.0208279, 0.161238, -0.212515, 0, 0, 0, 0, 0, 0, 0, 0.485625, -0.0154973, 0.142543, 0.48638, -0.0156758, 0.142604, 0.996195, -3.71201e-12, -0.0871557, -4.46982e-12, -1, -8.49977e-12, -0.0871557, 8.857e-12, -0.996195, 0
1.72, 2025-07-03__01-13-31.594926, -0.0637554, -0.0815035, 0.0511612, -2.28738, -0.0353988, 2.15755, 0.741026, 0.000668223, 0.000479416, 0.00113183, -0.000653513, 0.000242976, -0.000824693, 0.000960633, -0.116038, -0.0141384, -0.131897, 0.0536964, -0.0213813, 0.168756, -0.211242, 0, 0, 0, 0, 0, 0, 0, 0.485617, -0.0154991, 0.142539, 0.48638, -0.0156758, 0.142604, 0.996195, -3.71201e-12, -0.0871557, -4.46982e-12, -1, -8.49977e-12, -0.0871557, 8.857e-12, -0.996195, 0
1.73, 2025-07-03__01-13-31.604929, -0.0637554, -0.0814982, 0.0511612, -2.28738, -0.0354004, 2.15755, 0.741019, -0.00348434, 0.00114692, -8.374e-05, -0.000158972, -1.0026e-05, 8.61456e-05, -0.0016378, 0.006299, -0.0342946, -0.0084662, 0.051983, -0.0194193, 0.163172, -0.195387, 0, 0, 0, 0, 0, 0, 0, 0.485621, -0.015496, 0.142541, 0.48638, -0.0156758, 0.142604, 0.996195, -3.71201e-12, -0.0871557, -4.46982e-12, -1, -8.49977e-12, -0.0871557, 8.857e-12, -0.996195, 0
1.74, 2025-07-03__01-13-31.614927, -0.0637545, -0.0815063, 0.051162, -2.28738, -0.0354019, 2.15755, 0.741022, 0.000143168, -0.00162437, 0.000280742, 3.27728e-05, -0.000659578, -2.91258e-05, -0.000490906, -0.0869998, 0.0736923, -0.102175, 0.00177135, -0.0160515, 0.156766, -0.202303, 0, 0, 0, 0, 0, 0, 0, 0.485616, -0.0154969, 0.142537, 0.48638, -0.0156758, 0.142604, 0.996195, -3.71201e-12, -0.0871557, -4.46982e-12, -1, -8.49977e-12, -0.0871557, 8.857e-12, -0.996195, 0
1.75, 2025-07-03__01-13-31.624927, -0.0637558, -0.0815063, 0.0511615, -2.28738, -0.0354001, 2.15755, 0.741029, -0.000441885, -0.00226464, 6.52951e-05, 4.98343e-05, -0.000214306, 0.000335277, 0.0101973, -0.0684162, 0.0971664, -0.0833743, -0.011074, -0.0197917, 0.152677, -0.267571, 0, 0, 0, 0, 0, 0, 0, 0.485617, -0.0154965, 0.142538, 0.48638, -0.0156758, 0.142604, 0.996195, -3.71201e-12, -0.0871557, -4.46982e-12, -1, -8.49977e-12, -0.0871557, 8.857e-12, -0.996195, 0
1.76, 2025-07-03__01-13-31.634927, -0.0637554, -0.081501, 0.0511591, -2.28737, -0.0354001, 2.15755, 0.741026, 0.000675059, 0.000975195, -0.000572511, 6.9135e-05, -0.000159666, -8.62466e-05, 0.00161851, -0.0763882, -0.0188644, -0.090942, 0.043178, -0.0190539, 0.162439, -0.215326, 0, 0, 0, 0, 0, 0, 0, 0.485617, -0.0154976, 0.142538, 0.48638, -0.0156758, 0.142604, 0.996195, -3.71201e-12, -0.0871557, -4.46982e-12, -1, -8.49977e-12, -0.0871557, 8.857e-12, -0.996195, 0
1.77, 2025-07-03__01-13-31.644927, -0.0637554, -0.0815017, 0.0511616, -2.28738, -0.0354017, 2.15755, 0.741025, 0.000371726, 0.000406732, 0.000478277, -0.000232411, 0.000331135, 0.000207912, 0.000949655, -0.0946216, -0.00371798, -0.109965, 0.0408415, -0.0219097, 0.160344, -0.211202, 0, 0, 0, 0, 0, 0, 0, 0.485622, -0.0154988, 0.142542, 0.48638, -0.0156758, 0.142604, 0.996195, -3.71201e-12, -0.0871557, -4.46982e-12, -1, -8.49977e-12, -0.0871557, 8.857e-12, -0.996195, 0
1.78, 2025-07-03__01-13-31.654927, -0.063755, -0.0815003, 0.0511644, -2.28738, -0.0354026, 2.15755, 0.741023, -0.00312024, 0.000288382, 0.00138547, 0.000847584, 0.000138818, 0.000362756, 0.000311541, -0.0366554, 0.0161704, -0.0524351, 0.0164475, -0.0209612, 0.156063, -0.207377, 0, 0, 0, 0, 0, 0, 0, 0.485616, -0.0154959, 0.142536, 0.48638, -0.0156758, 0.142604, 0.996195, -3.71201e-12, -0.0871557, -4.46982e-12, -1, -8.49977e-12, -0.0871557, 8.857e-12, -0.996195, 0
1.79, 2025-07-03__01-13-31.664927, -0.0637579, -0.081501, 0.0511591, -2.28738, -0.0353983, 2.15755, 0.741022, -0.00034208, 0.000232049, -0.000341835, 0.00101483, 0.000295471, -0.000377875, -0.000335316, -0.0585524, 0.0204993, -0.073128, 0.0142307, -0.022322, 0.160421, -0.203362, 0, 0, 0, 0, 0, 0, 0, 0.485617, -0.0154974, 0.142538, 0.48638, -0.0156758, 0.142604, 0.996195, -3.71201e-12, -0.0871557, -4.46982e-12, -1, -8.49977e-12, -0.0871557, 8.857e-12, -0.996195, 0
1.8, 2025-07-03__01-13-31.674926, -0.0637554, -0.0815038, 0.0511644, -2.28737, -0.0353977, 2.15755, 0.741026, 0.000110654, 0.000256754, 0.00165802, 0.000126412, 0.000384744, 0.000385827, 0.00129335, -0.116221, 0.0112751, -0.132359, 0.0283997, -0.0227205, 0.157247, -0.21333, 0, 0, 0, 0, 0, 0, 0, 0.485622, -0.0154958, 0.142544, 0.48638, -0.0156758, 0.142604, 0.996195, -3.71201e-12, -0.0871557, -4.46982e-12, -1, -8.49977e-12, -0.0871557, 8.857e-12, -0.996195, 0
1.81, 2025-07-03__01-13-31.684928, -0.0637529, -0.0815063, 0.0511644, -2.28738, -0.0353984, 2.15755, 0.741025, 0.00119764, -0.000372706, 0.00126539, -0.000906627, 1.5172e-05, 0.000408508, 0.00981251, -0.132834, 0.016383, -0.148812, 0.0403335, -0.020607, 0.158851, -0.264813, 0, 0, 0, 0, 0, 0, 0, 0.485623, -0.0154958, 0.142545, 0.48638, -0.0156758, 0.142604, 0.996195, -3.71201e-12, -0.0871557, -4.46982e-12, -1, -8.49977e-12, -0.0871557, 8.857e-12, -0.996195, 0
1.82, 2025-07-03__01-13-31.694926, -0.0637529, -0.0815035, 0.0511644, -2.28737, -0.0354001, 2.15755, 0.741017, 0.00164578, -0.000446946, 0.00130558, 0.00166038, 2.63366e-05, -4.66994e-05, -0.00067509, -0.143971, 0.0619384, -0.159772, -0.0126241, -0.0209902, 0.153948, -0.200826, 0, 0, 0, 0, 0, 0, 0, 0.485616, -0.0154971, 0.142537, 0.48638, -0.0156758, 0.142604, 0.996195, -3.71201e-12, -0.0871557, -4.46982e-12, -1, -8.49977e-12, -0.0871557, 8.857e-12, -0.996195, 0
1.83, 2025-07-03__01-13-31.704928, -0.0637533, -0.0815035, 0.0511598, -2.28738, -0.035399, 2.15755, 0.74102, 0.00145308, 1.24429e-05, -0.000785225, -0.000590862, -5.74372e-05, -0.0001343, -0.00102782, -0.0910045, 0.00398565, -0.10548, 0.0422888, -0.0194355, 0.162961, -0.19892, 0, 0, 0, 0, 0, 0, 0, 0.485621, -0.0154961, 0.142541, 0.48638, -0.0156758, 0.142604, 0.996195, -3.71201e-12, -0.0871557, -4.46982e-12, -1, -8.49977e-12, -0.0871557, 8.857e-12, -0.996195, 0
1.84, 2025-07-03__01-13-31.714927, -0.0637529, -0.0815035, 0.0511591, -2.28737, -0.0354001, 2.15755, 0.741026, 0.0036615, -0.00044849, -0.000425425, -6.8682e-05, 0.000134772, 5.7615e-05, 0.0017653, -0.149362, 0.0335449, -0.164138, 0.021786, -0.0211977, 0.158404, -0.21609, 0, 0, 0, 0, 0, 0, 0, 0.485616, -0.0154956, 0.142537, 0.48638, -0.0156758, 0.142604, 0.996195, -3.71201e-12, -0.0871557, -4.46982e-12, -1, -8.49977e-12, -0.0871557, 8.857e-12, -0.996195, 0
1.85, 2025-07-03__01-13-31.724926, -0.0637558, -0.0815032, 0.0511591, -2.28737, -0.0353998, 2.15754, 0.741027, -0.00155665, 0.000434167, -0.000945686, -0.000504933, -0.000236278, 0.000471043, 0.001343, -0.0178315, -0.00968859, -0.032073, 0.0434548, -0.0183497, 0.160123, -0.213862, 0, 0, 0, 0, 0, 0, 0, 0.485622, -0.0154928, 0.142544, 0.48638, -0.0156758, 0.142604, 0.996195, -3.71201e-12, -0.0871557, -4.46982e-12, -1, -8.49977e-12, -0.0871557, 8.857e-12, -0.996195, 0
1.86, 2025-07-03__01-13-31.734927, -0.0637532, -0.0814957, 0.0511645, -2.28737, -0.0354, 2.15755, 0.741025, 0.000893597, 0.00248853, 0.00647103, -0.00297931, -0.00201984, 0.000569014, 0.000223383, -0.242552, -0.118418, -0.262566, 0.132004, -0.00582622, 0.169795, -0.206166, 0, 0, 0, 0, 0, 0, 0, 0.485617, -0.0154939, 0.142538, 0.48638, -0.0156758, 0.142604, 0.996195, -3.71201e-12, -0.0871557, -4.46982e-12, -1, -8.49977e-12, -0.0871557, 8.857e-12, -0.996195, 0
1.87, 2025-07-03__01-13-31.744926, -0.0637607, -0.0814983, 0.0511626, -2.28738, -0.0354022, 2.15754, 0.74102, -0.00184397, -0.000176153, 0.00107876, 0.000164285, -0.000157858, -0.00065792, -0.000671633, -0.0573765, 0.0188608, -0.0730463, 0.0265475, -0.0189171, 0.164827, -0.20113, 0, 0, 0, 0, 0, 0, 0, 0.485613, -0.0154945, 0.142536, 0.48638, -0.0156758, 0.142604, 0.996195, -3.71201e-12, -0.0871557, -4.46982e-12, -1, -8.49977e-12, -0.0871557, 8.857e-12, -0.996195, 0
1.88, 2025-07-03__01-13-31.754928, -0.0637607, -0.0815035, 0.0511591, -2.28738, -0.0353983, 2.15755, 0.741021, -0.00120887, -0.000295541, -0.000617063, -0.000408692, 0.000287154, -2.46278e-05, -0.00126145, -0.0328398, 0.0160949, -0.0473033, 0.0324703, -0.021664, 0.161291, -0.197739, 0, 0, 0, 0, 0, 0, 0, 0.485613, -0.015496, 0.142537, 0.48638, -0.0156758, 0.142604, 0.996195, -3.71201e-12, -0.0871557, -4.46982e-12, -1, -8.49977e-12, -0.0871557, 8.857e-12, -0.996195, 0
1.89, 2025-07-03__01-13-31.764927, -0.0637583, -0.0815035, 0.0511591, -2.28737, -0.0354022, 2.15754, 0.741025, 6.24891e-05, -0.0023965, -3.86017e-05, 0.000403418, 7.12469e-05, -0.000210214, 0.00052226, -0.0768597, 0.107247, -0.0917339, -0.0198112, -0.0210266, 0.155709, -0.208701, 0, 0, 0, 0, 0, 0, 0, 0.485622, -0.0154991, 0.142542, 0.48638, -0.0156758, 0.142604, 0.996195, -3.71201e-12, -0.0871557, -4.46982e-12, -1, -8.49977e-12, -0.0871557, 8.857e-12, -0.996195, 0
1.9, 2025-07-03__01-13-31.774927, -0.0637555, -0.081501, 0.0511644, -2.28738, -0.035399, 2.15755, 0.741027, 0.00021325, 0.00168324, 0.000573348, -0.00111429, 0.000125697, -0.00019002, 0.00150016, -0.0927929, -0.0651448, -0.108302, 0.0814527, -0.0202356, 0.16852, -0.214596, 0, 0, 0, 0, 0, 0, 0, 0.485618, -0.0154949, 0.142541, 0.48638, -0.0156758, 0.142604, 0.996195, -3.71201e-12, -0.0871557, -4.46982e-12, -1, -8.49977e-12, -0.0871557, 8.857e-12, -0.996195, 0
1.91, 2025-07-03__01-13-31.784928, -0.0637555, -0.0815035, 0.0511617, -2.28737, -0.0353994, 2.15754, 0.741025, 0.000499533, -0.000348398, 0.000401337, 0.000595786, -3.94471e-05, -0.000123822, 0.000581873, -0.0962162, 0.0384299, -0.111422, 0.010591, -0.0202351, 0.158823, -0.208986, 0, 0, 0, 0, 0, 0, 0, 0.485616, -0.0154984, 0.142537, 0.48638, -0.0156758, 0.142604, 0.996195, -3.71201e-12, -0.0871557, -4.46982e-12, -1, -8.49977e-12, -0.0871557, 8.857e-12, -0.996195, 0
1.92, 2025-07-03__01-13-31.794927, -0.0637601, -0.081501, 0.0511638, -2.28738, -0.035399, 2.15754, 0.741027, 0.000578142, 0.000528046, -0.000251507, -0.000684361, -5.93843e-05, -1.33381e-05, 0.000597232, -0.0820952, -0.0170928, -0.0969878, 0.0531042, -0.0194088, 0.164267, -0.209172, 0, 0, 0, 0, 0, 0, 0, 0.485613, -0.0154946, 0.142536, 0.48638, -0.0156758, 0.142604, 0.996195, -3.71201e-12, -0.0871557, -4.46982e-12, -1, -8.49977e-12, -0.0871557, 8.857e-12, -0.996195, 0
1.93, 2025-07-03__01-13-31.804928, -0.0637587, -0.081501, 0.0511626, -2.28738, -0.0353983, 2.15754, 0.741025, -0.000309954, 1.64015e-05, -0.000556421, -0.0012229, 0.000306761, -0.000373813, 0.000270456, -0.0555954, -0.00961453, -0.0702516, 0.0561183, -0.0215474, 0.167441, -0.20716, 0, 0, 0, 0, 0, 0, 0, 0.485613, -0.0154956, 0.142536, 0.48638, -0.0156758, 0.142604, 0.996195, -3.71201e-12, -0.0871557, -4.46982e-12, -1, -8.49977e-12, -0.0871557, 8.857e-12, -0.996195, 0
1.94, 2025-07-03__01-13-31.814928, -0.0637582, -0.081501, 0.0511647, -2.28738, -0.0353996, 2.15754, 0.741024, -0.000594734, 0.000238851, 0.000921596, 9.69279e-05, -0.000455577, 0.000485735, -8.04935e-05, -0.0829639, 0.00730272, -0.0985895, 0.0312323, -0.0171743, 0.157838, -0.204897, 0, 0, 0, 0, 0, 0, 0, 0.485613, -0.0154957, 0.142536, 0.48638, -0.0156758, 0.142604, 0.996195, -3.71201e-12, -0.0871557, -4.46982e-12, -1, -8.49977e-12, -0.0871557, 8.857e-12, -0.996195, 0
1.95, 2025-07-03__01-13-31.824927, -0.0637555, -0.0814982, 0.0511592, -2.28738, -0.0353982, 2.15755, 0.74102, -0.000443584, 0.00115002, -0.000708777, -0.0011367, 0.0041818, -0.000418813, -0.00120481, -0.0482678, -0.0490488, -0.0626719, 0.072003, -0.0455093, 0.169441, -0.198188, 0, 0, 0, 0, 0, 0, 0, 0.485613, -0.0154934, 0.142536, 0.48638, -0.0156758, 0.142604, 0.996195, -3.71201e-12, -0.0871557, -4.46982e-12, -1, -8.49977e-12, -0.0871557, 8.857e-12, -0.996195, 0
1.96, 2025-07-03__01-13-31.834928, -0.0637587, -0.0815035, 0.0511627, -2.28737, -0.0354029, 2.15754, 0.741025, -0.000582849, -0.0003401, -0.000297105, 0.00226639, -0.0100063, 0.000249293, 0.00118092, -0.0546012, 0.0636156, -0.0693778, -0.0204636, 0.0416428, 0.15116, -0.212082, 0, 0, 0, 0, 0, 0, 0, 0.485613, -0.0154956, 0.142537, 0.48638, -0.0156758, 0.142604, 0.996195, -3.71201e-12, -0.0871557, -4.46982e-12, -1, -8.49977e-12, -0.0871557, 8.857e-12, -0.996195, 0
1.97, 2025-07-03__01-13-31.844927, -0.0637562, -0.081501, 0.0511617, -2.28737, -0.0354009, 2.15754, 0.741022, -1.99093e-05, -0.000101797, 0.000267167, 0.00120253, 0.000547963, -0.000209545, -0.00184021, -0.0810084, 0.0382111, -0.0960366, 0.00280835, -0.0238364, 0.158289, -0.194215, 0, 0, 0, 0, 0, 0, 0, 0.485617, -0.0154944, 0.142539, 0.48638, -0.0156758, 0.142604, 0.996195, -3.71201e-12, -0.0871557, -4.46982e-12, -1, -8.49977e-12, -0.0871557, 8.857e-12, -0.996195, 0
1.98, 2025-07-03__01-13-31.854927, -0.063758, -0.0815035, 0.0511648, -2.28738, -0.0353983, 2.15754, 0.741025, -0.000251127, -0.000305872, 0.00125286, 0.000186151, 0.000155683, 0.000366631, -0.00398468, -0.0990584, 0.0294687, -0.114919, 0.0202588, -0.0209661, 0.157191, -0.181318, 0, 0, 0, 0, 0, 0, 0, 0.485619, -0.0154955, 0.142543, 0.48638, -0.0156758, 0.142604, 0.996195, -3.71201e-12, -0.0871557, -4.46982e-12, -1, -8.49977e-12, -0.0871557, 8.857e-12, -0.996195, 0
1.99, 2025-07-03__01-13-31.864927, -0.0637603, -0.0815035, 0.0511647, -2.28738, -0.0354035, 2.15754, 0.741022, -0.000421943, -0.000489937, 0.00102477, -0.00129314, -0.000257945, -0.000266151, -0.000533671, -0.0896206, 0.00951895, -0.105462, 0.0490309, -0.0177143, 0.165623, -0.20198, 0, 0, 0, 0, 0, 0, 0, 0.485613, -0.0154965, 0.142536, 0.48638, -0.0156758, 0.142604, 0.996195, -3.71201e-12, -0.0871557, -4.46982e-12, -1, -8.49977e-12, -0.0871557, 8.857e-12, -0.996195, 0
2, 2025-07-03__01-13-31.874927, -0.0637601, -0.0815042, 0.0511595, -2.28738, -0.0353983, 2.15754, 0.741023, 0.000210904, 0.000201549, -0.00032536, -0.00101491, 0.000210942, -2.12573e-05, -0.000118331, -0.0715347, -0.0102508, -0.0863332, 0.05361, -0.0209819, 0.164637, -0.204655, 0, 0, 0, 0, 0, 0, 0, 0.485619, -0.0154971, 0.142544, 0.48638, -0.0156758, 0.142604, 0.996195, -3.71201e-12, -0.0871557, -4.46982e-12, -1, -8.49977e-12, -0.0871557, 8.857e-12, -0.996195, 0
2.01, 2025-07-03__01-13-31.884928, -0.0637582, -0.081501, 0.0511601, -2.28738, -0.0353974, 2.15754, 0.741019, -0.000876243, 0.000946664, -0.00102774, -0.00197773, 0.00350119, -0.000124622, -0.000686431, -0.0311271, -0.055244, -0.045371, 0.0846404, -0.040992, 0.170229, -0.201261, 0, 0, 0, 0, 0, 0, 0, 0.485613, -0.0154912, 0.142537, 0.48638, -0.0156758, 0.142604, 0.996195, -3.71201e-12, -0.0871557, -4.46982e-12, -1, -8.49977e-12, -0.0871557, 8.857e-12, -0.996195, 0
2.02, 2025-07-03__01-13-31.894927, -0.0637537, -0.0815035, 0.0511622, -2.28738, -0.0353983, 2.15754, 0.741021, 0.000608053, -0.000340421, -0.000465684, -0.00195811, 0.000417134, 0.000409514, -0.000614165, -0.080162, -0.00572797, -0.0949564, 0.0624082, -0.0219325, 0.163371, -0.201527, 0, 0, 0, 0, 0, 0, 0, 0.485618, -0.0154957, 0.142541, 0.48638, -0.0156758, 0.142604, 0.996195, -3.71201e-12, -0.0871557, -4.46982e-12, -1, -8.49977e-12, -0.0871557, 8.857e-12, -0.996195, 0
2.03, 2025-07-03__01-13-31.904929, -0.0637589, -0.0815035, 0.0511645, -2.28738, -0.0353991, 2.15754, 0.741023, -0.000512915, -0.000192045, 0.00050378, 0.000246356, -0.00286955, 0.000170935, 0.000245694, -0.0753461, 0.0246648, -0.0907091, 0.0224265, -0.00226187, 0.158552, -0.206682, 0, 0, 0, 0, 0, 0, 0, 0.485613, -0.0154975, 0.142536, 0.48638, -0.0156758, 0.142604, 0.996195, -3.71201e-12, -0.0871557, -4.46982e-12, -1, -8.49977e-12, -0.0871557, 8.857e-12, -0.996195, 0
2.04, 2025-07-03__01-13-31.914927, -0.0637562, -0.0815011, 0.0511623, -2.28737, -0.0353983, 2.15754, 0.741022, 0.000818223, -0.000428012, 0.000233568, 0.00277263, 0.000126866, 0.0003029, -0.000929896, -0.0993656, 0.0779098, -0.114257, -0.0356981, -0.0221466, 0.149149, -0.199728, 0, 0, 0, 0, 0, 0, 0, 0.485612, -0.0154936, 0.142533, 0.48638, -0.0156758, 0.142604, 0.996195, -3.71201e-12, -0.0871557, -4.46982e-12, -1, -8.49977e-12, -0.0871557, 8.857e-12, -0.996195, 0
2.05, 2025-07-03__01-13-31.924927, -0.0637604, -0.0815035, 0.0511602, -2.28737, -0.0353983, 2.15754, 0.741028, -0.000815238, -3.48936e-06, -0.000448785, 0.000289247, 0.000189021, -0.000125345, -0.000235172, -0.0454119, 0.019118, -0.0599747, 0.0219708, -0.0214488, 0.160777, -0.204336, 0, 0, 0, 0, 0, 0, 0, 0.485619, -0.015494, 0.142543, 0.48638, -0.0156758, 0.142604, 0.996195, -3.71201e-12, -0.0871557, -4.46982e-12, -1, -8.49977e-12, -0.0871557, 8.857e-12, -0.996195, 0
2.06, 2025-07-03__01-13-31.934927, -0.0637556, -0.0814982, 0.051162, -2.28738, -0.0353983, 2.15754, 0.741025, 7.36299e-05, 0.000404055, 0.000153318, -0.000644056, 0.000314606, -0.000395124, -0.00235967, -0.0806763, -0.0138725, -0.095815, 0.0517875, -0.02161, 0.166656, -0.191165, 0, 0, 0, 0, 0, 0, 0, 0.485612, -0.0154969, 0.142535, 0.48638, -0.0156758, 0.142604, 0.996195, -3.71201e-12, -0.0871557, -4.46982e-12, -1, -8.49977e-12, -0.0871557, 8.857e-12, -0.996195, 0
2.07, 2025-07-03__01-13-31.944927, -0.0637632, -0.0814982, 0.0511646, -2.28737, -0.0353996, 2.15754, 0.741026, -0.00238905, 0.00102717, -4.45272e-05, 0.000227179, -0.000217448, 3.0793e-05, 0.00135994, -0.0182482, -0.0212532, -0.03309, 0.0408405, -0.0186664, 0.162306, -0.213893, 0, 0, 0, 0, 0, 0, 0, 0.485618, -0.0154926, 0.14254, 0.48638, -0.0156758, 0.142604, 0.996195, -3.71201e-12, -0.0871557, -4.46982e-12, -1, -8.49977e-12, -0.0871557, 8.857e-12, -0.996195, 0
2.08, 2025-07-03__01-13-31.954928, -0.0637589, -0.081501, 0.0511647, -2.28737, -0.0353983, 2.15754, 0.741024, -0.000308885, 0.000462563, 0.000216317, -1.6961e-05, 0.000242211, 0.00214483, 0.000330152, -0.0732592, 0.00243417, -0.0883539, 0.0297424, -0.0215668, 0.146979, -0.207498, 0, 0, 0, 0, 0, 0, 0, 0.485618, -0.015496, 0.14254, 0.48638, -0.0156758, 0.142604, 0.996195, -3.71201e-12, -0.0871557, -4.46982e-12, -1, -8.49977e-12, -0.0871557, 8.857e-12, -0.996195, 0
2.09, 2025-07-03__01-13-31.964928, -0.0637604, -0.0815063, 0.0511645, -2.28737, -0.035398, 2.15754, 0.741024, 0.000631401, -0.000376256, 0.000853906, -0.000257677, 0.000375343, 0.000226029, 0.00103801, -0.109272, 0.027447, -0.124882, 0.0258201, -0.0225934, 0.158833, -0.211677, 0, 0, 0, 0, 0, 0, 0, 0.485615, -0.015498, 0.142542, 0.48638, -0.0156758, 0.142604, 0.996195, -3.71201e-12, -0.0871557, -4.46982e-12, -1, -8.49977e-12, -0.0871557, 8.857e-12, -0.996195, 0
2.1, 2025-07-03__01-13-31.974926, -0.0637554, -0.0814989, 0.0511675, -2.28738, -0.0354003, 2.15754, 0.741023, 0.00151721, 0.00046437, 0.0014462, 0.00271677, -0.000299104, -0.000418351, 1.46052e-05, -0.143248, 0.0427809, -0.159126, -0.0143633, -0.0192568, 0.156312, -0.20532, 0, 0, 0, 0, 0, 0, 0, 0.485614, -0.0154965, 0.142538, 0.48638, -0.0156758, 0.142604, 0.996195, -3.71201e-12, -0.0871557, -4.46982e-12, -1, -8.49977e-12, -0.0871557, 8.857e-12, -0.996195, 0
2.11, 2025-07-03__01-13-31.984928, -0.0637585, -0.081501, 0.0511647, -2.28738, -0.0353964, 2.15753, 0.74102, -0.000343327, 0.00062511, 0.000513253, -0.000484069, -0.00140849, -0.000249784, -0.00175611, -0.0790782, -0.0183314, -0.0944788, 0.0523687, -0.0109775, 0.166232, -0.194429, 0, 0, 0, 0, 0, 0, 0, 0.485613, -0.0154934, 0.142537, 0.48638, -0.0156758, 0.142604, 0.996195, -3.71201e-12, -0.0871557, -4.46982e-12, -1, -8.49977e-12, -0.0871557, 8.857e-12, -0.996195, 0
2.12, 2025-07-03__01-13-31.994926, -0.0637581, -0.0814982, 0.0511641, -2.28738, -0.0353996, 2.15754, 0.74102, -0.00119044, 0.00125038, -0.000233536, -0.00118809, -0.000277429, 0.00037532, 0.00127673, -0.042356, -0.0529593, -0.0572203, 0.0744102, -0.0176175, 0.164913, -0.212945, 0, 0, 0, 0, 0, 0, 0, 0.485609, -0.0154933, 0.142535, 0.48638, -0.0156758, 0.142604, 0.996195, -3.71201e-12, -0.0871557, -4.46982e-12, -1, -8.49977e-12, -0.0871557, 8.857e-12, -0.996195, 0
2.13, 2025-07-03__01-13-32.004928, -0.0637608, -0.0815003, 0.0511673, -2.28737, -0.035398, 2.15753, 0.741016, -0.000495262, 0.000827456, -0.00237591, 0.000364596, 4.48844e-05, 0.000231616, -0.0013795, -0.00973856, -0.0112082, -0.0229329, 0.0337368, -0.0203122, 0.160819, -0.196778, 0, 0, 0, 0, 0, 0, 0, 0.48561, -0.0154941, 0.142537, 0.48638, -0.0156758, 0.142604, 0.996195, -3.71201e-12, -0.0871557, -4.46982e-12, -1, -8.49977e-12, -0.0871557, 8.857e-12, -0.996195, 0
2.14, 2025-07-03__01-13-32.014927, -0.063758, -0.081501, 0.0511623, -2.28737, -0.035399, 2.15753, 0.74102, 6.96776e-05, 5.50793e-05, -0.00132047, 0.00181574, 5.78683e-06, -2.81708e-05, -0.000424129, -0.0463378, 0.041698, -0.0601666, -0.00747838, -0.0208656, 0.156313, -0.202749, 0, 0, 0, 0, 0, 0, 0, 0.485614, -0.0154931, 0.142539, 0.48638, -0.0156758, 0.142604, 0.996195, -3.71201e-12, -0.0871557, -4.46982e-12, -1, -8.49977e-12, -0.0871557, 8.857e-12, -0.996195, 0
2.15, 2025-07-03__01-13-32.024927, -0.0637577, -0.0815042, 0.0511623, -2.28738, -0.0353986, 2.15753, 0.741018, 1.19015e-05, -0.0017237, -0.000950559, -0.000865084, -0.000107127, -0.00014902, -0.0017562, -0.0556757, 0.0596357, -0.0700061, 0.019009, -0.0192413, 0.161728, -0.194495, 0, 0, 0, 0, 0, 0, 0, 0.485609, -0.0154913, 0.142535, 0.48638, -0.0156758, 0.142604, 0.996195, -3.71201e-12, -0.0871557, -4.46982e-12, -1, -8.49977e-12, -0.0871557, 8.857e-12, -0.996195, 0
2.16, 2025-07-03__01-13-32.034927, -0.0637585, -0.0815063, 0.0511595, -2.28737, -0.0353963, 2.15753, 0.741019, -0.000544851, -0.00145889, -0.0017189, -9.13799e-05, -6.49651e-05, -3.49267e-05, 0.000446121, -0.024269, 0.0647108, -0.0379066, 0.00463422, -0.020081, 0.158901, -0.208013, 0, 0, 0, 0, 0, 0, 0, 0.485618, -0.0154935, 0.14254, 0.48638, -0.0156758, 0.142604, 0.996195, -3.71201e-12, -0.0871557, -4.46982e-12, -1, -8.49977e-12, -0.0871557, 8.857e-12, -0.996195, 0
2.17, 2025-07-03__01-13-32.044927, -0.0637537, -0.081501, 0.0511645, -2.28737, -0.0354003, 2.15753, 0.74102, 0.00129056, 0.000551428, 0.000885816, 0.00121283, -0.0003213, 0.000166006, -0.00123416, -0.125426, 0.0172433, -0.140982, 0.0135008, -0.018401, 0.157512, -0.197596, 0, 0, 0, 0, 0, 0, 0, 0.485609, -0.0154971, 0.142535, 0.48638, -0.0156758, 0.142604, 0.996195, -3.71201e-12, -0.0871557, -4.46982e-12, -1, -8.49977e-12, -0.0871557, 8.857e-12, -0.996195, 0
2.18, 2025-07-03__01-13-32.054927, -0.0637578, -0.081501, 0.0511623, -2.28737, -0.0353954, 2.15753, 0.741019, 0.000225806, 0.00719037, -0.000167142, 0.000469649, -0.000253715, -0.00187609, 0.000373278, -0.070027, -0.238058, -0.0848439, 0.145311, -0.0177348, 0.188318, -0.207232, 0, 0, 0, 0, 0, 0, 0, 0.485615, -0.015494, 0.142541, 0.48638, -0.0156758, 0.142604, 0.996195, -3.71201e-12, -0.0871557, -4.46982e-12, -1, -8.49977e-12, -0.0871557, 8.857e-12, -0.996195, 0
2.19, 2025-07-03__01-13-32.064927, -0.063761, -0.081502, 0.0511648, -2.28737, -0.0353995, 2.15753, 0.741023, -0.000889243, 0.000626645, 0.000229019, -5.01114e-05, -0.000151734, 0.000156836, 0.000118123, -0.0595593, -0.00868441, -0.0746702, 0.0394203, -0.0189979, 0.16186, -0.206102, 0, 0, 0, 0, 0, 0, 0, 0.485615, -0.0154972, 0.142541, 0.48638, -0.0156758, 0.142604, 0.996195, -3.71201e-12, -0.0871557, -4.46982e-12, -1, -8.49977e-12, -0.0871557, 8.857e-12, -0.996195, 0
2.2, 2025-07-03__01-13-32.074927, -0.0637558, -0.0815035, 0.0511648, -2.28738, -0.0353966, 2.15753, 0.741025, 0.0011916, -0.000176419, 0.000217087, -0.00358569, -0.000337214, -0.000424603, 0.000854018, -0.109008, -0.0398492, -0.124512, 0.101519, -0.0167672, 0.174932, -0.210465, 0, 0, 0, 0, 0, 0, 0, 0.48561, -0.0154954, 0.142536, 0.48638, -0.0156758, 0.142604, 0.996195, -3.71201e-12, -0.0871557, -4.46982e-12, -1, -8.49977e-12, -0.0871557, 8.857e-12, -0.996195, 0
2.21, 2025-07-03__01-13-32.084927, -0.0637558, -0.0815063, 0.0511655, -2.28737, -0.035399, 2.15753, 0.741018, 0.000451873, -0.00150772, 0.00114104, 0.000524761, 8.42732e-05, -0.000309427, -0.000977718, -0.113853, 0.0795507, -0.129592, -0.00677496, -0.0210828, 0.15842, -0.199115, 0, 0, 0, 0, 0, 0, 0, 0.48561, -0.0154941, 0.142536, 0.48638, -0.0156758, 0.142604, 0.996195, -3.71201e-12, -0.0871557, -4.46982e-12, -1, -8.49977e-12, -0.0871557, 8.857e-12, -0.996195, 0
2.22, 2025-07-03__01-13-32.094927, -0.0637558, -0.0815035, 0.0511648, -2.28738, -0.035399, 2.15753, 0.741022, -6.15001e-05, -0.000353992, -6.38939e-06, -0.000451646, 4.26001e-05, -0.00291928, 0.000405073, -0.0747743, 0.0123841, -0.0897913, 0.0422923, -0.0203068, 0.182368, -0.207702, 0, 0, 0, 0, 0, 0, 0, 0.485614, -0.0154938, 0.142539, 0.48638, -0.0156758, 0.142604, 0.996195, -3.71201e-12, -0.0871557, -4.46982e-12, -1, -8.49977e-12, -0.0871557, 8.857e-12, -0.996195, 0
2.23, 2025-07-03__01-13-32.104928, -0.0637558, -0.0815035, 0.0511655, -2.28737, -0.0353996, 2.15753, 0.741022, 0.000300678, -0.00185331, 0.000498714, -0.00290342, -0.000140153, -0.000276718, -0.00074811, -0.0967538, 0.032825, -0.112352, 0.0570375, -0.0182942, 0.168037, -0.200675, 0, 0, 0, 0, 0, 0, 0, 0.485614, -0.0154964, 0.142539, 0.48638, -0.0156758, 0.142604, 0.996195, -3.71201e-12, -0.0871557, -4.46982e-12, -1, -8.49977e-12, -0.0871557, 8.857e-12, -0.996195, 0
2.24, 2025-07-03__01-13-32.114927, -0.0637554, -0.081501, 0.0511595, -2.28737, -0.0353996, 2.15753, 0.741019, 0.000275302, 0.000545747, -0.00144897, -0.000381336, -0.000171137, 2.20397e-06, -0.000782972, -0.0480724, -0.0124919, -0.0619999, 0.0451833, -0.0186945, 0.163851, -0.200432, 0, 0, 0, 0, 0, 0, 0, 0.485615, -0.0154959, 0.142541, 0.48638, -0.0156758, 0.142604, 0.996195, -3.71201e-12, -0.0871557, -4.46982e-12, -1, -8.49977e-12, -0.0871557, 8.857e-12, -0.996195, 0
2.25, 2025-07-03__01-13-32.124927, -0.0637578, -0.0815063, 0.0511677, -2.28737, -0.0353995, 2.15753, 0.741023, -0.00144991, -0.000982257, 0.00101073, -0.00457721, -0.000262715, -0.000332026, -5.38311e-05, -0.0682733, -0.0264468, -0.0843426, 0.105019, -0.0166748, 0.175456, -0.204943, 0, 0, 0, 0, 0, 0, 0, 0.48561, -0.0154945, 0.142536, 0.48638, -0.0156758, 0.142604, 0.996195, -3.71201e-12, -0.0871557, -4.46982e-12, -1, -8.49977e-12, -0.0871557, 8.857e-12, -0.996195, 0
2.26, 2025-07-03__01-13-32.134928, -0.0637584, -0.0815036, 0.0511651, -2.28737, -0.0353996, 2.15753, 0.741023, -0.00157961, -0.000556178, 7.40433e-05, 0.00166274, -0.000257828, -0.00011981, -0.00552875, -0.0419988, 0.061311, -0.0568296, -0.0144451, -0.0188509, 0.156188, -0.17199, 0, 0, 0, 0, 0, 0, 0, 0.485614, -0.0154953, 0.14254, 0.48638, -0.0156758, 0.142604, 0.996195, -3.71201e-12, -0.0871557, -4.46982e-12, -1, -8.49977e-12, -0.0871557, 8.857e-12, -0.996195, 0
2.27, 2025-07-03__01-13-32.144927, -0.063758, -0.0815035, 0.0511657, -2.28737, -0.0353983, 2.15753, 0.741024, -0.000514345, -0.000369673, 0.000202071, 0.000790405, 0.000236423, 0.00041255, 0.000160489, -0.0690837, 0.0423915, -0.0840983, 0.00460766, -0.0220364, 0.155326, -0.206478, 0, 0, 0, 0, 0, 0, 0, 0.485614, -0.0154936, 0.14254, 0.48638, -0.0156758, 0.142604, 0.996195, -3.71201e-12, -0.0871557, -4.46982e-12, -1, -8.49977e-12, -0.0871557, 8.857e-12, -0.996195, 0
2.28, 2025-07-03__01-13-32.154928, -0.063758, -0.081501, 0.0511625, -2.28738, -0.035399, 2.15753, 0.741022, -0.000205994, 0.00114324, -0.00145039, -0.00126639, -6.23939e-05, 0.000274303, -0.000891796, -0.0369237, -0.0500959, -0.0509496, 0.0741516, -0.018876, 0.166321, -0.199951, 0, 0, 0, 0, 0, 0, 0, 0.485615, -0.0154935, 0.142542, 0.48638, -0.0156758, 0.142604, 0.996195, -3.71201e-12, -0.0871557, -4.46982e-12, -1, -8.49977e-12, -0.0871557, 8.857e-12, -0.996195, 0
2.29, 2025-07-03__01-13-32.164927, -0.0637576, -0.081501, 0.0511684, -2.28738, -0.035399, 2.15753, 0.741015, 0.000454662, 0.000816108, -4.10741e-05, -0.00143092, -3.32419e-05, -7.56032e-05, -0.00135883, -0.0857042, -0.0401268, -0.100805, 0.0736301, -0.019028, 0.168313, -0.196589, 0, 0, 0, 0, 0, 0, 0, 0.48561, -0.015491, 0.142538, 0.48638, -0.0156758, 0.142604, 0.996195, -3.71201e-12, -0.0871557, -4.46982e-12, -1, -8.49977e-12, -0.0871557, 8.857e-12, -0.996195, 0
2.3, 2025-07-03__01-13-32.174927, -0.063761, -0.081501, 0.0511633, -2.28737, -0.0353974, 2.15753, 0.741022, -0.000846207, -0.000147208, -0.000981543, 0.000235434, -0.000635499, -0.000336302, 0.000106524, -0.0332079, 0.0211696, -0.0474089, 0.0222044, -0.0163456, 0.162862, -0.206027, 0, 0, 0, 0, 0, 0, 0, 0.485614, -0.0154932, 0.142539, 0.48638, -0.0156758, 0.142604, 0.996195, -3.71201e-12, -0.0871557, -4.46982e-12, -1, -8.49977e-12, -0.0871557, 8.857e-12, -0.996195, 0
2.31, 2025-07-03__01-13-32.184928, -0.0637555, -0.081501, 0.0511595, -2.28737, -0.0353963, 2.15753, 0.741024, 0.000650554, 0.000433347, -0.00177126, 0.0014409, -0.000281566, -6.10902e-05, 0.00233168, -0.0487826, 0.0219846, -0.0623243, 0.00655609, -0.0192195, 0.158408, -0.219648, 0, 0, 0, 0, 0, 0, 0, 0.48561, -0.0154943, 0.142536, 0.48638, -0.0156758, 0.142604, 0.996195, -3.71201e-12, -0.0871557, -4.46982e-12, -1, -8.49977e-12, -0.0871557, 8.857e-12, -0.996195, 0
2.32, 2025-07-03__01-13-32.194927, -0.0637553, -0.0815035, 0.0511655, -2.28738, -0.0353985, 2.15753, 0.741026, 0.00146611, -0.000474572, -0.000838173, 0.000473659, -0.000268627, -0.000355719, 0.000421266, -0.0909927, 0.0382468, -0.105397, 0.0139313, -0.0188017, 0.161533, -0.208066, 0, 0, 0, 0, 0, 0, 0, 0.485609, -0.0154912, 0.142535, 0.48638, -0.0156758, 0.142604, 0.996195, -3.71201e-12, -0.0871557, -4.46982e-12, -1, -8.49977e-12, -0.0871557, 8.857e-12, -0.996195, 0
2.33, 2025-07-03__01-13-32.204929, -0.0637553, -0.0815035, 0.0511648, -2.28738, -0.0354003, 2.15753, 0.741016, 0.00455063, -0.00102489, 0.00044154, -0.00152623, -0.000393972, 0.000503062, -0.00151046, -0.191008, 0.0298916, -0.206613, 0.0436599, -0.0171041, 0.160093, -0.195491, 0, 0, 0, 0, 0, 0, 0, 0.485609, -0.0154962, 0.142535, 0.48638, -0.0156758, 0.142604, 0.996195, -3.71201e-12, -0.0871557, -4.46982e-12, -1, -8.49977e-12, -0.0871557, 8.857e-12, -0.996195, 0
2.34, 2025-07-03__01-13-32.214927, -0.0637586, -0.0815035, 0.0511623, -2.28737, -0.035399, 2.15753, 0.741019, 0.000509505, -0.000660791, -0.000740487, 0.00116887, 0.000114686, -0.00038142, -0.00130424, -0.0701498, 0.057387, -0.0844662, -0.00548822, -0.0213685, 0.15904, -0.197297, 0, 0, 0, 0, 0, 0, 0, 0.485615, -0.015495, 0.142541, 0.48638, -0.0156758, 0.142604, 0.996195, -3.71201e-12, -0.0871557, -4.46982e-12, -1, -8.49977e-12, -0.0871557, 8.857e-12, -0.996195, 0
2.35, 2025-07-03__01-13-32.224927, -0.0637604, -0.0815063, 0.0511655, -2.28737, -0.0353964, 2.15753, 0.741016, -0.000100826, -0.000973746, -0.000460302, 0.00637902, -0.000191401, -4.69675e-05, -0.000637478, -0.0622425, 0.15719, -0.0762668, -0.117562, -0.0218504, 0.140136, -0.201324, 0, 0, 0, 0, 0, 0, 0, 0.485615, -0.015495, 0.142541, 0.48638, -0.0156758, 0.142604, 0.996195, -3.71201e-12, -0.0871557, -4.46982e-12, -1, -8.49977e-12, -0.0871557, 8.857e-12, -0.996195, 0
2.36, 2025-07-03__01-13-32.234928, -0.0637609, -0.081501, 0.0511649, -2.28738, -0.035399, 2.15753, 0.741017, -0.000417315, 0.000960493, -5.94554e-06, 0.000621308, 1.46247e-05, 0.000154637, -0.000917393, -0.064632, -0.0111708, -0.079522, 0.0336121, -0.0201677, 0.160872, -0.199488, 0, 0, 0, 0, 0, 0, 0, 0.485615, -0.0154932, 0.142541, 0.48638, -0.0156758, 0.142604, 0.996195, -3.71201e-12, -0.0871557, -4.46982e-12, -1, -8.49977e-12, -0.0871557, 8.857e-12, -0.996195, 0
2.37, 2025-07-03__01-13-32.244927, -0.0637601, -0.0815017, 0.0511618, -2.28737, -0.0353989, 2.15753, 0.741023, -0.000738729, 0.000608419, -0.00128256, 0.000469727, 6.97897e-05, -7.64432e-05, 0.00048675, -0.0280035, -0.00107247, -0.0419535, 0.0288396, -0.0206613, 0.161992, -0.208443, 0, 0, 0, 0, 0, 0, 0, 0.485615, -0.0154944, 0.142542, 0.48638, -0.0156758, 0.142604, 0.996195, -3.71201e-12, -0.0871557, -4.46982e-12, -1, -8.49977e-12, -0.0871557, 8.857e-12, -0.996195, 0
2.38, 2025-07-03__01-13-32.254928, -0.0637611, -0.0815035, 0.0511627, -2.28738, -0.0353995, 2.15753, 0.741026, -0.000712325, -0.000802752, -0.000552891, -0.00179227, -0.000134544, -3.32288e-05, 0.00130292, -0.0468136, 0.0110341, -0.0615188, 0.0528471, -0.0186864, 0.165719, -0.213465, 0, 0, 0, 0, 0, 0, 0, 0.485609, -0.0154942, 0.142535, 0.48638, -0.0156758, 0.142604, 0.996195, -3.71201e-12, -0.0871557, -4.46982e-12, -1, -8.49977e-12, -0.0871557, 8.857e-12, -0.996195, 0
2.39, 2025-07-03__01-13-32.264928, -0.0637611, -0.0814982, 0.0511624, -2.28738, -0.0353958, 2.15753, 0.74102, -0.000683759, 0.00118038, -0.000406426, -0.000672377, 0.000145673, -0.000274025, -0.000465366, -0.0488438, -0.0431469, -0.063529, 0.0649861, -0.020638, 0.168369, -0.202405, 0, 0, 0, 0, 0, 0, 0, 0.485614, -0.0154961, 0.142539, 0.48638, -0.0156758, 0.142604, 0.996195, -3.71201e-12, -0.0871557, -4.46982e-12, -1, -8.49977e-12, -0.0871557, 8.857e-12, -0.996195, 0
2.4, 2025-07-03__01-13-32.274927, -0.0637565, -0.081501, 0.0511631, -2.28738, -0.0353951, 2.15753, 0.741025, -5.0387e-05, 0.000213476, -0.00141786, -0.000746499, 0.000373582, 0.000417345, 0.00175442, -0.0422527, -0.00763014, -0.0562316, 0.0474027, -0.0224052, 0.161676, -0.216228, 0, 0, 0, 0, 0, 0, 0, 0.485614, -0.0154924, 0.142538, 0.48638, -0.0156758, 0.142604, 0.996195, -3.71201e-12, -0.0871557, -4.46982e-12, -1, -8.49977e-12, -0.0871557, 8.857e-12, -0.996195, 0
2.41, 2025-07-03__01-13-32.284928, -0.0637579, -0.0814982, 0.051168, -2.28737, -0.0353993, 2.15753, 0.741022, 9.50258e-05, 0.0014374, 6.97134e-05, 0.000112064, -0.000546034, 0.000403545, -0.000452444, -0.0789914, -0.0350118, -0.0940459, 0.0499462, -0.0164453, 0.161394, -0.202507, 0, 0, 0, 0, 0, 0, 0, 0.485615, -0.0154926, 0.142541, 0.48638, -0.0156758, 0.142604, 0.996195, -3.71201e-12, -0.0871557, -4.46982e-12, -1, -8.49977e-12, -0.0871557, 8.857e-12, -0.996195, 0
2.42, 2025-07-03__01-13-32.294927, -0.0637611, -0.0815035, 0.0511673, -2.28737, -0.0353964, 2.15753, 0.741023, -0.000770726, -0.000829254, 0.00044205, 0.000129264, -0.000180312, -0.000299949, 0.00152722, -0.0687433, 0.0460962, -0.0839883, 0.0126063, -0.0194429, 0.161229, -0.214653, 0, 0, 0, 0, 0, 0, 0, 0.485614, -0.0154943, 0.142539, 0.48638, -0.0156758, 0.142604, 0.996195, -3.71201e-12, -0.0871557, -4.46982e-12, -1, -8.49977e-12, -0.0871557, 8.857e-12, -0.996195, 0
2.43, 2025-07-03__01-13-32.304929, -0.0637639, -0.0815063, 0.0511648, -2.28738, -0.0353971, 2.15753, 0.741026, -0.0015189, -0.000925257, -0.00050022, -0.000760171, 0.000281635, 0.000103888, 0.0008262, -0.0295341, 0.0333896, -0.0441423, 0.0287107, -0.0218257, 0.16141, -0.21069, 0, 0, 0, 0, 0, 0, 0, 0.485615, -0.015495, 0.142542, 0.48638, -0.0156758, 0.142604, 0.996195, -3.71201e-12, -0.0871557, -4.46982e-12, -1, -8.49977e-12, -0.0871557, 8.857e-12, -0.996195, 0
2.44, 2025-07-03__01-13-32.314928, -0.0637611, -0.0815035, 0.0511634, -2.28737, -0.0353995, 2.15753, 0.741018, -0.00134973, -0.00047651, -0.000205142, 0.000693191, -0.000228184, 8.82135e-05, -0.00160504, -0.0398072, 0.0426422, -0.054492, 0.00572486, -0.0188729, 0.157804, -0.195456, 0, 0, 0, 0, 0, 0, 0, 0.485609, -0.0154934, 0.142535, 0.48638, -0.0156758, 0.142604, 0.996195, -3.71201e-12, -0.0871557, -4.46982e-12, -1, -8.49977e-12, -0.0871557, 8.857e-12, -0.996195, 0
2.45, 2025-07-03__01-13-32.324929, -0.0637588, -0.0815035, 0.0511679, -2.28737, -0.0353963, 2.15753, 0.74102, -0.000944557, -0.000324237, 0.00038857, 0.00072116, -4.26977e-05, 0.000166787, 9.26433e-05, -0.0638331, 0.0388331, -0.0789706, 0.00760299, -0.0203421, 0.157353, -0.205826, 0, 0, 0, 0, 0, 0, 0, 0.485614, -0.0154943, 0.142539, 0.48638, -0.0156758, 0.142604, 0.996195, -3.71201e-12, -0.0871557, -4.46982e-12, -1, -8.49977e-12, -0.0871557, 8.857e-12, -0.996195, 0
2.46, 2025-07-03__01-13-32.334929, -0.0637579, -0.0815035, 0.0511655, -2.28737, -0.0353972, 2.15753, 0.741021, -0.000290415, 0.000164847, -0.000685012, 0.000724394, 0.000419486, 1.57198e-05, 0.000336599, -0.0534889, 0.0208472, -0.0678601, 0.0158062, -0.0231325, 0.15948, -0.207406, 0, 0, 0, 0, 0, 0, 0, 0.485615, -0.0154927, 0.142541, 0.48638, -0.0156758, 0.142604, 0.996195, -3.71201e-12, -0.0871557, -4.46982e-12, -1, -8.49977e-12, -0.0871557, 8.857e-12, -0.996195, 0
2.47, 2025-07-03__01-13-32.344927, -0.0637579, -0.0815042, 0.0511671, -2.28737, -0.0354003, 2.15753, 0.741021, 0.000364729, -0.000565434, 0.000328989, 1.57444e-05, -0.000339416, -0.000433064, -0.000844955, -0.0925302, 0.0355814, -0.107772, 0.0199562, -0.0179892, 0.162977, -0.200076, 0, 0, 0, 0, 0, 0, 0, 0.485615, -0.015495, 0.142541, 0.48638, -0.0156758, 0.142604, 0.996195, -3.71201e-12, -0.0871557, -4.46982e-12, -1, -8.49977e-12, -0.0871557, 8.857e-12, -0.996195, 0
2.48, 2025-07-03__01-13-32.354930, -0.0637611, -0.0815035, 0.0511654, -2.28738, -0.0353958, 2.15753, 0.741015, -0.000665439, -0.000604039, -0.000496113, -0.000398602, 3.09046e-05, -0.000631733, -0.000832664, -0.0494163, 0.0260954, -0.064007, 0.0298145, -0.0203093, 0.166064, -0.199926, 0, 0, 0, 0, 0, 0, 0, 0.485609, -0.0154946, 0.142535, 0.48638, -0.0156758, 0.142604, 0.996195, -3.71201e-12, -0.0871557, -4.46982e-12, -1, -8.49977e-12, -0.0871557, 8.857e-12, -0.996195, 0
2.49, 2025-07-03__01-13-32.364930, -0.0637586, -0.0815011, 0.0511707, -2.28737, -0.0353993, 2.15753, 0.741022, 8.29172e-05, 0.000545361, 0.00107039, 0.000744797, -0.000321591, 1.30975e-05, 0.000459922, -0.102501, 0.00849471, -0.118226, 0.0230867, -0.0183513, 0.160053, -0.208019, 0, 0, 0, 0, 0, 0, 0, 0.48561, -0.0154931, 0.142538, 0.48638, -0.0156758, 0.142604, 0.996195, -3.71201e-12, -0.0871557, -4.46982e-12, -1, -8.49977e-12, -0.0871557, 8.857e-12, -0.996195, 0
2.5, 2025-07-03__01-13-32.374928, -0.0637611, -0.081501, 0.0511627, -2.28737, -0.0353983, 2.15753, 0.741024, 9.21597e-06, 0.000497909, -0.00159678, 0.000643072, 0.000455518, 1.85983e-05, 0.000122113, -0.0379071, 0.00616087, -0.0516443, 0.0232147, -0.023201, 0.160552, -0.206304, 0, 0, 0, 0, 0, 0, 0, 0.48561, -0.0154961, 0.142536, 0.48638, -0.0156758, 0.142604, 0.996195, -3.71201e-12, -0.0871557, -4.46982e-12, -1, -8.49977e-12, -0.0871557, 8.857e-12, -0.996195, 0
2.51, 2025-07-03__01-13-32.384929, -0.0637558, -0.081501, 0.0511655, -2.28737, -0.035399, 2.15753, 0.741025, 0.00133969, 0.000861674, -0.000380039, 9.64714e-05, 0.000115944, 0.000290748, 0.00072124, -0.0973823, -0.0131711, -0.11213, 0.0403002, -0.0208322, 0.160816, -0.209808, 0, 0, 0, 0, 0, 0, 0, 0.48561, -0.0154957, 0.142536, 0.48638, -0.0156758, 0.142604, 0.996195, -3.71201e-12, -0.0871557, -4.46982e-12, -1, -8.49977e-12, -0.0871557, 8.857e-12, -0.996195, 0
2.52, 2025-07-03__01-13-32.394927, -0.0637639, -0.081501, 0.0511652, -2.28738, -0.0353954, 2.15753, 0.741018, -0.00148031, 0.000370747, -4.37056e-05, -0.00105008, 0.000124941, -1.47934e-05, -0.000405507, -0.0398398, -0.0194368, -0.0547926, 0.0577648, -0.0204815, 0.165985, -0.202691, 0, 0, 0, 0, 0, 0, 0, 0.485615, -0.0154954, 0.142541, 0.48638, -0.0156758, 0.142604, 0.996195, -3.71201e-12, -0.0871557, -4.46982e-12, -1, -8.49977e-12, -0.0871557, 8.857e-12, -0.996195, 0
2.53, 2025-07-03__01-13-32.404929, -0.0637538, -0.0815035, 0.0511673, -2.28738, -0.0353957, 2.15753, 0.741024, 0.00180418, 9.75764e-05, 0.000212003, -0.00122456, 5.0024e-05, 0.000315275, 9.54632e-05, -0.123249, -0.00787487, -0.13856, 0.0560687, -0.020127, 0.163178, -0.205884, 0, 0, 0, 0, 0, 0, 0, 0.485615, -0.0154966, 0.142542, 0.48638, -0.0156758, 0.142604, 0.996195, -3.71201e-12, -0.0871557, -4.46982e-12, -1, -8.49977e-12, -0.0871557, 8.857e-12, -0.996195, 0
2.54, 2025-07-03__01-13-32.414930, -0.0637586, -0.0815035, 0.0511673, -2.28737, -0.0353995, 2.15753, 0.741021, -5.83728e-06, -0.000760965, 0.000412099, 0.00166774, -0.000212077, -0.000103685, 0.000577666, -0.0856939, 0.0704711, -0.10082, -0.0177732, -0.0196417, 0.155269, -0.208774, 0, 0, 0, 0, 0, 0, 0, 0.485609, -0.015494, 0.142535, 0.48638, -0.0156758, 0.142604, 0.996195, -3.71201e-12, -0.0871557, -4.46982e-12, -1, -8.49977e-12, -0.0871557, 8.857e-12, -0.996195, 0
2.55, 2025-07-03__01-13-32.424928, -0.0637561, -0.081501, 0.0511627, -2.28737, -0.0353979, 2.15753, 0.741021, 0.00160465, 0.000290033, -0.00194386, 0.000174213, 0.0001035, 0.000310563, 9.40315e-05, -0.0676602, 0.00739794, -0.0812435, 0.0287054, -0.0208901, 0.15937, -0.205869, 0, 0, 0, 0, 0, 0, 0, 0.485611, -0.0154941, 0.142539, 0.48638, -0.0156758, 0.142604, 0.996195, -3.71201e-12, -0.0871557, -4.46982e-12, -1, -8.49977e-12, -0.0871557, 8.857e-12, -0.996195, 0
2.56, 2025-07-03__01-13-32.434928, -0.0637639, -0.0814982, 0.051162, -2.28737, -0.035399, 2.15753, 0.741021, -0.00128723, 0.00186547, -0.00140798, 0.00330041, 0.00010766, 0.000347865, -0.000164924, -0.0102961, 0.00056793, -0.0238861, -0.00823657, -0.0217744, 0.15331, -0.204476, 0, 0, 0, 0, 0, 0, 0, 0.485611, -0.0154944, 0.14254, 0.48638, -0.0156758, 0.142604, 0.996195, -3.71201e-12, -0.0871557, -4.46982e-12, -1, -8.49977e-12, -0.0871557, 8.857e-12, -0.996195, 0
2.57, 2025-07-03__01-13-32.444927, -0.0637584, -0.0815088, 0.0511626, -2.28737, -0.0353954, 2.15753, 0.741018, 0.0010027, -0.00201697, -0.00144452, 0.000805852, 3.7524e-05, 0.000243733, -0.00156236, -0.0668286, 0.102692, -0.080656, -0.0237263, -0.0211607, 0.152836, -0.195734, 0, 0, 0, 0, 0, 0, 0, 0.485614, -0.0154938, 0.142539, 0.48638, -0.0156758, 0.142604, 0.996195, -3.71201e-12, -0.0871557, -4.46982e-12, -1, -8.49977e-12, -0.0871557, 8.857e-12, -0.996195, 0
2.58, 2025-07-03__01-13-32.454928, -0.0637565, -0.081501, 0.0511655, -2.28737, -0.035398, 2.15753, 0.741023, -9.1199e-05, 0.00015586, -0.000680312, -0.000460426, 0.000343616, 0.000371569, 0.000434798, -0.0586834, 0.00137659, -0.0731848, 0.0390365, -0.022128, 0.160645, -0.208072, 0, 0, 0, 0, 0, 0, 0, 0.485614, -0.0154921, 0.142539, 0.48638, -0.0156758, 0.142604, 0.996195, -3.71201e-12, -0.0871557, -4.46982e-12, -1, -8.49977e-12, -0.0871557, 8.857e-12, -0.996195, 0
2.59, 2025-07-03__01-13-32.464930, -0.0637565, -0.081501, 0.051168, -2.28737, -0.0353996, 2.15752, 0.741025, -0.000215828, 7.45191e-05, 0.000413777, 0.000759549, -0.00019672, 0.000129405, 0.000633863, -0.0810463, 0.0247231, -0.0962707, 0.0145633, -0.0192128, 0.158987, -0.209319, 0, 0, 0, 0, 0, 0, 0, 0.485614, -0.0154933, 0.142539, 0.48638, -0.0156758, 0.142604, 0.996195, -3.71201e-12, -0.0871557, -4.46982e-12, -1, -8.49977e-12, -0.0871557, 8.857e-12, -0.996195, 0
2.6, 2025-07-03__01-13-32.474928, -0.063761, -0.0814982, 0.0511678, -2.28737, -0.0353958, 2.15753, 0.74102, 1.67101e-05, 0.00182965, 0.000305653, 0.000550615, -1.35462e-05, -0.000297708, -3.74199e-05, -0.0813257, -0.0429474, -0.0964769, 0.0495789, -0.0201294, 0.165722, -0.204935, 0, 0, 0, 0, 0, 0, 0, 0.485615, -0.015496, 0.142542, 0.48638, -0.0156758, 0.142604, 0.996195, -3.71201e-12, -0.0871557, -4.46982e-12, -1, -8.49977e-12, -0.0871557, 8.857e-12, -0.996195, 0
2.61, 2025-07-03__01-13-32.484929, -0.0637639, -0.0815035, 0.0511654, -2.28738, -0.0353961, 2.15753, 0.741022, -0.00153729, 0.000275938, -1.96504e-05, 0.00581897, -0.00048525, 0.000103466, -0.000535281, -0.0378609, 0.0999793, -0.0522437, -0.0833184, -0.019516, 0.143965, -0.202287, 0, 0, 0, 0, 0, 0, 0, 0.48561, -0.0154939, 0.142538, 0.48638, -0.0156758, 0.142604, 0.996195, -3.71201e-12, -0.0871557, -4.46982e-12, -1, -8.49977e-12, -0.0871557, 8.857e-12, -0.996195, 0
2.62, 2025-07-03__01-13-32.494927, -0.0637609, -0.0814957, 0.0511708, -2.28738, -0.0353996, 2.15753, 0.741017, -0.000303287, 0.0022939, 0.000890564, -0.000322088, -0.000128665, 4.76423e-06, -0.000715156, -0.0879057, -0.0758163, -0.10359, 0.0767285, -0.0186347, 0.167637, -0.200578, 0, 0, 0, 0, 0, 0, 0, 0.485606, -0.0154943, 0.142536, 0.48638, -0.0156758, 0.142604, 0.996195, -3.71201e-12, -0.0871557, -4.46982e-12, -1, -8.49977e-12, -0.0871557, 8.857e-12, -0.996195, 0
2.63, 2025-07-03__01-13-32.504928, -0.0637565, -0.0815035, 0.0511655, -2.28738, -0.0353972, 2.15752, 0.741021, 0.000193881, -0.00017739, -0.000838992, -0.00121474, 0.000273972, 0.000277056, 0.000966863, -0.0619693, -0.000481298, -0.0764328, 0.0509427, -0.0214849, 0.163791, -0.21115, 0, 0, 0, 0, 0, 0, 0, 0.485611, -0.0154914, 0.142539, 0.48638, -0.0156758, 0.142604, 0.996195, -3.71201e-12, -0.0871557, -4.46982e-12, -1, -8.49977e-12, -0.0871557, 8.857e-12, -0.996195, 0
2.64, 2025-07-03__01-13-32.514930, -0.0637578, -0.0815035, 0.051168, -2.28737, -0.0353996, 2.15752, 0.741025, -0.000169979, 0.000419951, -8.88928e-05, 0.00111758, -3.90062e-05, 0.000384845, 0.000391244, -0.070065, 0.0194685, -0.0848912, 0.0117077, -0.0202669, 0.156883, -0.207897, 0, 0, 0, 0, 0, 0, 0, 0.485609, -0.0154911, 0.142535, 0.48638, -0.0156758, 0.142604, 0.996195, -3.71201e-12, -0.0871557, -4.46982e-12, -1, -8.49977e-12, -0.0871557, 8.857e-12, -0.996195, 0
2.65, 2025-07-03__01-13-32.524928, -0.0637609, -0.0815036, 0.0511624, -2.28738, -0.0353979, 2.15752, 0.741022, -0.000589293, -0.000537878, -0.000456598, -0.000906386, 0.000371805, -0.00041456, -0.00122783, -0.0514768, 0.0156498, -0.0661535, 0.0407166, -0.022099, 0.166947, -0.197934, 0, 0, 0, 0, 0, 0, 0, 0.485611, -0.0154945, 0.14254, 0.48638, -0.0156758, 0.142604, 0.996195, -3.71201e-12, -0.0871557, -4.46982e-12, -1, -8.49977e-12, -0.0871557, 8.857e-12, -0.996195, 0
2.66, 2025-07-03__01-13-32.534928, -0.0637586, -0.0815013, 0.0511659, -2.28737, -0.0353995, 2.15752, 0.74102, 0.0006102, 0.00051999, -4.8629e-06, 0.00122461, -0.00021155, 0.000209859, -0.000985821, -0.0889525, 0.0171921, -0.103843, 0.0124035, -0.0191377, 0.15796, -0.199198, 0, 0, 0, 0, 0, 0, 0, 0.485609, -0.0154945, 0.142536, 0.48638, -0.0156758, 0.142604, 0.996195, -3.71201e-12, -0.0871557, -4.46982e-12, -1, -8.49977e-12, -0.0871557, 8.857e-12, -0.996195, 0
2.67, 2025-07-03__01-13-32.544927, -0.0637611, -0.0815018, 0.051168, -2.28737, -0.0353958, 2.15753, 0.741026, -0.000888244, 0.000776046, 0.000229462, 0.00118493, 0.000114466, -1.95762e-05, 0.00145672, -0.0598364, 0.0063264, -0.074842, 0.0173522, -0.0214745, 0.159606, -0.214445, 0, 0, 0, 0, 0, 0, 0, 0.48561, -0.015492, 0.142536, 0.48638, -0.0156758, 0.142604, 0.996195, -3.71201e-12, -0.0871557, -4.46982e-12, -1, -8.49977e-12, -0.0871557, 8.857e-12, -0.996195, 0
2.68, 2025-07-03__01-13-32.554928, -0.0637623, -0.081501, 0.0511708, -2.28738, -0.0353979, 2.15753, 0.741025, -0.00697347, 0.00106054, 0.000938336, -0.00121034, 0.000338962, -0.000450886, 0.00096083, 0.0615446, -0.0514018, 0.0460245, 0.0729734, -0.021436, 0.171435, -0.211602, 0, 0, 0, 0, 0, 0, 0, 0.485615, -0.0154931, 0.142541, 0.48638, -0.0156758, 0.142604, 0.996195, -3.71201e-12, -0.0871557, -4.46982e-12, -1, -8.49977e-12, -0.0871557, 8.857e-12, -0.996195, 0
2.69, 2025-07-03__01-13-32.564927, -0.0637558, -0.0815035, 0.0511707, -2.28737, -0.035395, 2.15753, 0.741021, -0.000606478, -0.000575147, 0.00110922, 0.00293263, 0.00016631, -1.95215e-05, -0.00105291, -0.0890321, 0.0853812, -0.104517, -0.0405439, -0.0226392, 0.151265, -0.198962, 0, 0, 0, 0, 0, 0, 0, 0.485609, -0.0154911, 0.142535, 0.48638, -0.0156758, 0.142604, 0.996195, -3.71201e-12, -0.0871557, -4.46982e-12, -1, -8.49977e-12, -0.0871557, 8.857e-12, -0.996195, 0
2.7, 2025-07-03__01-13-32.574927, -0.0637576, -0.0815018, 0.0511654, -2.28737, -0.0353951, 2.15753, 0.741024, -9.20692e-05, 3.96493e-05, -0.000761455, 0.00152752, -0.00142119, 8.97687e-05, 0.000931048, -0.0561408, 0.0381094, -0.070437, -0.00171747, -0.0121511, 0.156223, -0.211083, 0, 0, 0, 0, 0, 0, 0, 0.48561, -0.0154919, 0.142536, 0.48638, -0.0156758, 0.142604, 0.996195, -3.71201e-12, -0.0871557, -4.46982e-12, -1, -8.49977e-12, -0.0871557, 8.857e-12, -0.996195, 0
2.71, 2025-07-03__01-13-32.584927, -0.0637589, -0.0815035, 0.0511733, -2.28737, -0.0353996, 2.15753, 0.741025, -0.000584131, -2.42599e-05, 0.00227869, 0.000374943, -0.000262867, -0.00035892, 0.000678675, -0.115885, 0.0231583, -0.132512, 0.0219555, -0.0186702, 0.162408, -0.209482, 0, 0, 0, 0, 0, 0, 0, 0.485612, -0.0154958, 0.142541, 0.48638, -0.0156758, 0.142604, 0.996195, -3.71201e-12, -0.0871557, -4.46982e-12, -1, -8.49977e-12, -0.0871557, 8.857e-12, -0.996195, 0
2.72, 2025-07-03__01-13-32.594927, -0.0637588, -0.0815035, 0.0511655, -2.28737, -0.0353952, 2.15752, 0.741026, -2.35114e-05, -0.000617361, -0.000249512, 0.000161984, -7.7499e-05, 0.000287216, 0.000617023, -0.0700028, 0.0401921, -0.0847675, 0.0139344, -0.0200868, 0.158239, -0.209335, 0, 0, 0, 0, 0, 0, 0, 0.485606, -0.0154935, 0.142534, 0.48638, -0.0156758, 0.142604, 0.996195, -3.71201e-12, -0.0871557, -4.46982e-12, -1, -8.49977e-12, -0.0871557, 8.857e-12, -0.996195, 0
2.73, 2025-07-03__01-13-32.604928, -0.0637562, -0.0815017, 0.0511627, -2.28737, -0.035397, 2.15752, 0.741024, 0.003882, 0.000282184, -0.00143404, 5.00521e-05, -0.000323698, 0.000132535, 0.000466261, -0.130871, 0.00757434, -0.144945, 0.0325856, -0.0183449, 0.161303, -0.208106, 0, 0, 0, 0, 0, 0, 0, 0.485615, -0.0154931, 0.142542, 0.48638, -0.0156758, 0.142604, 0.996195, -3.71201e-12, -0.0871557, -4.46982e-12, -1, -8.49977e-12, -0.0871557, 8.857e-12, -0.996195, 0
2.74, 2025-07-03__01-13-32.614927, -0.0637607, -0.0815036, 0.0511654, -2.28737, -0.0353943, 2.15752, 0.741015, 0.000418482, -0.000980709, -0.00066146, 0.00555064, 8.70542e-05, 1.0266e-05, -0.00137216, -0.0695582, 0.142814, -0.0835183, -0.100393, -0.0233333, 0.142985, -0.196797, 0, 0, 0, 0, 0, 0, 0, 0.485614, -0.0154925, 0.14254, 0.48638, -0.0156758, 0.142604, 0.996195, -3.71201e-12, -0.0871557, -4.46982e-12, -1, -8.49977e-12, -0.0871557, 8.857e-12, -0.996195, 0
2.75, 2025-07-03__01-13-32.624927, -0.0637611, -0.0815008, 0.0511708, -2.28738, -0.035398, 2.15752, 0.741015, -0.000877371, 0.000301244, 0.000617733, -0.00199713, 6.52912e-05, 0.000366431, -0.00147944, -0.0708063, -0.031172, -0.0863875, 0.0753392, -0.0195067, 0.166665, -0.195903, 0, 0, 0, 0, 0, 0, 0, 0.485611, -0.0154913, 0.142538, 0.48638, -0.0156758, 0.142604, 0.996195, -3.71201e-12, -0.0871557, -4.46982e-12, -1, -8.49977e-12, -0.0871557, 8.857e-12, -0.996195, 0
2.76, 2025-07-03__01-13-32.634927, -0.0637586, -0.0815017, 0.051168, -2.28737, -0.035398, 2.15752, 0.741021, 0.000531455, -0.00467456, 0.000167745, -0.000548163, 0.000178163, -0.000342718, 0.000966166, -0.0962344, 0.171824, -0.111378, -0.0372788, -0.0219777, 0.155953, -0.211149, 0, 0, 0, 0, 0, 0, 0, 0.485607, -0.015494, 0.142537, 0.48638, -0.0156758, 0.142604, 0.996195, -3.71201e-12, -0.0871557, -4.46982e-12, -1, -8.49977e-12, -0.0871557, 8.857e-12, -0.996195, 0
2.77, 2025-07-03__01-13-32.644926, -0.0637611, -0.081501, 0.0511655, -2.28738, -0.0353987, 2.15752, 0.741023, -0.000447813, 0.000449262, -0.00107163, -0.00133025, 0.000174926, -0.00023621, 0.00130362, -0.0404474, -0.0275463, -0.054756, 0.0655899, -0.0206373, 0.169171, -0.213314, 0, 0, 0, 0, 0, 0, 0, 0.485611, -0.0154947, 0.14254, 0.48638, -0.0156758, 0.142604, 0.996195, -3.71201e-12, -0.0871557, -4.46982e-12, -1, -8.49977e-12, -0.0871557, 8.857e-12, -0.996195, 0
2.78, 2025-07-03__01-13-32.654928, -0.0637639, -0.0815063, 0.0511708, -2.28738, -0.0353944, 2.15752, 0.74102, -0.00132365, -0.00177991, 0.000925731, -0.000230974, 0.000151009, -0.000457242, -0.00133606, -0.068433, 0.0726603, -0.0840471, 0.0062846, -0.021401, 0.162385, -0.197158, 0, 0, 0, 0, 0, 0, 0, 0.485609, -0.0154935, 0.142534, 0.48638, -0.0156758, 0.142604, 0.996195, -3.71201e-12, -0.0871557, -4.46982e-12, -1, -8.49977e-12, -0.0871557, 8.857e-12, -0.996195, 0
2.79, 2025-07-03__01-13-32.664927, -0.0637579, -0.0815035, 0.0511655, -2.28738, -0.0353982, 2.15752, 0.741025, 0.00197127, -0.00102937, -0.00106286, -0.000222743, -0.000153471, -1.13269e-07, 0.000760824, -0.097385, 0.0471525, -0.1117, 0.017926, -0.0193824, 0.160666, -0.210052, 0, 0, 0, 0, 0, 0, 0, 0.485606, -0.0154912, 0.142534, 0.48638, -0.0156758, 0.142604, 0.996195, -3.71201e-12, -0.0871557, -4.46982e-12, -1, -8.49977e-12, -0.0871557, 8.857e-12, -0.996195, 0
2.8, 2025-07-03__01-13-32.674927, -0.0637619, -0.0815035, 0.0511655, -2.28737, -0.0353978, 2.15753, 0.741022, -0.000357414, -0.000195879, -0.000772983, 0.00129281, 4.24671e-05, 0.000349176, 0.00139493, -0.0492178, 0.0437278, -0.0634843, -0.00266655, -0.0211083, 0.154663, -0.213886, 0, 0, 0, 0, 0, 0, 0, 0.485606, -0.0154961, 0.142536, 0.48638, -0.0156758, 0.142604, 0.996195, -3.71201e-12, -0.0871557, -4.46982e-12, -1, -8.49977e-12, -0.0871557, 8.857e-12, -0.996195, 0
2.81, 2025-07-03__01-13-32.684927, -0.0637608, -0.0815035, 0.0511708, -2.28737, -0.035398, 2.15752, 0.741017, -0.000876884, -0.000264662, 0.00118404, -0.00411229, 0.000132787, -0.000389934, -0.00100431, -0.0845644, -0.0448932, -0.100737, 0.108606, -0.0192424, 0.176677, -0.198815, 0, 0, 0, 0, 0, 0, 0, 0.485609, -0.0154938, 0.142535, 0.48638, -0.0156758, 0.142604, 0.996195, -3.71201e-12, -0.0871557, -4.46982e-12, -1, -8.49977e-12, -0.0871557, 8.857e-12, -0.996195, 0
2.82, 2025-07-03__01-13-32.694927, -0.0637564, -0.0815011, 0.0511659, -2.28738, -0.0353996, 2.15752, 0.741015, 0.00204032, 0.000874759, -0.000235251, -0.000576365, 9.19191e-06, -0.000306551, -0.00182947, -0.116742, -0.0274032, -0.13168, 0.058571, -0.0196337, 0.167967, -0.193675, 0, 0, 0, 0, 0, 0, 0, 0.485612, -0.0154966, 0.142541, 0.48638, -0.0156758, 0.142604, 0.996195, -3.71201e-12, -0.0871557, -4.46982e-12, -1, -8.49977e-12, -0.0871557, 8.857e-12, -0.996195, 0
2.83, 2025-07-03__01-13-32.704929, -0.0637639, -0.0815017, 0.0511655, -2.28737, -0.0353983, 2.15752, 0.741022, -0.00105882, 0.000512221, -0.00132771, 0.000275872, 0.000391975, -0.000131847, 0.00089268, -0.0197841, -0.00147899, -0.0337192, 0.0314054, -0.0226672, 0.163485, -0.210878, 0, 0, 0, 0, 0, 0, 0, 0.485615, -0.0154935, 0.142542, 0.48638, -0.0156758, 0.142604, 0.996195, -3.71201e-12, -0.0871557, -4.46982e-12, -1, -8.49977e-12, -0.0871557, 8.857e-12, -0.996195, 0
2.84, 2025-07-03__01-13-32.714927, -0.0637605, -0.0815042, 0.0511673, -2.28737, -0.0353939, 2.15752, 0.741019, 0.00414828, -3.2853e-05, -3.11057e-05, -0.00229302, 0.000115033, 0.000138729, 0.000377048, -0.169672, -0.0180227, -0.184967, 0.074549, -0.0203404, 0.167507, -0.207166, 0, 0, 0, 0, 0, 0, 0, 0.485612, -0.0154936, 0.142541, 0.48638, -0.0156758, 0.142604, 0.996195, -3.71201e-12, -0.0871557, -4.46982e-12, -1, -8.49977e-12, -0.0871557, 8.857e-12, -0.996195, 0
2.85, 2025-07-03__01-13-32.724927, -0.0637622, -0.0815011, 0.0511655, -2.28737, -0.0353957, 2.15752, 0.741015, -0.000151035, 0.00104635, -0.000824329, 0.000684598, -0.000336013, -0.000102276, -0.000634779, -0.0517501, -0.0127601, -0.0660359, 0.0327595, -0.0182433, 0.163061, -0.201098, 0, 0, 0, 0, 0, 0, 0, 0.485611, -0.0154926, 0.142539, 0.48638, -0.0156758, 0.142604, 0.996195, -3.71201e-12, -0.0871557, -4.46982e-12, -1, -8.49977e-12, -0.0871557, 8.857e-12, -0.996195, 0
2.86, 2025-07-03__01-13-32.734927, -0.0637586, -0.0814982, 0.051168, -2.28737, -0.0353985, 2.15752, 0.741021, 1.03254e-05, 0.00118961, 0.000300118, -0.00192515, -0.000107998, 7.52736e-05, 0.00100214, -0.082655, -0.0609961, -0.0980351, 0.0881445, -0.0185297, 0.169984, -0.211224, 0, 0, 0, 0, 0, 0, 0, 0.485606, -0.0154916, 0.142536, 0.48638, -0.0156758, 0.142604, 0.996195, -3.71201e-12, -0.0871557, -4.46982e-12, -1, -8.49977e-12, -0.0871557, 8.857e-12, -0.996195, 0
2.87, 2025-07-03__01-13-32.744927, -0.0637592, -0.081501, 0.051168, -2.28737, -0.0353964, 2.15753, 0.74102, 0.000848663, 0.00115912, -0.000410163, 0.000928009, -0.000113082, 0.000249144, -0.00024573, -0.0849846, -0.0104543, -0.0996148, 0.0285914, -0.0197476, 0.159286, -0.203696, 0, 0, 0, 0, 0, 0, 0, 0.485611, -0.0154923, 0.14254, 0.48638, -0.0156758, 0.142604, 0.996195, -3.71201e-12, -0.0871557, -4.46982e-12, -1, -8.49977e-12, -0.0871557, 8.857e-12, -0.996195, 0
2.88, 2025-07-03__01-13-32.754927, -0.0637617, -0.081501, 0.051168, -2.28737, -0.035399, 2.15752, 0.741018, 0.0003159, 0.000527464, -0.000440293, 0.000118306, -1.32052e-05, 0.000147445, -0.00123249, -0.0723783, -0.00244545, -0.0870449, 0.0348889, -0.0199085, 0.161877, -0.197611, 0, 0, 0, 0, 0, 0, 0, 0.485611, -0.0154959, 0.142539, 0.48638, -0.0156758, 0.142604, 0.996195, -3.71201e-12, -0.0871557, -4.46982e-12, -1, -8.49977e-12, -0.0871557, 8.857e-12, -0.996195, 0
2.89, 2025-07-03__01-13-32.764927, -0.0637617, -0.081501, 0.051168, -2.28738, -0.0353945, 2.15753, 0.741023, -0.000161029, 0.000106423, -0.000272364, -0.000443541, 0.000514816, -4.24286e-05, 0.00139816, -0.065725, 0.00117039, -0.0805264, 0.0411445, -0.0234553, 0.163594, -0.213901, 0, 0, 0, 0, 0, 0, 0, 0.485611, -0.0154937, 0.142539, 0.48638, -0.0156758, 0.142604, 0.996195, -3.71201e-12, -0.0871557, -4.46982e-12, -1, -8.49977e-12, -0.0871557, 8.857e-12, -0.996195, 0
2.9, 2025-07-03__01-13-32.774926, -0.0637614, -0.0815035, 0.051168, -2.28737, -0.0353957, 2.15752, 0.741016, -0.00106414, -0.000206927, 0.000229255, -0.000181545, 0.000244252, 0.000365435, -0.00107265, -0.0571003, 0.0195086, -0.0721816, 0.0273681, -0.0216766, 0.159743, -0.198544, 0, 0, 0, 0, 0, 0, 0, 0.485612, -0.0154927, 0.142541, 0.48638, -0.0156758, 0.142604, 0.996195, -3.71201e-12, -0.0871557, -4.46982e-12, -1, -8.49977e-12, -0.0871557, 8.857e-12, -0.996195, 0
2.91, 2025-07-03__01-13-32.784928, -0.0637562, -0.0814983, 0.0511681, -2.28737, -0.0353985, 2.15752, 0.741019, 0.000991279, 0.00123735, -0.00413323, 0.00127758, -0.000135522, 0.000338934, 0.00316395, -0.00392965, -0.0113586, -0.0158447, 0.0221984, -0.0198141, 0.158813, -0.224503, 0, 0, 0, 0, 0, 0, 0, 0.485606, -0.0154902, 0.142536, 0.48638, -0.0156758, 0.142604, 0.996195, -3.71201e-12, -0.0871557, -4.46982e-12, -1, -8.49977e-12, -0.0871557, 8.857e-12, -0.996195, 0
2.92, 2025-07-03__01-13-32.794927, -0.0637608, -0.0814982, 0.0511662, -2.28738, -0.0353992, 2.15752, 0.741022, -0.00584287, 0.000945932, 0.00172408, -0.00073399, -3.94868e-07, 0.00033337, 0.000522091, 0.018664, -0.0373278, 0.00259899, 0.0604066, -0.0194459, 0.164877, -0.20866, 0, 0, 0, 0, 0, 0, 0, 0.485606, -0.0154961, 0.142534, 0.48638, -0.0156758, 0.142604, 0.996195, -3.71201e-12, -0.0871557, -4.46982e-12, -1, -8.49977e-12, -0.0871557, 8.857e-12, -0.996195, 0
2.93, 2025-07-03__01-13-32.804929, -0.0637615, -0.081501, 0.051168, -2.28737, -0.0353984, 2.15752, 0.741015, -0.000390087, 0.00069144, 0.000532643, 0.000107141, -0.000288639, -0.000252176, -0.00113801, -0.0783306, -0.00915865, -0.0936675, 0.0393312, -0.0181744, 0.164985, -0.197963, 0, 0, 0, 0, 0, 0, 0, 0.485615, -0.015495, 0.142541, 0.48638, -0.0156758, 0.142604, 0.996195, -3.71201e-12, -0.0871557, -4.46982e-12, -1, -8.49977e-12, -0.0871557, 8.857e-12, -0.996195, 0
2.94, 2025-07-03__01-13-32.814927, -0.0637611, -0.081501, 0.0511656, -2.28737, -0.0353974, 2.15752, 0.741016, -0.00037592, 0.000689993, -0.000531042, 0.00117357, 0.000159808, 0.000260868, -0.00176291, -0.0539104, 0.00900829, -0.0683541, 0.015681, -0.0214277, 0.158333, -0.194371, 0, 0, 0, 0, 0, 0, 0, 0.485611, -0.0154923, 0.142539, 0.48638, -0.0156758, 0.142604, 0.996195, -3.71201e-12, -0.0871557, -4.46982e-12, -1, -8.49977e-12, -0.0871557, 8.857e-12, -0.996195, 0
2.95, 2025-07-03__01-13-32.824927, -0.0637642, -0.0815035, 0.0511677, -2.28737, -0.0353985, 2.15752, 0.741023, -0.000301608, 0.000411095, -0.000571293, 0.001826, 0.000158261, 2.22163e-05, 0.00185519, -0.0543428, 0.0303471, -0.0687355, -0.00197279, -0.021958, 0.157247, -0.216713, 0, 0, 0, 0, 0, 0, 0, 0.485607, -0.015497, 0.142537, 0.48638, -0.0156758, 0.142604, 0.996195, -3.71201e-12, -0.0871557, -4.46982e-12, -1, -8.49977e-12, -0.0871557, 8.857e-12, -0.996195, 0
2.96, 2025-07-03__01-13-32.834928, -0.0637614, -0.0815017, 0.0511655, -2.28737, -0.0353996, 2.15752, 0.741019, -0.000489878, -0.00030255, -0.0010571, 0.0010056, -0.000155495, 0.000109503, -0.000879043, -0.0400811, 0.0409097, -0.0541768, 0.0027425, -0.0194978, 0.157782, -0.19992, 0, 0, 0, 0, 0, 0, 0, 0.485606, -0.0154949, 0.142534, 0.48638, -0.0156758, 0.142604, 0.996195, -3.71201e-12, -0.0871557, -4.46982e-12, -1, -8.49977e-12, -0.0871557, 8.857e-12, -0.996195, 0
2.97, 2025-07-03__01-13-32.844927, -0.0637596, -0.0815035, 0.0511708, -2.28737, -0.0353976, 2.15752, 0.741016, 0.000221383, -0.000573898, 0.000698031, -0.00034623, -2.44339e-05, -0.00010367, -0.0073973, -0.098609, 0.0302013, -0.114151, 0.0266799, -0.0195003, 0.162631, -0.160093, 0, 0, 0, 0, 0, 0, 0, 0.48561, -0.015495, 0.142537, 0.48638, -0.0156758, 0.142604, 0.996195, -3.71201e-12, -0.0871557, -4.46982e-12, -1, -8.49977e-12, -0.0871557, 8.857e-12, -0.996195, 0
2.98, 2025-07-03__01-13-32.854928, -0.0637663, -0.0815035, 0.0511683, -2.28737, -0.0353986, 2.15752, 0.741022, -0.00160955, -0.00047003, -2.83294e-05, 0.00117705, 0.000262873, 0.000309962, 6.99653e-05, -0.0376894, 0.0508184, -0.0524779, -0.00457713, -0.0223223, 0.155484, -0.20589, 0, 0, 0, 0, 0, 0, 0, 0.485611, -0.0154935, 0.142539, 0.48638, -0.0156758, 0.142604, 0.996195, -3.71201e-12, -0.0871557, -4.46982e-12, -1, -8.49977e-12, -0.0871557, 8.857e-12, -0.996195, 0
2.99, 2025-07-03__01-13-32.864927, -0.0637619, -0.0815035, 0.0511708, -2.28737, -0.0353993, 2.15752, 0.741022, 0.000138889, -0.000192991, 0.00105294, 0.0011448, -0.000316332, 0.000441358, -0.000143946, -0.103291, 0.0430643, -0.118968, 0.0012434, -0.018642, 0.154946, -0.20439, 0, 0, 0, 0, 0, 0, 0, 0.485606, -0.0154951, 0.142536, 0.48638, -0.0156758, 0.142604, 0.996195, -3.71201e-12, -0.0871557, -4.46982e-12, -1, -8.49977e-12, -0.0871557, 8.857e-12, -0.996195, 0
3, 2025-07-03__01-13-32.874927, -0.0637611, -0.081501, 0.051168, -2.28737, -0.0353985, 2.15752, 0.741016, -0.000637234, 0.000646989, -0.000313183, 0.000545547, 7.19474e-05, -0.00374718, -0.00120407, -0.0531564, -0.00861207, -0.067848, 0.0399295, -0.0206697, 0.18776, -0.19764, 0, 0, 0, 0, 0, 0, 0, 0.485611, -0.0154906, 0.142539, 0.48638, -0.0156758, 0.142604, 0.996195, -3.71201e-12, -0.0871557, -4.46982e-12, -1, -8.49977e-12, -0.0871557, 8.857e-12, -0.996195, 0
3.01, 2025-07-03__01-13-32.884927, -0.0637589, -0.0815017, 0.0511655, -2.28737, -0.0353961, 2.15752, 0.741022, -0.000620372, 5.2847e-05, -0.0011449, 0.00302, -8.65803e-05, -0.000378429, 0.00112823, -0.0348208, 0.0608135, -0.048655, -0.0307177, -0.0210637, 0.155742, -0.212324, 0, 0, 0, 0, 0, 0, 0, 0.485607, -0.015491, 0.142537, 0.48638, -0.0156758, 0.142604, 0.996195, -3.71201e-12, -0.0871557, -4.46982e-12, -1, -8.49977e-12, -0.0871557, 8.857e-12, -0.996195, 0
3.02, 2025-07-03__01-13-32.894927, -0.0637572, -0.081501, 0.051168, -2.28738, -0.035395, 2.15752, 0.741018, 0.000579322, 0.00035764, 0.000295426, -0.000887978, 0.000312698, 0.000247412, -0.00134229, -0.0965032, -0.0137561, -0.11178, 0.0542505, -0.0217513, 0.164092, -0.196902, 0, 0, 0, 0, 0, 0, 0, 0.485605, -0.0154936, 0.142533, 0.48638, -0.0156758, 0.142604, 0.996195, -3.71201e-12, -0.0871557, -4.46982e-12, -1, -8.49977e-12, -0.0871557, 8.857e-12, -0.996195, 0
3.03, 2025-07-03__01-13-32.904928, -0.0637643, -0.081501, 0.0511662, -2.28737, -0.0353957, 2.15752, 0.741014, -0.00142828, 0.000348414, -0.000754846, 0.000927549, 0.000131978, 0.00029546, -0.00155559, -0.0246919, 0.0160193, -0.0389418, 0.0145533, -0.0212809, 0.158251, -0.195587, 0, 0, 0, 0, 0, 0, 0, 0.485611, -0.0154916, 0.142539, 0.48638, -0.0156758, 0.142604, 0.996195, -3.71201e-12, -0.0871557, -4.46982e-12, -1, -8.49977e-12, -0.0871557, 8.857e-12, -0.996195, 0
3.04, 2025-07-03__01-13-32.914927, -0.0637633, -0.081501, 0.0511684, -2.28737, -0.0353992, 2.15753, 0.74102, -0.000871363, 0.000384718, -0.000708278, -0.000116554, -0.000171238, 0.000114247, -0.000473143, -0.0391994, -0.00241317, -0.0536562, 0.0367724, -0.0188497, 0.161968, -0.202398, 0, 0, 0, 0, 0, 0, 0, 0.485611, -0.0154909, 0.142539, 0.48638, -0.0156758, 0.142604, 0.996195, -3.71201e-12, -0.0871557, -4.46982e-12, -1, -8.49977e-12, -0.0871557, 8.857e-12, -0.996195, 0
3.05, 2025-07-03__01-13-32.924928, -0.0637615, -0.0815035, 0.051168, -2.28737, -0.0353989, 2.15752, 0.741018, -0.000895817, -0.000248438, 0.000197438, 0.000949096, 8.96649e-05, -0.000549873, 0.00522589, -0.0595152, 0.0381589, -0.0744924, 0.00651976, -0.0214605, 0.162348, -0.236804, 0, 0, 0, 0, 0, 0, 0, 0.485611, -0.0154951, 0.14254, 0.48638, -0.0156758, 0.142604, 0.996195, -3.71201e-12, -0.0871557, -4.46982e-12, -1, -8.49977e-12, -0.0871557, 8.857e-12, -0.996195, 0
3.06, 2025-07-03__01-13-32.934928, -0.0637612, -0.0815028, 0.0511708, -2.28737, -0.0353984, 2.15752, 0.741022, -0.000706055, 0.00487184, 0.000892914, 0.000829145, -7.35904e-05, -0.000200483, 0.0014374, -0.0761898, -0.145171, -0.0917575, 0.0941544, -0.0192783, 0.171308, -0.213931, 0, 0, 0, 0, 0, 0, 0, 0.485609, -0.0154927, 0.142535, 0.48638, -0.0156758, 0.142604, 0.996195, -3.71201e-12, -0.0871557, -4.46982e-12, -1, -8.49977e-12, -0.0871557, 8.857e-12, -0.996195, 0
3.07, 2025-07-03__01-13-32.944927, -0.0637642, -0.0815039, 0.0511715, -2.28738, -0.035396, 2.15752, 0.741022, -0.00108428, -0.000556333, 0.000739333, 0.000136298, -0.000317564, -4.3058e-05, 0.00140717, -0.0684393, 0.0352476, -0.0839263, 0.018606, -0.0185005, 0.161011, -0.213852, 0, 0, 0, 0, 0, 0, 0, 0.485611, -0.0154905, 0.142539, 0.48638, -0.0156758, 0.142604, 0.996195, -3.71201e-12, -0.0871557, -4.46982e-12, -1, -8.49977e-12, -0.0871557, 8.857e-12, -0.996195, 0
3.08, 2025-07-03__01-13-32.954928, -0.0637619, -0.0815036, 0.0511708, -2.28737, -0.0353981, 2.15752, 0.741016, -0.000631118, -0.000680501, 0.00065036, 0.000262405, 5.52122e-05, -0.000462527, -0.00124908, -0.0772492, 0.0427929, -0.0926515, 0.0132723, -0.020645, 0.162979, -0.197405, 0, 0, 0, 0, 0, 0, 0, 0.485611, -0.0154935, 0.142539, 0.48638, -0.0156758, 0.142604, 0.996195, -3.71201e-12, -0.0871557, -4.46982e-12, -1, -8.49977e-12, -0.0871557, 8.857e-12, -0.996195, 0
3.09, 2025-07-03__01-13-32.964927, -0.0637589, -0.081501, 0.0511655, -2.28737, -0.035396, 2.15752, 0.741016, -0.000513824, 0.000705595, -0.000634173, -5.0094e-06, -0.000119079, -5.82962e-06, -0.00127434, -0.0490728, -0.0120851, -0.0635393, 0.0406445, -0.0193005, 0.163805, -0.197294, 0, 0, 0, 0, 0, 0, 0, 0.485611, -0.0154935, 0.14254, 0.48638, -0.0156758, 0.142604, 0.996195, -3.71201e-12, -0.0871557, -4.46982e-12, -1, -8.49977e-12, -0.0871557, 8.857e-12, -0.996195, 0
3.1, 2025-07-03__01-13-32.974928, -0.0637594, -0.081501, 0.0511687, -2.28737, -0.0353944, 2.15752, 0.741021, 0.000863649, 0.000791362, 0.00117226, -0.00500067, 8.6838e-05, 0.000540835, 0.000457318, -0.122903, -0.0947952, -0.139198, 0.14215, -0.0187651, 0.175065, -0.207791, 0, 0, 0, 0, 0, 0, 0, 0.485611, -0.0154963, 0.14254, 0.48638, -0.0156758, 0.142604, 0.996195, -3.71201e-12, -0.0871557, -4.46982e-12, -1, -8.49977e-12, -0.0871557, 8.857e-12, -0.996195, 0
3.11, 2025-07-03__01-13-32.984927, -0.0637622, -0.0815063, 0.0511715, -2.28737, -0.0353984, 2.15752, 0.741018, -0.000909054, -0.00151867, 0.00136008, -0.000373471, -0.000228509, -0.000300917, -0.000293081, -0.0879892, 0.0636708, -0.103961, 0.0114011, -0.0187964, 0.161872, -0.203276, 0, 0, 0, 0, 0, 0, 0, 0.48561, -0.015493, 0.142537, 0.48638, -0.0156758, 0.142604, 0.996195, -3.71201e-12, -0.0871557, -4.46982e-12, -1, -8.49977e-12, -0.0871557, 8.857e-12, -0.996195, 0
3.12, 2025-07-03__01-13-32.994927, -0.0637617, -0.0815035, 0.0511709, -2.28737, -0.035394, 2.15752, 0.741016, 0.000309234, -0.000602177, 0.00133016, 0.00227651, 0.000448573, -0.000484868, -0.000440329, -0.113613, 0.0751253, -0.129333, -0.0258969, -0.0242666, 0.156975, -0.202308, 0, 0, 0, 0, 0, 0, 0, 0.485611, -0.0154955, 0.14254, 0.48638, -0.0156758, 0.142604, 0.996195, -3.71201e-12, -0.0871557, -4.46982e-12, -1, -8.49977e-12, -0.0871557, 8.857e-12, -0.996195, 0
3.13, 2025-07-03__01-13-33.004929, -0.0637586, -0.0815063, 0.051168, -2.28738, -0.0353946, 2.15752, 0.741019, 0.00130981, -0.00111037, -6.5006e-05, -0.000447105, 0.000324476, -0.00119695, 0.000903071, -0.105504, 0.0450944, -0.120502, 0.0242345, -0.0225057, 0.169338, -0.210556, 0, 0, 0, 0, 0, 0, 0, 0.485606, -0.0154934, 0.142534, 0.48638, -0.0156758, 0.142604, 0.996195, -3.71201e-12, -0.0871557, -4.46982e-12, -1, -8.49977e-12, -0.0871557, 8.857e-12, -0.996195, 0
3.14, 2025-07-03__01-13-33.014927, -0.0637596, -0.0815035, 0.0511708, -2.28737, -0.0353972, 2.15752, 0.741018, -1.60559e-05, -0.000994212, 0.000817131, -0.000477407, 0.000352176, -0.000134754, -0.000538707, -0.0959406, 0.0430125, -0.111544, 0.0220327, -0.0223652, 0.162204, -0.201804, 0, 0, 0, 0, 0, 0, 0, 0.485611, -0.015493, 0.142539, 0.48638, -0.0156758, 0.142604, 0.996195, -3.71201e-12, -0.0871557, -4.46982e-12, -1, -8.49977e-12, -0.0871557, 8.857e-12, -0.996195, 0
3.15, 2025-07-03__01-13-33.024928, -0.0637671, -0.0814985, 0.051168, -2.28737, -0.0353967, 2.15752, 0.741022, -0.0015724, 0.00187482, 0.000206818, 0.000572124, -0.000178152, -0.000104553, 0.00122774, -0.0415643, -0.0453986, -0.056595, 0.0492479, -0.0190946, 0.165266, -0.212793, 0, 0, 0, 0, 0, 0, 0, 0.485612, -0.0154951, 0.142542, 0.48638, -0.0156758, 0.142604, 0.996195, -3.71201e-12, -0.0871557, -4.46982e-12, -1, -8.49977e-12, -0.0871557, 8.857e-12, -0.996195, 0
3.16, 2025-07-03__01-13-33.034927, -0.0637621, -0.0815036, 0.0511702, -2.28737, -0.0353953, 2.15752, 0.741021, -0.00111752, -0.000192592, 0.000490539, -0.00123746, -1.67972e-05, -0.000144377, 0.000901764, -0.0621835, 0.000440416, -0.0775821, 0.050631, -0.0197803, 0.166428, -0.210733, 0, 0, 0, 0, 0, 0, 0, 0.485612, -0.0154943, 0.142541, 0.48638, -0.0156758, 0.142604, 0.996195, -3.71201e-12, -0.0871557, -4.46982e-12, -1, -8.49977e-12, -0.0871557, 8.857e-12, -0.996195, 0
3.17, 2025-07-03__01-13-33.044927, -0.0637594, -0.0815031, 0.0511658, -2.28737, -0.0353989, 2.15752, 0.74102, -6.81355e-05, 0.000424498, -0.00119486, 0.000857726, -0.000483643, 0.00941964, 0.000400783, -0.0474228, 0.0332533, -0.0614017, -0.0105598, -0.017211, 0.0955443, -0.207898, 0, 0, 0, 0, 0, 0, 0, 0.485611, -0.0154941, 0.14254, 0.48638, -0.0156758, 0.142604, 0.996195, -3.71201e-12, -0.0871557, -4.46982e-12, -1, -8.49977e-12, -0.0871557, 8.857e-12, -0.996195, 0
3.18, 2025-07-03__01-13-33.054930, -0.0637643, -0.0815004, 0.0511663, -2.28737, -0.0353982, 2.15752, 0.741017, -0.00158841, 0.00119227, -0.00053913, -0.00074837, 2.45686e-05, 0.000367113, -0.000546228, -0.0255268, -0.0421359, -0.040104, 0.0625299, -0.0196876, 0.164661, -0.201797, 0, 0, 0, 0, 0, 0, 0, 0.485611, -0.0154919, 0.142539, 0.48638, -0.0156758, 0.142604, 0.996195, -3.71201e-12, -0.0871557, -4.46982e-12, -1, -8.49977e-12, -0.0871557, 8.857e-12, -0.996195, 0
3.19, 2025-07-03__01-13-33.064927, -0.0637614, -0.0815064, 0.0511687, -2.28738, -0.0353953, 2.15752, 0.741024, -0.000786515, -0.00138096, -0.00014607, -0.00133489, 0.000160092, 0.000618567, 0.000330485, -0.0562441, 0.0418855, -0.0711981, 0.031752, -0.0209875, 0.159206, -0.207508, 0, 0, 0, 0, 0, 0, 0, 0.485611, -0.0154913, 0.142539, 0.48638, -0.0156758, 0.142604, 0.996195, -3.71201e-12, -0.0871557, -4.46982e-12, -1, -8.49977e-12, -0.0871557, 8.857e-12, -0.996195, 0
3.2, 2025-07-03__01-13-33.074927, -0.0637596, -0.0815057, 0.0511731, -2.28738, -0.0353987, 2.15752, 0.741019, 0.000999714, 9.41396e-05, 0.00069777, -0.00508719, 6.07494e-05, 0.000183863, 0.00231016, -0.116689, -0.0723908, -0.132696, 0.134432, -0.0185258, 0.176481, -0.218904, 0, 0, 0, 0, 0, 0, 0, 0.485607, -0.0154957, 0.142537, 0.48638, -0.0156758, 0.142604, 0.996195, -3.71201e-12, -0.0871557, -4.46982e-12, -1, -8.49977e-12, -0.0871557, 8.857e-12, -0.996195, 0
3.21, 2025-07-03__01-13-33.084927, -0.063764, -0.0814989, 0.0511737, -2.28737, -0.0354, 2.15752, 0.741017, -0.000547156, 0.00145808, 0.00078571, 0.00217786, -0.000289631, -0.00290117, 0.00149607, -0.0797052, -0.00809445, -0.0951019, 0.0186909, -0.01904, 0.178542, -0.214004, 0, 0, 0, 0, 0, 0, 0, 0.485607, -0.0154919, 0.142537, 0.48638, -0.0156758, 0.142604, 0.996195, -3.71201e-12, -0.0871557, -4.46982e-12, -1, -8.49977e-12, -0.0871557, 8.857e-12, -0.996195, 0
3.22, 2025-07-03__01-13-33.094927, -0.063759, -0.0815042, 0.0511733, -2.28737, -0.0353984, 2.15752, 0.741019, 0.000192665, -7.76112e-05, 0.00111458, 0.000997377, -0.000121169, -0.000325127, -0.000186321, -0.107009, 0.035261, -0.122744, 0.00833596, -0.0198349, 0.160898, -0.203946, 0, 0, 0, 0, 0, 0, 0, 0.485612, -0.0154928, 0.142541, 0.48638, -0.0156758, 0.142604, 0.996195, -3.71201e-12, -0.0871557, -4.46982e-12, -1, -8.49977e-12, -0.0871557, 8.857e-12, -0.996195, 0
3.23, 2025-07-03__01-13-33.104928, -0.0637635, -0.0815036, 0.0511683, -2.28738, -0.0353946, 2.15752, 0.741016, -0.000611308, -0.000223612, 0.000822938, -0.000605481, 0.000218456, -0.00132815, -0.000256113, -0.0803431, 0.00861462, -0.0959274, 0.0430814, -0.0214745, 0.17284, -0.20338, 0, 0, 0, 0, 0, 0, 0, 0.485611, -0.0154939, 0.14254, 0.48638, -0.0156758, 0.142604, 0.996195, -3.71201e-12, -0.0871557, -4.46982e-12, -1, -8.49977e-12, -0.0871557, 8.857e-12, -0.996195, 0
3.24, 2025-07-03__01-13-33.114927, -0.0637594, -0.081501, 0.0511743, -2.28738, -0.0353984, 2.15752, 0.741015, 0.000388061, 0.000616839, 0.0017246, -0.00102132, -7.7228e-05, -0.00019349, -0.000762865, -0.125296, -0.0251466, -0.141671, 0.0631841, -0.0190536, 0.167937, -0.200106, 0, 0, 0, 0, 0, 0, 0, 0.485606, -0.0154924, 0.142534, 0.48638, -0.0156758, 0.142604, 0.996195, -3.71201e-12, -0.0871557, -4.46982e-12, -1, -8.49977e-12, -0.0871557, 8.857e-12, -0.996195, 0
3.25, 2025-07-03__01-13-33.124927, -0.063764, -0.0815035, 0.051174, -2.28737, -0.0353978, 2.15752, 0.741017, -0.000911828, -0.000348828, 0.00203202, 0.00165667, 0.000389659, -5.82923e-05, 0.000544738, -0.101928, 0.0561919, -0.118205, -0.010438, -0.0233939, 0.156507, -0.208335, 0, 0, 0, 0, 0, 0, 0, 0.485606, -0.0154945, 0.142536, 0.48638, -0.0156758, 0.142604, 0.996195, -3.71201e-12, -0.0871557, -4.46982e-12, -1, -8.49977e-12, -0.0871557, 8.857e-12, -0.996195, 0
3.26, 2025-07-03__01-13-33.134927, -0.063759, -0.0815035, 0.0511702, -2.28738, -0.0353943, 2.15752, 0.741022, -0.000490772, -0.000176009, -6.02794e-05, -0.00196458, 0.00011144, -0.000357125, 0.000544124, -0.0647365, -0.0143859, -0.0798329, 0.0682342, -0.0202959, 0.170448, -0.208603, 0, 0, 0, 0, 0, 0, 0, 0.485607, -0.015494, 0.142537, 0.48638, -0.0156758, 0.142604, 0.996195, -3.71201e-12, -0.0871557, -4.46982e-12, -1, -8.49977e-12, -0.0871557, 8.857e-12, -0.996195, 0
3.27, 2025-07-03__01-13-33.144927, -0.0637619, -0.0815038, 0.0511649, -2.28737, -0.0353946, 2.15752, 0.741017, 1.60822e-05, -5.98565e-05, -0.00162892, -0.000356297, 0.000170591, 0.000319886, -0.000797842, -0.0384385, 0.0106532, -0.0522175, 0.0331415, -0.0212259, 0.160972, -0.200308, 0, 0, 0, 0, 0, 0, 0, 0.485611, -0.0154962, 0.14254, 0.48638, -0.0156758, 0.142604, 0.996195, -3.71201e-12, -0.0871557, -4.46982e-12, -1, -8.49977e-12, -0.0871557, 8.857e-12, -0.996195, 0
3.28, 2025-07-03__01-13-33.154928, -0.0637611, -0.0815011, 0.0511687, -2.28737, -0.035395, 2.15752, 0.741015, -0.000679129, -0.00202088, -0.00146157, 0.000181884, -7.06434e-05, 0.000231352, -0.000436989, -0.0290338, 0.0879579, -0.042875, -0.00984657, -0.0202566, 0.155828, -0.202434, 0, 0, 0, 0, 0, 0, 0, 0.485606, -0.0154896, 0.142535, 0.48638, -0.0156758, 0.142604, 0.996195, -3.71201e-12, -0.0871557, -4.46982e-12, -1, -8.49977e-12, -0.0871557, 8.857e-12, -0.996195, 0
3.29, 2025-07-03__01-13-33.164927, -0.0637596, -0.081501, 0.0511649, -2.28738, -0.0353949, 2.15752, 0.741012, 0.000138974, 0.000264635, -0.00161529, -0.0035201, -0.000158196, -0.000409148, -0.000109098, -0.0422816, -0.0580516, -0.0563667, 0.107457, -0.0177718, 0.176663, -0.204046, 0, 0, 0, 0, 0, 0, 0, 0.485611, -0.0154937, 0.142539, 0.48638, -0.0156758, 0.142604, 0.996195, -3.71201e-12, -0.0871557, -4.46982e-12, -1, -8.49977e-12, -0.0871557, 8.857e-12, -0.996195, 0
3.3, 2025-07-03__01-13-33.174928, -0.0637643, -0.081501, 0.0511666, -2.28738, -0.0353946, 2.15752, 0.741016, -0.000591536, 0.000705235, -0.0010904, -0.000291605, -1.34863e-05, -6.40589e-05, 0.000181673, -0.0359504, -0.019122, -0.0501193, 0.0483959, -0.019978, 0.165414, -0.206147, 0, 0, 0, 0, 0, 0, 0, 0.485606, -0.0154913, 0.142534, 0.48638, -0.0156758, 0.142604, 0.996195, -3.71201e-12, -0.0871557, -4.46982e-12, -1, -8.49977e-12, -0.0871557, 8.857e-12, -0.996195, 0
3.31, 2025-07-03__01-13-33.184927, -0.0637641, -0.0815035, 0.0511663, -2.28737, -0.0353953, 2.15752, 0.74102, -7.38237e-05, -0.000520339, -0.00130382, 0.00326632, 0.000156358, 4.72572e-06, 0.000414827, -0.0431638, 0.0871595, -0.0568723, -0.0467986, -0.0227866, 0.151064, -0.207914, 0, 0, 0, 0, 0, 0, 0, 0.485606, -0.0154933, 0.142534, 0.48638, -0.0156758, 0.142604, 0.996195, -3.71201e-12, -0.0871557, -4.46982e-12, -1, -8.49977e-12, -0.0871557, 8.857e-12, -0.996195, 0
3.32, 2025-07-03__01-13-33.194927, -0.0637636, -0.081501, 0.0511685, -2.28737, -0.0353942, 2.15752, 0.741016, -0.00027243, 7.74376e-05, -0.00112086, 0.00233927, 0.000126965, 0.000217612, -0.00116886, -0.0432022, 0.0498662, -0.0571214, -0.0181903, -0.0220449, 0.153798, -0.19805, 0, 0, 0, 0, 0, 0, 0, 0.48561, -0.0154917, 0.142537, 0.48638, -0.0156758, 0.142604, 0.996195, -3.71201e-12, -0.0871557, -4.46982e-12, -1, -8.49977e-12, -0.0871557, 8.857e-12, -0.996195, 0
3.33, 2025-07-03__01-13-33.204929, -0.0637641, -0.0815035, 0.0511744, -2.28737, -0.0353954, 2.15752, 0.741013, -0.00065001, -4.75415e-05, 0.00176168, -0.000886267, 3.14916e-05, -9.87026e-06, -0.000522017, -0.102109, 0.00288791, -0.118417, 0.0460524, -0.0201005, 0.164591, -0.201547, 0, 0, 0, 0, 0, 0, 0, 0.485611, -0.0154917, 0.14254, 0.48638, -0.0156758, 0.142604, 0.996195, -3.71201e-12, -0.0871557, -4.46982e-12, -1, -8.49977e-12, -0.0871557, 8.857e-12, -0.996195, 0
3.34, 2025-07-03__01-13-33.214927, -0.0637635, -0.0815035, 0.0511712, -2.28737, -0.0353985, 2.15752, 0.741022, -0.000900211, 0.000141016, 0.000616203, -0.000471604, 8.92941e-05, -0.000268612, 0.00166607, -0.0693788, 0.00139288, -0.0848336, 0.0411456, -0.0205854, 0.165615, -0.215409, 0, 0, 0, 0, 0, 0, 0, 0.485612, -0.0154946, 0.142541, 0.48638, -0.0156758, 0.142604, 0.996195, -3.71201e-12, -0.0871557, -4.46982e-12, -1, -8.49977e-12, -0.0871557, 8.857e-12, -0.996195, 0
3.35, 2025-07-03__01-13-33.224927, -0.0637593, -0.0815063, 0.0511705, -2.28737, -0.0353985, 2.15752, 0.741019, 0.00102414, -0.00134864, 0.00028185, -3.56964e-06, 3.24749e-05, -0.000189307, 0.000104959, -0.107555, 0.0648543, -0.122781, 0.00638179, -0.0206303, 0.160232, -0.20573, 0, 0, 0, 0, 0, 0, 0, 0.485611, -0.0154954, 0.14254, 0.48638, -0.0156758, 0.142604, 0.996195, -3.71201e-12, -0.0871557, -4.46982e-12, -1, -8.49977e-12, -0.0871557, 8.857e-12, -0.996195, 0
3.36, 2025-07-03__01-13-33.234927, -0.0637587, -0.0815066, 0.0511687, -2.28737, -0.0353978, 2.15752, 0.741017, 0.00104876, -0.000634745, -0.000651968, -6.41158e-05, 9.66603e-05, 0.000156338, 0.00091937, -0.086013, 0.0384808, -0.100545, 0.0181368, -0.0209553, 0.159644, -0.210603, 0, 0, 0, 0, 0, 0, 0, 0.485606, -0.0154926, 0.142536, 0.48638, -0.0156758, 0.142604, 0.996195, -3.71201e-12, -0.0871557, -4.46982e-12, -1, -8.49977e-12, -0.0871557, 8.857e-12, -0.996195, 0
3.37, 2025-07-03__01-13-33.244927, -0.0637619, -0.081501, 0.0511685, -2.28737, -0.0353943, 2.15752, 0.741018, -0.000490426, 0.000857054, -0.000746994, 0.00130882, 0.000289373, 0.000287617, -0.000428636, -0.0466453, 0.00516233, -0.0609211, 0.0154788, -0.0225381, 0.158101, -0.202612, 0, 0, 0, 0, 0, 0, 0, 0.485607, -0.0154926, 0.142537, 0.48638, -0.0156758, 0.142604, 0.996195, -3.71201e-12, -0.0871557, -4.46982e-12, -1, -8.49977e-12, -0.0871557, 8.857e-12, -0.996195, 0
3.38, 2025-07-03__01-13-33.254928, -0.0637562, -0.0815066, 0.0511663, -2.28737, -0.0353996, 2.15752, 0.741013, 0.00160874, -0.00130664, -0.000661295, -0.000178098, -0.000241457, -0.000229255, -0.00151189, -0.0992161, 0.0600575, -0.113766, 0.0106903, -0.0186508, 0.161193, -0.19558, 0, 0, 0, 0, 0, 0, 0, 0.485611, -0.0154935, 0.142539, 0.48638, -0.0156758, 0.142604, 0.996195, -3.71201e-12, -0.0871557, -4.46982e-12, -1, -8.49977e-12, -0.0871557, 8.857e-12, -0.996195, 0
3.39, 2025-07-03__01-13-33.264927, -0.0637568, -0.0814958, 0.0511712, -2.28737, -0.0353958, 2.15752, 0.741016, 0.00123725, 0.0021811, 0.000910145, 0.000421784, 0.000130568, -9.78504e-05, -0.000471686, -0.124244, -0.056635, -0.139901, 0.0585613, -0.0209134, 0.166037, -0.201964, 0, 0, 0, 0, 0, 0, 0, 0.485606, -0.0154957, 0.142536, 0.48638, -0.0156758, 0.142604, 0.996195, -3.71201e-12, -0.0871557, -4.46982e-12, -1, -8.49977e-12, -0.0871557, 8.857e-12, -0.996195, 0
3.4, 2025-07-03__01-13-33.274927, -0.0637611, -0.081501, 0.051168, -2.28737, -0.0353946, 2.15752, 0.741022, -0.000688218, 0.00101242, -0.00116756, 0.000902953, -3.69312e-05, 0.000290202, 0.00154845, -0.0324827, -0.00771128, -0.0464976, 0.0262055, -0.0204204, 0.159667, -0.214824, 0, 0, 0, 0, 0, 0, 0, 0.485612, -0.0154935, 0.142541, 0.48638, -0.0156758, 0.142604, 0.996195, -3.71201e-12, -0.0871557, -4.46982e-12, -1, -8.49977e-12, -0.0871557, 8.857e-12, -0.996195, 0
3.41, 2025-07-03__01-13-33.284927, -0.063761, -0.0815035, 0.051171, -2.28738, -0.0353957, 2.15752, 0.741021, 0.000323502, -0.000410498, -8.02642e-06, -0.00286781, -0.00028596, 3.89616e-05, 0.000428196, -0.0845508, -0.0196398, -0.0998163, 0.0817254, -0.0174031, 0.169868, -0.207748, 0, 0, 0, 0, 0, 0, 0, 0.485611, -0.015493, 0.142539, 0.48638, -0.0156758, 0.142604, 0.996195, -3.71201e-12, -0.0871557, -4.46982e-12, -1, -8.49977e-12, -0.0871557, 8.857e-12, -0.996195, 0
3.42, 2025-07-03__01-13-33.294926, -0.0637636, -0.0815057, 0.0511705, -2.28737, -0.0353995, 2.15752, 0.741021, -0.00058273, -0.000941631, -0.000349961, 0.000885144, 5.88611e-05, 0.00024726, 0.000534756, -0.0552386, 0.06401, -0.0698755, -0.0065457, -0.0210139, 0.155644, -0.208595, 0, 0, 0, 0, 0, 0, 0, 0.48561, -0.0154934, 0.142537, 0.48638, -0.0156758, 0.142604, 0.996195, -3.71201e-12, -0.0871557, -4.46982e-12, -1, -8.49977e-12, -0.0871557, 8.857e-12, -0.996195, 0
3.43, 2025-07-03__01-13-33.304929, -0.0637587, -0.081501, 0.0511712, -2.28737, -0.0353982, 2.15752, 0.741021, 0.000200407, 0.00103997, 0.000182208, -0.000222561, -3.59938e-05, -0.000162879, 0.00104823, -0.0847813, -0.0265623, -0.0999467, 0.0514293, -0.0197505, 0.166041, -0.211551, 0, 0, 0, 0, 0, 0, 0, 0.485612, -0.0154912, 0.142541, 0.48638, -0.0156758, 0.142604, 0.996195, -3.71201e-12, -0.0871557, -4.46982e-12, -1, -8.49977e-12, -0.0871557, 8.857e-12, -0.996195, 0
3.44, 2025-07-03__01-13-33.314926, -0.0637584, -0.081501, 0.0511738, -2.28737, -0.0353946, 2.15752, 0.741016, 0.00111621, 0.000641594, 0.00117789, -0.00202038, 9.46977e-05, -0.000765472, -0.00071159, -0.129612, -0.0421097, -0.14568, 0.0834281, -0.0200092, 0.174652, -0.200455, 0, 0, 0, 0, 0, 0, 0, 0.485611, -0.0154916, 0.14254, 0.48638, -0.0156758, 0.142604, 0.996195, -3.71201e-12, -0.0871557, -4.46982e-12, -1, -8.49977e-12, -0.0871557, 8.857e-12, -0.996195, 0
3.45, 2025-07-03__01-13-33.324928, -0.0637562, -0.081501, 0.0511659, -2.28737, -0.0353968, 2.15752, 0.741012, 0.00213095, 0.000606892, -0.00194349, 0.00128438, 0.00033023, -0.000310474, -0.00118688, -0.0798379, 0.0136264, -0.0933323, 0.0138047, -0.0226933, 0.161608, -0.197579, 0, 0, 0, 0, 0, 0, 0, 0.485611, -0.0154918, 0.142539, 0.48638, -0.0156758, 0.142604, 0.996195, -3.71201e-12, -0.0871557, -4.46982e-12, -1, -8.49977e-12, -0.0871557, 8.857e-12, -0.996195, 0
3.46, 2025-07-03__01-13-33.334928, -0.0637569, -0.0815035, 0.0511659, -2.28737, -0.0353959, 2.15752, 0.741016, 0.00194914, -0.000255863, -0.000735671, -0.000490991, -0.000303835, -2.29456e-05, -4.8816e-05, -0.104071, 0.0169428, -0.118604, 0.034522, -0.0182761, 0.162985, -0.204588, 0, 0, 0, 0, 0, 0, 0, 0.485611, -0.015496, 0.14254, 0.48638, -0.0156758, 0.142604, 0.996195, -3.71201e-12, -0.0871557, -4.46982e-12, -1, -8.49977e-12, -0.0871557, 8.857e-12, -0.996195, 0
3.47, 2025-07-03__01-13-33.344927, -0.0637594, -0.0815035, 0.0511691, -2.28738, -0.0353942, 2.15752, 0.741018, 0.000740549, -0.000553569, -0.000112863, -0.0015072, -1.7204e-05, -0.000102003, 0.000622896, -0.091402, 0.00825512, -0.106448, 0.0521605, -0.0197808, 0.16635, -0.208799, 0, 0, 0, 0, 0, 0, 0, 0.485611, -0.0154933, 0.142539, 0.48638, -0.0156758, 0.142604, 0.996195, -3.71201e-12, -0.0871557, -4.46982e-12, -1, -8.49977e-12, -0.0871557, 8.857e-12, -0.996195, 0
3.48, 2025-07-03__01-13-33.354929, -0.0637648, -0.0815035, 0.0511712, -2.28737, -0.035397, 2.15752, 0.741018, -0.00097532, 0.000225227, -0.000190956, -0.000295899, -0.000141937, 2.77518e-05, 0.00375417, -0.0488415, 0.00119974, -0.0636715, 0.0378821, -0.0193965, 0.163262, -0.22788, 0, 0, 0, 0, 0, 0, 0, 0.485612, -0.0154933, 0.142541, 0.48638, -0.0156758, 0.142604, 0.996195, -3.71201e-12, -0.0871557, -4.46982e-12, -1, -8.49977e-12, -0.0871557, 8.857e-12, -0.996195, 0
3.49, 2025-07-03__01-13-33.364926, -0.0637643, -0.0815011, 0.0511733, -2.28737, -0.0353967, 2.15752, 0.741016, -0.000633477, 0.000405666, 0.00110191, 0.00128593, 0.000366534, 0.000150772, 0.00234443, -0.0862045, 0.0221494, -0.101839, 0.00920265, -0.023145, 0.157896, -0.219197, 0, 0, 0, 0, 0, 0, 0, 0.485611, -0.0154933, 0.142539, 0.48638, -0.0156758, 0.142604, 0.996195, -3.71201e-12, -0.0871557, -4.46982e-12, -1, -8.49977e-12, -0.0871557, 8.857e-12, -0.996195, 0
3.5, 2025-07-03__01-13-33.374929, -0.0637593, -0.081501, 0.0511765, -2.28738, -0.0353982, 2.15752, 0.741018, 0.00131077, 0.000190347, 0.00210896, -0.00238815, -0.000279277, -5.54344e-05, 0.00054573, -0.156066, -0.031403, -0.172902, 0.0836242, -0.0174356, 0.170054, -0.208096, 0, 0, 0, 0, 0, 0, 0, 0.485611, -0.0154922, 0.142539, 0.48638, -0.0156758, 0.142604, 0.996195, -3.71201e-12, -0.0871557, -4.46982e-12, -1, -8.49977e-12, -0.0871557, 8.857e-12, -0.996195, 0
3.51, 2025-07-03__01-13-33.384928, -0.0637594, -0.081501, 0.0511687, -2.28737, -0.035395, 2.15752, 0.741018, 0.000137754, 4.77712e-05, -0.00119245, -0.000142675, -0.000178049, 0.000650384, 0.000375939, -0.052353, 0.0105962, -0.0664688, 0.0303659, -0.0191708, 0.158233, -0.207429, 0, 0, 0, 0, 0, 0, 0, 0.485606, -0.015492, 0.142534, 0.48638, -0.0156758, 0.142604, 0.996195, -3.71201e-12, -0.0871557, -4.46982e-12, -1, -8.49977e-12, -0.0871557, 8.857e-12, -0.996195, 0
3.52, 2025-07-03__01-13-33.394927, -0.0637636, -0.0814982, 0.0511719, -2.28737, -0.0353961, 2.15752, 0.741014, -0.00105319, 0.00179271, 0.00124515, 0.000176531, -0.00020198, 0.000308478, -0.000341762, -0.0789327, -0.0469603, -0.0947642, 0.0551431, -0.0187068, 0.163318, -0.202729, 0, 0, 0, 0, 0, 0, 0, 0.485606, -0.0154921, 0.142534, 0.48638, -0.0156758, 0.142604, 0.996195, -3.71201e-12, -0.0871557, -4.46982e-12, -1, -8.49977e-12, -0.0871557, 8.857e-12, -0.996195, 0
3.53, 2025-07-03__01-13-33.404928, -0.0637671, -0.0814982, 0.0511712, -2.28737, -0.0353947, 2.15752, 0.741019, -0.00170304, 0.000780341, 0.000288306, -0.000338627, 0.000105329, 6.50385e-05, 0.000685034, -0.04237, -0.0213565, -0.0575248, 0.0487756, -0.0207406, 0.164551, -0.209358, 0, 0, 0, 0, 0, 0, 0, 0.48561, -0.0154926, 0.142537, 0.48638, -0.0156758, 0.142604, 0.996195, -3.71201e-12, -0.0871557, -4.46982e-12, -1, -8.49977e-12, -0.0871557, 8.857e-12, -0.996195, 0
3.54, 2025-07-03__01-13-33.414927, -0.0637614, -0.0815035, 0.0511712, -2.28737, -0.035395, 2.15752, 0.741019, -3.02406e-05, -0.000787508, -4.67456e-05, 0.00105356, -0.000129021, -0.000488521, 0.000443229, -0.0750691, 0.0596947, -0.0899196, -0.0044912, -0.0201574, 0.160481, -0.207868, 0, 0, 0, 0, 0, 0, 0, 0.485611, -0.0154951, 0.14254, 0.48638, -0.0156758, 0.142604, 0.996195, -3.71201e-12, -0.0871557, -4.46982e-12, -1, -8.49977e-12, -0.0871557, 8.857e-12, -0.996195, 0
3.55, 2025-07-03__01-13-33.424928, -0.0637633, -0.0815088, 0.0511687, -2.28737, -0.0353939, 2.15752, 0.741015, -0.000367319, -0.00197014, -0.000311127, -0.000845925, 0.00040716, -1.76624e-05, -0.00147011, -0.0620431, 0.072449, -0.0768012, 0.0114801, -0.0228318, 0.1605, -0.196101, 0, 0, 0, 0, 0, 0, 0, 0.485611, -0.0154925, 0.14254, 0.48638, -0.0156758, 0.142604, 0.996195, -3.71201e-12, -0.0871557, -4.46982e-12, -1, -8.49977e-12, -0.0871557, 8.857e-12, -0.996195, 0
3.56, 2025-07-03__01-13-33.434929, -0.0637636, -0.0815035, 0.0511712, -2.28738, -0.0353949, 2.15752, 0.741013, -0.00050055, -0.000419107, 0.000284425, -0.000178002, -2.14486e-05, 0.000267028, -0.000243457, -0.0715094, 0.0257461, -0.0866766, 0.0262895, -0.0201243, 0.160165, -0.203342, 0, 0, 0, 0, 0, 0, 0, 0.485611, -0.0154928, 0.142539, 0.48638, -0.0156758, 0.142604, 0.996195, -3.71201e-12, -0.0871557, -4.46982e-12, -1, -8.49977e-12, -0.0871557, 8.857e-12, -0.996195, 0
3.57, 2025-07-03__01-13-33.444927, -0.0637587, -0.0815035, 0.051168, -2.28737, -0.0353946, 2.15752, 0.741015, 0.000624639, 0.000236413, -0.000482133, 3.11626e-06, 0.000360689, -0.000267357, 0.000415827, -0.0792984, 0.00635074, -0.0939071, 0.0330296, -0.0226208, 0.164345, -0.207452, 0, 0, 0, 0, 0, 0, 0, 0.485612, -0.0154941, 0.142541, 0.48638, -0.0156758, 0.142604, 0.996195, -3.71201e-12, -0.0871557, -4.46982e-12, -1, -8.49977e-12, -0.0871557, 8.857e-12, -0.996195, 0
3.58, 2025-07-03__01-13-33.454929, -0.0637636, -0.0815063, 0.0511659, -2.28737, -0.0353949, 2.15752, 0.741016, -0.000701244, -0.000815022, -0.00145844, 0.000885777, -3.39053e-05, -4.46066e-06, -0.000463825, -0.026239, 0.0580555, -0.0400065, -0.00407993, -0.0205811, 0.157796, -0.202334, 0, 0, 0, 0, 0, 0, 0, 0.485606, -0.0154914, 0.142534, 0.48638, -0.0156758, 0.142604, 0.996195, -3.71201e-12, -0.0871557, -4.46982e-12, -1, -8.49977e-12, -0.0871557, 8.857e-12, -0.996195, 0
3.59, 2025-07-03__01-13-33.464927, -0.0637641, -0.081501, 0.051171, -2.28738, -0.0353953, 2.15752, 0.741017, -0.000991186, 0.000154987, -0.000684076, 0.00134715, 0.000153791, 9.77873e-05, -0.000514018, -0.0373709, 0.0283403, -0.0517004, 0.00553577, -0.0217079, 0.158136, -0.202054, 0, 0, 0, 0, 0, 0, 0, 0.485606, -0.0154909, 0.142534, 0.48638, -0.0156758, 0.142604, 0.996195, -3.71201e-12, -0.0871557, -4.46982e-12, -1, -8.49977e-12, -0.0871557, 8.857e-12, -0.996195, 0
3.6, 2025-07-03__01-13-33.474929, -0.0637634, -0.0815035, 0.051174, -2.28738, -0.0353991, 2.15752, 0.741016, -0.00121924, -0.00119087, 0.000995352, -0.00110728, -0.000254352, 0.000103295, -0.000840295, -0.0728916, 0.0373059, -0.0886802, 0.0328656, -0.0181271, 0.162477, -0.199849, 0, 0, 0, 0, 0, 0, 0, 0.485611, -0.0154913, 0.142539, 0.48638, -0.0156758, 0.142604, 0.996195, -3.71201e-12, -0.0871557, -4.46982e-12, -1, -8.49977e-12, -0.0871557, 8.857e-12, -0.996195, 0
3.61, 2025-07-03__01-13-33.484928, -0.0637586, -0.081501, 0.0511712, -2.28737, -0.0353985, 2.15752, 0.741018, 0.00115579, 0.00110891, -5.56822e-05, 0.00126021, 0.000128684, 0.000142469, 0.00142693, -0.100744, -0.00288218, -0.115628, 0.0216997, -0.021409, 0.159478, -0.213688, 0, 0, 0, 0, 0, 0, 0, 0.485612, -0.0154961, 0.142541, 0.48638, -0.0156758, 0.142604, 0.996195, -3.71201e-12, -0.0871557, -4.46982e-12, -1, -8.49977e-12, -0.0871557, 8.857e-12, -0.996195, 0
3.62, 2025-07-03__01-13-33.494927, -0.0637618, -0.0815059, 0.0511712, -2.28737, -0.0353953, 2.15752, 0.741013, 0.000505694, -0.00013998, -0.000442698, 0.000539286, 0.000244531, -0.000340428, -0.000301214, -0.0777898, 0.0293428, -0.0923941, 0.0157612, -0.0220941, 0.162378, -0.203001, 0, 0, 0, 0, 0, 0, 0, 0.485611, -0.0154934, 0.14254, 0.48638, -0.0156758, 0.142604, 0.996195, -3.71201e-12, -0.0871557, -4.46982e-12, -1, -8.49977e-12, -0.0871557, 8.857e-12, -0.996195, 0
3.63, 2025-07-03__01-13-33.504929, -0.0637594, -0.081501, 0.051168, -2.28738, -0.0353953, 2.15752, 0.741012, 0.000456249, 0.000919619, -0.00157131, -0.000773787, -0.000117587, -0.00025087, -0.000770052, -0.0501753, -0.0347379, -0.0640847, 0.0624682, -0.0189972, 0.168579, -0.200087, 0, 0, 0, 0, 0, 0, 0, 0.485611, -0.0154932, 0.14254, 0.48638, -0.0156758, 0.142604, 0.996195, -3.71201e-12, -0.0871557, -4.46982e-12, -1, -8.49977e-12, -0.0871557, 8.857e-12, -0.996195, 0
3.64, 2025-07-03__01-13-33.514927, -0.0637617, -0.081501, 0.0511712, -2.28738, -0.0353991, 2.15752, 0.74102, -0.000278514, 0.000306108, -0.000174578, -0.00350494, -0.000342906, 4.62563e-05, 0.00106617, -0.0664345, -0.0573954, -0.0816338, 0.106863, -0.0164687, 0.173423, -0.211551, 0, 0, 0, 0, 0, 0, 0, 0.485611, -0.0154913, 0.142539, 0.48638, -0.0156758, 0.142604, 0.996195, -3.71201e-12, -0.0871557, -4.46982e-12, -1, -8.49977e-12, -0.0871557, 8.857e-12, -0.996195, 0
3.65, 2025-07-03__01-13-33.524928, -0.0637622, -0.0814982, 0.0511712, -2.28737, -0.0353949, 2.15752, 0.741021, -0.000506648, 0.00177353, 2.7435e-06, 0.000825726, -0.00013931, 0.000254517, 0.000927823, -0.0630477, -0.0360665, -0.0779549, 0.0415347, -0.0195618, 0.161709, -0.2109, 0, 0, 0, 0, 0, 0, 0, 0.485611, -0.0154936, 0.14254, 0.48638, -0.0156758, 0.142604, 0.996195, -3.71201e-12, -0.0871557, -4.46982e-12, -1, -8.49977e-12, -0.0871557, 8.857e-12, -0.996195, 0
3.66, 2025-07-03__01-13-33.534929, -0.0637643, -0.081501, 0.0511659, -2.28738, -0.035396, 2.15752, 0.741019, -0.000629248, 0.000612919, -0.00165397, -0.00125365, -3.33422e-05, 3.30902e-05, -0.000186048, -0.0224174, -0.0322611, -0.0362776, 0.0658675, -0.0193646, 0.167551, -0.2041, 0, 0, 0, 0, 0, 0, 0, 0.485611, -0.0154946, 0.14254, 0.48638, -0.0156758, 0.142604, 0.996195, -3.71201e-12, -0.0871557, -4.46982e-12, -1, -8.49977e-12, -0.0871557, 8.857e-12, -0.996195, 0
3.67, 2025-07-03__01-13-33.544927, -0.0637609, -0.0815063, 0.0511691, -2.28737, -0.0353964, 2.15752, 0.741012, 0.000675025, -0.00107014, 1.3983e-06, -0.000388523, 0.000549885, 0.000442141, -0.00129213, -0.0925949, 0.0493333, -0.107584, 0.016566, -0.0236336, 0.157771, -0.196935, 0, 0, 0, 0, 0, 0, 0, 0.485611, -0.0154919, 0.142539, 0.48638, -0.0156758, 0.142604, 0.996195, -3.71201e-12, -0.0871557, -4.46982e-12, -1, -8.49977e-12, -0.0871557, 8.857e-12, -0.996195, 0
3.68, 2025-07-03__01-13-33.554928, -0.0637562, -0.0815013, 0.051168, -2.28737, -0.0353963, 2.15752, 0.741012, 0.0010649, 0.000270197, -0.000504467, 0.0051481, -0.00010441, 8.08764e-05, -0.000791016, -0.0883673, 0.0915375, -0.102527, -0.0708674, -0.0216733, 0.14635, -0.200044, 0, 0, 0, 0, 0, 0, 0, 0.485611, -0.0154918, 0.142539, 0.48638, -0.0156758, 0.142604, 0.996195, -3.71201e-12, -0.0871557, -4.46982e-12, -1, -8.49977e-12, -0.0871557, 8.857e-12, -0.996195, 0
3.69, 2025-07-03__01-13-33.564927, -0.0637622, -0.0815063, 0.051168, -2.28738, -0.0353959, 2.15752, 0.741017, 0.000132104, -0.00156947, -0.000520887, -0.000633574, -0.000162258, -7.28091e-05, 0.000422349, -0.068167, 0.0592224, -0.0828103, 0.0167401, -0.0192835, 0.161361, -0.20761, 0, 0, 0, 0, 0, 0, 0, 0.485606, -0.0154965, 0.142534, 0.48638, -0.0156758, 0.142604, 0.996195, -3.71201e-12, -0.0871557, -4.46982e-12, -1, -8.49977e-12, -0.0871557, 8.857e-12, -0.996195, 0
3.7, 2025-07-03__01-13-33.574928, -0.0637642, -0.0815064, 0.051174, -2.28737, -0.0353995, 2.15752, 0.741023, -0.00058339, -0.000563581, 0.000504751, 4.11102e-05, -5.08005e-05, -0.000497065, 0.00136893, -0.0750267, 0.0358038, -0.0903931, 0.0192917, -0.0199947, 0.164027, -0.213661, 0, 0, 0, 0, 0, 0, 0, 0.485611, -0.0154919, 0.14254, 0.48638, -0.0156758, 0.142604, 0.996195, -3.71201e-12, -0.0871557, -4.46982e-12, -1, -8.49977e-12, -0.0871557, 8.857e-12, -0.996195, 0
3.71, 2025-07-03__01-13-33.584929, -0.0637611, -0.0814982, 0.0511712, -2.28738, -0.0353949, 2.15752, 0.741012, 0.000630699, 0.00200781, -6.07026e-06, -0.00136062, -0.000136445, -0.000367614, -0.0014607, -0.0892404, -0.083117, -0.104373, 0.0939071, -0.0184385, 0.173399, -0.195759, 0, 0, 0, 0, 0, 0, 0, 0.485612, -0.015494, 0.142541, 0.48638, -0.0156758, 0.142604, 0.996195, -3.71201e-12, -0.0871557, -4.46982e-12, -1, -8.49977e-12, -0.0871557, 8.857e-12, -0.996195, 0
3.72, 2025-07-03__01-13-33.594927, -0.0637642, -0.0815035, 0.0511712, -2.28737, -0.0353959, 2.15752, 0.741017, -7.18928e-05, -0.000173737, 6.97641e-06, -3.60865e-05, -6.94144e-05, 0.00044914, -0.000994318, -0.0745875, 0.0215535, -0.089573, 0.0249931, -0.019791, 0.158698, -0.199021, 0, 0, 0, 0, 0, 0, 0, 0.485611, -0.0154944, 0.14254, 0.48638, -0.0156758, 0.142604, 0.996195, -3.71201e-12, -0.0871557, -4.46982e-12, -1, -8.49977e-12, -0.0871557, 8.857e-12, -0.996195, 0
3.73, 2025-07-03__01-13-33.604929, -0.0637562, -0.0815013, 0.0511712, -2.28737, -0.035396, 2.15752, 0.741021, 0.00117768, -0.00189118, -0.000437198, 9.97472e-05, -0.000254267, -0.000173325, 0.00070741, -0.0959191, 0.0836888, -0.110627, -0.00408019, -0.0191677, 0.158784, -0.209525, 0, 0, 0, 0, 0, 0, 0, 0.485611, -0.0154904, 0.142539, 0.48638, -0.0156758, 0.142604, 0.996195, -3.71201e-12, -0.0871557, -4.46982e-12, -1, -8.49977e-12, -0.0871557, 8.857e-12, -0.996195, 0
3.74, 2025-07-03__01-13-33.614927, -0.0637595, -0.0814982, 0.0511687, -2.28737, -0.0353965, 2.15752, 0.741019, 0.000321913, 0.00157404, -0.00077724, 0.000222845, -0.000420303, 0.000122643, 0.000584325, -0.0644535, -0.0393462, -0.0788746, 0.0508653, -0.0174875, 0.164019, -0.20866, 0, 0, 0, 0, 0, 0, 0, 0.485611, -0.015495, 0.14254, 0.48638, -0.0156758, 0.142604, 0.996195, -3.71201e-12, -0.0871557, -4.46982e-12, -1, -8.49977e-12, -0.0871557, 8.857e-12, -0.996195, 0
3.75, 2025-07-03__01-13-33.624928, -0.0637643, -0.0815063, 0.0511686, -2.28738, -0.0353949, 2.15752, 0.741015, -0.000249231, -0.00161408, -0.000644068, -0.000321918, -0.000122088, -0.000163448, -0.000875407, -0.0564173, 0.0653731, -0.0709248, 0.0098646, -0.0196252, 0.161029, -0.199672, 0, 0, 0, 0, 0, 0, 0, 0.485612, -0.0154937, 0.142541, 0.48638, -0.0156758, 0.142604, 0.996195, -3.71201e-12, -0.0871557, -4.46982e-12, -1, -8.49977e-12, -0.0871557, 8.857e-12, -0.996195, 0
3.76, 2025-07-03__01-13-33.634928, -0.0637591, -0.0815035, 0.0511712, -2.28738, -0.0353966, 2.15752, 0.741015, 0.00134506, -0.000555643, 0.000676607, -0.002425, -0.000553784, -0.000292821, -0.00175091, -0.123895, -0.00637679, -0.139655, 0.0719311, -0.0157604, 0.170349, -0.194084, 0, 0, 0, 0, 0, 0, 0, 0.485611, -0.015496, 0.142539, 0.48638, -0.0156758, 0.142604, 0.996195, -3.71201e-12, -0.0871557, -4.46982e-12, -1, -8.49977e-12, -0.0871557, 8.857e-12, -0.996195, 0
3.77, 2025-07-03__01-13-33.644927, -0.0637663, -0.0814989, 0.0511712, -2.28738, -0.0353959, 2.15752, 0.74102, -0.0018911, 0.00532497, 0.000569993, -0.000286586, -0.000265682, 0.000111485, 0.00115105, -0.0407532, -0.183779, -0.0561482, 0.125783, -0.0175587, 0.174098, -0.212121, 0, 0, 0, 0, 0, 0, 0, 0.485606, -0.0154916, 0.142536, 0.48638, -0.0156758, 0.142604, 0.996195, -3.71201e-12, -0.0871557, -4.46982e-12, -1, -8.49977e-12, -0.0871557, 8.857e-12, -0.996195, 0
3.78, 2025-07-03__01-13-33.654929, -0.0637643, -0.0814982, 0.0511711, -2.28738, -0.035395, 2.15752, 0.741018, 0.000164304, 0.00180904, 0.000474979, -0.000753261, 3.54874e-05, -0.000242149, -0.00024229, -0.0888314, -0.0655497, -0.104253, 0.0778411, -0.0198912, 0.170234, -0.203522, 0, 0, 0, 0, 0, 0, 0, 0.485612, -0.0154965, 0.142541, 0.48638, -0.0156758, 0.142604, 0.996195, -3.71201e-12, -0.0871557, -4.46982e-12, -1, -8.49977e-12, -0.0871557, 8.857e-12, -0.996195, 0
3.79, 2025-07-03__01-13-33.664927, -0.0637648, -0.0815035, 0.0511705, -2.28737, -0.0353952, 2.15752, 0.741015, -0.00154207, -0.00194907, 2.15002e-06, -0.000105968, -0.000118285, -0.00013842, -0.000468547, -0.0422694, 0.081123, -0.0571767, -0.00182465, -0.0198011, 0.1593, -0.202189, 0, 0, 0, 0, 0, 0, 0, 0.485611, -0.015496, 0.14254, 0.48638, -0.0156758, 0.142604, 0.996195, -3.71201e-12, -0.0871557, -4.46982e-12, -1, -8.49977e-12, -0.0871557, 8.857e-12, -0.996195, 0
3.8, 2025-07-03__01-13-33.674929, -0.0637592, -0.0815035, 0.051174, -2.28738, -0.0353963, 2.15752, 0.741021, 0.00119063, 0.000543345, 0.000715296, -0.00145989, -0.000398142, -3.29599e-05, 0.00129945, -0.120599, -0.0288187, -0.136323, 0.0698534, -0.0171776, 0.167919, -0.212947, 0, 0, 0, 0, 0, 0, 0, 0.485612, -0.0154924, 0.142541, 0.48638, -0.0156758, 0.142604, 0.996195, -3.71201e-12, -0.0871557, -4.46982e-12, -1, -8.49977e-12, -0.0871557, 8.857e-12, -0.996195, 0
3.81, 2025-07-03__01-13-33.684929, -0.0637642, -0.0815035, 0.0511712, -2.28737, -0.0353953, 2.15752, 0.74102, -0.000919933, -0.000742511, 1.19423e-05, 0.00107681, 9.39302e-05, 0.000588349, 0.000597746, -0.0556529, 0.0601004, -0.0705013, -0.0077544, -0.0215078, 0.153184, -0.208941, 0, 0, 0, 0, 0, 0, 0, 0.485605, -0.0154917, 0.142533, 0.48638, -0.0156758, 0.142604, 0.996195, -3.71201e-12, -0.0871557, -4.46982e-12, -1, -8.49977e-12, -0.0871557, 8.857e-12, -0.996195, 0
3.82, 2025-07-03__01-13-33.694927, -0.0637597, -0.0815035, 0.0511685, -2.28737, -0.0353939, 2.15752, 0.741019, 9.45437e-05, 0.000110678, 0.000167197, 0.000826159, 0.000334534, 1.95848e-05, -0.000179473, -0.0819207, 0.0253172, -0.096917, 0.0135018, -0.0228279, 0.159592, -0.204096, 0, 0, 0, 0, 0, 0, 0, 0.485606, -0.0154956, 0.142536, 0.48638, -0.0156758, 0.142604, 0.996195, -3.71201e-12, -0.0871557, -4.46982e-12, -1, -8.49977e-12, -0.0871557, 8.857e-12, -0.996195, 0
3.83, 2025-07-03__01-13-33.704928, -0.0637622, -0.0815039, 0.0511687, -2.28737, -0.0353953, 2.15752, 0.741015, -0.000206284, 0.000783143, -0.000499711, 0.00149399, 7.89483e-05, 0.000195571, -0.00106458, -0.058767, 0.0121367, -0.0732163, 0.0105277, -0.021215, 0.157903, -0.198543, 0, 0, 0, 0, 0, 0, 0, 0.485611, -0.0154956, 0.14254, 0.48638, -0.0156758, 0.142604, 0.996195, -3.71201e-12, -0.0871557, -4.46982e-12, -1, -8.49977e-12, -0.0871557, 8.857e-12, -0.996195, 0
3.84, 2025-07-03__01-13-33.714927, -0.0637612, -0.081501, 0.0511659, -2.28738, -0.0353935, 2.15752, 0.741023, -0.000239573, 0.000839594, -0.00138279, -0.000993679, 0.000395169, 0.000556004, 0.00198832, -0.0378323, -0.0341498, -0.0518611, 0.0627229, -0.0224259, 0.163524, -0.217524, 0, 0, 0, 0, 0, 0, 0, 0.485612, -0.0154924, 0.142543, 0.48638, -0.0156758, 0.142604, 0.996195, -3.71201e-12, -0.0871557, -4.46982e-12, -1, -8.49977e-12, -0.0871557, 8.857e-12, -0.996195, 0
3.85, 2025-07-03__01-13-33.724928, -0.0637641, -0.0815057, 0.0511666, -2.28738, -0.0353959, 2.15752, 0.741017, -0.000701761, -0.000317789, -0.000703882, -0.00132924, -2.65956e-05, 0.000202822, 0.00030167, -0.043433, 0.00245581, -0.0579666, 0.0507535, -0.019579, 0.164407, -0.206909, 0, 0, 0, 0, 0, 0, 0, 0.485612, -0.0154918, 0.142541, 0.48638, -0.0156758, 0.142604, 0.996195, -3.71201e-12, -0.0871557, -4.46982e-12, -1, -8.49977e-12, -0.0871557, 8.857e-12, -0.996195, 0
3.86, 2025-07-03__01-13-33.734929, -0.0637618, -0.081501, 0.0511687, -2.28737, -0.035395, 2.15752, 0.741016, 0.000405758, 0.000357079, 0.000379984, 0.00115642, -3.77444e-05, 0.000197028, -0.00078899, -0.0931322, 0.0219073, -0.108278, 0.0111223, -0.0204843, 0.157897, -0.200175, 0, 0, 0, 0, 0, 0, 0, 0.485611, -0.0154936, 0.142539, 0.48638, -0.0156758, 0.142604, 0.996195, -3.71201e-12, -0.0871557, -4.46982e-12, -1, -8.49977e-12, -0.0871557, 8.857e-12, -0.996195, 0
3.87, 2025-07-03__01-13-33.744927, -0.0637616, -0.0815013, 0.0511712, -2.28737, -0.0353936, 2.15752, 0.741018, 0.000771306, 0.000691685, 0.000498777, -0.000546105, 0.000220456, -0.000193229, 0.00016837, -0.104709, -0.0187558, -0.120118, 0.0522846, -0.0215038, 0.166415, -0.206026, 0, 0, 0, 0, 0, 0, 0, 0.485611, -0.0154933, 0.142539, 0.48638, -0.0156758, 0.142604, 0.996195, -3.71201e-12, -0.0871557, -4.46982e-12, -1, -8.49977e-12, -0.0871557, 8.857e-12, -0.996195, 0
3.88, 2025-07-03__01-13-33.754928, -0.0637643, -0.0814989, 0.0511712, -2.28738, -0.0353963, 2.15752, 0.74102, -0.000843823, 0.00125359, -6.18961e-05, -0.00110127, -7.37858e-05, 0.000205345, 0.000851082, -0.0543056, -0.0516912, -0.0693362, 0.0737629, -0.0191187, 0.167145, -0.21035, 0, 0, 0, 0, 0, 0, 0, 0.485611, -0.0154934, 0.14254, 0.48638, -0.0156758, 0.142604, 0.996195, -3.71201e-12, -0.0871557, -4.46982e-12, -1, -8.49977e-12, -0.0871557, 8.857e-12, -0.996195, 0
3.89, 2025-07-03__01-13-33.764928, -0.0637618, -0.0814982, 0.0511687, -2.28738, -0.0353959, 2.15752, 0.74102, 5.46182e-05, 0.00083021, -0.00103587, -0.001092, -0.000143141, -0.000163481, 0.000248294, -0.0528975, -0.0375699, -0.0672443, 0.0676667, -0.0187733, 0.168778, -0.206702, 0, 0, 0, 0, 0, 0, 0, 0.485611, -0.0154929, 0.142539, 0.48638, -0.0156758, 0.142604, 0.996195, -3.71201e-12, -0.0871557, -4.46982e-12, -1, -8.49977e-12, -0.0871557, 8.857e-12, -0.996195, 0
3.9, 2025-07-03__01-13-33.774929, -0.0637618, -0.081501, 0.0511687, -2.28737, -0.0353948, 2.15752, 0.741014, -0.000156778, 0.000803579, -3.09688e-05, 0.00047557, 1.75547e-05, -1.89425e-05, -0.00025318, -0.0707289, -0.00669069, -0.0856075, 0.0327631, -0.0204892, 0.162516, -0.203333, 0, 0, 0, 0, 0, 0, 0, 0.485612, -0.0154927, 0.142541, 0.48638, -0.0156758, 0.142604, 0.996195, -3.71201e-12, -0.0871557, -4.46982e-12, -1, -8.49977e-12, -0.0871557, 8.857e-12, -0.996195, 0
3.91, 2025-07-03__01-13-33.784928, -0.0637615, -0.081501, 0.0511687, -2.28737, -0.0353965, 2.15752, 0.74102, 0.000640021, -1.40519e-05, -0.000734593, 0.000508174, -0.000583436, 0.000305376, -8.76482e-05, -0.0735712, 0.0236841, -0.0880099, 0.0176308, -0.0168352, 0.158392, -0.204659, 0, 0, 0, 0, 0, 0, 0, 0.485605, -0.0154946, 0.142533, 0.48638, -0.0156758, 0.142604, 0.996195, -3.71201e-12, -0.0871557, -4.46982e-12, -1, -8.49977e-12, -0.0871557, 8.857e-12, -0.996195, 0
3.92, 2025-07-03__01-13-33.794928, -0.0637618, -0.0815035, 0.0511712, -2.28737, -0.0353957, 2.15752, 0.741016, 0.000121129, 1.07042e-05, -0.000215571, 0.00258892, -0.000700604, -0.000178562, -0.000671709, -0.0736658, 0.0574785, -0.0882745, -0.0228794, -0.016958, 0.155396, -0.200927, 0, 0, 0, 0, 0, 0, 0, 0.485611, -0.0154909, 0.14254, 0.48638, -0.0156758, 0.142604, 0.996195, -3.71201e-12, -0.0871557, -4.46982e-12, -1, -8.49977e-12, -0.0871557, 8.857e-12, -0.996195, 0
3.93, 2025-07-03__01-13-33.804929, -0.0637618, -0.081501, 0.0511712, -2.28738, -0.0353953, 2.15752, 0.741018, -0.000274863, 0.00100142, -0.000153444, -0.00120735, 9.37034e-05, 0.00041364, 0.000722297, -0.0660036, -0.0428242, -0.0809777, 0.0707217, -0.0202228, 0.165397, -0.209451, 0, 0, 0, 0, 0, 0, 0, 0.485612, -0.0154919, 0.142541, 0.48638, -0.0156758, 0.142604, 0.996195, -3.71201e-12, -0.0871557, -4.46982e-12, -1, -8.49977e-12, -0.0871557, 8.857e-12, -0.996195, 0
3.94, 2025-07-03__01-13-33.814927, -0.0637643, -0.0815035, 0.0511712, -2.28738, -0.035396, 2.15752, 0.741018, -0.000339651, -0.000388397, -0.000196964, -0.0010487, 0.000175105, -0.000433206, -4.95992e-05, -0.0641134, 0.00833113, -0.0790399, 0.0463605, -0.0209711, 0.167742, -0.204793, 0, 0, 0, 0, 0, 0, 0, 0.48561, -0.0154959, 0.142537, 0.48638, -0.0156758, 0.142604, 0.996195, -3.71201e-12, -0.0871557, -4.46982e-12, -1, -8.49977e-12, -0.0871557, 8.857e-12, -0.996195, 0
3.95, 2025-07-03__01-13-33.824928, -0.0637669, -0.0815042, 0.0511765, -2.28737, -0.0353967, 2.15752, 0.741011, -0.00147986, 0.00543346, 0.00134522, -0.000638804, 0.00035271, 0.00014807, -0.000946866, -0.0689454, -0.18878, -0.0849318, 0.131825, -0.0210969, 0.174666, -0.198857, 0, 0, 0, 0, 0, 0, 0, 0.485611, -0.0154944, 0.142539, 0.48638, -0.0156758, 0.142604, 0.996195, -3.71201e-12, -0.0871557, -4.46982e-12, -1, -8.49977e-12, -0.0871557, 8.857e-12, -0.996195, 0
3.96, 2025-07-03__01-13-33.834929, -0.0637643, -0.0815041, 0.0511712, -2.28738, -0.0353953, 2.15752, 0.741016, -0.000718366, -0.00169701, -4.20596e-06, -0.00167462, 4.09156e-05, 0.000670719, 0.000321985, -0.0612617, 0.0469022, -0.0763457, 0.033669, -0.0201261, 0.159231, -0.206965, 0, 0, 0, 0, 0, 0, 0, 0.485612, -0.015492, 0.142541, 0.48638, -0.0156758, 0.142604, 0.996195, -3.71201e-12, -0.0871557, -4.46982e-12, -1, -8.49977e-12, -0.0871557, 8.857e-12, -0.996195, 0
3.97, 2025-07-03__01-13-33.844927, -0.0637618, -0.081501, 0.0511712, -2.28737, -0.0353948, 2.15752, 0.741014, 0.000706639, 0.000752232, -0.000213489, 0.000196347, -0.000217293, -0.000289288, -0.000648525, -0.0868235, -0.00955985, -0.101657, 0.0386126, -0.0189114, 0.165044, -0.200876, 0, 0, 0, 0, 0, 0, 0, 0.485606, -0.0154921, 0.142536, 0.48638, -0.0156758, 0.142604, 0.996195, -3.71201e-12, -0.0871557, -4.46982e-12, -1, -8.49977e-12, -0.0871557, 8.857e-12, -0.996195, 0
3.98, 2025-07-03__01-13-33.854928, -0.0637643, -0.0815063, 0.0511733, -2.28737, -0.0353942, 2.15752, 0.741021, -0.000868792, -0.00116433, -0.000220573, 0.000595352, 0.000108216, -5.59698e-05, 0.000549089, -0.0523967, 0.0665518, -0.0671339, -0.00364298, -0.0215435, 0.158144, -0.208707, 0, 0, 0, 0, 0, 0, 0, 0.485606, -0.0154923, 0.142536, 0.48638, -0.0156758, 0.142604, 0.996195, -3.71201e-12, -0.0871557, -4.46982e-12, -1, -8.49977e-12, -0.0871557, 8.857e-12, -0.996195, 0
3.99, 2025-07-03__01-13-33.864927, -0.0637618, -0.0815035, 0.0511687, -2.28737, -0.0353942, 2.15752, 0.741016, 0.000241402, -0.00049907, -0.000731565, 0.00431327, 5.18736e-05, 0.000129161, -0.000467196, -0.0642399, 0.104964, -0.0782787, -0.0676988, -0.0225726, 0.146979, -0.20231, 0, 0, 0, 0, 0, 0, 0, 0.485611, -0.0154936, 0.142539, 0.48638, -0.0156758, 0.142604, 0.996195, -3.71201e-12, -0.0871557, -4.46982e-12, -1, -8.49977e-12, -0.0871557, 8.857e-12, -0.996195, 0
4, 2025-07-03__01-13-33.874928, -0.0637692, -0.0814982, 0.051174, -2.28737, -0.0353968, 2.15752, 0.741013, -0.00678786, 0.00146145, 0.00125877, -0.00121245, 0.000359452, -0.000295974, -0.0013206, 0.0511215, -0.0645805, 0.0353812, 0.078187, -0.0214071, 0.171686, -0.197048, 0, 0, 0, 0, 0, 0, 0, 0.485611, -0.0154924, 0.142539, 0.48638, -0.0156758, 0.142604, 0.996195, -3.71201e-12, -0.0871557, -4.46982e-12, -1, -8.49977e-12, -0.0871557, 8.857e-12, -0.996195, 0
4.01, 2025-07-03__01-13-33.884929, -0.0637616, -0.0815035, 0.0511712, -2.28738, -0.0353952, 2.15752, 0.741021, 0.000103231, -8.2985e-05, -0.000283051, -0.00161257, 4.72656e-07, -0.000569088, 0.000915077, -0.0725891, -0.0119704, -0.0875308, 0.0634087, -0.0197247, 0.170983, -0.210763, 0, 0, 0, 0, 0, 0, 0, 0.485611, -0.0154936, 0.14254, 0.48638, -0.0156758, 0.142604, 0.996195, -3.71201e-12, -0.0871557, -4.46982e-12, -1, -8.49977e-12, -0.0871557, 8.857e-12, -0.996195, 0
4.02, 2025-07-03__01-13-33.894927, -0.0637643, -0.081501, 0.0511733, -2.28737, -0.0353935, 2.15752, 0.741023, -0.000435029, 0.000246033, 0.00019368, 0.000332861, 0.00420405, -6.02241e-05, 0.0016224, -0.0705246, 0.0114576, -0.0855137, 0.0246479, -0.0469531, 0.162081, -0.215516, 0, 0, 0, 0, 0, 0, 0, 0.485611, -0.0154933, 0.142539, 0.48638, -0.0156758, 0.142604, 0.996195, -3.71201e-12, -0.0871557, -4.46982e-12, -1, -8.49977e-12, -0.0871557, 8.857e-12, -0.996195, 0
4.03, 2025-07-03__01-13-33.904929, -0.0637622, -0.081501, 0.0511719, -2.28737, -0.0353943, 2.15752, 0.741018, -0.00085198, 0.000574827, -0.00035478, 0.00138366, 0.000330179, -4.64089e-05, -0.000425948, -0.0482548, 0.0158155, -0.0628147, 0.0102902, -0.0228718, 0.159564, -0.202627, 0, 0, 0, 0, 0, 0, 0, 0.485611, -0.0154916, 0.142539, 0.48638, -0.0156758, 0.142604, 0.996195, -3.71201e-12, -0.0871557, -4.46982e-12, -1, -8.49977e-12, -0.0871557, 8.857e-12, -0.996195, 0
4.04, 2025-07-03__01-13-33.914926, -0.0637671, -0.0815011, 0.0511712, -2.28737, -0.0353981, 2.15752, 0.741018, -0.00100962, 4.96861e-05, 0.000411945, -0.000113493, -0.000114395, 3.77076e-06, -0.00166585, -0.061636, 0.00997531, -0.0769094, 0.03203, -0.0192489, 0.162613, -0.195007, 0, 0, 0, 0, 0, 0, 0, 0.485611, -0.0154963, 0.142539, 0.48638, -0.0156758, 0.142604, 0.996195, -3.71201e-12, -0.0871557, -4.46982e-12, -1, -8.49977e-12, -0.0871557, 8.857e-12, -0.996195, 0
4.05, 2025-07-03__01-13-33.924929, -0.0637643, -0.0815064, 0.0511712, -2.28737, -0.0353952, 2.15752, 0.741016, -0.000443274, -0.000309303, -0.000123466, 0.000202339, -0.000296262, 0.000278051, -0.00638142, -0.0635462, 0.0304747, -0.078412, 0.0180598, -0.0181625, 0.158973, -0.166342, 0, 0, 0, 0, 0, 0, 0, 0.485606, -0.0154911, 0.142535, 0.48638, -0.0156758, 0.142604, 0.996195, -3.71201e-12, -0.0871557, -4.46982e-12, -1, -8.49977e-12, -0.0871557, 8.857e-12, -0.996195, 0
4.06, 2025-07-03__01-13-33.934929, -0.0637675, -0.0815057, 0.0511712, -2.28737, -0.0353953, 2.15752, 0.741013, -0.0024463, -0.000610569, 0.000498546, 0.00408281, 0.000172344, 0.000122146, -0.00152165, -0.0307146, 0.104561, -0.0455649, -0.0654526, -0.0230283, 0.147645, -0.195823, 0, 0, 0, 0, 0, 0, 0, 0.485611, -0.0154944, 0.14254, 0.48638, -0.0156758, 0.142604, 0.996195, -3.71201e-12, -0.0871557, -4.46982e-12, -1, -8.49977e-12, -0.0871557, 8.857e-12, -0.996195, 0
4.07, 2025-07-03__01-13-33.944927, -0.0637645, -0.0815017, 0.0511712, -2.28738, -0.0353935, 2.15752, 0.741017, -6.85238e-05, 6.35572e-05, 4.69865e-05, -0.000895896, 0.000435355, -9.60324e-05, 0.000967814, -0.0753244, -0.0046323, -0.0904021, 0.0500899, -0.0227954, 0.165889, -0.210901, 0, 0, 0, 0, 0, 0, 0, 0.485611, -0.0154927, 0.14254, 0.48638, -0.0156758, 0.142604, 0.996195, -3.71201e-12, -0.0871557, -4.46982e-12, -1, -8.49977e-12, -0.0871557, 8.857e-12, -0.996195, 0
4.08, 2025-07-03__01-13-33.954929, -0.0637665, -0.0815035, 0.0511687, -2.28737, -0.0353948, 2.15752, 0.741014, 0.0006553, -0.000163879, 0.000153161, 0.0013796, -0.000228088, -3.61268e-05, -0.00113041, -0.0929857, 0.0445452, -0.107955, -0.00176146, -0.0194757, 0.157656, -0.197988, 0, 0, 0, 0, 0, 0, 0, 0.485606, -0.0154961, 0.142536, 0.48638, -0.0156758, 0.142604, 0.996195, -3.71201e-12, -0.0871557, -4.46982e-12, -1, -8.49977e-12, -0.0871557, 8.857e-12, -0.996195, 0
4.09, 2025-07-03__01-13-33.964927, -0.0637671, -0.0814982, 0.0511712, -2.28737, -0.0353942, 2.15752, 0.741019, -0.00199928, 0.00176322, 3.51328e-06, -0.000274374, 0.00541101, 6.91474e-05, 9.33172e-05, -0.0285271, -0.0548802, -0.043331, 0.0615756, -0.0537674, 0.166623, -0.206151, 0, 0, 0, 0, 0, 0, 0, 0.485611, -0.015491, 0.14254, 0.48638, -0.0156758, 0.142604, 0.996195, -3.71201e-12, -0.0871557, -4.46982e-12, -1, -8.49977e-12, -0.0871557, 8.857e-12, -0.996195, 0
4.1, 2025-07-03__01-13-33.974929, -0.0637644, -0.0815035, 0.0511712, -2.28738, -0.0353965, 2.15752, 0.741013, -0.000706567, -0.00104918, 0.00171615, 0.000176818, -0.00034126, -0.000166415, -0.000555012, -0.099629, 0.0541933, -0.115807, 0.0104019, -0.0182857, 0.160588, -0.201363, 0, 0, 0, 0, 0, 0, 0, 0.48561, -0.0154927, 0.142537, 0.48638, -0.0156758, 0.142604, 0.996195, -3.71201e-12, -0.0871557, -4.46982e-12, -1, -8.49977e-12, -0.0871557, 8.857e-12, -0.996195, 0
4.11, 2025-07-03__01-13-33.984928, -0.0637651, -0.0815035, 0.0511761, -2.28737, -0.0353942, 2.15752, 0.741016, -0.00685257, -0.000117998, 0.00583707, -8.54578e-05, 4.20995e-06, 0.00010709, -0.000762389, -0.0540895, 0.0172118, -0.0730301, 0.0282692, -0.0201684, 0.161459, -0.200399, 0, 0, 0, 0, 0, 0, 0, 0.485611, -0.0154919, 0.14254, 0.48638, -0.0156758, 0.142604, 0.996195, -3.71201e-12, -0.0871557, -4.46982e-12, -1, -8.49977e-12, -0.0871557, 8.857e-12, -0.996195, 0
4.12, 2025-07-03__01-13-33.994927, -0.063767, -0.0814983, 0.051172, -2.28738, -0.035395, 2.15752, 0.741016, -0.000696792, 0.00107772, 0.00136515, -0.00111922, -0.000265679, -0.000132671, 0.000581717, -0.0897816, -0.0453731, -0.105845, 0.0728357, -0.0180094, 0.169001, -0.208379, 0, 0, 0, 0, 0, 0, 0, 0.48561, -0.0154949, 0.142537, 0.48638, -0.0156758, 0.142604, 0.996195, -3.71201e-12, -0.0871557, -4.46982e-12, -1, -8.49977e-12, -0.0871557, 8.857e-12, -0.996195, 0
4.13, 2025-07-03__01-13-34.004929, -0.063765, -0.081501, 0.0511744, -2.28737, -0.0353959, 2.15752, 0.74102, -0.00160572, 0.000184378, -1.63984e-05, -0.00143609, -0.000117041, 0.0003161, 0.000893707, -0.0396207, -0.0171207, -0.0546838, 0.0598008, -0.0189385, 0.164832, -0.210664, 0, 0, 0, 0, 0, 0, 0, 0.485611, -0.0154929, 0.142539, 0.48638, -0.0156758, 0.142604, 0.996195, -3.71201e-12, -0.0871557, -4.46982e-12, -1, -8.49977e-12, -0.0871557, 8.857e-12, -0.996195, 0
4.14, 2025-07-03__01-13-34.014927, -0.0637593, -0.0815035, 0.0511736, -2.28737, -0.035396, 2.15752, 0.741019, 0.00091358, 5.02137e-05, 0.00071643, -0.000446231, -0.000508344, -0.000549353, -0.000378827, -0.114463, 0.00600892, -0.130073, 0.0406708, -0.0169356, 0.167092, -0.2027, 0, 0, 0, 0, 0, 0, 0, 0.485612, -0.0154933, 0.142541, 0.48638, -0.0156758, 0.142604, 0.996195, -3.71201e-12, -0.0871557, -4.46982e-12, -1, -8.49977e-12, -0.0871557, 8.857e-12, -0.996195, 0
4.15, 2025-07-03__01-13-34.024929, -0.0637643, -0.0815035, 0.0511715, -2.28737, -0.0353957, 2.15752, 0.741013, -0.00036935, -7.32133e-05, 0.000336836, -0.000122729, -0.000464609, -0.000141419, -0.00101923, -0.0752416, 0.0152057, -0.0904608, 0.0304329, -0.0172672, 0.163239, -0.198588, 0, 0, 0, 0, 0, 0, 0, 0.485611, -0.0154932, 0.142539, 0.48638, -0.0156758, 0.142604, 0.996195, -3.71201e-12, -0.0871557, -4.46982e-12, -1, -8.49977e-12, -0.0871557, 8.857e-12, -0.996195, 0
4.16, 2025-07-03__01-13-34.034929, -0.0637618, -0.0815063, 0.0511715, -2.28737, -0.0353948, 2.15752, 0.741017, 0.000117838, -0.0011098, -0.000191557, 0.000206355, 0.000123616, 5.96036e-05, -4.82861e-05, -0.0756884, 0.0592091, -0.0904975, 0.00500696, -0.0214065, 0.158551, -0.204789, 0, 0, 0, 0, 0, 0, 0, 0.485611, -0.0154923, 0.14254, 0.48638, -0.0156758, 0.142604, 0.996195, -3.71201e-12, -0.0871557, -4.46982e-12, -1, -8.49977e-12, -0.0871557, 8.857e-12, -0.996195, 0
4.17, 2025-07-03__01-13-34.044927, -0.0637618, -0.0815042, 0.0511765, -2.28737, -0.0353942, 2.15752, 0.741019, 0.000473889, 0.000118531, 0.000953666, 0.000509811, 0.000203692, 2.61716e-05, -2.14222e-05, -0.1098, 0.0210306, -0.125468, 0.0202702, -0.0218818, 0.160374, -0.204971, 0, 0, 0, 0, 0, 0, 0, 0.485607, -0.015492, 0.142538, 0.48638, -0.0156758, 0.142604, 0.996195, -3.71201e-12, -0.0871557, -4.46982e-12, -1, -8.49977e-12, -0.0871557, 8.857e-12, -0.996195, 0
4.18, 2025-07-03__01-13-34.054929, -0.0637593, -0.081501, 0.0511747, -2.28738, -0.0353956, 2.15752, 0.741021, 0.000899618, 2.37814e-05, 0.000888565, 0.000112666, -0.000352081, 0.00011742, 0.00106099, -0.118213, 0.0153725, -0.13391, 0.0292769, -0.0182262, 0.161046, -0.211567, 0, 0, 0, 0, 0, 0, 0, 0.485611, -0.0154915, 0.142539, 0.48638, -0.0156758, 0.142604, 0.996195, -3.71201e-12, -0.0871557, -4.46982e-12, -1, -8.49977e-12, -0.0871557, 8.857e-12, -0.996195, 0
4.19, 2025-07-03__01-13-34.064927, -0.0637618, -0.0815035, 0.0511742, -2.28737, -0.0353991, 2.15752, 0.741015, -7.7965e-05, -0.00040767, 0.000108159, 0.00148549, -0.0001474, 0.000211408, -0.000415616, -0.0778149, 0.0549805, -0.0927626, -0.00891175, -0.0198337, 0.155164, -0.202423, 0, 0, 0, 0, 0, 0, 0, 0.485611, -0.0154906, 0.142539, 0.48638, -0.0156758, 0.142604, 0.996195, -3.71201e-12, -0.0871557, -4.46982e-12, -1, -8.49977e-12, -0.0871557, 8.857e-12, -0.996195, 0
4.2, 2025-07-03__01-13-34.074928, -0.0637643, -0.0815035, 0.0511743, -2.28737, -0.0353935, 2.15752, 0.741014, -9.69166e-06, -0.000820562, 0.000263478, 0.000843241, 0.000378764, -0.000123843, -0.00146234, -0.0828809, 0.058471, -0.0979639, -0.00196934, -0.0231889, 0.15856, -0.196053, 0, 0, 0, 0, 0, 0, 0, 0.485611, -0.0154935, 0.142539, 0.48638, -0.0156758, 0.142604, 0.996195, -3.71201e-12, -0.0871557, -4.46982e-12, -1, -8.49977e-12, -0.0871557, 8.857e-12, -0.996195, 0
4.21, 2025-07-03__01-13-34.084929, -0.0637643, -0.0815035, 0.0511734, -2.28737, -0.0353957, 2.15752, 0.74102, -0.000308422, -0.000342726, 0.00031481, 0.000507059, -0.000100204, 0.000388837, 0.000785152, -0.0766231, 0.0366522, -0.0917907, 0.0113691, -0.0200002, 0.157044, -0.209983, 0, 0, 0, 0, 0, 0, 0, 0.485611, -0.0154937, 0.142539, 0.48638, -0.0156758, 0.142604, 0.996195, -3.71201e-12, -0.0871557, -4.46982e-12, -1, -8.49977e-12, -0.0871557, 8.857e-12, -0.996195, 0
4.22, 2025-07-03__01-13-34.094927, -0.0637643, -0.0814989, 0.0511734, -2.28737, -0.0353949, 2.15752, 0.741018, 0.000155343, 0.00163196, 0.000720972, -0.000670814, -0.000118959, 0.000132226, 0.000235878, -0.0948822, -0.0549202, -0.110476, 0.0700506, -0.0190648, 0.166662, -0.206412, 0, 0, 0, 0, 0, 0, 0, 0.485612, -0.0154951, 0.142541, 0.48638, -0.0156758, 0.142604, 0.996195, -3.71201e-12, -0.0871557, -4.46982e-12, -1, -8.49977e-12, -0.0871557, 8.857e-12, -0.996195, 0
4.23, 2025-07-03__01-13-34.104928, -0.0637665, -0.0815035, 0.051171, -2.28738, -0.0353974, 2.15752, 0.741014, -0.000579596, -0.000570982, -0.000827934, -0.000277577, 0.00014123, 0.000446638, -0.00114986, -0.0439424, 0.0288447, -0.0583261, 0.024835, -0.0209097, 0.159059, -0.197982, 0, 0, 0, 0, 0, 0, 0, 0.485606, -0.0154934, 0.142536, 0.48638, -0.0156758, 0.142604, 0.996195, -3.71201e-12, -0.0871557, -4.46982e-12, -1, -8.49977e-12, -0.0871557, 8.857e-12, -0.996195, 0
4.24, 2025-07-03__01-13-34.114927, -0.0637618, -0.081501, 0.0511688, -2.28738, -0.0353989, 2.15752, 0.741017, 0.00200136, 0.00100464, -0.00131845, -0.00257471, -0.00042052, -0.000279666, -0.00119963, -0.0909028, -0.0665143, -0.105273, 0.100946, -0.0161694, 0.174254, -0.197589, 0, 0, 0, 0, 0, 0, 0, 0.485612, -0.0154927, 0.142541, 0.48638, -0.0156758, 0.142604, 0.996195, -3.71201e-12, -0.0871557, -4.46982e-12, -1, -8.49977e-12, -0.0871557, 8.857e-12, -0.996195, 0
4.25, 2025-07-03__01-13-34.124928, -0.0637644, -0.0815038, 0.0511688, -2.28737, -0.0353975, 2.15752, 0.741021, -0.000484529, -0.000715277, -0.000508689, 0.000762048, 0.000136893, -5.0824e-06, 0.000400212, -0.0530873, 0.0526013, -0.0676075, 0.000753337, -0.0215252, 0.158299, -0.207781, 0, 0, 0, 0, 0, 0, 0, 0.485606, -0.0154949, 0.142535, 0.48638, -0.0156758, 0.142604, 0.996195, -3.71201e-12, -0.0871557, -4.46982e-12, -1, -8.49977e-12, -0.0871557, 8.857e-12, -0.996195, 0
4.26, 2025-07-03__01-13-34.134929, -0.0637644, -0.0815035, 0.0511766, -2.28737, -0.035395, 2.15752, 0.741018, -0.00076218, -4.13719e-05, 0.00239619, 0.000746755, 0.000139357, 0.000340917, 0.00018183, -0.114081, 0.0312647, -0.130722, 0.0121474, -0.0215358, 0.157136, -0.206136, 0, 0, 0, 0, 0, 0, 0, 0.485612, -0.0154928, 0.142541, 0.48638, -0.0156758, 0.142604, 0.996195, -3.71201e-12, -0.0871557, -4.46982e-12, -1, -8.49977e-12, -0.0871557, 8.857e-12, -0.996195, 0
4.27, 2025-07-03__01-13-34.144928, -0.0637643, -0.081501, 0.0511743, -2.28737, -0.0353956, 2.15752, 0.741014, -0.00117722, 0.000566745, 0.000778991, 0.000927653, -0.000149678, 0.000339337, -0.00153609, -0.0669081, 0.00987719, -0.0823389, 0.0187081, -0.0194997, 0.158212, -0.195582, 0, 0, 0, 0, 0, 0, 0, 0.485611, -0.0154907, 0.14254, 0.48638, -0.0156758, 0.142604, 0.996195, -3.71201e-12, -0.0871557, -4.46982e-12, -1, -8.49977e-12, -0.0871557, 8.857e-12, -0.996195, 0
4.28, 2025-07-03__01-13-34.154928, -0.0637597, -0.0815035, 0.0511748, -2.28738, -0.0353948, 2.15752, 0.741021, -3.38942e-05, -1.87719e-05, 0.000802196, -0.00164494, -0.000170103, -0.00030284, 0.0101869, -0.0948641, -0.0132314, -0.110581, 0.064448, -0.0192838, 0.169062, -0.266879, 0, 0, 0, 0, 0, 0, 0, 0.485612, -0.0154924, 0.142541, 0.48638, -0.0156758, 0.142604, 0.996195, -3.71201e-12, -0.0871557, -4.46982e-12, -1, -8.49977e-12, -0.0871557, 8.857e-12, -0.996195, 0
4.29, 2025-07-03__01-13-34.164927, -0.0637617, -0.0815035, 0.0511751, -2.28737, -0.0353956, 2.15752, 0.741019, 0.00323948, -0.000620425, 0.00118729, -0.00104796, -0.000331124, 0.000381185, 0.000518009, -0.178502, 0.0242796, -0.194597, 0.0392791, -0.0180563, 0.160746, -0.20801, 0, 0, 0, 0, 0, 0, 0, 0.48561, -0.0154932, 0.142537, 0.48638, -0.0156758, 0.142604, 0.996195, -3.71201e-12, -0.0871557, -4.46982e-12, -1, -8.49977e-12, -0.0871557, 8.857e-12, -0.996195, 0
4.3, 2025-07-03__01-13-34.174927, -0.0637626, -0.0815032, 0.0511708, -2.28737, -0.0353975, 2.15752, 0.741017, -0.00108124, 0.000102623, -0.000134755, -0.000441547, 0.00015403, 0.000256869, -0.000637893, -0.04854, 0.0034596, -0.0634166, 0.0381227, -0.020875, 0.161982, -0.201229, 0, 0, 0, 0, 0, 0, 0, 0.485605, -0.0154972, 0.142533, 0.48638, -0.0156758, 0.142604, 0.996195, -3.71201e-12, -0.0871557, -4.46982e-12, -1, -8.49977e-12, -0.0871557, 8.857e-12, -0.996195, 0
4.31, 2025-07-03__01-13-34.184928, -0.0637671, -0.0815035, 0.0511744, -2.28738, -0.0353959, 2.15752, 0.741017, -0.00112119, -0.000226173, 0.000375194, -0.00198923, -0.000352216, -0.000319962, -0.000488009, -0.0595476, -0.0132384, -0.0749734, 0.0680054, -0.0171997, 0.170204, -0.202026, 0, 0, 0, 0, 0, 0, 0, 0.485611, -0.0154922, 0.14254, 0.48638, -0.0156758, 0.142604, 0.996195, -3.71201e-12, -0.0871557, -4.46982e-12, -1, -8.49977e-12, -0.0871557, 8.857e-12, -0.996195, 0
4.32, 2025-07-03__01-13-34.194927, -0.0637618, -0.081501, 0.0511744, -2.28737, -0.0353984, 2.15752, 0.741017, 0.000662923, 0.000485802, -0.000617275, 0.00138563, -0.000102729, 7.61471e-06, 0.000423879, -0.0773391, 0.0201751, -0.0918123, 0.00900451, -0.0200399, 0.158821, -0.207607, 0, 0, 0, 0, 0, 0, 0, 0.485611, -0.015491, 0.14254, 0.48638, -0.0156758, 0.142604, 0.996195, -3.71201e-12, -0.0871557, -4.46982e-12, -1, -8.49977e-12, -0.0871557, 8.857e-12, -0.996195, 0
4.33, 2025-07-03__01-13-34.204928, -0.0637621, -0.081501, 0.0511715, -2.28737, -0.0353948, 2.15752, 0.741011, -0.000405639, -0.000214097, -0.000713657, 0.00147535, -4.93494e-05, -0.000436719, -0.000973705, -0.0508032, 0.0446236, -0.0650981, -0.00342328, -0.0206011, 0.160274, -0.198878, 0, 0, 0, 0, 0, 0, 0, 0.485605, -0.0154899, 0.142533, 0.48638, -0.0156758, 0.142604, 0.996195, -3.71201e-12, -0.0871557, -4.46982e-12, -1, -8.49977e-12, -0.0871557, 8.857e-12, -0.996195, 0
4.34, 2025-07-03__01-13-34.214927, -0.0637643, -0.0815035, 0.0511743, -2.28737, -0.0353953, 2.15752, 0.74102, -0.000615001, -0.000562562, -0.0004182, -0.000304802, 0.000159544, 0.000101427, 0.000536449, -0.0535496, 0.0294343, -0.0682466, 0.0246149, -0.0213201, 0.161149, -0.20853, 0, 0, 0, 0, 0, 0, 0, 0.485611, -0.0154905, 0.14254, 0.48638, -0.0156758, 0.142604, 0.996195, -3.71201e-12, -0.0871557, -4.46982e-12, -1, -8.49977e-12, -0.0871557, 8.857e-12, -0.996195, 0
4.35, 2025-07-03__01-13-34.224928, -0.0637643, -0.0815063, 0.0511712, -2.28737, -0.0353949, 2.15752, 0.741021, -0.000870056, -0.000557402, -0.000974863, -0.0011614, -0.000167571, -5.64865e-05, 0.000586395, -0.0345616, 0.0147889, -0.0489097, 0.041956, -0.0189348, 0.164883, -0.208896, 0, 0, 0, 0, 0, 0, 0, 0.485611, -0.0154905, 0.14254, 0.48638, -0.0156758, 0.142604, 0.996195, -3.71201e-12, -0.0871557, -4.46982e-12, -1, -8.49977e-12, -0.0871557, 8.857e-12, -0.996195, 0
4.36, 2025-07-03__01-13-34.234930, -0.0637593, -0.081501, 0.0511744, -2.28737, -0.0353953, 2.15752, 0.74102, 0.00158941, 0.000912408, 0.000236403, -0.000376256, 3.59019e-05, 0.000157418, 0.00465743, -0.118108, -0.0225585, -0.133374, 0.0515895, -0.0206028, 0.163783, -0.233307, 0, 0, 0, 0, 0, 0, 0, 0.485612, -0.0154941, 0.142541, 0.48638, -0.0156758, 0.142604, 0.996195, -3.71201e-12, -0.0871557, -4.46982e-12, -1, -8.49977e-12, -0.0871557, 8.857e-12, -0.996195, 0
4.37, 2025-07-03__01-13-34.244927, -0.0637621, -0.081501, 0.0511744, -2.28737, -0.035395, 2.15752, 0.741015, -0.00323014, 0.000542309, 0.000195432, 0.00107337, 3.10942e-05, 0.000437982, 0.000776531, -0.00746159, 0.0112322, -0.0223582, 0.0143343, -0.0208201, 0.157275, -0.209819, 0, 0, 0, 0, 0, 0, 0, 0.485611, -0.0154938, 0.142539, 0.48638, -0.0156758, 0.142604, 0.996195, -3.71201e-12, -0.0871557, -4.46982e-12, -1, -8.49977e-12, -0.0871557, 8.857e-12, -0.996195, 0
4.38, 2025-07-03__01-13-34.254928, -0.0637621, -0.0815057, 0.0511744, -2.28737, -0.0353991, 2.15752, 0.741013, 0.0046669, -0.000529392, -0.000217095, -0.000292912, -0.000219837, 0.000193972, -0.000371989, -0.178545, 0.0340725, -0.193607, 0.0255989, -0.018806, 0.159897, -0.202282, 0, 0, 0, 0, 0, 0, 0, 0.485611, -0.01549, 0.142539, 0.48638, -0.0156758, 0.142604, 0.996195, -3.71201e-12, -0.0871557, -4.46982e-12, -1, -8.49977e-12, -0.0871557, 8.857e-12, -0.996195, 0
4.39, 2025-07-03__01-13-34.264927, -0.0637629, -0.0815035, 0.0511682, -2.28737, -0.0353948, 2.15752, 0.741019, -0.00236306, 0.000131105, -0.00188463, -0.000458609, -3.31279e-05, -0.000279563, 0.000161105, 0.0211185, -0.00152482, 0.00757444, 0.0398042, -0.0198595, 0.166096, -0.20635, 0, 0, 0, 0, 0, 0, 0, 0.485612, -0.0154915, 0.142541, 0.48638, -0.0156758, 0.142604, 0.996195, -3.71201e-12, -0.0871557, -4.46982e-12, -1, -8.49977e-12, -0.0871557, 8.857e-12, -0.996195, 0
4.4, 2025-07-03__01-13-34.274927, -0.0637643, -0.0814982, 0.0511742, -2.28737, -0.0353978, 2.15752, 0.741013, -0.0010698, 0.00124017, 0.000374288, 0.000426777, 0.000219605, 0.0001618, 1.26478e-05, -0.0595243, -0.0240569, -0.0747111, 0.0408459, -0.0214619, 0.162472, -0.204906, 0, 0, 0, 0, 0, 0, 0, 0.485611, -0.0154917, 0.142539, 0.48638, -0.0156758, 0.142604, 0.996195, -3.71201e-12, -0.0871557, -4.46982e-12, -1, -8.49977e-12, -0.0871557, 8.857e-12, -0.996195, 0
4.41, 2025-07-03__01-13-34.284928, -0.0637593, -0.081501, 0.0511772, -2.28737, -0.0353946, 2.15752, 0.741014, 0.00109613, 0.000538775, 0.00158475, 0.00107909, -2.54849e-05, 0.000189754, -0.00122937, -0.13858, 0.0158284, -0.154678, 0.0162737, -0.0205118, 0.158367, -0.197277, 0, 0, 0, 0, 0, 0, 0, 0.485611, -0.0154911, 0.14254, 0.48638, -0.0156758, 0.142604, 0.996195, -3.71201e-12, -0.0871557, -4.46982e-12, -1, -8.49977e-12, -0.0871557, 8.857e-12, -0.996195, 0
4.42, 2025-07-03__01-13-34.294927, -0.0637593, -0.0815031, 0.0511743, -2.28737, -0.0353984, 2.15752, 0.741021, 0.000943223, 0.000224981, -0.00034614, 0.0021011, -7.47604e-05, 0.000399323, 0.0011728, -0.0905057, 0.043559, -0.105125, -0.0112786, -0.0206299, 0.153254, -0.212384, 0, 0, 0, 0, 0, 0, 0, 0.485606, -0.01549, 0.142534, 0.48638, -0.0156758, 0.142604, 0.996195, -3.71201e-12, -0.0871557, -4.46982e-12, -1, -8.49977e-12, -0.0871557, 8.857e-12, -0.996195, 0
4.43, 2025-07-03__01-13-34.304928, -0.0637591, -0.0815063, 0.0511737, -2.28737, -0.0353969, 2.15752, 0.741019, 0.00661817, 1.74378e-05, 0.000145442, 0.000507999, 0.000413775, 0.00188275, -3.36245e-05, -0.23115, 0.0339697, -0.246461, 0.0135168, -0.0232223, 0.146725, -0.20465, 0, 0, 0, 0, 0, 0, 0, 0.485613, -0.0154941, 0.142544, 0.48638, -0.0156758, 0.142604, 0.996195, -3.71201e-12, -0.0871557, -4.46982e-12, -1, -8.49977e-12, -0.0871557, 8.857e-12, -0.996195, 0
4.44, 2025-07-03__01-13-34.314927, -0.0637621, -0.0815035, 0.0511691, -2.28737, -0.0353942, 2.15752, 0.741017, 0.000621287, 0.00056677, -0.000999841, 0.00373365, 0.000277308, -1.32575e-05, -0.000652101, -0.0659804, 0.057095, -0.079901, -0.0377808, -0.0235549, 0.152012, -0.201221, 0, 0, 0, 0, 0, 0, 0, 0.485607, -0.015495, 0.142537, 0.48638, -0.0156758, 0.142604, 0.996195, -3.71201e-12, -0.0871557, -4.46982e-12, -1, -8.49977e-12, -0.0871557, 8.857e-12, -0.996195, 0
4.45, 2025-07-03__01-13-34.324927, -0.0637672, -0.081501, 0.0511712, -2.28737, -0.0353958, 2.15752, 0.74102, -0.000478384, 0.000726657, -0.0012221, 0.000520098, -1.62669e-05, 0.000179623, 0.000479958, -0.0357167, -0.00408263, -0.0497627, 0.029552, -0.0203018, 0.160993, -0.208211, 0, 0, 0, 0, 0, 0, 0, 0.485611, -0.015494, 0.14254, 0.48638, -0.0156758, 0.142604, 0.996195, -3.71201e-12, -0.0871557, -4.46982e-12, -1, -8.49977e-12, -0.0871557, 8.857e-12, -0.996195, 0
4.46, 2025-07-03__01-13-34.334929, -0.0637619, -0.081501, 0.0511772, -2.28737, -0.0353956, 2.15752, 0.741016, -0.00369858, 0.000631069, 0.00109007, 0.00222484, -0.000302626, 0.000117061, -0.000555368, -0.0175705, 0.026965, -0.0330304, -0.00614586, -0.019074, 0.156145, -0.201777, 0, 0, 0, 0, 0, 0, 0, 0.485606, -0.0154908, 0.142536, 0.48638, -0.0156758, 0.142604, 0.996195, -3.71201e-12, -0.0871557, -4.46982e-12, -1, -8.49977e-12, -0.0871557, 8.857e-12, -0.996195, 0
4.47, 2025-07-03__01-13-34.344927, -0.0637609, -0.081501, 0.0511743, -2.28737, -0.0353974, 2.15752, 0.741017, -0.00597528, 0.000663429, -0.00064857, 0.00123126, 0.000340543, -0.00708684, -0.000295099, 0.0746875, -0.0096487, 0.0604708, 0.0352251, -0.0226473, 0.209329, -0.203484, 0, 0, 0, 0, 0, 0, 0, 0.485611, -0.0154874, 0.142539, 0.48638, -0.0156758, 0.142604, 0.996195, -3.71201e-12, -0.0871557, -4.46982e-12, -1, -8.49977e-12, -0.0871557, 8.857e-12, -0.996195, 0
4.48, 2025-07-03__01-13-34.354927, -0.0637636, -0.0815017, 0.0511719, -2.28737, -0.035398, 2.15752, 0.741021, 0.00179464, 0.000492366, -0.00642229, 0.00104996, -0.000208562, -3.93937e-05, 0.001047, 0.0299103, 0.0104396, 0.0195561, 0.0144903, -0.0193079, 0.160645, -0.211878, 0, 0, 0, 0, 0, 0, 0, 0.485612, -0.0154909, 0.142541, 0.48638, -0.0156758, 0.142604, 0.996195, -3.71201e-12, -0.0871557, -4.46982e-12, -1, -8.49977e-12, -0.0871557, 8.857e-12, -0.996195, 0
4.49, 2025-07-03__01-13-34.364927, -0.0637643, -0.081502, 0.0511772, -2.28738, -0.0353959, 2.15752, 0.741013, -0.000613977, 1.94013e-05, 0.00106308, -0.00181176, 0.00198183, 0.00017391, -0.00128106, -0.0878925, -0.017031, -0.103768, 0.0666344, -0.0317715, 0.166751, -0.19709, 0, 0, 0, 0, 0, 0, 0, 0.485611, -0.0154928, 0.14254, 0.48638, -0.0156758, 0.142604, 0.996195, -3.71201e-12, -0.0871557, -4.46982e-12, -1, -8.49977e-12, -0.0871557, 8.857e-12, -0.996195, 0
4.5, 2025-07-03__01-13-34.374927, -0.0637643, -0.0815036, 0.0511744, -2.28737, -0.0353995, 2.15752, 0.741011, -0.000328922, 9.94327e-05, 0.000415627, 0.000323637, -9.57772e-05, -0.00013094, -0.00176698, -0.0784258, 0.0167567, -0.0936884, 0.0241655, -0.0194515, 0.162184, -0.193953, 0, 0, 0, 0, 0, 0, 0, 0.485607, -0.0154943, 0.142537, 0.48638, -0.0156758, 0.142604, 0.996195, -3.71201e-12, -0.0871557, -4.46982e-12, -1, -8.49977e-12, -0.0871557, 8.857e-12, -0.996195, 0
4.51, 2025-07-03__01-13-34.384929, -0.0637643, -0.081501, 0.0511719, -2.28737, -0.0353942, 2.15752, 0.741023, -0.00132269, 0.000229064, -0.000254162, 0.00328295, 0.000177538, 0.000113021, 0.00217378, -0.039157, 0.0599755, -0.0536139, -0.0344889, -0.0229504, 0.151912, -0.218746, 0, 0, 0, 0, 0, 0, 0, 0.485611, -0.0154921, 0.142539, 0.48638, -0.0156758, 0.142604, 0.996195, -3.71201e-12, -0.0871557, -4.46982e-12, -1, -8.49977e-12, -0.0871557, 8.857e-12, -0.996195, 0
4.52, 2025-07-03__01-13-34.394927, -0.0637618, -0.0815063, 0.0511719, -2.28738, -0.0353946, 2.15752, 0.741015, 0.000389141, -0.00117114, -0.00120264, -0.000643275, 5.56014e-05, 0.000385073, -0.000813161, -0.0592736, 0.0455342, -0.0734453, 0.0220142, -0.0205489, 0.159165, -0.200055, 0, 0, 0, 0, 0, 0, 0, 0.485606, -0.0154899, 0.142534, 0.48638, -0.0156758, 0.142604, 0.996195, -3.71201e-12, -0.0871557, -4.46982e-12, -1, -8.49977e-12, -0.0871557, 8.857e-12, -0.996195, 0
4.53, 2025-07-03__01-13-34.404928, -0.0637593, -0.0815036, 0.0511744, -2.28738, -0.0353948, 2.15752, 0.741011, 0.00136113, -0.000422032, -0.000641094, -0.00122914, -1.44354e-05, 0.00015713, -0.00201619, -0.0947265, 0.00888741, -0.109411, 0.0479922, -0.0196598, 0.164042, -0.192406, 0, 0, 0, 0, 0, 0, 0, 0.485611, -0.0154909, 0.14254, 0.48638, -0.0156758, 0.142604, 0.996195, -3.71201e-12, -0.0871557, -4.46982e-12, -1, -8.49977e-12, -0.0871557, 8.857e-12, -0.996195, 0
4.54, 2025-07-03__01-13-34.414926, -0.0637618, -0.0815035, 0.0511744, -2.28737, -0.0353952, 2.15752, 0.741018, 0.000488471, -0.000513083, 0.000293639, 0.00137213, -0.000104078, -0.00026223, 0.00107429, -0.0949108, 0.0565107, -0.110015, -0.00684679, -0.0204464, 0.158429, -0.211589, 0, 0, 0, 0, 0, 0, 0, 0.485611, -0.0154937, 0.142539, 0.48638, -0.0156758, 0.142604, 0.996195, -3.71201e-12, -0.0871557, -4.46982e-12, -1, -8.49977e-12, -0.0871557, 8.857e-12, -0.996195, 0
4.55, 2025-07-03__01-13-34.424928, -0.0637591, -0.0815035, 0.0511737, -2.28737, -0.0353948, 2.15752, 0.741021, 0.00221006, -0.000934414, -0.0044789, -0.000617048, 6.4105e-05, -3.96756e-05, 0.000866168, -0.0267303, 0.0361421, -0.0386317, 0.0245619, -0.0207691, 0.162375, -0.210662, 0, 0, 0, 0, 0, 0, 0, 0.485611, -0.0154918, 0.142539, 0.48638, -0.0156758, 0.142604, 0.996195, -3.71201e-12, -0.0871557, -4.46982e-12, -1, -8.49977e-12, -0.0871557, 8.857e-12, -0.996195, 0
4.56, 2025-07-03__01-13-34.434929, -0.0637693, -0.0815035, 0.0511721, -2.28737, -0.0353942, 2.15752, 0.741018, 0.000555271, -0.000793034, -0.00117679, 3.85935e-05, 0.000181119, 0.000259538, -0.000535587, -0.061433, 0.0440193, -0.0755784, 0.0133407, -0.021651, 0.158501, -0.201924, 0, 0, 0, 0, 0, 0, 0, 0.485611, -0.0154901, 0.142539, 0.48638, -0.0156758, 0.142604, 0.996195, -3.71201e-12, -0.0871557, -4.46982e-12, -1, -8.49977e-12, -0.0871557, 8.857e-12, -0.996195, 0
4.57, 2025-07-03__01-13-34.444927, -0.0637654, -0.0815031, 0.0511743, -2.28738, -0.0353942, 2.15752, 0.741014, 0.000150388, 0.000560754, 0.000247076, -0.0017529, 7.85427e-06, -2.63808e-05, -0.00120329, -0.0852173, -0.0357974, -0.100557, 0.0756569, -0.0194836, 0.169054, -0.197486, 0, 0, 0, 0, 0, 0, 0, 0.485611, -0.0154937, 0.14254, 0.48638, -0.0156758, 0.142604, 0.996195, -3.71201e-12, -0.0871557, -4.46982e-12, -1, -8.49977e-12, -0.0871557, 8.857e-12, -0.996195, 0
4.58, 2025-07-03__01-13-34.454927, -0.0637621, -0.0815038, 0.0511723, -2.28737, -0.0353959, 2.15752, 0.741017, 0.000236578, -0.000787473, 0.000238585, 0.0040932, -0.000955264, -0.000139185, 0.00116295, -0.0870723, 0.111794, -0.101887, -0.0666349, -0.0162578, 0.148708, -0.212107, 0, 0, 0, 0, 0, 0, 0, 0.485611, -0.0154945, 0.142539, 0.48638, -0.0156758, 0.142604, 0.996195, -3.71201e-12, -0.0871557, -4.46982e-12, -1, -8.49977e-12, -0.0871557, 8.857e-12, -0.996195, 0
4.59, 2025-07-03__01-13-34.464926, -0.0637644, -0.0815031, 0.0511772, -2.28737, -0.0353963, 2.15752, 0.741018, 0.000274401, 0.000595816, 0.00172403, 0.000743586, 2.94954e-05, 0.000345058, 0.00149883, -0.121832, 0.00869257, -0.138042, 0.0229656, -0.0207821, 0.158417, -0.214069, 0, 0, 0, 0, 0, 0, 0, 0.485611, -0.0154972, 0.14254, 0.48638, -0.0156758, 0.142604, 0.996195, -3.71201e-12, -0.0871557, -4.46982e-12, -1, -8.49977e-12, -0.0871557, 8.857e-12, -0.996195, 0
4.6, 2025-07-03__01-13-34.474927, -0.0637646, -0.0815084, 0.0511772, -2.28737, -0.0353948, 2.15752, 0.741016, 0.000527133, -0.00165108, 0.00130808, 0.000649398, 0.00712089, 0.000476231, 0.000243145, -0.120392, 0.0904628, -0.136117, -0.0170492, -0.0655036, 0.153048, -0.206892, 0, 0, 0, 0, 0, 0, 0, 0.485611, -0.0154953, 0.14254, 0.48638, -0.0156758, 0.142604, 0.996195, -3.71201e-12, -0.0871557, -4.46982e-12, -1, -8.49977e-12, -0.0871557, 8.857e-12, -0.996195, 0
4.61, 2025-07-03__01-13-34.484928, -0.0637668, -0.0815035, 0.0511744, -2.28737, -0.0353945, 2.15752, 0.741014, -0.00067563, -6.58087e-05, 0.000263371, 0.000223744, 0.00943622, -7.84014e-05, -0.000769499, -0.0669654, 0.0223083, -0.0818603, 0.0191241, -0.0794403, 0.162, -0.200863, 0, 0, 0, 0, 0, 0, 0, 0.485611, -0.0154905, 0.142539, 0.48638, -0.0156758, 0.142604, 0.996195, -3.71201e-12, -0.0871557, -4.46982e-12, -1, -8.49977e-12, -0.0871557, 8.857e-12, -0.996195, 0
4.62, 2025-07-03__01-13-34.494927, -0.0637619, -0.0814982, 0.0511744, -2.28737, -0.0353972, 2.15752, 0.741017, -0.00219548, 0.00145902, -0.000135463, 0.00139488, 0.000807632, -0.000577191, -0.000505286, -0.0225605, -0.0185185, -0.0372486, 0.026574, -0.0254936, 0.165283, -0.20214, 0, 0, 0, 0, 0, 0, 0, 0.485611, -0.0154915, 0.14254, 0.48638, -0.0156758, 0.142604, 0.996195, -3.71201e-12, -0.0871557, -4.46982e-12, -1, -8.49977e-12, -0.0871557, 8.857e-12, -0.996195, 0
4.63, 2025-07-03__01-13-34.504928, -0.063764, -0.081501, 0.0511719, -2.28737, -0.0353936, 2.15752, 0.741018, 4.45083e-06, 0.000740555, -0.00100942, -0.000273777, 0.000399624, 0.000118482, 5.00583e-05, -0.0525799, -0.01731, -0.0668466, 0.046029, -0.0226723, 0.163803, -0.20547, 0, 0, 0, 0, 0, 0, 0, 0.485611, -0.0154897, 0.14254, 0.48638, -0.0156758, 0.142604, 0.996195, -3.71201e-12, -0.0871557, -4.46982e-12, -1, -8.49977e-12, -0.0871557, 8.857e-12, -0.996195, 0
4.64, 2025-07-03__01-13-34.514927, -0.0637621, -0.0815035, 0.0511744, -2.28737, -0.0353959, 2.15752, 0.741017, -0.000802784, -0.000273414, -0.000379821, 0.000545275, -4.40555e-05, -0.000144055, -0.00132388, -0.0503376, 0.0326502, -0.0649841, 0.013124, -0.0201697, 0.160925, -0.197093, 0, 0, 0, 0, 0, 0, 0, 0.485606, -0.0154934, 0.142536, 0.48638, -0.0156758, 0.142604, 0.996195, -3.71201e-12, -0.0871557, -4.46982e-12, -1, -8.49977e-12, -0.0871557, 8.857e-12, -0.996195, 0
4.65, 2025-07-03__01-13-34.524927, -0.0637619, -0.0815036, 0.0511744, -2.28737, -0.0353942, 2.15752, 0.741018, -3.70449e-05, 0.000252999, -0.000284102, 0.000956038, 0.00137663, -0.000331933, -9.91456e-05, -0.069363, 0.0214155, -0.0840318, 0.0137314, -0.0293598, 0.162, -0.204619, 0, 0, 0, 0, 0, 0, 0, 0.485607, -0.0154899, 0.142537, 0.48638, -0.0156758, 0.142604, 0.996195, -3.71201e-12, -0.0871557, -4.46982e-12, -1, -8.49977e-12, -0.0871557, 8.857e-12, -0.996195, 0
4.66, 2025-07-03__01-13-34.534929, -0.0637618, -0.0815038, 0.0511744, -2.28737, -0.0353953, 2.15752, 0.741014, 0.000238025, -0.000326509, 0.00039416, 0.000562615, 0.000142252, 6.46792e-05, -0.00148499, -0.0917099, 0.0369757, -0.106937, 0.0115554, -0.021402, 0.159122, -0.19586, 0, 0, 0, 0, 0, 0, 0, 0.485608, -0.0154931, 0.14254, 0.48638, -0.0156758, 0.142604, 0.996195, -3.71201e-12, -0.0871557, -4.46982e-12, -1, -8.49977e-12, -0.0871557, 8.857e-12, -0.996195, 0
4.67, 2025-07-03__01-13-34.544927, -0.0637594, -0.081501, 0.0511772, -2.28737, -0.0353949, 2.15752, 0.741015, 0.00120432, -0.000128634, 0.00114933, 0.00139679, 5.57135e-05, 1.04244e-05, -0.00226426, -0.131662, 0.0442689, -0.147425, -0.000893098, -0.02119, 0.157259, -0.191105, 0, 0, 0, 0, 0, 0, 0, 0.48561, -0.0154934, 0.142537, 0.48638, -0.0156758, 0.142604, 0.996195, -3.71201e-12, -0.0871557, -4.46982e-12, -1, -8.49977e-12, -0.0871557, 8.857e-12, -0.996195, 0
4.68, 2025-07-03__01-13-34.554927, -0.0637665, -0.081501, 0.0511744, -2.28737, -0.0353944, 2.15752, 0.741021, -0.000614905, -3.58859e-06, -0.000128558, 3.38118e-05, -0.00102449, -0.000124235, 0.000865454, -0.0590017, 0.0138316, -0.0739159, 0.0287939, -0.0140344, 0.162866, -0.210483, 0, 0, 0, 0, 0, 0, 0, 0.48561, -0.0154911, 0.142537, 0.48638, -0.0156758, 0.142604, 0.996195, -3.71201e-12, -0.0871557, -4.46982e-12, -1, -8.49977e-12, -0.0871557, 8.857e-12, -0.996195, 0
4.69, 2025-07-03__01-13-34.564927, -0.0637644, -0.081501, 0.0511751, -2.28737, -0.0353948, 2.15752, 0.74102, -0.000512143, 0.000578287, 0.000709422, 0.000142578, -0.00957529, 0.000209768, 0.00151287, -0.0802154, -0.00503834, -0.0959412, 0.0391481, 0.0395042, 0.161193, -0.213713, 0, 0, 0, 0, 0, 0, 0, 0.485611, -0.01549, 0.142539, 0.48638, -0.0156758, 0.142604, 0.996195, -3.71201e-12, -0.0871557, -4.46982e-12, -1, -8.49977e-12, -0.0871557, 8.857e-12, -0.996195, 0
4.7, 2025-07-03__01-13-34.574927, -0.0637704, -0.0815065, 0.0511772, -2.28737, -0.0353948, 2.15752, 0.741015, -0.00259592, -0.00278917, 0.00126687, 0.000113087, -0.00053544, 0.000450577, -0.00149097, -0.0481773, 0.117165, -0.0639841, -0.0222591, -0.0173555, 0.152702, -0.195984, 0, 0, 0, 0, 0, 0, 0, 0.485606, -0.0154907, 0.142535, 0.48638, -0.0156758, 0.142604, 0.996195, -3.71201e-12, -0.0871557, -4.46982e-12, -1, -8.49977e-12, -0.0871557, 8.857e-12, -0.996195, 0
4.71, 2025-07-03__01-13-34.584928, -0.0637665, -0.0815008, 0.0511719, -2.28737, -0.0353956, 2.15752, 0.741016, -0.000663047, 0.00055416, -0.000946235, 0.000466014, -0.000826008, -0.000366006, -0.00120526, -0.0382842, -0.000172538, -0.0525437, 0.0298858, -0.015129, 0.164565, -0.197699, 0, 0, 0, 0, 0, 0, 0, 0.485611, -0.0154887, 0.14254, 0.48638, -0.0156758, 0.142604, 0.996195, -3.71201e-12, -0.0871557, -4.46982e-12, -1, -8.49977e-12, -0.0871557, 8.857e-12, -0.996195, 0
4.72, 2025-07-03__01-13-34.594927, -0.0637644, -0.0814982, 0.0511719, -2.28737, -0.0353939, 2.15752, 0.741013, -0.000423994, 0.00107267, -0.000475982, -0.00010076, 0.00109049, 2.06928e-05, -0.00266999, -0.0547221, -0.0273075, -0.0693206, 0.048713, -0.0267839, 0.164793, -0.188725, 0, 0, 0, 0, 0, 0, 0, 0.485611, -0.0154926, 0.142539, 0.48638, -0.0156758, 0.142604, 0.996195, -3.71201e-12, -0.0871557, -4.46982e-12, -1, -8.49977e-12, -0.0871557, 8.857e-12, -0.996195, 0
4.73, 2025-07-03__01-13-34.604928, -0.0637672, -0.0815035, 0.0511719, -2.28737, -0.035395, 2.15752, 0.741016, -0.000442616, -0.000298566, -0.00078101, 0.000762097, 2.2328e-05, -1.66255e-05, -0.000560899, -0.047618, 0.0373821, -0.061944, 0.00781444, -0.0207968, 0.159326, -0.201673, 0, 0, 0, 0, 0, 0, 0, 0.485606, -0.0154932, 0.142534, 0.48638, -0.0156758, 0.142604, 0.996195, -3.71201e-12, -0.0871557, -4.46982e-12, -1, -8.49977e-12, -0.0871557, 8.857e-12, -0.996195, 0
4.74, 2025-07-03__01-13-34.614926, -0.0637618, -0.0815035, 0.0511772, -2.28737, -0.0353956, 2.15752, 0.741022, 0.000218283, -0.000759667, 0.00160645, -0.000344201, -0.000278848, 0.00207559, 0.00158962, -0.120033, 0.0424783, -0.136252, 0.0170148, -0.0186573, 0.146895, -0.214882, 0, 0, 0, 0, 0, 0, 0, 0.48561, -0.0154922, 0.142537, 0.48638, -0.0156758, 0.142604, 0.996195, -3.71201e-12, -0.0871557, -4.46982e-12, -1, -8.49977e-12, -0.0871557, 8.857e-12, -0.996195, 0
4.75, 2025-07-03__01-13-34.624928, -0.0637674, -0.0815035, 0.0511744, -2.28737, -0.0353939, 2.15752, 0.74102, -0.00106571, -0.000557129, -0.00013354, -0.00186602, -0.000122586, 0.000183677, -1.12949e-05, -0.0494511, 0.0030469, -0.0644796, 0.0561546, -0.0189338, 0.165384, -0.205165, 0, 0, 0, 0, 0, 0, 0, 0.485611, -0.0154919, 0.142539, 0.48638, -0.0156758, 0.142604, 0.996195, -3.71201e-12, -0.0871557, -4.46982e-12, -1, -8.49977e-12, -0.0871557, 8.857e-12, -0.996195, 0
4.76, 2025-07-03__01-13-34.634936, -0.0637643, -0.0815043, 0.0511772, -2.28738, -0.0353953, 2.15752, 0.741016, -9.70866e-05, -0.00203995, 0.00101129, -0.000288505, 2.00398e-05, 3.34879e-06, -0.00129357, -0.0998459, 0.082394, -0.115612, 0.00237171, -0.0205673, 0.158715, -0.197108, 0, 0, 0, 0, 0, 0, 0, 0.485611, -0.015494, 0.14254, 0.48638, -0.0156758, 0.142604, 0.996195, -3.71201e-12, -0.0871557, -4.46982e-12, -1, -8.49977e-12, -0.0871557, 8.857e-12, -0.996195, 0
4.77, 2025-07-03__01-13-34.644927, -0.0637666, -0.0815032, 0.051172, -2.28737, -0.0353956, 2.15752, 0.741017, -0.00106613, -0.000904229, -0.00100352, 0.000909486, -0.00024528, -0.000262273, -1.70886e-05, -0.028987, 0.0600452, -0.0431249, -0.00459853, -0.019272, 0.159349, -0.205067, 0, 0, 0, 0, 0, 0, 0, 0.485606, -0.015491, 0.142534, 0.48638, -0.0156758, 0.142604, 0.996195, -3.71201e-12, -0.0871557, -4.46982e-12, -1, -8.49977e-12, -0.0871557, 8.857e-12, -0.996195, 0
4.78, 2025-07-03__01-13-34.654927, -0.0637643, -0.081501, 0.0511744, -2.28737, -0.0353948, 2.15752, 0.741019, -0.000413162, 0.000141603, -0.000181427, 0.0010381, -9.33805e-05, 0.000298009, 0.00159869, -0.0625924, 0.0267031, -0.0773519, 0.00924218, -0.0202725, 0.15719, -0.214896, 0, 0, 0, 0, 0, 0, 0, 0.485602, -0.0154885, 0.142534, 0.48638, -0.0156758, 0.142604, 0.996195, -3.71201e-12, -0.0871557, -4.46982e-12, -1, -8.49977e-12, -0.0871557, 8.857e-12, -0.996195, 0
4.79, 2025-07-03__01-13-34.664927, -0.0637594, -0.081501, 0.0511772, -2.28737, -0.0353949, 2.15751, 0.741017, 0.00149897, 0.000430151, 0.000719496, 0.00118955, -0.000905547, 1.90543e-05, -0.000205809, -0.127974, 0.0204353, -0.143487, 0.0132181, -0.0151476, 0.159666, -0.203618, 0, 0, 0, 0, 0, 0, 0, 0.485611, -0.0154924, 0.14254, 0.48638, -0.0156758, 0.142604, 0.996195, -3.71201e-12, -0.0871557, -4.46982e-12, -1, -8.49977e-12, -0.0871557, 8.857e-12, -0.996195, 0
4.8, 2025-07-03__01-13-34.674927, -0.0637665, -0.081501, 0.0511744, -2.28737, -0.0353957, 2.15752, 0.741016, -0.000980018, 7.17329e-08, -3.22571e-05, 0.000379833, -0.000221136, 0.000206394, 5.10707e-05, -0.052952, 0.020096, -0.0678576, 0.0204944, -0.0190423, 0.159608, -0.205334, 0, 0, 0, 0, 0, 0, 0, 0.485605, -0.0154899, 0.142533, 0.48638, -0.0156758, 0.142604, 0.996195, -3.71201e-12, -0.0871557, -4.46982e-12, -1, -8.49977e-12, -0.0871557, 8.857e-12, -0.996195, 0
4.81, 2025-07-03__01-13-34.684928, -0.0637619, -0.0815038, 0.0511744, -2.28737, -0.0353948, 2.15751, 0.741016, 0.000401823, -0.000619259, 0.000340813, -0.000765368, -0.00115306, -0.000228016, -0.000738822, -0.0945728, 0.0242071, -0.109923, 0.0352561, -0.0128996, 0.16519, -0.200362, 0, 0, 0, 0, 0, 0, 0, 0.485606, -0.0154913, 0.142535, 0.48638, -0.0156758, 0.142604, 0.996195, -3.71201e-12, -0.0871557, -4.46982e-12, -1, -8.49977e-12, -0.0871557, 8.857e-12, -0.996195, 0
4.82, 2025-07-03__01-13-34.694928, -0.0637643, -0.081501, 0.0511765, -2.28737, -0.0353948, 2.15752, 0.741015, -0.000731374, -0.00012166, 0.000464955, 0.000514582, 0.00521088, -8.45984e-05, -0.00121965, -0.0711778, 0.0276746, -0.0863154, 0.0145808, -0.0530861, 0.160995, -0.197904, 0, 0, 0, 0, 0, 0, 0, 0.48561, -0.0154896, 0.142537, 0.48638, -0.0156758, 0.142604, 0.996195, -3.71201e-12, -0.0871557, -4.46982e-12, -1, -8.49977e-12, -0.0871557, 8.857e-12, -0.996195, 0
4.83, 2025-07-03__01-13-34.704928, -0.0637644, -0.081501, 0.0511744, -2.28738, -0.0353967, 2.15752, 0.741012, -0.000730191, 0.000202759, 0.000412718, -0.00160192, 0.000700287, 0.000254187, -0.000698094, -0.0695353, -0.0211343, -0.0849304, 0.0656862, -0.0237865, 0.166019, -0.200523, 0, 0, 0, 0, 0, 0, 0, 0.485611, -0.015491, 0.142539, 0.48638, -0.0156758, 0.142604, 0.996195, -3.71201e-12, -0.0871557, -4.46982e-12, -1, -8.49977e-12, -0.0871557, 8.857e-12, -0.996195, 0
4.84, 2025-07-03__01-13-34.714928, -0.0637618, -0.0815035, 0.0511719, -2.28737, -0.0353946, 2.15752, 0.741021, 0.000299931, -0.000640355, -0.000313027, 0.00278497, 0.000411778, -0.000328791, 0.000239922, -0.0761498, 0.0839402, -0.0906624, -0.0377764, -0.0242678, 0.154424, -0.20683, 0, 0, 0, 0, 0, 0, 0, 0.48561, -0.0154929, 0.142537, 0.48638, -0.0156758, 0.142604, 0.996195, -3.71201e-12, -0.0871557, -4.46982e-12, -1, -8.49977e-12, -0.0871557, 8.857e-12, -0.996195, 0
4.85, 2025-07-03__01-13-34.724928, -0.0637619, -0.081501, 0.0511772, -2.28737, -0.0353942, 2.15751, 0.741021, 0.000747405, 0.000824113, 0.00125096, 0.00560936, -0.000753424, -0.000351889, 0.000814433, -0.12111, 0.0794449, -0.13659, -0.0685706, -0.0179921, 0.149603, -0.210158, 0, 0, 0, 0, 0, 0, 0, 0.485611, -0.0154935, 0.14254, 0.48638, -0.0156758, 0.142604, 0.996195, -3.71201e-12, -0.0871557, -4.46982e-12, -1, -8.49977e-12, -0.0871557, 8.857e-12, -0.996195, 0
4.86, 2025-07-03__01-13-34.734929, -0.0637626, -0.081501, 0.0511772, -2.28737, -0.0353949, 2.15752, 0.741014, -0.00197251, 0.000685617, 0.00133639, -0.000335639, 0.000739414, 2.99303e-05, -0.001709, -0.0627388, -0.0161923, -0.0786461, 0.0468443, -0.0245308, 0.164498, -0.194561, 0, 0, 0, 0, 0, 0, 0, 0.485611, -0.015493, 0.142539, 0.48638, -0.0156758, 0.142604, 0.996195, -3.71201e-12, -0.0871557, -4.46982e-12, -1, -8.49977e-12, -0.0871557, 8.857e-12, -0.996195, 0
4.87, 2025-07-03__01-13-34.744927, -0.0637643, -0.0815035, 0.0511773, -2.28737, -0.0353942, 2.15751, 0.741016, -0.000583896, -0.000176836, 0.00322519, 0.000331112, 0.00015904, 0.000116135, -0.000316727, -0.137348, 0.0292933, -0.154628, 0.0195615, -0.021539, 0.160253, -0.202924, 0, 0, 0, 0, 0, 0, 0, 0.485606, -0.0154907, 0.142536, 0.48638, -0.0156758, 0.142604, 0.996195, -3.71201e-12, -0.0871557, -4.46982e-12, -1, -8.49977e-12, -0.0871557, 8.857e-12, -0.996195, 0
4.88, 2025-07-03__01-13-34.754928, -0.0637618, -0.0815017, 0.0511751, -2.28737, -0.0353935, 2.15752, 0.741021, 0.000147692, 3.72169e-05, 0.000264042, 0.000719827, 0.00032753, -0.000199604, 0.000891004, -0.0863341, 0.0252299, -0.101463, 0.0154181, -0.0228611, 0.16126, -0.210681, 0, 0, 0, 0, 0, 0, 0, 0.485608, -0.0154912, 0.142539, 0.48638, -0.0156758, 0.142604, 0.996195, -3.71201e-12, -0.0871557, -4.46982e-12, -1, -8.49977e-12, -0.0871557, 8.857e-12, -0.996195, 0
4.89, 2025-07-03__01-13-34.764926, -0.0637593, -0.0814982, 0.0511773, -2.28737, -0.0353935, 2.15752, 0.741019, 0.00124659, 0.000983074, 0.00347768, 0.000902029, 0.000303846, -0.000114379, 0.000494197, -0.184551, -0.00278117, -0.202046, 0.0290808, -0.0226457, 0.161764, -0.207896, 0, 0, 0, 0, 0, 0, 0, 0.485611, -0.0154906, 0.142539, 0.48638, -0.0156758, 0.142604, 0.996195, -3.71201e-12, -0.0871557, -4.46982e-12, -1, -8.49977e-12, -0.0871557, 8.857e-12, -0.996195, 0
4.9, 2025-07-03__01-13-34.774927, -0.0637625, -0.081501, 0.0511793, -2.28737, -0.0353987, 2.15752, 0.741018, 0.00150512, 0.000596779, 0.00176358, 0.00289142, -0.000279686, 0.000488523, -0.000471809, -0.151231, 0.0452168, -0.167367, -0.0200983, -0.0195066, 0.15082, -0.202087, 0, 0, 0, 0, 0, 0, 0, 0.485611, -0.0154937, 0.14254, 0.48638, -0.0156758, 0.142604, 0.996195, -3.71201e-12, -0.0871557, -4.46982e-12, -1, -8.49977e-12, -0.0871557, 8.857e-12, -0.996195, 0
4.91, 2025-07-03__01-13-34.784928, -0.0637675, -0.0815035, 0.0511717, -2.28737, -0.0353942, 2.15751, 0.741019, -0.000759004, -0.000320335, -0.000712195, 0.000230294, 0.000249785, 7.56581e-05, 0.00132088, -0.041906, 0.0290913, -0.0563123, 0.0180408, -0.022177, 0.160942, -0.213267, 0, 0, 0, 0, 0, 0, 0, 0.485602, -0.0154905, 0.142534, 0.48638, -0.0156758, 0.142604, 0.996195, -3.71201e-12, -0.0871557, -4.46982e-12, -1, -8.49977e-12, -0.0871557, 8.857e-12, -0.996195, 0
4.92, 2025-07-03__01-13-34.794927, -0.0637675, -0.0815035, 0.0511744, -2.28738, -0.0353935, 2.15751, 0.741016, -0.000381739, 0.000326359, 0.000725057, -0.000545431, 0.000413539, -0.000147769, -0.000163996, -0.0834454, -0.00753294, -0.0989933, 0.0477402, -0.0226843, 0.16638, -0.203959, 0, 0, 0, 0, 0, 0, 0, 0.485603, -0.0154949, 0.142535, 0.48638, -0.0156758, 0.142604, 0.996195, -3.71201e-12, -0.0871557, -4.46982e-12, -1, -8.49977e-12, -0.0871557, 8.857e-12, -0.996195, 0
4.93, 2025-07-03__01-13-34.804928, -0.0637604, -0.081501, 0.0511744, -2.28737, -0.0353956, 2.15751, 0.74102, 0.000682457, 0.000903849, -0.00450666, 0.00142111, -0.000329906, 4.37598e-05, 0.00214445, 0.0107991, 0.0024253, -0.000861412, 0.014401, -0.0188204, 0.160415, -0.21842, 0, 0, 0, 0, 0, 0, 0, 0.485611, -0.0154926, 0.14254, 0.48638, -0.0156758, 0.142604, 0.996195, -3.71201e-12, -0.0871557, -4.46982e-12, -1, -8.49977e-12, -0.0871557, 8.857e-12, -0.996195, 0
4.94, 2025-07-03__01-13-34.814928, -0.0637621, -0.0815035, 0.0511744, -2.28738, -0.035398, 2.15752, 0.74102, 0.00113891, -0.000134012, -0.000369953, -0.000702728, -9.54407e-05, 0.00030722, 0.000903606, -0.0946849, 0.00778587, -0.109554, 0.0417172, -0.0193613, 0.16195, -0.210611, 0, 0, 0, 0, 0, 0, 0, 0.485611, -0.0154939, 0.14254, 0.48638, -0.0156758, 0.142604, 0.996195, -3.71201e-12, -0.0871557, -4.46982e-12, -1, -8.49977e-12, -0.0871557, 8.857e-12, -0.996195, 0
4.95, 2025-07-03__01-13-34.824929, -0.0637647, -0.0815035, 0.051174, -2.28738, -0.0353941, 2.15752, 0.741015, 0.00050328, -0.000603055, -0.000646383, -0.00161388, 0.00427386, -0.000302034, 0.000234677, -0.0740117, 0.00788666, -0.0885941, 0.0521184, -0.0465548, 0.168128, -0.206599, 0, 0, 0, 0, 0, 0, 0, 0.485611, -0.0154934, 0.142539, 0.48638, -0.0156758, 0.142604, 0.996195, -3.71201e-12, -0.0871557, -4.46982e-12, -1, -8.49977e-12, -0.0871557, 8.857e-12, -0.996195, 0
4.96, 2025-07-03__01-13-34.834928, -0.0637625, -0.081501, 0.0511744, -2.28738, -0.0353948, 2.15752, 0.741018, 0.000797269, 0.000474967, 0.000295593, -0.000551673, -5.40636e-05, 0.000237954, 0.0015942, -0.10136, -0.0121394, -0.116662, 0.0495648, -0.0197962, 0.163283, -0.214663, 0, 0, 0, 0, 0, 0, 0, 0.485606, -0.0154943, 0.142536, 0.48638, -0.0156758, 0.142604, 0.996195, -3.71201e-12, -0.0871557, -4.46982e-12, -1, -8.49977e-12, -0.0871557, 8.857e-12, -0.996195, 0
4.97, 2025-07-03__01-13-34.844926, -0.0637629, -0.0815035, 0.0511719, -2.28737, -0.0353982, 2.15752, 0.741017, 0.000169811, -0.00061753, -0.00131627, 0.000423677, -3.28861e-05, -0.000134091, -0.00019183, -0.0506241, 0.0429318, -0.0646341, 0.00967962, -0.020223, 0.160455, -0.203944, 0, 0, 0, 0, 0, 0, 0, 0.48561, -0.0154911, 0.142537, 0.48638, -0.0156758, 0.142604, 0.996195, -3.71201e-12, -0.0871557, -4.46982e-12, -1, -8.49977e-12, -0.0871557, 8.857e-12, -0.996195, 0
4.98, 2025-07-03__01-13-34.854927, -0.0637642, -0.0815035, 0.0511765, -2.28737, -0.0353948, 2.15751, 0.74101, 0.000373559, -0.000235022, 0.00161176, 0.00223008, -2.10578e-05, -0.00013277, -0.00140619, -0.121948, 0.0620121, -0.137916, -0.0192419, -0.0211105, 0.156142, -0.196046, 0, 0, 0, 0, 0, 0, 0, 0.485608, -0.0154915, 0.142539, 0.48638, -0.0156758, 0.142604, 0.996195, -3.71201e-12, -0.0871557, -4.46982e-12, -1, -8.49977e-12, -0.0871557, 8.857e-12, -0.996195, 0
4.99, 2025-07-03__01-13-34.864926, -0.063765, -0.0815035, 0.0511698, -2.28737, -0.0353942, 2.15752, 0.74101, 0.000623418, -0.000321733, -0.00246732, -0.000238763, 0.000125135, -0.000303928, -0.00187251, -0.0337697, 0.0202948, -0.0469733, 0.0282662, -0.0209838, 0.164401, -0.193396, 0, 0, 0, 0, 0, 0, 0, 0.485606, -0.0154937, 0.142536, 0.48638, -0.0156758, 0.142604, 0.996195, -3.71201e-12, -0.0871557, -4.46982e-12, -1, -8.49977e-12, -0.0871557, 8.857e-12, -0.996195, 0
5, 2025-07-03__01-13-34.874927, -0.0637624, -0.0815035, 0.0511773, -2.28737, -0.0353956, 2.15752, 0.741019, 0.00152407, -0.000966075, 8.28376e-05, 0.000181463, -0.000182043, -5.82737e-05, 0.000956353, -0.114792, 0.0538708, -0.129919, 0.00922545, -0.0195353, 0.159585, -0.210865, 0, 0, 0, 0, 0, 0, 0, 0.485606, -0.0154929, 0.142536, 0.48638, -0.0156758, 0.142604, 0.996195, -3.71201e-12, -0.0871557, -4.46982e-12, -1, -8.49977e-12, -0.0871557, 8.857e-12, -0.996195, 0
5.01, 2025-07-03__01-13-34.884927, -0.063765, -0.0815035, 0.0511745, -2.28738, -0.0353959, 2.15751, 0.741016, 0.000376548, -0.000277452, -0.000375511, -0.00159566, -5.17756e-05, 0.000148977, 0.000200586, -0.0769468, -0.00330395, -0.0918414, 0.0580049, -0.0193326, 0.166251, -0.20614, 0, 0, 0, 0, 0, 0, 0, 0.485611, -0.015493, 0.14254, 0.48638, -0.0156758, 0.142604, 0.996195, -3.71201e-12, -0.0871557, -4.46982e-12, -1, -8.49977e-12, -0.0871557, 8.857e-12, -0.996195, 0
5.02, 2025-07-03__01-13-34.894927, -0.0637702, -0.0815063, 0.0511719, -2.28737, -0.0353938, 2.15752, 0.74102, -0.00117388, -0.00463323, -0.000691063, 0.000692462, 7.66713e-05, 0.000196705, 0.000526362, -0.0361113, 0.191639, -0.0504601, -0.0646664, -0.0220012, 0.148746, -0.208626, 0, 0, 0, 0, 0, 0, 0, 0.485611, -0.0154942, 0.142539, 0.48638, -0.0156758, 0.142604, 0.996195, -3.71201e-12, -0.0871557, -4.46982e-12, -1, -8.49977e-12, -0.0871557, 8.857e-12, -0.996195, 0
5.03, 2025-07-03__01-13-34.904928, -0.0637675, -0.0815063, 0.0511719, -2.28737, -0.0353952, 2.15752, 0.741014, -0.000648929, 5.28677e-05, -0.000405777, 0.000512554, 4.08662e-05, -0.000433086, -0.00185492, -0.0511991, 0.0208978, -0.0658095, 0.0196437, -0.0206409, 0.163666, -0.19369, 0, 0, 0, 0, 0, 0, 0, 0.485611, -0.015494, 0.14254, 0.48638, -0.0156758, 0.142604, 0.996195, -3.71201e-12, -0.0871557, -4.46982e-12, -1, -8.49977e-12, -0.0871557, 8.857e-12, -0.996195, 0
5.04, 2025-07-03__01-13-34.914927, -0.063765, -0.081501, 0.0511719, -2.28737, -0.0353943, 2.15752, 0.741014, 0.00206227, 0.00287437, -0.000787049, 0.00116683, -0.00269958, 3.68739e-05, -0.00147437, -0.101959, -0.0680483, -0.116425, 0.0546785, -0.0034212, 0.164279, -0.195657, 0, 0, 0, 0, 0, 0, 0, 0.485607, -0.0154927, 0.142538, 0.48638, -0.0156758, 0.142604, 0.996195, -3.71201e-12, -0.0871557, -4.46982e-12, -1, -8.49977e-12, -0.0871557, 8.857e-12, -0.996195, 0
5.05, 2025-07-03__01-13-34.924927, -0.0637675, -0.0815035, 0.0511691, -2.28737, -0.0353942, 2.15752, 0.74102, 1.7243e-05, -0.00289091, -0.00130348, 0.000986052, 5.53479e-05, 0.000235242, 0.000556445, -0.0476151, 0.134031, -0.0615363, -0.0410106, -0.0216985, 0.151319, -0.208746, 0, 0, 0, 0, 0, 0, 0, 0.485611, -0.0154949, 0.142539, 0.48638, -0.0156758, 0.142604, 0.996195, -3.71201e-12, -0.0871557, -4.46982e-12, -1, -8.49977e-12, -0.0871557, 8.857e-12, -0.996195, 0
5.06, 2025-07-03__01-13-34.934928, -0.0637647, -0.0815064, 0.0511772, -2.28737, -0.0353948, 2.15751, 0.741013, 0.000870209, 0.000335178, 0.00108554, 0.00411962, -0.00227572, 0.000202834, -0.000377783, -0.120356, 0.0746856, -0.135862, -0.0485696, -0.00777609, 0.149163, -0.202357, 0, 0, 0, 0, 0, 0, 0, 0.485608, -0.0154936, 0.14254, 0.48638, -0.0156758, 0.142604, 0.996195, -3.71201e-12, -0.0871557, -4.46982e-12, -1, -8.49977e-12, -0.0871557, 8.857e-12, -0.996195, 0
5.07, 2025-07-03__01-13-34.944927, -0.0637675, -0.0815036, 0.0511772, -2.28737, -0.0353959, 2.15752, 0.741017, -0.000124867, -0.00043272, 0.0015122, 0.00034105, -5.88272e-05, -5.387e-05, 0.000906311, -0.108205, 0.0373576, -0.124279, 0.0149232, -0.0202145, 0.160255, -0.210451, 0, 0, 0, 0, 0, 0, 0, 0.485606, -0.0154956, 0.142536, 0.48638, -0.0156758, 0.142604, 0.996195, -3.71201e-12, -0.0871557, -4.46982e-12, -1, -8.49977e-12, -0.0871557, 8.857e-12, -0.996195, 0
5.08, 2025-07-03__01-13-34.954927, -0.0637675, -0.081501, 0.0511744, -2.28737, -0.0353949, 2.15752, 0.741016, -0.000250133, 0.000436548, 9.09114e-05, -0.00069853, 7.50509e-05, -0.000330307, 0.000262509, 0.470661, -37.6897, 0.215681, 23.9086, 0.843, -6.48715, -0.652525, 0, 0, 0, 0, 0, 0, 0, 0.485601, -0.0154924, 0.142531, 0.48638, -0.0156758, 0.542604, 0.996195, -3.71201e-12, -0.0871557, -4.46982e-12, -1, -8.49977e-12, -0.0871557, 8.857e-12, -0.996195, 0
5.09, 2025-07-03__01-13-34.964927, -0.0637499, -0.081566, 0.0511775, -2.28729, -0.0353684, 2.15701, 0.740946, -0.000234496, -0.0181902, 0.000403761, 0.0220118, 0.00541395, -0.126377, -0.011473, 0.467467, -36.9558, 0.213922, 23.5016, 0.793, -5.70116, -0.574941, 0, 0, 0, 0, 0, 0, 0, 0.485534, -0.0154855, 0.142554, 0.48638, -0.0156758, 0.542604, 0.996195, -3.71201e-12, -0.0871557, -4.46982e-12, -1, -8.49977e-12, -0.0871557, 8.857e-12, -0.996195, 0
5.1, 2025-07-03__01-13-34.974927, -0.0636937, -0.082332, 0.0511939, -2.28607, -0.0351256, 2.15127, 0.74052, 0.0076636, -0.0963961, 0.00447712, 0.160681, 0.0318698, -0.72119, -0.0470427, 0.246153, -33.5157, -0.00118739, 21.0106, 0.524192, -1.92066, -0.327478, 0, 0, 0, 0, 0, 0, 0, 0.48442, -0.0154369, 0.142979, 0.48638, -0.0156758, 0.542604, 0.996195, -3.71201e-12, -0.0871557, -4.46982e-12, -1, -8.49977e-12, -0.0871557, 8.857e-12, -0.996195, 0
5.11, 2025-07-03__01-13-34.984927, -0.0636336, -0.0836348, 0.0512184, -2.28332, -0.0349249, 2.14035, 0.739987, 0.00763865, -0.139051, 0.00278483, 0.307903, 0.0166122, -1.18003, -0.0493632, 0.359231, -31.2671, 0.120272, 18.4023, 0.5162, 1.1989, -0.285964, 0, 0, 0, 0, 0, 0, 0, 0.4823, -0.0154249, 0.143987, 0.48638, -0.0156758, 0.542604, 0.996195, -3.71201e-12, -0.0871557, -4.46982e-12, -1, -8.49977e-12, -0.0871557, 8.857e-12, -0.996195, 0
5.12, 2025-07-03__01-13-34.994927, -0.0636018, -0.0855954, 0.0512469, -2.27961, -0.0347895, 2.12712, 0.739602, 0.00771658, -0.222893, -0.000298628, 0.3916, 0.0103688, -1.34141, -0.03118, 0.411055, -28.0406, 0.174813, 15.4738, 0.478908, 2.42322, -0.392369, 0, 0, 0, 0, 0, 0, 0, 0.479897, -0.0154722, 0.145571, 0.48638, -0.0156758, 0.542604, 0.996195, -3.71201e-12, -0.0871557, -4.46982e-12, -1, -8.49977e-12, -0.0871557, 8.857e-12, -0.996195, 0
5.13, 2025-07-03__01-13-35.004928, -0.0635993, -0.0880951, 0.0512873, -2.27514, -0.0346596, 2.11385, 0.739349, 0.00171246, -0.252082, 0.000132774, 0.468008, 0.0129932, -1.30211, -0.0187283, 0.527935, -26.298, 0.29104, 13.0868, 0.408751, 2.31142, -0.479169, 0, 0, 0, 0, 0, 0, 0, 0.477886, -0.0155219, 0.147769, 0.48638, -0.0156758, 0.542604, 0.996195, -3.71201e-12, -0.0871557, -4.46982e-12, -1, -8.49977e-12, -0.0871557, 8.857e-12, -0.996195, 0
5.14, 2025-07-03__01-13-35.014927, -0.0635931, -0.0909029, 0.0513069, -2.27015, -0.0345277, 2.10155, 0.73906, -0.000154275, -0.313383, -4.5796e-05, 0.496757, 0.00798453, -1.2221, -0.0337959, 0.507576, -23.88, 0.266489, 11.1058, 0.407994, 1.86971, -0.397215, 0, 0, 0, 0, 0, 0, 0, 0.476538, -0.0155867, 0.150416, 0.48638, -0.0156758, 0.542604, 0.996195, -3.71201e-12, -0.0871557, -4.46982e-12, -1, -8.49977e-12, -0.0871557, 8.857e-12, -0.996195, 0
5.15, 2025-07-03__01-13-35.024926, -0.0635934, -0.0953187, 0.0513019, -2.26547, -0.0344147, 2.0901, 0.738748, 0.00212292, -0.483693, -0.00043215, 0.460565, 0.0190999, -1.13501, -0.0395888, 0.25406, -18.2644, 0.00128712, 8.68868, 0.319523, 1.20032, -0.375847, 0, 0, 0, 0, 0, 0, 0, 0.475603, -0.0156876, 0.153728, 0.48638, -0.0156758, 0.542604, 0.996195, -3.71201e-12, -0.0871557, -4.46982e-12, -1, -8.49977e-12, -0.0871557, 8.857e-12, -0.996195, 0
5.16, 2025-07-03__01-13-35.034928, -0.063627, -0.100996, 0.0512768, -2.26077, -0.0343261, 2.07904, 0.738479, -0.000229071, -0.580048, -0.00236222, 0.472835, 0.00805667, -1.0929, -0.0319112, 0.199204, -14.294, -0.0618517, 6.7699, 0.368575, 0.731953, -0.44183, 0, 0, 0, 0, 0, 0, 0, 0.475018, -0.0158166, 0.15772, 0.48638, -0.0156758, 0.542604, 0.996195, -3.71201e-12, -0.0871557, -4.46982e-12, -1, -8.49977e-12, -0.0871557, 8.857e-12, -0.996195, 0
5.17, 2025-07-03__01-13-35.044926, -0.0636864, -0.107182, 0.0512613, -2.25581, -0.0342679, 2.06842, 0.738298, -0.010125, -0.62153, -0.00092389, 0.489876, 0.0082673, -1.03892, -0.0272615, 0.265845, -11.9882, -0.00542934, 5.69449, 0.3617, 0.198261, -0.497259, 0, 0, 0, 0, 0, 0, 0, 0.474756, -0.015964, 0.162097, 0.48638, -0.0156758, 0.542604, 0.996195, -3.71201e-12, -0.0871557, -4.46982e-12, -1, -8.49977e-12, -0.0871557, 8.857e-12, -0.996195, 0
5.18, 2025-07-03__01-13-35.054927, -0.0637507, -0.113656, 0.0512704, -2.25077, -0.0342286, 2.05796, 0.738093, -0.00882922, -0.662693, -1.52135e-05, 0.505343, 0.00144536, -1.04851, -0.0249457, 0.0916246, -9.73147, -0.19313, 4.87001, 0.398502, 0.0727528, -0.534963, 0, 0, 0, 0, 0, 0, 0, 0.474628, -0.0161062, 0.166681, 0.48638, -0.0156758, 0.542604, 0.996195, -3.71201e-12, -0.0871557, -4.46982e-12, -1, -8.49977e-12, -0.0871557, 8.857e-12, -0.996195, 0
5.19, 2025-07-03__01-13-35.064927, -0.0637498, -0.120581, 0.0512968, -2.2455, -0.0341916, 2.04742, 0.737809, 0.00192724, -0.698612, 0.00170025, 0.523448, 0.00310773, -1.06729, -0.0228733, -0.322121, -7.49353, -0.624761, 4.12901, 0.381539, -0.0262162, -0.564668, 0, 0, 0, 0, 0, 0, 0, 0.47461, -0.0162307, 0.171566, 0.48638, -0.0156758, 0.542604, 0.996195, -3.71201e-12, -0.0871557, -4.46982e-12, -1, -8.49977e-12, -0.0871557, 8.857e-12, -0.996195, 0
5.2, 2025-07-03__01-13-35.074927, -0.0637615, -0.12795, 0.0512946, -2.24033, -0.0341671, 2.03654, 0.737473, -0.00239553, -0.745621, 0.00101966, 0.520082, -0.00164674, -1.0941, -0.0409734, -0.360725, -5.20761, -0.676055, 3.65178, 0.41931, -0.0225435, -0.472702, 0, 0, 0, 0, 0, 0, 0, 0.474437, -0.0163587, 0.176625, 0.48638, -0.0156758, 0.542604, 0.996195, -3.71201e-12, -0.0871557, -4.46982e-12, -1, -8.49977e-12, -0.0871557, 8.857e-12, -0.996195, 0
5.21, 2025-07-03__01-13-35.084927, -0.0637749, -0.135599, 0.0512782, -2.235, -0.0340779, 2.02567, 0.737135, -0.00283516, -0.749497, -0.00681459, 0.541337, 0.0102171, -1.09358, -0.0344658, -0.288003, -3.91495, -0.60447, 3.33797, 0.34948, -0.22352, -0.531529, 0, 0, 0, 0, 0, 0, 0, 0.474308, -0.0164879, 0.181871, 0.48638, -0.0156758, 0.542604, 0.996195, -3.71201e-12, -0.0871557, -4.46982e-12, -1, -8.49977e-12, -0.0871557, 8.857e-12, -0.996195, 0
5.22, 2025-07-03__01-13-35.094927, -0.0638265, -0.143113, 0.0512088, -2.22931, -0.0339903, 2.01472, 0.73679, 0.000599412, -0.736857, -0.00496499, 0.570474, 0.00821202, -1.09516, -0.0343764, -0.49159, -3.04062, -0.823936, 3.15915, 0.361755, -0.409654, -0.553119, 0, 0, 0, 0, 0, 0, 0, 0.474249, -0.0166438, 0.187243, 0.48638, -0.0156758, 0.542604, 0.996195, -3.71201e-12, -0.0871557, -4.46982e-12, -1, -8.49977e-12, -0.0871557, 8.857e-12, -0.996195, 0
5.23, 2025-07-03__01-13-35.104928, -0.0638759, -0.150461, 0.0511362, -2.22341, -0.0338973, 2.0034, 0.736422, -0.00596619, -0.72946, -0.00522556, 0.602446, 0.015663, -1.13927, -0.0366034, -0.428484, -2.0437, -0.766132, 2.9331, 0.31615, -0.294136, -0.559852, 0, 0, 0, 0, 0, 0, 0, 0.47406, -0.0167961, 0.192587, 0.48638, -0.0156758, 0.542604, 0.996195, -3.71201e-12, -0.0871557, -4.46982e-12, -1, -8.49977e-12, -0.0871557, 8.857e-12, -0.996195, 0
5.24, 2025-07-03__01-13-35.114927, -0.0639118, -0.157799, 0.0510802, -2.21707, -0.0338114, 1.99189, 0.736064, -0.00230825, -0.732896, -0.00211953, 0.627213, 0.00597469, -1.17428, -0.0410651, -0.672937, -0.67204, -1.02902, 2.64522, 0.374491, -0.255477, -0.551584, 0, 0, 0, 0, 0, 0, 0, 0.473932, -0.0169359, 0.198117, 0.48638, -0.0156758, 0.542604, 0.996195, -3.71201e-12, -0.0871557, -4.46982e-12, -1, -8.49977e-12, -0.0871557, 8.857e-12, -0.996195, 0
5.25, 2025-07-03__01-13-35.124926, -0.0639544, -0.165116, 0.0510299, -2.21072, -0.033737, 1.98012, 0.735744, -0.00404581, -0.735609, -0.00343559, 0.648344, 0.00595719, -1.17578, -0.0243695, -0.705853, 0.651605, -1.06963, 2.32094, 0.377711, -0.413336, -0.676078, 0, 0, 0, 0, 0, 0, 0, 0.473664, -0.0170709, 0.203635, 0.48638, -0.0156758, 0.542604, 0.996195, -3.71201e-12, -0.0871557, -4.46982e-12, -1, -8.49977e-12, -0.0871557, 8.857e-12, -0.996195, 0
5.26, 2025-07-03__01-13-35.134929, -0.0640302, -0.172127, 0.050943, -2.20392, -0.0336247, 1.96821, 0.735469, -0.0102519, -0.698476, -0.00478367, 0.684998, 0.0122687, -1.20273, -0.0200968, -0.591892, 0.734163, -0.958, 2.43782, 0.342628, -0.363676, -0.728689, 0, 0, 0, 0, 0, 0, 0, 0.473418, -0.0172235, 0.209203, 0.48638, -0.0156758, 0.542604, 0.996195, -3.71201e-12, -0.0871557, -4.46982e-12, -1, -8.49977e-12, -0.0871557, 8.857e-12, -0.996195, 0
5.27, 2025-07-03__01-13-35.144927, -0.0641054, -0.178832, 0.0508187, -2.19674, -0.0334809, 1.95605, 0.735158, -0.0116486, -0.66666, -0.0160584, 0.730214, 0.0150975, -1.21828, -0.0323724, -0.355916, 1.16624, -0.703746, 2.2441, 0.327364, -0.412311, -0.67973, 0, 0, 0, 0, 0, 0, 0, 0.47315, -0.0173739, 0.214792, 0.48638, -0.0156758, 0.542604, 0.996195, -3.71201e-12, -0.0871557, -4.46982e-12, -1, -8.49977e-12, -0.0871557, 8.857e-12, -0.996195, 0
5.28, 2025-07-03__01-13-35.154926, -0.064202, -0.185326, 0.0506876, -2.18919, -0.0333727, 1.94371, 0.73476, -0.010447, -0.644793, -0.0132372, 0.742234, 0.0188634, -1.22725, -0.0416703, -0.502826, 1.43393, -0.868235, 2.51362, 0.30977, -0.426799, -0.644214, 0, 0, 0, 0, 0, 0, 0, 0.472883, -0.017548, 0.220442, 0.48638, -0.0156758, 0.542604, 0.996195, -3.71201e-12, -0.0871557, -4.46982e-12, -1, -8.49977e-12, -0.0871557, 8.857e-12, -0.996195, 0
5.29, 2025-07-03__01-13-35.164927, -0.0642878, -0.190453, 0.0505882, -2.18305, -0.0333214, 1.93362, 0.734438, -0.00962681, -0.643158, -0.00475424, 0.785181, 0.00917828, -1.25199, -0.0407749, -0.761082, 2.78934, -1.14726, 1.83457, 0.355235, -0.428619, -0.666496, 0, 0, 0, 0, 0, 0, 0, 0.472534, -0.0177034, 0.225513, 0.48638, -0.0156758, 0.542604, 0.996195, -3.71201e-12, -0.0871557, -4.46982e-12, -1, -8.49977e-12, -0.0871557, 8.857e-12, -0.996195, 0
5.3, 2025-07-03__01-13-35.174926, -0.0643953, -0.197445, 0.0504466, -2.1732, -0.0332475, 1.91828, 0.733951, -0.00586747, -0.563699, -0.010643, 0.850461, 0.00810838, -1.29846, -0.0364001, -0.705213, 1.86508, -1.08957, 2.1538, 0.363662, -0.210826, -0.71575, 0, 0, 0, 0, 0, 0, 0, 0.472137, -0.0178726, 0.231681, 0.48638, -0.0156758, 0.542604, 0.996195, -3.71201e-12, -0.0871557, -4.46982e-12, -1, -8.49977e-12, -0.0871557, 8.857e-12, -0.996195, 0
5.31, 2025-07-03__01-13-35.184927, -0.0644904, -0.202856, 0.0503179, -2.16453, -0.0331497, 1.90549, 0.7335, -0.00872409, -0.540281, -0.0136327, 0.858911, 0.0109483, -1.26772, -0.0519184, -0.625244, 2.02999, -1.00792, 2.37113, 0.360219, -0.453506, -0.638244, 0, 0, 0, 0, 0, 0, 0, 0.471849, -0.0180333, 0.237307, 0.48638, -0.0156758, 0.542604, 0.996195, -3.71201e-12, -0.0871557, -4.46982e-12, -1, -8.49977e-12, -0.0871557, 8.857e-12, -0.996195, 0
5.32, 2025-07-03__01-13-35.194927, -0.0646022, -0.207939, 0.0501545, -2.15564, -0.0330235, 1.89253, 0.732976, -0.0156488, -0.508599, -0.00453351, 0.898219, 0.00793509, -1.29051, -0.058033, -0.696915, 2.30036, -1.09533, 2.26797, 0.373439, -0.382345, -0.61225, 0, 0, 0, 0, 0, 0, 0, 0.47147, -0.0181837, 0.242858, 0.48638, -0.0156758, 0.542604, 0.996195, -3.71201e-12, -0.0871557, -4.46982e-12, -1, -8.49977e-12, -0.0871557, 8.857e-12, -0.996195, 0
5.33, 2025-07-03__01-13-35.204928, -0.0647112, -0.212843, 0.0499784, -2.1463, -0.0329449, 1.87933, 0.732446, -0.0051441, -0.486118, -0.0167406, 0.944679, 0.00837863, -1.32382, -0.0477617, -0.671825, 3.06138, -1.05, 1.87813, 0.363629, -0.275059, -0.687105, 0, 0, 0, 0, 0, 0, 0, 0.471106, -0.0183423, 0.248508, 0.48638, -0.0156758, 0.542604, 0.996195, -3.71201e-12, -0.0871557, -4.46982e-12, -1, -8.49977e-12, -0.0871557, 8.857e-12, -0.996195, 0
5.34, 2025-07-03__01-13-35.214926, -0.0648348, -0.217259, 0.0497926, -2.13655, -0.0328491, 1.86616, 0.731962, -0.0105051, -0.422447, -0.0168735, 0.968151, 0.0163161, -1.32002, -0.0499467, -0.540203, 1.8653, -0.91699, 2.57293, 0.32806, -0.285202, -0.688042, 0, 0, 0, 0, 0, 0, 0, 0.470811, -0.0185225, 0.254173, 0.48638, -0.0156758, 0.542604, 0.996195, -3.71201e-12, -0.0871557, -4.46982e-12, -1, -8.49977e-12, -0.0871557, 8.857e-12, -0.996195, 0
5.35, 2025-07-03__01-13-35.224928, -0.0649678, -0.221121, 0.0496248, -2.12653, -0.0327614, 1.85293, 0.731459, -0.0185075, -0.38349, -0.0145577, 1.01855, 0.0098743, -1.32012, -0.047459, -0.41739, 2.02479, -0.784366, 2.30061, 0.366697, -0.363873, -0.714374, 0, 0, 0, 0, 0, 0, 0, 0.47048, -0.0186802, 0.259669, 0.48638, -0.0156758, 0.542604, 0.996195, -3.71201e-12, -0.0871557, -4.46982e-12, -1, -8.49977e-12, -0.0871557, 8.857e-12, -0.996195, 0
5.36, 2025-07-03__01-13-35.234927, -0.0650657, -0.22458, 0.0495126, -2.11711, -0.0327108, 1.84087, 0.730994, -0.0103397, -0.372003, -0.0199194, 1.05292, 0.00361861, -1.3444, -0.0487336, -0.49093, 2.92528, -0.850348, 1.91305, 0.398484, -0.291483, -0.714221, 0, 0, 0, 0, 0, 0, 0, 0.470189, -0.0188146, 0.265346, 0.48638, -0.0156758, 0.542604, 0.996195, -3.71201e-12, -0.0871557, -4.46982e-12, -1, -8.49977e-12, -0.0871557, 8.857e-12, -0.996195, 0
5.37, 2025-07-03__01-13-35.244927, -0.0652021, -0.228251, 0.0493326, -2.10535, -0.0326446, 1.82604, 0.730301, -0.00870854, -0.314076, -0.0161383, 1.08397, 0.0109823, -1.3495, -0.0674458, -0.58949, 2.06811, -0.964216, 2.37462, 0.354888, -0.243611, -0.603258, 0, 0, 0, 0, 0, 0, 0, 0.469847, -0.018964, 0.270908, 0.48638, -0.0156758, 0.542604, 0.996195, -3.71201e-12, -0.0871557, -4.46982e-12, -1, -8.49977e-12, -0.0871557, 8.857e-12, -0.996195, 0
5.38, 2025-07-03__01-13-35.254927, -0.0653152, -0.231128, 0.0491475, -2.0941, -0.032555, 1.81259, 0.729496, -0.00627872, -0.288917, -0.0201836, 1.13088, 0.0122414, -1.34719, -0.080113, -0.553646, 2.73716, -0.907829, 1.9058, 0.341816, -0.352906, -0.518706, 0, 0, 0, 0, 0, 0, 0, 0.469614, -0.0191028, 0.276494, 0.48638, -0.0156758, 0.542604, 0.996195, -3.71201e-12, -0.0871557, -4.46982e-12, -1, -8.49977e-12, -0.0871557, 8.857e-12, -0.996195, 0
5.39, 2025-07-03__01-13-35.264926, -0.0654464, -0.23376, 0.0489744, -2.08251, -0.0325126, 1.79892, 0.728713, -0.0169659, -0.248811, -0.0164462, 1.15506, 0.00167413, -1.38009, -0.0702965, -0.386414, 2.31437, -0.730584, 2.25934, 0.421243, -0.125393, -0.570293, 0, 0, 0, 0, 0, 0, 0, 0.469378, -0.0192496, 0.282143, 0.48638, -0.0156758, 0.542604, 0.996195, -3.71201e-12, -0.0871557, -4.46982e-12, -1, -8.49977e-12, -0.0871557, 8.857e-12, -0.996195, 0
5.4, 2025-07-03__01-13-35.274926, -0.06557, -0.23616, 0.0488397, -2.0708, -0.0324736, 1.7852, 0.727962, -0.0103279, -0.230303, -0.0127048, 1.19072, 0.00273366, -1.3745, -0.0821314, -0.616463, 3.0294, -0.97586, 1.87466, 0.400455, -0.219018, -0.490993, 0, 0, 0, 0, 0, 0, 0, 0.469029, -0.0193842, 0.287698, 0.48638, -0.0156758, 0.542604, 0.996195, -3.71201e-12, -0.0871557, -4.46982e-12, -1, -8.49977e-12, -0.0871557, 8.857e-12, -0.996195, 0
5.41, 2025-07-03__01-13-35.284927, -0.0656924, -0.238188, 0.0487259, -2.05857, -0.032426, 1.77171, 0.727212, -0.00459716, -0.18166, -0.012182, 1.21138, 0.00536564, -1.34815, -0.077964, -0.720922, 2.33761, -1.09076, 2.29488, 0.387489, -0.394976, -0.506977, 0, 0, 0, 0, 0, 0, 0, 0.468887, -0.0194997, 0.29339, 0.48638, -0.0156758, 0.542604, 0.996195, -3.71201e-12, -0.0871557, -4.46982e-12, -1, -8.49977e-12, -0.0871557, 8.857e-12, -0.996195, 0
5.42, 2025-07-03__01-13-35.294927, -0.0658546, -0.239572, 0.0486193, -2.04611, -0.0323645, 1.75806, 0.726455, -0.0202191, -0.138811, -0.0107436, 1.26407, -0.00021259, -1.34886, -0.0773086, -0.39639, 2.2801, -0.726917, 2.05789, 0.432403, -0.441215, -0.500505, 0, 0, 0, 0, 0, 0, 0, 0.468653, -0.0196113, 0.298838, 0.48638, -0.0156758, 0.542604, 0.996195, -3.71201e-12, -0.0871557, -4.46982e-12, -1, -8.49977e-12, -0.0871557, 8.857e-12, -0.996195, 0
5.43, 2025-07-03__01-13-35.304928, -0.0660064, -0.240838, 0.0485244, -2.03319, -0.0323249, 1.74449, 0.72566, -0.0154434, -0.124147, -0.00790007, 1.29298, 0.00170103, -1.34552, -0.088063, -0.56449, 3.05261, -0.902859, 1.74047, 0.409406, -0.52484, -0.421771, 0, 0, 0, 0, 0, 0, 0, 0.468532, -0.0197168, 0.304447, 0.48638, -0.0156758, 0.542604, 0.996195, -3.71201e-12, -0.0871557, -4.46982e-12, -1, -8.49977e-12, -0.0871557, 8.857e-12, -0.996195, 0
5.44, 2025-07-03__01-13-35.314927, -0.0661662, -0.241731, 0.048444, -2.02011, -0.0322443, 1.73061, 0.724833, -0.0192969, -0.0817795, -0.00893572, 1.31569, 0.00934718, -1.37846, -0.0771062, -0.427348, 2.40078, -0.746036, 2.16145, 0.369267, -0.265787, -0.469507, 0, 0, 0, 0, 0, 0, 0, 0.46831, -0.019806, 0.30996, 0.48638, -0.0156758, 0.542604, 0.996195, -3.71201e-12, -0.0871557, -4.46982e-12, -1, -8.49977e-12, -0.0871557, 8.857e-12, -0.996195, 0
5.45, 2025-07-03__01-13-35.324926, -0.0663746, -0.242344, 0.0483918, -2.0066, -0.0321949, 1.71669, 0.724099, -0.0260809, -0.0516889, -0.00554305, 1.35264, 0.00592189, -1.39041, -0.0671295, -0.335703, 2.58217, -0.639124, 2.02505, 0.390256, -0.215876, -0.517424, 0, 0, 0, 0, 0, 0, 0, 0.468111, -0.0199125, 0.31552, 0.48638, -0.0156758, 0.542604, 0.996195, -3.71201e-12, -0.0871557, -4.46982e-12, -1, -8.49977e-12, -0.0871557, 8.857e-12, -0.996195, 0
5.46, 2025-07-03__01-13-35.334928, -0.0665883, -0.242545, 0.0483796, -1.99281, -0.0321249, 1.70291, 0.723363, -0.0254628, -0.0156803, -0.00221285, 1.38315, 0.0124584, -1.36542, -0.0729014, -0.39764, 2.44193, -0.703674, 2.03259, 0.34338, -0.398016, -0.467452, 0, 0, 0, 0, 0, 0, 0, 0.467957, -0.0199994, 0.321025, 0.48638, -0.0156758, 0.542604, 0.996195, -3.71201e-12, -0.0871557, -4.46982e-12, -1, -8.49977e-12, -0.0871557, 8.857e-12, -0.996195, 0
5.47, 2025-07-03__01-13-35.344926, -0.0668401, -0.242465, 0.0483812, -1.97864, -0.0320948, 1.68913, 0.722582, -0.0264738, 0.021583, 0.00136211, 1.40083, 0.00180093, -1.37773, -0.0763155, -0.401959, 1.95004, -0.711001, 2.42091, 0.414036, -0.297065, -0.428394, 0, 0, 0, 0, 0, 0, 0, 0.467892, -0.020083, 0.326604, 0.48638, -0.0156758, 0.542604, 0.996195, -3.71201e-12, -0.0871557, -4.46982e-12, -1, -8.49977e-12, -0.0871557, 8.857e-12, -0.996195, 0
5.48, 2025-07-03__01-13-35.354927, -0.0671015, -0.242109, 0.0483887, -1.96428, -0.0320244, 1.67527, 0.72187, -0.024521, 0.0309459, -0.00240795, 1.45566, 0.00828773, -1.39376, -0.0655369, -0.356711, 3.34628, -0.630166, 1.54614, 0.354881, -0.294224, -0.479277, 0, 0, 0, 0, 0, 0, 0, 0.467737, -0.0201796, 0.332083, 0.48638, -0.0156758, 0.542604, 0.996195, -3.71201e-12, -0.0871557, -4.46982e-12, -1, -8.49977e-12, -0.0871557, 8.857e-12, -0.996195, 0
5.49, 2025-07-03__01-13-35.364926, -0.0673777, -0.241501, 0.0484109, -1.94965, -0.0319472, 1.6615, 0.721252, -0.0246907, 0.0764511, 0.00367312, 1.47776, 0.0105629, -1.38656, -0.0654156, -0.430397, 2.60771, -0.71846, 1.96585, 0.335168, -0.326926, -0.468129, 0, 0, 0, 0, 0, 0, 0, 0.467661, -0.0202496, 0.337612, 0.48638, -0.0156758, 0.542604, 0.996195, -3.71201e-12, -0.0871557, -4.46982e-12, -1, -8.49977e-12, -0.0871557, 8.857e-12, -0.996195, 0
5.5, 2025-07-03__01-13-35.374927, -0.067675, -0.240592, 0.0484143, -1.93467, -0.0318623, 1.64758, 0.720614, -0.0239874, 0.0911221, 0.00198797, 1.52378, 0.0114909, -1.41168, -0.0635176, -0.379635, 3.61207, -0.638453, 1.39432, 0.313455, -0.233452, -0.467294, 0, 0, 0, 0, 0, 0, 0, 0.467541, -0.0203412, 0.343096, 0.48638, -0.0156758, 0.542604, 0.996195, -3.71201e-12, -0.0871557, -4.46982e-12, -1, -8.49977e-12, -0.0871557, 8.857e-12, -0.996195, 0
5.51, 2025-07-03__01-13-35.384926, -0.0679529, -0.239495, 0.0484354, -1.91963, -0.0317923, 1.63368, 0.719915, -0.0233906, 0.117682, 0.00159444, 1.4973, 0.0135956, -1.37341, -0.0741648, -0.337747, 2.70729, -0.59564, 2.29062, 0.316671, -0.373864, -0.384851, 0, 0, 0, 0, 0, 0, 0, 0.467381, -0.020419, 0.348555, 0.48638, -0.0156758, 0.542604, 0.996195, -3.71201e-12, -0.0871557, -4.46982e-12, -1, -8.49977e-12, -0.0871557, 8.857e-12, -0.996195, 0
5.52, 2025-07-03__01-13-35.394927, -0.0682143, -0.238223, 0.0484324, -1.90424, -0.0317516, 1.61981, 0.719161, -0.0256438, 0.128775, -0.000188958, 1.54776, -0.00352693, -1.38528, -0.0730448, -0.20603, 4.01793, -0.420357, 1.5339, 0.416223, -0.395843, -0.371352, 0, 0, 0, 0, 0, 0, 0, 0.467296, -0.0204907, 0.354084, 0.48638, -0.0156758, 0.542604, 0.996195, -3.71201e-12, -0.0871557, -4.46982e-12, -1, -8.49977e-12, -0.0871557, 8.857e-12, -0.996195, 0
5.53, 2025-07-03__01-13-35.404928, -0.0684629, -0.236588, 0.0484194, -1.8887, -0.0316659, 1.60585, 0.718475, -0.023674, 0.165666, -0.000501094, 1.55518, 0.00686202, -1.39063, -0.0669553, -0.178222, 3.26862, -0.383634, 2.10119, 0.35195, -0.304458, -0.388536, 0, 0, 0, 0, 0, 0, 0, 0.46713, -0.020568, 0.3595, 0.48638, -0.0156758, 0.542604, 0.996195, -3.71201e-12, -0.0871557, -4.46982e-12, -1, -8.49977e-12, -0.0871557, 8.857e-12, -0.996195, 0
5.54, 2025-07-03__01-13-35.414927, -0.0686988, -0.23482, 0.0484323, -1.87284, -0.0316295, 1.59202, 0.717941, -0.0236798, 0.193346, 0.00136731, 1.59768, 0.00388641, -1.38598, -0.0546292, -0.165458, 3.73466, -0.354139, 1.79527, 0.358733, -0.403173, -0.451971, 0, 0, 0, 0, 0, 0, 0, 0.467042, -0.0206246, 0.364992, 0.48638, -0.0156758, 0.542604, 0.996195, -3.71201e-12, -0.0871557, -4.46982e-12, -1, -8.49977e-12, -0.0871557, 8.857e-12, -0.996195, 0
5.55, 2025-07-03__01-13-35.424926, -0.0689368, -0.232587, 0.0484244, -1.85665, -0.0315337, 1.57812, 0.717498, -0.0229421, 0.224193, -0.000198856, 1.64879, 0.0111649, -1.3949, -0.0416289, -0.087151, 4.17105, -0.242561, 1.42845, 0.297623, -0.412938, -0.522403, 0, 0, 0, 0, 0, 0, 0, 0.466947, -0.0206831, 0.370403, 0.48638, -0.0156758, 0.542604, 0.996195, -3.71201e-12, -0.0871557, -4.46982e-12, -1, -8.49977e-12, -0.0871557, 8.857e-12, -0.996195, 0
5.56, 2025-07-03__01-13-35.434928, -0.0691258, -0.230069, 0.0484336, -1.84029, -0.0314948, 1.56409, 0.717024, -0.0185879, 0.246559, -0.00114733, 1.65851, 0.0121214, -1.40231, -0.0439794, -0.0948563, 4.08894, -0.239997, 1.67016, 0.285849, -0.330291, -0.495102, 0, 0, 0, 0, 0, 0, 0, 0.46681, -0.0207236, 0.375728, 0.48638, -0.0156758, 0.542604, 0.996195, -3.71201e-12, -0.0871557, -4.46982e-12, -1, -8.49977e-12, -0.0871557, 8.857e-12, -0.996195, 0
5.57, 2025-07-03__01-13-35.444927, -0.0693146, -0.227491, 0.0484396, -1.82356, -0.0314567, 1.55003, 0.716505, -0.021272, 0.267068, 0.00100095, 1.67358, -0.0031991, -1.41782, -0.0605877, -0.00863026, 4.27266, -0.133034, 1.79159, 0.383545, -0.226893, -0.378193, 0, 0, 0, 0, 0, 0, 0, 0.466692, -0.0207547, 0.381197, 0.48638, -0.0156758, 0.542604, 0.996195, -3.71201e-12, -0.0871557, -4.46982e-12, -1, -8.49977e-12, -0.0871557, 8.857e-12, -0.996195, 0
5.58, 2025-07-03__01-13-35.454927, -0.0694253, -0.224528, 0.0484455, -1.80651, -0.0313625, 1.53609, 0.716047, -0.00984347, 0.300531, -0.00163365, 1.70786, 0.0113022, -1.38935, -0.0510515, -0.127446, 4.34654, -0.245279, 1.71463, 0.268843, -0.464023, -0.420105, 0, 0, 0, 0, 0, 0, 0, 0.466616, -0.0207502, 0.386581, 0.48638, -0.0156758, 0.542604, 0.996195, -3.71201e-12, -0.0871557, -4.46982e-12, -1, -8.49977e-12, -0.0871557, 8.857e-12, -0.996195, 0
5.59, 2025-07-03__01-13-35.464927, -0.0695375, -0.22124, 0.0484694, -1.78921, -0.0313559, 1.52202, 0.715702, -0.0109198, 0.337279, 0.00115983, 1.74962, -0.00598912, -1.41098, -0.033584, -0.0581933, 4.30638, -0.155743, 1.70797, 0.370335, -0.357936, -0.514711, 0, 0, 0, 0, 0, 0, 0, 0.466553, -0.0207492, 0.391932, 0.48638, -0.0156758, 0.542604, 0.996195, -3.71201e-12, -0.0871557, -4.46982e-12, -1, -8.49977e-12, -0.0871557, 8.857e-12, -0.996195, 0
5.6, 2025-07-03__01-13-35.474926, -0.0696151, -0.217749, 0.0484751, -1.77153, -0.0313076, 1.50805, 0.715442, -0.00349837, 0.354211, 0.00215581, 1.75335, -0.00276324, -1.40952, -0.0231871, -0.17444, 4.49121, -0.276198, 1.91797, 0.332043, -0.369156, -0.569349, 0, 0, 0, 0, 0, 0, 0, 0.466548, -0.0207448, 0.397364, 0.48638, -0.0156758, 0.542604, 0.996195, -3.71201e-12, -0.0871557, -4.46982e-12, -1, -8.49977e-12, -0.0871557, 8.857e-12, -0.996195, 0
5.61, 2025-07-03__01-13-35.484927, -0.0696915, -0.213716, 0.0484857, -1.75352, -0.0312653, 1.49378, 0.715197, -0.00551933, 0.397684, -0.00100496, 1.81768, 0.00698939, -1.4211, -0.0294248, 0.0198388, 4.59491, -0.0288619, 1.62014, 0.264084, -0.363478, -0.523691, 0, 0, 0, 0, 0, 0, 0, 0.466478, -0.0207168, 0.402609, 0.48638, -0.0156758, 0.542604, 0.996195, -3.71201e-12, -0.0871557, -4.46982e-12, -1, -8.49977e-12, -0.0871557, 8.857e-12, -0.996195, 0
5.62, 2025-07-03__01-13-35.494927, -0.0697123, -0.209594, 0.0485327, -1.73527, -0.0312593, 1.4794, 0.714957, -0.00145753, 0.423569, 0.00650095, 1.84501, -0.00588463, -1.43441, -0.0226318, -0.135583, 4.7943, -0.199774, 1.63531, 0.318222, -0.288713, -0.55251, 0, 0, 0, 0, 0, 0, 0, 0.46635, -0.0206764, 0.407912, 0.48638, -0.0156758, 0.542604, 0.996195, -3.71201e-12, -0.0871557, -4.46982e-12, -1, -8.49977e-12, -0.0871557, 8.857e-12, -0.996195, 0
5.63, 2025-07-03__01-13-35.504928, -0.0697059, -0.205185, 0.0485783, -1.71665, -0.0312334, 1.46523, 0.714707, 0.000157433, 0.465327, 0.00626965, 1.85346, 0.0013344, -1.42562, -0.0222809, -0.0753945, 3.87855, -0.123713, -23.3496, 0.27501, -0.330398, -0.540825, 0, 0, 0, 7, 0, 0, 0, 0.466369, -0.0206025, 0.413282, 0.48638, -0.0156758, 0.542604, 0.996195, -3.71201e-12, -0.0871557, -4.46982e-12, -1, -8.49977e-12, -0.0871557, 8.857e-12, -0.996195, 0
5.64, 2025-07-03__01-13-35.514927, -0.0697247, -0.200404, 0.0486334, -1.69836, -0.031146, 1.45121, 0.714497, -0.0034468, 0.46484, 0.00771143, 1.8256, 0.0150239, -1.37139, -0.0215001, -0.013975, 4.09733, -0.0454908, -22.8631, 0.186976, -0.618294, -0.532016, 0, 0, 0, 7, 0, 0, 0, 0.466296, -0.0205303, 0.418284, 0.48638, -0.0156758, 0.542604, 0.996195, -3.71201e-12, -0.0871557, -4.46982e-12, -1, -8.49977e-12, -0.0871557, 8.857e-12, -0.996195, 0
5.65, 2025-07-03__01-13-35.524927, -0.0696846, -0.196564, 0.0487066, -1.68192, -0.0310315, 1.43845, 0.714332, 0.00579718, 0.358284, 0.0107242, 1.61557, 0.0184798, -1.25417, -0.0103642, -0.390123, 5.63248, -0.483862, -20.993, 0.154434, -1.08557, -0.584196, 0, 0, 0, 7, 0, 0, 0, 0.466091, -0.020406, 0.422967, 0.48638, -0.0156758, 0.542604, 0.996195, -3.71201e-12, -0.0871557, -4.46982e-12, -1, -8.49977e-12, -0.0871557, 8.857e-12, -0.996195, 0
5.66, 2025-07-03__01-13-35.534928, -0.0697042, -0.193621, 0.0487097, -1.66796, -0.030742, 1.42744, 0.714145, -0.00477371, 0.28731, 0.00400465, 1.30315, 0.0390006, -1.06612, -0.0171119, -0.10354, 3.10898, -0.199188, -16.3184, 0.116474, -1.79472, -0.527265, 0, 0, 0, 7, 0, 0, 0, 0.465779, -0.0202766, 0.427134, 0.48638, -0.0156758, 0.542604, 0.996195, -3.71201e-12, -0.0871557, -4.46982e-12, -1, -8.49977e-12, -0.0871557, 8.857e-12, -0.996195, 0
5.67, 2025-07-03__01-13-35.544926, -0.0697471, -0.191396, 0.0486699, -1.6569, -0.0303291, 1.41775, 0.713914, -0.00986538, 0.187047, -0.00542751, 1.05386, 0.04796, -0.951493, -0.0236783, 0.11068, 3.16891, 0.0331083, -13.6502, 0.105207, -2.10133, -0.466919, 0, 0, 0, 8, 0, 0, 0, 0.46517, -0.020139, 0.430366, 0.48638, -0.0156758, 0.542604, 0.996195, -3.71201e-12, -0.0871557, -4.46982e-12, -1, -8.49977e-12, -0.0871557, 8.857e-12, -0.996195, 0
5.68, 2025-07-03__01-13-35.554927, -0.0697796, -0.190416, 0.0486358, -1.64805, -0.0298616, 1.40828, 0.713723, -0.00347165, 0.0837682, -0.0051016, 0.830421, 0.0461604, -0.938592, -0.0203192, -0.112939, 3.92209, -0.236658, -11.752, 0.103721, -1.69881, -0.465332, 0, 0, 0, 8, 0, 0, 0, 0.464022, -0.0199608, 0.433226, 0.48638, -0.0156758, 0.542604, 0.996195, -3.71201e-12, -0.0871557, -4.46982e-12, -1, -8.49977e-12, -0.0871557, 8.857e-12, -0.996195, 0
5.69, 2025-07-03__01-13-35.564926, -0.0698543, -0.189878, 0.0485733, -1.64132, -0.0294655, 1.39872, 0.713578, -0.00867482, 0.0442375, -0.00651306, 0.631876, 0.0392724, -0.949015, -0.0183755, 0.0573237, 1.6678, -0.0779055, -8.95568, 0.186125, -0.985535, -0.459894, 0, 0, 0, 8, 0, 0, 0, 0.462285, -0.0198217, 0.435342, 0.48638, -0.0156758, 0.542604, 0.996195, -3.71201e-12, -0.0871557, -4.46982e-12, -1, -8.49977e-12, -0.0871557, 8.857e-12, -0.996195, 0
5.7, 2025-07-03__01-13-35.574927, -0.0699069, -0.189957, 0.0485376, -1.63616, -0.0291381, 1.3896, 0.713504, -0.00759588, -0.0300144, -0.000857569, 0.485097, 0.0291014, -0.901879, -0.00650839, -0.133308, 2.37207, -0.312965, -8.42556, 0.230701, -0.766272, -0.521318, 0, 0, 0, 8, 0, 0, 0, 0.460237, -0.0197022, 0.43703, 0.48638, -0.0156758, 0.542604, 0.996195, -3.71201e-12, -0.0871557, -4.46982e-12, -1, -8.49977e-12, -0.0871557, 8.857e-12, -0.996195, 0
5.71, 2025-07-03__01-13-35.584927, -0.0699758, -0.190528, 0.0485081, -1.63233, -0.0288413, 1.38088, 0.713477, -0.00941009, -0.0719252, -0.00603466, 0.354757, 0.0319506, -0.854046, -0.00861241, -0.00396093, 1.73685, -0.179212, -7.64286, 0.231763, -0.512407, -0.503064, 0, 0, 0, 8, 0, 0, 0, 0.457988, -0.0195767, 0.438423, 0.48638, -0.0156758, 0.542604, 0.996195, -3.71201e-12, -0.0871557, -4.46982e-12, -1, -8.49977e-12, -0.0871557, 8.857e-12, -0.996195, 0
5.72, 2025-07-03__01-13-35.594927, -0.0700522, -0.191465, 0.0485121, -1.62975, -0.0285835, 1.37258, 0.713452, -0.00886022, -0.111395, 0.00428868, 0.228007, 0.0262858, -0.80971, -0.00353537, -0.247679, 0.964825, -0.492365, -6.78502, 0.251407, -0.202431, -0.527425, 0, 0, 0, 8, 0, 0, 0, 0.455548, -0.0194611, 0.439454, 0.48638, -0.0156758, 0.542604, 0.996195, -3.71201e-12, -0.0871557, -4.46982e-12, -1, -8.49977e-12, -0.0871557, 8.857e-12, -0.996195, 0
5.73, 2025-07-03__01-13-35.604928, -0.0700768, -0.192942, 0.0485165, -1.62834, -0.0283458, 1.36515, 0.713413, -0.00085543, -0.159522, 0.00010695, 0.11271, 0.0299685, -0.717878, -0.00146862, -0.367479, 0.954807, -0.640438, -6.20476, 0.22194, -0.261622, -0.535147, 0, 0, 0, 8, 0, 0, 0, 0.453084, -0.0193262, 0.440283, 0.48638, -0.0156758, 0.542604, 0.996195, -3.71201e-12, -0.0871557, -4.46982e-12, -1, -8.49977e-12, -0.0871557, 8.857e-12, -0.996195, 0
5.74, 2025-07-03__01-13-35.614927, -0.0701432, -0.194687, 0.0484975, -1.62806, -0.0281281, 1.35841, 0.713363, -0.00755687, -0.184444, -0.00261465, 0.000533326, 0.0261892, -0.659473, -0.000449272, -0.170975, -0.335209, -0.44028, -4.51611, 0.280062, -0.061431, -0.537262, 0, 0, 0, 8, 0, 0, 0, 0.450588, -0.0192204, 0.440793, 0.48638, -0.0156758, 0.542604, 0.996195, -3.71201e-12, -0.0871557, -4.46982e-12, -1, -8.49977e-12, -0.0871557, 8.857e-12, -0.996195, 0
5.75, 2025-07-03__01-13-35.624927, -0.0702146, -0.196719, 0.0484736, -1.62854, -0.0279778, 1.35223, 0.713324, -0.00682642, -0.214863, -0.00390531, -0.0626403, 0.0155752, -0.616397, -0.00489722, -0.157498, -0.249889, -0.435948, -3.58447, 0.348091, 0.136586, -0.508698, 0, 0, 0, 8, 0, 0, 0, 0.448081, -0.0191496, 0.441125, 0.48638, -0.0156758, 0.542604, 0.996195, -3.71201e-12, -0.0871557, -4.46982e-12, -1, -8.49977e-12, -0.0871557, 8.857e-12, -0.996195, 0
5.76, 2025-07-03__01-13-35.634929, -0.0702705, -0.198947, 0.0484686, -1.62962, -0.0278506, 1.34649, 0.713304, -0.00405239, -0.226318, 0.00177279, -0.124199, 0.0200914, -0.552088, -0.00248303, -0.339706, -1.09086, -0.671778, -2.02074, 0.307739, 0.198381, -0.522839, 0, 0, 0, 8, 0, 0, 0, 0.445578, -0.0190777, 0.44134, 0.48638, -0.0156758, 0.542604, 0.996195, -3.71201e-12, -0.0871557, -4.46982e-12, -1, -8.49977e-12, -0.0871557, 8.857e-12, -0.996195, 0
5.77, 2025-07-03__01-13-35.644926, -0.0703323, -0.20126, 0.0484649, -1.63112, -0.0277502, 1.34122, 0.713285, -0.00339179, -0.233076, 0.000289242, -0.155051, 0.00792951, -0.517564, 0.000642721, -0.28845, -1.55476, -0.625788, -0.83498, 0.389578, 0.396907, -0.541988, 0, 0, 0, 8, 0, 0, 0, 0.44314, -0.0190092, 0.441429, 0.48638, -0.0156758, 0.542604, 0.996195, -3.71201e-12, -0.0871557, -4.46982e-12, -1, -8.49977e-12, -0.0871557, 8.857e-12, -0.996195, 0
5.78, 2025-07-03__01-13-35.654927, -0.0703727, -0.203701, 0.0484596, -1.63271, -0.0276611, 1.33643, 0.713271, -0.00301948, -0.24043, -0.000460183, -0.156764, 0.0082042, -0.459148, -0.00253333, -0.289038, -1.21579, -0.629273, -0.455311, 0.379504, 0.336457, -0.524854, 0, 0, 0, 8, 0, 0, 0, 0.440811, -0.0189445, 0.44156, 0.48638, -0.0156758, 0.542604, 0.996195, -3.71201e-12, -0.0871557, -4.46982e-12, -1, -8.49977e-12, -0.0871557, 8.857e-12, -0.996195, 0
5.79, 2025-07-03__01-13-35.664927, -0.070394, -0.20618, 0.0484624, -1.63441, -0.0275665, 1.33209, 0.713253, 0.00296859, -0.250187, 0.002858, -0.176192, 0.0102774, -0.421258, 0.000563867, -0.489607, -1.13407, -0.872853, 0.213239, 0.341429, 0.420586, -0.543684, 0, 0, 0, 8, 0, 0, 0, 0.438631, -0.0188677, 0.441689, 0.48638, -0.0156758, 0.542604, 0.996195, -3.71201e-12, -0.0871557, -4.46982e-12, -1, -8.49977e-12, -0.0871557, 8.857e-12, -0.996195, 0
5.8, 2025-07-03__01-13-35.674927, -0.070455, -0.208723, 0.0484613, -1.63607, -0.0274977, 1.32818, 0.713229, -0.00546264, -0.255249, 0.000968739, -0.166332, 0.00796047, -0.381265, -0.000361496, -0.297791, -0.564799, -0.650037, 0.221425, 0.367017, 0.4005, -0.540942, 0, 0, 0, 8, 0, 0, 0, 0.436588, -0.018815, 0.441879, 0.48638, -0.0156758, 0.542604, 0.996195, -3.71201e-12, -0.0871557, -4.46982e-12, -1, -8.49977e-12, -0.0871557, 8.857e-12, -0.996195, 0
5.81, 2025-07-03__01-13-35.684926, -0.0704984, -0.211131, 0.0484428, -1.63766, -0.0274467, 1.32479, 0.713211, -0.00287913, -0.237463, -0.0013057, -0.153728, 0.00257228, -0.332194, -0.000926734, -0.260559, -1.03019, -0.611687, 0.579966, 0.403162, 0.292156, -0.540282, 0, 0, 0, 8, 0, 0, 0, 0.434764, -0.0187768, 0.442081, 0.48638, -0.0156758, 0.542604, 0.996195, -3.71201e-12, -0.0871557, -4.46982e-12, -1, -8.49977e-12, -0.0871557, 8.857e-12, -0.996195, 0
5.82, 2025-07-03__01-13-35.694927, -0.0705504, -0.213451, 0.0484446, -1.63913, -0.0274192, 1.32153, 0.713168, -0.00799972, -0.23103, 0.00106781, -0.143717, 0.000918358, -0.325628, -0.000148499, -0.206935, -1.01732, -0.557216, 0.747596, 0.414935, 0.459861, -0.545891, 0, 0, 0, 8, 0, 0, 0, 0.433025, -0.0187446, 0.442296, 0.48638, -0.0156758, 0.542604, 0.996195, -3.71201e-12, -0.0871557, -4.46982e-12, -1, -8.49977e-12, -0.0871557, 8.857e-12, -0.996195, 0
5.83, 2025-07-03__01-13-35.704928, -0.0705754, -0.215758, 0.0484589, -1.64042, -0.0273892, 1.31855, 0.71313, -0.0039633, -0.219039, 0.00104221, -0.116921, 0.0025977, -0.290788, -0.000857232, -0.282162, -0.779813, -0.643383, 0.51788, 0.388719, 0.372753, -0.542755, 0, 0, 0, 8, 0, 0, 0, 0.431419, -0.0187003, 0.44259, 0.48638, -0.0156758, 0.542604, 0.996195, -3.71201e-12, -0.0871557, -4.46982e-12, -1, -8.49977e-12, -0.0871557, 8.857e-12, -0.996195, 0
5.84, 2025-07-03__01-13-35.714927, -0.0705962, -0.217941, 0.048451, -1.6415, -0.0273565, 1.31583, 0.713091, -0.00346553, -0.219538, -0.00143867, -0.105229, 0.00290126, -0.270325, -0.0081441, -0.252664, -0.240777, -0.603777, 0.285543, 0.383628, 0.378797, -0.499817, 0, 0, 0, 8, 0, 0, 0, 0.429971, -0.0186557, 0.442934, 0.48638, -0.0156758, 0.542604, 0.996195, -3.71201e-12, -0.0871557, -4.46982e-12, -1, -8.49977e-12, -0.0871557, 8.857e-12, -0.996195, 0
5.85, 2025-07-03__01-13-35.724927, -0.0706202, -0.22011, 0.0484453, -1.64245, -0.0273415, 1.31339, 0.713077, -0.000633105, -0.212469, -0.000603529, -0.0883441, 0.00158442, -0.243368, -0.00189145, -0.324037, 0.126259, -0.686916, 0.0326045, 0.379111, 0.307315, -0.54051, 0, 0, 0, 8, 0, 0, 0, 0.428648, -0.018626, 0.443346, 0.48638, -0.0156758, 0.542604, 0.996195, -3.71201e-12, -0.0871557, -4.46982e-12, -1, -8.49977e-12, -0.0871557, 8.857e-12, -0.996195, 0
5.86, 2025-07-03__01-13-35.734928, -0.0706578, -0.222113, 0.0484478, -1.64327, -0.0273232, 1.31121, 0.713061, -0.00603895, -0.199049, 0.000106122, -0.0775088, -0.000497129, -0.216967, -0.00362797, -0.228564, 0.0269848, -0.580317, 0.0289633, 0.402323, 0.23702, -0.532771, 0, 0, 0, 8, 0, 0, 0, 0.427465, -0.0186009, 0.443756, 0.48638, -0.0156758, 0.542604, 0.996195, -3.71201e-12, -0.0871557, -4.46982e-12, -1, -8.49977e-12, -0.0871557, 8.857e-12, -0.996195, 0
5.87, 2025-07-03__01-13-35.744927, -0.0706916, -0.224039, 0.0484506, -1.64399, -0.0273008, 1.30923, 0.713036, -0.00240561, -0.193868, 0.000557447, -0.072759, 3.77155e-05, -0.198205, -0.00718909, -0.310517, 0.237343, -0.677721, -0.0507536, 0.388341, 0.207741, -0.512676, 0, 0, 0, 8, 0, 0, 0, 0.426386, -0.0185784, 0.444184, 0.48638, -0.0156758, 0.542604, 0.996195, -3.71201e-12, -0.0871557, -4.46982e-12, -1, -8.49977e-12, -0.0871557, 8.857e-12, -0.996195, 0
5.88, 2025-07-03__01-13-35.754927, -0.0707289, -0.225846, 0.0484498, -1.64458, -0.0272772, 1.30746, 0.71302, -0.00353124, -0.176591, 0.000275204, -0.0573571, 0.00250702, -0.169549, -0.00401758, -0.27623, 0.105302, -0.639208, -0.134144, 0.375336, 0.0809792, -0.534564, 0, 0, 0, 8, 0, 0, 0, 0.425418, -0.0185584, 0.444616, 0.48638, -0.0156758, 0.542604, 0.996195, -3.71201e-12, -0.0871557, -4.46982e-12, -1, -8.49977e-12, -0.0871557, 8.857e-12, -0.996195, 0
5.89, 2025-07-03__01-13-35.764927, -0.0707732, -0.227538, 0.0484531, -1.645, -0.0272602, 1.30578, 0.713004, -0.00336377, -0.167781, 0.00112551, -0.035927, 0.000257357, -0.162933, -0.000326082, -0.294218, 0.532517, -0.657723, -0.522962, 0.38131, 0.0771505, -0.559101, 0, 0, 0, 8, 0, 0, 0, 0.424535, -0.0185437, 0.445069, 0.48638, -0.0156758, 0.542604, 0.996195, -3.71201e-12, -0.0871557, -4.46982e-12, -1, -8.49977e-12, -0.0871557, 8.857e-12, -0.996195, 0
5.9, 2025-07-03__01-13-35.774926, -0.0708006, -0.229181, 0.0484531, -1.64525, -0.0272352, 1.30414, 0.712975, -0.0037681, -0.162997, -0.00139646, -0.025419, 0.00537625, -0.160346, -0.00125752, -0.252716, 0.947626, -0.60199, -0.798952, 0.349349, 0.109087, -0.554771, 0, 0, 0, 8, 0, 0, 0, 0.42371, -0.018516, 0.445581, 0.48638, -0.0156758, 0.542604, 0.996195, -3.71201e-12, -0.0871557, -4.46982e-12, -1, -8.49977e-12, -0.0871557, 8.857e-12, -0.996195, 0
5.91, 2025-07-03__01-13-35.784927, -0.0708223, -0.230668, 0.0484531, -1.64532, -0.0272127, 1.30252, 0.712931, -0.00301338, -0.14299, 0.000105205, -0.00430521, 0.000307962, -0.153258, -0.003731, -0.271906, 0.843024, -0.626421, -0.976664, 0.376735, 0.094275, -0.539586, 0, 0, 0, 8, 0, 0, 0, 0.422949, -0.0184908, 0.446107, 0.48638, -0.0156758, 0.542604, 0.996195, -3.71201e-12, -0.0871557, -4.46982e-12, -1, -8.49977e-12, -0.0871557, 8.857e-12, -0.996195, 0
5.92, 2025-07-03__01-13-35.794927, -0.0708514, -0.232096, 0.0484561, -1.64533, -0.0271886, 1.30105, 0.712895, -0.00592142, -0.144899, 0.000623385, -0.00779026, 0.00354585, -0.137195, -0.00230461, -0.254177, 1.29065, -0.60473, -1.15429, 0.357381, 0.0383342, -0.548926, 0, 0, 0, 8, 0, 0, 0, 0.422255, -0.0184743, 0.446636, 0.48638, -0.0156758, 0.542604, 0.996195, -3.71201e-12, -0.0871557, -4.46982e-12, -1, -8.49977e-12, -0.0871557, 8.857e-12, -0.996195, 0
5.93, 2025-07-03__01-13-35.804928, -0.0708748, -0.233461, 0.0484531, -1.64531, -0.0271662, 1.29966, 0.712864, -0.00293468, -0.133497, -0.000161327, 0.000212286, 0.00103382, -0.135939, 0.000966467, -0.280655, 1.32649, -0.634671, -1.25138, 0.368991, 0.0666013, -0.569033, 0, 0, 0, 8, 0, 0, 0, 0.421611, -0.0184557, 0.447156, 0.48638, -0.0156758, 0.542604, 0.996195, -3.71201e-12, -0.0871557, -4.46982e-12, -1, -8.49977e-12, -0.0871557, 8.857e-12, -0.996195, 0
5.94, 2025-07-03__01-13-35.814927, -0.0709078, -0.234652, 0.0484531, -1.64529, -0.027141, 1.29844, 0.712831, -0.0044599, -0.118259, 0.000498207, 0.000286317, 0.00148717, -0.111241, -0.00462068, -0.253718, 0.949984, -0.608853, -1.11173, 0.372817, -0.053888, -0.5357, 0, 0, 0, 8, 0, 0, 0, 0.421032, -0.0184382, 0.447606, 0.48638, -0.0156758, 0.542604, 0.996195, -3.71201e-12, -0.0871557, -4.46982e-12, -1, -8.49977e-12, -0.0871557, 8.857e-12, -0.996195, 0
5.95, 2025-07-03__01-13-35.824927, -0.0709316, -0.23584, 0.0484487, -1.64531, -0.0271219, 1.29738, 0.712793, -0.00178049, -0.125796, -0.00113103, -0.00403261, 0.000226204, -0.104512, -2.98192e-05, -0.287769, 1.60738, -0.64255, -1.36223, 0.374679, -0.0661992, -0.563483, 0, 0, 0, 8, 0, 0, 0, 0.420519, -0.0184246, 0.448047, 0.48638, -0.0156758, 0.542604, 0.996195, -3.71201e-12, -0.0871557, -4.46982e-12, -1, -8.49977e-12, -0.0871557, 8.857e-12, -0.996195, 0
5.96, 2025-07-03__01-13-35.834928, -0.0709658, -0.237056, 0.0484558, -1.64537, -0.0270965, 1.29637, 0.712766, -0.00110341, -0.110854, -0.00585733, -0.00494368, 0.0049678, -0.0933957, 9.61994e-05, -0.19798, 1.23233, -0.533797, -1.19021, 0.358076, -0.102113, -0.565038, 0, 0, 0, 8, 0, 0, 0, 0.420005, -0.0184097, 0.448493, 0.48638, -0.0156758, 0.542604, 0.996195, -3.71201e-12, -0.0871557, -4.46982e-12, -1, -8.49977e-12, -0.0871557, 8.857e-12, -0.996195, 0
5.97, 2025-07-03__01-13-35.844927, -0.0710134, -0.238022, 0.0484531, -1.64536, -0.0270883, 1.29546, 0.71272, -0.00285136, -0.0949452, 0.00360343, 0.000581879, -0.00015139, -0.0882624, -0.0106257, -0.333765, 0.8855, -0.713233, -1.08906, 0.377855, -0.110433, -0.499144, 0, 0, 0, 8, 0, 0, 0, 0.419562, -0.0184113, 0.448858, 0.48638, -0.0156758, 0.542604, 0.996195, -3.71201e-12, -0.0871557, -4.46982e-12, -1, -8.49977e-12, -0.0871557, 8.857e-12, -0.996195, 0
5.98, 2025-07-03__01-13-35.854927, -0.0710548, -0.23895, 0.048458, -1.64537, -0.0270645, 1.29462, 0.712692, -0.00333748, -0.0975461, 0.00820364, 0.000111885, 0.0072266, -0.0880627, -0.00521523, -0.446168, 1.30609, -0.850624, -1.26533, 0.31571, -0.0873493, -0.531898, 0, 0, 0, 8, 0, 0, 0, 0.419157, -0.0184069, 0.449205, 0.48638, -0.0156758, 0.542604, 0.996195, -3.71201e-12, -0.0871557, -4.46982e-12, -1, -8.49977e-12, -0.0871557, 8.857e-12, -0.996195, 0
5.99, 2025-07-03__01-13-35.864927, -0.0710948, -0.23989, 0.0484583, -1.64537, -0.0270468, 1.29378, 0.71269, -0.00756617, -0.0903143, 0.000453541, 0.000550259, 0.00268163, -0.0787154, 0.000841473, -0.197763, 1.24262, -0.546822, -1.25733, 0.37341, -0.122805, -0.570974, 0, 0, 0, 8, 0, 0, 0, 0.418745, -0.0184002, 0.44956, 0.48638, -0.0156758, 0.542604, 0.996195, -3.71201e-12, -0.0871557, -4.46982e-12, -1, -8.49977e-12, -0.0871557, 8.857e-12, -0.996195, 0
6, 2025-07-03__01-13-35.874927, -0.0711328, -0.240727, 0.0484584, -1.64535, -0.0270365, 1.293, 0.71266, -0.00523655, -0.0765697, -0.00068671, 0.000644611, -0.000604758, -0.0786606, -0.00280481, -0.190933, 0.833288, -0.541908, -1.06725, 0.39806, -0.0915307, -0.54866, 0, 0, 0, 8, 0, 0, 0, 0.41837, -0.0183973, 0.449886, 0.48638, -0.0156758, 0.542604, 0.996195, -3.71201e-12, -0.0871557, -4.46982e-12, -1, -8.49977e-12, -0.0871557, 8.857e-12, -0.996195, 0
6.01, 2025-07-03__01-13-35.884927, -0.0711632, -0.241501, 0.048451, -1.64535, -0.0270102, 1.29231, 0.712629, -0.00625421, -0.0706816, -0.0015357, -0.00055818, 0.000726988, -0.0601339, -0.000746264, -0.15359, 0.771061, -0.497785, -1.05073, 0.394878, -0.192715, -0.56123, 0, 0, 0, 8, 0, 0, 0, 0.418034, -0.0183896, 0.450176, 0.48638, -0.0156758, 0.542604, 0.996195, -3.71201e-12, -0.0871557, -4.46982e-12, -1, -8.49977e-12, -0.0871557, 8.857e-12, -0.996195, 0
6.02, 2025-07-03__01-13-35.894927, -0.0711934, -0.242205, 0.0484566, -1.64536, -0.0269847, 1.29163, 0.7126, -0.00504816, -0.0640067, 0.000541327, -0.000795726, 0.00120783, -0.0678715, -0.00278671, -0.211358, 0.647944, -0.571538, -0.971011, 0.385357, -0.111947, -0.547817, 0, 0, 0, 8, 0, 0, 0, 0.417709, -0.0183838, 0.450443, 0.48638, -0.0156758, 0.542604, 0.996195, -3.71201e-12, -0.0871557, -4.46982e-12, -1, -8.49977e-12, -0.0871557, 8.857e-12, -0.996195, 0
6.03, 2025-07-03__01-13-35.904928, -0.0712221, -0.242849, 0.0484538, -1.64535, -0.0269573, 1.29093, 0.712576, -0.00310698, -0.0655495, -0.000244527, 0.000920671, 0.00414651, -0.0696767, -0.00438403, -0.240787, 0.95183, -0.602396, -1.11996, 0.360172, -0.0779525, -0.5378, 0, 0, 0, 8, 0, 0, 0, 0.417387, -0.0183729, 0.450681, 0.48638, -0.0156758, 0.542604, 0.996195, -3.71201e-12, -0.0871557, -4.46982e-12, -1, -8.49977e-12, -0.0871557, 8.857e-12, -0.996195, 0
6.04, 2025-07-03__01-13-35.914927, -0.0712601, -0.243397, 0.0484563, -1.64535, -0.0269326, 1.29026, 0.712544, -0.00325832, -0.0539918, 0.000857697, -0.00206332, 0.0028164, -0.0648543, 0.00086928, -0.238146, 0.457654, -0.607183, -0.862013, 0.371514, -0.0709763, -0.568581, 0, 0, 0, 8, 0, 0, 0, 0.417078, -0.0183713, 0.450876, 0.48638, -0.0156758, 0.542604, 0.996195, -3.71201e-12, -0.0871557, -4.46982e-12, -1, -8.49977e-12, -0.0871557, 8.857e-12, -0.996195, 0
6.05, 2025-07-03__01-13-35.924926, -0.0713069, -0.243945, 0.0484612, -1.64537, -0.0269114, 1.2897, 0.71252, -0.00442757, -0.0527703, 0.00138576, -0.00246047, -9.00507e-05, -0.0535102, -0.00139021, -0.222445, 0.546865, -0.58986, -0.908815, 0.391166, -0.126645, -0.554832, 0, 0, 0, 8, 0, 0, 0, 0.416811, -0.0183704, 0.451068, 0.48638, -0.0156758, 0.542604, 0.996195, -3.71201e-12, -0.0871557, -4.46982e-12, -1, -8.49977e-12, -0.0871557, 8.857e-12, -0.996195, 0
6.06, 2025-07-03__01-13-35.934928, -0.0713559, -0.244469, 0.0484593, -1.64538, -0.0268828, 1.28921, 0.712491, -0.00917125, -0.0493027, 0.000796707, -0.000420788, 0.000983028, -0.0433529, 0.00104083, -0.125339, 0.576832, -0.473683, -0.959514, 0.394457, -0.181559, -0.569634, 0, 0, 0, 8, 0, 0, 0, 0.416568, -0.0183739, 0.451261, 0.48638, -0.0156758, 0.542604, 0.996195, -3.71201e-12, -0.0871557, -4.46982e-12, -1, -8.49977e-12, -0.0871557, 8.857e-12, -0.996195, 0
6.07, 2025-07-03__01-13-35.944926, -0.0713997, -0.244824, 0.0484594, -1.64537, -0.0268646, 1.28878, 0.712454, -0.00917439, -0.0350691, -0.000268027, 0.00351805, 8.94608e-05, -0.0397299, -0.0115498, -0.0775596, 0.0559424, -0.419895, -0.770314, 0.40771, -0.187532, -0.492234, 0, 0, 0, 8, 0, 0, 0, 0.41637, -0.0183756, 0.451396, 0.48638, -0.0156758, 0.542604, 0.996195, -3.71201e-12, -0.0871557, -4.46982e-12, -1, -8.49977e-12, -0.0871557, 8.857e-12, -0.996195, 0
6.08, 2025-07-03__01-13-35.954927, -0.071426, -0.245193, 0.0484654, -1.64537, -0.0268394, 1.28836, 0.712448, -0.00112379, -0.0387812, 0.00147929, 0.000633207, 0.000424572, -0.0478958, -0.000201962, -0.258408, 0.287402, -0.636317, -0.820788, 0.381852, -0.112526, -0.560265, 0, 0, 0, 8, 0, 0, 0, 0.416179, -0.0183714, 0.451533, 0.48638, -0.0156758, 0.542604, 0.996195, -3.71201e-12, -0.0871557, -4.46982e-12, -1, -8.49977e-12, -0.0871557, 8.857e-12, -0.996195, 0
6.09, 2025-07-03__01-13-35.964926, -0.0714515, -0.245538, 0.0484654, -1.64537, -0.0268203, 1.28792, 0.712435, 0.00050851, -0.0349231, 0.00035199, -0.000931329, 0.00230042, -0.0404501, 0.000230006, -0.260437, 0.153108, -0.638772, -0.749799, 0.370032, -0.139675, -0.562799, 0, 0, 0, 8, 0, 0, 0, 0.415984, -0.0183665, 0.451653, 0.48638, -0.0156758, 0.542604, 0.996195, -3.71201e-12, -0.0871557, -4.46982e-12, -1, -8.49977e-12, -0.0871557, 8.857e-12, -0.996195, 0
6.1, 2025-07-03__01-13-35.974927, -0.0714864, -0.24583, 0.0484644, -1.64537, -0.0267951, 1.28749, 0.712404, -0.00335755, -0.0287197, 7.52565e-05, -9.81233e-05, 0.00351067, -0.042165, -0.00162941, -0.177656, -0.0821995, -0.542362, -0.647343, 0.371901, -0.105161, -0.550516, 0, 0, 0, 8, 0, 0, 0, 0.415795, -0.0183661, 0.451755, 0.48638, -0.0156758, 0.542604, 0.996195, -3.71201e-12, -0.0871557, -4.46982e-12, -1, -8.49977e-12, -0.0871557, 8.857e-12, -0.996195, 0
6.11, 2025-07-03__01-13-35.984927, -0.0715295, -0.246086, 0.048454, -1.64537, -0.0267785, 1.28706, 0.712381, -0.00360636, -0.0239899, -0.000899482, -0.00067039, 0.00260473, -0.0479981, -0.00514306, -0.13804, -0.291699, -0.49625, -0.532525, 0.382171, -0.039433, -0.528712, 0, 0, 0, 8, 0, 0, 0, 0.415608, -0.0183765, 0.451841, 0.48638, -0.0156758, 0.542604, 0.996195, -3.71201e-12, -0.0871557, -4.46982e-12, -1, -8.49977e-12, -0.0871557, 8.857e-12, -0.996195, 0
6.12, 2025-07-03__01-13-35.994927, -0.0715692, -0.246328, 0.0484602, -1.64537, -0.0267586, 1.2867, 0.712371, -0.000886402, -0.025974, 0.00147813, 0.00124975, 0.00185937, -0.0307493, -0.00167492, -0.234496, -0.081855, -0.613286, -0.669291, 0.373345, -0.146572, -0.549736, 0, 0, 0, 8, 0, 0, 0, 0.415443, -0.0183785, 0.451915, 0.48638, -0.0156758, 0.542604, 0.996195, -3.71201e-12, -0.0871557, -4.46982e-12, -1, -8.49977e-12, -0.0871557, 8.857e-12, -0.996195, 0
6.13, 2025-07-03__01-13-36.004928, -0.0716041, -0.24654, 0.0484605, -1.64539, -0.0267448, 1.28636, 0.712359, -0.000377518, -0.0181848, 0.000335949, -0.000967683, 0.000935752, -0.0360665, -0.00121557, -0.2006, -0.490554, -0.575963, -0.445296, 0.384671, -0.083371, -0.552163, 0, 0, 0, 8, 0, 0, 0, 0.4153, -0.018383, 0.451991, 0.48638, -0.0156758, 0.542604, 0.996195, -3.71201e-12, -0.0871557, -4.46982e-12, -1, -8.49977e-12, -0.0871557, 8.857e-12, -0.996195, 0
6.14, 2025-07-03__01-13-36.014927, -0.0716429, -0.246702, 0.0484552, -1.64538, -0.0267285, 1.28604, 0.712346, -0.00214999, -0.0156732, -0.00101386, 0.00043522, 0.00463433, -0.0347027, -0.00401908, -0.141598, -0.564285, -0.504115, -0.429364, 0.36703, -0.0770298, -0.535374, 0, 0, 0, 8, 0, 0, 0, 0.415165, -0.0183901, 0.452047, 0.48638, -0.0156758, 0.542604, 0.996195, -3.71201e-12, -0.0871557, -4.46982e-12, -1, -8.49977e-12, -0.0871557, 8.857e-12, -0.996195, 0
6.15, 2025-07-03__01-13-36.024927, -0.0716812, -0.246872, 0.0484601, -1.64539, -0.0267224, 1.28574, 0.712333, -0.00799599, -0.0196721, -0.000543163, -0.00152867, 0.000329429, -0.0289027, -0.00155109, -0.0458053, -0.396514, -0.390809, -0.490125, 0.40451, -0.0998251, -0.550552, 0, 0, 0, 8, 0, 0, 0, 0.415035, -0.018399, 0.4521, 0.48638, -0.0156758, 0.542604, 0.996195, -3.71201e-12, -0.0871557, -4.46982e-12, -1, -8.49977e-12, -0.0871557, 8.857e-12, -0.996195, 0
6.16, 2025-07-03__01-13-36.034928, -0.0717094, -0.247041, 0.0484549, -1.6454, -0.0267115, 1.28546, 0.712322, -0.00313328, -0.0131948, -0.000129459, -0.000933086, 0.00063579, -0.0225106, -0.000475466, -0.124558, -0.665269, -0.48797, -0.378089, 0.394069, -0.126976, -0.556764, 0, 0, 0, 8, 0, 0, 0, 0.414912, -0.0184064, 0.452155, 0.48638, -0.0156758, 0.542604, 0.996195, -3.71201e-12, -0.0871557, -4.46982e-12, -1, -8.49977e-12, -0.0871557, 8.857e-12, -0.996195, 0
6.17, 2025-07-03__01-13-36.044927, -0.0717284, -0.247177, 0.0484548, -1.64539, -0.0266925, 1.28517, 0.712302, -0.00383095, -0.0106622, 0.000729751, 0.00203359, 0.0018941, -0.0307538, -0.00249955, -0.126489, -0.712728, -0.491642, -0.374204, 0.384164, -0.0588541, -0.543396, 0, 0, 0, 8, 0, 0, 0, 0.414796, -0.0184055, 0.452199, 0.48638, -0.0156758, 0.542604, 0.996195, -3.71201e-12, -0.0871557, -4.46982e-12, -1, -8.49977e-12, -0.0871557, 8.857e-12, -0.996195, 0
6.18, 2025-07-03__01-13-36.054928, -0.0717424, -0.247307, 0.0484594, -1.64538, -0.0266806, 1.28485, 0.712291, -0.00227877, -0.0148997, 0.00145545, -0.000813545, 0.00012678, -0.0337895, -0.00226098, -0.16955, -0.559414, -0.543523, -0.402222, 0.388913, -0.0178913, -0.544028, 0, 0, 0, 8, 0, 0, 0, 0.414666, -0.0184029, 0.452239, 0.48638, -0.0156758, 0.542604, 0.996195, -3.71201e-12, -0.0871557, -4.46982e-12, -1, -8.49977e-12, -0.0871557, 8.857e-12, -0.996195, 0
6.19, 2025-07-03__01-13-36.064927, -0.0717622, -0.247442, 0.0484517, -1.6454, -0.0266668, 1.28457, 0.712289, -0.000353457, -0.0174442, -0.00046349, -0.00328921, 0.00267473, -0.0218099, 2.29022e-05, -0.169439, -0.475201, -0.5399, -0.4271, 0.371779, -0.081185, -0.558384, 0, 0, 0, 8, 0, 0, 0, 0.414548, -0.0184028, 0.452278, 0.48638, -0.0156758, 0.542604, 0.996195, -3.71201e-12, -0.0871557, -4.46982e-12, -1, -8.49977e-12, -0.0871557, 8.857e-12, -0.996195, 0
6.2, 2025-07-03__01-13-36.074926, -0.0717921, -0.247575, 0.0484489, -1.6454, -0.0266578, 1.28432, 0.712282, -0.00344162, -0.00996548, -0.00202937, 0.000275554, 0.00121781, -0.0260721, 0.00119743, -0.0659331, -0.759448, -0.416689, -0.331178, 0.393057, -0.0406316, -0.565765, 0, 0, 0, 8, 0, 0, 0, 0.414441, -0.0184069, 0.452318, 0.48638, -0.0156758, 0.542604, 0.996195, -3.71201e-12, -0.0871557, -4.46982e-12, -1, -8.49977e-12, -0.0871557, 8.857e-12, -0.996195, 0
6.21, 2025-07-03__01-13-36.084927, -0.0718241, -0.247686, 0.0484542, -1.64539, -0.0266483, 1.28409, 0.71227, -0.00300512, -0.00994634, -0.000305461, 0.000483301, 0.00267785, -0.021708, -0.00210273, -0.109487, -0.734895, -0.471501, -0.34827, 0.378035, -0.0592634, -0.545465, 0, 0, 0, 8, 0, 0, 0, 0.414348, -0.0184141, 0.452356, 0.48638, -0.0156758, 0.542604, 0.996195, -3.71201e-12, -0.0871557, -4.46982e-12, -1, -8.49977e-12, -0.0871557, 8.857e-12, -0.996195, 0
6.22, 2025-07-03__01-13-36.094927, -0.071832, -0.247798, 0.0484631, -1.64539, -0.0266381, 1.28392, 0.712259, 0.00111207, -0.00975832, 0.00188106, -0.00022182, 0.00054886, -0.0136064, -0.000788514, -0.221125, -0.723663, -0.60844, -0.352174, 0.37835, -0.106119, -0.552457, 0, 0, 0, 8, 0, 0, 0, 0.414275, -0.0184115, 0.452393, 0.48638, -0.0156758, 0.542604, 0.996195, -3.71201e-12, -0.0871557, -4.46982e-12, -1, -8.49977e-12, -0.0871557, 8.857e-12, -0.996195, 0
6.23, 2025-07-03__01-13-36.104928, -0.0718426, -0.247897, 0.0484552, -1.6454, -0.0266276, 1.28378, 0.71225, 0.000470018, -0.00909888, -0.00167108, -0.000646652, 9.51469e-05, -0.0134309, 0.000145903, -0.133578, -0.754824, -0.498601, -0.334234, 0.390963, -0.098914, -0.558126, 0, 0, 0, 8, 0, 0, 0, 0.41421, -0.0184072, 0.452426, 0.48638, -0.0156758, 0.542604, 0.996195, -3.71201e-12, -0.0871557, -4.46982e-12, -1, -8.49977e-12, -0.0871557, 8.857e-12, -0.996195, 0
6.24, 2025-07-03__01-13-36.114927, -0.0718522, -0.248014, 0.0484601, -1.6454, -0.0266127, 1.28363, 0.712239, -0.00117499, -0.00746734, -0.000477548, 4.59439e-05, 0.000692075, -0.0159459, -0.000134668, -0.128358, -0.793903, -0.494742, -0.318788, 0.387224, -0.0753653, -0.555752, 0, 0, 0, 8, 0, 0, 0, 0.414143, -0.0184038, 0.452467, 0.48638, -0.0156758, 0.542604, 0.996195, -3.71201e-12, -0.0871557, -4.46982e-12, -1, -8.49977e-12, -0.0871557, 8.857e-12, -0.996195, 0
6.25, 2025-07-03__01-13-36.124926, -0.0718617, -0.248124, 0.0484594, -1.6454, -0.0266052, 1.28349, 0.712233, 0.000466575, -0.00773886, -0.000135945, 0.000724415, 0.00193572, -0.0110001, 0.000462838, -0.166558, -0.73158, -0.540122, -0.360146, 0.374116, -0.104958, -0.559263, 0, 0, 0, 8, 0, 0, 0, 0.414077, -0.0184034, 0.452505, 0.48638, -0.0156758, 0.542604, 0.996195, -3.71201e-12, -0.0871557, -4.46982e-12, -1, -8.49977e-12, -0.0871557, 8.857e-12, -0.996195, 0
6.26, 2025-07-03__01-13-36.134928, -0.0718798, -0.248237, 0.0484599, -1.6454, -0.0265991, 1.28336, 0.712221, -0.000454742, -0.00625267, 0.000818391, -0.00100826, 0.00105824, -0.00954895, 0.000969608, -0.164517, -0.814013, -0.540735, -0.30391, 0.380575, -0.105692, -0.561965, 0, 0, 0, 8, 0, 0, 0, 0.41402, -0.0184078, 0.452546, 0.48638, -0.0156758, 0.542604, 0.996195, -3.71201e-12, -0.0871557, -4.46982e-12, -1, -8.49977e-12, -0.0871557, 8.857e-12, -0.996195, 0
6.27, 2025-07-03__01-13-36.144927, -0.0718926, -0.248347, 0.0484573, -1.6454, -0.0265937, 1.28325, 0.712209, -0.00303182, -0.00954934, -0.000821191, -0.000360154, 0.000827716, -0.013756, 0.00129553, -0.0915077, -0.613913, -0.449104, -0.397015, 0.388873, -0.0756926, -0.563794, 0, 0, 0, 8, 0, 0, 0, 0.413965, -0.0184062, 0.452585, 0.48638, -0.0156758, 0.542604, 0.996195, -3.71201e-12, -0.0871557, -4.46982e-12, -1, -8.49977e-12, -0.0871557, 8.857e-12, -0.996195, 0
6.28, 2025-07-03__01-13-36.154927, -0.0719086, -0.248463, 0.0484574, -1.6454, -0.0265864, 1.28313, 0.712192, -0.00296229, -0.0114784, -0.000932774, -0.00277105, 0.00445929, -0.013786, -0.000457803, -0.100008, -0.537828, -0.458555, -0.403855, 0.364661, -0.0676307, -0.552627, 0, 0, 0, 8, 0, 0, 0, 0.413908, -0.0184095, 0.452629, 0.48638, -0.0156758, 0.542604, 0.996195, -3.71201e-12, -0.0871557, -4.46982e-12, -1, -8.49977e-12, -0.0871557, 8.857e-12, -0.996195, 0
6.29, 2025-07-03__01-13-36.164926, -0.0719182, -0.248582, 0.0484549, -1.64539, -0.0265807, 1.28303, 0.712183, -0.000146933, -0.0118902, -0.00112853, 7.41108e-05, -8.508e-06, -0.00944046, -0.000648964, -0.136958, -0.406615, -0.500815, -0.500539, 0.387327, -0.101001, -0.551149, 0, 0, 0, 8, 0, 0, 0, 0.413865, -0.0184118, 0.452674, 0.48638, -0.0156758, 0.542604, 0.996195, -3.71201e-12, -0.0871557, -4.46982e-12, -1, -8.49977e-12, -0.0871557, 8.857e-12, -0.996195, 0
6.3, 2025-07-03__01-13-36.174927, -0.0719289, -0.248696, 0.0484566, -1.64539, -0.0265746, 1.28294, 0.712174, 0.000950009, -0.0114863, -0.00111985, -8.47292e-05, 0.000228068, -0.0148682, -0.000725259, -0.155711, -0.393213, -0.523134, -0.495163, 0.383224, -0.060767, -0.550217, 0, 0, 0, 8, 0, 0, 0, 0.413815, -0.0184099, 0.452719, 0.48638, -0.0156758, 0.542604, 0.996195, -3.71201e-12, -0.0871557, -4.46982e-12, -1, -8.49977e-12, -0.0871557, 8.857e-12, -0.996195, 0
6.31, 2025-07-03__01-13-36.184926, -0.0719448, -0.248806, 0.0484598, -1.6454, -0.0265651, 1.28288, 0.712164, 9.09392e-05, -0.0134363, -0.000939891, -0.000248358, 2.12209e-05, -0.0114649, 7.02129e-05, -0.14772, -0.261825, -0.512872, -0.557452, 0.384574, -0.084147, -0.554811, 0, 0, 0, 8, 0, 0, 0, 0.413778, -0.018411, 0.452758, 0.48638, -0.0156758, 0.542604, 0.996195, -3.71201e-12, -0.0871557, -4.46982e-12, -1, -8.49977e-12, -0.0871557, 8.857e-12, -0.996195, 0
6.32, 2025-07-03__01-13-36.194927, -0.0719545, -0.248893, 0.0484546, -1.6454, -0.0265604, 1.28286, 0.712159, 0.000793778, -0.0102715, -0.0014539, 0.000121219, 0.00331786, -0.00133891, -0.000699644, -0.150866, -0.364278, -0.516481, -0.531861, 0.364142, -0.154282, -0.550452, 0, 0, 0, 8, 0, 0, 0, 0.41376, -0.0184136, 0.452794, 0.48638, -0.0156758, 0.542604, 0.996195, -3.71201e-12, -0.0871557, -4.46982e-12, -1, -8.49977e-12, -0.0871557, 8.857e-12, -0.996195, 0
6.33, 2025-07-03__01-13-36.204928, -0.0719703, -0.248996, 0.0484573, -1.64539, -0.0265522, 1.28281, 0.712153, -0.00263156, -0.0136493, -0.00134479, 0.000720712, 0.00028988, -0.0119032, 0.00088824, -0.093693, -0.15351, -0.446783, -0.619762, 0.388129, -0.0851156, -0.55991, 0, 0, 0, 8, 0, 0, 0, 0.413733, -0.0184148, 0.452835, 0.48638, -0.0156758, 0.542604, 0.996195, -3.71201e-12, -0.0871557, -4.46982e-12, -1, -8.49977e-12, -0.0871557, 8.857e-12, -0.996195, 0
6.34, 2025-07-03__01-13-36.214927, -0.0719758, -0.249104, 0.0484601, -1.6454, -0.026546, 1.28277, 0.712144, -0.000655104, -0.0111717, -1.76628e-05, 0.000243379, 9.79338e-05, -0.00564688, 0.00102961, -0.151329, -0.236578, -0.51869, -0.583644, 0.38345, -0.126545, -0.560283, 0, 0, 0, 8, 0, 0, 0, 0.4137, -0.0184128, 0.452875, 0.48638, -0.0156758, 0.542604, 0.996195, -3.71201e-12, -0.0871557, -4.46982e-12, -1, -8.49977e-12, -0.0871557, 8.857e-12, -0.996195, 0
6.35, 2025-07-03__01-13-36.224927, -0.071986, -0.249189, 0.0484566, -1.64539, -0.0265424, 1.28274, 0.712133, -0.00268674, -0.00966654, -0.000827995, 0.000629011, -0.000380613, -0.00405412, -0.000617696, -0.0966589, -0.268104, -0.45245, -0.578834, 0.393198, -0.138522, -0.55021, 0, 0, 0, 8, 0, 0, 0, 0.413684, -0.0184155, 0.452913, 0.48638, -0.0156758, 0.542604, 0.996195, -3.71201e-12, -0.0871557, -4.46982e-12, -1, -8.49977e-12, -0.0871557, 8.857e-12, -0.996195, 0
6.36, 2025-07-03__01-13-36.234928, -0.0719928, -0.249272, 0.0484574, -1.6454, -0.0265359, 1.28271, 0.712114, -0.00144426, -0.00995655, -0.00039824, -0.00128484, 7.96379e-05, -0.00331272, -0.00621084, -0.12841, -0.262802, -0.491192, -0.559071, 0.387086, -0.140505, -0.515304, 0, 0, 0, 8, 0, 0, 0, 0.413663, -0.0184164, 0.452947, 0.48638, -0.0156758, 0.542604, 0.996195, -3.71201e-12, -0.0871557, -4.46982e-12, -1, -8.49977e-12, -0.0871557, 8.857e-12, -0.996195, 0
6.37, 2025-07-03__01-13-36.244927, -0.0720017, -0.249348, 0.0484574, -1.64539, -0.0265276, 1.28267, 0.712111, -0.000834372, -0.00796849, -0.000725946, 0.00137285, 4.60458e-05, -0.00660126, -0.00112087, -0.128886, -0.270006, -0.490826, -0.581412, 0.38618, -0.122056, -0.546032, 0, 0, 0, 8, 0, 0, 0, 0.413638, -0.0184158, 0.452972, 0.48638, -0.0156758, 0.542604, 0.996195, -3.71201e-12, -0.0871557, -4.46982e-12, -1, -8.49977e-12, -0.0871557, 8.857e-12, -0.996195, 0
6.38, 2025-07-03__01-13-36.254927, -0.0720137, -0.249408, 0.0484573, -1.64539, -0.0265185, 1.28263, 0.712111, -0.00330393, -0.0087137, -0.000654211, 0.00124497, 0.00204317, -0.00206828, -0.00402035, -0.0931007, -0.21528, -0.447782, -0.613182, 0.377294, -0.152509, -0.528875, 0, 0, 0, 8, 0, 0, 0, 0.413613, -0.018416, 0.452995, 0.48638, -0.0156758, 0.542604, 0.996195, -3.71201e-12, -0.0871557, -4.46982e-12, -1, -8.49977e-12, -0.0871557, 8.857e-12, -0.996195, 0
6.39, 2025-07-03__01-13-36.264927, -0.0720119, -0.249484, 0.0484601, -1.6454, -0.0265123, 1.28259, 0.712108, -3.83914e-06, -0.0107196, 0.000377742, -0.000635361, 0.000347626, -0.00548953, -0.000213599, -0.17094, -0.128088, -0.541917, -0.622502, 0.378401, -0.126376, -0.551311, 0, 0, 0, 8, 0, 0, 0, 0.41359, -0.0184141, 0.453024, 0.48638, -0.0156758, 0.542604, 0.996195, -3.71201e-12, -0.0871557, -4.46982e-12, -1, -8.49977e-12, -0.0871557, 8.857e-12, -0.996195, 0
6.4, 2025-07-03__01-13-36.274927, -0.0720183, -0.249545, 0.0484601, -1.6454, -0.0265087, 1.28255, 0.712095, -0.0010851, -0.00624068, 0.000242933, -0.00109086, 1.85886e-05, -0.000663558, -0.000955396, -0.141605, -0.337535, -0.508882, -0.530338, 0.3855, -0.155357, -0.54637, 0, 0, 0, 8, 0, 0, 0, 0.413571, -0.0184149, 0.45305, 0.48638, -0.0156758, 0.542604, 0.996195, -3.71201e-12, -0.0871557, -4.46982e-12, -1, -8.49977e-12, -0.0871557, 8.857e-12, -0.996195, 0
6.41, 2025-07-03__01-13-36.284927, -0.0720275, -0.249578, 0.0484594, -1.64539, -0.0265019, 1.28251, 0.712095, -0.000615598, -0.00569711, -0.000100027, 9.9092e-06, 0.000345184, -0.00457911, 0.00119475, -0.141383, -0.329887, -0.507753, -0.540713, 0.382564, -0.128975, -0.559411, 0, 0, 0, 8, 0, 0, 0, 0.413552, -0.0184131, 0.453065, 0.48638, -0.0156758, 0.542604, 0.996195, -3.71201e-12, -0.0871557, -4.46982e-12, -1, -8.49977e-12, -0.0871557, 8.857e-12, -0.996195, 0
6.42, 2025-07-03__01-13-36.294927, -0.0720337, -0.249636, 0.0484626, -1.6454, -0.0265008, 1.28247, 0.712084, -0.00190469, -0.00945731, 0.000866525, -7.98577e-05, 0.000349654, -0.00281962, 0.000392201, -0.146183, -0.128738, -0.513316, -0.632422, 0.381049, -0.1418, -0.554162, 0, 0, 0, 8, 0, 0, 0, 0.413528, -0.0184138, 0.453082, 0.48638, -0.0156758, 0.542604, 0.996195, -3.71201e-12, -0.0871557, -4.46982e-12, -1, -8.49977e-12, -0.0871557, 8.857e-12, -0.996195, 0
6.43, 2025-07-03__01-13-36.304928, -0.0720431, -0.249686, 0.0484627, -1.6454, -0.0264978, 1.28244, 0.71208, 0.000204372, -0.00384939, 0.00037847, -0.000980646, -1.22397e-05, -5.27194e-05, -0.00103854, -0.161453, -0.403735, -0.5336, -0.501023, 0.383353, -0.155575, -0.545316, 0, 0, 0, 8, 0, 0, 0, 0.413514, -0.0184171, 0.453104, 0.48638, -0.0156758, 0.542604, 0.996195, -3.71201e-12, -0.0871557, -4.46982e-12, -1, -8.49977e-12, -0.0871557, 8.857e-12, -0.996195, 0
6.44, 2025-07-03__01-13-36.314927, -0.0720442, -0.24971, 0.0484626, -1.6454, -0.0264907, 1.2824, 0.712072, 0.000184033, -0.00486166, 0.000890504, -0.00426305, -0.000627107, -0.006413, -0.000661381, -0.17046, -0.426977, -0.545987, -0.442656, 0.386443, -0.104369, -0.546851, 0, 0, 0, 8, 0, 0, 0, 0.4135, -0.0184165, 0.453114, 0.48638, -0.0156758, 0.542604, 0.996195, -3.71201e-12, -0.0871557, -4.46982e-12, -1, -8.49977e-12, -0.0871557, 8.857e-12, -0.996195, 0
6.45, 2025-07-03__01-13-36.324927, -0.072055, -0.249758, 0.0484648, -1.6454, -0.026484, 1.28237, 0.712075, -0.000462267, -0.0087317, 0.00104382, -0.00100353, 9.41269e-05, -0.00528774, 0.000644116, -0.171184, -0.144288, -0.543877, -0.609544, 0.379146, -0.119951, -0.555181, 0, 0, 0, 8, 0, 0, 0, 0.413481, -0.0184159, 0.45313, 0.48638, -0.0156758, 0.542604, 0.996195, -3.71201e-12, -0.0871557, -4.46982e-12, -1, -8.49977e-12, -0.0871557, 8.857e-12, -0.996195, 0
6.46, 2025-07-03__01-13-36.334928, -0.0720564, -0.249775, 0.0484574, -1.6454, -0.0264809, 1.28234, 0.712066, -5.62711e-05, 0.00174601, -0.00109011, -0.00176561, -9.57258e-05, -0.000363017, 0.00126104, -0.115054, -0.677623, -0.478488, -0.367891, 0.390174, -0.144622, -0.558645, 0, 0, 0, 8, 0, 0, 0, 0.413464, -0.0184147, 0.453137, 0.48638, -0.0156758, 0.542604, 0.996195, -3.71201e-12, -0.0871557, -4.46982e-12, -1, -8.49977e-12, -0.0871557, 8.857e-12, -0.996195, 0
6.47, 2025-07-03__01-13-36.344927, -0.072062, -0.249809, 0.0484601, -1.6454, -0.0264753, 1.28231, 0.712058, 0.000205733, 0.00077058, -0.000184593, 0.00527115, -0.000248942, -0.00278282, -0.000138061, -0.141255, -0.460251, -0.507881, -0.540707, 0.385179, -0.140592, -0.549748, 0, 0, 0, 8, 0, 0, 0, 0.413454, -0.0184148, 0.453146, 0.48638, -0.0156758, 0.542604, 0.996195, -3.71201e-12, -0.0871557, -4.46982e-12, -1, -8.49977e-12, -0.0871557, 8.857e-12, -0.996195, 0
6.48, 2025-07-03__01-13-36.354927, -0.0720716, -0.249853, 0.0484574, -1.6454, -0.0264696, 1.28228, 0.712054, -0.000836033, -0.00057293, 7.50745e-05, -0.000879811, 0.00101503, -0.00172846, -0.00933378, -0.131507, -0.516861, -0.498298, -0.447769, 0.379961, -0.136451, -0.493972, 0, 0, 0, 8, 0, 0, 0, 0.413438, -0.0184173, 0.453164, 0.48638, -0.0156758, 0.542604, 0.996195, -3.71201e-12, -0.0871557, -4.46982e-12, -1, -8.49977e-12, -0.0871557, 8.857e-12, -0.996195, 0
6.49, 2025-07-03__01-13-36.364927, -0.0720752, -0.249877, 0.0484566, -1.6454, -0.0264691, 1.28225, 0.712055, -0.000882682, -0.00151272, -7.66248e-05, -0.00329264, 0.000168004, -0.00418591, -0.000254433, -0.125874, -0.52049, -0.491968, -0.414998, 0.386051, -0.114557, -0.549036, 0, 0, 0, 8, 0, 0, 0, 0.413421, -0.0184167, 0.453172, 0.48638, -0.0156758, 0.542604, 0.996195, -3.71201e-12, -0.0871557, -4.46982e-12, -1, -8.49977e-12, -0.0871557, 8.857e-12, -0.996195, 0
6.5, 2025-07-03__01-13-36.374927, -0.0720834, -0.249903, 0.0484573, -1.6454, -0.026465, 1.28221, 0.712055, -0.00396856, -0.00198295, -0.000482628, -0.00134802, -6.41104e-05, -0.0031867, 0.000263058, -0.0651138, -0.454368, -0.417991, -0.469847, 0.393675, -0.123169, -0.552505, 0, 0, 0, 8, 0, 0, 0, 0.413402, -0.0184184, 0.453175, 0.48638, -0.0156758, 0.542604, 0.996195, -3.71201e-12, -0.0871557, -4.46982e-12, -1, -8.49977e-12, -0.0871557, 8.857e-12, -0.996195, 0
6.51, 2025-07-03__01-13-36.384927, -0.0720762, -0.249931, 0.0484601, -1.6454, -0.0264605, 1.28218, 0.712046, 0.00197788, -0.00489408, -0.0026197, 0.000236821, 0.000151313, -0.00481387, -0.0005773, -0.130432, -0.260573, -0.489699, -0.571426, 0.382868, -0.115658, -0.546558, 0, 0, 0, 8, 0, 0, 0, 0.413389, -0.0184158, 0.453191, 0.48638, -0.0156758, 0.542604, 0.996195, -3.71201e-12, -0.0871557, -4.46982e-12, -1, -8.49977e-12, -0.0871557, 8.857e-12, -0.996195, 0
6.52, 2025-07-03__01-13-36.394927, -0.0720896, -0.24996, 0.0484603, -1.6454, -0.0264554, 1.28215, 0.712043, -0.00419151, -0.00412893, 0.00077878, -0.00167638, -0.000111068, -0.00169703, -0.000433771, -0.0906852, -0.336789, -0.449574, -0.520427, 0.39011, -0.131909, -0.547558, 0, 0, 0, 8, 0, 0, 0, 0.413375, -0.018415, 0.453202, 0.48638, -0.0156758, 0.542604, 0.996195, -3.71201e-12, -0.0871557, -4.46982e-12, -1, -8.49977e-12, -0.0871557, 8.857e-12, -0.996195, 0
6.53, 2025-07-03__01-13-36.404928, -0.0720848, -0.249974, 0.0484602, -1.6454, -0.0264509, 1.28213, 0.712037, 0.000445188, -0.00111346, -0.000270418, -0.000982914, -0.000167358, -0.00114532, 0.000580082, -0.143804, -0.460763, -0.511956, -0.471114, 0.384544, -0.134524, -0.553042, 0, 0, 0, 8, 0, 0, 0, 0.413367, -0.0184109, 0.453205, 0.48638, -0.0156758, 0.542604, 0.996195, -3.71201e-12, -0.0871557, -4.46982e-12, -1, -8.49977e-12, -0.0871557, 8.857e-12, -0.996195, 0
6.54, 2025-07-03__01-13-36.414927, -0.0720887, -0.25, 0.0484623, -1.6454, -0.0264493, 1.2821, 0.712028, -0.00051108, -0.00355789, -0.000253563, -0.00147099, -6.68721e-05, -5.55372e-05, -0.00308588, -0.132548, -0.344813, -0.497537, -0.520087, 0.3848, -0.141215, -0.530466, 0, 0, 0, 8, 0, 0, 0, 0.413355, -0.0184107, 0.453218, 0.48638, -0.0156758, 0.542604, 0.996195, -3.71201e-12, -0.0871557, -4.46982e-12, -1, -8.49977e-12, -0.0871557, 8.857e-12, -0.996195, 0
6.55, 2025-07-03__01-13-36.424926, -0.0720971, -0.250027, 0.0484609, -1.6454, -0.0264446, 1.28207, 0.712026, -0.00163945, -0.00599708, -0.000339598, -0.000884297, -0.000237009, -0.000484605, -0.00084328, -0.114441, -0.206278, -0.474423, -0.589247, 0.386728, -0.139564, -0.544158, 0, 0, 0, 8, 0, 0, 0, 0.413339, -0.0184102, 0.453224, 0.48638, -0.0156758, 0.542604, 0.996195, -3.71201e-12, -0.0871557, -4.46982e-12, -1, -8.49977e-12, -0.0871557, 8.857e-12, -0.996195, 0
6.56, 2025-07-03__01-13-36.434928, -0.0720928, -0.250031, 0.048463, -1.6454, -0.0264377, 1.28204, 0.712029, 0.000385454, -0.00271626, 0.000711037, 0.000490255, 5.59933e-06, -0.00347103, -0.000417812, -0.165637, -0.337952, -0.538204, -0.538016, 0.37918, -0.117803, -0.546407, 0, 0, 0, 8, 0, 0, 0, 0.413331, -0.0184102, 0.453226, 0.48638, -0.0156758, 0.542604, 0.996195, -3.71201e-12, -0.0871557, -4.46982e-12, -1, -8.49977e-12, -0.0871557, 8.857e-12, -0.996195, 0
6.57, 2025-07-03__01-13-36.444927, -0.0720954, -0.250033, 0.0484581, -1.64539, -0.0264361, 1.282, 0.712027, -0.000458878, 0.000150264, -0.00146253, 0.000804638, -0.000135843, -0.000768743, 0.000571442, -0.10081, -0.479089, -0.45844, -0.484269, 0.388278, -0.132895, -0.552615, 0, 0, 0, 8, 0, 0, 0, 0.413318, -0.0184079, 0.453231, 0.48638, -0.0156758, 0.542604, 0.996195, -3.71201e-12, -0.0871557, -4.46982e-12, -1, -8.49977e-12, -0.0871557, 8.857e-12, -0.996195, 0
6.58, 2025-07-03__01-13-36.454927, -0.0720983, -0.250051, 0.0484633, -1.6454, -0.0264314, 1.28197, 0.712017, -0.000869399, -0.000593047, -2.3552e-05, -0.000335062, -1.63822e-05, -0.00465958, -0.00502769, -0.124646, -0.469362, -0.489433, -0.467465, 0.384811, -0.10234, -0.517866, 0, 0, 0, 8, 0, 0, 0, 0.4133, -0.0184076, 0.453231, 0.48638, -0.0156758, 0.542604, 0.996195, -3.71201e-12, -0.0871557, -4.46982e-12, -1, -8.49977e-12, -0.0871557, 8.857e-12, -0.996195, 0
6.59, 2025-07-03__01-13-36.464928, -0.0721008, -0.250056, 0.0484606, -1.6454, -0.0264266, 1.28193, 0.712013, -0.000836744, -0.000614073, -0.00153569, -2.23312e-05, 0.000142903, -0.00325491, -0.000863929, -0.093741, -0.467864, -0.449827, -0.474561, 0.386899, -0.10993, -0.543028, 0, 0, 0, 8, 0, 0, 0, 0.413285, -0.0184041, 0.453232, 0.48638, -0.0156758, 0.542604, 0.996195, -3.71201e-12, -0.0871557, -4.46982e-12, -1, -8.49977e-12, -0.0871557, 8.857e-12, -0.996195, 0
6.6, 2025-07-03__01-13-36.474927, -0.0720987, -0.250067, 0.0484559, -1.6454, -0.026426, 1.28191, 0.712014, 0.00221526, 0.000837312, -0.00161821, -0.00106165, 3.88041e-05, -0.000950943, 0.00120116, -0.140721, -0.554875, -0.506685, -0.425357, 0.382635, -0.12223, -0.555476, 0, 0, 0, 8, 0, 0, 0, 0.413276, -0.0184084, 0.453236, 0.48638, -0.0156758, 0.542604, 0.996195, -3.71201e-12, -0.0871557, -4.46982e-12, -1, -8.49977e-12, -0.0871557, 8.857e-12, -0.996195, 0
6.61, 2025-07-03__01-13-36.484927, -0.0721092, -0.250076, 0.048455, -1.6454, -0.0264172, 1.28189, 0.712013, -0.000874459, -0.00331133, -0.00175112, -3.34509e-05, 0.00502638, -0.00163075, 0.000224794, -0.101382, -0.329746, -0.456865, -0.540127, 0.353576, -0.120413, -0.549891, 0, 0, 0, 8, 0, 0, 0, 0.413269, -0.0184072, 0.453237, 0.48638, -0.0156758, 0.542604, 0.996195, -3.71201e-12, -0.0871557, -4.46982e-12, -1, -8.49977e-12, -0.0871557, 8.857e-12, -0.996195, 0
6.62, 2025-07-03__01-13-36.494927, -0.0721054, -0.250083, 0.0484577, -1.6454, -0.0264156, 1.28187, 0.712006, 0.000169369, 0.000694605, -0.00152392, -0.00114915, 0.00057118, -0.000692693, -0.000580714, -0.10832, -0.552639, -0.468138, -0.426328, 0.382652, -0.121481, -0.544281, 0, 0, 0, 8, 0, 0, 0, 0.413261, -0.0184032, 0.45324, 0.48638, -0.0156758, 0.542604, 0.996195, -3.71201e-12, -0.0871557, -4.46982e-12, -1, -8.49977e-12, -0.0871557, 8.857e-12, -0.996195, 0
6.63, 2025-07-03__01-13-36.504928, -0.0721111, -0.250098, 0.0484584, -1.6454, -0.0264127, 1.28185, 0.711999, -0.00136886, -0.000507863, -0.00095803, -0.000102179, -3.37411e-05, -0.000478588, -0.00135104, -0.0943163, -0.468522, -0.451483, -0.476626, 0.387392, -0.124629, -0.539356, 0, 0, 0, 8, 0, 0, 0, 0.413256, -0.0184059, 0.453243, 0.48638, -0.0156758, 0.542604, 0.996195, -3.71201e-12, -0.0871557, -4.46982e-12, -1, -8.49977e-12, -0.0871557, 8.857e-12, -0.996195, 0
6.64, 2025-07-03__01-13-36.514926, -0.072111, -0.25011, 0.0484556, -1.6454, -0.026409, 1.28185, 0.712, 0.00062108, -0.000100844, -0.000912644, -0.000725302, 0.00335341, -0.0033142, -0.000535167, -0.13468, -0.492931, -0.499709, -0.453661, 0.361078, -0.104173, -0.54424, 0, 0, 0, 8, 0, 0, 0, 0.413251, -0.018408, 0.453248, 0.48638, -0.0156758, 0.542604, 0.996195, -3.71201e-12, -0.0871557, -4.46982e-12, -1, -8.49977e-12, -0.0871557, 8.857e-12, -0.996195, 0
6.65, 2025-07-03__01-13-36.524927, -0.0721194, -0.250122, 0.0484605, -1.6454, -0.0264116, 1.28184, 0.711995, -0.00167213, -0.00437928, -2.16306e-06, 0.0014819, 0.000250308, -0.000321354, -0.000293954, -0.116022, -0.230059, -0.476492, -0.602349, 0.381316, -0.131117, -0.545705, 0, 0, 0, 8, 0, 0, 0, 0.413246, -0.0184061, 0.453251, 0.48638, -0.0156758, 0.542604, 0.996195, -3.71201e-12, -0.0871557, -4.46982e-12, -1, -8.49977e-12, -0.0871557, 8.857e-12, -0.996195, 0
6.66, 2025-07-03__01-13-36.534928, -0.0721152, -0.250135, 0.0484577, -1.6454, -0.0264061, 1.28183, 0.711996, -0.000587089, -0.00130628, -0.00114082, 0.000163246, 0.00377601, -0.000373932, 0.00188134, -0.112752, -0.405693, -0.472176, -0.508576, 0.360252, -0.126196, -0.558891, 0, 0, 0, 8, 0, 0, 0, 0.413241, -0.0184055, 0.453257, 0.48638, -0.0156758, 0.542604, 0.996195, -3.71201e-12, -0.0871557, -4.46982e-12, -1, -8.49977e-12, -0.0871557, 8.857e-12, -0.996195, 0
6.67, 2025-07-03__01-13-36.544928, -0.0721221, -0.250142, 0.0484637, -1.6454, -0.0264033, 1.28181, 0.711987, -0.000385662, -0.00193654, 0.00113474, 8.76974e-05, -0.000237764, 5.56432e-05, -0.0047491, -0.155747, -0.374778, -0.527439, -0.519611, 0.3807, -0.128351, -0.517917, 0, 0, 0, 8, 0, 0, 0, 0.413233, -0.0184038, 0.45326, 0.48638, -0.0156758, 0.542604, 0.996195, -3.71201e-12, -0.0871557, -4.46982e-12, -1, -8.49977e-12, -0.0871557, 8.857e-12, -0.996195, 0
6.68, 2025-07-03__01-13-36.554927, -0.0721231, -0.250162, 0.0484604, -1.6454, -0.0263976, 1.28179, 0.711984, -0.000438644, -0.00349515, 2.17671e-06, 0.00081548, 4.76288e-05, -1.09755e-05, -0.00111548, -0.134558, -0.276938, -0.49902, -0.572948, 0.380239, -0.129423, -0.539903, 0, 0, 0, 8, 0, 0, 0, 0.413224, -0.0184033, 0.453265, 0.48638, -0.0156758, 0.542604, 0.996195, -3.71201e-12, -0.0871557, -4.46982e-12, -1, -8.49977e-12, -0.0871557, 8.857e-12, -0.996195, 0
6.69, 2025-07-03__01-13-36.564927, -0.0721235, -0.250167, 0.0484575, -1.6454, -0.0263978, 1.28176, 0.711987, 0.00137559, -0.000385387, -0.000440422, 0.00032921, 0.00182036, -0.000110041, -0.00157311, -0.154015, -0.441661, -0.523014, -0.491853, 0.367623, -0.124073, -0.537275, 0, 0, 0, 8, 0, 0, 0, 0.413212, -0.0184063, 0.453268, 0.48638, -0.0156758, 0.542604, 0.996195, -3.71201e-12, -0.0871557, -4.46982e-12, -1, -8.49977e-12, -0.0871557, 8.857e-12, -0.996195, 0
6.7, 2025-07-03__01-13-36.574926, -0.0721217, -0.250181, 0.0484633, -1.64539, -0.0263958, 1.28174, 0.71199, 0.00237841, -0.00137529, 0.00021891, 0.000943149, 6.85929e-05, -0.00186412, 0.00132246, -0.183684, -0.371494, -0.558908, -0.52729, 0.374515, -0.113536, -0.554665, 0, 0, 0, 8, 0, 0, 0, 0.413205, -0.0184048, 0.453277, 0.48638, -0.0156758, 0.542604, 0.996195, -3.71201e-12, -0.0871557, -4.46982e-12, -1, -8.49977e-12, -0.0871557, 8.857e-12, -0.996195, 0
6.71, 2025-07-03__01-13-36.584927, -0.072127, -0.250186, 0.0484601, -1.6454, -0.0263885, 1.28171, 0.711983, 8.74894e-05, -0.000300897, 0.000500862, 0.000479559, 0.00481351, -0.00335382, 5.29848e-05, -0.15648, -0.444095, -0.527352, -0.487052, 0.347719, -0.0990026, -0.546792, 0, 0, 0, 8, 0, 0, 0, 0.413192, -0.0184032, 0.453273, 0.48638, -0.0156758, 0.542604, 0.996195, -3.71201e-12, -0.0871557, -4.46982e-12, -1, -8.49977e-12, -0.0871557, 8.857e-12, -0.996195, 0
6.72, 2025-07-03__01-13-36.594932, -0.0721323, -0.250196, 0.048461, -1.64539, -0.026389, 1.28169, 0.711981, -0.00176922, -0.00444555, -7.27583e-05, 0.0017897, -9.57165e-05, -0.0016727, -0.00038693, -0.11057, -0.210681, -0.469546, -0.611711, 0.382722, -0.114887, -0.544232, 0, 0, 0, 8, 0, 0, 0, 0.413185, -0.0184016, 0.453273, 0.48638, -0.0156758, 0.542604, 0.996195, -3.71201e-12, -0.0871557, -4.46982e-12, -1, -8.49977e-12, -0.0871557, 8.857e-12, -0.996195, 0
6.73, 2025-07-03__01-13-36.604933, -0.0721327, -0.250203, 0.0484655, -1.6454, -0.0263881, 1.28167, 0.711975, 8.76168e-05, -0.000703123, 0.00114474, -0.00110671, -0.000188511, 1.28918e-06, -0.000189817, -0.160029, -0.458827, -0.533606, -0.46607, 0.379604, -0.117382, -0.544765, 0, 0, 0, 8, 0, 0, 0, 0.413176, -0.0184033, 0.453278, 0.48638, -0.0156758, 0.542604, 0.996195, -3.71201e-12, -0.0871557, -4.46982e-12, -1, -8.49977e-12, -0.0871557, 8.857e-12, -0.996195, 0
6.74, 2025-07-03__01-13-36.614944, -0.0721302, -0.250208, 0.048463, -1.6454, -0.0263839, 1.28166, 0.711974, 0.000557852, -0.00322859, 0.000489251, 0.000938163, 0.00228316, 0.000147563, 0.0005278, -0.164473, -0.285969, -0.535419, -0.568252, 0.361706, -0.123046, -0.54915, 0, 0, 0, 8, 0, 0, 0, 0.413172, -0.0184036, 0.453279, 0.48638, -0.0156758, 0.542604, 0.996195, -3.71201e-12, -0.0871557, -4.46982e-12, -1, -8.49977e-12, -0.0871557, 8.857e-12, -0.996195, 0
6.75, 2025-07-03__01-13-36.624929, -0.0721365, -0.250215, 0.0484583, -1.6454, -0.0263796, 1.28164, 0.711969, -0.000803273, -0.000650799, -0.00110514, -0.000476383, 0.000215146, -0.000440714, 0.000728464, -0.0982318, -0.452198, -0.455656, -0.477452, 0.383539, -0.113536, -0.55027, 0, 0, 0, 8, 0, 0, 0, 0.41317, -0.018403, 0.453284, 0.48638, -0.0156758, 0.542604, 0.996195, -3.71201e-12, -0.0871557, -4.46982e-12, -1, -8.49977e-12, -0.0871557, 8.857e-12, -0.996195, 0
6.76, 2025-07-03__01-13-36.634928, -0.0721352, -0.250221, 0.0484574, -1.64539, -0.0263793, 1.28163, 0.711962, -0.000658523, -0.000787309, -0.000465885, 0.00171513, -0.000137608, -0.00280942, -0.000598491, -0.113933, -0.391952, -0.474415, -0.525887, 0.383197, -0.101401, -0.541807, 0, 0, 0, 8, 0, 0, 0, 0.41316, -0.0183995, 0.453282, 0.48638, -0.0156758, 0.542604, 0.996195, -3.71201e-12, -0.0871557, -4.46982e-12, -1, -8.49977e-12, -0.0871557, 8.857e-12, -0.996195, 0
6.77, 2025-07-03__01-13-36.644927, -0.0721344, -0.250229, 0.0484602, -1.6454, -0.0263758, 1.28163, 0.711956, 0.000832582, -0.00118191, -0.000229601, -0.000630079, 0.000499676, 0.000141639, -0.000402916, -0.146085, -0.419571, -0.513762, -0.489897, 0.375998, -0.117498, -0.542489, 0, 0, 0, 8, 0, 0, 0, 0.413155, -0.0183998, 0.453287, 0.48638, -0.0156758, 0.542604, 0.996195, -3.71201e-12, -0.0871557, -4.46982e-12, -1, -8.49977e-12, -0.0871557, 8.857e-12, -0.996195, 0
6.78, 2025-07-03__01-13-36.654926, -0.0721338, -0.250232, 0.0484636, -1.6454, -0.0263738, 1.28162, 0.711957, 0.00113379, 0.000620197, 0.000926495, 0.000955873, -7.73334e-05, 0.00512557, -0.000366051, -0.171594, -0.468958, -0.546472, -0.49185, 0.376764, -0.153225, -0.542658, 0, 0, 0, 8, 0, 0, 0, 0.413154, -0.0184005, 0.45329, 0.48638, -0.0156758, 0.542604, 0.996195, -3.71201e-12, -0.0871557, -4.46982e-12, -1, -8.49977e-12, -0.0871557, 8.857e-12, -0.996195, 0
6.79, 2025-07-03__01-13-36.664927, -0.0721392, -0.250235, 0.0484651, -1.64539, -0.0263691, 1.28161, 0.711959, -0.00020475, 0.000734403, 0.000826381, 0.00084235, -2.069e-05, -0.00100882, -0.000888969, -0.145781, -0.48011, -0.515649, -0.477456, 0.379074, -0.110498, -0.539529, 0, 0, 0, 8, 0, 0, 0, 0.413153, -0.0183975, 0.453292, 0.48638, -0.0156758, 0.542604, 0.996195, -3.71201e-12, -0.0871557, -4.46982e-12, -1, -8.49977e-12, -0.0871557, 8.857e-12, -0.996195, 0
6.8, 2025-07-03__01-13-36.674927, -0.0721398, -0.250245, 0.0484601, -1.6454, -0.0263677, 1.2816, 0.711953, 0.000262634, -0.00334399, -0.00018464, 0.000273471, 0.000223205, -0.000150388, -0.000668457, -0.139893, -0.291716, -0.50505, -0.557481, 0.377103, -0.116814, -0.540722, 0, 0, 0, 8, 0, 0, 0, 0.413146, -0.0183986, 0.45329, 0.48638, -0.0156758, 0.542604, 0.996195, -3.71201e-12, -0.0871557, -4.46982e-12, -1, -8.49977e-12, -0.0871557, 8.857e-12, -0.996195, 0
6.81, 2025-07-03__01-13-36.684927, -0.072137, -0.250245, 0.0484603, -1.6454, -0.0263637, 1.2816, 0.711959, 0.00112965, 0.00144815, 0.000204816, 0.00134698, 1.42295e-05, 0.00011496, 0.00127604, -0.154189, -0.502458, -0.524615, -0.473624, 0.377531, -0.11794, -0.552606, 0, 0, 0, 8, 0, 0, 0, 0.413145, -0.0183965, 0.453293, 0.48638, -0.0156758, 0.542604, 0.996195, -3.71201e-12, -0.0871557, -4.46982e-12, -1, -8.49977e-12, -0.0871557, 8.857e-12, -0.996195, 0
6.82, 2025-07-03__01-13-36.694927, -0.0721424, -0.250259, 0.0484658, -1.64539, -0.0263636, 1.28159, 0.711955, -0.000498857, -0.00143765, 0.00086191, 0.00206164, 5.65592e-05, -5.48703e-05, 0.0011808, -0.145561, -0.337019, -0.513821, -0.557615, 0.377276, -0.120041, -0.551917, 0, 0, 0, 8, 0, 0, 0, 0.413141, -0.0183968, 0.453295, 0.48638, -0.0156758, 0.542604, 0.996195, -3.71201e-12, -0.0871557, -4.46982e-12, -1, -8.49977e-12, -0.0871557, 8.857e-12, -0.996195, 0
6.83, 2025-07-03__01-13-36.704928, -0.0721377, -0.25026, 0.0484552, -1.6454, -0.0263629, 1.28158, 0.711946, 0.000941095, -0.000481164, -0.00202245, -0.000706127, 0.000188465, -0.000896086, -0.0012715, -0.108331, -0.453996, -0.465787, -0.472594, 0.381919, -0.107185, -0.536712, 0, 0, 0, 8, 0, 0, 0, 0.413141, -0.0183969, 0.453297, 0.48638, -0.0156758, 0.542604, 0.996195, -3.71201e-12, -0.0871557, -4.46982e-12, -1, -8.49977e-12, -0.0871557, 8.857e-12, -0.996195, 0
6.84, 2025-07-03__01-13-36.714927, -0.0721448, -0.250267, 0.0484584, -1.6454, -0.0263582, 1.28158, 0.711948, -0.000431221, -0.00146005, -0.0011291, 0.00172795, 0.000337103, -0.00180698, -0.000653863, -0.105293, -0.34905, -0.462333, -0.546217, 0.379984, -0.106202, -0.540601, 0, 0, 0, 8, 0, 0, 0, 0.413136, -0.0183942, 0.453299, 0.48638, -0.0156758, 0.542604, 0.996195, -3.71201e-12, -0.0871557, -4.46982e-12, -1, -8.49977e-12, -0.0871557, 8.857e-12, -0.996195, 0
6.85, 2025-07-03__01-13-36.724926, -0.0721455, -0.250267, 0.0484626, -1.6454, -0.0263546, 1.28157, 0.711948, 0.000288453, 0.000756924, 0.00022329, -0.00101551, 0.000516572, 2.35384e-05, 0.00139572, -0.141058, -0.517772, -0.509499, -0.440171, 0.376052, -0.111929, -0.552717, 0, 0, 0, 8, 0, 0, 0, 0.413136, -0.018398, 0.453301, 0.48638, -0.0156758, 0.542604, 0.996195, -3.71201e-12, -0.0871557, -4.46982e-12, -1, -8.49977e-12, -0.0871557, 8.857e-12, -0.996195, 0
6.86, 2025-07-03__01-13-36.734929, -0.0721457, -0.250279, 0.0484633, -1.6454, -0.0263541, 1.28157, 0.711945, -0.00192602, -0.000922631, 0.00015437, 0.000859928, 2.15909e-05, -5.06017e-05, -0.00372486, -0.104935, -0.39091, -0.464754, -0.5198, 0.382567, -0.116054, -0.521705, 0, 0, 0, 8, 0, 0, 0, 0.413131, -0.0183941, 0.453304, 0.48638, -0.0156758, 0.542604, 0.996195, -3.71201e-12, -0.0871557, -4.46982e-12, -1, -8.49977e-12, -0.0871557, 8.857e-12, -0.996195, 0
6.87, 2025-07-03__01-13-36.744927, -0.0721483, -0.25028, 0.0484631, -1.6454, -0.0263536, 1.28156, 0.711937, -0.00129163, -0.000794513, -6.99644e-05, 0.000373027, -8.88559e-05, 0.000129383, -0.000941108, -0.110123, -0.409057, -0.470783, -0.506105, 0.382762, -0.115724, -0.538156, 0, 0, 0, 8, 0, 0, 0, 0.413128, -0.018391, 0.453304, 0.48638, -0.0156758, 0.542604, 0.996195, -3.71201e-12, -0.0871557, -4.46982e-12, -1, -8.49977e-12, -0.0871557, 8.857e-12, -0.996195, 0
6.88, 2025-07-03__01-13-36.754927, -0.0721487, -0.250285, 0.0484606, -1.6454, -0.0263486, 1.28155, 0.711938, -0.000433732, -0.00129275, -0.000524418, 0.00024287, 0.000377457, -0.000207653, 0.000409456, -0.116615, -0.386069, -0.477433, -0.514457, 0.378548, -0.112952, -0.546345, 0, 0, 0, 8, 0, 0, 0, 0.413124, -0.0183936, 0.453304, 0.48638, -0.0156758, 0.542604, 0.996195, -3.71201e-12, -0.0871557, -4.46982e-12, -1, -8.49977e-12, -0.0871557, 8.857e-12, -0.996195, 0
6.89, 2025-07-03__01-13-36.764927, -0.0721508, -0.250286, 0.0484637, -1.6454, -0.0263461, 1.28154, 0.711937, 0.00015557, 0.000524256, 0.00129627, 0.000671242, 0.000110185, -0.000542625, 0.000966169, -0.160064, -0.464198, -0.533142, -0.481391, 0.375423, -0.109867, -0.549416, 0, 0, 0, 8, 0, 0, 0, 0.413119, -0.0183934, 0.453307, 0.48638, -0.0156758, 0.542604, 0.996195, -3.71201e-12, -0.0871557, -4.46982e-12, -1, -8.49977e-12, -0.0871557, 8.857e-12, -0.996195, 0
6.9, 2025-07-03__01-13-36.774926, -0.0721518, -0.250289, 0.0484584, -1.6454, -0.0263473, 1.28154, 0.711932, -0.000420489, -0.000598411, -0.0014817, -4.86717e-05, 0.000480128, 0.000281391, -2.54151e-05, -0.0957165, -0.428004, -0.451263, -0.493585, 0.380583, -0.114727, -0.543514, 0, 0, 0, 8, 0, 0, 0, 0.413119, -0.0183933, 0.453307, 0.48638, -0.0156758, 0.542604, 0.996195, -3.71201e-12, -0.0871557, -4.46982e-12, -1, -8.49977e-12, -0.0871557, 8.857e-12, -0.996195, 0
6.91, 2025-07-03__01-13-36.784926, -0.0721544, -0.250289, 0.0484651, -1.6454, -0.0263452, 1.28153, 0.711932, -0.00159995, 1.0755e-05, 0.000730554, -0.000160281, -0.000101915, -0.000389193, -4.46751e-05, -0.118719, -0.461734, -0.483035, -0.474568, 0.381785, -0.108934, -0.543153, 0, 0, 0, 8, 0, 0, 0, 0.413116, -0.0183916, 0.453307, 0.48638, -0.0156758, 0.542604, 0.996195, -3.71201e-12, -0.0871557, -4.46982e-12, -1, -8.49977e-12, -0.0871557, 8.857e-12, -0.996195, 0
6.92, 2025-07-03__01-13-36.794926, -0.0721512, -0.25029, 0.0484631, -1.6454, -0.0263448, 1.28152, 0.711925, -0.000207385, 0.00108853, -0.000219254, -0.000348697, -4.99141e-05, -0.000117868, -0.00109313, -0.121466, -0.519829, -0.485117, -0.446408, 0.381515, -0.109138, -0.536381, 0, 0, 0, 8, 0, 0, 0, 0.413112, -0.0183914, 0.453308, 0.48638, -0.0156758, 0.542604, 0.996195, -3.71201e-12, -0.0871557, -4.46982e-12, -1, -8.49977e-12, -0.0871557, 8.857e-12, -0.996195, 0
6.93, 2025-07-03__01-13-36.804929, -0.0721494, -0.250298, 0.0484626, -1.6454, -0.0263394, 1.28151, 0.71193, 0.000290015, -0.00190216, -0.000197681, -0.000940026, 0.00019951, -0.000500467, 0.00164257, -0.135685, -0.382344, -0.500816, -0.501237, 0.377175, -0.106831, -0.553126, 0, 0, 0, 8, 0, 0, 0, 0.413112, -0.0183901, 0.453308, 0.48638, -0.0156758, 0.542604, 0.996195, -3.71201e-12, -0.0871557, -4.46982e-12, -1, -8.49977e-12, -0.0871557, 8.857e-12, -0.996195, 0
6.94, 2025-07-03__01-13-36.814929, -0.0721556, -0.250299, 0.048463, -1.6454, -0.0263383, 1.28151, 0.711926, -0.00132624, -0.00060262, -0.000711082, -0.00127497, 0.000316855, -5.65881e-05, -0.000217471, -0.0951158, -0.456685, -0.452356, -0.465694, 0.381741, -0.108363, -0.541833, 0, 0, 0, 8, 0, 0, 0, 0.413108, -0.01839, 0.453308, 0.48638, -0.0156758, 0.542604, 0.996195, -3.71201e-12, -0.0871557, -4.46982e-12, -1, -8.49977e-12, -0.0871557, 8.857e-12, -0.996195, 0
6.95, 2025-07-03__01-13-36.824928, -0.0721529, -0.250302, 0.0484578, -1.6454, -0.0263397, 1.2815, 0.711923, -0.000626747, -0.00197917, -0.00157186, 0.000101004, -0.00131369, -0.00121963, -0.000221417, -0.088552, -0.359885, -0.441869, -0.523224, 0.391974, -0.103111, -0.541718, 0, 0, 0, 8, 0, 0, 0, 0.413104, -0.0183924, 0.453309, 0.48638, -0.0156758, 0.542604, 0.996195, -3.71201e-12, -0.0871557, -4.46982e-12, -1, -8.49977e-12, -0.0871557, 8.857e-12, -0.996195, 0
6.96, 2025-07-03__01-13-36.834928, -0.0721495, -0.250302, 0.0484582, -1.6454, -0.0263345, 1.28149, 0.71192, 0.00142869, -0.000722673, -0.000309789, -0.000931021, 0.000121516, -0.00142933, -0.000357418, -0.149829, -0.440913, -0.517875, -0.472558, 0.376132, -0.0984982, -0.540377, 0, 0, 0, 8, 0, 0, 0, 0.413102, -0.0183903, 0.453313, 0.48638, -0.0156758, 0.542604, 0.996195, -3.71201e-12, -0.0871557, -4.46982e-12, -1, -8.49977e-12, -0.0871557, 8.857e-12, -0.996195, 0
6.97, 2025-07-03__01-13-36.844928, -0.0721579, -0.2503, 0.0484581, -1.6454, -0.0263349, 1.28148, 0.711916, -0.00118224, 0.000307616, -0.000886531, -0.00144293, -9.88004e-05, -0.000572287, -0.000780616, -0.0902992, -0.511675, -0.446794, -0.437624, 0.385064, -0.101849, -0.537898, 0, 0, 0, 8, 0, 0, 0, 0.413098, -0.0183894, 0.453315, 0.48638, -0.0156758, 0.542604, 0.996195, -3.71201e-12, -0.0871557, -4.46982e-12, -1, -8.49977e-12, -0.0871557, 8.857e-12, -0.996195, 0
6.98, 2025-07-03__01-13-36.854927, -0.0721589, -0.250308, 0.0484632, -1.6454, -0.0263306, 1.28148, 0.711912, -0.00110901, -0.00103742, 0.000719763, 0.000140044, -0.000123074, -6.23262e-05, -0.000773663, -0.127552, -0.402524, -0.492635, -0.504479, 0.379862, -0.109484, -0.537553, 0, 0, 0, 8, 0, 0, 0, 0.413096, -0.01839, 0.453311, 0.48638, -0.0156758, 0.542604, 0.996195, -3.71201e-12, -0.0871557, -4.46982e-12, -1, -8.49977e-12, -0.0871557, 8.857e-12, -0.996195, 0
6.99, 2025-07-03__01-13-36.864927, -0.0721583, -0.250309, 0.0484605, -1.6454, -0.0263313, 1.28147, 0.711917, -0.000557265, 0.00050185, -0.000239875, -0.000982622, -8.63378e-05, -0.000588717, 0.00578166, -0.113763, -0.505908, -0.475779, -0.444574, 0.381762, -0.102311, -0.577568, 0, 0, 0, 8, 0, 0, 0, 0.413092, -0.0183907, 0.453312, 0.48638, -0.0156758, 0.542604, 0.996195, -3.71201e-12, -0.0871557, -4.46982e-12, -1, -8.49977e-12, -0.0871557, 8.857e-12, -0.996195, 0
7, 2025-07-03__01-13-36.874927, -0.0721611, -0.250317, 0.0484633, -1.6454, -0.0263301, 1.28145, 0.711907, -0.00182057, -0.00199594, 0.000698287, 0.00140218, 9.07336e-05, -0.0019525, -0.00112668, -0.117067, -0.33033, -0.479168, -0.548452, 0.37895, -0.0974605, -0.535203, 0, 0, 0, 8, 0, 0, 0, 0.413087, -0.0183908, 0.453316, 0.48638, -0.0156758, 0.542604, 0.996195, -3.71201e-12, -0.0871557, -4.46982e-12, -1, -8.49977e-12, -0.0871557, 8.857e-12, -0.996195, 0
7.01, 2025-07-03__01-13-36.884927, -0.0721589, -0.250311, 0.0484658, -1.6454, -0.0263292, 1.28145, 0.711905, 1.29736e-05, 0.00116573, 0.00114142, 0.00078679, 0.000918031, 1.56352e-05, -0.000166528, -0.153876, -0.497913, -0.52547, -0.467406, 0.370503, -0.107975, -0.54069, 0, 0, 0, 8, 0, 0, 0, 0.413085, -0.0183903, 0.453311, 0.48638, -0.0156758, 0.542604, 0.996195, -3.71201e-12, -0.0871557, -4.46982e-12, -1, -8.49977e-12, -0.0871557, 8.857e-12, -0.996195, 0
7.02, 2025-07-03__01-13-36.894927, -0.0721615, -0.250315, 0.0484633, -1.6454, -0.026329, 1.28144, 0.711899, -0.000242458, -0.00169003, -0.000291201, -9.10582e-05, 0.000297692, 0.000247444, -0.00104743, -0.12333, -0.379523, -0.485566, -0.512648, 0.377456, -0.108943, -0.53522, 0, 0, 0, 8, 0, 0, 0, 0.41308, -0.0183891, 0.453314, 0.48638, -0.0156758, 0.542604, 0.996195, -3.71201e-12, -0.0871557, -4.46982e-12, -1, -8.49977e-12, -0.0871557, 8.857e-12, -0.996195, 0
7.03, 2025-07-03__01-13-36.904928, -0.0721615, -0.250315, 0.0484633, -1.6454, -0.026326, 1.28143, 0.711897, -0.000471519, 0.000360446, 0.000307374, 0.000979298, -6.55228e-05, 0.000212557, -0.0012056, -0.127404, -0.458525, -0.492019, -0.488229, 0.379436, -0.108784, -0.534076, 0, 0, 0, 8, 0, 0, 0, 0.413077, -0.0183898, 0.453312, 0.48638, -0.0156758, 0.542604, 0.996195, -3.71201e-12, -0.0871557, -4.46982e-12, -1, -8.49977e-12, -0.0871557, 8.857e-12, -0.996195, 0
7.04, 2025-07-03__01-13-36.914927, -0.0721643, -0.250316, 0.0484633, -1.6454, -0.0263246, 1.28142, 0.711901, -0.00128847, 0.000252439, 9.64208e-05, 0.00044481, 0.000189952, -0.0037988, 0.000754598, -0.108947, -0.470216, -0.469891, -0.471128, 0.379812, -0.0795114, -0.546158, 0, 0, 0, 8, 0, 0, 0, 0.413073, -0.0183889, 0.453313, 0.48638, -0.0156758, 0.542604, 0.996195, -3.71201e-12, -0.0871557, -4.46982e-12, -1, -8.49977e-12, -0.0871557, 8.857e-12, -0.996195, 0
7.05, 2025-07-03__01-13-36.924927, -0.0721593, -0.250321, 0.0484633, -1.64539, -0.0263253, 1.28142, 0.711898, 0.00161093, 0.000227025, 0.000754442, 0.00180307, -0.000163918, -0.000372599, 0.0009063, -0.172435, -0.424815, -0.545978, -0.511306, 0.374275, -0.1066, -0.546739, 0, 0, 0, 8, 0, 0, 0, 0.413073, -0.0183898, 0.453315, 0.48638, -0.0156758, 0.542604, 0.996195, -3.71201e-12, -0.0871557, -4.46982e-12, -1, -8.49977e-12, -0.0871557, 8.857e-12, -0.996195, 0
7.06, 2025-07-03__01-13-36.934928, -0.0721622, -0.250322, 0.0484658, -1.6454, -0.0263253, 1.28141, 0.711893, 0.000523139, 0.00174043, 0.00121147, 0.00126835, -0.000336109, -0.000698553, -0.000796723, -0.160031, -0.518067, -0.533048, -0.461526, 0.377562, -0.101205, -0.536142, 0, 0, 0, 8, 0, 0, 0, 0.413068, -0.0183905, 0.453318, 0.48638, -0.0156758, 0.542604, 0.996195, -3.71201e-12, -0.0871557, -4.46982e-12, -1, -8.49977e-12, -0.0871557, 8.857e-12, -0.996195, 0
7.07, 2025-07-03__01-13-36.944927, -0.0721647, -0.250328, 0.0484633, -1.6454, -0.026321, 1.28141, 0.711897, -0.000725225, -0.000817111, -0.000117211, -0.000709454, -7.44207e-05, 0.000446009, 5.69377e-05, -0.115493, -0.436559, -0.477183, -0.47986, 0.380776, -0.106997, -0.541721, 0, 0, 0, 8, 0, 0, 0, 0.41307, -0.0183876, 0.453321, 0.48638, -0.0156758, 0.542604, 0.996195, -3.71201e-12, -0.0871557, -4.46982e-12, -1, -8.49977e-12, -0.0871557, 8.857e-12, -0.996195, 0
7.08, 2025-07-03__01-13-36.954927, -0.0721678, -0.250333, 0.0484633, -1.6454, -0.0263209, 1.2814, 0.711889, -0.00037492, -0.000578183, 0.00057485, -4.41281e-05, 0.000104419, -0.000260556, -0.00102825, -0.135403, -0.431676, -0.501924, -0.487618, 0.377187, -0.102712, -0.534701, 0, 0, 0, 8, 0, 0, 0, 0.413064, -0.0183924, 0.453318, 0.48638, -0.0156758, 0.542604, 0.996195, -3.71201e-12, -0.0871557, -4.46982e-12, -1, -8.49977e-12, -0.0871557, 8.857e-12, -0.996195, 0
7.09, 2025-07-03__01-13-36.964927, -0.0721704, -0.250333, 0.0484603, -1.6454, -0.0263201, 1.28139, 0.711893, -0.000928357, -0.000747328, -0.000249724, -0.000252028, -1.18332e-05, -0.00099557, 0.000338592, -0.108259, -0.432744, -0.468203, -0.484432, 0.380934, -0.0965903, -0.54335, 0, 0, 0, 8, 0, 0, 0, 0.413064, -0.0183917, 0.453318, 0.48638, -0.0156758, 0.542604, 0.996195, -3.71201e-12, -0.0871557, -4.46982e-12, -1, -8.49977e-12, -0.0871557, 8.857e-12, -0.996195, 0
7.1, 2025-07-03__01-13-36.974927, -0.0721654, -0.250337, 0.0484627, -1.6454, -0.0263199, 1.28139, 0.71189, 0.00105378, -0.00091546, 0.0050482, 0.00070185, 0.00540105, 0.000237263, 0.00268701, -0.262115, -0.385442, -0.659853, -0.514203, 0.328254, -0.107491, -0.557017, 0, 0, 0, 8, 0, 0, 0, 0.413061, -0.0183894, 0.453317, 0.48638, -0.0156758, 0.542604, 0.996195, -3.71201e-12, -0.0871557, -4.46982e-12, -1, -8.49977e-12, -0.0871557, 8.857e-12, -0.996195, 0
7.11, 2025-07-03__01-13-36.984927, -0.0721657, -0.25034, 0.0484596, -1.6454, -0.0263192, 1.28139, 0.711886, 0.00188437, -0.000877265, -0.000179991, 0.000116576, 0.000418831, -0.000861341, 0.00016336, -0.159405, -0.409094, -0.528828, -0.498157, 0.372003, -0.0986844, -0.541709, 0, 0, 0, 8, 0, 0, 0, 0.41306, -0.0183912, 0.453319, 0.48638, -0.0156758, 0.542604, 0.996195, -3.71201e-12, -0.0871557, -4.46982e-12, -1, -8.49977e-12, -0.0871557, 8.857e-12, -0.996195, 0
7.12, 2025-07-03__01-13-36.994927, -0.0721717, -0.250338, 0.0484656, -1.6454, -0.0263187, 1.28139, 0.711882, 0.00032628, 0.000234974, 0.00067342, 0.00109378, 0.000162896, 0.000178319, -0.00138829, -0.148319, -0.443854, -0.517381, -0.495043, 0.375095, -0.106864, -0.532117, 0, 0, 0, 8, 0, 0, 0, 0.413057, -0.0183887, 0.453319, 0.48638, -0.0156758, 0.542604, 0.996195, -3.71201e-12, -0.0871557, -4.46982e-12, -1, -8.49977e-12, -0.0871557, 8.857e-12, -0.996195, 0
7.13, 2025-07-03__01-13-37.004928, -0.0721727, -0.250341, 0.0484658, -1.6454, -0.0263179, 1.28138, 0.711882, 0.000752091, -0.000324374, 0.001977, -0.000139856, -0.000437035, -0.00025682, -0.000453495, -0.18123, -0.442304, -0.559162, -0.479742, 0.375213, -0.101473, -0.537632, 0, 0, 0, 8, 0, 0, 0, 0.413056, -0.018395, 0.453319, 0.48638, -0.0156758, 0.542604, 0.996195, -3.71201e-12, -0.0871557, -4.46982e-12, -1, -8.49977e-12, -0.0871557, 8.857e-12, -0.996195, 0
7.14, 2025-07-03__01-13-37.014927, -0.072175, -0.250341, 0.048463, -1.6454, -0.0263171, 1.28137, 0.711887, 7.80505e-05, -0.00024943, 0.000285817, 0.000662451, -0.000142131, -0.00032397, 0.00150564, -0.135198, -0.433733, -0.501136, -0.494148, 0.378251, -0.101597, -0.549989, 0, 0, 0, 8, 0, 0, 0, 0.413056, -0.0183911, 0.453322, 0.48638, -0.0156758, 0.542604, 0.996195, -3.71201e-12, -0.0871557, -4.46982e-12, -1, -8.49977e-12, -0.0871557, 8.857e-12, -0.996195, 0
7.15, 2025-07-03__01-13-37.024927, -0.072175, -0.250342, 0.048468, -1.6454, -0.026315, 1.28137, 0.71188, 0.000117848, 0.00124177, 0.00705862, -0.000230001, -8.47884e-05, 9.97051e-05, -0.00114495, -0.271522, -0.515929, -0.676458, -0.442121, 0.362919, -0.102467, -0.532965, 0, 0, 0, 8, 0, 0, 0, 0.413054, -0.0183899, 0.453325, 0.48638, -0.0156758, 0.542604, 0.996195, -3.71201e-12, -0.0871557, -4.46982e-12, -1, -8.49977e-12, -0.0871557, 8.857e-12, -0.996195, 0
7.16, 2025-07-03__01-13-37.034930, -0.0721813, -0.250355, 0.0484577, -1.6454, -0.0263189, 1.28136, 0.711883, -0.00101796, -0.00236442, -0.000737157, -0.000184557, -0.000218253, -0.00328083, 0.000860581, -0.0977257, -0.348829, -0.454025, -0.5198, 0.382744, -0.0805222, -0.546185, 0, 0, 0, 8, 0, 0, 0, 0.413048, -0.0183927, 0.453323, 0.48638, -0.0156758, 0.542604, 0.996195, -3.71201e-12, -0.0871557, -4.46982e-12, -1, -8.49977e-12, -0.0871557, 8.857e-12, -0.996195, 0
7.17, 2025-07-03__01-13-37.044927, -0.072181, -0.250347, 0.0484598, -1.6454, -0.0263157, 1.28136, 0.711882, 0.000523077, 0.00166048, -0.000619644, -0.00119588, 1.17438e-05, 8.97534e-06, 0.000186248, -0.119883, -0.569326, -0.482927, -0.41269, 0.38015, -0.0987679, -0.541842, 0, 0, 0, 8, 0, 0, 0, 0.413047, -0.0183943, 0.453325, 0.48638, -0.0156758, 0.542604, 0.996195, -3.71201e-12, -0.0871557, -4.46982e-12, -1, -8.49977e-12, -0.0871557, 8.857e-12, -0.996195, 0
7.18, 2025-07-03__01-13-37.054927, -0.0721836, -0.250356, 0.0484631, -1.6454, -0.026315, 1.28136, 0.711877, 4.21217e-05, -0.000512039, 0.000237786, 0.000970931, 0.000199792, 0.000245533, 0.000504117, -0.134215, -0.408348, -0.499551, -0.510081, 0.375974, -0.106015, -0.54354, 0, 0, 0, 8, 0, 0, 0, 0.413047, -0.0183933, 0.453326, 0.48638, -0.0156758, 0.542604, 0.996195, -3.71201e-12, -0.0871557, -4.46982e-12, -1, -8.49977e-12, -0.0871557, 8.857e-12, -0.996195, 0
7.19, 2025-07-03__01-13-37.064927, -0.0721814, -0.250356, 0.0484573, -1.6454, -0.0263144, 1.28135, 0.711874, -4.25689e-05, -0.000543819, -0.00170669, -0.000310279, 0.000945814, 0.000216296, -0.000246142, -0.0938786, -0.44017, -0.44843, -0.482738, 0.376327, -0.10257, -0.539032, 0, 0, 0, 8, 0, 0, 0, 0.413044, -0.0183916, 0.453325, 0.48638, -0.0156758, 0.542604, 0.996195, -3.71201e-12, -0.0871557, -4.46982e-12, -1, -8.49977e-12, -0.0871557, 8.857e-12, -0.996195, 0
7.2, 2025-07-03__01-13-37.074927, -0.072187, -0.250362, 0.0484584, -1.6454, -0.0263149, 1.28135, 0.711875, -0.000201731, -0.000718892, -0.000769662, -0.000806397, -6.77789e-05, -0.000148054, 0.000261892, -0.107917, -0.439348, -0.467064, -0.476217, 0.381211, -0.099561, -0.54215, 0, 0, 0, 8, 0, 0, 0, 0.413043, -0.0183945, 0.453327, 0.48638, -0.0156758, 0.542604, 0.996195, -3.71201e-12, -0.0871557, -4.46982e-12, -1, -8.49977e-12, -0.0871557, 8.857e-12, -0.996195, 0
7.21, 2025-07-03__01-13-37.084927, -0.072192, -0.250365, 0.0484573, -1.6454, -0.0263153, 1.28134, 0.711873, -0.00154719, -0.000251355, -0.0032715, -4.11416e-05, -0.000251296, -0.000117506, 0.000776407, -0.0324971, -0.452276, -0.372805, -0.481498, 0.391049, -0.10004, -0.545522, 0, 0, 0, 8, 0, 0, 0, 0.413039, -0.0183926, 0.453328, 0.48638, -0.0156758, 0.542604, 0.996195, -3.71201e-12, -0.0871557, -4.46982e-12, -1, -8.49977e-12, -0.0871557, 8.857e-12, -0.996195, 0
7.22, 2025-07-03__01-13-37.094927, -0.0721892, -0.250364, 0.0484581, -1.6454, -0.0263116, 1.28134, 0.711872, 0.000386613, 0.00167708, -0.00134965, -5.47313e-05, -0.00010438, -8.59622e-06, 0.00109069, -0.101677, -0.541851, -0.459436, -0.438424, 0.382406, -0.0998534, -0.546988, 0, 0, 0, 8, 0, 0, 0, 0.413039, -0.0183943, 0.45333, 0.48638, -0.0156758, 0.542604, 0.996195, -3.71201e-12, -0.0871557, -4.46982e-12, -1, -8.49977e-12, -0.0871557, 8.857e-12, -0.996195, 0
7.23, 2025-07-03__01-13-37.104928, -0.0721876, -0.250366, 0.0484634, -1.6454, -0.0263109, 1.28133, 0.711871, 0.000885459, 0.000574125, 0.000241744, 0.000229719, -0.000203636, -0.000949178, -0.000238549, -0.145168, -0.479173, -0.513442, -0.466867, 0.377547, -0.0940357, -0.538593, 0, 0, 0, 8, 0, 0, 0, 0.413035, -0.0183947, 0.45333, 0.48638, -0.0156758, 0.542604, 0.996195, -3.71201e-12, -0.0871557, -4.46982e-12, -1, -8.49977e-12, -0.0871557, 8.857e-12, -0.996195, 0
7.24, 2025-07-03__01-13-37.114927, -0.0721849, -0.250362, 0.0484634, -1.6454, -0.0263115, 1.28133, 0.711868, 0.00107339, 0.00180338, 0.000229627, -0.00137583, -0.000511534, 0.000220275, 0.000330117, -0.145204, -0.577055, -0.514683, -0.406096, 0.38049, -0.0983097, -0.541811, 0, 0, 0, 8, 0, 0, 0, 0.413035, -0.018394, 0.453329, 0.48638, -0.0156758, 0.542604, 0.996195, -3.71201e-12, -0.0871557, -4.46982e-12, -1, -8.49977e-12, -0.0871557, 8.857e-12, -0.996195, 0
7.25, 2025-07-03__01-13-37.124927, -0.0721877, -0.250373, 0.0484633, -1.6454, -0.0263102, 1.28132, 0.711866, 0.000451252, -0.00165458, -0.000247487, -0.00224067, 1.7108e-05, 0.000203775, 0.00037853, -0.131517, -0.423232, -0.496153, -0.466827, 0.377946, -0.0982253, -0.542151, 0, 0, 0, 8, 0, 0, 0, 0.413036, -0.0183938, 0.453335, 0.48638, -0.0156758, 0.542604, 0.996195, -3.71201e-12, -0.0871557, -4.46982e-12, -1, -8.49977e-12, -0.0871557, 8.857e-12, -0.996195, 0
7.26, 2025-07-03__01-13-37.134931, -0.0721924, -0.250368, 0.0484613, -1.6454, -0.0263102, 1.28132, 0.711868, -0.000614424, 0.00153486, -0.000347042, 7.30356e-05, 0.000182335, -0.000138016, 0.00140754, -0.105805, -0.534173, -0.46604, -0.442601, 0.379989, -0.0980227, -0.548655, 0, 0, 0, 8, 0, 0, 0, 0.413031, -0.0183945, 0.45333, 0.48638, -0.0156758, 0.542604, 0.996195, -3.71201e-12, -0.0871557, -4.46982e-12, -1, -8.49977e-12, -0.0871557, 8.857e-12, -0.996195, 0
7.27, 2025-07-03__01-13-37.144927, -0.0721932, -0.250376, 0.0484634, -1.6454, -0.0263046, 1.28132, 0.711867, -0.000336887, -0.000142406, -0.000309847, -0.00114473, 0.000331682, -0.000198404, -0.000909078, -0.114443, -0.473655, -0.475969, -0.45617, 0.377756, -0.0965956, -0.53443, 0, 0, 0, 8, 0, 0, 0, 0.41303, -0.0183908, 0.453333, 0.48638, -0.0156758, 0.542604, 0.996195, -3.71201e-12, -0.0871557, -4.46982e-12, -1, -8.49977e-12, -0.0871557, 8.857e-12, -0.996195, 0
7.28, 2025-07-03__01-13-37.154928, -0.0721902, -0.250375, 0.0484613, -1.6454, -0.0263058, 1.28131, 0.711862, 0.000444257, -7.64076e-05, -0.000748534, -0.000476483, -3.37054e-05, -0.000241175, -0.000975706, -0.118194, -0.463876, -0.479395, -0.467783, 0.3795, -0.0967703, -0.533767, 0, 0, 0, 8, 0, 0, 0, 0.413029, -0.018393, 0.453334, 0.48638, -0.0156758, 0.542604, 0.996195, -3.71201e-12, -0.0871557, -4.46982e-12, -1, -8.49977e-12, -0.0871557, 8.857e-12, -0.996195, 0
7.29, 2025-07-03__01-13-37.164927, -0.0721907, -0.250384, 0.0484716, -1.6454, -0.02631, 1.28131, 0.711863, -9.81392e-05, -0.00154918, 0.00190501, -0.00142168, -6.18274e-05, 0.000151852, -0.000932721, -0.166814, -0.404447, -0.541779, -0.482901, 0.374221, -0.0990957, -0.533853, 0, 0, 0, 8, 0, 0, 0, 0.413027, -0.0183944, 0.453333, 0.48638, -0.0156758, 0.542604, 0.996195, -3.71201e-12, -0.0871557, -4.46982e-12, -1, -8.49977e-12, -0.0871557, 8.857e-12, -0.996195, 0
7.3, 2025-07-03__01-13-37.174926, -0.0721955, -0.250385, 0.0484666, -1.6454, -0.0263061, 1.2813, 0.711863, -0.00744236, -0.000473891, 0.000986011, -0.000677498, -0.000115589, -0.000456888, 0.00046601, -0.0196191, -0.456933, -0.365087, -0.470842, 0.391816, -0.0944717, -0.542905, 0, 0, 0, 8, 0, 0, 0, 0.413024, -0.0183915, 0.453339, 0.48638, -0.0156758, 0.542604, 0.996195, -3.71201e-12, -0.0871557, -4.46982e-12, -1, -8.49977e-12, -0.0871557, 8.857e-12, -0.996195, 0
7.31, 2025-07-03__01-13-37.184926, -0.0721882, -0.250382, 0.0484635, -1.6454, -0.0263054, 1.2813, 0.711863, -0.000142981, -0.00175939, -0.000216342, -0.000883856, 0.000137891, 0.000179485, 0.00119272, -0.122601, -0.388259, -0.484938, -0.497966, 0.377506, -0.0994992, -0.546911, 0, 0, 0, 8, 0, 0, 0, 0.413022, -0.0183932, 0.453336, 0.48638, -0.0156758, 0.542604, 0.996195, -3.71201e-12, -0.0871557, -4.46982e-12, -1, -8.49977e-12, -0.0871557, 8.857e-12, -0.996195, 0
7.32, 2025-07-03__01-13-37.194926, -0.0721909, -0.250391, 0.0484664, -1.6454, -0.0263061, 1.2813, 0.711857, 0.00112585, -0.00162164, 0.000119286, -0.0014737, -0.000106795, -6.33003e-05, -0.00152521, -0.150644, -0.401547, -0.519209, -0.483996, 0.376131, -0.0970284, -0.53002, 0, 0, 0, 8, 0, 0, 0, 0.413024, -0.0183944, 0.453339, 0.48638, -0.0156758, 0.542604, 0.996195, -3.71201e-12, -0.0871557, -4.46982e-12, -1, -8.49977e-12, -0.0871557, 8.857e-12, -0.996195, 0
7.33, 2025-07-03__01-13-37.204928, -0.0721963, -0.250388, 0.0484668, -1.6454, -0.0263062, 1.28129, 0.711856, 6.80553e-05, 0.000363913, 0.00123279, 0.000327726, 0.000443292, -2.82479e-05, -0.00154315, -0.152754, -0.462597, -0.523982, -0.476176, 0.372392, -0.0985841, -0.529936, 0, 0, 0, 8, 0, 0, 0, 0.413018, -0.0183914, 0.453337, 0.48638, -0.0156758, 0.542604, 0.996195, -3.71201e-12, -0.0871557, -4.46982e-12, -1, -8.49977e-12, -0.0871557, 8.857e-12, -0.996195, 0
7.34, 2025-07-03__01-13-37.214927, -0.0721966, -0.250388, 0.0484641, -1.6454, -0.0263037, 1.28129, 0.711859, -0.000542949, -0.000167205, 0.000538586, 2.11291e-05, 0.000247244, -0.000783672, 0.00116102, -0.12794, -0.445921, -0.493074, -0.479994, 0.376226, -0.0931092, -0.546552, 0, 0, 0, 8, 0, 0, 0, 0.413018, -0.0183926, 0.453336, 0.48638, -0.0156758, 0.542604, 0.996195, -3.71201e-12, -0.0871557, -4.46982e-12, -1, -8.49977e-12, -0.0871557, 8.857e-12, -0.996195, 0
7.35, 2025-07-03__01-13-37.224928, -0.0721995, -0.250394, 0.0484613, -1.64539, -0.0263032, 1.28129, 0.71186, -0.000118839, -0.00123761, -0.00136851, 0.00172813, 0.000280744, -4.06623e-05, 0.00167301, -0.0983593, -0.349818, -0.453204, -0.546258, 0.378466, -0.102638, -0.549971, 0, 0, 0, 8, 0, 0, 0, 0.413018, -0.0183882, 0.453336, 0.48638, -0.0156758, 0.542604, 0.996195, -3.71201e-12, -0.0871557, -4.46982e-12, -1, -8.49977e-12, -0.0871557, 8.857e-12, -0.996195, 0
7.36, 2025-07-03__01-13-37.234927, -0.0721977, -0.250392, 0.0484657, -1.6454, -0.0263017, 1.28128, 0.711858, -0.000206252, -0.00044526, 0.000172056, 0.000299397, -0.000108614, 1.13453e-05, -6.94843e-05, -0.126233, -0.425631, -0.490177, -0.493498, 0.378446, -0.0986736, -0.53901, 0, 0, 0, 8, 0, 0, 0, 0.413016, -0.0183953, 0.45334, 0.48638, -0.0156758, 0.542604, 0.996195, -3.71201e-12, -0.0871557, -4.46982e-12, -1, -8.49977e-12, -0.0871557, 8.857e-12, -0.996195, 0
7.37, 2025-07-03__01-13-37.244927, -0.0722019, -0.2504, 0.0484633, -1.6454, -0.0263, 1.28128, 0.711851, -0.0022884, -0.0026646, -0.000384901, -0.00224378, 0.00022055, 1.49484e-06, -0.0047486, -0.0828343, -0.373333, -0.437339, -0.490178, 0.38178, -0.0952155, -0.510521, 0, 0, 0, 8, 0, 0, 0, 0.413014, -0.0183898, 0.45334, 0.48638, -0.0156758, 0.542604, 0.996195, -3.71201e-12, -0.0871557, -4.46982e-12, -1, -8.49977e-12, -0.0871557, 8.857e-12, -0.996195, 0
7.38, 2025-07-03__01-13-37.254927, -0.0721998, -0.250394, 0.0484663, -1.6454, -0.0263024, 1.28128, 0.711858, -0.000297024, 0.000998148, 0.000179184, 0.00105108, -0.000283852, 0.000537833, 0.00070612, -0.122092, -0.479157, -0.48569, -0.478532, 0.380241, -0.10292, -0.543762, 0, 0, 0, 8, 0, 0, 0, 0.413014, -0.0183938, 0.453339, 0.48638, -0.0156758, 0.542604, 0.996195, -3.71201e-12, -0.0871557, -4.46982e-12, -1, -8.49977e-12, -0.0871557, 8.857e-12, -0.996195, 0
7.39, 2025-07-03__01-13-37.264927, -0.0722001, -0.250401, 0.0484665, -1.6454, -0.0263013, 1.28128, 0.711859, -0.00346448, -0.00144038, 0.000409196, 0.000145443, -0.000286481, 0.000274833, 0.0015266, -0.0767489, -0.380752, -0.431275, -0.514052, 0.385193, -0.10097, -0.548952, 0, 0, 0, 8, 0, 0, 0, 0.413014, -0.0183924, 0.453338, 0.48638, -0.0156758, 0.542604, 0.996195, -3.71201e-12, -0.0871557, -4.46982e-12, -1, -8.49977e-12, -0.0871557, 8.857e-12, -0.996195, 0
7.4, 2025-07-03__01-13-37.274927, -0.0721998, -0.250398, 0.0484638, -1.6454, -0.0263013, 1.28127, 0.711853, -0.000571687, 0.000527834, -0.00109274, -0.00139298, -0.000129285, -0.0001695, -0.00121929, -0.0917237, -0.51341, -0.447958, -0.435438, 0.38346, -0.093094, -0.531894, 0, 0, 0, 8, 0, 0, 0, 0.413016, -0.0183902, 0.453343, 0.48638, -0.0156758, 0.542604, 0.996195, -3.71201e-12, -0.0871557, -4.46982e-12, -1, -8.49977e-12, -0.0871557, 8.857e-12, -0.996195, 0
7.41, 2025-07-03__01-13-37.284927, -0.0721927, -0.250404, 0.0484628, -1.64541, -0.0263006, 1.28127, 0.711847, 0.00261324, 2.67825e-05, -0.000703194, -0.00278433, -6.58382e-05, 9.22171e-05, -0.00177271, -0.155225, -0.514403, -0.524448, -0.416925, 0.375927, -0.0925262, -0.527912, 0, 0, 0, 8, 0, 0, 0, 0.413009, -0.0183943, 0.453342, 0.48638, -0.0156758, 0.542604, 0.996195, -3.71201e-12, -0.0871557, -4.46982e-12, -1, -8.49977e-12, -0.0871557, 8.857e-12, -0.996195, 0
7.42, 2025-07-03__01-13-37.294927, -0.0722022, -0.250409, 0.0484612, -1.6454, -0.0263006, 1.28127, 0.711855, 0.000137391, -0.000492358, -0.0018124, -0.000974569, 5.38546e-05, -0.000250735, -0.00328868, -0.091128, -0.448239, -0.44524, -0.469867, 0.381882, -0.0942285, -0.519602, 0, 0, 0, 8, 0, 0, 0, 0.413009, -0.0183944, 0.453343, 0.48638, -0.0156758, 0.542604, 0.996195, -3.71201e-12, -0.0871557, -4.46982e-12, -1, -8.49977e-12, -0.0871557, 8.857e-12, -0.996195, 0
7.43, 2025-07-03__01-13-37.304928, -0.072203, -0.250405, 0.0484635, -1.6454, -0.0262963, 1.28126, 0.711851, -0.000267689, 0.00067184, -0.000459517, 6.20257e-05, -0.000149445, -0.000131361, -0.00318758, -0.109485, -0.484982, -0.469648, -0.463981, 0.380878, -0.0954992, -0.519814, 0, 0, 0, 8, 0, 0, 0, 0.413005, -0.0183933, 0.453342, 0.48638, -0.0156758, 0.542604, 0.996195, -3.71201e-12, -0.0871557, -4.46982e-12, -1, -8.49977e-12, -0.0871557, 8.857e-12, -0.996195, 0
7.44, 2025-07-03__01-13-37.314927, -0.072203, -0.250407, 0.0484612, -1.6454, -0.0262995, 1.28127, 0.71185, 0.00059596, 0.00092099, -0.00153878, -0.000591508, 0.000213104, -0.000243914, -0.00043665, -0.102177, -0.509199, -0.459376, -0.446143, 0.379739, -0.094187, -0.536552, 0, 0, 0, 8, 0, 0, 0, 0.413005, -0.0183934, 0.453343, 0.48638, -0.0156758, 0.542604, 0.996195, -3.71201e-12, -0.0871557, -4.46982e-12, -1, -8.49977e-12, -0.0871557, 8.857e-12, -0.996195, 0
7.45, 2025-07-03__01-13-37.324926, -0.0721977, -0.250416, 0.0484688, -1.6454, -0.0262977, 1.28126, 0.711846, 0.001097, -0.000877562, 0.0010905, -0.00122504, 0.000533823, -8.57833e-05, -0.00146002, -0.169453, -0.426527, -0.543445, -0.474341, 0.369623, -0.0949724, -0.52972, 0, 0, 0, 8, 0, 0, 0, 0.413005, -0.0183912, 0.453344, 0.48638, -0.0156758, 0.542604, 0.996195, -3.71201e-12, -0.0871557, -4.46982e-12, -1, -8.49977e-12, -0.0871557, 8.857e-12, -0.996195, 0
7.46, 2025-07-03__01-13-37.334930, -0.0722037, -0.250416, 0.048469, -1.6454, -0.0262954, 1.28126, 0.711851, 0.000288948, -6.28114e-05, 0.0011089, 0.00125116, 0.000246949, 6.33679e-05, 0.000364401, -0.153921, -0.412769, -0.524485, -0.50905, 0.372458, -0.100072, -0.541168, 0, 0, 0, 8, 0, 0, 0, 0.413004, -0.0183932, 0.453346, 0.48638, -0.0156758, 0.542604, 0.996195, -3.71201e-12, -0.0871557, -4.46982e-12, -1, -8.49977e-12, -0.0871557, 8.857e-12, -0.996195, 0
7.47, 2025-07-03__01-13-37.344927, -0.0722115, -0.250411, 0.0484688, -1.6454, -0.0262972, 1.28126, 0.71185, -0.00182633, 0.00145555, 0.00039734, 0.000694847, -1.59234e-05, 4.50743e-05, 0.000916945, -0.0991687, -0.50787, -0.459134, -0.461205, 0.381233, -0.0976909, -0.54473, 0, 0, 0, 8, 0, 0, 0, 0.413005, -0.0183918, 0.453344, 0.48638, -0.0156758, 0.542604, 0.996195, -3.71201e-12, -0.0871557, -4.46982e-12, -1, -8.49977e-12, -0.0871557, 8.857e-12, -0.996195, 0
7.48, 2025-07-03__01-13-37.354926, -0.072207, -0.250414, 0.0484663, -1.6454, -0.0262966, 1.28126, 0.711845, -0.00110812, 0.00081189, 0.000156087, 0.000419175, -0.00030774, -0.00222456, -0.00133977, -0.107142, -0.481374, -0.467879, -0.466339, 0.38206, -0.0820077, -0.530692, 0, 0, 0, 8, 0, 0, 0, 0.413001, -0.0183951, 0.453345, 0.48638, -0.0156758, 0.542604, 0.996195, -3.71201e-12, -0.0871557, -4.46982e-12, -1, -8.49977e-12, -0.0871557, 8.857e-12, -0.996195, 0
7.49, 2025-07-03__01-13-37.364927, -0.0722044, -0.250417, 0.0484665, -1.6454, -0.0262965, 1.28125, 0.711848, 0.00389463, 0.000156194, -0.00116499, -0.000339045, -0.000107549, 6.00115e-05, -2.49206e-06, -0.167268, -0.458529, -0.537139, -0.470181, 0.373569, -0.0963703, -0.538734, 0, 0, 0, 8, 0, 0, 0, 0.413001, -0.0183906, 0.453346, 0.48638, -0.0156758, 0.542604, 0.996195, -3.71201e-12, -0.0871557, -4.46982e-12, -1, -8.49977e-12, -0.0871557, 8.857e-12, -0.996195, 0
7.5, 2025-07-03__01-13-37.374927, -0.072209, -0.250418, 0.0484665, -1.6454, -0.0262966, 1.28125, 0.711843, -0.00327622, 0.00064914, -0.00105477, -0.000250042, -0.000257919, 1.60734e-05, 0.00060309, -0.0456448, -0.492695, -0.392727, -0.459151, 0.389174, -0.0955631, -0.542618, 0, 0, 0, 8, 0, 0, 0, 0.413, -0.0183899, 0.453347, 0.48638, -0.0156758, 0.542604, 0.996195, -3.71201e-12, -0.0871557, -4.46982e-12, -1, -8.49977e-12, -0.0871557, 8.857e-12, -0.996195, 0
7.51, 2025-07-03__01-13-37.384927, -0.0722094, -0.250423, 0.0484637, -1.6454, -0.0262957, 1.28125, 0.711842, -0.000504907, -0.003829, -0.000256598, 0.000840047, 0.000136875, -0.000294392, -0.00167306, -0.117712, -0.238271, -0.47725, -0.584379, 0.376471, -0.0983988, -0.528705, 0, 0, 0, 8, 0, 0, 0, 0.413, -0.0183945, 0.453346, 0.48638, -0.0156758, 0.542604, 0.996195, -3.71201e-12, -0.0871557, -4.46982e-12, -1, -8.49977e-12, -0.0871557, 8.857e-12, -0.996195, 0
7.52, 2025-07-03__01-13-37.394926, -0.0722122, -0.250423, 0.0484688, -1.6454, -0.0262951, 1.28125, 0.711842, -0.00369532, -0.000239398, 0.00118742, 3.15411e-05, -0.000262645, 0.000178018, -0.00197077, -0.0858122, -0.437144, -0.443967, -0.486214, 0.384242, -0.0979728, -0.526871, 0, 0, 0, 8, 0, 0, 0, 0.413, -0.0183928, 0.453348, 0.48638, -0.0156758, 0.542604, 0.996195, -3.71201e-12, -0.0871557, -4.46982e-12, -1, -8.49977e-12, -0.0871557, 8.857e-12, -0.996195, 0
7.53, 2025-07-03__01-13-37.404928, -0.0722124, -0.250424, 0.0484638, -1.6454, -0.0262938, 1.28124, 0.711843, -0.00130426, -9.06586e-06, 0.000215253, -0.000730916, 0.000350346, -0.000295698, 0.000600282, -0.106438, -0.464281, -0.467162, -0.46416, 0.377915, -0.0925931, -0.542487, 0, 0, 0, 8, 0, 0, 0, 0.413, -0.0183954, 0.453347, 0.48638, -0.0156758, 0.542604, 0.996195, -3.71201e-12, -0.0871557, -4.46982e-12, -1, -8.49977e-12, -0.0871557, 8.857e-12, -0.996195, 0
7.54, 2025-07-03__01-13-37.414927, -0.0722129, -0.250423, 0.0484665, -1.6454, -0.026291, 1.28124, 0.711846, 0.00157087, 0.00102423, 0.000405191, -0.00196048, -6.23512e-05, -0.000290685, 0.000735019, -0.156499, -0.538347, -0.528158, -0.415084, 0.375122, -0.0899337, -0.543139, 0, 0, 0, 8, 0, 0, 0, 0.412996, -0.0183933, 0.453348, 0.48638, -0.0156758, 0.542604, 0.996195, -3.71201e-12, -0.0871557, -4.46982e-12, -1, -8.49977e-12, -0.0871557, 8.857e-12, -0.996195, 0
7.55, 2025-07-03__01-13-37.424927, -0.0722094, -0.250424, 0.0484637, -1.6454, -0.0262942, 1.28124, 0.711844, 0.00031547, 0.000529063, -0.000744281, -0.000923535, -3.35168e-05, -8.12922e-05, 0.000378293, -0.113151, -0.493954, -0.473818, -0.448751, 0.379733, -0.0934474, -0.541091, 0, 0, 0, 8, 0, 0, 0, 0.412996, -0.0183916, 0.453349, 0.48638, -0.0156758, 0.542604, 0.996195, -3.71201e-12, -0.0871557, -4.46982e-12, -1, -8.49977e-12, -0.0871557, 8.857e-12, -0.996195, 0
7.56, 2025-07-03__01-13-37.434930, -0.0722126, -0.250429, 0.0484665, -1.6454, -0.0262921, 1.28124, 0.711839, -5.86423e-05, 0.000265406, 0.000835743, 0.00605505, -0.00019107, 0.00369476, -0.000947139, -0.141359, -0.317915, -0.507229, -0.611929, 0.375213, -0.132695, -0.532917, 0, 0, 0, 8, 0, 0, 0, 0.412996, -0.0183956, 0.453349, 0.48638, -0.0156758, 0.542604, 0.996195, -3.71201e-12, -0.0871557, -4.46982e-12, -1, -8.49977e-12, -0.0871557, 8.857e-12, -0.996195, 0
7.57, 2025-07-03__01-13-37.444927, -0.0722129, -0.250432, 0.0484614, -1.64539, -0.0262917, 1.28123, 0.711836, 0.000270031, -0.000624643, -0.000500461, 0.00392524, -0.00019768, -5.56991e-05, -0.000230045, -0.119822, -0.32257, -0.479549, -0.581698, 0.377984, -0.103325, -0.53716, 0, 0, 0, 8, 0, 0, 0, 0.412996, -0.0183954, 0.45335, 0.48638, -0.0156758, 0.542604, 0.996195, -3.71201e-12, -0.0871557, -4.46982e-12, -1, -8.49977e-12, -0.0871557, 8.857e-12, -0.996195, 0
7.58, 2025-07-03__01-13-37.454927, -0.0722137, -0.250427, 0.0484683, -1.6454, -0.0262904, 1.28123, 0.71184, -0.00102226, 0.00067031, 0.000297163, -0.000292733, 0.000240999, -0.000281044, 0.000652213, -0.111996, -0.487924, -0.474087, -0.458015, 0.377874, -0.0925339, -0.542498, 0, 0, 0, 8, 0, 0, 0, 0.412992, -0.0183936, 0.453349, 0.48638, -0.0156758, 0.542604, 0.996195, -3.71201e-12, -0.0871557, -4.46982e-12, -1, -8.49977e-12, -0.0871557, 8.857e-12, -0.996195, 0
7.59, 2025-07-03__01-13-37.464927, -0.0722133, -0.25043, 0.0484665, -1.6454, -0.026291, 1.28123, 0.71184, 0.000155275, 0.000883057, -0.000331641, -0.0020322, 6.81941e-05, -0.00143753, 0.000307221, -0.11791, -0.535786, -0.480826, -0.414835, 0.378824, -0.0813654, -0.540332, 0, 0, 0, 8, 0, 0, 0, 0.412994, -0.018394, 0.453354, 0.48638, -0.0156758, 0.542604, 0.996195, -3.71201e-12, -0.0871557, -4.46982e-12, -1, -8.49977e-12, -0.0871557, 8.857e-12, -0.996195, 0
7.6, 2025-07-03__01-13-37.474926, -0.0722186, -0.250433, 0.0484665, -1.6454, -0.026291, 1.28123, 0.71184, -0.00131372, 0.000528282, 0.002502, -0.000924143, 4.64834e-05, -0.000349844, 0.000768352, -0.150801, -0.489446, -0.524427, -0.448567, 0.374763, -0.0913276, -0.543182, 0, 0, 0, 8, 0, 0, 0, 0.412991, -0.0183924, 0.453352, 0.48638, -0.0156758, 0.542604, 0.996195, -3.71201e-12, -0.0871557, -4.46982e-12, -1, -8.49977e-12, -0.0871557, 8.857e-12, -0.996195, 0
7.61, 2025-07-03__01-13-37.484927, -0.072214, -0.250442, 0.0484637, -1.6454, -0.026291, 1.28123, 0.711836, -0.000297346, -0.00118059, -0.000463022, 0.000573415, 0.000123649, 5.97965e-05, -0.000467159, -0.11188, -0.369601, -0.471242, -0.522284, 0.377836, -0.098061, -0.535679, 0, 0, 0, 8, 0, 0, 0, 0.41299, -0.0183948, 0.453355, 0.48638, -0.0156758, 0.542604, 0.996195, -3.71201e-12, -0.0871557, -4.46982e-12, -1, -8.49977e-12, -0.0871557, 8.857e-12, -0.996195, 0
7.62, 2025-07-03__01-13-37.494926, -0.0722133, -0.250431, 0.0484638, -1.6454, -0.026291, 1.28123, 0.711834, 0.0013834, 0.00139468, -0.00110118, -0.00316487, -7.88201e-06, 0.000124754, 0.00054296, -0.121615, -0.584297, -0.484491, -0.382547, 0.379425, -0.0898169, -0.541492, 0, 0, 0, 8, 0, 0, 0, 0.412991, -0.0183957, 0.453352, 0.48638, -0.0156758, 0.542604, 0.996195, -3.71201e-12, -0.0871557, -4.46982e-12, -1, -8.49977e-12, -0.0871557, 8.857e-12, -0.996195, 0
7.63, 2025-07-03__01-13-37.504928, -0.0722187, -0.250437, 0.0484663, -1.6454, -0.0262904, 1.28122, 0.711833, 0.000120843, 0.00126367, 0.000273832, -0.00111236, 0.000116199, -0.00133612, -0.00310049, -0.128982, -0.531702, -0.494862, -0.426588, 0.377135, -0.0830212, -0.519382, 0, 0, 0, 8, 0, 0, 0, 0.412987, -0.0183958, 0.453354, 0.48638, -0.0156758, 0.542604, 0.996195, -3.71201e-12, -0.0871557, -4.46982e-12, -1, -8.49977e-12, -0.0871557, 8.857e-12, -0.996195, 0
7.64, 2025-07-03__01-13-37.514927, -0.0722165, -0.250444, 0.0484669, -1.64539, -0.026291, 1.28122, 0.711835, 0.000393304, -0.000992948, 0.00105197, 0.00143642, 8.11382e-05, 8.99875e-05, 0.000846114, -0.154411, -0.35299, -0.52435, -0.538843, 0.372847, -0.0998151, -0.543434, 0, 0, 0, 8, 0, 0, 0, 0.412987, -0.0183985, 0.453352, 0.48638, -0.0156758, 0.542604, 0.996195, -3.71201e-12, -0.0871557, -4.46982e-12, -1, -8.49977e-12, -0.0871557, 8.857e-12, -0.996195, 0
7.65, 2025-07-03__01-13-37.524927, -0.0722137, -0.25044, 0.0484665, -1.6454, -0.0262917, 1.28122, 0.711834, 0.00210687, 0.00102841, 0.000456836, -0.00069011, -0.000376438, 0.000220592, 0.000306645, -0.16664, -0.504797, -0.53975, -0.444817, 0.375622, -0.0950005, -0.539939, 0, 0, 0, 8, 0, 0, 0, 0.412987, -0.0183978, 0.453355, 0.48638, -0.0156758, 0.542604, 0.996195, -3.71201e-12, -0.0871557, -4.46982e-12, -1, -8.49977e-12, -0.0871557, 8.857e-12, -0.996195, 0
7.66, 2025-07-03__01-13-37.534930, -0.0722237, -0.250445, 0.0484658, -1.6454, -0.0262894, 1.28122, 0.711832, -0.00130802, -0.000607927, 0.0006698, 0.000818334, -7.9675e-05, 0.000442071, 0.000190699, -0.115485, -0.392888, -0.477835, -0.514555, 0.378718, -0.100225, -0.539511, 0, 0, 0, 8, 0, 0, 0, 0.412986, -0.018396, 0.453356, 0.48638, -0.0156758, 0.542604, 0.996195, -3.71201e-12, -0.0871557, -4.46982e-12, -1, -8.49977e-12, -0.0871557, 8.857e-12, -0.996195, 0
7.67, 2025-07-03__01-13-37.544927, -0.072219, -0.250446, 0.0484669, -1.6454, -0.026291, 1.28122, 0.711832, 0.000132435, -0.000301551, 0.00106935, 0.000403092, 4.78573e-05, -0.000472147, 0.00763233, -0.148015, -0.414037, -0.517595, -0.497923, 0.374134, -0.0933013, -0.584403, 0, 0, 0, 8, 0, 0, 0, 0.412987, -0.0183971, 0.453355, 0.48638, -0.0156758, 0.542604, 0.996195, -3.71201e-12, -0.0871557, -4.46982e-12, -1, -8.49977e-12, -0.0871557, 8.857e-12, -0.996195, 0
7.68, 2025-07-03__01-13-37.554927, -0.072219, -0.250451, 0.0484638, -1.6454, -0.0262862, 1.28122, 0.711829, 0.0003182, -0.000779343, -0.00127023, 0.000582204, -0.000126354, 0.000322127, 0.000647698, -0.104154, -0.387104, -0.460771, -0.515092, 0.380137, -0.0992549, -0.542061, 0, 0, 0, 8, 0, 0, 0, 0.412986, -0.0183949, 0.453356, 0.48638, -0.0156758, 0.542604, 0.996195, -3.71201e-12, -0.0871557, -4.46982e-12, -1, -8.49977e-12, -0.0871557, 8.857e-12, -0.996195, 0
7.69, 2025-07-03__01-13-37.564927, -0.0722215, -0.250446, 0.0484665, -1.6454, -0.0262867, 1.28122, 0.711829, -0.000519087, 0.00146045, 0.000287774, -0.000398835, 4.42656e-05, 0.000375044, -0.00177321, -0.117872, -0.521239, -0.481386, -0.442441, 0.378609, -0.0963205, -0.527294, 0, 0, 0, 8, 0, 0, 0, 0.412986, -0.0183943, 0.453357, 0.48638, -0.0156758, 0.542604, 0.996195, -3.71201e-12, -0.0871557, -4.46982e-12, -1, -8.49977e-12, -0.0871557, 8.857e-12, -0.996195, 0
7.7, 2025-07-03__01-13-37.574927, -0.0722201, -0.250449, 0.0484638, -1.6454, -0.0262862, 1.28122, 0.711827, -0.00011186, -0.000272849, 0.000258219, 0.000603772, -0.000172542, -6.46964e-05, -0.00450542, -0.127011, -0.411305, -0.490897, -0.502672, 0.378121, -0.0962282, -0.510672, 0, 0, 0, 8, 0, 0, 0, 0.412986, -0.0183976, 0.453356, 0.48638, -0.0156758, 0.542604, 0.996195, -3.71201e-12, -0.0871557, -4.46982e-12, -1, -8.49977e-12, -0.0871557, 8.857e-12, -0.996195, 0
7.71, 2025-07-03__01-13-37.584926, -0.0722194, -0.25045, 0.0484665, -1.6454, -0.0262856, 1.28122, 0.711827, 0.000634836, -0.000685477, 0.000291385, 0.000437134, 0.000251422, 0.000135995, 0.00465676, -0.141876, -0.392495, -0.50855, -0.509419, 0.373304, -0.097817, -0.566082, 0, 0, 0, 8, 0, 0, 0, 0.412986, -0.0183955, 0.453358, 0.48638, -0.0156758, 0.542604, 0.996195, -3.71201e-12, -0.0871557, -4.46982e-12, -1, -8.49977e-12, -0.0871557, 8.857e-12, -0.996195, 0
7.72, 2025-07-03__01-13-37.594927, -0.0722197, -0.250452, 0.0484638, -1.6454, -0.0262849, 1.28121, 0.711824, 0.000529801, -0.000141843, -0.000507072, 0.000363305, 0.000395865, -0.000111567, 0.000258592, -0.122986, -0.423445, -0.484875, -0.49468, 0.374847, -0.0948526, -0.539356, 0, 0, 0, 8, 0, 0, 0, 0.412984, -0.0183953, 0.453362, 0.48638, -0.0156758, 0.542604, 0.996195, -3.71201e-12, -0.0871557, -4.46982e-12, -1, -8.49977e-12, -0.0871557, 8.857e-12, -0.996195, 0
7.73, 2025-07-03__01-13-37.604928, -0.07222, -0.25045, 0.048469, -1.6454, -0.026286, 1.28121, 0.711821, 0.000585476, 0.00148722, 0.000501997, -0.000384004, -0.00515257, 0.000476411, -0.000947398, -0.130906, -0.522625, -0.497617, -0.44055, 0.410093, -0.0967065, -0.531594, 0, 0, 0, 8, 0, 0, 0, 0.412982, -0.0183959, 0.453359, 0.48638, -0.0156758, 0.542604, 0.996195, -3.71201e-12, -0.0871557, -4.46982e-12, -1, -8.49977e-12, -0.0871557, 8.857e-12, -0.996195, 0
7.74, 2025-07-03__01-13-37.614927, -0.0722197, -0.250458, 0.0484718, -1.6454, -0.0262855, 1.28121, 0.711823, 0.000439198, -0.000987313, 0.00107779, -0.000261463, -0.000270895, -6.11445e-06, -0.000464092, -0.154878, -0.390307, -0.5256, -0.50156, 0.375462, -0.0952554, -0.534674, 0, 0, 0, 8, 0, 0, 0, 0.412982, -0.0183951, 0.453358, 0.48638, -0.0156758, 0.542604, 0.996195, -3.71201e-12, -0.0871557, -4.46982e-12, -1, -8.49977e-12, -0.0871557, 8.857e-12, -0.996195, 0
7.75, 2025-07-03__01-13-37.624927, -0.072225, -0.250456, 0.0484643, -1.6454, -0.0262845, 1.28121, 0.711823, -0.000284156, -7.0543e-05, -5.198e-05, -0.000762551, 0.00065267, 5.62374e-05, -0.000716722, -0.118061, -0.451073, -0.480308, -0.469858, 0.374221, -0.0939765, -0.533473, 0, 0, 0, 8, 0, 0, 0, 0.412982, -0.0183939, 0.45336, 0.48638, -0.0156758, 0.542604, 0.996195, -3.71201e-12, -0.0871557, -4.46982e-12, -1, -8.49977e-12, -0.0871557, 8.857e-12, -0.996195, 0
7.76, 2025-07-03__01-13-37.634928, -0.0722226, -0.250458, 0.0484665, -1.6454, -0.0262825, 1.28121, 0.711824, 0.000696031, -0.000410896, 0.000118252, 0.00102525, 0.000222903, 0.000137717, -0.00469205, -0.139215, -0.391107, -0.504906, -0.516555, 0.373794, -0.0981079, -0.509281, 0, 0, 0, 8, 0, 0, 0, 0.412982, -0.0183963, 0.453358, 0.48638, -0.0156758, 0.542604, 0.996195, -3.71201e-12, -0.0871557, -4.46982e-12, -1, -8.49977e-12, -0.0871557, 8.857e-12, -0.996195, 0
7.77, 2025-07-03__01-13-37.644927, -0.0722208, -0.250456, 0.0484665, -1.6454, -0.0262857, 1.28121, 0.71182, 0.000551994, -0.000161433, 9.86292e-05, 3.78505e-05, -0.000253643, 5.31501e-05, 0.000961254, -0.134642, -0.427057, -0.499987, -0.489082, 0.377801, -0.0956234, -0.543342, 0, 0, 0, 8, 0, 0, 0, 0.412983, -0.0183943, 0.453364, 0.48638, -0.0156758, 0.542604, 0.996195, -3.71201e-12, -0.0871557, -4.46982e-12, -1, -8.49977e-12, -0.0871557, 8.857e-12, -0.996195, 0
7.78, 2025-07-03__01-13-37.654926, -0.0722253, -0.250459, 0.048463, -1.6454, -0.0262852, 1.28121, 0.711819, -4.78212e-05, 0.000318082, -0.000253395, 0.0012116, -3.54544e-05, -0.000336528, -0.000398511, -0.116337, -0.424869, -0.477307, -0.503301, 0.378266, -0.0948074, -0.535239, 0, 0, 0, 8, 0, 0, 0, 0.412981, -0.0183975, 0.453361, 0.48638, -0.0156758, 0.542604, 0.996195, -3.71201e-12, -0.0871557, -4.46982e-12, -1, -8.49977e-12, -0.0871557, 8.857e-12, -0.996195, 0
7.79, 2025-07-03__01-13-37.664927, -0.0722229, -0.250461, 0.0484638, -1.6454, -0.0262833, 1.28121, 0.711822, 0.000510428, 0.000151299, 0.000107272, 0.000817317, -0.000305414, -0.000124363, 6.65299e-05, -0.1331, -0.4231, -0.497979, -0.499414, 0.377994, -0.0957968, -0.538072, 0, 0, 0, 8, 0, 0, 0, 0.412981, -0.018396, 0.453361, 0.48638, -0.0156758, 0.542604, 0.996195, -3.71201e-12, -0.0871557, -4.46982e-12, -1, -8.49977e-12, -0.0871557, 8.857e-12, -0.996195, 0
7.8, 2025-07-03__01-13-37.674927, -0.0722256, -0.250463, 0.0484616, -1.6454, -0.0262846, 1.28121, 0.711819, -0.000326076, -0.00107186, -0.000414431, -0.000967775, 3.89056e-05, -0.000165854, 0.000129761, -0.110068, -0.403483, -0.469717, -0.489102, 0.378814, -0.09291, -0.538481, 0, 0, 0, 8, 0, 0, 0, 0.412981, -0.0183942, 0.453362, 0.48638, -0.0156758, 0.542604, 0.996195, -3.71201e-12, -0.0871557, -4.46982e-12, -1, -8.49977e-12, -0.0871557, 8.857e-12, -0.996195, 0
7.81, 2025-07-03__01-13-37.684927, -0.0722284, -0.250459, 0.0484638, -1.6454, -0.0262812, 1.28121, 0.711818, -0.0010294, 0.000802666, -0.000628177, -0.00170836, 2.18849e-05, -7.13442e-05, -0.00112752, -0.0901316, -0.516296, -0.446817, -0.430237, 0.381944, -0.0908713, -0.530752, 0, 0, 0, 8, 0, 0, 0, 0.412981, -0.0183965, 0.453362, 0.48638, -0.0156758, 0.542604, 0.996195, -3.71201e-12, -0.0871557, -4.46982e-12, -1, -8.49977e-12, -0.0871557, 8.857e-12, -0.996195, 0
7.82, 2025-07-03__01-13-37.694926, -0.0722283, -0.250467, 0.0484657, -1.6454, -0.0262809, 1.2812, 0.711813, -0.000435416, -0.000519215, -0.002182, -0.000424813, 0.000105655, -3.66082e-05, -0.00168976, -0.0719533, -0.421944, -0.421229, -0.48831, 0.382712, -0.0937288, -0.527155, 0, 0, 0, 8, 0, 0, 0, 0.412983, -0.0183973, 0.453367, 0.48638, -0.0156758, 0.542604, 0.996195, -3.71201e-12, -0.0871557, -4.46982e-12, -1, -8.49977e-12, -0.0871557, 8.857e-12, -0.996195, 0
7.83, 2025-07-03__01-13-37.704928, -0.0722282, -0.250468, 0.0484666, -1.6454, -0.0262814, 1.2812, 0.71182, 0.00059375, -0.000834873, 0.000571072, 0.00103851, 0.000110271, -9.97571e-05, 0.00119111, -0.146315, -0.366408, -0.513985, -0.527233, 0.373301, -0.0965303, -0.544775, 0, 0, 0, 8, 0, 0, 0, 0.412977, -0.0183966, 0.453364, 0.48638, -0.0156758, 0.542604, 0.996195, -3.71201e-12, -0.0871557, -4.46982e-12, -1, -8.49977e-12, -0.0871557, 8.857e-12, -0.996195, 0
7.84, 2025-07-03__01-13-37.714927, -0.0722261, -0.250468, 0.0484704, -1.6454, -0.0262808, 1.2812, 0.711819, 2.69305e-05, -0.0011815, -0.00414239, 0.000546985, 7.22408e-05, -1.31154e-05, 0.00493185, -0.0418985, -0.368989, -0.381349, -0.52466, 0.385649, -0.0961515, -0.567605, 0, 0, 0, 8, 0, 0, 0, 0.412981, -0.0183946, 0.453362, 0.48638, -0.0156758, 0.542604, 0.996195, -3.71201e-12, -0.0871557, -4.46982e-12, -1, -8.49977e-12, -0.0871557, 8.857e-12, -0.996195, 0
7.85, 2025-07-03__01-13-37.724926, -0.0722256, -0.250471, 0.0484719, -1.6454, -0.0262814, 1.2812, 0.711813, -0.000402227, -0.00136732, 0.000466907, -0.00010046, -0.000285028, 7.09539e-05, -0.00297617, -0.128409, -0.366516, -0.492633, -0.515084, 0.378428, -0.0958985, -0.519066, 0, 0, 0, 8, 0, 0, 0, 0.412979, -0.0183936, 0.453367, 0.48638, -0.0156758, 0.542604, 0.996195, -3.71201e-12, -0.0871557, -4.46982e-12, -1, -8.49977e-12, -0.0871557, 8.857e-12, -0.996195, 0
7.86, 2025-07-03__01-13-37.734928, -0.0722313, -0.250468, 0.0484638, -1.6454, -0.0262808, 1.2812, 0.711811, -0.00170775, -0.000300084, -0.00109427, -0.00131697, 0.000350254, -0.000167971, -0.00162649, -0.0716314, -0.452429, -0.423205, -0.464109, 0.38161, -0.0910707, -0.527506, 0, 0, 0, 8, 0, 0, 0, 0.412977, -0.0183964, 0.453362, 0.48638, -0.0156758, 0.542604, 0.996195, -3.71201e-12, -0.0871557, -4.46982e-12, -1, -8.49977e-12, -0.0871557, 8.857e-12, -0.996195, 0
7.87, 2025-07-03__01-13-37.744928, -0.0722313, -0.250463, 0.0484638, -1.6454, -0.0262814, 1.2812, 0.711818, -0.00149776, 0.00150038, -0.000328263, 0.000703279, -0.000222685, -0.00188679, 0.000731221, -0.0866845, -0.498494, -0.442672, -0.46242, 0.38319, -0.0818516, -0.542079, 0, 0, 0, 8, 0, 0, 0, 0.412976, -0.0183957, 0.453365, 0.48638, -0.0156758, 0.542604, 0.996195, -3.71201e-12, -0.0871557, -4.46982e-12, -1, -8.49977e-12, -0.0871557, 8.857e-12, -0.996195, 0
7.88, 2025-07-03__01-13-37.754927, -0.0722261, -0.250471, 0.0484719, -1.6454, -0.0262801, 1.2812, 0.711817, 7.0558e-05, -0.000128303, 0.00216838, 0.0010202, 0.000198948, 3.63748e-05, 0.00139741, -0.16977, -0.398445, -0.545051, -0.511723, 0.370288, -0.0972159, -0.545648, 0, 0, 0, 8, 0, 0, 0, 0.412976, -0.0183944, 0.453364, 0.48638, -0.0156758, 0.542604, 0.996195, -3.71201e-12, -0.0871557, -4.46982e-12, -1, -8.49977e-12, -0.0871557, 8.857e-12, -0.996195, 0
7.89, 2025-07-03__01-13-37.764926, -0.0722286, -0.250475, 0.0484666, -1.6454, -0.0262807, 1.2812, 0.711811, -0.00070139, -0.00128635, 9.18211e-05, -0.00233531, -1.27711e-05, -1.64513e-05, -0.000550213, -0.114312, -0.419466, -0.476066, -0.466406, 0.378961, -0.0912591, -0.533792, 0, 0, 0, 8, 0, 0, 0, 0.412976, -0.0183969, 0.453364, 0.48638, -0.0156758, 0.542604, 0.996195, -3.71201e-12, -0.0871557, -4.46982e-12, -1, -8.49977e-12, -0.0871557, 8.857e-12, -0.996195, 0
7.9, 2025-07-03__01-13-37.774927, -0.0722314, -0.250478, 0.048469, -1.6454, -0.0262808, 1.2812, 0.711808, -0.00150843, -0.000457726, 0.000274911, -0.000707782, 0.000115894, -0.000276527, -0.00123971, -0.103698, -0.42391, -0.463493, -0.482553, 0.379172, -0.0920183, -0.529521, 0, 0, 0, 8, 0, 0, 0, 0.412976, -0.0183967, 0.453367, 0.48638, -0.0156758, 0.542604, 0.996195, -3.71201e-12, -0.0871557, -4.46982e-12, -1, -8.49977e-12, -0.0871557, 8.857e-12, -0.996195, 0
7.91, 2025-07-03__01-13-37.784927, -0.0722286, -0.250476, 0.048464, -1.6454, -0.0262814, 1.2812, 0.711815, -0.000643701, -0.000242561, -0.000882158, 0.000672058, -2.80742e-05, -0.000357904, 0.000838392, -0.0940852, -0.405049, -0.449565, -0.506973, 0.38064, -0.093826, -0.542587, 0, 0, 0, 8, 0, 0, 0, 0.412975, -0.018397, 0.453369, 0.48638, -0.0156758, 0.542604, 0.996195, -3.71201e-12, -0.0871557, -4.46982e-12, -1, -8.49977e-12, -0.0871557, 8.857e-12, -0.996195, 0
7.92, 2025-07-03__01-13-37.794927, -0.0722261, -0.250478, 0.0484669, -1.6454, -0.0262821, 1.2812, 0.711813, 0.00101903, 0.00096769, 0.000204903, 0.000663085, -0.000253571, -0.000431619, 0.000170994, -0.142725, -0.459821, -0.50999, -0.480161, 0.376806, -0.0928393, -0.538173, 0, 0, 0, 8, 0, 0, 0, 0.412975, -0.0183955, 0.453371, 0.48638, -0.0156758, 0.542604, 0.996195, -3.71201e-12, -0.0871557, -4.46982e-12, -1, -8.49977e-12, -0.0871557, 8.857e-12, -0.996195, 0
7.93, 2025-07-03__01-13-37.804928, -0.0722286, -0.250489, 0.0484669, -1.6454, -0.0262808, 1.2812, 0.711808, -0.000178031, -0.0011604, -5.0521e-05, -0.000410651, 0.000194329, -5.67739e-05, -0.00169519, -0.12149, -0.375015, -0.483553, -0.508093, 0.376253, -0.09493, -0.526734, 0, 0, 0, 8, 0, 0, 0, 0.412974, -0.0183934, 0.453371, 0.48638, -0.0156758, 0.542604, 0.996195, -3.71201e-12, -0.0871557, -4.46982e-12, -1, -8.49977e-12, -0.0871557, 8.857e-12, -0.996195, 0
7.94, 2025-07-03__01-13-37.814927, -0.0722324, -0.250486, 0.0484694, -1.6454, -0.0262797, 1.2812, 0.711813, -0.000918179, 0.000178023, 0.000435213, -0.00113479, 1.62697e-05, -6.53594e-05, 0.000543313, -0.115525, -0.459529, -0.478359, -0.461575, 0.378587, -0.0926912, -0.540538, 0, 0, 0, 8, 0, 0, 0, 0.412975, -0.0183972, 0.453371, 0.48638, -0.0156758, 0.542604, 0.996195, -3.71201e-12, -0.0871557, -4.46982e-12, -1, -8.49977e-12, -0.0871557, 8.857e-12, -0.996195, 0
7.95, 2025-07-03__01-13-37.824927, -0.0722317, -0.250488, 0.0484638, -1.6454, -0.026277, 1.2812, 0.711815, 6.4561e-05, 0.000676754, -0.00107312, -0.000802624, 8.84909e-05, -2.44523e-05, 0.00106338, -0.100207, -0.476474, -0.457483, -0.458449, 0.379678, -0.0933141, -0.543872, 0, 0, 0, 8, 0, 0, 0, 0.412971, -0.0183971, 0.453371, 0.48638, -0.0156758, 0.542604, 0.996195, -3.71201e-12, -0.0871557, -4.46982e-12, -1, -8.49977e-12, -0.0871557, 8.857e-12, -0.996195, 0
7.96, 2025-07-03__01-13-37.834927, -0.0722339, -0.250489, 0.0484672, -1.6454, -0.0262754, 1.2812, 0.711813, -0.00164704, 0.000558184, 0.000188107, 0.000401335, 0.000300374, 0.000214531, 0.000504106, -0.0978729, -0.44382, -0.456388, -0.487064, 0.378247, -0.0972549, -0.54038, 0, 0, 0, 8, 0, 0, 0, 0.412974, -0.0183937, 0.453373, 0.48638, -0.0156758, 0.542604, 0.996195, -3.71201e-12, -0.0871557, -4.46982e-12, -1, -8.49977e-12, -0.0871557, 8.857e-12, -0.996195, 0
7.97, 2025-07-03__01-13-37.844928, -0.0722271, -0.250499, 0.0484659, -1.6454, -0.0262779, 1.2812, 0.71181, 0.000390464, -0.00064778, -0.00117545, -0.00048276, -0.00010795, 4.73328e-05, -0.000508438, -0.106841, -0.398025, -0.464329, -0.497656, 0.379844, -0.0955559, -0.534023, 0, 0, 0, 8, 0, 0, 0, 0.41297, -0.0183954, 0.453374, 0.48638, -0.0156758, 0.542604, 0.996195, -3.71201e-12, -0.0871557, -4.46982e-12, -1, -8.49977e-12, -0.0871557, 8.857e-12, -0.996195, 0
7.98, 2025-07-03__01-13-37.854927, -0.0722265, -0.250497, 0.0484638, -1.6454, -0.0262774, 1.28119, 0.711809, 0.00214142, -6.81792e-05, -0.00147463, -0.00245477, -0.000342067, 0.000457533, 0.00057467, -0.128164, -0.471364, -0.490289, -0.442034, 0.379511, -0.0937388, -0.540415, 0, 0, 0, 8, 0, 0, 0, 0.41297, -0.0183963, 0.453374, 0.48638, -0.0156758, 0.542604, 0.996195, -3.71201e-12, -0.0871557, -4.46982e-12, -1, -8.49977e-12, -0.0871557, 8.857e-12, -0.996195, 0
7.99, 2025-07-03__01-13-37.864927, -0.0722367, -0.250502, 0.048469, -1.6454, -0.0262764, 1.28119, 0.711809, -0.00749423, -0.000313172, 0.000626456, 0.000765557, -6.44737e-05, -0.00013341, 0.000908317, -0.00812637, -0.398066, -0.349737, -0.513839, 0.391002, -0.0954679, -0.54299, 0, 0, 0, 8, 0, 0, 0, 0.412969, -0.0183955, 0.453377, 0.48638, -0.0156758, 0.542604, 0.996195, -3.71201e-12, -0.0871557, -4.46982e-12, -1, -8.49977e-12, -0.0871557, 8.857e-12, -0.996195, 0
8, 2025-07-03__01-13-37.874927, -0.0722343, -0.250507, 0.0484648, -1.6454, -0.0262792, 1.28119, 0.711805, -0.00164339, -0.000334884, -0.000791365, -7.09969e-05, 0.000170166, -0.000652756, -0.000817855, -0.0793146, -0.405697, -0.432231, -0.498373, 0.381362, -0.0907448, -0.532136, 0, 0, 0, 8, 0, 0, 0, 0.412968, -0.0183926, 0.45338, 0.48638, -0.0156758, 0.542604, 0.996195, -3.71201e-12, -0.0871557, -4.46982e-12, -1, -8.49977e-12, -0.0871557, 8.857e-12, -0.996195, 0
8.01, 2025-07-03__01-13-37.884927, -0.0722293, -0.250512, 0.0484687, -1.6454, -0.0262766, 1.28119, 0.711807, 0.000647732, -0.0007105, 9.52457e-05, 0.000809394, -5.10359e-05, -0.000464824, -4.80293e-05, -0.137853, -0.359389, -0.502938, -0.527711, 0.375351, -0.0943004, -0.536559, 0, 0, 0, 8, 0, 0, 0, 0.412968, -0.018395, 0.453381, 0.48638, -0.0156758, 0.542604, 0.996195, -3.71201e-12, -0.0871557, -4.46982e-12, -1, -8.49977e-12, -0.0871557, 8.857e-12, -0.996195, 0
8.02, 2025-07-03__01-13-37.894927, -0.0722293, -0.250513, 0.0484645, -1.6454, -0.0262753, 1.28119, 0.711808, 0.00101909, -2.72577e-05, -0.000828979, -0.000665701, 0.000463944, 8.90639e-05, 0.00121117, -0.124187, -0.426101, -0.485875, -0.4824, 0.374207, -0.0949977, -0.544315, 0, 0, 0, 8, 0, 0, 0, 0.412968, -0.0183957, 0.453381, 0.48638, -0.0156758, 0.542604, 0.996195, -3.71201e-12, -0.0871557, -4.46982e-12, -1, -8.49977e-12, -0.0871557, 8.857e-12, -0.996195, 0
8.03, 2025-07-03__01-13-37.904928, -0.0722303, -0.250519, 0.0484695, -1.6454, -0.0262766, 1.28119, 0.711807, 0.000466788, -0.00081999, 0.000789041, -0.00082109, -0.00160422, -0.00016609, 0.000643023, -0.145527, -0.387194, -0.514013, -0.496614, 0.384844, -0.0937558, -0.540659, 0, 0, 0, 8, 0, 0, 0, 0.412968, -0.0183966, 0.453382, 0.48638, -0.0156758, 0.542604, 0.996195, -3.71201e-12, -0.0871557, -4.46982e-12, -1, -8.49977e-12, -0.0871557, 8.857e-12, -0.996195, 0
8.04, 2025-07-03__01-13-37.914927, -0.0722346, -0.250522, 0.0484712, -1.6454, -0.0262731, 1.28119, 0.711803, -0.00111041, -0.000718087, 0.00132096, -0.00038838, -0.000258669, -9.56224e-05, -0.00130095, -0.131971, -0.38232, -0.498564, -0.504375, 0.377748, -0.094941, -0.528734, 0, 0, 0, 8, 0, 0, 0, 0.412967, -0.0183932, 0.453386, 0.48638, -0.0156758, 0.542604, 0.996195, -3.71201e-12, -0.0871557, -4.46982e-12, -1, -8.49977e-12, -0.0871557, 8.857e-12, -0.996195, 0
8.05, 2025-07-03__01-13-37.924927, -0.0722346, -0.250522, 0.0484647, -1.6454, -0.0262753, 1.28119, 0.711801, -0.0014593, -0.000253633, -0.00102127, -4.20869e-05, 0.000499369, -0.000473675, -0.00105594, -0.0784609, -0.401624, -0.43066, -0.501068, 0.379255, -0.0925012, -0.530477, 0, 0, 0, 8, 0, 0, 0, 0.412966, -0.0183941, 0.453386, 0.48638, -0.0156758, 0.542604, 0.996195, -3.71201e-12, -0.0871557, -4.46982e-12, -1, -8.49977e-12, -0.0871557, 8.857e-12, -0.996195, 0
8.06, 2025-07-03__01-13-37.934927, -0.0722346, -0.25052, 0.0484666, -1.6454, -0.0262759, 1.28119, 0.711806, -0.000592095, 0.0014468, -0.000141168, 0.000373392, 0.000368489, 0.000245169, -0.00350216, -0.108418, -0.474114, -0.468628, -0.472784, 0.377005, -0.0972101, -0.515766, 0, 0, 0, 8, 0, 0, 0, 0.412966, -0.0183951, 0.453387, 0.48638, -0.0156758, 0.542604, 0.996195, -3.71201e-12, -0.0871557, -4.46982e-12, -1, -8.49977e-12, -0.0871557, 8.857e-12, -0.996195, 0
8.07, 2025-07-03__01-13-37.944928, -0.072235, -0.250528, 0.0484612, -1.6454, -0.0262759, 1.28119, 0.711802, -0.000423273, -0.000207558, -0.00195423, -0.00117883, 0.000154299, -0.000233504, -0.000711876, -0.0756646, -0.426492, -0.426157, -0.477605, 0.382085, -0.0922452, -0.532668, 0, 0, 0, 8, 0, 0, 0, 0.412966, -0.0183952, 0.453388, 0.48638, -0.0156758, 0.542604, 0.996195, -3.71201e-12, -0.0871557, -4.46982e-12, -1, -8.49977e-12, -0.0871557, 8.857e-12, -0.996195, 0
8.08, 2025-07-03__01-13-37.954927, -0.0722318, -0.250529, 0.0484665, -1.6454, -0.0262749, 1.28119, 0.711806, 0.00100966, -0.000855087, -0.000280159, -1.48604e-05, 0.000145665, -0.000137111, 0.00157216, -0.136427, -0.362275, -0.500745, -0.51795, 0.374333, -0.0957385, -0.546393, 0, 0, 0, 8, 0, 0, 0, 0.412966, -0.0183933, 0.453389, 0.48638, -0.0156758, 0.542604, 0.996195, -3.71201e-12, -0.0871557, -4.46982e-12, -1, -8.49977e-12, -0.0871557, 8.857e-12, -0.996195, 0
8.09, 2025-07-03__01-13-37.964927, -0.0722343, -0.250529, 0.0484712, -1.6454, -0.026272, 1.28119, 0.711805, -0.000417411, -9.03492e-05, -4.42366e-05, 0.000860043, -0.000214264, -3.58537e-05, 0.000414595, -0.115448, -0.382673, -0.476232, -0.519145, 0.379008, -0.0975179, -0.539306, 0, 0, 0, 8, 0, 0, 0, 0.412966, -0.0183923, 0.453387, 0.48638, -0.0156758, 0.542604, 0.996195, -3.71201e-12, -0.0871557, -4.46982e-12, -1, -8.49977e-12, -0.0871557, 8.857e-12, -0.996195, 0
8.1, 2025-07-03__01-13-37.974927, -0.0722297, -0.250532, 0.0484675, -1.64539, -0.0262752, 1.28119, 0.711799, 0.00123229, -0.000859864, 0.000226356, 0.00180249, 0.000327187, -0.000143234, 0.000267862, -0.15205, -0.314826, -0.519344, -0.560344, 0.370913, -0.0997019, -0.5381, 0, 0, 0, 8, 0, 0, 0, 0.412966, -0.0183949, 0.453389, 0.48638, -0.0156758, 0.542604, 0.996195, -3.71201e-12, -0.0871557, -4.46982e-12, -1, -8.49977e-12, -0.0871557, 8.857e-12, -0.996195, 0
8.11, 2025-07-03__01-13-37.984927, -0.0722332, -0.250532, 0.0484715, -1.6454, -0.0262718, 1.28119, 0.711801, 0.00102908, 9.4537e-05, 0.00106888, -0.000204135, -8.66797e-05, -4.51059e-05, 0.00131982, -0.162508, -0.409891, -0.534698, -0.493263, 0.373075, -0.0956712, -0.544388, 0, 0, 0, 8, 0, 0, 0, 0.412965, -0.0183973, 0.45339, 0.48638, -0.0156758, 0.542604, 0.996195, -3.71201e-12, -0.0871557, -4.46982e-12, -1, -8.49977e-12, -0.0871557, 8.857e-12, -0.996195, 0
8.12, 2025-07-03__01-13-37.994926, -0.072235, -0.250532, 0.0484687, -1.64539, -0.0262713, 1.28119, 0.711798, -8.02153e-05, 9.48336e-05, -0.000164616, 0.00148986, 0.000124897, 0.000209601, -0.000985147, -0.119132, -0.371946, -0.480057, -0.532415, 0.376321, -0.10086, -0.530528, 0, 0, 0, 8, 0, 0, 0, 0.412966, -0.0183923, 0.453388, 0.48638, -0.0156758, 0.542604, 0.996195, -3.71201e-12, -0.0871557, -4.46982e-12, -1, -8.49977e-12, -0.0871557, 8.857e-12, -0.996195, 0
8.13, 2025-07-03__01-13-38.004928, -0.072235, -0.250535, 0.0484659, -1.6454, -0.0262723, 1.28119, 0.711799, 0.000354149, -0.00022363, -0.000547823, -0.000507481, 4.89689e-05, -0.000170421, 0.00110297, -0.118041, -0.403388, -0.478794, -0.494288, 0.377402, -0.0943725, -0.543245, 0, 0, 0, 8, 0, 0, 0, 0.412965, -0.0183967, 0.45339, 0.48638, -0.0156758, 0.542604, 0.996195, -3.71201e-12, -0.0871557, -4.46982e-12, -1, -8.49977e-12, -0.0871557, 8.857e-12, -0.996195, 0
8.14, 2025-07-03__01-13-38.014926, -0.0722374, -0.250541, 0.0484622, -1.6454, -0.0262716, 1.28119, 0.711795, -0.000302345, -0.000902765, -0.00138678, -4.63117e-05, 0.000261975, -8.26997e-06, -0.000914938, -0.0910205, -0.358949, -0.444527, -0.520946, 0.378893, -0.0967881, -0.531023, 0, 0, 0, 8, 0, 0, 0, 0.412961, -0.0183942, 0.453392, 0.48638, -0.0156758, 0.542604, 0.996195, -3.71201e-12, -0.0871557, -4.46982e-12, -1, -8.49977e-12, -0.0871557, 8.857e-12, -0.996195, 0
8.15, 2025-07-03__01-13-38.024927, -0.0722381, -0.250536, 0.0484638, -1.6454, -0.0262761, 1.28118, 0.711794, -0.000699251, 0.000714144, -0.000525829, 0.00146846, -9.97243e-07, -0.000116303, -0.00128076, -0.0989973, -0.408813, -0.455843, -0.51445, 0.379859, -0.097027, -0.528778, 0, 0, 0, 8, 0, 0, 0, 0.412961, -0.0183947, 0.453391, 0.48638, -0.0156758, 0.542604, 0.996195, -3.71201e-12, -0.0871557, -4.46982e-12, -1, -8.49977e-12, -0.0871557, 8.857e-12, -0.996195, 0
8.16, 2025-07-03__01-13-38.034927, -0.0722357, -0.250542, 0.0484665, -1.6454, -0.0262751, 1.28118, 0.7118, 0.00110097, -0.000139311, -3.90531e-05, 0.000581221, 8.06401e-06, 0.00049291, 0.000574601, -0.141418, -0.379226, -0.507194, -0.517615, 0.374716, -0.1005, -0.540109, 0, 0, 0, 8, 0, 0, 0, 0.412961, -0.018395, 0.453392, 0.48638, -0.0156758, 0.542604, 0.996195, -3.71201e-12, -0.0871557, -4.46982e-12, -1, -8.49977e-12, -0.0871557, 8.857e-12, -0.996195, 0
8.17, 2025-07-03__01-13-38.044928, -0.0722329, -0.250548, 0.0484638, -1.6454, -0.0262692, 1.28118, 0.7118, 0.00130169, -0.00151037, -0.00134442, 0.00146146, 0.00066038, -3.7697e-05, 0.000957882, -0.122043, -0.290433, -0.480601, -0.568046, 0.371801, -0.0993853, -0.542452, 0, 0, 0, 8, 0, 0, 0, 0.412961, -0.0183921, 0.453393, 0.48638, -0.0156758, 0.542604, 0.996195, -3.71201e-12, -0.0871557, -4.46982e-12, -1, -8.49977e-12, -0.0871557, 8.857e-12, -0.996195, 0
8.18, 2025-07-03__01-13-38.054927, -0.0722351, -0.250548, 0.0484668, -1.6454, -0.0262726, 1.28118, 0.711792, 0.00015705, -0.000641096, 0.000572574, -0.00035015, -0.000483077, 0.00027855, -0.00124378, -0.137609, -0.373655, -0.503768, -0.509275, 0.378522, -0.0977677, -0.528617, 0, 0, 0, 8, 0, 0, 0, 0.41296, -0.0183961, 0.453393, 0.48638, -0.0156758, 0.542604, 0.996195, -3.71201e-12, -0.0871557, -4.46982e-12, -1, -8.49977e-12, -0.0871557, 8.857e-12, -0.996195, 0
8.19, 2025-07-03__01-13-38.064926, -0.072241, -0.250548, 0.0484638, -1.6454, -0.0262705, 1.28118, 0.711794, -0.00166272, -0.000248297, -0.000652052, 2.08024e-05, 0.000370683, 0.000148118, -0.00107802, -0.0817277, -0.389664, -0.435053, -0.508013, 0.379486, -0.0970872, -0.530043, 0, 0, 0, 8, 0, 0, 0, 0.412959, -0.0183959, 0.453397, 0.48638, -0.0156758, 0.542604, 0.996195, -3.71201e-12, -0.0871557, -4.46982e-12, -1, -8.49977e-12, -0.0871557, 8.857e-12, -0.996195, 0
8.2, 2025-07-03__01-13-38.074927, -0.0722357, -0.250548, 0.0484665, -1.6454, -0.0262712, 1.28118, 0.7118, 0.000786018, 0.000627699, -0.000387763, -0.000135129, 0.000273676, 0.000429651, 0.000907689, -0.127916, -0.431344, -0.491068, -0.48635, 0.374882, -0.0984591, -0.542087, 0, 0, 0, 8, 0, 0, 0, 0.41296, -0.0183949, 0.453396, 0.48638, -0.0156758, 0.542604, 0.996195, -3.71201e-12, -0.0871557, -4.46982e-12, -1, -8.49977e-12, -0.0871557, 8.857e-12, -0.996195, 0
8.21, 2025-07-03__01-13-38.084927, -0.0722435, -0.250551, 0.0484638, -1.6454, -0.0262722, 1.28118, 0.711797, -0.00248734, -0.00118677, -0.00113524, 0.000231748, -0.000217729, -0.000175877, 0.000115469, -0.0581083, -0.33958, -0.405651, -0.533349, 0.385643, -0.0958632, -0.537571, 0, 0, 0, 8, 0, 0, 0, 0.412959, -0.0183945, 0.453398, 0.48638, -0.0156758, 0.542604, 0.996195, -3.71201e-12, -0.0871557, -4.46982e-12, -1, -8.49977e-12, -0.0871557, 8.857e-12, -0.996195, 0
8.22, 2025-07-03__01-13-38.094927, -0.0722382, -0.250556, 0.0484667, -1.6454, -0.0262705, 1.28118, 0.71179, -0.00070827, -0.00145754, -0.000839294, -0.000371956, 0.00025746, -0.000526035, -0.000807023, -0.0967903, -0.333597, -0.452194, -0.527668, 0.378206, -0.0927794, -0.531318, 0, 0, 0, 8, 0, 0, 0, 0.412959, -0.0183934, 0.453398, 0.48638, -0.0156758, 0.542604, 0.996195, -3.71201e-12, -0.0871557, -4.46982e-12, -1, -8.49977e-12, -0.0871557, 8.857e-12, -0.996195, 0
8.23, 2025-07-03__01-13-38.104928, -0.0722354, -0.250554, 0.0484676, -1.6454, -0.0262712, 1.28118, 0.711795, -8.3373e-05, -7.77828e-05, 0.000105089, 2.78934e-08, 0.000142851, -0.000187111, -4.25494e-05, -0.124447, -0.39187, -0.487353, -0.50485, 0.375993, -0.0950497, -0.536074, 0, 0, 0, 8, 0, 0, 0, 0.412959, -0.018394, 0.453397, 0.48638, -0.0156758, 0.542604, 0.996195, -3.71201e-12, -0.0871557, -4.46982e-12, -1, -8.49977e-12, -0.0871557, 8.857e-12, -0.996195, 0
8.24, 2025-07-03__01-13-38.114927, -0.0722382, -0.250552, 0.0484698, -1.6454, -0.0262712, 1.28118, 0.711795, 9.74054e-05, -8.39593e-05, 0.000963681, 4.71865e-05, 5.18437e-05, -0.000149473, 0.000518727, -0.144734, -0.389825, -0.513084, -0.50558, 0.374158, -0.0954168, -0.539404, 0, 0, 0, 8, 0, 0, 0, 0.412959, -0.0183945, 0.453397, 0.48638, -0.0156758, 0.542604, 0.996195, -3.71201e-12, -0.0871557, -4.46982e-12, -1, -8.49977e-12, -0.0871557, 8.857e-12, -0.996195, 0
8.25, 2025-07-03__01-13-38.124926, -0.0722383, -0.250557, 0.048464, -1.64539, -0.0262712, 1.28118, 0.711788, -0.00143192, -0.00214594, -0.000852411, 0.00154652, 0.000136261, -0.000393306, -0.00132083, -0.0854823, -0.253647, -0.437516, -0.587028, 0.379549, -0.098139, -0.528264, 0, 0, 0, 8, 0, 0, 0, 0.412959, -0.0183945, 0.453399, 0.48638, -0.0156758, 0.542604, 0.996195, -3.71201e-12, -0.0871557, -4.46982e-12, -1, -8.49977e-12, -0.0871557, 8.857e-12, -0.996195, 0
8.26, 2025-07-03__01-13-38.134926, -0.0722383, -0.250559, 0.0484634, -1.6454, -0.0262712, 1.28118, 0.71179, -0.000525329, -0.000371484, -0.00146364, 0.000293344, -4.31222e-05, -0.000260575, -0.0062409, -0.0848652, -0.37175, -0.437093, -0.518567, 0.381791, -0.0951504, -0.498512, 0, 0, 0, 8, 0, 0, 0, 0.412959, -0.0183953, 0.4534, 0.48638, -0.0156758, 0.542604, 0.996195, -3.71201e-12, -0.0871557, -4.46982e-12, -1, -8.49977e-12, -0.0871557, 8.857e-12, -0.996195, 0
8.27, 2025-07-03__01-13-38.144928, -0.0722357, -0.250552, 0.0484636, -1.6454, -0.0262718, 1.28118, 0.7118, -7.50917e-05, 0.00156526, -0.00124496, 0.0012654, -0.00165449, 0.00906354, 0.00162132, -0.0908511, -0.443151, -0.44538, -0.51119, 0.391598, -0.160082, -0.54676, 0, 0, 0, 8, 0, 0, 0, 0.412959, -0.0183945, 0.453399, 0.48638, -0.0156758, 0.542604, 0.996195, -3.71201e-12, -0.0871557, -4.46982e-12, -1, -8.49977e-12, -0.0871557, 8.857e-12, -0.996195, 0
8.28, 2025-07-03__01-13-38.154926, -0.0722389, -0.250555, 0.04847, -1.6454, -0.0262715, 1.28118, 0.711792, -0.000161774, 0.000718568, 0.00100161, -0.00108183, -0.000233088, 0.000478106, 0.00113279, -0.138837, -0.45316, -0.506957, -0.465247, 0.377332, -0.0972959, -0.542978, 0, 0, 0, 8, 0, 0, 0, 0.412959, -0.0183956, 0.4534, 0.48638, -0.0156758, 0.542604, 0.996195, -3.71201e-12, -0.0871557, -4.46982e-12, -1, -8.49977e-12, -0.0871557, 8.857e-12, -0.996195, 0
8.29, 2025-07-03__01-13-38.164927, -0.0722435, -0.25056, 0.0484648, -1.6454, -0.0262682, 1.28118, 0.711787, -0.00156848, -0.00071684, -0.00133507, 0.00100899, -6.89409e-05, -2.65059e-05, -0.00164367, -0.069747, -0.339805, -0.418891, -0.541974, 0.383142, -0.0983565, -0.526285, 0, 0, 0, 8, 0, 0, 0, 0.412959, -0.0183938, 0.4534, 0.48638, -0.0156758, 0.542604, 0.996195, -3.71201e-12, -0.0871557, -4.46982e-12, -1, -8.49977e-12, -0.0871557, 8.857e-12, -0.996195, 0
8.3, 2025-07-03__01-13-38.174927, -0.0722434, -0.25056, 0.0484668, -1.6454, -0.0262676, 1.28117, 0.711788, -0.000950174, -0.000398426, -0.000130891, 0.000587959, -0.000136983, -0.00037427, -0.0014331, -0.104066, -0.363964, -0.462266, -0.524309, 0.379738, -0.0944228, -0.527431, 0, 0, 0, 8, 0, 0, 0, 0.412955, -0.0183933, 0.4534, 0.48638, -0.0156758, 0.542604, 0.996195, -3.71201e-12, -0.0871557, -4.46982e-12, -1, -8.49977e-12, -0.0871557, 8.857e-12, -0.996195, 0
8.31, 2025-07-03__01-13-38.184927, -0.072242, -0.25056, 0.0484728, -1.6454, -0.0262718, 1.28117, 0.711791, -0.00169643, 8.30119e-05, 0.00146135, 0.000379367, -0.000161112, 0.000307874, 0.000903383, -0.123781, -0.390887, -0.489011, -0.509923, 0.378032, -0.098587, -0.541628, 0, 0, 0, 8, 0, 0, 0, 0.412956, -0.0183924, 0.453398, 0.48638, -0.0156758, 0.542604, 0.996195, -3.71201e-12, -0.0871557, -4.46982e-12, -1, -8.49977e-12, -0.0871557, 8.857e-12, -0.996195, 0
8.32, 2025-07-03__01-13-38.194926, -0.0722403, -0.250561, 0.0484668, -1.64539, -0.0262676, 1.28117, 0.711791, -0.000238423, 0.000172192, -0.000142431, 0.00183787, 1.86637e-05, -0.000271815, 0.000805147, -0.115953, -0.358539, -0.476102, -0.541634, 0.377021, -0.0977526, -0.541097, 0, 0, 0, 8, 0, 0, 0, 0.412955, -0.018393, 0.453401, 0.48638, -0.0156758, 0.542604, 0.996195, -3.71201e-12, -0.0871557, -4.46982e-12, -1, -8.49977e-12, -0.0871557, 8.857e-12, -0.996195, 0
8.33, 2025-07-03__01-13-38.204928, -0.0722385, -0.250566, 0.0484693, -1.6454, -0.0262699, 1.28117, 0.711786, -0.000533049, -0.00199359, 0.000554922, -0.00161934, 0.000583516, 7.86113e-05, -0.000698757, -0.129794, -0.328882, -0.494155, -0.515504, 0.372583, -0.0947064, -0.531628, 0, 0, 0, 8, 0, 0, 0, 0.412954, -0.0183945, 0.453402, 0.48638, -0.0156758, 0.542604, 0.996195, -3.71201e-12, -0.0871557, -4.46982e-12, -1, -8.49977e-12, -0.0871557, 8.857e-12, -0.996195, 0
8.34, 2025-07-03__01-13-38.214926, -0.0722404, -0.250562, 0.0484698, -1.6454, -0.0262725, 1.28117, 0.711791, -0.0017946, 0.000986055, 0.00021536, 0.00199158, -0.000617079, -0.000317239, -0.000190962, -0.0946195, -0.401193, -0.451862, -0.523366, 0.38408, -0.0966768, -0.535112, 0, 0, 0, 8, 0, 0, 0, 0.412952, -0.0183923, 0.4534, 0.48638, -0.0156758, 0.542604, 0.996195, -3.71201e-12, -0.0871557, -4.46982e-12, -1, -8.49977e-12, -0.0871557, 8.857e-12, -0.996195, 0
8.35, 2025-07-03__01-13-38.224927, -0.0722457, -0.250564, 0.0484691, -1.6454, -0.0262708, 1.28117, 0.711789, -0.00163856, 0.000264725, 0.00156366, -0.000223968, 0.00019942, 6.98058e-05, 0.000507246, -0.126224, -0.410892, -0.492376, -0.493707, 0.375624, -0.095847, -0.539209, 0, 0, 0, 8, 0, 0, 0, 0.412954, -0.0183975, 0.453402, 0.48638, -0.0156758, 0.542604, 0.996195, -3.71201e-12, -0.0871557, -4.46982e-12, -1, -8.49977e-12, -0.0871557, 8.857e-12, -0.996195, 0
8.36, 2025-07-03__01-13-38.234926, -0.0722381, -0.250564, 0.0484645, -1.6454, -0.0262668, 1.28117, 0.711789, 0.000929551, 0.000815406, -0.000732358, 0.000864545, 0.000205384, 1.88719e-05, -0.000128701, -0.122796, -0.413087, -0.483872, -0.505377, 0.37549, -0.0971617, -0.535269, 0, 0, 0, 8, 0, 0, 0, 0.412954, -0.0183951, 0.453404, 0.48638, -0.0156758, 0.542604, 0.996195, -3.71201e-12, -0.0871557, -4.46982e-12, -1, -8.49977e-12, -0.0871557, 8.857e-12, -0.996195, 0
8.37, 2025-07-03__01-13-38.244928, -0.0722414, -0.250567, 0.0484668, -1.6454, -0.0262707, 1.28117, 0.711786, 0.000148859, 0.000287824, -7.95612e-05, -0.00152214, -5.64288e-05, -0.000244122, -0.0037516, -0.122844, -0.439554, -0.485857, -0.465931, 0.378148, -0.0912955, -0.513194, 0, 0, 0, 8, 0, 0, 0, 0.412954, -0.0183954, 0.453404, 0.48638, -0.0156758, 0.542604, 0.996195, -3.71201e-12, -0.0871557, -4.46982e-12, -1, -8.49977e-12, -0.0871557, 8.857e-12, -0.996195, 0
8.38, 2025-07-03__01-13-38.254926, -0.0722467, -0.250567, 0.0484665, -1.6454, -0.0262666, 1.28117, 0.711789, -0.00183603, -0.000756902, 0.000432734, -0.00125682, -1.99871e-05, -0.000324416, 0.00129759, -0.100283, -0.384604, -0.459338, -0.494417, 0.379825, -0.0918611, -0.54406, 0, 0, 0, 8, 0, 0, 0, 0.412954, -0.0183963, 0.453402, 0.48638, -0.0156758, 0.542604, 0.996195, -3.71201e-12, -0.0871557, -4.46982e-12, -1, -8.49977e-12, -0.0871557, 8.857e-12, -0.996195, 0
8.39, 2025-07-03__01-13-38.264927, -0.0722414, -0.25057, 0.0484637, -1.6454, -0.0262672, 1.28117, 0.711789, -0.000677031, -6.60828e-05, -0.00118699, 0.00100356, -1.90037e-05, 0.000237876, 0.000710816, -0.0869254, -0.367219, -0.439887, -0.529278, 0.38085, -0.0995422, -0.540585, 0, 0, 0, 8, 0, 0, 0, 0.412954, -0.0183926, 0.453404, 0.48638, -0.0156758, 0.542604, 0.996195, -3.71201e-12, -0.0871557, -4.46982e-12, -1, -8.49977e-12, -0.0871557, 8.857e-12, -0.996195, 0
8.4, 2025-07-03__01-13-38.274926, -0.0722442, -0.250565, 0.0484638, -1.6454, -0.0262689, 1.28117, 0.711783, -0.00568218, 0.00120122, -0.000355318, 0.00079627, -0.000443634, 0.000203644, -0.000113916, -0.0151518, -0.444642, -0.356643, -0.493544, 0.392741, -0.0977465, -0.535526, 0, 0, 0, 8, 0, 0, 0, 0.412954, -0.0183973, 0.453403, 0.48638, -0.0156758, 0.542604, 0.996195, -3.71201e-12, -0.0871557, -4.46982e-12, -1, -8.49977e-12, -0.0871557, 8.857e-12, -0.996195, 0
8.41, 2025-07-03__01-13-38.284927, -0.0722413, -0.250565, 0.0484676, -1.6454, -0.0262658, 1.28117, 0.711783, 0.000153495, 0.00048875, 0.000785138, -0.000942274, 0.000388828, 0.000143501, -0.00113773, -0.140974, -0.435556, -0.508761, -0.474295, 0.372805, -0.0949484, -0.528731, 0, 0, 0, 8, 0, 0, 0, 0.412954, -0.0183959, 0.453402, 0.48638, -0.0156758, 0.542604, 0.996195, -3.71201e-12, -0.0871557, -4.46982e-12, -1, -8.49977e-12, -0.0871557, 8.857e-12, -0.996195, 0
8.42, 2025-07-03__01-13-38.294926, -0.0722441, -0.25057, 0.0484697, -1.6454, -0.0262657, 1.28117, 0.71179, -0.00116039, 0.000444527, 0.000202171, -0.000108695, 0.000407482, -0.000381671, 0.00502504, -0.106759, -0.416126, -0.466745, -0.492874, 0.376148, -0.0930887, -0.566568, 0, 0, 0, 8, 0, 0, 0, 0.412954, -0.0183938, 0.453405, 0.48638, -0.0156758, 0.542604, 0.996195, -3.71201e-12, -0.0871557, -4.46982e-12, -1, -8.49977e-12, -0.0871557, 8.857e-12, -0.996195, 0
8.43, 2025-07-03__01-13-38.304928, -0.0722414, -0.250568, 0.0484662, -1.6454, -0.0262657, 1.28117, 0.711785, -0.000384062, 0.00108623, -0.00135899, -0.000313983, 0.000225842, 9.76871e-05, 0.000729213, -0.0868266, -0.454019, -0.440511, -0.474891, 0.380035, -0.0954036, -0.540361, 0, 0, 0, 8, 0, 0, 0, 0.412952, -0.0183909, 0.4534, 0.48638, -0.0156758, 0.542604, 0.996195, -3.71201e-12, -0.0871557, -4.46982e-12, -1, -8.49977e-12, -0.0871557, 8.857e-12, -0.996195, 0
8.44, 2025-07-03__01-13-38.314927, -0.0722442, -0.250576, 0.0484722, -1.6454, -0.0262661, 1.28117, 0.711786, -0.00191045, -0.00126069, 0.000829303, -0.00108502, 0.000203467, -4.62046e-05, 0.000458164, -0.109758, -0.350781, -0.470947, -0.511892, 0.377208, -0.0947175, -0.538679, 0, 0, 0, 8, 0, 0, 0, 0.412954, -0.0183937, 0.453405, 0.48638, -0.0156758, 0.542604, 0.996195, -3.71201e-12, -0.0871557, -4.46982e-12, -1, -8.49977e-12, -0.0871557, 8.857e-12, -0.996195, 0
8.45, 2025-07-03__01-13-38.324927, -0.0722389, -0.250573, 0.0484662, -1.6454, -0.0262672, 1.28117, 0.71178, 0.000292201, -0.00105045, -0.000966086, -0.000957322, -0.000128005, -5.51757e-05, -0.00056775, -0.109653, -0.359216, -0.467583, -0.509714, 0.379343, -0.0946599, -0.532162, 0, 0, 0, 8, 0, 0, 0, 0.412953, -0.0183949, 0.453406, 0.48638, -0.0156758, 0.542604, 0.996195, -3.71201e-12, -0.0871557, -4.46982e-12, -1, -8.49977e-12, -0.0871557, 8.857e-12, -0.996195, 0
8.46, 2025-07-03__01-13-38.334927, -0.0722389, -0.250569, 0.0484775, -1.6454, -0.0262681, 1.28117, 0.711785, 0.000649492, 0.00125692, 0.00249452, 0.000882286, -3.63263e-05, -0.000552066, 0.00118964, -0.184087, -0.427935, -0.562891, -0.495489, 0.370184, -0.0934467, -0.542637, 0, 0, 0, 8, 0, 0, 0, 0.412954, -0.0183935, 0.453405, 0.48638, -0.0156758, 0.542604, 0.996195, -3.71201e-12, -0.0871557, -4.46982e-12, -1, -8.49977e-12, -0.0871557, 8.857e-12, -0.996195, 0
8.47, 2025-07-03__01-13-38.344928, -0.0722414, -0.250574, 0.0484697, -1.6454, -0.026267, 1.28117, 0.711782, 0.000342937, 0.000103376, 0.000313332, 0.000937101, -0.000357033, 0.00043751, 0.000774369, -0.134733, -0.370973, -0.499599, -0.525402, 0.37755, -0.101026, -0.540317, 0, 0, 0, 8, 0, 0, 0, 0.412953, -0.0183943, 0.453406, 0.48638, -0.0156758, 0.542604, 0.996195, -3.71201e-12, -0.0871557, -4.46982e-12, -1, -8.49977e-12, -0.0871557, 8.857e-12, -0.996195, 0
8.48, 2025-07-03__01-13-38.354927, -0.0722414, -0.250576, 0.0484697, -1.6454, -0.0262678, 1.28117, 0.71178, -0.000335835, -0.000193404, 0.00118281, 0.000946859, -0.000367445, -0.00116855, -0.00129251, -0.141413, -0.355891, -0.508922, -0.529468, 0.376867, -0.0901951, -0.527662, 0, 0, 0, 8, 0, 0, 0, 0.412953, -0.0183946, 0.453408, 0.48638, -0.0156758, 0.542604, 0.996195, -3.71201e-12, -0.0871557, -4.46982e-12, -1, -8.49977e-12, -0.0871557, 8.857e-12, -0.996195, 0
8.49, 2025-07-03__01-13-38.364927, -0.0722391, -0.250574, 0.0484695, -1.6454, -0.0262702, 1.28117, 0.711781, 0.000324648, 0.00114882, -0.000165589, -0.000699645, -9.96129e-05, 8.56847e-05, -0.000754966, -0.123366, -0.459859, -0.486351, -0.466529, 0.378307, -0.0949003, -0.531011, 0, 0, 0, 8, 0, 0, 0, 0.412953, -0.0183921, 0.453408, 0.48638, -0.0156758, 0.542604, 0.996195, -3.71201e-12, -0.0871557, -4.46982e-12, -1, -8.49977e-12, -0.0871557, 8.857e-12, -0.996195, 0
8.5, 2025-07-03__01-13-38.374927, -0.0722422, -0.250577, 0.0484688, -1.6454, -0.026267, 1.28117, 0.711782, 0.000476151, -0.000963922, 0.000566564, 0.00018374, -4.60239e-05, -0.000176044, 0.00132637, -0.144188, -0.33323, -0.51108, -0.532906, 0.374343, -0.0961755, -0.543653, 0, 0, 0, 8, 0, 0, 0, 0.412952, -0.0183985, 0.453409, 0.48638, -0.0156758, 0.542604, 0.996195, -3.71201e-12, -0.0871557, -4.46982e-12, -1, -8.49977e-12, -0.0871557, 8.857e-12, -0.996195, 0
8.51, 2025-07-03__01-13-38.384927, -0.0722473, -0.250574, 0.0484697, -1.6454, -0.026267, 1.28117, 0.711781, -0.000916807, -5.48792e-05, 0.000426205, 0.000124886, -0.00415799, 0.000112741, 0.00067844, -0.107208, -0.385149, -0.467605, -0.509376, 0.40515, -0.0974074, -0.539724, 0, 0, 0, 8, 0, 0, 0, 0.412954, -0.0183939, 0.453405, 0.48638, -0.0156758, 0.542604, 0.996195, -3.71201e-12, -0.0871557, -4.46982e-12, -1, -8.49977e-12, -0.0871557, 8.857e-12, -0.996195, 0
8.52, 2025-07-03__01-13-38.394926, -0.0722418, -0.250579, 0.0484694, -1.6454, -0.0262657, 1.28117, 0.711774, 0.000512379, -0.000322589, -0.000425469, -0.00100529, 8.06929e-05, 0.000101674, -0.00185916, -0.123846, -0.391559, -0.485762, -0.494278, 0.376615, -0.0954439, -0.523935, 0, 0, 0, 8, 0, 0, 0, 0.412953, -0.0183927, 0.453408, 0.48638, -0.0156758, 0.542604, 0.996195, -3.71201e-12, -0.0871557, -4.46982e-12, -1, -8.49977e-12, -0.0871557, 8.857e-12, -0.996195, 0
8.53, 2025-07-03__01-13-38.404929, -0.0722399, -0.250577, 0.0484722, -1.6454, -0.0262664, 1.28117, 0.711778, 0.000521637, 0.000218557, 0.00143696, 0.0001652, 0.000126642, -0.000256519, 0.000537315, -0.161695, -0.390136, -0.533974, -0.506055, 0.371662, -0.0949361, -0.538499, 0, 0, 0, 8, 0, 0, 0, 0.412952, -0.0183961, 0.453408, 0.48638, -0.0156758, 0.542604, 0.996195, -3.71201e-12, -0.0871557, -4.46982e-12, -1, -8.49977e-12, -0.0871557, 8.857e-12, -0.996195, 0
8.54, 2025-07-03__01-13-38.414926, -0.0722421, -0.250577, 0.0484666, -1.6454, -0.0262657, 1.28116, 0.71178, -0.000834527, -9.06222e-07, 0.00026968, -0.00117865, 0.000326894, -9.44954e-05, 0.00104788, -0.114126, -0.415506, -0.475684, -0.481206, 0.376241, -0.092823, -0.541963, 0, 0, 0, 8, 0, 0, 0, 0.412951, -0.0183935, 0.453412, 0.48638, -0.0156758, 0.542604, 0.996195, -3.71201e-12, -0.0871557, -4.46982e-12, -1, -8.49977e-12, -0.0871557, 8.857e-12, -0.996195, 0
8.55, 2025-07-03__01-13-38.424927, -0.072242, -0.250574, 0.0484669, -1.64539, -0.0262667, 1.28116, 0.711781, 0.000825329, 0.00105518, -0.000616785, 0.00135705, -0.000265645, 3.52001e-05, 0.000729842, -0.122256, -0.407588, -0.483314, -0.514191, 0.378481, -0.0982424, -0.540079, 0, 0, 0, 8, 0, 0, 0, 0.412949, -0.0183948, 0.453408, 0.48638, -0.0156758, 0.542604, 0.996195, -3.71201e-12, -0.0871557, -4.46982e-12, -1, -8.49977e-12, -0.0871557, 8.857e-12, -0.996195, 0
8.56, 2025-07-03__01-13-38.434928, -0.0722446, -0.25058, 0.0484669, -1.6454, -0.026267, 1.28117, 0.711773, -0.000320308, -5.5253e-05, -0.00115366, 0.000335056, -0.000287824, -0.000143435, -0.000576845, -0.0933709, -0.377666, -0.447812, -0.516225, 0.382158, -0.0960357, -0.531873, 0, 0, 0, 8, 0, 0, 0, 0.412951, -0.0183935, 0.453412, 0.48638, -0.0156758, 0.542604, 0.996195, -3.71201e-12, -0.0871557, -4.46982e-12, -1, -8.49977e-12, -0.0871557, 8.857e-12, -0.996195, 0
8.57, 2025-07-03__01-13-38.444928, -0.0722446, -0.250585, 0.0484695, -1.6454, -0.0262653, 1.28116, 0.711774, 0.000752118, -0.00211278, 0.000591347, 0.000561123, 1.51852e-05, -0.000123688, 0.000152985, -0.151587, -0.265471, -0.519159, -0.567702, 0.372613, -0.0974572, -0.53613, 0, 0, 0, 8, 0, 0, 0, 0.412952, -0.0183962, 0.453409, 0.48638, -0.0156758, 0.542604, 0.996195, -3.71201e-12, -0.0871557, -4.46982e-12, -1, -8.49977e-12, -0.0871557, 8.857e-12, -0.996195, 0
8.58, 2025-07-03__01-13-38.454927, -0.0722446, -0.25058, 0.0484722, -1.6454, -0.0262664, 1.28117, 0.711774, 0.000283768, 0.000563072, 0.00113572, -0.000439597, 0.000158916, 0.000527621, 0.000332855, -0.150457, -0.419807, -0.520483, -0.48742, 0.373097, -0.0990792, -0.537148, 0, 0, 0, 8, 0, 0, 0, 0.412952, -0.0183961, 0.453409, 0.48638, -0.0156758, 0.542604, 0.996195, -3.71201e-12, -0.0871557, -4.46982e-12, -1, -8.49977e-12, -0.0871557, 8.857e-12, -0.996195, 0
8.59, 2025-07-03__01-13-38.464927, -0.0722446, -0.25058, 0.0484697, -1.6454, -0.0262624, 1.28117, 0.71178, 0.000144697, 0.000183334, -0.000238282, -0.000140907, 0.000176386, -0.000150771, 0.000959611, -0.120354, -0.39715, -0.48187, -0.501176, 0.375973, -0.095082, -0.541335, 0, 0, 0, 8, 0, 0, 0, 0.412948, -0.0183952, 0.453409, 0.48638, -0.0156758, 0.542604, 0.996195, -3.71201e-12, -0.0871557, -4.46982e-12, -1, -8.49977e-12, -0.0871557, 8.857e-12, -0.996195, 0
8.6, 2025-07-03__01-13-38.474927, -0.0722424, -0.250586, 0.0484719, -1.6454, -0.0262669, 1.28116, 0.711776, 0.000385938, -0.000144694, 0.00112897, -0.00104902, -0.000217374, 0.000343976, -0.00472547, -0.152876, -0.397662, -0.523261, -0.490032, 0.375355, -0.0965188, -0.506566, 0, 0, 0, 8, 0, 0, 0, 0.412948, -0.018396, 0.453411, 0.48638, -0.0156758, 0.542604, 0.996195, -3.71201e-12, -0.0871557, -4.46982e-12, -1, -8.49977e-12, -0.0871557, 8.857e-12, -0.996195, 0
8.61, 2025-07-03__01-13-38.484928, -0.0722421, -0.250581, 0.0484662, -1.6454, -0.0262664, 1.28116, 0.711771, 0.00138612, 0.000871757, -0.000686751, 0.000255066, 8.76693e-05, 5.06235e-06, -0.00166682, -0.131232, -0.422772, -0.49414, -0.493757, 0.375605, -0.0957905, -0.524995, 0, 0, 0, 8, 0, 0, 0, 0.412952, -0.0183969, 0.45341, 0.48638, -0.0156758, 0.542604, 0.996195, -3.71201e-12, -0.0871557, -4.46982e-12, -1, -8.49977e-12, -0.0871557, 8.857e-12, -0.996195, 0
8.62, 2025-07-03__01-13-38.494927, -0.0722446, -0.250586, 0.0484669, -1.6454, -0.0262609, 1.28116, 0.71177, 0.000590058, -1.0041e-05, -0.000765292, -0.000956186, 0.000455333, -9.08015e-05, 0.00380074, -0.117394, -0.405019, -0.477528, -0.488703, 0.37462, -0.093637, -0.558045, 0, 0, 0, 8, 0, 0, 0, 0.412948, -0.0183953, 0.453411, 0.48638, -0.0156758, 0.542604, 0.996195, -3.71201e-12, -0.0871557, -4.46982e-12, -1, -8.49977e-12, -0.0871557, 8.857e-12, -0.996195, 0
8.63, 2025-07-03__01-13-38.504930, -0.0722425, -0.250587, 0.0484695, -1.6454, -0.0262645, 1.28116, 0.711769, 0.00331798, 0.000494176, -0.000412405, 0.000328723, 0.000347609, 0.000236529, 0.000382009, -0.171298, -0.394987, -0.542092, -0.506477, 0.368946, -0.0981288, -0.537111, 0, 0, 0, 8, 0, 0, 0, 0.412948, -0.0183928, 0.453411, 0.48638, -0.0156758, 0.542604, 0.996195, -3.71201e-12, -0.0871557, -4.46982e-12, -1, -8.49977e-12, -0.0871557, 8.857e-12, -0.996195, 0
8.64, 2025-07-03__01-13-38.514927, -0.0722393, -0.250587, 0.0484669, -1.6454, -0.0262621, 1.28116, 0.711775, 0.00263116, 0.000303652, -0.000705069, 0.000639685, -8.95505e-05, 0.000214586, 0.000269767, -0.153034, -0.380873, -0.5196, -0.516853, 0.373566, -0.098615, -0.536758, 0, 0, 0, 8, 0, 0, 0, 0.412948, -0.0183942, 0.453411, 0.48638, -0.0156758, 0.542604, 0.996195, -3.71201e-12, -0.0871557, -4.46982e-12, -1, -8.49977e-12, -0.0871557, 8.857e-12, -0.996195, 0
8.65, 2025-07-03__01-13-38.524928, -0.0722422, -0.250587, 0.0484697, -1.6454, -0.0262626, 1.28116, 0.711774, 0.000590338, 0.000205142, 0.000685634, 0.0021187, 1.12969e-05, -0.000271824, 0.00142265, -0.14729, -0.344376, -0.514635, -0.549227, 0.373171, -0.0980336, -0.543744, 0, 0, 0, 8, 0, 0, 0, 0.412948, -0.018394, 0.453412, 0.48638, -0.0156758, 0.542604, 0.996195, -3.71201e-12, -0.0871557, -4.46982e-12, -1, -8.49977e-12, -0.0871557, 8.857e-12, -0.996195, 0
8.66, 2025-07-03__01-13-38.534927, -0.0722495, -0.250587, 0.0484689, -1.6454, -0.0262653, 1.28116, 0.711766, -0.00158791, -0.000230297, -0.000150418, -0.000671473, 0.000139168, -0.000284969, -0.00123929, -0.0928384, -0.390268, -0.449234, -0.498785, 0.379817, -0.0927982, -0.527498, 0, 0, 0, 8, 0, 0, 0, 0.41295, -0.0183924, 0.453415, 0.48638, -0.0156758, 0.542604, 0.996195, -3.71201e-12, -0.0871557, -4.46982e-12, -1, -8.49977e-12, -0.0871557, 8.857e-12, -0.996195, 0
8.67, 2025-07-03__01-13-38.544928, -0.0722414, -0.250588, 0.0484676, -1.6454, -0.0262656, 1.28116, 0.71177, 0.00136668, 0.000357613, 0.000308278, 0.000961907, 0.000409599, -0.000388572, -0.00126073, -0.153178, -0.376585, -0.521447, -0.521356, 0.370592, -0.0949965, -0.527318, 0, 0, 0, 8, 0, 0, 0, 0.412947, -0.0183958, 0.453413, 0.48638, -0.0156758, 0.542604, 0.996195, -3.71201e-12, -0.0871557, -4.46982e-12, -1, -8.49977e-12, -0.0871557, 8.857e-12, -0.996195, 0
8.68, 2025-07-03__01-13-38.554927, -0.0722442, -0.250586, 0.0484662, -1.6454, -0.0262617, 1.28116, 0.711772, -0.000145061, 0.00168966, -0.00103116, -0.00013152, 5.74549e-05, -3.89844e-05, -0.000688376, -0.0961727, -0.472331, -0.452289, -0.467987, 0.38005, -0.0943676, -0.531025, 0, 0, 0, 8, 0, 0, 0, 0.412948, -0.0183907, 0.453413, 0.48638, -0.0156758, 0.542604, 0.996195, -3.71201e-12, -0.0871557, -4.46982e-12, -1, -8.49977e-12, -0.0871557, 8.857e-12, -0.996195, 0
8.69, 2025-07-03__01-13-38.564926, -0.0722474, -0.25059, 0.0484669, -1.6454, -0.0262666, 1.28116, 0.711771, -0.00139529, 0.000331002, -0.000842157, -0.000349806, -0.000119091, 6.0305e-05, 0.000484878, -0.0806125, -0.410034, -0.43361, -0.49443, 0.382918, -0.0955573, -0.53829, 0, 0, 0, 8, 0, 0, 0, 0.412947, -0.0183933, 0.453413, 0.48638, -0.0156758, 0.542604, 0.996195, -3.71201e-12, -0.0871557, -4.46982e-12, -1, -8.49977e-12, -0.0871557, 8.857e-12, -0.996195, 0
8.7, 2025-07-03__01-13-38.574926, -0.0722467, -0.250592, 0.0484715, -1.6454, -0.026262, 1.28116, 0.711771, 0.000635455, -0.000868776, 0.00109539, 0.000183866, 0.000250943, 5.16405e-05, -0.0019543, -0.158253, -0.331083, -0.528644, -0.5337, 0.370806, -0.0974554, -0.523127, 0, 0, 0, 8, 0, 0, 0, 0.412948, -0.0183958, 0.453411, 0.48638, -0.0156758, 0.542604, 0.996195, -3.71201e-12, -0.0871557, -4.46982e-12, -1, -8.49977e-12, -0.0871557, 8.857e-12, -0.996195, 0
8.71, 2025-07-03__01-13-38.584928, -0.0722446, -0.250585, 0.0484662, -1.6454, -0.0262659, 1.28116, 0.711771, -0.000505438, 0.00200158, -0.000270721, -0.000610187, 2.36715e-06, -0.000325434, -0.00337059, -0.104925, -0.498853, -0.464452, -0.449636, 0.379938, -0.0912695, -0.514746, 0, 0, 0, 8, 0, 0, 0, 0.412947, -0.0183939, 0.453413, 0.48638, -0.0156758, 0.542604, 0.996195, -3.71201e-12, -0.0871557, -4.46982e-12, -1, -8.49977e-12, -0.0871557, 8.857e-12, -0.996195, 0
8.72, 2025-07-03__01-13-38.594927, -0.0722456, -0.250593, 0.0484668, -1.6454, -0.0262637, 1.28116, 0.711767, 0.000136357, 0.000276869, 0.000271519, 0.00156637, -0.000251763, 9.76627e-06, -0.000380903, -0.129874, -0.358551, -0.493372, -0.537601, 0.377232, -0.0990224, -0.532622, 0, 0, 0, 8, 0, 0, 0, 0.412947, -0.0183977, 0.453414, 0.48638, -0.0156758, 0.542604, 0.996195, -3.71201e-12, -0.0871557, -4.46982e-12, -1, -8.49977e-12, -0.0871557, 8.857e-12, -0.996195, 0
8.73, 2025-07-03__01-13-38.604928, -0.0722447, -0.250594, 0.0484676, -1.6454, -0.026262, 1.28116, 0.711772, -0.000424191, 0.000555201, 0.000979518, -0.000190733, -3.54629e-05, 0.00049816, -0.00185923, -0.1344, -0.41071, -0.500844, -0.494697, 0.375992, -0.0990165, -0.523839, 0, 0, 0, 8, 0, 0, 0, 0.412946, -0.0183931, 0.453416, 0.48638, -0.0156758, 0.542604, 0.996195, -3.71201e-12, -0.0871557, -4.46982e-12, -1, -8.49977e-12, -0.0871557, 8.857e-12, -0.996195, 0
8.74, 2025-07-03__01-13-38.614927, -0.0722468, -0.250593, 0.0484695, -1.6454, -0.0262609, 1.28116, 0.711775, -0.000259383, 0.000220932, 0.000801185, 0.000875532, 0.000206584, -0.000268734, 0.000816497, -0.134724, -0.371019, -0.500378, -0.523602, 0.373755, -0.0958996, -0.540201, 0, 0, 0, 8, 0, 0, 0, 0.412947, -0.0183942, 0.453415, 0.48638, -0.0156758, 0.542604, 0.996195, -3.71201e-12, -0.0871557, -4.46982e-12, -1, -8.49977e-12, -0.0871557, 8.857e-12, -0.996195, 0
8.75, 2025-07-03__01-13-38.624931, -0.0722477, -0.250596, 0.0484676, -1.6454, -0.0262617, 1.28116, 0.711768, -0.000470969, -0.000103512, 0.000167192, -0.000865821, 1.83704e-05, -1.9207e-05, -0.00537097, -0.118076, -0.394255, -0.479885, -0.494391, 0.377663, -0.0945184, -0.502433, 0, 0, 0, 8, 0, 0, 0, 0.412947, -0.0183942, 0.453415, 0.48638, -0.0156758, 0.542604, 0.996195, -3.71201e-12, -0.0871557, -4.46982e-12, -1, -8.49977e-12, -0.0871557, 8.857e-12, -0.996195, 0
8.76, 2025-07-03__01-13-38.634931, -0.0722445, -0.250596, 0.0484697, -1.6454, -0.0262621, 1.28116, 0.711767, 0.000192331, 0.000925409, 7.23488e-05, -0.000247974, 0.000136665, -9.14498e-05, -0.000658781, -0.126474, -0.429923, -0.489957, -0.484853, 0.375916, -0.094694, -0.530823, 0, 0, 0, 8, 0, 0, 0, 0.412946, -0.0183939, 0.453418, 0.48638, -0.0156758, 0.542604, 0.996195, -3.71201e-12, -0.0871557, -4.46982e-12, -1, -8.49977e-12, -0.0871557, 8.857e-12, -0.996195, 0
8.77, 2025-07-03__01-13-38.644933, -0.0722478, -0.250599, 0.0484667, -1.64541, -0.0262663, 1.28116, 0.711769, -0.000278126, -7.69691e-05, -0.00144882, -0.00156352, -0.00690703, 0.000118981, -0.000406381, -0.0739208, -0.419024, -0.425358, -0.474861, 0.42708, -0.0939406, -0.532586, 0, 0, 0, 8, 0, 0, 0, 0.412947, -0.0183938, 0.453416, 0.48638, -0.0156758, 0.542604, 0.996195, -3.71201e-12, -0.0871557, -4.46982e-12, -1, -8.49977e-12, -0.0871557, 8.857e-12, -0.996195, 0
8.78, 2025-07-03__01-13-38.654933, -0.0722505, -0.250599, 0.0484689, -1.6454, -0.0262623, 1.28116, 0.711767, -0.000873875, -0.0012039, 2.13775e-05, 0.000860448, -0.000629669, 0.000316833, 0.000370789, -0.108988, -0.300451, -0.467671, -0.557203, 0.381819, -0.100871, -0.537287, 0, 0, 0, 8, 0, 0, 0, 0.412947, -0.018393, 0.453415, 0.48638, -0.0156758, 0.542604, 0.996195, -3.71201e-12, -0.0871557, -4.46982e-12, -1, -8.49977e-12, -0.0871557, 8.857e-12, -0.996195, 0
8.79, 2025-07-03__01-13-38.664933, -0.0722471, -0.250593, 0.0484697, -1.6454, -0.0262609, 1.28116, 0.711765, -0.00069144, 0.00159529, 0.0001477, 0.000664238, 0.000192131, 5.34172e-05, -0.00725887, -0.112173, -0.445465, -0.472992, -0.488578, 0.377316, -0.0966708, -0.490795, 0, 0, 0, 8, 0, 0, 0, 0.412947, -0.0183931, 0.453416, 0.48638, -0.0156758, 0.542604, 0.996195, -3.71201e-12, -0.0871557, -4.46982e-12, -1, -8.49977e-12, -0.0871557, 8.857e-12, -0.996195, 0
8.8, 2025-07-03__01-13-38.674935, -0.0722478, -0.250599, 0.0484697, -1.6454, -0.0262609, 1.28116, 0.711764, -0.00024174, 0.00082806, -1.13946e-05, -0.000938227, 0.000178928, -2.11659e-05, -0.000638229, -0.11711, -0.440234, -0.478864, -0.472839, 0.376909, -0.0940297, -0.530848, 0, 0, 0, 8, 0, 0, 0, 0.412946, -0.018393, 0.453417, 0.48638, -0.0156758, 0.542604, 0.996195, -3.71201e-12, -0.0871557, -4.46982e-12, -1, -8.49977e-12, -0.0871557, 8.857e-12, -0.996195, 0
8.81, 2025-07-03__01-13-38.684946, -0.0722478, -0.250599, 0.0484722, -1.64539, -0.0262616, 1.28116, 0.711763, -0.000430776, 0.000566574, 0.00100955, 0.00219727, 0.000137768, -0.000228537, 8.95304e-05, -0.136302, -0.35229, -0.502139, -0.54788, 0.373849, -0.0991423, -0.535163, 0, 0, 0, 8, 0, 0, 0, 0.412946, -0.0183919, 0.453417, 0.48638, -0.0156758, 0.542604, 0.996195, -3.71201e-12, -0.0871557, -4.46982e-12, -1, -8.49977e-12, -0.0871557, 8.857e-12, -0.996195, 0
8.82, 2025-07-03__01-13-38.694945, -0.0722453, -0.250602, 0.0484669, -1.6454, -0.0262609, 1.28116, 0.711762, 0.000763362, -0.000265656, -0.000872643, 0.00103686, 0.000274579, 0.000378768, -0.00511791, -0.11964, -0.339556, -0.478928, -0.541499, 0.375135, -0.101067, -0.50367, 0, 0, 0, 8, 0, 0, 0, 0.412946, -0.0183952, 0.453417, 0.48638, -0.0156758, 0.542604, 0.996195, -3.71201e-12, -0.0871557, -4.46982e-12, -1, -8.49977e-12, -0.0871557, 8.857e-12, -0.996195, 0
8.83, 2025-07-03__01-13-38.704945, -0.0722509, -0.250597, 0.0484669, -1.6454, -0.0262623, 1.28116, 0.711762, -0.00205496, 0.00117229, 2.4514e-05, -0.000561274, -0.000262328, 0.000493552, 0.000533359, -0.0848106, -0.452679, -0.440533, -0.473092, 0.383564, -0.0979207, -0.538067, 0, 0, 0, 8, 0, 0, 0, 0.412946, -0.018395, 0.453418, 0.48638, -0.0156758, 0.542604, 0.996195, -3.71201e-12, -0.0871557, -4.46982e-12, -1, -8.49977e-12, -0.0871557, 8.857e-12, -0.996195, 0
8.84, 2025-07-03__01-13-38.714945, -0.0722499, -0.2506, 0.0484699, -1.6454, -0.0262619, 1.28116, 0.711758, 0.000139798, 0.00156238, 0.00109539, 0.000202208, 0.00509091, -0.000230187, -0.000960682, -0.155036, -0.445798, -0.525504, -0.482435, 0.341198, -0.0942473, -0.528663, 0, 0, 0, 8, 0, 0, 0, 0.412946, -0.0183939, 0.453417, 0.48638, -0.0156758, 0.542604, 0.996195, -3.71201e-12, -0.0871557, -4.46982e-12, -1, -8.49977e-12, -0.0871557, 8.857e-12, -0.996195, 0
8.85, 2025-07-03__01-13-38.724945, -0.0722478, -0.250602, 0.0484674, -1.6454, -0.0262616, 1.28116, 0.711765, 0.000138947, 0.000569738, 0.000514892, -0.000196393, 0.000386182, -0.000135219, 0.000224381, -0.135055, -0.40786, -0.50073, -0.495156, 0.373133, -0.0949379, -0.53614, 0, 0, 0, 8, 0, 0, 0, 0.412946, -0.0183958, 0.453418, 0.48638, -0.0156758, 0.542604, 0.996195, -3.71201e-12, -0.0871557, -4.46982e-12, -1, -8.49977e-12, -0.0871557, 8.857e-12, -0.996195, 0
8.86, 2025-07-03__01-13-38.734945, -0.0722478, -0.250603, 0.0484721, -1.6454, -0.0262616, 1.28116, 0.711762, -0.000636992, -8.97537e-05, 0.00118277, -0.000856064, 5.17558e-05, -0.00021485, 0.000453825, -0.136352, -0.389977, -0.503447, -0.495532, 0.375225, -0.0936179, -0.53727, 0, 0, 0, 8, 0, 0, 0, 0.412946, -0.0183943, 0.453418, 0.48638, -0.0156758, 0.542604, 0.996195, -3.71201e-12, -0.0871557, -4.46982e-12, -1, -8.49977e-12, -0.0871557, 8.857e-12, -0.996195, 0
8.87, 2025-07-03__01-13-38.744945, -0.072246, -0.250605, 0.0484697, -1.6454, -0.0262616, 1.28116, 0.711761, 0.00111357, 4.88545e-05, 1.45467e-05, 4.3543e-05, -2.21419e-05, 0.000107864, 4.26455e-05, -0.142274, -0.374356, -0.508072, -0.513277, 0.374686, -0.0975009, -0.534753, 0, 0, 0, 8, 0, 0, 0, 0.412946, -0.0183952, 0.453418, 0.48638, -0.0156758, 0.542604, 0.996195, -3.71201e-12, -0.0871557, -4.46982e-12, -1, -8.49977e-12, -0.0871557, 8.857e-12, -0.996195, 0
8.88, 2025-07-03__01-13-38.754944, -0.0722513, -0.250605, 0.0484694, -1.6454, -0.0262622, 1.28116, 0.711757, -0.000689809, 0.000212505, 0.00138832, -8.37959e-05, -0.000126637, -6.90627e-05, -0.00127088, -0.138395, -0.386348, -0.506044, -0.505941, 0.376055, -0.0959053, -0.526685, 0, 0, 0, 8, 0, 0, 0, 0.412946, -0.018396, 0.453418, 0.48638, -0.0156758, 0.542604, 0.996195, -3.71201e-12, -0.0871557, -4.46982e-12, -1, -8.49977e-12, -0.0871557, 8.857e-12, -0.996195, 0
8.89, 2025-07-03__01-13-38.764945, -0.0722506, -0.250608, 0.0484697, -1.6454, -0.0262623, 1.28116, 0.71176, -0.00129522, -0.000197322, -0.000502906, -0.00182308, -2.04222e-05, -5.0695e-05, -0.000508054, -0.0902474, -0.407811, -0.445855, -0.478504, 0.381428, -0.0930214, -0.531592, 0, 0, 0, 8, 0, 0, 0, 0.412946, -0.0183912, 0.453418, 0.48638, -0.0156758, 0.542604, 0.996195, -3.71201e-12, -0.0871557, -4.46982e-12, -1, -8.49977e-12, -0.0871557, 8.857e-12, -0.996195, 0
8.9, 2025-07-03__01-13-38.774945, -0.0722488, -0.250604, 0.048469, -1.6454, -0.0262623, 1.28116, 0.711766, 1.59647e-05, 0.000859632, 6.00211e-05, 0.00175309, -5.87751e-05, 0.000259268, 0.000675276, -0.12305, -0.378203, -0.485042, -0.531514, 0.376832, -0.101126, -0.539005, 0, 0, 0, 8, 0, 0, 0, 0.412945, -0.0183976, 0.45342, 0.48638, -0.0156758, 0.542604, 0.996195, -3.71201e-12, -0.0871557, -4.46982e-12, -1, -8.49977e-12, -0.0871557, 8.857e-12, -0.996195, 0
8.91, 2025-07-03__01-13-38.784962, -0.072246, -0.250603, 0.0484696, -1.64541, -0.0262591, 1.28116, 0.711761, 0.0004582, 0.00120347, -0.000276785, -0.00230802, -0.000215674, 2.52136e-05, 0.000685543, -0.121834, -0.490625, -0.484771, -0.433559, 0.379299, -0.0912798, -0.53858, 0, 0, 0, 8, 0, 0, 0, 0.412946, -0.018394, 0.453419, 0.48638, -0.0156758, 0.542604, 0.996195, -3.71201e-12, -0.0871557, -4.46982e-12, -1, -8.49977e-12, -0.0871557, 8.857e-12, -0.996195, 0
8.92, 2025-07-03__01-13-38.794933, -0.0722456, -0.250608, 0.0484697, -1.6454, -0.0262616, 1.28116, 0.711763, 0.00076188, -0.00101268, -0.000533969, -0.00111491, 3.40083e-05, 2.46834e-06, 0.001431, -0.126776, -0.347884, -0.488593, -0.512746, 0.376169, -0.0953412, -0.543324, 0, 0, 0, 8, 0, 0, 0, 0.412945, -0.0183933, 0.45342, 0.48638, -0.0156758, 0.542604, 0.996195, -3.71201e-12, -0.0871557, -4.46982e-12, -1, -8.49977e-12, -0.0871557, 8.857e-12, -0.996195, 0
8.93, 2025-07-03__01-13-38.804933, -0.0722474, -0.250603, 0.0484697, -1.6454, -0.0262602, 1.28116, 0.711764, 0.000992025, 0.00115862, -0.0005017, 0.000317611, -4.37532e-05, 5.92288e-05, 0.000231262, -0.12756, -0.424967, -0.490091, -0.49379, 0.376661, -0.0969132, -0.536075, 0, 0, 0, 8, 0, 0, 0, 0.412948, -0.0183914, 0.453423, 0.48638, -0.0156758, 0.542604, 0.996195, -3.71201e-12, -0.0871557, -4.46982e-12, -1, -8.49977e-12, -0.0871557, 8.857e-12, -0.996195, 0
8.94, 2025-07-03__01-13-38.814929, -0.0722499, -0.250607, 0.048467, -1.6454, -0.0262616, 1.28115, 0.711756, -0.000251485, 0.000307333, -0.0010919, 0.00129239, -6.2546e-05, -0.000240094, 0.00537079, -0.0952372, -0.364297, -0.449752, -0.532845, 0.379925, -0.0965524, -0.567032, 0, 0, 0, 8, 0, 0, 0, 0.412942, -0.0183928, 0.45342, 0.48638, -0.0156758, 0.542604, 0.996195, -3.71201e-12, -0.0871557, -4.46982e-12, -1, -8.49977e-12, -0.0871557, 8.857e-12, -0.996195, 0
8.95, 2025-07-03__01-13-38.824930, -0.0722484, -0.250606, 0.0484676, -1.6454, -0.0262616, 1.28115, 0.711753, 0.000798013, 0.000509844, 0.000378214, 6.99449e-06, -0.000103389, 0.000328438, -0.000210719, -0.142761, -0.399405, -0.509499, -0.501576, 0.37535, -0.0979992, -0.532861, 0, 0, 0, 8, 0, 0, 0, 0.412942, -0.0183959, 0.453419, 0.48638, -0.0156758, 0.542604, 0.996195, -3.71201e-12, -0.0871557, -4.46982e-12, -1, -8.49977e-12, -0.0871557, 8.857e-12, -0.996195, 0
8.96, 2025-07-03__01-13-38.834937, -0.072251, -0.250614, 0.0484669, -1.6454, -0.0262576, 1.28115, 0.711758, 2.63634e-06, -0.00136714, -0.000531243, -0.000622774, 0.000321658, 5.80562e-05, 0.00136588, -0.114169, -0.319621, -0.473145, -0.531531, 0.375352, -0.096265, -0.542793, 0, 0, 0, 8, 0, 0, 0, 0.412942, -0.0183951, 0.45342, 0.48638, -0.0156758, 0.542604, 0.996195, -3.71201e-12, -0.0871557, -4.46982e-12, -1, -8.49977e-12, -0.0871557, 8.857e-12, -0.996195, 0
8.97, 2025-07-03__01-13-38.844935, -0.0722479, -0.250609, 0.0484668, -1.6454, -0.0262616, 1.28116, 0.711753, 0.000282954, 0.000365854, -0.00242565, -0.000407133, 0.000247926, 0.000471232, -0.000458266, -0.0780306, -0.403282, -0.427471, -0.498074, 0.38077, -0.0988802, -0.531583, 0, 0, 0, 8, 0, 0, 0, 0.412945, -0.0183959, 0.453421, 0.48638, -0.0156758, 0.542604, 0.996195, -3.71201e-12, -0.0871557, -4.46982e-12, -1, -8.49977e-12, -0.0871557, 8.857e-12, -0.996195, 0
8.98, 2025-07-03__01-13-38.854932, -0.0722509, -0.250614, 0.0484669, -1.6454, -0.0262619, 1.28115, 0.711758, 0.000249833, -0.000740612, 0.00580727, 0.000958263, -8.941e-05, 2.27565e-05, 0.00113571, -0.24574, -0.304701, -0.640817, -0.550851, 0.362567, -0.0990382, -0.541066, 0, 0, 0, 8, 0, 0, 0, 0.412944, -0.0183973, 0.453424, 0.48638, -0.0156758, 0.542604, 0.996195, -3.71201e-12, -0.0871557, -4.46982e-12, -1, -8.49977e-12, -0.0871557, 8.857e-12, -0.996195, 0
8.99, 2025-07-03__01-13-38.864932, -0.0722537, -0.250606, 0.0484662, -1.6454, -0.026259, 1.28115, 0.711758, -0.001137, 0.00164331, -9.26452e-05, -9.1333e-05, -0.000228378, -1.52167e-05, 0.000662543, -0.0970055, -0.462156, -0.454824, -0.47283, 0.38168, -0.0946465, -0.538595, 0, 0, 0, 8, 0, 0, 0, 0.412941, -0.0183973, 0.453422, 0.48638, -0.0156758, 0.542604, 0.996195, -3.71201e-12, -0.0871557, -4.46982e-12, -1, -8.49977e-12, -0.0871557, 8.857e-12, -0.996195, 0
9, 2025-07-03__01-13-38.874934, -0.0722507, -0.25061, 0.0484666, -1.6454, -0.0262577, 1.28115, 0.711755, -0.000429544, 0.000881613, -0.000781703, -0.000509258, 0.000483719, 5.32285e-05, 0.000390812, -0.0981766, -0.431334, -0.454672, -0.482527, 0.376882, -0.0949071, -0.536731, 0, 0, 0, 8, 0, 0, 0, 0.412941, -0.0183936, 0.453422, 0.48638, -0.0156758, 0.542604, 0.996195, -3.71201e-12, -0.0871557, -4.46982e-12, -1, -8.49977e-12, -0.0871557, 8.857e-12, -0.996195, 0
9.01, 2025-07-03__01-13-38.884931, -0.072251, -0.250617, 0.0484697, -1.6454, -0.026257, 1.28115, 0.711747, -0.000688379, -0.00116745, 0.000399862, -0.000464468, 0.000423781, -0.000198825, -0.00139505, -0.121846, -0.32412, -0.483872, -0.530476, 0.374018, -0.0947387, -0.525394, 0, 0, 0, 8, 0, 0, 0, 0.412941, -0.0183929, 0.453422, 0.48638, -0.0156758, 0.542604, 0.996195, -3.71201e-12, -0.0871557, -4.46982e-12, -1, -8.49977e-12, -0.0871557, 8.857e-12, -0.996195, 0
9.02, 2025-07-03__01-13-38.894932, -0.0722457, -0.250615, 0.0484722, -1.6454, -0.0262619, 1.28115, 0.711751, 0.00129989, -0.000528876, 0.000859357, 0.000451882, -0.000459811, -0.000133111, -0.00152207, -0.163477, -0.332204, -0.534344, -0.535671, 0.374826, -0.0966208, -0.524628, 0, 0, 0, 8, 0, 0, 0, 0.412941, -0.018394, 0.453422, 0.48638, -0.0156758, 0.542604, 0.996195, -3.71201e-12, -0.0871557, -4.46982e-12, -1, -8.49977e-12, -0.0871557, 8.857e-12, -0.996195, 0
9.03, 2025-07-03__01-13-38.904935, -0.072251, -0.250615, 0.0484701, -1.6454, -0.0262606, 1.28116, 0.711756, -0.000718002, -6.72969e-05, 0.000842768, 0.0014465, 4.20989e-05, 0.000502316, 0.000629943, -0.128299, -0.333791, -0.492249, -0.548449, 0.375454, -0.103175, -0.538195, 0, 0, 0, 8, 0, 0, 0, 0.412945, -0.0183931, 0.453422, 0.48638, -0.0156758, 0.542604, 0.996195, -3.71201e-12, -0.0871557, -4.46982e-12, -1, -8.49977e-12, -0.0871557, 8.857e-12, -0.996195, 0
9.04, 2025-07-03__01-13-38.914932, -0.0722485, -0.250615, 0.0484695, -1.6454, -0.0262605, 1.28115, 0.711753, 0.000397329, -4.32449e-05, 0.000233515, -0.00151061, -1.24412e-07, 0.000155255, 0.000681859, -0.134063, -0.402695, -0.499194, -0.483143, 0.376001, -0.0946378, -0.538237, 0, 0, 0, 8, 0, 0, 0, 0.412941, -0.0183942, 0.453422, 0.48638, -0.0156758, 0.542604, 0.996195, -3.71201e-12, -0.0871557, -4.46982e-12, -1, -8.49977e-12, -0.0871557, 8.857e-12, -0.996195, 0
9.05, 2025-07-03__01-13-38.924932, -0.0722512, -0.250615, 0.0484722, -1.6454, -0.026261, 1.28115, 0.71175, -0.00416977, 0.000212831, 0.000633828, 0.000227594, -5.48215e-06, -0.000241299, -0.00101585, -0.0646073, -0.383911, -0.416633, -0.512532, 0.383954, -0.0946641, -0.528059, 0, 0, 0, 8, 0, 0, 0, 0.412941, -0.0183925, 0.453423, 0.48638, -0.0156758, 0.542604, 0.996195, -3.71201e-12, -0.0871557, -4.46982e-12, -1, -8.49977e-12, -0.0871557, 8.857e-12, -0.996195, 0
9.06, 2025-07-03__01-13-38.934932, -0.0722537, -0.250618, 0.0484697, -1.6454, -0.0262608, 1.28115, 0.711753, -0.00121516, -0.000446983, 0.000209373, 0.00137152, 0.000165094, 0.00016379, -0.000541444, -0.107562, -0.319256, -0.466274, -0.55428, 0.377049, -0.100206, -0.531068, 0, 0, 0, 8, 0, 0, 0, 0.412941, -0.0183945, 0.453423, 0.48638, -0.0156758, 0.542604, 0.996195, -3.71201e-12, -0.0871557, -4.46982e-12, -1, -8.49977e-12, -0.0871557, 8.857e-12, -0.996195, 0
9.07, 2025-07-03__01-13-38.944933, -0.072251, -0.250612, 0.0484644, -1.6454, -0.0262602, 1.28115, 0.711753, 0.000291038, 0.00129756, -0.00427081, 0.000447511, 9.28892e-05, 0.000122913, 0.000714335, -0.0381875, -0.433765, -0.376867, -0.494632, 0.386209, -0.0967909, -0.538882, 0, 0, 0, 8, 0, 0, 0, 0.412941, -0.0183939, 0.453422, 0.48638, -0.0156758, 0.542604, 0.996195, -3.71201e-12, -0.0871557, -4.46982e-12, -1, -8.49977e-12, -0.0871557, 8.857e-12, -0.996195, 0
9.08, 2025-07-03__01-13-38.954931, -0.0722485, -0.250618, 0.0484697, -1.6454, -0.0262615, 1.28115, 0.711748, 0.000530872, -0.00111285, 0.000642394, 0.000611212, 5.16595e-05, -8.79378e-05, -0.00118264, 0.822351, 7.28773, 0.928416, -20.7943, -0.507484, 11.9199, -0.169978, 0, 0, 0, 8, 0, 0, 0, 0.412941, -0.0183954, 0.453423, 0.48638, -0.0156758, 0.542604, 0.996195, -3.71201e-12, -0.0871557, -4.46982e-12, -1, -8.49977e-12, -0.0871557, 8.857e-12, -0.996195, 0
9.09, 2025-07-03__01-13-38.964932, -0.0722487, -0.250601, 0.048495, -1.64545, -0.0262689, 1.28134, 0.711769, 0.00177522, 0.00600237, 0.00561596, -0.0137004, -0.00698665, 0.0616324, 0.00159382, 0.7239, 6.68946, 0.792883, -20.3432, -0.464741, 11.5166, -0.187477, 0, 0, 0, 8, 0, 0, 0, 0.41297, -0.0183909, 0.453414, 0.48638, -0.0156758, 0.142604, 0.996195, -3.71201e-12, -0.0871557, -4.46982e-12, -1, -8.49977e-12, -0.0871557, 8.857e-12, -0.996195, 0
9.1, 2025-07-03__01-13-38.974937, -0.0722807, -0.250427, 0.0486487, -1.64699, -0.0262665, 1.2867, 0.711844, -0.0049336, 0.0097516, 0.0176306, -0.223009, 0.000170503, 0.767538, 0.00657649, 0.557053, 3.18184, 0.501848, -15.7881, -0.431777, 6.8121, -0.229069, 0, 0, 0, 8, 0, 0, 0, 0.414331, -0.0183805, 0.453036, 0.48638, -0.0156758, 0.142604, 0.996195, -3.71201e-12, -0.0871557, -4.46982e-12, -1, -8.49977e-12, -0.0871557, 8.857e-12, -0.996195, 0
9.11, 2025-07-03__01-13-38.984932, -0.0722562, -0.251577, 0.0487857, -1.65163, -0.0262771, 1.30053, 0.711862, 0.00367054, -0.161723, 0.0117399, -0.522128, -0.0019399, 1.52539, 0.000407173, 0.145445, 8.10431, 0.0254666, -13.0603, -0.381627, 1.38684, -0.203947, 0, 0, 0, 8, 0, 0, 0, 0.417986, -0.0184176, 0.452293, 0.48638, -0.0156758, 0.142604, 0.996195, -3.71201e-12, -0.0871557, -4.46982e-12, -1, -8.49977e-12, -0.0871557, 8.857e-12, -0.996195, 0
9.12, 2025-07-03__01-13-38.994932, -0.0721989, -0.253768, 0.0488195, -1.65822, -0.0262765, 1.31817, 0.711855, 0.00349634, -0.216376, 0.00288199, -0.698881, -0.000432559, 1.79274, -0.00211962, 0.106682, 10.4208, 0.00170759, -10.4023, -0.33069, -1.00871, -0.194919, 0, 0, 0, 8, 0, 0, 0, 0.422555, -0.0185047, 0.451454, 0.48638, -0.0156758, 0.142604, 0.996195, -3.71201e-12, -0.0871557, -4.46982e-12, -1, -8.49977e-12, -0.0871557, 8.857e-12, -0.996195, 0
9.13, 2025-07-03__01-13-39.004932, -0.0722521, -0.255585, 0.0487879, -1.66579, -0.0263219, 1.33621, 0.711865, -0.00402178, -0.171261, -0.000387997, -0.760515, -0.00206718, 1.79118, -0.00474505, 0.262032, 9.95939, 0.191023, -8.1936, -0.255309, -1.653, -0.186362, 0, 0, 0, 8, 0, 0, 0, 0.427135, -0.0186789, 0.450129, 0.48638, -0.0156758, 0.142604, 0.996195, -3.71201e-12, -0.0871557, -4.46982e-12, -1, -8.49977e-12, -0.0871557, 8.857e-12, -0.996195, 0
9.14, 2025-07-03__01-13-39.014929, -0.072323, -0.257086, 0.0488015, -1.67368, -0.0263772, 1.35289, 0.711864, -0.0092729, -0.148013, 0.00649556, -0.795259, -0.01022, 1.62022, 0.00159238, 0.168252, 10.5521, 0.0777856, -6.76735, -0.18713, -1.07845, -0.224548, 0, 0, 0, 8, 0, 0, 0, 0.43125, -0.0188357, 0.448474, 0.48638, -0.0156758, 0.142604, 0.996195, -3.71201e-12, -0.0871557, -4.46982e-12, -1, -8.49977e-12, -0.0871557, 8.857e-12, -0.996195, 0
9.15, 2025-07-03__01-13-39.024931, -0.0722666, -0.258493, 0.0489143, -1.68189, -0.0263923, 1.3678, 0.711862, 0.00605477, -0.137799, 0.0139323, -0.824728, -0.00128369, 1.47266, -0.00150743, -0.339771, 11.4205, -0.525024, -5.69889, -0.276638, -0.549572, -0.194579, 0, 0, 0, 8, 0, 0, 0, 0.434641, -0.0188917, 0.446547, 0.48638, -0.0156758, 0.142604, 0.996195, -3.71201e-12, -0.0871557, -4.46982e-12, -1, -8.49977e-12, -0.0871557, 8.857e-12, -0.996195, 0
9.16, 2025-07-03__01-13-39.034928, -0.07218, -0.259568, 0.0490897, -1.68991, -0.026393, 1.38152, 0.71187, 0.0102623, -0.0844939, 0.0195611, -0.784354, -0.000547526, 1.35932, 0.000577819, -0.539556, 11.3968, -0.754052, -5.69915, -0.289689, -0.275228, -0.193565, 0, 0, 0, 8, 0, 0, 0, 0.437649, -0.0188703, 0.444471, 0.48638, -0.0156758, 0.142604, 0.996195, -3.71201e-12, -0.0871557, -4.46982e-12, -1, -8.49977e-12, -0.0871557, 8.857e-12, -0.996195, 0
9.17, 2025-07-03__01-13-39.044928, -0.072128, -0.259931, 0.0493074, -1.69751, -0.0263839, 1.39474, 0.711878, 0.00279738, -0.0190192, 0.0247724, -0.768914, -0.000103295, 1.30511, 0.00239422, -0.49118, 10.0334, -0.705559, -4.76744, -0.261357, -0.294409, -0.190272, 0, 0, 0, 8, 0, 0, 0, 0.44061, -0.018834, 0.442257, 0.48638, -0.0156758, 0.142604, 0.996195, -3.71201e-12, -0.0871557, -4.46982e-12, -1, -8.49977e-12, -0.0871557, 8.857e-12, -0.996195, 0
9.18, 2025-07-03__01-13-39.054927, -0.0721531, -0.259774, 0.0494767, -1.70523, -0.0263988, 1.40698, 0.711879, -0.00338461, 0.0164607, 0.0112142, -0.777993, -0.000957983, 1.18147, -0.000464611, -0.0873464, 9.1188, -0.203475, -3.56565, -0.194256, 0.298569, -0.160186, 0, 0, 0, 8, 0, 0, 0, 0.44328, -0.0188567, 0.439688, 0.48638, -0.0156758, 0.142604, 0.996195, -3.71201e-12, -0.0871557, -4.46982e-12, -1, -8.49977e-12, -0.0871557, 8.857e-12, -0.996195, 0
9.19, 2025-07-03__01-13-39.064927, -0.0721703, -0.259485, 0.0496469, -1.71269, -0.0264144, 1.4186, 0.711889, -0.0021189, 0.0476929, 0.0147027, -0.731269, -0.00636907, 1.14805, -0.000210456, -0.18402, 9.64495, -0.302773, -4.28387, -0.168123, 0.180762, -0.15023, 0, 0, 0, 8, 0, 0, 0, 0.445717, -0.0188872, 0.4371, 0.48638, -0.0156758, 0.142604, 0.996195, -3.71201e-12, -0.0871557, -4.46982e-12, -1, -8.49977e-12, -0.0871557, 8.857e-12, -0.996195, 0
9.2, 2025-07-03__01-13-39.074933, -0.0721651, -0.258558, 0.0497958, -1.71977, -0.0263957, 1.42988, 0.711895, 0.000835612, 0.121076, 0.0134746, -0.704304, 0.00175263, 1.12008, 0.000855671, -0.146373, 7.53852, -0.262168, -3.47597, -0.198574, 0.148276, -0.142971, 0, 0, 0, 8, 0, 0, 0, 0.448178, -0.0188848, 0.434403, 0.48638, -0.0156758, 0.142604, 0.996195, -3.71201e-12, -0.0871557, -4.46982e-12, -1, -8.49977e-12, -0.0871557, 8.857e-12, -0.996195, 0
9.21, 2025-07-03__01-13-39.084943, -0.0721601, -0.257076, 0.0499576, -1.72686, -0.0264304, 1.44068, 0.711901, -0.000622246, 0.157976, 0.0139186, -0.698959, -0.0133321, 1.05679, 0.000923198, -0.0696869, 6.43576, -0.175628, -2.71274, -0.081391, 0.440695, -0.126634, 0, 0, 0, 8, 0, 0, 0, 0.450502, -0.0188985, 0.431384, 0.48638, -0.0156758, 0.142604, 0.996195, -3.71201e-12, -0.0871557, -4.46982e-12, -1, -8.49977e-12, -0.0871557, 8.857e-12, -0.996195, 0
9.22, 2025-07-03__01-13-39.094936, -0.072148, -0.255464, 0.0501254, -1.73383, -0.0263944, 1.45099, 0.711916, 0.00211457, 0.162872, 0.0182501, -0.696018, 0.00516843, 1.03694, 0.00671893, -0.257603, 6.78111, -0.39004, -10.8714, -0.214441, 0.441719, -0.145176, 0, 0, 0, 0, 0, 0, 0, 0.452662, -0.0188861, 0.428299, 0.48638, -0.0156758, 0.142604, 0.996195, -3.71201e-12, -0.0871557, -4.46982e-12, -1, -8.49977e-12, -0.0871557, 8.857e-12, -0.996195, 0
9.23, 2025-07-03__01-13-39.104936, -0.0721569, -0.253622, 0.0502568, -1.74072, -0.0263979, 1.4611, 0.71193, -0.00112602, 0.187023, 0.0098546, -0.706499, 0.00248968, 1.00175, 0.00248708, 0.0143192, 5.76337, -0.0604412, -10.122, -0.158547, 0.622911, -0.104407, 0, 0, 0, 0, 0, 0, 0, 0.454776, -0.0188965, 0.425163, 0.48638, -0.0156758, 0.142604, 0.996195, -3.71201e-12, -0.0871557, -4.46982e-12, -1, -8.49977e-12, -0.0871557, 8.857e-12, -0.996195, 0
9.24, 2025-07-03__01-13-39.114933, -0.0721599, -0.251903, 0.0503699, -1.7485, -0.0263875, 1.47183, 0.711948, 0.00122244, 0.158983, 0.0106942, -0.799945, -0.00126559, 1.10345, 0.0039935, -0.0854798, 5.58455, -0.190543, -9.28233, -0.113773, -0.00344771, -0.0987808, 0, 0, 0, 0, 0, 0, 0, 0.456834, -0.0189207, 0.421714, 0.48638, -0.0156758, 0.142604, 0.996195, -3.71201e-12, -0.0871557, -4.46982e-12, -1, -8.49977e-12, -0.0871557, 8.857e-12, -0.996195, 0
9.25, 2025-07-03__01-13-39.124932, -0.0721637, -0.250255, 0.0504626, -1.75723, -0.0263876, 1.48323, 0.711974, -0.00150553, 0.165566, 0.00875177, -0.894327, 0.00142991, 1.14067, 0.00901388, 0.021116, 3.6382, -0.0908965, -7.51202, -0.082261, -0.128509, -0.113276, 0, 0, 0, 0, 0, 0, 0, 0.458879, -0.0189527, 0.417924, 0.48638, -0.0156758, 0.142604, 0.996195, -3.71201e-12, -0.0871557, -4.46982e-12, -1, -8.49977e-12, -0.0871557, 8.857e-12, -0.996195, 0
9.26, 2025-07-03__01-13-39.134930, -0.0721885, -0.248902, 0.0505283, -1.76687, -0.0264061, 1.49437, 0.712036, -0.00523508, 0.123489, 0.000573273, -0.974324, -0.00687587, 1.10168, 0.0117625, 0.228841, 4.08786, 0.159115, -6.87816, 0.0058547, 0.249838, -0.115983, 0, 0, 0, 0, 0, 0, 0, 0.460566, -0.0190044, 0.41379, 0.48638, -0.0156758, 0.142604, 0.996195, -3.71201e-12, -0.0871557, -4.46982e-12, -1, -8.49977e-12, -0.0871557, 8.857e-12, -0.996195, 0
9.27, 2025-07-03__01-13-39.144934, -0.0721824, -0.247797, 0.0505642, -1.77699, -0.0263749, 1.50564, 0.712097, -0.000426877, 0.120037, 0.00233524, -1.03575, 0.00194411, 1.13453, 0.00300146, 0.0902553, 3.22673, -0.0167614, -5.90388, -0.0408358, 0.143974, -0.0488239, 0, 0, 0, 0, 0, 0, 0, 0.462072, -0.019043, 0.409544, 0.48638, -0.0156758, 0.142604, 0.996195, -3.71201e-12, -0.0871557, -4.46982e-12, -1, -8.49977e-12, -0.0871557, 8.857e-12, -0.996195, 0
9.28, 2025-07-03__01-13-39.154932, -0.0721955, -0.246417, 0.0505746, -1.78781, -0.0263885, 1.51678, 0.712117, -0.00178799, 0.1251, 2.89118e-05, -1.10457, 0.00216869, 1.1132, 0.00361289, 0.200523, 1.53485, 0.0924781, -4.45719, -0.00804954, 0.517559, -0.0349034, 0, 0, 0, 0, 0, 0, 0, 0.463358, -0.0191074, 0.404844, 0.48638, -0.0156758, 0.142604, 0.996195, -3.71201e-12, -0.0871557, -4.46982e-12, -1, -8.49977e-12, -0.0871557, 8.857e-12, -0.996195, 0
9.29, 2025-07-03__01-13-39.164930, -0.072192, -0.245421, 0.050596, -1.79895, -0.0263876, 1.52791, 0.712181, 0.00489161, 0.0828996, 0.00274437, -1.11051, 0.000947104, 1.12933, 0.00525398, -0.0476695, 3.52586, -0.175665, -5.29417, -0.0313546, 0.431757, -0.0305856, 0, 0, 0, 0, 0, 0, 0, 0.464422, -0.0191699, 0.400097, 0.48638, -0.0156758, 0.142604, 0.996195, -3.71201e-12, -0.0871557, -4.46982e-12, -1, -8.49977e-12, -0.0871557, 8.857e-12, -0.996195, 0
9.3, 2025-07-03__01-13-39.174933, -0.0721651, -0.244302, 0.0506148, -1.81046, -0.0263757, 1.53939, 0.712266, 0.00361855, 0.118405, 0.00151195, -1.16418, 0.0143308, 1.1398, 0.0109689, 0.05751, 0.825164, -0.0788155, -3.54892, -0.0793351, 0.600011, -0.0492422, 0, 0, 0, 0, 0, 0, 0, 0.465511, -0.0191999, 0.395217, 0.48638, -0.0156758, 0.142604, 0.996195, -3.71201e-12, -0.0871557, -4.46982e-12, -1, -8.49977e-12, -0.0871557, 8.857e-12, -0.996195, 0
9.31, 2025-07-03__01-13-39.184931, -0.0721735, -0.243074, 0.0506204, -1.82229, -0.0263759, 1.55082, 0.712357, -0.00167954, 0.111244, 0.00713323, -1.18861, -0.000416205, 1.14535, 0.00523614, 0.0661508, 0.666171, -0.0787459, -3.24071, 0.0200628, 0.718258, 0.000818473, 0, 0, 0, 0, 0, 0, 0, 0.466414, -0.0192544, 0.390057, 0.48638, -0.0156758, 0.142604, 0.996195, -3.71201e-12, -0.0871557, -4.46982e-12, -1, -8.49977e-12, -0.0871557, 8.857e-12, -0.996195, 0
9.32, 2025-07-03__01-13-39.194932, -0.072194, -0.242159, 0.0506432, -1.83436, -0.0263839, 1.56242, 0.71244, -0.000948242, 0.10407, 0.00391086, -1.21596, 0.00171695, 1.13759, 0.0136902, 0.123861, 0.505343, -0.00821927, -2.85782, 0.0172681, 0.921167, -0.0353074, 0, 0, 0, 0, 0, 0, 0, 0.467259, -0.019312, 0.384973, 0.48638, -0.0156758, 0.142604, 0.996195, -3.71201e-12, -0.0871557, -4.46982e-12, -1, -8.49977e-12, -0.0871557, 8.857e-12, -0.996195, 0
9.33, 2025-07-03__01-13-39.204934, -0.0722024, -0.241109, 0.0506434, -1.8467, -0.0263837, 1.57418, 0.712508, -0.00129068, 0.109614, 0.00291882, -1.23568, -0.0096329, 1.18564, 0.0129415, 0.193057, -0.0349327, 0.069267, -2.47298, 0.102492, 0.755908, -0.0145825, 0, 0, 0, 0, 0, 0, 0, 0.467971, -0.0193693, 0.379676, 0.48638, -0.0156758, 0.142604, 0.996195, -3.71201e-12, -0.0871557, -4.46982e-12, -1, -8.49977e-12, -0.0871557, 8.857e-12, -0.996195, 0
9.34, 2025-07-03__01-13-39.214935, -0.0721918, -0.240147, 0.0506586, -1.85908, -0.0263814, 1.58614, 0.712591, 0.00363329, 0.107029, 0.00143943, -1.25447, -0.000582551, 1.18738, 0.00542632, 0.123158, -0.160884, -0.00517575, -2.1796, 0.044384, 0.882876, 0.0478646, 0, 0, 0, 0, 0, 0, 0, 0.468718, -0.019404, 0.374425, 0.48638, -0.0156758, 0.142604, 0.996195, -3.71201e-12, -0.0871557, -4.46982e-12, -1, -8.49977e-12, -0.0871557, 8.857e-12, -0.996195, 0
9.35, 2025-07-03__01-13-39.224931, -0.0722079, -0.239185, 0.0506492, -1.87176, -0.0263646, 1.59806, 0.712676, -0.00557878, 0.0971173, 0.00203135, -1.26828, -0.00353226, 1.21804, 0.00675966, 0.298448, 0.127776, 0.198537, -2.1934, 0.0764723, 0.815039, 0.0549948, 0, 0, 0, 0, 0, 0, 0, 0.469266, -0.0194497, 0.368984, 0.48638, -0.0156758, 0.142604, 0.996195, -3.71201e-12, -0.0871557, -4.46982e-12, -1, -8.49977e-12, -0.0871557, 8.857e-12, -0.996195, 0
9.36, 2025-07-03__01-13-39.234933, -0.0722142, -0.238353, 0.0506606, -1.88454, -0.0263747, 1.61028, 0.712792, -0.00106103, 0.0891766, 0.00261983, -1.28485, -0.000250143, 1.22585, 0.0120678, 0.190979, 0.340911, 0.0808872, -2.06424, 0.0498506, 0.892104, 0.0381713, 0, 0, 0, 0, 0, 0, 0, 0.469812, -0.0194927, 0.363592, 0.48638, -0.0156758, 0.142604, 0.996195, -3.71201e-12, -0.0871557, -4.46982e-12, -1, -8.49977e-12, -0.0871557, 8.857e-12, -0.996195, 0
9.37, 2025-07-03__01-13-39.244935, -0.0722038, -0.237449, 0.0506525, -1.89746, -0.0263463, 1.6227, 0.712911, 0.00180851, 0.0854465, -0.00140087, -1.30239, 0.00114441, 1.26643, 0.0083163, 0.230616, 0.395397, 0.136015, -1.90787, 0.0469889, 0.754783, 0.0762338, 0, 0, 0, 0, 0, 0, 0, 0.470319, -0.0195207, 0.358089, 0.48638, -0.0156758, 0.142604, 0.996195, -3.71201e-12, -0.0871557, -4.46982e-12, -1, -8.49977e-12, -0.0871557, 8.857e-12, -0.996195, 0
9.38, 2025-07-03__01-13-39.254934, -0.0722052, -0.236613, 0.0506732, -1.91043, -0.0263756, 1.63528, 0.713043, 0.00052193, 0.0858414, 0.00217748, -1.31304, -1.68152e-05, 1.26269, 0.0106165, 0.186984, 0.402839, 0.0855511, -1.68586, 0.0547202, 0.900888, 0.0783409, 0, 0, 0, 0, 0, 0, 0, 0.47079, -0.0195615, 0.352619, 0.48638, -0.0156758, 0.142604, 0.996195, -3.71201e-12, -0.0871557, -4.46982e-12, -1, -8.49977e-12, -0.0871557, 8.857e-12, -0.996195, 0
9.39, 2025-07-03__01-13-39.264934, -0.0722066, -0.235689, 0.0506734, -1.9235, -0.0263431, 1.64798, 0.713195, -0.00158833, 0.0827448, 0.000575693, -1.31004, 0.00164995, 1.30398, 0.027528, 0.271298, 0.903808, 0.193966, -1.90975, 0.0444851, 0.704822, -0.0101765, 0, 0, 0, 0, 0, 0, 0, 0.471184, -0.0195806, 0.347028, 0.48638, -0.0156758, 0.142604, 0.996195, -3.71201e-12, -0.0871557, -4.46982e-12, -1, -8.49977e-12, -0.0871557, 8.857e-12, -0.996195, 0
9.4, 2025-07-03__01-13-39.274932, -0.0722031, -0.234858, 0.0506948, -1.93657, -0.0263756, 1.66088, 0.713352, -0.00243111, 0.0870921, -0.00190645, -1.32203, -0.00186455, 1.30856, 0.017591, 0.362156, 0.788776, 0.301765, -1.60184, 0.078668, 0.791686, 0.0654619, 0, 0, 0, 0, 0, 0, 0, 0.471603, -0.0196127, 0.341529, 0.48638, -0.0156758, 0.142604, 0.996195, -3.71201e-12, -0.0871557, -4.46982e-12, -1, -8.49977e-12, -0.0871557, 8.857e-12, -0.996195, 0
9.41, 2025-07-03__01-13-39.284930, -0.072206, -0.233806, 0.0507116, -1.9498, -0.0263567, 1.67372, 0.713522, 0.000299433, 0.0921348, 0.00348377, -1.32458, -0.00120042, 1.28173, 0.019105, 0.210441, 0.758616, 0.130837, -1.38128, 0.061512, 1.10351, 0.0737173, 0, 0, 0, 0, 0, 0, 0, 0.471864, -0.0196299, 0.335823, 0.48638, -0.0156758, 0.142604, 0.996195, -3.71201e-12, -0.0871557, -4.46982e-12, -1, -8.49977e-12, -0.0871557, 8.857e-12, -0.996195, 0
9.42, 2025-07-03__01-13-39.294939, -0.0721946, -0.23288, 0.0507356, -1.96284, -0.0263685, 1.68693, 0.713723, 0.000569409, 0.0923308, -3.16257e-05, -1.32411, 0.00417906, 1.34724, 0.0195409, 0.278375, 1.23714, 0.222359, -1.55369, 0.0325347, 0.720285, 0.0836176, 0, 0, 0, 0, 0, 0, 0, 0.472218, -0.0196461, 0.330293, 0.48638, -0.0156758, 0.142604, 0.996195, -3.71201e-12, -0.0871557, -4.46982e-12, -1, -8.49977e-12, -0.0871557, 8.857e-12, -0.996195, 0
9.43, 2025-07-03__01-13-39.304940, -0.0722049, -0.231658, 0.0507465, -1.97594, -0.0263557, 1.70023, 0.7139, -0.00385321, 0.106483, 0.0010586, -1.31654, -0.00206973, 1.34605, 0.0244807, 0.387795, 1.13195, 0.349319, -1.40965, 0.0753252, 0.818119, 0.0704262, 0, 0, 0, 0, 0, 0, 0, 0.472525, -0.0196535, 0.324578, 0.48638, -0.0156758, 0.142604, 0.996195, -3.71201e-12, -0.0871557, -4.46982e-12, -1, -8.49977e-12, -0.0871557, 8.857e-12, -0.996195, 0
9.44, 2025-07-03__01-13-39.314932, -0.0722013, -0.230531, 0.0507799, -1.98894, -0.0263826, 1.71363, 0.714094, -0.00304276, 0.114966, 0.00442632, -1.30708, -0.000650169, 1.34845, 0.0108544, 0.310676, 1.38744, 0.269596, -1.42637, 0.0599163, 0.859598, 0.169437, 0, 0, 0, 0, 0, 0, 0, 0.472812, -0.0196657, 0.318986, 0.48638, -0.0156758, 0.142604, 0.996195, -3.71201e-12, -0.0871557, -4.46982e-12, -1, -8.49977e-12, -0.0871557, 8.857e-12, -0.996195, 0
9.45, 2025-07-03__01-13-39.324933, -0.0722048, -0.229095, 0.0508244, -2.0019, -0.0263528, 1.72711, 0.714365, -0.000751496, 0.143054, 0.000772303, -1.29021, 0.000168606, 1.36204, 0.0213282, 0.397129, 0.956892, 0.377194, -1.23599, 0.0541282, 0.84814, 0.119908, 0, 0, 0, 0, 0, 0, 0, 0.473053, -0.019648, 0.31325, 0.48638, -0.0156758, 0.142604, 0.996195, -3.71201e-12, -0.0871557, -4.46982e-12, -1, -8.49977e-12, -0.0871557, 8.857e-12, -0.996195, 0
9.46, 2025-07-03__01-13-39.334932, -0.0721821, -0.227685, 0.0508746, -2.01465, -0.0263672, 1.74075, 0.714675, -0.00065577, 0.139894, 0.00131644, -1.29386, 0.000478509, 1.3741, 0.0310012, 0.385473, 1.51033, 0.373764, -1.25157, 0.0495619, 0.828475, 0.0738807, 0, 0, 0, 0, 0, 0, 0, 0.473348, -0.019632, 0.307647, 0.48638, -0.0156758, 0.142604, 0.996195, -3.71201e-12, -0.0871557, -4.46982e-12, -1, -8.49977e-12, -0.0871557, 8.857e-12, -0.996195, 0
9.47, 2025-07-03__01-13-39.344931, -0.0721948, -0.226084, 0.0509474, -2.02746, -0.0263642, 1.75426, 0.714926, -0.000582909, 0.148147, 0.00758321, -1.28102, -0.00300809, 1.37191, 0.0215815, 0.269727, 1.85543, 0.249895, -1.32308, 0.0586845, 0.908518, 0.148759, 0, 0, 0, 0, 0, 0, 0, 0.473483, -0.0196147, 0.301891, 0.48638, -0.0156758, 0.142604, 0.996195, -3.71201e-12, -0.0871557, -4.46982e-12, -1, -8.49977e-12, -0.0871557, 8.857e-12, -0.996195, 0
9.48, 2025-07-03__01-13-39.354938, -0.0721962, -0.224586, 0.0510057, -2.0401, -0.0263731, 1.76804, 0.715133, -0.00386488, 0.157667, 0.00262715, -1.28888, -0.000708325, 1.40527, 0.0130597, 0.466334, 1.88021, 0.478494, -1.0619, 0.0592429, 0.76631, 0.218748, 0, 0, 0, 0, 0, 0, 0, 0.473697, -0.0195899, 0.296298, 0.48638, -0.0156758, 0.142604, 0.996195, -3.71201e-12, -0.0871557, -4.46982e-12, -1, -8.49977e-12, -0.0871557, 8.857e-12, -0.996195, 0
9.49, 2025-07-03__01-13-39.364929, -0.0721953, -0.222649, 0.0510653, -2.05269, -0.0263509, 1.78189, 0.715344, -0.00249508, 0.185862, 0.00499602, -1.25695, 0.000754792, 1.38773, 0.0171467, 0.436389, 1.80504, 0.456024, -1.0844, 0.03626, 0.919649, 0.215866, 0, 0, 0, 0, 0, 0, 0, 0.47388, -0.0195538, 0.290539, 0.48638, -0.0156758, 0.142604, 0.996195, -3.71201e-12, -0.0871557, -4.46982e-12, -1, -8.49977e-12, -0.0871557, 8.857e-12, -0.996195, 0
9.5, 2025-07-03__01-13-39.374932, -0.072187, -0.220745, 0.0511574, -2.06505, -0.0263771, 1.79585, 0.715553, 0.000782611, 0.190171, 0.0107102, -1.23938, -0.0040137, 1.40065, 0.0212454, 0.255597, 2.54453, 0.267825, -1.35592, 0.0500342, 0.838639, 0.213894, 0, 0, 0, 0, 0, 0, 0, 0.474101, -0.0195185, 0.284906, 0.48638, -0.0156758, 0.142604, 0.996195, -3.71201e-12, -0.0871557, -4.46982e-12, -1, -8.49977e-12, -0.0871557, 8.857e-12, -0.996195, 0
9.51, 2025-07-03__01-13-39.384932, -0.0721917, -0.218529, 0.0512526, -2.07736, -0.0263593, 1.80982, 0.715784, -0.000201072, 0.214828, 0.0097777, -1.22827, -0.000899663, 1.3931, 0.026812, 0.341474, 2.27907, 0.371655, -1.06605, 0.0297203, 0.968584, 0.203494, 0, 0, 0, 0, 0, 0, 0, 0.474232, -0.0194571, 0.279135, 0.48638, -0.0156758, 0.142604, 0.996195, -3.71201e-12, -0.0871557, -4.46982e-12, -1, -8.49977e-12, -0.0871557, 8.857e-12, -0.996195, 0
9.52, 2025-07-03__01-13-39.394931, -0.0721884, -0.216232, 0.0513753, -2.08942, -0.0263741, 1.82376, 0.715995, 4.42638e-06, 0.233039, 0.0114477, -1.21648, -0.00181556, 1.40243, 0.0230965, 0.331393, 2.34957, 0.369951, -0.951414, 0.0315817, 0.961404, 0.251756, 0, 0, 0, 0, 0, 0, 0, 0.474376, -0.0193913, 0.273464, 0.48638, -0.0156758, 0.142604, 0.996195, -3.71201e-12, -0.0871557, -4.46982e-12, -1, -8.49977e-12, -0.0871557, 8.857e-12, -0.996195, 0
9.53, 2025-07-03__01-13-39.404932, -0.0721761, -0.213588, 0.0514875, -2.10145, -0.0263548, 1.83776, 0.716214, -0.000389661, 0.257919, 0.00768217, -1.19671, 0.0025834, 1.40159, 0.018619, 0.466528, 2.27446, 0.532908, -0.844754, 0.00105123, 1.03341, 0.305867, 0, 0, 0, 0, 0, 0, 0, 0.47444, -0.0193093, 0.267647, 0.48638, -0.0156758, 0.142604, 0.996195, -3.71201e-12, -0.0871557, -4.46982e-12, -1, -8.49977e-12, -0.0871557, 8.857e-12, -0.996195, 0
9.54, 2025-07-03__01-13-39.414933, -0.0721753, -0.21099, 0.051615, -2.11317, -0.0263668, 1.85192, 0.716481, 0.000342369, 0.260786, 0.0107545, -1.15495, -0.000490242, 1.41565, 0.0346567, 0.397877, 3.57479, 0.478107, -1.60706, -0.00318939, 0.868523, 0.232782, 0, 0, 0, 0, 0, 0, 0, 0.474576, -0.0192326, 0.261972, 0.48638, -0.0156758, 0.142604, 0.996195, -3.71201e-12, -0.0871557, -4.46982e-12, -1, -8.49977e-12, -0.0871557, 8.857e-12, -0.996195, 0
9.55, 2025-07-03__01-13-39.424933, -0.0721714, -0.207983, 0.051763, -2.12482, -0.0263619, 1.86614, 0.716798, 0.00466401, 0.315986, 0.0178756, -1.15977, 0.00359286, 1.42344, 0.0273721, 0.222568, 1.95375, 0.281867, -0.476441, -0.0291111, 0.984901, 0.303424, 0, 0, 0, 0, 0, 0, 0, 0.474691, -0.0191361, 0.25622, 0.48638, -0.0156758, 0.142604, 0.996195, -3.71201e-12, -0.0871557, -4.46982e-12, -1, -8.49977e-12, -0.0871557, 8.857e-12, -0.996195, 0
9.56, 2025-07-03__01-13-39.434932, -0.0721745, -0.204768, 0.0519182, -2.13619, -0.0263715, 1.88036, 0.717131, 0.000451746, 0.322232, 0.0192902, -1.12211, -0.00138052, 1.41514, 0.033843, 0.305709, 3.00175, 0.389704, -1.02592, -0.0154674, 1.00709, 0.289374, 0, 0, 0, 0, 0, 0, 0, 0.474801, -0.0190286, 0.250446, 0.48638, -0.0156758, 0.142604, 0.996195, -3.71201e-12, -0.0871557, -4.46982e-12, -1, -8.49977e-12, -0.0871557, 8.857e-12, -0.996195, 0
9.57, 2025-07-03__01-13-39.444934, -0.0721616, -0.201346, 0.0520864, -2.14734, -0.0263763, 1.8947, 0.717518, 0.00179631, 0.361592, 0.0184645, -1.11022, -7.43654e-06, 1.42441, 0.0407683, 0.351346, 2.36152, 0.447433, -0.513409, -0.0276304, 1.02858, 0.272139, 0, 0, 0, 0, 0, 0, 0, 0.474955, -0.0189144, 0.244741, 0.48638, -0.0156758, 0.142604, 0.996195, -3.71201e-12, -0.0871557, -4.46982e-12, -1, -8.49977e-12, -0.0871557, 8.857e-12, -0.996195, 0
9.58, 2025-07-03__01-13-39.454934, -0.0721659, -0.197766, 0.0522765, -2.15839, -0.0263674, 1.9089, 0.717935, -0.00193021, 0.360335, 0.0215688, -1.09602, -0.00172274, 1.42386, 0.041677, 0.373217, 3.32544, 0.483172, -0.737093, -0.0315461, 1.05585, 0.291124, 0, 0, 0, 0, 0, 0, 0, 0.475016, -0.0187778, 0.238973, 0.48638, -0.0156758, 0.142604, 0.996195, -3.71201e-12, -0.0871557, -4.46982e-12, -1, -8.49977e-12, -0.0871557, 8.857e-12, -0.996195, 0
9.59, 2025-07-03__01-13-39.464931, -0.0721755, -0.194111, 0.0524878, -2.16904, -0.0263765, 1.92322, 0.71831, -0.000770778, 0.37888, 0.0202741, -1.06838, 0.000428607, 1.43891, 0.0365375, 0.402681, 3.83813, 0.531857, -0.907792, -0.0593529, 0.940362, 0.349102, 0, 0, 0, 0, 0, 0, 0, 0.475169, -0.0186416, 0.233375, 0.48638, -0.0156758, 0.142604, 0.996195, -3.71201e-12, -0.0871557, -4.46982e-12, -1, -8.49977e-12, -0.0871557, 8.857e-12, -0.996195, 0
9.6, 2025-07-03__01-13-39.474932, -0.07217, -0.189747, 0.0526934, -2.17955, -0.026363, 1.93765, 0.718649, -0.0051802, 0.438798, 0.0205818, -1.04896, -0.000295832, 1.44653, 0.02991, 0.56882, 2.6001, 0.713681, -0.153374, -0.0580587, 1.00643, 0.423371, 0, 0, 0, 0, 0, 0, 0, 0.475294, -0.0184852, 0.227547, 0.48638, -0.0156758, 0.142604, 0.996195, -3.71201e-12, -0.0871557, -4.46982e-12, -1, -8.49977e-12, -0.0871557, 8.857e-12, -0.996195, 0
9.61, 2025-07-03__01-13-39.484934, -0.0721802, -0.185285, 0.0529417, -2.1897, -0.0263777, 1.95202, 0.718992, -0.000293486, 0.437951, 0.0214966, -1.00592, 0.000284275, 1.43116, 0.0338527, 0.451054, 4.08206, 0.610986, -0.864603, -0.095101, 1.03788, 0.434105, 0, 0, 0, 0, 0, 0, 0, 0.475429, -0.0183232, 0.221797, 0.48638, -0.0156758, 0.142604, 0.996195, -3.71201e-12, -0.0871557, -4.46982e-12, -1, -8.49977e-12, -0.0871557, 8.857e-12, -0.996195, 0
9.62, 2025-07-03__01-13-39.494933, -0.0721714, -0.180672, 0.0532392, -2.19972, -0.02637, 1.96654, 0.71941, 0.00287916, 0.476061, 0.032739, -0.998059, 0.00547124, 1.44701, 0.0454452, 0.16128, 3.59232, 0.304774, -0.260675, -0.145318, 1.01673, 0.397438, 0, 0, 0, 0, 0, 0, 0, 0.475594, -0.0181179, 0.216093, 0.48638, -0.0156758, 0.142604, 0.996195, -3.71201e-12, -0.0871557, -4.46982e-12, -1, -8.49977e-12, -0.0871557, 8.857e-12, -0.996195, 0
9.63, 2025-07-03__01-13-39.504934, -0.0721702, -0.17541, 0.053505, -2.20948, -0.0263926, 1.98086, 0.719856, 0.00226472, 0.52805, 0.0252905, -0.960669, -0.00499355, 1.42973, 0.0462261, 0.404188, 3.01724, 0.578139, 0.116829, -0.0958023, 1.20648, 0.428421, 0, 0, 0, 0, 0, 0, 0, 0.475642, -0.0179147, 0.210193, 0.48638, -0.0156758, 0.142604, 0.996195, -3.71201e-12, -0.0871557, -4.46982e-12, -1, -8.49977e-12, -0.0871557, 8.857e-12, -0.996195, 0
9.64, 2025-07-03__01-13-39.514932, -0.0721614, -0.170159, 0.0537989, -2.21871, -0.0263848, 1.99538, 0.720384, 0.00315281, 0.51964, 0.0277053, -0.91508, 0.000338742, 1.4634, 0.0605141, 0.303596, 4.97892, 0.494121, -0.859631, -0.170361, 0.853121, 0.369508, 0, 0, 0, 0, 0, 0, 0, 0.475886, -0.017699, 0.20452, 0.48638, -0.0156758, 0.142604, 0.996195, -3.71201e-12, -0.0871557, -4.46982e-12, -1, -8.49977e-12, -0.0871557, 8.857e-12, -0.996195, 0
9.65, 2025-07-03__01-13-39.524932, -0.0721585, -0.164577, 0.0541448, -2.22782, -0.0263935, 2.00985, 0.720971, -0.00223187, 0.573866, 0.0370874, -0.894758, -0.00272136, 1.43397, 0.0585723, 0.216404, 1.89494, 0.374159, 1.30366, -0.141139, 0.759078, 0.38269, 0, 0, 0, 0, 0, 0, 0, 0.476103, -0.0174453, 0.198815, 0.48638, -0.0156758, 0.142604, 0.996195, -3.71201e-12, -0.0871557, -4.46982e-12, -1, -8.49977e-12, -0.0871557, 8.857e-12, -0.996195, 0
9.66, 2025-07-03__01-13-39.534934, -0.0721501, -0.158607, 0.0544606, -2.23657, -0.0264056, 2.02421, 0.721636, 0.00204341, 0.593049, 0.036632, -0.858306, -0.000871897, 1.4292, 0.065694, 0.0927078, -1.12888, 0.217158, 3.34305, -0.138227, 0.129128, 0.316287, 0, 0, 0, 0, 0, 0, 0, 0.47626, -0.0172074, 0.193038, 0.48638, -0.0156758, 0.142604, 0.996195, -3.71201e-12, -0.0871557, -4.46982e-12, -1, -8.49977e-12, -0.0871557, 8.857e-12, -0.996195, 0
9.67, 2025-07-03__01-13-39.544932, -0.0721456, -0.152711, 0.0547819, -2.24464, -0.0264216, 2.03806, 0.722302, -0.00205704, 0.59285, 0.0356683, -0.796804, -0.00715513, 1.36221, 0.0691573, 0.153651, -3.05616, 0.2597, 4.58605, -0.0987034, -0.170487, 0.27255, 0, 0, 0, 0, 0, 0, 0, 0.476535, -0.0169541, 0.187582, 0.48638, -0.0156758, 0.142604, 0.996195, -3.71201e-12, -0.0871557, -4.46982e-12, -1, -8.49977e-12, -0.0871557, 8.857e-12, -0.996195, 0
9.68, 2025-07-03__01-13-39.554934, -0.0721419, -0.146456, 0.0551228, -2.25227, -0.0264307, 2.05076, 0.72289, 5.91173e-05, 0.643362, 0.0336248, -0.740596, 0.00446363, 1.23504, 0.0616397, 0.154573, -7.1295, 0.235525, 6.96637, -0.164642, 0.131328, 0.302201, 0, 0, 0, 0, 0, 0, 0, 0.476491, -0.0167, 0.18211, 0.48638, -0.0156758, 0.142604, 0.996195, -3.71201e-12, -0.0871557, -4.46982e-12, -1, -8.49977e-12, -0.0871557, 8.857e-12, -0.996195, 0
9.69, 2025-07-03__01-13-39.564931, -0.0721465, -0.140273, 0.0554533, -2.25917, -0.026453, 2.06198, 0.723352, 0.00162052, 0.612671, 0.0344755, -0.671564, -0.000990714, 1.08613, 0.0431981, 0.0380366, -8.01626, 0.100473, 7.65787, -0.145645, 0.461462, 0.405084, 0, 0, 0, 0, 0, 0, 0, 0.476211, -0.0164445, 0.176859, 0.48638, -0.0156758, 0.142604, 0.996195, -3.71201e-12, -0.0871557, -4.46982e-12, -1, -8.49977e-12, -0.0871557, 8.857e-12, -0.996195, 0
9.7, 2025-07-03__01-13-39.574933, -0.0721383, -0.13422, 0.0557721, -2.26527, -0.0264838, 2.07188, 0.723747, 0.00231033, 0.595056, 0.0316561, -0.598577, -0.00370383, 0.981947, 0.048476, 0.0352715, -9.12351, 0.0873214, 8.20303, -0.144621, 0.558213, 0.366368, 0, 0, 0, 0, 0, 0, 0, 0.475792, -0.0161995, 0.171947, 0.48638, -0.0156758, 0.142604, 0.996195, -3.71201e-12, -0.0871557, -4.46982e-12, -1, -8.49977e-12, -0.0871557, 8.857e-12, -0.996195, 0
9.71, 2025-07-03__01-13-39.584932, -0.0721275, -0.12825, 0.0560344, -2.27061, -0.0265539, 2.08062, 0.72421, -0.00140149, 0.592515, 0.0266191, -0.518528, -0.00761216, 0.853615, 0.0539343, 0.212234, -10.6201, 0.25958, 8.79062, -0.136286, 0.883355, 0.32285, 0, 0, 0, 0, 0, 0, 0, 0.475283, -0.0159743, 0.167329, 0.48638, -0.0156758, 0.142604, 0.996195, -3.71201e-12, -0.0871557, -4.46982e-12, -1, -8.49977e-12, -0.0871557, 8.857e-12, -0.996195, 0
9.72, 2025-07-03__01-13-39.594933, -0.0721359, -0.122339, 0.0563027, -2.27524, -0.0265946, 2.08836, 0.724678, -0.00200514, 0.589408, 0.0248414, -0.450882, -0.00636934, 0.741675, 0.0430865, 0.249959, -12.1838, 0.286664, 9.43784, -0.159758, 1.17562, 0.37702, 0, 0, 0, 0, 0, 0, 0, 0.474751, -0.015767, 0.162999, 0.48638, -0.0156758, 0.142604, 0.996195, -3.71201e-12, -0.0871557, -4.46982e-12, -1, -8.49977e-12, -0.0871557, 8.857e-12, -0.996195, 0
9.73, 2025-07-03__01-13-39.604931, -0.0721437, -0.116833, 0.0565593, -2.2791, -0.0266558, 2.095, 0.725097, -0.000873743, 0.527439, 0.0258499, -0.369202, 0.00032884, 0.636608, 0.0306775, 0.135336, -11.1844, 0.165207, 8.59956, -0.23523, 1.30157, 0.4404, 0, 0, 0, 0, 0, 0, 0, 0.474223, -0.0155762, 0.1591, 0.48638, -0.0156758, 0.142604, 0.996195, -3.71201e-12, -0.0871557, -4.46982e-12, -1, -8.49977e-12, -0.0871557, 8.857e-12, -0.996195, 0
9.74, 2025-07-03__01-13-39.614945, -0.0721253, -0.112048, 0.0567808, -2.28245, -0.0267308, 2.10082, 0.725505, 0.00112803, 0.475179, 0.0192762, -0.317102, -0.0147587, 0.570023, 0.0421193, 0.177998, -10.6653, 0.206108, 8.20541, -0.160172, 1.29543, 0.359074, 0, 0, 0, 0, 0, 0, 0, 0.473755, -0.0153952, 0.155731, 0.48638, -0.0156758, 0.142604, 0.996195, -3.71201e-12, -0.0871557, -4.46982e-12, -1, -8.49977e-12, -0.0871557, 8.857e-12, -0.996195, 0
9.75, 2025-07-03__01-13-39.624944, -0.0721218, -0.107355, 0.0569708, -2.28514, -0.0267669, 2.10621, 0.725855, -0.000501861, 0.470429, 0.0198334, -0.25032, -0.00753623, 0.532195, 0.0281795, 0.193408, -11.4155, 0.215638, 8.0734, -0.224838, 1.15116, 0.43233, 0, 0, 0, 0, 0, 0, 0, 0.473453, -0.0152307, 0.152677, 0.48638, -0.0156758, 0.142604, 0.996195, -3.71201e-12, -0.0871557, -4.46982e-12, -1, -8.49977e-12, -0.0871557, 8.857e-12, -0.996195, 0
9.76, 2025-07-03__01-13-39.634944, -0.0721354, -0.103085, 0.0571548, -2.28726, -0.0268056, 2.11101, 0.726185, 0.000182743, 0.408371, 0.0189574, -0.199071, -0.0012124, 0.455042, 0.0388309, 0.143623, -10.2561, 0.162342, 7.24753, -0.291592, 1.22158, 0.356857, 0, 0, 0, 0, 0, 0, 0, 0.473294, -0.0150876, 0.150005, 0.48638, -0.0156758, 0.142604, 0.996195, -3.71201e-12, -0.0871557, -4.46982e-12, -1, -8.49977e-12, -0.0871557, 8.857e-12, -0.996195, 0
9.77, 2025-07-03__01-13-39.644945, -0.0721437, -0.0992465, 0.0572962, -2.28891, -0.0268835, 2.11515, 0.726509, 0.000215167, 0.384546, 0.0116286, -0.150996, -0.00234575, 0.402026, 0.0263036, 0.293309, -10.2605, 0.313738, 6.89995, -0.299787, 1.23632, 0.421396, 0, 0, 0, 0, 0, 0, 0, 0.473203, -0.0149757, 0.147721, 0.48638, -0.0156758, 0.142604, 0.996195, -3.71201e-12, -0.0871557, -4.46982e-12, -1, -8.49977e-12, -0.0871557, 8.857e-12, -0.996195, 0
9.78, 2025-07-03__01-13-39.654944, -0.0721349, -0.0957166, 0.057447, -2.29009, -0.0269878, 2.11883, 0.726815, 0.00150546, 0.340545, 0.0125776, -0.107328, -0.00684781, 0.356152, 0.0235666, 0.204411, -9.43212, 0.219779, 6.15354, -0.29022, 1.18368, 0.427172, 0, 0, 0, 0, 0, 0, 0, 0.473226, -0.0148712, 0.14574, 0.48638, -0.0156758, 0.142604, 0.996195, -3.71201e-12, -0.0871557, -4.46982e-12, -1, -8.49977e-12, -0.0871557, 8.857e-12, -0.996195, 0
9.79, 2025-07-03__01-13-39.664945, -0.0721328, -0.092741, 0.0575809, -2.29087, -0.0270738, 2.12211, 0.727166, -0.00153162, 0.284543, 0.0115556, -0.0745353, -0.0085679, 0.314781, 0.0418055, 0.24614, -8.10596, 0.259312, 5.24637, -0.298666, 1.11267, 0.301313, 0, 0, 0, 0, 0, 0, 0, 0.473417, -0.0147774, 0.144168, 0.48638, -0.0156758, 0.142604, 0.996195, -3.71201e-12, -0.0871557, -4.46982e-12, -1, -8.49977e-12, -0.0871557, 8.857e-12, -0.996195, 0
9.8, 2025-07-03__01-13-39.674944, -0.0721281, -0.0902055, 0.0577067, -2.29142, -0.0271364, 2.12497, 0.727503, -0.000633925, 0.246598, 0.00910795, -0.0505258, -0.00292696, 0.279048, 0.0296283, 0.24291, -7.36681, 0.254289, 4.68782, -0.346565, 1.08016, 0.359498, 0, 0, 0, 0, 0, 0, 0, 0.47367, -0.0146878, 0.142895, 0.48638, -0.0156758, 0.142604, 0.996195, -3.71201e-12, -0.0871557, -4.46982e-12, -1, -8.49977e-12, -0.0871557, 8.857e-12, -0.996195, 0
9.81, 2025-07-03__01-13-39.684942, -0.072137, -0.0879079, 0.0577996, -2.29165, -0.0272028, 2.12749, 0.72779, -0.00105876, 0.229137, 0.00595762, -0.0158909, -0.00636373, 0.241178, 0.0262992, 0.317362, -7.05551, 0.329031, 4.16879, -0.339543, 1.0814, 0.366909, 0, 0, 0, 0, 0, 0, 0, 0.473992, -0.0146258, 0.141841, 0.48638, -0.0156758, 0.142604, 0.996195, -3.71201e-12, -0.0871557, -4.46982e-12, -1, -8.49977e-12, -0.0871557, 8.857e-12, -0.996195, 0
9.82, 2025-07-03__01-13-39.694944, -0.0721352, -0.0858257, 0.057869, -2.29169, -0.0272549, 2.12968, 0.728001, -0.000181914, 0.193775, 0.00688165, -0.00138414, -0.00881772, 0.207592, 0.0194186, 0.251803, -6.33139, 0.259825, 3.68216, -0.334545, 1.0892, 0.399925, 0, 0, 0, 0, 0, 0, 0, 0.474347, -0.0145734, 0.140947, 0.48638, -0.0156758, 0.142604, 0.996195, -3.71201e-12, -0.0871557, -4.46982e-12, -1, -8.49977e-12, -0.0871557, 8.857e-12, -0.996195, 0
9.83, 2025-07-03__01-13-39.704945, -0.0721314, -0.0841685, 0.0579416, -2.29162, -0.0273151, 2.13164, 0.728198, 0.000242892, 0.156829, 0.00654802, 0.0118234, -0.00632396, 0.188918, 0.0117877, 0.216446, -5.37639, 0.222735, 3.05994, -0.359661, 0.999057, 0.436835, 0, 0, 0, 0, 0, 0, 0, 0.474749, -0.0145243, 0.14029, 0.48638, -0.0156758, 0.142604, 0.996195, -3.71201e-12, -0.0871557, -4.46982e-12, -1, -8.49977e-12, -0.0871557, 8.857e-12, -0.996195, 0
9.84, 2025-07-03__01-13-39.714933, -0.0721242, -0.0828813, 0.0580124, -2.2915, -0.0273696, 2.13351, 0.728416, 0.00149885, 0.122653, 0.00832345, 0.0102606, -0.00624733, 0.188764, 0.0261533, 0.110822, -4.58313, 0.113095, 2.65634, -0.364964, 0.828331, 0.338977, 0, 0, 0, 0, 0, 0, 0, 0.475214, -0.0144799, 0.139831, 0.48638, -0.0156758, 0.142604, 0.996195, -3.71201e-12, -0.0871557, -4.46982e-12, -1, -8.49977e-12, -0.0871557, 8.857e-12, -0.996195, 0
9.85, 2025-07-03__01-13-39.724934, -0.0721217, -0.0818732, 0.0580789, -2.29142, -0.0274061, 2.13534, 0.728642, 0.00112131, 0.0952064, 0.00379349, 0.00740926, -0.00344748, 0.181643, 0.0198917, 0.188799, -3.97789, 0.191905, 2.37061, -0.384741, 0.72302, 0.364834, 0, 0, 0, 0, 0, 0, 0, 0.475712, -0.0144408, 0.139484, 0.48638, -0.0156758, 0.142604, 0.996195, -3.71201e-12, -0.0871557, -4.46982e-12, -1, -8.49977e-12, -0.0871557, 8.857e-12, -0.996195, 0
9.86, 2025-07-03__01-13-39.734932, -0.0721206, -0.0811089, 0.0581066, -2.29134, -0.0274361, 2.13696, 0.728825, 0.000124723, 0.0713013, 0.00116558, 0.00605, -0.00139523, 0.157127, 0.0193904, 0.25033, -3.42639, 0.253651, 2.13235, -0.400842, 0.749512, 0.358404, 0, 0, 0, 0, 0, 0, 0, 0.476183, -0.0144185, 0.139246, 0.48638, -0.0156758, 0.142604, 0.996195, -3.71201e-12, -0.0871557, -4.46982e-12, -1, -8.49977e-12, -0.0871557, 8.857e-12, -0.996195, 0
9.87, 2025-07-03__01-13-39.744933, -0.0721331, -0.0806006, 0.058139, -2.29129, -0.0274733, 2.13842, 0.728954, -0.00086017, 0.0443482, 0.000448576, 0.00472263, -0.00921883, 0.142971, 0.014761, 0.264793, -2.66171, 0.267318, 1.78408, -0.354577, 0.704358, 0.380261, 0, 0, 0, 0, 0, 0, 0, 0.476627, -0.0144059, 0.139112, 0.48638, -0.0156758, 0.142604, 0.996195, -3.71201e-12, -0.0871557, -4.46982e-12, -1, -8.49977e-12, -0.0871557, 8.857e-12, -0.996195, 0
9.88, 2025-07-03__01-13-39.754932, -0.0721339, -0.0803225, 0.058146, -2.29125, -0.0275144, 2.13968, 0.72906, 0.000801329, 0.0254397, 0.00104984, 0.00248232, -0.00396459, 0.1188, 0.00220853, 0.197315, -2.13656, 0.198623, 1.58376, -0.38803, 0.757119, 0.450899, 0, 0, 0, 0, 0, 0, 0, 0.477038, -0.0144113, 0.139067, 0.48638, -0.0156758, 0.142604, 0.996195, -3.71201e-12, -0.0871557, -4.46982e-12, -1, -8.49977e-12, -0.0871557, 8.857e-12, -0.996195, 0
9.89, 2025-07-03__01-13-39.764932, -0.0721316, -0.0802445, 0.0581559, -2.29125, -0.0275565, 2.14084, 0.729162, 0.000425586, 0.00469165, 0.000376182, 0.00135926, -0.00352427, 0.111244, 0.0102476, 0.199903, -1.4335, 0.20148, 1.25816, -0.392752, 0.691665, 0.396409, 0, 0, 0, 0, 0, 0, 0, 0.477434, -0.0144084, 0.139093, 0.48638, -0.0156758, 0.142604, 0.996195, -3.71201e-12, -0.0871557, -4.46982e-12, -1, -8.49977e-12, -0.0871557, 8.857e-12, -0.996195, 0
9.9, 2025-07-03__01-13-39.774931, -0.0721267, -0.0802773, 0.0581692, -2.29122, -0.0275884, 2.14185, 0.729277, -0.000413899, -0.00501148, 0.00329439, -0.000969734, 0.000703169, 0.0925767, 0.0155358, 0.140014, -1.12079, 0.139235, 1.15405, -0.419754, 0.736542, 0.358053, 0, 0, 0, 0, 0, 0, 0, 0.477813, -0.014407, 0.139179, 0.48638, -0.0156758, 0.142604, 0.996195, -3.71201e-12, -0.0871557, -4.46982e-12, -1, -8.49977e-12, -0.0871557, 8.857e-12, -0.996195, 0
9.91, 2025-07-03__01-13-39.784932, -0.0721267, -0.08035, 0.0581637, -2.29117, -0.0276317, 2.14272, 0.729367, -6.27843e-05, -0.0062952, -0.000536798, 0.00586692, -0.00727332, 0.0853525, 0.0158812, 0.220085, -0.923375, 0.222399, 0.967387, -0.37124, 0.700849, 0.351187, 0, 0, 0, 0, 0, 0, 0, 0.478164, -0.0144144, 0.139294, 0.48638, -0.0156758, 0.142604, 0.996195, -3.71201e-12, -0.0871557, -4.46982e-12, -1, -8.49977e-12, -0.0871557, 8.857e-12, -0.996195, 0
9.92, 2025-07-03__01-13-39.794930, -0.0721369, -0.0804671, 0.0581631, -2.2911, -0.027653, 2.1436, 0.729432, -0.000875982, -0.010282, 0.000279865, 0.00877221, -0.00743323, 0.0901137, 0.00344949, 0.216424, -0.646522, 0.218767, 0.765021, -0.370765, 0.586785, 0.422494, 0, 0, 0, 0, 0, 0, 0, 0.478526, -0.014426, 0.139429, 0.48638, -0.0156758, 0.142604, 0.996195, -3.71201e-12, -0.0871557, -4.46982e-12, -1, -8.49977e-12, -0.0871557, 8.857e-12, -0.996195, 0
9.93, 2025-07-03__01-13-39.804931, -0.0721348, -0.0806297, 0.058163, -2.29105, -0.0276735, 2.1444, 0.729467, 0.00105136, -0.0153878, -2.1998e-05, 0.00399649, -0.00398024, 0.0829139, 0.000283946, 0.171575, -0.470066, 0.174114, 0.733315, -0.390718, 0.580896, 0.439616, 0, 0, 0, 0, 0, 0, 0, 0.478871, -0.0144334, 0.139578, 0.48638, -0.0156758, 0.142604, 0.996195, -3.71201e-12, -0.0871557, -4.46982e-12, -1, -8.49977e-12, -0.0871557, 8.857e-12, -0.996195, 0
9.94, 2025-07-03__01-13-39.814934, -0.0721348, -0.0808137, 0.0581696, -2.29098, -0.0276878, 2.14504, 0.729529, -0.000115414, -0.0170428, 0.000849485, 0.0059556, -0.00556989, 0.0620708, 0.000875772, 0.175366, -0.328402, 0.177678, 0.66381, -0.382235, 0.665623, 0.43276, 0, 0, 0, 0, 0, 0, 0, 0.479175, -0.0144342, 0.13974, 0.48638, -0.0156758, 0.142604, 0.996195, -3.71201e-12, -0.0871557, -4.46982e-12, -1, -8.49977e-12, -0.0871557, 8.857e-12, -0.996195, 0
9.95, 2025-07-03__01-13-39.824932, -0.0721327, -0.0809685, 0.0581764, -2.29089, -0.0277038, 2.14559, 0.729619, -0.00115872, -0.0133814, 0.000523516, 0.00688386, -0.00226183, 0.0527524, 0.00258998, 0.206888, -0.377702, 0.209651, 0.670094, -0.402941, 0.691563, 0.41699, 0, 0, 0, 0, 0, 0, 0, 0.479446, -0.0144354, 0.139891, 0.48638, -0.0156758, 0.142604, 0.996195, -3.71201e-12, -0.0871557, -4.46982e-12, -1, -8.49977e-12, -0.0871557, 8.857e-12, -0.996195, 0
9.96, 2025-07-03__01-13-39.834930, -0.0721313, -0.0810941, 0.0581753, -2.29077, -0.0277154, 2.14611, 0.729711, 0.000494173, -0.0144565, 0.000141396, 0.00699566, -0.000225733, 0.0522627, 0.00544253, 0.175899, -0.258, 0.17915, 0.587943, -0.41658, 0.650565, 0.394175, 0, 0, 0, 0, 0, 0, 0, 0.47971, -0.0144365, 0.140031, 0.48638, -0.0156758, 0.142604, 0.996195, -3.71201e-12, -0.0871557, -4.46982e-12, -1, -8.49977e-12, -0.0871557, 8.857e-12, -0.996195, 0
9.97, 2025-07-03__01-13-39.844931, -0.0721371, -0.0812178, 0.0581807, -2.29067, -0.027737, 2.14659, 0.729771, -0.00109609, -0.0140969, 0.000650415, 0.00771598, -0.00313774, 0.0484188, 0.00722085, 0.200135, -0.194517, 0.203184, 0.535157, -0.398293, 0.637356, 0.380061, 0, 0, 0, 0, 0, 0, 0, 0.479962, -0.0144409, 0.140167, 0.48638, -0.0156758, 0.142604, 0.996195, -3.71201e-12, -0.0871557, -4.46982e-12, -1, -8.49977e-12, -0.0871557, 8.857e-12, -0.996195, 0
9.98, 2025-07-03__01-13-39.854944, -0.0721348, -0.0813265, 0.0581784, -2.29057, -0.0277509, 2.14699, 0.729789, 0.000191151, -0.0112999, 0.000358056, 0.0124521, -0.00318223, 0.038858, 0.00270958, 0.180486, -0.167986, 0.184365, 0.46363, -0.399285, 0.662259, 0.406451, 0, 0, 0, 0, 0, 0, 0, 0.480176, -0.014448, 0.14029, 0.48638, -0.0156758, 0.142604, 0.996195, -3.71201e-12, -0.0871557, -4.46982e-12, -1, -8.49977e-12, -0.0871557, 8.857e-12, -0.996195, 0
9.99, 2025-07-03__01-13-39.864945, -0.0721327, -0.0814278, 0.0581811, -2.29047, -0.0277668, 2.14732, 0.729811, -0.000171981, -0.00728062, -0.000133369, 0.0117754, -0.00015963, 0.0275372, -0.00125406, 0.201837, -0.284403, 0.206189, 0.529205, -0.416822, 0.723485, 0.429176, 0, 0, 0, 0, 0, 0, 0, 0.480368, -0.0144507, 0.140409, 0.48638, -0.0156758, 0.142604, 0.996195, -3.71201e-12, -0.0871557, -4.46982e-12, -1, -8.49977e-12, -0.0871557, 8.857e-12, -0.996195, 0
10, 2025-07-03__01-13-39.874944, -0.0721324, -0.0815147, 0.0581814, -2.29037, -0.0277765, 2.14758, 0.729863, -0.000298602, -0.0040026, 0.000209348, 0.00910004, -0.00200711, 0.0225395, 0.00923433, 0.199669, -0.40104, 0.203531, 0.610243, -0.404559, 0.750191, 0.362902, 0, 0, 0, 0, 0, 0, 0, 0.480536, -0.0144556, 0.140514, 0.48638, -0.0156758, 0.142604, 0.996195, -3.71201e-12, -0.0871557, -4.46982e-12, -1, -8.49977e-12, -0.0871557, 8.857e-12, -0.996195, 0
10.01, 2025-07-03__01-13-39.884944, -0.0721339, -0.0815834, 0.0581845, -2.29028, -0.0277877, 2.14783, 0.72991, -0.000908544, -0.00482329, -0.000139328, 0.00771284, -0.000509283, 0.0163543, 0.00413517, 0.219529, -0.362548, 0.223573, 0.604713, -0.413245, 0.774332, 0.391028, 0, 0, 0, 0, 0, 0, 0, 0.480677, -0.0144521, 0.140594, 0.48638, -0.0156758, 0.142604, 0.996195, -3.71201e-12, -0.0871557, -4.46982e-12, -1, -8.49977e-12, -0.0871557, 8.857e-12, -0.996195, 0
10.02, 2025-07-03__01-13-39.894945, -0.0721348, -0.0816298, 0.0581797, -2.29018, -0.0277962, 2.14803, 0.729951, -0.000210652, -0.0061774, -2.91492e-05, 0.0092398, -0.000276592, 0.0203372, 0.00369051, 0.200822, -0.241104, 0.205108, 0.504514, -0.415639, 0.721692, 0.391151, 0, 0, 0, 0, 0, 0, 0, 0.480813, -0.0144614, 0.140677, 0.48638, -0.0156758, 0.142604, 0.996195, -3.71201e-12, -0.0871557, -4.46982e-12, -1, -8.49977e-12, -0.0871557, 8.857e-12, -0.996195, 0
10.03, 2025-07-03__01-13-39.904933, -0.0721348, -0.0816857, 0.058179, -2.2901, -0.0278179, 2.1482, 0.729963, 0.000507882, -0.00680087, -4.48013e-05, 0.00826374, -0.00721158, 0.0176691, -7.12592e-05, 0.184202, -0.203604, 0.188291, 0.493943, -0.37096, 0.726443, 0.41382, 0, 0, 0, 0, 0, 0, 0, 0.480924, -0.0144706, 0.140749, 0.48638, -0.0156758, 0.142604, 0.996195, -3.71201e-12, -0.0871557, -4.46982e-12, -1, -8.49977e-12, -0.0871557, 8.857e-12, -0.996195, 0
10.04, 2025-07-03__01-13-39.914934, -0.0721292, -0.0817146, 0.058185, -2.29003, -0.0278297, 2.14833, 0.729985, 0.00264738, -0.00163925, -0.000661994, 0.00447848, -0.00208912, 0.0137693, 0.00238246, 0.151186, -0.430308, 0.155294, 0.643167, -0.400602, 0.764115, 0.397673, 0, 0, 0, 0, 0, 0, 0, 0.481012, -0.014468, 0.140803, 0.48638, -0.0156758, 0.142604, 0.996195, -3.71201e-12, -0.0871557, -4.46982e-12, -1, -8.49977e-12, -0.0871557, 8.857e-12, -0.996195, 0
10.05, 2025-07-03__01-13-39.924945, -0.0721345, -0.081738, 0.0581882, -2.28997, -0.027835, 2.14844, 0.730012, 0.00073081, -0.00620513, -0.000229993, 0.00591722, -0.00103496, 0.0111231, 0.0019226, 0.181286, -0.229653, 0.185374, 0.525595, -0.408624, 0.758635, 0.398665, 0, 0, 0, 0, 0, 0, 0, 0.481086, -0.0144689, 0.140846, 0.48638, -0.0156758, 0.142604, 0.996195, -3.71201e-12, -0.0871557, -4.46982e-12, -1, -8.49977e-12, -0.0871557, 8.857e-12, -0.996195, 0
10.06, 2025-07-03__01-13-39.934944, -0.072132, -0.0817568, 0.0581882, -2.28992, -0.0278394, 2.14854, 0.730032, -0.000304286, 0.000263499, 0.00307867, 0.00429852, -0.00017547, 0.00902418, 0.00215837, 0.212674, -0.400402, 0.217667, 0.592647, -0.413269, 0.791939, 0.386044, 0, 0, 0, 0, 0, 0, 0, 0.481159, -0.0144697, 0.140889, 0.48638, -0.0156758, 0.142604, 0.996195, -3.71201e-12, -0.0871557, -4.46982e-12, -1, -8.49977e-12, -0.0871557, 8.857e-12, -0.996195, 0
10.07, 2025-07-03__01-13-39.944945, -0.0721346, -0.081763, 0.0581882, -2.28987, -0.0278447, 2.14863, 0.73005, -0.00194486, -1.16002e-05, -0.000459122, 0.00117252, 5.16042e-05, 0.00772164, 0.000355118, 0.25186, -0.507796, 0.255677, 0.703504, -0.412225, 0.793491, 0.406004, 0, 0, 0, 0, 0, 0, 0, 0.481213, -0.0144727, 0.140917, 0.48638, -0.0156758, 0.142604, 0.996195, -3.71201e-12, -0.0871557, -4.46982e-12, -1, -8.49977e-12, -0.0871557, 8.857e-12, -0.996195, 0
10.08, 2025-07-03__01-13-39.954944, -0.0721319, -0.0817651, 0.0581932, -2.28984, -0.0278549, 2.14873, 0.730071, -0.000206404, -1.20769e-05, 0.000195166, 0.00296094, -0.00375363, 0.0101207, 0.00257723, 0.196399, -0.462874, 0.199687, 0.652443, -0.389023, 0.763376, 0.391654, 0, 0, 0, 0, 0, 0, 0, 0.481261, -0.0144713, 0.140936, 0.48638, -0.0156758, 0.142604, 0.996195, -3.71201e-12, -0.0871557, -4.46982e-12, -1, -8.49977e-12, -0.0871557, 8.857e-12, -0.996195, 0
10.09, 2025-07-03__01-13-39.964942, -0.0721327, -0.0817736, 0.0581964, -2.28983, -0.0278624, 2.14881, 0.730089, -0.000205993, -0.00165043, 0.000702551, 0.00156752, 0.000145141, 0.00673277, 0.00238796, 0.182565, -0.42725, 0.18538, 0.656118, -0.412886, 0.781565, 0.391626, 0, 0, 0, 0, 0, 0, 0, 0.481294, -0.0144715, 0.140947, 0.48638, -0.0156758, 0.142604, 0.996195, -3.71201e-12, -0.0871557, -4.46982e-12, -1, -8.49977e-12, -0.0871557, 8.857e-12, -0.996195, 0
10.1, 2025-07-03__01-13-39.974944, -0.0721341, -0.0817688, 0.0581942, -2.28982, -0.0278682, 2.14889, 0.730105, -0.000318803, 0.00144241, -1.70668e-05, -0.00136804, -0.00083899, 0.00359967, 0.000275156, 0.204793, -0.591789, 0.207683, 0.773058, -0.404633, 0.813091, 0.40375, 0, 0, 0, 0, 0, 0, 0, 0.481334, -0.0144754, 0.140963, 0.48638, -0.0156758, 0.142604, 0.996195, -3.71201e-12, -0.0871557, -4.46982e-12, -1, -8.49977e-12, -0.0871557, 8.857e-12, -0.996195, 0
10.11, 2025-07-03__01-13-39.984945, -0.0721294, -0.0817664, 0.0581922, -2.28981, -0.0278737, 2.14897, 0.730117, 0.00168916, 0.000486788, -0.000438717, 0.00167388, -0.000198602, 0.00310874, 0.00045655, 0.168015, -0.503742, 0.171456, 0.692904, -0.409964, 0.799313, 0.401926, 0, 0, 0, 0, 0, 0, 0, 0.481365, -0.0144774, 0.140969, 0.48638, -0.0156758, 0.142604, 0.996195, -3.71201e-12, -0.0871557, -4.46982e-12, -1, -8.49977e-12, -0.0871557, 8.857e-12, -0.996195, 0
10.12, 2025-07-03__01-13-39.994935, -0.0721351, -0.0817694, 0.0581915, -2.28981, -0.0278768, 2.14904, 0.730141, 0.000103852, -0.000414181, -0.000935628, 0.00130311, -0.00134777, 0.00128675, 0.00621911, 0.216206, -0.481064, 0.219943, 0.688046, -0.403036, 0.806259, 0.365628, 0, 0, 0, 0, 0, 0, 0, 0.481391, -0.0144792, 0.140975, 0.48638, -0.0156758, 0.142604, 0.996195, -3.71201e-12, -0.0871557, -4.46982e-12, -1, -8.49977e-12, -0.0871557, 8.857e-12, -0.996195, 0
10.13, 2025-07-03__01-13-40.004935, -0.0721325, -0.0817717, 0.0581924, -2.28981, -0.0278826, 2.14911, 0.730156, 0.00133195, -0.00139363, 0.00031353, -1.29295e-05, 0.000138275, 0.00503006, 0.00205821, 0.157465, -0.455238, 0.16012, 0.684399, -0.411441, 0.777449, 0.389977, 0, 0, 0, 0, 0, 0, 0, 0.481418, -0.0144795, 0.140979, 0.48638, -0.0156758, 0.142604, 0.996195, -3.71201e-12, -0.0871557, -4.46982e-12, -1, -8.49977e-12, -0.0871557, 8.857e-12, -0.996195, 0
10.14, 2025-07-03__01-13-40.014930, -0.0721346, -0.0817695, 0.0581974, -2.28981, -0.0278868, 2.14918, 0.730167, 0.0044043, -0.000758144, 0.00101976, -0.000738814, -0.00463947, 0.00629852, 0.00109462, 0.0717839, -0.483653, 0.0735703, 0.706783, -0.380999, 0.767107, 0.395721, 0, 0, 0, 0, 0, 0, 0, 0.48144, -0.0144795, 0.140985, 0.48638, -0.0156758, 0.142604, 0.996195, -3.71201e-12, -0.0871557, -4.46982e-12, -1, -8.49977e-12, -0.0871557, 8.857e-12, -0.996195, 0
10.15, 2025-07-03__01-13-40.024945, -0.0721327, -0.0817645, 0.0581973, -2.2898, -0.0278954, 2.14924, 0.730189, 0.000550046, 9.8198e-05, 0.000293143, 0.000469131, -0.000290599, 0.00448081, 0.00155374, 0.17611, -0.499828, 0.178635, 0.696304, -0.408085, 0.773949, 0.391194, 0, 0, 0, 0, 0, 0, 0, 0.481469, -0.0144764, 0.140992, 0.48638, -0.0156758, 0.142604, 0.996195, -3.71201e-12, -0.0871557, -4.46982e-12, -1, -8.49977e-12, -0.0871557, 8.857e-12, -0.996195, 0
10.16, 2025-07-03__01-13-40.034944, -0.0721326, -0.0817717, 0.0581974, -2.2898, -0.0279002, 2.14928, 0.730208, 0.000677096, -0.00068033, 0.00389134, -0.000336193, -0.00260343, 0.00422838, 0.00448366, 0.0910168, -0.47954, 0.0907824, 0.699852, -0.393508, 0.773164, 0.372732, 0, 0, 0, 0, 0, 0, 0, 0.481484, -0.0144778, 0.140996, 0.48638, -0.0156758, 0.142604, 0.996195, -3.71201e-12, -0.0871557, -4.46982e-12, -1, -8.49977e-12, -0.0871557, 8.857e-12, -0.996195, 0
10.17, 2025-07-03__01-13-40.044943, -0.0721358, -0.0817695, 0.0581946, -2.2898, -0.0279067, 2.14931, 0.730219, -0.000361069, -0.000261161, -0.000752405, 0.000889808, -0.00023848, 0.00464737, 0.00181407, 0.221443, -0.477997, 0.224718, 0.677728, -0.40804, 0.76602, 0.387763, 0, 0, 0, 0, 0, 0, 0, 0.481495, -0.014482, 0.141, 0.48638, -0.0156758, 0.142604, 0.996195, -3.71201e-12, -0.0871557, -4.46982e-12, -1, -8.49977e-12, -0.0871557, 8.857e-12, -0.996195, 0
10.18, 2025-07-03__01-13-40.054945, -0.0721345, -0.0817674, 0.0582008, -2.2898, -0.0279059, 2.14933, 0.730234, 0.00106041, 0.00113687, 0.00120732, 0.00135401, -0.000838019, 0.00369746, 0.00261103, 0.14475, -0.519111, 0.146447, 0.695348, -0.404574, 0.772462, 0.382358, 0, 0, 0, 0, 0, 0, 0, 0.481501, -0.01448, 0.141, 0.48638, -0.0156758, 0.142604, 0.996195, -3.71201e-12, -0.0871557, -4.46982e-12, -1, -8.49977e-12, -0.0871557, 8.857e-12, -0.996195, 0
10.19, 2025-07-03__01-13-40.064942, -0.0721349, -0.0817644, 0.0582001, -2.2898, -0.0279066, 2.14936, 0.730251, 0.000155323, 0.00201368, 0.000778043, 0.00328729, 0.000104439, 0.00506791, -0.000106541, 0.176097, -0.516539, 0.178296, 0.665626, -0.410879, 0.757199, 0.397632, 0, 0, 0, 0, 0, 0, 0, 0.481507, -0.0144829, 0.140999, 0.48638, -0.0156758, 0.142604, 0.996195, -3.71201e-12, -0.0871557, -4.46982e-12, -1, -8.49977e-12, -0.0871557, 8.857e-12, -0.996195, 0
10.2, 2025-07-03__01-13-40.074934, -0.0721348, -0.0817695, 0.058203, -2.2898, -0.0279112, 2.14937, 0.730265, 0.000134619, 0.000115676, 0.000790758, 0.00177381, 8.09445e-05, 0.000217349, 0.00131553, 0.174053, -0.482554, 0.176018, 0.678152, -0.410416, 0.790361, 0.388335, 0, 0, 0, 0, 0, 0, 0, 0.481515, -0.0144826, 0.141003, 0.48638, -0.0156758, 0.142604, 0.996195, -3.71201e-12, -0.0871557, -4.46982e-12, -1, -8.49977e-12, -0.0871557, 8.857e-12, -0.996195, 0
10.21, 2025-07-03__01-13-40.084945, -0.0721323, -0.0817695, 0.0582003, -2.2898, -0.0279131, 2.14939, 0.730274, 0.00213475, -0.000608046, 0.000319435, 0.00195176, -0.000406363, 0.00197691, 0.00129256, 0.138766, -0.448303, 0.140995, 0.656932, -0.407559, 0.77463, 0.38803, 0, 0, 0, 0, 0, 0, 0, 0.481517, -0.0144843, 0.140999, 0.48638, -0.0156758, 0.142604, 0.996195, -3.71201e-12, -0.0871557, -4.46982e-12, -1, -8.49977e-12, -0.0871557, 8.857e-12, -0.996195, 0
10.22, 2025-07-03__01-13-40.094945, -0.0721345, -0.0817695, 0.0582006, -2.2898, -0.0279169, 2.14941, 0.730287, 0.00114117, -0.000372096, 0.000472072, 0.000835749, -0.000391232, 2.70802e-05, 0.000126553, 0.158344, -0.479768, 0.160334, 0.688622, -0.406868, 0.790698, 0.394369, 0, 0, 0, 0, 0, 0, 0, 0.48153, -0.0144847, 0.141005, 0.48638, -0.0156758, 0.142604, 0.996195, -3.71201e-12, -0.0871557, -4.46982e-12, -1, -8.49977e-12, -0.0871557, 8.857e-12, -0.996195, 0
10.23, 2025-07-03__01-13-40.104945, -0.0721326, -0.081772, 0.0582006, -2.2898, -0.0279209, 2.14944, 0.7303, 0.00119446, -0.00211618, 0.000729131, -0.000905948, 0.000127116, 0.00127435, 0.000391258, 0.148801, -0.442176, 0.150404, 0.68944, -0.409538, 0.78156, 0.392015, 0, 0, 0, 0, 0, 0, 0, 0.481539, -0.0144864, 0.141005, 0.48638, -0.0156758, 0.142604, 0.996195, -3.71201e-12, -0.0871557, -4.46982e-12, -1, -8.49977e-12, -0.0871557, 8.857e-12, -0.996195, 0
10.24, 2025-07-03__01-13-40.114942, -0.0721324, -0.0817642, 0.0582006, -2.2898, -0.0279259, 2.14947, 0.730319, 0.000629515, 0.00136097, 0.000162628, 0.000138664, -0.000269161, -0.000396091, 0.00270565, 0.178183, -0.554937, 0.180173, 0.731616, -0.406801, 0.795424, 0.376937, 0, 0, 0, 0, 0, 0, 0, 0.481551, -0.0144815, 0.14101, 0.48638, -0.0156758, 0.142604, 0.996195, -3.71201e-12, -0.0871557, -4.46982e-12, -1, -8.49977e-12, -0.0871557, 8.857e-12, -0.996195, 0
10.25, 2025-07-03__01-13-40.124945, -0.0721323, -0.0817695, 0.0582031, -2.2898, -0.0279253, 2.1495, 0.730324, 0.000305413, -0.000934744, 0.000782922, 0.00141718, -0.00169854, 0.0051497, 0.00373451, 0.168547, -0.437567, 0.170236, 0.649413, -0.398837, 0.746191, 0.37034, 0, 0, 0, 0, 0, 0, 0, 0.481561, -0.0144818, 0.14101, 0.48638, -0.0156758, 0.142604, 0.996195, -3.71201e-12, -0.0871557, -4.46982e-12, -1, -8.49977e-12, -0.0871557, 8.857e-12, -0.996195, 0
10.26, 2025-07-03__01-13-40.134942, -0.0721348, -0.0817667, 0.0582006, -2.2898, -0.0279252, 2.14954, 0.730336, -0.000525546, 0.000123476, -6.94794e-05, -0.000152904, 0.000319744, 0.00918561, 0.00105857, 0.207875, -0.494072, 0.210098, 0.684525, -0.410346, 0.722983, 0.38559, 0, 0, 0, 0, 0, 0, 0, 0.481574, -0.0144845, 0.141012, 0.48638, -0.0156758, 0.142604, 0.996195, -3.71201e-12, -0.0871557, -4.46982e-12, -1, -8.49977e-12, -0.0871557, 8.857e-12, -0.996195, 0
10.27, 2025-07-03__01-13-40.144945, -0.0721349, -0.0817716, 0.0582009, -2.2898, -0.02793, 2.14955, 0.730342, -0.000266133, 0.000192371, -0.00107988, 0.000103234, 0.000182351, 0.000229297, 0.000247672, 0.225712, -0.510009, 0.228571, 0.706475, -0.409441, 0.783353, 0.39033, 0, 0, 0, 0, 0, 0, 0, 0.481579, -0.0144845, 0.141016, 0.48638, -0.0156758, 0.142604, 0.996195, -3.71201e-12, -0.0871557, -4.46982e-12, -1, -8.49977e-12, -0.0871557, 8.857e-12, -0.996195, 0
10.28, 2025-07-03__01-13-40.154945, -0.0721373, -0.0817723, 0.0581982, -2.28979, -0.0279311, 2.14957, 0.730354, -0.000630339, 0.000549497, -0.00142858, 0.00180754, -0.00106184, 0.000821464, -0.000652332, 0.243653, -0.491478, 0.246897, 0.673729, -0.402238, 0.773217, 0.39508, 0, 0, 0, 0, 0, 0, 0, 0.481587, -0.0144875, 0.141019, 0.48638, -0.0156758, 0.142604, 0.996195, -3.71201e-12, -0.0871557, -4.46982e-12, -1, -8.49977e-12, -0.0871557, 8.857e-12, -0.996195, 0
10.29, 2025-07-03__01-13-40.164944, -0.0721324, -0.0817696, 0.0582038, -2.2898, -0.0279356, 2.14959, 0.730371, 0.00149427, 0.000552168, 0.000412479, -0.000354073, -0.000375776, 0.00495459, 0.00576911, 0.151041, -0.517049, 0.152605, 0.707274, -0.405898, 0.749811, 0.355358, 0, 0, 0, 0, 0, 0, 0, 0.481593, -0.0144843, 0.141018, 0.48638, -0.0156758, 0.142604, 0.996195, -3.71201e-12, -0.0871557, -4.46982e-12, -1, -8.49977e-12, -0.0871557, 8.857e-12, -0.996195, 0
10.3, 2025-07-03__01-13-40.174945, -0.0721348, -0.0817726, 0.0582084, -2.2898, -0.0279318, 2.1496, 0.730373, -0.000144028, -0.000534563, 0.00385809, 0.000448747, 0.00938249, 0.000483676, 0.000343628, 0.108237, -0.470007, 0.107666, 0.682429, -0.467447, 0.775294, 0.387611, 0, 0, 0, 0, 0, 0, 0, 0.481596, -0.0144848, 0.141018, 0.48638, -0.0156758, 0.142604, 0.996195, -3.71201e-12, -0.0871557, -4.46982e-12, -1, -8.49977e-12, -0.0871557, 8.857e-12, -0.996195, 0
10.31, 2025-07-03__01-13-40.184944, -0.0721351, -0.0817691, 0.058201, -2.2898, -0.0279361, 2.14961, 0.730381, -0.00024632, 0.000882087, -0.00073648, 0.00142671, 0.00031016, -7.54006e-05, 0.00169337, 0.218569, -0.512093, 0.221132, 0.690666, -0.410614, 0.778755, 0.379349, 0, 0, 0, 0, 0, 0, 0, 0.4816, -0.0144866, 0.14102, 0.48638, -0.0156758, 0.142604, 0.996195, -3.71201e-12, -0.0871557, -4.46982e-12, -1, -8.49977e-12, -0.0871557, 8.857e-12, -0.996195, 0
10.32, 2025-07-03__01-13-40.194944, -0.0721373, -0.0817699, 0.0582038, -2.2898, -0.0279419, 2.14962, 0.730394, 0.0040218, 0.000722267, -0.000680061, 0.000100938, -0.00105007, -0.00019173, 0.00264775, 0.120339, -0.524452, 0.122451, 0.716104, -0.401574, 0.782101, 0.373207, 0, 0, 0, 0, 0, 0, 0, 0.481604, -0.0144876, 0.141021, 0.48638, -0.0156758, 0.142604, 0.996195, -3.71201e-12, -0.0871557, -4.46982e-12, -1, -8.49977e-12, -0.0871557, 8.857e-12, -0.996195, 0
10.33, 2025-07-03__01-13-40.204945, -0.0721327, -0.0817691, 0.0582046, -2.2898, -0.0279448, 2.14963, 0.730396, 0.00202272, 0.000260016, 0.000367032, -0.000352852, -0.000243597, 0.000521203, 0.000157792, 0.139852, -0.514888, 0.141259, 0.714891, -0.406082, 0.777079, 0.388063, 0, 0, 0, 0, 0, 0, 0, 0.481616, -0.014487, 0.141026, 0.48638, -0.0156758, 0.142604, 0.996195, -3.71201e-12, -0.0871557, -4.46982e-12, -1, -8.49977e-12, -0.0871557, 8.857e-12, -0.996195, 0
10.34, 2025-07-03__01-13-40.214945, -0.0721349, -0.0817726, 0.0582093, -2.2898, -0.0279457, 2.14965, 0.730405, -0.000775649, -0.000858333, 0.00203823, 0.000364622, -0.000266453, 0.000139641, -0.00152092, 0.163732, -0.463333, 0.164068, 0.681669, -0.40622, 0.773849, 0.397627, 0, 0, 0, 0, 0, 0, 0, 0.481614, -0.014487, 0.141022, 0.48638, -0.0156758, 0.142604, 0.996195, -3.71201e-12, -0.0871557, -4.46982e-12, -1, -8.49977e-12, -0.0871557, 8.857e-12, -0.996195, 0
10.35, 2025-07-03__01-13-40.224944, -0.0721349, -0.0817699, 0.0582018, -2.2898, -0.027946, 2.14966, 0.730422, 6.47807e-05, 7.34334e-05, -0.000701335, 0.000896431, -0.000554315, 0.000639278, 0.000385514, 0.209614, -0.488993, 0.211913, 0.684485, -0.404623, 0.770244, 0.384993, 0, 0, 0, 0, 0, 0, 0, 0.481618, -0.0144884, 0.141024, 0.48638, -0.0156758, 0.142604, 0.996195, -3.71201e-12, -0.0871557, -4.46982e-12, -1, -8.49977e-12, -0.0871557, 8.857e-12, -0.996195, 0
10.36, 2025-07-03__01-13-40.234944, -0.0721325, -0.0817727, 0.0582041, -2.28979, -0.027946, 2.14967, 0.730431, 0.000375146, -0.00067373, -0.0013646, 0.000806251, 0.000155693, 0.000931099, 0.00136675, 0.21584, -0.460506, 0.218607, 0.669678, -0.4093, 0.765887, 0.378431, 0, 0, 0, 0, 0, 0, 0, 0.481621, -0.0144845, 0.141023, 0.48638, -0.0156758, 0.142604, 0.996195, -3.71201e-12, -0.0871557, -4.46982e-12, -1, -8.49977e-12, -0.0871557, 8.857e-12, -0.996195, 0
10.37, 2025-07-03__01-13-40.244945, -0.072138, -0.0817727, 0.058207, -2.2898, -0.02795, 2.14968, 0.730436, -0.000957836, 0.000111685, 0.00035372, -0.000922186, -0.000247741, 0.00024817, 0.00336506, 0.208231, -0.519885, 0.209547, 0.721906, -0.405787, 0.777066, 0.366185, 0, 0, 0, 0, 0, 0, 0, 0.48163, -0.0144874, 0.14103, 0.48638, -0.0156758, 0.142604, 0.996195, -3.71201e-12, -0.0871557, -4.46982e-12, -1, -8.49977e-12, -0.0871557, 8.857e-12, -0.996195, 0
10.38, 2025-07-03__01-13-40.254945, -0.0721348, -0.0817726, 0.058207, -2.2898, -0.0279486, 2.14969, 0.730439, -0.000956375, -0.00655865, 0.000892569, 0.000786227, 0.000406119, -0.000388598, 0.00127273, 0.189317, -0.254978, 0.19054, 0.577643, -0.411736, 0.761387, 0.378523, 0, 0, 0, 0, 0, 0, 0, 0.481629, -0.0144877, 0.141026, 0.48638, -0.0156758, 0.142604, 0.996195, -3.71201e-12, -0.0871557, -4.46982e-12, -1, -8.49977e-12, -0.0871557, 8.857e-12, -0.996195, 0
10.39, 2025-07-03__01-13-40.264945, -0.0721371, -0.0817719, 0.0582079, -2.28979, -0.027949, 2.1497, 0.730439, -0.000715656, 0.00101684, 0.000834303, 0.00119744, -1.10744e-05, 0.000217542, -0.0014425, 0.192425, -0.514202, 0.193562, 0.691903, -0.407827, 0.771146, 0.395131, 0, 0, 0, 0, 0, 0, 0, 0.481631, -0.0144855, 0.141024, 0.48638, -0.0156758, 0.142604, 0.996195, -3.71201e-12, -0.0871557, -4.46982e-12, -1, -8.49977e-12, -0.0871557, 8.857e-12, -0.996195, 0
10.4, 2025-07-03__01-13-40.274944, -0.0721373, -0.0817736, 0.0582101, -2.2898, -0.0279505, 2.14971, 0.730449, -0.000749928, -0.000870604, 0.000437718, -0.00187859, -9.68011e-05, -4.22199e-05, 0.00424842, 0.199725, -0.500156, 0.200841, 0.724618, -0.406609, 0.777765, 0.360102, 0, 0, 0, 0, 0, 0, 0, 0.481641, -0.0144879, 0.141032, 0.48638, -0.0156758, 0.142604, 0.996195, -3.71201e-12, -0.0871557, -4.46982e-12, -1, -8.49977e-12, -0.0871557, 8.857e-12, -0.996195, 0
10.41, 2025-07-03__01-13-40.284945, -0.0721394, -0.0817734, 0.0582105, -2.28979, -0.0279491, 2.14972, 0.730461, -0.00184457, -0.000284984, 0.00136516, 0.000993845, 0.000399083, 0.000460016, 0.00209427, 0.204796, -0.470217, 0.205545, 0.672341, -0.410802, 0.765901, 0.372336, 0, 0, 0, 0, 0, 0, 0, 0.481645, -0.0144857, 0.141033, 0.48638, -0.0156758, 0.142604, 0.996195, -3.71201e-12, -0.0871557, -4.46982e-12, -1, -8.49977e-12, -0.0871557, 8.857e-12, -0.996195, 0
10.42, 2025-07-03__01-13-40.294945, -0.0721348, -0.0817757, 0.0582101, -2.28979, -0.0279542, 2.14973, 0.730465, 0.000206473, -0.000210761, 0.000251532, 9.44826e-05, 0.000282193, 6.14333e-05, 0.00157375, 0.182558, -0.486744, 0.183923, 0.692429, -0.409435, 0.770721, 0.375355, 0, 0, 0, 0, 0, 0, 0, 0.481649, -0.0144877, 0.141034, 0.48638, -0.0156758, 0.142604, 0.996195, -3.71201e-12, -0.0871557, -4.46982e-12, -1, -8.49977e-12, -0.0871557, 8.857e-12, -0.996195, 0
10.43, 2025-07-03__01-13-40.304945, -0.0721373, -0.081773, 0.0582109, -2.2898, -0.0279552, 2.14973, 0.730462, -0.000816447, 0.000513828, 0.0047361, -0.0014807, 1.64566e-05, -0.000567771, -0.00114403, 0.104756, -0.539759, 0.102695, 0.742071, -0.406788, 0.781525, 0.392322, 0, 0, 0, 0, 0, 0, 0, 0.481649, -0.0144857, 0.141034, 0.48638, -0.0156758, 0.142604, 0.996195, -3.71201e-12, -0.0871557, -4.46982e-12, -1, -8.49977e-12, -0.0871557, 8.857e-12, -0.996195, 0
10.44, 2025-07-03__01-13-40.314946, -0.0721345, -0.0817705, 0.0582101, -2.2898, -0.0279553, 2.14974, 0.730473, 0.000780135, 0.00158544, -0.000398117, -0.000629577, -9.39047e-05, 0.00173739, -0.000281113, 0.185572, -0.562526, 0.187193, 0.734658, -0.40627, 0.764953, 0.386198, 0, 0, 0, 0, 0, 0, 0, 0.481649, -0.0144842, 0.141035, 0.48638, -0.0156758, 0.142604, 0.996195, -3.71201e-12, -0.0871557, -4.46982e-12, -1, -8.49977e-12, -0.0871557, 8.857e-12, -0.996195, 0
10.45, 2025-07-03__01-13-40.324945, -0.072133, -0.0817783, 0.0582095, -2.28979, -0.0279542, 2.14974, 0.730483, 0.00071907, -0.00176154, -0.00168654, -0.000411773, 0.00556689, 0.000302409, 0.0021286, 0.212846, -0.438725, 0.215618, 0.672607, -0.442673, 0.766763, 0.370504, 0, 0, 0, 0, 0, 0, 0, 0.481646, -0.0144863, 0.14103, 0.48638, -0.0156758, 0.142604, 0.996195, -3.71201e-12, -0.0871557, -4.46982e-12, -1, -8.49977e-12, -0.0871557, 8.857e-12, -0.996195, 0
10.46, 2025-07-03__01-13-40.334944, -0.072133, -0.0817724, 0.0582133, -2.28979, -0.0279599, 2.14975, 0.730484, 0.000461458, 0.00080955, 0.000138727, 0.00100271, 0.000142596, 6.22038e-05, 0.000728648, 0.179359, -0.508366, 0.180715, 0.691122, -0.408491, 0.768807, 0.379433, 0, 0, 0, 0, 0, 0, 0, 0.481655, -0.0144873, 0.141035, 0.48638, -0.0156758, 0.142604, 0.996195, -3.71201e-12, -0.0871557, -4.46982e-12, -1, -8.49977e-12, -0.0871557, 8.857e-12, -0.996195, 0
10.47, 2025-07-03__01-13-40.344947, -0.0721348, -0.0817755, 0.0582105, -2.2898, -0.02796, 2.14975, 0.730494, -0.000468907, 0.00022614, -0.00080375, -0.00178325, -0.000246718, -1.7007e-06, 0.00102426, 0.221767, -0.536652, 0.223536, 0.739133, -0.404934, 0.776874, 0.377048, 0, 0, 0, 0, 0, 0, 0, 0.481656, -0.014485, 0.141037, 0.48638, -0.0156758, 0.142604, 0.996195, -3.71201e-12, -0.0871557, -4.46982e-12, -1, -8.49977e-12, -0.0871557, 8.857e-12, -0.996195, 0
10.48, 2025-07-03__01-13-40.354944, -0.0721348, -0.0817758, 0.0582109, -2.2898, -0.0279632, 2.14976, 0.730497, 0.000475058, -0.000181003, 0.000773978, -0.00101483, -0.000132769, -9.92965e-05, 0.00407586, 0.164503, -0.506842, 0.16517, 0.717247, -0.406162, 0.773361, 0.358509, 0, 0, 0, 0, 0, 0, 0, 0.481653, -0.0144889, 0.141031, 0.48638, -0.0156758, 0.142604, 0.996195, -3.71201e-12, -0.0871557, -4.46982e-12, -1, -8.49977e-12, -0.0871557, 8.857e-12, -0.996195, 0
10.49, 2025-07-03__01-13-40.364945, -0.0721358, -0.0817783, 0.0582106, -2.28979, -0.0279629, 2.14976, 0.730499, -0.0013181, -0.00093816, -0.000195068, 0.000992572, -0.00905314, -5.41612e-05, -0.00164703, 0.227132, -0.447961, 0.228552, 0.664684, -0.350883, 0.765171, 0.39344, 0, 0, 0, 0, 0, 0, 0, 0.481659, -0.0144867, 0.141037, 0.48638, -0.0156758, 0.142604, 0.996195, -3.71201e-12, -0.0871557, -4.46982e-12, -1, -8.49977e-12, -0.0871557, 8.857e-12, -0.996195, 0
10.5, 2025-07-03__01-13-40.374936, -0.0721326, -0.0817728, 0.0582126, -2.28979, -0.0279617, 2.14977, 0.730506, 0.000481506, -0.000258055, 0.00164743, 0.00097371, -0.00764385, 0.000470409, 0.00371278, 0.144334, -0.469324, 0.144378, 0.675571, -0.360148, 0.76207, 0.360666, 0, 0, 0, 0, 0, 0, 0, 0.481662, -0.0144886, 0.141035, 0.48638, -0.0156758, 0.142604, 0.996195, -3.71201e-12, -0.0871557, -4.46982e-12, -1, -8.49977e-12, -0.0871557, 8.857e-12, -0.996195, 0
10.51, 2025-07-03__01-13-40.384947, -0.0721373, -0.0817702, 0.0582158, -2.28979, -0.0279607, 2.14977, 0.730511, -0.000478829, -2.16952e-06, 0.00132903, -0.00135766, -0.000395643, 0.00056059, 0.00111976, 0.172941, -0.518012, 0.173129, 0.723902, -0.404342, 0.769464, 0.375601, 0, 0, 0, 0, 0, 0, 0, 0.481661, -0.0144857, 0.141034, 0.48638, -0.0156758, 0.142604, 0.996195, -3.71201e-12, -0.0871557, -4.46982e-12, -1, -8.49977e-12, -0.0871557, 8.857e-12, -0.996195, 0
10.52, 2025-07-03__01-13-40.394945, -0.0721377, -0.0817758, 0.0582133, -2.28979, -0.0279618, 2.14977, 0.730516, -0.00122771, -0.00111056, 0.000499942, 0.00137468, -1.12014e-05, -0.000378524, 0.00633457, 0.20914, -0.434355, 0.210297, 0.651384, -0.408332, 0.765169, 0.343504, 0, 0, 0, 0, 0, 0, 0, 0.481662, -0.0144892, 0.141035, 0.48638, -0.0156758, 0.142604, 0.996195, -3.71201e-12, -0.0871557, -4.46982e-12, -1, -8.49977e-12, -0.0871557, 8.857e-12, -0.996195, 0
10.53, 2025-07-03__01-13-40.404945, -0.0721377, -0.0817703, 0.0582134, -2.28979, -0.0279615, 2.14978, 0.730518, 0.000205432, 0.000631812, -1.66735e-05, -0.000454084, 0.000282547, 6.17878e-05, 0.000489468, 0.189343, -0.526733, 0.190537, 0.716856, -0.408817, 0.770891, 0.378939, 0, 0, 0, 0, 0, 0, 0, 0.481665, -0.0144886, 0.141035, 0.48638, -0.0156758, 0.142604, 0.996195, -3.71201e-12, -0.0871557, -4.46982e-12, -1, -8.49977e-12, -0.0871557, 8.857e-12, -0.996195, 0
10.54, 2025-07-03__01-13-40.414945, -0.0721348, -0.0817683, 0.0582134, -2.28979, -0.0279647, 2.14978, 0.730528, 0.000522591, 0.000958727, -0.000434417, 0.0051365, -3.69014e-05, 1.30361e-05, 0.000440792, 0.192397, -0.446007, 0.194399, 0.609824, -0.408936, 0.754932, 0.378525, 0, 0, 0, 0, 0, 0, 0, 0.481666, -0.0144861, 0.141037, 0.48638, -0.0156758, 0.142604, 0.996195, -3.71201e-12, -0.0871557, -4.46982e-12, -1, -8.49977e-12, -0.0871557, 8.857e-12, -0.996195, 0
10.55, 2025-07-03__01-13-40.424944, -0.0721374, -0.0817755, 0.0582182, -2.28979, -0.0279638, 2.14978, 0.730532, -0.000950454, -0.00106114, 0.00231638, -0.00376958, 0.000282765, 0.00472919, 0.00039955, 0.158812, -0.509006, 0.158039, 0.74105, -0.407538, 0.745014, 0.378692, 0, 0, 0, 0, 0, 0, 0, 0.481665, -0.014487, 0.141035, 0.48638, -0.0156758, 0.142604, 0.996195, -3.71201e-12, -0.0871557, -4.46982e-12, -1, -8.49977e-12, -0.0871557, 8.857e-12, -0.996195, 0
10.56, 2025-07-03__01-13-40.434944, -0.0721356, -0.0817758, 0.0582106, -2.28979, -0.0279619, 2.14979, 0.73054, -3.3658e-05, -8.63802e-05, -0.000427113, 0.0012315, -0.000211921, 0.000368535, 0.00213883, 0.203947, -0.470865, 0.205591, 0.668596, -0.406695, 0.761317, 0.367588, 0, 0, 0, 0, 0, 0, 0, 0.48167, -0.0144882, 0.141039, 0.48638, -0.0156758, 0.142604, 0.996195, -3.71201e-12, -0.0871557, -4.46982e-12, -1, -8.49977e-12, -0.0871557, 8.857e-12, -0.996195, 0
10.57, 2025-07-03__01-13-40.444945, -0.0721323, -0.0817731, 0.0582156, -2.28978, -0.0279654, 2.14979, 0.730542, 0.000926564, 0.00111037, 0.000452788, 0.00262708, -0.000104914, 0.000174182, 9.91913e-05, 0.161701, -0.488037, 0.162771, 0.659827, -0.407497, 0.760586, 0.379912, 0, 0, 0, 0, 0, 0, 0, 0.48167, -0.0144889, 0.14104, 0.48638, -0.0156758, 0.142604, 0.996195, -3.71201e-12, -0.0871557, -4.46982e-12, -1, -8.49977e-12, -0.0871557, 8.857e-12, -0.996195, 0
10.58, 2025-07-03__01-13-40.454945, -0.0721425, -0.0817783, 0.0582165, -2.2898, -0.0279613, 2.14979, 0.730543, -0.0019612, -0.00046294, -0.000392212, -0.00109851, -4.81004e-05, -9.13911e-05, -0.00102387, 0.246024, -0.49993, 0.247422, 0.712111, -0.406518, 0.771275, 0.386528, 0, 0, 0, 0, 0, 0, 0, 0.481671, -0.0144846, 0.141041, 0.48638, -0.0156758, 0.142604, 0.996195, -3.71201e-12, -0.0871557, -4.46982e-12, -1, -8.49977e-12, -0.0871557, 8.857e-12, -0.996195, 0
10.59, 2025-07-03__01-13-40.464935, -0.0721324, -0.0817758, 0.0582138, -2.28979, -0.0279648, 2.1498, 0.730553, 0.0012939, 0.000155525, -0.000220235, 0.00034637, 3.50714e-06, 0.000365488, 0.000607745, 0.167746, -0.49249, 0.169024, 0.690506, -0.407483, 0.76375, 0.376224, 0, 0, 0, 0, 0, 0, 0, 0.481674, -0.0144863, 0.141041, 0.48638, -0.0156758, 0.142604, 0.996195, -3.71201e-12, -0.0871557, -4.46982e-12, -1, -8.49977e-12, -0.0871557, 8.857e-12, -0.996195, 0
10.6, 2025-07-03__01-13-40.474945, -0.0721349, -0.0817758, 0.0582138, -2.28979, -0.0279643, 2.1498, 0.730554, 0.000156316, -0.000770978, -0.0004178, 0.000499224, 0.00022748, 0.00191295, -7.00091e-05, 0.197517, -0.454959, 0.199023, 0.666892, -0.409005, 0.750792, 0.380126, 0, 0, 0, 0, 0, 0, 0, 0.481673, -0.0144887, 0.141038, 0.48638, -0.0156758, 0.142604, 0.996195, -3.71201e-12, -0.0871557, -4.46982e-12, -1, -8.49977e-12, -0.0871557, 8.857e-12, -0.996195, 0
10.61, 2025-07-03__01-13-40.484945, -0.072133, -0.0817758, 0.0582169, -2.28979, -0.0279649, 2.1498, 0.73056, 0.00100569, -0.000525146, 0.000787727, -0.00104656, 0.000120122, 0.000596995, 0.00335596, 0.150104, -0.490309, 0.150508, 0.706741, -0.407963, 0.764824, 0.359223, 0, 0, 0, 0, 0, 0, 0, 0.481673, -0.0144884, 0.141038, 0.48638, -0.0156758, 0.142604, 0.996195, -3.71201e-12, -0.0871557, -4.46982e-12, -1, -8.49977e-12, -0.0871557, 8.857e-12, -0.996195, 0
10.62, 2025-07-03__01-13-40.494945, -0.0721369, -0.0817784, 0.0582139, -2.28979, -0.0279652, 2.1498, 0.730568, -0.000106635, -0.00207812, -0.000528554, -0.000384307, 0.000133265, 0.000445339, -9.80633e-06, 0.205185, -0.425811, 0.206652, 0.666936, -0.408297, 0.760785, 0.378971, 0, 0, 0, 0, 0, 0, 0, 0.481672, -0.0144859, 0.141037, 0.48638, -0.0156758, 0.142604, 0.996195, -3.71201e-12, -0.0871557, -4.46982e-12, -1, -8.49977e-12, -0.0871557, 8.857e-12, -0.996195, 0
10.63, 2025-07-03__01-13-40.504945, -0.072137, -0.0817784, 0.058219, -2.28979, -0.0279692, 2.14981, 0.730571, 0.000315383, -0.00164265, 0.00125162, 0.00122591, 2.94612e-05, -6.23099e-05, -0.000171166, 0.154904, -0.413223, 0.155158, 0.643533, -0.408092, 0.759428, 0.379904, 0, 0, 0, 0, 0, 0, 0, 0.481671, -0.0144855, 0.141033, 0.48638, -0.0156758, 0.142604, 0.996195, -3.71201e-12, -0.0871557, -4.46982e-12, -1, -8.49977e-12, -0.0871557, 8.857e-12, -0.996195, 0
10.64, 2025-07-03__01-13-40.514945, -0.0721333, -0.081773, 0.0582191, -2.28979, -0.0279656, 2.14981, 0.730577, 0.000315573, 0.00033118, 0.000971299, 0.000488664, 0.00033807, 0.00035931, -0.00158055, 0.162002, -0.496863, 0.162345, 0.690819, -0.409492, 0.763136, 0.388096, 0, 0, 0, 0, 0, 0, 0, 0.481676, -0.0144883, 0.141039, 0.48638, -0.0156758, 0.142604, 0.996195, -3.71201e-12, -0.0871557, -4.46982e-12, -1, -8.49977e-12, -0.0871557, 8.857e-12, -0.996195, 0
10.65, 2025-07-03__01-13-40.524945, -0.0721359, -0.0817706, 0.0582166, -2.28979, -0.0279686, 2.14981, 0.730595, 7.15839e-05, 0.00133803, -0.000525622, -0.000600404, 0.000133989, -0.00010265, 0.000796712, 0.20359, -0.554242, 0.204837, 0.730991, -0.40759, 0.771914, 0.372625, 0, 0, 0, 0, 0, 0, 0, 0.481677, -0.0144882, 0.14104, 0.48638, -0.0156758, 0.142604, 0.996195, -3.71201e-12, -0.0871557, -4.46982e-12, -1, -8.49977e-12, -0.0871557, 8.857e-12, -0.996195, 0
10.66, 2025-07-03__01-13-40.534942, -0.0721355, -0.0817752, 0.0582165, -2.28979, -0.0279663, 2.14981, 0.730592, -0.000181053, -0.00518832, 0.000334058, -0.000312581, 0.000173476, -0.00018481, -0.00122001, 0.183616, -0.315607, 0.18441, 0.61599, -0.409104, 0.757619, 0.384926, 0, 0, 0, 0, 0, 0, 0, 0.481677, -0.0144881, 0.14104, 0.48638, -0.0156758, 0.142604, 0.996195, -3.71201e-12, -0.0871557, -4.46982e-12, -1, -8.49977e-12, -0.0871557, 8.857e-12, -0.996195, 0
10.67, 2025-07-03__01-13-40.544945, -0.0721323, -0.0817749, 0.0582169, -2.28979, -0.0279701, 2.14982, 0.730604, 0.000890721, 0.00113844, -0.00111663, 0.000725241, -7.19389e-05, -0.000537258, 0.00507405, 0.197895, -0.523867, 0.199635, 0.7011, -0.407181, 0.769538, 0.346192, 0, 0, 0, 0, 0, 0, 0, 0.481679, -0.0144857, 0.141038, 0.48638, -0.0156758, 0.142604, 0.996195, -3.71201e-12, -0.0871557, -4.46982e-12, -1, -8.49977e-12, -0.0871557, 8.857e-12, -0.996195, 0
10.68, 2025-07-03__01-13-40.554945, -0.0721349, -0.0817759, 0.0582197, -2.28979, -0.027971, 2.14982, 0.730602, -0.000219295, -0.000563985, 0.000429139, -0.001253, -0.000564243, -0.000432038, -0.000358418, 0.185677, -0.495618, 0.186136, 0.712807, -0.403121, 0.771279, 0.37931, 0, 0, 0, 0, 0, 0, 0, 0.481681, -0.014487, 0.141042, 0.48638, -0.0156758, 0.142604, 0.996195, -3.71201e-12, -0.0871557, -4.46982e-12, -1, -8.49977e-12, -0.0871557, 8.857e-12, -0.996195, 0
10.69, 2025-07-03__01-13-40.564945, -0.0721331, -0.0817752, 0.0582197, -2.28979, -0.0279664, 2.14982, 0.73061, 0.00105686, 0.0003646, 9.8721e-05, 0.000313411, 0.00924351, -0.000331396, 0.00173968, 0.164682, -0.499859, 0.165715, 0.6924, -0.465484, 0.767863, 0.365477, 0, 0, 0, 0, 0, 0, 0, 0.48168, -0.0144878, 0.141039, 0.48638, -0.0156758, 0.142604, 0.996195, -3.71201e-12, -0.0871557, -4.46982e-12, -1, -8.49977e-12, -0.0871557, 8.857e-12, -0.996195, 0
10.7, 2025-07-03__01-13-40.574946, -0.0721348, -0.0817731, 0.058217, -2.28978, -0.0279739, 2.14982, 0.730611, -0.000130529, 6.46936e-05, -0.000681552, 0.00243887, 0.00215949, -6.96463e-05, -0.000297751, 0.210629, -0.455351, 0.212288, 0.644517, -0.421485, 0.758772, 0.378093, 0, 0, 0, 0, 0, 0, 0, 0.481675, -0.0144862, 0.141035, 0.48638, -0.0156758, 0.142604, 0.996195, -3.71201e-12, -0.0871557, -4.46982e-12, -1, -8.49977e-12, -0.0871557, 8.857e-12, -0.996195, 0
10.71, 2025-07-03__01-13-40.584944, -0.072137, -0.0817766, 0.0582142, -2.28979, -0.0279707, 2.14983, 0.730616, -0.000320939, -0.000765603, -0.00179506, -0.000135965, 0.000215163, -0.000249156, 0.00218236, 0.24025, -0.470918, 0.242447, 0.684779, -0.408686, 0.765645, 0.362876, 0, 0, 0, 0, 0, 0, 0, 0.48168, -0.0144863, 0.14104, 0.48638, -0.0156758, 0.142604, 0.996195, -3.71201e-12, -0.0871557, -4.46982e-12, -1, -8.49977e-12, -0.0871557, 8.857e-12, -0.996195, 0
10.72, 2025-07-03__01-13-40.594945, -0.0721372, -0.0817731, 0.058217, -2.28979, -0.0279744, 2.14983, 0.730618, -0.000678122, -2.48271e-05, -0.000589459, -0.000993165, 9.28671e-05, -0.000243573, 0.00243595, 0.221002, -0.512007, 0.222193, 0.715392, -0.407254, 0.769784, 0.361338, 0, 0, 0, 0, 0, 0, 0, 0.481683, -0.0144873, 0.141039, 0.48638, -0.0156758, 0.142604, 0.996195, -3.71201e-12, -0.0871557, -4.46982e-12, -1, -8.49977e-12, -0.0871557, 8.857e-12, -0.996195, 0
10.73, 2025-07-03__01-13-40.604945, -0.0721373, -0.0817729, 0.0582197, -2.28979, -0.0279739, 2.14983, 0.730623, -0.00101219, 0.00109697, 1.41583e-05, -0.000279335, -6.82838e-05, 0.000219279, 0.000915169, 0.215355, -0.538821, 0.216136, 0.718519, -0.406285, 0.766818, 0.370281, 0, 0, 0, 0, 0, 0, 0, 0.481684, -0.0144849, 0.14104, 0.48638, -0.0156758, 0.142604, 0.996195, -3.71201e-12, -0.0871557, -4.46982e-12, -1, -8.49977e-12, -0.0871557, 8.857e-12, -0.996195, 0
10.74, 2025-07-03__01-13-40.614942, -0.0721323, -0.0817759, 0.058217, -2.28979, -0.0279744, 2.14983, 0.730631, 0.000718201, 0.000117752, -0.000551361, 0.000372008, 0.000144786, 0.000236117, 0.00208422, 0.187759, -0.49088, 0.188971, 0.6885, -0.408216, 0.762433, 0.362745, 0, 0, 0, 0, 0, 0, 0, 0.481684, -0.0144882, 0.141042, 0.48638, -0.0156758, 0.142604, 0.996195, -3.71201e-12, -0.0871557, -4.46982e-12, -1, -8.49977e-12, -0.0871557, 8.857e-12, -0.996195, 0
10.75, 2025-07-03__01-13-40.624945, -0.0721376, -0.0817731, 0.0582227, -2.28979, -0.027975, 2.14983, 0.730636, -0.00493508, 0.000171776, 0.000679171, 0.00132951, -5.39731e-05, 0.000374067, 0.00295887, 0.288013, -0.481657, 0.288576, 0.669436, -0.407158, 0.759126, 0.356907, 0, 0, 0, 0, 0, 0, 0, 0.481683, -0.014486, 0.14104, 0.48638, -0.0156758, 0.142604, 0.996195, -3.71201e-12, -0.0871557, -4.46982e-12, -1, -8.49977e-12, -0.0871557, 8.857e-12, -0.996195, 0
10.76, 2025-07-03__01-13-40.634943, -0.0721348, -0.0817761, 0.0582201, -2.28979, -0.0279724, 2.14983, 0.730635, 0.00115031, -0.000298299, 0.000315083, 0.000540621, 0.000712531, 0.0034857, -0.00107711, 0.157349, -0.465069, 0.157977, 0.668394, -0.411785, 0.738608, 0.381594, 0, 0, 0, 0, 0, 0, 0, 0.481684, -0.0144903, 0.141042, 0.48638, -0.0156758, 0.142604, 0.996195, -3.71201e-12, -0.0871557, -4.46982e-12, -1, -8.49977e-12, -0.0871557, 8.857e-12, -0.996195, 0
10.77, 2025-07-03__01-13-40.644942, -0.0721371, -0.0817786, 0.0582202, -2.28979, -0.0279744, 2.14983, 0.730637, -0.000569527, -0.000766175, 0.000364894, 0.000571897, -6.50268e-05, -0.000102679, 0.00049459, 0.195656, -0.456329, 0.196239, 0.670435, -0.407026, 0.762294, 0.372011, 0, 0, 0, 0, 0, 0, 0, 0.481684, -0.0144876, 0.141043, 0.48638, -0.0156758, 0.142604, 0.996195, -3.71201e-12, -0.0871557, -4.46982e-12, -1, -8.49977e-12, -0.0871557, 8.857e-12, -0.996195, 0
10.78, 2025-07-03__01-13-40.654943, -0.0721373, -0.0817733, 0.0582232, -2.28979, -0.0279744, 2.14983, 0.730645, -0.000642159, 0.000536142, 0.000995914, 0.00154506, 0.000145866, -0.00040833, 0.000461283, 0.183833, -0.488335, 0.183998, 0.674393, -0.408562, 0.764269, 0.371772, 0, 0, 0, 0, 0, 0, 0, 0.481683, -0.0144875, 0.14104, 0.48638, -0.0156758, 0.142604, 0.996195, -3.71201e-12, -0.0871557, -4.46982e-12, -1, -8.49977e-12, -0.0871557, 8.857e-12, -0.996195, 0
10.79, 2025-07-03__01-13-40.664945, -0.0721344, -0.0817731, 0.0582254, -2.28979, -0.0279708, 2.14984, 0.730652, 0.00110255, 0.000728125, -0.000316129, -0.000271891, 0.00387954, 0.000235875, 0.000513888, 0.172527, -0.522791, 0.173452, 0.710476, -0.431428, 0.765109, 0.370848, 0, 0, 0, 0, 0, 0, 0, 0.481683, -0.014484, 0.141039, 0.48638, -0.0156758, 0.142604, 0.996195, -3.71201e-12, -0.0871557, -4.46982e-12, -1, -8.49977e-12, -0.0871557, 8.857e-12, -0.996195, 0
10.8, 2025-07-03__01-13-40.674947, -0.0721323, -0.0817755, 0.0582252, -2.28979, -0.0279758, 2.14984, 0.730652, 0.00160027, 0.000337629, 0.00121915, 0.000317166, 0.00019423, -0.000272688, -0.00393167, 0.125746, -0.498169, 0.125503, 0.695414, -0.408149, 0.765788, 0.398147, 0, 0, 0, 0, 0, 0, 0, 0.481684, -0.014491, 0.141042, 0.48638, -0.0156758, 0.142604, 0.996195, -3.71201e-12, -0.0871557, -4.46982e-12, -1, -8.49977e-12, -0.0871557, 8.857e-12, -0.996195, 0
10.81, 2025-07-03__01-13-40.684944, -0.0721369, -0.0817759, 0.0582261, -2.28979, -0.0279782, 2.14984, 0.730669, -8.68192e-05, 0.000299429, -6.81806e-05, 0.000467388, -0.000244424, 5.87274e-05, 0.00368783, 0.194388, -0.496139, 0.195098, 0.689951, -0.405787, 0.763032, 0.350843, 0, 0, 0, 0, 0, 0, 0, 0.481688, -0.0144824, 0.141043, 0.48638, -0.0156758, 0.142604, 0.996195, -3.71201e-12, -0.0871557, -4.46982e-12, -1, -8.49977e-12, -0.0871557, 8.857e-12, -0.996195, 0
10.82, 2025-07-03__01-13-40.694945, -0.0721373, -0.0817762, 0.0582286, -2.28979, -0.0279758, 2.14984, 0.730669, -0.00102543, 0.000163191, 0.000667654, -0.000565657, -0.000294569, -6.03622e-05, -0.000655562, 0.197919, -0.508939, 0.197985, 0.709049, -0.40491, 0.766822, 0.377193, 0, 0, 0, 0, 0, 0, 0, 0.481687, -0.0144814, 0.141041, 0.48638, -0.0156758, 0.142604, 0.996195, -3.71201e-12, -0.0871557, -4.46982e-12, -1, -8.49977e-12, -0.0871557, 8.857e-12, -0.996195, 0
10.83, 2025-07-03__01-13-40.704945, -0.0721376, -0.081778, 0.0582286, -2.28978, -0.0279787, 2.14984, 0.730676, -0.000630005, -0.000403635, 0.00100117, 0.00273296, 0.000209538, 6.0303e-05, 0.000113701, 0.181616, -0.430388, 0.181757, 0.630121, -0.409525, 0.754328, 0.372039, 0, 0, 0, 0, 0, 0, 0, 0.481682, -0.0144861, 0.141037, 0.48638, -0.0156758, 0.142604, 0.996195, -3.71201e-12, -0.0871557, -4.46982e-12, -1, -8.49977e-12, -0.0871557, 8.857e-12, -0.996195, 0
10.84, 2025-07-03__01-13-40.714945, -0.0721373, -0.0817755, 0.0582236, -2.28979, -0.027975, 2.14984, 0.730682, -0.000730269, 0.000737406, 0.00182901, 0.000270528, -9.31234e-05, -0.000378095, 0.000627787, 0.166883, -0.514958, 0.166172, 0.703058, -0.406656, 0.767551, 0.368729, 0, 0, 0, 0, 0, 0, 0, 0.481687, -0.0144846, 0.141041, 0.48638, -0.0156758, 0.142604, 0.996195, -3.71201e-12, -0.0871557, -4.46982e-12, -1, -8.49977e-12, -0.0871557, 8.857e-12, -0.996195, 0
10.85, 2025-07-03__01-13-40.724944, -0.0721382, -0.0817754, 0.0582261, -2.28978, -0.027975, 2.14984, 0.73069, -0.00177014, 0.000775152, 0.000815108, 0.00160006, -6.07801e-05, -0.000103669, 0.00149558, 0.213374, -0.493703, 0.213535, 0.673418, -0.407462, 0.76155, 0.362844, 0, 0, 0, 0, 0, 0, 0, 0.481688, -0.014487, 0.141044, 0.48638, -0.0156758, 0.142604, 0.996195, -3.71201e-12, -0.0871557, -4.46982e-12, -1, -8.49977e-12, -0.0871557, 8.857e-12, -0.996195, 0
10.86, 2025-07-03__01-13-40.734944, -0.0721375, -0.0817761, 0.0582255, -2.28979, -0.0279781, 2.14984, 0.730687, -0.00462036, 0.000766429, -0.00104576, -0.0012994, 0.000253897, -5.92472e-05, -0.00124048, 0.319244, -0.54745, 0.320582, 0.732567, -0.407584, 0.770825, 0.379375, 0, 0, 0, 0, 0, 0, 0, 0.481687, -0.0144869, 0.141042, 0.48638, -0.0156758, 0.142604, 0.996195, -3.71201e-12, -0.0871557, -4.46982e-12, -1, -8.49977e-12, -0.0871557, 8.857e-12, -0.996195, 0
10.87, 2025-07-03__01-13-40.744945, -0.0721348, -0.0817762, 0.0582236, -2.28979, -0.0279758, 2.14984, 0.730692, -0.000117007, 0.000571932, -0.000771208, 5.89387e-05, 0.0002689, 0.00034779, 0.000183915, 0.211086, -0.512515, 0.212182, 0.701476, -0.408778, 0.762999, 0.370684, 0, 0, 0, 0, 0, 0, 0, 0.481688, -0.0144846, 0.141044, 0.48638, -0.0156758, 0.142604, 0.996195, -3.71201e-12, -0.0871557, -4.46982e-12, -1, -8.49977e-12, -0.0871557, 8.857e-12, -0.996195, 0
10.88, 2025-07-03__01-13-40.754945, -0.0721395, -0.0817755, 0.0582311, -2.28979, -0.0279754, 2.14984, 0.730694, -0.000640479, 0.00116293, 0.00131048, -0.00138808, -8.45672e-05, -0.000166552, -0.0011938, 0.17538, -0.557649, 0.174766, 0.742983, -0.405833, 0.772115, 0.379096, 0, 0, 0, 0, 0, 0, 0, 0.481688, -0.0144861, 0.141044, 0.48638, -0.0156758, 0.142604, 0.996195, -3.71201e-12, -0.0871557, -4.46982e-12, -1, -8.49977e-12, -0.0871557, 8.857e-12, -0.996195, 0
10.89, 2025-07-03__01-13-40.764944, -0.0721345, -0.0817781, 0.0582291, -2.28979, -0.0279785, 2.14985, 0.730698, 0.000631119, -0.000723249, -0.000454913, 0.000744418, 0.000419673, 5.76235e-05, 0.000629308, 0.184631, -0.453691, 0.185501, 0.666431, -0.410185, 0.759319, 0.367663, 0, 0, 0, 0, 0, 0, 0, 0.481687, -0.0144825, 0.141041, 0.48638, -0.0156758, 0.142604, 0.996195, -3.71201e-12, -0.0871557, -4.46982e-12, -1, -8.49977e-12, -0.0871557, 8.857e-12, -0.996195, 0
10.9, 2025-07-03__01-13-40.774944, -0.0721327, -0.0817783, 0.0582292, -2.28979, -0.0279786, 2.14984, 0.730702, 0.000648297, -7.78898e-05, -0.000548298, -2.61672e-05, -6.42135e-06, 4.66023e-06, -0.000182904, 0.186371, -0.489893, 0.187206, 0.69341, -0.407025, 0.764097, 0.3724, 0, 0, 0, 0, 0, 0, 0, 0.481691, -0.0144821, 0.141043, 0.48638, -0.0156758, 0.142604, 0.996195, -3.71201e-12, -0.0871557, -4.46982e-12, -1, -8.49977e-12, -0.0871557, 8.857e-12, -0.996195, 0
10.91, 2025-07-03__01-13-40.784945, -0.0721372, -0.0817738, 0.0582243, -2.28979, -0.0279787, 2.14985, 0.730709, -0.000463378, 0.000842255, -0.00123641, 0.000479935, -0.000125109, -0.000150008, 0.00118496, 0.230364, -0.517557, 0.231751, 0.699014, -0.406393, 0.76512, 0.363635, 0, 0, 0, 0, 0, 0, 0, 0.481692, -0.0144806, 0.141044, 0.48638, -0.0156758, 0.142604, 0.996195, -3.71201e-12, -0.0871557, -4.46982e-12, -1, -8.49977e-12, -0.0871557, 8.857e-12, -0.996195, 0
10.92, 2025-07-03__01-13-40.794944, -0.0721404, -0.081779, 0.0582315, -2.2898, -0.0279791, 2.14985, 0.730709, -0.0011295, 9.86714e-05, 0.00318314, -0.00202611, 6.2536e-05, -9.87138e-05, 0.00109391, 0.143105, -0.52922, 0.141052, 0.739388, -0.406653, 0.770699, 0.364451, 0, 0, 0, 0, 0, 0, 0, 0.481692, -0.0144847, 0.141044, 0.48638, -0.0156758, 0.142604, 0.996195, -3.71201e-12, -0.0871557, -4.46982e-12, -1, -8.49977e-12, -0.0871557, 8.857e-12, -0.996195, 0
10.93, 2025-07-03__01-13-40.804943, -0.0721377, -0.0817785, 0.0582318, -2.28979, -0.0279792, 2.14985, 0.730712, -0.000482385, -0.00132906, 0.000909477, 0.00399654, 7.64985e-05, 0.00111824, -0.000205777, 0.178981, -0.375361, 0.179169, 0.587606, -0.409425, 0.740802, 0.371838, 0, 0, 0, 0, 0, 0, 0, 0.481691, -0.0144844, 0.141042, 0.48638, -0.0156758, 0.142604, 0.996195, -3.71201e-12, -0.0871557, -4.46982e-12, -1, -8.49977e-12, -0.0871557, 8.857e-12, -0.996195, 0
10.94, 2025-07-03__01-13-40.814942, -0.072137, -0.081779, 0.0582265, -2.28979, -0.0279798, 2.14985, 0.730711, -0.000930657, 8.95091e-05, -0.000880842, -0.00335615, 0.00301048, -0.0017901, -0.000101108, 0.230781, -0.556005, 0.231607, 0.766897, -0.424414, 0.786495, 0.371217, 0, 0, 0, 0, 0, 0, 0, 0.481692, -0.014481, 0.141046, 0.48638, -0.0156758, 0.142604, 0.996195, -3.71201e-12, -0.0871557, -4.46982e-12, -1, -8.49977e-12, -0.0871557, 8.857e-12, -0.996195, 0
10.95, 2025-07-03__01-13-40.824945, -0.0721374, -0.081779, 0.0582265, -2.28979, -0.0279802, 2.14985, 0.730716, -8.37873e-05, -0.000189759, 0.00153325, 0.00216848, 0.000635072, -7.07824e-05, 0.00197401, 0.229047, -0.493925, 0.229746, 0.701381, -0.410358, 0.765636, 0.366513, 0, 0, 0, 0, 0, 0, 0, 0.481692, -0.0144861, 0.141044, 0.48638, -0.0156758, 0.142604, 0.996195, -3.71201e-12, -0.0871557, -4.46982e-12, -1, -8.49977e-12, -0.0871557, 8.857e-12, -0.996195, 0
10.96, 2025-07-03__01-13-40.834944, -0.0721404, -0.0817734, 0.0582328, -2.28979, -0.0279798, 2.14985, 0.730723, -0.000677027, 0.00114474, 0.00104112, 0.00101768, 4.60165e-05, -0.000429151, 0.00128049, 0.182817, -0.518102, 0.182508, 0.694666, -0.40769, 0.765875, 0.362363, 0, 0, 0, 0, 0, 0, 0, 0.481686, -0.0144834, 0.141038, 0.48638, -0.0156758, 0.142604, 0.996195, -3.71201e-12, -0.0871557, -4.46982e-12, -1, -8.49977e-12, -0.0871557, 8.857e-12, -0.996195, 0
10.97, 2025-07-03__01-13-40.844945, -0.0721378, -0.0817763, 0.058235, -2.28979, -0.0279805, 2.14985, 0.730722, -2.31977e-05, 2.25673e-05, 0.00160555, 0.00111544, -0.000325107, 0.000124209, -0.000161902, 0.152973, -0.473321, 0.152248, 0.672288, -0.405497, 0.75923, 0.371218, 0, 0, 0, 0, 0, 0, 0, 0.481696, -0.0144858, 0.141047, 0.48638, -0.0156758, 0.142604, 0.996195, -3.71201e-12, -0.0871557, -4.46982e-12, -1, -8.49977e-12, -0.0871557, 8.857e-12, -0.996195, 0
10.98, 2025-07-03__01-13-40.854943, -0.0721376, -0.081779, 0.0582269, -2.28979, -0.0279805, 2.14985, 0.730723, -0.00114258, -0.000232012, -0.000665605, -0.00103565, -0.000228181, -0.000387342, -0.00133155, 0.230873, -0.503461, 0.231696, 0.711744, -0.405044, 0.769037, 0.378084, 0, 0, 0, 0, 0, 0, 0, 0.481692, -0.0144833, 0.141044, 0.48638, -0.0156758, 0.142604, 0.996195, -3.71201e-12, -0.0871557, -4.46982e-12, -1, -8.49977e-12, -0.0871557, 8.857e-12, -0.996195, 0
10.99, 2025-07-03__01-13-40.864942, -0.0721369, -0.0817738, 0.0582297, -2.28979, -0.0279798, 2.14985, 0.730727, -0.000523202, 0.00143455, -0.000334678, 3.60712e-05, -2.23379e-05, 0.00023572, -0.000508318, 0.210357, -0.544355, 0.210938, 0.716964, -0.406655, 0.76503, 0.372916, 0, 0, 0, 0, 0, 0, 0, 0.481692, -0.0144821, 0.141044, 0.48638, -0.0156758, 0.142604, 0.996195, -3.71201e-12, -0.0871557, -4.46982e-12, -1, -8.49977e-12, -0.0871557, 8.857e-12, -0.996195, 0
11, 2025-07-03__01-13-40.874942, -0.0721331, -0.081779, 0.0582325, -2.28979, -0.0279785, 2.14986, 0.730724, 0.00134362, -9.09189e-05, 0.000289854, 0.000433065, 0.000554014, 0.000179642, 0.00202839, 0.151168, -0.479063, 0.151333, 0.682698, -0.41104, 0.759895, 0.357772, 0, 0, 0, 0, 0, 0, 0, 0.481695, -0.0144845, 0.141045, 0.48638, -0.0156758, 0.142604, 0.996195, -3.71201e-12, -0.0871557, -4.46982e-12, -1, -8.49977e-12, -0.0871557, 8.857e-12, -0.996195, 0
11.01, 2025-07-03__01-13-40.884943, -0.0721405, -0.0817843, 0.058235, -2.28979, -0.0279821, 2.14985, 0.730732, -0.000852357, -0.0019838, 0.0010609, -0.0002004, -0.00734068, 6.68251e-05, -0.00412183, 0.182665, -0.423815, 0.182052, 0.666979, -0.361024, 0.759264, 0.395027, 0, 0, 0, 0, 0, 0, 0, 0.481695, -0.0144849, 0.141044, 0.48638, -0.0156758, 0.142604, 0.996195, -3.71201e-12, -0.0871557, -4.46982e-12, -1, -8.49977e-12, -0.0871557, 8.857e-12, -0.996195, 0
11.02, 2025-07-03__01-13-40.894942, -0.0721317, -0.0817763, 0.0582297, -2.28979, -0.0279798, 2.14986, 0.730732, 0.00189695, 0.000624326, -0.000348567, -0.000537034, -0.000384968, -0.000260044, 0.00191329, 0.154043, -0.522794, 0.15449, 0.716358, -0.404601, 0.767441, 0.358119, 0, 0, 0, 0, 0, 0, 0, 0.481695, -0.0144834, 0.141045, 0.48638, -0.0156758, 0.142604, 0.996195, -3.71201e-12, -0.0871557, -4.46982e-12, -1, -8.49977e-12, -0.0871557, 8.857e-12, -0.996195, 0
11.03, 2025-07-03__01-13-40.904943, -0.0721331, -0.0817813, 0.0582297, -2.28979, -0.0279793, 2.14986, 0.730737, 0.000323358, -0.000913176, -0.00123301, -0.000338552, 2.80675e-05, 0.000122207, -0.00104927, 0.208367, -0.464499, 0.209554, 0.68403, -0.40728, 0.76112, 0.375563, 0, 0, 0, 0, 0, 0, 0, 0.481692, -0.0144806, 0.141045, 0.48638, -0.0156758, 0.142604, 0.996195, -3.71201e-12, -0.0871557, -4.46982e-12, -1, -8.49977e-12, -0.0871557, 8.857e-12, -0.996195, 0
11.04, 2025-07-03__01-13-40.914933, -0.0721374, -0.081773, 0.0582379, -2.28979, -0.0279802, 2.14986, 0.730733, -0.000412277, 0.00201917, 0.00133603, -0.00233336, -0.000190087, 0.000163192, -0.000465211, 0.168344, -0.603189, 0.167392, 0.775268, -0.404565, 0.773155, 0.372502, 0, 0, 0, 0, 0, 0, 0, 0.481695, -0.0144822, 0.141045, 0.48638, -0.0156758, 0.142604, 0.996195, -3.71201e-12, -0.0871557, -4.46982e-12, -1, -8.49977e-12, -0.0871557, 8.857e-12, -0.996195, 0
11.05, 2025-07-03__01-13-40.924932, -0.0721356, -0.0817763, 0.05823, -2.28979, -0.0279798, 2.14986, 0.730741, 0.000266037, 0.00050085, -0.000395121, 0.000219315, -5.97863e-05, -3.70614e-05, 0.000551497, 0.19276, -0.506852, 0.193348, 0.69789, -0.406834, 0.763528, 0.365709, 0, 0, 0, 0, 0, 0, 0, 0.481695, -0.0144852, 0.141045, 0.48638, -0.0156758, 0.142604, 0.996195, -3.71201e-12, -0.0871557, -4.46982e-12, -1, -8.49977e-12, -0.0871557, 8.857e-12, -0.996195, 0
11.06, 2025-07-03__01-13-40.934930, -0.072132, -0.0817737, 0.0582357, -2.28979, -0.0279813, 2.14986, 0.730742, 0.00195944, 0.000973821, 0.000260931, -0.000938738, -9.91318e-05, -0.000342116, 0.000585829, 0.137733, -0.542317, 0.137608, 0.731123, -0.406045, 0.769995, 0.365634, 0, 0, 0, 0, 0, 0, 0, 0.481699, -0.0144833, 0.141047, 0.48638, -0.0156758, 0.142604, 0.996195, -3.71201e-12, -0.0871557, -4.46982e-12, -1, -8.49977e-12, -0.0871557, 8.857e-12, -0.996195, 0
11.07, 2025-07-03__01-13-40.944932, -0.0721353, -0.081779, 0.0582329, -2.28979, -0.027983, 2.14986, 0.730745, 0.000292786, -0.000776251, -0.000544187, 0.000436928, -0.000121161, 0.000623198, 0.00334177, 0.193752, -0.455518, 0.194458, 0.669649, -0.406768, 0.755481, 0.348533, 0, 0, 0, 0, 0, 0, 0, 0.481695, -0.0144814, 0.141044, 0.48638, -0.0156758, 0.142604, 0.996195, -3.71201e-12, -0.0871557, -4.46982e-12, -1, -8.49977e-12, -0.0871557, 8.857e-12, -0.996195, 0
11.08, 2025-07-03__01-13-40.954934, -0.0721397, -0.0817815, 0.0582329, -2.28979, -0.0279824, 2.14986, 0.73075, -0.000400671, -0.00154282, -0.00068246, -0.00189841, 0.000128898, -4.92539e-05, 0.00134596, 0.21235, -0.468575, 0.212945, 0.70548, -0.407385, 0.765671, 0.360332, 0, 0, 0, 0, 0, 0, 0, 0.481695, -0.0144821, 0.141045, 0.48638, -0.0156758, 0.142604, 0.996195, -3.71201e-12, -0.0871557, -4.46982e-12, -1, -8.49977e-12, -0.0871557, 8.857e-12, -0.996195, 0
11.09, 2025-07-03__01-13-40.964932, -0.0721323, -0.081779, 0.0582329, -2.28979, -0.0279799, 2.14986, 0.730747, 0.00125621, -0.00625615, -0.00107887, 0.000500065, -0.00010978, -0.00034502, -0.00110781, 0.178169, -0.261496, 0.179318, 0.580028, -0.407761, 0.750353, 0.375311, 0, 0, 0, 0, 0, 0, 0, 0.481696, -0.0144818, 0.141046, 0.48638, -0.0156758, 0.142604, 0.996195, -3.71201e-12, -0.0871557, -4.46982e-12, -1, -8.49977e-12, -0.0871557, 8.857e-12, -0.996195, 0
11.1, 2025-07-03__01-13-40.974929, -0.0721377, -0.081776, 0.058233, -2.28979, -0.0279832, 2.14986, 0.730754, 0.000314382, 0.000110743, 0.00131409, 0.000153816, -0.000234598, 0.000229229, 0.00188176, 0.15245, -0.492014, 0.151723, 0.692501, -0.405766, 0.760878, 0.357016, 0, 0, 0, 0, 0, 0, 0, 0.481695, -0.0144825, 0.141043, 0.48638, -0.0156758, 0.142604, 0.996195, -3.71201e-12, -0.0871557, -4.46982e-12, -1, -8.49977e-12, -0.0871557, 8.857e-12, -0.996195, 0
11.11, 2025-07-03__01-13-40.984930, -0.0721353, -0.0817815, 0.0582364, -2.28978, -0.0279829, 2.14986, 0.730752, 0.000505573, -0.000420555, 6.24891e-05, 0.00158685, 0.000102872, 6.77634e-06, -0.0012296, 0.174735, -0.446937, 0.175063, 0.651996, -0.408396, 0.756664, 0.375841, 0, 0, 0, 0, 0, 0, 0, 0.481696, -0.0144798, 0.141046, 0.48638, -0.0156758, 0.142604, 0.996195, -3.71201e-12, -0.0871557, -4.46982e-12, -1, -8.49977e-12, -0.0871557, 8.857e-12, -0.996195, 0
11.12, 2025-07-03__01-13-40.994945, -0.0721331, -0.0817763, 0.0582357, -2.28979, -0.0279831, 2.14986, 0.730753, 0.00102849, 0.000826505, -0.000705723, -0.000316461, -0.000163978, 0.00022467, -0.00131632, 0.180789, -0.52634, 0.181412, 0.713538, -0.405657, 0.76403, 0.37639, 0, 0, 0, 0, 0, 0, 0, 0.481695, -0.0144802, 0.141045, 0.48638, -0.0156758, 0.142604, 0.996195, -3.71201e-12, -0.0871557, -4.46982e-12, -1, -8.49977e-12, -0.0871557, 8.857e-12, -0.996195, 0
11.13, 2025-07-03__01-13-41.004933, -0.072138, -0.081779, 0.0582379, -2.28979, -0.0279818, 2.14986, 0.730764, 0.000515132, 2.0165e-05, -0.000118928, 0.00149193, -0.000281972, 0.000360805, 0.000364516, 0.179406, -0.466209, 0.179777, 0.662711, -0.40604, 0.755768, 0.365512, 0, 0, 0, 0, 0, 0, 0, 0.481695, -0.0144839, 0.141045, 0.48638, -0.0156758, 0.142604, 0.996195, -3.71201e-12, -0.0871557, -4.46982e-12, -1, -8.49977e-12, -0.0871557, 8.857e-12, -0.996195, 0
11.14, 2025-07-03__01-13-41.014934, -0.0721379, -0.0817791, 0.0582302, -2.28979, -0.0279842, 2.14986, 0.730768, -0.000193111, -0.0036296, -0.00114837, 0.000742536, -1.58946e-05, 6.02607e-06, -0.00152902, 0.216905, -0.351413, 0.218056, 0.617528, -0.40772, 0.75293, 0.376607, 0, 0, 0, 0, 0, 0, 0, 0.481695, -0.0144828, 0.141044, 0.48638, -0.0156758, 0.142604, 0.996195, -3.71201e-12, -0.0871557, -4.46982e-12, -1, -8.49977e-12, -0.0871557, 8.857e-12, -0.996195, 0
11.15, 2025-07-03__01-13-41.024933, -0.072138, -0.081776, 0.0582387, -2.28979, -0.02798, 2.14986, 0.730775, 9.77724e-06, 0.000419439, 0.000246663, -0.000931141, -5.88828e-05, -5.81908e-05, 0.000715819, 0.182377, -0.522857, 0.182234, 0.720058, -0.406504, 0.766953, 0.362793, 0, 0, 0, 0, 0, 0, 0, 0.481695, -0.0144808, 0.141045, 0.48638, -0.0156758, 0.142604, 0.996195, -3.71201e-12, -0.0871557, -4.46982e-12, -1, -8.49977e-12, -0.0871557, 8.857e-12, -0.996195, 0
11.16, 2025-07-03__01-13-41.034931, -0.0721355, -0.081779, 0.0582382, -2.28979, -0.0279846, 2.14986, 0.730775, 0.000757777, -0.000601878, 0.000621684, -0.000458912, 6.37086e-05, -4.70369e-05, 0.000419517, 0.155595, -0.476532, 0.15521, 0.693155, -0.407406, 0.763108, 0.364627, 0, 0, 0, 0, 0, 0, 0, 0.481695, -0.0144827, 0.141044, 0.48638, -0.0156758, 0.142604, 0.996195, -3.71201e-12, -0.0871557, -4.46982e-12, -1, -8.49977e-12, -0.0871557, 8.857e-12, -0.996195, 0
11.17, 2025-07-03__01-13-41.044933, -0.0721378, -0.081779, 0.0582368, -2.28979, -0.0279842, 2.14986, 0.730769, -0.000170766, -0.000810913, 7.0235e-05, 0.000129356, -5.45082e-05, 0.000134771, -0.00143355, 0.189741, -0.460355, 0.189857, 0.67697, -0.406771, 0.759796, 0.37611, 0, 0, 0, 0, 0, 0, 0, 0.481695, -0.0144809, 0.141044, 0.48638, -0.0156758, 0.142604, 0.996195, -3.71201e-12, -0.0871557, -4.46982e-12, -1, -8.49977e-12, -0.0871557, 8.857e-12, -0.996195, 0
11.18, 2025-07-03__01-13-41.054931, -0.0721379, -0.0817738, 0.0582361, -2.28979, -0.0279822, 2.14986, 0.730774, 0.000135414, 0.00132876, -0.000976897, 0.000733499, 0.000349049, 0.000174239, 0.000665986, 0.208977, -0.528626, 0.209861, 0.700727, -0.409443, 0.762365, 0.363048, 0, 0, 0, 0, 0, 0, 0, 0.481695, -0.0144808, 0.141045, 0.48638, -0.0156758, 0.142604, 0.996195, -3.71201e-12, -0.0871557, -4.46982e-12, -1, -8.49977e-12, -0.0871557, 8.857e-12, -0.996195, 0
11.19, 2025-07-03__01-13-41.064933, -0.0721331, -0.081777, 0.0582414, -2.28979, -0.027981, 2.14986, 0.730782, 0.000764835, 0.00119351, 0.00112159, -0.0011074, -0.000273285, -1.61558e-05, 0.00171328, 0.14449, -0.551295, 0.1436, 0.736719, -0.405063, 0.768645, 0.356481, 0, 0, 0, 0, 0, 0, 0, 0.481701, -0.0144794, 0.141052, 0.48638, -0.0156758, 0.142604, 0.996195, -3.71201e-12, -0.0871557, -4.46982e-12, -1, -8.49977e-12, -0.0871557, 8.857e-12, -0.996195, 0
11.2, 2025-07-03__01-13-41.074932, -0.0721355, -0.0817763, 0.0582361, -2.28979, -0.027984, 2.14986, 0.730779, 0.00102624, 0.000927859, -0.00100691, -0.0023087, 0.000267417, 0.00039087, -0.000391125, 0.187915, -0.562993, 0.188483, 0.754715, -0.407598, 0.76917, 0.369278, 0, 0, 0, 0, 0, 0, 0, 0.481695, -0.0144828, 0.141045, 0.48638, -0.0156758, 0.142604, 0.996195, -3.71201e-12, -0.0871557, -4.46982e-12, -1, -8.49977e-12, -0.0871557, 8.857e-12, -0.996195, 0
11.21, 2025-07-03__01-13-41.084932, -0.0721356, -0.0817812, 0.0582389, -2.28979, -0.0279797, 2.14987, 0.730781, 0.000377887, -0.00631978, -0.000137694, -0.000405902, 0.000195836, 0.000538629, -0.000102078, 0.175871, -0.271261, 0.176164, 0.59386, -0.409478, 0.746123, 0.367228, 0, 0, 0, 0, 0, 0, 0, 0.4817, -0.0144794, 0.141049, 0.48638, -0.0156758, 0.142604, 0.996195, -3.71201e-12, -0.0871557, -4.46982e-12, -1, -8.49977e-12, -0.0871557, 8.857e-12, -0.996195, 0
11.22, 2025-07-03__01-13-41.094933, -0.0721345, -0.081778, 0.0582389, -2.28979, -0.0279814, 2.14986, 0.73078, 0.000293997, -0.000526883, -0.000552877, 0.000623565, -7.82956e-05, 0.000265708, -0.00131324, 0.192502, -0.462356, 0.193057, 0.671398, -0.407001, 0.758011, 0.374714, 0, 0, 0, 0, 0, 0, 0, 0.481698, -0.0144764, 0.141044, 0.48638, -0.0156758, 0.142604, 0.996195, -3.71201e-12, -0.0871557, -4.46982e-12, -1, -8.49977e-12, -0.0871557, 8.857e-12, -0.996195, 0
11.23, 2025-07-03__01-13-41.104932, -0.0721358, -0.0817815, 0.0582411, -2.28979, -0.0279835, 2.14986, 0.730785, 6.85285e-07, -0.00103084, 0.000466139, 0.000145648, -7.67408e-05, -0.000105629, 0.000226456, 0.175382, -0.451265, 0.175141, 0.673405, -0.40692, 0.760782, 0.365156, 0, 0, 0, 0, 0, 0, 0, 0.481695, -0.0144807, 0.141045, 0.48638, -0.0156758, 0.142604, 0.996195, -3.71201e-12, -0.0871557, -4.46982e-12, -1, -8.49977e-12, -0.0871557, 8.857e-12, -0.996195, 0
11.24, 2025-07-03__01-13-41.114931, -0.072138, -0.0817815, 0.0582393, -2.28979, -0.0279808, 2.14987, 0.730786, 0.000132319, -0.00124691, -0.000704205, -0.000397834, 0.000103849, -0.000127503, 3.51761e-05, 0.199506, -0.453408, 0.200078, 0.680134, -0.407988, 0.761543, 0.366184, 0, 0, 0, 0, 0, 0, 0, 0.481699, -0.0144802, 0.141046, 0.48638, -0.0156758, 0.142604, 0.996195, -3.71201e-12, -0.0871557, -4.46982e-12, -1, -8.49977e-12, -0.0871557, 8.857e-12, -0.996195, 0
11.25, 2025-07-03__01-13-41.124930, -0.0721397, -0.0817815, 0.0582446, -2.28979, -0.0279846, 2.14987, 0.73079, -0.00103202, -0.0015512, 0.000835811, -0.000587007, 7.9215e-05, 0.000207098, 0.000793958, 0.189832, -0.444677, 0.189276, 0.678104, -0.407617, 0.759118, 0.361381, 0, 0, 0, 0, 0, 0, 0, 0.481698, -0.0144792, 0.141044, 0.48638, -0.0156758, 0.142604, 0.996195, -3.71201e-12, -0.0871557, -4.46982e-12, -1, -8.49977e-12, -0.0871557, 8.857e-12, -0.996195, 0
11.26, 2025-07-03__01-13-41.134929, -0.0721373, -0.0817763, 0.0582391, -2.28979, -0.0279829, 2.14987, 0.730796, -0.000257137, 0.000173737, -0.000749487, -0.00014029, 0.000507519, 0.000173661, 0.0015101, 0.210709, -0.501089, 0.211291, 0.698297, -0.410365, 0.761822, 0.356644, 0, 0, 0, 0, 0, 0, 0, 0.481698, -0.0144792, 0.141043, 0.48638, -0.0156758, 0.142604, 0.996195, -3.71201e-12, -0.0871557, -4.46982e-12, -1, -8.49977e-12, -0.0871557, 8.857e-12, -0.996195, 0
11.27, 2025-07-03__01-13-41.144946, -0.0721377, -0.0817763, 0.0582414, -2.28979, -0.027984, 2.14986, 0.730791, -9.7643e-05, 0.00082171, 8.53871e-05, 0.000185123, 0.000117619, 0.00016403, -0.000752143, 0.188301, -0.518133, 0.188274, 0.703382, -0.407739, 0.762919, 0.370733, 0, 0, 0, 0, 0, 0, 0, 0.481699, -0.0144797, 0.141047, 0.48638, -0.0156758, 0.142604, 0.996195, -3.71201e-12, -0.0871557, -4.46982e-12, -1, -8.49977e-12, -0.0871557, 8.857e-12, -0.996195, 0
11.28, 2025-07-03__01-13-41.154945, -0.0721352, -0.0817815, 0.0582446, -2.28979, -0.0279814, 2.14987, 0.730799, 9.90013e-05, -0.00110525, 0.00106737, -0.00130124, -0.000289285, -0.000116049, 0.00319027, 0.158443, -0.471835, 0.157584, 0.701341, -0.405388, 0.764276, 0.346463, 0, 0, 0, 0, 0, 0, 0, 0.481699, -0.0144801, 0.141046, 0.48638, -0.0156758, 0.142604, 0.996195, -3.71201e-12, -0.0871557, -4.46982e-12, -1, -8.49977e-12, -0.0871557, 8.857e-12, -0.996195, 0
11.29, 2025-07-03__01-13-41.164935, -0.0721356, -0.0817763, 0.0582446, -2.28979, -0.027984, 2.14987, 0.730793, 0.000285616, 0.000454853, 0.00134653, -0.00159456, -0.00190702, -0.000178632, 0.000512777, 0.149354, -0.534059, 0.148163, 0.735243, -0.39454, 0.769018, 0.363233, 0, 0, 0, 0, 0, 0, 0, 0.481699, -0.0144808, 0.141046, 0.48638, -0.0156758, 0.142604, 0.996195, -3.71201e-12, -0.0871557, -4.46982e-12, -1, -8.49977e-12, -0.0871557, 8.857e-12, -0.996195, 0
11.3, 2025-07-03__01-13-41.174932, -0.0721355, -0.081779, 0.0582428, -2.28979, -0.027984, 2.14987, 0.7308, 0.000845277, -0.00013235, -0.000238011, 0.000455495, 0.000127752, 2.60973e-05, 0.00114294, 0.172745, -0.478156, 0.172934, 0.681679, -0.408291, 0.760166, 0.358737, 0, 0, 0, 0, 0, 0, 0, 0.481699, -0.0144782, 0.141046, 0.48638, -0.0156758, 0.142604, 0.996195, -3.71201e-12, -0.0871557, -4.46982e-12, -1, -8.49977e-12, -0.0871557, 8.857e-12, -0.996195, 0
11.31, 2025-07-03__01-13-41.184931, -0.072138, -0.0817763, 0.0582445, -2.28979, -0.0279846, 2.14987, 0.730802, 0.00147146, 0.000721997, 0.000205852, -0.00112495, 0.00298256, -5.04638e-06, 0.000652955, 0.149056, -0.534439, 0.14877, 0.727511, -0.425326, 0.767042, 0.361523, 0, 0, 0, 0, 0, 0, 0, 0.481699, -0.0144792, 0.141046, 0.48638, -0.0156758, 0.142604, 0.996195, -3.71201e-12, -0.0871557, -4.46982e-12, -1, -8.49977e-12, -0.0871557, 8.857e-12, -0.996195, 0
11.32, 2025-07-03__01-13-41.194930, -0.072138, -0.0817763, 0.0582445, -2.28979, -0.027984, 2.14987, 0.7308, -0.000381124, 0.00156327, 0.000610793, 0.000193253, 0.000201778, 3.94508e-05, -0.00126435, 0.182835, -0.544114, 0.182409, 0.715732, -0.408121, 0.764635, 0.373322, 0, 0, 0, 0, 0, 0, 0, 0.481699, -0.0144798, 0.141047, 0.48638, -0.0156758, 0.142604, 0.996195, -3.71201e-12, -0.0871557, -4.46982e-12, -1, -8.49977e-12, -0.0871557, 8.857e-12, -0.996195, 0
11.33, 2025-07-03__01-13-41.204931, -0.0721355, -0.0817763, 0.0582453, -2.28979, -0.027984, 2.14987, 0.7308, 2.86814e-06, 0.000574803, 9.42709e-05, 9.04248e-05, 0.000195068, -0.000143692, -0.00103581, 0.184206, -0.511179, 0.18411, 0.701804, -0.408258, 0.764106, 0.371937, 0, 0, 0, 0, 0, 0, 0, 0.481698, -0.014476, 0.141044, 0.48638, -0.0156758, 0.142604, 0.996195, -3.71201e-12, -0.0871557, -4.46982e-12, -1, -8.49977e-12, -0.0871557, 8.857e-12, -0.996195, 0
11.34, 2025-07-03__01-13-41.214932, -0.0721398, -0.0817815, 0.0582425, -2.28978, -0.0279846, 2.14987, 0.730806, -0.000648354, -0.00167763, -0.00147289, 0.0021305, -9.12858e-05, 0.000313463, 0.00125633, 0.234471, -0.394671, 0.235772, 0.618127, -0.407835, 0.74968, 0.357489, 0, 0, 0, 0, 0, 0, 0, 0.481699, -0.0144778, 0.141046, 0.48638, -0.0156758, 0.142604, 0.996195, -3.71201e-12, -0.0871557, -4.46982e-12, -1, -8.49977e-12, -0.0871557, 8.857e-12, -0.996195, 0
11.35, 2025-07-03__01-13-41.224933, -0.072137, -0.0817763, 0.0582453, -2.28979, -0.027984, 2.14987, 0.730811, -3.76191e-05, 0.000303369, 0.00033088, -0.000444669, 9.40488e-05, 8.57046e-05, 0.00190548, 0.179926, -0.509762, 0.179581, 0.707419, -0.407693, 0.763488, 0.353502, 0, 0, 0, 0, 0, 0, 0, 0.481699, -0.0144772, 0.141046, 0.48638, -0.0156758, 0.142604, 0.996195, -3.71201e-12, -0.0871557, -4.46982e-12, -1, -8.49977e-12, -0.0871557, 8.857e-12, -0.996195, 0
11.36, 2025-07-03__01-13-41.234933, -0.0721333, -0.081779, 0.0582425, -2.28978, -0.027984, 2.14987, 0.730805, 0.00117484, -0.000607544, -0.00123277, 0.000896206, 7.25508e-06, -8.87846e-05, -0.000672162, 0.186986, -0.453095, 0.187935, 0.663027, -0.407726, 0.758394, 0.369382, 0, 0, 0, 0, 0, 0, 0, 0.481698, -0.0144785, 0.141044, 0.48638, -0.0156758, 0.142604, 0.996195, -3.71201e-12, -0.0871557, -4.46982e-12, -1, -8.49977e-12, -0.0871557, 8.857e-12, -0.996195, 0
11.37, 2025-07-03__01-13-41.244932, -0.0721359, -0.0817738, 0.0582453, -2.28978, -0.0279846, 2.14987, 0.730807, -0.000258372, 0.00163155, -0.000243861, 0.00197228, -0.000143897, -0.000246892, -0.000171222, 0.199344, -0.517321, 0.199642, 0.680046, -0.406816, 0.761111, 0.366254, 0, 0, 0, 0, 0, 0, 0, 0.481699, -0.0144774, 0.141046, 0.48638, -0.0156758, 0.142604, 0.996195, -3.71201e-12, -0.0871557, -4.46982e-12, -1, -8.49977e-12, -0.0871557, 8.857e-12, -0.996195, 0
11.38, 2025-07-03__01-13-41.254933, -0.0721351, -0.0817812, 0.0582453, -2.28979, -0.0279892, 2.14987, 0.730809, -0.000374967, -0.00178837, 2.29285e-05, -0.000656101, -3.43945e-06, -0.00043461, -0.00160004, 0.191939, -0.438988, 0.191821, 0.677557, -0.406797, 0.763296, 0.37482, 0, 0, 0, 0, 0, 0, 0, 0.481699, -0.0144775, 0.141046, 0.48638, -0.0156758, 0.142604, 0.996195, -3.71201e-12, -0.0871557, -4.46982e-12, -1, -8.49977e-12, -0.0871557, 8.857e-12, -0.996195, 0
11.39, 2025-07-03__01-13-41.264934, -0.072138, -0.0817764, 0.0582418, -2.28979, -0.0279859, 2.14987, 0.73081, 0.000304747, 0.000640916, -0.00048962, -0.0018463, -0.000566328, -0.000150794, -0.000962239, 0.19174, -0.546238, 0.191817, 0.742275, -0.402606, 0.770197, 0.371006, 0, 0, 0, 0, 0, 0, 0, 0.481704, -0.0144808, 0.14105, 0.48638, -0.0156758, 0.142604, 0.996195, -3.71201e-12, -0.0871557, -4.46982e-12, -1, -8.49977e-12, -0.0871557, 8.857e-12, -0.996195, 0
11.4, 2025-07-03__01-13-41.274934, -0.0721405, -0.081777, 0.0582478, -2.28979, -0.0279859, 2.14987, 0.730814, -0.00110584, 0.000314432, 0.00119147, 0.000392741, -0.000342445, -0.000206191, -0.000823348, 0.184877, -0.496897, 0.184007, 0.691747, -0.404978, 0.763037, 0.369857, 0, 0, 0, 0, 0, 0, 0, 0.481699, -0.0144802, 0.141045, 0.48638, -0.0156758, 0.142604, 0.996195, -3.71201e-12, -0.0871557, -4.46982e-12, -1, -8.49977e-12, -0.0871557, 8.857e-12, -0.996195, 0
11.41, 2025-07-03__01-13-41.284931, -0.0721355, -0.0817812, 0.0582453, -2.28978, -0.0279857, 2.14987, 0.730823, 0.001106, -0.000357447, 0.00079189, 0.000663653, -0.00016009, 5.26162e-05, 0.000853611, 0.142813, -0.462967, 0.142194, 0.671708, -0.406661, 0.758402, 0.359235, 0, 0, 0, 0, 0, 0, 0, 0.481703, -0.0144805, 0.141049, 0.48638, -0.0156758, 0.142604, 0.996195, -3.71201e-12, -0.0871557, -4.46982e-12, -1, -8.49977e-12, -0.0871557, 8.857e-12, -0.996195, 0
11.42, 2025-07-03__01-13-41.294930, -0.0721373, -0.0817745, 0.0582426, -2.28979, -0.027984, 2.14987, 0.730825, -0.000471394, 0.00156455, -0.000859137, -2.33433e-05, 0.000144383, 0.000215226, 0.0012175, 0.218641, -0.549401, 0.219167, 0.719409, -0.407909, 0.764187, 0.356763, 0, 0, 0, 0, 0, 0, 0, 0.481699, -0.0144764, 0.141047, 0.48638, -0.0156758, 0.142604, 0.996195, -3.71201e-12, -0.0871557, -4.46982e-12, -1, -8.49977e-12, -0.0871557, 8.857e-12, -0.996195, 0
11.43, 2025-07-03__01-13-41.304933, -0.0721355, -0.0817762, 0.0582463, -2.28979, -0.0279878, 2.14987, 0.730823, 0.00119408, 0.00142309, -7.62357e-05, -0.000563049, 2.06613e-05, 0.000273055, 0.000224123, 0.161657, -0.550385, 0.161455, 0.728148, -0.40675, 0.764891, 0.363078, 0, 0, 0, 0, 0, 0, 0, 0.481704, -0.0144774, 0.141049, 0.48638, -0.0156758, 0.142604, 0.996195, -3.71201e-12, -0.0871557, -4.46982e-12, -1, -8.49977e-12, -0.0871557, 8.857e-12, -0.996195, 0
11.44, 2025-07-03__01-13-41.314932, -0.072138, -0.0817823, 0.0582457, -2.28979, -0.0279846, 2.14987, 0.730828, 0.000812134, -0.00101129, -0.000605794, -0.000678897, -5.57716e-05, 0.00013801, 0.00119016, 0.180752, -0.464789, 0.180989, 0.689021, -0.406893, 0.760925, 0.356831, 0, 0, 0, 0, 0, 0, 0, 0.481704, -0.0144784, 0.14105, 0.48638, -0.0156758, 0.142604, 0.996195, -3.71201e-12, -0.0871557, -4.46982e-12, -1, -8.49977e-12, -0.0871557, 8.857e-12, -0.996195, 0
11.45, 2025-07-03__01-13-41.324932, -0.0721355, -0.0817791, 0.0582428, -2.28979, -0.0279847, 2.14987, 0.730825, 0.00106584, -0.000633605, -0.0008865, -0.000750837, -3.89981e-05, -0.00012959, 0.0017402, 0.181879, -0.481139, 0.18232, 0.698074, -0.40693, 0.763848, 0.353687, 0, 0, 0, 0, 0, 0, 0, 0.481704, -0.014481, 0.14105, 0.48638, -0.0156758, 0.142604, 0.996195, -3.71201e-12, -0.0871557, -4.46982e-12, -1, -8.49977e-12, -0.0871557, 8.857e-12, -0.996195, 0
11.46, 2025-07-03__01-13-41.334934, -0.0721405, -0.0817819, 0.0582455, -2.28979, -0.027985, 2.14987, 0.730829, -0.000619122, -0.00151499, -0.000657061, 0.000574961, 2.37158e-05, 0.000583705, 0.000371689, 0.214603, -0.426568, 0.21506, 0.653669, -0.407848, 0.75313, 0.361595, 0, 0, 0, 0, 0, 0, 0, 0.481699, -0.0144805, 0.141045, 0.48638, -0.0156758, 0.142604, 0.996195, -3.71201e-12, -0.0871557, -4.46982e-12, -1, -8.49977e-12, -0.0871557, 8.857e-12, -0.996195, 0
11.47, 2025-07-03__01-13-41.344933, -0.072138, -0.0817814, 0.058245, -2.28978, -0.0279841, 2.14987, 0.730828, -4.19864e-05, -0.000827633, -0.00134457, 0.00112758, 0.000234444, -0.000149242, 0.0010086, 0.217517, -0.44183, 0.218532, 0.654043, -0.409426, 0.757665, 0.357768, 0, 0, 0, 0, 0, 0, 0, 0.481699, -0.0144771, 0.141045, 0.48638, -0.0156758, 0.142604, 0.996195, -3.71201e-12, -0.0871557, -4.46982e-12, -1, -8.49977e-12, -0.0871557, 8.857e-12, -0.996195, 0
11.48, 2025-07-03__01-13-41.354936, -0.0721355, -0.081782, 0.058251, -2.28979, -0.027985, 2.14987, 0.730832, 0.000528926, -0.000497462, 0.000825178, -0.0005826, -0.000160127, 0.000395842, -0.000733895, 0.15333, -0.479935, 0.152493, 0.695387, -0.40607, 0.759892, 0.368336, 0, 0, 0, 0, 0, 0, 0, 0.481699, -0.0144762, 0.141047, 0.48638, -0.0156758, 0.142604, 0.996195, -3.71201e-12, -0.0871557, -4.46982e-12, -1, -8.49977e-12, -0.0871557, 8.857e-12, -0.996195, 0
11.49, 2025-07-03__01-13-41.364933, -0.0721306, -0.0817772, 0.0582485, -2.28978, -0.0279854, 2.14987, 0.730833, 0.0010499, 0.000983779, -0.000283578, 0.0015133, -0.000273414, -0.000145521, -0.00113628, 0.167983, -0.499292, 0.168147, 0.677972, -0.405959, 0.760242, 0.370654, 0, 0, 0, 0, 0, 0, 0, 0.4817, -0.0144751, 0.141047, 0.48638, -0.0156758, 0.142604, 0.996195, -3.71201e-12, -0.0871557, -4.46982e-12, -1, -8.49977e-12, -0.0871557, 8.857e-12, -0.996195, 0
11.5, 2025-07-03__01-13-41.374931, -0.0721355, -0.0817794, 0.0582457, -2.28979, -0.0279847, 2.14987, 0.730836, 0.000894632, -0.000356717, -0.000845949, -0.00243517, 0.000190283, 0.00388773, 0.00151204, 0.183737, -0.510465, 0.183974, 0.724368, -0.407541, 0.741892, 0.354359, 0, 0, 0, 0, 0, 0, 0, 0.481699, -0.0144789, 0.141046, 0.48638, -0.0156758, 0.142604, 0.996195, -3.71201e-12, -0.0871557, -4.46982e-12, -1, -8.49977e-12, -0.0871557, 8.857e-12, -0.996195, 0
11.51, 2025-07-03__01-13-41.384932, -0.0721412, -0.0817851, 0.058251, -2.28979, -0.0279846, 2.14987, 0.730838, -0.00188884, -0.00170757, 0.000372969, 0.000578355, -0.000141578, -2.91456e-05, 0.00137204, 0.218825, -0.42002, 0.218527, 0.651823, -0.406954, 0.75686, 0.35502, 0, 0, 0, 0, 0, 0, 0, 0.481705, -0.0144772, 0.141052, 0.48638, -0.0156758, 0.142604, 0.996195, -3.71201e-12, -0.0871557, -4.46982e-12, -1, -8.49977e-12, -0.0871557, 8.857e-12, -0.996195, 0
11.52, 2025-07-03__01-13-41.394933, -0.0721455, -0.081782, 0.0582465, -2.28979, -0.0279879, 2.14987, 0.730839, -0.00195347, -8.63016e-05, 4.41676e-05, -0.00032693, -0.000157656, -2.61767e-05, 0.000315109, 0.231054, -0.49428, 0.230871, 0.697611, -0.405919, 0.763176, 0.361414, 0, 0, 0, 0, 0, 0, 0, 0.481699, -0.0144782, 0.141046, 0.48638, -0.0156758, 0.142604, 0.996195, -3.71201e-12, -0.0871557, -4.46982e-12, -1, -8.49977e-12, -0.0871557, 8.857e-12, -0.996195, 0
11.53, 2025-07-03__01-13-41.404936, -0.0721378, -0.081782, 0.0582458, -2.28979, -0.0279857, 2.14987, 0.730838, 0.00346667, -0.000132169, -0.000506314, -0.000286324, -6.7791e-05, -8.00048e-05, -0.000839504, 0.119191, -0.487517, 0.11923, 0.697058, -0.406806, 0.762899, 0.368722, 0, 0, 0, 0, 0, 0, 0, 0.481705, -0.0144777, 0.141052, 0.48638, -0.0156758, 0.142604, 0.996195, -3.71201e-12, -0.0871557, -4.46982e-12, -1, -8.49977e-12, -0.0871557, 8.857e-12, -0.996195, 0
11.54, 2025-07-03__01-13-41.414932, -0.072138, -0.0817821, 0.0582458, -2.28979, -0.0279858, 2.14987, 0.73084, -0.000772413, -0.000756497, -0.00100692, 0.000553176, -0.000207792, 8.45537e-05, -0.00100202, 0.226066, -0.455347, 0.22671, 0.668257, -0.406157, 0.758307, 0.369296, 0, 0, 0, 0, 0, 0, 0, 0.481699, -0.0144741, 0.141046, 0.48638, -0.0156758, 0.142604, 0.996195, -3.71201e-12, -0.0871557, -4.46982e-12, -1, -8.49977e-12, -0.0871557, 8.857e-12, -0.996195, 0
11.55, 2025-07-03__01-13-41.424931, -0.0721334, -0.0817819, 0.0582495, -2.28979, -0.0279889, 2.14987, 0.730845, 0.0013011, -0.000336891, 0.000143248, 0.00077208, -8.85649e-05, 0.000523738, -0.000161062, 0.15164, -0.46266, 0.151347, 0.670211, -0.406941, 0.755196, 0.36409, 0, 0, 0, 0, 0, 0, 0, 0.4817, -0.014479, 0.141048, 0.48638, -0.0156758, 0.142604, 0.996195, -3.71201e-12, -0.0871557, -4.46982e-12, -1, -8.49977e-12, -0.0871557, 8.857e-12, -0.996195, 0
11.56, 2025-07-03__01-13-41.434932, -0.072138, -0.0817823, 0.0582542, -2.28979, -0.0279853, 2.14988, 0.730841, -0.000431511, -0.0016418, 0.000717686, -0.000834516, -7.66398e-05, 0.000584514, -0.00136643, 0.176182, -0.443701, 0.175402, 0.680217, -0.406611, 0.756341, 0.371567, 0, 0, 0, 0, 0, 0, 0, 0.481699, -0.0144736, 0.141047, 0.48638, -0.0156758, 0.142604, 0.996195, -3.71201e-12, -0.0871557, -4.46982e-12, -1, -8.49977e-12, -0.0871557, 8.857e-12, -0.996195, 0
11.57, 2025-07-03__01-13-41.444935, -0.0721348, -0.0817875, 0.0582493, -2.28978, -0.0279864, 2.14987, 0.730852, 0.000586171, -0.00195397, -0.00021074, 0.00726536, -0.000190481, 0.000172691, 0.00143462, 0.17605, -0.294889, 0.17671, 0.509749, -0.409609, 0.734041, 0.35376, 0, 0, 0, 0, 0, 0, 0, 0.4817, -0.0144749, 0.141047, 0.48638, -0.0156758, 0.142604, 0.996195, -3.71201e-12, -0.0871557, -4.46982e-12, -1, -8.49977e-12, -0.0871557, 8.857e-12, -0.996195, 0
11.58, 2025-07-03__01-13-41.454935, -0.0721358, -0.0817792, 0.0582489, -2.28979, -0.0279841, 2.14987, 0.730853, -0.000155664, 0.000622033, -0.000986668, 0.00408574, 0.000359098, 5.70642e-05, 0.000922135, 0.212532, -0.445692, 0.213423, 0.620226, -0.411259, 0.750631, 0.356812, 0, 0, 0, 0, 0, 0, 0, 0.481699, -0.0144772, 0.141047, 0.48638, -0.0156758, 0.142604, 0.996195, -3.71201e-12, -0.0871557, -4.46982e-12, -1, -8.49977e-12, -0.0871557, 8.857e-12, -0.996195, 0
11.59, 2025-07-03__01-13-41.464933, -0.0721354, -0.0817794, 0.0582542, -2.28979, -0.0279872, 2.14988, 0.730849, 0.000631766, -2.54229e-05, 0.00132556, -2.65632e-05, 0.000275071, 0.000271251, -0.000887818, 0.139482, -0.487715, 0.138274, 0.692516, -0.408872, 0.759381, 0.368282, 0, 0, 0, 0, 0, 0, 0, 0.481704, -0.0144759, 0.14105, 0.48638, -0.0156758, 0.142604, 0.996195, -3.71201e-12, -0.0871557, -4.46982e-12, -1, -8.49977e-12, -0.0871557, 8.857e-12, -0.996195, 0
11.6, 2025-07-03__01-13-41.474931, -0.0721377, -0.0817847, 0.0582542, -2.28979, -0.0279841, 2.14987, 0.730849, 0.000733386, -0.00103487, 0.00119322, -0.000609428, 0.000155567, -0.00068346, -0.000444462, 0.139739, -0.462008, 0.13858, 0.689798, -0.408301, 0.766153, 0.365612, 0, 0, 0, 0, 0, 0, 0, 0.481699, -0.0144779, 0.141047, 0.48638, -0.0156758, 0.142604, 0.996195, -3.71201e-12, -0.0871557, -4.46982e-12, -1, -8.49977e-12, -0.0871557, 8.857e-12, -0.996195, 0
11.61, 2025-07-03__01-13-41.484932, -0.072138, -0.0817826, 0.0582517, -2.28979, -0.0279876, 2.14987, 0.730858, 3.47834e-05, -0.00100983, 0.00019433, -0.00051531, 0.000604036, -0.000321933, -6.63527e-05, 0.178887, -0.462788, 0.178444, 0.68695, -0.410945, 0.763617, 0.362687, 0, 0, 0, 0, 0, 0, 0, 0.4817, -0.0144769, 0.141047, 0.48638, -0.0156758, 0.142604, 0.996195, -3.71201e-12, -0.0871557, -4.46982e-12, -1, -8.49977e-12, -0.0871557, 8.857e-12, -0.996195, 0
11.62, 2025-07-03__01-13-41.494932, -0.0721356, -0.0817822, 0.0582496, -2.28979, -0.0279861, 2.14987, 0.730862, -5.49846e-05, -7.37787e-05, -0.000907846, -0.000313315, 3.72323e-05, -3.18785e-05, 0.000988855, 0.206806, -0.493351, 0.207162, 0.69753, -0.407457, 0.763067, 0.356028, 0, 0, 0, 0, 0, 0, 0, 0.481699, -0.0144768, 0.141046, 0.48638, -0.0156758, 0.142604, 0.996195, -3.71201e-12, -0.0871557, -4.46982e-12, -1, -8.49977e-12, -0.0871557, 8.857e-12, -0.996195, 0
11.63, 2025-07-03__01-13-41.504932, -0.0721355, -0.081784, 0.0582491, -2.28979, -0.0279864, 2.14987, 0.730863, -0.000537949, -0.00032598, -0.000351185, 5.9558e-05, -8.38851e-05, -0.000334639, 0.00103092, 0.205068, -0.478135, 0.20508, 0.686518, -0.406885, 0.763438, 0.355721, 0, 0, 0, 0, 0, 0, 0, 0.481708, -0.0144748, 0.141052, 0.48638, -0.0156758, 0.142604, 0.996195, -3.71201e-12, -0.0871557, -4.46982e-12, -1, -8.49977e-12, -0.0871557, 8.857e-12, -0.996195, 0
11.64, 2025-07-03__01-13-41.514932, -0.0721299, -0.0817766, 0.0582545, -2.28979, -0.0279841, 2.14987, 0.730861, 0.00170471, 0.00088388, -0.000122928, -0.000704112, 0.000238704, -0.000196456, 0.00651239, 0.14796, -0.533685, 0.147625, 0.723205, -0.408982, 0.767187, 0.322779, 0, 0, 0, 0, 0, 0, 0, 0.481703, -0.0144726, 0.141048, 0.48638, -0.0156758, 0.142604, 0.996195, -3.71201e-12, -0.0871557, -4.46982e-12, -1, -8.49977e-12, -0.0871557, 8.857e-12, -0.996195, 0
11.65, 2025-07-03__01-13-41.524931, -0.0721398, -0.0817761, 0.0582524, -2.28979, -0.0279865, 2.14988, 0.730856, -0.000185359, 0.00169909, -9.60795e-05, -0.00119929, 0.000359023, 0.000329036, -0.00114482, 0.193013, -0.571678, 0.192662, 0.744771, -0.408605, 0.766497, 0.369381, 0, 0, 0, 0, 0, 0, 0, 0.481703, -0.0144747, 0.141047, 0.48638, -0.0156758, 0.142604, 0.996195, -3.71201e-12, -0.0871557, -4.46982e-12, -1, -8.49977e-12, -0.0871557, 8.857e-12, -0.996195, 0
11.66, 2025-07-03__01-13-41.534932, -0.0721383, -0.0817821, 0.0582546, -2.28978, -0.0279889, 2.14988, 0.730866, -0.00112261, -0.000903987, 0.000303449, 0.00130081, -0.00022939, 0.00012132, 0.00120891, 0.202551, -0.434603, 0.202212, 0.648499, -0.406485, 0.754328, 0.354432, 0, 0, 0, 0, 0, 0, 0, 0.481708, -0.0144756, 0.141052, 0.48638, -0.0156758, 0.142604, 0.996195, -3.71201e-12, -0.0871557, -4.46982e-12, -1, -8.49977e-12, -0.0871557, 8.857e-12, -0.996195, 0
11.67, 2025-07-03__01-13-41.544932, -0.072138, -0.0817771, 0.058255, -2.28979, -0.0279893, 2.14987, 0.730865, 0.000284992, 0.000219273, 0.000636927, -0.000248587, -0.000515922, 0.000184274, 0.000572491, 0.163749, -0.502407, 0.162894, 0.702087, -0.40382, 0.761942, 0.358545, 0, 0, 0, 0, 0, 0, 0, 0.481699, -0.0144767, 0.141046, 0.48638, -0.0156758, 0.142604, 0.996195, -3.71201e-12, -0.0871557, -4.46982e-12, -1, -8.49977e-12, -0.0871557, 8.857e-12, -0.996195, 0
11.68, 2025-07-03__01-13-41.554934, -0.0721404, -0.0817822, 0.0582627, -2.28979, -0.0279886, 2.14987, 0.730861, -0.000712226, -0.000564929, 0.0027437, -0.000177949, 0.000168883, 0.000382299, -0.00122572, 0.136428, -0.470002, 0.134104, 0.686309, -0.408176, 0.758553, 0.369666, 0, 0, 0, 0, 0, 0, 0, 0.481703, -0.0144752, 0.141048, 0.48638, -0.0156758, 0.142604, 0.996195, -3.71201e-12, -0.0871557, -4.46982e-12, -1, -8.49977e-12, -0.0871557, 8.857e-12, -0.996195, 0
11.69, 2025-07-03__01-13-41.564932, -0.0721326, -0.0817741, 0.0582521, -2.28979, -0.0279869, 2.14987, 0.730866, 0.00125417, 0.00217239, -0.00011544, 0.00026416, -0.000380688, 0.000386499, 0.000746869, 0.160215, -0.563621, 0.159928, 0.724091, -0.404707, 0.763177, 0.357431, 0, 0, 0, 0, 0, 0, 0, 0.4817, -0.0144751, 0.141047, 0.48638, -0.0156758, 0.142604, 0.996195, -3.71201e-12, -0.0871557, -4.46982e-12, -1, -8.49977e-12, -0.0871557, 8.857e-12, -0.996195, 0
11.7, 2025-07-03__01-13-41.574931, -0.0721348, -0.0817794, 0.0582574, -2.28978, -0.0279879, 2.14988, 0.730871, 0.000577717, 0.00104122, 0.00171385, -0.000740112, 0.000102631, 1.94317e-05, 5.80151e-05, 0.132053, -0.535988, 0.130369, 0.723627, -0.407489, 0.765192, 0.361362, 0, 0, 0, 0, 0, 0, 0, 0.481703, -0.0144761, 0.141048, 0.48638, -0.0156758, 0.142604, 0.996195, -3.71201e-12, -0.0871557, -4.46982e-12, -1, -8.49977e-12, -0.0871557, 8.857e-12, -0.996195, 0
11.71, 2025-07-03__01-13-41.584932, -0.0721355, -0.0817822, 0.0582523, -2.28978, -0.0279869, 2.14988, 0.730869, 0.000806325, 0.0003819, -0.000881411, 0.00174546, 0.000443504, -1.71108e-05, -0.000446594, 0.18681, -0.472318, 0.187301, 0.661141, -0.410743, 0.756636, 0.364287, 0, 0, 0, 0, 0, 0, 0, 0.481703, -0.0144745, 0.141048, 0.48638, -0.0156758, 0.142604, 0.996195, -3.71201e-12, -0.0871557, -4.46982e-12, -1, -8.49977e-12, -0.0871557, 8.857e-12, -0.996195, 0
11.72, 2025-07-03__01-13-41.594932, -0.0721377, -0.0817822, 0.0582631, -2.28979, -0.0279887, 2.14988, 0.730867, -0.000594145, -0.000281435, 0.00196893, -0.000315963, -0.000218017, 0.00464262, -0.000387921, 0.150524, -0.473677, 0.148739, 0.680479, -0.405625, 0.729557, 0.364141, 0, 0, 0, 0, 0, 0, 0, 0.481703, -0.0144743, 0.141048, 0.48638, -0.0156758, 0.142604, 0.996195, -3.71201e-12, -0.0871557, -4.46982e-12, -1, -8.49977e-12, -0.0871557, 8.857e-12, -0.996195, 0
11.73, 2025-07-03__01-13-41.604935, -0.0721371, -0.0817822, 0.0582577, -2.28979, -0.0279852, 2.14988, 0.730877, 0.000192656, -0.000333617, 0.000724461, 0.00291723, 0.000242962, 0.000128585, 0.00127696, 0.163091, -0.427807, 0.162496, 0.627491, -0.41033, 0.75071, 0.353417, 0, 0, 0, 0, 0, 0, 0, 0.481703, -0.0144753, 0.141048, 0.48638, -0.0156758, 0.142604, 0.996195, -3.71201e-12, -0.0871557, -4.46982e-12, -1, -8.49977e-12, -0.0871557, 8.857e-12, -0.996195, 0
11.74, 2025-07-03__01-13-41.614934, -0.0721384, -0.0817795, 0.0582578, -2.28979, -0.0279855, 2.14988, 0.730877, -0.00110201, 0.000918727, 0.000396605, -0.000502096, -0.00020271, 0.000354871, 0.00153867, 0.200641, -0.531412, 0.199951, 0.717142, -0.405813, 0.762417, 0.351881, 0, 0, 0, 0, 0, 0, 0, 0.481703, -0.0144747, 0.141047, 0.48638, -0.0156758, 0.142604, 0.996195, -3.71201e-12, -0.0871557, -4.46982e-12, -1, -8.49977e-12, -0.0871557, 8.857e-12, -0.996195, 0
11.75, 2025-07-03__01-13-41.624934, -0.072137, -0.0817797, 0.0582553, -2.28979, -0.0279901, 2.14988, 0.730875, -0.000108857, -0.00332169, -0.00113432, -0.00032427, -0.000198216, 7.09581e-05, 6.56663e-06, 0.209168, -0.378848, 0.20963, 0.643423, -0.40629, 0.754877, 0.361189, 0, 0, 0, 0, 0, 0, 0, 0.481703, -0.01447, 0.141047, 0.48638, -0.0156758, 0.142604, 0.996195, -3.71201e-12, -0.0871557, -4.46982e-12, -1, -8.49977e-12, -0.0871557, 8.857e-12, -0.996195, 0
11.76, 2025-07-03__01-13-41.634932, -0.0721373, -0.0817815, 0.0582574, -2.28979, -0.0279891, 2.14988, 0.730877, -0.000158312, -0.000236281, 0.00022699, -7.06189e-05, -0.000270634, 0.000144508, 0.00301244, 0.182077, -0.482173, 0.181528, 0.689581, -0.405707, 0.759944, 0.342983, 0, 0, 0, 0, 0, 0, 0, 0.4817, -0.0144742, 0.141047, 0.48638, -0.0156758, 0.142604, 0.996195, -3.71201e-12, -0.0871557, -4.46982e-12, -1, -8.49977e-12, -0.0871557, 8.857e-12, -0.996195, 0
11.77, 2025-07-03__01-13-41.644933, -0.0721431, -0.0817822, 0.0582578, -2.28979, -0.0279888, 2.14988, 0.730881, -0.00151338, -0.0011423, 0.000377473, -0.00123199, 0.000183101, 0.00047255, 1.04379e-05, 0.209282, -0.469546, 0.208561, 0.6965, -0.407979, 0.759471, 0.360851, 0, 0, 0, 0, 0, 0, 0, 0.481699, -0.0144764, 0.141045, 0.48638, -0.0156758, 0.142604, 0.996195, -3.71201e-12, -0.0871557, -4.46982e-12, -1, -8.49977e-12, -0.0871557, 8.857e-12, -0.996195, 0
11.78, 2025-07-03__01-13-41.654935, -0.0721348, -0.0817847, 0.0582605, -2.28979, -0.0279889, 2.14988, 0.730876, -0.00023447, -0.00143793, 0.0011668, -9.70318e-05, -7.79824e-05, -0.000246364, -0.000930584, 0.15987, -0.438816, 0.158665, 0.671012, -0.406867, 0.760111, 0.366944, 0, 0, 0, 0, 0, 0, 0, 0.481703, -0.0144722, 0.141048, 0.48638, -0.0156758, 0.142604, 0.996195, -3.71201e-12, -0.0871557, -4.46982e-12, -1, -8.49977e-12, -0.0871557, 8.857e-12, -0.996195, 0
11.79, 2025-07-03__01-13-41.664935, -0.0721348, -0.0817847, 0.0582553, -2.28978, -0.0279879, 2.14988, 0.730886, 0.000689085, -0.000854945, -0.000415774, -0.000370882, 7.57828e-06, -1.56854e-05, 0.00115121, 0.17666, -0.462459, 0.176516, 0.683141, -0.407495, 0.7603, 0.353726, 0, 0, 0, 0, 0, 0, 0, 0.481708, -0.0144731, 0.141052, 0.48638, -0.0156758, 0.142604, 0.996195, -3.71201e-12, -0.0871557, -4.46982e-12, -1, -8.49977e-12, -0.0871557, 8.857e-12, -0.996195, 0
11.8, 2025-07-03__01-13-41.674932, -0.0721398, -0.0817794, 0.0582581, -2.28979, -0.0279901, 2.14988, 0.730883, -0.00123517, 0.000976503, 0.000413089, -0.000439578, -0.000246513, 0.000338998, 0.00087519, 0.203586, -0.532619, 0.202843, 0.716933, -0.405261, 0.762483, 0.355569, 0, 0, 0, 0, 0, 0, 0, 0.481708, -0.0144744, 0.141052, 0.48638, -0.0156758, 0.142604, 0.996195, -3.71201e-12, -0.0871557, -4.46982e-12, -1, -8.49977e-12, -0.0871557, 8.857e-12, -0.996195, 0
11.81, 2025-07-03__01-13-41.684931, -0.0721359, -0.0817847, 0.0582553, -2.28979, -0.0279901, 2.14988, 0.730884, 6.68419e-05, -0.00121731, -0.000318895, -0.00209491, -0.000420124, 4.05934e-05, -0.000287445, 0.188036, -0.480538, 0.187679, 0.713963, -0.403829, 0.764765, 0.362591, 0, 0, 0, 0, 0, 0, 0, 0.481708, -0.0144749, 0.141052, 0.48638, -0.0156758, 0.142604, 0.996195, -3.71201e-12, -0.0871557, -4.46982e-12, -1, -8.49977e-12, -0.0871557, 8.857e-12, -0.996195, 0
11.82, 2025-07-03__01-13-41.694933, -0.0721405, -0.0817795, 0.0582608, -2.28979, -0.0279879, 2.14988, 0.73088, -0.00060199, 0.000947193, 0.000755891, 0.0010709, -0.00438713, -6.43255e-05, -0.00212887, 0.18135, -0.507066, 0.180391, 0.689142, -0.379938, 0.760496, 0.374233, 0, 0, 0, 0, 0, 0, 0, 0.481703, -0.0144746, 0.141048, 0.48638, -0.0156758, 0.142604, 0.996195, -3.71201e-12, -0.0871557, -4.46982e-12, -1, -8.49977e-12, -0.0871557, 8.857e-12, -0.996195, 0
11.83, 2025-07-03__01-13-41.704933, -0.072138, -0.0817824, 0.0582561, -2.28978, -0.0279854, 2.14988, 0.730888, 0.000409567, -0.0012626, 0.00182369, -0.000764727, -0.000507235, -0.000263034, 0.000459256, 0.132357, -0.454247, 0.130557, 0.686262, -0.404332, 0.762229, 0.357959, 0, 0, 0, 0, 0, 0, 0, 0.481708, -0.0144717, 0.14105, 0.48638, -0.0156758, 0.142604, 0.996195, -3.71201e-12, -0.0871557, -4.46982e-12, -1, -8.49977e-12, -0.0871557, 8.857e-12, -0.996195, 0
11.84, 2025-07-03__01-13-41.714933, -0.072133, -0.0817795, 0.0582613, -2.28979, -0.0279894, 2.14988, 0.730882, -0.0019554, 0.000703519, 0.000810614, -0.000118685, 0.000174723, -7.84043e-05, -0.00809369, 0.20791, -0.51872, 0.206917, 0.7072, -0.40749, 0.764033, 0.409917, 0, 0, 0, 0, 0, 0, 0, 0.481703, -0.0144723, 0.141048, 0.48638, -0.0156758, 0.142604, 0.996195, -3.71201e-12, -0.0871557, -4.46982e-12, -1, -8.49977e-12, -0.0871557, 8.857e-12, -0.996195, 0
11.85, 2025-07-03__01-13-41.724932, -0.0721324, -0.0817799, 0.0582612, -2.28979, -0.0279862, 2.14988, 0.730891, 0.000615459, -0.000243627, 0.000192566, -0.000182589, -4.11072e-05, 0.000228073, 0.001391, 0.163275, -0.483383, 0.162653, 0.69183, -0.40725, 0.759686, 0.352014, 0, 0, 0, 0, 0, 0, 0, 0.481703, -0.0144722, 0.141046, 0.48638, -0.0156758, 0.142604, 0.996195, -3.71201e-12, -0.0871557, -4.46982e-12, -1, -8.49977e-12, -0.0871557, 8.857e-12, -0.996195, 0
11.86, 2025-07-03__01-13-41.734931, -0.0721398, -0.0817822, 0.058261, -2.28979, -0.0279894, 2.14988, 0.730899, -0.000648624, -0.000504459, -4.21624e-05, 0.00055861, -5.87273e-05, -1.36115e-05, 0.000656425, 0.198818, -0.462892, 0.198426, 0.672548, -0.407243, 0.758645, 0.355922, 0, 0, 0, 0, 0, 0, 0, 0.481703, -0.0144715, 0.141048, 0.48638, -0.0156758, 0.142604, 0.996195, -3.71201e-12, -0.0871557, -4.46982e-12, -1, -8.49977e-12, -0.0871557, 8.857e-12, -0.996195, 0
11.87, 2025-07-03__01-13-41.744932, -0.0721405, -0.0817792, 0.0582637, -2.28978, -0.0279901, 2.14987, 0.730901, -0.00156797, 0.000423427, 0.000718011, 0.000135177, -0.000222971, -0.000445819, 0.00250012, 0.20292, -0.503597, 0.20196, 0.69677, -0.405967, 0.765307, 0.344661, 0, 0, 0, 0, 0, 0, 0, 0.481707, -0.01447, 0.141049, 0.48638, -0.0156758, 0.142604, 0.996195, -3.71201e-12, -0.0871557, -4.46982e-12, -1, -8.49977e-12, -0.0871557, 8.857e-12, -0.996195, 0
11.88, 2025-07-03__01-13-41.754932, -0.0721352, -0.0817822, 0.0582584, -2.28979, -0.02799, 2.14988, 0.730895, 0.00604258, 0.000136826, -0.0011546, -0.000372301, -0.000242404, 0.000158693, -0.000541848, 0.0725053, -0.495701, 0.072599, 0.702614, -0.405745, 0.761164, 0.363758, 0, 0, 0, 0, 0, 0, 0, 0.481704, -0.0144702, 0.14105, 0.48638, -0.0156758, 0.142604, 0.996195, -3.71201e-12, -0.0871557, -4.46982e-12, -1, -8.49977e-12, -0.0871557, 8.857e-12, -0.996195, 0
11.89, 2025-07-03__01-13-41.764932, -0.0721357, -0.0817847, 0.0582616, -2.28978, -0.0279901, 2.14988, 0.730895, -0.00286434, -0.00104457, 0.00133606, 0.00197527, -0.00010252, -8.74086e-05, 0.00352331, 0.216557, -0.418354, 0.215473, 0.632588, -0.407737, 0.753357, 0.338671, 0, 0, 0, 0, 0, 0, 0, 0.481704, -0.0144744, 0.141049, 0.48638, -0.0156758, 0.142604, 0.996195, -3.71201e-12, -0.0871557, -4.46982e-12, -1, -8.49977e-12, -0.0871557, 8.857e-12, -0.996195, 0
11.9, 2025-07-03__01-13-41.774931, -0.0721348, -0.0817794, 0.0582613, -2.28978, -0.0279901, 2.14988, 0.7309, 0.000790258, 0.000450672, 0.000416273, -0.000942559, -0.000138276, -8.97176e-06, 0.00069996, 0.155306, -0.519383, 0.154395, 0.717715, -0.406014, 0.764798, 0.355751, 0, 0, 0, 0, 0, 0, 0, 0.481708, -0.0144699, 0.141051, 0.48638, -0.0156758, 0.142604, 0.996195, -3.71201e-12, -0.0871557, -4.46982e-12, -1, -8.49977e-12, -0.0871557, 8.857e-12, -0.996195, 0
11.91, 2025-07-03__01-13-41.784934, -0.0721359, -0.0817822, 0.0582612, -2.28979, -0.0279856, 2.14988, 0.730899, 0.00626997, -0.000114619, 0.000188853, -0.000953064, 0.00019622, 0.000285486, -0.000547007, 0.0360595, -0.494658, 0.0351253, 0.710015, -0.408605, 0.761396, 0.363612, 0, 0, 0, 0, 0, 0, 0, 0.481708, -0.0144728, 0.141052, 0.48638, -0.0156758, 0.142604, 0.996195, -3.71201e-12, -0.0871557, -4.46982e-12, -1, -8.49977e-12, -0.0871557, 8.857e-12, -0.996195, 0
11.92, 2025-07-03__01-13-41.794932, -0.0721387, -0.0817822, 0.0582613, -2.28978, -0.0279901, 2.14988, 0.7309, 8.7785e-05, -2.33741e-05, -3.39203e-05, 0.00133651, -0.000150278, 0.000340826, 0.000390174, 0.182211, -0.463871, 0.181888, 0.661918, -0.406905, 0.754493, 0.357484, 0, 0, 0, 0, 0, 0, 0, 0.481708, -0.0144725, 0.141052, 0.48638, -0.0156758, 0.142604, 0.996195, -3.71201e-12, -0.0871557, -4.46982e-12, -1, -8.49977e-12, -0.0871557, 8.857e-12, -0.996195, 0
11.93, 2025-07-03__01-13-41.804934, -0.0721405, -0.0817822, 0.0582638, -2.28979, -0.0279894, 2.14988, 0.730903, -0.000977976, -0.00112583, 0.00133223, -0.0015963, -3.93466e-05, 0.0002124, 0.00107736, 0.173665, -0.475316, 0.172078, 0.705397, -0.406615, 0.76223, 0.353233, 0, 0, 0, 0, 0, 0, 0, 0.481702, -0.0144726, 0.141045, 0.48638, -0.0156758, 0.142604, 0.996195, -3.71201e-12, -0.0871557, -4.46982e-12, -1, -8.49977e-12, -0.0871557, 8.857e-12, -0.996195, 0
11.94, 2025-07-03__01-13-41.814933, -0.072138, -0.0817822, 0.0582584, -2.28979, -0.0279888, 2.14988, 0.7309, -0.000569876, -0.000553808, -0.00175495, -0.000599473, 0.000178302, -0.000399979, -0.000693792, 0.235717, -0.482756, 0.236472, 0.695773, -0.408153, 0.764903, 0.363958, 0, 0, 0, 0, 0, 0, 0, 0.481708, -0.0144699, 0.141052, 0.48638, -0.0156758, 0.142604, 0.996195, -3.71201e-12, -0.0871557, -4.46982e-12, -1, -8.49977e-12, -0.0871557, 8.857e-12, -0.996195, 0
11.95, 2025-07-03__01-13-41.824932, -0.072138, -0.0817822, 0.0582638, -2.28978, -0.0279852, 2.14988, 0.730906, -0.00202462, -8.06799e-05, 0.00100148, 0.000231913, 0.000110147, -4.962e-06, 0.00138042, 0.20563, -0.481915, 0.204528, 0.684107, -0.408387, 0.760202, 0.351079, 0, 0, 0, 0, 0, 0, 0, 0.481704, -0.0144695, 0.141049, 0.48638, -0.0156758, 0.142604, 0.996195, -3.71201e-12, -0.0871557, -4.46982e-12, -1, -8.49977e-12, -0.0871557, 8.857e-12, -0.996195, 0
11.96, 2025-07-03__01-13-41.834932, -0.072138, -0.0817822, 0.0582645, -2.28978, -0.0279901, 2.14988, 0.730906, -0.000930805, -0.000306411, 0.00110191, 0.00055867, -0.000235942, -0.000121888, 0.000948426, 0.178309, -0.467652, 0.17709, 0.674501, -0.406142, 0.759424, 0.353797, 0, 0, 0, 0, 0, 0, 0, 0.481703, -0.0144678, 0.141048, 0.48638, -0.0156758, 0.142604, 0.996195, -3.71201e-12, -0.0871557, -4.46982e-12, -1, -8.49977e-12, -0.0871557, 8.857e-12, -0.996195, 0
11.97, 2025-07-03__01-13-41.844932, -0.0721306, -0.0817795, 0.0582638, -2.28978, -0.0279907, 2.14988, 0.730905, 0.00809353, 0.00126752, 0.000885745, 0.000589985, -0.000496471, -0.000235684, -0.00115014, -0.0211153, -0.516123, -0.0225517, 0.702761, -0.40451, 0.762748, 0.367114, 0, 0, 0, 0, 0, 0, 0, 0.481704, -0.0144727, 0.141049, 0.48638, -0.0156758, 0.142604, 0.996195, -3.71201e-12, -0.0871557, -4.46982e-12, -1, -8.49977e-12, -0.0871557, 8.857e-12, -0.996195, 0
11.98, 2025-07-03__01-13-41.854932, -0.0721387, -0.0817795, 0.0582659, -2.28978, -0.0279893, 2.14988, 0.730904, 0.00094916, -4.4357e-05, 0.00111061, -0.000450214, 0.00390073, 0.000274943, -0.00156756, 0.135105, -0.49149, 0.133797, 0.697217, -0.431511, 0.760345, 0.369007, 0, 0, 0, 0, 0, 0, 0, 0.481708, -0.0144738, 0.141051, 0.48638, -0.0156758, 0.142604, 0.996195, -3.71201e-12, -0.0871557, -4.46982e-12, -1, -8.49977e-12, -0.0871557, 8.857e-12, -0.996195, 0
11.99, 2025-07-03__01-13-41.864929, -0.0721362, -0.0817822, 0.0582638, -2.28978, -0.0279905, 2.14988, 0.73091, 0.00114162, -0.000659289, 0.00136934, 0.00164256, -0.00212657, -0.000152594, 0.000842877, 0.125087, -0.435253, 0.123654, 0.648057, -0.394922, 0.755334, 0.354432, 0, 0, 0, 0, 0, 0, 0, 0.481703, -0.0144765, 0.141047, 0.48638, -0.0156758, 0.142604, 0.996195, -3.71201e-12, -0.0871557, -4.46982e-12, -1, -8.49977e-12, -0.0871557, 8.857e-12, -0.996195, 0
12, 2025-07-03__01-13-41.874935, -0.0721355, -0.0817795, 0.0582564, -2.28979, -0.0279883, 2.14988, 0.730916, 0.000980965, 0.000410167, -0.00698671, 2.29304e-05, 5.2213e-05, 0.000179081, 0.00137099, 0.320232, -0.509623, 0.324701, 0.696731, -0.407627, 0.761365, 0.350296, 0, 0, 0, 0, 0, 0, 0, 0.481703, -0.0144718, 0.141047, 0.48638, -0.0156758, 0.142604, 0.996195, -3.71201e-12, -0.0871557, -4.46982e-12, -1, -8.49977e-12, -0.0871557, 8.857e-12, -0.996195, 0
12.01, 2025-07-03__01-13-41.884931, -0.0721384, -0.0817795, 0.0582606, -2.28979, -0.0279894, 2.14988, 0.730911, -0.000827414, -0.000107698, -0.00158859, -0.00139677, 5.0656e-06, 0.000292627, -0.000946902, 0.23761, -0.511489, 0.238106, 0.717767, -0.406628, 0.763567, 0.364882, 0, 0, 0, 0, 0, 0, 0, 0.481708, -0.0144713, 0.141052, 0.48638, -0.0156758, 0.142604, 0.996195, -3.71201e-12, -0.0871557, -4.46982e-12, -1, -8.49977e-12, -0.0871557, 8.857e-12, -0.996195, 0
12.02, 2025-07-03__01-13-41.894932, -0.0721349, -0.0817787, 0.0582635, -2.28978, -0.0279901, 2.14988, 0.730914, 0.000150975, 0.000848816, 8.84556e-05, 5.52379e-06, -9.01206e-05, -0.000585162, -5.99368e-05, 0.17732, -0.520041, 0.176685, 0.706841, -0.406622, 0.766838, 0.359484, 0, 0, 0, 0, 0, 0, 0, 0.481702, -0.0144725, 0.141046, 0.48638, -0.0156758, 0.142604, 0.996195, -3.71201e-12, -0.0871557, -4.46982e-12, -1, -8.49977e-12, -0.0871557, 8.857e-12, -0.996195, 0
12.03, 2025-07-03__01-13-41.904936, -0.0721377, -0.0817847, 0.0582567, -2.28978, -0.0279888, 2.14988, 0.73092, -0.000666072, -0.000850737, -0.00147486, 0.000506454, -1.84095e-05, 2.47204e-05, 0.000886871, 0.231899, -0.450082, 0.232549, 0.664793, -0.407651, 0.757562, 0.353187, 0, 0, 0, 0, 0, 0, 0, 0.481704, -0.0144691, 0.141049, 0.48638, -0.0156758, 0.142604, 0.996195, -3.71201e-12, -0.0871557, -4.46982e-12, -1, -8.49977e-12, -0.0871557, 8.857e-12, -0.996195, 0
12.04, 2025-07-03__01-13-41.914932, -0.0721377, -0.0817822, 0.0582638, -2.28978, -0.0279901, 2.14988, 0.73092, 7.77293e-05, -0.000233754, 0.000279242, 0.00130232, -0.00136769, -0.000236775, 0.00102067, 0.174541, -0.458064, 0.173875, 0.661445, -0.399453, 0.758052, 0.352618, 0, 0, 0, 0, 0, 0, 0, 0.481708, -0.014472, 0.141052, 0.48638, -0.0156758, 0.142604, 0.996195, -3.71201e-12, -0.0871557, -4.46982e-12, -1, -8.49977e-12, -0.0871557, 8.857e-12, -0.996195, 0
12.05, 2025-07-03__01-13-41.924934, -0.0721356, -0.0817794, 0.058267, -2.28979, -0.0279894, 2.14988, 0.730918, 5.71904e-05, 0.000817273, 0.0012445, -0.00166032, -8.20554e-05, 0.000334124, 0.000301323, 0.152182, -0.545206, 0.150501, 0.739435, -0.406038, 0.765693, 0.357159, 0, 0, 0, 0, 0, 0, 0, 0.481703, -0.0144719, 0.141048, 0.48638, -0.0156758, 0.142604, 0.996195, -3.71201e-12, -0.0871557, -4.46982e-12, -1, -8.49977e-12, -0.0871557, 8.857e-12, -0.996195, 0
12.06, 2025-07-03__01-13-41.934932, -0.0721384, -0.0817795, 0.0582645, -2.28978, -0.0279894, 2.14988, 0.730913, -0.000989405, 0.000128663, -0.000450406, 0.00122732, -0.000147155, 0.000391816, -0.000941118, 0.215331, -0.473298, 0.215247, 0.666676, -0.406803, 0.755008, 0.364729, 0, 0, 0, 0, 0, 0, 0, 0.481707, -0.0144686, 0.14105, 0.48638, -0.0156758, 0.142604, 0.996195, -3.71201e-12, -0.0871557, -4.46982e-12, -1, -8.49977e-12, -0.0871557, 8.857e-12, -0.996195, 0
12.07, 2025-07-03__01-13-41.944933, -0.0721405, -0.0817795, 0.0582645, -2.28978, -0.0279901, 2.14988, 0.730916, -0.00113396, 0.000700375, -0.000321521, 0.000161658, -0.00112846, -0.000147742, -6.66816e-05, 0.216635, -0.512726, 0.216321, 0.699806, -0.400143, 0.763152, 0.359368, 0, 0, 0, 0, 0, 0, 0, 0.481703, -0.0144698, 0.141048, 0.48638, -0.0156758, 0.142604, 0.996195, -3.71201e-12, -0.0871557, -4.46982e-12, -1, -8.49977e-12, -0.0871557, 8.857e-12, -0.996195, 0
12.08, 2025-07-03__01-13-41.954932, -0.0721355, -0.0817795, 0.058267, -2.28978, -0.0279901, 2.14988, 0.730921, 0.000816402, 0.000778112, 0.000471631, 0.000455399, -0.000454716, 0.000107689, -0.0135902, 0.152143, -0.507564, 0.151162, 0.695073, -0.403683, 0.760728, 0.441118, 0, 0, 0, 0, 0, 0, 0, 0.481709, -0.0144696, 0.141053, 0.48638, -0.0156758, 0.142604, 0.996195, -3.71201e-12, -0.0871557, -4.46982e-12, -1, -8.49977e-12, -0.0871557, 8.857e-12, -0.996195, 0
12.09, 2025-07-03__01-13-41.964932, -0.0721327, -0.0817822, 0.0582619, -2.28979, -0.0279888, 2.14988, 0.730929, 0.00210621, 0.00077794, -0.000814974, -0.00154708, 0.000228576, -0.000178884, 0.0039271, 0.153218, -0.541866, 0.152975, 0.737131, -0.408422, 0.768648, 0.334526, 0, 0, 0, 0, 0, 0, 0, 0.481703, -0.0144746, 0.141048, 0.48638, -0.0156758, 0.142604, 0.996195, -3.71201e-12, -0.0871557, -4.46982e-12, -1, -8.49977e-12, -0.0871557, 8.857e-12, -0.996195, 0
12.1, 2025-07-03__01-13-41.974934, -0.072138, -0.0817742, 0.0582677, -2.28979, -0.0279877, 2.14988, 0.730927, 0.000257226, 0.00196475, 0.000994591, -0.00042692, 0.00242615, -0.000809273, -0.00145354, 0.154954, -0.56933, 0.15357, 0.736942, -0.42208, 0.772456, 0.367104, 0, 0, 0, 0, 0, 0, 0, 0.481703, -0.014469, 0.141047, 0.48638, -0.0156758, 0.142604, 0.996195, -3.71201e-12, -0.0871557, -4.46982e-12, -1, -8.49977e-12, -0.0871557, 8.857e-12, -0.996195, 0
12.11, 2025-07-03__01-13-41.984931, -0.0721405, -0.0817795, 0.0582653, -2.28978, -0.0279894, 2.14988, 0.730927, -0.000442576, 0.001462, 0.000173153, 0.00196968, 9.2865e-05, -0.000209153, -0.0037425, 0.190418, -0.508485, 0.189852, 0.675989, -0.408307, 0.759686, 0.380963, 0, 0, 0, 0, 0, 0, 0, 0.481704, -0.0144687, 0.14105, 0.48638, -0.0156758, 0.142604, 0.996195, -3.71201e-12, -0.0871557, -4.46982e-12, -1, -8.49977e-12, -0.0871557, 8.857e-12, -0.996195, 0
12.12, 2025-07-03__01-13-41.994933, -0.0721405, -0.0817822, 0.0582691, -2.28979, -0.0279856, 2.14988, 0.730938, -0.000926147, -0.00015401, 0.000295643, -0.00102744, 0.000217827, -0.00034852, 0.00178234, 0.195944, -0.502281, 0.195006, 0.711388, -0.408697, 0.76648, 0.346863, 0, 0, 0, 0, 0, 0, 0, 0.481708, -0.0144685, 0.141052, 0.48638, -0.0156758, 0.142604, 0.996195, -3.71201e-12, -0.0871557, -4.46982e-12, -1, -8.49977e-12, -0.0871557, 8.857e-12, -0.996195, 0
12.13, 2025-07-03__01-13-42.004935, -0.072138, -0.0817795, 0.0582701, -2.28978, -0.0279888, 2.14988, 0.730932, 0.000110476, 0.00090725, 0.00157351, 0.00140137, 0.000256056, 0.000417383, -0.000657723, 0.144, -0.494989, 0.142332, 0.676697, -0.409501, 0.755675, 0.362074, 0, 0, 0, 0, 0, 0, 0, 0.481703, -0.0144711, 0.141048, 0.48638, -0.0156758, 0.142604, 0.996195, -3.71201e-12, -0.0871557, -4.46982e-12, -1, -8.49977e-12, -0.0871557, 8.857e-12, -0.996195, 0
12.14, 2025-07-03__01-13-42.014932, -0.0721381, -0.0817822, 0.0582677, -2.28979, -0.0279892, 2.14988, 0.730932, 0.00303065, -0.000302065, 0.0003579, -0.00045364, 0.000459769, 0.000261171, -0.00177948, 0.104472, -0.482453, 0.103414, 0.696237, -0.410185, 0.759937, 0.368982, 0, 0, 0, 0, 0, 0, 0, 0.481703, -0.0144726, 0.141048, 0.48638, -0.0156758, 0.142604, 0.996195, -3.71201e-12, -0.0871557, -4.46982e-12, -1, -8.49977e-12, -0.0871557, 8.857e-12, -0.996195, 0
12.15, 2025-07-03__01-13-42.024937, -0.0721328, -0.0817847, 0.0582649, -2.28978, -0.0279902, 2.14988, 0.730933, 0.00192094, -0.00110779, -0.000861728, 0.00136375, -0.000339274, -0.00011252, -0.000683591, 0.15638, -0.423938, 0.156465, 0.644463, -0.40606, 0.755071, 0.362134, 0, 0, 0, 0, 0, 0, 0, 0.481708, -0.0144698, 0.141052, 0.48638, -0.0156758, 0.142604, 0.996195, -3.71201e-12, -0.0871557, -4.46982e-12, -1, -8.49977e-12, -0.0871557, 8.857e-12, -0.996195, 0
12.16, 2025-07-03__01-13-42.034931, -0.0721355, -0.0817822, 0.0582676, -2.28979, -0.0279894, 2.14988, 0.730939, 0.000537986, -4.38221e-05, 0.000140042, -0.000664617, 2.67105e-05, 0.000669221, 0.00124175, 0.16561, -0.496772, 0.164756, 0.703136, -0.407427, 0.758479, 0.350148, 0, 0, 0, 0, 0, 0, 0, 0.481708, -0.0144696, 0.141051, 0.48638, -0.0156758, 0.142604, 0.996195, -3.71201e-12, -0.0871557, -4.46982e-12, -1, -8.49977e-12, -0.0871557, 8.857e-12, -0.996195, 0
12.17, 2025-07-03__01-13-42.044930, -0.0721355, -0.081777, 0.0582649, -2.28978, -0.0279905, 2.14988, 0.730939, 0.000705866, 0.000633218, -0.000601862, 0.0011007, -8.25894e-05, 0.000399445, 0.000918418, 0.180289, -0.492676, 0.180133, 0.678257, -0.407314, 0.756266, 0.352058, 0, 0, 0, 0, 0, 0, 0, 0.481703, -0.0144704, 0.141048, 0.48638, -0.0156758, 0.142604, 0.996195, -3.71201e-12, -0.0871557, -4.46982e-12, -1, -8.49977e-12, -0.0871557, 8.857e-12, -0.996195, 0
12.18, 2025-07-03__01-13-42.054929, -0.0721355, -0.0817795, 0.0582692, -2.28979, -0.0279894, 2.14988, 0.730934, 0.000476289, 0.000278565, 0.00121008, -0.000668542, 7.90518e-05, -0.00025112, -0.00152932, 0.142627, -0.510336, 0.140987, 0.712206, -0.407529, 0.765556, 0.367315, 0, 0, 0, 0, 0, 0, 0, 0.481703, -0.0144699, 0.141048, 0.48638, -0.0156758, 0.142604, 0.996195, -3.71201e-12, -0.0871557, -4.46982e-12, -1, -8.49977e-12, -0.0871557, 8.857e-12, -0.996195, 0
12.19, 2025-07-03__01-13-42.064927, -0.0721355, -0.0817795, 0.0582674, -2.28978, -0.0279894, 2.14988, 0.730941, 0.000592994, 0.00126589, 0.000598844, -0.000129389, -6.872e-05, -0.000249206, -0.000194237, 0.155379, -0.535166, 0.154225, 0.715597, -0.406799, 0.765709, 0.35879, 0, 0, 0, 0, 0, 0, 0, 0.481709, -0.0144699, 0.141055, 0.48638, -0.0156758, 0.142604, 0.996195, -3.71201e-12, -0.0871557, -4.46982e-12, -1, -8.49977e-12, -0.0871557, 8.857e-12, -0.996195, 0
12.2, 2025-07-03__01-13-42.074929, -0.072138, -0.0817793, 0.0582649, -2.28978, -0.0279908, 2.14988, 0.730943, 3.49415e-06, -0.00145637, -0.000790674, -0.000218824, -0.0021813, -8.24356e-05, 0.000333573, 0.198943, -0.441875, 0.1988, 0.671864, -0.393911, 0.759163, 0.355461, 0, 0, 0, 0, 0, 0, 0, 0.481703, -0.0144691, 0.141047, 0.48638, -0.0156758, 0.142604, 0.996195, -3.71201e-12, -0.0871557, -4.46982e-12, -1, -8.49977e-12, -0.0871557, 8.857e-12, -0.996195, 0
12.21, 2025-07-03__01-13-42.084932, -0.0721355, -0.0817795, 0.0582621, -2.28978, -0.0279943, 2.14988, 0.730944, 0.000678741, 0.00101411, -0.00202857, 0.000554927, -0.00044103, 0.000381342, 0.00142927, 0.214161, -0.515846, 0.214967, 0.695007, -0.404562, 0.758915, 0.348635, 0, 0, 0, 0, 0, 0, 0, 0.481703, -0.0144711, 0.141048, 0.48638, -0.0156758, 0.142604, 0.996195, -3.71201e-12, -0.0871557, -4.46982e-12, -1, -8.49977e-12, -0.0871557, 8.857e-12, -0.996195, 0
12.22, 2025-07-03__01-13-42.094933, -0.0721348, -0.0817822, 0.0582677, -2.28978, -0.0279901, 2.14988, 0.730941, 0.00114631, -0.000546578, 0.000317151, 0.000694033, -0.00243285, 3.00146e-05, -0.000196462, 0.147561, -0.455626, 0.146647, 0.668419, -0.39264, 0.757288, 0.358917, 0, 0, 0, 0, 0, 0, 0, 0.481708, -0.0144687, 0.141051, 0.48638, -0.0156758, 0.142604, 0.996195, -3.71201e-12, -0.0871557, -4.46982e-12, -1, -8.49977e-12, -0.0871557, 8.857e-12, -0.996195, 0
12.23, 2025-07-03__01-13-42.104932, -0.0721356, -0.0817847, 0.0582677, -2.28979, -0.0279901, 2.14988, 0.730944, -0.000304695, -0.00104415, -0.000538002, -0.000384378, 0.00144377, 3.20309e-05, 4.28015e-05, 0.199082, -0.458183, 0.198803, 0.68138, -0.416439, 0.760023, 0.356929, 0, 0, 0, 0, 0, 0, 0, 0.481703, -0.0144655, 0.141047, 0.48638, -0.0156758, 0.142604, 0.996195, -3.71201e-12, -0.0871557, -4.46982e-12, -1, -8.49977e-12, -0.0871557, 8.857e-12, -0.996195, 0
12.24, 2025-07-03__01-13-42.114932, -0.0721378, -0.0817822, 0.0582677, -2.28978, -0.0279895, 2.14988, 0.730947, -0.000399279, -0.000142231, -0.000156715, 6.42831e-05, 0.000120568, 1.437e-05, 0.000298567, 0.194128, -0.481955, 0.193587, 0.686425, -0.40829, 0.760396, 0.355306, 0, 0, 0, 0, 0, 0, 0, 0.481708, -0.0144679, 0.141052, 0.48638, -0.0156758, 0.142604, 0.996195, -3.71201e-12, -0.0871557, -4.46982e-12, -1, -8.49977e-12, -0.0871557, 8.857e-12, -0.996195, 0
12.25, 2025-07-03__01-13-42.124932, -0.0721356, -0.0817795, 0.0582656, -2.28978, -0.0279901, 2.14988, 0.73094, -0.000105426, 0.000609574, -0.00144263, 0.000478029, -0.000255839, 1.84584e-05, -0.00143582, 0.217312, -0.503715, 0.217715, 0.690931, -0.405789, 0.76088, 0.366202, 0, 0, 0, 0, 0, 0, 0, 0.481708, -0.0144669, 0.141051, 0.48638, -0.0156758, 0.142604, 0.996195, -3.71201e-12, -0.0871557, -4.46982e-12, -1, -8.49977e-12, -0.0871557, 8.857e-12, -0.996195, 0
12.26, 2025-07-03__01-13-42.134932, -0.0721379, -0.0817791, 0.0582702, -2.28978, -0.027992, 2.14988, 0.730948, -0.000100613, 0.0015256, 0.000865232, 0.000495468, 0.00031564, 1.75215e-05, 0.000236419, 0.165316, -0.533854, 0.163992, 0.706333, -0.409306, 0.762563, 0.355729, 0, 0, 0, 0, 0, 0, 0, 0.481703, -0.0144696, 0.141048, 0.48638, -0.0156758, 0.142604, 0.996195, -3.71201e-12, -0.0871557, -4.46982e-12, -1, -8.49977e-12, -0.0871557, 8.857e-12, -0.996195, 0
12.27, 2025-07-03__01-13-42.144933, -0.0721356, -0.0817797, 0.0582677, -2.28978, -0.0279892, 2.14988, 0.730949, -8.36441e-06, 0.000842664, -0.000102216, -0.00107387, -0.00475109, 0.000233189, -0.000175227, 0.184464, -0.536785, 0.183609, 0.727776, -0.377166, 0.764371, 0.35846, 0, 0, 0, 0, 0, 0, 0, 0.481709, -0.0144696, 0.141054, 0.48638, -0.0156758, 0.142604, 0.996195, -3.71201e-12, -0.0871557, -4.46982e-12, -1, -8.49977e-12, -0.0871557, 8.857e-12, -0.996195, 0
12.28, 2025-07-03__01-13-42.154936, -0.0721458, -0.0817847, 0.0582681, -2.28978, -0.0279894, 2.14988, 0.730946, -0.00260929, -0.000578182, -0.000600226, 0.00107064, -0.000158668, -0.000398053, -0.00136126, 0.255636, -0.452253, 0.25559, 0.659232, -0.40682, 0.759474, 0.365264, 0, 0, 0, 0, 0, 0, 0, 0.481709, -0.0144696, 0.141053, 0.48638, -0.0156758, 0.142604, 0.996195, -3.71201e-12, -0.0871557, -4.46982e-12, -1, -8.49977e-12, -0.0871557, 8.857e-12, -0.996195, 0
12.29, 2025-07-03__01-13-42.164933, -0.0721333, -0.0817848, 0.0582684, -2.28979, -0.0279894, 2.14988, 0.730954, 0.00117863, -0.00143883, 0.000170311, -0.000634565, -8.70171e-05, -0.000679624, -0.00184698, 0.148432, -0.448056, 0.147472, 0.683185, -0.406896, 0.764656, 0.368052, 0, 0, 0, 0, 0, 0, 0, 0.481708, -0.0144694, 0.141052, 0.48638, -0.0156758, 0.142604, 0.996195, -3.71201e-12, -0.0871557, -4.46982e-12, -1, -8.49977e-12, -0.0871557, 8.857e-12, -0.996195, 0
12.3, 2025-07-03__01-13-42.174934, -0.0721355, -0.0817822, 0.0582708, -2.28978, -0.0279901, 2.14988, 0.730957, 0.00102565, 5.48234e-05, -3.70189e-05, 0.00134466, -0.000343857, 0.000381309, 0.000897432, 0.158417, -0.465393, 0.157797, 0.663198, -0.405999, 0.754214, 0.35118, 0, 0, 0, 0, 0, 0, 0, 0.481703, -0.0144681, 0.141048, 0.48638, -0.0156758, 0.142604, 0.996195, -3.71201e-12, -0.0871557, -4.46982e-12, -1, -8.49977e-12, -0.0871557, 8.857e-12, -0.996195, 0
12.31, 2025-07-03__01-13-42.184933, -0.0721405, -0.0817795, 0.0582687, -2.28979, -0.0279927, 2.14988, 0.730951, -0.000806229, 0.00123162, 0.000588023, -0.001199, 0.00705172, 4.33686e-05, -0.00138441, 0.187465, -0.552975, 0.186349, 0.734586, -0.450576, 0.767473, 0.364911, 0, 0, 0, 0, 0, 0, 0, 0.481704, -0.014471, 0.141049, 0.48638, -0.0156758, 0.142604, 0.996195, -3.71201e-12, -0.0871557, -4.46982e-12, -1, -8.49977e-12, -0.0871557, 8.857e-12, -0.996195, 0
12.32, 2025-07-03__01-13-42.194934, -0.0721334, -0.0817823, 0.0582681, -2.28978, -0.0279888, 2.14988, 0.730953, 0.000983672, -0.00052576, -0.000653288, 0.000599854, 0.000542544, -0.000153739, -0.000965141, 0.17268, -0.458785, 0.172494, 0.669673, -0.411261, 0.75905, 0.362614, 0, 0, 0, 0, 0, 0, 0, 0.481703, -0.0144667, 0.141048, 0.48638, -0.0156758, 0.142604, 0.996195, -3.71201e-12, -0.0871557, -4.46982e-12, -1, -8.49977e-12, -0.0871557, 8.857e-12, -0.996195, 0
12.33, 2025-07-03__01-13-42.204935, -0.0721355, -0.081783, 0.0582657, -2.28979, -0.0279888, 2.14988, 0.730961, 0.000880579, -0.000960735, -0.000725277, -0.00152459, 0.000204505, -0.000216217, 0.000272491, 0.176957, -0.480586, 0.176577, 0.707544, -0.408412, 0.76529, 0.354728, 0, 0, 0, 0, 0, 0, 0, 0.481708, -0.0144695, 0.141051, 0.48638, -0.0156758, 0.142604, 0.996195, -3.71201e-12, -0.0871557, -4.46982e-12, -1, -8.49977e-12, -0.0871557, 8.857e-12, -0.996195, 0
12.34, 2025-07-03__01-13-42.214934, -0.0721334, -0.0817825, 0.0582681, -2.28978, -0.0279888, 2.14988, 0.730955, 0.00105281, -0.000354799, -0.000921578, 0.00047099, 7.05741e-05, -6.61959e-06, -0.000344627, 0.177378, -0.466872, 0.177351, 0.674764, -0.408268, 0.75878, 0.358761, 0, 0, 0, 0, 0, 0, 0, 0.481708, -0.0144677, 0.141051, 0.48638, -0.0156758, 0.142604, 0.996195, -3.71201e-12, -0.0871557, -4.46982e-12, -1, -8.49977e-12, -0.0871557, 8.857e-12, -0.996195, 0
12.35, 2025-07-03__01-13-42.224934, -0.0721405, -0.0817832, 0.0582734, -2.28979, -0.0279894, 2.14988, 0.730959, -0.000881459, -0.000610603, 0.000937767, -7.78449e-05, 2.02701e-06, 0.000305166, -0.00127944, 0.178991, -0.467864, 0.177547, 0.682792, -0.4075, 0.758083, 0.364231, 0, 0, 0, 0, 0, 0, 0, 0.481703, -0.014468, 0.141048, 0.48638, -0.0156758, 0.142604, 0.996195, -3.71201e-12, -0.0871557, -4.46982e-12, -1, -8.49977e-12, -0.0871557, 8.857e-12, -0.996195, 0
12.36, 2025-07-03__01-13-42.234931, -0.0721355, -0.0817822, 0.0582734, -2.28978, -0.0279926, 2.14988, 0.730963, 0.00080856, -0.000600687, 0.00146473, -1.40988e-05, 0.000130281, -0.000267834, 0.000221449, 0.127852, -0.464893, 0.12599, 0.681945, -0.408384, 0.761342, 0.355023, 0, 0, 0, 0, 0, 0, 0, 0.481708, -0.0144708, 0.141051, 0.48638, -0.0156758, 0.142604, 0.996195, -3.71201e-12, -0.0871557, -4.46982e-12, -1, -8.49977e-12, -0.0871557, 8.857e-12, -0.996195, 0
12.37, 2025-07-03__01-13-42.244935, -0.0721359, -0.0817825, 0.0582709, -2.28978, -0.0279894, 2.14988, 0.730967, 0.00345488, -0.000422281, -0.000414762, 0.00111822, -2.66548e-05, 0.000317409, 0.00161881, 0.11165, -0.450269, 0.111173, 0.660159, -0.408215, 0.754118, 0.34632, 0, 0, 0, 0, 0, 0, 0, 0.481709, -0.014467, 0.141054, 0.48638, -0.0156758, 0.142604, 0.996195, -3.71201e-12, -0.0871557, -4.46982e-12, -1, -8.49977e-12, -0.0871557, 8.857e-12, -0.996195, 0
12.38, 2025-07-03__01-13-42.254930, -0.0721373, -0.0817876, 0.0582734, -2.28978, -0.0279905, 2.14988, 0.73096, -4.18143e-05, -0.000501871, 0.000582549, 0.000351523, -0.000223691, -5.72093e-06, 0.00174628, 0.167683, -0.461446, 0.16652, 0.674172, -0.406476, 0.758634, 0.345871, 0, 0, 0, 0, 0, 0, 0, 0.481709, -0.0144673, 0.141054, 0.48638, -0.0156758, 0.142604, 0.996195, -3.71201e-12, -0.0871557, -4.46982e-12, -1, -8.49977e-12, -0.0871557, 8.857e-12, -0.996195, 0
12.39, 2025-07-03__01-13-42.264933, -0.0721379, -0.0817823, 0.0582709, -2.28978, -0.0279892, 2.14988, 0.730959, -0.000171262, 0.000804261, 0.000381052, -0.000461563, 0.000259626, -0.000138703, -0.00102249, 0.176811, -0.523897, 0.175742, 0.71348, -0.408781, 0.765022, 0.362684, 0, 0, 0, 0, 0, 0, 0, 0.481713, -0.014467, 0.141055, 0.48638, -0.0156758, 0.142604, 0.996195, -3.71201e-12, -0.0871557, -4.46982e-12, -1, -8.49977e-12, -0.0871557, 8.857e-12, -0.996195, 0
12.4, 2025-07-03__01-13-42.274932, -0.072138, -0.0817875, 0.0582684, -2.28978, -0.0279924, 2.14988, 0.730967, -7.44973e-05, -0.00183097, -0.000963317, -0.000597575, 0.000404824, -0.000330187, 0.000446307, 0.203296, -0.432179, 0.203183, 0.671503, -0.410038, 0.761111, 0.353223, 0, 0, 0, 0, 0, 0, 0, 0.481711, -0.0144681, 0.141052, 0.48638, -0.0156758, 0.142604, 0.996195, -3.71201e-12, -0.0871557, -4.46982e-12, -1, -8.49977e-12, -0.0871557, 8.857e-12, -0.996195, 0
12.41, 2025-07-03__01-13-42.284932, -0.072138, -0.0817795, 0.0582681, -2.28979, -0.0279895, 2.14988, 0.730968, 0.000121535, 0.000580978, -0.00052389, -0.0007821, -0.0015467, -0.000142581, 0.000322846, 0.191293, -0.524879, 0.190747, 0.719265, -0.397454, 0.765887, 0.354121, 0, 0, 0, 0, 0, 0, 0, 0.481708, -0.0144693, 0.141052, 0.48638, -0.0156758, 0.142604, 0.996195, -3.71201e-12, -0.0871557, -4.46982e-12, -1, -8.49977e-12, -0.0871557, 8.857e-12, -0.996195, 0
12.42, 2025-07-03__01-13-42.294934, -0.0721358, -0.0817795, 0.0582716, -2.28978, -0.027992, 2.14989, 0.730967, -0.00061551, 0.000354258, 0.000540416, 0.000775148, 0.000375919, 0.000109641, 0.000297273, 0.182522, -0.487696, 0.181432, 0.68025, -0.410053, 0.757953, 0.354179, 0, 0, 0, 0, 0, 0, 0, 0.481703, -0.0144659, 0.141047, 0.48638, -0.0156758, 0.142604, 0.996195, -3.71201e-12, -0.0871557, -4.46982e-12, -1, -8.49977e-12, -0.0871557, 8.857e-12, -0.996195, 0
12.43, 2025-07-03__01-13-42.304934, -0.0721405, -0.0817816, 0.0582734, -2.28978, -0.0279881, 2.14988, 0.730972, -0.000591588, 0.000292616, 0.00143325, 0.000616634, 0.000620039, 0.000188715, 0.00096178, 0.162331, -0.486608, 0.160594, 0.682278, -0.411829, 0.758315, 0.349877, 0, 0, 0, 0, 0, 0, 0, 0.481703, -0.0144706, 0.141047, 0.48638, -0.0156758, 0.142604, 0.996195, -3.71201e-12, -0.0871557, -4.46982e-12, -1, -8.49977e-12, -0.0871557, 8.857e-12, -0.996195, 0
12.44, 2025-07-03__01-13-42.314935, -0.0721384, -0.0817795, 0.0582709, -2.28979, -0.0279903, 2.14988, 0.730968, -0.00165439, 0.000623646, 0.000245895, -0.000413217, -7.89965e-05, 4.59118e-05, -0.000415381, 0.213452, -0.520526, 0.212498, 0.711243, -0.406592, 0.763698, 0.358412, 0, 0, 0, 0, 0, 0, 0, 0.481704, -0.014467, 0.141049, 0.48638, -0.0156758, 0.142604, 0.996195, -3.71201e-12, -0.0871557, -4.46982e-12, -1, -8.49977e-12, -0.0871557, 8.857e-12, -0.996195, 0
12.45, 2025-07-03__01-13-42.324934, -0.0721359, -0.0817825, 0.0582689, -2.28979, -0.0279894, 2.14988, 0.730966, 3.09719e-05, -0.000780286, -0.00114724, -0.000470412, 5.19578e-05, 0.000155842, -0.00185046, 0.205341, -0.47, 0.205363, 0.688032, -0.407639, 0.760063, 0.367201, 0, 0, 0, 0, 0, 0, 0, 0.481708, -0.0144669, 0.141051, 0.48638, -0.0156758, 0.142604, 0.996195, -3.71201e-12, -0.0871557, -4.46982e-12, -1, -8.49977e-12, -0.0871557, 8.857e-12, -0.996195, 0
12.46, 2025-07-03__01-13-42.334933, -0.0721359, -0.0817855, 0.0582711, -2.28978, -0.0279881, 2.14989, 0.730967, -0.000143058, -0.000978897, -2.05927e-05, -7.84275e-05, 0.000489863, 0.000256195, -0.00086058, 0.183143, -0.452189, 0.182398, 0.673708, -0.41081, 0.756615, 0.361162, 0, 0, 0, 0, 0, 0, 0, 0.481709, -0.0144678, 0.141053, 0.48638, -0.0156758, 0.142604, 0.996195, -3.71201e-12, -0.0871557, -4.46982e-12, -1, -8.49977e-12, -0.0871557, 8.857e-12, -0.996195, 0
12.47, 2025-07-03__01-13-42.344934, -0.0721349, -0.0817823, 0.0582711, -2.28979, -0.0279905, 2.14988, 0.730971, 4.17348e-05, 0.00076115, 0.000747603, -0.000279742, -9.5606e-05, -0.000197292, 0.000388167, 0.163076, -0.520615, 0.16166, 0.711568, -0.406713, 0.76498, 0.353524, 0, 0, 0, 0, 0, 0, 0, 0.481709, -0.0144668, 0.141053, 0.48638, -0.0156758, 0.142604, 0.996195, -3.71201e-12, -0.0871557, -4.46982e-12, -1, -8.49977e-12, -0.0871557, 8.857e-12, -0.996195, 0
12.48, 2025-07-03__01-13-42.354929, -0.0721358, -0.0817823, 0.0582691, -2.28978, -0.0279938, 2.14988, 0.730976, -0.000566654, -0.000599681, -0.000924787, 3.60123e-05, -0.000202474, 0.000140538, 0.000289698, 0.214202, -0.466708, 0.214087, 0.67886, -0.406175, 0.758691, 0.353655, 0, 0, 0, 0, 0, 0, 0, 0.481706, -0.0144657, 0.141047, 0.48638, -0.0156758, 0.142604, 0.996195, -3.71201e-12, -0.0871557, -4.46982e-12, -1, -8.49977e-12, -0.0871557, 8.857e-12, -0.996195, 0
12.49, 2025-07-03__01-13-42.364933, -0.072138, -0.0817822, 0.0582712, -2.28978, -0.0279905, 2.14989, 0.730971, -8.98986e-05, -0.000261888, -0.00024664, 0.000692927, 0.000139518, 6.24759e-05, -0.00163541, 0.188357, -0.466635, 0.187819, 0.671333, -0.408617, 0.75722, 0.365631, 0, 0, 0, 0, 0, 0, 0, 0.481708, -0.0144702, 0.141052, 0.48638, -0.0156758, 0.142604, 0.996195, -3.71201e-12, -0.0871557, -4.46982e-12, -1, -8.49977e-12, -0.0871557, 8.857e-12, -0.996195, 0
12.5, 2025-07-03__01-13-42.374932, -0.0721354, -0.0817797, 0.0582717, -2.28979, -0.0279912, 2.14988, 0.730977, 0.00047098, 0.00065354, -0.000371162, -0.00131137, -0.000278352, 2.08672e-05, -0.00130843, 0.178327, -0.535149, 0.177587, 0.730289, -0.40499, 0.76653, 0.363435, 0, 0, 0, 0, 0, 0, 0, 0.481709, -0.014464, 0.141054, 0.48638, -0.0156758, 0.142604, 0.996195, -3.71201e-12, -0.0871557, -4.46982e-12, -1, -8.49977e-12, -0.0871557, 8.857e-12, -0.996195, 0
12.51, 2025-07-03__01-13-42.384933, -0.0721373, -0.0817822, 0.0582731, -2.28978, -0.0279917, 2.14988, 0.730976, -0.000354087, -0.00102939, -7.68572e-05, 0.000494311, -0.000334293, -0.000182561, 0.00159109, 0.1894, -0.443535, 0.188702, 0.663733, -0.405867, 0.758485, 0.345821, 0, 0, 0, 0, 0, 0, 0, 0.481707, -0.0144665, 0.141048, 0.48638, -0.0156758, 0.142604, 0.996195, -3.71201e-12, -0.0871557, -4.46982e-12, -1, -8.49977e-12, -0.0871557, 8.857e-12, -0.996195, 0
12.52, 2025-07-03__01-13-42.394932, -0.072138, -0.0817795, 0.0582661, -2.28978, -0.0279889, 2.14989, 0.730972, -9.07527e-05, 0.000496754, -0.00177655, 0.00141835, 0.000131757, 8.41815e-05, -0.0010073, 0.225122, -0.483825, 0.225762, 0.669231, -0.408852, 0.756651, 0.361678, 0, 0, 0, 0, 0, 0, 0, 0.481709, -0.0144656, 0.141052, 0.48638, -0.0156758, 0.142604, 0.996195, -3.71201e-12, -0.0871557, -4.46982e-12, -1, -8.49977e-12, -0.0871557, 8.857e-12, -0.996195, 0
12.53, 2025-07-03__01-13-42.404935, -0.0721331, -0.0817855, 0.0582691, -2.28978, -0.0279916, 2.14988, 0.730978, 0.000718522, -0.00102531, -0.00129232, 0.00081904, -0.000299377, -0.000183508, 3.17131e-05, 0.192582, -0.437208, 0.192777, 0.656553, -0.406152, 0.757482, 0.355125, 0, 0, 0, 0, 0, 0, 0, 0.481707, -0.0144647, 0.14105, 0.48638, -0.0156758, 0.142604, 0.996195, -3.71201e-12, -0.0871557, -4.46982e-12, -1, -8.49977e-12, -0.0871557, 8.857e-12, -0.996195, 0
12.54, 2025-07-03__01-13-42.414933, -0.0721377, -0.0817869, 0.0582763, -2.28979, -0.0279899, 2.14989, 0.73098, -0.000413614, -0.000577355, 3.64397e-05, -0.00131671, -0.000155767, 0.000299084, -0.00058925, 0.187368, -0.488485, 0.186377, 0.707365, -0.406071, 0.761206, 0.358829, 0, 0, 0, 0, 0, 0, 0, 0.481713, -0.0144629, 0.141054, 0.48638, -0.0156758, 0.142604, 0.996195, -3.71201e-12, -0.0871557, -4.46982e-12, -1, -8.49977e-12, -0.0871557, 8.857e-12, -0.996195, 0
12.55, 2025-07-03__01-13-42.424938, -0.0721352, -0.081785, 0.058274, -2.28978, -0.0279895, 2.14988, 0.730981, -0.00116438, -0.000986788, 0.00018287, 0.00192902, 0.000618121, -0.000233647, -0.000216722, 0.201314, -0.420562, 0.200614, 0.63468, -0.412415, 0.754608, 0.356343, 0, 0, 0, 0, 0, 0, 0, 0.481707, -0.014468, 0.141049, 0.48638, -0.0156758, 0.142604, 0.996195, -3.71201e-12, -0.0871557, -4.46982e-12, -1, -8.49977e-12, -0.0871557, 8.857e-12, -0.996195, 0
12.56, 2025-07-03__01-13-42.434931, -0.0721372, -0.0817797, 0.0582713, -2.28978, -0.0279921, 2.14989, 0.730975, -0.00045966, 0.000231463, -0.000833871, 0.000533677, 0.000165472, 0.000193125, -0.00959871, 0.209837, -0.488431, 0.209646, 0.682772, -0.407986, 0.758167, 0.413623, 0, 0, 0, 0, 0, 0, 0, 0.481708, -0.0144642, 0.141051, 0.48638, -0.0156758, 0.142604, 0.996195, -3.71201e-12, -0.0871557, -4.46982e-12, -1, -8.49977e-12, -0.0871557, 8.857e-12, -0.996195, 0
12.57, 2025-07-03__01-13-42.444933, -0.0721403, -0.0817876, 0.0582741, -2.28979, -0.0279913, 2.14989, 0.730986, -0.000799298, -0.00174427, -0.000124, -0.000201338, -0.000337739, 3.53608e-05, 0.000358878, 0.200066, -0.429278, 0.199288, 0.665948, -0.405617, 0.757153, 0.352698, 0, 0, 0, 0, 0, 0, 0, 0.481707, -0.0144659, 0.141049, 0.48638, -0.0156758, 0.142604, 0.996195, -3.71201e-12, -0.0871557, -4.46982e-12, -1, -8.49977e-12, -0.0871557, 8.857e-12, -0.996195, 0
12.58, 2025-07-03__01-13-42.454931, -0.072138, -0.0817875, 0.0582761, -2.28978, -0.0279926, 2.14989, 0.730989, 4.32015e-05, -0.0020175, -0.00334333, -1.28457e-05, 5.60372e-05, -1.18042e-05, -0.000100289, 0.252746, -0.416908, 0.254298, 0.654786, -0.408094, 0.756231, 0.355109, 0, 0, 0, 0, 0, 0, 0, 0.481712, -0.0144684, 0.141053, 0.48638, -0.0156758, 0.142604, 0.996195, -3.71201e-12, -0.0871557, -4.46982e-12, -1, -8.49977e-12, -0.0871557, 8.857e-12, -0.996195, 0
12.59, 2025-07-03__01-13-42.464931, -0.0721349, -0.0817798, 0.0582743, -2.28978, -0.0279942, 2.14989, 0.730982, -0.000159657, 0.000578531, 0.000193026, 0.000467649, -2.21128e-05, 0.00034764, -0.00125489, 0.179358, -0.500116, 0.178373, 0.689643, -0.407233, 0.757723, 0.362763, 0, 0, 0, 0, 0, 0, 0, 0.481709, -0.014466, 0.141054, 0.48638, -0.0156758, 0.142604, 0.996195, -3.71201e-12, -0.0871557, -4.46982e-12, -1, -8.49977e-12, -0.0871557, 8.857e-12, -0.996195, 0
12.6, 2025-07-03__01-13-42.474932, -0.0721378, -0.0817872, 0.0582749, -2.28978, -0.0279895, 2.14989, 0.730993, 0.00053764, -0.00112873, 0.000175481, -7.21744e-05, 0.000198338, -4.68729e-05, 0.00171563, 0.162954, -0.445949, 0.161952, 0.671963, -0.409237, 0.758172, 0.344107, 0, 0, 0, 0, 0, 0, 0, 0.481712, -0.0144679, 0.141053, 0.48638, -0.0156758, 0.142604, 0.996195, -3.71201e-12, -0.0871557, -4.46982e-12, -1, -8.49977e-12, -0.0871557, 8.857e-12, -0.996195, 0
12.61, 2025-07-03__01-13-42.484934, -0.0721352, -0.0817802, 0.0582707, -2.28978, -0.0279912, 2.14988, 0.730989, 0.000405737, 0.000209039, -0.00196836, 0.00013562, -1.33054e-05, -0.000230358, 0.000575885, 0.216208, -0.495292, 0.216758, 0.691611, -0.407514, 0.762697, 0.351162, 0, 0, 0, 0, 0, 0, 0, 0.481712, -0.0144631, 0.141053, 0.48638, -0.0156758, 0.142604, 0.996195, -3.71201e-12, -0.0871557, -4.46982e-12, -1, -8.49977e-12, -0.0871557, 8.857e-12, -0.996195, 0
12.62, 2025-07-03__01-13-42.494934, -0.0721405, -0.0817816, 0.0582762, -2.28978, -0.0279926, 2.14989, 0.730989, -0.00129924, 0.000830106, 0.000190353, 0.00200581, -2.53429e-05, 0.000547205, 0.000672075, 0.206654, -0.48337, 0.205854, 0.661543, -0.407996, 0.752224, 0.350562, 0, 0, 0, 0, 0, 0, 0, 0.481703, -0.0144654, 0.141048, 0.48638, -0.0156758, 0.142604, 0.996195, -3.71201e-12, -0.0871557, -4.46982e-12, -1, -8.49977e-12, -0.0871557, 8.857e-12, -0.996195, 0
12.63, 2025-07-03__01-13-42.504933, -0.0721358, -0.0817793, 0.0582737, -2.28978, -0.0279905, 2.14989, 0.730989, -0.00192019, 0.00111782, -0.000935796, -0.00114045, -4.17126e-05, 0.000210831, -0.000148676, 0.245399, -0.549216, 0.245135, 0.73096, -0.406538, 0.76495, 0.355524, 0, 0, 0, 0, 0, 0, 0, 0.481708, -0.0144642, 0.141051, 0.48638, -0.0156758, 0.142604, 0.996195, -3.71201e-12, -0.0871557, -4.46982e-12, -1, -8.49977e-12, -0.0871557, 8.857e-12, -0.996195, 0
12.64, 2025-07-03__01-13-42.514933, -0.0721373, -0.081777, 0.0582751, -2.28978, -0.0279905, 2.14989, 0.730988, -0.000555122, 0.00132224, 0.000837279, 0.00120294, -0.000185188, -0.000103752, -0.0012354, 0.174985, -0.516049, 0.173588, 0.689189, -0.406638, 0.760213, 0.362319, 0, 0, 0, 0, 0, 0, 0, 0.481712, -0.0144636, 0.141052, 0.48638, -0.0156758, 0.142604, 0.996195, -3.71201e-12, -0.0871557, -4.46982e-12, -1, -8.49977e-12, -0.0871557, 8.857e-12, -0.996195, 0
12.65, 2025-07-03__01-13-42.524932, -0.0721353, -0.0817825, 0.0582738, -2.28978, -0.0279903, 2.14989, 0.730991, 0.00100222, 0.000121932, -0.000662106, -0.000249817, -0.000104327, 0.000274194, -8.85635e-05, 0.172157, -0.494748, 0.171692, 0.696263, -0.406867, 0.759322, 0.35518, 0, 0, 0, 0, 0, 0, 0, 0.481709, -0.0144659, 0.141053, 0.48638, -0.0156758, 0.142604, 0.996195, -3.71201e-12, -0.0871557, -4.46982e-12, -1, -8.49977e-12, -0.0871557, 8.857e-12, -0.996195, 0
12.66, 2025-07-03__01-13-42.534933, -0.0721379, -0.081777, 0.0582745, -2.28978, -0.0279907, 2.14988, 0.730995, -6.82183e-05, 0.00104521, -0.000910859, -0.000608882, -0.000127594, 0.00035093, 0.000530642, 0.203347, -0.536803, 0.202999, 0.719654, -0.406395, 0.762753, 0.351167, 0, 0, 0, 0, 0, 0, 0, 0.481711, -0.0144641, 0.14105, 0.48638, -0.0156758, 0.142604, 0.996195, -3.71201e-12, -0.0871557, -4.46982e-12, -1, -8.49977e-12, -0.0871557, 8.857e-12, -0.996195, 0
12.67, 2025-07-03__01-13-42.544933, -0.072138, -0.0817822, 0.0582745, -2.28978, -0.0279902, 2.14989, 0.730992, -6.6928e-05, -0.000369264, -0.000429541, 0.00180551, 0.000283886, 2.32233e-05, -0.00063076, 0.191454, -0.444382, 0.191056, 0.647025, -0.410187, 0.753853, 0.358288, 0, 0, 0, 0, 0, 0, 0, 0.481707, -0.0144662, 0.141049, 0.48638, -0.0156758, 0.142604, 0.996195, -3.71201e-12, -0.0871557, -4.46982e-12, -1, -8.49977e-12, -0.0871557, 8.857e-12, -0.996195, 0
12.68, 2025-07-03__01-13-42.554930, -0.0721405, -0.0817833, 0.0582773, -2.28978, -0.0279924, 2.14988, 0.730995, -0.00124008, -0.000291839, 0.000340289, 0.000383895, 0.00053031, -0.000190985, 6.6903e-05, 0.200337, -0.471483, 0.199265, 0.677744, -0.411005, 0.760513, 0.353893, 0, 0, 0, 0, 0, 0, 0, 0.481709, -0.0144673, 0.141054, 0.48638, -0.0156758, 0.142604, 0.996195, -3.71201e-12, -0.0871557, -4.46982e-12, -1, -8.49977e-12, -0.0871557, 8.857e-12, -0.996195, 0
12.69, 2025-07-03__01-13-42.564929, -0.0721405, -0.081785, 0.0582738, -2.28978, -0.0279931, 2.14988, 0.730995, -0.00122662, -0.00156158, -8.14647e-05, 0.00136141, -8.52186e-06, -0.00017538, -0.000332056, 0.209387, -0.409927, 0.208747, 0.636566, -0.408186, 0.754728, 0.356275, 0, 0, 0, 0, 0, 0, 0, 0.481712, -0.0144679, 0.141052, 0.48638, -0.0156758, 0.142604, 0.996195, -3.71201e-12, -0.0871557, -4.46982e-12, -1, -8.49977e-12, -0.0871557, 8.857e-12, -0.996195, 0
12.7, 2025-07-03__01-13-42.574943, -0.072138, -0.0817795, 0.0582744, -2.28978, -0.0279923, 2.14989, 0.730997, 5.87582e-05, 0.000588884, -0.000819379, 0.000797685, -0.000354892, 0.00044327, 0.00097363, 0.198289, -0.495623, 0.198008, 0.682713, -0.405595, 0.756092, 0.348351, 0, 0, 0, 0, 0, 0, 0, 0.481706, -0.0144676, 0.141047, 0.48638, -0.0156758, 0.142604, 0.996195, -3.71201e-12, -0.0871557, -4.46982e-12, -1, -8.49977e-12, -0.0871557, 8.857e-12, -0.996195, 0
12.71, 2025-07-03__01-13-42.584932, -0.0721318, -0.0817872, 0.0582773, -2.28978, -0.0279905, 2.14989, 0.731, 0.00294009, -0.00103298, 0.000481197, 0.000143496, -0.000145609, -0.00021147, -0.000186997, 0.0998245, -0.44361, 0.098476, 0.670459, -0.407129, 0.758632, 0.355409, 0, 0, 0, 0, 0, 0, 0, 0.481712, -0.0144658, 0.141053, 0.48638, -0.0156758, 0.142604, 0.996195, -3.71201e-12, -0.0871557, -4.46982e-12, -1, -8.49977e-12, -0.0871557, 8.857e-12, -0.996195, 0
12.72, 2025-07-03__01-13-42.594942, -0.0721405, -0.0817802, 0.0582773, -2.28978, -0.027994, 2.14989, 0.731001, -0.00108069, 0.00108226, -0.000105419, 0.000241177, -0.000483546, 3.95302e-05, 0.000909601, 0.208194, -0.523463, 0.207329, 0.703363, -0.404354, 0.761644, 0.348534, 0, 0, 0, 0, 0, 0, 0, 0.481712, -0.0144673, 0.141052, 0.48638, -0.0156758, 0.142604, 0.996195, -3.71201e-12, -0.0871557, -4.46982e-12, -1, -8.49977e-12, -0.0871557, 8.857e-12, -0.996195, 0
12.73, 2025-07-03__01-13-42.604942, -0.0721384, -0.0817825, 0.0582744, -2.28979, -0.0279898, 2.14989, 0.730998, -0.000968657, -0.000412889, -0.000396176, -0.00146724, -1.4222e-05, 0.000342002, -0.00110306, 0.210509, -0.499207, 0.209744, 0.713475, -0.406894, 0.761905, 0.360865, 0, 0, 0, 0, 0, 0, 0, 0.481713, -0.014468, 0.141054, 0.48638, -0.0156758, 0.142604, 0.996195, -3.71201e-12, -0.0871557, -4.46982e-12, -1, -8.49977e-12, -0.0871557, 8.857e-12, -0.996195, 0
12.74, 2025-07-03__01-13-42.614945, -0.0721371, -0.0817805, 0.0582773, -2.28978, -0.0279928, 2.14989, 0.731006, -0.000493243, 0.000852287, 0.000242959, -0.000130509, -6.77017e-05, 8.27214e-05, 0.000782073, 0.185918, -0.520329, 0.184765, 0.706904, -0.406947, 0.761905, 0.349032, 0, 0, 0, 0, 0, 0, 0, 0.481709, -0.0144627, 0.141054, 0.48638, -0.0156758, 0.142604, 0.996195, -3.71201e-12, -0.0871557, -4.46982e-12, -1, -8.49977e-12, -0.0871557, 8.857e-12, -0.996195, 0
12.75, 2025-07-03__01-13-42.624944, -0.072143, -0.081783, 0.0582798, -2.28979, -0.027992, 2.14989, 0.730998, -0.000154249, 3.56619e-05, 0.000917094, -0.0021986, -0.000466646, 4.0565e-06, -0.00127675, 0.162448, -0.526015, 0.160577, 0.737436, -0.403607, 0.767213, 0.362107, 0, 0, 0, 0, 0, 0, 0, 0.481708, -0.0144641, 0.141051, 0.48638, -0.0156758, 0.142604, 0.996195, -3.71201e-12, -0.0871557, -4.46982e-12, -1, -8.49977e-12, -0.0871557, 8.857e-12, -0.996195, 0
12.76, 2025-07-03__01-13-42.634943, -0.072133, -0.0817824, 0.0582795, -2.28979, -0.0279898, 2.14989, 0.731007, 0.00155807, -0.000699807, 0.000607129, -0.00127957, 3.39077e-05, 0.000246696, 0.00241661, 0.128197, -0.482701, 0.126604, 0.705878, -0.407738, 0.760971, 0.339197, 0, 0, 0, 0, 0, 0, 0, 0.481706, -0.014466, 0.141047, 0.48638, -0.0156758, 0.142604, 0.996195, -3.71201e-12, -0.0871557, -4.46982e-12, -1, -8.49977e-12, -0.0871557, 8.857e-12, -0.996195, 0
12.77, 2025-07-03__01-13-42.644943, -0.0721327, -0.0817854, 0.0582763, -2.28978, -0.0279944, 2.14988, 0.731, 0.00080919, -0.000223134, -0.000303861, -0.00129448, -9.77762e-05, -0.000128411, -0.00133779, 0.166713, -0.499786, 0.165801, 0.712809, -0.406275, 0.765171, 0.362299, 0, 0, 0, 0, 0, 0, 0, 0.481713, -0.0144637, 0.141054, 0.48638, -0.0156758, 0.142604, 0.996195, -3.71201e-12, -0.0871557, -4.46982e-12, -1, -8.49977e-12, -0.0871557, 8.857e-12, -0.996195, 0
12.78, 2025-07-03__01-13-42.654941, -0.0721378, -0.081783, 0.0582798, -2.28978, -0.0279895, 2.14988, 0.731005, -9.81258e-05, -0.000537305, -9.17115e-05, 0.000724423, 6.51186e-05, 0.00256226, 0.000548413, 0.182763, -0.450675, 0.181972, 0.658702, -0.408513, 0.73989, 0.35038, 0, 0, 0, 0, 0, 0, 0, 0.481713, -0.0144646, 0.141054, 0.48638, -0.0156758, 0.142604, 0.996195, -3.71201e-12, -0.0871557, -4.46982e-12, -1, -8.49977e-12, -0.0871557, 8.857e-12, -0.996195, 0
12.79, 2025-07-03__01-13-42.664942, -0.072137, -0.0817851, 0.0582798, -2.28978, -0.0279945, 2.14988, 0.731004, -0.000298383, -0.000471842, 9.41085e-05, -0.00181721, -0.00021863, -3.35261e-05, -0.000906744, 0.182631, -0.500264, 0.181413, 0.718938, -0.405313, 0.765641, 0.359417, 0, 0, 0, 0, 0, 0, 0, 0.481709, -0.0144621, 0.141053, 0.48638, -0.0156758, 0.142604, 0.996195, -3.71201e-12, -0.0871557, -4.46982e-12, -1, -8.49977e-12, -0.0871557, 8.857e-12, -0.996195, 0
12.8, 2025-07-03__01-13-42.674946, -0.0721379, -0.0817827, 0.0582773, -2.28979, -0.0279938, 2.14989, 0.731012, -0.000874381, 0.000872086, -6.19959e-05, -0.0013233, -0.000198318, 6.45808e-05, 0.00147469, 0.201456, -0.542522, 0.200367, 0.732956, -0.405584, 0.765997, 0.344505, 0, 0, 0, 0, 0, 0, 0, 0.481713, -0.0144618, 0.141054, 0.48638, -0.0156758, 0.142604, 0.996195, -3.71201e-12, -0.0871557, -4.46982e-12, -1, -8.49977e-12, -0.0871557, 8.857e-12, -0.996195, 0
12.81, 2025-07-03__01-13-42.684945, -0.0721405, -0.0817826, 0.0582826, -2.28978, -0.027993, 2.14988, 0.731011, -0.000827448, -0.000290124, 0.00144092, 0.000663723, 9.31403e-05, 0.0049118, 0.000513708, 0.16453, -0.454883, 0.16261, 0.657274, -0.408393, 0.724355, 0.350259, 0, 0, 0, 0, 0, 0, 0, 0.481712, -0.0144653, 0.141052, 0.48638, -0.0156758, 0.142604, 0.996195, -3.71201e-12, -0.0871557, -4.46982e-12, -1, -8.49977e-12, -0.0871557, 8.857e-12, -0.996195, 0
12.82, 2025-07-03__01-13-42.694941, -0.0721405, -0.0817847, 0.0582798, -2.28978, -0.0279936, 2.14989, 0.731006, -0.000914151, -0.000915248, 0.000746967, 0.000262543, 0.000172337, 0.000187978, 0.00175446, 0.182655, -0.449135, 0.181221, 0.668381, -0.408932, 0.756114, 0.343085, 0, 0, 0, 0, 0, 0, 0, 0.481712, -0.014466, 0.141052, 0.48638, -0.0156758, 0.142604, 0.996195, -3.71201e-12, -0.0871557, -4.46982e-12, -1, -8.49977e-12, -0.0871557, 8.857e-12, -0.996195, 0
12.83, 2025-07-03__01-13-42.704941, -0.0721373, -0.0817819, 0.0582745, -2.28979, -0.0279936, 2.14989, 0.731012, 0.000218408, 0.000780911, -4.7623e-05, -0.0016659, 0.000474111, -5.57879e-06, 0.000480529, 0.176682, -0.544331, 0.175541, 0.73866, -0.409663, 0.767284, 0.350554, 0, 0, 0, 0, 0, 0, 0, 0.481713, -0.0144667, 0.141056, 0.48638, -0.0156758, 0.142604, 0.996195, -3.71201e-12, -0.0871557, -4.46982e-12, -1, -8.49977e-12, -0.0871557, 8.857e-12, -0.996195, 0
12.84, 2025-07-03__01-13-42.714944, -0.0721405, -0.0817833, 0.0582798, -2.28978, -0.0279944, 2.14989, 0.731005, -0.000721103, -0.000301691, 0.00141384, 0.000597173, -0.000344481, -0.000306211, -0.00155974, 0.163701, -0.466267, 0.161773, 0.674127, -0.405492, 0.759826, 0.363328, 0, 0, 0, 0, 0, 0, 0, 0.481708, -0.0144657, 0.14105, 0.48638, -0.0156758, 0.142604, 0.996195, -3.71201e-12, -0.0871557, -4.46982e-12, -1, -8.49977e-12, -0.0871557, 8.857e-12, -0.996195, 0
12.85, 2025-07-03__01-13-42.724943, -0.0721378, -0.0817854, 0.0582773, -2.28978, -0.0279948, 2.14988, 0.731013, -0.000541608, -0.000165121, 0.000131498, 0.000529657, -0.000232898, -0.00032231, 0.00167564, 0.188963, -0.472678, 0.187943, 0.677315, -0.406343, 0.76109, 0.34319, 0, 0, 0, 0, 0, 0, 0, 0.481713, -0.0144661, 0.141054, 0.48638, -0.0156758, 0.142604, 0.996195, -3.71201e-12, -0.0871557, -4.46982e-12, -1, -8.49977e-12, -0.0871557, 8.857e-12, -0.996195, 0
12.86, 2025-07-03__01-13-42.734944, -0.072138, -0.0817827, 0.0582773, -2.28978, -0.0279906, 2.14988, 0.731016, -0.000403005, 0.000168719, -0.000133158, 0.00076286, -0.000290089, -0.000306075, 0.000867676, 0.192208, -0.481714, 0.191392, 0.678553, -0.406227, 0.761061, 0.347895, 0, 0, 0, 0, 0, 0, 0, 0.481713, -0.0144655, 0.141054, 0.48638, -0.0156758, 0.142604, 0.996195, -3.71201e-12, -0.0871557, -4.46982e-12, -1, -8.49977e-12, -0.0871557, 8.857e-12, -0.996195, 0
12.87, 2025-07-03__01-13-42.744942, -0.072138, -0.0817833, 0.0582773, -2.28978, -0.027991, 2.14988, 0.731009, -9.92391e-05, -0.00116249, 0.000687404, -0.000134043, -3.18844e-05, -2.69159e-05, -0.000856357, 0.165177, -0.447545, 0.163721, 0.673766, -0.407559, 0.758974, 0.358789, 0, 0, 0, 0, 0, 0, 0, 0.481708, -0.0144674, 0.14105, 0.48638, -0.0156758, 0.142604, 0.996195, -3.71201e-12, -0.0871557, -4.46982e-12, -1, -8.49977e-12, -0.0871557, 8.857e-12, -0.996195, 0
12.88, 2025-07-03__01-13-42.754942, -0.0721378, -0.0817804, 0.058282, -2.28979, -0.0279903, 2.14988, 0.731012, -0.000761704, 0.000853923, 0.00135846, 0.000149404, -0.000230194, -0.00062777, 0.000545498, 0.165925, -0.518432, 0.163927, 0.706157, -0.4062, 0.766864, 0.350194, 0, 0, 0, 0, 0, 0, 0, 0.481713, -0.0144661, 0.141054, 0.48638, -0.0156758, 0.142604, 0.996195, -3.71201e-12, -0.0871557, -4.46982e-12, -1, -8.49977e-12, -0.0871557, 8.857e-12, -0.996195, 0
12.89, 2025-07-03__01-13-42.764942, -0.0721384, -0.0817854, 0.058278, -2.28978, -0.0279913, 2.14988, 0.731018, -0.00133955, -0.000101794, -0.000432305, -0.00127594, -0.000287472, -0.000231538, 0.000198008, 0.219416, -0.506128, 0.218611, 0.714344, -0.405328, 0.766249, 0.351832, 0, 0, 0, 0, 0, 0, 0, 0.481708, -0.0144637, 0.141051, 0.48638, -0.0156758, 0.142604, 0.996195, -3.71201e-12, -0.0871557, -4.46982e-12, -1, -8.49977e-12, -0.0871557, 8.857e-12, -0.996195, 0
12.9, 2025-07-03__01-13-42.774942, -0.0721302, -0.0817826, 0.0582798, -2.28978, -0.0279902, 2.14988, 0.731011, 0.00247143, 0.000705601, 0.00123661, 0.00184859, 0.000495117, -0.000300715, -0.000652461, 0.0943477, -0.478596, 0.0925467, 0.666229, -0.411588, 0.758527, 0.35757, 0, 0, 0, 0, 0, 0, 0, 0.481708, -0.0144664, 0.14105, 0.48638, -0.0156758, 0.142604, 0.996195, -3.71201e-12, -0.0871557, -4.46982e-12, -1, -8.49977e-12, -0.0871557, 8.857e-12, -0.996195, 0
12.91, 2025-07-03__01-13-42.784931, -0.0721387, -0.0817832, 0.0582781, -2.28979, -0.0279906, 2.14989, 0.731016, -0.00495696, -0.000703569, -0.00016225, -0.00221204, 5.93755e-05, 0.000101873, 0.00067672, 0.294415, -0.504949, 0.293492, 0.723539, -0.407043, 0.765487, 0.348838, 0, 0, 0, 0, 0, 0, 0, 0.481709, -0.0144635, 0.141052, 0.48638, -0.0156758, 0.142604, 0.996195, -3.71201e-12, -0.0871557, -4.46982e-12, -1, -8.49977e-12, -0.0871557, 8.857e-12, -0.996195, 0
12.92, 2025-07-03__01-13-42.794932, -0.0721373, -0.0817816, 0.0582774, -2.28979, -0.0279949, 2.14989, 0.731018, -0.000997818, 0.00036458, 0.000182196, -0.000896663, -0.000223631, -0.000189392, -0.000569354, 0.198104, -0.518227, 0.196858, 0.716935, -0.40552, 0.765424, 0.356543, 0, 0, 0, 0, 0, 0, 0, 0.481707, -0.0144647, 0.141049, 0.48638, -0.0156758, 0.142604, 0.996195, -3.71201e-12, -0.0871557, -4.46982e-12, -1, -8.49977e-12, -0.0871557, 8.857e-12, -0.996195, 0
12.93, 2025-07-03__01-13-42.804931, -0.0721358, -0.0817854, 0.0582753, -2.28978, -0.0279906, 2.14989, 0.731021, -0.000127, -1.24757e-05, -0.00112472, 0.00487811, 0.000136195, 0.000747521, 0.00144257, 0.208893, -0.403716, 0.209219, 0.58789, -0.41068, 0.740194, 0.34391, 0, 0, 0, 0, 0, 0, 0, 0.48171, -0.014465, 0.141055, 0.48638, -0.0156758, 0.142604, 0.996195, -3.71201e-12, -0.0871557, -4.46982e-12, -1, -8.49977e-12, -0.0871557, 8.857e-12, -0.996195, 0
12.94, 2025-07-03__01-13-42.814934, -0.072138, -0.0817852, 0.0582776, -2.28978, -0.0279899, 2.14989, 0.731026, -0.000448119, -3.1636e-05, -0.00158433, -0.00131866, 0.000129075, 0.000267472, 0.00169096, 0.225428, -0.50822, 0.225446, 0.714188, -0.408103, 0.762396, 0.342244, 0, 0, 0, 0, 0, 0, 0, 0.481713, -0.0144605, 0.141054, 0.48638, -0.0156758, 0.142604, 0.996195, -3.71201e-12, -0.0871557, -4.46982e-12, -1, -8.49977e-12, -0.0871557, 8.857e-12, -0.996195, 0
12.95, 2025-07-03__01-13-42.824931, -0.0721352, -0.0817827, 0.0582777, -2.28979, -0.0279946, 2.14989, 0.731018, -0.000909014, 0.000965209, -0.00096591, -0.000693647, -0.00017952, 0.000270703, -0.00163527, 0.222052, -0.53575, 0.221628, 0.72096, -0.405701, 0.763001, 0.362937, 0, 0, 0, 0, 0, 0, 0, 0.481709, -0.0144637, 0.141054, 0.48638, -0.0156758, 0.142604, 0.996195, -3.71201e-12, -0.0871557, -4.46982e-12, -1, -8.49977e-12, -0.0871557, 8.857e-12, -0.996195, 0
12.96, 2025-07-03__01-13-42.834932, -0.072137, -0.0817854, 0.058283, -2.28978, -0.0279922, 2.14989, 0.73102, 0.000383893, -0.000783529, 0.000993105, -0.000163195, -0.000390387, 0.000282284, -0.000350441, 0.146147, -0.459094, 0.144363, 0.6794, -0.405275, 0.75691, 0.355159, 0, 0, 0, 0, 0, 0, 0, 0.481712, -0.0144645, 0.141053, 0.48638, -0.0156758, 0.142604, 0.996195, -3.71201e-12, -0.0871557, -4.46982e-12, -1, -8.49977e-12, -0.0871557, 8.857e-12, -0.996195, 0
12.97, 2025-07-03__01-13-42.844934, -0.072138, -0.0817845, 0.0582829, -2.28978, -0.0279907, 2.14989, 0.731026, -1.52455e-05, -0.000490587, 0.000525151, -0.000378233, -0.000173724, 0.000506622, 0.0015407, 0.166362, -0.47366, 0.1649, 0.687743, -0.406694, 0.756697, 0.34329, 0, 0, 0, 0, 0, 0, 0, 0.481712, -0.014464, 0.141052, 0.48638, -0.0156758, 0.142604, 0.996195, -3.71201e-12, -0.0871557, -4.46982e-12, -1, -8.49977e-12, -0.0871557, 8.857e-12, -0.996195, 0
12.98, 2025-07-03__01-13-42.854931, -0.0721384, -0.0817831, 0.0582777, -2.28978, -0.027994, 2.14989, 0.731023, -0.00124133, -0.000555664, -0.00112909, 0.000852325, 0.000196488, -6.38445e-05, 0.000500671, 0.233034, -0.455178, 0.23296, 0.662903, -0.409172, 0.75706, 0.349567, 0, 0, 0, 0, 0, 0, 0, 0.481712, -0.0144636, 0.141053, 0.48638, -0.0156758, 0.142604, 0.996195, -3.71201e-12, -0.0871557, -4.46982e-12, -1, -8.49977e-12, -0.0871557, 8.857e-12, -0.996195, 0
12.99, 2025-07-03__01-13-42.864931, -0.0721355, -0.0817854, 0.058283, -2.28978, -0.0279935, 2.14988, 0.731024, 0.000333975, -0.000640457, 0.000732845, 0.000767521, -0.000228487, -0.000289373, 0.000413621, 0.153254, -0.450332, 0.15173, 0.664859, -0.406647, 0.759012, 0.350265, 0, 0, 0, 0, 0, 0, 0, 0.481707, -0.0144623, 0.141048, 0.48638, -0.0156758, 0.142604, 0.996195, -3.71201e-12, -0.0871557, -4.46982e-12, -1, -8.49977e-12, -0.0871557, 8.857e-12, -0.996195, 0
13, 2025-07-03__01-13-42.874930, -0.0721405, -0.0817803, 0.0582851, -2.28978, -0.0279942, 2.14989, 0.731028, -0.000765805, 0.000850717, 0.00199292, 0.000332452, 0.000112909, -0.000119438, 0.00100467, 0.151594, -0.511609, 0.149087, 0.698553, -0.408343, 0.761749, 0.346496, 0, 0, 0, 0, 0, 0, 0, 0.481713, -0.0144649, 0.141054, 0.48638, -0.0156758, 0.142604, 0.996195, -3.71201e-12, -0.0871557, -4.46982e-12, -1, -8.49977e-12, -0.0871557, 8.857e-12, -0.996195, 0
13.01, 2025-07-03__01-13-42.884931, -0.0721405, -0.0817876, 0.0582805, -2.28978, -0.0279946, 2.14989, 0.731022, -0.00137904, -0.00129287, 0.000543377, -0.000286007, -0.000158617, -0.000163191, -0.00159574, 0.197058, -0.445273, 0.195629, 0.673835, -0.406482, 0.75946, 0.362478, 0, 0, 0, 0, 0, 0, 0, 0.481712, -0.0144647, 0.141053, 0.48638, -0.0156758, 0.142604, 0.996195, -3.71201e-12, -0.0871557, -4.46982e-12, -1, -8.49977e-12, -0.0871557, 8.857e-12, -0.996195, 0
13.02, 2025-07-03__01-13-42.894935, -0.0721405, -0.0817826, 0.0582805, -2.28978, -0.0279935, 2.14988, 0.731029, -0.000764888, 6.88116e-05, 0.000433675, -0.00626517, -0.000178543, -0.000604795, 0.000262174, 0.185986, -0.595878, 0.183993, 0.820021, -0.403843, 0.784304, 0.351021, 0, 0, 0, 0, 0, 0, 0, 0.481712, -0.0144662, 0.141053, 0.48638, -0.0156758, 0.142604, 0.996195, -3.71201e-12, -0.0871557, -4.46982e-12, -1, -8.49977e-12, -0.0871557, 8.857e-12, -0.996195, 0
13.03, 2025-07-03__01-13-42.904928, -0.0721378, -0.0817854, 0.0582827, -2.28978, -0.0279935, 2.14989, 0.73103, 0.000190671, -0.000434174, 0.00136587, -0.000138835, 0.000193629, 9.89843e-05, 0.000604124, 0.142718, -0.471206, 0.140645, 0.685095, -0.408912, 0.758815, 0.348783, 0, 0, 0, 0, 0, 0, 0, 0.481707, -0.0144646, 0.141049, 0.48638, -0.0156758, 0.142604, 0.996195, -3.71201e-12, -0.0871557, -4.46982e-12, -1, -8.49977e-12, -0.0871557, 8.857e-12, -0.996195, 0
13.04, 2025-07-03__01-13-42.914929, -0.072138, -0.0817827, 0.0582805, -2.28978, -0.0279944, 2.14989, 0.731026, 3.97993e-05, 0.000963433, 0.000370009, 0.000826611, -0.000156427, 9.36688e-05, -0.00139924, 0.17065, -0.506896, 0.169374, 0.689239, -0.406646, 0.759082, 0.361116, 0, 0, 0, 0, 0, 0, 0, 0.481713, -0.0144644, 0.141054, 0.48638, -0.0156758, 0.142604, 0.996195, -3.71201e-12, -0.0871557, -4.46982e-12, -1, -8.49977e-12, -0.0871557, 8.857e-12, -0.996195, 0
13.05, 2025-07-03__01-13-42.924932, -0.0721373, -0.0817805, 0.0582805, -2.28978, -0.0279925, 2.14989, 0.731028, -6.39784e-05, 0.000197903, -0.000362593, 0.00097566, 0.000459248, 0.000191924, 0.000206017, 0.188843, -0.478408, 0.188131, 0.672985, -0.410908, 0.756413, 0.351168, 0, 0, 0, 0, 0, 0, 0, 0.481712, -0.0144644, 0.141052, 0.48638, -0.0156758, 0.142604, 0.996195, -3.71201e-12, -0.0871557, -4.46982e-12, -1, -8.49977e-12, -0.0871557, 8.857e-12, -0.996195, 0
13.06, 2025-07-03__01-13-42.934929, -0.0721405, -0.0817853, 0.0582812, -2.28978, -0.0279949, 2.14989, 0.731026, -0.000889878, -0.000678172, -4.71428e-05, -0.000872179, -0.000228217, -0.000228187, -0.000383185, 0.199782, -0.477915, 0.198666, 0.696452, -0.405786, 0.763022, 0.354929, 0, 0, 0, 0, 0, 0, 0, 0.481712, -0.0144637, 0.141053, 0.48638, -0.0156758, 0.142604, 0.996195, -3.71201e-12, -0.0871557, -4.46982e-12, -1, -8.49977e-12, -0.0871557, 8.857e-12, -0.996195, 0
13.07, 2025-07-03__01-13-42.944929, -0.0721373, -0.0817879, 0.0582798, -2.28978, -0.0279935, 2.14989, 0.731035, -0.000198999, -0.000893613, -0.00063021, 0.000800831, 0.000260028, -0.000328514, 0.000845143, 0.197113, -0.441394, 0.196599, 0.658612, -0.409779, 0.758069, 0.346862, 0, 0, 0, 0, 0, 0, 0, 0.481713, -0.0144652, 0.141056, 0.48638, -0.0156758, 0.142604, 0.996195, -3.71201e-12, -0.0871557, -4.46982e-12, -1, -8.49977e-12, -0.0871557, 8.857e-12, -0.996195, 0
13.08, 2025-07-03__01-13-42.954929, -0.0721355, -0.0817819, 0.0582807, -2.28978, -0.0279941, 2.14989, 0.731027, 0.000519584, 0.000796124, -0.000375667, 0.000418538, 0.000170678, 0.000167726, 0.00546584, 0.176219, -0.50792, 0.175451, 0.694173, -0.40904, 0.759341, 0.319427, 0, 0, 0, 0, 0, 0, 0, 0.481712, -0.0144633, 0.141053, 0.48638, -0.0156758, 0.142604, 0.996195, -3.71201e-12, -0.0871557, -4.46982e-12, -1, -8.49977e-12, -0.0871557, 8.857e-12, -0.996195, 0
13.09, 2025-07-03__01-13-42.964929, -0.0721265, -0.0818031, 0.0582857, -2.28976, -0.027994, 2.14978, 0.731024, 0.00186421, -0.00699724, -0.00135964, 0.0094199, -0.00375875, -0.047144, -0.00601283, 1.18492, -38.532, 0.930307, 23.1526, 0.44729, -5.50201, 0.0669672, 0, 0, 0, 0, 0, 0, 0, 0.481707, -0.0144619, 0.141063, 0.48638, -0.0156758, 0.542604, 0.996195, -3.71201e-12, -0.0871557, -4.46982e-12, -1, -8.49977e-12, -0.0871557, 8.857e-12, -0.996195, 0
13.1, 2025-07-03__01-13-42.974929, -0.0720605, -0.0822637, 0.0583234, -2.289, -0.0279814, 2.14614, 0.731, 0.0107366, -0.0583144, 0.00462444, 0.102315, 0.00628434, -0.495056, -0.00436469, 0.864886, -36.371, 0.6102, 21.6696, 0.324251, -2.63586, 0.0622879, 0, 0, 0, 0, 0, 0, 0, 0.481025, -0.0144324, 0.141324, 0.48638, -0.0156758, 0.542604, 0.996195, -3.71201e-12, -0.0871557, -4.46982e-12, -1, -8.49977e-12, -0.0871557, 8.857e-12, -0.996195, 0
13.11, 2025-07-03__01-13-42.984929, -0.0720002, -0.0831292, 0.058384, -2.28686, -0.0279836, 2.13772, 0.730995, 0.00799631, -0.0971473, 0.00633106, 0.246807, 0.00161879, -0.928979, -0.00564063, 0.935368, -34.1248, 0.685345, 19.1791, 0.2725, 0.219296, 0.0631547, 0, 0, 0, 0, 0, 0, 0, 0.47938, -0.0144173, 0.142028, 0.48638, -0.0156758, 0.542604, 0.996195, -3.71201e-12, -0.0871557, -4.46982e-12, -1, -8.49977e-12, -0.0871557, 8.857e-12, -0.996195, 0
13.12, 2025-07-03__01-13-42.994929, -0.0719337, -0.0844931, 0.0584383, -2.28344, -0.0279599, 2.12635, 0.730993, 0.0038055, -0.16939, 0.00432866, 0.356621, 0.000497884, -1.16337, -0.000273841, 1.06794, -30.9755, 0.82243, 16.1902, 0.209485, 1.81866, 0.0128495, 0, 0, 0, 0, 0, 0, 0, 0.477398, -0.0144191, 0.143339, 0.48638, -0.0156758, 0.542604, 0.996195, -3.71201e-12, -0.0871557, -4.46982e-12, -1, -8.49977e-12, -0.0871557, 8.857e-12, -0.996195, 0
13.13, 2025-07-03__01-13-43.004930, -0.0718493, -0.0871933, 0.0585164, -2.27961, -0.0279563, 2.11411, 0.730985, 0.00558792, -0.280116, 0.00733831, 0.391294, -0.0004486, -1.21115, 0.000672003, 0.857055, -27.1471, 0.6033, 13.5883, 0.178317, 2.21552, -0.0161975, 0, 0, 0, 0, 0, 0, 0, 0.47551, -0.0144268, 0.145417, 0.48638, -0.0156758, 0.542604, 0.996195, -3.71201e-12, -0.0871557, -4.46982e-12, -1, -8.49977e-12, -0.0871557, 8.857e-12, -0.996195, 0
13.14, 2025-07-03__01-13-43.014929, -0.0717898, -0.0899626, 0.0585703, -2.27514, -0.0279255, 2.10259, 0.730966, 0.00534168, -0.274666, 0.00576046, 0.469329, -0.000384831, -1.15308, 0.000963465, 0.8946, -26.3351, 0.640247, 11.8129, 0.146843, 1.89357, -0.0425874, 0, 0, 0, 0, 0, 0, 0, 0.474159, -0.0144502, 0.147887, 0.48638, -0.0156758, 0.542604, 0.996195, -3.71201e-12, -0.0871557, -4.46982e-12, -1, -8.49977e-12, -0.0871557, 8.857e-12, -0.996195, 0
13.15, 2025-07-03__01-13-43.024932, -0.0717281, -0.093501, 0.0586166, -2.27037, -0.0279116, 2.09192, 0.730958, 0.00898575, -0.398196, 0.00253804, 0.466743, 0.00298277, -1.05828, -0.00202626, 0.71445, -21.8919, 0.455061, 9.49049, 0.110619, 1.16466, -0.0515757, 0, 0, 0, 0, 0, 0, 0, 0.473412, -0.0144946, 0.15088, 0.48638, -0.0156758, 0.542604, 0.996195, -3.71201e-12, -0.0871557, -4.46982e-12, -1, -8.49977e-12, -0.0871557, 8.857e-12, -0.996195, 0
13.16, 2025-07-03__01-13-43.034929, -0.0716953, -0.0988271, 0.0586325, -2.26608, -0.0278918, 2.08136, 0.730952, 0.00765605, -0.563738, 0.00184207, 0.427072, -0.0062118, -1.05648, 0.000831075, 0.524627, -16.4804, 0.252237, 7.57318, 0.161736, 1.00514, -0.0987058, 0, 0, 0, 0, 0, 0, 0, 0.472791, -0.0145738, 0.154534, 0.48638, -0.0156758, 0.542604, 0.996195, -3.71201e-12, -0.0871557, -4.46982e-12, -1, -8.49977e-12, -0.0871557, 8.857e-12, -0.996195, 0
13.17, 2025-07-03__01-13-43.044929, -0.0717028, -0.105259, 0.0586378, -2.26173, -0.0278654, 2.07115, 0.730944, -0.000923282, -0.661006, -0.00165548, 0.441869, 0.00475238, -1.00122, 0.000111199, 0.601018, -12.221, 0.324798, 5.60774, 0.0829971, 0.351803, -0.131117, 0, 0, 0, 0, 0, 0, 0, 0.472435, -0.0146871, 0.158763, 0.48638, -0.0156758, 0.542604, 0.996195, -3.71201e-12, -0.0871557, -4.46982e-12, -1, -8.49977e-12, -0.0871557, 8.857e-12, -0.996195, 0
13.18, 2025-07-03__01-13-43.054929, -0.0717103, -0.111933, 0.0586376, -2.25713, -0.0278537, 2.06131, 0.730933, -0.000520679, -0.670985, -0.00039761, 0.467733, 0.0028608, -0.974954, 0.000994974, 0.449375, -10.8071, 0.160662, 5.0181, 0.0944651, -0.0179655, -0.170004, 0, 0, 0, 0, 0, 0, 0, 0.472361, -0.0148197, 0.163286, 0.48638, -0.0156758, 0.542604, 0.996195, -3.71201e-12, -0.0871557, -4.46982e-12, -1, -8.49977e-12, -0.0871557, 8.857e-12, -0.996195, 0
13.19, 2025-07-03__01-13-43.064931, -0.0717171, -0.118823, 0.0586564, -2.25242, -0.0278534, 2.05141, 0.73091, 0.00249383, -0.711583, 0.00274408, 0.465654, -0.00265812, -0.995465, -0.00610599, 0.160655, -8.78072, -0.147161, 4.62152, 0.133892, -0.0585481, -0.158075, 0, 0, 0, 0, 0, 0, 0, 0.472341, -0.014937, 0.167953, 0.48638, -0.0156758, 0.542604, 0.996195, -3.71201e-12, -0.0871557, -4.46982e-12, -1, -8.49977e-12, -0.0871557, 8.857e-12, -0.996195, 0
13.2, 2025-07-03__01-13-43.074932, -0.0716929, -0.126414, 0.0586717, -2.2476, -0.0278398, 2.04122, 0.730846, 0.00291433, -0.765411, 0.0020526, 0.493084, 0.00273455, -1.01965, -0.000667452, -0.00951094, -5.65262, -0.326204, 3.43311, 0.0929257, -0.21921, -0.222662, 0, 0, 0, 0, 0, 0, 0, 0.472299, -0.0150415, 0.172961, 0.48638, -0.0156758, 0.542604, 0.996195, -3.71201e-12, -0.0871557, -4.46982e-12, -1, -8.49977e-12, -0.0871557, 8.857e-12, -0.996195, 0
13.21, 2025-07-03__01-13-43.084929, -0.0716924, -0.134256, 0.0586671, -2.24264, -0.0278204, 2.03079, 0.73076, -0.000500596, -0.80216, -0.00164246, 0.486296, 0.00314063, -1.0508, -0.00414409, -0.0149093, -3.68127, -0.341113, 3.24098, 0.103372, -0.202221, -0.233427, 0, 0, 0, 0, 0, 0, 0, 0.472251, -0.0151595, 0.178175, 0.48638, -0.0156758, 0.542604, 0.996195, -3.71201e-12, -0.0871557, -4.46982e-12, -1, -8.49977e-12, -0.0871557, 8.857e-12, -0.996195, 0
13.22, 2025-07-03__01-13-43.094929, -0.0717348, -0.142084, 0.0586474, -2.23761, -0.0277924, 2.02025, 0.73072, -0.0110069, -0.7702, -0.00537099, 0.513778, 0.00680213, -1.04308, -0.000474886, 0.20935, -3.54286, -0.120571, 3.40377, 0.0947772, -0.414632, -0.293467, 0, 0, 0, 0, 0, 0, 0, 0.472111, -0.0153004, 0.183418, 0.48638, -0.0156758, 0.542604, 0.996195, -3.71201e-12, -0.0871557, -4.46982e-12, -1, -8.49977e-12, -0.0871557, 8.857e-12, -0.996195, 0
13.23, 2025-07-03__01-13-43.104932, -0.0717954, -0.149845, 0.0586465, -2.23218, -0.0277811, 2.00949, 0.730681, -0.0102676, -0.776668, -0.00145367, 0.547339, -0.000997655, -1.08271, -0.000351258, -0.0179957, -1.92626, -0.365575, 2.93174, 0.141291, -0.398459, -0.330812, 0, 0, 0, 0, 0, 0, 0, 0.472004, -0.0154465, 0.188754, 0.48638, -0.0156758, 0.542604, 0.996195, -3.71201e-12, -0.0871557, -4.46982e-12, -1, -8.49977e-12, -0.0871557, 8.857e-12, -0.996195, 0
13.24, 2025-07-03__01-13-43.114930, -0.0718755, -0.157495, 0.0586472, -2.22646, -0.0277676, 1.99829, 0.73057, -0.00537393, -0.770559, -0.000805159, 0.575557, -0.00134848, -1.12964, -0.0142073, -0.248298, -0.881767, -0.613822, 2.78063, 0.14502, -0.270384, -0.280349, 0, 0, 0, 0, 0, 0, 0, 0.471813, -0.0155932, 0.19418, 0.48638, -0.0156758, 0.542604, 0.996195, -3.71201e-12, -0.0871557, -4.46982e-12, -1, -8.49977e-12, -0.0871557, 8.857e-12, -0.996195, 0
13.25, 2025-07-03__01-13-43.124932, -0.0719361, -0.165138, 0.0586574, -2.22031, -0.0277527, 1.98692, 0.730414, -0.00722536, -0.756138, -0.00433429, 0.627336, 0.000302215, -1.16511, -0.0117326, -0.234304, 0.348408, -0.601037, 2.2639, 0.134015, -0.287574, -0.327228, 0, 0, 0, 0, 0, 0, 0, 0.47166, -0.0157248, 0.199754, 0.48638, -0.0156758, 0.542604, 0.996195, -3.71201e-12, -0.0871557, -4.46982e-12, -1, -8.49977e-12, -0.0871557, 8.857e-12, -0.996195, 0
13.26, 2025-07-03__01-13-43.134929, -0.0720191, -0.172402, 0.058659, -2.21396, -0.0277179, 1.97535, 0.730212, -0.00603153, -0.728072, -9.9641e-05, 0.631335, 0.00592894, -1.17256, -0.0174081, -0.44085, 0.268472, -0.835593, 2.83132, 0.113507, -0.305441, -0.3208, 0, 0, 0, 0, 0, 0, 0, 0.471435, -0.0158611, 0.205263, 0.48638, -0.0156758, 0.542604, 0.996195, -3.71201e-12, -0.0871557, -4.46982e-12, -1, -8.49977e-12, -0.0871557, 8.857e-12, -0.996195, 0
13.27, 2025-07-03__01-13-43.144929, -0.0721073, -0.179566, 0.0586409, -2.20733, -0.0276881, 1.96344, 0.729944, -0.0123167, -0.717343, 0.00184676, 0.682489, 0.00505338, -1.19169, -0.0276828, -0.446663, 1.61161, -0.84663, 2.18108, 0.116666, -0.397444, -0.285341, 0, 0, 0, 0, 0, 0, 0, 0.471089, -0.0159947, 0.210785, 0.48638, -0.0156758, 0.542604, 0.996195, -3.71201e-12, -0.0871557, -4.46982e-12, -1, -8.49977e-12, -0.0871557, 8.857e-12, -0.996195, 0
13.28, 2025-07-03__01-13-43.154929, -0.0721898, -0.186518, 0.0585887, -2.20018, -0.0276537, 1.95137, 0.729706, -0.00978818, -0.688445, -0.00388495, 0.719615, 0.00644993, -1.20918, -0.0237932, -0.447459, 2.09402, -0.848903, 2.11189, 0.112852, -0.434357, -0.337563, 0, 0, 0, 0, 0, 0, 0, 0.470853, -0.0161287, 0.216476, 0.48638, -0.0156758, 0.542604, 0.996195, -3.71201e-12, -0.0871557, -4.46982e-12, -1, -8.49977e-12, -0.0871557, 8.857e-12, -0.996195, 0
13.29, 2025-07-03__01-13-43.164929, -0.0722704, -0.193098, 0.0585104, -2.19262, -0.0276277, 1.93918, 0.729438, -0.0117177, -0.648805, -0.00586868, 0.768205, 0.00160123, -1.22517, -0.0297573, -0.415652, 2.37458, -0.818894, 1.9889, 0.147303, -0.487736, -0.328377, 0, 0, 0, 0, 0, 0, 0, 0.470626, -0.016277, 0.222164, 0.48638, -0.0156758, 0.542604, 0.996195, -3.71201e-12, -0.0871557, -4.46982e-12, -1, -8.49977e-12, -0.0871557, 8.857e-12, -0.996195, 0
13.3, 2025-07-03__01-13-43.174930, -0.0723444, -0.199121, 0.058441, -2.18488, -0.0275921, 1.92665, 0.729139, -0.00616894, -0.596281, -0.00948158, 0.78312, -0.0007233, -1.28348, -0.0337779, -0.474414, 1.39499, -0.893324, 2.85279, 0.174688, -0.0815445, -0.324571, 0, 0, 0, 0, 0, 0, 0, 0.470246, -0.0164047, 0.227672, 0.48638, -0.0156758, 0.542604, 0.996195, -3.71201e-12, -0.0871557, -4.46982e-12, -1, -8.49977e-12, -0.0871557, 8.857e-12, -0.996195, 0
13.31, 2025-07-03__01-13-43.184929, -0.072415, -0.204999, 0.0583768, -2.17666, -0.0275482, 1.91401, 0.72882, -0.00349447, -0.573917, -0.00866066, 0.831959, 0.00695596, -1.24545, -0.0336491, -0.622466, 2.37407, -1.04929, 2.23616, 0.120284, -0.503137, -0.348204, 0, 0, 0, 0, 0, 0, 0, 0.469886, -0.0165287, 0.233277, 0.48638, -0.0156758, 0.542604, 0.996195, -3.71201e-12, -0.0871557, -4.46982e-12, -1, -8.49977e-12, -0.0871557, 8.857e-12, -0.996195, 0
13.32, 2025-07-03__01-13-43.194929, -0.0724892, -0.210483, 0.0582732, -2.16787, -0.0275051, 1.90131, 0.728499, -0.00636601, -0.544193, -0.0103375, 0.883269, 0.00642654, -1.26904, -0.0359916, -0.573618, 3.03336, -0.994688, 1.87351, 0.122337, -0.499688, -0.355987, 0, 0, 0, 0, 0, 0, 0, 0.469666, -0.0166473, 0.238982, 0.48638, -0.0156758, 0.542604, 0.996195, -3.71201e-12, -0.0871557, -4.46982e-12, -1, -8.49977e-12, -0.0871557, 8.857e-12, -0.996195, 0
13.33, 2025-07-03__01-13-43.204932, -0.0725775, -0.215474, 0.05815, -2.1589, -0.0274888, 1.88815, 0.728153, -0.00336308, -0.491493, -0.0148835, 0.908508, 0.00382062, -1.32678, -0.050399, -0.538581, 2.17322, -0.964134, 2.50718, 0.149136, -0.0952689, -0.2873, 0, 0, 0, 0, 0, 0, 0, 0.469264, -0.0167886, 0.244538, 0.48638, -0.0156758, 0.542604, 0.996195, -3.71201e-12, -0.0871557, -4.46982e-12, -1, -8.49977e-12, -0.0871557, 8.857e-12, -0.996195, 0
13.34, 2025-07-03__01-13-43.214933, -0.0726723, -0.220203, 0.0580468, -2.14948, -0.0274652, 1.87491, 0.727793, -0.0120005, -0.459869, -0.0100909, 0.961417, 0.00162981, -1.31858, -0.0377336, -0.499905, 2.7462, -0.925883, 2.03468, 0.159779, -0.266157, -0.383186, 0, 0, 0, 0, 0, 0, 0, 0.468864, -0.0169203, 0.250141, 0.48638, -0.0156758, 0.542604, 0.996195, -3.71201e-12, -0.0871557, -4.46982e-12, -1, -8.49977e-12, -0.0871557, 8.857e-12, -0.996195, 0
13.35, 2025-07-03__01-13-43.224929, -0.0727477, -0.224566, 0.0579284, -2.13955, -0.0274262, 1.86177, 0.727434, -0.00963044, -0.424562, -0.016709, 1.00092, -0.00195053, -1.31756, -0.0361448, -0.426808, 2.97368, -0.838584, 1.91208, 0.186126, -0.359426, -0.410068, 0, 0, 0, 0, 0, 0, 0, 0.46862, -0.0170246, 0.255826, 0.48638, -0.0156758, 0.542604, 0.996195, -3.71201e-12, -0.0871557, -4.46982e-12, -1, -8.49977e-12, -0.0871557, 8.857e-12, -0.996195, 0
13.36, 2025-07-03__01-13-43.234929, -0.0728357, -0.228391, 0.0578113, -2.1295, -0.0273863, 1.84842, 0.727046, -0.0108747, -0.378206, -0.0173727, 1.01659, 0.000417614, -1.34472, -0.0373149, -0.385321, 2.17966, -0.802328, 2.52052, 0.182293, -0.132731, -0.415656, 0, 0, 0, 0, 0, 0, 0, 0.468257, -0.0171293, 0.261327, 0.48638, -0.0156758, 0.542604, 0.996195, -3.71201e-12, -0.0871557, -4.46982e-12, -1, -8.49977e-12, -0.0871557, 8.857e-12, -0.996195, 0
13.37, 2025-07-03__01-13-43.244929, -0.0729193, -0.231971, 0.0577049, -2.11888, -0.0273485, 1.83506, 0.726575, -0.00773158, -0.36486, -0.0106873, 1.07258, 0.00335385, -1.3227, -0.0476875, -0.647975, 3.55972, -1.07992, 1.60705, 0.143518, -0.432364, -0.362069, 0, 0, 0, 0, 0, 0, 0, 0.467952, -0.0172365, 0.266917, 0.48638, -0.0156758, 0.542604, 0.996195, -3.71201e-12, -0.0871557, -4.46982e-12, -1, -8.49977e-12, -0.0871557, 8.857e-12, -0.996195, 0
13.38, 2025-07-03__01-13-43.254931, -0.0729898, -0.235233, 0.0575722, -2.10791, -0.0273223, 1.82169, 0.726065, -0.00328774, -0.308914, -0.0131057, 1.09306, 0.00670348, -1.34771, -0.0450055, -0.66933, 2.55041, -1.10789, 2.29249, 0.131894, -0.242103, -0.383139, 0, 0, 0, 0, 0, 0, 0, 0.467758, -0.0173376, 0.272594, 0.48638, -0.0156758, 0.542604, 0.996195, -3.71201e-12, -0.0871557, -4.46982e-12, -1, -8.49977e-12, -0.0871557, 8.857e-12, -0.996195, 0
13.39, 2025-07-03__01-13-43.264929, -0.0730814, -0.238103, 0.0574154, -2.09666, -0.0272865, 1.80807, 0.725573, -0.0111118, -0.277617, -0.0107273, 1.1427, -0.00232116, -1.36653, -0.047048, -0.55914, 2.97301, -0.983774, 1.93954, 0.186825, -0.189955, -0.377423, 0, 0, 0, 0, 0, 0, 0, 0.467444, -0.0174444, 0.278163, 0.48638, -0.0156758, 0.542604, 0.996195, -3.71201e-12, -0.0871557, -4.46982e-12, -1, -8.49977e-12, -0.0871557, 8.857e-12, -0.996195, 0
13.4, 2025-07-03__01-13-43.274932, -0.073159, -0.240559, 0.0572735, -2.08496, -0.0272593, 1.79455, 0.725118, -0.00757831, -0.225501, -0.0164111, 1.16121, 0.000726839, -1.34833, -0.0456455, -0.485107, 2.07837, -0.900516, 2.47497, 0.180796, -0.285789, -0.392932, 0, 0, 0, 0, 0, 0, 0, 0.467256, -0.0175395, 0.28379, 0.48638, -0.0156758, 0.542604, 0.996195, -3.71201e-12, -0.0871557, -4.46982e-12, -1, -8.49977e-12, -0.0871557, 8.857e-12, -0.996195, 0
13.41, 2025-07-03__01-13-43.284929, -0.073243, -0.242519, 0.057119, -2.07309, -0.0272314, 1.78097, 0.724697, -0.00468991, -0.198994, -0.0124439, 1.18402, -0.00170682, -1.34961, -0.0389482, -0.626475, 2.1722, -1.05761, 2.505, 0.188935, -0.276591, -0.44031, 0, 0, 0, 0, 0, 0, 0, 0.466996, -0.0176384, 0.289236, 0.48638, -0.0156758, 0.542604, 0.996195, -3.71201e-12, -0.0871557, -4.46982e-12, -1, -8.49977e-12, -0.0871557, 8.857e-12, -0.996195, 0
13.42, 2025-07-03__01-13-43.294929, -0.0733128, -0.244393, 0.0569853, -2.06065, -0.0272178, 1.76728, 0.724322, -0.0103819, -0.182269, -0.0194846, 1.24278, -0.00108587, -1.37379, -0.0330861, -0.3773, 3.36935, -0.754535, 1.7136, 0.183605, -0.243271, -0.486377, 0, 0, 0, 0, 0, 0, 0, 0.466824, -0.0177154, 0.294896, 0.48638, -0.0156758, 0.542604, 0.996195, -3.71201e-12, -0.0871557, -4.46982e-12, -1, -8.49977e-12, -0.0871557, 8.857e-12, -0.996195, 0
13.43, 2025-07-03__01-13-43.304929, -0.0733463, -0.245742, 0.0568215, -2.04804, -0.0271822, 1.75351, 0.723875, -0.00702596, -0.129536, -0.0218594, 1.27398, 0.000138109, -1.3738, -0.0529693, -0.351987, 2.55089, -0.722037, 2.06895, 0.180251, -0.221366, -0.368339, 0, 0, 0, 0, 0, 0, 0, 0.466586, -0.0177846, 0.300405, 0.48638, -0.0156758, 0.542604, 0.996195, -3.71201e-12, -0.0871557, -4.46982e-12, -1, -8.49977e-12, -0.0871557, 8.857e-12, -0.996195, 0
13.44, 2025-07-03__01-13-43.314932, -0.0733783, -0.246743, 0.0566497, -2.0349, -0.0271612, 1.7399, 0.723369, -0.00628943, -0.0987276, -0.0164265, 1.3218, 0.00412643, -1.35393, -0.0474259, -0.482548, 3.03077, -0.857398, 1.64325, 0.14115, -0.438752, -0.401999, 0, 0, 0, 0, 0, 0, 0, 0.466523, -0.0178528, 0.306005, 0.48638, -0.0156758, 0.542604, 0.996195, -3.71201e-12, -0.0871557, -4.46982e-12, -1, -8.49977e-12, -0.0871557, 8.857e-12, -0.996195, 0
13.45, 2025-07-03__01-13-43.324929, -0.0734186, -0.247317, 0.0564483, -2.02162, -0.0271468, 1.72607, 0.722901, 0.000959913, -0.0602637, -0.0245458, 1.3333, 0.00258102, -1.3925, -0.0445838, -0.40362, 2.30286, -0.758308, 2.21969, 0.159103, -0.113822, -0.419003, 0, 0, 0, 0, 0, 0, 0, 0.466332, -0.0179395, 0.311454, 0.48638, -0.0156758, 0.542604, 0.996195, -3.71201e-12, -0.0871557, -4.46982e-12, -1, -8.49977e-12, -0.0871557, 8.857e-12, -0.996195, 0
13.46, 2025-07-03__01-13-43.334929, -0.0734458, -0.247725, 0.0562895, -2.00795, -0.0271503, 1.71225, 0.722521, -0.0036369, -0.0372827, -0.0138513, 1.36158, 6.77799e-05, -1.3693, -0.0405903, -0.538958, 2.6853, -0.912853, 2.02192, 0.165256, -0.298405, -0.447617, 0, 0, 0, 0, 0, 0, 0, 0.466194, -0.0179932, 0.31701, 0.48638, -0.0156758, 0.542604, 0.996195, -3.71201e-12, -0.0871557, -4.46982e-12, -1, -8.49977e-12, -0.0871557, 8.857e-12, -0.996195, 0
13.47, 2025-07-03__01-13-43.344929, -0.0734692, -0.247707, 0.0561273, -1.994, -0.0271206, 1.69848, 0.722158, -0.00362027, -0.00607415, -0.0178121, 1.41577, 0.00276769, -1.37557, -0.0410559, -0.429366, 3.14493, -0.765717, 1.55701, 0.141179, -0.329407, -0.448624, 0, 0, 0, 0, 0, 0, 0, 0.466086, -0.0180384, 0.322477, 0.48638, -0.0156758, 0.542604, 0.996195, -3.71201e-12, -0.0871557, -4.46982e-12, -1, -8.49977e-12, -0.0871557, 8.857e-12, -0.996195, 0
13.48, 2025-07-03__01-13-43.354930, -0.073491, -0.247557, 0.0559846, -1.97973, -0.0271203, 1.68471, 0.721809, -0.00246372, 0.026504, -0.0169857, 1.41804, 0.00181592, -1.37213, -0.0259517, -0.437691, 2.60173, -0.775777, 2.10098, 0.154087, -0.306006, -0.543045, 0, 0, 0, 0, 0, 0, 0, 0.466021, -0.0180877, 0.328047, 0.48638, -0.0156758, 0.542604, 0.996195, -3.71201e-12, -0.0871557, -4.46982e-12, -1, -8.49977e-12, -0.0871557, 8.857e-12, -0.996195, 0
13.49, 2025-07-03__01-13-43.364929, -0.0735255, -0.247027, 0.0558369, -1.96531, -0.0270847, 1.67097, 0.721432, -0.00157974, 0.0476802, -0.0153234, 1.44339, 0.00375929, -1.37106, -0.041308, -0.474602, 2.93887, -0.805472, 1.9838, 0.134213, -0.329811, -0.450379, 0, 0, 0, 0, 0, 0, 0, 0.465932, -0.0181258, 0.333489, 0.48638, -0.0156758, 0.542604, 0.996195, -3.71201e-12, -0.0871557, -4.46982e-12, -1, -8.49977e-12, -0.0871557, 8.857e-12, -0.996195, 0
13.5, 2025-07-03__01-13-43.374929, -0.0735673, -0.246278, 0.0557042, -1.95055, -0.0271003, 1.6572, 0.721013, -0.00948621, 0.0857473, -0.00965334, 1.44854, -0.00531626, -1.38123, -0.0384788, -0.382564, 2.14634, -0.71169, 2.62589, 0.205702, -0.209802, -0.464951, 0, 0, 0, 0, 0, 0, 0, 0.465871, -0.0181825, 0.339017, 0.48638, -0.0156758, 0.542604, 0.996195, -3.71201e-12, -0.0871557, -4.46982e-12, -1, -8.49977e-12, -0.0871557, 8.857e-12, -0.996195, 0
13.51, 2025-07-03__01-13-43.384929, -0.0735983, -0.24528, 0.0555598, -1.93556, -0.0270283, 1.64329, 0.720577, -0.00473303, 0.0942621, -0.0159949, 1.50341, 0.011611, -1.38182, -0.0476996, -0.355133, 3.62595, -0.637533, 1.68794, 0.0784159, -0.310422, -0.405487, 0, 0, 0, 0, 0, 0, 0, 0.465749, -0.0181955, 0.344474, 0.48638, -0.0156758, 0.542604, 0.996195, -3.71201e-12, -0.0871557, -4.46982e-12, -1, -8.49977e-12, -0.0871557, 8.857e-12, -0.996195, 0
13.52, 2025-07-03__01-13-43.394931, -0.0736281, -0.244027, 0.0554375, -1.92037, -0.0270314, 1.62938, 0.720084, -0.00763846, 0.144092, -0.0161538, 1.53075, 0.00290985, -1.38465, -0.0508021, -0.211753, 2.73366, -0.470983, 2.13043, 0.145071, -0.269619, -0.377974, 0, 0, 0, 0, 0, 0, 0, 0.465635, -0.0182184, 0.349945, 0.48638, -0.0156758, 0.542604, 0.996195, -3.71201e-12, -0.0871557, -4.46982e-12, -1, -8.49977e-12, -0.0871557, 8.857e-12, -0.996195, 0
13.53, 2025-07-03__01-13-43.404931, -0.0736374, -0.242494, 0.0553391, -1.90477, -0.0270196, 1.61568, 0.719657, 0.00185191, 0.157288, -0.00678069, 1.5328, -0.00461617, -1.36598, -0.0438507, -0.583833, 3.05187, -0.892671, 2.26147, 0.167163, -0.391203, -0.411903, 0, 0, 0, 0, 0, 0, 0, 0.465623, -0.0182288, 0.355459, 0.48638, -0.0156758, 0.542604, 0.996195, -3.71201e-12, -0.0871557, -4.46982e-12, -1, -8.49977e-12, -0.0871557, 8.857e-12, -0.996195, 0
13.54, 2025-07-03__01-13-43.414931, -0.0736619, -0.240594, 0.0552363, -1.88903, -0.0269923, 1.60183, 0.71929, -0.00273424, 0.184561, -0.012448, 1.59405, 0.00621988, -1.36567, -0.0387028, -0.345609, 3.824, -0.586709, 1.59542, 0.0957759, -0.486074, -0.440284, 0, 0, 0, 0, 0, 0, 0, 0.465556, -0.0182297, 0.360836, 0.48638, -0.0156758, 0.542604, 0.996195, -3.71201e-12, -0.0871557, -4.46982e-12, -1, -8.49977e-12, -0.0871557, 8.857e-12, -0.996195, 0
13.55, 2025-07-03__01-13-43.424930, -0.0736802, -0.238629, 0.0551722, -1.87293, -0.0270206, 1.58802, 0.718926, -0.00415354, 0.215833, -0.00533857, 1.62009, -0.00439361, -1.38887, -0.0403761, -0.418421, 3.77341, -0.667346, 1.74805, 0.15426, -0.353102, -0.42432, 0, 0, 0, 0, 0, 0, 0, 0.465534, -0.0182451, 0.36636, 0.48638, -0.0156758, 0.542604, 0.996195, -3.71201e-12, -0.0871557, -4.46982e-12, -1, -8.49977e-12, -0.0871557, 8.857e-12, -0.996195, 0
13.56, 2025-07-03__01-13-43.434930, -0.0736975, -0.23628, 0.0550961, -1.85653, -0.0269342, 1.57413, 0.718621, 0.000883414, 0.232939, -0.0059976, 1.66772, 0.00651388, -1.39035, -0.0303643, -0.491939, 4.81343, -0.719933, 1.13748, 0.0569684, -0.430196, -0.480817, 0, 0, 0, 0, 0, 0, 0, 0.465493, -0.0182048, 0.371781, 0.48638, -0.0156758, 0.542604, 0.996195, -3.71201e-12, -0.0871557, -4.46982e-12, -1, -8.49977e-12, -0.0871557, 8.857e-12, -0.996195, 0
13.57, 2025-07-03__01-13-43.444931, -0.0737227, -0.233596, 0.0550585, -1.84003, -0.0269717, 1.56001, 0.718347, -0.00861293, 0.281939, -0.00265859, 1.67605, 0.00934703, -1.41864, -0.0259341, -0.296674, 3.43441, -0.505232, 2.01746, 0.0588651, -0.158922, -0.50448, 0, 0, 0, 0, 0, 0, 0, 0.465379, -0.0181968, 0.37712, 0.48638, -0.0156758, 0.542604, 0.996195, -3.71201e-12, -0.0871557, -4.46982e-12, -1, -8.49977e-12, -0.0871557, 8.857e-12, -0.996195, 0
13.58, 2025-07-03__01-13-43.454927, -0.0737182, -0.230707, 0.0550421, -1.82313, -0.0269548, 1.54614, 0.718081, 0.00133295, 0.303354, -0.00129056, 1.70095, -0.00206496, -1.38348, -0.0252929, -0.474226, 3.85347, -0.690611, 1.85549, 0.107521, -0.433485, -0.50309, 0, 0, 0, 0, 0, 0, 0, 0.465354, -0.0181606, 0.382521, 0.48638, -0.0156758, 0.542604, 0.996195, -3.71201e-12, -0.0871557, -4.46982e-12, -1, -8.49977e-12, -0.0871557, 8.857e-12, -0.996195, 0
13.59, 2025-07-03__01-13-43.464928, -0.0737354, -0.227439, 0.0550258, -1.80593, -0.0269259, 1.53208, 0.717805, -0.00159801, 0.323511, -0.00175268, 1.74324, 0.00997755, -1.4074, -0.0252216, -0.387043, 4.57029, -0.564865, 1.4763, 0.0186705, -0.324795, -0.497737, 0, 0, 0, 0, 0, 0, 0, 0.465308, -0.0181139, 0.387831, 0.48638, -0.0156758, 0.542604, 0.996195, -3.71201e-12, -0.0871557, -4.46982e-12, -1, -8.49977e-12, -0.0871557, 8.857e-12, -0.996195, 0
13.6, 2025-07-03__01-13-43.474926, -0.073725, -0.224093, 0.0550466, -1.78848, -0.0269562, 1.51802, 0.717539, 0.00370867, 0.350694, 0.00391594, 1.73271, 0.00233822, -1.40678, -0.0284582, -0.556359, 3.93694, -0.762658, 2.18255, 0.0575402, -0.269933, -0.470024, 0, 0, 0, 0, 0, 0, 0, 0.465242, -0.0180687, 0.39323, 0.48638, -0.0156758, 0.542604, 0.996195, -3.71201e-12, -0.0871557, -4.46982e-12, -1, -8.49977e-12, -0.0871557, 8.857e-12, -0.996195, 0
13.61, 2025-07-03__01-13-43.484926, -0.0737327, -0.220432, 0.0550297, -1.77057, -0.0269438, 1.50404, 0.717242, 0.00530358, 0.382467, 0.000307722, 1.78674, -0.00280932, -1.41467, -0.030865, -0.442614, 4.5035, -0.601715, 1.79901, 0.0793417, -0.316902, -0.447457, 0, 0, 0, 0, 0, 0, 0, 0.465306, -0.0180088, 0.39869, 0.48638, -0.0156758, 0.542604, 0.996195, -3.71201e-12, -0.0871557, -4.46982e-12, -1, -8.49977e-12, -0.0871557, 8.857e-12, -0.996195, 0
13.62, 2025-07-03__01-13-43.494926, -0.0737391, -0.216152, 0.0550301, -1.75234, -0.0269319, 1.4899, 0.716977, 0.000975025, 0.429041, -0.000242038, 1.83608, 0.00636679, -1.41114, -0.0222342, -0.26929, 4.1552, -0.385197, 1.81918, 0.0197107, -0.387297, -0.49177, 0, 0, 0, 0, 0, 0, 0, 0.465309, -0.0179756, 0.403925, 0.48638, -0.0156758, 0.542604, 0.996195, -3.71201e-12, -0.0871557, -4.46982e-12, -1, -8.49977e-12, -0.0871557, 8.857e-12, -0.996195, 0
13.63, 2025-07-03__01-13-43.504930, -0.0737037, -0.211799, 0.0550648, -1.73396, -0.026951, 1.47569, 0.716784, 0.00701597, 0.435592, 0.0032745, 1.85256, -0.000926194, -1.41727, -0.0184371, -0.433957, 5.05167, -0.555266, 1.59149, 0.035283, -0.365663, -0.507282, 0, 0, 0, 0, 0, 0, 0, 0.465301, -0.0178991, 0.409194, 0.48638, -0.0156758, 0.542604, 0.996195, -3.71201e-12, -0.0871557, -4.46982e-12, -1, -8.49977e-12, -0.0871557, 8.857e-12, -0.996195, 0
13.64, 2025-07-03__01-13-43.514927, -0.0737061, -0.207281, 0.055083, -1.71512, -0.0269482, 1.46143, 0.716601, 0.00280277, 0.470515, -0.000149469, 1.88465, -0.000929153, -1.44584, -0.0183549, -0.19821, 4.97105, -0.265399, -24.1451, 0.0404618, -0.209897, -0.502013, 0, 0, 0, 7, 0, 0, 0, 0.465329, -0.0178465, 0.414586, 0.48638, -0.0156758, 0.542604, 0.996195, -3.71201e-12, -0.0871557, -4.46982e-12, -1, -8.49977e-12, -0.0871557, 8.857e-12, -0.996195, 0
13.65, 2025-07-03__01-13-43.524929, -0.0736904, -0.202238, 0.0551133, -1.69652, -0.0268935, 1.44759, 0.716451, 0.000874226, 0.494353, 0.00409676, 1.84241, 0.00100891, -1.3509, -0.00904929, -0.184492, 3.75409, -0.25937, -22.8837, 0.0354147, -0.740209, -0.551176, 0, 0, 0, 7, 0, 0, 0, 0.465376, -0.0177666, 0.419609, 0.48638, -0.0156758, 0.542604, 0.996195, -3.71201e-12, -0.0871557, -4.46982e-12, -1, -8.49977e-12, -0.0871557, 8.857e-12, -0.996195, 0
13.66, 2025-07-03__01-13-43.534927, -0.0736825, -0.197771, 0.0551583, -1.6792, -0.0268663, 1.43453, 0.716286, -0.00410579, 0.413781, -0.000194747, 1.70013, 0.0125488, -1.25579, -0.0249214, -0.116877, 5.44953, -0.17282, -21.8439, -0.0198451, -1.17185, -0.447632, 0, 0, 0, 7, 0, 0, 0, 0.465313, -0.0176954, 0.424358, 0.48638, -0.0156758, 0.542604, 0.996195, -3.71201e-12, -0.0871557, -4.46982e-12, -1, -8.49977e-12, -0.0871557, 8.857e-12, -0.996195, 0
13.67, 2025-07-03__01-13-43.544927, -0.0736621, -0.194567, 0.0552035, -1.66459, -0.02672, 1.42299, 0.716108, 0.00137929, 0.311977, 0.00262193, 1.36795, 0.0135077, -1.11721, -0.0199708, -0.405131, 4.01126, -0.554698, -17.3231, 0.0130124, -1.52433, -0.463155, 0, 0, 0, 7, 0, 0, 0, 0.464988, -0.0175677, 0.428666, 0.48638, -0.0156758, 0.542604, 0.996195, -3.71201e-12, -0.0871557, -4.46982e-12, -1, -8.49977e-12, -0.0871557, 8.857e-12, -0.996195, 0
13.68, 2025-07-03__01-13-43.554927, -0.0736884, -0.191945, 0.055164, -1.65282, -0.02652, 1.413, 0.715958, -0.00529074, 0.233358, -0.00174935, 1.13091, 0.0261028, -0.96712, -0.00640998, -0.274622, 3.32374, -0.431368, -14.6472, -0.0171817, -2.08381, -0.536473, 0, 0, 0, 8, 0, 0, 0, 0.464456, -0.0174897, 0.432021, 0.48638, -0.0156758, 0.542604, 0.996195, -3.71201e-12, -0.0871557, -4.46982e-12, -1, -8.49977e-12, -0.0871557, 8.857e-12, -0.996195, 0
13.69, 2025-07-03__01-13-43.564929, -0.0737557, -0.190365, 0.0550707, -1.64333, -0.0263397, 1.40368, 0.715836, -0.00841807, 0.135525, -0.0150028, 0.891805, 0.0212615, -0.938501, -0.0122494, -0.00685627, 3.37618, -0.138479, -12.5325, 0.0690346, -1.77084, -0.493949, 0, 0, 0, 8, 0, 0, 0, 0.463547, -0.017457, 0.434893, 0.48638, -0.0156758, 0.542604, 0.996195, -3.71201e-12, -0.0871557, -4.46982e-12, -1, -8.49977e-12, -0.0871557, 8.857e-12, -0.996195, 0
13.7, 2025-07-03__01-13-43.574928, -0.0738174, -0.189651, 0.0549241, -1.63642, -0.026216, 1.39414, 0.715724, -0.00552225, 0.0593672, -0.0126473, 0.657335, 0.00866906, -0.955726, -0.0100053, -0.135796, 2.1438, -0.327957, -10.1781, 0.171612, -0.977332, -0.499827, 0, 0, 0, 8, 0, 0, 0, 0.461872, -0.0174618, 0.437015, 0.48638, -0.0156758, 0.542604, 0.996195, -3.71201e-12, -0.0871557, -4.46982e-12, -1, -8.49977e-12, -0.0871557, 8.857e-12, -0.996195, 0
13.71, 2025-07-03__01-13-43.584928, -0.0738548, -0.18964, 0.0547859, -1.63102, -0.0261386, 1.38499, 0.715641, -0.00412521, -0.00895247, -0.0159709, 0.507838, 0.0150789, -0.905903, -0.015351, -0.166036, 2.52904, -0.373729, -10.1443, 0.142429, -0.771785, -0.466017, 0, 0, 0, 8, 0, 0, 0, 0.459857, -0.0174693, 0.438766, 0.48638, -0.0156758, 0.542604, 0.996195, -3.71201e-12, -0.0871557, -4.46982e-12, -1, -8.49977e-12, -0.0871557, 8.857e-12, -0.996195, 0
13.72, 2025-07-03__01-13-43.594927, -0.0738467, -0.189899, 0.0546716, -1.62709, -0.0259915, 1.37646, 0.715608, 0.00185639, -0.0370625, -0.0100142, 0.349206, 0.0101516, -0.840898, -0.00167707, -0.391455, 0.52101, -0.674792, -9.2927, 0.1788, -0.569881, -0.545305, 0, 0, 0, 8, 0, 0, 0, 0.457728, -0.0174144, 0.440095, 0.48638, -0.0156758, 0.542604, 0.996195, -3.71201e-12, -0.0871557, -4.46982e-12, -1, -8.49977e-12, -0.0871557, 8.857e-12, -0.996195, 0
13.73, 2025-07-03__01-13-43.604931, -0.0738414, -0.190885, 0.0545649, -1.62492, -0.0259013, 1.36845, 0.715587, -6.90165e-05, -0.115334, -0.0091394, 0.18077, 0.00715564, -0.78238, -0.00295821, -0.450544, 0.701706, -0.767805, -8.97932, 0.211696, -0.302243, -0.537078, 0, 0, 0, 8, 0, 0, 0, 0.455299, -0.0173719, 0.440981, 0.48638, -0.0156758, 0.542604, 0.996195, -3.71201e-12, -0.0871557, -4.46982e-12, -1, -8.49977e-12, -0.0871557, 8.857e-12, -0.996195, 0
13.74, 2025-07-03__01-13-43.614929, -0.0738463, -0.192594, 0.0544474, -1.6242, -0.0258021, 1.36124, 0.715542, -0.00510184, -0.176074, -0.0151289, 0.0375576, 0.00771171, -0.697457, -0.00550428, -0.283255, 0.598537, -0.59433, -7.98436, 0.245001, -0.246555, -0.522335, 0, 0, 0, 8, 0, 0, 0, 0.452726, -0.0173392, 0.441641, 0.48638, -0.0156758, 0.542604, 0.996195, -3.71201e-12, -0.0871557, -4.46982e-12, -1, -8.49977e-12, -0.0871557, 8.857e-12, -0.996195, 0
13.75, 2025-07-03__01-13-43.624929, -0.0738623, -0.194584, 0.054283, -1.62486, -0.0256998, 1.3548, 0.71551, 0.00110888, -0.196189, -0.0232947, -0.0983988, 0.00633157, -0.639377, -0.0029758, -0.191509, -1.58455, -0.520932, -4.92721, 0.293008, 0.0386171, -0.538317, 0, 0, 0, 8, 0, 0, 0, 0.450104, -0.01732, 0.441896, 0.48638, -0.0156758, 0.542604, 0.996195, -3.71201e-12, -0.0871557, -4.46982e-12, -1, -8.49977e-12, -0.0871557, 8.857e-12, -0.996195, 0
13.76, 2025-07-03__01-13-43.634927, -0.0738801, -0.196921, 0.0540889, -1.62651, -0.0256383, 1.34894, 0.715478, -0.00259184, -0.243505, -0.0195131, -0.186212, 0.00605734, -0.567801, -0.00363139, -0.233462, -1.34595, -0.590591, -2.89964, 0.299308, 0.116897, -0.537978, 0, 0, 0, 8, 0, 0, 0, 0.447431, -0.0173356, 0.441884, 0.48638, -0.0156758, 0.542604, 0.996195, -3.71201e-12, -0.0871557, -4.46982e-12, -1, -8.49977e-12, -0.0871557, 8.857e-12, -0.996195, 0
13.77, 2025-07-03__01-13-43.644927, -0.0738757, -0.199656, 0.0539288, -1.62882, -0.025601, 1.34359, 0.715443, 0.00197321, -0.271514, -0.0149379, -0.239734, 0.00403054, -0.525801, -0.00731092, -0.428862, -1.27419, -0.835102, -1.0205, 0.296596, 0.332324, -0.518206, 0, 0, 0, 8, 0, 0, 0, 0.444728, -0.017347, 0.441805, 0.48638, -0.0156758, 0.542604, 0.996195, -3.71201e-12, -0.0871557, -4.46982e-12, -1, -8.49977e-12, -0.0871557, 8.857e-12, -0.996195, 0
13.78, 2025-07-03__01-13-43.654928, -0.0738712, -0.202235, 0.0537849, -1.63138, -0.0255898, 1.33869, 0.715401, 0.00123438, -0.265674, -0.0201489, -0.25363, 0.00196341, -0.47988, -0.00528959, -0.256641, -2.13319, -0.647397, 0.59942, 0.331634, 0.460688, -0.533687, 0, 0, 0, 8, 0, 0, 0, 0.44214, -0.0173472, 0.441587, 0.48638, -0.0156758, 0.542604, 0.996195, -3.71201e-12, -0.0871557, -4.46982e-12, -1, -8.49977e-12, -0.0871557, 8.857e-12, -0.996195, 0
13.79, 2025-07-03__01-13-43.664931, -0.0738863, -0.204901, 0.0536532, -1.63386, -0.0255877, 1.33426, 0.715386, -0.00285619, -0.272664, -0.0148057, -0.244386, 0.000448585, -0.444019, -0.00568998, -0.285582, -1.70973, -0.690665, 1.09729, 0.330878, 0.55548, -0.536503, 0, 0, 0, 8, 0, 0, 0, 0.439733, -0.0173573, 0.441448, 0.48638, -0.0156758, 0.542604, 0.996195, -3.71201e-12, -0.0871557, -4.46982e-12, -1, -8.49977e-12, -0.0871557, 8.857e-12, -0.996195, 0
13.8, 2025-07-03__01-13-43.674933, -0.07389, -0.207728, 0.0535355, -1.6362, -0.0255884, 1.33012, 0.715354, -0.000345908, -0.282984, -0.0145179, -0.226124, 7.37518e-06, -0.409172, -0.00507248, -0.349721, -0.775197, -0.761728, 1.04242, 0.315859, 0.597469, -0.544733, 0, 0, 0, 8, 0, 0, 0, 0.437436, -0.017368, 0.441473, 0.48638, -0.0156758, 0.542604, 0.996195, -3.71201e-12, -0.0871557, -4.46982e-12, -1, -8.49977e-12, -0.0871557, 8.857e-12, -0.996195, 0
13.81, 2025-07-03__01-13-43.684930, -0.0738823, -0.210361, 0.0534236, -1.63832, -0.0255838, 1.32645, 0.715311, 0.00121167, -0.253334, -0.015428, -0.211529, 0.00045048, -0.354705, -0.00471109, -0.301444, -1.88383, -0.718783, 1.76055, 0.32183, 0.501211, -0.550282, 0, 0, 0, 8, 0, 0, 0, 0.435359, -0.0173638, 0.441538, 0.48638, -0.0156758, 0.542604, 0.996195, -3.71201e-12, -0.0871557, -4.46982e-12, -1, -8.49977e-12, -0.0871557, 8.857e-12, -0.996195, 0
13.82, 2025-07-03__01-13-43.694931, -0.0738893, -0.212793, 0.0533113, -1.64018, -0.0255841, 1.32326, 0.715282, -0.000700764, -0.246671, -0.0107668, -0.184556, -0.00082565, -0.319586, -0.00109737, -0.34904, -1.52698, -0.779306, 1.58227, 0.316845, 0.453189, -0.576445, 0, 0, 0, 8, 0, 0, 0, 0.433542, -0.0173773, 0.441631, 0.48638, -0.0156758, 0.542604, 0.996195, -3.71201e-12, -0.0871557, -4.46982e-12, -1, -8.49977e-12, -0.0871557, 8.857e-12, -0.996195, 0
13.83, 2025-07-03__01-13-43.704932, -0.0738914, -0.215257, 0.0532149, -1.64179, -0.0255833, 1.32022, 0.715235, -0.000196168, -0.240838, -0.00942534, -0.152126, 0.000846009, -0.293443, -0.00652828, -0.386425, -0.905505, -0.819528, 1.15104, 0.292279, 0.427772, -0.546737, 0, 0, 0, 8, 0, 0, 0, 0.431835, -0.0173761, 0.441859, 0.48638, -0.0156758, 0.542604, 0.996195, -3.71201e-12, -0.0871557, -4.46982e-12, -1, -8.49977e-12, -0.0871557, 8.857e-12, -0.996195, 0
13.84, 2025-07-03__01-13-43.714932, -0.073886, -0.217582, 0.0531445, -1.64309, -0.0255867, 1.31748, 0.715193, -0.000242463, -0.222804, -0.00503519, -0.124353, 6.92543e-05, -0.256261, -0.00192085, -0.457255, -0.912895, -0.909168, 0.973449, 0.285548, 0.30847, -0.577319, 0, 0, 0, 8, 0, 0, 0, 0.430304, -0.0173709, 0.442173, 0.48638, -0.0156758, 0.542604, 0.996195, -3.71201e-12, -0.0871557, -4.46982e-12, -1, -8.49977e-12, -0.0871557, 8.857e-12, -0.996195, 0
13.85, 2025-07-03__01-13-43.724930, -0.0738801, -0.219788, 0.0530745, -1.64417, -0.0255791, 1.31501, 0.715167, -0.00180025, -0.217583, -0.00717848, -0.101727, -0.000111818, -0.240605, -0.000881529, -0.385271, -0.375968, -0.818732, 0.589558, 0.28729, 0.311017, -0.587004, 0, 0, 0, 8, 0, 0, 0, 0.428939, -0.0173585, 0.442533, 0.48638, -0.0156758, 0.542604, 0.996195, -3.71201e-12, -0.0871557, -4.46982e-12, -1, -8.49977e-12, -0.0871557, 8.857e-12, -0.996195, 0
13.86, 2025-07-03__01-13-43.734931, -0.0738829, -0.221898, 0.0530103, -1.64504, -0.0255844, 1.31274, 0.715124, 0.000613524, -0.20852, -0.00606362, -0.0768431, -0.00391735, -0.230656, -0.00709397, -0.443401, 0.0786636, -0.884307, 0.198631, 0.299007, 0.328105, -0.551481, 0, 0, 0, 8, 0, 0, 0, 0.4277, -0.0173598, 0.442962, 0.48638, -0.0156758, 0.542604, 0.996195, -3.71201e-12, -0.0871557, -4.46982e-12, -1, -8.49977e-12, -0.0871557, 8.857e-12, -0.996195, 0
13.87, 2025-07-03__01-13-43.744930, -0.0738893, -0.223854, 0.0529428, -1.64567, -0.0255844, 1.31063, 0.715047, 0.000684094, -0.189001, -0.000602775, -0.0592306, 2.95913e-06, -0.206096, -0.0101569, -0.545439, -0.104032, -1.01361, 0.127447, 0.262851, 0.246415, -0.533232, 0, 0, 0, 8, 0, 0, 0, 0.426586, -0.0173606, 0.443429, 0.48638, -0.0156758, 0.542604, 0.996195, -3.71201e-12, -0.0871557, -4.46982e-12, -1, -8.49977e-12, -0.0871557, 8.857e-12, -0.996195, 0
13.88, 2025-07-03__01-13-43.754931, -0.073878, -0.225613, 0.0528776, -1.64609, -0.0255824, 1.3087, 0.714997, 0.000925777, -0.169697, -0.00443709, -0.0366795, 0.000500461, -0.176507, -0.00190469, -0.450558, -0.171888, -0.896999, -0.0902799, 0.26793, 0.103815, -0.585145, 0, 0, 0, 8, 0, 0, 0, 0.4256, -0.0173508, 0.443906, 0.48638, -0.0156758, 0.542604, 0.996195, -3.71201e-12, -0.0871557, -4.46982e-12, -1, -8.49977e-12, -0.0871557, 8.857e-12, -0.996195, 0
13.89, 2025-07-03__01-13-43.764931, -0.0738829, -0.227353, 0.0528368, -1.64637, -0.025581, 1.30696, 0.714954, -0.000317394, -0.170365, -0.00716222, -0.0298956, -5.38897e-05, -0.172124, -0.00618426, -0.386386, 0.444833, -0.813854, -0.417807, 0.275477, 0.130621, -0.560768, 0, 0, 0, 8, 0, 0, 0, 0.424725, -0.0173438, 0.444444, 0.48638, -0.0156758, 0.542604, 0.996195, -3.71201e-12, -0.0871557, -4.46982e-12, -1, -8.49977e-12, -0.0871557, 8.857e-12, -0.996195, 0
13.9, 2025-07-03__01-13-43.774929, -0.0738865, -0.228994, 0.0527925, -1.6465, -0.0255824, 1.30526, 0.714921, -0.000112408, -0.154843, -0.000949155, -0.00612071, -0.000187144, -0.165824, -0.00101698, -0.510795, 0.670643, -0.965469, -0.767458, 0.25831, 0.115007, -0.593744, 0, 0, 0, 8, 0, 0, 0, 0.423906, -0.0173414, 0.445009, 0.48638, -0.0156758, 0.542604, 0.996195, -3.71201e-12, -0.0871557, -4.46982e-12, -1, -8.49977e-12, -0.0871557, 8.857e-12, -0.996195, 0
13.91, 2025-07-03__01-13-43.784930, -0.0738762, -0.230497, 0.0527308, -1.64649, -0.0255803, 1.30371, 0.714882, 0.00164197, -0.152347, -0.00440238, 0.0054416, 0.000425366, -0.160384, -0.00483126, -0.48153, 1.26058, -0.919973, -1.16441, 0.253682, 0.107581, -0.572331, 0, 0, 0, 8, 0, 0, 0, 0.423182, -0.0173397, 0.445565, 0.48638, -0.0156758, 0.542604, 0.996195, -3.71201e-12, -0.0871557, -4.46982e-12, -1, -8.49977e-12, -0.0871557, 8.857e-12, -0.996195, 0
13.92, 2025-07-03__01-13-43.794930, -0.073873, -0.232026, 0.0526788, -1.64649, -0.0255747, 1.30228, 0.714846, 0.000732488, -0.151528, -0.00875944, 0.00161529, 5.09166e-05, -0.133937, -1.95479e-05, -0.385524, 1.62295, -0.799607, -1.32091, 0.268046, -0.0252353, -0.603658, 0, 0, 0, 8, 0, 0, 0, 0.422494, -0.0173365, 0.446144, 0.48638, -0.0156758, 0.542604, 0.996195, -3.71201e-12, -0.0871557, -4.46982e-12, -1, -8.49977e-12, -0.0871557, 8.857e-12, -0.996195, 0
13.93, 2025-07-03__01-13-43.804932, -0.0738808, -0.233395, 0.0526341, -1.64648, -0.0255781, 1.30101, 0.714795, -0.000585751, -0.132582, -0.00310091, 0.00325217, 0.000125576, -0.123172, -0.00587985, -0.458433, 1.16993, -0.900037, -1.13747, 0.26471, -0.053973, -0.568381, 0, 0, 0, 8, 0, 0, 0, 0.421887, -0.0173379, 0.446674, 0.48638, -0.0156758, 0.542604, 0.996195, -3.71201e-12, -0.0871557, -4.46982e-12, -1, -8.49977e-12, -0.0871557, 8.857e-12, -0.996195, 0
13.94, 2025-07-03__01-13-43.814929, -0.0738837, -0.234704, 0.0525682, -1.64649, -0.0255749, 1.29981, 0.714744, 0.000380782, -0.125614, -0.00859348, -0.000872103, 0.000245249, -0.116543, 0.000208146, -0.355389, 1.14004, -0.772448, -1.08202, 0.278069, -0.0519657, -0.606145, 0, 0, 0, 8, 0, 0, 0, 0.421307, -0.0173419, 0.447161, 0.48638, -0.0156758, 0.542604, 0.996195, -3.71201e-12, -0.0871557, -4.46982e-12, -1, -8.49977e-12, -0.0871557, 8.857e-12, -0.996195, 0
13.95, 2025-07-03__01-13-43.824928, -0.0738748, -0.236006, 0.0525085, -1.64651, -0.0255743, 1.29869, 0.714697, -0.000854207, -0.137106, -0.00275672, -0.00282719, 3.86989e-05, -0.113604, -0.000398137, -0.485321, 2.09321, -0.927053, -1.48385, 0.26175, -0.0456011, -0.602872, 0, 0, 0, 8, 0, 0, 0, 0.420753, -0.017346, 0.447645, 0.48638, -0.0156758, 0.542604, 0.996195, -3.71201e-12, -0.0871557, -4.46982e-12, -1, -8.49977e-12, -0.0871557, 8.857e-12, -0.996195, 0
13.96, 2025-07-03__01-13-43.834930, -0.0738786, -0.237152, 0.0524424, -1.64651, -0.0255763, 1.29766, 0.714636, -0.00148501, -0.11331, -0.00625239, -0.000694944, -0.000249527, -0.107579, -0.00346264, -0.364655, 1.32483, -0.787429, -1.16362, 0.283393, -0.0458811, -0.584349, 0, 0, 0, 8, 0, 0, 0, 0.420246, -0.0173599, 0.448084, 0.48638, -0.0156758, 0.542604, 0.996195, -3.71201e-12, -0.0871557, -4.46982e-12, -1, -8.49977e-12, -0.0871557, 8.857e-12, -0.996195, 0
13.97, 2025-07-03__01-13-43.844930, -0.073884, -0.23813, 0.0523763, -1.64649, -0.0255757, 1.29669, 0.714598, -0.00158207, -0.0943513, -0.00219344, 0.000858483, -0.000228745, -0.098382, -0.00311929, -0.415946, 0.736384, -0.861034, -0.918737, 0.282061, -0.0694775, -0.587, 0, 0, 0, 8, 0, 0, 0, 0.419789, -0.0173746, 0.448467, 0.48638, -0.0156758, 0.542604, 0.996195, -3.71201e-12, -0.0871557, -4.46982e-12, -1, -8.49977e-12, -0.0871557, 8.857e-12, -0.996195, 0
13.98, 2025-07-03__01-13-43.854932, -0.0738836, -0.239166, 0.0523217, -1.64651, -0.0255763, 1.29584, 0.714582, -0.000743161, -0.109968, -0.00593483, -0.00142848, 0.000338372, -0.0800069, 0.000268258, -0.389815, 1.80361, -0.814998, -1.40199, 0.277417, -0.179167, -0.61012, 0, 0, 0, 8, 0, 0, 0, 0.419362, -0.0173824, 0.448845, 0.48638, -0.0156758, 0.542604, 0.996195, -3.71201e-12, -0.0871557, -4.46982e-12, -1, -8.49977e-12, -0.0871557, 8.857e-12, -0.996195, 0
13.99, 2025-07-03__01-13-43.864932, -0.0738723, -0.240169, 0.0522708, -1.64652, -0.0255746, 1.29506, 0.714555, 0.000391541, -0.0943828, -0.00415009, -0.000413615, -7.28513e-06, -0.0793125, -0.00474697, -0.426144, 1.39745, -0.865603, -1.2219, 0.279431, -0.157665, -0.580291, 0, 0, 0, 8, 0, 0, 0, 0.418964, -0.0173861, 0.449232, 0.48638, -0.0156758, 0.542604, 0.996195, -3.71201e-12, -0.0871557, -4.46982e-12, -1, -8.49977e-12, -0.0871557, 8.857e-12, -0.996195, 0
14, 2025-07-03__01-13-43.874934, -0.0738784, -0.24098, 0.0521975, -1.64647, -0.0255703, 1.2943, 0.714521, -0.0011044, -0.0801196, -0.00633115, 0.0023656, 0.000262174, -0.0757419, -0.0020668, -0.330297, 1.01983, -0.752405, -1.08841, 0.291031, -0.157208, -0.597604, 0, 0, 0, 8, 0, 0, 0, 0.418608, -0.0174044, 0.449559, 0.48638, -0.0156758, 0.542604, 0.996195, -3.71201e-12, -0.0871557, -4.46982e-12, -1, -8.49977e-12, -0.0871557, 8.857e-12, -0.996195, 0
14.01, 2025-07-03__01-13-43.884933, -0.0738829, -0.241739, 0.0521405, -1.64646, -0.0255716, 1.29355, 0.714499, -8.11472e-05, -0.0766126, -0.00619743, -0.00310834, -5.36627e-05, -0.0790643, -0.00460966, -0.34328, 0.955713, -0.770308, -0.986257, 0.293631, -0.0972597, -0.583051, 0, 0, 0, 8, 0, 0, 0, 0.418253, -0.0174225, 0.449849, 0.48638, -0.0156758, 0.542604, 0.996195, -3.71201e-12, -0.0871557, -4.46982e-12, -1, -8.49977e-12, -0.0871557, 8.857e-12, -0.996195, 0
14.02, 2025-07-03__01-13-43.894943, -0.0738772, -0.242513, 0.0521046, -1.64648, -0.0255722, 1.29286, 0.714465, 0.00234835, -0.0766972, 0.00153276, -0.007621, -9.23702e-07, -0.0685569, -0.0029629, -0.549586, 1.12254, -1.02744, -1.01306, 0.271162, -0.140444, -0.592477, 0, 0, 0, 8, 0, 0, 0, 0.41791, -0.0174252, 0.45013, 0.48638, -0.0156758, 0.542604, 0.996195, -3.71201e-12, -0.0871557, -4.46982e-12, -1, -8.49977e-12, -0.0871557, 8.857e-12, -0.996195, 0
14.03, 2025-07-03__01-13-43.904933, -0.0738677, -0.24315, 0.0520457, -1.64647, -0.0255715, 1.29222, 0.714445, 0.00494562, -0.0608493, -0.005438, 0.000633216, 0.000321777, -0.0590551, -0.00127684, -0.426543, 0.716187, -0.873003, -0.936288, 0.284475, -0.189512, -0.604028, 0, 0, 0, 8, 0, 0, 0, 0.417608, -0.0174317, 0.450376, 0.48638, -0.0156758, 0.542604, 0.996195, -3.71201e-12, -0.0871557, -4.46982e-12, -1, -8.49977e-12, -0.0871557, 8.857e-12, -0.996195, 0
14.04, 2025-07-03__01-13-43.914932, -0.0738639, -0.243734, 0.0519823, -1.64647, -0.0255698, 1.2916, 0.71442, 0.00086513, -0.0572751, -0.00581516, -0.000364271, -0.000399731, -0.0680665, 0.000659943, -0.337268, 0.670605, -0.767565, -0.887135, 0.299707, -0.100378, -0.616357, 0, 0, 0, 8, 0, 0, 0, 0.417316, -0.0174464, 0.450589, 0.48638, -0.0156758, 0.542604, 0.996195, -3.71201e-12, -0.0871557, -4.46982e-12, -1, -8.49977e-12, -0.0871557, 8.857e-12, -0.996195, 0
14.05, 2025-07-03__01-13-43.924930, -0.0738825, -0.244287, 0.051932, -1.64647, -0.0255667, 1.29095, 0.714365, -0.00152749, -0.0534028, -0.0016253, -0.00252313, 2.69334e-05, -0.0675323, -0.01104, -0.372534, 0.580525, -0.818059, -0.814363, 0.294622, -0.0713661, -0.5443, 0, 0, 0, 8, 0, 0, 0, 0.417019, -0.0174669, 0.450788, 0.48638, -0.0156758, 0.542604, 0.996195, -3.71201e-12, -0.0871557, -4.46982e-12, -1, -8.49977e-12, -0.0871557, 8.857e-12, -0.996195, 0
14.06, 2025-07-03__01-13-43.934929, -0.0738723, -0.244791, 0.0518874, -1.6465, -0.0255687, 1.29036, 0.714333, 0.00144373, -0.0511378, -0.00930901, -0.00898039, -0.000160268, -0.0603307, -0.00474952, -0.260184, 0.444061, -0.674659, -0.687521, 0.310936, -0.0820816, -0.582421, 0, 0, 0, 8, 0, 0, 0, 0.416742, -0.0174746, 0.45096, 0.48638, -0.0156758, 0.542604, 0.996195, -3.71201e-12, -0.0871557, -4.46982e-12, -1, -8.49977e-12, -0.0871557, 8.857e-12, -0.996195, 0
14.07, 2025-07-03__01-13-43.944930, -0.0738716, -0.245185, 0.0518503, -1.64651, -0.0255631, 1.28986, 0.714329, -0.000866288, -0.0368754, -0.00346834, -0.000544215, -0.00111849, -0.0498705, -0.0056211, -0.313523, 0.0336209, -0.75097, -0.603114, 0.3119, -0.139459, -0.577998, 0, 0, 0, 8, 0, 0, 0, 0.416512, -0.0174814, 0.451099, 0.48638, -0.0156758, 0.542604, 0.996195, -3.71201e-12, -0.0871557, -4.46982e-12, -1, -8.49977e-12, -0.0871557, 8.857e-12, -0.996195, 0
14.08, 2025-07-03__01-13-43.954927, -0.0738772, -0.24554, 0.0518051, -1.6465, -0.0255639, 1.28943, 0.714319, -0.000150365, -0.0388515, -0.0045618, 0.000172798, -3.11272e-06, -0.040114, 0.00203323, -0.306507, 0.248779, -0.738706, -0.721779, 0.304217, -0.192152, -0.625596, 0, 0, 0, 8, 0, 0, 0, 0.416319, -0.0174932, 0.451231, 0.48638, -0.0156758, 0.542604, 0.996195, -3.71201e-12, -0.0871557, -4.46982e-12, -1, -8.49977e-12, -0.0871557, 8.857e-12, -0.996195, 0
14.09, 2025-07-03__01-13-43.964929, -0.0738801, -0.245903, 0.0517616, -1.6465, -0.0255648, 1.28906, 0.714285, -0.00381043, -0.0305922, -0.00384884, 0.000517788, -0.000392729, -0.0343951, 0.000444959, -0.240743, -0.0482974, -0.664926, -0.597966, 0.316717, -0.213752, -0.615746, 0, 0, 0, 8, 0, 0, 0, 0.416135, -0.0175065, 0.451367, 0.48638, -0.0156758, 0.542604, 0.996195, -3.71201e-12, -0.0871557, -4.46982e-12, -1, -8.49977e-12, -0.0871557, 8.857e-12, -0.996195, 0
14.1, 2025-07-03__01-13-43.974927, -0.0738794, -0.246189, 0.0517115, -1.64649, -0.0255635, 1.28868, 0.714228, 0.00298999, -0.0251346, -0.00796387, 0.00188411, -8.55767e-05, -0.0404217, -0.00832899, -0.261081, -0.215145, -0.682982, -0.524895, 0.312951, -0.155125, -0.56054, 0, 0, 0, 8, 0, 0, 0, 0.415971, -0.0175219, 0.451473, 0.48638, -0.0156758, 0.542604, 0.996195, -3.71201e-12, -0.0871557, -4.46982e-12, -1, -8.49977e-12, -0.0871557, 8.857e-12, -0.996195, 0
14.11, 2025-07-03__01-13-43.984930, -0.0738772, -0.246458, 0.0516845, -1.64649, -0.0255636, 1.28832, 0.714161, 0.0010602, -0.0266041, 0.000618003, -0.000213052, -0.000235459, -0.0397376, -0.00939787, -0.404323, -0.115485, -0.867017, -0.537905, 0.29798, -0.14138, -0.550871, 0, 0, 0, 8, 0, 0, 0, 0.41581, -0.017531, 0.45156, 0.48638, -0.0156758, 0.542604, 0.996195, -3.71201e-12, -0.0871557, -4.46982e-12, -1, -8.49977e-12, -0.0871557, 8.857e-12, -0.996195, 0
14.12, 2025-07-03__01-13-43.994930, -0.0738748, -0.246699, 0.0516381, -1.64651, -0.0255609, 1.28794, 0.714137, 0.000856066, -0.0211851, -0.0111389, -0.0061973, -0.000236273, -0.0353078, -0.000580626, -0.143899, -0.496902, -0.542395, -0.308354, 0.330673, -0.137397, -0.604755, 0, 0, 0, 8, 0, 0, 0, 0.415645, -0.0175408, 0.451647, 0.48638, -0.0156758, 0.542604, 0.996195, -3.71201e-12, -0.0871557, -4.46982e-12, -1, -8.49977e-12, -0.0871557, 8.857e-12, -0.996195, 0
14.13, 2025-07-03__01-13-44.004933, -0.0738768, -0.246906, 0.0516081, -1.64651, -0.0255609, 1.28757, 0.714121, -0.000398412, -0.0220986, -0.00260467, 0.000551635, -0.000101497, -0.0415569, -0.00737364, -0.297302, -0.260903, -0.735731, -0.47101, 0.309282, -0.0888536, -0.563113, 0, 0, 0, 8, 0, 0, 0, 0.415486, -0.0175542, 0.45171, 0.48638, -0.0156758, 0.542604, 0.996195, -3.71201e-12, -0.0871557, -4.46982e-12, -1, -8.49977e-12, -0.0871557, 8.857e-12, -0.996195, 0
14.14, 2025-07-03__01-13-44.014931, -0.0738772, -0.247117, 0.0515958, -1.6465, -0.0255611, 1.28722, 0.714098, 0.000235011, -0.0196098, 8.42763e-05, 0.000551851, -0.000439875, -0.0415307, -0.0025438, -0.357431, -0.338171, -0.812861, -0.430332, 0.304777, -0.0711135, -0.591388, 0, 0, 0, 8, 0, 0, 0, 0.415332, -0.0175544, 0.451787, 0.48638, -0.0156758, 0.542604, 0.996195, -3.71201e-12, -0.0871557, -4.46982e-12, -1, -8.49977e-12, -0.0871557, 8.857e-12, -0.996195, 0
14.15, 2025-07-03__01-13-44.024927, -0.0738744, -0.247284, 0.0515727, -1.6465, -0.0255598, 1.28689, 0.714076, 0.000875861, -0.015956, -0.00217214, -0.000352121, -0.000276621, -0.0325736, -0.0010433, -0.313985, -0.51708, -0.759372, -0.350669, 0.3099, -0.111387, -0.600082, 0, 0, 0, 8, 0, 0, 0, 0.415195, -0.0175579, 0.451838, 0.48638, -0.0156758, 0.542604, 0.996195, -3.71201e-12, -0.0871557, -4.46982e-12, -1, -8.49977e-12, -0.0871557, 8.857e-12, -0.996195, 0
14.16, 2025-07-03__01-13-44.034928, -0.0738743, -0.247434, 0.0515474, -1.64651, -0.0255578, 1.28662, 0.714054, 0.000608654, -0.0121282, -0.00114124, -0.000670053, 0.000261767, -0.0221213, -0.00262338, -0.322334, -0.687685, -0.772833, -0.281512, 0.306786, -0.166144, -0.590079, 0, 0, 0, 8, 0, 0, 0, 0.415081, -0.017564, 0.451887, 0.48638, -0.0156758, 0.542604, 0.996195, -3.71201e-12, -0.0871557, -4.46982e-12, -1, -8.49977e-12, -0.0871557, 8.857e-12, -0.996195, 0
14.17, 2025-07-03__01-13-44.044929, -0.0738742, -0.247643, 0.0515236, -1.64652, -0.0255597, 1.28634, 0.714004, 0.000742313, -0.0217884, -0.00356759, 0.00053692, -0.000161287, -0.0187603, -0.00254708, -0.291083, -0.139888, -0.725536, -0.547125, 0.310005, -0.184264, -0.588977, 0, 0, 0, 8, 0, 0, 0, 0.414956, -0.0175708, 0.451953, 0.48638, -0.0156758, 0.542604, 0.996195, -3.71201e-12, -0.0871557, -4.46982e-12, -1, -8.49977e-12, -0.0871557, 8.857e-12, -0.996195, 0
14.18, 2025-07-03__01-13-44.054927, -0.0738766, -0.247778, 0.0514923, -1.64651, -0.025561, 1.28605, 0.713954, -0.00027971, -0.0100529, -0.00152693, 0.00136332, -0.000443741, -0.0308951, -0.00885468, -0.289255, -0.693839, -0.732089, -0.282075, 0.314919, -0.0797688, -0.54841, 0, 0, 0, 8, 0, 0, 0, 0.414836, -0.0175821, 0.452006, 0.48638, -0.0156758, 0.542604, 0.996195, -3.71201e-12, -0.0871557, -4.46982e-12, -1, -8.49977e-12, -0.0871557, 8.857e-12, -0.996195, 0
14.19, 2025-07-03__01-13-44.064929, -0.0738772, -0.247889, 0.0514767, -1.6465, -0.0255538, 1.28578, 0.713914, 0.000922815, -0.0104779, -0.00450411, 0.00170622, 0.000220909, -0.0198673, -0.00591601, -0.249655, -0.654041, -0.679153, -0.320781, 0.314739, -0.141888, -0.564731, 0, 0, 0, 8, 0, 0, 0, 0.414726, -0.0175841, 0.45204, 0.48638, -0.0156758, 0.542604, 0.996195, -3.71201e-12, -0.0871557, -4.46982e-12, -1, -8.49977e-12, -0.0871557, 8.857e-12, -0.996195, 0
14.2, 2025-07-03__01-13-44.074930, -0.0738741, -0.248044, 0.0514705, -1.64652, -0.0255547, 1.28553, 0.713903, -0.000709058, -0.0120168, -0.000706531, 0.000262385, -9.92622e-05, -0.0259804, -0.00048934, -0.300478, -0.589976, -0.746051, -0.31719, 0.310507, -0.0850237, -0.596973, 0, 0, 0, 8, 0, 0, 0, 0.414615, -0.0175781, 0.452085, 0.48638, -0.0156758, 0.542604, 0.996195, -3.71201e-12, -0.0871557, -4.46982e-12, -1, -8.49977e-12, -0.0871557, 8.857e-12, -0.996195, 0
14.21, 2025-07-03__01-13-44.084931, -0.0738797, -0.248161, 0.0514541, -1.64652, -0.0255536, 1.28527, 0.713878, -0.000921801, -0.00769512, -0.00309497, 0.000415867, 0.000125517, -0.0159373, -0.00444661, -0.239019, -0.791018, -0.670851, -0.242323, 0.317532, -0.13736, -0.572499, 0, 0, 0, 8, 0, 0, 0, 0.414509, -0.0175851, 0.452119, 0.48638, -0.0156758, 0.542604, 0.996195, -3.71201e-12, -0.0871557, -4.46982e-12, -1, -8.49977e-12, -0.0871557, 8.857e-12, -0.996195, 0
14.22, 2025-07-03__01-13-44.094932, -0.0738839, -0.248316, 0.0514386, -1.64651, -0.0255562, 1.285, 0.713854, -0.00126803, -0.0178722, -0.00254155, 0.0007226, -0.000514798, -0.0211889, -0.000568871, -0.259603, -0.256414, -0.690876, -0.47756, 0.315726, -0.0948684, -0.595279, 0, 0, 0, 8, 0, 0, 0, 0.414397, -0.017591, 0.452173, 0.48638, -0.0156758, 0.542604, 0.996195, -3.71201e-12, -0.0871557, -4.46982e-12, -1, -8.49977e-12, -0.0871557, 8.857e-12, -0.996195, 0
14.23, 2025-07-03__01-13-44.104932, -0.0738794, -0.248456, 0.0514238, -1.64652, -0.0255561, 1.28472, 0.713824, -0.000465575, -0.00934655, -0.00292881, -0.00160164, 0.00190896, -0.0334305, -0.00268116, -0.252623, -0.724125, -0.6869, -0.215868, 0.303808, 0.014407, -0.580815, 0, 0, 0, 8, 0, 0, 0, 0.41428, -0.0175913, 0.452222, 0.48638, -0.0156758, 0.542604, 0.996195, -3.71201e-12, -0.0871557, -4.46982e-12, -1, -8.49977e-12, -0.0871557, 8.857e-12, -0.996195, 0
14.24, 2025-07-03__01-13-44.114931, -0.0738715, -0.248571, 0.0514148, -1.64652, -0.0255549, 1.28447, 0.7138, 0.0017172, -0.0130767, 0.000451072, 0.00171402, 0.00024164, -0.0290929, -0.00203187, -0.36332, -0.445099, -0.821072, -0.379414, 0.299283, -0.0106194, -0.583429, 0, 0, 0, 8, 0, 0, 0, 0.414178, -0.0175941, 0.452256, 0.48638, -0.0156758, 0.542604, 0.996195, -3.71201e-12, -0.0871557, -4.46982e-12, -1, -8.49977e-12, -0.0871557, 8.857e-12, -0.996195, 0
14.25, 2025-07-03__01-13-44.124928, -0.0738719, -0.248704, 0.0514016, -1.64652, -0.0255516, 1.28428, 0.713791, 0.000510154, -0.011693, -0.00174927, 0.00152805, 0.000358373, -0.0113355, 0.00110492, -0.29547, -0.484469, -0.737089, -0.38787, 0.307044, -0.122927, -0.602901, 0, 0, 0, 8, 0, 0, 0, 0.414092, -0.017594, 0.452297, 0.48638, -0.0156758, 0.542604, 0.996195, -3.71201e-12, -0.0871557, -4.46982e-12, -1, -8.49977e-12, -0.0871557, 8.857e-12, -0.996195, 0
14.26, 2025-07-03__01-13-44.134927, -0.0738768, -0.248836, 0.0513897, -1.64652, -0.0255535, 1.28411, 0.713764, -0.000636906, -0.0158843, -0.000186703, 0.00100281, -0.000244192, -0.0195704, -0.000648731, -0.312702, -0.26241, -0.758161, -0.467265, 0.307692, -0.0603504, -0.591153, 0, 0, 0, 8, 0, 0, 0, 0.414017, -0.0175984, 0.452342, 0.48638, -0.0156758, 0.542604, 0.996195, -3.71201e-12, -0.0871557, -4.46982e-12, -1, -8.49977e-12, -0.0871557, 8.857e-12, -0.996195, 0
14.27, 2025-07-03__01-13-44.144930, -0.073877, -0.248976, 0.0513812, -1.64652, -0.0255509, 1.28396, 0.713732, 0.000910058, -0.0088349, 0.000600739, -0.0015445, -0.000237747, -0.020047, -0.00613731, -0.342444, -0.625284, -0.799028, -0.270314, 0.307144, -0.0425195, -0.556217, 0, 0, 0, 8, 0, 0, 0, 0.413947, -0.0175989, 0.452401, 0.48638, -0.0156758, 0.542604, 0.996195, -3.71201e-12, -0.0871557, -4.46982e-12, -1, -8.49977e-12, -0.0871557, 8.857e-12, -0.996195, 0
14.28, 2025-07-03__01-13-44.154927, -0.0738773, -0.249086, 0.0513713, -1.64651, -0.0255507, 1.28386, 0.713718, -0.000606675, -0.0119091, -0.000584697, 0.00277867, 5.80546e-05, -0.00871475, -0.000747708, -0.300279, -0.336274, -0.743011, -0.469904, 0.308066, -0.127711, -0.589022, 0, 0, 0, 8, 0, 0, 0, 0.413893, -0.017602, 0.452436, 0.48638, -0.0156758, 0.542604, 0.996195, -3.71201e-12, -0.0871557, -4.46982e-12, -1, -8.49977e-12, -0.0871557, 8.857e-12, -0.996195, 0
14.29, 2025-07-03__01-13-44.164930, -0.0738715, -0.249217, 0.0513695, -1.64652, -0.0255488, 1.28375, 0.713704, 0.000736714, -0.0135512, -6.68019e-05, -0.00177616, 0.000406697, -0.011473, -0.000908372, -0.337965, -0.316656, -0.789398, -0.420393, 0.302362, -0.0977087, -0.587186, 0, 0, 0, 8, 0, 0, 0, 0.413839, -0.0175996, 0.452482, 0.48638, -0.0156758, 0.542604, 0.996195, -3.71201e-12, -0.0871557, -4.46982e-12, -1, -8.49977e-12, -0.0871557, 8.857e-12, -0.996195, 0
14.3, 2025-07-03__01-13-44.174928, -0.0738797, -0.249342, 0.0513496, -1.64652, -0.0255509, 1.28365, 0.713669, -0.00100354, -0.015096, -0.00184361, 0.000146162, -0.00033205, -0.00843467, -0.00614575, -0.272646, -0.161123, -0.70647, -0.518939, 0.314011, -0.120093, -0.554634, 0, 0, 0, 8, 0, 0, 0, 0.413788, -0.0176055, 0.452532, 0.48638, -0.0156758, 0.542604, 0.996195, -3.71201e-12, -0.0871557, -4.46982e-12, -1, -8.49977e-12, -0.0871557, 8.857e-12, -0.996195, 0
14.31, 2025-07-03__01-13-44.184930, -0.0738769, -0.249442, 0.051345, -1.64651, -0.0255501, 1.28357, 0.713653, 0.00040481, -0.0137167, -0.00167523, 2.09784e-05, 4.88625e-05, -0.00983271, -0.000643265, -0.299173, -0.193067, -0.738636, -0.500397, 0.308698, -0.108028, -0.587175, 0, 0, 0, 8, 0, 0, 0, 0.413746, -0.017607, 0.452573, 0.48638, -0.0156758, 0.542604, 0.996195, -3.71201e-12, -0.0871557, -4.46982e-12, -1, -8.49977e-12, -0.0871557, 8.857e-12, -0.996195, 0
14.32, 2025-07-03__01-13-44.194930, -0.073875, -0.249534, 0.0513328, -1.64651, -0.0255495, 1.28348, 0.713642, -4.70402e-05, -0.0125326, -0.000450436, -0.000281074, 0.000201478, -0.0136583, -0.000128013, -0.313795, -0.232139, -0.75856, -0.47179, 0.306299, -0.0773371, -0.589889, 0, 0, 0, 8, 0, 0, 0, 0.413706, -0.0176099, 0.452608, 0.48638, -0.0156758, 0.542604, 0.996195, -3.71201e-12, -0.0871557, -4.46982e-12, -1, -8.49977e-12, -0.0871557, 8.857e-12, -0.996195, 0
14.33, 2025-07-03__01-13-44.204932, -0.0738762, -0.249638, 0.0513321, -1.64651, -0.0255495, 1.28341, 0.713614, -0.000284102, -0.0120668, -0.000404796, 0.000514634, 0.000207296, -0.01157, -0.00141639, -0.311722, -0.199645, -0.755654, -0.498447, 0.306675, -0.0915871, -0.580839, 0, 0, 0, 8, 0, 0, 0, 0.413667, -0.0176088, 0.452643, 0.48638, -0.0156758, 0.542604, 0.996195, -3.71201e-12, -0.0871557, -4.46982e-12, -1, -8.49977e-12, -0.0871557, 8.857e-12, -0.996195, 0
14.34, 2025-07-03__01-13-44.214930, -0.0738722, -0.249725, 0.051329, -1.64651, -0.0255501, 1.28336, 0.713582, 0.001263, -0.00468822, 0.000590245, 0.00133953, -0.000237304, -0.00591442, -0.00393692, -0.346432, -0.50576, -0.801578, -0.375841, 0.307867, -0.127352, -0.563912, 0, 0, 0, 8, 0, 0, 0, 0.413634, -0.0176111, 0.45268, 0.48638, -0.0156758, 0.542604, 0.996195, -3.71201e-12, -0.0871557, -4.46982e-12, -1, -8.49977e-12, -0.0871557, 8.857e-12, -0.996195, 0
14.35, 2025-07-03__01-13-44.224945, -0.0738771, -0.249812, 0.0513225, -1.64652, -0.0255495, 1.2833, 0.713562, 0.00041709, -0.00970626, -0.00250071, 0.00116926, 0.000180702, -0.0078199, -0.00254198, -0.27858, -0.242463, -0.712608, -0.492221, 0.311599, -0.114907, -0.571888, 0, 0, 0, 8, 0, 0, 0, 0.413609, -0.0176127, 0.452715, 0.48638, -0.0156758, 0.542604, 0.996195, -3.71201e-12, -0.0871557, -4.46982e-12, -1, -8.49977e-12, -0.0871557, 8.857e-12, -0.996195, 0
14.36, 2025-07-03__01-13-44.234931, -0.0738712, -0.249891, 0.0513186, -1.64651, -0.0255508, 1.28324, 0.713555, 0.0008604, -0.00371037, 0.000574191, -0.000377047, -0.000175329, -0.00530331, 4.86167e-05, -0.338027, -0.535619, -0.792141, -0.343497, 0.309363, -0.125232, -0.587077, 0, 0, 0, 8, 0, 0, 0, 0.413574, -0.0176129, 0.452746, 0.48638, -0.0156758, 0.542604, 0.996195, -3.71201e-12, -0.0871557, -4.46982e-12, -1, -8.49977e-12, -0.0871557, 8.857e-12, -0.996195, 0
14.37, 2025-07-03__01-13-44.244932, -0.0738796, -0.249967, 0.0513077, -1.64652, -0.0255497, 1.28321, 0.713543, -0.00054159, -0.00521425, -0.000900087, -0.00116055, -0.000224793, -0.00755656, 1.5181e-06, -0.285095, -0.458315, -0.72585, -0.367375, 0.315538, -0.108969, -0.586717, 0, 0, 0, 8, 0, 0, 0, 0.413555, -0.0176142, 0.452773, 0.48638, -0.0156758, 0.542604, 0.996195, -3.71201e-12, -0.0871557, -4.46982e-12, -1, -8.49977e-12, -0.0871557, 8.857e-12, -0.996195, 0
14.38, 2025-07-03__01-13-44.254930, -0.0738723, -0.250043, 0.0513096, -1.64651, -0.0255481, 1.28318, 0.71352, 0.000981528, -0.00675925, -0.00121633, 0.00195281, -0.000284219, -0.00713617, -0.00161712, -0.31092, -0.274588, -0.753402, -0.486758, 0.311612, -0.119654, -0.575654, 0, 0, 0, 8, 0, 0, 0, 0.413533, -0.0176133, 0.452801, 0.48638, -0.0156758, 0.542604, 0.996195, -3.71201e-12, -0.0871557, -4.46982e-12, -1, -8.49977e-12, -0.0871557, 8.857e-12, -0.996195, 0
14.39, 2025-07-03__01-13-44.264932, -0.0738791, -0.250093, 0.0513065, -1.64651, -0.0255459, 1.28314, 0.713522, -0.00165822, -0.00526683, -0.00183305, 0.000695223, -8.97817e-05, -0.00374211, 0.00144427, -0.250054, -0.36422, -0.681104, -0.438949, 0.318219, -0.13862, -0.594738, 0, 0, 0, 8, 0, 0, 0, 0.413518, -0.017614, 0.452825, 0.48638, -0.0156758, 0.542604, 0.996195, -3.71201e-12, -0.0871557, -4.46982e-12, -1, -8.49977e-12, -0.0871557, 8.857e-12, -0.996195, 0
14.4, 2025-07-03__01-13-44.274931, -0.0738772, -0.250162, 0.0512952, -1.64651, -0.0255464, 1.28311, 0.713497, -0.000740936, -0.00922159, -0.00449861, 0.00110472, -1.11593e-06, -0.00266886, -0.00390042, -0.21928, -0.134101, -0.637015, -0.551314, 0.320269, -0.14917, -0.56155, 0, 0, 0, 8, 0, 0, 0, 0.413496, -0.0176156, 0.45285, 0.48638, -0.0156758, 0.542604, 0.996195, -3.71201e-12, -0.0871557, -4.46982e-12, -1, -8.49977e-12, -0.0871557, 8.857e-12, -0.996195, 0
14.41, 2025-07-03__01-13-44.284931, -0.073874, -0.250217, 0.0513004, -1.64652, -0.0255455, 1.28306, 0.713478, -0.000389041, -0.00218107, 4.33621e-05, -0.00135336, -0.000187061, -0.0107382, -0.00195724, -0.304903, -0.520574, -0.751445, -0.330442, 0.3142, -0.0830947, -0.571589, 0, 0, 0, 8, 0, 0, 0, 0.413469, -0.0176092, 0.452869, 0.48638, -0.0156758, 0.542604, 0.996195, -3.71201e-12, -0.0871557, -4.46982e-12, -1, -8.49977e-12, -0.0871557, 8.857e-12, -0.996195, 0
14.42, 2025-07-03__01-13-44.294932, -0.0738747, -0.250248, 0.051296, -1.64651, -0.0255453, 1.28302, 0.713475, -0.000339368, -0.000934628, -0.000629445, 0.000754988, 2.4504e-05, -0.00208351, 0.000702761, -0.290957, -0.519851, -0.733262, -0.369164, 0.314281, -0.144688, -0.587942, 0, 0, 0, 8, 0, 0, 0, 0.413454, -0.0176157, 0.452881, 0.48638, -0.0156758, 0.542604, 0.996195, -3.71201e-12, -0.0871557, -4.46982e-12, -1, -8.49977e-12, -0.0871557, 8.857e-12, -0.996195, 0
14.43, 2025-07-03__01-13-44.304935, -0.0738796, -0.250302, 0.051296, -1.64652, -0.0255447, 1.283, 0.713452, -0.000989583, -0.00539211, 0.00054705, -6.48735e-05, 0.000213907, -0.00411863, -0.00159562, -0.312368, -0.299403, -0.758623, -0.455334, 0.309754, -0.131719, -0.572913, 0, 0, 0, 8, 0, 0, 0, 0.413437, -0.0176147, 0.4529, 0.48638, -0.0156758, 0.542604, 0.996195, -3.71201e-12, -0.0871557, -4.46982e-12, -1, -8.49977e-12, -0.0871557, 8.857e-12, -0.996195, 0
14.44, 2025-07-03__01-13-44.314929, -0.0738766, -0.250347, 0.0512873, -1.64651, -0.0255453, 1.28296, 0.713445, -0.000275241, -0.0012417, -0.000507017, 0.00276632, -3.58283e-06, -0.00566356, 8.54651e-05, -0.295691, -0.425034, -0.737589, -0.42882, 0.313208, -0.123128, -0.582915, 0, 0, 0, 8, 0, 0, 0, 0.413417, -0.0176174, 0.452921, 0.48638, -0.0156758, 0.542604, 0.996195, -3.71201e-12, -0.0871557, -4.46982e-12, -1, -8.49977e-12, -0.0871557, 8.857e-12, -0.996195, 0
14.45, 2025-07-03__01-13-44.324927, -0.0738741, -0.250374, 0.0512813, -1.64651, -0.0255461, 1.28292, 0.71343, 0.000711782, -0.00271773, -3.86614e-05, 0.00143999, -0.000287285, -0.00391533, -0.00183609, -0.323703, -0.372742, -0.771386, -0.438994, 0.31194, -0.131777, -0.570531, 0, 0, 0, 8, 0, 0, 0, 0.413402, -0.0176205, 0.45293, 0.48638, -0.0156758, 0.542604, 0.996195, -3.71201e-12, -0.0871557, -4.46982e-12, -1, -8.49977e-12, -0.0871557, 8.857e-12, -0.996195, 0
14.46, 2025-07-03__01-13-44.334929, -0.073872, -0.250414, 0.0512756, -1.64651, -0.0255437, 1.28289, 0.713427, 0.000687007, -0.00360409, -0.000824472, 0.00013263, 0.000126903, -1.74188e-05, 0.00138536, -0.309301, -0.343568, -0.75271, -0.444223, 0.311068, -0.156028, -0.590125, 0, 0, 0, 8, 0, 0, 0, 0.413388, -0.0176177, 0.452941, 0.48638, -0.0156758, 0.542604, 0.996195, -3.71201e-12, -0.0871557, -4.46982e-12, -1, -8.49977e-12, -0.0871557, 8.857e-12, -0.996195, 0
14.47, 2025-07-03__01-13-44.344931, -0.0738737, -0.250434, 0.0512745, -1.64651, -0.0255412, 1.28285, 0.713417, 0.000925167, -0.00180798, -0.00127844, 0.000828352, 0.000301667, -0.00080211, 0.000154982, -0.301175, -0.415391, -0.742784, -0.418015, 0.311074, -0.148659, -0.582144, 0, 0, 0, 8, 0, 0, 0, 0.413373, -0.0176216, 0.452954, 0.48638, -0.0156758, 0.542604, 0.996195, -3.71201e-12, -0.0871557, -4.46982e-12, -1, -8.49977e-12, -0.0871557, 8.857e-12, -0.996195, 0
14.48, 2025-07-03__01-13-44.354927, -0.0738741, -0.250468, 0.0512738, -1.64651, -0.0255448, 1.28281, 0.713401, 0.000294596, -0.00195282, 0.000897369, -0.000875677, -0.000106391, -0.00228623, -0.00024266, -0.333916, -0.43648, -0.786175, -0.385025, 0.31066, -0.133855, -0.578833, 0, 0, 0, 8, 0, 0, 0, 0.413352, -0.0176197, 0.452963, 0.48638, -0.0156758, 0.542604, 0.996195, -3.71201e-12, -0.0871557, -4.46982e-12, -1, -8.49977e-12, -0.0871557, 8.857e-12, -0.996195, 0
14.49, 2025-07-03__01-13-44.364928, -0.0738742, -0.250496, 0.0512735, -1.64651, -0.0255416, 1.28278, 0.713392, 0.000451382, 0.000467819, 0.00173282, -0.000219036, -0.000203668, -0.000675898, 0.00069155, -0.34941, -0.530961, -0.806917, -0.351058, 0.309894, -0.14368, -0.583967, 0, 0, 0, 8, 0, 0, 0, 0.413338, -0.017623, 0.452975, 0.48638, -0.0156758, 0.542604, 0.996195, -3.71201e-12, -0.0871557, -4.46982e-12, -1, -8.49977e-12, -0.0871557, 8.857e-12, -0.996195, 0
14.5, 2025-07-03__01-13-44.374927, -0.0738715, -0.250531, 0.051259, -1.64653, -0.0255411, 1.28274, 0.713375, 0.00150465, -0.00185428, -0.00442248, -0.00115586, 0.000188755, -0.00617387, -0.00699504, -0.245643, -0.446657, -0.671417, -0.372453, 0.319037, -0.102193, -0.536981, 0, 0, 0, 8, 0, 0, 0, 0.413316, -0.017625, 0.452985, 0.48638, -0.0156758, 0.542604, 0.996195, -3.71201e-12, -0.0871557, -4.46982e-12, -1, -8.49977e-12, -0.0871557, 8.857e-12, -0.996195, 0
14.51, 2025-07-03__01-13-44.384927, -0.0738772, -0.250545, 0.0512596, -1.64652, -0.0255413, 1.28271, 0.71337, -0.000651508, -0.000999379, -0.00048403, -0.0010485, 4.69771e-05, -0.000192014, 3.45888e-05, -0.286649, -0.475879, -0.727648, -0.36832, 0.315488, -0.142318, -0.579391, 0, 0, 0, 8, 0, 0, 0, 0.413307, -0.0176221, 0.452992, 0.48638, -0.0156758, 0.542604, 0.996195, -3.71201e-12, -0.0871557, -4.46982e-12, -1, -8.49977e-12, -0.0871557, 8.857e-12, -0.996195, 0
14.52, 2025-07-03__01-13-44.394930, -0.0738734, -0.250564, 0.0512558, -1.64652, -0.0255401, 1.28269, 0.713362, 0.00138198, 0.000244358, 0.000539891, 0.000592435, -0.00270302, -0.00164655, 0.00268507, -0.334623, -0.491716, -0.786542, -0.374924, 0.326985, -0.134154, -0.594792, 0, 0, 0, 8, 0, 0, 0, 0.413294, -0.0176242, 0.452997, 0.48638, -0.0156758, 0.542604, 0.996195, -3.71201e-12, -0.0871557, -4.46982e-12, -1, -8.49977e-12, -0.0871557, 8.857e-12, -0.996195, 0
14.53, 2025-07-03__01-13-44.404901, -0.073874, -0.250593, 0.0512522, -1.64652, -0.025541, 1.28266, 0.713346, 9.73623e-06, -0.00358765, 0.00142822, 0.000417173, 1.56569e-05, -0.00561966, -0.00103423, -0.341519, -0.300345, -0.794087, -0.453578, 0.308019, -0.107422, -0.571568, 0, 0, 0, 8, 0, 0, 0, 0.413284, -0.0176266, 0.453007, 0.48638, -0.0156758, 0.542604, 0.996195, -3.71201e-12, -0.0871557, -4.46982e-12, -1, -8.49977e-12, -0.0871557, 8.857e-12, -0.996195, 0
14.54, 2025-07-03__01-13-44.414933, -0.0738765, -0.250613, 0.0512398, -1.64652, -0.0255413, 1.28265, 0.713336, -0.0016034, 0.000332337, -0.000518223, -0.000419858, -0.000351434, -0.000234216, 0.00156499, -0.264921, -0.508343, -0.701585, -0.360723, 0.320863, -0.140489, -0.58738, 0, 0, 0, 8, 0, 0, 0, 0.413277, -0.0176307, 0.453017, 0.48638, -0.0156758, 0.542604, 0.996195, -3.71201e-12, -0.0871557, -4.46982e-12, -1, -8.49977e-12, -0.0871557, 8.857e-12, -0.996195, 0
14.55, 2025-07-03__01-13-44.424945, -0.0738765, -0.250639, 0.0512395, -1.64652, -0.0255413, 1.28263, 0.713322, -0.000425847, -0.00623018, 0.000239144, -0.000376895, -0.000259638, -0.000535863, -0.000795098, -0.312948, -0.171061, -0.756584, -0.512361, 0.312869, -0.14193, -0.572322, 0, 0, 0, 8, 0, 0, 0, 0.413265, -0.0176306, 0.453022, 0.48638, -0.0156758, 0.542604, 0.996195, -3.71201e-12, -0.0871557, -4.46982e-12, -1, -8.49977e-12, -0.0871557, 8.857e-12, -0.996195, 0
14.56, 2025-07-03__01-13-44.434929, -0.073874, -0.250653, 0.0512313, -1.64652, -0.0255374, 1.28262, 0.713315, 0.000342703, 0.000126356, -0.000747067, -0.00327298, -1.20582e-05, -0.000153907, 0.000530301, -0.293325, -0.545465, -0.735675, -0.310951, 0.316157, -0.135253, -0.579962, 0, 0, 0, 8, 0, 0, 0, 0.41326, -0.0176328, 0.453035, 0.48638, -0.0156758, 0.542604, 0.996195, -3.71201e-12, -0.0871557, -4.46982e-12, -1, -8.49977e-12, -0.0871557, 8.857e-12, -0.996195, 0
14.57, 2025-07-03__01-13-44.444930, -0.0738712, -0.250665, 0.0512277, -1.64652, -0.0255396, 1.28259, 0.713308, 0.000589895, -0.000921902, -0.000624388, -0.000226982, 0.000103267, -0.00144035, -0.000658882, -0.302967, -0.425184, -0.745494, -0.397172, 0.313089, -0.130896, -0.572476, 0, 0, 0, 8, 0, 0, 0, 0.413247, -0.0176306, 0.453031, 0.48638, -0.0156758, 0.542604, 0.996195, -3.71201e-12, -0.0871557, -4.46982e-12, -1, -8.49977e-12, -0.0871557, 8.857e-12, -0.996195, 0
14.58, 2025-07-03__01-13-44.454927, -0.073874, -0.250681, 0.0512186, -1.64652, -0.0255394, 1.28258, 0.713297, 0.00347843, -0.000248537, -0.00113305, 0.000388438, -7.59467e-06, -0.000257729, -0.00387045, -0.339605, -0.434329, -0.788097, -0.400659, 0.309519, -0.139689, -0.55257, 0, 0, 0, 8, 0, 0, 0, 0.413241, -0.0176356, 0.453039, 0.48638, -0.0156758, 0.542604, 0.996195, -3.71201e-12, -0.0871557, -4.46982e-12, -1, -8.49977e-12, -0.0871557, 8.857e-12, -0.996195, 0
14.59, 2025-07-03__01-13-44.464929, -0.0738762, -0.250692, 0.0512133, -1.64652, -0.0255367, 1.28257, 0.71329, 0.000425488, -0.000866033, -0.00210316, 0.00174995, 0.000227103, -0.00219661, -0.00305109, -0.26875, -0.378139, -0.701003, -0.440806, 0.315551, -0.128629, -0.557492, 0, 0, 0, 8, 0, 0, 0, 0.413236, -0.0176385, 0.453044, 0.48638, -0.0156758, 0.542604, 0.996195, -3.71201e-12, -0.0871557, -4.46982e-12, -1, -8.49977e-12, -0.0871557, 8.857e-12, -0.996195, 0
14.6, 2025-07-03__01-13-44.474927, -0.0738736, -0.2507, 0.0512039, -1.64652, -0.0255363, 1.28257, 0.713282, 0.000833332, -0.000858299, -0.00048499, 0.000208123, -5.51908e-05, -0.000630862, -0.00125708, -0.306637, -0.405187, -0.749446, -0.412215, 0.313469, -0.137036, -0.567954, 0, 0, 0, 8, 0, 0, 0, 0.413235, -0.017643, 0.453045, 0.48638, -0.0156758, 0.542604, 0.996195, -3.71201e-12, -0.0871557, -4.46982e-12, -1, -8.49977e-12, -0.0871557, 8.857e-12, -0.996195, 0
14.61, 2025-07-03__01-13-44.484930, -0.0738743, -0.250706, 0.0511982, -1.64652, -0.0255402, 1.28255, 0.713277, -4.68373e-05, -0.0007724, -0.0024165, -0.000865198, -0.000540427, -0.000268488, 0.000760455, -0.250094, -0.438926, -0.679233, -0.387136, 0.323642, -0.136149, -0.580253, 0, 0, 0, 8, 0, 0, 0, 0.413231, -0.0176475, 0.453047, 0.48638, -0.0156758, 0.542604, 0.996195, -3.71201e-12, -0.0871557, -4.46982e-12, -1, -8.49977e-12, -0.0871557, 8.857e-12, -0.996195, 0
14.62, 2025-07-03__01-13-44.494931, -0.0738765, -0.25071, 0.0511947, -1.64652, -0.0255377, 1.28254, 0.713273, 0.00263286, -0.000600207, -0.000362184, -0.0014209, -0.000177065, -0.000266917, -0.00166183, -0.337098, -0.451434, -0.786692, -0.372084, 0.311267, -0.134699, -0.565129, 0, 0, 0, 8, 0, 0, 0, 0.413223, -0.0176473, 0.45305, 0.48638, -0.0156758, 0.542604, 0.996195, -3.71201e-12, -0.0871557, -4.46982e-12, -1, -8.49977e-12, -0.0871557, 8.857e-12, -0.996195, 0
14.63, 2025-07-03__01-13-44.504933, -0.0738768, -0.250715, 0.0511861, -1.64652, -0.0255355, 1.28252, 0.713253, -0.000834954, 0.000754157, 0.000552665, 0.000556693, 0.000188838, -0.00534762, -0.00112941, -0.293799, -0.483653, -0.736388, -0.372623, 0.313693, -0.101123, -0.567482, 0, 0, 0, 8, 0, 0, 0, 0.413221, -0.0176489, 0.453055, 0.48638, -0.0156758, 0.542604, 0.996195, -3.71201e-12, -0.0871557, -4.46982e-12, -1, -8.49977e-12, -0.0871557, 8.857e-12, -0.996195, 0
14.64, 2025-07-03__01-13-44.514933, -0.0738765, -0.250724, 0.0511841, -1.64651, -0.0255365, 1.28252, 0.713251, -0.000703848, -0.000365591, -0.000931135, 0.000881182, -0.000296061, -0.000792522, -0.000155098, -0.26734, -0.412782, -0.701451, -0.417601, 0.319586, -0.134574, -0.573552, 0, 0, 0, 8, 0, 0, 0, 0.413214, -0.0176524, 0.453054, 0.48638, -0.0156758, 0.542604, 0.996195, -3.71201e-12, -0.0871557, -4.46982e-12, -1, -8.49977e-12, -0.0871557, 8.857e-12, -0.996195, 0
14.65, 2025-07-03__01-13-44.524928, -0.073875, -0.250725, 0.0511748, -1.64651, -0.0255374, 1.28251, 0.713241, 0.00224604, -0.000762787, -0.00116329, 0.00133021, -0.000339763, -0.00245914, -0.000487268, -0.312484, -0.380305, -0.754265, -0.433326, 0.314208, -0.123616, -0.570992, 0, 0, 0, 8, 0, 0, 0, 0.41321, -0.0176578, 0.453054, 0.48638, -0.0156758, 0.542604, 0.996195, -3.71201e-12, -0.0871557, -4.46982e-12, -1, -8.49977e-12, -0.0871557, 8.857e-12, -0.996195, 0
14.66, 2025-07-03__01-13-44.534930, -0.0738734, -0.250733, 0.051167, -1.64652, -0.0255376, 1.2825, 0.71323, 0.00141494, -0.00299904, -0.000184039, -0.000766124, -7.80424e-06, 0.000353244, -0.00618364, -0.321877, -0.316954, -0.766755, -0.441566, 0.311435, -0.139361, -0.536059, 0, 0, 0, 8, 0, 0, 0, 0.413206, -0.0176578, 0.453056, 0.48638, -0.0156758, 0.542604, 0.996195, -3.71201e-12, -0.0871557, -4.46982e-12, -1, -8.49977e-12, -0.0871557, 8.857e-12, -0.996195, 0
14.67, 2025-07-03__01-13-44.544932, -0.0738765, -0.250739, 0.0511625, -1.64652, -0.0255358, 1.2825, 0.713231, -0.000159087, -0.00105589, -0.00200401, 0.000368936, -0.000127304, 0.000294331, -0.000144223, -0.253386, -0.390461, -0.68248, -0.423345, 0.320075, -0.140026, -0.573022, 0, 0, 0, 8, 0, 0, 0, 0.413202, -0.0176579, 0.453057, 0.48638, -0.0156758, 0.542604, 0.996195, -3.71201e-12, -0.0871557, -4.46982e-12, -1, -8.49977e-12, -0.0871557, 8.857e-12, -0.996195, 0
14.68, 2025-07-03__01-13-44.554931, -0.073874, -0.25074, 0.0511568, -1.64652, -0.0255361, 1.28249, 0.713222, 0.0004176, 0.000753693, -0.000978927, -0.00140377, -4.97756e-05, 6.10623e-05, -0.001887, -0.279943, -0.518367, -0.717448, -0.343743, 0.317706, -0.13346, -0.561901, 0, 0, 0, 8, 0, 0, 0, 0.413201, -0.0176623, 0.45306, 0.48638, -0.0156758, 0.542604, 0.996195, -3.71201e-12, -0.0871557, -4.46982e-12, -1, -8.49977e-12, -0.0871557, 8.857e-12, -0.996195, 0
14.69, 2025-07-03__01-13-44.564931, -0.0738734, -0.250749, 0.0511535, -1.64652, -0.0255365, 1.28248, 0.713223, 0.00111587, 0.000854657, -0.00134701, -0.000537704, -8.26858e-05, -0.000119421, 0.00130219, -0.28389, -0.501431, -0.721166, -0.360765, 0.317033, -0.133443, -0.581346, 0, 0, 0, 8, 0, 0, 0, 0.413197, -0.017662, 0.453061, 0.48638, -0.0156758, 0.542604, 0.996195, -3.71201e-12, -0.0871557, -4.46982e-12, -1, -8.49977e-12, -0.0871557, 8.857e-12, -0.996195, 0
14.7, 2025-07-03__01-13-44.574931, -0.0738765, -0.250753, 0.0511531, -1.64652, -0.0255365, 1.28247, 0.713211, -0.000395219, -0.00137764, -0.000334189, -0.00104162, -0.000260392, 0.000100306, -0.00340562, -0.282165, -0.403099, -0.719928, -0.39982, 0.318184, -0.134651, -0.552274, 0, 0, 0, 8, 0, 0, 0, 0.413192, -0.0176616, 0.453063, 0.48638, -0.0156758, 0.542604, 0.996195, -3.71201e-12, -0.0871557, -4.46982e-12, -1, -8.49977e-12, -0.0871557, 8.857e-12, -0.996195, 0
14.71, 2025-07-03__01-13-44.584933, -0.073874, -0.250753, 0.0511528, -1.64652, -0.0255358, 1.28247, 0.713205, -6.96552e-05, -8.99831e-05, 9.03045e-05, -0.000182894, -0.000179744, -0.0031669, -0.00036191, -0.294294, -0.448047, -0.735344, -0.383499, 0.31617, -0.113076, -0.570242, 0, 0, 0, 8, 0, 0, 0, 0.413192, -0.0176634, 0.453063, 0.48638, -0.0156758, 0.542604, 0.996195, -3.71201e-12, -0.0871557, -4.46982e-12, -1, -8.49977e-12, -0.0871557, 8.857e-12, -0.996195, 0
14.72, 2025-07-03__01-13-44.594931, -0.073874, -0.250762, 0.0511522, -1.64652, -0.0255358, 1.28247, 0.713203, 0.000311465, -0.000285785, 0.000636837, -0.00514606, -0.000286307, -5.94905e-05, 0.00403716, -0.310583, -0.542149, -0.757651, -0.289298, 0.316528, -0.125949, -0.596741, 0, 0, 0, 8, 0, 0, 0, 0.413192, -0.0176649, 0.453066, 0.48638, -0.0156758, 0.542604, 0.996195, -3.71201e-12, -0.0871557, -4.46982e-12, -1, -8.49977e-12, -0.0871557, 8.857e-12, -0.996195, 0
14.73, 2025-07-03__01-13-44.604931, -0.0738741, -0.250765, 0.0511492, -1.64652, -0.0255365, 1.28246, 0.713197, 0.000383465, -0.00210082, 0.000633543, -0.001539, -0.000271011, -0.00345016, 0.00125936, -0.315688, -0.373954, -0.761239, -0.400676, 0.314113, -0.109631, -0.579666, 0, 0, 0, 8, 0, 0, 0, 0.413189, -0.0176642, 0.453072, 0.48638, -0.0156758, 0.542604, 0.996195, -3.71201e-12, -0.0871557, -4.46982e-12, -1, -8.49977e-12, -0.0871557, 8.857e-12, -0.996195, 0
14.74, 2025-07-03__01-13-44.614932, -0.0738687, -0.250772, 0.0511436, -1.64652, -0.0255352, 1.28245, 0.713191, 0.00180194, -0.00178012, -0.000398921, -0.00106351, -0.00461177, -0.000532806, -0.000512136, -0.309733, -0.377311, -0.752418, -0.408474, 0.342381, -0.130041, -0.568566, 0, 0, 0, 8, 0, 0, 0, 0.413182, -0.0176664, 0.453072, 0.48638, -0.0156758, 0.542604, 0.996195, -3.71201e-12, -0.0871557, -4.46982e-12, -1, -8.49977e-12, -0.0871557, 8.857e-12, -0.996195, 0
14.75, 2025-07-03__01-13-44.624933, -0.0738739, -0.250778, 0.0511453, -1.64651, -0.025531, 1.28245, 0.713186, 0.00281885, -0.000677268, 0.000638495, 0.000921542, -1.81208e-05, 0.000271525, 0.00103578, -0.355827, -0.374287, -0.808435, -0.433679, 0.307245, -0.139373, -0.5777, 0, 0, 0, 8, 0, 0, 0, 0.413185, -0.0176648, 0.453076, 0.48638, -0.0156758, 0.542604, 0.996195, -3.71201e-12, -0.0871557, -4.46982e-12, -1, -8.49977e-12, -0.0871557, 8.857e-12, -0.996195, 0
14.76, 2025-07-03__01-13-44.634934, -0.073874, -0.250786, 0.0511372, -1.64652, -0.0255323, 1.28245, 0.713183, 0.00284767, -0.00167031, 0.000271529, -0.0003179, 0.00170372, 0.000362558, 0.000244766, -0.352803, -0.352794, -0.803988, -0.429351, 0.296856, -0.137948, -0.573007, 0, 0, 0, 8, 0, 0, 0, 0.413182, -0.0176685, 0.453074, 0.48638, -0.0156758, 0.542604, 0.996195, -3.71201e-12, -0.0871557, -4.46982e-12, -1, -8.49977e-12, -0.0871557, 8.857e-12, -0.996195, 0
14.77, 2025-07-03__01-13-44.644931, -0.073879, -0.250784, 0.0511311, -1.64652, -0.0255306, 1.28245, 0.71318, -0.000989422, -0.000158507, 0.0001315, -0.00102267, 0.00306205, 8.46843e-05, 0.000495426, -0.282834, -0.451138, -0.72136, -0.378708, 0.297083, -0.133491, -0.57475, 0, 0, 0, 8, 0, 0, 0, 0.41318, -0.0176685, 0.453079, 0.48638, -0.0156758, 0.542604, 0.996195, -3.71201e-12, -0.0871557, -4.46982e-12, -1, -8.49977e-12, -0.0871557, 8.857e-12, -0.996195, 0
14.78, 2025-07-03__01-13-44.654933, -0.073874, -0.250785, 0.05113, -1.64652, -0.0255285, 1.28244, 0.713171, 5.56215e-05, 0.00108447, 0.000392711, -9.53881e-05, -0.000172924, 0.000236576, -0.000608001, -0.297765, -0.492408, -0.739966, -0.369299, 0.315926, -0.134982, -0.567319, 0, 0, 0, 8, 0, 0, 0, 0.413177, -0.0176723, 0.453076, 0.48638, -0.0156758, 0.542604, 0.996195, -3.71201e-12, -0.0871557, -4.46982e-12, -1, -8.49977e-12, -0.0871557, 8.857e-12, -0.996195, 0
14.79, 2025-07-03__01-13-44.664932, -0.0738739, -0.250794, 0.0511269, -1.64651, -0.025531, 1.28243, 0.713168, 0.00287928, -0.00121863, 0.000820302, 0.00135165, 0.00010693, -0.000175891, 0.00126074, -0.359503, -0.334165, -0.812346, -0.455756, 0.305721, -0.136533, -0.578476, 0, 0, 0, 8, 0, 0, 0, 0.413173, -0.0176714, 0.453077, 0.48638, -0.0156758, 0.542604, 0.996195, -3.71201e-12, -0.0871557, -4.46982e-12, -1, -8.49977e-12, -0.0871557, 8.857e-12, -0.996195, 0
14.8, 2025-07-03__01-13-44.674932, -0.073875, -0.250792, 0.0511214, -1.64652, -0.0255317, 1.28243, 0.71316, -0.000178047, 0.000437884, 0.000447924, -0.000504263, -0.000216807, -0.000452823, 0.0010019, -0.294638, -0.468667, -0.736077, -0.374423, 0.316629, -0.129408, -0.57673, 0, 0, 0, 8, 0, 0, 0, 0.413173, -0.0176734, 0.453078, 0.48638, -0.0156758, 0.542604, 0.996195, -3.71201e-12, -0.0871557, -4.46982e-12, -1, -8.49977e-12, -0.0871557, 8.857e-12, -0.996195, 0
14.81, 2025-07-03__01-13-44.684935, -0.0738712, -0.250795, 0.0511173, -1.64652, -0.0255285, 1.28242, 0.71315, 0.00124166, 0.000916905, 0.00064236, 0.000245559, -0.000346504, -0.00317284, -0.00142566, -0.321602, -0.474849, -0.768254, -0.374718, 0.314063, -0.111198, -0.561326, 0, 0, 0, 8, 0, 0, 0, 0.413169, -0.0176777, 0.453079, 0.48638, -0.0156758, 0.542604, 0.996195, -3.71201e-12, -0.0871557, -4.46982e-12, -1, -8.49977e-12, -0.0871557, 8.857e-12, -0.996195, 0
14.82, 2025-07-03__01-13-44.694932, -0.0738765, -0.250801, 0.0511141, -1.64652, -0.0255291, 1.28242, 0.713147, -0.0008762, -0.00044669, 0.000702961, -0.000552214, 0.000430536, -0.000358637, 0.000641022, -0.289707, -0.424225, -0.729967, -0.394388, 0.31283, -0.130025, -0.574046, 0, 0, 0, 8, 0, 0, 0, 0.413169, -0.0176772, 0.45308, 0.48638, -0.0156758, 0.542604, 0.996195, -3.71201e-12, -0.0871557, -4.46982e-12, -1, -8.49977e-12, -0.0871557, 8.857e-12, -0.996195, 0
14.83, 2025-07-03__01-13-44.704932, -0.0738747, -0.250801, 0.0511062, -1.64652, -0.0255306, 1.28242, 0.71314, 0.000508869, -6.27401e-05, 0.000547932, -0.00126587, 9.20986e-05, 0.000161226, -0.000745259, -0.307866, -0.456973, -0.751697, -0.371694, 0.313304, -0.132113, -0.565336, 0, 0, 0, 8, 0, 0, 0, 0.413168, -0.0176813, 0.453081, 0.48638, -0.0156758, 0.542604, 0.996195, -3.71201e-12, -0.0871557, -4.46982e-12, -1, -8.49977e-12, -0.0871557, 8.857e-12, -0.996195, 0
14.84, 2025-07-03__01-13-44.714932, -0.0738773, -0.250804, 0.051108, -1.64651, -0.0255281, 1.28241, 0.713139, -0.000453205, -0.000298716, 0.00102399, 0.00114598, -0.000130346, -4.54512e-05, -0.00240163, -0.301868, -0.389234, -0.744253, -0.430043, 0.314506, -0.135147, -0.555275, 0, 0, 0, 8, 0, 0, 0, 0.413169, -0.0176829, 0.453087, 0.48638, -0.0156758, 0.542604, 0.996195, -3.71201e-12, -0.0871557, -4.46982e-12, -1, -8.49977e-12, -0.0871557, 8.857e-12, -0.996195, 0
14.85, 2025-07-03__01-13-44.724933, -0.0738812, -0.250807, 0.0511014, -1.64652, -0.0255281, 1.28241, 0.713132, -0.0056564, 0.000952331, 0.000415205, -0.000929717, -0.000269075, -0.000116471, -0.00141187, -0.196207, -0.510732, -0.618847, -0.353834, 0.328956, -0.129315, -0.561368, 0, 0, 0, 8, 0, 0, 0, 0.413163, -0.0176815, 0.453085, 0.48638, -0.0156758, 0.542604, 0.996195, -3.71201e-12, -0.0871557, -4.46982e-12, -1, -8.49977e-12, -0.0871557, 8.857e-12, -0.996195, 0
14.86, 2025-07-03__01-13-44.734934, -0.0738765, -0.25081, 0.0510957, -1.64652, -0.0255256, 1.28241, 0.713126, -0.000477759, -0.000292589, -0.00096595, -0.000232986, 0.000358593, 0.000155667, -0.0011964, -0.259886, -0.424382, -0.691068, -0.399856, 0.316606, -0.133522, -0.562178, 0, 0, 0, 8, 0, 0, 0, 0.413163, -0.0176835, 0.453084, 0.48638, -0.0156758, 0.542604, 0.996195, -3.71201e-12, -0.0871557, -4.46982e-12, -1, -8.49977e-12, -0.0871557, 8.857e-12, -0.996195, 0
14.87, 2025-07-03__01-13-44.744931, -0.0738765, -0.250813, 0.0510928, -1.64652, -0.0255273, 1.2824, 0.713122, -0.000479748, -0.000493172, -0.000641614, -0.000246566, -9.88919e-05, -0.000949657, 0.000386177, -0.265358, -0.415649, -0.698074, -0.401493, 0.318834, -0.125457, -0.571599, 0, 0, 0, 8, 0, 0, 0, 0.413159, -0.0176845, 0.453087, 0.48638, -0.0156758, 0.542604, 0.996195, -3.71201e-12, -0.0871557, -4.46982e-12, -1, -8.49977e-12, -0.0871557, 8.857e-12, -0.996195, 0
14.88, 2025-07-03__01-13-44.754934, -0.073874, -0.250818, 0.0510924, -1.64652, -0.0255266, 1.2824, 0.71311, 0.00480433, -0.000588915, -0.000628704, -0.000598349, 0.000251819, -0.000278284, -0.00284163, -0.357076, -0.406488, -0.807228, -0.400028, 0.30595, -0.129897, -0.551065, 0, 0, 0, 8, 0, 0, 0, 0.413159, -0.0176853, 0.453085, 0.48638, -0.0156758, 0.542604, 0.996195, -3.71201e-12, -0.0871557, -4.46982e-12, -1, -8.49977e-12, -0.0871557, 8.857e-12, -0.996195, 0
14.89, 2025-07-03__01-13-44.764930, -0.0738712, -0.250814, 0.0510865, -1.64652, -0.0255289, 1.2824, 0.71311, 0.00131232, 0.000655399, -0.00117878, -0.000558136, -0.000478677, 0.000113412, 0.000971669, -0.281928, -0.476371, -0.717403, -0.371594, 0.319857, -0.131647, -0.574499, 0, 0, 0, 8, 0, 0, 0, 0.413159, -0.017687, 0.453087, 0.48638, -0.0156758, 0.542604, 0.996195, -3.71201e-12, -0.0871557, -4.46982e-12, -1, -8.49977e-12, -0.0871557, 8.857e-12, -0.996195, 0
14.9, 2025-07-03__01-13-44.774935, -0.0738761, -0.250825, 0.051087, -1.64652, -0.0255297, 1.2824, 0.713104, 0.000408364, -0.00183536, -0.000677549, -0.000910329, 0.000105015, -0.000368525, -0.00091909, -0.282178, -0.356741, -0.717407, -0.421345, 0.315655, -0.129464, -0.562862, 0, 0, 0, 8, 0, 0, 0, 0.413159, -0.0176863, 0.453087, 0.48638, -0.0156758, 0.542604, 0.996195, -3.71201e-12, -0.0871557, -4.46982e-12, -1, -8.49977e-12, -0.0871557, 8.857e-12, -0.996195, 0
14.91, 2025-07-03__01-13-44.784932, -0.0738768, -0.250819, 0.0510838, -1.64652, -0.0255306, 1.28239, 0.713103, -0.000308021, 0.00157682, 0.000192563, 0.000370754, -0.000244138, 0.000158634, -8.68912e-05, -0.280445, -0.501123, -0.718135, -0.370546, 0.318697, -0.132556, -0.567904, 0, 0, 0, 8, 0, 0, 0, 0.413154, -0.0176889, 0.453089, 0.48638, -0.0156758, 0.542604, 0.996195, -3.71201e-12, -0.0871557, -4.46982e-12, -1, -8.49977e-12, -0.0871557, 8.857e-12, -0.996195, 0
14.92, 2025-07-03__01-13-44.794928, -0.073879, -0.250823, 0.0510883, -1.64651, -0.0255266, 1.28239, 0.713086, -0.00244453, 0.000605887, 0.00150884, 0.00214609, 4.9174e-06, 6.04291e-05, -0.00127126, -0.274124, -0.409115, -0.711497, -0.433074, 0.317101, -0.136326, -0.559803, 0, 0, 0, 8, 0, 0, 0, 0.413154, -0.017685, 0.453091, 0.48638, -0.0156758, 0.542604, 0.996195, -3.71201e-12, -0.0871557, -4.46982e-12, -1, -8.49977e-12, -0.0871557, 8.857e-12, -0.996195, 0
14.93, 2025-07-03__01-13-44.804932, -0.0738738, -0.250831, 0.05108, -1.64652, -0.0255272, 1.28239, 0.713086, -0.000180723, -0.00378208, -0.00195445, -0.000388476, -8.48486e-05, -0.000394018, -0.000960812, -0.248784, -0.250754, -0.673909, -0.476513, 0.320032, -0.13077, -0.561867, 0, 0, 0, 8, 0, 0, 0, 0.413154, -0.0176866, 0.45309, 0.48638, -0.0156758, 0.542604, 0.996195, -3.71201e-12, -0.0871557, -4.46982e-12, -1, -8.49977e-12, -0.0871557, 8.857e-12, -0.996195, 0
14.94, 2025-07-03__01-13-44.814933, -0.073874, -0.250834, 0.0510853, -1.64652, -0.0255266, 1.28239, 0.713084, 0.000576012, -0.00159034, 0.00100453, 0.000583909, -8.48031e-05, -8.55752e-05, -0.00160143, -0.318937, -0.329635, -0.763406, -0.449342, 0.312238, -0.133737, -0.557551, 0, 0, 0, 8, 0, 0, 0, 0.413154, -0.0176897, 0.45309, 0.48638, -0.0156758, 0.542604, 0.996195, -3.71201e-12, -0.0871557, -4.46982e-12, -1, -8.49977e-12, -0.0871557, 8.857e-12, -0.996195, 0
14.95, 2025-07-03__01-13-44.824928, -0.073874, -0.250827, 0.0510796, -1.64652, -0.0255265, 1.28238, 0.713082, -0.000111031, 0.00126239, 0.000135744, 0.000375648, 6.58053e-05, 0.000392686, 0.000938435, -0.283544, -0.483016, -0.721241, -0.379111, 0.316225, -0.133945, -0.572997, 0, 0, 0, 8, 0, 0, 0, 0.41315, -0.0176886, 0.453092, 0.48638, -0.0156758, 0.542604, 0.996195, -3.71201e-12, -0.0871557, -4.46982e-12, -1, -8.49977e-12, -0.0871557, 8.857e-12, -0.996195, 0
14.96, 2025-07-03__01-13-44.834944, -0.0738768, -0.25083, 0.0510819, -1.64652, -0.0255256, 1.28238, 0.71307, -0.00435638, 0.00142326, 0.00130018, 0.000628891, 0.000249245, -0.000727338, -0.000717095, -0.235112, -0.490389, -0.665545, -0.37814, 0.320945, -0.126485, -0.56246, 0, 0, 0, 8, 0, 0, 0, 0.413149, -0.017691, 0.453093, 0.48638, -0.0156758, 0.542604, 0.996195, -3.71201e-12, -0.0871557, -4.46982e-12, -1, -8.49977e-12, -0.0871557, 8.857e-12, -0.996195, 0
14.97, 2025-07-03__01-13-44.844943, -0.0738705, -0.250838, 0.0510767, -1.64652, -0.025529, 1.28238, 0.713077, 0.001303, -0.00111145, -0.000572794, 0.00035209, -8.52216e-05, -0.000453031, 0.00119907, -0.297476, -0.359834, -0.735284, -0.433309, 0.31493, -0.129918, -0.574338, 0, 0, 0, 8, 0, 0, 0, 0.413149, -0.0176902, 0.453092, 0.48638, -0.0156758, 0.542604, 0.996195, -3.71201e-12, -0.0871557, -4.46982e-12, -1, -8.49977e-12, -0.0871557, 8.857e-12, -0.996195, 0
14.98, 2025-07-03__01-13-44.854945, -0.0738737, -0.250838, 0.0510747, -1.64652, -0.0255294, 1.28237, 0.71306, 0.00013118, -0.000374717, -0.0012408, -0.000462341, -0.00838064, -0.00415768, -0.00252217, -0.244871, -0.426156, -0.672695, -0.388034, 0.374397, -0.101751, -0.550775, 0, 0, 0, 8, 0, 0, 0, 0.413149, -0.017688, 0.453094, 0.48638, -0.0156758, 0.542604, 0.996195, -3.71201e-12, -0.0871557, -4.46982e-12, -1, -8.49977e-12, -0.0871557, 8.857e-12, -0.996195, 0
14.99, 2025-07-03__01-13-44.864933, -0.0738765, -0.25084, 0.0510764, -1.64651, -0.0255237, 1.28238, 0.713066, 1.08211e-06, -0.00105066, 0.000415689, 0.000820788, -0.000596808, -0.000269085, 0.00070865, -0.293689, -0.348919, -0.732236, -0.444528, 0.318381, -0.132596, -0.57081, 0, 0, 0, 8, 0, 0, 0, 0.413145, -0.0176932, 0.453093, 0.48638, -0.0156758, 0.542604, 0.996195, -3.71201e-12, -0.0871557, -4.46982e-12, -1, -8.49977e-12, -0.0871557, 8.857e-12, -0.996195, 0
15, 2025-07-03__01-13-44.874927, -0.0738765, -0.250839, 0.0510734, -1.64651, -0.0255251, 1.28238, 0.713055, -0.00076402, 0.000497304, -0.00159322, 0.000634234, 0.000123313, 0.000298575, -0.000914903, -0.238284, -0.434174, -0.663408, -0.406751, 0.320995, -0.134967, -0.56065, 0, 0, 0, 8, 0, 0, 0, 0.413148, -0.0176887, 0.453096, 0.48638, -0.0156758, 0.542604, 0.996195, -3.71201e-12, -0.0871557, -4.46982e-12, -1, -8.49977e-12, -0.0871557, 8.857e-12, -0.996195, 0
15.01, 2025-07-03__01-13-44.884930, -0.0738789, -0.250837, 0.0510765, -1.64651, -0.0255262, 1.28237, 0.713059, -0.00142531, 0.000219391, 0.000828486, 0.0011904, 6.08056e-05, 5.57472e-06, 0.000532458, -0.276693, -0.40825, -0.713222, -0.422521, 0.316653, -0.133519, -0.569505, 0, 0, 0, 8, 0, 0, 0, 0.413148, -0.0176921, 0.453097, 0.48638, -0.0156758, 0.542604, 0.996195, -3.71201e-12, -0.0871557, -4.46982e-12, -1, -8.49977e-12, -0.0871557, 8.857e-12, -0.996195, 0
15.02, 2025-07-03__01-13-44.894929, -0.0738756, -0.250848, 0.0510757, -1.64652, -0.0255257, 1.28237, 0.713056, -0.000812664, -0.000144071, 0.000631243, 0.000794998, -0.000173589, -0.000194275, 0.00104377, -0.283501, -0.396705, -0.720906, -0.422023, 0.317364, -0.131523, -0.572389, 0, 0, 0, 8, 0, 0, 0, 0.413144, -0.0176897, 0.453099, 0.48638, -0.0156758, 0.542604, 0.996195, -3.71201e-12, -0.0871557, -4.46982e-12, -1, -8.49977e-12, -0.0871557, 8.857e-12, -0.996195, 0
15.03, 2025-07-03__01-13-44.904932, -0.0738711, -0.250845, 0.0510704, -1.64652, -0.025523, 1.28237, 0.713053, 0.00183902, 0.000485614, -0.00103526, 0.000508815, 5.98762e-05, 4.32049e-05, 0.00102956, -0.293726, -0.433395, -0.730415, -0.402548, 0.314713, -0.132191, -0.572064, 0, 0, 0, 8, 0, 0, 0, 0.413144, -0.0176929, 0.453098, 0.48638, -0.0156758, 0.542604, 0.996195, -3.71201e-12, -0.0871557, -4.46982e-12, -1, -8.49977e-12, -0.0871557, 8.857e-12, -0.996195, 0
15.04, 2025-07-03__01-13-44.914933, -0.0738765, -0.250851, 0.0510702, -1.64652, -0.0255224, 1.28237, 0.713041, 0.00426856, -0.000951834, 0.000539081, -0.00045289, 1.84308e-05, -0.00200813, -0.00151408, -0.368908, -0.375431, -0.822345, -0.41228, 0.306049, -0.117528, -0.555798, 0, 0, 0, 8, 0, 0, 0, 0.413144, -0.0176935, 0.453098, 0.48638, -0.0156758, 0.542604, 0.996195, -3.71201e-12, -0.0871557, -4.46982e-12, -1, -8.49977e-12, -0.0871557, 8.857e-12, -0.996195, 0
15.05, 2025-07-03__01-13-44.924929, -0.0738705, -0.250854, 0.0510693, -1.64652, -0.0255216, 1.28236, 0.71304, 0.00622688, -0.0011823, -0.000155294, -3.17198e-06, 0.000622486, 0.000152235, -0.000682009, -0.390523, -0.350359, -0.846408, -0.431605, 0.299429, -0.13285, -0.560719, 0, 0, 0, 8, 0, 0, 0, 0.41314, -0.0176945, 0.453099, 0.48638, -0.0156758, 0.542604, 0.996195, -3.71201e-12, -0.0871557, -4.46982e-12, -1, -8.49977e-12, -0.0871557, 8.857e-12, -0.996195, 0
15.06, 2025-07-03__01-13-44.934931, -0.0738668, -0.250857, 0.0510675, -1.64652, -0.0255249, 1.28236, 0.713036, 0.00155399, -0.000459369, -0.000657779, -0.000800775, -0.000110185, -4.23811e-05, 0.00586875, -0.297589, -0.412172, -0.735573, -0.397111, 0.315621, -0.129573, -0.600504, 0, 0, 0, 8, 0, 0, 0, 0.41314, -0.0176902, 0.4531, 0.48638, -0.0156758, 0.542604, 0.996195, -3.71201e-12, -0.0871557, -4.46982e-12, -1, -8.49977e-12, -0.0871557, 8.857e-12, -0.996195, 0
15.07, 2025-07-03__01-13-44.944931, -0.073874, -0.250858, 0.0510668, -1.64652, -0.0255254, 1.28236, 0.713024, 0.000426907, -0.000900667, -0.000218688, -0.0011316, 0.000272106, 2.18278e-06, -0.000914281, -0.288398, -0.398619, -0.725265, -0.399825, 0.314567, -0.129359, -0.558928, 0, 0, 0, 8, 0, 0, 0, 0.413139, -0.0176977, 0.4531, 0.48638, -0.0156758, 0.542604, 0.996195, -3.71201e-12, -0.0871557, -4.46982e-12, -1, -8.49977e-12, -0.0871557, 8.857e-12, -0.996195, 0
15.08, 2025-07-03__01-13-44.954931, -0.073879, -0.250856, 0.051064, -1.64651, -0.0255226, 1.28236, 0.713021, -0.000131865, 0.000169391, -0.000992032, 0.00132912, 5.94411e-05, -0.000207233, 0.000152916, -0.260507, -0.396244, -0.690136, -0.430063, 0.318467, -0.13221, -0.565424, 0, 0, 0, 8, 0, 0, 0, 0.413139, -0.0176957, 0.453101, 0.48638, -0.0156758, 0.542604, 0.996195, -3.71201e-12, -0.0871557, -4.46982e-12, -1, -8.49977e-12, -0.0871557, 8.857e-12, -0.996195, 0
15.09, 2025-07-03__01-13-44.964933, -0.0738733, -0.250855, 0.0510608, -1.64652, -0.0255264, 1.28235, 0.71302, -0.0002065, 0.000601221, -0.000718864, -9.2073e-05, -0.000125342, -0.000188934, -0.000384675, -0.263343, -0.455293, -0.694833, -0.386049, 0.320153, -0.128194, -0.562112, 0, 0, 0, 8, 0, 0, 0, 0.413138, -0.0176958, 0.453105, 0.48638, -0.0156758, 0.542604, 0.996195, -3.71201e-12, -0.0871557, -4.46982e-12, -1, -8.49977e-12, -0.0871557, 8.857e-12, -0.996195, 0
15.1, 2025-07-03__01-13-44.974929, -0.0738734, -0.250861, 0.051058, -1.64652, -0.0255221, 1.28235, 0.713023, -0.000247568, -0.00173215, -0.000519511, -0.000796885, -0.000373571, -4.35559e-05, 0.0018811, -0.269568, -0.352642, -0.701673, -0.424842, 0.320246, -0.12955, -0.575983, 0, 0, 0, 8, 0, 0, 0, 0.413136, -0.0176947, 0.453101, 0.48638, -0.0156758, 0.542604, 0.996195, -3.71201e-12, -0.0871557, -4.46982e-12, -1, -8.49977e-12, -0.0871557, 8.857e-12, -0.996195, 0
15.11, 2025-07-03__01-13-44.984928, -0.0738763, -0.250858, 0.0510668, -1.64652, -0.0255264, 1.28235, 0.713011, -0.000763713, 0.00116536, 0.00169649, -0.000547255, -0.000257013, 0.000329425, -0.00261147, -0.30226, -0.488947, -0.745965, -0.364755, 0.316995, -0.130792, -0.547931, 0, 0, 0, 8, 0, 0, 0, 0.413135, -0.017695, 0.453104, 0.48638, -0.0156758, 0.542604, 0.996195, -3.71201e-12, -0.0871557, -4.46982e-12, -1, -8.49977e-12, -0.0871557, 8.857e-12, -0.996195, 0
15.12, 2025-07-03__01-13-44.994933, -0.073874, -0.250864, 0.0510604, -1.64652, -0.0255218, 1.28235, 0.713014, 0.000394447, -0.00102196, 0.00037645, -0.0025004, 0.000341315, -0.000170332, 0.00103994, -0.298795, -0.421376, -0.739014, -0.373339, 0.313156, -0.125288, -0.570254, 0, 0, 0, 8, 0, 0, 0, 0.413137, -0.0176989, 0.453106, 0.48638, -0.0156758, 0.542604, 0.996195, -3.71201e-12, -0.0871557, -4.46982e-12, -1, -8.49977e-12, -0.0871557, 8.857e-12, -0.996195, 0
15.13, 2025-07-03__01-13-45.004932, -0.0738765, -0.250864, 0.0510567, -1.64652, -0.0255215, 1.28235, 0.713007, -0.000133787, -0.000745962, -5.23836e-05, -0.00119235, 0.00021477, 0.000400337, -0.000190144, -0.280058, -0.407618, -0.715498, -0.395807, 0.315844, -0.131378, -0.562601, 0, 0, 0, 8, 0, 0, 0, 0.413137, -0.0177006, 0.453106, 0.48638, -0.0156758, 0.542604, 0.996195, -3.71201e-12, -0.0871557, -4.46982e-12, -1, -8.49977e-12, -0.0871557, 8.857e-12, -0.996195, 0
15.14, 2025-07-03__01-13-45.014932, -0.0738765, -0.250867, 0.0510573, -1.64652, -0.0255214, 1.28234, 0.713006, -0.000290698, -0.000308197, -0.00012571, -0.00104971, 0.000101682, -4.18005e-05, 0.000306874, -0.274925, -0.427252, -0.709422, -0.387794, 0.317233, -0.127723, -0.565566, 0, 0, 0, 8, 0, 0, 0, 0.413133, -0.0176977, 0.453108, 0.48638, -0.0156758, 0.542604, 0.996195, -3.71201e-12, -0.0871557, -4.46982e-12, -1, -8.49977e-12, -0.0871557, 8.857e-12, -0.996195, 0
15.15, 2025-07-03__01-13-45.024928, -0.0738732, -0.250865, 0.0510625, -1.64652, -0.0255214, 1.28234, 0.713003, 0.000342616, 0.000307602, 0.00146317, -0.000642683, -2.69304e-05, -0.00346533, -0.00121566, -0.317691, -0.447755, -0.76332, -0.37599, 0.313115, -0.104578, -0.555807, 0, 0, 0, 8, 0, 0, 0, 0.413131, -0.0176968, 0.453106, 0.48638, -0.0156758, 0.542604, 0.996195, -3.71201e-12, -0.0871557, -4.46982e-12, -1, -8.49977e-12, -0.0871557, 8.857e-12, -0.996195, 0
15.16, 2025-07-03__01-13-45.034927, -0.073874, -0.250865, 0.0510597, -1.64652, -0.0255214, 1.28234, 0.712996, 0.000128404, -1.43172e-05, 0.000607947, -0.00138673, 0.00712271, -0.000226314, -0.00358725, -0.311482, -0.444487, -0.75393, -0.37599, 0.268788, -0.12539, -0.541439, 0, 0, 0, 8, 0, 0, 0, 0.413131, -0.0176956, 0.453104, 0.48638, -0.0156758, 0.542604, 0.996195, -3.71201e-12, -0.0871557, -4.46982e-12, -1, -8.49977e-12, -0.0871557, 8.857e-12, -0.996195, 0
15.17, 2025-07-03__01-13-45.044931, -0.0738776, -0.250865, 0.0510541, -1.64651, -0.0255214, 1.28234, 0.712999, -0.00564059, 0.000725788, -0.000196787, 0.000660192, 0.00038953, -0.000354566, 0.000814498, -0.181002, -0.446988, -0.597119, -0.401357, 0.326352, -0.12825, -0.568689, 0, 0, 0, 8, 0, 0, 0, 0.413133, -0.0176998, 0.453109, 0.48638, -0.0156758, 0.542604, 0.996195, -3.71201e-12, -0.0871557, -4.46982e-12, -1, -8.49977e-12, -0.0871557, 8.857e-12, -0.996195, 0
15.18, 2025-07-03__01-13-45.054931, -0.0738709, -0.250867, 0.0510543, -1.64651, -0.0255222, 1.28234, 0.712992, 0.000878115, -6.31527e-05, -0.00105214, 0.000120701, 0.00672821, 0.000102118, -0.00100521, -0.289934, -0.405238, -0.724528, -0.4131, 0.273231, -0.13106, -0.557049, 0, 0, 0, 8, 0, 0, 0, 0.413131, -0.0176967, 0.453104, 0.48638, -0.0156758, 0.542604, 0.996195, -3.71201e-12, -0.0871557, -4.46982e-12, -1, -8.49977e-12, -0.0871557, 8.857e-12, -0.996195, 0
15.19, 2025-07-03__01-13-45.064931, -0.073873, -0.250868, 0.0510543, -1.64652, -0.0255209, 1.28234, 0.712995, 0.000692282, 6.14093e-05, -4.33663e-05, -0.000955333, -0.0025034, -0.000218279, 0.00112076, -0.287367, -0.442005, -0.724558, -0.380992, 0.332422, -0.126651, -0.569784, 0, 0, 0, 8, 0, 0, 0, 0.41313, -0.0176975, 0.453106, 0.48638, -0.0156758, 0.542604, 0.996195, -3.71201e-12, -0.0871557, -4.46982e-12, -1, -8.49977e-12, -0.0871557, 8.857e-12, -0.996195, 0
15.2, 2025-07-03__01-13-45.074930, -0.0738744, -0.250871, 0.0510541, -1.64652, -0.0255206, 1.28233, 0.712987, -0.000251466, 0.00026651, 0.00300051, 0.000954037, -3.93294e-05, 0.00025347, -0.00102733, -0.338279, -0.405494, -0.789675, -0.417989, 0.310447, -0.132726, -0.556315, 0, 0, 0, 8, 0, 0, 0, 0.413127, -0.0176974, 0.453105, 0.48638, -0.0156758, 0.542604, 0.996195, -3.71201e-12, -0.0871557, -4.46982e-12, -1, -8.49977e-12, -0.0871557, 8.857e-12, -0.996195, 0
15.21, 2025-07-03__01-13-45.084929, -0.0738687, -0.250868, 0.0510538, -1.64652, -0.0255214, 1.28234, 0.712987, -0.000632402, 0.00126282, 0.000124868, -0.000738088, 4.04453e-05, 0.000254539, 6.92417e-05, -0.271834, -0.497041, -0.706568, -0.360097, 0.318595, -0.129444, -0.563074, 0, 0, 0, 8, 0, 0, 0, 0.41313, -0.0176991, 0.453107, 0.48638, -0.0156758, 0.542604, 0.996195, -3.71201e-12, -0.0871557, -4.46982e-12, -1, -8.49977e-12, -0.0871557, 8.857e-12, -0.996195, 0
15.22, 2025-07-03__01-13-45.094928, -0.0738744, -0.250871, 0.0510531, -1.64651, -0.0255221, 1.28233, 0.712982, -0.000329799, 0.00102509, 0.000146786, 0.000306357, -0.000230879, 9.71898e-05, -0.00148858, -0.277136, -0.458686, -0.712378, -0.389506, 0.319306, -0.130333, -0.553467, 0, 0, 0, 8, 0, 0, 0, 0.413126, -0.0177024, 0.453108, 0.48638, -0.0156758, 0.542604, 0.996195, -3.71201e-12, -0.0871557, -4.46982e-12, -1, -8.49977e-12, -0.0871557, 8.857e-12, -0.996195, 0
15.23, 2025-07-03__01-13-45.104932, -0.0738744, -0.250874, 0.0510517, -1.64652, -0.0255213, 1.28233, 0.712984, -0.000780758, -0.00275356, -0.000139928, -0.000674594, -5.41444e-05, -0.000248537, 0.000736746, -0.270055, -0.29726, -0.701953, -0.450846, 0.318114, -0.127947, -0.567145, 0, 0, 0, 8, 0, 0, 0, 0.413126, -0.0176966, 0.453108, 0.48638, -0.0156758, 0.542604, 0.996195, -3.71201e-12, -0.0871557, -4.46982e-12, -1, -8.49977e-12, -0.0871557, 8.857e-12, -0.996195, 0
15.24, 2025-07-03__01-13-45.114932, -0.073874, -0.250877, 0.0510508, -1.64652, -0.025517, 1.28233, 0.71298, -0.000108155, -0.000842297, 1.05758e-05, 0.00106309, -3.77202e-05, 0.000204481, -0.000198107, -0.281596, -0.34961, -0.716104, -0.446933, 0.316481, -0.133273, -0.56117, 0, 0, 0, 8, 0, 0, 0, 0.413126, -0.0176978, 0.453107, 0.48638, -0.0156758, 0.542604, 0.996195, -3.71201e-12, -0.0871557, -4.46982e-12, -1, -8.49977e-12, -0.0871557, 8.857e-12, -0.996195, 0
15.25, 2025-07-03__01-13-45.124928, -0.0738737, -0.250871, 0.0510533, -1.64652, -0.025521, 1.28233, 0.712977, 2.35708e-05, 0.0010909, 0.000847472, 0.000661576, -0.000109665, -0.000941877, -0.000696914, -0.297493, -0.456166, -0.737736, -0.391441, 0.316, -0.123344, -0.557883, 0, 0, 0, 8, 0, 0, 0, 0.413126, -0.0176983, 0.453107, 0.48638, -0.0156758, 0.542604, 0.996195, -3.71201e-12, -0.0871557, -4.46982e-12, -1, -8.49977e-12, -0.0871557, 8.857e-12, -0.996195, 0
15.26, 2025-07-03__01-13-45.134931, -0.0738682, -0.250877, 0.0510487, -1.64652, -0.0255214, 1.28233, 0.712978, 0.00177489, -6.39864e-05, -0.000370194, -0.000111344, 9.21539e-05, 0.000112764, 0.000641123, -0.304939, -0.411594, -0.744063, -0.404794, 0.313683, -0.130131, -0.566063, 0, 0, 0, 8, 0, 0, 0, 0.413128, -0.0177007, 0.453112, 0.48638, -0.0156758, 0.542604, 0.996195, -3.71201e-12, -0.0871557, -4.46982e-12, -1, -8.49977e-12, -0.0871557, 8.857e-12, -0.996195, 0
15.27, 2025-07-03__01-13-45.144930, -0.0738684, -0.250874, 0.0510483, -1.64652, -0.0255214, 1.28232, 0.712972, 0.00159399, 0.00136484, 0.000107491, -0.000461061, 7.15339e-05, 6.71022e-06, -0.000321833, -0.308695, -0.4931, -0.750228, -0.363229, 0.313997, -0.127084, -0.559878, 0, 0, 0, 8, 0, 0, 0, 0.413122, -0.0177008, 0.453108, 0.48638, -0.0156758, 0.542604, 0.996195, -3.71201e-12, -0.0871557, -4.46982e-12, -1, -8.49977e-12, -0.0871557, 8.857e-12, -0.996195, 0
15.28, 2025-07-03__01-13-45.154931, -0.0738732, -0.250875, 0.0510476, -1.64652, -0.0255214, 1.28232, 0.712971, -0.000483464, 0.00112885, 0.000166336, 0.000398828, 2.29331e-05, -5.98984e-05, 0.00051795, -0.274416, -0.465454, -0.709098, -0.386409, 0.317962, -0.128279, -0.565114, 0, 0, 0, 8, 0, 0, 0, 0.413126, -0.0177008, 0.453108, 0.48638, -0.0156758, 0.542604, 0.996195, -3.71201e-12, -0.0871557, -4.46982e-12, -1, -8.49977e-12, -0.0871557, 8.857e-12, -0.996195, 0
15.29, 2025-07-03__01-13-45.164931, -0.0738689, -0.25088, 0.0510449, -1.64651, -0.025522, 1.28233, 0.712958, 0.00106904, -0.000770276, -0.00083197, 0.00136715, -0.000255394, 0.000425092, -0.00870995, -0.284796, -0.340856, -0.717997, -0.455473, 0.318059, -0.135784, -0.508559, 0, 0, 0, 8, 0, 0, 0, 0.413126, -0.0177011, 0.453108, 0.48638, -0.0156758, 0.542604, 0.996195, -3.71201e-12, -0.0871557, -4.46982e-12, -1, -8.49977e-12, -0.0871557, 8.857e-12, -0.996195, 0
15.3, 2025-07-03__01-13-45.174929, -0.0738685, -0.250883, 0.0510501, -1.64651, -0.0255196, 1.28233, 0.712968, 0.00194324, -0.000747358, 0.000971354, 0.00113835, 0.000248035, 2.94153e-05, 0.000487707, -0.33735, -0.340913, -0.783997, -0.450539, 0.308323, -0.133099, -0.564499, 0, 0, 0, 8, 0, 0, 0, 0.413128, -0.0176993, 0.453113, 0.48638, -0.0156758, 0.542604, 0.996195, -3.71201e-12, -0.0871557, -4.46982e-12, -1, -8.49977e-12, -0.0871557, 8.857e-12, -0.996195, 0
15.31, 2025-07-03__01-13-45.184932, -0.0738737, -0.25088, 0.0510501, -1.64652, -0.0255216, 1.28232, 0.712961, 0.00038484, 0.000206378, 0.0010539, -0.000829674, -6.64648e-05, 0.000125084, -0.0007449, -0.308904, -0.441915, -0.751698, -0.382369, 0.314793, -0.128104, -0.556802, 0, 0, 0, 8, 0, 0, 0, 0.413122, -0.0176999, 0.45311, 0.48638, -0.0156758, 0.542604, 0.996195, -3.71201e-12, -0.0871557, -4.46982e-12, -1, -8.49977e-12, -0.0871557, 8.857e-12, -0.996195, 0
15.32, 2025-07-03__01-13-45.194932, -0.0738711, -0.250881, 0.0510478, -1.64652, -0.02552, 1.28232, 0.712958, 0.000302435, 0.000658412, 0.000325183, 0.000173465, -8.53698e-05, -1.08099e-05, 0.000299918, -0.292008, -0.442692, -0.730002, -0.393758, 0.316595, -0.128752, -0.563013, 0, 0, 0, 8, 0, 0, 0, 0.413124, -0.017697, 0.453113, 0.48638, -0.0156758, 0.542604, 0.996195, -3.71201e-12, -0.0871557, -4.46982e-12, -1, -8.49977e-12, -0.0871557, 8.857e-12, -0.996195, 0
15.33, 2025-07-03__01-13-45.204932, -0.0738762, -0.250882, 0.0510445, -1.64652, -0.0255166, 1.28232, 0.712955, -0.00121264, -0.000423933, 2.91756e-05, -0.00122711, 0.000162291, -0.000223293, -0.000802789, -0.26114, -0.423483, -0.692687, -0.387467, 0.31867, -0.125221, -0.55635, 0, 0, 0, 8, 0, 0, 0, 0.413122, -0.0177005, 0.45311, 0.48638, -0.0156758, 0.542604, 0.996195, -3.71201e-12, -0.0871557, -4.46982e-12, -1, -8.49977e-12, -0.0871557, 8.857e-12, -0.996195, 0
15.34, 2025-07-03__01-13-45.214931, -0.0738789, -0.250881, 0.0510444, -1.64651, -0.0255185, 1.28232, 0.712952, -0.00225908, 0.000657102, 0.000266903, 0.0019533, -0.000221131, 0.000197599, -5.51441e-05, -0.246207, -0.40412, -0.674577, -0.433872, 0.322222, -0.133821, -0.560875, 0, 0, 0, 8, 0, 0, 0, 0.413122, -0.0177014, 0.45311, 0.48638, -0.0156758, 0.542604, 0.996195, -3.71201e-12, -0.0871557, -4.46982e-12, -1, -8.49977e-12, -0.0871557, 8.857e-12, -0.996195, 0
15.35, 2025-07-03__01-13-45.224932, -0.0738737, -0.250883, 0.0510444, -1.64652, -0.0255177, 1.28232, 0.712953, 0.000864341, 8.08924e-05, -5.43682e-05, 0.000253867, -0.000211673, 0.000226403, 0.000298161, -0.293916, -0.411012, -0.731222, -0.409457, 0.316835, -0.13095, -0.562791, 0, 0, 0, 8, 0, 0, 0, 0.413122, -0.0177001, 0.453109, 0.48638, -0.0156758, 0.542604, 0.996195, -3.71201e-12, -0.0871557, -4.46982e-12, -1, -8.49977e-12, -0.0871557, 8.857e-12, -0.996195, 0
15.36, 2025-07-03__01-13-45.234933, -0.0738712, -0.250884, 0.0510444, -1.64651, -0.0255214, 1.28231, 0.712949, 0.0010255, 0.00115576, -1.92034e-05, 0.0014559, 7.09405e-05, -0.00029962, -0.000378875, -0.296869, -0.434759, -0.734769, -0.411999, 0.314826, -0.12875, -0.558507, 0, 0, 0, 8, 0, 0, 0, 0.413121, -0.0176995, 0.453113, 0.48638, -0.0156758, 0.542604, 0.996195, -3.71201e-12, -0.0871557, -4.46982e-12, -1, -8.49977e-12, -0.0871557, 8.857e-12, -0.996195, 0
15.37, 2025-07-03__01-13-45.244932, -0.0738737, -0.250889, 0.0510444, -1.64652, -0.025516, 1.28232, 0.712946, -0.000279543, -0.00137659, 0.000156809, 0.000830366, 0.000299181, -0.00314908, 0.00108598, -0.282386, -0.326576, -0.716761, -0.449496, 0.31421, -0.109764, -0.567192, 0, 0, 0, 8, 0, 0, 0, 0.413122, -0.0177006, 0.45311, 0.48638, -0.0156758, 0.542604, 0.996195, -3.71201e-12, -0.0871557, -4.46982e-12, -1, -8.49977e-12, -0.0871557, 8.857e-12, -0.996195, 0
15.38, 2025-07-03__01-13-45.254929, -0.0738709, -0.250886, 0.0510417, -1.64652, -0.0255209, 1.28231, 0.712947, 7.637e-05, -0.000617902, -0.0011468, 0.000771771, -6.56089e-05, -0.000432885, 0.000936084, -0.259996, -0.36885, -0.688249, -0.434552, 0.319666, -0.12705, -0.56654, 0, 0, 0, 8, 0, 0, 0, 0.413118, -0.0176986, 0.45311, 0.48638, -0.0156758, 0.542604, 0.996195, -3.71201e-12, -0.0871557, -4.46982e-12, -1, -8.49977e-12, -0.0871557, 8.857e-12, -0.996195, 0
15.39, 2025-07-03__01-13-45.264931, -0.0738736, -0.250887, 0.051049, -1.64652, -0.025518, 1.28232, 0.712941, -0.000837288, 0.000534842, 0.00184803, -0.000834819, 1.26992e-05, 0.000362888, -0.000280059, -0.30371, -0.455844, -0.746855, -0.376443, 0.315056, -0.129762, -0.558539, 0, 0, 0, 8, 0, 0, 0, 0.413121, -0.0177005, 0.453113, 0.48638, -0.0156758, 0.542604, 0.996195, -3.71201e-12, -0.0871557, -4.46982e-12, -1, -8.49977e-12, -0.0871557, 8.857e-12, -0.996195, 0
15.4, 2025-07-03__01-13-45.274930, -0.0738737, -0.250884, 0.0510469, -1.64651, -0.0255173, 1.28231, 0.712935, -0.000676015, 0.00120212, 0.00114445, 0.00188346, 3.59117e-05, -1.90933e-05, -0.00287452, -0.291628, -0.428516, -0.730309, -0.419997, 0.315641, -0.13137, -0.542601, 0, 0, 0, 8, 0, 0, 0, 0.41312, -0.0176996, 0.453116, 0.48638, -0.0156758, 0.542604, 0.996195, -3.71201e-12, -0.0871557, -4.46982e-12, -1, -8.49977e-12, -0.0871557, 8.857e-12, -0.996195, 0
15.41, 2025-07-03__01-13-45.284932, -0.073871, -0.250887, 0.0510423, -1.64652, -0.025516, 1.28231, 0.71294, 0.00125195, 0.000845315, 0.000228306, -0.000401159, 0.00030175, 0.000428583, 0.0076977, -0.30531, -0.462066, -0.745782, -0.378864, 0.312479, -0.130295, -0.60687, 0, 0, 0, 8, 0, 0, 0, 0.413117, -0.0177033, 0.453112, 0.48638, -0.0156758, 0.542604, 0.996195, -3.71201e-12, -0.0871557, -4.46982e-12, -1, -8.49977e-12, -0.0871557, 8.857e-12, -0.996195, 0
15.42, 2025-07-03__01-13-45.294931, -0.0738688, -0.250887, 0.0510472, -1.64651, -0.0255173, 1.28231, 0.712931, 0.000793707, 0.000601811, 0.00121945, 0.000645005, -0.000197975, 3.12718e-05, -0.00240636, -0.319069, -0.422394, -0.763253, -0.40807, 0.314169, -0.130002, -0.545042, 0, 0, 0, 8, 0, 0, 0, 0.413118, -0.0176978, 0.453112, 0.48638, -0.0156758, 0.542604, 0.996195, -3.71201e-12, -0.0871557, -4.46982e-12, -1, -8.49977e-12, -0.0871557, 8.857e-12, -0.996195, 0
15.43, 2025-07-03__01-13-45.304931, -0.0738709, -0.250887, 0.0510412, -1.64652, -0.0255173, 1.28231, 0.712933, 6.98046e-05, 0.000511123, -0.000354724, 0.000775695, -0.000330095, 0.000146745, 0.00208412, -0.273248, -0.422614, -0.705864, -0.410487, 0.320077, -0.1305, -0.572646, 0, 0, 0, 8, 0, 0, 0, 0.413118, -0.0176989, 0.453112, 0.48638, -0.0156758, 0.542604, 0.996195, -3.71201e-12, -0.0871557, -4.46982e-12, -1, -8.49977e-12, -0.0871557, 8.857e-12, -0.996195, 0
15.44, 2025-07-03__01-13-45.314936, -0.0738702, -0.250887, 0.0510412, -1.64652, -0.025516, 1.28231, 0.712929, 0.000780162, 0.00149913, -2.75379e-05, -0.000425197, 0.000261333, 0.000783312, -0.000846031, -0.291321, -0.496126, -0.728864, -0.364032, 0.314961, -0.132072, -0.554571, 0, 0, 0, 8, 0, 0, 0, 0.413117, -0.0177012, 0.453112, 0.48638, -0.0156758, 0.542604, 0.996195, -3.71201e-12, -0.0871557, -4.46982e-12, -1, -8.49977e-12, -0.0871557, 8.857e-12, -0.996195, 0
15.45, 2025-07-03__01-13-45.324934, -0.0738758, -0.250888, 0.0510412, -1.64652, -0.0255167, 1.28231, 0.712922, -0.000335585, 0.000397441, 4.9047e-05, -0.000179375, 0.000139044, -4.62022e-06, -0.00110715, -0.275121, -0.438194, -0.709057, -0.392353, 0.317309, -0.127711, -0.552778, 0, 0, 0, 8, 0, 0, 0, 0.413117, -0.017702, 0.453112, 0.48638, -0.0156758, 0.542604, 0.996195, -3.71201e-12, -0.0871557, -4.46982e-12, -1, -8.49977e-12, -0.0871557, 8.857e-12, -0.996195, 0
15.46, 2025-07-03__01-13-45.334933, -0.073874, -0.250893, 0.0510412, -1.64652, -0.0255174, 1.28231, 0.712926, 6.85239e-05, -0.000924904, -0.000999451, -0.000854114, -0.00425401, 0.000218441, 0.000980736, -0.254145, -0.388538, -0.682177, -0.407721, 0.347419, -0.129092, -0.56557, 0, 0, 0, 8, 0, 0, 0, 0.41312, -0.0177014, 0.453115, 0.48638, -0.0156758, 0.542604, 0.996195, -3.71201e-12, -0.0871557, -4.46982e-12, -1, -8.49977e-12, -0.0871557, 8.857e-12, -0.996195, 0
15.47, 2025-07-03__01-13-45.344929, -0.0738758, -0.250893, 0.0510412, -1.64651, -0.0255166, 1.28231, 0.712919, -0.00188536, -0.000332338, -0.000246777, 0.000578064, 0.00296082, -0.000164379, -0.000242518, -0.250149, -0.380795, -0.677791, -0.429017, 0.301902, -0.128978, -0.55808, 0, 0, 0, 8, 0, 0, 0, 0.413117, -0.017697, 0.453115, 0.48638, -0.0156758, 0.542604, 0.996195, -3.71201e-12, -0.0871557, -4.46982e-12, -1, -8.49977e-12, -0.0871557, 8.857e-12, -0.996195, 0
15.48, 2025-07-03__01-13-45.354933, -0.0738739, -0.25089, 0.0510405, -1.64652, -0.025516, 1.28231, 0.712915, 0.00034212, 0.00093848, -0.000141704, -0.00137296, 0.000231676, -0.000202006, 0.000237556, -0.281726, -0.489879, -0.717285, -0.355019, 0.316442, -0.123958, -0.560453, 0, 0, 0, 8, 0, 0, 0, 0.413116, -0.017703, 0.453115, 0.48638, -0.0156758, 0.542604, 0.996195, -3.71201e-12, -0.0871557, -4.46982e-12, -1, -8.49977e-12, -0.0871557, 8.857e-12, -0.996195, 0
15.49, 2025-07-03__01-13-45.364934, -0.0738757, -0.250893, 0.0510391, -1.64652, -0.0255171, 1.2823, 0.712917, 6.05683e-05, 0.000155202, -5.03683e-05, -0.000490596, -0.00705965, -0.000314011, 0.00080033, -0.265183, -0.435972, -0.697551, -0.388157, 0.364188, -0.124865, -0.563921, 0, 0, 0, 8, 0, 0, 0, 0.413119, -0.0177023, 0.453117, 0.48638, -0.0156758, 0.542604, 0.996195, -3.71201e-12, -0.0871557, -4.46982e-12, -1, -8.49977e-12, -0.0871557, 8.857e-12, -0.996195, 0
15.5, 2025-07-03__01-13-45.374929, -0.0738729, -0.250901, 0.0510402, -1.64652, -0.0255173, 1.2823, 0.712914, 0.000449233, -0.00142878, -0.000744161, -0.00068832, -0.000496809, 0.000179079, -0.00321546, -0.274793, -0.355077, -0.706457, -0.42466, 0.321159, -0.128827, -0.539592, 0, 0, 0, 8, 0, 0, 0, 0.413113, -0.0177011, 0.453113, 0.48638, -0.0156758, 0.542604, 0.996195, -3.71201e-12, -0.0871557, -4.46982e-12, -1, -8.49977e-12, -0.0871557, 8.857e-12, -0.996195, 0
15.51, 2025-07-03__01-13-45.384933, -0.0738711, -0.250898, 0.0510376, -1.64652, -0.025513, 1.2823, 0.712914, 0.000397862, -0.000134298, -0.000704524, 2.1369e-05, -0.000127324, 0.000223315, 0.00129909, -0.272683, -0.404372, -0.704294, -0.410474, 0.318846, -0.129659, -0.566892, 0, 0, 0, 8, 0, 0, 0, 0.413113, -0.0177015, 0.453113, 0.48638, -0.0156758, 0.542604, 0.996195, -3.71201e-12, -0.0871557, -4.46982e-12, -1, -8.49977e-12, -0.0871557, 8.857e-12, -0.996195, 0
15.52, 2025-07-03__01-13-45.394930, -0.0738733, -0.250891, 0.051038, -1.64652, -0.0255172, 1.2823, 0.712903, 0.000434578, 0.000227814, 0.00171665, -0.000178046, 0.000150836, -0.000160972, -0.000562904, -0.322312, -0.426062, -0.767969, -0.395776, 0.311813, -0.126306, -0.554938, 0, 0, 0, 8, 0, 0, 0, 0.413115, -0.0177035, 0.453119, 0.48638, -0.0156758, 0.542604, 0.996195, -3.71201e-12, -0.0871557, -4.46982e-12, -1, -8.49977e-12, -0.0871557, 8.857e-12, -0.996195, 0
15.53, 2025-07-03__01-13-45.404933, -0.073874, -0.250893, 0.0510395, -1.64651, -0.0255166, 1.2823, 0.712901, 8.08104e-05, -0.000116254, 0.000945237, 0.00054856, 0.000100884, 0.000402729, -0.00169103, -0.301731, -0.389711, -0.741508, -0.422982, 0.314262, -0.132231, -0.548097, 0, 0, 0, 8, 0, 0, 0, 0.413113, -0.0177039, 0.453112, 0.48638, -0.0156758, 0.542604, 0.996195, -3.71201e-12, -0.0871557, -4.46982e-12, -1, -8.49977e-12, -0.0871557, 8.857e-12, -0.996195, 0
15.54, 2025-07-03__01-13-45.414933, -0.0738763, -0.250898, 0.0510321, -1.64652, -0.0255144, 1.2823, 0.712905, -0.000669344, 2.58565e-06, -0.00123819, -0.00182685, 0.000110125, 7.96692e-05, 0.000750152, -0.242134, -0.455131, -0.667744, -0.367486, 0.321677, -0.125046, -0.563357, 0, 0, 0, 8, 0, 0, 0, 0.413113, -0.0177011, 0.453114, 0.48638, -0.0156758, 0.542604, 0.996195, -3.71201e-12, -0.0871557, -4.46982e-12, -1, -8.49977e-12, -0.0871557, 8.857e-12, -0.996195, 0
15.55, 2025-07-03__01-13-45.424930, -0.0738737, -0.250896, 0.0510366, -1.64652, -0.0255173, 1.2823, 0.712903, -0.000196617, 0.000744144, -0.00168582, -0.000210354, -0.000166661, 7.25784e-05, 0.00108771, -0.240678, -0.45664, -0.664981, -0.385, 0.323441, -0.127494, -0.565234, 0, 0, 0, 8, 0, 0, 0, 0.413112, -0.017704, 0.453116, 0.48638, -0.0156758, 0.542604, 0.996195, -3.71201e-12, -0.0871557, -4.46982e-12, -1, -8.49977e-12, -0.0871557, 8.857e-12, -0.996195, 0
15.56, 2025-07-03__01-13-45.434930, -0.073871, -0.250898, 0.0510327, -1.64651, -0.025515, 1.2823, 0.712898, 0.00103341, 0.000240942, 0.000504861, 0.000827355, 0.000124552, 3.89657e-05, -0.00100359, -0.307866, -0.397974, -0.74795, -0.421749, 0.31325, -0.130243, -0.552125, 0, 0, 0, 8, 0, 0, 0, 0.413114, -0.0177021, 0.45312, 0.48638, -0.0156758, 0.542604, 0.996195, -3.71201e-12, -0.0871557, -4.46982e-12, -1, -8.49977e-12, -0.0871557, 8.857e-12, -0.996195, 0
15.57, 2025-07-03__01-13-45.444930, -0.0738741, -0.250902, 0.0510341, -1.64652, -0.0255149, 1.2823, 0.712897, -0.00113041, -0.00144399, -0.00068748, 0.000439446, 0.000449064, -7.42956e-05, 0.000126883, -0.250122, -0.331077, -0.676453, -0.448858, 0.317577, -0.129154, -0.559148, 0, 0, 0, 8, 0, 0, 0, 0.413113, -0.017702, 0.453116, 0.48638, -0.0156758, 0.542604, 0.996195, -3.71201e-12, -0.0871557, -4.46982e-12, -1, -8.49977e-12, -0.0871557, 8.857e-12, -0.996195, 0
15.58, 2025-07-03__01-13-45.454934, -0.073873, -0.250897, 0.0510289, -1.64651, -0.0255137, 1.2823, 0.712893, 0.000733633, 0.0017777, -0.000228926, 0.000669102, -0.0001655, -0.000121247, -0.000650402, -0.283624, -0.480062, -0.718595, -0.383217, 0.318339, -0.127843, -0.554104, 0, 0, 0, 8, 0, 0, 0, 0.413113, -0.017706, 0.453115, 0.48638, -0.0156758, 0.542604, 0.996195, -3.71201e-12, -0.0871557, -4.46982e-12, -1, -8.49977e-12, -0.0871557, 8.857e-12, -0.996195, 0
15.59, 2025-07-03__01-13-45.464934, -0.0738739, -0.250897, 0.0510264, -1.64651, -0.0255147, 1.2823, 0.712892, 0.000896399, -0.000410885, -0.00118097, 0.00233232, 0.000648698, 0.000582759, 0.000291716, -0.272746, -0.33504, -0.70207, -0.469656, 0.313251, -0.136986, -0.559988, 0, 0, 0, 8, 0, 0, 0, 0.413109, -0.0177069, 0.453114, 0.48638, -0.0156758, 0.542604, 0.996195, -3.71201e-12, -0.0871557, -4.46982e-12, -1, -8.49977e-12, -0.0871557, 8.857e-12, -0.996195, 0
15.6, 2025-07-03__01-13-45.474930, -0.073873, -0.250897, 0.0510309, -1.64652, -0.0255127, 1.28229, 0.712892, 0.000437206, -0.000434429, -0.00020006, -0.000552244, 2.57065e-05, -0.000347954, 0.00646017, -0.282796, -0.404088, -0.717148, -0.402804, 0.316721, -0.124223, -0.59709, 0, 0, 0, 8, 0, 0, 0, 0.413112, -0.0177036, 0.453116, 0.48638, -0.0156758, 0.542604, 0.996195, -3.71201e-12, -0.0871557, -4.46982e-12, -1, -8.49977e-12, -0.0871557, 8.857e-12, -0.996195, 0
15.61, 2025-07-03__01-13-45.484934, -0.073874, -0.250902, 0.0510257, -1.64651, -0.0255126, 1.2823, 0.712883, 0.000126961, -0.000739951, -0.000376714, 0.000784926, -0.00028086, 0.000325124, -0.00335314, -0.274352, -0.351816, -0.705833, -0.443843, 0.319513, -0.132683, -0.537341, 0, 0, 0, 8, 0, 0, 0, 0.413112, -0.0177061, 0.453115, 0.48638, -0.0156758, 0.542604, 0.996195, -3.71201e-12, -0.0871557, -4.46982e-12, -1, -8.49977e-12, -0.0871557, 8.857e-12, -0.996195, 0
15.62, 2025-07-03__01-13-45.494930, -0.0738765, -0.250905, 0.0510338, -1.64652, -0.0255125, 1.28229, 0.712883, -0.000151068, -0.00112025, 0.000705303, 0.000120741, -0.000449248, -0.000372137, -0.000814546, -0.29228, -0.351367, -0.729377, -0.433705, 0.318544, -0.125858, -0.552525, 0, 0, 0, 8, 0, 0, 0, 0.413114, -0.0177036, 0.453121, 0.48638, -0.0156758, 0.542604, 0.996195, -3.71201e-12, -0.0871557, -4.46982e-12, -1, -8.49977e-12, -0.0871557, 8.857e-12, -0.996195, 0
15.63, 2025-07-03__01-13-45.504931, -0.0738762, -0.250905, 0.051031, -1.64652, -0.0255157, 1.28229, 0.712885, -0.00138614, 0.000428777, 0.000936522, 0.000815252, -0.000180124, -1.55598e-05, 0.000820917, -0.273563, -0.413909, -0.708006, -0.414227, 0.319379, -0.128656, -0.562714, 0, 0, 0, 8, 0, 0, 0, 0.413108, -0.0177039, 0.453119, 0.48638, -0.0156758, 0.542604, 0.996195, -3.71201e-12, -0.0871557, -4.46982e-12, -1, -8.49977e-12, -0.0871557, 8.857e-12, -0.996195, 0
15.64, 2025-07-03__01-13-45.514931, -0.0738731, -0.250905, 0.0510257, -1.64651, -0.0255122, 1.28229, 0.712874, -9.6599e-05, -0.00027777, -0.00082827, 0.000686403, -1.7057e-05, -0.000347487, -0.00132242, -0.261003, -0.378741, -0.689314, -0.429867, 0.319537, -0.126974, -0.549185, 0, 0, 0, 8, 0, 0, 0, 0.413108, -0.017703, 0.453117, 0.48638, -0.0156758, 0.542604, 0.996195, -3.71201e-12, -0.0871557, -4.46982e-12, -1, -8.49977e-12, -0.0871557, 8.857e-12, -0.996195, 0
15.65, 2025-07-03__01-13-45.524933, -0.0738682, -0.250905, 0.0510285, -1.64652, -0.0255129, 1.28229, 0.712883, 0.00123314, -0.00037488, -0.000463739, -0.000244334, -4.92648e-06, 7.79742e-05, 0.00161423, -0.291636, -0.395255, -0.72691, -0.410726, 0.316046, -0.127899, -0.567225, 0, 0, 0, 8, 0, 0, 0, 0.413108, -0.0177036, 0.453117, 0.48638, -0.0156758, 0.542604, 0.996195, -3.71201e-12, -0.0871557, -4.46982e-12, -1, -8.49977e-12, -0.0871557, 8.857e-12, -0.996195, 0
15.66, 2025-07-03__01-13-45.534931, -0.0738719, -0.250902, 0.051031, -1.64652, -0.0255115, 1.28229, 0.712874, 0.000707963, 0.00197722, 0.000606649, -0.00233702, 0.000147952, -8.32302e-05, -0.000156145, -0.299854, -0.558765, -0.740649, -0.312147, 0.315575, -0.121426, -0.555881, 0, 0, 0, 8, 0, 0, 0, 0.413108, -0.0177049, 0.453119, 0.48638, -0.0156758, 0.542604, 0.996195, -3.71201e-12, -0.0871557, -4.46982e-12, -1, -8.49977e-12, -0.0871557, 8.857e-12, -0.996195, 0
15.67, 2025-07-03__01-13-45.544934, -0.0738719, -0.250905, 0.0510257, -1.64652, -0.025515, 1.28229, 0.712873, 0.000771666, -0.000279286, -0.000754385, -0.00117272, -3.11032e-05, 0.000286397, 0.000746711, -0.276778, -0.421712, -0.709094, -0.389096, 0.318469, -0.127488, -0.561613, 0, 0, 0, 8, 0, 0, 0, 0.413108, -0.0177069, 0.453118, 0.48638, -0.0156758, 0.542604, 0.996195, -3.71201e-12, -0.0871557, -4.46982e-12, -1, -8.49977e-12, -0.0871557, 8.857e-12, -0.996195, 0
15.68, 2025-07-03__01-13-45.554935, -0.0738711, -0.250903, 0.0510256, -1.64652, -0.0255118, 1.28229, 0.712867, 0.00161106, 0.00128496, 6.1299e-05, -0.00115927, 5.09977e-05, 8.02704e-05, -0.00125222, -0.305046, -0.496957, -0.744897, -0.353679, 0.31503, -0.125156, -0.548983, 0, 0, 0, 8, 0, 0, 0, 0.413108, -0.0177078, 0.453118, 0.48638, -0.0156758, 0.542604, 0.996195, -3.71201e-12, -0.0871557, -4.46982e-12, -1, -8.49977e-12, -0.0871557, 8.857e-12, -0.996195, 0
15.69, 2025-07-03__01-13-45.564933, -0.0738737, -0.250906, 0.0510254, -1.64652, -0.0255119, 1.28229, 0.712866, -0.000853315, -0.00020053, 0.000379768, 0.000657361, -7.66073e-05, 0.000313977, -0.00147488, -0.272247, -0.385644, -0.704894, -0.425998, 0.318766, -0.130967, -0.547816, 0, 0, 0, 8, 0, 0, 0, 0.413108, -0.0177051, 0.453117, 0.48638, -0.0156758, 0.542604, 0.996195, -3.71201e-12, -0.0871557, -4.46982e-12, -1, -8.49977e-12, -0.0871557, 8.857e-12, -0.996195, 0
15.7, 2025-07-03__01-13-45.574932, -0.0738684, -0.250908, 0.0510253, -1.64652, -0.0255112, 1.28229, 0.712868, -0.000311963, -0.000503769, 0.000283716, -0.00112955, 0.000145592, -0.000403909, -0.00169965, -0.280512, -0.408753, -0.715077, -0.394116, 0.316857, -0.123002, -0.546418, 0, 0, 0, 8, 0, 0, 0, 0.413108, -0.0177041, 0.453119, 0.48638, -0.0156758, 0.542604, 0.996195, -3.71201e-12, -0.0871557, -4.46982e-12, -1, -8.49977e-12, -0.0871557, 8.857e-12, -0.996195, 0
15.71, 2025-07-03__01-13-45.584933, -0.0738705, -0.250906, 0.051026, -1.64651, -0.0255105, 1.28229, 0.712864, -0.00183202, -0.00069113, -0.000316792, -0.000262991, 0.00011572, -8.01514e-05, -0.000692302, -0.242837, -0.380893, -0.668657, -0.419165, 0.321109, -0.127293, -0.552453, 0, 0, 0, 8, 0, 0, 0, 0.413107, -0.0177021, 0.453121, 0.48638, -0.0156758, 0.542604, 0.996195, -3.71201e-12, -0.0871557, -4.46982e-12, -1, -8.49977e-12, -0.0871557, 8.857e-12, -0.996195, 0
15.72, 2025-07-03__01-13-45.594932, -0.0738715, -0.250909, 0.0510253, -1.64652, -0.0255118, 1.28229, 0.712865, -0.000327461, 9.82908e-06, 0.000256827, -0.000256944, 3.67167e-06, -0.000300816, 0.000576715, -0.278353, -0.4142, -0.712409, -0.401689, 0.317812, -0.125104, -0.560104, 0, 0, 0, 8, 0, 0, 0, 0.413108, -0.0177046, 0.453119, 0.48638, -0.0156758, 0.542604, 0.996195, -3.71201e-12, -0.0871557, -4.46982e-12, -1, -8.49977e-12, -0.0871557, 8.857e-12, -0.996195, 0
15.73, 2025-07-03__01-13-45.604932, -0.0738737, -0.250906, 0.0510215, -1.64652, -0.0255118, 1.28229, 0.71286, 0.000523509, 0.00107862, -0.00409482, -0.000871711, 5.4252e-05, -0.000208378, -0.000542463, -0.201782, -0.487906, -0.614231, -0.364544, 0.326873, -0.123584, -0.55338, 0, 0, 0, 8, 0, 0, 0, 0.413107, -0.0177095, 0.453119, 0.48638, -0.0156758, 0.542604, 0.996195, -3.71201e-12, -0.0871557, -4.46982e-12, -1, -8.49977e-12, -0.0871557, 8.857e-12, -0.996195, 0
15.74, 2025-07-03__01-13-45.614934, -0.0738729, -0.250911, 0.0510253, -1.64652, -0.0255125, 1.28228, 0.712864, 0.000482806, -0.000170555, -0.000114088, -0.000489528, -0.000173795, -0.0038349, 0.00149658, -0.284102, -0.412804, -0.718656, -0.393867, 0.318122, -0.0998206, -0.565558, 0, 0, 0, 8, 0, 0, 0, 0.413104, -0.0177059, 0.45312, 0.48638, -0.0156758, 0.542604, 0.996195, -3.71201e-12, -0.0871557, -4.46982e-12, -1, -8.49977e-12, -0.0871557, 8.857e-12, -0.996195, 0
15.75, 2025-07-03__01-13-45.624931, -0.0738655, -0.250907, 0.0510225, -1.64652, -0.0255125, 1.28228, 0.712857, 0.00258077, -2.45002e-05, -0.00223402, -0.00183902, -0.000189938, -0.000539464, 0.000343605, -0.27676, -0.449905, -0.706616, -0.367608, 0.319693, -0.119783, -0.558199, 0, 0, 0, 8, 0, 0, 0, 0.41311, -0.0177071, 0.453123, 0.48638, -0.0156758, 0.542604, 0.996195, -3.71201e-12, -0.0871557, -4.46982e-12, -1, -8.49977e-12, -0.0871557, 8.857e-12, -0.996195, 0
15.76, 2025-07-03__01-13-45.634933, -0.0738733, -0.250912, 0.0510231, -1.64652, -0.0255111, 1.28229, 0.712853, 7.6839e-05, -0.000117881, -0.000126843, 0.000753024, 0.000183694, -0.000179414, 0.000290567, -0.277975, -0.383611, -0.710644, -0.427284, 0.316379, -0.127958, -0.557835, 0, 0, 0, 8, 0, 0, 0, 0.413107, -0.0177058, 0.453122, 0.48638, -0.0156758, 0.542604, 0.996195, -3.71201e-12, -0.0871557, -4.46982e-12, -1, -8.49977e-12, -0.0871557, 8.857e-12, -0.996195, 0
15.77, 2025-07-03__01-13-45.644936, -0.073868, -0.250909, 0.0510225, -1.64652, -0.0255105, 1.28228, 0.712854, -0.0014148, 0.000229133, -0.000820787, -0.000761135, 0.000505979, -0.000193601, 0.00129878, -0.238292, -0.441663, -0.662938, -0.385096, 0.319568, -0.123925, -0.564002, 0, 0, 0, 8, 0, 0, 0, 0.413104, -0.0177036, 0.453118, 0.48638, -0.0156758, 0.542604, 0.996195, -3.71201e-12, -0.0871557, -4.46982e-12, -1, -8.49977e-12, -0.0871557, 8.857e-12, -0.996195, 0
15.78, 2025-07-03__01-13-45.654931, -0.0738726, -0.250912, 0.0510278, -1.64652, -0.0255125, 1.28229, 0.712845, -0.000588241, -0.00221114, 0.00130059, -0.00144461, -0.000190915, -2.49766e-05, -0.00170329, -0.298939, -0.328312, -0.738009, -0.42696, 0.316727, -0.126242, -0.545175, 0, 0, 0, 8, 0, 0, 0, 0.41311, -0.0177062, 0.453124, 0.48638, -0.0156758, 0.542604, 0.996195, -3.71201e-12, -0.0871557, -4.46982e-12, -1, -8.49977e-12, -0.0871557, 8.857e-12, -0.996195, 0
15.79, 2025-07-03__01-13-45.664934, -0.0738708, -0.250912, 0.0510253, -1.64652, -0.0255124, 1.28228, 0.712852, 0.000957325, -9.58017e-05, -9.36107e-05, 5.84384e-05, -0.000151544, 0.000396697, 0.000768344, -0.293293, -0.400311, -0.729301, -0.412092, 0.317011, -0.129998, -0.560551, 0, 0, 0, 8, 0, 0, 0, 0.413107, -0.017707, 0.453121, 0.48638, -0.0156758, 0.542604, 0.996195, -3.71201e-12, -0.0871557, -4.46982e-12, -1, -8.49977e-12, -0.0871557, 8.857e-12, -0.996195, 0
15.8, 2025-07-03__01-13-45.674932, -0.0738755, -0.250909, 0.0510253, -1.64652, -0.0255086, 1.28228, 0.712843, -0.000762667, 0.000730585, 2.17003e-05, 0.000275435, 6.712e-05, 0.000394239, -0.00180229, -0.26482, -0.440659, -0.695853, -0.397029, 0.319127, -0.129622, -0.544584, 0, 0, 0, 8, 0, 0, 0, 0.413109, -0.017704, 0.453125, 0.48638, -0.0156758, 0.542604, 0.996195, -3.71201e-12, -0.0871557, -4.46982e-12, -1, -8.49977e-12, -0.0871557, 8.857e-12, -0.996195, 0
15.81, 2025-07-03__01-13-45.684933, -0.0738733, -0.250912, 0.0510275, -1.64652, -0.0255117, 1.28228, 0.712845, -0.000441397, -0.000475956, 0.00125, 0.00101837, -9.14395e-05, -0.000545933, 0.00123295, -0.29779, -0.360839, -0.736431, -0.438973, 0.315733, -0.12551, -0.562978, 0, 0, 0, 8, 0, 0, 0, 0.413108, -0.0177059, 0.453119, 0.48638, -0.0156758, 0.542604, 0.996195, -3.71201e-12, -0.0871557, -4.46982e-12, -1, -8.49977e-12, -0.0871557, 8.857e-12, -0.996195, 0
15.82, 2025-07-03__01-13-45.694936, -0.0738708, -0.250915, 0.0510217, -1.64652, -0.0255114, 1.28228, 0.71284, 0.00117302, 0.000485262, 0.00130272, 0.000204113, -0.000255065, 0.000187621, -0.000324561, -0.323781, -0.421919, -0.768178, -0.402375, 0.314309, -0.12867, -0.553236, 0, 0, 0, 8, 0, 0, 0, 0.413103, -0.0177061, 0.453121, 0.48638, -0.0156758, 0.542604, 0.996195, -3.71201e-12, -0.0871557, -4.46982e-12, -1, -8.49977e-12, -0.0871557, 8.857e-12, -0.996195, 0
15.83, 2025-07-03__01-13-45.704932, -0.0738755, -0.250913, 0.0510222, -1.64652, -0.0255125, 1.28228, 0.712841, 0.000188535, 0.000101902, -0.000257334, -0.00101459, -0.000251043, -8.12162e-05, -0.00108638, -0.275208, -0.435831, -0.707955, -0.383677, 0.320283, -0.124545, -0.548883, 0, 0, 0, 8, 0, 0, 0, 0.413104, -0.0177057, 0.453121, 0.48638, -0.0156758, 0.542604, 0.996195, -3.71201e-12, -0.0871557, -4.46982e-12, -1, -8.49977e-12, -0.0871557, 8.857e-12, -0.996195, 0
15.84, 2025-07-03__01-13-45.714936, -0.0738687, -0.250913, 0.0510195, -1.64651, -0.0255086, 1.28228, 0.712839, 0.00122714, 0.000721038, -0.000881713, 0.000107961, 5.63468e-05, -0.000427933, -0.00135484, -0.28039, -0.436711, -0.712616, -0.396253, 0.317348, -0.124397, -0.547031, 0, 0, 0, 8, 0, 0, 0, 0.413103, -0.0177069, 0.453121, 0.48638, -0.0156758, 0.542604, 0.996195, -3.71201e-12, -0.0871557, -4.46982e-12, -1, -8.49977e-12, -0.0871557, 8.857e-12, -0.996195, 0
15.85, 2025-07-03__01-13-45.724930, -0.0738733, -0.250915, 0.0510242, -1.64652, -0.0255085, 1.28228, 0.712837, -0.000929734, -0.000452652, 8.62483e-05, -0.000342688, 0.000156674, -0.000228688, -0.000567403, -0.265532, -0.393625, -0.696376, -0.410537, 0.31834, -0.125121, -0.551735, 0, 0, 0, 8, 0, 0, 0, 0.413103, -0.017706, 0.453121, 0.48638, -0.0156758, 0.542604, 0.996195, -3.71201e-12, -0.0871557, -4.46982e-12, -1, -8.49977e-12, -0.0871557, 8.857e-12, -0.996195, 0
15.86, 2025-07-03__01-13-45.734932, -0.0738733, -0.250919, 0.0510221, -1.64652, -0.0255093, 1.28228, 0.712835, -0.000603487, -0.00140435, -0.000914804, -9.19742e-05, -7.33724e-05, 0.000221353, -0.0116377, -0.252595, -0.340094, -0.678506, -0.438833, 0.321336, -0.129095, -0.484688, 0, 0, 0, 8, 0, 0, 0, 0.413105, -0.0177074, 0.453126, 0.48638, -0.0156758, 0.542604, 0.996195, -3.71201e-12, -0.0871557, -4.46982e-12, -1, -8.49977e-12, -0.0871557, 8.857e-12, -0.996195, 0
15.87, 2025-07-03__01-13-45.744935, -0.0738708, -0.250918, 0.0510139, -1.64652, -0.0255111, 1.28228, 0.712832, -0.00167198, 0.000615198, 0.00169626, -0.000433187, -5.37784e-05, 0.000271605, -0.00462946, -0.282574, -0.445726, -0.719975, -0.385722, 0.318396, -0.12785, -0.527015, 0, 0, 0, 8, 0, 0, 0, 0.413105, -0.0177059, 0.453125, 0.48638, -0.0156758, 0.542604, 0.996195, -3.71201e-12, -0.0871557, -4.46982e-12, -1, -8.49977e-12, -0.0871557, 8.857e-12, -0.996195, 0
15.88, 2025-07-03__01-13-45.754930, -0.0738743, -0.250916, 0.0510243, -1.64652, -0.0255113, 1.28228, 0.71284, -0.000194513, 0.00127157, 0.000588902, 0.000237703, -8.21056e-06, 9.15751e-05, -0.00619689, -0.285373, -0.463209, -0.721576, -0.385112, 0.317646, -0.12737, -0.517768, 0, 0, 0, 8, 0, 0, 0, 0.413103, -0.0177046, 0.453124, 0.48638, -0.0156758, 0.542604, 0.996195, -3.71201e-12, -0.0871557, -4.46982e-12, -1, -8.49977e-12, -0.0871557, 8.857e-12, -0.996195, 0
15.89, 2025-07-03__01-13-45.764933, -0.0738734, -0.250916, 0.0510244, -1.64652, -0.0255117, 1.28228, 0.712838, -0.000286178, -0.000159583, 0.0015841, 0.000714506, 9.47988e-05, 0.000227947, 0.000947566, -0.306669, -0.380061, -0.747785, -0.427769, 0.313779, -0.130251, -0.560915, 0, 0, 0, 8, 0, 0, 0, 0.413103, -0.0177084, 0.453122, 0.48638, -0.0156758, 0.542604, 0.996195, -3.71201e-12, -0.0871557, -4.46982e-12, -1, -8.49977e-12, -0.0871557, 8.857e-12, -0.996195, 0
15.9, 2025-07-03__01-13-45.774931, -0.0738708, -0.250919, 0.051019, -1.64651, -0.0255125, 1.28228, 0.712833, 0.000224093, 0.00101938, 1.3145e-05, 0.00116891, -0.000212985, 2.40313e-05, 0.000584662, -0.280615, -0.425259, -0.714212, -0.413911, 0.318996, -0.129549, -0.558599, 0, 0, 0, 8, 0, 0, 0, 0.413103, -0.0177062, 0.453123, 0.48638, -0.0156758, 0.542604, 0.996195, -3.71201e-12, -0.0871557, -4.46982e-12, -1, -8.49977e-12, -0.0871557, 8.857e-12, -0.996195, 0
15.91, 2025-07-03__01-13-45.784932, -0.0738758, -0.250921, 0.0510189, -1.64652, -0.0255093, 1.28228, 0.712832, -0.00116165, -0.000421265, -0.000537617, -6.30497e-05, -0.000255854, -2.3505e-05, -0.000747973, -0.247285, -0.387689, -0.673365, -0.417332, 0.323063, -0.127184, -0.550608, 0, 0, 0, 8, 0, 0, 0, 0.413103, -0.0177074, 0.453124, 0.48638, -0.0156758, 0.542604, 0.996195, -3.71201e-12, -0.0871557, -4.46982e-12, -1, -8.49977e-12, -0.0871557, 8.857e-12, -0.996195, 0
15.92, 2025-07-03__01-13-45.794931, -0.0738734, -0.250919, 0.0510189, -1.64652, -0.0255079, 1.28228, 0.71283, -0.000514834, 0.000463416, 0.000588527, 0.000596832, 0.000263382, -8.87766e-05, -6.62665e-05, -0.280929, -0.414306, -0.715535, -0.411413, 0.315805, -0.127474, -0.554461, 0, 0, 0, 8, 0, 0, 0, 0.413102, -0.0177083, 0.453125, 0.48638, -0.0156758, 0.542604, 0.996195, -3.71201e-12, -0.0871557, -4.46982e-12, -1, -8.49977e-12, -0.0871557, 8.857e-12, -0.996195, 0
15.93, 2025-07-03__01-13-45.804932, -0.0738708, -0.250927, 0.0510161, -1.64652, -0.0255082, 1.28228, 0.712825, 0.000396778, -0.00177925, -0.000269398, -0.00116943, 0.000138656, 9.83355e-05, -0.00113682, -0.282496, -0.338929, -0.715355, -0.426268, 0.316403, -0.127086, -0.547738, 0, 0, 0, 8, 0, 0, 0, 0.413103, -0.017706, 0.453123, 0.48638, -0.0156758, 0.542604, 0.996195, -3.71201e-12, -0.0871557, -4.46982e-12, -1, -8.49977e-12, -0.0871557, 8.857e-12, -0.996195, 0
15.94, 2025-07-03__01-13-45.814930, -0.073871, -0.250922, 0.0510207, -1.64651, -0.0255107, 1.28228, 0.712825, 0.000747345, 8.11729e-05, -0.000336357, 0.00146922, 4.2237e-06, 0.000235476, -0.000810032, -0.285008, -0.369844, -0.718131, -0.442819, 0.316736, -0.132189, -0.549679, 0, 0, 0, 8, 0, 0, 0, 0.413103, -0.0177048, 0.453124, 0.48638, -0.0156758, 0.542604, 0.996195, -3.71201e-12, -0.0871557, -4.46982e-12, -1, -8.49977e-12, -0.0871557, 8.857e-12, -0.996195, 0
15.95, 2025-07-03__01-13-45.824931, -0.0738733, -0.250919, 0.0510157, -1.64652, -0.0255118, 1.28228, 0.712826, -0.000847011, 0.00074319, 0.000201095, -0.000161738, -0.000246325, -0.000443131, 0.000631634, -0.265341, -0.446913, -0.696764, -0.387952, 0.321375, -0.123456, -0.558614, 0, 0, 0, 8, 0, 0, 0, 0.413103, -0.0177086, 0.453123, 0.48638, -0.0156758, 0.542604, 0.996195, -3.71201e-12, -0.0871557, -4.46982e-12, -1, -8.49977e-12, -0.0871557, 8.857e-12, -0.996195, 0
15.96, 2025-07-03__01-13-45.834931, -0.0738683, -0.250925, 0.0510129, -1.64651, -0.0255127, 1.28228, 0.712825, 0.0013624, 0.000725685, -0.000664063, 0.00119906, -0.00034675, 0.000269728, 0.000505757, -0.286128, -0.405988, -0.719258, -0.423399, 0.319118, -0.1317, -0.557772, 0, 0, 0, 8, 0, 0, 0, 0.413102, -0.0177099, 0.453126, 0.48638, -0.0156758, 0.542604, 0.996195, -3.71201e-12, -0.0871557, -4.46982e-12, -1, -8.49977e-12, -0.0871557, 8.857e-12, -0.996195, 0
15.97, 2025-07-03__01-13-45.844931, -0.0738733, -0.250922, 0.0510157, -1.64652, -0.0255081, 1.28228, 0.712823, -0.00106917, 0.000360738, 0.000260915, -0.000187694, 7.36776e-05, -3.41867e-05, 0.00500847, -0.263798, -0.426985, -0.694756, -0.397548, 0.319164, -0.126627, -0.58495, 0, 0, 0, 8, 0, 0, 0, 0.413102, -0.0177097, 0.453124, 0.48638, -0.0156758, 0.542604, 0.996195, -3.71201e-12, -0.0871557, -4.46982e-12, -1, -8.49977e-12, -0.0871557, 8.857e-12, -0.996195, 0
15.98, 2025-07-03__01-13-45.854929, -0.0738733, -0.250925, 0.0510104, -1.64651, -0.0255084, 1.28228, 0.712822, 0.000584918, 0.00206856, -0.00160318, 0.00133835, -4.56437e-06, -0.000115954, 0.00108191, -0.25103, -0.472174, -0.676347, -0.395599, 0.321135, -0.128387, -0.561245, 0, 0, 0, 8, 0, 0, 0, 0.413102, -0.0177084, 0.453126, 0.48638, -0.0156758, 0.542604, 0.996195, -3.71201e-12, -0.0871557, -4.46982e-12, -1, -8.49977e-12, -0.0871557, 8.857e-12, -0.996195, 0
15.99, 2025-07-03__01-13-45.864930, -0.0738715, -0.250928, 0.0510104, -1.64651, -0.0255082, 1.28228, 0.712812, 6.40913e-05, -0.000867587, -0.000269253, 0.00213658, 0.000275654, -0.00205023, -0.000503656, -0.275607, -0.307845, -0.706009, -0.475299, 0.315498, -0.118383, -0.551047, 0, 0, 0, 8, 0, 0, 0, 0.413104, -0.01771, 0.453131, 0.48638, -0.0156758, 0.542604, 0.996195, -3.71201e-12, -0.0871557, -4.46982e-12, -1, -8.49977e-12, -0.0871557, 8.857e-12, -0.996195, 0
16, 2025-07-03__01-13-45.874932, -0.073878, -0.250928, 0.0510072, -1.64652, -0.0255084, 1.28228, 0.712811, -0.000368038, -0.000500135, -0.00129193, -0.00125015, -0.000530219, -0.000132418, -0.000353963, -0.243128, -0.407545, -0.667307, -0.395072, 0.325645, -0.124534, -0.552099, 0, 0, 0, 8, 0, 0, 0, 0.413104, -0.0177123, 0.45313, 0.48638, -0.0156758, 0.542604, 0.996195, -3.71201e-12, -0.0871557, -4.46982e-12, -1, -8.49977e-12, -0.0871557, 8.857e-12, -0.996195, 0
16.01, 2025-07-03__01-13-45.884930, -0.0738765, -0.250924, 0.0510125, -1.64652, -0.0255077, 1.28228, 0.712814, -0.00173269, 0.000586719, 0.000541222, 0.000415329, -0.000158004, 0.000349812, 0.000532401, -0.257039, -0.424463, -0.687002, -0.406153, 0.321477, -0.130201, -0.557477, 0, 0, 0, 8, 0, 0, 0, 0.413098, -0.0177091, 0.453127, 0.48638, -0.0156758, 0.542604, 0.996195, -3.71201e-12, -0.0871557, -4.46982e-12, -1, -8.49977e-12, -0.0871557, 8.857e-12, -0.996195, 0
16.02, 2025-07-03__01-13-45.894930, -0.0738687, -0.250931, 0.0510125, -1.64652, -0.0255097, 1.28228, 0.712814, 0.00572253, 0.000181397, 0.000842586, -0.00100261, 0.000143368, -3.10193e-05, 0.000289672, -0.392203, -0.418888, -0.848785, -0.388074, 0.303956, -0.12591, -0.555453, 0, 0, 0, 8, 0, 0, 0, 0.4131, -0.0177078, 0.453131, 0.48638, -0.0156758, 0.542604, 0.996195, -3.71201e-12, -0.0871557, -4.46982e-12, -1, -8.49977e-12, -0.0871557, 8.857e-12, -0.996195, 0
16.03, 2025-07-03__01-13-45.904933, -0.0738709, -0.250936, 0.0510096, -1.64652, -0.0255087, 1.28227, 0.712813, 0.0017261, -0.00394475, 3.49305e-05, -0.000873929, -0.000452848, -4.59709e-05, 0.000209849, -0.313273, -0.220431, -0.751212, -0.482063, 0.315813, -0.127653, -0.555331, 0, 0, 0, 8, 0, 0, 0, 0.413098, -0.0177132, 0.453127, 0.48638, -0.0156758, 0.542604, 0.996195, -3.71201e-12, -0.0871557, -4.46982e-12, -1, -8.49977e-12, -0.0871557, 8.857e-12, -0.996195, 0
16.04, 2025-07-03__01-13-45.914929, -0.0738708, -0.250931, 0.0510118, -1.64651, -0.0255075, 1.28227, 0.71281, 0.000394811, 0.00161484, 0.0013872, 0.00172468, 5.26818e-05, -0.000401905, -0.00119565, -0.310197, -0.436102, -0.751601, -0.413382, 0.313806, -0.127039, -0.546555, 0, 0, 0, 8, 0, 0, 0, 0.413098, -0.0177117, 0.453126, 0.48638, -0.0156758, 0.542604, 0.996195, -3.71201e-12, -0.0871557, -4.46982e-12, -1, -8.49977e-12, -0.0871557, 8.857e-12, -0.996195, 0
16.05, 2025-07-03__01-13-45.924943, -0.0738709, -0.250935, 0.0510095, -1.64651, -0.0255077, 1.28227, 0.712805, 0.000592392, 0.000697837, 0.000387419, 0.00177846, -0.000391435, 0.000246311, -0.000910684, -0.293834, -0.388561, -0.729795, -0.437267, 0.31829, -0.132238, -0.548149, 0, 0, 0, 8, 0, 0, 0, 0.413097, -0.0177107, 0.45313, 0.48638, -0.0156758, 0.542604, 0.996195, -3.71201e-12, -0.0871557, -4.46982e-12, -1, -8.49977e-12, -0.0871557, 8.857e-12, -0.996195, 0
16.06, 2025-07-03__01-13-45.934942, -0.0738708, -0.250932, 0.0510093, -1.64651, -0.0255065, 1.28227, 0.712806, 0.000255808, 0.00170552, 9.22643e-05, 0.00102578, -0.00248429, -0.000240144, 0.0016134, -0.275458, -0.459094, -0.708387, -0.396181, 0.334109, -0.126866, -0.563415, 0, 0, 0, 8, 0, 0, 0, 0.4131, -0.0177095, 0.453132, 0.48638, -0.0156758, 0.542604, 0.996195, -3.71201e-12, -0.0871557, -4.46982e-12, -1, -8.49977e-12, -0.0871557, 8.857e-12, -0.996195, 0
16.07, 2025-07-03__01-13-45.944942, -0.0738729, -0.250937, 0.0510092, -1.64651, -0.0255077, 1.28227, 0.712803, 0.000280165, -1.79228e-05, 0.000136668, 0.000574555, -0.000386251, -5.70077e-05, -0.000362463, -0.284105, -0.380391, -0.717924, -0.427345, 0.31955, -0.128395, -0.551403, 0, 0, 0, 8, 0, 0, 0, 0.413097, -0.017711, 0.453131, 0.48638, -0.0156758, 0.542604, 0.996195, -3.71201e-12, -0.0871557, -4.46982e-12, -1, -8.49977e-12, -0.0871557, 8.857e-12, -0.996195, 0
16.08, 2025-07-03__01-13-45.954945, -0.0738758, -0.250935, 0.0510097, -1.64651, -0.0255077, 1.28227, 0.712805, 0.00143378, -0.00142533, -7.07569e-05, 0.0011239, -0.000357962, -0.000466481, -0.00681498, -0.302328, -0.298062, -0.738332, -0.469707, 0.316732, -0.12726, -0.512406, 0, 0, 0, 8, 0, 0, 0, 0.413099, -0.0177118, 0.453133, 0.48638, -0.0156758, 0.542604, 0.996195, -3.71201e-12, -0.0871557, -4.46982e-12, -1, -8.49977e-12, -0.0871557, 8.857e-12, -0.996195, 0
16.09, 2025-07-03__01-13-45.964942, -0.0738711, -0.250937, 0.0510061, -1.64652, -0.025507, 1.28227, 0.712803, 0.000397642, -0.000609285, -0.00289165, -9.84465e-05, -4.36798e-05, 9.88866e-05, 0.00537315, -0.225487, -0.374352, -0.642721, -0.424417, 0.323988, -0.127962, -0.586364, 0, 0, 0, 8, 0, 0, 0, 0.413099, -0.0177109, 0.453133, 0.48638, -0.0156758, 0.542604, 0.996195, -3.71201e-12, -0.0871557, -4.46982e-12, -1, -8.49977e-12, -0.0871557, 8.857e-12, -0.996195, 0
16.1, 2025-07-03__01-13-45.974933, -0.0738702, -0.250937, 0.0510061, -1.64652, -0.025507, 1.28227, 0.712801, 0.00140464, 8.44073e-05, -0.000669021, -0.000668172, 3.42278e-05, -3.20545e-05, 0.000933056, -0.286869, -0.416061, -0.720308, -0.396507, 0.316873, -0.125711, -0.559115, 0, 0, 0, 8, 0, 0, 0, 0.413097, -0.0177111, 0.45313, 0.48638, -0.0156758, 0.542604, 0.996195, -3.71201e-12, -0.0871557, -4.46982e-12, -1, -8.49977e-12, -0.0871557, 8.857e-12, -0.996195, 0
16.11, 2025-07-03__01-13-45.984929, -0.0738687, -0.250937, 0.0510001, -1.64651, -0.025507, 1.28227, 0.7128, 0.0011268, -0.000600292, -0.00181182, -0.000105947, 0.000141499, -0.000425971, 0.000726098, -0.259962, -0.368548, -0.685506, -0.425748, 0.318918, -0.124866, -0.558012, 0, 0, 0, 8, 0, 0, 0, 0.413099, -0.0177125, 0.453133, 0.48638, -0.0156758, 0.542604, 0.996195, -3.71201e-12, -0.0871557, -4.46982e-12, -1, -8.49977e-12, -0.0871557, 8.857e-12, -0.996195, 0
16.12, 2025-07-03__01-13-45.994929, -0.0738733, -0.250937, 0.0510086, -1.64652, -0.0255077, 1.28227, 0.712797, -0.000909332, 0.000366795, 0.000286886, 0.000557267, -0.000105998, 0.00014874, 0.00091394, -0.266489, -0.405119, -0.697406, -0.415947, 0.32001, -0.128978, -0.558897, 0, 0, 0, 8, 0, 0, 0, 0.413097, -0.0177101, 0.453131, 0.48638, -0.0156758, 0.542604, 0.996195, -3.71201e-12, -0.0871557, -4.46982e-12, -1, -8.49977e-12, -0.0871557, 8.857e-12, -0.996195, 0
16.13, 2025-07-03__01-13-46.004931, -0.0738733, -0.25094, 0.0510051, -1.64652, -0.0255064, 1.28227, 0.712797, -0.000861341, -0.00130434, 0.000347646, -0.000506044, 0.000282276, -0.000169714, 3.93084e-05, -0.271563, -0.344779, -0.703053, -0.430862, 0.316759, -0.125887, -0.553647, 0, 0, 0, 8, 0, 0, 0, 0.413097, -0.0177125, 0.453129, 0.48638, -0.0156758, 0.542604, 0.996195, -3.71201e-12, -0.0871557, -4.46982e-12, -1, -8.49977e-12, -0.0871557, 8.857e-12, -0.996195, 0
16.14, 2025-07-03__01-13-46.014929, -0.0738681, -0.250937, 0.0510039, -1.64652, -0.0255077, 1.28227, 0.712795, 0.00208344, -0.00330406, 0.000569742, 0.0001391, -0.000145737, -1.87405e-05, -0.00134813, -0.329667, -0.227293, -0.771334, -0.489848, 0.311921, -0.129374, -0.544931, 0, 0, 0, 8, 0, 0, 0, 0.413096, -0.0177123, 0.453132, 0.48638, -0.0156758, 0.542604, 0.996195, -3.71201e-12, -0.0871557, -4.46982e-12, -1, -8.49977e-12, -0.0871557, 8.857e-12, -0.996195, 0
16.15, 2025-07-03__01-13-46.024942, -0.0738709, -0.250937, 0.0510054, -1.64652, -0.0255077, 1.28227, 0.712796, 0.00203481, 0.000189991, 0.00115454, -0.00375282, -9.69448e-05, -0.00030782, 0.00108081, -0.333107, -0.486616, -0.779942, -0.327539, 0.313423, -0.118245, -0.559558, 0, 0, 0, 8, 0, 0, 0, 0.413096, -0.0177143, 0.453131, 0.48638, -0.0156758, 0.542604, 0.996195, -3.71201e-12, -0.0871557, -4.46982e-12, -1, -8.49977e-12, -0.0871557, 8.857e-12, -0.996195, 0
16.16, 2025-07-03__01-13-46.034944, -0.0738761, -0.250937, 0.0510029, -1.64651, -0.0255064, 1.28227, 0.712791, -0.0012983, -0.000116816, -0.000149642, 0.000305792, 0.000127341, -0.000207295, -0.000747333, -0.251322, -0.384659, -0.678261, -0.423319, 0.320223, -0.126773, -0.548698, 0, 0, 0, 8, 0, 0, 0, 0.413099, -0.0177124, 0.453134, 0.48638, -0.0156758, 0.542604, 0.996195, -3.71201e-12, -0.0871557, -4.46982e-12, -1, -8.49977e-12, -0.0871557, 8.857e-12, -0.996195, 0
16.17, 2025-07-03__01-13-46.044931, -0.0738711, -0.250935, 0.0510001, -1.64652, -0.0255077, 1.28227, 0.712796, -0.0011722, -0.00114927, -0.000377521, -0.000719295, 0.000117269, 0.000345831, -0.00110162, -0.250439, -0.361222, -0.676748, -0.422507, 0.320502, -0.128686, -0.546826, 0, 0, 0, 8, 0, 0, 0, 0.413097, -0.017714, 0.453129, 0.48638, -0.0156758, 0.542604, 0.996195, -3.71201e-12, -0.0871557, -4.46982e-12, -1, -8.49977e-12, -0.0871557, 8.857e-12, -0.996195, 0
16.18, 2025-07-03__01-13-46.054929, -0.0738765, -0.250935, 0.0510001, -1.64651, -0.0255064, 1.28227, 0.712788, -0.00180577, 0.000543627, -0.000661796, -0.00317892, 8.52555e-05, 5.08872e-06, -0.000474773, -0.229499, -0.498137, -0.653132, -0.333637, 0.324397, -0.121306, -0.550231, 0, 0, 0, 8, 0, 0, 0, 0.413099, -0.0177157, 0.453133, 0.48638, -0.0156758, 0.542604, 0.996195, -3.71201e-12, -0.0871557, -4.46982e-12, -1, -8.49977e-12, -0.0871557, 8.857e-12, -0.996195, 0
16.19, 2025-07-03__01-13-46.064931, -0.073868, -0.250938, 0.050998, -1.64651, -0.0255066, 1.28227, 0.712795, 0.00144199, 0.000459867, -0.000721068, 0.00050165, -0.000183739, -0.000439312, 0.00122943, -0.284868, -0.404505, -0.717334, -0.415195, 0.318195, -0.125412, -0.560723, 0, 0, 0, 8, 0, 0, 0, 0.413099, -0.0177125, 0.453135, 0.48638, -0.0156758, 0.542604, 0.996195, -3.71201e-12, -0.0871557, -4.46982e-12, -1, -8.49977e-12, -0.0871557, 8.857e-12, -0.996195, 0
16.2, 2025-07-03__01-13-46.074931, -0.0738687, -0.250936, 0.0510047, -1.64652, -0.0255077, 1.28227, 0.712788, 0.00150683, 0.000334712, 0.00116612, -0.000425626, -0.000226019, -0.000238514, -7.12557e-05, -0.325045, -0.420583, -0.768929, -0.39527, 0.314284, -0.12467, -0.552238, 0, 0, 0, 8, 0, 0, 0, 0.413097, -0.0177142, 0.453129, 0.48638, -0.0156758, 0.542604, 0.996195, -3.71201e-12, -0.0871557, -4.46982e-12, -1, -8.49977e-12, -0.0871557, 8.857e-12, -0.996195, 0
16.21, 2025-07-03__01-13-46.084933, -0.0738732, -0.250933, 0.0509969, -1.64651, -0.0255064, 1.28227, 0.712789, 0.000238103, -0.000703947, -0.000190524, 0.000495024, 0.00013372, -0.000237985, -0.000167372, -0.277195, -0.350691, -0.708525, -0.440048, 0.316869, -0.127219, -0.552123, 0, 0, 0, 8, 0, 0, 0, 0.413099, -0.0177158, 0.453132, 0.48638, -0.0156758, 0.542604, 0.996195, -3.71201e-12, -0.0871557, -4.46982e-12, -1, -8.49977e-12, -0.0871557, 8.857e-12, -0.996195, 0
16.22, 2025-07-03__01-13-46.094931, -0.0738716, -0.250938, 0.0510001, -1.64652, -0.0255077, 1.28227, 0.712788, 0.00066875, 0.000254112, -0.00054669, 0.000109255, -0.000371819, -0.000730108, -0.000861548, -0.275091, -0.408437, -0.706138, -0.407865, 0.320788, -0.122196, -0.547729, 0, 0, 0, 8, 0, 0, 0, 0.413097, -0.0177144, 0.45313, 0.48638, -0.0156758, 0.542604, 0.996195, -3.71201e-12, -0.0871557, -4.46982e-12, -1, -8.49977e-12, -0.0871557, 8.857e-12, -0.996195, 0
16.23, 2025-07-03__01-13-46.104932, -0.0738716, -0.250933, 0.0509969, -1.64652, -0.025507, 1.28227, 0.712793, 0.000407374, 0.0022804, -0.000875547, -0.00172563, 0.000103727, -0.000341449, -0.00235348, -0.260232, -0.552796, -0.689631, -0.322766, 0.320677, -0.120037, -0.538995, 0, 0, 0, 8, 0, 0, 0, 0.413099, -0.0177158, 0.453134, 0.48638, -0.0156758, 0.542604, 0.996195, -3.71201e-12, -0.0871557, -4.46982e-12, -1, -8.49977e-12, -0.0871557, 8.857e-12, -0.996195, 0
16.24, 2025-07-03__01-13-46.114932, -0.0738729, -0.25094, 0.0509997, -1.64651, -0.025507, 1.28227, 0.712788, -2.70803e-05, 0.000133606, 7.76988e-05, 0.000767084, 0.000703559, -0.000118794, 0.000223138, -0.278404, -0.38244, -0.710708, -0.42893, 0.313312, -0.128292, -0.554388, 0, 0, 0, 8, 0, 0, 0, 0.413097, -0.0177136, 0.45313, 0.48638, -0.0156758, 0.542604, 0.996195, -3.71201e-12, -0.0871557, -4.46982e-12, -1, -8.49977e-12, -0.0871557, 8.857e-12, -0.996195, 0
16.25, 2025-07-03__01-13-46.124930, -0.0738718, -0.250943, 0.0509969, -1.64651, -0.025507, 1.28227, 0.71278, 0.000355264, -0.000915901, -0.000275107, 0.000609175, 0.000155529, 0.000694421, -0.00120408, -0.278444, -0.33238, -0.709572, -0.451166, 0.316651, -0.134304, -0.545377, 0, 0, 0, 8, 0, 0, 0, 0.413096, -0.0177173, 0.45313, 0.48638, -0.0156758, 0.542604, 0.996195, -3.71201e-12, -0.0871557, -4.46982e-12, -1, -8.49977e-12, -0.0871557, 8.857e-12, -0.996195, 0
16.26, 2025-07-03__01-13-46.134931, -0.0738734, -0.250939, 0.0509969, -1.64652, -0.0255073, 1.28227, 0.712781, -0.000671221, 0.00155101, -0.000536447, 0.000515998, 0.000543946, 0.000430279, -0.00115183, -0.251594, -0.464301, -0.678513, -0.389766, 0.318078, -0.130092, -0.545802, 0, 0, 0, 8, 0, 0, 0, 0.413098, -0.0177129, 0.453137, 0.48638, -0.0156758, 0.542604, 0.996195, -3.71201e-12, -0.0871557, -4.46982e-12, -1, -8.49977e-12, -0.0871557, 8.857e-12, -0.996195, 0
16.27, 2025-07-03__01-13-46.144931, -0.0738708, -0.250944, 0.0509995, -1.64652, -0.0255059, 1.28227, 0.712785, 0.000197678, 0.00022892, 0.000122512, 0.000540978, 0.000132719, 0.000331501, -0.00286466, -0.282092, -0.393513, -0.715345, -0.420959, 0.316693, -0.130494, -0.535433, 0, 0, 0, 8, 0, 0, 0, 0.413096, -0.0177126, 0.453134, 0.48638, -0.0156758, 0.542604, 0.996195, -3.71201e-12, -0.0871557, -4.46982e-12, -1, -8.49977e-12, -0.0871557, 8.857e-12, -0.996195, 0
16.28, 2025-07-03__01-13-46.154929, -0.0738755, -0.250941, 0.0509947, -1.64652, -0.0255034, 1.28227, 0.712776, -0.000869938, 0.000780021, -0.000239973, -0.000112445, 2.76951e-05, 3.71747e-05, -0.00229574, -0.25379, -0.439765, -0.681462, -0.393025, 0.320953, -0.126736, -0.538585, 0, 0, 0, 8, 0, 0, 0, 0.413096, -0.0177157, 0.453131, 0.48638, -0.0156758, 0.542604, 0.996195, -3.71201e-12, -0.0871557, -4.46982e-12, -1, -8.49977e-12, -0.0871557, 8.857e-12, -0.996195, 0
16.29, 2025-07-03__01-13-46.164931, -0.0738733, -0.250941, 0.0509994, -1.64652, -0.0255076, 1.28227, 0.712782, -0.000294147, 0.000394327, 0.000118556, -0.000871049, -0.000211218, 0.000523117, 0.000970517, -0.27174, -0.435962, -0.703753, -0.386349, 0.320603, -0.129063, -0.558581, 0, 0, 0, 8, 0, 0, 0, 0.413096, -0.0177161, 0.453132, 0.48638, -0.0156758, 0.542604, 0.996195, -3.71201e-12, -0.0871557, -4.46982e-12, -1, -8.49977e-12, -0.0871557, 8.857e-12, -0.996195, 0
16.3, 2025-07-03__01-13-46.174930, -0.0738736, -0.250949, 0.0509994, -1.64651, -0.0255076, 1.28226, 0.712785, -0.00087336, -0.00161897, -0.000296944, 0.000869826, -0.000397315, 2.08809e-05, 0.00397945, -0.25713, -0.293662, -0.683839, -0.471119, 0.322211, -0.130113, -0.577113, 0, 0, 0, 8, 0, 0, 0, 0.413096, -0.0177126, 0.453134, 0.48638, -0.0156758, 0.542604, 0.996195, -3.71201e-12, -0.0871557, -4.46982e-12, -1, -8.49977e-12, -0.0871557, 8.857e-12, -0.996195, 0
16.31, 2025-07-03__01-13-46.184932, -0.0738786, -0.250944, 0.0509973, -1.64651, -0.0255038, 1.28226, 0.712778, -0.002372, -0.000400677, -2.85539e-05, 0.00137996, -8.87778e-05, 0.000291823, -0.00168183, -0.234918, -0.346994, -0.658189, -0.453627, 0.323097, -0.131805, -0.542544, 0, 0, 0, 8, 0, 0, 0, 0.413096, -0.0177138, 0.453132, 0.48638, -0.0156758, 0.542604, 0.996195, -3.71201e-12, -0.0871557, -4.46982e-12, -1, -8.49977e-12, -0.0871557, 8.857e-12, -0.996195, 0
16.32, 2025-07-03__01-13-46.194931, -0.0738755, -0.250941, 0.0509975, -1.64652, -0.0255038, 1.28226, 0.712782, -0.00173992, 0.000199549, -8.9629e-05, -0.00115226, -0.000141359, 0.000290306, 0.0010663, -0.242517, -0.437479, -0.66858, -0.382934, 0.323434, -0.126238, -0.559253, 0, 0, 0, 8, 0, 0, 0, 0.413098, -0.0177125, 0.453136, 0.48638, -0.0156758, 0.542604, 0.996195, -3.71201e-12, -0.0871557, -4.46982e-12, -1, -8.49977e-12, -0.0871557, 8.857e-12, -0.996195, 0
16.33, 2025-07-03__01-13-46.204933, -0.0738733, -0.250949, 0.0509973, -1.64652, -0.0255066, 1.28227, 0.712781, -0.000323004, -0.0011795, -0.00015877, -0.000486345, 4.57419e-05, 0.000164373, 0.000492344, -0.268925, -0.346103, -0.698848, -0.431219, 0.318666, -0.128473, -0.555716, 0, 0, 0, 8, 0, 0, 0, 0.413096, -0.0177148, 0.453134, 0.48638, -0.0156758, 0.542604, 0.996195, -3.71201e-12, -0.0871557, -4.46982e-12, -1, -8.49977e-12, -0.0871557, 8.857e-12, -0.996195, 0
16.34, 2025-07-03__01-13-46.214933, -0.0738736, -0.250949, 0.0509961, -1.64652, -0.0255037, 1.28227, 0.712773, -0.00355764, -0.000937772, 0.00275137, 6.52117e-05, 3.79421e-05, -4.43247e-05, -0.000614593, -0.272359, -0.346914, -0.707886, -0.436064, 0.318358, -0.127885, -0.548562, 0, 0, 0, 8, 0, 0, 0, 0.413095, -0.0177181, 0.453134, 0.48638, -0.0156758, 0.542604, 0.996195, -3.71201e-12, -0.0871557, -4.46982e-12, -1, -8.49977e-12, -0.0871557, 8.857e-12, -0.996195, 0
16.35, 2025-07-03__01-13-46.224931, -0.0738758, -0.250947, 0.0509974, -1.64651, -0.025507, 1.28227, 0.712777, -0.00133389, -0.0011948, 0.00110268, 0.00124678, 6.38958e-05, 0.000293421, 0.000856004, -0.27772, -0.303282, -0.710784, -0.47073, 0.317039, -0.133055, -0.557766, 0, 0, 0, 8, 0, 0, 0, 0.413098, -0.0177171, 0.453136, 0.48638, -0.0156758, 0.542604, 0.996195, -3.71201e-12, -0.0871557, -4.46982e-12, -1, -8.49977e-12, -0.0871557, 8.857e-12, -0.996195, 0
16.36, 2025-07-03__01-13-46.234932, -0.0738701, -0.250942, 0.0509966, -1.64651, -0.0255034, 1.28226, 0.71277, 0.00487738, 0.00108726, 0.000478357, 0.000803033, -0.00013127, -0.000643983, -0.00529135, -0.366797, -0.421075, -0.816975, -0.407806, 0.308464, -0.123744, -0.519608, 0, 0, 0, 8, 0, 0, 0, 0.413096, -0.0177157, 0.453134, 0.48638, -0.0156758, 0.542604, 0.996195, -3.71201e-12, -0.0871557, -4.46982e-12, -1, -8.49977e-12, -0.0871557, 8.857e-12, -0.996195, 0
16.37, 2025-07-03__01-13-46.244932, -0.0738736, -0.250941, 0.0509965, -1.64652, -0.0255076, 1.28227, 0.712779, -0.000445624, 0.00184302, -7.85229e-05, 0.000502323, -0.000270308, 0.000169454, 8.47121e-05, -0.262445, -0.477491, -0.692441, -0.382649, 0.322055, -0.12826, -0.55314, 0, 0, 0, 8, 0, 0, 0, 0.413095, -0.0177142, 0.453135, 0.48638, -0.0156758, 0.542604, 0.996195, -3.71201e-12, -0.0871557, -4.46982e-12, -1, -8.49977e-12, -0.0871557, 8.857e-12, -0.996195, 0
16.38, 2025-07-03__01-13-46.254932, -0.0738757, -0.25095, 0.0509937, -1.64651, -0.0255032, 1.28226, 0.712768, -0.000838664, -0.00128024, -0.000283453, 0.00110263, 0.000337712, -0.000380596, -0.000963062, -0.258124, -0.304694, -0.684815, -0.46817, 0.317473, -0.127464, -0.546336, 0, 0, 0, 8, 0, 0, 0, 0.413092, -0.0177166, 0.453132, 0.48638, -0.0156758, 0.542604, 0.996195, -3.71201e-12, -0.0871557, -4.46982e-12, -1, -8.49977e-12, -0.0871557, 8.857e-12, -0.996195, 0
16.39, 2025-07-03__01-13-46.264930, -0.073868, -0.25095, 0.0509958, -1.64652, -0.0255058, 1.28226, 0.712768, 0.000588984, -0.000399652, 0.00123111, -0.000866946, -1.68835e-05, -0.000393533, -0.00162592, -0.311465, -0.391061, -0.752355, -0.403874, 0.314598, -0.122893, -0.541963, 0, 0, 0, 8, 0, 0, 0, 0.413095, -0.0177135, 0.453135, 0.48638, -0.0156758, 0.542604, 0.996195, -3.71201e-12, -0.0871557, -4.46982e-12, -1, -8.49977e-12, -0.0871557, 8.857e-12, -0.996195, 0
16.4, 2025-07-03__01-13-46.274931, -0.073879, -0.250947, 0.0509955, -1.64652, -0.0255028, 1.28226, 0.712775, -0.00128972, 1.29236e-05, 0.000155589, -1.27852e-05, 0.000340249, -0.000146331, 0.000292727, -0.256309, -0.398726, -0.684749, -0.412338, 0.318303, -0.125657, -0.55427, 0, 0, 0, 8, 0, 0, 0, 0.413094, -0.0177184, 0.453137, 0.48638, -0.0156758, 0.542604, 0.996195, -3.71201e-12, -0.0871557, -4.46982e-12, -1, -8.49977e-12, -0.0871557, 8.857e-12, -0.996195, 0
16.41, 2025-07-03__01-13-46.284932, -0.073874, -0.250945, 0.0509933, -1.64652, -0.0255062, 1.28226, 0.712774, -0.000314815, 0.000902421, 0.000567439, -0.000580664, -0.000223386, 0.000290905, 0.000990774, -0.27868, -0.453945, -0.712836, -0.380657, 0.319867, -0.127146, -0.55835, 0, 0, 0, 8, 0, 0, 0, 0.413091, -0.0177175, 0.453135, 0.48638, -0.0156758, 0.542604, 0.996195, -3.71201e-12, -0.0871557, -4.46982e-12, -1, -8.49977e-12, -0.0871557, 8.857e-12, -0.996195, 0
16.42, 2025-07-03__01-13-46.294931, -0.073868, -0.250945, 0.0509933, -1.64652, -0.025504, 1.28226, 0.712774, 0.000984047, 0.00066491, -2.64228e-05, -0.00190421, -0.000336872, 0.00014688, 0.0016412, -0.289072, -0.470737, -0.724515, -0.357707, 0.319596, -0.123917, -0.562094, 0, 0, 0, 8, 0, 0, 0, 0.413094, -0.0177157, 0.453137, 0.48638, -0.0156758, 0.542604, 0.996195, -3.71201e-12, -0.0871557, -4.46982e-12, -1, -8.49977e-12, -0.0871557, 8.857e-12, -0.996195, 0
16.43, 2025-07-03__01-13-46.304932, -0.0738708, -0.250947, 0.0509933, -1.64652, -0.0255033, 1.28226, 0.712766, 0.000328064, -7.11723e-05, 0.000501139, -0.000471746, -0.000399793, -5.90593e-05, -0.00112551, -0.290132, -0.401622, -0.725668, -0.40475, 0.319325, -0.125574, -0.544984, 0, 0, 0, 8, 0, 0, 0, 0.413092, -0.017716, 0.453133, 0.48638, -0.0156758, 0.542604, 0.996195, -3.71201e-12, -0.0871557, -4.46982e-12, -1, -8.49977e-12, -0.0871557, 8.857e-12, -0.996195, 0
16.44, 2025-07-03__01-13-46.314932, -0.0738708, -0.250949, 0.0509933, -1.64652, -0.0255069, 1.28226, 0.712771, -8.13843e-05, 6.7508e-05, -0.000531473, -0.000749493, 3.85194e-05, -9.52918e-05, 0.00117014, -0.262775, -0.415948, -0.691485, -0.396204, 0.319926, -0.12475, -0.559328, 0, 0, 0, 8, 0, 0, 0, 0.413092, -0.0177141, 0.453134, 0.48638, -0.0156758, 0.542604, 0.996195, -3.71201e-12, -0.0871557, -4.46982e-12, -1, -8.49977e-12, -0.0871557, 8.857e-12, -0.996195, 0
16.45, 2025-07-03__01-13-46.324929, -0.0738708, -0.250945, 0.0509905, -1.64651, -0.0255029, 1.28226, 0.71277, 0.000433829, 0.000713162, -0.00107411, 0.00105702, -0.000147519, -8.62453e-05, 0.000763648, -0.259036, -0.40569, -0.685542, -0.42222, 0.320901, -0.128134, -0.55681, 0, 0, 0, 8, 0, 0, 0, 0.413092, -0.0177156, 0.453134, 0.48638, -0.0156758, 0.542604, 0.996195, -3.71201e-12, -0.0871557, -4.46982e-12, -1, -8.49977e-12, -0.0871557, 8.857e-12, -0.996195, 0
16.46, 2025-07-03__01-13-46.334932, -0.0738733, -0.250945, 0.0509933, -1.64652, -0.0255026, 1.28226, 0.712763, -0.000363897, -0.000152105, 0.00052108, -0.000370063, 8.0317e-05, 0.000321784, -0.000643862, -0.279575, -0.397087, -0.71302, -0.408967, 0.317442, -0.128318, -0.547821, 0, 0, 0, 8, 0, 0, 0, 0.413094, -0.0177165, 0.453136, 0.48638, -0.0156758, 0.542604, 0.996195, -3.71201e-12, -0.0871557, -4.46982e-12, -1, -8.49977e-12, -0.0871557, 8.857e-12, -0.996195, 0
16.47, 2025-07-03__01-13-46.344932, -0.0738708, -0.250952, 0.0509956, -1.64652, -0.0255024, 1.28226, 0.712765, -0.000358876, -0.00154879, 0.00104058, -0.00096043, 0.000115532, 0.000193054, -0.00012645, -0.293292, -0.337012, -0.7298, -0.42899, 0.31541, -0.127465, -0.550957, 0, 0, 0, 8, 0, 0, 0, 0.413094, -0.0177142, 0.453137, 0.48638, -0.0156758, 0.542604, 0.996195, -3.71201e-12, -0.0871557, -4.46982e-12, -1, -8.49977e-12, -0.0871557, 8.857e-12, -0.996195, 0
16.48, 2025-07-03__01-13-46.354931, -0.0738708, -0.25095, 0.0509912, -1.64652, -0.025502, 1.28226, 0.712761, -0.000331716, -0.000191802, -0.000426912, 0.000757567, 0.000277347, 1.36463e-05, -0.00147878, -0.261777, -0.369003, -0.689548, -0.434721, 0.317874, -0.128385, -0.54273, 0, 0, 0, 8, 0, 0, 0, 0.413092, -0.0177154, 0.453135, 0.48638, -0.0156758, 0.542604, 0.996195, -3.71201e-12, -0.0871557, -4.46982e-12, -1, -8.49977e-12, -0.0871557, 8.857e-12, -0.996195, 0
16.49, 2025-07-03__01-13-46.364928, -0.0738711, -0.25095, 0.0509895, -1.64651, -0.0255022, 1.28226, 0.712765, 0.000861314, 0.000301403, -0.000868444, 0.00159289, 0.000112525, 7.46429e-05, 0.00098085, -0.271854, -0.369832, -0.700654, -0.444455, 0.317434, -0.130688, -0.557861, 0, 0, 0, 8, 0, 0, 0, 0.413093, -0.0177195, 0.45314, 0.48638, -0.0156758, 0.542604, 0.996195, -3.71201e-12, -0.0871557, -4.46982e-12, -1, -8.49977e-12, -0.0871557, 8.857e-12, -0.996195, 0
16.5, 2025-07-03__01-13-46.374933, -0.0738733, -0.25095, 0.0509936, -1.64652, -0.025504, 1.28226, 0.712756, -0.000127428, -0.000204225, 0.00124685, -9.68766e-05, -0.000229144, 0.000268703, -0.00162031, -0.298176, -0.384572, -0.736263, -0.416891, 0.317312, -0.128711, -0.541516, 0, 0, 0, 8, 0, 0, 0, 0.413091, -0.0177177, 0.453135, 0.48638, -0.0156758, 0.542604, 0.996195, -3.71201e-12, -0.0871557, -4.46982e-12, -1, -8.49977e-12, -0.0871557, 8.857e-12, -0.996195, 0
16.51, 2025-07-03__01-13-46.384932, -0.0738737, -0.250953, 0.0509923, -1.64652, -0.0255068, 1.28226, 0.712761, 0.000825455, -0.000526294, 0.000383353, -0.000841707, -1.97487e-07, 0.000244618, 0.000697815, -0.29749, -0.383504, -0.734133, -0.409244, 0.31602, -0.127509, -0.555887, 0, 0, 0, 8, 0, 0, 0, 0.413093, -0.0177206, 0.453139, 0.48638, -0.0156758, 0.542604, 0.996195, -3.71201e-12, -0.0871557, -4.46982e-12, -1, -8.49977e-12, -0.0871557, 8.857e-12, -0.996195, 0
16.52, 2025-07-03__01-13-46.394931, -0.0738711, -0.25095, 0.050993, -1.64651, -0.0255059, 1.28226, 0.712756, 0.000862772, 0.000575899, 0.000180625, 0.000142813, 0.000121321, 0.000332137, -0.00122031, -0.293106, -0.413803, -0.72857, -0.407696, 0.315834, -0.12965, -0.54395, 0, 0, 0, 8, 0, 0, 0, 0.413091, -0.0177187, 0.453136, 0.48638, -0.0156758, 0.542604, 0.996195, -3.71201e-12, -0.0871557, -4.46982e-12, -1, -8.49977e-12, -0.0871557, 8.857e-12, -0.996195, 0
16.53, 2025-07-03__01-13-46.404933, -0.0738708, -0.250952, 0.0509873, -1.64651, -0.0255022, 1.28226, 0.712765, -0.00022144, 0.000523347, -0.00079391, -0.000222954, -0.000199801, -0.000125982, -0.000939424, -0.253192, -0.422493, -0.679414, -0.400278, 0.322369, -0.125799, -0.546281, 0, 0, 0, 8, 0, 0, 0, 0.413093, -0.0177166, 0.45314, 0.48638, -0.0156758, 0.542604, 0.996195, -3.71201e-12, -0.0871557, -4.46982e-12, -1, -8.49977e-12, -0.0871557, 8.857e-12, -0.996195, 0
16.54, 2025-07-03__01-13-46.414933, -0.0738709, -0.25095, 0.0509902, -1.64652, -0.0255016, 1.28226, 0.71276, 0.000172386, -0.000293343, 0.000975951, -0.00128862, 0.000154774, -8.73281e-06, -0.000132823, -0.297924, -0.406757, -0.735862, -0.393139, 0.315047, -0.124681, -0.550708, 0, 0, 0, 8, 0, 0, 0, 0.413094, -0.0177182, 0.453139, 0.48638, -0.0156758, 0.542604, 0.996195, -3.71201e-12, -0.0871557, -4.46982e-12, -1, -8.49977e-12, -0.0871557, 8.857e-12, -0.996195, 0
16.55, 2025-07-03__01-13-46.424932, -0.0738709, -0.250948, 0.0509904, -1.64651, -0.0255054, 1.28226, 0.712763, -0.000824298, -0.00100037, -0.00109705, 0.000203658, -0.000248874, -0.000192269, 0.00263268, -0.239769, -0.341073, -0.662024, -0.442461, 0.323753, -0.126919, -0.567887, 0, 0, 0, 8, 0, 0, 0, 0.413094, -0.017717, 0.453138, 0.48638, -0.0156758, 0.542604, 0.996195, -3.71201e-12, -0.0871557, -4.46982e-12, -1, -8.49977e-12, -0.0871557, 8.857e-12, -0.996195, 0
16.56, 2025-07-03__01-13-46.434933, -0.073868, -0.250948, 0.0509901, -1.64651, -0.0255016, 1.28226, 0.712754, 0.000453643, 0.000424593, 0.000429716, 7.9047e-05, 0.000331127, 0.000181012, -0.00023823, -0.291524, -0.409008, -0.726923, -0.408977, 0.314488, -0.128519, -0.549751, 0, 0, 0, 8, 0, 0, 0, 0.413092, -0.0177162, 0.453135, 0.48638, -0.0156758, 0.542604, 0.996195, -3.71201e-12, -0.0871557, -4.46982e-12, -1, -8.49977e-12, -0.0871557, 8.857e-12, -0.996195, 0
16.57, 2025-07-03__01-13-46.444931, -0.073868, -0.250956, 0.0509901, -1.64652, -0.0255027, 1.28226, 0.712753, 0.000847163, -0.00104643, 0.000246013, -0.00030109, 5.54877e-05, -0.000351536, 0.000759501, -0.296484, -0.344663, -0.731977, -0.432153, 0.315348, -0.1248, -0.555749, 0, 0, 0, 8, 0, 0, 0, 0.413091, -0.0177176, 0.453136, 0.48638, -0.0156758, 0.542604, 0.996195, -3.71201e-12, -0.0871557, -4.46982e-12, -1, -8.49977e-12, -0.0871557, 8.857e-12, -0.996195, 0
16.58, 2025-07-03__01-13-46.454930, -0.073868, -0.250951, 0.0509873, -1.64652, -0.0255022, 1.28226, 0.712748, 0.00122027, 0.000380469, -0.000506444, -0.00137822, -0.00159462, -0.00018885, -0.000967549, -0.280946, -0.443143, -0.713393, -0.375761, 0.328431, -0.122899, -0.544988, 0, 0, 0, 8, 0, 0, 0, 0.413093, -0.0177169, 0.45314, 0.48638, -0.0156758, 0.542604, 0.996195, -3.71201e-12, -0.0871557, -4.46982e-12, -1, -8.49977e-12, -0.0871557, 8.857e-12, -0.996195, 0
16.59, 2025-07-03__01-13-46.464932, -0.0738729, -0.250956, 0.050988, -1.64652, -0.0255022, 1.28226, 0.712752, -0.00284245, 0.000317812, 0.000403625, -0.000964565, -3.858e-05, 0.000281612, 0.00469484, -0.232941, -0.43332, -0.657591, -0.387308, 0.323992, -0.127004, -0.579837, 0, 0, 0, 8, 0, 0, 0, 0.413091, -0.0177177, 0.453137, 0.48638, -0.0156758, 0.542604, 0.996195, -3.71201e-12, -0.0871557, -4.46982e-12, -1, -8.49977e-12, -0.0871557, 8.857e-12, -0.996195, 0
16.6, 2025-07-03__01-13-46.474933, -0.0738708, -0.250955, 0.0509871, -1.64651, -0.025504, 1.28226, 0.712745, 0.000578678, -0.0018092, -0.000988583, 0.000698612, -0.00702902, 4.29548e-05, -0.00440456, -0.253876, -0.287334, -0.678635, -0.470989, 0.365033, -0.13029, -0.52412, 0, 0, 0, 8, 0, 0, 0, 0.413094, -0.0177189, 0.453137, 0.48638, -0.0156758, 0.542604, 0.996195, -3.71201e-12, -0.0871557, -4.46982e-12, -1, -8.49977e-12, -0.0871557, 8.857e-12, -0.996195, 0
16.61, 2025-07-03__01-13-46.484932, -0.0738758, -0.250951, 0.0509901, -1.64652, -0.0255016, 1.28226, 0.712746, 0.00322648, 0.000150958, 0.000438168, -0.00129254, -0.000152425, -2.8252e-05, 0.000586632, -0.337155, -0.423978, -0.781845, -0.384096, 0.312427, -0.124469, -0.55422, 0, 0, 0, 8, 0, 0, 0, 0.413091, -0.017716, 0.453135, 0.48638, -0.0156758, 0.542604, 0.996195, -3.71201e-12, -0.0871557, -4.46982e-12, -1, -8.49977e-12, -0.0871557, 8.857e-12, -0.996195, 0
16.62, 2025-07-03__01-13-46.494932, -0.0738734, -0.250953, 0.0509877, -1.64651, -0.0255022, 1.28226, 0.712741, -0.000954379, 0.000546153, 0.000491595, 0.000963565, 4.23751e-05, -1.7016e-05, -0.00159528, -0.267584, -0.395634, -0.698159, -0.425372, 0.319035, -0.128774, -0.54106, 0, 0, 0, 8, 0, 0, 0, 0.413093, -0.0177178, 0.453141, 0.48638, -0.0156758, 0.542604, 0.996195, -3.71201e-12, -0.0871557, -4.46982e-12, -1, -8.49977e-12, -0.0871557, 8.857e-12, -0.996195, 0
16.63, 2025-07-03__01-13-46.504932, -0.0738655, -0.250956, 0.0509827, -1.64652, -0.0255035, 1.28226, 0.712743, 0.0018252, -0.000605956, -0.00162436, -0.00206769, -0.00041805, -0.000315352, -0.000935621, -0.272315, -0.407891, -0.700701, -0.38459, 0.321962, -0.121438, -0.545072, 0, 0, 0, 8, 0, 0, 0, 0.413093, -0.0177169, 0.45314, 0.48638, -0.0156758, 0.542604, 0.996195, -3.71201e-12, -0.0871557, -4.46982e-12, -1, -8.49977e-12, -0.0871557, 8.857e-12, -0.996195, 0
16.64, 2025-07-03__01-13-46.514932, -0.0738733, -0.250959, 0.050985, -1.64652, -0.0255029, 1.28226, 0.712742, -0.000293067, -0.00152593, -0.000291879, -0.00023056, -0.000103499, 0.000625344, -0.000982386, -0.265688, -0.320577, -0.694005, -0.446455, 0.319936, -0.131897, -0.54491, 0, 0, 0, 8, 0, 0, 0, 0.413091, -0.0177198, 0.453136, 0.48638, -0.0156758, 0.542604, 0.996195, -3.71201e-12, -0.0871557, -4.46982e-12, -1, -8.49977e-12, -0.0871557, 8.857e-12, -0.996195, 0
16.65, 2025-07-03__01-13-46.524932, -0.0738708, -0.250953, 0.0509872, -1.64652, -0.0255019, 1.28226, 0.712749, 0.000574576, -0.000506506, -1.42744e-05, 0.000122491, -0.000101168, 0.000258131, 0.000891239, -0.284637, -0.364039, -0.717494, -0.429431, 0.317714, -0.129327, -0.556452, 0, 0, 0, 8, 0, 0, 0, 0.413091, -0.0177172, 0.453135, 0.48638, -0.0156758, 0.542604, 0.996195, -3.71201e-12, -0.0871557, -4.46982e-12, -1, -8.49977e-12, -0.0871557, 8.857e-12, -0.996195, 0
16.66, 2025-07-03__01-13-46.534933, -0.0738655, -0.250953, 0.050987, -1.64651, -0.0255022, 1.28226, 0.712742, 0.00213703, -0.000307748, 0.000331884, 0.000910271, -4.10608e-06, 0.000543994, 0.000387375, -0.319119, -0.348852, -0.758763, -0.445409, 0.31295, -0.133276, -0.552871, 0, 0, 0, 8, 0, 0, 0, 0.413091, -0.0177174, 0.453135, 0.48638, -0.0156758, 0.542604, 0.996195, -3.71201e-12, -0.0871557, -4.46982e-12, -1, -8.49977e-12, -0.0871557, 8.857e-12, -0.996195, 0
16.67, 2025-07-03__01-13-46.544931, -0.0738733, -0.250953, 0.0509876, -1.64652, -0.0255011, 1.28226, 0.712746, -0.000621758, 7.57926e-05, 6.94244e-05, -0.00087693, 0.00024776, 0.000304927, 0.000523871, -0.26511, -0.417101, -0.695073, -0.394788, 0.318317, -0.127379, -0.55413, 0, 0, 0, 8, 0, 0, 0, 0.413094, -0.017716, 0.453138, 0.48638, -0.0156758, 0.542604, 0.996195, -3.71201e-12, -0.0871557, -4.46982e-12, -1, -8.49977e-12, -0.0871557, 8.857e-12, -0.996195, 0
16.68, 2025-07-03__01-13-46.554931, -0.0738733, -0.250953, 0.0509901, -1.64651, -0.0255022, 1.28226, 0.712744, 6.30096e-05, 0.000412636, 0.00180514, 0.00124888, -4.54937e-05, -0.000476429, 0.00119253, -0.311879, -0.378896, -0.753121, -0.433878, 0.314152, -0.126434, -0.557914, 0, 0, 0, 8, 0, 0, 0, 0.413091, -0.0177205, 0.453136, 0.48638, -0.0156758, 0.542604, 0.996195, -3.71201e-12, -0.0871557, -4.46982e-12, -1, -8.49977e-12, -0.0871557, 8.857e-12, -0.996195, 0
16.69, 2025-07-03__01-13-46.564931, -0.0738733, -0.250953, 0.0509894, -1.64652, -0.0254997, 1.28226, 0.71274, -0.000341473, 0.000244357, 0.00136448, -7.10832e-05, -0.000133694, 8.88224e-05, -0.0100322, -0.296174, -0.405159, -0.734041, -0.407539, 0.317228, -0.127158, -0.489692, 0, 0, 0, 8, 0, 0, 0, 0.413091, -0.0177208, 0.453136, 0.48638, -0.0156758, 0.542604, 0.996195, -3.71201e-12, -0.0871557, -4.46982e-12, -1, -8.49977e-12, -0.0871557, 8.857e-12, -0.996195, 0
16.7, 2025-07-03__01-13-46.574929, -0.0738729, -0.250952, 0.0509841, -1.64652, -0.0255022, 1.28225, 0.712744, 0.000326724, 0.000320334, -0.000639282, 0.000292849, 0.000138978, -0.000258529, 0.00318875, -0.265884, -0.405229, -0.69439, -0.412408, 0.318469, -0.124823, -0.570236, 0, 0, 0, 8, 0, 0, 0, 0.413093, -0.0177188, 0.45314, 0.48638, -0.0156758, 0.542604, 0.996195, -3.71201e-12, -0.0871557, -4.46982e-12, -1, -8.49977e-12, -0.0871557, 8.857e-12, -0.996195, 0
16.71, 2025-07-03__01-13-46.584931, -0.073868, -0.250954, 0.0509869, -1.64652, -0.0255029, 1.28226, 0.712733, 0.00142409, 8.74611e-05, -0.000145393, 0.000319105, -0.000274075, 0.000216646, -0.00109974, -0.295623, -0.387308, -0.73041, -0.420638, 0.317865, -0.129089, -0.543472, 0, 0, 0, 8, 0, 0, 0, 0.413093, -0.0177162, 0.453139, 0.48638, -0.0156758, 0.542604, 0.996195, -3.71201e-12, -0.0871557, -4.46982e-12, -1, -8.49977e-12, -0.0871557, 8.857e-12, -0.996195, 0
16.72, 2025-07-03__01-13-46.594931, -0.0738733, -0.250959, 0.0509816, -1.64652, -0.0255012, 1.28226, 0.71274, -0.000281929, -0.00131158, -0.00141015, 0.000740561, 0.000338932, 0.000332068, 0.00168267, -0.243272, -0.311175, -0.664934, -0.462213, 0.319283, -0.131507, -0.561081, 0, 0, 0, 8, 0, 0, 0, 0.413091, -0.0177181, 0.453138, 0.48638, -0.0156758, 0.542604, 0.996195, -3.71201e-12, -0.0871557, -4.46982e-12, -1, -8.49977e-12, -0.0871557, 8.857e-12, -0.996195, 0
16.73, 2025-07-03__01-13-46.604932, -0.0738731, -0.250959, 0.0509816, -1.64651, -0.0254989, 1.28225, 0.712734, 0.00303006, -0.00113374, -0.00593292, 0.000838555, -6.32761e-05, -0.000483947, -0.000867112, -0.207002, -0.317982, -0.613655, -0.461494, 0.325857, -0.125616, -0.545368, 0, 0, 0, 8, 0, 0, 0, 0.413089, -0.0177192, 0.453142, 0.48638, -0.0156758, 0.542604, 0.996195, -3.71201e-12, -0.0871557, -4.46982e-12, -1, -8.49977e-12, -0.0871557, 8.857e-12, -0.996195, 0
16.74, 2025-07-03__01-13-46.614932, -0.0738729, -0.250959, 0.0509842, -1.64652, -0.0255028, 1.28226, 0.712738, 0.000596715, -0.000361524, -0.000528843, -0.000941866, -0.000133313, 0.000323939, 0.000726639, -0.273507, -0.39307, -0.703751, -0.404844, 0.319708, -0.127896, -0.55499, 0, 0, 0, 8, 0, 0, 0, 0.413092, -0.0177206, 0.453143, 0.48638, -0.0156758, 0.542604, 0.996195, -3.71201e-12, -0.0871557, -4.46982e-12, -1, -8.49977e-12, -0.0871557, 8.857e-12, -0.996195, 0
16.75, 2025-07-03__01-13-46.624932, -0.0738733, -0.250954, 0.0509869, -1.64651, -0.0255017, 1.28226, 0.712735, -0.000697982, 0.00135546, 0.00112463, 0.000797959, 0.000201421, 2.38763e-05, -0.000303123, -0.283483, -0.437283, -0.718622, -0.404087, 0.316448, -0.128389, -0.548515, 0, 0, 0, 8, 0, 0, 0, 0.41309, -0.0177174, 0.453139, 0.48638, -0.0156758, 0.542604, 0.996195, -3.71201e-12, -0.0871557, -4.46982e-12, -1, -8.49977e-12, -0.0871557, 8.857e-12, -0.996195, 0
16.76, 2025-07-03__01-13-46.634929, -0.073874, -0.250957, 0.0509869, -1.64651, -0.0255001, 1.28226, 0.712734, -0.00029195, 0.000474105, -2.78131e-05, 0.00149366, -0.000277331, 0.000256942, 0.000450848, -0.267725, -0.377719, -0.697087, -0.440004, 0.3207, -0.131878, -0.553079, 0, 0, 0, 8, 0, 0, 0, 0.413093, -0.0177178, 0.453142, 0.48638, -0.0156758, 0.542604, 0.996195, -3.71201e-12, -0.0871557, -4.46982e-12, -1, -8.49977e-12, -0.0871557, 8.857e-12, -0.996195, 0
16.77, 2025-07-03__01-13-46.644929, -0.0738711, -0.250958, 0.0509866, -1.64652, -0.0255011, 1.28225, 0.712729, 1.21048e-05, -2.84408e-05, 0.000907519, -0.000398659, 6.48146e-05, 7.80506e-05, -0.00129105, -0.293186, -0.398475, -0.729571, -0.407082, 0.316204, -0.126271, -0.542142, 0, 0, 0, 8, 0, 0, 0, 0.41309, -0.0177182, 0.453139, 0.48638, -0.0156758, 0.542604, 0.996195, -3.71201e-12, -0.0871557, -4.46982e-12, -1, -8.49977e-12, -0.0871557, 8.857e-12, -0.996195, 0
16.78, 2025-07-03__01-13-46.654934, -0.0738715, -0.250956, 0.0509869, -1.64652, -0.0254979, 1.28226, 0.71273, -0.000114699, 0.000376335, 3.4831e-05, -0.000790193, -8.71623e-06, 0.000449347, 0.00129719, -0.272094, -0.427738, -0.703253, -0.390939, 0.319155, -0.128507, -0.557875, 0, 0, 0, 8, 0, 0, 0, 0.413093, -0.0177159, 0.453141, 0.48638, -0.0156758, 0.542604, 0.996195, -3.71201e-12, -0.0871557, -4.46982e-12, -1, -8.49977e-12, -0.0871557, 8.857e-12, -0.996195, 0
16.79, 2025-07-03__01-13-46.664929, -0.0738709, -0.25096, 0.0509887, -1.64651, -0.0254984, 1.28226, 0.712734, 0.00014725, 0.000263206, 0.00108307, 0.000543189, 0.000281096, 0.000183965, 0.00109857, -0.299531, -0.384421, -0.737138, -0.425116, 0.313637, -0.129957, -0.556799, 0, 0, 0, 8, 0, 0, 0, 0.413086, -0.0177195, 0.453141, 0.48638, -0.0156758, 0.542604, 0.996195, -3.71201e-12, -0.0871557, -4.46982e-12, -1, -8.49977e-12, -0.0871557, 8.857e-12, -0.996195, 0
16.8, 2025-07-03__01-13-46.674928, -0.0738726, -0.25096, 0.0509863, -1.64651, -0.0255018, 1.28226, 0.712725, 0.00432011, -0.00073696, 0.00106141, 0.00110937, 4.49745e-05, 0.000171456, -0.00155408, -0.371523, -0.31485, -0.822057, -0.460826, 0.306352, -0.131695, -0.540156, 0, 0, 0, 8, 0, 0, 0, 0.413091, -0.0177175, 0.453138, 0.48638, -0.0156758, 0.542604, 0.996195, -3.71201e-12, -0.0871557, -4.46982e-12, -1, -8.49977e-12, -0.0871557, 8.857e-12, -0.996195, 0
16.81, 2025-07-03__01-13-46.684929, -0.0738711, -0.250957, 0.0509809, -1.64651, -0.0254989, 1.28226, 0.712732, 0.000304892, 0.000582604, -0.0007121, 0.00179617, 4.05749e-05, 9.81022e-05, 0.000596131, -0.263949, -0.376518, -0.691172, -0.444023, 0.318947, -0.13125, -0.553916, 0, 0, 0, 8, 0, 0, 0, 0.41309, -0.017721, 0.453139, 0.48638, -0.0156758, 0.542604, 0.996195, -3.71201e-12, -0.0871557, -4.46982e-12, -1, -8.49977e-12, -0.0871557, 8.857e-12, -0.996195, 0
16.82, 2025-07-03__01-13-46.694929, -0.0738736, -0.250957, 0.050984, -1.64652, -0.0254973, 1.28226, 0.712726, -0.000807418, 0.000119978, 0.00021847, 0.00053935, 0.000238559, 9.99087e-05, 5.45078e-05, -0.264809, -0.385896, -0.694139, -0.424592, 0.317952, -0.128664, -0.550273, 0, 0, 0, 8, 0, 0, 0, 0.413091, -0.0177178, 0.453138, 0.48638, -0.0156758, 0.542604, 0.996195, -3.71201e-12, -0.0871557, -4.46982e-12, -1, -8.49977e-12, -0.0871557, 8.857e-12, -0.996195, 0
16.83, 2025-07-03__01-13-46.704929, -0.073874, -0.250957, 0.0509868, -1.64652, -0.0254983, 1.28226, 0.712732, -0.00242045, 0.000548685, 5.11726e-05, -0.000642425, 0.000243351, 0.000187566, 0.000618412, -0.233139, -0.43667, -0.656933, -0.389355, 0.322202, -0.126748, -0.554056, 0, 0, 0, 8, 0, 0, 0, 0.413087, -0.0177191, 0.453138, 0.48638, -0.0156758, 0.542604, 0.996195, -3.71201e-12, -0.0871557, -4.46982e-12, -1, -8.49977e-12, -0.0871557, 8.857e-12, -0.996195, 0
16.84, 2025-07-03__01-13-46.714929, -0.0738706, -0.250963, 0.050986, -1.64652, -0.0255025, 1.28225, 0.712729, 0.000591188, -0.00136281, -3.52235e-05, 0.000276558, -0.00012106, -4.7485e-05, 0.00160924, -0.286091, -0.315585, -0.718509, -0.452596, 0.317523, -0.127658, -0.559795, 0, 0, 0, 8, 0, 0, 0, 0.413087, -0.0177179, 0.453138, 0.48638, -0.0156758, 0.542604, 0.996195, -3.71201e-12, -0.0871557, -4.46982e-12, -1, -8.49977e-12, -0.0871557, 8.857e-12, -0.996195, 0
16.85, 2025-07-03__01-13-46.724929, -0.0738755, -0.25096, 0.050984, -1.64651, -0.0255035, 1.28226, 0.712725, -0.00632494, -6.78065e-05, 0.000277244, 0.00181985, -0.000408716, -9.03053e-06, -0.000220185, -0.171595, -0.352846, -0.58268, -0.457422, 0.333007, -0.130715, -0.549021, 0, 0, 0, 8, 0, 0, 0, 0.413087, -0.0177192, 0.453137, 0.48638, -0.0156758, 0.542604, 0.996195, -3.71201e-12, -0.0871557, -4.46982e-12, -1, -8.49977e-12, -0.0871557, 8.857e-12, -0.996195, 0
16.86, 2025-07-03__01-13-46.734929, -0.073874, -0.250963, 0.0509819, -1.64652, -0.0255015, 1.28225, 0.712724, -0.00139814, -0.00261621, -0.000652034, -0.00109558, 0.000144695, 0.00011554, 0.00115328, -0.241128, -0.288885, -0.663731, -0.451118, 0.321215, -0.126804, -0.557033, 0, 0, 0, 8, 0, 0, 0, 0.413086, -0.0177204, 0.45314, 0.48638, -0.0156758, 0.542604, 0.996195, -3.71201e-12, -0.0871557, -4.46982e-12, -1, -8.49977e-12, -0.0871557, 8.857e-12, -0.996195, 0
16.87, 2025-07-03__01-13-46.744929, -0.0738726, -0.250959, 0.0509787, -1.64652, -0.025501, 1.28225, 0.712723, -0.00101311, 0.000760894, -0.00132293, 0.000140098, -6.03358e-05, -0.000193729, 0.000387533, -0.227574, -0.430791, -0.647577, -0.40046, 0.324626, -0.124777, -0.552349, 0, 0, 0, 8, 0, 0, 0, 0.413087, -0.0177173, 0.453137, 0.48638, -0.0156758, 0.542604, 0.996195, -3.71201e-12, -0.0871557, -4.46982e-12, -1, -8.49977e-12, -0.0871557, 8.857e-12, -0.996195, 0
16.88, 2025-07-03__01-13-46.754931, -0.0738758, -0.250963, 0.0509834, -1.64652, -0.0255011, 1.28225, 0.712726, -0.00174711, -0.0010374, -0.000680764, -0.000938108, -1.74191e-05, -6.71762e-05, -0.00280145, -0.231688, -0.364523, -0.653215, -0.418407, 0.323842, -0.124794, -0.533161, 0, 0, 0, 8, 0, 0, 0, 0.413089, -0.0177156, 0.453141, 0.48638, -0.0156758, 0.542604, 0.996195, -3.71201e-12, -0.0871557, -4.46982e-12, -1, -8.49977e-12, -0.0871557, 8.857e-12, -0.996195, 0
16.89, 2025-07-03__01-13-46.764929, -0.0738733, -0.25096, 0.0509812, -1.64652, -0.0254974, 1.28226, 0.712722, 0.000284031, 0.000986632, -0.000247679, -0.00218347, 7.73085e-05, 4.31419e-05, -0.000116704, -0.270982, -0.48733, -0.702205, -0.34767, 0.319365, -0.122883, -0.548957, 0, 0, 0, 8, 0, 0, 0, 0.41309, -0.017719, 0.453139, 0.48638, -0.0156758, 0.542604, 0.996195, -3.71201e-12, -0.0871557, -4.46982e-12, -1, -8.49977e-12, -0.0871557, 8.857e-12, -0.996195, 0
16.9, 2025-07-03__01-13-46.774927, -0.0738732, -0.250962, 0.050989, -1.64651, -0.0254986, 1.28225, 0.712723, 0.00118556, 0.000318743, 0.00229245, 0.000403849, -0.000323205, -0.000302288, 0.00501257, -0.339968, -0.388005, -0.787549, -0.419474, 0.31273, -0.125915, -0.579803, 0, 0, 0, 8, 0, 0, 0, 0.41309, -0.0177174, 0.453141, 0.48638, -0.0156758, 0.542604, 0.996195, -3.71201e-12, -0.0871557, -4.46982e-12, -1, -8.49977e-12, -0.0871557, 8.857e-12, -0.996195, 0
16.91, 2025-07-03__01-13-46.784929, -0.0738733, -0.250963, 0.0509858, -1.64652, -0.0255017, 1.28225, 0.712715, -0.000462101, -0.00121054, -0.000993171, -0.000223026, -2.26452e-05, -0.000403031, -0.00078578, -0.248319, -0.338226, -0.672001, -0.437451, 0.32167, -0.124001, -0.544677, 0, 0, 0, 8, 0, 0, 0, 0.41309, -0.0177186, 0.453138, 0.48638, -0.0156758, 0.542604, 0.996195, -3.71201e-12, -0.0871557, -4.46982e-12, -1, -8.49977e-12, -0.0871557, 8.857e-12, -0.996195, 0
16.92, 2025-07-03__01-13-46.794933, -0.0738673, -0.250958, 0.050989, -1.64652, -0.0254994, 1.28226, 0.712719, 0.000577203, 0.000815285, 0.00195529, -0.00115247, 0.000416157, 0.000256814, 0.00268951, -0.323662, -0.452004, -0.768345, -0.373714, 0.310833, -0.126525, -0.565468, 0, 0, 0, 8, 0, 0, 0, 0.413089, -0.017715, 0.453142, 0.48638, -0.0156758, 0.542604, 0.996195, -3.71201e-12, -0.0871557, -4.46982e-12, -1, -8.49977e-12, -0.0871557, 8.857e-12, -0.996195, 0
16.93, 2025-07-03__01-13-46.804929, -0.0738701, -0.250963, 0.0509837, -1.64652, -0.0254975, 1.28226, 0.712708, 1.08266e-05, -0.000522159, -0.000315595, 0.000763911, -0.00012041, -3.67644e-05, -0.00153859, -0.269061, -0.345862, -0.697651, -0.445039, 0.319665, -0.12871, -0.539613, 0, 0, 0, 8, 0, 0, 0, 0.413087, -0.0177171, 0.453138, 0.48638, -0.0156758, 0.542604, 0.996195, -3.71201e-12, -0.0871557, -4.46982e-12, -1, -8.49977e-12, -0.0871557, 8.857e-12, -0.996195, 0
16.94, 2025-07-03__01-13-46.814929, -0.0738655, -0.25096, 0.0509837, -1.64652, -0.0254991, 1.28225, 0.71272, 0.00196323, 0.000510458, 0.000228671, -0.0023446, -0.0004859, 0.000213759, 0.00408439, -0.309883, -0.465677, -0.749243, -0.354472, 0.31829, -0.123577, -0.57403, 0, 0, 0, 8, 0, 0, 0, 0.413088, -0.0177161, 0.453145, 0.48638, -0.0156758, 0.542604, 0.996195, -3.71201e-12, -0.0871557, -4.46982e-12, -1, -8.49977e-12, -0.0871557, 8.857e-12, -0.996195, 0
16.95, 2025-07-03__01-13-46.824928, -0.0738733, -0.25096, 0.0509837, -1.64652, -0.0255018, 1.28226, 0.712713, -0.000465177, 0.00061658, -0.000645185, -0.00206731, 1.09574e-05, 1.91335e-05, 0.000549435, -0.251252, -0.468636, -0.677781, -0.358096, 0.322252, -0.123096, -0.552619, 0, 0, 0, 8, 0, 0, 0, 0.413092, -0.0177162, 0.453144, 0.48638, -0.0156758, 0.542604, 0.996195, -3.71201e-12, -0.0871557, -4.46982e-12, -1, -8.49977e-12, -0.0871557, 8.857e-12, -0.996195, 0
16.96, 2025-07-03__01-13-46.834929, -0.0738708, -0.25096, 0.0509884, -1.64652, -0.0255003, 1.28225, 0.712712, 0.00068085, 0.000437177, 0.00104151, 0.000493928, -0.000389732, -0.000101336, -0.00336814, -0.306315, -0.399428, -0.745205, -0.41588, 0.317542, -0.126492, -0.528541, 0, 0, 0, 8, 0, 0, 0, 0.413087, -0.0177174, 0.453138, 0.48638, -0.0156758, 0.542604, 0.996195, -3.71201e-12, -0.0871557, -4.46982e-12, -1, -8.49977e-12, -0.0871557, 8.857e-12, -0.996195, 0
16.97, 2025-07-03__01-13-46.844929, -0.0738708, -0.250963, 0.0509837, -1.64651, -0.0254978, 1.28225, 0.71271, 0.000485233, -0.000585596, 0.000299739, 0.00119598, 7.97344e-05, -0.000207921, 0.00640194, -0.28976, -0.329346, -0.723205, -0.457232, 0.315523, -0.128427, -0.587794, 0, 0, 0, 8, 0, 0, 0, 0.413088, -0.0177169, 0.453144, 0.48638, -0.0156758, 0.542604, 0.996195, -3.71201e-12, -0.0871557, -4.46982e-12, -1, -8.49977e-12, -0.0871557, 8.857e-12, -0.996195, 0
16.98, 2025-07-03__01-13-46.854929, -0.0738708, -0.250963, 0.0509809, -1.64652, -0.0255011, 1.28225, 0.712709, 0.00126024, -0.000925855, -0.000989714, -0.000613582, 0.000284159, -6.4005e-05, 5.62187e-05, -0.277297, -0.357442, -0.706677, -0.424061, 0.316473, -0.125562, -0.54941, 0, 0, 0, 8, 0, 0, 0, 0.413086, -0.017716, 0.45314, 0.48638, -0.0156758, 0.542604, 0.996195, -3.71201e-12, -0.0871557, -4.46982e-12, -1, -8.49977e-12, -0.0871557, 8.857e-12, -0.996195, 0
16.99, 2025-07-03__01-13-46.864929, -0.0738737, -0.25096, 0.0509809, -1.64651, -0.0254979, 1.28225, 0.712712, 0.000690586, 0.00103894, -0.00129568, 0.000510384, -6.56658e-05, -9.61806e-05, 0.00162299, -0.256964, -0.428691, -0.682454, -0.405726, 0.32103, -0.126667, -0.559089, 0, 0, 0, 8, 0, 0, 0, 0.413088, -0.0177181, 0.453144, 0.48638, -0.0156758, 0.542604, 0.996195, -3.71201e-12, -0.0871557, -4.46982e-12, -1, -8.49977e-12, -0.0871557, 8.857e-12, -0.996195, 0
17, 2025-07-03__01-13-46.874928, -0.0738758, -0.250966, 0.0509809, -1.64652, -0.0254978, 1.28225, 0.71271, -0.00126617, -0.00100748, -0.000681253, -0.00170775, 1.93135e-05, 7.59909e-05, 0.00147582, -0.23909, -0.380851, -0.662171, -0.402429, 0.322831, -0.124562, -0.558191, 0, 0, 0, 8, 0, 0, 0, 0.413086, -0.0177182, 0.45314, 0.48638, -0.0156758, 0.542604, 0.996195, -3.71201e-12, -0.0871557, -4.46982e-12, -1, -8.49977e-12, -0.0871557, 8.857e-12, -0.996195, 0
17.01, 2025-07-03__01-13-46.884929, -0.0738708, -0.250961, 0.0509888, -1.64652, -0.0255014, 1.28225, 0.712707, 0.000313868, 0.000567432, 0.00254877, -0.00112183, -6.80091e-05, -0.000252157, 0.00108296, -0.330475, -0.439891, -0.777375, -0.378182, 0.313247, -0.122605, -0.555151, 0, 0, 0, 8, 0, 0, 0, 0.413088, -0.017721, 0.453143, 0.48638, -0.0156758, 0.542604, 0.996195, -3.71201e-12, -0.0871557, -4.46982e-12, -1, -8.49977e-12, -0.0871557, 8.857e-12, -0.996195, 0
17.02, 2025-07-03__01-13-46.894930, -0.0738733, -0.250968, 0.0509806, -1.64652, -0.0255011, 1.28225, 0.712701, -0.000603428, -0.00213945, -0.00060409, -0.000990979, 6.06192e-05, -0.000485854, -0.000932323, -0.254846, -0.30665, -0.680128, -0.442844, 0.320435, -0.122743, -0.543116, 0, 0, 0, 8, 0, 0, 0, 0.413086, -0.0177219, 0.453139, 0.48638, -0.0156758, 0.542604, 0.996195, -3.71201e-12, -0.0871557, -4.46982e-12, -1, -8.49977e-12, -0.0871557, 8.857e-12, -0.996195, 0
17.03, 2025-07-03__01-13-46.904930, -0.0738708, -0.250968, 0.0509836, -1.64652, -0.0254978, 1.28225, 0.712704, 0.000477848, -0.00227047, 0.000147797, -7.07571e-05, -5.56969e-05, -0.0002639, -0.00200936, -0.289433, -0.276192, -0.722185, -0.466159, 0.316656, -0.126152, -0.536507, 0, 0, 0, 8, 0, 0, 0, 0.413086, -0.0177169, 0.453142, 0.48638, -0.0156758, 0.542604, 0.996195, -3.71201e-12, -0.0871557, -4.46982e-12, -1, -8.49977e-12, -0.0871557, 8.857e-12, -0.996195, 0
17.04, 2025-07-03__01-13-46.914929, -0.0738733, -0.250961, 0.0509831, -1.64652, -0.0254992, 1.28225, 0.712705, 0.00140464, 0.000319512, 0.00101139, -0.00131163, -0.00035322, 0.00402641, 0.00036132, -0.316805, -0.430206, -0.758262, -0.387839, 0.316592, -0.151824, -0.550901, 0, 0, 0, 8, 0, 0, 0, 0.413086, -0.0177195, 0.45314, 0.48638, -0.0156758, 0.542604, 0.996195, -3.71201e-12, -0.0871557, -4.46982e-12, -1, -8.49977e-12, -0.0871557, 8.857e-12, -0.996195, 0
17.05, 2025-07-03__01-13-46.924928, -0.0738688, -0.250965, 0.0509799, -1.64652, -0.0254974, 1.28225, 0.712705, 0.00117188, 9.8355e-05, -0.000800946, 0.000199916, 6.63397e-05, 0.000801812, -0.000322449, -0.277641, -0.388294, -0.707517, -0.420474, 0.317751, -0.132493, -0.546825, 0, 0, 0, 8, 0, 0, 0, 0.413086, -0.0177189, 0.45314, 0.48638, -0.0156758, 0.542604, 0.996195, -3.71201e-12, -0.0871557, -4.46982e-12, -1, -8.49977e-12, -0.0871557, 8.857e-12, -0.996195, 0
17.06, 2025-07-03__01-13-46.934928, -0.0738715, -0.250965, 0.0509805, -1.64652, -0.0254985, 1.28225, 0.712703, 0.000551341, -0.000565505, 0.000559063, -0.00111548, 6.40565e-05, -0.000125748, 0.00633285, -0.294872, -0.384583, -0.730713, -0.405202, 0.315876, -0.124268, -0.58702, 0, 0, 0, 8, 0, 0, 0, 0.413086, -0.0177199, 0.45314, 0.48638, -0.0156758, 0.542604, 0.996195, -3.71201e-12, -0.0871557, -4.46982e-12, -1, -8.49977e-12, -0.0871557, 8.857e-12, -0.996195, 0
17.07, 2025-07-03__01-13-46.944930, -0.0738709, -0.250962, 0.0509777, -1.64652, -0.0254974, 1.28225, 0.712697, -0.000170325, -9.09772e-05, -0.000419269, -0.00123455, -7.90504e-05, 0.000381839, 0.00156929, -0.261445, -0.414728, -0.689369, -0.392069, 0.321023, -0.126947, -0.557953, 0, 0, 0, 8, 0, 0, 0, 0.413086, -0.0177181, 0.45314, 0.48638, -0.0156758, 0.542604, 0.996195, -3.71201e-12, -0.0871557, -4.46982e-12, -1, -8.49977e-12, -0.0871557, 8.857e-12, -0.996195, 0
17.08, 2025-07-03__01-13-46.954928, -0.0738733, -0.250966, 0.0509777, -1.64652, -0.0255006, 1.28225, 0.712697, -0.00091892, -0.000798476, 0.000893759, -0.00107281, 5.47629e-05, -0.000118518, -0.00134777, -0.27702, -0.373708, -0.709863, -0.411039, 0.318357, -0.124333, -0.540333, 0, 0, 0, 8, 0, 0, 0, 0.413088, -0.0177163, 0.453144, 0.48638, -0.0156758, 0.542604, 0.996195, -3.71201e-12, -0.0871557, -4.46982e-12, -1, -8.49977e-12, -0.0871557, 8.857e-12, -0.996195, 0
17.09, 2025-07-03__01-13-46.964929, -0.0738716, -0.250966, 0.0509799, -1.64652, -0.0255021, 1.28226, 0.712697, 0.00255741, -0.00202597, -0.00259075, 0.000800803, -0.00873022, 0.00198678, -0.00240139, 0.839053, 7.4598, 0.930571, -20.8549, -0.479552, 11.8794, -0.161079, 0, 0, 0, 8, 0, 0, 0, 0.413086, -0.0177199, 0.453141, 0.48638, -0.0156758, 0.142604, 0.996195, -3.71201e-12, -0.0871557, -4.46982e-12, -1, -8.49977e-12, -0.0871557, 8.857e-12, -0.996195, 0
17.1, 2025-07-03__01-13-46.974929, -0.0738383, -0.25077, 0.0510299, -1.64732, -0.0255077, 1.28513, 0.712766, 0.00473584, 0.0244249, 0.00460321, -0.139299, -0.000184267, 0.488716, 0.00488749, 0.675119, 3.80373, 0.659743, -17.2638, -0.480768, 8.68152, -0.213584, 0, 0, 0, 8, 0, 0, 0, 0.413766, -0.0177088, 0.452924, 0.48638, -0.0156758, 0.142604, 0.996195, -3.71201e-12, -0.0871557, -4.46982e-12, -1, -8.49977e-12, -0.0871557, 8.857e-12, -0.996195, 0
17.11, 2025-07-03__01-13-46.984932, -0.0737717, -0.251289, 0.0511112, -1.65105, -0.0255082, 1.29683, 0.712801, 0.0122008, -0.107963, 0.00512211, -0.448284, -0.000762404, 1.37688, 0.00310761, 0.234584, 6.17498, 0.109534, -13.5181, -0.427233, 2.51955, -0.216891, 0, 0, 0, 8, 0, 0, 0, 0.41685, -0.0177425, 0.452199, 0.48638, -0.0156758, 0.142604, 0.996195, -3.71201e-12, -0.0871557, -4.46982e-12, -1, -8.49977e-12, -0.0871557, 8.857e-12, -0.996195, 0
17.12, 2025-07-03__01-13-46.994932, -0.0736729, -0.253432, 0.0511425, -1.65724, -0.025518, 1.31414, 0.712797, 0.00434246, -0.221172, -0.000749717, -0.662332, -0.00113366, 1.7703, -0.000515226, 0.162359, 10.6203, 0.0563691, -11.353, -0.367848, -0.709391, -0.202857, 0, 0, 0, 8, 0, 0, 0, 0.421382, -0.0178006, 0.45146, 0.48638, -0.0156758, 0.142604, 0.996195, -3.71201e-12, -0.0871557, -4.46982e-12, -1, -8.49977e-12, -0.0871557, 8.857e-12, -0.996195, 0
17.13, 2025-07-03__01-13-47.004932, -0.0736333, -0.255442, 0.05109, -1.66466, -0.0255428, 1.33263, 0.712806, 0.000935643, -0.184489, -0.0014637, -0.767632, -0.0041577, 1.82586, 0.0019025, 0.182564, 9.84406, 0.070602, -8.23292, -0.285111, -1.71798, -0.222591, 0, 0, 0, 8, 0, 0, 0, 0.426131, -0.017945, 0.450306, 0.48638, -0.0156758, 0.142604, 0.996195, -3.71201e-12, -0.0871557, -4.46982e-12, -1, -8.49977e-12, -0.0871557, 8.857e-12, -0.996195, 0
17.14, 2025-07-03__01-13-47.014931, -0.0736832, -0.25701, 0.0510511, -1.67272, -0.025597, 1.35055, 0.712806, -0.000336084, -0.150657, -0.000740121, -0.807434, -0.00275934, 1.72746, 0.00287586, 0.133191, 10.1447, 0.0203802, -6.63084, -0.265454, -1.69718, -0.231869, 0, 0, 0, 8, 0, 0, 0, 0.430642, -0.0181223, 0.448688, 0.48638, -0.0156758, 0.142604, 0.996195, -3.71201e-12, -0.0871557, -4.46982e-12, -1, -8.49977e-12, -0.0871557, 8.857e-12, -0.996195, 0
17.15, 2025-07-03__01-13-47.024928, -0.0736659, -0.258529, 0.0510977, -1.68094, -0.025667, 1.36623, 0.712797, 0.00581596, -0.148531, 0.0109275, -0.809435, -0.00596995, 1.50988, -0.000787175, -0.306741, 12.1638, -0.492277, -6.44386, -0.282186, -0.803808, -0.202557, 0, 0, 0, 8, 0, 0, 0, 0.434317, -0.0182438, 0.44685, 0.48638, -0.0156758, 0.142604, 0.996195, -3.71201e-12, -0.0871557, -4.46982e-12, -1, -8.49977e-12, -0.0871557, 8.857e-12, -0.996195, 0
17.16, 2025-07-03__01-13-47.034933, -0.0735822, -0.259791, 0.0512264, -1.68913, -0.0257071, 1.38012, 0.712802, 0.0103666, -0.104335, 0.0138327, -0.808076, -0.00449328, 1.36341, -0.000346198, -0.462571, 11.7316, -0.676265, -5.44027, -0.284607, -0.242552, -0.192953, 0, 0, 0, 8, 0, 0, 0, 0.437336, -0.0182624, 0.444793, 0.48638, -0.0156758, 0.142604, 0.996195, -3.71201e-12, -0.0871557, -4.46982e-12, -1, -8.49977e-12, -0.0871557, 8.857e-12, -0.996195, 0
17.17, 2025-07-03__01-13-47.044931, -0.0734793, -0.260273, 0.0513815, -1.69678, -0.0256991, 1.39337, 0.712815, 0.012398, -0.0361763, 0.0166202, -0.767929, 0.000118196, 1.31508, 0.00192682, -0.538292, 10.8341, -0.760494, -5.19857, -0.304062, -0.357626, -0.193961, 0, 0, 0, 8, 0, 0, 0, 0.44028, -0.0182348, 0.442607, 0.48638, -0.0156758, 0.142604, 0.996195, -3.71201e-12, -0.0871557, -4.46982e-12, -1, -8.49977e-12, -0.0871557, 8.857e-12, -0.996195, 0
17.18, 2025-07-03__01-13-47.054927, -0.0734431, -0.260177, 0.0515397, -1.70447, -0.0257142, 1.40573, 0.712819, -0.00205983, 0.0140432, 0.0171273, -0.792762, -0.00243484, 1.19911, 0.00128663, -0.253226, 8.9105, -0.437913, -3.21929, -0.227017, 0.213624, -0.175409, 0, 0, 0, 8, 0, 0, 0, 0.442982, -0.0182351, 0.44009, 0.48638, -0.0156758, 0.142604, 0.996195, -3.71201e-12, -0.0871557, -4.46982e-12, -1, -8.49977e-12, -0.0871557, 8.857e-12, -0.996195, 0
17.19, 2025-07-03__01-13-47.064927, -0.073408, -0.25993, 0.0517059, -1.71276, -0.0257335, 1.41833, 0.712816, 0.00718505, 0.0376803, 0.0142798, -0.734085, -0.00805212, 1.13564, -0.000524963, -0.379183, 10.1122, -0.548383, -4.40484, -0.208712, 0.256071, -0.14976, 0, 0, 0, 8, 0, 0, 0, 0.445595, -0.0182527, 0.43722, 0.48638, -0.0156758, 0.142604, 0.996195, -3.71201e-12, -0.0871557, -4.46982e-12, -1, -8.49977e-12, -0.0871557, 8.857e-12, -0.996195, 0
17.2, 2025-07-03__01-13-47.074928, -0.0733839, -0.259231, 0.0518194, -1.71906, -0.025708, 1.42842, 0.712824, 0.00270374, 0.100147, 0.0151517, -0.705, 0.00049589, 1.11535, 0.000783806, -0.269319, 8.52282, -0.421144, -3.91409, -0.238604, 0.170025, -0.146638, 0, 0, 0, 8, 0, 0, 0, 0.447775, -0.0182414, 0.434874, 0.48638, -0.0156758, 0.142604, 0.996195, -3.71201e-12, -0.0871557, -4.46982e-12, -1, -8.49977e-12, -0.0871557, 8.857e-12, -0.996195, 0
17.21, 2025-07-03__01-13-47.084927, -0.0733798, -0.257715, 0.051943, -1.72613, -0.025747, 1.43924, 0.712833, 0.000428319, 0.161624, 0.0159261, -0.707377, -0.00463975, 1.06417, 0.0010921, -0.155595, 6.07619, -0.305981, -2.40299, -0.171205, 0.419528, -0.133893, 0, 0, 0, 8, 0, 0, 0, 0.450124, -0.018278, 0.431878, 0.48638, -0.0156758, 0.142604, 0.996195, -3.71201e-12, -0.0871557, -4.46982e-12, -1, -8.49977e-12, -0.0871557, 8.857e-12, -0.996195, 0
17.22, 2025-07-03__01-13-47.094929, -0.0733724, -0.256113, 0.0520807, -1.73309, -0.0257265, 1.44951, 0.712842, 0.00240477, 0.160163, 0.00953468, -0.69118, 0.0024221, 1.02178, 0.000758684, -0.094222, 6.9719, -0.200536, -10.987, -0.214362, 0.543085, -0.117081, 0, 0, 0, 0, 0, 0, 0, 0.452282, -0.0182827, 0.428802, 0.48638, -0.0156758, 0.142604, 0.996195, -3.71201e-12, -0.0871557, -4.46982e-12, -1, -8.49977e-12, -0.0871557, 8.857e-12, -0.996195, 0
17.23, 2025-07-03__01-13-47.104933, -0.0733536, -0.254332, 0.052237, -1.73993, -0.0257274, 1.45963, 0.712851, 4.20875e-05, 0.185244, 0.0149005, -0.704054, 0.00308385, 1.00799, 0.00176378, -0.139142, 5.9271, -0.266867, -10.2274, -0.207482, 0.572342, -0.106144, 0, 0, 0, 0, 0, 0, 0, 0.454407, -0.0182742, 0.425705, 0.48638, -0.0156758, 0.142604, 0.996195, -3.71201e-12, -0.0871557, -4.46982e-12, -1, -8.49977e-12, -0.0871557, 8.857e-12, -0.996195, 0
17.24, 2025-07-03__01-13-47.114927, -0.0733523, -0.252305, 0.052362, -1.74827, -0.0257055, 1.47131, 0.712861, 0.00155597, 0.175032, 0.0129336, -0.778741, 0.000234526, 1.10367, 0.00161693, -0.140589, 5.32282, -0.276602, -9.32914, -0.161204, -0.0405856, -0.0885842, 0, 0, 0, 0, 0, 0, 0, 0.456684, -0.0182904, 0.42193, 0.48638, -0.0156758, 0.142604, 0.996195, -3.71201e-12, -0.0871557, -4.46982e-12, -1, -8.49977e-12, -0.0871557, 8.857e-12, -0.996195, 0
17.25, 2025-07-03__01-13-47.124926, -0.073356, -0.25083, 0.0524353, -1.75597, -0.0257216, 1.48145, 0.712862, -0.000866518, 0.168142, 0.00615172, -0.888153, -0.000624415, 1.11846, -0.00132598, 0.053575, 3.62099, -0.0689412, -7.5228, -0.0976429, 0.0132256, -0.055892, 0, 0, 0, 0, 0, 0, 0, 0.458536, -0.0183285, 0.418593, 0.48638, -0.0156758, 0.142604, 0.996195, -3.71201e-12, -0.0871557, -4.46982e-12, -1, -8.49977e-12, -0.0871557, 8.857e-12, -0.996195, 0
17.26, 2025-07-03__01-13-47.134933, -0.0733765, -0.249457, 0.0524695, -1.76543, -0.0257083, 1.49258, 0.712888, -0.00508716, 0.130572, -0.00219706, -0.955895, -0.00502038, 1.11056, 0.00682594, 0.271841, 4.18344, 0.198535, -7.09311, -0.0371121, 0.144476, -0.0917213, 0, 0, 0, 0, 0, 0, 0, 0.460269, -0.0183771, 0.414531, 0.48638, -0.0156758, 0.142604, 0.996195, -3.71201e-12, -0.0871557, -4.46982e-12, -1, -8.49977e-12, -0.0871557, 8.857e-12, -0.996195, 0
17.27, 2025-07-03__01-13-47.144929, -0.073373, -0.248266, 0.0524958, -1.77542, -0.0256997, 1.50383, 0.71291, 0.000119984, 0.115747, 0.000730911, -1.01504, 0.0035226, 1.14596, 0.00468972, 0.0803657, 3.91378, -0.0352212, -6.41639, -0.0900132, 0.000360154, -0.0639997, 0, 0, 0, 0, 0, 0, 0, 0.46181, -0.018445, 0.410307, 0.48638, -0.0156758, 0.142604, 0.996195, -3.71201e-12, -0.0871557, -4.46982e-12, -1, -8.49977e-12, -0.0871557, 8.857e-12, -0.996195, 0
17.28, 2025-07-03__01-13-47.154929, -0.0733792, -0.246872, 0.0525029, -1.7861, -0.0257032, 1.51501, 0.712994, -0.00238564, 0.132054, 0.00130612, -1.09136, -0.00158699, 1.11227, 0.00610035, 0.180266, 1.53852, 0.0478938, -4.55788, -0.0196542, 0.476672, -0.0580847, 0, 0, 0, 0, 0, 0, 0, 0.463154, -0.0185082, 0.405683, 0.48638, -0.0156758, 0.142604, 0.996195, -3.71201e-12, -0.0871557, -4.46982e-12, -1, -8.49977e-12, -0.0871557, 8.857e-12, -0.996195, 0
17.29, 2025-07-03__01-13-47.164933, -0.0733749, -0.245828, 0.0525227, -1.79717, -0.0257116, 1.52598, 0.713096, -0.0016932, 0.0852207, 0.000815649, -1.10015, 0.000138038, 1.09762, 0.0119928, 0.105239, 3.60636, -0.0145776, -5.3701, -0.0482493, 0.614113, -0.0821961, 0, 0, 0, 0, 0, 0, 0, 0.464223, -0.0185638, 0.400936, 0.48638, -0.0156758, 0.142604, 0.996195, -3.71201e-12, -0.0871557, -4.46982e-12, -1, -8.49977e-12, -0.0871557, 8.857e-12, -0.996195, 0
17.3, 2025-07-03__01-13-47.174933, -0.0733467, -0.244803, 0.0525497, -1.80858, -0.0257075, 1.53736, 0.713133, 0.00356199, 0.123745, 0.00547544, -1.15246, 0.00495589, 1.12823, 0.00456006, -0.0285675, 0.846956, -0.204584, -3.63038, -0.0599369, 0.636156, -0.0186529, 0, 0, 0, 0, 0, 0, 0, 0.46529, -0.0186061, 0.396148, 0.48638, -0.0156758, 0.142604, 0.996195, -3.71201e-12, -0.0871557, -4.46982e-12, -1, -8.49977e-12, -0.0871557, 8.857e-12, -0.996195, 0
17.31, 2025-07-03__01-13-47.184934, -0.0733595, -0.243479, 0.0525452, -1.82036, -0.0256969, 1.54874, 0.713182, -0.000402531, 0.116616, 0.00149595, -1.17903, -0.00410813, 1.12452, 0.0038951, 0.160922, 0.596032, 0.0181151, -3.26251, 0.0176509, 0.830115, 0.00166522, 0, 0, 0, 0, 0, 0, 0, 0.466222, -0.0186666, 0.390981, 0.48638, -0.0156758, 0.142604, 0.996195, -3.71201e-12, -0.0871557, -4.46982e-12, -1, -8.49977e-12, -0.0871557, 8.857e-12, -0.996195, 0
17.32, 2025-07-03__01-13-47.194935, -0.0733722, -0.242557, 0.0525491, -1.83234, -0.025716, 1.56036, 0.713261, 0.00142031, 0.100494, 0.00245533, -1.21313, -0.0104423, 1.15895, 0.00829991, 0.0997591, 0.774136, -0.0529894, -3.03988, 0.0609466, 0.739044, -0.011322, 0, 0, 0, 0, 0, 0, 0, 0.467077, -0.0187302, 0.38592, 0.48638, -0.0156758, 0.142604, 0.996195, -3.71201e-12, -0.0871557, -4.46982e-12, -1, -8.49977e-12, -0.0871557, 8.857e-12, -0.996195, 0
17.33, 2025-07-03__01-13-47.204933, -0.0733878, -0.241399, 0.0525502, -1.84587, -0.0257041, 1.57322, 0.713344, -0.000879504, 0.107491, 0.00153844, -1.22533, -0.0122309, 1.18023, 0.00393454, 0.195034, 0.289788, 0.0572412, -2.70471, 0.0836907, 0.756004, 0.0316855, 0, 0, 0, 0, 0, 0, 0, 0.467808, -0.0187817, 0.380638, 0.48638, -0.0156758, 0.142604, 0.996195, -3.71201e-12, -0.0871557, -4.46982e-12, -1, -8.49977e-12, -0.0871557, 8.857e-12, -0.996195, 0
17.34, 2025-07-03__01-13-47.214932, -0.0733667, -0.240539, 0.0525545, -1.85695, -0.0257007, 1.58405, 0.713435, -0.0034101, 0.103538, -0.000667456, -1.25404, 0.00214172, 1.20713, 0.008222, 0.275357, 0.0437212, 0.151547, -2.3147, 0.00756584, 0.712833, 0.0182954, 0, 0, 0, 0, 0, 0, 0, 0.468577, -0.0188234, 0.375413, 0.48638, -0.0156758, 0.142604, 0.996195, -3.71201e-12, -0.0871557, -4.46982e-12, -1, -8.49977e-12, -0.0871557, 8.857e-12, -0.996195, 0
17.35, 2025-07-03__01-13-47.224934, -0.0733698, -0.239476, 0.0525359, -1.86959, -0.0256726, 1.59602, 0.713557, -0.00327423, 0.0948645, -0.00347178, -1.27573, 0.000889194, 1.19988, 0.00936777, 0.346844, 0.0641913, 0.23919, -2.06392, 0.021288, 0.926763, 0.0254934, 0, 0, 0, 0, 0, 0, 0, 0.469177, -0.0188678, 0.369953, 0.48638, -0.0156758, 0.142604, 0.996195, -3.71201e-12, -0.0871557, -4.46982e-12, -1, -8.49977e-12, -0.0871557, 8.857e-12, -0.996195, 0
17.36, 2025-07-03__01-13-47.234935, -0.0733804, -0.238607, 0.0525651, -1.88361, -0.0256991, 1.60951, 0.713681, -0.00355796, 0.0820049, 0.00282657, -1.28683, 0.000578988, 1.26071, 0.00928863, 0.194455, 0.718617, 0.0666975, -2.26642, 0.0140991, 0.619569, 0.0412096, 0, 0, 0, 0, 0, 0, 0, 0.469831, -0.018928, 0.364073, 0.48638, -0.0156758, 0.142604, 0.996195, -3.71201e-12, -0.0871557, -4.46982e-12, -1, -8.49977e-12, -0.0871557, 8.857e-12, -0.996195, 0
17.37, 2025-07-03__01-13-47.244937, -0.0733809, -0.237778, 0.0525539, -1.8952, -0.0256644, 1.62073, 0.713793, -0.00483054, 0.079046, -0.000903308, -1.2906, 0.00509498, 1.25618, 0.0118013, 0.307449, 0.943195, 0.207476, -2.24603, -0.00994048, 0.745465, 0.0387456, 0, 0, 0, 0, 0, 0, 0, 0.470313, -0.0189514, 0.359127, 0.48638, -0.0156758, 0.142604, 0.996195, -3.71201e-12, -0.0871557, -4.46982e-12, -1, -8.49977e-12, -0.0871557, 8.857e-12, -0.996195, 0
17.38, 2025-07-03__01-13-47.254932, -0.0733706, -0.236878, 0.0525662, -1.90809, -0.0257014, 1.63325, 0.713912, -0.00207524, 0.0809293, -0.00275472, -1.29011, -0.00257291, 1.28381, 0.0123237, 0.311634, 1.13266, 0.221739, -2.28176, 0.0394021, 0.651977, 0.0509186, 0, 0, 0, 0, 0, 0, 0, 0.470813, -0.0189919, 0.353663, 0.48638, -0.0156758, 0.142604, 0.996195, -3.71201e-12, -0.0871557, -4.46982e-12, -1, -8.49977e-12, -0.0871557, 8.857e-12, -0.996195, 0
17.39, 2025-07-03__01-13-47.264933, -0.0733639, -0.235929, 0.0525783, -1.92114, -0.0256675, 1.64589, 0.714051, -0.000396028, 0.0791539, -0.000672234, -1.31092, 0.00460026, 1.27772, 0.0118471, 0.235426, 1.01896, 0.135925, -1.90697, -0.00847033, 0.847203, 0.070192, 0, 0, 0, 0, 0, 0, 0, 0.471219, -0.0190213, 0.34809, 0.48638, -0.0156758, 0.142604, 0.996195, -3.71201e-12, -0.0871557, -4.46982e-12, -1, -8.49977e-12, -0.0871557, 8.857e-12, -0.996195, 0
17.4, 2025-07-03__01-13-47.274932, -0.0733656, -0.235018, 0.0526079, -1.93547, -0.0256973, 1.66, 0.714195, -0.00294879, 0.0797946, 0.00179747, -1.31974, -0.00130498, 1.2878, 0.00615766, 0.245744, 1.16046, 0.149785, -1.74529, 0.0333232, 0.892483, 0.122441, 0, 0, 0, 0, 0, 0, 0, 0.471626, -0.0190442, 0.342602, 0.48638, -0.0156758, 0.142604, 0.996195, -3.71201e-12, -0.0871557, -4.46982e-12, -1, -8.49977e-12, -0.0871557, 8.857e-12, -0.996195, 0
17.41, 2025-07-03__01-13-47.284933, -0.073366, -0.234048, 0.05262, -1.94731, -0.025669, 1.67154, 0.714352, 0.00282438, 0.0921882, 0.00149953, -1.31938, 0.000748184, 1.2919, 0.015049, 0.165054, 0.880415, 0.0647491, -1.5128, 0.0128834, 0.98046, 0.0825264, 0, 0, 0, 0, 0, 0, 0, 0.471948, -0.0190643, 0.336359, 0.48638, -0.0156758, 0.142604, 0.996195, -3.71201e-12, -0.0871557, -4.46982e-12, -1, -8.49977e-12, -0.0871557, 8.857e-12, -0.996195, 0
17.42, 2025-07-03__01-13-47.294933, -0.0733614, -0.233089, 0.0526488, -1.96031, -0.0257052, 1.68464, 0.714543, 3.8048e-05, 0.0910633, 0.00208301, -1.31451, -0.000764344, 1.33691, 0.0139811, 0.208411, 1.44817, 0.124265, -1.7407, 0.0247105, 0.73144, 0.101521, 0, 0, 0, 0, 0, 0, 0, 0.472301, -0.0190889, 0.330816, 0.48638, -0.0156758, 0.142604, 0.996195, -3.71201e-12, -0.0871557, -4.46982e-12, -1, -8.49977e-12, -0.0871557, 8.857e-12, -0.996195, 0
17.43, 2025-07-03__01-13-47.304931, -0.0733637, -0.231873, 0.052668, -1.97339, -0.0256676, 1.6979, 0.714717, -0.00199774, 0.110312, 0.00116924, -1.30693, 0.000946223, 1.33742, 0.0151105, 0.309208, 1.12354, 0.24384, -1.50354, 0.0167021, 0.825801, 0.111265, 0, 0, 0, 0, 0, 0, 0, 0.472566, -0.0190879, 0.325687, 0.48638, -0.0156758, 0.142604, 0.996195, -3.71201e-12, -0.0871557, -4.46982e-12, -1, -8.49977e-12, -0.0871557, 8.857e-12, -0.996195, 0
17.44, 2025-07-03__01-13-47.314932, -0.0733627, -0.230713, 0.0527182, -1.98632, -0.0257034, 1.71118, 0.71486, -0.00442826, 0.113728, 0.00885625, -1.30172, -0.00212653, 1.33905, 0.0146094, 0.197046, 1.48826, 0.119527, -1.53423, 0.0281478, 0.880774, 0.133349, 0, 0, 0, 0, 0, 0, 0, 0.47286, -0.0191012, 0.320091, 0.48638, -0.0156758, 0.142604, 0.996195, -3.71201e-12, -0.0871557, -4.46982e-12, -1, -8.49977e-12, -0.0871557, 8.857e-12, -0.996195, 0
17.45, 2025-07-03__01-13-47.324933, -0.0733642, -0.229292, 0.0527659, -1.99927, -0.0256707, 1.72456, 0.71503, 0.00225211, 0.138254, 0.00389904, -1.29826, 0.00296953, 1.35271, 0.0167577, 0.212064, 0.93402, 0.148533, -1.15604, -0.00371911, 0.903259, 0.139119, 0, 0, 0, 0, 0, 0, 0, 0.473082, -0.0190906, 0.31436, 0.48638, -0.0156758, 0.142604, 0.996195, -3.71201e-12, -0.0871557, -4.46982e-12, -1, -8.49977e-12, -0.0871557, 8.857e-12, -0.996195, 0
17.46, 2025-07-03__01-13-47.334934, -0.0733584, -0.227901, 0.0528275, -2.01198, -0.0256968, 1.73815, 0.715236, -0.000761808, 0.130369, 0.00060225, -1.27678, -0.00108854, 1.3732, 0.0204021, 0.342911, 2.16785, 0.317287, -1.77125, 0.0190278, 0.751664, 0.132594, 0, 0, 0, 0, 0, 0, 0, 0.47342, -0.01908, 0.308206, 0.48638, -0.0156758, 0.142604, 0.996195, -3.71201e-12, -0.0871557, -4.46982e-12, -1, -8.49977e-12, -0.0871557, 8.857e-12, -0.996195, 0
17.47, 2025-07-03__01-13-47.344932, -0.0733695, -0.226281, 0.0528883, -2.02479, -0.0256729, 1.7516, 0.715395, -0.0016566, 0.147757, 0.0074938, -1.27719, -0.000951533, 1.36776, 0.0186541, 0.243357, 1.85543, 0.20445, -1.40271, 0.0116435, 0.90803, 0.165482, 0, 0, 0, 0, 0, 0, 0, 0.473556, -0.0190591, 0.302452, 0.48638, -0.0156758, 0.142604, 0.996195, -3.71201e-12, -0.0871557, -4.46982e-12, -1, -8.49977e-12, -0.0871557, 8.857e-12, -0.996195, 0
17.48, 2025-07-03__01-13-47.354932, -0.0733589, -0.224567, 0.052972, -2.03868, -0.0256935, 1.76665, 0.715558, -0.000278529, 0.152443, 0.00362868, -1.27943, 0.00079261, 1.40157, 0.00856975, 0.307899, 2.21892, 0.292094, -1.34469, 0.00599852, 0.755301, 0.250437, 0, 0, 0, 0, 0, 0, 0, 0.47374, -0.0190271, 0.297404, 0.48638, -0.0156758, 0.142604, 0.996195, -3.71201e-12, -0.0871557, -4.46982e-12, -1, -8.49977e-12, -0.0871557, 8.857e-12, -0.996195, 0
17.49, 2025-07-03__01-13-47.364933, -0.0733574, -0.222854, 0.0530444, -2.04998, -0.0256728, 1.77906, 0.715722, -0.00357161, 0.178592, 0.00770244, -1.27045, -0.000886848, 1.39477, 0.0197987, 0.331773, 1.7481, 0.319011, -0.987171, 0.0150674, 0.884781, 0.203136, 0, 0, 0, 0, 0, 0, 0, 0.473917, -0.0189896, 0.291671, 0.48638, -0.0156758, 0.142604, 0.996195, -3.71201e-12, -0.0871557, -4.46982e-12, -1, -8.49977e-12, -0.0871557, 8.857e-12, -0.996195, 0
17.5, 2025-07-03__01-13-47.374932, -0.073362, -0.220962, 0.0531493, -2.06235, -0.0257018, 1.79289, 0.715943, -0.00421371, 0.18062, 0.00859638, -1.23248, -0.002209, 1.39106, 0.01816, 0.330727, 2.91039, 0.338874, -1.65821, 0.00704653, 0.869229, 0.233202, 0, 0, 0, 0, 0, 0, 0, 0.474077, -0.0189489, 0.286011, 0.48638, -0.0156758, 0.142604, 0.996195, -3.71201e-12, -0.0871557, -4.46982e-12, -1, -8.49977e-12, -0.0871557, 8.857e-12, -0.996195, 0
17.51, 2025-07-03__01-13-47.384933, -0.0733486, -0.218761, 0.0532655, -2.07468, -0.0256811, 1.8068, 0.716162, -0.000922402, 0.22381, 0.00966794, -1.23073, 0.000755451, 1.39585, 0.0222303, 0.299098, 1.73562, 0.305451, -0.871687, -0.0102514, 0.972825, 0.232783, 0, 0, 0, 0, 0, 0, 0, 0.474212, -0.018883, 0.280259, 0.48638, -0.0156758, 0.142604, 0.996195, -3.71201e-12, -0.0871557, -4.46982e-12, -1, -8.49977e-12, -0.0871557, 8.857e-12, -0.996195, 0
17.52, 2025-07-03__01-13-47.394942, -0.0733496, -0.216181, 0.0534134, -2.08793, -0.0256941, 1.82212, 0.716377, -0.00164298, 0.23611, 0.00885883, -1.20257, -0.0015545, 1.39857, 0.0243821, 0.354333, 2.37965, 0.384912, -1.17066, -0.00575923, 0.966218, 0.247414, 0, 0, 0, 0, 0, 0, 0, 0.474369, -0.018808, 0.274552, 0.48638, -0.0156758, 0.142604, 0.996195, -3.71201e-12, -0.0871557, -4.46982e-12, -1, -8.49977e-12, -0.0871557, 8.857e-12, -0.996195, 0
17.53, 2025-07-03__01-13-47.404932, -0.0733372, -0.213866, 0.0535289, -2.09875, -0.0256878, 1.83468, 0.716582, 0.00555315, 0.261336, 0.0133036, -1.20179, 0.000855157, 1.38347, 0.0288972, 0.142013, 1.87944, 0.15675, -0.648067, -0.0313671, 1.17738, 0.244365, 0, 0, 0, 0, 0, 0, 0, 0.474445, -0.0187405, 0.268787, 0.48638, -0.0156758, 0.142604, 0.996195, -3.71201e-12, -0.0871557, -4.46982e-12, -1, -8.49977e-12, -0.0871557, 8.857e-12, -0.996195, 0
17.54, 2025-07-03__01-13-47.414931, -0.0733353, -0.211275, 0.0536702, -2.11058, -0.0256919, 1.84878, 0.716873, -0.000883566, 0.260864, 0.0179471, -1.17035, -0.000229877, 1.42506, 0.0393486, 0.173415, 3.14933, 0.207412, -1.34764, -0.0396752, 0.858299, 0.201927, 0, 0, 0, 0, 0, 0, 0, 0.47455, -0.0186552, 0.263083, 0.48638, -0.0156758, 0.142604, 0.996195, -3.71201e-12, -0.0871557, -4.46982e-12, -1, -8.49977e-12, -0.0871557, 8.857e-12, -0.996195, 0
17.55, 2025-07-03__01-13-47.424936, -0.073328, -0.208354, 0.0538027, -2.12221, -0.0256915, 1.86301, 0.71718, 0.00076561, 0.306342, 0.0159119, -1.16286, -0.000878945, 1.41296, 0.0236798, 0.24904, 2.0927, 0.295914, -0.582212, -0.0324188, 1.05374, 0.320916, 0, 0, 0, 0, 0, 0, 0, 0.474706, -0.0185566, 0.256782, 0.48638, -0.0156758, 0.142604, 0.996195, -3.71201e-12, -0.0871557, -4.46982e-12, -1, -8.49977e-12, -0.0871557, 8.857e-12, -0.996195, 0
17.56, 2025-07-03__01-13-47.434930, -0.0733189, -0.205114, 0.0539464, -2.13368, -0.0256907, 1.87726, 0.717512, 0.00327507, 0.326779, 0.0180622, -1.1379, 0.000557252, 1.43029, 0.0363246, 0.178637, 2.40309, 0.234431, -0.700014, -0.0582367, 0.965346, 0.267872, 0, 0, 0, 0, 0, 0, 0, 0.474797, -0.0184705, 0.251548, 0.48638, -0.0156758, 0.142604, 0.996195, -3.71201e-12, -0.0871557, -4.46982e-12, -1, -8.49977e-12, -0.0871557, 8.857e-12, -0.996195, 0
17.57, 2025-07-03__01-13-47.444928, -0.0733125, -0.201799, 0.0541323, -2.14487, -0.0256979, 1.89157, 0.717906, 0.00186889, 0.349515, 0.0241199, -1.12626, -0.00266572, 1.41874, 0.041587, 0.104463, 2.37353, 0.159843, -0.421492, -0.0489398, 1.09955, 0.258818, 0, 0, 0, 0, 0, 0, 0, 0.474961, -0.0183442, 0.24586, 0.48638, -0.0156758, 0.142604, 0.996195, -3.71201e-12, -0.0871557, -4.46982e-12, -1, -8.49977e-12, -0.0871557, 8.857e-12, -0.996195, 0
17.58, 2025-07-03__01-13-47.454929, -0.0733081, -0.198256, 0.0542972, -2.15593, -0.0256837, 1.90578, 0.718284, -0.000793964, 0.357657, 0.0192069, -1.1041, 0.00246874, 1.41878, 0.0458987, 0.283129, 3.1121, 0.373313, -0.643061, -0.0924728, 1.11471, 0.255524, 0, 0, 0, 0, 0, 0, 0, 0.475014, -0.0182263, 0.240102, 0.48638, -0.0156758, 0.142604, 0.996195, -3.71201e-12, -0.0871557, -4.46982e-12, -1, -8.49977e-12, -0.0871557, 8.857e-12, -0.996195, 0
17.59, 2025-07-03__01-13-47.464928, -0.0732992, -0.194606, 0.0544565, -2.16669, -0.0256861, 1.92014, 0.71864, 0.00049696, 0.371033, 0.0162723, -1.06849, 0.00661417, 1.44967, 0.0326013, 0.334441, 3.9878, 0.451339, -1.11243, -0.136332, 0.863473, 0.360266, 0, 0, 0, 0, 0, 0, 0, 0.475147, -0.018096, 0.234453, 0.48638, -0.0156758, 0.142604, 0.996195, -3.71201e-12, -0.0871557, -4.46982e-12, -1, -8.49977e-12, -0.0871557, 8.857e-12, -0.996195, 0
17.6, 2025-07-03__01-13-47.474930, -0.0733069, -0.190351, 0.0546362, -2.17727, -0.0256913, 1.93468, 0.71901, -0.00170765, 0.431411, 0.0154113, -1.0511, 0.000791684, 1.44936, 0.0381083, 0.481033, 2.68932, 0.612595, -0.286683, -0.103374, 0.979789, 0.356242, 0, 0, 0, 0, 0, 0, 0, 0.475283, -0.0179698, 0.228635, 0.48638, -0.0156758, 0.142604, 0.996195, -3.71201e-12, -0.0871557, -4.46982e-12, -1, -8.49977e-12, -0.0871557, 8.857e-12, -0.996195, 0
17.61, 2025-07-03__01-13-47.484929, -0.0733052, -0.185431, 0.0548598, -2.18858, -0.0257039, 1.95054, 0.719444, -0.00120855, 0.433418, 0.0191022, -1.01109, 0.000442973, 1.43512, 0.0409494, 0.39286, 4.08076, 0.538752, -0.879545, -0.134499, 1.03059, 0.370799, 0, 0, 0, 0, 0, 0, 0, 0.475407, -0.0178205, 0.222809, 0.48638, -0.0156758, 0.142604, 0.996195, -3.71201e-12, -0.0871557, -4.46982e-12, -1, -8.49977e-12, -0.0871557, 8.857e-12, -0.996195, 0
17.62, 2025-07-03__01-13-47.494943, -0.0732948, -0.181369, 0.0550819, -2.19767, -0.0257179, 1.96368, 0.719769, 0.0018012, 0.46491, 0.0229007, -1.01687, -0.00260248, 1.45613, 0.038936, 0.265553, 3.53119, 0.407006, -0.147918, -0.121403, 0.991779, 0.412842, 0, 0, 0, 0, 0, 0, 0, 0.475584, -0.0176516, 0.21714, 0.48638, -0.0156758, 0.142604, 0.996195, -3.71201e-12, -0.0871557, -4.46982e-12, -1, -8.49977e-12, -0.0871557, 8.857e-12, -0.996195, 0
17.63, 2025-07-03__01-13-47.504930, -0.0732905, -0.175664, 0.0553305, -2.20849, -0.0257048, 1.97955, 0.720262, -0.000965566, 0.527569, 0.0244479, -0.975317, 0.00479415, 1.43228, 0.0507201, 0.350177, 2.71063, 0.507721, 0.358737, -0.192653, 1.23481, 0.375071, 0, 0, 0, 0, 0, 0, 0, 0.475674, -0.0174363, 0.210657, 0.48638, -0.0156758, 0.142604, 0.996195, -3.71201e-12, -0.0871557, -4.46982e-12, -1, -8.49977e-12, -0.0871557, 8.857e-12, -0.996195, 0
17.64, 2025-07-03__01-13-47.514930, -0.073291, -0.170902, 0.05553, -2.21687, -0.0257219, 1.99257, 0.720757, -0.00104103, 0.517154, 0.0254755, -0.932697, -0.00115884, 1.45609, 0.0551119, 0.30842, 4.5886, 0.48467, -0.578126, -0.192093, 0.963323, 0.369838, 0, 0, 0, 0, 0, 0, 0, 0.475856, -0.0172809, 0.205501, 0.48638, -0.0156758, 0.142604, 0.996195, -3.71201e-12, -0.0871557, -4.46982e-12, -1, -8.49977e-12, -0.0871557, 8.857e-12, -0.996195, 0
17.65, 2025-07-03__01-13-47.524933, -0.073264, -0.165449, 0.0558004, -2.22606, -0.0257131, 2.00715, 0.72141, 0.0021422, 0.574477, 0.0255325, -0.915366, 0.00340117, 1.4583, 0.0707416, 0.252288, 2.04742, 0.413568, 1.21439, -0.219452, 0.765817, 0.276934, 0, 0, 0, 0, 0, 0, 0, 0.476099, -0.0170621, 0.199828, 0.48638, -0.0156758, 0.142604, 0.996195, -3.71201e-12, -0.0871557, -4.46982e-12, -1, -8.49977e-12, -0.0871557, 8.857e-12, -0.996195, 0
17.66, 2025-07-03__01-13-47.534929, -0.0732693, -0.159485, 0.0560532, -2.2349, -0.0257337, 2.02148, 0.722125, -0.000401343, 0.589346, 0.02555, -0.871285, -0.0123244, 1.43113, 0.0704635, 0.286718, -0.748012, 0.419907, 3.12173, -0.105362, 0.264825, 0.252738, 0, 0, 0, 0, 0, 0, 0, 0.476243, -0.0168321, 0.193446, 0.48638, -0.0156758, 0.142604, 0.996195, -3.71201e-12, -0.0871557, -4.46982e-12, -1, -8.49977e-12, -0.0871557, 8.857e-12, -0.996195, 0
17.67, 2025-07-03__01-13-47.544930, -0.0732461, -0.153692, 0.0563371, -2.24308, -0.025727, 2.03546, 0.722749, 0.00391805, 0.579168, 0.026761, -0.811992, 8.84669e-06, 1.3669, 0.0537194, 0.102395, -2.30363, 0.208154, 4.22543, -0.188603, -0.0741773, 0.333868, 0, 0, 0, 0, 0, 0, 0, 0.476494, -0.0166128, 0.188548, 0.48638, -0.0156758, 0.142604, 0.996195, -3.71201e-12, -0.0871557, -4.46982e-12, -1, -8.49977e-12, -0.0871557, 8.857e-12, -0.996195, 0
17.68, 2025-07-03__01-13-47.554930, -0.073252, -0.147587, 0.0566074, -2.25082, -0.025783, 2.04805, 0.723224, -0.00313974, 0.619083, 0.0238807, -0.744793, -0.00611159, 1.2042, 0.0489442, 0.338027, -5.85532, 0.427582, 6.3196, -0.143213, 0.42728, 0.354616, 0, 0, 0, 0, 0, 0, 0, 0.476409, -0.0163971, 0.183086, 0.48638, -0.0156758, 0.142604, 0.996195, -3.71201e-12, -0.0871557, -4.46982e-12, -1, -8.49977e-12, -0.0871557, 8.857e-12, -0.996195, 0
17.69, 2025-07-03__01-13-47.564929, -0.0732388, -0.14136, 0.056861, -2.25775, -0.0257854, 2.05934, 0.72365, 0.0023284, 0.615096, 0.026745, -0.67866, -0.00464888, 1.10199, 0.0460969, 0.125995, -7.67284, 0.190309, 7.39412, -0.164084, 0.493104, 0.364327, 0, 0, 0, 0, 0, 0, 0, 0.476117, -0.0161828, 0.177802, 0.48638, -0.0156758, 0.142604, 0.996195, -3.71201e-12, -0.0871557, -4.46982e-12, -1, -8.49977e-12, -0.0871557, 8.857e-12, -0.996195, 0
17.7, 2025-07-03__01-13-47.574930, -0.0732192, -0.135263, 0.0571184, -2.26396, -0.0258243, 2.06941, 0.724075, 0.00268434, 0.611347, 0.0223173, -0.605554, 0.0010344, 0.990366, 0.0407641, 0.188738, -9.31483, 0.24393, 8.21521, -0.211462, 0.661776, 0.38821, 0, 0, 0, 0, 0, 0, 0, 0.475723, -0.015949, 0.172846, 0.48638, -0.0156758, 0.142604, 0.996195, -3.71201e-12, -0.0871557, -4.46982e-12, -1, -8.49977e-12, -0.0871557, 8.857e-12, -0.996195, 0
17.71, 2025-07-03__01-13-47.584930, -0.0732085, -0.128767, 0.0574071, -2.26995, -0.0258796, 2.07919, 0.724543, 0.0044125, 0.581945, 0.0262793, -0.523709, -0.00924918, 0.861474, 0.0360992, 0.01698, -10.0582, 0.0532632, 8.51565, -0.170325, 0.890234, 0.407924, 0, 0, 0, 0, 0, 0, 0, 0.475243, -0.0157314, 0.168197, 0.48638, -0.0156758, 0.142604, 0.996195, -3.71201e-12, -0.0871557, -4.46982e-12, -1, -8.49977e-12, -0.0871557, 8.857e-12, -0.996195, 0
17.72, 2025-07-03__01-13-47.594929, -0.0732072, -0.123571, 0.0576045, -2.27424, -0.0259393, 2.08636, 0.724935, 0.000592285, 0.582187, 0.0196013, -0.452337, -0.01021, 0.763862, 0.0464446, 0.24774, -11.3687, 0.283848, 8.92512, -0.179514, 1.09398, 0.33597, 0, 0, 0, 0, 0, 0, 0, 0.474757, -0.0155389, 0.163888, 0.48638, -0.0156758, 0.142604, 0.996195, -3.71201e-12, -0.0871557, -4.46982e-12, -1, -8.49977e-12, -0.0871557, 8.857e-12, -0.996195, 0
17.73, 2025-07-03__01-13-47.604933, -0.073215, -0.117926, 0.0578085, -2.27824, -0.0260029, 2.09329, 0.725328, -0.00262688, 0.54184, 0.0160549, -0.384403, -0.0135671, 0.67282, 0.038478, 0.361705, -11.4115, 0.394208, 8.72934, -0.179982, 1.19625, 0.375007, 0, 0, 0, 0, 0, 0, 0, 0.474241, -0.0153667, 0.159884, 0.48638, -0.0156758, 0.142604, 0.996195, -3.71201e-12, -0.0871557, -4.46982e-12, -1, -8.49977e-12, -0.0871557, 8.857e-12, -0.996195, 0
17.74, 2025-07-03__01-13-47.614931, -0.0732051, -0.113051, 0.0580102, -2.2817, -0.026056, 2.09936, 0.725655, 0.00249551, 0.478318, 0.0203273, -0.334833, -0.0072566, 0.592468, 0.0343835, 0.0843876, -10.5845, 0.1038, 8.26521, -0.242089, 1.2579, 0.392213, 0, 0, 0, 0, 0, 0, 0, 0.473801, -0.0152019, 0.156438, 0.48638, -0.0156758, 0.142604, 0.996195, -3.71201e-12, -0.0871557, -4.46982e-12, -1, -8.49977e-12, -0.0871557, 8.857e-12, -0.996195, 0
17.75, 2025-07-03__01-13-47.624934, -0.0731867, -0.108396, 0.0581775, -2.28453, -0.026106, 2.10485, 0.725982, 0.00361792, 0.462553, 0.0180476, -0.271068, -0.00392946, 0.536969, 0.0348891, 0.0954098, -11.0336, 0.111295, 8.08452, -0.282942, 1.21841, 0.380004, 0, 0, 0, 0, 0, 0, 0, 0.473469, -0.015048, 0.153338, 0.48638, -0.0156758, 0.142604, 0.996195, -3.71201e-12, -0.0871557, -4.46982e-12, -1, -8.49977e-12, -0.0871557, 8.857e-12, -0.996195, 0
17.76, 2025-07-03__01-13-47.634930, -0.0731823, -0.104013, 0.0583013, -2.28678, -0.0261346, 2.1098, 0.726318, 0.00246616, 0.419658, 0.0121058, -0.212878, -0.000712508, 0.479194, 0.0286648, 0.225785, -10.4611, 0.243923, 7.42027, -0.32724, 1.17037, 0.406228, 0, 0, 0, 0, 0, 0, 0, 0.473265, -0.0148999, 0.150323, 0.48638, -0.0156758, 0.142604, 0.996195, -3.71201e-12, -0.0871557, -4.46982e-12, -1, -8.49977e-12, -0.0871557, 8.857e-12, -0.996195, 0
17.77, 2025-07-03__01-13-47.644929, -0.0731736, -0.100125, 0.0584143, -2.28853, -0.0261603, 2.11408, 0.726641, -0.000392145, 0.38354, 0.0112272, -0.170857, -0.00334858, 0.42441, 0.0266112, 0.286167, -10.1597, 0.300704, 7.02222, -0.329367, 1.18442, 0.407644, 0, 0, 0, 0, 0, 0, 0, 0.473185, -0.0147897, 0.148228, 0.48638, -0.0156758, 0.142604, 0.996195, -3.71201e-12, -0.0871557, -4.46982e-12, -1, -8.49977e-12, -0.0871557, 8.857e-12, -0.996195, 0
17.78, 2025-07-03__01-13-47.654929, -0.0731742, -0.0965019, 0.05851, -2.28983, -0.0262023, 2.11783, 0.726954, -0.000276851, 0.344675, 0.00824776, -0.116122, -0.00621389, 0.356585, 0.0363595, 0.335316, -9.42938, 0.34991, 6.23996, -0.337504, 1.261, 0.337259, 0, 0, 0, 0, 0, 0, 0, 0.473163, -0.0146937, 0.146165, 0.48638, -0.0156758, 0.142604, 0.996195, -3.71201e-12, -0.0871557, -4.46982e-12, -1, -8.49977e-12, -0.0871557, 8.857e-12, -0.996195, 0
17.79, 2025-07-03__01-13-47.664933, -0.0731548, -0.0934039, 0.0586073, -2.29067, -0.0263006, 2.12116, 0.727239, 0.000301057, 0.296742, 0.00890682, -0.0775156, -0.016261, 0.31994, 0.020135, 0.270684, -8.33183, 0.281558, 5.37238, -0.291836, 1.15742, 0.425109, 0, 0, 0, 0, 0, 0, 0, 0.473306, -0.0146162, 0.144506, 0.48638, -0.0156758, 0.142604, 0.996195, -3.71201e-12, -0.0871557, -4.46982e-12, -1, -8.49977e-12, -0.0871557, 8.857e-12, -0.996195, 0
17.8, 2025-07-03__01-13-47.674929, -0.073138, -0.0908466, 0.058689, -2.29124, -0.0264098, 2.12409, 0.727507, 0.00258913, 0.251268, 0.00514738, -0.0511817, -0.0135909, 0.284371, 0.0267607, 0.267326, -7.29684, 0.278143, 4.64792, -0.32161, 1.09706, 0.373649, 0, 0, 0, 0, 0, 0, 0, 0.473572, -0.0145488, 0.143215, 0.48638, -0.0156758, 0.142604, 0.996195, -3.71201e-12, -0.0871557, -4.46982e-12, -1, -8.49977e-12, -0.0871557, 8.857e-12, -0.996195, 0
17.81, 2025-07-03__01-13-47.684930, -0.0731313, -0.0884974, 0.0587403, -2.29153, -0.0264919, 2.12667, 0.727753, 0.000306397, 0.235005, 0.00439769, -0.0170735, -0.00948298, 0.254485, 0.0275014, 0.33494, -7.04557, 0.344836, 4.15165, -0.360105, 1.0462, 0.358329, 0, 0, 0, 0, 0, 0, 0, 0.47391, -0.0144988, 0.142016, 0.48638, -0.0156758, 0.142604, 0.996195, -3.71201e-12, -0.0871557, -4.46982e-12, -1, -8.49977e-12, -0.0871557, 8.857e-12, -0.996195, 0
17.82, 2025-07-03__01-13-47.694931, -0.0731287, -0.0863154, 0.0587588, -2.29157, -0.0265564, 2.12901, 0.727982, -0.000210475, 0.20585, 0.000488377, -0.00287118, -0.00703379, 0.227425, 0.0175639, 0.425971, -6.56939, 0.435964, 3.76272, -0.383159, 1.01534, 0.408434, 0, 0, 0, 0, 0, 0, 0, 0.474268, -0.0144717, 0.141193, 0.48638, -0.0156758, 0.142604, 0.996195, -3.71201e-12, -0.0871557, -4.46982e-12, -1, -8.49977e-12, -0.0871557, 8.857e-12, -0.996195, 0
17.83, 2025-07-03__01-13-47.704929, -0.0731153, -0.0845158, 0.0587927, -2.29157, -0.0266057, 2.13125, 0.728169, 0.00230664, 0.150938, 0.00197902, 0.0026095, -0.0083413, 0.19386, 0.0206981, 0.294082, -5.19075, 0.300345, 3.07479, -0.386038, 0.999182, 0.381629, 0, 0, 0, 0, 0, 0, 0, 0.474659, -0.0144382, 0.140506, 0.48638, -0.0156758, 0.142604, 0.996195, -3.71201e-12, -0.0871557, -4.46982e-12, -1, -8.49977e-12, -0.0871557, 8.857e-12, -0.996195, 0
17.84, 2025-07-03__01-13-47.714930, -0.0731064, -0.083334, 0.0588257, -2.29148, -0.0266314, 2.13291, 0.728318, 0.00110326, 0.124951, 0.00444681, 0.0147682, -0.00197124, 0.189088, 0.0200139, 0.244335, -4.44302, 0.248184, 2.53669, -0.435203, 0.849403, 0.378073, 0, 0, 0, 0, 0, 0, 0, 0.475095, -0.0144028, 0.140008, 0.48638, -0.0156758, 0.142604, 0.996195, -3.71201e-12, -0.0871557, -4.46982e-12, -1, -8.49977e-12, -0.0871557, 8.857e-12, -0.996195, 0
17.85, 2025-07-03__01-13-47.724929, -0.0730944, -0.0822277, 0.0588525, -2.29137, -0.0266528, 2.13474, 0.72847, 0.00214815, 0.0995596, 0.0027584, 0.0135969, -0.00511357, 0.177366, 0.0155752, 0.23697, -3.92028, 0.239969, 2.27922, -0.419296, 0.775642, 0.397956, 0, 0, 0, 0, 0, 0, 0, 0.475639, -0.014366, 0.139605, 0.48638, -0.0156758, 0.142604, 0.996195, -3.71201e-12, -0.0871557, -4.46982e-12, -1, -8.49977e-12, -0.0871557, 8.857e-12, -0.996195, 0
17.86, 2025-07-03__01-13-47.734927, -0.0730936, -0.0814469, 0.058866, -2.29129, -0.0266682, 2.13642, 0.728621, 0.00040204, 0.0751054, -6.49821e-05, 0.00606851, -0.00119959, 0.16477, 0.00950252, 0.319693, -3.43192, 0.322825, 2.12013, -0.444644, 0.734103, 0.42685, 0, 0, 0, 0, 0, 0, 0, 0.476075, -0.0143496, 0.139393, 0.48638, -0.0156758, 0.142604, 0.996195, -3.71201e-12, -0.0871557, -4.46982e-12, -1, -8.49977e-12, -0.0871557, 8.857e-12, -0.996195, 0
17.87, 2025-07-03__01-13-47.744927, -0.0730981, -0.0808519, 0.0588702, -2.29123, -0.0266876, 2.13802, 0.728772, 0.000703041, 0.04452, 0.000697054, 0.00849279, -0.00087608, 0.14005, 0.0141449, 0.275078, -2.52026, 0.277013, 1.67262, -0.453811, 0.734436, 0.391048, 0, 0, 0, 0, 0, 0, 0, 0.476514, -0.0143461, 0.139231, 0.48638, -0.0156758, 0.142604, 0.996195, -3.71201e-12, -0.0871557, -4.46982e-12, -1, -8.49977e-12, -0.0871557, 8.857e-12, -0.996195, 0
17.88, 2025-07-03__01-13-47.754929, -0.0731059, -0.0805389, 0.058871, -2.29119, -0.0267052, 2.13919, 0.728886, -0.00140975, 0.0294281, 0.00101088, 0.00286544, -0.00255815, 0.128405, 0.021416, 0.306098, -2.18006, 0.306768, 1.57656, -0.443915, 0.725786, 0.341168, 0, 0, 0, 0, 0, 0, 0, 0.476933, -0.0143431, 0.139156, 0.48638, -0.0156758, 0.142604, 0.996195, -3.71201e-12, -0.0871557, -4.46982e-12, -1, -8.49977e-12, -0.0871557, 8.857e-12, -0.996195, 0
17.89, 2025-07-03__01-13-47.764929, -0.0730989, -0.080414, 0.058875, -2.29119, -0.0267235, 2.14039, 0.728982, -0.00431505, 0.0112333, 0.00104183, 0.00059668, -0.00206378, 0.119968, 0.0101591, 0.351525, -1.6063, 0.351935, 1.32598, -0.448021, 0.674127, 0.403929, 0, 0, 0, 0, 0, 0, 0, 0.477336, -0.014339, 0.139167, 0.48638, -0.0156758, 0.142604, 0.996195, -3.71201e-12, -0.0871557, -4.46982e-12, -1, -8.49977e-12, -0.0871557, 8.857e-12, -0.996195, 0
17.9, 2025-07-03__01-13-47.774928, -0.0730872, -0.0804068, 0.0588795, -2.29117, -0.0267434, 2.14144, 0.729071, 0.000473722, -0.00296173, -0.000365715, 0.00294732, 1.49581e-05, 0.0980725, 0.00865055, 0.259668, -1.07763, 0.261204, 1.07067, -0.464702, 0.715952, 0.408362, 0, 0, 0, 0, 0, 0, 0, 0.477718, -0.0143306, 0.13923, 0.48638, -0.0156758, 0.142604, 0.996195, -3.71201e-12, -0.0871557, -4.46982e-12, -1, -8.49977e-12, -0.0871557, 8.857e-12, -0.996195, 0
17.91, 2025-07-03__01-13-47.784929, -0.0730894, -0.0804724, 0.0588846, -2.29112, -0.0267613, 2.14232, 0.729152, -0.000584664, -0.00463838, 0.00017597, 0.00773034, -0.00713729, 0.0889613, 0.00599209, 0.269867, -0.903885, 0.27137, 0.926228, -0.421961, 0.698004, 0.420347, 0, 0, 0, 0, 0, 0, 0, 0.478101, -0.0143354, 0.139351, 0.48638, -0.0156758, 0.142604, 0.996195, -3.71201e-12, -0.0871557, -4.46982e-12, -1, -8.49977e-12, -0.0871557, 8.857e-12, -0.996195, 0
17.92, 2025-07-03__01-13-47.794928, -0.0730897, -0.0805791, 0.0588923, -2.29107, -0.0267712, 2.14316, 0.72922, 0.000723139, -0.0115484, 0.00814392, 0.0034939, -0.00134884, 0.08389, 0.00276127, 0.0492595, -0.661403, 0.0450959, 0.85638, -0.458119, 0.669909, 0.436225, 0, 0, 0, 0, 0, 0, 0, 0.47841, -0.0143393, 0.139467, 0.48638, -0.0156758, 0.142604, 0.996195, -3.71201e-12, -0.0871557, -4.46982e-12, -1, -8.49977e-12, -0.0871557, 8.857e-12, -0.996195, 0
17.93, 2025-07-03__01-13-47.804930, -0.0730897, -0.0807323, 0.0588822, -2.29101, -0.0267863, 2.14397, 0.729326, 0.00153197, -0.0194494, -0.000393309, 0.000287913, -0.00319603, 0.0833656, 0.00327435, 0.216704, -0.356329, 0.21857, 0.724723, -0.446412, 0.607123, 0.426516, 0, 0, 0, 0, 0, 0, 0, 0.47876, -0.0143434, 0.139613, 0.48638, -0.0156758, 0.142604, 0.996195, -3.71201e-12, -0.0871557, -4.46982e-12, -1, -8.49977e-12, -0.0871557, 8.857e-12, -0.996195, 0
17.94, 2025-07-03__01-13-47.814928, -0.0730949, -0.0809162, 0.0588881, -2.29095, -0.0267989, 2.14473, 0.729433, -0.000406882, -0.0154204, -6.57796e-05, 0.00414549, -0.0011449, 0.0680139, 0.00894678, 0.256695, -0.372096, 0.258832, 0.690857, -0.46101, 0.652438, 0.385914, 0, 0, 0, 0, 0, 0, 0, 0.479065, -0.0143435, 0.139761, 0.48638, -0.0156758, 0.142604, 0.996195, -3.71201e-12, -0.0871557, -4.46982e-12, -1, -8.49977e-12, -0.0871557, 8.857e-12, -0.996195, 0
17.95, 2025-07-03__01-13-47.824930, -0.0730897, -0.0810445, 0.0588908, -2.29087, -0.0268085, 2.14526, 0.729482, 0.00111851, -0.0119894, -2.45113e-05, 0.00714012, -0.000256356, 0.0628747, 0.00790699, 0.221994, -0.379535, 0.224552, 0.647636, -0.467541, 0.644785, 0.389387, 0, 0, 0, 0, 0, 0, 0, 0.479375, -0.014347, 0.13992, 0.48638, -0.0156758, 0.142604, 0.996195, -3.71201e-12, -0.0871557, -4.46982e-12, -1, -8.49977e-12, -0.0871557, 8.857e-12, -0.996195, 0
17.96, 2025-07-03__01-13-47.834929, -0.0730808, -0.0811753, 0.0588983, -2.29077, -0.0268196, 2.14579, 0.72953, 0.00151749, -0.0126951, 0.000526936, 0.0119908, -0.000349335, 0.0535305, 0.00326461, 0.195975, -0.214726, 0.198829, 0.506792, -0.46919, 0.651149, 0.414732, 0, 0, 0, 0, 0, 0, 0, 0.479609, -0.014344, 0.140044, 0.48638, -0.0156758, 0.142604, 0.996195, -3.71201e-12, -0.0871557, -4.46982e-12, -1, -8.49977e-12, -0.0871557, 8.857e-12, -0.996195, 0
17.97, 2025-07-03__01-13-47.844930, -0.0730865, -0.081278, 0.0588906, -2.29068, -0.0268315, 2.14628, 0.729579, -0.000546162, -0.00742899, -0.00128908, 0.00925786, -0.00102595, 0.0399044, 0.00287379, 0.291124, -0.414918, 0.295133, 0.638878, -0.463005, 0.726646, 0.414465, 0, 0, 0, 0, 0, 0, 0, 0.479854, -0.0143537, 0.140171, 0.48638, -0.0156758, 0.142604, 0.996195, -3.71201e-12, -0.0871557, -4.46982e-12, -1, -8.49977e-12, -0.0871557, 8.857e-12, -0.996195, 0
17.98, 2025-07-03__01-13-47.854930, -0.0730893, -0.081403, 0.0588945, -2.29059, -0.0268448, 2.14679, 0.729614, -2.0988e-05, -0.00978098, 0.000154611, 0.013071, -0.00355752, 0.0457844, 0.00773417, 0.243198, -0.180763, 0.246885, 0.450089, -0.449374, 0.629171, 0.382876, 0, 0, 0, 0, 0, 0, 0, 0.480102, -0.0143576, 0.1403, 0.48638, -0.0156758, 0.142604, 0.996195, -3.71201e-12, -0.0871557, -4.46982e-12, -1, -8.49977e-12, -0.0871557, 8.857e-12, -0.996195, 0
17.99, 2025-07-03__01-13-47.864929, -0.0730893, -0.0814982, 0.0588939, -2.29052, -0.0268502, 2.14716, 0.729626, -7.18574e-05, -0.00986196, 0.00207802, 0.0053085, -0.00571564, 0.0371948, 0.00699657, 0.199015, -0.26867, 0.200744, 0.59094, -0.432975, 0.682347, 0.387198, 0, 0, 0, 0, 0, 0, 0, 0.480289, -0.0143584, 0.140397, 0.48638, -0.0156758, 0.142604, 0.996195, -3.71201e-12, -0.0871557, -4.46982e-12, -1, -8.49977e-12, -0.0871557, 8.857e-12, -0.996195, 0
18, 2025-07-03__01-13-47.874929, -0.073084, -0.0815856, 0.0588952, -2.29045, -0.0268575, 2.1475, 0.729641, 0.000878255, -0.00981507, 8.79614e-05, 0.00666953, -0.00482886, 0.029894, 3.42228e-05, 0.220501, -0.212122, 0.223991, 0.545802, -0.438783, 0.70176, 0.428409, 0, 0, 0, 0, 0, 0, 0, 0.48047, -0.0143583, 0.140496, 0.48638, -0.0156758, 0.142604, 0.996195, -3.71201e-12, -0.0871557, -4.46982e-12, -1, -8.49977e-12, -0.0871557, 8.857e-12, -0.996195, 0
18.01, 2025-07-03__01-13-47.884930, -0.0730893, -0.0816431, 0.0589029, -2.29036, -0.0268661, 2.14777, 0.729699, 0.00249554, -0.006661, 0.00105815, 0.00496674, -0.000402175, 0.0209421, 0.00869821, 0.164511, -0.325315, 0.167088, 0.621767, -0.466316, 0.752661, 0.372649, 0, 0, 0, 0, 0, 0, 0, 0.480614, -0.0143607, 0.140577, 0.48638, -0.0156758, 0.142604, 0.996195, -3.71201e-12, -0.0871557, -4.46982e-12, -1, -8.49977e-12, -0.0871557, 8.857e-12, -0.996195, 0
18.02, 2025-07-03__01-13-47.894934, -0.0730865, -0.0816917, 0.0589029, -2.29029, -0.0268706, 2.14795, 0.729731, -0.000194658, -0.00489969, 0.00065224, 0.00253176, 0.000186538, 0.0176938, 0.00204309, 0.234489, -0.404292, 0.237243, 0.681263, -0.468361, 0.771228, 0.41101, 0, 0, 0, 0, 0, 0, 0, 0.480737, -0.0143608, 0.140651, 0.48638, -0.0156758, 0.142604, 0.996195, -3.71201e-12, -0.0871557, -4.46982e-12, -1, -8.49977e-12, -0.0871557, 8.857e-12, -0.996195, 0
18.03, 2025-07-03__01-13-47.904934, -0.0730865, -0.0817385, 0.0589007, -2.2902, -0.026879, 2.14811, 0.72975, 9.53755e-05, -0.00403144, 0.000342301, 0.00664621, -0.00121821, 0.0152157, 0.00579343, 0.237122, -0.335866, 0.240609, 0.589128, -0.46147, 0.762923, 0.387174, 0, 0, 0, 0, 0, 0, 0, 0.480846, -0.0143663, 0.140719, 0.48638, -0.0156758, 0.142604, 0.996195, -3.71201e-12, -0.0871557, -4.46982e-12, -1, -8.49977e-12, -0.0871557, 8.857e-12, -0.996195, 0
18.04, 2025-07-03__01-13-47.914933, -0.0730865, -0.0817728, 0.0588977, -2.29013, -0.0268807, 2.14825, 0.729771, 0.000105396, -0.00225776, -0.000347317, 0.00926801, 0.000254725, 0.0102071, 0.000537935, 0.255113, -0.338512, 0.259416, 0.555662, -0.471553, 0.781058, 0.417692, 0, 0, 0, 0, 0, 0, 0, 0.480935, -0.0143673, 0.140774, 0.48638, -0.0156758, 0.142604, 0.996195, -3.71201e-12, -0.0871557, -4.46982e-12, -1, -8.49977e-12, -0.0871557, 8.857e-12, -0.996195, 0
18.05, 2025-07-03__01-13-47.924930, -0.0730858, -0.0817881, 0.0589026, -2.29006, -0.0268862, 2.14838, 0.729792, 0.000308343, 0.00097901, 0.000564283, 0.00527711, -0.000141785, 0.00895951, 0.00614626, 0.231185, -0.500906, 0.234404, 0.67344, -0.467357, 0.79715, 0.38274, 0, 0, 0, 0, 0, 0, 0, 0.481024, -0.0143663, 0.140822, 0.48638, -0.0156758, 0.142604, 0.996195, -3.71201e-12, -0.0871557, -4.46982e-12, -1, -8.49977e-12, -0.0871557, 8.857e-12, -0.996195, 0
18.06, 2025-07-03__01-13-47.934932, -0.0730858, -0.0818076, 0.0589036, -2.29001, -0.0268916, 2.14851, 0.7298, -0.000767845, -0.00410809, 0.000191038, 0.00535464, 5.8399e-05, 0.00876794, -0.000990983, 0.258419, -0.302096, 0.262111, 0.569757, -0.468941, 0.776931, 0.425316, 0, 0, 0, 0, 0, 0, 0, 0.481099, -0.0143631, 0.140861, 0.48638, -0.0156758, 0.142604, 0.996195, -3.71201e-12, -0.0871557, -4.46982e-12, -1, -8.49977e-12, -0.0871557, 8.857e-12, -0.996195, 0
18.07, 2025-07-03__01-13-47.944929, -0.0730885, -0.0818184, 0.0589061, -2.28996, -0.0268945, 2.14862, 0.729829, -0.000419809, -0.0023249, 0.00118733, 0.00615943, -0.00450288, 0.0128495, 0.000843009, 0.229759, -0.327733, 0.232673, 0.557459, -0.440701, 0.74065, 0.41281, 0, 0, 0, 0, 0, 0, 0, 0.481171, -0.0143688, 0.140899, 0.48638, -0.0156758, 0.142604, 0.996195, -3.71201e-12, -0.0871557, -4.46982e-12, -1, -8.49977e-12, -0.0871557, 8.857e-12, -0.996195, 0
18.08, 2025-07-03__01-13-47.954933, -0.0730918, -0.081829, 0.0589009, -2.28993, -0.0268999, 2.14872, 0.729852, -0.00114705, 8.14964e-05, 5.8554e-05, 0.000480154, 7.45427e-05, 0.01104, 0.0045648, 0.274926, -0.501299, 0.278187, 0.704344, -0.466693, 0.767732, 0.38874, 0, 0, 0, 0, 0, 0, 0, 0.481222, -0.0143712, 0.140921, 0.48638, -0.0156758, 0.142604, 0.996195, -3.71201e-12, -0.0871557, -4.46982e-12, -1, -8.49977e-12, -0.0871557, 8.857e-12, -0.996195, 0
18.09, 2025-07-03__01-13-47.964932, -0.0730865, -0.0818319, 0.0589009, -2.28991, -0.0269049, 2.1488, 0.729871, 0.000813756, 0.000133131, -0.000337745, 0.00149012, 0.000105745, 0.0135131, 0.00419295, 0.238322, -0.473098, 0.241864, 0.670386, -0.46722, 0.74145, 0.389916, 0, 0, 0, 0, 0, 0, 0, 0.481266, -0.0143722, 0.14094, 0.48638, -0.0156758, 0.142604, 0.996195, -3.71201e-12, -0.0871557, -4.46982e-12, -1, -8.49977e-12, -0.0871557, 8.857e-12, -0.996195, 0
18.1, 2025-07-03__01-13-47.974930, -0.0730862, -0.0818354, 0.0589067, -2.28989, -0.0269094, 2.14886, 0.729897, -0.000203481, -0.00023496, -0.000420798, 0.000712534, -0.000191946, 0.00417492, 0.00261957, 0.262086, -0.48774, 0.265487, 0.701781, -0.465052, 0.802716, 0.398126, 0, 0, 0, 0, 0, 0, 0, 0.481294, -0.0143666, 0.140953, 0.48638, -0.0156758, 0.142604, 0.996195, -3.71201e-12, -0.0871557, -4.46982e-12, -1, -8.49977e-12, -0.0871557, 8.857e-12, -0.996195, 0
18.11, 2025-07-03__01-13-47.984928, -0.0730793, -0.0818327, 0.0589093, -2.28987, -0.0269107, 2.14889, 0.729901, 0.00179575, -0.00331255, 0.000528341, -5.17762e-05, -0.00206857, -0.000290118, 0.0032961, 0.190754, -0.395005, 0.19328, 0.676361, -0.453831, 0.826357, 0.394167, 0, 0, 0, 0, 0, 0, 0, 0.481317, -0.0143727, 0.140961, 0.48638, -0.0156758, 0.142604, 0.996195, -3.71201e-12, -0.0871557, -4.46982e-12, -1, -8.49977e-12, -0.0871557, 8.857e-12, -0.996195, 0
18.12, 2025-07-03__01-13-47.994931, -0.0730833, -0.0818327, 0.058904, -2.28986, -0.0269138, 2.14895, 0.729919, 0.000546538, -0.00106086, -0.00107484, 0.00138901, -6.12072e-06, 0.00339986, 0.0045578, 0.259468, -0.442246, 0.263378, 0.667969, -0.466786, 0.797181, 0.385095, 0, 0, 0, 0, 0, 0, 0, 0.481345, -0.014371, 0.140974, 0.48638, -0.0156758, 0.142604, 0.996195, -3.71201e-12, -0.0871557, -4.46982e-12, -1, -8.49977e-12, -0.0871557, 8.857e-12, -0.996195, 0
18.13, 2025-07-03__01-13-48.004933, -0.0730808, -0.0818302, 0.0589072, -2.28986, -0.026915, 2.14901, 0.729934, 0.000707485, 0.000230663, -0.000385312, -0.000358601, 6.74496e-05, 0.010101, 0.00577856, 0.239254, -0.501575, 0.242434, 0.703126, -0.46628, 0.75491, 0.376813, 0, 0, 0, 0, 0, 0, 0, 0.481364, -0.0143663, 0.140973, 0.48638, -0.0156758, 0.142604, 0.996195, -3.71201e-12, -0.0871557, -4.46982e-12, -1, -8.49977e-12, -0.0871557, 8.857e-12, -0.996195, 0
18.14, 2025-07-03__01-13-48.014929, -0.0730808, -0.0818311, 0.0589045, -2.28985, -0.0269184, 2.14906, 0.729946, 0.00136809, -0.0010842, -0.00150265, -0.00206521, 0.000639419, -2.81498e-05, 0.000371516, 0.249242, -0.502051, 0.25298, 0.742461, -0.469103, 0.823535, 0.409063, 0, 0, 0, 0, 0, 0, 0, 0.481388, -0.0143701, 0.140982, 0.48638, -0.0156758, 0.142604, 0.996195, -3.71201e-12, -0.0871557, -4.46982e-12, -1, -8.49977e-12, -0.0871557, 8.857e-12, -0.996195, 0
18.15, 2025-07-03__01-13-48.024928, -0.0730808, -0.0818296, 0.0589155, -2.28985, -0.0269202, 2.14911, 0.729964, 0.00140714, 0.000169867, 0.00120886, 0.000739247, 3.60181e-05, 0.00287335, -0.000439715, 0.185842, -0.490456, 0.187756, 0.697581, -0.466225, 0.794043, 0.413037, 0, 0, 0, 0, 0, 0, 0, 0.481402, -0.01437, 0.140985, 0.48638, -0.0156758, 0.142604, 0.996195, -3.71201e-12, -0.0871557, -4.46982e-12, -1, -8.49977e-12, -0.0871557, 8.857e-12, -0.996195, 0
18.16, 2025-07-03__01-13-48.034929, -0.0730868, -0.0818305, 0.0589161, -2.28986, -0.0269252, 2.14918, 0.72999, -0.00122811, 0.000462786, 0.0022143, -0.00146318, -8.11781e-05, 0.00229416, -0.000604071, 0.223785, -0.540086, 0.224707, 0.748259, -0.464211, 0.801, 0.412564, 0, 0, 0, 0, 0, 0, 0, 0.481427, -0.014372, 0.140991, 0.48638, -0.0156758, 0.142604, 0.996195, -3.71201e-12, -0.0871557, -4.46982e-12, -1, -8.49977e-12, -0.0871557, 8.857e-12, -0.996195, 0
18.17, 2025-07-03__01-13-48.044929, -0.073084, -0.0818324, 0.0589097, -2.28985, -0.0269298, 2.14924, 0.73002, -0.000312734, 1.4437e-06, -0.000239265, 0.000873755, -0.0121709, 0.0038209, 0.0051117, 0.260319, -0.481017, 0.262909, 0.688755, -0.389852, 0.777673, 0.376816, 0, 0, 0, 0, 0, 0, 0, 0.481451, -0.0143737, 0.140994, 0.48638, -0.0156758, 0.142604, 0.996195, -3.71201e-12, -0.0871557, -4.46982e-12, -1, -8.49977e-12, -0.0871557, 8.857e-12, -0.996195, 0
18.18, 2025-07-03__01-13-48.054931, -0.0730882, -0.0818359, 0.0589132, -2.28984, -0.0269269, 2.14928, 0.730024, 0.000181907, -0.000113357, 0.0018058, 0.00120339, -0.00107891, 0.00153778, -1.81856e-05, 0.202203, -0.468201, 0.203569, 0.679376, -0.459446, 0.789181, 0.4071, 0, 0, 0, 0, 0, 0, 0, 0.481471, -0.0143758, 0.141004, 0.48638, -0.0156758, 0.142604, 0.996195, -3.71201e-12, -0.0871557, -4.46982e-12, -1, -8.49977e-12, -0.0871557, 8.857e-12, -0.996195, 0
18.19, 2025-07-03__01-13-48.064931, -0.0730886, -0.0818359, 0.0589132, -2.28984, -0.0269251, 2.14932, 0.730033, -0.00149861, 0.000380548, 0.000635107, -0.00304939, 0.000183878, 0.00164476, 0.000466632, 0.266428, -0.55789, 0.268286, 0.770802, -0.465543, 0.799962, 0.403506, 0, 0, 0, 0, 0, 0, 0, 0.481486, -0.0143696, 0.141008, 0.48638, -0.0156758, 0.142604, 0.996195, -3.71201e-12, -0.0871557, -4.46982e-12, -1, -8.49977e-12, -0.0871557, 8.857e-12, -0.996195, 0
18.2, 2025-07-03__01-13-48.074934, -0.0730839, -0.0818366, 0.0589142, -2.28984, -0.0269307, 2.14936, 0.730043, -0.00130846, -0.000334207, -7.34917e-05, -0.000734959, -0.000245108, 0.00393693, 0.000159552, 0.276439, -0.488284, 0.278998, 0.703742, -0.4636, 0.772875, 0.404681, 0, 0, 0, 0, 0, 0, 0, 0.481496, -0.0143676, 0.14101, 0.48638, -0.0156758, 0.142604, 0.996195, -3.71201e-12, -0.0871557, -4.46982e-12, -1, -8.49977e-12, -0.0871557, 8.857e-12, -0.996195, 0
18.21, 2025-07-03__01-13-48.084931, -0.0730787, -0.081838, 0.0589154, -2.28984, -0.0269343, 2.14939, 0.730065, -0.000621625, -0.00101788, 0.000323389, 0.000258668, -0.00196554, 0.000688132, 0.000945565, 0.250423, -0.452306, 0.252649, 0.681903, -0.453406, 0.788537, 0.398861, 0, 0, 0, 0, 0, 0, 0, 0.481515, -0.0143715, 0.141015, 0.48638, -0.0156758, 0.142604, 0.996195, -3.71201e-12, -0.0871557, -4.46982e-12, -1, -8.49977e-12, -0.0871557, 8.857e-12, -0.996195, 0
18.22, 2025-07-03__01-13-48.094931, -0.0730803, -0.0818388, 0.0589108, -2.28984, -0.0269334, 2.1494, 0.730075, -0.000177232, -0.00101221, 0.00185045, 0.000891473, 0.000119749, 0.000575338, 0.00107272, 0.207229, -0.43953, 0.208439, 0.668721, -0.466899, 0.786577, 0.397479, 0, 0, 0, 0, 0, 0, 0, 0.481513, -0.0143685, 0.141011, 0.48638, -0.0156758, 0.142604, 0.996195, -3.71201e-12, -0.0871557, -4.46982e-12, -1, -8.49977e-12, -0.0871557, 8.857e-12, -0.996195, 0
18.23, 2025-07-03__01-13-48.104931, -0.0730811, -0.0818334, 0.0589186, -2.28984, -0.0269347, 2.14943, 0.730083, 0.000457444, 0.000769738, 0.000999849, -0.0013764, -3.18779e-05, 0.000208661, 0.00158494, 0.211878, -0.542783, 0.213354, 0.745325, -0.464677, 0.797847, 0.394001, 0, 0, 0, 0, 0, 0, 0, 0.481524, -0.0143724, 0.141014, 0.48638, -0.0156758, 0.142604, 0.996195, -3.71201e-12, -0.0871557, -4.46982e-12, -1, -8.49977e-12, -0.0871557, 8.857e-12, -0.996195, 0
18.24, 2025-07-03__01-13-48.114931, -0.0730861, -0.0818302, 0.0589195, -2.28984, -0.0269387, 2.14947, 0.73009, -0.000957905, 0.00121675, 0.000447057, -0.000217107, -0.000292701, 0.000959964, 0.00107973, 0.257935, -0.539808, 0.259899, 0.726006, -0.463135, 0.787596, 0.396557, 0, 0, 0, 0, 0, 0, 0, 0.481538, -0.0143683, 0.141016, 0.48638, -0.0156758, 0.142604, 0.996195, -3.71201e-12, -0.0871557, -4.46982e-12, -1, -8.49977e-12, -0.0871557, 8.857e-12, -0.996195, 0
18.25, 2025-07-03__01-13-48.124930, -0.0730858, -0.0818313, 0.058922, -2.28984, -0.0269363, 2.14951, 0.730091, -0.00124741, -0.000483193, 0.00056978, -5.0523e-05, -0.000118654, 0.00321489, -0.00397372, 0.258958, -0.470684, 0.260922, 0.685986, -0.464329, 0.765307, 0.426993, 0, 0, 0, 0, 0, 0, 0, 0.481551, -0.0143672, 0.141017, 0.48638, -0.0156758, 0.142604, 0.996195, -3.71201e-12, -0.0871557, -4.46982e-12, -1, -8.49977e-12, -0.0871557, 8.857e-12, -0.996195, 0
18.26, 2025-07-03__01-13-48.134931, -0.0730852, -0.0818302, 0.0589221, -2.28984, -0.0269402, 2.14953, 0.730112, -0.000920351, 0.000387222, 0.00109255, -0.000182935, -0.000362967, 0.00263818, -0.000438042, 0.240658, -0.504103, 0.242081, 0.704716, -0.462764, 0.770021, 0.404492, 0, 0, 0, 0, 0, 0, 0, 0.481558, -0.0143683, 0.141017, 0.48638, -0.0156758, 0.142604, 0.996195, -3.71201e-12, -0.0871557, -4.46982e-12, -1, -8.49977e-12, -0.0871557, 8.857e-12, -0.996195, 0
18.27, 2025-07-03__01-13-48.144929, -0.0730885, -0.0818359, 0.0589169, -2.28984, -0.0269415, 2.14954, 0.730129, -0.00136423, -0.000410471, -0.000117777, -0.000980134, 0.00015609, 0.003607, 0.000183323, 0.27907, -0.486193, 0.281334, 0.702613, -0.46577, 0.763407, 0.399584, 0, 0, 0, 0, 0, 0, 0, 0.481562, -0.0143714, 0.141021, 0.48638, -0.0156758, 0.142604, 0.996195, -3.71201e-12, -0.0871557, -4.46982e-12, -1, -8.49977e-12, -0.0871557, 8.857e-12, -0.996195, 0
18.28, 2025-07-03__01-13-48.154928, -0.0730883, -0.0818419, 0.0589146, -2.28984, -0.0269419, 2.14955, 0.730136, -0.00116433, -0.00143029, -0.00201456, -0.000871225, -0.000344149, 0.000971568, -0.00305507, 0.317105, -0.453066, 0.32072, 0.689868, -0.462668, 0.778456, 0.418766, 0, 0, 0, 0, 0, 0, 0, 0.481572, -0.0143699, 0.141027, 0.48638, -0.0156758, 0.142604, 0.996195, -3.71201e-12, -0.0871557, -4.46982e-12, -1, -8.49977e-12, -0.0871557, 8.857e-12, -0.996195, 0
18.29, 2025-07-03__01-13-48.164928, -0.0730801, -0.0818391, 0.0589172, -2.28983, -0.0269451, 2.14956, 0.730155, 0.000447991, 0.000460503, -0.000767234, 0.000171981, -0.000249634, 0.00202069, 0.000671221, 0.252056, -0.496805, 0.254719, 0.695789, -0.463645, 0.770798, 0.395238, 0, 0, 0, 0, 0, 0, 0, 0.481571, -0.0143689, 0.141025, 0.48638, -0.0156758, 0.142604, 0.996195, -3.71201e-12, -0.0871557, -4.46982e-12, -1, -8.49977e-12, -0.0871557, 8.857e-12, -0.996195, 0
18.3, 2025-07-03__01-13-48.174928, -0.0730858, -0.0818391, 0.05892, -2.28983, -0.0269438, 2.14957, 0.73017, -0.00091473, -3.41459e-05, -0.000244426, 0.000243476, 0.000129103, 0.000118081, 0.00088658, 0.271438, -0.482575, 0.273721, 0.69129, -0.46627, 0.782032, 0.393025, 0, 0, 0, 0, 0, 0, 0, 0.481579, -0.0143685, 0.141029, 0.48638, -0.0156758, 0.142604, 0.996195, -3.71201e-12, -0.0871557, -4.46982e-12, -1, -8.49977e-12, -0.0871557, 8.857e-12, -0.996195, 0
18.31, 2025-07-03__01-13-48.184930, -0.0730829, -0.0818366, 0.0589228, -2.28984, -0.0269455, 2.14958, 0.730177, -0.000728241, 0.000382964, 0.000389893, -0.000923878, -0.000227337, -0.000422681, 0.00286977, 0.251904, -0.519585, 0.253528, 0.725976, -0.463536, 0.789737, 0.380741, 0, 0, 0, 0, 0, 0, 0, 0.481583, -0.0143675, 0.14103, 0.48638, -0.0156758, 0.142604, 0.996195, -3.71201e-12, -0.0871557, -4.46982e-12, -1, -8.49977e-12, -0.0871557, 8.857e-12, -0.996195, 0
18.32, 2025-07-03__01-13-48.194929, -0.0730777, -0.0818373, 0.0589228, -2.28983, -0.0269467, 2.14959, 0.730178, -0.00141218, -0.000287295, 0.000804228, -0.000811861, -0.000299688, 0.000149247, -0.00122239, 0.255933, -0.49079, 0.257293, 0.708451, -0.462926, 0.783142, 0.405449, 0, 0, 0, 0, 0, 0, 0, 0.481585, -0.0143686, 0.141028, 0.48638, -0.0156758, 0.142604, 0.996195, -3.71201e-12, -0.0871557, -4.46982e-12, -1, -8.49977e-12, -0.0871557, 8.857e-12, -0.996195, 0
18.33, 2025-07-03__01-13-48.204931, -0.0730776, -0.0818338, 0.058926, -2.28983, -0.0269488, 2.14961, 0.730191, 8.04382e-07, 0.00085932, 0.000453076, -0.00118614, 9.10481e-05, 9.43064e-05, -0.000451753, 0.232238, -0.537527, 0.233687, 0.735262, -0.46505, 0.785688, 0.400095, 0, 0, 0, 0, 0, 0, 0, 0.481593, -0.0143677, 0.141031, 0.48638, -0.0156758, 0.142604, 0.996195, -3.71201e-12, -0.0871557, -4.46982e-12, -1, -8.49977e-12, -0.0871557, 8.857e-12, -0.996195, 0
18.34, 2025-07-03__01-13-48.214932, -0.0730801, -0.0818313, 0.0589285, -2.28983, -0.0269486, 2.14961, 0.730194, 0.000713189, 0.00220884, 0.00129255, -0.000838702, 0.000174004, 0.000609282, -0.00127935, 0.198349, -0.578039, 0.199163, 0.749968, -0.465479, 0.783893, 0.405016, 0, 0, 0, 0, 0, 0, 0, 0.481593, -0.0143682, 0.141031, 0.48638, -0.0156758, 0.142604, 0.996195, -3.71201e-12, -0.0871557, -4.46982e-12, -1, -8.49977e-12, -0.0871557, 8.857e-12, -0.996195, 0
18.35, 2025-07-03__01-13-48.224930, -0.0730751, -0.081832, 0.0589232, -2.28984, -0.0269492, 2.14962, 0.730207, 0.00197194, 0.00052692, -0.00117495, -0.000185806, -5.24061e-05, 0.0052943, -0.00106584, 0.22403, -0.499741, 0.226665, 0.695645, -0.464542, 0.745715, 0.402773, 0, 0, 0, 0, 0, 0, 0, 0.481588, -0.0143642, 0.141026, 0.48638, -0.0156758, 0.142604, 0.996195, -3.71201e-12, -0.0871557, -4.46982e-12, -1, -8.49977e-12, -0.0871557, 8.857e-12, -0.996195, 0
18.36, 2025-07-03__01-13-48.234929, -0.0730829, -0.0818362, 0.0589235, -2.28983, -0.0269524, 2.14963, 0.730217, -0.00104368, -0.000294413, -0.00123781, -0.00149972, -8.86462e-06, 0.00488495, -0.00141225, 0.294387, -0.492826, 0.297026, 0.706092, -0.464141, 0.750002, 0.404152, 0, 0, 0, 0, 0, 0, 0, 0.481599, -0.0143651, 0.14103, 0.48638, -0.0156758, 0.142604, 0.996195, -3.71201e-12, -0.0871557, -4.46982e-12, -1, -8.49977e-12, -0.0871557, 8.857e-12, -0.996195, 0
18.37, 2025-07-03__01-13-48.244928, -0.0730829, -0.0818347, 0.0589235, -2.28982, -0.0269505, 2.14964, 0.730227, -0.0004315, 0.000955589, -0.000274493, 0.000712019, -0.000637421, 0.00511142, -0.000795921, 0.260379, -0.497077, 0.262473, 0.680053, -0.461204, 0.74325, 0.399922, 0, 0, 0, 0, 0, 0, 0, 0.481604, -0.0143676, 0.141036, 0.48638, -0.0156758, 0.142604, 0.996195, -3.71201e-12, -0.0871557, -4.46982e-12, -1, -8.49977e-12, -0.0871557, 8.857e-12, -0.996195, 0
18.38, 2025-07-03__01-13-48.254932, -0.0730854, -0.0818391, 0.0589291, -2.28983, -0.0269518, 2.14965, 0.730235, -0.00220353, -0.0010043, 0.000900629, -0.00062141, -3.06223e-05, -9.88444e-05, 0.000348202, 0.271497, -0.461089, 0.272622, 0.690903, -0.464826, 0.778608, 0.39258, 0, 0, 0, 0, 0, 0, 0, 0.481606, -0.0143663, 0.141032, 0.48638, -0.0156758, 0.142604, 0.996195, -3.71201e-12, -0.0871557, -4.46982e-12, -1, -8.49977e-12, -0.0871557, 8.857e-12, -0.996195, 0
18.39, 2025-07-03__01-13-48.264931, -0.0730854, -0.0818376, 0.0589267, -2.28982, -0.0269547, 2.14965, 0.730245, -0.000989001, 0.000403652, 0.00208246, 0.00117324, -0.00016327, -0.000284934, 9.05781e-05, 0.219505, -0.478216, 0.219857, 0.677514, -0.464493, 0.776949, 0.3937, 0, 0, 0, 0, 0, 0, 0, 0.481612, -0.0143704, 0.141038, 0.48638, -0.0156758, 0.142604, 0.996195, -3.71201e-12, -0.0871557, -4.46982e-12, -1, -8.49977e-12, -0.0871557, 8.857e-12, -0.996195, 0
18.4, 2025-07-03__01-13-48.274931, -0.0730801, -0.0818397, 0.0589292, -2.28983, -0.0269547, 2.14967, 0.730249, 0.00389006, 0.000134159, -0.000456812, 0.0012518, 0.000210705, 0.000384786, -0.00192901, 0.164405, -0.464042, 0.166393, 0.670533, -0.466919, 0.770227, 0.405783, 0, 0, 0, 0, 0, 0, 0, 0.481615, -0.0143666, 0.141037, 0.48638, -0.0156758, 0.142604, 0.996195, -3.71201e-12, -0.0871557, -4.46982e-12, -1, -8.49977e-12, -0.0871557, 8.857e-12, -0.996195, 0
18.41, 2025-07-03__01-13-48.284930, -0.0730804, -0.0818376, 0.0589292, -2.28982, -0.026954, 2.14968, 0.730264, 0.000891133, 0.000985892, 0.000972738, 0.000416717, 6.32844e-05, 0.00075291, 0.000823409, 0.200757, -0.507701, 0.201697, 0.698334, -0.46571, 0.771182, 0.388188, 0, 0, 0, 0, 0, 0, 0, 0.481615, -0.0143666, 0.141038, 0.48638, -0.0156758, 0.142604, 0.996195, -3.71201e-12, -0.0871557, -4.46982e-12, -1, -8.49977e-12, -0.0871557, 8.857e-12, -0.996195, 0
18.42, 2025-07-03__01-13-48.294931, -0.0730779, -0.0818405, 0.0589264, -2.28982, -0.0269553, 2.14968, 0.730278, 0.00143649, 0.00027903, 4.26201e-05, 0.0041491, -0.000306925, -0.000332464, 0.00111501, 0.209754, -0.42198, 0.211687, 0.613858, -0.465109, 0.765737, 0.385526, 0, 0, 0, 0, 0, 0, 0, 0.481618, -0.0143723, 0.141037, 0.48638, -0.0156758, 0.142604, 0.996195, -3.71201e-12, -0.0871557, -4.46982e-12, -1, -8.49977e-12, -0.0871557, 8.857e-12, -0.996195, 0
18.43, 2025-07-03__01-13-48.304934, -0.0730857, -0.0818376, 0.0589321, -2.28982, -0.026954, 2.1497, 0.730274, -0.000431643, 0.000814748, 0.000616055, 0.0005068, -0.000118681, 0.000730974, -0.00179067, 0.239039, -0.501328, 0.240232, 0.692872, -0.464434, 0.769526, 0.403365, 0, 0, 0, 0, 0, 0, 0, 0.481622, -0.0143674, 0.141039, 0.48638, -0.0156758, 0.142604, 0.996195, -3.71201e-12, -0.0871557, -4.46982e-12, -1, -8.49977e-12, -0.0871557, 8.857e-12, -0.996195, 0
18.44, 2025-07-03__01-13-48.314932, -0.0730808, -0.0818363, 0.0589292, -2.28983, -0.0269541, 2.1497, 0.730285, 5.15727e-05, 0.000291135, 0.000184831, 0.00188174, 6.94953e-05, -0.000409714, 0.00300657, 0.237582, -0.46418, 0.239195, 0.661822, -0.466636, 0.77229, 0.373636, 0, 0, 0, 0, 0, 0, 0, 0.481624, -0.0143676, 0.141036, 0.48638, -0.0156758, 0.142604, 0.996195, -3.71201e-12, -0.0871557, -4.46982e-12, -1, -8.49977e-12, -0.0871557, 8.857e-12, -0.996195, 0
18.45, 2025-07-03__01-13-48.324932, -0.0730829, -0.0818367, 0.0589321, -2.28983, -0.0269527, 2.14971, 0.730297, -0.00337501, -0.000236308, -0.000167627, -2.72938e-05, 0.000369061, -3.00745e-05, 0.00108071, 0.321916, -0.479572, 0.323684, 0.689257, -0.46762, 0.774047, 0.384405, 0, 0, 0, 0, 0, 0, 0, 0.481628, -0.0143659, 0.141038, 0.48638, -0.0156758, 0.142604, 0.996195, -3.71201e-12, -0.0871557, -4.46982e-12, -1, -8.49977e-12, -0.0871557, 8.857e-12, -0.996195, 0
18.46, 2025-07-03__01-13-48.334933, -0.0730768, -0.0818395, 0.0589324, -2.28983, -0.0269587, 2.14972, 0.730299, 0.000738785, -0.001288, 0.000875343, -0.000573927, 8.14076e-05, 0.000204208, 0.000548112, 0.202601, -0.444805, 0.203395, 0.682511, -0.465621, 0.770666, 0.387836, 0, 0, 0, 0, 0, 0, 0, 0.481632, -0.014366, 0.141038, 0.48638, -0.0156758, 0.142604, 0.996195, -3.71201e-12, -0.0871557, -4.46982e-12, -1, -8.49977e-12, -0.0871557, 8.857e-12, -0.996195, 0
18.47, 2025-07-03__01-13-48.344930, -0.0730829, -0.0818335, 0.0589331, -2.28982, -0.0269586, 2.14973, 0.730304, -0.00178381, 0.000939202, 0.000963285, 4.17809e-05, 8.03798e-05, 0.00141969, -0.000332685, 0.261028, -0.513594, 0.261854, 0.701726, -0.465349, 0.764535, 0.392749, 0, 0, 0, 0, 0, 0, 0, 0.481635, -0.0143676, 0.141038, 0.48638, -0.0156758, 0.142604, 0.996195, -3.71201e-12, -0.0871557, -4.46982e-12, -1, -8.49977e-12, -0.0871557, 8.857e-12, -0.996195, 0
18.48, 2025-07-03__01-13-48.354934, -0.0730828, -0.0818401, 0.0589271, -2.28982, -0.0269571, 2.14974, 0.730307, -0.000540174, -0.00161829, -0.000684956, 0.00126942, 0.000323885, 0.00266629, -0.000199898, 0.269254, -0.39736, 0.271462, 0.628638, -0.46794, 0.745974, 0.391606, 0, 0, 0, 0, 0, 0, 0, 0.481644, -0.0143693, 0.141046, 0.48638, -0.0156758, 0.142604, 0.996195, -3.71201e-12, -0.0871557, -4.46982e-12, -1, -8.49977e-12, -0.0871557, 8.857e-12, -0.996195, 0
18.49, 2025-07-03__01-13-48.364931, -0.0730729, -0.0818398, 0.0589331, -2.28982, -0.0269587, 2.14975, 0.730313, 0.00179023, 0.000330735, 0.0002841, 0.000163365, 0.00122187, 0.000150178, -0.00417719, 0.192509, -0.486968, 0.193717, 0.691403, -0.472608, 0.769953, 0.415609, 0, 0, 0, 0, 0, 0, 0, 0.481643, -0.0143646, 0.141042, 0.48638, -0.0156758, 0.142604, 0.996195, -3.71201e-12, -0.0871557, -4.46982e-12, -1, -8.49977e-12, -0.0871557, 8.857e-12, -0.996195, 0
18.5, 2025-07-03__01-13-48.374932, -0.0730769, -0.0818451, 0.0589328, -2.28982, -0.0269582, 2.14976, 0.730333, 0.000871133, -0.00128943, 8.85678e-05, -0.000560089, 0.000111483, -0.000506659, 0.00171065, 0.217491, -0.441883, 0.218779, 0.679861, -0.466102, 0.772377, 0.378776, 0, 0, 0, 0, 0, 0, 0, 0.481652, -0.0143646, 0.141048, 0.48638, -0.0156758, 0.142604, 0.996195, -3.71201e-12, -0.0871557, -4.46982e-12, -1, -8.49977e-12, -0.0871557, 8.857e-12, -0.996195, 0
18.51, 2025-07-03__01-13-48.384933, -0.073079, -0.0818423, 0.0589328, -2.28983, -0.0269575, 2.14977, 0.730342, 0.000272969, 0.00027573, -0.000554522, -0.00058363, 0.0005112, 0.00109542, 0.00138815, 0.247381, -0.498012, 0.249081, 0.703292, -0.468272, 0.76453, 0.38012, 0, 0, 0, 0, 0, 0, 0, 0.481655, -0.0143645, 0.141049, 0.48638, -0.0156758, 0.142604, 0.996195, -3.71201e-12, -0.0871557, -4.46982e-12, -1, -8.49977e-12, -0.0871557, 8.857e-12, -0.996195, 0
18.52, 2025-07-03__01-13-48.394932, -0.0730798, -0.0818398, 0.0589354, -2.28983, -0.0269588, 2.14978, 0.730344, -9.11477e-05, 0.000959054, -8.22482e-05, -0.00229555, 0.00221189, -9.57444e-05, -0.000222554, 0.244769, -0.553655, 0.245952, 0.752448, -0.47792, 0.778834, 0.38975, 0, 0, 0, 0, 0, 0, 0, 0.481659, -0.0143634, 0.141048, 0.48638, -0.0156758, 0.142604, 0.996195, -3.71201e-12, -0.0871557, -4.46982e-12, -1, -8.49977e-12, -0.0871557, 8.857e-12, -0.996195, 0
18.53, 2025-07-03__01-13-48.404933, -0.0730775, -0.0818451, 0.0589356, -2.28983, -0.0269582, 2.14979, 0.730353, 0.00128492, -0.00157042, 0.000792692, -0.000355881, 0.000326535, 0.000454151, 0.000307204, 0.191274, -0.426344, 0.19198, 0.669425, -0.467551, 0.762713, 0.386148, 0, 0, 0, 0, 0, 0, 0, 0.481658, -0.014363, 0.141047, 0.48638, -0.0156758, 0.142604, 0.996195, -3.71201e-12, -0.0871557, -4.46982e-12, -1, -8.49977e-12, -0.0871557, 8.857e-12, -0.996195, 0
18.54, 2025-07-03__01-13-48.414929, -0.0730776, -0.081837, 0.0589328, -2.28982, -0.0269627, 2.14979, 0.730355, 0.00196187, 0.000436998, 0.000792853, -0.00532028, -0.00040284, 0.00240011, -6.89941e-05, 0.177506, -0.577052, 0.177611, 0.797165, -0.460323, 0.768497, 0.388555, 0, 0, 0, 0, 0, 0, 0, 0.481661, -0.0143654, 0.141048, 0.48638, -0.0156758, 0.142604, 0.996195, -3.71201e-12, -0.0871557, -4.46982e-12, -1, -8.49977e-12, -0.0871557, 8.857e-12, -0.996195, 0
18.55, 2025-07-03__01-13-48.424928, -0.0730801, -0.0818398, 0.0589409, -2.28983, -0.0269622, 2.1498, 0.73036, 0.000536462, -0.000443442, 0.00282538, -0.000963051, 0.000579663, 0.000353522, 0.000726211, 0.162551, -0.477131, 0.161638, 0.701738, -0.468538, 0.766969, 0.383339, 0, 0, 0, 0, 0, 0, 0, 0.48166, -0.0143694, 0.141044, 0.48638, -0.0156758, 0.142604, 0.996195, -3.71201e-12, -0.0871557, -4.46982e-12, -1, -8.49977e-12, -0.0871557, 8.857e-12, -0.996195, 0
18.56, 2025-07-03__01-13-48.434934, -0.0730843, -0.081837, 0.0589357, -2.28982, -0.0269625, 2.14981, 0.730367, -0.00129255, 0.000514463, 0.000388499, 0.00161489, -4.64095e-05, 8.28492e-05, -0.00119998, 0.262688, -0.471926, 0.263814, 0.663759, -0.465329, 0.762492, 0.394369, 0, 0, 0, 0, 0, 0, 0, 0.481664, -0.0143659, 0.141046, 0.48638, -0.0156758, 0.142604, 0.996195, -3.71201e-12, -0.0871557, -4.46982e-12, -1, -8.49977e-12, -0.0871557, 8.857e-12, -0.996195, 0
18.57, 2025-07-03__01-13-48.444930, -0.0730821, -0.0818423, 0.0589336, -2.28983, -0.0269606, 2.14981, 0.730379, -0.000481663, -0.00245197, -0.000111537, -0.000319902, -0.00048669, 2.61163e-06, 0.00318004, 0.252749, -0.398494, 0.254066, 0.654855, -0.462709, 0.762669, 0.367159, 0, 0, 0, 0, 0, 0, 0, 0.481664, -0.0143666, 0.141047, 0.48638, -0.0156758, 0.142604, 0.996195, -3.71201e-12, -0.0871557, -4.46982e-12, -1, -8.49977e-12, -0.0871557, 8.857e-12, -0.996195, 0
18.58, 2025-07-03__01-13-48.454931, -0.0730827, -0.0818397, 0.0589356, -2.28983, -0.0269625, 2.14982, 0.730382, -0.000617631, -0.000505253, 0.00106366, 0.00104609, 9.93097e-05, 0.000851543, 0.00132093, 0.23076, -0.442706, 0.231315, 0.657368, -0.466392, 0.756139, 0.378264, 0, 0, 0, 0, 0, 0, 0, 0.481663, -0.014367, 0.141045, 0.48638, -0.0156758, 0.142604, 0.996195, -3.71201e-12, -0.0871557, -4.46982e-12, -1, -8.49977e-12, -0.0871557, 8.857e-12, -0.996195, 0
18.59, 2025-07-03__01-13-48.464931, -0.073079, -0.0818398, 0.0589409, -2.28983, -0.0269624, 2.14982, 0.730377, 7.8923e-05, 0.00107278, 0.00133927, -0.000549324, -5.71055e-05, 0.00161729, -0.00151519, 0.207636, -0.522815, 0.207756, 0.713985, -0.464288, 0.759047, 0.395854, 0, 0, 0, 0, 0, 0, 0, 0.481672, -0.0143609, 0.14105, 0.48638, -0.0156758, 0.142604, 0.996195, -3.71201e-12, -0.0871557, -4.46982e-12, -1, -8.49977e-12, -0.0871557, 8.857e-12, -0.996195, 0
18.6, 2025-07-03__01-13-48.474931, -0.0730772, -0.0818407, 0.0589358, -2.28982, -0.0269636, 2.14982, 0.730381, -0.000433334, -0.000104465, -0.000518877, 0.00102693, -2.3496e-05, 0.000362812, -0.000778291, 0.26147, -0.457521, 0.263134, 0.66342, -0.465372, 0.760248, 0.390991, 0, 0, 0, 0, 0, 0, 0, 0.481673, -0.014362, 0.141052, 0.48638, -0.0156758, 0.142604, 0.996195, -3.71201e-12, -0.0871557, -4.46982e-12, -1, -8.49977e-12, -0.0871557, 8.857e-12, -0.996195, 0
18.61, 2025-07-03__01-13-48.484931, -0.073077, -0.0818379, 0.0589352, -2.28982, -0.0269636, 2.14983, 0.730391, -0.000127601, 0.00109082, -0.000245541, -0.000372975, -9.39618e-05, 0.000190579, 0.00079762, 0.249446, -0.5239, 0.250706, 0.71247, -0.46431, 0.767524, 0.380968, 0, 0, 0, 0, 0, 0, 0, 0.481676, -0.0143641, 0.141051, 0.48638, -0.0156758, 0.142604, 0.996195, -3.71201e-12, -0.0871557, -4.46982e-12, -1, -8.49977e-12, -0.0871557, 8.857e-12, -0.996195, 0
18.62, 2025-07-03__01-13-48.494932, -0.073079, -0.0818428, 0.058936, -2.28982, -0.0269636, 2.14983, 0.730392, 0.000206352, 0.000725955, -0.0005128, 0.00125236, 2.12604e-05, 0.00243678, 0.00107143, 0.247954, -0.477205, 0.249584, 0.665778, -0.465765, 0.746209, 0.37914, 0, 0, 0, 0, 0, 0, 0, 0.481678, -0.014364, 0.141056, 0.48638, -0.0156758, 0.142604, 0.996195, -3.71201e-12, -0.0871557, -4.46982e-12, -1, -8.49977e-12, -0.0871557, 8.857e-12, -0.996195, 0
18.63, 2025-07-03__01-13-48.504932, -0.0730769, -0.0818421, 0.0589339, -2.28982, -0.0269643, 2.14983, 0.730397, 2.637e-05, 0.000618441, -0.000565478, -7.00485e-06, -0.000261749, 0.000649392, 0.0039008, 0.253233, -0.498661, 0.254765, 0.695008, -0.463681, 0.762093, 0.361787, 0, 0, 0, 0, 0, 0, 0, 0.481677, -0.0143623, 0.141053, 0.48638, -0.0156758, 0.142604, 0.996195, -3.71201e-12, -0.0871557, -4.46982e-12, -1, -8.49977e-12, -0.0871557, 8.857e-12, -0.996195, 0
18.64, 2025-07-03__01-13-48.514930, -0.0730797, -0.0818425, 0.0589388, -2.28982, -0.0269636, 2.14983, 0.7304, -0.000160281, -0.000255007, 0.000871744, -0.00100847, 5.0216e-05, -0.000290067, -0.00011743, 0.223246, -0.485053, 0.223613, 0.703844, -0.465192, 0.769744, 0.386045, 0, 0, 0, 0, 0, 0, 0, 0.481677, -0.0143638, 0.141053, 0.48638, -0.0156758, 0.142604, 0.996195, -3.71201e-12, -0.0871557, -4.46982e-12, -1, -8.49977e-12, -0.0871557, 8.857e-12, -0.996195, 0
18.65, 2025-07-03__01-13-48.524930, -0.0730821, -0.081842, 0.0589332, -2.28982, -0.0269636, 2.14984, 0.730398, -0.000400994, 0.000570056, -0.00223859, -0.000304508, 9.83754e-05, 0.000308218, -0.00139423, 0.30177, -0.504431, 0.304487, 0.700361, -0.465452, 0.764872, 0.39368, 0, 0, 0, 0, 0, 0, 0, 0.48168, -0.0143675, 0.141053, 0.48638, -0.0156758, 0.142604, 0.996195, -3.71201e-12, -0.0871557, -4.46982e-12, -1, -8.49977e-12, -0.0871557, 8.857e-12, -0.996195, 0
18.66, 2025-07-03__01-13-48.534932, -0.0730828, -0.0818433, 0.0589382, -2.28983, -0.026967, 2.14984, 0.730405, -0.00101777, -0.000856137, -0.000264501, -0.000197965, -0.00258153, 0.00111789, -0.00126534, 0.268756, -0.450695, 0.269967, 0.675365, -0.448775, 0.756034, 0.392729, 0, 0, 0, 0, 0, 0, 0, 0.48168, -0.0143628, 0.141054, 0.48638, -0.0156758, 0.142604, 0.996195, -3.71201e-12, -0.0871557, -4.46982e-12, -1, -8.49977e-12, -0.0871557, 8.857e-12, -0.996195, 0
18.67, 2025-07-03__01-13-48.544931, -0.0730821, -0.0818425, 0.058936, -2.28983, -0.0269643, 2.14984, 0.730416, -0.000620967, -0.00176951, -0.00150634, -0.000646362, -0.000367463, -0.000216766, 0.00106753, 0.287502, -0.429193, 0.289604, 0.672104, -0.462977, 0.764723, 0.377773, 0, 0, 0, 0, 0, 0, 0, 0.481678, -0.0143641, 0.141049, 0.48638, -0.0156758, 0.142604, 0.996195, -3.71201e-12, -0.0871557, -4.46982e-12, -1, -8.49977e-12, -0.0871557, 8.857e-12, -0.996195, 0
18.68, 2025-07-03__01-13-48.554933, -0.0730744, -0.0818406, 0.0589413, -2.28983, -0.0269637, 2.14984, 0.730412, 0.0020652, -0.000642963, 0.00132361, 2.48595e-05, -0.00241802, 0.000128658, -0.000869136, 0.16077, -0.453155, 0.160711, 0.678858, -0.450311, 0.76226, 0.390188, 0, 0, 0, 0, 0, 0, 0, 0.481683, -0.0143666, 0.141053, 0.48638, -0.0156758, 0.142604, 0.996195, -3.71201e-12, -0.0871557, -4.46982e-12, -1, -8.49977e-12, -0.0871557, 8.857e-12, -0.996195, 0
18.69, 2025-07-03__01-13-48.564930, -0.07308, -0.0818422, 0.0589391, -2.28982, -0.0269643, 2.14985, 0.730421, 4.95339e-05, -0.000548491, 0.000893975, -0.000319548, 0.00194167, 0.000158853, 0.000804754, 0.217793, -0.461219, 0.218223, 0.682286, -0.477454, 0.762552, 0.379078, 0, 0, 0, 0, 0, 0, 0, 0.481678, -0.0143658, 0.141048, 0.48638, -0.0156758, 0.142604, 0.996195, -3.71201e-12, -0.0871557, -4.46982e-12, -1, -8.49977e-12, -0.0871557, 8.857e-12, -0.996195, 0
18.7, 2025-07-03__01-13-48.574932, -0.0730779, -0.0818408, 0.0589385, -2.28983, -0.0269633, 2.14985, 0.730424, 0.000431818, -0.00100636, -0.000614151, -0.000936714, 0.00200482, -3.2268e-05, -0.0018983, 0.242314, -0.458894, 0.243706, 0.689662, -0.477528, 0.76525, 0.395246, 0, 0, 0, 0, 0, 0, 0, 0.481678, -0.0143629, 0.141049, 0.48638, -0.0156758, 0.142604, 0.996195, -3.71201e-12, -0.0871557, -4.46982e-12, -1, -8.49977e-12, -0.0871557, 8.857e-12, -0.996195, 0
18.71, 2025-07-03__01-13-48.584932, -0.0730797, -0.0818399, 0.0589391, -2.28982, -0.0269679, 2.14985, 0.730432, -0.00104843, -0.000776587, 0.000452355, 0.00148055, -0.000103692, 0.000148471, 0.00181382, 0.252926, -0.425673, 0.253774, 0.643001, -0.465301, 0.756765, 0.372355, 0, 0, 0, 0, 0, 0, 0, 0.481678, -0.0143632, 0.141048, 0.48638, -0.0156758, 0.142604, 0.996195, -3.71201e-12, -0.0871557, -4.46982e-12, -1, -8.49977e-12, -0.0871557, 8.857e-12, -0.996195, 0
18.72, 2025-07-03__01-13-48.594931, -0.0730826, -0.0818406, 0.0589357, -2.28983, -0.0269689, 2.14986, 0.730429, -0.000708932, -0.00030028, -0.00150635, -0.00209528, -0.000177429, 7.44538e-05, -0.00123034, 0.29064, -0.505212, 0.292506, 0.724685, -0.462925, 0.768982, 0.391005, 0, 0, 0, 0, 0, 0, 0, 0.481687, -0.0143653, 0.141055, 0.48638, -0.0156758, 0.142604, 0.996195, -3.71201e-12, -0.0871557, -4.46982e-12, -1, -8.49977e-12, -0.0871557, 8.857e-12, -0.996195, 0
18.73, 2025-07-03__01-13-48.604931, -0.0730771, -0.081842, 0.0589392, -2.28982, -0.0269683, 2.14986, 0.730435, 0.000373662, 0.000134168, -0.000209765, -0.000241166, 5.19578e-05, 7.02794e-05, 0.000840248, 0.235582, -0.485163, 0.236659, 0.692622, -0.465375, 0.763706, 0.378171, 0, 0, 0, 0, 0, 0, 0, 0.481687, -0.0143623, 0.141055, 0.48638, -0.0156758, 0.142604, 0.996195, -3.71201e-12, -0.0871557, -4.46982e-12, -1, -8.49977e-12, -0.0871557, 8.857e-12, -0.996195, 0
18.74, 2025-07-03__01-13-48.614932, -0.0730792, -0.0818433, 0.0589443, -2.28982, -0.0269687, 2.14986, 0.730441, 4.08793e-05, -0.000740452, 0.00140438, 0.000823398, -0.000269784, 0.000144479, 0.00115874, 0.205267, -0.43456, 0.20524, 0.656597, -0.46402, 0.757943, 0.37596, 0, 0, 0, 0, 0, 0, 0, 0.481687, -0.0143637, 0.141055, 0.48638, -0.0156758, 0.142604, 0.996195, -3.71201e-12, -0.0871557, -4.46982e-12, -1, -8.49977e-12, -0.0871557, 8.857e-12, -0.996195, 0
18.75, 2025-07-03__01-13-48.624932, -0.0730771, -0.0818399, 0.0589364, -2.28982, -0.0269663, 2.14986, 0.730448, -9.59545e-05, 0.000437789, -0.00131493, 0.000740995, 0.000269327, 0.000110803, 0.00104546, 0.272417, -0.481638, 0.274369, 0.677531, -0.467241, 0.761252, 0.376054, 0, 0, 0, 0, 0, 0, 0, 0.481682, -0.0143642, 0.141051, 0.48638, -0.0156758, 0.142604, 0.996195, -3.71201e-12, -0.0871557, -4.46982e-12, -1, -8.49977e-12, -0.0871557, 8.857e-12, -0.996195, 0
18.76, 2025-07-03__01-13-48.634933, -0.0730772, -0.0818401, 0.0589392, -2.28982, -0.0269676, 2.14986, 0.730446, 0.00109811, 0.00115542, -0.000555331, -0.000640729, 0.000295583, -3.96505e-05, -0.000221739, 0.227907, -0.528622, 0.229108, 0.718353, -0.466597, 0.76788, 0.384004, 0, 0, 0, 0, 0, 0, 0, 0.481687, -0.0143633, 0.141054, 0.48638, -0.0156758, 0.142604, 0.996195, -3.71201e-12, -0.0871557, -4.46982e-12, -1, -8.49977e-12, -0.0871557, 8.857e-12, -0.996195, 0
18.77, 2025-07-03__01-13-48.644931, -0.0730772, -0.0818401, 0.0589392, -2.28982, -0.0269676, 2.14986, 0.730446, 0.00109811, 0.00115542, -0.000555331, -0.000640729, 0.000295583, -3.96505e-05, -0.000221739, 0.227907, -0.528622, 0.229108, 0.718353, -0.466597, 0.76788, 0.384004, 0, 0, 0, 0, 0, 0, 0, 0.481687, -0.0143633, 0.141054, 0.48638, -0.0156758, 0.142604, 0.996195, -3.71201e-12, -0.0871557, -4.46982e-12, -1, -8.49977e-12, -0.0871557, 8.857e-12, -0.996195, 0
18.78, 2025-07-03__01-13-48.654933, -0.0730772, -0.0818401, 0.0589392, -2.28982, -0.0269676, 2.14986, 0.730446, 0.00109811, 0.00115542, -0.000555331, -0.000640729, 0.000295583, -3.96505e-05, -0.000221739, 0.227907, -0.528622, 0.229108, 0.718353, -0.466597, 0.76788, 0.384004, 0, 0, 0, 0, 0, 0, 0, 0.481687, -0.0143633, 0.141054, 0.48638, -0.0156758, 0.142604, 0.996195, -3.71201e-12, -0.0871557, -4.46982e-12, -1, -8.49977e-12, -0.0871557, 8.857e-12, -0.996195, 0
18.79, 2025-07-03__01-13-48.664932, -0.0730772, -0.0818401, 0.0589392, -2.28982, -0.0269676, 2.14986, 0.730446, 0.00109811, 0.00115542, -0.000555331, -0.000640729, 0.000295583, -3.96505e-05, -0.000221739, 0.227907, -0.528622, 0.229108, 0.718353, -0.466597, 0.76788, 0.384004, 0, 0, 0, 0, 0, 0, 0, 0.481687, -0.0143633, 0.141054, 0.48638, -0.0156758, 0.142604, 0.996195, -3.71201e-12, -0.0871557, -4.46982e-12, -1, -8.49977e-12, -0.0871557, 8.857e-12, -0.996195, 0
18.8, 2025-07-03__01-13-48.674930, -0.0730772, -0.0818401, 0.0589392, -2.28982, -0.0269676, 2.14986, 0.730446, 0.00109811, 0.00115542, -0.000555331, -0.000640729, 0.000295583, -3.96505e-05, -0.000221739, 0.227907, -0.528622, 0.229108, 0.718353, -0.466597, 0.76788, 0.384004, 0, 0, 0, 0, 0, 0, 0, 0.481687, -0.0143633, 0.141054, 0.48638, -0.0156758, 0.142604, 0.996195, -3.71201e-12, -0.0871557, -4.46982e-12, -1, -8.49977e-12, -0.0871557, 8.857e-12, -0.996195, 0
18.81, 2025-07-03__01-13-48.684933, -0.0730772, -0.0818401, 0.0589392, -2.28982, -0.0269676, 2.14986, 0.730446, 0.00109811, 0.00115542, -0.000555331, -0.000640729, 0.000295583, -3.96505e-05, -0.000221739, 0.227907, -0.528622, 0.229108, 0.718353, -0.466597, 0.76788, 0.384004, 0, 0, 0, 0, 0, 0, 0, 0.481687, -0.0143633, 0.141054, 0.48638, -0.0156758, 0.142604, 0.996195, -3.71201e-12, -0.0871557, -4.46982e-12, -1, -8.49977e-12, -0.0871557, 8.857e-12, -0.996195, 0
18.82, 2025-07-03__01-13-48.694930, -0.0730772, -0.0818401, 0.0589392, -2.28982, -0.0269676, 2.14986, 0.730446, 0.00109811, 0.00115542, -0.000555331, -0.000640729, 0.000295583, -3.96505e-05, -0.000221739, 0.227907, -0.528622, 0.229108, 0.718353, -0.466597, 0.76788, 0.384004, 0, 0, 0, 0, 0, 0, 0, 0.481687, -0.0143633, 0.141054, 0.48638, -0.0156758, 0.142604, 0.996195, -3.71201e-12, -0.0871557, -4.46982e-12, -1, -8.49977e-12, -0.0871557, 8.857e-12, -0.996195, 0
18.83, 2025-07-03__01-13-48.704930, -0.0730772, -0.0818401, 0.0589392, -2.28982, -0.0269676, 2.14986, 0.730446, 0.00109811, 0.00115542, -0.000555331, -0.000640729, 0.000295583, -3.96505e-05, -0.000221739, 0.227907, -0.528622, 0.229108, 0.718353, -0.466597, 0.76788, 0.384004, 0, 0, 0, 0, 0, 0, 0, 0.481687, -0.0143633, 0.141054, 0.48638, -0.0156758, 0.142604, 0.996195, -3.71201e-12, -0.0871557, -4.46982e-12, -1, -8.49977e-12, -0.0871557, 8.857e-12, -0.996195, 0
18.84, 2025-07-03__01-13-48.714930, -0.0730772, -0.0818401, 0.0589392, -2.28982, -0.0269676, 2.14986, 0.730446, 0.00109811, 0.00115542, -0.000555331, -0.000640729, 0.000295583, -3.96505e-05, -0.000221739, 0.227907, -0.528622, 0.229108, 0.718353, -0.466597, 0.76788, 0.384004, 0, 0, 0, 0, 0, 0, 0, 0.481687, -0.0143633, 0.141054, 0.48638, -0.0156758, 0.142604, 0.996195, -3.71201e-12, -0.0871557, -4.46982e-12, -1, -8.49977e-12, -0.0871557, 8.857e-12, -0.996195, 0
18.85, 2025-07-03__01-13-48.724932, -0.0730772, -0.0818401, 0.0589392, -2.28982, -0.0269676, 2.14986, 0.730446, 0.00109811, 0.00115542, -0.000555331, -0.000640729, 0.000295583, -3.96505e-05, -0.000221739, 0.227907, -0.528622, 0.229108, 0.718353, -0.466597, 0.76788, 0.384004, 0, 0, 0, 0, 0, 0, 0, 0.481687, -0.0143633, 0.141054, 0.48638, -0.0156758, 0.142604, 0.996195, -3.71201e-12, -0.0871557, -4.46982e-12, -1, -8.49977e-12, -0.0871557, 8.857e-12, -0.996195, 0
18.86, 2025-07-03__01-13-48.734933, -0.0730772, -0.0818401, 0.0589392, -2.28982, -0.0269676, 2.14986, 0.730446, 0.00109811, 0.00115542, -0.000555331, -0.000640729, 0.000295583, -3.96505e-05, -0.000221739, 0.227907, -0.528622, 0.229108, 0.718353, -0.466597, 0.76788, 0.384004, 0, 0, 0, 0, 0, 0, 0, 0.481687, -0.0143633, 0.141054, 0.48638, -0.0156758, 0.142604, 0.996195, -3.71201e-12, -0.0871557, -4.46982e-12, -1, -8.49977e-12, -0.0871557, 8.857e-12, -0.996195, 0
18.87, 2025-07-03__01-13-48.744930, -0.0730772, -0.0818401, 0.0589392, -2.28982, -0.0269676, 2.14986, 0.730446, 0.00109811, 0.00115542, -0.000555331, -0.000640729, 0.000295583, -3.96505e-05, -0.000221739, 0.227907, -0.528622, 0.229108, 0.718353, -0.466597, 0.76788, 0.384004, 0, 0, 0, 0, 0, 0, 0, 0.481687, -0.0143633, 0.141054, 0.48638, -0.0156758, 0.142604, 0.996195, -3.71201e-12, -0.0871557, -4.46982e-12, -1, -8.49977e-12, -0.0871557, 8.857e-12, -0.996195, 0
18.88, 2025-07-03__01-13-48.754934, -0.0730772, -0.0818401, 0.0589392, -2.28982, -0.0269676, 2.14986, 0.730446, 0.00109811, 0.00115542, -0.000555331, -0.000640729, 0.000295583, -3.96505e-05, -0.000221739, 0.227907, -0.528622, 0.229108, 0.718353, -0.466597, 0.76788, 0.384004, 0, 0, 0, 0, 0, 0, 0, 0.481687, -0.0143633, 0.141054, 0.48638, -0.0156758, 0.142604, 0.996195, -3.71201e-12, -0.0871557, -4.46982e-12, -1, -8.49977e-12, -0.0871557, 8.857e-12, -0.996195, 0
18.89, 2025-07-03__01-13-48.764930, -0.0730772, -0.0818401, 0.0589392, -2.28982, -0.0269676, 2.14986, 0.730446, 0.00109811, 0.00115542, -0.000555331, -0.000640729, 0.000295583, -3.96505e-05, -0.000221739, 0.227907, -0.528622, 0.229108, 0.718353, -0.466597, 0.76788, 0.384004, 0, 0, 0, 0, 0, 0, 0, 0.481687, -0.0143633, 0.141054, 0.48638, -0.0156758, 0.142604, 0.996195, -3.71201e-12, -0.0871557, -4.46982e-12, -1, -8.49977e-12, -0.0871557, 8.857e-12, -0.996195, 0
18.9, 2025-07-03__01-13-48.774932, -0.0730772, -0.0818401, 0.0589392, -2.28982, -0.0269676, 2.14986, 0.730446, 0.00109811, 0.00115542, -0.000555331, -0.000640729, 0.000295583, -3.96505e-05, -0.000221739, 0.227907, -0.528622, 0.229108, 0.718353, -0.466597, 0.76788, 0.384004, 0, 0, 0, 0, 0, 0, 0, 0.481687, -0.0143633, 0.141054, 0.48638, -0.0156758, 0.142604, 0.996195, -3.71201e-12, -0.0871557, -4.46982e-12, -1, -8.49977e-12, -0.0871557, 8.857e-12, -0.996195, 0
18.91, 2025-07-03__01-13-48.784931, -0.0730772, -0.0818401, 0.0589392, -2.28982, -0.0269676, 2.14986, 0.730446, 0.00109811, 0.00115542, -0.000555331, -0.000640729, 0.000295583, -3.96505e-05, -0.000221739, 0.227907, -0.528622, 0.229108, 0.718353, -0.466597, 0.76788, 0.384004, 0, 0, 0, 0, 0, 0, 0, 0.481687, -0.0143633, 0.141054, 0.48638, -0.0156758, 0.142604, 0.996195, -3.71201e-12, -0.0871557, -4.46982e-12, -1, -8.49977e-12, -0.0871557, 8.857e-12, -0.996195, 0
18.92, 2025-07-03__01-13-48.794932, -0.0730772, -0.0818401, 0.0589392, -2.28982, -0.0269676, 2.14986, 0.730446, 0.00109811, 0.00115542, -0.000555331, -0.000640729, 0.000295583, -3.96505e-05, -0.000221739, 0.227907, -0.528622, 0.229108, 0.718353, -0.466597, 0.76788, 0.384004, 0, 0, 0, 0, 0, 0, 0, 0.481687, -0.0143633, 0.141054, 0.48638, -0.0156758, 0.142604, 0.996195, -3.71201e-12, -0.0871557, -4.46982e-12, -1, -8.49977e-12, -0.0871557, 8.857e-12, -0.996195, 0
18.93, 2025-07-03__01-13-48.804931, -0.0730772, -0.0818401, 0.0589392, -2.28982, -0.0269676, 2.14986, 0.730446, 0.00109811, 0.00115542, -0.000555331, -0.000640729, 0.000295583, -3.96505e-05, -0.000221739, 0.227907, -0.528622, 0.229108, 0.718353, -0.466597, 0.76788, 0.384004, 0, 0, 0, 0, 0, 0, 0, 0.481687, -0.0143633, 0.141054, 0.48638, -0.0156758, 0.142604, 0.996195, -3.71201e-12, -0.0871557, -4.46982e-12, -1, -8.49977e-12, -0.0871557, 8.857e-12, -0.996195, 0
18.94, 2025-07-03__01-13-48.814931, -0.0730772, -0.0818401, 0.0589392, -2.28982, -0.0269676, 2.14986, 0.730446, 0.00109811, 0.00115542, -0.000555331, -0.000640729, 0.000295583, -3.96505e-05, -0.000221739, 0.227907, -0.528622, 0.229108, 0.718353, -0.466597, 0.76788, 0.384004, 0, 0, 0, 0, 0, 0, 0, 0.481687, -0.0143633, 0.141054, 0.48638, -0.0156758, 0.142604, 0.996195, -3.71201e-12, -0.0871557, -4.46982e-12, -1, -8.49977e-12, -0.0871557, 8.857e-12, -0.996195, 0
18.95, 2025-07-03__01-13-48.824933, -0.0730772, -0.0818401, 0.0589392, -2.28982, -0.0269676, 2.14986, 0.730446, 0.00109811, 0.00115542, -0.000555331, -0.000640729, 0.000295583, -3.96505e-05, -0.000221739, 0.227907, -0.528622, 0.229108, 0.718353, -0.466597, 0.76788, 0.384004, 0, 0, 0, 0, 0, 0, 0, 0.481687, -0.0143633, 0.141054, 0.48638, -0.0156758, 0.142604, 0.996195, -3.71201e-12, -0.0871557, -4.46982e-12, -1, -8.49977e-12, -0.0871557, 8.857e-12, -0.996195, 0
18.96, 2025-07-03__01-13-48.834934, -0.0730772, -0.0818401, 0.0589392, -2.28982, -0.0269676, 2.14986, 0.730446, 0.00109811, 0.00115542, -0.000555331, -0.000640729, 0.000295583, -3.96505e-05, -0.000221739, 0.227907, -0.528622, 0.229108, 0.718353, -0.466597, 0.76788, 0.384004, 0, 0, 0, 0, 0, 0, 0, 0.481687, -0.0143633, 0.141054, 0.48638, -0.0156758, 0.142604, 0.996195, -3.71201e-12, -0.0871557, -4.46982e-12, -1, -8.49977e-12, -0.0871557, 8.857e-12, -0.996195, 0
18.97, 2025-07-03__01-13-48.844931, -0.0730772, -0.0818401, 0.0589392, -2.28982, -0.0269676, 2.14986, 0.730446, 0.00109811, 0.00115542, -0.000555331, -0.000640729, 0.000295583, -3.96505e-05, -0.000221739, 0.227907, -0.528622, 0.229108, 0.718353, -0.466597, 0.76788, 0.384004, 0, 0, 0, 0, 0, 0, 0, 0.481687, -0.0143633, 0.141054, 0.48638, -0.0156758, 0.142604, 0.996195, -3.71201e-12, -0.0871557, -4.46982e-12, -1, -8.49977e-12, -0.0871557, 8.857e-12, -0.996195, 0
18.98, 2025-07-03__01-13-48.854931, -0.0730772, -0.0818401, 0.0589392, -2.28982, -0.0269676, 2.14986, 0.730446, 0.00109811, 0.00115542, -0.000555331, -0.000640729, 0.000295583, -3.96505e-05, -0.000221739, 0.227907, -0.528622, 0.229108, 0.718353, -0.466597, 0.76788, 0.384004, 0, 0, 0, 0, 0, 0, 0, 0.481687, -0.0143633, 0.141054, 0.48638, -0.0156758, 0.142604, 0.996195, -3.71201e-12, -0.0871557, -4.46982e-12, -1, -8.49977e-12, -0.0871557, 8.857e-12, -0.996195, 0
18.99, 2025-07-03__01-13-48.864928, -0.0730772, -0.0818401, 0.0589392, -2.28982, -0.0269676, 2.14986, 0.730446, 0.00109811, 0.00115542, -0.000555331, -0.000640729, 0.000295583, -3.96505e-05, -0.000221739, 0.227907, -0.528622, 0.229108, 0.718353, -0.466597, 0.76788, 0.384004, 0, 0, 0, 0, 0, 0, 0, 0.481687, -0.0143633, 0.141054, 0.48638, -0.0156758, 0.142604, 0.996195, -3.71201e-12, -0.0871557, -4.46982e-12, -1, -8.49977e-12, -0.0871557, 8.857e-12, -0.996195, 0
19, 2025-07-03__01-13-48.874929, -0.0730772, -0.0818401, 0.0589392, -2.28982, -0.0269676, 2.14986, 0.730446, 0.00109811, 0.00115542, -0.000555331, -0.000640729, 0.000295583, -3.96505e-05, -0.000221739, 0.227907, -0.528622, 0.229108, 0.718353, -0.466597, 0.76788, 0.384004, 0, 0, 0, 0, 0, 0, 0, 0.481687, -0.0143633, 0.141054, 0.48638, -0.0156758, 0.142604, 0.996195, -3.71201e-12, -0.0871557, -4.46982e-12, -1, -8.49977e-12, -0.0871557, 8.857e-12, -0.996195, 0
19.01, 2025-07-03__01-13-48.884933, -0.0730772, -0.0818401, 0.0589392, -2.28982, -0.0269676, 2.14986, 0.730446, 0.00109811, 0.00115542, -0.000555331, -0.000640729, 0.000295583, -3.96505e-05, -0.000221739, 0.227907, -0.528622, 0.229108, 0.718353, -0.466597, 0.76788, 0.384004, 0, 0, 0, 0, 0, 0, 0, 0.481687, -0.0143633, 0.141054, 0.48638, -0.0156758, 0.142604, 0.996195, -3.71201e-12, -0.0871557, -4.46982e-12, -1, -8.49977e-12, -0.0871557, 8.857e-12, -0.996195, 0
19.02, 2025-07-03__01-13-48.894929, -0.0730772, -0.0818401, 0.0589392, -2.28982, -0.0269676, 2.14986, 0.730446, 0.00109811, 0.00115542, -0.000555331, -0.000640729, 0.000295583, -3.96505e-05, -0.000221739, 0.227907, -0.528622, 0.229108, 0.718353, -0.466597, 0.76788, 0.384004, 0, 0, 0, 0, 0, 0, 0, 0.481687, -0.0143633, 0.141054, 0.48638, -0.0156758, 0.142604, 0.996195, -3.71201e-12, -0.0871557, -4.46982e-12, -1, -8.49977e-12, -0.0871557, 8.857e-12, -0.996195, 0
19.03, 2025-07-03__01-13-48.904933, -0.0730772, -0.0818401, 0.0589392, -2.28982, -0.0269676, 2.14986, 0.730446, 0.00109811, 0.00115542, -0.000555331, -0.000640729, 0.000295583, -3.96505e-05, -0.000221739, 0.227907, -0.528622, 0.229108, 0.718353, -0.466597, 0.76788, 0.384004, 0, 0, 0, 0, 0, 0, 0, 0.481687, -0.0143633, 0.141054, 0.48638, -0.0156758, 0.142604, 0.996195, -3.71201e-12, -0.0871557, -4.46982e-12, -1, -8.49977e-12, -0.0871557, 8.857e-12, -0.996195, 0
19.04, 2025-07-03__01-13-48.914932, -0.0730772, -0.0818401, 0.0589392, -2.28982, -0.0269676, 2.14986, 0.730446, 0.00109811, 0.00115542, -0.000555331, -0.000640729, 0.000295583, -3.96505e-05, -0.000221739, 0.227907, -0.528622, 0.229108, 0.718353, -0.466597, 0.76788, 0.384004, 0, 0, 0, 0, 0, 0, 0, 0.481687, -0.0143633, 0.141054, 0.48638, -0.0156758, 0.142604, 0.996195, -3.71201e-12, -0.0871557, -4.46982e-12, -1, -8.49977e-12, -0.0871557, 8.857e-12, -0.996195, 0
19.05, 2025-07-03__01-13-48.924932, -0.0730772, -0.0818401, 0.0589392, -2.28982, -0.0269676, 2.14986, 0.730446, 0.00109811, 0.00115542, -0.000555331, -0.000640729, 0.000295583, -3.96505e-05, -0.000221739, 0.227907, -0.528622, 0.229108, 0.718353, -0.466597, 0.76788, 0.384004, 0, 0, 0, 0, 0, 0, 0, 0.481687, -0.0143633, 0.141054, 0.48638, -0.0156758, 0.142604, 0.996195, -3.71201e-12, -0.0871557, -4.46982e-12, -1, -8.49977e-12, -0.0871557, 8.857e-12, -0.996195, 0
19.06, 2025-07-03__01-13-48.934932, -0.0730772, -0.0818401, 0.0589392, -2.28982, -0.0269676, 2.14986, 0.730446, 0.00109811, 0.00115542, -0.000555331, -0.000640729, 0.000295583, -3.96505e-05, -0.000221739, 0.227907, -0.528622, 0.229108, 0.718353, -0.466597, 0.76788, 0.384004, 0, 0, 0, 0, 0, 0, 0, 0.481687, -0.0143633, 0.141054, 0.48638, -0.0156758, 0.142604, 0.996195, -3.71201e-12, -0.0871557, -4.46982e-12, -1, -8.49977e-12, -0.0871557, 8.857e-12, -0.996195, 0
19.07, 2025-07-03__01-13-48.944930, -0.0730772, -0.0818401, 0.0589392, -2.28982, -0.0269676, 2.14986, 0.730446, 0.00109811, 0.00115542, -0.000555331, -0.000640729, 0.000295583, -3.96505e-05, -0.000221739, 0.227907, -0.528622, 0.229108, 0.718353, -0.466597, 0.76788, 0.384004, 0, 0, 0, 0, 0, 0, 0, 0.481687, -0.0143633, 0.141054, 0.48638, -0.0156758, 0.142604, 0.996195, -3.71201e-12, -0.0871557, -4.46982e-12, -1, -8.49977e-12, -0.0871557, 8.857e-12, -0.996195, 0
19.08, 2025-07-03__01-13-48.954931, -0.0730772, -0.0818401, 0.0589392, -2.28982, -0.0269676, 2.14986, 0.730446, 0.00109811, 0.00115542, -0.000555331, -0.000640729, 0.000295583, -3.96505e-05, -0.000221739, 0.227907, -0.528622, 0.229108, 0.718353, -0.466597, 0.76788, 0.384004, 0, 0, 0, 0, 0, 0, 0, 0.481687, -0.0143633, 0.141054, 0.48638, -0.0156758, 0.142604, 0.996195, -3.71201e-12, -0.0871557, -4.46982e-12, -1, -8.49977e-12, -0.0871557, 8.857e-12, -0.996195, 0
