time, timestamp, robot_q__0, robot_q__1, robot_q__2, robot_q__3, robot_q__4, robot_q__5, robot_q__6, robot_dq__0, robot_dq__1, robot_dq__2, robot_dq__3, robot_dq__4, robot_dq__5, robot_dq__6, robot_torque__0, robot_torque__1, robot_torque__2, robot_torque__3, robot_torque__4, robot_torque__5, robot_torque__6, joint_pos_state__0, joint_pos_state__1, joint_pos_state__2, joint_pos_state__3, joint_pos_state__4, joint_pos_state__5, joint_pos_state__6, apf_torques__0, apf_torques__1, apf_torques__2, apf_torques__3, apf_torques__4, apf_torques__5, apf_torques__6, 
0.0100001, 2025-06-05__13-48-59.366211, 0, -0.436332, 0, -2.35619, 0, 1.8326, 0, 0, 0, 0, 0, 0, 0, 0, 0, 0, 0, 0, 0, 0, 0, 0, 0, 0, 0, 0, 0, 0, 0, 0, 0, 0, 0, 0, 0
0.0200001, 2025-06-05__13-48-59.376281, -0.00330979, -0.617469, -0.0101119, -2.04117, -0.0316629, 1.70786, 0.712041, -0.00096316, 0.000987302, 0.00627253, -0.00394902, 0.00529419, 0.000217872, 0.00085384, 0, 0, 0, 0, 0, 0, 0, 0, 0, 0, 0, 0, 0, 0, 0, 0, 0, 0, 0, 0, 0
0.0300001, 2025-06-05__13-48-59.386284, -0.00331722, -0.616728, -0.00978045, -2.04172, -0.0312221, 1.70806, 0.711991, -0.00115576, 0.115166, 0.0354727, -0.0813037, 0.0567262, 0.0376757, -0.00225161, 0, 0, 0, 0, 0, 0, 0, 0, 0, 0, 0, 0, 0, 0, 0, 0, 0, 0, 0, 0, 0
0.0400001, 2025-06-05__13-48-59.396283, -0.00324136, -0.614934, -0.00943231, -2.04293, -0.0303115, 1.70881, 0.711915, 0.0153887, 0.167132, 0.0318173, -0.108761, 0.0977859, 0.0842169, -0.00781877, 0, 0, 0, 0, 0, 0, 0, 0, 0, 0, 0, 0, 0, 0, 0, 0, 0, 0, 0, 0, 0
0.0500001, 2025-06-05__13-48-59.406283, -0.00299536, -0.613958, -0.00924378, -2.04412, -0.0290637, 1.70967, 0.711886, 0.0253372, 0.0503304, 0.0253621, -0.137636, 0.135364, 0.0594868, -0.000376558, 0, 0, 0, 0, 0, 0, 0, 0, 0, 0, 0, 0, 0, 0, 0, 0, 0, 0, 0, 0, 0
0.0600001, 2025-06-05__13-48-59.416281, -0.00273277, -0.613483, -0.00903823, -2.04576, -0.0277018, 1.71019, 0.711881, 0.023852, 0.0667702, 0.0280792, -0.167449, 0.138911, 0.0557929, -6.87748e-06, 0, 0, 0, 0, 0, 0, 0, 0, 0, 0, 0, 0, 0, 0, 0, 0, 0, 0, 0, 0, 0
0.0700001, 2025-06-05__13-48-59.426283, -0.00252468, -0.612027, -0.00867486, -2.04757, -0.0263691, 1.71113, 0.71187, 0.0188951, 0.177008, 0.0360775, -0.173441, 0.13798, 0.112741, -0.000408145, 0, 0, 0, 0, 0, 0, 0, 0, 0, 0, 0, 0, 0, 0, 0, 0, 0, 0, 0, 0, 0
0.0800001, 2025-06-05__13-48-59.436283, -0.00235436, -0.610062, -0.00806268, -2.04946, -0.0250268, 1.71235, 0.711862, 0.0176429, 0.191912, 0.0686331, -0.205195, 0.136145, 0.117051, -0.00147221, 0, 0, 0, 0, 0, 0, 0, 0, 0, 0, 0, 0, 0, 0, 0, 0, 0, 0, 0, 0, 0
0.0900001, 2025-06-05__13-48-59.446283, -0.00219209, -0.608218, -0.0073565, -2.05162, -0.0237696, 1.71329, 0.711864, 0.0102227, 0.185883, 0.0697838, -0.212432, 0.124434, 0.0997049, -8.09398e-05, 0, 0, 0, 0, 0, 0, 0, 0, 0, 0, 0, 0, 0, 0, 0, 0, 0, 0, 0, 0, 0
0.1, 2025-06-05__13-48-59.456284, -0.00202072, -0.606105, -0.00675603, -2.05389, -0.0225004, 1.7143, 0.711862, 0.0228412, 0.227136, 0.0546121, -0.228825, 0.125434, 0.104248, -0.00230793, 0, 0, 0, 0, 0, 0, 0, 0, 0, 0, 0, 0, 0, 0, 0, 0, 0, 0, 0, 0, 0
0.11, 2025-06-05__13-48-59.466284, -0.00188156, -0.603469, -0.00623537, -2.05627, -0.0213278, 1.71544, 0.711861, 0.0114139, 0.267842, 0.0458361, -0.241702, 0.114945, 0.108405, 6.96167e-05, 0, 0, 0, 0, 0, 0, 0, 0, 0, 0, 0, 0, 0, 0, 0, 0, 0, 0, 0, 0, 0
0.12, 2025-06-05__13-48-59.476284, -0.00179608, -0.600655, -0.00569496, -2.05882, -0.0203138, 1.71649, 0.711859, 0.00296635, 0.282449, 0.0547953, -0.255116, 0.100414, 0.0960747, 0.000432126, 0, 0, 0, 0, 0, 0, 0, 0, 0, 0, 0, 0, 0, 0, 0, 0, 0, 0, 0, 0, 0
0.13, 2025-06-05__13-48-59.486283, -0.00174204, -0.597675, -0.00506571, -2.0614, -0.0194702, 1.71748, 0.711855, 0.00652092, 0.302426, 0.0614145, -0.261719, 0.0808566, 0.0989413, 0.000461433, 0, 0, 0, 0, 0, 0, 0, 0, 0, 0, 0, 0, 0, 0, 0, 0, 0, 0, 0, 0, 0
0.14, 2025-06-05__13-48-59.496283, -0.0016908, -0.594538, -0.0044644, -2.06408, -0.0188127, 1.71847, 0.711851, 0.000576373, 0.318194, 0.0611173, -0.267046, 0.0648487, 0.0976917, 0.00186473, 0, 0, 0, 0, 0, 0, 0, 0, 0, 0, 0, 0, 0, 0, 0, 0, 0, 0, 0, 0, 0
0.15, 2025-06-05__13-48-59.506283, -0.00166118, -0.591384, -0.00392776, -2.06677, -0.0183803, 1.71936, 0.711845, 0.000162814, 0.313966, 0.0538167, -0.265391, 0.0427424, 0.0830873, -0.00102017, 0, 0, 0, 0, 0, 0, 0, 0, 0, 0, 0, 0, 0, 0, 0, 0, 0, 0, 0, 0, 0
0.16, 2025-06-05__13-48-59.516282, -0.00167754, -0.588225, -0.00343053, -2.06947, -0.0181109, 1.72027, 0.711849, -0.00245813, 0.319969, 0.0521494, -0.26427, 0.0246048, 0.0923422, 0.00125328, 0, 0, 0, 0, 0, 0, 0, 0, 0, 0, 0, 0, 0, 0, 0, 0, 0, 0, 0, 0, 0
0.17, 2025-06-05__13-48-59.526283, -0.00170028, -0.58483, -0.00295601, -2.07219, -0.01795, 1.72134, 0.711843, -0.00463218, 0.342562, 0.041155, -0.269943, 0.0175975, 0.116533, -0.000122769, 0, 0, 0, 0, 0, 0, 0, 0, 0, 0, 0, 0, 0, 0, 0, 0, 0, 0, 0, 0, 0
0.18, 2025-06-05__13-48-59.536283, -0.0016979, -0.581412, -0.00256948, -2.07492, -0.0178729, 1.7224, 0.711836, 0.00038254, 0.33924, 0.0375259, -0.274223, 0.00837477, 0.0965558, -0.000490017, 0, 0, 0, 0, 0, 0, 0, 0, 0, 0, 0, 0, 0, 0, 0, 0, 0, 0, 0, 0, 0
0.19, 2025-06-05__13-48-59.546316, -0.00169892, -0.578141, -0.00218483, -2.07769, -0.0178106, 1.72333, 0.711582, -0.000251949, 0.343968, 0.0410352, -0.280905, 0.00269278, 0.0944634, -0.0559033, 0, 0, 0, 0, 0, 0, 0, 0, 0, 0, 0, 0, 0, 0, 0, 0, 0, 0, 0, 0, 0
0.2, 2025-06-05__13-48-59.556271, -0.00170448, -0.574375, -0.00186268, -2.08053, -0.0177947, 1.7244, 0.710288, 0.00192321, 0.373362, 0.0318184, -0.277419, 0.000895567, 0.113752, -0.153974, 0, 0, 0, 0, 0, 0, 0, 0, 0, 0, 0, 0, 0, 0, 0, 0, 0, 0, 0, 0, 0
0.21, 2025-06-05__13-48-59.566271, -0.0016915, -0.57081, -0.00158282, -2.08334, -0.0177854, 1.72558, 0.708212, 0.00773225, 0.354555, 0.0285455, -0.286067, 0.000627356, 0.112093, -0.218319, 0, 0, 0, 0, 0, 0, 0, 0, 0, 0, 0, 0, 0, 0, 0, 0, 0, 0, 0, 0, 0
0.22, 2025-06-05__13-48-59.576267, -0.0016914, -0.567302, -0.00137908, -2.08626, -0.0177802, 1.7267, 0.705673, 0.000145759, 0.355185, 0.0202535, -0.294282, -0.000288484, 0.113748, -0.268467, 0, 0, 0, 0, 0, 0, 0, 0, 0, 0, 0, 0, 0, 0, 0, 0, 0, 0, 0, 0, 0
0.23, 2025-06-05__13-48-59.586271, -0.00171011, -0.56367, -0.00120323, -2.08922, -0.0177827, 1.72798, 0.702715, -0.00148744, 0.362875, 0.0162524, -0.301356, 0.000474213, 0.130031, -0.308959, 0, 0, 0, 0, 0, 0, 0, 0, 0, 0, 0, 0, 0, 0, 0, 0, 0, 0, 0, 0, 0
0.24, 2025-06-05__13-48-59.596268, -0.00172257, -0.559796, -0.00107748, -2.09229, -0.0177798, 1.7293, 0.699695, -0.000469189, 0.401521, 0.0107226, -0.304118, -0.000261499, 0.130861, -0.301706, 0, 0, 0, 0, 0, 0, 0, 0, 0, 0, 0, 0, 0, 0, 0, 0, 0, 0, 0, 0, 0
0.25, 2025-06-05__13-48-59.606269, -0.00172907, -0.555826, -0.000966314, -2.09535, -0.0177758, 1.73057, 0.696833, -0.000193837, 0.393584, 0.0112136, -0.299961, 4.01845e-05, 0.128425, -0.283291, 0, 0, 0, 0, 0, 0, 0, 0, 0, 0, 0, 0, 0, 0, 0, 0, 0, 0, 0, 0, 0
0.26, 2025-06-05__13-48-59.616267, -0.00172751, -0.551904, -0.000903778, -2.09841, -0.0177776, 1.73195, 0.694344, 0.000729196, 0.400064, 0.00668403, -0.304659, 0.000337193, 0.14112, -0.249126, 0, 0, 0, 0, 0, 0, 0, 0, 0, 0, 0, 0, 0, 0, 0, 0, 0, 0, 0, 0, 0
0.27, 2025-06-05__13-48-59.626267, -0.00172985, -0.547956, -0.000887724, -2.10154, -0.0177807, 1.73338, 0.692115, -0.0031779, 0.388865, -4.34896e-05, -0.317355, 2.21502e-05, 0.138663, -0.22386, 0, 0, 0, 0, 0, 0, 0, 0, 0, 0, 0, 0, 0, 0, 0, 0, 0, 0, 0, 0, 0
0.28, 2025-06-05__13-48-59.636269, -0.00175031, -0.543735, -0.000887457, -2.10465, -0.0177801, 1.73479, 0.689889, 0.000474425, 0.426234, -0.000623237, -0.315236, 0.000121418, 0.145428, -0.222809, 0, 0, 0, 0, 0, 0, 0, 0, 0, 0, 0, 0, 0, 0, 0, 0, 0, 0, 0, 0, 0
0.29, 2025-06-05__13-48-59.646272, -0.00177026, -0.539687, -0.000901523, -2.10769, -0.0177821, 1.7361, 0.687503, 0.00104838, 0.396469, -0.00131127, -0.308495, -0.000140879, 0.126472, -0.242694, 0, 0, 0, 0, 0, 0, 0, 0, 0, 0, 0, 0, 0, 0, 0, 0, 0, 0, 0, 0, 0
0.3, 2025-06-05__13-48-59.656269, -0.00180615, -0.535854, -0.000908304, -2.11073, -0.0177801, 1.73731, 0.684885, -0.00273664, 0.394095, -0.00266421, -0.306097, -7.42067e-05, 0.125389, -0.26278, 0, 0, 0, 0, 0, 0, 0, 0, 0, 0, 0, 0, 0, 0, 0, 0, 0, 0, 0, 0, 0
0.31, 2025-06-05__13-48-59.666267, -0.00185659, -0.531713, -0.000917501, -2.11379, -0.0177795, 1.73867, 0.682045, -0.00378487, 0.42314, -0.0018049, -0.306275, 0.00137558, 0.144608, -0.28854, 0, 0, 0, 0, 0, 0, 0, 0, 0, 0, 0, 0, 0, 0, 0, 0, 0, 0, 0, 0, 0
0.32, 2025-06-05__13-48-59.676267, -0.00193315, -0.527538, -0.000935195, -2.11691, -0.017784, 1.74, 0.679075, -0.00900755, 0.411114, -0.00160902, -0.311962, -0.000368781, 0.128535, -0.295189, 0, 0, 0, 0, 0, 0, 0, 0, 0, 0, 0, 0, 0, 0, 0, 0, 0, 0, 0, 0, 0
0.33, 2025-06-05__13-48-59.686272, -0.00200874, -0.523636, -0.000952799, -2.12004, -0.0177856, 1.74121, 0.676223, -0.0125774, 0.384687, -0.00268778, -0.315885, 7.87547e-05, 0.120403, -0.279703, 0, 0, 0, 0, 0, 0, 0, 0, 0, 0, 0, 0, 0, 0, 0, 0, 0, 0, 0, 0, 0
0.34, 2025-06-05__13-48-59.696271, -0.00208783, -0.51979, -0.000960791, -2.12314, -0.0177862, 1.74243, 0.673674, -0.0093389, 0.385751, 0.000115316, -0.309039, 6.56624e-05, 0.125827, -0.249118, 0, 0, 0, 0, 0, 0, 0, 0, 0, 0, 0, 0, 0, 0, 0, 0, 0, 0, 0, 0, 0
0.35, 2025-06-05__13-48-59.706270, -0.00217384, -0.515979, -0.000977027, -2.12614, -0.0177881, 1.7437, 0.671169, -0.00481002, 0.380414, -0.00110585, -0.300829, -3.87067e-05, 0.1275, -0.251651, 0, 0, 0, 0, 0, 0, 0, 0, 0, 0, 0, 0, 0, 0, 0, 0, 0, 0, 0, 0, 0
0.36, 2025-06-05__13-48-59.716268, -0.00227711, -0.512516, -0.000993311, -2.12916, -0.0177866, 1.74489, 0.668607, -0.0146488, 0.333018, -0.000838842, -0.296509, 0.000361476, 0.127271, -0.265363, 0, 0, 0, 0, 0, 0, 0, 0, 0, 0, 0, 0, 0, 0, 0, 0, 0, 0, 0, 0, 0
0.37, 2025-06-05__13-48-59.726269, -0.00237235, -0.509342, -0.00101297, -2.13213, -0.017793, 1.74603, 0.665914, -0.00514754, 0.31549, -0.00358698, -0.295328, 0.000298744, 0.112921, -0.272109, 0, 0, 0, 0, 0, 0, 0, 0, 0, 0, 0, 0, 0, 0, 0, 0, 0, 0, 0, 0, 0
0.38, 2025-06-05__13-48-59.736270, -0.00249503, -0.506324, -0.00103694, -2.13504, -0.0177943, 1.74717, 0.663019, -0.0164596, 0.288173, -0.000662199, -0.290886, -2.50773e-05, 0.119384, -0.298885, 0, 0, 0, 0, 0, 0, 0, 0, 0, 0, 0, 0, 0, 0, 0, 0, 0, 0, 0, 0, 0
0.39, 2025-06-05__13-48-59.746267, -0.00260336, -0.503784, -0.00105803, -2.13795, -0.0177968, 1.74832, 0.660069, -0.00754223, 0.232852, -0.000221362, -0.29607, 0.000145353, 0.107299, -0.299034, 0, 0, 0, 0, 0, 0, 0, 0, 0, 0, 0, 0, 0, 0, 0, 0, 0, 0, 0, 0, 0
0.4, 2025-06-05__13-48-59.756268, -0.00271309, -0.501669, -0.00108369, -2.14088, -0.0177972, 1.74936, 0.657251, -0.0116258, 0.210431, -0.00520004, -0.295155, -8.30696e-05, 0.0984998, -0.278519, 0, 0, 0, 0, 0, 0, 0, 0, 0, 0, 0, 0, 0, 0, 0, 0, 0, 0, 0, 0, 0
0.41, 2025-06-05__13-48-59.766267, -0.00281576, -0.499947, -0.00111306, -2.14382, -0.0177959, 1.75027, 0.654824, -0.0129953, 0.164055, -0.00311818, -0.295166, -5.76514e-05, 0.0927648, -0.23528, 0, 0, 0, 0, 0, 0, 0, 0, 0, 0, 0, 0, 0, 0, 0, 0, 0, 0, 0, 0, 0
0.42, 2025-06-05__13-48-59.776268, -0.00293167, -0.498684, -0.00114238, -2.14672, -0.0178027, 1.75099, 0.652693, -0.00825549, 0.112059, -0.00586716, -0.285441, 0.000115389, 0.0686015, -0.212317, 0, 0, 0, 0, 0, 0, 0, 0, 0, 0, 0, 0, 0, 0, 0, 0, 0, 0, 0, 0, 0
0.43, 2025-06-05__13-48-59.786272, -0.00304957, -0.497868, -0.00118626, -2.14962, -0.0178013, 1.75153, 0.650602, -0.0218329, 0.0737933, -0.0050787, -0.287354, -2.6529e-05, 0.0620252, -0.213275, 0, 0, 0, 0, 0, 0, 0, 0, 0, 0, 0, 0, 0, 0, 0, 0, 0, 0, 0, 0, 0
0.44, 2025-06-05__13-48-59.796268, -0.00315452, -0.497428, -0.00123087, -2.15252, -0.0178036, 1.75191, 0.648328, -0.00765306, 0.0339625, -0.00492068, -0.291457, -0.000922958, 0.0342717, -0.222964, 0, 0, 0, 0, 0, 0, 0, 0, 0, 0, 0, 0, 0, 0, 0, 0, 0, 0, 0, 0, 0
0.45, 2025-06-05__13-48-59.806270, -0.00326411, -0.497433, -0.00126735, -2.1554, -0.0178053, 1.75206, 0.645802, -0.0083125, -0.00305021, -0.00705939, -0.288527, 0.000860133, 0.00916855, -0.261884, 0, 0, 0, 0, 0, 0, 0, 0, 0, 0, 0, 0, 0, 0, 0, 0, 0, 0, 0, 0, 0
0.46, 2025-06-05__13-48-59.816269, -0.00335545, -0.497695, -0.00133246, -2.15819, -0.0178056, 1.75207, 0.643108, -0.00410085, -0.0296061, -0.0105681, -0.27564, 0.000556713, 2.96321e-05, -0.269589, 0, 0, 0, 0, 0, 0, 0, 0, 0, 0, 0, 0, 0, 0, 0, 0, 0, 0, 0, 0, 0
0.47, 2025-06-05__13-48-59.826268, -0.00345057, -0.498316, -0.00139153, -2.16097, -0.0178103, 1.75207, 0.640323, -0.00659559, -0.0709222, -0.00901668, -0.27252, -4.26787e-05, 0.000556348, -0.286268, 0, 0, 0, 0, 0, 0, 0, 0, 0, 0, 0, 0, 0, 0, 0, 0, 0, 0, 0, 0, 0
0.48, 2025-06-05__13-48-59.836268, -0.00353658, -0.499259, -0.00144339, -2.16369, -0.017809, 1.75207, 0.637557, -0.00861489, -0.10021, -0.00651191, -0.278762, 0.000155422, 0.000373183, -0.272282, 0, 0, 0, 0, 0, 0, 0, 0, 0, 0, 0, 0, 0, 0, 0, 0, 0, 0, 0, 0, 0
0.49, 2025-06-05__13-48-59.846267, -0.00361844, -0.500366, -0.00151728, -2.1664, -0.0178168, 1.75208, 0.635045, -0.00989363, -0.113565, -0.00490397, -0.27242, 0.0003609, -0.000381002, -0.241264, 0, 0, 0, 0, 0, 0, 0, 0, 0, 0, 0, 0, 0, 0, 0, 0, 0, 0, 0, 0, 0
0.5, 2025-06-05__13-48-59.856267, -0.00368634, -0.501687, -0.00160521, -2.16914, -0.0178222, 1.75205, 0.632772, -0.00765749, -0.134568, -0.00977428, -0.269451, -0.000489301, -0.00409125, -0.220366, 0, 0, 0, 0, 0, 0, 0, 0, 0, 0, 0, 0, 0, 0, 0, 0, 0, 0, 0, 0, 0
0.51, 2025-06-05__13-48-59.866267, -0.00375066, -0.503209, -0.00168982, -2.17185, -0.0178291, 1.75202, 0.63056, -0.00901596, -0.151811, -0.009152, -0.273946, -0.000801648, -0.011114, -0.224239, 0, 0, 0, 0, 0, 0, 0, 0, 0, 0, 0, 0, 0, 0, 0, 0, 0, 0, 0, 0, 0
0.52, 2025-06-05__13-48-59.876267, -0.00380474, -0.504901, -0.00178098, -2.17451, -0.0178351, 1.75203, 0.62824, -0.0111506, -0.170281, -0.0145977, -0.263819, -0.00150465, 0.000885972, -0.233289, 0, 0, 0, 0, 0, 0, 0, 0, 0, 0, 0, 0, 0, 0, 0, 0, 0, 0, 0, 0, 0
0.53, 2025-06-05__13-48-59.886267, -0.00384062, -0.50671, -0.00187078, -2.17713, -0.0178353, 1.75202, 0.625591, -0.00365469, -0.179322, -0.00894993, -0.259712, -0.000350384, -0.00113119, -0.270193, 0, 0, 0, 0, 0, 0, 0, 0, 0, 0, 0, 0, 0, 0, 0, 0, 0, 0, 0, 0, 0
0.54, 2025-06-05__13-48-59.896268, -0.0038768, -0.508627, -0.00197682, -2.17976, -0.0178442, 1.75199, 0.622711, -0.00795611, -0.192655, -0.0127116, -0.262191, 0.000794666, -0.00980226, -0.290499, 0, 0, 0, 0, 0, 0, 0, 0, 0, 0, 0, 0, 0, 0, 0, 0, 0, 0, 0, 0, 0
0.55, 2025-06-05__13-48-59.906269, -0.00389675, -0.510659, -0.00209475, -2.18242, -0.0178595, 1.75191, 0.619876, -0.00249129, -0.20347, -0.0108044, -0.263092, -0.000737507, -0.0114344, -0.272109, 0, 0, 0, 0, 0, 0, 0, 0, 0, 0, 0, 0, 0, 0, 0, 0, 0, 0, 0, 0, 0
0.56, 2025-06-05__13-48-59.916270, -0.00392714, -0.512837, -0.00222323, -2.18504, -0.0178714, 1.75173, 0.617324, -0.000409502, -0.227115, -0.00609218, -0.262978, -0.00110998, -0.02186, -0.243968, 0, 0, 0, 0, 0, 0, 0, 0, 0, 0, 0, 0, 0, 0, 0, 0, 0, 0, 0, 0, 0
0.57, 2025-06-05__13-48-59.926267, -0.00394917, -0.515128, -0.00237158, -2.18769, -0.0178978, 1.75153, 0.615167, -0.00366832, -0.22779, -0.0146005, -0.266153, -0.00420514, -0.016941, -0.205195, 0, 0, 0, 0, 0, 0, 0, 0, 0, 0, 0, 0, 0, 0, 0, 0, 0, 0, 0, 0, 0
0.58, 2025-06-05__13-48-59.936269, -0.00397021, -0.517533, -0.00249898, -2.19035, -0.0179184, 1.75135, 0.613138, -0.000815482, -0.24103, -0.0102979, -0.263057, -0.00462698, -0.0233511, -0.203882, 0, 0, 0, 0, 0, 0, 0, 0, 0, 0, 0, 0, 0, 0, 0, 0, 0, 0, 0, 0, 0
0.59, 2025-06-05__13-48-59.946268, -0.0039993, -0.519985, -0.00262478, -2.19304, -0.0179514, 1.75106, 0.611041, -0.00374313, -0.246451, -0.0172246, -0.268344, -0.00319398, -0.0270297, -0.214404, 0, 0, 0, 0, 0, 0, 0, 0, 0, 0, 0, 0, 0, 0, 0, 0, 0, 0, 0, 0, 0
0.6, 2025-06-05__13-48-59.956269, -0.00401855, -0.522619, -0.00274065, -2.19582, -0.0180049, 1.75062, 0.608831, -0.00163085, -0.263948, -0.0122247, -0.281856, -0.0107203, -0.0475817, -0.223255, 0, 0, 0, 0, 0, 0, 0, 0, 0, 0, 0, 0, 0, 0, 0, 0, 0, 0, 0, 0, 0
0.61, 2025-06-05__13-48-59.966269, -0.00403638, -0.525249, -0.00288193, -2.19858, -0.0180445, 1.7501, 0.606458, 0.000941771, -0.261603, -0.0150054, -0.268821, -0.006008, -0.0480439, -0.236589, 0, 0, 0, 0, 0, 0, 0, 0, 0, 0, 0, 0, 0, 0, 0, 0, 0, 0, 0, 0, 0
0.62, 2025-06-05__13-48-59.976269, -0.00406493, -0.52786, -0.00303633, -2.20133, -0.0180777, 1.74955, 0.603937, -0.00326147, -0.26022, -0.0155734, -0.275442, 0.000382838, -0.055833, -0.252263, 0, 0, 0, 0, 0, 0, 0, 0, 0, 0, 0, 0, 0, 0, 0, 0, 0, 0, 0, 0, 0
0.63, 2025-06-05__13-48-59.986269, -0.00409295, -0.530506, -0.00317773, -2.2041, -0.0181265, 1.74894, 0.601301, -0.000306675, -0.267356, -0.0124823, -0.2792, -0.0117949, -0.0624, -0.266592, 0, 0, 0, 0, 0, 0, 0, 0, 0, 0, 0, 0, 0, 0, 0, 0, 0, 0, 0, 0, 0
0.64, 2025-06-05__13-48-59.996269, -0.00412584, -0.53325, -0.00332827, -2.20689, -0.018193, 1.74822, 0.598737, -0.00222853, -0.2717, -0.017567, -0.28168, -0.00726209, -0.0715528, -0.244697, 0, 0, 0, 0, 0, 0, 0, 0, 0, 0, 0, 0, 0, 0, 0, 0, 0, 0, 0, 0, 0
0.65, 2025-06-05__13-49-00.006267, -0.00413757, -0.536027, -0.00345334, -2.20969, -0.0182532, 1.74742, 0.596449, 3.91128e-05, -0.278674, -0.0134183, -0.281135, -0.00542688, -0.0833213, -0.218521, 0, 0, 0, 0, 0, 0, 0, 0, 0, 0, 0, 0, 0, 0, 0, 0, 0, 0, 0, 0, 0
0.66, 2025-06-05__13-49-00.016267, -0.00416585, -0.538799, -0.00359634, -2.2125, -0.0183087, 1.74659, 0.594345, -0.000826954, -0.275741, -0.0202027, -0.284917, -0.00809261, -0.079274, -0.208077, 0, 0, 0, 0, 0, 0, 0, 0, 0, 0, 0, 0, 0, 0, 0, 0, 0, 0, 0, 0, 0
0.67, 2025-06-05__13-49-00.026268, -0.00419328, -0.541528, -0.0037303, -2.21529, -0.0183633, 1.74574, 0.592427, -0.00121713, -0.273046, -0.00991744, -0.284316, -0.0045972, -0.0844621, -0.183838, 0, 0, 0, 0, 0, 0, 0, 0, 0, 0, 0, 0, 0, 0, 0, 0, 0, 0, 0, 0, 0
0.68, 2025-06-05__13-49-00.036269, -0.00421171, -0.54432, -0.00388487, -2.21813, -0.0184314, 1.74482, 0.591056, 0.00214421, -0.280548, -0.0207868, -0.283198, -0.00385199, -0.0975743, -0.119779, 0, 0, 0, 0, 0, 0, 0, 0, 0, 0, 0, 0, 0, 0, 0, 0, 0, 0, 0, 0, 0
0.69, 2025-06-05__13-49-00.046269, -0.00423252, -0.547095, -0.00404948, -2.22104, -0.0184867, 1.74383, 0.590569, -0.00927704, -0.284341, -0.0202654, -0.295005, -0.00333584, -0.111236, -0.0298403, 0, 0, 0, 0, 0, 0, 0, 0, 0, 0, 0, 0, 0, 0, 0, 0, 0, 0, 0, 0, 0
0.7, 2025-06-05__13-49-00.056269, -0.00425024, -0.549936, -0.00418084, -2.22393, -0.018554, 1.74268, 0.590735, 0.000821937, -0.278906, -0.019203, -0.287823, -0.00602244, -0.113473, 0.0258638, 0, 0, 0, 0, 0, 0, 0, 0, 0, 0, 0, 0, 0, 0, 0, 0, 0, 0, 0, 0, 0
0.71, 2025-06-05__13-49-00.066267, -0.00426144, -0.552608, -0.00432488, -2.22689, -0.0185853, 1.74148, 0.59088, 2.69366e-05, -0.253208, -0.0178582, -0.303055, -0.000657942, -0.114107, 0.00625791, 0, 0, 0, 0, 0, 0, 0, 0, 0, 0, 0, 0, 0, 0, 0, 0, 0, 0, 0, 0, 0
0.72, 2025-06-05__13-49-00.076271, -0.00426225, -0.554917, -0.00448633, -2.22991, -0.0185927, 1.74061, 0.590855, -0.000567009, -0.236132, -0.0225312, -0.299633, -0.000497157, -0.082847, 0.00162896, 0, 0, 0, 0, 0, 0, 0, 0, 0, 0, 0, 0, 0, 0, 0, 0, 0, 0, 0, 0, 0
0.73, 2025-06-05__13-49-00.086272, -0.00425479, -0.557549, -0.00464131, -2.23298, -0.0186055, 1.73978, 0.590915, 0.000729223, -0.262944, -0.0170404, -0.311986, -0.000237908, -0.0932307, 0.00750663, 0, 0, 0, 0, 0, 0, 0, 0, 0, 0, 0, 0, 0, 0, 0, 0, 0, 0, 0, 0, 0
0.74, 2025-06-05__13-49-00.096267, -0.00425696, -0.560141, -0.00482082, -2.23614, -0.0186251, 1.73878, 0.591143, 0.000345859, -0.249528, -0.0133177, -0.312795, -0.00315296, -0.10032, 0.027621, 0, 0, 0, 0, 0, 0, 0, 0, 0, 0, 0, 0, 0, 0, 0, 0, 0, 0, 0, 0, 0
0.75, 2025-06-05__13-49-00.106267, -0.00426327, -0.562463, -0.00500124, -2.23927, -0.0186449, 1.73781, 0.59153, -0.000544025, -0.223814, -0.0144656, -0.314066, -0.00147554, -0.0885416, 0.0380799, 0, 0, 0, 0, 0, 0, 0, 0, 0, 0, 0, 0, 0, 0, 0, 0, 0, 0, 0, 0, 0
0.76, 2025-06-05__13-49-00.116267, -0.00427381, -0.564558, -0.00515588, -2.24244, -0.0186813, 1.73688, 0.591959, -0.000345356, -0.208868, -0.0120114, -0.316551, -0.00358992, -0.0920884, 0.0436505, 0, 0, 0, 0, 0, 0, 0, 0, 0, 0, 0, 0, 0, 0, 0, 0, 0, 0, 0, 0, 0
0.77, 2025-06-05__13-49-00.126267, -0.00426868, -0.566745, -0.00531135, -2.24573, -0.0187491, 1.73583, 0.592347, -0.000815564, -0.213688, -0.0199799, -0.330893, -0.00615032, -0.109489, 0.0305673, 0, 0, 0, 0, 0, 0, 0, 0, 0, 0, 0, 0, 0, 0, 0, 0, 0, 0, 0, 0, 0
0.78, 2025-06-05__13-49-00.136267, -0.00426346, -0.568854, -0.00545917, -2.24911, -0.0188306, 1.73472, 0.592699, 0.00089759, -0.207747, -0.0101351, -0.333253, -0.00776576, -0.116308, 0.0290956, 0, 0, 0, 0, 0, 0, 0, 0, 0, 0, 0, 0, 0, 0, 0, 0, 0, 0, 0, 0, 0
0.79, 2025-06-05__13-49-00.146267, -0.00427753, -0.570799, -0.00564806, -2.25243, -0.018892, 1.73366, 0.593027, -0.0013214, -0.186796, -0.0241906, -0.334531, -0.00773952, -0.0977575, 0.0382024, 0, 0, 0, 0, 0, 0, 0, 0, 0, 0, 0, 0, 0, 0, 0, 0, 0, 0, 0, 0, 0
0.8, 2025-06-05__13-49-00.156269, -0.0042833, -0.572673, -0.00582552, -2.25577, -0.018924, 1.73268, 0.593336, -0.00639828, -0.188504, -0.0187314, -0.329788, -0.00121147, -0.0909749, 0.0275006, 0, 0, 0, 0, 0, 0, 0, 0, 0, 0, 0, 0, 0, 0, 0, 0, 0, 0, 0, 0, 0
0.81, 2025-06-05__13-49-00.166268, -0.00428364, -0.57463, -0.00597976, -2.25911, -0.0189409, 1.73176, 0.593628, 0.0010152, -0.200043, -0.0131827, -0.335586, 0.000449384, -0.0872767, 0.0307827, 0, 0, 0, 0, 0, 0, 0, 0, 0, 0, 0, 0, 0, 0, 0, 0, 0, 0, 0, 0, 0
0.82, 2025-06-05__13-49-00.176271, -0.00426871, -0.576398, -0.00615027, -2.26238, -0.0189677, 1.73089, 0.593914, 0.0079311, -0.174214, -0.0202739, -0.317607, -0.00280753, -0.0911038, 0.0298184, 0, 0, 0, 0, 0, 0, 0, 0, 0, 0, 0, 0, 0, 0, 0, 0, 0, 0, 0, 0, 0
0.83, 2025-06-05__13-49-00.186271, -0.00427464, -0.578136, -0.00632963, -2.26557, -0.0189818, 1.73015, 0.594173, 0.000324453, -0.170884, -0.0193191, -0.311977, -0.00230459, -0.0737576, 0.0242335, 0, 0, 0, 0, 0, 0, 0, 0, 0, 0, 0, 0, 0, 0, 0, 0, 0, 0, 0, 0, 0
0.84, 2025-06-05__13-49-00.196271, -0.00428528, -0.579831, -0.00649924, -2.2686, -0.0189932, 1.72948, 0.594381, -0.00128443, -0.168393, -0.0181739, -0.301512, -0.00179865, -0.0625822, 0.016781, 0, 0, 0, 0, 0, 0, 0, 0, 0, 0, 0, 0, 0, 0, 0, 0, 0, 0, 0, 0, 0
0.85, 2025-06-05__13-49-00.206272, -0.00429125, -0.581428, -0.00665386, -2.27153, -0.0190065, 1.72888, 0.594526, -0.0011879, -0.158697, -0.0161951, -0.28477, -0.00124547, -0.0610486, 0.0101077, 0, 0, 0, 0, 0, 0, 0, 0, 0, 0, 0, 0, 0, 0, 0, 0, 0, 0, 0, 0, 0
0.86, 2025-06-05__13-49-00.216271, -0.00428145, -0.582978, -0.00681116, -2.27432, -0.0190178, 1.7283, 0.594624, 0.00203328, -0.151001, -0.016598, -0.271174, -0.000815644, -0.0589933, 0.0102771, 0, 0, 0, 0, 0, 0, 0, 0, 0, 0, 0, 0, 0, 0, 0, 0, 0, 0, 0, 0, 0
0.87, 2025-06-05__13-49-00.226269, -0.00427823, -0.584389, -0.00695768, -2.27684, -0.0190294, 1.72773, 0.594724, 0.00125163, -0.144284, -0.0115863, -0.240032, -0.0014984, -0.0556842, 0.0117344, 0, 0, 0, 0, 0, 0, 0, 0, 0, 0, 0, 0, 0, 0, 0, 0, 0, 0, 0, 0, 0
0.88, 2025-06-05__13-49-00.236272, -0.0042825, -0.585985, -0.0070925, -2.27905, -0.0190479, 1.72714, 0.595484, 0.000554516, -0.166292, -0.0105598, -0.211146, -0.00401498, -0.0648416, 0.100077, 0, 0, 0, 0, 0, 0, 0, 0, 0, 0, 0, 0, 0, 0, 0, 0, 0, 0, 0, 0, 0
0.89, 2025-06-05__13-49-00.246270, -0.00428183, -0.587444, -0.00725262, -2.281, -0.0190661, 1.7265, 0.597313, -0.000174122, -0.134598, -0.0166782, -0.193607, -0.000858857, -0.073256, 0.206303, 0, 0, 0, 0, 0, 0, 0, 0, 0, 0, 0, 0, 0, 0, 0, 0, 0, 0, 0, 0, 0
0.9, 2025-06-05__13-49-00.256272, -0.0043037, -0.588565, -0.00738043, -2.28272, -0.0190939, 1.7259, 0.599769, -0.00306874, -0.117705, -0.0135394, -0.168832, -0.000602398, -0.0581397, 0.253424, 0, 0, 0, 0, 0, 0, 0, 0, 0, 0, 0, 0, 0, 0, 0, 0, 0, 0, 0, 0, 0
0.91, 2025-06-05__13-49-00.266269, -0.00430826, -0.589867, -0.00749302, -2.28417, -0.01914, 1.72525, 0.602309, 0.00174666, -0.138872, -0.0116587, -0.143236, -0.00255779, -0.0717153, 0.249349, 0, 0, 0, 0, 0, 0, 0, 0, 0, 0, 0, 0, 0, 0, 0, 0, 0, 0, 0, 0, 0
0.92, 2025-06-05__13-49-00.276271, -0.00430843, -0.591313, -0.00760544, -2.28549, -0.0191843, 1.72456, 0.604856, -0.000184105, -0.145256, -0.0131843, -0.123049, -0.00415713, -0.0694197, 0.268011, 0, 0, 0, 0, 0, 0, 0, 0, 0, 0, 0, 0, 0, 0, 0, 0, 0, 0, 0, 0, 0
0.93, 2025-06-05__13-49-00.286270, -0.00431196, -0.592567, -0.00771129, -2.28656, -0.0192185, 1.72397, 0.607606, -0.00210769, -0.121542, -0.0118523, -0.0967957, -0.00194395, -0.0578815, 0.284412, 0, 0, 0, 0, 0, 0, 0, 0, 0, 0, 0, 0, 0, 0, 0, 0, 0, 0, 0, 0, 0
0.94, 2025-06-05__13-49-00.296270, -0.0043179, -0.593754, -0.00781348, -2.28738, -0.0192495, 1.72336, 0.610607, 0.000161512, -0.12473, -0.0105654, -0.0782322, -0.00200636, -0.0607386, 0.310704, 0, 0, 0, 0, 0, 0, 0, 0, 0, 0, 0, 0, 0, 0, 0, 0, 0, 0, 0, 0, 0
0.95, 2025-06-05__13-49-00.306272, -0.0043233, -0.594985, -0.00789884, -2.28804, -0.0192744, 1.72265, 0.61388, 0.000359694, -0.119716, -0.00479339, -0.060701, -0.00277683, -0.0672375, 0.328569, 0, 0, 0, 0, 0, 0, 0, 0, 0, 0, 0, 0, 0, 0, 0, 0, 0, 0, 0, 0, 0
0.96, 2025-06-05__13-49-00.316268, -0.00431805, -0.596029, -0.00797605, -2.2885, -0.0192876, 1.72205, 0.617267, 0.00159839, -0.0996696, -0.0107735, -0.0446506, -0.000199305, -0.0499409, 0.337051, 0, 0, 0, 0, 0, 0, 0, 0, 0, 0, 0, 0, 0, 0, 0, 0, 0, 0, 0, 0, 0
0.97, 2025-06-05__13-49-00.326267, -0.0043219, -0.596968, -0.00803522, -2.28881, -0.0192988, 1.72156, 0.620483, 0.0015989, -0.0971736, -0.00193399, -0.0279137, -0.000435337, -0.0514715, 0.315199, 0, 0, 0, 0, 0, 0, 0, 0, 0, 0, 0, 0, 0, 0, 0, 0, 0, 0, 0, 0, 0
0.98, 2025-06-05__13-49-00.336270, -0.00433078, -0.59781, -0.00808442, -2.28903, -0.0193084, 1.72115, 0.623348, 3.08878e-05, -0.0822885, -0.00455016, -0.0206944, -8.01763e-05, -0.0466982, 0.280812, 0, 0, 0, 0, 0, 0, 0, 0, 0, 0, 0, 0, 0, 0, 0, 0, 0, 0, 0, 0, 0
0.99, 2025-06-05__13-49-00.346269, -0.00432866, -0.598581, -0.00814189, -2.28914, -0.019315, 1.72087, 0.626088, 0.000541912, -0.0697364, -0.012252, -0.0117314, -0.000390478, -0.0320581, 0.272129, 0, 0, 0, 0, 0, 0, 0, 0, 0, 0, 0, 0, 0, 0, 0, 0, 0, 0, 0, 0, 0
1, 2025-06-05__13-49-00.356269, -0.00433325, -0.599241, -0.00818212, -2.2892, -0.019323, 1.72065, 0.628857, -0.000891201, -0.0641438, -0.00314931, -0.000866381, -0.000878649, -0.0201957, 0.280358, 0, 0, 0, 0, 0, 0, 0, 0, 0, 0, 0, 0, 0, 0, 0, 0, 0, 0, 0, 0, 0
1.01, 2025-06-05__13-49-00.366271, -0.00433704, -0.59978, -0.00821239, -2.28921, -0.0193315, 1.72048, 0.631973, 4.38336e-05, -0.0531787, -0.0036538, 0.000118206, 0.000425328, -0.011535, 0.313386, 0, 0, 0, 0, 0, 0, 0, 0, 0, 0, 0, 0, 0, 0, 0, 0, 0, 0, 0, 0, 0
1.02, 2025-06-05__13-49-00.376271, -0.00432944, -0.600275, -0.00824929, -2.28918, -0.019335, 1.72034, 0.635348, 0.00631741, -0.0510735, -0.00202249, 0.00101515, 9.56152e-05, -0.00991699, 0.341562, 0, 0, 0, 0, 0, 0, 0, 0, 0, 0, 0, 0, 0, 0, 0, 0, 0, 0, 0, 0, 0
1.03, 2025-06-05__13-49-00.386271, -0.00432965, -0.600753, -0.0082665, -2.28918, -0.0193411, 1.72022, 0.638677, 0.00178714, -0.0505822, -0.00230507, 0.000699138, -0.000492344, -0.00728833, 0.324626, 0, 0, 0, 0, 0, 0, 0, 0, 0, 0, 0, 0, 0, 0, 0, 0, 0, 0, 0, 0, 0
1.04, 2025-06-05__13-49-00.396270, -0.00433402, -0.601163, -0.00828986, -2.28918, -0.0193446, 1.7201, 0.641624, -0.000721155, -0.0367495, -0.00220051, 0.000119042, -3.18696e-05, -0.0109383, 0.289375, 0, 0, 0, 0, 0, 0, 0, 0, 0, 0, 0, 0, 0, 0, 0, 0, 0, 0, 0, 0, 0
1.05, 2025-06-05__13-49-00.406270, -0.00433468, -0.601513, -0.00830764, -2.2892, -0.01935, 1.72001, 0.644381, 0.000983472, -0.035588, -0.00037969, -0.00232113, -0.000257713, -0.011996, 0.283143, 0, 0, 0, 0, 0, 0, 0, 0, 0, 0, 0, 0, 0, 0, 0, 0, 0, 0, 0, 0, 0
1.06, 2025-06-05__13-49-00.416268, -0.00433585, -0.601861, -0.00833175, -2.2892, -0.0193539, 1.71992, 0.647245, 0.00361578, -0.0339097, -0.00172605, -0.00337956, -0.000138497, -0.00923774, 0.298206, 0, 0, 0, 0, 0, 0, 0, 0, 0, 0, 0, 0, 0, 0, 0, 0, 0, 0, 0, 0, 0
1.07, 2025-06-05__13-49-00.426269, -0.00433727, -0.602137, -0.00834053, -2.2892, -0.0193525, 1.71985, 0.650278, 0.000270922, -0.0304683, -0.00442513, 3.68695e-05, 0.000632614, -0.0120993, 0.30476, 0, 0, 0, 0, 0, 0, 0, 0, 0, 0, 0, 0, 0, 0, 0, 0, 0, 0, 0, 0, 0
1.08, 2025-06-05__13-49-00.436269, -0.00433255, -0.60239, -0.00836194, -2.2892, -0.0193561, 1.7198, 0.653548, 7.69621e-05, -0.022649, 0.000726585, 0.000397546, -0.000644858, -0.00434067, 0.336673, 0, 0, 0, 0, 0, 0, 0, 0, 0, 0, 0, 0, 0, 0, 0, 0, 0, 0, 0, 0, 0
1.09, 2025-06-05__13-49-00.446275, -0.00432798, -0.602605, -0.00838113, -2.2892, -0.019359, 1.71978, 0.657006, -0.00236742, -0.0208043, -0.00387739, -2.14369e-05, 0.000507615, -0.00109587, 0.340494, 0, 0, 0, 0, 0, 0, 0, 0, 0, 0, 0, 0, 0, 0, 0, 0, 0, 0, 0, 0, 0
1.1, 2025-06-05__13-49-00.456270, -0.00434035, -0.602817, -0.00839435, -2.28921, -0.019363, 1.71974, 0.660186, -0.00125647, -0.0205256, -0.0026555, -0.000675549, 0.000299619, -0.00816734, 0.300592, 0, 0, 0, 0, 0, 0, 0, 0, 0, 0, 0, 0, 0, 0, 0, 0, 0, 0, 0, 0, 0
1.11, 2025-06-05__13-49-00.466272, -0.00434068, -0.603026, -0.0084039, -2.2892, -0.0193651, 1.71969, 0.662873, -0.000144003, -0.0207983, -0.00291142, 0.000240112, 0.000107829, -0.00904978, 0.264347, 0, 0, 0, 0, 0, 0, 0, 0, 0, 0, 0, 0, 0, 0, 0, 0, 0, 0, 0, 0, 0
1.12, 2025-06-05__13-49-00.476269, -0.00433042, -0.603173, -0.00841461, -2.2892, -0.0193686, 1.71965, 0.665254, -0.000324039, -0.0187655, -0.00164133, 0.00120413, 0.000176611, -0.00500791, 0.233681, 0, 0, 0, 0, 0, 0, 0, 0, 0, 0, 0, 0, 0, 0, 0, 0, 0, 0, 0, 0, 0
1.13, 2025-06-05__13-49-00.486271, -0.00433326, -0.603328, -0.00842772, -2.28921, -0.0193733, 1.71963, 0.667444, 0.000274945, -0.0160036, -0.00270937, -0.00162566, 9.65289e-05, -0.00352859, 0.216816, 0, 0, 0, 0, 0, 0, 0, 0, 0, 0, 0, 0, 0, 0, 0, 0, 0, 0, 0, 0, 0
1.14, 2025-06-05__13-49-00.496271, -0.00433974, -0.603477, -0.00843404, -2.28921, -0.0193741, 1.7196, 0.669535, -0.00445617, -0.0123739, -0.000912927, 0.00103981, 0.000191222, -0.00305912, 0.21262, 0, 0, 0, 0, 0, 0, 0, 0, 0, 0, 0, 0, 0, 0, 0, 0, 0, 0, 0, 0, 0
1.15, 2025-06-05__13-49-00.506270, -0.00433021, -0.603588, -0.00845184, -2.2892, -0.019377, 1.71957, 0.671555, 0.00769284, -0.0106106, -0.00186854, 0.000809718, 0.000380443, -5.43636e-05, 0.193942, 0, 0, 0, 0, 0, 0, 0, 0, 0, 0, 0, 0, 0, 0, 0, 0, 0, 0, 0, 0, 0
1.16, 2025-06-05__13-49-00.516269, -0.00433585, -0.6037, -0.00846209, -2.28921, -0.0193776, 1.71955, 0.673427, 0.000171713, -0.010849, -0.00193595, 0.000366032, -0.000822196, -0.00035106, 0.180495, 0.0363555, 0.406789, 0.0510526, -0.191419, -0.00787313, -0.0154954, -0.612401, 0, 0, 0, 0, 0, 0, 0, 0, 0, 0, 0, 0, 0, 0
1.17, 2025-06-05__13-49-00.526269, -0.00433964, -0.603742, -0.00844207, -2.2892, -0.0193682, 1.71955, 0.674485, 0.00136757, -0.00397571, 0.00291886, 0.000430942, -0.000331081, -0.000100596, 0.0842556, -0.0524583, 0.201548, -0.0789184, -0.0979212, -0.0113277, -0.0088782, -0.366075, 0, 0, 0, 0, 0, 0, 0, 0, 0, 0, 0, 0, 0, 0
1.18, 2025-06-05__13-49-00.536281, -0.00433038, -0.603787, -0.00842049, -2.2892, -0.0193539, 1.71955, 0.674552, 0.000712122, -0.000754442, 0.000351806, -0.000247425, 0.00511038, -0.000119954, 0.00484751, -0.0252529, 0.104525, -0.0340749, -0.0471565, -0.0227928, -0.00233371, -0.126645, 0, 0, 0, 0, 0, 0, 0, 0, 0, 0, 0, 0, 0, 0
1.19, 2025-06-05__13-49-00.546282, -0.00431035, -0.603853, -0.00840147, -2.2892, -0.0193415, 1.71955, 0.674488, 0.00200701, -0.00958699, 0.00113674, 0.00127266, 0.00236587, -0.000463197, -0.00230586, -0.0576264, 0.457497, -0.0801739, -0.223966, -0.0187546, -0.015823, -0.101699, 0, 0, 0, 0, 0, 0, 0, 0, 0, 0, 0, 0, 0, 0
1.2, 2025-06-05__13-49-00.556282, -0.00430027, -0.603857, -0.00835948, -2.28921, -0.0193362, 1.71955, 0.674473, -0.000653898, 0.00340266, 0.00532494, -0.000705509, 0.000170012, 0.000390269, 2.48419e-06, -0.0899007, -0.00725879, -0.142697, 0.0141206, -0.0111555, 0.000354912, -0.107556, 0, 0, 0, 0, 0, 0, 0, 0, 0, 0, 0, 0, 0, 0
1.21, 2025-06-05__13-49-00.566281, -0.00430191, -0.60385, -0.00830938, -2.2892, -0.0193352, 1.71955, 0.674447, 0.00115221, -0.00125931, 0.00128722, 0.000187118, 0.000167379, -0.000324013, -0.00365877, -0.067339, 0.159791, -0.0980772, -0.0742885, -0.0105131, -0.00437868, -0.0953636, 0, 0, 0, 0, 0, 0, 0, 0, 0, 0, 0, 0, 0, 0
1.22, 2025-06-05__13-49-00.576282, -0.00429564, -0.603837, -0.00823906, -2.28921, -0.0193311, 1.71955, 0.674406, 0.000933617, 0.00101428, 0.00371225, -0.00116928, -0.000196333, -0.000246868, -0.00763557, -0.113272, 0.0551543, -0.170626, -0.00652687, -0.0117519, 0.00183985, -0.0810056, 0, 0, 0, 0, 0, 0, 0, 0, 0, 0, 0, 0, 0, 0
1.23, 2025-06-05__13-49-00.586283, -0.00429035, -0.603828, -0.008155, -2.28922, -0.0193298, 1.71955, 0.674395, -0.000632525, -0.000287562, 0.0117457, 0.0005272, 0.000445694, 8.05598e-05, -0.000162382, -0.221651, 0.122232, -0.350532, -0.0533152, -0.0235019, -0.00543875, -0.102901, 0, 0, 0, 0, 0, 0, 0, 0, 0, 0, 0, 0, 0, 0
1.24, 2025-06-05__13-49-00.596282, -0.00427936, -0.603806, -0.00808796, -2.28922, -0.0193298, 1.71955, 0.674387, 0.00292598, 0.00087046, 0.00845308, -0.000271513, -5.84708e-05, 0.000219918, 0.000569616, -0.235852, 0.0593856, -0.351115, -0.0153186, -0.0224838, -0.00226115, -0.104668, 0, 0, 0, 0, 0, 0, 0, 0, 0, 0, 0, 0, 0, 0
1.25, 2025-06-05__13-49-00.606272, -0.00427462, -0.603791, -0.0080297, -2.28922, -0.0193247, 1.71955, 0.674381, -0.00177206, 0.000356126, 0.00562633, 0.00035459, -3.37078e-05, -0.000199501, -0.00027021, -0.152373, 0.0771751, -0.246193, -0.032039, -0.0165047, -0.00227294, -0.102218, 0, 0, 0, 0, 0, 0, 0, 0, 0, 0, 0, 0, 0, 0
1.26, 2025-06-05__13-49-00.616268, -0.00427221, -0.603775, -0.00797244, -2.28921, -0.019325, 1.71955, 0.674382, -0.00243692, -0.000141895, 0.00618202, 0.000288525, 2.50875e-05, -0.000203182, 5.90954e-05, -0.163946, 0.0876774, -0.268166, -0.0373483, -0.0176577, -0.00283762, -0.103217, 0, 0, 0, 0, 0, 0, 0, 0, 0, 0, 0, 0, 0, 0
1.27, 2025-06-05__13-49-00.626267, -0.00426838, -0.60377, -0.00791743, -2.28922, -0.0193224, 1.71955, 0.674383, 0.000980714, -0.00032764, 0.00679359, -0.000523859, -4.08966e-05, -2.51213e-05, 6.41735e-05, -0.226422, 0.0776823, -0.346675, -0.0199391, -0.0221136, -0.00135685, -0.102979, 0, 0, 0, 0, 0, 0, 0, 0, 0, 0, 0, 0, 0, 0
1.28, 2025-06-05__13-49-00.636270, -0.00426264, -0.603773, -0.00786891, -2.28921, -0.019325, 1.71954, 0.67438, 0.00186483, -0.00139193, 0.00488178, 0.00201461, 0.000178037, -0.000361845, -0.000482467, -0.222066, 0.155107, -0.334365, -0.0878447, -0.0236709, -0.00763994, -0.101268, 0, 0, 0, 0, 0, 0, 0, 0, 0, 0, 0, 0, 0, 0
1.29, 2025-06-05__13-49-00.646268, -0.00425458, -0.603778, -0.0078557, -2.28922, -0.0193243, 1.71955, 0.674383, 0.00687346, -0.00182091, 0.000132622, -0.000872668, 0.00017039, 9.76709e-06, 0.0016042, -0.22362, 0.124746, -0.307262, -0.0385758, -0.0228991, -0.00223098, -0.10778, 0, 0, 0, 0, 0, 0, 0, 0, 0, 0, 0, 0, 0, 0
1.3, 2025-06-05__13-49-00.656270, -0.00425612, -0.603776, -0.00783942, -2.28921, -0.0193239, 1.71955, 0.674373, -2.67042e-05, -9.17725e-05, 0.00106062, 0.00095061, -0.000207309, -0.000233319, -0.000422818, -0.153715, 0.0954388, -0.236681, -0.0498493, -0.0164601, -0.00429114, -0.101401, 0, 0, 0, 0, 0, 0, 0, 0, 0, 0, 0, 0, 0, 0
1.31, 2025-06-05__13-49-00.666269, -0.00426115, -0.603779, -0.00783471, -2.28922, -0.0193207, 1.71955, 0.674365, -0.000575619, -0.00503662, 2.14096e-05, -6.87591e-05, 2.71357e-06, 1.54931e-06, 8.35811e-05, -0.133568, 0.245198, -0.20993, -0.104514, -0.0161387, -0.00757886, -0.102748, 0, 0, 0, 0, 0, 0, 0, 0, 0, 0, 0, 0, 0, 0
1.32, 2025-06-05__13-49-00.676268, -0.00426373, -0.603779, -0.00782727, -2.28922, -0.019321, 1.71955, 0.67437, -0.00266646, 0.0027232, -0.000708755, -0.00028991, 1.26936e-05, 0.000324459, 0.000520607, -0.0984887, -0.0190454, -0.164543, 0.0169235, -0.0119775, 0.000407468, -0.104361, 0, 0, 0, 0, 0, 0, 0, 0, 0, 0, 0, 0, 0, 0
1.33, 2025-06-05__13-49-00.686273, -0.00425014, -0.603786, -0.00782091, -2.28922, -0.0193234, 1.71955, 0.674364, 0.00161263, -0.00240473, 0.00151046, -4.30101e-05, 7.63164e-05, 0.000356754, -8.06432e-05, -0.185526, 0.161872, -0.277503, -0.0665327, -0.0198823, -0.00642763, -0.101932, 0, 0, 0, 0, 0, 0, 0, 0, 0, 0, 0, 0, 0, 0
1.34, 2025-06-05__13-49-00.696268, -0.00425159, -0.60378, -0.00782084, -2.28922, -0.0193196, 1.71955, 0.674361, 0.000450135, 0.000107931, 0.00125447, -0.000772233, 0.000206152, 0.000257217, 0.000138037, -0.167609, 0.0629953, -0.25521, -0.0127472, -0.0183479, -0.00120694, -0.102499, 0, 0, 0, 0, 0, 0, 0, 0, 0, 0, 0, 0, 0, 0
1.35, 2025-06-05__13-49-00.706270, -0.00425194, -0.603778, -0.007823, -2.28922, -0.0193216, 1.71954, 0.674363, 0.000112513, -0.00153827, 0.000894151, 0.000103423, 6.30366e-05, -0.000547499, 0.000962905, -0.157752, 0.129447, -0.242215, -0.0519897, -0.0177151, -0.00154158, -0.105173, 0, 0, 0, 0, 0, 0, 0, 0, 0, 0, 0, 0, 0, 0
1.36, 2025-06-05__13-49-00.716269, -0.00426035, -0.603773, -0.00782644, -2.28921, -0.0193208, 1.71955, 0.674364, -0.00109542, 0.000606652, -0.000711459, 0.00110712, -0.000112255, -0.000285682, 0.000842265, -0.118305, 0.0721178, -0.187066, -0.0420632, -0.0141623, -0.00355331, -0.105025, 0, 0, 0, 0, 0, 0, 0, 0, 0, 0, 0, 0, 0, 0
1.37, 2025-06-05__13-49-00.726266, -0.00425818, -0.603781, -0.00782646, -2.28922, -0.0193208, 1.71955, 0.674362, 0.00476153, -0.00219775, -0.000690338, 0.000433095, 5.01331e-05, -2.92653e-05, -0.000256399, -0.1916, 0.158501, -0.269395, -0.0705551, -0.0206256, -0.00580826, -0.101295, 0, 0, 0, 0, 0, 0, 0, 0, 0, 0, 0, 0, 0, 0
1.38, 2025-06-05__13-49-00.736270, -0.00425794, -0.60377, -0.00781836, -2.28922, -0.0193202, 1.71955, 0.67436, -0.000388712, 0.00377951, 0.00065368, -0.00142714, 0.000258539, 0.000367386, -0.000479772, -0.148389, -0.0756358, -0.229095, 0.0577013, -0.0160148, 0.00437239, -0.100588, 0, 0, 0, 0, 0, 0, 0, 0, 0, 0, 0, 0, 0, 0
1.39, 2025-06-05__13-49-00.746269, -0.00424877, -0.603773, -0.00781764, -2.28922, -0.019317, 1.71954, 0.674355, -6.16402e-05, 0.000146087, 0.00014387, -0.000207345, 2.85465e-05, -0.000199378, 0.00032597, -0.147099, 0.065661, -0.225566, -0.0202102, -0.0165204, -8.08971e-05, -0.102886, 0, 0, 0, 0, 0, 0, 0, 0, 0, 0, 0, 0, 0, 0
1.4, 2025-06-05__13-49-00.756269, -0.00424659, -0.603773, -0.00781767, -2.28921, -0.0193208, 1.71954, 0.674352, 0.00551842, 0.000307901, -0.000943644, 0.00138462, -0.000321412, -0.000505934, -0.00114416, -0.200736, 0.0862998, -0.27775, -0.0498462, -0.0200846, -0.00335653, -0.0980314, 0, 0, 0, 0, 0, 0, 0, 0, 0, 0, 0, 0, 0, 0
1.41, 2025-06-05__13-49-00.766270, -0.00425538, -0.603773, -0.00781767, -2.28922, -0.019317, 1.71955, 0.674357, -0.0008101, 0.00073436, -0.000549286, -8.13436e-06, 0.000234514, 2.36963e-05, 0.00115631, -0.127322, 0.0490573, -0.198997, -0.0164704, -0.0156685, -0.00134231, -0.105625, 0, 0, 0, 0, 0, 0, 0, 0, 0, 0, 0, 0, 0, 0
1.42, 2025-06-05__13-49-00.776269, -0.00424661, -0.603778, -0.00781767, -2.28921, -0.0193215, 1.71955, 0.674355, 0.00169145, 0.000443769, -0.00019561, 0.000672128, -0.000499078, -1.70816e-05, 0.0004094, -0.163688, 0.0741336, -0.241605, -0.0371659, -0.0162624, -0.00387078, -0.103063, 0, 0, 0, 0, 0, 0, 0, 0, 0, 0, 0, 0, 0, 0
1.43, 2025-06-05__13-49-00.786268, -0.00424867, -0.60378, -0.00782046, -2.28922, -0.0193215, 1.71955, 0.674352, 0.00554514, -0.00094014, -0.000864876, -0.00124365, -0.000345708, 6.9867e-05, -0.0010566, -0.201692, 0.0901602, -0.279766, -0.0186321, -0.0191262, -0.000433121, -0.0982719, 0, 0, 0, 0, 0, 0, 0, 0, 0, 0, 0, 0, 0, 0
1.44, 2025-06-05__13-49-00.796268, -0.00424644, -0.603771, -0.00781767, -2.28922, -0.0193173, 1.71955, 0.674351, 0.00107339, 0.00208373, -0.000507693, -0.002525, -4.11353e-05, -1.46896e-06, 0.000408412, -0.152801, -0.0357002, -0.227243, 0.0538155, -0.0154538, 0.00678099, -0.102864, 0, 0, 0, 0, 0, 0, 0, 0, 0, 0, 0, 0, 0, 0
1.45, 2025-06-05__13-49-00.806275, -0.00425197, -0.603779, -0.00782046, -2.28922, -0.0193163, 1.71955, 0.674351, 0.00444254, -0.000727917, -0.000977711, -0.000672001, 0.000253099, -0.000238409, -0.000799823, -0.186512, 0.09092, -0.26208, -0.0259032, -0.020376, -0.000414357, -0.0991184, 0, 0, 0, 0, 0, 0, 0, 0, 0, 0, 0, 0, 0, 0
1.46, 2025-06-05__13-49-00.816287, -0.0042515, -0.603777, -0.00782046, -2.28921, -0.0193208, 1.71954, 0.674352, 0.00612233, -0.000465577, -0.00100007, 0.000582132, -0.000282484, -0.000319864, -8.97084e-05, -0.206089, 0.102281, -0.283389, -0.0475146, -0.020512, -0.0029399, -0.101237, 0, 0, 0, 0, 0, 0, 0, 0, 0, 0, 0, 0, 0, 0
1.47, 2025-06-05__13-49-00.826273, -0.00425475, -0.603778, -0.00782054, -2.28921, -0.0193202, 1.71955, 0.674354, -0.000231084, 6.95794e-05, -0.000569704, -0.000221677, 0.000306696, 5.09861e-05, -0.000233739, -0.133855, 0.0729794, -0.206089, -0.0265144, -0.0162902, -0.0020859, -0.101218, 0, 0, 0, 0, 0, 0, 0, 0, 0, 0, 0, 0, 0, 0
1.48, 2025-06-05__13-49-00.836270, -0.00425221, -0.603776, -0.00782046, -2.28921, -0.0193198, 1.71954, 0.674351, 4.17171e-05, 0.000820314, -0.000795398, 3.11823e-05, 4.04932e-05, -0.000172815, -0.00108077, -0.134315, 0.0500533, -0.204877, -0.0183957, -0.0154026, -0.000412912, -0.098461, 0, 0, 0, 0, 0, 0, 0, 0, 0, 0, 0, 0, 0, 0
1.49, 2025-06-05__13-49-00.846270, -0.00425657, -0.603774, -0.00781767, -2.28922, -0.0193189, 1.71955, 0.674352, -0.00611058, -0.000153274, 0.000369928, 1.57319e-05, 0.000550436, 0.000112695, 0.000852522, -0.0747515, 0.079953, -0.147017, -0.0316566, -0.012549, -0.00260745, -0.104718, 0, 0, 0, 0, 0, 0, 0, 0, 0, 0, 0, 0, 0, 0
1.5, 2025-06-05__13-49-00.856271, -0.00425443, -0.603771, -0.0078149, -2.28921, -0.0193173, 1.71955, 0.674353, -0.00210405, 0.00147225, 0.00286341, 0.000664526, -0.000272561, 0.000591013, 0.000201492, -0.15802, 0.0376447, -0.254891, -0.0212027, -0.0164412, -0.00502048, -0.102345, 0, 0, 0, 0, 0, 0, 0, 0, 0, 0, 0, 0, 0, 0
1.51, 2025-06-05__13-49-00.866270, -0.00425396, -0.603778, -0.00781766, -2.28921, -0.0193202, 1.71955, 0.674349, -0.00132192, -0.00155937, 1.05651e-05, 0.000182276, -8.86117e-06, -7.4242e-05, -0.00048348, -0.128809, 0.133894, -0.205032, -0.0587563, -0.0152571, -0.00445354, -0.100253, 0, 0, 0, 0, 0, 0, 0, 0, 0, 0, 0, 0, 0, 0
1.52, 2025-06-05__13-49-00.876270, -0.00424886, -0.603774, -0.00781546, -2.28922, -0.0193186, 1.71954, 0.674351, 0.000461955, 0.000637735, -0.000386647, 7.28226e-05, -1.30862e-05, -0.000247637, 0.000164297, -0.146617, 0.0536805, -0.221652, -0.0182433, -0.0163023, -8.09407e-05, -0.102209, 0, 0, 0, 0, 0, 0, 0, 0, 0, 0, 0, 0, 0, 0
1.53, 2025-06-05__13-49-00.886270, -0.00425183, -0.603771, -0.00781221, -2.28922, -0.0193169, 1.71954, 0.674348, -0.000793993, 0.00172489, 0.00119543, -0.000485704, 0.00025611, 0.000113371, -0.00113915, -0.15322, 0.00810167, -0.239125, 0.00904881, -0.0172401, 0.00119399, -0.0980369, 0, 0, 0, 0, 0, 0, 0, 0, 0, 0, 0, 0, 0, 0
1.54, 2025-06-05__13-49-00.896268, -0.00424972, -0.603778, -0.00781223, -2.28922, -0.019317, 1.71955, 0.674351, 0.000685938, 0.000731342, 0.00100383, -0.000559992, 0.000103722, 0.00052303, -0.000318174, -0.169108, 0.0445135, -0.255865, -0.00752008, -0.0181942, -0.00206501, -0.100636, 0, 0, 0, 0, 0, 0, 0, 0, 0, 0, 0, 0, 0, 0
1.55, 2025-06-05__13-49-00.906268, -0.00425157, -0.603779, -0.00781205, -2.28921, -0.019317, 1.71955, 0.674351, -0.00015037, -0.000325936, 0.00196526, 0.000215582, -2.22213e-05, 0.000292185, 0.00127005, -0.17131, 0.0947773, -0.264762, -0.0410665, -0.0185817, -0.00483148, -0.105499, 0, 0, 0, 0, 0, 0, 0, 0, 0, 0, 0, 0, 0, 0
1.56, 2025-06-05__13-49-00.916269, -0.00424915, -0.603779, -0.00781527, -2.28921, -0.0193158, 1.71955, 0.674345, -0.00152012, -0.000364488, 0.000319177, -0.000197632, 0.00032567, 0.000254127, -0.000523994, -0.132347, 0.0889925, -0.210797, -0.0343279, -0.0164781, -0.00344508, -0.0999317, 0, 0, 0, 0, 0, 0, 0, 0, 0, 0, 0, 0, 0, 0
1.57, 2025-06-05__13-49-00.926268, -0.00424854, -0.603781, -0.00781197, -2.28921, -0.0193182, 1.71955, 0.674344, 0.00431547, -0.000647043, 0.00110403, 0.000231824, -0.000312483, 7.20222e-05, -0.000742477, -0.214933, 0.10643, -0.307657, -0.0455153, -0.0210143, -0.00446958, -0.098823, 0, 0, 0, 0, 0, 0, 0, 0, 0, 0, 0, 0, 0, 0
1.58, 2025-06-05__13-49-00.936268, -0.00424643, -0.603775, -0.00781974, -2.28922, -0.0193159, 1.71955, 0.674342, 0.00149176, 0.000995961, -0.000772182, -0.00240178, 3.55475e-05, 0.000429421, -0.000199992, -0.154127, 0.00515294, -0.2272, 0.0327425, -0.0160864, 0.00353723, -0.10062, 0, 0, 0, 0, 0, 0, 0, 0, 0, 0, 0, 0, 0, 0
1.59, 2025-06-05__13-49-00.946269, -0.00425262, -0.603779, -0.00781197, -2.28922, -0.0193168, 1.71955, 0.67435, -0.00127503, -0.000701551, 0.000328085, -0.00118744, -0.000353585, -0.000238655, 0.000476538, -0.134965, 0.0822985, -0.214283, -0.0158392, -0.0140553, 0.00102602, -0.103143, 0, 0, 0, 0, 0, 0, 0, 0, 0, 0, 0, 0, 0, 0
1.6, 2025-06-05__13-49-00.956268, -0.00424729, -0.603776, -0.00781448, -2.28922, -0.0193186, 1.71955, 0.674351, 0.00166763, 0.000804339, -8.0111e-05, -0.000904666, 0.000147635, 9.64548e-05, 3.82617e-06, -0.166449, 0.0349358, -0.245717, 0.00168521, -0.017955, 0.000639538, -0.101626, 0, 0, 0, 0, 0, 0, 0, 0, 0, 0, 0, 0, 0, 0
1.61, 2025-06-05__13-49-00.966266, -0.00425171, -0.603781, -0.00781448, -2.28921, -0.0193197, 1.71955, 0.67435, -0.000911818, -0.00127859, 0.000261698, 0.000367154, -5.26049e-05, 5.14112e-05, 0.000668586, -0.138204, 0.129089, -0.217251, -0.05892, -0.0159726, -0.00522409, -0.103781, 0, 0, 0, 0, 0, 0, 0, 0, 0, 0, 0, 0, 0, 0
1.62, 2025-06-05__13-49-00.976267, -0.00424978, -0.603779, -0.00781235, -2.28921, -0.0193154, 1.71954, 0.67435, 0.00253902, -0.00019581, 0.000162391, 0.00476877, 0.000319355, -0.000408461, 0.00103179, -0.179729, 0.158504, -0.26198, -0.125138, -0.0223668, -0.0132167, -0.104796, 0, 0, 0, 0, 0, 0, 0, 0, 0, 0, 0, 0, 0, 0
1.63, 2025-06-05__13-49-00.986269, -0.00425167, -0.603779, -0.00781235, -2.28922, -0.0193161, 1.71955, 0.674349, -0.000117435, -0.000694807, -0.000222759, -0.000838517, -0.000227014, 1.52036e-05, -0.000186641, -0.141928, 0.0875429, -0.21839, -0.0231511, -0.0151766, -0.000852849, -0.101063, 0, 0, 0, 0, 0, 0, 0, 0, 0, 0, 0, 0, 0, 0
1.64, 2025-06-05__13-49-00.996268, -0.00424878, -0.603781, -0.00781341, -2.28922, -0.0193158, 1.71955, 0.674346, 0.000164406, -0.000470222, -4.48283e-05, 0.000421385, 0.00017882, -0.000137992, -0.000519763, -0.148342, 0.100228, -0.226339, -0.0442152, -0.0175027, -0.00333242, -0.0999191, 0, 0, 0, 0, 0, 0, 0, 0, 0, 0, 0, 0, 0, 0
1.65, 2025-06-05__13-49-01.006268, -0.00424629, -0.603779, -0.00781415, -2.28921, -0.0193155, 1.71955, 0.674342, 0.00112417, 1.86872e-05, -0.000783597, 4.68812e-05, 0.000142707, 0.000194287, -0.000353243, -0.150377, 0.0794771, -0.223625, -0.0328434, -0.0173998, -0.00345701, -0.100236, 0, 0, 0, 0, 0, 0, 0, 0, 0, 0, 0, 0, 0, 0
1.66, 2025-06-05__13-49-01.016270, -0.00425156, -0.603778, -0.00780816, -2.28922, -0.0193161, 1.71955, 0.674349, -0.000812154, -0.000947767, 0.00205791, -0.00189723, -4.02764e-05, -0.000181817, 0.00152339, -0.165587, 0.0801159, -0.259788, -0.00538705, -0.0173106, 0.00225597, -0.106159, 0, 0, 0, 0, 0, 0, 0, 0, 0, 0, 0, 0, 0, 0
1.67, 2025-06-05__13-49-01.026268, -0.00424415, -0.603778, -0.00781341, -2.28921, -0.0193161, 1.71955, 0.674349, 0.00715697, 0.000214742, -0.000124877, 0.000259675, 6.18623e-05, -0.000118583, 6.60563e-05, -0.233962, 0.075921, -0.320347, -0.0317569, -0.0238192, -0.00282754, -0.10146, 0, 0, 0, 0, 0, 0, 0, 0, 0, 0, 0, 0, 0, 0
1.68, 2025-06-05__13-49-01.036270, -0.0042543, -0.603776, -0.00781093, -2.28921, -0.0193167, 1.71955, 0.674347, -0.0018718, -2.83557e-05, 0.000959674, 0.000140309, -0.000397564, 9.43095e-05, -9.79371e-05, -0.135852, 0.0813, -0.219069, -0.0342265, -0.0144018, -0.00334151, -0.101262, 0, 0, 0, 0, 0, 0, 0, 0, 0, 0, 0, 0, 0, 0
1.69, 2025-06-05__13-49-01.046270, -0.00424626, -0.60378, -0.00781406, -2.28922, -0.019316, 1.71955, 0.674349, 0.000906165, -0.000840396, -0.000980459, -0.00165846, -3.50472e-05, -0.000175226, 0.000711577, -0.145128, 0.0800069, -0.217001, -0.00937099, -0.0158435, 0.00184908, -0.103796, 0, 0, 0, 0, 0, 0, 0, 0, 0, 0, 0, 0, 0, 0
1.7, 2025-06-05__13-49-01.056271, -0.00424629, -0.603778, -0.00781406, -2.28922, -0.0193192, 1.71955, 0.674346, 0.000894619, 0.000214482, -0.000884371, -0.000539367, -0.000281979, -0.000217139, 0.000194291, -0.145785, 0.0605614, -0.217898, -0.0141913, -0.0151582, 0.000288578, -0.102062, 0, 0, 0, 0, 0, 0, 0, 0, 0, 0, 0, 0, 0, 0
1.71, 2025-06-05__13-49-01.066271, -0.00424904, -0.603773, -0.00780878, -2.28922, -0.0193186, 1.71955, 0.674349, -0.00189595, 0.00182439, 0.00320428, -0.00107679, 0.00018349, 8.36456e-05, 0.000899021, -0.168125, -0.00235108, -0.268883, 0.0216062, -0.0178943, 0.00220389, -0.104219, 0, 0, 0, 0, 0, 0, 0, 0, 0, 0, 0, 0, 0, 0
1.72, 2025-06-05__13-49-01.076270, -0.00425478, -0.603776, -0.00780351, -2.28921, -0.0193149, 1.71955, 0.674344, -0.00703657, 0.000691271, 0.00758505, 0.000574443, 0.000253844, -0.000358691, -0.000200221, -0.164509, 0.0657581, -0.293783, -0.0297546, -0.0187664, -0.00215237, -0.100655, 0, 0, 0, 0, 0, 0, 0, 0, 0, 0, 0, 0, 0, 0
1.73, 2025-06-05__13-49-01.086269, -0.00424885, -0.603775, -0.00780599, -2.28921, -0.0193155, 1.71955, 0.67434, 0.000220799, 0.00111688, 0.00232065, 0.00184212, 0.000119639, -0.000349486, -0.000209243, -0.182336, 0.0686046, -0.279177, -0.0477564, -0.0203188, -0.00492336, -0.100424, 0, 0, 0, 0, 0, 0, 0, 0, 0, 0, 0, 0, 0, 0
1.74, 2025-06-05__13-49-01.096270, -0.00425118, -0.603778, -0.00781131, -2.28921, -0.0193148, 1.71955, 0.674344, -0.00440581, -0.000972127, -0.000222761, 0.000565928, 0.000446957, 0.000326296, 0.000164935, -0.089904, 0.120317, -0.160839, -0.0589983, -0.0140183, -0.00624994, -0.102215, 0, 0, 0, 0, 0, 0, 0, 0, 0, 0, 0, 0, 0, 0
1.75, 2025-06-05__13-49-01.106269, -0.00425161, -0.603778, -0.00781128, -2.28922, -0.0193161, 1.71955, 0.674344, -0.00628608, 2.98611e-05, 0.000463034, -0.000349513, -9.46135e-05, 0.000439599, 0.000331944, -0.0755865, 0.0705499, -0.149182, -0.0232756, -0.0104006, -0.00280183, -0.102717, 0, 0, 0, 0, 0, 0, 0, 0, 0, 0, 0, 0, 0, 0
1.76, 2025-06-05__13-49-01.116270, -0.00424591, -0.603778, -0.00781102, -2.28922, -0.0193167, 1.71955, 0.674339, 0.00474994, -0.000227604, 0.000117522, -0.000948664, -0.000147625, 9.18715e-05, -0.00336792, -0.208034, 0.0701497, -0.293751, -0.0129335, -0.0203385, -0.000457881, -0.0905784, 0, 0, 0, 0, 0, 0, 0, 0, 0, 0, 0, 0, 0, 0
1.77, 2025-06-05__13-49-01.126269, -0.00425165, -0.603779, -0.00780877, -2.28921, -0.0193154, 1.71955, 0.67434, -0.00280342, -0.00101747, 0.000425347, 0.000541587, 0.000139413, 4.8286e-05, -0.00186901, -0.118683, 0.121955, -0.197148, -0.0581202, -0.0151293, -0.0052354, -0.0956553, 0, 0, 0, 0, 0, 0, 0, 0, 0, 0, 0, 0, 0, 0
1.78, 2025-06-05__13-49-01.136271, -0.00424406, -0.603776, -0.00780887, -2.28921, -0.0193155, 1.71955, 0.674342, 0.00081784, 0.00175482, -1.43497e-05, 8.6734e-05, 0.000150968, -7.79636e-05, -0.000124037, -0.158448, 0.020242, -0.237401, -0.00552756, -0.0177715, -0.000585159, -0.100864, 0, 0, 0, 0, 0, 0, 0, 0, 0, 0, 0, 0, 0, 0
1.79, 2025-06-05__13-49-01.146269, -0.00424664, -0.603779, -0.0078082, -2.28921, -0.0193164, 1.71955, 0.674344, 0.000229124, -0.00044868, -3.69114e-05, -0.000309854, 0.00325905, 0.000344942, -0.000427217, -0.153815, 0.0907379, -0.232898, -0.0346238, -0.0278306, -0.00357584, -0.100256, 0, 0, 0, 0, 0, 0, 0, 0, 0, 0, 0, 0, 0, 0
1.8, 2025-06-05__13-49-01.156270, -0.00425155, -0.603777, -0.00780903, -2.28921, -0.0193155, 1.71955, 0.674344, 0.000544927, -0.000241165, -6.50258e-05, 0.000322685, 0.000325301, -0.00023469, -0.000346051, -0.153245, 0.0912567, -0.231947, -0.0405379, -0.0183722, -0.00278471, -0.10034, 0, 0, 0, 0, 0, 0, 0, 0, 0, 0, 0, 0, 0, 0
1.81, 2025-06-05__13-49-01.166270, -0.00424878, -0.603779, -0.00781032, -2.28922, -0.0193181, 1.71954, 0.674346, -0.00105086, 0.000696607, -0.000501206, -0.00262144, -0.000778159, -0.000300153, -0.000263156, -0.127216, 0.0127663, -0.200209, 0.0338343, -0.0111297, 0.00718087, -0.100659, 0, 0, 0, 0, 0, 0, 0, 0, 0, 0, 0, 0, 0, 0
1.82, 2025-06-05__13-49-01.176268, -0.00424877, -0.603778, -0.00780558, -2.28922, -0.019316, 1.71955, 0.674344, 0.000300936, 0.000260976, 0.00066808, -0.000707189, -6.52939e-06, 0.00013699, 0.000304803, -0.161249, 0.0575243, -0.245809, -0.0109434, -0.0173221, -0.000681598, -0.102247, 0, 0, 0, 0, 0, 0, 0, 0, 0, 0, 0, 0, 0, 0
1.83, 2025-06-05__13-49-01.186272, -0.00425156, -0.603781, -0.00780808, -2.28922, -0.019316, 1.71955, 0.67434, -0.000976764, -0.000219268, 0.00040715, -0.00522411, 1.98245e-05, -3.82842e-05, 0.00118207, -0.141669, 0.00581497, -0.222787, 0.0685649, -0.0141545, 0.0112533, -0.10475, 0, 0, 0, 0, 0, 0, 0, 0, 0, 0, 0, 0, 0, 0
1.84, 2025-06-05__13-49-01.196270, -0.00424437, -0.603781, -0.00781022, -2.28921, -0.019316, 1.71955, 0.674338, -0.00221598, -0.00111902, -0.00627539, 0.000852584, -2.0679e-05, 1.18948e-05, 6.0585e-05, -0.0353799, 0.128415, -0.0617309, -0.0676934, -0.00841612, -0.00568258, -0.101885, 0, 0, 0, 0, 0, 0, 0, 0, 0, 0, 0, 0, 0, 0
1.85, 2025-06-05__13-49-01.206272, -0.00425304, -0.603779, -0.00781308, -2.28921, -0.0193154, 1.71955, 0.674344, -0.00120645, -0.000475924, -0.0019465, 0.000154593, 0.000228633, 0.000109427, 0.00123263, -0.10484, 0.0970824, -0.165986, -0.0430176, -0.0143255, -0.00382557, -0.105399, 0, 0, 0, 0, 0, 0, 0, 0, 0, 0, 0, 0, 0, 0
1.86, 2025-06-05__13-49-01.216270, -0.0042463, -0.603779, -0.00780333, -2.28922, -0.019316, 1.71955, 0.674342, 0.000725128, -5.41851e-05, 0.00128916, 0.00012823, 5.8254e-06, 0.000279532, 0.000142918, -0.175759, 0.0818318, -0.266121, -0.0322751, -0.0188806, -0.00383439, -0.101617, 0, 0, 0, 0, 0, 0, 0, 0, 0, 0, 0, 0, 0, 0
1.87, 2025-06-05__13-49-01.226267, -0.00424795, -0.603774, -0.00780781, -2.28922, -0.0193167, 1.71955, 0.674342, 0.000100343, 0.00139795, 0.000108728, -0.000438168, -0.000150365, -0.000166495, 0.000746991, -0.150558, 0.0207888, -0.229732, 0.0027908, -0.0159156, 0.00115195, -0.103533, 0, 0, 0, 0, 0, 0, 0, 0, 0, 0, 0, 0, 0, 0
1.88, 2025-06-05__13-49-01.236272, -0.00424876, -0.603781, -0.00780523, -2.28921, -0.0193171, 1.71954, 0.67434, 0.000351159, -0.000485779, -0.000408546, 0.000755783, -0.000244227, -0.000227793, -0.00115509, -0.146882, 0.107711, -0.22315, -0.0530427, -0.0160981, -0.00366638, -0.0976888, 0, 0, 0, 0, 0, 0, 0, 0, 0, 0, 0, 0, 0, 0
1.89, 2025-06-05__13-49-01.246269, -0.00424663, -0.603774, -0.00780712, -2.28922, -0.019316, 1.71954, 0.67434, 0.000101762, 0.00215977, -0.000192691, -0.000613975, 0.00157249, -0.000147155, 0.000242855, -0.148556, -0.00746597, -0.225351, 0.0174182, -0.0212651, 0.00303076, -0.101991, 0, 0, 0, 0, 0, 0, 0, 0, 0, 0, 0, 0, 0, 0
1.9, 2025-06-05__13-49-01.256271, -0.00424877, -0.603777, -0.00780585, -2.28922, -0.019316, 1.71955, 0.674341, 0.000627391, -0.000173903, -0.000417195, -0.000913363, 3.80411e-05, -0.000134489, 0.000187556, -0.15053, 0.0677765, -0.227092, -0.0129101, -0.0166378, 0.000513387, -0.101806, 0, 0, 0, 0, 0, 0, 0, 0, 0, 0, 0, 0, 0, 0
1.91, 2025-06-05__13-49-01.266272, -0.00425185, -0.603776, -0.00780863, -2.28922, -0.0193167, 1.71955, 0.674341, -0.00166372, 0.00041709, -0.000934255, -0.000363737, -0.000241809, 0.000189807, -0.000855713, -0.113815, 0.0557222, -0.182638, -0.0155162, -0.0128281, -0.00138303, -0.0987715, 0, 0, 0, 0, 0, 0, 0, 0, 0, 0, 0, 0, 0, 0
1.92, 2025-06-05__13-49-01.276269, -0.00424335, -0.603778, -0.00780239, -2.28922, -0.0193155, 1.71955, 0.674341, 0.000592663, 0.00021743, -0.000122841, -0.000850988, 0.000347704, 9.25512e-05, 0.000656681, -0.15608, 0.0565349, -0.235322, -0.00899798, -0.0180975, -0.000143917, -0.103232, 0, 0, 0, 0, 0, 0, 0, 0, 0, 0, 0, 0, 0, 0
1.93, 2025-06-05__13-49-01.286272, -0.00425121, -0.603774, -0.00780713, -2.28922, -0.019316, 1.71955, 0.674341, -0.00189254, 0.000638745, 0.000631486, 0.000621273, -0.000126647, 0.000402892, 5.61133e-05, -0.132661, 0.0632046, -0.213529, -0.0309683, -0.0150973, -0.004615, -0.101492, 0, 0, 0, 0, 0, 0, 0, 0, 0, 0, 0, 0, 0, 0
1.94, 2025-06-05__13-49-01.296270, -0.00425082, -0.603776, -0.00780794, -2.28922, -0.0193167, 1.71954, 0.674337, -0.000620057, 0.000753182, -0.000552122, -0.000729238, -0.00026199, -0.00020526, -0.000418604, -0.132173, 0.0384658, -0.205383, -0.00161784, -0.0140377, 0.00199342, -0.0998174, 0, 0, 0, 0, 0, 0, 0, 0, 0, 0, 0, 0, 0, 0
1.95, 2025-06-05__13-49-01.306276, -0.00424648, -0.603778, -0.00781364, -2.28921, -0.0193154, 1.71954, 0.674344, -0.00244161, -0.000130458, -0.00141769, 0.000275576, -0.00692872, 9.86946e-05, 0.000323892, -0.0909345, 0.0854936, -0.154041, -0.036619, 0.010514, -0.00326592, -0.102265, 0, 0, 0, 0, 0, 0, 0, 0, 0, 0, 0, 0, 0, 0
1.96, 2025-06-05__13-49-01.316270, -0.00424552, -0.603778, -0.00780767, -2.28921, -0.0193146, 1.71955, 0.674341, 0.00150229, -0.000412198, -0.00029581, -6.27563e-05, -2.95382e-05, 0.00021482, -0.000306677, -0.163028, 0.0920385, -0.241542, -0.0368488, -0.0178908, -0.00376566, -0.100267, 0, 0, 0, 0, 0, 0, 0, 0, 0, 0, 0, 0, 0, 0
1.97, 2025-06-05__13-49-01.326271, -0.00424308, -0.603781, -0.00780418, -2.28921, -0.0193151, 1.71954, 0.674342, 0.000633839, -0.000627516, -0.000171422, 7.86206e-05, 9.28323e-05, 3.10891e-05, -0.000370727, -0.155295, 0.102621, -0.234183, -0.0428191, -0.0177588, -0.00310107, -0.100156, 0, 0, 0, 0, 0, 0, 0, 0, 0, 0, 0, 0, 0, 0
1.98, 2025-06-05__13-49-01.336271, -0.00425312, -0.603779, -0.00780489, -2.28922, -0.019316, 1.71955, 0.674336, -0.00183026, 0.000548349, -5.8306e-05, -0.000283507, -0.000140299, -0.000239371, -0.000821099, -0.124305, 0.0539584, -0.200191, -0.0144576, -0.0140303, 0.000123748, -0.0985921, 0, 0, 0, 0, 0, 0, 0, 0, 0, 0, 0, 0, 0, 0
1.99, 2025-06-05__13-49-01.346272, -0.00424876, -0.603779, -0.00780262, -2.28921, -0.0193154, 1.71954, 0.674339, 0.000305874, -0.000642627, 0.000379744, 0.000732983, 0.000424239, -0.000186557, 7.45517e-06, -0.158227, 0.112143, -0.241039, -0.0547337, -0.0193441, -0.00396582, -0.101184, 0, 0, 0, 0, 0, 0, 0, 0, 0, 0, 0, 0, 0, 0
2, 2025-06-05__13-49-01.356269, -0.00424869, -0.603781, -0.00780489, -2.28921, -0.019316, 1.71955, 0.674341, -0.000569388, -0.000932247, -0.000415628, -0.00372038, -0.000157769, 6.832e-05, 0.000575628, -0.1363, 0.0548324, -0.211967, 0.0253515, -0.0139285, 0.00577965, -0.103007, 0, 0, 0, 0, 0, 0, 0, 0, 0, 0, 0, 0, 0, 0
2.01, 2025-06-05__13-49-01.366271, -0.0042456, -0.603776, -0.0077996, -2.28921, -0.0193154, 1.71955, 0.674339, -0.000192173, 0.00105819, 0.00130348, 0.000984308, 0.00019259, -0.000566009, 0.000501333, -0.165473, 0.0573711, -0.254677, -0.0320667, -0.0189596, -0.00186403, -0.102616, 0, 0, 0, 0, 0, 0, 0, 0, 0, 0, 0, 0, 0, 0
2.02, 2025-06-05__13-49-01.376269, -0.00424629, -0.603777, -0.00780767, -2.28922, -0.0193148, 1.71955, 0.674336, -0.000532033, -9.74221e-05, -0.000904944, 0.000378344, 0.00051511, 0.000248225, -0.00102305, -0.130062, 0.0851485, -0.200992, -0.0382151, -0.0170949, -0.00415172, -0.0980273, 0, 0, 0, 0, 0, 0, 0, 0, 0, 0, 0, 0, 0, 0
2.03, 2025-06-05__13-49-01.386272, -0.00424629, -0.603781, -0.00780481, -2.28922, -0.0193167, 1.71955, 0.674336, 0.00046698, -0.000928564, -0.000111725, 0.000322753, -0.000358082, 0.000296336, -9.55103e-05, -0.152876, 0.114561, -0.231946, -0.0501574, -0.0160847, -0.00530674, -0.10072, 0, 0, 0, 0, 0, 0, 0, 0, 0, 0, 0, 0, 0, 0
2.04, 2025-06-05__13-49-01.396269, -0.0042494, -0.603781, -0.00780767, -2.28922, -0.019316, 1.71955, 0.674343, -0.000312093, -0.00138252, -6.06654e-05, -0.000870502, 0.000152049, 0.000192423, 0.00108528, -0.14348, 0.111545, -0.221827, -0.0340955, -0.0167232, -0.00227568, -0.104704, 0, 0, 0, 0, 0, 0, 0, 0, 0, 0, 0, 0, 0, 0
2.05, 2025-06-05__13-49-01.406274, -0.00424581, -0.603777, -0.00780489, -2.28922, -0.0193144, 1.71955, 0.674342, 0.000143922, 0.00039531, 0.000749926, -0.00122347, 0.000114952, 0.000451197, -0.000153022, -0.161371, 0.045015, -0.24654, 0.000465121, -0.0175368, -0.000382049, -0.100756, 0, 0, 0, 0, 0, 0, 0, 0, 0, 0, 0, 0, 0, 0
2.06, 2025-06-05__13-49-01.416271, -0.00424561, -0.603781, -0.00780238, -2.28922, -0.0193167, 1.71955, 0.674335, 0.000433634, -0.000910853, 0.00113901, -0.00101675, -0.000231989, 0.000499692, -0.000872572, -0.170508, 0.0942611, -0.259859, -0.0241985, -0.0172618, -0.00264802, -0.0981938, 0, 0, 0, 0, 0, 0, 0, 0, 0, 0, 0, 0, 0, 0
2.07, 2025-06-05__13-49-01.426272, -0.00424869, -0.603772, -0.00780238, -2.28921, -0.0193154, 1.71955, 0.67434, 5.2782e-05, 0.00229012, 0.000443978, -0.000245137, 0.000219204, 0.000216292, -0.000507461, -0.155864, -0.00433349, -0.237952, 0.00921326, -0.0175091, -0.000205139, -0.0996001, 0, 0, 0, 0, 0, 0, 0, 0, 0, 0, 0, 0, 0, 0
2.08, 2025-06-05__13-49-01.436272, -0.00424647, -0.603776, -0.00780489, -2.28922, -0.019316, 1.71954, 0.674344, 0.00542817, 0.00146968, 9.56214e-05, -0.00074183, 1.12797e-05, 0.000184306, 4.02941e-05, -0.21707, 0.0153322, -0.303567, 0.00958109, -0.0215997, 0.0010385, -0.101181, 0, 0, 0, 0, 0, 0, 0, 0, 0, 0, 0, 0, 0, 0
2.09, 2025-06-05__13-49-01.446269, -0.00424603, -0.603779, -0.00780767, -2.28922, -0.0193154, 1.71955, 0.674339, 0.00112107, -0.00101082, -0.00120449, -0.000848398, 0.000131319, 0.000607036, -0.000518207, -0.146223, 0.0984405, -0.217398, -0.0294982, -0.0167739, -0.00344859, -0.0996162, 0, 0, 0, 0, 0, 0, 0, 0, 0, 0, 0, 0, 0, 0
2.1, 2025-06-05__13-49-01.456271, -0.00424544, -0.603776, -0.00780238, -2.28921, -0.0193112, 1.71955, 0.674336, 0.000646494, 0.000740983, 0.00104251, -0.000340026, 0.000119588, -0.000163689, 8.45989e-05, -0.171959, 0.0481725, -0.26015, -0.0122723, -0.0189281, -0.000326288, -0.101164, 0, 0, 0, 0, 0, 0, 0, 0, 0, 0, 0, 0, 0, 0
2.11, 2025-06-05__13-49-01.466271, -0.00424315, -0.603781, -0.00780767, -2.28922, -0.019316, 1.71955, 0.674335, 0.00080115, -0.000610239, -0.00127959, -0.000629621, -7.52421e-05, -0.000151062, -0.000742199, -0.141515, 0.0883984, -0.21155, -0.0260658, -0.0157192, -0.000643507, -0.0987399, 0, 0, 0, 0, 0, 0, 0, 0, 0, 0, 0, 0, 0, 0
2.12, 2025-06-05__13-49-01.476269, -0.0042457, -0.603784, -0.00780702, -2.28922, -0.0193154, 1.71955, 0.674341, 2.86536e-06, -0.00201331, -0.00666534, -0.00149185, 0.000299545, 0.000380885, 0.000420698, -0.0585481, 0.12236, -0.0857094, -0.0346226, -0.0105124, -0.00170325, -0.103016, 0, 0, 0, 0, 0, 0, 0, 0, 0, 0, 0, 0, 0, 0
2.13, 2025-06-05__13-49-01.486272, -0.00424839, -0.603778, -0.00780207, -2.28922, -0.0193154, 1.71954, 0.67434, -0.000627944, 0.000308467, 0.00054926, -0.00610594, 0.000243732, 6.10364e-05, 0.000711484, -0.150067, -0.026809, -0.233456, 0.0945469, -0.0151002, 0.0143695, -0.103258, 0, 0, 0, 0, 0, 0, 0, 0, 0, 0, 0, 0, 0, 0
2.14, 2025-06-05__13-49-01.496270, -0.00425324, -0.603779, -0.00780696, -2.28921, -0.019316, 1.71955, 0.674336, -0.00172813, -0.000681649, -0.000853884, 0.00216214, 4.28898e-05, -0.000228326, -0.000627773, -0.114114, 0.13467, -0.18377, -0.0837699, -0.0151362, -0.00799724, -0.0993155, 0, 0, 0, 0, 0, 0, 0, 0, 0, 0, 0, 0, 0, 0
2.15, 2025-06-05__13-49-01.506271, -0.00424618, -0.603775, -0.00780744, -2.28921, -0.019316, 1.71955, 0.674336, 0.00118587, 0.000936793, -0.000781992, 0.00149208, -4.56596e-05, 4.41511e-05, -0.000336577, -0.152069, 0.0685145, -0.2257, -0.0453572, -0.0173063, -0.00557509, -0.100003, 0, 0, 0, 0, 0, 0, 0, 0, 0, 0, 0, 0, 0, 0
2.16, 2025-06-05__13-49-01.516268, -0.00425096, -0.603774, -0.00780276, -2.28922, -0.0193167, 1.71954, 0.674341, -0.00187696, 0.000478393, 9.07352e-05, -0.0026068, -0.000393692, 2.36004e-05, -0.000109867, -0.126666, 0.0184665, -0.204176, 0.0304076, -0.0124299, 0.0057165, -0.100926, 0, 0, 0, 0, 0, 0, 0, 0, 0, 0, 0, 0, 0, 0
2.17, 2025-06-05__13-49-01.526267, -0.00424931, -0.603777, -0.0078048, -2.28922, -0.0193154, 1.71954, 0.674336, -0.000236697, 0.000500685, 0.00025653, 0.000141045, 5.24949e-05, -0.000236112, -0.000962418, -0.149059, 0.0611373, -0.229581, -0.0222901, -0.0168292, -0.000501836, -0.0980667, 0, 0, 0, 0, 0, 0, 0, 0, 0, 0, 0, 0, 0, 0
2.18, 2025-06-05__13-49-01.536271, -0.00424402, -0.603777, -0.00780238, -2.28921, -0.019316, 1.71955, 0.674336, 0.00147495, 0.000621408, 0.000782381, 0.00208148, -0.000134992, 0.000313611, 4.53111e-05, -0.178196, 0.090096, -0.265233, -0.0622256, -0.0193522, -0.00867001, -0.101061, 0, 0, 0, 0, 0, 0, 0, 0, 0, 0, 0, 0, 0, 0
2.19, 2025-06-05__13-49-01.546270, -0.00424774, -0.603776, -0.00780167, -2.28921, -0.019316, 1.71954, 0.674336, 0.00012855, 0.00116615, 0.000926693, 4.86337e-05, 0.000177693, -2.34068e-05, -0.000520664, -0.163658, 0.0397178, -0.250115, -0.0133701, -0.0182772, -0.00079538, -0.0993504, 0, 0, 0, 0, 0, 0, 0, 0, 0, 0, 0, 0, 0, 0
2.2, 2025-06-05__13-49-01.556269, -0.00424629, -0.603787, -0.00780456, -2.28921, -0.0193154, 1.71955, 0.674334, 0.00137493, -0.00280512, -0.000408561, 0.000479182, 8.4451e-05, -0.000207826, -0.00154097, -0.160643, 0.184791, -0.239276, -0.0848926, -0.0186339, -0.00628464, -0.0962265, 0, 0, 0, 0, 0, 0, 0, 0, 0, 0, 0, 0, 0, 0
2.21, 2025-06-05__13-49-01.566270, -0.00424844, -0.603779, -0.00780544, -2.28921, -0.019316, 1.71954, 0.674339, -0.0002522, -0.00043908, -0.00110338, 0.000538261, -0.000125373, -0.000156927, -0.000173871, -0.130123, 0.101608, -0.200095, -0.0482013, -0.0151849, -0.00324067, -0.100727, 0, 0, 0, 0, 0, 0, 0, 0, 0, 0, 0, 0, 0, 0
2.22, 2025-06-05__13-49-01.576269, -0.00424559, -0.603779, -0.00780551, -2.28921, -0.019316, 1.71954, 0.674337, -0.000251747, 0.000218896, -0.000983883, -0.00350926, -0.000189157, 0.000280433, -0.000351056, -0.132833, 0.0181902, -0.204012, 0.0390823, -0.0133928, 0.00633442, -0.0999952, 0, 0, 0, 0, 0, 0, 0, 0, 0, 0, 0, 0, 0, 0
2.23, 2025-06-05__13-49-01.586270, -0.00424836, -0.603777, -0.00780554, -2.28921, -0.019316, 1.71955, 0.674336, -0.00176891, -0.000241809, -0.000595562, 0.00194749, 7.21619e-07, -0.000398746, -0.00052638, -0.118274, 0.115518, -0.190029, -0.0719028, -0.0151603, -0.00627751, -0.0995881, 0, 0, 0, 0, 0, 0, 0, 0, 0, 0, 0, 0, 0, 0
2.24, 2025-06-05__13-49-01.596268, -0.00424416, -0.603777, -0.00780385, -2.28922, -0.0193154, 1.71954, 0.674335, 0.00658746, -0.000330016, 0.000235418, -0.000794463, 0.00012438, 0.000134996, -0.000337521, -0.234144, 0.0756266, -0.324078, -0.0167954, -0.0236203, -0.000672863, -0.0995681, 0, 0, 0, 0, 0, 0, 0, 0, 0, 0, 0, 0, 0, 0
2.25, 2025-06-05__13-49-01.606271, -0.00425084, -0.603781, -0.00780238, -2.28922, -0.019316, 1.71955, 0.674341, -0.000244439, -0.000679524, 0.00136573, -0.000163912, -4.35711e-05, 0.000255375, 0.00171018, -0.164181, 0.0993593, -0.254123, -0.036722, -0.0178749, -0.00370395, -0.106415, 0, 0, 0, 0, 0, 0, 0, 0, 0, 0, 0, 0, 0, 0
2.26, 2025-06-05__13-49-01.616269, -0.00424871, -0.603773, -0.00779936, -2.28922, -0.0193144, 1.71955, 0.67434, 0.00277962, 0.00156221, 0.00160946, -0.000511402, 7.79161e-05, 0.000632707, 0.000650991, -0.205849, 0.0153928, -0.301354, 0.00561274, -0.0210411, -0.00175986, -0.10292, 0, 0, 0, 0, 0, 0, 0, 0, 0, 0, 0, 0, 0, 0
2.27, 2025-06-05__13-49-01.626266, -0.00424411, -0.603779, -0.00780481, -2.28921, -0.0193135, 1.71954, 0.674339, 0.00393603, 0.000354343, -0.000320803, 0.000237833, -0.000282645, -0.000145929, -0.000133427, -0.19313, 0.0709205, -0.274691, -0.0293689, -0.0195182, -0.00182662, -0.100546, 0, 0, 0, 0, 0, 0, 0, 0, 0, 0, 0, 0, 0, 0
2.28, 2025-06-05__13-49-01.636271, -0.0042431, -0.603779, -0.00780477, -2.28921, -0.019316, 1.71954, 0.674339, 0.00124438, -0.000618113, 0.000728451, 0.000662947, -5.78099e-05, 0.000202629, -0.000220933, -0.174686, 0.110779, -0.261317, -0.0535739, -0.0189639, -0.00533466, -0.10039, 0, 0, 0, 0, 0, 0, 0, 0, 0, 0, 0, 0, 0, 0
2.29, 2025-06-05__13-49-01.646267, -0.00424837, -0.603774, -0.00780521, -2.28922, -0.0193154, 1.71954, 0.674337, -0.00118708, 0.000336283, -0.000950692, -0.00116834, 0.000281028, -8.39317e-05, -0.00041942, -0.121425, 0.0448221, -0.191342, 0.000250016, -0.0149371, 0.00229463, -0.0998958, 0, 0, 0, 0, 0, 0, 0, 0, 0, 0, 0, 0, 0, 0
2.3, 2025-06-05__13-49-01.656272, -0.00425073, -0.603774, -0.00780178, -2.28922, -0.0193142, 1.71955, 0.674338, -0.000718037, 0.00099381, -0.000502336, 0.00296826, 0.000305079, -0.000134962, -0.000853108, -0.13294, 0.0862365, -0.206713, -0.0698032, -0.0175291, -0.00819377, -0.0986381, 0, 0, 0, 0, 0, 0, 0, 0, 0, 0, 0, 0, 0, 0
2.31, 2025-06-05__13-49-01.666271, -0.00425082, -0.603776, -0.00780454, -2.28922, -0.0193163, 1.71954, 0.674341, -0.000224429, -9.39226e-05, 0.000597663, -0.00167768, -0.000291089, -0.000231156, -0.000161055, -0.153559, 0.052937, -0.237141, 0.0042446, -0.0154009, 0.00353527, -0.100677, 0, 0, 0, 0, 0, 0, 0, 0, 0, 0, 0, 0, 0, 0
2.32, 2025-06-05__13-49-01.676269, -0.00424774, -0.603779, -0.00779877, -2.28922, -0.0193147, 1.71954, 0.67434, 0.00032775, 0.000838172, 0.00194791, -0.00072006, 0.000465187, 0.000178313, 6.07277e-05, -0.181053, 0.0389529, -0.276411, -0.00164039, -0.0203608, 0.000322844, -0.101236, 0, 0, 0, 0, 0, 0, 0, 0, 0, 0, 0, 0, 0, 0
2.33, 2025-06-05__13-49-01.686268, -0.00424308, -0.603779, -0.00780798, -2.28921, -0.0193164, 1.71954, 0.674339, 0.000613845, 0.000480115, -0.00167784, 0.00174965, -0.000300516, -0.000176092, -0.000270804, -0.133005, 0.0889666, -0.198936, -0.0574873, -0.0151672, -0.00530742, -0.100423, 0, 0, 0, 0, 0, 0, 0, 0, 0, 0, 0, 0, 0, 0
2.34, 2025-06-05__13-49-01.696269, -0.00424332, -0.603779, -0.00780449, -2.28921, -0.019316, 1.71954, 0.67434, 0.000824137, 0.00029859, -0.00105574, -0.000947662, 6.70035e-05, 0.000160095, 0.00215832, -0.145421, 0.0546296, -0.217292, -0.00893926, -0.0164242, 0.000128212, -0.107817, 0, 0, 0, 0, 0, 0, 0, 0, 0, 0, 0, 0, 0, 0
2.35, 2025-06-05__13-49-01.706270, -0.00424834, -0.603776, -0.00780801, -2.28922, -0.0193174, 1.71955, 0.674342, 0.00173507, 0.000868888, -0.00129355, -0.000305487, -0.00058892, -6.27614e-05, -1.29427e-05, -0.151079, 0.0411655, -0.221475, -0.00850546, -0.0146227, -0.000176188, -0.101206, 0, 0, 0, 0, 0, 0, 0, 0, 0, 0, 0, 0, 0, 0
2.36, 2025-06-05__13-49-01.716268, -0.00425335, -0.603779, -0.00780475, -2.28922, -0.019316, 1.71954, 0.674334, 0.00362212, -0.000846728, -0.000762142, -0.00220925, 4.21443e-05, 0.000126659, -0.000768831, -0.182376, 0.0717654, -0.260594, 0.00153439, -0.0187233, 0.00262681, -0.0984109, 0, 0, 0, 0, 0, 0, 0, 0, 0, 0, 0, 0, 0, 0
2.37, 2025-06-05__13-49-01.726268, -0.00424854, -0.603778, -0.00779888, -2.28921, -0.0193154, 1.71954, 0.674334, 0.00619697, 0.000211906, 0.00152593, 0.00201995, 0.000107714, 9.82746e-05, -0.00144332, -0.246664, 0.103654, -0.346279, -0.0656858, -0.0255776, -0.00773151, -0.0961231, 0, 0, 0, 0, 0, 0, 0, 0, 0, 0, 0, 0, 0, 0
2.38, 2025-06-05__13-49-01.736269, -0.00424405, -0.603779, -0.00780025, -2.28922, -0.0193154, 1.71955, 0.674339, 0.000689347, -0.00030492, 0.000143116, -0.000667462, 1.33551e-05, -0.000335876, -0.000136068, -0.160907, 0.0769834, -0.242752, -0.0193964, -0.0175047, 0.000438945, -0.100676, 0, 0, 0, 0, 0, 0, 0, 0, 0, 0, 0, 0, 0, 0
2.39, 2025-06-05__13-49-01.746267, -0.00424561, -0.603777, -0.00780474, -2.28922, -0.0193154, 1.71954, 0.67434, -0.000695766, -0.000306245, -0.00118154, 0.000113617, 6.74386e-05, 0.000163971, 0.00677717, -0.124183, 0.0877955, -0.193023, -0.0357391, -0.0155022, -0.00292949, -0.122067, 0, 0, 0, 0, 0, 0, 0, 0, 0, 0, 0, 0, 0, 0
2.4, 2025-06-05__13-49-01.756271, -0.00424567, -0.603781, -0.00780554, -2.28922, -0.0193167, 1.71954, 0.674336, 0.000943031, -0.00118734, -0.000810139, -0.00120627, -0.00039722, -0.000145335, -0.00064994, -0.149416, 0.0989831, -0.223768, -0.0230681, -0.0151063, 0.00073947, -0.0990046, 0, 0, 0, 0, 0, 0, 0, 0, 0, 0, 0, 0, 0, 0
2.41, 2025-06-05__13-49-01.766269, -0.00425167, -0.603778, -0.00780414, -2.28921, -0.0193159, 1.71954, 0.674339, -0.00111625, 0.00028858, 0.000149565, -6.77933e-05, -3.38318e-05, -1.41935e-05, 0.000392715, -0.136342, 0.0680259, -0.214959, -0.0253618, -0.0155986, -0.0014557, -0.102407, 0, 0, 0, 0, 0, 0, 0, 0, 0, 0, 0, 0, 0, 0
2.42, 2025-06-05__13-49-01.776270, -0.00424654, -0.603773, -0.00780527, -2.28921, -0.019316, 1.71955, 0.674339, 0.000740543, 0.00102304, -0.000880937, 0.000502528, -2.558e-05, 3.96229e-05, 0.000135423, -0.14576, 0.0494449, -0.218333, -0.0245328, -0.0164771, -0.00283789, -0.101592, 0, 0, 0, 0, 0, 0, 0, 0, 0, 0, 0, 0, 0, 0
2.43, 2025-06-05__13-49-01.786270, -0.00424908, -0.603776, -0.00780665, -2.28922, -0.0193121, 1.71954, 0.67434, -0.00103967, 0.000774632, -0.000741356, -0.000499299, 6.84861e-05, 0.000270025, 0.000857966, -0.125315, 0.0417783, -0.196662, -0.00727176, -0.0149701, -0.000425777, -0.103928, 0, 0, 0, 0, 0, 0, 0, 0, 0, 0, 0, 0, 0, 0
2.44, 2025-06-05__13-49-01.796267, -0.00424308, -0.603776, -0.00780695, -2.28921, -0.019316, 1.71954, 0.674336, -0.00111399, 0.000761648, -0.00109371, -0.000392997, -9.57157e-05, 0.00036404, -0.000782185, -0.120484, 0.0460263, -0.189026, -0.0126426, -0.0138698, -0.00142326, -0.0987459, 0, 0, 0, 0, 0, 0, 0, 0, 0, 0, 0, 0, 0, 0
2.45, 2025-06-05__13-49-01.806272, -0.0042486, -0.603779, -0.00780448, -2.28921, -0.0193154, 1.71955, 0.674335, -0.00018449, 0.000238219, -0.000801657, 0.00329118, 0.000215235, 0.000449276, -0.000316031, -0.135135, 0.121912, -0.207212, -0.0931306, -0.0177069, -0.0126292, -0.100164, 0, 0, 0, 0, 0, 0, 0, 0, 0, 0, 0, 0, 0, 0
2.46, 2025-06-05__13-49-01.816271, -0.00424884, -0.603779, -0.00780272, -2.28921, -0.0193147, 1.71955, 0.67434, 0.00298175, 0.000712982, 0.000599497, 0.00070111, 0.000359598, -0.000114957, 0.00472048, -0.193738, 0.0666422, -0.281262, -0.0335853, -0.0219967, -0.00345365, -0.115472, 0, 0, 0, 0, 0, 0, 0, 0, 0, 0, 0, 0, 0, 0
2.47, 2025-06-05__13-49-01.826267, -0.00424318, -0.603779, -0.00779945, -2.28921, -0.019316, 1.71954, 0.674337, 0.00154004, -0.000182151, 0.000476443, 0.00165298, -6.88439e-05, 6.05811e-05, -0.000728318, -0.175794, 0.111028, -0.261202, -0.0656827, -0.0193245, -0.00687156, -0.0987523, 0, 0, 0, 0, 0, 0, 0, 0, 0, 0, 0, 0, 0, 0
2.48, 2025-06-05__13-49-01.836266, -0.00424871, -0.603778, -0.00779649, -2.28921, -0.0193154, 1.71954, 0.67434, -0.00170779, -4.72896e-05, 0.000490024, 0.000303596, 7.07024e-05, 7.83855e-05, -0.00521582, -0.136183, 0.0851807, -0.217837, -0.0378132, -0.0158339, -0.00304993, -0.0853138, 0, 0, 0, 0, 0, 0, 0, 0, 0, 0, 0, 0, 0, 0
2.49, 2025-06-05__13-49-01.846265, -0.00424812, -0.603776, -0.00780169, -2.28922, -0.0193167, 1.71955, 0.674337, 0.00299316, 0.000602159, -1.21815e-05, -0.000537007, -0.000187948, 4.07891e-05, -0.000478663, -0.185835, 0.0474088, -0.268895, -0.00795796, -0.0186216, -0.000381581, -0.0994135, 0, 0, 0, 0, 0, 0, 0, 0, 0, 0, 0, 0, 0, 0
2.5, 2025-06-05__13-49-01.856267, -0.00425143, -0.603773, -0.00780169, -2.28921, -0.0193155, 1.71954, 0.674337, 0.000552892, 0.0012494, -0.000319481, 0.000427139, -0.000368889, -8.62559e-05, 0.000359056, -0.150576, 0.0405555, -0.227552, -0.0186467, -0.0156793, -0.00135991, -0.102129, 0, 0, 0, 0, 0, 0, 0, 0, 0, 0, 0, 0, 0, 0
2.51, 2025-06-05__13-49-01.866267, -0.00424915, -0.603775, -0.00780172, -2.28922, -0.0193154, 1.71954, 0.674337, -0.000368478, -0.000193825, -5.54028e-06, -0.00179856, 0.000167133, 6.96855e-05, 0.00039142, -0.144925, 0.0541343, -0.224004, 0.00413719, -0.0162759, 0.00262731, -0.102257, 0, 0, 0, 0, 0, 0, 0, 0, 0, 0, 0, 0, 0, 0
2.52, 2025-06-05__13-49-01.876269, -0.0042486, -0.603781, -0.00779919, -2.28921, -0.0193167, 1.71954, 0.674333, -0.000503789, -0.000663386, 0.000779237, 0.00118826, -7.66916e-05, 8.92174e-05, -0.000769757, -0.153913, 0.121135, -0.23917, -0.0648208, -0.017405, -0.0062794, -0.0985321, 0, 0, 0, 0, 0, 0, 0, 0, 0, 0, 0, 0, 0, 0
2.53, 2025-06-05__13-49-01.886269, -0.00424653, -0.60378, -0.0078017, -2.28922, -0.019316, 1.71955, 0.674339, 0.000175867, -0.000415037, -0.000149719, -0.00176436, -3.45992e-05, 0.000211485, 0.000992353, -0.14993, 0.0648856, -0.228724, -0.00168476, -0.0160749, 0.00104617, -0.104166, 0, 0, 0, 0, 0, 0, 0, 0, 0, 0, 0, 0, 0, 0
2.54, 2025-06-05__13-49-01.896266, -0.00425159, -0.603782, -0.00780449, -2.28921, -0.0193144, 1.71955, 0.674336, -0.00059427, -0.00521361, -0.000644681, 0.000754375, 6.94185e-05, -0.000103503, -0.00108268, -0.132308, 0.267338, -0.207158, -0.126525, -0.0169268, -0.0099074, -0.0978871, 0, 0, 0, 0, 0, 0, 0, 0, 0, 0, 0, 0, 0, 0
2.55, 2025-06-05__13-49-01.906270, -0.00424836, -0.603781, -0.00780471, -2.28922, -0.019316, 1.71954, 0.67434, -0.000584449, -0.00107541, -0.000658762, -0.00311886, -0.000109843, 0.000212695, 0.000233687, -0.132904, 0.0664409, -0.206669, 0.0143675, -0.0140138, 0.00449002, -0.101946, 0, 0, 0, 0, 0, 0, 0, 0, 0, 0, 0, 0, 0, 0
2.56, 2025-06-05__13-49-01.916268, -0.00424342, -0.603777, -0.00780457, -2.28921, -0.0193154, 1.71955, 0.674339, 0.000895692, 0.000348044, -0.00121898, 0.000233706, 0.00017587, 0.000216059, -0.000173132, -0.144099, 0.0701541, -0.214661, -0.0311496, -0.0170458, -0.0036092, -0.10068, 0, 0, 0, 0, 0, 0, 0, 0, 0, 0, 0, 0, 0, 0
2.57, 2025-06-05__13-49-01.926266, -0.00425073, -0.603779, -0.00780206, -2.28921, -0.0193154, 1.71955, 0.674334, -0.000291002, -0.000364983, 0.00138094, 0.000479072, 1.37118e-05, 3.89852e-05, 0.00488044, -0.163648, 0.0997116, -0.25344, -0.0463287, -0.0184947, -0.00461001, -0.115804, 0, 0, 0, 0, 0, 0, 0, 0, 0, 0, 0, 0, 0, 0
2.58, 2025-06-05__13-49-01.936268, -0.00425537, -0.603776, -0.00780477, -2.28921, -0.0193157, 1.71954, 0.674338, -0.000879545, 0.000848484, -0.000470294, 0.00749361, 5.30566e-05, -1.0408e-05, 0.000365045, -0.128856, 0.163459, -0.201751, -0.162825, -0.01831, -0.0205069, -0.102462, 0, 0, 0, 0, 0, 0, 0, 0, 0, 0, 0, 0, 0, 0
2.59, 2025-06-05__13-49-01.946267, -0.00424382, -0.603779, -0.00780173, -2.28921, -0.0193159, 1.71955, 0.674331, 0.001695, -0.000734064, -0.000378784, 0.00137067, 6.15928e-05, 0.000403149, -0.000497381, -0.165685, 0.125488, -0.244513, -0.0702029, -0.0189591, -0.0086094, -0.0992551, 0, 0, 0, 0, 0, 0, 0, 0, 0, 0, 0, 0, 0, 0
2.6, 2025-06-05__13-49-01.956268, -0.00424908, -0.603776, -0.00780727, -2.28922, -0.019316, 1.71954, 0.674334, -0.000538689, -0.000528768, -0.00218457, -0.000376801, -0.000175921, 0.000233495, -0.00119893, -0.111573, 0.0867836, -0.172566, -0.029594, -0.0130769, -0.00192881, -0.0974367, 0, 0, 0, 0, 0, 0, 0, 0, 0, 0, 0, 0, 0, 0
2.61, 2025-06-05__13-49-01.966268, -0.00424622, -0.603779, -0.00779919, -2.28921, -0.0193144, 1.71954, 0.674339, -0.00119818, -0.000818927, 0.000679124, 0.000183913, -0.000123769, 0.000392061, -0.000457931, -0.144587, 0.110273, -0.228341, -0.0482312, -0.0162499, -0.00495623, -0.0997899, 0, 0, 0, 0, 0, 0, 0, 0, 0, 0, 0, 0, 0, 0
2.62, 2025-06-05__13-49-01.976270, -0.00424332, -0.603779, -0.00780448, -2.28921, -0.0193153, 1.71955, 0.674334, 0.0039383, -0.000307181, -0.000411879, -0.00019238, 0.000140616, 9.01134e-05, 0.000235499, -0.192625, 0.0870545, -0.273833, -0.03234, -0.0207346, -0.00292893, -0.101479, 0, 0, 0, 0, 0, 0, 0, 0, 0, 0, 0, 0, 0, 0
2.63, 2025-06-05__13-49-01.986268, -0.0042512, -0.603776, -0.00780177, -2.28921, -0.0193143, 1.71954, 0.674335, -0.000567988, 0.00296212, 0.000123534, 0.000443248, 0.000200555, -0.000212238, -0.000334435, -0.143347, -0.0151959, -0.221814, 0.00656344, -0.0167135, 0.000968097, -0.0999499, 0, 0, 0, 0, 0, 0, 0, 0, 0, 0, 0, 0, 0, 0
2.64, 2025-06-05__13-49-01.996269, -0.00424939, -0.603781, -0.00779919, -2.28921, -0.0193167, 1.71954, 0.674332, -0.000634434, -0.00132399, 0.00110344, 0.00131209, -0.000377174, -8.92759e-05, -0.000403555, -0.156277, 0.14511, -0.244084, -0.0766653, -0.0167788, -0.00666679, -0.0995849, 0, 0, 0, 0, 0, 0, 0, 0, 0, 0, 0, 0, 0, 0
2.65, 2025-06-05__13-49-02.006267, -0.00424561, -0.603779, -0.00780453, -2.28921, -0.0193122, 1.71954, 0.674337, -0.00031586, -0.000214518, 0.000101136, 0.00193632, 0.000265245, -4.92694e-05, 0.000379675, -0.146633, 0.116108, -0.225984, -0.0719697, -0.0184989, -0.00713673, -0.102298, 0, 0, 0, 0, 0, 0, 0, 0, 0, 0, 0, 0, 0, 0
2.66, 2025-06-05__13-49-02.016267, -0.00424844, -0.603779, -0.00780169, -2.28921, -0.019316, 1.71954, 0.674338, -0.000479728, -1.64114e-05, -0.000229292, 0.000714124, -0.00306743, 0.00945096, 0.000393626, -0.137365, 0.100536, -0.214275, -0.0688459, -0.00577877, -0.0407781, -0.102405, 0, 0, 0, 0, 0, 0, 0, 0, 0, 0, 0, 0, 0, 0
2.67, 2025-06-05__13-49-02.026267, -0.0042484, -0.603776, -0.00780448, -2.28921, -0.019315, 1.71954, 0.674331, -0.00110811, 0.000872929, -0.00137767, 0.000303779, -0.000241408, 0.000636444, -0.000785085, -0.11598, 0.0530994, -0.182365, -0.0251577, -0.0133416, -0.00416177, -0.0985398, 0, 0, 0, 0, 0, 0, 0, 0, 0, 0, 0, 0, 0, 0
2.68, 2025-06-05__13-49-02.036268, -0.004253, -0.603779, -0.00780177, -2.28922, -0.0193119, 1.71954, 0.67433, -0.00536166, 0.000352829, 0.00023219, -0.000290446, 0.000338705, -0.000290498, -0.000193259, -0.085971, 0.0602256, -0.159968, -0.0174803, -0.0128233, 0.000812175, -0.10043, 0, 0, 0, 0, 0, 0, 0, 0, 0, 0, 0, 0, 0, 0
2.69, 2025-06-05__13-49-02.046268, -0.00424834, -0.603781, -0.00780448, -2.28921, -0.019316, 1.71954, 0.674335, -0.000675913, -0.000365089, -0.000549476, 0.00149721, 8.39647e-05, -0.000445416, 9.96125e-05, -0.132697, 0.114701, -0.206481, -0.0653335, -0.0164681, -0.00459169, -0.101388, 0, 0, 0, 0, 0, 0, 0, 0, 0, 0, 0, 0, 0, 0
2.7, 2025-06-05__13-49-02.056268, -0.00424771, -0.603779, -0.00780169, -2.28921, -0.0193156, 1.71955, 0.674339, -0.000142815, -0.000119756, 0.000415636, -6.47888e-06, -7.00095e-05, 0.000678362, 0.000130699, -0.153205, 0.0842994, -0.235733, -0.0349497, -0.0168863, -0.00541437, -0.101553, 0, 0, 0, 0, 0, 0, 0, 0, 0, 0, 0, 0, 0, 0
2.71, 2025-06-05__13-49-02.066266, -0.00424544, -0.603774, -0.00780445, -2.28921, -0.0193128, 1.71954, 0.674336, -0.00886607, 0.000740339, -0.00129354, 7.03272e-05, 7.30192e-06, -0.000446438, -0.00129752, -0.0225144, 0.0513909, -0.0794775, -0.020686, -0.00676155, 0.000828387, -0.0975974, 0, 0, 0, 0, 0, 0, 0, 0, 0, 0, 0, 0, 0, 0
2.72, 2025-06-05__13-49-02.076268, -0.00424555, -0.603781, -0.00780369, -2.28921, -0.019316, 1.71954, 0.674337, -5.44191e-05, -0.00166122, -0.0013529, 0.00401447, 4.87384e-05, 4.0989e-05, 0.000166498, -0.129736, 0.196971, -0.198337, -0.135192, -0.0173871, -0.0144572, -0.101782, 0, 0, 0, 0, 0, 0, 0, 0, 0, 0, 0, 0, 0, 0
2.73, 2025-06-05__13-49-02.086267, -0.0042432, -0.603778, -0.00779956, -2.28922, -0.0193154, 1.71954, 0.674339, 0.000749234, -0.000282032, 0.000221163, -0.00069763, 0.000180853, -0.000387552, 0.000862295, -0.163111, 0.0751107, -0.245731, -0.0177602, -0.0182737, 0.00132031, -0.103724, 0, 0, 0, 0, 0, 0, 0, 0, 0, 0, 0, 0, 0, 0
2.74, 2025-06-05__13-49-02.096267, -0.00424336, -0.603778, -0.00780169, -2.28921, -0.0193125, 1.71954, 0.674337, 0.000684551, -0.00048074, -0.000160637, 0.000582649, 0.000163269, 3.04798e-05, -0.000627646, -0.156557, 0.103908, -0.235778, -0.0496562, -0.0183738, -0.00419714, -0.0991479, 0, 0, 0, 0, 0, 0, 0, 0, 0, 0, 0, 0, 0, 0
2.75, 2025-06-05__13-49-02.106267, -0.00424533, -0.603776, -0.00780167, -2.28921, -0.0193117, 1.71955, 0.674333, 0.000398545, 0.000565081, -0.000296425, 0.000348068, -0.000182427, -0.000690325, -9.70275e-05, -0.150428, 0.0634047, -0.227775, -0.0271609, -0.0165479, -0.000173309, -0.100564, 0, 0, 0, 0, 0, 0, 0, 0, 0, 0, 0, 0, 0, 0
2.76, 2025-06-05__13-49-02.116266, -0.00424313, -0.603778, -0.00780445, -2.28922, -0.0193156, 1.71954, 0.674333, 6.54848e-05, 0.000221113, -0.00111991, -0.000526607, -0.000306856, 0.00024927, -0.000471177, -0.135004, 0.0607913, -0.205388, -0.0153043, -0.0143469, -0.000918109, -0.0994853, 0, 0, 0, 0, 0, 0, 0, 0, 0, 0, 0, 0, 0, 0
2.77, 2025-06-05__13-49-02.126266, -0.00424342, -0.603779, -0.0078044, -2.28921, -0.0193146, 1.71954, 0.674335, 0.000617571, -1.13499e-06, -0.000984165, 0.000269225, -5.76237e-06, 2.97137e-05, 8.7747e-05, -0.143739, 0.0831237, -0.215908, -0.0366687, -0.0165492, -0.00282446, -0.101283, 0, 0, 0, 0, 0, 0, 0, 0, 0, 0, 0, 0, 0, 0
2.78, 2025-06-05__13-49-02.136267, -0.0042455, -0.603778, -0.00780169, -2.28921, -0.0193119, 1.71954, 0.674335, 0.000687509, -0.000445826, -8.30274e-05, 0.000366532, 0.000105445, 0.000107156, 0.000111592, -0.157204, 0.0995491, -0.236999, -0.0451211, -0.0182049, -0.00391293, -0.101308, 0, 0, 0, 0, 0, 0, 0, 0, 0, 0, 0, 0, 0, 0
2.79, 2025-06-05__13-49-02.146266, -0.00424557, -0.603784, -0.00780169, -2.28921, -0.0193117, 1.71955, 0.674332, 0.00381572, -0.00131903, 2.19269e-05, 0.0012497, 0.000145969, -0.000235526, -0.000547883, -0.197108, 0.145437, -0.282086, -0.0758957, -0.0220127, -0.00662944, -0.0990091, 0, 0, 0, 0, 0, 0, 0, 0, 0, 0, 0, 0, 0, 0
2.8, 2025-06-05__13-49-02.156266, -0.00424318, -0.603778, -0.0077964, -2.28921, -0.0193156, 1.71954, 0.674334, 0.00168027, 0.000520864, 0.00220071, -0.000136266, -0.000117128, 0.000145548, 0.000694572, -0.201756, 0.060393, -0.301228, -0.0198424, -0.0204131, -0.00189077, -0.102792, 0, 0, 0, 0, 0, 0, 0, 0, 0, 0, 0, 0, 0, 0
2.81, 2025-06-05__13-49-02.166267, -0.0042456, -0.603779, -0.00780161, -2.28922, -0.0193157, 1.71954, 0.674332, 0.000594366, -0.00069087, 0.00287323, -0.00041278, -0.000376295, 4.41899e-05, -0.000179252, -0.195974, 0.0951148, -0.299113, -0.0299603, -0.0190614, -0.00172462, -0.10004, 0, 0, 0, 0, 0, 0, 0, 0, 0, 0, 0, 0, 0, 0
2.82, 2025-06-05__13-49-02.176268, -0.00424031, -0.603781, -0.00779919, -2.28921, -0.0193164, 1.71955, 0.674337, 6.76408e-05, -0.00040905, 0.0014062, 0.000289282, -0.000235788, 0.000417668, 0.000154145, -0.170954, 0.0996659, -0.262067, -0.0444745, -0.0178605, -0.00560495, -0.101442, 0, 0, 0, 0, 0, 0, 0, 0, 0, 0, 0, 0, 0, 0
2.83, 2025-06-05__13-49-02.186268, -0.00424765, -0.603776, -0.00780169, -2.28921, -0.0193154, 1.71954, 0.674333, -0.000293327, 0.000936919, -1.19473e-05, -0.000334112, 1.77759e-05, 0.000424677, -0.000479499, -0.145637, 0.041641, -0.224259, -0.0108905, -0.0162454, -0.00172291, -0.0994215, 0, 0, 0, 0, 0, 0, 0, 0, 0, 0, 0, 0, 0, 0
2.84, 2025-06-05__13-49-02.196267, -0.00424581, -0.603779, -0.00780169, -2.28921, -0.0193145, 1.71954, 0.674331, 0.00269451, -0.000248339, -0.00302792, 0.000147098, 0.000445035, -2.09709e-05, -0.000454488, -0.14208, 0.0889017, -0.201277, -0.0383232, -0.0179361, -0.00249961, -0.0994916, 0, 0, 0, 0, 0, 0, 0, 0, 0, 0, 0, 0, 0, 0
2.85, 2025-06-05__13-49-02.206266, -0.00424486, -0.603776, -0.00779847, -2.28921, -0.0193139, 1.71955, 0.674332, 0.000375569, 0.000527762, 0.00108779, -0.000148069, 0.000105589, 0.000164012, -0.00436657, -0.170329, 0.0585849, -0.259119, -0.0199967, -0.0184673, -0.00224586, -0.0873815, 0, 0, 0, 0, 0, 0, 0, 0, 0, 0, 0, 0, 0, 0
2.86, 2025-06-05__13-49-02.216270, -0.00424373, -0.603778, -0.00779918, -2.28922, -0.0193114, 1.71954, 0.674334, -0.00349724, -0.000230003, 0.00114444, -7.24274e-05, -9.56993e-06, -0.000535876, -0.000133241, -0.123232, 0.0828211, -0.207499, -0.0290286, -0.0148312, 0.000430665, -0.100615, 0, 0, 0, 0, 0, 0, 0, 0, 0, 0, 0, 0, 0, 0
2.87, 2025-06-05__13-49-02.226267, -0.00424805, -0.603776, -0.00780726, -2.28922, -0.0193149, 1.71954, 0.674335, 0.00155414, -0.000328482, -0.00212725, -0.000610285, 4.70299e-05, -0.000508904, -0.00015554, -0.138477, 0.0758761, -0.202633, -0.0198486, -0.0159563, 0.00169946, -0.100548, 0, 0, 0, 0, 0, 0, 0, 0, 0, 0, 0, 0, 0, 0
2.88, 2025-06-05__13-49-02.236270, -0.00424534, -0.603781, -0.00779919, -2.28922, -0.0193119, 1.71954, 0.674331, 0.00352079, -0.00115223, 0.000650442, 0.000597781, 0.000138982, -0.000336662, -0.000788143, -0.202703, 0.126037, -0.292556, -0.0563514, -0.0220312, -0.00335389, -0.0981732, 0, 0, 0, 0, 0, 0, 0, 0, 0, 0, 0, 0, 0, 0
2.89, 2025-06-05__13-49-02.246267, -0.00424795, -0.603776, -0.00780098, -2.28921, -0.0193141, 1.71955, 0.674331, -0.00137754, 0.00142411, 0.000151205, -0.000433851, 0.000597269, 0.000599266, -3.45568e-05, -0.135168, 0.0242138, -0.21362, -0.00273925, -0.0172767, -0.00215633, -0.100766, 0, 0, 0, 0, 0, 0, 0, 0, 0, 0, 0, 0, 0, 0
2.9, 2025-06-05__13-49-02.256271, -0.00424762, -0.603781, -0.00780447, -2.28922, -0.0193107, 1.71954, 0.674336, 0.00100896, -0.000169347, -0.000573841, -0.00516519, 0.000147559, -0.000450825, 0.000165368, -0.154436, 0.00418953, -0.230924, 0.0696737, -0.0158546, 0.0133611, -0.10141, 0, 0, 0, 0, 0, 0, 0, 0, 0, 0, 0, 0, 0, 0
2.91, 2025-06-05__13-49-02.266268, -0.00424562, -0.603781, -0.00780448, -2.28922, -0.0193147, 1.71955, 0.674334, 0.00013814, -0.00084138, -0.000734743, -0.000604874, 0.000322009, 0.00449345, -0.000257031, -0.141528, 0.101949, -0.215554, -0.0423196, -0.0170304, -0.0190611, -0.100295, 0, 0, 0, 0, 0, 0, 0, 0, 0, 0, 0, 0, 0, 0
2.92, 2025-06-05__13-49-02.276269, -0.0042486, -0.603779, -0.00780169, -2.28921, -0.0193157, 1.71955, 0.674332, 0.000610681, -0.000251016, 0.000144734, 0.00367286, -0.000380503, 0.0100817, -0.000345645, -0.158101, 0.155156, -0.239386, -0.132487, -0.0174956, -0.0517755, -0.100005, 0, 0, 0, 0, 0, 0, 0, 0, 0, 0, 0, 0, 0, 0
2.93, 2025-06-05__13-49-02.286268, -0.00424931, -0.603776, -0.00779919, -2.28922, -0.0193132, 1.71955, 0.674339, -0.00291072, 0.000917259, 0.000942369, -0.00111338, -0.00025109, 0.000235742, -0.00010768, -0.126522, 0.0282685, -0.209568, 0.00681739, -0.0135637, 0.000843738, -0.100876, 0, 0, 0, 0, 0, 0, 0, 0, 0, 0, 0, 0, 0, 0
2.94, 2025-06-05__13-49-02.296269, -0.00424534, -0.603779, -0.00780448, -2.28921, -0.0193142, 1.71954, 0.674339, 0.00029712, 7.51627e-05, -0.000925558, 0.000701049, 0.000102879, -0.000261497, 0.000339897, -0.140235, 0.0868594, -0.21232, -0.0431903, -0.0168365, -0.00272797, -0.102261, 0, 0, 0, 0, 0, 0, 0, 0, 0, 0, 0, 0, 0, 0
2.95, 2025-06-05__13-49-02.306276, -0.00424558, -0.603778, -0.00780169, -2.28922, -0.0193153, 1.71954, 0.67433, 0.000364772, -0.000927636, -0.000358748, -0.000846023, 6.22156e-05, 0.000464837, -0.000672898, -0.149674, 0.0951695, -0.227195, -0.0271207, -0.0167707, -0.00223885, -0.0986957, 0, 0, 0, 0, 0, 0, 0, 0, 0, 0, 0, 0, 0, 0
2.96, 2025-06-05__13-49-02.316273, -0.00424771, -0.603777, -0.00780448, -2.28921, -0.0193121, 1.71955, 0.67433, -0.00568961, -0.000388827, -0.00118822, 3.80154e-05, 3.12034e-06, -0.000152095, -0.000259628, -0.0626612, 0.0911089, -0.124989, -0.0386494, -0.0102034, -0.00224808, -0.100348, 0, 0, 0, 0, 0, 0, 0, 0, 0, 0, 0, 0, 0, 0
2.97, 2025-06-05__13-49-02.326271, -0.00424557, -0.603775, -0.00779919, -2.28922, -0.0193154, 1.71955, 0.674335, -4.4641e-05, 0.000817989, 0.000672031, -0.00177368, 0.000196848, 0.00692097, 0.000580127, -0.159514, 0.0285474, -0.244591, 0.00107983, -0.0171684, -0.0236441, -0.102804, 0, 0, 0, 0, 0, 0, 0, 0, 0, 0, 0, 0, 0, 0
2.98, 2025-06-05__13-49-02.336272, -0.00424548, -0.603781, -0.00780146, -2.28921, -0.0193143, 1.71955, 0.674336, -0.000883053, -0.00112865, -0.000191093, 2.38679e-05, 0.000286495, 0.00384109, 7.39355e-06, -0.136836, 0.122954, -0.214155, -0.0600717, -0.0169432, -0.0188788, -0.101216, 0, 0, 0, 0, 0, 0, 0, 0, 0, 0, 0, 0, 0, 0
2.99, 2025-06-05__13-49-02.346271, -0.00424265, -0.603776, -0.0077961, -2.28922, -0.0193156, 1.71954, 0.674337, 0.000110822, -5.57446e-05, 0.000860533, -0.00170439, 3.72435e-05, 5.366e-05, -0.000231654, -0.164848, 0.0518045, -0.252125, 0.0046455, -0.0173739, 0.00250787, -0.100249, 0, 0, 0, 0, 0, 0, 0, 0, 0, 0, 0, 0, 0, 0
3, 2025-06-05__13-49-02.356272, -0.00424623, -0.603779, -0.00780166, -2.28921, -0.0193167, 1.71954, 0.674331, -0.00126961, -0.000123854, 4.29573e-05, 0.00215821, -0.000284023, -0.000460034, -0.000229417, -0.133955, 0.115811, -0.211818, -0.0737038, -0.0154989, -0.00598251, -0.100175, 0, 0, 0, 0, 0, 0, 0, 0, 0, 0, 0, 0, 0, 0
3.01, 2025-06-05__13-49-02.366267, -0.00424809, -0.603776, -0.00780481, -2.28922, -0.0193154, 1.71954, 0.674334, -0.000618313, 0.00138097, -0.00157591, -0.000323462, 0.000104059, 0.000176682, 0.000345947, -0.119642, 0.0236687, -0.184977, -0.00129615, -0.0144345, 0.000196886, -0.10211, 0, 0, 0, 0, 0, 0, 0, 0, 0, 0, 0, 0, 0, 0
3.02, 2025-06-05__13-49-02.376271, -0.00424527, -0.603773, -0.00780071, -2.28921, -0.0193142, 1.71954, 0.674331, -0.000223411, 0.00154375, 0.000456913, 0.000245231, 9.28851e-05, 0.000194179, -0.000991051, -0.153504, 0.0285335, -0.2358, -0.0114232, -0.0172638, -0.00163902, -0.0977291, 0, 0, 0, 0, 0, 0, 0, 0, 0, 0, 0, 0, 0, 0
3.03, 2025-06-05__13-49-02.386272, -0.00424628, -0.603773, -0.00779886, -2.28922, -0.019311, 1.71954, 0.67434, -0.00412643, 0.00170329, 0.000549672, -0.0022717, 0.00038065, 0.000102612, 0.000278284, -0.107591, -0.0177754, -0.185914, 0.0420983, -0.0136803, 0.00595848, -0.102185, 0, 0, 0, 0, 0, 0, 0, 0, 0, 0, 0, 0, 0, 0
3.04, 2025-06-05__13-49-02.396271, -0.00424241, -0.603781, -0.00779634, -2.28921, -0.0193117, 1.71955, 0.674339, 0.000396597, -0.000535332, 0.00153298, 0.000190091, 0.000368441, -0.000175592, 0.000166678, -0.177585, 0.101949, -0.27051, -0.0431131, -0.0206123, -0.00318124, -0.101567, 0, 0, 0, 0, 0, 0, 0, 0, 0, 0, 0, 0, 0, 0
3.05, 2025-06-05__13-49-02.406273, -0.00424549, -0.603779, -0.00779678, -2.28922, -0.0193112, 1.71954, 0.674333, 0.000161079, 0.000318006, 0.000471895, -0.00203578, -1.2335e-05, -0.00340727, -0.000222258, -0.15944, 0.0317144, -0.243405, 0.0249963, -0.0169087, 0.0172382, -0.10004, 0, 0, 0, 0, 0, 0, 0, 0, 0, 0, 0, 0, 0, 0
3.06, 2025-06-05__13-49-02.416267, -0.00424094, -0.603776, -0.00780137, -2.28922, -0.0193131, 1.71954, 0.674337, -0.000647423, 0.000626486, 0.00023342, -0.000491973, -0.000205651, 8.02563e-06, 0.00115148, -0.145704, 0.0469906, -0.226053, -0.00852253, -0.0156522, 0.000313806, -0.104571, 0, 0, 0, 0, 0, 0, 0, 0, 0, 0, 0, 0, 0, 0
3.07, 2025-06-05__13-49-02.426270, -0.00424525, -0.603773, -0.00779853, -2.28922, -0.019315, 1.71954, 0.674335, -0.000737815, 0.0015801, 5.77969e-05, -0.00022779, 0.000347956, 0.000252601, -0.00139041, -0.142541, 0.0177195, -0.221351, 0.000765277, -0.0169249, -0.000146929, -0.0967437, 0, 0, 0, 0, 0, 0, 0, 0, 0, 0, 0, 0, 0, 0
3.08, 2025-06-05__13-49-02.436272, -0.0042426, -0.603776, -0.0077967, -2.28921, -0.0193113, 1.71954, 0.67433, 0.00223229, 0.000589136, 0.000484263, 0.000163832, -0.000171514, 9.04307e-05, -0.000441496, -0.185234, 0.0609368, -0.271826, -0.0243498, -0.0192269, -0.00223415, -0.0992242, 0, 0, 0, 0, 0, 0, 0, 0, 0, 0, 0, 0, 0, 0
3.09, 2025-06-05__13-49-02.446271, -0.0042462, -0.603779, -0.00779875, -2.28921, -0.0193159, 1.71954, 0.674335, -0.00179476, -0.000159574, -0.000708006, 0.00055094, -0.000347504, -0.00236773, 0.000102476, -0.117983, 0.0900375, -0.189696, -0.0384352, -0.0135026, 0.00565366, -0.101376, 0, 0, 0, 0, 0, 0, 0, 0, 0, 0, 0, 0, 0, 0
3.1, 2025-06-05__13-49-02.456272, -0.00424273, -0.603781, -0.00780066, -2.28921, -0.0193146, 1.71955, 0.674338, 6.9538e-05, -0.000802765, 0.000160172, -0.000101706, -9.25174e-05, -0.000140493, 0.000572384, -0.153469, 0.105836, -0.234704, -0.041885, -0.0170201, -0.00276765, -0.10285, 0, 0, 0, 0, 0, 0, 0, 0, 0, 0, 0, 0, 0, 0
3.11, 2025-06-05__13-49-02.466269, -0.00424615, -0.603781, -0.00779853, -2.28921, -0.0193166, 1.71954, 0.674333, -0.000312434, -0.000957472, -0.000234312, 7.88174e-05, -0.000277869, 0.000218614, 0.000288703, -0.142995, 0.113808, -0.220833, -0.0483578, -0.0155614, -0.004183, -0.1018, 0, 0, 0, 0, 0, 0, 0, 0, 0, 0, 0, 0, 0, 0
3.12, 2025-06-05__13-49-02.476269, -0.00424599, -0.603784, -0.0078016, -2.28922, -0.0193134, 1.71954, 0.674336, -0.000693942, -0.00137392, -0.000153127, 0.00241673, -0.000312999, 0.000129369, 0.000926724, -0.138462, 0.16264, -0.215991, -0.0975719, -0.016258, -0.0100547, -0.103958, 0, 0, 0, 0, 0, 0, 0, 0, 0, 0, 0, 0, 0, 0
3.13, 2025-06-05__13-49-02.486271, -0.0042431, -0.603775, -0.00779918, -2.28921, -0.0193146, 1.71954, 0.674332, -0.00104771, 0.0019986, 0.0014396, 0.00162302, -9.0031e-05, -0.000283588, -0.000437497, -0.156982, 0.0350996, -0.245838, -0.0301401, -0.0174195, -0.00295761, -0.0994452, 0, 0, 0, 0, 0, 0, 0, 0, 0, 0, 0, 0, 0, 0
3.14, 2025-06-05__13-49-02.496267, -0.00425025, -0.603781, -0.00780701, -2.28922, -0.019316, 1.71954, 0.674336, -0.00698204, -0.00070481, -0.00149065, -0.00117454, 3.013e-05, 0.000357095, 0.000442331, -0.0418293, 0.0831202, -0.0999936, -0.0192723, -0.00799533, -0.000455889, -0.102848, 0, 0, 0, 0, 0, 0, 0, 0, 0, 0, 0, 0, 0, 0
3.15, 2025-06-05__13-49-02.506270, -0.00424238, -0.603779, -0.00780136, -2.28922, -0.0193114, 1.71954, 0.674335, -3.38797e-05, -7.29872e-05, -4.72556e-05, -0.000572395, 4.86193e-05, -0.00312928, 1.08802e-05, -0.149452, 0.0672822, -0.228574, -0.0102201, -0.016998, 0.0119461, -0.100937, 0, 0, 0, 0, 0, 0, 0, 0, 0, 0, 0, 0, 0, 0
3.16, 2025-06-05__13-49-02.516271, -0.00424551, -0.603779, -0.00779321, -2.28921, -0.0193167, 1.71954, 0.674337, -0.000633491, -0.00125973, 0.00236832, 0.000692516, -0.00030507, -3.39273e-05, -0.000251915, -0.175609, 0.133106, -0.27421, -0.0630481, -0.0182531, -0.00525448, -0.100174, 0, 0, 0, 0, 0, 0, 0, 0, 0, 0, 0, 0, 0, 0
3.17, 2025-06-05__13-49-02.526268, -0.00424343, -0.60378, -0.00779874, -2.28921, -0.0193163, 1.71954, 0.674339, -0.000109344, -1.03887e-05, -0.000452153, 0.00174243, -0.000337299, 0.000282535, 0.000446169, -0.142599, 0.106866, -0.218503, -0.0660198, -0.0158825, -0.00771047, -0.102578, 0, 0, 0, 0, 0, 0, 0, 0, 0, 0, 0, 0, 0, 0
3.18, 2025-06-05__13-49-02.536268, -0.00424462, -0.603776, -0.007796, -2.28921, -0.0193149, 1.71954, 0.674329, 0.000133357, 0.000803425, 0.000453538, -0.000287876, 1.41395e-05, -0.000483419, -0.00142434, -0.158977, 0.0460707, -0.242591, -0.0112152, -0.0173115, 0.00151357, -0.0962695, 0, 0, 0, 0, 0, 0, 0, 0, 0, 0, 0, 0, 0, 0
3.19, 2025-06-05__13-49-02.546270, -0.00424598, -0.603779, -0.00779881, -2.28921, -0.0193128, 1.71954, 0.67433, -0.000575332, -0.000442774, -0.000985036, 0.00123916, -6.11183e-05, 0.000119161, -0.000211089, -0.129586, 0.11283, -0.200843, -0.0625668, -0.0157764, -0.00614598, -0.100227, 0, 0, 0, 0, 0, 0, 0, 0, 0, 0, 0, 0, 0, 0
3.2, 2025-06-05__13-49-02.556271, -0.00424528, -0.603781, -0.00780063, -2.28922, -0.0193154, 1.71954, 0.674332, -0.000748409, -0.000714323, -0.000595167, -0.000779164, 0.000144917, 1.74785e-05, -0.000434349, -0.133055, 0.0899002, -0.207304, -0.0249484, -0.0157496, -0.000436375, -0.0995856, 0, 0, 0, 0, 0, 0, 0, 0, 0, 0, 0, 0, 0, 0
3.21, 2025-06-05__13-49-02.566268, -0.00424212, -0.603778, -0.0077967, -2.28921, -0.019316, 1.71954, 0.674339, -0.00157692, 0.000351414, 0.00117467, 0.00103078, 1.2181e-05, -0.000169239, 0.00118216, -0.147737, 0.0829805, -0.234748, -0.045035, -0.0171033, -0.00372579, -0.104783, 0, 0, 0, 0, 0, 0, 0, 0, 0, 0, 0, 0, 0, 0
3.22, 2025-06-05__13-49-02.576268, -0.00424486, -0.603779, -0.00779599, -2.28921, -0.0193119, 1.71954, 0.674332, 0.000585424, 0.000161146, 0.00131678, 0.00153069, 9.06595e-05, 0.00137951, 4.12005e-05, -0.176113, 0.0994244, -0.267208, -0.0615352, -0.0199464, -0.0113415, -0.1009, 0, 0, 0, 0, 0, 0, 0, 0, 0, 0, 0, 0, 0, 0
3.23, 2025-06-05__13-49-02.586270, -0.00424765, -0.603781, -0.00780407, -2.28922, -0.0193136, 1.71954, 0.674331, -0.000966466, -0.000868068, -0.000541235, -0.000435641, -0.000502392, -0.000112857, -0.000332836, -0.129305, 0.100048, -0.203204, -0.0333981, -0.0135763, -0.00100268, -0.099838, 0, 0, 0, 0, 0, 0, 0, 0, 0, 0, 0, 0, 0, 0
3.24, 2025-06-05__13-49-02.596270, -0.00423816, -0.603781, -0.00780137, -2.28922, -0.0193116, 1.71954, 0.674334, 0.00163922, -0.000348241, -0.000839189, -0.000816044, -1.39562e-05, -0.00016235, 0.000658397, -0.160093, 0.0768811, -0.235461, -0.0178297, -0.0175618, 0.000668819, -0.102889, 0, 0, 0, 0, 0, 0, 0, 0, 0, 0, 0, 0, 0, 0
3.25, 2025-06-05__13-49-02.606269, -0.00424299, -0.603781, -0.00780097, -2.28922, -0.0193148, 1.71955, 0.674331, 0.0019487, -0.000447941, 2.45406e-05, -0.00052406, -8.58891e-05, 0.000386116, -0.00257883, -0.174899, 0.0857598, -0.257498, -0.0264402, -0.0182483, -0.0029234, -0.092792, 0, 0, 0, 0, 0, 0, 0, 0, 0, 0, 0, 0, 0, 0
3.26, 2025-06-05__13-49-02.616272, -0.0042481, -0.603775, -0.00780075, -2.28921, -0.019312, 1.71954, 0.674337, -0.00511483, 0.00157368, 0.000516739, -0.000212712, -0.000225544, 1.48087e-05, 0.000768951, -0.0932825, 0.02104, -0.169554, -0.00278774, -0.0114497, 0.00037697, -0.10362, 0, 0, 0, 0, 0, 0, 0, 0, 0, 0, 0, 0, 0, 0
3.27, 2025-06-05__13-49-02.626269, -0.00424022, -0.603781, -0.00780423, -2.28921, -0.0193146, 1.71954, 0.674334, 0.000601472, -4.30174e-05, 4.17492e-07, -0.000180674, 2.06944e-05, 4.577e-05, -0.00100362, -0.157737, 0.0790755, -0.237822, -0.0288254, -0.0174843, -0.0018345, -0.0978234, 0, 0, 0, 0, 0, 0, 0, 0, 0, 0, 0, 0, 0, 0
3.28, 2025-06-05__13-49-02.636271, -0.0042446, -0.603779, -0.00779813, -2.28921, -0.0193125, 1.71954, 0.674334, 0.000377877, 0.00051673, 0.00134721, -0.000358297, -2.74425e-05, -0.000429497, 0.000324532, -0.173657, 0.0565927, -0.264483, -0.0148278, -0.0185631, 0.00102007, -0.101782, 0, 0, 0, 0, 0, 0, 0, 0, 0, 0, 0, 0, 0, 0
3.29, 2025-06-05__13-49-02.646268, -0.0042431, -0.603779, -0.00779858, -2.28921, -0.0193128, 1.71954, 0.674337, -0.000239133, 6.29787e-07, -3.50258e-05, 0.00055289, -0.000151133, -0.000379166, 0.00143974, -0.147124, 0.0873104, -0.226272, -0.0409054, -0.0165988, -0.00203864, -0.105478, 0, 0, 0, 0, 0, 0, 0, 0, 0, 0, 0, 0, 0, 0
3.3, 2025-06-05__13-49-02.656269, -0.00424549, -0.603779, -0.00780132, -2.28921, -0.0193127, 1.71954, 0.674336, -0.00083542, -8.21403e-05, -0.00123419, -0.000204234, -0.000542911, 0.000109909, 0.000303221, -0.122273, 0.078444, -0.190923, -0.0290473, -0.0129978, -0.00194326, -0.102048, 0, 0, 0, 0, 0, 0, 0, 0, 0, 0, 0, 0, 0, 0
3.31, 2025-06-05__13-49-02.666267, -0.00424273, -0.603776, -0.00780128, -2.28921, -0.0193135, 1.71954, 0.674331, 0.00118079, 0.0011223, -0.00139352, 0.00130566, -0.000206862, -0.000152533, -0.00110338, -0.145503, 0.0593129, -0.215057, -0.0383057, -0.0162479, -0.00350464, -0.0974412, 0, 0, 0, 0, 0, 0, 0, 0, 0, 0, 0, 0, 0, 0
3.32, 2025-06-05__13-49-02.676268, -0.00424984, -0.603776, -0.00779839, -2.28922, -0.0193163, 1.71954, 0.674337, 0.000474604, 0.000430563, 0.00107964, -0.000252451, -0.000516052, 0.000107472, 0.000134645, -0.169685, 0.0576871, -0.258389, -0.0158526, -0.0164186, -0.000994449, -0.101338, 0, 0, 0, 0, 0, 0, 0, 0, 0, 0, 0, 0, 0, 0
3.33, 2025-06-05__13-49-02.686269, -0.00424233, -0.603781, -0.00779948, -2.28921, -0.0193159, 1.71954, 0.674335, 0.000954174, -0.00197858, 4.99298e-06, 0.000231505, 2.13295e-05, -0.00556428, 0.000725146, -0.162469, 0.144317, -0.243997, -0.051685, -0.0185473, 0.0167466, -0.103057, 0, 0, 0, 0, 0, 0, 0, 0, 0, 0, 0, 0, 0, 0
3.34, 2025-06-05__13-49-02.696269, -0.0042393, -0.603781, -0.00779821, -2.28921, -0.0193135, 1.71954, 0.674336, 0.00145524, -0.00113056, 0.00103273, 0.00197432, -0.000212011, 0.00370396, -9.66178e-06, -0.183291, 0.153068, -0.273589, -0.0961719, -0.0197953, -0.0230289, -0.100956, 0, 0, 0, 0, 0, 0, 0, 0, 0, 0, 0, 0, 0, 0
3.35, 2025-06-05__13-49-02.706270, -0.00424762, -0.603781, -0.00780136, -2.28921, -0.019316, 1.71954, 0.674337, -0.000808863, -0.000503899, -0.000926405, 0.000488913, -8.61738e-06, 0.000204925, -0.000590301, -0.126833, 0.104518, -0.19803, -0.0496988, -0.0152627, -0.00461015, -0.0993879, 0, 0, 0, 0, 0, 0, 0, 0, 0, 0, 0, 0, 0, 0
3.36, 2025-06-05__13-49-02.716272, -0.00424531, -0.603777, -0.00779873, -2.28921, -0.0193154, 1.71954, 0.674334, 0.000700798, -0.000199623, -0.00030862, -0.000467747, 7.12955e-05, -0.000151353, 0.000106326, -0.154959, 0.0776539, -0.233331, -0.0243274, -0.017365, -0.000432461, -0.101227, 0, 0, 0, 0, 0, 0, 0, 0, 0, 0, 0, 0, 0, 0
3.37, 2025-06-05__13-49-02.726270, -0.00424299, -0.603779, -0.00779873, -2.28921, -0.0193108, 1.71954, 0.674332, 0.000973399, -0.000888864, -0.000179499, 0.00714421, 9.59381e-05, 1.06252e-05, -0.000627465, -0.159476, 0.218346, -0.23873, -0.182942, -0.021221, -0.0217147, -0.0990407, 0, 0, 0, 0, 0, 0, 0, 0, 0, 0, 0, 0, 0, 0
3.38, 2025-06-05__13-49-02.736271, -0.00424835, -0.603777, -0.00779599, -2.28921, -0.019316, 1.71954, 0.674335, -0.00442161, 0.000172014, 0.00126291, 0.000212543, -8.4824e-05, -9.28078e-06, -0.000577885, -0.113075, 0.0760015, -0.197169, -0.0324959, -0.0136088, -0.0022654, -0.099349, 0, 0, 0, 0, 0, 0, 0, 0, 0, 0, 0, 0, 0, 0
3.39, 2025-06-05__13-49-02.746268, -0.00424084, -0.603782, -0.00780128, -2.28921, -0.0193101, 1.71954, 0.674335, 0.00076289, -0.00168082, -0.000999925, 0.00028498, 0.000392852, 0.000396634, 0.000556011, -0.146973, 0.141859, -0.220255, -0.064429, -0.0186664, -0.006204, -0.102761, 0, 0, 0, 0, 0, 0, 0, 0, 0, 0, 0, 0, 0, 0
3.4, 2025-06-05__13-49-02.756269, -0.00424598, -0.603776, -0.00779854, -2.28922, -0.0193143, 1.71954, 0.674335, -0.000391939, 0.00125056, 4.38158e-05, -0.00140233, 3.4378e-05, -0.000131908, 0.000865443, -0.146248, 0.0119405, -0.225572, 0.0188946, -0.0159401, 0.00393713, -0.103585, 0, 0, 0, 0, 0, 0, 0, 0, 0, 0, 0, 0, 0, 0
3.41, 2025-06-05__13-49-02.766268, -0.00424555, -0.603781, -0.0078016, -2.28921, -0.0193149, 1.71954, 0.674334, 0.00048821, -0.0011521, 0.000146137, 0.00111005, 0.000237454, -0.000386905, -0.000464207, -0.15791, 0.135703, -0.239437, -0.0696845, -0.0189551, -0.00475177, -0.0995163, 0, 0, 0, 0, 0, 0, 0, 0, 0, 0, 0, 0, 0, 0
3.42, 2025-06-05__13-49-02.776268, -0.00424525, -0.603783, -0.00780132, -2.28922, -0.0193142, 1.71954, 0.674335, 0.00379304, -0.00157928, -0.000786625, -0.00079299, 0.000133143, -6.68775e-05, 0.000665662, -0.186197, 0.119896, -0.265116, -0.0374894, -0.0202195, -0.00122708, -0.102871, 0, 0, 0, 0, 0, 0, 0, 0, 0, 0, 0, 0, 0, 0
3.43, 2025-06-05__13-49-02.786268, -0.00424484, -0.603779, -0.00779852, -2.28922, -0.0193145, 1.71954, 0.674333, 0.000385488, -0.00027543, 0.000354776, -0.00226953, -6.02571e-05, -2.58962e-06, 1.07414e-05, -0.160455, 0.0517928, -0.243917, 0.0116066, -0.0166002, 0.00393006, -0.100818, 0, 0, 0, 0, 0, 0, 0, 0, 0, 0, 0, 0, 0, 0
3.44, 2025-06-05__13-49-02.796268, -0.00424118, -0.603777, -0.00779921, -2.28921, -0.0193128, 1.71954, 0.674335, 0.00127615, -0.000730436, 0.000221629, 0.00671308, 7.89068e-05, 3.69041e-05, 0.000969712, -0.168826, 0.20565, -0.251574, -0.17165, -0.0216796, -0.0205558, -0.104007, 0, 0, 0, 0, 0, 0, 0, 0, 0, 0, 0, 0, 0, 0
3.45, 2025-06-05__13-49-02.806274, -0.0042455, -0.603776, -0.00780063, -2.28921, -0.019315, 1.71954, 0.674334, 0.000402466, -0.000506338, 0.000352774, 0.000380047, 0.000175097, 0.000255266, 0.000184517, -0.159874, 0.101115, -0.242869, -0.0461709, -0.0184894, -0.00457859, -0.101475, 0, 0, 0, 0, 0, 0, 0, 0, 0, 0, 0, 0, 0, 0
3.46, 2025-06-05__13-49-02.816270, -0.00424318, -0.603779, -0.00779599, -2.28922, -0.0193123, 1.71954, 0.674333, 0.00687847, -0.00018372, 0.000983233, -0.00102398, -0.000215686, -0.00145506, -0.00049426, -0.249394, 0.0667723, -0.346474, -0.00603344, -0.0237538, 0.00617575, -0.0988677, 0, 0, 0, 0, 0, 0, 0, 0, 0, 0, 0, 0, 0, 0
3.47, 2025-06-05__13-49-02.826272, -0.00424307, -0.603781, -0.00780447, -2.28922, -0.0193169, 1.71954, 0.674333, 0.00151786, -0.000658486, -0.000970192, 0.000156687, -0.000472892, 3.96527e-05, -0.00593713, -0.154974, 0.102115, -0.228751, -0.0416421, -0.0154541, -0.00285846, -0.0826894, 0, 0, 0, 0, 0, 0, 0, 0, 0, 0, 0, 0, 0, 0
3.48, 2025-06-05__13-49-02.836275, -0.00424629, -0.603781, -0.00780413, -2.28922, -0.019316, 1.71954, 0.67433, -0.000798427, -0.000510456, -0.000441801, -0.00127578, 5.09767e-05, 0.000108489, -0.00182484, -0.133671, 0.0755604, -0.208629, -0.0123776, -0.0151344, 0.000751748, -0.0952199, 0, 0, 0, 0, 0, 0, 0, 0, 0, 0, 0, 0, 0, 0
3.49, 2025-06-05__13-49-02.846270, -0.00424599, -0.603779, -0.00779873, -2.28921, -0.0193128, 1.71954, 0.67433, -0.000651841, 7.95157e-06, 0.000354843, -0.000384055, 7.6951e-05, 3.19336e-06, -0.000256226, -0.147272, 0.0733194, -0.229028, -0.0236868, -0.0168557, -0.00104243, -0.0999663, 0, 0, 0, 0, 0, 0, 0, 0, 0, 0, 0, 0, 0, 0
3.5, 2025-06-05__13-49-02.856270, -0.00424824, -0.603778, -0.00780431, -2.28922, -0.019314, 1.71954, 0.674336, -0.00100084, 0.000224102, -0.000693075, -0.000236027, -0.000472965, -7.42345e-05, 0.00137637, -0.126483, 0.0648767, -0.198667, -0.0200869, -0.0134194, -0.000442978, -0.105299, 0, 0, 0, 0, 0, 0, 0, 0, 0, 0, 0, 0, 0, 0
3.51, 2025-06-05__13-49-02.866272, -0.00424554, -0.603781, -0.00780412, -2.28922, -0.0193145, 1.71954, 0.674332, 0.000873835, -0.00113645, -0.00140093, 0.00153505, 9.35406e-07, -0.00017589, -0.000239357, -0.140796, 0.138955, -0.210286, -0.0755871, -0.0169974, -0.00619398, -0.100197, 0, 0, 0, 0, 0, 0, 0, 0, 0, 0, 0, 0, 0, 0
3.52, 2025-06-05__13-49-02.876269, -0.00424542, -0.603778, -0.0078041, -2.28921, -0.0193167, 1.71954, 0.674332, 0.000948756, -0.00077334, -0.00164674, 4.42975e-05, -0.000244123, -0.000463302, 3.97951e-05, -0.138287, 0.104302, -0.205914, -0.0426133, -0.0152911, -0.00112623, -0.10101, 0, 0, 0, 0, 0, 0, 0, 0, 0, 0, 0, 0, 0, 0
3.53, 2025-06-05__13-49-02.886270, -0.00424768, -0.603776, -0.00779607, -2.28921, -0.0193145, 1.71954, 0.674332, -0.000415122, 0.00150796, 0.00119356, 0.00197329, 0.000448337, -0.00112603, 0.00241786, -0.161527, 0.0566085, -0.249661, -0.0426784, -0.0199859, -0.00120062, -0.108189, 0, 0, 0, 0, 0, 0, 0, 0, 0, 0, 0, 0, 0, 0
3.54, 2025-06-05__13-49-02.896267, -0.00424488, -0.603779, -0.00779861, -2.28921, -0.0193108, 1.71954, 0.674337, -0.00534262, 5.6858e-05, -0.000401133, -0.00141525, 7.26424e-05, -1.06057e-05, -0.00210513, -0.0797583, 0.0552979, -0.149542, -0.00386781, -0.0110657, 0.00200221, -0.0949113, 0, 0, 0, 0, 0, 0, 0, 0, 0, 0, 0, 0, 0, 0
3.55, 2025-06-05__13-49-02.906268, -0.00424239, -0.603776, -0.00779599, -2.28922, -0.0193155, 1.71955, 0.674336, -0.000206205, 0.000542729, 0.000632346, -0.000136205, -0.000406032, 0.000297445, 0.000292967, -0.157178, 0.0558901, -0.24186, -0.0175259, -0.0158673, -0.0024513, -0.101849, 0, 0, 0, 0, 0, 0, 0, 0, 0, 0, 0, 0, 0, 0
3.56, 2025-06-05__13-49-02.916268, -0.00424246, -0.603776, -0.00779847, -2.28922, -0.0193156, 1.71954, 0.674332, 0.000344432, 0.000951991, 0.00194308, -0.000134222, -0.000169107, -6.82614e-05, -0.000855297, -0.181539, 0.0421655, -0.276864, -0.00961228, -0.0184189, -6.79746e-05, -0.0980326, 0, 0, 0, 0, 0, 0, 0, 0, 0, 0, 0, 0, 0, 0
3.57, 2025-06-05__13-49-02.926267, -0.00424807, -0.603782, -0.0077985, -2.28922, -0.0193153, 1.71954, 0.674333, 5.38103e-05, -0.00218427, -0.000390127, -0.000415846, -0.000284541, -0.000454126, 4.38341e-06, -0.145214, 0.144919, -0.222749, -0.0530834, -0.0157377, -0.00124772, -0.100914, 0, 0, 0, 0, 0, 0, 0, 0, 0, 0, 0, 0, 0, 0
3.58, 2025-06-05__13-49-02.936267, -0.00424547, -0.603779, -0.0077985, -2.28922, -0.0193128, 1.71954, 0.674335, 0.000936491, 0.000461134, 0.00028254, -0.00667465, -0.000102048, 0.000223617, -7.16879e-05, -0.166787, -0.0399964, -0.250617, 0.107566, -0.0151138, 0.0153399, -0.100535, 0, 0, 0, 0, 0, 0, 0, 0, 0, 0, 0, 0, 0, 0
3.59, 2025-06-05__13-49-02.946268, -0.00424836, -0.603779, -0.00779599, -2.28922, -0.0193143, 1.71954, 0.674333, -0.000824329, 0.000445679, 0.00107376, -0.000215026, 0.000241031, 0.00020281, -0.000412395, -0.155185, 0.059433, -0.242526, -0.0177758, -0.0178496, -0.00142254, -0.0995913, 0, 0, 0, 0, 0, 0, 0, 0, 0, 0, 0, 0, 0, 0
3.6, 2025-06-05__13-49-02.956269, -0.00424271, -0.603779, -0.00779922, -2.28921, -0.0193157, 1.71955, 0.674331, 0.0028274, -4.03625e-05, -0.000328535, -8.24676e-05, 2.88269e-05, 0.00070677, -0.000251567, -0.181178, 0.0804143, -0.262131, -0.0320741, -0.019382, -0.00528662, -0.0999043, 0, 0, 0, 0, 0, 0, 0, 0, 0, 0, 0, 0, 0, 0
3.61, 2025-06-05__13-49-02.966268, -0.00425284, -0.603776, -0.00779681, -2.28921, -0.0193142, 1.71954, 0.674331, -0.00375111, 0.00201482, 0.00102941, 0.00138114, 0.000181527, 7.92102e-05, 0.00011418, -0.117107, 0.0314951, -0.199311, -0.0270601, -0.0150981, -0.003619, -0.101282, 0, 0, 0, 0, 0, 0, 0, 0, 0, 0, 0, 0, 0, 0
3.62, 2025-06-05__13-49-02.976269, -0.00425294, -0.603779, -0.00779921, -2.28921, -0.0193104, 1.71954, 0.674328, -0.00249983, 0.000357354, -0.000212421, 0.000291919, 0.000401392, -0.000257335, 0.00149458, -0.115546, 0.0713472, -0.190008, -0.0313887, -0.015862, -0.00132705, -0.105396, 0, 0, 0, 0, 0, 0, 0, 0, 0, 0, 0, 0, 0, 0
3.63, 2025-06-05__13-49-02.986268, -0.00424525, -0.603776, -0.0077985, -2.28922, -0.0193114, 1.71954, 0.674336, 0.000439718, 0.000892236, 4.91613e-06, -0.0016814, 0.000133764, 4.18236e-05, 0.000959082, -0.156302, 0.0199786, -0.2366, 0.0184323, -0.0171623, 0.0035678, -0.103886, 0, 0, 0, 0, 0, 0, 0, 0, 0, 0, 0, 0, 0, 0
3.64, 2025-06-05__13-49-02.996269, -0.00424484, -0.603776, -0.00779922, -2.28921, -0.0193148, 1.71954, 0.674332, 0.00113781, -0.000637475, 0.000270132, 0.00104385, -4.6461e-05, 0.000133389, -8.12532e-05, -0.167908, 0.115505, -0.251357, -0.0605039, -0.0186889, -0.00600151, -0.100536, 0, 0, 0, 0, 0, 0, 0, 0, 0, 0, 0, 0, 0, 0
3.65, 2025-06-05__13-49-03.006269, -0.00424592, -0.603774, -0.00780128, -2.28921, -0.0193121, 1.71954, 0.674332, -0.000847223, 0.000888888, -0.00131517, 0.000244038, 0.00012658, 0.00033983, -0.000188452, -0.12152, 0.0504599, -0.189171, -0.0226256, -0.0151489, -0.00282017, -0.100401, 0, 0, 0, 0, 0, 0, 0, 0, 0, 0, 0, 0, 0, 0
3.66, 2025-06-05__13-49-03.016269, -0.00424459, -0.603776, -0.00780063, -2.28922, -0.0193093, 1.71954, 0.674333, 6.87675e-06, 0.00052803, 0.000550299, -0.00144059, 0.000682498, -0.000140687, 0.000268741, -0.158676, 0.0359713, -0.242612, 0.00854106, -0.0193774, 0.00325884, -0.101661, 0, 0, 0, 0, 0, 0, 0, 0, 0, 0, 0, 0, 0, 0
3.67, 2025-06-05__13-49-03.026269, -0.0042432, -0.603779, -0.0077907, -2.28921, -0.0193139, 1.71954, 0.674338, -0.000156939, -0.00072763, 0.00211191, -0.000188971, 0.000135641, 0.00209965, 0.00178441, -0.179464, 0.104169, -0.276993, -0.0436438, -0.0197681, -0.0107089, -0.106479, 0, 0, 0, 0, 0, 0, 0, 0, 0, 0, 0, 0, 0, 0
3.68, 2025-06-05__13-49-03.036269, -0.00424238, -0.603777, -0.00779852, -2.28922, -0.0193162, 1.71954, 0.674335, 0.000510866, -0.000483319, -0.000149357, -0.00114898, -0.000594567, 0.000150117, 0.00277173, -0.154727, 0.0748027, -0.234295, -0.0131315, -0.0149526, 0.000172856, -0.109381, 0, 0, 0, 0, 0, 0, 0, 0, 0, 0, 0, 0, 0, 0
3.69, 2025-06-05__13-49-03.046267, -0.00424309, -0.603779, -0.00779599, -2.28921, -0.0193148, 1.71954, 0.674336, 0.00084792, 9.74193e-05, 0.00100632, 0.000300872, -0.000234534, 0.000181154, 0.00637416, -0.174895, 0.0813802, -0.263921, -0.0356115, -0.0185411, -0.00366623, -0.120395, 0, 0, 0, 0, 0, 0, 0, 0, 0, 0, 0, 0, 0, 0
3.7, 2025-06-05__13-49-03.056268, -0.00424623, -0.603781, -0.0077985, -2.28921, -0.0193146, 1.71954, 0.67433, -0.000570538, -0.000354629, 0.000455563, 0.000386525, 4.00794e-05, 0.000310347, -0.00293807, -0.14964, 0.0986213, -0.232416, -0.0452716, -0.0170532, -0.00463843, -0.0917752, 0, 0, 0, 0, 0, 0, 0, 0, 0, 0, 0, 0, 0, 0
3.71, 2025-06-05__13-49-03.066268, -0.00424872, -0.603781, -0.0077985, -2.28921, -0.0193123, 1.71954, 0.674334, -0.00121792, -0.00159388, 0.000340692, 0.00135824, -6.48306e-05, -0.0100986, 0.00113921, -0.13892, 0.143593, -0.219834, -0.0560423, -0.0170958, 0.0319347, -0.1043, 0, 0, 0, 0, 0, 0, 0, 0, 0, 0, 0, 0, 0, 0
3.72, 2025-06-05__13-49-03.076269, -0.00424527, -0.603779, -0.00780128, -2.28921, -0.0193104, 1.71954, 0.674335, -0.000453169, 7.3521e-05, -0.00060768, 0.000155041, 0.000479873, -0.000615261, -3.82819e-05, -0.136521, 0.0783573, -0.210592, -0.0319138, -0.0177256, 9.3841e-05, -0.10094, 0, 0, 0, 0, 0, 0, 0, 0, 0, 0, 0, 0, 0, 0
3.73, 2025-06-05__13-49-03.086270, -0.00424501, -0.603776, -0.0077985, -2.28921, -0.0193121, 1.71954, 0.674336, 0.00291731, 0.000647933, 0.000256736, 0.000781795, 0.000255881, 0.000114537, 9.68964e-06, -0.190029, 0.0684435, -0.275405, -0.0356108, -0.0212621, -0.00388222, -0.100896, 0, 0, 0, 0, 0, 0, 0, 0, 0, 0, 0, 0, 0, 0
3.74, 2025-06-05__13-49-03.096269, -0.00424528, -0.603776, -0.00780161, -2.28922, -0.0193126, 1.71954, 0.674334, -0.000712465, 4.12225e-05, -0.000194815, -0.00152304, -0.000260032, -5.37789e-05, -0.000495201, -0.138462, 0.050634, -0.215565, 0.00256652, -0.0145203, 0.00266387, -0.0994154, 0, 0, 0, 0, 0, 0, 0, 0, 0, 0, 0, 0, 0, 0
3.75, 2025-06-05__13-49-03.106270, -0.00424546, -0.603781, -0.00780129, -2.28921, -0.0193162, 1.71955, 0.674334, 0.000679578, -0.000726623, -0.000536814, 0.000311905, -0.000163333, -2.92008e-06, 4.15186e-05, -0.150723, 0.10947, -0.227073, -0.0491302, -0.0166299, -0.00426271, -0.101066, 0, 0, 0, 0, 0, 0, 0, 0, 0, 0, 0, 0, 0, 0
3.76, 2025-06-05__13-49-03.116270, -0.00424531, -0.603781, -0.007796, -2.28921, -0.0193159, 1.71954, 0.67433, 1.28266e-05, -0.000966991, 0.000828662, 0.000104194, -0.000398169, -8.60961e-05, -0.00521138, -0.162323, 0.114545, -0.249349, -0.047696, -0.0164087, -0.00304629, -0.0847319, 0, 0, 0, 0, 0, 0, 0, 0, 0, 0, 0, 0, 0, 0
3.77, 2025-06-05__13-49-03.126268, -0.00424296, -0.603779, -0.0077985, -2.28921, -0.0193163, 1.71954, 0.674334, 0.000886531, -0.000306745, 0.000226198, 0.000179773, -0.000173942, 1.58167e-05, 0.000172036, -0.164664, 0.0925233, -0.247535, -0.0391065, -0.0175526, -0.00297389, -0.101385, 0, 0, 0, 0, 0, 0, 0, 0, 0, 0, 0, 0, 0, 0
3.78, 2025-06-05__13-49-03.136267, -0.00424526, -0.603779, -0.00779599, -2.28922, -0.0193123, 1.71955, 0.674332, 0.000142892, -0.00138196, 0.00129547, -0.00124965, 4.30975e-05, 0.00711647, -0.00106597, -0.171073, 0.112976, -0.262438, -0.0437991, -0.0182154, -0.0282845, -0.0976161, 0, 0, 0, 0, 0, 0, 0, 0, 0, 0, 0, 0, 0, 0
3.79, 2025-06-05__13-49-03.146267, -0.00424318, -0.603778, -0.0077985, -2.28922, -0.0193143, 1.71954, 0.674337, -0.000150311, 0.000215822, 0.000647303, -0.000341808, 0.000374615, -0.00694632, 0.000687725, -0.157968, 0.0567292, -0.242505, -3.57857e-05, -0.01877, 0.0264916, -0.102994, 0, 0, 0, 0, 0, 0, 0, 0, 0, 0, 0, 0, 0, 0
3.8, 2025-06-05__13-49-03.156268, -0.00424738, -0.603779, -0.00779851, -2.28922, -0.0193123, 1.71954, 0.674334, -0.00150852, -0.000315527, -0.000746651, -0.00123325, -4.93044e-05, 4.6825e-05, -8.83365e-05, -0.121566, 0.0684654, -0.193716, -0.0097971, -0.0141118, 0.00113117, -0.100764, 0, 0, 0, 0, 0, 0, 0, 0, 0, 0, 0, 0, 0, 0
3.81, 2025-06-05__13-49-03.166267, -0.00424451, -0.603779, -0.0077985, -2.28922, -0.0193162, 1.71954, 0.674336, 0.000675545, -0.000250926, 0.0013317, -0.000358836, -0.000301007, 0.000231028, 0.00127274, -0.176769, 0.0807929, -0.268083, -0.0252107, -0.0178317, -0.0020432, -0.104764, 0, 0, 0, 0, 0, 0, 0, 0, 0, 0, 0, 0, 0, 0
3.82, 2025-06-05__13-49-03.176269, -0.00424249, -0.603781, -0.00779874, -2.28922, -0.0193117, 1.71954, 0.674335, 8.48981e-05, -0.00181613, -0.000119367, 0.000411294, 0.000169633, -0.00573771, 0.000200446, -0.150413, 0.13905, -0.229862, -0.0495687, -0.0182496, 0.0175769, -0.101512, 0, 0, 0, 0, 0, 0, 0, 0, 0, 0, 0, 0, 0, 0
3.83, 2025-06-05__13-49-03.186268, -0.0042406, -0.603776, -0.00780128, -2.28921, -0.0193123, 1.71954, 0.674336, 0.00160935, 0.000310274, -0.00113372, -0.000558798, 8.42578e-05, -3.29538e-05, -0.000186833, -0.155308, 0.0584676, -0.228003, -0.0149494, -0.0174711, -4.80519e-05, -0.100424, 0, 0, 0, 0, 0, 0, 0, 0, 0, 0, 0, 0, 0, 0
3.84, 2025-06-05__13-49-03.196267, -0.00424753, -0.603779, -0.0077985, -2.28922, -0.0193142, 1.71954, 0.674333, 8.37292e-05, -0.000204901, 0.000833955, -0.00205861, 0.000145578, 0.000115681, 0.000727521, -0.16291, 0.0529938, -0.249664, 0.00826915, -0.0175868, 0.00296861, -0.103013, 0, 0, 0, 0, 0, 0, 0, 0, 0, 0, 0, 0, 0, 0
3.85, 2025-06-05__13-49-03.206269, -0.00424534, -0.603775, -0.0077985, -2.28922, -0.0193111, 1.71954, 0.674331, 0.000590852, 0.000968597, 0.000184373, -0.00108968, 0.000221004, -0.000212591, 0.00016138, -0.160618, 0.0257493, -0.242445, 0.0090963, -0.0179872, 0.0031188, -0.101206, 0, 0, 0, 0, 0, 0, 0, 0, 0, 0, 0, 0, 0, 0
3.86, 2025-06-05__13-49-03.216268, -0.0042428, -0.603776, -0.00780152, -2.28921, -0.0193117, 1.71954, 0.674336, 0.00186292, 0.000963601, -0.000304021, 0.000140691, 0.000287188, 0.000144834, 2.16008e-05, -0.169326, 0.0477729, -0.248544, -0.0188025, -0.0194409, -0.00190417, -0.101013, 0, 0, 0, 0, 0, 0, 0, 0, 0, 0, 0, 0, 0, 0
3.87, 2025-06-05__13-49-03.226269, -0.00424317, -0.603781, -0.00780128, -2.28921, -0.0193167, 1.71954, 0.674335, 0.000118531, -0.00102313, -0.000476472, 8.46334e-05, -0.000201797, 0.000387642, -7.51236e-06, -0.145085, 0.116215, -0.221349, -0.0499378, -0.0159773, -0.00491978, -0.100987, 0, 0, 0, 0, 0, 0, 0, 0, 0, 0, 0, 0, 0, 0
3.88, 2025-06-05__13-49-03.236270, -0.00424478, -0.603778, -0.0077985, -2.28922, -0.0193164, 1.71954, 0.674334, 0.000249546, 0.000226844, -0.000247125, -0.000442528, -0.000228234, -0.000229489, 0.000283193, -0.150062, 0.0617759, -0.228209, -0.015357, -0.0158239, 0.00065135, -0.101761, 0, 0, 0, 0, 0, 0, 0, 0, 0, 0, 0, 0, 0, 0
3.89, 2025-06-05__13-49-03.246268, -0.0042473, -0.603776, -0.00779599, -2.28921, -0.0193124, 1.71954, 0.674338, -0.000788947, 0.00119013, 0.000940411, 0.000461103, -1.67922e-05, -0.000109521, 0.00179646, -0.153464, 0.0451097, -0.239403, -0.0208702, -0.0172979, -0.00153523, -0.106572, 0, 0, 0, 0, 0, 0, 0, 0, 0, 0, 0, 0, 0, 0
3.9, 2025-06-05__13-49-03.256268, -0.00424526, -0.603781, -0.00780128, -2.28921, -0.0193121, 1.71954, 0.674332, -3.76329e-05, -0.00124101, -0.00116657, -0.000443029, -0.000324383, 0.000304772, 0.00047539, -0.133396, 0.115095, -0.204091, -0.0430409, -0.0147409, -0.00342002, -0.102372, 0, 0, 0, 0, 0, 0, 0, 0, 0, 0, 0, 0, 0, 0
3.91, 2025-06-05__13-49-03.266267, -0.00424591, -0.603774, -0.0077985, -2.28922, -0.0193144, 1.71954, 0.674329, -0.000388155, 0.000788704, 0.000274466, -0.00073371, -0.00011389, 0.000204885, 0.000412876, -0.149273, 0.0371003, -0.230509, -0.00138282, -0.0159866, 0.000397283, -0.101929, 0, 0, 0, 0, 0, 0, 0, 0, 0, 0, 0, 0, 0, 0
3.92, 2025-06-05__13-49-03.276268, -0.00424803, -0.603779, -0.00779921, -2.28922, -0.0193118, 1.71954, 0.67433, 0.000127422, 0.000229088, 0.000354836, -0.000505423, 0.000368227, -0.000368227, 0.00131951, -0.156619, 0.061451, -0.239244, -0.0141276, -0.0185614, 0.00130569, -0.104747, 0, 0, 0, 0, 0, 0, 0, 0, 0, 0, 0, 0, 0, 0
3.93, 2025-06-05__13-49-03.286268, -0.00424345, -0.603778, -0.0077985, -2.28921, -0.0193123, 1.71954, 0.674335, 0.00039175, 0.000537687, -0.000386483, 0.000941867, -0.000102973, 0.00400133, 6.43513e-05, -0.150238, 0.0794148, -0.227373, -0.0514131, -0.0169087, -0.0194699, -0.10126, 0, 0, 0, 0, 0, 0, 0, 0, 0, 0, 0, 0, 0, 0
3.94, 2025-06-05__13-49-03.296268, -0.00424592, -0.603784, -0.0077985, -2.28922, -0.0193139, 1.71954, 0.674335, -0.000318065, -0.00146231, 0.000614099, -0.000616915, 0.000142534, -0.000178775, 0.000729904, -0.15511, 0.119366, -0.239931, -0.0393245, -0.0178076, -0.00108932, -0.10319, 0, 0, 0, 0, 0, 0, 0, 0, 0, 0, 0, 0, 0, 0
3.95, 2025-06-05__13-49-03.306272, -0.00424312, -0.603779, -0.00780128, -2.28921, -0.0193153, 1.71954, 0.674333, 0.000516081, 5.50197e-05, -0.00104821, 0.000510083, 0.000239764, -0.000254718, -0.000253255, -0.142509, 0.0846245, -0.214383, -0.0398345, -0.0173043, -0.00226565, -0.100165, 0, 0, 0, 0, 0, 0, 0, 0, 0, 0, 0, 0, 0, 0
3.96, 2025-06-05__13-49-03.316270, -0.0042432, -0.603778, -0.0077985, -2.28922, -0.0193159, 1.71954, 0.674338, -0.000281387, 0.000306899, 0.000215372, -0.000512643, -2.3709e-05, 1.89333e-05, -0.00807045, -0.150785, 0.0583617, -0.232035, -0.0132963, -0.0160509, 0.000116307, -0.0763975, 0, 0, 0, 0, 0, 0, 0, 0, 0, 0, 0, 0, 0, 0
3.97, 2025-06-05__13-49-03.326270, -0.00424342, -0.603781, -0.00779457, -2.28921, -0.0193142, 1.71954, 0.67433, 0.00033391, -0.00092919, 0.000611189, -0.000128218, 6.66925e-05, -0.000351142, -0.00979937, -0.164704, 0.109396, -0.250749, -0.042027, -0.0178721, -0.00126083, -0.0707057, 0, 0, 0, 0, 0, 0, 0, 0, 0, 0, 0, 0, 0, 0
3.98, 2025-06-05__13-49-03.336273, -0.00424531, -0.603775, -0.00780128, -2.28922, -0.0193149, 1.71954, 0.674329, 0.000625593, 0.00107789, -0.000998969, -0.000528455, 0.000193816, 8.72703e-05, 3.11342e-05, -0.144206, 0.0304683, -0.216327, -0.00115676, -0.0166361, 0.000686833, -0.100809, 0, 0, 0, 0, 0, 0, 0, 0, 0, 0, 0, 0, 0, 0
3.99, 2025-06-05__13-49-03.346270, -0.00424731, -0.603779, -0.00779599, -2.28922, -0.0193124, 1.71954, 0.67433, 0.00359785, 0.000275815, 0.00017341, -0.000808021, -2.33481e-05, 0.00012392, -0.000117125, -0.197392, 0.0558713, -0.283568, -0.0081386, -0.020259, 0.000137541, -0.100157, 0, 0, 0, 0, 0, 0, 0, 0, 0, 0, 0, 0, 0, 0
4, 2025-06-05__13-49-03.356270, -0.0042446, -0.603779, -0.00779852, -2.28922, -0.0193108, 1.71954, 0.674336, 0.000362925, -4.8023e-05, 0.000433924, -0.00112637, 0.000167964, -0.00543447, 0.000765438, -0.161151, 0.0557061, -0.244862, 0.00702165, -0.0182105, 0.0223356, -0.103185, 0, 0, 0, 0, 0, 0, 0, 0, 0, 0, 0, 0, 0, 0
4.01, 2025-06-05__13-49-03.366267, -0.00424203, -0.603784, -0.0077985, -2.28921, -0.0193152, 1.71954, 0.674337, 5.06162e-05, -0.00182631, -0.000410935, 0.000387725, -0.000330764, -0.000162196, 0.000380571, -0.145778, 0.148776, -0.223049, -0.0672678, -0.0159858, -0.00452164, -0.102264, 0, 0, 0, 0, 0, 0, 0, 0, 0, 0, 0, 0, 0, 0
4.02, 2025-06-05__13-49-03.376269, -0.00424262, -0.603779, -0.00780128, -2.28921, -0.0193148, 1.71954, 0.674334, 0.000707947, -0.000218793, -0.000541175, 0.000917605, 7.65397e-05, -7.17337e-05, -0.000399292, -0.151681, 0.100442, -0.227862, -0.0521478, -0.0177048, -0.00438414, -0.0997274, 0, 0, 0, 0, 0, 0, 0, 0, 0, 0, 0, 0, 0, 0
4.03, 2025-06-05__13-49-03.386269, -0.00424209, -0.603778, -0.00779599, -2.28922, -0.0193123, 1.71954, 0.674339, 0.00146962, -8.30599e-05, 0.000918319, -0.00184286, 0.000263201, -0.00552608, 0.000827454, -0.182525, 0.0456317, -0.27194, 0.0211051, -0.0198533, 0.0244653, -0.103403, 0, 0, 0, 0, 0, 0, 0, 0, 0, 0, 0, 0, 0, 0
4.04, 2025-06-05__13-49-03.396267, -0.00424247, -0.603779, -0.00780128, -2.28921, -0.0193124, 1.71954, 0.674335, 0.000511941, -0.000905174, -0.000780551, 0.00122827, 7.21072e-05, -0.000302447, 0.000129953, -0.146023, 0.127911, -0.220251, -0.0681574, -0.017649, -0.00504166, -0.101432, 0, 0, 0, 0, 0, 0, 0, 0, 0, 0, 0, 0, 0, 0
4.05, 2025-06-05__13-49-03.406269, -0.00424753, -0.603777, -0.00780136, -2.28921, -0.0193114, 1.71955, 0.674329, -0.000579783, -0.000583476, -0.000779932, 0.00174044, -0.000172583, 0.000385014, -0.00139417, -0.131435, 0.124699, -0.203979, -0.0749402, -0.0157647, -0.00918271, -0.0965672, 0, 0, 0, 0, 0, 0, 0, 0, 0, 0, 0, 0, 0, 0
4.06, 2025-06-05__13-49-03.416269, -0.00424622, -0.603781, -0.0077985, -2.28921, -0.0193121, 1.71954, 0.674332, -0.000742305, -0.000513705, 7.59198e-05, 0.00175404, -0.000136177, -0.00024324, -1.51448e-05, -0.141838, 0.124098, -0.221234, -0.0728482, -0.0167543, -0.00625843, -0.100856, 0, 0, 0, 0, 0, 0, 0, 0, 0, 0, 0, 0, 0, 0
4.07, 2025-06-05__13-49-03.426267, -0.00424259, -0.603776, -0.00779852, -2.28922, -0.0193149, 1.71954, 0.674336, 0.00216546, 0.00109092, 0.0005057, -0.00115977, -0.000137558, -0.000201625, 0.000767148, -0.184437, 0.0212484, -0.270851, 0.0125546, -0.018489, 0.00327659, -0.103156, 0, 0, 0, 0, 0, 0, 0, 0, 0, 0, 0, 0, 0, 0
4.08, 2025-06-05__13-49-03.436267, -0.00424992, -0.603779, -0.00779602, -2.28922, -0.0193117, 1.71954, 0.674335, -0.00207007, -0.00012883, 0.000474732, -0.000695563, -4.20306e-05, -5.3754e-05, 6.29026e-05, -0.131239, 0.070767, -0.212399, -0.0168575, -0.0150949, 0.000262735, -0.101226, 0, 0, 0, 0, 0, 0, 0, 0, 0, 0, 0, 0, 0, 0
4.09, 2025-06-05__13-49-03.446266, -0.00424765, -0.603779, -0.0077985, -2.28921, -0.019316, 1.71955, 0.674332, 0.0043345, -0.000234034, -9.71722e-05, 0.00439133, -0.000178793, 0.000658746, -0.000658994, -0.201226, 0.155343, -0.285552, -0.121078, -0.022111, -0.0170464, -0.098694, 0, 0, 0, 0, 0, 0, 0, 0, 0, 0, 0, 0, 0, 0
4.1, 2025-06-05__13-49-03.456268, -0.00424622, -0.60378, -0.00779876, -2.28921, -0.0193159, 1.71954, 0.674332, -0.00166702, -0.000318368, 0.000220836, 0.0010546, -1.52854e-05, 7.96712e-05, -0.00032334, -0.132567, 0.106708, -0.21188, -0.0570742, -0.015875, -0.00542842, -0.0999453, 0, 0, 0, 0, 0, 0, 0, 0, 0, 0, 0, 0, 0, 0
4.11, 2025-06-05__13-49-03.466268, -0.00424235, -0.603779, -0.0077967, -2.28922, -0.0193144, 1.71954, 0.674336, 0.0014979, 5.00251e-06, 0.000180881, -0.000886688, 0.000191228, -0.00019457, 0.0005448, -0.172581, 0.0633392, -0.256162, -0.0103324, -0.018961, 0.00134367, -0.102571, 0, 0, 0, 0, 0, 0, 0, 0, 0, 0, 0, 0, 0, 0
4.12, 2025-06-05__13-49-03.476270, -0.00424755, -0.603776, -0.00779624, -2.28921, -0.0193146, 1.71954, 0.674335, -0.000969626, 0.00041824, 0.000321812, 0.00230571, 0.0001472, -0.000211802, 0.00295446, -0.142538, 0.0988942, -0.223386, -0.0683491, -0.0178349, -0.00677351, -0.110083, 0, 0, 0, 0, 0, 0, 0, 0, 0, 0, 0, 0, 0, 0
4.13, 2025-06-05__13-49-03.486270, -0.00424247, -0.603777, -0.00779623, -2.28921, -0.0193127, 1.71954, 0.674335, 0.000407959, 0.00015072, 0.000668424, 0.000711154, -0.0001985, -0.000121432, 0.00061931, -0.165239, 0.0842769, -0.251012, -0.0415538, -0.0178435, -0.00331067, -0.102794, 0, 0, 0, 0, 0, 0, 0, 0, 0, 0, 0, 0, 0, 0
4.14, 2025-06-05__13-49-03.496269, -0.00424249, -0.603775, -0.00780128, -2.28921, -0.0193156, 1.71954, 0.674333, -0.000115899, 0.00169456, -0.00175233, 0.000519734, 5.84363e-05, 0.000226514, -0.000414513, -0.124995, 0.0278138, -0.18992, -0.0155274, -0.0150082, -0.00222325, -0.099729, 0, 0, 0, 0, 0, 0, 0, 0, 0, 0, 0, 0, 0, 0
4.15, 2025-06-05__13-49-03.506270, -0.00424765, -0.603779, -0.00779602, -2.28921, -0.0193135, 1.71954, 0.67433, -0.000735, -0.000246045, 0.00070902, 0.000764175, 0.000433781, -0.00186358, -0.00192938, -0.151517, 0.0975244, -0.236202, -0.0449265, -0.0187951, 0.00297124, -0.0948343, 0, 0, 0, 0, 0, 0, 0, 0, 0, 0, 0, 0, 0, 0
4.16, 2025-06-05__13-49-03.516267, -0.00424271, -0.603779, -0.0077985, -2.28921, -0.0193146, 1.71954, 0.674334, 0.000923223, -0.00132721, 0.000740432, 0.000923615, 0.000145473, 5.91677e-05, 0.0006443, -0.172425, 0.138513, -0.259692, -0.0692002, -0.0197993, -0.00624502, -0.102841, 0, 0, 0, 0, 0, 0, 0, 0, 0, 0, 0, 0, 0, 0
4.17, 2025-06-05__13-49-03.526268, -0.00424272, -0.603774, -0.00780128, -2.28921, -0.019311, 1.71954, 0.674332, 7.40591e-05, 0.00107338, -0.000338243, -0.000657284, 0.000241854, -0.000429948, -4.58945e-05, -0.146981, 0.0301217, -0.223626, -4.82544e-06, -0.0172069, 0.00263553, -0.100689, 0, 0, 0, 0, 0, 0, 0, 0, 0, 0, 0, 0, 0, 0
4.18, 2025-06-05__13-49-03.536268, -0.00424756, -0.603781, -0.00779598, -2.28921, -0.0193162, 1.71954, 0.674332, -0.000926736, -0.000309434, 0.00282404, 0.000611365, -0.000164981, -0.000214171, 0.000350418, -0.177329, 0.100912, -0.278461, -0.0469632, -0.0187074, -0.00334802, -0.101765, 0, 0, 0, 0, 0, 0, 0, 0, 0, 0, 0, 0, 0, 0
4.19, 2025-06-05__13-49-03.546268, -0.00423999, -0.603776, -0.00779851, -2.28921, -0.0193114, 1.71955, 0.67433, 0.00486299, 0.000364102, -0.000709491, 0.00130564, -0.000126742, 0.000328479, 1.50126e-05, -0.201324, 0.0860545, -0.281764, -0.0508165, -0.0212101, -0.00699398, -0.100598, 0, 0, 0, 0, 0, 0, 0, 0, 0, 0, 0, 0, 0, 0
4.2, 2025-06-05__13-49-03.556269, -0.00424299, -0.603779, -0.00780129, -2.28922, -0.0193125, 1.71954, 0.674335, -0.000151081, -0.000613384, -0.00085914, -0.00135063, 3.28036e-06, 5.17958e-05, 0.000963657, -0.137009, 0.0767402, -0.209918, -0.0119453, -0.0155725, 0.00102945, -0.103967, 0, 0, 0, 0, 0, 0, 0, 0, 0, 0, 0, 0, 0, 0
4.21, 2025-06-05__13-49-03.566268, -0.00424801, -0.603781, -0.00779599, -2.28921, -0.01931, 1.71954, 0.674337, -0.00100946, -0.00128928, 0.00139761, 0.000105614, 0.000407046, -0.000434485, 0.00111609, -0.157535, 0.125431, -0.247721, -0.0522421, -0.0193917, -0.00215765, -0.104473, 0, 0, 0, 0, 0, 0, 0, 0, 0, 0, 0, 0, 0, 0
4.22, 2025-06-05__13-49-03.576270, -0.00424584, -0.603777, -0.00779599, -2.28922, -0.0193156, 1.71954, 0.674335, -0.000810739, -0.000510701, 0.000704546, -0.00103264, -0.000105032, 3.98851e-05, 0.000146602, -0.150581, 0.0777044, -0.235441, -0.0156379, -0.0161495, 0.000323685, -0.10139, 0, 0, 0, 0, 0, 0, 0, 0, 0, 0, 0, 0, 0, 0
4.23, 2025-06-05__13-49-03.586270, -0.00424452, -0.603781, -0.00780128, -2.28922, -0.0193126, 1.71954, 0.674333, -0.000254189, -0.000502428, -0.00104347, -0.000790055, -0.000581881, -0.000106755, -0.00718196, -0.132712, 0.0821018, -0.203987, -0.0208078, -0.0130564, 0.000441709, -0.0789516, 0, 0, 0, 0, 0, 0, 0, 0, 0, 0, 0, 0, 0, 0
4.24, 2025-06-05__13-49-03.596268, -0.00424309, -0.603774, -0.0077985, -2.28921, -0.0193139, 1.71954, 0.674331, 0.000101057, 0.000840437, -0.000109111, 0.000252159, 0.000216844, 0.00021042, -0.000567015, -0.150788, 0.0526398, -0.229601, -0.0227146, -0.0176395, -0.00249646, -0.0990609, 0, 0, 0, 0, 0, 0, 0, 0, 0, 0, 0, 0, 0, 0
4.25, 2025-06-05__13-49-03.606269, -0.00424552, -0.603776, -0.0077985, -2.28922, -0.0193143, 1.71954, 0.674332, -0.000501339, 0.00109313, -0.000109376, -0.00118027, 0.000323917, -0.000252133, 0.000324883, -0.143193, 0.0204665, -0.221236, 0.0123483, -0.0167471, 0.00368453, -0.101829, 0, 0, 0, 0, 0, 0, 0, 0, 0, 0, 0, 0, 0, 0
4.26, 2025-06-05__13-49-03.616269, -0.00424342, -0.603774, -0.00779599, -2.28922, -0.0193127, 1.71954, 0.674334, 0.00054544, 3.27758e-05, 0.00378281, -0.00385505, -0.000115404, -0.000108475, 0.000445958, -0.210069, 0.0159899, -0.321122, 0.0493588, -0.0196567, 0.00866128, -0.101908, 0, 0, 0, 0, 0, 0, 0, 0, 0, 0, 0, 0, 0, 0
4.27, 2025-06-05__13-49-03.626269, -0.0042402, -0.603776, -0.00779534, -2.28922, -0.0193138, 1.71954, 0.674335, 1.75755e-05, 0.000958197, 0.0020191, -0.000744724, 0.000119024, -0.000241362, 0.000370801, -0.17994, 0.0325478, -0.275911, 0.00258026, -0.0191548, 0.00218957, -0.101929, 0, 0, 0, 0, 0, 0, 0, 0, 0, 0, 0, 0, 0, 0
4.28, 2025-06-05__13-49-03.636268, -0.00424826, -0.603776, -0.00779851, -2.28922, -0.0193145, 1.71954, 0.674328, -0.000264215, 0.000809929, -2.72522e-05, -0.000828368, 7.3335e-05, -0.000254334, 0.000172173, -0.146447, 0.0353558, -0.225437, 0.0013782, -0.016346, 0.0024487, -0.101161, 0, 0, 0, 0, 0, 0, 0, 0, 0, 0, 0, 0, 0, 0
4.29, 2025-06-05__13-49-03.646268, -0.00424224, -0.603779, -0.0077985, -2.28921, -0.0193121, 1.71954, 0.674334, 0.000971971, -0.000374768, -0.000290355, -4.01891e-05, -0.00038, 0.000214706, 0.000185658, -0.158718, 0.0914428, -0.237684, -0.0364737, -0.0165403, -0.00322313, -0.101449, 0, 0, 0, 0, 0, 0, 0, 0, 0, 0, 0, 0, 0, 0
4.3, 2025-06-05__13-49-03.656269, -0.00424318, -0.603781, -0.00780407, -2.28921, -0.0193126, 1.71954, 0.674334, 0.000427961, 0.000350243, -0.00177756, 0.000983506, -0.000628613, -1.01756e-05, -0.000358744, -0.13002, 0.0827444, -0.195505, -0.0454691, -0.0137354, -0.00412527, -0.0999135, 0, 0, 0, 0, 0, 0, 0, 0, 0, 0, 0, 0, 0, 0
4.31, 2025-06-05__13-49-03.666269, -0.0042378, -0.603781, -0.00779779, -2.28922, -0.0193112, 1.71954, 0.674333, 0.00218365, -0.00108201, -0.00598343, -0.00111793, -4.51213e-05, -6.71698e-05, -0.000320191, -0.0976475, 0.0950031, -0.133901, -0.0246749, -0.0126178, 0.000605311, -0.100171, 0, 0, 0, 0, 0, 0, 0, 0, 0, 0, 0, 0, 0, 0
4.32, 2025-06-05__13-49-03.676271, -0.0042473, -0.603779, -0.00779386, -2.28921, -0.0193099, 1.71954, 0.674326, -0.000544179, 0.00102333, 0.000509372, 0.0073969, 0.000428244, -2.78344e-05, -0.010548, -0.151098, 0.158011, -0.233767, -0.158504, -0.0208839, -0.0198969, -0.0684439, 0, 0, 0, 0, 0, 0, 0, 0, 0, 0, 0, 0, 0, 0
4.33, 2025-06-05__13-49-03.686270, -0.00424522, -0.603779, -0.00780333, -2.28921, -0.0193143, 1.71954, 0.674329, 0.000349126, -2.7953e-05, -0.00138723, 0.000343303, 0.000124427, -0.000133257, -0.000966319, -0.135009, 0.0848095, -0.203761, -0.0382654, -0.0162871, -0.00235101, -0.0978311, 0, 0, 0, 0, 0, 0, 0, 0, 0, 0, 0, 0, 0, 0
4.34, 2025-06-05__13-49-03.696268, -0.00424265, -0.603776, -0.00779907, -2.28922, -0.0193144, 1.71954, 0.674332, 0.000425259, 0.000929376, -0.000899134, -0.00112891, 7.40264e-05, 9.37552e-05, -0.000294859, -0.144053, 0.0268213, -0.21713, 0.00800603, -0.016015, 0.00204746, -0.0999333, 0, 0, 0, 0, 0, 0, 0, 0, 0, 0, 0, 0, 0, 0
4.35, 2025-06-05__13-49-03.706270, -0.00424544, -0.603779, -0.0077985, -2.28922, -0.0193112, 1.71954, 0.674334, -0.00110048, -0.000395377, -0.000193394, -0.00115238, -3.75706e-05, -0.000105559, 9.52442e-05, -0.134488, 0.0724745, -0.21159, -0.0119829, -0.0152767, 0.00137151, -0.101266, 0, 0, 0, 0, 0, 0, 0, 0, 0, 0, 0, 0, 0, 0
4.36, 2025-06-05__13-49-03.716267, -0.00423925, -0.603779, -0.00779599, -2.28921, -0.019312, 1.71954, 0.67433, 0.000313066, 7.84158e-05, 0.000920689, 7.98615e-05, -6.10572e-05, 0.000128418, -0.00064215, -0.168481, 0.0784573, -0.256351, -0.0315251, -0.0182595, -0.00273383, -0.0986921, 0, 0, 0, 0, 0, 0, 0, 0, 0, 0, 0, 0, 0, 0
4.37, 2025-06-05__13-49-03.726270, -0.00424611, -0.603779, -0.00780649, -2.28921, -0.0193145, 1.71954, 0.674332, -0.000297155, -0.000426643, -0.00310951, 0.000124133, 6.01641e-06, 0.000169495, 0.000252383, -0.10267, 0.0944403, -0.156744, -0.0414552, -0.0134118, -0.00328939, -0.101854, 0, 0, 0, 0, 0, 0, 0, 0, 0, 0, 0, 0, 0, 0
4.38, 2025-06-05__13-49-03.736270, -0.00424082, -0.603781, -0.0078012, -2.28921, -0.0193144, 1.71954, 0.674331, 0.00181287, -0.000803097, 0.00015995, 0.0015445, 6.58332e-05, -0.000300903, -0.000129496, -0.17509, 0.13077, -0.25843, -0.0726981, -0.0199103, -0.00589434, -0.100324, 0, 0, 0, 0, 0, 0, 0, 0, 0, 0, 0, 0, 0, 0
4.39, 2025-06-05__13-49-03.746271, -0.0042406, -0.603781, -0.00779497, -2.28922, -0.019315, 1.71954, 0.674327, 0.00256835, -0.00284034, 0.00106, -0.000285951, 0.000368398, -0.000276637, -0.000628521, -0.198717, 0.169524, -0.291825, -0.0652822, -0.0222371, -0.00314286, -0.0985097, 0, 0, 0, 0, 0, 0, 0, 0, 0, 0, 0, 0, 0, 0
4.4, 2025-06-05__13-49-03.756270, -0.00424484, -0.603779, -0.00779637, -2.28922, -0.0193149, 1.71954, 0.67433, -0.000870233, -0.000141439, -0.000837798, -0.000564133, 7.54992e-05, -1.86859e-05, -0.000191855, -0.129059, 0.0727913, -0.201509, -0.0198519, -0.0152298, -0.000181438, -0.100246, 0, 0, 0, 0, 0, 0, 0, 0, 0, 0, 0, 0, 0, 0
4.41, 2025-06-05__13-49-03.766244, -0.0042425, -0.603781, -0.00780407, -2.28921, -0.019311, 1.71954, 0.674335, 2.3433e-05, -0.00132782, -0.00302149, -0.00032273, 0.000174585, 0.000119006, -1.48176e-05, -0.109329, 0.118971, -0.16526, -0.0468907, -0.0146349, -0.00296578, -0.10116, 0, 0, 0, 0, 0, 0, 0, 0, 0, 0, 0, 0, 0, 0
4.42, 2025-06-05__13-49-03.776268, -0.00424771, -0.603778, -0.00779833, -2.28921, -0.0193117, 1.71954, 0.674329, -0.00213605, -0.000151334, -0.000630273, 0.00166461, 0.00032315, -7.23821e-05, -0.000413789, -0.115302, 0.108932, -0.187203, -0.065928, -0.0160674, -0.00612605, -0.0996422, 0, 0, 0, 0, 0, 0, 0, 0, 0, 0, 0, 0, 0, 0
4.43, 2025-06-05__13-49-03.786269, -0.00424478, -0.603779, -0.00779288, -2.28922, -0.0193146, 1.71954, 0.674326, 0.000543976, -0.00055614, 0.00121202, -0.00169967, -6.54482e-05, 0.000218416, -0.000357718, -0.175199, 0.0705587, -0.266346, -0.00399531, -0.0179698, 0.00121625, -0.0993166, 0, 0, 0, 0, 0, 0, 0, 0, 0, 0, 0, 0, 0, 0
4.44, 2025-06-05__13-49-03.796268, -0.00424238, -0.603776, -0.00779386, -2.28921, -0.0193131, 1.71954, 0.67433, 0.000766966, 0.000416104, 0.000915121, -0.000344053, 0.00051791, -0.000208909, 6.41131e-05, -0.174394, 0.0588917, -0.262941, -0.0167651, -0.0203976, 9.11496e-05, -0.100837, 0, 0, 0, 0, 0, 0, 0, 0, 0, 0, 0, 0, 0, 0
4.45, 2025-06-05__13-49-03.806271, -0.00424301, -0.603774, -0.00779637, -2.28921, -0.0193159, 1.71954, 0.674333, 0.00269432, 0.00134965, 0.00022913, 0.000462414, -3.68569e-05, 0.000294889, 0.00142913, -0.18731, 0.0391153, -0.272209, -0.018646, -0.0197054, -0.00297389, -0.10508, 0, 0, 0, 0, 0, 0, 0, 0, 0, 0, 0, 0, 0, 0
4.46, 2025-06-05__13-49-03.816270, -0.0042399, -0.603779, -0.00779297, -2.28921, -0.0193162, 1.71954, 0.674334, 0.000969476, -0.000926421, 0.00200783, 4.69492e-05, -0.000266185, -0.000280506, 0.00047668, -0.191591, 0.111748, -0.289538, -0.0446843, -0.0194129, -0.00229071, -0.102178, 0, 0, 0, 0, 0, 0, 0, 0, 0, 0, 0, 0, 0, 0
4.47, 2025-06-05__13-49-03.826268, -0.00424534, -0.603779, -0.00779528, -2.28922, -0.0193116, 1.71954, 0.67433, 0.00071409, -0.000832122, 0.000840465, -0.00119759, 3.94203e-05, -0.000164868, -0.00106597, -0.171743, 0.0869439, -0.25994, -0.0170526, -0.0184301, 0.00113196, -0.0973669, 0, 0, 0, 0, 0, 0, 0, 0, 0, 0, 0, 0, 0, 0
4.48, 2025-06-05__13-49-03.836269, -0.00424614, -0.603774, -0.0077985, -2.28921, -0.0193155, 1.71954, 0.674326, -0.000826131, 0.000975458, 0.000222009, -0.000296883, 5.27633e-05, -0.000106757, -0.000543047, -0.143211, 0.039405, -0.223346, -0.00919365, -0.0161623, 0.000328614, -0.0989048, 0, 0, 0, 0, 0, 0, 0, 0, 0, 0, 0, 0, 0, 0
4.49, 2025-06-05__13-49-03.846268, -0.0042488, -0.603779, -0.00779839, -2.28921, -0.0193113, 1.71954, 0.674331, -0.000489846, 0.00062635, 0.000387052, -0.000242918, 2.10089e-05, -0.000157894, 0.00088485, -0.149094, 0.0545421, -0.231052, -0.0165341, -0.0169096, -0.00013171, -0.103483, 0, 0, 0, 0, 0, 0, 0, 0, 0, 0, 0, 0, 0, 0
4.5, 2025-06-05__13-49-03.856269, -0.00424738, -0.603775, -0.0077961, -2.28922, -0.0193146, 1.71954, 0.674332, -0.000935839, 0.00102038, 0.000152231, -0.000499153, 0.00015198, 8.19356e-05, 0.000300037, -0.141293, 0.0332393, -0.22102, -0.00250675, -0.0162815, 0.000536303, -0.10177, 0, 0, 0, 0, 0, 0, 0, 0, 0, 0, 0, 0, 0, 0
4.51, 2025-06-05__13-49-03.866269, -0.00424738, -0.603774, -0.00780336, -2.28922, -0.0193142, 1.71954, 0.674331, -0.000517538, 0.00204666, -0.00232827, -0.0021423, 0.000131514, -0.000216123, -0.000310299, -0.111376, -0.0282198, -0.171056, 0.0453634, -0.0130573, 0.00729742, -0.0999552, 0, 0, 0, 0, 0, 0, 0, 0, 0, 0, 0, 0, 0, 0
4.52, 2025-06-05__13-49-03.876270, -0.00424557, -0.603777, -0.00780047, -2.28921, -0.0193135, 1.71954, 0.674335, 0.000250048, -1.80117e-05, -0.00137123, 0.000165886, 0.000314041, 0.000371281, 0.000513576, -0.134684, 0.0813903, -0.203775, -0.0356524, -0.0169212, -0.0038358, -0.102652, 0, 0, 0, 0, 0, 0, 0, 0, 0, 0, 0, 0, 0, 0
4.53, 2025-06-05__13-49-03.886269, -0.00424836, -0.603778, -0.00779568, -2.28921, -0.0193113, 1.71954, 0.674331, -0.000923684, 2.06639e-05, 0.000973063, 0.00153746, 6.60773e-05, 1.11726e-05, -0.0008797, -0.152272, 0.101987, -0.238654, -0.0603248, -0.0180176, -0.00607499, -0.0981163, 0, 0, 0, 0, 0, 0, 0, 0, 0, 0, 0, 0, 0, 0
4.54, 2025-06-05__13-49-03.896266, -0.00424091, -0.603779, -0.00780049, -2.28921, -0.0193158, 1.71954, 0.674329, 0.000675841, 0.000343659, -0.000716913, 0.000383408, -0.000360048, 0.000291376, -0.000339617, -0.148991, 0.0736302, -0.223714, -0.0340345, -0.0156772, -0.00378359, -0.0996567, 0, 0, 0, 0, 0, 0, 0, 0, 0, 0, 0, 0, 0, 0
4.55, 2025-06-05__13-49-03.906270, -0.00424239, -0.603779, -0.00779826, -2.28921, -0.019311, 1.71954, 0.674333, 0.000428615, -5.7106e-05, -0.000337421, 0.00159323, 0.000434669, 6.02697e-05, -0.000274347, -0.151967, 0.105631, -0.229654, -0.0632386, -0.0193429, -0.00648076, -0.100098, 0, 0, 0, 0, 0, 0, 0, 0, 0, 0, 0, 0, 0, 0
4.56, 2025-06-05__13-49-03.916269, -0.00424517, -0.603779, -0.00779613, -2.28921, -0.0193127, 1.71954, 0.674336, -0.00108018, -0.00059652, 0.000186627, 0.000548627, -2.87204e-05, -0.000156781, 0.000665832, -0.14012, 0.107626, -0.220391, -0.0506259, -0.0164937, -0.00351983, -0.103113, 0, 0, 0, 0, 0, 0, 0, 0, 0, 0, 0, 0, 0, 0
4.57, 2025-06-05__13-49-03.926270, -0.00424524, -0.603775, -0.00779768, -2.28921, -0.0193127, 1.71954, 0.674334, 0.000623852, 0.0008833, 6.24735e-05, 0.00143484, 4.08233e-05, -0.000117587, -0.00029914, -0.158957, 0.0694857, -0.239704, -0.0441322, -0.0182668, -0.00431274, -0.0999885, 0, 0, 0, 0, 0, 0, 0, 0, 0, 0, 0, 0, 0, 0
4.58, 2025-06-05__13-49-03.936269, -0.00424238, -0.603779, -0.00779825, -2.28921, -0.0193149, 1.71954, 0.674332, 9.08905e-05, 4.29467e-05, 0.000308132, 0.000512386, 0.000110154, -0.00034875, 0.000677345, -0.156334, 0.085493, -0.238694, -0.0394824, -0.018008, -0.00201657, -0.102885, 0, 0, 0, 0, 0, 0, 0, 0, 0, 0, 0, 0, 0, 0
4.59, 2025-06-05__13-49-03.946267, -0.00424333, -0.603773, -0.00779386, -2.28921, -0.0193128, 1.71954, 0.67433, -0.000208484, 0.00209529, 0.000650577, 0.00266555, -3.28819e-05, -0.000343621, 0.000864422, -0.157447, 0.0464964, -0.241641, -0.0483334, -0.0182352, -0.0053105, -0.103363, 0, 0, 0, 0, 0, 0, 0, 0, 0, 0, 0, 0, 0, 0
4.6, 2025-06-05__13-49-03.956270, -0.00424733, -0.603773, -0.00779842, -2.28921, -0.0193139, 1.71954, 0.674326, -0.000760016, 0.00118705, 0.000154028, 0.000328407, 0.000121533, -0.00011933, -8.68968e-05, -0.142849, 0.0413233, -0.222376, -0.0178538, -0.016685, -0.00100784, -0.100316, 0, 0, 0, 0, 0, 0, 0, 0, 0, 0, 0, 0, 0, 0
4.61, 2025-06-05__13-49-03.966269, -0.0042432, -0.603781, -0.00780104, -2.28921, -0.0193144, 1.71954, 0.674331, 0.000228408, -0.0006858, 3.02969e-05, 0.00143464, -2.07773e-07, 6.98424e-05, -0.000238795, -0.153384, 0.125394, -0.233569, -0.0700104, -0.017888, -0.00685685, -0.100085, 0, 0, 0, 0, 0, 0, 0, 0, 0, 0, 0, 0, 0, 0
4.62, 2025-06-05__13-49-03.976268, -0.0042427, -0.603778, -0.00779779, -2.28921, -0.0193113, 1.71954, 0.674334, -0.000505611, -0.000429735, -9.98687e-05, 0.000447771, 0.000101722, -1.34802e-05, -0.000360087, -0.14362, 0.100057, -0.222218, -0.0462959, -0.0171466, -0.00359012, -0.099877, 0, 0, 0, 0, 0, 0, 0, 0, 0, 0, 0, 0, 0, 0
4.63, 2025-06-05__13-49-03.986267, -0.00424589, -0.603776, -0.0077982, -2.28921, -0.0193123, 1.71954, 0.674331, -0.00175218, 0.0007099, -0.00107821, -0.00029744, 0.000152933, -3.83267e-05, -0.00011685, -0.114351, 0.0488616, -0.183164, -0.0144338, -0.0144747, -0.000153325, -0.100589, 0, 0, 0, 0, 0, 0, 0, 0, 0, 0, 0, 0, 0, 0
4.64, 2025-06-05__13-49-03.996269, -0.00424524, -0.603776, -0.00779321, -2.28921, -0.0193113, 1.71954, 0.674327, -0.00259696, 0.00152473, 0.00111666, -7.36461e-06, 9.24647e-05, 1.03195e-05, -0.000769749, -0.13489, 0.0268006, -0.220199, -0.00722623, -0.0158226, -0.000304508, -0.0982911, 0, 0, 0, 0, 0, 0, 0, 0, 0, 0, 0, 0, 0, 0
4.65, 2025-06-05__13-49-04.006271, -0.00424304, -0.603779, -0.00779281, -2.28922, -0.0193124, 1.71954, 0.674332, -0.00106334, -0.000702901, 0.000472268, -0.000847335, -0.000109378, -0.000153766, 0.00114232, -0.145444, 0.0877245, -0.228611, -0.0222306, -0.016064, 0.000350235, -0.104327, 0, 0, 0, 0, 0, 0, 0, 0, 0, 0, 0, 0, 0, 0
4.66, 2025-06-05__13-49-04.016267, -0.00424516, -0.603779, -0.00779626, -2.28921, -0.0193128, 1.71954, 0.674333, -0.00025819, 0.000183089, -0.00031768, 0.000222038, 0.000139231, -0.000585515, -0.000461163, -0.143556, 0.0758164, -0.220701, -0.0313276, -0.0170108, -0.000106228, -0.0994998, 0, 0, 0, 0, 0, 0, 0, 0, 0, 0, 0, 0, 0, 0
4.67, 2025-06-05__13-49-04.026271, -0.00424238, -0.603776, -0.00779812, -2.28922, -0.0193113, 1.71954, 0.674334, 0.00103038, 0.00137424, -0.000472343, -1.91202e-05, -6.35625e-05, -0.000123482, 0.000790159, -0.157197, 0.0287926, -0.234253, -0.00587754, -0.0171916, 0.000414884, -0.103289, 0, 0, 0, 0, 0, 0, 0, 0, 0, 0, 0, 0, 0, 0
4.68, 2025-06-05__13-49-04.036269, -0.00424459, -0.603776, -0.00779555, -2.28922, -0.0193108, 1.71954, 0.674334, 0.000694992, 0.000501892, 6.43229e-05, -0.000568478, 0.000167804, -4.74163e-05, 0.000238782, -0.160904, 0.0500547, -0.242394, -0.00876039, -0.0181502, 0.000581714, -0.101598, 0, 0, 0, 0, 0, 0, 0, 0, 0, 0, 0, 0, 0, 0
4.69, 2025-06-05__13-49-04.046268, -0.00424517, -0.603779, -0.00779776, -2.28921, -0.0193117, 1.71954, 0.674333, 0.000947898, 0.00024817, 0.000681126, 0.00119487, 0.000229142, 0.000170586, 0.000114413, -0.171635, 0.0898164, -0.25796, -0.0507318, -0.0199641, -0.00563021, -0.10117, 0, 0, 0, 0, 0, 0, 0, 0, 0, 0, 0, 0, 0, 0
4.7, 2025-06-05__13-49-04.056267, -0.00424754, -0.603776, -0.00780328, -2.28921, -0.019311, 1.71954, 0.674336, 9.04838e-05, 0.00128417, -0.00156183, 0.000190461, 0.000215313, -0.000138173, 0.000650745, -0.129016, 0.0368107, -0.195548, -0.0147519, -0.0160806, -0.000445566, -0.103111, 0, 0, 0, 0, 0, 0, 0, 0, 0, 0, 0, 0, 0, 0
4.71, 2025-06-05__13-49-04.066266, -0.00424549, -0.603777, -0.00779841, -2.28922, -0.019312, 1.71954, 0.674329, -0.000454684, -0.000163569, 0.000392571, -0.000897303, -0.000294357, 0.000193576, -0.00126134, -0.150193, 0.068108, -0.232667, -0.0133057, -0.0155894, -0.000207541, -0.0968052, 0, 0, 0, 0, 0, 0, 0, 0, 0, 0, 0, 0, 0, 0
4.72, 2025-06-05__13-49-04.076269, -0.00424313, -0.603781, -0.00779779, -2.28921, -0.0193123, 1.71954, 0.674327, 0.000269473, -0.00107646, -0.000230862, 0.000577768, 0.000212386, -0.00567967, 8.03031e-05, -0.151194, 0.119058, -0.229827, -0.0445525, -0.0184133, 0.0173474, -0.100774, 0, 0, 0, 0, 0, 0, 0, 0, 0, 0, 0, 0, 0, 0
4.73, 2025-06-05__13-49-04.086268, -0.00424333, -0.603779, -0.00779313, -2.28921, -0.0193119, 1.71954, 0.674327, 7.53775e-05, -0.00109507, 0.00104729, -0.000131765, -0.000249718, -0.000246917, -0.000459624, -0.167014, 0.114278, -0.256224, -0.0443055, -0.0176524, -0.00202318, -0.0991124, 0, 0, 0, 0, 0, 0, 0, 0, 0, 0, 0, 0, 0, 0
4.74, 2025-06-05__13-49-04.096270, -0.00424738, -0.60378, -0.00779826, -2.28921, -0.0193152, 1.71954, 0.674329, -0.000555844, -0.00126785, -2.80061e-05, 0.00169929, 0.00531047, -0.000344406, 0.000195032, -0.14788, 0.148926, -0.227353, -0.0849587, -0.0352044, -0.0064099, -0.101648, 0, 0, 0, 0, 0, 0, 0, 0, 0, 0, 0, 0, 0, 0
4.75, 2025-06-05__13-49-04.106267, -0.00424483, -0.603776, -0.00779595, -2.28922, -0.019314, 1.71954, 0.674326, 0.000134297, -0.000232815, 0.000727913, -0.00191239, -0.000284271, 0.000392119, -0.000358992, -0.162739, 0.0548433, -0.249053, 0.00517035, -0.0161467, 0.00154474, -0.0993535, 0, 0, 0, 0, 0, 0, 0, 0, 0, 0, 0, 0, 0, 0
4.76, 2025-06-05__13-49-04.116268, -0.00424801, -0.603771, -0.00779915, -2.28921, -0.0193106, 1.71954, 0.674332, -0.000793416, 0.00197169, -0.000817611, -0.000671565, 0.000335618, 0.00397441, 2.79982e-05, -0.129426, 0.00283407, -0.201115, 0.00287977, -0.0158717, -0.013373, -0.101077, 0, 0, 0, 0, 0, 0, 0, 0, 0, 0, 0, 0, 0, 0
4.77, 2025-06-05__13-49-04.126270, -0.00424012, -0.603778, -0.00779847, -2.28921, -0.0193131, 1.71954, 0.674335, 0.00159764, 2.90624e-05, 1.77455e-05, 0.00193512, -0.000142358, 1.38592e-05, -0.000111554, -0.170899, 0.107511, -0.252823, -0.0676659, -0.0189609, -0.00716342, -0.100572, 0, 0, 0, 0, 0, 0, 0, 0, 0, 0, 0, 0, 0, 0
4.78, 2025-06-05__13-49-04.136269, -0.00424623, -0.603779, -0.00779826, -2.28921, -0.0193106, 1.71954, 0.674333, -0.000820483, -0.00122233, -0.000473801, -0.00032023, 0.000203937, 0.000114898, -0.000263079, -0.134185, 0.115461, -0.209666, -0.0443123, -0.016607, -0.00293932, -0.100178, 0, 0, 0, 0, 0, 0, 0, 0, 0, 0, 0, 0, 0, 0
4.79, 2025-06-05__13-49-04.146269, -0.00424312, -0.603781, -0.00779496, -2.28921, -0.0193123, 1.71954, 0.674334, 0.000997799, -0.000455235, 0.000957998, 0.000970048, -7.05214e-05, 0.000288145, 0.000154118, -0.176751, 0.111247, -0.26595, -0.0576719, -0.019375, -0.00634281, -0.101304, 0, 0, 0, 0, 0, 0, 0, 0, 0, 0, 0, 0, 0, 0
4.8, 2025-06-05__13-49-04.156270, -0.00424061, -0.603779, -0.00779359, -2.28921, -0.019312, 1.71954, 0.67433, 0.00131388, 0.000381065, 0.00120168, -0.000689422, -0.000182342, -0.000139662, 3.99628e-05, -0.184802, 0.0564149, -0.276412, -0.0110469, -0.0188256, 0.000579488, -0.100673, 0, 0, 0, 0, 0, 0, 0, 0, 0, 0, 0, 0, 0, 0
4.81, 2025-06-05__13-49-04.166266, -0.00424309, -0.603776, -0.00779906, -2.28921, -0.0193121, 1.71954, 0.67433, 0.000148689, 0.00100082, -0.000904465, 0.000246822, -0.000165448, 0.000171458, 8.48061e-07, -0.14004, 0.0477562, -0.2125, -0.0205943, -0.0156433, -0.00215641, -0.100783, 0, 0, 0, 0, 0, 0, 0, 0, 0, 0, 0, 0, 0, 0
4.82, 2025-06-05__13-49-04.176269, -0.00424317, -0.603777, -0.00779817, -2.28922, -0.0193112, 1.71954, 0.674325, 0.00623428, -0.000567311, -7.83933e-06, -0.00018649, 7.16974e-05, 0.000236899, -0.00134044, -0.227821, 0.0929033, -0.316099, -0.0325239, -0.0233785, -0.00287171, -0.0960884, 0, 0, 0, 0, 0, 0, 0, 0, 0, 0, 0, 0, 0, 0
4.83, 2025-06-05__13-49-04.186268, -0.00424272, -0.603777, -0.00779841, -2.28921, -0.0193121, 1.71954, 0.674332, 0.00256268, 7.54674e-05, -0.000289999, 6.90355e-05, -0.00030448, -0.000263268, 0.000755808, -0.17821, 0.076559, -0.259079, -0.0297951, -0.0183456, -0.00118118, -0.103006, 0, 0, 0, 0, 0, 0, 0, 0, 0, 0, 0, 0, 0, 0
4.84, 2025-06-05__13-49-04.196268, -0.0042446, -0.603778, -0.00779599, -2.28921, -0.0193116, 1.71954, 0.674329, 0.0035142, -0.000696189, -8.93208e-05, -7.03472e-05, 4.89547e-05, 4.52351e-05, -0.000178181, -0.193286, 0.101418, -0.277572, -0.0398319, -0.0207456, -0.00290567, -0.0999796, 0, 0, 0, 0, 0, 0, 0, 0, 0, 0, 0, 0, 0, 0
4.85, 2025-06-05__13-49-04.206269, -0.00424299, -0.603779, -0.00779599, -2.28921, -0.0193146, 1.71954, 0.674325, 0.00179701, 9.99372e-05, 0.000377495, 0.00119337, -9.16029e-05, -0.000457381, -0.000465602, -0.178382, 0.0939521, -0.263696, -0.0511035, -0.019308, -0.00335213, -0.0989705, 0, 0, 0, 0, 0, 0, 0, 0, 0, 0, 0, 0, 0, 0
4.86, 2025-06-05__13-49-04.216267, -0.00424622, -0.603781, -0.00779826, -2.28922, -0.0193146, 1.71954, 0.674333, -0.000538066, -0.00127397, -0.000351635, -0.00073368, 8.61826e-05, 0.000499272, 0.00042483, -0.139223, 0.110069, -0.216115, -0.0355273, -0.0162283, -0.00309228, -0.102247, 0, 0, 0, 0, 0, 0, 0, 0, 0, 0, 0, 0, 0, 0
4.87, 2025-06-05__13-49-04.226270, -0.00424838, -0.603773, -0.00779843, -2.28921, -0.0193114, 1.71954, 0.674333, -0.0016046, 0.00252501, -0.00119148, 0.00104024, 1.81464e-05, -0.000149993, 0.000896933, -0.113613, 0.006593, -0.180845, -0.0115999, -0.0143073, -0.0011757, -0.103776, 0, 0, 0, 0, 0, 0, 0, 0, 0, 0, 0, 0, 0, 0
4.88, 2025-06-05__13-49-04.236268, -0.00424517, -0.603773, -0.00779599, -2.28921, -0.0193116, 1.71954, 0.674329, -0.000860685, 0.000992638, 0.000838696, 0.000960058, -1.24611e-05, 8.8855e-05, -5.1926e-06, -0.151646, 0.0580069, -0.236765, -0.0333697, -0.0173265, -0.00372987, -0.100674, 0, 0, 0, 0, 0, 0, 0, 0, 0, 0, 0, 0, 0, 0
4.89, 2025-06-05__13-49-04.246268, -0.00424828, -0.603777, -0.00779626, -2.28921, -0.0193153, 1.71954, 0.674335, -9.53523e-05, 0.000491483, 0.000307675, 0.00112915, -0.000217988, 0.000165823, 0.000377719, -0.152931, 0.079327, -0.234927, -0.0453466, -0.0167736, -0.00509628, -0.102118, 0, 0, 0, 0, 0, 0, 0, 0, 0, 0, 0, 0, 0, 0
4.9, 2025-06-05__13-49-04.256269, -0.00424989, -0.603779, -0.00779599, -2.28921, -0.0193126, 1.71954, 0.67433, -0.00145799, -0.00107803, 0.000478238, -0.000478564, -0.00056876, -0.00044842, -0.000180788, -0.138305, 0.107784, -0.220541, -0.0371066, -0.0141777, -0.00023346, -0.100203, 0, 0, 0, 0, 0, 0, 0, 0, 0, 0, 0, 0, 0, 0
4.91, 2025-06-05__13-49-04.266269, -0.00424591, -0.603778, -0.00779362, -2.28921, -0.0193106, 1.71954, 0.674333, -0.00125744, -0.000244978, 0.000965889, 0.000994586, 5.8722e-05, 0.000562804, 0.000315485, -0.148999, 0.103243, -0.235325, -0.0553854, -0.0176447, -0.00711587, -0.101883, 0, 0, 0, 0, 0, 0, 0, 0, 0, 0, 0, 0, 0, 0
4.92, 2025-06-05__13-49-04.276269, -0.0042425, -0.603774, -0.00780119, -2.28921, -0.0193155, 1.71954, 0.674332, 0.000352391, 0.000491544, -0.000735322, -0.000102098, -4.73145e-05, -7.78149e-05, -0.000100044, -0.14467, 0.0583421, -0.218691, -0.0204686, -0.0161718, -0.000817781, -0.100544, 0, 0, 0, 0, 0, 0, 0, 0, 0, 0, 0, 0, 0, 0
4.93, 2025-06-05__13-49-04.286268, -0.00424517, -0.603776, -0.00779383, -2.28922, -0.0193123, 1.71954, 0.674331, -0.000518353, 0.000175717, 0.00140223, -0.000302539, 5.40621e-05, -0.000619109, 6.40887e-05, -0.164277, 0.0648979, -0.254969, -0.0171697, -0.0180928, 0.00170951, -0.10089, 0, 0, 0, 0, 0, 0, 0, 0, 0, 0, 0, 0, 0, 0
4.94, 2025-06-05__13-49-04.296268, -0.00423985, -0.603781, -0.00779883, -2.28921, -0.019313, 1.71954, 0.674332, 0.00149783, -0.000850568, -0.000820194, 0.000828312, -0.000208069, 0.000403455, -0.00223604, -0.158532, 0.12173, -0.234154, -0.0615589, -0.0173655, -0.00671328, -0.0939925, 0, 0, 0, 0, 0, 0, 0, 0, 0, 0, 0, 0, 0, 0
4.95, 2025-06-05__13-49-04.306272, -0.00424249, -0.603776, -0.00779542, -2.28921, -0.0193107, 1.71954, 0.674333, 6.15745e-05, 0.000458128, -0.000276849, 0.000226913, 0.000361325, 0.000355645, 8.79663e-05, -0.148943, 0.0662682, -0.226911, -0.0290299, -0.0182283, -0.00345133, -0.101185, 0, 0, 0, 0, 0, 0, 0, 0, 0, 0, 0, 0, 0, 0
4.96, 2025-06-05__13-49-04.316269, -0.00424812, -0.603781, -0.00779036, -2.28921, -0.0193123, 1.71954, 0.674332, -0.000309012, -0.0008492, 0.00174517, 0.000196217, 2.72601e-05, -0.000170922, -0.000662222, -0.17168, 0.11243, -0.266036, -0.0475333, -0.0189834, -0.00295926, -0.0987155, 0, 0, 0, 0, 0, 0, 0, 0, 0, 0, 0, 0, 0, 0
4.97, 2025-06-05__13-49-04.326268, -0.0042431, -0.603779, -0.00779891, -2.28922, -0.0193117, 1.71954, 0.674332, 0.000658262, 0.00025012, -0.000748461, -0.000807588, 0.000105851, 6.70461e-05, -2.91799e-05, -0.148971, 0.0561381, -0.223765, -0.00916019, -0.0169125, 0.000492724, -0.100744, 0, 0, 0, 0, 0, 0, 0, 0, 0, 0, 0, 0, 0, 0
4.98, 2025-06-05__13-49-04.336270, -0.00424541, -0.603779, -0.00779841, -2.28921, -0.0193152, 1.71954, 0.67433, -0.000505424, -0.000379883, -0.000130171, -0.0001809, 4.61579e-05, 0.000537806, 0.000122615, -0.142564, 0.089859, -0.220855, -0.0350192, -0.0164327, -0.00406573, -0.101167, 0, 0, 0, 0, 0, 0, 0, 0, 0, 0, 0, 0, 0, 0
4.99, 2025-06-05__13-49-04.346267, -0.00424296, -0.603775, -0.00779596, -2.28921, -0.019311, 1.71954, 0.674331, 0.0050083, 0.000220191, 0.000548218, 0.00133475, 0.000330846, -0.00042146, -0.000291905, -0.220658, 0.090447, -0.3115, -0.0508197, -0.024281, -0.00377814, -0.0996199, 0, 0, 0, 0, 0, 0, 0, 0, 0, 0, 0, 0, 0, 0
5, 2025-06-05__13-49-04.356269, -0.004242, -0.603779, -0.00779813, -2.28921, -0.0193112, 1.71954, 0.674329, 0.00435123, -0.00070011, -0.000364502, 0.00188422, -9.78846e-05, -0.000131378, -0.000774333, -0.199461, 0.131608, -0.282267, -0.0773495, -0.0215552, -0.00733946, -0.0981597, 0, 0, 0, 0, 0, 0, 0, 0, 0, 0, 0, 0, 0, 0
5.01, 2025-06-05__13-49-04.366267, -0.00424344, -0.603779, -0.00779588, -2.28921, -0.0193127, 1.71954, 0.674334, 0.00100717, -0.000127899, 0.000689343, 0.0004666, -0.000472786, -7.41022e-05, 0.000704628, -0.172576, 0.0909676, -0.259437, -0.0414526, -0.0174756, -0.00322761, -0.102962, 0, 0, 0, 0, 0, 0, 0, 0, 0, 0, 0, 0, 0, 0
5.02, 2025-06-05__13-49-04.376270, -0.00424611, -0.603774, -0.0078063, -2.28923, -0.0193256, 1.71949, 0.674393, -0.00167985, 0.00679517, -0.000618291, -0.00455258, -1.5267e-05, -0.0176173, 0.0244481, -0.48134, 16.0777, -1.00242, -22.2917, -1.0717, -3.27961, 1.88778, 0, 0, 0, 0, 0, 0, 0, 0, 0, 0, 0, 0, 0, 0
5.03, 2025-06-05__13-49-04.386268, -0.00423479, -0.602992, -0.00785469, -2.28958, -0.0195342, 1.71793, 0.675872, 0.00154003, 0.127683, -0.00345347, -0.054575, -0.0224678, -0.188379, 0.193506, -0.432195, 10.6296, -0.878176, -18.7836, -0.955908, -2.2494, 1.31083, 0, 0, 0, 0, 0, 0, 0, 0, 0, 0, 0, 0, 0, 0
5.04, 2025-06-05__13-49-04.396269, -0.00424866, -0.601079, -0.00788377, -2.29108, -0.0198179, 1.71563, 0.678962, -0.000618717, 0.138465, -0.00167814, -0.168315, -0.0328393, -0.22056, 0.327374, -0.410074, 7.47726, -0.852318, -15.8065, -0.864352, -1.65223, 0.764442, 0, 0, 0, 0, 0, 0, 0, 0, 0, 0, 0, 0, 0, 0
5.05, 2025-06-05__13-49-04.406269, -0.00424798, -0.600889, -0.00791486, -2.29341, -0.0200779, 1.71373, 0.682791, 0.000289878, -0.0325575, -0.00156054, -0.277116, -0.020223, -0.189828, 0.402269, -0.44366, 11.4355, -0.95021, -16.2744, -0.887448, -1.56169, 0.358865, 0, 0, 0, 0, 0, 0, 0, 0, 0, 0, 0, 0, 0, 0
5.06, 2025-06-05__13-49-04.416267, -0.00422959, -0.60136, -0.00800588, -2.29735, -0.0202992, 1.71175, 0.686945, -0.0040442, -0.0241695, -0.0101899, -0.428418, -0.0124852, -0.184623, 0.412355, -0.277645, 9.02524, -0.71384, -13.2734, -0.831998, -1.07045, 0.139899, 0, 0, 0, 0, 0, 0, 0, 0, 0, 0, 0, 0, 0, 0
5.07, 2025-06-05__13-49-04.426269, -0.00425053, -0.601351, -0.00809457, -2.30253, -0.0204661, 1.71011, 0.691141, -0.00281996, -0.00298171, -0.00729073, -0.528742, -0.015562, -0.147127, 0.417366, -0.312207, 6.77382, -0.760444, -11.0493, -0.77549, -0.838144, -0.0654181, 0, 0, 0, 0, 0, 0, 0, 0, 0, 0, 0, 0, 0, 0
5.08, 2025-06-05__13-49-04.436268, -0.0042763, -0.601316, -0.00820705, -2.30838, -0.0205749, 1.709, 0.695126, -9.78975e-05, 0.00362518, -0.0036683, -0.620027, -0.00282273, -0.104449, 0.385875, -0.387428, 5.16266, -0.857187, -9.25752, -0.781033, -0.695508, -0.150789, 0, 0, 0, 0, 0, 0, 0, 0, 0, 0, 0, 0, 0, 0
5.09, 2025-06-05__13-49-04.446267, -0.00428352, -0.601174, -0.00831801, -2.31526, -0.0207026, 1.70808, 0.698517, -0.00369981, 0.0215827, -0.0131595, -0.700872, -0.0140063, -0.0821886, 0.319973, -0.187038, 3.26733, -0.564965, -7.42698, -0.685085, -0.497183, -0.103245, 0, 0, 0, 0, 0, 0, 0, 0, 0, 0, 0, 0, 0, 0
5.1, 2025-06-05__13-49-04.456269, -0.00427718, -0.60095, -0.00840696, -2.3227, -0.0207879, 1.70761, 0.700897, 0.00136986, 0.031243, -0.00810056, -0.760113, -0.0086515, -0.0452078, 0.216674, -0.313889, 1.97528, -0.723662, -6.17937, -0.678317, -0.446314, 0.104711, 0, 0, 0, 0, 0, 0, 0, 0, 0, 0, 0, 0, 0, 0
5.11, 2025-06-05__13-49-04.466268, -0.00428448, -0.600596, -0.00851603, -2.33078, -0.02085, 1.70736, 0.702527, 0.00146269, 0.0324698, -0.0109446, -0.808097, -0.00666862, -0.0252394, 0.15418, -0.260203, 1.05729, -0.6352, -5.21541, -0.655024, -0.378295, 0.221515, 0, 0, 0, 0, 0, 0, 0, 0, 0, 0, 0, 0, 0, 0
5.12, 2025-06-05__13-49-04.476269, -0.00429687, -0.600359, -0.00862741, -2.33941, -0.0208708, 1.7072, 0.703803, 7.71981e-05, 0.0173855, -0.00828372, -0.866773, -0.00238342, -0.0108285, 0.11631, -0.26474, 0.576609, -0.650331, -4.29922, -0.645517, -0.285507, 0.279417, 0, 0, 0, 0, 0, 0, 0, 0, 0, 0, 0, 0, 0, 0
5.13, 2025-06-05__13-49-04.486268, -0.0043094, -0.600182, -0.00874026, -2.34822, -0.020891, 1.7072, 0.7048, -7.83024e-05, 0.0116405, -0.0107337, -0.885444, 0.00164618, -0.002347, 0.0998188, -0.207607, 0.405503, -0.561769, -4.02401, -0.64647, -0.273962, 0.283782, 0, 0, 0, 0, 0, 0, 0, 0, 0, 0, 0, 0, 0, 0
5.14, 2025-06-05__13-49-04.496268, -0.00430056, -0.599919, -0.008844, -2.35748, -0.0209044, 1.70709, 0.705739, -0.00048927, 0.0263605, -0.0135475, -0.934662, 0.00106517, -0.0055406, 0.0911172, -0.148305, -0.899937, -0.46464, -2.8128, -0.617601, -0.109896, 0.268501, 0, 0, 0, 0, 0, 0, 0, 0, 0, 0, 0, 0, 0, 0
5.15, 2025-06-05__13-49-04.506269, -0.00431295, -0.599854, -0.00891208, -2.3671, -0.0209171, 1.70713, 0.706527, -0.000617008, 0.00129298, -0.00612385, -0.963244, -0.00210122, 0.0053563, 0.0772467, -0.225952, -0.530932, -0.592204, -2.64743, -0.604266, -0.106321, 0.275343, 0, 0, 0, 0, 0, 0, 0, 0, 0, 0, 0, 0, 0, 0
5.16, 2025-06-05__13-49-04.516266, -0.00431993, -0.599858, -0.00898439, -2.37666, -0.0209323, 1.70713, 0.707239, -0.00191289, 0.00729658, -0.00731109, -0.96305, -0.000206215, -0.00271036, 0.0691015, -0.174242, -0.720226, -0.516996, -2.56517, -0.605955, -0.0704496, 0.267512, 0, 0, 0, 0, 0, 0, 0, 0, 0, 0, 0, 0, 0, 0
5.17, 2025-06-05__13-49-04.526274, -0.00431626, -0.599725, -0.00903981, -2.38655, -0.0209388, 1.70706, 0.707948, -0.00723158, 0.00418108, -0.00948007, -0.99299, 0.000391634, -0.000639728, 0.0662326, -0.071234, -1.0974, -0.389182, -2.02511, -0.588523, 0.00112903, 0.243817, 0, 0, 0, 0, 0, 0, 0, 0, 0, 0, 0, 0, 0, 0
5.18, 2025-06-05__13-49-04.536268, -0.00431761, -0.599837, -0.00908433, -2.39655, -0.0209537, 1.70712, 0.708651, -0.00169624, -0.0107597, -0.00275854, -0.993264, -0.000631016, 0.00265964, 0.0700469, -0.208815, -0.580456, -0.570531, -2.27317, -0.598214, -0.0326418, 0.200315, 0, 0, 0, 0, 0, 0, 0, 0, 0, 0, 0, 0, 0, 0
5.19, 2025-06-05__13-49-04.546266, -0.00432113, -0.599843, -0.00912265, -2.40665, -0.0209573, 1.7071, 0.709294, 0.000836883, 0.00512122, 0.00207124, -1.02273, -1.07916e-05, -0.00915024, 0.0652574, -0.291689, -1.46519, -0.672568, -1.47264, -0.593583, 0.10444, 0.187018, 0, 0, 0, 0, 0, 0, 0, 0, 0, 0, 0, 0, 0, 0
5.2, 2025-06-05__13-49-04.556269, -0.00432864, -0.599883, -0.00916218, -2.41687, -0.0209576, 1.7071, 0.709792, -0.000460028, -0.0127522, -0.00106616, -1.0278, -0.000196163, 0.00671943, 0.0553909, -0.222813, -0.955458, -0.582026, -1.68282, -0.587778, 0.0375684, 0.193469, 0, 0, 0, 0, 0, 0, 0, 0, 0, 0, 0, 0, 0, 0
5.21, 2025-06-05__13-49-04.566267, -0.00432084, -0.600051, -0.00916383, -2.42707, -0.0209637, 1.70714, 0.710157, -0.00529403, -0.0135256, 0.00110918, -1.01399, -0.000524083, 0.0092275, 0.0345549, -0.18367, -0.6647, -0.549494, -2.01618, -0.588808, -0.0139135, 0.239897, 0, 0, 0, 0, 0, 0, 0, 0, 0, 0, 0, 0, 0, 0
5.22, 2025-06-05__13-49-04.576270, -0.00431063, -0.600062, -0.00917547, -2.43738, -0.0209688, 1.70705, 0.710405, -0.00118506, 0.000722781, -0.00120745, -1.02407, 0.00124685, -0.00593374, 0.0226531, -0.200773, -1.224, -0.543424, -1.60868, -0.590694, 0.0888867, 0.265716, 0, 0, 0, 0, 0, 0, 0, 0, 0, 0, 0, 0, 0, 0
5.23, 2025-06-05__13-49-04.586267, -0.00431654, -0.600162, -0.00917101, -2.44777, -0.0209813, 1.70712, 0.710579, 0.000916347, -0.0127977, 0.00531442, -1.03523, -0.00218589, 0.00105003, 0.018253, -0.298555, -0.913385, -0.681347, -1.62218, -0.583232, 0.0711163, 0.271752, 0, 0, 0, 0, 0, 0, 0, 0, 0, 0, 0, 0, 0, 0
5.24, 2025-06-05__13-49-04.596266, -0.0043139, -0.600269, -0.00917589, -2.45818, -0.0209787, 1.70712, 0.710728, 0.000703808, -0.00662416, 0.00070337, -1.05633, 0.000624698, -0.00464643, 0.0218057, -0.238594, -1.31703, -0.589093, -1.15845, -0.580089, 0.151521, 0.254217, 0, 0, 0, 0, 0, 0, 0, 0, 0, 0, 0, 0, 0, 0
5.25, 2025-06-05__13-49-04.606281, -0.00431978, -0.600279, -0.00917448, -2.46863, -0.0209778, 1.70711, 0.710846, -0.00566237, -0.00421583, 0.0012043, -1.05008, -0.000353059, 0.00656469, 0.00836509, -0.159566, -1.28183, -0.506561, -1.29482, -0.572615, 0.0939381, 0.289241, 0, 0, 0, 0, 0, 0, 0, 0, 0, 0, 0, 0, 0, 0
5.26, 2025-06-05__13-49-04.616280, -0.0043155, -0.600392, -0.00917382, -2.47906, -0.0209828, 1.70714, 0.710949, 0.00250932, -0.00909526, -2.46922e-05, -1.04145, 0.000633965, 0.00314844, 0.0074014, -0.235162, -0.980253, -0.572407, -1.55083, -0.58627, 0.0761403, 0.287582, 0, 0, 0, 0, 0, 0, 0, 0, 0, 0, 0, 0, 0, 0
5.27, 2025-06-05__13-49-04.626281, -0.00430501, -0.600409, -0.00917379, -2.48956, -0.0209843, 1.70707, 0.71104, 0.00165692, 0.00133915, -0.00185483, -1.04617, -1.62655e-05, -0.00510356, 0.00610757, -0.198106, -1.32601, -0.517244, -1.32389, -0.579162, 0.132949, 0.287682, 0, 0, 0, 0, 0, 0, 0, 0, 0, 0, 0, 0, 0, 0
5.28, 2025-06-05__13-49-04.636281, -0.00430558, -0.600482, -0.00916539, -2.50009, -0.0209916, 1.70714, 0.711095, 0.00120303, -0.0102795, 0.00181744, -1.04668, -0.00185572, 0.00304552, 0.00525739, -0.228797, -0.960092, -0.568033, -1.50834, -0.576006, 0.0861357, 0.287665, 0, 0, 0, 0, 0, 0, 0, 0, 0, 0, 0, 0, 0, 0
5.29, 2025-06-05__13-49-04.646267, -0.00430638, -0.600534, -0.00916742, -2.51063, -0.0209956, 1.70713, 0.711111, -0.0072587, 0.00130909, -0.00101983, -1.05652, 0.000245272, -0.00686753, 0.00197867, -0.0925763, -1.37935, -0.411079, -1.17834, -0.56816, 0.160154, 0.296724, 0, 0, 0, 0, 0, 0, 0, 0, 0, 0, 0, 0, 0, 0
5.3, 2025-06-05__13-49-04.656273, -0.00431007, -0.60054, -0.00916771, -2.5212, -0.0209917, 1.70712, 0.711122, -0.00259379, -0.00944019, 0.00125923, -1.06291, -0.00114878, 0.010498, 0.0014665, -0.16692, -1.13476, -0.496161, -1.24312, -0.567517, 0.0991417, 0.297859, 0, 0, 0, 0, 0, 0, 0, 0, 0, 0, 0, 0, 0, 0
5.31, 2025-06-05__13-49-04.666270, -0.00430839, -0.600613, -0.00916797, -2.53174, -0.0209978, 1.70717, 0.711127, 0.000129819, -0.0118147, 0.000556979, -1.05177, 0.000636324, 0.00331565, -0.00059425, -0.182643, -0.905725, -0.503226, -1.49691, -0.579723, 0.0916775, 0.303784, 0, 0, 0, 0, 0, 0, 0, 0, 0, 0, 0, 0, 0, 0
5.32, 2025-06-05__13-49-04.676269, -0.00430595, -0.600586, -0.00917301, -2.54233, -0.0209933, 1.7071, 0.711138, -0.00106391, 0.00532398, -0.00122911, -1.06086, -0.000611886, -0.00215402, 0.00231553, -0.141767, -1.47924, -0.443869, -1.11217, -0.568614, 0.154947, 0.294847, 0, 0, 0, 0, 0, 0, 0, 0, 0, 0, 0, 0, 0, 0
5.33, 2025-06-05__13-49-04.686268, -0.00430591, -0.600636, -0.00916206, -2.55294, -0.0209999, 1.70715, 0.711143, -0.00139733, -0.0108677, 0.00374351, -1.0474, -0.000947286, 0.00254371, 0.00013002, -0.184328, -0.85762, -0.511575, -1.59696, -0.577057, 0.0835418, 0.300925, 0, 0, 0, 0, 0, 0, 0, 0, 0, 0, 0, 0, 0, 0
5.34, 2025-06-05__13-49-04.696268, -0.00430306, -0.600633, -0.0091674, -2.56358, -0.0209985, 1.70715, 0.711146, -0.00182491, 0.0025003, -0.000772156, -1.07171, 0.000506741, -0.00470501, 0.00187105, -0.129106, -1.48808, -0.428096, -0.970288, -0.567921, 0.185633, 0.29595, 0, 0, 0, 0, 0, 0, 0, 0, 0, 0, 0, 0, 0, 0
5.35, 2025-06-05__13-49-04.706270, -0.00430763, -0.60063, -0.00916489, -2.57426, -0.021, 1.70715, 0.71114, -7.16554e-05, -0.00425713, 0.000520605, -1.06875, -0.000442376, 0.00346624, -0.000206272, -0.154526, -1.26114, -0.456814, -1.13866, -0.568297, 0.139753, 0.302445, 0, 0, 0, 0, 0, 0, 0, 0, 0, 0, 0, 0, 0, 0
5.36, 2025-06-05__13-49-04.716270, -0.00430416, -0.600661, -0.00916658, -2.58488, -0.0210027, 1.70718, 0.71114, 0.00177995, -0.00228243, -0.000595103, -1.07202, -6.39977e-05, 0.00165735, -0.000961115, -0.157847, -1.32734, -0.449464, -1.06914, -0.56875, 0.154147, 0.304887, 0, 0, 0, 0, 0, 0, 0, 0, 0, 0, 0, 0, 0, 0
5.37, 2025-06-05__13-49-04.726271, -0.0042992, -0.600621, -0.00916991, -2.59554, -0.0209955, 1.70713, 0.711145, -0.00225451, 0.00530688, -0.000530183, -1.07012, 0.00159647, 9.19764e-05, -0.000286235, -0.107287, -1.50365, -0.394856, -1.02504, -0.571766, 0.164535, 0.302366, 0, 0, 0, 0, 0, 0, 0, 0, 0, 0, 0, 0, 0, 0
5.38, 2025-06-05__13-49-04.736268, -0.00429666, -0.600656, -0.00915862, -2.60618, -0.0210077, 1.70716, 0.711146, 0.00580557, -0.00143042, 0.000197006, -1.06304, -0.000261669, 0.000994988, 0.000289531, -0.196265, -1.23006, -0.479143, -1.25684, -0.575351, 0.133909, 0.300917, 0, 0, 0, 0, 0, 0, 0, 0, 0, 0, 0, 0, 0, 0
5.39, 2025-06-05__13-49-04.746269, -0.00429142, -0.600647, -0.00916379, -2.61688, -0.0210038, 1.70715, 0.711146, 0.00323483, 0.00408884, -0.00172275, -1.07024, 0.000570355, -0.00457885, -8.28777e-05, -0.143234, -1.44287, -0.414665, -1.05765, -0.571832, 0.179085, 0.302072, 0, 0, 0, 0, 0, 0, 0, 0, 0, 0, 0, 0, 0, 0
5.4, 2025-06-05__13-49-04.756271, -0.00430445, -0.600661, -0.00915332, -2.62762, -0.0210049, 1.70717, 0.71115, -0.00238615, -0.00238031, 0.00261918, -1.07683, -0.000477181, 0.00314288, 0.0010204, -0.118112, -1.32911, -0.41249, -1.03703, -0.564093, 0.158894, 0.298315, 0, 0, 0, 0, 0, 0, 0, 0, 0, 0, 0, 0, 0, 0
5.41, 2025-06-05__13-49-04.766269, -0.0042931, -0.60068, -0.00915531, -2.63829, -0.0210089, 1.70719, 0.711153, 0.00210214, -0.00035116, 0.000688349, -1.07228, -0.000805625, 2.82722e-05, -0.000427302, -0.140793, -1.31475, -0.418144, -1.11228, -0.566839, 0.158868, 0.302768, 0, 0, 0, 0, 0, 0, 0, 0, 0, 0, 0, 0, 0, 0
5.42, 2025-06-05__13-49-04.776270, -0.00429245, -0.60066, -0.0091586, -2.64899, -0.0210024, 1.70715, 0.711157, -0.000990947, -0.00113725, 0.00155028, -1.07662, 0.000482078, 0.00167449, -0.00057367, -0.110289, -1.33581, -0.390896, -1.05131, -0.5678, 0.165255, 0.302851, 0, 0, 0, 0, 0, 0, 0, 0, 0, 0, 0, 0, 0, 0
5.43, 2025-06-05__13-49-04.786268, -0.00428519, -0.600699, -0.00914685, -2.65968, -0.0210091, 1.70719, 0.711163, 0.0032034, -0.00309239, -0.00358064, -1.06267, 0.000205216, 0.00469996, -0.000492997, -0.098445, -1.11932, -0.35282, -1.37036, -0.572063, 0.112637, 0.301852, 0, 0, 0, 0, 0, 0, 0, 0, 0, 0, 0, 0, 0, 0
5.44, 2025-06-05__13-49-04.796268, -0.00428438, -0.60068, -0.00915661, -2.67042, -0.0210053, 1.70715, 0.711165, 0.000391435, 0.00303549, -0.000743195, -1.07164, 0.000582521, -0.00324719, 0.000389998, -0.0892002, -1.35734, -0.35144, -1.12329, -0.569583, 0.173632, 0.299496, 0, 0, 0, 0, 0, 0, 0, 0, 0, 0, 0, 0, 0, 0
5.45, 2025-06-05__13-49-04.806271, -0.00428352, -0.600697, -0.00914613, -2.6812, -0.021007, 1.70719, 0.711169, 0.00152857, -0.0056268, 0.000844837, -1.07432, 4.34951e-05, 0.00318692, -0.000198873, -0.110882, -1.15944, -0.378119, -1.19236, -0.568562, 0.145624, 0.301062, 0, 0, 0, 0, 0, 0, 0, 0, 0, 0, 0, 0, 0, 0
5.46, 2025-06-05__13-49-04.816271, -0.00428283, -0.600705, -0.0091461, -2.69192, -0.0210077, 1.7072, 0.711164, 0.000488079, 0.00301545, 0.00102047, -1.07257, 0.000396335, -0.00229746, -0.00112251, -0.0940576, -1.33185, -0.3567, -1.14104, -0.56952, 0.16811, 0.304239, 0, 0, 0, 0, 0, 0, 0, 0, 0, 0, 0, 0, 0, 0
5.47, 2025-06-05__13-49-04.826271, -0.00428177, -0.600687, -0.00915199, -2.70267, -0.021005, 1.70718, 0.711164, -0.000106402, -0.000991024, -0.000231204, -1.09426, -0.000234896, 0.00286255, -0.00612658, -0.0750205, -1.44462, -0.333986, -0.785481, -0.557376, 0.202261, 0.319739, 0, 0, 0, 0, 0, 0, 0, 0, 0, 0, 0, 0, 0, 0
5.48, 2025-06-05__13-49-04.836269, -0.00427624, -0.600726, -0.00914253, -2.71341, -0.0210084, 1.70721, 0.711164, -0.000475149, -0.00325882, 3.09492e-05, -1.07351, 0.0001884, 0.00320727, -0.000803226, -0.0630822, -1.16584, -0.320758, -1.22928, -0.567012, 0.142754, 0.302888, 0, 0, 0, 0, 0, 0, 0, 0, 0, 0, 0, 0, 0, 0
5.49, 2025-06-05__13-49-04.846268, -0.0042704, -0.600698, -0.00914781, -2.72419, -0.0210089, 1.70718, 0.711165, -0.000410518, 0.00601662, -0.000821823, -1.07612, 0.00020398, -0.0026268, -0.000187431, -0.0502274, -1.40118, -0.298432, -1.0832, -0.565603, 0.181049, 0.301244, 0, 0, 0, 0, 0, 0, 0, 0, 0, 0, 0, 0, 0, 0
5.5, 2025-06-05__13-49-04.856270, -0.00426682, -0.600728, -0.00913724, -2.73502, -0.0210078, 1.7072, 0.711164, 0.00555038, -0.00292457, 0.00322645, -1.07542, -0.000549718, 0.00173668, -0.000410866, -0.138113, -1.17072, -0.389992, -1.20791, -0.570038, 0.153053, 0.302385, 0, 0, 0, 0, 0, 0, 0, 0, 0, 0, 0, 0, 0, 0
5.51, 2025-06-05__13-49-04.866266, -0.00425905, -0.600729, -0.00912841, -2.74584, -0.0210069, 1.7072, 0.71117, 0.00189729, 0.0018043, 0.00207315, -1.0784, 0.000250526, -0.00174319, 0.000533078, -0.0879959, -1.29372, -0.338009, -1.11184, -0.568452, 0.177789, 0.299072, 0, 0, 0, 0, 0, 0, 0, 0, 0, 0, 0, 0, 0, 0
5.52, 2025-06-05__13-49-04.876269, -0.00426578, -0.60073, -0.00913358, -2.75664, -0.0210042, 1.7072, 0.71117, 0.000193855, -0.00297723, 0.00183438, -1.0873, 1.7072e-05, 0.00183352, -0.00094495, -0.0630016, -1.25845, -0.314908, -1.0069, -0.562568, 0.18313, 0.303471, 0, 0, 0, 0, 0, 0, 0, 0, 0, 0, 0, 0, 0, 0
5.53, 2025-06-05__13-49-04.886269, -0.00425834, -0.600752, -0.00912762, -2.76745, -0.0210123, 1.70722, 0.711164, 0.00666118, -0.00113524, -0.000864827, -1.08133, -0.000524259, 0.00138811, -0.000551273, -0.0968984, -1.22635, -0.326191, -1.11928, -0.56584, 0.168941, 0.302732, 0, 0, 0, 0, 0, 0, 0, 0, 0, 0, 0, 0, 0, 0
5.54, 2025-06-05__13-49-04.896268, -0.00426292, -0.600736, -0.00913183, -2.77828, -0.0210081, 1.7072, 0.711168, -0.000888689, 0.00117845, -0.000751183, -1.088, -3.99214e-05, 0.000751125, 0.000337151, -0.0193031, -1.32952, -0.259703, -0.980087, -0.559766, 0.191858, 0.299471, 0, 0, 0, 0, 0, 0, 0, 0, 0, 0, 0, 0, 0, 0
5.55, 2025-06-05__13-49-04.906268, -0.00425658, -0.600763, -0.00911843, -2.78913, -0.0210092, 1.70722, 0.711167, 0.00208462, -0.00181084, 0.000366622, -1.08356, 0.000134387, 0.00185043, 7.28349e-05, -0.0506031, -1.20625, -0.287395, -1.11085, -0.564651, 0.17195, 0.300397, 0, 0, 0, 0, 0, 0, 0, 0, 0, 0, 0, 0, 0, 0
5.56, 2025-06-05__13-49-04.916283, -0.00424558, -0.600752, -0.00912473, -2.79997, -0.0210092, 1.70721, 0.711166, 0.00777057, 0.00156414, -0.00156723, -1.07922, 1.68341e-05, -0.00108218, -0.000274092, -0.0819312, -1.23366, -0.297939, -1.16694, -0.568917, 0.175001, 0.301795, 0, 0, 0, 0, 0, 0, 0, 0, 0, 0, 0, 0, 0, 0
5.57, 2025-06-05__13-49-04.926268, -0.00425308, -0.600764, -0.00911524, -2.81082, -0.0210079, 1.70722, 0.71117, 0.000796604, -0.00747556, 0.00112029, -1.0887, -0.000155499, 0.00103489, 0.00121859, -0.0321994, -1.11431, -0.271397, -1.08257, -0.561036, 0.183829, 0.296713, 0, 0, 0, 0, 0, 0, 0, 0, 0, 0, 0, 0, 0, 0
5.58, 2025-06-05__13-49-04.936270, -0.0042476, -0.60078, -0.00911692, -2.82167, -0.0210079, 1.70723, 0.711173, 0.00115295, -0.00165307, -0.00233851, -1.08962, 0.000540725, -0.00223321, 0.000593841, -0.00564754, -1.22826, -0.231052, -1.02191, -0.56177, 0.202541, 0.298428, 0, 0, 0, 0, 0, 0, 0, 0, 0, 0, 0, 0, 0, 0
5.59, 2025-06-05__13-49-04.946266, -0.00424726, -0.600772, -0.00910494, -2.83259, -0.0210072, 1.70722, 0.711168, 0.00138627, 0.000118081, 0.00172856, -1.09421, -0.00929075, 0.000670855, -0.00115875, -0.0258224, -1.28961, -0.260416, -0.930998, -0.528474, 0.204502, 0.304843, 0, 0, 0, 0, 0, 0, 0, 0, 0, 0, 0, 0, 0, 0
5.6, 2025-06-05__13-49-04.956269, -0.00424132, -0.600797, -0.00910421, -2.84347, -0.0210079, 1.70724, 0.711164, 2.95171e-05, -0.00179107, -0.000426731, -1.09392, -0.000476773, 0.0028451, -0.000278617, 0.000999474, -1.22979, -0.22843, 0.626024, -0.556523, 0.192722, 0.301542, 0, 0, 0, 5, 0, 0, 0, 0, 0, 0, 0, 0, 0, 0
5.61, 2025-06-05__13-49-04.966266, -0.00423289, -0.60077, -0.00910041, -2.85426, -0.0210117, 1.7072, 0.711165, 0.0039032, 0.00209767, 0.000139372, -1.06596, 8.4133e-05, -0.00417139, -0.000553701, -0.0234704, -1.07958, -0.2405, 0.442117, -0.572142, 0.152847, 0.302223, 0, 0, 0, 5, 0, 0, 0, 0, 0, 0, 0, 0, 0, 0
5.62, 2025-06-05__13-49-04.976266, -0.00423093, -0.600716, -0.00909565, -2.86493, -0.0210117, 1.7072, 0.711169, -0.000747779, 0.00599059, 0.0010081, -1.06313, -0.0003036, 0.00196893, 0.00727713, 0.0184061, -1.13351, -0.20761, 1.02814, -0.569715, 0.124988, 0.277698, 0, 0, 0, 5, 0, 0, 0, 0, 0, 0, 0, 0, 0, 0
5.63, 2025-06-05__13-49-04.986266, -0.00421494, -0.600682, -0.00907456, -2.8734, -0.0210144, 1.70721, 0.71117, 0.000705899, 0.00116329, 0.0041121, -1.05652, 0.000794042, -0.000906541, 0.000903166, -0.0111536, -0.992192, -0.240369, 1.58015, -0.577771, 0.115177, 0.297236, 0, 0, 0, 5, 0, 0, 0, 0, 0, 0, 0, 0, 0, 0
5.64, 2025-06-05__13-49-04.996265, -0.00421005, -0.600542, -0.0090517, -2.88579, -0.0210161, 1.70717, 0.711167, 0.0019188, 0.0183664, 0.00265664, -1.03125, 0.000475222, -0.00179712, -0.00116144, 0.000273687, -1.1498, -0.212943, 2.58216, -0.587254, 0.0697304, 0.303516, 0, 0, 0, 5, 0, 0, 0, 0, 0, 0, 0, 0, 0, 0
5.65, 2025-06-05__13-49-05.006266, -0.00419546, -0.600373, -0.00899796, -2.89583, -0.0210331, 1.70708, 0.711164, 0.00328553, 0.0171069, 0.00337705, -1.00168, -0.00174416, -0.00883738, -0.000734188, -0.00452673, -0.941536, -0.214247, 3.34245, -0.592107, 0.0265423, 0.302198, 0, 0, 0, 5, 0, 0, 0, 0, 0, 0, 0, 0, 0, 0
5.66, 2025-06-05__13-49-05.016266, -0.00417887, -0.60011, -0.0089432, -2.90552, -0.0210505, 1.70683, 0.711165, 0.0019485, 0.0303635, 0.00611874, -0.958772, -0.00617116, -0.0200106, -0.000173889, 0.00665274, -0.933933, -0.203825, 4.07772, -0.594573, -0.0140747, 0.300468, 0, 0, 0, 5, 0, 0, 0, 0, 0, 0, 0, 0, 0, 0
5.67, 2025-06-05__13-49-05.026266, -0.00416567, -0.59974, -0.00888756, -2.91477, -0.0210777, 1.70635, 0.711164, -0.000232697, 0.0398993, 0.00912107, -0.914608, -0.00773619, -0.0537979, -0.000564556, 0.0238339, -0.899089, -0.190005, 4.85555, -0.606893, 0.0421548, 0.30206, 0, 0, 0, 5, 0, 0, 0, 0, 0, 0, 0, 0, 0, 0
5.68, 2025-06-05__13-49-05.036266, -0.00412861, -0.599283, -0.00882138, -2.9235, -0.0211537, 1.7056, 0.711166, 0.00365012, 0.0503356, 0.00344154, -0.866655, -0.0120099, -0.0840627, -1.79421e-05, 0.0397716, -0.881932, -0.144893, 5.53073, -0.61007, 0.0924421, 0.300745, 0, 0, 0, 5, 0, 0, 0, 0, 0, 0, 0, 0, 0, 0
5.69, 2025-06-05__13-49-05.046266, -0.0040938, -0.598667, -0.00872351, -2.93167, -0.021276, 1.70453, 0.711165, 0.00710738, 0.064517, 0.0125312, -0.793503, -0.00944146, -0.113466, -0.000454107, -0.0183018, -0.787752, -0.199308, 5.68312, -0.648795, 0.0969674, 0.302756, 0, 0, 0, 5, 0, 0, 0, 0, 0, 0, 0, 0, 0, 0
5.7, 2025-06-05__13-49-05.056265, -0.00407557, -0.597972, -0.00863845, -2.93849, -0.0214158, 1.70326, 0.711165, 0.000771367, 0.0765035, 0.0055387, -0.747839, -0.018476, -0.13719, 0.000144473, 0.0862444, -0.884818, -0.089939, 6.10842, -0.625989, 0.162596, 0.301051, 0, 0, 0, 5, 0, 0, 0, 0, 0, 0, 0, 0, 0, 0
5.71, 2025-06-05__13-49-05.066265, -0.00403001, -0.596986, -0.00850126, -2.94614, -0.0216254, 1.70134, 0.711174, 0.00584312, 0.0934192, 0.0128506, -0.667964, -0.0212618, -0.188431, 0.000367512, 0.0306202, -0.919607, -0.132485, 6.11411, -0.646532, 0.290958, 0.301739, 0, 0, 0, 5, 0, 0, 0, 0, 0, 0, 0, 0, 0, 0
5.72, 2025-06-05__13-49-05.076266, -0.00398938, -0.595895, -0.00837873, -2.95245, -0.0218236, 1.69938, 0.711169, 0.00706477, 0.110862, 0.00895432, -0.613229, -0.0219501, -0.203021, -0.000515609, 0.0529045, -1.15292, -0.0858652, 6.26609, -0.658581, 0.346556, 0.305224, 0, 0, 0, 5, 0, 0, 0, 0, 0, 0, 0, 0, 0, 0
5.73, 2025-06-05__13-49-05.086267, -0.00396201, -0.594766, -0.00822741, -2.95808, -0.0220446, 1.69725, 0.711175, 0.00176829, 0.116144, 0.0168224, -0.546069, -0.0263007, -0.22402, 0.0005164, 0.0713785, -1.09519, -0.0873691, 5.97166, -0.661551, 0.396455, 0.302479, 0, 0, 0, 5, 0, 0, 0, 0, 0, 0, 0, 0, 0, 0
5.74, 2025-06-05__13-49-05.096267, -0.00394512, -0.593616, -0.00805795, -2.96314, -0.0222477, 1.69496, 0.711174, -6.33378e-05, 0.115489, 0.015143, -0.493016, -0.020912, -0.224329, 0.000298003, 0.100129, -1.03335, -0.0538077, 5.73141, -0.691317, 0.408446, 0.302897, 0, 0, 0, 5, 0, 0, 0, 0, 0, 0, 0, 0, 0, 0
5.75, 2025-06-05__13-49-05.106270, -0.00392608, -0.592356, -0.00787842, -2.96763, -0.0224282, 1.69268, 0.711174, 0.00183174, 0.127795, 0.0142007, -0.434496, -0.017732, -0.224771, 8.61291e-05, 0.0986836, -1.18673, -0.0370167, 5.37928, -0.719853, 0.416846, 0.303807, 0, 0, 0, 5, 0, 0, 0, 0, 0, 0, 0, 0, 0, 0
5.76, 2025-06-05__13-49-05.116268, -0.0039027, -0.591021, -0.0077113, -2.97157, -0.0226009, 1.69039, 0.711175, 0.00265865, 0.137612, 0.0155768, -0.379634, -0.0199017, -0.231147, 0.00064425, 0.0963164, -1.34528, -0.0294205, 5.00856, -0.729364, 0.457343, 0.302817, 0, 0, 0, 5, 0, 0, 0, 0, 0, 0, 0, 0, 0, 0
5.77, 2025-06-05__13-49-05.126271, -0.0038879, -0.590141, -0.00758261, -2.97409, -0.022719, 1.6888, 0.711172, 0.00192263, 0.131656, 0.0211331, -0.353787, -0.0229243, -0.231312, 6.85449e-05, 0.0788183, -1.30471, -0.0575978, 4.8423, -0.725811, 0.490556, 0.305424, 0, 0, 0, 5, 0, 0, 0, 0, 0, 0, 0, 0, 0, 0
5.78, 2025-06-05__13-49-05.136268, -0.00386043, -0.588645, -0.00738312, -2.97821, -0.0229178, 1.68604, 0.71117, 0.00207776, 0.112594, 0.0119863, -0.297548, -0.00825036, -0.210233, -0.000742028, 0.120023, -0.992324, 0.00315807, 4.14489, -0.786736, 0.431162, 0.30638, 0, 0, 0, 5, 0, 0, 0, 0, 0, 0, 0, 0, 0, 0
5.79, 2025-06-05__13-49-05.146267, -0.00384126, -0.587378, -0.00723443, -2.98086, -0.0230604, 1.68409, 0.711164, 0.000817214, 0.126412, 0.0138382, -0.257737, -0.0182879, -0.186199, -0.000136365, 0.129163, -1.28094, 0.0148579, 3.80494, -0.763324, 0.37432, 0.305408, 0, 0, 0, 5, 0, 0, 0, 0, 0, 0, 0, 0, 0, 0
5.8, 2025-06-05__13-49-05.156272, -0.00382425, -0.586065, -0.00710278, -2.98315, -0.0231992, 1.6822, 0.711173, 0.00146761, 0.130435, 0.0130014, -0.221939, -0.0101911, -0.190579, 0.000783452, 0.129139, -1.46285, 0.0281953, 3.50101, -0.800657, 0.428929, 0.302378, 0, 0, 0, 5, 0, 0, 0, 0, 0, 0, 0, 0, 0, 0
5.81, 2025-06-05__13-49-05.166269, -0.00380576, -0.584864, -0.00698694, -2.98513, -0.0233178, 1.68052, 0.711172, 0.00207255, 0.125446, 0.0129801, -0.19189, -0.0135786, -0.157269, -0.000141404, 0.128366, -1.47272, 0.0323544, 3.10298, -0.796082, 0.331347, 0.305069, 0, 0, 0, 5, 0, 0, 0, 0, 0, 0, 0, 0, 0, 0
5.82, 2025-06-05__13-49-05.176269, -0.0037894, -0.583678, -0.00689217, -2.98685, -0.0234344, 1.67897, 0.71117, 0.000248564, 0.117727, 0.0101161, -0.164801, -0.00940446, -0.150298, -6.29991e-05, 0.155826, -1.47192, 0.0644468, 2.77571, -0.814642, 0.334726, 0.304563, 0, 0, 0, 5, 0, 0, 0, 0, 0, 0, 0, 0, 0, 0
5.83, 2025-06-05__13-49-05.186272, -0.0037758, -0.58284, -0.0068288, -2.98792, -0.0235154, 1.67797, 0.711175, 0.000539556, 0.121767, 0.0130411, -0.147431, -0.012901, -0.145891, 0.00157768, 0.143985, -1.64066, 0.0536924, 2.63398, -0.807872, 0.343895, 0.299951, 0, 0, 0, 5, 0, 0, 0, 0, 0, 0, 0, 0, 0, 0
5.84, 2025-06-05__13-49-05.196270, -0.00375444, -0.581403, -0.0067375, -2.98965, -0.0236968, 1.67629, 0.711174, 0.00283376, 0.102705, 0.00634812, -0.12538, -0.0157088, -0.126182, 0.000524424, 0.161046, -1.54002, 0.0872288, 2.31326, -0.797708, 0.312748, 0.303068, 0, 0, 0, 5, 0, 0, 0, 0, 0, 0, 0, 0, 0, 0
5.85, 2025-06-05__13-49-05.206275, -0.00374918, -0.580484, -0.00667675, -2.99078, -0.0238378, 1.67526, 0.711175, 0.00116909, 0.0900282, 0.00329521, -0.110159, -0.0122245, -0.0960646, 0.000302717, 0.186104, -1.44724, 0.113441, 2.03088, -0.80649, 0.21913, 0.302772, 0, 0, 0, 5, 0, 0, 0, 0, 0, 0, 0, 0, 0, 0
5.86, 2025-06-05__13-49-05.216267, -0.00373781, -0.579686, -0.00662262, -2.99179, -0.0239773, 1.67445, 0.711172, 0.000941855, 0.0760035, 0.00575897, -0.0975332, -0.011836, -0.0822934, 0.000342878, 0.177546, -1.32586, 0.0990331, 1.80585, -0.806072, 0.180011, 0.302692, 0, 0, 0, 5, 0, 0, 0, 0, 0, 0, 0, 0, 0, 0
5.87, 2025-06-05__13-49-05.226272, -0.00373728, -0.578992, -0.00658535, -2.99263, -0.0241282, 1.67377, 0.711167, 0.00131161, 0.0707514, 0.00183687, -0.0782048, -0.012131, -0.0661007, 0.000757838, 0.197645, -1.27952, 0.127709, 1.48031, -0.804201, 0.112081, 0.301158, 0, 0, 0, 5, 0, 0, 0, 0, 0, 0, 0, 0, 0, 0
5.88, 2025-06-05__13-49-05.236269, -0.0037331, -0.578399, -0.00654277, -2.99334, -0.0242951, 1.67317, 0.71117, -0.00345247, 0.0567996, -0.000182613, -0.067134, -0.0163194, -0.0637704, 0.000680109, 0.24433, -1.1255, 0.161724, 1.27125, -0.782678, 0.107267, 0.300988, 0, 0, 0, 5, 0, 0, 0, 0, 0, 0, 0, 0, 0, 0
5.89, 2025-06-05__13-49-05.246269, -0.00372467, -0.577917, -0.0065079, -2.99394, -0.0244748, 1.67267, 0.711173, 0.00207018, 0.0429762, 0.00479083, -0.0537457, -0.0110101, -0.0448259, -0.000431125, 0.183362, -0.915397, 0.104956, 0.95896, -0.799988, 0.0242633, 0.304141, 0, 0, 0, 5, 0, 0, 0, 0, 0, 0, 0, 0, 0, 0
5.9, 2025-06-05__13-49-05.256269, -0.00372368, -0.577563, -0.00648191, -2.99446, -0.0246697, 1.67228, 0.711173, -0.00052787, 0.0337886, 0.000357189, -0.0514331, -0.015788, -0.0360227, -0.000475863, 0.224183, -0.834877, 0.142481, 0.894676, -0.771811, 0.00486834, 0.304064, 0, 0, 0, 5, 0, 0, 0, 0, 0, 0, 0, 0, 0, 0
5.91, 2025-06-05__13-49-05.266267, -0.00371721, -0.577262, -0.00646026, -2.99489, -0.0248646, 1.67198, 0.711173, 0.00292952, 0.0266835, 0.00292706, -0.0455229, -0.0172776, -0.0284351, 0.000306229, 0.191068, -0.748926, 0.111836, 0.769758, -0.761113, -0.0240393, 0.30204, 0, 0, 0, 5, 0, 0, 0, 0, 0, 0, 0, 0, 0, 0
5.92, 2025-06-05__13-49-05.276272, -0.00371772, -0.577053, -0.00643964, -2.99526, -0.0250453, 1.67173, 0.711173, -0.000490976, 0.0196968, 0.00141015, -0.0384146, -0.0156448, -0.0247076, -0.00157973, 0.223172, -0.637547, 0.135768, 0.614569, -0.757608, -0.0440853, 0.307324, 0, 0, 0, 5, 0, 0, 0, 0, 0, 0, 0, 0, 0, 0
5.93, 2025-06-05__13-49-05.286271, -0.00371161, -0.576923, -0.00642101, -2.99559, -0.0252204, 1.67151, 0.711174, -3.14425e-05, 0.00919611, 0.0002321, -0.0331764, -0.0168956, -0.0211965, 0.000155962, 0.227343, -0.459574, 0.13866, 0.463992, -0.745805, -0.0639705, 0.301862, 0, 0, 0, 5, 0, 0, 0, 0, 0, 0, 0, 0, 0, 0
5.94, 2025-06-05__13-49-05.296266, -0.00370794, -0.576846, -0.00641006, -2.99589, -0.0253769, 1.67133, 0.711173, 0.000334431, 0.0064305, 0.00318106, -0.0323313, -0.0206517, -0.0189495, 0.000350189, 0.214397, -0.426481, 0.119639, 0.447737, -0.726031, -0.0655873, 0.301766, 0, 0, 0, 5, 0, 0, 0, 0, 0, 0, 0, 0, 0, 0
5.95, 2025-06-05__13-49-05.306266, -0.00369904, -0.576816, -0.00639167, -2.99617, -0.0255042, 1.67119, 0.711171, 0.00214652, 0.00301765, 0.00324427, -0.0290337, -0.0115704, -0.0160637, -0.00040863, 0.197069, -0.3551, 0.107501, 0.365868, -0.752379, -0.0787876, 0.303833, 0, 0, 0, 5, 0, 0, 0, 0, 0, 0, 0, 0, 0, 0
5.96, 2025-06-05__13-49-05.316266, -0.00370407, -0.576827, -0.00638777, -2.99642, -0.0256159, 1.67107, 0.711172, 0.000791552, -0.00172711, 0.00397369, -0.02353, -0.0159102, -0.0140896, -0.00488125, 0.208236, -0.235697, 0.110571, 0.233519, -0.732788, -0.0966806, 0.317484, 0, 0, 0, 5, 0, 0, 0, 0, 0, 0, 0, 0, 0, 0
5.97, 2025-06-05__13-49-05.326265, -0.00369865, -0.576837, -0.00637033, -2.99664, -0.0257168, 1.67097, 0.711168, -0.000714945, -7.47931e-05, 0.00233585, -0.0207105, -0.0132118, -0.0168864, -0.00149364, 0.225076, -0.245841, 0.126913, 0.202975, -0.737104, -0.0858202, 0.30713, 0, 0, 0, 5, 0, 0, 0, 0, 0, 0, 0, 0, 0, 0
5.98, 2025-06-05__13-49-05.336265, -0.00369409, -0.576858, -0.00636624, -2.99682, -0.0258139, 1.6709, 0.711171, -4.41573e-06, -0.0033449, 0.00141681, -0.0172044, -0.0146304, -0.00854883, 0.000313412, 0.225935, -0.157684, 0.129008, 0.0971204, -0.728379, -0.125562, 0.301305, 0, 0, 0, 5, 0, 0, 0, 0, 0, 0, 0, 0, 0, 0
5.99, 2025-06-05__13-49-05.346266, -0.00368515, -0.576867, -0.006348, -2.99699, -0.0259102, 1.67084, 0.711174, 0.00663778, -0.000659032, 0.00191585, -0.0167609, -0.0110021, -0.0158084, -0.000113477, 0.175315, -0.203371, 0.0958327, 0.130928, -0.739798, -0.093402, 0.303094, 0, 0, 0, 5, 0, 0, 0, 0, 0, 0, 0, 0, 0, 0
6, 2025-06-05__13-49-05.356269, -0.00368237, -0.576865, -0.00634164, -2.99713, -0.0259996, 1.67081, 0.711173, -0.000106812, 0.00069524, 0.0016547, -0.0152605, -0.00457121, -0.000310396, 7.85345e-05, 0.219634, -0.206651, 0.125304, 0.0715729, -0.753891, -0.15424, 0.301489, 0, 0, 0, 5, 0, 0, 0, 0, 0, 0, 0, 0, 0, 0
6.01, 2025-06-05__13-49-05.366268, -0.00367742, -0.576865, -0.00633445, -2.99725, -0.0260814, 1.67077, 0.711174, -0.000230983, -0.000314177, 0.00145248, -0.0100735, -0.00703769, -0.00399834, 0.000824318, 0.224253, -0.157835, 0.128733, -0.020682, -0.743225, -0.15145, 0.29929, 0, 0, 0, 5, 0, 0, 0, 0, 0, 0, 0, 0, 0, 0
6.02, 2025-06-05__13-49-05.376269, -0.00367562, -0.57686, -0.00633093, -2.99736, -0.0261575, 1.67073, 0.711173, -0.00547285, 0.00216731, 0.00141598, -0.0132777, -0.00990839, -0.00575898, -0.000979536, 0.261341, -0.223942, 0.152486, 0.0658265, -0.725754, -0.132087, 0.304856, 0, 0, 0, 5, 0, 0, 0, 0, 0, 0, 0, 0, 0, 0
6.03, 2025-06-05__13-49-05.386267, -0.00367007, -0.576855, -0.00631898, -2.99748, -0.0262303, 1.6707, 0.711173, 0.00292681, 0.000210536, 0.00153397, -0.0147513, -0.00335032, -0.00277939, -0.000624808, 0.19827, -0.201231, 0.111002, 0.0774285, -0.747865, -0.139809, 0.304051, 0, 0, 0, 5, 0, 0, 0, 0, 0, 0, 0, 0, 0, 0
6.04, 2025-06-05__13-49-05.396267, -0.00366602, -0.576854, -0.00631838, -2.99755, -0.0263022, 1.67068, 0.71117, 0.001461, 0.000345855, 0.000375066, -0.00350735, -0.00820806, -0.000643721, -0.000473952, 0.21942, -0.126802, 0.129231, -0.13957, -0.730829, -0.175327, 0.303567, 0, 0, 0, 5, 0, 0, 0, 0, 0, 0, 0, 0, 0, 0
6.05, 2025-06-05__13-49-05.406267, -0.00366391, -0.576862, -0.00630818, -2.99764, -0.0263575, 1.67066, 0.711175, -0.000205623, -0.000329199, 0.00287572, -0.00654464, -0.00130801, -0.00441406, 0.00148493, 0.215573, -0.136395, 0.118177, -0.0769577, -0.750259, -0.152241, 0.297218, 0, 0, 0, 5, 0, 0, 0, 0, 0, 0, 0, 0, 0, 0
6.06, 2025-06-05__13-49-05.416280, -0.00365726, -0.576865, -0.00629924, -2.99771, -0.0264027, 1.67064, 0.711171, 0.000897066, -0.000345105, -0.000204735, -0.00392753, -0.00937364, -0.000180958, -0.000385088, 0.225057, -0.115759, 0.133214, -0.133804, -0.721095, -0.174294, 0.303327, 0, 0, 0, 5, 0, 0, 0, 0, 0, 0, 0, 0, 0, 0
6.07, 2025-06-05__13-49-05.426284, -0.00365951, -0.576865, -0.00628962, -2.99778, -0.0264473, 1.67062, 0.711175, 0.000177387, 0.000279815, -6.59666e-05, -0.00520694, -0.00970089, -0.00187621, 0.000144212, 0.229328, -0.136255, 0.13508, -0.0987103, -0.716964, -0.162826, 0.301618, 0, 0, 0, 5, 0, 0, 0, 0, 0, 0, 0, 0, 0, 0
6.08, 2025-06-05__13-49-05.436280, -0.00365605, -0.576866, -0.00628044, -2.99783, -0.0264779, 1.67059, 0.711174, -0.000618171, 1.91608e-05, 0.000908584, -0.00213334, -0.00102219, -0.00191429, 0.00022974, 0.22652, -0.111507, 0.130703, -0.160605, -0.745997, -0.168657, 0.300945, 0, 0, 0, 5, 0, 0, 0, 0, 0, 0, 0, 0, 0, 0
6.09, 2025-06-05__13-49-05.446283, -0.00365502, -0.576862, -0.00627436, -2.99788, -0.0265056, 1.67057, 0.711173, -0.00133801, 0.000894408, 3.57753e-05, -0.00618147, -0.00169637, -0.00044855, 0.000384134, 0.234076, -0.154018, 0.137709, -0.0788798, -0.740195, -0.162214, 0.300563, 0, 0, 0, 5, 0, 0, 0, 0, 0, 0, 0, 0, 0, 0
6.1, 2025-06-05__13-49-05.456280, -0.00365284, -0.57686, -0.00626406, -2.99792, -0.0265341, 1.67056, 0.711174, -0.00130621, 0.000840691, 0.00031191, -0.00569481, -0.0078055, -6.30893e-05, 0.000971842, 0.23521, -0.149671, 0.136654, -0.0857828, -0.718235, -0.164575, 0.299048, 0, 0, 0, 5, 0, 0, 0, 0, 0, 0, 0, 0, 0, 0
6.11, 2025-06-05__13-49-05.466280, -0.00364402, -0.57686, -0.00625456, -2.99796, -0.0265592, 1.67054, 0.711175, 0.000244636, 0.00062108, 0.00084956, -0.0014976, -0.00435798, -0.000132962, 0.000804948, 0.220406, -0.117984, 0.125859, -0.166795, -0.731264, -0.173955, 0.299427, 0, 0, 0, 5, 0, 0, 0, 0, 0, 0, 0, 0, 0, 0
6.12, 2025-06-05__13-49-05.476281, -0.00364645, -0.576862, -0.00625624, -2.998, -0.0265858, 1.67053, 0.711173, -0.000629327, 0.000288851, -0.000288189, -0.00857375, -0.000225982, -0.00354035, 0.000297457, 0.22796, -0.16297, 0.133584, -0.0258635, -0.740547, -0.142157, 0.300991, 0, 0, 0, 5, 0, 0, 0, 0, 0, 0, 0, 0, 0, 0
6.13, 2025-06-05__13-49-05.486281, -0.00363591, -0.576862, -0.00624479, -2.99803, -0.0266192, 1.67051, 0.711175, 0.00294033, 0.000451834, 0.00139299, -0.00278113, -0.00662955, -0.00555758, 0.00458388, 0.199812, -0.12711, 0.110306, -0.125397, -0.721792, -0.148281, 0.288406, 0, 0, 0, 5, 0, 0, 0, 0, 0, 0, 0, 0, 0, 0
6.14, 2025-06-05__13-49-05.496282, -0.00364032, -0.576868, -0.00624067, -2.99806, -0.0266443, 1.6705, 0.711174, 0.00245899, -0.000863592, -0.000884343, -0.000969062, -0.00192259, -0.00108653, 0.000816698, 0.211194, -0.0896716, 0.124501, -0.18268, -0.736005, -0.170293, 0.299446, 0, 0, 0, 5, 0, 0, 0, 0, 0, 0, 0, 0, 0, 0
6.15, 2025-06-05__13-49-05.506281, -0.00363937, -0.576865, -0.00623212, -2.9981, -0.0266685, 1.67049, 0.711172, -0.00112561, 0.00100647, -0.00113867, -0.00180206, -0.00669931, 0.000124264, -0.000666697, 0.238537, -0.126384, 0.142444, -0.155057, -0.716349, -0.170853, 0.304102, 0, 0, 0, 5, 0, 0, 0, 0, 0, 0, 0, 0, 0, 0
6.16, 2025-06-05__13-49-05.516282, -0.00363584, -0.576865, -0.00622216, -2.99814, -0.0266891, 1.67048, 0.711173, 0.00818607, -0.000371355, -8.69832e-05, -0.00104112, -0.000734004, -0.000755407, -0.00148418, 0.166144, -0.0990155, 0.0927835, -0.174705, -0.740751, -0.170137, 0.306977, 0, 0, 0, 5, 0, 0, 0, 0, 0, 0, 0, 0, 0, 0
6.17, 2025-06-05__13-49-05.526284, -0.00363407, -0.576867, -0.00621309, -2.99817, -0.0267152, 1.67046, 0.711176, 0.00223, 0.00368058, 0.00140778, -0.00236589, -0.00589546, -0.00344722, 0.00333359, 0.20278, -0.176251, 0.11186, -0.113403, -0.719298, -0.152338, 0.292216, 0, 0, 0, 5, 0, 0, 0, 0, 0, 0, 0, 0, 0, 0
6.18, 2025-06-05__13-49-05.536279, -0.00363091, -0.576865, -0.0062067, -2.99821, -0.0267349, 1.67045, 0.71117, 0.00062189, -0.000249158, 0.000618545, -0.00209979, -0.00263738, -0.00098895, 0.000168667, 0.214861, -0.108281, 0.120439, -0.151926, -0.728054, -0.164412, 0.301752, 0, 0, 0, 5, 0, 0, 0, 0, 0, 0, 0, 0, 0, 0
6.19, 2025-06-05__13-49-05.546269, -0.00363307, -0.576862, -0.006203, -2.99823, -0.0267591, 1.67044, 0.711171, -0.0014397, 0.000183282, 0.000439191, -0.000630058, -0.00028212, -0.00550143, -0.000111784, 0.229558, -0.109837, 0.130783, -0.166263, -0.734435, -0.149458, 0.302392, 0, 0, 0, 5, 0, 0, 0, 0, 0, 0, 0, 0, 0, 0
6.2, 2025-06-05__13-49-05.556267, -0.00363055, -0.576865, -0.00619351, -2.99827, -0.0267925, 1.67043, 0.71117, -0.000959829, -0.000850873, 0.00047913, -0.00231828, -0.0048815, -0.000115068, -0.000266695, 0.226947, -0.0992772, 0.127428, -0.151723, -0.716459, -0.166479, 0.303108, 0, 0, 0, 5, 0, 0, 0, 0, 0, 0, 0, 0, 0, 0
6.21, 2025-06-05__13-49-05.566266, -0.00362671, -0.576865, -0.00618425, -2.99829, -0.0268208, 1.67042, 0.711174, 0.000462439, -0.000809993, 0.000668465, -0.000166547, -0.00378455, -0.00026148, -9.44461e-05, 0.215664, -0.085637, 0.119621, -0.191439, -0.720376, -0.170821, 0.302444, 0, 0, 0, 5, 0, 0, 0, 0, 0, 0, 0, 0, 0, 0
6.22, 2025-06-05__13-49-05.576269, -0.00362442, -0.576865, -0.00617723, -2.99832, -0.026854, 1.67042, 0.711179, -1.58791e-05, 1.56604e-06, 0.00210104, -9.94238e-05, -0.00246993, 0.000689496, 0.0070989, 0.212084, -0.0974795, 0.112887, -0.189373, -0.723667, -0.174307, 0.280213, 0, 0, 0, 5, 0, 0, 0, 0, 0, 0, 0, 0, 0, 0
6.23, 2025-06-05__13-49-05.586268, -0.0036265, -0.576868, -0.00617449, -2.99834, -0.0268883, 1.67041, 0.711175, 0.000491719, -0.000658484, 0.000549972, -0.00377558, -0.0012509, 3.00559e-05, -0.00569385, 0.213109, -0.111998, 0.117514, -0.121556, -0.723841, -0.161951, 0.319535, 0, 0, 0, 5, 0, 0, 0, 0, 0, 0, 0, 0, 0, 0
6.24, 2025-06-05__13-49-05.596267, -0.00362385, -0.576867, -0.00616515, -2.99836, -0.0269248, 1.6704, 0.711171, -0.000711582, -0.000606313, 0.000944089, -0.00578297, -0.00422167, -0.00455313, -0.00036048, 0.220578, -0.129494, 0.120189, -0.0692423, -0.710977, -0.13855, 0.303671, 0, 0, 0, 5, 0, 0, 0, 0, 0, 0, 0, 0, 0, 0
6.25, 2025-06-05__13-49-05.606281, -0.00362089, -0.576862, -0.00616155, -2.99838, -0.0269638, 1.67039, 0.711171, -5.8473e-05, 0.000771572, -0.00018504, -0.00263285, -0.000957304, -9.59389e-05, -0.000776061, 0.219819, -0.130154, 0.124221, -0.13175, -0.721299, -0.16219, 0.304664, 0, 0, 0, 5, 0, 0, 0, 0, 0, 0, 0, 0, 0, 0
6.26, 2025-06-05__13-49-05.616280, -0.00360965, -0.576867, -0.00615434, -2.9984, -0.0269974, 1.67039, 0.711172, 0.00375375, -0.00117653, 0.000174938, -0.00353034, -0.00523555, -0.000316129, -0.000311343, 0.192515, -0.102161, 0.104203, -0.124149, -0.706624, -0.16083, 0.303717, 0, 0, 0, 5, 0, 0, 0, 0, 0, 0, 0, 0, 0, 0
6.27, 2025-06-05__13-49-05.626271, -0.0036121, -0.576865, -0.00614876, -2.99841, -0.0270302, 1.67038, 0.711173, 0.00225616, -0.000351044, 6.12563e-05, -0.00164529, -0.000127411, -0.000261425, -0.000520311, 0.201479, -0.104119, 0.110905, -0.156441, -0.722299, -0.164432, 0.303952, 0, 0, 0, 5, 0, 0, 0, 0, 0, 0, 0, 0, 0, 0
6.28, 2025-06-05__13-49-05.636268, -0.0036142, -0.576867, -0.00613982, -2.99843, -0.0270692, 1.67037, 0.711174, 0.000217047, -0.000820532, 0.00124216, -0.00218431, -0.0104957, 7.92474e-05, 0.000123945, 0.215353, -0.098138, 0.114432, -0.1457, -0.684004, -0.164398, 0.302393, 0, 0, 0, 5, 0, 0, 0, 0, 0, 0, 0, 0, 0, 0
6.29, 2025-06-05__13-49-05.646269, -0.00361484, -0.576865, -0.00613622, -2.99843, -0.0270952, 1.67037, 0.711171, -0.00139992, -0.000359812, 0.000771048, 0.000642604, -0.00215761, -0.000493627, -0.00135474, 0.225197, -0.0883506, 0.123152, -0.198841, -0.711185, -0.168637, 0.306489, 0, 0, 0, 5, 0, 0, 0, 0, 0, 0, 0, 0, 0, 0
6.3, 2025-06-05__13-49-05.656269, -0.00361461, -0.576865, -0.00612989, -2.99844, -0.0271192, 1.67037, 0.71117, -0.000491644, 0.000531124, -0.000617415, 0.000249745, -0.00425429, -0.000344772, -0.001125, 0.225668, -0.106146, 0.127678, -0.184741, -0.702838, -0.167626, 0.305968, 0, 0, 0, 5, 0, 0, 0, 0, 0, 0, 0, 0, 0, 0
6.31, 2025-06-05__13-49-05.666269, -0.0036117, -0.576865, -0.00611779, -2.99845, -0.0271337, 1.67037, 0.71117, -4.29044e-05, -9.77218e-05, 0.00375995, 0.000346434, 8.96458e-07, 0.00010831, 0.0054498, 0.200811, -0.0931233, 0.09755, -0.191883, -0.718235, -0.170398, 0.285912, 0, 0, 0, 5, 0, 0, 0, 0, 0, 0, 0, 0, 0, 0
6.32, 2025-06-05__13-49-05.676269, -0.00360675, -0.576868, -0.00610684, -2.99846, -0.0271562, 1.67036, 0.711172, 0.000612995, -0.000946391, 0.000963953, 0.0001975, -0.00284828, 0.000352365, 0.000843658, 0.20847, -0.0800361, 0.110164, -0.1945, -0.706739, -0.170885, 0.29996, 0, 0, 0, 5, 0, 0, 0, 0, 0, 0, 0, 0, 0, 0
6.33, 2025-06-05__13-49-05.686269, -0.00361133, -0.576862, -0.00609755, -2.99847, -0.0271768, 1.67036, 0.711171, -0.00115844, 0.00127766, 0.00156532, 0.000434445, -0.00335419, 0.000128291, -0.000613383, 0.218295, -0.116972, 0.114882, -0.182704, -0.703366, -0.168911, 0.304458, 0, 0, 0, 5, 0, 0, 0, 0, 0, 0, 0, 0, 0, 0
6.34, 2025-06-05__13-49-05.696268, -0.00361388, -0.576862, -0.00608624, -2.99848, -0.0272033, 1.67036, 0.711173, -0.00321803, 0.000762753, 0.0032412, -0.00105143, -0.000780677, -0.00266776, -0.00520533, 0.222987, -0.119894, 0.111753, -0.151184, -0.709399, -0.154453, 0.318344, 0, 0, 0, 5, 0, 0, 0, 0, 0, 0, 0, 0, 0, 0
6.35, 2025-06-05__13-49-05.706270, -0.00360636, -0.576865, -0.00607567, -2.99849, -0.0272323, 1.67035, 0.711171, 0.000268671, 0.000366788, 0.00165902, -0.00103619, -0.00554758, -0.00020916, -0.000207366, 0.207202, -0.110976, 0.105758, -0.157677, -0.693249, -0.164154, 0.303515, 0, 0, 0, 5, 0, 0, 0, 0, 0, 0, 0, 0, 0, 0
6.36, 2025-06-05__13-49-05.716270, -0.00360597, -0.576867, -0.00606592, -2.9985, -0.0272614, 1.67035, 0.711171, 0.00210556, -0.000865377, 0.000747778, -0.00185596, -0.000965591, 0.000304008, -0.000118789, 0.19549, -0.0956285, 0.10049, -0.152903, -0.707668, -0.164903, 0.303111, 0, 0, 0, 5, 0, 0, 0, 0, 0, 0, 0, 0, 0, 0
6.37, 2025-06-05__13-49-05.726268, -0.00360355, -0.576862, -0.00605633, -2.99851, -0.0272878, 1.67035, 0.711169, 0.000883756, 0.00107019, -0.000131781, -0.000651979, -0.00474893, 6.47984e-05, -0.000436274, 0.209293, -0.121302, 0.112208, -0.16072, -0.693202, -0.1656, 0.304272, 0, 0, 0, 5, 0, 0, 0, 0, 0, 0, 0, 0, 0, 0
6.38, 2025-06-05__13-49-05.736268, -0.0036081, -0.576868, -0.00604888, -2.99852, -0.027322, 1.67035, 0.711171, 0.00304716, 0.00128603, 6.07737e-05, -0.00137587, -0.00696613, 7.91981e-05, -1.57328e-05, 0.194684, -0.128012, 0.101742, -0.144108, -0.684725, -0.163953, 0.303206, 0, 0, 0, 5, 0, 0, 0, 0, 0, 0, 0, 0, 0, 0
6.39, 2025-06-05__13-49-05.746267, -0.00360281, -0.576865, -0.00604038, -2.99852, -0.0273555, 1.67034, 0.711172, 0.00110022, 0.000484393, -0.000802322, -0.00312018, -0.0100115, -0.00242105, 0.00539683, 0.212529, -0.128939, 0.1147, -0.108566, -0.671106, -0.149811, 0.286687, 0, 0, 0, 5, 0, 0, 0, 0, 0, 0, 0, 0, 0, 0
6.4, 2025-06-05__13-49-05.756268, -0.00360515, -0.576865, -0.00602774, -2.99852, -0.0273844, 1.67034, 0.71117, -0.000737714, 0.000690179, 0.00237668, 0.000950396, -0.000657475, 4.01049e-05, -0.000961509, 0.206913, -0.102645, 0.101599, -0.194262, -0.702532, -0.169276, 0.305704, 0, 0, 0, 5, 0, 0, 0, 0, 0, 0, 0, 0, 0, 0
6.41, 2025-06-05__13-49-05.766268, -0.00360704, -0.57687, -0.0060212, -2.99853, -0.0274248, 1.67034, 0.711173, -0.00110392, -0.00183953, 0.00297792, 0.000447328, 8.93409e-05, -0.000332287, 5.39322e-05, 0.20645, -0.0625249, 0.0980374, -0.201049, -0.702635, -0.168382, 0.302432, 0, 0, 0, 5, 0, 0, 0, 0, 0, 0, 0, 0, 0, 0
6.42, 2025-06-05__13-49-05.776268, -0.00360236, -0.576865, -0.00601549, -2.99854, -0.0274825, 1.67034, 0.711173, 0.000128676, 0.000465981, 0.00332378, -0.000717791, -0.00539707, -0.000376413, 0.000103049, 0.1984, -0.109635, 0.0918254, -0.159417, -0.681383, -0.163872, 0.302775, 0, 0, 0, 5, 0, 0, 0, 0, 0, 0, 0, 0, 0, 0
6.43, 2025-06-05__13-49-05.786268, -0.00359749, -0.576863, -0.00600924, -2.99854, -0.0275356, 1.67034, 0.711173, 0.000180365, -0.000295149, 0.00217807, 0.000172571, -0.00453072, -0.000389258, -0.00378867, 0.202093, -0.0919292, 0.0973194, -0.181631, -0.68146, -0.166452, 0.314595, 0, 0, 0, 5, 0, 0, 0, 0, 0, 0, 0, 0, 0, 0
6.44, 2025-06-05__13-49-05.796269, -0.00360285, -0.576868, -0.00600811, -2.99855, -0.027579, 1.67034, 0.711172, 0.00297441, -0.000988462, 0.000379191, -0.000446958, -0.00387352, 5.52166e-05, -0.000574942, 0.191183, -0.083611, 0.0957152, -0.175751, -0.682204, -0.167269, 0.30489, 0, 0, 0, 5, 0, 0, 0, 0, 0, 0, 0, 0, 0, 0
6.45, 2025-06-05__13-49-05.806270, -0.00360392, -0.576868, -0.00600696, -2.99855, -0.0276329, 1.67034, 0.711179, 0.000156229, -0.000593837, 0.00284497, 0.000899584, -0.0023926, 0.000250665, 0.000174056, 0.200001, -0.0800615, 0.093743, -0.199718, -0.684181, -0.171131, 0.302152, 0, 0, 0, 5, 0, 0, 0, 0, 0, 0, 0, 0, 0, 0
6.46, 2025-06-05__13-49-05.816267, -0.00359651, -0.576865, -0.00599631, -2.99856, -0.0276844, 1.67033, 0.711173, 0.00042954, 0.000423287, 0.000534536, -0.00192034, -0.00861866, 0.000446094, 0.00140019, 0.20944, -0.117178, 0.106082, -0.136343, -0.658987, -0.163533, 0.299009, 0, 0, 0, 5, 0, 0, 0, 0, 0, 0, 0, 0, 0, 0
6.47, 2025-06-05__13-49-05.826267, -0.00359643, -0.576865, -0.00599456, -2.99857, -0.0277321, 1.67033, 0.711177, 0.000281185, 5.47151e-05, -9.41009e-05, -0.00181041, -0.0075395, -0.00452432, -0.000122436, 0.213123, -0.114041, 0.110311, -0.128546, -0.660021, -0.14462, 0.303521, 0, 0, 0, 5, 0, 0, 0, 0, 0, 0, 0, 0, 0, 0
6.48, 2025-06-05__13-49-05.836268, -0.00359332, -0.576865, -0.00598319, -2.99857, -0.0277862, 1.67033, 0.711174, 0.000879725, 0.000519269, 0.00227475, -0.000333792, -0.00588602, -0.000221497, -0.000385201, 0.197333, -0.107961, 0.0925566, -0.163935, -0.664218, -0.164967, 0.304483, 0, 0, 0, 5, 0, 0, 0, 0, 0, 0, 0, 0, 0, 0
6.49, 2025-06-05__13-49-05.846266, -0.00359582, -0.576865, -0.00597364, -2.99858, -0.0278335, 1.67033, 0.711177, 0.000350301, -0.000117103, 0.00151545, -0.000779638, -0.00690076, -6.223e-05, -0.000320678, 0.20464, -0.100354, 0.0987091, -0.159651, -0.657639, -0.164857, 0.304153, 0, 0, 0, 5, 0, 0, 0, 0, 0, 0, 0, 0, 0, 0
6.5, 2025-06-05__13-49-05.856265, -0.00359557, -0.576862, -0.00597255, -2.99858, -0.0278776, 1.67033, 0.711173, 0.000990487, 0.00111478, -0.000516619, 0.000499842, -0.0121291, 0.000448859, -0.000654247, 0.212271, -0.113129, 0.110161, -0.175096, -0.637882, -0.169272, 0.305563, 0, 0, 0, 5, 0, 0, 0, 0, 0, 0, 0, 0, 0, 0
6.51, 2025-06-05__13-49-05.866267, -0.00359564, -0.576862, -0.00596022, -2.99859, -0.0279282, 1.67033, 0.711174, 0.00014463, 0.00106259, 9.83997e-05, -0.000210848, -0.00632964, -7.60597e-05, 0.00145749, 0.212038, -0.117392, 0.107747, -0.162304, -0.654601, -0.165378, 0.29882, 0, 0, 0, 5, 0, 0, 0, 0, 0, 0, 0, 0, 0, 0
6.52, 2025-06-05__13-49-05.876271, -0.00359322, -0.576862, -0.00595052, -2.9986, -0.0279727, 1.67033, 0.711172, 0.000522802, 0.00111018, 0.000303225, -0.000786142, -0.000881475, 0.000265425, 5.55747e-05, 0.204969, -0.122053, 0.102423, -0.153218, -0.670826, -0.165104, 0.30302, 0, 0, 0, 5, 0, 0, 0, 0, 0, 0, 0, 0, 0, 0
6.53, 2025-06-05__13-49-05.886267, -0.00359548, -0.576862, -0.00594128, -2.99861, -0.0280093, 1.67032, 0.711177, -0.000668957, 0.000736357, 0.000832319, -0.000178805, -0.00250608, 9.73732e-05, 0.000717512, 0.211822, -0.111558, 0.104431, -0.165792, -0.663176, -0.165688, 0.300808, 0, 0, 0, 5, 0, 0, 0, 0, 0, 0, 0, 0, 0, 0
6.54, 2025-06-05__13-49-05.896266, -0.00359254, -0.576859, -0.0059317, -2.99861, -0.0280586, 1.67032, 0.711175, -2.78952e-05, 0.00069171, 0.000572792, 0.00243499, -3.52222e-05, 5.81561e-05, -0.00043016, 0.207432, -0.0941443, 0.10249, -0.216319, -0.670261, -0.172124, 0.304308, 0, 0, 0, 5, 0, 0, 0, 0, 0, 0, 0, 0, 0, 0
6.55, 2025-06-05__13-49-05.906267, -0.00359543, -0.576863, -0.00592541, -2.99862, -0.0281234, 1.67032, 0.711174, -0.00086061, 0.000659506, -0.00113435, -0.00123416, -0.00601812, 0.000300542, 6.40473e-05, 0.22289, -0.117374, 0.116349, -0.145126, -0.644263, -0.163884, 0.303107, 0, 0, 0, 5, 0, 0, 0, 0, 0, 0, 0, 0, 0, 0
6.56, 2025-06-05__13-49-05.916267, -0.00359256, -0.576865, -0.00590949, -2.99862, -0.0281875, 1.67032, 0.711176, -0.00580525, -0.000531662, 0.00287642, -0.000804429, -0.0037744, 7.03456e-05, -0.000297868, 0.237573, -0.092737, 0.111784, -0.161535, -0.6472, -0.16483, 0.303916, 0, 0, 0, 5, 0, 0, 0, 0, 0, 0, 0, 0, 0, 0
6.57, 2025-06-05__13-49-05.926267, -0.00359532, -0.576863, -0.00590046, -2.99863, -0.02824, 1.67032, 0.711175, -0.000360725, -3.4707e-05, 0.00457442, 0.000217335, -0.00587124, -1.89824e-05, 2.59328e-05, 0.194113, -0.0938255, 0.0785507, -0.173926, -0.640892, -0.167214, 0.303575, 0, 0, 0, 5, 0, 0, 0, 0, 0, 0, 0, 0, 0, 0
6.58, 2025-06-05__13-49-05.936266, -0.00358789, -0.576862, -0.0058931, -2.99864, -0.0282871, 1.67032, 0.711175, 0.00745875, 0.000458297, 0.000419096, 0.000106774, -0.000663537, -7.0861e-05, 0.00144875, 0.154922, -0.104927, 0.0671529, -0.168795, -0.659205, -0.166519, 0.29935, 0, 0, 0, 5, 0, 0, 0, 0, 0, 0, 0, 0, 0, 0
6.59, 2025-06-05__13-49-05.946266, -0.00359003, -0.576867, -0.005892, -2.99864, -0.0283396, 1.67032, 0.711175, 0.00103327, -0.000892788, -0.00124422, -0.000375896, -0.00585982, 0.000198514, -0.000814957, 0.209273, -0.0844534, 0.105702, -0.169977, -0.634731, -0.166974, 0.306005, 0, 0, 0, 5, 0, 0, 0, 0, 0, 0, 0, 0, 0, 0
6.6, 2025-06-05__13-49-05.956268, -0.00358938, -0.57686, -0.00587745, -2.99865, -0.0283896, 1.67032, 0.711176, -0.00163303, 0.00148076, 0.000859344, -0.000645321, -0.00140568, -0.00016948, 0.000552665, 0.215602, -0.127286, 0.103512, -0.148484, -0.646655, -0.16303, 0.301593, 0, 0, 0, 5, 0, 0, 0, 0, 0, 0, 0, 0, 0, 0
6.61, 2025-06-05__13-49-05.966266, -0.003595, -0.57686, -0.00587325, -2.99865, -0.0284314, 1.67032, 0.711174, -0.000446537, 0.00207166, -0.000732513, -0.00112375, -0.000721071, -0.000289644, 7.86133e-06, 0.214463, -0.141054, 0.107805, -0.135176, -0.646806, -0.160901, 0.303367, 0, 0, 0, 5, 0, 0, 0, 0, 0, 0, 0, 0, 0, 0
6.62, 2025-06-05__13-49-05.976268, -0.00358684, -0.576869, -0.00585932, -2.99865, -0.0284767, 1.67031, 0.711173, 0.00180667, -0.00183097, 0.00166906, -0.000799564, -0.00814861, -0.000223447, -0.000433775, 0.19081, -0.070027, 0.0824261, -0.163715, -0.620791, -0.164708, 0.305382, 0, 0, 0, 5, 0, 0, 0, 0, 0, 0, 0, 0, 0, 0
6.63, 2025-06-05__13-49-05.986268, -0.00358934, -0.576865, -0.00584976, -2.99865, -0.0285116, 1.67032, 0.71117, -0.000561515, -0.00085025, -0.00010681, 0.00123602, -0.00295343, -7.56429e-05, 0.000530859, 0.212816, -0.0743556, 0.102575, -0.199588, -0.635936, -0.169962, 0.302052, 0, 0, 0, 5, 0, 0, 0, 0, 0, 0, 0, 0, 0, 0
6.64, 2025-06-05__13-49-05.996268, -0.00359425, -0.576861, -0.00584612, -2.99865, -0.0285377, 1.67031, 0.711174, -0.0064567, 0.000850881, 0.000505186, 0.000500199, -0.00473137, -0.000321955, 2.74787e-05, 0.251867, -0.108624, 0.125586, -0.173304, -0.625517, -0.165046, 0.303192, 0, 0, 0, 5, 0, 0, 0, 0, 0, 0, 0, 0, 0, 0
6.65, 2025-06-05__13-49-06.006269, -0.00359147, -0.576867, -0.00583624, -2.99865, -0.0285683, 1.67031, 0.711171, 0.000210692, -0.000649578, 0.000965022, 0.000996798, -0.005514, 1.68983e-07, -0.000201839, 0.20371, -0.0782162, 0.0925308, -0.191653, -0.624811, -0.169121, 0.304542, 0, 0, 0, 5, 0, 0, 0, 0, 0, 0, 0, 0, 0, 0
6.66, 2025-06-05__13-49-06.016266, -0.00358863, -0.576865, -0.00583489, -2.99866, -0.028598, 1.67031, 0.71117, -0.00169397, -0.000205525, 0.00241243, 0.000318578, -0.00134432, -0.000331206, -0.000607584, 0.208063, -0.0906263, 0.0909609, -0.175962, -0.636645, -0.165653, 0.305627, 0, 0, 0, 5, 0, 0, 0, 0, 0, 0, 0, 0, 0, 0
6.67, 2025-06-05__13-49-06.026269, -0.00358934, -0.57686, -0.00582555, -2.99866, -0.028625, 1.67031, 0.711169, 0.000681875, 0.00191903, -0.00058635, 0.000897543, -0.00279046, -0.000378443, -0.000163819, 0.205344, -0.124466, 0.0991404, -0.17165, -0.631174, -0.165439, 0.304446, 0, 0, 0, 5, 0, 0, 0, 0, 0, 0, 0, 0, 0, 0
6.68, 2025-06-05__13-49-06.036268, -0.00358988, -0.576865, -0.00581362, -2.99867, -0.0286525, 1.67031, 0.711175, -0.000860428, 0.000538794, 0.000921994, -0.000178791, -0.00135786, -0.000153421, 0.00207697, 0.207964, -0.106646, 0.0948233, -0.161605, -0.633856, -0.164636, 0.29724, 0, 0, 0, 5, 0, 0, 0, 0, 0, 0, 0, 0, 0, 0
6.69, 2025-06-05__13-49-06.046266, -0.00358415, -0.576868, -0.00580492, -2.99867, -0.0286825, 1.67031, 0.711168, 0.00111663, -0.000697004, 0.00315797, -0.000872157, -0.0016654, -8.00546e-05, -0.00190986, 0.183294, -0.0890434, 0.0709859, -0.155307, -0.632294, -0.164248, 0.310054, 0, 0, 0, 5, 0, 0, 0, 0, 0, 0, 0, 0, 0, 0
6.7, 2025-06-05__13-49-06.056268, -0.00358927, -0.576863, -0.00579197, -2.99867, -0.028706, 1.67031, 0.711172, -0.00103782, 0.000448655, 0.00230267, 0.00121858, -0.000109559, -6.46131e-05, 0.00023021, 0.201698, -0.0955812, 0.0856175, -0.188656, -0.636069, -0.168603, 0.303049, 0, 0, 0, 5, 0, 0, 0, 0, 0, 0, 0, 0, 0, 0
6.71, 2025-06-05__13-49-06.066268, -0.00358907, -0.576867, -0.00579073, -2.99867, -0.0287346, 1.67031, 0.711171, 0.000475343, -0.0014517, 0.000233084, 0.000728929, -0.00514872, 0.00036561, 0.000598936, 0.202784, -0.0662687, 0.0916089, -0.191687, -0.617353, -0.170498, 0.302193, 0, 0, 0, 5, 0, 0, 0, 0, 0, 0, 0, 0, 0, 0
6.72, 2025-06-05__13-49-06.076268, -0.00359177, -0.576868, -0.00578655, -2.99867, -0.0287672, 1.67031, 0.711172, -0.000477762, -0.00031648, -0.00194492, 0.000461234, -0.00627291, 0.000426849, -0.000139451, 0.219517, -0.0874572, 0.109196, -0.179504, -0.610736, -0.169124, 0.304327, 0, 0, 0, 5, 0, 0, 0, 0, 0, 0, 0, 0, 0, 0
6.73, 2025-06-05__13-49-06.086269, -0.00358618, -0.576868, -0.00577728, -2.99868, -0.0287923, 1.67031, 0.711177, -0.000104416, -0.00073598, -0.000820278, -0.000873868, -0.00228942, -9.20956e-05, 0.000572761, 0.208721, -0.0895774, 0.0982824, -0.156094, -0.623046, -0.164039, 0.301875, 0, 0, 0, 5, 0, 0, 0, 0, 0, 0, 0, 0, 0, 0
6.74, 2025-06-05__13-49-06.096267, -0.00358833, -0.576865, -0.00576872, -2.99868, -0.0288168, 1.67031, 0.711175, 0.00333789, -3.53376e-05, 0.00307888, -0.000528249, -0.000178749, -2.30856e-06, 0.000147225, 0.166842, -0.0982541, 0.0593907, -0.156209, -0.631789, -0.165133, 0.303641, 0, 0, 0, 5, 0, 0, 0, 0, 0, 0, 0, 0, 0, 0
6.75, 2025-06-05__13-49-06.106268, -0.00358895, -0.57687, -0.00576449, -2.99868, -0.0288408, 1.6703, 0.711175, -0.001366, -0.00155796, -0.000584749, -0.0030123, -0.000592474, 0.000110805, 0.000667496, 0.214689, -0.0896452, 0.100147, -0.121511, -0.624876, -0.159346, 0.301591, 0, 0, 0, 5, 0, 0, 0, 0, 0, 0, 0, 0, 0, 0
6.76, 2025-06-05__13-49-06.116268, -0.00359106, -0.576867, -0.00575241, -2.99868, -0.0288625, 1.6703, 0.711171, -0.000377671, -0.00109076, 0.00151082, -0.00278678, -0.000889035, 4.21659e-05, -0.000251349, 0.198454, -0.0958445, 0.082798, -0.120908, -0.623833, -0.159484, 0.30481, 0, 0, 0, 5, 0, 0, 0, 0, 0, 0, 0, 0, 0, 0
6.77, 2025-06-05__13-49-06.126269, -0.00358085, -0.576865, -0.00574704, -2.99868, -0.0288822, 1.6703, 0.711175, 0.00529372, 0.000593419, -5.27205e-06, -0.00057909, -0.00143948, -0.000134707, -4.96201e-05, 0.165687, -0.110203, 0.067538, -0.149671, -0.624451, -0.163464, 0.304366, 0, 0, 0, 5, 0, 0, 0, 0, 0, 0, 0, 0, 0, 0
6.78, 2025-06-05__13-49-06.136268, -0.00358641, -0.576865, -0.00574278, -2.99868, -0.0288972, 1.6703, 0.711178, 0.000537323, 0.000328216, 4.93438e-05, 0.00015723, -0.000535097, 4.37571e-06, -2.21999e-05, 0.198383, -0.100711, 0.0879027, -0.167619, -0.624617, -0.165761, 0.303755, 0, 0, 0, 5, 0, 0, 0, 0, 0, 0, 0, 0, 0, 0
6.79, 2025-06-05__13-49-06.146268, -0.00358364, -0.576867, -0.00573678, -2.99869, -0.0289172, 1.6703, 0.711174, 0.00554695, -0.000895722, 0.00249744, -0.00124444, -0.00330584, -0.000275167, -0.000357694, 0.153611, -0.0882755, 0.0505859, -0.144809, -0.616645, -0.162516, 0.305616, 0, 0, 0, 5, 0, 0, 0, 0, 0, 0, 0, 0, 0, 0
6.8, 2025-06-05__13-49-06.156268, -0.00358365, -0.57687, -0.00573259, -2.99868, -0.0289335, 1.6703, 0.711171, 0.000218065, -0.000628319, -0.000683329, -0.000504943, 0.000120021, -0.000188685, -0.000392474, 0.202532, -0.0883165, 0.0919014, -0.161665, -0.624332, -0.163988, 0.305152, 0, 0, 0, 5, 0, 0, 0, 0, 0, 0, 0, 0, 0, 0
6.81, 2025-06-05__13-49-06.166269, -0.00358543, -0.576863, -0.00572688, -2.99869, -0.0289481, 1.6703, 0.711172, 0.000956248, -7.2045e-05, 0.000725134, -0.00114961, -0.000323537, -0.000162085, 0.000228344, 0.191288, -0.103098, 0.08015, -0.143836, -0.622603, -0.162162, 0.303395, 0, 0, 0, 5, 0, 0, 0, 0, 0, 0, 0, 0, 0, 0
6.82, 2025-06-05__13-49-06.176268, -0.00358821, -0.576862, -0.00572053, -2.99869, -0.0289622, 1.6703, 0.711175, 0.00557438, 0.0012164, 0.000694655, 0.000111101, -0.00253146, 0.000198983, -0.00106671, 0.160935, -0.115966, 0.061208, -0.157816, -0.617136, -0.166169, 0.307647, 0, 0, 0, 5, 0, 0, 0, 0, 0, 0, 0, 0, 0, 0
6.83, 2025-06-05__13-49-06.186268, -0.00358613, -0.576864, -0.00571998, -2.9987, -0.0289716, 1.6703, 0.711174, 0.00172834, 0.000234157, -0.000132885, -0.00191281, 1.60658e-05, -0.000302463, 0.000322775, 0.189112, -0.113497, 0.0811906, -0.126767, -0.622466, -0.159481, 0.303052, 0, 0, 0, 5, 0, 0, 0, 0, 0, 0, 0, 0, 0, 0
6.84, 2025-06-05__13-49-06.196268, -0.00358363, -0.576865, -0.00571652, -2.99869, -0.0289824, 1.6703, 0.711174, 0.0024222, 9.10994e-05, -0.00143062, 0.000478763, -0.00358919, -0.000332135, -0.000350136, 0.192049, -0.0949729, 0.0870073, -0.172529, -0.610544, -0.165594, 0.305222, 0, 0, 0, 5, 0, 0, 0, 0, 0, 0, 0, 0, 0, 0
6.85, 2025-06-05__13-49-06.206268, -0.00358364, -0.576862, -0.0057105, -2.99869, -0.0289904, 1.6703, 0.711177, 0.00109195, 0.000411201, -0.000670972, 7.56946e-05, 8.24914e-05, 0.000149498, 0.000942345, 0.195667, -0.103354, 0.0869434, -0.165034, -0.622098, -0.166099, 0.300916, 0, 0, 0, 5, 0, 0, 0, 0, 0, 0, 0, 0, 0, 0
6.86, 2025-06-05__13-49-06.216269, -0.00357872, -0.576868, -0.00570481, -2.99869, -0.0290092, 1.6703, 0.711178, 0.000351042, -0.00158053, -0.000639524, 0.000806587, -0.00748786, 1.32596e-05, -9.04449e-05, 0.203825, -0.0632235, 0.0904624, -0.189914, -0.595114, -0.169023, 0.304319, 0, 0, 0, 5, 0, 0, 0, 0, 0, 0, 0, 0, 0, 0
6.87, 2025-06-05__13-49-06.226271, -0.00358377, -0.576865, -0.00569804, -2.9987, -0.0290164, 1.6703, 0.711175, -3.3508e-05, -0.00104169, 0.000236976, -0.00128941, -0.00267307, 0.000263669, -1.19048e-05, 0.199727, -0.0868929, 0.0850375, -0.147841, -0.610387, -0.164164, 0.30406, 0, 0, 0, 5, 0, 0, 0, 0, 0, 0, 0, 0, 0, 0
6.88, 2025-06-05__13-49-06.236270, -0.00358543, -0.576869, -0.00569424, -2.9987, -0.0290248, 1.6703, 0.711171, 0.000226608, -0.00154644, -0.00071845, 0.00107431, -0.000163076, -0.000194956, 3.12291e-06, 0.201562, -0.0623255, 0.0893599, -0.197014, -0.619266, -0.168682, 0.303995, 0, 0, 0, 5, 0, 0, 0, 0, 0, 0, 0, 0, 0, 0
6.89, 2025-06-05__13-49-06.246268, -0.00358571, -0.576863, -0.00568194, -2.9987, -0.0290351, 1.6703, 0.711178, 0.00100006, 0.000691171, 0.0034875, 0.000332193, -0.000535822, 0.000455584, 0.00115378, 0.177172, -0.10403, 0.0606898, -0.166866, -0.618823, -0.168065, 0.300515, 0, 0, 0, 5, 0, 0, 0, 0, 0, 0, 0, 0, 0, 0
6.9, 2025-06-05__13-49-06.256270, -0.00358329, -0.57686, -0.00568112, -2.9987, -0.0290434, 1.67029, 0.711179, 0.000395864, 0.00104425, 0.000817251, 0.00137908, 0.000244648, 0.000158899, 0.000940547, 0.192674, -0.104993, 0.0793244, -0.184422, -0.620542, -0.168467, 0.300901, 0, 0, 0, 5, 0, 0, 0, 0, 0, 0, 0, 0, 0, 0
6.91, 2025-06-05__13-49-06.266270, -0.00358605, -0.576867, -0.005673, -2.9987, -0.0290541, 1.67029, 0.711175, 0.00011685, -0.000463695, 0.000596924, 0.00116924, -0.00286505, -0.000230889, 0.000684882, 0.196865, -0.0795643, 0.081425, -0.189162, -0.609016, -0.167596, 0.301981, 0, 0, 0, 5, 0, 0, 0, 0, 0, 0, 0, 0, 0, 0
6.92, 2025-06-05__13-49-06.276268, -0.00358376, -0.576863, -0.00566874, -2.99871, -0.0290618, 1.67029, 0.711172, 0.000338878, 0.000509774, 0.00124905, 0.000660767, -6.2768e-05, 1.32095e-05, -0.000713944, 0.190361, -0.100023, 0.0755302, -0.173615, -0.618258, -0.166494, 0.306349, 0, 0, 0, 5, 0, 0, 0, 0, 0, 0, 0, 0, 0, 0
6.93, 2025-06-05__13-49-06.286268, -0.00358787, -0.576864, -0.00566617, -2.99871, -0.0290728, 1.67029, 0.71117, -8.28617e-05, -0.000526925, -4.00762e-05, -0.0007653, -0.00456235, -2.44679e-05, -0.000224355, 0.201078, -0.0922833, 0.0853697, -0.152019, -0.601223, -0.163495, 0.305082, 0, 0, 0, 5, 0, 0, 0, 0, 0, 0, 0, 0, 0, 0
6.94, 2025-06-05__13-49-06.296269, -0.00358116, -0.576865, -0.00566327, -2.99871, -0.0290774, 1.67029, 0.711179, 0.000950573, -0.000203342, 0.00250582, 0.00158339, -1.74314e-05, -0.000273871, 0.000449744, 0.180507, -0.0810644, 0.0648821, -0.194921, -0.618616, -0.168385, 0.302565, 0, 0, 0, 5, 0, 0, 0, 0, 0, 0, 0, 0, 0, 0
6.95, 2025-06-05__13-49-06.306271, -0.00358581, -0.576867, -0.00565969, -2.99871, -0.0290867, 1.67029, 0.71118, -0.00118066, -0.00120308, 0.000293533, -0.00142387, -0.00504856, -0.000189589, 0.000187681, 0.206741, -0.0845887, 0.0871788, -0.143738, -0.598146, -0.16168, 0.30335, 0, 0, 0, 5, 0, 0, 0, 0, 0, 0, 0, 0, 0, 0
6.96, 2025-06-05__13-49-06.316270, -0.0035858, -0.576861, -0.005659, -2.99871, -0.0290924, 1.67029, 0.711173, 0.000714433, 0.00114075, -0.000517049, -0.000905809, -0.00035359, -0.000505748, -0.00159627, 0.194906, -0.12259, 0.0835609, -0.137874, -0.614864, -0.159975, 0.309034, 0, 0, 0, 5, 0, 0, 0, 0, 0, 0, 0, 0, 0, 0
6.97, 2025-06-05__13-49-06.326271, -0.00358573, -0.576868, -0.0056558, -2.99871, -0.0291014, 1.67029, 0.711175, 0.00393391, -0.000529344, -0.000199065, 0.00108108, 0.000189004, -0.000330116, -0.000693734, 0.171565, -0.079294, 0.0672548, -0.187519, -0.618618, -0.167151, 0.306323, 0, 0, 0, 5, 0, 0, 0, 0, 0, 0, 0, 0, 0, 0
6.98, 2025-06-05__13-49-06.336269, -0.00358374, -0.576862, -0.00565261, -2.99871, -0.0291083, 1.67029, 0.711178, 0.00013682, -0.00034927, -0.000891926, 0.000488188, -0.00318957, 0.000222916, 8.14309e-05, 0.201906, -0.0874222, 0.0882828, -0.175757, -0.604526, -0.167459, 0.303693, 0, 0, 0, 5, 0, 0, 0, 0, 0, 0, 0, 0, 0, 0
6.99, 2025-06-05__13-49-06.346268, -0.00358258, -0.576863, -0.00564691, -2.99871, -0.0291158, 1.67029, 0.711179, 0.00107436, 0.000707613, 0.000126582, 0.000504155, -1.54156e-05, 7.08246e-05, 5.81536e-05, 0.188989, -0.104596, 0.0772216, -0.169162, -0.61577, -0.166226, 0.303717, 0, 0, 0, 5, 0, 0, 0, 0, 0, 0, 0, 0, 0, 0
7, 2025-06-05__13-49-06.356270, -0.00357973, -0.576868, -0.00564395, -2.99871, -0.0291225, 1.67029, 0.711177, 0.00426673, -0.00159498, 0.000268536, 0.000761051, -0.000540929, 0.000138345, 0.000142832, 0.166274, -0.0629989, 0.061337, -0.189022, -0.615234, -0.169016, 0.303763, 0, 0, 0, 5, 0, 0, 0, 0, 0, 0, 0, 0, 0, 0
7.01, 2025-06-05__13-49-06.366267, -0.00358295, -0.576864, -0.0056398, -2.99872, -0.029131, 1.67029, 0.711179, 0.00053154, 0.00011958, 0.000361541, -0.000645656, -0.00140634, -0.000318243, 0.000537432, 0.191786, -0.10233, 0.0774172, -0.149485, -0.609603, -0.162235, 0.302332, 0, 0, 0, 5, 0, 0, 0, 0, 0, 0, 0, 0, 0, 0
7.02, 2025-06-05__13-49-06.376271, -0.00358272, -0.576864, -0.00563735, -2.99872, -0.0291387, 1.67029, 0.711174, 0.00201607, -0.000118249, -0.000247284, -0.00214458, 6.43275e-06, -8.05625e-05, -0.000352442, 0.182846, -0.108609, 0.0733649, -0.123122, -0.613981, -0.159527, 0.305318, 0, 0, 0, 5, 0, 0, 0, 0, 0, 0, 0, 0, 0, 0
7.03, 2025-06-05__13-49-06.386269, -0.00358052, -0.576859, -0.00563426, -2.99872, -0.0291447, 1.67029, 0.711178, 0.00185393, 0.00195188, 0.00106254, -0.000638699, 5.68311e-05, -0.000330708, 0.000314033, 0.17835, -0.133932, 0.0672324, -0.136527, -0.614855, -0.160969, 0.303173, 0, 0, 0, 5, 0, 0, 0, 0, 0, 0, 0, 0, 0, 0
7.04, 2025-06-05__13-49-06.396269, -0.0035827, -0.576865, -0.00563035, -2.99872, -0.02915, 1.67028, 0.711178, 0.000199622, 0.00021752, -0.00122338, -8.3817e-05, -0.000102583, -0.000642193, -0.000127347, 0.199962, -0.100897, 0.0873882, -0.159445, -0.612734, -0.161613, 0.304261, 0, 0, 0, 5, 0, 0, 0, 0, 0, 0, 0, 0, 0, 0
7.05, 2025-06-05__13-49-06.406270, -0.00358055, -0.576862, -0.00562491, -2.99872, -0.029158, 1.67028, 0.711177, 0.00579659, 0.000992429, 0.00333758, 0.000100594, -1.05913e-05, -0.000315806, 0.000729328, 0.141032, -0.11133, 0.0356356, -0.155075, -0.616723, -0.163416, 0.302333, 0, 0, 0, 5, 0, 0, 0, 0, 0, 0, 0, 0, 0, 0
7.06, 2025-06-05__13-49-06.416268, -0.00358296, -0.576865, -0.00562134, -2.99872, -0.029163, 1.67028, 0.71117, -0.000436312, -0.000758469, 0.000395602, -0.00193875, 0.000402967, -9.0214e-05, -0.000268102, 0.195943, -0.096078, 0.0786467, -0.131531, -0.613089, -0.159792, 0.305104, 0, 0, 0, 5, 0, 0, 0, 0, 0, 0, 0, 0, 0, 0
7.07, 2025-06-05__13-49-06.426268, -0.00358501, -0.576862, -0.00561814, -2.99872, -0.0291699, 1.67028, 0.711175, -0.000554625, 0.00102265, 0.000699902, -0.000456881, -0.00023337, -0.000330307, 0.00106625, 0.196349, -0.116548, 0.0786468, -0.14674, -0.611325, -0.161408, 0.300843, 0, 0, 0, 5, 0, 0, 0, 0, 0, 0, 0, 0, 0, 0
7.08, 2025-06-05__13-49-06.436268, -0.00358287, -0.576865, -0.00561287, -2.99873, -0.029174, 1.67028, 0.711177, 0.00306029, -0.000968188, 0.00102071, -0.0016536, -0.0016895, 5.61178e-05, -0.000283426, 0.169762, -0.0901298, 0.0594818, -0.136531, -0.60741, -0.161546, 0.30521, 0, 0, 0, 5, 0, 0, 0, 0, 0, 0, 0, 0, 0, 0
7.09, 2025-06-05__13-49-06.446268, -0.00358097, -0.576862, -0.00561179, -2.99872, -0.0291795, 1.67028, 0.711179, 0.000106491, 0.000773953, 8.04731e-05, 0.00152192, -0.00036374, -5.44848e-05, 0.000203313, 0.194298, -0.0990447, 0.0791687, -0.186943, -0.611299, -0.16767, 0.30328, 0, 0, 0, 5, 0, 0, 0, 0, 0, 0, 0, 0, 0, 0
7.1, 2025-06-05__13-49-06.456270, -0.00358292, -0.576864, -0.00560856, -2.99872, -0.0291874, 1.67029, 0.711178, -4.01479e-05, 0.000164598, 0.000685487, 7.45969e-05, -0.00135949, 0.000548686, 0.000830336, 0.192783, -0.0972888, 0.0755956, -0.164792, -0.606984, -0.167448, 0.301488, 0, 0, 0, 5, 0, 0, 0, 0, 0, 0, 0, 0, 0, 0
7.11, 2025-06-05__13-49-06.466268, -0.00358271, -0.576864, -0.00560258, -2.99872, -0.0291938, 1.67028, 0.711179, -6.24946e-05, 0.000267554, 0.000930929, 0.000929356, -0.00106954, -3.73948e-05, 0.000668245, 0.19163, -0.0936289, 0.0739932, -0.178614, -0.608051, -0.166691, 0.301945, 0, 0, 0, 5, 0, 0, 0, 0, 0, 0, 0, 0, 0, 0
7.12, 2025-06-05__13-49-06.476270, -0.00358262, -0.576864, -0.00560467, -2.99873, -0.0291985, 1.67028, 0.711178, 0.000645724, 0.000402241, -0.00052968, -0.00145514, -0.000326559, 9.68098e-06, 8.29248e-05, 0.192161, -0.112552, 0.0788414, -0.132457, -0.609403, -0.16066, 0.303772, 0, 0, 0, 5, 0, 0, 0, 0, 0, 0, 0, 0, 0, 0
7.13, 2025-06-05__13-49-06.486269, -0.00358307, -0.57686, -0.00559618, -2.99873, -0.0292021, 1.67028, 0.711174, -0.00135666, 0.00188326, 0.000968788, -0.0023996, 0.000117108, -0.000172863, -0.000401659, 0.19839, -0.14421, 0.0781022, -0.10367, -0.60984, -0.156439, 0.305421, 0, 0, 0, 5, 0, 0, 0, 0, 0, 0, 0, 0, 0, 0
7.14, 2025-06-05__13-49-06.496268, -0.00358501, -0.576867, -0.00559509, -2.99873, -0.0292114, 1.67028, 0.711172, -0.000922392, -0.000553725, 0.002682, -0.000393264, -0.00481513, -0.000107202, 8.86649e-05, 0.191224, -0.0872069, 0.0669949, -0.156887, -0.593786, -0.163819, 0.304286, 0, 0, 0, 5, 0, 0, 0, 0, 0, 0, 0, 0, 0, 0
7.15, 2025-06-05__13-49-06.506269, -0.00358122, -0.576862, -0.00559508, -2.99872, -0.029213, 1.67028, 0.71117, 0.00242104, -9.03958e-05, -0.000118794, 0.00132525, -0.00400979, -0.000445587, -0.000181182, 0.180126, -0.0859553, 0.0694035, -0.185688, -0.598144, -0.166492, 0.305231, 0, 0, 0, 5, 0, 0, 0, 0, 0, 0, 0, 0, 0, 0
7.16, 2025-06-05__13-49-06.516270, -0.00357999, -0.576865, -0.00558938, -2.99873, -0.0292171, 1.67028, 0.711174, 0.00272768, -5.51611e-05, 0.0001808, -0.000133937, -0.000201554, -0.000295534, -0.000907556, 0.173832, -0.0956398, 0.0642598, -0.159193, -0.610571, -0.163314, 0.307159, 0, 0, 0, 5, 0, 0, 0, 0, 0, 0, 0, 0, 0, 0
7.17, 2025-06-05__13-49-06.526269, -0.00357975, -0.576867, -0.00559149, -2.99873, -0.0292215, 1.67028, 0.711177, 0.000486985, -0.000523447, -0.00153843, -0.000588856, 3.59913e-05, -2.79041e-05, -0.000262909, 0.196696, -0.090855, 0.0840661, -0.155826, -0.609429, -0.163321, 0.304786, 0, 0, 0, 5, 0, 0, 0, 0, 0, 0, 0, 0, 0, 0
7.18, 2025-06-05__13-49-06.536266, -0.00357975, -0.576864, -0.00558526, -2.99873, -0.0292299, 1.67028, 0.711175, 0.000205488, 1.43062e-06, 0.000728503, -0.00229963, 0.000177071, 0.000141365, 0.000371865, 0.187846, -0.110893, 0.0709315, -0.118885, -0.609316, -0.159386, 0.303088, 0, 0, 0, 5, 0, 0, 0, 0, 0, 0, 0, 0, 0, 0
7.19, 2025-06-05__13-49-06.546266, -0.00357654, -0.576862, -0.0055823, -2.99873, -0.0292309, 1.67028, 0.711175, 0.00532983, -0.00013084, -0.000948979, 0.000331621, 8.75647e-05, 0.00034335, 0.000526314, 0.160164, -0.0919306, 0.0589366, -0.169535, -0.612138, -0.167108, 0.302828, 0, 0, 0, 5, 0, 0, 0, 0, 0, 0, 0, 0, 0, 0
7.2, 2025-06-05__13-49-06.556272, -0.00358188, -0.576868, -0.00558189, -2.99873, -0.0292362, 1.67028, 0.711179, 4.66946e-05, -0.000642378, -0.00177986, -0.00123887, -7.18435e-05, 0.000422556, 0.000216411, 0.200331, -0.0927105, 0.0865196, -0.145425, -0.607789, -0.163484, 0.303208, 0, 0, 0, 5, 0, 0, 0, 0, 0, 0, 0, 0, 0, 0
7.21, 2025-06-05__13-49-06.566270, -0.00358718, -0.576864, -0.0055734, -2.99873, -0.0292404, 1.67028, 0.711177, -0.0012719, -0.000228739, 0.000398434, -0.000328066, 0.000138429, -0.000784087, -0.000612585, 0.200102, -0.0944691, 0.0793768, -0.156359, -0.608516, -0.1608, 0.30587, 0, 0, 0, 5, 0, 0, 0, 0, 0, 0, 0, 0, 0, 0
7.22, 2025-06-05__13-49-06.576269, -0.00358528, -0.576864, -0.00557021, -2.99874, -0.0292484, 1.67028, 0.711176, -0.00289739, -0.000366754, 0.000437475, -0.000814952, -0.00466413, 0.000198118, 8.01283e-05, 0.213027, -0.0944007, 0.0867875, -0.148929, -0.590771, -0.163538, 0.303917, 0, 0, 0, 5, 0, 0, 0, 0, 0, 0, 0, 0, 0, 0
7.23, 2025-06-05__13-49-06.586267, -0.00358253, -0.576863, -0.00556701, -2.99873, -0.0292505, 1.67028, 0.711175, -0.000648033, -0.00033471, 0.000489165, -0.000242552, -0.000206366, 0.000208855, -6.16915e-05, 0.194748, -0.0915729, 0.0753239, -0.160679, -0.607231, -0.165021, 0.304334, 0, 0, 0, 5, 0, 0, 0, 0, 0, 0, 0, 0, 0, 0
7.24, 2025-06-05__13-49-06.596267, -0.00358291, -0.576862, -0.00556636, -2.99874, -0.0292547, 1.67028, 0.711178, -0.00192574, 0.00184605, -0.000287722, -0.000913442, 0.000398995, 5.29603e-05, 0.000258254, 0.206498, -0.133213, 0.0859923, -0.133343, -0.608155, -0.161058, 0.30312, 0, 0, 0, 5, 0, 0, 0, 0, 0, 0, 0, 0, 0, 0
7.25, 2025-06-05__13-49-06.606267, -0.0035804, -0.576862, -0.00556073, -2.99873, -0.0292565, 1.67028, 0.711176, -0.001483, 0.000661816, -3.04496e-05, 0.000887818, -0.000527854, 0.000332441, 0.000798464, 0.202712, -0.100859, 0.0822462, -0.176124, -0.605849, -0.16762, 0.301589, 0, 0, 0, 5, 0, 0, 0, 0, 0, 0, 0, 0, 0, 0
7.26, 2025-06-05__13-49-06.616281, -0.00357759, -0.576859, -0.00555767, -2.99873, -0.029261, 1.67028, 0.711179, -6.82655e-05, 0.00129787, -0.000183077, 0.000825724, -0.00127137, 0.000306427, 0.000943612, 0.19354, -0.112675, 0.0769804, -0.169561, -0.603813, -0.166995, 0.301157, 0, 0, 0, 5, 0, 0, 0, 0, 0, 0, 0, 0, 0, 0
7.27, 2025-06-05__13-49-06.626281, -0.00357945, -0.576859, -0.00555955, -2.99874, -0.029265, 1.67028, 0.711176, -0.00124986, 0.000915185, -0.000738937, -7.20988e-05, -0.000106853, 0.000179556, -0.000235261, 0.203514, -0.112756, 0.0849609, -0.155422, -0.6064, -0.164332, 0.304747, 0, 0, 0, 5, 0, 0, 0, 0, 0, 0, 0, 0, 0, 0
7.28, 2025-06-05__13-49-06.636280, -0.00357621, -0.576864, -0.00555104, -2.99873, -0.0292692, 1.67028, 0.711176, 0.000724186, -0.000628095, -6.95101e-05, 0.00195538, 0.000198819, 0.00030488, -0.000803521, 0.186534, -0.0716791, 0.071353, -0.204892, -0.609061, -0.171233, 0.306578, 0, 0, 0, 5, 0, 0, 0, 0, 0, 0, 0, 0, 0, 0
7.29, 2025-06-05__13-49-06.646281, -0.003575, -0.576865, -0.00554801, -2.99874, -0.0292772, 1.67028, 0.711171, 0.00046515, -2.8722e-06, 0.000651304, 0.000461384, -0.00136038, -0.000252231, -9.28128e-05, 0.185322, -0.0919299, 0.068065, -0.169773, -0.602916, -0.164943, 0.304797, 0, 0, 0, 5, 0, 0, 0, 0, 0, 0, 0, 0, 0, 0
7.3, 2025-06-05__13-49-06.656281, -0.00357476, -0.576863, -0.00554784, -2.99874, -0.0292788, 1.67028, 0.711174, 0.00128656, 7.12384e-05, 0.000576156, -5.30182e-05, 0.000300353, -0.000162553, 0.00113573, 0.179065, -0.0971986, 0.0644369, -0.15984, -0.608757, -0.163946, 0.300886, 0, 0, 0, 5, 0, 0, 0, 0, 0, 0, 0, 0, 0, 0
7.31, 2025-06-05__13-49-06.666280, -0.00357942, -0.576869, -0.00554714, -2.99874, -0.0292849, 1.67028, 0.711177, -0.000613654, -0.00181243, -0.000782298, 0.00026264, -9.88979e-05, -0.000279177, -0.000456247, 0.198756, -0.0626827, 0.0804397, -0.17973, -0.605685, -0.165443, 0.305391, 0, 0, 0, 5, 0, 0, 0, 0, 0, 0, 0, 0, 0, 0
7.32, 2025-06-05__13-49-06.676281, -0.0035772, -0.576864, -0.00554144, -2.99875, -0.029289, 1.67027, 0.711179, 0.00208249, 0.000874859, -0.00017999, -0.00284447, -0.000123699, -0.000163525, -4.55949e-05, 0.176092, -0.129544, 0.0645337, -0.100183, -0.605943, -0.155735, 0.304397, 0, 0, 0, 5, 0, 0, 0, 0, 0, 0, 0, 0, 0, 0
7.33, 2025-06-05__13-49-06.686273, -0.00358208, -0.576864, -0.00553849, -2.99874, -0.0292973, 1.67027, 0.711173, -0.00119174, 0.000260607, -0.000392236, 0.000111873, -0.00270452, 0.000296398, 0.000403767, 0.202105, -0.0988917, 0.0814999, -0.1624, -0.596086, -0.165312, 0.303099, 0, 0, 0, 5, 0, 0, 0, 0, 0, 0, 0, 0, 0, 0
7.34, 2025-06-05__13-49-06.696280, -0.00357968, -0.576868, -0.00553331, -2.99874, -0.0292982, 1.67027, 0.711176, -0.00087556, -0.001365, 0.00189047, -0.00097104, 2.55385e-05, -0.000231078, 0.000394472, 0.187734, -0.077697, 0.0643131, -0.151779, -0.605587, -0.16178, 0.303012, 0, 0, 0, 5, 0, 0, 0, 0, 0, 0, 0, 0, 0, 0
7.35, 2025-06-05__13-49-06.706278, -0.00357758, -0.576863, -0.00553298, -2.99874, -0.0293028, 1.67027, 0.711174, 0.000480533, 0.000423969, 0.000545886, -0.000688971, 7.07241e-05, 0.000103682, 9.66603e-06, 0.184056, -0.107203, 0.0669923, -0.145482, -0.606066, -0.162496, 0.304329, 0, 0, 0, 5, 0, 0, 0, 0, 0, 0, 0, 0, 0, 0
7.36, 2025-06-05__13-49-06.716266, -0.00357126, -0.576867, -0.00553474, -2.99874, -0.0293089, 1.67027, 0.711179, 0.0015941, -0.000646618, 0.000375373, -0.000363254, -0.000368607, -0.000186701, 0.00029406, 0.177001, -0.0863725, 0.0627307, -0.158125, -0.60488, -0.163061, 0.303306, 0, 0, 0, 5, 0, 0, 0, 0, 0, 0, 0, 0, 0, 0
7.37, 2025-06-05__13-49-06.726266, -0.00357652, -0.576864, -0.00552907, -2.99874, -0.029314, 1.67027, 0.711178, -3.68595e-05, -0.000349597, 0.00152919, -0.00033753, -0.0029687, -0.0032984, -0.00263206, 0.184694, -0.0934856, 0.0636367, -0.147453, -0.595172, -0.150757, 0.312455, 0, 0, 0, 5, 0, 0, 0, 0, 0, 0, 0, 0, 0, 0
7.38, 2025-06-05__13-49-06.736266, -0.00357727, -0.576862, -0.00553333, -2.99875, -0.0293185, 1.67027, 0.711177, -0.00455688, 0.000231141, -0.00047393, -0.00142129, -0.000533083, 0.000186716, -0.00015716, 0.223388, -0.109471, 0.0949097, -0.134245, -0.600124, -0.160743, 0.304348, 0, 0, 0, 5, 0, 0, 0, 0, 0, 0, 0, 0, 0, 0
7.39, 2025-06-05__13-49-06.746269, -0.00357645, -0.576862, -0.00552795, -2.99874, -0.0293219, 1.67027, 0.711172, -0.00114458, 0.00105074, 0.000401128, -5.85941e-05, 0.000136843, 1.96221e-05, -0.000159075, 0.195716, -0.113758, 0.0749055, -0.153451, -0.604743, -0.163222, 0.304831, 0, 0, 0, 5, 0, 0, 0, 0, 0, 0, 0, 0, 0, 0
7.4, 2025-06-05__13-49-06.756268, -0.00357102, -0.576865, -0.00552475, -2.99874, -0.0293276, 1.67027, 0.711179, -0.00442605, -0.000519114, 0.00213478, 0.00062823, -0.000342252, -0.000435832, 0.000367586, 0.210543, -0.0817455, 0.0780716, -0.176546, -0.601845, -0.164258, 0.302763, 0, 0, 0, 5, 0, 0, 0, 0, 0, 0, 0, 0, 0, 0
7.41, 2025-06-05__13-49-06.766270, -0.00357418, -0.576866, -0.00552477, -2.99874, -0.0293305, 1.67027, 0.711178, -0.000455121, -0.000806454, -0.000718972, -0.000456736, -0.000344524, 0.00012574, -0.000262744, 0.195582, -0.0847117, 0.0774086, -0.158905, -0.602475, -0.163954, 0.304865, 0, 0, 0, 5, 0, 0, 0, 0, 0, 0, 0, 0, 0, 0
7.42, 2025-06-05__13-49-06.776270, -0.00357654, -0.576862, -0.00552159, -2.99874, -0.0293369, 1.67027, 0.711177, -1.9619e-05, -0.000281146, -0.000610768, 0.000844893, -0.000128481, -0.00524802, 0.000350819, 0.192835, -0.0893992, 0.0757157, -0.166212, -0.603814, -0.145976, 0.303164, 0, 0, 0, 5, 0, 0, 0, 0, 0, 0, 0, 0, 0, 0
7.43, 2025-06-05__13-49-06.786274, -0.00357415, -0.576863, -0.00551842, -2.99874, -0.0293364, 1.67027, 0.711175, 4.06345e-05, -2.16367e-05, -0.000773814, 0.000310517, 0.000100451, -0.000515755, 6.53779e-05, 0.192082, -0.0938508, 0.075544, -0.166391, -0.604316, -0.162854, 0.304031, 0, 0, 0, 5, 0, 0, 0, 0, 0, 0, 0, 0, 0, 0
7.44, 2025-06-05__13-49-06.796269, -0.003579, -0.576862, -0.00552085, -2.99875, -0.0293456, 1.67027, 0.71118, -0.000943932, 9.21722e-05, -0.00099379, -0.000155523, -0.000167213, 0.000123771, 0.00119523, 0.200605, -0.0987654, 0.0816962, -0.158362, -0.602203, -0.164032, 0.300276, 0, 0, 0, 5, 0, 0, 0, 0, 0, 0, 0, 0, 0, 0
7.45, 2025-06-05__13-49-06.806270, -0.00357439, -0.576857, -0.00551797, -2.99874, -0.0293497, 1.67027, 0.711172, 0.000546126, 0.00203089, -0.00112357, 0.000814312, -0.000149153, 5.68396e-05, -0.00158417, 0.19034, -0.125975, 0.0763488, -0.162818, -0.603165, -0.164856, 0.30927, 0, 0, 0, 5, 0, 0, 0, 0, 0, 0, 0, 0, 0, 0
7.46, 2025-06-05__13-49-06.816268, -0.0035744, -0.576857, -0.00551202, -2.99875, -0.0293506, 1.67027, 0.711178, -0.00042874, 0.00231666, -0.00101023, 0.00378487, 8.67814e-05, -0.000357007, 6.83771e-05, 0.197088, -0.110918, 0.0805504, -0.217113, -0.604726, -0.170537, 0.303819, 0, 0, 0, 5, 0, 0, 0, 0, 0, 0, 0, 0, 0, 0
7.47, 2025-06-05__13-49-06.826269, -0.0035783, -0.576862, -0.00550629, -2.99875, -0.0293551, 1.67027, 0.71118, -0.00121106, 0.000636539, 0.000816976, -0.00110169, 0.00012643, -0.000244577, 0.00914409, 0.19371, -0.113584, 0.071062, -0.135217, -0.603146, -0.160076, 0.276082, 0, 0, 0, 5, 0, 0, 0, 0, 0, 0, 0, 0, 0, 0
7.48, 2025-06-05__13-49-06.836270, -0.00357362, -0.576865, -0.00550416, -2.99875, -0.0293597, 1.67027, 0.711179, 0.000263444, -0.0001811, -0.000269029, 0.00104153, 3.92277e-05, 0.000109491, 0.00123957, 0.187806, -0.0850215, 0.0705606, -0.18274, -0.603484, -0.167369, 0.300296, 0, 0, 0, 5, 0, 0, 0, 0, 0, 0, 0, 0, 0, 0
7.49, 2025-06-05__13-49-06.846268, -0.00357346, -0.576863, -0.00550318, -2.99875, -0.029365, 1.67027, 0.711173, -0.00303756, 0.000121444, 0.000226824, -8.19065e-05, -0.000491341, 3.62706e-05, -0.000799152, 0.208124, -0.0979913, 0.0816949, -0.159276, -0.599371, -0.163786, 0.306669, 0, 0, 0, 5, 0, 0, 0, 0, 0, 0, 0, 0, 0, 0
7.5, 2025-06-05__13-49-06.856269, -0.00357874, -0.576864, -0.00550312, -2.99875, -0.0293651, 1.67027, 0.711175, -0.00138289, -0.00131179, 0.000264323, -0.000547324, -0.00264241, -5.92685e-05, -9.64012e-05, 0.1981, -0.076876, 0.0744705, -0.158565, -0.592602, -0.163411, 0.304629, 0, 0, 0, 5, 0, 0, 0, 0, 0, 0, 0, 0, 0, 0
7.51, 2025-06-05__13-49-06.866268, -0.00357328, -0.576862, -0.0054999, -2.99875, -0.0293699, 1.67027, 0.711179, -0.00168811, -0.000344762, 7.45627e-05, -0.000154102, 0.000329623, -0.000134908, -0.000194977, 0.198915, -0.0911381, 0.0760842, -0.160421, -0.602543, -0.163321, 0.304594, 0, 0, 0, 5, 0, 0, 0, 0, 0, 0, 0, 0, 0, 0
7.52, 2025-06-05__13-49-06.876270, -0.00357086, -0.576861, -0.00549401, -2.99875, -0.0293739, 1.67027, 0.711174, 0.000661145, 0.000708573, 0.001015, -0.000555894, 0.000512203, -5.603e-05, -0.00038768, 0.177782, -0.111278, 0.0597973, -0.144681, -0.604299, -0.162063, 0.305656, 0, 0, 0, 5, 0, 0, 0, 0, 0, 0, 0, 0, 0, 0
7.53, 2025-06-05__13-49-06.886269, -0.00357339, -0.576864, -0.00549742, -2.99875, -0.0293785, 1.67027, 0.711179, -0.00182066, -0.00101587, -1.71402e-05, 0.000797544, -0.00293365, 7.24475e-05, 0.000701121, 0.202102, -0.0726696, 0.0778981, -0.182731, -0.591247, -0.167126, 0.301966, 0, 0, 0, 5, 0, 0, 0, 0, 0, 0, 0, 0, 0, 0
7.54, 2025-06-05__13-49-06.896268, -0.00357268, -0.576865, -0.00549565, -2.99875, -0.02938, 1.67027, 0.711175, -0.00251326, -0.000574811, -0.000225501, -0.00149769, -0.000200694, -0.000447603, -0.000864301, 0.205469, -0.0959023, 0.0806499, -0.135723, -0.599188, -0.158831, 0.30682, 0, 0, 0, 5, 0, 0, 0, 0, 0, 0, 0, 0, 0, 0
7.55, 2025-06-05__13-49-06.906268, -0.0035754, -0.576865, -0.00549317, -2.99875, -0.0293816, 1.67027, 0.711179, -0.000506532, 0.000245142, -0.000248157, 0.00132547, 7.81196e-05, 0.000411441, 0.000520004, 0.192618, -0.0899363, 0.0731884, -0.186114, -0.60221, -0.168902, 0.302461, 0, 0, 0, 5, 0, 0, 0, 0, 0, 0, 0, 0, 0, 0
7.56, 2025-06-05__13-49-06.916268, -0.00356847, -0.576865, -0.0054904, -2.99875, -0.0293854, 1.67027, 0.711175, 0.00121279, -9.0727e-05, 0.000361861, 0.000659624, 0.000158434, 0.000354549, -0.00132552, 0.176877, -0.0886605, 0.0609235, -0.174648, -0.602988, -0.167332, 0.308461, 0, 0, 0, 5, 0, 0, 0, 0, 0, 0, 0, 0, 0, 0
7.57, 2025-06-05__13-49-06.926267, -0.00357257, -0.576865, -0.00548736, -2.99876, -0.0293923, 1.67027, 0.711175, 4.04161e-05, -0.000921087, 0.00015759, -0.00186455, 7.70975e-05, -0.000181101, -0.000105749, 0.18552, -0.0922067, 0.0662457, -0.130705, -0.600761, -0.159378, 0.304696, 0, 0, 0, 5, 0, 0, 0, 0, 0, 0, 0, 0, 0, 0
7.58, 2025-06-05__13-49-06.936280, -0.00357332, -0.576864, -0.00548962, -2.99875, -0.0293952, 1.67027, 0.711175, 0.000127333, -0.000653371, -0.00112086, 0.000889486, -0.00018675, -0.000224898, -0.000795397, 0.191649, -0.0788751, 0.074761, -0.181943, -0.600457, -0.165909, 0.3067, 0, 0, 0, 5, 0, 0, 0, 0, 0, 0, 0, 0, 0, 0
7.59, 2025-06-05__13-49-06.946280, -0.00357231, -0.576859, -0.00548179, -2.99875, -0.0293986, 1.67027, 0.711179, 0.00371831, 0.000631791, 0.000470146, 3.93764e-05, 0.000290416, -0.000373942, -3.36048e-05, 0.158944, -0.106786, 0.0490749, -0.154609, -0.603931, -0.162556, 0.304556, 0, 0, 0, 5, 0, 0, 0, 0, 0, 0, 0, 0, 0, 0
7.6, 2025-06-05__13-49-06.956281, -0.00357325, -0.576862, -0.00547828, -2.99875, -0.0294015, 1.67027, 0.711175, 0.000199318, 0.000150633, 0.000486095, 8.21551e-05, 0.000288799, 4.05423e-05, -6.16095e-06, 0.18298, -0.097394, 0.0638668, -0.161045, -0.601996, -0.164435, 0.304396, 0, 0, 0, 5, 0, 0, 0, 0, 0, 0, 0, 0, 0, 0
7.61, 2025-06-05__13-49-06.966280, -0.00357588, -0.576859, -0.00548323, -2.99875, -0.0294034, 1.67027, 0.711178, -0.00128906, 0.00120823, -0.00023429, 0.000433737, 0.000140142, -0.000419003, 0.000903516, 0.197268, -0.114024, 0.0759023, -0.159874, -0.600696, -0.162657, 0.301358, 0, 0, 0, 5, 0, 0, 0, 0, 0, 0, 0, 0, 0, 0
7.62, 2025-06-05__13-49-06.976282, -0.00356798, -0.576866, -0.00548007, -2.99875, -0.0294088, 1.67026, 0.711174, 0.00105958, -0.000954503, -0.000432556, -0.00023524, 8.10658e-05, -0.000288058, 2.28814e-05, 0.180735, -0.080764, 0.0649529, -0.161496, -0.600962, -0.162589, 0.304378, 0, 0, 0, 5, 0, 0, 0, 0, 0, 0, 0, 0, 0, 0
7.63, 2025-06-05__13-49-06.986281, -0.0035679, -0.576867, -0.00548003, -2.99875, -0.0294086, 1.67027, 0.711179, -0.000814962, -0.00134768, -0.000703495, 0.000993093, 0.000179415, 0.00035554, 0.000429676, 0.195119, -0.0651985, 0.0749268, -0.190547, -0.600747, -0.16895, 0.302701, 0, 0, 0, 5, 0, 0, 0, 0, 0, 0, 0, 0, 0, 0
7.64, 2025-06-05__13-49-06.996281, -0.00357003, -0.576859, -0.00547433, -2.99875, -0.0294162, 1.67027, 0.711178, 0.00117474, 0.00119391, 0.000345392, -0.000470211, -0.00445197, 0.00021065, 7.4865e-05, 0.178589, -0.118899, 0.0613193, -0.141368, -0.585429, -0.163132, 0.304348, 0, 0, 0, 5, 0, 0, 0, 0, 0, 0, 0, 0, 0, 0
7.65, 2025-06-05__13-49-07.006283, -0.00357036, -0.576862, -0.00547056, -2.99876, -0.0294178, 1.67027, 0.711174, 0.00336857, 0.000307559, 0.00152524, -0.00096426, -3.37819e-05, -0.000283541, -0.000717482, 0.155751, -0.106866, 0.0428367, -0.137385, -0.601517, -0.160676, 0.306964, 0, 0, 0, 5, 0, 0, 0, 0, 0, 0, 0, 0, 0, 0
7.66, 2025-06-05__13-49-07.016270, -0.00357237, -0.576861, -0.00547114, -2.99875, -0.0294195, 1.67027, 0.71118, 3.16064e-05, 0.000255861, 0.000187914, 0.00121116, -0.0015817, -0.000269455, 0.00114531, 0.186373, -0.0919272, 0.0666935, -0.180444, -0.595059, -0.166072, 0.30071, 0, 0, 0, 5, 0, 0, 0, 0, 0, 0, 0, 0, 0, 0
7.67, 2025-06-05__13-49-07.026268, -0.00357529, -0.576859, -0.00546802, -2.99876, -0.0294226, 1.67027, 0.711179, -0.00719765, 0.000854851, -0.000524387, -0.000835785, 0.000206028, 0.000148021, 0.000281452, 0.237801, -0.11633, 0.101429, -0.140895, -0.596405, -0.161526, 0.302821, 0, 0, 0, 5, 0, 0, 0, 0, 0, 0, 0, 0, 0, 0
7.68, 2025-06-05__13-49-07.036267, -0.00357523, -0.576863, -0.00546303, -2.99875, -0.0294234, 1.67027, 0.711173, -0.00178552, 0.000375273, 0.000694595, 0.00329926, -0.000236858, 6.04402e-05, -0.00679188, 0.195829, -0.0791097, 0.0710192, -0.221424, -0.599058, -0.172299, 0.325102, 0, 0, 0, 5, 0, 0, 0, 0, 0, 0, 0, 0, 0, 0
7.69, 2025-06-05__13-49-07.046267, -0.00357014, -0.576864, -0.00546725, -2.99876, -0.0294284, 1.67027, 0.711175, -0.000169017, 0.000108942, -0.000550321, 0.000411788, -0.00023424, -0.000309878, -0.000637431, 0.189514, -0.0945333, 0.0707364, -0.166867, -0.59853, -0.163897, 0.306301, 0, 0, 0, 5, 0, 0, 0, 0, 0, 0, 0, 0, 0, 0
7.7, 2025-06-05__13-49-07.056267, -0.00356877, -0.576863, -0.00546372, -2.99876, -0.0294323, 1.67027, 0.71118, 0.00596473, 0.000232105, 0.000636817, -0.00115549, 8.01482e-05, -9.65508e-05, 0.000940534, 0.141212, -0.106767, 0.0360894, -0.134266, -0.602266, -0.161135, 0.30176, 0, 0, 0, 5, 0, 0, 0, 0, 0, 0, 0, 0, 0, 0
7.71, 2025-06-05__13-49-07.066266, -0.00357024, -0.576859, -0.00546155, -2.99876, -0.029436, 1.67027, 0.711179, 0.000366927, 0.00213277, -0.000132174, -0.000817976, -0.00466179, 7.68665e-05, 0.000412014, 0.18558, -0.137104, 0.0669496, -0.128064, -0.583154, -0.161035, 0.303251, 0, 0, 0, 5, 0, 0, 0, 0, 0, 0, 0, 0, 0, 0
7.72, 2025-06-05__13-49-07.076268, -0.00357016, -0.576862, -0.00546119, -2.99876, -0.0294383, 1.67027, 0.711179, 0.000130328, 0.000238205, 0.000290894, -0.00108239, -0.000499274, 0.000300741, 0.000461148, 0.183179, -0.106438, 0.0635918, -0.138124, -0.596971, -0.162489, 0.302871, 0, 0, 0, 5, 0, 0, 0, 0, 0, 0, 0, 0, 0, 0
7.73, 2025-06-05__13-49-07.086267, -0.00357016, -0.576863, -0.00545557, -2.99876, -0.0294415, 1.67027, 0.711178, -0.000275391, -0.000231969, 0.000935226, -6.62109e-05, -7.0227e-05, -0.000196173, 9.60606e-05, 0.182904, -0.0915698, 0.0610933, -0.159668, -0.598588, -0.163467, 0.304004, 0, 0, 0, 5, 0, 0, 0, 0, 0, 0, 0, 0, 0, 0
7.74, 2025-06-05__13-49-07.096268, -0.00357087, -0.576862, -0.00545835, -2.99876, -0.0294431, 1.67026, 0.711174, -0.00482638, 9.05379e-05, 0.000447392, 0.00145283, -0.000314436, -8.28058e-05, -0.000424587, 0.217187, -0.0871877, 0.084783, -0.187893, -0.595834, -0.16663, 0.305421, 0, 0, 0, 5, 0, 0, 0, 0, 0, 0, 0, 0, 0, 0
7.75, 2025-06-05__13-49-07.106269, -0.00357197, -0.576862, -0.00545237, -2.99876, -0.0294467, 1.67027, 0.71117, -0.00114791, -0.000122166, 0.000867158, -0.0013003, -0.000209547, 0.000448604, -8.10199e-05, 0.188863, -0.101542, 0.0647759, -0.136946, -0.596898, -0.162708, 0.304876, 0, 0, 0, 5, 0, 0, 0, 0, 0, 0, 0, 0, 0, 0
7.76, 2025-06-05__13-49-07.116266, -0.00356408, -0.576865, -0.00545451, -2.99876, -0.0294466, 1.67027, 0.71118, -0.0038492, -0.000844442, -0.000842906, -0.000523038, -0.00163922, 0.000413394, 0.000675719, 0.215268, -0.0840632, 0.0867548, -0.157781, -0.590608, -0.16487, 0.301867, 0, 0, 0, 5, 0, 0, 0, 0, 0, 0, 0, 0, 0, 0
7.77, 2025-06-05__13-49-07.126268, -0.00356976, -0.576862, -0.00544918, -2.99876, -0.0294495, 1.67026, 0.711179, -0.000819083, 0.000302308, 0.00042554, 0.0003602, -0.000626315, 4.10109e-06, -0.000250418, 0.188851, -0.0979671, 0.0663874, -0.164292, -0.596084, -0.164294, 0.304991, 0, 0, 0, 5, 0, 0, 0, 0, 0, 0, 0, 0, 0, 0
7.78, 2025-06-05__13-49-07.136265, -0.0035691, -0.576859, -0.00545407, -2.99877, -0.0294534, 1.67026, 0.711178, -0.000314244, 0.00137614, -0.00100782, -0.00159501, -5.24873e-05, 4.54564e-05, 0.000735167, 0.191097, -0.130399, 0.0728132, -0.119784, -0.597106, -0.158694, 0.302016, 0, 0, 0, 5, 0, 0, 0, 0, 0, 0, 0, 0, 0, 0
7.79, 2025-06-05__13-49-07.146268, -0.00356446, -0.576864, -0.00544853, -2.99876, -0.0294575, 1.67026, 0.711171, 0.00117908, -0.000623284, 0.000303439, -0.0012987, -0.000344461, 0.000103037, -0.000370718, 0.17442, -0.0932047, 0.0570381, -0.138592, -0.596933, -0.161248, 0.305874, 0, 0, 0, 5, 0, 0, 0, 0, 0, 0, 0, 0, 0, 0
7.8, 2025-06-05__13-49-07.156271, -0.00356934, -0.576862, -0.00544808, -2.99876, -0.0294605, 1.67026, 0.71118, 0.000585386, 0.000216224, -0.000573929, 0.00386947, 0.000133092, 6.01786e-05, 0.000755242, 0.184233, -0.0732491, 0.067116, -0.232528, -0.599933, -0.173497, 0.301804, 0, 0, 0, 5, 0, 0, 0, 0, 0, 0, 0, 0, 0, 0
7.81, 2025-06-05__13-49-07.166270, -0.00356934, -0.576864, -0.00544557, -2.99876, -0.0294655, 1.67027, 0.711179, -3.61838e-05, -0.000310937, 0.000339213, 0.00101057, -9.21671e-05, 0.000349989, 0.000111913, 0.183577, -0.0825328, 0.0630211, -0.182269, -0.597661, -0.168389, 0.303884, 0, 0, 0, 5, 0, 0, 0, 0, 0, 0, 0, 0, 0, 0
7.82, 2025-06-05__13-49-07.176269, -0.00356446, -0.576862, -0.00544488, -2.99876, -0.0294664, 1.67026, 0.711178, 0.00171682, 0.00072923, -0.00115293, 0.000144996, -0.00015776, 0.000131398, 0.00150692, 0.177358, -0.107026, 0.0641159, -0.157428, -0.597764, -0.164046, 0.299761, 0, 0, 0, 5, 0, 0, 0, 0, 0, 0, 0, 0, 0, 0
7.83, 2025-06-05__13-49-07.186268, -0.00356907, -0.576865, -0.00544417, -2.99876, -0.0294698, 1.67026, 0.711178, -0.00349157, -0.00116193, -1.0468e-05, -0.000427072, 0.000405676, -5.98371e-05, 0.000762775, 0.208215, -0.0783017, 0.0791863, -0.160387, -0.596774, -0.16292, 0.301687, 0, 0, 0, 5, 0, 0, 0, 0, 0, 0, 0, 0, 0, 0
7.84, 2025-06-05__13-49-07.196269, -0.00357196, -0.576862, -0.00544178, -2.99876, -0.0294745, 1.67026, 0.711179, -0.000626875, 0.000345567, -0.00114695, -0.000956488, 1.51274e-05, 6.60265e-05, 0.00246496, 0.19376, -0.108054, 0.0740426, -0.139458, -0.596321, -0.161143, 0.296633, 0, 0, 0, 5, 0, 0, 0, 0, 0, 0, 0, 0, 0, 0
7.85, 2025-06-05__13-49-07.206271, -0.00356696, -0.57686, -0.00543918, -2.99877, -0.0294767, 1.67026, 0.71118, 0.000338691, 0.00118339, -3.9402e-05, -0.000343795, -0.00039563, -0.00013827, 0.000960568, 0.181902, -0.118128, 0.0632657, -0.143862, -0.595827, -0.161408, 0.301352, 0, 0, 0, 5, 0, 0, 0, 0, 0, 0, 0, 0, 0, 0
7.86, 2025-06-05__13-49-07.216266, -0.00356697, -0.576862, -0.00543332, -2.99876, -0.0294782, 1.67026, 0.711174, 3.95196e-05, -1.31232e-05, 0.000964456, 1.42506e-05, 0.000517036, -0.000314371, -4.59426e-05, 0.178784, -0.095016, 0.0574668, -0.1587, -0.598982, -0.162483, 0.304673, 0, 0, 0, 5, 0, 0, 0, 0, 0, 0, 0, 0, 0, 0
7.87, 2025-06-05__13-49-07.226270, -0.00356267, -0.576862, -0.00543602, -2.99877, -0.0294847, 1.67026, 0.711175, 0.00731723, 0.000191463, -0.000202464, -0.00144079, -0.000302077, -0.000115039, -0.00102005, 0.133431, -0.108527, 0.0323944, -0.127613, -0.598634, -0.159804, 0.30813, 0, 0, 0, 5, 0, 0, 0, 0, 0, 0, 0, 0, 0, 0
7.88, 2025-06-05__13-49-07.236266, -0.00356975, -0.576864, -0.00543857, -2.99876, -0.0294849, 1.67026, 0.711175, -0.000894369, -0.000984507, -0.000809912, 0.00130538, 0.0001913, -0.000186346, 2.28643e-05, 0.194189, -0.070174, 0.0728677, -0.191306, -0.597005, -0.166795, 0.304219, 0, 0, 0, 5, 0, 0, 0, 0, 0, 0, 0, 0, 0, 0
7.89, 2025-06-05__13-49-07.246267, -0.00356952, -0.576864, -0.00543774, -2.99876, -0.0294902, 1.67026, 0.711175, 0.00306093, -6.54936e-06, -0.000871328, -0.000125116, -0.000893215, 0.000167895, 0.000468748, 0.167302, -0.0958375, 0.0560926, -0.156541, -0.594532, -0.164143, 0.303228, 0, 0, 0, 5, 0, 0, 0, 0, 0, 0, 0, 0, 0, 0
7.9, 2025-06-05__13-49-07.256272, -0.00356915, -0.576864, -0.0054381, -2.99876, -0.0294899, 1.67026, 0.711175, 0.00424231, -0.00030207, -0.00139466, -0.000236233, -0.000283021, 0.000103991, -0.00127193, 0.160974, -0.0919702, 0.053675, -0.156249, -0.596946, -0.163804, 0.308575, 0, 0, 0, 5, 0, 0, 0, 0, 0, 0, 0, 0, 0, 0
7.91, 2025-06-05__13-49-07.266267, -0.00356697, -0.576864, -0.00543, -2.99877, -0.0294947, 1.67026, 0.711177, -0.00171259, 0.000368445, 0.00125853, -0.000551743, 0.000128261, 6.20643e-05, -0.00025067, 0.189467, -0.104266, 0.0631217, -0.146482, -0.59579, -0.162199, 0.3051, 0, 0, 0, 5, 0, 0, 0, 0, 0, 0, 0, 0, 0, 0
7.92, 2025-06-05__13-49-07.276270, -0.00356446, -0.576862, -0.00543529, -2.99876, -0.0294963, 1.67026, 0.71118, -0.0035257, -2.08529e-05, -0.000903984, 0.00165193, -0.0020175, 1.9792e-05, 0.00113749, 0.213317, -0.084104, 0.0853735, -0.191693, -0.587845, -0.167715, 0.300522, 0, 0, 0, 5, 0, 0, 0, 0, 0, 0, 0, 0, 0, 0
7.93, 2025-06-05__13-49-07.286267, -0.00356688, -0.576859, -0.00543241, -2.99877, -0.0294986, 1.67026, 0.711173, 0.00152576, 0.00111517, -0.00110643, -2.25938e-05, 0.000223144, -0.000190283, -0.00085579, 0.177732, -0.115522, 0.0637318, -0.150279, -0.59717, -0.162022, 0.307239, 0, 0, 0, 5, 0, 0, 0, 0, 0, 0, 0, 0, 0, 0
7.94, 2025-06-05__13-49-07.296270, -0.00356975, -0.57686, -0.00542959, -2.99877, -0.0295045, 1.67026, 0.711175, -4.47156e-05, 0.000580073, 0.000331398, 0.000468837, -0.00117528, -0.000258465, 0.000471864, 0.183376, -0.102407, 0.0623563, -0.162707, -0.591869, -0.163448, 0.303105, 0, 0, 0, 5, 0, 0, 0, 0, 0, 0, 0, 0, 0, 0
7.95, 2025-06-05__13-49-07.306270, -0.00356697, -0.576862, -0.00542746, -2.99877, -0.0295041, 1.67026, 0.711175, -0.000411856, 0.00061542, 0.000569051, 1.74233e-05, 0.000190078, -4.00806e-05, 0.000178385, 0.183584, -0.105384, 0.061663, -0.155075, -0.596257, -0.163102, 0.303933, 0, 0, 0, 5, 0, 0, 0, 0, 0, 0, 0, 0, 0, 0
7.96, 2025-06-05__13-49-07.316268, -0.00356438, -0.576864, -0.00542894, -2.99876, -0.0295078, 1.67026, 0.711175, 0.00101969, -0.000754686, -0.000834855, 0.001351, 0.00045168, 0.000201548, -0.000982139, 0.179888, -0.0734293, 0.063511, -0.190905, -0.597689, -0.168367, 0.307437, 0, 0, 0, 5, 0, 0, 0, 0, 0, 0, 0, 0, 0, 0
7.97, 2025-06-05__13-49-07.326269, -0.00356696, -0.576867, -0.00542647, -2.99877, -0.0295095, 1.67026, 0.71118, 0.000120134, -0.000769978, -0.000178111, -0.00202739, -1.4005e-05, -0.000615177, -7.45515e-06, 0.182669, -0.0954378, 0.0625704, -0.124174, -0.594507, -0.156691, 0.304314, 0, 0, 0, 5, 0, 0, 0, 0, 0, 0, 0, 0, 0, 0
7.98, 2025-06-05__13-49-07.336268, -0.00356694, -0.576859, -0.00542947, -2.99877, -0.0295143, 1.67026, 0.711178, -0.000469602, 0.00172409, -0.000427799, -0.000134606, -0.000121879, 4.04073e-05, -8.81089e-05, 0.188626, -0.125969, 0.0684945, -0.144758, -0.594382, -0.162171, 0.304597, 0, 0, 0, 5, 0, 0, 0, 0, 0, 0, 0, 0, 0, 0
7.99, 2025-06-05__13-49-07.346267, -0.00356689, -0.576862, -0.00542882, -2.99877, -0.0295172, 1.67026, 0.711177, 0.00309788, 0.000375651, -0.000809044, -0.00271314, 0.00017573, 0.000351878, -0.000408536, 0.164733, -0.120045, 0.0536818, -0.104567, -0.595846, -0.157996, 0.305864, 0, 0, 0, 5, 0, 0, 0, 0, 0, 0, 0, 0, 0, 0
8, 2025-06-05__13-49-07.356268, -0.00356483, -0.576865, -0.00542255, -2.99877, -0.0295202, 1.67026, 0.711177, 0.00693475, -2.48015e-05, 0.00107478, -0.00146428, -0.000359226, -3.59841e-05, 0.000114788, 0.130175, -0.103676, 0.0254953, -0.128542, -0.59676, -0.160344, 0.304639, 0, 0, 0, 5, 0, 0, 0, 0, 0, 0, 0, 0, 0, 0
8.01, 2025-06-05__13-49-07.366265, -0.00356975, -0.576864, -0.00542573, -2.99877, -0.0295233, 1.67026, 0.711174, -0.00018369, -0.000711148, -0.000268283, 0.000691304, 4.29115e-06, -0.000229438, -0.000285474, 0.186252, -0.078596, 0.0654728, -0.176696, -0.594659, -0.164982, 0.305353, 0, 0, 0, 5, 0, 0, 0, 0, 0, 0, 0, 0, 0, 0
8.02, 2025-06-05__13-49-07.376269, -0.00356975, -0.576862, -0.0054232, -2.99877, -0.029528, 1.67026, 0.711175, -0.00171163, -0.000296156, -0.000285895, 0.00104065, -0.00010793, -0.000174878, -0.000809169, 0.196839, -0.0836431, 0.0723087, -0.180906, -0.593408, -0.165676, 0.306812, 0, 0, 0, 5, 0, 0, 0, 0, 0, 0, 0, 0, 0, 0
8.03, 2025-06-05__13-49-07.386268, -0.00355892, -0.576862, -0.00542033, -2.99876, -0.0295321, 1.67026, 0.711178, -0.000466975, 1.23425e-05, 0.000580452, 0.000613721, 0.000197898, -0.000204154, -0.000104321, 0.182974, -0.0913355, 0.0607231, -0.170045, -0.595056, -0.164416, 0.304669, 0, 0, 0, 5, 0, 0, 0, 0, 0, 0, 0, 0, 0, 0
8.04, 2025-06-05__13-49-07.396268, -0.00356602, -0.576863, -0.00541748, -2.99877, -0.0295329, 1.67026, 0.711179, -0.00245298, 0.000148499, 0.00139453, 0.000677445, -0.000142378, -7.46003e-05, 0.000239726, 0.19386, -0.0924837, 0.0649152, -0.170902, -0.593063, -0.164939, 0.303486, 0, 0, 0, 5, 0, 0, 0, 0, 0, 0, 0, 0, 0, 0
8.05, 2025-06-05__13-49-07.406268, -0.0035638, -0.576864, -0.00542, -2.99877, -0.0295401, 1.67026, 0.711179, 0.000126226, -0.000501002, 0.000976206, 0.00040067, -0.00436841, 0.000194567, -8.12711e-05, 0.17991, -0.082977, 0.0569181, -0.168463, -0.57931, -0.165985, 0.304824, 0, 0, 0, 5, 0, 0, 0, 0, 0, 0, 0, 0, 0, 0
8.06, 2025-06-05__13-49-07.416265, -0.00356482, -0.576859, -0.00541651, -2.99877, -0.0295421, 1.67026, 0.711178, -4.26871e-05, 0.00111928, 0.00142958, 0.00047977, -0.000152633, -0.000148076, -0.000149395, 0.176907, -0.111056, 0.0543812, -0.159161, -0.593746, -0.163581, 0.304927, 0, 0, 0, 5, 0, 0, 0, 0, 0, 0, 0, 0, 0, 0
8.07, 2025-06-05__13-49-07.426267, -0.00356449, -0.57686, -0.00541681, -2.99877, -0.0295463, 1.67026, 0.711175, 0.00042352, 0.00141494, 0.000307723, -0.00133174, -0.000293186, 0.000172277, -0.000777296, 0.178069, -0.128169, 0.0585327, -0.123431, -0.5923, -0.159993, 0.307007, 0, 0, 0, 5, 0, 0, 0, 0, 0, 0, 0, 0, 0, 0
8.08, 2025-06-05__13-49-07.436265, -0.00356728, -0.576862, -0.00541681, -2.99877, -0.0295484, 1.67026, 0.711172, -0.000801881, 0.000205818, 0.000260258, 0.00035305, 3.23893e-05, 0.000138568, 0.00138604, 0.187515, -0.0961446, 0.0644603, -0.164598, -0.593316, -0.164952, 0.30036, 0, 0, 0, 5, 0, 0, 0, 0, 0, 0, 0, 0, 0, 0
8.09, 2025-06-05__13-49-07.446266, -0.00356679, -0.576864, -0.0054171, -2.99877, -0.0295513, 1.67026, 0.711177, -0.00101095, -0.00129912, -0.000462278, -6.71979e-05, 7.96023e-05, 0.000397345, 0.000237594, 0.191844, -0.0734597, 0.0688708, -0.167808, -0.592725, -0.165882, 0.303566, 0, 0, 0, 5, 0, 0, 0, 0, 0, 0, 0, 0, 0, 0
8.1, 2025-06-05__13-49-07.456269, -0.00356591, -0.576863, -0.00541897, -2.99877, -0.0295579, 1.67026, 0.71118, 0.00441993, 0.000231096, -0.000416943, -7.94833e-05, -0.000129028, -9.90123e-05, 0.000307647, 0.154479, -0.0996853, 0.0457244, -0.154138, -0.59451, -0.163187, 0.303649, 0, 0, 0, 5, 0, 0, 0, 0, 0, 0, 0, 0, 0, 0
8.11, 2025-06-05__13-49-07.466266, -0.00356664, -0.576864, -0.00541649, -2.99877, -0.0295654, 1.67026, 0.711179, 0.000131948, -0.000436263, 0.000617268, 0.000776294, -0.000414839, -4.71598e-05, 0.000708383, 0.179885, -0.0820251, 0.0582218, -0.176099, -0.591553, -0.165856, 0.302213, 0, 0, 0, 5, 0, 0, 0, 0, 0, 0, 0, 0, 0, 0
8.12, 2025-06-05__13-49-07.476270, -0.00356128, -0.576862, -0.00541361, -2.99877, -0.0295669, 1.67026, 0.711177, 0.00742691, 0.000129545, 0.000138916, -0.00117299, -0.000824115, -0.000174728, 9.04245e-06, 0.130569, -0.105377, 0.0283257, -0.132078, -0.592928, -0.160421, 0.305013, 0, 0, 0, 5, 0, 0, 0, 0, 0, 0, 0, 0, 0, 0
8.13, 2025-06-05__13-49-07.486267, -0.00356656, -0.576862, -0.00541361, -2.99878, -0.0295657, 1.67026, 0.711178, -0.000705247, 0.000304302, 0.00195606, -0.00234925, 0.000241635, 0.000153292, -0.000187687, 0.178284, -0.115384, 0.0527032, -0.111316, -0.592509, -0.158175, 0.305065, 0, 0, 0, 5, 0, 0, 0, 0, 0, 0, 0, 0, 0, 0
8.14, 2025-06-05__13-49-07.496268, -0.00355922, -0.576862, -0.00541083, -2.99877, -0.0295705, 1.67026, 0.711175, 0.00103956, 0.000314617, 0.00103997, -0.000599098, 0.000334081, 0.000709825, -0.000565975, 0.16976, -0.103685, 0.0503313, -0.146095, -0.593914, -0.164818, 0.306389, 0, 0, 0, 5, 0, 0, 0, 0, 0, 0, 0, 0, 0, 0
8.15, 2025-06-05__13-49-07.506268, -0.00356377, -0.576864, -0.00541113, -2.99878, -0.029575, 1.67026, 0.711178, -0.000201346, -0.00120745, 0.000413304, -0.000386284, 4.73216e-05, 0.000176668, 3.42945e-06, 0.181851, -0.0769274, 0.0594252, -0.159667, -0.591918, -0.164267, 0.304379, 0, 0, 0, 5, 0, 0, 0, 0, 0, 0, 0, 0, 0, 0
8.16, 2025-06-05__13-49-07.516266, -0.00356127, -0.576862, -0.00541042, -2.99878, -0.029576, 1.67026, 0.71117, 0.00450308, -0.00031935, -0.000290498, -0.000310654, 5.29839e-05, 2.89486e-06, -0.000677167, 0.152192, -0.0921484, 0.0432181, -0.153274, -0.594138, -0.163373, 0.307142, 0, 0, 0, 5, 0, 0, 0, 0, 0, 0, 0, 0, 0, 0
8.17, 2025-06-05__13-49-07.526269, -0.0035659, -0.576863, -0.00540763, -2.99878, -0.0295805, 1.67026, 0.711175, 0.000503839, 0.000122554, 0.00113238, -3.55621e-05, -0.000699141, 0.000497582, 0.000252688, 0.174358, -0.0964436, 0.0527169, -0.157383, -0.589835, -0.165584, 0.303894, 0, 0, 0, 5, 0, 0, 0, 0, 0, 0, 0, 0, 0, 0
8.18, 2025-06-05__13-49-07.536267, -0.00356377, -0.576867, -0.00541283, -2.99878, -0.0295797, 1.67026, 0.711175, -0.000437889, -0.000423341, -0.000783199, -0.00123828, -2.46183e-05, -9.51292e-05, -3.51842e-06, 0.188638, -0.0956555, 0.0677662, -0.138054, -0.590742, -0.160452, 0.304502, 0, 0, 0, 5, 0, 0, 0, 0, 0, 0, 0, 0, 0, 0
8.19, 2025-06-05__13-49-07.546269, -0.00356653, -0.576864, -0.00540722, -2.99877, -0.0295866, 1.67026, 0.711174, 0.00159272, -0.000155901, -7.11771e-05, -0.000386937, -8.35506e-05, 7.2382e-06, -0.00115612, 0.1717, -0.0947683, 0.054726, -0.151704, -0.591649, -0.162938, 0.308248, 0, 0, 0, 5, 0, 0, 0, 0, 0, 0, 0, 0, 0, 0
8.2, 2025-06-05__13-49-07.556266, -0.00356443, -0.576859, -0.0054098, -2.99877, -0.0295908, 1.67026, 0.711175, -0.00179679, 0.00108419, -0.00111433, 0.000264904, -0.00159537, 0.000105232, 0.000147412, 0.200616, -0.112547, 0.0769543, -0.156398, -0.584731, -0.163859, 0.304007, 0, 0, 0, 5, 0, 0, 0, 0, 0, 0, 0, 0, 0, 0
8.21, 2025-06-05__13-49-07.566266, -0.00356431, -0.576867, -0.00540165, -2.99877, -0.0295904, 1.67026, 0.711179, -0.000119887, -0.00164705, 0.00167233, 0.00062862, -0.000108202, 5.28761e-05, 0.000190289, 0.175728, -0.0615083, 0.0510259, -0.181577, -0.591324, -0.1668, 0.303831, 0, 0, 0, 5, 0, 0, 0, 0, 0, 0, 0, 0, 0, 0
8.22, 2025-06-05__13-49-07.576268, -0.00356303, -0.576862, -0.00540477, -2.99877, -0.0295951, 1.67026, 0.71118, 0.000750397, -2.6997e-05, 0.000318421, 0.00115707, 0.000291265, -7.03746e-05, 0.00440654, 0.176004, -0.0867916, 0.0564415, -0.180404, -0.593062, -0.166535, 0.29088, 0, 0, 0, 5, 0, 0, 0, 0, 0, 0, 0, 0, 0, 0
8.23, 2025-06-05__13-49-07.586267, -0.00356584, -0.576862, -0.00540934, -2.99878, -0.0295984, 1.67026, 0.711175, 0.00044193, 0.000407765, -0.00145156, 0.000213241, -0.00454968, 0.000116275, -0.00181304, 0.188166, -0.10081, 0.0695992, -0.158434, -0.575133, -0.164425, 0.310278, 0, 0, 0, 5, 0, 0, 0, 0, 0, 0, 0, 0, 0, 0
8.24, 2025-06-05__13-49-07.596268, -0.00356353, -0.576861, -0.00540341, -2.99877, -0.0295957, 1.67026, 0.711175, 0.000121332, 0.000956067, 0.000738159, 0.000233645, 8.88022e-05, 7.49669e-05, -2.32613e-05, 0.177982, -0.109498, 0.0564821, -0.156175, -0.591623, -0.163961, 0.304688, 0, 0, 0, 5, 0, 0, 0, 0, 0, 0, 0, 0, 0, 0
8.25, 2025-06-05__13-49-07.606268, -0.00355834, -0.576859, -0.00540125, -2.99878, -0.029601, 1.67026, 0.711178, 0.000969618, 0.000848323, 0.000325394, -0.00085136, 6.45894e-05, -1.66232e-05, 0.000321286, 0.173021, -0.115719, 0.0543767, -0.135347, -0.591238, -0.160953, 0.30357, 0, 0, 0, 5, 0, 0, 0, 0, 0, 0, 0, 0, 0, 0
8.26, 2025-06-05__13-49-07.616266, -0.00356648, -0.576864, -0.00540402, -2.99878, -0.0296048, 1.67026, 0.711178, -0.0016342, -0.000791987, -0.000424887, 0.00043108, 9.80802e-05, -0.000165606, 1.67388e-05, 0.195634, -0.0788326, 0.0707292, -0.172218, -0.58996, -0.164598, 0.304212, 0, 0, 0, 5, 0, 0, 0, 0, 0, 0, 0, 0, 0, 0
8.27, 2025-06-05__13-49-07.626269, -0.00356282, -0.576859, -0.00540402, -2.99878, -0.0296065, 1.67026, 0.711174, -0.000362735, -2.56518e-05, 0.000166972, 0.00135818, -6.53063e-05, 0.000558344, -0.000170317, 0.18423, -0.0859144, 0.0620385, -0.185491, -0.590497, -0.169272, 0.305081, 0, 0, 0, 5, 0, 0, 0, 0, 0, 0, 0, 0, 0, 0
8.28, 2025-06-05__13-49-07.636268, -0.00356274, -0.576859, -0.00540582, -2.99878, -0.0296096, 1.67026, 0.711173, 0.000695709, 0.00121859, -0.000414984, -6.69778e-05, 0.000173501, 9.37313e-05, -0.00210065, 0.178962, -0.116914, 0.0609239, -0.148483, -0.590986, -0.16299, 0.311129, 0, 0, 0, 5, 0, 0, 0, 0, 0, 0, 0, 0, 0, 0
8.29, 2025-06-05__13-49-07.646269, -0.00356164, -0.576864, -0.00539805, -2.99877, -0.0296113, 1.67026, 0.71118, -0.000354533, -0.000813572, 0.00100662, 0.000708689, -0.000911067, -0.000315866, 0.000369939, 0.180346, -0.076057, 0.0561693, -0.176077, -0.587355, -0.164921, 0.303266, 0, 0, 0, 5, 0, 0, 0, 0, 0, 0, 0, 0, 0, 0
8.3, 2025-06-05__13-49-07.656268, -0.00356585, -0.576863, -0.00540333, -2.99878, -0.0296136, 1.67026, 0.711179, -0.000922955, -0.00374448, -7.54257e-05, -0.00164206, 0.000227357, 3.35973e-05, -0.000131958, 0.188467, -0.0435051, 0.0636347, -0.152356, -0.5894, -0.162201, 0.304677, 0, 0, 0, 5, 0, 0, 0, 0, 0, 0, 0, 0, 0, 0
8.31, 2025-06-05__13-49-07.666267, -0.0035589, -0.576865, -0.00540083, -2.99878, -0.0296186, 1.67026, 0.71118, 0.000807573, -0.00122452, -0.000357257, 0.00017433, 0.000114459, 4.86087e-05, 0.000983459, 0.177602, -0.072886, 0.0587328, -0.169968, -0.590513, -0.165258, 0.301348, 0, 0, 0, 5, 0, 0, 0, 0, 0, 0, 0, 0, 0, 0
8.32, 2025-06-05__13-49-07.676270, -0.00356879, -0.576867, -0.00539988, -2.99878, -0.0296192, 1.67026, 0.711175, -0.00162444, -0.0016785, 0.000186962, -7.52826e-05, -0.00205381, 0.000502604, 0.00025531, 0.193869, -0.0658395, 0.0668589, -0.169334, -0.581765, -0.166646, 0.303748, 0, 0, 0, 5, 0, 0, 0, 0, 0, 0, 0, 0, 0, 0
8.33, 2025-06-05__13-49-07.686269, -0.00355889, -0.576857, -0.0053951, -2.99877, -0.0296205, 1.67025, 0.711173, 0.00180676, 0.00272133, 0.000844948, 0.00091795, -0.00203044, -0.000322439, -0.000234115, 0.166331, -0.135534, 0.0489915, -0.154038, -0.584415, -0.162457, 0.305711, 0, 0, 0, 5, 0, 0, 0, 0, 0, 0, 0, 0, 0, 0
8.34, 2025-06-05__13-49-07.696268, -0.00356557, -0.576857, -0.00540292, -2.99877, -0.0296227, 1.67026, 0.711175, -0.00133046, 0.00170174, -0.00173606, 2.16755e-05, -5.77846e-05, 0.000268325, -8.39393e-05, 0.199137, -0.125155, 0.0779521, -0.148183, -0.588331, -0.163372, 0.30468, 0, 0, 0, 5, 0, 0, 0, 0, 0, 0, 0, 0, 0, 0
8.35, 2025-06-05__13-49-07.706269, -0.00356319, -0.576859, -0.00539763, -2.99878, -0.0296239, 1.67026, 0.711178, 0.0031813, 0.0013476, 2.35676e-05, 0.000534462, 9.59996e-05, 0.000283828, 0.000664821, 0.159935, -0.114587, 0.0472364, -0.158653, -0.591718, -0.165396, 0.302641, 0, 0, 0, 5, 0, 0, 0, 0, 0, 0, 0, 0, 0, 0
8.36, 2025-06-05__13-49-07.716266, -0.00356344, -0.576859, -0.00540014, -2.99877, -0.0296286, 1.67026, 0.711177, 0.000512521, 0.00147426, -0.00066028, 0.0021291, 5.68412e-05, -4.69252e-05, -0.000593613, 0.181957, -0.106465, 0.0637203, -0.188646, -0.590384, -0.167832, 0.306291, 0, 0, 0, 5, 0, 0, 0, 0, 0, 0, 0, 0, 0, 0
8.37, 2025-06-05__13-49-07.726266, -0.00355833, -0.576859, -0.00539982, -2.99878, -0.0296287, 1.67025, 0.71118, 0.00155986, 0.000668225, 0.000613142, -0.000702269, 1.66295e-05, -7.45464e-05, 0.00108399, 0.167953, -0.111719, 0.0501049, -0.138426, -0.590079, -0.160712, 0.301222, 0, 0, 0, 5, 0, 0, 0, 0, 0, 0, 0, 0, 0, 0
8.38, 2025-06-05__13-49-07.736266, -0.00356092, -0.576857, -0.00539193, -2.99878, -0.0296335, 1.67026, 0.711182, -0.00031685, 0.00202073, 0.000404894, -0.0014768, 0.000112027, -6.59622e-05, 0.00205128, 0.181335, -0.139911, 0.0592969, -0.115277, -0.589018, -0.158302, 0.298072, 0, 0, 0, 5, 0, 0, 0, 0, 0, 0, 0, 0, 0, 0
8.39, 2025-06-05__13-49-07.746265, -0.0035628, -0.576862, -0.00539705, -2.99878, -0.0296383, 1.67026, 0.711176, 0.00476801, 0.000360936, -0.000484321, -0.000984484, 0.00104397, -0.000345577, -0.000210821, 0.150305, -0.108302, 0.0421773, -0.134783, -0.594195, -0.159845, 0.305488, 0, 0, 0, 5, 0, 0, 0, 0, 0, 0, 0, 0, 0, 0
8.4, 2025-06-05__13-49-07.756266, -0.0035614, -0.576864, -0.00539702, -2.99878, -0.0296415, 1.67026, 0.711179, -0.000373913, -0.00105176, -0.000660849, 0.000894224, -0.00473616, 0.000481471, 0.000283081, 0.189798, -0.070644, 0.0670067, -0.182077, -0.572358, -0.168672, 0.303669, 0, 0, 0, 5, 0, 0, 0, 0, 0, 0, 0, 0, 0, 0
8.41, 2025-06-05__13-49-07.766266, -0.00356407, -0.576862, -0.00539444, -2.99878, -0.0296399, 1.67026, 0.711179, -0.0018186, -0.000101154, 0.00118711, 0.00057627, -0.00023232, 0.000134148, -0.000289033, 0.189419, -0.088971, 0.0614182, -0.170013, -0.587428, -0.165723, 0.30523, 0, 0, 0, 5, 0, 0, 0, 0, 0, 0, 0, 0, 0, 0
8.42, 2025-06-05__13-49-07.776266, -0.00356152, -0.576867, -0.00539419, -2.99878, -0.0296437, 1.67025, 0.711173, 0.000262018, -0.00204074, 0.00067724, 0.00057854, -0.000210853, 1.06953e-05, -0.0009773, 0.177014, -0.0557384, 0.0544133, -0.182434, -0.588075, -0.166149, 0.307701, 0, 0, 0, 5, 0, 0, 0, 0, 0, 0, 0, 0, 0, 0
8.43, 2025-06-05__13-49-07.786266, -0.0035602, -0.576862, -0.00539667, -2.99878, -0.0296473, 1.67026, 0.711173, 0.00150219, 0.000424372, -0.000678021, -0.000337415, 6.95119e-05, 0.000245323, -0.000834919, 0.174013, -0.104607, 0.0577935, -0.148865, -0.588949, -0.163547, 0.307327, 0, 0, 0, 5, 0, 0, 0, 0, 0, 0, 0, 0, 0, 0
8.44, 2025-06-05__13-49-07.796268, -0.00356549, -0.576864, -0.00539446, -2.99878, -0.0296485, 1.67026, 0.71118, -0.000556596, -0.000959006, -0.000855881, 0.000309244, -0.000128455, -0.000236815, -0.00375451, 0.189497, -0.0770718, 0.0675774, -0.17013, -0.587137, -0.164097, 0.315761, 0, 0, 0, 5, 0, 0, 0, 0, 0, 0, 0, 0, 0, 0
8.45, 2025-06-05__13-49-07.806270, -0.00355806, -0.576857, -0.00538846, -2.99878, -0.0296511, 1.67025, 0.711178, 0.000646509, 0.00209486, 0.000559343, 0.000715531, 8.98675e-05, 9.19576e-05, -8.97309e-06, 0.174141, -0.126308, 0.0543733, -0.15636, -0.589303, -0.163877, 0.304605, 0, 0, 0, 5, 0, 0, 0, 0, 0, 0, 0, 0, 0, 0
8.46, 2025-06-05__13-49-07.816269, -0.00356081, -0.576859, -0.00539304, -2.99878, -0.0296554, 1.67025, 0.711174, -8.11666e-05, 0.00102507, -0.00112904, 0.000275302, -0.00075804, -0.000133419, 0.000656322, 0.187491, -0.111667, 0.0678746, -0.155224, -0.585174, -0.162533, 0.302644, 0, 0, 0, 5, 0, 0, 0, 0, 0, 0, 0, 0, 0, 0
8.47, 2025-06-05__13-49-07.826270, -0.00356128, -0.576867, -0.00539045, -2.99878, -0.029652, 1.67026, 0.711177, -0.000782129, -0.00202212, 0.000461065, -0.000917498, 0.000343657, 0.000132503, -9.26342e-05, 0.184261, -0.0660111, 0.0593492, -0.15482, -0.588445, -0.16334, 0.304737, 0, 0, 0, 5, 0, 0, 0, 0, 0, 0, 0, 0, 0, 0
8.48, 2025-06-05__13-49-07.836269, -0.00355987, -0.576862, -0.00539055, -2.99878, -0.0296536, 1.67026, 0.711175, -0.000274458, 7.61278e-05, -0.000615225, -0.000199605, 0.000493868, 0.000753272, -0.00120572, 0.185356, -0.0974898, 0.0643768, -0.155736, -0.589212, -0.166004, 0.308218, 0, 0, 0, 5, 0, 0, 0, 0, 0, 0, 0, 0, 0, 0
8.49, 2025-06-05__13-49-07.846268, -0.00356059, -0.576866, -0.00539055, -2.99878, -0.0296589, 1.67025, 0.711175, 0.000130036, -0.000901395, -0.000499121, -0.000820117, -0.00358397, -0.000168306, -0.000716187, 0.184125, -0.0847617, 0.0624742, -0.146386, -0.575022, -0.161133, 0.306974, 0, 0, 0, 5, 0, 0, 0, 0, 0, 0, 0, 0, 0, 0
8.5, 2025-06-05__13-49-07.856273, -0.00356264, -0.576859, -0.00538805, -2.99878, -0.0296627, 1.67025, 0.711175, 0.000450837, 0.000842029, 8.27745e-05, -0.000309092, -0.000333131, -0.000531751, -8.03484e-05, 0.178041, -0.112394, 0.057676, -0.143747, -0.586547, -0.159714, 0.304958, 0, 0, 0, 5, 0, 0, 0, 0, 0, 0, 0, 0, 0, 0
8.51, 2025-06-05__13-49-07.866272, -0.00356056, -0.576862, -0.00538523, -2.99878, -0.0296616, 1.67025, 0.711174, 0.00114772, -0.00019861, 0.00164785, 0.000520549, 0.000263999, 4.1843e-05, 0.00205364, 0.16607, -0.0876669, 0.0447396, -0.16798, -0.589726, -0.164974, 0.298531, 0, 0, 0, 5, 0, 0, 0, 0, 0, 0, 0, 0, 0, 0
8.52, 2025-06-05__13-49-07.876269, -0.00356516, -0.576864, -0.00538489, -2.99879, -0.0296671, 1.67025, 0.711174, -0.00152959, -0.00096081, 0.000422998, -0.00227558, 0.000103962, -0.000111681, 0.000440763, 0.189493, -0.0938859, 0.0627332, -0.120237, -0.58604, -0.157573, 0.303271, 0, 0, 0, 5, 0, 0, 0, 0, 0, 0, 0, 0, 0, 0
8.53, 2025-06-05__13-49-07.886270, -0.00356584, -0.576862, -0.00538509, -2.99878, -0.0296688, 1.67025, 0.711172, -4.17932e-05, 0.000104358, 0.000607453, -0.000203302, -0.000133023, 0.000149336, -0.000209587, 0.179204, -0.097934, 0.0563079, -0.152789, -0.58674, -0.163171, 0.305447, 0, 0, 0, 5, 0, 0, 0, 0, 0, 0, 0, 0, 0, 0
8.54, 2025-06-05__13-49-07.896268, -0.00355807, -0.576859, -0.00538231, -2.99878, -0.0296721, 1.67025, 0.71118, -0.00112774, 0.00149973, 0.00125513, -7.82745e-05, -0.000231383, -0.000171003, 0.00083606, 0.183079, -0.12107, 0.0571432, -0.144702, -0.586121, -0.161254, 0.301889, 0, 0, 0, 5, 0, 0, 0, 0, 0, 0, 0, 0, 0, 0
8.55, 2025-06-05__13-49-07.906271, -0.00356055, -0.576862, -0.00538485, -2.99878, -0.0296763, 1.67025, 0.71118, -6.06527e-05, -0.000107846, -0.000204885, 0.00183813, 4.34037e-05, 0.000145194, 0.000244465, 0.182922, -0.0809204, 0.0614486, -0.19369, -0.587566, -0.168443, 0.303598, 0, 0, 0, 5, 0, 0, 0, 0, 0, 0, 0, 0, 0, 0
8.56, 2025-06-05__13-49-07.916268, -0.00356315, -0.576864, -0.00538735, -2.99878, -0.029676, 1.67025, 0.711177, -0.00281229, -0.000319046, -0.000705261, 0.000472251, 0.000179081, -6.74524e-05, 0.00393271, 0.204288, -0.0863956, 0.0764485, -0.169699, -0.586172, -0.164196, 0.292253, 0, 0, 0, 5, 0, 0, 0, 0, 0, 0, 0, 0, 0, 0
8.57, 2025-06-05__13-49-07.926271, -0.00356034, -0.576859, -0.00538485, -2.99878, -0.0296815, 1.67025, 0.711175, -4.5836e-06, 0.00125408, 0.000232356, 0.000308788, 0.000125292, -0.00238252, -0.000822898, 0.180227, -0.116346, 0.0587198, -0.148247, -0.587234, -0.153757, 0.307237, 0, 0, 0, 5, 0, 0, 0, 0, 0, 0, 0, 0, 0, 0
8.58, 2025-06-05__13-49-07.936267, -0.0035571, -0.576859, -0.00538698, -2.99878, -0.0296821, 1.67025, 0.711177, 0.000665356, 0.000981993, -0.00146994, -0.000111351, -0.000285638, 2.32267e-05, 0.00144057, 0.182941, -0.113549, 0.0657339, -0.148358, -0.58561, -0.162244, 0.300149, 0, 0, 0, 5, 0, 0, 0, 0, 0, 0, 0, 0, 0, 0
8.59, 2025-06-05__13-49-07.946270, -0.00355766, -0.576857, -0.00538201, -2.99879, -0.0296856, 1.67025, 0.711172, 0.000469835, 0.00175345, 0.000185384, 2.90641e-06, 0.000310876, -0.000127486, -0.00101925, 0.176394, -0.125699, 0.0564241, -0.144308, -0.587755, -0.161413, 0.307972, 0, 0, 0, 5, 0, 0, 0, 0, 0, 0, 0, 0, 0, 0
8.6, 2025-06-05__13-49-07.956269, -0.00355594, -0.576862, -0.00538487, -2.99879, -0.0296902, 1.67025, 0.711181, 0.00751925, -0.000206409, -0.000946234, -6.12603e-06, -8.3114e-05, -0.000482764, 0.000507517, 0.133154, -0.0924059, 0.0320158, -0.155082, -0.589375, -0.16183, 0.303309, 0, 0, 0, 5, 0, 0, 0, 0, 0, 0, 0, 0, 0, 0
8.61, 2025-06-05__13-49-07.966268, -0.0035575, -0.576864, -0.00538164, -2.99879, -0.0296916, 1.67025, 0.711179, 0.0037477, -0.000589774, 0.000432834, -0.00105784, -0.000311697, -9.30658e-05, -0.000124754, 0.152806, -0.0917999, 0.039568, -0.139211, -0.586507, -0.160817, 0.305167, 0, 0, 0, 5, 0, 0, 0, 0, 0, 0, 0, 0, 0, 0
8.62, 2025-06-05__13-49-07.976266, -0.00356058, -0.576862, -0.00538165, -2.99879, -0.0296917, 1.67026, 0.71118, 0.000560567, 0.000187984, 0.000348907, -6.7044e-05, -0.000445726, 0.000195947, 0.000617013, 0.175831, -0.0982887, 0.0548381, -0.154872, -0.584862, -0.164292, 0.302613, 0, 0, 0, 5, 0, 0, 0, 0, 0, 0, 0, 0, 0, 0
8.63, 2025-06-05__13-49-07.986265, -0.00356516, -0.57686, -0.00537951, -2.99878, -0.0296953, 1.67025, 0.711181, -0.00215046, 0.00061201, 9.13654e-05, 0.00142234, 3.23195e-05, -0.000114113, 0.000892683, 0.196229, -0.0962436, 0.068888, -0.180417, -0.585477, -0.165775, 0.301482, 0, 0, 0, 5, 0, 0, 0, 0, 0, 0, 0, 0, 0, 0
8.64, 2025-06-05__13-49-07.996266, -0.00355845, -0.576864, -0.00538071, -2.99878, -0.0296965, 1.67026, 0.711177, 0.000435929, -0.00107277, 0.00049841, 0.000578762, -0.000213588, 0.000373508, -0.000280966, 0.17579, -0.0722202, 0.0538863, -0.176533, -0.585503, -0.167497, 0.305449, 0, 0, 0, 5, 0, 0, 0, 0, 0, 0, 0, 0, 0, 0
8.65, 2025-06-05__13-49-08.006266, -0.00356115, -0.576864, -0.00538059, -2.99879, -0.0296997, 1.67025, 0.711176, -0.000758507, -0.000864557, -2.17392e-05, 0.000433457, -0.00016854, -0.00013725, -0.00101081, 0.186503, -0.0773497, 0.0623844, -0.171088, -0.584686, -0.164291, 0.307635, 0, 0, 0, 5, 0, 0, 0, 0, 0, 0, 0, 0, 0, 0
8.66, 2025-06-05__13-49-08.016266, -0.00356049, -0.576862, -0.00538096, -2.99879, -0.0297006, 1.67025, 0.711176, 0.000632751, 0.000112364, -0.000798338, -0.00137216, -4.73457e-05, 0.000225947, -0.000357316, 0.179696, -0.106402, 0.0607062, -0.130435, -0.584966, -0.160478, 0.305738, 0, 0, 0, 5, 0, 0, 0, 0, 0, 0, 0, 0, 0, 0
8.67, 2025-06-05__13-49-08.026268, -0.00355978, -0.576859, -0.00537846, -2.99879, -0.0297027, 1.67025, 0.711181, 0.000818134, 0.000590272, 0.000928489, 0.000212598, -0.000138004, 3.62053e-05, 0.000432966, 0.171251, -0.103882, 0.050166, -0.156194, -0.585756, -0.163535, 0.303184, 0, 0, 0, 5, 0, 0, 0, 0, 0, 0, 0, 0, 0, 0
8.68, 2025-06-05__13-49-08.036266, -0.00355744, -0.576859, -0.00537845, -2.99878, -0.0297073, 1.67025, 0.711178, 0.000888112, 0.000957575, 0.00081374, 0.000620391, -0.000456632, -3.07702e-05, -0.000432116, 0.17128, -0.107345, 0.0507062, -0.161315, -0.584589, -0.164041, 0.305987, 0, 0, 0, 5, 0, 0, 0, 0, 0, 0, 0, 0, 0, 0
8.69, 2025-06-05__13-49-08.046269, -0.00356312, -0.576862, -0.00537331, -2.99879, -0.0297054, 1.67025, 0.71118, -0.000771612, -0.000254412, 0.00099931, -0.000548868, -0.00137656, -0.000124708, 0.000446969, 0.182311, -0.0941251, 0.05617, -0.147123, -0.58027, -0.161539, 0.303147, 0, 0, 0, 5, 0, 0, 0, 0, 0, 0, 0, 0, 0, 0
8.7, 2025-06-05__13-49-08.056270, -0.00355735, -0.576864, -0.00537775, -2.99879, -0.0297093, 1.67025, 0.711176, 0.00103791, -0.00128561, 7.00631e-05, 0.000128504, 0.000414799, -0.000246964, -0.000704305, 0.172861, -0.0724472, 0.0531604, -0.167354, -0.587003, -0.1635, 0.306813, 0, 0, 0, 5, 0, 0, 0, 0, 0, 0, 0, 0, 0, 0
8.71, 2025-06-05__13-49-08.066266, -0.00355773, -0.576862, -0.00537601, -2.99878, -0.0297102, 1.67025, 0.711174, 0.000517514, -3.18363e-05, -0.000303338, 0.00148103, 0.000353021, -7.85336e-06, -0.000384761, 0.178441, -0.084716, 0.058465, -0.185624, -0.587003, -0.166921, 0.305865, 0, 0, 0, 5, 0, 0, 0, 0, 0, 0, 0, 0, 0, 0
8.72, 2025-06-05__13-49-08.076270, -0.00355749, -0.576862, -0.00537597, -2.99879, -0.0297102, 1.67025, 0.711178, 0.000402435, 6.59621e-05, 0.00022622, 0.000147409, 0.000370292, 0.000374292, 0.000334978, 0.176524, -0.0948541, 0.0554178, -0.160115, -0.586665, -0.165003, 0.303523, 0, 0, 0, 5, 0, 0, 0, 0, 0, 0, 0, 0, 0, 0
8.73, 2025-06-05__13-49-08.086267, -0.00356026, -0.576859, -0.00537248, -2.99879, -0.0297103, 1.67025, 0.711177, 0.000339059, 0.000941193, 0.000764341, -0.000957849, -0.000358245, -2.68752e-05, -0.00122014, 0.174622, -0.117725, 0.0524799, -0.131195, -0.583845, -0.160014, 0.308437, 0, 0, 0, 5, 0, 0, 0, 0, 0, 0, 0, 0, 0, 0
8.74, 2025-06-05__13-49-08.096268, -0.00356232, -0.576859, -0.00537526, -2.99879, -0.0297143, 1.67025, 0.711179, -0.000912546, 0.00116048, 0.000207598, -0.000646887, 0.000541695, -0.000179121, -0.000497232, 0.1858, -0.11965, 0.0616456, -0.136219, -0.586085, -0.159939, 0.305972, 0, 0, 0, 5, 0, 0, 0, 0, 0, 0, 0, 0, 0, 0
8.75, 2025-06-05__13-49-08.106268, -0.00356309, -0.576862, -0.00537248, -2.99879, -0.0297151, 1.67025, 0.711177, -0.000503433, 0.000452922, 0.00125422, 0.000682437, 0.000145814, -0.000204636, -0.000150083, 0.178933, -0.0976848, 0.0537079, -0.16613, -0.585629, -0.16384, 0.305064, 0, 0, 0, 5, 0, 0, 0, 0, 0, 0, 0, 0, 0, 0
8.76, 2025-06-05__13-49-08.116268, -0.00355951, -0.576864, -0.00537777, -2.99879, -0.0297162, 1.67025, 0.711177, -0.000225188, -0.000421539, -0.00109812, 0.000398531, -2.59191e-05, -6.73654e-05, 5.80442e-05, 0.187276, -0.0853131, 0.0663291, -0.167755, -0.584402, -0.164165, 0.304315, 0, 0, 0, 5, 0, 0, 0, 0, 0, 0, 0, 0, 0, 0
8.77, 2025-06-05__13-49-08.126269, -0.0035596, -0.576859, -0.00537211, -2.99879, -0.0297204, 1.67025, 0.71118, 0.000371226, 0.000944642, -0.000421132, 0.000289565, 1.66548e-05, -6.56738e-08, -0.00286912, 0.179617, -0.109824, 0.0595677, -0.155619, -0.584718, -0.163171, 0.313244, 0, 0, 0, 5, 0, 0, 0, 0, 0, 0, 0, 0, 0, 0
8.78, 2025-06-05__13-49-08.136266, -0.00356489, -0.576862, -0.00537515, -2.99879, -0.0297218, 1.67025, 0.711179, -0.00143978, 2.6377e-05, 0.000116491, -0.000495906, -0.000499376, -0.000372191, -0.000474303, 0.190722, -0.099037, 0.0645357, -0.146337, -0.581829, -0.160381, 0.305892, 0, 0, 0, 5, 0, 0, 0, 0, 0, 0, 0, 0, 0, 0
8.79, 2025-06-05__13-49-08.146269, -0.00355812, -0.576859, -0.00536962, -2.99879, -0.0297235, 1.67025, 0.711179, 0.000878535, 0.00144808, 0.00088125, 0.000996704, -1.00353e-05, 0.000390381, 0.000496582, 0.170579, -0.112611, 0.0498883, -0.16624, -0.585509, -0.16632, 0.303091, 0, 0, 0, 5, 0, 0, 0, 0, 0, 0, 0, 0, 0, 0
8.8, 2025-06-05__13-49-08.156272, -0.00355787, -0.576862, -0.0053767, -2.99878, -0.0297239, 1.67025, 0.711173, -0.000277082, -0.000101627, -0.000853257, 0.00186508, 0.00024823, 1.42221e-05, -0.00136991, 0.186573, -0.0811476, 0.065382, -0.193806, -0.585482, -0.167933, 0.308843, 0, 0, 0, 5, 0, 0, 0, 0, 0, 0, 0, 0, 0, 0
8.81, 2025-06-05__13-49-08.166269, -0.00355514, -0.576862, -0.00537207, -2.99879, -0.029725, 1.67025, 0.711173, 0.000386379, -0.000725083, 0.00103934, -0.000614088, 0.000179254, -0.000283057, -0.000146118, 0.172572, -0.0869112, 0.049713, -0.148687, -0.585109, -0.16112, 0.305308, 0, 0, 0, 5, 0, 0, 0, 0, 0, 0, 0, 0, 0, 0
8.82, 2025-06-05__13-49-08.176268, -0.00356088, -0.576861, -0.00537457, -2.99879, -0.0297282, 1.67025, 0.711179, -0.00131341, 0.000115791, -0.000378872, -0.000544226, 0.00230596, 0.000212996, 0.000540415, 0.190227, -0.101059, 0.0660032, -0.147331, -0.591047, -0.162397, 0.302633, 0, 0, 0, 5, 0, 0, 0, 0, 0, 0, 0, 0, 0, 0
8.83, 2025-06-05__13-49-08.186267, -0.00355488, -0.576864, -0.00537207, -2.99879, -0.0297301, 1.67025, 0.711182, -1.43873e-05, 0.000347281, -0.00113843, 0.00040779, 0.000192715, 0.000272738, -0.00158595, 0.185007, -0.0978663, 0.0650228, -0.163476, -0.584538, -0.164963, 0.309143, 0, 0, 0, 5, 0, 0, 0, 0, 0, 0, 0, 0, 0, 0
8.84, 2025-06-05__13-49-08.196269, -0.00356099, -0.576859, -0.00537183, -2.99879, -0.0297306, 1.67025, 0.71118, -0.00046867, 0.000806535, 0.000288763, -0.000421832, -0.000108517, 8.11649e-05, 0.000522434, 0.182591, -0.11192, 0.0590292, -0.143081, -0.583388, -0.161851, 0.302872, 0, 0, 0, 5, 0, 0, 0, 0, 0, 0, 0, 0, 0, 0
8.85, 2025-06-05__13-49-08.206271, -0.00355951, -0.576869, -0.00537704, -2.99879, -0.0297348, 1.67025, 0.71118, -0.000521577, -0.00258834, -0.0015812, 0.000354501, -0.000320155, 7.85741e-06, 8.54489e-05, 0.191657, -0.048278, 0.0696998, -0.182215, -0.581997, -0.165854, 0.304032, 0, 0, 0, 5, 0, 0, 0, 0, 0, 0, 0, 0, 0, 0
8.86, 2025-06-05__13-49-08.216269, -0.0035581, -0.576861, -0.00537199, -2.99879, -0.0297374, 1.67025, 0.711173, 4.42279e-05, -0.00028664, 0.000163177, -0.000902919, 0.000137443, 0.000165287, -0.000371201, 0.179031, -0.0964291, 0.0566885, -0.141518, -0.583809, -0.161719, 0.305939, 0, 0, 0, 5, 0, 0, 0, 0, 0, 0, 0, 0, 0, 0
8.87, 2025-06-05__13-49-08.226268, -0.00355774, -0.576862, -0.00536641, -2.99879, -0.0297389, 1.67025, 0.711174, 0.000437351, -0.000399367, 0.000507854, -0.00137602, 0.000231929, -8.44535e-05, -0.00055925, 0.174233, -0.0975035, 0.0521907, -0.132426, -0.584168, -0.159683, 0.306529, 0, 0, 0, 5, 0, 0, 0, 0, 0, 0, 0, 0, 0, 0
8.88, 2025-06-05__13-49-08.236270, -0.00355488, -0.57686, -0.00536887, -2.99879, -0.0297391, 1.67025, 0.711178, 0.000734639, -0.000533714, 4.56109e-05, 0.00218058, -2.43047e-05, -7.6398e-05, 0.000442321, 0.17533, -0.0719236, 0.0549178, -0.201427, -0.58472, -0.16882, 0.303209, 0, 0, 0, 5, 0, 0, 0, 0, 0, 0, 0, 0, 0, 0
8.89, 2025-06-05__13-49-08.246268, -0.00355691, -0.576864, -0.00537138, -2.9988, -0.0297423, 1.67025, 0.711178, 0.00450545, -0.000503605, -0.00028108, -0.000502165, -0.000508459, -6.8208e-05, 0.0009307, 0.150672, -0.0896143, 0.0400471, -0.148846, -0.58369, -0.162304, 0.302041, 0, 0, 0, 5, 0, 0, 0, 0, 0, 0, 0, 0, 0, 0
8.9, 2025-06-05__13-49-08.256268, -0.00355444, -0.576862, -0.00536609, -2.99879, -0.0297412, 1.67025, 0.711176, 0.0060827, 0.000608443, 0.000774742, 0.000230315, -0.000151118, 0.000143972, -0.0014667, 0.134459, -0.103245, 0.026707, -0.155075, -0.586273, -0.164296, 0.309623, 0, 0, 0, 5, 0, 0, 0, 0, 0, 0, 0, 0, 0, 0
8.91, 2025-06-05__13-49-08.266269, -0.0035577, -0.576862, -0.00536395, -2.99879, -0.0297444, 1.67025, 0.711174, 0.00034226, -0.000495114, 0.000612501, 0.000150069, -0.000103565, 0.000433814, 0.000324067, 0.174953, -0.0851495, 0.0523399, -0.163544, -0.583323, -0.165688, 0.303801, 0, 0, 0, 5, 0, 0, 0, 0, 0, 0, 0, 0, 0, 0
8.92, 2025-06-05__13-49-08.276270, -0.00355701, -0.576862, -0.00537138, -2.99879, -0.0297459, 1.67025, 0.711175, 0.00121273, -7.08218e-05, -0.00104506, 3.09055e-05, -8.07532e-06, 0.000228487, -8.38594e-05, 0.176529, -0.0938774, 0.05911, -0.158207, -0.583548, -0.164228, 0.304981, 0, 0, 0, 5, 0, 0, 0, 0, 0, 0, 0, 0, 0, 0
8.93, 2025-06-05__13-49-08.286269, -0.00355801, -0.576862, -0.00536537, -2.9988, -0.0297488, 1.67025, 0.711173, 0.00103729, -0.000301445, 0.000684915, -0.000983977, -0.000172933, 0.000392911, -0.000632598, 0.169647, -0.0960633, 0.0487128, -0.139946, -0.582751, -0.162526, 0.306861, 0, 0, 0, 5, 0, 0, 0, 0, 0, 0, 0, 0, 0, 0
8.94, 2025-06-05__13-49-08.296269, -0.00355749, -0.576857, -0.0053636, -2.99879, -0.0297518, 1.67025, 0.711181, -0.000131045, 0.00142701, 0.00145492, 0.00131398, -0.00449647, -7.05178e-05, 0.000807778, 0.177162, -0.110381, 0.0516412, -0.169307, -0.568553, -0.16542, 0.302255, 0, 0, 0, 5, 0, 0, 0, 0, 0, 0, 0, 0, 0, 0
8.95, 2025-06-05__13-49-08.306272, -0.00355739, -0.576864, -0.00536889, -2.9988, -0.0297529, 1.67025, 0.711173, 0.000119259, -0.00119356, -0.00097966, -0.00235069, -0.000259853, 0.000141395, -0.00191926, 0.182997, -0.0907255, 0.0620664, -0.120031, -0.580735, -0.158541, 0.310667, 0, 0, 0, 5, 0, 0, 0, 0, 0, 0, 0, 0, 0, 0
8.96, 2025-06-05__13-49-08.316271, -0.00355959, -0.576862, -0.00536567, -2.99879, -0.0297553, 1.67025, 0.711173, 0.000570132, -0.00015227, 0.000191539, 0.000960849, -0.000552155, 7.17676e-05, -0.00143726, 0.175977, -0.0858288, 0.0545892, -0.175679, -0.581465, -0.166037, 0.309251, 0, 0, 0, 5, 0, 0, 0, 0, 0, 0, 0, 0, 0, 0
8.97, 2025-06-05__13-49-08.326270, -0.00355738, -0.576864, -0.00536289, -2.9988, -0.029754, 1.67025, 0.711177, -0.000393675, -0.00243647, 0.0011117, -0.000795571, 8.09031e-05, 0.000147902, 0.00086834, 0.177505, -0.0586188, 0.0514445, -0.157909, -0.582758, -0.163527, 0.301963, 0, 0, 0, 5, 0, 0, 0, 0, 0, 0, 0, 0, 0, 0
8.98, 2025-06-05__13-49-08.336268, -0.00356048, -0.576864, -0.00536565, -2.99879, -0.029754, 1.67025, 0.711177, -0.000193839, -0.000758688, 7.00346e-05, 0.0005641, -0.000160817, 0.000447252, 1.14131e-05, 0.181623, -0.0776659, 0.0582888, -0.173763, -0.582321, -0.166902, 0.304543, 0, 0, 0, 5, 0, 0, 0, 0, 0, 0, 0, 0, 0, 0
8.99, 2025-06-05__13-49-08.346270, -0.00355833, -0.576862, -0.00536354, -2.99879, -0.0297594, 1.67025, 0.711179, -7.31079e-05, -0.000184139, 0.000363657, 0.000925624, -0.000207769, 0.00027532, -0.000150205, 0.179314, -0.0853087, 0.0560643, -0.175988, -0.582207, -0.166759, 0.304987, 0, 0, 0, 5, 0, 0, 0, 0, 0, 0, 0, 0, 0, 0
9, 2025-06-05__13-49-08.356270, -0.00355488, -0.576862, -0.00536817, -2.99879, -0.0297588, 1.67025, 0.71118, -0.00119683, 0.000840443, -0.000162081, -0.00104675, 0.000255287, 0.000493791, 9.14182e-05, 0.188487, -0.115821, 0.0639094, -0.132465, -0.582464, -0.161791, 0.304132, 0, 0, 0, 5, 0, 0, 0, 0, 0, 0, 0, 0, 0, 0
9.01, 2025-06-05__13-49-08.366268, -0.00355487, -0.576862, -0.00536004, -2.99879, -0.0297582, 1.67025, 0.711176, 0.00304975, -0.000124854, 0.0015029, -0.000304531, 0.000299671, 0.000119004, -0.00121774, 0.15155, -0.0943077, 0.0345897, -0.150405, -0.585365, -0.16322, 0.308682, 0, 0, 0, 5, 0, 0, 0, 0, 0, 0, 0, 0, 0, 0
9.02, 2025-06-05__13-49-08.376271, -0.00355739, -0.576862, -0.00536532, -2.9988, -0.0297634, 1.67025, 0.711174, 8.14994e-05, -1.84602e-05, -0.000161361, -0.00112977, -0.000111359, -0.000133026, -0.000742755, 0.179916, -0.102468, 0.0579839, -0.134394, -0.581489, -0.159808, 0.307068, 0, 0, 0, 5, 0, 0, 0, 0, 0, 0, 0, 0, 0, 0
9.03, 2025-06-05__13-49-08.386268, -0.00355741, -0.576859, -0.00536465, -2.99879, -0.0297642, 1.67025, 0.711172, -0.000136301, 0.000868463, -0.00047497, 0.000651786, -0.000127518, -0.000290493, -0.000484516, 0.183308, -0.106227, 0.0617022, -0.16218, -0.581958, -0.163036, 0.306321, 0, 0, 0, 5, 0, 0, 0, 0, 0, 0, 0, 0, 0, 0
9.04, 2025-06-05__13-49-08.396271, -0.0035549, -0.576862, -0.0053597, -2.9988, -0.0297636, 1.67025, 0.711175, -0.000391377, -7.74162e-05, 0.000353419, -0.000288829, -0.000995512, 0.000447917, -6.67608e-06, 0.181002, -0.0950847, 0.0567951, -0.152034, -0.578732, -0.164289, 0.304783, 0, 0, 0, 5, 0, 0, 0, 0, 0, 0, 0, 0, 0, 0
9.05, 2025-06-05__13-49-08.406268, -0.0035595, -0.576862, -0.00536169, -2.99879, -0.0297643, 1.67025, 0.711177, 0.000447537, 0.000424095, 0.000459073, 0.000538974, -0.000362751, 4.65082e-05, 0.000359291, 0.175357, -0.0981778, 0.0533431, -0.163611, -0.581628, -0.164521, 0.303598, 0, 0, 0, 5, 0, 0, 0, 0, 0, 0, 0, 0, 0, 0
9.06, 2025-06-05__13-49-08.416269, -0.00356266, -0.576857, -0.00536561, -2.99879, -0.0297639, 1.67025, 0.71118, -0.00203149, 0.00171696, -0.00111544, 0.000181032, -8.83509e-06, -0.000358604, -0.000277869, 0.199582, -0.124365, 0.0743691, -0.147908, -0.58113, -0.160812, 0.305172, 0, 0, 0, 5, 0, 0, 0, 0, 0, 0, 0, 0, 0, 0
9.07, 2025-06-05__13-49-08.426269, -0.00356266, -0.576862, -0.00536176, -2.9988, -0.0297691, 1.67025, 0.71118, -0.00168132, 0.000518849, 0.000573707, 1.63786e-05, -0.000316114, -0.000186642, 0.000868259, 0.189764, -0.103382, 0.0620678, -0.152869, -0.580316, -0.162113, 0.301778, 0, 0, 0, 5, 0, 0, 0, 0, 0, 0, 0, 0, 0, 0
9.08, 2025-06-05__13-49-08.436270, -0.00356229, -0.576862, -0.00535662, -2.9988, -0.0297691, 1.67025, 0.711181, -0.00639465, 0.000207563, 0.00136073, -0.000914836, -0.000241222, 0.000274171, 0.00054791, 0.218049, -0.103833, 0.0769681, -0.139399, -0.578033, -0.161518, 0.302432, 0, 0, 0, 5, 0, 0, 0, 0, 0, 0, 0, 0, 0, 0
9.09, 2025-06-05__13-49-08.446272, -0.00355414, -0.576862, -0.00536213, -2.99879, -0.0297687, 1.67025, 0.711177, 0.00107399, -0.00024049, -0.00121358, 0.00122952, 6.16449e-05, 4.38812e-05, -0.00017574, 0.1778, -0.0830986, 0.0601012, -0.181804, -0.582979, -0.166643, 0.305148, 0, 0, 0, 5, 0, 0, 0, 0, 0, 0, 0, 0, 0, 0
9.1, 2025-06-05__13-49-08.456269, -0.00355486, -0.576862, -0.0053565, -2.9988, -0.0297695, 1.67025, 0.711178, 0.00149989, -0.000582926, 0.000812943, -0.00022283, -0.00015507, 0.00041058, 0.000230984, 0.165418, -0.0860898, 0.0451975, -0.156164, -0.58236, -0.164796, 0.30403, 0, 0, 0, 5, 0, 0, 0, 0, 0, 0, 0, 0, 0, 0
9.11, 2025-06-05__13-49-08.466268, -0.0035548, -0.576862, -0.00535715, -2.9988, -0.0297718, 1.67025, 0.711175, 0.000540859, 0.000684569, 0.000536989, -0.000751966, 0.000509274, -5.62211e-05, -0.000248729, 0.172784, -0.111309, 0.0512293, -0.136884, -0.583824, -0.160654, 0.305568, 0, 0, 0, 5, 0, 0, 0, 0, 0, 0, 0, 0, 0, 0
9.12, 2025-06-05__13-49-08.476272, -0.00355633, -0.576857, -0.00535918, -2.9988, -0.0297728, 1.67025, 0.71118, 0.00195479, 0.0021678, 0.000655093, 3.82571e-05, -3.8092e-05, -0.000717794, 0.00283392, 0.1636, -0.132323, 0.0458378, -0.139293, -0.583194, -0.159174, 0.296064, 0, 0, 0, 5, 0, 0, 0, 0, 0, 0, 0, 0, 0, 0
9.13, 2025-06-05__13-49-08.486269, -0.00355914, -0.576862, -0.00535871, -2.9988, -0.0297732, 1.67025, 0.711178, -0.000716281, 0.000674122, -0.000557351, -0.00127494, -0.00151267, 2.19504e-05, 0.000923453, 0.187712, -0.114873, 0.0640159, -0.127129, -0.575789, -0.159572, 0.301802, 0, 0, 0, 5, 0, 0, 0, 0, 0, 0, 0, 0, 0, 0
9.14, 2025-06-05__13-49-08.496270, -0.00356008, -0.576862, -0.00535883, -2.9988, -0.0297727, 1.67025, 0.71118, -0.000639774, -0.000754099, 8.40957e-05, -0.000743566, 0.000173522, 4.6981e-05, 0.000713918, 0.183797, -0.0873027, 0.0591544, -0.147427, -0.581844, -0.162003, 0.302268, 0, 0, 0, 5, 0, 0, 0, 0, 0, 0, 0, 0, 0, 0
9.15, 2025-06-05__13-49-08.506269, -0.00355729, -0.57686, -0.00535404, -2.9988, -0.0297775, 1.67025, 0.711178, 0.00387993, -8.23287e-05, 0.000810838, 1.50927e-05, -4.33015e-05, -0.000450186, -9.18085e-05, 0.149223, -0.0939357, 0.0350906, -0.15425, -0.583633, -0.161819, 0.305206, 0, 0, 0, 5, 0, 0, 0, 0, 0, 0, 0, 0, 0, 0
9.16, 2025-06-05__13-49-08.516268, -0.00355942, -0.576862, -0.00535061, -2.9988, -0.0297773, 1.67025, 0.711175, 0.000110985, 0.000317285, 0.00170567, -0.00147256, 7.00131e-05, -6.62659e-05, -0.000840334, 0.170691, -0.109538, 0.0455926, -0.125019, -0.581774, -0.159091, 0.307446, 0, 0, 0, 5, 0, 0, 0, 0, 0, 0, 0, 0, 0, 0
9.17, 2025-06-05__13-49-08.526271, -0.00355225, -0.576862, -0.00535609, -2.9988, -0.029779, 1.67025, 0.711176, 0.00358286, 0.000380699, -0.000323816, 0.00029328, 0.000105087, -0.000171858, 0.00018134, 0.155856, -0.0995574, 0.0432065, -0.157874, -0.583803, -0.163224, 0.304374, 0, 0, 0, 5, 0, 0, 0, 0, 0, 0, 0, 0, 0, 0
9.18, 2025-06-05__13-49-08.536270, -0.00355251, -0.576864, -0.00535331, -2.9988, -0.0297813, 1.67025, 0.711174, 0.00139727, -0.00116316, 0.00103152, -0.000221905, 6.22552e-05, 0.000577205, -0.000207021, 0.164654, -0.075696, 0.0436262, -0.160647, -0.582445, -0.165871, 0.305545, 0, 0, 0, 5, 0, 0, 0, 0, 0, 0, 0, 0, 0, 0
9.19, 2025-06-05__13-49-08.546270, -0.00355803, -0.576862, -0.00536064, -2.9988, -0.0297817, 1.67025, 0.711175, -0.00134981, 0.000154721, -0.00127586, -0.000561325, 0.000132968, 0.000201232, -0.000980441, 0.19453, -0.101684, 0.0706945, -0.145743, -0.580595, -0.162274, 0.307577, 0, 0, 0, 5, 0, 0, 0, 0, 0, 0, 0, 0, 0, 0
9.2, 2025-06-05__13-49-08.556269, -0.00355991, -0.576864, -0.00535235, -2.9988, -0.0297835, 1.67025, 0.711178, -0.000896637, -0.0010382, 0.00117425, 0.000372803, -0.000189525, 0.000296705, 0.000356419, 0.180911, -0.0738769, 0.0535364, -0.171088, -0.58058, -0.166085, 0.303488, 0, 0, 0, 5, 0, 0, 0, 0, 0, 0, 0, 0, 0, 0
9.21, 2025-06-05__13-49-08.566270, -0.00355951, -0.576867, -0.00535597, -2.9988, -0.0297845, 1.67025, 0.71118, -0.00171657, -0.00158115, 5.9289e-05, -0.000247726, -0.000163102, -3.302e-05, 0.000212267, 0.191443, -0.068916, 0.0636184, -0.162932, -0.579656, -0.163515, 0.303727, 0, 0, 0, 5, 0, 0, 0, 0, 0, 0, 0, 0, 0, 0
9.22, 2025-06-05__13-49-08.576269, -0.00356014, -0.576864, -0.0053554, -2.9988, -0.0297828, 1.67025, 0.711177, -0.000360428, -0.000356156, -0.00139711, -0.00217044, -3.78239e-05, -4.53773e-05, 0.000634976, 0.187858, -0.103668, 0.0661985, -0.117554, -0.579867, -0.157711, 0.302648, 0, 0, 0, 5, 0, 0, 0, 0, 0, 0, 0, 0, 0, 0
9.23, 2025-06-05__13-49-08.586269, -0.0035497, -0.576859, -0.00535011, -2.9988, -0.0297872, 1.67025, 0.711178, 0.00210941, 0.000905804, 0.000963199, 0.00090536, -0.000146879, -0.000525274, -0.00032562, 0.160081, -0.104658, 0.0417784, -0.16471, -0.582388, -0.163001, 0.30583, 0, 0, 0, 5, 0, 0, 0, 0, 0, 0, 0, 0, 0, 0
9.24, 2025-06-05__13-49-08.596270, -0.00355942, -0.576862, -0.00535289, -2.99879, -0.0297882, 1.67025, 0.711179, -0.000397891, 0.000285759, 0.000134263, 0.00163759, -0.000141128, 0.000364182, -3.35577e-07, 0.182349, -0.0882947, 0.0584651, -0.186695, -0.581043, -0.168572, 0.304509, 0, 0, 0, 5, 0, 0, 0, 0, 0, 0, 0, 0, 0, 0
9.25, 2025-06-05__13-49-08.606267, -0.00355461, -0.576862, -0.0053554, -2.9988, -0.0297865, 1.67025, 0.711177, 0.00119711, 0.000355498, -0.000286389, 0.000312731, 0.000150426, 0.000216957, 0.000140203, 0.172338, -0.0987042, 0.0534585, -0.160086, -0.582361, -0.164661, 0.304282, 0, 0, 0, 5, 0, 0, 0, 0, 0, 0, 0, 0, 0, 0
9.26, 2025-06-05__13-49-08.616268, -0.00355777, -0.576861, -0.00535303, -2.9988, -0.0297875, 1.67025, 0.71118, -0.00114934, 0.000229747, -0.000777722, -0.00418826, 4.95669e-06, 0.000306519, 0.000455379, 0.189565, -0.127299, 0.0651421, -0.0754499, -0.578814, -0.153519, 0.303093, 0, 0, 0, 5, 0, 0, 0, 0, 0, 0, 0, 0, 0, 0
9.27, 2025-06-05__13-49-08.626268, -0.00355385, -0.576859, -0.00535499, -2.9988, -0.0297916, 1.67025, 0.711178, 0.000632309, 0.0016776, -0.00122717, 0.000560559, -0.000208579, 0.00061075, -3.12761e-05, 0.180473, -0.119911, 0.0620961, -0.156931, -0.580531, -0.165789, 0.304704, 0, 0, 0, 5, 0, 0, 0, 0, 0, 0, 0, 0, 0, 0
9.28, 2025-06-05__13-49-08.636272, -0.00355239, -0.576859, -0.00535499, -2.9988, -0.0297903, 1.67025, 0.71118, 0.00186204, 0.000299398, -0.000975063, 0.000519387, -0.000202258, -0.000400823, -0.00148362, 0.170694, -0.0978218, 0.0545853, -0.162387, -0.58116, -0.162769, 0.309152, 0, 0, 0, 5, 0, 0, 0, 0, 0, 0, 0, 0, 0, 0
9.29, 2025-06-05__13-49-08.646270, -0.00355274, -0.576862, -0.0053522, -2.9988, -0.0297931, 1.67025, 0.711178, 0.00114751, 0.000354085, -0.00118648, -0.00183649, -2.21542e-05, -0.000196849, -0.000285103, 0.175689, -0.113794, 0.0579849, -0.117945, -0.580388, -0.157551, 0.30556, 0, 0, 0, 5, 0, 0, 0, 0, 0, 0, 0, 0, 0, 0
9.3, 2025-06-05__13-49-08.656268, -0.0035542, -0.576862, -0.00534452, -2.9988, -0.0297934, 1.67025, 0.711177, 0.000331955, -0.00075158, 0.00107169, -0.000159538, 0.000160434, -0.00024634, -3.06522e-05, 0.171523, -0.0831636, 0.0476341, -0.157016, -0.581729, -0.16247, 0.30483, 0, 0, 0, 5, 0, 0, 0, 0, 0, 0, 0, 0, 0, 0
9.31, 2025-06-05__13-49-08.666268, -0.00355476, -0.576862, -0.0053465, -2.99881, -0.0297923, 1.67025, 0.711175, 0.00122916, 0.000359089, -0.000278233, -0.00125246, 0.000268666, -0.000672791, -0.00013187, 0.171051, -0.109901, 0.0520155, -0.127602, -0.581927, -0.157234, 0.305268, 0, 0, 0, 5, 0, 0, 0, 0, 0, 0, 0, 0, 0, 0
9.32, 2025-06-05__13-49-08.676268, -0.003558, -0.576858, -0.00534661, -2.9988, -0.0297951, 1.67025, 0.711178, -0.000958983, 0.000822817, 9.00374e-05, 0.0010096, 0.000371136, -3.5875e-05, 0.00117115, 0.185546, -0.102789, 0.0605331, -0.169816, -0.58204, -0.164994, 0.300951, 0, 0, 0, 5, 0, 0, 0, 0, 0, 0, 0, 0, 0, 0
9.33, 2025-06-05__13-49-08.686269, -0.00355714, -0.576857, -0.0053465, -2.9988, -0.0297965, 1.67025, 0.711178, -0.000101898, 0.00107843, 0.000297082, -0.00117663, 0.000340378, 0.000374138, 0.000839149, 0.177978, -0.121694, 0.0548571, -0.126694, -0.58151, -0.160921, 0.302086, 0, 0, 0, 5, 0, 0, 0, 0, 0, 0, 0, 0, 0, 0
9.34, 2025-06-05__13-49-08.696268, -0.00355421, -0.576864, -0.00534578, -2.9988, -0.0297965, 1.67025, 0.711181, 0.000156934, -6.46565e-05, 0.00114194, -8.79209e-05, 8.90759e-05, 0.000209704, 0.000380144, 0.172593, -0.0932963, 0.0483864, -0.155118, -0.581327, -0.163976, 0.303387, 0, 0, 0, 5, 0, 0, 0, 0, 0, 0, 0, 0, 0, 0
9.35, 2025-06-05__13-49-08.706267, -0.00355704, -0.576864, -0.00534357, -2.99881, -0.0297971, 1.67025, 0.711177, -0.000133358, -0.00101577, -0.000113608, -0.00102621, 0.000213483, -0.000203225, -0.00130782, 0.179779, -0.0845275, 0.0563413, -0.142878, -0.580767, -0.160517, 0.308652, 0, 0, 0, 5, 0, 0, 0, 0, 0, 0, 0, 0, 0, 0
9.36, 2025-06-05__13-49-08.716269, -0.00355421, -0.576864, -0.00534545, -2.9988, -0.029799, 1.67025, 0.711179, -0.000120768, -0.00126367, -0.000194703, -0.000606013, -0.000235614, 0.000194727, 0.000235976, 0.18033, -0.0772701, 0.0569682, -0.153592, -0.579347, -0.163346, 0.303836, 0, 0, 0, 5, 0, 0, 0, 0, 0, 0, 0, 0, 0, 0
9.37, 2025-06-05__13-49-08.726270, -0.00355697, -0.576862, -0.0053433, -2.9988, -0.0297969, 1.67025, 0.711183, -0.000400158, 4.73374e-05, -0.000297638, -0.00012152, 0.000372688, 0.00025752, -0.000539514, 0.182612, -0.0964219, 0.0592543, -0.154364, -0.581585, -0.16383, 0.305981, 0, 0, 0, 5, 0, 0, 0, 0, 0, 0, 0, 0, 0, 0
9.38, 2025-06-05__13-49-08.736280, -0.00355421, -0.576862, -0.0053433, -2.99881, -0.0297977, 1.67025, 0.711175, 0.000337312, 0.000121329, 0.000535959, -0.000575728, 0.000325756, -0.000342831, 9.54916e-06, 0.173574, -0.100811, 0.0508638, -0.143005, -0.581846, -0.160399, 0.304795, 0, 0, 0, 5, 0, 0, 0, 0, 0, 0, 0, 0, 0, 0
9.39, 2025-06-05__13-49-08.746283, -0.00355514, -0.576862, -0.00534581, -2.99881, -0.0298018, 1.67025, 0.711179, -0.00163145, -0.000187937, -0.000386023, -0.000462233, 0.000109951, -0.000323273, 0.000496766, 0.19163, -0.0952248, 0.0652232, -0.148127, -0.579721, -0.16082, 0.302935, 0, 0, 0, 5, 0, 0, 0, 0, 0, 0, 0, 0, 0, 0
9.4, 2025-06-05__13-49-08.756271, -0.00355913, -0.576864, -0.00534359, -2.9988, -0.0298026, 1.67025, 0.711174, -0.00168585, -0.000513823, -0.000565132, 0.00153625, -4.2654e-05, 2.31167e-05, -0.000649824, 0.193611, -0.0755987, 0.067053, -0.189877, -0.579729, -0.167442, 0.306606, 0, 0, 0, 5, 0, 0, 0, 0, 0, 0, 0, 0, 0, 0
9.41, 2025-06-05__13-49-08.766270, -0.00355168, -0.576864, -0.00534261, -2.99881, -0.0298032, 1.67025, 0.711181, 0.000577628, -0.000787098, 0.00013057, -0.000621101, -0.000617782, -3.47353e-06, 0.00126501, 0.173951, -0.0852679, 0.0519253, -0.149008, -0.578365, -0.162308, 0.300702, 0, 0, 0, 5, 0, 0, 0, 0, 0, 0, 0, 0, 0, 0
9.42, 2025-06-05__13-49-08.776270, -0.00355442, -0.576862, -0.00534003, -2.9988, -0.0298059, 1.67025, 0.71118, -0.000914761, 0.000538566, 0.000353698, -0.000332421, 0.000142661, 2.34136e-05, -0.000363788, 0.182973, -0.105934, 0.0573924, -0.146179, -0.580228, -0.162071, 0.305622, 0, 0, 0, 5, 0, 0, 0, 0, 0, 0, 0, 0, 0, 0
9.43, 2025-06-05__13-49-08.786283, -0.00356027, -0.576862, -0.00533937, -2.9988, -0.0298065, 1.67025, 0.711179, -0.00790485, 0.000480591, -5.37824e-05, -0.000367934, -0.000247848, -0.000352498, 0.00110693, 0.233766, -0.10554, 0.090769, -0.147074, -0.575296, -0.160145, 0.300682, 0, 0, 0, 5, 0, 0, 0, 0, 0, 0, 0, 0, 0, 0
9.44, 2025-06-05__13-49-08.796266, -0.00355097, -0.576862, -0.00533692, -2.9988, -0.0298067, 1.67025, 0.711176, 0.000503175, 0.000137949, 0.000253343, -0.000436806, 4.0185e-05, 0.000304684, -0.00171089, 0.172988, -0.099785, 0.0510604, -0.147093, -0.580416, -0.163238, 0.31002, 0, 0, 0, 5, 0, 0, 0, 0, 0, 0, 0, 0, 0, 0
9.45, 2025-06-05__13-49-08.806270, -0.00355697, -0.576862, -0.00533691, -2.99881, -0.0298065, 1.67025, 0.711183, -0.000571874, 2.93879e-05, -5.87151e-05, -0.000335215, -0.00229078, -3.44445e-06, 0.000352794, 0.183744, -0.0974364, 0.0586912, -0.148516, -0.571973, -0.162391, 0.303404, 0, 0, 0, 5, 0, 0, 0, 0, 0, 0, 0, 0, 0, 0
9.46, 2025-06-05__13-49-08.816269, -0.0035591, -0.576864, -0.00533129, -2.9988, -0.0298067, 1.67025, 0.711177, -0.00353036, 0.00126888, -0.00106908, 5.42694e-05, -0.000376049, -2.66801e-05, -0.00116138, 0.207419, -0.115523, 0.0772643, -0.149767, -0.576915, -0.162123, 0.307975, 0, 0, 0, 5, 0, 0, 0, 0, 0, 0, 0, 0, 0, 0
9.47, 2025-06-05__13-49-08.826269, -0.00355418, -0.576862, -0.00533376, -2.99881, -0.0298091, 1.67025, 0.711179, 0.000294997, 0.00022349, -0.000174488, -0.00174273, -4.07156e-05, 0.000145064, 0.000873751, 0.176275, -0.110239, 0.0542319, -0.121149, -0.579441, -0.15927, 0.301977, 0, 0, 0, 5, 0, 0, 0, 0, 0, 0, 0, 0, 0, 0
9.48, 2025-06-05__13-49-08.836269, -0.00355347, -0.576862, -0.00533372, -2.99881, -0.0298103, 1.67025, 0.71118, 0.00370252, -0.00011392, -0.000150525, -0.000540192, 0.00023756, 0.00030176, -0.000749425, 0.152728, -0.096409, 0.0392881, -0.145946, -0.58239, -0.163329, 0.307087, 0, 0, 0, 5, 0, 0, 0, 0, 0, 0, 0, 0, 0, 0
9.49, 2025-06-05__13-49-08.846268, -0.00355381, -0.576862, -0.00533622, -2.99881, -0.0298121, 1.67025, 0.711176, 0.00156018, 5.52892e-05, -0.000741587, 0.000631203, 0.000113939, 0.000295716, 6.35135e-05, 0.170742, -0.0915552, 0.0529083, -0.168091, -0.581139, -0.166009, 0.304585, 0, 0, 0, 5, 0, 0, 0, 0, 0, 0, 0, 0, 0, 0
9.5, 2025-06-05__13-49-08.856268, -0.00355418, -0.576862, -0.00533087, -2.99881, -0.0298083, 1.67024, 0.711182, 0.00048125, -0.000344564, -0.000402832, 0.000330596, 0.000218553, -0.000206834, 0.000535845, 0.176279, -0.0871986, 0.0549278, -0.163623, -0.58116, -0.162953, 0.302817, 0, 0, 0, 5, 0, 0, 0, 0, 0, 0, 0, 0, 0, 0
9.51, 2025-06-05__13-49-08.866265, -0.00355144, -0.576862, -0.00533134, -2.99881, -0.0298122, 1.67025, 0.711173, 0.00422443, -7.81122e-05, -4.99614e-05, -0.0018639, -1.6943e-05, 0.000277562, -0.00157829, 0.14801, -0.105899, 0.0356734, -0.119888, -0.58119, -0.159885, 0.310034, 0, 0, 0, 5, 0, 0, 0, 0, 0, 0, 0, 0, 0, 0
9.52, 2025-06-05__13-49-08.876268, -0.00355723, -0.576862, -0.00532877, -2.99881, -0.0298122, 1.67025, 0.711178, 1.25439e-05, -0.000358756, 0.000566743, -0.00125588, 2.97001e-05, -2.94504e-07, 0.000264705, 0.175063, -0.0970284, 0.0507158, -0.133879, -0.579674, -0.160356, 0.303887, 0, 0, 0, 5, 0, 0, 0, 0, 0, 0, 0, 0, 0, 0
9.53, 2025-06-05__13-49-08.886268, -0.00355452, -0.576862, -0.00533326, -2.99881, -0.0298109, 1.67024, 0.711175, -0.00330668, -5.977e-05, -0.000284237, -0.00121164, 0.00035444, -8.31473e-05, -0.000589467, 0.201449, -0.102267, 0.070475, -0.13352, -0.578983, -0.159072, 0.306354, 0, 0, 0, 5, 0, 0, 0, 0, 0, 0, 0, 0, 0, 0
9.54, 2025-06-05__13-49-08.896271, -0.00355182, -0.576864, -0.00533052, -2.99881, -0.029814, 1.67025, 0.71118, 0.00336234, -0.000332513, 0.000197818, -4.2288e-05, -0.000362736, 0.000231429, 0.00175332, 0.153822, -0.0887089, 0.0386737, -0.156775, -0.580385, -0.164568, 0.299447, 0, 0, 0, 5, 0, 0, 0, 0, 0, 0, 0, 0, 0, 0
9.55, 2025-06-05__13-49-08.906269, -0.00355689, -0.576864, -0.00533052, -2.99881, -0.0298165, 1.67025, 0.711184, -0.00172732, -0.000855694, 0.000140377, -5.55037e-05, 0.000175442, 7.9446e-06, 0.00061842, 0.189336, -0.0802919, 0.0611574, -0.161211, -0.579406, -0.163674, 0.302344, 0, 0, 0, 5, 0, 0, 0, 0, 0, 0, 0, 0, 0, 0
9.56, 2025-06-05__13-49-08.916267, -0.00355671, -0.576864, -0.00532969, -2.99881, -0.0298175, 1.67025, 0.711179, -0.000365519, -0.000691477, -0.000892543, 0.000899967, -0.000228408, 0.0003514, -0.00014069, 0.184797, -0.0767305, 0.0616898, -0.179069, -0.578735, -0.167331, 0.30493, 0, 0, 0, 5, 0, 0, 0, 0, 0, 0, 0, 0, 0, 0
9.57, 2025-06-05__13-49-08.926267, -0.00355395, -0.576859, -0.0053274, -2.99881, -0.0298162, 1.67025, 0.711181, -0.00468, 0.000929022, 0.000458887, -0.00204052, 0.000322105, 0.00025055, 0.000180791, 0.207054, -0.124447, 0.0716498, -0.111971, -0.577901, -0.158124, 0.303705, 0, 0, 0, 5, 0, 0, 0, 0, 0, 0, 0, 0, 0, 0
9.58, 2025-06-05__13-49-08.936265, -0.0035507, -0.576862, -0.00532675, -2.99881, -0.029817, 1.67025, 0.711179, 0.00138916, -0.000142289, -0.000733906, 0.00125463, -0.000102846, 0.00394966, -0.00126078, 0.170943, -0.0814629, 0.0524761, -0.190499, -0.580182, -0.181928, 0.308414, 0, 0, 0, 5, 0, 0, 0, 0, 0, 0, 0, 0, 0, 0
9.59, 2025-06-05__13-49-08.946266, -0.00355419, -0.576859, -0.00532422, -2.99881, -0.0298187, 1.67025, 0.711183, 0.000225318, 0.000479633, 2.71038e-05, -9.07575e-05, -0.00376714, 0.000777047, 0.00108168, 0.177634, -0.10329, 0.0540581, -0.150891, -0.566933, -0.165831, 0.301315, 0, 0, 0, 5, 0, 0, 0, 0, 0, 0, 0, 0, 0, 0
9.6, 2025-06-05__13-49-08.956268, -0.00355182, -0.576862, -0.00532437, -2.9988, -0.0298176, 1.67024, 0.711181, -0.000244281, 0.000723326, 0.000506286, 0.0017328, -0.000323823, -0.000339309, 7.7856e-05, 0.177361, -0.0952421, 0.0529566, -0.182717, -0.579306, -0.165276, 0.304295, 0, 0, 0, 5, 0, 0, 0, 0, 0, 0, 0, 0, 0, 0
9.61, 2025-06-05__13-49-08.966266, -0.00355696, -0.576862, -0.0053245, -2.99881, -0.0298159, 1.67025, 0.711177, -0.000701515, -0.000150175, 0.00149169, 0.0015448, 0.000410205, 3.22606e-05, -0.00064398, 0.176237, -0.081265, 0.0487982, -0.186322, -0.581688, -0.167426, 0.306641, 0, 0, 0, 5, 0, 0, 0, 0, 0, 0, 0, 0, 0, 0
9.62, 2025-06-05__13-49-08.976267, -0.00355418, -0.576859, -0.00531895, -2.99881, -0.0298206, 1.67025, 0.711184, 0.000451182, 0.00121911, 0.000952904, -0.000993887, -0.000183682, 0.000838528, 0.000583953, 0.169607, -0.121538, 0.0461949, -0.129657, -0.57908, -0.163238, 0.302721, 0, 0, 0, 5, 0, 0, 0, 0, 0, 0, 0, 0, 0, 0
9.63, 2025-06-05__13-49-08.986267, -0.00355416, -0.576859, -0.00532104, -2.99881, -0.0298211, 1.67025, 0.711179, -2.31521e-05, 0.000842021, 4.63053e-05, -0.00108681, 0.000116561, 0.000194072, 0.000401265, 0.176812, -0.116696, 0.0536157, -0.129337, -0.579557, -0.160658, 0.303421, 0, 0, 0, 5, 0, 0, 0, 0, 0, 0, 0, 0, 0, 0
9.64, 2025-06-05__13-49-08.996268, -0.00355484, -0.576864, -0.00531815, -2.99881, -0.0298211, 1.67025, 0.711178, 0.0039711, -0.00129464, 0.000886919, -0.000171424, 0.000370687, -0.000116667, 0.000814586, 0.145705, -0.0734805, 0.0304356, -0.159657, -0.582858, -0.163605, 0.302459, 0, 0, 0, 5, 0, 0, 0, 0, 0, 0, 0, 0, 0, 0
9.65, 2025-06-05__13-49-09.006269, -0.00355697, -0.576862, -0.00532093, -2.99881, -0.0298218, 1.67025, 0.711183, 0.000525435, 0.000161352, 0.000587658, -0.000569544, 4.59406e-05, 0.000519879, 1.13147e-05, 0.171109, -0.100661, 0.0480557, -0.144617, -0.57979, -0.1638, 0.304466, 0, 0, 0, 5, 0, 0, 0, 0, 0, 0, 0, 0, 0, 0
9.66, 2025-06-05__13-49-09.016265, -0.00355673, -0.576859, -0.00532622, -2.99881, -0.0298218, 1.67025, 0.711175, 0.00367407, 0.00072858, -0.00125767, 0.00104639, -3.78233e-06, 5.39112e-05, -0.000381753, 0.158294, -0.10104, 0.0465286, -0.169999, -0.581363, -0.165722, 0.30614, 0, 0, 0, 5, 0, 0, 0, 0, 0, 0, 0, 0, 0, 0
9.67, 2025-06-05__13-49-09.026267, -0.00355397, -0.576864, -0.0053227, -2.99881, -0.0298218, 1.67025, 0.711178, -1.37642e-05, -0.000162842, -0.000801148, 0.000913619, -8.20226e-05, 5.49013e-05, -0.000257136, 0.181196, -0.0856025, 0.0590123, -0.174861, -0.579295, -0.165875, 0.305382, 0, 0, 0, 5, 0, 0, 0, 0, 0, 0, 0, 0, 0, 0
9.68, 2025-06-05__13-49-09.036265, -0.00354894, -0.576859, -0.00532131, -2.99881, -0.0298218, 1.67024, 0.711176, 0.000642432, 0.00158879, -0.000807017, 0.000162267, -3.39199e-05, -0.000476024, -0.000835113, 0.175838, -0.121648, 0.0561795, -0.14618, -0.579652, -0.160083, 0.307359, 0, 0, 0, 5, 0, 0, 0, 0, 0, 0, 0, 0, 0, 0
9.69, 2025-06-05__13-49-09.046272, -0.00355418, -0.576862, -0.00531775, -2.99881, -0.0298251, 1.67025, 0.711178, 0.000581167, 0.000421594, 0.000497541, -0.00029753, 5.43943e-05, 5.25624e-05, 7.27073e-06, 0.170737, -0.103506, 0.0481021, -0.14687, -0.579811, -0.162493, 0.304723, 0, 0, 0, 5, 0, 0, 0, 0, 0, 0, 0, 0, 0, 0
9.7, 2025-06-05__13-49-09.056268, -0.00355693, -0.576864, -0.00531811, -2.99881, -0.029824, 1.67024, 0.711178, -0.000571524, -0.000271524, 0.00288069, -0.0020358, -0.000245579, -0.000285359, -0.0002812, 0.168231, -0.102573, 0.0384073, -0.116596, -0.578123, -0.156765, 0.3057, 0, 0, 0, 5, 0, 0, 0, 0, 0, 0, 0, 0, 0, 0
9.71, 2025-06-05__13-49-09.066268, -0.00355357, -0.576864, -0.00532545, -2.99881, -0.0298257, 1.67025, 0.711174, 0.000657267, -0.000750986, -0.00192767, -0.00199345, 0.000202157, 0.000111664, -0.000203936, 0.18065, -0.0958298, 0.0617727, -0.123407, -0.578973, -0.159102, 0.305429, 0, 0, 0, 5, 0, 0, 0, 0, 0, 0, 0, 0, 0, 0
9.72, 2025-06-05__13-49-09.076270, -0.00355601, -0.576862, -0.0053181, -2.99881, -0.0298263, 1.67024, 0.711182, 0.0030844, 0.000276458, -0.000269839, -0.00257623, 0.000169029, -0.000486863, 0.000170395, 0.156387, -0.117251, 0.0411395, -0.101892, -0.580346, -0.154243, 0.30423, 0, 0, 0, 5, 0, 0, 0, 0, 0, 0, 0, 0, 0, 0
9.73, 2025-06-05__13-49-09.086269, -0.00355481, -0.576862, -0.00531747, -2.99881, -0.0298266, 1.67024, 0.71118, 1.22044e-05, 8.95763e-05, 0.000274049, 0.000469103, 6.05564e-05, -0.000324207, -0.000970727, 0.175876, -0.0932545, 0.0520324, -0.162712, -0.579647, -0.162549, 0.30756, 0, 0, 0, 5, 0, 0, 0, 0, 0, 0, 0, 0, 0, 0
9.74, 2025-06-05__13-49-09.096268, -0.00355672, -0.576862, -0.0053181, -2.99881, -0.0298304, 1.67025, 0.711178, -0.0019587, -0.000955383, -0.000787502, -0.0049149, -0.000204881, 0.000231907, -0.000340596, 0.19287, -0.112001, 0.0650206, -0.0690057, -0.575194, -0.152214, 0.305628, 0, 0, 0, 5, 0, 0, 0, 0, 0, 0, 0, 0, 0, 0
9.75, 2025-06-05__13-49-09.106268, -0.00355685, -0.576861, -0.00531184, -2.99881, -0.0298298, 1.67024, 0.711181, -0.000847219, 0.000209687, 0.0012111, -0.000647948, -9.60168e-05, -0.000265995, 0.00110788, 0.177453, -0.102588, 0.049687, -0.14039, -0.578439, -0.15991, 0.301184, 0, 0, 0, 5, 0, 0, 0, 0, 0, 0, 0, 0, 0, 0
9.76, 2025-06-05__13-49-09.116265, -0.00355387, -0.576862, -0.00531462, -2.99881, -0.0298283, 1.67025, 0.711182, -0.00032347, 0.000449541, -0.000161744, 0.000378458, -0.000106276, 0.000333424, -0.000125774, 0.179878, -0.0994358, 0.0559226, -0.160763, -0.578745, -0.165192, 0.30484, 0, 0, 0, 5, 0, 0, 0, 0, 0, 0, 0, 0, 0, 0
9.77, 2025-06-05__13-49-09.126269, -0.00355483, -0.576859, -0.00531454, -2.99881, -0.0298296, 1.67024, 0.711174, -0.000733055, 0.000312298, 0.000282089, -0.00117079, 0.000266897, -0.00027926, -0.000594928, 0.180229, -0.108759, 0.0545187, -0.129798, -0.579244, -0.158341, 0.30667, 0, 0, 0, 5, 0, 0, 0, 0, 0, 0, 0, 0, 0, 0
9.78, 2025-06-05__13-49-09.136267, -0.00355459, -0.576857, -0.00530891, -2.9988, -0.0298264, 1.67024, 0.711178, -0.00116825, 0.00168816, 0.00204932, 0.00118217, 0.000342763, -0.000265527, -9.82432e-05, 0.175808, -0.115646, 0.0466978, -0.165216, -0.580912, -0.163473, 0.305004, 0, 0, 0, 5, 0, 0, 0, 0, 0, 0, 0, 0, 0, 0
9.79, 2025-06-05__13-49-09.146270, -0.00355481, -0.576864, -0.0053168, -2.99881, -0.0298288, 1.67025, 0.711179, -0.000588472, -0.000396757, -0.000445658, 0.000589847, -3.40921e-05, 0.000140911, 3.98131e-06, 0.183234, -0.0836354, 0.0587583, -0.170454, -0.57878, -0.165551, 0.304524, 0, 0, 0, 5, 0, 0, 0, 0, 0, 0, 0, 0, 0, 0
9.8, 2025-06-05__13-49-09.156273, -0.0035511, -0.576859, -0.00531169, -2.99881, -0.0298313, 1.67024, 0.711173, 0.000215239, 0.000615421, 0.000347835, 0.000235084, 9.46411e-05, -0.000335013, -0.00185752, 0.17326, -0.104351, 0.0500514, -0.154167, -0.579587, -0.161522, 0.310639, 0, 0, 0, 5, 0, 0, 0, 0, 0, 0, 0, 0, 0, 0
9.81, 2025-06-05__13-49-09.166270, -0.00355689, -0.576867, -0.00531385, -2.99881, -0.029832, 1.67025, 0.711176, -0.00127976, -0.00239241, -0.000593696, -0.00106809, -0.000136174, 0.00038674, -0.00122342, 0.188137, -0.0606324, 0.0611677, -0.153159, -0.577051, -0.163651, 0.308361, 0, 0, 0, 5, 0, 0, 0, 0, 0, 0, 0, 0, 0, 0
9.82, 2025-06-05__13-49-09.176269, -0.00354927, -0.576864, -0.00531167, -2.99882, -0.0298327, 1.67025, 0.711177, 0.000830783, -0.00137188, -0.000399518, -0.00159569, -0.000432134, -3.73426e-05, 1.11808e-06, 0.171935, -0.082171, 0.0505266, -0.133838, -0.577114, -0.160107, 0.304793, 0, 0, 0, 5, 0, 0, 0, 0, 0, 0, 0, 0, 0, 0
9.83, 2025-06-05__13-49-09.186268, -0.00355391, -0.576862, -0.00530857, -2.99881, -0.029832, 1.67024, 0.711174, 0.000283775, -0.000370302, 0.00117657, 0.000352334, -0.000212988, -0.000327895, -0.000594624, 0.169541, -0.085975, 0.0445253, -0.162994, -0.57877, -0.162653, 0.306771, 0, 0, 0, 5, 0, 0, 0, 0, 0, 0, 0, 0, 0, 0
9.84, 2025-06-05__13-49-09.196270, -0.00355099, -0.576862, -0.00531064, -2.99881, -0.0298314, 1.67025, 0.711181, 0.000131561, 0.000365932, 0.000363125, -0.000125872, 3.51298e-05, 0.000371264, 0.000408309, 0.173731, -0.1012, 0.0500888, -0.15144, -0.579284, -0.164193, 0.303323, 0, 0, 0, 5, 0, 0, 0, 0, 0, 0, 0, 0, 0, 0
9.85, 2025-06-05__13-49-09.206269, -0.00354883, -0.576862, -0.00531148, -2.99881, -0.0298314, 1.67025, 0.711178, 0.000660934, 0.000403141, -0.000785148, -0.000300617, 0.000196525, -3.42267e-05, -0.00167472, 0.174669, -0.103785, 0.054371, -0.147029, -0.579676, -0.16206, 0.309815, 0, 0, 0, 5, 0, 0, 0, 0, 0, 0, 0, 0, 0, 0
9.86, 2025-06-05__13-49-09.216268, -0.00355198, -0.576862, -0.00531093, -2.99881, -0.0298358, 1.67025, 0.711183, 0.000988737, -0.000446726, -0.000599174, 0.000849298, 0.000186207, 0.000366592, 0.000282981, 0.172379, -0.0814372, 0.0521437, -0.175722, -0.580065, -0.167201, 0.30358, 0, 0, 0, 5, 0, 0, 0, 0, 0, 0, 0, 0, 0, 0
9.87, 2025-06-05__13-49-09.226273, -0.00355407, -0.576864, -0.00531066, -2.99881, -0.0298367, 1.67025, 0.711176, 0.000320744, -0.000969586, 0.000300466, 0.0012282, -0.000219907, 0.000232076, -4.19818e-05, 0.173564, -0.0693901, 0.0498222, -0.186123, -0.578593, -0.168035, 0.304899, 0, 0, 0, 5, 0, 0, 0, 0, 0, 0, 0, 0, 0, 0
9.88, 2025-06-05__13-49-09.236270, -0.00355623, -0.576862, -0.00530815, -2.99881, -0.029834, 1.67025, 0.711175, -0.000324107, -0.00014468, 0.00109291, -0.000495795, -0.000432094, 0.000321588, -0.000843922, 0.174118, -0.0949235, 0.0476002, -0.147331, -0.577238, -0.163416, 0.307457, 0, 0, 0, 5, 0, 0, 0, 0, 0, 0, 0, 0, 0, 0
9.89, 2025-06-05__13-49-09.246272, -0.00355407, -0.576864, -0.00530852, -2.99881, -0.0298358, 1.67024, 0.711175, 0.000487597, -0.00097738, -0.000723491, 0.000117359, 9.77275e-05, -0.000169872, -0.000913552, 0.176209, -0.0775501, 0.0545357, -0.16383, -0.579117, -0.163, 0.30759, 0, 0, 0, 5, 0, 0, 0, 0, 0, 0, 0, 0, 0, 0
9.9, 2025-06-05__13-49-09.256269, -0.00355194, -0.576864, -0.00530591, -2.99881, -0.0298362, 1.67025, 0.711185, -0.000246054, -0.00122424, -8.53724e-05, -0.000522084, -1.61992e-05, 2.62854e-05, 0.0010629, 0.178083, -0.0771983, 0.0533907, -0.154082, -0.578361, -0.162946, 0.301081, 0, 0, 0, 5, 0, 0, 0, 0, 0, 0, 0, 0, 0, 0
9.91, 2025-06-05__13-49-09.266269, -0.00355099, -0.576864, -0.00530499, -2.99881, -0.0298368, 1.67025, 0.711179, 2.71131e-06, -0.000568386, -0.00013998, 0.000624049, -0.000166076, 0.000268164, 8.7431e-05, 0.176777, -0.0802755, 0.0530763, -0.172132, -0.578358, -0.16633, 0.304346, 0, 0, 0, 5, 0, 0, 0, 0, 0, 0, 0, 0, 0, 0
9.92, 2025-06-05__13-49-09.276269, -0.00355386, -0.576862, -0.00530746, -2.99881, -0.0298368, 1.67025, 0.711181, -0.000876389, 0.000309855, -0.000625621, 0.000286644, -0.000151764, 0.000261029, 8.96364e-05, 0.1853, -0.097906, 0.0604253, -0.159972, -0.57775, -0.16473, 0.304179, 0, 0, 0, 5, 0, 0, 0, 0, 0, 0, 0, 0, 0, 0
9.93, 2025-06-05__13-49-09.286269, -0.00355324, -0.57686, -0.00530422, -2.99881, -0.0298379, 1.67024, 0.711178, 0.00026742, 0.000250949, 0.000243674, -0.00139764, 3.44467e-05, 0.00020469, 0.000403382, 0.172798, -0.108579, 0.0493768, -0.126714, -0.578507, -0.159782, 0.30352, 0, 0, 0, 5, 0, 0, 0, 0, 0, 0, 0, 0, 0, 0
9.94, 2025-06-05__13-49-09.296269, -0.00355347, -0.576859, -0.00530424, -2.99881, -0.0298369, 1.67025, 0.711181, -0.00191765, 0.00130956, 0.000926121, -0.00025103, -5.82152e-06, -3.03123e-05, 0.0010186, 0.185304, -0.118574, 0.0556871, -0.141724, -0.578033, -0.161557, 0.301382, 0, 0, 0, 5, 0, 0, 0, 0, 0, 0, 0, 0, 0, 0
9.95, 2025-06-05__13-49-09.306270, -0.00355124, -0.576862, -0.00530675, -2.99881, -0.0298411, 1.67024, 0.711181, 0.000372178, -0.000213767, -0.00015786, 0.000421698, -0.000234152, 0.000284122, 0.00124052, 0.17455, -0.0881401, 0.0519236, -0.165195, -0.57808, -0.165078, 0.30077, 0, 0, 0, 5, 0, 0, 0, 0, 0, 0, 0, 0, 0, 0
9.96, 2025-06-05__13-49-09.316270, -0.00355594, -0.576864, -0.0053053, -2.99882, -0.0298379, 1.67024, 0.71118, -0.00032289, -0.00117542, -0.000695652, -0.00126733, -0.000399535, -0.000197905, -0.000582994, 0.181532, -0.0835482, 0.0573658, -0.138424, -0.576397, -0.159474, 0.306349, 0, 0, 0, 5, 0, 0, 0, 0, 0, 0, 0, 0, 0, 0
9.97, 2025-06-05__13-49-09.326269, -0.00355866, -0.576858, -0.00530176, -2.99881, -0.0298405, 1.67025, 0.711174, -0.00195111, 0.0012028, 0.000474592, 0.00025517, -7.94691e-05, 0.000224381, -0.000235856, 0.187976, -0.113628, 0.0587101, -0.152795, -0.57755, -0.163835, 0.305498, 0, 0, 0, 5, 0, 0, 0, 0, 0, 0, 0, 0, 0, 0
9.98, 2025-06-05__13-49-09.336269, -0.00354928, -0.576862, -0.00530221, -2.99881, -0.029841, 1.67025, 0.711175, 0.00244304, -3.74766e-05, 0.00181637, 0.00144579, -7.30217e-05, 0.000331087, -0.000293712, 0.151268, -0.0833005, 0.0308915, -0.182897, -0.580495, -0.168529, 0.305963, 0, 0, 0, 5, 0, 0, 0, 0, 0, 0, 0, 0, 0, 0
9.99, 2025-06-05__13-49-09.346271, -0.00354872, -0.576862, -0.00530427, -2.99881, -0.0298416, 1.67025, 0.711178, 0.000846366, 0.000277431, 0.00525207, -0.00091078, -0.000111237, -7.81821e-05, 0.00033225, 0.146775, -0.103437, 0.0170009, -0.133839, -0.579541, -0.160871, 0.304053, 0, 0, 0, 5, 0, 0, 0, 0, 0, 0, 0, 0, 0, 0
10, 2025-06-05__13-49-09.356268, -0.00355102, -0.576859, -0.00530176, -2.99881, -0.029841, 1.67025, 0.711174, -0.000273707, 0.000231123, 0.000739595, -0.000129365, 7.70235e-05, 0.000357622, -0.00110927, 0.174221, -0.0995788, 0.0487335, -0.151813, -0.57876, -0.164168, 0.308289, 0, 0, 0, 5, 0, 0, 0, 0, 0, 0, 0, 0, 0, 0
10.01, 2025-06-05__13-49-09.366269, -0.00355639, -0.576862, -0.00530105, -2.99881, -0.0298416, 1.67024, 0.711179, -0.00158961, -1.14755e-05, 0.00037394, 0.000276318, -0.000163509, -1.88605e-05, -0.000580413, 0.185706, -0.092502, 0.0570789, -0.160652, -0.577304, -0.163238, 0.306335, 0, 0, 0, 5, 0, 0, 0, 0, 0, 0, 0, 0, 0, 0
10.02, 2025-06-05__13-49-09.376269, -0.00355283, -0.576858, -0.00530102, -2.99881, -0.0298405, 1.67024, 0.711182, 0.00104762, -0.000579845, 0.00100017, 0.00372594, 0.00280455, -0.00326523, 0.000910272, -0.553692, -16.2399, -0.746506, 27.7957, 0.316219, 5.9216, 0.355566, 0, 0, 0, 0, 0, 0, 0, 0, 0, 0, 0, 0, 0, 0
10.03, 2025-06-05__13-49-09.386270, -0.00359908, -0.577294, -0.00532661, -2.99871, -0.0297659, 1.67177, 0.711188, -0.00929194, -0.068002, -0.00749583, 0.013152, 0.00839303, 0.240187, -0.00144943, -0.456316, -14.7689, -0.689204, 26.4408, 0.309816, 4.81444, 0.353501, 0, 0, 0, 0, 0, 0, 0, 0, 0, 0, 0, 0, 0, 0
10.04, 2025-06-05__13-49-09.396269, -0.00370158, -0.579008, -0.00537413, -2.99823, -0.0296824, 1.67603, 0.71119, -0.0102568, -0.188745, -0.00479369, 0.061025, 0.00785527, 0.457281, 0.000118852, -0.450939, -11.8262, -0.748998, 23.8397, 0.307656, 3.50596, 0.338539, 0, 0, 0, 0, 0, 0, 0, 0, 0, 0, 0, 0, 0, 0
10.05, 2025-06-05__13-49-09.406269, -0.00380224, -0.580759, -0.00545728, -2.99644, -0.0296472, 1.68104, 0.711191, -0.0107695, -0.15706, -0.0058856, 0.227321, 0.00677979, 0.494568, -0.000130344, -0.384851, -10.7526, -0.679502, 20.4153, 0.251402, 2.65835, 0.332974, 0, 0, 0, 0, 0, 0, 0, 0, 0, 0, 0, 0, 0, 0
10.06, 2025-06-05__13-49-09.416266, -0.00392693, -0.582321, -0.0054972, -2.99293, -0.0296491, 1.68599, 0.711196, -0.00628979, -0.172835, -0.00164618, 0.382491, 6.87374e-05, 0.488325, 0.000589481, -0.376146, -9.04113, -0.684669, 17.0165, 0.218026, 1.9768, 0.325587, 0, 0, 0, 0, 0, 0, 0, 0, 0, 0, 0, 0, 0, 0
10.07, 2025-06-05__13-49-09.426269, -0.00402904, -0.584662, -0.00550805, -2.98808, -0.0296449, 1.69052, 0.711195, -0.00643082, -0.248599, -0.00110923, 0.509381, 0.000416264, 0.441209, 0.000527984, -0.332578, -6.33788, -0.688412, 13.7769, 0.17696, 1.49719, 0.320339, 0, 0, 0, 0, 0, 0, 0, 0, 0, 0, 0, 0, 0, 0
10.08, 2025-06-05__13-49-09.436266, -0.00408666, -0.587606, -0.00553024, -2.98219, -0.0296337, 1.69443, 0.711194, -0.00421913, -0.298192, -0.0021968, 0.610472, 0.00128337, 0.377428, 0.000805741, -0.309177, -4.09499, -0.696621, 11.2038, 0.140317, 1.19397, 0.315607, 0, 0, 0, 0, 0, 0, 0, 0, 0, 0, 0, 0, 0, 0
10.09, 2025-06-05__13-49-09.446270, -0.0040877, -0.59039, -0.00559267, -2.97524, -0.0296332, 1.6978, 0.711188, -0.0020769, -0.272947, -0.0061022, 0.723567, -0.000129966, 0.32825, -0.000882072, -0.27284, -3.05977, -0.654482, 8.90934, 0.103083, 0.888477, 0.318153, 0, 0, 0, 0, 0, 0, 0, 0, 0, 0, 0, 0, 0, 0
10.1, 2025-06-05__13-49-09.456267, -0.0041125, -0.592905, -0.00568828, -2.9674, -0.0296319, 1.70078, 0.711189, -0.00847456, -0.24093, -0.0196446, 0.801393, -0.000479505, 0.273, 0.000388072, -0.133349, -2.4595, -0.511135, 7.39116, 0.0815539, 0.728083, 0.311344, 0, 0, 0, 0, 0, 0, 0, 0, 0, 0, 0, 0, 0, 0
10.11, 2025-06-05__13-49-09.466266, -0.004118, -0.595348, -0.00578009, -2.959, -0.0296271, 1.70321, 0.711191, 0.000601105, -0.249386, -0.00960949, 0.845022, -0.00079323, 0.232267, 0.000141769, -0.233753, -1.38564, -0.623567, 6.24381, 0.0608008, 0.599179, 0.311438, 0, 0, 0, 0, 0, 0, 0, 0, 0, 0, 0, 0, 0, 0
10.12, 2025-06-05__13-49-09.476268, -0.00409544, -0.597587, -0.00582834, -2.95095, -0.0296266, 1.70488, 0.711192, 0.00872111, -0.248446, -0.00242831, 0.909671, 0.00107495, 0.178838, 0.000711025, -0.316707, -0.378895, -0.710681, 4.83375, 0.0238934, 0.518412, 0.309105, 0, 0, 0, 0, 0, 0, 0, 0, 0, 0, 0, 0, 0, 0
10.13, 2025-06-05__13-49-09.486266, -0.00408629, -0.600131, -0.00588302, -2.9406, -0.0296226, 1.70647, 0.71119, 0.00183597, -0.222982, -0.000327719, 0.956219, -0.000107232, 0.132613, -0.000819111, -0.265892, 0.162588, -0.688617, 3.89096, 0.0122665, 0.476535, 0.312794, 0, 0, 0, 0, 0, 0, 0, 0, 0, 0, 0, 0, 0, 0
10.14, 2025-06-05__13-49-09.496271, -0.00408057, -0.602103, -0.00594727, -2.93086, -0.0296189, 1.70751, 0.711193, 0.00028974, -0.195296, -0.0075362, 0.980773, 7.1911e-05, 0.105461, 0.000383492, -0.212599, 0.364501, -0.628199, 3.42054, 0.00408033, 0.457343, 0.308106, 0, 0, 0, 0, 0, 0, 0, 0, 0, 0, 0, 0, 0, 0
10.15, 2025-06-05__13-49-09.506269, -0.00408049, -0.603796, -0.00601319, -2.92071, -0.0296173, 1.7083, 0.711188, -0.0019771, -0.160752, -0.00591096, 1.02277, 0.000525357, 0.073134, -0.00103389, -0.194016, 0.499198, -0.615656, 2.72108, -0.0144229, 0.435232, 0.312246, 0, 0, 0, 0, 0, 0, 0, 0, 0, 0, 0, 0, 0, 0
10.16, 2025-06-05__13-49-09.516265, -0.00409274, -0.605289, -0.00609797, -2.91046, -0.0296164, 1.70883, 0.711192, 0.000204664, -0.140501, -0.00840002, 1.02304, 7.74683e-05, 0.0404186, -0.00126343, -0.196399, 0.522903, -0.610834, 2.75399, -0.0145411, 0.529475, 0.313253, 0, 0, 0, 0, 0, 0, 0, 0, 0, 0, 0, 0, 0, 0
10.17, 2025-06-05__13-49-09.526269, -0.00409961, -0.606557, -0.00618169, -2.90004, -0.0296202, 1.70913, 0.711195, -0.00146093, -0.124145, -0.00948878, 1.04975, -0.000377489, 0.0260285, 0.000410338, -0.168925, 0.772912, -0.587094, 2.23229, -0.0224581, 0.496975, 0.307371, 0, 0, 0, 0, 0, 0, 0, 0, 0, 0, 0, 0, 0, 0
10.18, 2025-06-05__13-49-09.536268, -0.00408716, -0.607717, -0.00627053, -2.88833, -0.0296202, 1.70927, 0.711191, 0.0011262, -0.0985394, -0.0111339, 1.06376, -0.000115068, 0.00851854, 0.000184864, -0.17986, 0.722598, -0.585509, 2.05414, -0.0311604, 0.526643, 0.308473, 0, 0, 0, 0, 0, 0, 0, 0, 0, 0, 0, 0, 0, 0
10.19, 2025-06-05__13-49-09.546272, -0.00408048, -0.60843, -0.00634658, -2.87869, -0.0296133, 1.70931, 0.711189, -0.00110121, -0.0779817, -0.00664875, 1.07746, -0.000372404, 0.00534354, -0.0012568, -0.186743, 0.648781, -0.603759, 1.86613, -0.0371751, 0.50827, 0.313005, 0, 0, 0, 0, 0, 0, 0, 0, 0, 0, 0, 0, 0, 0
10.2, 2025-06-05__13-49-09.556267, -0.00407628, -0.608953, -0.00643499, -2.86779, -0.029615, 1.70931, 0.711196, -0.000825498, -0.0466081, -0.00809417, 1.09124, 0.000659488, -0.0012784, 0.000610068, -0.178919, 0.307883, -0.582846, 1.79578, -0.0471791, 0.515716, 0.307091, 0, 0, 0, 0, 0, 0, 0, 0, 0, 0, 0, 0, 0, 0
10.21, 2025-06-05__13-49-09.566266, -0.00408575, -0.609292, -0.00653314, -2.85692, -0.0296139, 1.70929, 0.711195, -0.000147491, -0.028701, -0.007522, 1.09135, -0.000275425, -0.00087246, 0.000413784, -0.187334, 0.0617993, -0.586893, 1.89129, -0.0455079, 0.524381, 0.308042, 0, 0, 0, 0, 0, 0, 0, 0, 0, 0, 0, 0, 0, 0
10.22, 2025-06-05__13-49-09.576268, -0.00408541, -0.609498, -0.00662837, -2.84598, -0.0296157, 1.70932, 0.711192, -0.0029054, -0.0164809, -0.0125273, 1.10453, -0.00225054, 0.000997306, -0.000618693, -0.126235, -0.0101388, -0.516851, 1.69855, -0.0404625, 0.488428, 0.31072, 0, 0, 0, 0, 0, 0, 0, 0, 0, 0, 0, 0, 0, 0
10.23, 2025-06-05__13-49-09.586267, -0.00409108, -0.609505, -0.00670791, -2.83495, -0.0296145, 1.7093, 0.711198, -0.0008268, 0.0069549, -0.0112565, 1.10424, 0.0055353, -0.00197473, 0.000371899, -0.158585, -0.479218, -0.537476, 1.90077, -0.0697525, 0.519135, 0.307705, 0, 0, 0, 0, 0, 0, 0, 0, 0, 0, 0, 0, 0, 0
10.24, 2025-06-05__13-49-09.596268, -0.00409032, -0.609408, -0.00678783, -2.8239, -0.0296152, 1.70932, 0.711192, -0.00148695, 0.0109118, -0.00933984, 1.09763, -8.75624e-05, 0.00220494, 2.00881e-05, -0.165647, -0.646973, -0.550459, 2.06301, -0.0488585, 0.522619, 0.309533, 0, 0, 0, 0, 0, 0, 0, 0, 0, 0, 0, 0, 0, 0
10.25, 2025-06-05__13-49-09.606267, -0.00409324, -0.609272, -0.00686073, -2.81277, -0.0296158, 1.7093, 0.711199, -0.00170395, 0.012211, -0.00693898, 1.10122, 0.000104349, -0.000856001, 0.00143893, -0.181019, -0.694989, -0.571537, 2.03, -0.0523422, 0.528693, 0.305019, 0, 0, 0, 0, 0, 0, 0, 0, 0, 0, 0, 0, 0, 0
10.26, 2025-06-05__13-49-09.616267, -0.00410049, -0.609066, -0.00693806, -2.80174, -0.0296141, 1.7093, 0.711192, -0.000178755, 0.0175947, -0.00706977, 1.10311, -0.00050449, 0.00361075, -0.00107724, -0.1953, -0.860188, -0.58019, 2.05499, -0.0522403, 0.5127, 0.313141, 0, 0, 0, 0, 0, 0, 0, 0, 0, 0, 0, 0, 0, 0
10.27, 2025-06-05__13-49-09.626268, -0.00409769, -0.608853, -0.00700491, -2.79059, -0.0296153, 1.7093, 0.711194, -0.000371977, 0.0210694, -0.00958841, 1.11574, 0.000359851, -0.00146536, -0.000753525, -0.173612, -0.902687, -0.54922, 1.88154, -0.0590766, 0.504944, 0.311765, 0, 0, 0, 0, 0, 0, 0, 0, 0, 0, 0, 0, 0, 0
10.28, 2025-06-05__13-49-09.636267, -0.0041067, -0.608641, -0.00707418, -2.7795, -0.0296141, 1.70928, 0.711197, -0.000249746, 0.0153343, -0.00586976, 1.10981, 0.00042748, -0.000528473, 0.000579881, -0.204872, -0.912292, -0.59264, 1.97323, -0.0592199, 0.51565, 0.307824, 0, 0, 0, 0, 0, 0, 0, 0, 0, 0, 0, 0, 0, 0
10.29, 2025-06-05__13-49-09.646269, -0.00410241, -0.608466, -0.0071052, -2.76837, -0.0296184, 1.7093, 0.711195, 0.00265746, 0.0189141, -0.00579933, 1.11747, -0.00178679, -0.000320192, 0.000535088, -0.23683, -0.986328, -0.619396, 1.88226, -0.0571296, 0.498235, 0.308311, 0, 0, 0, 0, 0, 0, 0, 0, 0, 0, 0, 0, 0, 0
10.3, 2025-06-05__13-49-09.656269, -0.00411412, -0.60828, -0.00715972, -2.75724, -0.0296119, 1.70928, 0.711192, -0.00178156, 0.0148088, -0.00860754, 1.11139, 0.000546824, -0.00306304, -0.00148482, -0.17653, -1.03037, -0.561583, 1.99352, -0.0586015, 0.525487, 0.314179, 0, 0, 0, 0, 0, 0, 0, 0, 0, 0, 0, 0, 0, 0
10.31, 2025-06-05__13-49-09.666282, -0.00410593, -0.608111, -0.00721361, -2.74618, -0.0296155, 1.7093, 0.711196, 0.00144526, 0.0147157, -0.00378252, 1.11299, -0.00018839, 0.00346018, -7.61439e-05, -0.250644, -1.07496, -0.644614, 1.97125, -0.0617649, 0.496046, 0.310104, 0, 0, 0, 0, 0, 0, 0, 0, 0, 0, 0, 0, 0, 0
10.32, 2025-06-05__13-49-09.676279, -0.00411614, -0.607974, -0.0072622, -2.73391, -0.029615, 1.70929, 0.711198, -0.00275003, 0.0146798, -0.00233691, 1.09972, -0.000389265, -2.25692e-05, 0.00124957, -0.227395, -1.26235, -0.635946, 2.2568, -0.0543134, 0.546282, 0.306175, 0, 0, 0, 0, 0, 0, 0, 0, 0, 0, 0, 0, 0, 0
10.33, 2025-06-05__13-49-09.686283, -0.00412475, -0.607865, -0.00730534, -2.72391, -0.029611, 1.70928, 0.711193, 2.3962e-05, 0.00863715, -0.00260008, 1.10766, 0.000315382, 0.00290867, -0.000682751, -0.254172, -1.10139, -0.660545, 2.05582, -0.0618964, 0.511463, 0.312112, 0, 0, 0, 0, 0, 0, 0, 0, 0, 0, 0, 0, 0, 0
10.34, 2025-06-05__13-49-09.696279, -0.00412088, -0.607804, -0.00734218, -2.71272, -0.0296157, 1.70929, 0.711201, -0.0010999, 0.00836864, -0.00377677, 1.1189, 0.00020364, -0.000982239, 0.000366288, -0.236166, -1.02619, -0.642863, 1.85521, -0.0647631, 0.497539, 0.308241, 0, 0, 0, 0, 0, 0, 0, 0, 0, 0, 0, 0, 0, 0
10.35, 2025-06-05__13-49-09.706281, -0.00412612, -0.607723, -0.00738562, -2.70164, -0.0296117, 1.70926, 0.711194, -0.000114581, 0.00490086, -0.00513394, 1.10878, 0.000879972, -0.00149865, -0.000868297, -0.239758, -1.08751, -0.643972, 2.03157, -0.0635445, 0.525916, 0.312477, 0, 0, 0, 0, 0, 0, 0, 0, 0, 0, 0, 0, 0, 0
10.36, 2025-06-05__13-49-09.716271, -0.00411888, -0.607712, -0.00742895, -2.69053, -0.0296157, 1.7093, 0.711198, 0.00118782, -0.00463339, -0.00159141, 1.12386, -0.000404108, 0.000443792, -0.000975732, -0.285188, -0.733292, -0.704567, 1.64341, -0.068419, 0.469278, 0.312447, 0, 0, 0, 0, 0, 0, 0, 0, 0, 0, 0, 0, 0, 0
10.37, 2025-06-05__13-49-09.726280, -0.00412236, -0.607677, -0.0074797, -2.67941, -0.0296126, 1.70926, 0.711199, -0.000363274, 0.00656259, -0.00553565, 1.10744, 0.000951417, -0.00528452, 0.000317354, -0.240212, -1.18724, -0.647072, 2.09226, -0.0635551, 0.546053, 0.308713, 0, 0, 0, 0, 0, 0, 0, 0, 0, 0, 0, 0, 0, 0
10.38, 2025-06-05__13-49-09.736282, -0.00413316, -0.607688, -0.00752239, -2.66719, -0.0296115, 1.7093, 0.711204, 0.00113917, 0.000657535, -0.00156461, 1.11228, -0.00042418, 0.000672306, 0.00115433, -0.293598, -1.00512, -0.718164, 1.92316, -0.0647993, 0.502801, 0.305978, 0, 0, 0, 0, 0, 0, 0, 0, 0, 0, 0, 0, 0, 0
10.39, 2025-06-05__13-49-09.746280, -0.00413887, -0.60767, -0.00756373, -2.656, -0.0296128, 1.70928, 0.711198, -0.00236073, 0.0053221, -0.00379128, 1.10272, -0.000183222, -0.00326641, -4.84381e-05, -0.240555, -1.23884, -0.663253, 2.16853, -0.057901, 0.548441, 0.309928, 0, 0, 0, 0, 0, 0, 0, 0, 0, 0, 0, 0, 0, 0
10.4, 2025-06-05__13-49-09.756280, -0.00413692, -0.607668, -0.00759945, -2.64601, -0.0296102, 1.70928, 0.711201, 0.00141466, -0.00122916, -0.00202453, 1.10542, -0.00052378, 0.00211036, -0.00029396, -0.301993, -1.06447, -0.732225, 2.03674, -0.0625513, 0.514962, 0.310632, 0, 0, 0, 0, 0, 0, 0, 0, 0, 0, 0, 0, 0, 0
10.41, 2025-06-05__13-49-09.766280, -0.00414541, -0.607693, -0.00763259, -2.63481, -0.0296132, 1.7093, 0.7112, 0.000374423, -0.00112152, -0.0040089, 1.12739, -7.63367e-05, 0.000603025, 0.000164594, -0.268784, -0.839429, -0.694215, 1.61175, -0.0704126, 0.462749, 0.308568, 0, 0, 0, 0, 0, 0, 0, 0, 0, 0, 0, 0, 0, 0
10.42, 2025-06-05__13-49-09.776280, -0.00413885, -0.607641, -0.00768534, -2.62368, -0.0296082, 1.70925, 0.711204, 0.00213814, 0.00164152, -0.0099264, 1.11561, 0.000525531, -0.00494255, 0.00167691, -0.234705, -1.07116, -0.636187, 1.89195, -0.0659134, 0.521017, 0.303903, 0, 0, 0, 0, 0, 0, 0, 0, 0, 0, 0, 0, 0, 0
10.43, 2025-06-05__13-49-09.786283, -0.0041494, -0.607689, -0.0077076, -2.61252, -0.0296094, 1.70931, 0.7112, -0.000146035, -0.00331907, -0.00132725, 1.12808, -0.00024021, -0.00114313, 0.000355175, -0.296109, -0.801032, -0.73997, 1.58027, -0.0725926, 0.465254, 0.308106, 0, 0, 0, 0, 0, 0, 0, 0, 0, 0, 0, 0, 0, 0
10.44, 2025-06-05__13-49-09.796283, -0.00416409, -0.60763, -0.00774642, -2.60134, -0.029611, 1.70926, 0.711202, 0.000834734, 0.00531, -0.0051588, 1.11242, 0.000494571, -0.00721495, -0.000656675, -0.272622, -1.22993, -0.700498, 2.00371, -0.0669561, 0.540495, 0.311532, 0, 0, 0, 0, 0, 0, 0, 0, 0, 0, 0, 0, 0, 0
10.45, 2025-06-05__13-49-09.806269, -0.00416175, -0.607664, -0.00778258, -2.59023, -0.0296094, 1.70931, 0.711199, -0.000513076, -0.00394691, -0.00799627, 1.11398, -0.000411016, 0.00279895, -0.000710654, -0.231282, -0.972098, -0.655042, 1.83712, -0.0618216, 0.486847, 0.311164, 0, 0, 0, 0, 0, 0, 0, 0, 0, 0, 0, 0, 0, 0
10.46, 2025-06-05__13-49-09.816270, -0.00417056, -0.607639, -0.00782667, -2.57789, -0.0296094, 1.70929, 0.711205, -0.00171045, 0.00593652, -0.00768061, 1.10733, 0.000340518, -0.00443366, 0.000212381, -0.223058, -1.33093, -0.648454, 2.10026, -0.0609101, 0.542002, 0.308444, 0, 0, 0, 0, 0, 0, 0, 0, 0, 0, 0, 0, 0, 0
10.47, 2025-06-05__13-49-09.826270, -0.00417769, -0.60764, -0.00784985, -2.56787, -0.0296108, 1.7093, 0.711204, -0.00287727, -0.00737035, -0.000746095, 1.11288, -0.00145128, 0.00710244, 0.00132163, -0.284139, -0.924023, -0.749657, 1.81417, -0.0619095, 0.470417, 0.304968, 0, 0, 0, 0, 0, 0, 0, 0, 0, 0, 0, 0, 0, 0
10.48, 2025-06-05__13-49-09.836268, -0.00417704, -0.607659, -0.00787163, -2.55663, -0.0296114, 1.70931, 0.711203, -0.000661196, 0.00305025, -0.000267833, 1.12861, -6.8904e-05, 0.00028918, -0.000587555, -0.317231, -1.02534, -0.782915, 1.64449, -0.0748396, 0.464017, 0.310932, 0, 0, 0, 0, 0, 0, 0, 0, 0, 0, 0, 0, 0, 0
10.49, 2025-06-05__13-49-09.846269, -0.00417604, -0.607624, -0.00791295, -2.54551, -0.029608, 1.70926, 0.711209, -0.000225438, 0.00164929, -0.00743688, 1.11084, 0.000527586, 0.00225479, 0.00235014, -0.251195, -1.22608, -0.688096, 1.97275, -0.0654519, 0.505173, 0.301539, 0, 0, 0, 0, 0, 0, 0, 0, 0, 0, 0, 0, 0, 0
10.5, 2025-06-05__13-49-09.856269, -0.00417599, -0.607663, -0.00795262, -2.53321, -0.0296107, 1.70931, 0.711207, 0.00057632, -0.00300874, -0.0070976, 1.13505, -0.000242272, 0.0011412, 0.000593402, -0.259665, -0.813304, -0.700619, 1.44512, -0.0733529, 0.439312, 0.306481, 0, 0, 0, 0, 0, 0, 0, 0, 0, 0, 0, 0, 0, 0
10.51, 2025-06-05__13-49-09.866267, -0.00418235, -0.607619, -0.00798085, -2.52316, -0.0296074, 1.70925, 0.71121, 0.00146094, 0.00778467, -0.00134552, 1.10752, 0.00120572, -0.00926717, 0.00125689, -0.342225, -1.4709, -0.812204, 2.14491, -0.0731425, 0.564094, 0.305739, 0, 0, 0, 0, 0, 0, 0, 0, 0, 0, 0, 0, 0, 0
10.52, 2025-06-05__13-49-09.876267, -0.00419366, -0.607654, -0.0080203, -2.51203, -0.0296118, 1.70932, 0.711207, 0.000512725, -0.00517141, -0.0014505, 1.12082, -0.00116639, 0.00345587, -0.000322812, -0.32603, -0.945817, -0.803693, 1.6908, -0.0696492, 0.464354, 0.309916, 0, 0, 0, 0, 0, 0, 0, 0, 0, 0, 0, 0, 0, 0
10.53, 2025-06-05__13-49-09.886267, -0.00419711, -0.607641, -0.00807208, -2.50077, -0.0296078, 1.7093, 0.71121, 0.00136538, 0.00788132, -0.00713974, 1.11902, 0.000455826, -0.00348541, 0.00022783, -0.270539, -1.35536, -0.715723, 1.90463, -0.0698147, 0.509407, 0.308074, 0, 0, 0, 0, 0, 0, 0, 0, 0, 0, 0, 0, 0, 0
10.54, 2025-06-05__13-49-09.896271, -0.00420386, -0.607638, -0.00812217, -2.48857, -0.0296077, 1.7093, 0.711207, -0.0022671, -0.00185969, -0.00250647, 1.1032, -0.00104828, 0.00569723, -0.0020384, -0.282969, -1.28873, -0.761128, 2.06846, -0.0597973, 0.505959, 0.315281, 0, 0, 0, 0, 0, 0, 0, 0, 0, 0, 0, 0, 0, 0
10.55, 2025-06-05__13-49-09.906267, -0.00421105, -0.607674, -0.00816794, -2.47843, -0.0296118, 1.70932, 0.711214, -0.00148616, -0.000879469, -0.00537097, 1.1195, -0.00747025, -0.00161896, -0.00228321, -0.247152, -1.11952, -0.710606, 1.77923, -0.0423676, 0.491492, 0.315662, 0, 0, 0, 0, 0, 0, 0, 0, 0, 0, 0, 0, 0, 0
10.56, 2025-06-05__13-49-09.916267, -0.00420936, -0.60761, -0.00821477, -2.46731, -0.0296032, 1.70926, 0.711212, -0.00289979, 0.00329947, -0.00446966, 1.1102, -0.000316696, 0.00307329, -0.000592566, -0.248226, -1.39265, -0.71673, 2.01179, -0.0624981, 0.505704, 0.310381, 0, 0, 0, 0, 0, 0, 0, 0, 0, 0, 0, 0, 0, 0
10.57, 2025-06-05__13-49-09.926268, -0.00420441, -0.607684, -0.00826055, -2.45609, -0.0296068, 1.70932, 0.711218, 0.000140833, -0.00382933, -0.00843697, 1.13139, -0.000736037, 0.00148436, 3.09088e-05, -0.232033, -0.900163, -0.681397, 1.49867, -0.0691401, 0.446118, 0.307522, 0, 0, 0, 0, 0, 0, 0, 0, 0, 0, 0, 0, 0, 0
10.58, 2025-06-05__13-49-09.936268, -0.00421066, -0.60764, -0.00830205, -2.44381, -0.0296017, 1.70925, 0.71122, 0.00113268, 0.004276, -0.00466268, 1.11501, 0.000311692, -0.0149692, -0.000482418, -0.291791, -1.39689, -0.763894, 1.97545, -0.070647, 0.564475, 0.310144, 0, 0, 0, 0, 0, 0, 0, 0, 0, 0, 0, 0, 0, 0
10.59, 2025-06-05__13-49-09.946269, -0.00421415, -0.607669, -0.00834615, -2.43381, -0.029604, 1.70932, 0.711221, 0.00340665, -0.00620807, -0.00530054, 1.11763, -0.000608683, 0.00210559, 0.00107608, -0.308836, -1.0382, -0.783729, 1.73529, -0.0706122, 0.476871, 0.304811, 0, 0, 0, 0, 0, 0, 0, 0, 0, 0, 0, 0, 0, 0
10.6, 2025-06-05__13-49-09.956268, -0.00421965, -0.607683, -0.00840188, -2.42258, -0.0296038, 1.7093, 0.711219, 0.000288181, 0.00405417, -0.00817907, 1.11154, 0.000103599, -0.00568847, -7.22175e-05, -0.23254, -1.44055, -0.6866, 2.00572, -0.0639435, 0.53417, 0.308447, 0, 0, 0, 0, 0, 0, 0, 0, 0, 0, 0, 0, 0, 0
10.61, 2025-06-05__13-49-09.966267, -0.00423168, -0.607672, -0.00843183, -2.41145, -0.0296022, 1.70931, 0.711227, -0.00103795, -0.00228939, -0.00200832, 1.11605, -0.000805721, 0.00745115, 0.00063781, -0.291517, -1.19517, -0.789142, 1.80348, -0.0676327, 0.464411, 0.305786, 0, 0, 0, 0, 0, 0, 0, 0, 0, 0, 0, 0, 0, 0
10.62, 2025-06-05__13-49-09.976267, -0.00423338, -0.607725, -0.00846875, -2.39906, -0.0296065, 1.70933, 0.711224, 0.000418621, -0.000559079, -0.000987324, 1.12019, -0.000295637, 0.00343879, 0.000496957, -0.321888, -1.18567, -0.829963, 1.74635, -0.0732416, 0.468886, 0.306482, 0, 0, 0, 0, 0, 0, 0, 0, 0, 0, 0, 0, 0, 0
10.63, 2025-06-05__13-49-09.986267, -0.00421885, -0.607684, -0.00852718, -2.38907, -0.0295962, 1.70925, 0.711229, 0.00105837, 0.00453424, -0.0100288, 1.10927, 0.000408689, 0.00235468, 0.00057107, -0.215082, -1.52996, -0.663241, 2.03936, -0.063129, 0.512487, 0.305774, 0, 0, 0, 0, 0, 0, 0, 0, 0, 0, 0, 0, 0, 0
10.64, 2025-06-05__13-49-09.996268, -0.00422333, -0.607751, -0.00857562, -2.37788, -0.029601, 1.70932, 0.71123, -0.00410731, -0.00739675, -0.00467162, 1.13546, -0.00052323, 0.00221706, -0.000337831, -0.211356, -0.777325, -0.695577, 1.35233, -0.0713496, 0.428216, 0.307773, 0, 0, 0, 0, 0, 0, 0, 0, 0, 0, 0, 0, 0, 0
10.65, 2025-06-05__13-49-10.006266, -0.00422941, -0.607711, -0.00861419, -2.36669, -0.0295971, 1.70925, 0.711232, 0.00451351, 0.005949, -0.00445424, 1.11673, 0.00156276, -0.0136418, 0.000947884, -0.321, -1.50462, -0.81119, 1.95472, -0.0786587, 0.555928, 0.305155, 0, 0, 0, 0, 0, 0, 0, 0, 0, 0, 0, 0, 0, 0
10.66, 2025-06-05__13-49-10.016267, -0.0042277, -0.60777, -0.00866158, -2.35445, -0.0296034, 1.70932, 0.711234, 0.00326644, -0.0112494, -0.00467687, 1.11806, -0.00106837, 1.36207e-05, -7.07319e-05, -0.299408, -0.916604, -0.796543, 1.63446, -0.0705146, 0.477173, 0.307564, 0, 0, 0, 0, 0, 0, 0, 0, 0, 0, 0, 0, 0, 0
10.67, 2025-06-05__13-49-10.026266, -0.00422652, -0.607756, -0.00871798, -2.3443, -0.0296039, 1.7093, 0.711233, 0.00123616, 0.00538665, -0.00939161, 1.11384, -0.00189901, -0.00767843, 0.000259797, -0.206522, -1.53645, -0.661915, 1.97703, -0.0568592, 0.536846, 0.306721, 0, 0, 0, 0, 0, 0, 0, 0, 0, 0, 0, 0, 0, 0
10.68, 2025-06-05__13-49-10.036266, -0.00423016, -0.607749, -0.00876697, -2.33321, -0.0295939, 1.7093, 0.711234, -0.00355974, -0.000213903, -0.00229133, 1.10813, -0.000541801, 0.00873745, -0.0016559, -0.240485, -1.43947, -0.746814, 1.96602, -0.0624018, 0.481908, 0.312328, 0, 0, 0, 0, 0, 0, 0, 0, 0, 0, 0, 0, 0, 0
10.69, 2025-06-05__13-49-10.046268, -0.00424088, -0.607809, -0.00880099, -2.32194, -0.029599, 1.70933, 0.711244, -0.000860966, -0.00175576, -0.00143809, 1.12237, -0.000623181, 0.00315681, 0.00122154, -0.279019, -1.17073, -0.796782, 1.66908, -0.0714106, 0.46216, 0.303016, 0, 0, 0, 0, 0, 0, 0, 0, 0, 0, 0, 0, 0, 0
10.7, 2025-06-05__13-49-10.056266, -0.00423565, -0.607753, -0.00888485, -2.30969, -0.02959, 1.70927, 0.711243, -0.00256735, 0.000913535, -0.00814283, 1.11876, 0.000736929, 0.0161203, -0.000687827, -0.162044, -1.34466, -0.624122, 1.75692, -0.0648087, 0.429116, 0.308102, 0, 0, 0, 0, 0, 0, 0, 0, 0, 0, 0, 0, 0, 0
10.71, 2025-06-05__13-49-10.066267, -0.00422782, -0.60782, -0.00893285, -2.29958, -0.0295962, 1.70933, 0.711243, 0.0010103, -0.00759679, -0.0116709, 1.13817, -0.000221062, 0.00414264, 0.000566583, -0.150104, -0.76221, -0.590138, 1.26761, -0.0701316, 0.411924, 0.303903, 0, 0, 0, 0, 0, 0, 0, 0, 0, 0, 0, 0, 0, 0
10.72, 2025-06-05__13-49-10.076266, -0.0042385, -0.607775, -0.00898114, -2.28839, -0.029593, 1.70924, 0.711247, -0.00194814, 0.00306815, -0.00435456, 1.12024, 0.00306747, -0.0124296, -0.00105952, -0.211175, -1.44091, -0.702062, 1.83204, -0.0776497, 0.539906, 0.309814, 0, 0, 0, 0, 0, 0, 0, 0, 0, 0, 0, 0, 0, 0
10.73, 2025-06-05__13-49-10.086267, -0.00424394, -0.607807, -0.00901546, -2.27727, -0.0295995, 1.70931, 0.711256, -0.00484961, -0.00182118, -0.00483512, 1.12944, -0.000785999, 0.00207354, 0.004734, -0.161746, -1.11662, -0.648214, 1.53277, -0.0650449, 0.449736, 0.291042, 0, 0, 0, 0, 0, 0, 0, 0, 0, 0, 0, 0, 0, 0
10.74, 2025-06-05__13-49-10.096267, -0.00423812, -0.607815, -0.00906843, -2.266, -0.0295982, 1.7093, 0.711256, 0.00182247, 0.00722604, -0.00494953, 1.10654, 3.46649e-05, -0.00689511, 0.00140661, -0.241181, -1.80061, -0.734607, 2.13819, -0.0640095, 0.554159, 0.302367, 0, 0, 0, 0, 0, 0, 0, 0, 0, 0, 0, 0, 0, 0
10.75, 2025-06-05__13-49-10.106267, -0.00423478, -0.60782, -0.0091294, -2.25488, -0.0295895, 1.7093, 0.711257, 0.000558586, -0.0106544, -0.00562945, 1.10937, -0.000616351, 0.0103412, -0.000342331, -0.210085, -1.13605, -0.701753, 1.75753, -0.0635508, 0.460058, 0.306819, 0, 0, 0, 0, 0, 0, 0, 0, 0, 0, 0, 0, 0, 0
10.76, 2025-06-05__13-49-10.116266, -0.00423664, -0.607871, -0.00917288, -2.24358, -0.0295934, 1.70934, 0.711254, -0.00763295, -0.00227353, -0.00518176, 1.12711, -0.000523043, 0.00302612, 0.00174408, -0.108585, -1.14008, -0.58727, 1.55027, -0.0613627, 0.449048, 0.300027, 0, 0, 0, 0, 0, 0, 0, 0, 0, 0, 0, 0, 0, 0
10.77, 2025-06-05__13-49-10.126266, -0.00423746, -0.607817, -0.00922391, -2.23247, -0.0295836, 1.70924, 0.711264, -0.00246303, -0.000890053, -0.00264425, 1.11264, -0.000132319, 0.00575612, 7.65209e-06, -0.204148, -1.46054, -0.713918, 1.86253, -0.064956, 0.483786, 0.305606, 0, 0, 0, 0, 0, 0, 0, 0, 0, 0, 0, 0, 0, 0
10.78, 2025-06-05__13-49-10.136266, -0.00424185, -0.607895, -0.00924107, -2.22124, -0.0295891, 1.70932, 0.711264, 0.000267395, -0.00860551, -0.00248718, 1.14331, -0.000110216, 0.000707868, 0.000699656, -0.235153, -0.666483, -0.755929, 1.13636, -0.0814555, 0.408847, 0.302891, 0, 0, 0, 0, 0, 0, 0, 0, 0, 0, 0, 0, 0, 0
10.79, 2025-06-05__13-49-10.146267, -0.00422789, -0.607839, -0.00928327, -2.21004, -0.0295874, 1.70923, 0.711265, 0.00805857, 0.00665324, -0.00231858, 1.11863, 0.00152156, -0.0230688, -0.000199847, -0.333587, -1.68318, -0.866228, 1.94099, -0.0832192, 0.588892, 0.307276, 0, 0, 0, 0, 0, 0, 0, 0, 0, 0, 0, 0, 0, 0
10.8, 2025-06-05__13-49-10.156266, -0.00422593, -0.607885, -0.00933265, -2.19891, -0.0295884, 1.70933, 0.711272, 0.00135286, -0.00802798, -0.00021568, 1.10817, -0.000796476, 0.00287831, 0.00103195, -0.277344, -1.28475, -0.824884, 1.81907, -0.069143, 0.491272, 0.302474, 0, 0, 0, 0, 0, 0, 0, 0, 0, 0, 0, 0, 0, 0
10.81, 2025-06-05__13-49-10.166266, -0.00423335, -0.607897, -0.0093954, -2.1865, -0.0295874, 1.70926, 0.711277, 0.00108021, 0.00536165, -0.006733, 1.11102, 0.000281807, -0.0158809, 0.00209951, -0.172484, -1.76089, -0.651443, 2.03249, -0.0632677, 0.577299, 0.299016, 0, 0, 0, 0, 0, 0, 0, 0, 0, 0, 0, 0, 0, 0
10.82, 2025-06-05__13-49-10.176267, -0.00424583, -0.607912, -0.0094392, -2.1754, -0.0295895, 1.70931, 0.711272, -0.00282895, 0.00116779, -0.0019763, 1.11809, -0.00065692, 0.00808542, -0.000856437, -0.184517, -1.46489, -0.702629, 1.75892, -0.0639618, 0.45735, 0.307664, 0, 0, 0, 0, 0, 0, 0, 0, 0, 0, 0, 0, 0, 0
10.83, 2025-06-05__13-49-10.186266, -0.00424337, -0.607973, -0.00947113, -2.1641, -0.0295872, 1.70935, 0.711279, 0.00398151, 0.00126063, -0.00123258, 1.12231, -0.000385108, 0.00158464, 0.00133782, -0.273919, -1.38388, -0.815624, 1.67971, -0.0749461, 0.467935, 0.301007, 0, 0, 0, 0, 0, 0, 0, 0, 0, 0, 0, 0, 0, 0
10.84, 2025-06-05__13-49-10.196267, -0.00422715, -0.60793, -0.00952947, -2.15407, -0.029572, 1.70926, 0.711285, 0.00184189, 0.000732563, -0.00208689, 1.11302, 0.00060491, 0.00436205, 0.000865103, -0.233227, -1.559, -0.761273, 1.85629, -0.0719281, 0.486856, 0.302113, 0, 0, 0, 0, 0, 0, 0, 0, 0, 0, 0, 0, 0, 0
10.85, 2025-06-05__13-49-10.206267, -0.00421971, -0.607985, -0.00956691, -2.14508, -0.0295838, 1.70934, 0.711282, 0.000306828, -0.00589759, -0.0019348, 1.12981, -0.00114386, 0.00348395, -0.00110651, -0.209696, -0.999009, -0.737248, 1.40245, -0.0718651, 0.432888, 0.307797, 0, 0, 0, 0, 0, 0, 0, 0, 0, 0, 0, 0, 0, 0
10.86, 2025-06-05__13-49-10.216266, -0.00422682, -0.607966, -0.00963318, -2.13158, -0.0295758, 1.70925, 0.711295, -0.00252933, -0.000842525, -0.00516351, 1.11783, 0.000170628, -0.00637604, 0.00234803, -0.12224, -1.44048, -0.606952, 1.75304, -0.0638873, 0.514623, 0.296778, 0, 0, 0, 0, 0, 0, 0, 0, 0, 0, 0, 0, 0, 0
10.87, 2025-06-05__13-49-10.226267, -0.00424123, -0.608022, -0.00968322, -2.11927, -0.0295797, 1.70933, 0.711294, -0.000427817, -0.00744314, -0.0025645, 1.13239, -0.000332926, 0.00443532, 0.00101258, -0.17323, -0.895299, -0.690577, 1.30942, -0.0737191, 0.420308, 0.300461, 0, 0, 0, 0, 0, 0, 0, 0, 0, 0, 0, 0, 0, 0
10.88, 2025-06-05__13-49-10.236266, -0.00423606, -0.608035, -0.00971926, -2.10913, -0.029582, 1.7093, 0.711298, 0.00181062, 0.00322677, -0.00053904, 1.10588, 0.000172556, -0.0122165, 0.000785581, -0.227736, -1.80519, -0.770163, 2.05197, -0.0678369, 0.568702, 0.302317, 0, 0, 0, 0, 0, 0, 0, 0, 0, 0, 0, 0, 0, 0
10.89, 2025-06-05__13-49-10.246267, -0.00422629, -0.608036, -0.00977307, -2.09796, -0.0295718, 1.70931, 0.711299, 0.00197468, -0.00318586, -0.005675, 1.12035, -0.00130093, 0.00369725, 0.000782274, -0.148471, -1.2913, -0.636744, 1.61436, -0.0634812, 0.460781, 0.301214, 0, 0, 0, 0, 0, 0, 0, 0, 0, 0, 0, 0, 0, 0
10.9, 2025-06-05__13-49-10.256269, -0.00423054, -0.608075, -0.00981997, -2.08551, -0.0295787, 1.70937, 0.711302, 0.000690132, -0.000267378, -0.00353255, 1.12747, -0.00126122, 0.000209205, 0.000691044, -0.155843, -1.27057, -0.661958, 1.52522, -0.066434, 0.455284, 0.301353, 0, 0, 0, 0, 0, 0, 0, 0, 0, 0, 0, 0, 0, 0
10.91, 2025-06-05__13-49-10.266268, -0.00423304, -0.608048, -0.00985845, -2.07547, -0.0295683, 1.70929, 0.711307, -0.00126235, 0.00304202, -0.00102815, 1.11114, -0.000172116, 0.00213728, -0.00121253, -0.166554, -1.72727, -0.695066, 1.90621, -0.0642044, 0.499633, 0.307359, 0, 0, 0, 0, 0, 0, 0, 0, 0, 0, 0, 0, 0, 0
10.92, 2025-06-05__13-49-10.276267, -0.00423949, -0.60814, -0.00989403, -2.0642, -0.0295747, 1.70938, 0.711313, -0.00144863, -0.00898743, -0.00188044, 1.14423, -0.00057928, 0.00895355, -5.67622e-05, -0.143229, -0.580981, -0.665101, 0.997306, -0.0769761, 0.364035, 0.302352, 0, 0, 0, 0, 0, 0, 0, 0, 0, 0, 0, 0, 0, 0
10.93, 2025-06-05__13-49-10.286267, -0.00422257, -0.608101, -0.00993709, -2.05301, -0.0295624, 1.70927, 0.711317, 0.00435777, 0.00591031, -0.00417157, 1.11695, 0.00192907, -0.0100092, 0.00442292, -0.179247, -1.75421, -0.687411, 1.86412, -0.0754029, 0.535877, 0.289739, 0, 0, 0, 0, 0, 0, 0, 0, 0, 0, 0, 0, 0, 0
10.94, 2025-06-05__13-49-10.296266, -0.00422631, -0.608172, -0.00997339, -2.04067, -0.0295685, 1.70937, 0.711323, -0.00080958, -0.00964625, -0.000869129, 1.12978, -0.000357145, 0.00523683, 0.000543393, -0.159155, -0.825077, -0.697233, 1.26036, -0.0748435, 0.414427, 0.300511, 0, 0, 0, 0, 0, 0, 0, 0, 0, 0, 0, 0, 0, 0
10.95, 2025-06-05__13-49-10.306269, -0.00422388, -0.608177, -0.00999994, -2.03051, -0.0295725, 1.7093, 0.71132, 0.00627102, 0.0091276, -0.005362, 1.10922, 0.00128923, -0.0226926, 0.00066829, -0.175893, -2.03745, -0.677167, 2.08581, -0.0694552, 0.60663, 0.30159, 0, 0, 0, 0, 0, 0, 0, 0, 0, 0, 0, 0, 0, 0
10.96, 2025-06-05__13-49-10.316238, -0.0042256, -0.608191, -0.0100382, -2.01941, -0.0295662, 1.70934, 0.711329, 0.00152113, -0.00670456, -0.00178353, 1.11899, -0.000550021, 0.00864872, 0.000531397, -0.165839, -1.15435, -0.701618, 1.50765, -0.0704265, 0.434204, 0.300524, 0, 0, 0, 0, 0, 0, 0, 0, 0, 0, 0, 0, 0, 0
10.97, 2025-06-05__13-49-10.326270, -0.0042313, -0.608267, -0.010055, -2.00808, -0.0295694, 1.70938, 0.71133, 0.00117905, 0.000429356, -0.0026827, 1.12931, -0.000773556, 0.00166557, 2.94125e-05, -0.145901, -1.2258, -0.670363, 1.43895, -0.070434, 0.440794, 0.301964, 0, 0, 0, 0, 0, 0, 0, 0, 0, 0, 0, 0, 0, 0
10.98, 2025-06-05__13-49-10.336269, -0.00421869, -0.608237, -0.0100992, -1.99694, -0.0295547, 1.7093, 0.711339, 4.99804e-05, -0.00446876, -0.0052404, 1.11881, 0.000343298, 0.0134235, -0.000507126, -0.0963522, -1.23995, -0.588841, 1.52537, -0.0672681, 0.420736, 0.302844, 0, 0, 0, 0, 0, 0, 0, 0, 0, 0, 0, 0, 0, 0
10.99, 2025-06-05__13-49-10.346269, -0.00422885, -0.608332, -0.0101197, -1.98565, -0.0295617, 1.7094, 0.711342, -0.00295826, -0.0064091, -0.00563357, 1.13897, 0.000446118, 0.0078981, -0.000329123, -0.0526054, -0.717084, -0.533081, 1.07801, -0.072402, 0.379218, 0.3016, 0, 0, 0, 0, 0, 0, 0, 0, 0, 0, 0, 0, 0, 0
11, 2025-06-05__13-49-10.356232, -0.00421467, -0.608276, -0.010156, -1.97446, -0.0295522, 1.70928, 0.71135, -0.00121189, 0.00465755, -0.00803022, 1.1169, -0.00251536, -0.015102, -0.000140154, -0.0341887, -1.71144, -0.4848, 1.80378, -0.0500512, 0.550429, 0.301951, 0, 0, 0, 0, 0, 0, 0, 0, 0, 0, 0, 0, 0, 0
11.01, 2025-06-05__13-49-10.366266, -0.00421885, -0.608364, -0.0101714, -1.96328, -0.0295568, 1.70936, 0.711356, 0.00315623, -0.00856978, -0.00102336, 1.12554, -0.000294444, 0.00921363, 0.000875931, -0.180119, -0.883146, -0.74335, 1.27982, -0.0786318, 0.406111, 0.298074, 0, 0, 0, 0, 0, 0, 0, 0, 0, 0, 0, 0, 0, 0
11.02, 2025-06-05__13-49-10.376267, -0.0042122, -0.608346, -0.0102014, -1.95088, -0.0295533, 1.70931, 0.711362, -0.000769085, 0.00540619, -0.00548466, 1.11789, 0.00101264, -0.011196, 0.00141029, -0.0748145, -1.70112, -0.565249, 1.76592, -0.0664004, 0.530189, 0.296544, 0, 0, 0, 0, 0, 0, 0, 0, 0, 0, 0, 0, 0, 0
11.03, 2025-06-05__13-49-10.386266, -0.0042144, -0.608362, -0.0102212, -1.94087, -0.0295524, 1.70936, 0.711366, -0.00521956, -0.00218166, 0.000999627, 1.12126, -0.00160137, 0.0128227, 0.00109155, -0.112859, -1.26271, -0.679247, 1.47854, -0.0650099, 0.412533, 0.296967, 0, 0, 0, 0, 0, 0, 0, 0, 0, 0, 0, 0, 0, 0
11.04, 2025-06-05__13-49-10.396268, -0.00421849, -0.608421, -0.0102279, -1.92953, -0.0295571, 1.70939, 0.711369, 0.000345024, 0.00307925, -0.00138713, 1.12666, -0.0010863, -0.00260608, 0.000902868, -0.138513, -1.38016, -0.694428, 1.50136, -0.070336, 0.463461, 0.297726, 0, 0, 0, 0, 0, 0, 0, 0, 0, 0, 0, 0, 0, 0
11.05, 2025-06-05__13-49-10.406269, -0.00420031, -0.608396, -0.0102622, -1.91841, -0.029543, 1.70932, 0.711376, -0.00048741, -0.00946835, -0.0040918, 1.10886, -0.00162645, 0.00963057, 0.000327077, -0.0932857, -1.2034, -0.618494, 1.56249, -0.0617622, 0.44716, 0.298956, 0, 0, 0, 0, 0, 0, 0, 0, 0, 0, 0, 0, 0, 0
11.06, 2025-06-05__13-49-10.416235, -0.00420786, -0.608477, -0.0102813, -1.90712, -0.0295466, 1.7094, 0.711381, -0.00234722, -0.00602496, -0.00621429, 1.14847, 0.00681368, 0.00604886, 0.000846412, -0.0472701, -0.487753, -0.539018, 0.843772, -0.0997747, 0.357498, 0.295712, 0, 0, 0, 0, 0, 0, 0, 0, 0, 0, 0, 0, 0, 0
11.07, 2025-06-05__13-49-10.426231, -0.00419174, -0.608413, -0.0103053, -1.89594, -0.0295404, 1.70931, 0.711391, -0.000807233, 0.00400018, -0.00271678, 1.11061, 0.00170101, -0.00122525, 0.00620407, -0.107649, -1.79977, -0.650961, 1.82857, -0.0717971, 0.50586, 0.280617, 0, 0, 0, 0, 0, 0, 0, 0, 0, 0, 0, 0, 0, 0
11.08, 2025-06-05__13-49-10.436267, -0.00420045, -0.608501, -0.0103177, -1.88472, -0.0295469, 1.70939, 0.711396, 0.00112419, -0.0124366, -0.00211826, 1.11839, 2.22968e-05, 0.00677296, 0.00158677, -0.13189, -0.826695, -0.700294, 1.27816, -0.0774138, 0.421007, 0.294044, 0, 0, 0, 0, 0, 0, 0, 0, 0, 0, 0, 0, 0, 0
11.09, 2025-06-05__13-49-10.446270, -0.00418951, -0.608483, -0.0103394, -1.87345, -0.029545, 1.70934, 0.711395, 0.00220976, 0.0108579, -0.00163159, 1.11073, 0.00136487, -0.0115816, 0.000109649, -0.148933, -2.1093, -0.722434, 1.97545, -0.0732996, 0.553365, 0.299585, 0, 0, 0, 0, 0, 0, 0, 0, 0, 0, 0, 0, 0, 0
11.1, 2025-06-05__13-49-10.456268, -0.00418797, -0.6085, -0.0103568, -1.86232, -0.0295428, 1.70938, 0.711401, 0.00693909, -0.00640887, 0.00351043, 1.12049, -0.000849262, 0.00860269, -0.000888359, -0.260132, -1.0707, -0.932618, 1.35783, -0.0875432, 0.417546, 0.301967, 0, 0, 0, 0, 0, 0, 0, 0, 0, 0, 0, 0, 0, 0
11.11, 2025-06-05__13-49-10.466269, -0.0041976, -0.608561, -0.0103851, -1.851, -0.0295455, 1.70942, 0.711409, -0.00432204, -0.00227944, 0.000909519, 1.1286, -0.000918557, -0.00555673, -0.00565794, -0.108045, -1.07766, -0.705153, 1.30232, -0.0739908, 0.455096, 0.31586, 0, 0, 0, 0, 0, 0, 0, 0, 0, 0, 0, 0, 0, 0
11.12, 2025-06-05__13-49-10.476269, -0.00419086, -0.608521, -0.0104299, -1.83989, -0.0295323, 1.70936, 0.711416, -0.00191277, 0.0011756, -0.000495569, 1.11795, -0.000480266, 0.006834, 0.00124738, -0.108469, -1.49046, -0.691566, 1.56438, -0.0708003, 0.444548, 0.294415, 0, 0, 0, 0, 0, 0, 0, 0, 0, 0, 0, 0, 0, 0
11.13, 2025-06-05__13-49-10.486267, -0.00419417, -0.608623, -0.0104517, -1.82857, -0.02954, 1.70947, 0.711418, -0.00254517, -0.0104283, -0.00628119, 1.14102, 0.000188384, 0.00985293, -0.00120419, -0.0239609, -0.368533, -0.526928, 0.814756, -0.0773027, 0.344606, 0.300608, 0, 0, 0, 0, 0, 0, 0, 0, 0, 0, 0, 0, 0, 0
11.14, 2025-06-05__13-49-10.496268, -0.00418599, -0.608583, -0.0104796, -1.81741, -0.0295305, 1.70936, 0.711426, 0.00290114, 0.00106828, -0.00308553, 1.11035, 0.000516288, -0.014804, 0.000645635, -0.115748, -1.67184, -0.681504, 1.74098, -0.0735349, 0.546489, 0.296368, 0, 0, 0, 0, 0, 0, 0, 0, 0, 0, 0, 0, 0, 0
11.15, 2025-06-05__13-49-10.506269, -0.0041866, -0.608659, -0.010514, -1.80621, -0.0295334, 1.70946, 0.711431, -0.000537628, -0.0114527, -0.00324601, 1.1327, 0.000886007, 0.00962963, -0.000258028, -0.0760131, -0.486453, -0.633034, 0.934505, -0.0838416, 0.363763, 0.297478, 0, 0, 0, 0, 0, 0, 0, 0, 0, 0, 0, 0, 0, 0
11.16, 2025-06-05__13-49-10.516269, -0.00416597, -0.608651, -0.0105594, -1.79494, -0.0295334, 1.70942, 0.711438, 0.000976565, 0.00841272, -0.00438362, 1.11246, 0.00155448, -0.0173088, 0.00119061, -0.0718912, -1.95875, -0.607323, 1.84299, -0.0711492, 0.558295, 0.294049, 0, 0, 0, 0, 0, 0, 0, 0, 0, 0, 0, 0, 0, 0
11.17, 2025-06-05__13-49-10.526269, -0.00417367, -0.60868, -0.0105974, -1.78379, -0.0295325, 1.70947, 0.711442, -0.00208813, -0.00722206, -0.00464826, 1.12914, -0.000933779, 0.00791974, 0.00100443, -0.0316701, -0.771313, -0.557057, 1.08856, -0.0710146, 0.385268, 0.293249, 0, 0, 0, 0, 0, 0, 0, 0, 0, 0, 0, 0, 0, 0
11.18, 2025-06-05__13-49-10.536267, -0.00417553, -0.608728, -0.0106171, -1.77135, -0.0295352, 1.70951, 0.711452, 0.00213229, 0.00491644, 0.000866558, 1.12182, -0.000473002, -0.0062881, 0.000426813, -0.135574, -1.52529, -0.758745, 1.52407, -0.0777055, 0.476834, 0.295607, 0, 0, 0, 0, 0, 0, 0, 0, 0, 0, 0, 0, 0, 0
11.19, 2025-06-05__13-49-10.546267, -0.00415432, -0.608723, -0.0106655, -1.76134, -0.0295221, 1.70945, 0.711451, 0.00255745, -0.00357454, -0.00650799, 1.11901, -0.00638047, 0.0110188, -0.000735332, -0.0386093, -1.1623, -0.546809, 1.34219, -0.049605, 0.405377, 0.298654, 0, 0, 0, 0, 0, 0, 0, 0, 0, 0, 0, 0, 0, 0
11.2, 2025-06-05__13-49-10.556268, -0.00415917, -0.608808, -0.0106953, -1.75004, -0.0295267, 1.70956, 0.711461, 9.99484e-05, -0.00675337, -0.00350696, 1.13358, -0.000764923, 0.00999963, 0.000523158, -0.053337, -0.608755, -0.603879, 0.951242, -0.0776736, 0.356557, 0.29375, 0, 0, 0, 0, 0, 0, 0, 0, 0, 0, 0, 0, 0, 0
11.21, 2025-06-05__13-49-10.566267, -0.00415511, -0.608771, -0.0107284, -1.73888, -0.0295124, 1.70945, 0.711467, -0.00167198, 0.00283431, -0.00739225, 1.10669, 0.00171695, -0.00424632, 6.74962e-07, 0.0095148, -1.77692, -0.471061, 1.74374, -0.065196, 0.507061, 0.295808, 0, 0, 0, 0, 0, 0, 0, 0, 0, 0, 0, 0, 0, 0
11.22, 2025-06-05__13-49-10.576268, -0.00416255, -0.608859, -0.0107488, -1.72764, -0.0295177, 1.70956, 0.71148, -0.00221272, -0.00670353, -0.00108975, 1.12291, -0.00041347, 0.00985166, 0.000735984, -0.0553647, -0.833428, -0.640038, 1.13414, -0.0768732, 0.38249, 0.292518, 0, 0, 0, 0, 0, 0, 0, 0, 0, 0, 0, 0, 0, 0
11.23, 2025-06-05__13-49-10.586266, -0.00414029, -0.608842, -0.0107741, -1.71638, -0.0295118, 1.70951, 0.711487, -0.00108597, 0.00543272, -0.00435382, 1.11204, 0.00220833, -0.0192448, 0.00210604, -0.0278553, -1.77924, -0.561655, 1.70997, -0.0740928, 0.550222, 0.288833, 0, 0, 0, 0, 0, 0, 0, 0, 0, 0, 0, 0, 0, 0
11.24, 2025-06-05__13-49-10.596267, -0.00413962, -0.608883, -0.010818, -1.70523, -0.0295124, 1.70955, 0.711486, 0.00320508, -0.00873464, -0.00431827, 1.11793, -0.00168208, 0.0112126, 0.000149015, -0.0544585, -0.844201, -0.605884, 1.16331, -0.0724283, 0.385402, 0.294089, 0, 0, 0, 0, 0, 0, 0, 0, 0, 0, 0, 0, 0, 0
11.25, 2025-06-05__13-49-10.606272, -0.00414318, -0.608907, -0.0108362, -1.69393, -0.0295162, 1.70961, 0.711493, 0.00222971, 0.00209545, 0.000132824, 1.12527, -0.000108725, -0.00479074, 2.01176e-05, -0.094683, -1.23587, -0.7136, 1.30823, -0.0819157, 0.444667, 0.29464, 0, 0, 0, 0, 0, 0, 0, 0, 0, 0, 0, 0, 0, 0
11.26, 2025-06-05__13-49-10.616272, -0.00413309, -0.608895, -0.010879, -1.68282, -0.0294997, 1.70954, 0.711496, -0.000607255, -0.00616335, -0.00347534, 1.11407, 8.84468e-05, 0.00647866, -0.000356694, -0.0265522, -1.0824, -0.579492, 1.29986, -0.0742031, 0.418233, 0.29528, 0, 0, 0, 0, 0, 0, 0, 0, 0, 0, 0, 0, 0, 0
11.27, 2025-06-05__13-49-10.626273, -0.00413931, -0.608988, -0.0108905, -1.67151, -0.0295053, 1.70967, 0.711502, 0.000123454, -0.00587975, -0.00119548, 1.12996, -0.000207744, 0.00865105, -0.00204308, -0.0547308, -0.637139, -0.651842, 0.952596, -0.0835779, 0.358219, 0.299856, 0, 0, 0, 0, 0, 0, 0, 0, 0, 0, 0, 0, 0, 0
11.28, 2025-06-05__13-49-10.636270, -0.00411964, -0.608919, -0.0109252, -1.66037, -0.029494, 1.70956, 0.711511, 0.00183282, 0.00191463, -0.00237405, 1.10096, 0.00133316, -0.00909364, 0.000795281, -0.053902, -1.84944, -0.634096, 1.77471, -0.0749055, 0.526107, 0.291873, 0, 0, 0, 0, 0, 0, 0, 0, 0, 0, 0, 0, 0, 0
11.29, 2025-06-05__13-49-10.646272, -0.0041291, -0.609034, -0.0109498, -1.64912, -0.0295009, 1.70965, 0.711514, -0.00184009, -0.0126773, -0.000910854, 1.13533, -0.00018234, 0.0114592, -0.00130275, -0.0347192, -0.118196, -0.634651, 0.650765, -0.0880034, 0.318552, 0.296718, 0, 0, 0, 0, 0, 0, 0, 0, 0, 0, 0, 0, 0, 0
11.3, 2025-06-05__13-49-10.656268, -0.00412128, -0.608969, -0.0109803, -1.63793, -0.0294959, 1.7096, 0.711523, -0.000635131, 0.00961083, -0.00445607, 1.10621, 0.000963082, -0.0129375, 0.000360336, -0.00309473, -2.11861, -0.538262, 1.84941, -0.066818, 0.538937, 0.292601, 0, 0, 0, 0, 0, 0, 0, 0, 0, 0, 0, 0, 0, 0
11.31, 2025-06-05__13-49-10.666272, -0.00412763, -0.609023, -0.0109981, -1.62679, -0.0294961, 1.70965, 0.711528, -0.00220597, -0.0111068, -0.000713093, 1.12417, -0.000569753, 0.00604722, -0.00129258, -0.0268658, -0.503401, -0.632133, 0.91441, -0.0822328, 0.370887, 0.296476, 0, 0, 0, 0, 0, 0, 0, 0, 0, 0, 0, 0, 0, 0
11.32, 2025-06-05__13-49-10.676271, -0.0041152, -0.609053, -0.0110244, -1.61547, -0.0294985, 1.70967, 0.711536, 0.00781467, 0.00799248, -0.00177646, 1.1216, 0.000161123, -0.00555408, 0.00121025, -0.0859632, -1.58895, -0.698085, 1.45673, -0.0829479, 0.459586, 0.289137, 0, 0, 0, 0, 0, 0, 0, 0, 0, 0, 0, 0, 0, 0
11.33, 2025-06-05__13-49-10.686269, -0.00410572, -0.609032, -0.0110678, -1.60441, -0.0294893, 1.70963, 0.711542, -0.00342104, -0.00717487, -0.00855747, 1.11306, -0.00147085, 0.00326369, 0.00143122, 0.0704596, -1.00601, -0.391987, 1.22375, -0.0607694, 0.419134, 0.287532, 0, 0, 0, 0, 0, 0, 0, 0, 0, 0, 0, 0, 0, 0
11.34, 2025-06-05__13-49-10.696272, -0.0041171, -0.609148, -0.0110844, -1.59312, -0.0294923, 1.70972, 0.711553, 0.00150789, -0.00393652, -0.00377283, 1.12959, -7.94062e-05, 0.00314772, 0.000790107, -0.0103737, -0.669309, -0.574612, 0.935149, -0.0827008, 0.37367, 0.288852, 0, 0, 0, 0, 0, 0, 0, 0, 0, 0, 0, 0, 0, 0
11.35, 2025-06-05__13-49-10.706268, -0.00410254, -0.609063, -0.0111102, -1.58203, -0.0294837, 1.70962, 0.711549, -7.38225e-05, 0.00448406, -0.00820609, 1.1045, 0.00162514, -0.0084854, -0.000661403, 0.0446947, -1.8693, -0.434809, 1.69743, -0.0668587, 0.510581, 0.29418, 0, 0, 0, 0, 0, 0, 0, 0, 0, 0, 0, 0, 0, 0
11.36, 2025-06-05__13-49-10.716271, -0.00411477, -0.609169, -0.0111168, -1.57079, -0.0294876, 1.70974, 0.711558, -0.00167147, -0.0130961, -0.000146894, 1.13365, -0.000608336, 0.00661701, 5.33216e-05, -0.0188293, -0.0489398, -0.648145, 0.597188, -0.0903893, 0.326871, 0.290718, 0, 0, 0, 0, 0, 0, 0, 0, 0, 0, 0, 0, 0, 0
11.37, 2025-06-05__13-49-10.726235, -0.00408553, -0.609153, -0.0111373, -1.5596, -0.0294823, 1.70968, 0.711564, 0.00199085, 0.00303176, -0.00220712, 1.105, 0.00137449, -0.0181193, 0.00123394, -0.024696, -1.74339, -0.625708, 1.63443, -0.079679, 0.536022, 0.288173, 0, 0, 0, 0, 0, 0, 0, 0, 0, 0, 0, 0, 0, 0
11.38, 2025-06-05__13-49-10.736268, -0.00409108, -0.609185, -0.0111614, -1.54849, -0.0294794, 1.70974, 0.711571, -0.000617243, -0.00859277, 0.00306697, 1.12651, -0.000462516, 0.0182681, 0.00361053, -0.0505594, -0.445304, -0.745938, 0.806008, -0.0927723, 0.307714, 0.279379, 0, 0, 0, 0, 0, 0, 0, 0, 0, 0, 0, 0, 0, 0
11.39, 2025-06-05__13-49-10.746270, -0.00409533, -0.609224, -0.0111983, -1.53723, -0.0294816, 1.70978, 0.711575, 0.000363265, 0.0020077, -0.00401348, 1.11097, -2.83713e-05, -0.00422819, 0.000926552, 0.0143992, -1.4615, -0.549862, 1.4202, -0.0733473, 0.455508, 0.288076, 0, 0, 0, 0, 0, 0, 0, 0, 0, 0, 0, 0, 0, 0
11.4, 2025-06-05__13-49-10.756267, -0.00409613, -0.609206, -0.0112236, -1.52616, -0.0294737, 1.7097, 0.711582, -0.000788914, -0.00605234, -0.00618347, 1.12186, 0.000341483, 0.00524702, -0.000987227, 0.0440971, -0.733226, -0.48314, 0.980218, -0.0786321, 0.377461, 0.292926, 0, 0, 0, 0, 0, 0, 0, 0, 0, 0, 0, 0, 0, 0
11.41, 2025-06-05__13-49-10.766268, -0.00409139, -0.609304, -0.0112287, -1.51486, -0.0294804, 1.70984, 0.711588, 0.00311109, 0.00167742, -0.00112832, 1.13395, 0.000124347, 0.00389134, 6.33718e-05, -0.0229823, -0.76538, -0.656474, 0.906918, -0.0905543, 0.35633, 0.289542, 0, 0, 0, 0, 0, 0, 0, 0, 0, 0, 0, 0, 0, 0
11.42, 2025-06-05__13-49-10.776269, -0.0040643, -0.609217, -0.0112509, -1.50376, -0.0294646, 1.70973, 0.711599, 0.00268472, 0.00768984, -0.00485228, 1.10692, 0.00184423, -0.00424548, -0.00107519, 0.0114258, -1.92344, -0.553285, 1.64554, -0.0775415, 0.481169, 0.293217, 0, 0, 0, 0, 0, 0, 0, 0, 0, 0, 0, 0, 0, 0
11.43, 2025-06-05__13-49-10.786266, -0.00407941, -0.609333, -0.0112643, -1.49256, -0.029476, 1.70985, 0.71161, 0.000250499, -0.0146389, -0.000644371, 1.13338, -0.000912362, 0.0125839, 0.0011242, -0.00373877, 0.177115, -0.65176, 0.442011, -0.0945862, 0.284028, 0.284887, 0, 0, 0, 0, 0, 0, 0, 0, 0, 0, 0, 0, 0, 0
11.44, 2025-06-05__13-49-10.796270, -0.00407509, -0.609315, -0.0112836, -1.48141, -0.0294717, 1.70978, 0.711617, 0.00169787, 0.00850686, -0.000162341, 1.10235, -0.0044624, -0.0145724, 0.0066549, -0.00864915, -2.05556, -0.659274, 1.73993, -0.0616373, 0.527513, 0.269585, 0, 0, 0, 0, 0, 0, 0, 0, 0, 0, 0, 0, 0, 0
11.45, 2025-06-05__13-49-10.806270, -0.00407747, -0.609328, -0.0113194, -1.47029, -0.02947, 1.70985, 0.711624, 0.000456327, -0.0115945, -0.000321141, 1.12605, -0.000999516, 0.0167034, 0.00314768, 0.00206164, -0.189984, -0.653338, 0.646701, -0.0909135, 0.292726, 0.278205, 0, 0, 0, 0, 0, 0, 0, 0, 0, 0, 0, 0, 0, 0
11.46, 2025-06-05__13-49-10.816267, -0.00407088, -0.609408, -0.0113362, -1.45903, -0.0294726, 1.70987, 0.71162, 0.00694239, -0.000892384, -0.000413618, 1.11778, 0.000468285, -0.00903358, -0.00147496, -0.0313095, -1.02149, -0.698631, 1.12534, -0.0933429, 0.435036, 0.293399, 0, 0, 0, 0, 0, 0, 0, 0, 0, 0, 0, 0, 0, 0
11.47, 2025-06-05__13-49-10.826270, -0.00406844, -0.609311, -0.0113631, -1.44803, -0.0294613, 1.70983, 0.711627, -0.000932875, 0.00677041, -0.000101964, 1.10918, -0.000543308, 0.00709504, 0.000921604, 0.016442, -1.75278, -0.638513, 1.4971, -0.0760168, 0.417988, 0.28579, 0, 0, 0, 0, 0, 0, 0, 0, 0, 0, 0, 0, 0, 0
11.48, 2025-06-05__13-49-10.836269, -0.00406937, -0.609454, -0.0113745, -1.43679, -0.0294708, 1.70994, 0.711626, 0.00145746, -0.00496994, -0.0016954, 1.12147, 0.000361612, 0.00596373, 0.000614372, 0.0169263, -0.618946, -0.624005, 0.874869, -0.0907765, 0.350616, 0.286164, 0, 0, 0, 0, 0, 0, 0, 0, 0, 0, 0, 0, 0, 0
11.49, 2025-06-05__13-49-10.846267, -0.00405231, -0.609414, -0.0113871, -1.42571, -0.0294593, 1.70983, 0.711637, -0.00164089, 0.00376622, 0.00126489, 1.10194, 0.00113341, -0.00322541, -0.000501537, 0.0140309, -1.73055, -0.679061, 1.53352, -0.0841731, 0.465222, 0.289992, 0, 0, 0, 0, 0, 0, 0, 0, 0, 0, 0, 0, 0, 0
11.5, 2025-06-05__13-49-10.856283, -0.00406116, -0.609484, -0.011409, -1.41454, -0.029473, 1.70999, 0.711643, 0.00349496, -0.0120259, -0.00163251, 1.12091, -0.010859, 0.0144093, -0.000877645, 0.021018, -0.187157, -0.627051, 0.65014, -0.0586366, 0.296489, 0.290225, 0, 0, 0, 0, 0, 0, 0, 0, 0, 0, 0, 0, 0, 0
11.51, 2025-06-05__13-49-10.866272, -0.00404534, -0.609481, -0.0114191, -1.40339, -0.0294619, 1.70992, 0.711648, 0.000569162, 0.0122544, -0.00252837, 1.0978, 0.000556775, -0.0191595, 0.000576482, 0.0367223, -2.34324, -0.592593, 1.85472, -0.0731738, 0.550588, 0.286647, 0, 0, 0, 0, 0, 0, 0, 0, 0, 0, 0, 0, 0, 0
11.52, 2025-06-05__13-49-10.876268, -0.00404023, -0.609486, -0.0114525, -1.39232, -0.0294598, 1.70999, 0.71166, -0.000316134, -0.0110617, -0.00122554, 1.11468, -0.000856118, 0.0172704, 0.00386028, 0.0370837, -0.40796, -0.625093, 0.775424, -0.0887564, 0.302425, 0.274557, 0, 0, 0, 0, 0, 0, 0, 0, 0, 0, 0, 0, 0, 0
11.53, 2025-06-05__13-49-10.886266, -0.00402938, -0.609581, -0.0114614, -1.37999, -0.0294569, 1.71002, 0.711665, 0.00419582, 0.00400646, 0.000129255, 1.10501, 0.00143577, -0.0069874, 0.00181487, 0.00820972, -1.55124, -0.688668, 1.40184, -0.0917301, 0.45355, 0.281508, 0, 0, 0, 0, 0, 0, 0, 0, 0, 0, 0, 0, 0, 0
11.54, 2025-06-05__13-49-10.896269, -0.00402224, -0.609516, -0.0114799, -1.37009, -0.0294526, 1.70997, 0.711671, 0.00335976, -0.00578863, -0.00182994, 1.10768, -0.000700284, 0.00734762, -0.00129758, 0.0293273, -0.925681, -0.634643, 1.06364, -0.0869958, 0.37118, 0.290284, 0, 0, 0, 0, 0, 0, 0, 0, 0, 0, 0, 0, 0, 0
11.55, 2025-06-05__13-49-10.906272, -0.00402466, -0.609624, -0.0114934, -1.36221, -0.0294606, 1.71011, 0.711678, 0.00108952, -0.0129929, -6.68607e-05, 1.12378, -0.000984827, 0.00880964, 0.000903977, 0.0321798, 0.0649061, -0.667429, 0.490812, -0.0980446, 0.292563, 0.282722, 0, 0, 0, 0, 0, 0, 0, 0, 0, 0, 0, 0, 0, 0
11.56, 2025-06-05__13-49-10.916269, -0.00400246, -0.609624, -0.0115142, -1.34777, -0.029447, 1.71002, 0.711684, 0.00476084, 0.00218323, -0.00464512, 1.10504, 0.0027747, -0.011011, -0.000104618, 0.0435373, -1.43762, -0.57324, 1.33254, -0.0921673, 0.461932, 0.28633, 0, 0, 0, 0, 0, 0, 0, 0, 0, 0, 0, 0, 0, 0
11.57, 2025-06-05__13-49-10.926270, -0.00401931, -0.609765, -0.0115169, -1.33659, -0.0294624, 1.71016, 0.711693, 0.000373808, -0.0151746, 0.00177201, 1.12438, 0.00787626, 0.0168764, 0.000176256, 0.0274992, 0.368647, -0.730297, 0.318026, -0.133945, 0.243762, 0.283622, 0, 0, 0, 0, 0, 0, 0, 0, 0, 0, 0, 0, 0, 0
11.58, 2025-06-05__13-49-10.936269, -0.00399504, -0.609769, -0.0115307, -1.32545, -0.0294508, 1.71009, 0.711694, 0.00062032, 0.00380301, -0.000934926, 1.10916, 0.00137431, -0.0182194, -0.000388004, 0.049551, -1.31627, -0.646248, 1.2473, -0.0929147, 0.472365, 0.287018, 0, 0, 0, 0, 0, 0, 0, 0, 0, 0, 0, 0, 0, 0
11.59, 2025-06-05__13-49-10.946269, -0.00398913, -0.609837, -0.0115531, -1.31438, -0.0294501, 1.71014, 0.711702, -0.00163799, -0.0185259, -0.00214527, 1.12153, -0.00115685, 0.0116375, -0.00200163, 0.0699859, 0.535454, -0.612502, 0.251687, -0.0991767, 0.259323, 0.290329, 0, 0, 0, 0, 0, 0, 0, 0, 0, 0, 0, 0, 0, 0
11.6, 2025-06-05__13-49-10.956268, -0.00398429, -0.60993, -0.0115565, -1.30317, -0.0294545, 1.7102, 0.711706, 0.00647641, -0.00529285, -0.00204959, 1.11478, 0.000864024, -0.0029727, -0.000176585, 0.0372047, -0.418204, -0.655893, 0.754432, -0.102873, 0.360649, 0.285094, 0, 0, 0, 0, 0, 0, 0, 0, 0, 0, 0, 0, 0, 0
11.61, 2025-06-05__13-49-10.966269, -0.00397402, -0.609878, -0.0115666, -1.29216, -0.0294413, 1.71015, 0.711716, -0.0024096, -0.00462416, 0.00121239, 1.1057, 0.000320156, 0.00509092, -0.000642776, 0.0640298, -0.755068, -0.693732, 0.948897, -0.0965818, 0.358452, 0.286329, 0, 0, 0, 0, 0, 0, 0, 0, 0, 0, 0, 0, 0, 0
11.62, 2025-06-05__13-49-10.976270, -0.00396862, -0.610046, -0.011583, -1.28094, -0.0294578, 1.71026, 0.711717, 0.00248269, -0.0134513, -0.000645529, 1.12458, -0.000374442, 0.00512273, -0.000241376, 0.0557884, 0.497328, -0.675791, 0.24333, -0.108445, 0.271876, 0.284347, 0, 0, 0, 0, 0, 0, 0, 0, 0, 0, 0, 0, 0, 0
11.63, 2025-06-05__13-49-10.986268, -0.00395101, -0.610001, -0.0116003, -1.26992, -0.0294463, 1.71017, 0.711724, 0.00474225, 0.00446712, -0.00120556, 1.10422, 0.000664638, -0.00224402, 0.00237211, 0.054171, -1.27531, -0.663389, 1.20007, -0.0946297, 0.408105, 0.276927, 0, 0, 0, 0, 0, 0, 0, 0, 0, 0, 0, 0, 0, 0
11.64, 2025-06-05__13-49-10.996270, -0.00396629, -0.610083, -0.0116173, -1.25879, -0.029451, 1.71031, 0.711732, -0.000506443, -0.0100147, -0.00282335, 1.11712, -0.00170751, 0.020303, 0.00120696, 0.0878124, 0.140876, -0.60796, 0.420691, -0.0947174, 0.235205, 0.279147, 0, 0, 0, 0, 0, 0, 0, 0, 0, 0, 0, 0, 0, 0
11.65, 2025-06-05__13-49-11.006268, -0.00393999, -0.61009, -0.0116246, -1.24767, -0.0294438, 1.71024, 0.71174, 0.00268381, 0.00273978, -0.00274829, 1.10412, 0.00109981, -0.00754575, 0.00439276, 0.076547, -1.11201, -0.622047, 1.1155, -0.0954862, 0.415358, 0.270024, 0, 0, 0, 0, 0, 0, 0, 0, 0, 0, 0, 0, 0, 0
11.66, 2025-06-05__13-49-11.016268, -0.00393365, -0.610127, -0.0116454, -1.23667, -0.0294444, 1.71027, 0.711744, 0.000244329, -0.00621019, -0.000502801, 1.12283, -0.000151417, 0.0200673, 0.000187082, 0.0829604, 0.112834, -0.669061, 0.394697, -0.105622, 0.230407, 0.281657, 0, 0, 0, 0, 0, 0, 0, 0, 0, 0, 0, 0, 0, 0
11.67, 2025-06-05__13-49-11.026269, -0.0039235, -0.610177, -0.011647, -1.22554, -0.0294434, 1.71034, 0.711745, 0.00178081, 0.00226151, -0.000192265, 1.11597, 0.00161865, 0.00148688, 0.00164946, 0.0790711, -0.625867, -0.682993, 0.798537, -0.106711, 0.337257, 0.27773, 0, 0, 0, 0, 0, 0, 0, 0, 0, 0, 0, 0, 0, 0
11.68, 2025-06-05__13-49-11.036266, -0.00390374, -0.61019, -0.0116702, -1.21349, -0.0294378, 1.71026, 0.711749, -0.00241359, -0.00571298, -0.00153239, 1.10124, 0.00976634, 0.000472506, -0.000857624, 0.098626, -0.558047, -0.652367, 0.836615, -0.130056, 0.360609, 0.285055, 0, 0, 0, 0, 0, 0, 0, 0, 0, 0, 0, 0, 0, 0
11.69, 2025-06-05__13-49-11.046268, -0.00390559, -0.610291, -0.0116799, -1.20345, -0.0294513, 1.71041, 0.711756, 0.00363445, -0.00280404, 0.0029514, 1.10803, 5.36256e-05, 0.00722707, 0.000481788, 0.0744072, -0.423211, -0.757652, 0.722692, -0.108723, 0.310621, 0.28086, 0, 0, 0, 0, 0, 0, 0, 0, 0, 0, 0, 0, 0, 0
11.7, 2025-06-05__13-49-11.056284, -0.00388132, -0.610267, -0.0117, -1.19243, -0.0294396, 1.71032, 0.711759, 0.00140147, 0.001282, -0.00367842, 1.09814, 0.00110562, -0.00911661, 0.000280365, 0.104579, -1.06044, -0.599089, 1.09018, -0.0958053, 0.417527, 0.281837, 0, 0, 0, 0, 0, 0, 0, 0, 0, 0, 0, 0, 0, 0
11.71, 2025-06-05__13-49-11.066272, -0.00388827, -0.61034, -0.0117172, -1.1814, -0.0294464, 1.71044, 0.711761, -0.00282916, -0.00776134, -0.0011979, 1.10811, -0.00181476, 0.0139791, 0.000112513, 0.119783, -0.0458345, -0.644434, 0.522594, -0.0968973, 0.264565, 0.28159, 0, 0, 0, 0, 0, 0, 0, 0, 0, 0, 0, 0, 0, 0
11.72, 2025-06-05__13-49-11.076269, -0.00387077, -0.610321, -0.0117173, -1.17036, -0.0294385, 1.71042, 0.711767, 0.00220645, 0.00123892, -0.00636715, 1.09378, 0.00086437, -0.0175807, 0.000128873, 0.1166, -1.17026, -0.545336, 1.1591, -0.0916033, 0.452222, 0.282132, 0, 0, 0, 0, 0, 0, 0, 0, 0, 0, 0, 0, 0, 0
11.73, 2025-06-05__13-49-11.086270, -0.00386146, -0.610411, -0.0117322, -1.15936, -0.0294367, 1.71041, 0.711777, 0.000124496, -0.0106173, -0.00118476, 1.10746, -0.000353906, 0.00996875, 0.00370906, 0.11641, 0.172414, -0.660184, 0.41621, -0.108023, 0.270383, 0.269787, 0, 0, 0, 0, 0, 0, 0, 0, 0, 0, 0, 0, 0, 0
11.74, 2025-06-05__13-49-11.096268, -0.00386239, -0.610443, -0.0117315, -1.14828, -0.0294444, 1.71053, 0.711772, 0.000381042, 0.00756215, -0.000745514, 1.10495, 0.000771482, -0.00369237, 0.00218432, 0.121927, -1.08048, -0.666519, 1.03257, -0.100391, 0.373965, 0.275301, 0, 0, 0, 0, 0, 0, 0, 0, 0, 0, 0, 0, 0, 0
11.75, 2025-06-05__13-49-11.106267, -0.0038338, -0.610405, -0.0117481, -1.13736, -0.0294315, 1.71042, 0.711789, 0.00389822, -0.00535014, -0.000762845, 1.09677, 0.00145569, -0.0122951, 0.00106077, 0.111519, -0.567511, -0.676415, 0.833752, -0.111057, 0.398215, 0.278028, 0, 0, 0, 0, 0, 0, 0, 0, 0, 0, 0, 0, 0, 0
11.76, 2025-06-05__13-49-11.116272, -0.00384794, -0.610549, -0.0117626, -1.12522, -0.029447, 1.71056, 0.711784, -0.00120665, -0.00890653, 0.000677107, 1.10351, -0.000334466, 0.00311632, 0.000842815, 0.134795, 0.0589607, -0.698882, 0.477405, -0.109986, 0.294276, 0.278523, 0, 0, 0, 0, 0, 0, 0, 0, 0, 0, 0, 0, 0, 0
11.77, 2025-06-05__13-49-11.126269, -0.0038273, -0.610472, -0.0117817, -1.11428, -0.0294351, 1.71049, 0.711787, 0.00110419, 0.00291267, -0.00349697, 1.08532, 0.00313356, -0.00782685, -0.0014013, 0.137654, -1.38597, -0.609946, 1.2561, -0.102228, 0.426516, 0.285861, 0, 0, 0, 0, 0, 0, 0, 0, 0, 0, 0, 0, 0, 0
11.78, 2025-06-05__13-49-11.136268, -0.00383579, -0.610583, -0.0117894, -1.10437, -0.0294377, 1.71059, 0.711796, -0.00190978, -0.0132514, -0.00331722, 1.11276, -0.000897649, 0.017306, 0.000748251, 0.152502, 0.70373, -0.618886, 0.100273, -0.109812, 0.196885, 0.277616, 0, 0, 0, 0, 0, 0, 0, 0, 0, 0, 0, 0, 0, 0
11.79, 2025-06-05__13-49-11.146270, -0.00381018, -0.610589, -0.0117886, -1.09225, -0.0294338, 1.71057, 0.711792, 0.0063039, 0.00875153, -0.000711865, 1.09949, 0.000610081, -0.00634876, 0.00222116, 0.129084, -1.2139, -0.671337, 1.09591, -0.104236, 0.39015, 0.27434, 0, 0, 0, 0, 0, 0, 0, 0, 0, 0, 0, 0, 0, 0
11.8, 2025-06-05__13-49-11.156267, -0.00380421, -0.610613, -0.0118147, -1.08138, -0.0294327, 1.71058, 0.711802, 0.00044307, -0.0191578, -0.00373718, 1.1013, -0.00104689, 0.0195105, 0.000661413, 0.154032, 0.771478, -0.614811, 0.106639, -0.111223, 0.197148, 0.277663, 0, 0, 0, 0, 0, 0, 0, 0, 0, 0, 0, 0, 0, 0
11.81, 2025-06-05__13-49-11.166270, -0.00380198, -0.610698, -0.0118099, -1.07366, -0.0294404, 1.71066, 0.711799, 0.000433064, -0.00696777, 0.000855333, 1.09407, -0.00012412, 0.0110564, -0.00036762, 0.157037, -0.192538, -0.703758, 0.602711, -0.110994, 0.27656, 0.281528, 0, 0, 0, 0, 0, 0, 0, 0, 0, 0, 0, 0, 0, 0
11.82, 2025-06-05__13-49-11.176268, -0.00376916, -0.610598, -0.0118216, -1.06063, -0.0294298, 1.71057, 0.711806, -0.00251775, 0.00856739, -0.000833802, 1.06946, 0.00193535, -0.00257516, 0.00131884, 0.175803, -2.14105, -0.660113, 1.64725, -0.0946891, 0.450243, 0.277191, 0, 0, 0, 0, 0, 0, 0, 0, 0, 0, 0, 0, 0, 0
11.83, 2025-06-05__13-49-11.186267, -0.0037651, -0.610777, -0.0118301, -1.04962, -0.0294441, 1.71071, 0.711804, 0.00241735, -0.0200691, 0.00222994, 1.11041, -0.00818039, 0.0132439, -0.000483755, 0.163512, 1.27134, -0.726663, -0.179317, -0.103862, 0.175915, 0.281338, 0, 0, 0, 0, 0, 0, 0, 0, 0, 0, 0, 0, 0, 0
11.84, 2025-06-05__13-49-11.196270, -0.00373518, -0.610747, -0.011838, -1.03872, -0.0294279, 1.71064, 0.711807, 0.0046963, 0.0111431, -0.00259513, 1.08963, 0.000508325, -0.00569773, 0.00140758, 0.162616, -1.54664, -0.626868, 1.26802, -0.0991215, 0.406145, 0.27635, 0, 0, 0, 0, 0, 0, 0, 0, 0, 0, 0, 0, 0, 0
11.85, 2025-06-05__13-49-11.206268, -0.00374031, -0.610788, -0.0118585, -1.02789, -0.0294334, 1.71072, 0.711816, -0.00218355, -0.0111724, 0.000231004, 1.09236, 0.000619663, 0.0108935, 0.000925704, 0.189514, 0.118941, -0.690603, 0.437915, -0.117479, 0.256474, 0.276736, 0, 0, 0, 0, 0, 0, 0, 0, 0, 0, 0, 0, 0, 0
11.86, 2025-06-05__13-49-11.216269, -0.00371512, -0.610888, -0.011853, -1.01691, -0.0294303, 1.71073, 0.71181, 0.00658428, -0.00113284, -0.00115356, 1.09866, 0.000994706, -0.0110606, 0.000770581, 0.166147, -0.319718, -0.660278, 0.638891, -0.118259, 0.351385, 0.277724, 0, 0, 0, 0, 0, 0, 0, 0, 0, 0, 0, 0, 0, 0
11.87, 2025-06-05__13-49-11.226269, -0.0036809, -0.610844, -0.011872, -1.00612, -0.0294273, 1.71069, 0.711822, 0.00348505, -0.00231735, -0.00103731, 1.07963, -0.000533825, 0.000503518, 0.00174632, 0.182729, -0.860813, -0.655621, 0.958421, -0.105429, 0.35542, 0.274519, 0, 0, 0, 0, 0, 0, 0, 0, 0, 0, 0, 0, 0, 0
11.88, 2025-06-05__13-49-11.236272, -0.00369156, -0.610948, -0.011884, -0.995146, -0.0294414, 1.71084, 0.711817, 0.00320521, -0.00909677, -0.00077386, 1.09349, -0.000241234, -0.00135167, -0.000324181, 0.189008, 0.141149, -0.66485, 0.41847, -0.117476, 0.29026, 0.280614, 0, 0, 0, 0, 0, 0, 0, 0, 0, 0, 0, 0, 0, 0
11.89, 2025-06-05__13-49-11.246270, -0.00364046, -0.610956, -0.0118922, -0.984313, -0.0294242, 1.71077, 0.71182, 0.00129876, 0.00661059, -0.00625686, 1.07946, 0.00251346, -0.00678686, -0.00012265, 0.196512, -1.38153, -0.561563, 1.20195, -0.103595, 0.401472, 0.280453, 0, 0, 0, 0, 0, 0, 0, 0, 0, 0, 0, 0, 0, 0
11.9, 2025-06-05__13-49-11.256267, -0.0036408, -0.61106, -0.0119064, -0.973445, -0.0294348, 1.7109, 0.711825, -0.000954691, -0.00704272, 0.00186075, 1.09147, -0.00187999, 0.0195234, 0.000152538, 0.219327, 0.119743, -0.708972, 0.404256, -0.114004, 0.209499, 0.278581, 0, 0, 0, 0, 0, 0, 0, 0, 0, 0, 0, 0, 0, 0
11.91, 2025-06-05__13-49-11.266269, -0.00360223, -0.611109, -0.0118974, -0.962533, -0.029423, 1.71091, 0.711823, 0.0072293, -0.00308157, -0.000171415, 1.08494, 0.00216126, -0.00252343, -0.000964141, 0.193058, -0.377649, -0.667097, 0.684958, -0.124866, 0.321805, 0.2823, 0, 0, 0, 0, 0, 0, 0, 0, 0, 0, 0, 0, 0, 0
11.92, 2025-06-05__13-49-11.276267, -0.003574, -0.611152, -0.0119223, -0.951725, -0.0294215, 1.7109, 0.711832, 0.00331239, -0.00866483, -0.00637623, 1.09646, 0.00510294, 0.0150357, 0.00101723, 0.200292, 0.470891, -0.570646, 0.211534, -0.133938, 0.202908, 0.27496, 0, 0, 0, 0, 0, 0, 0, 0, 0, 0, 0, 0, 0, 0
11.93, 2025-06-05__13-49-11.286268, -0.00356695, -0.61118, -0.0119144, -0.940831, -0.0294345, 1.71103, 0.711831, 0.00323602, -0.000518572, 0.00131592, 1.07906, 0.00148515, 0.00189694, -0.000825896, 0.223427, -0.654128, -0.689352, 0.823188, -0.120229, 0.315575, 0.281705, 0, 0, 0, 0, 0, 0, 0, 0, 0, 0, 0, 0, 0, 0
11.94, 2025-06-05__13-49-11.296268, -0.00352299, -0.611245, -0.0119169, -0.930036, -0.0294184, 1.71093, 0.711838, 0.00448494, -0.0148055, -0.000561192, 1.0847, 0.0101425, -0.00574716, 0.000293711, 0.215183, 0.54237, -0.674609, 0.234027, -0.162771, 0.285146, 0.277205, 0, 0, 0, 0, 0, 0, 0, 0, 0, 0, 0, 0, 0, 0
11.95, 2025-06-05__13-49-11.306269, -0.00350767, -0.611349, -0.0119365, -0.919141, -0.0294361, 1.7111, 0.711834, 0.000127507, -0.00668734, 0.00176032, 1.09822, -9.53021e-05, 0.017998, -0.00055587, 0.245952, 0.615623, -0.700495, 0.117896, -0.12886, 0.167965, 0.27992, 0, 0, 0, 0, 0, 0, 0, 0, 0, 0, 0, 0, 0, 0
11.96, 2025-06-05__13-49-11.316270, -0.00347015, -0.611311, -0.0119272, -0.908315, -0.0294194, 1.71107, 0.711839, 0.00611366, 0.0020733, 0.000958686, 1.06782, 0.000828458, -0.0065718, 0.000144372, 0.231149, -1.09752, -0.665301, 1.06976, -0.116394, 0.374867, 0.278702, 0, 0, 0, 0, 0, 0, 0, 0, 0, 0, 0, 0, 0, 0
11.97, 2025-06-05__13-49-11.326268, -0.00345018, -0.611433, -0.0119463, -0.896412, -0.0294267, 1.71114, 0.711837, -0.000225795, -0.0119057, 0.000239193, 1.09468, -0.0024845, 0.0177654, -0.00128212, 0.256984, 0.944088, -0.671769, -0.0347439, -0.12392, 0.15158, 0.282046, 0, 0, 0, 0, 0, 0, 0, 0, 0, 0, 0, 0, 0, 0
11.98, 2025-06-05__13-49-11.336267, -0.00342582, -0.611447, -0.0119399, -0.886625, -0.0294198, 1.7112, 0.711836, 0.00377875, -0.000869584, 0.000943945, 1.07778, 0.00264504, 0.00564256, -3.52955e-05, 0.251564, -0.385976, -0.670111, 0.669463, -0.13006, 0.275114, 0.27872, 0, 0, 0, 0, 0, 0, 0, 0, 0, 0, 0, 0, 0, 0
11.99, 2025-06-05__13-49-11.346266, -0.00338611, -0.611467, -0.0119559, -0.875896, -0.0294184, 1.71112, 0.711847, 0.00501162, -0.00852557, -0.00309896, 1.07474, -0.000255541, -0.00187178, 0.0015738, 0.239841, 0.0263943, -0.598708, 0.487082, -0.120762, 0.288938, 0.273462, 0, 0, 0, 0, 0, 0, 0, 0, 0, 0, 0, 0, 0, 0
12, 2025-06-05__13-49-11.356267, -0.0033869, -0.611579, -0.0119608, -0.865027, -0.0294339, 1.71126, 0.711841, 0.000251906, -0.00607699, 2.98931e-05, 1.08443, -0.00048072, 0.00759544, 0.000118991, 0.274891, 0.331684, -0.65745, 0.29101, -0.12554, 0.219879, 0.277934, 0, 0, 0, 0, 0, 0, 0, 0, 0, 0, 0, 0, 0, 0
12.01, 2025-06-05__13-49-11.366270, -0.00334324, -0.611543, -0.0119573, -0.854323, -0.0294153, 1.71119, 0.711845, 0.00408145, 0.00299766, -0.00307825, 1.05718, 0.00030219, -0.00320639, 0.000262025, 0.259688, -1.27338, -0.589048, 1.16138, -0.10919, 0.369201, 0.278171, 0, 0, 0, 0, 0, 0, 0, 0, 0, 0, 0, 0, 0, 0
12.02, 2025-06-05__13-49-11.376268, -0.00332372, -0.611654, -0.0119661, -0.843533, -0.0294249, 1.71129, 0.711849, 0.00280806, -0.015581, 0.00190843, 1.08606, -0.00233842, 0.017112, -0.000455068, 0.2812, 1.15648, -0.674398, -0.125826, -0.132376, 0.137881, 0.27882, 0, 0, 0, 0, 0, 0, 0, 0, 0, 0, 0, 0, 0, 0
12.03, 2025-06-05__13-49-11.386271, -0.00329613, -0.61166, -0.0119559, -0.832774, -0.0294166, 1.71128, 0.711847, 0.00353038, 0.0015916, -0.000531073, 1.06886, 0.00196461, -0.00563766, -0.000767561, 0.280905, -0.674628, -0.627796, 0.826119, -0.12604, 0.330191, 0.280843, 0, 0, 0, 0, 0, 0, 0, 0, 0, 0, 0, 0, 0, 0
12.04, 2025-06-05__13-49-11.396271, -0.00326426, -0.611719, -0.0119691, -0.822121, -0.0294167, 1.71125, 0.711852, 0.000529584, -0.0155895, -0.00113931, 1.0755, -0.00116042, 0.00183562, 6.99491e-06, 0.292946, 0.820346, -0.63098, 0.0780258, -0.130872, 0.221141, 0.277823, 0, 0, 0, 0, 0, 0, 0, 0, 0, 0, 0, 0, 0, 0
12.05, 2025-06-05__13-49-11.406267, -0.00324733, -0.611778, -0.0119539, -0.810256, -0.0294234, 1.71136, 0.711856, 0.00385245, 0.000183762, 0.00296844, 1.06782, 0.00171338, -0.000717343, 0.00734537, 0.305448, -0.468503, -0.668344, 0.716896, -0.132902, 0.295578, 0.255411, 0, 0, 0, 0, 0, 0, 0, 0, 0, 0, 0, 0, 0, 0
12.06, 2025-06-05__13-49-11.416271, -0.00321099, -0.611747, -0.0119697, -0.799646, -0.029412, 1.71129, 0.711857, 0.0057186, -0.00161875, 7.6141e-05, 1.06656, 0.000612664, -0.00926896, -0.000557709, 0.291604, -0.454878, -0.613494, 0.719159, -0.126955, 0.330906, 0.27971, 0, 0, 0, 0, 0, 0, 0, 0, 0, 0, 0, 0, 0, 0
12.07, 2025-06-05__13-49-11.426271, -0.00319585, -0.611885, -0.0119702, -0.789961, -0.029425, 1.71143, 0.711859, 0.00309016, -0.014562, 0.00038931, 1.0765, -0.00241773, 0.0233896, 0.000676556, 0.308974, 1.04441, -0.631817, -0.065734, -0.131209, 0.115253, 0.2748, 0, 0, 0, 0, 0, 0, 0, 0, 0, 0, 0, 0, 0, 0
12.08, 2025-06-05__13-49-11.436269, -0.00316457, -0.611878, -0.0119645, -0.77927, -0.0294109, 1.71139, 0.711859, 0.000909654, 0.00299939, -0.000302531, 1.06036, 0.000848206, -0.00357442, -0.00356929, 0.326799, -0.826259, -0.616882, 0.903082, -0.123098, 0.326336, 0.28902, 0, 0, 0, 0, 0, 0, 0, 0, 0, 0, 0, 0, 0, 0
12.09, 2025-06-05__13-49-11.446272, -0.00314002, -0.611946, -0.0119786, -0.767608, -0.0294163, 1.71144, 0.711862, -0.000981255, -0.021335, -0.00227393, 1.07158, -0.000160016, 0.0220414, -7.83667e-05, 0.328827, 1.41556, -0.609819, -0.233374, -0.140787, 0.102382, 0.276966, 0, 0, 0, 0, 0, 0, 0, 0, 0, 0, 0, 0, 0, 0
12.1, 2025-06-05__13-49-11.456267, -0.00310542, -0.611996, -0.0119553, -0.757953, -0.0294181, 1.71148, 0.711856, 0.0128643, 0.000226091, 0.00369498, 1.07512, 0.00223625, -0.00124688, -0.000298812, 0.296703, 0.00358109, -0.617186, 0.447656, -0.143788, 0.256114, 0.278026, 0, 0, 0, 0, 0, 0, 0, 0, 0, 0, 0, 0, 0, 0
12.11, 2025-06-05__13-49-11.466268, -0.00306987, -0.611956, -0.011987, -0.747432, -0.0294107, 1.71142, 0.711868, -0.00333102, -5.90631e-06, -0.0032262, 1.04989, 9.26325e-06, -0.00648073, 0.000749194, 0.35251, -0.902815, -0.579342, 0.963986, -0.117159, 0.34486, 0.27578, 0, 0, 0, 0, 0, 0, 0, 0, 0, 0, 0, 0, 0, 0
12.12, 2025-06-05__13-49-11.476268, -0.00304824, -0.612099, -0.011974, -0.736747, -0.0294236, 1.71157, 0.711867, -0.00160782, -0.015996, 0.00271835, 1.07652, -0.000723794, 0.00788753, 0.000159481, 0.371184, 1.33018, -0.657132, -0.207366, -0.146223, 0.144001, 0.276203, 0, 0, 0, 0, 0, 0, 0, 0, 0, 0, 0, 0, 0, 0
12.13, 2025-06-05__13-49-11.486268, -0.00298981, -0.612107, -0.0119681, -0.72721, -0.0294065, 1.71151, 0.711865, 0.00460453, -0.00275908, -0.0026576, 1.05646, 0.00132402, -0.00407358, -0.00121738, 0.324495, -0.314308, -0.551543, 0.651512, -0.130549, 0.293636, 0.281133, 0, 0, 0, 0, 0, 0, 0, 0, 0, 0, 0, 0, 0, 0
12.14, 2025-06-05__13-49-11.496267, -0.00295692, -0.612149, -0.0119843, -0.715633, -0.0294143, 1.71157, 0.711871, 0.000471779, -0.0176339, 0.000467179, 1.06784, -0.000584302, 0.0144307, 0.000839888, 0.360966, 1.23186, -0.606761, -0.14418, -0.143829, 0.130043, 0.273788, 0, 0, 0, 0, 0, 0, 0, 0, 0, 0, 0, 0, 0, 0
12.15, 2025-06-05__13-49-11.506268, -0.00290848, -0.612226, -0.0119586, -0.704985, -0.0294108, 1.7116, 0.711867, 0.00517232, -0.00781702, 0.00154894, 1.05271, 0.00234271, -0.0125566, -1.4065e-05, 0.348929, 0.0176216, -0.588336, 0.504004, -0.144161, 0.303655, 0.277286, 0, 0, 0, 0, 0, 0, 0, 0, 0, 0, 0, 0, 0, 0
12.16, 2025-06-05__13-49-11.516268, -0.0028552, -0.612205, -0.0119894, -0.694484, -0.0294095, 1.71155, 0.711872, 0.00296315, 0.00308559, -0.00300493, 1.05786, -0.000595453, -0.0023681, 0.00175076, 0.345007, -0.573045, -0.526192, 0.758347, -0.121541, 0.293871, 0.271823, 0, 0, 0, 0, 0, 0, 0, 0, 0, 0, 0, 0, 0, 0
12.17, 2025-06-05__13-49-11.526268, -0.00282938, -0.612298, -0.0119782, -0.682793, -0.0294257, 1.71172, 0.711868, 0.00297915, -0.00295009, 0.0026454, 1.06441, -8.49976e-05, 0.0110398, -0.000529963, 0.377384, 0.236397, -0.588458, 0.33495, -0.137628, 0.185966, 0.278233, 0, 0, 0, 0, 0, 0, 0, 0, 0, 0, 0, 0, 0, 0
12.18, 2025-06-05__13-49-11.536268, -0.00275771, -0.612317, -0.0119645, -0.673316, -0.0293993, 1.71164, 0.711866, 0.00453525, -0.00232134, -0.00174791, 1.05965, 0.000609402, -0.00337499, -0.00115319, 0.348951, -0.00877959, -0.527449, 0.477015, -0.134972, 0.259772, 0.28055, 0, 0, 0, 0, 0, 0, 0, 0, 0, 0, 0, 0, 0, 0
12.19, 2025-06-05__13-49-11.546268, -0.00273299, -0.612371, -0.0119948, -0.662783, -0.0294144, 1.71172, 0.711872, -0.000326544, -0.0143434, -0.00310064, 1.07023, -0.0016145, 0.0240622, -0.000231513, 0.371703, 1.36196, -0.535189, -0.237563, -0.138835, 0.0713002, 0.276657, 0, 0, 0, 0, 0, 0, 0, 0, 0, 0, 0, 0, 0, 0
12.2, 2025-06-05__13-49-11.556266, -0.00267838, -0.612389, -0.0119536, -0.652241, -0.0294059, 1.71175, 0.711875, 0.00408657, -0.0020733, 0.00621798, 1.05542, 0.00279309, -0.00584817, -0.000254923, 0.39977, -0.0903372, -0.596467, 0.525089, -0.151116, 0.268584, 0.277234, 0, 0, 0, 0, 0, 0, 0, 0, 0, 0, 0, 0, 0, 0
12.21, 2025-06-05__13-49-11.566270, -0.00261817, -0.612398, -0.0119732, -0.640763, -0.0294032, 1.71171, 0.711877, 0.000786519, -0.00597143, -0.000282868, 1.05089, -8.46695e-05, -0.000747418, 0.00055355, 0.388941, 0.0509239, -0.534349, 0.464242, -0.135731, 0.246321, 0.274916, 0, 0, 0, 0, 0, 0, 0, 0, 0, 0, 0, 0, 0, 0
12.22, 2025-06-05__13-49-11.576268, -0.00258866, -0.612493, -0.0119765, -0.631234, -0.0294174, 1.71187, 0.711877, 0.0048849, -0.0065406, 0.00137055, 1.05734, -0.000198107, 0.00920368, 0.00028607, 0.374952, 0.460652, -0.524727, 0.237032, -0.140081, 0.173262, 0.275045, 0, 0, 0, 0, 0, 0, 0, 0, 0, 0, 0, 0, 0, 0
12.23, 2025-06-05__13-49-11.586267, -0.00252909, -0.612493, -0.0119666, -0.620759, -0.0293996, 1.71179, 0.711878, 0.00357375, -0.00165794, -0.00164336, 1.0427, 0.00101034, -0.00478868, 0.000504684, 0.372276, -0.443791, -0.489305, 0.723406, -0.133061, 0.287939, 0.275077, 0, 0, 0, 0, 0, 0, 0, 0, 0, 0, 0, 0, 0, 0
12.24, 2025-06-05__13-49-11.596268, -0.00250367, -0.612542, -0.0119816, -0.610285, -0.0294089, 1.71186, 0.711875, 0.000588032, -0.0114184, -0.00115242, 1.05775, -0.000278101, 0.0118492, 5.87179e-05, 0.394858, 0.880989, -0.509459, 0.0280138, -0.142918, 0.138621, 0.275806, 0, 0, 0, 0, 0, 0, 0, 0, 0, 0, 0, 0, 0, 0
12.25, 2025-06-05__13-49-11.606267, -0.00245612, -0.612586, -0.0119571, -0.599795, -0.0294038, 1.71189, 0.71188, 0.00312691, -0.00406, 0.00151824, 1.04732, 0.00178845, -0.00610175, -6.36793e-05, 0.398728, -0.0138693, -0.508057, 0.499134, -0.144447, 0.258488, 0.276393, 0, 0, 0, 0, 0, 0, 0, 0, 0, 0, 0, 0, 0, 0
12.26, 2025-06-05__13-49-11.616269, -0.00240584, -0.61257, -0.0119775, -0.589418, -0.0294025, 1.71184, 0.711882, -0.000204651, 0.00532846, -0.00160241, 1.0339, -4.60042e-05, 0.000365979, 6.12506e-05, 0.410161, -1.14143, -0.475039, 1.07209, -0.122026, 0.307022, 0.276578, 0, 0, 0, 0, 0, 0, 0, 0, 0, 0, 0, 0, 0, 0
12.27, 2025-06-05__13-49-11.626267, -0.00238414, -0.612671, -0.0119655, -0.578929, -0.0294136, 1.712, 0.711883, 0.00225699, -0.00967488, 0.00303346, 1.05104, -0.000361773, 0.0108061, -0.000441661, 0.416804, 0.674577, -0.510394, 0.141109, -0.145137, 0.147885, 0.276828, 0, 0, 0, 0, 0, 0, 0, 0, 0, 0, 0, 0, 0, 0
12.28, 2025-06-05__13-49-11.636267, -0.00233053, -0.612708, -0.0119612, -0.568518, -0.0294039, 1.71192, 0.711886, 0.00597037, -3.49961e-05, -0.000767083, 1.04214, 0.00019671, -0.0128565, 0.00140124, 0.372588, -0.374868, -0.441456, 0.686287, -0.132896, 0.302312, 0.271788, 0, 0, 0, 0, 0, 0, 0, 0, 0, 0, 0, 0, 0, 0
12.29, 2025-06-05__13-49-11.646268, -0.00232276, -0.61277, -0.0119786, -0.557128, -0.0294121, 1.71202, 0.71188, 5.11587e-05, -0.0194141, -0.000273433, 1.04543, -0.00081103, 0.0176706, -0.000921045, 0.419993, 1.30944, -0.482561, -0.154942, -0.147599, 0.0884138, 0.278276, 0, 0, 0, 0, 0, 0, 0, 0, 0, 0, 0, 0, 0, 0
12.3, 2025-06-05__13-49-11.656266, -0.00227505, -0.612838, -0.0119464, -0.547776, -0.0293963, 1.71201, 0.711879, 0.00608404, -0.00754772, 0.00583933, 1.03032, 0.00242531, -0.0053148, 0.000237603, 0.413468, -0.0622508, -0.483056, 0.562757, -0.151111, 0.259472, 0.275208, 0, 0, 0, 0, 0, 0, 0, 0, 0, 0, 0, 0, 0, 0
12.31, 2025-06-05__13-49-11.666271, -0.00223898, -0.61283, -0.0119767, -0.537463, -0.0294003, 1.71198, 0.71188, -0.00301105, 0.00487625, -0.00327899, 1.03516, -0.000462313, -0.000129682, -0.000377574, 0.439937, -0.788072, -0.439746, 0.888967, -0.124488, 0.275947, 0.277879, 0, 0, 0, 0, 0, 0, 0, 0, 0, 0, 0, 0, 0, 0
12.32, 2025-06-05__13-49-11.676272, -0.00222005, -0.612947, -0.0119559, -0.527024, -0.0294069, 1.7121, 0.711884, -0.00344811, -0.00679819, 0.00395712, 1.04437, -0.000251917, 0.00404368, 5.6802e-06, 0.484493, 0.515956, -0.502099, 0.233043, -0.147382, 0.174858, 0.275721, 0, 0, 0, 0, 0, 0, 0, 0, 0, 0, 0, 0, 0, 0
12.33, 2025-06-05__13-49-11.686271, -0.00215036, -0.612979, -0.0119506, -0.515637, -0.0293957, 1.71203, 0.711886, 0.00579221, 0.00965838, -0.0011786, 1.03202, -0.000278625, -0.00467374, 0.00264213, 0.385552, -1.08846, -0.388379, 1.04288, -0.122977, 0.307789, 0.267958, 0, 0, 0, 0, 0, 0, 0, 0, 0, 0, 0, 0, 0, 0
12.34, 2025-06-05__13-49-11.696270, -0.00215433, -0.613023, -0.0119634, -0.506353, -0.0294094, 1.7121, 0.711882, -0.0010541, -0.0132834, 0.000397856, 1.04078, -0.00118825, 0.0117347, -0.00090381, 0.44877, 0.9667, -0.448755, 0.0203307, -0.144711, 0.122216, 0.278257, 0, 0, 0, 0, 0, 0, 0, 0, 0, 0, 0, 0, 0, 0
12.35, 2025-06-05__13-49-11.706266, -0.00211207, -0.613136, -0.0119333, -0.495981, -0.0293953, 1.71209, 0.711884, 0.00325337, -0.0101946, 0.00108009, 1.03008, 0.00161754, -0.00405709, 0.0008471, 0.419598, 0.442428, -0.422114, 0.313364, -0.150225, 0.216887, 0.272974, 0, 0, 0, 0, 0, 0, 0, 0, 0, 0, 0, 0, 0, 0
12.36, 2025-06-05__13-49-11.716269, -0.00208017, -0.613123, -0.0119585, -0.485709, -0.0293989, 1.71207, 0.711888, 0.000529384, 0.00258874, -0.00296779, 1.03092, -0.00131799, 0.00237456, 0.000479227, 0.425914, -0.440733, -0.386856, 0.727563, -0.125868, 0.241264, 0.274419, 0, 0, 0, 0, 0, 0, 0, 0, 0, 0, 0, 0, 0, 0
12.37, 2025-06-05__13-49-11.726268, -0.00206134, -0.613235, -0.0119404, -0.474333, -0.0294055, 1.71217, 0.711885, 0.00305382, -0.00715849, 0.00412927, 1.03178, 0.000103603, -0.00099865, -0.000567391, 0.443042, 0.407056, -0.421127, 0.321054, -0.146666, 0.199772, 0.277109, 0, 0, 0, 0, 0, 0, 0, 0, 0, 0, 0, 0, 0, 0
12.38, 2025-06-05__13-49-11.736267, -0.00200735, -0.613297, -0.0119337, -0.465104, -0.0293904, 1.71212, 0.711886, 0.0068362, -0.00249039, -0.000130017, 1.0233, 0.000263771, -0.00541991, -0.000443422, 0.384457, -0.173273, -0.359849, 0.626545, -0.136449, 0.256435, 0.276888, 0, 0, 0, 0, 0, 0, 0, 0, 0, 0, 0, 0, 0, 0
12.39, 2025-06-05__13-49-11.746270, -0.00197763, -0.613333, -0.0119498, -0.454797, -0.0294023, 1.71216, 0.711889, 0.00338476, -0.00896467, 0.00116657, 1.03987, -0.00161627, 0.0191412, -0.000688859, 0.420768, 0.995866, -0.384109, 0.00116298, -0.14298, 0.0859085, 0.27664, 0, 0, 0, 0, 0, 0, 0, 0, 0, 0, 0, 0, 0, 0
12.4, 2025-06-05__13-49-11.756268, -0.00195241, -0.613424, -0.0119211, -0.444464, -0.0293902, 1.71217, 0.711888, 3.03768e-05, -0.0049985, 0.00607046, 1.02328, 0.00252099, -0.00727705, 0.000400831, 0.485536, 0.141486, -0.421182, 0.476071, -0.155897, 0.240375, 0.274157, 0, 0, 0, 0, 0, 0, 0, 0, 0, 0, 0, 0, 0, 0
12.41, 2025-06-05__13-49-11.766272, -0.00190514, -0.613424, -0.0119479, -0.433239, -0.0293978, 1.71214, 0.71189, -0.000347561, 0.000447722, -0.00317262, 1.02197, -0.00289382, 0.000807244, 0.000444548, 0.437361, -0.275034, -0.348592, 0.672867, -0.122969, 0.234957, 0.274417, 0, 0, 0, 0, 0, 0, 0, 0, 0, 0, 0, 0, 0, 0
12.42, 2025-06-05__13-49-11.776270, -0.00189166, -0.61352, -0.0119402, -0.423961, -0.0294015, 1.71224, 0.711889, 0.0010159, -0.0129215, 0.00440396, 1.03224, -0.000305222, 0.00655398, -0.00533406, 0.462738, 1.17566, -0.392468, -0.0548749, -0.153926, 0.119365, 0.290967, 0, 0, 0, 0, 0, 0, 0, 0, 0, 0, 0, 0, 0, 0
12.43, 2025-06-05__13-49-11.786268, -0.0018324, -0.613617, -0.0119127, -0.413689, -0.0293864, 1.71218, 0.711886, 0.0111177, -0.00744874, 0.00232306, 1.01839, 0.000615582, -0.00213453, -0.000481683, 0.346661, 0.378376, -0.312157, 0.374446, -0.144067, 0.208886, 0.276218, 0, 0, 0, 0, 0, 0, 0, 0, 0, 0, 0, 0, 0, 0
12.44, 2025-06-05__13-49-11.796269, -0.00182132, -0.613606, -0.0119426, -0.403521, -0.0293971, 1.71221, 0.711891, 0.00356444, -0.00127087, -0.00247301, 1.02773, -0.000546776, 0.0132255, -0.000445248, 0.402628, 0.300001, -0.315197, 0.373296, -0.135532, 0.147248, 0.276086, 0, 0, 0, 0, 0, 0, 0, 0, 0, 0, 0, 0, 0, 0
12.45, 2025-06-05__13-49-11.806269, -0.00180081, -0.613738, -0.0119082, -0.393335, -0.0293869, 1.71221, 0.711895, 0.00650353, -0.0109756, 0.00425679, 1.01602, 0.00311096, -0.00127595, 0.00173259, 0.406248, 0.686582, -0.336521, 0.233662, -0.159354, 0.185601, 0.268942, 0, 0, 0, 0, 0, 0, 0, 0, 0, 0, 0, 0, 0, 0
12.46, 2025-06-05__13-49-11.816275, -0.00175799, -0.613772, -0.0119174, -0.383216, -0.0293907, 1.71219, 0.711886, 0.00760643, 0.00383899, -0.00186834, 1.01347, -0.00699394, 0.000621731, -0.000613212, 0.359692, -0.431438, -0.270238, 0.774912, -0.105544, 0.243665, 0.277469, 0, 0, 0, 0, 0, 0, 0, 0, 0, 0, 0, 0, 0, 0
12.47, 2025-06-05__13-49-11.826273, -0.00174287, -0.613857, -0.0119131, -0.373078, -0.0293981, 1.71227, 0.711891, 0.000968902, -0.0144329, 0.00530256, 1.01293, 0.000304788, 0.0158649, 0.000472988, 0.469091, 1.02589, -0.352262, 0.0700128, -0.154614, 0.0991926, 0.272882, 0, 0, 0, 0, 0, 0, 0, 0, 0, 0, 0, 0, 0, 0
12.48, 2025-06-05__13-49-11.836267, -0.00169284, -0.613967, -0.0118873, -0.362909, -0.0293811, 1.71221, 0.711896, 0.00739839, -0.0131235, -0.00199357, 1.00733, -2.72461e-05, -0.00247214, 0.000299222, 0.353189, 0.776364, -0.27687, 0.218919, -0.143977, 0.186834, 0.273498, 0, 0, 0, 0, 0, 0, 0, 0, 0, 0, 0, 0, 0, 0
12.49, 2025-06-05__13-49-11.846267, -0.00168255, -0.613958, -0.0119078, -0.35286, -0.0293979, 1.71221, 0.711892, 0.000229054, -0.00285981, 0.000428462, 1.00497, -0.000425029, -0.00449111, -0.000736591, 0.45377, -0.058773, -0.305231, 0.627239, -0.136997, 0.241974, 0.277555, 0, 0, 0, 0, 0, 0, 0, 0, 0, 0, 0, 0, 0, 0
12.5, 2025-06-05__13-49-11.856266, -0.00166246, -0.614083, -0.0118814, -0.342722, -0.0293896, 1.71225, 0.71189, 0.0037398, -0.012782, 0.00266634, 1.01487, 0.00100416, -0.00405066, 0.000420017, 0.419671, 1.13261, -0.304925, 0.0292053, -0.156348, 0.162823, 0.273173, 0, 0, 0, 0, 0, 0, 0, 0, 0, 0, 0, 0, 0, 0
12.51, 2025-06-05__13-49-11.866267, -0.00162601, -0.614128, -0.0118806, -0.332667, -0.0293869, 1.71223, 0.711892, 0.00111296, 0.0014006, -0.00152031, 1.00716, -0.000395252, -0.000934207, 0.000105622, 0.433627, -0.0906744, -0.277943, 0.636133, -0.134888, 0.226756, 0.274787, 0, 0, 0, 0, 0, 0, 0, 0, 0, 0, 0, 0, 0, 0
12.52, 2025-06-05__13-49-11.876238, -0.00161572, -0.614172, -0.0118816, -0.322672, -0.0293954, 1.71227, 0.711896, 0.00150992, -0.00797859, 0.00278428, 1.00824, -9.06013e-05, 0.00605113, 0.000523637, 0.447596, 0.698896, -0.29424, 0.252704, -0.147275, 0.151736, 0.272691, 0, 0, 0, 0, 0, 0, 0, 0, 0, 0, 0, 0, 0, 0
12.53, 2025-06-05__13-49-11.886267, -0.00157655, -0.614336, -0.011858, -0.311609, -0.02938, 1.71224, 0.71189, 0.00393687, -0.0154416, 0.00215888, 0.98837, 0.000603291, -0.00138373, -0.00137898, 0.408603, 0.697389, -0.274802, 0.319837, -0.149453, 0.191828, 0.278931, 0, 0, 0, 0, 0, 0, 0, 0, 0, 0, 0, 0, 0, 0
12.54, 2025-06-05__13-49-11.896267, -0.00155095, -0.614331, -0.01188, -0.301656, -0.0293983, 1.71226, 0.71189, 0.00248656, 0.00251657, -0.00314989, 0.993936, -0.00139237, 0.00259634, -0.000279795, 0.40443, -0.38896, -0.238704, 0.821335, -0.124711, 0.235004, 0.276134, 0, 0, 0, 0, 0, 0, 0, 0, 0, 0, 0, 0, 0, 0
12.55, 2025-06-05__13-49-11.906266, -0.00153523, -0.614427, -0.011853, -0.292677, -0.0293916, 1.71228, 0.711887, 0.00289646, -0.00990719, -0.000346423, 0.994503, 0.000729493, -0.00201513, -0.000311384, 0.408003, 0.606027, -0.255252, 0.348666, -0.146283, 0.191473, 0.275836, 0, 0, 0, 0, 0, 0, 0, 0, 0, 0, 0, 0, 0, 0
12.56, 2025-06-05__13-49-11.916266, -0.00149617, -0.61452, -0.0118336, -0.281672, -0.029385, 1.71226, 0.71189, 0.00840983, -0.00513868, -0.00123719, 1.00131, -4.03197e-06, 1.48915e-05, -0.000425407, 0.326487, 0.606244, -0.21736, -0.259027, -0.139907, 0.180806, 0.275592, 0, 0, 0, 7, 0, 0, 0, 0, 0, 0, 0, 0, 0, 0
12.57, 2025-06-05__13-49-11.926273, -0.00147798, -0.614573, -0.0118327, -0.271835, -0.0293918, 1.71229, 0.711893, 0.00398827, -0.0121873, 0.0021268, 0.98345, -0.000414902, 0.00529394, 0.00042107, 0.397781, 0.580928, -0.242615, -0.277259, -0.142483, 0.170426, 0.273094, 0, 0, 0, 7, 0, 0, 0, 0, 0, 0, 0, 0, 0, 0
12.58, 2025-06-05__13-49-11.936271, -0.00146599, -0.614762, -0.0118058, -0.262069, -0.0293794, 1.71228, 0.711897, 0.00503619, -0.0201498, 0.00419863, 0.976112, 0.00149159, -0.00254434, 0.00114714, 0.38925, 1.07007, -0.24762, -0.622337, -0.157029, 0.17416, 0.270473, 0, 0, 0, 7, 0, 0, 0, 0, 0, 0, 0, 0, 0, 0
12.59, 2025-06-05__13-49-11.946267, -0.00143657, -0.614928, -0.0118156, -0.253477, -0.0293878, 1.71228, 0.711896, 0.00112879, -0.0164256, -0.00136837, 0.950356, -0.000675985, -0.0017761, 0.00102242, 0.415793, 0.100448, -0.230818, -0.247554, -0.136142, 0.241883, 0.272024, 0, 0, 0, 7, 0, 0, 0, 0, 0, 0, 0, 0, 0, 0
12.6, 2025-06-05__13-49-11.956266, -0.00141936, -0.615165, -0.0117997, -0.244079, -0.0293918, 1.71232, 0.711897, 0.00351031, -0.0328964, 0.000810975, 0.938728, -0.000171912, 0.00597751, -2.79873e-05, 0.383159, 1.16748, -0.235329, -0.949056, -0.149814, 0.153991, 0.274487, 0, 0, 0, 7, 0, 0, 0, 0, 0, 0, 0, 0, 0, 0
12.61, 2025-06-05__13-49-11.966266, -0.00139365, -0.615599, -0.011781, -0.233892, -0.0293829, 1.71231, 0.711895, 0.00290586, -0.0468374, 0.000425672, 0.923566, -0.00688575, 0.000878765, 0.000139195, 0.374492, 2.07595, -0.239615, -1.61534, -0.138994, 0.125459, 0.274357, 0, 0, 0, 7, 0, 0, 0, 0, 0, 0, 0, 0, 0, 0
12.62, 2025-06-05__13-49-11.976219, -0.0013688, -0.615873, -0.0117868, -0.225859, -0.0293931, 1.71232, 0.711897, 0.00185372, -0.0305955, 0.000917927, 0.886955, -0.0016204, 0.0021962, 0.000223289, 0.39982, -0.0174817, -0.220589, -0.745159, -0.132621, 0.265423, 0.27485, 0, 0, 0, 7, 0, 0, 0, 0, 0, 0, 0, 0, 0, 0
12.63, 2025-06-05__13-49-11.986266, -0.00135795, -0.61632, -0.0117704, -0.217171, -0.0293833, 1.71237, 0.711896, -0.00115451, -0.0657302, 0.000381863, 0.853158, -5.74251e-05, 0.00281723, -0.000158638, 0.427511, 1.80875, -0.254642, -1.79128, -0.162172, 0.167993, 0.275859, 0, 0, 0, 7, 0, 0, 0, 0, 0, 0, 0, 0, 0, 0
12.64, 2025-06-05__13-49-11.996272, -0.00132721, -0.617123, -0.0117583, -0.207893, -0.0293871, 1.71237, 0.711898, 0.00255988, -0.0752663, 0.00161406, 0.831527, -0.000589409, 0.00134811, 0.000555883, 0.362002, 2.6002, -0.249413, -2.40061, -0.168266, 0.136847, 0.273262, 0, 0, 0, 7, 0, 0, 0, 0, 0, 0, 0, 0, 0, 0
12.65, 2025-06-05__13-49-12.006266, -0.00130517, -0.617727, -0.01176, -0.199988, -0.0293846, 1.71239, 0.711899, 0.00206756, -0.0598689, 0.000625765, 0.771888, 0.000140475, 0.00107853, -6.36113e-05, 0.370504, 0.131757, -0.219945, -1.28564, -0.141997, 0.317352, 0.276612, 0, 0, 0, 7, 0, 0, 0, 0, 0, 0, 0, 0, 0, 0
12.66, 2025-06-05__13-49-12.016270, -0.00129711, -0.618441, -0.0117436, -0.193184, -0.0293799, 1.71242, 0.711897, 0.00374345, -0.0979707, 0.000728648, 0.749559, -0.000157059, 0.00275184, -0.000514231, 0.322652, 2.83925, -0.247957, -2.71941, -0.172604, 0.157142, 0.277204, 0, 0, 0, 7, 0, 0, 0, 0, 0, 0, 0, 0, 0, 0
12.67, 2025-06-05__13-49-12.026269, -0.00129685, -0.619613, -0.0117419, -0.185967, -0.0293793, 1.71248, 0.7119, 0.00187309, -0.116256, 0.000296279, 0.713474, 0.000188897, 0.00323073, 0.00087465, 0.338134, 4.15785, -0.272742, -3.44479, -0.1911, 0.0900291, 0.272818, 0, 0, 0, 7, 0, 0, 0, 0, 0, 0, 0, 0, 0, 0
12.68, 2025-06-05__13-49-12.036269, -0.00126653, -0.620632, -0.0117439, -0.17928, -0.0293819, 1.71256, 0.711897, -0.00026158, -0.0942152, -0.000221925, 0.660724, -0.000350417, 0.00675118, 0.000163242, 0.372939, 1.91584, -0.251626, -2.38461, -0.16381, 0.235975, 0.276532, 0, 0, 0, 7, 0, 0, 0, 0, 0, 0, 0, 0, 0, 0
12.69, 2025-06-05__13-49-12.046269, -0.001261, -0.621642, -0.0117286, -0.173078, -0.029375, 1.71262, 0.711895, 0.00029384, -0.111939, 0.00239046, 0.619815, 0.00126438, 0.0104067, -0.00133802, 0.363478, 2.8787, -0.270787, -2.86249, -0.182638, 0.182055, 0.280965, 0, 0, 0, 7, 0, 0, 0, 0, 0, 0, 0, 0, 0, 0
12.7, 2025-06-05__13-49-12.056266, -0.00125926, -0.623208, -0.011729, -0.167228, -0.0293771, 1.71275, 0.711894, 0.00599653, -0.158877, -0.00246747, 0.578701, -0.000497152, 0.0136855, 0.000102668, 0.219924, 6.47742, -0.289264, -4.57398, -0.212894, -0.0354142, 0.275584, 0, 0, 0, 7, 0, 0, 0, 0, 0, 0, 0, 0, 0, 0
12.71, 2025-06-05__13-49-12.066267, -0.00123105, -0.6246, -0.0117336, -0.161841, -0.0293802, 1.71282, 0.711894, 0.00492166, -0.122812, -0.00192443, 0.531642, 0.000471137, 0.00555404, -0.000922626, 0.24472, 3.78863, -0.263797, -3.22707, -0.185978, 0.178241, 0.280277, 0, 0, 0, 7, 0, 0, 0, 0, 0, 0, 0, 0, 0, 0
12.72, 2025-06-05__13-49-12.076269, -0.00122128, -0.625733, -0.0117199, -0.156888, -0.0293774, 1.71295, 0.7119, -0.000752177, -0.130991, 0.000567699, 0.482393, -1.88283e-05, 0.0169141, 0.0023765, 0.342396, 3.9588, -0.295533, -3.22764, -0.192123, 0.143849, 0.270357, 0, 0, 0, 7, 0, 0, 0, 0, 0, 0, 0, 0, 0, 0
12.73, 2025-06-05__13-49-12.086268, -0.00121882, -0.627609, -0.0117137, -0.15182, -0.0293763, 1.71319, 0.711901, 0.00169899, -0.173232, 0.00064837, 0.452758, 0.000271168, 0.0232982, 0.000363344, 0.271164, 7.959, -0.343207, -5.10448, -0.238774, -0.122758, 0.274967, 0, 0, 0, 7, 0, 0, 0, 0, 0, 0, 0, 0, 0, 0
12.74, 2025-06-05__13-49-12.096269, -0.00118271, -0.629109, -0.0117215, -0.147503, -0.0293819, 1.71336, 0.711895, 0.000762577, -0.135935, -0.00116328, 0.415799, -7.14506e-05, 0.0208431, -0.00130643, 0.283103, 5.66933, -0.314514, -3.92428, -0.209704, 0.0353433, 0.28167, 0, 0, 0, 7, 0, 0, 0, 0, 0, 0, 0, 0, 0, 0
12.75, 2025-06-05__13-49-12.106266, -0.00116915, -0.630133, -0.0117109, -0.144008, -0.0293755, 1.71346, 0.711899, 0.000446964, -0.115706, 0.00212715, 0.377854, 0.00151216, 0.0152705, 0.000471368, 0.303797, 4.03635, -0.306046, -3.03545, -0.198962, 0.169785, 0.276877, 0, 0, 0, 7, 0, 0, 0, 0, 0, 0, 0, 0, 0, 0
12.76, 2025-06-05__13-49-12.116269, -0.00118602, -0.631871, -0.0117039, -0.140033, -0.0293706, 1.71371, 0.711901, -0.000330762, -0.159849, 0.00189972, 0.357494, -0.000519328, 0.0243118, 0.000287807, 0.290562, 8.33955, -0.367092, -5.04293, -0.243772, -0.132046, 0.27593, 0, 0, 0, 7, 0, 0, 0, 0, 0, 0, 0, 0, 0, 0
12.77, 2025-06-05__13-49-12.126268, -0.00113277, -0.633417, -0.0117096, -0.136704, -0.0293768, 1.71389, 0.711905, 0.0118407, -0.133814, -0.000370214, 0.327943, -0.000123819, 0.0190249, 0.000375454, 0.0525232, 7.13748, -0.308306, -6.58194, -0.219755, -0.0325484, 0.275505, 0, 0, 0, 8, 0, 0, 0, 0, 0, 0, -2.2106, 0, 0, 0
12.78, 2025-06-05__13-49-12.136268, -0.00111839, -0.634396, -0.0117014, -0.134143, -0.0293741, 1.71405, 0.711903, 0.0017943, -0.11286, 0.000528239, 0.258673, 6.8007e-05, 0.0209232, -0.000279042, 0.244625, 4.38418, -0.314253, -7.51532, -0.196728, 0.155914, 0.279809, 0, 0, 0, 8, 0, 0, 0, 0, 0, 0, -4.6817, 0, 0, 0
12.79, 2025-06-05__13-49-12.146269, -0.00113765, -0.63601, -0.0117036, -0.132249, -0.0293685, 1.71446, 0.711902, -0.000283903, -0.197857, 0.00123639, 0.140645, 3.98071e-05, 0.0526859, 1.37739e-05, 0.252293, 8.25417, -0.388192, -11.2214, -0.244771, -0.158671, 0.27819, 0, 0, 0, 8, 0, 0, 0, 0, 0, 0, -6.90413, 0, 0, 0
12.8, 2025-06-05__13-49-12.156268, -0.00112608, -0.638361, -0.0117066, -0.131715, -0.0293738, 1.71519, 0.711903, -0.000122307, -0.235311, -0.00151348, 0.0176134, -0.000825734, 0.0752988, 5.73323e-05, 0.21698, 9.37227, -0.410185, -12.0666, -0.253022, -0.284491, 0.2784, 0, 0, 0, 8, 0, 0, 0, 0, 0, 0, -7.60088, 0, 0, 0
12.81, 2025-06-05__13-49-12.166269, -0.00110837, -0.640457, -0.0117039, -0.132676, -0.0293755, 1.71598, 0.711896, 0.00138339, -0.206371, -0.00295904, -0.131316, -0.000160439, 0.0841246, -0.000761331, 0.195938, 4.6371, -0.356992, -8.09468, -0.197805, 0.0124672, 0.284016, 0, 0, 0, 8, 0, 0, 0, 0, 0, 0, -6.37067, 0, 0, 0
12.82, 2025-06-05__13-49-12.176268, -0.00114776, -0.643066, -0.0116954, -0.134891, -0.0293708, 1.71697, 0.711897, -0.000783561, -0.28989, 1.0581e-05, -0.245291, 0.000243233, 0.0994107, -0.000104538, 0.2148, 9.55832, -0.451943, -7.62204, -0.262327, -0.338608, 0.280851, 0, 0, 0, 8, 0, 0, 0, 0, 0, 0, -3.90275, 0, 0, 0
12.83, 2025-06-05__13-49-12.186269, -0.00115644, -0.646307, -0.0117038, -0.137756, -0.0293728, 1.71796, 0.7119, -9.36092e-05, -0.311156, -0.000719877, -0.289113, -0.000520219, 0.0948365, 0.00074645, 0.176656, 13.0419, -0.500189, -6.59467, -0.300792, -0.565507, 0.27719, 0, 0, 0, 8, 0, 0, 0, 0, 0, 0, -1.34617, 0, 0, 0
12.84, 2025-06-05__13-49-12.196271, -0.00112561, -0.648565, -0.0117073, -0.140696, -0.0293791, 1.71862, 0.711906, 0.00158351, -0.197471, -0.00103722, -0.284892, -0.000191792, 0.0582072, 0.000169192, 0.174528, 7.45891, -0.419356, -2.58073, -0.235152, -0.124213, 0.281053, 0, 0, 0, 8, 0, 0, 0, 0, 0, 0, 0, 0, 0, 0
12.85, 2025-06-05__13-49-12.206272, -0.00116995, -0.650581, -0.0116852, -0.143397, -0.0293666, 1.71909, 0.711904, -0.0046452, -0.200005, 0.00267424, -0.231569, 0.00018824, 0.042423, -0.000169165, 0.302903, 11.5217, -0.499729, -4.69446, -0.293172, -0.370418, 0.280595, 0, 0, 0, 8, 0, 0, 0, 0, 0, 0, 0, 0, 0, 0
12.86, 2025-06-05__13-49-12.216269, -0.00117267, -0.652403, -0.0117006, -0.145038, -0.0293702, 1.71938, 0.711902, 0.00289567, -0.190774, -0.000858761, -0.166148, -0.00076555, 0.031065, 0.001132, 0.134434, 14.9664, -0.503668, -6.55127, -0.322317, -0.59027, 0.274653, 0, 0, 0, 8, 0, 0, 0, 0, 0, 0, 0, 0, 0, 0
12.87, 2025-06-05__13-49-12.226267, -0.00108431, -0.653234, -0.0117107, -0.146346, -0.0293823, 1.71943, 0.711904, 0.0102171, -0.0486531, -0.000510696, -0.123486, 7.39458e-05, -0.00226194, 0.000536218, 0.0265596, 7.14265, -0.366449, -2.93112, -0.225952, -0.0112217, 0.278769, 0, 0, 0, 8, 0, 0, 0, 0, 0, 0, 0, 0, 0, 0
12.88, 2025-06-05__13-49-12.236267, -0.00109442, -0.653427, -0.0116909, -0.147194, -0.0293654, 1.71946, 0.711895, -0.00301516, -0.0353699, 0.00269233, -0.0731386, 0.00203668, 0.00394924, -0.000851649, 0.299483, 8.13388, -0.428014, -3.57412, -0.256321, -0.124374, 0.283008, 0, 0, 0, 8, 0, 0, 0, 0, 0, 0, 0, 0, 0, 0
12.89, 2025-06-05__13-49-12.246268, -0.00109556, -0.654049, -0.0117155, -0.147514, -0.0293728, 1.71948, 0.711902, 0.00436359, -0.0390592, -0.00316498, -0.0169143, -0.00143976, -0.00343028, 0.000181621, 0.123025, 10.9067, -0.417596, -5.079, -0.267487, -0.29895, 0.278052, 0, 0, 0, 8, 0, 0, 0, 0, 0, 0, 0, 0, 0, 0
12.9, 2025-06-05__13-49-12.256268, -0.000974292, -0.653751, -0.0117293, -0.14762, -0.0293965, 1.71949, 0.711902, 0.0119959, 0.0497669, -0.00104827, -0.0163564, -0.00486083, 0.00103347, -0.00168509, -0.00934811, 4.38185, -0.298354, -1.96181, -0.169823, 0.0868893, 0.285474, 0, 0, 0, 8, 0, 0, 0, 0, 0, 0, 0, 0, 0, 0
12.91, 2025-06-05__13-49-12.266269, -0.000957208, -0.653071, -0.0117022, -0.1479, -0.0293762, 1.71949, 0.711901, -0.00189131, 0.0558733, 0.00472424, -0.0346376, 0.00610224, -0.00275238, -4.70574e-05, 0.290229, 2.61099, -0.34451, -1.05458, -0.201743, 0.21874, 0.28146, 0, 0, 0, 8, 0, 0, 0, 0, 0, 0, 0, 0, 0, 0
12.92, 2025-06-05__13-49-12.276269, -0.000948192, -0.652917, -0.0117087, -0.148049, -0.0293762, 1.71944, 0.711899, 0.00343598, 0.0181168, -0.0023261, -0.00399703, -0.00114551, -0.00800104, -0.000938372, 0.134991, 6.10129, -0.349645, -2.82026, -0.210459, 0.00911787, 0.283155, 0, 0, 0, 8, 0, 0, 0, 0, 0, 0, 0, 0, 0, 0
12.93, 2025-06-05__13-49-12.286268, -0.000858489, -0.65234, -0.0117239, -0.14794, -0.0293968, 1.71945, 0.711908, 0.0110402, 0.080186, -0.000866933, 0.00829062, 0.000592365, 0.000447633, -0.00121872, 0.00323636, 1.58036, -0.258734, -0.701603, -0.15389, 0.251012, 0.284186, 0, 0, 0, 8, 0, 0, 0, 0, 0, 0, 0, 0, 0, 0
12.94, 2025-06-05__13-49-12.296270, -0.00084613, -0.651294, -0.0117104, -0.147976, -0.0293786, 1.71951, 0.711904, -0.00135421, 0.102647, -0.00149137, -0.0131705, 0.00041092, 0.00613461, -0.00098511, 0.25378, -1.80517, -0.258368, 0.981488, -0.123055, 0.445125, 0.285766, 0, 0, 0, 8, 0, 0, 0, 0, 0, 0, 0, 0, 0, 0
12.95, 2025-06-05__13-49-12.306270, -0.000854783, -0.65084, -0.011706, -0.148062, -0.029388, 1.71947, 0.711907, 0.000928093, 0.0337838, -0.000806307, -0.00136492, -0.0014505, -0.00381187, 0.00115784, 0.181748, 2.91469, -0.313246, -1.30764, -0.172144, 0.186834, 0.277413, 0, 0, 0, 8, 0, 0, 0, 0, 0, 0, 0, 0, 0, 0
12.96, 2025-06-05__13-49-12.316271, -0.000814838, -0.650559, -0.0117117, -0.147927, -0.0293882, 1.71946, 0.711904, 0.00358837, 0.0454601, -1.46166e-05, 0.0196924, 0.0001933, -0.0011648, 0.000605712, 0.129757, 2.5192, -0.295791, -1.18771, -0.170107, 0.191459, 0.278773, 0, 0, 0, 8, 0, 0, 0, 0, 0, 0, 0, 0, 0, 0
12.97, 2025-06-05__13-49-12.326271, -0.000813572, -0.649347, -0.0117172, -0.14786, -0.0293884, 1.7195, 0.711901, 0.00257836, 0.109821, 0.000405556, -0.00724859, -0.00067709, -0.00107845, -0.000129639, 0.189593, -4.19553, -0.213458, 2.11, -0.0882802, 0.616361, 0.283917, 0, 0, 0, 8, 0, 0, 0, 0, 0, 0, 0, 0, 0, 0
12.98, 2025-06-05__13-49-12.336269, -0.000814511, -0.648721, -0.0117038, -0.147948, -0.0293884, 1.71949, 0.711903, 0.000914696, 0.0225244, 0.001969, -0.0024896, 0.0010537, -0.00465564, 0.000132511, 0.190261, 1.43476, -0.298428, -0.595503, -0.163955, 0.280929, 0.280993, 0, 0, 0, 8, 0, 0, 0, 0, 0, 0, 0, 0, 0, 0
12.99, 2025-06-05__13-49-12.346270, -0.000814181, -0.648597, -0.0117133, -0.147798, -0.0293867, 1.71946, 0.711905, -0.000240528, 0.0269133, -0.00775764, 0.0189443, -0.000568137, 0.00461184, 0.000129178, 0.17809, 1.74322, -0.282523, -0.819148, -0.156462, 0.217419, 0.280975, 0, 0, 0, 8, 0, 0, 0, 0, 0, 0, 0, 0, 0, 0
13, 2025-06-05__13-49-12.356268, -0.000769137, -0.647718, -0.0117257, -0.14769, -0.0293978, 1.71949, 0.711905, 0.00486356, 0.102393, -0.00126719, 0.00391701, -0.00089524, 0.00248045, -0.000543525, 0.133842, -5.00251, -0.18671, 2.45787, -0.0735416, 0.647908, 0.285, 0, 0, 0, 8, 0, 0, 0, 0, 0, 0, 0, 0, 0, 0
13.01, 2025-06-05__13-49-12.366272, -0.000786547, -0.647106, -0.0117038, -0.147792, -0.0293794, 1.71947, 0.711899, -0.00818079, 0.0272795, 0.000647438, -0.0093687, 0.00188102, -0.010256, -0.000723586, 0.360901, -0.866941, -0.297151, 0.529054, -0.146211, 0.446293, 0.28538, 0, 0, 0, 8, 0, 0, 0, 0, 0, 0, 0, 0, 0, 0
13.02, 2025-06-05__13-49-12.376268, -0.000789734, -0.647113, -0.0117021, -0.14767, -0.0293786, 1.71946, 0.7119, 0.00208119, 0.00940169, -0.00246831, 0.023646, -0.00118762, 0.00326871, -0.000448029, 0.14694, 1.56751, -0.280711, -0.748476, -0.153587, 0.231324, 0.282621, 0, 0, 0, 8, 0, 0, 0, 0, 0, 0, 0, 0, 0, 0
13.03, 2025-06-05__13-49-12.386268, -0.00072909, -0.646578, -0.0117256, -0.147504, -0.0294071, 1.71949, 0.711902, 0.00149898, 0.0691072, -0.000419507, 0.00976029, -0.000363264, 0.00218727, 0.000164519, 0.179647, -3.66788, -0.215241, 1.80057, -0.093365, 0.56334, 0.282562, 0, 0, 0, 8, 0, 0, 0, 0, 0, 0, 0, 0, 0, 0
13.04, 2025-06-05__13-49-12.396268, -0.000742636, -0.645994, -0.0116881, -0.147582, -0.0293767, 1.71951, 0.711899, -0.0097138, 0.0350797, 0.0049075, -0.0100573, 0.00152221, -0.00145223, -0.00151801, 0.404273, -2.56891, -0.285528, 1.34059, -0.127192, 0.51742, 0.288107, 0, 0, 0, 8, 0, 0, 0, 0, 0, 0, 0, 0, 0, 0
13.05, 2025-06-05__13-49-12.406268, -0.000759148, -0.646139, -0.011696, -0.147503, -0.0293841, 1.71947, 0.71191, 0.000467535, -0.0131962, -0.00115237, 0.0227795, -0.00178409, -0.00105511, 0.000427409, 0.167729, 2.08251, -0.294424, -0.989669, -0.15952, 0.215007, 0.279443, 0, 0, 0, 8, 0, 0, 0, 0, 0, 0, 0, 0, 0, 0
13.06, 2025-06-05__13-49-12.416269, -0.000686208, -0.645953, -0.011708, -0.147263, -0.0293961, 1.71949, 0.711911, 0.0119111, 0.0322223, 0.00103709, 0.0178488, 0.000338886, 0.002501, -0.000253822, -0.034092, -1.45018, -0.209129, 0.715684, -0.114944, 0.423147, 0.281707, 0, 0, 0, 8, 0, 0, 0, 0, 0, 0, 0, 0, 0, 0
13.07, 2025-06-05__13-49-12.426267, -0.000722112, -0.645563, -0.0116975, -0.147271, -0.0293855, 1.7195, 0.711911, -0.00538331, 0.0280095, 0.00080671, -0.00764892, 0.00119077, -0.00177437, -0.000360918, 0.301223, -2.4492, -0.261918, 1.27581, -0.121085, 0.510694, 0.283863, 0, 0, 0, 8, 0, 0, 0, 0, 0, 0, 0, 0, 0, 0
13.08, 2025-06-05__13-49-12.436267, -0.000712448, -0.645684, -0.0116964, -0.147276, -0.0293906, 1.71948, 0.711911, 0.00353428, -0.0134299, 0.000658147, 0.0114852, -0.00100794, 0.000497451, -0.000172986, 0.108059, 1.25007, -0.275504, -0.554946, -0.149985, 0.266785, 0.281258, 0, 0, 0, 8, 0, 0, 0, 0, 0, 0, 0, 0, 0, 0
13.09, 2025-06-05__13-49-12.446266, -0.000662558, -0.645712, -0.0117024, -0.147033, -0.0293904, 1.7195, 0.711911, 0.000525685, 0.00338294, 0.000576701, 0.0208341, 5.65429e-05, 0.00251943, 0.000508235, 0.157643, 0.420673, -0.271172, -0.190414, -0.144971, 0.304041, 0.279419, 0, 0, 0, 8, 0, 0, 0, 0, 0, 0, 0, 0, 0, 0
13.1, 2025-06-05__13-49-12.456268, -0.000663771, -0.645574, -0.0116967, -0.146989, -0.0293857, 1.7195, 0.711903, -9.60382e-05, 0.0093606, 0.00111675, -0.00122908, 7.78981e-07, 0.00965007, -0.000772048, 0.178268, -0.857062, -0.259969, 0.488517, -0.130416, 0.36862, 0.284263, 0, 0, 0, 8, 0, 0, 0, 0, 0, 0, 0, 0, 0, 0
13.11, 2025-06-05__13-49-12.466267, -0.000659033, -0.645671, -0.0116993, -0.14702, -0.0293852, 1.71948, 0.711909, 0.000585927, -0.0149412, 0.000620101, 0.00611183, 0.000182307, -0.000766869, 0.00108884, 0.148159, 1.15656, -0.283104, -0.49241, -0.155028, 0.279658, 0.277684, 0, 0, 0, 8, 0, 0, 0, 0, 0, 0, 0, 0, 0, 0
13.12, 2025-06-05__13-49-12.476272, -0.000646137, -0.645759, -0.0117024, -0.146834, -0.029389, 1.71951, 0.711909, -0.00164297, -0.00433017, -0.000939865, 0.0196523, -0.000205974, 0.00338878, -0.000140825, 0.184215, 0.975169, -0.282131, -0.45277, -0.151331, 0.266383, 0.281494, 0, 0, 0, 8, 0, 0, 0, 0, 0, 0, 0, 0, 0, 0
13.13, 2025-06-05__13-49-12.486269, -0.000642106, -0.645745, -0.0117056, -0.146733, -0.0293888, 1.71952, 0.711908, 0.000861709, 0.0011289, -0.00448232, 0.00321793, 0.000441301, 0.00117059, -1.29447e-05, 0.128073, 0.0128647, -0.25594, 0.061791, -0.1385, 0.342041, 0.281666, 0, 0, 0, 8, 0, 0, 0, 0, 0, 0, 0, 0, 0, 0
13.14, 2025-06-05__13-49-12.496271, -0.000622745, -0.645822, -0.0116941, -0.146647, -0.0293857, 1.71949, 0.711909, 0.00702684, -0.0177115, 0.000685088, 0.0114296, -0.000307971, 0.00105795, -0.000157532, 0.0154008, 1.70158, -0.265268, -0.770279, -0.15416, 0.237, 0.280767, 0, 0, 0, 8, 0, 0, 0, 0, 0, 0, 0, 0, 0, 0
13.15, 2025-06-05__13-49-12.506268, -0.000629885, -0.645893, -0.011696, -0.14647, -0.0293888, 1.71951, 0.711904, -0.00162992, -0.00489511, 0.00116183, 0.0168309, -6.77637e-05, 0.000692662, -0.000672879, 0.185954, 1.05214, -0.287278, -0.478576, -0.15398, 0.273007, 0.283287, 0, 0, 0, 8, 0, 0, 0, 0, 0, 0, 0, 0, 0, 0
13.16, 2025-06-05__13-49-12.516268, -0.000610005, -0.645896, -0.0116964, -0.14634, -0.0293881, 1.7195, 0.711908, 0.00643982, -0.00207832, 0.00185003, 0.00889104, 0.000196729, -0.00202881, 1.62793e-05, 0.0337222, 0.58242, -0.254814, -0.225217, -0.143568, 0.317835, 0.280717, 0, 0, 0, 8, 0, 0, 0, 0, 0, 0, 0, 0, 0, 0
13.17, 2025-06-05__13-49-12.526268, -0.000608378, -0.645908, -0.0117017, -0.146226, -0.0293881, 1.71951, 0.711905, -0.00411232, -0.000949576, -0.00165583, 0.0145674, 0.000177946, 0.000876361, -0.00119348, 0.218301, 0.711661, -0.284819, -0.309283, -0.150814, 0.293938, 0.285229, 0, 0, 0, 8, 0, 0, 0, 0, 0, 0, 0, 0, 0, 0
13.18, 2025-06-05__13-49-12.536267, -0.000621791, -0.645972, -0.0116971, -0.146071, -0.0293871, 1.71951, 0.711907, -0.000646521, -0.00308111, 0.000811121, 0.0137409, 0.000185166, 9.36502e-05, 0.00011712, 0.164509, 0.90184, -0.281334, -0.396234, -0.152177, 0.286082, 0.28076, 0, 0, 0, 8, 0, 0, 0, 0, 0, 0, 0, 0, 0, 0
13.19, 2025-06-05__13-49-12.546267, -0.000598925, -0.64596, -0.0116992, -0.145915, -0.0293884, 1.7195, 0.711909, -0.000970929, 6.38267e-05, 0.000232816, 0.0125964, -9.48752e-05, -0.000135827, -0.000264311, 0.163483, 0.62691, -0.2764, -0.260947, -0.147554, 0.304882, 0.281993, 0, 0, 0, 8, 0, 0, 0, 0, 0, 0, 0, 0, 0, 0
13.2, 2025-06-05__13-49-12.556267, -0.000598729, -0.645952, -0.0116939, -0.145789, -0.0293858, 1.71951, 0.711912, 4.21575e-05, 0.000984839, 0.00134487, 0.0131018, 0.000853103, 0.0010667, 2.22267e-05, 0.149957, 0.579115, -0.275024, -0.24011, -0.150079, 0.302922, 0.280793, 0, 0, 0, 8, 0, 0, 0, 0, 0, 0, 0, 0, 0, 0
13.21, 2025-06-05__13-49-12.566269, -0.000602989, -0.645971, -0.0116964, -0.145653, -0.0293889, 1.71951, 0.711906, 0.00249588, -0.00380696, -0.000198166, 0.0152526, -0.000390603, -0.000144628, 0.000148531, 0.0959474, 1.00212, -0.268334, -0.448629, -0.148074, 0.280201, 0.280511, 0, 0, 0, 8, 0, 0, 0, 0, 0, 0, 0, 0, 0, 0
13.22, 2025-06-05__13-49-12.576270, -0.00058755, -0.645974, -0.0117017, -0.145536, -0.0293872, 1.71951, 0.71191, 0.00686013, -0.000780698, -0.000824227, 0.00656368, 0.000731454, -0.00690051, 0.000291022, 0.00957662, 0.473267, -0.24627, -0.16324, -0.142341, 0.342567, 0.279984, 0, 0, 0, 8, 0, 0, 0, 0, 0, 0, 0, 0, 0, 0
13.23, 2025-06-05__13-49-12.586269, -0.000599186, -0.645974, -0.0116939, -0.145422, -0.0293881, 1.71951, 0.71191, -0.00184357, 0.000297499, 0.000552358, 0.0106339, -8.32346e-05, -0.00011389, -0.000504482, 0.181329, 0.560054, -0.279569, -0.222766, -0.147701, 0.309146, 0.28276, 0, 0, 0, 8, 0, 0, 0, 0, 0, 0, 0, 0, 0, 0
13.24, 2025-06-05__13-49-12.596270, -0.000586809, -0.645978, -0.0117017, -0.145338, -0.0293902, 1.71951, 0.711908, 0.00321591, 0.000235687, -0.00135582, 0.00760057, -0.000432483, -0.000317702, -0.000227757, 0.0758633, 0.466143, -0.256362, -0.167395, -0.14014, 0.317855, 0.28184, 0, 0, 0, 8, 0, 0, 0, 0, 0, 0, 0, 0, 0, 0
13.25, 2025-06-05__13-49-12.606269, -0.000580023, -0.645999, -0.0116971, -0.145237, -0.0293845, 1.71951, 0.711907, 0.0001924, -0.00446282, 1.18067e-05, 0.011541, 9.35207e-05, 0.000806663, 0.00018339, 0.133397, 0.956749, -0.275621, -0.415629, -0.151004, 0.281137, 0.280485, 0, 0, 0, 8, 0, 0, 0, 0, 0, 0, 0, 0, 0, 0
13.26, 2025-06-05__13-49-12.616268, -0.00058837, -0.645994, -0.0116992, -0.145145, -0.0293887, 1.71951, 0.71191, -0.00189857, -0.000128397, -0.0002077, 0.00713082, -0.000268731, 0.000731965, -4.22808e-05, 0.176073, 0.496124, -0.276957, -0.181367, -0.145732, 0.311721, 0.281427, 0, 0, 0, 8, 0, 0, 0, 0, 0, 0, 0, 0, 0, 0
13.27, 2025-06-05__13-49-12.626270, -0.000576484, -0.646007, -0.0116971, -0.145111, -0.0293849, 1.71951, 0.711913, -0.000231468, -0.00176251, 0.000544016, 0.00845327, 0.000290479, -0.000192077, 0.000423185, 0.143615, 0.667606, -0.274702, -0.26676, -0.148927, 0.304168, 0.279623, 0, 0, 0, 8, 0, 0, 0, 0, 0, 0, 0, 0, 0, 0
13.28, 2025-06-05__13-49-12.636269, -0.000580656, -0.646028, -0.0116992, -0.14509, -0.0293902, 1.71951, 0.711908, -0.000659696, -0.00122297, -0.000228872, 0.0036229, -0.000677157, 5.4561e-05, -0.000807812, 0.149786, 0.488341, -0.272377, -0.16565, -0.143196, 0.316691, 0.28385, 0, 0, 0, 8, 0, 0, 0, 0, 0, 0, 0, 0, 0, 0
13.29, 2025-06-05__13-49-12.646270, -0.000578571, -0.646033, -0.0116964, -0.145059, -0.0293872, 1.71951, 0.711913, 0.000388138, 0.000617775, 0.00040691, 0.000382943, 0.000248964, -0.000105519, 0.00027908, 0.13373, 0.256526, -0.267954, -0.0438896, -0.143375, 0.333535, 0.280266, 0, 0, 0, 8, 0, 0, 0, 0, 0, 0, 0, 0, 0, 0
13.3, 2025-06-05__13-49-12.656269, -0.000575682, -0.646056, -0.0116964, -0.145044, -0.0293891, 1.71951, 0.71191, 0.00062783, -6.98265e-05, 0.000152603, 0.0020566, -0.000187587, 8.05871e-05, -0.000378413, 0.126641, 0.385678, -0.267674, -0.111194, -0.142903, 0.323996, 0.282364, 0, 0, 0, 8, 0, 0, 0, 0, 0, 0, 0, 0, 0, 0
13.31, 2025-06-05__13-49-12.666269, -0.000572458, -0.646065, -0.0116992, -0.145031, -0.0293882, 1.71951, 0.711907, 0.00190641, -0.00153423, -0.00205518, 0.000256821, 7.17889e-05, 0.00128059, -0.000334811, 0.0937148, 0.441753, -0.259661, -0.132921, -0.142139, 0.317216, 0.282341, 0, 0, 0, 8, 0, 0, 0, 0, 0, 0, 0, 0, 0, 0
13.32, 2025-06-05__13-49-12.676269, -0.000578252, -0.646066, -0.0116964, -0.145018, -0.0293877, 1.71951, 0.711913, -0.00045796, -5.67307e-05, 0.00104219, 0.00558907, 0.000292685, -0.000207482, 0.000916231, 0.150679, 0.513781, -0.274918, -0.183837, -0.147517, 0.315181, 0.278197, 0, 0, 0, 8, 0, 0, 0, 0, 0, 0, 0, 0, 0, 0
13.33, 2025-06-05__13-49-12.686269, -0.00057529, -0.646074, -0.0116911, -0.145021, -0.0293889, 1.71951, 0.711914, 0.00344217, -0.00185337, -0.000212502, 0.00177721, 0.000210248, -0.000147926, -0.00061974, 0.0721696, 0.521339, -0.259459, -0.174624, -0.143525, 0.317058, 0.282686, 0, 0, 0, 8, 0, 0, 0, 0, 0, 0, 0, 0, 0, 0
13.34, 2025-06-05__13-49-12.696270, -0.000572179, -0.646073, -0.0116939, -0.145009, -0.0293871, 1.71951, 0.711912, -0.00392927, 0.000628255, 0.00105376, 0.00361516, 0.000294309, -0.000162438, -0.000425733, 0.214733, 0.405031, -0.285439, -0.12593, -0.14889, 0.322285, 0.282624, 0, 0, 0, 8, 0, 0, 0, 0, 0, 0, 0, 0, 0, 0
13.35, 2025-06-05__13-49-12.706268, -0.000566912, -0.646081, -0.0116964, -0.145008, -0.0293861, 1.71951, 0.711914, 0.00161567, -0.000529136, 0.00121949, 0.00157969, -0.00019017, 0.0096926, 0.000244862, 0.110106, 0.471595, -0.266497, -0.155529, -0.143087, 0.284338, 0.27993, 0, 0, 0, 8, 0, 0, 0, 0, 0, 0, 0, 0, 0, 0
13.36, 2025-06-05__13-49-12.716272, -0.000569198, -0.646076, -0.0116964, -0.145001, -0.0293895, 1.71951, 0.711912, 0.000267307, 0.000320901, 0.000571705, 0.00240356, -0.000260318, 0.000196185, 6.58246e-05, 0.132946, 0.391692, -0.269418, -0.115244, -0.143155, 0.322986, 0.280908, 0, 0, 0, 8, 0, 0, 0, 0, 0, 0, 0, 0, 0, 0
13.37, 2025-06-05__13-49-12.726269, -0.000568914, -0.646079, -0.0116939, -0.145003, -0.0293878, 1.71951, 0.711908, 0.0037329, 0.000836268, 0.00143383, 0.000932357, 2.50439e-05, -0.000144045, 0.000232595, 0.071653, 0.31041, -0.258565, -0.0707271, -0.141087, 0.330611, 0.280351, 0, 0, 0, 8, 0, 0, 0, 0, 0, 0, 0, 0, 0, 0
13.38, 2025-06-05__13-49-12.736269, -0.000556764, -0.646078, -0.0116939, -0.145002, -0.0293882, 1.71951, 0.711913, 0.00150623, 0.00112621, 0.00146851, -0.00178075, 0.000209797, 0.000145807, 0.000754162, 0.110549, 0.198139, -0.264649, -0.00867166, -0.142028, 0.337627, 0.278712, 0, 0, 0, 8, 0, 0, 0, 0, 0, 0, 0, 0, 0, 0
13.39, 2025-06-05__13-49-12.746270, -0.000565676, -0.646081, -0.0116992, -0.144999, -0.0293852, 1.71951, 0.711913, 0.00194615, -0.000688461, 0.00628974, -0.00111735, -0.000134223, -0.000150434, -0.000582953, 0.119942, 0.354342, -0.274794, -0.0845703, -0.14523, 0.329122, 0.282534, 0, 0, 0, 8, 0, 0, 0, 0, 0, 0, 0, 0, 0, 0
13.4, 2025-06-05__13-49-12.756267, -0.000560779, -0.646083, -0.0116992, -0.144989, -0.0293856, 1.71951, 0.711911, -0.000657874, 0.000191629, 0.000100573, 0.00154226, -0.000440208, -0.000113889, 0.00205902, 0.14578, 0.37706, -0.271097, -0.1055, -0.143043, 0.325274, 0.274957, 0, 0, 0, 8, 0, 0, 0, 0, 0, 0, 0, 0, 0, 0
13.41, 2025-06-05__13-49-12.766270, -0.000559752, -0.646081, -0.0116939, -0.144985, -0.029388, 1.71951, 0.711908, 0.000750119, 0.000909437, -0.000690782, 0.00028763, 0.000160638, 0.000311315, 0.00131446, 0.117668, 0.28455, -0.263956, -0.0572811, -0.142286, 0.330307, 0.27732, 0, 0, 0, 8, 0, 0, 0, 0, 0, 0, 0, 0, 0, 0
13.42, 2025-06-05__13-49-12.776270, -0.00055698, -0.646086, -0.0116964, -0.144984, -0.0293828, 1.71951, 0.711909, 0.00577922, -0.000152141, -4.63473e-05, 0.00323869, 0.000392655, 0.000175201, 0.000381433, 0.0243606, 0.466479, -0.249871, -0.152923, -0.141788, 0.318855, 0.279661, 0, 0, 0, 8, 0, 0, 0, 0, 0, 0, 0, 0, 0, 0
13.43, 2025-06-05__13-49-12.786271, -0.000570479, -0.646092, -0.0116964, -0.144976, -0.0293883, 1.71951, 0.711909, -0.00308826, -0.00118549, 0.00321192, 0.00289508, -0.000272715, 0.000445245, -0.00226584, 0.204543, 0.533111, -0.288002, -0.184676, -0.14882, 0.312852, 0.288222, 0, 0, 0, 8, 0, 0, 0, 0, 0, 0, 0, 0, 0, 0
13.44, 2025-06-05__13-49-12.796272, -0.000559729, -0.646089, -0.0116964, -0.144976, -0.0293884, 1.71951, 0.711914, 0.00131953, 0.00026103, -0.000107888, -0.000789134, -2.57173e-05, -0.000251778, 0.000203955, 0.108497, 0.300553, -0.263334, -0.0609424, -0.141704, 0.332068, 0.280408, 0, 0, 0, 8, 0, 0, 0, 0, 0, 0, 0, 0, 0, 0
13.45, 2025-06-05__13-49-12.806270, -0.000560303, -0.646092, -0.0116964, -0.144977, -0.0293863, 1.71951, 0.711911, 0.0034255, 0.00122704, 0.000284248, 0.000594812, -0.000147769, -0.000148568, -0.000853297, 0.0709206, 0.284033, -0.256373, -0.0572159, -0.139688, 0.332325, 0.28362, 0, 0, 0, 8, 0, 0, 0, 0, 0, 0, 0, 0, 0, 0
13.46, 2025-06-05__13-49-12.816269, -0.000560044, -0.646096, -0.0116964, -0.144972, -0.0293882, 1.71951, 0.71191, 0.000378778, 0.000239955, 0.000161141, 0.000339849, 0.000139976, 7.8511e-05, -0.00202268, 0.127303, 0.348719, -0.267591, -0.0879026, -0.143573, 0.327241, 0.287409, 0, 0, 0, 8, 0, 0, 0, 0, 0, 0, 0, 0, 0, 0
13.47, 2025-06-05__13-49-12.826272, -0.00056322, -0.646098, -0.0116957, -0.144965, -0.0293891, 1.71951, 0.711909, -0.000524114, -0.000258285, 0.000460462, -9.5762e-05, -0.000279087, -0.000393119, 0.000529716, 0.145406, 0.368606, -0.271718, -0.0958736, -0.143445, 0.327749, 0.279724, 0, 0, 0, 8, 0, 0, 0, 0, 0, 0, 0, 0, 0, 0
13.48, 2025-06-05__13-49-12.836266, -0.000559726, -0.646099, -0.0116992, -0.144962, -0.0293846, 1.71951, 0.711908, -0.00262269, 0.000929878, -0.000122643, 0.000583327, 4.24594e-05, 5.12593e-05, -0.000710996, 0.182421, 0.30954, -0.276744, -0.0704747, -0.145177, 0.32912, 0.283711, 0, 0, 0, 8, 0, 0, 0, 0, 0, 0, 0, 0, 0, 0
13.49, 2025-06-05__13-49-12.846269, -0.000559463, -0.646099, -0.0116992, -0.144962, -0.0293895, 1.71951, 0.711911, 0.00490669, 0.000382798, -0.00013425, 0.000361045, -0.000299886, -0.00277046, 0.000574054, 0.0403002, 0.331644, -0.251105, -0.0776817, -0.138438, 0.339146, 0.279225, 0, 0, 0, 8, 0, 0, 0, 0, 0, 0, 0, 0, 0, 0
13.5, 2025-06-05__13-49-12.856266, -0.000562826, -0.646097, -0.0116964, -0.144956, -0.0293884, 1.71951, 0.711913, -0.00885968, 0.00127906, -0.00029287, 2.90903e-05, -0.00021103, -0.000250422, -0.000206719, 0.299625, 0.259501, -0.297445, -0.0455771, -0.148437, 0.332619, 0.2824, 0, 0, 0, 8, 0, 0, 0, 0, 0, 0, 0, 0, 0, 0
13.51, 2025-06-05__13-49-12.866267, -0.000553374, -0.646102, -0.0117014, -0.144953, -0.0293878, 1.71951, 0.711917, 0.000225467, -0.0005769, -0.000219235, 0.00379827, 0.000125276, 0.000170215, -0.00175222, 0.125901, 0.528716, -0.268796, -0.185371, -0.145419, 0.313908, 0.28618, 0, 0, 0, 8, 0, 0, 0, 0, 0, 0, 0, 0, 0, 0
13.52, 2025-06-05__13-49-12.876267, -0.00054829, -0.646108, -0.0116992, -0.144952, -0.0293889, 1.71951, 0.711913, 0.00204837, -0.00217772, -0.000461106, 0.000258821, 0.000157695, -2.23617e-05, 0.00175777, 0.0888823, 0.528597, -0.262486, -0.173454, -0.144138, 0.316702, 0.275553, 0, 0, 0, 8, 0, 0, 0, 0, 0, 0, 0, 0, 0, 0
13.53, 2025-06-05__13-49-12.886268, -0.000551574, -0.646105, -0.0116964, -0.144953, -0.0293888, 1.71951, 0.711908, -0.00420937, -0.000938255, 0.000503341, -0.00112642, -8.71486e-05, -0.0001425, -0.000798666, 0.211224, 0.388718, -0.284318, -0.102782, -0.147039, 0.325669, 0.28405, 0, 0, 0, 8, 0, 0, 0, 0, 0, 0, 0, 0, 0, 0
13.54, 2025-06-05__13-49-12.896266, -0.000553653, -0.646102, -0.0116964, -0.144947, -0.0293852, 1.71951, 0.71191, 0.001097, 0.000721996, 0.000577179, 0.00109827, -8.73668e-05, 0.00063571, -0.000306527, 0.113422, 0.349625, -0.265457, -0.0909402, -0.142592, 0.324843, 0.282076, 0, 0, 0, 8, 0, 0, 0, 0, 0, 0, 0, 0, 0, 0
13.55, 2025-06-05__13-49-12.906267, -0.000545502, -0.646108, -0.0116964, -0.144944, -0.0293874, 1.71951, 0.711915, 0.00100612, -0.00111531, -0.00111557, 0.00126247, 0.000252515, 9.10328e-06, 0.00122305, 0.106127, 0.487013, -0.264082, -0.157095, -0.144427, 0.318454, 0.277186, 0, 0, 0, 8, 0, 0, 0, 0, 0, 0, 0, 0, 0, 0
13.56, 2025-06-05__13-49-12.916267, -0.000552835, -0.646108, -0.0116992, -0.144949, -0.0293891, 1.71951, 0.711914, 0.0039635, 0.000194167, 0.00277362, -7.04965e-05, -0.000247409, 0.00157479, -0.00100729, 0.0666423, 0.361057, -0.259892, -0.0923212, -0.140861, 0.321937, 0.283755, 0, 0, 0, 8, 0, 0, 0, 0, 0, 0, 0, 0, 0, 0
13.57, 2025-06-05__13-49-12.926267, -0.00055862, -0.646108, -0.0116992, -0.144946, -0.0293881, 1.71951, 0.711909, -6.95133e-05, 0.00137414, -0.000476405, 0.000865693, 2.77626e-05, 9.33498e-05, 0.00114843, 0.133027, 0.298603, -0.267035, -0.0658688, -0.142696, 0.329804, 0.277828, 0, 0, 0, 8, 0, 0, 0, 0, 0, 0, 0, 0, 0, 0
13.58, 2025-06-05__13-49-12.936265, -0.000556012, -0.646106, -0.0116964, -0.144945, -0.0293884, 1.71951, 0.711911, -0.000777691, 0.000811457, 0.000196867, -0.000106493, -0.000135098, 0.000388594, -0.00942488, 0.14849, 0.3046, -0.270409, -0.0656061, -0.142588, 0.329039, 0.310106, 0, 0, 0, 8, 0, 0, 0, 0, 0, 0, 0, 0, 0, 0
13.59, 2025-06-05__13-49-12.946268, -0.000552923, -0.646109, -0.0117016, -0.144942, -0.0293863, 1.71951, 0.711911, -0.000434578, 0.000862128, -0.00128527, -0.000962243, -5.92858e-05, 7.48664e-05, 0.00152457, 0.135125, 0.273024, -0.266197, -0.0478534, -0.141993, 0.3323, 0.276673, 0, 0, 0, 8, 0, 0, 0, 0, 0, 0, 0, 0, 0, 0
13.6, 2025-06-05__13-49-12.956267, -0.000553127, -0.646112, -0.0116964, -0.14494, -0.0293885, 1.7195, 0.711911, 0.00187074, -0.000386423, 0.000326207, 0.00152978, 6.79188e-05, -0.000425867, -0.0025789, 0.0973675, 0.44774, -0.263565, -0.1385, -0.14334, 0.323122, 0.288922, 0, 0, 0, 8, 0, 0, 0, 0, 0, 0, 0, 0, 0, 0
13.61, 2025-06-05__13-49-12.966268, -0.000553186, -0.646109, -0.0116964, -0.144931, -0.0293895, 1.71951, 0.711913, -0.00346802, 0.000876415, 0.000350916, 0.00232339, -0.000244306, 1.70827e-06, -8.49128e-05, 0.197679, 0.382148, -0.280928, -0.110882, -0.145707, 0.32378, 0.281567, 0, 0, 0, 8, 0, 0, 0, 0, 0, 0, 0, 0, 0, 0
13.62, 2025-06-05__13-49-12.976269, -0.000549428, -0.646109, -0.0116964, -0.144936, -0.0293878, 1.71951, 0.711915, -0.000304143, 0.000192853, 0.000673187, 0.000193831, 0.00014962, 0.000262375, -0.00691569, 0.13911, 0.361772, -0.270395, -0.0937133, -0.144217, 0.325898, 0.302152, 0, 0, 0, 8, 0, 0, 0, 0, 0, 0, 0, 0, 0, 0
13.63, 2025-06-05__13-49-12.986268, -0.000552121, -0.646114, -0.0117017, -0.144933, -0.0293885, 1.71951, 0.711912, 3.93283e-05, -0.000666101, -0.000858512, 0.00170493, 2.68006e-05, -0.000127034, -0.000480331, 0.12665, 0.475321, -0.267671, -0.152997, -0.144307, 0.319296, 0.282611, 0, 0, 0, 8, 0, 0, 0, 0, 0, 0, 0, 0, 0, 0
13.64, 2025-06-05__13-49-12.996270, -0.000549313, -0.646115, -0.0116992, -0.144928, -0.0293889, 1.71951, 0.711913, -0.000492165, 0.000521177, -0.000418647, 0.000295268, -2.94607e-05, 0.000138346, 0.000338215, 0.138112, 0.346739, -0.268773, -0.0870767, -0.143264, 0.326947, 0.280131, 0, 0, 0, 8, 0, 0, 0, 0, 0, 0, 0, 0, 0, 0
13.65, 2025-06-05__13-49-13.006269, -0.000546952, -0.646115, -0.0116939, -0.14493, -0.0293868, 1.71951, 0.71191, -0.000280698, -0.00123747, 0.00135523, 0.00163949, 0.000267388, 0.000120781, -0.00131105, 0.13938, 0.517729, -0.27384, -0.172855, -0.14715, 0.315982, 0.285125, 0, 0, 0, 8, 0, 0, 0, 0, 0, 0, 0, 0, 0, 0
13.66, 2025-06-05__13-49-13.016271, -0.000549493, -0.646115, -0.0116992, -0.144927, -0.0293882, 1.71951, 0.711913, 0.00095879, -0.000535941, -0.000254362, -0.000826913, 8.50691e-05, 3.03894e-06, 0.000257579, 0.111215, 0.383739, -0.264824, -0.100788, -0.143116, 0.325996, 0.280271, 0, 0, 0, 8, 0, 0, 0, 0, 0, 0, 0, 0, 0, 0
13.67, 2025-06-05__13-49-13.026271, -0.000546614, -0.646112, -0.0116992, -0.144932, -0.0293882, 1.71951, 0.711917, -0.00297611, -0.000241908, -0.00141248, -0.000549976, 0.000118197, 0.000160055, 0.00056683, 0.180284, 0.366951, -0.275701, -0.0945272, -0.145424, 0.325649, 0.279444, 0, 0, 0, 8, 0, 0, 0, 0, 0, 0, 0, 0, 0, 0
13.68, 2025-06-05__13-49-13.036266, -0.000543682, -0.646112, -0.0116939, -0.144925, -0.0293891, 1.71951, 0.71191, -0.00396515, -9.97788e-05, 0.00128775, 0.00156002, -0.000300986, -0.0001345, -0.000112015, 0.207239, 0.42843, -0.284796, -0.130352, -0.146935, 0.321848, 0.281766, 0, 0, 0, 8, 0, 0, 0, 0, 0, 0, 0, 0, 0, 0
13.69, 2025-06-05__13-49-13.046266, -0.000543365, -0.646115, -0.0116964, -0.14493, -0.0293857, 1.71951, 0.71191, 0.000230378, -0.000834028, 0.000358058, -0.000678818, -0.000262788, 0.000208936, -0.000180417, 0.125105, 0.410623, -0.26846, -0.114231, -0.143213, 0.323454, 0.281762, 0, 0, 0, 8, 0, 0, 0, 0, 0, 0, 0, 0, 0, 0
13.7, 2025-06-05__13-49-13.056266, -0.000543576, -0.646118, -0.0116964, -0.144924, -0.0293881, 1.71951, 0.711915, -0.00118411, -0.00165613, -6.81578e-05, 0.00130474, 0.000141067, -0.000248819, 0.00121605, 0.149751, 0.535647, -0.274209, -0.18052, -0.146889, 0.316113, 0.277296, 0, 0, 0, 8, 0, 0, 0, 0, 0, 0, 0, 0, 0, 0
13.71, 2025-06-05__13-49-13.066268, -0.000543836, -0.646118, -0.0116964, -0.144921, -0.0293882, 1.71951, 0.711915, -0.00240285, -0.000639943, 0.00067689, 0.000976785, 0.000111787, 0.000644168, 0.000270086, 0.175875, 0.45704, -0.278776, -0.142408, -0.147105, 0.317771, 0.280252, 0, 0, 0, 8, 0, 0, 0, 0, 0, 0, 0, 0, 0, 0
13.72, 2025-06-05__13-49-13.076268, -0.000540153, -0.646114, -0.0117016, -0.144929, -0.0293884, 1.71951, 0.711914, -0.00077292, 0.000919669, -0.00138984, -0.00131322, -0.000175419, -0.000369014, 0.000702162, 0.137414, 0.260208, -0.266289, -0.0403766, -0.141399, 0.334861, 0.27909, 0, 0, 0, 8, 0, 0, 0, 0, 0, 0, 0, 0, 0, 0
13.73, 2025-06-05__13-49-13.086220, -0.000537355, -0.646113, -0.0116964, -0.144929, -0.0293902, 1.71951, 0.711911, 0.00277986, -0.000523197, 0.00021082, 0.00154524, 9.98768e-05, -0.000182393, 0.000325851, 0.0752899, 0.46117, -0.259665, -0.145057, -0.142681, 0.320951, 0.279953, 0, 0, 0, 8, 0, 0, 0, 0, 0, 0, 0, 0, 0, 0
13.74, 2025-06-05__13-49-13.096267, -0.000541191, -0.646118, -0.0116992, -0.144926, -0.0293878, 1.7195, 0.711916, -0.00279852, -0.000952657, -0.00048714, -0.000768601, 0.000214767, -0.000586883, -0.000371195, 0.178287, 0.413109, -0.277372, -0.115209, -0.146662, 0.326308, 0.282301, 0, 0, 0, 8, 0, 0, 0, 0, 0, 0, 0, 0, 0, 0
13.75, 2025-06-05__13-49-13.106267, -0.000540051, -0.646115, -0.0116964, -0.144925, -0.0293887, 1.71951, 0.711913, -0.00132147, -0.000378992, 0.000602547, 0.00179619, -3.30433e-06, -0.000524142, -0.000259523, 0.154188, 0.45838, -0.274608, -0.144928, -0.145821, 0.32165, 0.281914, 0, 0, 0, 8, 0, 0, 0, 0, 0, 0, 0, 0, 0, 0
13.76, 2025-06-05__13-49-13.116267, -0.000534274, -0.646121, -0.0116964, -0.144918, -0.0293888, 1.71951, 0.711916, -0.000316686, -0.00153517, 0.000649261, 0.00124714, -1.35359e-05, 0.000122694, -0.000486983, 0.133426, 0.53084, -0.271915, -0.177955, -0.145776, 0.315297, 0.282367, 0, 0, 0, 8, 0, 0, 0, 0, 0, 0, 0, 0, 0, 0
13.77, 2025-06-05__13-49-13.126272, -0.00053173, -0.646118, -0.0116992, -0.144926, -0.0293878, 1.71951, 0.711919, 0.0020652, 0.00042114, -0.000436335, 0.000911834, 0.00038046, -0.00721561, -0.000162232, 0.084581, 0.347406, -0.259694, -0.085034, -0.143034, 0.353672, 0.281324, 0, 0, 0, 8, 0, 0, 0, 0, 0, 0, 0, 0, 0, 0
13.78, 2025-06-05__13-49-13.136266, -0.000532029, -0.646118, -0.0116957, -0.144923, -0.0293865, 1.71951, 0.711919, 0.000440617, -0.00111138, 0.000498842, -0.000462541, 0.00043607, -0.000460972, 0.000505563, 0.11873, 0.438603, -0.268263, -0.127869, -0.145741, 0.324148, 0.279186, 0, 0, 0, 8, 0, 0, 0, 0, 0, 0, 0, 0, 0, 0
13.79, 2025-06-05__13-49-13.146265, -0.000534162, -0.646118, -0.0116964, -0.144921, -0.0293875, 1.71951, 0.711913, -0.00171608, -0.000923356, 0.000770544, 0.000444746, -5.73433e-05, 0.000200005, -0.00068298, 0.160409, 0.45749, -0.276073, -0.140502, -0.145973, 0.319775, 0.283224, 0, 0, 0, 8, 0, 0, 0, 0, 0, 0, 0, 0, 0, 0
13.8, 2025-06-05__13-49-13.156266, -0.000530963, -0.646115, -0.0116964, -0.144921, -0.0293878, 1.71951, 0.711915, 0.00293319, 0.00155962, 0.000610832, -0.00136744, -0.000164309, -8.4388e-05, 0.000110617, 0.0730606, 0.219343, -0.256621, -0.0198961, -0.139091, 0.337088, 0.280521, 0, 0, 0, 8, 0, 0, 0, 0, 0, 0, 0, 0, 0, 0
13.81, 2025-06-05__13-49-13.166267, -0.000533721, -0.646124, -0.0116991, -0.14492, -0.0293895, 1.71951, 0.711914, 0.00129661, 0.000218357, 0.00500347, -0.00105099, -3.62014e-05, 0.000179476, 0.000275939, 0.11882, 0.338486, -0.272642, -0.0776145, -0.144579, 0.328707, 0.279924, 0, 0, 0, 8, 0, 0, 0, 0, 0, 0, 0, 0, 0, 0
13.82, 2025-06-05__13-49-13.176268, -0.000533749, -0.646126, -0.0116964, -0.14492, -0.0293885, 1.71951, 0.711916, -0.000839286, -0.00149728, 0.000246657, -0.00051953, -0.000139418, 3.87984e-05, 0.00154773, 0.141569, 0.472973, -0.272379, -0.144651, -0.144997, 0.319952, 0.276241, 0, 0, 0, 8, 0, 0, 0, 0, 0, 0, 0, 0, 0, 0
13.83, 2025-06-05__13-49-13.186267, -0.000530964, -0.646124, -0.0116942, -0.144917, -0.0293885, 1.7195, 0.711919, 9.69798e-05, -2.9802e-05, 0.00061146, -0.000111636, 1.20632e-05, -0.000324351, -8.0402e-05, 0.125509, 0.380038, -0.268567, -0.101038, -0.143807, 0.327535, 0.281034, 0, 0, 0, 8, 0, 0, 0, 0, 0, 0, 0, 0, 0, 0
13.84, 2025-06-05__13-49-13.196266, -0.000531617, -0.646128, -0.0116992, -0.144917, -0.0293875, 1.71951, 0.711915, -0.000449742, -0.00153716, -0.000662071, 0.000206554, 0.000529053, 0.00034439, -5.09985e-05, 0.130927, 0.503488, -0.269622, -0.161823, -0.146684, 0.316656, 0.281132, 0, 0, 0, 8, 0, 0, 0, 0, 0, 0, 0, 0, 0, 0
13.85, 2025-06-05__13-49-13.206266, -0.000531613, -0.646129, -0.0116964, -0.144914, -0.0293858, 1.71951, 0.711908, -0.000693782, -0.00195024, -0.000127404, 0.00088798, -0.000209525, 0.000658632, -0.00175023, 0.13688, 0.557676, -0.271756, -0.190062, -0.145309, 0.311803, 0.286645, 0, 0, 0, 8, 0, 0, 0, 0, 0, 0, 0, 0, 0, 0
13.86, 2025-06-05__13-49-13.216267, -0.000525878, -0.646124, -0.0116961, -0.144915, -0.0293846, 1.71951, 0.711915, 0.00281284, 5.73836e-05, 0.000867637, -8.12881e-05, 0.000215037, -6.43953e-06, 0.000268164, 0.0742329, 0.378742, -0.259488, -0.100302, -0.142594, 0.326345, 0.279936, 0, 0, 0, 8, 0, 0, 0, 0, 0, 0, 0, 0, 0, 0
13.87, 2025-06-05__13-49-13.226265, -0.000525892, -0.646124, -0.0116991, -0.144909, -0.0293882, 1.71951, 0.711919, -0.000147902, -2.7671e-05, -0.000543463, 0.00125254, 0.000221797, 1.66022e-05, -0.000167343, 0.12447, 0.426853, -0.267208, -0.128342, -0.14446, 0.322047, 0.281312, 0, 0, 0, 8, 0, 0, 0, 0, 0, 0, 0, 0, 0, 0
13.88, 2025-06-05__13-49-13.236265, -0.000525988, -0.646124, -0.011697, -0.144916, -0.0293891, 1.7195, 0.711917, 0.00644542, -0.000229027, -0.000502756, -0.000430643, -0.000253408, -0.000770792, 7.49962e-05, 0.000816357, 0.38318, -0.244086, -0.100463, -0.1373, 0.32997, 0.280308, 0, 0, 0, 8, 0, 0, 0, 0, 0, 0, 0, 0, 0, 0
13.89, 2025-06-05__13-49-13.246267, -0.000526078, -0.646124, -0.0116964, -0.144914, -0.0293898, 1.71951, 0.711914, 0.0012921, -0.000438791, 0.000477946, 9.98038e-05, -0.000631129, -0.000247625, 0.00463447, 0.100129, 0.416927, -0.264136, -0.119381, -0.141141, 0.324357, 0.266778, 0, 0, 0, 8, 0, 0, 0, 0, 0, 0, 0, 0, 0, 0
13.9, 2025-06-05__13-49-13.256270, -0.000527777, -0.646122, -0.0116992, -0.144911, -0.0293887, 1.71951, 0.711913, 0.000663827, -0.00284154, -0.000588859, 0.000636705, -0.000374721, -0.000390231, 0.000435806, 0.107784, 0.600096, -0.266522, -0.208856, -0.143925, 0.313237, 0.279678, 0, 0, 0, 8, 0, 0, 0, 0, 0, 0, 0, 0, 0, 0
13.91, 2025-06-05__13-49-13.266268, -0.000531186, -0.646119, -0.0116964, -0.144919, -0.0293878, 1.71951, 0.71192, -0.000997345, 0.00139929, 0.000732558, -0.00173887, 6.64075e-05, 0.000251333, 0.00121812, 0.147231, 0.222241, -0.270668, -0.0208437, -0.143089, 0.335314, 0.277139, 0, 0, 0, 8, 0, 0, 0, 0, 0, 0, 0, 0, 0, 0
13.92, 2025-06-05__13-49-13.276268, -0.000524551, -0.646122, -0.0116991, -0.144919, -0.0293868, 1.7195, 0.711912, 0.000726941, 0.000189185, -0.00044786, -0.00094958, 0.000632886, 0.000395716, -0.000325537, 0.108708, 0.337267, -0.263623, -0.0782887, -0.144215, 0.3281, 0.282084, 0, 0, 0, 8, 0, 0, 0, 0, 0, 0, 0, 0, 0, 0
13.93, 2025-06-05__13-49-13.286267, -0.000530888, -0.646122, -0.0116957, -0.144909, -0.0293895, 1.71951, 0.711913, -0.0019144, 0.000442166, 0.00065894, 0.00107734, -0.000261637, -0.000237516, 0.000483748, 0.163139, 0.384565, -0.275286, -0.107519, -0.144453, 0.325435, 0.279709, 0, 0, 0, 8, 0, 0, 0, 0, 0, 0, 0, 0, 0, 0
13.94, 2025-06-05__13-49-13.296267, -0.000522075, -0.646117, -0.0116964, -0.144914, -0.0293846, 1.71951, 0.711915, 0.000646821, 0.00198444, 0.000891525, -0.000544744, -7.53671e-05, 0.000242067, -0.000228858, 0.114647, 0.219985, -0.264537, -0.0233388, -0.141339, 0.335146, 0.281665, 0, 0, 0, 8, 0, 0, 0, 0, 0, 0, 0, 0, 0, 0
13.95, 2025-06-05__13-49-13.306271, -0.000527356, -0.646119, -0.0116992, -0.144912, -0.029389, 1.71951, 0.711919, -0.000899698, 0.00157187, 0.00014592, 0.000265862, -0.000134984, -1.29743e-05, -0.000115248, 0.141919, 0.275665, -0.269156, -0.0528428, -0.142424, 0.331898, 0.281257, 0, 0, 0, 8, 0, 0, 0, 0, 0, 0, 0, 0, 0, 0
13.96, 2025-06-05__13-49-13.316273, -0.000527435, -0.646128, -0.0116942, -0.144908, -0.0293872, 1.71951, 0.711918, -0.00270219, -0.000259233, 0.000455248, 0.00104228, 0.000210898, 0.000202107, 0.00458622, 0.176129, 0.440983, -0.278661, -0.13479, -0.147493, 0.320219, 0.266931, 0, 0, 0, 8, 0, 0, 0, 0, 0, 0, 0, 0, 0, 0
13.97, 2025-06-05__13-49-13.326272, -0.000523783, -0.646125, -0.0117017, -0.144911, -0.029385, 1.71951, 0.711918, 0.000673564, 0.000788793, -0.00105069, 0.000373158, 0.00020604, -3.1575e-05, 3.36636e-05, 0.107074, 0.340596, -0.26218, -0.0841634, -0.142598, 0.328088, 0.280751, 0, 0, 0, 8, 0, 0, 0, 0, 0, 0, 0, 0, 0, 0
13.98, 2025-06-05__13-49-13.336269, -0.000525224, -0.646136, -0.0116992, -0.144908, -0.0293887, 1.71951, 0.711913, -0.000814721, -0.00285471, -0.000788651, 0.000870862, 4.26398e-05, 0.000569449, -0.0010433, 0.134491, 0.627266, -0.271522, -0.223349, -0.146518, 0.307796, 0.284252, 0, 0, 0, 8, 0, 0, 0, 0, 0, 0, 0, 0, 0, 0
13.99, 2025-06-05__13-49-13.346269, -0.000521952, -0.64613, -0.0116964, -0.144908, -0.0293884, 1.71951, 0.711918, 0.00133938, -0.000473217, 0.00169996, -0.00149616, -0.000195359, -0.000255736, 0.00717526, 0.102536, 0.373602, -0.266191, -0.0932724, -0.142926, 0.327995, 0.258771, 0, 0, 0, 8, 0, 0, 0, 0, 0, 0, 0, 0, 0, 0
14, 2025-06-05__13-49-13.356271, -0.000525186, -0.646125, -0.0116991, -0.144909, -0.0293871, 1.71951, 0.711918, 8.415e-05, 9.47161e-05, 0.000674484, 0.00102796, -0.000310263, -0.000268184, -0.00158111, 0.123898, 0.411299, -0.2683, -0.119789, -0.142982, 0.324271, 0.285654, 0, 0, 0, 8, 0, 0, 0, 0, 0, 0, 0, 0, 0, 0
14.01, 2025-06-05__13-49-13.366267, -0.000521242, -0.646128, -0.0116939, -0.14491, -0.0293889, 1.71951, 0.711914, 0.000952825, -0.000102488, 0.00166742, 5.5178e-05, 2.88922e-05, -0.000216515, -0.000567054, 0.110401, 0.397578, -0.2674, -0.10978, -0.143812, 0.325668, 0.282627, 0, 0, 0, 8, 0, 0, 0, 0, 0, 0, 0, 0, 0, 0
14.02, 2025-06-05__13-49-13.376267, -0.00052235, -0.646128, -0.0116964, -0.14491, -0.0293885, 1.7195, 0.711919, -0.00363686, -0.000103264, 0.000607966, -0.00142424, -5.6238e-05, -0.000316871, 0.00146307, 0.192748, 0.343505, -0.280626, -0.0798733, -0.14604, 0.329888, 0.27658, 0, 0, 0, 8, 0, 0, 0, 0, 0, 0, 0, 0, 0, 0
14.03, 2025-06-05__13-49-13.386268, -0.000524535, -0.646125, -0.0116964, -0.14491, -0.0293878, 1.71951, 0.711912, 0.00186491, 0.000290991, 0.000956396, -0.000578126, 2.34392e-05, 0.000157387, -0.000763982, 0.0919417, 0.346756, -0.262299, -0.0835993, -0.142119, 0.327859, 0.283314, 0, 0, 0, 8, 0, 0, 0, 0, 0, 0, 0, 0, 0, 0
14.04, 2025-06-05__13-49-13.396269, -0.000521033, -0.646125, -0.0116965, -0.14491, -0.0293857, 1.71951, 0.711915, 0.000850708, 0.00032408, 0.000456972, -4.84783e-07, 0.000557768, -0.000436854, -0.000687634, 0.108562, 0.360831, -0.265094, -0.0921088, -0.144709, 0.328701, 0.283, 0, 0, 0, 8, 0, 0, 0, 0, 0, 0, 0, 0, 0, 0
14.05, 2025-06-05__13-49-13.406268, -0.000526517, -0.646134, -0.0116991, -0.14491, -0.0293889, 1.71951, 0.711918, 0.00184036, -0.00157904, -0.00045904, -0.000894339, 4.02342e-05, 0.000451167, 0.00115579, 0.0868586, 0.47713, -0.261429, -0.145318, -0.142993, 0.31878, 0.277184, 0, 0, 0, 8, 0, 0, 0, 0, 0, 0, 0, 0, 0, 0
14.06, 2025-06-05__13-49-13.416268, -0.000521376, -0.646128, -0.0116964, -0.144905, -0.0293878, 1.71951, 0.711918, 0.000133066, -0.000338911, 0.000241775, 0.000721136, 0.000196851, 0.000202663, 0.00521507, 0.120353, 0.436966, -0.268078, -0.13142, -0.144979, 0.321035, 0.264833, 0, 0, 0, 8, 0, 0, 0, 0, 0, 0, 0, 0, 0, 0
14.07, 2025-06-05__13-49-13.426266, -0.000518125, -0.646131, -0.0116938, -0.144903, -0.0293871, 1.71951, 0.711917, 9.57603e-05, -0.000599427, 0.00130149, -0.000299657, 0.000244411, -5.57714e-05, 0.000499308, 0.124227, 0.423969, -0.270038, -0.121516, -0.145428, 0.3235, 0.279275, 0, 0, 0, 8, 0, 0, 0, 0, 0, 0, 0, 0, 0, 0
14.08, 2025-06-05__13-49-13.436269, -0.000518422, -0.646128, -0.0116956, -0.144907, -0.0293882, 1.71951, 0.711914, 0.000577708, -0.000592559, 0.000419945, -0.000548849, 0.000179049, 0.000108276, -0.000984123, 0.11222, 0.411916, -0.266326, -0.115083, -0.144038, 0.32381, 0.283967, 0, 0, 0, 8, 0, 0, 0, 0, 0, 0, 0, 0, 0, 0
14.09, 2025-06-05__13-49-13.446267, -0.00052134, -0.646128, -0.0116963, -0.144904, -0.0293835, 1.71951, 0.711915, 0.000102356, -5.53489e-05, 0.000770232, 0.000635812, 9.06709e-05, 0.000231641, -0.000243975, 0.123216, 0.414579, -0.26868, -0.120318, -0.144607, 0.322497, 0.28166, 0, 0, 0, 8, 0, 0, 0, 0, 0, 0, 0, 0, 0, 0
14.1, 2025-06-05__13-49-13.456266, -0.000518926, -0.646131, -0.0116989, -0.144905, -0.0293871, 1.71951, 0.71192, -9.14112e-05, -0.000570473, -0.000634091, -8.35921e-05, 0.000119676, 8.90885e-05, 0.000895256, 0.120821, 0.427748, -0.266665, -0.124456, -0.144086, 0.322432, 0.278026, 0, 0, 0, 8, 0, 0, 0, 0, 0, 0, 0, 0, 0, 0
14.11, 2025-06-05__13-49-13.466271, -0.000525531, -0.646131, -0.0116961, -0.144902, -0.029389, 1.7195, 0.71192, -0.00196896, 0.000183931, -0.000294085, 0.000713435, -0.000243623, -0.0099932, 0.000667331, 0.158025, 0.356452, -0.273708, -0.0877443, -0.144437, 0.36319, 0.279081, 0, 0, 0, 8, 0, 0, 0, 0, 0, 0, 0, 0, 0, 0
14.12, 2025-06-05__13-49-13.476271, -0.000523509, -0.646131, -0.0116942, -0.144902, -0.0293889, 1.7195, 0.711918, -0.000761219, 0.000359159, 0.000231877, 0.000375594, -2.20403e-06, 0.00183611, -0.000177808, 0.138529, 0.385074, -0.270217, -0.10636, -0.143988, 0.318996, 0.281393, 0, 0, 0, 8, 0, 0, 0, 0, 0, 0, 0, 0, 0, 0
14.13, 2025-06-05__13-49-13.486268, -0.000520966, -0.646132, -0.0116963, -0.144904, -0.0293874, 1.71951, 0.711921, -0.000820672, 1.24708e-05, 0.00041143, -0.0005035, -0.00013623, 2.19817e-05, 0.000985188, 0.138929, 0.373802, -0.270651, -0.0972124, -0.143783, 0.326166, 0.277746, 0, 0, 0, 8, 0, 0, 0, 0, 0, 0, 0, 0, 0, 0
14.14, 2025-06-05__13-49-13.496266, -0.000520402, -0.646134, -0.0116964, -0.144901, -0.0293878, 1.71951, 0.711918, 0.00024456, -9.2867e-05, 0.000676785, 0.00031386, -6.43181e-06, 0.000141849, -0.000791114, 0.119824, 0.412168, -0.26786, -0.118056, -0.143847, 0.323157, 0.283205, 0, 0, 0, 8, 0, 0, 0, 0, 0, 0, 0, 0, 0, 0
14.15, 2025-06-05__13-49-13.506268, -0.000523833, -0.646135, -0.0116964, -0.144901, -0.0293889, 1.71951, 0.711918, -0.000653785, -0.00164463, 0.000693609, 0.000215096, 2.69793e-05, -0.000120375, -0.000204267, 0.136869, 0.517539, -0.27264, -0.168124, -0.145969, 0.317522, 0.281439, 0, 0, 0, 8, 0, 0, 0, 0, 0, 0, 0, 0, 0, 0
14.16, 2025-06-05__13-49-13.516266, -0.000518181, -0.646134, -0.0116964, -0.144906, -0.0293875, 1.71951, 0.711914, -0.000244436, -0.00074562, 0.000228626, -0.0019034, 0.000417123, -0.00021977, -0.000591809, 0.126958, 0.381659, -0.268697, -0.096182, -0.145115, 0.327462, 0.282848, 0, 0, 0, 8, 0, 0, 0, 0, 0, 0, 0, 0, 0, 0
14.17, 2025-06-05__13-49-13.526266, -0.000513519, -0.646131, -0.0116963, -0.144904, -0.0293888, 1.7195, 0.711914, 0.00235831, 0.000879041, 0.00078786, -0.00140211, 6.95618e-05, -0.000462457, -0.00338599, 0.0794382, 0.280777, -0.258889, -0.0488504, -0.140771, 0.335294, 0.291255, 0, 0, 0, 8, 0, 0, 0, 0, 0, 0, 0, 0, 0, 0
14.18, 2025-06-05__13-49-13.536266, -0.000520965, -0.646134, -0.0116964, -0.144904, -0.0293871, 1.71951, 0.71192, -0.000979093, -0.000708077, 0.00126235, 0.000696641, 0.000212712, -0.000208044, 0.00411696, 0.144407, 0.46709, -0.274323, -0.145523, -0.146841, 0.320617, 0.268125, 0, 0, 0, 8, 0, 0, 0, 0, 0, 0, 0, 0, 0, 0
14.19, 2025-06-05__13-49-13.546266, -0.00051803, -0.646132, -0.0116942, -0.144898, -0.0293889, 1.71951, 0.711921, -0.00714657, -0.000378951, 0.000324121, 0.000525642, -8.29489e-05, 5.70132e-05, 0.00130734, 0.256189, 0.433306, -0.292887, -0.130006, -0.149469, 0.320905, 0.277138, 0, 0, 0, 8, 0, 0, 0, 0, 0, 0, 0, 0, 0, 0
14.2, 2025-06-05__13-49-13.556269, -0.000515673, -0.646134, -0.0116964, -0.144898, -0.0293871, 1.71951, 0.711918, -0.000577856, -0.000317637, 0.000465854, 0.00130038, 0.000330481, 0.000306192, -0.0045591, 0.133466, 0.461762, -0.270563, -0.145168, -0.14585, 0.318972, 0.294741, 0, 0, 0, 8, 0, 0, 0, 0, 0, 0, 0, 0, 0, 0
14.21, 2025-06-05__13-49-13.566267, -0.000509286, -0.646131, -0.0117017, -0.1449, -0.0293889, 1.71951, 0.711922, 0.000525997, 0.000437557, -0.00122377, -0.000174392, -0.000114999, 0.000308837, -0.000223605, 0.104705, 0.354244, -0.261593, -0.0891075, -0.141302, 0.326279, 0.281371, 0, 0, 0, 8, 0, 0, 0, 0, 0, 0, 0, 0, 0, 0
14.22, 2025-06-05__13-49-13.576267, -0.00051481, -0.646129, -0.0116942, -0.144901, -0.0293893, 1.71951, 0.711915, -0.000425234, 0.000642944, 0.000230022, 0.000167715, -0.000278776, 8.50663e-05, 4.89228e-05, 0.12953, 0.349054, -0.26812, -0.0875403, -0.142376, 0.327171, 0.280869, 0, 0, 0, 8, 0, 0, 0, 0, 0, 0, 0, 0, 0, 0
14.23, 2025-06-05__13-49-13.586267, -0.00050931, -0.646135, -0.0117017, -0.144901, -0.0293882, 1.71951, 0.71192, 0.00142782, -0.00149504, -0.000970392, -0.00043021, 0.000116618, -7.80665e-05, 0.000207399, 0.087866, 0.485295, -0.260947, -0.150546, -0.143174, 0.319925, 0.280026, 0, 0, 0, 8, 0, 0, 0, 0, 0, 0, 0, 0, 0, 0
14.24, 2025-06-05__13-49-13.596267, -0.000509342, -0.646137, -0.0116991, -0.144898, -0.0293863, 1.71951, 0.711923, 0.00387186, -0.0013263, -0.000226789, 0.000277056, -0.000233621, 2.93969e-05, 0.00959921, 0.0439927, 0.501675, -0.25444, -0.160351, -0.141272, 0.318349, 0.250964, 0, 0, 0, 8, 0, 0, 0, 0, 0, 0, 0, 0, 0, 0
14.25, 2025-06-05__13-49-13.606266, -0.00051175, -0.646136, -0.0116992, -0.144903, -0.0293894, 1.71951, 0.711915, 2.21061e-05, -0.00129449, -0.000751568, -0.000200165, -0.000323222, -0.000841995, -0.000427057, 0.115492, 0.47557, -0.266053, -0.146423, -0.142808, 0.32294, 0.282319, 0, 0, 0, 8, 0, 0, 0, 0, 0, 0, 0, 0, 0, 0
14.26, 2025-06-05__13-49-13.616267, -0.000511762, -0.646134, -0.0116992, -0.144898, -0.029388, 1.71951, 0.711915, -0.000876981, -0.000460294, 0.000532181, 9.22842e-05, -0.000311486, 7.7152e-05, 8.24906e-06, 0.137306, 0.429633, -0.271033, -0.125841, -0.143732, 0.32225, 0.280983, 0, 0, 0, 8, 0, 0, 0, 0, 0, 0, 0, 0, 0, 0
14.27, 2025-06-05__13-49-13.626266, -0.000513666, -0.646134, -0.0116992, -0.144898, -0.0293868, 1.71951, 0.711918, -0.00299241, -0.00262098, -0.00018169, 0.000353707, 2.086e-05, 7.09607e-05, 0.000287276, 0.174142, 0.589032, -0.279292, -0.203341, -0.148106, 0.311969, 0.280085, 0, 0, 0, 8, 0, 0, 0, 0, 0, 0, 0, 0, 0, 0
14.28, 2025-06-05__13-49-13.636267, -0.000500828, -0.646131, -0.0116992, -0.144893, -0.0293856, 1.71951, 0.711919, 0.00263652, 0.000382846, 0.00054292, 0.00113004, 7.44539e-05, -0.000136034, 0.000611814, 0.0690004, 0.403174, -0.258155, -0.115896, -0.141999, 0.324641, 0.278694, 0, 0, 0, 8, 0, 0, 0, 0, 0, 0, 0, 0, 0, 0
14.29, 2025-06-05__13-49-13.646268, -0.000506157, -0.646129, -0.0116991, -0.144898, -0.0293888, 1.71951, 0.711916, 0.000489694, 0.00138006, -0.000131922, 0.000520231, -1.55433e-05, 0.000114421, 2.04003e-05, 0.108906, 0.309737, -0.263203, -0.0698062, -0.141741, 0.329456, 0.280857, 0, 0, 0, 8, 0, 0, 0, 0, 0, 0, 0, 0, 0, 0
14.3, 2025-06-05__13-49-13.656267, -0.000507616, -0.646137, -0.0116999, -0.144903, -0.0293863, 1.7195, 0.711916, 0.000185079, -0.00120663, -0.000662178, -0.000304719, -0.000193932, -0.000231886, -9.32043e-05, 0.111746, 0.469259, -0.265438, -0.143265, -0.143176, 0.321762, 0.281219, 0, 0, 0, 8, 0, 0, 0, 0, 0, 0, 0, 0, 0, 0
14.31, 2025-06-05__13-49-13.666267, -0.000507616, -0.646139, -0.0116964, -0.144899, -0.0293885, 1.71951, 0.711922, 0.000111827, -0.00163332, 0.000811415, 0.000196699, 2.7329e-05, 0.000107622, -0.000295196, 0.11839, 0.522177, -0.269442, -0.170226, -0.145299, 0.316593, 0.281456, 0, 0, 0, 8, 0, 0, 0, 0, 0, 0, 0, 0, 0, 0
14.32, 2025-06-05__13-49-13.676266, -0.000505642, -0.646134, -0.0117007, -0.144901, -0.0293895, 1.71951, 0.711916, -0.000185567, -0.000349409, -0.00135055, -0.000326925, -0.000520916, -0.000112851, -0.00132231, 0.115963, 0.405264, -0.264084, -0.11289, -0.140935, 0.324649, 0.285069, 0, 0, 0, 8, 0, 0, 0, 0, 0, 0, 0, 0, 0, 0
14.33, 2025-06-05__13-49-13.686268, -0.000504766, -0.646134, -0.0116992, -0.144895, -0.0293894, 1.71951, 0.711917, 0.00357945, -0.000309829, -0.00500681, 0.00130931, -0.000147013, -0.000351178, -0.000603681, 0.0328217, 0.455131, -0.244556, -0.141923, -0.137843, 0.321867, 0.282687, 0, 0, 0, 8, 0, 0, 0, 0, 0, 0, 0, 0, 0, 0
14.34, 2025-06-05__13-49-13.696268, -0.000507725, -0.646131, -0.0116957, -0.144898, -0.0293845, 1.71951, 0.711916, 0.00150053, -6.46336e-05, 0.000970638, 0.000372701, 0.000204452, -0.00105207, 0.000519878, 0.0937812, 0.405297, -0.263663, -0.11406, -0.143837, 0.328121, 0.279191, 0, 0, 0, 8, 0, 0, 0, 0, 0, 0, 0, 0, 0, 0
14.35, 2025-06-05__13-49-13.706267, -0.000505478, -0.646129, -0.0116964, -0.1449, -0.0293895, 1.71951, 0.711918, 0.00230138, 1.06828e-05, 0.000997237, -0.00037705, -8.06631e-05, 0.000169469, 5.0988e-05, 0.0782107, 0.377821, -0.260247, -0.0990107, -0.141552, 0.325865, 0.28049, 0, 0, 0, 8, 0, 0, 0, 0, 0, 0, 0, 0, 0, 0
14.36, 2025-06-05__13-49-13.716266, -0.000510341, -0.646131, -0.0116939, -0.144898, -0.0293894, 1.71951, 0.711915, -0.000339434, 0.000206953, 0.00162486, -0.00011793, -0.000293517, -5.76013e-06, 0.00669809, 0.130829, 0.373505, -0.271026, -0.0980808, -0.143625, 0.326143, 0.260454, 0, 0, 0, 8, 0, 0, 0, 0, 0, 0, 0, 0, 0, 0
14.37, 2025-06-05__13-49-13.726266, -0.00050616, -0.646132, -0.0117017, -0.144898, -0.0293874, 1.71951, 0.711917, 0.00625278, -0.000960592, -0.00165792, 0.000303231, 0.000513674, -0.000236514, 0.000443252, -0.00526173, 0.47057, -0.242739, -0.145164, -0.140194, 0.321711, 0.279134, 0, 0, 0, 8, 0, 0, 0, 0, 0, 0, 0, 0, 0, 0
14.38, 2025-06-05__13-49-13.736266, -0.00051126, -0.646134, -0.0117016, -0.144901, -0.029389, 1.71951, 0.711919, -0.00207203, -0.000737182, -0.00133518, -0.000653733, -0.000126095, -9.21172e-05, 0.000324443, 0.152911, 0.420836, -0.271426, -0.1196, -0.144114, 0.323469, 0.279999, 0, 0, 0, 8, 0, 0, 0, 0, 0, 0, 0, 0, 0, 0
14.39, 2025-06-05__13-49-13.746266, -0.00050538, -0.646134, -0.0116992, -0.144898, -0.0293889, 1.71951, 0.711917, 0.000521982, -0.000651885, -0.000706573, 0.000577173, 7.82233e-05, -7.73135e-05, -0.00056174, 0.105168, 0.458621, -0.263925, -0.141152, -0.143463, 0.320924, 0.28256, 0, 0, 0, 8, 0, 0, 0, 0, 0, 0, 0, 0, 0, 0
14.4, 2025-06-05__13-49-13.756266, -0.000508142, -0.646131, -0.0116936, -0.144898, -0.0293895, 1.71951, 0.711918, -0.000977524, 0.000504573, 0.0021634, 0.000252559, -0.000205288, -5.50278e-05, 0.00115652, 0.144574, 0.364967, -0.273841, -0.0951266, -0.144308, 0.326719, 0.27728, 0, 0, 0, 8, 0, 0, 0, 0, 0, 0, 0, 0, 0, 0
14.41, 2025-06-05__13-49-13.766267, -0.000507905, -0.646135, -0.0116963, -0.144901, -0.0293846, 1.71951, 0.71192, -0.000879683, -0.000352948, 0.000146462, -0.00105675, 0.000268901, 0.000107348, -0.00633768, 0.136135, 0.384448, -0.26979, -0.100477, -0.144793, 0.325683, 0.300174, 0, 0, 0, 8, 0, 0, 0, 0, 0, 0, 0, 0, 0, 0
14.42, 2025-06-05__13-49-13.776267, -0.000500626, -0.646137, -0.0116964, -0.144895, -0.0293888, 1.71951, 0.711922, 0.00140209, -0.000853988, 1.82322e-06, 0.00144953, 2.60904e-05, 0.000296935, -0.00112309, 0.0898837, 0.507973, -0.262631, -0.167523, -0.143491, 0.316268, 0.283921, 0, 0, 0, 8, 0, 0, 0, 0, 0, 0, 0, 0, 0, 0
14.43, 2025-06-05__13-49-13.786269, -0.000502938, -0.646141, -0.0117016, -0.144901, -0.0293863, 1.71951, 0.711924, 0.000599268, -0.00142344, -0.00116792, -0.000656679, -0.000235454, -0.000119566, 0.00123697, 0.100608, 0.478008, -0.262887, -0.146462, -0.142521, 0.320475, 0.276772, 0, 0, 0, 8, 0, 0, 0, 0, 0, 0, 0, 0, 0, 0
14.44, 2025-06-05__13-49-13.796270, -0.000502992, -0.646137, -0.0116963, -0.1449, -0.0293891, 1.71951, 0.711922, -0.000340874, -0.000653103, 0.00051585, -0.00114185, -0.000267868, -0.000224953, 0.000547221, 0.12482, 0.403923, -0.268671, -0.109265, -0.143093, 0.325677, 0.278996, 0, 0, 0, 8, 0, 0, 0, 0, 0, 0, 0, 0, 0, 0
14.45, 2025-06-05__13-49-13.806270, -0.000501928, -0.646131, -0.0116992, -0.144895, -0.0293878, 1.71951, 0.711919, 0.00508544, 0.00036248, -0.000411765, 0.0017856, -3.14444e-05, -0.000144193, 0.000261001, 0.0200058, 0.426781, -0.248011, -0.129089, -0.139347, 0.323152, 0.279642, 0, 0, 0, 8, 0, 0, 0, 0, 0, 0, 0, 0, 0, 0
14.46, 2025-06-05__13-49-13.816270, -0.000502556, -0.646134, -0.0116964, -0.144901, -0.0293857, 1.71951, 0.711921, 0.000212948, 0.000781168, 0.000766063, -0.000279969, 1.73986e-05, 0.00161561, -0.000856876, 0.116394, 0.337321, -0.266224, -0.0810733, -0.142899, 0.322776, 0.283249, 0, 0, 0, 8, 0, 0, 0, 0, 0, 0, 0, 0, 0, 0
14.47, 2025-06-05__13-49-13.826269, -0.000502175, -0.646129, -0.0116992, -0.144893, -0.0293878, 1.71951, 0.711922, -0.000493739, 0.00221768, -0.00051088, 0.0012394, 0.000156402, 0.000154029, 0.000554143, 0.125355, 0.274422, -0.265194, -0.0554937, -0.142473, 0.330922, 0.27902, 0, 0, 0, 8, 0, 0, 0, 0, 0, 0, 0, 0, 0, 0
14.48, 2025-06-05__13-49-13.836268, -0.000502178, -0.646131, -0.0116957, -0.144898, -0.0293891, 1.7195, 0.711918, 0.00130783, -3.27501e-05, 0.000515854, 0.000826758, -6.04153e-05, -0.000432111, -0.000553537, 0.0941324, 0.419465, -0.263008, -0.122649, -0.142616, 0.325241, 0.282408, 0, 0, 0, 8, 0, 0, 0, 0, 0, 0, 0, 0, 0, 0
14.49, 2025-06-05__13-49-13.846266, -0.000509859, -0.646133, -0.0116989, -0.144892, -0.029385, 1.71951, 0.711918, -0.00739143, 0.000468491, -0.00121776, 0.00141735, 0.00011864, -0.00042677, -0.000519614, 0.25344, 0.401122, -0.289635, -0.117514, -0.149075, 0.324068, 0.282941, 0, 0, 0, 8, 0, 0, 0, 0, 0, 0, 0, 0, 0, 0
14.5, 2025-06-05__13-49-13.856266, -0.000502148, -0.646136, -0.0116964, -0.1449, -0.0293856, 1.71951, 0.711922, -0.00131072, -0.000820884, 5.98264e-05, -0.000480077, 0.00011288, 0.000291674, 0.000939424, 0.141422, 0.438421, -0.271656, -0.128413, -0.145427, 0.321152, 0.277826, 0, 0, 0, 8, 0, 0, 0, 0, 0, 0, 0, 0, 0, 0
14.51, 2025-06-05__13-49-13.866267, -0.000496225, -0.646137, -0.0117014, -0.144898, -0.0293863, 1.71951, 0.711921, 0.00122515, -0.00158644, -0.0012628, -0.000570357, -0.000236776, -3.58218e-05, 0.00131863, 0.0866315, 0.488788, -0.260327, -0.151845, -0.142021, 0.319562, 0.27661, 0, 0, 0, 8, 0, 0, 0, 0, 0, 0, 0, 0, 0, 0
14.52, 2025-06-05__13-49-13.876267, -0.000498997, -0.646134, -0.0116963, -0.144895, -0.0293881, 1.71951, 0.711917, 0.000542169, 0.000770057, 0.000268951, 0.000498748, 0.000190181, -0.000111807, -0.000349984, 0.107328, 0.356788, -0.2643, -0.0920128, -0.143159, 0.327452, 0.281892, 0, 0, 0, 8, 0, 0, 0, 0, 0, 0, 0, 0, 0, 0
14.53, 2025-06-05__13-49-13.886268, -0.000498743, -0.646136, -0.0116964, -0.144892, -0.0293884, 1.71951, 0.711919, 1.9887e-06, -0.000323001, 0.000913545, 0.00169729, 1.94283e-05, 0.00024656, -0.00042123, 0.11886, 0.477882, -0.268757, -0.153994, -0.144739, 0.31801, 0.28197, 0, 0, 0, 8, 0, 0, 0, 0, 0, 0, 0, 0, 0, 0
14.54, 2025-06-05__13-49-13.896265, -0.000498296, -0.646135, -0.011697, -0.144895, -0.0293877, 1.71951, 0.711923, 0.00424538, 0.000167791, -0.00108409, -2.39945e-05, -8.58801e-05, -5.7337e-05, 0.000404493, 0.0325386, 0.383179, -0.249088, -0.102614, -0.138949, 0.326319, 0.279135, 0, 0, 0, 8, 0, 0, 0, 0, 0, 0, 0, 0, 0, 0
14.55, 2025-06-05__13-49-13.906266, -0.000499642, -0.646134, -0.0116942, -0.144892, -0.0293895, 1.71951, 0.711917, -0.00418726, 0.00064214, 0.000217207, 0.000743121, -0.000171244, 0.000219949, -3.70926e-05, 0.195717, 0.372825, -0.280562, -0.101395, -0.145741, 0.324394, 0.281249, 0, 0, 0, 8, 0, 0, 0, 0, 0, 0, 0, 0, 0, 0
14.56, 2025-06-05__13-49-13.916265, -0.000498919, -0.646131, -0.0116991, -0.144897, -0.0293884, 1.71951, 0.711916, -0.00157057, 0.00143156, -0.00105418, -0.000852282, -0.000204755, -6.42122e-05, -8.19241e-05, 0.142256, 0.259195, -0.267513, -0.0415186, -0.141566, 0.333576, 0.281383, 0, 0, 0, 8, 0, 0, 0, 0, 0, 0, 0, 0, 0, 0
14.57, 2025-06-05__13-49-13.926267, -0.0004989, -0.646135, -0.0116992, -0.144895, -0.0293888, 1.71951, 0.711918, -0.00235595, -0.000591428, -0.00098332, 0.000272149, 2.23856e-05, 0.000305077, -0.000265936, 0.156334, 0.445061, -0.272777, -0.134355, -0.145129, 0.320088, 0.281806, 0, 0, 0, 8, 0, 0, 0, 0, 0, 0, 0, 0, 0, 0
14.58, 2025-06-05__13-49-13.936266, -0.000491835, -0.646137, -0.0116964, -0.144897, -0.0293885, 1.71951, 0.711921, 0.000411238, -0.000724379, 0.000219495, -0.000754986, -2.42399e-05, -0.00139875, -0.000112697, 0.106607, 0.41723, -0.265232, -0.116156, -0.143267, 0.329042, 0.281016, 0, 0, 0, 8, 0, 0, 0, 0, 0, 0, 0, 0, 0, 0
14.59, 2025-06-05__13-49-13.946265, -0.000492587, -0.646137, -0.0116992, -0.144897, -0.0293846, 1.7195, 0.711916, 0.00077649, -0.000119959, -0.0002779, -0.000601862, 0.000177805, -0.00029919, -0.00084177, 0.0987107, 0.383714, -0.262501, -0.101153, -0.143048, 0.327636, 0.283453, 0, 0, 0, 8, 0, 0, 0, 0, 0, 0, 0, 0, 0, 0
14.6, 2025-06-05__13-49-13.956265, -0.00049072, -0.64614, -0.0117017, -0.144895, -0.0293891, 1.71951, 0.711916, 0.000156454, -0.00170581, -0.00158052, 0.000754146, -0.000150205, -0.000246351, 0.000147464, 0.103901, 0.543114, -0.263622, -0.182213, -0.143339, 0.316124, 0.280469, 0, 0, 0, 8, 0, 0, 0, 0, 0, 0, 0, 0, 0, 0
14.61, 2025-06-05__13-49-13.966265, -0.000490179, -0.646137, -0.0116936, -0.144897, -0.0293882, 1.71951, 0.711921, 0.00417066, -0.000356395, 0.0018971, -0.000196197, 0.000219191, -8.17606e-05, -0.000237744, 0.0421791, 0.419377, -0.255611, -0.118855, -0.142016, 0.324535, 0.28103, 0, 0, 0, 8, 0, 0, 0, 0, 0, 0, 0, 0, 0, 0
14.62, 2025-06-05__13-49-13.976268, -0.000493324, -0.646139, -0.0116984, -0.144895, -0.0293863, 1.71951, 0.71192, -0.0040923, -0.00138129, -0.000169929, -0.000467054, -0.000223051, 8.56642e-05, -9.07777e-05, 0.1896, 0.478848, -0.280576, -0.148114, -0.146626, 0.318994, 0.281261, 0, 0, 0, 8, 0, 0, 0, 0, 0, 0, 0, 0, 0, 0
14.63, 2025-06-05__13-49-13.986269, -0.000492996, -0.646135, -0.0116992, -0.144897, -0.029386, 1.71951, 0.711923, -0.00101902, 0.00117303, -7.7519e-05, -0.000604401, -0.000523168, 0.000437585, -8.88973e-05, 0.133276, 0.293227, -0.267472, -0.058625, -0.141024, 0.329666, 0.280989, 0, 0, 0, 8, 0, 0, 0, 0, 0, 0, 0, 0, 0, 0
14.64, 2025-06-05__13-49-13.996267, -0.000492203, -0.646134, -0.0116964, -0.144893, -0.0293863, 1.71951, 0.711923, -5.86157e-05, 0.000412156, 0.000598896, -0.000717733, -0.00015588, -0.000111636, 0.00127226, 0.117363, 0.340887, -0.266517, -0.0804963, -0.142577, 0.328972, 0.276707, 0, 0, 0, 8, 0, 0, 0, 0, 0, 0, 0, 0, 0, 0
14.65, 2025-06-05__13-49-14.006268, -0.000492201, -0.64614, -0.0116963, -0.144895, -0.0293846, 1.7195, 0.711923, 0.000324616, -0.000668907, 0.000913725, -0.000156312, -4.40875e-05, -0.000302777, 0.00065181, 0.110777, 0.441278, -0.267164, -0.130024, -0.1441, 0.32384, 0.278524, 0, 0, 0, 8, 0, 0, 0, 0, 0, 0, 0, 0, 0, 0
14.66, 2025-06-05__13-49-14.016265, -0.000489412, -0.646137, -0.0116989, -0.144893, -0.0293889, 1.71951, 0.711924, -0.000311072, -0.000164747, -5.13692e-05, -0.000105832, -8.48236e-06, 0.000147357, 0.000481725, 0.118711, 0.405679, -0.266655, -0.113737, -0.143424, 0.323659, 0.279083, 0, 0, 0, 8, 0, 0, 0, 0, 0, 0, 0, 0, 0, 0
14.67, 2025-06-05__13-49-14.026267, -0.000493386, -0.646134, -0.0116992, -0.144889, -0.0293894, 1.71951, 0.711921, -0.000597695, 0.000403825, -0.000503727, 0.000916679, -0.000391766, 0.000357695, 0.000895392, 0.123531, 0.396902, -0.26647, -0.113121, -0.141996, 0.322768, 0.278005, 0, 0, 0, 8, 0, 0, 0, 0, 0, 0, 0, 0, 0, 0
14.68, 2025-06-05__13-49-14.036269, -0.000489409, -0.646139, -0.0116963, -0.144893, -0.0293889, 1.71951, 0.711924, -0.000135417, 0.000186526, 0.000202666, 0.000285358, 7.42086e-05, 0.000180988, 0.000447446, 0.116677, 0.396809, -0.266516, -0.110714, -0.143614, 0.323928, 0.279157, 0, 0, 0, 8, 0, 0, 0, 0, 0, 0, 0, 0, 0, 0
14.69, 2025-06-05__13-49-14.046269, -0.000484436, -0.646141, -0.0116936, -0.144897, -0.029386, 1.7195, 0.711922, 0.000979822, -0.00152049, 0.000717051, -0.00140599, -0.000165457, -0.000485856, -0.000490976, 0.0954595, 0.459496, -0.264498, -0.13446, -0.143133, 0.324165, 0.282041, 0, 0, 0, 8, 0, 0, 0, 0, 0, 0, 0, 0, 0, 0
14.7, 2025-06-05__13-49-14.056268, -0.000486874, -0.64614, -0.0116992, -0.144892, -0.0293888, 1.7195, 0.711922, 0.00678919, -0.00059012, 4.93707e-05, 0.000322978, -1.17172e-05, -0.000404, -0.000243391, -0.0149791, 0.453682, -0.242839, -0.13659, -0.138474, 0.324103, 0.280916, 0, 0, 0, 8, 0, 0, 0, 0, 0, 0, 0, 0, 0, 0
14.71, 2025-06-05__13-49-14.066271, -0.000489962, -0.646138, -0.0116988, -0.144892, -0.0293846, 1.71951, 0.71192, 0.00525283, 0.000267128, -0.000375657, 0.000407554, 3.43076e-05, -0.000156671, 0.00484591, 0.0134557, 0.394881, -0.246919, -0.109328, -0.139366, 0.325868, 0.265566, 0, 0, 0, 8, 0, 0, 0, 0, 0, 0, 0, 0, 0, 0
14.72, 2025-06-05__13-49-14.076269, -0.000489379, -0.646138, -0.0116964, -0.144892, -0.0293888, 1.71951, 0.711919, 0.00124879, -0.000408022, 0.000977528, -1.05729e-05, 0.000220059, -0.000209454, 1.61177e-05, 0.0931382, 0.427445, -0.263793, -0.123848, -0.14383, 0.323897, 0.280575, 0, 0, 0, 8, 0, 0, 0, 0, 0, 0, 0, 0, 0, 0
14.73, 2025-06-05__13-49-14.086270, -0.000486459, -0.64614, -0.0116961, -0.144889, -0.0293871, 1.71951, 0.711922, -4.17213e-05, -0.00101625, 0.00018546, 0.00147052, 0.000285918, 0.000717367, 0.00207758, 0.113509, 0.524988, -0.267731, -0.176142, -0.145852, 0.313462, 0.274172, 0, 0, 0, 8, 0, 0, 0, 0, 0, 0, 0, 0, 0, 0
14.74, 2025-06-05__13-49-14.096270, -0.000486304, -0.646129, -0.0116939, -0.144897, -0.0293868, 1.71951, 0.711917, -0.000222933, 0.00205049, 0.00139502, 0.00179273, -0.000434122, -8.9931e-05, -0.000625872, 0.122248, 0.305341, -0.267392, -0.0715597, -0.14156, 0.329808, 0.282757, 0, 0, 0, 8, 0, 0, 0, 0, 0, 0, 0, 0, 0, 0
14.75, 2025-06-05__13-49-14.106268, -0.000484014, -0.646137, -0.0116992, -0.144893, -0.0293884, 1.71951, 0.711921, -0.000866097, -0.000430634, -0.000288458, -7.18838e-05, -0.00018131, -3.92804e-05, 0.000678081, 0.126463, 0.424128, -0.267978, -0.122682, -0.143343, 0.323089, 0.278666, 0, 0, 0, 8, 0, 0, 0, 0, 0, 0, 0, 0, 0, 0
14.76, 2025-06-05__13-49-14.116269, -0.000486047, -0.646137, -0.0116992, -0.144892, -0.0293882, 1.71951, 0.711922, -0.000602748, 4.75289e-05, -0.0010382, 0.000240747, 0.000144044, 0.000244361, -0.000768626, 0.120111, 0.401881, -0.265447, -0.113276, -0.143483, 0.323287, 0.283046, 0, 0, 0, 8, 0, 0, 0, 0, 0, 0, 0, 0, 0, 0
14.77, 2025-06-05__13-49-14.126269, -0.000485078, -0.646137, -0.0116964, -0.144892, -0.0293835, 1.71951, 0.711922, 0.000371228, 0.000881979, 0.000693322, 6.19976e-05, 0.000250014, 0.000168844, 0.000339016, 0.108222, 0.339144, -0.264915, -0.082238, -0.143613, 0.327786, 0.279532, 0, 0, 0, 8, 0, 0, 0, 0, 0, 0, 0, 0, 0, 0
14.78, 2025-06-05__13-49-14.136269, -0.000480896, -0.646137, -0.0116988, -0.144887, -0.0293878, 1.71951, 0.71192, 1.94946e-05, 0.000711986, -0.000582451, 0.000713126, 5.02049e-05, 3.69829e-05, -0.000280997, 0.108761, 0.37083, -0.263464, -0.0996859, -0.142556, 0.325819, 0.281594, 0, 0, 0, 8, 0, 0, 0, 0, 0, 0, 0, 0, 0, 0
14.79, 2025-06-05__13-49-14.146269, -0.000480805, -0.646138, -0.0116992, -0.144889, -0.0293881, 1.71951, 0.711922, 0.000146085, 0.000161507, -9.37993e-06, 0.000321187, 0.00033808, 1.83271e-05, 0.000205744, 0.108252, 0.398198, -0.264749, -0.111376, -0.144092, 0.324482, 0.279961, 0, 0, 0, 8, 0, 0, 0, 0, 0, 0, 0, 0, 0, 0
14.8, 2025-06-05__13-49-14.156267, -0.000477588, -0.646138, -0.0116961, -0.144894, -0.0293889, 1.71951, 0.711923, 0.00128266, -0.000322136, 0.000711488, -0.000691726, 7.36262e-06, 9.68333e-05, 0.000119778, 0.0883517, 0.399494, -0.262153, -0.108442, -0.142469, 0.324865, 0.280094, 0, 0, 0, 8, 0, 0, 0, 0, 0, 0, 0, 0, 0, 0
14.81, 2025-06-05__13-49-14.166269, -0.000482619, -0.646135, -0.0116984, -0.144892, -0.0293877, 1.71951, 0.711923, -0.00113824, 0.000754843, -0.00057723, -0.000624325, -4.00221e-05, -0.000145844, 0.0027739, 0.130826, 0.319357, -0.267156, -0.0708342, -0.142773, 0.330122, 0.272229, 0, 0, 0, 8, 0, 0, 0, 0, 0, 0, 0, 0, 0, 0
14.82, 2025-06-05__13-49-14.176267, -0.000479828, -0.646138, -0.0116989, -0.144893, -0.0293877, 1.71951, 0.711925, -0.00139599, 0.000768227, -0.000349591, -0.00102428, 0.000340301, 0.000399111, 0.0011805, 0.136099, 0.31087, -0.268382, -0.065738, -0.144133, 0.328929, 0.276993, 0, 0, 0, 8, 0, 0, 0, 0, 0, 0, 0, 0, 0, 0
14.83, 2025-06-05__13-49-14.186269, -0.000476638, -0.646138, -0.0116964, -0.144892, -0.0293882, 1.71951, 0.711923, 0.000315526, -0.000395029, 0.000304551, 9.33423e-05, 9.33538e-05, -0.000193513, 3.68088e-05, 0.104731, 0.42901, -0.264981, -0.125165, -0.143663, 0.323519, 0.28041, 0, 0, 0, 8, 0, 0, 0, 0, 0, 0, 0, 0, 0, 0
14.84, 2025-06-05__13-49-14.196269, -0.000476159, -0.646137, -0.0117017, -0.144892, -0.0293895, 1.71951, 0.711922, -0.00284803, 0.00120904, -0.00183379, 0.000464849, -0.000218486, 6.16116e-05, -0.000997121, 0.156718, 0.324777, -0.269742, -0.0774997, -0.142442, 0.328182, 0.283966, 0, 0, 0, 8, 0, 0, 0, 0, 0, 0, 0, 0, 0, 0
14.85, 2025-06-05__13-49-14.206267, -0.000473213, -0.646138, -0.0117016, -0.144887, -0.0293894, 1.71951, 0.711924, 0.00315154, 0.00081282, -0.000775166, 0.00103594, -0.000340064, -0.000361038, 0.000177674, 0.0466796, 0.374939, -0.251624, -0.102042, -0.138586, 0.327255, 0.279831, 0, 0, 0, 8, 0, 0, 0, 0, 0, 0, 0, 0, 0, 0
14.86, 2025-06-05__13-49-14.216269, -0.000470186, -0.64614, -0.0116964, -0.144893, -0.0293889, 1.71951, 0.711918, 0.000922133, -0.000160542, -5.45606e-05, -5.42947e-05, -3.27166e-05, 0.000163314, -0.00124444, 0.0904564, 0.411055, -0.26146, -0.116226, -0.142145, 0.323504, 0.284536, 0, 0, 0, 8, 0, 0, 0, 0, 0, 0, 0, 0, 0, 0
14.87, 2025-06-05__13-49-14.226267, -0.000467039, -0.646135, -0.0116964, -0.144889, -0.0293889, 1.71951, 0.711924, 0.00280647, 0.00133868, 0.000634413, -8.29716e-06, 6.18007e-05, 0.000450301, -0.000717746, 0.0574611, 0.304752, -0.254807, -0.0653033, -0.140075, 0.329316, 0.28252, 0, 0, 0, 8, 0, 0, 0, 0, 0, 0, 0, 0, 0, 0
14.88, 2025-06-05__13-49-14.236268, -0.000470898, -0.64614, -0.0116992, -0.144889, -0.0293884, 1.71951, 0.711924, -0.000869159, -0.000713345, -0.000245862, 0.000230284, -0.000335842, 0.000158572, 0.000283735, 0.122728, 0.458207, -0.267694, -0.140032, -0.143062, 0.320127, 0.279709, 0, 0, 0, 8, 0, 0, 0, 0, 0, 0, 0, 0, 0, 0
14.89, 2025-06-05__13-49-14.246270, -0.000467, -0.646138, -0.0116992, -0.144889, -0.0293849, 1.71951, 0.711918, 0.00181025, 0.000241703, -0.000791839, -1.37838e-05, 0.000313117, -0.000313909, -0.0002028, 0.0705799, 0.380024, -0.256558, -0.101247, -0.14206, 0.327215, 0.281322, 0, 0, 0, 8, 0, 0, 0, 0, 0, 0, 0, 0, 0, 0
14.9, 2025-06-05__13-49-14.256265, -0.000473028, -0.646138, -0.011701, -0.144886, -0.0293863, 1.71951, 0.711925, -0.00061638, 0.00106618, -0.00110948, 0.0017605, -2.20786e-05, -0.000271753, 0.000812376, 0.116425, 0.380073, -0.264156, -0.107534, -0.142651, 0.325664, 0.278073, 0, 0, 0, 8, 0, 0, 0, 0, 0, 0, 0, 0, 0, 0
14.91, 2025-06-05__13-49-14.266267, -0.000476977, -0.64614, -0.0116963, -0.144886, -0.0293843, 1.71951, 0.711924, -0.00235976, 0.00023886, 0.00122747, 0.00093407, -2.53555e-05, 0.000133984, -5.75073e-06, 0.158344, 0.415743, -0.27571, -0.122005, -0.145868, 0.322367, 0.28062, 0, 0, 0, 8, 0, 0, 0, 0, 0, 0, 0, 0, 0, 0
14.92, 2025-06-05__13-49-14.276268, -0.000467702, -0.646138, -0.0116957, -0.144891, -0.0293856, 1.71951, 0.711922, -0.000334529, 0.000210164, 0.000501387, 0.000103915, -6.19702e-05, 0.000368495, -9.42046e-05, 0.115402, 0.389061, -0.266527, -0.106447, -0.143259, 0.323869, 0.28089, 0, 0, 0, 8, 0, 0, 0, 0, 0, 0, 0, 0, 0, 0
14.93, 2025-06-05__13-49-14.286269, -0.000467048, -0.646138, -0.0116986, -0.144888, -0.0293881, 1.71951, 0.711923, 5.55876e-05, 0.000539138, -0.00213897, 0.000266314, 0.000224914, -0.000219815, -0.000984937, 0.098943, 0.36669, -0.259624, -0.0963065, -0.14202, 0.327193, 0.283665, 0, 0, 0, 8, 0, 0, 0, 0, 0, 0, 0, 0, 0, 0
14.94, 2025-06-05__13-49-14.296270, -0.000466957, -0.646138, -0.0116992, -0.144886, -0.029387, 1.71951, 0.711923, 0.000165893, 0.000649293, 0.000127742, 0.00129812, 0.00037538, -0.000254255, -0.000151012, 0.104651, 0.395837, -0.264111, -0.113224, -0.144129, 0.325148, 0.280979, 0, 0, 0, 8, 0, 0, 0, 0, 0, 0, 0, 0, 0, 0
14.95, 2025-06-05__13-49-14.306270, -0.000463944, -0.64614, -0.0116964, -0.144888, -0.0293888, 1.71951, 0.711926, -0.000235461, -9.79357e-05, 0.00067009, 0.000379278, -3.91627e-06, 3.50331e-06, 0.000466094, 0.11276, 0.420781, -0.26675, -0.122273, -0.143696, 0.323114, 0.278968, 0, 0, 0, 8, 0, 0, 0, 0, 0, 0, 0, 0, 0, 0
14.96, 2025-06-05__13-49-14.316269, -0.000464098, -0.646138, -0.0116984, -0.144888, -0.0293884, 1.71951, 0.71192, -0.00155682, 0.000138188, -0.000451889, 0.000377752, -0.000170054, 0.000342217, -0.000127298, 0.13364, 0.401599, -0.268615, -0.113656, -0.143252, 0.32279, 0.281203, 0, 0, 0, 8, 0, 0, 0, 0, 0, 0, 0, 0, 0, 0
14.97, 2025-06-05__13-49-14.326268, -0.000463769, -0.64614, -0.0116992, -0.144888, -0.0293874, 1.71951, 0.711925, -0.00112606, -0.000544589, -0.00105922, 0.000399068, 0.000135893, 0.000141274, 0.000476135, 0.123169, 0.451515, -0.266764, -0.137515, -0.144296, 0.320464, 0.279096, 0, 0, 0, 8, 0, 0, 0, 0, 0, 0, 0, 0, 0, 0
14.98, 2025-06-05__13-49-14.336269, -0.000463455, -0.64614, -0.0116939, -0.144888, -0.0293884, 1.71951, 0.711926, -0.00149125, 0.000933663, 0.000916351, 0.000183359, -9.12253e-05, -0.000127065, 0.000115233, 0.137633, 0.340623, -0.270535, -0.0833828, -0.143597, 0.328465, 0.280148, 0, 0, 0, 8, 0, 0, 0, 0, 0, 0, 0, 0, 0, 0
14.99, 2025-06-05__13-49-14.346271, -0.000459832, -0.646141, -0.0116991, -0.144891, -0.0293876, 1.71951, 0.711923, -4.22181e-05, -0.000874959, -0.00122762, -9.64541e-05, 0.000497814, 0.000141698, 0.000274816, 0.101352, 0.45984, -0.262858, -0.139722, -0.14462, 0.320404, 0.27972, 0, 0, 0, 8, 0, 0, 0, 0, 0, 0, 0, 0, 0, 0
15, 2025-06-05__13-49-14.356268, -0.000456751, -0.646138, -0.0117017, -0.144888, -0.0293878, 1.71951, 0.711922, -0.000606626, 0.000935849, -0.00192823, -3.56418e-05, 0.000113299, 0.00149378, 0.000517279, 0.109196, 0.335897, -0.261197, -0.0815866, -0.141723, 0.322937, 0.279126, 0, 0, 0, 8, 0, 0, 0, 0, 0, 0, 0, 0, 0, 0
15.01, 2025-06-05__13-49-14.366271, -0.000457067, -0.646141, -0.0116942, -0.144893, -0.0293874, 1.71951, 0.711918, 0.00539831, 0.000607379, -9.12757e-05, -0.000968438, 0.000189162, -0.00255447, -0.00125857, 0.00325214, 0.318006, -0.244568, -0.0665825, -0.138434, 0.340284, 0.284361, 0, 0, 0, 8, 0, 0, 0, 0, 0, 0, 0, 0, 0, 0
15.02, 2025-06-05__13-49-14.376281, -0.000459257, -0.646133, -0.011696, -0.144892, -0.0293891, 1.71951, 0.711921, -0.000153077, 0.00476764, 0.00166434, -0.00604851, 0.000694523, 0.00107713, 0.0005083, -0.0695732, 80.6047, -1.02203, -42.4698, -1.05622, -5.89803, 0.224543, 0, 0, 0, 0, 0, 0, 0, 0, 0, 0, 0, 0, 0, 0
15.03, 2025-06-05__13-49-14.386267, -0.000470884, -0.646066, -0.0117566, -0.145076, -0.0295373, 1.71803, 0.711924, -0.00436839, 0.0122938, -0.00920336, -0.0305833, -0.0201929, -0.24766, 0.000556797, -0.0693709, 77.9637, -0.987602, -40.9803, -0.964423, -4.73857, 0.232973, 0, 0, 0, 0, 0, 0, 0, 0, 0, 0, 0, 0, 0, 0
15.04, 2025-06-05__13-49-14.396268, -0.000512147, -0.646048, -0.0118811, -0.146839, -0.02994, 1.71251, 0.711922, -0.00193355, -0.00338843, -0.0107566, -0.229863, -0.0337646, -0.558887, -0.000166602, -0.165518, 70.6126, -0.917725, -36.5941, -0.840158, -2.73909, 0.249154, 0, 0, 0, 0, 0, 0, 0, 0, 0, 0, 0, 0, 0, 0
15.05, 2025-06-05__13-49-14.406268, -0.000520981, -0.646654, -0.0119501, -0.150627, -0.0302106, 1.70712, 0.711927, -0.000625641, -0.092502, -0.00439328, -0.511325, -0.0233996, -0.577538, 0.000366208, -0.197742, 67.6549, -0.928912, -34.1951, -0.840331, -2.02798, 0.25289, 0, 0, 0, 0, 0, 0, 0, 0, 0, 0, 0, 0, 0, 0
15.06, 2025-06-05__13-49-14.416270, -0.00056114, -0.648178, -0.0119649, -0.15881, -0.0302787, 1.70151, 0.711921, 0.00166571, -0.160105, 0.00178862, -0.852515, 0.00316184, -0.46522, -0.00079408, -0.196616, 62.7447, -0.922997, -30.7443, -0.874437, -1.62774, 0.260067, 0, 0, 0, 0, 0, 0, 0, 0, 0, 0, 0, 0, 0, 0
15.07, 2025-06-05__13-49-14.426270, -0.000568951, -0.649479, -0.0119504, -0.16706, -0.0302756, 1.69882, 0.71192, -0.00304505, -0.15291, 0.000764555, -1.05737, 0.000291352, -0.294741, -0.000818168, -0.0830495, 57.3331, -0.881222, -27.5627, -0.797826, -1.64803, 0.26227, 0, 0, 0, 0, 0, 0, 0, 0, 0, 0, 0, 0, 0, 0
15.08, 2025-06-05__13-49-14.436268, -0.000557803, -0.650461, -0.011909, -0.180495, -0.0302541, 1.69688, 0.711924, 0.00141558, -0.0370071, 0.010044, -1.12677, 0.000678709, -0.110687, 0.0011395, -0.0510338, 48.6091, -0.769154, -23.2504, -0.688679, -1.6305, 0.256129, 0, 0, 0, 0, 0, 0, 0, 0, 0, 0, 0, 0, 0, 0
15.09, 2025-06-05__13-49-14.446270, -0.000559435, -0.650149, -0.0118333, -0.190597, -0.0302305, 1.69686, 0.711919, -0.00501264, 0.0439721, 0.00435192, -1.11572, -0.00358131, 0.0162247, -0.000903892, 0.0995152, 43.5159, -0.708628, -20.9207, -0.607265, -1.78317, 0.262544, 0, 0, 0, 0, 0, 0, 0, 0, 0, 0, 0, 0, 0, 0
15.1, 2025-06-05__13-49-14.456266, -0.000537617, -0.649083, -0.0117716, -0.201381, -0.0302277, 1.69736, 0.711916, 0.000639529, 0.114645, 0.0021128, -1.0813, -0.000203181, 0.0579195, -0.000821783, 0.0364929, 38.816, -0.616905, -18.8082, -0.553274, -1.69047, 0.262244, 0, 0, 0, 0, 0, 0, 0, 0, 0, 0, 0, 0, 0, 0
15.11, 2025-06-05__13-49-14.466270, -0.00043885, -0.647149, -0.0117425, -0.212405, -0.0302307, 1.69787, 0.711924, 0.00979913, 0.232764, 0.00267853, -1.11963, -0.000372254, 0.0487396, -0.00263461, -0.0678061, 27.1484, -0.431195, -13.1095, -0.40807, -0.957684, 0.271257, 0, 0, 0, 0, 0, 0, 0, 0, 0, 0, 0, 0, 0, 0
15.12, 2025-06-05__13-49-14.476269, -0.000355368, -0.643356, -0.011754, -0.224758, -0.0302411, 1.69853, 0.711928, 0.00421166, 0.364781, -0.00171597, -1.11878, -0.00168112, 0.069605, 0.00209784, 0.0771277, 13.9455, -0.271225, -6.81991, -0.244998, -0.278968, 0.261065, 0, 0, 0, 0, 0, 0, 0, 0, 0, 0, 0, 0, 0, 0
15.13, 2025-06-05__13-49-14.486269, -0.000279063, -0.639752, -0.0117263, -0.234389, -0.0302104, 1.69938, 0.711928, 0.0118544, 0.405521, 0.0032665, -1.06687, 0.00624655, 0.102279, 0.000876301, 0.0123591, 9.20196, -0.185867, -4.73525, -0.21051, -0.187324, 0.263772, 0, 0, 0, 0, 0, 0, 0, 0, 0, 0, 0, 0, 0, 0
15.14, 2025-06-05__13-49-14.496270, -0.000164884, -0.635757, -0.0116889, -0.244579, -0.0301585, 1.70054, 0.711921, 0.0143728, 0.398839, 0.0032354, -1.0063, -0.000179772, 0.115554, -0.000673126, -0.0266169, 7.61379, -0.138587, -4.17691, -0.166964, -0.238034, 0.268098, 0, 0, 0, 0, 0, 0, 0, 0, 0, 0, 0, 0, 0, 0
15.15, 2025-06-05__13-49-14.506267, -4.91446e-05, -0.631205, -0.0116921, -0.254638, -0.0301677, 1.7016, 0.711927, 0.00693836, 0.474751, -0.000522473, -1.00786, -0.00126502, 0.103183, 0.00125795, 0.114141, -2.67106, -0.029294, 0.743267, -0.0426641, 0.357919, 0.265934, 0, 0, 0, 0, 0, 0, 0, 0, 0, 0, 0, 0, 0, 0
15.16, 2025-06-05__13-49-14.516270, 4.43075e-05, -0.626111, -0.0116762, -0.264707, -0.0301562, 1.70242, 0.711924, 0.00279075, 0.503671, 0.00714234, -1.00749, 0.00420176, 0.0778627, 0.000665349, 0.244848, -10.1962, 0.0170849, 4.35083, 0.0182389, 0.848563, 0.270312, 0, 0, 0, 0, 0, 0, 0, 0, 0, 0, 0, 0, 0, 0
15.17, 2025-06-05__13-49-14.526269, 0.000148522, -0.621631, -0.0116298, -0.274582, -0.030124, 1.70315, 0.711925, 0.00879094, 0.424261, 0.00526199, -0.980544, 0.00661773, 0.0664357, 0.000357725, 0.129068, -8.41312, 0.0298858, 3.42065, -0.00723387, 0.728799, 0.269751, 0, 0, 0, 0, 0, 0, 0, 0, 0, 0, 0, 0, 0, 0
15.18, 2025-06-05__13-49-14.536269, 0.000243396, -0.617521, -0.0116423, -0.284248, -0.0301306, 1.70368, 0.711922, 0.00506569, 0.420547, -0.00133622, -0.97325, -4.97723e-05, 0.0473056, -1.55554e-05, 0.154699, -12.3555, 0.0884843, 5.29177, 0.0645105, 0.993588, 0.273234, 0, 0, 0, 0, 0, 0, 0, 0, 0, 0, 0, 0, 0, 0
15.19, 2025-06-05__13-49-14.546269, 0.000331816, -0.613372, -0.0116365, -0.293037, -0.0301255, 1.70387, 0.711925, 0.00510423, 0.452839, 0.00206297, -0.979435, 0.00049084, 0.0150655, -0.000985411, 0.198755, -19.4287, 0.160481, 8.71301, 0.140975, 1.51641, 0.27888, 0, 0, 0, 0, 0, 0, 0, 0, 0, 0, 0, 0, 0, 0
15.2, 2025-06-05__13-49-14.556268, 0.000407558, -0.60873, -0.011598, -0.30431, -0.0301031, 1.70416, 0.711921, 0.0036001, 0.34566, 0.00491943, -0.927302, 0.000548575, 0.0263745, -0.000993784, 0.203396, -14.9152, 0.092386, 6.39322, 0.0851137, 1.1607, 0.276554, 0, 0, 0, 0, 0, 0, 0, 0, 0, 0, 0, 0, 0, 0
15.21, 2025-06-05__13-49-14.566271, 0.000458355, -0.605895, -0.0116052, -0.312582, -0.0301013, 1.70432, 0.711926, 0.00533021, 0.332068, -7.394e-05, -0.917449, 0.000185485, 0.00888482, 0.00049657, 0.162262, -16.7155, 0.138918, 7.23606, 0.111015, 1.31187, 0.272606, 0, 0, 0, 0, 0, 0, 0, 0, 0, 0, 0, 0, 0, 0
15.22, 2025-06-05__13-49-14.576270, 0.000508081, -0.602275, -0.011634, -0.32192, -0.0301044, 1.70435, 0.711927, 0.00409603, 0.357223, -0.00370577, -0.935311, 0.000697491, -0.000475589, 0.000596409, 0.191024, -23.0449, 0.217132, 10.324, 0.184955, 1.71866, 0.274886, 0, 0, 0, 0, 0, 0, 0, 0, 0, 0, 0, 0, 0, 0
15.23, 2025-06-05__13-49-14.586267, 0.000525352, -0.599461, -0.0115898, -0.330909, -0.0300839, 1.7044, 0.71193, -0.000153582, 0.240718, 0.00724104, -0.882048, 0.00288971, 0.00501866, -0.000279973, 0.257601, -15.8916, 0.0682389, 6.74494, 0.0822095, 1.24513, 0.274053, 0, 0, 0, 0, 0, 0, 0, 0, 0, 0, 0, 0, 0, 0
15.24, 2025-06-05__13-49-14.596270, 0.000567509, -0.597228, -0.0115609, -0.340473, -0.0300672, 1.70442, 0.711933, 0.00411149, 0.22001, 0.000414109, -0.866115, -0.000157681, 0.00202518, 0.000749171, 0.176686, -16.2826, 0.118458, 6.88921, 0.102987, 1.26407, 0.270827, 0, 0, 0, 0, 0, 0, 0, 0, 0, 0, 0, 0, 0, 0
15.25, 2025-06-05__13-49-14.606267, 0.000584562, -0.59496, -0.0116121, -0.348363, -0.0300882, 1.70451, 0.711932, -0.00153575, 0.23927, -0.000178643, -0.86511, -0.00775201, 0.00430967, -0.000524267, 0.253151, -20.0555, 0.143127, 8.68967, 0.172443, 1.46326, 0.276686, 0, 0, 0, 0, 0, 0, 0, 0, 0, 0, 0, 0, 0, 0
15.26, 2025-06-05__13-49-14.616268, 0.000562786, -0.59326, -0.011534, -0.357682, -0.0300423, 1.70448, 0.711934, 0.00303346, 0.115435, 0.0106207, -0.82739, 0.00590516, -0.0094178, 0.00436892, 0.222495, -11.775, 0.00198701, 4.63232, 0.0173679, 1.01278, 0.257422, 0, 0, 0, 0, 0, 0, 0, 0, 0, 0, 0, 0, 0, 0
15.27, 2025-06-05__13-49-14.626267, 0.000620616, -0.592546, -0.0114736, -0.365208, -0.0300175, 1.70449, 0.711937, 0.00593067, 0.101283, 0.00962273, -0.841992, 0.000252159, 0.00294463, 0.00183954, 0.184015, -11.9813, 0.0204979, 4.76877, 0.0393657, 0.985285, 0.265059, 0, 0, 0, 0, 0, 0, 0, 0, 0, 0, 0, 0, 0, 0
15.28, 2025-06-05__13-49-14.636270, 0.000593706, -0.59116, -0.0115438, -0.37375, -0.0300466, 1.70456, 0.711933, -0.00699073, 0.138108, -0.00380915, -0.850805, -0.00163791, 0.00706165, 1.9794e-05, 0.279732, -16.4049, 0.064796, 6.90625, 0.105515, 1.21936, 0.273575, 0, 0, 0, 0, 0, 0, 0, 0, 0, 0, 0, 0, 0, 0
15.29, 2025-06-05__13-49-14.646268, 0.000576375, -0.590546, -0.0114571, -0.382064, -0.0299989, 1.7045, 0.711936, -0.000898493, 0.0249594, 0.0168971, -0.811587, 0.0083724, -0.00475798, -0.000410016, 0.280087, -7.65087, -0.118701, 2.61787, -0.0505964, 0.740151, 0.270189, 0, 0, 0, 0, 0, 0, 0, 0, 0, 0, 0, 0, 0, 0
15.3, 2025-06-05__13-49-14.656269, 0.0006359, -0.59085, -0.0113997, -0.390145, -0.0299734, 1.7045, 0.711932, 0.0081953, -0.0148439, -0.00215622, -0.798457, -0.000387432, -0.00436224, 0.000286934, 0.0697708, -4.04277, -0.0231249, 0.854396, -0.0453987, 0.521957, 0.267292, 0, 0, 0, 0, 0, 0, 0, 0, 0, 0, 0, 0, 0, 0
15.31, 2025-06-05__13-49-14.666270, 0.000623397, -0.590365, -0.0114502, -0.398589, -0.0299962, 1.70453, 0.711942, -0.00582649, 0.0651714, 0.00116039, -0.857159, 0.000152769, 0.00066752, 0.00119894, 0.268775, -12.2805, -0.0242706, 4.96314, 0.0414039, 1.00399, 0.268021, 0, 0, 0, 0, 0, 0, 0, 0, 0, 0, 0, 0, 0, 0
15.32, 2025-06-05__13-49-14.676269, 0.000602677, -0.590176, -0.0114113, -0.405298, -0.0299729, 1.70455, 0.711939, 0.00385473, -0.000604914, 0.0100568, -0.83095, 0.00587619, -0.000143022, -0.000298536, 0.197824, -6.86354, -0.0940308, 2.29948, -0.0475181, 0.681059, 0.2696, 0, 0, 0, 0, 0, 0, 0, 0, 0, 0, 0, 0, 0, 0
15.33, 2025-06-05__13-49-14.686268, 0.000678303, -0.591528, -0.0113287, -0.414665, -0.0299294, 1.70454, 0.711936, 0.00294677, -0.12387, -0.000771412, -0.76168, -0.00149424, 0.00403469, 0.000333035, 0.0776967, 5.78781, -0.179514, -3.95573, -0.16312, -0.0982695, 0.263428, 0, 0, 0, 0, 0, 0, 0, 0, 0, 0, 0, 0, 0, 0
15.34, 2025-06-05__13-49-14.696273, 0.000660934, -0.592148, -0.0113902, -0.422777, -0.0299491, 1.70444, 0.711941, 0.000246313, -0.0284492, -0.00865043, -0.842554, 0.00101934, -0.0153359, 2.07476e-05, 0.109132, -3.23614, -0.0637544, 0.610043, -0.0618877, 0.538869, 0.268742, 0, 0, 0, 0, 0, 0, 0, 0, 0, 0, 0, 0, 0, 0
15.35, 2025-06-05__13-49-14.706269, 0.000674757, -0.592036, -0.0113596, -0.431596, -0.029925, 1.70445, 0.711934, 0.00526688, -0.0134931, 0.00512543, -0.858415, 0.00324962, -0.00117537, -0.0035877, 0.145819, -4.89548, -0.105687, 1.44387, -0.0623763, 0.589393, 0.27975, 0, 0, 0, 0, 0, 0, 0, 0, 0, 0, 0, 0, 0, 0
15.36, 2025-06-05__13-49-14.716270, 0.000691965, -0.593652, -0.0113024, -0.440532, -0.0299033, 1.70444, 0.711942, 0.00147739, -0.172664, 0.00349472, -0.772058, -0.000704782, -0.000725157, 0.000101728, 0.0861605, 11.1904, -0.290657, -6.50146, -0.237258, -0.375312, 0.262332, 0, 0, 0, 0, 0, 0, 0, 0, 0, 0, 0, 0, 0, 0
15.37, 2025-06-05__13-49-14.726269, 0.000713586, -0.595004, -0.0113553, -0.448695, -0.0299241, 1.70445, 0.711943, 0.00493874, -0.097133, -0.00458892, -0.836525, -0.000705373, -0.00306835, 0.000382342, 0.0406962, 5.01387, -0.164901, -3.35763, -0.156663, 0.0215315, 0.264259, 0, 0, 0, 0, 0, 0, 0, 0, 0, 0, 0, 0, 0, 0
15.38, 2025-06-05__13-49-14.736283, 0.000700655, -0.595134, -0.0113966, -0.456781, -0.029925, 1.70444, 0.711941, -0.00116731, -0.0160299, -0.00519864, -0.88825, -0.000634724, -0.00917972, 0.00046717, 0.130264, -2.45153, -0.119668, 0.367787, -0.0726413, 0.494722, 0.267604, 0, 0, 0, 0, 0, 0, 0, 0, 0, 0, 0, 0, 0, 0
15.39, 2025-06-05__13-49-14.746282, 0.000699713, -0.596066, -0.0113311, -0.465373, -0.0298972, 1.70443, 0.711942, 0.00317654, -0.125761, 0.0044517, -0.833118, 0.000663237, -0.00212355, -0.00438945, 0.0920469, 8.33268, -0.279217, -4.95359, -0.211569, -0.169799, 0.277627, 0, 0, 0, 0, 0, 0, 0, 0, 0, 0, 0, 0, 0, 0
15.4, 2025-06-05__13-49-14.756283, 0.000758045, -0.597767, -0.0112885, -0.47424, -0.0299039, 1.70442, 0.711939, 0.00556734, -0.121337, -0.00396634, -0.819967, -0.00155733, 0.00103923, -0.00522537, 0.0161618, 10.2982, -0.23824, -5.9347, -0.218248, -0.299747, 0.279628, 0, 0, 0, 0, 0, 0, 0, 0, 0, 0, 0, 0, 0, 0
15.41, 2025-06-05__13-49-14.766281, 0.000755616, -0.597715, -0.0113991, -0.482079, -0.0299299, 1.70447, 0.711942, -0.00394572, 0.0308879, -0.0144115, -0.883074, -0.00178083, 0.01047, -0.000989883, 0.106332, -2.7862, -0.0810275, 0.498161, -0.0560458, 0.430375, 0.272057, 0, 0, 0, 0, 0, 0, 0, 0, 0, 0, 0, 0, 0, 0
15.42, 2025-06-05__13-49-14.776280, 0.000713374, -0.597975, -0.0113757, -0.49044, -0.0298999, 1.70446, 0.71194, 0.00213251, -0.0638409, 0.0151572, -0.802406, 0.00560009, -0.00494404, -0.00033107, 0.167821, 7.00385, -0.357078, -4.40623, -0.224476, -0.110052, 0.265066, 0, 0, 0, 0, 0, 0, 0, 0, 0, 0, 0, 0, 0, 0
15.43, 2025-06-05__13-49-14.786279, 0.000817745, -0.599068, -0.0112753, -0.498018, -0.0298837, 1.70443, 0.711948, 0.0142797, -0.0797434, 0.000297783, -0.769921, 3.03007e-05, -0.00544944, 0.000240006, -0.0293602, 10.4132, -0.231815, -6.13226, -0.229502, -0.317462, 0.261363, 0, 0, 0, 0, 0, 0, 0, 0, 0, 0, 0, 0, 0, 0
15.44, 2025-06-05__13-49-14.796271, 0.000833506, -0.598805, -0.0113585, -0.504351, -0.0299262, 1.70449, 0.711945, -0.00234665, 0.0561595, -0.00889074, -0.809521, -0.00333779, 0.00622446, -0.000290803, 0.111257, -0.91503, -0.130538, -0.610514, -0.0784139, 0.285757, 0.268213, 0, 0, 0, 0, 0, 0, 0, 0, 0, 0, 0, 0, 0, 0
15.45, 2025-06-05__13-49-14.806269, 0.000789157, -0.598082, -0.0113432, -0.513858, -0.0298739, 1.70442, 0.711948, 0.00782993, 0.0226669, 0.0113279, -0.76935, 0.00597806, -0.00728606, 0.00255757, 0.129624, 2.05024, -0.267977, -2.13479, -0.166633, 0.147889, 0.25684, 0, 0, 0, 0, 0, 0, 0, 0, 0, 0, 0, 0, 0, 0
15.46, 2025-06-05__13-49-14.816270, 0.000885894, -0.59833, -0.0112678, -0.521761, -0.0298665, 1.70445, 0.711944, 0.0102949, -0.00804255, -0.00430801, -0.710502, -0.00821441, -0.00378997, -0.000710525, 0.00389971, 6.51891, -0.17919, -4.4508, -0.154523, -0.156109, 0.265652, 0, 0, 0, 0, 0, 0, 0, 0, 0, 0, 0, 0, 0, 0
15.47, 2025-06-05__13-49-14.826270, 0.000872195, -0.597739, -0.0113463, -0.528327, -0.0298909, 1.7044, 0.711949, 0.00222403, 0.0900773, -0.00782033, -0.739506, -0.00277585, -0.00281976, 0.000862613, 0.090565, -2.12264, -0.110876, -0.235451, -0.0697907, 0.335022, 0.263941, 0, 0, 0, 0, 0, 0, 0, 0, 0, 0, 0, 0, 0, 0
15.48, 2025-06-05__13-49-14.836267, 0.000880296, -0.596913, -0.0112919, -0.536513, -0.0298576, 1.70442, 0.711952, 0.00508975, 0.0424853, 0.00841457, -0.73386, 0.00303711, -0.00636377, 0.000336797, 0.141873, 0.593884, -0.262113, -1.54865, -0.140366, 0.193169, 0.263779, 0, 0, 0, 0, 0, 0, 0, 0, 0, 0, 0, 0, 0, 0
15.49, 2025-06-05__13-49-14.846271, 0.000945097, -0.596928, -0.011289, -0.543679, -0.0298707, 1.70438, 0.711951, 0.00607872, 0.00481476, -0.00902449, -0.714259, -0.00289591, -0.00120176, -5.31903e-05, 0.0231572, 3.97197, -0.155048, -3.22886, -0.140271, -0.0244477, 0.264184, 0, 0, 0, 0, 0, 0, 0, 0, 0, 0, 0, 0, 0, 0
15.5, 2025-06-05__13-49-14.856268, 0.000932529, -0.596142, -0.0113586, -0.550382, -0.0298804, 1.70441, 0.711954, -0.00181991, 0.102735, -0.00400915, -0.753123, 0.00123475, 0.00313421, 0.00035885, 0.149169, -5.16939, -0.145328, 1.25206, -0.0547035, 0.481407, 0.266153, 0, 0, 0, 0, 0, 0, 0, 0, 0, 0, 0, 0, 0, 0
15.51, 2025-06-05__13-49-14.866282, 0.000931945, -0.595409, -0.0113336, -0.558711, -0.0298674, 1.7044, 0.711949, 0.00353797, 0.0268237, 0.00419339, -0.745041, 0.00098734, -0.0109343, 5.31861e-05, 0.127371, -0.303016, -0.242354, -1.0897, -0.120417, 0.261538, 0.265597, 0, 0, 0, 0, 0, 0, 0, 0, 0, 0, 0, 0, 0, 0
15.52, 2025-06-05__13-49-14.876272, 0.000982507, -0.595537, -0.0112992, -0.565213, -0.0298621, 1.7043, 0.711948, 0.00788558, -0.000129503, -0.00146583, -0.721442, 0.000179831, 0.000908204, -0.000438054, 0.0545485, 2.60125, -0.209299, -2.55883, -0.144801, 0.0471445, 0.265633, 0, 0, 0, 0, 0, 0, 0, 0, 0, 0, 0, 0, 0, 0
15.53, 2025-06-05__13-49-14.886268, 0.000964006, -0.595012, -0.0113854, -0.572633, -0.0299001, 1.70439, 0.711953, -0.00280748, 0.0817137, -0.00882457, -0.747048, -0.00197214, -7.07148e-07, -0.000383163, 0.122727, -4.68371, -0.125178, 0.996542, -0.0450433, 0.454979, 0.268634, 0, 0, 0, 0, 0, 0, 0, 0, 0, 0, 0, 0, 0, 0
15.54, 2025-06-05__13-49-14.896271, 0.000967908, -0.594348, -0.0113849, -0.580241, -0.0298621, 1.70433, 0.711945, 0.00425625, 0.0411369, 0.00232876, -0.759142, 0.00787573, -0.000194625, -0.00131393, 0.120888, -2.89513, -0.219466, 0.177299, -0.112778, 0.370544, 0.270421, 0, 0, 0, 0, 0, 0, 0, 0, 0, 0, 0, 0, 0, 0
15.55, 2025-06-05__13-49-14.906268, 0.00100004, -0.594607, -0.0113528, -0.588352, -0.0298763, 1.70429, 0.711957, 0.00220153, -0.010468, 0.00348318, -0.733315, -0.000223166, -0.00294812, 0.000550217, 0.114296, 1.92313, -0.285698, -2.20464, -0.142771, 0.100955, 0.262922, 0, 0, 0, 0, 0, 0, 0, 0, 0, 0, 0, 0, 0, 0
15.56, 2025-06-05__13-49-14.916271, 0.000971861, -0.594167, -0.0114177, -0.595813, -0.0298867, 1.70438, 0.711949, -0.00944857, 0.0617403, -0.00623196, -0.757862, -0.00189245, 0.00170331, -0.000589339, 0.170946, -4.51801, -0.195345, 0.939317, -0.0528227, 0.439636, 0.26979, 0, 0, 0, 0, 0, 0, 0, 0, 0, 0, 0, 0, 0, 0
15.57, 2025-06-05__13-49-14.926270, 0.000947305, -0.593784, -0.0114262, -0.602616, -0.0298695, 1.70431, 0.711952, 0.00250951, 0.017339, 0.00200683, -0.759182, 0.00461559, -0.0111676, 0.000466312, 0.121698, -1.84532, -0.251187, -0.325262, -0.115734, 0.348117, 0.264898, 0, 0, 0, 0, 0, 0, 0, 0, 0, 0, 0, 0, 0, 0
15.58, 2025-06-05__13-49-14.936283, 0.0010266, -0.594181, -0.0113909, -0.60995, -0.0298716, 1.70426, 0.711957, 0.00870828, -0.0240906, -0.000269861, -0.731468, -0.00278967, 0.00767486, 0.000810237, 0.0487136, 2.53595, -0.240538, -2.52114, -0.137415, 0.0237001, 0.26162, 0, 0, 0, 0, 0, 0, 0, 0, 0, 0, 0, 0, 0, 0
15.59, 2025-06-05__13-49-14.946281, 0.00101608, -0.593837, -0.0114523, -0.617452, -0.0298785, 1.70434, 0.711955, -0.00226952, 0.0501785, -0.00353793, -0.757756, -0.000968934, 0.0118591, -0.000441977, 0.127992, -3.9939, -0.201745, 0.67185, -0.0652229, 0.369525, 0.268271, 0, 0, 0, 0, 0, 0, 0, 0, 0, 0, 0, 0, 0, 0
15.6, 2025-06-05__13-49-14.956280, 0.000980968, -0.593686, -0.0114396, -0.62496, -0.0298772, 1.70431, 0.711952, 0.00184489, -0.0160545, 0.00409176, -0.746482, 0.00226534, -0.0202998, -0.000176663, 0.115925, 0.825845, -0.314942, -1.64448, -0.142764, 0.222489, 0.266239, 0, 0, 0, 0, 0, 0, 0, 0, 0, 0, 0, 0, 0, 0
15.61, 2025-06-05__13-49-14.966283, 0.0010719, -0.594177, -0.0114097, -0.632983, -0.02986, 1.70418, 0.711958, 0.0102127, -0.0243954, -0.000340108, -0.735819, -0.00571211, -0.00934439, 0.000257754, 0.0343181, 2.33239, -0.244909, -2.40811, -0.128815, 0.0992238, 0.263859, 0, 0, 0, 0, 0, 0, 0, 0, 0, 0, 0, 0, 0, 0
15.62, 2025-06-05__13-49-14.976274, 0.00103589, -0.593819, -0.0114749, -0.63983, -0.0298852, 1.70424, 0.711956, -0.00573104, 0.0499998, -0.0107854, -0.768954, -0.000404088, 0.00481136, 0.000946368, 0.109008, -4.40989, -0.161084, 0.898948, -0.0563427, 0.423616, 0.264669, 0, 0, 0, 0, 0, 0, 0, 0, 0, 0, 0, 0, 0, 0
15.63, 2025-06-05__13-49-14.986281, 0.00100199, -0.59373, -0.0114577, -0.646583, -0.0298717, 1.70421, 0.711956, -0.00342368, -0.0164832, 0.0115813, -0.744285, 0.00104739, 0.000804554, -0.000169991, 0.174243, 1.05413, -0.430036, -1.78686, -0.15062, 0.129862, 0.265784, 0, 0, 0, 0, 0, 0, 0, 0, 0, 0, 0, 0, 0, 0
15.64, 2025-06-05__13-49-14.996281, 0.0010954, -0.594411, -0.0114427, -0.655219, -0.029863, 1.70408, 0.711958, 0.0098634, -0.037841, -0.00824844, -0.72255, -0.000785659, -0.000300552, 0.000377342, -0.00871448, 4.00839, -0.204638, -3.27025, -0.156458, -0.0333645, 0.262572, 0, 0, 0, 0, 0, 0, 0, 0, 0, 0, 0, 0, 0, 0
15.65, 2025-06-05__13-49-15.006280, 0.00106012, -0.594142, -0.0115157, -0.662097, -0.0298854, 1.70416, 0.711961, -0.00922389, 0.0417685, -0.00857592, -0.772307, -0.00134432, 0.0126713, 0.000162897, 0.125893, -3.5623, -0.214307, 0.485879, -0.0660089, 0.348831, 0.266673, 0, 0, 0, 0, 0, 0, 0, 0, 0, 0, 0, 0, 0, 0
15.66, 2025-06-05__13-49-15.016272, 0.0010472, -0.594022, -0.0114711, -0.669766, -0.0298481, 1.70411, 0.711961, 0.00214536, -0.0240841, 0.00448385, -0.758963, 0.00984037, -0.00826855, -0.000137248, 0.0999876, 1.37039, -0.371368, -1.89858, -0.179676, 0.158585, 0.26516, 0, 0, 0, 0, 0, 0, 0, 0, 0, 0, 0, 0, 0, 0
15.67, 2025-06-05__13-49-15.026282, 0.00111127, -0.594793, -0.0114718, -0.677038, -0.0298735, 1.70407, 0.711956, 0.0103779, -0.0519139, -0.00406374, -0.728462, -0.00446973, 5.16803e-05, -0.00121464, -0.00126666, 5.20339, -0.26647, -3.83764, -0.163436, -0.0977445, 0.267416, 0, 0, 0, 0, 0, 0, 0, 0, 0, 0, 0, 0, 0, 0
15.68, 2025-06-05__13-49-15.036283, 0.00108206, -0.59442, -0.0115265, -0.685475, -0.0298673, 1.70415, 0.711956, -0.00680704, 0.0494299, -0.0046629, -0.783761, -0.00080215, 0.0141389, -0.00161203, 0.124675, -4.17761, -0.255997, 0.800352, -0.0679085, 0.377742, 0.27246, 0, 0, 0, 0, 0, 0, 0, 0, 0, 0, 0, 0, 0, 0
15.69, 2025-06-05__13-49-15.046283, 0.00104567, -0.594509, -0.0114828, -0.692332, -0.0298543, 1.70411, 0.711964, 0.00523688, -0.0344569, 0.0110421, -0.754395, 0.00367322, -0.00988921, 0.00133877, 0.100564, 2.76658, -0.457504, -2.59333, -0.184325, 0.081519, 0.260249, 0, 0, 0, 0, 0, 0, 0, 0, 0, 0, 0, 0, 0, 0
15.7, 2025-06-05__13-49-15.056282, 0.00115489, -0.595185, -0.0114623, -0.699549, -0.0298514, 1.70405, 0.711958, 0.0109099, -0.0395968, -0.00215478, -0.725458, -0.00213172, -0.000642118, -0.000986928, 0.00269112, 4.83985, -0.304987, -3.68911, -0.173141, -0.0828748, 0.266579, 0, 0, 0, 0, 0, 0, 0, 0, 0, 0, 0, 0, 0, 0
15.71, 2025-06-05__13-49-15.066281, 0.00110056, -0.594681, -0.0115631, -0.707163, -0.029874, 1.70411, 0.711963, -0.00580456, 0.0611723, -0.00711196, -0.774074, -0.000517102, 0.00192973, 0.000665919, 0.101142, -4.44048, -0.233204, 0.890358, -0.0648649, 0.423106, 0.265382, 0, 0, 0, 0, 0, 0, 0, 0, 0, 0, 0, 0, 0, 0
15.72, 2025-06-05__13-49-15.076283, 0.00108026, -0.594768, -0.0115205, -0.714676, -0.0298521, 1.70402, 0.711965, 0.00228306, -0.0576866, 0.00710135, -0.733051, 0.00219447, -0.01218, -0.000639598, 0.0781185, 5.37258, -0.466444, -3.92178, -0.205902, -0.0643098, 0.265565, 0, 0, 0, 0, 0, 0, 0, 0, 0, 0, 0, 0, 0, 0
15.73, 2025-06-05__13-49-15.086267, 0.00117037, -0.595369, -0.0115111, -0.721926, -0.0298579, 1.70395, 0.711965, 0.00589017, -0.018926, -0.00376479, -0.733714, -0.00104078, -0.000476943, -0.000836062, 0.0212548, 3.28251, -0.308459, -2.93616, -0.158273, 0.00338289, 0.266627, 0, 0, 0, 0, 0, 0, 0, 0, 0, 0, 0, 0, 0, 0
15.74, 2025-06-05__13-49-15.096270, 0.00111707, -0.594777, -0.0116086, -0.729589, -0.029882, 1.70405, 0.711961, -0.0112284, 0.075651, -0.00599888, -0.778609, -0.00231539, -0.00216664, -0.00134786, 0.125437, -5.51832, -0.264869, 1.40673, -0.0485992, 0.49226, 0.272455, 0, 0, 0, 0, 0, 0, 0, 0, 0, 0, 0, 0, 0, 0
15.75, 2025-06-05__13-49-15.106269, 0.00111453, -0.594954, -0.0115547, -0.737055, -0.0298326, 1.70396, 0.711968, 0.00887406, -0.0562582, 0.0135708, -0.738883, 0.00460908, -0.0123675, 0.000720345, 0.0621427, 5.26404, -0.538383, -3.86749, -0.223982, -0.0543294, 0.261001, 0, 0, 0, 0, 0, 0, 0, 0, 0, 0, 0, 0, 0, 0
15.76, 2025-06-05__13-49-15.116269, 0.00118822, -0.59555, -0.0115779, -0.744394, -0.0298591, 1.70387, 0.711963, 0.00673372, -0.00519855, -0.00864131, -0.752189, -0.00253595, -0.0050002, 8.05007e-05, -0.00386696, 1.85584, -0.244336, -2.21036, -0.13267, 0.107158, 0.264813, 0, 0, 0, 0, 0, 0, 0, 0, 0, 0, 0, 0, 0, 0
15.77, 2025-06-05__13-49-15.126268, 0.00113131, -0.594829, -0.0116637, -0.75219, -0.0298629, 1.70401, 0.711961, -0.00695015, 0.0681664, -0.00549869, -0.785142, -0.00143706, 0.00873851, -0.000644486, 0.0953205, -5.10124, -0.268663, 1.20134, -0.0584903, 0.430082, 0.26983, 0, 0, 0, 0, 0, 0, 0, 0, 0, 0, 0, 0, 0, 0
15.78, 2025-06-05__13-49-15.136270, 0.00112695, -0.595085, -0.0116072, -0.759663, -0.0298197, 1.70393, 0.711967, 0.00455065, -0.0665118, 0.00633864, -0.73212, 0.010693, -0.0211713, 0.000433705, 0.0394358, 6.29818, -0.50276, -4.39734, -0.249575, -0.0843235, 0.26169, 0, 0, 0, 0, 0, 0, 0, 0, 0, 0, 0, 0, 0, 0
15.79, 2025-06-05__13-49-15.146270, 0.00120091, -0.595725, -0.0116394, -0.767079, -0.0298415, 1.70384, 0.711968, 0.00469172, -0.0211111, -0.00876676, -0.747508, -0.00125394, -0.004646, -0.000165346, -0.00789144, 3.3059, -0.271833, -2.93872, -0.154773, 0.023004, 0.264892, 0, 0, 0, 0, 0, 0, 0, 0, 0, 0, 0, 0, 0, 0
15.8, 2025-06-05__13-49-15.156284, 0.00113031, -0.594844, -0.0117165, -0.77584, -0.0298411, 1.70393, 0.711971, -0.0174176, 0.0765277, -0.00652165, -0.792278, 0.000470362, 0.00968251, -0.000120236, 0.128334, -5.89441, -0.297573, 1.58253, -0.0556788, 0.467997, 0.268432, 0, 0, 0, 0, 0, 0, 0, 0, 0, 0, 0, 0, 0, 0
15.81, 2025-06-05__13-49-15.166282, 0.00114408, -0.595174, -0.0116565, -0.782523, -0.0298162, 1.7039, 0.711972, 0.00365862, -0.0676494, 0.00596969, -0.726623, 0.00234337, -0.014287, -0.000106129, 0.0317333, 6.65112, -0.510324, -4.61273, -0.225855, -0.137179, 0.263319, 0, 0, 0, 0, 0, 0, 0, 0, 0, 0, 0, 0, 0, 0
15.82, 2025-06-05__13-49-15.176283, 0.00123015, -0.59586, -0.0116748, -0.789848, -0.0298272, 1.70376, 0.711968, 0.00678461, -0.0197002, -0.0055214, -0.758659, -0.00651562, -0.00265182, 0.00014098, -0.0112819, 2.96869, -0.310445, -2.7628, -0.139751, 0.0405632, 0.26438, 0, 0, 0, 0, 0, 0, 0, 0, 0, 0, 0, 0, 0, 0
15.83, 2025-06-05__13-49-15.186279, 0.00115741, -0.594887, -0.011755, -0.797927, -0.0298436, 1.70383, 0.711973, -0.00582603, 0.105304, -0.00388752, -0.813776, -0.000682725, -0.000450425, -0.000490036, 0.0858947, -8.58866, -0.279707, 2.93275, -0.0283861, 0.658823, 0.270405, 0, 0, 0, 0, 0, 0, 0, 0, 0, 0, 0, 0, 0, 0
15.84, 2025-06-05__13-49-15.196271, 0.00115475, -0.595149, -0.0116922, -0.806019, -0.0298007, 1.70381, 0.711973, 0.000816207, -0.0777048, 0.00511445, -0.717378, 0.000601123, -0.0133008, -0.00086272, 0.0269623, 7.6063, -0.533105, -5.12559, -0.231581, -0.198447, 0.265443, 0, 0, 0, 0, 0, 0, 0, 0, 0, 0, 0, 0, 0, 0
15.85, 2025-06-05__13-49-15.206268, 0.00122287, -0.595791, -0.0117082, -0.812475, -0.0298205, 1.7037, 0.711974, 0.00837482, -0.0274253, -0.00221333, -0.738546, 0.000221748, -0.0154766, 0.000621333, -0.0187726, 4.05226, -0.382253, -3.35988, -0.182196, 0.0128423, 0.261998, 0, 0, 0, 0, 0, 0, 0, 0, 0, 0, 0, 0, 0, 0
15.86, 2025-06-05__13-49-15.216271, 0.00116396, -0.594807, -0.0117861, -0.82058, -0.0298284, 1.70379, 0.711971, -0.0131786, 0.108997, -0.00743221, -0.822268, -0.00103582, -0.00474981, 0.000100492, 0.0949422, -9.19915, -0.261625, 3.2352, -0.0171511, 0.705118, 0.269384, 0, 0, 0, 0, 0, 0, 0, 0, 0, 0, 0, 0, 0, 0
15.87, 2025-06-05__13-49-15.226269, 0.00115968, -0.594609, -0.0117326, -0.828923, -0.0297764, 1.70375, 0.711978, 0.00734379, -0.0443912, 0.00422344, -0.715102, 0.00550997, -0.0180171, 0.00251867, -0.00248872, 4.76741, -0.502407, -3.79953, -0.220067, -0.0425699, 0.255357, 0, 0, 0, 0, 0, 0, 0, 0, 0, 0, 0, 0, 0, 0
15.88, 2025-06-05__13-49-15.236271, 0.00120358, -0.595622, -0.01173, -0.835891, -0.0298012, 1.70376, 0.711976, 0.00379286, -0.0621165, -0.00205233, -0.726632, -0.00735865, -0.00236345, 9.85908e-05, -0.0138396, 6.70186, -0.430307, -4.7066, -0.187348, -0.190128, 0.262879, 0, 0, 0, 0, 0, 0, 0, 0, 0, 0, 0, 0, 0, 0
15.89, 2025-06-05__13-49-15.246270, 0.00117405, -0.594977, -0.0117927, -0.843153, -0.0298018, 1.70386, 0.711972, -0.00416155, 0.102285, -0.00562527, -0.827647, -0.00116595, 0.0106299, -0.000395168, 0.0553179, -8.64166, -0.283761, 2.95171, -0.029104, 0.612768, 0.270098, 0, 0, 0, 0, 0, 0, 0, 0, 0, 0, 0, 0, 0, 0
15.9, 2025-06-05__13-49-15.256269, 0.00112453, -0.594132, -0.0117882, -0.851224, -0.0297657, 1.70382, 0.711973, -0.00698869, 0.0220903, 0.00810658, -0.771391, 0.00970129, -0.0111373, 6.63126e-05, 0.0731292, -2.16768, -0.563341, -0.324618, -0.159765, 0.318187, 0.266066, 0, 0, 0, 0, 0, 0, 0, 0, 0, 0, 0, 0, 0, 0
15.91, 2025-06-05__13-49-15.266270, 0.00117806, -0.595108, -0.011761, -0.858183, -0.0297676, 1.70373, 0.711982, 0.00858936, -0.0972121, -0.00105689, -0.698112, -0.0102074, -0.00217338, 7.83026e-05, -0.0443207, 9.50568, -0.467847, -6.17417, -0.214737, -0.360894, 0.2615, 0, 0, 0, 0, 0, 0, 0, 0, 0, 0, 0, 0, 0, 0
15.92, 2025-06-05__13-49-15.276271, 0.00121099, -0.594936, -0.0118177, -0.865835, -0.0297793, 1.70383, 0.711973, 0.000346331, 0.0768731, -0.0061227, -0.798014, -0.00205231, 0.0157215, -0.0012323, 0.0176078, -5.90539, -0.29925, 1.51028, -0.0599621, 0.422384, 0.271212, 0, 0, 0, 0, 0, 0, 0, 0, 0, 0, 0, 0, 0, 0
15.93, 2025-06-05__13-49-15.286267, 0.00113749, -0.593851, -0.0118352, -0.873993, -0.029772, 1.7038, 0.711976, -0.00329063, 0.0675235, 0.00172957, -0.805365, 0.0106883, -0.00768222, 0.000156576, 0.0449417, -6.68372, -0.441773, 1.92321, -0.106053, 0.554075, 0.267205, 0, 0, 0, 0, 0, 0, 0, 0, 0, 0, 0, 0, 0, 0
15.94, 2025-06-05__13-49-15.296269, 0.00118368, -0.594775, -0.011784, -0.881709, -0.0297482, 1.70365, 0.711983, 0.0117637, -0.112713, 0.000678604, -0.686062, -0.000545001, -0.00407875, 0.000421686, -0.0666636, 10.5814, -0.52874, -6.76113, -0.265796, -0.418887, 0.259461, 0, 0, 0, 0, 0, 0, 0, 0, 0, 0, 0, 0, 0, 0
15.95, 2025-06-05__13-49-15.306270, 0.00119637, -0.595123, -0.0118331, -0.888409, -0.029775, 1.70373, 0.711973, -0.000527784, 0.0139888, -0.00513824, -0.760286, -0.000610393, 0.00888792, -0.00154797, -0.00416328, -0.162683, -0.377978, -1.3863, -0.132346, 0.125905, 0.270175, 0, 0, 0, 0, 0, 0, 0, 0, 0, 0, 0, 0, 0, 0
15.96, 2025-06-05__13-49-15.316272, 0.00113682, -0.593858, -0.0118809, -0.896912, -0.0297745, 1.70374, 0.711983, -0.00867692, 0.110438, 0.000305601, -0.843673, 0.00426124, 0.00104531, 0.000907845, 0.0622849, -10.8225, -0.404248, 4.00502, -0.0355499, 0.755099, 0.266668, 0, 0, 0, 0, 0, 0, 0, 0, 0, 0, 0, 0, 0, 0
15.97, 2025-06-05__13-49-15.326271, 0.00114044, -0.594121, -0.0118456, -0.904437, -0.0297276, 1.70354, 0.711987, 0.00338503, -0.068521, 0.00464039, -0.705242, 0.00368424, -0.0145068, -3.03429e-06, -0.0274282, 6.17578, -0.591009, -4.60972, -0.237178, -0.145565, 0.262518, 0, 0, 0, 0, 0, 0, 0, 0, 0, 0, 0, 0, 0, 0
15.98, 2025-06-05__13-49-15.336271, 0.00119969, -0.595044, -0.0118524, -0.910889, -0.0297532, 1.70354, 0.71198, 0.0030172, -0.0512192, -0.00959195, -0.646296, -0.00134184, 0.00695493, -0.00036603, -0.0559856, 7.91376, -0.369522, -5.69163, -0.219153, -0.370809, 0.262394, 0, 0, 0, 0, 0, 0, 0, 0, 0, 0, 0, 0, 0, 0
15.99, 2025-06-05__13-49-15.346271, 0.00116429, -0.594072, -0.0119029, -0.917898, -0.0297466, 1.70344, 0.711984, -0.00915629, 0.130301, -0.00540332, -0.735179, 0.00165143, -0.0120771, -0.000841617, 0.0370014, -8.44393, -0.330815, 2.45567, -0.0516218, 0.587358, 0.27032, 0, 0, 0, 0, 0, 0, 0, 0, 0, 0, 0, 0, 0, 0
16, 2025-06-05__13-49-15.356269, 0.00112501, -0.592972, -0.0118949, -0.925259, -0.0297431, 1.70342, 0.711984, -0.0031674, 0.0534801, 0.000891579, -0.716028, 0.00190194, -0.0069742, 9.14092e-05, 0.00924962, -3.67657, -0.470525, 0.0936614, -0.116173, 0.315366, 0.265597, 0, 0, 0, 0, 0, 0, 0, 0, 0, 0, 0, 0, 0, 0
16.01, 2025-06-05__13-49-15.366270, 0.00117208, -0.593887, -0.011861, -0.931664, -0.029744, 1.70326, 0.711991, 0.00653206, -0.0968355, -0.000210653, -0.649602, -0.00253742, -0.0102019, 0.00277093, -0.0675734, 9.63025, -0.546787, -6.51153, -0.25153, -0.377693, 0.252353, 0, 0, 0, 0, 0, 0, 0, 0, 0, 0, 0, 0, 0, 0
16.02, 2025-06-05__13-49-15.376281, 0.00120869, -0.593729, -0.011926, -0.938875, -0.0297588, 1.70336, 0.711985, -0.00176975, 0.0774776, -0.00888858, -0.758516, -0.00699439, 0.0120947, 0.000228624, -0.00862456, -5.85507, -0.285659, 1.25488, -0.0475237, 0.389793, 0.266266, 0, 0, 0, 0, 0, 0, 0, 0, 0, 0, 0, 0, 0, 0
16.03, 2025-06-05__13-49-15.386270, 0.00112256, -0.592593, -0.0119644, -0.946636, -0.0297451, 1.70339, 0.711987, -0.00230466, 0.0721015, -0.0034473, -0.765362, 0.000636962, -0.00145115, -0.000180227, -0.00177212, -6.89329, -0.378984, 1.77868, -0.0703417, 0.492591, 0.267807, 0, 0, 0, 0, 0, 0, 0, 0, 0, 0, 0, 0, 0, 0
16.04, 2025-06-05__13-49-15.396271, 0.00114765, -0.593431, -0.0118984, -0.954079, -0.0297282, 1.70311, 0.711991, 0.0107997, -0.0935366, 0.00235411, -0.659945, 0.00162112, -0.0210308, -0.000554302, -0.087702, 8.52534, -0.599258, -5.97059, -0.261303, -0.2712, 0.263004, 0, 0, 0, 0, 0, 0, 0, 0, 0, 0, 0, 0, 0, 0
16.05, 2025-06-05__13-49-15.406268, 0.00118335, -0.593718, -0.0119499, -0.960371, -0.0297568, 1.70317, 0.711988, 0.00187887, 0.0150204, -0.00715443, -0.711775, -0.00112671, 0.016945, 0.000281319, -0.0443283, -0.0942805, -0.371893, -1.70984, -0.136594, 0.0484327, 0.263279, 0, 0, 0, 0, 0, 0, 0, 0, 0, 0, 0, 0, 0, 0
16.06, 2025-06-05__13-49-15.416270, 0.00111204, -0.592517, -0.0119871, -0.967985, -0.0297531, 1.70334, 0.711988, -0.0108422, 0.0967503, -0.00292288, -0.76774, -0.000113512, 0.0131352, 0.00593706, 0.0216146, -8.63687, -0.39238, 2.57281, -0.0472962, 0.516477, 0.249613, 0, 0, 0, 0, 0, 0, 0, 0, 0, 0, 0, 0, 0, 0
16.07, 2025-06-05__13-49-15.426284, 0.00110001, -0.593104, -0.0119416, -0.975031, -0.0297281, 1.70312, 0.711994, 0.00215525, -0.0981882, 0.00411565, -0.684474, 0.00133418, -0.0216312, -0.000350891, -0.0658212, 7.67688, -0.644769, -5.50635, -0.250805, -0.210379, 0.263167, 0, 0, 0, 0, 0, 0, 0, 0, 0, 0, 0, 0, 0, 0
16.08, 2025-06-05__13-49-15.436270, 0.00114129, -0.59387, -0.011972, -0.982991, -0.0297486, 1.70304, 0.711988, -0.000931975, -0.00607166, -0.00772771, -0.761544, -0.00250516, 0.0120015, -0.000331125, -0.0438213, -0.142903, -0.379971, -1.51952, -0.130344, 0.119688, 0.266157, 0, 0, 0, 0, 0, 0, 0, 0, 0, 0, 0, 0, 0, 0
16.09, 2025-06-05__13-49-15.446269, 0.00107866, -0.592859, -0.0120105, -0.990156, -0.0297549, 1.70332, 0.711992, -0.0111453, 0.105742, -0.00231289, -0.799152, -0.000686868, 0.0250443, 0.000801989, 0.0161014, -9.82302, -0.407625, 3.21772, -0.0327646, 0.55209, 0.265737, 0, 0, 0, 0, 0, 0, 0, 0, 0, 0, 0, 0, 0, 0
16.1, 2025-06-05__13-49-15.456269, 0.0010677, -0.593076, -0.0119935, -0.997527, -0.0297199, 1.70321, 0.711994, 0.00315955, -0.0810157, -0.00177211, -0.722528, 0.0055915, -0.0239126, -0.000447842, -0.0775957, 5.23664, -0.540417, -4.22917, -0.231076, -0.056983, 0.264439, 0, 0, 0, 0, 0, 0, 0, 0, 0, 0, 0, 0, 0, 0
16.11, 2025-06-05__13-49-15.466269, 0.00109694, -0.594318, -0.0119896, -1.00475, -0.029755, 1.70297, 0.711996, -0.000696543, -0.0823015, -0.00132196, -0.735116, -0.00362912, -0.00403567, 0.000128616, -0.0672692, 6.20352, -0.551564, -4.66805, -0.207029, -0.153127, 0.262727, 0, 0, 0, 0, 0, 0, 0, 0, 0, 0, 0, 0, 0, 0
16.12, 2025-06-05__13-49-15.476269, 0.00106231, -0.593746, -0.0120195, -1.01279, -0.0297448, 1.70321, 0.711996, -0.00895555, 0.0801319, -0.00219297, -0.813077, 0.000337877, 0.0216045, -0.000541612, -0.00947632, -7.6271, -0.444631, 2.19797, -0.0631592, 0.471539, 0.269237, 0, 0, 0, 0, 0, 0, 0, 0, 0, 0, 0, 0, 0, 0
16.13, 2025-06-05__13-49-15.486267, 0.00103311, -0.593634, -0.0120286, -1.02072, -0.0297271, 1.70326, 0.711996, -0.00219915, -0.0488028, -0.000555518, -0.779227, 0.00204487, -0.0178921, 0.000890932, -0.060539, 1.83234, -0.548916, -2.41894, -0.180354, 0.131717, 0.262243, 0, 0, 0, 0, 0, 0, 0, 0, 0, 0, 0, 0, 0, 0
16.14, 2025-06-05__13-49-15.496270, 0.00106917, -0.595076, -0.0120198, -1.02834, -0.0297415, 1.70296, 0.712002, 0.00448158, -0.100675, 0.000737946, -0.792563, -0.00664555, -0.0185044, -0.000782327, -0.0952643, 6.27768, -0.606593, -4.48843, -0.203288, -0.0460872, 0.266396, 0, 0, 0, 0, 0, 0, 0, 0, 0, 0, 0, 0, 0, 0
16.15, 2025-06-05__13-49-15.506268, 0.00106178, -0.594827, -0.0120346, -1.0367, -0.029738, 1.70315, 0.711996, -0.00261121, 0.0630863, 0.00117099, -0.839343, 0.000672983, 0.0359174, -0.000621812, -0.046796, -6.16108, -0.538712, 1.5609, -0.0879277, 0.371697, 0.269036, 0, 0, 0, 0, 0, 0, 0, 0, 0, 0, 0, 0, 0, 0
16.16, 2025-06-05__13-49-15.516272, 0.00102638, -0.59467, -0.012047, -1.04482, -0.029725, 1.70337, 0.712001, -0.00201229, -0.0438796, 0.000486756, -0.79886, 0.00361253, -0.00658915, 0.000925525, -0.0745441, 1.94626, -0.590137, -2.44354, -0.188686, 0.0917682, 0.261842, 0, 0, 0, 0, 0, 0, 0, 0, 0, 0, 0, 0, 0, 0
16.17, 2025-06-05__13-49-15.526270, 0.0010673, -0.596092, -0.0120491, -1.05258, -0.0297302, 1.70301, 0.712005, 0.00408113, -0.11822, -0.000872612, -0.780849, -0.000897363, -0.0313996, -0.000281025, -0.113416, 8.74468, -0.614726, -5.73646, -0.249639, -0.133855, 0.263841, 0, 0, 0, 0, 0, 0, 0, 0, 0, 0, 0, 0, 0, 0
16.18, 2025-06-05__13-49-15.536272, 0.00105243, -0.595856, -0.0120647, -1.0611, -0.0297387, 1.70313, 0.712, -0.0025743, 0.0623225, -0.000295803, -0.839122, 0.00181653, 0.0194742, 0.000546826, -0.0631718, -5.09839, -0.532467, 1.03648, -0.103691, 0.375325, 0.26528, 0, 0, 0, 0, 0, 0, 0, 0, 0, 0, 0, 0, 0, 0
16.19, 2025-06-05__13-49-15.546270, 0.00102571, -0.59569, -0.012061, -1.07002, -0.0297334, 1.70341, 0.712009, 0.00196153, -0.0482712, 0.00128329, -0.79227, 0.000472286, -0.00756455, 0.00106819, -0.10296, 3.43482, -0.631598, -3.21895, -0.198595, 0.00925386, 0.260661, 0, 0, 0, 0, 0, 0, 0, 0, 0, 0, 0, 0, 0, 0
16.2, 2025-06-05__13-49-15.556269, 0.0010577, -0.596841, -0.012079, -1.07693, -0.0297308, 1.70307, 0.712007, 0.00163295, -0.103941, -0.00567162, -0.797357, -0.000709017, -0.0413217, -0.000181561, -0.110713, 7.93965, -0.526748, -5.31132, -0.234535, -0.0493943, 0.2641, 0, 0, 0, 0, 0, 0, 0, 0, 0, 0, 0, 0, 0, 0
16.21, 2025-06-05__13-49-15.566271, 0.00101015, -0.596572, -0.0120818, -1.08537, -0.0297492, 1.70308, 0.712008, -0.0069816, 0.0714909, 0.00340065, -0.856114, -0.0010443, 0.0132606, 0.000981774, -0.0629551, -5.51569, -0.609957, 1.28254, -0.0935158, 0.430401, 0.264444, 0, 0, 0, 0, 0, 0, 0, 0, 0, 0, 0, 0, 0, 0
16.22, 2025-06-05__13-49-15.576269, 0.00101928, -0.59608, -0.0120876, -1.09346, -0.0297272, 1.70343, 0.712006, 0.00672891, -0.00701457, 0.000901248, -0.79906, 0.0012938, 0.0187595, -0.000708497, -0.124948, 0.964417, -0.628637, -2.08167, -0.176975, 0.0243038, 0.266381, 0, 0, 0, 0, 0, 0, 0, 0, 0, 0, 0, 0, 0, 0
16.23, 2025-06-05__13-49-15.586267, 0.00103755, -0.597183, -0.0121019, -1.10193, -0.0297347, 1.70306, 0.712013, 0.0024653, -0.0764547, -0.00401398, -0.784226, -0.0079727, -0.0363532, 0.000922427, -0.118465, 6.84577, -0.551763, -4.89289, -0.202708, -0.0381733, 0.260909, 0, 0, 0, 0, 0, 0, 0, 0, 0, 0, 0, 0, 0, 0
16.24, 2025-06-05__13-49-15.596269, 0.000989737, -0.596666, -0.0121205, -1.10959, -0.0297468, 1.70305, 0.712009, -0.00566613, 0.0909463, 0.00142901, -0.846702, -0.00107422, 0.0103404, 0.00105366, -0.0763957, -6.37385, -0.571857, 1.61645, -0.084228, 0.462552, 0.264345, 0, 0, 0, 0, 0, 0, 0, 0, 0, 0, 0, 0, 0, 0
16.25, 2025-06-05__13-49-15.606267, 0.000998274, -0.596043, -0.0121174, -1.11758, -0.0297256, 1.70336, 0.712009, 0.0111386, 0.0113004, 0.000768786, -0.770669, 0.00226397, 0.0182629, 0.00113017, -0.152291, 0.604632, -0.643011, -2.07976, -0.182077, 0.00561383, 0.260289, 0, 0, 0, 0, 0, 0, 0, 0, 0, 0, 0, 0, 0, 0
16.26, 2025-06-05__13-49-15.616269, 0.00101786, -0.596929, -0.0121305, -1.12512, -0.0297366, 1.70305, 0.712016, 0.0034537, -0.0713384, -0.000762812, -0.758543, -0.00615336, -0.0350779, 0.00022213, -0.138392, 7.02014, -0.630545, -5.13474, -0.21838, -0.0862342, 0.262486, 0, 0, 0, 0, 0, 0, 0, 0, 0, 0, 0, 0, 0, 0
16.27, 2025-06-05__13-49-15.626268, 0.000962485, -0.596253, -0.012162, -1.13424, -0.0297449, 1.70303, 0.712006, -0.0118125, 0.102312, 0.00116519, -0.834038, -0.000309572, 0.0065921, 0.00492405, -0.0673248, -7.08772, -0.552958, 1.86318, -0.0780975, 0.485258, 0.252856, 0, 0, 0, 0, 0, 0, 0, 0, 0, 0, 0, 0, 0, 0
16.28, 2025-06-05__13-49-15.636272, 0.0009701, -0.595694, -0.0121562, -1.14141, -0.0297199, 1.70322, 0.712016, 0.00256369, 0.0169596, 0.00127175, -0.78071, 0.00438149, 0.0069107, 0.0011974, -0.137022, -0.452109, -0.642798, -1.5595, -0.176221, 0.107233, 0.260591, 0, 0, 0, 0, 0, 0, 0, 0, 0, 0, 0, 0, 0, 0
16.29, 2025-06-05__13-49-15.646269, 0.000998508, -0.596503, -0.0121777, -1.14906, -0.0297389, 1.70299, 0.712013, 0.000476504, -0.0598767, -0.00460706, -0.786171, -0.00729386, -0.0227485, -0.000520678, -0.125566, 5.00348, -0.534212, -4.10422, -0.18451, -0.0113844, 0.265679, 0, 0, 0, 0, 0, 0, 0, 0, 0, 0, 0, 0, 0, 0
16.3, 2025-06-05__13-49-15.656269, 0.000953481, -0.59592, -0.0122171, -1.15742, -0.0297333, 1.703, 0.712014, -0.00703391, 0.098956, -0.00414627, -0.847592, -3.81721e-06, 0.0127044, 0.00163803, -0.0820458, -7.54443, -0.44723, 2.09844, -0.0693152, 0.491809, 0.262536, 0, 0, 0, 0, 0, 0, 0, 0, 0, 0, 0, 0, 0, 0
16.31, 2025-06-05__13-49-15.666270, 0.00094774, -0.595276, -0.0122159, -1.16628, -0.0297114, 1.70314, 0.712017, 0.0024885, -0.00189819, -0.00140915, -0.783701, 0.00741221, -0.00194961, 0.000538785, -0.145802, 0.236295, -0.595849, -1.90855, -0.191335, 0.109024, 0.262429, 0, 0, 0, 0, 0, 0, 0, 0, 0, 0, 0, 0, 0, 0
16.32, 2025-06-05__13-49-15.676269, 0.00097653, -0.596119, -0.0122291, -1.17311, -0.0297354, 1.70293, 0.712017, 0.00273888, -0.0810227, -0.00179455, -0.757918, -0.00296238, -0.0187116, -0.000925929, -0.155251, 6.82143, -0.616602, -5.1532, -0.225983, -0.145539, 0.265588, 0, 0, 0, 0, 0, 0, 0, 0, 0, 0, 0, 0, 0, 0
16.33, 2025-06-05__13-49-15.686268, 0.000923436, -0.595462, -0.0122599, -1.18235, -0.0297369, 1.70302, 0.712017, -0.00743188, 0.101885, 0.000445007, -0.850503, -0.00121982, 0.0260203, 0.000733127, -0.102162, -8.16028, -0.540658, 2.34787, -0.0654606, 0.46118, 0.265304, 0, 0, 0, 0, 0, 0, 0, 0, 0, 0, 0, 0, 0, 0
16.34, 2025-06-05__13-49-15.696267, 0.000910404, -0.59483, -0.0122598, -1.18975, -0.0297178, 1.70315, 0.712015, 0.00378151, 0.0216474, 0.000926352, -0.803793, 0.00412027, -0.00453041, -0.000361421, -0.162658, -2.30502, -0.633878, -0.644783, -0.15774, 0.247474, 0.266592, 0, 0, 0, 0, 0, 0, 0, 0, 0, 0, 0, 0, 0, 0
16.35, 2025-06-05__13-49-15.706267, 0.000940016, -0.595936, -0.0122746, -1.1982, -0.0297283, 1.70286, 0.712023, -0.00157601, -0.0924168, -0.0014493, -0.792707, -0.00650692, -0.028736, -0.000121432, -0.147673, 6.23123, -0.60689, -4.73657, -0.205127, -0.0416544, 0.26401, 0, 0, 0, 0, 0, 0, 0, 0, 0, 0, 0, 0, 0, 0
16.36, 2025-06-05__13-49-15.716269, 0.000910176, -0.595632, -0.0122986, -1.20578, -0.029726, 1.70297, 0.712016, -0.00561535, 0.0783191, -0.000925003, -0.856352, 0.000519066, 0.0150969, -0.00321181, -0.119446, -6.65631, -0.530945, 1.63613, -0.0876967, 0.436266, 0.277178, 0, 0, 0, 0, 0, 0, 0, 0, 0, 0, 0, 0, 0, 0
16.37, 2025-06-05__13-49-15.726271, 0.000904972, -0.594675, -0.012319, -1.21437, -0.0297177, 1.70317, 0.712021, 0.00226665, 0.0586545, -0.000485989, -0.839507, 0.00956899, -0.00324067, 0.00287439, -0.162504, -5.83397, -0.58416, 1.16437, -0.13549, 0.433818, 0.257644, 0, 0, 0, 0, 0, 0, 0, 0, 0, 0, 0, 0, 0, 0
16.38, 2025-06-05__13-49-15.736284, 0.000917137, -0.595385, -0.01232, -1.22221, -0.029719, 1.70296, 0.712026, 0.00342759, -0.10207, 0.000817142, -0.768194, -0.00100497, -0.0162862, -0.000495181, -0.188309, 7.04509, -0.687255, -5.31097, -0.24076, -0.166891, 0.263884, 0, 0, 0, 0, 0, 0, 0, 0, 0, 0, 0, 0, 0, 0
16.39, 2025-06-05__13-49-15.746271, 0.000894063, -0.595613, -0.0123343, -1.2312, -0.029724, 1.703, 0.71202, -0.00147071, 0.0480764, -0.00247243, -0.829028, 0.000714918, 0.00938778, 0.000994792, -0.14473, -3.92268, -0.528568, 0.159814, -0.120642, 0.291335, 0.262986, 0, 0, 0, 0, 0, 0, 0, 0, 0, 0, 0, 0, 0, 0
16.4, 2025-06-05__13-49-15.756268, 0.000886229, -0.594703, -0.012359, -1.2389, -0.0297258, 1.70315, 0.712024, -0.0018904, 0.0694653, -0.0027294, -0.841364, 0.00170603, 0.00289751, 0.000679131, -0.14279, -6.48156, -0.502619, 1.42866, -0.0966736, 0.432228, 0.26473, 0, 0, 0, 0, 0, 0, 0, 0, 0, 0, 0, 0, 0, 0
16.41, 2025-06-05__13-49-15.766269, 0.000894701, -0.595288, -0.0123468, -1.24682, -0.0297191, 1.70293, 0.712027, 0.0119892, -0.0959559, 0.00221358, -0.783793, 0.000597609, -0.0240785, 4.61722e-05, -0.240013, 6.02962, -0.760582, -4.78731, -0.244086, -0.0776998, 0.262785, 0, 0, 0, 0, 0, 0, 0, 0, 0, 0, 0, 0, 0, 0
16.42, 2025-06-05__13-49-15.776270, 0.000902526, -0.595871, -0.0123605, -1.25333, -0.0297277, 1.70288, 0.712022, -0.0053161, -0.0330421, -0.00460029, -0.823961, -7.19806e-05, 0.00669577, 0.000259057, -0.1373, 1.53212, -0.502392, -2.49364, -0.169412, 0.0553427, 0.263612, 0, 0, 0, 0, 0, 0, 0, 0, 0, 0, 0, 0, 0, 0
16.43, 2025-06-05__13-49-15.786267, 0.000870972, -0.594552, -0.0123824, -1.26466, -0.029722, 1.70312, 0.712028, -0.00310505, 0.0945368, -4.14568e-05, -0.862779, 0.00455356, 0.0104539, 9.21938e-05, -0.160647, -8.73076, -0.557739, 2.55524, -0.0866815, 0.521086, 0.267125, 0, 0, 0, 0, 0, 0, 0, 0, 0, 0, 0, 0, 0, 0
16.44, 2025-06-05__13-49-15.796269, 0.000869245, -0.594661, -0.0123949, -1.27196, -0.0297202, 1.70302, 0.712026, -0.000214108, -0.0510963, 0.000244418, -0.799046, 0.000748398, -0.0115159, -0.000380278, -0.187574, 2.20611, -0.636731, -2.96049, -0.193496, 0.0486411, 0.265244, 0, 0, 0, 0, 0, 0, 0, 0, 0, 0, 0, 0, 0, 0
16.45, 2025-06-05__13-49-15.806270, 0.000888297, -0.596, -0.012385, -1.27972, -0.0297305, 1.70292, 0.712028, 0.00109883, -0.102538, -0.000498869, -0.7856, 0.000251674, -0.0053946, 0.000915396, -0.199529, 7.0162, -0.664743, -5.33832, -0.241428, -0.197019, 0.259506, 0, 0, 0, 0, 0, 0, 0, 0, 0, 0, 0, 0, 0, 0
16.46, 2025-06-05__13-49-15.816270, 0.000862833, -0.59516, -0.0124246, -1.2884, -0.0297299, 1.70311, 0.712023, -0.00441529, 0.117767, -0.00669333, -0.877051, -0.00183462, 0.0218981, -0.000459889, -0.125524, -9.91948, -0.374258, 3.13875, -0.0411122, 0.538763, 0.269506, 0, 0, 0, 0, 0, 0, 0, 0, 0, 0, 0, 0, 0, 0
16.47, 2025-06-05__13-49-15.826270, 0.000861932, -0.594408, -0.0124312, -1.29751, -0.0297205, 1.70312, 0.712027, 0.00605139, 0.0102443, -0.00181199, -0.813433, 0.00303737, -0.0133932, 0.000216992, -0.212216, -2.22628, -0.596696, -0.830511, -0.158233, 0.252231, 0.264688, 0, 0, 0, 0, 0, 0, 0, 0, 0, 0, 0, 0, 0, 0
16.48, 2025-06-05__13-49-15.836270, 0.000858599, -0.595633, -0.0124203, -1.30449, -0.0297351, 1.70285, 0.712028, 0.00263931, -0.141034, 0.00062287, -0.786922, -0.00293096, -0.0171578, -0.000610857, -0.221076, 8.89321, -0.707302, -6.25597, -0.253169, -0.233842, 0.264124, 0, 0, 0, 0, 0, 0, 0, 0, 0, 0, 0, 0, 0, 0
16.49, 2025-06-05__13-49-15.846270, 0.000855671, -0.595587, -0.0124535, -1.31298, -0.0297252, 1.70291, 0.712026, -0.00264157, 0.0781914, -0.0026563, -0.884837, 0.000817313, 0.0178561, -0.000286179, -0.168586, -7.26988, -0.504347, 1.89121, -0.0855513, 0.452018, 0.268324, 0, 0, 0, 0, 0, 0, 0, 0, 0, 0, 0, 0, 0, 0
16.5, 2025-06-05__13-49-15.856268, 0.0008361, -0.59429, -0.0124645, -1.32277, -0.0297296, 1.7032, 0.712032, 0.00101993, 0.0781284, -0.00198272, -0.874152, -0.000146776, 0.0217226, -0.000862876, -0.190933, -8.0923, -0.532682, 2.19318, -0.0786218, 0.437963, 0.2698, 0, 0, 0, 0, 0, 0, 0, 0, 0, 0, 0, 0, 0, 0
16.51, 2025-06-05__13-49-15.866269, 0.00082314, -0.595301, -0.0124655, -1.33077, -0.0297197, 1.703, 0.71204, -0.00191973, -0.156533, 0.00249135, -0.786525, -0.000329577, -0.0321818, 0.00375221, -0.221887, 9.4202, -0.729683, -6.54645, -0.268794, -0.214649, 0.250287, 0, 0, 0, 0, 0, 0, 0, 0, 0, 0, 0, 0, 0, 0
16.52, 2025-06-05__13-49-15.876271, 0.000843734, -0.596353, -0.012496, -1.33826, -0.0297227, 1.70281, 0.712035, -0.00140978, -0.054608, -0.00456501, -0.849803, 0.0029585, -0.000637153, -0.000546155, -0.180814, 2.45613, -0.522004, -2.93855, -0.192643, 0.0579336, 0.265601, 0, 0, 0, 0, 0, 0, 0, 0, 0, 0, 0, 0, 0, 0
16.53, 2025-06-05__13-49-15.886268, 0.00079867, -0.595301, -0.0125196, -1.34831, -0.0297477, 1.70316, 0.712033, -0.00514588, 0.0997513, -0.00287279, -0.890262, -0.00156054, 0.037091, -0.000180129, -0.16008, -8.82675, -0.457651, 2.56682, -0.0582234, 0.425059, 0.26789, 0, 0, 0, 0, 0, 0, 0, 0, 0, 0, 0, 0, 0, 0
16.54, 2025-06-05__13-49-15.896270, 0.000806956, -0.595352, -0.0125253, -1.35599, -0.0297275, 1.70322, 0.712045, 0.00132849, -0.0485153, -0.00399767, -0.861615, -0.00372506, -0.00656624, 0.00360855, -0.194642, 0.83401, -0.527557, -2.13522, -0.156015, 0.136477, 0.253435, 0, 0, 0, 0, 0, 0, 0, 0, 0, 0, 0, 0, 0, 0
16.55, 2025-06-05__13-49-15.906268, 0.000798605, -0.59646, -0.0125281, -1.36275, -0.0297242, 1.70286, 0.712044, -0.00067611, -0.114835, 0.00154811, -0.848178, -0.00195251, -0.042197, 0.000531407, -0.227195, 6.06879, -0.688188, -4.6479, -0.224099, 0.0510826, 0.262137, 0, 0, 0, 0, 0, 0, 0, 0, 0, 0, 0, 0, 0, 0
16.56, 2025-06-05__13-49-15.916269, 0.000768486, -0.596077, -0.0125649, -1.3737, -0.0297289, 1.70294, 0.712039, -0.0048068, 0.0687156, -0.00681923, -0.904371, -0.00183074, 0.0387271, -0.000134285, -0.142675, -6.60252, -0.366843, 1.55075, -0.0738761, 0.34777, 0.266921, 0, 0, 0, 0, 0, 0, 0, 0, 0, 0, 0, 0, 0, 0
16.57, 2025-06-05__13-49-15.926269, 0.000783497, -0.595947, -0.0125672, -1.38222, -0.0297295, 1.70323, 0.712037, 0.00326419, -0.040918, -0.00223947, -0.855603, 0.000199125, 0.00769433, -0.00064436, -0.224412, 1.10962, -0.585833, -2.36933, -0.176461, 0.0550719, 0.266218, 0, 0, 0, 0, 0, 0, 0, 0, 0, 0, 0, 0, 0, 0
16.58, 2025-06-05__13-49-15.936271, 0.000781471, -0.597025, -0.0125812, -1.39081, -0.0297308, 1.70278, 0.71204, 9.26002e-05, -0.072642, -0.00492781, -0.870018, -0.00111295, -0.0379443, -0.000129172, -0.192553, 3.40029, -0.506143, -3.30987, -0.188972, 0.176236, 0.26511, 0, 0, 0, 0, 0, 0, 0, 0, 0, 0, 0, 0, 0, 0
16.59, 2025-06-05__13-49-15.946269, 0.000753327, -0.596435, -0.0125946, -1.40073, -0.0297388, 1.70287, 0.712037, 0.00179716, 0.0618167, -0.000722694, -0.881569, -0.002117, 0.0282108, 0.000511061, -0.225687, -5.20302, -0.568039, 0.721112, -0.105102, 0.2915, 0.264811, 0, 0, 0, 0, 0, 0, 0, 0, 0, 0, 0, 0, 0, 0
16.6, 2025-06-05__13-49-15.956268, 0.000753022, -0.596507, -0.0125971, -1.40826, -0.0297275, 1.70316, 0.712047, 0.000560415, -0.0509934, 0.000967371, -0.846005, -0.000332643, 0.0159048, 0.000844937, -0.240343, 2.46257, -0.652981, -3.13089, -0.192422, -0.0496931, 0.260674, 0, 0, 0, 0, 0, 0, 0, 0, 0, 0, 0, 0, 0, 0
16.61, 2025-06-05__13-49-15.966270, 0.000758298, -0.597324, -0.0126147, -1.41781, -0.029725, 1.70269, 0.712046, -0.000482814, -0.0279579, 0.00175164, -0.89137, -0.000364361, -0.0363996, 3.017e-05, -0.243317, 0.425163, -0.653863, -1.81683, -0.171226, 0.322517, 0.265765, 0, 0, 0, 0, 0, 0, 0, 0, 0, 0, 0, 0, 0, 0
16.62, 2025-06-05__13-49-15.976269, 0.000712841, -0.596845, -0.0126247, -1.42596, -0.0297389, 1.7028, 0.712046, -0.00490883, 0.0459642, 0.00077317, -0.883428, -0.00151318, 0.0261285, 0.000641008, -0.207477, -3.92768, -0.560279, 0.0859702, -0.117291, 0.244676, 0.263747, 0, 0, 0, 0, 0, 0, 0, 0, 0, 0, 0, 0, 0, 0
16.63, 2025-06-05__13-49-15.986269, 0.000729818, -0.597103, -0.0126245, -1.43431, -0.029723, 1.70307, 0.712046, 0.00351709, -0.0667715, 0.000670764, -0.847861, 8.7928e-05, -0.0120074, 0.000605027, -0.263038, 3.74523, -0.67303, -3.73629, -0.21047, 0.00441524, 0.261705, 0, 0, 0, 0, 0, 0, 0, 0, 0, 0, 0, 0, 0, 0
16.64, 2025-06-05__13-49-15.996270, 0.000715879, -0.597455, -0.0126592, -1.44399, -0.0297279, 1.70269, 0.712047, -0.0047251, 0.0106727, 0.000478107, -0.89957, -0.00217154, -0.0329675, -5.26062e-05, -0.21129, -1.91682, -0.558116, -0.707486, -0.136192, 0.410715, 0.266757, 0, 0, 0, 0, 0, 0, 0, 0, 0, 0, 0, 0, 0, 0
16.65, 2025-06-05__13-49-16.006268, 0.000661251, -0.596963, -0.0126504, -1.45212, -0.0297376, 1.70285, 0.712049, -0.00183088, 0.0359515, 0.00316202, -0.874639, -0.00178419, 0.02941, 0.000208408, -0.24841, -2.95836, -0.643584, -0.483906, -0.133631, 0.168215, 0.264567, 0, 0, 0, 0, 0, 0, 0, 0, 0, 0, 0, 0, 0, 0
16.66, 2025-06-05__13-49-16.016270, 0.000687493, -0.597497, -0.0126588, -1.46048, -0.0297229, 1.703, 0.712046, 0.000534201, -0.0536209, -0.00406945, -0.861318, 0.000630179, -0.01669, -0.00225832, -0.212318, 2.90456, -0.513169, -3.29705, -0.193456, 0.074236, 0.270808, 0, 0, 0, 0, 0, 0, 0, 0, 0, 0, 0, 0, 0, 0
16.67, 2025-06-05__13-49-16.026270, 0.000654868, -0.597484, -0.0126936, -1.47038, -0.0297297, 1.70273, 0.712047, -0.0105101, 0.033362, -0.00151693, -0.917882, -0.000180107, -0.0183564, 0.000194254, -0.163548, -3.62569, -0.438838, 0.150384, -0.115972, 0.442413, 0.266251, 0, 0, 0, 0, 0, 0, 0, 0, 0, 0, 0, 0, 0, 0
16.68, 2025-06-05__13-49-16.036270, 0.000618385, -0.597256, -0.0126876, -1.47846, -0.0297351, 1.70292, 0.71205, -0.00387963, 5.61586e-05, 0.00181681, -0.870705, 0.000440409, 0.0165173, 0.0009306, -0.231419, -0.555793, -0.596635, -1.68043, -0.16193, 0.101953, 0.261605, 0, 0, 0, 0, 0, 0, 0, 0, 0, 0, 0, 0, 0, 0
16.69, 2025-06-05__13-49-16.046269, 0.000640655, -0.597714, -0.0126936, -1.48697, -0.0297263, 1.70294, 0.712052, 0.00169718, -0.0405804, -0.00108249, -0.851637, 0.00048947, -0.00490211, 0.000914789, -0.245069, 2.5991, -0.586032, -3.28334, -0.19669, 0.0240884, 0.260686, 0, 0, 0, 0, 0, 0, 0, 0, 0, 0, 0, 0, 0, 0
16.7, 2025-06-05__13-49-16.056270, 0.000626718, -0.597575, -0.0127221, -1.49603, -0.0297269, 1.70281, 0.712047, -0.00386347, 0.0387583, -0.00469582, -0.915233, 5.24917e-05, -0.00842722, -0.0011447, -0.178383, -3.71799, -0.399594, 0.115452, -0.117319, 0.392821, 0.269998, 0, 0, 0, 0, 0, 0, 0, 0, 0, 0, 0, 0, 0, 0
16.71, 2025-06-05__13-49-16.066268, 0.000582859, -0.597461, -0.0127106, -1.50589, -0.0297342, 1.70296, 0.71205, -0.00166164, -0.0219778, 0.00498099, -0.870889, 0.00982447, -0.00246104, -0.00160319, -0.286895, 0.818215, -0.716097, -2.35552, -0.215055, 0.10945, 0.269022, 0, 0, 0, 0, 0, 0, 0, 0, 0, 0, 0, 0, 0, 0
16.72, 2025-06-05__13-49-16.076271, 0.000605607, -0.597791, -0.0127276, -1.51372, -0.0297286, 1.70289, 0.712048, 0.0029192, -0.0164641, -0.00310422, -0.878137, 0.000632338, -0.00614078, 0.000740953, -0.238513, 0.572435, -0.52392, -2.20056, -0.173331, 0.146075, 0.262369, 0, 0, 0, 0, 0, 0, 0, 0, 0, 0, 0, 0, 0, 0
16.73, 2025-06-05__13-49-16.086249, 0.000574983, -0.597464, -0.0127447, -1.52294, -0.0297323, 1.70293, 0.712048, -0.00492079, 0.0354001, 0.000111337, -0.929618, -0.000594823, 0.00517163, -0.000670609, -0.216002, -3.92217, -0.508939, 0.241091, -0.117522, 0.356375, 0.268694, 0, 0, 0, 0, 0, 0, 0, 0, 0, 0, 0, 0, 0, 0
16.74, 2025-06-05__13-49-16.096270, 0.000551554, -0.597545, -0.0127317, -1.53102, -0.0297339, 1.70296, 0.712049, 0.00229684, -0.0286992, 0.00193985, -0.882827, 0.000495857, -0.00438992, -0.000409705, -0.282189, 0.925712, -0.65286, -2.37002, -0.18256, 0.123986, 0.265982, 0, 0, 0, 0, 0, 0, 0, 0, 0, 0, 0, 0, 0, 0
16.75, 2025-06-05__13-49-16.106268, 0.000571077, -0.597942, -0.0127494, -1.54157, -0.0297364, 1.70292, 0.712051, -0.00204036, -0.00695689, -0.000506556, -0.893082, -0.000232386, 0.00455125, 0.00861217, -0.233287, -0.202534, -0.536847, -1.80008, -0.161131, 0.150111, 0.238497, 0, 0, 0, 0, 0, 0, 0, 0, 0, 0, 0, 0, 0, 0
16.76, 2025-06-05__13-49-16.116269, 0.000531706, -0.597597, -0.0127543, -1.54987, -0.029733, 1.70294, 0.71205, -0.00350336, 0.0379784, -0.000406866, -0.917615, -0.000328256, 0.00438649, 0.00131406, -0.223821, -3.59619, -0.501681, -0.0423294, -0.124756, 0.319731, 0.262264, 0, 0, 0, 0, 0, 0, 0, 0, 0, 0, 0, 0, 0, 0
16.77, 2025-06-05__13-49-16.126271, 0.000530084, -0.597672, -0.0127495, -1.55885, -0.0297329, 1.70295, 0.712047, 0.0077038, -0.0305711, 0.0021662, -0.883207, -4.9601e-05, -0.00460506, -0.000431403, -0.328117, 1.10609, -0.708967, -2.50561, -0.188727, 0.111777, 0.266217, 0, 0, 0, 0, 0, 0, 0, 0, 0, 0, 0, 0, 0, 0
16.78, 2025-06-05__13-49-16.136269, 0.000550932, -0.597917, -0.0127684, -1.56776, -0.0297312, 1.70293, 0.71205, 0.00117299, -0.0117325, -0.00535337, -0.902309, 0.000251793, -0.000889595, 3.09223e-05, -0.212742, -0.213381, -0.432612, -1.77317, -0.15795, 0.178742, 0.264839, 0, 0, 0, 0, 0, 0, 0, 0, 0, 0, 0, 0, 0, 0
16.79, 2025-06-05__13-49-16.146269, 0.000516051, -0.597624, -0.0127781, -1.57797, -0.0297335, 1.70295, 0.712053, -0.00460952, 0.0152986, -0.00230285, -0.926392, 0.000307178, 0.00303568, 0.000267229, -0.20176, -2.52439, -0.439859, -0.533162, -0.13262, 0.288596, 0.265027, 0, 0, 0, 0, 0, 0, 0, 0, 0, 0, 0, 0, 0, 0
16.8, 2025-06-05__13-49-16.156267, 0.000513776, -0.597904, -0.0127735, -1.58604, -0.0297335, 1.70292, 0.712054, -0.00123772, -0.0365896, 0.00109452, -0.884993, -0.000197098, -0.00233349, -0.000434551, -0.26056, 1.55821, -0.586968, -2.76437, -0.183162, 0.0832647, 0.265608, 0, 0, 0, 0, 0, 0, 0, 0, 0, 0, 0, 0, 0, 0
16.81, 2025-06-05__13-49-16.166268, 0.000528216, -0.597986, -0.0127795, -1.59504, -0.0297329, 1.70295, 0.712052, 0.00204995, 0.0104752, 7.61999e-05, -0.905736, -0.000260466, 0.0019706, 0.000496727, -0.278574, -1.43117, -0.578339, -1.22737, -0.154802, 0.212482, 0.264, 0, 0, 0, 0, 0, 0, 0, 0, 0, 0, 0, 0, 0, 0
16.82, 2025-06-05__13-49-16.176269, 0.000514903, -0.597718, -0.0127958, -1.60434, -0.0297322, 1.70293, 0.712045, 3.25805e-05, 0.0128387, -0.00241602, -0.933007, 0.000443869, 0.000906487, -0.00050076, -0.239267, -2.45832, -0.481713, -0.557393, -0.138226, 0.299094, 0.267938, 0, 0, 0, 0, 0, 0, 0, 0, 0, 0, 0, 0, 0, 0
16.83, 2025-06-05__13-49-16.186271, 0.000513327, -0.59806, -0.0127863, -1.61335, -0.0297348, 1.70292, 0.712044, 0.00463071, -0.031101, 0.000691854, -0.903342, 0.000238694, 0.0010471, -0.000130884, -0.308139, 0.912547, -0.636772, -2.38072, -0.181941, 0.11858, 0.265603, 0, 0, 0, 0, 0, 0, 0, 0, 0, 0, 0, 0, 0, 0
16.84, 2025-06-05__13-49-16.196269, 0.000511547, -0.598095, -0.0127924, -1.62249, -0.0297368, 1.70295, 0.712045, -0.00669031, 0.0122304, 0.00249588, -0.932582, -0.000511359, -0.00256377, -0.000776344, -0.245765, -2.09944, -0.548166, -0.754617, -0.140506, 0.291822, 0.268938, 0, 0, 0, 0, 0, 0, 0, 0, 0, 0, 0, 0, 0, 0
16.85, 2025-06-05__13-49-16.206269, 0.000499451, -0.59793, -0.01281, -1.63182, -0.0297316, 1.70292, 0.712046, -0.00156045, 0.0026992, -0.00149019, -0.930936, 0.00025459, 0.00268586, -0.000951555, -0.240764, -1.66834, -0.48905, -0.994861, -0.146004, 0.252301, 0.269002, 0, 0, 0, 0, 0, 0, 0, 0, 0, 0, 0, 0, 0, 0
16.86, 2025-06-05__13-49-16.216270, 0.0005042, -0.598228, -0.0128016, -1.64089, -0.0297342, 1.70294, 0.712052, 0.00885011, -0.0221196, -0.00095534, -0.896317, -0.00131248, 0.00525505, 0.000108561, -0.327999, 0.737211, -0.629634, -2.41325, -0.178879, 0.090006, 0.264448, 0, 0, 0, 0, 0, 0, 0, 0, 0, 0, 0, 0, 0, 0
16.87, 2025-06-05__13-49-16.226269, 0.00049819, -0.598159, -0.0128033, -1.65102, -0.0297375, 1.7029, 0.712046, -0.00170775, 0.0203066, 0.00131672, -0.929535, -0.000703557, -0.00873165, -0.000679707, -0.276082, -2.38235, -0.560928, -0.683443, -0.14238, 0.317023, 0.268844, 0, 0, 0, 0, 0, 0, 0, 0, 0, 0, 0, 0, 0, 0
16.88, 2025-06-05__13-49-16.236270, 0.000488289, -0.59814, -0.0128179, -1.66036, -0.0297348, 1.70293, 0.712046, 0.000305496, -0.0168184, 0.00025878, -0.929604, -0.000808334, 0.0105313, 0.0001991, -0.279011, -0.419514, -0.562253, -1.65481, -0.158921, 0.165103, 0.265091, 0, 0, 0, 0, 0, 0, 0, 0, 0, 0, 0, 0, 0, 0
16.89, 2025-06-05__13-49-16.246270, 0.000487758, -0.598355, -0.0128208, -1.66856, -0.0297355, 1.70295, 0.712046, -0.000122532, -0.0168385, -0.000978675, -0.903757, 0.000582618, 0.00439304, -0.000294653, -0.262625, 0.366568, -0.522668, -2.23292, -0.173133, 0.113019, 0.265953, 0, 0, 0, 0, 0, 0, 0, 0, 0, 0, 0, 0, 0, 0
16.9, 2025-06-05__13-49-16.256267, 0.000486127, -0.598246, -0.0128215, -1.67788, -0.0297379, 1.70287, 0.712048, -0.000289837, 0.0170416, 0.000283146, -0.947119, 0.000347903, -0.0156214, 0.00202994, -0.2811, -2.55517, -0.54408, -0.498771, -0.142814, 0.374331, 0.260874, 0, 0, 0, 0, 0, 0, 0, 0, 0, 0, 0, 0, 0, 0
16.91, 2025-06-05__13-49-16.266268, 0.000479332, -0.598366, -0.0128341, -1.68822, -0.0297375, 1.70292, 0.71205, 0.000355617, -0.0232193, -0.00177301, -0.932957, 0.000111256, 0.0105867, 0.000879745, -0.260693, 0.00335933, -0.504572, -1.87648, -0.163083, 0.149169, 0.262603, 0, 0, 0, 0, 0, 0, 0, 0, 0, 0, 0, 0, 0, 0
16.92, 2025-06-05__13-49-16.276270, 0.000480467, -0.598555, -0.0128346, -1.69643, -0.0297378, 1.70297, 0.712045, -0.0024368, -0.0116125, -0.000932364, -0.918813, 0.00423755, 0.0113548, -0.00104717, -0.252719, -0.101486, -0.497135, -1.96069, -0.177498, 0.121706, 0.268305, 0, 0, 0, 0, 0, 0, 0, 0, 0, 0, 0, 0, 0, 0
16.93, 2025-06-05__13-49-16.286270, 0.000475829, -0.59841, -0.0128373, -1.70582, -0.0297352, 1.70284, 0.71205, -0.0014704, 0.0160292, 0.000152912, -0.943209, 0.00120418, -0.0127611, -0.000155688, -0.27383, -2.24471, -0.521409, -0.727367, -0.148826, 0.340538, 0.267201, 0, 0, 0, 0, 0, 0, 0, 0, 0, 0, 0, 0, 0, 0
16.94, 2025-06-05__13-49-16.296269, 0.000467477, -0.59851, -0.0128438, -1.71521, -0.0297395, 1.70291, 0.712051, -0.000354955, -0.0171142, 0.000921227, -0.916781, 0.00085113, 0.00540531, 1.51776e-06, -0.289788, 0.174658, -0.562947, -2.12738, -0.174421, 0.129774, 0.265165, 0, 0, 0, 0, 0, 0, 0, 0, 0, 0, 0, 0, 0, 0
16.95, 2025-06-05__13-49-16.306269, 0.000473999, -0.598645, -0.0128495, -1.72541, -0.0297382, 1.70293, 0.712052, 0.0013123, 9.16597e-05, -0.00160652, -0.936496, 0.000274925, -0.00467668, 0.000357414, -0.277101, -1.07206, -0.506262, -1.38266, -0.157271, 0.245015, 0.264881, 0, 0, 0, 0, 0, 0, 0, 0, 0, 0, 0, 0, 0, 0
16.96, 2025-06-05__13-49-16.316270, 0.000466124, -0.598549, -0.0128555, -1.73399, -0.0297335, 1.70281, 0.712053, -0.000810907, 0.00782536, -0.00228075, -0.963405, 0.000646592, -0.000730627, 0.000283423, -0.253146, -2.15101, -0.458063, -0.671876, -0.141812, 0.32117, 0.265669, 0, 0, 0, 0, 0, 0, 0, 0, 0, 0, 0, 0, 0, 0
16.97, 2025-06-05__13-49-16.326269, 0.000449821, -0.598735, -0.0128478, -1.74339, -0.0297415, 1.70291, 0.712052, -0.000270173, -0.0203051, 0.00142095, -0.927222, 0.00137473, 0.00742451, -7.87906e-05, -0.301752, 0.254716, -0.576731, -2.13373, -0.176762, 0.130861, 0.265471, 0, 0, 0, 0, 0, 0, 0, 0, 0, 0, 0, 0, 0, 0
16.98, 2025-06-05__13-49-16.336270, 0.000458607, -0.598787, -0.0128484, -1.75271, -0.0297419, 1.70292, 0.71205, 0.00141142, 0.00295057, 0.00272853, -0.943371, -0.00023996, -0.00594727, -0.000133692, -0.336484, -1.25502, -0.625121, -1.28311, -0.160428, 0.262748, 0.266965, 0, 0, 0, 0, 0, 0, 0, 0, 0, 0, 0, 0, 0, 0
16.99, 2025-06-05__13-49-16.346268, 0.000444937, -0.598711, -0.0128651, -1.76322, -0.0297361, 1.70282, 0.712056, -0.00227783, -0.00334614, -3.82639e-05, -0.96316, -0.00125778, 0.000186184, 0.00113864, -0.266867, -1.44317, -0.495184, -1.05316, -0.14406, 0.284379, 0.262852, 0, 0, 0, 0, 0, 0, 0, 0, 0, 0, 0, 0, 0, 0
17, 2025-06-05__13-49-16.356268, 0.000438852, -0.598882, -0.0128602, -1.77164, -0.0297415, 1.70291, 0.712053, 0.000204239, -0.0191068, -0.000569562, -0.93, -0.000298988, 0.00731295, -0.000101379, -0.282333, 0.229872, -0.516857, -2.15163, -0.168968, 0.131041, 0.265542, 0, 0, 0, 0, 0, 0, 0, 0, 0, 0, 0, 0, 0, 0
17.01, 2025-06-05__13-49-16.366268, 0.000442574, -0.598886, -0.0128687, -1.78107, -0.0297419, 1.70284, 0.712054, -0.0027382, 0.00576682, -0.000409836, -0.948292, 0.000358784, -0.0234264, 0.000321499, -0.259987, -1.44809, -0.471672, -1.16792, -0.152774, 0.344263, 0.265623, 0, 0, 0, 0, 0, 0, 0, 0, 0, 0, 0, 0, 0, 0
17.02, 2025-06-05__13-49-16.376268, 0.000425812, -0.598837, -0.0128775, -1.79072, -0.0297402, 1.70284, 0.712051, -0.00381432, -0.0029634, -0.00251162, -0.959795, -0.00166191, 0.0123179, -0.000128599, -0.22028, -1.25363, -0.396514, -1.23804, -0.139772, 0.218792, 0.266428, 0, 0, 0, 0, 0, 0, 0, 0, 0, 0, 0, 0, 0, 0
17.03, 2025-06-05__13-49-16.386270, 0.000424007, -0.599044, -0.012874, -1.80104, -0.0297421, 1.70294, 0.712046, 0.00143692, -0.0177385, -0.000780207, -0.942956, -0.000523929, 0.00669403, -9.14219e-07, -0.292947, -0.0186433, -0.517962, -1.97278, -0.165465, 0.157806, 0.265877, 0, 0, 0, 0, 0, 0, 0, 0, 0, 0, 0, 0, 0, 0
17.04, 2025-06-05__13-49-16.396271, 0.000428356, -0.598953, -0.0128779, -1.80965, -0.0297382, 1.70277, 0.712049, -0.00506122, 0.00884644, -0.00150335, -0.962221, 0.000446417, -0.0185659, 0.000350709, -0.226037, -1.82999, -0.40322, -0.921787, -0.144387, 0.362471, 0.265899, 0, 0, 0, 0, 0, 0, 0, 0, 0, 0, 0, 0, 0, 0
17.05, 2025-06-05__13-49-16.406269, 0.000406982, -0.598988, -0.0128812, -1.81929, -0.0297429, 1.70285, 0.712056, 0.000776062, -0.00879727, 0.000624175, -0.952301, -0.00739862, 0.00981331, 0.000520064, -0.298844, -0.691121, -0.528196, -1.60829, -0.136655, 0.187963, 0.264571, 0, 0, 0, 0, 0, 0, 0, 0, 0, 0, 0, 0, 0, 0
17.06, 2025-06-05__13-49-16.416269, 0.000405408, -0.599138, -0.0128871, -1.82873, -0.0297415, 1.70292, 0.712049, -0.000365443, -0.00511063, -0.00103189, -0.956548, -0.000131667, -0.00301448, -0.000119531, -0.273868, -0.867105, -0.473133, -1.48642, -0.156312, 0.245473, 0.266733, 0, 0, 0, 0, 0, 0, 0, 0, 0, 0, 0, 0, 0, 0
17.07, 2025-06-05__13-49-16.426269, 0.000397284, -0.599012, -0.0128928, -1.83939, -0.0297342, 1.70276, 0.71205, -0.00157496, 0.00788138, -0.00231147, -0.97428, 0.000286988, 0.00344933, -0.00122801, -0.247197, -1.94109, -0.415092, -0.848017, -0.142878, 0.298523, 0.270496, 0, 0, 0, 0, 0, 0, 0, 0, 0, 0, 0, 0, 0, 0
17.08, 2025-06-05__13-49-16.436270, 0.000373889, -0.599135, -0.0128825, -1.84807, -0.0297435, 1.70287, 0.712048, -0.00263789, -0.0152918, 0.00121788, -0.951504, -0.000429129, 0.0152162, -0.000777923, -0.279599, -0.248354, -0.502127, -1.88297, -0.161803, 0.143726, 0.268212, 0, 0, 0, 0, 0, 0, 0, 0, 0, 0, 0, 0, 0, 0
17.09, 2025-06-05__13-49-16.446270, 0.000385339, -0.599229, -0.012885, -1.85758, -0.0297452, 1.70287, 0.712053, 0.000235482, -0.00241789, -0.00060839, -0.962553, -6.49403e-05, -0.0123604, 0.00102583, -0.287322, -1.06353, -0.485543, -1.36745, -0.156325, 0.296676, 0.263481, 0, 0, 0, 0, 0, 0, 0, 0, 0, 0, 0, 0, 0, 0
17.1, 2025-06-05__13-49-16.456268, 0.000366421, -0.599145, -0.0128932, -1.86733, -0.0297348, 1.70276, 0.712045, -0.00145547, 0.0056868, -0.00160256, -0.975102, -0.000346792, 0.00565058, -0.00164982, -0.25595, -1.731, -0.426821, -0.987321, -0.144151, 0.278653, 0.271998, 0, 0, 0, 0, 0, 0, 0, 0, 0, 0, 0, 0, 0, 0
17.11, 2025-06-05__13-49-16.466269, 0.000360349, -0.5993, -0.0128911, -1.87787, -0.0297442, 1.70291, 0.712048, 0.00161819, -0.01531, -7.81843e-05, -0.955995, -0.000213109, 0.0102067, -3.1653e-05, -0.305673, -0.237965, -0.514376, -1.88878, -0.165328, 0.162932, 0.266143, 0, 0, 0, 0, 0, 0, 0, 0, 0, 0, 0, 0, 0, 0
17.12, 2025-06-05__13-49-16.476270, 0.000368757, -0.599261, -0.0128943, -1.88656, -0.0297372, 1.70279, 0.71205, 0.00111957, 0.0107881, -0.000905256, -0.976552, 0.00229706, -0.0223968, -0.000150447, -0.296168, -1.93847, -0.477977, -0.856534, -0.15683, 0.390872, 0.267882, 0, 0, 0, 0, 0, 0, 0, 0, 0, 0, 0, 0, 0, 0
17.13, 2025-06-05__13-49-16.486270, 0.000343789, -0.59925, -0.0128922, -1.89642, -0.0297442, 1.70282, 0.712047, 0.0003645, -0.0108946, 0.00201444, -0.971933, -0.00155812, 0.0142268, -0.000361077, -0.321806, -0.801686, -0.546251, -1.51006, -0.155043, 0.19836, 0.267742, 0, 0, 0, 0, 0, 0, 0, 0, 0, 0, 0, 0, 0, 0
17.14, 2025-06-05__13-49-16.496268, 0.000341051, -0.599414, -0.0129012, -1.90598, -0.0297448, 1.70293, 0.71205, -0.00219507, -0.012333, -0.000940984, -0.958757, -0.000549194, 0.00509139, 0.000664127, -0.252149, -0.360685, -0.424731, -1.84434, -0.158397, 0.185977, 0.263951, 0, 0, 0, 0, 0, 0, 0, 0, 0, 0, 0, 0, 0, 0
17.15, 2025-06-05__13-49-16.506268, 0.000339048, -0.599297, -0.0129013, -1.91673, -0.0297331, 1.70275, 0.712053, 0.00192204, 0.010637, -0.000859977, -0.976519, 0.00854168, -0.00177356, -0.000924143, -0.309743, -1.84083, -0.487455, -0.986159, -0.17986, 0.305572, 0.269373, 0, 0, 0, 0, 0, 0, 0, 0, 0, 0, 0, 0, 0, 0
17.16, 2025-06-05__13-49-16.516270, 0.000331607, -0.599371, -0.0128992, -1.92555, -0.0297455, 1.70286, 0.712052, 0.00144004, -0.00873674, 0.00077488, -0.969572, -0.00322586, 0.00413867, 0.000269152, -0.313588, -0.773173, -0.512683, -1.57479, -0.150749, 0.224383, 0.265803, 0, 0, 0, 0, 0, 0, 0, 0, 0, 0, 0, 0, 0, 0
17.17, 2025-06-05__13-49-16.526270, 0.000331293, -0.599466, -0.0129066, -1.93522, -0.0297461, 1.70289, 0.712054, 0.000796797, -0.00259985, -0.000560678, -0.981767, -0.000425912, -0.00859437, 0.00121131, -0.291569, -1.24443, -0.465804, -1.22995, -0.152173, 0.309296, 0.263206, 0, 0, 0, 0, 0, 0, 0, 0, 0, 0, 0, 0, 0, 0
17.18, 2025-06-05__13-49-16.536271, 0.000318783, -0.599386, -0.0129119, -1.9451, -0.0297361, 1.70276, 0.712052, -0.00201111, 0.00226081, -0.0020657, -0.985722, 0.000114138, 0.00386478, -8.41251e-05, -0.23985, -1.56611, -0.379831, -1.07886, -0.14594, 0.28598, 0.266984, 0, 0, 0, 0, 0, 0, 0, 0, 0, 0, 0, 0, 0, 0
17.19, 2025-06-05__13-49-16.546270, 0.000311224, -0.599516, -0.0129054, -1.95582, -0.0297474, 1.70292, 0.712053, -0.000952225, -0.00975148, -0.000260002, -0.954206, -0.00095471, 0.0220721, -0.000673008, -0.272065, -0.286351, -0.441611, -2.03906, -0.161643, 0.10146, 0.267566, 0, 0, 0, 0, 0, 0, 0, 0, 0, 0, 0, 0, 0, 0
17.2, 2025-06-05__13-49-16.556269, 0.000324368, -0.599478, -0.01291, -1.96463, -0.0297434, 1.70281, 0.712056, 0.000392774, 0.0101322, 0.00201872, -0.983855, 0.00129283, -0.0218462, 0.000399497, -0.325914, -1.82678, -0.516531, -0.955773, -0.158101, 0.383801, 0.266236, 0, 0, 0, 0, 0, 0, 0, 0, 0, 0, 0, 0, 0, 0
17.21, 2025-06-05__13-49-16.566270, 0.000303914, -0.59946, -0.0129117, -1.97457, -0.0297448, 1.7028, 0.712051, -0.00314245, -0.00964339, 0.000807766, -0.981618, -0.00171021, 0.0106671, -0.000655003, -0.263823, -0.889662, -0.432414, -1.49107, -0.148608, 0.221592, 0.268551, 0, 0, 0, 0, 0, 0, 0, 0, 0, 0, 0, 0, 0, 0
17.22, 2025-06-05__13-49-16.576270, 0.000309529, -0.599591, -0.0129134, -1.9843, -0.0297459, 1.70293, 0.71205, 0.00514712, -0.00711373, -0.0007281, -0.987326, -0.000114474, 0.0136221, -0.000762007, -0.337562, -1.01549, -0.510906, -1.39743, -0.158532, 0.21642, 0.269107, 0, 0, 0, 0, 0, 0, 0, 0, 0, 0, 0, 0, 0, 0
17.23, 2025-06-05__13-49-16.586269, 0.000301432, -0.59949, -0.0129131, -1.9952, -0.0297364, 1.70276, 0.71205, -0.00547843, 0.00665505, 0.000694121, -0.996552, 0.00078121, -0.0150744, 2.11306e-07, -0.2402, -1.87819, -0.387915, -0.860806, -0.145975, 0.382141, 0.267541, 0, 0, 0, 0, 0, 0, 0, 0, 0, 0, 0, 0, 0, 0
17.24, 2025-06-05__13-49-16.596268, 0.000297163, -0.599584, -0.0129112, -2.00414, -0.0297448, 1.70287, 0.712048, 0.00568295, -0.0145246, -0.000157537, -0.971599, -0.00748507, 0.012075, 0.000214307, -0.341225, -0.398456, -0.51638, -1.86969, -0.143896, 0.171117, 0.266233, 0, 0, 0, 0, 0, 0, 0, 0, 0, 0, 0, 0, 0, 0
17.25, 2025-06-05__13-49-16.606268, 0.00029917, -0.599629, -0.0129165, -2.01391, -0.0297501, 1.70291, 0.71205, 0.00204987, 0.00291626, -0.00123195, -0.992186, -0.00148377, -0.00994492, -0.000385331, -0.293551, -1.52092, -0.436573, -1.1116, -0.14687, 0.330219, 0.268674, 0, 0, 0, 0, 0, 0, 0, 0, 0, 0, 0, 0, 0, 0
17.26, 2025-06-05__13-49-16.616269, 0.000286172, -0.599548, -0.0129191, -2.02387, -0.0297375, 1.7028, 0.712052, -0.000991139, -0.000567741, -0.000172898, -0.991463, 7.38232e-05, 0.00787527, 0.000425114, -0.273887, -1.38051, -0.418797, -1.23048, -0.151758, 0.260514, 0.265547, 0, 0, 0, 0, 0, 0, 0, 0, 0, 0, 0, 0, 0, 0
17.27, 2025-06-05__13-49-16.626270, 0.000280147, -0.599684, -0.0129162, -2.03372, -0.0297448, 1.70292, 0.712048, -0.000268358, -0.0122919, -0.00271235, -0.971981, 0.000331072, 0.0105503, -0.000302571, -0.242394, -0.432579, -0.362309, -1.89931, -0.161209, 0.172191, 0.267058, 0, 0, 0, 0, 0, 0, 0, 0, 0, 0, 0, 0, 0, 0
17.28, 2025-06-05__13-49-16.636284, 0.000282868, -0.599651, -0.012912, -2.04363, -0.0297451, 1.7028, 0.712054, -0.00135146, 0.00878298, 0.00675427, -1.00223, 0.00135501, -0.0317428, 0.00336517, -0.371077, -1.93594, -0.584405, -0.80941, -0.160323, 0.448966, 0.258086, 0, 0, 0, 0, 0, 0, 0, 0, 0, 0, 0, 0, 0, 0
17.29, 2025-06-05__13-49-16.646271, 0.000263875, -0.599658, -0.0129173, -2.05369, -0.0297448, 1.70286, 0.712048, -0.00099229, -0.00980319, 0.00181745, -0.99528, -0.000266156, 0.0150248, -0.000441189, -0.298837, -0.975408, -0.461733, -1.4356, -0.155063, 0.218975, 0.268269, 0, 0, 0, 0, 0, 0, 0, 0, 0, 0, 0, 0, 0, 0
17.3, 2025-06-05__13-49-16.656269, 0.000265891, -0.59977, -0.0129198, -2.06351, -0.0297461, 1.70293, 0.712052, -0.00170171, -0.00663846, -0.000696225, -0.984268, -0.000162197, 0.00651614, -1.316e-05, -0.252302, -0.836622, -0.380651, -1.61861, -0.155712, 0.22027, 0.26652, 0, 0, 0, 0, 0, 0, 0, 0, 0, 0, 0, 0, 0, 0
17.31, 2025-06-05__13-49-16.666271, 0.000266225, -0.599653, -0.0129195, -2.07351, -0.0297375, 1.70278, 0.712054, 0.00181955, 0.00538144, -0.00239561, -1.0022, 0.00028174, 0.000837428, 0.000599664, -0.272537, -1.72073, -0.383778, -1.01817, -0.149462, 0.313884, 0.265379, 0, 0, 0, 0, 0, 0, 0, 0, 0, 0, 0, 0, 0, 0
17.32, 2025-06-05__13-49-16.676270, 0.000255967, -0.599764, -0.0129107, -2.08449, -0.0297461, 1.7029, 0.712051, -0.000164374, -0.0119808, 0.0011381, -0.98576, -0.000174294, 0.00586775, -0.00113826, -0.29615, -0.647965, -0.445632, -1.7179, -0.161225, 0.218022, 0.270181, 0, 0, 0, 0, 0, 0, 0, 0, 0, 0, 0, 0, 0, 0
17.33, 2025-06-05__13-49-16.686271, 0.000263688, -0.59977, -0.0129145, -2.09346, -0.0297523, 1.70288, 0.712052, 0.00188844, 0.00781123, 0.00100094, -1.00339, -0.000165661, -0.0147497, 0.000869661, -0.321101, -1.7648, -0.463113, -0.981967, -0.152265, 0.369001, 0.265264, 0, 0, 0, 0, 0, 0, 0, 0, 0, 0, 0, 0, 0, 0
17.34, 2025-06-05__13-49-16.696269, 0.000250999, -0.599718, -0.0129196, -2.10356, -0.0297391, 1.70284, 0.712048, -0.00194235, -0.0039108, 0.000859596, -1.00791, -0.000464713, 0.00945425, -0.000925556, -0.271464, -1.3774, -0.403814, -1.17188, -0.148152, 0.273296, 0.270163, 0, 0, 0, 0, 0, 0, 0, 0, 0, 0, 0, 0, 0, 0
17.35, 2025-06-05__13-49-16.706267, 0.000242195, -0.599835, -0.0129138, -2.1145, -0.0297497, 1.70294, 0.712045, -0.000394821, -0.00475878, 0.00031739, -0.992353, 1.69724e-05, 0.00536875, -0.000838396, -0.278653, -0.994418, -0.406802, -1.53086, -0.157191, 0.238171, 0.269719, 0, 0, 0, 0, 0, 0, 0, 0, 0, 0, 0, 0, 0, 0
17.36, 2025-06-05__13-49-16.716269, 0.000254477, -0.599735, -0.0129192, -2.12454, -0.0297363, 1.70278, 0.712055, -0.00143988, 0.00917939, -0.000354671, -1.00004, 0.00183083, -0.0172189, 0.000458098, -0.259814, -1.74706, -0.368668, -1.06453, -0.156706, 0.373224, 0.26608, 0, 0, 0, 0, 0, 0, 0, 0, 0, 0, 0, 0, 0, 0
17.37, 2025-06-05__13-49-16.726270, 0.000240549, -0.599797, -0.0129114, -2.13463, -0.0297481, 1.7029, 0.712051, -0.0022168, -0.0112076, 0.00398133, -1.002, -0.000646211, 0.00864951, -0.000358239, -0.309002, -0.923262, -0.466805, -1.48815, -0.156074, 0.242032, 0.268239, 0, 0, 0, 0, 0, 0, 0, 0, 0, 0, 0, 0, 0, 0
17.38, 2025-06-05__13-49-16.736269, 0.000244908, -0.599846, -0.0129166, -2.14364, -0.0297495, 1.70294, 0.712048, 0.00103479, 0.00589878, -0.00018428, -1.01625, -0.000943713, -0.0113651, 0.000592954, -0.28924, -1.80822, -0.402549, -0.896187, -0.144953, 0.373299, 0.266379, 0, 0, 0, 0, 0, 0, 0, 0, 0, 0, 0, 0, 0, 0
17.39, 2025-06-05__13-49-16.746270, 0.000238207, -0.59976, -0.0129244, -2.15376, -0.0297388, 1.70282, 0.712048, -0.00813127, 0.00562253, -0.00103679, -1.01351, 6.27372e-05, 0.00303548, -0.00066046, -0.164566, -1.7722, -0.245737, -0.983502, -0.138872, 0.317554, 0.269329, 0, 0, 0, 0, 0, 0, 0, 0, 0, 0, 0, 0, 0, 0
17.4, 2025-06-05__13-49-16.756268, 0.000234611, -0.599876, -0.0129103, -2.1638, -0.0297472, 1.70293, 0.712046, -0.00117619, -0.00823845, 0.00138419, -0.989913, 0.000597708, 0.00782442, -0.000150709, -0.280278, -0.769634, -0.404603, -1.73838, -0.163322, 0.210598, 0.267421, 0, 0, 0, 0, 0, 0, 0, 0, 0, 0, 0, 0, 0, 0
17.41, 2025-06-05__13-49-16.766270, 0.000244569, -0.599841, -0.0129166, -2.17386, -0.0297468, 1.70285, 0.712044, -0.000492953, 0.00948796, 6.48481e-05, -1.01065, 0.00158264, -0.0281569, -0.00103145, -0.27296, -1.8335, -0.374869, -0.951248, -0.155291, 0.429339, 0.27169, 0, 0, 0, 0, 0, 0, 0, 0, 0, 0, 0, 0, 0, 0
17.42, 2025-06-05__13-49-16.776269, 0.000225815, -0.599843, -0.0129141, -2.18401, -0.0297461, 1.7029, 0.712048, -0.00348128, -0.00687635, 0.0016778, -1.02341, -0.00193317, 0.0169287, -0.000913978, -0.255944, -1.38027, -0.372506, -1.11599, -0.139819, 0.262882, 0.270296, 0, 0, 0, 0, 0, 0, 0, 0, 0, 0, 0, 0, 0, 0
17.43, 2025-06-05__13-49-16.786270, 0.000233334, -0.599942, -0.0129083, -2.19507, -0.0297527, 1.70296, 0.712054, 0.00137003, -0.00517572, 0.00224871, -1.01216, -0.00105322, 0.00368997, 0.000411883, -0.322472, -1.20563, -0.450425, -1.31536, -0.15337, 0.280261, 0.26624, 0, 0, 0, 0, 0, 0, 0, 0, 0, 0, 0, 0, 0, 0
17.44, 2025-06-05__13-49-16.796268, 0.000236697, -0.599854, -0.0129198, -2.2042, -0.0297362, 1.70281, 0.712048, -0.002371, 0.00914177, -0.00160353, -1.01841, 0.00101101, -0.00977641, -0.000901743, -0.223009, -1.88162, -0.298337, -0.916915, -0.147818, 0.374878, 0.270707, 0, 0, 0, 0, 0, 0, 0, 0, 0, 0, 0, 0, 0, 0
17.45, 2025-06-05__13-49-16.806271, 0.000227332, -0.599943, -0.0129032, -2.21436, -0.0297517, 1.70292, 0.712051, -0.000327381, -0.00935592, 0.00186191, -0.996766, -0.000523689, 0.00358026, 0.000256489, -0.291461, -0.790952, -0.408137, -1.7117, -0.160306, 0.236009, 0.266323, 0, 0, 0, 0, 0, 0, 0, 0, 0, 0, 0, 0, 0, 0
17.46, 2025-06-05__13-49-16.816269, 0.000246251, -0.599966, -0.0129134, -2.22448, -0.0297532, 1.7029, 0.71205, 0.00772074, 0.00412945, -0.000859357, -1.0161, -0.000154735, -0.0119338, 0.00164568, -0.355559, -1.58295, -0.453809, -1.10121, -0.157619, 0.360872, 0.263341, 0, 0, 0, 0, 0, 0, 0, 0, 0, 0, 0, 0, 0, 0
17.47, 2025-06-05__13-49-16.826272, 0.000225433, -0.599918, -0.0129085, -2.2347, -0.0297421, 1.70288, 0.71205, -0.00259209, 0.00037366, -0.000845351, -1.01535, -0.0021993, 0.00807564, -0.000742915, -0.224157, -1.43004, -0.303627, -1.23642, -0.14107, 0.277795, 0.269707, 0, 0, 0, 0, 0, 0, 0, 0, 0, 0, 0, 0, 0, 0
17.48, 2025-06-05__13-49-16.836270, 0.000226457, -0.600015, -0.0129077, -2.2448, -0.0297455, 1.70296, 0.712047, -0.00012369, -0.00547951, -0.000536368, -1.01233, 8.01563e-05, 0.00446298, -0.000605107, -0.259032, -1.12048, -0.345654, -1.422, -0.154457, 0.269828, 0.269331, 0, 0, 0, 0, 0, 0, 0, 0, 0, 0, 0, 0, 0, 0
17.49, 2025-06-05__13-49-16.846268, 0.000233536, -0.599944, -0.0129161, -2.25501, -0.0297389, 1.70282, 0.712053, -0.00206053, 0.0117131, -0.00119793, -1.02352, 0.00170298, -0.0247929, 0.000148667, -0.227283, -1.95376, -0.294211, -0.854856, -0.151157, 0.439804, 0.267756, 0, 0, 0, 0, 0, 0, 0, 0, 0, 0, 0, 0, 0, 0
17.5, 2025-06-05__13-49-16.856268, 0.000223784, -0.600003, -0.0129056, -2.26528, -0.0297481, 1.70293, 0.712047, 0.000116084, -0.00371066, -0.000256789, -1.01209, -0.000799397, 0.00451568, -0.00132575, -0.261946, -1.16917, -0.345042, -1.42825, -0.152254, 0.270258, 0.271657, 0, 0, 0, 0, 0, 0, 0, 0, 0, 0, 0, 0, 0, 0
17.51, 2025-06-05__13-49-16.866268, 0.00023627, -0.600033, -0.0129127, -2.27646, -0.0297543, 1.70292, 0.712051, 0.00806302, 0.00103861, -0.00160542, -1.01597, -0.000116612, -0.0114905, -8.48779e-06, -0.341167, -1.3848, -0.419198, -1.26129, -0.15949, 0.346186, 0.26827, 0, 0, 0, 0, 0, 0, 0, 0, 0, 0, 0, 0, 0, 0
17.52, 2025-06-05__13-49-16.876271, 0.0002213, -0.599967, -0.012911, -2.28568, -0.0297382, 1.70289, 0.712049, -0.00406989, 0.000549393, 0.000735762, -1.02985, -0.000331512, 0.0138985, -0.000375782, -0.224186, -1.57667, -0.302968, -1.06788, -0.14394, 0.284783, 0.268758, 0, 0, 0, 0, 0, 0, 0, 0, 0, 0, 0, 0, 0, 0
17.53, 2025-06-05__13-49-16.886274, 0.000216556, -0.600056, -0.0129018, -2.29586, -0.0297463, 1.70297, 0.712048, -2.5078e-05, -0.00928659, 0.00116319, -1.00771, 0.000261424, 0.00735824, 8.38903e-05, -0.27427, -0.863778, -0.363075, -1.66671, -0.160883, 0.235087, 0.267064, 0, 0, 0, 0, 0, 0, 0, 0, 0, 0, 0, 0, 0, 0
17.54, 2025-06-05__13-49-16.896269, 0.00022859, -0.599997, -0.0129071, -2.30614, -0.0297374, 1.70285, 0.712048, 0.000395574, 0.0139241, 0.000436128, -1.02129, 0.00106372, -0.016469, -0.000111938, -0.272119, -1.88459, -0.34274, -0.994413, -0.15574, 0.393901, 0.268863, 0, 0, 0, 0, 0, 0, 0, 0, 0, 0, 0, 0, 0, 0
17.55, 2025-06-05__13-49-16.906269, 0.000217191, -0.600039, -0.0129047, -2.3165, -0.0297531, 1.70295, 0.712047, 0.00146873, -0.00875235, -0.000196712, -1.0322, -0.00155644, 0.0113255, 0.000815945, -0.273484, -1.23902, -0.348732, -1.22312, -0.145418, 0.282549, 0.265452, 0, 0, 0, 0, 0, 0, 0, 0, 0, 0, 0, 0, 0, 0
17.56, 2025-06-05__13-49-16.916272, 0.000221501, -0.600107, -0.0129071, -2.32671, -0.0297537, 1.70297, 0.712048, 0.00147223, 0.00264039, 0.000741913, -1.03145, -0.000276563, -0.00954781, -0.000218175, -0.284694, -1.57509, -0.358679, -1.05009, -0.150256, 0.369993, 0.269179, 0, 0, 0, 0, 0, 0, 0, 0, 0, 0, 0, 0, 0, 0
17.57, 2025-06-05__13-49-16.926271, 0.000212978, -0.600022, -0.0129145, -2.33702, -0.0297388, 1.70289, 0.712044, -0.00483342, 0.00160222, -0.00520635, -1.03489, -0.000678352, 0.00505279, -0.000831793, -0.124556, -1.60912, -0.146783, -1.03522, -0.135548, 0.326672, 0.270267, 0, 0, 0, 0, 0, 0, 0, 0, 0, 0, 0, 0, 0, 0
17.58, 2025-06-05__13-49-16.936272, 0.000214744, -0.600112, -0.0129004, -2.34728, -0.029746, 1.70297, 0.712048, 0.00198162, -0.00761089, -0.00113049, -1.01493, 0.000175349, 0.0103306, -0.000173708, -0.259972, -0.965961, -0.32026, -1.60377, -0.15857, 0.23739, 0.267946, 0, 0, 0, 0, 0, 0, 0, 0, 0, 0, 0, 0, 0, 0
17.59, 2025-06-05__13-49-16.946269, 0.000222512, -0.600051, -0.0129067, -2.35865, -0.0297383, 1.70287, 0.71205, 0.000816973, 0.00743151, -0.000692085, -1.02675, 0.0031968, -0.00775714, -9.13004e-05, -0.254683, -1.64988, -0.307432, -1.11548, -0.162637, 0.358961, 0.268372, 0, 0, 0, 0, 0, 0, 0, 0, 0, 0, 0, 0, 0, 0
17.6, 2025-06-05__13-49-16.956268, 0.000210205, -0.600079, -0.0128937, -2.36805, -0.0297522, 1.70296, 0.712052, -0.000579386, -0.00916156, 0.000469313, -1.03728, -0.00160245, 0.0119548, 0.000450657, -0.24903, -1.23379, -0.315335, -1.22078, -0.143501, 0.286219, 0.266377, 0, 0, 0, 0, 0, 0, 0, 0, 0, 0, 0, 0, 0, 0
17.61, 2025-06-05__13-49-16.966269, 0.000214893, -0.600159, -0.0128977, -2.37832, -0.0297538, 1.70298, 0.712047, 0.000696606, -0.000520681, -0.00119195, -1.04028, -0.00114498, 0.00108512, -1.47578e-05, -0.241816, -1.5081, -0.291903, -1.04767, -0.142955, 0.341405, 0.268395, 0, 0, 0, 0, 0, 0, 0, 0, 0, 0, 0, 0, 0, 0
17.62, 2025-06-05__13-49-16.976271, 0.000217242, -0.600105, -0.0128981, -2.38869, -0.0297369, 1.70289, 0.712049, -0.00154722, -0.0022761, 0.00160385, -1.04489, -0.000286066, 0.00374573, 0.000130573, -0.250629, -1.52837, -0.315637, -0.991949, -0.145963, 0.346107, 0.267928, 0, 0, 0, 0, 0, 0, 0, 0, 0, 0, 0, 0, 0, 0
17.63, 2025-06-05__13-49-16.986270, 0.000214147, -0.600171, -0.0128922, -2.40007, -0.0297485, 1.703, 0.712051, -2.11809e-05, -0.00673937, -0.000181938, -1.03064, -0.000320236, 0.00631561, 3.21741e-05, -0.241033, -1.15178, -0.294789, -1.37025, -0.151263, 0.286602, 0.267616, 0, 0, 0, 0, 0, 0, 0, 0, 0, 0, 0, 0, 0, 0
17.64, 2025-06-05__13-49-16.996269, 0.000225062, -0.600134, -0.0128974, -2.40942, -0.0297418, 1.70291, 0.712045, 0.000635527, 0.00935649, -0.00110542, -1.03251, 0.00168962, -0.0178063, -0.000278973, -0.237787, -1.69548, -0.27602, -1.05841, -0.156457, 0.405484, 0.269597, 0, 0, 0, 0, 0, 0, 0, 0, 0, 0, 0, 0, 0, 0
17.65, 2025-06-05__13-49-17.006268, 0.000211716, -0.600128, -0.012895, -2.41675, -0.0297445, 1.70292, 0.712045, -0.00382395, -0.00118184, 0.00069834, -1.04568, -0.000829558, 0.00169581, -0.000828688, -0.204097, -1.53075, -0.255484, -1.00733, -0.14093, 0.35248, 0.270953, 0, 0, 0, 0, 0, 0, 0, 0, 0, 0, 0, 0, 0, 0
17.66, 2025-06-05__13-49-17.016268, 0.000217179, -0.600219, -0.0128964, -2.43024, -0.0297535, 1.70302, 0.712051, 0.00203252, 0.000210055, -0.000882854, -1.04293, -0.00150478, -0.000922663, -0.00043468, -0.251354, -1.48126, -0.291925, -1.07717, -0.143749, 0.348214, 0.269726, 0, 0, 0, 0, 0, 0, 0, 0, 0, 0, 0, 0, 0, 0
17.67, 2025-06-05__13-49-17.026271, 0.000220375, -0.600163, -0.0128964, -2.44066, -0.0297363, 1.70292, 0.712049, -0.00136713, 0.00585791, 0.000578471, -1.04529, -0.000549001, 0.00479248, 0.000146576, -0.228298, -1.68423, -0.271479, -0.976573, -0.144678, 0.342845, 0.267948, 0, 0, 0, 0, 0, 0, 0, 0, 0, 0, 0, 0, 0, 0
17.68, 2025-06-05__13-49-17.036269, 0.000216885, -0.600241, -0.0128918, -2.45105, -0.0297509, 1.703, 0.712049, 0.00307994, -0.00655767, -0.000713875, -1.03296, -0.000511496, 0.00639226, -0.000386762, -0.260488, -1.11641, -0.300211, -1.41213, -0.153256, 0.286703, 0.269208, 0, 0, 0, 0, 0, 0, 0, 0, 0, 0, 0, 0, 0, 0
17.69, 2025-06-05__13-49-17.046269, 0.000218974, -0.600235, -0.0128943, -2.46149, -0.0297436, 1.70293, 0.712053, -0.00147111, 0.00266158, -0.000342088, -1.04645, 0.00160578, -0.019666, -2.01805e-05, -0.211698, -1.57211, -0.246387, -0.979718, -0.151803, 0.43482, 0.268597, 0, 0, 0, 0, 0, 0, 0, 0, 0, 0, 0, 0, 0, 0
17.7, 2025-06-05__13-49-17.056268, 0.000210628, -0.600249, -0.0128838, -2.47304, -0.0297503, 1.70299, 0.712049, -0.000348584, -0.00937776, 0.00110195, -1.04101, -0.00134212, 0.00539383, -0.000686687, -0.236844, -1.11776, -0.283345, -1.3229, -0.146569, 0.307512, 0.270249, 0, 0, 0, 0, 0, 0, 0, 0, 0, 0, 0, 0, 0, 0
17.71, 2025-06-05__13-49-17.066269, 0.000221594, -0.600285, -0.0128858, -2.48346, -0.0297561, 1.70302, 0.712052, 0.00375866, 0.000747605, 0.00101001, -1.05284, -0.00112376, -0.00431613, 0.00015402, -0.28591, -1.53532, -0.325497, -0.964497, -0.145956, 0.381491, 0.268423, 0, 0, 0, 0, 0, 0, 0, 0, 0, 0, 0, 0, 0, 0
17.72, 2025-06-05__13-49-17.076269, 0.000220056, -0.600232, -0.0128914, -2.49286, -0.0297353, 1.70294, 0.712048, -0.00276841, -0.00104481, 0.00132206, -1.05008, 0.000485093, 0.00346882, -1.85927e-05, -0.209537, -1.45449, -0.248854, -1.06528, -0.147815, 0.347411, 0.268426, 0, 0, 0, 0, 0, 0, 0, 0, 0, 0, 0, 0, 0, 0
17.73, 2025-06-05__13-49-17.086269, 0.000218935, -0.600291, -0.0128848, -2.5033, -0.0297496, 1.70302, 0.712045, 0.00236658, -0.0056177, -0.000811592, -1.04114, -0.000200358, 0.00514873, -0.000234674, -0.240626, -1.18221, -0.268392, -1.32511, -0.15161, 0.30746, 0.269097, 0, 0, 0, 0, 0, 0, 0, 0, 0, 0, 0, 0, 0, 0
17.74, 2025-06-05__13-49-17.096269, 0.000219606, -0.60025, -0.0128903, -2.51378, -0.0297434, 1.70297, 0.712051, -0.000541387, 0.00526934, -0.00126591, -1.04502, 0.00143854, -0.00777206, -0.000408709, -0.199683, -1.54619, -0.218311, -1.09214, -0.152592, 0.380072, 0.269633, 0, 0, 0, 0, 0, 0, 0, 0, 0, 0, 0, 0, 0, 0
17.75, 2025-06-05__13-49-17.106269, 0.000210521, -0.600261, -0.0128799, -2.52432, -0.0297483, 1.703, 0.712048, -0.000142785, -0.00173901, 0.000839975, -1.05525, -0.00161448, 0.00611986, -7.89873e-05, -0.225607, -1.44764, -0.256835, -1.03371, -0.140633, 0.343305, 0.268888, 0, 0, 0, 0, 0, 0, 0, 0, 0, 0, 0, 0, 0, 0
17.76, 2025-06-05__13-49-17.116270, 0.000213945, -0.60029, -0.0128794, -2.5348, -0.0297503, 1.70305, 0.712049, -0.00176193, 0.000355266, 0.000351846, -1.05574, -0.00210682, 0.00159272, 0.000327092, -0.198748, -1.49044, -0.225593, -1.00897, -0.137052, 0.360091, 0.267619, 0, 0, 0, 0, 0, 0, 0, 0, 0, 0, 0, 0, 0, 0
17.77, 2025-06-05__13-49-17.126271, 0.000212661, -0.600241, -0.0128879, -2.54528, -0.029734, 1.70298, 0.712047, -0.00125203, -0.000251328, 0.000302589, -1.04954, 0.000546833, 0.00212148, -0.000533532, -0.200507, -1.40919, -0.223642, -1.14223, -0.149692, 0.345525, 0.270091, 0, 0, 0, 0, 0, 0, 0, 0, 0, 0, 0, 0, 0, 0
17.78, 2025-06-05__13-49-17.136268, 0.000214771, -0.600291, -0.0128794, -2.55577, -0.029749, 1.70304, 0.712046, -0.00140041, -0.00549293, 0.00066769, -1.03956, -0.000468215, 0.00513489, -0.000636542, -0.197887, -1.12162, -0.223426, -1.42898, -0.150017, 0.298705, 0.270128, 0, 0, 0, 0, 0, 0, 0, 0, 0, 0, 0, 0, 0, 0
17.79, 2025-06-05__13-49-17.146270, 0.000219394, -0.600259, -0.01289, -2.56634, -0.0297418, 1.703, 0.712045, 0.00531017, 0.00378992, -0.00231448, -1.05175, 0.0013378, -0.0130484, 8.24641e-05, -0.241783, -1.52144, -0.242759, -1.04977, -0.155455, 0.41049, 0.268961, 0, 0, 0, 0, 0, 0, 0, 0, 0, 0, 0, 0, 0, 0
17.8, 2025-06-05__13-49-17.156269, 0.000217575, -0.600285, -0.0128773, -2.57797, -0.0297473, 1.70303, 0.712051, 0.00661588, -0.00390293, 0.00104947, -1.05064, -0.000836088, 0.00723778, 0.00147188, -0.289349, -1.27028, -0.306496, -1.22948, -0.152195, 0.31908, 0.264255, 0, 0, 0, 0, 0, 0, 0, 0, 0, 0, 0, 0, 0, 0
17.81, 2025-06-05__13-49-17.166269, 0.000211964, -0.600302, -0.0128745, -2.58745, -0.0297493, 1.70306, 0.712044, -0.000632332, 0.000972273, 0.000884427, -1.0572, -0.000633982, 0.000168768, -0.0016877, -0.203969, -1.45708, -0.222188, -1.04929, -0.143783, 0.365495, 0.274125, 0, 0, 0, 0, 0, 0, 0, 0, 0, 0, 0, 0, 0, 0
17.82, 2025-06-05__13-49-17.176270, 0.000215159, -0.600264, -0.01288, -2.598, -0.0297403, 1.70302, 0.712051, -0.00119965, -0.00598293, -0.000727849, -1.05283, -0.00032867, 0.010485, -0.000616064, -0.17658, -1.22747, -0.188545, -1.2465, -0.145522, 0.310655, 0.269938, 0, 0, 0, 0, 0, 0, 0, 0, 0, 0, 0, 0, 0, 0
17.83, 2025-06-05__13-49-17.186269, 0.000219391, -0.600323, -0.012873, -2.60961, -0.0297468, 1.70307, 0.712052, -4.54252e-05, -0.00553875, 0.000323671, -1.0584, 0.0004745, 0.00332772, 0.000227725, -0.200347, -1.27193, -0.214232, -1.14104, -0.148043, 0.348845, 0.267692, 0, 0, 0, 0, 0, 0, 0, 0, 0, 0, 0, 0, 0, 0
17.84, 2025-06-05__13-49-17.196268, 0.000225408, -0.600283, -0.0128751, -2.6181, -0.0297411, 1.70303, 0.71205, 0.00430582, 0.00633378, -0.000720011, -1.05133, 0.00129186, -0.00717897, 0.000459943, -0.23429, -1.50449, -0.232386, -1.12509, -0.156619, 0.383145, 0.267547, 0, 0, 0, 0, 0, 0, 0, 0, 0, 0, 0, 0, 0, 0
17.85, 2025-06-05__13-49-17.206227, 0.00021868, -0.600311, -0.0128729, -2.63085, -0.0297457, 1.70306, 0.712051, 0.00734792, -0.00414895, -0.000664833, -1.05939, -0.000896638, 0.00321472, -0.000268895, -0.263566, -1.30061, -0.261544, -1.13043, -0.148621, 0.352124, 0.269806, 0, 0, 0, 0, 0, 0, 0, 0, 0, 0, 0, 0, 0, 0
17.86, 2025-06-05__13-49-17.216266, 0.000222222, -0.600316, -0.0128699, -2.64144, -0.0297493, 1.70306, 0.712049, -0.000307871, 0.00144296, 0.000355996, -1.06409, 0.000171179, -0.00726505, 0.000337941, -0.189263, -1.47972, -0.195063, -0.970932, -0.145008, 0.409241, 0.267992, 0, 0, 0, 0, 0, 0, 0, 0, 0, 0, 0, 0, 0, 0
17.87, 2025-06-05__13-49-17.226267, 0.000209225, -0.600287, -0.0128751, -2.65097, -0.0297414, 1.70305, 0.712045, -0.000682627, -0.000468233, 0.0014726, -1.07134, -0.000633699, 0.00361935, -0.000496395, -0.191724, -1.49812, -0.201298, -0.888263, -0.140015, 0.384433, 0.270698, 0, 0, 0, 0, 0, 0, 0, 0, 0, 0, 0, 0, 0, 0
17.88, 2025-06-05__13-49-17.236267, 0.000223096, -0.600336, -0.0128638, -2.66158, -0.0297449, 1.70309, 0.712043, -0.000902667, -0.00247614, 0.00184953, -1.05761, -0.000102068, 0.00411975, -0.000901613, -0.18973, -1.27854, -0.199922, -1.19849, -0.147343, 0.342014, 0.271658, 0, 0, 0, 0, 0, 0, 0, 0, 0, 0, 0, 0, 0, 0
17.89, 2025-06-05__13-49-17.246268, 0.000223125, -0.600298, -0.0128695, -2.67222, -0.0297378, 1.70304, 0.712046, -0.000115516, 0.00312319, -0.00101864, -1.06157, 0.00121643, -0.00468859, 0.000108222, -0.169107, -1.46176, -0.163617, -1.04875, -0.149624, 0.393978, 0.268627, 0, 0, 0, 0, 0, 0, 0, 0, 0, 0, 0, 0, 0, 0
17.9, 2025-06-05__13-49-17.256272, 0.000223138, -0.600333, -0.012863, -2.68395, -0.0297436, 1.70308, 0.712046, 0.000323072, -0.00723796, -0.00052246, -1.05128, -0.000587836, 0.00164768, -0.00307597, -0.171299, -1.08811, -0.169805, -1.38899, -0.147856, 0.331434, 0.277958, 0, 0, 0, 0, 0, 0, 0, 0, 0, 0, 0, 0, 0, 0
17.91, 2025-06-05__13-49-17.266283, 0.00021801, -0.600331, -0.0128574, -2.69355, -0.029743, 1.70308, 0.712045, -0.000225877, 0.00143634, -0.000227741, -1.06798, 0.000329396, -0.00582395, -0.00105252, -0.169766, -1.44884, -0.165577, -0.975163, -0.144648, 0.409868, 0.272445, 0, 0, 0, 0, 0, 0, 0, 0, 0, 0, 0, 0, 0, 0
17.92, 2025-06-05__13-49-17.276282, 0.000217303, -0.600323, -0.012857, -2.70421, -0.0297397, 1.70308, 0.712052, 0.000357898, -0.00349383, 0.00103384, -1.07503, -0.00062735, 0.00527797, 0.000199063, -0.185362, -1.3885, -0.185433, -0.926537, -0.140037, 0.380624, 0.268295, 0, 0, 0, 0, 0, 0, 0, 0, 0, 0, 0, 0, 0, 0
17.93, 2025-06-05__13-49-17.286283, 0.000220446, -0.60036, -0.0128455, -2.71488, -0.0297434, 1.70311, 0.712052, 0.000714327, -4.63596e-05, 0.00253881, -1.07937, 9.44897e-05, 0.00293969, -0.000934422, -0.201512, -1.48244, -0.203121, -0.824406, -0.141985, 0.400825, 0.272055, 0, 0, 0, 0, 0, 0, 0, 0, 0, 0, 0, 0, 0, 0
17.94, 2025-06-05__13-49-17.296280, 0.00022324, -0.600327, -0.0128499, -2.72555, -0.0297391, 1.70307, 0.712047, 0.00430978, 0.00331742, 0.000943217, -1.07319, 0.000315991, -0.00138723, -0.00019083, -0.218158, -1.50029, -0.205092, -0.907533, -0.147239, 0.406465, 0.270172, 0, 0, 0, 0, 0, 0, 0, 0, 0, 0, 0, 0, 0, 0
17.95, 2025-06-05__13-49-17.306275, 0.000225256, -0.600362, -0.0128472, -2.73733, -0.0297418, 1.7031, 0.712045, 0.000459811, -0.00448387, 0.000132547, -1.06106, -0.00061126, 0.0032821, -0.00030765, -0.16529, -1.18731, -0.15766, -1.24794, -0.145235, 0.348865, 0.269828, 0, 0, 0, 0, 0, 0, 0, 0, 0, 0, 0, 0, 0, 0
17.96, 2025-06-05__13-49-17.316275, 0.000223245, -0.600349, -0.0128464, -2.74695, -0.029745, 1.70309, 0.712049, -0.000903553, 0.00380376, -0.000362769, -1.0605, 0.000966923, -0.00505004, 0.00605781, -0.144126, -1.36243, -0.132167, -1.17242, -0.149958, 0.386474, 0.250292, 0, 0, 0, 0, 0, 0, 0, 0, 0, 0, 0, 0, 0, 0
17.97, 2025-06-05__13-49-17.326270, 0.000215457, -0.60035, -0.012841, -2.75549, -0.0297397, 1.7031, 0.712048, -0.00463072, -0.00245919, 0.00164206, -1.06466, 3.16604e-05, 0.00261406, 0.000821654, -0.121976, -1.25104, -0.124659, -1.17961, -0.143413, 0.362066, 0.266081, 0, 0, 0, 0, 0, 0, 0, 0, 0, 0, 0, 0, 0, 0
17.98, 2025-06-05__13-49-17.336268, 0.00022187, -0.600387, -0.0128287, -2.76942, -0.029745, 1.70313, 0.712045, -0.00474159, -0.00138693, 0.00214382, -1.07911, -4.25999e-05, 0.000696889, -0.000222806, -0.126782, -1.37976, -0.129895, -0.908823, -0.137831, 0.405081, 0.269832, 0, 0, 0, 0, 0, 0, 0, 0, 0, 0, 0, 0, 0, 0
17.99, 2025-06-05__13-49-17.346270, 0.000223276, -0.600361, -0.0128342, -2.77906, -0.0297379, 1.7031, 0.712044, 0.00500486, 0.000338443, -0.000438716, -1.07893, 0.000281633, 0.000240814, -0.00231727, -0.19671, -1.41366, -0.172053, -0.90075, -0.144828, 0.409132, 0.276821, 0, 0, 0, 0, 0, 0, 0, 0, 0, 0, 0, 0, 0, 0
18, 2025-06-05__13-49-17.356270, 0.000223652, -0.600396, -0.0128289, -2.7898, -0.0297442, 1.70313, 0.712045, -0.000242991, -0.00572973, -0.000894792, -1.06417, -0.000528901, 0.00365418, -0.000199326, -0.135088, -1.13153, -0.120516, -1.26801, -0.143493, 0.351145, 0.269421, 0, 0, 0, 0, 0, 0, 0, 0, 0, 0, 0, 0, 0, 0
18.01, 2025-06-05__13-49-17.366269, 0.000228561, -0.600383, -0.0128272, -2.80051, -0.0297365, 1.7031, 0.712049, 0.00413143, 0.00478708, -0.00144275, -1.06951, 0.00136701, -0.00422345, 0.000164897, -0.171837, -1.39512, -0.141117, -1.06201, -0.151497, 0.404835, 0.268791, 0, 0, 0, 0, 0, 0, 0, 0, 0, 0, 0, 0, 0, 0
18.02, 2025-06-05__13-49-17.376300, 0.000221528, -0.600393, -0.0128159, -2.81126, -0.0297424, 1.70313, 0.712047, -0.00381021, -0.00626513, -0.000317923, -1.07318, -0.000719723, 0.00153722, -0.000150106, -0.102387, -1.18108, -0.0949465, -1.11893, -0.137583, 0.382045, 0.269228, 0, 0, 0, 0, 0, 0, 0, 0, 0, 0, 0, 0, 0, 0
18.03, 2025-06-05__13-49-17.386270, 0.000224393, -0.600412, -0.0128063, -2.82307, -0.0297438, 1.70313, 0.712044, -0.000114383, 0.00502503, -0.000113814, -1.07311, -0.000224554, -0.00295324, -0.00119635, -0.135839, -1.39467, -0.115721, -1.02627, -0.142184, 0.407029, 0.273116, 0, 0, 0, 0, 0, 0, 0, 0, 0, 0, 0, 0, 0, 0
18.04, 2025-06-05__13-49-17.396268, 0.00021868, -0.600403, -0.0128006, -2.83278, -0.0297394, 1.70313, 0.712043, -0.000362409, 0.000456205, 0.00104815, -1.07872, -0.00012044, 0.000730733, -0.000369168, -0.139731, -1.33956, -0.124107, -0.976014, -0.140831, 0.40372, 0.270642, 0, 0, 0, 0, 0, 0, 0, 0, 0, 0, 0, 0, 0, 0
18.05, 2025-06-05__13-49-17.406271, 0.000221968, -0.600433, -0.0127942, -2.84463, -0.0297427, 1.70316, 0.712046, -0.000389048, -0.00226337, 0.000111254, -1.08122, -0.000635485, 0.00313855, -0.000803627, -0.130458, -1.28361, -0.112973, 0.877816, -0.137441, 0.396662, 0.271749, 0, 0, 0, 5, 0, 0, 0, 0, 0, 0, 0, 0, 0, 0
18.06, 2025-06-05__13-49-17.416269, 0.000228899, -0.600411, -0.0127864, -2.85427, -0.0297438, 1.70312, 0.712046, 0.000842148, 0.00449755, 0.000484209, -1.0666, -0.000386023, -0.00240335, -0.00369861, -0.137159, -1.29574, -0.113317, 0.893942, -0.145049, 0.38784, 0.280647, 0, 0, 0, 5, 0, 0, 0, 0, 0, 0, 0, 0, 0, 0
18.07, 2025-06-05__13-49-17.426270, 0.000227312, -0.600354, -0.0127715, -2.86481, -0.029745, 1.70306, 0.712042, 0.00248742, 0.00127245, 0.00494993, -1.04498, 0.000160889, -0.00302952, 0.000944601, -0.16979, -1.06555, -0.151802, 1.01503, -0.158118, 0.335636, 0.266492, 0, 0, 0, 5, 0, 0, 0, 0, 0, 0, 0, 0, 0, 0
18.08, 2025-06-05__13-49-17.436271, 0.000232026, -0.600281, -0.0127345, -2.87631, -0.0297505, 1.70309, 0.712043, 0.000501839, 0.0050902, 0.00424996, -1.03469, -0.00022606, 0.00187414, 0.0051719, -0.144446, -1.06564, -0.127216, 1.78456, -0.159354, 0.291778, 0.253132, 0, 0, 0, 5, 0, 0, 0, 0, 0, 0, 0, 0, 0, 0
18.09, 2025-06-05__13-49-17.446270, 0.000232142, -0.600143, -0.0126985, -2.88649, -0.0297471, 1.70306, 0.712041, 0.00173233, 0.0148208, 0.00315581, -1.01676, -0.00328883, -0.00356712, -1.71767e-05, -0.139894, -1.14423, -0.112853, 2.64495, -0.156736, 0.276963, 0.269239, 0, 0, 0, 5, 0, 0, 0, 0, 0, 0, 0, 0, 0, 0
18.1, 2025-06-05__13-49-17.456270, 0.000234274, -0.599966, -0.0126584, -2.89538, -0.0297473, 1.70297, 0.712048, 0.00161633, 0.0209329, 0.00148734, -0.979399, -0.00102986, -0.00910665, -0.000352824, -0.118478, -1.01683, -0.0836695, 3.13422, -0.178622, 0.213816, 0.269224, 0, 0, 0, 5, 0, 0, 0, 0, 0, 0, 0, 0, 0, 0
18.11, 2025-06-05__13-49-17.466270, 0.000246603, -0.599676, -0.0126039, -2.90496, -0.0297529, 1.70272, 0.712047, 0.000885242, 0.0317922, 0.00640742, -0.950814, -5.8118e-05, -0.0339799, -3.40103e-05, -0.132939, -1.09175, -0.102919, 4.12315, -0.195543, 0.262173, 0.268805, 0, 0, 0, 5, 0, 0, 0, 0, 0, 0, 0, 0, 0, 0
18.12, 2025-06-05__13-49-17.476268, 0.000239384, -0.599297, -0.0125439, -2.91408, -0.0297528, 1.70229, 0.712044, -0.00244471, 0.0399277, 0.00795943, -0.909132, 0.000599434, -0.0512808, -0.0012136, -0.100632, -1.03982, -0.076215, 4.85735, -0.213592, 0.257238, 0.272248, 0, 0, 0, 5, 0, 0, 0, 0, 0, 0, 0, 0, 0, 0
18.13, 2025-06-05__13-49-17.486268, 0.000252998, -0.598812, -0.0124603, -2.92276, -0.0297621, 1.70174, 0.71205, 0.00566356, 0.0499888, 0.00721862, -0.852344, -0.000833002, -0.0598635, 0.000979484, -0.145423, -0.937008, -0.0928532, 5.28596, -0.235997, 0.188341, 0.265353, 0, 0, 0, 5, 0, 0, 0, 0, 0, 0, 0, 0, 0, 0
18.14, 2025-06-05__13-49-17.496268, 0.000251233, -0.598115, -0.0123634, -2.93167, -0.0297681, 1.70093, 0.712048, -0.000308576, 0.0692273, 0.00395585, -0.780678, -0.000624664, -0.0818402, -5.69196e-08, -0.0597296, -0.962437, -0.00438213, 5.59239, -0.261926, 0.15865, 0.267583, 0, 0, 0, 5, 0, 0, 0, 0, 0, 0, 0, 0, 0, 0
18.15, 2025-06-05__13-49-17.506270, 0.000253018, -0.597346, -0.0122646, -2.93917, -0.0297759, 1.69987, 0.712046, -0.00128856, 0.0857975, 0.00957475, -0.734737, 0.000743857, -0.112015, -0.00136601, -0.0697329, -1.15609, -0.0167397, 6.16625, -0.287823, 0.240016, 0.272622, 0, 0, 0, 5, 0, 0, 0, 0, 0, 0, 0, 0, 0, 0
18.16, 2025-06-05__13-49-17.516266, 0.000266152, -0.596537, -0.0121614, -2.94537, -0.0297826, 1.69864, 0.712042, 0.00121026, 0.0931952, 0.00997271, -0.672261, -0.00382755, -0.136136, 0.000359078, -0.0715491, -1.07615, -0.00679649, 6.11409, -0.299948, 0.259089, 0.267945, 0, 0, 0, 5, 0, 0, 0, 0, 0, 0, 0, 0, 0, 0
18.17, 2025-06-05__13-49-17.526272, 0.000284902, -0.595533, -0.0120432, -2.95167, -0.0297919, 1.697, 0.712042, 0.00347439, 0.102779, 0.0126916, -0.621687, -0.00296707, -0.164495, -0.000294428, -0.0914651, -1.18157, -0.0167069, 6.31379, -0.326914, 0.3532, 0.270817, 0, 0, 0, 5, 0, 0, 0, 0, 0, 0, 0, 0, 0, 0
18.18, 2025-06-05__13-49-17.536271, 0.000283164, -0.59445, -0.0119161, -2.95731, -0.0298139, 1.6951, 0.712048, -0.00112669, 0.108912, 0.0127993, -0.545174, -0.000193407, -0.194981, -2.60656e-05, -0.0363458, -1.06716, 0.0344595, 5.86354, -0.365125, 0.403447, 0.26937, 0, 0, 0, 5, 0, 0, 0, 0, 0, 0, 0, 0, 0, 0
18.19, 2025-06-05__13-49-17.546270, 0.000283999, -0.593317, -0.0117928, -2.96237, -0.0298687, 1.69306, 0.712042, 0.00102065, 0.113627, 0.0119792, -0.489377, -0.00968795, -0.20984, 0.00100009, -0.027763, -1.08215, 0.054297, 5.65418, -0.355086, 0.453658, 0.267375, 0, 0, 0, 5, 0, 0, 0, 0, 0, 0, 0, 0, 0, 0
18.2, 2025-06-05__13-49-17.556270, 0.000306989, -0.592003, -0.0116619, -2.9673, -0.0300718, 1.69081, 0.712043, 0.000729594, 0.119858, 0.0105512, -0.439775, -0.0107045, -0.206236, -0.00127362, -0.00824304, -1.20426, 0.083488, 5.48115, -0.362257, 0.463713, 0.274548, 0, 0, 0, 5, 0, 0, 0, 0, 0, 0, 0, 0, 0, 0
18.21, 2025-06-05__13-49-17.566266, 0.000320045, -0.590741, -0.0115403, -2.97119, -0.0302323, 1.68879, 0.712048, 0.00066919, 0.125312, 0.0152498, -0.377587, -0.0075913, -0.207764, 6.10506e-05, -0.0161208, -1.21013, 0.0757175, 4.90877, -0.392208, 0.446787, 0.270324, 0, 0, 0, 5, 0, 0, 0, 0, 0, 0, 0, 0, 0, 0
18.22, 2025-06-05__13-49-17.576280, 0.00033608, -0.589568, -0.0114139, -2.97471, -0.0303556, 1.68683, 0.712045, 0.00132175, 0.113718, 0.0138637, -0.339019, -0.0124934, -0.202242, -3.54097e-05, -0.00464899, -1.06304, 0.0900957, 4.5747, -0.385322, 0.446683, 0.270951, 0, 0, 0, 5, 0, 0, 0, 0, 0, 0, 0, 0, 0, 0
18.23, 2025-06-05__13-49-17.586283, 0.000347746, -0.588558, -0.011312, -2.9775, -0.0304436, 1.68513, 0.712045, -0.000733402, 0.117693, 0.0157076, -0.299679, -0.00696341, -0.189292, -0.00045785, 0.00673394, -1.1276, 0.10036, 4.19892, -0.415763, 0.410226, 0.271838, 0, 0, 0, 5, 0, 0, 0, 0, 0, 0, 0, 0, 0, 0
18.24, 2025-06-05__13-49-17.596279, 0.00037047, -0.587209, -0.0111816, -2.98042, -0.0305419, 1.68318, 0.712046, 0.00457733, 0.127041, 0.017016, -0.253203, -0.0103675, -0.179099, 0.00118729, -0.0284481, -1.32499, 0.0854946, 3.76683, -0.422718, 0.387586, 0.267503, 0, 0, 0, 5, 0, 0, 0, 0, 0, 0, 0, 0, 0, 0
18.25, 2025-06-05__13-49-17.606280, 0.000378631, -0.585916, -0.0110821, -2.98266, -0.0306358, 1.68147, 0.712043, 0.000546471, 0.126576, 0.0120556, -0.212031, -0.00867283, -0.170942, -0.00118135, 0.0312235, -1.37877, 0.149173, 3.2881, -0.437703, 0.366173, 0.274223, 0, 0, 0, 5, 0, 0, 0, 0, 0, 0, 0, 0, 0, 0
18.26, 2025-06-05__13-49-17.616269, 0.000393743, -0.584726, -0.0109836, -2.98463, -0.0307273, 1.67989, 0.712047, 0.000732813, 0.117323, 0.00774533, -0.192567, -0.0144873, -0.16061, -0.000533165, 0.0537423, -1.40322, 0.179298, 3.12038, -0.420895, 0.376178, 0.272305, 0, 0, 0, 5, 0, 0, 0, 0, 0, 0, 0, 0, 0, 0
18.27, 2025-06-05__13-49-17.626268, 0.000404298, -0.583667, -0.0108925, -2.98615, -0.0308057, 1.67857, 0.712047, 0.00374805, 0.123927, 0.00725885, -0.163408, -0.00969263, -0.138255, 0.0014851, 0.0357003, -1.58393, 0.17802, 2.78595, -0.44736, 0.308962, 0.265935, 0, 0, 0, 5, 0, 0, 0, 0, 0, 0, 0, 0, 0, 0
18.28, 2025-06-05__13-49-17.636268, 0.000413223, -0.582388, -0.0107958, -2.98778, -0.0308908, 1.67706, 0.712047, 0.00716885, 0.110953, 0.0112637, -0.140533, -0.00763119, -0.132062, -0.000450237, -0.00454277, -1.54408, 0.140772, 2.50968, -0.462481, 0.320235, 0.272329, 0, 0, 0, 5, 0, 0, 0, 0, 0, 0, 0, 0, 0, 0
18.29, 2025-06-05__13-49-17.646268, 0.000411212, -0.581442, -0.0107074, -2.98896, -0.0309559, 1.67596, 0.712045, 0.00162507, 0.103684, 0.0103943, -0.125989, -0.00388836, -0.118281, -0.000491007, 0.0373917, -1.56512, 0.171401, 2.33224, -0.475079, 0.300372, 0.271912, 0, 0, 0, 5, 0, 0, 0, 0, 0, 0, 0, 0, 0, 0
18.3, 2025-06-05__13-49-17.656267, 0.000411757, -0.580543, -0.0106168, -2.9901, -0.0310167, 1.67502, 0.712043, -0.000366944, 0.0874366, 0.00700968, -0.105124, -0.00236261, -0.0865557, 0.000801776, 0.0669927, -1.3662, 0.198527, 1.91073, -0.482881, 0.178089, 0.266865, 0, 0, 0, 5, 0, 0, 0, 0, 0, 0, 0, 0, 0, 0
18.31, 2025-06-05__13-49-17.666268, 0.000411957, -0.579736, -0.0105182, -2.9911, -0.0310576, 1.67426, 0.712047, 0.00090327, 0.0793721, 0.0112474, -0.100318, -0.00436449, -0.0708237, -0.000627673, 0.0358853, -1.39767, 0.162454, 1.87406, -0.477906, 0.152155, 0.271458, 0, 0, 0, 5, 0, 0, 0, 0, 0, 0, 0, 0, 0, 0
18.32, 2025-06-05__13-49-17.676268, 0.000409614, -0.579043, -0.0104254, -2.99196, -0.0311066, 1.67362, 0.71205, 0.00209884, 0.0642749, 0.011031, -0.0763323, -0.00685397, -0.0661519, 0.00020308, 0.0331571, -1.15954, 0.158446, 1.42426, -0.476669, 0.107669, 0.268562, 0, 0, 0, 5, 0, 0, 0, 0, 0, 0, 0, 0, 0, 0
18.33, 2025-06-05__13-49-17.686268, 0.000417362, -0.578404, -0.0103346, -2.99277, -0.0311674, 1.67305, 0.712045, 0.0031583, 0.0519029, 0.0077172, -0.0707065, -0.00422546, -0.0461232, -0.00212673, 0.034613, -1.06891, 0.165542, 1.29212, -0.484076, 0.0476166, 0.275382, 0, 0, 0, 5, 0, 0, 0, 0, 0, 0, 0, 0, 0, 0
18.34, 2025-06-05__13-49-17.696268, 0.000415781, -0.577944, -0.0102483, -2.99339, -0.0312314, 1.67261, 0.712043, 0.000731965, 0.0417237, 0.0100251, -0.0600553, -0.00411909, -0.0441074, -8.80165e-05, 0.0406099, -0.944468, 0.158271, 1.09532, -0.484782, 0.0365433, 0.269102, 0, 0, 0, 5, 0, 0, 0, 0, 0, 0, 0, 0, 0, 0
18.35, 2025-06-05__13-49-17.706268, 0.000417556, -0.57759, -0.0101598, -2.99391, -0.0313045, 1.67226, 0.712048, 0.00167895, 0.0329504, 0.00868241, -0.0513454, -0.00264764, -0.0351383, 0.000659143, 0.0368507, -0.825795, 0.155963, 0.909235, -0.489467, -0.00205692, 0.266293, 0, 0, 0, 5, 0, 0, 0, 0, 0, 0, 0, 0, 0, 0
18.36, 2025-06-05__13-49-17.716267, 0.000419015, -0.577339, -0.0100793, -2.99432, -0.0313772, 1.67204, 0.712045, 0.00115032, 0.0275381, 0.00617914, -0.0418292, -0.00583767, -0.0209327, -0.00068598, 0.050874, -0.727138, 0.169309, 0.699117, -0.477343, -0.0694589, 0.270165, 0, 0, 0, 5, 0, 0, 0, 0, 0, 0, 0, 0, 0, 0
18.37, 2025-06-05__13-49-17.726267, 0.000419227, -0.577129, -0.00999688, -2.99472, -0.0314573, 1.67183, 0.712042, 0.00218807, 0.0174485, 0.00780434, -0.038188, -0.00534944, -0.0163754, 0.000329873, 0.0329356, -0.584905, 0.146698, 0.58978, -0.476999, -0.0890082, 0.267212, 0, 0, 0, 5, 0, 0, 0, 0, 0, 0, 0, 0, 0, 0
18.38, 2025-06-05__13-49-17.736267, 0.000421292, -0.576974, -0.00991059, -2.99509, -0.0315439, 1.67161, 0.712044, 0.000847374, 0.0170207, 0.00886494, -0.032795, -0.010954, -0.0161454, -0.0010298, 0.0371499, -0.581921, 0.143098, 0.518416, -0.455467, -0.0893419, 0.271633, 0, 0, 0, 5, 0, 0, 0, 0, 0, 0, 0, 0, 0, 0
18.39, 2025-06-05__13-49-17.746267, 0.000418602, -0.576906, -0.00984558, -2.99535, -0.0316131, 1.67145, 0.712045, -0.000242822, 0.00629594, 0.00543209, -0.0301324, -0.0033316, -0.0172617, 0.000202452, 0.053997, -0.405638, 0.159059, 0.412603, -0.477177, -0.0885816, 0.267118, 0, 0, 0, 5, 0, 0, 0, 0, 0, 0, 0, 0, 0, 0
18.4, 2025-06-05__13-49-17.756268, 0.00041955, -0.576865, -0.00977406, -2.99562, -0.0316851, 1.6713, 0.712044, -0.00206024, 0.00390829, 0.00637257, -0.0224151, -0.000524542, -0.0125289, -0.000176278, 0.059177, -0.322021, 0.156495, 0.251372, -0.485265, -0.118789, 0.267958, 0, 0, 0, 5, 0, 0, 0, 0, 0, 0, 0, 0, 0, 0
18.41, 2025-06-05__13-49-17.766270, 0.000424341, -0.576869, -0.00971076, -2.99588, -0.0317657, 1.67118, 0.712045, 0.00207667, -0.000933023, 0.00713218, -0.0258367, -0.00310037, -0.0132382, -0.0010634, 0.0236966, -0.264737, 0.126134, 0.298945, -0.473242, -0.10405, 0.271234, 0, 0, 0, 5, 0, 0, 0, 0, 0, 0, 0, 0, 0, 0
18.42, 2025-06-05__13-49-17.776269, 0.000421874, -0.576883, -0.00964911, -2.99614, -0.0318346, 1.67107, 0.712042, 0.00030635, -0.00157273, 0.004427, -0.0242207, -0.0119879, -0.00703563, -0.000720236, 0.049461, -0.237129, 0.147473, 0.258356, -0.438458, -0.126328, 0.270431, 0, 0, 0, 5, 0, 0, 0, 0, 0, 0, 0, 0, 0, 0
18.43, 2025-06-05__13-49-17.786269, 0.000425141, -0.576886, -0.00960852, -2.99634, -0.0318829, 1.671, 0.712045, -0.00358817, 0.000438623, 0.0032117, -0.0261529, -0.00820197, -0.00858263, 0.00173508, 0.0770258, -0.285738, 0.16789, 0.316523, -0.446337, -0.109555, 0.26247, 0, 0, 0, 5, 0, 0, 0, 0, 0, 0, 0, 0, 0, 0
18.44, 2025-06-05__13-49-17.796268, 0.000430622, -0.576905, -0.00956517, -2.99654, -0.0319175, 1.67094, 0.712045, 0.00121982, -0.0028562, 0.00373099, -0.0217524, -0.00688985, -0.00681696, 0.000209974, 0.0390745, -0.1957, 0.139417, 0.210944, -0.453066, -0.126797, 0.267314, 0, 0, 0, 5, 0, 0, 0, 0, 0, 0, 0, 0, 0, 0
18.45, 2025-06-05__13-49-17.806271, 0.000428485, -0.576898, -0.00952111, -2.99671, -0.0319477, 1.67088, 0.712045, 0.00508143, 0.00146485, 0.0043349, -0.0171663, -0.00154673, -0.00141298, -0.000143293, 0.00576085, -0.235969, 0.116919, 0.144182, -0.473789, -0.152975, 0.268372, 0, 0, 0, 5, 0, 0, 0, 0, 0, 0, 0, 0, 0, 0
18.46, 2025-06-05__13-49-17.816271, 0.000427394, -0.576898, -0.00948584, -2.99686, -0.0319762, 1.67086, 0.712044, -0.00119443, -0.000428722, 0.00129607, -0.0113815, -0.00576816, 0.00051858, 5.7275e-05, 0.064441, -0.164969, 0.161948, 0.0176897, -0.456154, -0.174831, 0.267255, 0, 0, 0, 5, 0, 0, 0, 0, 0, 0, 0, 0, 0, 0
18.47, 2025-06-05__13-49-17.826269, 0.000430958, -0.576893, -0.00946331, -2.99698, -0.031997, 1.67084, 0.712046, 0.00016424, -0.000108501, 0.00205178, -0.0170833, -0.00133852, 0.000314098, 0.000622105, 0.0461951, -0.210611, 0.146707, 0.13237, -0.469066, -0.158157, 0.265539, 0, 0, 0, 5, 0, 0, 0, 0, 0, 0, 0, 0, 0, 0
18.48, 2025-06-05__13-49-17.836269, 0.000430641, -0.576885, -0.00943408, -2.9971, -0.0320178, 1.67081, 0.712046, 0.00049346, 0.00418611, 0.00415935, -0.0125298, -0.00130955, -0.0018928, -0.000317293, 0.0344648, -0.254885, 0.133551, 0.0845134, -0.470879, -0.156413, 0.268625, 0, 0, 0, 5, 0, 0, 0, 0, 0, 0, 0, 0, 0, 0
18.49, 2025-06-05__13-49-17.846270, 0.000428162, -0.57689, -0.00940985, -2.9972, -0.0320437, 1.67079, 0.712046, 0.000117659, -0.0012178, 0.00330157, -0.013185, -0.00427609, -0.00229167, -0.000725729, 0.0411206, -0.168363, 0.13701, 0.0644366, -0.458492, -0.155822, 0.269909, 0, 0, 0, 5, 0, 0, 0, 0, 0, 0, 0, 0, 0, 0
18.5, 2025-06-05__13-49-17.856267, 0.000428423, -0.576893, -0.00938312, -2.99729, -0.0320699, 1.67077, 0.71204, 0.00117391, 8.68988e-05, 0.00137382, -0.00955884, -0.00324177, -0.00079606, -0.000776875, 0.0412491, -0.164998, 0.14302, 0.00131961, -0.462202, -0.168696, 0.270217, 0, 0, 0, 5, 0, 0, 0, 0, 0, 0, 0, 0, 0, 0
18.51, 2025-06-05__13-49-17.866269, 0.000434424, -0.576898, -0.00935811, -2.99737, -0.0320906, 1.67074, 0.71204, -0.000485383, -0.000655677, 0.00293199, -0.0056049, -0.000903444, -0.000715367, -0.00128295, 0.0438675, -0.124456, 0.138929, -0.07857, -0.470189, -0.177792, 0.271563, 0, 0, 0, 5, 0, 0, 0, 0, 0, 0, 0, 0, 0, 0
18.52, 2025-06-05__13-49-17.876268, 0.00042901, -0.576903, -0.00933777, -2.99744, -0.0321053, 1.67072, 0.712045, 0.000197947, -0.00104032, 0.00296441, -0.00631415, -0.00242158, -0.000448577, 0.000110765, 0.0390359, -0.121518, 0.134478, -0.0659728, -0.464409, -0.176282, 0.267223, 0, 0, 0, 5, 0, 0, 0, 0, 0, 0, 0, 0, 0, 0
18.53, 2025-06-05__13-49-17.886270, 0.000426746, -0.576901, -0.00931938, -2.99749, -0.0321201, 1.6707, 0.712049, -0.00130911, 0.000186805, 0.00325963, -0.00394237, -0.0013957, -0.00546972, 0.00271408, 0.0480276, -0.130125, 0.139406, -0.0894364, -0.467737, -0.160667, 0.259046, 0, 0, 0, 5, 0, 0, 0, 0, 0, 0, 0, 0, 0, 0
18.54, 2025-06-05__13-49-17.896268, 0.000431689, -0.576895, -0.00930858, -2.99754, -0.0321385, 1.67069, 0.712048, 0.000673719, 0.00103993, 0.00165068, -0.00532149, -0.00396058, -0.0040737, 0.000233826, 0.0409336, -0.154929, 0.139492, -0.0576846, -0.458101, -0.161382, 0.266906, 0, 0, 0, 5, 0, 0, 0, 0, 0, 0, 0, 0, 0, 0
18.55, 2025-06-05__13-49-17.906267, 0.000436299, -0.576898, -0.00929062, -2.99759, -0.0321538, 1.67067, 0.712047, 0.00900217, -0.000633567, 0.00166078, -0.0116877, -0.000614344, -0.000565868, -0.000284603, -0.0219915, -0.167276, 0.097428, 0.0471053, -0.470374, -0.159363, 0.269026, 0, 0, 0, 5, 0, 0, 0, 0, 0, 0, 0, 0, 0, 0
18.56, 2025-06-05__13-49-17.916284, 0.000431619, -0.57689, -0.00927992, -2.99761, -0.0321666, 1.67067, 0.712046, 0.00302267, -0.000196129, 0.000602164, -0.00243904, -0.00313811, -5.50113e-05, -0.000406905, 0.0278858, -0.11395, 0.133129, -0.128858, -0.461333, -0.184012, 0.268899, 0, 0, 0, 5, 0, 0, 0, 0, 0, 0, 0, 0, 0, 0
18.57, 2025-06-05__13-49-17.926281, 0.000428785, -0.576895, -0.00926926, -2.99764, -0.0321848, 1.67065, 0.712048, -0.000869768, -0.00150265, 0.000548926, -0.00444317, -0.000284852, -0.00117533, 0.00113423, 0.0528779, -0.105492, 0.148104, -0.0978483, -0.467428, -0.174075, 0.263748, 0, 0, 0, 5, 0, 0, 0, 0, 0, 0, 0, 0, 0, 0
18.58, 2025-06-05__13-49-17.936283, 0.000429251, -0.576897, -0.00925209, -2.99766, -0.0322006, 1.67064, 0.712044, -0.000415651, -0.00138347, 0.00323136, -0.00277496, 0.000182605, -7.06837e-05, 0.000509352, 0.037119, -0.0940583, 0.129004, -0.130359, -0.469719, -0.182132, 0.265965, 0, 0, 0, 5, 0, 0, 0, 0, 0, 0, 0, 0, 0, 0
18.59, 2025-06-05__13-49-17.946283, 0.00042864, -0.5769, -0.00924682, -2.99767, -0.0322198, 1.67062, 0.712043, -0.00435582, -0.00104596, -0.000990818, -0.00146252, 1.39743e-05, -0.0010098, -0.000205162, 0.0831478, -0.0924759, 0.171678, -0.152671, -0.46565, -0.179898, 0.267724, 0, 0, 0, 5, 0, 0, 0, 0, 0, 0, 0, 0, 0, 0
18.6, 2025-06-05__13-49-17.956283, 0.000431461, -0.5769, -0.00922669, -2.99769, -0.0322343, 1.67061, 0.712045, -0.000156507, -0.000558958, 0.00420905, -0.00313009, -0.00142677, -0.00161148, 8.6856e-05, 0.030172, -0.110325, 0.120459, -0.111439, -0.462903, -0.17306, 0.267474, 0, 0, 0, 5, 0, 0, 0, 0, 0, 0, 0, 0, 0, 0
18.61, 2025-06-05__13-49-17.966281, 0.000434236, -0.576897, -0.00921882, -2.9977, -0.0322504, 1.67061, 0.712045, 3.37916e-05, 0.000105717, 0.000629132, -0.000201844, -0.0031713, -0.00179431, -0.00012894, 0.0456016, -0.103766, 0.141801, -0.16257, -0.456519, -0.179124, 0.268012, 0, 0, 0, 5, 0, 0, 0, 0, 0, 0, 0, 0, 0, 0
18.62, 2025-06-05__13-49-17.976280, 0.000432358, -0.576892, -0.0092095, -2.99772, -0.0322541, 1.6706, 0.71205, 0.0002023, 0.00111752, 0.00104681, -0.00627934, 8.75758e-05, -0.00277472, 0.000979838, 0.0388349, -0.163763, 0.135674, -0.0363849, -0.465518, -0.158531, 0.264457, 0, 0, 0, 5, 0, 0, 0, 0, 0, 0, 0, 0, 0, 0
18.63, 2025-06-05__13-49-17.986283, 0.000435123, -0.576892, -0.00919683, -2.99773, -0.0322637, 1.67059, 0.712048, 0.000635291, 0.00021636, 0.00233293, -0.000471029, 0.000133813, -0.000170404, 5.171e-05, 0.0307389, -0.10727, 0.12618, -0.159376, -0.467779, -0.183518, 0.267303, 0, 0, 0, 5, 0, 0, 0, 0, 0, 0, 0, 0, 0, 0
18.64, 2025-06-05__13-49-17.996279, 0.000433549, -0.576895, -0.00918288, -2.99774, -0.0322739, 1.67058, 0.712044, 0.000579023, -0.00132857, 0.00144033, -0.00374521, -0.000177801, -0.000109546, -6.16158e-05, 0.0334931, -0.103147, 0.12907, -0.106915, -0.464644, -0.175919, 0.267859, 0, 0, 0, 5, 0, 0, 0, 0, 0, 0, 0, 0, 0, 0
18.65, 2025-06-05__13-49-18.006283, 0.000431465, -0.576892, -0.00917142, -2.99775, -0.0322799, 1.67057, 0.71204, 0.000584453, 0.000447329, 0.000136743, -0.00155584, -0.000124457, -0.00010962, -0.000631025, 0.0392434, -0.119369, 0.137329, -0.136494, -0.465134, -0.179533, 0.269713, 0, 0, 0, 5, 0, 0, 0, 0, 0, 0, 0, 0, 0, 0
18.66, 2025-06-05__13-49-18.016282, 0.000436909, -0.5769, -0.00915308, -2.99775, -0.0322909, 1.67056, 0.712051, 0.00192589, -0.00107968, 0.00161986, -0.000987014, -0.00533984, -0.000445295, 0.000378668, 0.0247077, -0.0873387, 0.121608, -0.154283, -0.448112, -0.180584, 0.266541, 0, 0, 0, 5, 0, 0, 0, 0, 0, 0, 0, 0, 0, 0
18.67, 2025-06-05__13-49-18.026283, 0.000431823, -0.576895, -0.00914596, -2.99777, -0.0322924, 1.67056, 0.712046, -0.000944525, 0.00134062, 0.00041527, -0.00467296, -0.00019075, -0.00250377, -7.47996e-05, 0.0461851, -0.156104, 0.139649, -0.0643608, -0.462641, -0.161093, 0.26782, 0, 0, 0, 5, 0, 0, 0, 0, 0, 0, 0, 0, 0, 0
18.68, 2025-06-05__13-49-18.036283, 0.000434303, -0.576895, -0.00914201, -2.99778, -0.0322966, 1.67055, 0.712045, -0.00212014, 0.001513, 0.00139629, -0.00105649, -0.00029787, -0.0003179, 0.000200052, 0.0505855, -0.132782, 0.139607, -0.137596, -0.463064, -0.178048, 0.266887, 0, 0, 0, 5, 0, 0, 0, 0, 0, 0, 0, 0, 0, 0
18.69, 2025-06-05__13-49-18.046280, 0.000437256, -0.576897, -0.00913172, -2.99779, -0.0323033, 1.67055, 0.712044, 0.000704631, -0.000505024, 0.00232782, -0.00147349, -0.00173496, -0.000576013, 0.000192952, 0.0267241, -0.10109, 0.120092, -0.140802, -0.459241, -0.177702, 0.267264, 0, 0, 0, 5, 0, 0, 0, 0, 0, 0, 0, 0, 0, 0
18.7, 2025-06-05__13-49-18.056280, 0.000434586, -0.576895, -0.00912545, -2.99779, -0.0323116, 1.67054, 0.712044, 0.00112925, 7.72783e-05, 0.000729377, 0.00109846, -0.000101497, -0.000388155, 0.000605208, 0.0306961, -0.094624, 0.128097, -0.187069, -0.465217, -0.183819, 0.265827, 0, 0, 0, 5, 0, 0, 0, 0, 0, 0, 0, 0, 0, 0
18.71, 2025-06-05__13-49-18.066276, 0.000432063, -0.576895, -0.00912209, -2.9978, -0.032319, 1.67054, 0.71205, -0.00115074, 0.000203993, 0.000185954, -0.00172793, -0.00553833, 0.000364861, 0.000342868, 0.0506832, -0.115127, 0.141607, -0.132512, -0.443947, -0.179465, 0.266487, 0, 0, 0, 5, 0, 0, 0, 0, 0, 0, 0, 0, 0, 0
18.72, 2025-06-05__13-49-18.076268, 0.000434813, -0.576897, -0.00911653, -2.99782, -0.0323216, 1.67054, 0.71204, -0.000525742, -0.000350103, 0.000891283, -0.000379552, -0.000441222, 0.000218931, -0.000625714, 0.0404668, -0.0964588, 0.132943, -0.163108, -0.462119, -0.182653, 0.269712, 0, 0, 0, 5, 0, 0, 0, 0, 0, 0, 0, 0, 0, 0
18.73, 2025-06-05__13-49-18.086271, 0.000438309, -0.576897, -0.00911111, -2.99783, -0.0323261, 1.67053, 0.712042, 0.00117943, -0.00078904, 0.000412434, 0.00034862, 0.000196782, -0.000390121, -0.000475934, 0.0300848, -0.0849796, 0.12763, -0.177788, -0.465115, -0.181927, 0.269228, 0, 0, 0, 5, 0, 0, 0, 0, 0, 0, 0, 0, 0, 0
18.74, 2025-06-05__13-49-18.096268, 0.000432072, -0.576897, -0.00911225, -2.99784, -0.0323308, 1.67053, 0.712051, -0.00108961, -0.000205589, -0.000731556, -0.00177108, -0.00193795, 0.000352832, 0.00911039, 0.0525464, -0.10861, 0.145438, -0.135407, -0.455824, -0.179089, 0.239411, 0, 0, 0, 5, 0, 0, 0, 0, 0, 0, 0, 0, 0, 0
18.75, 2025-06-05__13-49-18.106267, 0.00043602, -0.576895, -0.00910057, -2.99785, -0.032337, 1.67053, 0.712045, -0.00299966, 0.000596274, 0.00195629, -0.00125119, -0.000593502, -0.000283337, 0.0017328, 0.0518271, -0.118608, 0.136293, -0.13795, -0.459757, -0.177198, 0.262238, 0, 0, 0, 5, 0, 0, 0, 0, 0, 0, 0, 0, 0, 0
18.76, 2025-06-05__13-49-18.116282, 0.000438072, -0.576897, -0.00909726, -2.99786, -0.0323422, 1.67052, 0.712049, 0.000656008, -0.00029321, 0.000708282, -0.00100459, -7.21825e-05, -4.77911e-05, 0.000454575, 0.0314144, -0.102086, 0.126885, -0.148357, -0.462786, -0.178918, 0.26611, 0, 0, 0, 5, 0, 0, 0, 0, 0, 0, 0, 0, 0, 0
18.77, 2025-06-05__13-49-18.126281, 0.00043211, -0.576897, -0.0090934, -2.99786, -0.0323492, 1.67052, 0.712041, -0.000682575, -0.000829857, -0.000815241, 0.000104874, 0.000285471, -0.00155161, -0.000692788, 0.0478982, -0.0872563, 0.141993, -0.170451, -0.462921, -0.176031, 0.269795, 0, 0, 0, 5, 0, 0, 0, 0, 0, 0, 0, 0, 0, 0
18.78, 2025-06-05__13-49-18.136283, 0.000432154, -0.576895, -0.00908239, -2.99788, -0.0323555, 1.67052, 0.712043, 0.00108872, 4.90895e-05, 0.000481187, -0.00298214, -6.30558e-05, 0.000107475, -0.000202204, 0.0284637, -0.121606, 0.124926, -0.1078, -0.461537, -0.174263, 0.268476, 0, 0, 0, 5, 0, 0, 0, 0, 0, 0, 0, 0, 0, 0
18.79, 2025-06-05__13-49-18.146282, 0.000432747, -0.576895, -0.00908059, -2.99788, -0.0323603, 1.67052, 0.712048, -0.000447908, -9.43681e-05, -0.000794853, -0.000700659, -0.000112638, -4.63244e-05, -0.000342789, 0.0452356, -0.104359, 0.139775, -0.153004, -0.46089, -0.179348, 0.268458, 0, 0, 0, 5, 0, 0, 0, 0, 0, 0, 0, 0, 0, 0
18.8, 2025-06-05__13-49-18.156281, 0.000436945, -0.576895, -0.00906289, -2.99789, -0.0323676, 1.67051, 0.712044, 0.000597162, 0.00135528, 0.00253295, -0.000908153, 5.80617e-05, -0.000112008, -1.49429e-05, 0.021771, -0.128817, 0.114021, -0.137076, -0.462562, -0.177282, 0.267943, 0, 0, 0, 5, 0, 0, 0, 0, 0, 0, 0, 0, 0, 0
18.81, 2025-06-05__13-49-18.166283, 0.000434824, -0.5769, -0.00905903, -2.9979, -0.0323732, 1.67051, 0.71205, 0.000663297, -0.00117319, 0.000217795, -0.000810229, 0.000365758, -0.000124205, 0.0010552, 0.0314434, -0.0855314, 0.126402, -0.157187, -0.462708, -0.17917, 0.264212, 0, 0, 0, 5, 0, 0, 0, 0, 0, 0, 0, 0, 0, 0
18.82, 2025-06-05__13-49-18.176281, 0.000438073, -0.5769, -0.00904583, -2.99791, -0.0323756, 1.67051, 0.712046, 0.000895373, -0.00117945, -0.000512005, -0.0032568, -0.000689416, -0.000214724, 0.000291263, 0.0315445, -0.102173, 0.12779, -0.109551, -0.458046, -0.17262, 0.266835, 0, 0, 0, 5, 0, 0, 0, 0, 0, 0, 0, 0, 0, 0
18.83, 2025-06-05__13-49-18.186283, 0.000432687, -0.5769, -0.00903278, -2.99792, -0.0323834, 1.67051, 0.712044, 2.91728e-05, -0.000444816, 7.56951e-05, -0.0020692, 0.000226532, 0.00011756, 0.00041907, 0.0345778, -0.10596, 0.127728, -0.128447, -0.460966, -0.17638, 0.266453, 0, 0, 0, 5, 0, 0, 0, 0, 0, 0, 0, 0, 0, 0
18.84, 2025-06-05__13-49-18.196279, 0.000434341, -0.576895, -0.00901992, -2.99792, -0.0323882, 1.6705, 0.712043, 0.0011452, -0.000498391, 0.00132175, -0.00113045, -1.01887e-05, 0.000250313, -0.000491796, 0.0207742, -0.0994847, 0.114526, -0.145306, -0.461142, -0.178808, 0.269437, 0, 0, 0, 5, 0, 0, 0, 0, 0, 0, 0, 0, 0, 0
18.85, 2025-06-05__13-49-18.206282, 0.000434176, -0.576897, -0.00900254, -2.99794, -0.0323933, 1.6705, 0.71204, 0.00426368, 0.000284403, 0.00415593, -0.00146222, -9.14876e-05, -0.000216706, -0.000819872, -0.0142892, -0.113532, 0.0827095, -0.130372, -0.462839, -0.176019, 0.271001, 0, 0, 0, 5, 0, 0, 0, 0, 0, 0, 0, 0, 0, 0
18.86, 2025-06-05__13-49-18.216281, 0.000434578, -0.576892, -0.00899192, -2.99795, -0.0323956, 1.6705, 0.712048, -0.000244035, 0.00134822, 0.000503619, -0.00373979, -0.000481451, 0.000158192, 0.00121459, 0.0316259, -0.148869, 0.123096, -0.082204, -0.457598, -0.170465, 0.263995, 0, 0, 0, 5, 0, 0, 0, 0, 0, 0, 0, 0, 0, 0
18.87, 2025-06-05__13-49-18.226283, 0.000437362, -0.576897, -0.00898271, -2.99796, -0.032402, 1.6705, 0.712046, 0.000451149, -0.000132627, -0.000392855, -0.000947349, -3.42096e-05, -0.000246092, 0.000742126, 0.0305476, -0.104682, 0.124646, -0.14529, -0.459903, -0.177028, 0.265441, 0, 0, 0, 5, 0, 0, 0, 0, 0, 0, 0, 0, 0, 0
18.88, 2025-06-05__13-49-18.236281, 0.000435534, -0.576897, -0.00896982, -2.99797, -0.0324077, 1.67049, 0.712045, 0.00535845, -0.00031903, 0.000279742, -0.00113341, -0.00160328, 0.000271192, -0.000642535, -0.00625, -0.102242, 0.0983635, -0.141331, -0.456756, -0.178495, 0.270183, 0, 0, 0, 5, 0, 0, 0, 0, 0, 0, 0, 0, 0, 0
18.89, 2025-06-05__13-49-18.246282, 0.000432321, -0.576897, -0.00895993, -2.99798, -0.032408, 1.6705, 0.712047, -0.000483288, -6.86674e-05, 0.0011897, -0.00361398, 0.000306402, -9.66503e-05, 0.000190799, 0.0280724, -0.122989, 0.116696, -0.0935218, -0.45969, -0.170822, 0.267161, 0, 0, 0, 5, 0, 0, 0, 0, 0, 0, 0, 0, 0, 0
18.9, 2025-06-05__13-49-18.256280, 0.000439867, -0.576897, -0.00895061, -2.998, -0.0324155, 1.67049, 0.712038, 0.00266107, -0.00024886, 0.00188962, -8.36493e-05, -0.000150202, -0.000111175, -0.000707169, 0.00326531, -0.0960053, 0.0986499, -0.160331, -0.460847, -0.179508, 0.270541, 0, 0, 0, 5, 0, 0, 0, 0, 0, 0, 0, 0, 0, 0
18.91, 2025-06-05__13-49-18.266269, 0.000434577, -0.576895, -0.00894959, -2.99801, -0.0324171, 1.67049, 0.712044, -0.000236293, 0.000456009, -7.59938e-05, -0.00164195, 0.000179359, 2.49904e-05, 0.000296502, 0.0317443, -0.119426, 0.123033, -0.12736, -0.459432, -0.175277, 0.266915, 0, 0, 0, 5, 0, 0, 0, 0, 0, 0, 0, 0, 0, 0
18.92, 2025-06-05__13-49-18.276271, 0.000434841, -0.576897, -0.00894104, -2.99802, -0.0324222, 1.67049, 0.712048, 0.00264576, 0.00136089, 0.000298484, -0.00114924, -0.000123524, -9.84503e-05, -0.000515197, 0.00992561, -0.130664, 0.108003, -0.12926, -0.45991, -0.175647, 0.269469, 0, 0, 0, 5, 0, 0, 0, 0, 0, 0, 0, 0, 0, 0
18.93, 2025-06-05__13-49-18.286281, 0.000432071, -0.576894, -0.00893038, -2.99803, -0.0324246, 1.67049, 0.71204, -0.000658405, 0.0047733, 0.00342991, -0.00266916, 0.000483417, -0.000471413, -0.00058755, 0.017823, -0.197744, 0.103713, -0.0758501, -0.460639, -0.16792, 0.270082, 0, 0, 0, 5, 0, 0, 0, 0, 0, 0, 0, 0, 0, 0
18.94, 2025-06-05__13-49-18.296267, 0.000438309, -0.5769, -0.00892469, -2.99804, -0.0324288, 1.67049, 0.712052, 0.000827619, -0.00103702, 0.000419769, 0.00173102, -0.00316176, -0.000150918, 0.00130749, 0.0231273, -0.0700919, 0.114453, -0.19995, -0.449433, -0.184479, 0.263649, 0, 0, 0, 5, 0, 0, 0, 0, 0, 0, 0, 0, 0, 0
18.95, 2025-06-05__13-49-18.306270, 0.000432069, -0.576897, -0.00892084, -2.99806, -0.0324347, 1.67048, 0.712045, -0.0010778, -0.000140404, -0.000530837, -0.0018319, -0.00480279, -0.000864913, 7.23588e-05, 0.0405345, -0.110736, 0.128126, -0.122957, -0.440999, -0.171241, 0.267763, 0, 0, 0, 5, 0, 0, 0, 0, 0, 0, 0, 0, 0, 0
18.96, 2025-06-05__13-49-18.316273, 0.000437704, -0.576897, -0.00890987, -2.99807, -0.032437, 1.67048, 0.712046, -0.000676751, 0.000717552, -4.11897e-05, 0.00111425, -0.000686626, 0.000424673, 0.00103914, 0.0331502, -0.104319, 0.122373, -0.178078, -0.456478, -0.183138, 0.264551, 0, 0, 0, 5, 0, 0, 0, 0, 0, 0, 0, 0, 0, 0
18.97, 2025-06-05__13-49-18.326269, 0.000432102, -0.576895, -0.00890046, -2.99808, -0.0324395, 1.67048, 0.71205, -0.000805974, 0.000843645, 0.000179076, -0.00279434, 0.000147617, 0.000173203, 0.0017263, 0.0315001, -0.133421, 0.119828, -0.101467, -0.457765, -0.17215, 0.262328, 0, 0, 0, 5, 0, 0, 0, 0, 0, 0, 0, 0, 0, 0
18.98, 2025-06-05__13-49-18.336272, 0.000432072, -0.576895, -0.00889559, -2.99809, -0.032445, 1.67048, 0.712044, -0.00144053, 9.09002e-05, -0.000347581, -0.00212425, -0.0047551, -0.000241578, 0.0010876, 0.0405526, -0.116503, 0.126461, -0.116674, -0.440522, -0.17278, 0.264711, 0, 0, 0, 5, 0, 0, 0, 0, 0, 0, 0, 0, 0, 0
18.99, 2025-06-05__13-49-18.346271, 0.000439519, -0.576895, -0.00889202, -2.9981, -0.0324452, 1.67048, 0.712046, 0.000162136, -0.000370116, -0.00142311, 0.000391631, -0.000364257, 9.12085e-05, 0.00014305, 0.0316983, -0.0923075, 0.12457, -0.170235, -0.456939, -0.18068, 0.267287, 0, 0, 0, 5, 0, 0, 0, 0, 0, 0, 0, 0, 0, 0
19, 2025-06-05__13-49-18.356268, 0.000432922, -0.576895, -0.00888249, -2.99811, -0.0324477, 1.67048, 0.712042, -0.00518815, 0.000192666, 0.000267411, -0.000479077, -0.00100709, -0.00243647, -0.000813956, 0.0614072, -0.108598, 0.13767, -0.143994, -0.452066, -0.168007, 0.270236, 0, 0, 0, 5, 0, 0, 0, 0, 0, 0, 0, 0, 0, 0
19.01, 2025-06-05__13-49-18.366272, 0.000434341, -0.576897, -0.00887926, -2.99812, -0.0324507, 1.67048, 0.712042, -0.00623456, -0.000253323, -0.00114307, -0.000164111, 8.90579e-06, -0.0002882, 0.00013348, 0.0739695, -0.0975837, 0.149866, -0.159719, -0.454601, -0.177341, 0.267083, 0, 0, 0, 5, 0, 0, 0, 0, 0, 0, 0, 0, 0, 0
19.02, 2025-06-05__13-49-18.376269, 0.000432782, -0.5769, -0.00886965, -2.99814, -0.0324518, 1.67047, 0.712045, -0.00680692, -0.000767826, 0.00014434, -0.00257104, 9.40075e-05, -0.000462791, -9.6662e-05, 0.0710544, -0.104195, 0.142968, -0.115948, -0.45395, -0.170415, 0.267732, 0, 0, 0, 5, 0, 0, 0, 0, 0, 0, 0, 0, 0, 0
19.03, 2025-06-05__13-49-18.386270, 0.000434579, -0.576897, -0.00886376, -2.99815, -0.0324568, 1.67047, 0.712044, -0.00043045, -0.000165972, 2.78926e-05, -0.00201347, -0.000341886, 0.000353176, 1.17446e-05, 0.0274061, -0.110744, 0.115691, -0.122071, -0.455638, -0.174975, 0.267897, 0, 0, 0, 5, 0, 0, 0, 0, 0, 0, 0, 0, 0, 0
19.04, 2025-06-05__13-49-18.396268, 0.000435297, -0.5769, -0.00885473, -2.99816, -0.0324603, 1.67047, 0.712048, -0.000207972, -0.00148213, 0.000845241, -0.00264815, 0.000265799, -0.000323482, -0.000202739, 0.0212131, -0.0924737, 0.108202, -0.117044, -0.45756, -0.171739, 0.268413, 0, 0, 0, 5, 0, 0, 0, 0, 0, 0, 0, 0, 0, 0
19.05, 2025-06-05__13-49-18.406266, 0.00043466, -0.576897, -0.00885061, -2.99817, -0.0324616, 1.67047, 0.712047, -0.00578769, 8.81607e-05, -0.000704209, -0.00269118, -0.00177305, -0.000239523, 0.00039374, 0.0672631, -0.120057, 0.142593, -0.106867, -0.447498, -0.170447, 0.266296, 0, 0, 0, 5, 0, 0, 0, 0, 0, 0, 0, 0, 0, 0
19.06, 2025-06-05__13-49-18.416270, 0.000435228, -0.576895, -0.00884164, -2.99818, -0.0324658, 1.67047, 0.71204, -0.0014231, -3.51529e-05, 0.00199899, -0.00101529, -0.000121893, -0.000278574, -0.000147059, 0.0244018, -0.106333, 0.106709, -0.137743, -0.456378, -0.174989, 0.268612, 0, 0, 0, 5, 0, 0, 0, 0, 0, 0, 0, 0, 0, 0
19.07, 2025-06-05__13-49-18.426270, 0.000436666, -0.576895, -0.00883522, -2.99819, -0.0324693, 1.67047, 0.712047, 0.000709897, 0.000135651, 0.00111974, -0.00120799, 0.000118283, -0.000445937, 0.000144398, 0.0128502, -0.110957, 0.101971, -0.132008, -0.457866, -0.173823, 0.26751, 0, 0, 0, 5, 0, 0, 0, 0, 0, 0, 0, 0, 0, 0
19.08, 2025-06-05__13-49-18.436267, 0.000437362, -0.576897, -0.00882615, -2.99819, -0.0324692, 1.67047, 0.712046, 0.000991152, -0.000695339, 0.00116692, 0.000956253, 0.000472076, -0.000444139, -0.000599601, 0.0104737, -0.081951, 0.0998658, -0.179339, -0.459986, -0.179916, 0.269779, 0, 0, 0, 5, 0, 0, 0, 0, 0, 0, 0, 0, 0, 0
19.09, 2025-06-05__13-49-18.446270, 0.000435393, -0.576897, -0.00882281, -2.9982, -0.0324752, 1.67047, 0.712049, 0.000942468, -0.000636467, 0.00183299, -0.00210612, -0.000476907, -8.12068e-06, 0.00144845, 0.00758425, -0.102952, 0.0953253, -0.120565, -0.455522, -0.173925, 0.26352, 0, 0, 0, 5, 0, 0, 0, 0, 0, 0, 0, 0, 0, 0
19.1, 2025-06-05__13-49-18.456271, 0.000436826, -0.576897, -0.00880543, -2.99822, -0.032474, 1.67047, 0.712049, -0.000229109, -0.000128529, 0.00296609, -0.00338117, 0.000456956, 6.47495e-05, 0.00127091, 0.00850916, -0.119545, 0.0916087, -0.0928549, -0.45808, -0.170609, 0.264049, 0, 0, 0, 5, 0, 0, 0, 0, 0, 0, 0, 0, 0, 0
19.11, 2025-06-05__13-49-18.466269, 0.000436787, -0.576897, -0.00880685, -2.99822, -0.0324791, 1.67046, 0.712046, -5.84189e-05, 0.000233888, 0.00303063, -0.000229548, 0.000286963, -4.31342e-05, -0.000230322, 0.00816131, -0.104529, 0.0917653, -0.150072, -0.458464, -0.177329, 0.268747, 0, 0, 0, 5, 0, 0, 0, 0, 0, 0, 0, 0, 0, 0
19.12, 2025-06-05__13-49-18.476267, 0.000432073, -0.576895, -0.00879948, -2.99823, -0.0324808, 1.67047, 0.712049, -0.00110709, 0.000564894, 0.00153605, -5.29779e-05, -0.000145115, 0.000189614, 0.000914532, 0.022249, -0.10958, 0.105252, -0.152526, -0.456141, -0.178892, 0.264971, 0, 0, 0, 5, 0, 0, 0, 0, 0, 0, 0, 0, 0, 0
19.13, 2025-06-05__13-49-18.486267, 0.000436743, -0.576892, -0.00879083, -2.99824, -0.032485, 1.67046, 0.712043, -0.000672548, 0.00112144, 0.0025838, 5.11245e-05, -0.000123423, 1.79975e-05, -0.00138509, 0.0135272, -0.118772, 0.0962197, -0.148923, -0.456506, -0.177542, 0.272398, 0, 0, 0, 5, 0, 0, 0, 0, 0, 0, 0, 0, 0, 0
19.14, 2025-06-05__13-49-18.496269, 0.000435358, -0.576893, -0.0087867, -2.99825, -0.0324846, 1.67046, 0.712041, -0.00227889, 0.00105413, -0.000206867, 9.89794e-05, 0.000159853, -0.000213831, -0.000512716, 0.0365982, -0.118268, 0.119557, -0.151205, -0.456073, -0.176549, 0.26955, 0, 0, 0, 5, 0, 0, 0, 0, 0, 0, 0, 0, 0, 0
19.15, 2025-06-05__13-49-18.506267, 0.000434578, -0.576895, -0.00878023, -2.99826, -0.0324897, 1.67046, 0.712045, 0.000417194, 0.000652847, -0.000632231, 0.00179832, 4.36482e-05, 5.43886e-05, -3.6263e-05, 0.020176, -0.0995979, 0.110259, -0.186504, -0.457301, -0.182366, 0.268035, 0, 0, 0, 5, 0, 0, 0, 0, 0, 0, 0, 0, 0, 0
19.16, 2025-06-05__13-49-18.516269, 0.000432081, -0.576895, -0.0087713, -2.99828, -0.0324904, 1.67046, 0.712046, -0.00104063, 0.000335813, 0.000426845, -0.00307275, -0.000174886, -0.000138857, -0.000483844, 0.0238638, -0.126829, 0.108045, -0.0943744, -0.454207, -0.169469, 0.269438, 0, 0, 0, 5, 0, 0, 0, 0, 0, 0, 0, 0, 0, 0
19.17, 2025-06-05__13-49-18.526269, 0.000439502, -0.5769, -0.00876502, -2.99829, -0.0324944, 1.67046, 0.712042, -0.000447003, -0.000692631, 0.000628142, -0.00123429, -3.28087e-06, -0.00412776, -0.00010927, 0.0185052, -0.0986841, 0.103648, -0.126621, -0.455745, -0.159437, 0.26856, 0, 0, 0, 5, 0, 0, 0, 0, 0, 0, 0, 0, 0, 0
19.18, 2025-06-05__13-49-18.536268, 0.000434215, -0.576897, -0.00875368, -2.9983, -0.0324959, 1.67046, 0.712047, -0.0012648, 0.000314085, 0.00142398, -0.00320755, -0.000483891, -0.000320828, -1.36215e-05, 0.019865, -0.126527, 0.101477, -0.0909334, -0.453056, -0.168522, 0.268033, 0, 0, 0, 5, 0, 0, 0, 0, 0, 0, 0, 0, 0, 0
19.19, 2025-06-05__13-49-18.546270, 0.0004376, -0.576897, -0.00875474, -2.9983, -0.0324952, 1.67046, 0.71204, 0.000152088, -0.000490041, -0.000478569, -0.000930372, 0.000619498, -0.00052722, -0.00176834, 0.0181678, -0.098751, 0.106575, -0.14009, -0.45783, -0.173946, 0.273605, 0, 0, 0, 5, 0, 0, 0, 0, 0, 0, 0, 0, 0, 0
19.2, 2025-06-05__13-49-18.556265, 0.00043494, -0.576895, -0.00874576, -2.9983, -0.0324999, 1.67046, 0.712043, 0.00253238, 0.000688909, 0.00175722, 0.00099575, -0.000184086, 0.000119473, -0.00309225, -0.00743331, -0.104609, 0.0834436, -0.168722, -0.457319, -0.180823, 0.277815, 0, 0, 0, 5, 0, 0, 0, 0, 0, 0, 0, 0, 0, 0
19.21, 2025-06-05__13-49-18.566268, 0.00043485, -0.576895, -0.00874424, -2.99831, -0.0324993, 1.67046, 0.712047, 0.00362681, -0.000605969, 0.00057727, -0.00320869, 0.00012541, 0.000183367, -0.000564463, -0.011175, -0.111729, 0.0837804, -0.0969741, -0.457137, -0.171341, 0.269966, 0, 0, 0, 5, 0, 0, 0, 0, 0, 0, 0, 0, 0, 0
19.22, 2025-06-05__13-49-18.576268, 0.0004375, -0.576897, -0.00873723, -2.99832, -0.0325031, 1.67045, 0.712044, 0.00575041, -0.00042125, 0.000750939, -0.000377988, -7.01324e-05, -0.000320495, 0.000341422, -0.0262141, -0.0955859, 0.0738139, -0.147668, -0.458554, -0.176043, 0.267464, 0, 0, 0, 5, 0, 0, 0, 0, 0, 0, 0, 0, 0, 0
19.23, 2025-06-05__13-49-18.586268, 0.000434524, -0.576895, -0.00873377, -2.99833, -0.0325041, 1.67046, 0.712047, -0.00367346, 0.000663098, 4.78084e-05, -0.0011534, -2.58666e-05, 0.000277412, 0.000237714, 0.041567, -0.119053, 0.119132, -0.130192, -0.453512, -0.175563, 0.26697, 0, 0, 0, 5, 0, 0, 0, 0, 0, 0, 0, 0, 0, 0
19.24, 2025-06-05__13-49-18.596269, 0.000436786, -0.576897, -0.00872975, -2.99833, -0.0325045, 1.67045, 0.712047, -0.000695935, 0.000162944, -0.000248525, -0.00344771, 0.00038416, -0.000301251, -0.000466295, 0.0209336, -0.126353, 0.106371, -0.0871474, -0.45543, -0.167434, 0.269359, 0, 0, 0, 5, 0, 0, 0, 0, 0, 0, 0, 0, 0, 0
19.25, 2025-06-05__13-49-18.606265, 0.000434578, -0.576903, -0.00872442, -2.99834, -0.0325089, 1.67045, 0.712045, 0.000938157, -0.00318502, -0.000184727, 2.72855e-05, -4.88477e-05, 0.000197592, 0.000215199, 0.010649, -0.0450766, 0.0984964, -0.177486, -0.455657, -0.180712, 0.267355, 0, 0, 0, 5, 0, 0, 0, 0, 0, 0, 0, 0, 0, 0
19.26, 2025-06-05__13-49-18.616268, 0.000439666, -0.576894, -0.00871746, -2.99835, -0.0325082, 1.67045, 0.712046, -0.00186392, 0.000738582, 0.00149287, -7.88244e-05, 0.000372363, -2.32974e-05, 0.00112306, 0.0214308, -0.113078, 0.101255, -0.147844, -0.456476, -0.176709, 0.264501, 0, 0, 0, 5, 0, 0, 0, 0, 0, 0, 0, 0, 0, 0
19.27, 2025-06-05__13-49-18.626269, 0.000432456, -0.576897, -0.00871419, -2.99835, -0.0325127, 1.67045, 0.712046, 0.00151599, -0.000523089, 0.00140263, 0.000188938, -5.73067e-06, -0.00447896, 0.0016178, -0.000297046, -0.09257, 0.0872442, -0.149349, -0.456738, -0.161187, 0.263301, 0, 0, 0, 5, 0, 0, 0, 0, 0, 0, 0, 0, 0, 0
19.28, 2025-06-05__13-49-18.636267, 0.000436945, -0.5769, -0.00871388, -2.99836, -0.0325142, 1.67045, 0.712043, -0.000918658, -0.00139344, -0.000750764, -0.0009153, -0.000267364, -6.86836e-05, -0.000813827, 0.024763, -0.0824941, 0.109323, -0.14664, -0.453348, -0.175849, 0.270522, 0, 0, 0, 5, 0, 0, 0, 0, 0, 0, 0, 0, 0, 0
19.29, 2025-06-05__13-49-18.646268, 0.000434692, -0.576895, -0.00871163, -2.99836, -0.0325143, 1.67044, 0.712046, 0.000255654, -0.000229189, 0.00028239, 0.00176855, -0.000169801, -0.00046645, -0.0002356, 0.01309, -0.0850926, 0.099387, -0.187762, -0.455635, -0.17979, 0.268723, 0, 0, 0, 5, 0, 0, 0, 0, 0, 0, 0, 0, 0, 0
19.3, 2025-06-05__13-49-18.656266, 0.000434577, -0.5769, -0.00871, -2.99838, -0.0325154, 1.67044, 0.712043, 0.000120594, -0.0014886, -0.000727725, -0.000798684, -0.000162156, -0.000269399, -0.00154031, 0.0174719, -0.0804038, 0.104454, -0.148062, -0.454178, -0.174875, 0.272818, 0, 0, 0, 5, 0, 0, 0, 0, 0, 0, 0, 0, 0, 0
19.31, 2025-06-05__13-49-18.666268, 0.000432309, -0.576897, -0.0087068, -2.99838, -0.0325177, 1.67045, 0.712043, 0.00209093, -5.17772e-05, -0.000608993, 0.000906408, -0.000157971, -0.000119291, 0.00073084, 0.00405875, -0.0933717, 0.0962404, -0.170952, -0.455917, -0.179518, 0.265998, 0, 0, 0, 5, 0, 0, 0, 0, 0, 0, 0, 0, 0, 0
19.32, 2025-06-05__13-49-18.676269, 0.000438064, -0.576895, -0.00869889, -2.99839, -0.0325198, 1.67044, 0.712045, -0.00140395, 0.000388941, 0.000177786, -0.000358807, -0.000435341, -0.000276006, 0.00535698, 0.0236885, -0.109523, 0.105845, -0.143335, -0.45317, -0.174743, 0.251625, 0, 0, 0, 5, 0, 0, 0, 0, 0, 0, 0, 0, 0, 0
19.33, 2025-06-05__13-49-18.686269, 0.000437607, -0.5769, -0.00869816, -2.9984, -0.0325221, 1.67045, 0.712045, 0.00140741, 0.000633996, -0.000588355, 0.00017295, -6.06336e-05, -0.000203424, 0.000436578, 0.00729906, -0.109064, 0.0979895, -0.152244, -0.455513, -0.176851, 0.266802, 0, 0, 0, 5, 0, 0, 0, 0, 0, 0, 0, 0, 0, 0
19.34, 2025-06-05__13-49-18.696269, 0.000434613, -0.576894, -0.00869394, -2.99841, -0.0325189, 1.67044, 0.712043, -0.000204028, 0.000846241, -0.000412812, -0.000782136, 0.000316848, 6.25396e-06, 0.000425052, 0.0171556, -0.120452, 0.103504, -0.132493, -0.455853, -0.174348, 0.266832, 0, 0, 0, 5, 0, 0, 0, 0, 0, 0, 0, 0, 0, 0
19.35, 2025-06-05__13-49-18.706269, 0.000434586, -0.576892, -0.0086855, -2.99841, -0.0325237, 1.67044, 0.712046, 0.00326805, 0.00139529, 0.000377774, -0.000929236, -0.00315675, -6.41682e-05, 0.000275722, -0.00906151, -0.130632, 0.0839444, -0.12289, -0.445711, -0.173675, 0.267631, 0, 0, 0, 5, 0, 0, 0, 0, 0, 0, 0, 0, 0, 0
19.36, 2025-06-05__13-49-18.716269, 0.000434657, -0.576892, -0.008685, -2.99841, -0.032525, 1.67044, 0.712046, 0.000437441, 0.000507052, 0.000212467, 0.00087699, -0.000236309, 7.11056e-05, 0.000275252, 0.0102356, -0.103754, 0.0967666, -0.165905, -0.454752, -0.179128, 0.267225, 0, 0, 0, 5, 0, 0, 0, 0, 0, 0, 0, 0, 0, 0
19.37, 2025-06-05__13-49-18.726269, 0.00043664, -0.5769, -0.00867969, -2.99843, -0.0325276, 1.67044, 0.712046, -0.00522499, -0.00140222, -0.000163783, -0.00150803, 0.000264623, -0.000455608, 0.000624786, 0.0494614, -0.0864075, 0.121523, -0.134246, -0.452438, -0.172058, 0.265752, 0, 0, 0, 5, 0, 0, 0, 0, 0, 0, 0, 0, 0, 0
19.38, 2025-06-05__13-49-18.736268, 0.000435604, -0.576897, -0.00867577, -2.99843, -0.0325287, 1.67044, 0.712042, 0.00230253, -0.000206387, 0.000125484, -0.0009241, 8.509e-05, 8.48135e-05, 0.000478753, -0.00360983, -0.102778, 0.0873491, -0.135945, -0.455888, -0.175281, 0.266932, 0, 0, 0, 5, 0, 0, 0, 0, 0, 0, 0, 0, 0, 0
19.39, 2025-06-05__13-49-18.746268, 0.000439946, -0.576897, -0.00867026, -2.99843, -0.0325294, 1.67044, 0.712042, 0.00420931, 0.000284876, 0.00105903, 4.35907e-05, -0.000306962, -9.27812e-05, -9.79311e-05, -0.0211705, -0.104224, 0.0732874, -0.149656, -0.456124, -0.176893, 0.268899, 0, 0, 0, 5, 0, 0, 0, 0, 0, 0, 0, 0, 0, 0
19.4, 2025-06-05__13-49-18.756268, 0.000437358, -0.5769, -0.00866938, -2.99844, -0.0325281, 1.67044, 0.712048, 0.000808811, -0.00100468, 0.000157659, 0.000724129, -7.55154e-06, 9.25249e-05, -0.000323726, 0.00645208, -0.0775336, 0.0932055, -0.173549, -0.455429, -0.179978, 0.268967, 0, 0, 0, 5, 0, 0, 0, 0, 0, 0, 0, 0, 0, 0
19.41, 2025-06-05__13-49-18.766269, 0.000434578, -0.576897, -0.00866689, -2.99845, -0.0325328, 1.67044, 0.712043, 3.90349e-05, -0.000326973, 0.000128892, -0.00055255, 6.04572e-05, 7.47713e-05, -0.000307934, 0.0115945, -0.0982393, 0.0965579, -0.144243, -0.454576, -0.176117, 0.269135, 0, 0, 0, 5, 0, 0, 0, 0, 0, 0, 0, 0, 0, 0
19.42, 2025-06-05__13-49-18.776268, 0.000434659, -0.576894, -0.00866299, -2.99845, -0.0325325, 1.67044, 0.712049, -0.000600977, 0.00042368, 0.000183954, 7.08626e-05, 0.000237298, -0.000471322, 0.000630543, 0.015703, -0.107642, 0.0992229, -0.149719, -0.455254, -0.175003, 0.265955, 0, 0, 0, 5, 0, 0, 0, 0, 0, 0, 0, 0, 0, 0
19.43, 2025-06-05__13-49-18.786270, 0.00043953, -0.576895, -0.00865734, -2.99846, -0.0325342, 1.67044, 0.712041, 0.000881497, 0.000461892, 0.00292328, -0.00211303, -0.000412396, -0.000191825, -0.00100858, -0.00780436, -0.121539, 0.0750104, -0.106528, -0.453511, -0.170799, 0.271672, 0, 0, 0, 5, 0, 0, 0, 0, 0, 0, 0, 0, 0, 0
19.44, 2025-06-05__13-49-18.796270, 0.000436708, -0.576895, -0.00865038, -2.99847, -0.0325336, 1.67043, 0.712044, 0.00574118, 0.000278057, 0.00101368, -0.000804562, 8.27782e-05, -0.000249236, 0.000516755, -0.0328605, -0.110544, 0.0650763, -0.131562, -0.457761, -0.173627, 0.267054, 0, 0, 0, 5, 0, 0, 0, 0, 0, 0, 0, 0, 0, 0
19.45, 2025-06-05__13-49-18.806270, 0.000437359, -0.5769, -0.00865022, -2.99846, -0.0325372, 1.67043, 0.712046, 0.000934389, -0.000701238, -0.00081018, -0.00105115, -0.000171942, -1.94544e-05, -0.00047018, 0.00815, -0.0950891, 0.0963734, -0.136553, -0.453645, -0.174192, 0.269545, 0, 0, 0, 5, 0, 0, 0, 0, 0, 0, 0, 0, 0, 0
19.46, 2025-06-05__13-49-18.816266, 0.000437371, -0.5769, -0.00864134, -2.99847, -0.0325378, 1.67043, 0.71204, 0.00107729, -0.0013677, 0.000247797, 0.00179802, -0.000128858, 0.000297053, -0.000506747, 0.00279125, -0.0640668, 0.0893041, -0.196032, -0.455135, -0.18319, 0.269921, 0, 0, 0, 5, 0, 0, 0, 0, 0, 0, 0, 0, 0, 0
19.47, 2025-06-05__13-49-18.826266, 0.000436682, -0.576895, -0.00863224, -2.99848, -0.0325383, 1.67043, 0.712045, -0.0021265, 0.000859727, 0.000388495, 1.40892e-05, 0.000101939, 8.60971e-05, 0.000328151, 0.0231021, -0.114573, 0.101986, -0.146612, -0.453887, -0.176072, 0.267006, 0, 0, 0, 5, 0, 0, 0, 0, 0, 0, 0, 0, 0, 0
19.48, 2025-06-05__13-49-18.836269, 0.000434134, -0.576897, -0.00863383, -2.99848, -0.0325394, 1.67043, 0.712043, -0.000257242, -0.000161119, -0.00190891, -6.13994e-05, -0.00014199, -8.11959e-05, -8.60855e-05, 0.0207189, -0.0985476, 0.107446, -0.1519, -0.453233, -0.175926, 0.268366, 0, 0, 0, 5, 0, 0, 0, 0, 0, 0, 0, 0, 0, 0
19.49, 2025-06-05__13-49-18.846270, 0.000438081, -0.576897, -0.00862679, -2.99849, -0.0325383, 1.67043, 0.712041, 0.000501735, -0.000334366, 0.000182832, -0.00124679, -4.47805e-05, 0.000172769, -0.00020416, 0.00503357, -0.102676, 0.090317, -0.129914, -0.454101, -0.174219, 0.269007, 0, 0, 0, 5, 0, 0, 0, 0, 0, 0, 0, 0, 0, 0
19.5, 2025-06-05__13-49-18.856270, 0.000437387, -0.576895, -0.00861801, -2.99849, -0.0325397, 1.67043, 0.712046, 0.000629816, 4.20757e-05, 0.00027876, -0.000237264, 3.94507e-05, -0.00154029, -0.000432128, 0.00359617, -0.103772, 0.0890214, -0.142127, -0.454874, -0.169845, 0.269515, 0, 0, 0, 5, 0, 0, 0, 0, 0, 0, 0, 0, 0, 0
19.51, 2025-06-05__13-49-18.866271, 0.000437023, -0.576895, -0.00862, -2.9985, -0.0325394, 1.67043, 0.712045, 0.000244459, -0.000795789, 0.00387589, -0.000398485, -0.000105077, 0.000161314, 0.000506935, -0.0092804, -0.0883259, 0.0691223, -0.147808, -0.454953, -0.17687, 0.266809, 0, 0, 0, 5, 0, 0, 0, 0, 0, 0, 0, 0, 0, 0
19.52, 2025-06-05__13-49-18.876268, 0.000437125, -0.576893, -0.00860801, -2.9985, -0.0325434, 1.67043, 0.712047, -0.00228353, 0.000900403, 0.00126502, 0.000805143, -0.00011449, 0.000203695, -0.000249083, 0.0190399, -0.109902, 0.0956186, -0.160915, -0.453387, -0.178551, 0.268732, 0, 0, 0, 5, 0, 0, 0, 0, 0, 0, 0, 0, 0, 0
19.53, 2025-06-05__13-49-18.886268, 0.000432071, -0.576897, -0.00860765, -2.9985, -0.0325438, 1.67043, 0.71204, -0.00712896, -9.36467e-05, -0.000449986, -0.000418959, -0.000367762, 4.87941e-05, 0.00131324, 0.0602803, -0.101207, 0.126612, -0.146136, -0.449171, -0.175194, 0.263863, 0, 0, 0, 5, 0, 0, 0, 0, 0, 0, 0, 0, 0, 0
19.54, 2025-06-05__13-49-18.896270, 0.000440206, -0.576895, -0.00859597, -2.99851, -0.0325457, 1.67043, 0.712043, 0.000622467, 0.00167873, 0.0014307, 0.000631524, -0.000606924, -9.35571e-05, -6.6853e-05, -0.00260133, -0.123659, 0.0810772, -0.150454, -0.45315, -0.176663, 0.268633, 0, 0, 0, 5, 0, 0, 0, 0, 0, 0, 0, 0, 0, 0
19.55, 2025-06-05__13-49-18.906267, 0.000437388, -0.5769, -0.00859553, -2.99851, -0.0325464, 1.67043, 0.712049, 0.000464501, -0.00129406, -6.61572e-05, 0.00112076, -0.000159855, 0.000458612, 0.00159549, 0.00533741, -0.0696337, 0.0897848, -0.182543, -0.454227, -0.182089, 0.263076, 0, 0, 0, 5, 0, 0, 0, 0, 0, 0, 0, 0, 0, 0
19.56, 2025-06-05__13-49-18.916271, 0.0004375, -0.576897, -0.00858955, -2.99851, -0.0325432, 1.67043, 0.712046, -0.00133119, -0.000183056, 0.00147433, 0.000444224, 0.000416955, -4.69671e-05, -0.000206963, 0.0099452, -0.0932879, 0.0879149, -0.1607, -0.455609, -0.177537, 0.268708, 0, 0, 0, 5, 0, 0, 0, 0, 0, 0, 0, 0, 0, 0
19.57, 2025-06-05__13-49-18.926269, 0.000434581, -0.576895, -0.00858629, -2.99851, -0.0325478, 1.67043, 0.712041, -0.000899611, -0.000450237, 0.000592773, 0.00105163, 3.24314e-06, 0.000188159, -0.000798169, 0.0112716, -0.0853978, 0.091356, -0.174498, -0.45412, -0.180124, 0.270728, 0, 0, 0, 5, 0, 0, 0, 0, 0, 0, 0, 0, 0, 0
19.58, 2025-06-05__13-49-18.936267, 0.000432527, -0.576894, -0.00858527, -2.99853, -0.0325475, 1.67043, 0.712044, -0.00210183, 0.000161417, -0.000694913, -0.0029284, -1.80175e-06, -0.000416379, -0.000573683, 0.0241518, -0.123611, 0.103318, -0.0928993, -0.451775, -0.167094, 0.269865, 0, 0, 0, 5, 0, 0, 0, 0, 0, 0, 0, 0, 0, 0
19.59, 2025-06-05__13-49-18.946269, 0.000439495, -0.576897, -0.00857676, -2.99853, -0.0325479, 1.67042, 0.712046, 0.00585191, -0.000107826, 0.00332917, -0.00385084, 1.20869e-06, -0.000262444, -0.000544356, -0.0497525, -0.123085, 0.0430577, -0.0734912, -0.456448, -0.165777, 0.270482, 0, 0, 0, 5, 0, 0, 0, 0, 0, 0, 0, 0, 0, 0
19.6, 2025-06-05__13-49-18.956266, 0.000437283, -0.576899, -0.00857143, -2.99852, -0.0325492, 1.67042, 0.712045, -0.00190954, -0.000979319, 0.000935559, 0.000622503, -0.000511493, -0.000288664, 0.000435515, 0.0157318, -0.0786119, 0.0921194, -0.168465, -0.451831, -0.177001, 0.266772, 0, 0, 0, 5, 0, 0, 0, 0, 0, 0, 0, 0, 0, 0
19.61, 2025-06-05__13-49-18.966269, 0.00043534, -0.576897, -0.00857244, -2.99853, -0.0325486, 1.67042, 0.712049, -0.000656981, -0.000377997, -0.00020611, -0.00252771, -0.00020874, -9.84119e-05, 0.000382559, 0.0112137, -0.11075, 0.0928009, -0.104211, -0.452083, -0.169317, 0.266838, 0, 0, 0, 5, 0, 0, 0, 0, 0, 0, 0, 0, 0, 0
19.62, 2025-06-05__13-49-18.976269, 0.000434897, -0.576897, -0.00857217, -2.99853, -0.0325524, 1.67042, 0.712046, -0.00036741, 0.000221973, -0.00142054, 0.000249201, -0.000321444, -0.000383775, -0.000852016, 0.0154101, -0.102725, 0.0998862, -0.15297, -0.452368, -0.174744, 0.27067, 0, 0, 0, 5, 0, 0, 0, 0, 0, 0, 0, 0, 0, 0
19.63, 2025-06-05__13-49-18.986268, 0.000437361, -0.576894, -0.00857126, -2.99853, -0.0325538, 1.67042, 0.71204, 0.000672744, 5.77403e-06, -0.00156232, 0.00105522, -0.000421552, 6.17928e-05, -0.000776247, 0.00881923, -0.0941641, 0.0961425, -0.170395, -0.452739, -0.178702, 0.270756, 0, 0, 0, 5, 0, 0, 0, 0, 0, 0, 0, 0, 0, 0
19.64, 2025-06-05__13-49-18.996266, 0.000434578, -0.576894, -0.00856064, -2.99854, -0.0325501, 1.67042, 0.71205, -0.0121107, 0.000551617, 0.000114908, -0.00104025, -0.000182757, 0.000293227, 0.00102952, 0.088472, -0.116396, 0.14071, -0.13049, -0.447122, -0.173266, 0.264018, 0, 0, 0, 5, 0, 0, 0, 0, 0, 0, 0, 0, 0, 0
19.65, 2025-06-05__13-49-19.006266, 0.000440441, -0.576895, -0.00855969, -2.99854, -0.0325523, 1.67042, 0.712047, 0.0007595, 0.000612079, -0.000382516, 5.69237e-06, 3.84225e-05, -9.75878e-05, 0.000339492, 0.0015077, -0.110757, 0.0873713, -0.145465, -0.454494, -0.17512, 0.267119, 0, 0, 0, 5, 0, 0, 0, 0, 0, 0, 0, 0, 0, 0
19.66, 2025-06-05__13-49-19.016271, 0.000437371, -0.576893, -0.00855331, -2.99855, -0.032554, 1.67042, 0.712044, 0.000525892, 0.00155369, -0.000482714, -0.00135135, -0.000182618, -0.000695651, -0.0010327, 0.00308282, -0.136564, 0.0885795, -0.1112, -0.453014, -0.168635, 0.271509, 0, 0, 0, 5, 0, 0, 0, 0, 0, 0, 0, 0, 0, 0
19.67, 2025-06-05__13-49-19.026270, 0.000437914, -0.5769, -0.00854761, -2.99855, -0.0325531, 1.67042, 0.712044, 0.000248801, 0.00185779, 0.000341054, -0.00105302, -0.00217074, -0.000296427, -0.000263354, 0.00206895, -0.137131, 0.085022, -0.115658, -0.446525, -0.170918, 0.26927, 0, 0, 0, 5, 0, 0, 0, 0, 0, 0, 0, 0, 0, 0
19.68, 2025-06-05__13-49-19.036267, 0.000436682, -0.5769, -0.0085416, -2.99854, -0.0325527, 1.67042, 0.712043, -0.000127057, -0.000838138, 0.00153489, 0.00157494, -2.74654e-05, -0.00024093, -9.48955e-05, -0.00104499, -0.0739972, 0.0784332, -0.185051, -0.454781, -0.17967, 0.268625, 0, 0, 0, 5, 0, 0, 0, 0, 0, 0, 0, 0, 0, 0
19.69, 2025-06-05__13-49-19.046274, 0.000434902, -0.576897, -0.00853811, -2.99855, -0.0325521, 1.67042, 0.71204, -0.000745299, 0.000512866, 0.000483207, -0.000406509, 0.000221167, -0.000100585, -0.000295686, 0.00695828, -0.110967, 0.0869866, -0.138458, -0.454429, -0.174107, 0.269335, 0, 0, 0, 5, 0, 0, 0, 0, 0, 0, 0, 0, 0, 0
19.7, 2025-06-05__13-49-19.056267, 0.000439844, -0.576891, -0.00853202, -2.99855, -0.0325587, 1.67042, 0.71205, 0.000851298, 0.00154459, 0.000541779, -0.000696991, 0.000878264, 8.60346e-05, 0.000417587, -0.00555262, -0.131526, 0.0790362, -0.12545, -0.457196, -0.17344, 0.266815, 0, 0, 0, 5, 0, 0, 0, 0, 0, 0, 0, 0, 0, 0
19.71, 2025-06-05__13-49-19.066267, 0.000434579, -0.576893, -0.00853127, -2.99855, -0.0325563, 1.67042, 0.712048, -0.000567722, 0.000341215, -0.000553129, 0.00052134, 0.00027697, -0.000317559, -3.86281e-05, 0.0101573, -0.103348, 0.0920827, -0.156731, -0.454623, -0.175653, 0.268125, 0, 0, 0, 5, 0, 0, 0, 0, 0, 0, 0, 0, 0, 0
19.72, 2025-06-05__13-49-19.076266, 0.000434683, -0.576897, -0.00852524, -2.99856, -0.0325582, 1.67042, 0.712041, 0.00085346, -0.000676815, 0.000325486, -4.17944e-07, -0.000221169, 0.000323297, -0.000814386, -0.00386384, -0.0880526, 0.0795924, -0.154527, -0.453451, -0.17772, 0.270974, 0, 0, 0, 5, 0, 0, 0, 0, 0, 0, 0, 0, 0, 0
19.73, 2025-06-05__13-49-19.086267, 0.000437362, -0.576897, -0.00852206, -2.99856, -0.0325582, 1.67041, 0.712046, 0.000846057, -0.000271103, 0.00037055, 0.00122067, -0.000156325, -0.000740614, 0.000288839, -0.00400274, -0.0873839, 0.0795746, -0.172176, -0.454284, -0.175843, 0.26738, 0, 0, 0, 5, 0, 0, 0, 0, 0, 0, 0, 0, 0, 0
19.74, 2025-06-05__13-49-19.096271, 0.000439492, -0.576899, -0.00851607, -2.99856, -0.0325575, 1.67042, 0.712048, -0.00179349, -0.00087005, 0.000208259, -0.0018005, 3.87962e-05, 0.00048875, -0.000303685, 0.0131123, -0.0963307, 0.0899974, -0.122789, -0.452429, -0.173802, 0.268932, 0, 0, 0, 5, 0, 0, 0, 0, 0, 0, 0, 0, 0, 0
19.75, 2025-06-05__13-49-19.106267, 0.000437441, -0.576894, -0.0085135, -2.99857, -0.0325576, 1.67042, 0.712044, 0.000404772, 0.000412056, -0.000324997, -0.0040591, 0.000130499, -1.86935e-05, 0.000702405, -0.000317227, -0.134792, 0.083339, -0.0684233, -0.453004, -0.165284, 0.266245, 0, 0, 0, 5, 0, 0, 0, 0, 0, 0, 0, 0, 0, 0
19.76, 2025-06-05__13-49-19.116266, 0.000437737, -0.576897, -0.00851178, -2.99857, -0.0325628, 1.67042, 0.712045, 0.00135936, -0.000351035, -0.00063984, 0.00034101, -7.58798e-05, 3.75827e-05, -1.29865e-05, -0.00421621, -0.091686, 0.0820223, -0.158179, -0.453994, -0.177252, 0.268337, 0, 0, 0, 5, 0, 0, 0, 0, 0, 0, 0, 0, 0, 0
19.77, 2025-06-05__13-49-19.126270, 0.000437678, -0.5769, -0.00850856, -2.99857, -0.0325617, 1.67042, 0.712044, 0.00303038, -0.000851999, -0.000147326, 0.000809523, -0.000125197, 0.000168504, -0.00097559, -0.0179966, -0.0791504, 0.0714199, -0.170463, -0.454941, -0.179449, 0.271451, 0, 0, 0, 5, 0, 0, 0, 0, 0, 0, 0, 0, 0, 0
19.78, 2025-06-05__13-49-19.136269, 0.000436713, -0.576895, -0.00850006, -2.99857, -0.0325612, 1.67041, 0.712048, -0.000243284, 0.0010166, 0.000732554, 0.000244303, 0.000315468, 0.000114497, 0.000494228, -4.98638e-05, -0.115172, 0.0803159, -0.146872, -0.455066, -0.175749, 0.266629, 0, 0, 0, 5, 0, 0, 0, 0, 0, 0, 0, 0, 0, 0
19.79, 2025-06-05__13-49-19.146275, 0.000432309, -0.576897, -0.00850002, -2.99857, -0.0325613, 1.67041, 0.712046, -0.00139475, 0.000183816, -0.000256968, 0.000690942, 8.6721e-05, -0.000105047, 0.000427592, 0.012914, -0.0982378, 0.0913843, -0.161321, -0.453543, -0.17649, 0.266776, 0, 0, 0, 5, 0, 0, 0, 0, 0, 0, 0, 0, 0, 0
19.8, 2025-06-05__13-49-19.156268, 0.000434913, -0.576895, -0.00849584, -2.99857, -0.0325617, 1.67041, 0.712043, -0.00142588, 0.000445512, -0.00075389, -0.00113718, 0.000492209, -0.000102478, 0.000593129, 0.0139822, -0.11561, 0.0933601, -0.124555, -0.454144, -0.171628, 0.266412, 0, 0, 0, 5, 0, 0, 0, 0, 0, 0, 0, 0, 0, 0
19.81, 2025-06-05__13-49-19.166268, 0.000434056, -0.576895, -0.00848411, -2.99858, -0.032563, 1.67041, 0.712045, 0.00649351, 0.000141589, 0.00206844, 1.36435e-05, -0.000117435, -0.000358797, -0.00111671, -0.0529973, -0.101938, 0.0414138, -0.14425, -0.457024, -0.174437, 0.272267, 0, 0, 0, 5, 0, 0, 0, 0, 0, 0, 0, 0, 0, 0
19.82, 2025-06-05__13-49-19.176269, 0.0004345, -0.576895, -0.00847875, -2.99858, -0.0325655, 1.67041, 0.712046, -0.00223054, -0.000957093, 0.000508393, 8.41231e-05, 0.000110635, -0.000272492, -0.000350153, 0.0134795, -0.0835214, 0.0878212, -0.156482, -0.452939, -0.175074, 0.269156, 0, 0, 0, 5, 0, 0, 0, 0, 0, 0, 0, 0, 0, 0
19.83, 2025-06-05__13-49-19.186268, 0.000429489, -0.576894, -0.00847982, -2.99858, -0.0325655, 1.67041, 0.712047, -0.00143381, 0.00120995, 0.000448959, 0.000511103, -6.4939e-05, -6.22223e-05, -1.2113e-06, 0.00904517, -0.116942, 0.0861328, -0.150252, -0.452997, -0.175511, 0.268125, 0, 0, 0, 5, 0, 0, 0, 0, 0, 0, 0, 0, 0, 0
19.84, 2025-06-05__13-49-19.196268, 0.000430187, -0.5769, -0.00847375, -2.99858, -0.0325657, 1.67041, 0.712041, -0.00126546, -0.00117242, -0.000281904, -0.000574827, -0.000485131, 0.000396943, 0.000153998, 0.0104702, -0.082873, 0.0879595, -0.147229, -0.450918, -0.176247, 0.267892, 0, 0, 0, 5, 0, 0, 0, 0, 0, 0, 0, 0, 0, 0
19.85, 2025-06-05__13-49-19.206267, 0.000435283, -0.576897, -0.00846852, -2.99858, -0.0325687, 1.67041, 0.712045, 0.00356577, -0.000723059, 0.000812733, -0.000765049, -0.000618219, 1.33239e-05, -0.000350795, -0.0284371, -0.0922976, 0.0597588, -0.137284, -0.452996, -0.174292, 0.269687, 0, 0, 0, 5, 0, 0, 0, 0, 0, 0, 0, 0, 0, 0
19.86, 2025-06-05__13-49-19.216269, 0.00043816, -0.576891, -0.00846699, -2.99859, -0.0325678, 1.67041, 0.712046, 0.00022758, 0.00183234, 0.00126234, -0.00171927, -0.000119954, 0.000487037, -0.000101774, -0.00838845, -0.142413, 0.0718675, -0.103276, -0.453024, -0.17169, 0.268713, 0, 0, 0, 5, 0, 0, 0, 0, 0, 0, 0, 0, 0, 0
19.87, 2025-06-05__13-49-19.226268, 0.000434577, -0.576892, -0.00845822, -2.99859, -0.0325664, 1.67041, 0.71204, 0.000415144, -0.00237594, 6.82805e-05, 0.00176368, -0.000145694, 0.000276373, 0.00100703, -0.00350275, -0.0489026, 0.0772098, -0.198424, -0.453901, -0.182596, 0.265394, 0, 0, 0, 5, 0, 0, 0, 0, 0, 0, 0, 0, 0, 0
19.88, 2025-06-05__13-49-19.236265, 0.000434578, -0.576897, -0.00845491, -2.99859, -0.0325671, 1.67041, 0.712047, -0.00063862, -0.00043581, 0.000100173, -0.000437437, 0.000165079, 0.000184713, 0.0003872, 0.00252406, -0.0949483, 0.0812258, -0.143753, -0.453693, -0.175282, 0.266973, 0, 0, 0, 5, 0, 0, 0, 0, 0, 0, 0, 0, 0, 0
19.89, 2025-06-05__13-49-19.246269, 0.000434315, -0.576898, -0.00844601, -2.99859, -0.0325678, 1.67041, 0.71204, -9.67892e-05, -0.000939356, 0.00135951, -0.000733342, -0.00011291, 1.62575e-05, -0.00121923, -0.00731622, -0.0878934, 0.0702973, -0.140377, -0.453099, -0.174331, 0.272335, 0, 0, 0, 5, 0, 0, 0, 0, 0, 0, 0, 0, 0, 0
19.9, 2025-06-05__13-49-19.256266, 0.000436654, -0.576897, -0.00844848, -2.99859, -0.0325679, 1.67041, 0.712046, 0.000214991, -0.000154939, -0.00153075, -0.00103715, 0.000200881, 0.000113416, 0.000601019, 0.00292607, -0.104323, 0.0864191, -0.130403, -0.45365, -0.173252, 0.266363, 0, 0, 0, 5, 0, 0, 0, 0, 0, 0, 0, 0, 0, 0
19.91, 2025-06-05__13-49-19.266269, 0.000429915, -0.576892, -0.00843894, -2.99859, -0.0325671, 1.67041, 0.712044, -1.91507e-05, 0.00142736, 0.000486046, 0.000639494, 0.000165459, 0.000141618, -0.00148109, -0.00384707, -0.119914, 0.0760994, -0.150833, -0.454562, -0.176529, 0.272911, 0, 0, 0, 5, 0, 0, 0, 0, 0, 0, 0, 0, 0, 0
19.92, 2025-06-05__13-49-19.276269, 0.000429863, -0.576897, -0.00843296, -2.99859, -0.0325713, 1.67041, 0.712046, -0.00181325, -0.000209127, 0.00147214, 0.000299174, 5.37945e-05, 0.000407313, -0.000816989, 0.00384721, -0.0929812, 0.0768354, -0.156667, -0.453115, -0.177865, 0.270699, 0, 0, 0, 5, 0, 0, 0, 0, 0, 0, 0, 0, 0, 0
19.93, 2025-06-05__13-49-19.286266, 0.00043745, -0.576895, -0.00843033, -2.99859, -0.0325671, 1.6704, 0.712045, 0.00388941, 1.98721e-05, 0.000472038, 2.4287e-05, 0.000137636, 0.000191828, 0.000529068, -0.0320788, -0.0998286, 0.0572659, -0.147325, -0.456287, -0.175904, 0.266992, 0, 0, 0, 5, 0, 0, 0, 0, 0, 0, 0, 0, 0, 0
19.94, 2025-06-05__13-49-19.296266, 0.000435468, -0.576895, -0.00842968, -2.99859, -0.0325718, 1.67041, 0.712044, 0.000574137, 0.000891054, -0.00120674, 0.000670461, 0.000134432, -0.000411082, -0.00072321, -0.00159526, -0.110949, 0.0822875, -0.154223, -0.454198, -0.174824, 0.270562, 0, 0, 0, 5, 0, 0, 0, 0, 0, 0, 0, 0, 0, 0
19.95, 2025-06-05__13-49-19.306267, 0.000434578, -0.576895, -0.00842017, -2.9986, -0.0325722, 1.67041, 0.712044, -0.000294033, 0.000375178, 0.00169529, 0.000175147, -0.000276096, -0.000866962, -0.000229731, -0.00868807, -0.10479, 0.0678366, -0.146073, -0.4529, -0.172314, 0.269186, 0, 0, 0, 5, 0, 0, 0, 0, 0, 0, 0, 0, 0, 0
19.96, 2025-06-05__13-49-19.316267, 0.000437283, -0.576895, -0.0084138, -2.9986, -0.0325726, 1.6704, 0.712047, 0.00147389, 0.000513827, 0.00109161, -0.000774159, -0.000205294, 0.000246872, 0.00183756, -0.0191745, -0.113037, 0.0627646, -0.129024, -0.453632, -0.17369, 0.262823, 0, 0, 0, 5, 0, 0, 0, 0, 0, 0, 0, 0, 0, 0
19.97, 2025-06-05__13-49-19.326269, 0.000439492, -0.576897, -0.00841279, -2.9986, -0.0325726, 1.67041, 0.71205, 0.00340135, 7.42048e-05, -0.000380043, 0.00101847, -1.56039e-05, -0.0002115, 0.00114021, -0.0259086, -0.0938945, 0.063216, -0.165763, -0.455521, -0.177374, 0.264825, 0, 0, 0, 5, 0, 0, 0, 0, 0, 0, 0, 0, 0, 0
19.98, 2025-06-05__13-49-19.336266, 0.000434605, -0.5769, -0.00840664, -2.9986, -0.0325715, 1.6704, 0.712041, 0.00126143, -0.001043, -0.000962466, 0.000272733, 0.00543196, -6.34705e-05, 0.000389768, -0.0115458, -0.0800683, 0.0737322, -0.162133, -0.472515, -0.175947, 0.267082, 0, 0, 0, 5, 0, 0, 0, 0, 0, 0, 0, 0, 0, 0
19.99, 2025-06-05__13-49-19.346266, 0.000434542, -0.5769, -0.00839783, -2.99861, -0.0325739, 1.6704, 0.712045, -0.00184572, -0.00127951, 0.000635939, -0.000499517, -0.000402842, -7.56361e-05, -0.000121865, 0.00497471, -0.0802907, 0.0780669, -0.146948, -0.451053, -0.174164, 0.268639, 0, 0, 0, 5, 0, 0, 0, 0, 0, 0, 0, 0, 0, 0
20, 2025-06-05__13-49-19.356266, 0.000436596, -0.576897, -0.00839455, -2.99861, -0.0325726, 1.67041, 0.712049, 0.00069082, 0.000112405, -5.17472e-05, 0.000329694, -9.09022e-06, 9.45948e-05, 0.000604716, -0.00986917, -0.0987346, 0.0714051, -0.153591, -0.454026, -0.176643, 0.266359, 0, 0, 0, 5, 0, 0, 0, 0, 0, 0, 0, 0, 0, 0
20.01, 2025-06-05__13-49-19.366266, 0.000436625, -0.576897, -0.00839031, -2.99861, -0.0325727, 1.6704, 0.712049, 0.00121394, -0.000330034, 0.000747789, -5.10095e-05, -4.72532e-05, 0.000535551, 0.000536244, -0.0173596, -0.0934169, 0.0636938, -0.149534, -0.454183, -0.177207, 0.266647, 0, 0, 0, 5, 0, 0, 0, 0, 0, 0, 0, 0, 0, 0
20.02, 2025-06-05__13-49-19.376268, 0.000434578, -0.576897, -0.0083846, -2.99861, -0.0325732, 1.6704, 0.712045, -0.00105516, -0.000105927, 0.000953082, 0.000437435, -0.000483183, -0.00047303, -0.000154844, -0.741467, -16.274, -0.707338, 27.864, 0.445636, 5.90723, 0.323122, 0, 0, 0, 0, 0, 0, 0, 0, 0, 0, 0, 0, 0, 0
20.03, 2025-06-05__13-49-19.386268, 0.000408505, -0.577048, -0.00839064, -2.9986, -0.0325254, 1.6709, 0.712048, -0.0017553, -0.024628, -0.00614324, -0.00344803, 0.006284, 0.0854615, 0.000151277, -0.713512, -15.7939, -0.679271, 27.5187, 0.428261, 5.53673, 0.318753, 0, 0, 0, 0, 0, 0, 0, 0, 0, 0, 0, 0, 0, 0
20.04, 2025-06-05__13-49-19.396267, 0.000332368, -0.577522, -0.00843246, -2.99865, -0.0324064, 1.67335, 0.712041, -0.00856052, -0.0556171, -0.00328576, -0.00809299, 0.0124005, 0.305869, 0.000252637, -0.690927, -15.0204, -0.692997, 26.7071, 0.416411, 4.52749, 0.311706, 0, 0, 0, 0, 0, 0, 0, 0, 0, 0, 0, 0, 0, 0
20.05, 2025-06-05__13-49-19.406266, 0.000215513, -0.578744, -0.008475, -2.99848, -0.0322496, 1.67842, 0.712043, -0.0121943, -0.155145, -0.00752891, 0.0370827, 0.0161762, 0.528671, -0.000372786, -0.640757, -12.5622, -0.692456, 24.3019, 0.399073, 3.17889, 0.302815, 0, 0, 0, 0, 0, 0, 0, 0, 0, 0, 0, 0, 0, 0
20.06, 2025-06-05__13-49-19.416266, 7.41154e-05, -0.581053, -0.00858327, -2.99699, -0.0321474, 1.68495, 0.712041, -0.0207585, -0.196473, -0.0136379, 0.180816, 0.00383555, 0.590219, -0.00139054, -0.494443, -10.2473, -0.591917, 20.6417, 0.39911, 2.15109, 0.29725, 0, 0, 0, 0, 0, 0, 0, 0, 0, 0, 0, 0, 0, 0
20.07, 2025-06-05__13-49-19.426267, -1.94994e-05, -0.582769, -0.00864051, -2.994, -0.0321269, 1.69036, 0.712046, -0.00879405, -0.17192, -0.000251844, 0.341822, 0.000146863, 0.527972, -0.000863792, -0.576271, -9.16078, -0.666825, 17.5161, 0.342994, 1.67175, 0.292963, 0, 0, 0, 0, 0, 0, 0, 0, 0, 0, 0, 0, 0, 0
20.08, 2025-06-05__13-49-19.436266, -0.000121599, -0.58487, -0.00865531, -2.98953, -0.0321258, 1.69507, 0.712042, -0.0095796, -0.229824, -0.00117427, 0.473459, 0.00481851, 0.450111, -0.0010975, -0.518876, -6.80785, -0.647312, 14.4, 0.284626, 1.30394, 0.288919, 0, 0, 0, 0, 0, 0, 0, 0, 0, 0, 0, 0, 0, 0
20.09, 2025-06-05__13-49-19.446267, -0.000184175, -0.587368, -0.00868474, -2.98444, -0.032121, 1.69859, 0.712045, -0.00315866, -0.276262, -0.00134204, 0.581725, 0.00210148, 0.367858, -0.000153281, -0.521605, -4.6996, -0.669134, 11.8212, 0.254586, 1.08231, 0.283003, 0, 0, 0, 0, 0, 0, 0, 0, 0, 0, 0, 0, 0, 0
20.1, 2025-06-05__13-49-19.456266, -0.000235169, -0.590476, -0.00871056, -2.97719, -0.0321195, 1.70202, 0.712043, -0.00178914, -0.275727, -0.00275759, 0.690893, -0.00333993, 0.288946, -0.000506443, -0.485279, -3.21271, -0.649053, 9.47229, 0.233692, 0.876821, 0.281676, 0, 0, 0, 0, 0, 0, 0, 0, 0, 0, 0, 0, 0, 0
20.11, 2025-06-05__13-49-19.466266, -0.000268309, -0.592797, -0.00875523, -2.97031, -0.0321144, 1.70438, 0.712047, -0.00058786, -0.252666, -0.00213309, 0.778526, -0.000499355, 0.256228, 0.000249637, -0.471784, -2.42214, -0.639062, 7.69217, 0.19058, 0.633114, 0.27684, 0, 0, 0, 0, 0, 0, 0, 0, 0, 0, 0, 0, 0, 0
20.12, 2025-06-05__13-49-19.476266, -0.000319817, -0.595206, -0.00882706, -2.96205, -0.0321065, 1.70645, 0.712049, -0.00571515, -0.241434, -0.00590991, 0.847037, 0.00129175, 0.193958, 0.000744912, -0.388548, -1.54918, -0.573349, 6.26817, 0.162555, 0.560812, 0.273134, 0, 0, 0, 0, 0, 0, 0, 0, 0, 0, 0, 0, 0, 0
20.13, 2025-06-05__13-49-19.486267, -0.000327879, -0.597831, -0.00888102, -2.95242, -0.0321124, 1.70805, 0.712049, -0.000817269, -0.235198, -0.00143273, 0.896645, -0.00121527, 0.132638, 0.000930973, -0.431405, -0.655883, -0.626812, 5.16749, 0.149117, 0.553257, 0.272339, 0, 0, 0, 0, 0, 0, 0, 0, 0, 0, 0, 0, 0, 0
20.14, 2025-06-05__13-49-19.496267, -0.000346578, -0.60016, -0.00892568, -2.94311, -0.032109, 1.70907, 0.712045, -0.000502714, -0.229812, -0.00470271, 0.936595, -4.4062e-05, 0.087748, -0.00508582, -0.406316, 0.126005, -0.608398, 4.24818, 0.131146, 0.543886, 0.289859, 0, 0, 0, 0, 0, 0, 0, 0, 0, 0, 0, 0, 0, 0
20.15, 2025-06-05__13-49-19.506267, -0.000355885, -0.601967, -0.00895488, -2.93443, -0.0321053, 1.70967, 0.712046, -0.00488762, -0.197919, -0.00182294, 0.968705, 0.00723562, 0.0587405, 0.00600637, -0.383835, 0.261032, -0.600857, 3.70305, 0.0936083, 0.542279, 0.255158, 0, 0, 0, 0, 0, 0, 0, 0, 0, 0, 0, 0, 0, 0
20.16, 2025-06-05__13-49-19.516267, -0.000352013, -0.603845, -0.00898794, -2.92347, -0.0321084, 1.71012, 0.712047, 0.00134192, -0.168351, -0.00282985, 1.00891, 0.000497776, 0.027857, -9.02538e-05, -0.418515, 0.517645, -0.62056, 2.99286, 0.096832, 0.532731, 0.274133, 0, 0, 0, 0, 0, 0, 0, 0, 0, 0, 0, 0, 0, 0
20.17, 2025-06-05__13-49-19.526267, -0.000372113, -0.605185, -0.00904805, -2.91428, -0.0321067, 1.71029, 0.712051, -0.00280653, -0.147717, -0.00515012, 1.02104, -0.0054071, 0.0127711, 0.00975859, -0.365073, 0.592027, -0.576081, 2.78564, 0.113834, 0.550602, 0.243657, 0, 0, 0, 0, 0, 0, 0, 0, 0, 0, 0, 0, 0, 0
20.18, 2025-06-05__13-49-19.536268, -0.000378304, -0.606526, -0.00912248, -2.90291, -0.032103, 1.71032, 0.712049, -0.00519978, -0.12307, -0.000568259, 1.04341, -0.000481401, 0.00325537, 0.0013169, -0.370723, 0.678363, -0.595005, 2.39925, 0.0875213, 0.531416, 0.269157, 0, 0, 0, 0, 0, 0, 0, 0, 0, 0, 0, 0, 0, 0
20.19, 2025-06-05__13-49-19.546268, -0.000382896, -0.607482, -0.00918341, -2.8934, -0.0321064, 1.71032, 0.71204, -0.00210741, -0.0999865, -0.00639523, 1.06122, -0.00020468, 0.000727931, -0.000557741, -0.359965, 0.653594, -0.561936, 2.11925, 0.079295, 0.501796, 0.274944, 0, 0, 0, 0, 0, 0, 0, 0, 0, 0, 0, 0, 0, 0
20.2, 2025-06-05__13-49-19.556271, -0.000387875, -0.608321, -0.00923465, -2.88277, -0.0321031, 1.71031, 0.712042, -0.00152677, -0.0709437, -0.00812865, 1.07132, 0.000117175, 0.000583376, -0.00599679, -0.35718, 0.426531, -0.549317, 2.04367, 0.0732912, 0.489093, 0.291471, 0, 0, 0, 0, 0, 0, 0, 0, 0, 0, 0, 0, 0, 0
20.21, 2025-06-05__13-49-19.566268, -0.000387796, -0.608903, -0.00928563, -2.872, -0.0321079, 1.71032, 0.712047, 0.00253351, -0.0511231, -0.0066849, 1.08422, -0.00124803, -0.00152116, -0.000278254, -0.400313, 0.31942, -0.58324, 1.88202, 0.0687872, 0.470873, 0.274123, 0, 0, 0, 0, 0, 0, 0, 0, 0, 0, 0, 0, 0, 0
20.22, 2025-06-05__13-49-19.576267, -0.000408445, -0.609286, -0.00934633, -2.86007, -0.0321037, 1.7103, 0.712048, -0.00282564, -0.0241801, -0.00543109, 1.07949, 0.000420033, -0.000740329, 0.000649334, -0.366058, -0.126145, -0.557896, 2.13475, 0.0662716, 0.497216, 0.271291, 0, 0, 0, 0, 0, 0, 0, 0, 0, 0, 0, 0, 0, 0
20.23, 2025-06-05__13-49-19.586269, -0.000409523, -0.609459, -0.00940454, -2.84915, -0.0321033, 1.71032, 0.712041, -0.000910674, -0.0147903, -0.00727916, 1.09734, 0.000221429, 0.00147588, -0.00109295, -0.369579, -0.114819, -0.550933, 1.83411, 0.0591112, 0.446193, 0.276605, 0, 0, 0, 0, 0, 0, 0, 0, 0, 0, 0, 0, 0, 0
20.24, 2025-06-05__13-49-19.596267, -0.000412581, -0.60947, -0.00945891, -2.83813, -0.0321056, 1.7103, 0.712048, -0.000300722, 0.0022876, -0.00502857, 1.09863, 0.000172205, -0.00061546, 0.000326778, -0.393278, -0.442432, -0.573522, 1.95262, 0.0563908, 0.464427, 0.272427, 0, 0, 0, 0, 0, 0, 0, 0, 0, 0, 0, 0, 0, 0
20.25, 2025-06-05__13-49-19.606269, -0.000430648, -0.609384, -0.00949769, -2.8282, -0.0321037, 1.71031, 0.712043, -0.00642835, 0.0112615, -0.00138809, 1.10307, -0.0003549, 0.00233017, -0.000322059, -0.364107, -0.612316, -0.56496, 1.94254, 0.0582454, 0.44862, 0.274451, 0, 0, 0, 0, 0, 0, 0, 0, 0, 0, 0, 0, 0, 0
20.26, 2025-06-05__13-49-19.616268, -0.000435808, -0.609244, -0.0095418, -2.81708, -0.0321022, 1.7103, 0.712046, -0.00219168, 0.0186387, -0.00455067, 1.12464, 0.000577743, -0.00271183, -0.00535131, -0.379613, -0.633526, -0.560783, 1.6187, 0.0449052, 0.420041, 0.289518, 0, 0, 0, 0, 0, 0, 0, 0, 0, 0, 0, 0, 0, 0
20.27, 2025-06-05__13-49-19.626268, -0.000457025, -0.609037, -0.00957979, -2.80605, -0.0321046, 1.71029, 0.712045, -0.00256965, 0.0284567, -0.0031518, 1.09496, -0.000225479, -0.00239568, -0.000967913, -0.397343, -1.1638, -0.582478, 2.30374, 0.0576663, 0.505817, 0.277132, 0, 0, 0, 0, 0, 0, 0, 0, 0, 0, 0, 0, 0, 0
20.28, 2025-06-05__13-49-19.636268, -0.00046197, -0.608837, -0.00963393, -2.79493, -0.0321068, 1.7103, 0.712049, 0.00202679, 0.0193925, -0.00408084, 1.12287, -0.000295075, -0.00176344, 0.000773149, -0.427437, -0.807339, -0.603578, 1.71121, 0.0445643, 0.425639, 0.271083, 0, 0, 0, 0, 0, 0, 0, 0, 0, 0, 0, 0, 0, 0
20.29, 2025-06-05__13-49-19.646266, -0.000489554, -0.608605, -0.00969506, -2.78272, -0.0321011, 1.71028, 0.712042, -0.00317104, 0.0235968, -0.00881552, 1.10816, 0.000100242, -0.000520502, -0.000575473, -0.346958, -1.11199, -0.520778, 2.05848, 0.0542783, 0.466715, 0.275242, 0, 0, 0, 0, 0, 0, 0, 0, 0, 0, 0, 0, 0, 0
20.3, 2025-06-05__13-49-19.656266, -0.000505616, -0.608423, -0.00974171, -2.77163, -0.0321072, 1.71032, 0.712047, 0.00160603, 0.0121875, -0.00233493, 1.10313, -0.000419775, 0.0017831, 0.000526124, -0.44432, -0.983771, -0.632947, 2.07465, 0.0515415, 0.461109, 0.272261, 0, 0, 0, 0, 0, 0, 0, 0, 0, 0, 0, 0, 0, 0
20.31, 2025-06-05__13-49-19.666269, -0.000539996, -0.608265, -0.00978392, -2.76155, -0.0321042, 1.71028, 0.712044, -0.00205489, 0.0223514, -0.00600142, 1.10524, -8.28728e-05, -0.000544204, 0.000121957, -0.379182, -1.24942, -0.562431, 2.15394, 0.0537253, 0.477125, 0.273318, 0, 0, 0, 0, 0, 0, 0, 0, 0, 0, 0, 0, 0, 0
20.32, 2025-06-05__13-49-19.676268, -0.000571219, -0.608078, -0.00983599, -2.74938, -0.0321049, 1.71029, 0.712045, -0.00664311, 0.0076044, -0.00498897, 1.10531, -0.00016625, 0.00424924, 0.00080273, -0.33969, -1.00229, -0.541291, 2.0298, 0.0569918, 0.448949, 0.270559, 0, 0, 0, 0, 0, 0, 0, 0, 0, 0, 0, 0, 0, 0
20.33, 2025-06-05__13-49-19.686267, -0.00060594, -0.607967, -0.00987943, -2.7382, -0.0321044, 1.71029, 0.712047, -0.00296705, 0.0127657, -0.00539149, 1.12307, 0.000658792, -0.0021113, 0.000492057, -0.365837, -1.00336, -0.55883, 1.76814, 0.0449287, 0.432743, 0.271395, 0, 0, 0, 0, 0, 0, 0, 0, 0, 0, 0, 0, 0, 0
20.34, 2025-06-05__13-49-19.696298, -0.000632195, -0.607835, -0.00991145, -2.72822, -0.032104, 1.71026, 0.712044, -0.00084099, 0.0160033, -0.00270168, 1.10952, -0.000147666, -0.00124678, -0.00015849, -0.412266, -1.25787, -0.61147, 2.08119, 0.0496909, 0.469959, 0.27423, 0, 0, 0, 0, 0, 0, 0, 0, 0, 0, 0, 0, 0, 0
20.35, 2025-06-05__13-49-19.706267, -0.0006778, -0.607759, -0.00995204, -2.71595, -0.0321069, 1.71029, 0.712044, -0.000233948, 0.00665204, -0.00311362, 1.11383, -0.000656022, -0.00207953, 0.000290045, -0.410456, -1.05071, -0.614451, 1.9219, 0.0497471, 0.454044, 0.272598, 0, 0, 0, 0, 0, 0, 0, 0, 0, 0, 0, 0, 0, 0
20.36, 2025-06-05__13-49-19.716267, -0.0007252, -0.607714, -0.00998572, -2.70594, -0.0321029, 1.71027, 0.712045, -0.000986226, 0.00805885, -0.00594086, 1.11289, 0.000679296, -0.00262171, -0.00903217, -0.375823, -1.12111, -0.57414, 1.96176, 0.0483144, 0.461981, 0.300778, 0, 0, 0, 0, 0, 0, 0, 0, 0, 0, 0, 0, 0, 0
20.37, 2025-06-05__13-49-19.726266, -0.000786752, -0.60767, -0.0100229, -2.69374, -0.0321063, 1.7103, 0.712048, -0.0113447, 0.000776298, -0.000707058, 1.11302, -0.000977881, 0.00495052, 0.000534521, -0.307294, -0.975482, -0.545435, 1.87329, 0.0587642, 0.425397, 0.270729, 0, 0, 0, 0, 0, 0, 0, 0, 0, 0, 0, 0, 0, 0
20.38, 2025-06-05__13-49-19.736266, -0.000836657, -0.607649, -0.0100503, -2.68256, -0.0321083, 1.71027, 0.712045, -0.00416436, 0.00408854, -0.000460403, 1.10195, -0.000435916, -0.0025178, 0.000624395, -0.383218, -1.18955, -0.614672, 2.14602, 0.0555651, 0.487326, 0.271493, 0, 0, 0, 0, 0, 0, 0, 0, 0, 0, 0, 0, 0, 0
20.39, 2025-06-05__13-49-19.746268, -0.000895693, -0.607638, -0.0100845, -2.67254, -0.0321049, 1.71027, 0.712047, -0.00901812, -0.000421618, -0.00724427, 1.11183, 0.000153979, 0.00876359, 0.000994529, -0.261633, -0.996329, -0.480658, 1.87871, 0.0583683, 0.415399, 0.268847, 0, 0, 0, 0, 0, 0, 0, 0, 0, 0, 0, 0, 0, 0
20.4, 2025-06-05__13-49-19.756268, -0.000951892, -0.607642, -0.0101076, -2.66022, -0.0321069, 1.71028, 0.712048, -0.00496691, 0.000107952, -0.00555791, 1.12005, -0.000110926, -0.00106022, 0.000950277, -0.311507, -0.942972, -0.534113, 1.75164, 0.0520819, 0.431753, 0.2693, 0, 0, 0, 0, 0, 0, 0, 0, 0, 0, 0, 0, 0, 0
20.41, 2025-06-05__13-49-19.766284, -0.00101634, -0.607612, -0.0101415, -2.64912, -0.0321032, 1.71024, 0.712047, -0.00668157, 0.00200919, -0.00488144, 1.11171, 0.000452854, -0.00273771, 0.00023844, -0.293398, -1.09996, -0.523168, 1.94281, 0.0546428, 0.464298, 0.271623, 0, 0, 0, 0, 0, 0, 0, 0, 0, 0, 0, 0, 0, 0
20.42, 2025-06-05__13-49-19.776281, -0.00107202, -0.607648, -0.0101597, -2.6391, -0.0321061, 1.71028, 0.712046, -0.00744325, -0.00145186, -0.00205898, 1.12439, 0.000118509, 0.000640744, -0.0010092, -0.303918, -0.878918, -0.550155, 1.64668, 0.0501939, 0.412634, 0.275138, 0, 0, 0, 0, 0, 0, 0, 0, 0, 0, 0, 0, 0, 0
20.43, 2025-06-05__13-49-19.786281, -0.00115483, -0.607611, -0.0101864, -2.62792, -0.0321042, 1.71024, 0.712046, -0.0110804, 0.00674565, -0.00514808, 1.10608, 0.00114561, -0.0131431, -1.35372e-05, -0.227289, -1.31325, -0.466247, 2.12885, 0.0592494, 0.52378, 0.272391, 0, 0, 0, 0, 0, 0, 0, 0, 0, 0, 0, 0, 0, 0
20.44, 2025-06-05__13-49-19.796280, -0.00124283, -0.607645, -0.0101967, -2.61567, -0.0321035, 1.71029, 0.712044, -0.00926781, -0.00495952, -0.00225693, 1.117, 0.000437012, 0.00196131, -0.000878061, -0.263351, -0.894779, -0.520955, 1.74722, 0.0546825, 0.423582, 0.274584, 0, 0, 0, 0, 0, 0, 0, 0, 0, 0, 0, 0, 0, 0
20.45, 2025-06-05__13-49-19.806271, -0.0013364, -0.607614, -0.010211, -2.60441, -0.032104, 1.71026, 0.712048, -0.00799821, 0.0057062, -0.00142462, 1.112, 0.000401978, -0.00314857, 0.00014705, -0.275106, -1.24431, -0.535182, 1.98033, 0.0561034, 0.467203, 0.271745, 0, 0, 0, 0, 0, 0, 0, 0, 0, 0, 0, 0, 0, 0
20.46, 2025-06-05__13-49-19.816271, -0.00141585, -0.607601, -0.010229, -2.59441, -0.032101, 1.71025, 0.712045, -0.00931879, 0.000124847, 0.00102598, 1.1147, 2.14986e-05, 0.00217527, 0.000362094, -0.27432, -1.08678, -0.551509, 1.85637, 0.0561513, 0.435604, 0.270972, 0, 0, 0, 0, 0, 0, 0, 0, 0, 0, 0, 0, 0, 0
20.47, 2025-06-05__13-49-19.826271, -0.00150308, -0.607625, -0.0102397, -2.58318, -0.0321028, 1.71026, 0.712045, -0.00844109, 0.000308362, 0.000301949, 1.12015, -0.000614873, -0.00418043, -0.00731227, -0.265188, -1.04167, -0.543212, 1.76594, 0.0569977, 0.445732, 0.294425, 0, 0, 0, 0, 0, 0, 0, 0, 0, 0, 0, 0, 0, 0
20.48, 2025-06-05__13-49-19.836268, -0.00161792, -0.607588, -0.0102545, -2.5709, -0.0320973, 1.71022, 0.712051, -0.00906301, 0.000213955, -0.00125828, 1.1184, 0.000234602, 0.0013111, -0.000153386, -0.226737, -1.08282, -0.502478, 1.79128, 0.0571304, 0.431794, 0.271891, 0, 0, 0, 0, 0, 0, 0, 0, 0, 0, 0, 0, 0, 0
20.49, 2025-06-05__13-49-19.846269, -0.00171716, -0.607623, -0.0102533, -2.55969, -0.032104, 1.71027, 0.712045, -0.00767615, -0.00399515, -0.000224581, 1.13692, -0.000546932, 0.000920156, -0.00700489, -0.237661, -0.758205, -0.523054, 1.37945, 0.0520046, 0.378415, 0.292742, 0, 0, 0, 0, 0, 0, 0, 0, 0, 0, 0, 0, 0, 0
20.5, 2025-06-05__13-49-19.856284, -0.00181837, -0.607581, -0.0102646, -2.54853, -0.0320924, 1.71021, 0.712045, -0.00862416, 0.00207238, 0.000349142, 1.10376, 0.00134928, -0.00998678, -0.000376446, -0.227995, -1.34182, -0.519676, 2.12746, 0.0585908, 0.516062, 0.273378, 0, 0, 0, 0, 0, 0, 0, 0, 0, 0, 0, 0, 0, 0
20.51, 2025-06-05__13-49-19.866281, -0.00190856, -0.607615, -0.0102632, -2.53852, -0.0321006, 1.71027, 0.712047, -0.00829192, -0.000419051, -0.000205325, 1.1237, -0.000123288, 0.00326874, 0.000817332, -0.2105, -1.03022, -0.504543, 1.67124, 0.0574322, 0.406756, 0.268817, 0, 0, 0, 0, 0, 0, 0, 0, 0, 0, 0, 0, 0, 0
20.52, 2025-06-05__13-49-19.876269, -0.00200654, -0.607602, -0.0102723, -2.52727, -0.0320985, 1.71025, 0.712051, -0.00892624, 0.00300109, -0.00128346, 1.12059, 0.00117552, -0.00204729, 0.000771895, -0.178885, -1.18167, -0.469931, 1.78823, 0.0566235, 0.440095, 0.268764, 0, 0, 0, 0, 0, 0, 0, 0, 0, 0, 0, 0, 0, 0
20.53, 2025-06-05__13-49-19.886269, -0.00211661, -0.607602, -0.010284, -2.51501, -0.0320919, 1.71026, 0.712042, -0.00817374, -0.00863982, 0.000152279, 1.11274, -0.000614353, 0.00760762, -0.000566787, -0.189202, -0.965363, -0.496444, 1.77547, 0.0640727, 0.412046, 0.273175, 0, 0, 0, 0, 0, 0, 0, 0, 0, 0, 0, 0, 0, 0
20.54, 2025-06-05__13-49-19.896269, -0.00219662, -0.607616, -0.0102908, -2.50486, -0.032096, 1.71026, 0.712047, -0.00662081, 0.00216166, -0.00391663, 1.12352, 0.000248144, -0.000662989, -8.53071e-05, -0.147814, -1.14532, -0.431858, 1.71636, 0.0606196, 0.425956, 0.271305, 0, 0, 0, 0, 0, 0, 0, 0, 0, 0, 0, 0, 0, 0
20.55, 2025-06-05__13-49-19.906267, -0.00227968, -0.607576, -0.0103052, -2.49374, -0.0320873, 1.7102, 0.712047, -0.00907691, -0.000267775, -0.00248357, 1.10854, 0.0044788, -0.0052854, 0.000450723, -0.130277, -1.29916, -0.426542, 1.99623, 0.0530452, 0.484903, 0.26975, 0, 0, 0, 0, 0, 0, 0, 0, 0, 0, 0, 0, 0, 0
20.56, 2025-06-05__13-49-19.916268, -0.00237063, -0.607623, -0.0103031, -2.48144, -0.0320913, 1.71026, 0.712044, -0.010532, -0.00334828, -0.00217105, 1.12988, 0.00045482, 0.000484862, -6.16189e-05, -0.0974207, -0.93415, -0.399758, 1.52088, 0.060575, 0.400272, 0.270836, 0, 0, 0, 0, 0, 0, 0, 0, 0, 0, 0, 0, 0, 0
20.57, 2025-06-05__13-49-19.926267, -0.00243676, -0.607569, -0.0103125, -2.47025, -0.0320844, 1.71018, 0.712044, -0.00828872, 0.00674117, -0.00220161, 1.11777, 0.00121055, -0.0103916, -0.00123761, -0.117476, -1.42103, -0.418438, 1.92466, 0.0615707, 0.488532, 0.275201, 0, 0, 0, 0, 0, 0, 0, 0, 0, 0, 0, 0, 0, 0
20.58, 2025-06-05__13-49-19.936268, -0.00249105, -0.607615, -0.0103072, -2.46021, -0.0320895, 1.71026, 0.712046, -0.00306826, -0.00401226, 0.000416657, 1.11854, -0.000177165, 0.00807422, 0.000820148, -0.206386, -1.07896, -0.531725, 1.71571, 0.0587248, 0.398941, 0.268717, 0, 0, 0, 0, 0, 0, 0, 0, 0, 0, 0, 0, 0, 0
20.59, 2025-06-05__13-49-19.946268, -0.00254042, -0.607605, -0.0103237, -2.44893, -0.0320868, 1.71024, 0.712046, -1.23655e-05, 0.0078565, -0.000175422, 1.10654, 0.000336238, -0.00703353, 0.00129976, -0.230997, -1.61253, -0.551862, 2.14389, 0.0602798, 0.501067, 0.268137, 0, 0, 0, 0, 0, 0, 0, 0, 0, 0, 0, 0, 0, 0
20.6, 2025-06-05__13-49-19.956266, -0.00258057, -0.607607, -0.0103294, -2.43669, -0.0320854, 1.71023, 0.712049, -0.00375783, -0.00505506, 0.00307759, 1.11353, 0.000173081, 0.00874318, 0.000464131, -0.221796, -1.14243, -0.570086, 1.7999, 0.0579546, 0.410075, 0.269816, 0, 0, 0, 0, 0, 0, 0, 0, 0, 0, 0, 0, 0, 0
20.61, 2025-06-05__13-49-19.966270, -0.00261381, -0.607632, -0.0103499, -2.42541, -0.0320835, 1.71025, 0.712044, -0.00534388, -0.00017544, -0.00305728, 1.12633, -0.000399962, 0.00127038, -0.00108843, -0.118515, -1.12886, -0.428542, 1.62907, 0.0628155, 0.4098, 0.274222, 0, 0, 0, 0, 0, 0, 0, 0, 0, 0, 0, 0, 0, 0
20.62, 2025-06-05__13-49-19.976270, -0.00264297, -0.607592, -0.0103571, -2.41537, -0.0320775, 1.71017, 0.712051, -0.00348856, 0.00196816, -0.00262879, 1.11444, -0.000137973, -0.00551596, -0.000388333, -0.145681, -1.39026, -0.461063, 1.91711, 0.0641789, 0.474195, 0.272356, 0, 0, 0, 0, 0, 0, 0, 0, 0, 0, 0, 0, 0, 0
20.63, 2025-06-05__13-49-19.986268, -0.00266855, -0.607655, -0.0103583, -2.40414, -0.0320838, 1.71024, 0.71205, -0.000192902, -0.00167883, -0.000586314, 1.13683, -0.000202009, 0.00129811, 0.0017216, -0.206653, -0.955126, -0.541303, 1.40396, 0.0506889, 0.380711, 0.265524, 0, 0, 0, 0, 0, 0, 0, 0, 0, 0, 0, 0, 0, 0
20.64, 2025-06-05__13-49-19.996270, -0.00268966, -0.607618, -0.0103734, -2.39293, -0.0320735, 1.71017, 0.712048, -0.00168636, 0.00252709, -0.00137709, 1.11246, 0.00122797, -0.0130755, 0.000100776, -0.181544, -1.46144, -0.511986, 1.97927, 0.0570853, 0.508839, 0.27131, 0, 0, 0, 0, 0, 0, 0, 0, 0, 0, 0, 0, 0, 0
20.65, 2025-06-05__13-49-20.006267, -0.00271744, -0.607662, -0.0103782, -2.38066, -0.0320785, 1.71023, 0.71205, -0.00540311, -0.00318232, -0.000350539, 1.11382, -0.000634142, 0.00383117, -0.000274503, -0.147229, -1.24569, -0.489155, 1.81941, 0.0654045, 0.429904, 0.271784, 0, 0, 0, 0, 0, 0, 0, 0, 0, 0, 0, 0, 0, 0
20.66, 2025-06-05__13-49-20.016269, -0.00272992, -0.60765, -0.0103955, -2.36941, -0.0320771, 1.7102, 0.712048, -0.0025233, 0.00312982, 9.97388e-05, 1.10912, 0.00141387, -0.00840019, 0.00290221, -0.188736, -1.54149, -0.535592, 2.03434, 0.0572995, 0.497677, 0.262733, 0, 0, 0, 0, 0, 0, 0, 0, 0, 0, 0, 0, 0, 0
20.67, 2025-06-05__13-49-20.026267, -0.00274762, -0.607654, -0.0104027, -2.35938, -0.032071, 1.71022, 0.712045, -0.00073849, -0.00470561, 0.00220476, 1.11817, -0.000725219, 0.00947732, -0.000714775, -0.235059, -1.16152, -0.604697, 1.70266, 0.0565214, 0.395293, 0.273544, 0, 0, 0, 0, 0, 0, 0, 0, 0, 0, 0, 0, 0, 0
20.68, 2025-06-05__13-49-20.036266, -0.00276209, -0.607716, -0.010415, -2.34808, -0.0320746, 1.71024, 0.712046, -0.000880702, -0.00236977, -0.00680194, 1.12734, -5.84492e-05, -0.00323518, 0.00115523, -0.112777, -1.10359, -0.419938, 1.57497, 0.0599662, 0.422114, 0.267206, 0, 0, 0, 0, 0, 0, 0, 0, 0, 0, 0, 0, 0, 0
20.69, 2025-06-05__13-49-20.046269, -0.00277723, -0.607659, -0.0104359, -2.33584, -0.0320604, 1.71017, 0.712048, 0.00246947, 0.00192233, -0.00473403, 1.11505, -0.000198542, 0.0055409, 0.000215975, -0.180616, -1.45201, -0.506456, 1.8684, 0.06012, 0.428832, 0.270491, 0, 0, 0, 0, 0, 0, 0, 0, 0, 0, 0, 0, 0, 0
20.7, 2025-06-05__13-49-20.056267, -0.0027903, -0.607736, -0.0104315, -2.32458, -0.0320645, 1.71023, 0.712052, 0.000150522, -0.00842663, -0.00328313, 1.13718, 0.000663544, 0.00396623, 0.000989799, -0.170176, -0.767808, -0.511984, 1.27376, 0.0477881, 0.362152, 0.267199, 0, 0, 0, 0, 0, 0, 0, 0, 0, 0, 0, 0, 0, 0
20.71, 2025-06-05__13-49-20.066282, -0.00280176, -0.607691, -0.0104532, -2.31342, -0.032057, 1.71012, 0.712051, -0.000949449, 0.00623947, -0.00148836, 1.11468, 0.00173335, -0.0078707, -0.000130462, -0.182699, -1.62894, -0.533977, 1.9704, 0.0536017, 0.488994, 0.271722, 0, 0, 0, 0, 0, 0, 0, 0, 0, 0, 0, 0, 0, 0
20.72, 2025-06-05__13-49-20.076282, -0.00281085, -0.607738, -0.0104584, -2.30336, -0.03206, 1.71022, 0.712044, -0.000153235, -0.0107326, -0.00083739, 1.12277, -0.000294045, 0.00312976, 0.000101716, -0.199488, -0.924984, -0.567256, 1.51839, 0.0534494, 0.400499, 0.270781, 0, 0, 0, 0, 0, 0, 0, 0, 0, 0, 0, 0, 0, 0
20.73, 2025-06-05__13-49-20.086281, -0.00282377, -0.607736, -0.0104761, -2.29094, -0.0320593, 1.71016, 0.712048, 0.00106624, 0.00998588, -0.000209844, 1.11467, 0.00038932, -0.0177067, 0.000120065, -0.22164, -1.77693, -0.590331, 2.04529, 0.0550705, 0.528194, 0.271606, 0, 0, 0, 0, 0, 0, 0, 0, 0, 0, 0, 0, 0, 0
20.74, 2025-06-05__13-49-20.096283, -0.00284285, -0.607748, -0.010496, -2.27983, -0.0320545, 1.71019, 0.712049, -0.00270786, -0.000868741, 0.000390516, 1.11773, -0.000911764, 0.00902125, 0.00124933, -0.179681, -1.34577, -0.555359, 1.74793, 0.0602229, 0.402764, 0.267141, 0, 0, 0, 0, 0, 0, 0, 0, 0, 0, 0, 0, 0, 0
20.75, 2025-06-05__13-49-20.106283, -0.00285067, -0.60782, -0.0105133, -2.26965, -0.0320536, 1.71022, 0.71205, -0.00137275, -0.00593054, -0.00450179, 1.12021, -0.000677359, 0.0123683, 0.00131756, -0.127759, -1.10859, -0.469756, 1.59394, 0.0615168, 0.375247, 0.266367, 0, 0, 0, 0, 0, 0, 0, 0, 0, 0, 0, 0, 0, 0
20.76, 2025-06-05__13-49-20.116281, -0.00285632, -0.607753, -0.010542, -2.2574, -0.0320406, 1.71014, 0.712046, -0.00404451, -0.00259613, -0.00257597, 1.11574, 0.000261636, 0.00661859, 0.000296908, -0.119909, -1.34838, -0.473408, 1.76498, 0.0606687, 0.418668, 0.269917, 0, 0, 0, 0, 0, 0, 0, 0, 0, 0, 0, 0, 0, 0
20.77, 2025-06-05__13-49-20.126279, -0.00286358, -0.607841, -0.0105559, -2.24609, -0.0320474, 1.71021, 0.712046, -0.00210886, -0.00960249, -0.00197248, 1.14536, -0.000351199, 0.00444785, -0.000606217, -0.145198, -0.604748, -0.510418, 1.06436, 0.0477182, 0.336683, 0.272068, 0, 0, 0, 0, 0, 0, 0, 0, 0, 0, 0, 0, 0, 0
20.78, 2025-06-05__13-49-20.136281, -0.00286006, -0.607775, -0.0105886, -2.23492, -0.0320314, 1.71009, 0.712054, -0.000372869, -0.000996846, -0.00285674, 1.10887, 0.00249402, -0.0077428, 0.0022265, -0.159824, -1.54871, -0.519307, 1.95646, 0.0516145, 0.496556, 0.264193, 0, 0, 0, 0, 0, 0, 0, 0, 0, 0, 0, 0, 0, 0
20.79, 2025-06-05__13-49-20.146283, -0.00287701, -0.607823, -0.0105902, -2.22487, -0.0320335, 1.71018, 0.712046, -0.00105721, -0.00273534, 0.00497601, 1.12517, -7.81438e-05, 0.00601224, -0.000855225, -0.255215, -1.19287, -0.686621, 1.56561, 0.0460757, 0.391939, 0.273868, 0, 0, 0, 0, 0, 0, 0, 0, 0, 0, 0, 0, 0, 0
20.8, 2025-06-05__13-49-20.156281, -0.00288124, -0.60783, -0.0106247, -2.21247, -0.0320359, 1.71012, 0.71205, -0.000608327, 0.00718648, -0.0024319, 1.11362, -3.68401e-05, -0.0134661, -0.000673267, -0.154298, -1.77341, -0.517538, 1.9998, 0.0599868, 0.513331, 0.273506, 0, 0, 0, 0, 0, 0, 0, 0, 0, 0, 0, 0, 0, 0
20.81, 2025-06-05__13-49-20.166281, -0.00288476, -0.607836, -0.0106398, -2.20131, -0.0320237, 1.71017, 0.712049, 0.000477549, -0.0024389, 0.000282037, 1.12244, -0.000475357, 0.0145064, 0.000599634, -0.204486, -1.26011, -0.601602, 1.59676, 0.0519538, 0.366983, 0.268915, 0, 0, 0, 0, 0, 0, 0, 0, 0, 0, 0, 0, 0, 0
20.82, 2025-06-05__13-49-20.176280, -0.00289899, -0.60789, -0.0106635, -2.18996, -0.0320292, 1.71019, 0.712046, -0.00186452, -0.000357753, -0.00194433, 1.12631, -0.000383421, -0.00325477, -0.000855879, -0.139172, -1.27681, -0.511059, 1.5872, 0.0555299, 0.426806, 0.27354, 0, 0, 0, 0, 0, 0, 0, 0, 0, 0, 0, 0, 0, 0
20.83, 2025-06-05__13-49-20.186281, -0.00289844, -0.607855, -0.0106915, -2.17995, -0.0320117, 1.71011, 0.712044, -0.0016321, 0.00104391, -0.00214365, 1.11232, 0.000624483, 0.00450702, 0.00014647, -0.140269, -1.58808, -0.512195, 1.87219, 0.0571262, 0.439883, 0.270695, 0, 0, 0, 0, 0, 0, 0, 0, 0, 0, 0, 0, 0, 0
20.84, 2025-06-05__13-49-20.196283, -0.00291425, -0.607942, -0.0107115, -2.16753, -0.0320132, 1.71019, 0.71205, -0.00408786, -0.00670342, -0.00511948, 1.14338, 0.00082478, 0.00372726, 0.00120583, -0.0601802, -0.740775, -0.400931, 1.11619, 0.0490528, 0.347143, 0.265975, 0, 0, 0, 0, 0, 0, 0, 0, 0, 0, 0, 0, 0, 0
20.85, 2025-06-05__13-49-20.206283, -0.00291046, -0.607887, -0.0107396, -2.15636, -0.0320002, 1.71008, 0.712053, -0.000683525, 0.00673297, -0.0015948, 1.11274, 0.00181007, -0.00171111, 0.000973537, -0.153761, -1.81564, -0.533218, 1.97084, 0.0519356, 0.471131, 0.267965, 0, 0, 0, 0, 0, 0, 0, 0, 0, 0, 0, 0, 0, 0
20.86, 2025-06-05__13-49-20.216281, -0.00292462, -0.607962, -0.0107528, -2.14512, -0.0319996, 1.71018, 0.712053, -0.00348378, -0.00804422, -0.00120598, 1.13578, -6.48618e-05, 0.00706333, 0.000911396, -0.118538, -0.820953, -0.502924, 1.22491, 0.0487272, 0.351755, 0.267128, 0, 0, 0, 0, 0, 0, 0, 0, 0, 0, 0, 0, 0, 0
20.87, 2025-06-05__13-49-20.226282, -0.00292043, -0.607958, -0.0107875, -2.13383, -0.0319944, 1.7101, 0.712051, 0.00459973, 0.00260313, -0.00228704, 1.11477, 0.00156567, -0.0146883, 0.000114176, -0.199068, -1.63431, -0.587199, 1.87637, 0.0459171, 0.508679, 0.271018, 0, 0, 0, 0, 0, 0, 0, 0, 0, 0, 0, 0, 0, 0
20.88, 2025-06-05__13-49-20.236281, -0.00293479, -0.607973, -0.0108151, -2.12269, -0.0319887, 1.71015, 0.712053, 8.25755e-05, -0.00395093, -0.00111774, 1.12378, 0.000864972, 0.00205335, 0.000748511, -0.155211, -1.20789, -0.547959, 1.53714, 0.0469854, 0.408739, 0.268165, 0, 0, 0, 0, 0, 0, 0, 0, 0, 0, 0, 0, 0, 0
20.89, 2025-06-05__13-49-20.246281, -0.00293906, -0.608035, -0.0108529, -2.11136, -0.0319934, 1.71018, 0.712046, 0.00153776, -0.000180298, -0.0062902, 1.12457, -0.000992278, -0.00242196, 0.000192099, -0.0906241, -1.32381, -0.429752, 1.58181, 0.0590847, 0.426398, 0.270107, 0, 0, 0, 0, 0, 0, 0, 0, 0, 0, 0, 0, 0, 0
20.9, 2025-06-05__13-49-20.256283, -0.0029455, -0.608015, -0.0108868, -2.10132, -0.0319737, 1.7101, 0.712049, -0.00176748, 0.00196155, -0.00751719, 1.1148, 0.00466419, 0.010626, -0.00121362, -0.0368781, -1.59162, -0.354951, 1.7803, 0.0489088, 0.409277, 0.273723, 0, 0, 0, 0, 0, 0, 0, 0, 0, 0, 0, 0, 0, 0
20.91, 2025-06-05__13-49-20.266281, -0.00296398, -0.608106, -0.0108937, -2.08886, -0.0319798, 1.7102, 0.712049, -0.00161205, -0.00905365, 0.000285773, 1.14747, 0.000633029, 0.00572462, -0.000250639, -0.137913, -0.527502, -0.544811, 0.936241, 0.0373919, 0.32052, 0.270627, 0, 0, 0, 0, 0, 0, 0, 0, 0, 0, 0, 0, 0, 0
20.92, 2025-06-05__13-49-20.276282, -0.00294369, -0.608039, -0.0109311, -2.07879, -0.0319657, 1.71006, 0.712054, 0.00111846, 0.00315765, -0.00593411, 1.11294, 0.00119844, -0.0107109, 0.000813277, -0.084149, -1.71897, -0.42566, 1.89029, 0.0556493, 0.500154, 0.268222, 0, 0, 0, 0, 0, 0, 0, 0, 0, 0, 0, 0, 0, 0
20.93, 2025-06-05__13-49-20.286281, -0.00295474, -0.608125, -0.0109579, -2.06646, -0.0319619, 1.71015, 0.712053, -0.00134195, -0.00991711, -0.00428986, 1.13027, 4.59849e-05, 0.00313349, 0.000440517, -0.0710071, -0.817482, -0.428818, 1.25081, 0.0502559, 0.376653, 0.268487, 0, 0, 0, 0, 0, 0, 0, 0, 0, 0, 0, 0, 0, 0
20.94, 2025-06-05__13-49-20.296283, -0.00296151, -0.608114, -0.0109743, -2.05632, -0.0319613, 1.7101, 0.712051, -0.00024086, 0.00221921, -0.00155076, 1.11937, 0.000560785, -0.015352, 0.00152569, -0.121047, -1.55183, -0.50947, 1.73907, 0.0506718, 0.496028, 0.266323, 0, 0, 0, 0, 0, 0, 0, 0, 0, 0, 0, 0, 0, 0
20.95, 2025-06-05__13-49-20.306273, -0.00296987, -0.60813, -0.0109965, -2.04513, -0.0319491, 1.71014, 0.712049, -0.00350617, -0.00545901, 0.00335525, 1.12034, -0.000817577, 0.0117797, -0.000314192, -0.149021, -1.18418, -0.58963, 1.50019, 0.0502798, 0.374318, 0.271513, 0, 0, 0, 0, 0, 0, 0, 0, 0, 0, 0, 0, 0, 0
20.96, 2025-06-05__13-49-20.316268, -0.00297017, -0.608174, -0.0110127, -2.03378, -0.0319543, 1.71017, 0.712052, -0.00180031, 0.0110456, -0.000425821, 1.12578, -0.000702996, -0.00993845, -6.75806e-05, -0.112322, -1.77592, -0.509281, 1.74916, 0.0548924, 0.465281, 0.271051, 0, 0, 0, 0, 0, 0, 0, 0, 0, 0, 0, 0, 0, 0
20.97, 2025-06-05__13-49-20.326269, -0.00296655, -0.608147, -0.0110339, -2.02154, -0.0319324, 1.7101, 0.712054, 8.9588e-05, -0.00347463, 0.00373732, 1.11803, 0.00552577, 0.00366448, 0.000716717, -0.198627, -1.3341, -0.660347, 1.59525, 0.0244952, 0.416295, 0.268237, 0, 0, 0, 0, 0, 0, 0, 0, 0, 0, 0, 0, 0, 0
20.98, 2025-06-05__13-49-20.336268, -0.00297609, -0.608233, -0.0110546, -2.01019, -0.0319345, 1.71019, 0.71205, -0.000662706, -0.00558126, -0.00203683, 1.14346, -0.000121635, 0.00487392, -7.54438e-05, -0.096179, -0.712919, -0.486353, 1.03132, 0.0417463, 0.335935, 0.270036, 0, 0, 0, 0, 0, 0, 0, 0, 0, 0, 0, 0, 0, 0
20.99, 2025-06-05__13-49-20.346270, -0.00297846, -0.608163, -0.0110829, -1.99905, -0.0319164, 1.71007, 0.712053, -0.00253042, 0.00173519, -0.00471592, 1.11722, 0.0054597, 3.46747e-05, 0.00281746, -0.0424959, -1.59309, -0.39376, 1.71377, 0.0396153, 0.442195, 0.261379, 0, 0, 0, 0, 0, 0, 0, 0, 0, 0, 0, 0, 0, 0
21, 2025-06-05__13-49-20.356267, -0.0029849, -0.608253, -0.0110838, -1.9878, -0.031924, 1.71017, 0.712054, -0.000506786, -0.00816801, -4.06211e-05, 1.12478, -0.000264028, 0.00739632, 0.000268461, -0.124404, -0.967748, -0.546483, 1.32628, 0.044974, 0.370914, 0.269263, 0, 0, 0, 0, 0, 0, 0, 0, 0, 0, 0, 0, 0, 0
21.01, 2025-06-05__13-49-20.366270, -0.00297263, -0.608201, -0.0111063, -1.97653, -0.0319167, 1.71006, 0.712052, 0.00143478, 0.00808533, -0.00293444, 1.10683, 0.0023727, -0.0206222, -0.0056078, -0.108165, -2.10635, -0.495298, 2.08446, 0.0488344, 0.558303, 0.288424, 0, 0, 0, 0, 0, 0, 0, 0, 0, 0, 0, 0, 0, 0
21.02, 2025-06-05__13-49-20.376270, -0.00297995, -0.608259, -0.011113, -1.96537, -0.0319117, 1.71014, 0.712049, -0.00101232, -0.00669172, 0.000916131, 1.12704, -0.000618237, 0.00575786, -0.00141805, -0.129851, -1.00324, -0.567264, 1.31135, 0.0439902, 0.374744, 0.274725, 0, 0, 0, 0, 0, 0, 0, 0, 0, 0, 0, 0, 0, 0
21.03, 2025-06-05__13-49-20.386268, -0.00298597, -0.608305, -0.0111224, -1.95515, -0.0319113, 1.71016, 0.712057, 0.000970221, 0.00214013, -0.000758983, 1.11955, -0.000716461, -0.00721125, -0.0072409, -0.127002, -1.53751, -0.549283, 1.6512, 0.0497065, 0.455785, 0.29273, 0, 0, 0, 0, 0, 0, 0, 0, 0, 0, 0, 0, 0, 0
21.04, 2025-06-05__13-49-20.396267, -0.00298492, -0.608266, -0.0111541, -1.944, -0.031894, 1.7101, 0.712052, -0.00516852, -0.00254644, -0.00432317, 1.12147, -0.000895003, 0.00523944, -0.000473801, -0.00772824, -1.31459, -0.364932, 1.49859, 0.0588025, 0.400016, 0.271437, 0, 0, 0, 0, 0, 0, 0, 0, 0, 0, 0, 0, 0, 0
21.05, 2025-06-05__13-49-20.406268, -0.00299146, -0.608347, -0.0111664, -1.93153, -0.0318984, 1.71019, 0.712049, 0.000220304, -0.00702939, -0.00160116, 1.14514, -0.000270762, 0.0108769, -0.00036075, -0.0988475, -0.578117, -0.51301, 0.905592, 0.03694, 0.301983, 0.270776, 0, 0, 0, 0, 0, 0, 0, 0, 0, 0, 0, 0, 0, 0
21.06, 2025-06-05__13-49-20.416267, -0.00298604, -0.608303, -0.0111827, -1.92034, -0.0318791, 1.71007, 0.712053, -0.00080888, 0.000906749, -0.00107941, 1.12007, 0.00113938, 0.00304719, -0.000626796, -0.0981325, -1.49877, -0.516419, 1.58964, 0.0433976, 0.417698, 0.272244, 0, 0, 0, 0, 0, 0, 0, 0, 0, 0, 0, 0, 0, 0
21.07, 2025-06-05__13-49-20.426269, -0.00299238, -0.608369, -0.0111888, -1.9091, -0.0318834, 1.71018, 0.712053, 0.00377127, -0.00788334, -0.00110192, 1.12817, 0.000204046, 0.0132634, -0.000371546, -0.142879, -0.885955, -0.583262, 1.1984, 0.0359114, 0.334729, 0.271068, 0, 0, 0, 0, 0, 0, 0, 0, 0, 0, 0, 0, 0, 0
21.08, 2025-06-05__13-49-20.436266, -0.00297428, -0.608324, -0.0112006, -1.89785, -0.0318757, 1.71006, 0.712056, 0.00486847, 0.00963707, 0.000340763, 1.11046, 0.00265652, -0.025938, 0.000469219, -0.177534, -2.15159, -0.637631, 2.02607, 0.0353802, 0.568897, 0.269963, 0, 0, 0, 0, 0, 0, 0, 0, 0, 0, 0, 0, 0, 0
21.09, 2025-06-05__13-49-20.446268, -0.0029872, -0.608392, -0.0112232, -1.88664, -0.0318737, 1.71015, 0.712053, 0.00545693, -0.00889967, -0.00190922, 1.13067, -0.00141911, 0.00624884, -0.000159452, -0.142566, -0.799799, -0.580895, 1.13606, 0.0384594, 0.354538, 0.270582, 0, 0, 0, 0, 0, 0, 0, 0, 0, 0, 0, 0, 0, 0
21.1, 2025-06-05__13-49-20.456267, -0.00299019, -0.608402, -0.011236, -1.87645, -0.0318776, 1.71017, 0.712052, -0.000419578, 0.00170677, -7.4162e-05, 1.11439, -0.00107185, -0.00816697, -0.000281054, -0.106913, -1.65462, -0.549828, 1.70737, 0.0502476, 0.468544, 0.271761, 0, 0, 0, 0, 0, 0, 0, 0, 0, 0, 0, 0, 0, 0
21.11, 2025-06-05__13-49-20.466267, -0.00299703, -0.608376, -0.0112544, -1.86529, -0.0318579, 1.71011, 0.712053, 0.00280201, -0.00137909, -4.81359e-06, 1.11069, -0.000148013, 0.0100584, -0.000305466, -0.138292, -1.5943, -0.597058, 1.67473, 0.0437293, 0.40606, 0.271487, 0, 0, 0, 0, 0, 0, 0, 0, 0, 0, 0, 0, 0, 0
21.12, 2025-06-05__13-49-20.476267, -0.00299665, -0.608465, -0.0112655, -1.85284, -0.0318583, 1.71018, 0.712053, 0.00121074, -0.000884567, -0.000409547, 1.12614, -6.31355e-05, 0.00459803, 0.000612024, -0.114308, -1.24207, -0.565282, 1.36761, 0.0391044, 0.381659, 0.26834, 0, 0, 0, 0, 0, 0, 0, 0, 0, 0, 0, 0, 0, 0
21.13, 2025-06-05__13-49-20.486269, -0.00298005, -0.608424, -0.011275, -1.84501, -0.0318468, 1.71006, 0.712057, 0.00133583, 0.00139781, -0.00126508, 1.11464, 0.00182446, -0.0116095, 0.000725338, -0.107827, -1.66509, -0.548679, 1.69759, 0.0377924, 0.486427, 0.268372, 0, 0, 0, 0, 0, 0, 0, 0, 0, 0, 0, 0, 0, 0
21.14, 2025-06-05__13-49-20.496270, -0.00298005, -0.608424, -0.011275, -1.84501, -0.0318468, 1.71006, 0.712057, 0.00133583, 0.00139781, -0.00126508, 1.11464, 0.00182446, -0.0116095, 0.000725338, -0.107827, -1.66509, -0.548679, 1.69759, 0.0377924, 0.486427, 0.268372, 0, 0, 0, 0, 0, 0, 0, 0, 0, 0, 0, 0, 0, 0
21.15, 2025-06-05__13-49-20.506270, -0.00298005, -0.608424, -0.011275, -1.84501, -0.0318468, 1.71006, 0.712057, 0.00133583, 0.00139781, -0.00126508, 1.11464, 0.00182446, -0.0116095, 0.000725338, -0.107827, -1.66509, -0.548679, 1.69759, 0.0377924, 0.486427, 0.268372, 0, 0, 0, 0, 0, 0, 0, 0, 0, 0, 0, 0, 0, 0
21.16, 2025-06-05__13-49-20.516270, -0.00298005, -0.608424, -0.011275, -1.84501, -0.0318468, 1.71006, 0.712057, 0.00133583, 0.00139781, -0.00126508, 1.11464, 0.00182446, -0.0116095, 0.000725338, -0.107827, -1.66509, -0.548679, 1.69759, 0.0377924, 0.486427, 0.268372, 0, 0, 0, 0, 0, 0, 0, 0, 0, 0, 0, 0, 0, 0
21.17, 2025-06-05__13-49-20.526269, -0.00298005, -0.608424, -0.011275, -1.84501, -0.0318468, 1.71006, 0.712057, 0.00133583, 0.00139781, -0.00126508, 1.11464, 0.00182446, -0.0116095, 0.000725338, -0.107827, -1.66509, -0.548679, 1.69759, 0.0377924, 0.486427, 0.268372, 0, 0, 0, 0, 0, 0, 0, 0, 0, 0, 0, 0, 0, 0
21.18, 2025-06-05__13-49-20.536269, -0.00298005, -0.608424, -0.011275, -1.84501, -0.0318468, 1.71006, 0.712057, 0.00133583, 0.00139781, -0.00126508, 1.11464, 0.00182446, -0.0116095, 0.000725338, -0.107827, -1.66509, -0.548679, 1.69759, 0.0377924, 0.486427, 0.268372, 0, 0, 0, 0, 0, 0, 0, 0, 0, 0, 0, 0, 0, 0
21.19, 2025-06-05__13-49-20.546269, -0.00298005, -0.608424, -0.011275, -1.84501, -0.0318468, 1.71006, 0.712057, 0.00133583, 0.00139781, -0.00126508, 1.11464, 0.00182446, -0.0116095, 0.000725338, -0.107827, -1.66509, -0.548679, 1.69759, 0.0377924, 0.486427, 0.268372, 0, 0, 0, 0, 0, 0, 0, 0, 0, 0, 0, 0, 0, 0
21.2, 2025-06-05__13-49-20.556270, -0.00298005, -0.608424, -0.011275, -1.84501, -0.0318468, 1.71006, 0.712057, 0.00133583, 0.00139781, -0.00126508, 1.11464, 0.00182446, -0.0116095, 0.000725338, -0.107827, -1.66509, -0.548679, 1.69759, 0.0377924, 0.486427, 0.268372, 0, 0, 0, 0, 0, 0, 0, 0, 0, 0, 0, 0, 0, 0
21.21, 2025-06-05__13-49-20.566270, -0.00298005, -0.608424, -0.011275, -1.84501, -0.0318468, 1.71006, 0.712057, 0.00133583, 0.00139781, -0.00126508, 1.11464, 0.00182446, -0.0116095, 0.000725338, -0.107827, -1.66509, -0.548679, 1.69759, 0.0377924, 0.486427, 0.268372, 0, 0, 0, 0, 0, 0, 0, 0, 0, 0, 0, 0, 0, 0
21.22, 2025-06-05__13-49-20.576267, -0.00298005, -0.608424, -0.011275, -1.84501, -0.0318468, 1.71006, 0.712057, 0.00133583, 0.00139781, -0.00126508, 1.11464, 0.00182446, -0.0116095, 0.000725338, -0.107827, -1.66509, -0.548679, 1.69759, 0.0377924, 0.486427, 0.268372, 0, 0, 0, 0, 0, 0, 0, 0, 0, 0, 0, 0, 0, 0
21.23, 2025-06-05__13-49-20.586268, -0.00298005, -0.608424, -0.011275, -1.84501, -0.0318468, 1.71006, 0.712057, 0.00133583, 0.00139781, -0.00126508, 1.11464, 0.00182446, -0.0116095, 0.000725338, -0.107827, -1.66509, -0.548679, 1.69759, 0.0377924, 0.486427, 0.268372, 0, 0, 0, 0, 0, 0, 0, 0, 0, 0, 0, 0, 0, 0
21.24, 2025-06-05__13-49-20.596270, -0.00298005, -0.608424, -0.011275, -1.84501, -0.0318468, 1.71006, 0.712057, 0.00133583, 0.00139781, -0.00126508, 1.11464, 0.00182446, -0.0116095, 0.000725338, -0.107827, -1.66509, -0.548679, 1.69759, 0.0377924, 0.486427, 0.268372, 0, 0, 0, 0, 0, 0, 0, 0, 0, 0, 0, 0, 0, 0
21.25, 2025-06-05__13-49-20.606271, -0.00298005, -0.608424, -0.011275, -1.84501, -0.0318468, 1.71006, 0.712057, 0.00133583, 0.00139781, -0.00126508, 1.11464, 0.00182446, -0.0116095, 0.000725338, -0.107827, -1.66509, -0.548679, 1.69759, 0.0377924, 0.486427, 0.268372, 0, 0, 0, 0, 0, 0, 0, 0, 0, 0, 0, 0, 0, 0
21.26, 2025-06-05__13-49-20.616267, -0.00298005, -0.608424, -0.011275, -1.84501, -0.0318468, 1.71006, 0.712057, 0.00133583, 0.00139781, -0.00126508, 1.11464, 0.00182446, -0.0116095, 0.000725338, -0.107827, -1.66509, -0.548679, 1.69759, 0.0377924, 0.486427, 0.268372, 0, 0, 0, 0, 0, 0, 0, 0, 0, 0, 0, 0, 0, 0
21.27, 2025-06-05__13-49-20.626269, -0.00298005, -0.608424, -0.011275, -1.84501, -0.0318468, 1.71006, 0.712057, 0.00133583, 0.00139781, -0.00126508, 1.11464, 0.00182446, -0.0116095, 0.000725338, -0.107827, -1.66509, -0.548679, 1.69759, 0.0377924, 0.486427, 0.268372, 0, 0, 0, 0, 0, 0, 0, 0, 0, 0, 0, 0, 0, 0
21.28, 2025-06-05__13-49-20.636268, -0.00298005, -0.608424, -0.011275, -1.84501, -0.0318468, 1.71006, 0.712057, 0.00133583, 0.00139781, -0.00126508, 1.11464, 0.00182446, -0.0116095, 0.000725338, -0.107827, -1.66509, -0.548679, 1.69759, 0.0377924, 0.486427, 0.268372, 0, 0, 0, 0, 0, 0, 0, 0, 0, 0, 0, 0, 0, 0
21.29, 2025-06-05__13-49-20.646270, -0.00298005, -0.608424, -0.011275, -1.84501, -0.0318468, 1.71006, 0.712057, 0.00133583, 0.00139781, -0.00126508, 1.11464, 0.00182446, -0.0116095, 0.000725338, -0.107827, -1.66509, -0.548679, 1.69759, 0.0377924, 0.486427, 0.268372, 0, 0, 0, 0, 0, 0, 0, 0, 0, 0, 0, 0, 0, 0
21.3, 2025-06-05__13-49-20.656270, -0.00298005, -0.608424, -0.011275, -1.84501, -0.0318468, 1.71006, 0.712057, 0.00133583, 0.00139781, -0.00126508, 1.11464, 0.00182446, -0.0116095, 0.000725338, -0.107827, -1.66509, -0.548679, 1.69759, 0.0377924, 0.486427, 0.268372, 0, 0, 0, 0, 0, 0, 0, 0, 0, 0, 0, 0, 0, 0
21.31, 2025-06-05__13-49-20.666267, -0.00298005, -0.608424, -0.011275, -1.84501, -0.0318468, 1.71006, 0.712057, 0.00133583, 0.00139781, -0.00126508, 1.11464, 0.00182446, -0.0116095, 0.000725338, -0.107827, -1.66509, -0.548679, 1.69759, 0.0377924, 0.486427, 0.268372, 0, 0, 0, 0, 0, 0, 0, 0, 0, 0, 0, 0, 0, 0
21.32, 2025-06-05__13-49-20.676270, -0.00298005, -0.608424, -0.011275, -1.84501, -0.0318468, 1.71006, 0.712057, 0.00133583, 0.00139781, -0.00126508, 1.11464, 0.00182446, -0.0116095, 0.000725338, -0.107827, -1.66509, -0.548679, 1.69759, 0.0377924, 0.486427, 0.268372, 0, 0, 0, 0, 0, 0, 0, 0, 0, 0, 0, 0, 0, 0
21.33, 2025-06-05__13-49-20.686267, -0.00298005, -0.608424, -0.011275, -1.84501, -0.0318468, 1.71006, 0.712057, 0.00133583, 0.00139781, -0.00126508, 1.11464, 0.00182446, -0.0116095, 0.000725338, -0.107827, -1.66509, -0.548679, 1.69759, 0.0377924, 0.486427, 0.268372, 0, 0, 0, 0, 0, 0, 0, 0, 0, 0, 0, 0, 0, 0
21.34, 2025-06-05__13-49-20.696268, -0.00298005, -0.608424, -0.011275, -1.84501, -0.0318468, 1.71006, 0.712057, 0.00133583, 0.00139781, -0.00126508, 1.11464, 0.00182446, -0.0116095, 0.000725338, -0.107827, -1.66509, -0.548679, 1.69759, 0.0377924, 0.486427, 0.268372, 0, 0, 0, 0, 0, 0, 0, 0, 0, 0, 0, 0, 0, 0
21.35, 2025-06-05__13-49-20.706269, -0.00298005, -0.608424, -0.011275, -1.84501, -0.0318468, 1.71006, 0.712057, 0.00133583, 0.00139781, -0.00126508, 1.11464, 0.00182446, -0.0116095, 0.000725338, -0.107827, -1.66509, -0.548679, 1.69759, 0.0377924, 0.486427, 0.268372, 0, 0, 0, 0, 0, 0, 0, 0, 0, 0, 0, 0, 0, 0
21.36, 2025-06-05__13-49-20.716268, -0.00298005, -0.608424, -0.011275, -1.84501, -0.0318468, 1.71006, 0.712057, 0.00133583, 0.00139781, -0.00126508, 1.11464, 0.00182446, -0.0116095, 0.000725338, -0.107827, -1.66509, -0.548679, 1.69759, 0.0377924, 0.486427, 0.268372, 0, 0, 0, 0, 0, 0, 0, 0, 0, 0, 0, 0, 0, 0
21.37, 2025-06-05__13-49-20.726267, -0.00298005, -0.608424, -0.011275, -1.84501, -0.0318468, 1.71006, 0.712057, 0.00133583, 0.00139781, -0.00126508, 1.11464, 0.00182446, -0.0116095, 0.000725338, -0.107827, -1.66509, -0.548679, 1.69759, 0.0377924, 0.486427, 0.268372, 0, 0, 0, 0, 0, 0, 0, 0, 0, 0, 0, 0, 0, 0
21.38, 2025-06-05__13-49-20.736269, -0.00298005, -0.608424, -0.011275, -1.84501, -0.0318468, 1.71006, 0.712057, 0.00133583, 0.00139781, -0.00126508, 1.11464, 0.00182446, -0.0116095, 0.000725338, -0.107827, -1.66509, -0.548679, 1.69759, 0.0377924, 0.486427, 0.268372, 0, 0, 0, 0, 0, 0, 0, 0, 0, 0, 0, 0, 0, 0
21.39, 2025-06-05__13-49-20.746268, -0.00298005, -0.608424, -0.011275, -1.84501, -0.0318468, 1.71006, 0.712057, 0.00133583, 0.00139781, -0.00126508, 1.11464, 0.00182446, -0.0116095, 0.000725338, -0.107827, -1.66509, -0.548679, 1.69759, 0.0377924, 0.486427, 0.268372, 0, 0, 0, 0, 0, 0, 0, 0, 0, 0, 0, 0, 0, 0
21.4, 2025-06-05__13-49-20.756270, -0.00298005, -0.608424, -0.011275, -1.84501, -0.0318468, 1.71006, 0.712057, 0.00133583, 0.00139781, -0.00126508, 1.11464, 0.00182446, -0.0116095, 0.000725338, -0.107827, -1.66509, -0.548679, 1.69759, 0.0377924, 0.486427, 0.268372, 0, 0, 0, 0, 0, 0, 0, 0, 0, 0, 0, 0, 0, 0
21.41, 2025-06-05__13-49-20.766271, -0.00298005, -0.608424, -0.011275, -1.84501, -0.0318468, 1.71006, 0.712057, 0.00133583, 0.00139781, -0.00126508, 1.11464, 0.00182446, -0.0116095, 0.000725338, -0.107827, -1.66509, -0.548679, 1.69759, 0.0377924, 0.486427, 0.268372, 0, 0, 0, 0, 0, 0, 0, 0, 0, 0, 0, 0, 0, 0
21.42, 2025-06-05__13-49-20.776268, -0.00298005, -0.608424, -0.011275, -1.84501, -0.0318468, 1.71006, 0.712057, 0.00133583, 0.00139781, -0.00126508, 1.11464, 0.00182446, -0.0116095, 0.000725338, -0.107827, -1.66509, -0.548679, 1.69759, 0.0377924, 0.486427, 0.268372, 0, 0, 0, 0, 0, 0, 0, 0, 0, 0, 0, 0, 0, 0
21.43, 2025-06-05__13-49-20.786270, -0.00298005, -0.608424, -0.011275, -1.84501, -0.0318468, 1.71006, 0.712057, 0.00133583, 0.00139781, -0.00126508, 1.11464, 0.00182446, -0.0116095, 0.000725338, -0.107827, -1.66509, -0.548679, 1.69759, 0.0377924, 0.486427, 0.268372, 0, 0, 0, 0, 0, 0, 0, 0, 0, 0, 0, 0, 0, 0
21.44, 2025-06-05__13-49-20.796270, -0.00298005, -0.608424, -0.011275, -1.84501, -0.0318468, 1.71006, 0.712057, 0.00133583, 0.00139781, -0.00126508, 1.11464, 0.00182446, -0.0116095, 0.000725338, -0.107827, -1.66509, -0.548679, 1.69759, 0.0377924, 0.486427, 0.268372, 0, 0, 0, 0, 0, 0, 0, 0, 0, 0, 0, 0, 0, 0
21.45, 2025-06-05__13-49-20.806270, -0.00298005, -0.608424, -0.011275, -1.84501, -0.0318468, 1.71006, 0.712057, 0.00133583, 0.00139781, -0.00126508, 1.11464, 0.00182446, -0.0116095, 0.000725338, -0.107827, -1.66509, -0.548679, 1.69759, 0.0377924, 0.486427, 0.268372, 0, 0, 0, 0, 0, 0, 0, 0, 0, 0, 0, 0, 0, 0
21.46, 2025-06-05__13-49-20.816275, -0.00298005, -0.608424, -0.011275, -1.84501, -0.0318468, 1.71006, 0.712057, 0.00133583, 0.00139781, -0.00126508, 1.11464, 0.00182446, -0.0116095, 0.000725338, -0.107827, -1.66509, -0.548679, 1.69759, 0.0377924, 0.486427, 0.268372, 0, 0, 0, 0, 0, 0, 0, 0, 0, 0, 0, 0, 0, 0
21.47, 2025-06-05__13-49-20.826269, -0.00298005, -0.608424, -0.011275, -1.84501, -0.0318468, 1.71006, 0.712057, 0.00133583, 0.00139781, -0.00126508, 1.11464, 0.00182446, -0.0116095, 0.000725338, -0.107827, -1.66509, -0.548679, 1.69759, 0.0377924, 0.486427, 0.268372, 0, 0, 0, 0, 0, 0, 0, 0, 0, 0, 0, 0, 0, 0
21.48, 2025-06-05__13-49-20.836270, -0.00298005, -0.608424, -0.011275, -1.84501, -0.0318468, 1.71006, 0.712057, 0.00133583, 0.00139781, -0.00126508, 1.11464, 0.00182446, -0.0116095, 0.000725338, -0.107827, -1.66509, -0.548679, 1.69759, 0.0377924, 0.486427, 0.268372, 0, 0, 0, 0, 0, 0, 0, 0, 0, 0, 0, 0, 0, 0
